"Rk" "G" "Date" "Age" "Tm" "H/A" "Opp" "W/L" "By Amt" "GS" "MP" "TS%" "eFG%" "ORB%" "DRB%" "TRB%" "AST%" "STL%" "BLK%" "TOV%" "USG%" "ORtg" "DRtg" "GmSc" "BPM"
"1" "1" 1996-11-01 19.89 "VAN" "" "POR" "L" -29 1 35.1666666666667 0.481 0.429 6.7 10.3 8.5 10.6 4.5 2 10.7 25.5 95 119 12.8 -0.2
"2" "2" 1996-11-03 19.9 "VAN" "" "GSW" "L" -10 1 31.85 0.333 0.333 8.7 11.3 9.8 16.4 1.6 2.5 12.5 32.1 73 112 5.1 -12.5
"3" "3" 1996-11-05 19.9 "VAN" "@" "CHI" "L" -23 1 30.7 0.463 0.455 9.3 3.6 6.7 7.3 1.7 0 20.2 21.4 83 113 5.2 -4
"4" "4" 1996-11-06 19.91 "VAN" "@" "MIL" "L" -16 1 30.7333333333333 0.45 0.45 0 17.7 7.8 0 0 2.3 16.7 32.7 77 111 4.3 -8.6
"5" "5" 1996-11-08 19.91 "VAN" "@" "CLE" "L" -16 0 29.0666666666667 0.43 0.3 6.6 8.3 7.4 17.4 2 5.7 0 22.3 107 104 9.6 3.5
"6" "6" 1996-11-10 19.92 "VAN" "" "NYK" "L" -19 0 25.25 0.764 0.6 4.2 10.4 6.9 9 0 0 12.2 14.9 143 122 9.7 -0.6
"7" "7" 1996-11-12 19.92 "VAN" "" "LAC" "L" -7 0 30.75 0.2 0.2 15.9 18 17 0 5.7 0 23.1 22.5 49 93 0.5 -15.3
"8" "" 1996-11-14 19.93 "VAN" "" "PHO" "W" 3 NA NA NA NA NA NA NA NA NA NA NA NA NA NA NA NA
"9" "8" 1996-11-15 19.93 "VAN" "@" "UTA" "L" -8 0 14.2666666666667 0.425 0.4 6.6 16.7 11.1 10.7 3.7 0 25.4 25.4 74 108 2.5 -7.4
"10" "9" 1996-11-17 19.94 "VAN" "@" "SEA" "L" -10 0 24 0.508 0.429 9.3 14 11.6 16.7 0 3.6 33.7 22.1 82 104 2.7 -6.9
"11" "10" 1996-11-18 19.94 "VAN" "" "SAC" "L" -1 0 19.3833333333333 0.704 0.6 6.6 5.9 6.2 20.7 6.4 0 19 28.1 123 100 10.9 10.8
"12" "11" 1996-11-20 19.95 "VAN" "" "MIA" "L" -19 0 18.0333333333333 0.17 0 0 12.1 6.8 0 0 4.8 14.5 19.4 32 113 -1.6 -16.7
"13" "12" 1996-11-24 19.96 "VAN" "" "SAS" "W" 5 0 38.1166666666667 0.672 0.667 3.9 22.5 14.8 37.4 1.5 0 6.9 19.9 142 100 20.3 7.5
"14" "13" 1996-11-26 19.96 "VAN" "@" "ATL" "L" -21 0 29.25 0.595 0.417 6.6 15 10.6 13.4 3.5 2.5 15.8 30 110 102 15.1 7.1
"15" "14" 1996-11-27 19.96 "VAN" "@" "DET" "L" -9 1 38.1666666666667 0.144 0.077 2.7 6.6 4.5 12.7 1.6 5.4 17.8 22.3 42 112 -3.1 -15.8
"16" "15" 1996-11-29 19.97 "VAN" "@" "IND" "L" -10 1 38.2 0.484 0.444 5.6 10.8 7.9 0 0 1.9 4.6 26.6 100 119 11 -5.9
"17" "16" 1996-11-30 19.97 "VAN" "@" "PHI" "L" -6 1 31.3833333333333 0.43 0.333 6.9 13.7 9.8 5.1 3.3 0 7.9 18 97 103 7.7 -5.4
"18" "17" 1996-12-04 19.98 "VAN" "" "IND" "L" -47 1 38.8166666666667 0.644 0.625 5.7 9.1 7 27.1 0 4.6 5.1 23.6 128 144 20.7 5.4
"19" "18" 1996-12-06 19.99 "VAN" "@" "SAS" "W" 16 1 32.4833333333333 0.418 0.444 9.4 19.1 15.2 4.2 1.8 0 8.5 17.6 95 103 5.8 -9.4
"20" "19" 1996-12-07 19.99 "VAN" "@" "DAL" "L" -11 1 21.1833333333333 0.446 0.429 12.5 27.7 18.2 0 0 3.6 16.6 25.8 85 105 4.5 -7
"21" "20" 1996-12-09 20 "VAN" "" "CHH" "L" -16 1 37.5 0.47 0.429 3.7 14.4 9.1 16.1 1.5 4.1 11.8 22.5 96 119 10.5 -3
"22" "21" 1996-12-12 20 "VAN" "@" "POR" "L" -21 1 33.45 0.336 0.154 0 18.8 9.2 16.8 0 2.3 10.1 26.8 76 111 3.9 -7.2
"23" "22" 1996-12-13 20.01 "VAN" "" "ORL" "W" 2 1 36.2666666666667 0.421 0.286 11.3 25.2 17.5 13.8 2.9 7.7 10.7 34.2 96 96 15.6 0.7
"24" "23" 1996-12-15 20.01 "VAN" "@" "PHO" "L" -19 1 40.8833333333333 0.615 0.571 8.6 33 20.5 16.8 1.3 0 18 31.8 106 111 20.8 4.5
"25" "24" 1996-12-17 20.02 "VAN" "" "HOU" "W" 1 1 40.25 0.788 0.7 9.5 9.7 9.6 13.5 4.4 0 22.3 22.7 128 112 20.3 3.8
"26" "25" 1996-12-19 20.02 "VAN" "" "DAL" "L" -7 1 39.25 0.463 0.35 12.6 13.7 13.1 4.2 1.5 0 3.9 32.9 115 133 14.9 -11.3
"27" "26" 1996-12-20 20.02 "VAN" "@" "DEN" "L" -15 1 33.3666666666667 0.66 0.667 4.2 15.7 10.1 4.5 1.7 0 13.4 22.8 113 128 11.8 -3.8
"28" "27" 1996-12-22 20.03 "VAN" "" "WSB" "W" 4 1 38.7333333333333 0.573 0.529 8.8 8.6 8.7 5.4 0 3.7 12.5 28.6 110 106 15.8 -0.1
"29" "28" 1996-12-26 20.04 "VAN" "@" "SAC" "L" -23 1 29.85 0.512 0.375 6.8 22.9 15 13.1 1.7 0 9.3 31.9 105 112 14.7 1.6
"30" "29" 1996-12-28 20.05 "VAN" "" "PHO" "L" -5 1 37.7 0.585 0.5 4.2 8.2 6.6 8.7 1.5 5.9 10 26.6 113 119 16.9 -0.3
"31" "30" 1996-12-30 20.05 "VAN" "" "SAS" "L" -7 1 35.9666666666667 0.622 0.538 18.2 24.2 20.8 10.8 3.2 2.3 5.9 21.7 139 110 21.2 6.3
"32" "31" 1997-01-03 20.06 "VAN" "" "SEA" "L" -14 1 30.7333333333333 0.74 0.625 0 6.7 3.8 0 0 2.3 18.9 24.3 119 122 11.3 -3.7
"33" "32" 1997-01-05 20.07 "VAN" "" "LAL" "L" -13 1 34.2333333333333 0.366 0.333 10.3 23 15.8 0 0 0 26.8 27.4 63 109 0.9 -14.9
"34" "33" 1997-01-08 20.08 "VAN" "@" "GSW" "W" 14 1 36.6333333333333 0.688 0.579 6.5 6.9 6.8 0 1.4 2.1 0 29.1 154 108 27.1 7.6
"35" "34" 1997-01-09 20.08 "VAN" "" "GSW" "L" -16 1 37 0.491 0.5 9.5 12.2 10.7 9.7 3 5.9 14.8 26.5 88 113 12.5 -3
"36" "35" 1997-01-11 20.08 "VAN" "" "SAC" "L" -8 1 42.2666666666667 0.641 0.583 14.3 7.9 11.6 4.4 2.5 3.5 9.4 31.8 129 118 28.6 6.5
"37" "36" 1997-01-14 20.09 "VAN" "@" "LAL" "L" -10 1 36.7666666666667 0.398 0.263 5.4 13.2 9.4 5.3 1.4 0 11.2 31.7 82 99 8.1 -2.5
"38" "37" 1997-01-15 20.1 "VAN" "" "DET" "L" -24 1 30.7666666666667 0.382 0.353 17.5 8.8 14.1 20.5 1.8 2.9 16.9 32.9 83 118 8.1 -1
"39" "38" 1997-01-17 20.1 "VAN" "" "UTA" "L" -38 1 27.0666666666667 0.455 0.364 7.1 22.2 13 0 4 7.6 27.5 31.2 70 109 6 -4.6
"40" "39" 1997-01-19 20.11 "VAN" "" "TOR" "W" 8 1 35.05 0.465 0.458 20.6 6 12.8 11.5 0 2.2 3.5 37.4 113 114 16.7 -2.1
"41" "40" 1997-01-20 20.11 "VAN" "@" "SEA" "L" -16 1 32.9666666666667 0.607 0.615 4.3 9.1 6.6 6.5 1.7 0 11.3 25.1 114 129 11.7 -3
"42" "41" 1997-01-22 20.12 "VAN" "@" "DEN" "L" -10 1 33.1166666666667 0.516 0.5 3.6 5.6 4.7 7.5 0 3.6 4.5 32.9 102 116 12.8 -1.4
"43" "42" 1997-01-23 20.12 "VAN" "" "MIN" "L" -19 1 28.4 0.253 0.182 15.2 0 7.6 6 1.8 2.6 0 19.1 73 108 3.5 -7.9
"44" "43" 1997-01-25 20.12 "VAN" "" "DEN" "L" -1 1 40.1 0.495 0.474 4.6 19.1 11.3 9.9 1.4 4.4 0 24.6 111 92 16.6 4
"45" "44" 1997-01-27 20.13 "VAN" "@" "GSW" "L" -25 1 37.25 0.593 0.467 15.1 13 14.2 5 1.4 2.1 0 24.2 138 135 20.1 1
"46" "45" 1997-01-28 20.13 "VAN" "" "CHI" "L" -15 1 38.1166666666667 0.541 0.55 20.1 16.6 18.5 12.6 1.3 0 24 31.3 93 118 14.9 -4.4
"47" "46" 1997-01-30 20.14 "VAN" "@" "LAC" "L" -6 1 30.5166666666667 0.336 0.286 10.3 14.7 12.5 16.7 0 2.2 16.8 26.4 77 118 3.7 -12.9
"48" "47" 1997-01-31 20.14 "VAN" "" "ATL" "L" -11 1 42.1833333333333 0.476 0.435 15.2 12.7 14.1 11.7 1.4 8.3 13.7 35.9 93 105 16.5 1.6
"49" "48" 1997-02-02 20.15 "VAN" "@" "BOS" "W" 10 1 45.15 0.565 0.565 6.1 10 8.6 11.8 2.2 1.2 10.8 26.1 111 97 20.5 1.8
"50" "49" 1997-02-04 20.15 "VAN" "@" "NJN" "L" -6 1 39.15 0.598 0.529 12.8 13.4 13.1 22.9 0 0 4.7 24.2 137 127 22.7 4.5
"51" "50" 1997-02-06 20.16 "VAN" "@" "MIN" "L" -17 1 30.8833333333333 0.444 0.429 0 7.6 3.4 16.8 1.7 0 24.1 29.2 75 117 2.5 -10.9
"52" "51" 1997-02-11 20.17 "VAN" "@" "HOU" "L" -9 1 36.45 0.644 0.625 8.9 14 11.8 10.8 3 0 21.2 31.2 108 119 15.8 -1.5
"53" "52" 1997-02-12 20.17 "VAN" "@" "SAS" "W" 5 1 30.45 0.495 0.441 9.7 7.2 8.3 30.8 0 2.7 9.4 33.1 111 122 12.1 -4.5
"54" "53" 1997-02-14 20.18 "VAN" "" "BOS" "W" 3 1 40 0.638 0.632 6.2 19.2 13.5 13 3.7 5 11 29.8 117 102 27.7 5.5
"55" "54" 1997-02-17 20.19 "VAN" "" "DAL" "L" -5 1 33.7166666666667 0.667 0.667 4.6 20.2 12.8 0 1.7 4.6 14.3 34.1 104 115 15.8 -3.4
"56" "55" 1997-02-19 20.19 "VAN" "" "MIN" "L" -11 1 35.8166666666667 0.495 0.429 14.2 13.7 14 15.7 0 2 13.2 39.9 98 101 15.3 4.1
"57" "56" 1997-02-21 20.2 "VAN" "@" "LAL" "L" -8 1 43.7333333333333 0.556 0.5 11.8 23.1 17.1 11.5 1.3 0 12.9 37.6 103 119 19.6 -3.2
"58" "57" 1997-02-23 20.2 "VAN" "" "CLE" "L" -7 1 42.9833333333333 0.619 0.5 7.6 18.6 12.1 5 1.4 2.4 0 23.7 138 117 21.1 6.9
"59" "58" 1997-02-26 20.21 "VAN" "" "LAC" "L" -3 1 39.3333333333333 0.539 0.477 16.8 16.6 16.7 19.8 4 1.8 18.8 36.2 97 83 20.7 8.6
"60" "59" 1997-02-28 20.22 "VAN" "" "PHI" "L" -4 1 40.45 0.608 0.533 8.8 17.5 13.5 0 1.3 9.7 5.2 22 128 111 20.8 2.8
"61" "60" 1997-03-02 20.22 "VAN" "" "UTA" "L" -7 1 37.5833333333333 0.501 0.438 12.1 14 13 10.8 1.5 1.9 13.1 29.5 98 109 13.3 -1.7
"62" "61" 1997-03-06 20.23 "VAN" "" "NJN" "L" -6 1 38.7833333333333 0.505 0.452 4.9 6.7 5.7 10.7 1.4 3.4 4.2 27.8 106 121 16.7 -0.7
"63" "62" 1997-03-09 20.24 "VAN" "@" "TOR" "L" -4 1 33.0333333333333 0.598 0.571 4.5 11.5 9.2 12.5 0 0 35.2 22.8 79 98 4.7 -6.4
"64" "63" 1997-03-11 20.25 "VAN" "@" "CHH" "L" -6 1 43.25 0.644 0.563 7.1 5.3 6.3 12.4 1.3 0 13.9 23.2 124 123 18 2
"65" "64" 1997-03-12 20.25 "VAN" "@" "WSB" "L" -22 1 31.7166666666667 0.597 0.5 7.1 12.5 9.6 6.3 0 0 11.7 25.9 118 126 12.2 1.9
"66" "65" 1997-03-14 20.25 "VAN" "@" "MIA" "L" -6 1 36.2666666666667 0.579 0.417 14.4 19 16.7 5.1 0 0 23.4 27.7 105 111 11.8 -2.3
"67" "66" 1997-03-16 20.26 "VAN" "@" "ORL" "L" -11 1 44.5833333333333 0.557 0.5 9.1 9.9 9.6 16.8 1.3 0 23.3 28.1 101 121 13.7 -3.1
"68" "67" 1997-03-18 20.27 "VAN" "@" "NYK" "L" -25 1 38.7 0.429 0.412 0 10.3 4.7 7.1 0 0 12.5 29.2 78 122 4.7 -8.2
"69" "68" 1997-03-19 20.27 "VAN" "@" "MIN" "L" -23 1 27.8666666666667 0.422 0.375 3.5 10.1 6.2 0 0 0 14.5 34.4 73 107 3.3 -8.4
"70" "69" 1997-03-21 20.27 "VAN" "" "DEN" "W" 7 1 40.1166666666667 0.543 0.474 17.6 19.6 18.7 7 0 0 15.3 28.9 112 113 16.7 -5.1
"71" "70" 1997-03-23 20.28 "VAN" "" "SEA" "L" -14 1 41.85 0.562 0.308 10.7 12 11.4 9 1.4 2.1 16.3 29.4 115 127 15.9 -2.8
"72" "71" 1997-03-25 20.28 "VAN" "@" "LAC" "L" -6 1 35.2666666666667 0.576 0.538 11.6 14 13 5.2 1.6 0 17.8 23.9 105 115 11.2 -4.5
"73" "72" 1997-03-27 20.29 "VAN" "" "LAL" "L" -4 1 37.5333333333333 0.518 0.4 6.3 13.4 10.2 27.2 3.1 4.2 22.8 34.1 95 107 14.3 0.3
"74" "73" 1997-03-28 20.29 "VAN" "@" "POR" "L" -34 1 24.3333333333333 0.126 0.091 10.5 5.1 7.8 6.7 4.4 0 25.2 32.5 32 124 -4.7 -25.2
"75" "74" 1997-04-01 20.3 "VAN" "" "MIL" "L" -11 1 38.65 0.617 0.556 3.7 11.5 7.6 26 3.1 6.4 8.7 30.1 129 119 23.8 10.8
"76" "" 1997-04-04 20.31 "VAN" "@" "UTA" "L" -27 NA NA NA NA NA NA NA NA NA NA NA NA NA NA NA NA
"77" "75" 1997-04-06 20.32 "VAN" "" "HOU" "L" -9 1 41.1333333333333 0.465 0.429 19.1 25.1 22 20.8 1.4 4.4 17.5 31.8 96 107 17.1 -0.5
"78" "76" 1997-04-08 20.32 "VAN" "@" "SAC" "L" -16 1 36.6833333333333 0.466 0.375 11.5 21.1 16.2 4.9 0 1.8 8.9 26.1 104 122 12.1 -4.9
"79" "77" 1997-04-10 20.33 "VAN" "@" "HOU" "L" -8 1 42.9 0.542 0.528 0 12.7 6.7 20 0 0 21.3 25.7 95 120 10.2 -4.6
"80" "78" 1997-04-12 20.33 "VAN" "@" "DAL" "W" 11 1 42.8666666666667 0.491 0.444 21.6 31.5 27.1 22.7 2.6 0 8.9 37 114 95 23.9 2.2
"81" "79" 1997-04-17 20.35 "VAN" "" "POR" "L" -32 1 36.0333333333333 0.42 0.222 9.5 22.2 15.4 41.4 3.2 4.5 25.9 27 84 117 10.2 -0.6
"82" "80" 1997-04-19 20.35 "VAN" "@" "PHO" "W" 14 1 43.1666666666667 0.634 0.618 10.1 17.4 14.3 28.7 0 1.7 16.3 25.6 127 115 23.6 2.9
"1" "1" 1997-10-31 20.89 "VAN" "" "DAL" "L" -2 1 35.4833333333333 0.592 0.583 18.3 8.9 14.8 15.4 0 2.1 3.7 31.9 133 108 24 13.4
"2" "2" 1997-11-01 20.89 "VAN" "" "SAC" "W" 1 1 41 0.466 0.313 9.2 12.2 10.9 7.3 2.7 0 8.9 25.9 104 108 13.6 -2.3
"3" "3" 1997-11-04 20.9 "VAN" "@" "DAL" "L" -5 1 39.3 0.493 0.417 9.1 7.9 8.5 19.9 1.4 1.7 9.6 35.3 103 106 18.8 6
"4" "4" 1997-11-05 20.9 "VAN" "@" "SAS" "L" -8 1 35.65 0.297 0.2 11.3 3 7.2 8.9 3 3.4 27.4 32.6 56 99 0.6 -10.6
"5" "5" 1997-11-07 20.91 "VAN" "" "MIN" "L" -11 1 35.8833333333333 0.501 0.421 24 30.5 26.7 15.2 1.3 0 17.9 31.7 100 107 17.7 1.3
"6" "6" 1997-11-09 20.91 "VAN" "" "DET" "W" 8 1 44.6666666666667 0.546 0.429 5.7 21.6 14.4 7.6 0 1.7 13 24.6 108 97 14.6 -1.6
"7" "7" 1997-11-11 20.92 "VAN" "" "LAC" "W" 6 1 35.2666666666667 0.613 0.571 11.7 13.7 12.7 10 0 0 14.5 32.8 114 117 19.6 -0.9
"8" "8" 1997-11-12 20.92 "VAN" "@" "UTA" "L" -18 1 26.9166666666667 0.488 0.417 8.1 18.1 13.4 0 0 0 7 24.4 101 110 7.3 -5.1
"9" "9" 1997-11-15 20.93 "VAN" "" "MIL" "W" 15 1 35.9833333333333 0.637 0.5 3.9 22.2 12.5 21.1 1.4 4.3 13.7 26.5 124 96 21.3 6.3
"10" "10" 1997-11-16 20.93 "VAN" "@" "LAL" "L" -26 1 32.75 0.507 0.455 12.4 11.8 12.1 0 0 2.9 10.9 34.8 98 124 14.2 -1.2
"11" "11" 1997-11-18 20.94 "VAN" "@" "DEN" "W" 13 1 35.05 0.513 0.533 11.1 9.4 10.2 5.5 0 2 5.1 25.6 108 107 12.7 -2.3
"12" "12" 1997-11-19 20.94 "VAN" "@" "SEA" "L" -20 1 37.7833333333333 0.558 0.5 13 9 10.9 24.5 0 1.7 11.8 29.6 110 113 17.8 3.8
"13" "13" 1997-11-21 20.95 "VAN" "" "DEN" "W" 3 1 39.1666666666667 0.59 0.444 2.6 21.4 11.8 4.7 1.3 1.6 7.8 29.7 115 99 20.5 1.1
"14" "14" 1997-11-23 20.95 "VAN" "@" "NYK" "L" -20 1 35.6166666666667 0.568 0.455 6.2 10.3 8.1 13.1 0 0 26.2 24.3 90 121 7.8 -5.8
"15" "15" 1997-11-26 20.96 "VAN" "@" "MIL" "L" -19 1 33.95 0.473 0.412 8.3 7.4 7.9 21.1 3 0 9.1 27.8 102 108 13.5 5.9
"16" "16" 1997-11-27 20.96 "VAN" "@" "IND" "L" -21 1 27.35 0.651 0.556 10.2 5.7 8.1 7.7 3.9 0 15.7 22.1 119 116 11.3 1.9
"17" "17" 1997-11-29 20.97 "VAN" "@" "MIN" "L" -19 1 30.5333333333333 0.409 0.412 10.8 11.6 11.2 7.3 1.7 0 0 26.9 94 116 8.6 -2.6
"18" "18" 1997-11-30 20.97 "VAN" "@" "DET" "W" 2 1 33.4666666666667 0.816 0.778 5.4 16.2 12.1 20.9 1.6 0 34 25.6 107 104 13.5 1.8
"19" "19" 1997-12-03 20.98 "VAN" "" "ORL" "L" -4 1 44.6333333333333 0.636 0.611 3 21.3 12.8 25.5 2.4 0 17.5 23.9 114 112 20.6 3.4
"20" "20" 1997-12-05 20.98 "VAN" "" "CLE" "L" -9 1 34 0.594 0.471 6.4 9 7.8 6.5 1.4 2.1 15 33.1 110 112 17.4 2.6
"21" "21" 1997-12-09 20.99 "VAN" "@" "PHO" "L" -22 1 36.85 0.464 0.4 9.3 23.6 15.6 10.1 0 0 11.7 31.1 92 120 10.1 -5.6
"22" "22" 1997-12-12 21 "VAN" "" "GSW" "W" 7 1 39.55 0.677 0.563 6.8 15.1 11.6 28.1 2.7 1.4 15.3 31.4 123 94 26.6 8.9
"23" "23" 1997-12-14 21.01 "VAN" "" "HOU" "W" 5 1 36.7166666666667 0.671 0.583 4.3 21.1 14.2 54.5 0 0 15.5 25.3 137 116 24.1 7.8
"24" "24" 1997-12-16 21.01 "VAN" "@" "HOU" "L" -27 1 30.4333333333333 0.527 0.5 10.7 16.8 13.5 14 3.2 2.6 29.1 33.7 82 114 9.8 -3.3
"25" "25" 1997-12-17 21.02 "VAN" "@" "SAS" "L" -11 1 36.1833333333333 0.497 0.333 7.5 12.4 9.7 5.3 0 1.7 4 31.3 111 109 16.3 3.9
"26" "26" 1997-12-19 21.02 "VAN" "@" "POR" "L" -5 1 41.9666666666667 0.484 0.429 7.8 18.2 13 10.1 2.5 0 10.4 30.7 99 102 15.3 0.8
"27" "27" 1997-12-21 21.03 "VAN" "" "POR" "W" 2 1 44.0666666666667 0.526 0.475 11.9 21.3 16.6 5.2 3.5 3.3 15.8 32.4 98 87 21.1 4.6
"28" "28" 1997-12-26 21.04 "VAN" "" "PHO" "L" -18 1 38.2833333333333 0.61 0.571 7.4 10.8 9.4 18.8 1.3 1.7 17.5 28 108 123 17.1 -0.8
"29" "29" 1997-12-28 21.05 "VAN" "" "UTA" "L" -1 1 39.8333333333333 0.637 0.63 9.7 21 15.6 25 2.7 4.6 11 30.9 123 94 27.8 17.9
"30" "30" 1997-12-30 21.05 "VAN" "" "SAS" "L" -9 1 34.3666666666667 0.508 0.476 0 13.2 5.2 21.9 3.1 0 4.1 32.4 110 135 17.5 1.8
"31" "31" 1998-01-01 21.06 "VAN" "" "PHI" "L" -11 1 42.5833333333333 0.552 0.563 15.6 19.1 17.2 23.1 1.3 0 8.8 24.4 121 130 21.8 0.1
"32" "32" 1998-01-02 21.06 "VAN" "@" "SAC" "L" -14 1 35.9666666666667 0.862 0.769 6.8 14.8 11.1 0 1.5 0 10.3 25.7 159 107 26 11.7
"33" "33" 1998-01-04 21.07 "VAN" "" "SEA" "L" -12 1 35.8166666666667 0.547 0.529 10 24.2 16.4 16.7 5.4 2.3 13.5 26 110 112 19.5 5.4
"34" "34" 1998-01-06 21.07 "VAN" "" "LAL" "L" -13 1 33.0333333333333 0.515 0.5 14.3 6.1 10.3 6 1.5 4.5 12.8 28.2 98 104 13.2 2.8
"35" "35" 1998-01-07 21.07 "VAN" "@" "LAC" "L" -8 1 42.8166666666667 0.575 0.522 11.8 9.6 10.7 15.1 2.3 1.6 13.3 31 112 114 22.7 2.9
"36" "36" 1998-01-09 21.08 "VAN" "" "CHH" "L" -8 1 36.6833333333333 0.644 0.607 9.3 3.4 5.9 32.9 4.3 1.9 26 31 108 107 18.5 6.3
"37" "37" 1998-01-11 21.08 "VAN" "" "MIA" "L" -6 1 36.4 0.509 0.455 6.2 20.1 13.9 15.1 2.8 4.3 13.6 36.1 94 95 18 4.8
"38" "38" 1998-01-13 21.09 "VAN" "@" "PHI" "L" -18 1 36.85 0.478 0.429 7.5 3.2 5.6 18.3 2.7 2.1 11.1 30.8 97 111 14.9 2.5
"39" "39" 1998-01-15 21.1 "VAN" "@" "BOS" "L" -4 1 39.5 0.687 0.667 8.8 15.4 13.2 5.2 4.2 1.5 40.7 24.2 81 100 10.4 -2.8
"40" "40" 1998-01-16 21.1 "VAN" "@" "WAS" "L" -2 1 33.5 0.71 0.636 9.1 16.4 13.4 4.5 0 0 12.4 21.9 132 125 15.1 -2.1
"41" "41" 1998-01-20 21.11 "VAN" "" "DEN" "W" 11 1 36.2333333333333 0.615 0.5 13 18.5 15.6 26.2 4.9 2.2 4.9 27.3 141 86 24.6 15.3
"42" "42" 1998-01-23 21.12 "VAN" "@" "GSW" "W" 8 1 37.15 0.641 0.533 0 15.1 7.5 7 3 0 12.9 31.6 111 91 18.3 4
"43" "43" 1998-01-24 21.12 "VAN" "" "GSW" "W" 11 1 34.8166666666667 0.44 0.294 7.6 14.9 11.7 0 0 5.2 11.7 32.5 92 104 9.7 -9.2
"44" "44" 1998-01-27 21.13 "VAN" "" "CHI" "L" -18 1 28.7666666666667 0.627 0.545 4 3.6 3.8 6.6 1.8 3.8 23.9 26.7 96 111 9.6 0.7
"45" "45" 1998-01-29 21.13 "VAN" "" "MIN" "L" -6 1 37.6833333333333 0.491 0.438 8.1 5.9 7 12.5 2.5 7.6 9.8 33.4 101 112 20.3 2.4
"46" "46" 1998-01-31 21.14 "VAN" "" "NJN" "L" -10 1 34.6833333333333 0.54 0.452 10.8 10.2 10.4 4.8 1.5 1.9 7.7 32.9 117 125 17 -1.6
"47" "47" 1998-02-02 21.15 "VAN" "@" "DAL" "L" -14 1 34 0.402 0.222 12.8 16.8 14.8 8.8 0 0 21.1 19.2 89 123 5.4 -8.6
"48" "48" 1998-02-03 21.15 "VAN" "@" "HOU" "L" -13 1 33.9666666666667 0.657 0.583 3.1 3.9 3.5 0 1.6 0 8.1 33.9 125 126 20.2 4.8
"49" "49" 1998-02-05 21.15 "VAN" "@" "CHH" "L" -15 1 28.2333333333333 0.893 0.938 4.1 12 8.1 23.4 3.7 2.7 27.3 23.6 121 111 17.4 11.5
"50" "50" 1998-02-12 21.17 "VAN" "" "HOU" "L" -9 1 32.1333333333333 0.501 0.333 18.8 20.5 19.7 22.7 3.3 2.2 20 29.2 106 114 14.8 0.6
"51" "51" 1998-02-14 21.18 "VAN" "" "WAS" "W" 2 1 37.3666666666667 0.671 0.615 14 17.1 15.9 8.3 0 1.5 16.1 22.6 125 106 17.8 0.6
"52" "52" 1998-02-18 21.19 "VAN" "" "BOS" "L" -9 1 39.8333333333333 0.682 0.647 12.6 9.8 11 16.7 0 0 21.4 25 115 125 17.7 -1.8
"53" "53" 1998-02-20 21.19 "VAN" "@" "ATL" "L" -23 1 36.0166666666667 0.483 0.438 11.3 6.7 9.2 15 0 2.1 27.3 29.1 84 124 7.6 -5.7
"54" "54" 1998-02-22 21.2 "VAN" "@" "TOR" "L" -8 1 33.9833333333333 0.466 0.353 7.9 14.2 10.6 5.1 0 2.4 4.1 28.9 115 117 12.6 -3.3
"55" "55" 1998-02-24 21.21 "VAN" "@" "NJN" "L" -9 1 36.3666666666667 0.472 0.417 9.9 11.9 10.8 10 1.4 3.3 3.5 31.9 111 118 17.2 3.7
"56" "56" 1998-02-25 21.21 "VAN" "@" "CLE" "L" -5 1 26.0333333333333 0.571 0.429 4.9 23.7 14.4 22.7 1.9 0 38.4 26.7 82 109 6.5 -6.8
"57" "57" 1998-03-01 21.22 "VAN" "" "ATL" "L" -25 1 31.3166666666667 0.317 0.286 16.9 9.1 13.1 32.5 0 4.1 16 25.3 78 113 7.2 -1.9
"58" "58" 1998-03-03 21.22 "VAN" "" "IND" "L" -8 1 35.9166666666667 0.609 0.438 13.7 20.8 16.9 5.2 0 0 11.9 31.2 124 125 18.6 0.1
"59" "59" 1998-03-06 21.23 "VAN" "" "SAC" "L" -2 1 35.1 0.666 0.632 15.7 19.1 17.6 33.5 0 3.9 8.2 32.2 137 109 27.7 15.8
"60" "60" 1998-03-08 21.24 "VAN" "" "TOR" "W" 7 1 33.7166666666667 0.654 0.5 7.1 16 11.8 5.1 1.5 2.1 21.6 23.2 118 114 14.6 -0.7
"61" "61" 1998-03-12 21.25 "VAN" "@" "DEN" "L" -5 1 38.8166666666667 0.723 0.7 4.1 5.4 4.9 0 1.4 0 20.3 18 111 117 10.9 -4.5
"62" "62" 1998-03-13 21.25 "VAN" "@" "UTA" "L" -9 1 33.1666666666667 0.55 0.417 5.9 8.6 7 27.2 1.6 0 5.5 24.3 128 125 16.5 7.3
"63" "63" 1998-03-15 21.26 "VAN" "" "LAL" "L" -9 1 34.6333333333333 0.696 0.692 11.1 19.6 15.2 19.6 2.9 6.4 19.5 27.3 119 119 20.8 7.8
"64" "64" 1998-03-17 21.26 "VAN" "@" "ORL" "L" -7 1 31.7666666666667 0.463 0.357 7.1 6.7 6.9 5.7 0 0 15.6 27.6 95 122 5.3 -6.6
"65" "65" 1998-03-18 21.27 "VAN" "@" "MIA" "L" -3 1 34.3 0.478 0.333 4.3 16.8 11.3 10.6 0 2.4 8.3 35.6 110 121 11.5 -4.7
"66" "66" 1998-03-20 21.27 "VAN" "@" "CHI" "L" -6 1 34.0333333333333 0.451 0.389 11.5 10.5 11.1 19.1 1.7 2.8 11.4 34.2 100 118 12.2 -0.4
"67" "67" 1998-03-21 21.27 "VAN" "@" "MIN" "L" -14 1 37.1333333333333 0.747 0.711 3.3 22.9 12.4 6.4 0 0 4.6 28.2 144 119 24.7 10.7
"68" "68" 1998-03-23 21.28 "VAN" "" "LAC" "W" 11 1 28.45 0.568 0.455 3.4 6.2 4.9 21.1 0 2.5 22.1 25.7 104 104 9.9 -2.3
"69" "69" 1998-03-26 21.29 "VAN" "@" "POR" "L" -6 1 34.35 0.556 0.429 3.4 4 3.7 19.1 3.2 2.4 10.5 26.5 113 123 14.1 1
"70" "70" 1998-03-27 21.29 "VAN" "" "NYK" "L" -8 1 39.1833333333333 0.607 0.538 8.9 9.3 9.1 5.8 0 2 11.3 22.1 116 112 13.1 -1.9
"71" "71" 1998-03-29 21.3 "VAN" "@" "PHO" "L" -8 1 37.6 0.606 0.565 18.9 25.3 21.7 10.6 4.2 2.3 3.9 29.1 140 110 27.2 15.2
"72" "72" 1998-03-31 21.3 "VAN" "" "DAL" "L" -3 1 38.75 0.636 0.533 4 9.3 7.3 8.2 0 1.6 18.1 26 123 128 13.7 -4.8
"73" "73" 1998-04-03 21.31 "VAN" "" "SEA" "L" -40 1 28.2 0.72 0.636 8 16.3 12.1 32.1 0 2.7 23.3 26.2 125 145 15.7 3.1
"74" "74" 1998-04-05 21.32 "VAN" "" "UTA" "L" -6 1 37.1 0.651 0.563 9.7 19.5 14.6 18.3 0 3.8 9.1 28.9 135 116 21.4 8.4
"75" "75" 1998-04-07 21.32 "VAN" "@" "LAC" "W" 16 1 37.5666666666667 0.601 0.524 4.7 26.4 14.3 0 1.3 0 10.7 29.3 116 94 19.8 1.9
"76" "76" 1998-04-08 21.32 "VAN" "@" "LAL" "L" -11 1 34.7333333333333 0.482 0.391 8.9 7.9 8.4 5.1 4.1 2 10 35.3 98 109 16.3 1.4
"77" "77" 1998-04-11 21.33 "VAN" "" "POR" "W" 9 1 44.8333333333333 0.517 0.517 6.7 20.2 12 0 4.9 7.2 9.1 33.3 99 90 23.3 7.4
"78" "78" 1998-04-12 21.33 "VAN" "" "PHO" "L" -23 1 33.6833333333333 0.407 0.389 13.8 8.8 11.6 8.8 0 0 9.8 27 91 137 7.6 -13.1
"79" "79" 1998-04-14 21.34 "VAN" "@" "SEA" "L" -12 1 34.8666666666667 0.521 0.5 3.7 15.2 10 5.8 0 0 18.8 26.2 93 118 7.7 -7.1
"80" "80" 1998-04-16 21.35 "VAN" "" "SAS" "L" -13 1 41.5666666666667 0.55 0.481 5.6 8 6.8 11.3 0 3.6 9.4 35.3 114 129 19.1 -1.4
"81" "81" 1998-04-18 21.35 "VAN" "@" "GSW" "L" -12 1 41.5333333333333 0.569 0.556 6.7 8.8 7.8 16.6 1.3 0 15.9 29.7 106 130 14.7 -6.4
"82" "82" 1998-04-19 21.35 "VAN" "@" "SAC" "W" 4 1 42.7333333333333 0.632 0.563 6.2 11 8.7 7.5 3.7 3.1 14.2 21.9 122 104 19.6 3.9
"1" "1" 1999-02-07 22.16 "VAN" "@" "SAC" "L" -22 1 37.7166666666667 0.351 0.286 0 17.2 7.7 5.1 5.1 1.6 19 22.7 63 103 5.4 -6.7
"2" "2" 1999-02-08 22.16 "VAN" "" "POR" "L" -19 1 41.6166666666667 0.378 0.267 6.6 16.8 10.6 0 2.5 1.8 27.4 25.7 65 101 2.8 -7.6
"3" "3" 1999-02-10 22.17 "VAN" "" "LAC" "W" 6 1 37.0166666666667 0.637 0.475 12.7 17.1 14.8 11.1 1.4 0 6.8 34.2 136 107 28.1 9.4
"4" "4" 1999-02-11 22.17 "VAN" "" "IND" "L" -4 1 43.3166666666667 0.599 0.476 5.7 15.1 10.3 42.6 4.2 0 0 30.5 150 119 33.3 19.7
"5" "5" 1999-02-14 22.18 "VAN" "" "DAL" "W" 4 1 41.9666666666667 0.611 0.529 5.6 11.1 8.4 9.2 4 4.8 16.9 26 114 104 19.6 3.6
"6" "6" 1999-02-16 22.18 "VAN" "@" "LAC" "W" 4 1 45.25 0.344 0.269 4.7 17 10.7 23.9 0 1.8 9.4 36.4 77 91 7.7 -5.7
"7" "7" 1999-02-17 22.19 "VAN" "" "BOS" "L" -2 1 55.8666666666667 0.663 0.6 10.5 19.1 15.2 23.3 1 1.3 21.4 30.9 114 111 27.8 2.4
"8" "8" 1999-02-19 22.19 "VAN" "@" "MIN" "L" -19 1 36.4166666666667 0.446 0.4 16.6 14.4 15.6 14.1 2.8 0 14.5 32.2 96 121 12.2 -4.9
"9" "9" 1999-02-21 22.2 "VAN" "@" "TOR" "L" -15 1 38.4833333333333 0.599 0.529 3.8 14 9.7 19.5 1.4 8.8 5 26.1 117 112 20.9 9.4
"10" "10" 1999-02-23 22.2 "VAN" "" "LAL" "W" 10 1 40.7833333333333 0.531 0.333 5.9 28.1 18.2 16 1.3 0 15.9 35.7 100 85 18.9 3
"11" "11" 1999-02-25 22.21 "VAN" "" "PHO" "L" -8 1 42.25 0.514 0.412 9 15.6 12.5 24.8 3.8 2 24.6 30.6 91 99 15 2.4
"12" "12" 1999-02-27 22.21 "VAN" "" "HOU" "L" -12 1 41 0.45 0.4 9.8 39 22.3 5.4 0 0 21.3 31 79 92 9.1 -2.6
"13" "13" 1999-02-28 22.22 "VAN" "@" "DEN" "L" -4 1 39.3 0.475 0.333 6.5 13.3 9.8 17.2 2.6 2.1 13.7 24.7 101 120 14.1 -3.7
"14" "14" 1999-03-02 22.22 "VAN" "" "SAC" "L" -10 1 38.6833333333333 0.506 0.5 16.2 20.5 18.5 9.8 1.3 0 0 32.3 120 117 21.6 3.5
"15" "15" 1999-03-03 22.22 "VAN" "@" "UTA" "L" -23 1 31.7 0.473 0.393 7 13.6 9.9 12.8 1.7 2.3 14.3 31.6 90 121 9.6 -3.2
"16" "16" 1999-03-04 22.23 "VAN" "" "MIN" "L" -9 1 33.8666666666667 0.577 0.531 7.6 13.1 10.6 17.1 1.5 0 17.3 29.7 105 111 13.7 1.3
"17" "17" 1999-03-06 22.23 "VAN" "" "HOU" "L" -15 1 38.1 0.452 0.407 11.7 32.7 18.7 16.4 8.1 0 9.4 33.4 100 102 21.4 10
"18" "18" 1999-03-08 22.24 "VAN" "" "POR" "L" -19 1 35.8833333333333 0.675 0.545 0 20.5 9.1 0 1.5 2.3 22.1 22.9 108 103 12.8 3
"19" "19" 1999-03-09 22.24 "VAN" "@" "GSW" "L" -10 1 44.8166666666667 0.494 0.452 6 11.9 8.7 11.1 0 2.7 5.3 38.2 101 102 20.5 5
"20" "20" 1999-03-11 22.25 "VAN" "@" "HOU" "L" -11 1 40.0666666666667 0.724 0.688 2.8 20.5 11.4 24.2 2.6 3.8 21.2 26.8 118 107 22.9 9.9
"21" "21" 1999-03-13 22.25 "VAN" "@" "DAL" "L" -17 1 41.4166666666667 0.567 0.533 3 18.6 11.3 19.9 1.3 1.8 17.8 26.5 100 101 14.3 2.4
"22" "22" 1999-03-15 22.26 "VAN" "@" "DEN" "L" -26 1 32.65 0.486 0.467 6.6 18.2 11.5 27.9 1.5 0 16.3 24.1 96 116 9.9 -1.2
"23" "23" 1999-03-16 22.26 "VAN" "@" "SEA" "L" -2 1 41.8833333333333 0.498 0.444 10.6 16.3 13.1 31.4 1.4 0 8.7 25 114 104 17.3 4.2
"24" "24" 1999-03-18 22.27 "VAN" "" "MIN" "W" 5 1 40.2833333333333 0.582 0.273 3.5 8.4 6.6 11.8 1.4 2.9 25 29.1 99 95 13 0.4
"25" "25" 1999-03-20 22.27 "VAN" "" "SAS" "L" -4 1 51.5666666666667 0.464 0.37 6.5 15.1 11.1 15.8 1 1.3 20.6 29.4 86 94 12.1 -2.8
"26" "26" 1999-03-22 22.28 "VAN" "@" "PHO" "L" -5 1 41.9666666666667 0.495 0.381 3.1 14.3 9.4 10.5 2.6 3.5 7.1 32.9 100 98 17.8 3.9
"27" "27" 1999-03-24 22.28 "VAN" "" "PHI" "L" -5 1 47.5833333333333 0.359 0.118 5.7 18.4 12.3 3.6 0 3 8.2 24.2 87 103 7.7 -6.2
"28" "28" 1999-03-26 22.29 "VAN" "" "UTA" "L" -5 1 42.8666666666667 0.672 0.667 3.3 21.3 13.2 28.6 1.3 1.6 18.3 33.3 111 98 22.2 9.2
"29" "29" 1999-03-29 22.3 "VAN" "@" "LAL" "L" -18 1 36.3666666666667 0.653 0.538 0 10.3 5.3 31.5 1.4 0 19.9 23.4 125 128 16.3 3.6
"30" "30" 1999-03-30 22.3 "VAN" "" "DEN" "W" 14 1 44.1833333333333 0.606 0.458 2.9 10.9 7.1 6.9 0 0 18.1 24.5 110 105 13.3 -3.1
"31" "31" 1999-04-01 22.3 "VAN" "@" "SAS" "L" -12 1 40.0333333333333 0.538 0.455 12.2 13.3 12.7 30 1.4 0 10.7 32.2 121 122 22.1 8.1
"32" "32" 1999-04-02 22.31 "VAN" "@" "ATL" "L" -3 1 41.4333333333333 0.487 0.455 6 10.6 8.5 33.9 0 3.4 10.9 32.9 100 105 15.5 4.2
"33" "33" 1999-04-04 22.31 "VAN" "@" "CHI" "L" -1 1 43.9166666666667 0.758 0.636 3.1 12.5 7.8 16.1 2.8 0 14.9 25.4 135 110 21.3 4.6
"34" "34" 1999-04-06 22.32 "VAN" "@" "POR" "L" -9 1 40.8166666666667 0.487 0.375 8.2 16.3 11.9 20.2 0 2.1 13.3 25.2 109 116 13 0.9
"35" "35" 1999-04-07 22.32 "VAN" "" "DEN" "L" -3 1 43.3833333333333 0.537 0.389 0 10.1 5.4 20.1 1.3 3.5 11.4 29.9 108 102 17.4 3.5
"36" "36" 1999-04-09 22.33 "VAN" "" "SEA" "W" 5 1 42.2 0.584 0.5 6 20.6 14.3 13.4 1.3 5.7 20 34.4 105 103 20.1 1.5
"37" "37" 1999-04-11 22.33 "VAN" "" "SAC" "L" -3 1 45.0166666666667 0.603 0.5 11.5 16.8 14.2 20.9 6 1.7 20.8 25.5 111 94 22.6 6.7
"38" "38" 1999-04-12 22.33 "VAN" "@" "UTA" "L" -18 1 36.2 0.484 0.294 8.9 15.4 11.3 26.2 1.6 2.3 11.7 34.2 106 118 15 3.3
"39" "39" 1999-04-14 22.34 "VAN" "@" "HOU" "L" -17 1 36.8833333333333 0.417 0.382 3.2 8.1 5.3 16.8 1.5 0 5 25.3 95 120 8.7 -1.2
"40" "40" 1999-04-16 22.35 "VAN" "@" "MIN" "L" -14 1 41.25 0.555 0.526 2.7 12.3 7.2 30.3 0 1.8 12.2 28.7 104 109 16.6 4.3
"41" "41" 1999-04-18 22.35 "VAN" "" "GSW" "L" -5 1 40.5333333333333 0.606 0.556 3.3 8.4 6.1 13.3 5.4 1.6 12.7 27.2 114 98 19.5 7.8
"42" "42" 1999-04-19 22.35 "VAN" "@" "LAL" "L" -15 1 40.3833333333333 0.438 0.267 6.7 9.2 8 18.1 0 0 23.6 27.9 86 130 5.5 -10.9
"43" "43" 1999-04-21 22.36 "VAN" "" "LAC" "W" 3 1 36.2666666666667 0.605 0.55 7.8 13 10.7 6.3 3.2 12.1 7.7 36.5 122 105 24.9 8.2
"44" "44" 1999-04-23 22.36 "VAN" "" "SEA" "L" -13 1 45.35 0.468 0.4 8.9 12.4 10.5 21.8 0 5.7 22.9 30.4 88 115 10.9 -3.5
"45" "45" 1999-04-24 22.37 "VAN" "@" "LAC" "L" -9 1 42.6333333333333 0.631 0.529 7 10.6 9.1 25.4 0 1.7 18.9 31.1 111 124 19.3 -2.7
"46" "46" 1999-04-27 22.38 "VAN" "@" "DAL" "L" -9 1 36.5 0.539 0.3 5.4 23.1 13.9 39.3 1.5 3.9 21.2 21.9 107 91 16.1 10.4
"47" "47" 1999-04-29 22.38 "VAN" "" "SAS" "L" -27 1 31.75 0.395 0.308 16 16.7 16.2 20.5 1.9 6.4 16.5 27.1 88 124 8.8 -0.7
"48" "48" 1999-05-01 22.39 "VAN" "@" "PHO" "L" -30 1 35.1166666666667 0.593 0.467 3.4 4 3.7 7.1 1.6 0 17.1 31.1 108 132 12.8 -0.8
"49" "49" 1999-05-03 22.39 "VAN" "" "GSW" "L" -8 1 36.8166666666667 0.412 0.263 10.4 8.4 9.6 6 3 0 7.6 33 96 109 11.6 -2.1
"50" "50" 1999-05-05 22.4 "VAN" "@" "SAC" "L" -4 1 38.5 0.651 0.594 0 4.8 2.5 0 2.5 0 13.1 25 116 104 15.2 2.5
"1" "1" 1999-11-02 22.89 "VAN" "" "POR" "L" -20 1 37.6833333333333 0.533 0.385 5.6 28.9 15.8 16 0 1.8 14.4 24.8 107 118 13.5 1.3
"2" "2" 1999-11-03 22.9 "VAN" "@" "LAL" "L" -15 1 37.9166666666667 0.384 0.263 13.7 18.5 16 10.7 1.4 0 13.9 33.4 83 111 9 -6.3
"3" "3" 1999-11-06 22.9 "VAN" "" "DEN" "W" 15 1 43.3666666666667 0.692 0.594 6.6 23.5 15.5 12.8 3.9 0 4.9 23.2 154 104 27.6 11.5
"4" "4" 1999-11-10 22.92 "VAN" "" "ATL" "W" 5 1 47.0666666666667 0.554 0.467 9.8 20.5 15 28.1 0 4 23.2 24.9 104 97 19.1 3
"5" "5" 1999-11-12 22.92 "VAN" "" "GSW" "L" -10 1 38.8166666666667 0.483 0.45 14.3 28.6 21.5 32 0 0 12.1 26.4 109 106 17.8 4.5
"6" "6" 1999-11-14 22.93 "VAN" "" "LAC" "W" 20 1 35.9166666666667 0.713 0.667 7.8 15.2 12 38.8 4.3 3.9 13.1 19.9 145 88 25.7 17.6
"7" "7" 1999-11-16 22.93 "VAN" "@" "SAC" "L" -4 1 40.3333333333333 0.619 0.6 10.2 27.1 19.8 5.9 4.9 5.1 20.5 25.7 104 67 23.5 13.6
"8" "8" 1999-11-18 22.94 "VAN" "" "SEA" "L" -2 1 42.4333333333333 0.702 0.658 12 21.6 17.6 21.7 0 0 24.1 30.3 119 116 22 2.5
"9" "9" 1999-11-21 22.95 "VAN" "" "MIN" "L" -24 1 38.9666666666667 0.493 0.462 11.2 21.5 16.1 0 2.7 3.4 24.8 24.4 82 109 9.6 -3.3
"10" "10" 1999-11-23 22.95 "VAN" "@" "WAS" "L" -2 1 37.6333333333333 0.61 0.5 6 18.9 12.3 15.1 1.4 3.7 0 22.3 141 98 21.3 12.1
"11" "11" 1999-11-24 22.95 "VAN" "@" "CHH" "L" -16 1 38.85 0.391 0.353 8.2 54 30.1 10.9 0 3.8 5 22.6 87 86 12.4 4.5
"12" "12" 1999-11-26 22.96 "VAN" "@" "IND" "L" -19 1 35.5166666666667 0.628 0.5 6.7 12.1 9.1 17.6 1.5 0 22.2 28.6 109 119 13.8 0.9
"13" "13" 1999-11-27 22.96 "VAN" "@" "MIN" "L" -31 1 28.9666666666667 0.381 0.286 8.5 35.1 20.7 26.1 0 0 47 23 58 121 0.7 -12.3
"14" "14" 1999-11-29 22.97 "VAN" "" "HOU" "L" -8 1 39.8833333333333 0.567 0.467 2.8 25.9 13.6 21.3 0 0 9 25.2 123 122 17.9 2.8
"15" "15" 1999-12-01 22.97 "VAN" "" "IND" "L" -7 1 36 0.505 0.455 13 19 16.1 12.3 1.5 4.4 4 31.8 114 103 18 7.2
"16" "16" 1999-12-03 22.98 "VAN" "" "CHH" "L" -19 1 37.1833333333333 0.521 0.4 3.9 22.2 13.4 21.1 1.4 1.8 6.5 19 117 117 13.5 1.6
"17" "17" 1999-12-06 22.99 "VAN" "@" "HOU" "L" -3 1 28.1 0.648 0.6 4.5 20.4 12.9 15.2 1.9 0 9.7 33.3 126 111 17.3 7.7
"18" "18" 1999-12-07 22.99 "VAN" "@" "DAL" "W" 9 1 37.7833333333333 0.545 0.447 16.8 25.8 21.3 4.5 4 0 7.7 28.4 123 94 22.5 7.1
"19" "19" 1999-12-09 22.99 "VAN" "@" "SAS" "L" -8 1 36.05 0.568 0.523 10.8 0 6.3 31.3 0 0 10.2 39.3 113 123 18.4 6.7
"20" "20" 1999-12-11 23 "VAN" "" "LAL" "L" -12 1 39.4333333333333 0.556 0.5 20.5 6.7 14 20.9 1.5 0 22.6 27.6 108 127 14.6 1.2
"21" "21" 1999-12-13 23.01 "VAN" "@" "LAC" "L" -12 1 42.55 0.481 0.429 6 38.1 22.9 10.7 2.6 1.7 16.7 32 92 105 15.2 -0.3
"22" "22" 1999-12-15 23.01 "VAN" "" "SAC" "L" -3 1 41.5166666666667 0.525 0.467 2.3 29.6 16.5 11.8 1.1 1.4 14.2 20.3 99 97 15.4 0.6
"23" "23" 1999-12-18 23.02 "VAN" "@" "SEA" "L" -23 1 41.0166666666667 0.543 0.375 3 21.6 12.2 9.8 1.3 3.9 14.8 31.7 100 118 16.4 0.3
"24" "24" 1999-12-19 23.02 "VAN" "" "LAC" "W" 1 1 42.0666666666667 0.543 0.429 5.2 21.6 12.7 19.8 5.2 2 9.8 23 116 89 19.6 6.3
"25" "25" 1999-12-23 23.03 "VAN" "" "DEN" "W" 2 1 44.1833333333333 0.437 0.387 4.8 30 16.7 13.7 4.9 3.4 5.7 35.5 96 91 21.9 7.4
"26" "26" 1999-12-26 23.04 "VAN" "@" "DEN" "L" -23 1 37.5833333333333 0.444 0.395 12.9 17.1 14.7 24.1 2.6 1.9 8.2 27.8 97 111 16.7 5.6
"27" "27" 1999-12-27 23.04 "VAN" "" "PHI" "L" -7 1 40.4666666666667 0.524 0.5 2.9 29.3 16.7 22.4 1.4 3.2 14.9 31.4 102 106 18.5 4.5
"28" "28" 1999-12-29 23.05 "VAN" "@" "UTA" "L" -11 1 37 0.51 0.433 3.6 14.4 8.2 10.7 0 0 18.5 27.8 92 121 6.1 -6.5
"29" "29" 1999-12-30 23.05 "VAN" "" "SAS" "L" -10 1 37.05 0.756 0.733 8.6 14.4 11.2 11.8 1.5 2.1 5.9 22.1 144 113 21.7 12.2
"30" "30" 2000-01-04 23.07 "VAN" "@" "MIA" "W" 4 1 43.6333333333333 0.484 0.389 6.8 25.2 15 10.2 0 3.3 16.2 25.1 99 98 13 0.1
"31" "31" 2000-01-05 23.07 "VAN" "@" "ORL" "L" -20 1 35.1666666666667 0.465 0.231 3.5 26.5 13.7 0 2.9 5.4 21.5 28 85 113 9.1 -4.7
"32" "32" 2000-01-07 23.07 "VAN" "@" "NJN" "W" 10 1 34.7833333333333 0.501 0.333 11.1 17.9 14.9 24.4 0 7.8 17.4 28.8 110 98 14.8 0.4
"33" "33" 2000-01-09 23.08 "VAN" "@" "TOR" "W" 10 1 41.6166666666667 0.851 0.7 2.9 13 8.2 13.7 0 4.6 19 22.4 147 108 24.4 9.1
"34" "34" 2000-01-10 23.08 "VAN" "@" "BOS" "W" 9 1 35.2 0.545 0.375 6.9 12.2 9.7 17.2 1.5 0 18.9 19.7 113 114 9.8 -4.1
"35" "35" 2000-01-12 23.09 "VAN" "" "PHO" "L" -3 1 37.8833333333333 0.417 0.25 10.5 16.1 13.9 12.7 0 5.5 19.7 30 86 105 8.9 -5.3
"36" "36" 2000-01-14 23.09 "VAN" "" "CLE" "L" -2 1 31.9166666666667 0.486 0.4 7.5 17.4 12.7 12 1.6 6.1 30.6 23.7 76 86 7.2 -1.9
"37" "37" 2000-01-16 23.1 "VAN" "" "MIA" "L" -11 1 38.65 0.46 0.425 2.9 13 7.7 15.3 1.5 5.9 8.4 30.5 92 114 13.9 0.2
"38" "38" 2000-01-20 23.11 "VAN" "" "UTA" "L" -5 1 36.1833333333333 0.377 0.368 12.1 28.8 19.8 13 3 0 16.8 29.9 78 101 7.4 -5.5
"39" "39" 2000-01-22 23.12 "VAN" "" "ORL" "L" -3 1 35.95 0.41 0.313 18.6 12.1 15.3 21.9 3 1.8 23.5 30.1 85 94 10.9 1.5
"40" "40" 2000-01-24 23.12 "VAN" "@" "DEN" "L" -12 1 38.3166666666667 0.528 0.412 5.9 30.9 18.7 17.9 1.4 1.7 4.2 26.6 122 107 20.7 6.2
"41" "41" 2000-01-26 23.13 "VAN" "@" "UTA" "W" 17 1 43.85 0.606 0.587 3.4 14.4 9.4 3.5 0 0 7.5 28.8 122 119 18 -4.2
"42" "42" 2000-01-27 23.13 "VAN" "" "NJN" "W" 2 1 32.8833333333333 0.605 0.605 4.2 24.9 14.5 6.1 0 0 13.6 31 101 118 12.3 -5.1
"43" "43" 2000-01-31 23.14 "VAN" "" "MIL" "L" -5 1 36.4833333333333 0.531 0.5 6.1 19.5 12.5 10.7 4.4 1.9 24.9 24.2 87 92 10.9 1.1
"44" "44" 2000-02-02 23.15 "VAN" "@" "GSW" "L" -6 1 36.2666666666667 0.651 0.618 11.1 23.5 16.3 21.6 3 0 13.5 26 130 111 22.3 11
"45" "45" 2000-02-04 23.15 "VAN" "" "CHI" "W" 25 1 26.6833333333333 0.773 0.667 4.6 30.4 17.8 22.3 2 6.1 20.5 17.1 136 80 13.8 9
"46" "46" 2000-02-06 23.16 "VAN" "" "DAL" "L" -4 1 46.9 0.612 0.54 17.3 35.1 25.6 10.1 0 0 14.5 31.6 120 103 27.9 7.5
"47" "47" 2000-02-08 23.16 "VAN" "@" "PHO" "L" -18 1 32.8166666666667 0.375 0.313 12.9 31.2 19.9 22.1 1.7 2.2 5.5 25.6 91 105 10.8 3.7
"48" "48" 2000-02-10 23.17 "VAN" "@" "LAC" "W" 22 1 42.8333333333333 0.786 0.786 9.8 13.6 11.9 7 1.2 3.2 12.5 16.6 144 97 20.4 5.7
"49" "49" 2000-02-16 23.18 "VAN" "" "WAS" "W" 5 1 42.5666666666667 0.535 0.5 10.9 21.9 17 18.6 1.3 1.5 5.3 20.4 124 97 17.9 4.3
"50" "50" 2000-02-18 23.19 "VAN" "@" "MIN" "L" -12 1 35.1 0.528 0.417 7.4 29.1 17.6 4.9 0 0 22 24 91 113 8 -5.9
"51" "51" 2000-02-19 23.19 "VAN" "@" "MIL" "W" 11 1 41.35 0.847 0.75 0 16.7 8.4 20.2 2.6 0 22 21.9 136 108 21.8 4.9
"52" "52" 2000-02-21 23.2 "VAN" "@" "CLE" "L" -1 1 43.4166666666667 0.456 0.375 8.6 18 13.2 3.6 1.3 0 13.9 23.2 94 116 9.2 -10.2
"53" "53" 2000-02-22 23.2 "VAN" "@" "CHI" "W" 4 1 37.2 0.293 0.182 8.6 33.2 20.6 19.7 1.5 4.3 12.8 20.7 79 90 8.5 -4.3
"54" "54" 2000-02-24 23.21 "VAN" "" "BOS" "L" -24 1 42.35 0.409 0.417 2.9 19 10.5 35 0 1.6 7.6 29.8 86 111 11 0.5
"55" "55" 2000-02-26 23.21 "VAN" "" "SAC" "W" 12 1 40.2166666666667 0.53 0.5 2.9 24.5 14.7 17 2.5 0 22.4 29.7 90 91 13.2 -1.8
"56" "56" 2000-02-29 23.22 "VAN" "@" "SAC" "L" -25 1 40.9 0.571 0.571 8.8 16.7 12.8 22 1.2 1.6 10.7 21 114 119 17.9 3.7
"57" "57" 2000-03-01 23.22 "VAN" "@" "LAL" "L" -12 1 39.7 0.533 0.5 9.7 21.8 16.3 4.7 0 0 15.1 22.9 104 115 11.4 0
"58" "58" 2000-03-03 23.23 "VAN" "@" "POR" "L" -10 1 42.7833333333333 0.464 0.4 8.2 19.1 13.2 13.9 1.2 1.8 15 29.8 88 110 12.3 -3.5
"59" "59" 2000-03-05 23.23 "VAN" "" "TOR" "L" -2 1 46.15 0.479 0.447 7.3 26.7 17 23 0 1.4 8 25.9 103 106 15.9 -0.1
"60" "60" 2000-03-07 23.24 "VAN" "@" "NYK" "L" -25 1 35.5 0.589 0.5 9.3 27.8 15.9 6 0 0 16.4 24.7 109 129 11.9 -2.9
"61" "61" 2000-03-08 23.24 "VAN" "@" "PHI" "L" -17 1 37.4333333333333 0.65 0.6 7.9 12.4 10.4 5.1 2.8 1.8 23.4 21.2 102 111 11.6 -0.6
"62" "62" 2000-03-10 23.25 "VAN" "@" "DET" "L" -14 1 34.2666666666667 0.519 0.273 11.4 11.1 11.3 21.9 0 0 20.6 25.7 105 123 10.5 -3.9
"63" "63" 2000-03-11 23.25 "VAN" "@" "ATL" "L" -5 1 43.9166666666667 0.47 0.429 2.9 32.7 16.3 0 2.5 0 11.8 19.3 90 102 9.2 -3.6
"64" "64" 2000-03-13 23.25 "VAN" "" "SEA" "L" -10 1 38.85 0.423 0.294 0 20.5 11 10.3 2.7 3.4 4.7 24.6 102 116 12.5 -2.9
"65" "65" 2000-03-16 23.26 "VAN" "@" "SEA" "L" -14 1 36.55 0.573 0.529 12.1 23.5 17.9 32.3 0 0 9.4 26.2 126 125 20 6.4
"66" "66" 2000-03-17 23.27 "VAN" "" "PHO" "L" -15 1 39.3333333333333 0.461 0.385 0 22.4 12 16.9 0 9.2 11.6 20 91 96 12.4 1.5
"67" "67" 2000-03-19 23.27 "VAN" "" "DET" "L" -2 1 38.9666666666667 0.674 0.633 15.9 14.5 15.1 27.4 1.4 2.1 10.9 21 146 113 22.2 9.4
"68" "68" 2000-03-21 23.28 "VAN" "" "GSW" "W" 16 1 34.4833333333333 0.448 0.273 6.1 31.4 19.2 33.4 4.5 4.3 21.6 23 97 75 16.8 9.7
"69" "69" 2000-03-25 23.29 "VAN" "" "UTA" "L" -9 1 40.05 0.563 0.5 4.9 15.7 10.1 5.8 0 0 31.1 22.6 81 103 5.7 -5.8
"70" "70" 2000-03-29 23.3 "VAN" "" "LAL" "L" -9 1 41.8 0.701 0.647 10.7 26.6 19.8 16.7 4 3 4.5 26 149 113 32.6 15.4
"71" "71" 2000-03-31 23.3 "VAN" "" "NYK" "L" -6 1 40.2 0.788 0.75 3.5 23.5 15 20.5 2.8 0 23.1 21.8 121 99 18.4 8.1
"72" "72" 2000-04-02 23.31 "VAN" "" "DAL" "L" -14 1 35.6666666666667 0.636 0.6 10.7 20 14.8 6.3 0 0 21.7 28.4 103 110 14.4 -1.6
"73" "73" 2000-04-04 23.32 "VAN" "" "HOU" "W" 2 1 48 0.535 0.441 2 31 15.4 3.1 2 1.5 4.8 18.5 109 99 18.1 -0.7
"74" "74" 2000-04-06 23.32 "VAN" "" "POR" "W" 2 1 40.35 0.575 0.5 7.3 19.1 14 32.6 1.4 3.4 11.3 23 125 104 18.1 6.1
"75" "75" 2000-04-08 23.33 "VAN" "@" "POR" "L" -13 1 40.0666666666667 0.507 0.467 21.2 13.3 17.7 23.4 1.5 0 10.7 24.4 116 126 14.9 1.7
"76" "76" 2000-04-09 23.33 "VAN" "" "SAS" "L" -8 1 47.2833333333333 0.586 0.5 5.2 28.7 15.8 14.7 2.3 0 13.3 23.5 113 120 18.6 0.6
"77" "77" 2000-04-11 23.33 "VAN" "@" "GSW" "L" -12 1 42.3 0.705 0.667 6.3 31.4 19.5 4.1 1.3 0 10.9 21 128 114 18.9 1.5
"78" "78" 2000-04-12 23.34 "VAN" "@" "PHO" "L" -6 1 46.45 0.486 0.4 9.2 18.8 13.3 14.9 0 4.8 5.1 18.3 120 120 15.6 -0.6
"79" "79" 2000-04-14 23.34 "VAN" "" "MIN" "L" -10 1 55.4333333333333 0.475 0.464 15.4 23.4 19.3 4 1.1 4.1 0 26.5 111 104 22.7 6.5
"80" "80" 2000-04-16 23.35 "VAN" "@" "DAL" "L" -8 1 44.8833333333333 0.663 0.654 4.5 23.9 14.4 10.5 0 0 17.3 17 118 121 15.3 0
"81" "81" 2000-04-17 23.35 "VAN" "@" "SAS" "L" -7 1 44.4833333333333 0.712 0.633 3.1 25.2 14.7 0 1.3 0 13.7 26.3 123 118 19.9 2
"82" "82" 2000-04-19 23.36 "VAN" "@" "HOU" "W" 4 1 36.55 0.808 0.714 11.1 27.4 19.6 18.8 0 0 8.7 15.2 163 105 18.8 7.4
"1" "1" 2000-10-31 23.89 "VAN" "" "SEA" "W" 6 1 42.1 0.724 0.75 2.2 13.4 7.8 31.6 3.5 1.9 24.4 25 108 89 23.3 8.3
"2" "2" 2000-11-02 23.9 "VAN" "@" "LAC" "W" 8 1 32.9833333333333 0.512 0.385 9.3 15.7 12.1 20.3 3.2 0 16.1 24.2 109 99 12.4 0.9
"3" "3" 2000-11-04 23.9 "VAN" "" "LAL" "L" -9 1 34.3333333333333 0.629 0.563 3.8 26.3 15.9 38.6 0 0 13.6 29.4 114 100 18 7.5
"4" "4" 2000-11-06 23.91 "VAN" "" "ATL" "W" 10 1 39.2 0.615 0.5 5.4 10.9 8.1 26.1 2.5 1.7 17 19.1 116 90 17 5.3
"5" "5" 2000-11-08 23.91 "VAN" "@" "DAL" "W" 27 1 34.0333333333333 0.684 0.577 7.6 27.1 19 10 4.5 0 15.7 24.8 127 70 20.7 12.5
"6" "6" 2000-11-09 23.92 "VAN" "@" "HOU" "L" -7 1 39.4 0.507 0.467 3.8 24.6 14.7 16.5 2.9 0 19.3 27.7 91 94 10.2 0.9
"7" "7" 2000-11-11 23.92 "VAN" "@" "SAS" "L" -13 1 33.85 0.431 0.364 5.3 35.3 17.4 16.7 3 0 19 21.2 81 96 8.1 -1.5
"8" "8" 2000-11-16 23.93 "VAN" "" "LAC" "L" -4 1 33.7833333333333 0.418 0.286 3.8 19.3 12.2 26.4 1.9 0 5.3 29 102 97 10.1 2.6
"9" "" 2000-11-18 23.94 "VAN" "" "DAL" "L" -3 NA NA NA NA NA NA NA NA NA NA NA NA NA NA NA NA
"10" "9" 2000-11-20 23.95 "VAN" "" "DEN" "L" -3 1 42.8 0.404 0.3 7.3 27.3 17.2 11.8 2.4 1.8 11.3 26.7 90 96 12.6 -1.7
"11" "10" 2000-11-22 23.95 "VAN" "@" "MIN" "L" -1 1 39.6166666666667 0.644 0.571 3.6 23 15 11.5 0 1.5 10.5 22.5 120 107 17.6 1.8
"12" "11" 2000-11-24 23.96 "VAN" "@" "DET" "L" -22 1 33.9833333333333 0.715 0.6 12.8 35.3 22.3 6.6 0 0 19.8 30.1 121 120 20.6 3.2
"13" "12" 2000-11-26 23.96 "VAN" "@" "BOS" "W" 11 1 48 0.666 0.533 6.7 40 23.3 10 3 0 12.9 20.2 130 82 28.1 9.5
"14" "13" 2000-11-27 23.96 "VAN" "@" "NYK" "L" -25 1 34.2333333333333 0.326 0.286 2.8 22.3 11.1 0 1.6 2.4 11.5 24.2 62 106 2.8 -7.8
"15" "14" 2000-11-29 23.97 "VAN" "" "PHO" "W" 3 1 54.5666666666667 0.568 0.409 4.5 23.9 14.7 15.2 1.9 1.3 19.4 30.1 101 91 22.7 4.3
"16" "15" 2000-12-01 23.98 "VAN" "" "IND" "L" -10 1 49.85 0.549 0.477 7.7 32.6 18 20.8 2.4 1.4 16.4 30 101 90 21.9 9.3
"17" "16" 2000-12-03 23.98 "VAN" "" "SAS" "L" -18 1 45.3833333333333 0.429 0.375 8.9 22 14.3 16 1.3 1.7 13.9 22.3 93 113 11.6 -1
"18" "17" 2000-12-05 23.99 "VAN" "" "DET" "W" 8 1 42.65 0.523 0.467 0 19.5 9.9 11.9 1.3 3.5 5.5 21 106 95 14.7 1.9
"19" "18" 2000-12-07 23.99 "VAN" "@" "UTA" "L" -11 1 35.7833333333333 0.589 0.385 15.2 19 17.1 11.9 0 1.8 18.3 28.5 113 110 15.9 1.4
"20" "19" 2000-12-09 24 "VAN" "" "PHI" "L" -4 1 36 0.455 0.364 6.7 21.7 14.5 13.6 0 4 18.5 21.1 84 92 8 -1.6
"21" "20" 2000-12-11 24 "VAN" "" "HOU" "L" -7 1 37.6333333333333 0.677 0.618 2.6 12.3 7.1 7.3 3 4.4 13.5 29.6 115 93 21.1 13.8
"22" "21" 2000-12-13 24.01 "VAN" "" "SEA" "L" -1 1 36.9833333333333 0.513 0.455 2.8 28.8 14.2 22 0 0 18 20.2 97 105 10.3 -0.8
"23" "22" 2000-12-15 24.01 "VAN" "@" "LAL" "L" -22 1 33.0666666666667 0.527 0.5 3.1 27.9 15.5 13.3 0 3.7 14.9 28.7 93 102 12.2 2.6
"24" "23" 2000-12-17 24.02 "VAN" "" "ORL" "L" -10 1 32.0833333333333 0.358 0.267 16 36.5 25 18 3.6 2 10.7 27.9 93 111 11.3 -1.7
"25" "24" 2000-12-20 24.02 "VAN" "" "WAS" "W" 14 1 41.0833333333333 0.84 0.667 0 15.4 8.4 13.4 2.4 0 12.3 17.3 160 106 22.8 7.2
"26" "25" 2000-12-22 24.03 "VAN" "" "SAC" "L" -2 1 41.3833333333333 0.47 0.5 2.4 13.3 7.6 7.6 0 0 11.8 18.3 93 111 7.4 -3.9
"27" "26" 2000-12-23 24.03 "VAN" "@" "LAC" "L" -2 1 44.8166666666667 0.49 0.435 2.4 17.4 9.8 8.8 2.3 2.9 10.2 28.6 98 96 16.9 0.6
"28" "27" 2000-12-26 24.04 "VAN" "" "PHO" "L" -2 1 34.3333333333333 0.465 0.333 0 20.2 10.7 0 1.5 0 27.1 20.7 71 104 2.6 -9.1
"29" "28" 2000-12-29 24.05 "VAN" "@" "POR" "L" -23 1 36 0.797 0.813 0 10.5 5.4 24 4.2 1.8 5.2 25.6 141 106 27.9 15.5
"30" "29" 2000-12-30 24.05 "VAN" "" "GSW" "L" -1 1 45.05 0.602 0.583 8.4 20.3 14.7 16.4 0 3 10.4 27 115 103 23.9 5.6
"31" "30" 2001-01-03 24.06 "VAN" "" "CHH" "W" 10 1 39.4333333333333 0.578 0.563 3.6 21.7 14.5 14.8 2.7 1.6 26.7 27.4 84 90 12.8 -0.9
"32" "31" 2001-01-05 24.07 "VAN" "@" "PHO" "L" -32 1 34.2333333333333 0.497 0.364 8.5 15.7 11.5 6.9 0 0 6.6 19.3 108 117 9.3 -3.1
"33" "32" 2001-01-07 24.07 "VAN" "" "MIL" "W" 3 1 41.3666666666667 0.926 0.882 8.7 22 17.2 4.4 1.1 2.8 22.6 26.7 136 109 31.7 8.6
"34" "33" 2001-01-09 24.08 "VAN" "" "DEN" "L" -7 1 42.8333333333333 0.521 0.452 3 22.7 15.1 7.7 1.2 3.8 0 25.7 116 107 21.3 3.9
"35" "34" 2001-01-12 24.09 "VAN" "@" "SEA" "L" -13 1 38.8166666666667 0.512 0.417 5.4 35.2 18.2 17.2 0 0 17 19.4 100 118 12.3 -3.2
"36" "35" 2001-01-13 24.09 "VAN" "" "CLE" "W" 12 1 46.8833333333333 0.567 0.533 6.6 23.4 16.8 20 0 3.7 20.1 19.9 110 111 17.6 -0.5
"37" "36" 2001-01-15 24.1 "VAN" "@" "LAL" "L" -1 1 50.55 0.51 0.426 4.4 22.1 13.3 10.9 1 0 3.1 27.4 112 106 22 3.7
"38" "37" 2001-01-17 24.1 "VAN" "@" "DEN" "L" -24 1 37.05 0.543 0.474 10.4 11.3 10.8 15.4 1.3 0 4.3 25.7 116 126 18.8 3.3
"39" "38" 2001-01-19 24.11 "VAN" "" "MIA" "L" -11 1 40.9666666666667 0.506 0.5 2.9 20 11.6 8 1.3 1.9 15.5 14.8 92 107 7.9 -2.5
"40" "39" 2001-01-21 24.11 "VAN" "" "MIN" "L" -2 1 41.8333333333333 0.64 0.588 9.8 20.3 15.7 16.6 1.3 1.4 0 22.3 142 109 24.3 9.3
"41" "40" 2001-01-23 24.12 "VAN" "@" "SAS" "L" -33 1 35.3166666666667 0.403 0.357 3.1 13.7 8.2 5.9 1.5 0 25.2 25.6 64 119 1.6 -10.2
"42" "41" 2001-01-25 24.12 "VAN" "@" "DAL" "L" -37 1 29.8833333333333 0.451 0.2 17.8 20 18.8 12.9 0 0 17.2 27.1 98 137 9.4 -5.4
"43" "42" 2001-01-26 24.13 "VAN" "@" "HOU" "L" -17 1 31.3333333333333 0.507 0.533 7.2 17.2 12.3 5.6 0 0 10.7 28.8 93 118 9.3 -3.1
"44" "43" 2001-01-29 24.13 "VAN" "" "NJN" "W" 11 1 45.7 0.601 0.625 3.2 24.8 15.3 4.8 1.1 3.3 13.1 23.2 101 92 17.8 1
"45" "44" 2001-01-31 24.14 "VAN" "@" "PHO" "L" -9 1 45.2 0.423 0.353 7.6 5.6 6.7 3.9 0 2.8 16.6 23.6 82 113 5.5 -9.5
"46" "45" 2001-02-02 24.15 "VAN" "@" "SAC" "L" -10 1 41.85 0.543 0.45 6.9 18 11.7 0 1.2 0 7.5 26.8 111 112 16.7 -0.8
"47" "46" 2001-02-03 24.15 "VAN" "" "CHI" "W" 7 1 38.7166666666667 0.55 0.469 18.9 17.9 18.4 18 1.4 5.5 13.6 27.7 115 92 19.4 6.7
"48" "47" 2001-02-05 24.15 "VAN" "@" "SEA" "L" -13 1 35.2166666666667 0.577 0.5 11.8 28.7 21.1 13 4.7 0 21.6 34 97 99 16.4 1.9
"49" "48" 2001-02-07 24.16 "VAN" "" "UTA" "L" -10 1 44.4333333333333 0.424 0.294 7.8 8.2 8 13.5 2.3 0 11.3 28.4 88 103 11 -3.2
"50" "49" 2001-02-13 24.18 "VAN" "" "BOS" "W" 1 1 42.6 0.51 0.433 11.4 14 13 12.2 0 0 22.1 23.8 93 108 9.3 -6.2
"51" "50" 2001-02-15 24.18 "VAN" "" "GSW" "W" 10 1 40.45 0.611 0.611 3.5 8.7 6.7 24.3 0 7.4 18.2 26.3 104 96 17.9 3.1
"52" "51" 2001-02-16 24.18 "VAN" "@" "GSW" "W" 13 1 43.3833333333333 0.729 0.706 3.3 22.9 13.8 13.6 2.6 0 13.5 25.8 127 87 23.5 7.7
"53" "52" 2001-02-18 24.19 "VAN" "@" "MIN" "W" 8 1 33.6 0.704 0.667 15.7 28.8 22.5 19 0 0 0 18 163 108 22.5 9.6
"54" "53" 2001-02-20 24.19 "VAN" "@" "WAS" "W" 12 1 39.1666666666667 0.52 0.385 6.8 15.7 11.9 16.3 2.5 0 21.5 25.1 100 104 12.4 -4.1
"55" "54" 2001-02-21 24.2 "VAN" "@" "PHI" "L" -16 1 40.7 0.721 0.615 5.6 13.8 10.1 7 1.2 1.5 5.1 20.9 148 113 24.5 10.8
"56" "55" 2001-02-23 24.2 "VAN" "@" "MIL" "L" -12 1 44.8333333333333 0.488 0.368 4.4 23.9 14.3 10.4 2.3 1.6 18.2 28.2 87 95 14.1 -0.8
"57" "56" 2001-02-24 24.21 "VAN" "@" "CHI" "L" -15 1 42.8333333333333 0.415 0.375 5.7 5.2 5.4 4.2 1.2 5.1 15.1 21.3 79 101 6.8 -3.9
"58" "57" 2001-02-27 24.21 "VAN" "" "DAL" "L" -4 1 48 0.78 0.75 10.7 12.9 11.9 15.6 3.1 1.4 14.8 24.9 139 116 31.7 10.1
"59" "58" 2001-02-28 24.22 "VAN" "@" "UTA" "L" -18 1 36.7 0.567 0.533 9.7 15 11.8 16.5 1.6 0 19.3 27.5 101 126 11.4 -3.5
"60" "59" 2001-03-03 24.22 "VAN" "" "LAL" "L" -10 1 38.3333333333333 0.333 0.333 7.4 23.5 14.8 21.3 2.7 5.3 6.3 19.2 82 98 11.8 1.9
"61" "60" 2001-03-05 24.23 "VAN" "" "SAS" "L" -14 1 44.6 0.378 0.333 0 23 13 28 0 4.8 11.2 19.6 83 99 9.4 0.4
"62" "61" 2001-03-06 24.23 "VAN" "@" "POR" "W" 8 1 46.3666666666667 0.702 0.6 6.5 14.2 11 0 0 1.3 9.7 22 130 110 19.8 0
"63" "62" 2001-03-09 24.24 "VAN" "" "POR" "W" 10 1 39.9166666666667 0.735 0.625 6 13.6 10 15.5 1.4 3.5 22.7 16.4 126 100 14.5 3.3
"64" "63" 2001-03-11 24.25 "VAN" "" "TOR" "L" -17 1 39.2833333333333 0.459 0.333 6.5 14.7 10.8 19 0 1.6 13.9 27.6 92 116 11.1 -1.5
"65" "64" 2001-03-13 24.25 "VAN" "@" "ATL" "L" -10 1 44.9833333333333 0.624 0.583 8.4 22.2 16.1 12.7 2.4 2.8 10.6 20.3 126 111 21.1 4.3
"66" "65" 2001-03-14 24.25 "VAN" "@" "CHH" "L" -5 1 37.55 0.432 0.396 3.6 32.4 19.5 19 0 1.7 3.6 33.5 99 105 14.7 1.2
"67" "66" 2001-03-16 24.26 "VAN" "@" "ORL" "L" -4 1 40.6 0.459 0.333 6.5 11.7 9.2 12.9 1.3 3.5 9.7 24.5 98 115 11.2 -6.5
"68" "67" 2001-03-17 24.26 "VAN" "@" "MIA" "L" -14 1 36 0.733 0.636 2.9 29.2 13.7 11.8 0 0 22.7 23.3 118 112 13.3 1.6
"69" "68" 2001-03-20 24.27 "VAN" "@" "NJN" "L" -14 1 40 0.463 0.353 5.1 14.5 9 16.5 2.6 1.6 12.8 26.4 93 110 12.3 -1.6
"70" "69" 2001-03-22 24.28 "VAN" "@" "CLE" "L" -14 1 34.8 0.61 0.538 11.1 0 5.4 12.8 0 0 25.3 27.8 99 134 9 -9.2
"71" "70" 2001-03-23 24.28 "VAN" "@" "IND" "L" -20 1 36.75 0.46 0.333 2.4 13 6.9 8 0 1.9 4.2 28 99 107 11.1 -1.1
"72" "71" 2001-03-25 24.28 "VAN" "@" "TOR" "L" -10 1 44.7 0.566 0.474 2.5 20.9 12 25.2 2.3 0 8 26.2 116 107 21.9 5.3
"73" "72" 2001-03-29 24.3 "VAN" "" "NYK" "W" 21 1 42.55 0.727 0.667 9.3 9.9 9.6 19.8 1.3 0 4.6 26 143 81 27.9 15.4
"74" "73" 2001-04-01 24.3 "VAN" "" "UTA" "L" -19 1 46.7333333333333 0.45 0.4 8.9 21.5 14.6 14.7 2.5 1.5 11.9 26.2 92 106 14.2 0.9
"75" "74" 2001-04-04 24.31 "VAN" "" "LAC" "W" 8 1 45.1166666666667 0.619 0.467 2.9 12.7 8.1 16.7 0 1.7 9.3 23.3 126 92 18.8 7
"76" "75" 2001-04-06 24.32 "VAN" "" "SAC" "L" -28 1 28.2666666666667 0.432 0.385 3.3 12.9 7.5 18.8 0 2.4 6.7 23.5 95 129 7.1 -3.7
"77" "76" 2001-04-07 24.32 "VAN" "@" "DEN" "L" -1 1 44.1666666666667 0.612 0.475 4.7 14.5 9.6 24.1 1.1 0 16 30.7 115 106 23.4 4.7
"78" "77" 2001-04-10 24.33 "VAN" "" "MIN" "L" -13 1 27.6 0.409 0.385 10.7 4.4 7.9 11.7 1.9 0 22.9 28.2 74 117 3.5 -11.7
"79" "78" 2001-04-12 24.33 "VAN" "" "POR" "L" -13 1 40.1666666666667 0.429 0.4 5.9 25.5 16.4 22.6 1.4 0 10.9 23.6 91 108 11.9 -2.4
"80" "79" 2001-04-14 24.34 "VAN" "" "HOU" "L" -5 1 48 0.448 0.44 3.5 18.8 9 15.6 1.1 3.8 0 23.4 113 114 18.4 3.2
"81" "80" 2001-04-16 24.35 "VAN" "@" "SAC" "L" -10 1 41.5166666666667 0.469 0.441 2.7 10.2 6.6 8.1 2.4 0 13.5 23.2 87 112 9.6 -3.5
"82" "81" 2001-04-18 24.35 "VAN" "@" "GSW" "W" 14 1 43.6833333333333 0.472 0.417 13.9 25.6 20.2 16.7 3.8 3.6 3.5 27.2 125 74 28.7 13.5
"1" "1" 2001-10-30 24.88 "ATL" "@" "HOU" "L" -5 1 47.6833333333333 0.483 0.4 11.5 28.1 20.1 5.8 0 1.7 17.2 34.5 88 91 15.3 -0.5
"2" "2" 2001-11-01 24.89 "ATL" "" "WAS" "L" -10 1 39.2166666666667 0.412 0.333 5.6 25.1 15.9 0 1.4 3.2 12.7 27.2 87 101 9.8 -1.5
"3" "3" 2001-11-03 24.9 "ATL" "" "MIA" "W" 7 1 31.5833333333333 0.422 0.214 11.3 16 13.8 12.2 0 0 19.9 36.5 84 96 4.8 -11
"4" "4" 2001-11-05 24.9 "ATL" "@" "LAC" "L" -23 1 33.9333333333333 0.21 0.143 8 10.3 9 22.6 0 2 5.7 21.9 65 122 1.4 -10.4
"5" "5" 2001-11-07 24.91 "ATL" "@" "UTA" "L" -7 1 41.3833333333333 0.531 0.45 8.4 11.4 9.9 18 2.6 4.6 11.3 29.9 109 101 18.3 4
"6" "6" 2001-11-08 24.91 "ATL" "@" "PHO" "L" -28 1 28.1833333333333 0.201 0.167 14.9 23.4 19 6.5 0 0 13.9 22.2 55 116 -0.1 -14.3
"7" "" 2001-11-10 24.92 "ATL" "@" "SAS" "L" -22 NA NA NA NA NA NA NA NA NA NA NA NA NA NA NA NA
"8" "7" 2001-11-14 24.93 "ATL" "" "UTA" "W" 32 1 27.65 0.825 0.75 0 19.5 11.7 10.5 1.8 0 8 20.1 163 85 17.5 9.8
"9" "8" 2001-11-16 24.93 "ATL" "@" "PHI" "L" -20 1 32.25 0.459 0.3 11 25.6 18.3 24.5 0 2.1 7.1 21.6 110 112 12.1 4.6
"10" "9" 2001-11-17 24.93 "ATL" "" "BOS" "W" 9 1 41.3666666666667 0.664 0.647 7.6 25.5 18.2 7.8 0 5.3 21.6 31.6 108 110 20.7 -1.4
"11" "10" 2001-11-20 24.94 "ATL" "@" "IND" "L" -4 1 37.9666666666667 0.472 0.421 11.2 29.4 20.1 12.7 0 1.9 12.4 28.1 101 113 14.7 -1.5
"12" "11" 2001-11-21 24.95 "ATL" "@" "BOS" "W" 7 1 44.4 0.686 0.656 2.5 16.2 10 15.5 2.5 8.8 12.8 26.5 123 90 26.5 12.8
"13" "12" 2001-11-23 24.95 "ATL" "" "DET" "W" 7 1 45.2 0.746 0.7 11.9 23.4 18.8 25.9 2.4 1.7 5.6 38.8 151 108 46 19
"14" "13" 2001-11-24 24.95 "ATL" "@" "MIL" "L" -7 1 39.9333333333333 0.524 0.444 8 30.7 19.1 0 0 3.6 8.3 26.3 106 99 16.8 0.3
"15" "14" 2001-11-26 24.96 "ATL" "@" "NYK" "L" -5 1 41.9 0.63 0.583 9 24.2 16.1 24.6 0 0 19.5 32.1 110 111 18.2 4
"16" "15" 2001-11-28 24.96 "ATL" "" "NYK" "L" -5 1 42.0666666666667 0.483 0.333 0 26.1 12.2 12.1 1.3 5 12.6 26.9 97 114 13.3 -3.7
"17" "16" 2001-11-29 24.97 "ATL" "@" "CLE" "W" 9 1 40.55 0.649 0.583 3.1 29.3 17.1 11.4 0 5.2 12 18.8 125 103 18.4 2.7
"18" "17" 2001-12-01 24.97 "ATL" "" "TOR" "L" -1 1 38.6 0.584 0.464 3 15 9 12.5 2.6 0 13.7 24.3 115 106 15.9 2.6
"19" "18" 2001-12-05 24.98 "ATL" "" "SAS" "L" -8 1 44.3666666666667 0.507 0.438 10.6 23 16.6 6.2 3.3 1.8 22 21.7 94 116 12.9 -3.5
"20" "19" 2001-12-07 24.99 "ATL" "@" "ORL" "L" -35 1 9.71666666666667 0.694 0.667 0 43.6 18.2 0 0 0 0 19.3 142 133 5.2 3.8
"21" "20" 2001-12-08 24.99 "ATL" "" "ORL" "W" 3 1 6.7 0.333 0.333 15.2 31.2 23.1 19.5 0 0 25 25.1 74 106 1.3 -7.5
"22" "21" 2001-12-11 25 "ATL" "" "PHI" "W" 2 1 41.3 0.738 0.708 8.6 21.3 15.2 12.3 2.7 3.3 0 14.5 161 94 22.2 12
"23" "22" 2001-12-15 25.01 "ATL" "@" "CHI" "W" 1 1 42.2333333333333 0.501 0.5 5.3 12.9 9.5 17.3 1.3 4.3 20 29.8 84 92 12.6 1.8
"24" "23" 2001-12-18 25.02 "ATL" "" "IND" "L" -3 1 44.8 0.487 0.481 13 17.2 14.8 12.7 1.2 0 14.8 33.1 99 116 15.4 -3.5
"25" "24" 2001-12-19 25.02 "ATL" "@" "WAS" "L" -27 1 32.85 0.465 0.389 12.5 19.1 15.2 22 5.1 0 8.5 30.7 105 114 17.5 8.9
"26" "25" 2001-12-21 25.03 "ATL" "@" "PHI" "L" -11 1 31.4333333333333 0.304 0.222 0 11.6 5.5 17.3 3.4 0 16.8 18.5 62 102 1.9 -6.8
"27" "26" 2001-12-22 25.03 "ATL" "" "CHH" "W" 13 1 38.4833333333333 0.477 0.4 15.8 19.3 17.8 8 0 1.7 10.7 21.7 107 98 13.5 -2.1
"28" "27" 2001-12-26 25.04 "ATL" "@" "MIL" "L" -10 1 39.55 0.576 0.543 5 28.4 15.4 34.8 0 0 19.8 34.2 98 116 18.2 2.8
"29" "28" 2001-12-27 25.04 "ATL" "" "MIA" "W" 4 1 32.65 0.453 0.342 15.7 21.8 18.9 6.5 0 0 7.6 39 97 108 11.2 -8.8
"30" "29" 2001-12-29 25.05 "ATL" "@" "DAL" "L" -16 1 36.6333333333333 0.578 0.417 7.3 23.6 14.7 0 2.6 6.1 18.1 25.1 104 105 16 1.4
"31" "30" 2002-01-04 25.07 "ATL" "@" "MEM" "W" 4 1 42.3166666666667 0.475 0.294 10.9 25.7 18.1 6.9 1.2 1.9 20.6 30.5 91 113 12.7 -10
"32" "31" 2002-01-05 25.07 "ATL" "" "MIN" "L" -16 1 43.0166666666667 0.439 0.381 2.4 15.2 8.7 24.7 3.6 5 4.2 27.2 97 114 18.5 3.2
"33" "32" 2002-01-08 25.08 "ATL" "" "POR" "W" 9 1 42.9166666666667 0.738 0.711 3.5 23.9 15.1 9.9 1.2 0 16.4 26.7 116 96 22.9 3.8
"34" "33" 2002-01-09 25.08 "ATL" "@" "CHH" "L" -24 1 33 0.401 0.333 16.7 7.7 13.2 19.1 4.4 0 0 30.4 101 111 17.1 5.7
"35" "34" 2002-01-11 25.08 "ATL" "@" "TOR" "L" -3 1 48.95 0.523 0.4 4.7 30.3 18 20.3 3.3 2.8 19.5 30.7 92 85 20.8 3.6
"36" "35" 2002-01-12 25.09 "ATL" "" "BOS" "L" -24 1 39.6333333333333 0.529 0.385 15.3 19.2 17.3 4.3 1.3 0 11.1 20.1 119 125 15.4 -0.7
"37" "36" 2002-01-15 25.1 "ATL" "" "DAL" "L" -9 1 35.9666666666667 0.484 0.412 9.1 15.5 12.3 18 0 0 20.3 28.7 96 128 9.3 -6.8
"38" "37" 2002-01-17 25.1 "ATL" "" "CHI" "L" -3 1 44.6166666666667 0.481 0.455 13.9 13.3 13.6 17.5 1.2 3 8 25.5 110 107 18.3 2.5
"39" "38" 2002-01-19 25.11 "ATL" "" "MIL" "L" -9 1 42.8333333333333 0.42 0.35 7.3 11.4 9.2 3.5 1.2 3.7 15 26.7 88 128 9 -9.2
"40" "39" 2002-01-21 25.11 "ATL" "" "HOU" "W" 4 1 31.3 0.465 0.4 11.3 23.8 17.4 17.4 1.7 0 10.4 28.4 101 99 11.7 -0.1
"41" "" 2002-01-22 25.12 "ATL" "@" "ORL" "L" -14 NA NA NA NA NA NA NA NA NA NA NA NA NA NA NA NA
"42" "40" 2002-01-29 25.13 "ATL" "" "LAL" "L" -34 1 32.65 0.492 0.5 10.4 15.7 12.5 5.5 0 2.1 8.6 28.7 99 134 12.4 -3
"43" "41" 2002-01-30 25.14 "ATL" "@" "DET" "L" -17 1 40.2 0.317 0.286 9.5 10.7 10.1 10.3 0 2 16 22.8 70 111 2.6 -8.4
"44" "42" 2002-02-01 25.14 "ATL" "@" "WAS" "L" -7 1 44.7 0.539 0.524 8.2 12.1 10.3 17.6 0 0 14.7 29.5 107 119 15.5 -1.7
"45" "43" 2002-02-02 25.15 "ATL" "" "LAC" "W" 7 1 42.35 0.658 0.559 2.9 7.8 5.5 8.6 3.9 1.8 8.9 25.6 128 102 21.4 7.9
"46" "44" 2002-02-05 25.15 "ATL" "@" "MIA" "W" 3 1 36.95 0.589 0.5 3.2 30.2 17 13.8 4.7 0 17.2 50.4 98 79 21 9.1
"47" "45" 2002-02-07 25.16 "ATL" "@" "NYK" "L" -3 1 42.95 0.611 0.556 2.8 14.7 8.6 14 8.6 4.1 14.4 31.5 109 87 26.3 10.7
"48" "46" 2002-02-12 25.17 "ATL" "" "NJN" "W" 2 1 45.8166666666667 0.679 0.5 2.5 16.2 9.7 24.4 2.2 0 3.8 26 148 108 31 12
"49" "47" 2002-02-15 25.18 "ATL" "@" "LAL" "W" 3 1 42.85 0.606 0.5 0 18.6 9.6 30.8 2.5 2.1 3.6 30.6 126 99 27.8 13.8
"50" "48" 2002-02-17 25.19 "ATL" "@" "GSW" "W" 6 1 44.3333333333333 0.607 0.559 2.3 16.2 9.7 22.4 2.1 8.7 12.3 22.8 117 88 24.7 11.5
"51" "49" 2002-02-19 25.19 "ATL" "@" "SAC" "L" -20 1 42.3833333333333 0.333 0.333 9.7 15.4 12.2 23.7 1.3 4.1 18.2 23.7 74 113 6.8 -3
"52" "50" 2002-02-21 25.2 "ATL" "@" "POR" "L" -15 1 35.8166666666667 0.635 0.455 8.2 15.9 11.7 0 0 0 21.1 25.1 105 108 11.7 -2.4
"53" "51" 2002-02-22 25.2 "ATL" "@" "SEA" "L" -3 1 44.15 0.596 0.5 13.3 26.1 20.1 17.3 2.5 0 25 29.1 104 106 19.7 3.2
"54" "52" 2002-02-24 25.21 "ATL" "@" "DEN" "W" 5 1 42.35 0.621 0.533 9.5 12.7 11.3 13.8 2.7 3.8 9.7 24.7 129 98 22.4 8.9
"55" "53" 2002-02-27 25.21 "ATL" "" "SEA" "L" -17 1 42.3333333333333 0.726 0.692 13.9 34 23.4 19.3 0 1.8 32.6 26.3 102 106 18 2.5
"56" "54" 2002-03-02 25.22 "ATL" "" "CLE" "W" 3 1 40.7 0.352 0.368 10.4 15.6 12.5 26.2 2.6 4.3 4.8 23.2 89 91 12.9 3.9
"57" "55" 2002-03-04 25.23 "ATL" "" "MEM" "W" 19 1 32.8333333333333 0.617 0.625 9.7 19.1 15 29.7 1.7 2.3 9.7 32.4 121 88 19.5 8.3
"58" "56" 2002-03-05 25.23 "ATL" "@" "CLE" "L" -7 1 38.7666666666667 0.478 0.474 0 19.1 10 38.3 1.3 6.7 13.1 27.5 98 105 17.3 5.9
"59" "57" 2002-03-09 25.24 "ATL" "" "PHI" "L" -21 1 39.8 0.658 0.639 14.3 8.3 11.8 10.1 2.8 0 13.2 26.1 127 132 20.7 5.7
"60" "58" 2002-03-11 25.25 "ATL" "" "GSW" "W" 25 1 36.4666666666667 0.586 0.5 18.1 17.8 17.9 9.7 0 0 11 20.9 130 102 17.2 1.8
"61" "59" 2002-03-13 25.25 "ATL" "" "DEN" "W" 3 1 42.9666666666667 0.687 0.656 2.9 18.2 10.9 12 2.4 1.7 18 23.8 116 107 19.4 2.1
"62" "60" 2002-03-15 25.26 "ATL" "" "PHO" "W" 15 1 43.15 0.65 0.571 7.2 19.9 15.4 9.8 1.3 1.4 10.6 30.6 133 95 25.6 6.6
"63" "61" 2002-03-17 25.26 "ATL" "@" "IND" "L" -17 1 30.9833333333333 0.349 0.333 3.4 18.4 10.7 14.2 0 0 23.7 25.3 62 100 0.2 -9.4
"64" "62" 2002-03-19 25.27 "ATL" "@" "CHI" "W" 6 1 38.2333333333333 0.671 0.625 7.2 25.9 17.1 21.6 4 2.1 24.4 29.6 105 95 20.1 3.3
"65" "63" 2002-03-21 25.27 "ATL" "" "NYK" "W" 29 1 30.3166666666667 0.639 0.577 4.2 27.8 17.1 20.6 1.7 0 30.9 33.5 97 92 13.5 0.4
"66" "" 2002-03-23 25.28 "ATL" "" "CHI" "W" 16 NA NA NA NA NA NA NA NA NA NA NA NA NA NA NA NA
"67" "64" 2002-03-24 25.28 "ATL" "@" "NJN" "L" -14 1 41.7666666666667 0.623 0.571 5.2 17.3 10.4 37.6 2.5 0 19.9 31.9 113 126 23 4.1
"68" "65" 2002-03-26 25.29 "ATL" "" "NJN" "W" 26 1 30.15 0.676 0.625 4.3 7.8 6.2 16.7 1.7 5.2 13.1 23.3 126 84 14.6 7.2
"69" "66" 2002-03-28 25.29 "ATL" "" "TOR" "L" -2 1 39.2833333333333 0.414 0.404 7.9 20.5 13.8 34.8 2.7 1.8 6.7 35.6 90 90 14.8 5.5
"70" "67" 2002-03-29 25.3 "ATL" "@" "MIA" "L" -12 1 35.6333333333333 0.564 0.5 7 15.2 11.4 6.7 0 1.8 19.2 28.1 99 109 10.5 -0.3
"71" "68" 2002-03-31 25.3 "ATL" "" "SAC" "L" -1 1 43.8 0.45 0.417 2.7 10.3 7 14.9 1.1 0 17.5 22.1 86 98 8.4 -2.4
"72" "69" 2002-04-02 25.31 "ATL" "" "MIL" "W" 8 1 42.6166666666667 0.298 0.3 0 21.4 11 27.4 0 0 10.7 20.2 78 101 4.2 -6.5
"73" "70" 2002-04-04 25.31 "ATL" "" "IND" "W" 1 1 40.1666666666667 0.445 0.429 9.7 0 4.7 17.3 4.1 0 14.3 25.6 92 107 9.9 -0.7
"74" "71" 2002-04-06 25.32 "ATL" "" "CHH" "L" -7 1 41.9833333333333 0.491 0.353 10.8 23.5 15.8 4.5 1.4 1.7 12.3 25.9 106 108 14.5 1
"75" "72" 2002-04-08 25.32 "ATL" "@" "DET" "L" -6 1 42.9666666666667 0.554 0.526 2.2 9.6 5.2 12 1.2 1.7 4.6 20.8 121 113 16.9 2.4
"76" "73" 2002-04-10 25.33 "ATL" "@" "CHH" "W" 6 1 43.4333333333333 0.709 0.611 3.6 10.6 7.7 19.8 3.7 1.5 14.7 30.6 127 105 28.4 8.8
"77" "74" 2002-04-12 25.33 "ATL" "@" "TOR" "L" -39 1 27.75 0.412 0.357 8.4 23.6 14.7 8.4 1.9 0 30.8 38.6 64 126 1.3 -15
"78" "75" 2002-04-13 25.34 "ATL" "" "CLE" "W" 5 1 52.55 0.634 0.542 1.8 22.3 11.5 10.3 2.9 0 12.3 25.4 120 104 27.9 5
"79" "76" 2002-04-16 25.35 "ATL" "" "ORL" "L" -7 1 44.1333333333333 0.518 0.45 4.8 21.3 13.2 15 1.1 1.5 8.3 22.2 113 100 17.6 3.7
"80" "77" 2002-04-17 25.35 "ATL" "@" "BOS" "L" -8 1 38.0666666666667 0.353 0.3 9.7 8.4 9.1 5.9 2.8 6.6 11.7 30 75 98 8.3 -4.2
"1" "" 2002-10-30 25.88 "ATL" "@" "NJN" "L" -11 NA NA NA NA NA NA NA NA NA NA NA NA NA NA NA NA
"2" "1" 2002-10-31 25.89 "ATL" "" "UTA" "W" 7 1 28.3166666666667 0.529 0.577 10.1 12.5 11.4 6.3 0 0 15.7 29.4 94 108 7.1 -6.6
"3" "2" 2002-11-02 25.89 "ATL" "" "CHI" "W" 6 1 30.6 0.528 0.5 0 19 9.9 17.7 1.6 0 14 19.2 100 92 8.2 -0.1
"4" "3" 2002-11-05 25.9 "ATL" "@" "DEN" "W" 16 1 39.2333333333333 0.69 0.625 15.4 20.5 18.5 12.2 5.5 1.6 22.5 19.8 125 87 20.6 8.4
"5" "4" 2002-11-06 25.9 "ATL" "@" "PHO" "L" -5 1 38.5333333333333 0.531 0.529 8 11.4 9.7 25.7 0 1.7 5.3 21.4 121 107 15.6 2.1
"6" "5" 2002-11-08 25.91 "ATL" "@" "UTA" "L" -13 1 36.0166666666667 0.564 0.5 8.1 11.4 9.8 5.1 1.5 1.9 16.6 24.5 103 123 10.7 -4.2
"7" "6" 2002-11-10 25.92 "ATL" "@" "SAC" "L" -8 1 40.3166666666667 0.694 0.563 2.7 14.7 9 21.9 2.4 0 11.5 27.1 135 104 26.2 12.2
"8" "7" 2002-11-12 25.92 "ATL" "@" "LAL" "W" 12 1 40.8166666666667 0.637 0.5 6 14.9 11.5 5.2 0 0 4.7 24.8 136 95 20.3 5
"9" "8" 2002-11-16 25.93 "ATL" "" "NOH" "W" 7 1 40.0166666666667 0.606 0.441 6 12.2 9.7 15.3 1.3 1.6 8.2 28 127 92 21.3 7.4
"10" "9" 2002-11-18 25.94 "ATL" "" "TOR" "W" 25 1 30.9333333333333 0.827 0.8 4.4 17.2 10.9 10.2 3.4 2.9 0 23.2 176 95 26.1 16.7
"11" "10" 2002-11-20 25.94 "ATL" "" "MIN" "L" -10 1 41.3833333333333 0.673 0.607 7.5 20.8 14 27.6 0 0 5.5 19.1 142 111 21.7 8.5
"12" "11" 2002-11-22 25.95 "ATL" "@" "BOS" "L" -7 1 47.2666666666667 0.459 0.35 4.7 11 7.9 31.6 4.6 1.7 17.3 29.9 90 95 17.1 3.7
"13" "12" 2002-11-23 25.95 "ATL" "" "BOS" "L" -10 1 33.6333333333333 0.59 0.286 7.6 17.6 13.3 11.7 0 0 28.2 22.6 99 115 8.1 -5.8
"14" "13" 2002-11-26 25.96 "ATL" "" "SEA" "W" 3 1 44.3666666666667 0.627 0.579 14.7 10.5 12.5 8.7 0 1.4 19.5 29.5 115 117 19.3 -1.3
"15" "14" 2002-11-27 25.96 "ATL" "@" "NOH" "L" -12 1 32.95 0.476 0.429 4.2 23.5 13.2 11.1 0 0 11.3 25.1 102 127 7.6 -6.5
"16" "15" 2002-11-29 25.97 "ATL" "" "MIA" "W" 6 1 44.8833333333333 0.589 0.444 5.5 9.5 7.9 17.2 1.2 1.4 10.9 29.7 119 102 21.3 4.5
"17" "16" 2002-11-30 25.97 "ATL" "@" "ORL" "L" -25 1 28.1 0.722 0.722 13.4 23.9 18.2 6.2 0 0 18.2 16 124 124 11.2 -0.9
"18" "17" 2002-12-03 25.98 "ATL" "@" "NJN" "L" -15 1 41.9333333333333 0.379 0.364 4.5 16.3 10.3 14 2.4 3.1 21.6 18.2 73 91 6.3 -2.7
"19" "18" 2002-12-05 25.98 "ATL" "" "MIL" "W" 18 1 39.3166666666667 0.538 0.538 3.3 12.3 8 12.2 1.5 0 18.8 19.8 97 101 9.3 -5.3
"20" "19" 2002-12-07 25.99 "ATL" "" "DET" "W" 2 1 43.6833333333333 0.669 0.6 0 17.5 10.6 22.6 0 1.6 10.4 22.8 131 113 20.3 6.2
"21" "20" 2002-12-11 26 "ATL" "@" "DET" "L" -11 1 39.8166666666667 0.615 0.536 9.2 22 16.4 11.1 0 2 19 25.2 111 104 15.3 3.7
"22" "21" 2002-12-12 26 "ATL" "@" "MIN" "L" -18 1 40.35 0.581 0.542 9.7 11.7 10.8 15.6 0 0 12.7 18.3 123 135 12.1 -3.5
"23" "22" 2002-12-14 26.01 "ATL" "" "PHO" "L" -14 1 39.7166666666667 0.542 0.538 10.7 13 11.9 24.4 0 0 21.3 21.2 100 114 11.5 -1.9
"24" "23" 2002-12-17 26.02 "ATL" "" "WAS" "L" -10 1 39.3333333333333 0.614 0.455 12.3 21.7 16.6 27.5 2.8 0 0 19.8 151 121 22.7 9.1
"25" "24" 2002-12-20 26.02 "ATL" "@" "HOU" "L" -19 1 37.85 0.559 0.529 7.2 21.7 12.9 10.3 0 0 0 21.4 128 119 16.2 2.9
"26" "25" 2002-12-21 26.03 "ATL" "" "PHI" "W" 2 1 41.0333333333333 0.651 0.611 5.9 7.2 6.6 14.5 4 0 21.8 34.4 102 90 17.7 3.6
"27" "26" 2002-12-23 26.03 "ATL" "@" "IND" "L" -15 1 37.4 0.591 0.462 3.3 16.6 10 13.3 2.8 0 15.7 24.1 108 120 13.6 -1.4
"28" "27" 2002-12-27 26.04 "ATL" "" "SAS" "W" 2 1 41.4166666666667 0.524 0.5 5.9 31.9 17.6 11.7 1.5 2.1 7.2 36 107 96 19.4 6.4
"29" "28" 2002-12-28 26.05 "ATL" "@" "WAS" "L" -8 1 40.7833333333333 0.541 0.429 0 22.3 11 20.4 0 0 15.3 24.1 102 105 11.2 0
"30" "29" 2002-12-30 26.05 "ATL" "@" "MIA" "L" -9 1 41.7166666666667 0.472 0.308 0 12 5.7 14.6 0 0 10.5 22.5 98 119 7.8 -4.9
"31" "30" 2003-01-01 26.06 "ATL" "" "MIA" "L" -34 1 29.2333333333333 0.761 0.714 8.9 37.8 23 29.7 1.8 2.5 33.7 19.5 103 110 11.1 4.1
"32" "31" 2003-01-04 26.07 "ATL" "" "DET" "L" -4 1 40.2666666666667 0.49 0.313 13.3 19.5 16.4 4.8 8.3 2.3 19.7 30.4 94 90 16.2 3.8
"33" "32" 2003-01-06 26.07 "ATL" "" "NJN" "L" -7 1 35.4833333333333 0.727 0.667 6.8 11.1 8.9 0 2.8 2.2 27.9 17.1 107 106 9.7 -1.4
"34" "33" 2003-01-08 26.08 "ATL" "" "DAL" "L" -18 1 28.1 0.359 0.25 3.8 22 12.2 5 0 0 9.3 16.5 83 127 3.3 -10.5
"35" "34" 2003-01-10 26.08 "ATL" "" "HOU" "W" 9 1 36.75 0.57 0.357 0 13 7.1 6 0 0 4.7 27.7 122 93 14.8 5.1
"36" "35" 2003-01-11 26.08 "ATL" "" "NOH" "W" 7 1 39.8666666666667 0.603 0.531 0 26.7 15 5.4 0 0 20.8 30.3 99 95 12.9 -0.4
"37" "36" 2003-01-14 26.09 "ATL" "@" "MIL" "L" -9 1 40.4166666666667 0.516 0.412 10.9 23.3 17.4 18.8 1.4 0 18.3 31.9 102 113 14.1 -1.8
"38" "37" 2003-01-15 26.1 "ATL" "@" "BOS" "L" -20 1 34.4833333333333 0.522 0.5 8.9 15.2 12.1 7.6 1.6 0 18 28.6 92 100 9.9 1.1
"39" "38" 2003-01-17 26.1 "ATL" "@" "SAS" "L" -13 1 40.8333333333333 0.576 0.5 9 19.5 14.5 26.5 0 1.7 21.3 21.3 110 117 14.9 4.2
"40" "39" 2003-01-18 26.1 "ATL" "" "NYK" "L" -3 1 33.7 0.415 0.375 7.1 11.5 9.5 4.9 0 4 10.6 25.2 87 108 7.1 -5.3
"41" "40" 2003-01-20 26.11 "ATL" "" "CHI" "L" -13 1 38.85 0.652 0.567 6.5 8.6 7.6 14.1 1.4 1.7 8.8 27.2 133 130 21.4 4.4
"42" "41" 2003-01-22 26.12 "ATL" "" "POR" "L" -2 1 54.45 0.446 0.36 9.3 12.2 10.6 14.3 1 0 3.2 25.7 108 109 18.8 0.5
"43" "42" 2003-01-24 26.12 "ATL" "" "SAC" "W" 11 1 32.6 0.331 0.214 7.9 25.5 17 22 1.5 0 5.7 23.9 93 106 7.7 -5.9
"44" "43" 2003-01-25 26.12 "ATL" "@" "CLE" "W" 1 1 42.1833333333333 0.591 0.467 8.1 24.7 16.3 9.6 3.7 1.6 15.9 27 110 93 21.2 3.9
"45" "44" 2003-01-28 26.13 "ATL" "@" "NYK" "L" -5 1 39.9333333333333 0.534 0.48 21.3 30.9 25.5 11.7 0 0 12.5 36.9 113 117 22.2 1.9
"46" "45" 2003-01-29 26.13 "ATL" "@" "PHI" "W" 14 1 39.3833333333333 0.551 0.375 6.8 7.9 7.4 8.5 2.9 1.7 5.2 24.4 123 98 17 2.6
"47" "46" 2003-01-31 26.14 "ATL" "" "CLE" "W" 5 1 34.5333333333333 0.54 0.333 10.5 16.3 13.5 9.5 0 0 13.4 19.3 114 104 10.7 -3.3
"48" "47" 2003-02-02 26.15 "ATL" "" "ORL" "W" 8 1 38.5166666666667 0.576 0.5 9.7 14.5 12.6 30.4 0 0 13.1 29.6 117 104 19.2 4
"49" "48" 2003-02-03 26.15 "ATL" "@" "MIA" "L" -20 1 35.7333333333333 0.684 0.692 6.5 24.8 15.9 6.1 1.5 0 26.5 25.6 100 110 12.4 0.5
"50" "49" 2003-02-11 26.17 "ATL" "" "GSW" "L" -3 1 37.6166666666667 0.447 0.412 3 25.8 14.7 17 3.7 0 14.4 22.5 94 109 13 -2
"51" "50" 2003-02-12 26.17 "ATL" "@" "TOR" "L" -1 1 33.1333333333333 0.527 0.476 6.3 12.1 9.3 13 1.6 3.9 14.9 35.1 103 106 13.3 1.4
"52" "51" 2003-02-14 26.18 "ATL" "@" "IND" "L" -1 1 45.6333333333333 0.462 0.353 11.3 18.9 15.2 12.3 0 3.1 8.1 24 102 98 16.4 1
"53" "52" 2003-02-16 26.18 "ATL" "" "IND" "W" 13 1 38.9 0.453 0.368 7.5 20 14.6 9.3 1.4 2 12 28.8 98 94 11.9 -1.3
"54" "53" 2003-02-18 26.19 "ATL" "@" "DAL" "L" -26 1 27.2833333333333 0.735 0.5 9.7 4.8 7.7 27.1 3.9 0 24 19.6 127 115 13.7 7.4
"55" "54" 2003-02-22 26.2 "ATL" "@" "LAC" "W" 2 1 35.5666666666667 0.551 0.364 7 21.5 15.2 26.9 0 0 12.1 22.8 119 102 14.4 3.5
"56" "55" 2003-02-23 26.2 "ATL" "@" "GSW" "L" -22 1 37.0333333333333 0.54 0.375 8.5 27 16.7 11.2 4 0 15.8 27.7 105 109 18.4 2.6
"57" "56" 2003-02-25 26.21 "ATL" "@" "POR" "L" -3 1 37.7333333333333 0.593 0.5 7.7 28.4 19 22.8 2.9 1.9 13.7 18.8 119 95 15.9 5.4
"58" "57" 2003-02-26 26.21 "ATL" "@" "SEA" "L" -17 1 34.0833333333333 0.586 0.5 8.6 22.9 16.1 17.5 1.7 0 11 27 113 108 14.8 4.2
"59" "58" 2003-02-28 26.22 "ATL" "@" "CHI" "W" 22 1 32.55 0.378 0.333 4.2 6.8 5.6 11.3 3.3 2.2 11.2 25.9 84 99 6.8 -8.2
"60" "59" 2003-03-02 26.22 "ATL" "@" "MIL" "L" -27 1 38.4666666666667 0.703 0.615 15 19.2 17.2 30.2 0 0 16.1 23.6 134 135 21.8 5.4
"61" "60" 2003-03-04 26.23 "ATL" "" "DEN" "W" 6 1 44 0.635 0.619 0 24.2 13.1 0 1.2 0 4.1 26.4 121 95 21.9 2.2
"62" "61" 2003-03-05 26.23 "ATL" "@" "CLE" "W" 6 1 41.6833333333333 0.632 0.563 3.7 11.9 8.7 11.9 0 0 0 19.4 149 119 18.9 1.3
"63" "62" 2003-03-08 26.24 "ATL" "" "TOR" "L" -9 1 40.1666666666667 0.545 0.5 5.5 28.6 16.7 17 1.3 1.8 4.7 24.5 118 113 19.3 4.1
"64" "63" 2003-03-10 26.24 "ATL" "" "LAC" "W" 9 1 40.1833333333333 0.637 0.531 12.3 32.2 22.5 29.4 4 0 8.9 26.1 136 88 27.4 14.4
"65" "64" 2003-03-12 26.25 "ATL" "" "MIL" "W" 19 1 42.25 0.68 0.675 3.9 17.3 12.5 15.1 2.6 0 0 25 137 98 26.5 9.5
"66" "65" 2003-03-14 26.25 "ATL" "" "NYK" "W" 3 1 40.8666666666667 0.711 0.667 3.5 18.5 11.5 26.9 0 0 4.1 28.2 143 114 27.3 10.1
"67" "66" 2003-03-16 26.26 "ATL" "@" "MEM" "L" -32 1 29.5 0.601 0.5 5.9 15 9.3 0 5.2 0 5.7 25.9 121 124 16.1 4.6
"68" "67" 2003-03-18 26.27 "ATL" "@" "CHI" "L" -25 1 36.5666666666667 0.481 0.3 6.7 6 6.3 10.8 1.4 0 30.7 24.2 76 117 4 -9.1
"69" "68" 2003-03-19 26.27 "ATL" "@" "TOR" "L" -1 1 40.8666666666667 0.511 0.444 2.7 17.6 9.8 5.4 1.3 0 0 25.4 111 99 15.2 2.9
"70" "69" 2003-03-21 26.27 "ATL" "@" "PHI" "W" 9 1 39.15 0.594 0.467 3.6 26.2 16.7 8.4 3.8 3.3 9.7 24.9 115 99 20.6 3.6
"71" "70" 2003-03-22 26.28 "ATL" "" "IND" "W" 3 1 40.9833333333333 0.537 0.467 6.3 9.8 8.3 22.7 0 3.1 10.7 22.2 113 106 14.6 2.2
"72" "71" 2003-03-25 26.28 "ATL" "" "LAL" "L" -17 1 38.2333333333333 0.697 0.667 10 18.9 14.6 9.6 2.7 1.8 35.8 20.3 90 112 11.1 -2
"73" "72" 2003-03-26 26.29 "ATL" "@" "DET" "L" -3 1 39.55 0.573 0.471 2.9 18.2 11 9.3 2.7 0 13 28.8 106 103 15.5 1.2
"74" "73" 2003-03-29 26.3 "ATL" "" "PHI" "L" -21 1 35.1 0.727 0.667 3.2 10.8 6.8 10.2 0 0 0 12.9 155 120 12.5 -1.2
"75" "74" 2003-04-03 26.31 "ATL" "" "WAS" "W" 2 1 42.8333333333333 0.581 0.5 3.1 15.9 10 19.5 0 0 12.7 27.5 111 106 16.1 -0.6
"76" "75" 2003-04-05 26.32 "ATL" "" "MEM" "W" 6 1 41.1333333333333 0.458 0.421 7.8 10.4 9.1 19.1 2.7 0 8.8 25.1 103 105 14.1 0.3
"77" "76" 2003-04-08 26.32 "ATL" "@" "NYK" "L" -4 1 38.8 0.477 0.4 9 14.7 11.9 0 0 0 10.7 21.9 100 113 8.7 -6.7
"78" "77" 2003-04-09 26.33 "ATL" "" "NJN" "W" 5 1 39.7166666666667 0.592 0.577 5.7 33.2 20.2 16.2 4.2 1.9 20.8 23.2 103 93 17.9 5.3
"79" "78" 2003-04-11 26.33 "ATL" "" "CLE" "W" 20 1 29.1333333333333 0.73 0.667 6.8 35 21.3 15.5 0 2.1 20.5 21.7 123 87 16.8 4
"80" "79" 2003-04-12 26.33 "ATL" "@" "WAS" "W" 1 1 40.0166666666667 0.5 0.5 5.9 17.5 12.1 22.9 1.4 0 5.9 20.8 113 112 14.9 0.1
"81" "80" 2003-04-14 26.34 "ATL" "" "ORL" "W" 16 1 29.75 0.455 0.364 0 17.4 9.8 32.4 0 2.5 13.2 24.7 97 94 8.7 -1.6
"82" "81" 2003-04-16 26.35 "ATL" "@" "NOH" "L" -15 1 33.9166666666667 0.396 0.3 0 16.9 9 5.1 0 0 24 22.4 63 100 1.1 -9.3
"1" "1" 2003-10-29 26.88 "ATL" "@" "NOH" "L" -5 1 39.4666666666667 0.333 0.333 9.3 25.6 19.2 10.4 1.3 0 6.3 18.7 78 79 7.7 -2.2
"2" "2" 2003-10-31 26.89 "ATL" "@" "CHI" "L" -6 1 28.9333333333333 0.36 0.308 6.6 26 16.4 22.5 0 2.1 0 20.1 97 100 7.4 -2.3
"3" "3" 2003-11-01 26.89 "ATL" "" "IND" "L" -4 1 42.5333333333333 0.707 0.607 3 23.6 14 14.1 0 1.7 17.9 25.9 118 102 20.4 5
"4" "4" 2003-11-03 26.9 "ATL" "" "NOH" "W" 10 1 37.6333333333333 0.61 0.615 11.5 13.2 12.4 10.1 0 2 0 17.4 142 97 16.9 7.2
"5" "5" 2003-11-05 26.9 "ATL" "@" "GSW" "L" -27 1 29.3333333333333 0.319 0.222 10.1 32.4 20.9 6.4 3.6 0 19.3 24.1 65 96 3.8 -7.2
"6" "6" 2003-11-08 26.91 "ATL" "@" "POR" "L" -7 1 35.1333333333333 0.66 0.591 3.4 12.8 8.2 16 0 0 22.7 24.9 107 110 11.9 -0.2
"7" "7" 2003-11-09 26.91 "ATL" "@" "SEA" "W" 10 1 35.3166666666667 0.391 0.353 6.8 25 16.9 25.6 2.9 0 10.1 26.4 92 84 10.9 -0.8
"8" "8" 2003-11-11 26.92 "ATL" "@" "LAC" "L" -12 1 34.2166666666667 0.715 0.654 10.1 9 9.4 26.4 3.1 0 23.7 30 118 125 18.3 1.6
"9" "9" 2003-11-12 26.92 "ATL" "@" "PHO" "W" 5 1 37.3833333333333 0.735 0.7 12.7 11.8 12.2 9.3 2.9 2 8.4 14.7 150 102 17.7 7.3
"10" "10" 2003-11-15 26.93 "ATL" "" "NJN" "L" -15 1 36.35 0.41 0.25 3 11.4 6.7 10.3 0 0 6.4 19.7 93 117 4.8 -7.6
"11" "11" 2003-11-17 26.93 "ATL" "" "WAS" "L" -9 1 38.0166666666667 0.581 0.5 12.6 16.8 14.8 0 5.2 1.9 22.5 24.6 102 103 15 1.3
"12" "12" 2003-11-18 26.94 "ATL" "@" "MIL" "W" 8 1 34.5333333333333 0.666 0.533 9.8 23.3 17 5.1 0 4.2 4.7 27.1 145 101 24.1 10
"13" "13" 2003-11-21 26.95 "ATL" "@" "SAS" "L" -39 1 26.25 0.512 0.462 10.3 18.2 13.7 0 5.5 0 11.3 28.1 98 111 12.4 5.5
"14" "14" 2003-11-22 26.95 "ATL" "" "CLE" "W" 9 1 33.5833333333333 0.737 0.667 9.2 16 12.8 29.6 1.6 0 10.2 27 140 92 25.9 15.5
"15" "15" 2003-11-24 26.95 "ATL" "" "DET" "L" -5 1 39.0666666666667 0.53 0.429 14.1 25.1 20.5 19.5 0 0 10.9 33.7 111 105 18.6 1.9
"16" "16" 2003-11-26 26.96 "ATL" "" "TOR" "L" -2 1 45.5 0.689 0.65 5.5 32.4 18.4 13.2 0 0 8.4 25.9 136 109 24.8 5.9
"17" "17" 2003-11-28 26.96 "ATL" "" "MIA" "W" 12 1 36.35 0.862 0.786 10.9 22.2 16.5 0 4.4 2.2 9.2 27 161 84 34.3 20.8
"18" "18" 2003-11-29 26.97 "ATL" "@" "PHI" "L" -12 1 35.45 0.594 0.538 14.4 20 17.3 22.5 1.6 0 12.3 22 120 113 16.7 6.1
"19" "19" 2003-12-02 26.98 "ATL" "" "MIL" "L" -12 1 34.5166666666667 0.702 0.6 8.8 6.9 7.9 12.1 0 0 17.8 25.9 129 118 18 5.4
"20" "20" 2003-12-05 26.98 "ATL" "@" "TOR" "L" -5 1 35.8333333333333 0.605 0.375 14.4 28.9 21.7 4.7 0 0 13.9 19.4 122 105 13.7 0.5
"21" "21" 2003-12-06 26.99 "ATL" "@" "CLE" "L" -10 1 42.6833333333333 0.685 0.63 17.2 17.2 17.2 14.9 1.3 0 11.3 41.1 129 112 33.3 13.5
"22" "22" 2003-12-09 26.99 "ATL" "" "DEN" "W" 14 1 36.15 0.674 0.667 10 17 13.8 20.4 1.4 0 10.9 21.7 133 103 20.3 5.8
"23" "23" 2003-12-10 27 "ATL" "@" "MEM" "L" -13 1 37.45 0.342 0.214 8.5 29.9 19.9 12.5 0 1.7 14.6 25.4 79 109 6.9 -9.3
"24" "24" 2003-12-12 27 "ATL" "@" "IND" "L" -11 1 39.1833333333333 0.603 0.571 3 25.3 13.1 8.7 0 0 16 23.3 103 121 13.2 -2.4
"25" "25" 2003-12-13 27.01 "ATL" "" "ORL" "L" -3 1 38.6333333333333 0.59 0.526 2.6 16.2 8.6 18.4 0 0 4.5 23.6 123 108 17.7 3
"26" "26" 2003-12-16 27.01 "ATL" "@" "MIA" "L" -18 1 34.8166666666667 0.38 0.278 12 13.6 12.8 17.7 1.7 2.1 8.7 33.1 87 113 9.9 -2.1
"27" "27" 2003-12-17 27.02 "ATL" "" "GSW" "L" -13 1 34.5833333333333 0.44 0.375 9.2 22 15.5 20.5 1.6 0 9.9 27 98 106 11.2 0.2
"28" "28" 2003-12-19 27.02 "ATL" "" "SAC" "L" -12 1 40.6333333333333 0.488 0.389 10.6 14.9 12.9 9.1 0 1.6 15.7 28.8 95 111 12.3 -2
"29" "29" 2003-12-20 27.02 "ATL" "@" "NYK" "L" -11 1 36.75 0.74 0.6 6.8 24.5 15.6 16.8 1.5 2.2 12.9 20 142 114 20.3 9.6
"30" "30" 2003-12-23 27.03 "ATL" "" "BOS" "W" 5 1 37.15 0.616 0.533 3.6 8.4 6.3 20.3 1.4 2.5 19.8 29.8 107 97 16.8 3.3
"31" "31" 2003-12-26 27.04 "ATL" "@" "NOH" "L" -30 1 23.85 0.371 0.333 5.7 25 16 7.7 0 3 0 18.7 95 121 5.5 -2.5
"32" "32" 2003-12-27 27.04 "ATL" "" "DET" "L" -3 1 40.45 0.559 0.529 11.7 22.3 17.1 21.6 4.5 1.8 18.3 28.1 106 98 17.8 6.8
"33" "33" 2003-12-30 27.05 "ATL" "@" "WAS" "W" 10 1 38.75 0.662 0.667 5.5 36.1 21.3 16.6 1.4 0 9.6 25.2 122 75 21.5 9.3
"34" "34" 2004-01-02 27.06 "ATL" "@" "MIN" "L" -18 1 35.5 0.415 0.333 0 19 9.2 6 0 0 0 24.8 87 106 6.6 -4
"35" "35" 2004-01-03 27.06 "ATL" "@" "DEN" "W" 8 1 35 0.393 0.316 18.6 16.3 17.5 10.3 1.6 0 8.5 29.9 98 92 11 0.3
"36" "36" 2004-01-06 27.07 "ATL" "@" "SAC" "L" -16 1 30.35 0.503 0.5 12 20.5 16.2 7.4 0 0 9.6 31.7 105 120 11.9 -0.5
"37" "37" 2004-01-09 27.08 "ATL" "@" "LAL" "L" -46 1 22.15 0.608 0.5 0 19.4 11.3 0 2.5 0 25.8 17.6 90 128 4.4 -6.1
"38" "38" 2004-01-10 27.08 "ATL" "@" "UTA" "L" -21 1 32.2 0.705 0.625 4.1 28.4 16.2 24.3 0 5.3 32 24.8 99 102 10.7 0.9
"39" "39" 2004-01-13 27.09 "ATL" "" "SAS" "W" 9 1 43.6166666666667 0.623 0.5 9.6 16.3 13.4 16 3.9 0 4.1 27.7 135 85 25.9 12.8
"40" "40" 2004-01-14 27.09 "ATL" "@" "IND" "L" -7 1 37.4833333333333 0.504 0.467 5.8 15.5 10.5 11.8 1.5 0 15.9 24 90 97 8.6 -2.2
"41" "41" 2004-01-17 27.1 "ATL" "" "TOR" "W" 5 1 42.9 0.404 0.348 5.2 22.8 14.6 17.6 0 0 3.9 30.8 93 87 11.4 0.2
"42" "42" 2004-01-19 27.11 "ATL" "" "IND" "L" -3 1 43.4833333333333 0.712 0.533 7.2 14 11 13.9 1.3 0 15.1 31.2 132 118 24.3 4.8
"43" "43" 2004-01-21 27.11 "ATL" "" "CHI" "W" 10 1 40.6 0.557 0.5 13 20.5 16.9 9.2 0 0 20.2 29.3 103 104 13.1 -6.1
"44" "44" 2004-01-23 27.12 "ATL" "" "NYK" "L" -2 1 40.7333333333333 0.793 0.75 2.8 17.6 9.4 5 1.5 0 6 20 153 120 21.7 7.7
"45" "45" 2004-01-25 27.12 "ATL" "@" "DET" "W" 9 1 33.9 0.391 0.353 3.8 7.4 5.6 5.1 0 0 14.4 29.5 76 106 1.5 -15
"46" "46" 2004-01-27 27.13 "ATL" "" "PHO" "L" -4 1 38.55 0.581 0.5 3.4 36.1 20.8 0 1.3 0 26.7 22.4 85 93 9.5 -3.1
"47" "47" 2004-01-29 27.13 "ATL" "" "POR" "L" -8 1 39.2666666666667 0.458 0.333 6.3 15 10.8 7.9 2.8 0 12.3 19.3 100 105 8.9 -4.3
"48" "48" 2004-01-31 27.14 "ATL" "" "MIL" "W" 10 1 41.0666666666667 0.608 0.417 12.7 19.1 16.3 12.1 0 0 10.4 21.9 131 96 18.7 4.3
"49" "49" 2004-02-02 27.15 "ATL" "" "LAC" "L" -6 1 38.5666666666667 0.543 0.357 8.4 18.4 13.6 0 0 0 14 26 107 113 11.8 -6.4
"50" "50" 2004-02-04 27.15 "ATL" "" "MIN" "W" 8 1 44.2333333333333 0.63 0.524 10.1 21.8 16.4 21.8 1.2 0 0 25.9 148 97 30.8 14.1
"51" "51" 2004-02-06 27.16 "ATL" "@" "BOS" "W" 4 1 39.0666666666667 0.689 0.667 8.4 16.1 13.1 14.1 0 2 23.9 24.2 112 105 15.8 -0.3
"52" "52" 2004-02-07 27.16 "ATL" "" "HOU" "L" -9 1 39.9333333333333 0.484 0.389 8.6 20 13.8 5.8 1.4 0 8.8 27 99 102 13 2.1
"53" "53" 2004-02-09 27.16 "ATL" "" "DAL" "W" 6 1 44.05 0.566 0.474 12.4 10.1 11.1 11.6 0 1.6 11.2 25.8 116 105 20.9 1.8
"54" "" 2004-02-10 27.17 "POR" "" "UTA" "L" -5 NA NA NA NA NA NA NA NA NA NA NA NA NA NA NA NA
"55" "54" 2004-02-12 27.17 "POR" "" "DEN" "L" -9 0 29.5166666666667 0.549 0.5 11.4 42.4 25.3 18.3 0 0 0 26.4 129 116 17.3 5.4
"56" "55" 2004-02-17 27.19 "POR" "@" "LAL" "L" -3 0 27.8166666666667 0.526 0.462 8 13.2 10.5 7.2 2 2.4 16.5 33 93 102 9.4 -1.3
"57" "56" 2004-02-18 27.19 "POR" "" "LAC" "W" 15 1 37.6 0.509 0.455 6 6 6 7.7 1.5 2.1 23.9 20 93 112 7.2 -7.4
"58" "57" 2004-02-20 27.19 "POR" "@" "GSW" "W" 1 0 31.5666666666667 0.575 0.55 6.2 23.6 14.5 17.7 0 2.5 22.3 19.7 103 111 9.5 0
"59" "58" 2004-02-21 27.2 "POR" "" "BOS" "W" 21 0 21.8833333333333 0.666 0.6 12.5 14.5 13.6 13.9 2.4 0 30.7 21.1 104 93 6 -3.6
"60" "59" 2004-02-23 27.2 "POR" "@" "MIA" "W" 8 0 25.8166666666667 0.461 0.375 5.4 4.5 4.9 6.5 6.7 0 9.3 21 99 94 7.5 2.2
"61" "60" 2004-02-24 27.21 "POR" "@" "ORL" "W" 3 1 43.8333333333333 0.589 0.545 6.3 13.4 10.5 12.5 0 1.5 25.2 18.4 100 98 8.7 -2
"62" "61" 2004-02-27 27.21 "POR" "@" "HOU" "L" -4 0 21.4333333333333 0.778 0.714 0 5.7 3.1 33.3 0 0 17.2 28.1 134 113 11.3 8.3
"63" "62" 2004-02-28 27.22 "POR" "@" "DAL" "L" -20 0 33.1333333333333 0.468 0.462 0 18.8 8.9 19.6 0 2 6.7 21.8 97 123 8.4 -1.4
"64" "63" 2004-03-03 27.23 "POR" "" "MEM" "L" -9 0 26.4166666666667 0.291 0.167 7.5 31.6 17.6 0 4.1 3 12.7 12.7 74 100 4.7 -3
"65" "64" 2004-03-04 27.23 "POR" "" "DET" "L" -15 0 24.85 0.46 0.4 8 0 4.3 0 0 0 21.6 27.5 78 116 1.8 -9.5
"66" "65" 2004-03-06 27.24 "POR" "" "UTA" "W" 21 0 19.1833333333333 0.452 0.25 0 23 13.1 24.1 3.2 3.8 23.1 23.8 86 78 4.2 -2
"67" "66" 2004-03-07 27.24 "POR" "@" "LAC" "L" -20 1 39.25 0.373 0.353 12.6 21.1 16.1 16.3 1.5 0 14.7 24.6 82 109 7.3 -4
"68" "67" 2004-03-10 27.25 "POR" "" "MIN" "W" 13 0 22.8833333333333 0.605 0.571 15.6 14.5 15 0 8.2 3.1 0 16.2 144 85 11.6 10.3
"69" "68" 2004-03-12 27.25 "POR" "" "SAC" "W" 2 0 14.5 0.581 0.5 16 7.3 11.4 24.2 3.8 0 12.7 24.9 124 98 7.7 10.6
"70" "69" 2004-03-14 27.26 "POR" "@" "MIN" "W" 9 0 17.8 0.286 0.286 18.8 16.9 17.8 10.7 0 7.4 0 19.7 104 103 4.2 -1.3
"71" "70" 2004-03-16 27.26 "POR" "@" "MIL" "W" 1 0 16.5666666666667 0.913 0.857 0 23.1 11.7 25 0 0 18.6 31.6 146 116 13 14
"72" "71" 2004-03-17 27.27 "POR" "@" "IND" "L" -9 0 22.0833333333333 0.798 0.625 0 34.4 17.5 0 0 7.2 21 23.1 131 96 9.6 7.8
"73" "72" 2004-03-20 27.27 "POR" "" "ORL" "W" 19 0 22.25 0.357 0.357 13.9 3.7 7.3 16.6 0 0 12.5 36.6 78 94 2.5 -13.7
"74" "73" 2004-03-22 27.28 "POR" "" "HOU" "L" -8 0 16.0166666666667 0.643 0.643 26 8.7 18.6 0 3.8 5 0 22.4 141 102 9.7 16.3
"75" "74" 2004-03-24 27.28 "POR" "" "LAC" "W" 6 0 25.1666666666667 0.504 0.462 3.9 12.7 7.3 8.1 0 0 0 25.7 114 106 8.1 -2.3
"76" "75" 2004-03-27 27.29 "POR" "" "SEA" "W" 7 0 19.35 0.41 0.4 12 15.1 13.4 9.3 2.9 0 7.6 32 92 119 5.3 -9.4
"77" "76" 2004-03-29 27.3 "POR" "@" "NYK" "L" -1 0 17.5333333333333 0.754 0.5 7.8 19 14 8.5 3.2 3.7 17.7 16.5 139 103 8.2 7.6
"78" "77" 2004-03-31 27.3 "POR" "@" "BOS" "W" 7 0 12 0.6 0.6 0 17.4 10.8 12.1 0 6.7 16.7 23.2 110 110 3.9 -2.2
"79" "78" 2004-04-01 27.31 "POR" "@" "PHI" "W" 6 0 15.3833333333333 0.41 0.375 8.9 0 3.8 13.1 4 0 0 34.4 97 107 4.4 -4.7
"80" "79" 2004-04-03 27.31 "POR" "" "NOH" "L" -13 0 21.9666666666667 0.53 0.409 15.2 6.2 11.1 0 2.9 4.1 13.2 34.5 111 117 8.8 1.9
"81" "80" 2004-04-06 27.32 "POR" "@" "LAL" "W" 11 0 19.8666666666667 0.615 0.5 7.5 10.2 9.1 28.9 2.7 0 29.1 16.7 112 95 6.7 4.4
"82" "81" 2004-04-07 27.32 "POR" "" "GSW" "W" 6 0 15.6666666666667 0.333 0.333 0 18.8 10.6 10.7 7.1 4.2 14.3 23.9 61 82 3.1 -3.7
"83" "82" 2004-04-09 27.33 "POR" "@" "SAS" "L" -10 0 18.25 0.258 0 0 13 6.2 8.7 6.6 4.4 34 16.1 48 99 1.1 -4.8
"84" "83" 2004-04-10 27.33 "POR" "@" "DEN" "L" -10 0 10.3833333333333 0.635 0.571 13.6 23.6 18.9 0 0 0 27.6 54.2 90 116 4.2 -9.4
"85" "84" 2004-04-12 27.34 "POR" "" "SAS" "L" -12 0 25.1166666666667 0.457 0.286 4.3 24 12.5 9.5 0 0 10.2 18.7 96 98 4.3 -1.5
"86" "85" 2004-04-14 27.34 "POR" "" "LAL" "L" -1 0 16.1 0.592 0.4 0 11.7 6.8 9.9 0 0 22.8 26.9 101 107 4.2 -2.7
"1" "1" 2004-11-03 27.9 "POR" "@" "GSW" "W" 3 1 28.45 0.758 0.727 7.9 9.5 8.8 35.3 1.9 0 25.2 26.8 114 88 14.8 10.1
"2" "2" 2004-11-05 27.9 "POR" "" "LAC" "W" 13 1 44.1 0.548 0.471 6.8 15.6 11.8 3.6 6.4 3.1 16.6 26.4 104 88 18 1
"3" "3" 2004-11-07 27.91 "POR" "@" "TOR" "L" -4 1 29.7666666666667 0.576 0.538 7.2 10.8 9 0 1.8 0 6.7 22.9 121 113 11.2 0.8
"4" "4" 2004-11-09 27.92 "POR" "@" "NJN" "L" -4 1 38.7333333333333 0.366 0.313 12.3 19.1 15.5 0 0 0 14.5 25.2 70 80 5.2 -6.2
"5" "5" 2004-11-10 27.92 "POR" "@" "BOS" "L" -2 1 27.9333333333333 0.588 0.563 4.5 33.4 19.5 0 2 0 8.9 20.3 109 100 9.5 2
"6" "6" 2004-11-13 27.93 "POR" "" "TOR" "W" 3 1 34.3 0.759 0.722 6.5 16.7 11.6 0 0 0 16.8 14.9 132 117 10 -2.8
"7" "7" 2004-11-17 27.94 "POR" "" "MEM" "L" -19 1 24.0333333333333 0.727 0.667 0 28.6 11.8 9.5 2.3 6.8 0 13.3 153 109 10.5 7.4
"8" "8" 2004-11-19 27.94 "POR" "" "MIL" "W" 12 1 31.15 0.66 0.625 14.6 6 9.9 0 1.6 0 23.7 22.1 111 110 10.2 -4
"9" "9" 2004-11-21 27.95 "POR" "" "HOU" "L" -4 1 38.5833333333333 0.579 0.333 6 13.7 9.6 8 0 0 10.4 13 132 127 8.4 -3
"10" "10" 2004-11-23 27.95 "POR" "@" "MIA" "W" 12 1 26.1833333333333 0.694 0.5 14.8 21.7 18.5 12.3 0 3 0 19.8 172 103 16.9 14.6
"11" "11" 2004-11-24 27.96 "POR" "@" "ORL" "W" 6 1 35.2 0.5 0.5 14.4 28.2 21 0 0 0 20 19.5 93 91 8.4 -5
"12" "12" 2004-11-26 27.96 "POR" "@" "DAL" "L" -9 1 33.15 0.466 0.417 0 20 10 11.8 3.4 2.3 18.9 23.9 79 98 6.9 -3.6
"13" "13" 2004-11-28 27.97 "POR" "" "NJN" "W" 12 1 34.3 0.568 0.364 15.3 15.7 15.5 0 1.7 2.1 11.8 22.9 121 85 14.4 4.5
"14" "14" 2004-11-30 27.97 "POR" "" "SEA" "W" 6 1 40.3833333333333 0.644 0.5 8.9 10.3 9.7 4.7 1.4 0 0 22.8 149 113 21.3 8.4
"15" "15" 2004-12-04 27.98 "POR" "@" "SEA" "L" -10 1 41.2833333333333 0.608 0.438 6.5 21.6 14.2 4.4 0 2.3 8 14.1 129 114 12.3 0.6
"16" "16" 2004-12-05 27.99 "POR" "" "PHO" "L" -22 1 34.45 0.656 0.636 9.1 24.4 16.8 15 4.4 2.2 30.4 19.2 100 118 13.8 2.7
"17" "17" 2004-12-09 28 "POR" "" "BOS" "W" 2 1 39.45 0.444 0.406 18.6 15.4 17.1 4.8 2.8 0 19.2 21.6 95 98 11.5 -0.6
"18" "18" 2004-12-10 28 "POR" "@" "UTA" "L" -5 1 47.3666666666667 0.786 0.778 5.6 13.4 9.6 9.4 2.4 0 24.9 16.5 122 98 16.2 4.1
"19" "19" 2004-12-12 28 "POR" "" "UTA" "W" 10 1 35.95 0.604 0.5 8.1 7.4 7.7 16.1 3.2 2 15.7 17.6 119 102 11.9 3.2
"20" "20" 2004-12-14 28.01 "POR" "@" "MIN" "L" -11 1 35.8833333333333 0.631 0.636 5.7 9.8 7.6 14 3 5.4 20.2 19.3 104 109 14.8 2.5
"21" "" 2004-12-15 28.01 "POR" "@" "CLE" "L" -24 NA NA NA NA NA NA NA NA NA NA NA NA NA NA NA NA
"22" "" 2004-12-17 28.02 "POR" "@" "ATL" "W" 16 NA NA NA NA NA NA NA NA NA NA NA NA NA NA NA NA
"23" "" 2004-12-18 28.02 "POR" "@" "DET" "W" 1 NA NA NA NA NA NA NA NA NA NA NA NA NA NA NA NA
"24" "" 2004-12-20 28.02 "POR" "@" "CHI" "L" -5 NA NA NA NA NA NA NA NA NA NA NA NA NA NA NA NA
"25" "" 2004-12-22 28.03 "POR" "@" "MIL" "W" 9 NA NA NA NA NA NA NA NA NA NA NA NA NA NA NA NA
"26" "" 2004-12-27 28.04 "POR" "" "PHI" "L" -7 NA NA NA NA NA NA NA NA NA NA NA NA NA NA NA NA
"27" "21" 2004-12-30 28.05 "POR" "" "SAS" "L" -34 0 30.9166666666667 0.418 0.333 16.8 18.4 17.6 7 0 0 10.7 28.8 91 130 7.6 -6.7
"28" "22" 2005-01-01 28.06 "POR" "" "GSW" "W" 9 1 45.6 0.761 0.714 5.1 12.4 9.4 8.9 2.3 1.5 5.5 18.1 148 95 25.2 8.9
"29" "23" 2005-01-02 28.06 "POR" "@" "PHO" "L" -19 1 35.6333333333333 0.53 0.545 13.7 19.1 16.5 0 1.4 0 27.5 21.3 87 121 5.7 -7.2
"30" "" 2005-01-05 28.07 "POR" "@" "LAC" "L" -4 NA NA NA NA NA NA NA NA NA NA NA NA NA NA NA NA
"31" "24" 2005-02-23 28.2 "POR" "" "LAL" "L" -3 0 27.55 0.573 0.5 11.3 14.4 12.7 8.4 0 0 12.5 26.8 116 108 10.7 1.6
"32" "25" 2005-02-25 28.21 "POR" "" "ATL" "W" 1 0 21.2333333333333 0.455 0.444 6.5 5.2 5.8 0 0 0 9.2 24.1 92 119 2.7 -14.4
"33" "26" 2005-02-27 28.21 "POR" "" "MIN" "L" -8 0 21.5666666666667 0.579 0.333 0 9.3 5 8.1 0 3 0 18.1 140 111 7.8 3.8
"34" "27" 2005-03-01 28.22 "POR" "" "DET" "L" -10 0 17.7 0.415 0.375 7.4 17.1 11.9 19.1 0 0 10.6 26 93 123 4.3 -3.5
"35" "28" 2005-03-04 28.23 "POR" "" "IND" "L" -9 1 43.5666666666667 0.683 0.639 0 14 7.5 8.1 1.3 0 9.2 25.2 122 122 19.1 0.5
"36" "29" 2005-03-05 28.23 "POR" "@" "PHO" "L" -13 1 35.7 0.741 0.719 3.6 45.7 24.1 4.4 0 0 0 18.9 165 125 22.4 8
"37" "30" 2005-03-07 28.24 "POR" "@" "DEN" "L" -13 1 34.0666666666667 0.603 0.583 3.9 10.9 8 25.1 0 0 19.4 18.9 106 115 11 -1
"38" "31" 2005-03-09 28.24 "POR" "" "CHI" "L" -13 1 35.3 0.644 0.571 12.9 20 17.1 16.1 0 1.8 14.9 27.4 118 107 17.1 2.8
"39" "32" 2005-03-12 28.25 "POR" "" "MEM" "W" 14 1 37.1833333333333 0.555 0.5 10 18.4 14.7 6.4 1.5 2.2 18.2 35.2 98 76 14.9 2.8
"40" "33" 2005-03-14 28.25 "POR" "@" "MEM" "L" -21 1 36.5 0.47 0.429 7.4 22.9 15 20.6 1.5 0 11.8 22.6 100 122 10.8 -1.5
"41" "34" 2005-03-16 28.26 "POR" "@" "HOU" "L" -31 1 31.8 0.61 0.417 0 16.2 7.7 32.4 1.7 0 10.9 28.1 115 122 14.2 3.9
"42" "35" 2005-03-17 28.26 "POR" "@" "DAL" "L" -4 1 45.55 0.455 0.333 5.1 6.4 5.8 14.5 1.1 1.4 18.5 26.1 88 109 10 -3.1
"43" "36" 2005-03-19 28.27 "POR" "" "ORL" "L" -5 1 41.55 0.419 0.333 3 13.5 9 8.6 0 0 16.2 21.6 81 112 4.7 -10.9
"44" "37" 2005-03-21 28.27 "POR" "@" "LAC" "L" -7 1 39.5333333333333 0.524 0.389 11.2 29.1 18.5 12.1 2.7 0 0 23.5 134 103 21.6 8.4
"45" "38" 2005-03-22 28.28 "POR" "@" "SAC" "L" -19 1 39.6333333333333 0.734 0.643 6.5 7.2 6.9 9.5 0 0 14 24 136 125 19.9 3.9
"46" "39" 2005-03-24 28.28 "POR" "" "SEA" "L" -5 1 34.45 0.484 0.385 12.1 6.5 9 10.5 3.3 6.5 0 24.5 116 107 15.1 5.6
"47" "40" 2005-03-26 28.29 "POR" "" "NYK" "W" 7 1 36.8166666666667 0.485 0.357 12.1 3.1 7.6 12 1.4 0 10.2 24.6 110 111 11.8 -3.6
"48" "41" 2005-03-28 28.29 "POR" "" "WAS" "L" -8 1 37.8 0.591 0.462 10.2 14.7 12.6 14.3 1.3 3.4 11.1 20.9 125 118 17.5 1.1
"49" "42" 2005-03-30 28.3 "POR" "" "HOU" "L" -16 1 28.5666666666667 0.823 0.773 0 15.8 8.7 8.8 0 0 7.3 24.4 146 117 17 9
"50" "43" 2005-04-01 28.3 "POR" "@" "SEA" "L" -2 1 41 0.599 0.5 0 15.6 8.8 18.1 1.4 0 5.4 22.9 125 106 17 4.1
"51" "44" 2005-04-02 28.31 "POR" "" "DEN" "L" -6 1 47.9333333333333 0.419 0.391 2.4 21.9 10.8 24.1 0 0 7.7 23.3 97 113 11.6 -2.5
"52" "45" 2005-04-05 28.32 "POR" "@" "UTA" "L" -11 1 29.9 0.361 0.286 9.7 14.9 12.6 11.5 0 0 37.5 22.3 60 107 -0.3 -14.8
"53" "46" 2005-04-06 28.32 "POR" "" "GSW" "L" -2 1 42.8833333333333 0.685 0.643 2.9 13.1 8.7 24 1.2 1.6 20.7 19.5 116 111 18 1.8
"54" "47" 2005-04-08 28.32 "POR" "" "SAC" "L" -4 1 38.6 0.539 0.525 10.5 25.8 19.3 4.5 4 0 19 30.8 97 115 14.8 -5.2
"55" "48" 2005-04-10 28.33 "POR" "@" "NOH" "W" 9 1 40.7166666666667 0.636 0.588 7.8 20.5 13.8 10.1 0 0 9.2 25.1 122 96 19.5 2.6
"56" "49" 2005-04-12 28.33 "POR" "@" "SAS" "L" -6 1 27.0333333333333 0.481 0.5 12.7 26.5 20 19.7 0 2.6 0 20.4 116 106 9.5 0.7
"57" "50" 2005-04-14 28.34 "POR" "" "DAL" "L" -12 1 36.6833333333333 0.91 0.9 6.8 25.4 16.5 15.4 1.5 0 16.1 16.2 150 112 19.7 9
"58" "51" 2005-04-15 28.34 "POR" "@" "GSW" "L" -20 1 40.95 0.559 0.5 11 10.5 10.7 29.3 1.3 0 11.6 17.9 124 121 17.7 2.2
"59" "52" 2005-04-17 28.35 "POR" "" "UTA" "W" 18 1 29.3666666666667 0.784 0.773 5.9 11.7 9.4 20.3 4.2 2.3 0 24 162 96 20.7 15.4
"60" "53" 2005-04-19 28.35 "POR" "@" "DEN" "L" -4 1 13.8333333333333 0.431 0.4 7.3 0 3.7 11.7 3.3 0 8.7 34 88 119 4.2 -9.4
"61" "54" 2005-04-20 28.36 "POR" "" "LAL" "W" 3 1 26.3166666666667 0.583 0.556 5.2 4.3 4.7 5.4 0 0 9.6 18.9 109 119 6.2 -7.2
"1" "1" 2005-11-01 28.89 "SAC" "@" "NOK" "L" -26 1 30.6666666666667 0.538 0.538 11.2 19.6 14.2 11.1 1.7 2.5 0 19.1 114 98 13.3 8.3
"2" "2" 2005-11-02 28.89 "SAC" "@" "HOU" "L" -9 1 33.3333333333333 0.491 0.5 19.6 9.2 14.2 12.8 0 0 5.5 24.1 110 113 12.5 2
"3" "3" 2005-11-06 28.9 "SAC" "@" "PHO" "W" 1 1 39.7333333333333 0.576 0.5 16.9 18.9 17.7 24.6 1.2 1.9 9.1 22 134 120 24.8 7.3
"4" "4" 2005-11-08 28.91 "SAC" "" "DET" "L" -14 1 33.1666666666667 0.778 0.778 0 20.7 9.5 11.2 0 2.3 10 14.6 135 118 11.9 2.9
"5" "5" 2005-11-09 28.91 "SAC" "@" "DEN" "L" -16 1 36.9 0.512 0.5 5.5 14.5 9.9 39.3 0 0 17 21.9 103 122 11 -0.5
"6" "6" 2005-11-11 28.92 "SAC" "" "DEN" "W" 16 1 40.0666666666667 0.554 0.5 0 21.6 13.1 8.3 0 0 7.3 16.9 106 91 9.7 -1.4
"7" "7" 2005-11-13 28.92 "SAC" "" "NYK" "L" -10 1 39.9833333333333 0.54 0.444 8.8 35.3 20.8 31.1 2.4 3.5 31.6 21.5 91 100 12.8 0.1
"8" "8" 2005-11-15 28.93 "SAC" "" "UTA" "W" 36 1 23.2333333333333 0.683 0.667 6.3 9.2 7.9 0 2.3 3 12 16.8 124 95 7.4 -3.8
"9" "9" 2005-11-18 28.94 "SAC" "" "MIL" "W" 21 1 35.25 0.714 0.667 6.8 13.4 10.5 25.7 5.7 5.8 15.2 16.9 133 76 22.1 16.3
"10" "10" 2005-11-20 28.94 "SAC" "@" "SEA" "L" -2 1 35.5333333333333 0.735 0.7 8.7 6.3 7.3 35.4 4.4 2.6 26.9 20.2 125 111 17.5 7.6
"11" "11" 2005-11-21 28.95 "SAC" "" "SAS" "L" -3 1 29.0333333333333 0.451 0.35 3.4 18.9 10 5.9 1.7 0 14.1 20.7 90 104 5.2 -3.2
"12" "12" 2005-11-23 28.95 "SAC" "" "NJN" "W" 9 1 34.8666666666667 0.726 0.571 8.3 18.6 13.8 12.7 1.5 0 34.2 19 107 112 10.1 -3.8
"13" "13" 2005-11-25 28.96 "SAC" "" "TOR" "W" 2 1 40.4166666666667 0.788 0.7 5.9 19.3 12.3 15 0 0 6.7 17.4 159 116 21.2 5.5
"14" "14" 2005-11-29 28.97 "SAC" "" "CHA" "W" 18 1 25.7333333333333 0.417 0.417 9.8 26.1 19.1 17.2 0 4.7 7.7 22.4 96 89 8.4 0.6
"15" "15" 2005-11-30 28.97 "SAC" "@" "GSW" "L" -7 1 38.4666666666667 0.644 0.571 5.8 8.5 7.2 17.2 2.6 0 22.6 25.9 107 118 15.1 -1.6
"16" "16" 2005-12-02 28.98 "SAC" "" "MIA" "L" -11 1 33.2166666666667 0.549 0.455 3.5 8.3 5.7 15.6 0 0 0 17.6 121 114 10.5 0.3
"17" "17" 2005-12-04 28.98 "SAC" "" "MIN" "L" -8 1 31.0166666666667 0.304 0.333 3.8 11.1 7.5 0 0 0 9.2 16.5 61 99 -0.1 -8.2
"18" "18" 2005-12-06 28.99 "SAC" "" "CLE" "L" -5 1 37.2666666666667 0.751 0.679 0 13.2 6.8 10.1 0 4.3 10.7 23.4 135 115 19.2 8.8
"19" "19" 2005-12-08 28.99 "SAC" "" "HOU" "L" -11 1 37.7166666666667 0.5 0.5 4.2 16.7 11.2 12.8 0 2.2 20 12.8 92 117 5 -5.4
"20" "20" 2005-12-10 29 "SAC" "@" "SEA" "W" 19 1 38.5666666666667 0.759 0.667 0 21.2 13 21 0 3.8 0 14.1 171 113 18.8 6.5
"21" "21" 2005-12-11 29 "SAC" "" "NOK" "W" 10 1 40.4166666666667 0.669 0.667 11.1 23.8 18.1 4.5 1.4 7 10.4 21.4 131 109 21.5 5.6
"22" "22" 2005-12-13 29.01 "SAC" "@" "MIN" "W" 2 1 34.5 0.759 0.611 3.7 3.7 3.7 16 0 0 0 19.6 163 119 16.2 6.3
"23" "23" 2005-12-14 29.01 "SAC" "@" "DET" "L" -11 1 28.65 0.549 0.455 0 7.8 4.2 14.9 1.8 0 7.3 22.7 111 121 10.6 0.4
"24" "24" 2005-12-17 29.02 "SAC" "@" "SAS" "L" -1 1 40.9666666666667 0.722 0.75 2.6 16 9.2 14.1 1.3 0 10.4 21.3 130 101 19.8 9.1
"25" "25" 2005-12-19 29.02 "SAC" "@" "CHA" "L" -3 1 46.1833333333333 0.668 0.6 2.9 9.4 6.4 9.9 0 1.6 11.1 26.9 123 108 21.4 3.7
"26" "26" 2005-12-22 29.03 "SAC" "" "DAL" "L" -10 1 34.8666666666667 0.395 0.375 9.4 18.1 13.4 15.4 0 0 19.6 26.9 79 117 4.3 -7.9
"27" "27" 2005-12-26 29.04 "SAC" "" "POR" "L" -13 1 37.2333333333333 0.551 0.533 5.6 7.6 6.4 10 1.4 3.8 10.9 22.2 110 116 12.9 0.8
"28" "" 2005-12-27 29.04 "SAC" "@" "LAC" "W" 17 NA NA NA NA NA NA NA NA NA NA NA NA NA NA NA NA
"29" "" 2005-12-30 29.05 "SAC" "" "BOS" "W" 4 NA NA NA NA NA NA NA NA NA NA NA NA NA NA NA NA
"30" "" 2006-01-03 29.06 "SAC" "" "PHI" "L" -13 NA NA NA NA NA NA NA NA NA NA NA NA NA NA NA NA
"31" "" 2006-01-06 29.07 "SAC" "" "LAC" "W" 4 NA NA NA NA NA NA NA NA NA NA NA NA NA NA NA NA
"32" "" 2006-01-08 29.08 "SAC" "" "IND" "L" -25 NA NA NA NA NA NA NA NA NA NA NA NA NA NA NA NA
"33" "" 2006-01-10 29.08 "SAC" "@" "MEM" "L" -14 NA NA NA NA NA NA NA NA NA NA NA NA NA NA NA NA
"34" "" 2006-01-11 29.08 "SAC" "@" "HOU" "W" 8 NA NA NA NA NA NA NA NA NA NA NA NA NA NA NA NA
"35" "" 2006-01-13 29.09 "SAC" "@" "NOK" "L" -14 NA NA NA NA NA NA NA NA NA NA NA NA NA NA NA NA
"36" "" 2006-01-15 29.1 "SAC" "" "ORL" "W" 4 NA NA NA NA NA NA NA NA NA NA NA NA NA NA NA NA
"37" "" 2006-01-17 29.1 "SAC" "" "PHO" "W" 29 NA NA NA NA NA NA NA NA NA NA NA NA NA NA NA NA
"38" "28" 2006-01-19 29.11 "SAC" "" "LAL" "W" 9 0 19.25 0.731 0.5 0 0 0 15.5 2.7 0 11.7 21.1 141 110 9.2 5.1
"39" "29" 2006-01-21 29.11 "SAC" "@" "ORL" "L" -5 0 20.3166666666667 0.712 0.6 15.3 15.3 15.3 10.8 0 3.5 24 19.9 118 88 7.5 5.6
"40" "30" 2006-01-22 29.12 "SAC" "@" "MIA" "L" -20 0 21.9833333333333 0.455 0.333 9.5 6.4 8.2 13.9 0 0 0 24.4 120 138 7 -3
"41" "31" 2006-01-24 29.12 "SAC" "@" "PHI" "L" -6 0 29.9 0.396 0.2 0 11.7 5.9 4.5 1.7 2.3 19.2 24.3 70 114 2.5 -12.5
"42" "32" 2006-01-25 29.12 "SAC" "@" "NYK" "W" 4 0 13.4 0.226 0 6.9 8.4 7.6 0 3.9 0 0 22.6 61 96 0.2 -11.2
"43" "33" 2006-01-27 29.13 "SAC" "@" "BOS" "L" -10 0 21.3833333333333 0.387 0.333 0 11.8 5.3 24.3 2.5 7.9 27.9 23.4 61 92 2 -3.5
"44" "34" 2006-01-29 29.13 "SAC" "@" "TOR" "L" -1 0 14.3333333333333 1.054 1 0 6.8 4.2 0 0 0 0 10.6 222 122 5.1 0.7
"45" "35" 2006-01-31 29.14 "SAC" "" "DEN" "W" 7 1 31.1 0.556 0.556 3.5 7 5.3 5.9 0 0 30.8 17.9 79 103 2.1 -7.5
"46" "36" 2006-02-03 29.15 "SAC" "@" "UTA" "L" -10 1 37.05 0.559 0.444 2.7 13.3 7.4 0 1.5 4.3 7.4 16.5 119 104 10.2 1.6
"47" "37" 2006-02-05 29.15 "SAC" "" "UTA" "W" 18 1 24.3666666666667 0.571 0.429 5.2 21.9 13.3 15.7 4.9 0 0 17.7 145 90 10.4 5.4
"48" "38" 2006-02-07 29.16 "SAC" "" "MEM" "W" 8 0 10.4 1.136 NA 0 19.2 12.8 24.3 0 0 69.4 14.3 97 112 1.2 -4.3
"49" "39" 2006-02-09 29.16 "SAC" "" "CHI" "W" 18 0 21.0333333333333 0.928 0.8 15.9 8.8 12 20.9 2.4 0 27.1 24.4 143 88 13.6 8.3
"50" "40" 2006-02-10 29.17 "SAC" "@" "PHO" "L" -8 0 23.6166666666667 0.727 0.667 0 22 11.1 14.1 4.2 0 22.5 16.7 117 112 8 2.4
"51" "41" 2006-02-12 29.17 "SAC" "" "ATL" "W" 25 0 20.7333333333333 0.727 0.667 12.5 31.6 22.9 13.7 0 3.5 12.7 16.7 141 87 10.5 6.2
"52" "42" 2006-02-14 29.18 "SAC" "@" "CHI" "W" 4 0 18.5 0.34 0.2 0 27 14.2 17.3 0 0 0 14.1 93 95 2.6 -3.8
"53" "43" 2006-02-15 29.18 "SAC" "@" "MEM" "L" -6 0 22.3333333333333 0.473 0.333 4.2 33.1 16.7 23.3 0 3.6 0 19.9 118 99 8.5 6.2
"54" "44" 2006-02-21 29.2 "SAC" "" "GSW" "W" 25 0 23.4166666666667 0.727 0.667 7.1 23.7 17.7 22.2 0 0 0 21.3 155 83 15.3 11.9
"55" "45" 2006-02-23 29.2 "SAC" "@" "LAL" "L" -21 0 18.05 0.25 0.25 0 31.3 15 8.5 0 0 33.3 15.4 42 120 -1.7 -16.5
"56" "46" 2006-02-27 29.21 "SAC" "" "POR" "W" 24 0 25.2666666666667 0.524 0.462 12.1 16.3 13.9 17.5 2.1 0 6.5 26.1 123 99 13 1.1
"57" "47" 2006-03-01 29.22 "SAC" "@" "CLE" "W" 7 0 17.2666666666667 0.661 0.571 0 20.8 11.4 0 3.1 0 10.7 26.7 119 97 6.6 -0.8
"58" "48" 2006-03-03 29.22 "SAC" "@" "ATL" "W" 9 0 22.8833333333333 0.577 0.333 0 5.7 2.7 6.6 4.8 0 16.1 25 109 103 7.6 -0.4
"59" "49" 2006-03-05 29.23 "SAC" "@" "WAS" "L" -10 0 16.15 0.2 0.2 13.8 8 11.1 7.8 0 0 16.7 16.1 67 133 -0.9 -16.2
"60" "50" 2006-03-06 29.23 "SAC" "@" "NJN" "W" 25 0 14.2 0.451 0.333 9.1 6.9 7.9 10.5 0 4.8 0 26.2 106 96 4.4 -4.3
"61" "51" 2006-03-08 29.24 "SAC" "@" "MIL" "W" 7 0 24.85 0.778 0.778 9.7 5 7.3 21.1 0 0 0 16 168 128 13.1 4.7
"62" "52" 2006-03-10 29.24 "SAC" "" "MEM" "W" 12 0 23.15 0.752 0.667 15.6 26.6 20.3 0 2.3 0 10.4 18.1 150 103 13.5 7.2
"63" "53" 2006-03-12 29.25 "SAC" "" "DAL" "W" 5 0 20.5 0.667 0.667 0 15.3 8 0 0 3.3 33.3 20.9 77 93 2.8 -4.5
"64" "54" 2006-03-14 29.25 "SAC" "" "LAL" "W" 16 0 26.8333333333333 0.615 0.5 0 13.8 7.6 5.1 1.9 0 17 10.4 109 106 4.4 -4
"65" "55" 2006-03-17 29.26 "SAC" "@" "IND" "L" -5 0 22.8 0.294 0.25 15.9 31.4 23.2 6.4 0 0 8.9 21.5 80 106 3.8 -8.4
"66" "56" 2006-03-19 29.27 "SAC" "@" "MIN" "L" -6 0 25.7333333333333 0.509 0.5 4.9 18.2 11.8 0 0 0 30.4 16.1 75 100 0.9 -9
"67" "57" 2006-03-21 29.27 "SAC" "" "SEA" "W" 9 0 21.4333333333333 0.5 0.5 4.7 0 2.4 20.7 2.3 0 20 9.8 105 104 4 -1.5
"68" "58" 2006-03-22 29.28 "SAC" "@" "LAL" "L" -7 0 20.4 0.788 0.75 13.1 16.8 15.1 24.9 0 3.6 10.1 23.1 148 98 12.6 15.5
"69" "59" 2006-03-25 29.28 "SAC" "@" "UTA" "W" 2 0 13.6 0.41 0.25 0 17.6 8.7 0 0 0 0 17.1 90 100 0.6 -11.8
"70" "60" 2006-03-26 29.29 "SAC" "" "GSW" "L" -7 0 28.1166666666667 0.752 0.667 6.8 28.5 16.7 20.9 0 0 0 26.1 163 105 21.7 16.1
"71" "61" 2006-03-28 29.29 "SAC" "" "WAS" "L" -13 0 22.4166666666667 0.571 0.571 5 22.5 13.2 0 0 3.2 30 20.8 79 109 3.5 -7.7
"72" "62" 2006-03-29 29.3 "SAC" "@" "POR" "W" 16 0 26.45 0.77 0.727 16 15.1 15.6 28.5 2.2 0 0 27.1 168 111 20.9 12
"73" "63" 2006-03-31 29.3 "SAC" "@" "GSW" "W" 3 0 20.25 0.423 0.375 0 25 12.6 8.5 2.5 4.4 8.6 28 83 96 5.2 -5
"74" "64" 2006-04-02 29.31 "SAC" "" "LAC" "W" 10 0 27.8666666666667 0.765 0.8 12.3 4 8.1 0 0 0 14.5 23.2 127 113 12.6 0.5
"75" "65" 2006-04-04 29.31 "SAC" "@" "DAL" "L" -26 0 17.65 0.4 0.4 0 0 0 8.4 6.2 3.9 16.7 16.2 74 136 1.3 -10.8
"76" "66" 2006-04-05 29.32 "SAC" "@" "SAS" "W" 10 0 24.25 0.533 0.533 5.5 4.8 5.1 0 0 3.6 0 29.4 112 107 8.8 -2.4
"77" "67" 2006-04-07 29.32 "SAC" "@" "LAC" "W" 3 0 22.7166666666667 0.387 0.333 8.5 5.6 7.2 14.7 2.3 0 0 16.4 103 106 5.9 0.2
"78" "68" 2006-04-09 29.33 "SAC" "" "HOU" "W" 9 0 23.0166666666667 0.222 0.2 10.4 14.9 12.7 0 0 0 12.9 16.8 57 95 -0.8 -13.2
"79" "69" 2006-04-11 29.33 "SAC" "" "PHO" "L" -13 0 25.4333333333333 0.87 0.857 4.8 12.2 8.1 7.4 2 2.8 24.6 22.2 130 127 13 4.1
"80" "70" 2006-04-15 29.34 "SAC" "@" "DEN" "W" 18 0 27.05 0.709 0.667 13.6 15.8 14.8 17.5 2 2.5 9.2 18.8 144 93 15.4 10.1
"81" "71" 2006-04-16 29.35 "SAC" "" "NOK" "W" 17 0 22.3333333333333 0.45 0.375 0 12.6 6 14.5 7.4 3.2 0 19.5 107 78 8.5 6.4
"82" "72" 2006-04-18 29.35 "SAC" "" "SEA" "W" 6 0 30.6 0.409 0.4 6.8 8.3 7.5 9.3 1.7 0 11.2 24.4 92 117 6.1 -9.6
"1" "1" 2006-11-01 29.89 "SAC" "@" "MIN" "L" -9 0 25.8833333333333 0.652 0.571 6.9 5.3 6.3 0 0 0 30.3 20.7 96 107 4.8 -5.5
"2" "2" 2006-11-03 29.9 "SAC" "@" "CHI" "W" 1 0 27.0166666666667 0.317 0.286 4 21.2 12.4 0 1.7 2.6 20.2 15.2 57 84 0.4 -6.1
"3" "3" 2006-11-04 29.9 "SAC" "@" "MIL" "L" -13 0 22.6833333333333 0.593 0.5 4.3 33.1 15.7 18.1 4.8 3.8 19.2 30.4 106 107 11.7 4
"4" "4" 2006-11-06 29.9 "SAC" "" "MIN" "W" 12 1 40.75 0.45 0.429 3.1 16.4 10.2 0 5.1 1.9 21.7 20.6 75 82 8 -2.5
"5" "5" 2006-11-08 29.91 "SAC" "" "DET" "W" 13 1 26.4333333333333 0.383 0.3 3.9 14.3 8.5 6.4 2 0 0 19.6 100 97 4.5 -4
"6" "6" 2006-11-12 29.92 "SAC" "" "TOR" "W" 15 1 35.0166666666667 0.514 0.429 15.7 9.3 12.1 9.5 1.4 0 25.5 29.4 91 99 9.1 -6.6
"7" "7" 2006-11-15 29.93 "SAC" "" "MEM" "W" 4 1 33.4833333333333 0.54 0.526 20.5 29.5 24.5 4.8 0 0 13.4 28.2 109 118 14.1 -5.6
"8" "8" 2006-11-16 29.93 "SAC" "@" "GSW" "L" -12 1 20.85 0.761 0.714 15.3 6.6 11.5 0 0 0 11.3 17.5 142 123 10.1 2.2
"9" "9" 2006-11-19 29.94 "SAC" "" "SAS" "L" -9 1 43.9 0.576 0.538 6.4 24.8 16.8 4.2 1.2 3.5 12.6 17.5 111 114 13.2 1.3
"10" "10" 2006-11-22 29.95 "SAC" "" "UTA" "L" -9 1 39.3 0.381 0.357 11.4 12.5 11.9 13.1 0 1.7 12.2 19.1 91 121 6 -9.1
"11" "11" 2006-11-24 29.95 "SAC" "@" "SEA" "W" 9 1 32.4833333333333 0.7 0.7 11.1 19.4 15.2 4.5 0 2.4 28.6 18.7 103 106 9.6 -3.8
"12" "12" 2006-11-25 29.96 "SAC" "" "POR" "W" 20 1 28.2166666666667 0.742 0.714 11.3 13.8 12.7 6 4 0 10.2 17.2 144 94 11.3 4.2
"13" "13" 2006-11-28 29.96 "SAC" "" "LAC" "W" 13 1 20.3333333333333 0.58 0.5 5.4 4.2 4.7 9.1 0 0 0 18.9 127 102 5.7 -1
"14" "14" 2006-12-01 29.97 "SAC" "@" "DAL" "L" -19 1 19.4333333333333 0.253 0.222 0 18.1 8.5 0 2.5 4.5 16.8 27 43 107 -0.7 -12.8
"15" "15" 2006-12-02 29.98 "SAC" "@" "SAS" "L" -2 1 23.2 0.698 0.714 0 19.2 10.5 0 0 4 11.3 17.6 118 107 7 -0.7
"16" "16" 2006-12-04 29.98 "SAC" "" "ORL" "L" -3 1 17.4666666666667 0.347 0 5.6 16.2 9.9 9.2 0 0 14.8 17.8 80 104 0.6 -11.1
"17" "17" 2006-12-05 29.98 "SAC" "@" "PHO" "L" -25 0 20.9833333333333 0.676 0.625 9.5 23.8 16.7 8.3 0 0 18.4 21.7 116 127 8.4 -3
"18" "18" 2006-12-07 29.99 "SAC" "" "MIA" "L" -2 0 19.8666666666667 0.266 0 5.4 25.4 14.7 8.9 0 7.7 34.7 14.1 52 86 0.6 -5.3
"19" "19" 2006-12-10 30 "SAC" "" "ATL" "W" 25 1 24.3166666666667 0.517 0.375 0 9.6 5.6 10.6 0 0 0 20.2 115 100 7.4 -2.3
"20" "20" 2006-12-12 30 "SAC" "@" "GSW" "L" -13 0 24.8333333333333 0.511 0.444 21 18.9 20 7.1 0 7.2 8.5 19.9 119 129 9.7 -3.7
"21" "21" 2006-12-15 30.01 "SAC" "@" "UTA" "W" 1 0 30.4666666666667 0.911 0.813 17.9 11.8 15 14 3.5 0 20.7 21.4 152 105 21 14.6
"22" "22" 2006-12-16 30.01 "SAC" "" "PHO" "L" -7 0 25.1333333333333 0.564 0.5 8.7 38.2 21.8 7 0 0 0 17.6 133 112 10.2 1.7
"23" "23" 2006-12-18 30.02 "SAC" "" "DAL" "L" -18 0 24.9333333333333 0.517 0.455 0 18.6 7.1 0 0 0 0 25.4 117 125 8.2 0
"24" "24" 2006-12-21 30.03 "SAC" "" "WAS" "L" -7 0 25.9833333333333 0.333 0.333 4.3 15.1 10 8.9 0 0 14.3 11 82 125 0.9 -10.5
"25" "25" 2006-12-22 30.03 "SAC" "@" "DEN" "W" 5 0 27.7166666666667 0.557 0.556 8.1 15.5 12.2 11.8 0 5.2 9.2 15.9 111 94 9.8 2
"26" "" 2006-12-27 30.04 "SAC" "" "PHI" "W" 25 NA NA NA NA NA NA NA NA NA NA NA NA NA NA NA NA
"27" "26" 2006-12-29 30.05 "SAC" "@" "LAC" "L" -9 0 20.4 0.644 0.5 17.6 14.7 16.3 9.4 0 0 11.4 20.3 131 117 8.6 -0.2
"28" "27" 2006-12-30 30.05 "SAC" "" "GSW" "W" 23 0 26.2833333333333 0.607 0.556 8.7 20.3 15.2 19 1.8 3 9.2 17.1 129 91 12.1 3.6
"29" "28" 2007-01-02 30.06 "SAC" "" "NYK" "W" 12 0 29.6 0.506 0.444 0 7.9 4.6 8.4 0 2.5 9.2 17.9 102 115 5 -8.1
"30" "29" 2007-01-04 30.07 "SAC" "" "LAL" "L" -4 1 23.7666666666667 0.557 0.556 4.8 10.9 7.7 7.5 0 0 0 18.3 121 126 6.7 -3
"31" "30" 2007-01-06 30.07 "SAC" "" "POR" "L" -5 1 29.4833333333333 0.222 0.222 12.5 16.7 14.6 5.4 3.5 0 18.2 17.7 60 104 0.9 -11
"32" "31" 2007-01-09 30.08 "SAC" "" "CLE" "L" -10 1 18.95 0.25 0.25 15.4 10.3 12.4 16.6 0 6.9 0 10.5 103 124 4.4 0.3
"33" "32" 2007-01-12 30.09 "SAC" "@" "POR" "L" -8 1 23.55 0.475 0.4 6.4 9.9 8.4 21.1 0 0 0 12.9 120 105 4.7 0.4
"34" "33" 2007-01-13 30.09 "SAC" "" "HOU" "L" -4 1 36.7833333333333 0.856 0.857 0 9.8 5.3 10.2 0 0 31.3 17.7 112 123 8 -2.2
"35" "34" 2007-01-15 30.1 "SAC" "@" "NYK" "L" -5 1 41.6 0.626 0.563 2.5 10.5 5.8 18 3.7 4.1 4.8 22.7 132 107 23.2 9.6
"36" "35" 2007-01-17 30.1 "SAC" "@" "TOR" "L" -16 1 34.4166666666667 0.7 0.7 3.9 17.9 11.2 13.8 1.6 0 9.1 16.2 128 111 11 3
"37" "36" 2007-01-19 30.11 "SAC" "@" "BOS" "W" 5 1 20.85 0.225 0.25 5.9 18.7 12.1 13.8 0 0 18.4 26.1 53 111 -0.6 -16.2
"38" "37" 2007-01-20 30.11 "SAC" "@" "DET" "L" -17 1 19.5333333333333 0 0 9.8 5.9 8 0 2.7 4.1 25 9.6 27 97 -0.1 -8
"39" "38" 2007-01-22 30.12 "SAC" "" "NJN" "W" 1 0 14.9166666666667 0.333 0.333 25.2 7.5 17.1 38.1 0 0 0 26.2 102 100 5.3 1.8
"40" "39" 2007-01-24 30.12 "SAC" "" "MIL" "W" 8 0 18.5 0.515 0.333 21 21.6 21.3 0 2.8 0 11.4 22.6 115 111 6.4 -6.6
"41" "40" 2007-01-26 30.13 "SAC" "@" "NOK" "L" -4 0 16.45 0.254 0.143 19.5 13.6 16.6 23.3 6.4 0 11.3 25.7 73 89 4.2 -0.8
"42" "41" 2007-01-27 30.13 "SAC" "@" "DAL" "L" -2 0 20.4666666666667 0.608 0.5 0 6.3 3.2 13.7 0 0 14.8 16.2 115 122 4.9 -1.2
"43" "42" 2007-01-29 30.13 "SAC" "@" "MEM" "L" -7 0 18.8 0.296 0.25 5.7 18.9 10.6 13.1 2.5 0 10.6 21.5 71 123 2.5 -10.2
"44" "" 2007-01-31 30.14 "SAC" "@" "MIN" "W" 2 NA NA NA NA NA NA NA NA NA NA NA NA NA NA NA NA
"45" "43" 2007-02-03 30.15 "SAC" "" "DEN" "W" 7 0 21.1166666666667 0.394 0.375 0 17.5 8.6 7.8 2.3 3.9 10.1 20 74 86 4 -3.5
"46" "44" 2007-02-05 30.15 "SAC" "" "NOK" "W" 6 0 26.5833333333333 0.5 0.5 6 18.8 13.9 0 1.9 2.3 7.7 23.6 89 100 8.1 -4.5
"47" "45" 2007-02-08 30.16 "SAC" "" "CHI" "W" 9 0 16.5166666666667 0.658 0.5 7.5 14.3 11.6 11.5 0 3.5 15.8 17.9 120 79 6.2 6
"48" "46" 2007-02-10 30.17 "SAC" "@" "SEA" "W" 21 1 32.4166666666667 0.732 0.75 3.8 11.4 7.6 24.6 3.1 0 18.4 15.1 131 98 12.9 5.8
"49" "47" 2007-02-11 30.17 "SAC" "" "SEA" "L" -11 1 34.1833333333333 0.573 0.5 6.1 6.8 6.5 4.5 0 0 6.7 19.2 120 126 10.3 -2.1
"50" "48" 2007-02-13 30.18 "SAC" "@" "HOU" "L" -5 1 23.35 0.521 0.5 0 20.2 10.3 28.9 2.3 0 14.8 14.3 106 108 6 2.1
"51" "49" 2007-02-14 30.18 "SAC" "@" "NOK" "L" -17 1 29.5 0.375 0.375 7.2 14.8 10.4 12.5 1.8 0 0 12.6 99 120 5.5 -3.8
"52" "50" 2007-02-20 30.19 "SAC" "" "BOS" "W" 3 0 20.1166666666667 0.37 0.2 0 12.6 6.2 25 0 0 12.9 18.1 83 110 1.6 -7.5
"53" "51" 2007-02-22 30.2 "SAC" "@" "WAS" "L" -3 0 16.2166666666667 0.41 0.333 7.2 16.4 11.5 8.7 2.9 4.6 21.5 24 78 102 2.7 -7.3
"54" "52" 2007-02-23 30.2 "SAC" "@" "NJN" "L" -13 0 23.95 0.533 0.5 8.5 45.8 24.4 8.7 0 0 19.2 18.9 93 110 5.5 -6.2
"55" "53" 2007-02-25 30.21 "SAC" "@" "IND" "W" 17 0 22.75 0.556 0.556 10 25.3 18.3 16.6 2.1 3 10 18.9 109 87 9.4 1.8
"56" "54" 2007-02-26 30.21 "SAC" "@" "PHI" "L" -7 0 18.6333333333333 0.51 0.4 5.3 11.2 8.1 9.6 0 3.5 14.5 16.8 97 97 4.2 -0.8
"57" "55" 2007-02-28 30.22 "SAC" "" "CHA" "W" 15 0 14 0.595 0.6 13.7 10.4 11.8 0 0 0 33.8 28.7 81 129 1.1 -20.6
"58" "56" 2007-03-02 30.22 "SAC" "@" "LAL" "W" 8 0 21.9833333333333 0.761 0.714 0 36.4 15.8 0 0 3.5 0 17 144 108 10.1 2.2
"59" "57" 2007-03-03 30.22 "SAC" "@" "POR" "W" 8 0 23.6 0.479 0.5 5.1 13.9 9.7 0 2.2 0 8.7 22.7 91 103 4.2 -7.3
"60" "58" 2007-03-06 30.23 "SAC" "" "IND" "W" 4 0 20.2666666666667 0.644 0.667 0 12.8 6.3 8.9 0 0 20.5 22 102 112 4.7 -5.1
"61" "59" 2007-03-08 30.24 "SAC" "" "SAS" "L" -7 0 17.25 0.667 0.667 0 25.9 13.4 9.1 0 4.6 25 10.6 102 101 3.5 2.6
"62" "60" 2007-03-11 30.25 "SAC" "" "DEN" "L" -12 0 10.7833333333333 0.2 0.2 10.4 10.6 10.5 0 0 0 0 19.7 56 119 -0.5 -16.4
"63" "61" 2007-03-13 30.25 "SAC" "@" "CLE" "L" -24 0 25.45 0.712 0.8 0 5.9 2.2 6.6 0 0 38.8 17.1 79 133 1.3 -13.2
"64" "62" 2007-03-14 30.25 "SAC" "@" "CHA" "L" -3 0 25.1333333333333 0.455 0.333 5.5 8.9 7.3 18.3 2 5.3 0 21.8 115 118 10.1 0.2
"65" "63" 2007-03-16 30.26 "SAC" "@" "MIA" "L" -6 1 38.3 0.758 0.773 9.2 16.2 12.2 5.2 2.7 0 20.2 17.7 122 112 14.9 3.4
"66" "64" 2007-03-17 30.26 "SAC" "@" "ORL" "W" 12 1 32.4333333333333 0.359 0.25 6.9 13.1 9.6 14.1 4.9 2.1 17 17.2 78 88 6 -1.7
"67" "65" 2007-03-19 30.27 "SAC" "@" "ATL" "L" -23 1 16.6333333333333 0.18 0.143 0 14.1 6.9 0 3.2 0 26.5 31.7 29 105 -4.9 -22.9
"68" "66" 2007-03-21 30.27 "SAC" "" "MIN" "L" -6 1 43.3333333333333 0.738 0.708 4.6 13.5 8.7 13.8 2.4 5.2 18.9 17.4 122 100 18.3 7.4
"69" "67" 2007-03-22 30.28 "SAC" "@" "PHO" "L" -18 1 26.45 0.414 0.4 7.3 17.7 12 0 0 0 15.5 20.2 79 116 2.2 -8.8
"70" "68" 2007-03-25 30.28 "SAC" "" "PHO" "W" 7 1 21.7166666666667 0.6 0.6 6.3 15.8 11.5 0 2.3 3.3 16.7 13.4 103 102 5.2 -0.8
"71" "69" 2007-03-30 30.3 "SAC" "" "LAC" "L" -4 1 18.2666666666667 0.21 0.333 0 14.6 6.4 0 5.5 0 17.4 13.9 34 101 -0.1 -6.9
"72" "70" 2007-04-01 30.3 "SAC" "@" "LAL" "L" -23 1 16 0.218 0.167 0 37.5 16 8.6 0 5.1 0 18.9 56 128 -0.2 -14.8
"73" "71" 2007-04-03 30.31 "SAC" "" "DAL" "L" -4 1 20.9833333333333 0.615 0.5 0 18.1 8.4 11 0 3.9 17 24.5 107 106 7.1 0.4
"74" "72" 2007-04-04 30.31 "SAC" "@" "DEN" "L" -5 1 28.3166666666667 0.474 0.462 10.4 35.5 22.1 15.5 1.6 2.6 6.3 22.9 106 110 13.3 1.5
"75" "73" 2007-04-06 30.32 "SAC" "" "UTA" "W" 4 1 27.6 0.46 0.4 5.8 15.5 11.6 5.8 0 0 15.5 21.7 98 118 4.4 -7.2
"76" "74" 2007-04-08 30.32 "SAC" "" "HOU" "L" -6 1 27.3 0.621 0.556 7.3 31 17.2 13.4 0 0 14.2 21.6 119 121 11.7 0.4
"77" "75" 2007-04-10 30.33 "SAC" "@" "MEM" "W" 12 1 25 0.595 0.5 4.8 21.8 13.7 0 4.2 0 7.8 23 121 103 10.2 -3.4
"78" "76" 2007-04-11 30.33 "SAC" "@" "SAS" "L" -9 1 34 0.551 0.5 0 3.9 1.7 15.2 1.6 0 0 15 124 122 9.6 1.2
"79" "77" 2007-04-13 30.34 "SAC" "" "GSW" "L" -17 1 32.8333333333333 0.625 0.571 16.2 28 22.2 6.6 1.4 0 9.8 25.4 125 116 20.3 3.3
"80" "78" 2007-04-15 30.34 "SAC" "@" "LAC" "W" 5 1 19.7 0.581 0.5 0 11.6 6 8.2 0 0 12.7 19 106 117 4.1 -7.9
"81" "79" 2007-04-16 30.35 "SAC" "" "NOK" "L" -7 1 26.5333333333333 0.631 0.636 7.9 10.1 8.8 11.2 0 0 0 19.6 139 132 11.9 -0.5
"82" "80" 2007-04-18 30.35 "SAC" "" "LAL" "L" -11 1 20.45 0.282 0.25 15.6 7.3 12.2 13.3 0 0 10.1 21.6 80 128 2.2 -10.5
"1" "1" 2007-10-31 30.89 "SAC" "@" "NOH" "L" -14 0 18.6 0.205 0 12.6 13.9 13.2 14.3 2.8 0 0 12.1 83 109 1.6 -5.5
"2" "2" 2007-11-02 30.89 "SAC" "@" "SAS" "L" -16 0 13.3166666666667 0.515 0.333 16 9 12.7 0 0 0 0 13.9 124 112 3.6 -2
"3" "3" 2007-11-03 30.9 "SAC" "@" "DAL" "L" -21 0 8.95 0.667 0.667 0 23.3 9.2 0 0 0 25 21.7 95 145 1.6 -9.8
"4" "4" 2007-11-06 30.9 "SAC" "" "SEA" "W" 6 0 1.53333333333333 0 0 0 0 0 0 0 0 0 28.1 0 111 -1.1 -45.5
"5" "" 2007-11-09 30.91 "SAC" "" "CLE" "L" -2 NA NA NA NA NA NA NA NA NA NA NA NA NA NA NA NA
"6" "5" 2007-11-10 30.92 "SAC" "" "MIN" "W" 7 0 1.46666666666667 NA NA 0 0 0 0 0 0 NA 0 0 116 0 -4.8
"7" "6" 2007-11-12 30.92 "SAC" "@" "UTA" "L" -24 0 6.68333333333333 0 0 39.9 0 19.7 41 0 0 0 20.6 73 133 0.3 -8.6
"8" "" 2007-11-14 30.93 "SAC" "@" "MIN" "L" -5 NA NA NA NA NA NA NA NA NA NA NA NA NA NA NA NA
"9" "" 2007-11-16 30.93 "SAC" "" "NYK" "W" 5 NA NA NA NA NA NA NA NA NA NA NA NA NA NA NA NA
"10" "" 2007-11-18 30.94 "SAC" "" "DET" "W" 10 NA NA NA NA NA NA NA NA NA NA NA NA NA NA NA NA
"11" "" 2007-11-20 30.94 "SAC" "" "PHO" "L" -2 NA NA NA NA NA NA NA NA NA NA NA NA NA NA NA NA
"12" "" 2007-11-21 30.95 "SAC" "@" "PHO" "L" -16 NA NA NA NA NA NA NA NA NA NA NA NA NA NA NA NA
"13" "" 2007-11-23 30.95 "SAC" "@" "POR" "L" -3 NA NA NA NA NA NA NA NA NA NA NA NA NA NA NA NA
"14" "" 2007-11-26 30.96 "SAC" "" "SAS" "W" 13 NA NA NA NA NA NA NA NA NA NA NA NA NA NA NA NA
"15" "" 2007-11-28 30.96 "SAC" "" "GSW" "L" -7 NA NA NA NA NA NA NA NA NA NA NA NA NA NA NA NA
"16" "" 2007-12-01 30.97 "SAC" "" "HOU" "W" 8 NA NA NA NA NA NA NA NA NA NA NA NA NA NA NA NA
"17" "" 2007-12-04 30.98 "SAC" "" "UTA" "W" 10 NA NA NA NA NA NA NA NA NA NA NA NA NA NA NA NA
"18" "" 2007-12-07 30.99 "SAC" "" "LAC" "L" -10 NA NA NA NA NA NA NA NA NA NA NA NA NA NA NA NA
"19" "" 2007-12-08 30.99 "SAC" "@" "DEN" "L" -4 NA NA NA NA NA NA NA NA NA NA NA NA NA NA NA NA
"20" "" 2007-12-10 31 "SAC" "" "MIL" "W" 3 NA NA NA NA NA NA NA NA NA NA NA NA NA NA NA NA
"21" "" 2007-12-12 31 "SAC" "@" "BOS" "L" -12 NA NA NA NA NA NA NA NA NA NA NA NA NA NA NA NA
"22" "" 2007-12-14 31.01 "SAC" "@" "PHI" "W" 10 NA NA NA NA NA NA NA NA NA NA NA NA NA NA NA NA
"23" "" 2007-12-15 31.01 "SAC" "@" "WAS" "L" -13 NA NA NA NA NA NA NA NA NA NA NA NA NA NA NA NA
"24" "" 2007-12-18 31.02 "SAC" "@" "NJN" "W" 5 NA NA NA NA NA NA NA NA NA NA NA NA NA NA NA NA
"25" "" 2007-12-19 31.02 "SAC" "@" "MIL" "W" 13 NA NA NA NA NA NA NA NA NA NA NA NA NA NA NA NA
"26" "" 2007-12-23 31.03 "SAC" "" "DEN" "L" -1 NA NA NA NA NA NA NA NA NA NA NA NA NA NA NA NA
"27" "" 2007-12-26 31.04 "SAC" "" "BOS" "L" -20 NA NA NA NA NA NA NA NA NA NA NA NA NA NA NA NA
"28" "" 2007-12-28 31.05 "SAC" "" "PHI" "L" -12 NA NA NA NA NA NA NA NA NA NA NA NA NA NA NA NA
"29" "" 2007-12-30 31.05 "SAC" "" "PHO" "L" -15 NA NA NA NA NA NA NA NA NA NA NA NA NA NA NA NA
"30" "" 2008-01-02 31.06 "SAC" "@" "NYK" "W" 10 NA NA NA NA NA NA NA NA NA NA NA NA NA NA NA NA
"31" "" 2008-01-04 31.07 "SAC" "@" "CLE" "L" -4 NA NA NA NA NA NA NA NA NA NA NA NA NA NA NA NA
"32" "" 2008-01-05 31.07 "SAC" "@" "CHI" "L" -1 NA NA NA NA NA NA NA NA NA NA NA NA NA NA NA NA
"33" "" 2008-01-08 31.08 "SAC" "" "ORL" "W" 4 NA NA NA NA NA NA NA NA NA NA NA NA NA NA NA NA
"34" "" 2008-01-10 31.08 "SAC" "" "MEM" "W" 3 NA NA NA NA NA NA NA NA NA NA NA NA NA NA NA NA
"35" "" 2008-01-12 31.09 "SAC" "" "IND" "L" -6 NA NA NA NA NA NA NA NA NA NA NA NA NA NA NA NA
"36" "" 2008-01-14 31.09 "SAC" "" "DAL" "W" 2 NA NA NA NA NA NA NA NA NA NA NA NA NA NA NA NA
"37" "" 2008-01-16 31.1 "SAC" "@" "TOR" "L" -25 NA NA NA NA NA NA NA NA NA NA NA NA NA NA NA NA
"38" "" 2008-01-18 31.1 "SAC" "@" "DET" "W" 7 NA NA NA NA NA NA NA NA NA NA NA NA NA NA NA NA
"39" "" 2008-01-19 31.11 "SAC" "@" "IND" "W" 6 NA NA NA NA NA NA NA NA NA NA NA NA NA NA NA NA
"40" "" 2008-01-22 31.12 "SAC" "" "NJN" "W" 34 NA NA NA NA NA NA NA NA NA NA NA NA NA NA NA NA
"41" "" 2008-01-23 31.12 "SAC" "@" "LAC" "L" -26 NA NA NA NA NA NA NA NA NA NA NA NA NA NA NA NA
"42" "" 2008-01-25 31.12 "SAC" "@" "UTA" "L" -14 NA NA NA NA NA NA NA NA NA NA NA NA NA NA NA NA
"43" "" 2008-01-27 31.13 "SAC" "@" "SEA" "W" 2 NA NA NA NA NA NA NA NA NA NA NA NA NA NA NA NA
"44" "" 2008-01-30 31.14 "SAC" "" "CHA" "W" 14 NA NA NA NA NA NA NA NA NA NA NA NA NA NA NA NA
"45" "" 2008-02-01 31.14 "SAC" "" "NOH" "W" 9 NA NA NA NA NA NA NA NA NA NA NA NA NA NA NA NA
"46" "" 2008-02-02 31.15 "SAC" "" "CHI" "W" 4 NA NA NA NA NA NA NA NA NA NA NA NA NA NA NA NA
"47" "" 2008-02-06 31.16 "SAC" "" "SEA" "L" -13 NA NA NA NA NA NA NA NA NA NA NA NA NA NA NA NA
"48" "" 2008-02-08 31.16 "SAC" "" "UTA" "W" 13 NA NA NA NA NA NA NA NA NA NA NA NA NA NA NA NA
"49" "" 2008-02-09 31.16 "SAC" "@" "GSW" "L" -3 NA NA NA NA NA NA NA NA NA NA NA NA NA NA NA NA
"50" "" 2008-02-12 31.17 "SAC" "@" "MEM" "L" -13 NA NA NA NA NA NA NA NA NA NA NA NA NA NA NA NA
"51" "" 2008-02-13 31.18 "SAC" "@" "HOU" "L" -2 NA NA NA NA NA NA NA NA NA NA NA NA NA NA NA NA
"52" "" 2008-02-19 31.19 "SAC" "@" "POR" "W" 11 NA NA NA NA NA NA NA NA NA NA NA NA NA NA NA NA
"53" "" 2008-02-20 31.19 "SAC" "" "ATL" "W" 12 NA NA NA NA NA NA NA NA NA NA NA NA NA NA NA NA
"54" "" 2008-02-22 31.2 "SAC" "@" "CHA" "W" 1 NA NA NA NA NA NA NA NA NA NA NA NA NA NA NA NA
"55" "" 2008-02-24 31.21 "SAC" "@" "ORL" "L" -19 NA NA NA NA NA NA NA NA NA NA NA NA NA NA NA NA
"56" "" 2008-02-26 31.21 "SAC" "@" "MIA" "L" -21 NA NA NA NA NA NA NA NA NA NA NA NA NA NA NA NA
"57" "" 2008-02-27 31.21 "SAC" "@" "ATL" "L" -6 NA NA NA NA NA NA NA NA NA NA NA NA NA NA NA NA
"58" "" 2008-02-29 31.22 "SAC" "@" "DAL" "L" -9 NA NA NA NA NA NA NA NA NA NA NA NA NA NA NA NA
"59" "" 2008-03-02 31.22 "SAC" "" "MIA" "W" 11 NA NA NA NA NA NA NA NA NA NA NA NA NA NA NA NA
"60" "" 2008-03-04 31.23 "SAC" "" "LAL" "L" -12 NA NA NA NA NA NA NA NA NA NA NA NA NA NA NA NA
"61" "" 2008-03-05 31.23 "SAC" "@" "LAC" "L" -7 NA NA NA NA NA NA NA NA NA NA NA NA NA NA NA NA
"62" "" 2008-03-07 31.24 "SAC" "" "MIN" "L" -8 NA NA NA NA NA NA NA NA NA NA NA NA NA NA NA NA
"63" "" 2008-03-09 31.24 "SAC" "@" "LAL" "W" 1 NA NA NA NA NA NA NA NA NA NA NA NA NA NA NA NA
"64" "" 2008-03-13 31.25 "SAC" "" "POR" "W" 11 NA NA NA NA NA NA NA NA NA NA NA NA NA NA NA NA
"65" "" 2008-03-15 31.26 "SAC" "@" "PHO" "L" -28 NA NA NA NA NA NA NA NA NA NA NA NA NA NA NA NA
"66" "" 2008-03-16 31.26 "SAC" "" "TOR" "W" 6 NA NA NA NA NA NA NA NA NA NA NA NA NA NA NA NA
"67" "" 2008-03-18 31.27 "SAC" "" "GSW" "W" 17 NA NA NA NA NA NA NA NA NA NA NA NA NA NA NA NA
"68" "" 2008-03-21 31.28 "SAC" "@" "SAS" "L" -13 NA NA NA NA NA NA NA NA NA NA NA NA NA NA NA NA
"69" "" 2008-03-22 31.28 "SAC" "@" "MEM" "L" -6 NA NA NA NA NA NA NA NA NA NA NA NA NA NA NA NA
"70" "" 2008-03-24 31.28 "SAC" "@" "HOU" "L" -8 NA NA NA NA NA NA NA NA NA NA NA NA NA NA NA NA
"71" "" 2008-03-26 31.29 "SAC" "" "MEM" "W" 1 NA NA NA NA NA NA NA NA NA NA NA NA NA NA NA NA
"72" "" 2008-03-28 31.3 "SAC" "" "WAS" "L" -6 NA NA NA NA NA NA NA NA NA NA NA NA NA NA NA NA
"73" "" 2008-03-30 31.3 "SAC" "@" "SEA" "W" 13 NA NA NA NA NA NA NA NA NA NA NA NA NA NA NA NA
"74" "" 2008-04-01 31.31 "SAC" "" "HOU" "W" 1 NA NA NA NA NA NA NA NA NA NA NA NA NA NA NA NA
"75" "" 2008-04-03 31.31 "SAC" "" "LAC" "W" 12 NA NA NA NA NA NA NA NA NA NA NA NA NA NA NA NA
"76" "" 2008-04-05 31.32 "SAC" "@" "DEN" "W" 3 NA NA NA NA NA NA NA NA NA NA NA NA NA NA NA NA
"77" "" 2008-04-06 31.32 "SAC" "" "LAL" "L" -22 NA NA NA NA NA NA NA NA NA NA NA NA NA NA NA NA
"78" "" 2008-04-08 31.33 "SAC" "@" "GSW" "L" -8 NA NA NA NA NA NA NA NA NA NA NA NA NA NA NA NA
"79" "" 2008-04-11 31.33 "SAC" "" "POR" "W" 17 NA NA NA NA NA NA NA NA NA NA NA NA NA NA NA NA
"80" "" 2008-04-12 31.34 "SAC" "" "NOH" "W" 3 NA NA NA NA NA NA NA NA NA NA NA NA NA NA NA NA
"81" "" 2008-04-14 31.34 "SAC" "" "SAS" "L" -3 NA NA NA NA NA NA NA NA NA NA NA NA NA NA NA NA
"82" "" 2008-04-15 31.35 "SAC" "@" "LAL" "L" -23 NA NA NA NA NA NA NA NA NA NA NA NA NA NA NA NA
