"Rk" "G" "Date" "Age" "Tm" "H/A" "Opp" "W/L" "By Amt" "GS" "MP" "TS%" "eFG%" "ORB%" "DRB%" "TRB%" "AST%" "STL%" "BLK%" "TOV%" "USG%" "ORtg" "DRtg" "GmSc" "BPM"
"1" "1" 2008-10-30 20.97 "CHA" "@" "CLE" "L" -17 0 25.15 0.564 0.375 0 0 0 19.8 0 0 27.3 27.8 89 123 3.4 -9.1
"2" "2" 2008-11-01 20.98 "CHA" "" "MIA" "W" 13 0 20.4833333333333 0.286 0.286 8.4 0 3.4 36.3 0 0 36.4 25 70 111 -1.9 -17.1
"3" "3" 2008-11-03 20.98 "CHA" "" "DET" "L" -18 0 16.2 0.425 0.4 0 7.6 4.1 29.5 0 0 0 19.9 103 136 2.8 -8.1
"4" "4" 2008-11-05 20.99 "CHA" "@" "NYK" "L" -3 0 26.4833333333333 0.504 0.462 4 15.5 9.1 22.7 4 0 12.6 26.5 114 108 10.9 4.3
"5" "5" 2008-11-07 20.99 "CHA" "" "NOH" "W" 3 0 20.9 0.564 0.438 0 0 0 43.5 0 0 9.3 26.1 124 116 8 2.4
"6" "6" 2008-11-09 21 "CHA" "" "TOR" "L" -10 0 24.6166666666667 0.589 0.545 0 12.2 4.9 38.5 0 0 0 23.6 128 111 11.3 10.1
"7" "7" 2008-11-11 21 "CHA" "" "DEN" "L" -8 0 24.9666666666667 0.232 0.111 0 10.1 5.4 19.8 0 0 27.1 28.5 46 105 -3.8 -19.7
"8" "8" 2008-11-14 21.01 "CHA" "" "UTA" "W" 8 0 23.7666666666667 0.63 0.333 10.1 10.1 10.1 25.3 2.3 0 0 9.2 174 112 9.3 4.7
"9" "9" 2008-11-16 21.02 "CHA" "" "ORL" "L" -5 0 26.6666666666667 0.571 0.571 4.4 0 2.3 21.8 0 0 22.2 16.2 102 111 5.1 -0.9
"10" "10" 2008-11-18 21.02 "CHA" "" "DAL" "L" -17 0 36.0166666666667 0.643 0.6 0 14.4 6.3 28 1.4 0 0 20.8 137 112 18.3 8.3
"11" "11" 2008-11-21 21.03 "CHA" "@" "ATL" "L" -5 1 39.9 0.623 0.625 0 10 4.7 38 0 0 4.6 26.7 126 107 18 10.2
"12" "12" 2008-11-22 21.03 "CHA" "" "MIL" "L" -5 1 34.1 0.419 0.346 0 6.4 3 18.1 0 0 6.5 20.4 94 99 5.4 -1.9
"13" "13" 2008-11-24 21.04 "CHA" "" "PHI" "W" 9 1 40.4666666666667 0.836 0.818 4.2 10.3 8 53.2 2.7 0 25.1 25.7 139 96 25.9 13.6
"14" "14" 2008-11-26 21.04 "CHA" "@" "TOR" "L" -7 1 43.0833333333333 0.781 0.714 0 0 0 15.1 1.3 0 45.7 16.7 85 116 6.5 -5
"15" "15" 2008-11-28 21.05 "CHA" "@" "IND" "W" 7 0 35.9166666666667 0.433 0.324 0 17 8.4 19 0 0 9.2 26.4 92 105 8.1 -4.8
"16" "16" 2008-11-29 21.05 "CHA" "" "BOS" "L" -5 0 31.3333333333333 0.623 0.6 0 0 0 31.5 1.8 0 8.7 17.9 129 107 10.3 6.8
"17" "17" 2008-12-01 21.06 "CHA" "" "MIN" "W" 10 0 20.9166666666667 0.605 0.571 0 5.9 3 30.5 0 0 21.2 21.6 106 110 4 -6.6
"18" "18" 2008-12-03 21.06 "CHA" "" "OKC" "W" 6 0 27.6666666666667 0.506 0.5 0 0 0 5.6 0 0 9.2 18.2 102 115 2.6 -7.5
"19" "19" 2008-12-05 21.07 "CHA" "@" "MIL" "L" -5 0 27.45 0.722 0.722 0 10.3 5.1 38.5 0 0 0 16.6 158 126 12.7 8.1
"20" "20" 2008-12-06 21.07 "CHA" "" "CLE" "L" -20 0 29.2833333333333 0.904 0.7 4.1 5 4.5 32.6 1.9 0 29.9 21.9 134 115 14.7 8.9
"21" "21" 2008-12-08 21.08 "CHA" "@" "MIA" "L" -4 0 25.8666666666667 0.444 0.357 0 0 0 14 0 0 11.3 33.5 89 126 4.4 -9.2
"22" "22" 2008-12-10 21.08 "CHA" "@" "NOH" "L" -16 1 37.1166666666667 0.794 0.733 0 6.6 3 40.5 5.9 0 5.4 23.3 163 114 29.6 22.4
"23" "23" 2008-12-11 21.08 "CHA" "@" "DAL" "L" -5 1 42.9166666666667 0.267 0.219 0 8 4.1 32.3 0 0 5.6 20.8 83 120 5.1 -7.7
"24" "24" 2008-12-13 21.09 "CHA" "" "DET" "L" -4 0 25.4 0.688 0.55 0 4.2 2.2 16 2.1 0 18.7 28.2 122 101 11.5 5.7
"25" "25" 2008-12-15 21.1 "CHA" "@" "ATL" "L" -4 0 28.2333333333333 0.346 0.346 0 8.5 4.3 28.1 0 0 0 23.8 77 104 3.7 -3.7
"26" "26" 2008-12-16 21.1 "CHA" "" "CHI" "W" 9 0 45.3833333333333 0.668 0.5 0 5.4 2.6 28.2 1.2 0 4.4 23.9 144 111 25.3 9.3
"27" "27" 2008-12-19 21.11 "CHA" "@" "MEM" "W" 29 0 24.05 0.333 0.333 0 5.3 3.1 41.6 0 0 62.5 16.6 82 102 2.6 -6
"28" "28" 2008-12-20 21.11 "CHA" "" "GSW" "L" -7 0 20.1166666666667 0.75 0.75 0 0 0 21.5 0 0 42.9 15.3 90 128 1.9 -8.4
"29" "29" 2008-12-23 21.12 "CHA" "" "WAS" "W" 8 0 23.6666666666667 0.451 0.333 4.9 0 2.2 7.8 0 0 20.5 19.3 84 95 1.8 -7.5
"30" "30" 2008-12-26 21.13 "CHA" "@" "NJN" "W" 8 0 18.2666666666667 0.317 0.286 0 11.7 6.7 17.7 0 0 11.3 23.7 70 104 1.1 -12.4
"31" "31" 2008-12-27 21.13 "CHA" "" "NJN" "L" -11 0 27.5333333333333 0.338 0.25 0 10.7 4.9 10.7 0 0 47.4 14.8 48 127 -1.4 -15.1
"32" "32" 2008-12-30 21.14 "CHA" "" "NYK" "L" -4 0 35.0833333333333 0.582 0.583 3.3 8.9 6.3 10.2 2.9 0 0 16.1 127 100 13.6 5.6
"33" "33" 2009-01-02 21.15 "CHA" "@" "MIL" "L" -28 0 31.2833333333333 0.313 0.227 0 4 1.8 23.7 1.7 0 28.2 25.4 59 121 -1 -12.2
"34" "34" 2009-01-03 21.15 "CHA" "" "MIL" "W" 10 0 29.5333333333333 0.588 0.438 0 13.9 7.3 28.9 3.7 0 0 16.7 138 101 13.6 7.7
"35" "35" 2009-01-06 21.16 "CHA" "" "BOS" "W" 8 0 35.1166666666667 0.753 0.5 0 3.1 1.8 22.5 0 0 13.1 20.8 146 115 16.2 4.9
"36" "36" 2009-01-07 21.16 "CHA" "@" "CLE" "L" -30 0 34.9 0.59 0.5 0 12.5 5.6 16.6 0 0 17.7 15.5 106 130 6.8 -4.3
"37" "37" 2009-01-09 21.16 "CHA" "@" "PHI" "L" -6 0 14.95 0.436 0.417 0 8.2 4.3 22.5 0 0 22.5 30 81 119 -0.1 -16.3
"38" "38" 2009-01-10 21.17 "CHA" "@" "WAS" "W" 3 0 4 0.75 0.75 0 0 0 0 0 0 33.3 39.5 77 117 1 -3.1
"39" "" 2009-01-13 21.18 "CHA" "@" "DET" "W" 2 NA NA NA NA NA NA NA NA NA NA NA NA NA NA NA NA
"40" "" 2009-01-17 21.19 "CHA" "" "POR" "W" 5 NA NA NA NA NA NA NA NA NA NA NA NA NA NA NA NA
"41" "" 2009-01-19 21.19 "CHA" "" "SAS" "L" -2 NA NA NA NA NA NA NA NA NA NA NA NA NA NA NA NA
"42" "" 2009-01-21 21.2 "CHA" "" "MEM" "W" 15 NA NA NA NA NA NA NA NA NA NA NA NA NA NA NA NA
"43" "" 2009-01-23 21.2 "CHA" "" "PHO" "W" 22 NA NA NA NA NA NA NA NA NA NA NA NA NA NA NA NA
"44" "" 2009-01-25 21.21 "CHA" "@" "IND" "L" -5 NA NA NA NA NA NA NA NA NA NA NA NA NA NA NA NA
"45" "" 2009-01-27 21.21 "CHA" "@" "LAL" "W" 7 NA NA NA NA NA NA NA NA NA NA NA NA NA NA NA NA
"46" "" 2009-01-28 21.22 "CHA" "@" "POR" "L" -14 NA NA NA NA NA NA NA NA NA NA NA NA NA NA NA NA
"47" "" 2009-01-30 21.22 "CHA" "@" "DEN" "L" -11 NA NA NA NA NA NA NA NA NA NA NA NA NA NA NA NA
"48" "" 2009-02-02 21.23 "CHA" "@" "UTA" "L" -19 NA NA NA NA NA NA NA NA NA NA NA NA NA NA NA NA
"49" "39" 2009-02-06 21.24 "CHA" "" "ATL" "L" -5 0 16.2 0.45 0.375 15.2 0 7.1 10.6 0 0 18.4 32.5 91 127 2.9 -7.9
"50" "40" 2009-02-08 21.25 "CHA" "@" "MIA" "L" -4 1 39.0166666666667 0.679 0.684 0 8.5 3.8 28.7 1.5 0 9.1 27.4 126 116 19.9 11.2
"51" "41" 2009-02-09 21.25 "CHA" "" "LAC" "W" 21 1 38.0166666666667 0.781 0.75 0 11.5 6.6 12.6 1.4 0 15.5 16.3 134 85 13.9 3.8
"52" "42" 2009-02-11 21.25 "CHA" "" "WAS" "W" 12 1 38.55 0.82 0.75 0 13.8 7.8 17.6 1.4 0 0 18.4 174 105 22.5 6.8
"53" "43" 2009-02-17 21.27 "CHA" "@" "ORL" "L" -5 0 14.85 0.786 0.786 0 0 0 40.9 3.7 0 12.5 24.5 144 111 9.4 16.7
"54" "44" 2009-02-18 21.27 "CHA" "" "IND" "W" 9 0 24.9 0.452 0.25 0 3.9 2 24 0 2.8 0 12.1 120 109 5.8 -4.5
"55" "45" 2009-02-20 21.28 "CHA" "" "ORL" "L" -12 0 25.7666666666667 0.379 0.318 0 23.9 10.7 22.9 2.1 0 7.8 22.7 89 103 5.7 0.7
"56" "46" 2009-02-22 21.28 "CHA" "@" "HOU" "L" -21 0 22.4666666666667 0.129 0 0 5.8 2.7 23.7 0 0 34 11.8 39 119 -2.3 -13.7
"57" "47" 2009-02-24 21.29 "CHA" "@" "PHO" "L" -10 0 18.1 0.34 0.2 0 15.6 7.1 15 5.5 0 0 14.2 97 110 4.5 -0.7
"58" "48" 2009-02-25 21.29 "CHA" "@" "SAC" "W" 7 0 21.4333333333333 1.2 1.2 0 0 0 16.6 0 0 16.7 13.5 179 112 10.5 13.4
"59" "49" 2009-02-27 21.3 "CHA" "@" "GSW" "W" 3 0 14.0333333333333 0.592 0.4 0 16.7 9.4 10.3 0 0 30.7 30.7 93 118 2.8 -15.1
"60" "50" 2009-02-28 21.3 "CHA" "@" "LAC" "W" 5 0 26.95 0.509 0.5 0 0 0 39.1 2.1 0 12.7 14.1 127 115 8.4 2.1
"61" "51" 2009-03-03 21.31 "CHA" "" "CHI" "W" 16 0 32.85 0.82 0.75 4.2 10 7.4 22.4 0 0 29.1 10.3 132 99 8.7 1
"62" "52" 2009-03-06 21.32 "CHA" "" "ATL" "W" 7 0 16.1666666666667 0.444 0.444 0 0 0 18.5 0 0 10 31.9 94 119 2.1 -9.9
"63" "53" 2009-03-07 21.32 "CHA" "@" "NYK" "W" 9 0 13.8333333333333 1.113 1 0 7.9 4.8 0 0 0 0 19.6 243 120 12.2 12
"64" "54" 2009-03-10 21.33 "CHA" "@" "SAS" "L" -14 0 14.4666666666667 0.41 0.25 0 0 0 37.3 0 0 0 18.1 106 126 3.7 -3
"65" "55" 2009-03-13 21.34 "CHA" "" "HOU" "L" -5 0 17.5166666666667 0.608 0.5 0 8.6 3.7 9.6 3.1 0 14.8 18.2 112 104 4.8 -0.2
"66" "56" 2009-03-14 21.34 "CHA" "@" "MIN" "L" -8 0 22.4333333333333 0.765 0.75 0 24.5 11.9 18.6 0 0 7.8 27.7 147 127 14.2 8.5
"67" "57" 2009-03-16 21.35 "CHA" "" "TOR" "W" 26 0 20.4333333333333 0.75 0.75 0 10.9 5.8 47.1 2.4 0 9.1 23.6 141 91 14.8 17
"68" "58" 2009-03-18 21.35 "CHA" "" "SAC" "W" 16 0 19.6166666666667 0.945 0.833 0 15.6 9.2 26.1 0 0 0 11.1 215 106 9.9 7.1
"69" "59" 2009-03-20 21.36 "CHA" "@" "TOR" "W" 13 0 13.7666666666667 0.625 0.625 0 0 0 10 4 0 0 14 135 103 4.7 6.2
"70" "60" 2009-03-21 21.36 "CHA" "" "IND" "L" -25 0 20.9166666666667 0.17 0 0 7.2 3 6.7 0 0 25.4 16.7 38 127 -4.1 -21.9
"71" "61" 2009-03-25 21.37 "CHA" "@" "WAS" "L" -2 0 23.55 0.901 0.929 0 16.1 8.2 24.6 6.6 0 26.5 21.7 123 96 14.3 12.8
"72" "62" 2009-03-27 21.38 "CHA" "@" "PHI" "W" 5 0 16.4666666666667 0.962 1 0 8.3 4.6 0 0 0 0 19.4 198 116 11 15.2
"73" "63" 2009-03-28 21.38 "CHA" "" "NYK" "W" 11 0 25.5666666666667 0.921 0.944 0 8.3 4.7 32.7 2 0 22.5 23.8 133 95 16.9 13.9
"74" "64" 2009-03-31 21.39 "CHA" "" "LAL" "W" 10 0 19.7333333333333 0.595 0.5 8.1 18.7 14.8 0 0 0 7.8 33.1 113 99 9.5 1.6
"75" "65" 2009-04-01 21.39 "CHA" "@" "BOS" "L" -2 0 18.5166666666667 0.7 0.7 0 8.9 3.7 10 0 0 9.1 28.5 131 120 8.2 8.1
"76" "66" 2009-04-03 21.39 "CHA" "" "MIA" "L" -5 0 24 0.643 0.643 0 5.7 2.9 6.5 2.2 0 22.2 18.3 97 109 4.9 -2.7
"77" "67" 2009-04-05 21.4 "CHA" "@" "DET" "L" -7 0 29.4833333333333 0.602 0.462 3.5 5.1 4.1 6.5 1.8 0 14.1 32.5 116 119 12.2 4
"78" "68" 2009-04-07 21.41 "CHA" "" "PHI" "W" 3 0 31.4833333333333 0.444 0.444 0 11.2 6 31.1 1.8 2.5 10 15.2 113 117 7.5 -0.2
"79" "69" 2009-04-10 21.41 "CHA" "@" "OKC" "L" -3 0 35.2833333333333 0.549 0.469 2.8 6.8 4.6 19.6 1.4 0 5.2 23.7 116 95 14.2 7.2
"80" "70" 2009-04-11 21.42 "CHA" "@" "CHI" "L" -7 1 41.3 0.524 0.5 3.1 0 1.5 28.9 1.3 0 12.3 18.2 122 132 11.6 -0.7
"81" "71" 2009-04-13 21.42 "CHA" "@" "NJN" "L" -4 1 29.8166666666667 0.514 0.429 0 4.2 2.1 17.1 3.7 0 10.2 15.9 105 107 7.1 -2.2
"82" "72" 2009-04-15 21.43 "CHA" "@" "ORL" "L" -25 1 41.6166666666667 0.402 0.222 2.7 0 1.3 5.3 0 0 15.2 16 78 123 2.5 -10.6
"1" "1" 2009-10-28 21.96 "CHA" "@" "BOS" "L" -33 0 27.25 0.085 0 3.7 4.2 3.9 30.6 2.1 0 25.4 13.5 35 111 -0.5 -8.2
"2" "2" 2009-10-30 21.97 "CHA" "" "NYK" "W" 2 0 39.25 0.644 0.611 0 2.8 1.4 5.4 0 0 7.9 15.2 122 101 8.7 -1.5
"3" "3" 2009-10-31 21.97 "CHA" "@" "CLE" "L" -11 0 28.8 0.646 0.5 0 11.9 5.1 32.5 0 0 10.5 16.9 136 117 10.6 5.3
"4" "4" 2009-11-02 21.98 "CHA" "" "NJN" "W" 11 0 27.2 0.571 0.429 0 4.4 2.1 26.3 6.1 0 14 34.8 116 77 14.5 11.7
"5" "5" 2009-11-06 21.99 "CHA" "" "ATL" "W" 20 0 24.2166666666667 0.527 0.5 0 11.7 6.5 19.1 0 0 8.7 21.4 112 94 6 -1.7
"6" "6" 2009-11-07 21.99 "CHA" "@" "CHI" "L" -3 0 11.25 0 0 0 0 0 12.5 0 0 50 15.6 15 114 -2.7 -22.1
"7" "7" 2009-11-10 22 "CHA" "" "ORL" "L" -12 0 17.0166666666667 0.333 0.333 0 0 0 9.9 3.2 0 14.3 19.9 66 107 1.3 -6.3
"8" "8" 2009-11-11 22 "CHA" "@" "DET" "L" -23 0 15.7 0.543 0 0 10.5 4.6 32.8 0 0 42 15.4 87 122 0.7 -11
"9" "9" 2009-11-14 22.01 "CHA" "" "POR" "L" -6 0 19.25 0.3 0.3 0 8.3 3 0 0 0 16.7 15.4 55 107 -1.6 -13.4
"10" "10" 2009-11-16 22.02 "CHA" "@" "ORL" "L" -6 0 12.9333333333333 0.225 0.25 0 25.9 14.8 46 4.1 0 31.1 24.3 59 99 1.5 -4.3
"11" "11" 2009-11-18 22.02 "CHA" "@" "PHI" "L" -2 0 20.7333333333333 0.5 0.5 0 0 0 36.5 0 0 0 14.2 127 112 4.2 -0.1
"12" "12" 2009-11-20 22.03 "CHA" "@" "MIL" "L" -7 0 12.9333333333333 0.145 0 0 0 0 0 4.3 0 0 14.4 31 110 -1.3 -15.9
"13" "13" 2009-11-22 22.03 "CHA" "" "IND" "W" 16 0 18.95 0.41 0.5 0 11.5 6.2 32.9 2.7 0 45 10.3 80 95 2.9 -2.7
"14" "14" 2009-11-25 22.04 "CHA" "" "TOR" "W" 35 0 14.2 0.417 0.417 0 22 11.1 9.6 3.5 0 14.3 20.4 83 84 2.8 -5.2
"15" "15" 2009-11-27 22.05 "CHA" "" "CLE" "W" 7 0 10.9666666666667 0.7 0.7 0 10.9 5.4 20 0 0 16.7 27 109 101 4.3 4.7
"16" "16" 2009-11-28 22.05 "CHA" "@" "WAS" "W" 16 0 17.4166666666667 0.5 0.5 0 14.5 7 8.5 0 0 0 5.6 117 94 1.1 -7.5
"17" "17" 2009-12-01 22.06 "CHA" "" "BOS" "L" -18 0 15.3 0.347 0.333 0 0 0 10.9 0 0 31.6 18.8 55 133 -0.8 -15.1
"18" "" 2009-12-04 22.07 "CHA" "@" "NJN" "L" -6 NA NA NA NA NA NA NA NA NA NA NA NA NA NA NA NA
"19" "" 2009-12-05 22.07 "CHA" "" "PHI" "W" 1 NA NA NA NA NA NA NA NA NA NA NA NA NA NA NA NA
"20" "18" 2009-12-08 22.08 "CHA" "" "DEN" "W" 12 0 12.4666666666667 0 0 0 0 0 11 0 6.5 50 7 27 105 -1.1 -8.2
"21" "19" 2009-12-11 22.08 "CHA" "@" "SAS" "L" -19 0 11.2 0.75 0.75 0 0 0 15.5 0 0 0 8 159 118 2.3 1.4
"22" "20" 2009-12-12 22.09 "CHA" "@" "DAL" "L" -1 0 15.35 0.338 0.375 0 6.8 3.7 11.3 3.7 0 0 13.8 87 103 1 -2.1
"23" "21" 2009-12-15 22.1 "CHA" "" "NYK" "W" 7 0 10.55 NA NA 0 0 0 0 0 0 NA 0 0 100 -0.4 -8.2
"24" "22" 2009-12-16 22.1 "CHA" "@" "IND" "L" -3 0 28.6333333333333 0.483 0.375 0 9.6 4.4 35.1 1.7 0 9.7 15.6 110 106 7.8 2.6
"25" "23" 2009-12-19 22.11 "CHA" "" "UTA" "L" -8 0 13.7166666666667 0.769 0.583 0 9.7 5.1 14.3 3.5 5.8 0 34.2 167 106 14.5 22.1
"26" "24" 2009-12-20 22.11 "CHA" "@" "NYK" "L" -4 0 20.1166666666667 0.429 0.429 0 6.8 3.1 21.5 0 0 12.5 17.7 99 113 2.5 -4.1
"27" "25" 2009-12-22 22.12 "CHA" "" "DET" "W" 12 0 17.8 0.508 0.5 0 0 0 20.8 0 0 0 21.8 111 93 3.7 -4.4
"28" "26" 2009-12-26 22.13 "CHA" "@" "OKC" "L" -7 0 13.5166666666667 0.694 0.75 0 18.7 8.5 33.9 0 0 41 16.7 93 112 3.3 -0.3
"29" "27" 2009-12-28 22.13 "CHA" "" "MIL" "W" 10 0 16.6666666666667 0.394 0.313 7.2 6.9 7 30.6 3.1 0 0 23.8 104 91 5.9 5.3
"30" "28" 2009-12-30 22.14 "CHA" "@" "TOR" "L" -4 0 16.0666666666667 0.286 0.286 0 0 0 27.1 0 0 0 20.2 86 127 1.6 -8.6
"31" "29" 2010-01-02 22.15 "CHA" "@" "MIA" "W" 10 0 17.8666666666667 0.929 0.929 0 6.9 3.9 12.5 3.1 0 12.5 23.5 145 112 10.7 14.3
"32" "30" 2010-01-03 22.15 "CHA" "@" "CLE" "W" 3 0 13.5166666666667 1 1 0 0 0 13.2 0 0 0 12.1 194 121 4.6 7
"33" "31" 2010-01-05 22.15 "CHA" "" "CHI" "W" 5 0 14.85 0.45 0.375 0 0 0 18.1 3.2 0 18.4 17 85 110 3 -3.4
"34" "32" 2010-01-07 22.16 "CHA" "@" "NYK" "L" -4 0 13.3166666666667 0.375 0.375 0 0 0 32.4 0 0 0 14.4 107 120 2.3 -5.5
"35" "33" 2010-01-09 22.16 "CHA" "" "MEM" "W" 2 0 17.0166666666667 0.644 0.5 0 0 0 18.7 3 0 20.5 12.9 116 94 4.3 2.9
"36" "34" 2010-01-12 22.17 "CHA" "" "HOU" "W" 8 0 16.0833333333333 0.333 0.333 8.1 0 3.8 8.3 0 0 0 9 104 121 1.7 -6.9
"37" "35" 2010-01-15 22.18 "CHA" "" "SAS" "W" 16 0 16.5666666666667 0.25 0.25 0 6.6 3.4 63.2 6.8 0 0 12.2 113 86 6.4 9.2
"38" "36" 2010-01-16 22.18 "CHA" "" "PHO" "W" 26 0 18.1333333333333 0.307 0.25 0 6 3.1 24.4 2.7 0 0 11.5 107 106 3.1 -5.6
"39" "37" 2010-01-18 22.19 "CHA" "" "SAC" "W" 2 0 8.38333333333333 0.625 0.625 0 15.9 7.2 0 0 0 0 21.3 125 112 2.5 -1.4
"40" "38" 2010-01-20 22.19 "CHA" "" "MIA" "W" 39 0 21.05 0.188 0 0 14 8.1 13 2.5 0 27.3 15.4 49 74 -0.7 -8
"41" "39" 2010-01-22 22.2 "CHA" "@" "ATL" "L" -14 0 22.6666666666667 0.481 0.429 0 5.9 3.2 0 0 0 0 17.8 108 127 3.4 -8.5
"42" "40" 2010-01-23 22.2 "CHA" "" "ORL" "L" -11 0 29.6833333333333 0.762 0.75 0 8.5 3.8 8.6 0 0 6.5 25.1 138 116 14.9 11.7
"43" "41" 2010-01-25 22.21 "CHA" "@" "DEN" "L" -11 0 11.2833333333333 0.26 0 0 0 0 37.5 4.8 0 14.8 29 70 114 1.5 -8.5
"44" "42" 2010-01-26 22.21 "CHA" "@" "PHO" "W" 5 0 15.2166666666667 0 0 7.1 0 3.9 17 0 0 0 11.9 52 123 -1.5 -14.1
"45" "43" 2010-01-29 22.22 "CHA" "@" "GSW" "W" 11 0 24.7833333333333 0.941 0.929 0 13.2 7.3 37.1 0 0 11.8 14.3 175 116 14.8 11.7
"46" "44" 2010-01-30 22.22 "CHA" "@" "SAC" "W" 7 0 14.4 0.338 0.25 0 21.7 11.8 18.7 0 0 18.4 16.8 74 105 1.1 -12.5
"47" "45" 2010-02-01 22.23 "CHA" "@" "POR" "L" -19 0 17.45 0 0 0 0 0 21.2 0 0 16.7 17.3 21 126 -4.3 -22.3
"48" "46" 2010-02-03 22.23 "CHA" "@" "LAL" "L" -2 0 15.6833333333333 0.615 0.5 0 0 0 9.9 0 0 0 14.3 154 130 3.9 -1.5
"49" "47" 2010-02-06 22.24 "CHA" "" "NOH" "L" -5 0 18.7333333333333 0.945 0.917 0 7.3 3.6 53 5.7 0 0 17.6 193 110 15.8 21.3
"50" "48" 2010-02-09 22.25 "CHA" "" "WAS" "W" 2 0 17.2 0.5 0.5 0 0 0 43.3 3.2 0 40 14.3 91 108 3.8 2.1
"51" "49" 2010-02-10 22.25 "CHA" "@" "MIN" "W" 1 1 41.9333333333333 0.524 0.5 0 7.6 4.3 25.5 1.3 0 8 14.4 124 111 11.3 -0.4
"52" "50" 2010-02-16 22.27 "CHA" "" "NJN" "L" -9 0 13 0.532 0 0 0 0 21.7 0 0 34.7 10 95 122 0.9 -10.6
"53" "51" 2010-02-19 22.28 "CHA" "" "CLE" "W" 17 0 18.9333333333333 0.872 0.833 0 5.3 3 8.2 0 0 0 17.4 174 112 10.4 9.6
"54" "52" 2010-02-20 22.28 "CHA" "@" "MIL" "L" -5 0 22.7 0.368 0 0 0 0 19.2 4.7 0 0 20.3 96 102 5.7 0.9
"55" "53" 2010-02-22 22.28 "CHA" "@" "LAC" "L" -4 0 16.0333333333333 0.225 0.188 0 0 0 0 3.3 0 0 25.7 51 116 -1 -17.7
"56" "54" 2010-02-24 22.29 "CHA" "@" "UTA" "L" -9 0 17.0166666666667 0 0 0 13.8 7.4 10.1 3.3 0 0 15 13 118 -2.4 -19.7
"57" "55" 2010-02-26 22.3 "CHA" "@" "MEM" "W" 4 0 14.25 0.2 0.2 0 0 0 0 0 0 28.6 23 31 110 -3.9 -25.2
"58" "56" 2010-03-01 22.3 "CHA" "" "DAL" "L" -5 0 15.15 0.258 0 0 8.1 4.1 10.9 0 0 43.6 20.9 37 103 -2.5 -18.4
"59" "57" 2010-03-03 22.31 "CHA" "@" "BOS" "L" -24 0 24 0.436 0.333 0 5.7 2.4 42.1 4.5 0 12.7 30.8 89 114 7.9 0.8
"60" "58" 2010-03-05 22.32 "CHA" "" "LAL" "W" 15 0 22.4333333333333 0.75 0.75 0 8.9 5.2 42.3 4.6 0 33.3 25.5 105 89 9.7 7.3
"61" "59" 2010-03-06 22.32 "CHA" "" "GSW" "W" 11 0 28.1666666666667 0.839 0.85 0 9.6 5.3 18.2 0 2.6 20.9 21.1 132 104 14.3 8.9
"62" "60" 2010-03-09 22.33 "CHA" "" "MIA" "W" 5 0 12.9333333333333 0.654 0.5 0 17.3 8.3 0 0 0 11.6 32.3 118 95 6.5 6.7
"63" "61" 2010-03-10 22.33 "CHA" "@" "PHI" "W" 15 0 27.5 0.465 0.444 0 7.1 4.3 33.5 0 0 15.7 22.3 94 101 5.8 -5.9
"64" "62" 2010-03-12 22.33 "CHA" "" "LAC" "W" 8 0 12.9666666666667 0.429 0.429 0 0 0 10.9 0 0 12.5 27.8 83 113 2 -12.6
"65" "63" 2010-03-14 22.34 "CHA" "@" "ORL" "W" 7 0 18.8 0.425 0.4 6.9 11.9 9.6 17.1 3 0 14.5 17.7 96 101 4.6 1
"66" "64" 2010-03-16 22.35 "CHA" "@" "IND" "L" -5 0 19.1166666666667 0.543 0 0 5.3 2.9 7.6 2.8 0 26.6 9 95 112 2.1 -5.9
"67" "65" 2010-03-17 22.35 "CHA" "" "OKC" "W" 8 0 13.65 0.25 0.25 0 24.5 12.7 31.5 0 0 20 17.6 66 103 0.8 -11.1
"68" "66" 2010-03-19 22.35 "CHA" "@" "ATL" "L" -1 0 7.56666666666667 0 0 0 0 0 35.9 0 0 33.3 19.3 35 112 -1.8 -21.6
"69" "67" 2010-03-20 22.36 "CHA" "@" "MIA" "L" -6 0 14.1333333333333 0.735 0.7 0 7.1 3.7 0 0 0 15.5 21.5 117 99 4.2 5.9
"70" "68" 2010-03-23 22.36 "CHA" "@" "WAS" "W" 9 0 13.6 0.51 0.4 7.2 15.9 11.4 27.6 0 0 0 19.3 138 95 5.2 6
"71" "69" 2010-03-24 22.37 "CHA" "" "MIN" "W" 13 0 20.05 0.45 0.375 0 12.3 6.1 16.9 0 0 18.4 12.1 103 107 3.3 -5.3
"72" "70" 2010-03-26 22.37 "CHA" "" "WAS" "W" 11 0 16.35 0 0 0 0 0 21.5 0 0 0 5.7 82 115 -0.5 -11.2
"73" "71" 2010-03-29 22.38 "CHA" "" "TOR" "L" -2 0 17.25 0.75 0.75 0 7.5 4 58.8 3.2 0 14.3 20.6 133 116 9 11.5
"74" "72" 2010-03-31 22.39 "CHA" "" "PHI" "W" 19 0 19.5 0.5 0.5 11.7 6 8.9 29.4 5.2 0 18.2 25.4 100 86 8.1 4.5
"75" "73" 2010-04-02 22.39 "CHA" "" "MIL" "W" 1 0 16.8166666666667 0.508 0.571 7.3 6.7 7 30.7 0 0 0 22.8 122 104 5.9 8.3
"76" "74" 2010-04-03 22.39 "CHA" "@" "CHI" "L" -8 0 15.25 1 1 0 0 0 12.3 7.3 0 0 12.8 190 105 9.1 20.1
"77" "75" 2010-04-06 22.4 "CHA" "" "ATL" "W" 9 0 13.3666666666667 1.375 1.375 0 0 0 0 8.6 0 20 18.5 156 111 10 25.3
"78" "76" 2010-04-07 22.41 "CHA" "@" "NOH" "W" 1 0 18.55 1 1 0 0 0 22.4 0 0 22.2 21.9 139 118 9.3 8.9
"79" "77" 2010-04-09 22.41 "CHA" "@" "HOU" "L" -7 0 21.4166666666667 0.461 0.313 5.5 16 10.8 15.7 2.5 0 17 25.5 94 106 4.6 -4.6
"80" "78" 2010-04-10 22.41 "CHA" "" "DET" "W" 4 1 40.35 0.542 0.542 0 8.5 5.2 38.4 2.8 2.1 7.7 16.9 124 111 15.1 3.9
"81" "79" 2010-04-12 22.42 "CHA" "@" "NJN" "W" 10 0 22.3666666666667 0.786 0.786 5.5 8.4 7.2 46.6 0 0 0 14 172 107 13.5 11.6
"82" "80" 2010-04-14 22.42 "CHA" "" "CHI" "L" -9 0 24 0.202 0.111 0 5.4 2.7 13.3 0 3.4 0 18.9 57 119 0.1 -13.4
"1" "1" 2010-10-27 22.96 "CHA" "@" "DAL" "L" -15 1 40.55 0.353 0.25 0 10.1 4.6 22.2 1.3 0 8.1 14.1 84 112 6.2 -5.2
"2" "2" 2010-10-29 22.97 "CHA" "" "IND" "L" -3 1 40.9833333333333 0.525 0.429 2.9 3 3 27.9 0 0 19.8 22.2 106 124 10.4 -3.3
"3" "3" 2010-10-30 22.97 "CHA" "@" "MIL" "L" -10 1 39.5166666666667 0.908 0.885 3.9 9.8 7.1 31.9 1.4 0 6.5 20.2 175 118 24.8 16.7
"4" "4" 2010-11-03 22.98 "CHA" "@" "NJN" "W" 2 1 30.95 0.317 0.214 0 24.5 12.1 36.9 1.8 0 0 12.5 107 95 7 -1.3
"5" "5" 2010-11-05 22.99 "CHA" "@" "DET" "L" -7 1 31.2166666666667 0.872 0.833 0 11.8 6.7 39.9 0 0 30.4 16.2 136 120 10.9 -1.4
"6" "6" 2010-11-06 22.99 "CHA" "" "ORL" "L" -3 1 32.55 0.533 0.5 0 10.1 5.7 39.2 0 0 10.6 14.5 118 106 9.3 -0.5
"7" "7" 2010-11-08 22.99 "CHA" "" "SAS" "L" -4 1 36.9666666666667 0.233 0.233 2.8 15.8 9 26.8 0 0 0 18.3 79 113 4.1 -7.7
"8" "8" 2010-11-10 23 "CHA" "@" "TOR" "W" 5 1 33.9 0.714 0.611 0 0 0 35 4.7 0 8.2 17.4 149 107 17 7.5
"9" "9" 2010-11-12 23.01 "CHA" "@" "WAS" "W" 8 1 33.15 0.833 0.813 0 6.4 3.7 54.1 1.7 0 28.2 20.2 139 104 17.6 11.1
"10" "10" 2010-11-13 23.01 "CHA" "" "UTA" "L" -1 1 41.4666666666667 0.455 0.364 0 8.5 4.2 38.1 0 0 13.2 18 110 119 10.2 -6.6
"11" "11" 2010-11-15 23.01 "CHA" "" "MIN" "W" 3 1 35.1166666666667 0.418 0.389 3.8 11.9 8.3 44.4 0 0 8.5 15.1 117 117 11.3 -2.6
"12" "12" 2010-11-19 23.02 "CHA" "@" "MIA" "L" -8 1 24.55 0.307 0.25 0 8.5 4.8 31.5 2.1 0 0 10.1 95 105 4.5 -2.3
"13" "13" 2010-11-20 23.03 "CHA" "" "PHO" "W" 18 1 32.4 0.656 0.6 0 22.2 11.9 18 0 0 0 16.5 147 112 15.1 -1.1
"14" "14" 2010-11-23 23.04 "CHA" "@" "NYK" "L" -3 1 40.2166666666667 0.621 0.611 0 18.6 8.2 26.1 4.9 0 9.4 22 132 109 22.6 8.9
"15" "15" 2010-11-24 23.04 "CHA" "" "NYK" "L" -4 1 34.0833333333333 0.474 0.385 8.8 19 13.3 30.8 0 0 0 18.9 131 117 14.6 1
"16" "16" 2010-11-26 23.04 "CHA" "" "HOU" "W" 10 1 32.2166666666667 0.317 0.214 0 9.9 5.1 43.7 0 0 11.3 12.6 103 103 8.1 -1.8
"17" "17" 2010-11-27 23.05 "CHA" "@" "MIL" "L" -3 1 38.7166666666667 0.702 0.6 0 10.1 5.4 35.7 0 0 13.9 26.7 132 122 19.6 3.4
"18" "18" 2010-12-01 23.06 "CHA" "@" "NOH" "L" -16 1 35 0.597 0.55 0 3.3 1.7 37.2 0 0 21.6 20.6 104 112 8.3 -0.7
"19" "19" 2010-12-03 23.06 "CHA" "" "NJN" "W" 7 1 42.3333333333333 0.563 0.5 4.6 8.9 6.8 15.2 0 0 23.1 17.8 96 90 8.5 -2.6
"20" "20" 2010-12-04 23.07 "CHA" "@" "PHI" "L" -18 1 30.0333333333333 0.5 0.5 0 4.3 2.1 6.4 0 0 14.3 22.5 90 132 3.8 -8.7
"21" "21" 2010-12-07 23.07 "CHA" "" "DEN" "W" 2 1 38.1 0.787 0.773 0 7.2 3.7 25 0 2.7 14.9 16.2 142 111 15 4.9
"22" "22" 2010-12-10 23.08 "CHA" "@" "IND" "L" -8 1 24.8333333333333 0.515 0.333 4 13.2 8.4 30.1 0 0 11.4 14.9 121 110 7.1 -3.7
"23" "23" 2010-12-11 23.08 "CHA" "" "BOS" "L" -31 1 32.3666666666667 0 0 0 0 0 6.2 1.7 0 33.3 17.4 4 113 -9.1 -22.3
"24" "24" 2010-12-14 23.09 "CHA" "" "TOR" "W" 6 1 34.95 0.436 0.375 8.1 2.6 4.8 28.7 1.5 2.2 6.8 19.7 113 108 11.7 -0.9
"25" "25" 2010-12-15 23.1 "CHA" "@" "MEM" "L" -33 1 35.05 0.563 0.5 3.6 15.2 9.3 40.1 4.3 0 18.4 15 111 115 13 3.7
"26" "26" 2010-12-17 23.1 "CHA" "@" "ATL" "L" -5 1 36.9 0.541 0.5 2.7 3.2 2.9 18.3 1.6 0 9 28.2 112 113 13.2 1.5
"27" "27" 2010-12-20 23.11 "CHA" "@" "WAS" "L" -33 1 30.1833333333333 0.507 0.438 0 10.3 4.9 27.4 0 0 10.1 15.7 109 123 5.4 -5.5
"28" "28" 2010-12-21 23.11 "CHA" "" "OKC" "L" -18 1 18.6833333333333 0.5 0.5 0 7.6 3.4 11.5 0 0 0 20.3 102 121 3.4 -3.4
"29" "29" 2010-12-27 23.13 "CHA" "" "DET" "W" 5 1 35.9333333333333 0.827 0.8 0 3 1.7 20.1 0 0 0 20.3 177 117 23.2 8.1
"30" "30" 2010-12-29 23.13 "CHA" "" "CLE" "W" 9 1 37.8 0.914 0.893 3.1 10 6.4 35.8 0 0 6.1 20.3 179 111 26.6 16
"31" "31" 2010-12-31 23.14 "CHA" "" "GSW" "L" -1 1 32.0833333333333 0.482 0.458 0 3.8 1.7 32.6 1.7 0 7.4 18.6 114 112 9.3 -1.1
"32" "32" 2011-01-03 23.15 "CHA" "" "MIA" "L" -14 1 29.3666666666667 0.612 0.5 0 5 2 20.9 1.9 0 7.1 22.1 124 116 12.6 7.8
"33" "33" 2011-01-05 23.15 "CHA" "@" "MIN" "W" 3 1 41.35 0.398 0.294 4.4 8.4 6.2 27.1 0 0 9.1 23.5 98 109 10.4 -4.5
"34" "34" 2011-01-08 23.16 "CHA" "" "WAS" "W" 15 1 32.0333333333333 0.758 0.682 0 0 0 44.9 3.3 0 18.5 22.6 142 99 19.6 13
"35" "35" 2011-01-10 23.17 "CHA" "" "MEM" "W" 14 1 38.3333333333333 0.654 0.583 0 10.4 5.8 38.2 1.4 0 26.7 23.7 111 95 15.1 1.8
"36" "36" 2011-01-12 23.17 "CHA" "" "CHI" "W" 5 1 38.7833333333333 0.689 0.583 5.6 3.6 4.8 53.9 0 0 5.9 21 150 109 24.3 13.1
"37" "37" 2011-01-14 23.18 "CHA" "@" "BOS" "L" -5 1 31.2 0.675 0.545 0 0 0 38 1.8 0 6.6 23.2 148 117 15.5 9.3
"38" "38" 2011-01-15 23.18 "CHA" "" "NOH" "L" -7 1 31.2 0.51 0.4 3.8 0 2 46.1 0 0 7.8 20.6 120 112 10 3.3
"39" "39" 2011-01-17 23.19 "CHA" "@" "PHI" "L" -4 1 41.6166666666667 0.274 0.25 2 7.3 4.4 35.2 1.3 0 10.8 19.6 73 100 4.8 -6
"40" "40" 2011-01-18 23.19 "CHA" "@" "CHI" "W" 1 1 34.0833333333333 0.508 0.462 0 9.8 4.9 26.5 3.3 0 6.3 21.6 111 98 12.9 6
"41" "41" 2011-01-20 23.19 "CHA" "" "PHI" "W" 3 1 36.8666666666667 0.789 0.735 0 12.1 6.1 44 1.5 0 13.3 29.9 142 111 27.9 15.4
"42" "42" 2011-01-22 23.2 "CHA" "" "ATL" "L" -16 1 34.55 0.573 0.559 3.5 0 2 39.1 0 0 0 26.8 128 129 16.5 4.2
"43" "43" 2011-01-25 23.21 "CHA" "@" "SAC" "W" 5 1 35.9166666666667 0.538 0.5 0 4.9 2.8 11.8 0 0 16.8 23.2 97 105 7.6 -3.9
"44" "44" 2011-01-26 23.21 "CHA" "@" "PHO" "W" 7 1 33.0666666666667 0.631 0.591 0 9.9 5.4 44.3 0 0 0 17.3 162 132 17.2 5.9
"45" "45" 2011-01-28 23.22 "CHA" "@" "GSW" "W" 8 1 40.3166666666667 0.776 0.692 2.6 9.9 5.8 42.9 5.3 0 22.3 24.6 137 111 28.1 12.8
"46" "46" 2011-01-29 23.22 "CHA" "@" "LAC" "L" -15 1 26.05 0.472 0.375 4.8 4 4.4 34.1 0 0 17.9 29.5 97 124 7 -3.7
"47" "47" 2011-01-31 23.22 "CHA" "@" "UTA" "L" -5 1 37.8333333333333 0.49 0.406 2.6 24.7 11.9 48.3 0 0 16.4 31.6 95 96 12.9 1.5
"48" "48" 2011-02-02 23.23 "CHA" "@" "DET" "W" 10 1 22.6166666666667 0.551 0.333 0 14.5 8.4 19.4 0 0 18.1 24.2 106 102 6.4 -5.6
"49" "49" 2011-02-04 23.24 "CHA" "" "MIA" "L" -12 1 42.2333333333333 0.311 0.25 0 7.3 3.3 26.9 0 0 43.7 13.1 69 135 0.2 -12.8
"50" "50" 2011-02-05 23.24 "CHA" "" "DAL" "L" -9 1 26.8166666666667 0.547 0.5 4 0 2.1 17.5 2.1 0 0 32.3 128 124 14.2 10.8
"51" "51" 2011-02-07 23.24 "CHA" "" "BOS" "W" 5 1 25.7 0.477 0.444 0 4.2 2.1 27.3 0 0 17.5 19.7 94 101 4.2 -4.1
"52" "52" 2011-02-09 23.25 "CHA" "@" "IND" "L" -1 1 35.5833333333333 0.448 0.346 0 9.9 4.9 16.5 0 1.9 16.1 23.5 92 119 6.7 -6.8
"53" "53" 2011-02-11 23.25 "CHA" "" "NJN" "L" -5 1 28.3 0.2 0.2 0 6.8 3.8 13.2 0 0 9.1 19 45 108 -2.8 -17.1
"54" "54" 2011-02-12 23.26 "CHA" "@" "ATL" "W" 2 1 18.05 0.291 0.167 0 0 0 35.1 3.1 0 22.5 24.3 67 102 1.6 -10.2
"55" "55" 2011-02-14 23.26 "CHA" "" "LAL" "W" 20 1 26.4166666666667 0.5 0.5 0 0 0 44.7 0 0 0 12.8 142 113 9.6 3.9
"56" "56" 2011-02-15 23.27 "CHA" "@" "CHI" "L" -12 1 20.6666666666667 0.512 0.375 0 11.3 6.3 37.9 2.6 0 38.1 19 84 119 3.5 -6
"57" "57" 2011-02-22 23.28 "CHA" "" "TOR" "W" 13 1 35.6833333333333 0.669 0.6 3.1 0 1.6 39.5 0 0 0 21.3 150 115 22 7.2
"58" "58" 2011-02-25 23.29 "CHA" "" "SAC" "W" 12 1 30.8166666666667 0.871 0.864 0 11.7 5.7 17.3 1.7 0 13.2 22.5 151 108 19.7 8.4
"59" "59" 2011-02-27 23.3 "CHA" "@" "ORL" "L" -14 1 35.0666666666667 0.506 0.45 0 4.6 1.8 19.2 0 0 21.6 18.1 92 119 4.9 -6.9
"60" "60" 2011-03-02 23.31 "CHA" "@" "DEN" "L" -40 1 24.25 0.481 0.3 0 0 0 25.7 0 0 18.2 32 85 131 5.5 -7.3
"61" "61" 2011-03-04 23.31 "CHA" "@" "LAL" "L" -8 1 34.2166666666667 0.472 0.432 5.5 11.7 8.5 23 0 0 11.4 33.9 95 107 12.2 2.9
"62" "62" 2011-03-05 23.32 "CHA" "@" "POR" "L" -24 1 36.95 0.526 0.458 0 10 5.3 17.3 0 0 31.1 26.5 82 121 4.2 -7.1
"63" "63" 2011-03-07 23.32 "CHA" "" "LAC" "L" -5 1 33.6166666666667 0.366 0.313 3.6 11.9 7.5 29.3 0 0 10.1 28 82 107 6 -6.6
"64" "64" 2011-03-09 23.33 "CHA" "" "CHI" "L" -17 1 30.0833333333333 0.429 0.429 3.8 8.9 6.1 14.9 0 0 22.2 14.8 83 131 3.3 -12.2
"65" "65" 2011-03-11 23.33 "CHA" "" "POR" "W" 5 1 37.35 0.515 0.375 0 6.1 3.2 23.1 1.4 0 16.2 22.2 102 105 10.1 -1.9
"66" "66" 2011-03-13 23.34 "CHA" "@" "TOR" "W" 5 1 33.7833333333333 0.73 0.679 0 13.9 7.9 18 3.2 0 6 24.9 145 100 19.9 9.9
"67" "67" 2011-03-16 23.35 "CHA" "@" "HOU" "L" -16 1 32.1666666666667 0.577 0.469 0 16.2 8.5 32.2 1.7 0 9.5 31.4 111 105 15.7 7.9
"68" "68" 2011-03-18 23.35 "CHA" "@" "OKC" "L" -17 1 40.2666666666667 0.333 0.333 0 7.2 3.4 33.8 1.4 0 20 18.4 76 116 5 -6.2
"69" "69" 2011-03-19 23.35 "CHA" "@" "SAS" "L" -11 1 26.0666666666667 0.381 0.286 4.8 5.3 5 25.4 0 0 27.6 19.9 80 128 3.4 -10.4
"70" "70" 2011-03-23 23.36 "CHA" "" "IND" "L" -23 1 31.9833333333333 0.529 0.423 0 10 4.6 24.5 1.7 0 5.9 26.5 107 125 12.1 -0.8
"71" "71" 2011-03-25 23.37 "CHA" "@" "BOS" "W" 2 1 38.4666666666667 0.489 0.423 0 6.4 3.4 21 0 0 17.3 22.7 90 102 6.9 -3.7
"72" "72" 2011-03-26 23.37 "CHA" "" "NYK" "W" 8 1 34.0833333333333 0.378 0.267 6.3 7 6.6 33.9 1.5 0 5.5 23.7 110 118 11.6 -2.6
"73" "73" 2011-03-28 23.38 "CHA" "" "MIL" "W" 1 1 27.05 0.36 0.308 10.8 10.6 10.7 54.8 0 0 6.7 29.9 94 108 8.2 -2.5
"74" "74" 2011-03-30 23.38 "CHA" "" "CLE" "W" 1 1 33.3833333333333 0.592 0.4 0 13.5 6.7 44.1 0 0 0 10.9 157 123 13.8 -0.1
"75" "75" 2011-04-01 23.39 "CHA" "@" "ORL" "L" -12 1 38.4333333333333 0.669 0.625 3.5 3.3 3.4 30.9 0 0 26 25.3 104 115 12 -0.2
"76" "76" 2011-04-03 23.39 "CHA" "" "WAS" "L" -6 1 39.3166666666667 0.526 0.406 0 5.1 2.7 32 2.6 0 0 23.6 119 106 17.7 2.5
"77" "77" 2011-04-05 23.4 "CHA" "@" "CLE" "L" -10 1 41.7833333333333 0.477 0.4 0 2.9 1.4 38.4 6.3 0 8 28 101 105 18.5 4.3
"78" "78" 2011-04-06 23.4 "CHA" "" "ORL" "L" -9 1 37.7333333333333 0.208 0.179 0 9.4 4.1 19.4 3.1 0 12.2 22.2 57 119 0.3 -14.6
"79" "79" 2011-04-08 23.41 "CHA" "@" "MIA" "L" -9 1 28.9333333333333 0.506 0.45 0 6.1 2.5 9.7 1.8 0 8.4 18.7 106 124 6.9 -4.4
"80" "80" 2011-04-10 23.41 "CHA" "" "DET" "L" -11 1 35.85 0.612 0.636 3.7 8.4 5.9 55.2 0 0 8 16.7 144 130 18 4.7
"81" "81" 2011-04-11 23.42 "CHA" "@" "NJN" "W" 2 1 33.75 0.531 0.5 0 20.3 9.6 46.5 0 0 14.4 31.6 115 129 15.4 -2.7
"82" "82" 2011-04-13 23.42 "CHA" "" "ATL" "W" 11 1 34.2833333333333 0.576 0.5 0 7 3.8 31 1.6 0 6.3 23.2 123 101 15.4 2
"1" "1" 2011-12-26 24.13 "CHA" "" "MIL" "W" 1 1 30.6 0.535 0.5 3.4 3.5 3.4 46.4 0 0 10.1 27.9 115 107 14 3.3
"2" "2" 2011-12-28 24.13 "CHA" "" "MIA" "L" -1 1 32.7833333333333 0.784 0.773 3.7 13.6 8.8 30.6 0 0 28.2 23.6 121 109 15 4
"3" "3" 2011-12-30 24.14 "CHA" "" "ORL" "L" -21 1 35.2166666666667 0.497 0.318 2.9 0 1.5 21 0 0 6.6 20 112 124 10 -2.4
"4" "4" 2012-01-01 24.14 "CHA" "@" "MIA" "L" -39 1 23.6666666666667 0.168 0.091 3.8 17.9 9.3 43.1 0 0 20.2 25.7 53 130 -0.2 -16.2
"5" "5" 2012-01-03 24.15 "CHA" "@" "CLE" "L" -14 1 38.05 0.689 0.667 0 11.2 5.8 41.5 1.3 1.8 17.5 25.9 122 116 22.2 8.2
"6" "6" 2012-01-04 24.15 "CHA" "@" "NYK" "W" 8 1 32.4 0.421 0.321 0 21.7 11.5 36.1 0 0 0 23 115 115 13.8 -3.5
"7" "7" 2012-01-06 24.16 "CHA" "" "ATL" "L" -6 1 41.95 0.591 0.563 2.9 2.7 2.8 50.7 1.4 0 5.3 22.2 138 115 21.6 8.5
"8" "8" 2012-01-07 24.16 "CHA" "@" "IND" "L" -22 1 39.0333333333333 0.482 0.447 9.1 9.5 9.3 24.1 1.5 0 8.8 25.2 113 119 13.8 5.3
"9" "9" 2012-01-09 24.16 "CHA" "@" "NYK" "L" -4 1 36.6833333333333 0.446 0.423 2.8 17.3 10.6 18.2 0 0 18.2 20.4 84 98 6.7 -4.7
"10" "10" 2012-01-10 24.17 "CHA" "" "HOU" "L" -12 1 28.7333333333333 0.396 0.346 3 0 1.7 21.5 0 0 6.7 23.3 86 98 4.9 -2.6
"11" "11" 2012-01-12 24.17 "CHA" "@" "ATL" "L" -30 1 25.9 0.444 0.444 0 4 2.2 57.9 4.1 0 18.2 21 90 122 9.2 1.3
"12" "12" 2012-01-13 24.18 "CHA" "" "DET" "L" -17 1 31.1666666666667 0.47 0.429 0 3.9 1.9 70.5 0 0 21.2 15.6 108 124 10.7 -2
"13" "13" 2012-01-14 24.18 "CHA" "" "GSW" "W" 12 1 43.7333333333333 0.722 0.688 0 5.4 2.8 22.9 1.2 0 15.3 13.5 136 108 14.5 1.6
"14" "14" 2012-01-16 24.18 "CHA" "" "CLE" "L" -8 1 40.3 0.625 0.588 2.6 9.9 5.8 34.9 2.5 0 9.4 23.5 127 110 21.7 5.2
"15" "15" 2012-01-17 24.19 "CHA" "@" "ORL" "L" -7 1 40.7166666666667 0.523 0.542 3.2 8.6 6 20.4 5 0 39.1 23.7 69 100 6.5 -7.4
"16" "16" 2012-01-21 24.2 "CHA" "@" "CHI" "L" -6 1 26.3 0.218 0.167 0 0 0 16.5 0 0 36.8 19.8 42 115 -3.5 -20.4
"17" "17" 2012-01-22 24.2 "CHA" "@" "NJN" "L" -10 1 7.65 NA NA 0 14.6 7.7 33.9 0 0 100 6.4 69 117 0.7 -12.7
"18" "" 2012-01-24 24.21 "CHA" "" "NYK" "L" -33 NA NA NA NA NA NA NA NA NA NA NA NA NA NA NA NA
"19" "" 2012-01-25 24.21 "CHA" "@" "WAS" "L" -17 NA NA NA NA NA NA NA NA NA NA NA NA NA NA NA NA
"20" "" 2012-01-27 24.21 "CHA" "@" "PHI" "L" -17 NA NA NA NA NA NA NA NA NA NA NA NA NA NA NA NA
"21" "" 2012-01-28 24.22 "CHA" "" "WAS" "L" -3 NA NA NA NA NA NA NA NA NA NA NA NA NA NA NA NA
"22" "" 2012-01-31 24.22 "CHA" "@" "LAL" "L" -33 NA NA NA NA NA NA NA NA NA NA NA NA NA NA NA NA
"23" "" 2012-02-01 24.23 "CHA" "@" "POR" "L" -44 NA NA NA NA NA NA NA NA NA NA NA NA NA NA NA NA
"24" "" 2012-02-04 24.24 "CHA" "@" "PHO" "L" -6 NA NA NA NA NA NA NA NA NA NA NA NA NA NA NA NA
"25" "" 2012-02-07 24.24 "CHA" "@" "BOS" "L" -10 NA NA NA NA NA NA NA NA NA NA NA NA NA NA NA NA
"26" "" 2012-02-10 24.25 "CHA" "" "CHI" "L" -31 NA NA NA NA NA NA NA NA NA NA NA NA NA NA NA NA
"27" "" 2012-02-11 24.25 "CHA" "" "LAC" "L" -25 NA NA NA NA NA NA NA NA NA NA NA NA NA NA NA NA
"28" "" 2012-02-13 24.26 "CHA" "" "PHI" "L" -9 NA NA NA NA NA NA NA NA NA NA NA NA NA NA NA NA
"29" "18" 2012-02-15 24.27 "CHA" "@" "MIN" "L" -12 0 23.6166666666667 0.45 0.45 0 10.7 4.7 13.6 2.2 0 28.6 26.7 71 112 1.4 -12.5
"30" "19" 2012-02-17 24.27 "CHA" "@" "TOR" "W" 7 1 32.3166666666667 0.628 0.5 0 8.6 5.1 45.6 1.6 0 25.5 17.8 119 103 13.2 2.4
"31" "20" 2012-02-19 24.28 "CHA" "@" "IND" "L" -35 1 31.5 0.362 0.333 0 11.1 5.3 26 0 0 19.4 22.9 65 119 1.7 -11.2
"32" "21" 2012-02-22 24.28 "CHA" "" "IND" "L" -14 1 31.0666666666667 0.545 0.458 2.9 9.3 6 18.7 0 0 12.7 22.3 113 130 9.1 -3.3
"33" "22" 2012-02-29 24.3 "CHA" "@" "DET" "L" -15 1 28.9333333333333 0.474 0.438 0 3.8 1.8 53.5 5.4 0 19.2 16.4 104 114 11.1 2.5
"34" "23" 2012-03-02 24.31 "CHA" "@" "SAS" "L" -30 1 24 0.111 0.111 0 4.9 2.2 34.5 4.3 0 10 19.2 42 109 0.9 -9
"35" "24" 2012-03-04 24.32 "CHA" "" "NJN" "L" -3 1 27.2833333333333 0.45 0.375 0 21.3 9.1 22 0 0 7 23.7 98 117 5.9 -9.6
"36" "25" 2012-03-06 24.32 "CHA" "" "ORL" "W" 16 1 24 0.571 0.571 0 8.5 4.6 50 2.3 0 12.5 15.4 130 98 10.1 5.9
"37" "26" 2012-03-07 24.32 "CHA" "" "UTA" "L" -6 1 24.7333333333333 0.538 0.5 0 0 0 59.3 0 0 0 14.4 138 121 9.5 1.4
"38" "27" 2012-03-09 24.33 "CHA" "" "NJN" "L" -9 1 31.9333333333333 0.361 0.286 0 0 0 44.5 1.7 0 19.4 15 83 106 5.7 -6.4
"39" "28" 2012-03-10 24.33 "CHA" "@" "OKC" "L" -27 1 28.7666666666667 0.619 0.563 7 11.9 8.8 48 0 0 5.3 29.2 137 140 19.1 10.4
"40" "29" 2012-03-12 24.34 "CHA" "@" "NOH" "W" 2 1 25.1 0.333 0.333 0 21.2 11.4 31.7 4.4 0 45.5 21.2 53 78 2.6 -8.2
"41" "30" 2012-03-14 24.34 "CHA" "@" "HOU" "L" -20 1 19.5333333333333 0.643 0.643 0 0 0 31.8 2.5 0 36.4 26.4 77 114 3.6 -10.5
"42" "31" 2012-03-15 24.35 "CHA" "@" "DAL" "L" -5 1 35.2833333333333 0.466 0.417 0 6 3.1 18.4 0 0 0 16.7 109 118 8.2 -4.8
"43" "32" 2012-03-17 24.35 "CHA" "" "TOR" "W" 4 1 35.6666666666667 0.769 0.636 4.2 4.3 4.3 53 4.3 0 25.1 26.1 130 106 23.6 10.4
"44" "33" 2012-03-19 24.36 "CHA" "" "PHI" "L" -25 1 25.6666666666667 0.376 0.25 4.2 5.1 4.6 37 2.2 0 9.7 20.2 90 129 6.3 -7.2
"45" "34" 2012-03-23 24.37 "CHA" "" "MIL" "L" -20 1 20.8166666666667 0 0 0 0 0 13.6 2.5 0 33.3 6.5 28 124 -0.4 -14.9
"46" "35" 2012-03-24 24.37 "CHA" "@" "NJN" "L" -13 1 26.4333333333333 0.538 0.5 0 3.7 2.1 49.2 0 0 11.8 14.6 120 117 9.2 0.2
"47" "36" 2012-03-26 24.38 "CHA" "" "BOS" "L" -7 1 20.6333333333333 0.158 0 6.5 6.8 6.6 7 2.5 0 32.2 20.6 35 111 -3.4 -20.2
"48" "37" 2012-03-28 24.38 "CHA" "" "MIN" "L" -5 1 24 0 0 4.7 4.4 4.5 51.6 0 0 20 10.3 66 108 2.4 -8.6
"49" "38" 2012-03-30 24.39 "CHA" "" "DEN" "L" -11 1 23 0.4 0.4 4.1 0 2.5 52.5 4.2 0 28.6 12.7 93 99 6.8 -1.3
"50" "39" 2012-03-31 24.39 "CHA" "@" "DET" "L" -3 1 37.4 0.477 0.4 0 3.5 1.8 43.1 1.5 0 15.2 26.2 102 120 12.4 -4.5
"51" "40" 2012-04-03 24.4 "CHA" "@" "TOR" "L" -5 0 24.5666666666667 0.682 0.636 0 5 2.3 71 0 0 7 26.6 146 116 15.7 13.8
"52" "41" 2012-04-04 24.4 "CHA" "@" "ATL" "L" -27 1 10.6166666666667 0.2 0.2 0 0 0 43.1 5 0 16.7 26.9 58 126 1 -11.1
"53" "" 2012-04-06 24.41 "CHA" "@" "MIL" "L" -5 NA NA NA NA NA NA NA NA NA NA NA NA NA NA NA NA
"54" "" 2012-04-07 24.41 "CHA" "" "ATL" "L" -20 NA NA NA NA NA NA NA NA NA NA NA NA NA NA NA NA
"55" "" 2012-04-09 24.41 "CHA" "" "WAS" "L" -28 NA NA NA NA NA NA NA NA NA NA NA NA NA NA NA NA
"56" "42" 2012-04-10 24.42 "CHA" "@" "CLE" "L" -13 1 39.5166666666667 0.522 0.464 0 6.2 3.2 45 0 0 16.4 23.2 107 129 13.1 -4.6
"57" "43" 2012-04-12 24.42 "CHA" "" "DET" "L" -24 1 27.2 0.533 0.45 0 4.8 2.4 36.9 2.1 0 7.6 25.3 112 129 10.2 -2
"58" "44" 2012-04-13 24.42 "CHA" "@" "MIA" "L" -23 1 24.5166666666667 0.254 0.143 4.9 0 2.5 37.8 0 0 33.7 23.6 62 125 0.4 -16
"59" "45" 2012-04-15 24.43 "CHA" "" "BOS" "L" -12 1 26.85 0.2 0.2 7.9 9.9 8.8 59.2 0 0 0 9 110 111 7.1 -3.6
"60" "" 2012-04-16 24.43 "CHA" "" "NOH" "L" -8 NA NA NA NA NA NA NA NA NA NA NA NA NA NA NA NA
"61" "" 2012-04-18 24.44 "CHA" "" "CHI" "L" -32 NA NA NA NA NA NA NA NA NA NA NA NA NA NA NA NA
"62" "" 2012-04-20 24.44 "CHA" "" "MEM" "L" -5 NA NA NA NA NA NA NA NA NA NA NA NA NA NA NA NA
"63" "" 2012-04-22 24.45 "CHA" "" "SAC" "L" -26 NA NA NA NA NA NA NA NA NA NA NA NA NA NA NA NA
"64" "46" 2012-04-23 24.45 "CHA" "@" "WAS" "L" -28 1 29.65 0.493 0.423 0 9.5 4 52.4 1.7 0 16.5 28 96 108 9.1 1.5
"65" "47" 2012-04-25 24.46 "CHA" "@" "ORL" "L" -7 1 37.1333333333333 0.599 0.529 0 5.6 3.1 37.5 0 0 17.2 30.9 106 121 14.3 -1.6
"66" "48" 2012-04-26 24.46 "CHA" "" "NYK" "L" -20 1 31.7166666666667 0.4 0.4 0 4.1 2 43.4 0 0 21.1 28.9 78 122 4.7 -10.2
"1" "1" 2012-10-31 24.98 "IND" "@" "TOR" "W" 2 0 15.2 0.47 0.375 0 6.1 3.6 18.7 3.5 0 27.3 22.4 82 97 2.5 -3.4
"2" "2" 2012-11-02 24.98 "IND" "@" "CHA" "L" -1 0 16.7666666666667 0.214 0.214 0 23.9 12.3 47.5 0 0 0 17.9 84 98 2.8 -2.8
"3" "3" 2012-11-03 24.98 "IND" "" "SAC" "W" 8 0 13.35 0.338 0.25 0 7 3.8 37.6 0 0 18.4 17.9 87 102 2 -5.3
"4" "4" 2012-11-05 24.99 "IND" "@" "SAS" "L" -22 0 13.3333333333333 0.543 0.5 0 17.1 7.7 36.4 0 0 13.4 24.9 114 118 4.6 6.9
"5" "5" 2012-11-07 24.99 "IND" "@" "ATL" "L" -3 0 9.76666666666667 0 0 0 10.5 5.3 14 0 0 0 9.5 29 106 -0.4 -12.8
"6" "6" 2012-11-09 25 "IND" "@" "MIN" "L" -2 0 13.15 0 0 0 0 0 19.7 4.1 0 14.3 24.5 18 107 -2.8 -18.6
"7" "7" 2012-11-10 25 "IND" "" "WAS" "W" 4 0 13.5666666666667 0.5 0.5 0 9.1 4 23.2 0 0 0 10.3 130 102 3 2
"8" "8" 2012-11-13 25.01 "IND" "" "TOR" "L" -2 0 11.0833333333333 0.82 0.75 0 10.1 4.6 44 0 0 29.1 15.2 125 99 3.7 5.1
"9" "9" 2012-11-14 25.01 "IND" "@" "MIL" "L" -14 0 15.4 0.375 0.375 0 0 0 11.6 0 0 20 13.8 72 116 0.3 -7.5
"10" "10" 2012-11-16 25.02 "IND" "" "DAL" "W" 20 0 14.2666666666667 NA NA 0 7.6 3.7 34.5 3.6 4.9 NA 0 215 87 4.8 9.5
"11" "11" 2012-11-18 25.02 "IND" "@" "NYK" "L" -12 0 6.33333333333333 0.333 0.333 0 14.3 8 0 8.6 0 25 31 47 85 0.6 -4.9
"12" "12" 2012-11-19 25.02 "IND" "@" "WAS" "W" 7 0 15.7 0.316 0.2 0 5.9 3.7 9.9 3.3 0 13.7 21.8 68 98 0.7 -10.6
"13" "13" 2012-11-21 25.03 "IND" "" "NOH" "W" 8 0 18.2333333333333 0.521 0.5 5.9 0 3 23.5 3.1 0 25.8 10 116 121 4 -3.6
"14" "14" 2012-11-23 25.04 "IND" "" "SAS" "L" -7 0 14.85 0.538 0.5 0 9 3.8 91.4 0 0 21.2 26.7 117 115 6.6 6.4
"15" "15" 2012-11-27 25.05 "IND" "@" "LAL" "W" 2 0 11.6833333333333 0.276 0.2 0 7.5 3.9 0 0 0 26.9 28.3 42 87 -2.6 -18.5
"16" "16" 2012-11-30 25.05 "IND" "@" "SAC" "W" 5 0 13.45 0.508 0.429 0 0 0 35.9 12.1 0 0 27.5 120 87 8.6 19.6
"17" "17" 2012-12-01 25.06 "IND" "@" "GSW" "L" -11 0 11 0.667 0.667 0 11.2 5.7 17.3 4.8 0 25 17.7 100 109 3.3 0.4
"18" "18" 2012-12-04 25.07 "IND" "@" "CHI" "W" 4 0 11.1 0.301 0 8.8 10.1 9.4 29.8 5.1 0 0 13.8 101 86 3.2 5.8
"19" "19" 2012-12-05 25.07 "IND" "" "POR" "W" 7 0 14.7 0.129 0 0 0 0 36.3 3.8 0 0 12.5 84 108 2.3 -2.9
"20" "20" 2012-12-07 25.07 "IND" "" "DEN" "L" -3 0 10.1833333333333 0.266 0 0 0 0 27.7 0 0 61.5 22.6 41 111 -2.1 -21.7
"21" "21" 2012-12-09 25.08 "IND" "@" "OKC" "L" -11 0 9.25 0.667 0.667 0 15.3 7 18.8 0 0 40 27.4 82 126 1.3 -9.4
"22" "" 2012-12-12 25.09 "IND" "" "CLE" "W" 15 NA NA NA NA NA NA NA NA NA NA NA NA NA NA NA NA
"23" "" 2012-12-14 25.09 "IND" "" "PHI" "W" 10 NA NA NA NA NA NA NA NA NA NA NA NA NA NA NA NA
"24" "" 2012-12-15 25.1 "IND" "@" "DET" "W" 11 NA NA NA NA NA NA NA NA NA NA NA NA NA NA NA NA
"25" "" 2012-12-18 25.1 "IND" "@" "MIL" "L" -5 NA NA NA NA NA NA NA NA NA NA NA NA NA NA NA NA
"26" "22" 2012-12-19 25.11 "IND" "" "UTA" "W" 20 0 12 0.875 0.875 0 0 0 13.8 0 0 20 19.4 131 102 5.1 5.9
"27" "" 2012-12-21 25.11 "IND" "@" "CLE" "W" 10 NA NA NA NA NA NA NA NA NA NA NA NA NA NA NA NA
"28" "23" 2012-12-22 25.12 "IND" "@" "NOH" "W" 6 0 7.16666666666667 0.129 0 0 0 0 60.9 8.2 0 0 26.3 69 87 1.6 4.7
"29" "24" 2012-12-28 25.13 "IND" "" "PHO" "W" 6 0 15.45 0.347 0 0 7.4 3.7 9.1 0 0 25.8 11.5 74 109 -0.2 -12.5
"30" "25" 2012-12-29 25.13 "IND" "@" "ATL" "L" -9 0 15.0333333333333 0 0 0 0 0 25.2 3.6 0 0 6.4 74 123 1.7 -4.8
"31" "26" 2012-12-31 25.14 "IND" "" "MEM" "W" 5 1 33.9333333333333 0.73 0.667 3.8 3.1 3.5 38 1.7 0 14.7 19.6 141 105 15.3 9.3
"32" "27" 2013-01-02 25.15 "IND" "" "WAS" "W" 8 1 37.3 0.672 0.5 5.8 5.7 5.8 32.4 1.4 0 13 18.6 135 90 17.7 7.3
"33" "28" 2013-01-04 25.15 "IND" "@" "BOS" "L" -19 1 29.5166666666667 0.676 0.625 0 3.8 1.7 27.4 0 0 31.1 9.1 106 107 4.3 -5
"34" "29" 2013-01-05 25.15 "IND" "" "MIL" "W" 15 0 20.8 0.8 0.8 0 9.2 4.7 14 5.3 0 0 10.2 185 87 9.7 15.5
"35" "30" 2013-01-08 25.16 "IND" "" "MIA" "W" 10 0 24.5333333333333 0.532 0 0 14.7 6.5 47.4 4.8 0 0 6.8 175 90 11.1 13.3
"36" "31" 2013-01-10 25.17 "IND" "" "NYK" "W" 5 0 13.9333333333333 NA NA 0 6.3 3.5 0 0 0 NA 0 0 101 0.3 -7.8
"37" "32" 2013-01-12 25.17 "IND" "" "CHA" "W" 8 0 28.2166666666667 0.836 0.778 0 0 0 23.1 1.9 0 8.5 18.5 166 107 14.9 9.7
"38" "33" 2013-01-13 25.18 "IND" "@" "BRK" "L" -11 0 18.1 0.375 0.375 0 0 0 32.8 0 0 0 10.9 112 125 3.4 -2.7
"39" "34" 2013-01-15 25.18 "IND" "@" "CHA" "W" 27 0 20.5333333333333 0.75 0.75 0 10.2 5.1 7.5 0 0 33.3 12.2 95 90 2.5 -4.4
"40" "35" 2013-01-16 25.18 "IND" "@" "ORL" "L" -11 0 18.2333333333333 0 0 0 6.6 3.1 14.2 0 0 25 10 25 115 -1.4 -14.5
"41" "36" 2013-01-18 25.19 "IND" "" "HOU" "W" 10 0 17.55 0.429 0.429 0 14.4 7.1 0 0 0 12.5 20.4 82 113 1.1 -13.7
"42" "37" 2013-01-21 25.2 "IND" "@" "MEM" "W" 1 0 15.4166666666667 0.872 1 0 0 0 33.6 0 0 0 11.4 181 111 6.4 11.4
"43" "38" 2013-01-23 25.2 "IND" "@" "POR" "L" -20 0 19.65 0.429 0.429 0 7.9 3.2 19.5 5.5 0 12.5 19.4 85 107 4.2 2.7
"44" "39" 2013-01-26 25.21 "IND" "@" "UTA" "L" -4 0 30.0666666666667 0.583 0.556 4.9 0 2.5 14.3 1.9 0 9.6 16.6 138 125 9.1 2.1
"45" "40" 2013-01-28 25.22 "IND" "@" "DEN" "L" -1 0 12.7166666666667 0.41 0.25 0 0 0 21.4 0 0 17 20.1 93 118 2 -6.6
"46" "41" 2013-01-30 25.22 "IND" "" "DET" "W" 19 0 15.2166666666667 0.5 0.5 0 5.5 3.2 9.6 3.4 0 25 11.8 86 88 2.3 -0.2
"47" "42" 2013-02-01 25.23 "IND" "" "MIA" "W" 13 0 12.7 0.82 0.75 0 11.8 6.4 0 0 0 0 10 175 113 3.3 3.9
"48" "43" 2013-02-04 25.24 "IND" "" "CHI" "W" 10 0 10.4 0.532 0 0 0 0 0 0 0 34.7 12.7 78 119 0.3 -12
"49" "44" 2013-02-05 25.24 "IND" "" "ATL" "W" 11 0 15.6666666666667 0.683 0.667 0 0 0 22.9 0 0 0 21.4 136 111 7.6 4
"50" "45" 2013-02-06 25.24 "IND" "@" "PHI" "W" 19 0 13.9 0.521 0.375 6.8 19.2 13.2 12.1 0 0 0 19.7 129 83 5.1 3.3
"51" "46" 2013-02-08 25.25 "IND" "" "TOR" "L" -2 0 14.7166666666667 1.064 1.5 0 14.7 8.2 11.5 0 0 51.5 12.9 84 107 2.2 -4.5
"52" "47" 2013-02-11 25.25 "IND" "" "BRK" "L" -5 0 21.2166666666667 0.214 0.214 0 5.3 2.4 16.4 0 0 0 15.6 63 105 -0.2 -8.8
"53" "48" 2013-02-13 25.26 "IND" "" "CHA" "W" 24 0 12.2166666666667 0.5 0.5 0 0 0 10.6 0 0 0 10.7 128 100 2 -3
"54" "49" 2013-02-20 25.28 "IND" "" "NYK" "W" 34 0 14.25 1.042 1 0 12.7 7.2 38.2 0 0 31.6 18.2 151 97 8.7 11.4
"55" "50" 2013-02-22 25.28 "IND" "" "DET" "W" 32 0 14.7666666666667 1.25 1.25 10.8 11.2 11.1 28.3 0 0 0 6.4 234 90 7 8.9
"56" "51" 2013-02-23 25.29 "IND" "@" "DET" "W" 18 0 18.35 1.025 1.125 0 10.9 6 0 0 0 17 14.9 140 87 7.6 10.5
"57" "52" 2013-02-26 25.3 "IND" "" "GSW" "W" 11 0 10.3166666666667 NA NA 0 0 0 22.7 5.1 8.5 100 4.3 69 105 1.3 0.6
"58" "53" 2013-02-28 25.3 "IND" "" "LAC" "L" -8 0 10.6166666666667 0 0 0 0 0 14.1 0 0 0 8.5 35 119 -1.1 -12.6
"59" "54" 2013-03-01 25.3 "IND" "@" "TOR" "W" 12 0 18.9 0.532 0 0 12.4 7 52.3 0 0 51.5 10 112 100 4.4 2
"60" "55" 2013-03-03 25.31 "IND" "" "CHI" "W" 5 0 12.3166666666667 0.347 0 0 9.7 5.1 11.8 0 0 0 11.3 100 113 1.6 -7.2
"61" "56" 2013-03-06 25.32 "IND" "" "BOS" "L" -2 0 11.2833333333333 0.258 0 0 9.9 4.4 13.3 0 0 0 15.3 76 103 0.5 -9.8
"62" "57" 2013-03-08 25.32 "IND" "@" "ORL" "W" 29 0 25.5333333333333 0.778 0.778 4.8 8.5 6.8 44.8 0 0 10 17.9 159 99 14.4 10.2
"63" "58" 2013-03-10 25.33 "IND" "@" "MIA" "L" -14 0 23.6833333333333 0.788 0.75 6.8 0 3.3 22.7 0 0 18.4 23.5 131 127 10.1 8.5
"64" "59" 2013-03-13 25.34 "IND" "" "MIN" "W" 16 0 15.1166666666667 0.25 0.25 0 21.6 11.2 0 0 0 14.3 21.1 52 107 -2.5 -21.5
"65" "60" 2013-03-15 25.34 "IND" "" "LAL" "L" -6 0 14.35 0.417 0.417 5.8 7.6 6.6 11 0 6.4 14.3 19.7 87 103 2.6 0.3
"66" "61" 2013-03-16 25.35 "IND" "@" "PHI" "L" -7 0 9.01666666666667 NA NA 0 0 0 15.7 0 0 NA 0 218 118 0.7 -6.3
"67" "62" 2013-03-18 25.35 "IND" "@" "CLE" "W" 21 0 21 0.5 0.5 15.6 3.9 9 24.9 4.8 0 25 8 128 95 7.1 4.9
"68" "63" 2013-03-19 25.35 "IND" "" "ORL" "W" 22 0 12.7166666666667 0 0 0 6.5 3.6 11.1 0 0 25 13.4 14 84 -2.9 -17.8
"69" "64" 2013-03-22 25.36 "IND" "" "MIL" "W" 24 0 16.8166666666667 1.289 1.333 0 0 0 29.1 3.1 0 34 15.8 154 92 9.8 15
"70" "65" 2013-03-23 25.36 "IND" "@" "CHI" "L" -3 0 15.45 0 0 7.2 6.8 7 10.4 3.6 0 0 9.8 38 102 0.2 -8.9
"71" "66" 2013-03-25 25.37 "IND" "" "ATL" "W" 6 1 36.45 0.41 0.25 3.1 3 3 17 2.8 0 45 15.9 69 101 1.9 -7.4
"72" "67" 2013-03-27 25.38 "IND" "@" "HOU" "W" 9 0 9.68333333333333 1.33 1.5 13.8 0 5.7 16.5 0 0 0 9.1 255 112 6.1 16.7
"73" "68" 2013-03-28 25.38 "IND" "@" "DAL" "W" 25 0 18.4833333333333 0.75 0.75 6.2 5.5 5.8 7.5 0 0 20 12 129 93 3.9 1.4
"74" "69" 2013-03-30 25.38 "IND" "@" "PHO" "W" 8 0 13.7 0.694 0.5 0 10 4.4 11.7 3.7 0 0 17.7 167 111 8 8.2
"75" "70" 2013-04-01 25.39 "IND" "@" "LAC" "W" 3 0 10.05 0.85 0.8 0 0 0 0 0 0 14.5 33.8 133 130 6.3 6.2
"76" "71" 2013-04-05 25.4 "IND" "" "OKC" "L" -22 0 11.9666666666667 0.258 0 0 21.7 9.6 0 0 0 0 16.6 59 118 0.1 -11.7
"77" "72" 2013-04-06 25.4 "IND" "@" "WAS" "L" -19 0 19.0166666666667 0.388 0.417 0 0 0 8.4 0 0 0 15.2 86 114 1.9 -4.1
"78" "73" 2013-04-09 25.41 "IND" "" "CLE" "W" 5 0 15.8333333333333 0.5 0.5 0 7.4 3.6 11.7 3.4 0 0 14 129 109 4.3 0.7
"79" "74" 2013-04-12 25.42 "IND" "" "BRK" "L" -8 0 11.7333333333333 0.347 0 0 0 0 20.5 0 0 41 9.3 81 137 0.7 -10
"80" "75" 2013-04-14 25.42 "IND" "@" "NYK" "L" -10 0 12 0 0 10.8 10 10.4 14.3 0 0 66.7 11.7 31 109 -1 -11.6
"81" "76" 2013-04-17 25.43 "IND" "" "PHI" "L" -10 1 24.4333333333333 0.307 0.25 4.4 5 4.7 28.9 0 0 29.1 12.5 81 118 2.3 -9.6
"1" "1" 2013-10-30 25.97 "TOR" "" "BOS" "W" 6 0 13.25 0.336 0.286 0 0 0 23.6 0 0 11.8 27 85 103 0.9 -9.6
"2" "2" 2013-11-01 25.98 "TOR" "@" "ATL" "L" -7 0 12.4166666666667 0.4 0.4 0 9.9 4.9 47.9 0 0 0 18.2 115 114 4 1.7
"3" "3" 2013-11-02 25.98 "TOR" "@" "MIL" "W" 7 0 13.8666666666667 0.205 0 0 7.2 3.5 11.2 3.6 0 38.1 24.4 36 91 -2.2 -17.2
"4" "4" 2013-11-05 25.99 "TOR" "" "MIA" "L" -9 0 12.55 NA NA 0 0 0 0 0 0 100 11.3 0 126 -3.8 -21.1
"5" "5" 2013-11-06 25.99 "TOR" "@" "CHA" "L" -2 0 6.2 0.647 0 0 0 0 0 0 0 0 18.4 154 118 2.3 1.6
"6" "6" 2013-11-08 25.99 "TOR" "@" "IND" "L" -7 0 5.76666666666667 0 0 0 0 0 0 0 0 0 16.2 0 114 -1.8 -23.5
"7" "7" 2013-11-09 26 "TOR" "" "UTA" "W" 24 0 6.65 0.5 0.5 0 18.5 9.4 0 0 0 33.3 20.1 64 107 0.3 -14.4
"8" "" 2013-11-11 26 "TOR" "@" "HOU" "L" -6 NA NA NA NA NA NA NA NA NA NA NA NA NA NA NA NA
"9" "8" 2013-11-13 26.01 "TOR" "@" "MEM" "W" 16 0 1.33333333333333 1 1 0 0 0 0 0 0 0 37.1 200 110 1.7 27.4
"10" "" 2013-11-15 26.01 "TOR" "" "CHI" "L" -16 NA NA NA NA NA NA NA NA NA NA NA NA NA NA NA NA
"11" "" 2013-11-17 26.02 "TOR" "" "POR" "L" -8 NA NA NA NA NA NA NA NA NA NA NA NA NA NA NA NA
"12" "" 2013-11-20 26.03 "TOR" "@" "PHI" "W" 10 NA NA NA NA NA NA NA NA NA NA NA NA NA NA NA NA
"13" "9" 2013-11-22 26.03 "TOR" "" "WAS" "W" 8 0 5.43333333333333 1.5 1.5 0 21 10.4 62.7 0 0 50 17.3 147 100 3.4 18.8
"14" "10" 2013-11-26 26.04 "TOR" "" "BRK" "L" -2 0 4.41666666666667 0 0 0 0 0 32 0 0 0 10.6 57 120 -0.4 -12.1
"15" "" 2013-11-29 26.05 "TOR" "" "MIA" "L" -7 NA NA NA NA NA NA NA NA NA NA NA NA NA NA NA NA
"16" "" 2013-12-01 26.06 "TOR" "" "DEN" "L" -14 NA NA NA NA NA NA NA NA NA NA NA NA NA NA NA NA
"17" "" 2013-12-03 26.06 "TOR" "@" "GSW" "L" -9 NA NA NA NA NA NA NA NA NA NA NA NA NA NA NA NA
"18" "" 2013-12-06 26.07 "TOR" "@" "PHO" "L" -9 NA NA NA NA NA NA NA NA NA NA NA NA NA NA NA NA
"19" "" 2013-12-08 26.08 "TOR" "@" "LAL" "W" 12 NA NA NA NA NA NA NA NA NA NA NA NA NA NA NA NA
"20" "11" 2013-12-13 26.09 "CHI" "@" "MIL" "W" 1 0 11.7833333333333 0 0 0 10.2 5 12 4.9 0 0 11.7 25 104 -0.9 -16
"21" "12" 2013-12-14 26.09 "CHI" "" "TOR" "L" -22 0 19.75 0.317 0.214 0 0 0 51 0 0 0 18 96 115 3.9 -2.7
"22" "13" 2013-12-16 26.1 "CHI" "" "ORL" "L" -1 0 37.1166666666667 0.441 0.4 0 5.5 2.6 48 1.4 0 11.2 23.7 89 96 8.7 -0.9
"23" "14" 2013-12-18 26.1 "CHI" "@" "HOU" "L" -15 1 30.95 0.581 0.5 0 9.4 4.4 40 3.4 0 12.7 11.5 133 117 11.3 4.9
"24" "15" 2013-12-19 26.11 "CHI" "@" "OKC" "L" -12 1 35.9833333333333 0.689 0.65 0 0 0 29.9 1.4 0 31.5 19.2 97 116 7.9 -3.9
"25" "16" 2013-12-21 26.11 "CHI" "" "CLE" "W" 16 1 46.4 0.723 0.75 3 8.1 6.1 34.8 2.3 0 28.7 17.9 117 94 17.5 4.7
"26" "17" 2013-12-25 26.12 "CHI" "@" "BRK" "W" 17 0 32.55 0.742 0.714 4 3.1 3.5 24.5 3.5 0 25.5 17.7 123 95 11.6 5.3
"27" "18" 2013-12-28 26.13 "CHI" "" "DAL" "L" -22 0 31.3833333333333 0.688 0.688 0 9 4.2 18.8 5.1 0 27.3 17.3 95 112 8.9 0.1
"28" "19" 2013-12-30 26.14 "CHI" "@" "MEM" "W" 4 0 28.6166666666667 0.512 0.375 0 4.2 2.3 61.3 7.2 0 29.1 22.3 100 93 10.6 6.5
"29" "20" 2013-12-31 26.14 "CHI" "" "TOR" "L" -6 0 20.05 0.75 0.75 0 5.6 2.7 31.5 0 0 0 9 157 99 6 2.8
"30" "21" 2014-01-02 26.15 "CHI" "" "BOS" "W" 12 0 25.6 0.463 0.167 0 13.4 6.3 22.6 0 0 31.6 21.7 78 92 3.1 -10.1
"31" "22" 2014-01-04 26.15 "CHI" "" "ATL" "W" 7 0 28.5 0.396 0.346 7.3 6.9 7.1 44.9 0 2.9 12.6 25.6 106 110 7.5 -3.3
"32" "23" 2014-01-07 26.16 "CHI" "" "PHO" "W" 5 0 28.8666666666667 0.604 0.556 0 7.4 3.7 51 1.8 0 8.5 18.4 135 99 13.2 7.8
"33" "24" 2014-01-10 26.17 "CHI" "@" "MIL" "W" 9 0 23.5833333333333 0.375 0.375 0 3.9 2.2 10.2 2.5 0 11.1 20.3 69 92 1.8 -6.1
"34" "25" 2014-01-11 26.17 "CHI" "" "CHA" "W" 6 0 35.1333333333333 0.622 0.5 0 6.8 3.4 55 1.5 2 15.7 25.4 128 111 20.2 8.3
"35" "26" 2014-01-13 26.18 "CHI" "" "WAS" "L" -14 0 25.7833333333333 0.295 0.227 4 0 2.3 43 4.2 0 20.2 26.5 78 112 3.1 -6.9
"36" "27" 2014-01-15 26.18 "CHI" "@" "ORL" "W" 3 0 40.0166666666667 0.503 0.472 2.5 12.9 7.1 38.3 0 0 0 21.2 127 110 16.6 3
"37" "28" 2014-01-17 26.19 "CHI" "@" "WAS" "L" -3 0 19.5166666666667 0.735 0.7 0 7 3.5 21.7 2.7 0 0 27.3 146 108 13.3 16.3
"38" "29" 2014-01-18 26.19 "CHI" "" "PHI" "W" 25 0 28.3 0.839 0.8 0 11.9 7.2 48.2 5.3 0 15 21.2 152 78 22.2 17.6
"39" "30" 2014-01-20 26.19 "CHI" "" "LAL" "W" 2 0 37.05 0.779 0.781 2.5 9.5 5.6 23.2 1.4 0 14.8 22.8 131 102 21.4 11.2
"40" "31" 2014-01-22 26.2 "CHI" "@" "CLE" "W" 11 1 38.7 0.811 0.75 0 11.3 7.4 32.1 0 0 10.7 26.3 154 111 24.4 10.9
"41" "32" 2014-01-24 26.21 "CHI" "" "LAC" "L" -17 1 30.4666666666667 0.438 0.438 0 0 0 26.8 0 0 0 11.9 127 141 5.2 -7.5
"42" "33" 2014-01-25 26.21 "CHI" "@" "CHA" "W" 2 1 43.85 0.647 0.632 0 2.3 1.3 15.5 2.3 0 8.5 26 111 98 18.7 5
"43" "34" 2014-01-27 26.21 "CHI" "" "MIN" "L" -9 1 39.4166666666667 0.567 0.533 0 3.4 1.5 29.6 0 0 10.7 21.7 112 112 11 0
"44" "35" 2014-01-29 26.22 "CHI" "@" "SAS" "W" 10 1 37.9666666666667 0.419 0.412 0 0 0 21.5 1.5 0 5.3 23.8 101 107 7.8 -4.2
"45" "36" 2014-02-01 26.23 "CHI" "@" "NOP" "L" -9 1 39.7666666666667 0.586 0.5 0 6.7 3.3 48.7 0 0 9.2 25.7 129 113 17 6
"46" "37" 2014-02-03 26.23 "CHI" "@" "SAC" "L" -29 0 30.7666666666667 0.293 0.227 0 4.9 1.9 57.8 3.3 0 18 24.3 61 105 2.9 -4.6
"47" "38" 2014-02-04 26.24 "CHI" "@" "PHO" "W" 9 0 28.15 0.738 0.65 0 10.9 5.6 12.9 1.7 0 19.7 23.6 122 95 11.7 5.2
"48" "39" 2014-02-06 26.24 "CHI" "@" "GSW" "L" -15 0 23.55 0.417 0.417 0 4.7 2.4 9.3 2.4 0 14.3 28.3 78 121 2.8 -10.2
"49" "40" 2014-02-09 26.25 "CHI" "@" "LAL" "W" 6 0 30 0.493 0.385 3.6 0 1.9 34.8 3.4 0 16.5 28.7 98 95 11 1.2
"50" "41" 2014-02-11 26.25 "CHI" "" "ATL" "W" 15 0 30.9 0.568 0.545 0 13.8 7.3 16.9 1.8 0 14.9 19.9 118 99 9.1 -0.3
"51" "42" 2014-02-13 26.26 "CHI" "" "BRK" "W" 16 0 27.5666666666667 0.645 0.375 0 13.1 7.3 26.2 0 0 44.6 20.7 88 95 3.8 -8.9
"52" "43" 2014-02-19 26.28 "CHI" "@" "TOR" "W" 2 0 26.2833333333333 0.615 0.6 0 4.3 2.6 7.9 0 0 16.3 34.8 99 114 7.7 -3.4
"53" "44" 2014-02-21 26.28 "CHI" "" "DEN" "W" 28 0 30.6666666666667 0.841 0.75 0 15.3 8.7 36.6 3.3 0 18.7 23.3 148 92 23.1 16
"54" "45" 2014-02-23 26.29 "CHI" "@" "MIA" "L" -14 0 36.2666666666667 0.092 0 0 5.2 2.9 22.8 0 0 0 14.3 53 119 -1.3 -13.4
"55" "46" 2014-02-25 26.29 "CHI" "@" "ATL" "W" 4 0 29.1333333333333 0.309 0.179 0 7.5 3.7 29.3 3.5 0 11 26.6 82 110 5.4 -7.6
"56" "47" 2014-02-26 26.3 "CHI" "" "GSW" "W" 20 0 23.0333333333333 0.388 0.333 0 12.8 6.4 25.4 0 0 13.4 13.8 95 93 3.5 -6.7
"57" "48" 2014-02-28 26.3 "CHI" "@" "DAL" "W" 9 0 24.8833333333333 0.605 0.571 0 0 0 19.2 0 0 21.2 17.6 109 110 5 -1.2
"58" "49" 2014-03-02 26.31 "CHI" "" "NYK" "W" 19 0 26.0333333333333 0.91 0.9 4 8.6 6.2 0 2.2 0 7.3 24.8 159 109 18.5 12.9
"59" "50" 2014-03-03 26.31 "CHI" "@" "BRK" "L" -16 0 26.5333333333333 0.662 0.5 0 13.6 7.6 31.8 0 0 14.2 25.4 132 112 12.2 7.1
"60" "51" 2014-03-05 26.32 "CHI" "@" "DET" "W" 11 0 30.7666666666667 0.707 0.571 0 3.6 2.1 29.2 0 0 5.2 30.1 149 110 21.3 9
"61" "52" 2014-03-07 26.32 "CHI" "" "MEM" "L" -8 0 30.35 0.457 0.393 0 3.7 1.9 20.5 0 0 6.1 27.4 93 104 6.8 -0.4
"62" "53" 2014-03-09 26.33 "CHI" "" "MIA" "W" 7 0 37.2 0.793 0.769 0 3.6 1.6 10.7 0 0 6.7 19.4 144 105 16.4 7.3
"63" "54" 2014-03-11 26.33 "CHI" "" "SAS" "L" -8 0 32.15 0.86 0.8 0 13.2 5.8 27.7 0 0 12.5 23.5 153 120 19.9 9.2
"64" "55" 2014-03-13 26.34 "CHI" "" "HOU" "W" 24 0 29.2833333333333 0.689 0.722 0 3.4 1.9 37.7 1.9 0 9.6 17.3 140 106 12.2 4.3
"65" "56" 2014-03-15 26.34 "CHI" "" "SAC" "W" 7 0 27.9666666666667 0.492 0.4 0 0 0 13.3 0 0 7.6 21.9 97 102 4.2 -5.3
"66" "57" 2014-03-17 26.35 "CHI" "" "OKC" "L" -12 0 29.6333333333333 0.379 0.273 0 4.2 1.8 20.1 0 0 0 20.8 91 117 5.1 -6.4
"67" "58" 2014-03-19 26.35 "CHI" "@" "PHI" "W" 8 0 33.15 0.597 0.533 3.4 3.1 3.2 10.6 0 0 10.7 24.7 119 111 11.9 0.8
"68" "59" 2014-03-21 26.36 "CHI" "@" "IND" "L" -12 0 29.6 0.498 0.429 0 16.6 7.5 26.6 1.8 2.4 5.5 29.2 102 104 12 3.9
"69" "60" 2014-03-22 26.36 "CHI" "" "PHI" "W" 10 0 31.2166666666667 0.606 0.591 0 11.8 6.7 39.6 1.8 0 7 22.1 125 97 14.9 8.8
"70" "61" 2014-03-24 26.37 "CHI" "" "IND" "W" 12 0 27.7666666666667 0.25 0.25 3.8 0 2 16.4 0 0 11.1 15.4 65 96 0.6 -9.9
"71" "62" 2014-03-28 26.38 "CHI" "" "POR" "L" -17 0 32.6 0.441 0.441 3 10 6.3 45.4 0 0 5.6 26.7 98 112 11.4 4.9
"72" "63" 2014-03-30 26.38 "CHI" "@" "BOS" "W" 5 0 30.6333333333333 0.897 0.821 0 3.8 2.2 22 1.7 0 9.8 32.4 158 113 28.6 15.5
"73" "64" 2014-03-31 26.39 "CHI" "" "BOS" "W" 14 0 30.55 0.202 0.111 0 3.8 2 47.4 0 0 9.2 17.1 87 104 4.3 -7.1
"74" "65" 2014-04-02 26.39 "CHI" "@" "ATL" "W" 13 0 28.2666666666667 0.686 0.667 0 4.5 2.3 32.1 3.8 0 15.2 34.4 119 106 16.9 7.4
"75" "66" 2014-04-04 26.4 "CHI" "" "MIL" "W" 12 0 30.9666666666667 0.658 0.5 3.4 4.2 3.8 35.3 1.7 0 8.6 15.9 147 104 13.6 4.5
"76" "67" 2014-04-05 26.4 "CHI" "@" "WAS" "W" 18 0 29.9666666666667 0.602 0.579 0 13.3 7.5 28.9 3.8 0 0 33.8 132 90 20.5 19.7
"77" "68" 2014-04-09 26.41 "CHI" "@" "MIN" "W" 15 0 29.5833333333333 0.727 0.714 0 8.3 4.2 11.6 1.9 0 25.7 31.5 98 103 11.2 0.8
"78" "69" 2014-04-11 26.42 "CHI" "" "DET" "W" 8 0 28.0833333333333 0.652 0.536 4.4 11.4 8.1 36.6 1.9 0 9.8 34.1 131 108 19.4 7.1
"79" "70" 2014-04-13 26.42 "CHI" "@" "NYK" "L" -11 0 30.35 0.384 0.308 3.9 7.9 5.9 19.6 0 0 20.4 29.8 74 116 2.3 -10.1
"80" "" 2014-04-14 26.42 "CHI" "" "ORL" "W" 13 NA NA NA NA NA NA NA NA NA NA NA NA NA NA NA NA
"81" "71" 2014-04-16 26.43 "CHI" "@" "CHA" "L" -5 0 35.8166666666667 0.491 0.469 0 3 1.5 11.8 0 0 10.4 27.6 87 106 6.3 -3.1
"1" "1" 2014-10-29 26.97 "DET" "@" "DEN" "L" -10 0 28.2 0.638 0.6 0 20 10.6 22.7 0 0 20.3 23.4 105 93 9.7 3.1
"2" "2" 2014-10-30 26.97 "DET" "@" "MIN" "L" -6 0 32.5 0.474 0.361 3.1 7 5 30.4 0 0 8.7 31.4 108 112 12.5 1.3
"3" "3" 2014-11-01 26.98 "DET" "" "BRK" "L" -12 0 18.5 0.444 0.2 0 6 2.9 17.6 0 0 0 17.8 107 123 4.2 -6.1
"4" "4" 2014-11-05 26.99 "DET" "" "NYK" "W" 3 0 24.7 0.732 0.667 0 4.1 2 22.3 0 0 19.6 18.1 130 115 8.6 0.3
"5" "5" 2014-11-07 26.99 "DET" "" "MIL" "W" 3 0 22.75 0.467 0.357 0 5.7 2.8 12.9 2.4 0 17.2 23.7 94 109 4.8 -4.1
"6" "6" 2014-11-09 27 "DET" "" "UTA" "L" -1 0 16.5333333333333 0.387 0.222 0 20.7 9.3 28.8 3.2 0 14.7 34.4 86 103 4.3 -2.9
"7" "7" 2014-11-10 27 "DET" "@" "CHI" "L" -11 0 20.7166666666667 0.669 0.625 0 5 2.4 20.7 2.4 0 14.3 30.5 118 108 11.1 5.9
"8" "8" 2014-11-12 27.01 "DET" "@" "WAS" "L" -4 0 14.1 0.508 0.429 0 7.9 4 0 0 0 11.3 29.2 90 118 3.2 -9.4
"9" "9" 2014-11-14 27.01 "DET" "@" "OKC" "W" 7 0 17.0166666666667 0.129 0 6.8 0 3.2 41 0 0 34 16.4 67 101 -0.1 -12.4
"10" "10" 2014-11-15 27.01 "DET" "@" "MEM" "L" -7 0 19.7666666666667 0.35 0.35 0 0 0 45.4 0 0 9.1 27.1 87 120 3.3 -4.3
"11" "11" 2014-11-17 27.02 "DET" "" "ORL" "L" -14 0 17.5333333333333 0.735 0.667 0 14.8 6.8 10.3 3 0 17.4 15.1 127 116 6.2 0
"12" "12" 2014-11-19 27.02 "DET" "" "PHO" "L" -2 0 22.4 0.51 0.4 0 6.5 2.6 14.9 4.7 0 25.4 15.4 87 93 5 -1.4
"13" "13" 2014-11-21 27.03 "DET" "@" "ATL" "L" -10 0 24.7833333333333 0.365 0.265 3.8 19.4 10.6 8.3 0 0 5 37.1 83 113 4.5 -5.3
"14" "14" 2014-11-25 27.04 "DET" "@" "MIL" "L" -12 1 37.2166666666667 0.463 0.409 0 5.5 3 29.3 1.4 0 29.6 20.8 81 112 5.2 -7.6
"15" "15" 2014-11-26 27.04 "DET" "" "LAC" "L" -6 1 35.2666666666667 0.62 0.571 0 11.7 5.3 32.1 0 0 16.4 24.1 118 123 13.3 0.3
"16" "16" 2014-11-28 27.05 "DET" "" "MIL" "L" -16 1 33.9666666666667 0.456 0.214 0 0 0 26 0 0 15.4 17 102 123 6.9 -6.5
"17" "17" 2014-11-30 27.05 "DET" "" "GSW" "L" -11 0 12.85 0.625 0.625 0 0 0 14.6 0 0 42.9 22.8 64 118 -0.5 -16.9
"18" "18" 2014-12-02 27.06 "DET" "" "LAL" "L" -10 0 23.65 0.674 0.643 4 0 2.1 40.8 0 0 0 16.6 155 120 12.7 7.7
"19" "19" 2014-12-03 27.06 "DET" "@" "BOS" "L" -7 0 14.2333333333333 0.073 0 6.5 15.8 10.7 30.2 0 0 12.7 23.3 40 109 -1.2 -15
"20" "20" 2014-12-06 27.07 "DET" "" "PHI" "L" -7 0 18.2166666666667 0.326 0.143 0 6.2 2.9 28.1 2.8 0 0 22 87 105 3.7 -5.5
"21" "21" 2014-12-07 27.07 "DET" "" "OKC" "L" -2 0 19.0166666666667 0.902 0.833 0 16.1 8.5 8.7 0 0 0 9.8 182 107 7.3 4.2
"22" "22" 2014-12-09 27.08 "DET" "" "POR" "L" -12 0 27.3166666666667 0.313 0.313 0 8.8 3.7 34.6 0 0 0 12.8 96 117 5 -4.9
"23" "23" 2014-12-12 27.09 "DET" "@" "PHO" "W" 2 0 24 0.814 0.8 0 4.5 2.4 37.5 4.1 0 22.8 15.4 139 105 12.4 8.7
"24" "24" 2014-12-13 27.09 "DET" "@" "SAC" "W" 5 0 24 0.34 0.2 4.9 7 6.1 38.7 0 0 7.8 25 91 108 5.9 -6.8
"25" "25" 2014-12-15 27.1 "DET" "@" "LAC" "L" -22 0 16.7 0 0 6.2 16 10.5 32.8 0 0 75 10.5 51 132 0.4 -14.5
"26" "26" 2014-12-17 27.1 "DET" "" "DAL" "L" -11 0 24 0.714 0.714 0 0 0 12.5 2.1 0 22.2 16.6 110 124 6.3 -2.4
"27" "27" 2014-12-19 27.11 "DET" "" "TOR" "L" -10 0 17.3 0 0 0 0 0 27.1 5.8 0 20 12.4 42 110 0.6 -9.6
"28" "28" 2014-12-21 27.11 "DET" "@" "BRK" "L" -5 0 19.7 0.625 0.625 0 13.9 5.6 34.7 5 0 20 10.6 128 109 8.1 4.1
"29" "29" 2014-12-26 27.13 "DET" "" "IND" "W" 10 0 24.1 0.788 0.813 4.4 0 2.3 45.5 2.1 0 10.1 18.3 160 118 15.9 10.5
"30" "30" 2014-12-28 27.13 "DET" "@" "CLE" "W" 23 0 17.1833333333333 0 0 5.6 0 3 20.4 3.1 0 33.3 16 43 94 -1 -14
"31" "31" 2014-12-30 27.14 "DET" "@" "ORL" "W" 23 0 29.65 0.619 0.563 0 18 8.4 48.3 1.7 2.5 18.4 16 135 91 14.8 6.4
"32" "32" 2015-01-02 27.15 "DET" "@" "NYK" "W" 16 0 23.1 0.357 0.357 0 3.6 2.2 55.3 0 3.1 41.7 25.4 79 102 3.2 -8.6
"33" "33" 2015-01-04 27.15 "DET" "" "SAC" "W" 19 0 17.45 0.5 0.5 0 17.9 9.2 37.4 0 0 25 19.8 99 99 5.4 -2.1
"34" "34" 2015-01-06 27.16 "DET" "@" "SAS" "W" 1 0 22.3666666666667 0.492 0.472 0 0 0 45 0 0 9.4 40.4 107 118 9.5 1.1
"35" "35" 2015-01-07 27.16 "DET" "@" "DAL" "W" 13 0 21.6833333333333 0.714 0.688 0 4.3 2.1 19.2 2.3 0 9.9 37.8 134 99 18.3 19.1
"36" "36" 2015-01-09 27.16 "DET" "" "ATL" "L" -3 0 20.35 1.136 NA 0 0 0 31 2.4 0 36.2 5.9 175 110 7.1 0.1
"37" "37" 2015-01-10 27.17 "DET" "" "BRK" "W" 5 0 18.65 0.357 0.357 0 0 0 53.5 0 0 12.5 20.3 93 110 4.1 -5.5
"38" "38" 2015-01-12 27.17 "DET" "@" "TOR" "W" 3 0 14.3666666666667 0.381 0.286 6.8 17.1 11.4 38.9 3.4 0 27.6 30.9 80 111 3.6 -7.2
"39" "39" 2015-01-14 27.18 "DET" "" "NOP" "L" -11 0 19.1666666666667 0.962 0.9 0 6.6 3.3 41.8 0 0 12.9 21.6 171 129 12.4 6.7
"40" "40" 2015-01-16 27.18 "DET" "@" "IND" "W" 2 0 14.15 0 0 0 29.5 14.6 42.4 0 0 80 15.3 37 104 -1.1 -18.7
"41" "41" 2015-01-17 27.19 "DET" "" "PHI" "W" 18 0 25.7 0.5 0.5 0 14.4 6.3 57.7 4 0 25 13.3 123 95 10.1 1.1
"42" "42" 2015-01-19 27.19 "DET" "@" "ATL" "L" -11 0 18.1333333333333 0.8 0.8 0 0 0 43.1 0 0 37.5 19 100 107 4.8 -1.8
"43" "43" 2015-01-21 27.2 "DET" "" "ORL" "W" 10 0 15.1833333333333 0.278 0.278 7.9 6.7 7.3 37 0 0 18.2 29.1 79 121 2 -13.9
"44" "44" 2015-01-24 27.21 "DET" "@" "MIL" "L" -15 0 14.8333333333333 0.143 0.143 0 0 0 0 6.7 0 22.2 25.1 26 99 -2.5 -14.5
"45" "45" 2015-01-25 27.21 "DET" "@" "TOR" "L" -4 1 37.35 0.773 0.725 0 14.3 6.3 40.2 0 0 8.1 27.7 154 123 30.2 15.7
"46" "46" 2015-01-27 27.21 "DET" "" "CLE" "L" -8 1 36.1 0.633 0.633 2.7 8.3 5.4 49.1 2.8 0 25 23.9 109 111 16.2 7.2
"47" "47" 2015-01-28 27.22 "DET" "@" "PHI" "L" -20 1 34.35 0.127 0 0 3.8 1.6 24.3 3.3 0 27.6 14.9 35 107 -0.8 -13.5
"48" "48" 2015-01-31 27.22 "DET" "" "HOU" "W" 13 1 37.05 0.748 0.654 0 6 3.1 50.7 2.7 0 21.1 28.1 135 110 27.3 10.2
"49" "49" 2015-02-03 27.23 "DET" "" "MIA" "W" 17 1 35.3 0.732 0.643 0 13.9 6.8 56.8 1.6 0 0 22.8 174 112 29.7 19.5
"50" "50" 2015-02-04 27.24 "DET" "@" "IND" "L" -5 1 32.3 0.392 0.321 0 9.6 4.1 24.1 0 0 16.4 26.3 89 134 4 -14
"51" "51" 2015-02-06 27.24 "DET" "" "DEN" "W" 10 1 34.25 0.814 0.7 0 5.5 3 53.9 0 0 27 23.7 131 99 20.3 10.2
"52" "52" 2015-02-08 27.25 "DET" "" "MIN" "L" -11 1 35.1 0.563 0.5 3.2 4.3 3.6 39.9 0 0 5.3 24.7 132 128 16 1.3
"53" "53" 2015-02-10 27.25 "DET" "@" "CHO" "W" 28 1 28.3833333333333 0.527 0.393 0 3.5 2 29.6 1.9 0 5.5 29.3 118 96 14 4.6
"54" "54" 2015-02-11 27.25 "DET" "" "SAS" "L" -17 1 33.9666666666667 0.557 0.5 0 10.6 5.2 39.1 0 0 20.2 35.5 99 126 11.9 -0.8
"55" "55" 2015-02-21 27.28 "OKC" "@" "CHO" "W" 7 0 22.75 0.536 0.444 0 12.4 6.3 11.8 0 0 0 19.6 135 111 8 0.4
"56" "56" 2015-02-22 27.28 "OKC" "" "DEN" "W" 25 0 29.5333333333333 0.508 0.429 0 8 4.8 7.3 1.6 0 27.6 14.7 87 99 3.4 -6.9
"57" "57" 2015-02-24 27.29 "OKC" "" "IND" "W" 13 0 24.8166666666667 0.25 0.25 0 7.6 3.7 35.6 2 0 14.3 11.9 87 101 4.7 -2.1
"58" "58" 2015-02-26 27.3 "OKC" "@" "PHO" "L" -4 0 26.8666666666667 0.732 0.688 3.6 16.8 9.7 20.3 0 0 10.1 15.7 142 113 12 4.8
"59" "59" 2015-02-27 27.3 "OKC" "@" "POR" "L" -3 0 19.9833333333333 0.381 0.286 0 5.2 2.7 23.9 4.9 0 0 16.5 107 114 6.6 1.8
"60" "60" 2015-03-01 27.3 "OKC" "@" "LAL" "W" 7 1 41.3 0.567 0.533 4.2 16.9 10.1 17.6 1.2 0 11.2 17.9 118 106 15.5 1.6
"61" "61" 2015-03-04 27.31 "OKC" "" "PHI" "W" 5 0 36.8333333333333 0.594 0.538 0 9.4 5.1 8.1 2.5 0 12.3 18.8 108 106 11.3 -1.3
"62" "62" 2015-03-05 27.32 "OKC" "@" "CHI" "L" -3 0 18.95 0.714 0.714 0 5.6 2.8 24.6 2.7 0 0 16.8 150 116 9.7 9.4
"63" "63" 2015-03-08 27.32 "OKC" "" "TOR" "W" 4 0 24.8333333333333 0.51 0.6 0 12.1 7.1 25.3 0 0 14.5 12 114 117 5.9 -1.6
"64" "64" 2015-03-11 27.33 "OKC" "" "LAC" "L" -12 0 21.8666666666667 0.347 0 0 5.6 2.9 20 0 0 41 9.6 74 131 -0.6 -10.7
"65" "65" 2015-03-13 27.34 "OKC" "" "MIN" "W" 14 0 23.7833333333333 0.409 0.409 0 9.6 4.5 28.1 2.1 0 8.3 19.7 105 104 7 -1.1
"66" "66" 2015-03-15 27.34 "OKC" "" "CHI" "W" 9 0 23.4666666666667 1.127 1.125 0 0 0 18.1 0 0 50.6 17.4 109 113 4.9 0.4
"67" "67" 2015-03-16 27.35 "OKC" "@" "DAL" "L" -4 0 24.1666666666667 0.273 0.273 0 19.9 10.3 11.7 1.9 0 8.3 18.9 70 112 2.4 -7
"68" "68" 2015-03-18 27.35 "OKC" "" "BOS" "W" 4 0 20.8666666666667 0.74 0.6 0 5.9 2.7 13.1 2.3 0 30.7 18.5 111 119 7.4 -0.8
"69" "69" 2015-03-20 27.36 "OKC" "" "ATL" "W" 8 0 20.9 0.25 0.25 6.2 11.2 8.8 5.6 0 0 0 8.6 88 127 1.2 -11
"70" "70" 2015-03-22 27.36 "OKC" "" "MIA" "W" 18 0 24.1333333333333 0.214 0.214 8.1 9.3 8.6 10.5 0 3.2 30 17.6 54 91 -0.8 -10.8
"71" "71" 2015-03-24 27.37 "OKC" "" "LAL" "W" 10 0 22.2166666666667 0.7 0.7 0 9.8 5.6 26 4.5 0 0 9.6 175 116 10.4 7.6
"72" "72" 2015-03-25 27.37 "OKC" "@" "SAS" "L" -39 0 28.3333333333333 0.429 0.429 0 4.5 2 26 0 0 12.5 12.8 97 144 4.7 -5.5
"73" "73" 2015-03-28 27.38 "OKC" "@" "UTA" "L" -5 0 28.5666666666667 0.436 0.417 0 9.3 5.6 6.1 0 0 12.7 12 87 106 2.8 -2.7
"74" "74" 2015-03-29 27.38 "OKC" "@" "PHO" "W" 12 0 31.6 0.921 0.889 0 3.4 1.7 14.8 1.5 0 16.2 16.6 157 101 15.3 8.9
"75" "75" 2015-04-01 27.39 "OKC" "" "DAL" "L" -4 0 19.55 0.375 0.375 0 0 0 5.8 0 0 0 8.4 102 137 1.3 -8.4
"76" "76" 2015-04-03 27.39 "OKC" "@" "MEM" "L" -8 0 17.1666666666667 0.307 0.25 5.8 6.4 6.1 42.1 0 0 0 12.2 105 109 4.3 0.8
"77" "77" 2015-04-05 27.4 "OKC" "" "HOU" "L" -3 0 24.4833333333333 0.375 0.375 0 4.3 2.1 5.2 2 0 33.3 9.7 62 117 0.6 -5.5
"78" "78" 2015-04-07 27.41 "OKC" "" "SAS" "L" -25 0 21.6666666666667 0.417 0.417 0 11.1 5.2 30 2.3 0 0 11.9 111 120 5.6 -0.2
"79" "79" 2015-04-10 27.41 "OKC" "" "SAC" "W" 13 0 25.1 0.481 0.357 0 0 0 23.8 0 0 10.7 15.7 115 119 5.2 -5.1
"80" "80" 2015-04-12 27.42 "OKC" "@" "IND" "L" -12 0 14.85 0 0 0 0 0 7.9 0 0 0 14 14 126 -3.2 -19.5
"81" "81" 2015-04-13 27.42 "OKC" "" "POR" "W" 11 0 14.1 0.2 0.2 0 15.8 7.3 19.1 0 0 0 14.7 70 102 0.9 -7.9
"82" "82" 2015-04-15 27.43 "OKC" "@" "MIN" "W" 25 0 23.9333333333333 0.833 0.833 0 0 0 16.7 0 0 50 9.9 102 124 3.5 -5.4
"1" "1" 2015-10-28 27.96 "OKC" "" "SAS" "W" 6 0 12.9166666666667 0.592 0.4 0 9.1 4.6 43 11 0 12.9 25.1 128 87 10 20.4
"2" "2" 2015-10-30 27.97 "OKC" "@" "ORL" "W" 3 0 28.2333333333333 0.872 0.833 3.6 3.8 3.7 24.6 0 0 0 9.6 197 121 12.7 8.3
"3" "3" 2015-11-01 27.98 "OKC" "" "DEN" "W" 24 0 18.1166666666667 0.875 0.875 7.8 5.2 6.2 25 0 0 0 18.8 187 108 13.5 17.3
"4" "4" 2015-11-02 27.98 "OKC" "@" "HOU" "L" -5 0 21.5833333333333 0.536 0.5 0 23.2 12.5 0 2.2 0 34.9 32.5 71 106 2.2 -11.7
"5" "5" 2015-11-04 27.98 "OKC" "" "TOR" "L" -5 0 12.6666666666667 NA NA 0 0 0 29.1 0 0 100 14.1 34 119 -2.7 -18
"6" "6" 2015-11-05 27.99 "OKC" "@" "CHI" "L" -6 0 13.65 0.41 0.25 0 22.9 11.6 10.2 0 4.9 0 16.9 97 110 3.9 -0.3
"7" "7" 2015-11-08 27.99 "OKC" "" "PHO" "W" 21 0 13.95 0.266 0 0 8.2 4 28.1 9.8 0 34.7 16.2 70 86 3.9 3.2
"8" "8" 2015-11-10 28 "OKC" "@" "WAS" "W" 24 0 16.8666666666667 0.41 0.5 0 15.5 9.1 27.7 0 0 0 6.3 139 103 3.5 -1.5
"9" "9" 2015-11-13 28.01 "OKC" "" "PHI" "W" 17 0 23.2333333333333 0.508 0.5 0 4.1 2.1 6.3 2.1 0 11.3 15.4 101 93 4.5 -3.9
"10" "10" 2015-11-15 28.01 "OKC" "" "BOS" "L" -15 0 23.3666666666667 0.2 0.2 0 5.7 2.5 31.7 2.2 0 50 19.1 36 111 -2 -14.2
"11" "11" 2015-11-16 28.02 "OKC" "@" "MEM" "L" -8 0 15.6833333333333 0.417 0.417 9 0 3.9 8.8 3.2 0 0 16.2 114 129 2.4 -5.8
"12" "12" 2015-11-18 28.02 "OKC" "" "NOP" "W" 7 0 15.9833333333333 1.16 1.333 0 6.8 3.3 31.1 0 0 34 15.1 142 113 8.1 9.2
"13" "13" 2015-11-20 28.03 "OKC" "" "NYK" "L" -3 0 13.0666666666667 0.25 0.25 0 0 0 0 0 0 20 15.8 49 109 -1.8 -16.9
"14" "14" 2015-11-22 28.03 "OKC" "" "DAL" "W" 3 0 12.55 0.5 0.5 0 10.6 5 19.4 0 0 0 16.8 129 121 4 -0.9
"15" "15" 2015-11-23 28.04 "OKC" "@" "UTA" "W" 22 0 20.7 0.643 0.643 0 5.4 3 13.2 0 0 0 16.1 136 105 6.6 3.1
"16" "16" 2015-11-25 28.04 "OKC" "" "BRK" "W" 11 0 12.7666666666667 0.5 0.5 0 0 0 10.1 0 0 0 10.6 107 106 1.2 -7
"17" "17" 2015-11-27 28.05 "OKC" "" "DET" "W" 16 0 21.5166666666667 0.551 0.5 6 11.3 9.3 20.6 0 0 0 11.2 145 99 6.6 4.1
"18" "18" 2015-11-30 28.05 "OKC" "@" "ATL" "L" -6 0 16.1833333333333 0 0 5.9 0 3 8 0 0 0 5.2 54 122 -0.4 -10.7
"19" "19" 2015-12-03 28.06 "OKC" "@" "MIA" "L" -2 0 13.55 0 0 0 0 0 10.1 0 0 33.3 10.2 18 110 -1.7 -11.8
"20" "20" 2015-12-06 28.07 "OKC" "" "SAC" "W" 3 0 10.1333333333333 0 0 0 0 0 0 0 0 33.3 11.8 0 105 -2.8 -18
"21" "21" 2015-12-08 28.08 "OKC" "@" "MEM" "W" 37 0 23.0666666666667 0.825 0.786 0 4.4 2.6 16.1 2.2 0 0 15.5 179 99 11.9 9.7
"22" "22" 2015-12-10 28.08 "OKC" "" "ATL" "W" 13 0 8.85 0.852 NA 0 11.5 6.3 0 0 0 0 9.1 187 107 2.9 1.8
"23" "23" 2015-12-11 28.08 "OKC" "@" "UTA" "W" 4 0 12.9666666666667 0.625 0.625 0 8.2 4.4 12.5 0 0 20 18.7 108 109 2.6 0
"24" "24" 2015-12-13 28.09 "OKC" "" "UTA" "W" 6 0 12.6333333333333 NA NA 0 0 0 0 0 0 NA 0 0 118 -0.4 -10.6
"25" "25" 2015-12-16 28.1 "OKC" "" "POR" "W" 16 0 18.0166666666667 0.347 0 0 0 0 0 0 0 25.8 9.1 60 105 -0.8 -9.2
"26" "26" 2015-12-17 28.1 "OKC" "@" "CLE" "L" -4 0 14.4833333333333 0.2 0.2 0 15.4 8.5 31.4 0 0 0 16.9 75 121 1.2 -10.4
"27" "27" 2015-12-19 28.11 "OKC" "" "LAL" "W" 40 0 16.7666666666667 0.5 0.5 0 5.5 3.3 19.9 3 0 0 7.8 145 80 3.5 2.6
"28" "28" 2015-12-21 28.11 "OKC" "@" "LAC" "W" 1 0 13.6 0.205 0 0 0 0 8.8 0 5.4 29.1 11.6 45 110 -0.4 -9.6
"29" "29" 2015-12-23 28.12 "OKC" "@" "LAL" "W" 35 0 10.1666666666667 0.532 0 0 0 0 37 0 0 0 7.6 175 103 4.1 6.4
"30" "30" 2015-12-25 28.12 "OKC" "" "CHI" "L" -9 0 13.1833333333333 0.375 0.375 0 7.9 3.6 10.9 3.8 0 33.3 18.3 58 109 0.2 -8.7
"31" "31" 2015-12-27 28.13 "OKC" "" "DEN" "W" 10 0 5.8 0 0 0 0 0 17.2 0 0 0 7.8 73 132 0 -10
"32" "" 2015-12-29 28.13 "OKC" "" "MIL" "W" 8 NA NA NA NA NA NA NA NA NA NA NA NA NA NA NA NA
"33" "" 2015-12-31 28.14 "OKC" "" "PHO" "W" 4 NA NA NA NA NA NA NA NA NA NA NA NA NA NA NA NA
"34" "" 2016-01-02 28.15 "OKC" "@" "CHO" "W" 19 NA NA NA NA NA NA NA NA NA NA NA NA NA NA NA NA
"35" "" 2016-01-04 28.15 "OKC" "" "SAC" "L" -12 NA NA NA NA NA NA NA NA NA NA NA NA NA NA NA NA
"36" "" 2016-01-06 28.16 "OKC" "" "MEM" "W" 18 NA NA NA NA NA NA NA NA NA NA NA NA NA NA NA NA
"37" "" 2016-01-08 28.16 "OKC" "@" "LAL" "W" 4 NA NA NA NA NA NA NA NA NA NA NA NA NA NA NA NA
"38" "" 2016-01-10 28.17 "OKC" "@" "POR" "L" -5 NA NA NA NA NA NA NA NA NA NA NA NA NA NA NA NA
"39" "" 2016-01-12 28.17 "OKC" "@" "MIN" "W" 5 NA NA NA NA NA NA NA NA NA NA NA NA NA NA NA NA
"40" "32" 2016-01-13 28.18 "OKC" "" "DAL" "W" 19 0 7.93333333333333 0 0 0 12.3 6.4 15.9 0 0 0 5.4 65 97 -0.9 -13.4
"41" "" 2016-01-15 28.18 "OKC" "" "MIN" "W" 20 NA NA NA NA NA NA NA NA NA NA NA NA NA NA NA NA
"42" "" 2016-01-17 28.19 "OKC" "" "MIA" "W" 25 NA NA NA NA NA NA NA NA NA NA NA NA NA NA NA NA
"43" "" 2016-01-19 28.19 "OKC" "@" "DEN" "W" 6 NA NA NA NA NA NA NA NA NA NA NA NA NA NA NA NA
"44" "" 2016-01-20 28.19 "OKC" "" "CHO" "W" 14 NA NA NA NA NA NA NA NA NA NA NA NA NA NA NA NA
"45" "" 2016-01-22 28.2 "OKC" "@" "DAL" "W" 3 NA NA NA NA NA NA NA NA NA NA NA NA NA NA NA NA
"46" "" 2016-01-24 28.21 "OKC" "@" "BRK" "L" -10 NA NA NA NA NA NA NA NA NA NA NA NA NA NA NA NA
"47" "" 2016-01-26 28.21 "OKC" "@" "NYK" "W" 6 NA NA NA NA NA NA NA NA NA NA NA NA NA NA NA NA
"48" "33" 2016-01-27 28.21 "OKC" "@" "MIN" "W" 3 0 6.16666666666667 0.5 0.5 0 35.4 19 0 0 0 33.3 20.8 67 125 0.2 -15.8
"49" "34" 2016-01-29 28.22 "OKC" "" "HOU" "W" 8 0 18.4666666666667 0.75 0.75 0 22.8 13.4 33.8 0 0 0 4.4 186 102 5.8 5
"50" "" 2016-02-01 28.23 "OKC" "" "WAS" "W" 16 NA NA NA NA NA NA NA NA NA NA NA NA NA NA NA NA
"51" "" 2016-02-03 28.23 "OKC" "" "ORL" "W" 3 NA NA NA NA NA NA NA NA NA NA NA NA NA NA NA NA
"52" "" 2016-02-06 28.24 "OKC" "@" "GSW" "L" -8 NA NA NA NA NA NA NA NA NA NA NA NA NA NA NA NA
"53" "" 2016-02-08 28.25 "OKC" "@" "PHO" "W" 16 NA NA NA NA NA NA NA NA NA NA NA NA NA NA NA NA
"54" "" 2016-02-11 28.25 "OKC" "" "NOP" "W" 26 NA NA NA NA NA NA NA NA NA NA NA NA NA NA NA NA
"55" "35" 2016-02-19 28.28 "DEN" "@" "SAC" "L" -6 0 18.9333333333333 0.581 0.5 0 0 0 41.2 7 0 30.4 21 100 99 8 5
"56" "36" 2016-02-21 28.28 "DEN" "" "BOS" "L" -20 0 29.85 0.666 0.625 0 10.7 5.7 23.3 0 0 9.3 15.5 129 123 10.1 -1
"57" "37" 2016-02-23 28.29 "DEN" "" "SAC" "L" -4 0 21.6666666666667 0.601 0.5 0 17.5 7.1 25.8 2.1 0 32.5 22.4 90 109 5.8 -5.9
"58" "38" 2016-02-24 28.29 "DEN" "@" "LAC" "W" 6 0 17.5666666666667 0.25 0.25 0 0 0 17.5 0 0 33.3 21.7 44 96 -2.4 -14.6
"59" "39" 2016-02-26 28.3 "DEN" "@" "DAL" "L" -6 0 35.65 0.635 0.607 0 7.3 3.2 13.7 1.5 0 6 20.5 135 122 15.3 5.1
"60" "40" 2016-02-29 28.3 "DEN" "" "MEM" "L" -7 0 15.4666666666667 0.652 0.688 0 8.6 4.6 25.4 0 0 19.2 32.9 102 116 4.7 -7.3
"61" "41" 2016-03-02 28.31 "DEN" "" "LAL" "W" 10 0 23.2 0.869 0.773 0 10.1 5.7 44 2.2 0 0 29.3 186 116 25.8 23.8
"62" "42" 2016-03-04 28.32 "DEN" "" "BRK" "L" -1 0 20.0666666666667 0.711 0.688 6.1 12.9 9.4 14.9 0 0 0 18.3 165 125 10.7 6.2
"63" "43" 2016-03-06 28.32 "DEN" "" "DAL" "W" 2 0 27.0833333333333 0.51 0.45 0 4 1.9 20.5 0 0 7.8 19.4 114 117 7.5 -1.3
"64" "44" 2016-03-08 28.33 "DEN" "" "NYK" "W" 16 0 21.0666666666667 0.536 0.438 0 11.4 5.2 35.8 2.3 0 17.7 22.8 107 98 9.4 3.2
"65" "45" 2016-03-10 28.33 "DEN" "" "PHO" "W" 18 0 19.5333333333333 0.41 0.375 0 27.3 14.6 35.5 0 0 29.1 15.3 95 99 3.6 -9.9
"66" "46" 2016-03-12 28.34 "DEN" "" "WAS" "W" 16 0 30.7166666666667 0.65 0.55 0 6.6 3.9 45.7 1.5 0 18.7 22.1 130 103 16.8 5
"67" "47" 2016-03-14 28.34 "DEN" "@" "MIA" "L" -5 0 25.2833333333333 0.464 0.464 4.7 0 2.6 15.1 3.9 0 12.5 26.7 99 124 7.2 -4.9
"68" "48" 2016-03-15 28.35 "DEN" "@" "ORL" "L" -6 0 33 0.515 0.333 0 16.2 8.1 31.4 4.5 0 20.5 20 107 113 12.5 0.8
"69" "49" 2016-03-17 28.35 "DEN" "@" "ATL" "L" -18 0 28.8 0.66 0.667 0 4.5 2.1 42.7 0 3.1 13.4 22.9 124 125 13.3 4.4
"70" "50" 2016-03-19 28.36 "DEN" "@" "CHO" "W" 8 0 22.5833333333333 0.852 0.864 0 4.7 2.4 30.4 2.3 0 12.4 31 151 102 19.3 21.3
"71" "51" 2016-03-21 28.36 "DEN" "@" "CLE" "L" -33 0 24.7166666666667 0.383 0.35 0 11.8 5 37.1 2 0 8.7 20.6 91 133 6.3 -4.9
"72" "52" 2016-03-23 28.37 "DEN" "" "PHI" "W" 1 0 26.1166666666667 0.528 0.2 0 7.8 4 29.5 3.7 0 19 17.6 106 104 8.8 -1.9
"73" "53" 2016-03-25 28.37 "DEN" "@" "LAL" "W" 11 0 26.85 0.859 0.944 0 12.8 5.9 41.7 1.8 0 7.9 19.9 161 108 20.6 15.1
"74" "54" 2016-03-27 28.38 "DEN" "@" "LAC" "L" -15 0 34.1833333333333 0.575 0.5 0 6.8 3.2 46.8 3.2 0 11.3 21.6 133 121 17.7 10
"75" "55" 2016-03-28 28.38 "DEN" "" "DAL" "L" -9 0 16.5833333333333 0.532 0 9.3 12.3 11.1 28 0 0 44.4 19.7 87 115 2.6 -8.6
"76" "56" 2016-03-30 28.39 "DEN" "@" "MEM" "W" 4 0 23.0666666666667 0.698 0.643 0 8.2 4.7 35.1 0 0 20.2 20 129 120 9.4 -0.5
"77" "57" 2016-03-31 28.39 "DEN" "@" "NOP" "L" -6 0 28.85 0.5 0.5 0 3.6 1.8 45.4 3.6 0 25 19.3 95 111 8.4 -3.8
"78" "58" 2016-04-02 28.39 "DEN" "" "SAC" "L" -9 0 18.8333333333333 0.654 0.583 0 5.5 2.6 23.6 0 0 30.4 22.4 98 127 5 -8.6
"79" "59" 2016-04-05 28.4 "DEN" "" "OKC" "L" -22 0 22.3833333333333 0.621 0.556 0 10.5 4.6 30.2 4.3 0 19.9 28.6 105 120 11.9 4.1
"80" "60" 2016-04-08 28.41 "DEN" "" "SAS" "W" 4 0 13.9666666666667 0.4 0.4 0 0 0 20.7 0 0 16.7 19.6 79 111 1.3 -11.4
"81" "61" 2016-04-10 28.42 "DEN" "" "UTA" "L" -16 0 18.0833333333333 0.347 0 0 5.8 2.9 8.3 0 0 25.8 10.4 64 122 0.6 -13.8
"82" "62" 2016-04-13 28.42 "DEN" "@" "POR" "L" -8 0 14.6666666666667 0.311 0.333 0 7.1 3.3 29.3 3.3 6.2 13.4 20 79 107 2.5 -4
"1" "1" 2016-10-26 28.96 "ORL" "" "MIA" "L" -12 0 16.5333333333333 0.81 0.667 0 6.3 3 10.3 0 0 18.8 13.8 137 120 4.9 -4
"2" "2" 2016-10-28 28.97 "ORL" "@" "DET" "L" -26 0 15.9666666666667 0.3 0.3 0 0 0 40.1 0 0 0 13.8 93 121 2.3 -6.5
"3" "3" 2016-10-29 28.97 "ORL" "@" "CLE" "L" -6 0 20.9333333333333 0.523 0.5 0 9.2 5.1 25.9 2.4 0 7.4 26.7 114 110 8.5 4.5
"4" "4" 2016-11-01 28.98 "ORL" "@" "PHI" "W" 2 0 12.5 0.45 0.45 0 0 0 14.4 0 0 0 34.8 94 115 4.3 -3.8
"5" "5" 2016-11-03 28.98 "ORL" "" "SAC" "W" 8 0 14.4166666666667 0.5 0.5 0 0 0 59.4 0 0 27.3 33.9 94 112 4.1 -1
"6" "6" 2016-11-05 28.99 "ORL" "" "WAS" "W" 2 0 19.5833333333333 0.438 0.438 0 0 0 51.8 5.7 0 11.1 22.5 99 98 7.1 6.3
"7" "7" 2016-11-07 28.99 "ORL" "@" "CHI" "L" -32 0 22.5666666666667 0.3 0.3 0 0 0 14.8 0 0 0 20.9 66 128 0.8 -12.1
"8" "8" 2016-11-09 29 "ORL" "" "MIN" "L" -16 0 19.3166666666667 0.61 0.417 0 13.4 5.9 15 0 0 0 19 142 137 7.8 -1.4
"9" "9" 2016-11-11 29 "ORL" "" "UTA" "L" -13 0 24.3833333333333 0.779 0.75 0 0 0 41.6 0 0 19.7 30.4 124 111 12.7 9.7
"10" "10" 2016-11-13 29.01 "ORL" "@" "OKC" "W" 2 0 14.55 0.785 0.7 0 7.9 4.1 0 0 0 11.6 27.5 140 126 8.2 0
"11" "11" 2016-11-14 29.01 "ORL" "@" "IND" "L" -19 0 16.2666666666667 0.51 0.5 0 0 0 14 0 0 14.5 19.6 91 101 2.2 -2.9
"12" "12" 2016-11-16 29.02 "ORL" "" "NOP" "W" 7 0 18.4166666666667 0.506 0.45 0 5.7 2.7 11.1 2.8 0 15.5 31 90 90 5.6 -0.6
"13" "13" 2016-11-19 29.02 "ORL" "" "DAL" "W" 8 0 29.7833333333333 0.705 0.636 0 7.2 3.8 39.7 0 0 19 23.8 127 101 14.1 5.7
"14" "14" 2016-11-21 29.03 "ORL" "@" "MIL" "L" -4 0 12.7166666666667 0.145 0 9.4 14.8 12.4 35.4 0 0 22.5 30 49 99 -1.6 -18.2
"15" "15" 2016-11-23 29.04 "ORL" "" "PHO" "L" -5 0 20.45 0.581 0.556 0 12 5.3 19.9 0 0 16.2 25.8 101 105 5.7 -2
"16" "16" 2016-11-25 29.04 "ORL" "" "WAS" "L" -3 0 26.1666666666667 0.424 0.389 0 0 0 24.9 0 0 17.5 19.5 91 109 2.5 -7.5
"17" "17" 2016-11-27 29.05 "ORL" "" "MIL" "L" -8 1 25.3333333333333 0.786 0.786 0 8.2 3.8 33.2 0 0 0 12.5 163 116 12.2 5.2
"18" "18" 2016-11-29 29.05 "ORL" "@" "SAS" "W" 12 1 24.6666666666667 0.509 0.417 4.4 14.2 9.2 27.7 4.2 0 12.7 14.7 115 88 9.7 7
"19" "19" 2016-12-01 29.06 "ORL" "@" "MEM" "L" -1 1 19.0166666666667 0.509 0.5 0 5.9 3.1 18.1 2.7 0 30.4 23.8 77 104 1.3 -7.8
"20" "20" 2016-12-02 29.06 "ORL" "@" "PHI" "W" 17 1 21.8666666666667 0.75 0.75 0 12 7.1 28.9 0 0 14.3 15.5 136 103 7.5 1.9
"21" "21" 2016-12-04 29.07 "ORL" "@" "DET" "W" 6 1 25.1666666666667 0.75 0.75 0 12.7 6.9 17.6 0 0 11.1 18 132 107 9.6 0.1
"22" "22" 2016-12-06 29.07 "ORL" "@" "WAS" "W" 8 1 20.1666666666667 0.556 0.5 0 5.3 2.8 12.4 2.4 0 0 15.6 127 119 7.2 -1.9
"23" "23" 2016-12-07 29.07 "ORL" "" "BOS" "L" -30 1 23.9 0.856 0.857 0 5 2.3 18.3 0 0 10.2 18.9 145 131 10.4 5
"24" "24" 2016-12-09 29.08 "ORL" "@" "CHO" "L" -21 1 19.1666666666667 0.4 0.4 0 11.4 5.1 9.5 5.4 0 0 23.8 82 109 4.7 -0.9
"25" "25" 2016-12-10 29.08 "ORL" "" "DEN" "L" -8 1 23.7833333333333 0.563 0.5 0 5.8 2.7 38.2 2.1 0 0 17.3 135 128 10.6 2.3
"26" "26" 2016-12-13 29.09 "ORL" "@" "ATL" "W" 11 1 14.8333333333333 0.375 0.375 0 0 0 20.3 0 0 0 12.4 109 133 2.3 -9.6
"27" "27" 2016-12-14 29.09 "ORL" "" "LAC" "L" -5 1 30.45 0.3 0.3 0 4.6 1.9 11.7 1.7 0 0 7.4 95 124 2.5 -7.7
"28" "28" 2016-12-16 29.1 "ORL" "" "BRK" "W" 7 1 27.1666666666667 0.555 0.5 0 21 9.4 24.9 1.7 0 16.4 26.4 101 109 11.5 -1.4
"29" "29" 2016-12-18 29.1 "ORL" "" "TOR" "L" -30 1 13.25 0 0 7.7 17.3 12.2 21.3 7.7 0 20 17.1 29 101 -0.3 -7.7
"30" "30" 2016-12-20 29.11 "ORL" "@" "MIA" "W" 6 1 26.4 0.339 0.278 0 4.4 2.3 27.7 0 0 8.8 19.2 87 115 3.8 -6.6
"31" "31" 2016-12-22 29.12 "ORL" "@" "NYK" "L" -11 1 19.95 0.25 0.25 0 14.7 7.8 19.7 0 0 20 10.6 66 112 1.6 -9.7
"32" "32" 2016-12-23 29.12 "ORL" "" "LAL" "W" 19 1 18.1833333333333 1.1 1.1 6.4 5.1 5.7 23 0 0 44.4 21.8 115 102 7 1.2
"33" "33" 2016-12-26 29.13 "ORL" "" "MEM" "W" 10 1 19.9 0.625 0.625 0 0 0 49.2 2.6 0 11.1 21.3 136 112 10.1 9
"34" "34" 2016-12-28 29.13 "ORL" "" "CHO" "L" -19 1 15.55 0.595 0.5 0 0 0 25.8 0 0 33.8 26.5 90 137 3 -11.6
"35" "35" 2017-01-01 29.14 "ORL" "@" "IND" "L" -13 1 14.7 0.417 0.417 0 0 0 27.6 3.3 0 14.3 20.4 88 120 3.3 -3.7
"36" "36" 2017-01-02 29.15 "ORL" "@" "NYK" "W" 12 1 13.5333333333333 0.75 0.75 0 0 0 18.7 3.8 0 0 13 161 113 6 6.4
"37" "37" 2017-01-04 29.15 "ORL" "" "ATL" "L" -19 0 13.3 0.75 0.75 0 21.9 9.1 12.1 0 0 0 13.4 153 122 5.3 4.1
"38" "38" 2017-01-06 29.16 "ORL" "" "HOU" "L" -7 0 28.7833333333333 0.848 0.778 0 4 1.8 11.2 1.8 0 15.2 19.7 152 114 14.6 10.1
"39" "39" 2017-01-08 29.16 "ORL" "@" "LAL" "L" -16 0 28.2333333333333 0.387 0.25 0 20.2 8.4 42.1 0 0 11.4 12.3 106 111 7.1 -2.9
"40" "40" 2017-01-11 29.17 "ORL" "@" "LAC" "L" -9 0 27.2333333333333 0.339 0.222 3.8 4.6 4.2 14.9 0 0 0 16.1 87 111 4.2 -6.1
"41" "41" 2017-01-13 29.18 "ORL" "@" "POR" "W" 6 0 17.15 0.778 0.643 0 5.8 3.2 18.8 0 0 0 24.7 169 117 13.4 10.7
"42" "42" 2017-01-14 29.18 "ORL" "@" "UTA" "L" -7 0 12.45 0 0 0 18.4 9.2 10.1 3.9 0 0 14.3 17 109 -1.7 -16.8
"43" "43" 2017-01-16 29.18 "ORL" "@" "DEN" "L" -13 0 19.2166666666667 0.788 0.75 0 6.9 3.4 23 0 0 0 20.2 162 130 12.8 8.8
"44" "44" 2017-01-18 29.19 "ORL" "@" "NOP" "L" -20 0 33.9666666666667 0.357 0.357 0 5.8 3.1 8.5 0 0 22.2 22.9 59 121 -0.6 -15.2
"45" "45" 2017-01-20 29.19 "ORL" "" "MIL" "W" 16 0 27.95 0.465 0.389 0 7 3.7 39.4 0 0 8.5 18.4 118 111 9.3 -1.1
"46" "46" 2017-01-22 29.2 "ORL" "" "GSW" "L" -20 0 4.8 0 0 0 23.8 10.8 23.8 0 0 0 17.4 28 121 -0.4 -16.6
"47" "" 2017-01-24 29.21 "ORL" "" "CHI" "L" -8 NA NA NA NA NA NA NA NA NA NA NA NA NA NA NA NA
"48" "47" 2017-01-27 29.21 "ORL" "@" "BOS" "L" -30 0 17.8666666666667 0.347 0.333 0 7.1 3.2 32.9 0 0 10.4 24.5 79 137 2.3 -14.8
"49" "48" 2017-01-29 29.22 "ORL" "@" "TOR" "W" 1 0 28.8666666666667 0.861 0.85 0 8.5 4.4 16.4 1.8 0 14.1 23 144 122 16.9 7
"50" "49" 2017-01-30 29.22 "ORL" "@" "MIN" "L" -6 0 22.55 0.278 0.278 0 5.1 2.4 19.4 0 0 10 20.4 67 116 0.9 -11
"51" "50" 2017-02-01 29.23 "ORL" "" "IND" "L" -10 0 20.85 0.644 0.583 5.8 0 3.2 19.1 2.5 0 27.9 24 99 111 6.3 -0.1
"52" "51" 2017-02-03 29.23 "ORL" "" "TOR" "W" 8 0 16.3833333333333 0.357 0 7 0 3.3 15.8 0 0 19.2 14.5 87 113 1.5 -8.7
"53" "52" 2017-02-04 29.24 "ORL" "@" "ATL" "L" -27 0 28.1 0.45 0.375 0 4.7 2.1 21.7 1.8 3.4 10.1 16.3 91 122 5.5 -3.5
"54" "53" 2017-02-07 29.24 "ORL" "@" "HOU" "L" -24 0 23.7 0.535 0.3 4.8 8.6 6.8 15.2 0 0 8.9 20.3 118 132 8.7 -2.7
"55" "54" 2017-02-09 29.25 "ORL" "" "PHI" "L" -1 0 24.0333333333333 0.765 0.8 0 11.3 6.5 17.1 0 0 0 10.2 158 110 9.3 2.5
"56" "55" 2017-02-11 29.25 "ORL" "@" "DAL" "L" -32 0 25.5833333333333 0.255 0.2 3.8 13.7 8.2 6.2 2 0 14.5 12.4 59 122 1 -12.3
"57" "56" 2017-02-13 29.26 "ORL" "@" "MIA" "W" 9 0 14.7666666666667 0.375 0.375 0 7.6 3.7 8 0 0 20 13.9 76 113 -0.2 -11
"58" "57" 2017-02-15 29.27 "ORL" "" "SAS" "L" -28 0 20.0833333333333 0.564 0.625 0 6.1 2.9 9.5 0 0 27.3 17.3 80 120 2.2 -6.4
"59" "58" 2017-02-23 29.29 "ORL" "" "POR" "L" -9 0 25.6666666666667 0.444 0.357 0 0 0 12.4 1.9 0 20.2 15.8 83 115 2.5 -8.2
"60" "59" 2017-02-25 29.29 "ORL" "" "ATL" "W" 19 0 20.8833333333333 0.667 0.667 0 0 0 15.3 0 0 0 13.2 136 101 6.4 1.2
"61" "60" 2017-03-01 29.3 "ORL" "" "NYK" "L" -11 0 26.8333333333333 0.735 0.625 3.9 11.4 7.7 6.7 0 0 0 17.4 159 113 12.5 7.6
"62" "61" 2017-03-03 29.31 "ORL" "" "MIA" "W" 11 0 21.2 0.45 0.375 5.5 8.7 7.3 11.2 0 0 18.4 22.9 87 111 3.5 -8.3
"63" "62" 2017-03-05 29.32 "ORL" "@" "WAS" "L" -1 0 18.4333333333333 1 1 0 6.5 3.2 28.8 0 0 0 9.4 215 131 9.5 9.9
"64" "63" 2017-03-06 29.32 "ORL" "" "NYK" "L" -8 0 13.3333333333333 0.41 0.375 8.2 0 4.1 29.7 0 0 17 19.5 99 128 1.8 -8.8
"65" "64" 2017-03-08 29.32 "ORL" "" "CHI" "W" 7 0 12.3166666666667 0.583 0.583 0 0 0 0 0 0 0 21.8 119 111 3.6 -3.2
"66" "65" 2017-03-10 29.33 "ORL" "@" "CHO" "L" -40 0 12.5333333333333 0.647 0 0 13.2 5.2 12.4 0 0 0 9.3 152 143 2.9 -7
"67" "66" 2017-03-11 29.33 "ORL" "" "CLE" "L" -12 0 12.1333333333333 0.388 0.333 0 8.4 3.8 26.3 0 0 0 22.5 95 125 2.9 -5.7
"68" "67" 2017-03-13 29.34 "ORL" "@" "SAC" "L" -5 0 14.3166666666667 0.254 0.143 0 18.1 7.9 32.2 0 0 11.3 25.8 72 122 1.9 -15.4
"69" "68" 2017-03-16 29.35 "ORL" "@" "GSW" "L" -30 0 19.5166666666667 0.402 0.222 0 6.1 2.6 16.4 4.8 0 0 22.5 102 114 6.4 0.2
"70" "69" 2017-03-17 29.35 "ORL" "@" "PHO" "W" 6 0 16.3833333333333 0.615 0.563 0 6.2 3.2 0 0 0 9.3 26.9 111 107 5.7 -3.5
"71" "70" 2017-03-20 29.36 "ORL" "" "PHI" "W" 3 0 18.3333333333333 0.425 0.3 5.4 10.7 8 9 2.6 0 25.4 17.2 77 98 2.9 -4.3
"72" "71" 2017-03-22 29.36 "ORL" "" "CHO" "L" -7 0 14.5 0.551 0.5 0 7.9 3.8 19.8 0 0 15.5 20 109 124 3.6 -5.6
"73" "72" 2017-03-24 29.37 "ORL" "" "DET" "W" 28 0 13.3666666666667 0.5 0.5 0 13.6 7.4 16.5 0 0 0 10.1 118 93 3.3 -2.1
"74" "73" 2017-03-27 29.38 "ORL" "@" "TOR" "L" -19 0 14.7166666666667 0.45 0.375 7.8 19.2 12.9 9.8 0 0 18.4 31.9 84 133 3.2 -13.4
"75" "74" 2017-03-29 29.38 "ORL" "" "OKC" "L" -8 0 15.05 0.592 0.4 0 13.3 6.4 22 3.2 0 30.7 28 89 103 4.9 -3.7
"76" "" 2017-03-31 29.39 "ORL" "@" "BOS" "L" -1 NA NA NA NA NA NA NA NA NA NA NA NA NA NA NA NA
"77" "75" 2017-04-01 29.39 "ORL" "@" "BRK" "L" -10 0 15.7333333333333 0.5 0.5 0 7.6 3.5 15.7 3.1 0 44.4 24.6 62 120 1 -12.9
"78" "" 2017-04-04 29.4 "ORL" "@" "CLE" "L" -20 NA NA NA NA NA NA NA NA NA NA NA NA NA NA NA NA
"79" "76" 2017-04-06 29.4 "ORL" "" "BRK" "W" 8 0 15.35 0.282 0.188 7.6 6.8 7.2 0 3.1 0 10.1 27 64 106 0.4 -15.1
"80" "" 2017-04-08 29.41 "ORL" "" "IND" "L" -15 NA NA NA NA NA NA NA NA NA NA NA NA NA NA NA NA
"81" "77" 2017-04-10 29.41 "ORL" "@" "CHI" "L" -47 0 23.4 0.253 0.222 0 5.3 2.3 16.5 0 0 23.3 24.7 45 134 -3 -20
"82" "78" 2017-04-12 29.42 "ORL" "" "DET" "W" 4 0 16.8666666666667 0 0 0 9.2 5.5 27.1 0 0 50 5.4 85 113 1.3 -8.9
"1" "1" 2017-10-18 29.94 "ORL" "" "MIA" "W" 7 0 16.2833333333333 0.565 0.5 6.7 17.7 12.5 15.9 0 0 24.4 20.7 101 108 4.8 -6.1
"2" "2" 2017-10-20 29.94 "ORL" "@" "BRK" "L" -5 0 23.15 0.85 0.8 4.9 4.5 4.7 26.7 1.9 0 25.4 13.9 144 120 10 1.7
"3" "3" 2017-10-21 29.95 "ORL" "@" "CLE" "W" 21 1 26.9666666666667 0.872 0.917 0 14.5 7.6 54.1 1.8 0 12.7 12.7 173 96 16.4 13.5
"4" "4" 2017-10-24 29.95 "ORL" "" "BRK" "W" 4 1 28.9666666666667 0.825 0.688 0 3.2 1.8 30.4 4.7 0 20.7 21.6 141 112 18.3 6.9
"5" "5" 2017-10-27 29.96 "ORL" "" "SAS" "W" 27 1 24.4666666666667 0.7 0.7 0 10.5 6.3 28 4 0 0 9.2 166 87 10.6 8.9
"6" "6" 2017-10-29 29.97 "ORL" "@" "CHO" "L" -7 1 23.2833333333333 0 0 0 0 0 25.1 0 0 0 12.1 39 120 -1.8 -16.6
"7" "7" 2017-10-30 29.97 "ORL" "@" "NOP" "W" 16 1 23.0166666666667 0.444 0.2 0 4.5 2.4 20.4 6.2 0 12.9 14.9 106 91 8 1.9
"8" "8" 2017-11-01 29.98 "ORL" "@" "MEM" "W" 2 1 13.9 0.727 0.667 0 9.3 5 33.3 3.6 0 22.5 14.6 133 102 5.7 3.6
"9" "" 2017-11-03 29.98 "ORL" "" "CHI" "L" -22 NA NA NA NA NA NA NA NA NA NA NA NA NA NA NA NA
"10" "" 2017-11-05 29.99 "ORL" "" "BOS" "L" -16 NA NA NA NA NA NA NA NA NA NA NA NA NA NA NA NA
"11" "" 2017-11-08 29.99 "ORL" "" "NYK" "W" 13 NA NA NA NA NA NA NA NA NA NA NA NA NA NA NA NA
"12" "" 2017-11-10 30 "ORL" "@" "PHO" "W" 16 NA NA NA NA NA NA NA NA NA NA NA NA NA NA NA NA
"13" "" 2017-11-11 30 "ORL" "@" "DEN" "L" -18 NA NA NA NA NA NA NA NA NA NA NA NA NA NA NA NA
"14" "" 2017-11-13 30.01 "ORL" "@" "GSW" "L" -10 NA NA NA NA NA NA NA NA NA NA NA NA NA NA NA NA
"15" "" 2017-11-15 30.01 "ORL" "@" "POR" "L" -5 NA NA NA NA NA NA NA NA NA NA NA NA NA NA NA NA
"16" "9" 2017-11-18 30.02 "ORL" "" "UTA" "L" -40 0 17.1 0 0 0 5.7 2.8 9.1 0 0 40 13.1 10 137 -3.5 -23.1
"17" "10" 2017-11-20 30.03 "ORL" "" "IND" "L" -8 0 22.9166666666667 0.551 0.417 0 17.8 8.5 27.2 0 0 35.5 25.4 83 106 4.4 -7.5
"18" "11" 2017-11-22 30.03 "ORL" "@" "MIN" "L" -6 0 12.7666666666667 0.872 0.833 0 16 8.7 29.3 0 0 0 11.3 187 123 6.2 4.8
"19" "12" 2017-11-24 30.04 "ORL" "@" "BOS" "L" -15 0 12.85 0.75 0.75 0 7.8 3.9 25.1 0 0 42.9 22.7 86 131 3.1 -8.2
"20" "13" 2017-11-25 30.04 "ORL" "@" "PHI" "L" -19 0 17.4333333333333 0.67 0.65 0 0 0 10.9 0 0 8.7 29 115 137 8.3 -0.2
"21" "14" 2017-11-27 30.05 "ORL" "@" "IND" "L" -12 0 21.7833333333333 0.751 0.75 0 6.7 2.8 28.3 0 0 21.5 18.2 128 132 8.3 -0.6
"22" "15" 2017-11-29 30.05 "ORL" "" "OKC" "W" 13 0 17.0833333333333 0.935 1 9.7 0 3.3 25 2.9 0 0 16.4 188 117 12.1 13.2
"23" "16" 2017-12-01 30.06 "ORL" "" "GSW" "L" -21 0 17.6833333333333 0.667 0.667 11.3 0 7.1 17.8 2.6 0 25 27.6 106 130 7.7 1.1
"24" "17" 2017-12-03 30.06 "ORL" "@" "NYK" "W" 5 0 15.8833333333333 0.3 0.3 0 6.9 3.5 0 0 0 16.7 17.3 51 110 -1.2 -16.5
"25" "18" 2017-12-04 30.07 "ORL" "@" "CHO" "L" -10 0 16.15 1.25 1.333 0 32.3 16.2 21.9 2.9 0 36.6 22.5 144 95 13 16.9
"26" "19" 2017-12-06 30.07 "ORL" "" "ATL" "W" 4 0 21.8 0.654 0.583 0 4.9 2.4 12.6 0 0 22.5 17.7 110 109 4.9 -4
"27" "20" 2017-12-08 30.08 "ORL" "" "DEN" "L" -14 0 24.85 0.387 0.167 0 5.2 2.2 12.4 2 0 11.4 15.8 84 110 3.1 -8.6
"28" "21" 2017-12-09 30.08 "ORL" "@" "ATL" "L" -7 0 26.9666666666667 0.429 0.313 0 9.4 4.5 30.1 5.7 0 0 15.4 124 118 11.3 1.3
"29" "22" 2017-12-13 30.09 "ORL" "" "LAC" "L" -11 0 17.9666666666667 0.509 0.5 0 0 0 8.4 0 0 22.5 21.7 77 116 1.5 -10.5
"30" "23" 2017-12-15 30.1 "ORL" "" "POR" "L" -7 0 28.1166666666667 0.643 0.6 0 11.9 5.7 27.1 1.7 0 15.5 20.5 116 98 10.5 6.4
"31" "24" 2017-12-17 30.1 "ORL" "@" "DET" "L" -4 0 29.9666666666667 0.497 0.333 0 4.1 2 4.2 0 0 19.9 22.3 87 122 2.1 -14.6
"32" "25" 2017-12-20 30.11 "ORL" "@" "CHI" "L" -18 0 28.4 0.854 0.75 0 0 0 5.6 5.3 0 26.8 17.5 117 111 11.3 3.9
"33" "26" 2017-12-22 30.12 "ORL" "" "NOP" "L" -14 1 29.5666666666667 0.231 0 3.5 7.9 5.5 4.5 0 0 18.8 7.7 60 118 0.5 -10.9
"34" "27" 2017-12-23 30.12 "ORL" "@" "WAS" "L" -27 0 24 0.5 0.5 0 11.1 5.2 11.8 0 0 0 16.9 106 136 5.9 -6.4
"35" "28" 2017-12-26 30.13 "ORL" "@" "MIA" "L" -18 0 15.85 0.514 0.357 0 6.3 3.2 33.7 3.2 0 10.2 27.4 109 113 6.9 4.8
"36" "29" 2017-12-28 30.13 "ORL" "" "DET" "W" 13 0 13.2833333333333 0.625 0.625 0 0 0 24.3 3.7 0 20 16.8 110 94 4.4 4.1
"37" "30" 2017-12-30 30.14 "ORL" "" "MIA" "L" -6 0 12.75 0.625 0.625 0 0 0 10.3 8.4 0 0 15.1 131 119 5.3 5.3
"38" "31" 2018-01-01 30.14 "ORL" "@" "BRK" "L" -3 0 15.9666666666667 0.255 0.2 0 7 2.9 18.8 0 0 14.5 17.4 61 110 -0.2 -12.5
"39" "32" 2018-01-03 30.15 "ORL" "" "HOU" "L" -18 0 9.38333333333333 0.436 0.333 0 0 0 0 0 0 0 15.4 93 121 1.3 -8.4
"40" "33" 2018-01-06 30.16 "ORL" "" "CLE" "L" -4 0 25 0.571 0.571 4.3 0 2.1 31.1 1.8 0 0 11.9 153 123 10.7 4.5
"41" "34" 2018-01-09 30.16 "ORL" "@" "DAL" "L" -15 0 23.4666666666667 0.922 0.875 0 11.1 5.2 39.7 0 0 17 23.7 151 129 16.1 12.7
"42" "35" 2018-01-10 30.17 "ORL" "@" "MIL" "L" -7 0 18.0166666666667 0.2 0.2 6.1 14.4 9.9 31.6 0 0 0 25.2 68 120 1.5 -13.2
"43" "36" 2018-01-12 30.17 "ORL" "@" "WAS" "L" -6 0 9.73333333333333 0.568 NA 0 11.7 6.1 36.1 5.1 0 53.2 8.5 109 122 3 0.4
"44" "37" 2018-01-16 30.18 "ORL" "" "MIN" "W" 6 0 23.75 0.804 0.778 4.9 21.5 13.8 43.5 0 0 8.2 21.6 165 111 19.1 16.8
"45" "38" 2018-01-18 30.19 "ORL" "@" "CLE" "L" -1 0 17.5333333333333 0.129 0 6.7 0 3.1 20 2.7 0 34 14.5 52 109 -0.1 -13
"46" "39" 2018-01-21 30.2 "ORL" "@" "BOS" "W" 8 0 13.5666666666667 0.683 0.583 15.4 8.4 12.1 10.9 0 0 12 27 136 111 8 7.9
"47" "40" 2018-01-23 30.2 "ORL" "" "SAC" "L" -6 0 16.3166666666667 0.727 0.667 6.7 7.4 7 32.5 6.2 0 12.7 21.4 141 105 11.1 15.7
"48" "41" 2018-01-27 30.21 "ORL" "@" "IND" "L" -2 0 19.85 1 1 0 13.4 6.2 13.9 0 0 33.3 13.8 126 128 6.4 0
"49" "42" 2018-01-30 30.22 "ORL" "@" "HOU" "L" -7 0 28.2166666666667 0.574 0.55 0 15 7 19.3 0 0 8.1 21.5 117 131 9.9 -2
"50" "43" 2018-01-31 30.22 "ORL" "" "LAL" "W" 22 0 21.0333333333333 0.545 0.545 6.3 16.3 11.7 21 6.8 0 15.4 27.5 102 97 11 3
"51" "44" 2018-02-03 30.23 "ORL" "" "WAS" "L" -17 0 25.4833333333333 0.654 0.5 5.2 5.1 5.2 12.5 2 0 20.7 17 120 128 7.9 -3.8
"52" "45" 2018-02-05 30.24 "ORL" "@" "MIA" "W" 2 0 22.8333333333333 0.673 0.682 5.1 0 2.3 22.2 2.1 0 0 24.2 138 116 12.9 6.9
"53" "46" 2018-02-06 30.24 "ORL" "" "CLE" "W" 18 0 24.5333333333333 0.45 0.375 0 8.3 4.6 14.6 2 0 10.1 17.3 102 105 6.3 -5.6
"54" "47" 2018-02-08 30.25 "ORL" "" "ATL" "W" 2 1 35.1333333333333 0.541 0.429 3 7.4 5 42.2 2.8 0 0 21.3 132 104 19 7.8
"55" "48" 2018-02-10 30.25 "ORL" "" "MIL" "L" -7 1 23.4333333333333 0.546 0.286 4.8 15.8 10 31.1 0 0 9 21.3 126 123 11 -0.5
"56" "49" 2018-02-12 30.26 "ORL" "@" "CHI" "L" -4 1 22.15 0.363 0.25 0 10.1 5.1 18.7 0 0 22.5 19 73 120 1.9 -14.4
"57" "50" 2018-02-14 30.26 "ORL" "" "CHO" "L" -2 1 30.6666666666667 0.673 0.636 0 3.3 1.7 22.2 1.6 0 25.2 21.9 105 107 9.6 0.7
"58" "51" 2018-02-22 30.28 "ORL" "" "NYK" "L" -7 1 27.1166666666667 0.742 0.643 0 7.1 4.1 18.8 0 0 10.2 16.3 141 128 10.9 -1.2
"59" "52" 2018-02-24 30.29 "ORL" "@" "PHI" "L" -11 1 22.7166666666667 0.571 0.571 0 5.9 2.7 13.3 0 0 0 14.2 117 128 5.6 -4.9
"60" "53" 2018-02-26 30.3 "ORL" "@" "OKC" "L" -7 1 33.45 0.833 0.833 0 14 6.8 38.8 4.3 0 45.5 14.4 108 111 12.1 1.4
"61" "54" 2018-02-28 30.3 "ORL" "" "TOR" "L" -13 1 29.25 0.55 0.55 0 16 7.8 30.4 0 0 16.7 18.7 106 125 8.6 -3.1
"62" "55" 2018-03-02 30.31 "ORL" "" "DET" "W" 9 1 41 0.98 1 7 7.6 7.3 32.1 0 0 22.7 15.5 156 111 20.4 7
"63" "56" 2018-03-03 30.31 "ORL" "" "MEM" "W" 7 1 29.0333333333333 0.913 0.857 0 9.5 5.5 29.8 0 0 10.2 16.1 170 110 15.7 5.7
"64" "57" 2018-03-05 30.32 "ORL" "@" "UTA" "L" -14 1 28.9666666666667 0.833 0.833 0 4.6 2 37 1.8 0 40 15.8 101 105 8.2 1.7
"65" "58" 2018-03-07 30.32 "ORL" "@" "LAL" "L" -1 1 30.8 0.414 0.35 0 3.7 1.9 33.4 0 0 15.5 18.5 99 115 7.1 -6.1
"66" "59" 2018-03-09 30.33 "ORL" "@" "SAC" "L" -6 1 28.3 0.667 0.667 0 8.1 4 45.3 0 0 10 17.1 133 111 10.6 4.8
"67" "60" 2018-03-10 30.33 "ORL" "@" "LAC" "L" -8 1 29 0.681 0.55 0 5.2 2.2 5.6 0 0 22.3 27.1 108 126 10.2 -5.8
"68" "61" 2018-03-13 30.34 "ORL" "@" "SAS" "L" -36 1 25.1333333333333 0.571 0.5 0 4.4 2.1 51.5 2 0 27.6 19.6 98 117 7.4 0.9
"69" "62" 2018-03-14 30.34 "ORL" "" "MIL" "W" 9 1 36.15 0.864 0.8 3.6 6.3 5 16.6 2.6 0 13.9 25 150 116 27.4 9.4
"70" "63" 2018-03-16 30.35 "ORL" "" "BOS" "L" -9 1 30.0166666666667 0.547 0.5 0 9.8 5 24.6 3.3 0 7.8 19.3 110 98 11.2 3.7
"71" "64" 2018-03-20 30.36 "ORL" "" "TOR" "L" -7 1 35.2 0.5 0.5 0 10 4.5 43.2 0 0 18.2 14.4 109 110 9.4 -3.5
"72" "65" 2018-03-22 30.36 "ORL" "" "PHI" "L" -20 1 25.8166666666667 0.279 0.278 3.6 4.2 3.9 22.3 0 0 8.5 19.8 70 124 1.7 -12.7
"73" "66" 2018-03-24 30.37 "ORL" "" "PHO" "W" 6 1 36.7666666666667 0.856 0.786 5.8 18.3 12.4 42.8 0 0 36.3 15.6 126 104 16.8 -0.2
"74" "67" 2018-03-28 30.38 "ORL" "" "BRK" "L" -7 1 31.9 0.595 0.55 3.1 0 1.6 13.3 1.6 0 7.8 17.8 121 124 9.8 -1.9
"75" "68" 2018-03-30 30.38 "ORL" "" "CHI" "L" -8 1 31.6666666666667 0.444 0.406 2.8 16.8 9.8 27.7 3.1 0 10.6 25.5 91 92 11.5 2.4
"76" "69" 2018-04-01 30.39 "ORL" "@" "ATL" "L" -6 1 36.85 0.653 0.607 4.5 18.6 9.8 17.3 0 0 0 18.7 139 107 17.2 2
"77" "70" 2018-04-03 30.39 "ORL" "@" "NYK" "W" 24 1 20.1833333333333 0.654 0.583 5.2 0 2.5 39.8 2.6 0 12.7 17.5 135 83 10.2 8.5
"78" "71" 2018-04-04 30.4 "ORL" "" "DAL" "W" 5 1 18.4833333333333 0.508 0.429 0 11.3 5.8 7.7 0 0 11.3 20.8 99 111 3.8 -9
"79" "72" 2018-04-06 30.4 "ORL" "" "CHO" "L" -37 1 18.3 0.707 0.692 0 7.9 3 25 0 0 0 32.7 138 149 14.8 11.7
"80" "73" 2018-04-08 30.41 "ORL" "@" "TOR" "L" -11 1 21.0666666666667 0.483 0.375 4.8 10.8 7.7 19.4 0 0 24.4 26.4 86 121 5 -10.5
"81" "74" 2018-04-09 30.41 "ORL" "@" "MIL" "L" -16 1 29.6333333333333 0.509 0.5 0 3.2 1.6 47.4 1.6 0 50.4 20.5 68 105 3 -7.9
"82" "75" 2018-04-11 30.42 "ORL" "" "WAS" "W" 9 1 12 1.167 1.167 0 0 0 19 0 0 0 11.4 234 109 6.8 10.4
"1" "1" 2018-10-17 30.93 "ORL" "" "MIA" "W" 3 1 22.2666666666667 0.506 0.45 0 4.2 2.1 14.2 2.1 0 0 19.6 116 102 7.9 1.8
"2" "2" 2018-10-19 30.94 "ORL" "" "CHO" "L" -32 1 20.9 0.2 0.2 4.2 0 2.3 13.6 0 0 28.6 14 48 129 -1 -16.7
"3" "3" 2018-10-20 30.94 "ORL" "@" "PHI" "L" -1 1 34.5333333333333 0.489 0.286 3 5.8 4.4 32.7 0 0 17.9 13.7 124 130 10.5 -6.3
"4" "4" 2018-10-22 30.95 "ORL" "@" "BOS" "W" 3 1 29.7166666666667 0.36 0.346 0 9.7 4.8 48.7 0 0 12.6 24.1 86 99 7.2 -0.2
"5" "5" 2018-10-25 30.96 "ORL" "" "POR" "L" -14 1 26.9166666666667 1.014 1 0 4.3 2.1 14.2 1.9 0 18.4 8.9 161 136 8.2 -1.3
"6" "6" 2018-10-27 30.96 "ORL" "@" "MIL" "L" -22 1 21.6 0.611 0.611 0 6.2 2.3 36.9 0 0 0 16.7 129 115 9.4 5.7
"7" "7" 2018-10-30 30.97 "ORL" "" "SAC" "L" -8 1 26.6166666666667 0.508 0.429 6.7 8 7.3 16.7 1.8 0 11.3 13.7 110 108 6.8 -3.3
"8" "8" 2018-11-02 30.98 "ORL" "" "LAC" "L" -25 1 27 0.597 0.55 7.4 12.7 9.9 17.1 0 0 0 17.8 133 125 12.4 2.5
"9" "9" 2018-11-04 30.98 "ORL" "@" "SAS" "W" 7 1 32.5166666666667 0.712 0.65 10.1 7 8.6 27.8 0 0 7.3 18.8 155 123 18.4 4.8
"10" "10" 2018-11-05 30.99 "ORL" "" "CLE" "W" 2 1 26.6166666666667 0.931 0.75 0 4.7 2.2 19.4 3.8 0 34.7 9.6 137 106 8.7 0.5
"11" "11" 2018-11-07 30.99 "ORL" "" "DET" "L" -7 1 30.9833333333333 0.766 0.75 3.6 6.6 5.2 35.3 0 0 0 14.6 161 110 17.6 8.2
"12" "12" 2018-11-09 31 "ORL" "" "WAS" "W" 9 1 25.0666666666667 0.72 0.6 0 10.4 5 19.1 1.9 0 20.7 16.9 131 111 10.3 1.1
"13" "13" 2018-11-11 31 "ORL" "@" "NYK" "W" 26 1 23.7 0.643 0.643 0 7.4 3.8 10.7 5.9 0 12.5 14.2 112 83 9.3 4.1
"14" "14" 2018-11-12 31.01 "ORL" "@" "WAS" "L" -8 1 31.35 0.718 0.75 0 4.6 2 18.1 0 0 8.7 16.5 132 130 10.9 -1.8
"15" "15" 2018-11-14 31.01 "ORL" "" "PHI" "W" 5 1 31.1666666666667 0.273 0.167 0 0 0 36 0 0 0 11.3 110 122 5.7 -5.4
"16" "16" 2018-11-17 31.02 "ORL" "" "LAL" "W" 13 1 27.1166666666667 0.982 0.944 0 4.7 2.2 32.9 0 0 15.2 20.1 172 120 20.9 11.6
"17" "17" 2018-11-18 31.02 "ORL" "" "NYK" "W" 14 1 27.65 0.968 1 0 11.6 6.8 28.4 0 0 24.4 12.9 158 123 11.8 0.1
"18" "18" 2018-11-20 31.03 "ORL" "" "TOR" "L" -2 1 26.1166666666667 0.417 0.417 0 8.4 4 30.3 0 0 0 10.4 113 101 5.7 -1.4
"19" "19" 2018-11-23 31.04 "ORL" "@" "DEN" "L" -25 1 24.1 0.34 0.3 0 4.4 2.3 26.5 0 0 14.5 13.7 78 124 2.2 -9.1
"20" "20" 2018-11-25 31.04 "ORL" "@" "LAL" "W" 4 1 29.05 0.636 0.611 7.2 12.1 9.5 44.1 0 0 9.6 15.4 141 107 15.3 5.9
"21" "21" 2018-11-26 31.04 "ORL" "@" "GSW" "L" -6 1 29.2166666666667 0.414 0.35 0 17.3 8.2 42.2 3.3 0 21.6 20.7 92 116 9.3 -2.7
"22" "22" 2018-11-28 31.05 "ORL" "@" "POR" "L" -3 1 22.9333333333333 0.727 0.667 0 0 0 29.3 0 0 0 14.2 158 129 10.1 3.1
"23" "23" 2018-11-30 31.05 "ORL" "@" "PHO" "W" 14 1 28.7333333333333 0.775 0.722 4.3 7.4 6 34.6 0 0 16.2 20.2 141 101 15.6 6.6
"24" "24" 2018-12-04 31.07 "ORL" "@" "MIA" "W" 15 1 28.1333333333333 0.446 0.364 0 7.1 3.8 25.9 0 0 14 23.1 99 107 5.8 -5.5
"25" "25" 2018-12-05 31.07 "ORL" "" "DEN" "L" -6 1 30.95 1 1 0 0 0 21.5 0 0 0 6.4 205 127 9.1 -0.2
"26" "26" 2018-12-07 31.07 "ORL" "" "IND" "L" -22 1 22.3333333333333 0.417 0.417 0 0 0 13.6 0 0 25 15.8 70 122 1 -10.8
"27" "27" 2018-12-10 31.08 "ORL" "@" "DAL" "L" -25 1 24.5666666666667 0.375 0.375 3.9 8.9 6.2 15 0 0 27.3 20.2 63 113 0.9 -12
"28" "28" 2018-12-13 31.09 "ORL" "" "CHI" "W" 6 1 32.6 0.768 0.688 0 29.4 13.6 10.5 0 0 9.3 14.7 142 101 12.7 1.8
"29" "29" 2018-12-15 31.1 "ORL" "" "UTA" "W" 7 1 34.2666666666667 0.619 0.625 0 5.1 3.1 24.7 0 0 31.1 17.6 95 103 5.9 -3.6
"30" "30" 2018-12-19 31.11 "ORL" "" "SAS" "L" -39 1 24.1166666666667 0.781 0.75 0 7.7 2.6 18 0 0 0 20.1 158 143 14.1 8.7
"31" "31" 2018-12-21 31.11 "ORL" "@" "CHI" "L" -10 1 33.8 0.372 0.222 2.6 6.6 4.4 11.3 0 0 21.8 18.7 70 111 1 -13.5
"32" "32" 2018-12-23 31.12 "ORL" "" "MIA" "L" -24 1 22.0166666666667 0.7 0.7 0 5.9 2.8 19.4 2.4 0 37.5 16.9 90 126 2.4 -7.9
"33" "33" 2018-12-26 31.13 "ORL" "" "PHO" "L" -2 1 41.35 0.615 0.528 2.8 3.1 2.9 22.8 3.6 0 12 26.5 124 115 22 5.6
"34" "34" 2018-12-28 31.13 "ORL" "" "TOR" "W" 29 1 24.9666666666667 0.924 0.857 0 3.1 1.9 33.5 0 0 9.8 16.7 177 98 16.8 12.9
"35" "35" 2018-12-30 31.14 "ORL" "" "DET" "W" 2 1 37.5833333333333 0.844 0.727 3 2.4 2.7 31.6 2.7 0 6.1 19.3 172 115 27.5 15.9
"36" "" 2018-12-31 31.14 "ORL" "@" "CHO" "L" -25 NA NA NA NA NA NA NA NA NA NA NA NA NA NA NA NA
"37" "36" 2019-01-02 31.15 "ORL" "@" "CHI" "W" 28 1 25.45 0.635 0.643 0 9 5.2 31 2 0 20.2 19.2 118 93 9.7 0.1
"38" "37" 2019-01-04 31.15 "ORL" "@" "MIN" "L" -17 1 31.3833333333333 0.444 0.444 3.1 7.6 5.2 24.5 1.5 0 18.2 15.7 93 123 6.6 -6.4
"39" "38" 2019-01-06 31.16 "ORL" "@" "LAC" "L" -10 1 24.95 0.661 0.5 0 0 0 21.2 3.9 0 0 15.4 149 109 12.7 5.9
"40" "39" 2019-01-07 31.16 "ORL" "@" "SAC" "L" -16 1 19.4 0.387 0.167 0 9.9 4.8 8.4 2.3 0 11.4 19.1 76 105 3.1 -7.4
"41" "40" 2019-01-09 31.16 "ORL" "@" "UTA" "L" -13 1 29.7333333333333 0.817 0.773 10.3 0 5.7 44.6 0 0 22.1 28.4 138 116 20 12.7
"42" "41" 2019-01-12 31.17 "ORL" "" "BOS" "W" 2 1 26.8166666666667 0.543 0.5 0 0 0 5.5 1.8 0 31.8 15.4 75 107 0.7 -8.4
"43" "42" 2019-01-13 31.18 "ORL" "" "HOU" "W" 7 1 30.7166666666667 0.571 0.5 0 14.9 7.5 12.9 1.7 0 11.3 12.8 118 115 8.2 -2.5
"44" "43" 2019-01-16 31.18 "ORL" "@" "DET" "L" -5 1 32.2666666666667 0.542 0.542 4 7.6 5.9 31 0 0 0 17.8 133 129 12.8 0.5
"45" "44" 2019-01-18 31.19 "ORL" "" "BRK" "L" -2 1 27.5333333333333 0.781 0.8 0 3.8 1.9 20 0 0 26.9 22.9 113 123 10.3 -3
"46" "45" 2019-01-19 31.19 "ORL" "" "MIL" "L" -10 1 28.6 0.788 0.813 0 10.8 4.3 33 0 0 10.1 15.8 147 123 14.1 4.2
"47" "46" 2019-01-21 31.2 "ORL" "@" "ATL" "W" 19 1 27.55 0.805 0.75 0 0 0 17.9 0 0 24.4 19.3 123 113 9.6 -1.8
"48" "47" 2019-01-23 31.2 "ORL" "@" "BRK" "L" -4 1 28.0833333333333 0.675 0.545 7.8 4 5.9 34.8 3.4 0 12.4 24 138 115 19.2 10.5
"49" "48" 2019-01-25 31.21 "ORL" "" "WAS" "L" -4 1 28.35 0.417 0.417 0 15.4 7.5 9.8 0 0 33.3 14.5 64 108 0.8 -12
"50" "49" 2019-01-27 31.21 "ORL" "@" "HOU" "L" -5 1 28.1833333333333 0.414 0.444 3.2 4.2 3.6 15.1 1.8 0 7.6 19 94 109 5.2 -3.9
"51" "50" 2019-01-29 31.22 "ORL" "" "OKC" "L" -9 1 32.05 0.486 0.4 5.4 0 3.1 19 0 0 8.1 15.1 122 129 7.9 -5
"52" "51" 2019-01-31 31.22 "ORL" "" "IND" "W" 7 1 25.15 0.806 0.625 4.2 8.5 6.4 12.6 0 0 13.9 25.8 147 107 15.5 6.2
"53" "52" 2019-02-02 31.23 "ORL" "" "BRK" "W" 13 1 28.9666666666667 0.685 0.643 0 9.9 5 38.6 3.2 0 18.6 15.7 128 87 14.4 6.6
"54" "53" 2019-02-05 31.24 "ORL" "@" "OKC" "L" -10 1 31.7666666666667 0.515 0.333 0 0 0 15.5 2.7 0 11.4 10.8 112 120 8 -4.2
"55" "54" 2019-02-07 31.24 "ORL" "" "MIN" "W" 10 1 28.0166666666667 0.63 0.333 0 3.6 2 23.7 1.8 0 29.6 10.9 124 121 7.4 -3.2
"56" "55" 2019-02-09 31.25 "ORL" "@" "MIL" "W" 20 1 20.4 0.605 0.571 0 7.8 4.4 34 0 0 11.8 18.3 123 92 7.6 0
"57" "56" 2019-02-10 31.25 "ORL" "@" "ATL" "W" 16 1 25.2166666666667 0.709 0.722 0 13.3 7 60.3 2 0 0 16.9 168 114 18.2 12.4
"58" "57" 2019-02-12 31.26 "ORL" "@" "NOP" "W" 30 1 19.9833333333333 0.333 0.333 0 22.2 12 36.4 0 0 40 10.5 88 93 4 -7.1
"59" "58" 2019-02-14 31.26 "ORL" "" "CHO" "W" 38 1 21.8666666666667 0.8 0.8 0 4 2.3 37.1 0 3.5 0 10.3 183 99 11.6 10.1
"60" "59" 2019-02-22 31.28 "ORL" "" "CHI" "L" -1 1 27.05 0.709 0.778 8.7 12.1 10.4 27.6 0 0 16.8 20 129 118 12.7 4.1
"61" "60" 2019-02-24 31.29 "ORL" "@" "TOR" "W" 15 1 27 0.872 1 3.7 15.5 9.5 43 1.8 0 30.4 15.7 131 100 14.5 8.1
"62" "61" 2019-02-26 31.3 "ORL" "@" "NYK" "L" -5 1 29.6 0.65 0.65 0 16.5 8.3 31.5 1.7 0 23.1 18.5 109 110 9.7 -1.2
"63" "62" 2019-02-28 31.3 "ORL" "" "GSW" "W" 7 1 26.9833333333333 0.636 0.636 0 0 0 18.2 1.8 6.2 8.3 19.3 119 94 11.4 6.9
"64" "63" 2019-03-02 31.31 "ORL" "@" "IND" "W" 5 1 17.3166666666667 0.276 0.2 0 16.8 7.2 25.6 2.9 0 0 13.9 97 117 3.9 -5.7
"65" "64" 2019-03-03 31.31 "ORL" "@" "CLE" "L" -14 1 29.2666666666667 0.669 0.583 0 19.5 9.6 28.1 0 0 12.3 25.6 125 118 16 5.1
"66" "65" 2019-03-05 31.32 "ORL" "@" "PHI" "L" -8 1 28.8166666666667 0.652 0.625 0 7.6 3.5 24.7 1.7 0 10.6 14.3 132 117 10.7 0.5
"67" "66" 2019-03-08 31.32 "ORL" "" "DAL" "W" 5 1 28.3 0.667 0.667 0 3.6 1.9 10.1 3.5 0 18.2 17.1 109 109 8.6 -1.6
"68" "67" 2019-03-10 31.33 "ORL" "@" "MEM" "L" -8 1 31.3666666666667 0.3 0.3 0 13.9 6.2 32.9 1.6 0 23.1 17.8 68 111 3.2 -7.6
"69" "68" 2019-03-13 31.34 "ORL" "@" "WAS" "L" -10 1 33.2166666666667 0.533 0.533 3 0 1.5 38.4 0 0 0 20.9 125 117 13.1 5.1
"70" "69" 2019-03-14 31.34 "ORL" "" "CLE" "W" 29 1 25.8166666666667 0.758 0.682 7.9 4 6 40.7 3.8 0 0 22.1 173 94 23.7 17.8
"71" "70" 2019-03-17 31.35 "ORL" "" "ATL" "W" 10 1 32.25 0.527 0.5 0 5.6 2.8 49.5 2.9 0 8.7 15 119 90 12.3 4.3
"72" "71" 2019-03-20 31.36 "ORL" "" "NOP" "W" 23 1 24.1833333333333 0.732 0.688 3.6 6.7 5.2 38.5 1.9 0 10.1 16.1 158 99 15.2 7.7
"73" "72" 2019-03-22 31.36 "ORL" "" "MEM" "W" 4 1 42.3666666666667 0.549 0.469 2.7 12.5 7.8 28.4 0 0 0 20.2 127 118 19 -0.4
"74" "73" 2019-03-25 31.37 "ORL" "" "PHI" "W" 21 1 24.8333333333333 0.5 0.5 4.2 5.2 4.7 18.8 2.1 0 20 9.3 118 109 5.8 -3.1
"75" "74" 2019-03-26 31.37 "ORL" "@" "MIA" "W" 5 1 30.3 0.552 0.364 3.3 10.3 6.7 34.4 0 0 11.5 24.2 126 107 13.4 1.9
"76" "75" 2019-03-28 31.38 "ORL" "@" "DET" "L" -17 1 31.2833333333333 0.676 0.667 3.2 12.1 7.1 23.4 1.7 3 18.4 21.8 117 123 14.7 6.1
"77" "76" 2019-03-30 31.38 "ORL" "@" "IND" "W" 5 1 30.4166666666667 0.55 0.55 0 16.2 7.8 40.4 0 0 0 15 143 124 13.4 -0.9
"78" "77" 2019-04-01 31.39 "ORL" "@" "TOR" "L" -12 1 22.6 0.444 0.444 0 10.4 5 34.8 0 0 30.8 24.5 80 129 2.5 -12.5
"79" "78" 2019-04-03 31.39 "ORL" "" "NYK" "W" 14 1 30.7666666666667 0.417 0.417 3.1 10.6 6.6 29.8 1.6 0 40 12.9 87 105 5.4 -6
"80" "79" 2019-04-05 31.4 "ORL" "" "ATL" "W" 36 1 27.4333333333333 0.658 0.611 0 9.5 5.7 25.9 3.2 0 23.3 18.5 123 102 13.1 0.8
"81" "80" 2019-04-07 31.41 "ORL" "@" "BOS" "W" 8 1 31.8666666666667 0.463 0.409 3.4 22.6 12.6 56 1.5 0 20.2 19.7 112 111 13.7 1.2
"82" "81" 2019-04-10 31.41 "ORL" "@" "CHO" "W" 8 1 30.9833333333333 0.648 0.654 0 18.2 8.7 4.2 0 0 12.6 23.9 113 127 10.4 -5.5
"1" "1" 2019-10-23 31.95 "ORL" "" "CLE" "W" 9 1 24.5666666666667 0.5 0.5 0 12 5.9 33.5 0 0 0 16.4 114 95 8.7 0.8
"2" "2" 2019-10-26 31.96 "ORL" "@" "ATL" "L" -4 1 23.6833333333333 0.549 0.455 6.8 0 4.1 32.6 0 0 7.3 23.2 121 113 11.5 4.4
"3" "3" 2019-10-28 31.96 "ORL" "@" "TOR" "L" -9 1 25.6833333333333 0.446 0.389 0 12.5 5.7 6.6 1.8 0 8.2 20.2 85 102 4.9 -5
"4" "4" 2019-10-30 31.97 "ORL" "" "NYK" "W" 12 1 27.8666666666667 0.417 0.417 0 3.6 1.8 35.9 0 0 0 10.3 130 104 6.4 -2.6
"5" "5" 2019-11-01 31.98 "ORL" "" "MIL" "L" -32 1 23.0833333333333 0.4 0.4 0 0 0 41.8 0 0 16.7 10.9 100 130 4.5 -5.7
"6" "6" 2019-11-02 31.98 "ORL" "" "DEN" "L" -4 0 24.65 0.333 0.333 4.4 0 2.2 17.6 0 0 25 14.7 71 108 1 -10.3
"7" "7" 2019-11-05 31.99 "ORL" "@" "OKC" "L" -8 0 27 0.481 0.3 0 4 2 13.3 0 0 0 21.9 120 118 8.1 -1.6
"8" "8" 2019-11-06 31.99 "ORL" "@" "DAL" "L" -1 0 28.4666666666667 0.888 0.833 0 0 0 31.4 3.4 0 35.3 17.3 120 114 11.8 3.5
"9" "9" 2019-11-08 31.99 "ORL" "" "MEM" "W" 32 0 24.3166666666667 0.547 0.5 9 4 6.4 11.6 0 0 7.8 22.3 118 95 9 -1.7
"10" "10" 2019-11-10 32 "ORL" "" "IND" "L" -7 0 23.6 0.4 0.4 0 10.2 5.1 37.1 2.2 0 0 20 108 121 8 -3.3
"11" "11" 2019-11-13 32.01 "ORL" "" "PHI" "W" 15 0 26.9 0.419 0.346 7.4 11.4 9.4 46.3 1.7 0 12.3 25.6 101 95 10.2 1.3
"12" "12" 2019-11-15 32.01 "ORL" "" "SAS" "W" 2 0 25.1 0.592 0.563 0 13.7 6.4 27 2 0 0 14.4 141 116 10.7 2.8
"13" "13" 2019-11-17 32.02 "ORL" "" "WAS" "W" 4 0 24.3666666666667 0.722 0.722 0 11.8 6.6 17.8 0 0 18.2 19.3 123 125 9.7 -0.6
"14" "14" 2019-11-20 32.03 "ORL" "@" "TOR" "L" -16 0 26.8 0.202 0.167 0 9.7 4 27 1.9 0 9.2 17 65 123 1 -12.8
"15" "15" 2019-11-23 32.04 "ORL" "@" "IND" "L" -5 0 25.25 0.661 0.571 0 5.8 2.5 20.4 0 0 19.4 18 118 122 8.4 -2.5
"16" "16" 2019-11-25 32.04 "ORL" "@" "DET" "L" -15 0 22.4166666666667 0.514 0.429 0 15.3 7.1 38.6 0 0 18.6 22.4 100 118 6.1 -2.8
"17" "17" 2019-11-27 32.05 "ORL" "@" "CLE" "W" 12 0 29.55 0.45 0.375 0 8.1 3.9 40.5 4.8 0 18.4 15.9 109 100 11.4 1.1
"18" "18" 2019-11-29 32.05 "ORL" "" "TOR" "L" -7 0 26.4 0.403 0.357 0 10.9 5.6 31.1 3.8 0 21.2 15.3 82 95 5.2 -0.9
"19" "19" 2019-12-01 32.06 "ORL" "" "GSW" "W" 4 0 24.2333333333333 0 0 0 19.4 10.5 21.4 0 0 28.6 12.8 34 106 -1.6 -17.2
"20" "20" 2019-12-03 32.06 "ORL" "@" "WAS" "W" 7 0 28.6333333333333 0.993 1 8.2 14.9 11.7 4.9 0 0 7.6 19.1 182 119 21.6 10.5
"21" "21" 2019-12-04 32.07 "ORL" "" "PHO" "W" 14 0 26.45 0.517 0.313 5.7 8.6 7.4 28 1.8 0 22 21.9 119 119 10 -3.7
"22" "22" 2019-12-06 32.07 "ORL" "@" "CLE" "W" 6 0 26.3166666666667 0.396 0.25 4.1 8.5 6.2 45 5.8 0 19.2 26.1 89 90 9.2 2.4
"23" "23" 2019-12-09 32.08 "ORL" "@" "MIL" "L" -9 0 23.2333333333333 0.505 0.458 0 0 0 41.9 4 0 7.2 24.8 105 109 10.7 5.4
"24" "24" 2019-12-11 32.08 "ORL" "" "LAL" "L" -9 1 26.6333333333333 0.333 0.333 0 12 6 11.2 0 0 40 8.8 55 110 -0.6 -13.5
"25" "25" 2019-12-13 32.09 "ORL" "" "HOU" "L" -23 0 26.1666666666667 0.3 0.3 3.8 17.8 9.3 24 0 0 16.7 10.6 99 148 3.6 -11
"26" "26" 2019-12-15 32.1 "ORL" "@" "NOP" "W" 11 0 24.85 0.767 0.625 0 4.6 2.4 40.4 2 0 8.3 21.3 164 123 18.1 9.4
"27" "27" 2019-12-17 32.1 "ORL" "@" "UTA" "L" -7 0 26.1833333333333 0.935 0.9 0 15.6 7.4 20.1 1.9 3.4 7.8 22.8 169 108 21.8 17.5
"28" "28" 2019-12-18 32.1 "ORL" "@" "DEN" "L" -9 0 28.35 0.745 0.611 0 12.4 5.8 39.2 0 0 0 18.9 165 123 19.1 11.4
"29" "29" 2019-12-20 32.11 "ORL" "@" "POR" "L" -15 0 29.2666666666667 0.479 0.438 0 4 1.6 16.9 0 0 5.3 24.1 103 127 9.2 -2.6
"30" "30" 2019-12-23 32.12 "ORL" "" "CHI" "W" 8 0 21.0333333333333 0.333 0.333 0 8.9 4.9 31.1 0 0 0 6.6 122 109 4.4 -5.1
"31" "31" 2019-12-27 32.13 "ORL" "" "PHI" "W" 1 0 24.4833333333333 0.269 0.214 4.1 0 2.1 5.6 0 0 11.8 14.6 63 103 -0.9 -11.5
"32" "32" 2019-12-28 32.13 "ORL" "@" "MIL" "L" -11 0 28.25 0.761 0.714 0 4 1.8 24.1 3.4 0 0 12.6 159 115 13 4.4
"33" "33" 2019-12-30 32.14 "ORL" "" "ATL" "L" -8 0 29.0833333333333 0.656 0.5 3.2 16.5 9 32.6 1.7 0 18.8 24.3 120 107 15.6 4.9
"34" "34" 2020-01-01 32.14 "ORL" "@" "WAS" "W" 21 0 31.4166666666667 0.644 0.533 0 9.2 4.7 40.1 3 0 4.9 26.9 142 101 24.3 10.3
"35" "35" 2020-01-03 32.15 "ORL" "" "MIA" "W" 20 0 28.7833333333333 0.383 0.25 0 7.1 3.6 39.4 3.5 0 20.3 23.7 84 91 6.9 -3.8
"36" "36" 2020-01-04 32.15 "ORL" "" "UTA" "L" -13 0 23.9333333333333 0.5 0.5 0 0 0 29.5 0 0 28.6 14 95 130 3.8 -6.9
"37" "37" 2020-01-06 32.16 "ORL" "" "BRK" "W" 12 0 28.4166666666667 0.669 0.625 0 11.1 6.4 35.9 0 0 14.3 20.9 128 95 13.8 5.9
"38" "38" 2020-01-08 32.16 "ORL" "" "WAS" "W" 34 0 22.5333333333333 0.611 0.444 5 4.4 4.7 17.5 0 0 6.4 28.4 136 97 12.6 0.3
"39" "" 2020-01-10 32.17 "ORL" "@" "PHO" "L" -4 NA NA NA NA NA NA NA NA NA NA NA NA NA NA NA NA
"40" "39" 2020-01-13 32.18 "ORL" "@" "SAC" "W" 2 0 24.6833333333333 0.403 0.357 0 20.5 8.6 5.4 0 0 21.2 16.2 70 118 1.8 -11.8
"41" "" 2020-01-15 32.18 "ORL" "@" "LAL" "W" 1 NA NA NA NA NA NA NA NA NA NA NA NA NA NA NA NA
"42" "" 2020-01-16 32.18 "ORL" "@" "LAC" "L" -27 NA NA NA NA NA NA NA NA NA NA NA NA NA NA NA NA
"43" "" 2020-01-18 32.19 "ORL" "@" "GSW" "L" -14 NA NA NA NA NA NA NA NA NA NA NA NA NA NA NA NA
"44" "" 2020-01-20 32.19 "ORL" "@" "CHO" "W" 23 NA NA NA NA NA NA NA NA NA NA NA NA NA NA NA NA
"45" "" 2020-01-22 32.2 "ORL" "" "OKC" "L" -6 NA NA NA NA NA NA NA NA NA NA NA NA NA NA NA NA
"46" "" 2020-01-24 32.21 "ORL" "" "BOS" "L" -11 NA NA NA NA NA NA NA NA NA NA NA NA NA NA NA NA
"47" "" 2020-01-26 32.21 "ORL" "" "LAC" "L" -15 NA NA NA NA NA NA NA NA NA NA NA NA NA NA NA NA
"48" "" 2020-01-27 32.21 "ORL" "@" "MIA" "L" -21 NA NA NA NA NA NA NA NA NA NA NA NA NA NA NA NA
"49" "" 2020-02-01 32.23 "ORL" "" "MIA" "L" -13 NA NA NA NA NA NA NA NA NA NA NA NA NA NA NA NA
"50" "" 2020-02-03 32.23 "ORL" "@" "CHO" "W" 12 NA NA NA NA NA NA NA NA NA NA NA NA NA NA NA NA
"51" "" 2020-02-05 32.24 "ORL" "@" "BOS" "L" -16 NA NA NA NA NA NA NA NA NA NA NA NA NA NA NA NA
"52" "" 2020-02-06 32.24 "ORL" "@" "NYK" "L" -2 NA NA NA NA NA NA NA NA NA NA NA NA NA NA NA NA
"53" "" 2020-02-08 32.25 "ORL" "" "MIL" "L" -16 NA NA NA NA NA NA NA NA NA NA NA NA NA NA NA NA
"54" "" 2020-02-10 32.25 "ORL" "" "ATL" "W" 9 NA NA NA NA NA NA NA NA NA NA NA NA NA NA NA NA
"55" "" 2020-02-12 32.26 "ORL" "" "DET" "W" 4 NA NA NA NA NA NA NA NA NA NA NA NA NA NA NA NA
"56" "40" 2020-02-21 32.28 "ORL" "" "DAL" "L" -16 0 16.2333333333333 0 0 0 7.4 3 0 2.9 0 33.3 7.4 0 122 -1.5 -16.4
"57" "41" 2020-02-24 32.29 "ORL" "@" "BRK" "W" 2 0 14.3833333333333 0.113 0 0 7.1 3.7 22.8 3.4 0 40.3 23.3 38 116 -1.4 -20.1
"58" "42" 2020-02-26 32.3 "ORL" "@" "ATL" "W" 10 0 16.4666666666667 0.605 0.571 0 6.1 3.1 21.7 0 0 11.8 20.7 122 125 6.7 -2
"59" "43" 2020-02-28 32.3 "ORL" "" "MIN" "W" 11 0 19.85 0.607 0.556 6.5 4.8 5.6 16.7 0 0 0 19.5 142 118 9.6 -1
"60" "44" 2020-02-29 32.3 "ORL" "@" "SAS" "L" -1 0 18.4833333333333 0.607 0.556 0 0 0 59.4 0 0 9.2 25.2 139 120 10.8 5
"61" "45" 2020-03-02 32.31 "ORL" "" "POR" "L" -23 0 23.1 0.143 0.143 0 0 0 41.7 0 0 12.5 14.9 68 137 1.4 -14.7
"62" "46" 2020-03-04 32.32 "ORL" "@" "MIA" "L" -3 0 16.95 0 0 0 15.7 8 25.7 0 0 20 13.9 50 131 -0.8 -17.3
"63" "47" 2020-03-06 32.32 "ORL" "@" "MIN" "W" 14 0 26.5333333333333 0.76 0.643 0 11.1 6.7 20.7 0 0 14.5 23.3 142 121 15.9 0.4
"64" "48" 2020-03-08 32.33 "ORL" "@" "HOU" "W" 20 0 26.8 0.949 0.9 4.5 3.8 4.1 17.1 1.7 0 13.7 22.1 170 109 21.9 16.1
"65" "49" 2020-03-10 32.33 "ORL" "@" "MEM" "W" 5 0 23.8833333333333 0.581 0.5 4.6 5.6 5 24.4 0 0 17.9 28.9 109 119 9.2 -5.5
"66" "50" 2020-07-31 32.72 "ORL" "@" "BRK" "W" 10 1 26.35 0.611 0.611 0 4 2.2 14.8 0 0 18.2 18 103 122 6.7 -7.6
"67" "51" 2020-08-02 32.73 "ORL" "" "SAC" "W" 16 1 20.35 0.919 0.9 0 0 0 52.5 0 0 0 11.1 208 121 12.9 11.7
"68" "52" 2020-08-04 32.73 "ORL" "@" "IND" "L" -11 1 24.4 0.25 0.25 0 0 0 26.6 0 0 42.9 12.5 66 128 -0.3 -12.1
"69" "53" 2020-08-05 32.74 "ORL" "" "TOR" "L" -10 1 28.5166666666667 0.455 0.444 6.9 4.4 5.8 22.5 5 0 23.3 19.5 85 102 6.8 -0.9
"70" "54" 2020-08-07 32.74 "ORL" "@" "PHI" "L" -7 1 28.55 0.83 0.786 3.7 6.5 5.1 29.4 0 0 9.4 16.6 162 118 16.5 9.1
"71" "55" 2020-08-09 32.75 "ORL" "@" "BOS" "L" -3 1 32.9166666666667 0.436 0.333 0 3 1.5 22.3 1.5 0 22.5 22.6 83 116 3.6 -9.1
"72" "56" 2020-08-11 32.75 "ORL" "" "BRK" "L" -12 1 21.8833333333333 0.307 0.125 0 4.9 2.3 22.1 0 0 17 22.9 68 115 0 -16.4
"73" "57" 2020-08-13 32.76 "ORL" "" "NOP" "W" 6 0 22.1 0.841 0.75 5.9 18.1 11.9 39.7 0 0 13.3 30 160 128 19.6 5.7
"1" "" 2020-12-23 33.12 "MIL" "@" "BOS" "L" -1 NA NA NA NA NA NA NA NA NA NA NA NA NA NA NA NA
"2" "1" 2020-12-25 33.12 "MIL" "" "GSW" "W" 39 0 13.45 0.945 0.917 0 0 0 10 0 0 0 20.7 192 102 10.7 13.3
"3" "2" 2020-12-27 33.13 "MIL" "@" "NYK" "L" -20 0 13.75 0.145 0 0 10 3.9 8.5 0 0 12.7 23.2 39 135 -2.2 -23
"4" "3" 2020-12-29 33.13 "MIL" "@" "MIA" "W" 47 0 20.7333333333333 0.85 0.8 18.8 6.1 12.3 10.5 0 0 14.5 13.8 170 102 10.5 4.8
"5" "4" 2020-12-30 33.14 "MIL" "@" "MIA" "L" -11 0 12.7166666666667 0.3 0.3 0 0 0 10.4 3.7 0 16.7 18.8 62 118 0.2 -11.7
"6" "5" 2021-01-01 33.14 "MIL" "" "CHI" "W" 30 0 18.8166666666667 0 0 0 5.7 3 12.1 2.4 0 33.3 13.3 26 94 -2.1 -14.9
"7" "6" 2021-01-04 33.15 "MIL" "" "DET" "W" 10 0 18.6333333333333 1.1 1.1 0 5.4 3.2 39.9 0 0 16.7 13.9 184 118 12.2 13.4
"8" "7" 2021-01-06 33.16 "MIL" "" "DET" "W" 15 0 22.3333333333333 0.82 0.75 0 16.2 9.1 28.8 2.1 0 17 11.2 161 111 10.6 5.8
"9" "8" 2021-01-08 33.16 "MIL" "" "UTA" "L" -13 0 18.6 0 0 0 0 0 5.9 0 0 0 8.7 17 134 -2.5 -15.9
"10" "9" 2021-01-09 33.16 "MIL" "" "CLE" "W" 10 0 20.2166666666667 0.357 0.357 10.8 0 5.2 36.8 0 0 12.5 17.8 103 109 4.8 -2.4
"11" "10" 2021-01-11 33.17 "MIL" "@" "ORL" "W" 22 0 20.5833333333333 0.546 0.417 0 0 0 22.6 4.8 0 21.5 19.1 109 105 7.4 0.7
"12" "11" 2021-01-13 33.18 "MIL" "@" "DET" "W" 9 0 20.85 0.75 0.75 5.2 0 2.4 25.3 0 0 42.9 15.3 104 116 4.5 -4.4
"13" "12" 2021-01-15 33.18 "MIL" "" "DAL" "W" 3 0 21 0.658 0.5 4.1 4.4 4.2 5.9 0 0 0 10.4 154 116 6.7 -0.7
"14" "13" 2021-01-18 33.19 "MIL" "@" "BRK" "L" -2 0 19.0833333333333 0.127 0 0 0 0 0 0 0 0 16.4 30 128 -2.9 -19.3
"15" "14" 2021-01-21 33.2 "MIL" "" "LAL" "L" -7 0 17.15 0.4 0.4 0 11.9 6.7 21.9 5.7 0 16.7 15.8 86 106 5 2.3
"16" "15" 2021-01-24 33.21 "MIL" "" "ATL" "W" 14 0 15.7166666666667 0.75 0.75 0 7.4 3.9 22.4 0 0 0 15.4 178 123 8.4 10
"17" "16" 2021-01-27 33.21 "MIL" "@" "TOR" "W" 7 0 13.75 0.643 0.643 7 0 3.3 11.8 3.5 0 0 20.6 135 110 7.3 9.5
"18" "17" 2021-01-29 33.22 "MIL" "@" "NOP" "L" -5 0 10.1166666666667 0.5 0.5 0 9.7 5 32.9 0 0 33.3 12.1 104 133 2.4 -4.8
"19" "18" 2021-01-30 33.22 "MIL" "@" "CHO" "L" -12 0 4.36666666666667 NA NA 0 0 0 0 0 0 NA 0 0 134 -0.4 -13.5
"20" "19" 2021-02-01 33.23 "MIL" "" "POR" "W" 28 0 17.5666666666667 0.825 0.857 0 23.6 13.9 39 2.7 0 11.3 21.4 158 100 15 15.2
"21" "20" 2021-02-03 33.23 "MIL" "" "IND" "W" 20 0 19 0.41 0.25 0 0 0 22.2 0 0 12 17.5 102 114 4 -9
"22" "21" 2021-02-05 33.24 "MIL" "@" "CLE" "W" 18 0 18.45 0.518 0.3 6.1 5.5 5.8 16.5 0 0 12.9 17.2 121 110 4.8 -4.3
"23" "22" 2021-02-06 33.24 "MIL" "@" "CLE" "W" 25 0 17.4833333333333 0.765 0.7 0 6.1 3.3 21.2 5.6 0 14.5 18.1 143 97 9.7 9.2
"24" "23" 2021-02-08 33.25 "MIL" "@" "DEN" "W" 13 0 20.5833333333333 0.417 0.417 5.7 0 2.7 28.9 0 0 25 17.2 101 124 3 -7.7
"25" "24" 2021-02-10 33.25 "MIL" "@" "PHO" "L" -1 0 18.4666666666667 0.333 0.333 0 0 0 0 0 0 0 21.8 71 138 0.5 -14.5
"26" "25" 2021-02-12 33.26 "MIL" "@" "UTA" "L" -14 0 29.5 0.547 0.357 0 4.8 2.1 12.6 3.1 3.7 0 15.7 125 121 10.6 2.6
"27" "26" 2021-02-14 33.26 "MIL" "@" "OKC" "L" -5 0 21.7166666666667 0.129 0 0 0 0 34.4 0 0 0 7.5 105 123 3 -6.2
"28" "27" 2021-02-16 33.27 "MIL" "" "TOR" "L" -11 0 15.1833333333333 0 0 7.7 7.2 7.4 47.4 0 0 33.3 8.5 100 126 2.8 -4
"29" "28" 2021-02-18 33.27 "MIL" "" "TOR" "L" -14 0 24.9833333333333 0.5 0.5 0 14.8 6.5 6.6 0 0 0 15.3 111 121 5.1 -2.3
"30" "29" 2021-02-19 33.28 "MIL" "" "OKC" "W" 13 1 32.4666666666667 0.688 0.688 0 5.1 2.8 25.4 1.5 0 20 13.6 116 93 9.3 2.3
"31" "30" 2021-02-21 33.28 "MIL" "" "SAC" "W" 13 1 27.4166666666667 0.2 0.2 0 3.1 1.8 21.6 3.3 0 16.7 17.1 64 111 1.2 -10.6
"32" "31" 2021-02-23 33.29 "MIL" "" "MIN" "W" 27 1 25.8166666666667 0.833 0.833 0 7.4 3.9 20.4 1.8 0 0 9.7 180 110 11.7 2.8
"33" "" 2021-02-25 33.29 "MIL" "" "NOP" "W" 4 NA NA NA NA NA NA NA NA NA NA NA NA NA NA NA NA
"34" "32" 2021-02-28 33.3 "MIL" "" "LAC" "W" 5 1 26.3833333333333 0.6 0.6 0 6.9 3.8 10.6 1.9 0 28.6 12.1 90 110 4.3 -1.9
"35" "33" 2021-03-02 33.31 "MIL" "" "DEN" "L" -31 1 26.8666666666667 0.643 0.6 0 4.7 2.1 18.9 0 0 0 9.2 145 137 6.3 -2.5
"36" "34" 2021-03-04 33.31 "MIL" "@" "MEM" "W" 1 1 20.6833333333333 0.5 0.5 0 8.3 4.3 5.8 2.2 0 40 9.6 65 111 1.2 -7.2
"37" "35" 2021-03-11 33.33 "MIL" "" "NYK" "W" 33 0 18.2166666666667 1.351 1.375 0 16.5 9.8 13.4 2.7 0 31.1 15.9 163 102 11.3 11.4
"38" "36" 2021-03-13 33.34 "MIL" "@" "WAS" "W" 6 0 16.4666666666667 1 1 0 0 0 14.5 0 0 50 4.6 113 115 2.1 -6.5
"39" "37" 2021-03-15 33.34 "MIL" "@" "WAS" "W" 11 0 13.4166666666667 0.625 0.625 0 9.2 4.5 23.9 0 0 20 15.1 119 117 2.8 -5.4
"40" "" 2021-03-17 33.35 "MIL" "@" "PHI" "W" 4 NA NA NA NA NA NA NA NA NA NA NA NA NA NA NA NA
"41" "38" 2021-03-19 33.35 "HOU" "" "DET" "L" -13 0 20.4 0.509 0.417 10.7 5.5 8.1 20.6 2.4 0 0 15 129 119 8.4 3.4
"42" "" 2021-03-21 33.36 "HOU" "" "OKC" "L" -2 NA NA NA NA NA NA NA NA NA NA NA NA NA NA NA NA
"43" "39" 2021-03-22 33.36 "HOU" "" "TOR" "W" 18 0 17.9666666666667 0.41 0.25 0 11.9 5.9 20.9 2.7 0 17 14 95 101 4.3 -5.2
"44" "40" 2021-03-24 33.37 "HOU" "" "CHO" "L" -25 0 23.55 0.313 0.313 0 10.5 4.6 49.3 2.2 0 27.3 22 75 132 2.5 -14.1
"45" "41" 2021-03-26 33.37 "HOU" "@" "MIN" "L" -6 0 20.05 1.028 1 0 8.9 4.9 34.9 0 0 38.8 22.1 123 111 10.5 2.1
"46" "42" 2021-03-27 33.38 "HOU" "@" "MIN" "W" 22 0 24.2833333333333 0.672 0.643 4.9 9.6 7.3 23.1 0 0 6.3 28.6 139 119 15.7 1.3
"47" "43" 2021-03-29 33.38 "HOU" "" "MEM" "L" -10 0 20 0.781 0.714 4.8 6.2 5.4 39.5 2.3 0 19.4 21.4 136 118 12.4 6.7
"48" "44" 2021-03-31 33.39 "HOU" "@" "BRK" "L" -12 0 17.6833333333333 0.87 0.9 0 36.7 17.9 35.2 0 0 13.7 19.6 157 127 10.4 7.6
"49" "45" 2021-04-02 33.39 "HOU" "@" "BOS" "L" -16 0 18.6666666666667 0.376 0.125 0 0 0 7.5 2.7 0 22 32 67 124 1.1 -17.3
"50" "46" 2021-04-04 33.4 "HOU" "" "NOP" "L" -7 0 19.6833333333333 0.563 0.563 5.1 22.2 14.2 39 0 0 27.3 23 101 115 7.7 -2.2
"51" "47" 2021-04-05 33.4 "HOU" "" "PHO" "L" -3 0 22.5333333333333 0.814 0.7 0 5.5 2.8 34.9 0 0 0 12.9 185 134 12.8 5.1
"52" "48" 2021-04-07 33.41 "HOU" "" "DAL" "W" 9 0 18.6833333333333 0.167 0.167 11.4 5.1 8.1 14.5 0 0 0 22 66 110 -0.6 -14.5
"53" "49" 2021-04-09 33.41 "HOU" "@" "LAC" "L" -17 0 19.05 0.475 0.3 0 0 0 34.5 2.6 0 24 19.3 102 130 4.6 -5.9
"54" "50" 2021-04-10 33.41 "HOU" "@" "GSW" "L" -16 0 22.4 0.816 0.722 0 15.7 7.1 42.5 0 0 0 21.7 182 126 19.4 15.3
"55" "51" 2021-04-12 33.42 "HOU" "@" "PHO" "L" -6 0 3.48333333333333 0 0 0 0 0 31.3 0 0 50 23.7 34 131 -1.4 -32.3
"56" "" 2021-04-14 33.42 "HOU" "" "IND" "L" -8 NA NA NA NA NA NA NA NA NA NA NA NA NA NA NA NA
"57" "" 2021-04-16 33.43 "HOU" "" "DEN" "L" -29 NA NA NA NA NA NA NA NA NA NA NA NA NA NA NA NA
"58" "" 2021-04-18 33.44 "HOU" "@" "ORL" "W" 4 NA NA NA NA NA NA NA NA NA NA NA NA NA NA NA NA
"59" "" 2021-04-19 33.44 "HOU" "@" "MIA" "L" -22 NA NA NA NA NA NA NA NA NA NA NA NA NA NA NA NA
"60" "" 2021-04-21 33.44 "HOU" "" "UTA" "L" -23 NA NA NA NA NA NA NA NA NA NA NA NA NA NA NA NA
"61" "" 2021-04-23 33.45 "HOU" "" "LAC" "L" -5 NA NA NA NA NA NA NA NA NA NA NA NA NA NA NA NA
"62" "" 2021-04-24 33.45 "HOU" "@" "DEN" "L" -13 NA NA NA NA NA NA NA NA NA NA NA NA NA NA NA NA
"63" "" 2021-04-27 33.46 "HOU" "" "MIN" "L" -7 NA NA NA NA NA NA NA NA NA NA NA NA NA NA NA NA
"64" "" 2021-04-29 33.47 "HOU" "" "MIL" "W" 7 NA NA NA NA NA NA NA NA NA NA NA NA NA NA NA NA
"65" "" 2021-05-01 33.47 "HOU" "" "GSW" "L" -26 NA NA NA NA NA NA NA NA NA NA NA NA NA NA NA NA
"66" "" 2021-05-02 33.47 "HOU" "" "NYK" "L" -25 NA NA NA NA NA NA NA NA NA NA NA NA NA NA NA NA
"67" "" 2021-05-05 33.48 "HOU" "" "PHI" "L" -20 NA NA NA NA NA NA NA NA NA NA NA NA NA NA NA NA
"68" "52" 2021-05-07 33.49 "HOU" "@" "MIL" "L" -8 1 28.8666666666667 0.571 0.571 0 7.7 3.7 21.9 0 0 16.8 24.8 102 137 10.3 -8.6
"69" "53" 2021-05-08 33.49 "HOU" "@" "UTA" "L" -8 1 18.2666666666667 0.579 0.5 0 0 0 6.5 0 0 18.8 12.3 101 129 2.6 -11.9
"70" "54" 2021-05-10 33.5 "HOU" "@" "POR" "L" -11 1 25.45 0.831 0.8 0 7.7 4.1 12.3 0 0 13.7 25 136 141 15.2 1.5
"71" "55" 2021-05-12 33.5 "HOU" "@" "LAL" "L" -2 1 23.6333333333333 0.481 0.357 0 0 0 20.9 2 0 10.7 16.9 110 123 6.3 -7.2
"72" "56" 2021-05-14 33.51 "HOU" "" "LAC" "W" 7 1 29.7166666666667 0.505 0.5 4.5 12.1 8.5 21.3 0 0 7.2 20.3 114 117 9.9 -4.5
"73" "57" 2021-05-16 33.51 "HOU" "@" "ATL" "L" -29 1 22.0166666666667 0.705 0.636 3.9 15.2 8.8 54.2 2.1 0 13.6 27.8 129 121 16 11.3
