"Rk" "G" "Date" "Age" "Tm" "H/A" "Opp" "W/L" "By Amt" "GS" "MP" "TS%" "eFG%" "ORB%" "DRB%" "TRB%" "AST%" "STL%" "BLK%" "TOV%" "USG%" "ORtg" "DRtg" "GmSc" "BPM"
"1" "1" 1999-02-07 20.74 "VAN" "@" "SAC" "L" -22 1 36.2333333333333 0.322 0.214 0 3 1.3 46.2 2.7 0 10.5 21.7 82 115 7.8 -4.9
"2" "2" 1999-02-08 20.74 "VAN" "" "POR" "L" -19 1 40.9833333333333 0.125 0.125 0 6.9 2.7 31.7 3.8 0 14.3 14.5 49 102 1.1 -5.8
"3" "3" 1999-02-10 20.75 "VAN" "" "LAC" "W" 6 1 40.5 0.56 0.462 0 12.3 5.9 50.2 2.5 0 27.2 23.1 101 106 15.7 -1.3
"4" "4" 1999-02-11 20.75 "VAN" "" "IND" "L" -4 1 34.55 0.75 0.75 10.5 7.4 9 21.6 0 0 20 14 135 131 12.2 -0.3
"5" "5" 1999-02-14 20.76 "VAN" "" "DAL" "W" 4 1 34.2333333333333 0.421 0.364 6.9 10.3 8.6 48.1 3.3 0 14.4 18.9 116 109 13.2 1
"6" "6" 1999-02-16 20.76 "VAN" "@" "LAC" "W" 4 1 42.1 0.539 0.5 5 2.6 3.8 26.2 5.5 0 11.3 21.6 109 86 15.2 4.5
"7" "7" 1999-02-17 20.77 "VAN" "" "BOS" "L" -2 1 53.9666666666667 0.596 0.429 0 4.4 2.4 37.7 1 0 23.7 21.7 112 117 17.3 -2.8
"8" "8" 1999-02-19 20.77 "VAN" "@" "MIN" "L" -19 1 29.2333333333333 0.25 0.25 4.2 9.2 6.6 28.6 3.5 0 20 14.9 78 121 3.5 -9.3
"9" "9" 1999-02-21 20.78 "VAN" "@" "TOR" "L" -15 1 37.1 0.468 0.45 0 2.9 1.7 20.9 1.5 0 20.3 20.1 81 122 4.3 -9.3
"10" "10" 1999-02-23 20.78 "VAN" "" "LAL" "W" 10 1 40.6166666666667 0.547 0.5 5.9 7 6.5 40.5 0 0 25.2 18.1 98 95 11.2 0.1
"11" "11" 1999-02-25 20.79 "VAN" "" "PHO" "L" -8 1 37.9166666666667 0.542 0.462 0 0 0 51.2 2.8 0 25.3 23.5 100 109 11.7 2
"12" "12" 1999-02-27 20.79 "VAN" "" "HOU" "L" -12 1 34.5166666666667 0.651 0.556 0 7.6 3.3 11.4 0 0 15.7 16.4 116 97 8.9 -0.6
"13" "13" 1999-02-28 20.8 "VAN" "@" "DEN" "L" -4 1 34.3666666666667 0.727 0.667 0 11.1 5.5 40.6 1.4 0 8.8 14.2 152 125 18.2 3
"14" "14" 1999-03-02 20.8 "VAN" "" "SAC" "L" -10 1 32.6833333333333 0.83 0.818 7.7 10.4 9.1 31.3 0 0 30.4 21.9 120 123 16 1.9
"15" "15" 1999-03-03 20.81 "VAN" "@" "UTA" "L" -23 1 24.0166666666667 0.6 0.6 4.7 0 2.6 63.2 0 0 16.7 24.1 114 128 9.5 -0.8
"16" "16" 1999-03-04 20.81 "VAN" "" "MIN" "L" -9 1 29.6166666666667 0.113 0.125 8.6 0 4 55.8 1.7 0 18.4 15.9 80 116 4 -5.6
"17" "17" 1999-03-06 20.81 "VAN" "" "HOU" "L" -15 1 34.1 0.504 0.5 2.6 5.2 3.5 20.8 4.5 0 15.9 22.2 98 114 11.7 2.1
"18" "18" 1999-03-08 20.82 "VAN" "" "POR" "L" -19 1 30.4 0.486 0.4 3.3 12.3 7.3 43 0 0 20.9 21.8 93 111 6.9 -3.1
"19" "19" 1999-03-09 20.82 "VAN" "@" "GSW" "L" -10 1 31.5 0.304 0.278 0 10 4.6 25 3.2 0 28.8 20 58 97 0.9 -11.3
"20" "20" 1999-03-11 20.83 "VAN" "@" "HOU" "L" -11 1 38.0166666666667 0.586 0.55 0 9.2 4.5 36.7 2.8 0 8.3 28.9 118 114 21 7.5
"21" "21" 1999-03-13 20.83 "VAN" "@" "DAL" "L" -17 1 33.2 0.349 0.286 3.7 6.6 5.3 20.6 1.7 2.2 20.2 28.9 68 105 2.3 -9
"22" "22" 1999-03-15 20.84 "VAN" "@" "DEN" "L" -26 1 26.4833333333333 0.551 0.5 0 17.3 7.3 42.4 1.9 0 26.9 24.7 93 115 8 -3.4
"23" "23" 1999-03-16 20.84 "VAN" "@" "SEA" "L" -2 1 36.6833333333333 0.483 0.375 4.8 0 2.7 15.1 1.6 0 6.1 20.3 115 111 9.7 -2
"24" "24" 1999-03-18 20.85 "VAN" "" "MIN" "W" 5 1 34.9333333333333 0.446 0.444 0 12 7.5 44.4 7.8 0 34.9 23.8 68 81 8 0.7
"25" "25" 1999-03-20 20.85 "VAN" "" "SAS" "L" -4 1 43.9833333333333 0.567 0.567 0 11.2 6 42.4 2.4 0 23.9 21.4 98 94 12.7 1.2
"26" "26" 1999-03-22 20.86 "VAN" "@" "PHO" "L" -5 1 35.95 0.458 0.458 0 2.8 1.6 21.9 3 0 25 21.7 75 103 4.1 -7.6
"27" "27" 1999-03-24 20.86 "VAN" "" "PHI" "L" -5 1 37.5333333333333 0.63 0.6 0 3.3 1.7 61.4 3 1.9 15.9 23.7 121 102 17.8 9.4
"28" "28" 1999-03-26 20.87 "VAN" "" "UTA" "L" -5 1 33 0.621 0.625 0 10.4 5.7 24.4 0 2.1 23.7 26.8 96 103 8.8 -2.7
"29" "29" 1999-03-29 20.88 "VAN" "@" "LAL" "L" -18 1 33.95 0.477 0.364 0 3.6 1.9 33.9 3.1 0 26.8 23 96 127 8.6 -5.3
"30" "30" 1999-03-30 20.88 "VAN" "" "DEN" "W" 14 1 37.8833333333333 0.672 0.643 3.4 18.9 11.5 49.3 2.9 0 6.3 20.3 145 97 22.7 10.7
"31" "31" 1999-04-01 20.88 "VAN" "@" "SAS" "L" -12 1 36.9166666666667 0.36 0.308 0 3.6 1.5 25.3 1.5 0 17.8 20.9 84 124 4.2 -9.5
"32" "32" 1999-04-02 20.89 "VAN" "@" "ATL" "L" -3 1 38.1 0.601 0.5 3.2 2.9 3 31.3 0 0 19.4 26.5 109 111 12.7 -1
"33" "33" 1999-04-04 20.89 "VAN" "@" "CHI" "L" -1 1 38.1 0.694 0.55 0 3.6 1.8 46.6 1.6 0 6.5 22.4 146 115 20.1 7.6
"34" "34" 1999-04-06 20.9 "VAN" "@" "POR" "L" -9 1 37.4 0.638 0.643 0 14.4 6.6 26.7 3.1 0 16.8 22.2 117 113 15.7 5.4
"35" "35" 1999-04-07 20.9 "VAN" "" "DEN" "L" -3 1 39.4 0.505 0.5 0 16.4 8.7 31.6 0 0 23.7 20.7 87 104 7.8 -7.4
"36" "36" 1999-04-09 20.91 "VAN" "" "SEA" "W" 5 1 35.5666666666667 0.325 0.222 0 2.7 1.5 27.2 3.1 0 15.7 17.1 89 113 4.3 -9.2
"37" "37" 1999-04-11 20.91 "VAN" "" "SAC" "L" -3 1 35.0833333333333 0.553 0.553 0 3.6 1.8 54.1 6.2 0 13.6 30 109 99 18.6 8.8
"38" "38" 1999-04-12 20.92 "VAN" "@" "UTA" "L" -18 1 33.1166666666667 0.581 0.533 0 22.4 8.2 9.5 1.7 0 18.1 32.1 99 118 10.6 -3
"39" "39" 1999-04-14 20.92 "VAN" "@" "HOU" "L" -17 1 30.3166666666667 0.376 0.25 7.8 5 6.6 36.6 5.5 0 12 25.7 91 111 9.9 2.7
"40" "40" 1999-04-16 20.93 "VAN" "@" "MIN" "L" -14 1 34.4833333333333 0.211 0.167 3.3 7.4 5.2 35.1 0 0 22 25.6 55 112 -2.6 -18.5
"41" "41" 1999-04-18 20.93 "VAN" "" "GSW" "L" -5 1 37.4666666666667 0.409 0.4 0 9.1 4.9 35 4.4 0 5.9 21 98 101 9.6 -1
"42" "42" 1999-04-19 20.93 "VAN" "@" "LAL" "L" -15 1 34.9166666666667 0.5 0.5 3.8 3.5 3.7 18.4 1.5 0 7.7 16.3 111 128 9 -3.7
"43" "43" 1999-04-21 20.94 "VAN" "" "LAC" "W" 3 1 24.4 0.484 0.444 0 14.6 8 42.9 2.4 0 16.2 26 105 111 7.4 -8.6
"44" "44" 1999-04-23 20.95 "VAN" "" "SEA" "L" -13 1 31.7666666666667 0.421 0.364 3.1 3.5 3.3 50 1.8 5.4 20.2 20.9 98 115 8.6 0.6
"45" "45" 1999-04-24 20.95 "VAN" "@" "LAC" "L" -9 1 32.7833333333333 0.434 0.375 0 13.9 7.9 36.8 1.7 0 8 19.2 103 120 9.3 -6.9
"46" "46" 1999-04-27 20.96 "VAN" "@" "DAL" "L" -9 1 35.6666666666667 0.498 0.474 0 8.9 4.3 8.9 3 0 15.3 31.1 92 94 9.1 0.8
"47" "47" 1999-04-29 20.96 "VAN" "" "SAS" "L" -27 1 27.1 0 0 3.8 0 2.4 19 2.3 0 0 15.7 24 130 -3 -17.6
"48" "48" 1999-05-01 20.97 "VAN" "@" "PHO" "L" -30 1 30.05 0.2 0.2 4 4.7 4.3 52.9 5.7 0 21.1 29.4 58 123 0.7 -11.1
"49" "49" 1999-05-03 20.97 "VAN" "" "GSW" "L" -8 1 37.4333333333333 0.333 0.333 2.6 4.2 3.2 53.8 6 0 18.2 13.8 91 104 10.5 1
"50" "50" 1999-05-05 20.98 "VAN" "@" "SAC" "L" -4 1 35.5333333333333 0.563 0.5 0 2.6 1.4 36.8 1.3 0 5.3 22.2 123 108 17.2 5.9
"1" "1" 1999-11-02 21.47 "VAN" "" "POR" "L" -20 1 33.2333333333333 0.506 0.5 3.2 4.2 3.6 51.2 1.6 0 8.4 16.3 118 121 11.8 3.2
"2" "2" 1999-11-03 21.48 "VAN" "@" "LAL" "L" -15 1 35.5666666666667 0.337 0.273 2.9 3.3 3.1 20.5 2.9 0 20.2 18.3 71 113 3.5 -7.9
"3" "3" 1999-11-06 21.48 "VAN" "" "DEN" "W" 15 1 35.75 0.599 0.583 3.9 17.5 11.1 59.8 1.6 0 6.6 20.5 148 111 22 9.8
"4" "4" 1999-11-10 21.5 "VAN" "" "ATL" "W" 5 1 40.1333333333333 0.758 0.727 2.9 3 2.9 23.8 2.6 0 29.6 19.1 111 100 14.1 -0.9
"5" "5" 1999-11-12 21.5 "VAN" "" "GSW" "L" -10 1 32.6333333333333 0.51 0.4 6.8 6.8 6.8 29 1.5 0 40.5 12.5 91 109 6.8 -4.4
"6" "6" 1999-11-14 21.51 "VAN" "" "LAC" "W" 20 1 32.7666666666667 0.5 0.5 8.6 9.9 9.3 23.1 1.6 0 23.1 18.4 102 97 8.3 -6
"7" "7" 1999-11-16 21.51 "VAN" "@" "SAC" "L" -4 1 36.9666666666667 0.276 0.3 0 6.3 3.6 23.9 1.3 0 21.6 15.8 60 89 0.6 -7.9
"8" "8" 1999-11-18 21.52 "VAN" "" "SEA" "L" -2 1 30.7166666666667 0.604 0.611 0 14.6 8.5 24 0 0 21.8 19.5 111 118 8.3 -4.6
"9" "9" 1999-11-21 21.53 "VAN" "" "MIN" "L" -24 1 36.45 0.519 0.278 0 3.3 1.6 10.5 4.4 0 7.4 17.7 112 113 10 0.6
"10" "10" 1999-11-23 21.53 "VAN" "@" "WAS" "L" -2 1 33.3666666666667 0.313 0.313 3.5 7.3 5.3 14 5 2.1 33.3 16.3 57 97 1.7 -6.3
"11" "11" 1999-11-24 21.53 "VAN" "@" "CHH" "L" -16 1 31.3333333333333 0.541 0.429 0 0 0 36.6 0 0 32.5 17.3 87 100 3.9 -5.1
"12" "12" 1999-11-26 21.54 "VAN" "@" "IND" "L" -19 1 32.3166666666667 0.324 0.308 7.5 18.2 12.3 40.4 1.7 0 17.8 24.1 80 118 6.6 -4.7
"13" "13" 1999-11-27 21.54 "VAN" "@" "MIN" "L" -31 1 25.9666666666667 0.342 0.286 9.5 5.6 7.7 29.5 0 0 10.2 16.8 92 131 5.3 -5.1
"14" "14" 1999-11-29 21.55 "VAN" "" "HOU" "L" -8 1 39.2166666666667 0.593 0.556 5.8 3.3 4.6 25.4 6.9 0 22.2 31.5 103 113 17.4 3.3
"15" "15" 1999-12-01 21.55 "VAN" "" "IND" "L" -7 1 32.6 0.508 0.5 0 14.3 7.2 34.4 1.7 0 20.2 14.3 105 108 7.4 -0.6
"16" "16" 1999-12-03 21.56 "VAN" "" "CHH" "L" -19 1 31.5833333333333 0.466 0.5 0 4.3 2.2 42.9 3.1 2.1 38.3 14.9 86 116 7.9 -1.1
"17" "17" 1999-12-06 21.57 "VAN" "@" "HOU" "L" -3 1 33.8666666666667 0.5 0.5 3.7 10.1 7.1 9.1 0 0 26.7 20 82 120 3.5 -10.3
"18" "18" 1999-12-07 21.57 "VAN" "@" "DAL" "W" 9 1 30.0166666666667 0.553 0.5 3.6 14.5 9 37.3 0 0 7.8 17.8 131 106 13.4 3.6
"19" "19" 1999-12-09 21.58 "VAN" "@" "SAS" "L" -8 1 36.25 0.589 0.545 0 19.8 8.3 33.3 1.5 0 14.4 18.5 115 115 13.4 3.2
"20" "20" 1999-12-11 21.58 "VAN" "" "LAL" "L" -12 1 37.65 0.628 0.588 0 13.7 6.4 37.9 0 0 9.8 26 130 127 18.3 6.5
"21" "21" 1999-12-13 21.59 "VAN" "@" "LAC" "L" -12 1 32.9833333333333 0.579 0.417 0 3.5 1.9 15.5 0 0 18.8 14.8 111 123 6.2 -5.2
"22" "22" 1999-12-15 21.59 "VAN" "" "SAC" "L" -3 1 38.3833333333333 0.607 0.529 5.1 7 6.1 49.3 2.3 0 4.5 23.9 137 102 26.3 12.8
"23" "23" 1999-12-18 21.6 "VAN" "@" "SEA" "L" -23 1 38.15 0.484 0.462 0 6.6 3.3 43.1 1.4 0 18.2 20.8 95 124 8.9 -4.5
"24" "24" 1999-12-19 21.6 "VAN" "" "LAC" "W" 1 1 40.8333333333333 0.464 0.464 2.7 9.5 5.8 30.6 4 2.1 26.3 21.9 83 94 9.7 -2.3
"25" "25" 1999-12-23 21.61 "VAN" "" "DEN" "W" 2 1 43.05 0.543 0.5 0 25.1 11.8 40.5 2.5 0 13.4 15.3 117 100 17.2 3.3
"26" "26" 1999-12-26 21.62 "VAN" "@" "DEN" "L" -23 1 34.5166666666667 0.467 0.467 2.9 3.8 3.3 56.2 1.5 0 16.7 22.8 95 118 11.1 -1
"27" "27" 1999-12-27 21.62 "VAN" "" "PHI" "L" -7 1 44.5 0.443 0.421 2.6 4.7 3.7 44.1 3.7 0 9 23.2 110 114 18.1 3.6
"28" "28" 1999-12-29 21.63 "VAN" "@" "UTA" "L" -11 1 44.4166666666667 0.441 0.4 0 8.1 3.5 34.3 1.2 1.8 15.9 20.4 94 118 10 -2
"29" "29" 1999-12-30 21.63 "VAN" "" "SAS" "L" -10 1 42.6666666666667 0.626 0.567 2.5 9.3 5.5 47.1 0 0 5.6 20 139 119 20.4 5.9
"30" "30" 2000-01-04 21.65 "VAN" "@" "MIA" "W" 4 1 40.8833333333333 0.624 0.633 2.4 12 6.7 23.9 4 0 18.5 23.6 112 96 16 7.7
"31" "31" 2000-01-05 21.65 "VAN" "@" "ORL" "L" -20 1 33.7166666666667 0.589 0.545 0 9.1 4 49 0 0 29.6 20.9 100 127 9.4 -2.5
"32" "32" 2000-01-07 21.65 "VAN" "@" "NJN" "W" 10 1 38.65 0.635 0.571 6.7 18.7 13.3 40.1 2.7 0 20.2 22.3 126 97 19.2 6.4
"33" "33" 2000-01-09 21.66 "VAN" "@" "TOR" "W" 10 1 40.9166666666667 0.517 0.375 2.9 13.3 8.4 23.8 2.6 0 27.3 16 97 106 10.6 -1.7
"34" "34" 2000-01-10 21.66 "VAN" "@" "BOS" "W" 9 1 42.8166666666667 0.758 0.75 2.8 5 3.9 19.8 3.6 0 12.1 25 141 113 26.3 10.8
"35" "35" 2000-01-12 21.67 "VAN" "" "PHO" "L" -3 1 38.2 0.392 0.273 7 13.8 11.1 35.7 0 0 13.6 17.5 99 109 8.1 -5.4
"36" "36" 2000-01-14 21.67 "VAN" "" "CLE" "L" -2 1 29.6 0.284 0.182 0 7.4 3.9 23 0 2.2 24.5 25.3 56 95 -0.6 -13
"37" "37" 2000-01-16 21.68 "VAN" "" "MIA" "L" -11 1 42.8833333333333 0.512 0.417 5.3 5.9 5.6 35.4 9.4 0 0 17.1 128 104 23.1 10.9
"38" "38" 2000-01-20 21.69 "VAN" "" "UTA" "L" -5 1 43.6 0.583 0.556 5 2.9 4 33.8 4.8 0 17.5 23.4 112 102 21 8.4
"39" "39" 2000-01-22 21.7 "VAN" "" "ORL" "L" -3 1 35.35 0.1 0.1 6.4 6.2 6.3 37 4.6 0 28.6 17 51 94 1.2 -6.6
"40" "40" 2000-01-24 21.7 "VAN" "@" "DEN" "L" -12 1 39.45 0.483 0.438 11.4 5.5 8.4 39 1.3 1.7 9.7 22.6 115 120 17.8 4.6
"41" "41" 2000-01-26 21.71 "VAN" "@" "UTA" "W" 17 1 38.0833333333333 0.774 0.733 7.9 13.3 10.8 44.7 5.8 0 10 25 159 107 32.6 18.1
"42" "42" 2000-01-27 21.71 "VAN" "" "NJN" "W" 2 1 38.55 0.373 0.346 0 3.5 1.8 38.6 4 0 0 17.6 105 114 13.3 0.8
"43" "43" 2000-01-31 21.72 "VAN" "" "MIL" "L" -5 1 42.9333333333333 0.477 0.4 5.1 0 2.6 48.9 1.2 1.6 19.3 20.9 109 105 14.6 4.5
"44" "44" 2000-02-02 21.73 "VAN" "@" "GSW" "L" -6 1 38.7166666666667 0.454 0.423 2.6 10.9 6 19.3 1.4 0 21.8 19.8 92 117 7.2 -6.7
"45" "45" 2000-02-04 21.73 "VAN" "" "CHI" "W" 25 1 26.7333333333333 0.673 0.636 4.6 8.7 6.7 43.9 4.1 0 0 20.8 158 87 18.5 16.2
"46" "46" 2000-02-06 21.74 "VAN" "" "DAL" "L" -4 1 34.05 0.4 0.4 3 10.4 6.4 45.1 1.6 2.2 21.1 24.2 86 107 6.4 -3.7
"47" "47" 2000-02-08 21.74 "VAN" "@" "PHO" "L" -18 1 36.05 0.403 0.357 0 9.5 3.7 26.2 1.5 0 6.3 20.3 90 112 7.6 -1.9
"48" "48" 2000-02-10 21.75 "VAN" "@" "LAC" "W" 22 1 43.05 0.509 0.417 3.3 8.2 6 22.6 0 0 17.9 17.4 114 104 10.2 -4.4
"49" "49" 2000-02-16 21.76 "VAN" "" "WAS" "W" 5 1 42.05 0.64 0.542 0 4.5 2.5 30.6 4 0 15.5 21.6 125 103 18.9 6.3
"50" "50" 2000-02-18 21.77 "VAN" "@" "MIN" "L" -12 1 37.15 0.605 0.571 3.5 19.7 11.1 40 2.8 0 28.7 26.1 99 108 14 2.5
"51" "51" 2000-02-19 21.77 "VAN" "@" "MIL" "W" 11 1 37.0333333333333 0.481 0.3 0 7.4 3.7 40.4 1.4 0 0 18.1 128 112 15 -1.1
"52" "52" 2000-02-21 21.78 "VAN" "@" "CLE" "L" -1 1 47.1333333333333 0.531 0.52 2.6 5.5 4 45.4 4.7 0 23.9 32.8 95 113 18.9 -1.4
"53" "53" 2000-02-22 21.78 "VAN" "@" "CHI" "W" 4 1 42.4333333333333 0.392 0.409 10.2 2.7 6.5 46.8 4 0 13.6 17.2 103 96 13 0.9
"54" "54" 2000-02-24 21.79 "VAN" "" "BOS" "L" -24 1 37.7333333333333 0.5 0.5 3.2 7 5 30.7 1.4 0 35.3 21.2 74 112 5.8 -5.9
"55" "55" 2000-02-26 21.79 "VAN" "" "SAC" "W" 12 1 44.7333333333333 0.503 0.472 0 8.9 4.8 54.1 2.3 0 17.5 23.1 112 97 18.9 2.8
"56" "56" 2000-02-29 21.8 "VAN" "@" "SAC" "L" -25 1 39.9166666666667 0.576 0.538 0 11.4 5.9 50 1.3 0 25.3 22.8 104 122 14.3 -0.9
"57" "57" 2000-03-01 21.8 "VAN" "@" "LAL" "L" -12 1 37.3 0.5 0.5 3.5 2.9 3.2 37.7 0 0 25 19.9 100 123 7.8 -1.6
"58" "58" 2000-03-03 21.81 "VAN" "@" "POR" "L" -10 1 45.6833333333333 0.799 0.769 2.5 0 1.4 61.9 1.1 1.7 20.4 20.5 139 116 26.1 11.1
"59" "59" 2000-03-05 21.81 "VAN" "" "TOR" "L" -2 1 45.7 0.328 0.267 0 12.1 6.1 30 1.2 2.8 5.6 18.5 87 107 9.4 -2.9
"60" "60" 2000-03-07 21.82 "VAN" "@" "NYK" "L" -25 1 31.35 0.609 0.545 0 32.3 11.6 29.1 1.8 0 0 19.3 138 125 14.6 6.6
"61" "61" 2000-03-08 21.82 "VAN" "@" "PHI" "L" -17 1 37.1166666666667 0.689 0.7 0 12.4 6.9 51.4 0 0 31.5 19.7 107 118 12.8 1.1
"62" "62" 2000-03-10 21.83 "VAN" "@" "DET" "L" -14 1 38.3166666666667 0.403 0.364 6.8 13.3 10.1 45.6 1.4 0 18 19.7 96 120 10.2 -3.4
"63" "63" 2000-03-11 21.83 "VAN" "@" "ATL" "L" -5 1 43 0.605 0.615 3 11.2 6.7 23.9 3.9 0 5.7 20.5 128 103 18.3 6.4
"64" "64" 2000-03-13 21.84 "VAN" "" "SEA" "L" -10 1 40.8833333333333 0.4 0.4 3.3 5.6 4.5 30.1 2.5 1.6 16.7 20 95 122 9.6 -4.9
"65" "65" 2000-03-16 21.84 "VAN" "@" "SEA" "L" -14 1 38.85 0.786 0.75 3.7 10.9 7.3 47.2 0 0 21.5 21.3 138 127 22.9 5.3
"66" "66" 2000-03-17 21.85 "VAN" "" "PHO" "L" -15 1 27.1 0.295 0.273 4.7 4 4.3 23.5 5.3 2.2 20.2 25 61 96 2.7 -6.4
"67" "67" 2000-03-19 21.85 "VAN" "" "DET" "L" -2 1 44.3666666666667 0.636 0.636 0 3.1 1.6 30.4 2.4 0 38.9 17.9 97 115 10.3 -3.2
"68" "68" 2000-03-21 21.86 "VAN" "" "GSW" "W" 16 1 32.5333333333333 0.506 0.444 0 12.1 6.3 37.3 1.6 0 0 13 135 94 12.3 1.6
"69" "69" 2000-03-25 21.87 "VAN" "" "UTA" "L" -9 1 42.0166666666667 0.409 0.385 4.7 12.4 8.4 46.2 1.4 1.7 27.1 20.5 82 101 9.4 0.4
"70" "70" 2000-03-29 21.88 "VAN" "" "LAL" "L" -9 1 41.6833333333333 0.409 0.409 0 2.7 1.5 45.2 0 0 35.3 19.8 90 132 6.2 -9.2
"71" "71" 2000-03-31 21.88 "VAN" "" "NYK" "L" -6 1 41.0166666666667 0.463 0.409 3.4 2.5 2.9 41.3 0 1.7 25.2 19.5 96 109 8.4 -3.6
"72" "72" 2000-04-02 21.89 "VAN" "" "DAL" "L" -14 1 39.8833333333333 0.474 0.385 4.8 27 14.7 48.9 8.8 0 28.9 23 88 89 18.5 6.8
"73" "73" 2000-04-04 21.9 "VAN" "" "HOU" "W" 2 1 41.35 0.62 0.6 2.4 8.4 5.1 44.8 2.4 0 8.4 24.9 125 106 24.4 7.5
"74" "74" 2000-04-06 21.9 "VAN" "" "POR" "W" 2 1 42.9666666666667 0.519 0.536 6.8 5.1 5.8 39.9 2.7 0 25.7 23.6 99 110 12.5 -2.9
"75" "75" 2000-04-08 21.91 "VAN" "@" "POR" "L" -13 1 40.15 0.5 0.5 3.5 13.3 7.9 42.9 3.1 0 14.3 18.2 114 123 13 2.9
"76" "76" 2000-04-09 21.91 "VAN" "" "SAS" "L" -8 1 44.4833333333333 0.632 0.632 0 10.2 4.6 34.8 2.5 0 5 22.2 129 122 21.8 6.9
"77" "77" 2000-04-11 21.92 "VAN" "@" "GSW" "L" -12 1 43.4 0.564 0.375 0 8.2 4.3 27.5 0 0 27.3 16 104 123 10.8 -5.3
"78" "78" 2000-04-12 21.92 "VAN" "@" "PHO" "L" -6 1 51.4166666666667 0.533 0.5 2.1 14.4 7.3 37.2 2.1 0 10.6 16.4 127 120 18.7 2.5
"79" "79" 2000-04-14 21.92 "VAN" "" "MIN" "L" -10 1 54.45 0.598 0.6 0 7.2 3.5 42.4 2.2 0 0 15.1 142 110 22.6 8.8
"80" "80" 2000-04-16 21.93 "VAN" "@" "DAL" "L" -8 1 43.6666666666667 0.433 0.433 0 11.1 5.7 26.9 1.2 0 16.7 18.1 92 122 8.8 -6
"81" "81" 2000-04-17 21.93 "VAN" "@" "SAS" "L" -7 1 37.5 0.41 0.375 0 6.5 3.4 31.3 1.5 0 9.3 14.9 97 124 7.1 -5.6
"82" "82" 2000-04-19 21.94 "VAN" "@" "HOU" "W" 4 1 37.5833333333333 0.447 0.412 0 13 6.7 38.6 2.8 0 18.3 27.4 92 103 10.9 -3.5
"1" "1" 2000-10-31 22.47 "VAN" "" "SEA" "W" 6 1 40.55 0.409 0.412 0 23 11.4 34.2 3.6 0 0 19.1 103 86 16.6 1.5
"2" "2" 2000-11-02 22.47 "VAN" "@" "LAC" "W" 8 1 39.4166666666667 0.308 0.294 0 6.7 2.9 20.6 1.4 0 14.4 22.9 72 107 2.4 -12.1
"3" "3" 2000-11-04 22.48 "VAN" "" "LAL" "L" -9 1 34.8166666666667 0.719 0.719 3.7 15.9 10.3 63.5 0 0 20 25.9 115 104 18.8 8.9
"4" "4" 2000-11-06 22.48 "VAN" "" "ATL" "W" 10 1 36.8166666666667 0.514 0.4 0 5.8 2.9 30.2 4 0 19.2 17.8 98 90 10.8 -1.1
"5" "5" 2000-11-08 22.49 "VAN" "@" "DAL" "W" 27 1 31.4166666666667 0.461 0.375 0 17.3 10.1 26.9 0 0 29.1 19 86 82 5.4 -5.4
"6" "6" 2000-11-09 22.49 "VAN" "@" "HOU" "L" -7 1 37.6833333333333 0.417 0.417 0 18 9.4 30.7 3 0 29.4 23.3 74 96 5.5 -3.9
"7" "7" 2000-11-11 22.5 "VAN" "@" "SAS" "L" -13 1 37.0166666666667 0.373 0.308 0 18 7.3 40.2 4.2 0 21.3 23.2 74 96 8.8 -1.4
"8" "8" 2000-11-16 22.51 "VAN" "" "LAC" "L" -4 1 37.3 0.423 0.423 3.5 2.9 3.2 44.3 0 0 18.8 22.5 89 109 5.6 -5.5
"9" "9" 2000-11-18 22.52 "VAN" "" "DAL" "L" -3 1 41.7333333333333 0.306 0.318 5.2 0 2.9 38.6 2.5 0 20.8 16.4 83 107 7.4 -5.1
"10" "10" 2000-11-20 22.52 "VAN" "" "DEN" "L" -3 1 39.1 0.533 0.5 2.7 10.9 6.8 28 1.3 2 19.2 23.2 99 104 13 1.7
"11" "11" 2000-11-22 22.53 "VAN" "@" "MIN" "L" -1 1 39.9666666666667 0.86 0.806 0 15.3 9 34.7 0 0 12.2 28.9 151 111 33.7 13.6
"12" "12" 2000-11-24 22.53 "VAN" "@" "DET" "L" -22 1 37.05 0.506 0.45 5.9 4.1 5.1 40.5 2.6 0 8.4 13 128 120 14.6 3.5
"13" "13" 2000-11-26 22.54 "VAN" "@" "BOS" "W" 11 1 33.3166666666667 0.505 0.5 0 6.5 3.2 59.6 1.4 0 23.7 21.3 101 90 11.4 1.3
"14" "14" 2000-11-27 22.54 "VAN" "@" "NYK" "L" -25 1 35.45 0.612 0.577 0 18 7.7 44.7 3.1 0 12.6 21.6 113 106 15.6 7.5
"15" "15" 2000-11-29 22.55 "VAN" "" "PHO" "W" 3 1 53.9833333333333 0.337 0.289 0 2 1.1 26.3 1.9 0 8.8 19 80 99 6.6 -4.1
"16" "16" 2000-12-01 22.55 "VAN" "" "IND" "L" -10 1 48.7833333333333 0.25 0.25 3.9 8.3 5.8 48.7 2.4 1.4 15.8 19.1 71 98 8 -1.4
"17" "17" 2000-12-03 22.56 "VAN" "" "SAS" "L" -18 1 35.5333333333333 0.379 0.318 0 4 1.7 28.5 1.6 0 14.4 18.4 88 118 6 -4.2
"18" "18" 2000-12-05 22.56 "VAN" "" "DET" "W" 8 1 39.2 0.553 0.5 6.3 6.2 6.2 49.5 2.9 0 7.8 16.3 131 98 17.8 6.5
"19" "19" 2000-12-07 22.57 "VAN" "@" "UTA" "L" -11 1 41.9166666666667 0.541 0.429 3.3 3.3 3.3 31 2.5 0 26.5 25.3 94 109 10.6 -3.6
"20" "20" 2000-12-09 22.58 "VAN" "" "PHI" "L" -4 1 38.4166666666667 0.612 0.577 3.1 2.9 3 62.9 2.7 0 22.4 21.5 105 94 14.8 7.1
"21" "21" 2000-12-11 22.58 "VAN" "" "HOU" "L" -7 1 36.4833333333333 0.571 0.571 0 6.5 3 45.2 1.6 0 0 19.7 124 101 15.1 8.6
"22" "22" 2000-12-13 22.59 "VAN" "" "SEA" "L" -1 1 37.2333333333333 0.539 0.464 0 10.8 4.7 27.6 1.4 2 11.3 21.6 109 105 13.6 2.5
"23" "23" 2000-12-15 22.59 "VAN" "@" "LAL" "L" -22 1 28.0333333333333 0.545 0.545 0 3.6 1.8 23.7 3.8 0 21.4 23.5 87 109 8.1 0
"24" "24" 2000-12-17 22.6 "VAN" "" "ORL" "L" -10 1 34.6666666666667 0.738 0.708 0 7.4 3.3 25.6 0 0 0 17.5 164 128 16.8 6.3
"25" "25" 2000-12-20 22.61 "VAN" "" "WAS" "W" 14 1 38.1833333333333 0.802 0.786 0 10 5.4 51.6 0 1.7 11 20.8 157 112 27 11.7
"26" "26" 2000-12-22 22.61 "VAN" "" "SAC" "L" -2 1 41.6333333333333 0.514 0.464 0 18.2 8.7 46.2 3.8 0 14.6 21.7 113 101 20.2 9
"27" "27" 2000-12-23 22.61 "VAN" "@" "LAC" "L" -2 1 39.5333333333333 0.75 0.75 2.8 11.4 7.1 19.6 2.6 0 29.4 19 105 99 13.7 0.1
"28" "28" 2000-12-26 22.62 "VAN" "" "PHO" "L" -2 1 41.2833333333333 0.666 0.607 3.8 6.7 5.3 29.7 1.3 0 24.1 24.1 112 105 14.2 0.1
"29" "29" 2000-12-29 22.63 "VAN" "@" "POR" "L" -23 1 34.6833333333333 0.35 0.35 0 14.4 7.4 50.5 5.7 0 41.2 23.3 62 103 7.1 -5.3
"30" "30" 2000-12-30 22.63 "VAN" "" "GSW" "L" -1 1 44.55 0.521 0.5 0 7.6 4 30.8 1.1 0 13 14.5 112 107 13.4 -0.5
"31" "31" 2001-01-03 22.64 "VAN" "" "CHH" "W" 10 1 44.1666666666667 0.615 0.571 0 6.4 3.9 38.5 3.6 1.4 10.5 20.7 124 97 22.4 9.6
"32" "32" 2001-01-05 22.65 "VAN" "@" "PHO" "L" -32 1 38.7 0.441 0.4 2.5 13.7 7.2 46.3 3.8 0 23.9 23.3 78 110 10.7 -1.1
"33" "33" 2001-01-07 22.65 "VAN" "" "MIL" "W" 3 1 44.75 0.508 0.429 0 20 12.8 39.7 4.1 0 24.1 19.1 108 105 19.3 2
"34" "34" 2001-01-09 22.66 "VAN" "" "DEN" "L" -7 1 43.6 0.639 0.639 0 7.4 4.5 35 0 0 5.3 19.1 135 121 19.7 3.2
"35" "35" 2001-01-12 22.67 "VAN" "@" "SEA" "L" -13 1 45.7666666666667 0.442 0.438 2.3 8.9 5.2 59.5 2.1 0 10.8 26 103 116 21.6 2.7
"36" "36" 2001-01-13 22.67 "VAN" "" "CLE" "W" 12 1 38.6833333333333 0.658 0.654 0 7.7 4.7 55.7 0 0 16.5 22 137 119 20.8 3.3
"37" "37" 2001-01-15 22.68 "VAN" "@" "LAL" "L" -1 1 48.2 0.361 0.342 4.7 14.1 9.4 23.2 2.1 0 12.6 21.4 84 106 9.2 -3.5
"38" "38" 2001-01-17 22.68 "VAN" "@" "DEN" "L" -24 1 34.1 0.231 0.231 0 18.4 8.8 51.7 1.5 0 13.3 18.2 73 123 6.9 -7.1
"39" "39" 2001-01-19 22.69 "VAN" "" "MIA" "L" -11 1 43.8666666666667 0.396 0.385 0 10.6 5.4 32 0 0 22.4 19.1 81 115 5.4 -7.1
"40" "40" 2001-01-21 22.69 "VAN" "" "MIN" "L" -2 1 42.8 0.594 0.594 0 7.4 4.2 30.8 3.9 0 20 23.2 105 109 16.5 2.4
"41" "41" 2001-01-23 22.7 "VAN" "@" "SAS" "L" -33 1 34.9333333333333 0.398 0.367 6.2 6.9 6.5 17.8 3 0 15.5 24.9 78 119 6 -3.1
"42" "42" 2001-01-25 22.7 "VAN" "@" "DAL" "L" -37 1 33.8666666666667 0.553 0.45 0 3.5 1.7 31.6 0 0 7.8 17.5 121 142 9.2 -4.1
"43" "43" 2001-01-26 22.71 "VAN" "@" "HOU" "L" -17 1 35.1166666666667 0.412 0.412 0 6.1 3.1 36.1 0 0 10.5 25.9 89 123 8.7 -4.3
"44" "44" 2001-01-29 22.72 "VAN" "" "NJN" "W" 11 1 41.5 0.47 0.464 3.5 8.4 6.2 56.3 1.2 0 16.8 20.3 102 97 12.6 -1.3
"45" "45" 2001-01-31 22.72 "VAN" "@" "PHO" "L" -9 1 43.3 0.658 0.611 0 23.5 11.2 28 1.2 0 20.2 25.4 109 109 18 2.5
"46" "46" 2001-02-02 22.73 "VAN" "@" "SAC" "L" -10 1 38.9833333333333 0.617 0.531 0 6.5 2.8 37.3 2.6 0 13.9 23.2 119 113 19 6.9
"47" "47" 2001-02-03 22.73 "VAN" "" "CHI" "W" 7 1 39.4166666666667 0.825 0.821 3.1 10 6.9 47.4 1.4 0 6 20.5 163 100 28 15.9
"48" "48" 2001-02-05 22.73 "VAN" "@" "SEA" "L" -13 1 37.75 0.724 0.7 3.6 2.9 3.2 42.9 2.9 0 20.1 26.9 120 111 18.4 7
"49" "49" 2001-02-07 22.74 "VAN" "" "UTA" "L" -10 1 28.7166666666667 0.394 0.313 0 12.7 6.2 64.4 1.8 0 18.4 18 95 103 7.9 -0.3
"50" "50" 2001-02-13 22.76 "VAN" "" "BOS" "W" 1 1 43.35 0.746 0.767 0 11.4 7.1 51.5 3.5 3.7 15.2 20.3 137 97 27.5 14.1
"51" "51" 2001-02-15 22.76 "VAN" "" "GSW" "W" 10 1 40.4666666666667 0.693 0.7 0 6.5 4 16.9 1.3 1.5 15.9 22.6 111 99 15.5 1.7
"52" "52" 2001-02-16 22.76 "VAN" "@" "GSW" "W" 13 1 36.6333333333333 0.715 0.727 0 3.3 1.8 31.4 1.5 0 25.2 21.4 113 99 13.5 2.7
"53" "53" 2001-02-18 22.77 "VAN" "@" "MIN" "W" 8 1 43.2333333333333 0.385 0.375 2.5 0 1.2 15.8 2.4 0 10.6 19 92 115 7.2 -6.7
"54" "54" 2001-02-20 22.78 "VAN" "@" "WAS" "W" 12 1 40.15 0.417 0.417 0 10.2 5.8 39.8 0 0 20 15.8 106 112 9.3 -5
"55" "55" 2001-02-21 22.78 "VAN" "@" "PHI" "L" -16 1 40.85 0.451 0.292 2.8 4.6 3.8 31.2 2.5 0 24.4 21.8 85 116 8.9 -2.6
"56" "56" 2001-02-23 22.78 "VAN" "@" "MIL" "L" -12 1 44.65 0.858 0.867 0 11.1 5.6 47.7 2.4 0 26.9 23.4 116 102 23.9 10.3
"57" "57" 2001-02-24 22.79 "VAN" "@" "CHI" "L" -15 1 46.0333333333333 0.235 0.235 2.7 9.7 6.4 61.5 1.2 0 29.2 24 65 103 4.3 -8.2
"58" "58" 2001-02-27 22.79 "VAN" "" "DAL" "L" -4 1 38.45 0.722 0.722 9 4.1 6.4 35.4 0 0 30.8 30.2 109 125 15.8 -0.9
"59" "59" 2001-02-28 22.8 "VAN" "@" "UTA" "L" -18 1 35.1166666666667 0.638 0.625 0 5.3 2.1 33.7 0 0 18.4 22.8 113 132 12.5 -0.8
"60" "60" 2001-03-03 22.81 "VAN" "" "LAL" "L" -10 1 36.4 0.188 0.188 0 9.3 4.3 33.3 0 0 5.9 21.6 57 112 1.1 -12.8
"61" "61" 2001-03-05 22.81 "VAN" "" "SAS" "L" -14 1 40.4 0.711 0.688 0 11.8 6.7 48 0 0 22.9 27 110 107 18.1 5
"62" "62" 2001-03-06 22.81 "VAN" "@" "POR" "W" 8 1 34.7 0.513 0.5 4.3 0 1.8 42.7 1.5 0 22.7 24.9 101 113 11.8 -0.7
"63" "63" 2001-03-09 22.82 "VAN" "" "POR" "W" 10 1 34.3 0.381 0.357 3.5 9.6 6.7 23.6 0 0 0 23 102 107 7.3 -6.9
"64" "64" 2001-03-11 22.83 "VAN" "" "TOR" "L" -17 1 35.5 0.615 0.615 0 9.8 5.1 32.6 0 0 0 18.6 130 119 14.5 3.2
"65" "65" 2001-03-13 22.83 "VAN" "@" "ATL" "L" -10 1 38.2333333333333 0.711 0.711 0 13.2 7.3 19.6 1.4 0 9.5 26.8 131 119 20.2 4.9
"66" "66" 2001-03-14 22.84 "VAN" "@" "CHH" "L" -5 1 42.55 0.611 0.611 6.3 7.8 7.1 45.6 3.7 0 14.3 22.4 122 107 23 10.6
"67" "67" 2001-03-16 22.84 "VAN" "@" "ORL" "L" -4 1 33.4333333333333 0.631 0.591 4 3.6 3.8 17 3.3 0 20.2 22 104 116 10.6 -2
"68" "68" 2001-03-17 22.84 "VAN" "@" "MIA" "L" -14 1 35.4666666666667 0.227 0.227 8.7 0 5.1 9.1 1.6 0 26.7 19.8 52 117 -2.2 -13.5
"69" "69" 2001-03-20 22.85 "VAN" "@" "NJN" "L" -14 1 40.7833333333333 0.554 0.5 2.5 10.6 5.9 23.9 0 0 12.6 26.1 105 118 13.9 -0.7
"70" "70" 2001-03-22 22.86 "VAN" "@" "CLE" "L" -14 1 36.9333333333333 0.552 0.533 0 3.3 1.7 29.6 3 0 5.5 24.2 116 126 14.5 0.5
"71" "71" 2001-03-23 22.86 "VAN" "@" "IND" "L" -20 1 30.8833333333333 0.292 0.292 2.9 7.7 4.9 48 0 0 36.8 26.6 49 111 -1.7 -16.1
"72" "72" 2001-03-25 22.87 "VAN" "@" "TOR" "L" -10 1 41.8166666666667 0.5 0.5 2.7 9.9 6.4 33.8 0 0 23.1 14.6 99 117 9.4 -4.2
"73" "73" 2001-03-29 22.88 "VAN" "" "NYK" "W" 21 1 36.7 0.615 0.615 0 11.5 6.4 40.5 0 0 18.8 22.3 106 83 13.5 2.5
"74" "74" 2001-04-01 22.88 "VAN" "" "UTA" "L" -19 1 37.8 0.591 0.591 0 6.6 3 53.1 1.5 0 8.3 15.4 126 115 14.2 5.1
"75" "75" 2001-04-04 22.89 "VAN" "" "LAC" "W" 8 1 40.2 0.441 0.4 0 17.1 9.1 60.5 0 0 0 19.4 119 93 16.4 6.1
"76" "76" 2001-04-06 22.9 "VAN" "" "SAC" "L" -28 1 29.9333333333333 0.425 0.4 0 8 3.5 48.6 1.7 0 14.5 20.3 96 128 9.3 -2.5
"77" "77" 2001-04-07 22.9 "VAN" "@" "DEN" "L" -1 1 43.8 0.612 0.654 7.1 12.1 9.6 69.5 2.3 0 22.4 17.6 121 104 24.1 8.1
"78" "78" 2001-04-10 22.91 "VAN" "" "MIN" "L" -13 1 26.5166666666667 0.466 0.458 0 14.2 6.4 38.5 2 0 0 22.4 111 114 10.9 2
"79" "79" 2001-04-12 22.92 "VAN" "" "POR" "L" -13 1 42.1 0.667 0.667 0 12.2 6.5 34.6 1.3 3 14.3 25.8 113 113 21.9 7.3
"80" "80" 2001-04-14 22.92 "VAN" "" "HOU" "L" -5 1 43.5 0.222 0.222 0 6.8 2.5 50.8 2.5 2.1 5.3 18.2 92 115 11.1 -1.4
"81" "81" 2001-04-16 22.93 "VAN" "@" "SAC" "L" -10 1 43.3166666666667 0.441 0.441 2.6 9.7 6.3 34.4 2.2 0 15 20 94 112 11.9 -2.1
"82" "82" 2001-04-18 22.93 "VAN" "@" "GSW" "W" 14 1 42.2666666666667 0.342 0.342 6.2 0 2.9 30.3 1.3 1.3 20.8 24 84 107 5.7 -6.9
"1" "1" 2001-10-30 23.47 "SAC" "" "SEA" "W" 6 1 37.2666666666667 0.563 0.5 2.5 20.2 10.7 24.9 2.7 1.8 13.1 17.9 112 94 15.9 4.9
"2" "2" 2001-11-03 23.48 "SAC" "@" "DEN" "W" 12 1 26.2 0.237 0.25 0 15.7 8.3 11.1 2 0 19.2 18.1 51 101 -1.2 -14.8
"3" "3" 2001-11-04 23.48 "SAC" "" "SAS" "W" 20 1 37.0166666666667 0.533 0.471 5.8 6.9 6.4 20.5 2.7 0 5.1 22.1 122 90 17.3 5.5
"4" "4" 2001-11-06 23.48 "SAC" "@" "CLE" "W" 16 1 31.0166666666667 0.6 0.6 0 0 0 27.2 0 0 0 21.5 140 113 14.5 3.9
"5" "5" 2001-11-07 23.49 "SAC" "@" "IND" "L" -12 1 34.6666666666667 0.506 0.471 0 10 4.7 10.1 0 0 9.6 24.5 103 122 9.4 -5.9
"6" "6" 2001-11-09 23.49 "SAC" "@" "ORL" "L" -10 1 41 0.507 0.467 2.4 6.5 4.5 36.6 2.2 0 15.2 19.2 105 110 14.2 2.7
"7" "7" 2001-11-10 23.5 "SAC" "@" "MIA" "W" 15 1 35.3833333333333 0.282 0.25 3.4 10 6.8 24.3 0 0 31.1 17.1 61 92 0.9 -8.2
"8" "8" 2001-11-13 23.5 "SAC" "" "TOR" "W" 9 1 34.9333333333333 0.625 0.625 3.4 3.3 3.4 10.8 1.5 2 11.1 22.6 119 102 14.9 6.2
"9" "9" 2001-11-16 23.51 "SAC" "" "CHI" "W" 34 1 24.8166666666667 0.735 0.75 0 14.4 6.9 20.9 2 0 8.4 21.5 135 78 14 8.1
"10" "10" 2001-11-18 23.52 "SAC" "@" "LAL" "L" -8 1 32.3666666666667 0.384 0.308 0 13.9 7.5 23.1 0 0 20.4 26.8 71 105 2.8 -9.2
"11" "11" 2001-11-19 23.52 "SAC" "" "HOU" "W" 36 1 32.6 0.36 0.308 3.5 9.5 6.7 17.2 6.3 0 12.6 21.4 88 78 8.8 -0.9
"12" "12" 2001-11-21 23.53 "SAC" "" "POR" "W" 12 1 38.1833333333333 0.64 0.563 5.3 9 7 13.7 2.8 0 4.9 23.6 137 92 21.6 10.9
"13" "13" 2001-11-24 23.53 "SAC" "" "NJN" "W" 1 1 32.75 0.5 0.5 0 9.5 4.6 17.9 1.4 0 0 21.1 102 98 11.6 2.1
"14" "14" 2001-11-26 23.54 "SAC" "@" "MEM" "L" -4 1 40.0666666666667 0.482 0.421 0 15.7 7.8 52 1.3 0 16.2 27.5 97 105 16 1.1
"15" "15" 2001-11-27 23.54 "SAC" "@" "HOU" "W" 5 1 29.1 0.529 0.529 3.7 6.8 5.3 14.5 1.8 0 5.6 29 101 96 10.8 2.5
"16" "16" 2001-11-29 23.55 "SAC" "@" "DAL" "W" 12 1 40.8 0.474 0.385 0 8 4.1 15.8 1.3 0 11.9 17.6 108 112 9.5 -2.9
"17" "17" 2001-11-30 23.55 "SAC" "@" "SAS" "W" 3 1 43.55 0.506 0.475 0 8 4 17.1 0 1.6 0 23.6 111 111 14.4 2
"18" "18" 2001-12-02 23.56 "SAC" "" "DAL" "L" -6 1 29.5833333333333 0.2 0.2 0 0 0 26.3 0 2.7 44.4 12.7 51 124 -1.8 -12.3
"19" "19" 2001-12-04 23.56 "SAC" "" "PHI" "W" 10 1 38.4333333333333 0.541 0.5 0 12.9 6.3 26.9 1.4 1.6 5.7 20.1 121 97 16.2 6
"20" "20" 2001-12-07 23.57 "SAC" "" "LAL" "W" 6 1 41.4333333333333 0.525 0.525 0 4.7 2.6 33 1.3 0 0 23.3 113 105 16 5
"21" "21" 2001-12-09 23.58 "SAC" "" "MIA" "W" 7 1 35.3833333333333 0.333 0.333 0 10 5.1 35.2 1.5 0 0 8.5 107 102 7.4 1.5
"22" "22" 2001-12-11 23.58 "SAC" "" "ORL" "W" 12 1 29.7666666666667 0.438 0.438 0 19.6 10.2 43.8 1.6 0 0 11.3 136 105 13.1 6.2
"23" "23" 2001-12-12 23.58 "SAC" "@" "PHO" "L" -26 1 32.35 0.689 0.65 3.3 0 1.5 26.8 0 1.6 15.5 17.4 127 130 12.1 2.2
"24" "24" 2001-12-14 23.59 "SAC" "@" "MIN" "L" -20 1 35.15 0.288 0.231 0 0 0 27.5 1.4 0 17.8 19.9 64 121 1.9 -7.8
"25" "25" 2001-12-16 23.59 "SAC" "" "MEM" "W" 17 1 29.6166666666667 0.437 0.409 0 5.7 3.1 13.9 0 2 8 16.6 103 94 6.3 -1.5
"26" "26" 2001-12-18 23.6 "SAC" "" "DET" "W" 4 1 38.9833333333333 0.777 0.731 0 5.5 3 32 1.3 0 15.7 22 140 108 21.8 9.6
"27" "27" 2001-12-19 23.6 "SAC" "@" "SEA" "L" -12 1 33.5 0.433 0.433 0 4.3 1.8 20.5 4.5 2.2 16.7 24.5 79 107 8.7 0.3
"28" "28" 2001-12-22 23.61 "SAC" "@" "LAC" "L" -16 1 30.4666666666667 0.23 0.2 3.3 6.8 5 24.4 1.7 0 8.4 18.2 66 111 2.4 -8.7
"29" "29" 2001-12-23 23.61 "SAC" "" "PHO" "W" 32 1 33.1666666666667 0.551 0.55 4.2 5.7 5.1 16.3 0 0 21.6 17.4 110 109 8 -5
"30" "30" 2001-12-26 23.62 "SAC" "" "POR" "W" 15 1 29.0333333333333 0.402 0.417 0 7.4 3.5 24.8 0 0 7.4 21.1 88 89 5.2 -3.5
"31" "31" 2001-12-28 23.63 "SAC" "" "MIN" "W" 14 1 31.8333333333333 0.682 0.5 0 7.3 3.9 26.6 3.2 1.7 6.1 23.1 150 115 22.1 11.6
"32" "32" 2001-12-30 23.63 "SAC" "" "BOS" "W" 15 1 24.1333333333333 0.597 0.55 4.5 11.1 8.2 14.3 0 0 15.5 24.3 107 106 7.4 -4.3
"33" "33" 2002-01-02 23.64 "SAC" "" "LAC" "W" 14 1 30.0833333333333 0.571 0.571 3 3.6 3.3 45.3 1.7 0 6.7 21.6 128 105 15.1 6.4
"34" "34" 2002-01-05 23.65 "SAC" "@" "PHO" "W" 6 1 36.5333333333333 0.545 0.545 0 12.2 7.1 26.5 2.5 1.6 31.3 18.6 90 108 9.6 -2.8
"35" "" 2002-01-06 23.65 "SAC" "" "MIL" "W" 14 NA NA NA NA NA NA NA NA NA NA NA NA NA NA NA NA
"36" "" 2002-01-13 23.67 "SAC" "" "PHO" "W" 3 NA NA NA NA NA NA NA NA NA NA NA NA NA NA NA NA
"37" "35" 2002-01-15 23.68 "SAC" "" "CLE" "W" 7 1 25 0.444 0.444 0 5.1 2.4 17.8 2.1 0 0 16.5 106 115 6.3 -3
"38" "36" 2002-01-16 23.68 "SAC" "@" "DEN" "W" 5 1 23.2666666666667 0.5 0.5 0 9.3 5.2 33.1 0 0 9.1 21.5 107 116 7.3 -5.2
"39" "37" 2002-01-18 23.68 "SAC" "" "GSW" "W" 24 1 32.5166666666667 0.558 0.444 3.5 15.8 10 18.1 0 0 21.8 17.4 108 101 9.6 -4
"40" "38" 2002-01-21 23.69 "SAC" "" "MEM" "W" 14 1 27.7166666666667 0.506 0.444 3.4 0 2 13.1 3.5 0 9.2 15.7 113 100 9.1 0.7
"41" "39" 2002-01-22 23.7 "SAC" "@" "POR" "L" -6 1 40.9833333333333 0.683 0.639 0 10.6 5.8 26 0 0 4.8 24.5 131 119 22 5.2
"42" "40" 2002-01-24 23.7 "SAC" "" "UTA" "W" 33 1 29.5666666666667 0.528 0.417 0 6.4 3.3 14.5 1.7 0 6.6 21.5 115 87 10.5 1.3
"43" "41" 2002-01-26 23.71 "SAC" "@" "UTA" "W" 24 1 32.8 0.47 0.464 3.5 0 1.7 9.6 1.6 0 0 19.7 113 104 7.7 -3.1
"44" "42" 2002-01-31 23.72 "SAC" "@" "SEA" "W" 4 1 41.6833333333333 0.338 0.25 6.6 13.3 9.6 34.6 1.2 1.5 10.1 19.8 94 104 10.5 -1.1
"45" "43" 2002-02-01 23.72 "SAC" "" "DEN" "W" 36 1 31.75 0.717 0.625 0 2.6 1.5 25.7 4.7 0 6.4 19.9 167 103 21.5 13.6
"46" "44" 2002-02-03 23.73 "SAC" "@" "MIN" "W" 5 1 38.8 0.698 0.633 0 2.5 1.5 19.3 1.3 0 10.4 22 129 114 19.1 5.9
"47" "45" 2002-02-04 23.73 "SAC" "@" "NJN" "L" -34 1 34.4833333333333 0.308 0.308 0 13.8 6.3 17.4 2.8 0 18.8 18.9 62 116 2 -7.5
"48" "46" 2002-02-06 23.74 "SAC" "@" "BOS" "W" 17 1 31.75 0.595 0.577 0 19.1 11.2 22.6 3.1 0 13 22.1 106 86 14.6 4.2
"49" "47" 2002-02-07 23.74 "SAC" "@" "WAS" "L" -7 1 30.7833333333333 0.589 0.591 0 6.6 3.3 10.8 0 0 7.8 19.4 114 124 9.3 -1.5
"50" "48" 2002-02-12 23.75 "SAC" "" "SAS" "W" 13 1 33.4 0.403 0.393 0 8.6 4.3 43.1 0 0 6.3 19.9 105 98 9.9 2.1
"51" "49" 2002-02-14 23.76 "SAC" "" "WAS" "W" 16 1 32.6 0.585 0.536 6.1 6.2 6.1 26.6 1.5 0 0 21.9 135 97 19.4 9.5
"52" "50" 2002-02-17 23.77 "SAC" "" "SEA" "L" -10 1 34.65 0.563 0.5 0 3.3 1.7 41.7 1.4 0 18.4 13.2 120 135 10.7 2.4
"53" "51" 2002-02-19 23.77 "SAC" "" "ATL" "W" 20 1 32.6833333333333 0.607 0.611 3.9 3.1 3.5 28.4 3.4 0 28.8 20.5 102 96 9.7 0.3
"54" "52" 2002-02-21 23.78 "SAC" "@" "SAS" "L" -23 1 32.7666666666667 0.5 0.5 0 0 0 20.3 3 1.9 23.1 17.2 83 123 7.1 -2.8
"55" "53" 2002-02-23 23.78 "SAC" "@" "DAL" "L" -14 1 33.0666666666667 0.409 0.4 2.7 10.6 6.2 36 3 2.6 11.2 23 90 112 11.3 1.5
"56" "54" 2002-02-26 23.79 "SAC" "" "UTA" "W" 26 1 34.3833333333333 0.458 0.417 0 0 0 27.4 2.8 0 17.4 20.5 92 86 8.6 0.1
"57" "55" 2002-03-01 23.8 "SAC" "@" "GSW" "W" 8 1 30.75 0.3 0.3 0 0 0 18.3 3.1 0 16.7 16.4 74 112 3.3 -9.2
"58" "56" 2002-03-03 23.81 "SAC" "" "IND" "L" -11 1 31.3666666666667 0.644 0.615 0 3.7 1.5 16.2 1.5 0 6.3 20.9 123 100 14 8.6
"59" "57" 2002-03-04 23.81 "SAC" "@" "POR" "L" -12 1 30.9666666666667 0.188 0.188 4 8.1 6 9 1.8 0 20 15.4 50 125 -0.5 -9.8
"60" "58" 2002-03-08 23.82 "SAC" "" "CHH" "W" 12 1 35.6666666666667 0.506 0.444 0 11.6 6.2 25.3 2.8 0 23.3 15.9 93 92 8.5 -0.4
"61" "59" 2002-03-10 23.82 "SAC" "@" "MIL" "W" 25 1 29.45 0.597 0.6 0 3.9 1.9 46.5 5.5 0 15.5 21 117 80 15.2 11
"62" "60" 2002-03-11 23.83 "SAC" "@" "CHI" "W" 4 1 25.45 0.5 0.5 4 4.7 4.3 29.8 2.1 0 0 9.9 146 116 7.7 0.7
"63" "61" 2002-03-13 23.83 "SAC" "@" "PHI" "W" 4 1 37.5333333333333 0.551 0.5 5.3 2.9 4.1 31.8 1.4 1.8 8.4 14.5 123 104 14.3 4.6
"64" "62" 2002-03-14 23.84 "SAC" "@" "NYK" "L" -17 1 35.5333333333333 0.535 0.441 0 3.3 1.4 5.2 2.9 0 0 23.9 121 122 13.7 1.3
"65" "63" 2002-03-17 23.84 "SAC" "@" "TOR" "W" 3 1 38.45 0.615 0.618 0 8.4 4.2 19 0 0 10.1 21.6 118 121 13.4 -0.3
"66" "64" 2002-03-19 23.85 "SAC" "" "HOU" "W" 23 1 36.7333333333333 0.504 0.5 0 9.1 5 11.1 2.8 0 6.3 18.9 104 94 10.3 -1.1
"67" "65" 2002-03-21 23.85 "SAC" "" "DEN" "W" 36 1 27.95 0.688 0.688 5 0 1.9 10 3.5 0 20 16.4 112 91 8.3 -1
"68" "66" 2002-03-24 23.86 "SAC" "" "LAL" "L" -1 1 40.0333333333333 0.538 0.538 0 3.1 1.4 21.6 2.5 0 18.8 16.3 103 103 8.9 1.1
"69" "67" 2002-03-26 23.87 "SAC" "" "LAC" "W" 17 1 39.2666666666667 0.346 0.333 5.5 12.3 8.7 16.3 1.4 0 11.2 19.8 89 105 6.4 -6.6
"70" "68" 2002-03-28 23.87 "SAC" "@" "HOU" "W" 27 1 31.7333333333333 0.472 0.417 3 7.8 5.6 22.4 4.8 2.1 6.8 19.7 111 79 13.2 6.7
"71" "69" 2002-03-29 23.88 "SAC" "@" "CHH" "W" 5 1 37.2333333333333 0.421 0.364 0 2.6 1.5 12.6 0 0 25.2 20.3 73 104 2.3 -8.2
"72" "70" 2002-03-31 23.88 "SAC" "@" "ATL" "W" 1 1 27.6666666666667 0.22 0.2 3.2 0 1.8 24.6 1.8 0 0 24 67 101 2.5 -6.6
"73" "71" 2002-04-02 23.89 "SAC" "@" "MEM" "W" 24 1 32.95 0.551 0.5 0 5.3 2.8 22 0 0 8.4 15.2 120 94 10.4 0
"74" "72" 2002-04-03 23.89 "SAC" "@" "DET" "W" 21 1 36.5833333333333 0.563 0.5 0 5.8 3.3 14.7 0 0 7 17.7 113 100 10.2 -3.1
"75" "73" 2002-04-05 23.9 "SAC" "@" "UTA" "W" 8 1 40.4166666666667 0.474 0.469 0 8 4.7 23.6 1.2 0 10.6 21.2 99 118 11.2 -4.4
"76" "74" 2002-04-07 23.9 "SAC" "" "NYK" "W" 34 1 26.7166666666667 0.459 0.4 0 4 1.8 26.7 0 0 7.1 22 108 95 8.9 -1.5
"77" "75" 2002-04-09 23.91 "SAC" "" "MIN" "W" 19 1 28.9333333333333 0.638 0.65 0 7.7 3.9 20.7 3.5 0 14.5 20.7 120 108 12.9 4.1
"78" "76" 2002-04-10 23.91 "SAC" "@" "GSW" "W" 2 1 34.3833333333333 0.66 0.625 0 12.4 7.5 23.5 0 0 7.2 17.6 134 116 16.1 1.8
"79" "77" 2002-04-12 23.92 "SAC" "@" "LAC" "W" 19 1 32.7333333333333 0.429 0.429 9.1 9.4 9.2 29.6 0 0 6.7 21 121 123 11.5 -2.7
"80" "78" 2002-04-14 23.92 "SAC" "" "DAL" "L" -13 1 31.65 0.581 0.5 3.3 6.7 4.9 15.5 1.7 0 8.8 15.5 122 127 8.7 -1.1
"81" "79" 2002-04-16 23.93 "SAC" "" "GSW" "W" 14 1 27.5166666666667 0.682 0.682 0 0 0 13.9 0 0 21.4 20.3 108 110 8.4 -3.6
"82" "80" 2002-04-17 23.93 "SAC" "@" "LAL" "L" -14 1 23.8666666666667 0.582 0.583 0 7.7 4.1 30.8 2 0 0 23.6 131 113 13 10.5
"1" "1" 2002-12-19 24.6 "SAC" "" "SAS" "L" -2 1 29.1 0.66 0.667 2.8 4.2 3.3 29.5 0 0 0 18.7 145 102 14.8 12.4
"2" "2" 2002-12-21 24.61 "SAC" "@" "PHO" "L" -9 1 32.3333333333333 0.552 0.467 3.4 3.4 3.4 40 1.5 2 10.4 25 114 113 16.8 7.1
"3" "3" 2002-12-22 24.61 "SAC" "" "GSW" "W" 15 1 23.7833333333333 0.533 0.45 4.3 3.7 4 32.3 0 0 14.1 25.5 112 105 9.3 0.5
"4" "4" 2002-12-25 24.62 "SAC" "@" "LAL" "W" 6 1 33.3666666666667 0.376 0.344 3 5.4 4.2 14.2 3 0 17.7 30.4 70 106 5 -7.3
"5" "5" 2002-12-28 24.63 "SAC" "" "POR" "L" -6 1 40.1833333333333 0.624 0.567 9.2 10.6 10 24.5 3.7 0 14.5 22.4 122 110 20.6 6
"6" "6" 2003-01-04 24.65 "SAC" "@" "DEN" "W" 11 1 33.8333333333333 0.644 0.563 3 9.2 6.1 19.9 4.4 0 17.7 30.1 108 82 18.7 7.1
"7" "7" 2003-01-05 24.65 "SAC" "" "MIA" "W" 26 1 32.0333333333333 0.733 0.733 3.4 8.8 6.7 20.9 1.6 1.8 0 21.5 149 80 20.4 15.6
"8" "8" 2003-01-07 24.65 "SAC" "@" "MIL" "W" 25 1 28.75 0.658 0.615 0 13.5 7.5 22.5 1.9 0 6.2 27 131 89 17.3 10.3
"9" "9" 2003-01-09 24.66 "SAC" "@" "NJN" "W" 36 1 33.9333333333333 0.636 0.533 7.1 5.6 6.3 20.3 5.8 0 5.2 24.3 139 81 23.4 12.6
"10" "10" 2003-01-10 24.66 "SAC" "@" "MIN" "L" -6 1 39.6333333333333 0.254 0.208 0 8.8 4.3 51.3 1.2 0 22.5 20.2 78 112 6.9 -5.2
"11" "11" 2003-01-12 24.67 "SAC" "" "MEM" "W" 8 1 34.3 0.43 0.417 5.8 2.8 4.3 24.8 2.8 0 4.8 23.8 100 99 12.9 1.9
"12" "12" 2003-01-15 24.68 "SAC" "" "DAL" "W" 29 1 36.2 0.538 0.5 7 5.6 6.2 20 5.4 0 11.8 20.2 119 93 16 5
"13" "13" 2003-01-18 24.68 "SAC" "@" "LAC" "L" -5 1 37.65 0.167 0.167 0 2.9 1.4 27.2 1.3 0 20 16.6 62 120 -0.3 -12.4
"14" "14" 2003-01-20 24.69 "SAC" "@" "GSW" "W" 22 1 34.05 0.705 0.625 0 7.1 4.3 35.4 4.6 0 27.3 20 118 88 16.8 6.9
"15" "15" 2003-01-21 24.69 "SAC" "" "NJN" "W" 7 1 43.2666666666667 0.44 0.423 0 4.5 2.8 29.1 1.2 0 16.9 20 98 115 9.1 -4.8
"16" "16" 2003-01-23 24.7 "SAC" "@" "MEM" "W" 6 1 39.1333333333333 0.533 0.5 0 11.2 6.5 28 1.2 0 22.9 23.4 93 99 12.3 -2.4
"17" "17" 2003-01-24 24.7 "SAC" "@" "ATL" "L" -11 1 38.5 0.537 0.533 0 13.7 6.6 27.2 0 0 15.2 23.5 97 123 12.3 -4.8
"18" "18" 2003-01-26 24.71 "SAC" "@" "TOR" "L" -4 1 35.7833333333333 0.693 0.632 5.4 10.3 7.9 26.2 0 0 4.4 27 141 108 24.7 12
"19" "19" 2003-01-28 24.71 "SAC" "" "UTA" "L" -10 1 41.3 0.537 0.5 0 13.8 6.4 25.5 2.6 0 19.3 23.8 94 113 11 -0.4
"20" "20" 2003-01-30 24.72 "SAC" "@" "SEA" "W" 18 1 35.6333333333333 0.375 0.375 2.9 5.6 4.3 13.3 0 0 5.9 23.3 79 92 5.6 -8
"21" "21" 2003-01-31 24.72 "SAC" "" "LAL" "L" -11 1 37.7666666666667 0.587 0.588 0 3.6 1.7 8.2 1.3 0 18.3 24.5 100 133 9.4 -4.5
"22" "22" 2003-02-02 24.73 "SAC" "@" "HOU" "L" -16 1 31.9 0.31 0.25 6.5 15 10.5 5.4 3.1 0 5.3 25.2 71 107 5.3 -6.2
"23" "23" 2003-02-04 24.73 "SAC" "@" "DAL" "W" 1 1 39.4 0.724 0.656 0 7.4 4.1 15.5 1.2 0 9.7 23.3 134 112 20.9 6.1
"24" "24" 2003-02-05 24.73 "SAC" "@" "NOH" "L" -24 1 29.5666666666667 0.458 0.458 0 3.6 1.7 23.7 0 0 20 21.5 86 128 3.9 -8.5
"25" "25" 2003-02-11 24.75 "SAC" "" "WAS" "W" 19 1 29.75 0.388 0.333 3.4 0 1.5 36 0 3.5 7.2 20 101 94 9.9 4.2
"26" "26" 2003-02-14 24.76 "SAC" "" "SEA" "W" 29 1 27.0666666666667 1 1 0 3.5 2.2 22.4 4 0 18.2 19.9 155 93 17.2 14.5
"27" "27" 2003-02-16 24.76 "SAC" "" "SAS" "L" -3 1 39.5833333333333 0.447 0.447 0 2.7 1.4 32.7 1.3 0 17.4 25.8 93 117 8.2 -4.1
"28" "28" 2003-02-18 24.77 "SAC" "" "MIL" "W" 9 1 34.6333333333333 0.75 0.75 0 2.6 1.5 9.6 1.5 2.1 12.5 21.6 125 109 15.4 5
"29" "29" 2003-02-20 24.78 "SAC" "" "BOS" "W" 22 1 27.6 0.676 0.625 4.5 9.7 7.5 10.6 1.8 0 0 15 146 93 12 3.8
"30" "30" 2003-02-23 24.78 "SAC" "" "NYK" "W" 7 1 29.9333333333333 0.615 0.5 0 9.8 5.2 22.9 1.7 0 7.6 20 122 97 12.1 1.4
"31" "31" 2003-02-25 24.79 "SAC" "" "DET" "W" 6 1 37.3666666666667 0.393 0.393 10 7.8 8.7 8.7 0 0 26.3 25.8 70 96 1.8 -7.4
"32" "32" 2003-02-27 24.79 "SAC" "@" "DAL" "W" 2 1 42.5166666666667 0.504 0.531 2.5 5.2 3.8 19.3 2.4 0 22.9 21.3 93 118 9.1 -2.5
"33" "33" 2003-03-01 24.8 "SAC" "@" "SAS" "L" -8 1 22.7833333333333 0.222 0.222 0 10.2 4.6 47.9 0 0 18.2 19.1 78 120 1.5 -9.7
"34" "34" 2003-03-03 24.81 "SAC" "" "PHI" "W" 8 1 37.8833333333333 0.595 0.5 0 2.9 1.6 25.5 0 0 20.3 17.4 110 109 9.2 -3.9
"35" "35" 2003-03-05 24.81 "SAC" "" "MIN" "W" 1 1 37.0333333333333 0.373 0.308 0 0 0 26.3 1.5 0 6.3 19.7 86 106 6.6 -2.9
"36" "36" 2003-03-07 24.82 "SAC" "@" "UTA" "W" 3 1 36.45 0.644 0.563 0 2.7 1.6 23.9 0 0 5.1 26.8 130 115 17.6 1.2
"37" "37" 2003-03-09 24.82 "SAC" "" "IND" "W" 19 1 29.3 0.666 0.591 4.1 0 1.8 15 0 0 0 20.4 149 108 14.5 5.5
"38" "38" 2003-03-13 24.83 "SAC" "@" "PHO" "L" -25 1 32.4666666666667 0.72 0.692 0 0 0 20 3.3 0 12.6 21.5 125 124 15.4 8.6
"39" "39" 2003-03-14 24.84 "SAC" "" "TOR" "W" 35 1 28.7166666666667 0.571 0.429 0 2.8 1.8 30.1 0 1.9 17.2 18.2 122 101 10.7 -0.1
"40" "40" 2003-03-16 24.84 "SAC" "" "DAL" "L" -6 1 38.6166666666667 0.446 0.423 0 0 0 24.3 2.4 0 22.9 18.8 83 118 7 -4.7
"41" "41" 2003-03-18 24.85 "SAC" "" "GSW" "W" 26 1 19.6666666666667 0.615 0.5 0 3.8 2.1 17.5 0 0 17 11.3 130 101 5.4 -0.7
"42" "42" 2003-03-20 24.85 "SAC" "" "LAL" "W" 8 1 29.5 0.649 0.625 0 15 8.4 18.8 3.4 0 17 27 111 98 14.8 5.9
"43" "43" 2003-03-22 24.86 "SAC" "@" "POR" "W" 9 1 38.05 0.628 0.588 0 9 4.7 30.3 5.1 0 14.1 24.9 118 101 21.8 7.2
"44" "44" 2003-03-23 24.86 "SAC" "" "HOU" "W" 1 1 30.8666666666667 0.741 0.625 10.3 3 6.5 15.9 1.6 0 11.4 24.2 148 119 20.5 11.3
"45" "45" 2003-03-27 24.87 "SAC" "" "LAC" "W" 10 1 22.4833333333333 0.563 0.5 0 0 0 29.8 2.3 0 10.1 20 116 93 8.4 3.5
"46" "46" 2003-03-29 24.88 "SAC" "@" "CHI" "W" 15 1 36.9833333333333 0.576 0.538 0 5 2.5 15.6 5.2 1.6 26.5 19.7 92 89 12 1.7
"47" "47" 2003-03-30 24.88 "SAC" "@" "DET" "L" -11 1 35.6333333333333 0.318 0.318 3.1 13.3 8 12.1 1.5 0 21.4 17.9 66 112 1.7 -8.3
"48" "48" 2003-04-01 24.88 "SAC" "@" "IND" "W" 5 1 37.9 0.576 0.5 2.4 5.1 3.7 24.8 0 1.7 6.3 16.6 126 104 14.4 4.4
"49" "49" 2003-04-02 24.89 "SAC" "@" "WAS" "W" 6 1 33.7833333333333 0.679 0.5 3.4 10.1 6.7 19.4 3 0 24.2 21.7 117 105 15.4 4
"50" "50" 2003-04-04 24.89 "SAC" "@" "BOS" "W" 1 1 29.8666666666667 0.462 0.462 0 3.6 1.9 56.3 9.8 0 13.3 21.6 105 82 15.8 14.5
"51" "51" 2003-04-06 24.9 "SAC" "@" "PHI" "W" 16 1 25.85 0.601 0.444 0 9.5 5.5 18.7 1.9 0 20.5 24.5 104 88 9.5 0.3
"52" "52" 2003-04-08 24.9 "SAC" "" "SEA" "W" 22 1 31.4166666666667 0.768 0.688 4.3 13.2 9.3 14.4 0 0 9.3 15.8 153 99 14 5.4
"53" "53" 2003-04-10 24.91 "SAC" "@" "LAL" "L" -13 1 34.9 0.732 0.583 0 9.1 5.2 30.6 0 0 10.9 23.5 141 127 19.6 6.5
"54" "54" 2003-04-11 24.91 "SAC" "" "DEN" "W" 2 1 29.8333333333333 0.6 0.6 0 0 0 28.2 3.3 0 16.7 18 111 111 10.8 2.2
"55" "55" 2003-04-16 24.93 "SAC" "" "UTA" "W" 11 1 24.95 0.651 0.611 0 0 0 21 2.2 0 8.5 20.9 128 101 11.4 6.9
"1" "1" 2003-10-29 25.46 "SAC" "" "CLE" "W" 14 1 36.3166666666667 0.567 0.533 3.2 3.5 3.3 28 0 0 5.6 22.4 126 110 16.2 1.8
"2" "2" 2003-10-31 25.47 "SAC" "" "PHI" "W" 11 1 40.2166666666667 0.447 0.412 0 6 3.3 20.3 4.1 1.7 10.1 24.1 95 99 12.3 -0.3
"3" "3" 2003-11-01 25.47 "SAC" "@" "DEN" "L" -21 1 31.85 0.447 0.4 5.7 4.1 5 62.5 3.1 0 0 21.2 118 114 16.4 8.2
"4" "4" 2003-11-05 25.48 "SAC" "@" "MIN" "W" 4 1 44.3333333333333 0.583 0.556 0 11.5 5.5 13.7 0 0 5 20.2 128 129 16 -1.3
"5" "5" 2003-11-07 25.49 "SAC" "@" "NYK" "L" -3 1 33.5833333333333 0.62 0.607 3.7 3.7 3.7 12.1 0 0 6.1 22.3 116 134 13.3 -2.5
"6" "6" 2003-11-09 25.49 "SAC" "@" "BOS" "L" -9 1 35 0.47 0.464 5.6 9.1 7.3 60 0 0 6.3 19.6 112 104 14.4 8.2
"7" "7" 2003-11-11 25.5 "SAC" "" "DET" "W" 6 1 39.3833333333333 0.636 0.567 2.7 2.4 2.6 21.1 1.2 0 14.2 24.1 114 99 17 3.4
"8" "8" 2003-11-13 25.5 "SAC" "@" "POR" "L" -2 1 45.3333333333333 0.568 0.545 2.8 14.7 8.6 54.8 3.5 1.4 8 25.6 128 107 28.6 13.1
"9" "9" 2003-11-14 25.51 "SAC" "" "TOR" "W" 30 1 22.6333333333333 0.444 0.444 6.4 13.6 10.6 29.8 0 0 18.2 24.7 92 83 5.7 -5.6
"10" "10" 2003-11-16 25.51 "SAC" "" "GSW" "W" 2 1 29.8833333333333 0.591 0.591 7.2 4.6 6.1 23.9 3.8 2.4 8.3 18 138 115 13.5 9.8
"11" "11" 2003-11-19 25.52 "SAC" "@" "UTA" "W" 8 1 34.2666666666667 0.491 0.471 9.4 0 3.7 18.8 0 0 14.1 30.4 98 126 8.9 -9.3
"12" "12" 2003-11-21 25.53 "SAC" "" "ORL" "W" 30 1 27.0833333333333 0.965 0.95 0 6.6 3.9 26.5 0 0 8.4 19.6 170 105 19.1 14
"13" "13" 2003-11-23 25.53 "SAC" "" "CHI" "W" 11 1 26.9166666666667 0.545 0.545 4.1 4.2 4.2 38.8 0 0 21.4 22.4 108 108 8.4 -2.6
"14" "14" 2003-11-25 25.54 "SAC" "" "MEM" "W" 20 1 33.5333333333333 0.673 0.682 3.5 9 6.5 26 1.5 4.6 14.4 18.2 127 93 16.1 11.7
"15" "15" 2003-11-28 25.55 "SAC" "" "HOU" "W" 29 1 28.2166666666667 0.765 0.75 0 15.9 8.8 35.5 3.8 0 14.5 22.8 133 83 18.4 12.4
"16" "16" 2003-11-30 25.55 "SAC" "" "NJN" "W" 13 1 32.05 0.625 0.5 0 19.1 9.6 26.3 3.1 0 26.3 20.5 107 96 12.6 3.3
"17" "17" 2003-12-05 25.56 "SAC" "" "MIN" "L" -3 1 35.7 0.4 0.324 2.6 15.5 7.7 9.6 1.4 0 5.1 23.3 92 108 7.6 -1.1
"18" "18" 2003-12-07 25.57 "SAC" "" "IND" "W" 3 1 34 0.493 0.417 3.9 11.2 8.2 18.9 0 0 12.3 22.3 103 101 9.9 -1.1
"19" "19" 2003-12-09 25.58 "SAC" "" "LAC" "W" 10 1 41.8333333333333 0.43 0.389 2.8 14.9 9.2 23.5 1.2 1.8 9.2 23.7 96 105 12 -3
"20" "20" 2003-12-12 25.58 "SAC" "@" "UTA" "W" 7 1 42.3 0.704 0.656 5 11.8 8.1 13 0 0 0 20 154 112 21.7 7
"21" "21" 2003-12-14 25.59 "SAC" "" "PHO" "W" 5 1 22.7666666666667 0.601 0.5 6 0 2.6 43.6 2.2 0 10.7 17.1 140 113 9.6 4.4
"22" "22" 2003-12-16 25.59 "SAC" "@" "MEM" "L" -5 1 30.8833333333333 0.342 0.179 3.6 10.2 7 27.8 5 0 0 26 92 106 9.9 1.6
"23" "23" 2003-12-18 25.6 "SAC" "@" "NOH" "W" 11 1 31.1333333333333 0.603 0.571 0 9.5 5.6 11.8 0 5.1 16 30.4 97 105 11.9 -1.4
"24" "24" 2003-12-19 25.6 "SAC" "@" "ATL" "W" 12 1 32.85 0.349 0.25 6.2 6.6 6.4 21.6 1.6 0 6 22.9 93 99 7.9 -2.9
"25" "25" 2003-12-21 25.61 "SAC" "" "POR" "W" 19 1 39.9833333333333 0.575 0.5 0 9.2 5.1 23.5 2.7 0 16.1 22.4 114 108 14.9 0
"26" "26" 2003-12-23 25.61 "SAC" "" "MEM" "W" 17 1 23.4 0.307 0.25 5 9.5 7.3 23.9 4.4 0 38.1 14.7 71 100 2.9 -4.6
"27" "27" 2003-12-25 25.62 "SAC" "" "DAL" "L" -8 1 38.5333333333333 0.528 0.5 0 7.7 4.1 17.6 1.3 2 18.7 28.7 92 114 11.4 -1.6
"28" "28" 2003-12-26 25.62 "SAC" "@" "GSW" "L" -7 1 32.2833333333333 0.595 0.55 0 6.5 3.3 39.5 0 0 0 32.4 137 116 20.1 12.4
"29" "29" 2003-12-28 25.63 "SAC" "" "UTA" "W" 9 1 34.1666666666667 0.645 0.5 3.5 0 1.6 36.1 1.5 0 18.3 28.5 118 102 15.5 4.5
"30" "30" 2004-01-03 25.64 "SAC" "@" "LAC" "W" 7 1 32.5 0.656 0.5 0 13.3 8.1 22.1 1.6 1.9 14.1 30.6 125 114 19.9 3.7
"31" "31" 2004-01-04 25.65 "SAC" "" "SEA" "W" 31 1 25.4666666666667 0.604 0.5 0 8.9 5 26 0 0 8.5 20.4 137 105 12.1 0.7
"32" "32" 2004-01-06 25.65 "SAC" "" "ATL" "W" 16 1 33.4833333333333 0.771 0.727 0 7.1 3.6 27.2 1.6 2 19.6 21.2 125 103 17.2 6.8
"33" "33" 2004-01-07 25.65 "SAC" "@" "SEA" "L" -11 1 35.3833333333333 0.455 0.425 2.7 10.9 6.8 41.2 2.8 0 0 25.2 109 109 16.6 8.5
"34" "34" 2004-01-09 25.66 "SAC" "@" "PHO" "W" 20 1 36.1333333333333 0.558 0.472 3.3 8.2 5.9 38.3 2.6 0 11.8 30.3 116 93 21.7 5.7
"35" "35" 2004-01-11 25.67 "SAC" "" "DEN" "W" 11 1 33.4166666666667 0.58 0.458 0 8.1 4 16.3 1.5 0 6.1 22.6 124 114 14.2 0
"36" "36" 2004-01-13 25.67 "SAC" "" "MIA" "W" 4 1 36.7166666666667 0.678 0.692 0 3.1 1.7 11.3 1.6 0 11.9 24.7 115 115 12.8 2.6
"37" "37" 2004-01-16 25.68 "SAC" "" "LAL" "W" 20 1 26.9666666666667 0.823 0.773 0 7.7 4.7 26.8 0 0 19 29.8 128 100 15.7 6.3
"38" "38" 2004-01-19 25.69 "SAC" "@" "LAC" "W" 25 1 25.9333333333333 0.682 0.682 0 4 2.3 25.6 2 2.6 15.4 22.7 119 109 13.2 2.8
"39" "39" 2004-01-20 25.69 "SAC" "" "POR" "L" -5 1 43.15 0.344 0.182 0 14.5 6.8 24.1 3.7 0 17.1 18 77 106 7.2 -4.8
"40" "40" 2004-01-22 25.7 "SAC" "@" "CLE" "W" 6 1 37.4833333333333 0.505 0.455 3 10.2 6.9 21.1 1.4 0 14.4 17.4 104 102 9.1 -2.4
"41" "41" 2004-01-23 25.7 "SAC" "@" "MEM" "L" -14 1 26.1166666666667 0.278 0.278 0 4.5 2 11.8 0 2.9 10 15.6 71 123 0.5 -9.2
"42" "42" 2004-01-25 25.7 "SAC" "@" "DAL" "L" -9 1 40.5166666666667 0.526 0.524 0 9.6 4.8 24.7 1.2 0 8.4 24.5 107 112 14.7 2.9
"43" "43" 2004-01-28 25.71 "SAC" "@" "HOU" "W" 5 1 40.3 0.638 0.694 2.8 12 7.2 10.1 3.9 0 8.3 28.5 113 103 20.1 5.7
"44" "44" 2004-01-29 25.72 "SAC" "@" "SAS" "W" 5 1 35.3166666666667 0.535 0.5 3.8 6.4 5.2 28.6 1.6 0 15.9 27.8 103 108 12 1.1
"45" "45" 2004-01-31 25.72 "SAC" "@" "SEA" "W" 7 1 40.6333333333333 0.339 0.333 0 9.2 4.7 18.5 2.6 0 27.9 15.6 65 111 2.3 -6.9
"46" "46" 2004-02-03 25.73 "SAC" "" "SEA" "W" 16 1 31.0666666666667 0.537 0.5 0 4.1 2 23 0 0 5.6 25.7 123 124 11.5 -2
"47" "47" 2004-02-06 25.74 "SAC" "" "SAS" "L" -8 1 36.0833333333333 0.694 0.6 0 3.3 1.5 33.1 1.5 0 6.5 18.6 146 120 18.3 12.2
"48" "48" 2004-02-08 25.74 "SAC" "" "DEN" "W" 23 1 42.3666666666667 0.759 0.722 8 7.8 7.9 30.9 1.3 0 9.2 24.5 155 108 27.4 13.2
"49" "49" 2004-02-10 25.75 "SAC" "@" "MIL" "W" 7 1 41.7666666666667 0.671 0.676 3.3 10.3 6.7 37.4 2.5 0 10.1 22.8 135 126 23.8 5.8
"50" "50" 2004-02-11 25.75 "SAC" "@" "DET" "W" 2 1 41.5666666666667 0.684 0.684 5.7 0 2.8 22.3 2.7 0 9.5 24 125 115 20.8 10.2
"51" "51" 2004-02-17 25.77 "SAC" "" "BOS" "W" 16 1 31.65 0.563 0.531 12.5 14.3 13.5 20.5 0 0 10.6 25 122 115 15 0
"52" "52" 2004-02-19 25.77 "SAC" "@" "MIN" "L" -17 1 34.0333333333333 0.37 0.321 0 11.1 4.4 39.2 1.6 0 0 20 90 108 8.8 1.2
"53" "53" 2004-02-20 25.78 "SAC" "@" "CHI" "W" 8 1 38.9 0.581 0.5 0 4.7 2.6 34.1 2.7 0 21.5 23 104 96 14 1.6
"54" "54" 2004-02-22 25.78 "SAC" "@" "TOR" "W" 15 1 40.5833333333333 0.589 0.5 5.2 0 2.7 21.7 0 1.9 10.1 22.4 126 104 16.3 1.9
"55" "55" 2004-02-24 25.79 "SAC" "" "NYK" "W" 8 1 42.0666666666667 0.704 0.684 3 13.6 8.6 21.6 2.5 0 4.8 23.1 142 108 24.2 8.8
"56" "56" 2004-02-26 25.79 "SAC" "@" "LAL" "W" 2 1 41.3166666666667 0.647 0.575 0 19.9 11.4 32.2 1.3 0 0 27.9 141 109 28.1 11.4
"57" "57" 2004-02-27 25.79 "SAC" "" "UTA" "L" -5 1 43.1166666666667 0.621 0.5 2.2 7.3 4.7 28.9 1.2 0 4.6 22.6 138 119 21.6 6
"58" "58" 2004-02-29 25.8 "SAC" "" "PHO" "W" 14 1 42.25 0.525 0.429 7.3 4.8 6 24.8 1.2 0 11 18.8 118 105 15.8 1
"59" "59" 2004-03-02 25.81 "SAC" "" "LAC" "W" 7 1 38.1166666666667 0.468 0.423 6.5 6.8 6.6 9.8 2.7 0 17.8 19 98 117 9 -3.9
"60" "60" 2004-03-04 25.81 "SAC" "@" "PHI" "W" 9 1 43.1666666666667 0.504 0.406 0 17.6 8.5 22.8 3.5 0 4.6 23.6 108 108 17.8 -0.5
"61" "61" 2004-03-06 25.82 "SAC" "@" "MIA" "L" -6 1 42.1166666666667 0.619 0.533 4.6 2.5 3.6 13.7 2.4 0 9.3 22.8 119 110 18.9 4.4
"62" "62" 2004-03-07 25.82 "SAC" "@" "ORL" "W" 17 1 41.2 0.732 0.688 2.5 4.6 3.6 22.3 1.2 0 18.4 24.1 119 100 19.8 3.6
"63" "63" 2004-03-09 25.82 "SAC" "" "GSW" "W" 4 1 38.5333333333333 0.739 0.75 0 5.6 2.7 14.1 4.2 0 22 19.5 119 104 15.5 6.5
"64" "64" 2004-03-11 25.83 "SAC" "" "DAL" "W" 18 1 31.2 0.844 0.833 0 5.5 3.5 45.5 1.5 0 0 17.4 174 104 24.8 16.4
"65" "65" 2004-03-12 25.83 "SAC" "@" "POR" "L" -2 1 40.8 0.4 0.4 5.5 6 5.7 34.3 2.9 1.7 21.1 23 84 101 9 0.1
"66" "66" 2004-03-14 25.84 "SAC" "" "SAS" "W" 14 1 43.7333333333333 0.625 0.588 0 2.5 1.3 11.2 1.2 0 13.5 23.4 113 104 15.3 0.7
"67" "67" 2004-03-16 25.84 "SAC" "@" "NJN" "L" -17 1 39.1333333333333 0.491 0.438 0 6.3 2.8 26.1 2.7 0 14.8 24.9 89 104 11.3 1.7
"68" "68" 2004-03-17 25.85 "SAC" "@" "WAS" "L" -6 1 41.8 0.597 0.533 0 10.4 6.1 21.5 2.4 0 23 24 101 123 13.9 -7.3
"69" "69" 2004-03-19 25.85 "SAC" "@" "IND" "W" 2 1 42.4333333333333 0.655 0.594 5.7 9.5 7.8 18.5 1.3 0 9.5 23.3 128 106 20.2 4.6
"70" "70" 2004-03-21 25.86 "SAC" "" "HOU" "W" 5 1 41.6333333333333 0.601 0.536 0 5.6 2.9 31.8 1.3 0 10.7 21.5 119 109 16.7 2.1
"71" "71" 2004-03-23 25.86 "SAC" "" "MIL" "L" -11 1 41.15 0.771 0.75 0 2.9 1.5 23.1 1.2 0 10.2 21.5 142 123 22 6.3
"72" "72" 2004-03-24 25.87 "SAC" "@" "LAL" "L" -24 1 39.6 0.322 0.25 2.4 6 4 24 1.2 0 13.9 23.1 73 124 3.9 -11.1
"73" "73" 2004-03-28 25.88 "SAC" "" "WAS" "W" 8 1 41.6333333333333 0.44 0.413 10.2 0 4.6 29.9 5.9 0 0 25 109 95 19.2 6.9
"74" "74" 2004-03-31 25.88 "SAC" "@" "SAS" "L" -18 1 39.4833333333333 0.404 0.375 0 24 10 12.9 2.8 4.1 18.8 25.7 75 118 7.3 -5
"75" "75" 2004-04-01 25.89 "SAC" "@" "DAL" "L" -10 1 41.5833333333333 0.661 0.538 2.4 8.4 5.2 10 3.5 0 14.7 20.3 126 124 17.6 1.5
"76" "76" 2004-04-04 25.9 "SAC" "@" "HOU" "W" 5 1 38.65 0.34 0.2 0 9.7 5.1 14.7 2.6 0 14.5 17.6 72 102 3.5 -10.7
"77" "77" 2004-04-06 25.9 "SAC" "" "NOH" "W" 14 1 31.8333333333333 0.468 0.423 0 3.8 2.1 19 6.5 0 26.5 28.1 80 95 6.8 -5.3
"78" "78" 2004-04-08 25.91 "SAC" "" "MIN" "L" -8 1 34.45 0.481 0.472 3.1 9.4 6.2 38.4 4.5 0 4.8 27.4 106 99 16.5 12.4
"79" "79" 2004-04-09 25.91 "SAC" "@" "PHO" "L" -5 1 44.4333333333333 0.607 0.5 4.8 7.1 6 3.9 0 1.7 15.7 25.2 110 114 16.2 -0.6
"80" "80" 2004-04-11 25.92 "SAC" "" "LAL" "W" 17 1 41.35 0.472 0.433 2.6 0 1.2 32.3 3.8 0 11.2 19.4 107 98 12.6 4.2
"81" "81" 2004-04-12 25.92 "SAC" "@" "DEN" "L" -8 1 26.0833333333333 0.338 0.25 0 8.6 4.2 42.6 2 0 31.1 22 66 107 2.9 -8.8
"82" "82" 2004-04-14 25.92 "SAC" "@" "GSW" "L" -6 1 41.5166666666667 0.545 0.5 2.3 6.9 4.5 13.2 3.9 0 12.9 25.1 103 107 14.3 -0.3
"1" "1" 2004-11-02 26.47 "SAC" "@" "DAL" "L" -9 1 27.15 0.41 0.313 3.6 18 10 31.6 1.9 2.6 23.5 19 89 116 6.8 -1.1
"2" "2" 2004-11-03 26.48 "SAC" "@" "SAS" "L" -16 1 42.75 0.779 0.731 0 7.4 3.7 15.3 1.2 0 16.9 19.6 127 116 17.3 4.3
"3" "3" 2004-11-06 26.48 "SAC" "@" "HOU" "L" -3 1 46.75 0.647 0.575 2.3 14.7 8.2 32.9 0 0 17.3 28.4 119 115 23 7.6
"4" "4" 2004-11-09 26.49 "SAC" "" "TOR" "W" 16 1 33.5666666666667 0.405 0.333 0 16.2 10.6 38.1 1.4 0 9.2 13.9 111 93 11.5 1.5
"5" "5" 2004-11-10 26.5 "SAC" "@" "SEA" "L" -30 1 28.0166666666667 0.395 0.286 6.6 4.2 5.5 38 0 0 8.1 19.5 95 126 6.7 0
"6" "6" 2004-11-13 26.5 "SAC" "@" "PHO" "W" 2 1 39.3833333333333 0.678 0.615 3.1 3.4 3.2 25.1 2.8 0 0 17.4 160 128 20.4 7.8
"7" "7" 2004-11-14 26.51 "SAC" "" "DEN" "W" 12 1 41.5333333333333 0.557 0.464 0 4.5 2.6 20.8 2.5 1.6 25 26.4 92 95 11.4 0.1
"8" "8" 2004-11-16 26.51 "SAC" "" "CHI" "W" 7 1 41.7166666666667 0.817 0.846 5.7 4.6 5.1 18.3 1.2 0 10.8 20.7 145 117 22.5 8.5
"9" "9" 2004-11-19 26.52 "SAC" "" "MEM" "W" 2 1 37 0.61 0.577 0 15.3 6.8 24.1 1.4 0 0 18.9 129 116 16.2 2.6
"10" "10" 2004-11-21 26.53 "SAC" "" "MIL" "W" 9 1 37.4333333333333 0.398 0.25 0 14.6 7.6 24.1 1.3 0 11.7 20.1 84 86 8.3 -3.2
"11" "11" 2004-11-23 26.53 "SAC" "" "HOU" "W" 6 1 39.2333333333333 0.421 0.364 5.4 27.8 14.4 28.9 1.4 2.4 14.4 16.9 103 109 12.3 -1.5
"12" "12" 2004-11-26 26.54 "SAC" "@" "LAL" "W" 3 1 38.9333333333333 0.563 0.542 0 5.7 2.9 18.7 5.3 1.9 13.9 16.3 106 110 14 5.1
"13" "13" 2004-11-28 26.55 "SAC" "" "MIN" "L" -11 1 40.8333333333333 0.604 0.563 0 6 2.7 26.8 1.2 1.6 0 19.7 132 123 19.6 4.8
"14" "14" 2004-11-30 26.55 "SAC" "@" "MEM" "W" 5 1 30.3333333333333 0.35 0.35 4.8 0 2 14 1.8 0 9.1 18.2 85 113 3.2 -8.3
"15" "15" 2004-12-01 26.55 "SAC" "@" "NOH" "W" 13 1 33.1833333333333 0.152 0.111 8.6 14.4 12.1 23.1 0 0 28.8 21.2 54 97 -1.3 -15.6
"16" "16" 2004-12-03 26.56 "SAC" "" "IND" "W" 26 1 25.6833333333333 0.551 0.5 4.4 17.2 10.9 31 4.2 0 0 17.6 158 94 13.9 8.4
"17" "17" 2004-12-05 26.56 "SAC" "" "BOS" "W" 14 1 39.6 0.644 0.556 0 0 0 30.9 0 0 7.9 13.2 147 116 15.9 1.4
"18" "18" 2004-12-07 26.57 "SAC" "" "CHA" "W" 17 1 31.2166666666667 0.292 0.292 7.9 13.1 11.1 29.6 3.3 1.9 14.3 19.4 84 92 6.8 -1.1
"19" "19" 2004-12-10 26.58 "SAC" "@" "MIN" "L" -8 1 40.1333333333333 0.599 0.5 3 9.2 6.1 24.9 2.6 0 10.2 21.8 124 120 18.9 5.4
"20" "20" 2004-12-11 26.58 "SAC" "@" "IND" "W" 5 1 43.3 0.606 0.594 3.1 12.1 8.1 22.1 2.6 0 18.8 22.7 109 98 15.9 4.4
"21" "21" 2004-12-14 26.59 "SAC" "@" "MIL" "W" 3 1 40.45 0.599 0.5 9.2 15.6 12.2 43.1 5.1 0 8.2 26.5 131 89 29.8 18.6
"22" "22" 2004-12-16 26.59 "SAC" "" "LAL" "L" -16 1 35.7 0.521 0.5 5.6 0 3.3 8.4 1.5 0 10.9 22.6 104 130 9.5 -5
"23" "23" 2004-12-19 26.6 "SAC" "" "NOH" "W" 36 1 24.8166666666667 0.687 0.611 6.2 7.8 7.2 32.7 2.2 0 20.5 27.4 127 85 12.9 3.8
"24" "24" 2004-12-21 26.61 "SAC" "" "WAS" "W" 11 1 41.65 0.721 0.75 3.4 5.3 4.5 14.9 2.5 0 10.7 20.4 133 104 20.3 7.1
"25" "25" 2004-12-23 26.61 "SAC" "" "MIA" "L" -2 1 45.4666666666667 0.466 0.368 6.4 4.6 5.6 26.2 1.2 1.5 4.3 21.9 122 122 18.3 1.3
"26" "26" 2004-12-26 26.62 "SAC" "" "GSW" "L" -4 1 37.9333333333333 0.543 0.542 6.2 12.1 9.2 13.3 0 3.7 13.4 18.1 104 106 9.7 -1.8
"27" "27" 2004-12-31 26.64 "SAC" "@" "UTA" "W" 7 1 41.2 0.456 0.375 3.1 12 7.6 30.1 2.6 0 0 21.4 117 113 16 -0.3
"28" "28" 2005-01-02 26.64 "SAC" "" "SAS" "W" 5 1 40.0166666666667 0.518 0.5 0 7.2 4 9.4 1.3 0 24.5 23.8 79 94 5 -6.7
"29" "29" 2005-01-04 26.65 "SAC" "@" "NYK" "W" 7 1 39.9333333333333 0.707 0.692 6.7 5.2 5.9 26.8 3.8 0 18.2 18.6 128 101 18 7.4
"30" "30" 2005-01-05 26.65 "SAC" "@" "TOR" "L" -3 1 41.2666666666667 0.656 0.65 2.1 13 7.5 23.5 3.7 5.2 10.9 27.8 121 95 27.8 16.5
"31" "31" 2005-01-07 26.65 "SAC" "@" "ATL" "W" 3 1 44.1666666666667 0.692 0.611 0 15.2 7.7 23.2 7.1 1.4 21.1 30.3 112 93 27.5 11.3
"32" "32" 2005-01-08 26.66 "SAC" "@" "NOH" "L" -4 1 43.45 0.425 0.35 0 5 2.5 27.7 2.4 1.8 7.8 25.2 101 121 12.9 -1.1
"33" "33" 2005-01-11 26.67 "SAC" "" "DEN" "W" 9 1 39.9333333333333 0.451 0.406 2.7 5.5 4 27.1 0 0 4.8 23.1 109 113 12.4 -0.7
"34" "" 2005-01-13 26.67 "SAC" "" "UTA" "W" 14 NA NA NA NA NA NA NA NA NA NA NA NA NA NA NA NA
"35" "34" 2005-01-15 26.68 "SAC" "" "LAC" "W" 4 1 34.7833333333333 0.214 0.214 3.8 12.5 8.6 27.7 0 0 22.2 12.5 78 111 4 -8.3
"36" "35" 2005-01-17 26.68 "SAC" "@" "LAC" "W" 6 1 39.35 0.61 0.577 5.7 4.1 4.8 24.2 0 1.4 6.3 19.5 125 100 16.5 5.5
"37" "36" 2005-01-18 26.68 "SAC" "" "POR" "W" 6 1 40.35 0.538 0.538 2.9 0 1.4 32.2 1.4 0 13.3 17.7 117 119 11.3 -1.3
"38" "37" 2005-01-20 26.69 "SAC" "" "CLE" "W" 27 1 38.4 0.594 0.615 3.2 20.3 13.3 32.8 0 1.5 12.3 19.2 128 99 17.7 4.3
"39" "38" 2005-01-23 26.7 "SAC" "" "SAS" "L" -30 1 29.1666666666667 0.637 0.5 3.8 3.8 3.8 0 5.5 0 16.4 20.2 113 108 9.8 5.2
"40" "39" 2005-01-25 26.7 "SAC" "" "NJN" "W" 20 1 38.1333333333333 0.816 0.778 0 11.8 7 36.4 0 0 20.5 18.4 143 107 18.3 6.8
"41" "40" 2005-01-27 26.71 "SAC" "@" "SAS" "L" -10 1 40.4166666666667 0.535 0.533 6.3 3.4 4.9 30.8 2.8 0 15.9 22.4 101 110 13 2.5
"42" "41" 2005-01-28 26.71 "SAC" "@" "HOU" "W" 6 1 44.05 0.535 0.4 2.9 5.7 4.4 52.1 2.4 0 7.1 31.4 123 112 27.1 8.8
"43" "42" 2005-01-30 26.72 "SAC" "@" "MIN" "W" 10 1 41.6833333333333 0.432 0.413 0 5.9 2.6 30.8 5 1.6 11 29.2 91 87 15.2 4.7
"44" "43" 2005-02-01 26.72 "SAC" "" "SEA" "L" -5 1 32.35 0.552 0.5 6.1 16.7 10.6 23.5 1.7 5.6 0 31.2 129 115 20 12.4
"45" "44" 2005-02-02 26.73 "SAC" "@" "GSW" "W" 4 1 49.4666666666667 0.421 0.361 2.3 16.3 9.7 34.4 0 0 12.9 20.8 104 110 12.6 -3
"46" "45" 2005-02-04 26.73 "SAC" "" "NYK" "W" 1 1 42.9833333333333 0.642 0.66 2.4 6.2 4.1 31.1 3.4 0 3.1 32.3 134 119 34.3 11
"47" "46" 2005-02-05 26.73 "SAC" "@" "POR" "L" -6 1 39.9833333333333 0.683 0.652 6.8 9.2 7.6 25.6 1.3 1.8 7.2 27.9 139 126 29.2 12.7
"48" "47" 2005-02-08 26.74 "SAC" "" "PHO" "L" -2 1 38.8666666666667 0.662 0.625 8 8 8 24 1.2 1.6 19.7 26.4 119 120 21.2 2
"49" "48" 2005-02-10 26.75 "SAC" "@" "SEA" "L" -8 1 42.1166666666667 0.5 0.5 0 11.1 5.8 17.9 2.5 0 11.1 21.3 96 123 12.3 -4.2
"50" "49" 2005-02-11 26.75 "SAC" "" "DAL" "L" -2 1 40.3166666666667 0.671 0.688 3 17.1 9.6 14.9 2.6 0 17.7 25.1 117 122 17.6 2.8
"51" "50" 2005-02-13 26.76 "SAC" "@" "BOS" "W" 4 1 42.5666666666667 0.608 0.6 0 11.2 5.5 20.8 1.2 0 8.3 25.1 118 111 19.1 3
"52" "51" 2005-02-15 26.76 "SAC" "@" "CHI" "L" -5 1 41.5833333333333 0.498 0.444 0 12.1 4.7 28.5 1.2 2.1 8.7 23.9 103 111 14.3 1.1
"53" "52" 2005-02-16 26.76 "SAC" "@" "NJN" "L" -11 1 36.1833333333333 0.636 0.588 3.1 12.7 7.8 19.4 0 0 9.2 29.5 114 114 18.3 3.7
"54" "53" 2005-02-22 26.78 "SAC" "" "ATL" "W" 10 1 38.3666666666667 0.624 0.611 3 13.2 8.4 27.3 3.8 1.8 17.8 24.9 111 101 19.2 3.1
"55" "54" 2005-02-24 26.79 "SAC" "@" "DAL" "L" -9 1 41.9833333333333 0.543 0.475 2.9 8 5.9 32.8 3.4 0 7.7 25.9 121 118 22.1 5
"56" "55" 2005-02-26 26.79 "SAC" "@" "PHI" "W" 2 1 41.45 0.484 0.382 0 9.1 5.1 28.3 2.3 0 9.2 22.5 106 103 15.5 2.8
"57" "56" 2005-02-27 26.79 "SAC" "@" "WAS" "W" 2 1 42.35 0.716 0.674 5.2 10.2 7.7 31.8 4.7 0 15.9 33.7 127 108 32 11.8
"58" "57" 2005-03-01 26.8 "SAC" "@" "CHA" "L" -7 1 39.7666666666667 0.418 0.333 2.9 10.9 7 16.4 1.3 0 32.3 27 69 100 1.6 -9.5
"59" "58" 2005-03-02 26.8 "SAC" "@" "ORL" "L" -3 1 44.3 0.476 0.462 0 11.5 5.8 34.1 1.2 1.4 9.9 31 105 124 17.5 -1
"60" "59" 2005-03-04 26.81 "SAC" "@" "MIA" "L" -21 1 37.0333333333333 0.594 0.533 0 8.8 4.3 36.9 0 0 13.9 27.5 113 120 15.9 4
"61" "60" 2005-03-06 26.81 "SAC" "" "DET" "W" 15 1 43.9666666666667 0.506 0.441 5.6 6.3 6 36 2.4 0 17.6 23.9 109 95 16.3 2.5
"62" "61" 2005-03-08 26.82 "SAC" "" "MEM" "W" 3 1 44.75 0.528 0.455 4.5 2.9 3.8 26.1 2.6 0 7.5 26.6 123 102 19.4 8.6
"63" "62" 2005-03-11 26.83 "SAC" "" "LAC" "W" 1 1 41.5 0.643 0.625 0 11.7 4.8 44 3.7 0 4.4 25.3 140 116 29.3 12.3
"64" "63" 2005-03-13 26.83 "SAC" "" "HOU" "L" -15 1 41.0666666666667 0.346 0.344 6.2 7.1 6.6 42.5 3.9 1.8 25.7 23 84 124 10 -2
"65" "64" 2005-03-15 26.84 "SAC" "" "ORL" "W" 11 1 42.9166666666667 0.56 0.5 0 15.6 8.4 31.7 1.1 0 17.6 23.4 109 98 17.3 2.2
"66" "65" 2005-03-17 26.84 "SAC" "@" "GSW" "L" -3 1 39.7166666666667 0.344 0.344 2.5 5.2 3.8 28.1 4.1 0 20 22.7 80 113 6.1 -5.6
"67" "66" 2005-03-19 26.85 "SAC" "@" "LAC" "W" 4 1 39.8166666666667 0.404 0.3 5.3 12.3 8.5 24.8 0 0 7.8 29.2 95 110 10.2 -4.6
"68" "67" 2005-03-20 26.85 "SAC" "" "GSW" "L" -10 1 39.5833333333333 0.476 0.435 0 8.4 4 41.7 2.7 2.4 3.8 28.9 111 117 18.9 7.4
"69" "68" 2005-03-22 26.86 "SAC" "" "POR" "W" 19 1 40.0666666666667 0.407 0.308 0 0 0 33.1 2.6 1.7 0 16.1 112 104 13 -0.7
"70" "69" 2005-03-24 26.86 "SAC" "" "DAL" "W" 8 1 42.0333333333333 0.43 0.389 0 4.7 2.7 31.4 0 0 4.8 23.4 103 116 10.4 -4.3
"71" "70" 2005-03-26 26.87 "SAC" "@" "DEN" "L" -14 1 36.1833333333333 0.422 0.375 3 10.3 6.4 19.5 2.8 0 18.4 26.7 79 119 7.4 -6.2
"72" "71" 2005-03-28 26.87 "SAC" "" "PHI" "W" 9 1 34.65 0.507 0.5 2.9 0 1.5 18.5 0 0 10.1 23.8 113 120 10.2 -5.3
"73" "72" 2005-03-30 26.88 "SAC" "@" "DET" "L" -17 1 42.95 0.583 0.5 2.7 9.1 5.7 46.5 2.5 0 15.2 29.9 109 112 20.1 9.2
"74" "73" 2005-04-01 26.88 "SAC" "@" "CLE" "W" 19 1 35.5833333333333 0.522 0.472 0 7.4 3.9 31 4.4 2.2 12.5 29.6 120 115 18.2 3.5
"75" "74" 2005-04-03 26.89 "SAC" "" "MIN" "L" -12 1 36.1 0.434 0.405 2.2 11.4 5.6 18.6 1.5 0 12.1 28.5 100 124 8.7 -2.4
"76" "75" 2005-04-05 26.9 "SAC" "" "SEA" "W" 21 1 30.5 0.49 0.429 5 7.6 6.5 41.1 1.8 0 11.5 26.6 123 119 14.1 -2.1
"77" "76" 2005-04-08 26.9 "SAC" "@" "POR" "W" 4 1 39.8833333333333 0.484 0.441 0 6.7 2.8 39.3 3.8 0 16.9 24 110 121 15.2 0
"78" "77" 2005-04-10 26.91 "SAC" "" "LAL" "W" 19 1 27.6166666666667 0.789 0.731 0 14.2 7.6 41.8 1.9 2.5 24.8 29.2 134 108 20 10.6
"79" "78" 2005-04-15 26.92 "SAC" "@" "LAL" "W" 9 1 39.3666666666667 0.589 0.553 0 15.8 7.7 32.3 2.6 0 15.3 28.5 110 110 19.1 0.1
"80" "79" 2005-04-16 26.93 "SAC" "@" "PHO" "L" -18 1 25.3666666666667 0.426 0.382 0 4.3 1.8 31.9 3.7 2.8 13.8 33.5 85 111 8.4 2.4
"81" "80" 2005-04-18 26.93 "SAC" "@" "UTA" "L" -10 1 35.15 0.49 0.413 2.8 6.9 4.6 46.6 0 0 3.6 35.4 114 113 16.4 6.4
"82" "" 2005-04-20 26.94 "SAC" "" "PHO" "W" 25 NA NA NA NA NA NA NA NA NA NA NA NA NA NA NA NA
"1" "1" 2005-11-01 27.47 "SAC" "@" "NOK" "L" -26 1 27.6333333333333 0.35 0.318 3.1 16.3 7.9 35.1 1.8 0 14.9 21.9 72 100 3.7 -2.6
"2" "2" 2005-11-02 27.47 "SAC" "@" "HOU" "L" -9 1 36.1166666666667 0.21 0.182 0 5.7 2.9 21.2 0 0 14.4 16.8 57 114 -1.4 -12.6
"3" "3" 2005-11-06 27.48 "SAC" "@" "PHO" "W" 1 1 39.9166666666667 0.455 0.45 4.8 11.3 7.3 10.9 2.5 0 8.7 22.8 101 120 11 -6.3
"4" "4" 2005-11-08 27.49 "SAC" "" "DET" "L" -14 1 32.8833333333333 0.454 0.385 10.7 12.5 11.5 45.8 1.7 0 17.3 25.5 101 119 13.2 2.7
"5" "5" 2005-11-09 27.49 "SAC" "@" "DEN" "L" -16 1 35.3 0.577 0.577 0 6 3 29.8 3.1 1.8 13.3 19.5 108 119 11.9 4
"6" "6" 2005-11-11 27.5 "SAC" "" "DEN" "W" 16 1 30.65 0.388 0.375 0 9.4 5.7 16.3 1.7 0 23.7 27.4 65 94 2 -10
"7" "7" 2005-11-13 27.5 "SAC" "" "NYK" "L" -10 1 37.6166666666667 0.615 0.5 0 7.5 3.4 41.3 5.1 0 6.4 18.8 128 101 19.3 8.5
"8" "8" 2005-11-15 27.51 "SAC" "" "UTA" "W" 36 1 30.5666666666667 0.895 0.8 0 3.5 2 26.2 1.8 0 6.7 23 178 101 24.6 13.6
"9" "9" 2005-11-18 27.52 "SAC" "" "MIL" "W" 21 1 36.15 0.487 0.471 0 5.2 2.9 22.6 1.4 0 10.3 24.3 96 92 10.6 -3.4
"10" "10" 2005-11-20 27.52 "SAC" "@" "SEA" "L" -2 1 39.3 0.64 0.563 0 8.5 5 12.1 1.3 0 20.4 30 105 120 14.8 -5.4
"11" "11" 2005-11-21 27.53 "SAC" "" "SAS" "L" -3 1 35.6666666666667 0.612 0.522 2.8 7.7 4.9 14.8 1.4 2.1 10 35.6 120 105 21.1 11.1
"12" "12" 2005-11-23 27.53 "SAC" "" "NJN" "W" 9 1 42.1666666666667 0.651 0.588 0 9.2 4.9 7.9 0 0 9.4 22.8 122 117 15.8 -2.1
"13" "13" 2005-11-25 27.54 "SAC" "" "TOR" "W" 2 1 36.7333333333333 0.571 0.595 0 10.6 5.1 4.9 1.4 0 4.4 29.2 107 115 14.7 1.3
"14" "14" 2005-11-29 27.55 "SAC" "" "CHA" "W" 18 1 28.25 1.015 1 0 6.8 3.9 20.6 0 0 19.6 24.1 145 101 20.2 12.5
"15" "15" 2005-11-30 27.55 "SAC" "@" "GSW" "L" -7 1 41.4166666666667 0.53 0.5 5.4 5.3 5.3 7.8 0 1.9 0 22.7 114 125 14.4 -1.8
"16" "16" 2005-12-02 27.56 "SAC" "" "MIA" "L" -11 1 39.55 0.49 0.5 3 0 1.6 41.2 0 0 10.9 21.3 100 115 10.9 -1.5
"17" "17" 2005-12-04 27.56 "SAC" "" "MIN" "L" -8 1 29.1833333333333 0.549 0.545 0 7.8 4 37.2 0 0 13.6 23.8 104 100 9.6 4.2
"18" "18" 2005-12-06 27.57 "SAC" "" "CLE" "L" -5 1 41.1 0.498 0.346 0 0 0 28.9 1.3 0 5.9 19.4 117 119 13.3 1.9
"19" "19" 2005-12-08 27.57 "SAC" "" "HOU" "L" -11 1 40.3666666666667 0.581 0.528 0 12.5 7 29.4 0 2.1 12.7 28.3 109 118 16.1 0
"20" "20" 2005-12-10 27.58 "SAC" "@" "SEA" "W" 19 1 41.9666666666667 0.644 0.594 0 16.7 10.2 20.3 0 0 9.7 23.9 129 117 17.6 -2.7
"21" "21" 2005-12-11 27.58 "SAC" "" "NOK" "W" 10 1 41.35 0.479 0.406 0 2.9 1.6 21.6 2.7 1.7 14.5 22.6 110 118 11.6 -1.8
"22" "22" 2005-12-13 27.59 "SAC" "@" "MIN" "W" 2 1 37.5666666666667 0.531 0.531 0 6.7 3.4 31.9 0 0 5.9 24.4 107 118 11.6 -0.2
"23" "23" 2005-12-14 27.59 "SAC" "@" "DET" "L" -11 1 32.2833333333333 0.589 0.591 0 6.9 3.8 9 0 0 14.4 20.3 100 125 7.5 -6.4
"24" "24" 2005-12-17 27.6 "SAC" "@" "SAS" "L" -1 1 40.6333333333333 0.492 0.5 2.6 2.7 2.7 25 2.6 0 12.3 27.1 98 102 13.2 4.4
"25" "25" 2005-12-19 27.6 "SAC" "@" "CHA" "L" -3 1 47.6166666666667 0.446 0.396 2.8 15.9 10 31.7 1.1 0 10.4 27.9 98 105 15.4 0.4
"26" "26" 2005-12-22 27.61 "SAC" "" "DAL" "L" -10 1 38.55 0.649 0.538 0 6.6 3 0 1.4 0 10.5 22.6 122 118 13.3 1.9
"27" "27" 2005-12-26 27.62 "SAC" "" "POR" "L" -13 1 39.3333333333333 0.409 0.367 2.7 10.8 6.1 36.7 2.7 1.8 11.2 20.5 102 115 12.3 1.5
"28" "28" 2005-12-27 27.62 "SAC" "@" "LAC" "W" 17 1 40.8833333333333 0.703 0.6 3.2 7.7 5.7 52.7 1.2 0 12.9 34.5 130 98 32 12.7
"29" "29" 2005-12-30 27.63 "SAC" "" "BOS" "W" 4 1 43.6166666666667 0.719 0.684 4.8 13.3 8.4 38.1 1 0 14.8 24.4 133 107 29.5 9.8
"30" "30" 2006-01-03 27.64 "SAC" "" "PHI" "L" -13 1 33.8 0.239 0.225 0 8.5 4.3 49.9 0 0 12.6 30.3 65 118 2.4 -10
"31" "31" 2006-01-06 27.65 "SAC" "" "LAC" "W" 4 1 40.1666666666667 0.743 0.667 0 12.4 7.5 30 1.2 1.4 12.2 26.2 144 117 28.8 10.5
"32" "32" 2006-01-08 27.66 "SAC" "" "IND" "L" -25 1 23.1166666666667 0.23 0.15 0 9.7 4.7 29.7 0 0 15.5 26 54 122 -0.6 -13.2
"33" "33" 2006-01-10 27.66 "SAC" "@" "MEM" "L" -14 1 43.25 0.553 0.5 0 11.4 5.9 42.3 1.3 0 20.3 34 101 119 15.8 -0.5
"34" "34" 2006-01-11 27.67 "SAC" "@" "HOU" "W" 8 1 43.4166666666667 0.466 0.344 0 9.9 5.8 39.4 1.3 0 4.7 25.9 105 94 15.7 1.3
"35" "35" 2006-01-13 27.67 "SAC" "@" "NOK" "L" -14 1 27.0166666666667 0.25 0.25 0 3.7 1.9 23.5 5.6 0 25 26.9 45 90 -1.4 -11.4
"36" "36" 2006-01-15 27.68 "SAC" "" "ORL" "W" 4 1 46.3 0.743 0.674 0 2.1 1.3 23.7 0 0 6.6 33.2 142 120 30.2 6.7
"37" "37" 2006-01-17 27.68 "SAC" "" "PHO" "W" 29 1 33.8333333333333 0.519 0.5 0 7.9 4.4 20.2 1.4 0 14.1 26.5 101 94 11.1 -1.4
"38" "38" 2006-01-19 27.69 "SAC" "" "LAL" "W" 9 1 48 0.599 0.552 0 9.6 4.8 24.9 1.1 0 8.2 36.1 114 111 27.1 5.9
"39" "39" 2006-01-21 27.69 "SAC" "@" "ORL" "L" -5 1 48.25 0.386 0.386 0 6.5 3.2 23.7 1.2 0 15.4 26.2 74 92 5.4 -2.6
"40" "40" 2006-01-22 27.7 "SAC" "@" "MIA" "L" -20 1 34.0666666666667 0.504 0.469 0 4.1 1.8 38.2 0 0 10.6 24.6 117 139 12.1 1.8
"41" "41" 2006-01-24 27.7 "SAC" "@" "PHI" "L" -6 1 42.5833333333333 0.796 0.76 0 8.2 4.1 22.7 1.2 0 9.8 33.4 139 118 33.8 12.4
"42" "42" 2006-01-25 27.7 "SAC" "@" "NYK" "W" 4 1 46.0666666666667 0.551 0.517 2 9.8 5.5 57.8 0 0 8.6 34.4 111 104 23.9 7.4
"43" "43" 2006-01-27 27.71 "SAC" "@" "BOS" "L" -10 1 42.2 0.202 0.143 0 6 2.7 27.4 2.5 0 16.8 19.7 47 98 -0.7 -10.1
"44" "44" 2006-01-29 27.72 "SAC" "@" "TOR" "L" -1 1 49.7 0.606 0.563 0 5.9 3.6 13.9 0 0 2.8 32.7 128 123 26 2.7
"45" "45" 2006-01-31 27.72 "SAC" "" "DEN" "W" 7 1 35.95 0.493 0.423 0 0 0 19.5 2.8 0 16.5 21.6 95 99 8.9 0.9
"46" "46" 2006-02-03 27.73 "SAC" "@" "UTA" "L" -10 1 41.8666666666667 0.402 0.281 0 14.7 6.6 28.1 2.7 0 13.9 23.3 91 103 8.2 -1.9
"47" "47" 2006-02-05 27.73 "SAC" "" "UTA" "W" 18 1 38.75 0.511 0.421 0 10.3 5 33.3 1.5 0 0 28.7 132 102 17.8 4.2
"48" "48" 2006-02-07 27.74 "SAC" "" "MEM" "W" 8 1 39.4333333333333 0.461 0.423 0 17.8 11.8 38.1 0 2.1 11.6 22.5 107 113 12.7 -2
"49" "49" 2006-02-09 27.75 "SAC" "" "CHI" "W" 18 1 31.9 0.622 0.5 0 8.7 4.8 12.8 0 2 5.9 24.8 123 93 14.5 4.1
"50" "50" 2006-02-10 27.75 "SAC" "@" "PHO" "L" -8 1 28.3833333333333 0.325 0.222 0 9.1 4.6 15.1 1.8 0 21.8 21.6 65 119 0.6 -12.3
"51" "51" 2006-02-12 27.75 "SAC" "" "ATL" "W" 25 1 34.3 0.568 0.591 3.8 6.4 5.2 16.2 3 0 20.8 18.5 100 91 10 -0.3
"52" "52" 2006-02-14 27.76 "SAC" "@" "CHI" "W" 4 1 45.2333333333333 0.597 0.568 0 8.8 4.6 26.7 1.1 0 16.1 30.3 106 98 18.7 2.8
"53" "53" 2006-02-15 27.76 "SAC" "@" "MEM" "L" -6 1 37.0666666666667 0.353 0.353 0 10 4.3 16 0 0 0 21.4 87 109 5.5 -5.4
"54" "54" 2006-02-21 27.78 "SAC" "" "GSW" "W" 25 1 29.9 0.673 0.636 0 0 0 26.4 1.7 0 7.8 20.8 133 91 13.4 6.5
"55" "55" 2006-02-23 27.78 "SAC" "@" "LAL" "L" -21 1 40.4166666666667 0.477 0.438 0 7 3.3 25.5 0 0 13.2 34.6 93 125 10.7 -2.6
"56" "56" 2006-02-27 27.79 "SAC" "" "POR" "W" 24 1 38.0166666666667 0.518 0.533 0 7.2 3.1 25.1 1.4 0 16.3 20.9 104 102 11 -4.1
"57" "57" 2006-03-01 27.8 "SAC" "@" "CLE" "W" 7 1 43.6333333333333 0.357 0.341 0 8.3 4.5 43.6 2.5 0 15.1 29.9 87 102 9.5 -4.2
"58" "58" 2006-03-03 27.81 "SAC" "@" "ATL" "W" 9 1 42.0666666666667 0.507 0.467 0 9.3 4.3 32.6 1.3 0 10.7 20.6 111 110 14 0.5
"59" "59" 2006-03-05 27.81 "SAC" "@" "WAS" "L" -10 1 35.1666666666667 0.44 0.375 0 3.7 1.7 20 2.9 0 21.6 28.7 84 128 7.2 -6.4
"60" "60" 2006-03-06 27.81 "SAC" "@" "NJN" "W" 25 1 40.7 0.76 0.719 0 9.6 5.5 43.3 2.6 0 9.5 24.8 143 94 28.4 13.5
"61" "61" 2006-03-08 27.82 "SAC" "@" "MIL" "W" 7 1 45.15 0.712 0.6 2.7 2.7 2.7 17.5 1.1 0 7.3 26.7 147 126 28.3 4.9
"62" "62" 2006-03-10 27.82 "SAC" "" "MEM" "W" 12 1 40.45 0.481 0.417 0 9.1 3.9 25.7 2.7 0 0 21.3 123 107 15.5 3.1
"63" "63" 2006-03-12 27.83 "SAC" "" "DAL" "W" 5 1 39.2333333333333 0.403 0.357 2.9 18.6 11.1 16.8 0 0 0 18.1 100 94 9.4 1.3
"64" "64" 2006-03-14 27.84 "SAC" "" "LAL" "W" 16 1 43.5166666666667 0.674 0.583 0 2.8 1.6 25.6 2.4 0 15.7 27.8 123 108 22.4 4.5
"65" "65" 2006-03-17 27.84 "SAC" "@" "IND" "L" -5 1 45 0.631 0.618 0 2.3 1.1 15 0 0 5.4 17.9 131 117 14.6 2.7
"66" "66" 2006-03-19 27.85 "SAC" "@" "MIN" "L" -6 1 43.2833333333333 0.583 0.457 0 13.5 7 16.7 0 0 16.6 34.9 108 101 19.3 1.9
"67" "67" 2006-03-21 27.85 "SAC" "" "SEA" "W" 9 1 39.5833333333333 0.65 0.575 5.1 5.3 5.2 37.2 2.5 0 8 26.7 134 102 25.2 12.1
"68" "68" 2006-03-22 27.86 "SAC" "@" "LAL" "L" -7 1 37.6333333333333 0.363 0.292 0 3 1.6 21.9 0 0 22.5 22.5 73 106 1 -8.4
"69" "69" 2006-03-25 27.87 "SAC" "@" "UTA" "W" 2 1 40.1666666666667 0.567 0.467 2.9 3 3 40.1 5.3 0 15.9 29.8 108 98 20.5 10
"70" "70" 2006-03-26 27.87 "SAC" "" "GSW" "L" -7 1 45.3666666666667 0.461 0.435 2.1 5 3.5 19.7 1.2 0 7.7 26.3 98 113 11.8 -0.1
"71" "71" 2006-03-28 27.87 "SAC" "" "WAS" "L" -13 1 39.6166666666667 0.479 0.45 2.8 3.2 3 10.4 2.7 0 4.6 25.7 104 112 11.4 -0.1
"72" "72" 2006-03-29 27.88 "SAC" "@" "POR" "W" 16 1 33.75 0.771 0.727 0 4 2 13.6 0 0 7.5 20.7 139 120 14.7 1.4
"73" "73" 2006-03-31 27.88 "SAC" "@" "GSW" "W" 3 1 40.7166666666667 0.656 0.656 0 18.6 9.4 13.8 1.3 0 20 24 100 104 13.9 0.5
"74" "74" 2006-04-02 27.89 "SAC" "" "LAC" "W" 10 1 45.2 0.619 0.563 2.5 4.9 3.7 22.8 2.3 0 5.3 19.5 130 108 20.4 6.5
"75" "75" 2006-04-04 27.89 "SAC" "@" "DAL" "L" -26 1 30.6 0.446 0.364 0 0 0 9.9 0 0 0 19.2 105 151 5.1 -12.7
"76" "76" 2006-04-05 27.9 "SAC" "@" "SAS" "W" 10 1 45.4 0.6 0.5 0 18.1 9.6 29.7 0 0 7.2 29.1 131 106 24.8 6.5
"77" "77" 2006-04-07 27.9 "SAC" "@" "LAC" "W" 3 1 42.8 0.691 0.594 2.2 14.8 7.6 18.7 1.2 0 12.1 27.8 128 106 23.4 7.9
"78" "78" 2006-04-09 27.91 "SAC" "" "HOU" "W" 9 1 44.8166666666667 0.652 0.633 2.7 5.1 3.9 31.3 1.3 0 10.2 21.9 131 96 18.2 9
"79" "79" 2006-04-11 27.91 "SAC" "" "PHO" "L" -13 1 41.3666666666667 0.652 0.633 3 0 1.7 16.7 0 0 10.2 21.9 127 135 14.4 -2.1
"80" "80" 2006-04-15 27.92 "SAC" "@" "DEN" "W" 18 1 29.2833333333333 0.578 0.553 0 3.6 2 62.4 3.8 0 9.1 35 126 96 20.2 15.6
"81" "81" 2006-04-16 27.93 "SAC" "" "NOK" "W" 17 1 32.2166666666667 0.648 0.656 0 4.4 2.1 18.6 1.7 0 10.1 30.1 118 93 14.4 6.8
"82" "82" 2006-04-18 27.93 "SAC" "" "SEA" "W" 6 1 32.7166666666667 0.587 0.588 0 0 0 9 4.7 2.5 14.4 26.7 109 110 12.4 4.2
"1" "1" 2006-11-01 28.47 "SAC" "@" "MIN" "L" -9 1 37.7166666666667 0.45 0.375 2.4 14.5 7.1 20.7 1.4 0 14.5 22.4 99 103 8.7 0.1
"2" "2" 2006-11-03 28.48 "SAC" "@" "CHI" "W" 1 1 45.1 0.58 0.433 0 10.1 5 44.2 3.1 0 35.7 28.5 84 86 11.6 1
"3" "3" 2006-11-04 28.48 "SAC" "@" "MIL" "L" -13 1 30.15 0.349 0.3 3.2 10 5.9 40.3 3.6 0 5.5 26.6 95 118 9.1 -1
"4" "4" 2006-11-06 28.48 "SAC" "" "MIN" "W" 12 1 37.55 0.46 0.45 3.4 3 3.2 35.4 1.4 2.1 35.5 20.4 81 95 6.1 -2.7
"5" "5" 2006-11-08 28.49 "SAC" "" "DET" "W" 13 1 34.6 0.645 0.5 5.9 18.3 11.4 16.2 1.5 0 14.4 26.5 126 97 17.3 6.4
"6" "6" 2006-11-12 28.5 "SAC" "" "TOR" "W" 15 1 38.2333333333333 0.591 0.531 3.6 11.4 7.9 18.6 1.3 0 22 26.1 102 99 12.9 -2
"7" "7" 2006-11-15 28.51 "SAC" "" "MEM" "W" 4 1 42.1666666666667 0.638 0.568 0 10 4.5 36.2 2.4 0 10.7 28 134 117 27.1 8.5
"8" "8" 2006-11-16 28.51 "SAC" "@" "GSW" "L" -12 1 33.6666666666667 0.368 0.267 6.3 4.1 5.3 34.1 1.4 0 0 21.5 105 120 10.5 -2
"9" "9" 2006-11-19 28.52 "SAC" "" "SAS" "L" -9 1 38.5666666666667 0.475 0.25 0 0 0 16.4 0 0 10.6 23.7 101 128 8.8 -4.8
"10" "10" 2006-11-22 28.53 "SAC" "" "UTA" "L" -9 1 21.6833333333333 0.505 0.455 10.3 5.7 8.1 8.8 0 0 0 25 118 125 8.3 -0.2
"11" "11" 2006-11-24 28.53 "SAC" "@" "SEA" "W" 9 1 42.4833333333333 0.448 0.421 0 8.9 4.3 18.7 4.6 0 15.9 25.7 91 100 12 -1.6
"12" "12" 2006-11-25 28.54 "SAC" "" "POR" "W" 20 1 32.9166666666667 0.622 0.5 0 11.8 6.5 14.7 1.7 0 15.7 28.9 117 100 13.1 1.9
"13" "13" 2006-11-28 28.55 "SAC" "" "LAC" "W" 13 1 38.7 0.463 0.324 5.6 11.1 8.7 46.3 1.4 0 0 26.2 118 94 19.2 8.2
"14" "14" 2006-12-01 28.55 "SAC" "@" "DAL" "L" -19 1 23.8666666666667 0.418 0.333 0 19.6 9.2 21.6 8.2 0 15.7 23.6 81 97 8.4 3.9
"15" "15" 2006-12-02 28.56 "SAC" "@" "SAS" "L" -2 1 41.9 0.277 0.263 0 2.7 1.5 31 3.6 0 13.1 25.1 69 107 5.9 -5.7
"16" "16" 2006-12-04 28.56 "SAC" "" "ORL" "L" -3 1 43.4833333333333 0.473 0.353 0 9.7 4 33.1 1.2 1.9 4.7 22.3 109 103 15.2 2.5
"17" "17" 2006-12-05 28.56 "SAC" "@" "PHO" "L" -25 1 33.0833333333333 0.581 0.5 3 15.1 9.1 35.2 1.5 4.5 0 22.9 136 124 22 11.1
"18" "18" 2006-12-07 28.57 "SAC" "" "MIA" "L" -2 1 41.8333333333333 0.527 0.4 0 15.1 7 22.6 0 0 5 23.3 109 96 14.8 3.2
"19" "19" 2006-12-10 28.58 "SAC" "" "ATL" "W" 25 1 28.55 0.656 0.6 0 8.2 4.8 14.6 1.7 0 14.1 23 116 97 11.5 1.6
"20" "20" 2006-12-12 28.58 "SAC" "@" "GSW" "L" -13 1 32.3166666666667 0.481 0.429 0 18.1 8.5 20.4 0 0 0 21.7 116 135 10.5 -3.1
"21" "21" 2006-12-15 28.59 "SAC" "@" "UTA" "W" 1 1 32.7166666666667 0.492 0.472 3.3 25.7 14 36.2 0 0 9.4 29.2 103 108 12.7 1.6
"22" "22" 2006-12-16 28.59 "SAC" "" "PHO" "L" -7 1 40.6166666666667 0.306 0.273 0 13.5 6 29.6 1.2 2.1 14.9 27.5 73 110 4.4 -8.2
"23" "23" 2006-12-18 28.6 "SAC" "" "DAL" "L" -18 1 35.3166666666667 0.352 0.25 0 8.8 3.4 28.2 1.5 0 17.4 21.2 79 123 4 -6.7
"24" "24" 2006-12-21 28.61 "SAC" "" "WAS" "L" -7 1 34.95 0.384 0.385 0 11.2 6 31.3 0 0 17.3 20.3 89 128 7.2 -6.8
"25" "25" 2006-12-22 28.61 "SAC" "@" "DEN" "W" 5 1 37.3 0.263 0.25 3 6.9 5.2 33.9 1.3 0 27.3 19.9 64 99 2.1 -9.7
"26" "26" 2006-12-27 28.62 "SAC" "" "PHI" "W" 25 1 31.5333333333333 0.661 0.633 0 11.1 6.3 37.6 3.6 0 5.9 27.6 133 89 19 10
"27" "27" 2006-12-29 28.63 "SAC" "@" "LAC" "L" -9 1 37.85 0.601 0.526 0 0 0 18.5 0 0 0 27 128 119 17.2 2.3
"28" "28" 2006-12-30 28.63 "SAC" "" "GSW" "W" 23 1 31.4166666666667 0.671 0.615 0 8.5 4.8 33.6 1.5 0 16.1 24.5 124 100 17 4
"29" "29" 2007-01-02 28.64 "SAC" "" "NYK" "W" 12 1 38.5666666666667 0.582 0.533 0 9.1 5.3 30.9 1.4 0 10.9 23.2 123 114 17.1 1.2
"30" "30" 2007-01-04 28.65 "SAC" "" "LAL" "L" -4 1 48.3333333333333 0.678 0.619 4.8 13.4 8.8 23.6 0 0 9.7 28.2 133 126 28.6 5
"31" "31" 2007-01-06 28.65 "SAC" "" "POR" "L" -5 1 44.1666666666667 0.643 0.625 0 14 7 9.6 1.2 0 12.1 26.6 113 109 16.9 1.7
"32" "32" 2007-01-09 28.66 "SAC" "" "CLE" "L" -10 1 40.4833333333333 0.658 0.611 0 2.4 1.4 31.9 4.1 0 16.8 29.2 116 123 19.3 5.4
"33" "33" 2007-01-12 28.67 "SAC" "@" "POR" "L" -8 1 39.9333333333333 0.528 0.5 3.8 5.9 4.9 17.1 2.6 0 19.6 18.4 95 102 8.8 0.8
"34" "34" 2007-01-13 28.67 "SAC" "" "HOU" "L" -4 1 42.1666666666667 0.351 0.214 0 11.4 6.2 18.9 0 0 5.5 21.8 84 122 6.3 -8.6
"35" "35" 2007-01-15 28.68 "SAC" "@" "NYK" "L" -5 1 34.1333333333333 0.337 0.3 6.1 17 10.7 13.9 1.5 0 19.7 26.9 70 113 2.2 -12.1
"36" "36" 2007-01-17 28.68 "SAC" "@" "TOR" "L" -16 1 38.3333333333333 0.56 0.5 0 6.4 3.3 17.7 0 0 13.8 28.8 99 118 11.2 -0.5
"37" "37" 2007-01-19 28.69 "SAC" "@" "BOS" "W" 5 1 31.95 0.481 0.5 7.7 8.1 7.9 19.7 1.8 0 0 17.9 116 110 10.3 0.6
"38" "38" 2007-01-20 28.69 "SAC" "@" "DET" "L" -17 1 28.5 0.481 0.455 0 4 1.8 16.6 0 0 8 20.5 90 106 4.4 -2.3
"39" "39" 2007-01-22 28.7 "SAC" "" "NJN" "W" 1 1 33.2333333333333 0.494 0.429 2.8 6.7 4.6 31.2 4.8 0 5.8 22.4 114 92 15.3 10
"40" "40" 2007-01-24 28.7 "SAC" "" "MIL" "W" 8 1 35.9333333333333 0.598 0.571 0 11.1 5.5 28.1 0 0 9.8 13.5 131 120 12 0.4
"41" "41" 2007-01-26 28.71 "SAC" "@" "NOK" "L" -4 1 36.3666666666667 0.476 0.421 2.9 12.3 7.5 14.1 1.5 0 4.3 30.2 97 99 11.8 0.9
"42" "42" 2007-01-27 28.71 "SAC" "@" "DAL" "L" -2 1 33.3833333333333 0.5 0.5 0 3.9 2 28.4 1.6 0 25 23.5 88 120 7.5 -4.8
"43" "43" 2007-01-29 28.72 "SAC" "@" "MEM" "L" -7 1 32.7 0.639 0.639 0 5.4 2 19.1 1.5 0 5.3 24.9 119 127 16.3 3.7
"44" "44" 2007-01-31 28.72 "SAC" "@" "MIN" "W" 2 1 33.3833333333333 0.41 0.321 9.4 3.7 6.8 24.6 0 0 10.5 26 100 115 8.9 -5.3
"45" "45" 2007-02-03 28.73 "SAC" "" "DEN" "W" 7 1 36.6666666666667 0.313 0.313 0 5 2.5 12.8 3.9 0 5.9 19.8 66 91 4.7 -4.3
"46" "46" 2007-02-05 28.73 "SAC" "" "NOK" "W" 6 1 34.3 0.713 0.667 0 8.7 5.4 27.8 2.9 0 27.3 25.8 108 104 14.7 2
"47" "47" 2007-02-08 28.74 "SAC" "" "CHI" "W" 9 1 33.5166666666667 0.626 0.567 0 7 4.3 27.3 0 0 15.2 27.6 107 87 14 6.7
"48" "48" 2007-02-10 28.75 "SAC" "@" "SEA" "W" 21 1 25.2333333333333 0.309 0.2 0 14.6 7.3 16.2 0 0 15 23.7 71 104 1.4 -14.8
"49" "49" 2007-02-11 28.75 "SAC" "" "SEA" "L" -11 1 28.4833333333333 0.463 0.455 0 8.2 3.9 27 0 0 25.2 24.5 83 126 3.4 -8
"50" "50" 2007-02-13 28.76 "SAC" "@" "HOU" "L" -5 1 39.0333333333333 0.533 0.45 3.2 3 3.1 31.1 1.4 0 14.1 17.9 110 116 11.7 -0.2
"51" "51" 2007-02-14 28.76 "SAC" "@" "NOK" "L" -17 1 21.2333333333333 0.45 0.375 5 0 2.9 18.7 2.4 0 18.4 23.8 87 121 4.7 -5.2
"52" "52" 2007-02-20 28.78 "SAC" "" "BOS" "W" 3 1 31.7166666666667 0.53 0.5 3.9 4 3.9 18.2 0 0 9.6 15.5 107 114 7 -3.6
"53" "53" 2007-02-22 28.78 "SAC" "@" "WAS" "L" -3 1 37.0333333333333 0.7 0.714 3.2 7.2 5 15.9 3.8 0 12.3 27.6 123 105 21.1 8.9
"54" "54" 2007-02-23 28.78 "SAC" "@" "NJN" "L" -13 1 19.1 0.214 0.214 0 0 0 8.8 0 0 12.5 18.2 46 119 -1.8 -15.2
"55" "55" 2007-02-25 28.79 "SAC" "@" "IND" "W" 17 1 35.8 0.713 0.706 0 10.7 5.8 35.6 2.6 0 9.2 26 129 94 24.3 11.3
"56" "56" 2007-02-26 28.79 "SAC" "@" "PHI" "L" -7 1 34.8333333333333 0.242 0.25 0 6 2.9 39.6 2.9 0 21.7 24.1 55 95 1.8 -6.2
"57" "57" 2007-02-28 28.8 "SAC" "" "CHA" "W" 15 1 32.3166666666667 0.901 0.893 5.9 0 2.6 25.9 3 0 5.7 24.7 176 125 28.2 15.9
"58" "58" 2007-03-02 28.8 "SAC" "@" "LAL" "W" 8 1 36.7333333333333 0.78 0.7 0 17.4 7.6 32 1.4 0 4.5 28.6 151 111 31 15.1
"59" "59" 2007-03-03 28.81 "SAC" "@" "POR" "W" 8 1 32.0166666666667 0.416 0.269 0 3.4 1.8 8.7 0 0 16.1 27.2 81 113 3.8 -10.4
"60" "60" 2007-03-06 28.81 "SAC" "" "IND" "W" 4 1 31.5166666666667 0.656 0.6 0 12.3 6.1 12.8 1.7 0 15.2 28.6 116 109 13.8 1.4
"61" "61" 2007-03-08 28.82 "SAC" "" "SAS" "L" -7 1 36.8666666666667 0.392 0.321 0 9.1 4.7 25.4 2.7 0 16.4 22.8 82 103 6.3 -2.1
"62" "62" 2007-03-11 28.83 "SAC" "" "DEN" "L" -12 1 37.0166666666667 0.737 0.725 0 6.2 3.1 25.4 3.8 0 17.8 32.3 119 112 24.6 11.3
"63" "63" 2007-03-13 28.83 "SAC" "@" "CLE" "L" -24 1 22.1666666666667 0.47 0.364 4.2 6.8 5.2 22 4.3 0 13.6 28 95 123 8.6 0.4
"64" "64" 2007-03-14 28.84 "SAC" "@" "CHA" "L" -3 1 31.8666666666667 0.67 0.667 0 21 11.6 5.1 0 0 21.1 20.2 102 121 8.6 -7.1
"65" "65" 2007-03-16 28.84 "SAC" "@" "MIA" "L" -6 1 36.1833333333333 0.7 0.7 0 17.1 7.4 17 0 0 16.7 22.7 118 119 13.6 3.1
"66" "66" 2007-03-17 28.84 "SAC" "@" "ORL" "W" 12 1 32.2 0.454 0.367 0 21.9 9.7 24.8 3.3 0 10.2 29 90 91 9.1 0.1
"67" "67" 2007-03-19 28.85 "SAC" "@" "ATL" "L" -23 1 23.1333333333333 0.417 0.417 0 10.1 4.9 17.4 2.3 0 33.3 18.1 63 108 1.6 -6.2
"68" "68" 2007-03-21 28.85 "SAC" "" "MIN" "L" -6 1 39.2166666666667 0.542 0.5 0 11.9 5.5 36.9 1.4 0 4.5 26.9 116 106 17 5.6
"69" "69" 2007-03-22 28.86 "SAC" "@" "PHO" "L" -18 1 38.05 0.524 0.429 0 12.3 5.5 20.3 3.6 0 7 31.3 106 110 20.3 8.6
"70" "70" 2007-03-25 28.87 "SAC" "" "PHO" "W" 7 1 38.4833333333333 0.775 0.761 3.6 8.9 6.5 30 1.3 0 17.3 36.3 126 109 26 12
"71" "71" 2007-03-30 28.88 "SAC" "" "LAC" "L" -4 1 37.7833333333333 0.377 0.289 0 7.1 3.1 18.4 0 0 12.4 28.2 77 115 3.5 -9.6
"72" "72" 2007-04-01 28.88 "SAC" "@" "LAL" "L" -23 1 32.9166666666667 0.252 0.2 0 13.7 5.8 8.7 0 0 5.9 22.6 58 135 0 -17.1
"73" "73" 2007-04-03 28.89 "SAC" "" "DAL" "L" -4 1 35.7666666666667 0.627 0.545 0 3.5 1.6 17.3 0 2.3 13.6 18.1 116 111 10.2 0.8
"74" "74" 2007-04-04 28.89 "SAC" "@" "DEN" "L" -5 1 36.7666666666667 0.391 0.382 2.7 12.1 7.1 32.2 1.3 0 18.3 24.4 84 118 7.3 -6.4
"75" "75" 2007-04-06 28.9 "SAC" "" "UTA" "W" 4 1 14.75 0.102 0 10.8 7.2 8.7 8.8 0 0 0 15.4 59 121 -0.5 -12.7
"76" "76" 2007-04-08 28.9 "SAC" "" "HOU" "L" -6 1 27.0833333333333 0.5 0.5 0 5.2 2.2 12.7 0 0 15.4 20.1 92 126 3.8 -7
"77" "77" 2007-04-10 28.91 "SAC" "@" "MEM" "W" 12 1 31.0333333333333 0.625 0.625 0 14.1 7.4 43.3 3.4 0 13 33.4 118 107 18.9 6.3
"78" "78" 2007-04-11 28.91 "SAC" "@" "SAS" "L" -9 1 38.6333333333333 0.661 0.571 0 17.3 7.5 18 0 0 23.1 26.2 107 123 12.7 -1.2
"79" "79" 2007-04-13 28.92 "SAC" "" "GSW" "L" -17 1 26.0333333333333 0.563 0.563 4.1 7.8 6 19.4 1.8 0 20 15.7 102 124 7 -0.5
"80" "80" 2007-04-15 28.92 "SAC" "@" "LAC" "W" 5 1 21.3833333333333 0.833 0.833 5.8 10.7 8.3 28.6 2.5 0 10 22.2 144 112 14.1 13.6
"81" "81" 2007-04-16 28.93 "SAC" "" "NOK" "L" -7 1 24 0.773 0.773 4.3 22.2 12.2 30.3 2.1 0 15.4 23.8 137 126 15.3 11.2
"82" "82" 2007-04-18 28.93 "SAC" "" "LAL" "L" -11 1 21.2166666666667 0.654 0.654 0 14.1 5.9 9.4 0 0 0 27.4 128 127 12 7.7
"1" "" 2007-10-31 29.47 "SAC" "@" "NOH" "L" -14 NA NA NA NA NA NA NA NA NA NA NA NA NA NA NA NA
"2" "" 2007-11-02 29.47 "SAC" "@" "SAS" "L" -16 NA NA NA NA NA NA NA NA NA NA NA NA NA NA NA NA
"3" "" 2007-11-03 29.48 "SAC" "@" "DAL" "L" -21 NA NA NA NA NA NA NA NA NA NA NA NA NA NA NA NA
"4" "" 2007-11-06 29.48 "SAC" "" "SEA" "W" 6 NA NA NA NA NA NA NA NA NA NA NA NA NA NA NA NA
"5" "" 2007-11-09 29.49 "SAC" "" "CLE" "L" -2 NA NA NA NA NA NA NA NA NA NA NA NA NA NA NA NA
"6" "" 2007-11-10 29.5 "SAC" "" "MIN" "W" 7 NA NA NA NA NA NA NA NA NA NA NA NA NA NA NA NA
"7" "" 2007-11-12 29.5 "SAC" "@" "UTA" "L" -24 NA NA NA NA NA NA NA NA NA NA NA NA NA NA NA NA
"8" "" 2007-11-14 29.51 "SAC" "@" "MIN" "L" -5 NA NA NA NA NA NA NA NA NA NA NA NA NA NA NA NA
"9" "" 2007-11-16 29.51 "SAC" "" "NYK" "W" 5 NA NA NA NA NA NA NA NA NA NA NA NA NA NA NA NA
"10" "" 2007-11-18 29.52 "SAC" "" "DET" "W" 10 NA NA NA NA NA NA NA NA NA NA NA NA NA NA NA NA
"11" "" 2007-11-20 29.52 "SAC" "" "PHO" "L" -2 NA NA NA NA NA NA NA NA NA NA NA NA NA NA NA NA
"12" "" 2007-11-21 29.53 "SAC" "@" "PHO" "L" -16 NA NA NA NA NA NA NA NA NA NA NA NA NA NA NA NA
"13" "" 2007-11-23 29.53 "SAC" "@" "POR" "L" -3 NA NA NA NA NA NA NA NA NA NA NA NA NA NA NA NA
"14" "" 2007-11-26 29.54 "SAC" "" "SAS" "W" 13 NA NA NA NA NA NA NA NA NA NA NA NA NA NA NA NA
"15" "" 2007-11-28 29.55 "SAC" "" "GSW" "L" -7 NA NA NA NA NA NA NA NA NA NA NA NA NA NA NA NA
"16" "" 2007-12-01 29.55 "SAC" "" "HOU" "W" 8 NA NA NA NA NA NA NA NA NA NA NA NA NA NA NA NA
"17" "" 2007-12-04 29.56 "SAC" "" "UTA" "W" 10 NA NA NA NA NA NA NA NA NA NA NA NA NA NA NA NA
"18" "" 2007-12-07 29.57 "SAC" "" "LAC" "L" -10 NA NA NA NA NA NA NA NA NA NA NA NA NA NA NA NA
"19" "" 2007-12-08 29.57 "SAC" "@" "DEN" "L" -4 NA NA NA NA NA NA NA NA NA NA NA NA NA NA NA NA
"20" "" 2007-12-10 29.58 "SAC" "" "MIL" "W" 3 NA NA NA NA NA NA NA NA NA NA NA NA NA NA NA NA
"21" "" 2007-12-12 29.58 "SAC" "@" "BOS" "L" -12 NA NA NA NA NA NA NA NA NA NA NA NA NA NA NA NA
"22" "" 2007-12-14 29.59 "SAC" "@" "PHI" "W" 10 NA NA NA NA NA NA NA NA NA NA NA NA NA NA NA NA
"23" "" 2007-12-15 29.59 "SAC" "@" "WAS" "L" -13 NA NA NA NA NA NA NA NA NA NA NA NA NA NA NA NA
"24" "" 2007-12-18 29.6 "SAC" "@" "NJN" "W" 5 NA NA NA NA NA NA NA NA NA NA NA NA NA NA NA NA
"25" "1" 2007-12-19 29.6 "ATL" "" "MIA" "W" 3 0 0.866666666666667 NA NA 0 0 0 0 0 0 NA 0 0 121 0 -10.2
"26" "" 2007-12-19 29.6 "SAC" "@" "MIL" "W" 13 NA NA NA NA NA NA NA NA NA NA NA NA NA NA NA NA
"27" "" 2007-12-23 29.61 "SAC" "" "DEN" "L" -1 NA NA NA NA NA NA NA NA NA NA NA NA NA NA NA NA
"28" "" 2007-12-26 29.62 "SAC" "" "BOS" "L" -20 NA NA NA NA NA NA NA NA NA NA NA NA NA NA NA NA
"29" "" 2007-12-28 29.63 "SAC" "" "PHI" "L" -12 NA NA NA NA NA NA NA NA NA NA NA NA NA NA NA NA
"30" "" 2007-12-30 29.63 "SAC" "" "PHO" "L" -15 NA NA NA NA NA NA NA NA NA NA NA NA NA NA NA NA
"31" "" 2008-01-02 29.64 "SAC" "@" "NYK" "W" 10 NA NA NA NA NA NA NA NA NA NA NA NA NA NA NA NA
"32" "" 2008-01-04 29.65 "SAC" "@" "CLE" "L" -4 NA NA NA NA NA NA NA NA NA NA NA NA NA NA NA NA
"33" "" 2008-01-05 29.65 "SAC" "@" "CHI" "L" -1 NA NA NA NA NA NA NA NA NA NA NA NA NA NA NA NA
"34" "" 2008-01-08 29.66 "SAC" "" "ORL" "W" 4 NA NA NA NA NA NA NA NA NA NA NA NA NA NA NA NA
"35" "" 2008-01-10 29.66 "SAC" "" "MEM" "W" 3 NA NA NA NA NA NA NA NA NA NA NA NA NA NA NA NA
"36" "" 2008-01-12 29.67 "SAC" "" "IND" "L" -6 NA NA NA NA NA NA NA NA NA NA NA NA NA NA NA NA
"37" "" 2008-01-14 29.67 "SAC" "" "DAL" "W" 2 NA NA NA NA NA NA NA NA NA NA NA NA NA NA NA NA
"38" "2" 2008-01-16 29.68 "SAC" "@" "TOR" "L" -25 0 28.8833333333333 0.738 0.75 9.2 19 14 0 0 0 23.7 28.2 104 132 11.2 -0.6
"39" "3" 2008-01-18 29.68 "SAC" "@" "DET" "W" 7 0 29.8333333333333 0.576 0.538 0 15.5 9.5 24.4 0 0 22.4 30.5 92 109 8.4 -5.1
"40" "4" 2008-01-19 29.69 "SAC" "@" "IND" "W" 6 0 30.2666666666667 0.4 0.333 0 12.4 7.2 19.7 3 0 6.8 20.5 90 100 7.6 -1.6
"41" "5" 2008-01-22 29.7 "SAC" "" "NJN" "W" 34 1 28.75 0.631 0.591 0 11.9 7.2 31 1.8 2.7 7.8 21 145 104 15 4.5
"42" "6" 2008-01-23 29.7 "SAC" "@" "LAC" "L" -26 1 35.4 0.508 0.464 0 9.7 4.5 29.7 0 1.7 20.2 24.5 91 122 9.3 -3
"43" "7" 2008-01-25 29.7 "SAC" "@" "UTA" "L" -14 1 37.05 0.463 0.409 0 22.9 10.9 18 1.4 0 14.4 17.9 95 137 6.9 -7.5
"44" "8" 2008-01-27 29.71 "SAC" "@" "SEA" "W" 2 1 29.0666666666667 0.547 0.545 0 11 6.1 34.5 3.5 0 25.2 24.4 90 105 9.6 0.2
"45" "9" 2008-01-30 29.72 "SAC" "" "CHA" "W" 14 1 34.4 0.385 0.385 0 8.5 4.5 28.7 1.4 0 18.8 19.4 83 98 6.7 -5.1
"46" "10" 2008-02-01 29.72 "SAC" "" "NOH" "W" 9 1 38.6833333333333 0.407 0.417 5.9 13.1 9.3 25.3 2.6 0 5.1 22.2 103 109 11.3 -2.7
"47" "11" 2008-02-02 29.73 "SAC" "" "CHI" "W" 4 1 30.1833333333333 0.194 0.111 3.7 0 1.9 36.6 6.5 0 27.9 19.5 56 98 1.7 -5.7
"48" "12" 2008-02-06 29.74 "SAC" "" "SEA" "L" -13 1 29.4833333333333 0.315 0.267 5.3 14 8.5 16.6 3.3 0 11.2 24.7 72 104 4.7 -5.8
"49" "13" 2008-02-08 29.74 "SAC" "" "UTA" "W" 13 1 23.1833333333333 0.583 0.583 5.8 15.5 10.9 44.7 2.1 0 33.3 16.6 108 108 7.4 3
"50" "14" 2008-02-09 29.75 "SAC" "@" "GSW" "L" -3 1 33.1 0.538 0.524 3.1 2.7 2.9 36.9 1.4 0 15.2 31.9 108 109 13.8 3.3
"51" "15" 2008-02-12 29.75 "SAC" "@" "MEM" "L" -13 1 39.4833333333333 0.563 0.563 4.7 6.2 5.3 19.1 1.3 0 0 17.6 123 114 13.8 2.7
"52" "16" 2008-02-13 29.76 "SAC" "@" "HOU" "L" -2 1 25.2166666666667 0.595 0.55 0 4.3 2.4 35.4 2.1 0 7.8 25 120 105 11.7 8.7
"53" "17" 2008-02-19 29.77 "ATL" "@" "LAL" "L" -29 1 16.1666666666667 0.37 0.2 0 0 0 28.7 3 0 22.8 22.4 76 124 1 -11.1
"54" "18" 2008-02-20 29.78 "ATL" "@" "SAC" "L" -12 1 30.4 0.751 0.8 0 4 2.1 17.2 0 0 15 19.7 133 136 11.2 0.6
"55" "19" 2008-02-22 29.78 "ATL" "@" "GSW" "W" 7 1 24.45 0.79 0.722 0 12.8 6.3 42.7 1.9 2.8 27.1 23.8 129 106 16.2 11.4
"56" "20" 2008-02-23 29.78 "ATL" "@" "UTA" "L" -6 1 33.55 0.605 0.571 0 3.3 1.8 47 0 0 16.8 24.5 119 116 12.2 3.2
"57" "21" 2008-02-25 29.79 "ATL" "@" "SAS" "L" -15 1 36.2 0.084 0.091 2.7 11.5 6.9 28 1.5 0 25.2 19.6 34 103 -4.5 -15
"58" "22" 2008-02-27 29.79 "ATL" "" "SAC" "W" 6 1 37.1333333333333 0.708 0.615 0 13.2 7.5 50.1 1.3 1.9 5.6 19.9 160 118 26.3 10.7
"59" "23" 2008-02-29 29.8 "ATL" "" "NYK" "W" 6 1 35.2666666666667 0.431 0.409 0 15.1 7.4 41.8 3 0 13.6 19.1 98 99 11.4 -0.3
"60" "24" 2008-03-02 29.81 "ATL" "@" "BOS" "L" -10 1 38.1666666666667 0.47 0.429 0 11.7 5.5 44 0 0 16.8 21.1 96 112 10.7 0.8
"61" "25" 2008-03-04 29.81 "ATL" "" "GSW" "L" -17 1 34.7 0.317 0.286 0 11.2 5.4 22.9 1.4 0 27.6 13.4 74 136 3.2 -12.1
"62" "26" 2008-03-05 29.81 "ATL" "@" "NOH" "L" -15 1 38.4833333333333 0.648 0.607 0 8 4.4 16.6 1.4 0 23.6 25.6 107 133 12.9 -2.7
"63" "27" 2008-03-07 29.82 "ATL" "@" "CHA" "L" -15 1 39.6833333333333 0.346 0.3 0 6.5 3 40.1 2.6 0 20.1 22.5 79 117 6.9 -6.6
"64" "28" 2008-03-08 29.82 "ATL" "" "MIA" "W" 3 1 34.2666666666667 0.291 0.25 0 9.8 5.3 22.7 1.6 0 6.8 20.6 73 109 3.2 -11.9
"65" "29" 2008-03-10 29.83 "ATL" "@" "ORL" "L" -11 1 35.3666666666667 0.885 0.885 0 6.6 3.3 24.1 2.8 0 7.1 17.8 163 127 22.1 11.8
"66" "30" 2008-03-12 29.83 "ATL" "" "HOU" "L" -8 1 41.4166666666667 0.311 0.292 0 3.9 2.1 19.7 0 0 13.4 16.7 69 109 1.4 -8.6
"67" "31" 2008-03-14 29.84 "ATL" "" "LAC" "W" 24 1 24.1666666666667 0.778 0.778 0 0 0 79.3 0 0 10 18.5 168 109 18.5 15.6
"68" "32" 2008-03-16 29.84 "ATL" "@" "NYK" "W" 11 1 30.6166666666667 0.182 0.182 0 8.9 5.3 29.8 1.7 0 21.4 20.4 62 107 0.5 -13.7
"69" "33" 2008-03-17 29.85 "ATL" "@" "WAS" "W" 9 1 36.5666666666667 0.779 0.731 0 6.1 3.5 12.4 1.6 0 16.9 25 135 122 17 4.2
"70" "34" 2008-03-19 29.85 "ATL" "@" "NJN" "L" -8 1 36.5166666666667 0.472 0.433 3.5 11.6 7.3 23.1 0 0 20.1 24.3 97 143 7.9 -11.7
"71" "35" 2008-03-22 29.86 "ATL" "" "ORL" "W" 8 1 43.3 0.439 0.405 0 15.1 8.3 31.4 2.4 0 8.1 26.1 99 97 14.7 0.8
"72" "36" 2008-03-25 29.87 "ATL" "@" "CHI" "L" -9 1 42.5666666666667 0.5 0.5 0 6.9 3.8 29.1 3.7 0 14.3 21.4 102 111 13.6 3.2
"73" "37" 2008-03-26 29.87 "ATL" "" "MIL" "W" 19 1 28.3 0.673 0.636 0 13.8 7.5 15.5 0 0 14.4 23.7 122 113 10.9 -2.8
"74" "38" 2008-03-28 29.88 "ATL" "" "CHI" "W" 3 1 41.3833333333333 0.945 0.933 0 8.7 4.2 43.7 1.3 0 0 17.2 198 115 30.2 17.7
"75" "39" 2008-03-30 29.88 "ATL" "" "NYK" "W" 5 1 39.3333333333333 0.571 0.571 2.8 8.1 5.5 31 0 0 22.2 19.2 106 118 11.7 -5.3
"76" "40" 2008-03-31 29.88 "ATL" "@" "MEM" "W" 17 1 27.3 0.66 0.625 0 9.8 5.4 37.9 3.9 0 7.2 25.1 135 106 16.7 7.9
"77" "41" 2008-04-02 29.89 "ATL" "" "TOR" "W" 7 1 48.15 0.705 0.694 0 15 7.9 36.7 3.3 0 14 20.2 137 115 26.4 8.1
"78" "42" 2008-04-04 29.9 "ATL" "" "PHI" "L" -5 1 39.8 0.136 0.136 0 11.3 5.3 32.5 1.3 0 0 13 87 122 4.1 -9.4
"79" "43" 2008-04-05 29.9 "ATL" "@" "PHI" "W" 7 1 34.8166666666667 0.385 0.385 0 7.3 3.7 24.2 0 0 31.6 26.5 66 105 -1 -13.3
"80" "44" 2008-04-08 29.91 "ATL" "@" "IND" "L" -14 1 26.75 0.113 0 0 18.4 7.6 10.3 3.8 0 10.1 15.1 37 115 -0.4 -13
"81" "45" 2008-04-11 29.92 "ATL" "@" "NYK" "W" 12 1 42.9166666666667 0.617 0.605 0 13.4 8 14.5 2.4 0 20.5 27.3 102 110 16.3 -3.1
"82" "46" 2008-04-12 29.92 "ATL" "" "BOS" "L" -10 1 36.9333333333333 0.421 0.421 5.4 24.4 13 33.4 4.5 0 17.4 28.3 89 108 11.4 3.2
"83" "47" 2008-04-15 29.93 "ATL" "" "ORL" "L" -16 1 17.2666666666667 0.5 0.5 0 16.8 7.1 37.2 2.8 0 18.2 26.9 94 122 6.7 -0.8
"84" "48" 2008-04-16 29.93 "ATL" "@" "MIA" "L" -14 1 27.4666666666667 0.507 0.433 0 15.5 8.6 33 0 0 0 28.2 120 126 13.2 -1.8
"1" "1" 2008-10-29 30.46 "ATL" "@" "ORL" "W" 14 1 33.7333333333333 0.349 0.267 0 8.2 4.4 17.6 3.1 0 14.9 25.3 81 94 4.6 -5.3
"2" "2" 2008-11-01 30.47 "ATL" "" "PHI" "W" 7 1 35.1666666666667 0.563 0.531 0 6.5 3.1 18.5 4.6 0 10.6 24.6 112 99 14.6 5.8
"3" "3" 2008-11-05 30.48 "ATL" "@" "NOH" "W" 8 1 27.0666666666667 0.383 0.35 4.4 8.9 6.7 24.7 2.2 0 8.7 20.6 100 98 5.5 -1.6
"4" "4" 2008-11-07 30.49 "ATL" "" "TOR" "W" 18 1 30.7666666666667 0.792 0.792 0 11.4 6.4 56.6 0 0 7.7 20.1 160 105 21.3 15.7
"5" "5" 2008-11-09 30.49 "ATL" "@" "OKC" "W" 4 1 34.5333333333333 0.58 0.556 0 3 1.5 23.7 1.5 0 8.2 16.1 121 99 10.2 1.9
"6" "6" 2008-11-11 30.5 "ATL" "@" "CHI" "W" 5 1 35.7666666666667 0.611 0.611 0 8.1 4.2 24.9 1.4 1.8 14.3 25.9 111 117 14.9 2.5
"7" "7" 2008-11-12 30.5 "ATL" "@" "BOS" "L" -1 1 30.1833333333333 0.81 0.778 0 7.6 4.2 22.2 1.8 0 16.8 19.6 136 117 13.4 6.8
"8" "8" 2008-11-14 30.51 "ATL" "@" "NJN" "L" -7 1 25.4833333333333 0.545 0.545 0 0 0 12.4 2.1 0 0 20.3 120 134 6.3 -1.6
"9" "9" 2008-11-15 30.51 "ATL" "" "NJN" "L" -12 1 32.8333333333333 0.417 0.417 0 0 0 35.1 1.6 0 7.7 17.5 105 132 6.9 -4.6
"10" "10" 2008-11-18 30.52 "ATL" "@" "IND" "L" -17 1 31.5 0.509 0.455 3 16.5 8.8 26.8 6.5 0 7.3 19.8 114 110 14.9 7.7
"11" "11" 2008-11-19 30.52 "ATL" "" "WAS" "W" 4 1 41.6166666666667 0.568 0.568 4.4 10 7.1 18.1 1.3 0 4.3 24.2 125 103 18.7 3.8
"12" "12" 2008-11-21 30.53 "ATL" "" "CHA" "W" 5 1 34.4833333333333 0.543 0.542 7.7 10.4 9.2 37.9 3.2 0 13.4 21.5 113 94 13.7 7.4
"13" "13" 2008-11-22 30.53 "ATL" "@" "CLE" "L" -14 1 23.1333333333333 0.556 0.556 0 5.8 2.7 7.5 0 0 0 18.6 121 133 5.9 -0.3
"14" "14" 2008-11-26 30.54 "ATL" "" "MIL" "W" 6 1 36.95 0.571 0.571 0 17.6 9.7 9.5 2.8 0 11.3 24 100 104 11.5 -0.2
"15" "15" 2008-11-28 30.55 "ATL" "@" "TOR" "L" -5 1 35.2333333333333 0.806 0.786 0 6.6 3.2 18 1.6 0 11.8 22.4 140 109 18.7 10.9
"16" "16" 2008-11-29 30.55 "ATL" "@" "WAS" "W" 4 1 39.35 0.706 0.679 0 13.3 7.4 26.9 2.8 0 11.8 21.3 134 112 18.5 4.8
"17" "17" 2008-12-03 30.56 "ATL" "" "MEM" "W" 10 1 37.2833333333333 0.842 0.818 5 7 6.1 41.5 1.5 0 14.4 19.3 155 117 22 11.5
"18" "18" 2008-12-05 30.56 "ATL" "" "NYK" "W" 3 1 37.3 0.357 0.357 3.8 14.3 9.8 34.2 1.4 0 12.5 19.4 90 102 9.3 -0.7
"19" "19" 2008-12-06 30.57 "ATL" "@" "DAL" "L" -2 1 38.3166666666667 0.569 0.556 2.8 11.7 7.2 27.6 4 1.8 14 25.2 109 102 17.7 8
"20" "20" 2008-12-09 30.58 "ATL" "@" "HOU" "L" -8 1 31.75 0.558 0.577 2.9 0 1.6 0 0 2.4 0 20.4 112 114 8.9 1.5
"21" "21" 2008-12-10 30.58 "ATL" "@" "SAS" "L" -6 1 29.7833333333333 0.379 0.318 0 17 8.2 36.2 3.7 0 0 20.6 98 108 9.4 -0.1
"22" "22" 2008-12-12 30.58 "ATL" "@" "MIA" "W" 14 1 35.5333333333333 0.524 0.462 0 10.6 6 47.8 3.3 0 12.3 22.3 117 88 13.9 10
"23" "23" 2008-12-13 30.59 "ATL" "" "CLE" "W" 5 1 40.6333333333333 0.676 0.656 0 16.9 9.6 30.5 0 0 5.3 24 142 117 19.9 9.5
"24" "24" 2008-12-15 30.59 "ATL" "" "CHA" "W" 4 1 34.3333333333333 0.467 0.467 3.5 7 5.2 33.3 0 0 6.3 23.9 105 100 10 -0.3
"25" "25" 2008-12-17 30.6 "ATL" "" "BOS" "L" -3 1 38.3166666666667 0.415 0.375 0 16.5 7.3 11 0 0 15.1 23.7 80 107 4.3 -5.8
"26" "26" 2008-12-19 30.6 "ATL" "" "GSW" "W" 16 1 26.2 0.394 0.313 0 29.9 16.1 31.8 0 0 18.4 17.7 100 103 7.5 -5.5
"27" "27" 2008-12-21 30.61 "ATL" "" "DET" "W" 7 1 38.3666666666667 0.973 1 0 9.4 4.5 33.8 4.7 0 6.7 19.7 174 95 27.1 25.5
"28" "28" 2008-12-23 30.61 "ATL" "" "OKC" "W" 11 1 36.65 0.521 0.538 3 16.4 10 27 6 0 0 17.7 122 91 17.2 8.3
"29" "29" 2008-12-27 30.62 "ATL" "" "CHI" "W" 12 1 35.3166666666667 0.957 0.938 0 8.2 4.1 23.3 0 0 10.1 12.6 180 135 17.1 4.6
"30" "30" 2008-12-29 30.63 "ATL" "" "DEN" "W" 18 1 34.45 0.958 0.95 4.2 7.3 5.9 44.4 0 0 16.1 17.2 174 115 20.6 17
"31" "31" 2008-12-30 30.63 "ATL" "@" "IND" "W" 6 1 41.2333333333333 0.476 0.393 5.5 7.4 6.5 21.7 1.2 0 11.3 19.1 109 114 12.3 -0.8
"32" "32" 2009-01-02 30.64 "ATL" "@" "NJN" "L" -2 1 47.5166666666667 0.545 0.5 2.5 8.9 5.9 23.7 0 0 4.7 22.4 114 105 16.5 3.2
"33" "33" 2009-01-03 30.64 "ATL" "" "HOU" "W" 3 1 32.4666666666667 0.65 0.65 0 16 8.8 16.6 1.7 2.6 16.7 19.5 110 116 11.7 3.8
"34" "34" 2009-01-07 30.65 "ATL" "" "ORL" "L" -4 1 36.1833333333333 0.453 0.382 0 10.5 4.9 37.3 2.8 0 9.6 25.5 102 112 13.1 -0.2
"35" "35" 2009-01-09 30.66 "ATL" "@" "ORL" "L" -34 1 21.9666666666667 0.322 0.25 0 0 0 18.5 2.4 0 8.4 24.8 70 134 1 -10
"36" "36" 2009-01-11 30.67 "ATL" "" "PHI" "L" -15 1 40.35 0.698 0.643 0 15.9 7.6 40.5 2.7 0 16 23 126 120 20 6.2
"37" "37" 2009-01-13 30.67 "ATL" "@" "PHO" "L" -5 1 37.9333333333333 0.453 0.412 2.3 7.4 4.3 12.9 0 0 0 21.4 114 122 9.3 -0.8
"38" "38" 2009-01-14 30.67 "ATL" "@" "LAC" "W" 17 1 31.7 0.425 0.35 3.8 14.8 9.3 24.1 1.8 5.1 0 19.2 108 92 10.8 3.3
"39" "39" 2009-01-16 30.68 "ATL" "@" "GSW" "L" -5 1 41.5833333333333 0.509 0.471 4.7 12.5 8.1 24.5 4.7 0 4.8 20.8 118 117 19.8 5.1
"40" "40" 2009-01-19 30.69 "ATL" "" "TOR" "W" 3 1 43.25 0.705 0.7 2.6 7.2 5 24.1 2.4 0 19.7 22.4 115 93 18 7.5
"41" "41" 2009-01-20 30.69 "ATL" "@" "CHI" "W" 3 1 44.9 0.708 0.69 2.7 2.5 2.6 26.5 6 0 12.1 25 133 111 27.9 15.4
"42" "42" 2009-01-23 30.7 "ATL" "" "MIL" "W" 30 1 29.0666666666667 0.492 0.4 0 13.8 8.2 65.1 5.2 0 24.7 25.7 111 88 15.7 8.3
"43" "43" 2009-01-25 30.7 "ATL" "" "PHO" "L" -5 1 29.0833333333333 0.192 0.192 0 16 6.2 31.2 0 0 7.1 21 60 116 -0.8 -12.7
"44" "44" 2009-01-26 30.71 "ATL" "@" "MIA" "L" -16 1 32.1833333333333 0.137 0.167 0 15.3 7.1 0 1.7 2.7 40.6 18 17 109 -5.5 -17.2
"45" "45" 2009-01-28 30.71 "ATL" "@" "NYK" "L" -8 1 35.3666666666667 0.186 0.192 3 9.5 6.2 24.8 4.1 0 13 19.4 60 112 3.4 -8.3
"46" "46" 2009-01-30 30.72 "ATL" "" "NJN" "W" 17 1 35.15 0.613 0.567 4.3 9.3 7.2 10.3 6.2 0 19.7 28.7 102 94 13.7 2.8
"47" "47" 2009-01-31 30.72 "ATL" "@" "MIL" "L" -3 1 40.3333333333333 0.68 0.667 0 14 6.1 17.3 1.3 0 10.2 21.7 132 125 17.3 3.6
"48" "48" 2009-02-04 30.73 "ATL" "@" "MIN" "W" 8 1 38.1166666666667 0.664 0.633 3.8 7.7 6.1 38.5 1.4 0 5.2 24.1 138 101 22 11.3
"49" "49" 2009-02-06 30.74 "ATL" "@" "CHA" "W" 5 1 36.8666666666667 0.524 0.462 0 13.4 6.3 21.3 0 0 21.8 22.7 94 116 7.1 -6.2
"50" "" 2009-02-07 30.74 "ATL" "" "LAC" "L" -24 NA NA NA NA NA NA NA NA NA NA NA NA NA NA NA NA
"51" "50" 2009-02-10 30.75 "ATL" "" "WAS" "W" 21 1 26.2833333333333 0.505 0.5 3.3 15.2 8 30.5 3.9 0 7.8 20.7 120 94 11.5 4.8
"52" "51" 2009-02-11 30.75 "ATL" "@" "DET" "W" 4 1 37.6166666666667 0.425 0.3 0 0 0 13.9 1.5 1.9 33.8 12.4 75 117 2.6 -7.5
"53" "52" 2009-02-17 30.77 "ATL" "@" "LAL" "L" -13 1 27.4166666666667 0.45 0.45 0 6.7 3.3 7.3 1.9 0 0 16 100 110 5.9 -2.3
"54" "53" 2009-02-18 30.77 "ATL" "@" "SAC" "W" 5 1 44.2 0.632 0.632 2.1 10.3 5.8 16.6 3.3 0 11.6 24.7 121 102 21.6 6.5
"55" "54" 2009-02-20 30.78 "ATL" "@" "POR" "L" -10 1 41.95 0.811 0.786 3.4 12.4 8.6 9 1.3 0 19.4 23.6 130 125 20.6 4.8
"56" "55" 2009-02-23 30.78 "ATL" "@" "UTA" "L" -19 1 15.1333333333333 0 0 0 0 0 9.1 3.5 0 0 9.5 23 119 -0.8 -10.5
"57" "" 2009-02-25 30.79 "ATL" "@" "DEN" "L" -1 NA NA NA NA NA NA NA NA NA NA NA NA NA NA NA NA
"58" "56" 2009-02-27 30.79 "ATL" "" "MIA" "W" 8 1 18.8333333333333 0 0 6.1 5.5 5.8 15 0 4.1 0 17.2 27 95 -2.6 -12.8
"59" "57" 2009-03-01 30.8 "ATL" "" "CLE" "L" -1 1 26.6 0.541 0.429 0 13.9 6.7 14.1 0 0 0 14.9 128 109 7.2 1.2
"60" "58" 2009-03-02 30.8 "ATL" "@" "WAS" "W" 9 1 36.5 0.318 0.318 0 16 8.8 11.9 3.1 0 8.3 17 72 103 4.7 -8.1
"61" "59" 2009-03-04 30.81 "ATL" "@" "NYK" "L" -4 1 38.3166666666667 0.423 0.423 0 11.4 6.2 13.6 1.4 0 7.1 16.7 97 119 7.5 -4.8
"62" "60" 2009-03-06 30.81 "ATL" "@" "CHA" "L" -7 1 34.5666666666667 0.493 0.417 6.9 0 3.9 25.7 0 0 6.6 22.7 118 129 11 0.5
"63" "61" 2009-03-07 30.82 "ATL" "" "DET" "W" 4 1 36.1666666666667 0.683 0.667 0 11.8 6 16.8 1.7 0 0 17.5 148 105 14.9 7.5
"64" "62" 2009-03-09 30.82 "ATL" "" "NOH" "W" 10 1 30.6 0.36 0.346 0 17.8 9.1 19 1.9 0 6.7 24.4 81 96 4.1 -7
"65" "63" 2009-03-11 30.83 "ATL" "" "UTA" "W" 7 1 26.6166666666667 0.167 0.167 0 4.2 2.2 10.2 2 2.5 25 14.4 41 107 -1.6 -13.2
"66" "64" 2009-03-13 30.83 "ATL" "" "IND" "W" 14 1 31.7 0.464 0.464 0 17.5 9.7 27.6 0 0 12.5 24 97 100 8.4 -4.4
"67" "65" 2009-03-15 30.84 "ATL" "" "POR" "W" 18 1 38.8 0.536 0.536 0 14.1 6.5 17.9 3 0 6.7 19.9 114 98 12.9 5
"68" "66" 2009-03-17 30.84 "ATL" "" "SAC" "W" 22 1 35.6666666666667 0.723 0.708 3.7 11.7 8.2 24.4 0 0 24.3 19.4 128 111 14 2.9
"69" "67" 2009-03-19 30.85 "ATL" "" "DAL" "W" 8 1 33.2 0.336 0.286 0 9.4 5 34.6 1.6 0 0 21.1 92 101 7 -2.7
"70" "68" 2009-03-21 30.85 "ATL" "@" "CLE" "L" -6 1 38.5666666666667 0.467 0.467 7.8 7.3 7.6 14.6 0 0 16.7 21.4 92 118 6.9 -5.7
"71" "69" 2009-03-23 30.86 "ATL" "" "MIN" "W" 12 1 35.8166666666667 0.744 0.731 0 15.6 8.7 35.5 1.6 0 13 20.5 147 115 20.9 7.5
"72" "70" 2009-03-25 30.87 "ATL" "" "SAS" "L" -10 1 40.6833333333333 0.5 0.5 0 7.4 3.3 15.7 1.4 0 0 16.3 119 126 10.3 -0.2
"73" "71" 2009-03-27 30.87 "ATL" "" "BOS" "L" -6 1 38.9 0.567 0.533 0 2.9 1.4 9.4 1.4 2.1 10.7 21.9 114 117 12.3 3.6
"74" "72" 2009-03-29 30.88 "ATL" "" "LAL" "W" 10 1 42.2166666666667 0.661 0.633 0 12.1 6 13.6 1.3 0 15.9 20.7 114 91 14.5 7.4
"75" "73" 2009-03-31 30.88 "ATL" "@" "PHI" "L" -13 1 31.9 0.354 0.278 0 4.3 2.4 0 0 0 9.2 17.9 82 131 0 -13.9
"76" "74" 2009-04-03 30.89 "ATL" "@" "BOS" "L" -12 1 40.1166666666667 0.577 0.531 0 11.6 4.8 33.5 0 0 5.5 19.8 126 120 15.7 3.9
"77" "75" 2009-04-04 30.89 "ATL" "" "ORL" "L" -6 1 44.0333333333333 0.429 0.429 0 8.9 4.6 22.2 0 0 17.6 18.1 79 104 4.3 -3.8
"78" "76" 2009-04-07 30.9 "ATL" "@" "TOR" "W" 8 1 34.1333333333333 0.468 0.423 7.8 16.5 12.1 40.2 1.6 0 6.7 20.5 129 124 14.3 0.4
"79" "77" 2009-04-08 30.9 "ATL" "@" "MIL" "W" 8 1 37.9666666666667 0.59 0.531 0 7.7 4 38.7 4.3 0 5.1 25.8 133 116 20.6 7.4
"80" "78" 2009-04-10 30.91 "ATL" "" "IND" "W" 4 1 45.1166666666667 0.536 0.536 0 9.9 5.1 28.5 1.1 0 0 13.4 130 124 15.7 0.5
"81" "79" 2009-04-14 30.92 "ATL" "" "MIA" "W" 2 1 12.9333333333333 0.5 0.5 8.8 0 4.5 32.9 0 0 16.7 23.6 98 107 3.4 -1.2
"82" "" 2009-04-15 30.92 "ATL" "@" "MEM" "L" -8 NA NA NA NA NA NA NA NA NA NA NA NA NA NA NA NA
"1" "1" 2009-10-28 31.46 "ATL" "" "IND" "W" 11 1 30.7166666666667 0.714 0.714 0 18.9 8.3 19.7 4.7 0 22.2 12.8 117 106 12 2.9
"2" "2" 2009-10-30 31.47 "ATL" "" "WAS" "W" 11 1 32.35 0.333 0.333 0 16.9 8.5 37.7 0 0 10 14.1 89 101 5.5 -3.3
"3" "3" 2009-11-01 31.47 "ATL" "@" "LAL" "L" -8 1 23.8 0.689 0.65 0 5.5 2.5 6.7 4 0 0 18.4 150 115 13 11.3
"4" "4" 2009-11-03 31.48 "ATL" "@" "POR" "W" 6 1 34.5666666666667 0.35 0.35 0 12.3 6.8 21.1 0 0 16.7 16.6 81 110 2.7 -8
"5" "5" 2009-11-04 31.48 "ATL" "@" "SAC" "W" 8 1 33.8333333333333 0.523 0.5 11.8 10.5 11 7.3 0 0 13.9 18.7 113 116 8.9 -2.3
"6" "6" 2009-11-06 31.48 "ATL" "@" "CHA" "L" -20 1 19.8 0.2 0.2 0 18.2 8 23.8 0 0 16.7 14.5 52 118 0.1 -12.7
"7" "7" 2009-11-07 31.49 "ATL" "" "DEN" "W" 25 1 20.2166666666667 0.786 0.786 0 0 0 20.1 0 0 12.5 17.6 137 114 6.8 2.5
"8" "8" 2009-11-11 31.5 "ATL" "@" "NYK" "W" 13 1 34.6166666666667 0.973 0.938 0 9.9 5.1 35 2.9 0 17 15.3 169 103 22.2 15.6
"9" "9" 2009-11-13 31.5 "ATL" "@" "BOS" "W" 11 1 36.5666666666667 0.604 0.556 3.4 10.6 6.9 24 0 0 0 13.2 155 104 12.5 5.6
"10" "10" 2009-11-14 31.51 "ATL" "" "NOH" "W" 23 1 27.5333333333333 0.79 0.778 4 0 2 23.2 1.8 0 21.8 20.9 134 108 14.9 7
"11" "11" 2009-11-16 31.51 "ATL" "" "POR" "W" 4 1 42.4833333333333 0.437 0.409 5.7 9.4 7.4 11 0 0 14.9 14.7 96 107 5.1 -5.1
"12" "12" 2009-11-18 31.52 "ATL" "" "MIA" "W" 15 1 32.55 0.414 0.35 0 4 1.7 17.6 1.6 0 0 14.7 109 106 6.5 -2.9
"13" "13" 2009-11-20 31.52 "ATL" "" "HOU" "W" 2 1 36.7666666666667 0.389 0.389 0 8.9 4.8 7.4 1.5 0 10 12.5 93 122 3.8 -7.7
"14" "14" 2009-11-21 31.53 "ATL" "@" "NOH" "L" -8 1 5.01666666666667 0 0 0 63.8 28.7 27.3 0 0 0 17.8 27 96 0.2 -13.4
"15" "15" 2009-11-26 31.54 "ATL" "" "ORL" "L" -17 1 31.05 0.455 0.455 0 7.2 3.3 28.8 1.8 0 15.4 19.9 90 111 6.2 0.4
"16" "16" 2009-11-27 31.54 "ATL" "@" "PHI" "W" 14 1 36.75 0.75 0.75 0 13.1 7.1 23.7 0 0 6.7 20.2 149 104 17.7 8.9
"17" "17" 2009-11-29 31.55 "ATL" "@" "DET" "L" -6 1 38.7 0.825 0.786 0 8.3 4.7 19.4 4.6 1.5 27.6 14.9 126 112 14.4 8.4
"18" "18" 2009-12-02 31.56 "ATL" "" "TOR" "W" 31 1 22.15 1.351 1.5 0 0 0 25 2.2 0 0 8.4 235 121 14.1 16.4
"19" "19" 2009-12-04 31.56 "ATL" "" "NYK" "L" -7 1 33.3166666666667 0.5 0.5 0 13.9 5.4 7.6 0 0 0 7.9 126 131 2.9 -9
"20" "20" 2009-12-05 31.56 "ATL" "@" "DAL" "W" 5 1 21.1 0.111 0.111 8.3 11.1 9.5 45.9 2.6 0 0 19.2 62 89 2.9 0.5
"21" "21" 2009-12-09 31.58 "ATL" "" "CHI" "W" 35 1 19.1333333333333 0.2 0.2 0 5.7 3 12.1 5.3 0 0 11.6 68 87 1.8 -6.6
"22" "22" 2009-12-11 31.58 "ATL" "@" "TOR" "W" 22 1 16.1 0.621 0.667 0 0 0 17.5 3.4 0 0 18.6 142 103 6.2 5.7
"23" "23" 2009-12-13 31.59 "ATL" "" "NJN" "W" 23 1 26.9166666666667 0.75 0.75 4.1 7.9 6 22.2 0 0 27.3 16.8 121 117 9.4 -2.6
"24" "24" 2009-12-16 31.59 "ATL" "" "MEM" "W" 13 1 22.65 0.417 0.417 0 0 0 10.4 2.3 0 33.3 16.6 68 112 0.6 -11.3
"25" "25" 2009-12-18 31.6 "ATL" "" "UTA" "W" 13 1 20.2333333333333 0.5 0.5 0 6.2 2.9 47.6 5 0 10 22.6 107 85 9 10.8
"26" "26" 2009-12-19 31.6 "ATL" "@" "CHI" "L" -3 1 33.4 0.563 0.5 0 0 0 20.3 0 0 18.4 15.9 107 118 4.8 -3.3
"27" "27" 2009-12-22 31.61 "ATL" "@" "MIN" "W" 25 1 27.5 0.682 0.636 7.9 8.3 8.1 32.2 3.8 0 13.2 24.3 137 94 17.7 12.7
"28" "28" 2009-12-23 31.61 "ATL" "@" "DEN" "L" -20 1 24.3 0.25 0.25 0 9 4.6 17.4 2.1 0 0 15.3 70 128 2.9 -7
"29" "29" 2009-12-26 31.62 "ATL" "@" "IND" "W" 12 1 27.1666666666667 0.354 0.278 0 0 0 38.8 7.3 0 9.2 18.7 93 99 9.7 3.4
"30" "30" 2009-12-29 31.63 "ATL" "" "CLE" "L" -11 1 27.1833333333333 0.143 0.143 0 15.1 7.3 42.3 3.9 0 12.5 14.5 65 102 3.9 -2.1
"31" "31" 2009-12-30 31.63 "ATL" "@" "CLE" "L" -5 1 37.75 0.577 0.531 0 9.1 4.5 24.5 1.4 0 10.4 24.4 115 121 14.9 2.9
"32" "32" 2010-01-01 31.64 "ATL" "" "NYK" "L" -4 1 36.5666666666667 0.458 0.458 0 7.1 3.1 26.2 3 0 20 18.7 93 116 7.1 -4.9
"33" "33" 2010-01-04 31.65 "ATL" "@" "MIA" "L" -17 1 23.45 0.583 0.583 4.4 5.7 5 0 2.5 0 0 13.2 119 111 5.2 2.6
"34" "34" 2010-01-06 31.65 "ATL" "" "NJN" "W" 30 1 20.9833333333333 0.85 0.8 0 0 0 31.7 0 0 14.5 15.5 161 107 9.8 5.4
"35" "35" 2010-01-08 31.66 "ATL" "" "BOS" "W" 8 1 28.1166666666667 0.781 0.75 0 9 4.6 43.1 4 0 15.5 22.5 142 98 16.7 16
"36" "36" 2010-01-09 31.66 "ATL" "@" "ORL" "L" -32 1 22.9333333333333 0.37 0.2 0 0 0 14.5 0 0 0 13.5 93 130 1.7 -6.8
"37" "37" 2010-01-11 31.67 "ATL" "@" "BOS" "W" 6 1 17.9166666666667 0.727 0.833 0 0 0 18.1 0 0 22.5 12.1 116 119 2.9 -3.9
"38" "38" 2010-01-13 31.67 "ATL" "" "WAS" "W" 12 1 26.3666666666667 0.143 0.143 0 3.6 1.9 31 0 0 0 12.6 76 107 2 -9.4
"39" "39" 2010-01-15 31.68 "ATL" "" "PHO" "W" 1 1 29.3166666666667 0.5 0.5 3.5 3.7 3.6 56.1 0 0 20 14.2 121 118 8.7 4.2
"40" "40" 2010-01-18 31.68 "ATL" "" "OKC" "L" -3 1 28.2166666666667 0.6 0.6 0 8.5 3.7 24.7 2 0 0 15.9 135 112 10.2 6.5
"41" "41" 2010-01-20 31.69 "ATL" "" "SAC" "W" 11 1 21.55 0.167 0.167 6.4 10.9 8.8 29.5 0 0 14.3 14.8 77 112 1.6 -10.4
"42" "42" 2010-01-22 31.7 "ATL" "" "CHA" "W" 14 1 28.25 0.543 0.5 0 5.7 2.6 18.4 0 0 0 10.9 136 111 6.3 -2.3
"43" "43" 2010-01-25 31.7 "ATL" "@" "HOU" "W" 7 1 27.8666666666667 0.611 0.611 0 3.7 2 16.1 0 0 18.2 18.5 113 114 5.5 -1.1
"44" "44" 2010-01-27 31.71 "ATL" "@" "SAS" "L" -15 1 26.5833333333333 0 0 0 3.5 1.7 5.2 0 0 0 12 8 123 -4.3 -17.1
"45" "45" 2010-01-29 31.72 "ATL" "" "BOS" "W" 9 1 8.71666666666667 0.5 0.5 0 0 0 0 0 0 0 10.6 103 106 -0.6 -12.6
"46" "46" 2010-01-30 31.72 "ATL" "@" "ORL" "L" -18 1 25.6666666666667 0.479 0.5 0 21.4 9.7 22.9 0 0 16.1 23.5 85 121 4.3 -4.2
"47" "47" 2010-02-02 31.73 "ATL" "@" "OKC" "L" -7 1 32.0833333333333 0.588 0.5 0 13.9 7.5 28.5 0 0 8.9 17.5 129 129 10.4 2.6
"48" "48" 2010-02-03 31.73 "ATL" "" "LAC" "W" 6 1 23.7833333333333 0.34 0.2 0 16.1 8.9 17.8 8.6 0 14.5 13.8 78 89 5.6 0.1
"49" "49" 2010-02-05 31.73 "ATL" "" "CHI" "W" 10 1 31.35 0.5 0.5 0 7.9 3.6 22.3 0 0 20 15.2 100 99 4.1 -3.3
"50" "50" 2010-02-09 31.75 "ATL" "@" "MEM" "W" 14 1 22.1833333333333 0.533 0.444 0 17.5 9.4 40.1 5 0 16.2 26.7 115 103 11.4 4.7
"51" "51" 2010-02-10 31.75 "ATL" "" "MIA" "L" -18 1 35.2833333333333 0.487 0.409 0 3.8 1.7 37.9 5 0 14 20.1 101 114 11 3.7
"52" "52" 2010-02-17 31.77 "ATL" "@" "LAC" "W" 18 1 23.7 0.25 0.25 0 19 8.9 24.7 0 0 0 8 98 109 3.6 -7.7
"53" "53" 2010-02-19 31.77 "ATL" "@" "PHO" "L" -8 1 38.75 0.307 0.125 0 6 2.9 17.2 2.8 0 29.1 16.7 58 101 2.2 -5.4
"54" "54" 2010-02-21 31.78 "ATL" "@" "GSW" "L" -4 1 29.0333333333333 0.218 0.167 0 8.5 4 21.6 1.7 0 12.7 11.4 72 115 2.9 -6.8
"55" "55" 2010-02-22 31.78 "ATL" "@" "UTA" "W" 5 1 26.8 0.438 0.438 5.8 8 7.1 16 2.2 0 0 15.7 114 120 6.2 -3.3
"56" "56" 2010-02-24 31.79 "ATL" "" "MIN" "W" 6 1 33.45 0.667 0.667 3.3 14 8.5 22.2 0 2.3 25 15.9 104 102 10.1 1.6
"57" "57" 2010-02-26 31.79 "ATL" "" "DAL" "L" -8 1 39.2666666666667 0.571 0.571 0 10.7 4.4 22.6 1.4 0 0 17 124 122 13.6 1.4
"58" "58" 2010-02-28 31.8 "ATL" "" "MIL" "W" 4 1 23.45 0.25 0.25 0 0 0 19.7 2.3 0 0 15.7 73 108 1.9 -5.9
"59" "59" 2010-03-01 31.8 "ATL" "@" "CHI" "W" 24 1 20.15 0.357 0.357 0 4.9 2.4 6.2 2.5 0 12.5 16.3 82 99 1.5 -8.5
"60" "60" 2010-03-03 31.81 "ATL" "" "PHI" "W" 19 1 22.1333333333333 0.917 0.917 0 10.8 5.5 13 0 0 25 15.6 132 105 8 3.3
"61" "61" 2010-03-05 31.81 "ATL" "" "GSW" "W" 5 1 32.55 1.15 1.15 0 7 3.4 22.9 1.6 0 0 13.6 230 135 22.3 16.7
"62" "62" 2010-03-06 31.81 "ATL" "@" "MIA" "L" -6 1 30.3 0.676 0.625 0 3.5 1.8 5.7 0 0 18.4 8.4 114 125 3.6 -4.9
"63" "63" 2010-03-08 31.82 "ATL" "@" "NYK" "L" -1 1 21.35 0.113 0 0 13.2 5.6 6.1 0 0 18.4 11.2 31 112 -2.3 -15.5
"64" "64" 2010-03-11 31.83 "ATL" "@" "WAS" "W" 6 1 32.0666666666667 0.727 0.727 0 17.6 8.4 24.5 5.1 0 15.4 18.7 133 105 15.6 8.1
"65" "65" 2010-03-13 31.83 "ATL" "" "DET" "W" 13 1 29.2833333333333 0.509 0.417 0 8.6 5.1 19.2 3.8 0 22.5 14.9 110 114 6.1 -5.5
"66" "66" 2010-03-16 31.84 "ATL" "@" "NJN" "W" 24 1 25.9166666666667 0.635 0.571 0 11.1 6 15.2 2.1 0 11.3 16 124 94 8.9 1.8
"67" "67" 2010-03-17 31.84 "ATL" "@" "TOR" "L" -1 1 35.9666666666667 0.743 0.727 0 11.4 6.1 20.2 1.4 1.7 14.9 17.3 131 113 15.3 6.2
"68" "68" 2010-03-19 31.85 "ATL" "" "CHA" "W" 1 1 14.9 0.45 0.375 0 0 0 11 3.9 0 18.4 17.2 91 102 1.5 -3.3
"69" "69" 2010-03-21 31.85 "ATL" "" "SAS" "W" 5 1 20.7 0.643 0.643 0 18.7 8.3 7.2 0 0 0 14.8 145 122 6.5 1.5
"70" "70" 2010-03-22 31.86 "ATL" "@" "MIL" "L" -3 1 25.0166666666667 0.698 0.714 0 4.6 2.4 11.5 2.3 0 0 16.5 147 121 9.6 6.4
"71" "71" 2010-03-24 31.86 "ATL" "" "ORL" "W" 2 1 30.1 0.778 0.778 0 7.2 3.7 6.9 1.8 0 0 15.1 136 99 11.2 8.8
"72" "72" 2010-03-26 31.87 "ATL" "@" "PHI" "L" -7 1 29.7333333333333 0.594 0.538 4.1 8.1 6.1 11.8 0 0 12.3 24.8 120 120 10.2 -0.5
"73" "73" 2010-03-28 31.87 "ATL" "" "IND" "W" 10 1 30.7333333333333 0.25 0.25 0 6.5 3.4 34.8 0 0 0 12 96 100 4.6 -3.3
"74" "74" 2010-03-31 31.88 "ATL" "" "LAL" "W" 17 1 21.9 0.667 0.667 5.6 6.1 5.8 0 0 0 10 23.2 123 117 7.3 0.3
"75" "75" 2010-04-02 31.89 "ATL" "@" "CLE" "L" -5 1 21.2 0.357 0.357 4.5 5.5 5 20.9 2.6 0 22.2 19.7 72 108 1 -7.3
"76" "76" 2010-04-03 31.89 "ATL" "" "DET" "W" 6 1 32.5166666666667 0.313 0.313 0 15.7 8.8 18.4 0 0 0 12.7 102 108 3.3 -7.4
"77" "" 2010-04-06 31.9 "ATL" "@" "CHA" "L" -9 NA NA NA NA NA NA NA NA NA NA NA NA NA NA NA NA
"78" "77" 2010-04-07 31.9 "ATL" "@" "DET" "L" -2 1 35.8333333333333 0.5 0.5 0 16.7 7.9 14.4 1.5 0 12.5 20 98 103 7.6 -4.1
"79" "78" 2010-04-09 31.91 "ATL" "" "TOR" "W" 6 1 24.35 0.5 0.5 0 4.6 2.2 7 0 0 0 17.7 116 118 4.8 -6
"80" "79" 2010-04-10 31.91 "ATL" "@" "WAS" "W" 10 1 16.3666666666667 0.833 0.833 0 0 0 31.1 0 0 14.3 22.1 147 121 8.1 6
"81" "80" 2010-04-12 31.92 "ATL" "@" "MIL" "W" 8 1 33.6833333333333 0.597 0.55 0 20.8 12.2 12.8 0 0 8.4 17.3 129 113 10.4 0.1
"82" "" 2010-04-14 31.92 "ATL" "" "CLE" "W" 16 NA NA NA NA NA NA NA NA NA NA NA NA NA NA NA NA
"1" "1" 2010-10-27 32.46 "ATL" "@" "MEM" "W" 15 1 27.3833333333333 1.006 1 0 4 2.1 23.6 1.8 0 9.6 16.8 180 109 17 12
"2" "2" 2010-10-29 32.46 "ATL" "@" "PHI" "W" 3 1 33.7666666666667 0.45 0.375 0 3 1.7 25.7 1.5 0 10.1 13.6 113 114 6.5 -1.1
"3" "3" 2010-10-30 32.47 "ATL" "" "WAS" "W" 4 1 31.2833333333333 0.667 0.667 3.9 8.1 6 23.3 0 0 0 12.5 154 107 10.6 4.5
"4" "4" 2010-11-02 32.47 "ATL" "@" "CLE" "W" 12 1 27.8833333333333 0.615 0.65 0 0 0 6.5 0 0 0 20.2 123 110 9.1 -2.5
"5" "5" 2010-11-03 32.48 "ATL" "" "DET" "W" 9 1 33.7333333333333 0.4 0.4 0 2.9 1.9 17.2 0 0 0 7.9 106 109 3.6 -4.9
"6" "6" 2010-11-05 32.48 "ATL" "@" "MIN" "W" 10 1 29.0666666666667 0.609 0.591 0 13 7.8 23.1 1.7 0 24.5 25.1 100 108 10.2 -1.3
"7" "7" 2010-11-07 32.49 "ATL" "" "PHO" "L" -4 1 31.0833333333333 0.676 0.688 4.2 16.3 10.3 11.9 0 0 18.4 15.7 121 131 8.4 -3.1
"8" "8" 2010-11-08 32.49 "ATL" "@" "ORL" "L" -4 1 31.4 0.583 0.583 3.7 12.7 8.6 9.7 0 0 33.3 14 85 107 4.3 -4.7
"9" "9" 2010-11-10 32.5 "ATL" "" "MIL" "L" -17 1 25.0166666666667 0.643 0.643 0 10.7 5 12.7 4.2 0 12.5 15.5 110 113 7.9 4.7
"10" "10" 2010-11-12 32.5 "ATL" "" "UTA" "L" -4 1 25.9 0.2 0.2 0 8.2 4.4 16.8 2.2 0 0 9.7 76 109 2.2 -6.1
"11" "11" 2010-11-14 32.51 "ATL" "" "MIN" "W" 6 1 20.9333333333333 0.347 0.25 0 6.2 2.9 27.2 2.4 0 14.8 13.8 90 113 2.7 -7.4
"12" "12" 2010-11-16 32.51 "ATL" "@" "IND" "W" 10 1 31.8 0.743 0.722 0 12.2 6.3 35.9 1.8 0 0 17.4 158 109 17.7 12.5
"13" "13" 2010-11-20 32.52 "ATL" "" "DAL" "L" -5 1 24.4333333333333 0.8 0.8 5.3 0 2.6 14.4 0 0 9.1 22.2 135 119 10.9 5.7
"14" "14" 2010-11-22 32.53 "ATL" "" "BOS" "L" -23 1 19.95 0.799 0.833 0 0 0 26.2 0 0 12.7 18.9 126 119 8 7
"15" "15" 2010-11-23 32.53 "ATL" "@" "NJN" "L" -6 1 34.8833333333333 0.9 0.9 0 7.4 3.4 12.5 1.6 0 16.7 8.5 146 116 8.2 1.1
"16" "16" 2010-11-25 32.54 "ATL" "" "WAS" "W" 20 1 21 0.2 0.2 0 4.9 2.6 34.5 2.5 0 0 10 107 107 3.2 -3
"17" "17" 2010-11-27 32.54 "ATL" "@" "NYK" "W" 9 1 35.9666666666667 0.778 0.778 0 9.8 4.5 16.5 0 0 10 13.2 142 110 10.8 2.4
"18" "18" 2010-11-28 32.55 "ATL" "@" "TOR" "W" 18 1 27.0333333333333 0.563 0.563 0 7.9 4.2 16.8 0 0 20 18.2 94 93 5.3 -2.9
"19" "19" 2010-12-01 32.55 "ATL" "" "MEM" "W" 3 1 33.45 0.845 0.875 4 9 6.3 24.7 1.6 0 0 12.6 171 122 16.3 8.6
"20" "20" 2010-12-03 32.56 "ATL" "" "PHI" "W" 5 1 28.8166666666667 0.438 0.438 0 0 0 17.8 0 2.3 11.1 14.9 84 103 4.4 -4.3
"21" "21" 2010-12-04 32.56 "ATL" "@" "MIA" "L" -12 1 31.0666666666667 0.5 0.5 0 22.1 9.5 35.9 0 0 16.7 19.3 97 108 7.9 2.9
"22" "22" 2010-12-06 32.57 "ATL" "@" "ORL" "W" 6 1 35.8333333333333 0.528 0.5 0 3.2 1.5 33.9 0 0 7.5 17.6 115 93 10.3 5.3
"23" "23" 2010-12-07 32.57 "ATL" "" "NJN" "W" 15 1 26.4833333333333 0.799 0.833 0 9.3 5 13.7 0 0 22.5 15.9 121 120 7.1 -4.8
"24" "24" 2010-12-10 32.58 "ATL" "@" "SAS" "L" -16 1 32.4666666666667 0.375 0.375 3.6 15.6 9.4 19.7 3.2 0 20 21.4 77 116 4.3 -7.6
"25" "25" 2010-12-11 32.58 "ATL" "" "IND" "W" 14 1 25.0666666666667 0.375 0.375 0 13.1 6.8 6.2 0 0 42.9 13 45 96 -1.6 -13.7
"26" "26" 2010-12-14 32.59 "ATL" "@" "DET" "L" -23 1 25.7166666666667 0.636 0.636 5.2 4.9 5 59.6 0 0 15.4 26.7 117 125 10.3 4.3
"27" "27" 2010-12-16 32.59 "ATL" "@" "BOS" "L" -12 1 27.8333333333333 0.611 0.611 0 14.4 7.4 54.4 2 0 0 16.1 150 118 14.2 10.8
"28" "28" 2010-12-17 32.6 "ATL" "" "CHA" "W" 5 1 32.95 0.556 0.556 3.6 0 1.6 19.3 1.8 0 18.2 16.4 104 111 7 -0.9
"29" "29" 2010-12-19 32.6 "ATL" "@" "NJN" "L" -7 1 43.2 0.598 0.6 0 13.2 6.5 27.6 1.2 0 23.9 23.2 89 98 11.5 -1.4
"30" "30" 2010-12-20 32.61 "ATL" "" "ORL" "W" 10 1 39.6166666666667 0.577 0.577 2.7 5.5 4.1 18.8 0 0 13.3 16.9 108 95 8.8 1.2
"31" "31" 2010-12-22 32.61 "ATL" "" "CLE" "W" 14 1 29.9666666666667 0.429 0.429 0 0 0 12.4 0 0 0 12 108 111 3.2 -7.2
"32" "32" 2010-12-26 32.62 "ATL" "@" "NOH" "L" -7 1 40.95 0.394 0.375 2.7 2.8 2.8 22 0 0 10.1 11.9 95 114 4.5 -3.3
"33" "33" 2010-12-27 32.62 "ATL" "@" "MIL" "W" 15 1 22.5 0.5 0.5 0 4.7 2.7 23.8 4.9 0 50 13 75 89 3 -0.3
"34" "34" 2010-12-29 32.63 "ATL" "" "GSW" "W" 10 1 27.3833333333333 0.625 0.625 0 8 4 15.7 1.9 0 20 25.5 98 103 7.7 -2.9
"35" "35" 2010-12-31 32.64 "ATL" "@" "OKC" "L" -9 1 25.9833333333333 0.625 0.625 0 4.9 2.4 6.3 0 0 20 9.4 97 120 2.2 -7.3
"36" "36" 2011-01-02 32.64 "ATL" "@" "LAC" "W" 9 1 27.35 0.667 0.667 0 9.5 4.7 26.3 0 2.8 0 10.5 148 108 8.3 5.2
"37" "37" 2011-01-04 32.65 "ATL" "@" "SAC" "W" 6 1 33 0.5 0.5 12.1 20.4 16.9 16.3 3 0 18.2 14.9 110 101 10.5 2.7
"38" "38" 2011-01-05 32.65 "ATL" "@" "UTA" "W" 23 1 34.75 0.3 0.3 0 13.2 7.5 28.6 1.6 2.4 16.7 8.4 115 102 5.8 -0.5
"39" "39" 2011-01-08 32.66 "ATL" "" "IND" "W" 15 1 28.2333333333333 0.901 0.857 0 4 2 5.8 3.6 0 10.7 14.2 152 99 12.1 7.5
"40" "40" 2011-01-12 32.67 "ATL" "@" "TOR" "W" 3 1 35.1666666666667 0.45 0.375 0 8 3.7 16.9 1.5 0 18.4 13.8 93 109 5.2 -4.1
"41" "41" 2011-01-15 32.68 "ATL" "" "HOU" "L" -6 1 31.85 0.643 0.643 0 4.2 2 11.7 6.4 2.2 22.2 12.9 102 111 10.4 4.9
"42" "42" 2011-01-17 32.68 "ATL" "" "SAC" "W" 2 1 42.55 0.409 0.385 0 4.8 2.7 6.5 1.3 1.4 6.9 16 84 113 5 -7.2
"43" "43" 2011-01-18 32.68 "ATL" "@" "MIA" "W" 4 1 36.9333333333333 0.631 0.636 0 9.8 4.6 0 1.6 0 0 15.3 132 100 9.6 4
"44" "44" 2011-01-21 32.69 "ATL" "" "NOH" "L" -41 1 18.5166666666667 0 0 0 0 0 11.3 0 0 0 18.7 6 126 -4.6 -20.5
"45" "45" 2011-01-22 32.7 "ATL" "@" "CHA" "W" 16 1 36.8166666666667 0.67 0.65 0 26.1 14.7 17.1 3.1 0 0 14.5 144 100 15 6.3
"46" "46" 2011-01-26 32.71 "ATL" "@" "MIL" "L" -8 1 31.0666666666667 0.571 0.571 0 10.8 5.4 23 1.7 0 0 10.7 129 110 8.6 2
"47" "47" 2011-01-28 32.71 "ATL" "" "NYK" "W" 9 1 32.55 0.625 0.625 0 17.1 9.2 3.8 0 0 0 5.7 144 117 4.4 -5.1
"48" "48" 2011-01-29 32.72 "ATL" "@" "DAL" "L" -11 1 22.9666666666667 0.375 0.375 5 5.6 5.3 12.7 0 4 0 8.6 106 119 1.7 -5.8
"49" "49" 2011-02-02 32.73 "ATL" "" "TOR" "W" 13 1 25.35 0.333 0.333 0 12.6 7.5 19.8 0 0 18.2 22.4 75 107 1.8 -11.5
"50" "50" 2011-02-04 32.73 "ATL" "" "LAC" "W" 1 1 25.7 0 0 0 14.4 6.4 13.7 2.1 0 14.3 11.9 27 111 -1.6 -14.7
"51" "51" 2011-02-05 32.73 "ATL" "@" "WAS" "W" 7 1 24.1333333333333 0.509 0.5 0 14.2 7.6 19.9 2.3 0 0 14 125 107 7.2 3.3
"52" "52" 2011-02-08 32.74 "ATL" "" "PHI" "L" -34 1 21.6333333333333 0.5 0.5 0 6.9 2.6 7.3 0 0 0 10.4 106 130 2.1 -7.9
"53" "53" 2011-02-12 32.75 "ATL" "" "CHA" "L" -2 1 31.5666666666667 0.55 0.55 3.5 18.5 10.9 33.9 1.8 0 9.1 17.3 111 101 11.2 5.4
"54" "54" 2011-02-14 32.76 "ATL" "@" "DET" "W" 15 1 39.3333333333333 0.683 0.708 0 18.3 11.3 32.3 1.6 0 13.9 20.4 132 104 15.5 5.2
"55" "55" 2011-02-16 32.76 "ATL" "@" "NYK" "L" -12 1 35.95 0.938 0.938 0 3.5 1.6 8.8 0 0 20 13.6 135 116 9.5 1.3
"56" "56" 2011-02-22 32.78 "ATL" "@" "LAL" "L" -24 1 16.3 0 0 0 8.2 3.4 0 0 0 25 11.7 0 123 -3.6 -22.1
"57" "" 2011-02-23 32.78 "ATL" "@" "PHO" "L" -8 NA NA NA NA NA NA NA NA NA NA NA NA NA NA NA NA
"58" "57" 2011-02-25 32.79 "WAS" "@" "MIA" "L" -8 0 10.2166666666667 0 0 0 0 0 43.7 0 0 20 20.8 49 128 -1.4 -17.6
"59" "58" 2011-02-26 32.79 "WAS" "" "DAL" "L" -6 0 19.1333333333333 0.2 0.2 0 16.7 7.6 24.2 2.6 0 0 11.3 76 105 2.8 -4.6
"60" "59" 2011-03-03 32.81 "MIA" "" "ORL" "L" -3 0 19.0666666666667 0.307 0.375 6.8 14.4 10.5 7.8 0 0 17 14.8 69 124 0.4 -8.3
"61" "60" 2011-03-04 32.81 "MIA" "@" "SAS" "L" -30 0 28.6833333333333 0.333 0.333 0 8.6 4.2 24.9 0 0 0 10 98 136 3.1 -6.9
"62" "61" 2011-03-06 32.81 "MIA" "" "CHI" "L" -1 0 11.1833333333333 0 0 0 26.8 13 0 0 0 75 18.2 0 105 -4.3 -27.6
"63" "62" 2011-03-08 32.82 "MIA" "" "POR" "L" -9 0 21.4666666666667 0.75 0.75 0 6 3.4 0 0 0 20 12 110 133 2.1 -4.9
"64" "63" 2011-03-10 32.82 "MIA" "" "LAL" "W" 6 0 22.2833333333333 1 1 0 10.5 5.2 6.6 0 0 0 6.2 216 114 5.2 4.3
"65" "64" 2011-03-12 32.83 "MIA" "" "MEM" "W" 33 0 25.3166666666667 1.446 1.5 0 8.1 4.9 24.8 2.1 0 0 11.7 270 99 19.9 24
"66" "65" 2011-03-14 32.84 "MIA" "" "SAS" "W" 30 0 9.78333333333333 0 0 0 21.3 12.3 0 5.4 0 33.3 14.8 0 80 -2.4 -19.2
"67" "66" 2011-03-16 32.84 "MIA" "" "OKC" "L" -11 0 26.1 0.625 0.625 0 7.7 4 8.1 2.1 0 11.1 16.3 111 111 5.7 0.7
"68" "67" 2011-03-18 32.85 "MIA" "@" "ATL" "W" 21 0 24.9166666666667 0.2 0.2 0 16.4 10 32 0 0 16.7 11.7 91 99 2.5 -4.5
"69" "68" 2011-03-19 32.85 "MIA" "" "DEN" "W" 5 0 34.0166666666667 0.778 0.778 0 3.7 2 9.8 1.5 2.6 0 13.3 155 110 12.7 8.2
"70" "69" 2011-03-23 32.86 "MIA" "@" "DET" "W" 6 1 25.5833333333333 0.5 0.5 0 22.1 10.6 27.5 0 0 0 10.2 126 114 4.3 -2.1
"71" "70" 2011-03-25 32.87 "MIA" "" "PHI" "W" 12 1 29.8166666666667 0.375 0.375 0 11.8 6 24.5 3.4 0 33.3 8.8 94 105 4.9 -0.6
"72" "71" 2011-03-27 32.87 "MIA" "" "HOU" "W" 6 1 34.6166666666667 1 1 0 0 0 3.5 0 2 12.5 9.5 179 126 10.7 5.5
"73" "72" 2011-03-29 32.88 "MIA" "@" "CLE" "L" -12 1 42.5333333333333 0.968 0.955 0 8.1 3.1 4.5 2.6 0 7.8 14.6 156 116 19.6 10.9
"74" "73" 2011-03-30 32.88 "MIA" "@" "WAS" "W" 16 1 27.6333333333333 0.429 0.429 0 8.9 5 4.6 0 0 22.2 15.5 72 124 1.2 -12.3
"75" "74" 2011-04-01 32.88 "MIA" "@" "MIN" "W" 19 1 30.1 0.625 0.6 4.8 14.5 10.4 28.8 0 0 0 10.6 156 102 12.3 8.1
"76" "75" 2011-04-03 32.89 "MIA" "@" "NJN" "W" 14 1 26.5666666666667 0.5 0.5 0 7.5 4.5 18.8 0 0 0 8.7 131 104 4.9 0.3
"77" "76" 2011-04-06 32.9 "MIA" "" "MIL" "L" -5 1 31.4166666666667 0.75 0.75 0 8.3 3.8 5.7 0 0 60 15.4 55 114 -2.3 -13.7
"78" "77" 2011-04-08 32.9 "MIA" "" "CHA" "W" 9 1 32.5833333333333 0.34 0.2 0 11 6.6 7.9 0 2.1 33.8 13 58 116 -0.7 -12.1
"79" "78" 2011-04-10 32.91 "MIA" "" "BOS" "W" 23 1 30.95 0.3 0.3 0 15.5 6.8 22.2 3.7 0 23.1 19.5 74 91 2.8 -2.9
"80" "79" 2011-04-11 32.91 "MIA" "@" "ATL" "W" 8 1 30.9333333333333 0.536 0.563 0 3.6 2.1 10.4 0 0 17.7 18.2 95 112 4.5 -5.9
"81" "80" 2011-04-13 32.92 "MIA" "@" "TOR" "W" 18 1 16 0.438 0.438 0 8.1 4.1 10.7 3.6 0 33.3 35.6 64 92 0.6 -12.3
"1" "" 2011-12-25 33.62 "NYK" "" "BOS" "W" 2 NA NA NA NA NA NA NA NA NA NA NA NA NA NA NA NA
"2" "1" 2011-12-28 33.63 "NYK" "@" "GSW" "L" -14 0 22.0333333333333 0.2 0.2 0 11.5 5.6 33.7 2.4 0 16.7 13.6 58 103 1.9 -3.8
"3" "2" 2011-12-29 33.63 "NYK" "@" "LAL" "L" -17 0 20.75 0.25 0.25 0 8 3.2 0 0 0 0 9.5 53 123 -0.5 -13.4
"4" "3" 2011-12-31 33.64 "NYK" "@" "SAC" "W" 22 0 16.1666666666667 0.375 0.375 0 0 0 16 3.3 0 20 13.2 85 107 0 -8.7
"5" "4" 2012-01-02 33.64 "NYK" "" "TOR" "L" -5 0 15.3666666666667 0 0 0 25.3 11.3 0 3.4 0 25 12.5 0 94 -2.4 -16.1
"6" "" 2012-01-04 33.65 "NYK" "" "CHA" "L" -8 NA NA NA NA NA NA NA NA NA NA NA NA NA NA NA NA
"7" "5" 2012-01-06 33.65 "NYK" "@" "WAS" "W" 3 0 21.1666666666667 0.917 0.917 0 5.2 2.4 22.7 4.5 0 14.3 13.5 156 94 11 12.1
"8" "6" 2012-01-07 33.65 "NYK" "@" "DET" "W" 23 0 15.4333333333333 1.183 1.2 0 18.3 10.5 35.1 0 0 12.9 23.5 196 93 15.3 27.7
"9" "7" 2012-01-09 33.66 "NYK" "" "CHA" "W" 4 0 6.26666666666667 0 0 0 0 0 0 0 0 0 7.1 0 104 -0.7 -14
"10" "" 2012-01-11 33.67 "NYK" "" "PHI" "W" 6 NA NA NA NA NA NA NA NA NA NA NA NA NA NA NA NA
"11" "8" 2012-01-12 33.67 "NYK" "@" "MEM" "L" -11 0 19.2666666666667 0.25 0.25 5.2 6.1 5.6 26.2 0 0 20 11.8 74 105 0.9 -7.6
"12" "9" 2012-01-14 33.67 "NYK" "@" "OKC" "L" -12 1 19.6833333333333 0.75 0.75 0 0 0 25.1 0 0 20 10.8 133 117 4.3 1.1
"13" "10" 2012-01-16 33.68 "NYK" "" "ORL" "L" -9 0 9.95 0.5 0.5 0 13.8 6.4 38.3 0 0 0 9.9 124 120 2.7 0.6
"14" "11" 2012-01-18 33.68 "NYK" "" "PHO" "L" -3 0 5.83333333333333 NA NA 0 0 0 25.7 8.6 0 NA 0 213 84 1.3 4.6
"15" "12" 2012-01-20 33.69 "NYK" "" "MIL" "L" -14 0 8.66666666666667 0 0 0 12.9 6.2 0 5.7 0 0 9.9 0 98 -0.1 -6.5
"16" "" 2012-01-21 33.69 "NYK" "" "DEN" "L" -5 NA NA NA NA NA NA NA NA NA NA NA NA NA NA NA NA
"17" "13" 2012-01-24 33.7 "NYK" "@" "CHA" "W" 33 0 16.3666666666667 0.515 0.5 0 18 10.2 24.4 0 4.1 20.5 13.6 108 86 3.8 0.2
"18" "14" 2012-01-25 33.7 "NYK" "@" "CLE" "L" -10 0 10.3166666666667 0.333 0.333 0 9.9 5.3 17 0 0 0 13.1 86 105 1.3 -4
"19" "15" 2012-01-27 33.71 "NYK" "@" "MIA" "L" -10 0 13.2166666666667 0.333 0.333 0 0 0 31.9 0 0 10 33.3 73 112 0.9 -6.8
"20" "16" 2012-01-28 33.71 "NYK" "@" "HOU" "L" -13 0 9.06666666666667 0 0 0 0 0 0 5.7 0 40 23.7 0 102 -3.1 -22.4
"21" "" 2012-01-31 33.72 "NYK" "" "DET" "W" 27 NA NA NA NA NA NA NA NA NA NA NA NA NA NA NA NA
"22" "" 2012-02-02 33.73 "NYK" "" "CHI" "L" -3 NA NA NA NA NA NA NA NA NA NA NA NA NA NA NA NA
"23" "" 2012-02-03 33.73 "NYK" "@" "BOS" "L" -2 NA NA NA NA NA NA NA NA NA NA NA NA NA NA NA NA
"24" "" 2012-02-04 33.73 "NYK" "" "NJN" "W" 7 NA NA NA NA NA NA NA NA NA NA NA NA NA NA NA NA
"25" "" 2012-02-06 33.74 "NYK" "" "UTA" "W" 11 NA NA NA NA NA NA NA NA NA NA NA NA NA NA NA NA
"26" "17" 2012-02-08 33.74 "NYK" "@" "WAS" "W" 14 0 15.4 0 0 14.8 0 7.4 8.4 3.5 0 0 18.1 39 105 -1.9 -16.2
"27" "18" 2012-02-10 33.75 "NYK" "" "LAL" "W" 7 0 10.8833333333333 0 0 0 29.4 14.9 0 0 0 0 8.3 0 90 -0.5 -9.9
"28" "19" 2012-02-11 33.75 "NYK" "@" "MIN" "W" 2 0 16.2166666666667 0.375 0.375 0 28.9 14.1 0 0 0 20 13.1 59 98 0.8 -7.2
"29" "20" 2012-02-14 33.76 "NYK" "@" "TOR" "W" 3 0 2.41666666666667 NA NA 0 0 0 0 22.2 0 NA 0 0 58 1 22.3
"30" "21" 2012-02-15 33.76 "NYK" "" "SAC" "W" 15 0 17.8833333333333 0 0 0 11 6.5 13.8 5.7 0 25 10.5 31 84 0.9 -3.2
"31" "" 2012-02-17 33.77 "NYK" "" "NOH" "L" -4 NA NA NA NA NA NA NA NA NA NA NA NA NA NA NA NA
"32" "" 2012-02-19 33.77 "NYK" "" "DAL" "W" 7 NA NA NA NA NA NA NA NA NA NA NA NA NA NA NA NA
"33" "" 2012-02-20 33.78 "NYK" "" "NJN" "L" -8 NA NA NA NA NA NA NA NA NA NA NA NA NA NA NA NA
"34" "" 2012-02-22 33.78 "NYK" "" "ATL" "W" 17 NA NA NA NA NA NA NA NA NA NA NA NA NA NA NA NA
"35" "" 2012-02-23 33.78 "NYK" "@" "MIA" "L" -14 NA NA NA NA NA NA NA NA NA NA NA NA NA NA NA NA
"36" "" 2012-02-29 33.8 "NYK" "" "CLE" "W" 17 NA NA NA NA NA NA NA NA NA NA NA NA NA NA NA NA
"37" "" 2012-03-04 33.81 "NYK" "@" "BOS" "L" -4 NA NA NA NA NA NA NA NA NA NA NA NA NA NA NA NA
"38" "" 2012-03-06 33.82 "NYK" "@" "DAL" "L" -10 NA NA NA NA NA NA NA NA NA NA NA NA NA NA NA NA
"39" "" 2012-03-07 33.82 "NYK" "@" "SAS" "L" -13 NA NA NA NA NA NA NA NA NA NA NA NA NA NA NA NA
"40" "" 2012-03-09 33.82 "NYK" "@" "MIL" "L" -5 NA NA NA NA NA NA NA NA NA NA NA NA NA NA NA NA
"41" "" 2012-03-11 33.83 "NYK" "" "PHI" "L" -12 NA NA NA NA NA NA NA NA NA NA NA NA NA NA NA NA
"42" "" 2012-03-12 33.83 "NYK" "@" "CHI" "L" -5 NA NA NA NA NA NA NA NA NA NA NA NA NA NA NA NA
"43" "22" 2012-03-14 33.84 "NYK" "" "POR" "W" 42 0 7.16666666666667 0 0 0 28.5 16.7 62.3 0 0 0 6.1 161 83 2.7 9.4
"44" "23" 2012-03-16 33.84 "NYK" "" "IND" "W" 15 0 3.33333333333333 0.75 0.75 0 0 0 54.1 0 0 0 27.6 168 114 2.3 14.9
"45" "24" 2012-03-17 33.85 "NYK" "@" "IND" "W" 14 0 9.8 0.5 0.5 0 10.9 5.6 22.1 5.5 0 0 23.2 118 93 3.9 9.1
"46" "25" 2012-03-20 33.85 "NYK" "" "TOR" "W" 19 0 11.6166666666667 0.129 0 0 12.2 5.4 0 9.3 0 20.5 18.9 26 86 -1.4 -14.6
"47" "" 2012-03-21 33.86 "NYK" "@" "PHI" "W" 3 NA NA NA NA NA NA NA NA NA NA NA NA NA NA NA NA
"48" "" 2012-03-23 33.86 "NYK" "@" "TOR" "L" -17 NA NA NA NA NA NA NA NA NA NA NA NA NA NA NA NA
"49" "26" 2012-03-24 33.87 "NYK" "" "DET" "W" 22 0 5.5 0 0 0 39.7 20.8 23 9.5 0 0 15.4 42 66 0.5 -2.6
"50" "27" 2012-03-26 33.87 "NYK" "" "MIL" "W" 9 0 11.6833333333333 0.75 0.75 0 8.2 4.3 0 0 0 0 7.3 149 88 1.9 2.3
"51" "28" 2012-03-28 33.88 "NYK" "" "ORL" "W" 22 0 17.5166666666667 0 0 0 6.5 3.3 6.4 0 0 0 2.7 71 105 -0.9 -10.3
"52" "29" 2012-03-30 33.88 "NYK" "@" "ATL" "L" -10 0 6.16666666666667 0 0 19 24.3 21.3 25.1 0 0 0 7.6 89 115 1 -1.1
"53" "" 2012-03-31 33.88 "NYK" "" "CLE" "W" 16 NA NA NA NA NA NA NA NA NA NA NA NA NA NA NA NA
"54" "30" 2012-04-03 33.89 "NYK" "@" "IND" "L" -8 0 5.06666666666667 0 0 0 21.5 10.6 0 0 15 50 17.9 0 117 -1.5 -20
"55" "" 2012-04-05 33.9 "NYK" "@" "ORL" "W" 16 NA NA NA NA NA NA NA NA NA NA NA NA NA NA NA NA
"56" "" 2012-04-08 33.91 "NYK" "" "CHI" "W" 1 NA NA NA NA NA NA NA NA NA NA NA NA NA NA NA NA
"57" "" 2012-04-10 33.91 "NYK" "@" "CHI" "L" -12 NA NA NA NA NA NA NA NA NA NA NA NA NA NA NA NA
"58" "31" 2012-04-11 33.92 "NYK" "@" "MIL" "W" 4 0 9.28333333333333 NA NA 0 11.5 6.4 37.8 0 0 NA 0 215 115 2.4 5.6
"59" "32" 2012-04-13 33.92 "NYK" "" "WAS" "W" 38 0 22.5 0.75 0.75 0 8.9 4.9 12.3 2.4 0 20 10.2 126 77 5.6 4.9
"60" "33" 2012-04-15 33.93 "NYK" "" "MIA" "L" -8 0 5.18333333333333 0 0 0 25 11.6 0 0 0 0 9.5 0 107 -0.4 -11.9
"61" "34" 2012-04-17 33.93 "NYK" "" "BOS" "W" 8 0 26.45 0.5 0.5 0 28.4 14.6 27.1 0 0 0 5.6 178 131 6.6 2.8
"62" "35" 2012-04-18 33.93 "NYK" "@" "NJN" "W" 9 1 36.25 0.4 0.4 0 9.7 4.7 33.1 1.4 0 9.1 14.2 104 109 7.5 -3
"63" "36" 2012-04-20 33.94 "NYK" "@" "CLE" "L" -8 1 23.4166666666667 0.857 0.857 0 11.1 4.9 30.6 4.7 3.4 12.5 16.1 145 106 13 16.4
"64" "37" 2012-04-22 33.95 "NYK" "@" "ATL" "W" 1 0 5.68333333333333 NA NA 0 0 0 19.6 0 0 100 8.1 52 122 -0.7 -12.1
"65" "38" 2012-04-25 33.95 "NYK" "" "LAC" "W" 6 0 21.15 0 0 0 6.1 3 31.5 0 0 0 9.5 66 118 0.6 -8.7
"66" "39" 2012-04-26 33.96 "NYK" "@" "CHA" "W" 20 1 36.7666666666667 0.375 0.375 3.5 10.3 7 36.7 1.4 0 20 6.5 131 97 10.2 2.9
