"Rk" "G" "Date" "Age" "Tm" "H/A" "Opp" "W/L" "By Amt" "GS" "MP" "TS%" "eFG%" "ORB%" "DRB%" "TRB%" "AST%" "STL%" "BLK%" "TOV%" "USG%" "ORtg" "DRtg" "GmSc" "BPM"
"1" "1" 1981-10-30 22.67 "DAL" "@" "UTA" "L" -16 0 24 0.127 0.143 NA NA NA NA NA NA NA NA NA NA NA NA
"2" "2" 1981-10-31 22.68 "DAL" "" "KCK" "W" 6 0 21 0.333 0.333 NA NA NA NA NA NA NA NA NA NA NA NA
"3" "3" 1981-11-03 22.68 "DAL" "" "CLE" "L" -15 0 25 0.635 0.571 NA NA NA NA NA NA NA NA NA NA 7 NA
"4" "4" 1981-11-05 22.69 "DAL" "@" "PHO" "L" -28 1 29 0.786 0.667 NA NA NA NA NA NA NA NA NA NA 16.4 NA
"5" "5" 1981-11-06 22.69 "DAL" "" "NYK" "L" -9 1 36 0.512 0.412 NA NA NA NA NA NA NA NA NA NA NA NA
"6" "6" 1981-11-08 22.7 "DAL" "@" "LAL" "L" -10 1 20 0.505 0.5 NA NA NA NA NA NA NA NA NA NA NA NA
"7" "7" 1981-11-10 22.7 "DAL" "@" "POR" "L" -22 1 19 0.683 0.667 NA NA NA NA NA NA NA NA NA NA 5.9 NA
"8" "8" 1981-11-11 22.71 "DAL" "@" "SEA" "L" -28 1 20 0.26 0.231 NA NA NA NA NA NA NA NA NA NA NA NA
"9" "9" 1981-11-14 22.72 "DAL" "" "GSW" "L" -6 1 18 0.338 0.25 NA NA NA NA NA NA NA NA NA NA 1.1 NA
"10" "10" 1981-11-17 22.72 "DAL" "" "SAS" "L" -7 1 27 0.597 0.533 NA NA NA NA NA NA NA NA NA NA NA NA
"11" "11" 1981-11-20 22.73 "DAL" "" "SEA" "L" -1 1 16 0.4 0.4 NA NA NA NA NA NA NA NA NA NA NA NA
"12" "12" 1981-11-21 22.73 "DAL" "" "PHO" "L" -22 1 31 0.759 0.667 NA NA NA NA NA NA NA NA NA NA 16.7 NA
"13" "13" 1981-11-24 22.74 "DAL" "" "LAL" "L" -15 1 27 0.632 0.615 NA NA NA NA NA NA NA NA NA NA NA NA
"14" "14" 1981-11-25 22.75 "DAL" "@" "DEN" "L" -6 1 20 0.714 0.714 NA NA NA NA NA NA NA NA NA NA 7.7 NA
"15" "15" 1981-11-28 22.75 "DAL" "" "NJN" "W" 4 1 25 0.413 0.417 NA NA NA NA NA NA NA NA NA NA NA NA
"16" "16" 1981-12-02 22.76 "DAL" "@" "UTA" "L" -11 1 17 0.307 0.25 NA NA NA NA NA NA NA NA NA NA NA NA
"17" "17" 1981-12-03 22.77 "DAL" "@" "SDC" "L" -2 1 21 0.444 0.444 NA NA NA NA NA NA NA NA NA NA NA NA
"18" "18" 1981-12-05 22.77 "DAL" "" "DEN" "W" 4 1 18 0.621 0.667 NA NA NA NA NA NA NA NA NA NA 5.6 NA
"19" "19" 1981-12-08 22.78 "DAL" "" "UTA" "W" 25 0 18 0.564 0.5 NA NA NA NA NA NA NA NA NA NA NA NA
"20" "20" 1981-12-09 22.78 "DAL" "@" "KCK" "L" -4 0 29 0.686 0.667 NA NA NA NA NA NA NA NA NA NA NA NA
"21" "21" 1981-12-11 22.79 "DAL" "" "SAS" "L" -2 0 27 0.546 0.529 NA NA NA NA NA NA NA NA NA NA NA NA
"22" "22" 1981-12-12 22.79 "DAL" "@" "HOU" "L" -4 0 17 0.658 0.667 NA NA NA NA NA NA NA NA NA NA NA NA
"23" "23" 1981-12-15 22.8 "DAL" "@" "WSB" "W" 5 0 17 0.5 0.5 NA NA NA NA NA NA NA NA NA NA NA NA
"24" "24" 1981-12-16 22.8 "DAL" "@" "BOS" "L" -17 0 20 0.41 0.375 NA NA NA NA NA NA NA NA NA NA NA NA
"25" "25" 1981-12-18 22.81 "DAL" "" "HOU" "L" -19 0 22 0.644 0.5 NA NA NA NA NA NA NA NA NA NA NA NA
"26" "26" 1981-12-19 22.81 "DAL" "" "POR" "W" 7 0 14 0.571 0.571 NA NA NA NA NA NA NA NA NA NA 3.6 NA
"27" "27" 1981-12-22 22.82 "DAL" "" "DET" "L" -8 0 31 0.611 0.588 NA NA NA NA NA NA NA NA NA NA NA NA
"28" "28" 1981-12-26 22.83 "DAL" "" "DEN" "L" -7 0 18 0.44 0.385 NA NA NA NA NA NA NA NA NA NA 6.9 NA
"29" "29" 1981-12-29 22.84 "DAL" "" "KCK" "W" 12 0 21 0.276 0.2 NA NA NA NA NA NA NA NA NA NA NA NA
"30" "30" 1982-01-02 22.85 "DAL" "@" "GSW" "L" -19 0 22 0.512 0.5 NA NA NA NA NA NA NA NA NA NA 9.2 NA
"31" "31" 1982-01-06 22.86 "DAL" "@" "SEA" "L" -7 0 22 0.66 0.667 NA NA NA NA NA NA NA NA NA NA NA NA
"32" "32" 1982-01-07 22.86 "DAL" "@" "SDC" "W" 1 0 18 0.291 0.167 NA NA NA NA NA NA NA NA NA NA NA NA
"33" "33" 1982-01-09 22.87 "DAL" "" "PHO" "W" 4 0 26 0.778 0.857 NA NA NA NA NA NA NA NA NA NA 11.2 NA
"34" "34" 1982-01-12 22.88 "DAL" "@" "SAS" "L" -18 0 29 0.836 0.727 NA NA NA NA NA NA NA NA NA NA NA NA
"35" "35" 1982-01-13 22.88 "DAL" "" "SDC" "L" -3 0 29 0.529 0.476 NA NA NA NA NA NA NA NA NA NA NA NA
"36" "36" 1982-01-15 22.88 "DAL" "@" "DEN" "L" -15 0 21 0.473 0.444 NA NA NA NA NA NA NA NA NA NA 4.9 NA
"37" "37" 1982-01-16 22.89 "DAL" "" "POR" "L" -7 0 18 0.414 0.35 NA NA NA NA NA NA NA NA NA NA 3.5 NA
"38" "38" 1982-01-20 22.9 "DAL" "" "MIL" "W" 5 0 23 0.581 0.5 NA NA NA NA NA NA NA NA NA NA NA NA
"39" "39" 1982-01-21 22.9 "DAL" "@" "KCK" "W" 16 0 26 0.72 0.636 NA NA NA NA NA NA NA NA NA NA NA NA
"40" "40" 1982-01-23 22.91 "DAL" "" "UTA" "W" 12 0 24 0.604 0.556 NA NA NA NA NA NA NA NA NA NA NA NA
"41" "41" 1982-01-26 22.92 "DAL" "@" "ATL" "W" 2 0 14 0 0 NA NA NA NA NA NA NA NA NA NA NA NA
"42" "42" 1982-01-27 22.92 "DAL" "" "PHI" "L" -13 0 13 0.4 0.429 NA NA NA NA NA NA NA NA NA NA NA NA
"43" "43" 1982-02-02 22.93 "DAL" "@" "SAS" "L" -5 0 16 0.452 0 NA NA NA NA NA NA NA NA NA NA NA NA
"44" "44" 1982-02-03 22.94 "DAL" "" "SDC" "L" -7 0 19 0.697 0.625 NA NA NA NA NA NA NA NA NA NA NA NA
"45" "45" 1982-02-05 22.94 "DAL" "@" "MIL" "L" -25 0 24 0.704 0.667 NA NA NA NA NA NA NA NA NA NA NA NA
"46" "46" 1982-02-06 22.95 "DAL" "@" "IND" "W" 6 0 19 0.444 0.444 NA NA NA NA NA NA NA NA NA NA NA NA
"47" "47" 1982-02-10 22.96 "DAL" "" "WSB" "L" -17 0 24 0.385 0.385 NA NA NA NA NA NA NA NA NA NA NA NA
"48" "48" 1982-02-12 22.96 "DAL" "" "SEA" "W" 3 0 33 0.504 0.5 NA NA NA NA NA NA NA NA NA NA NA NA
"49" "49" 1982-02-14 22.97 "DAL" "@" "NJN" "W" 2 0 20 0.77 0.75 NA NA NA NA NA NA NA NA NA NA NA NA
"50" "50" 1982-02-16 22.97 "DAL" "@" "NYK" "W" 2 0 23 0.612 0.615 NA NA NA NA NA NA NA NA NA NA NA NA
"51" "51" 1982-02-17 22.98 "DAL" "@" "PHI" "L" -5 0 35 0.664 0.625 NA NA NA NA NA NA NA NA NA NA NA NA
"52" "52" 1982-02-20 22.98 "DAL" "@" "CLE" "L" -7 0 26 0.551 0.5 NA NA NA NA NA NA NA NA NA NA 10.4 NA
"53" "53" 1982-02-21 22.99 "DAL" "@" "CHI" "W" 16 0 24 0.666 0.636 NA NA NA NA NA NA NA NA NA NA 11.6 NA
"54" "54" 1982-02-23 22.99 "DAL" "@" "HOU" "L" -10 0 24 0.506 0.5 NA NA NA NA NA NA NA NA NA NA NA NA
"55" "55" 1982-02-25 23 "DAL" "" "GSW" "L" -2 0 12 0.2 0.2 NA NA NA NA NA NA NA NA NA NA -1.1 NA
"56" "56" 1982-02-27 23 "DAL" "" "HOU" "W" 3 0 37 0.75 0.75 NA NA NA NA NA NA NA NA NA NA NA NA
"57" "57" 1982-03-02 23.01 "DAL" "" "BOS" "L" -4 0 31 0.512 0.462 NA NA NA NA NA NA NA NA NA NA NA NA
"58" "58" 1982-03-04 23.02 "DAL" "@" "GSW" "L" -6 0 30 0.63 0.5 NA NA NA NA NA NA NA NA NA NA 19.4 NA
"59" "59" 1982-03-05 23.02 "DAL" "@" "SEA" "L" -1 0 30 0.51 0.4 NA NA NA NA NA NA NA NA NA NA NA NA
"60" "60" 1982-03-07 23.02 "DAL" "" "IND" "L" -2 0 32 0.531 0.529 NA NA NA NA NA NA NA NA NA NA NA NA
"61" "61" 1982-03-08 23.03 "DAL" "@" "SAS" "W" 8 0 25 0.863 0.846 NA NA NA NA NA NA NA NA NA NA NA NA
"62" "62" 1982-03-10 23.03 "DAL" "" "POR" "W" 2 0 35 0.573 0.588 NA NA NA NA NA NA NA NA NA NA 12.2 NA
"63" "63" 1982-03-13 23.04 "DAL" "@" "SDC" "W" 8 0 25 0.571 0.571 NA NA NA NA NA NA NA NA NA NA NA NA
"64" "64" 1982-03-14 23.04 "DAL" "@" "LAL" "L" -22 0 32 0.633 0.611 NA NA NA NA NA NA NA NA NA NA NA NA
"65" "65" 1982-03-17 23.05 "DAL" "" "CHI" "L" -10 0 26 0.376 0.25 NA NA NA NA NA NA NA NA NA NA 4.4 NA
"66" "66" 1982-03-19 23.06 "DAL" "" "LAL" "L" -6 0 23 0.53 0.455 NA NA NA NA NA NA NA NA NA NA NA NA
"67" "67" 1982-03-21 23.06 "DAL" "@" "POR" "L" -8 0 33 0.601 0.583 NA NA NA NA NA NA NA NA NA NA 10.3 NA
"68" "68" 1982-03-23 23.07 "DAL" "@" "LAL" "W" 2 0 29 0.54 0.467 NA NA NA NA NA NA NA NA NA NA NA NA
"69" "69" 1982-03-24 23.07 "DAL" "@" "PHO" "L" -8 0 19 0.333 0.333 NA NA NA NA NA NA NA NA NA NA 1.6 NA
"70" "70" 1982-03-26 23.08 "DAL" "" "KCK" "W" 9 0 24 0.557 0.556 NA NA NA NA NA NA NA NA NA NA NA NA
"71" "71" 1982-03-27 23.08 "DAL" "" "ATL" "L" -11 0 25 0.559 0.444 NA NA NA NA NA NA NA NA NA NA NA NA
"72" "72" 1982-03-30 23.09 "DAL" "@" "HOU" "L" -4 0 31 0.494 0.429 NA NA NA NA NA NA NA NA NA NA NA NA
"73" "73" 1982-03-31 23.09 "DAL" "" "DEN" "L" -1 0 19 0.541 0.429 NA NA NA NA NA NA NA NA NA NA 6.7 NA
"74" "74" 1982-04-01 23.09 "DAL" "@" "DET" "W" 1 0 23 0.688 0.6 NA NA NA NA NA NA NA NA NA NA NA NA
"75" "75" 1982-04-03 23.1 "DAL" "" "GSW" "L" -5 0 29 0.538 0.538 NA NA NA NA NA NA NA NA NA NA 8.7 NA
"76" "76" 1982-04-06 23.11 "DAL" "@" "UTA" "L" -15 0 24 0.563 0.5 NA NA NA NA NA NA NA NA NA NA NA NA
"77" "77" 1982-04-07 23.11 "DAL" "" "UTA" "W" 14 0 24 0.651 0.667 NA NA NA NA NA NA NA NA NA NA NA NA
"78" "78" 1982-04-09 23.12 "DAL" "" "PHO" "W" 5 0 25 0.667 0.667 NA NA NA NA NA NA NA NA NA NA 14.6 NA
"79" "79" 1982-04-11 23.12 "DAL" "" "HOU" "W" 12 0 27 0.4 0.286 NA NA NA NA NA NA NA NA NA NA NA NA
"80" "80" 1982-04-14 23.13 "DAL" "@" "KCK" "L" -19 1 28 0.621 0.583 NA NA NA NA NA NA NA NA NA NA NA NA
"81" "81" 1982-04-16 23.13 "DAL" "" "SAS" "L" -12 0 26 0.487 0.364 NA NA NA NA NA NA NA NA NA NA NA NA
"82" "82" 1982-04-17 23.14 "DAL" "@" "DEN" "L" -6 0 25 0.795 0.727 NA NA NA NA NA NA NA NA NA NA 17 NA
"1" "1" 1982-10-29 23.67 "DAL" "@" "DEN" "W" 8 1 24 0.673 0.667 NA NA NA NA NA NA NA NA NA NA NA NA
"2" "2" 1982-10-30 23.67 "DAL" "" "UTA" "L" -5 1 38 0.533 0.529 NA NA NA NA NA NA NA NA NA NA NA NA
"3" "3" 1982-11-02 23.68 "DAL" "@" "HOU" "W" 10 1 35 0.681 0.6 NA NA NA NA NA NA NA NA NA NA 16.9 NA
"4" "4" 1982-11-03 23.68 "DAL" "" "HOU" "W" 1 1 28 0.51 0.5 NA NA NA NA NA NA NA NA NA NA 8.6 NA
"5" "5" 1982-11-05 23.69 "DAL" "@" "KCK" "W" 5 1 26 0.781 0.667 NA NA NA NA NA NA NA NA NA NA NA NA
"6" "6" 1982-11-06 23.69 "DAL" "" "PHO" "L" -12 1 30 0.514 0.4 NA NA NA NA NA NA NA NA NA NA 10.9 NA
"7" "7" 1982-11-10 23.7 "DAL" "" "SEA" "L" -3 1 30 0.692 0.692 NA NA NA NA NA NA NA NA NA NA 11.7 NA
"8" "8" 1982-11-12 23.71 "DAL" "@" "BOS" "L" -8 1 28 0.631 0.571 NA NA NA NA NA NA NA NA NA NA 14.6 NA
"9" "9" 1982-11-13 23.71 "DAL" "" "DEN" "L" -10 1 30 0.685 0.643 NA NA NA NA NA NA NA NA NA NA NA NA
"10" "10" 1982-11-17 23.72 "DAL" "" "LAL" "W" 1 1 32 0.636 0.611 NA NA 8.8 10.9 NA NA NA NA NA NA 16.3 NA
"11" "11" 1982-11-20 23.73 "DAL" "" "KCK" "L" -7 1 33 0.435 0.308 NA NA NA NA NA NA NA NA NA NA NA NA
"12" "12" 1982-11-24 23.74 "DAL" "" "CHI" "W" 6 1 34 0.922 0.917 NA NA 5.3 23.9 NA 3.2 NA NA NA NA 28.1 NA
"13" "13" 1982-11-27 23.75 "DAL" "" "SAS" "L" -1 1 31 0.498 0.375 NA NA 6 18.4 NA 3.4 NA NA NA NA NA NA
"14" "14" 1982-11-30 23.76 "DAL" "@" "DEN" "W" 11 1 29 0.682 0.636 NA NA NA NA NA NA NA NA NA NA 16.9 NA
"15" "15" 1982-12-02 23.76 "DAL" "" "GSW" "W" 10 1 33 0.656 0.667 NA NA NA NA NA NA NA NA NA NA 19.8 NA
"16" "16" 1982-12-04 23.77 "DAL" "" "WSB" "L" -10 1 36 0.54 0.467 NA NA 16.9 26.1 NA NA NA NA NA NA NA NA
"17" "17" 1982-12-07 23.78 "DAL" "@" "SAS" "L" -14 1 30 0.497 0.5 NA NA NA NA NA NA NA NA NA NA 10.4 NA
"18" "18" 1982-12-08 23.78 "DAL" "" "SEA" "W" 16 1 36 0.654 0.632 NA NA NA NA NA NA NA NA NA NA 22 NA
"19" "19" 1982-12-10 23.79 "DAL" "@" "DET" "W" 1 1 38 0.433 0.4 NA NA NA NA NA NA NA NA NA NA NA NA
"20" "20" 1982-12-11 23.79 "DAL" "" "SDC" "W" 6 1 41 0.615 0.556 NA NA NA NA NA NA NA NA NA NA NA NA
"21" "21" 1982-12-14 23.8 "DAL" "@" "GSW" "L" -9 1 37 0.577 0.523 NA NA NA NA NA NA NA NA NA NA 24 NA
"22" "22" 1982-12-16 23.8 "DAL" "@" "SEA" "L" -10 1 32 0.584 0.455 NA NA NA NA NA NA NA NA NA NA 9.9 NA
"23" "23" 1982-12-18 23.81 "DAL" "@" "POR" "L" -3 1 37 0.479 0.45 NA NA 12.6 22.1 NA 0 8.7 NA NA NA 15 NA
"24" "24" 1982-12-19 23.81 "DAL" "@" "LAL" "L" -2 1 36 0.568 0.545 NA NA 2.8 8.3 NA NA NA NA NA NA 11.8 NA
"25" "25" 1982-12-21 23.82 "DAL" "@" "SDC" "W" 3 1 40 0.581 0.5 NA NA NA NA NA NA NA NA NA NA 16.7 NA
"26" "26" 1982-12-23 23.82 "DAL" "@" "PHO" "L" -19 1 33 0.537 0.467 NA NA NA NA NA NA NA NA NA NA 9.8 NA
"27" "27" 1982-12-29 23.84 "DAL" "" "PHI" "L" -10 1 24 0.505 0.5 NA NA 1.9 14.4 NA 5.8 NA NA NA NA 9 NA
"28" "28" 1982-12-30 23.84 "DAL" "@" "MIL" "L" -12 1 25 0.484 0.462 NA NA 2.3 12.2 NA 0 6.9 NA NA NA NA NA
"29" "29" 1983-01-01 23.85 "DAL" "@" "NJN" "L" -6 1 40 0.56 0.529 NA NA 4.7 3.8 NA NA NA NA NA NA NA NA
"30" "30" 1983-01-04 23.85 "DAL" "@" "WSB" "L" -8 1 32 0.252 0.231 NA NA 1.6 16.4 NA NA NA NA NA NA 1.1 NA
"31" "31" 1983-01-05 23.86 "DAL" "" "SAS" "W" 5 1 33 0.854 0.692 NA NA 5.8 11.5 NA 0 NA NA NA NA 35.5 NA
"32" "32" 1983-01-07 23.86 "DAL" "@" "ATL" "L" -8 1 38 0.61 0.417 NA NA NA NA NA NA NA NA NA NA NA NA
"33" "33" 1983-01-08 23.87 "DAL" "" "BOS" "L" -4 1 42 0.535 0.5 NA NA NA NA NA NA NA NA NA NA NA NA
"34" "34" 1983-01-11 23.87 "DAL" "@" "SAS" "L" -8 1 32 0.483 0.375 NA NA 8.9 22.2 NA 0 NA NA NA NA 11.4 NA
"35" "35" 1983-01-12 23.88 "DAL" "" "SDC" "W" 2 1 26 0.637 0.571 NA NA NA NA NA NA NA NA NA NA 19.9 NA
"36" "36" 1983-01-14 23.88 "DAL" "" "DEN" "W" 10 1 35 0.802 0.778 NA NA NA NA NA NA NA NA NA NA NA NA
"37" "37" 1983-01-22 23.9 "DAL" "" "UTA" "W" 38 0 17 0.518 0.4 NA NA NA NA NA NA NA NA NA NA NA NA
"38" "38" 1983-01-25 23.91 "DAL" "@" "IND" "W" 8 1 17 0.255 0.2 NA NA NA NA NA NA NA NA NA NA 0.5 NA
"39" "39" 1983-01-26 23.92 "DAL" "@" "KCK" "W" 10 1 20 0.483 0.375 NA NA 4.8 12.7 NA NA NA NA NA NA 5.8 NA
"40" "40" 1983-01-28 23.92 "DAL" "" "NJN" "L" -5 1 21 0.313 0.313 NA NA NA NA NA NA NA NA NA NA 1.2 NA
"41" "41" 1983-01-29 23.92 "DAL" "" "HOU" "W" 6 1 37 0.628 0.588 NA NA NA NA NA NA NA NA NA NA NA NA
"42" "42" 1983-02-02 23.93 "DAL" "" "LAL" "W" 2 1 39 0.484 0.444 NA NA 12.6 6.1 NA NA NA NA NA NA 15.2 NA
"43" "43" 1983-02-04 23.94 "DAL" "" "NYK" "L" -19 1 38 0.64 0.5 NA NA NA NA NA NA NA NA NA NA NA NA
"44" "44" 1983-02-06 23.95 "DAL" "@" "POR" "W" 7 1 32 0.421 0.286 NA NA 8.8 11.3 NA 0 19.4 NA NA NA 3.3 NA
"45" "45" 1983-02-08 23.95 "DAL" "@" "PHO" "W" 12 1 38 0.537 0.467 NA NA NA NA NA NA NA NA NA NA 13.6 NA
"46" "46" 1983-02-09 23.95 "DAL" "" "DET" "W" 9 1 36 0.506 0.471 NA NA NA NA NA NA NA NA NA NA 12.4 NA
"47" "47" 1983-02-16 23.97 "DAL" "@" "CLE" "L" -3 1 35 0.528 0.444 NA NA NA NA NA NA NA NA NA NA 13.4 NA
"48" "48" 1983-02-17 23.98 "DAL" "" "LAL" "L" -17 1 33 0.521 0.441 NA NA 6.1 0 NA NA NA NA NA NA 9.8 NA
"49" "49" 1983-02-19 23.98 "DAL" "" "ATL" "W" 22 1 27 0.68 0.632 NA NA NA NA NA NA NA NA NA NA NA NA
"50" "50" 1983-02-20 23.98 "DAL" "@" "CHI" "L" -13 1 44 0.55 0.524 NA NA 8.3 26.4 NA NA NA NA NA NA 22.7 NA
"51" "51" 1983-02-22 23.99 "DAL" "@" "NYK" "L" -2 1 32 0.622 0.571 NA NA NA NA NA NA NA NA NA NA 3.9 NA
"52" "52" 1983-02-23 23.99 "DAL" "@" "PHI" "L" -32 1 28 0.288 0.231 NA NA 1.5 4.7 NA 0 NA NA NA NA 1.1 NA
"53" "53" 1983-03-04 24.02 "DAL" "" "MIL" "L" -6 0 17 0.25 0.25 NA NA 0 21.6 NA NA 20 NA NA NA 0.3 NA
"54" "54" 1983-03-05 24.02 "DAL" "" "CLE" "L" -7 0 18 0.383 0.4 NA NA NA NA NA NA NA NA NA NA 1.6 NA
"55" "55" 1983-03-08 24.03 "DAL" "" "PHO" "W" 21 0 24 0.349 0.333 NA NA NA NA NA NA NA NA NA NA 5.2 NA
"56" "56" 1983-03-09 24.03 "DAL" "@" "KCK" "L" -16 0 28 0.504 0.462 NA NA NA NA NA NA NA NA NA NA 9 NA
"57" "57" 1983-03-11 24.04 "DAL" "@" "UTA" "L" -9 0 18 0.125 0.125 NA NA 0 23 NA 0 NA NA NA NA -1.1 NA
"58" "58" 1983-03-13 24.04 "DAL" "" "SDC" "W" 9 0 22 0.359 0.25 NA NA 10.9 28.2 NA 0 NA NA NA NA 6.5 NA
"59" "59" 1983-03-15 24.05 "DAL" "@" "HOU" "W" 13 0 26 0.432 0.4 NA NA NA NA NA NA NA NA NA NA 7.3 NA
"60" "60" 1983-03-17 24.05 "DAL" "" "IND" "W" 15 0 32 0.598 0.529 NA NA 17.2 9.5 NA NA NA NA NA NA 20.6 NA
"61" "61" 1983-03-19 24.06 "DAL" "@" "PHO" "L" -3 0 36 0.489 0.462 NA NA NA NA NA NA NA NA NA NA 8.4 NA
"62" "62" 1983-03-20 24.06 "DAL" "@" "LAL" "L" -7 0 25 0.46 0.4 NA NA 4.2 9.5 NA NA NA NA NA NA 5.6 NA
"63" "63" 1983-03-22 24.07 "DAL" "" "GSW" "W" 9 0 27 0.682 0.647 NA NA 1.7 7.6 NA NA NA NA NA NA 18.9 NA
"64" "64" 1983-03-24 24.07 "DAL" "@" "SDC" "W" 5 0 32 0.64 0.571 NA NA 13.8 4.7 NA 1.6 NA NA NA NA 16.2 NA
"65" "65" 1983-03-26 24.08 "DAL" "" "KCK" "L" -3 1 32 0.541 0.429 NA NA NA NA NA NA NA NA NA NA NA NA
"66" "66" 1983-03-29 24.08 "DAL" "@" "GSW" "L" -3 1 29 0.5 0.5 NA NA NA NA NA NA NA NA NA NA 4.8 NA
"67" "67" 1983-03-30 24.09 "DAL" "@" "UTA" "L" -14 1 29 0.46 0.4 NA NA 8.8 0 NA 0 NA NA NA NA 5.7 NA
"68" "68" 1983-04-01 24.09 "DAL" "@" "SEA" "L" -6 1 30 0.389 0.389 NA NA NA NA NA NA NA NA NA NA 8.8 NA
"69" "69" 1983-04-02 24.1 "DAL" "@" "POR" "L" -12 1 39 0.481 0.455 NA NA 3.4 8.9 NA 0 4.2 NA NA NA 12.4 NA
"70" "70" 1983-04-06 24.11 "DAL" "" "HOU" "L" -2 1 35 0.533 0.5 NA NA NA NA NA NA NA NA NA NA 11.3 NA
"71" "71" 1983-04-08 24.11 "DAL" "" "DEN" "L" -17 1 36 0.432 0.4 NA NA NA NA NA NA NA NA NA NA NA NA
"72" "72" 1983-04-09 24.12 "DAL" "@" "SAS" "W" 11 1 35 0.545 0.556 NA NA NA NA NA NA NA NA NA NA NA NA
"73" "73" 1983-04-13 24.13 "DAL" "" "UTA" "W" 7 1 24 0.388 0.333 NA NA 6.7 9.8 NA 0 NA NA NA NA 3.4 NA
"74" "74" 1983-04-15 24.13 "DAL" "@" "DEN" "L" -11 1 37 0.5 0.5 NA NA NA NA NA NA NA NA NA NA NA NA
"75" "75" 1983-04-16 24.13 "DAL" "" "SAS" "L" -12 1 30 0.479 0.421 NA NA NA NA NA NA NA NA NA NA NA NA
"1" "1" 1983-10-29 24.67 "DAL" "" "PHO" "W" 17 1 35 0.591 0.5 6.5 7 6.8 4.1 1.3 0 4.2 27.1 129 106 19.5 NA
"2" "2" 1983-10-30 24.67 "DAL" "@" "SAS" "L" -22 1 25 0.506 0.5 0 10.7 4.7 5.7 1.8 4.4 8.4 19.1 96 117 6.7 NA
"3" "3" 1983-11-01 24.68 "DAL" "@" "DEN" "W" 6 1 38 0.59 0.563 6.5 0 2.9 6.5 1.2 2.5 5.1 20.7 124 120 17.8 NA
"4" "4" 1983-11-02 24.68 "DAL" "" "POR" "W" 6 1 34 0.444 0.357 3.7 2.6 3.1 3.8 2.8 1.4 24.1 24.7 80 117 3.6 NA
"5" "5" 1983-11-04 24.69 "DAL" "@" "CLE" "L" -21 1 24 0.589 0.545 8.5 9.5 9 0 0 2.3 20.2 26.5 97 115 6.8 NA
"6" "6" 1983-11-05 24.69 "DAL" "" "LAL" "W" 5 1 39 0.443 0.353 8.2 5.6 6.9 6.9 2.5 0 0 19 126 106 13.6 NA
"7" "7" 1983-11-09 24.7 "DAL" "@" "LAL" "L" -14 1 39 0.644 0.563 0 10.7 5.4 5.4 0 0 17.7 23 107 117 12.3 NA
"8" "8" 1983-11-11 24.71 "DAL" "" "SAS" "W" 7 1 38 0.72 0.667 6 0 2.6 18.1 2.6 1.5 4.4 26.2 141 112 28.7 NA
"9" "9" 1983-11-12 24.71 "DAL" "@" "HOU" "L" -2 1 33 0.512 0.412 5.5 14.2 9.3 12.2 6.3 0 0 25.1 124 98 19.5 NA
"10" "10" 1983-11-17 24.72 "DAL" "" "NJN" "W" 2 1 31 0.483 0.5 3.4 0 1.8 20 1.5 1.8 17.7 14.3 100 117 7.3 NA
"11" "11" 1983-11-19 24.73 "DAL" "" "PHO" "W" 9 1 38 0.476 0.421 7.6 5.9 6.8 21.1 0 0 0 22.8 130 115 16.6 NA
"12" "12" 1983-11-22 24.74 "DAL" "" "SAS" "W" 1 1 35 0.64 0.636 7.4 3 5 9.9 0 0 7.6 31.3 121 120 20.7 NA
"13" "13" 1983-11-25 24.75 "DAL" "" "KCK" "W" 2 1 37 0.602 0.588 8.3 18.9 13.7 13.4 1.3 1.5 22.3 24.2 97 93 16.1 NA
"14" "14" 1983-11-26 24.75 "DAL" "" "GSW" "W" 6 1 29 0.507 0.467 10.3 19.2 15.4 9.1 1.6 0 10.7 26.8 104 104 11 NA
"15" "15" 1983-11-30 24.76 "DAL" "" "HOU" "W" 11 1 38 0.689 0.667 5.6 23.7 14.9 13.1 0 1.4 13.7 22.1 120 97 22.1 NA
"16" "16" 1983-12-02 24.76 "DAL" "@" "LAL" "W" 15 1 29 0.543 0.5 0 3.4 1.8 15.4 0 0 18.9 21.4 100 115 6.9 NA
"17" "17" 1983-12-03 24.77 "DAL" "" "CHI" "W" 10 1 34 0.589 0.545 3.9 11.8 7.8 22.6 1.5 0 14.4 17.7 118 106 13.5 NA
"18" "18" 1983-12-06 24.78 "DAL" "@" "KCK" "L" -9 1 23 0.129 0 5.2 0 2.6 25.5 0 0 34 10.8 63 128 0.7 NA
"19" "19" 1983-12-07 24.78 "DAL" "" "WSB" "L" -2 1 34 0.498 0.412 3.1 12.8 7.2 19.5 3 0 4.7 27.1 111 119 16.2 NA
"20" "20" 1983-12-09 24.78 "DAL" "@" "SEA" "L" -8 1 28 0.455 0.364 13.9 23.8 18.8 11.4 0 2 13.2 20.3 107 120 8.7 NA
"21" "21" 1983-12-10 24.79 "DAL" "@" "GSW" "W" 3 1 40 0.552 0.5 12.3 13 12.7 17.1 0 0 4.2 24.3 134 122 20.6 NA
"22" "22" 1983-12-11 24.79 "DAL" "@" "SDC" "L" -2 1 35 0.576 0.538 0 6.5 3.1 11 0 0 12.6 18.7 115 128 10 NA
"23" "23" 1983-12-14 24.8 "DAL" "" "IND" "W" 8 1 35 0.599 0.5 11.1 13.4 12.3 7.5 2.8 0 5.4 22.3 132 108 18.5 NA
"24" "24" 1983-12-16 24.8 "DAL" "@" "MIL" "L" -5 1 40 0.497 0.458 2.6 3.2 2.9 8 2.6 0 6.2 16.8 107 118 9.2 NA
"25" "25" 1983-12-17 24.81 "DAL" "@" "CHI" "L" -18 1 29 0.375 0.375 0 9.7 3.9 23.6 0 2.2 0 22.6 83 107 5.8 NA
"26" "26" 1983-12-20 24.81 "DAL" "@" "DET" "L" -12 1 28 0.6 0.6 0 18.2 10.6 17.3 0 0 9.1 16.7 112 116 10 NA
"27" "27" 1983-12-22 24.82 "DAL" "@" "NJN" "L" -3 1 35 0.44 0.375 6.1 3.1 4.6 12.9 2.5 1.6 9.9 23 89 93 10.5 NA
"28" "28" 1983-12-27 24.83 "DAL" "@" "ATL" "L" -3 1 43 0.595 0.5 8.4 6.2 7.1 17.9 2.4 2.4 20.3 14.3 124 120 16.2 NA
"29" "29" 1983-12-28 24.84 "DAL" "" "SDC" "W" 17 1 34 0.482 0.474 23 9 16.2 4.4 0 1.6 4.6 25.5 115 99 16.4 NA
"30" "30" 1983-12-30 24.84 "DAL" "" "BOS" "L" -5 1 49 0.663 0.609 2.4 3 2.7 11.2 0 0 10.5 25.8 123 117 22.4 NA
"31" "31" 1984-01-03 24.85 "DAL" "@" "HOU" "W" 2 1 40 0.714 0.611 5.7 15 10.2 3.9 1.1 0 8.2 21.9 152 108 26.4 NA
"32" "32" 1984-01-04 24.85 "DAL" "" "SEA" "W" 3 1 38 0.681 0.625 3.8 5 4.5 13.4 0 0 17.3 27.8 119 118 16.6 NA
"33" "33" 1984-01-06 24.86 "DAL" "@" "SDC" "W" 17 1 39 0.732 0.7 7.2 10.9 9.3 17.7 0 0 3.8 28.4 154 114 32.1 NA
"34" "34" 1984-01-07 24.86 "DAL" "@" "DEN" "L" -24 1 27 0.322 0.167 0 18.5 8.2 16.8 0 0 11.4 11.2 83 123 4.1 NA
"35" "35" 1984-01-10 24.87 "DAL" "@" "KCK" "L" -10 1 36 0.542 0.526 12.1 0 6.8 0 0 0 8.6 24.1 119 126 13.2 NA
"36" "36" 1984-01-11 24.87 "DAL" "" "UTA" "W" 15 1 38 0.708 0.688 0 3 1.5 11.1 1.1 0 17.3 23.6 116 98 18.4 NA
"37" "37" 1984-01-13 24.88 "DAL" "" "POR" "W" 3 1 38 0.502 0.48 3.5 9.7 7.2 32.9 0 1.4 3.7 29.2 110 108 18.6 NA
"38" "38" 1984-01-15 24.88 "DAL" "" "DEN" "W" 19 1 35 0.504 0.375 8.8 17.1 13 12.3 1.3 1.4 12.6 24.8 112 96 16.4 NA
"39" "39" 1984-01-17 24.89 "DAL" "@" "POR" "L" -7 1 37 0.714 0.611 4.1 9.3 6.5 21.1 0 0 3.7 32.7 152 129 30.6 NA
"40" "40" 1984-01-18 24.89 "DAL" "@" "SEA" "L" -7 1 40 0.533 0.421 3.4 3.9 3.6 20.4 0 0 4.3 27.2 112 122 17 NA
"41" "41" 1984-01-20 24.9 "DAL" "" "UTA" "L" -7 1 41 0.472 0.438 2.5 13.9 7.9 23.5 1.1 0 13.6 21.5 98 116 13.4 NA
"42" "42" 1984-01-21 24.9 "DAL" "@" "IND" "W" 7 1 44 0.775 0.778 0 13.3 7.7 10 0 0 12.7 21.7 139 109 24.8 NA
"43" "43" 1984-01-24 24.91 "DAL" "@" "UTA" "W" 8 1 42 0.738 0.706 0 10.7 4.9 26.7 1.1 0 9.2 20.8 142 113 26.6 NA
"44" "44" 1984-01-25 24.91 "DAL" "" "GSW" "W" 2 1 47 0.593 0.583 8.3 13.1 10.7 19.2 1 1.3 7.6 24.5 115 98 24.9 NA
"45" "45" 1984-02-01 24.93 "DAL" "" "NYK" "L" -7 1 42 0.607 0.556 0 7.6 3.3 17.2 0 0 13.2 23.7 115 119 14.6 NA
"46" "46" 1984-02-02 24.93 "DAL" "@" "HOU" "L" -16 1 35 0.666 0.647 3.5 3 3.3 30.6 0 0 13.8 26.8 121 129 18.1 NA
"47" "47" 1984-02-03 24.94 "DAL" "" "DEN" "L" -3 1 41 0.553 0.526 0 15.8 6.5 10.5 1.1 0 13.1 21.3 100 110 14.3 NA
"48" "48" 1984-02-05 24.94 "DAL" "@" "SEA" "L" -8 1 40 0.605 0.571 3.3 16 10.4 12.7 0 0 11.8 20.5 108 113 13.2 NA
"49" "49" 1984-02-07 24.95 "DAL" "@" "POR" "L" -16 1 34 0.673 0.636 0 20.2 11.1 23.4 0 1.8 29.6 22.2 97 103 11.4 NA
"50" "50" 1984-02-08 24.95 "DAL" "@" "DEN" "W" 6 1 41 0.672 0.588 12 19.1 15.7 12.9 2.3 0 13 23 133 109 25.4 NA
"51" "51" 1984-02-10 24.96 "DAL" "" "KCK" "W" 19 1 36 0.594 0.556 3.2 8.7 6.1 14.2 0 3.1 12.9 27 117 107 17.4 NA
"52" "52" 1984-02-11 24.96 "DAL" "@" "PHO" "L" -19 1 37 0.671 0.615 3.3 0 1.6 18.1 0 0 20.4 24.1 111 120 13 NA
"53" "53" 1984-02-15 24.97 "DAL" "" "PHI" "W" 3 1 52 0.767 0.692 5.6 12.7 9.3 15.9 1 0 19.1 18.8 132 102 23 NA
"54" "54" 1984-02-17 24.98 "DAL" "" "PHO" "W" 6 1 41 0.756 0.647 4 19.5 11.9 13.7 3.7 0 0 26.7 166 122 35.5 NA
"55" "55" 1984-02-18 24.98 "DAL" "" "DET" "L" -5 1 40 0.645 0.563 0 8.4 4.3 3.7 1.2 1.2 0 22.6 144 126 22.5 NA
"56" "56" 1984-02-22 24.99 "DAL" "" "HOU" "W" 6 1 40 0.6 0.542 7.5 16.6 10.9 8.8 0 1.7 12.7 30.7 122 111 22.4 NA
"57" "57" 1984-02-24 24.99 "DAL" "" "MIL" "L" -7 1 37 0.577 0.474 2.8 10.8 6.3 18.3 0 0 11.4 30 115 101 16.8 NA
"58" "58" 1984-02-25 25 "DAL" "@" "UTA" "W" 2 1 36 0.468 0.421 6.2 11.1 8.8 22 1.4 0 12.9 28.8 96 103 11.8 NA
"59" "59" 1984-02-28 25.01 "DAL" "@" "SAS" "W" 12 1 42 0.635 0.619 6.5 7.8 7.2 21.5 0 0 7.8 26.6 131 112 24.5 NA
"60" "60" 1984-02-29 25.01 "DAL" "" "SEA" "L" -3 1 52 0.501 0.421 4.3 11.6 7.8 8.1 1 1.1 4.2 21.2 115 119 17.4 NA
"61" "61" 1984-03-02 25.01 "DAL" "" "KCK" "W" 14 1 33 0.69 0.667 8.3 12.5 10.4 8 1.5 0 12.7 20.2 130 102 15.3 NA
"62" "62" 1984-03-03 25.02 "DAL" "@" "KCK" "L" -2 1 43 0.606 0.556 0 5.3 2.5 7.5 2.2 0 12.7 23.4 111 107 16.6 NA
"63" "63" 1984-03-07 25.03 "DAL" "" "CLE" "W" 12 1 34 0.652 0.625 0 19.7 10.7 4.4 0 1.7 0 22.3 134 108 16.8 NA
"64" "64" 1984-03-09 25.03 "DAL" "" "LAL" "L" -1 1 46 0.423 0.417 5.5 9.2 7.5 6 0 0 12.3 15.3 88 109 6.4 NA
"65" "65" 1984-03-10 25.04 "DAL" "" "GSW" "W" 17 1 38 0.715 0.667 7.4 17.2 13 15 0 1.6 6.2 37.3 143 109 35.3 NA
"66" "66" 1984-03-13 25.04 "DAL" "@" "SAS" "L" -6 1 40 0.43 0.421 0 10.2 5 16.7 1.1 2.5 15.3 26.3 80 112 9.2 NA
"67" "67" 1984-03-14 25.05 "DAL" "" "SDC" "W" 4 1 38 0.515 0.5 2.7 2.9 2.8 17.6 1.3 0 5.1 22.5 108 106 13.4 NA
"68" "68" 1984-03-17 25.05 "DAL" "@" "UTA" "L" -15 1 35 0.628 0.55 2.4 13.4 7 0 0 0 4.2 26.5 128 119 19.9 NA
"69" "69" 1984-03-21 25.07 "DAL" "" "ATL" "W" 1 1 42 0.693 0.684 14.3 6.2 10.4 12.6 1.4 0 8.5 26.1 140 122 26.3 NA
"70" "70" 1984-03-23 25.07 "DAL" "" "HOU" "W" 12 1 34 0.698 0.692 4.7 0 2.1 8 1.5 1.7 6.5 20 130 112 15.7 NA
"71" "71" 1984-03-24 25.07 "DAL" "" "DEN" "W" 18 1 43 0.804 0.762 2.8 10.9 6.9 15.9 2.2 1.6 11.3 25.2 150 101 34.4 NA
"72" "72" 1984-03-27 25.08 "DAL" "@" "NYK" "L" -9 1 37 0.472 0.417 3.4 6 4.8 8.8 0 1.6 26.7 23.4 77 113 3.4 NA
"73" "73" 1984-03-28 25.08 "DAL" "@" "BOS" "L" -7 1 35 0.6 0.588 8.8 8.6 8.7 20.6 1.5 0 14.1 25.2 119 125 17.1 NA
"74" "74" 1984-03-30 25.09 "DAL" "@" "PHI" "L" -8 1 41 0.724 0.692 0 3.3 1.5 7.9 1.2 1.3 6.2 17.6 142 129 17.7 NA
"75" "75" 1984-04-01 25.1 "DAL" "@" "WSB" "L" -4 1 37 0.64 0.563 4.1 7.2 5.7 13.7 0 1.6 0 25.5 138 116 20.7 NA
"76" "76" 1984-04-03 25.1 "DAL" "" "POR" "L" -3 1 42 0.51 0.438 3 13.9 8.7 15.2 2.5 1.4 17.7 25 95 97 12.7 NA
"77" "77" 1984-04-06 25.11 "DAL" "" "SAS" "W" 13 1 38 0.659 0.579 3.1 3.5 3.3 21.6 0 3.2 7.6 27.7 135 115 26.9 NA
"78" "78" 1984-04-07 25.11 "DAL" "" "UTA" "W" 9 1 38 0.638 0.636 5 11.5 8 14.4 0 0 7.4 28.7 129 106 22.5 NA
"79" "79" 1984-04-10 25.12 "DAL" "@" "SDC" "W" 2 1 41 0.421 0.286 3.2 3.7 3.4 29 0 0 0 17.7 121 123 13.8 NA
"80" "80" 1984-04-12 25.13 "DAL" "@" "PHO" "L" -1 1 39 0.64 0.632 8.2 10.3 9.3 25.2 0 0 9 26.3 129 132 21.9 NA
"81" "81" 1984-04-13 25.13 "DAL" "@" "LAL" "W" 1 1 34 0.606 0.636 3.2 6.4 4.8 14.1 0 0 7 18.4 119 117 11.9 NA
"1" "1" 1984-10-27 25.67 "DAL" "" "HOU" "L" -10 1 37 0.444 0.357 0 10.2 5.3 11.6 0 0 0 19 102 125 9.2 -5.1
"2" "2" 1984-10-28 25.67 "DAL" "" "LAL" "W" 11 1 37 0.424 0.346 3.3 21.1 12.7 3.8 4 0 10.8 20.9 90 93 9 -0.3
"3" "3" 1984-10-30 25.68 "DAL" "@" "HOU" "L" -22 1 32 0.571 0.5 0 8.7 4.7 14.6 0 0 11.3 24.8 110 119 10.9 2.1
"4" "4" 1984-10-31 25.68 "DAL" "@" "IND" "W" 1 1 39 0.664 0.667 2.4 10 6.2 19.5 1.2 4.3 12.5 25.9 116 98 23 10.2
"5" "5" 1984-11-02 25.68 "DAL" "@" "PHI" "L" -4 1 39 0.45 0.375 2.7 5.5 4.1 9.9 0 1.4 18.4 11.3 92 112 5.3 -5.1
"6" "6" 1984-11-03 25.69 "DAL" "" "PHO" "L" -12 1 30 0.567 0.533 7.4 14.9 11.2 14.4 0 0 20.1 29.3 98 114 10.7 -1.3
"7" "7" 1984-11-06 25.7 "DAL" "" "NYK" "W" 3 1 33 0.658 0.583 3.6 15.5 10 15.1 1.5 0 20 24.6 114 104 15.1 3.7
"8" "8" 1984-11-08 25.7 "DAL" "" "ATL" "W" 7 1 43 0.55 0.455 13 9.9 11.5 17.2 1.2 0 12.8 30.1 115 103 22.2 5.6
"9" "9" 1984-11-10 25.71 "DAL" "" "SEA" "W" 4 1 38 0.563 0.563 7.9 0 3.8 24 1.4 0 11.1 20.9 124 114 14.6 4.5
"10" "10" 1984-11-12 25.71 "DAL" "@" "UTA" "L" -26 1 33 0.391 0.353 11.4 10.4 10.9 12.4 0 0 21.9 26.3 77 121 5.3 -7.5
"11" "11" 1984-11-13 25.72 "DAL" "@" "POR" "W" 7 1 29 0.306 0.273 0 3.7 1.9 8.7 1.7 0 8 19.1 68 102 2.2 -7.6
"12" "12" 1984-11-15 25.72 "DAL" "@" "GSW" "L" -5 1 32 0.429 0.429 0 3.9 1.9 8.7 0 0 0 28.3 92 124 7.4 -8.7
"13" "13" 1984-11-17 25.73 "DAL" "" "DET" "L" -14 1 36 0.69 0.667 0 17.2 8.3 21.4 0 0 6.8 17.9 137 123 16.6 2.4
"14" "14" 1984-11-20 25.73 "DAL" "" "MIL" "W" 1 1 38 0.343 0.333 11.5 3.1 7.4 29.6 1.3 0 0 24.8 100 116 12.4 -1.2
"15" "15" 1984-11-24 25.75 "DAL" "" "HOU" "W" 18 1 43 0.647 0.588 6.3 5.9 6.1 17 0 0 9.1 19.8 134 100 21.1 6.3
"16" "16" 1984-11-27 25.75 "DAL" "" "BOS" "L" -15 1 37 0.476 0.429 4.6 4.2 4.4 4.2 0 0 0 17.7 115 127 9.6 -2.8
"17" "17" 1984-11-29 25.76 "DAL" "@" "SAS" "L" -8 1 37 0.474 0.429 8.8 4.1 6.8 11.7 0 0 7.9 28.9 102 128 12.2 -5
"18" "18" 1984-11-30 25.76 "DAL" "" "SEA" "W" 10 1 39 0.586 0.529 3.2 5.2 4.3 17.6 0 0 9.2 25.1 116 109 16.7 -0.2
"19" "19" 1984-12-05 25.78 "DAL" "" "LAC" "L" -4 1 38 0.569 0.556 3.2 3.7 3.4 15.6 1.4 0 8.3 27.2 119 123 16.4 1.6
"20" "20" 1984-12-06 25.78 "DAL" "@" "NYK" "W" 29 1 31 0.645 0.6 3.9 8.6 6.1 12.3 0 0 6.7 21 134 97 14.2 2.2
"21" "21" 1984-12-08 25.78 "DAL" "@" "CHI" "L" -2 1 30 0.363 0.231 3.6 3.7 3.6 9.6 0 0 5.7 25.7 84 112 3.9 -10.3
"22" "22" 1984-12-12 25.79 "DAL" "" "KCK" "W" 9 1 36 0.629 0.632 9.1 0 4.7 7.4 0 0 9.1 25 125 116 17.2 -0.3
"23" "23" 1984-12-14 25.8 "DAL" "" "SAS" "W" 17 1 36 0.608 0.55 6.2 7.5 6.9 25.5 3.7 0 8.3 26.1 127 95 24.9 9.1
"24" "24" 1984-12-15 25.8 "DAL" "@" "HOU" "L" -2 1 34 0.692 0.611 3.9 3.4 3.7 10.7 1.4 0 15.2 33.9 120 118 20.6 1.3
"25" "25" 1984-12-18 25.81 "DAL" "@" "MIL" "L" -14 1 38 0.726 0.615 0 8.2 3.9 10.1 1.2 0 15.4 19.9 131 113 18 6.5
"26" "26" 1984-12-21 25.82 "DAL" "@" "DEN" "L" -23 1 29 0.273 0.273 0 3.7 1.7 10.7 1.6 0 0 15.7 66 115 1.8 -6.5
"27" "27" 1984-12-22 25.82 "DAL" "@" "UTA" "W" 17 1 37 0.417 0.417 5.3 0 2.7 6.6 1.3 0 0 13.1 103 101 7.4 -2.5
"28" "28" 1984-12-26 25.83 "DAL" "" "LAC" "W" 6 1 38 0.487 0.471 2.7 3 2.8 23.3 1.2 0 8.9 24.4 106 118 14.2 -2.4
"29" "29" 1984-12-28 25.84 "DAL" "@" "PHO" "W" 14 1 30 0.441 0.4 0 16 8.6 13.6 1.6 0 11.2 26.6 86 109 8.2 -6.3
"30" "30" 1984-12-29 25.84 "DAL" "" "UTA" "L" -2 1 34 0.735 0.7 2.9 3.8 3.3 20.8 0 0 8.4 15.4 142 112 14.2 3.9
"31" "31" 1985-01-03 25.85 "DAL" "@" "SAS" "L" -1 1 32 0.493 0.385 3.1 0 1.7 18.1 1.6 0 0 20.3 118 123 11.9 -1.6
"32" "32" 1985-01-05 25.86 "DAL" "" "KCK" "W" 28 1 28 0.951 0.857 4.8 8.2 6.6 20.5 0 0 0 15 205 113 21.1 9.9
"33" "33" 1985-01-07 25.87 "DAL" "@" "SEA" "W" 18 1 32 0.771 0.727 0 3.7 1.7 14.5 0 0 7.5 19 148 102 15.5 5.6
"34" "34" 1985-01-08 25.87 "DAL" "@" "POR" "W" 6 1 34 0.498 0.346 0 8.3 4 24 1.5 0 15.7 24.8 106 112 10.9 -0.6
"35" "35" 1985-01-10 25.87 "DAL" "@" "KCK" "W" 7 1 36 0.586 0.55 5.7 9.4 7.4 13.1 1.5 0 11.9 29.7 116 113 18.4 2.1
"36" "36" 1985-01-11 25.88 "DAL" "" "LAL" "L" -19 1 31 0.46 0.4 6.5 4.8 5.8 20.8 0 0 5.8 24.8 108 135 10.4 -2.2
"37" "37" 1985-01-13 25.88 "DAL" "" "POR" "W" 23 1 28 0.551 0.5 4 8.2 6.1 22.9 1.7 0 21.6 19.8 109 104 9.8 0.7
"38" "38" 1985-01-15 25.89 "DAL" "@" "GSW" "W" 45 1 29 0.735 0.692 10.3 3 5.6 11.3 4.8 0 6 23.2 154 99 22.5 10
"39" "39" 1985-01-18 25.9 "DAL" "@" "LAL" "L" -18 1 36 0.461 0.273 8.2 3.5 6.1 16.7 2.6 0 19.7 22.8 91 107 9.7 -0.4
"40" "40" 1985-01-19 25.9 "DAL" "@" "LAC" "W" 1 1 40 0.601 0.526 3.3 12.3 8 10 0 0 18.8 28.5 105 111 15 -0.6
"41" "41" 1985-01-23 25.91 "DAL" "" "SAS" "W" 12 1 34 0.672 0.647 8.8 4.4 6.6 34.8 2.9 0 4.7 26.4 148 114 27 12.2
"42" "42" 1985-01-24 25.91 "DAL" "@" "WSB" "L" -1 1 38 0.308 0.308 0 2.5 1.3 18.6 0 2.9 7.1 17.3 70 104 4.3 -3.8
"43" "43" 1985-01-26 25.92 "DAL" "" "NJN" "L" -10 1 43 0.663 0.583 2.4 16.4 8.3 15.3 0 0 24.9 19.3 110 112 13.6 -0.5
"44" "44" 1985-01-28 25.92 "DAL" "" "PHI" "W" 2 1 30 0.8 0.773 8.9 7 7.8 12.7 1.7 0 37.1 28 93 115 10.7 -1.6
"45" "45" 1985-01-31 25.93 "DAL" "@" "DEN" "L" -11 1 37 0.693 0.694 6.2 7.4 6.7 8.3 1.3 1.6 25.7 29.9 104 125 17.1 1.6
"46" "46" 1985-02-01 25.93 "DAL" "" "UTA" "L" -12 1 37 0.508 0.429 2.2 3.2 2.6 4.3 1.3 0 6 18.9 105 127 9.9 -4.8
"47" "47" 1985-02-03 25.94 "DAL" "" "DEN" "W" 8 1 40 0.4 0.4 10.7 7.8 9.2 10.2 1.2 1.5 0 19.7 107 104 12.7 0.8
"48" "48" 1985-02-05 25.95 "DAL" "@" "ATL" "W" 9 1 35 0.357 0.313 0 19.6 11.3 31.2 1.5 1.7 9.9 28.1 85 110 10.1 -6.2
"49" "49" 1985-02-06 25.95 "DAL" "" "GSW" "W" 26 1 32 0.79 0.786 8.8 12.5 10.7 17.4 0 0 10.5 24.4 148 109 23.5 7.8
"50" "50" 1985-02-12 25.96 "DAL" "@" "CLE" "W" 19 1 34 0.758 0.7 4.4 7.2 6 8.8 0 0 0 27 163 111 28.9 9.6
"51" "51" 1985-02-13 25.97 "DAL" "@" "DET" "L" -5 1 39 0.536 0.417 2.3 2.5 2.4 22.8 2.3 0 8.2 24.4 118 119 18.6 3.5
"52" "52" 1985-02-15 25.97 "DAL" "" "PHO" "L" -23 1 36 0.597 0.6 2.7 13.8 6.8 19 1.3 0 23 24.2 99 129 11.9 -1.4
"53" "53" 1985-02-19 25.98 "DAL" "@" "HOU" "W" 9 1 36 0.538 0.438 3.5 5.9 4.8 15.8 2.6 0 13.3 25.8 106 112 15.3 -1
"54" "54" 1985-02-20 25.99 "DAL" "" "POR" "W" 6 1 39 0.705 0.682 2.7 16.1 9.5 15.7 1.2 0 10.5 29.1 130 99 28 11.1
"55" "55" 1985-02-22 25.99 "DAL" "" "WSB" "W" 9 1 34 0.551 0.5 0 21.2 10.7 15.7 1.5 0 8.4 16.2 114 106 11.6 1.4
"56" "56" 1985-02-23 25.99 "DAL" "@" "KCK" "W" 23 1 31 0.654 0.667 12.6 12.4 12.5 38.2 0 1.8 4.6 28.9 137 98 26.2 11.7
"57" "57" 1985-02-26 26 "DAL" "" "UTA" "L" -7 1 35 0.434 0.348 2 2.9 2.4 6.5 1.4 0 3.6 29.4 103 110 11.4 0.6
"58" "58" 1985-03-01 26.01 "DAL" "" "DEN" "L" -1 1 43 0.542 0.45 5.4 7.9 6.6 9.3 2.1 0 4.2 22.2 120 122 20 -0.6
"59" "59" 1985-03-02 26.01 "DAL" "" "LAL" "L" -19 1 28 0.455 0.455 2.9 0 1.9 15.9 3.3 0 15.4 17.2 92 121 6.7 -2.6
"60" "60" 1985-03-04 26.02 "DAL" "@" "PHO" "W" 8 1 38 0.506 0.471 5.5 8.4 6.9 28.6 1.3 0 9.6 22.9 108 102 16.1 3.4
"61" "61" 1985-03-05 26.02 "DAL" "" "IND" "W" 6 1 36 0.654 0.611 3 8.9 5.4 21.9 0 0 4.6 26.2 133 113 21.1 5.6
"62" "62" 1985-03-08 26.03 "DAL" "@" "BOS" "L" -11 1 31 0.571 0.429 0 4.1 2.2 7.1 0 0 9.4 14.8 120 141 6.8 -6.6
"63" "63" 1985-03-10 26.03 "DAL" "@" "NJN" "W" 13 1 40 0.788 0.813 4.1 10.9 8.2 6.6 0 0 14.5 22.2 132 116 20.3 1.6
"64" "64" 1985-03-11 26.04 "DAL" "" "SEA" "W" 3 1 41 0.629 0.5 0 2.9 1.5 10.6 1.2 0 18.2 18.4 110 108 11.6 -2
"65" "65" 1985-03-13 26.04 "DAL" "" "KCK" "W" 18 1 34 0.795 0.818 4.4 15.3 10.9 30.3 0 1.7 13.2 20.1 147 105 22.2 11
"66" "66" 1985-03-15 26.05 "DAL" "" "DEN" "W" 19 1 28 0.877 0.857 0 14.3 7.4 4.2 3.6 4 8.1 18.3 165 108 21 13.2
"67" "67" 1985-03-16 26.05 "DAL" "" "CLE" "L" -7 1 44 0.538 0.5 4.5 0 2.6 16.4 2.2 0 3.8 24.7 119 126 20.3 0.5
"68" "68" 1985-03-18 26.05 "DAL" "@" "DEN" "L" -2 1 36 0.673 0.571 13.3 13.3 13.3 14.1 0 0 10.5 22.8 135 120 19.7 4.4
"69" "69" 1985-03-19 26.06 "DAL" "" "SAS" "W" 7 1 39 0.44 0.375 3.2 10 7.1 18.5 2.6 0 9.9 24.4 90 92 10.3 -3.1
"70" "70" 1985-03-22 26.07 "DAL" "@" "SAS" "W" 9 1 34 0.352 0.316 0 8.3 4.4 16.8 0 0 0 23.1 98 117 6.4 -7.7
"71" "71" 1985-03-23 26.07 "DAL" "" "CHI" "L" -10 1 32 0.385 0.385 3.6 4.8 4.1 9.8 1.7 0 7.1 19.9 84 120 4.9 -4.5
"72" "72" 1985-03-26 26.08 "DAL" "" "GSW" "W" 27 1 32 0.732 0.583 3.9 14.3 9.4 13.8 0 0 5.7 21.1 163 107 22.1 4.6
"73" "73" 1985-03-27 26.08 "DAL" "@" "UTA" "L" -15 1 37 0.393 0.364 6.2 3.3 4.8 8 0 0 14.9 29.5 79 124 4.5 -11.2
"74" "74" 1985-03-29 26.08 "DAL" "@" "LAL" "L" -5 1 31 0.685 0.643 0 16.3 7.4 8.4 1.5 1.7 16.4 24.4 113 112 16.1 3.7
"75" "75" 1985-04-02 26.1 "DAL" "@" "GSW" "W" 6 1 37 0.617 0.556 3.2 0 1.5 11.4 0 0 4.5 24.1 124 119 18 -2.1
"76" "76" 1985-04-05 26.1 "DAL" "" "LAC" "L" -4 1 48 0.596 0.471 4.8 13.8 9 17.4 1 0 4.6 19.7 132 118 21.8 2.3
"77" "77" 1985-04-06 26.11 "DAL" "" "HOU" "L" -12 1 38 0.567 0.4 5.6 2.9 4.2 24 1.3 1.5 20.5 26.9 105 119 14.6 0.2
"78" "78" 1985-04-09 26.12 "DAL" "@" "KCK" "L" -12 1 28 0.578 0.563 4 13.9 8.6 6.5 0 0 10.8 26.6 108 121 10.5 -2.2
"79" "79" 1985-04-11 26.12 "DAL" "@" "SEA" "W" 44 1 28 0.588 0.588 3.7 10.3 7.1 8.8 0 2 0 24 131 84 15.8 4.8
"80" "80" 1985-04-12 26.12 "DAL" "@" "POR" "L" -20 0 18 0.694 0.571 5.2 0 3.1 16 0 0 16.6 25.8 126 127 10.4 4.2
"81" "81" 1985-04-14 26.13 "DAL" "@" "LAC" "W" 4 1 34 0.525 0.5 0 10.1 4.8 0 4.2 0 7.5 32.7 98 90 15.4 3.9
"1" "1" 1985-10-26 26.66 "DAL" "" "SEA" "W" 6 1 36 0.32 0.294 0 7 3.3 19.5 0 0 13.8 25 67 99 1.7 -8
"2" "2" 1985-10-29 26.67 "DAL" "" "LAL" "L" -18 1 35 0.495 0.412 2.5 0 1.5 16.4 3.7 0 0 20.8 111 120 16 3
"3" "3" 1985-11-01 26.68 "DAL" "@" "SAS" "L" -9 1 34 0.635 0.5 6.1 2.9 4.5 5.6 0 0 14.9 31.2 118 113 18 0.9
"4" "4" 1985-11-02 26.68 "DAL" "" "SAC" "W" 6 1 38 0.441 0.4 9.2 2.9 6 17.8 1.2 0 11.2 18.4 102 112 10 -3.2
"5" "5" 1985-11-06 26.69 "DAL" "" "POR" "L" -2 1 36 0.505 0.476 6.3 10.3 8.5 4.7 1.3 0 14.9 31.4 88 109 11.4 -5.7
"6" "6" 1985-11-07 26.7 "DAL" "@" "DEN" "L" -32 1 31 0.399 0.333 2.5 8.9 5.5 0 1.4 0 13.8 15.5 84 120 3.9 -7.3
"7" "7" 1985-11-09 26.7 "DAL" "" "HOU" "L" -5 1 36 0.505 0.455 2.7 3.6 3.1 10 0 1.6 11.2 27.7 107 119 11.9 -4.1
"8" "8" 1985-11-12 26.71 "DAL" "@" "SEA" "L" -19 1 11 0.333 0.333 7.7 10.1 8.7 42.7 8.7 0 40 16.9 65 94 3 4.4
"9" "9" 1985-11-13 26.71 "DAL" "@" "UTA" "W" 15 1 34 0.734 0.739 3.5 4.6 4.2 12.8 2.6 0 3.8 30.6 142 95 30.2 15.3
"10" "10" 1985-11-15 26.72 "DAL" "" "NJN" "W" 12 1 41 0.656 0.619 0 5 2.6 23.6 0 0 4.1 25.5 134 108 24.1 6
"11" "11" 1985-11-16 26.72 "DAL" "@" "HOU" "L" -5 1 40 0.666 0.656 2.9 15 8.9 30 1.2 0 4.9 21.3 136 118 25.7 10.4
"12" "12" 1985-11-19 26.73 "DAL" "" "PHO" "W" 4 1 36 0.739 0.684 0 2.9 1.6 10.4 1.3 0 8.5 26.8 142 123 23.8 6.7
"13" "13" 1985-11-23 26.74 "DAL" "" "IND" "W" 13 1 39 0.486 0.467 2.8 0 1.5 10.7 1.2 0 11.5 18.2 96 105 7.9 -5.3
"14" "14" 1985-11-26 26.75 "DAL" "" "WSB" "W" 13 1 35 0.738 0.7 7.4 9.4 8.5 18.3 2.9 1.8 14.1 18.2 139 102 19.9 11.2
"15" "15" 1985-11-29 26.76 "DAL" "" "SAC" "W" 22 1 30 0.727 0.667 4.4 13.9 9.8 22.6 3 0 16.2 16.2 135 101 16.8 5.7
"16" "16" 1985-11-30 26.76 "DAL" "" "LAC" "W" 9 1 38 0.349 0.333 8.2 14.3 11.5 19.2 1.2 1.3 13.4 15.3 96 112 9.9 -2
"17" "17" 1985-12-03 26.77 "DAL" "@" "GSW" "W" 7 1 37 0.46 0.4 0 5.6 3.2 3.5 1.3 0 0 19 109 104 8 -4.6
"18" "18" 1985-12-05 26.77 "DAL" "" "SAS" "L" -4 1 34 0.313 0.273 3.5 16.8 10.3 11.2 0 1.5 23.9 19.4 67 121 0.5 -13.1
"19" "19" 1985-12-07 26.78 "DAL" "" "GSW" "W" 10 1 23 0.392 0.273 0 5.1 2.8 22.1 0 0 19 28.4 80 113 2.8 -12.9
"20" "20" 1985-12-08 26.78 "DAL" "@" "LAL" "L" -6 1 30 0.349 0.333 7.1 18.2 12.6 14.3 0 0 7.2 19.1 89 124 6.5 -7
"21" "21" 1985-12-10 26.79 "DAL" "@" "LAC" "L" -2 1 34 0.615 0.55 10.3 6.4 8.3 9.9 2.7 0 7.6 30.3 128 113 22.5 5.6
"22" "22" 1985-12-12 26.79 "DAL" "@" "HOU" "L" -3 1 36 0.466 0.368 3.9 7.4 6.1 0 1.2 1.3 18.2 30.7 84 114 6.8 -10.1
"23" "23" 1985-12-14 26.8 "DAL" "" "DEN" "W" 27 1 40 0.71 0.636 2.9 9.2 6.8 15.2 0 1.1 22.1 17.7 122 98 16.7 1.8
"24" "24" 1985-12-18 26.81 "DAL" "@" "BOS" "L" -20 1 33 0.492 0.45 0 7.1 3.5 15.8 1.4 0 8.6 27.9 100 130 12.6 -3.6
"25" "25" 1985-12-19 26.81 "DAL" "@" "ATL" "W" 12 1 41 0.71 0.647 2.9 2.6 2.7 18.8 2.3 0 12.1 26.3 132 108 25.4 6.6
"26" "26" 1985-12-21 26.82 "DAL" "@" "MIL" "L" -25 1 36 0.586 0.438 7.4 7.4 7.4 4.7 1.2 0 0 23.3 142 125 20.9 7.4
"27" "27" 1985-12-22 26.82 "DAL" "@" "CLE" "L" -14 1 29 0.509 0.409 4 10.8 7.6 22.5 0 1.8 28.2 25 84 116 7 -5.4
"28" "28" 1985-12-26 26.83 "DAL" "@" "PHO" "W" 7 1 25 0.594 0.444 0 8.9 4.4 11.9 3.8 0 6.2 27.9 124 97 13.1 4.9
"29" "29" 1985-12-27 26.83 "DAL" "" "POR" "L" -9 1 42 0.517 0.438 9.2 2.3 5.7 12 2.1 0 8.6 20.3 117 120 16.3 0.5
"30" "30" 1986-01-04 26.85 "DAL" "" "UTA" "W" 13 1 28 0.528 0.412 3.1 6.7 4.9 10.1 1.5 2.1 4.2 30.8 114 99 16.3 2.7
"31" "31" 1986-01-07 26.86 "DAL" "@" "DEN" "L" -22 1 31 0.267 0.267 5.3 9.1 7.1 14.6 1.3 0 0 17.5 74 117 2.9 -8.5
"32" "32" 1986-01-10 26.87 "DAL" "" "PHO" "W" 13 1 33 0.612 0.6 9.9 23.3 17 39.4 3.9 0 16.4 29.1 112 89 23.3 9.2
"33" "33" 1986-01-11 26.87 "DAL" "" "GSW" "W" 4 1 34 0.419 0.385 4.5 13.2 9.9 21.6 1.3 0 21.8 21.9 86 107 7.5 -4.8
"34" "34" 1986-01-13 26.88 "DAL" "@" "SEA" "W" 1 1 29 0.486 0.467 0 6.6 3.5 0 1.7 1.9 28 30.8 68 92 2.8 -6.8
"35" "35" 1986-01-15 26.88 "DAL" "" "NYK" "L" -4 1 43 0.693 0.462 2.7 5.4 4 16.4 0 0 4.6 21 150 119 23.8 4.3
"36" "36" 1986-01-17 26.89 "DAL" "@" "UTA" "L" -27 1 29 0.549 0.417 3.8 8.7 6.1 14.3 3.1 0 19.6 28.2 99 125 11.4 -1.8
"37" "37" 1986-01-19 26.9 "DAL" "" "HOU" "W" 35 1 33 0.747 0.667 7.1 7.7 7.4 4.2 0 0 5.2 23.3 159 104 22.1 6.9
"38" "38" 1986-01-21 26.9 "DAL" "@" "SAC" "L" -9 1 39 0.512 0.5 7.5 11.4 9.4 15.6 2.3 1.3 18.2 26.8 94 112 15.4 -0.8
"39" "39" 1986-01-22 26.9 "DAL" "" "LAC" "L" -13 1 35 0.541 0.5 5.3 3.3 4.4 28.8 1.2 0 11.9 27.1 109 123 17 1.2
"40" "40" 1986-01-24 26.91 "DAL" "" "DET" "L" -9 1 28 0.509 0.417 0 4.2 2.1 18.3 0 0 22.5 25.5 93 128 4.7 -9.6
"41" "41" 1986-01-25 26.91 "DAL" "@" "SAS" "W" 16 1 37 0.613 0.571 0 17.9 7.7 16 2.6 0 7.8 28 123 107 21.9 3.4
"42" "42" 1986-01-27 26.92 "DAL" "" "CHI" "W" 8 1 38 0.734 0.6 0 5.6 3 14.6 3.7 0 11.8 29.1 137 114 27.9 5.5
"43" "43" 1986-01-29 26.92 "DAL" "" "SAS" "W" 12 1 33 0.766 0.733 0 6.5 3.7 16.8 4.2 0 15.5 24.9 126 106 21.2 6.8
"44" "44" 1986-01-31 26.93 "DAL" "" "CLE" "W" 16 1 27 0.48 0.385 0 3.6 1.8 5.1 1.8 0 6 24.2 104 95 8.1 -0.6
"45" "45" 1986-02-02 26.93 "DAL" "" "UTA" "W" 3 1 37 0.567 0.533 0 12.1 6.2 15.2 1.4 0 5.9 20.2 115 103 14 3.7
"46" "46" 1986-02-04 26.94 "DAL" "@" "LAL" "L" -8 1 33 0.453 0.421 4 10.4 7.5 10.6 1.5 0 13.1 32.8 79 118 8.9 -7
"47" "47" 1986-02-06 26.95 "DAL" "@" "POR" "W" 4 1 39 0.448 0.368 8.4 10.3 9.4 7 0 0 12.4 25.9 95 117 9 -9.2
"48" "48" 1986-02-11 26.96 "DAL" "@" "SAS" "W" 14 1 43 0.652 0.636 2.8 6.8 4.6 6.9 1.2 0 7.8 25.8 126 116 20.9 -0.9
"49" "49" 1986-02-12 26.96 "DAL" "" "DEN" "W" 7 1 36 0.647 0.611 3.3 9.5 6.5 0 0 0 4.9 24.4 131 117 17.4 0.1
"50" "50" 1986-02-14 26.97 "DAL" "@" "DET" "L" -9 1 32 0.5 0.5 0 4.4 1.9 3.8 0 6.4 9.1 14.4 97 119 7.4 -3.4
"51" "51" 1986-02-16 26.97 "DAL" "@" "CHI" "W" 6 1 38 0.638 0.611 0 10 4.7 13.6 2.6 0 8.3 26.8 123 116 21.5 4
"52" "52" 1986-02-17 26.98 "DAL" "@" "NJN" "W" 2 1 40 0.908 0.769 3.6 2.9 3.2 0 0 2.6 17.8 29.7 153 125 33.9 8.3
"53" "53" 1986-02-19 26.98 "DAL" "" "MIL" "L" -17 1 37 0.627 0.467 2.8 2.9 2.8 39 1.3 0 4.6 25.4 135 126 24.8 10.4
"54" "54" 1986-02-21 26.99 "DAL" "" "HOU" "L" -7 1 40 0.507 0.433 2.9 7.1 5.2 18.9 0 0 10.7 20.9 112 127 11.2 -4.2
"55" "55" 1986-02-22 26.99 "DAL" "@" "DEN" "L" -7 1 31 0.385 0.344 6.7 3.9 5.4 8.5 1.5 3.5 10.6 23.5 88 107 6.9 -1.3
"56" "56" 1986-02-24 26.99 "DAL" "@" "HOU" "L" -5 1 30 0.601 0.583 7.3 0 3.6 8.9 4.9 0 7 20 123 111 14 5.2
"57" "57" 1986-02-26 27 "DAL" "" "LAL" "L" -3 1 34 0.501 0.4 0 5 2 22 1.5 0 5 25.5 116 126 13.4 -1.8
"58" "58" 1986-02-28 27.01 "DAL" "" "PHI" "L" -3 1 34 0.651 0.529 3.9 11.1 7.6 25.4 2.9 0 15.2 32.9 126 125 23.7 4.6
"59" "59" 1986-03-01 27.01 "DAL" "" "GSW" "W" 9 1 32 0.684 0.615 0 5.9 3.7 22.1 0 0 11.1 24.4 134 117 17 0.4
"60" "60" 1986-03-03 27.01 "DAL" "@" "PHO" "W" 1 1 43 0.653 0.571 0 10.4 5.7 0 0 1.3 14 29.4 112 118 18.8 -2.2
"61" "61" 1986-03-06 27.02 "DAL" "@" "LAC" "W" 18 1 40 0.683 0.667 0 2.7 1.6 21.2 0 0 9.2 24.1 139 124 21.2 1.9
"62" "62" 1986-03-07 27.02 "DAL" "@" "POR" "L" -11 1 35 0.601 0.526 7.2 8.8 8 18.7 1.4 0 15.6 30.9 115 130 17.3 0.5
"63" "63" 1986-03-09 27.03 "DAL" "@" "SAC" "W" 15 1 38 0.647 0.65 0 19.4 10.1 17.7 2.5 0 16.1 27.1 110 97 20 4.8
"64" "64" 1986-03-10 27.03 "DAL" "" "BOS" "W" 1 1 39 0.622 0.5 0 5 2.7 4.8 0 0 3.7 30.3 122 119 21.5 2
"65" "65" 1986-03-12 27.04 "DAL" "" "SAC" "L" -7 1 46 0.632 0.594 2 3 2.4 22.1 1 0 2.7 33.6 130 120 34.5 9.7
"66" "66" 1986-03-14 27.04 "DAL" "" "POR" "W" 11 1 37 0.71 0.65 0 11.1 5.3 38 2.6 0 11.1 30.2 137 118 31.3 10.8
"67" "67" 1986-03-15 27.05 "DAL" "" "UTA" "W" 10 1 34 0.471 0.458 6.4 0 3.4 17.9 0 1.9 19.7 37.6 89 107 8.7 -6.4
"68" "68" 1986-03-18 27.05 "DAL" "" "SAS" "W" 7 1 16 0.388 0.333 0 6.4 3.6 23.7 0 0 27.9 38.8 69 121 -0.7 -25.5
"69" "69" 1986-03-20 27.06 "DAL" "@" "UTA" "W" 7 1 32 0.71 0.682 7.7 6.3 6.9 6.7 0 1.7 14 39 122 117 24.6 6.4
"70" "70" 1986-03-21 27.06 "DAL" "" "ATL" "L" -4 1 40 0.484 0.455 7.7 16.2 11.4 17.1 0 0 4 25.8 116 117 15.8 1.7
"71" "71" 1986-03-24 27.07 "DAL" "@" "IND" "W" 6 1 35 0.613 0.588 0 3.7 1.8 8 0 0 5.1 23.2 129 124 15 -1.4
"72" "72" 1986-03-26 27.08 "DAL" "@" "WSB" "L" -8 1 34 0.747 0.667 0 5.9 2.9 9.8 2.7 0 0 20.5 161 115 24.5 11.1
"73" "73" 1986-03-27 27.08 "DAL" "@" "NYK" "W" 5 1 34 0.508 0.462 3.2 19.8 12.6 9 1.4 1.5 0 18.8 115 101 13.3 0.8
"74" "74" 1986-03-30 27.09 "DAL" "@" "PHI" "L" -1 1 35 0.597 0.611 5.8 9.1 7.5 12.5 1.3 0 17.8 25.1 106 113 14.4 0.6
"75" "75" 1986-04-01 27.09 "DAL" "" "PHO" "W" 30 1 26 0.643 0.643 0 8.4 4.5 11.4 0 0 22.2 28.5 102 109 9.8 -4.5
"76" "76" 1986-04-03 27.1 "DAL" "" "DEN" "W" 1 1 32 0.539 0.476 3.3 8.8 6.2 10.7 0 1.5 7.9 29.4 112 108 15.6 1.5
"77" "77" 1986-04-05 27.1 "DAL" "" "SEA" "L" -2 1 34 0.456 0.435 6.4 6.6 6.5 4.3 0 1.5 7.4 35.6 97 122 10.7 -8.2
"78" "78" 1986-04-07 27.11 "DAL" "@" "SAC" "L" -7 1 31 0.521 0.421 7 4.1 5.7 4.5 0 0 4.3 31.8 114 130 12.7 -4.9
"79" "79" 1986-04-08 27.11 "DAL" "@" "GSW" "L" -14 1 32 0.357 0.357 0 11.3 5.9 15.2 2.8 1.4 6.7 19 76 117 7.5 -4.1
"80" "80" 1986-04-10 27.12 "DAL" "@" "SEA" "W" 6 1 24 0.595 0.583 4.5 4.2 4.3 21.4 3.9 0 5.9 29.4 120 108 15.9 6.8
"81" "81" 1986-04-12 27.12 "DAL" "@" "LAC" "L" -7 1 31 0.768 0.75 6.3 0 3.4 9.2 1.6 0 9.3 14.7 146 123 14.2 1.9
"82" "82" 1986-04-13 27.13 "DAL" "@" "LAL" "W" 23 0 16 0.694 0.667 0 11.5 6.7 15.8 0 0 0 22.8 150 106 10.6 6.1
"1" "1" 1986-10-31 27.68 "DAL" "" "UTA" "W" 26 1 22 0.461 0.375 0 3.7 2.1 0 4.2 2.5 9.3 19.8 96 73 5 3.8
"2" "2" 1986-11-01 27.68 "DAL" "@" "SAS" "L" -3 1 36 0.822 0.846 0 0 0 9.8 0 0 24.8 26.6 116 120 15.9 1.4
"3" "3" 1986-11-04 27.69 "DAL" "" "LAC" "W" 32 1 25 0.559 0.529 9.4 16.7 13.2 20.1 0 0 5.3 29.6 128 89 14.2 3
"4" "4" 1986-11-06 27.69 "DAL" "@" "SEA" "W" 23 1 25 0.688 0.6 0 0 0 27.1 1.7 0 7.1 21.4 145 114 15.7 5.2
"5" "5" 1986-11-07 27.7 "DAL" "@" "POR" "L" -7 1 44 0.418 0.368 4.4 12.8 8.3 14.8 0 0 9 19.8 96 110 9.4 -2
"6" "6" 1986-11-11 27.71 "DAL" "@" "UTA" "L" -1 1 32 0.629 0.462 9.4 8.8 9.1 5.6 0 0 0 22.9 148 111 18.8 6.5
"7" "7" 1986-11-12 27.71 "DAL" "" "HOU" "W" 29 1 35 0.656 0.619 4.3 11.8 9.1 10.9 1.4 1.6 11.3 31.4 122 86 23 8.5
"8" "8" 1986-11-14 27.72 "DAL" "@" "DEN" "L" -4 1 32 0.625 0.588 0 6.3 3.7 4.5 0 0 13.5 26.1 114 133 13.6 -4.2
"9" "9" 1986-11-15 27.72 "DAL" "" "CLE" "W" 15 1 23 0.474 0.385 0 15.3 6.3 11.7 0 0 0 22.4 119 95 8.8 0.3
"10" "10" 1986-11-18 27.73 "DAL" "" "LAL" "L" -4 1 31 0.447 0.412 0 11.9 5.7 4 0 0 14.4 27.9 84 122 5.5 -10.5
"11" "11" 1986-11-20 27.73 "DAL" "@" "LAC" "W" 5 1 33 0.504 0.5 9.1 14.2 12 4.5 1.6 0 10.6 25.9 98 116 10.5 -7
"12" "12" 1986-11-21 27.73 "DAL" "@" "PHO" "W" 8 1 35 0.679 0.611 5.9 9.1 7.5 33.8 0 0 4.2 28.2 146 119 27.8 12.1
"13" "13" 1986-11-26 27.75 "DAL" "" "SAC" "W" 12 1 32 0.433 0.278 2.9 0 1.6 12.3 1.5 0 0 27.1 107 119 11.8 -5.6
"14" "14" 1986-11-28 27.75 "DAL" "" "NJN" "W" 25 1 25 0.594 0.538 6 15.1 11.6 12.2 1.9 0 6.5 25.8 122 94 13.2 1.4
"15" "15" 1986-11-29 27.76 "DAL" "" "UTA" "W" 11 1 38 0.636 0.588 9.9 6.2 8.2 7.8 0 0 16.9 24.5 118 113 16.3 -0.1
"16" "16" 1986-12-02 27.76 "DAL" "@" "SAC" "W" 3 1 37 0.571 0.476 5.8 9.5 7.5 3.4 0 1.5 10.6 30.4 113 127 18.2 -2.4
"17" "17" 1986-12-05 27.77 "DAL" "@" "LAL" "L" -8 1 32 0.393 0.393 3 0 1.6 23.8 5.9 0 26.3 23 73 109 5.6 -1.4
"18" "18" 1986-12-06 27.78 "DAL" "@" "GSW" "W" 5 1 25 0.573 0.529 4.3 3.6 3.9 15.5 0 0 9.4 34.5 115 114 13.3 2.7
"19" "19" 1986-12-10 27.79 "DAL" "" "POR" "W" 1 1 28 0.571 0.571 4 4.8 4.3 17.9 1.5 0 0 19.2 130 118 13.4 1.5
"20" "20" 1986-12-11 27.79 "DAL" "@" "UTA" "L" -4 1 35 0.422 0.375 3.2 3.4 3.3 29.6 1.4 0 18.4 25 91 110 7.6 -3.4
"21" "21" 1986-12-13 27.79 "DAL" "@" "SEA" "W" 17 1 32 0.806 0.733 11.8 2.6 6.3 5.9 1.5 0 9.2 27.9 157 115 25.6 11
"22" "22" 1986-12-14 27.8 "DAL" "@" "POR" "L" -34 1 27 0.346 0.313 0 4.6 1.9 22.1 0 2 5.5 27.2 75 134 4.5 -6.9
"23" "23" 1986-12-16 27.8 "DAL" "" "SAS" "W" 3 1 41 0.504 0.462 0 4.8 2.6 14.2 1.2 1.2 12.6 17.1 98 107 10 -2.7
"24" "24" 1986-12-19 27.81 "DAL" "" "DEN" "W" 23 1 33 0.614 0.462 3.2 9.9 6.5 10.6 1.4 0 17.6 25.3 118 113 15.4 0
"25" "25" 1986-12-20 27.81 "DAL" "" "LAL" "W" 11 1 37 0.814 0.75 2.8 6 4.4 4.9 1.2 0 11.1 28.9 144 116 29.8 9.4
"26" "26" 1986-12-23 27.82 "DAL" "@" "PHO" "L" -1 1 35 0.689 0.65 0 0 0 22 5.3 1.5 8.4 25.2 140 113 26.2 14.1
"27" "27" 1986-12-26 27.83 "DAL" "@" "DEN" "W" 2 1 33 0.508 0.429 3 2.8 2.9 3.9 0 0 6 20.1 108 123 8.9 -4.7
"28" "28" 1986-12-27 27.83 "DAL" "" "PHO" "W" 26 1 37 0.651 0.556 7.4 0 3.3 18.5 2.6 1.6 12.2 28.2 133 102 24 4.2
"29" "29" 1987-01-02 27.85 "DAL" "" "SEA" "W" 10 1 32 0.418 0.333 7.7 7.8 7.7 4.5 1.4 0 19.3 26.1 82 105 5.1 -8
"30" "30" 1987-01-03 27.85 "DAL" "@" "SAS" "W" 17 1 30 0.788 0.75 3.6 11.9 8.1 10.8 0 0 9.5 15.1 151 99 13.5 5.1
"31" "31" 1987-01-05 27.86 "DAL" "" "IND" "L" -9 1 38 0.53 0.5 3.1 7.7 5.1 20.3 0 0 4.2 24.3 124 144 17.3 -1.4
"32" "32" 1987-01-07 27.86 "DAL" "" "SAS" "W" 5 1 36 0.355 0.294 5.7 0 2.9 0 1.4 1.7 5.2 22.5 84 109 3.2 -8.1
"33" "33" 1987-01-09 27.87 "DAL" "" "DEN" "L" -3 1 40 0.47 0.333 2.7 6.9 5 6.9 0 0 14.2 20.2 100 118 7.3 -5.3
"34" "34" 1987-01-10 27.87 "DAL" "@" "HOU" "L" -10 1 34 0.535 0.471 5.4 6.4 5.9 5.5 0 0 4.8 24 118 116 12 2.6
"35" "35" 1987-01-13 27.88 "DAL" "@" "NYK" "W" 5 1 41 0.778 0.667 3.3 8 5.9 29.3 0 0 7.1 30.6 157 113 35.8 14.6
"36" "36" 1987-01-14 27.88 "DAL" "@" "BOS" "L" -9 1 39 0.514 0.478 0 9.7 4.2 14 0 0 7.6 28.6 101 121 13.9 -1.7
"37" "37" 1987-01-16 27.89 "DAL" "@" "MIL" "W" 2 1 46 0.509 0.412 5.8 5.4 5.5 11.2 2.9 0 20.3 21.4 93 106 11.7 -2.6
"38" "38" 1987-01-17 27.89 "DAL" "@" "IND" "L" -4 1 40 0.329 0.278 8.9 3.7 6.6 22.5 0 0 4.8 25.6 86 118 6.8 -7.6
"39" "39" 1987-01-21 27.9 "DAL" "" "NYK" "W" 20 1 34 0.299 0.25 9.4 10.3 9.8 23.6 0 0 15.5 30 78 102 3.4 -10.2
"40" "40" 1987-01-24 27.91 "DAL" "" "LAL" "W" 15 1 34 0.828 0.778 7.2 7.8 7.5 18 0 0 7.6 16.3 167 129 19.4 7.9
"41" "41" 1987-01-27 27.92 "DAL" "" "WSB" "L" -5 1 32 0.615 0.588 0 7.3 3.3 13.6 0 0 14.4 26 118 127 12.6 -1.5
"42" "42" 1987-01-29 27.92 "DAL" "@" "DEN" "W" 30 1 30 0.477 0.444 3.8 8.7 6.6 8 1.5 0 5 26 100 98 10.8 -5.9
"43" "43" 1987-02-01 27.93 "DAL" "@" "POR" "L" -16 1 40 0.845 0.813 0 8.8 4.4 13.1 0 0 4.9 20.3 166 129 27.8 11.1
"44" "44" 1987-02-02 27.93 "DAL" "@" "LAL" "W" 4 1 33 0.509 0.417 13.9 6.9 10.4 17.3 0 0 6.8 18.9 136 114 12.4 5.4
"45" "45" 1987-02-04 27.94 "DAL" "" "SEA" "W" 30 1 33 0.628 0.577 4 7.3 6.1 11.5 2.8 0 6.5 18.9 133 93 15.6 3.4
"46" "46" 1987-02-10 27.96 "DAL" "" "POR" "W" 20 1 38 0.761 0.714 0 5.5 2.6 7.1 1.2 1.4 14 20.6 136 110 21.3 4.9
"47" "47" 1987-02-12 27.96 "DAL" "@" "SAC" "L" -4 1 36 0.38 0.306 5.2 7.8 6.3 3.4 2.5 0 13.2 24.5 82 126 5.3 -9.6
"48" "48" 1987-02-16 27.97 "DAL" "@" "HOU" "L" -5 1 40 0.59 0.5 0 6.3 3.1 0 2.6 0 17.7 25.6 97 112 11.4 -1.5
"49" "49" 1987-02-18 27.98 "DAL" "" "BOS" "L" -17 1 30 0.288 0.231 3 13.3 7.8 34.8 3.2 0 12.6 21.8 74 109 6.1 -2.4
"50" "50" 1987-02-20 27.98 "DAL" "" "SAS" "W" 15 1 37 0.442 0.4 3.1 6.9 5.3 15.5 0 0 0 12.9 123 115 8.9 -5.2
"51" "51" 1987-02-21 27.99 "DAL" "" "GSW" "W" 11 1 34 0.4 0.353 10.6 10.2 10.4 33.8 1.4 1.8 13.8 27.3 93 104 9.8 -2.3
"52" "52" 1987-02-23 27.99 "DAL" "@" "GSW" "W" 26 1 40 0.829 0.75 3.6 24 15.4 18.1 0 0 21 20.7 139 99 22.7 7.1
"53" "53" 1987-02-25 28 "DAL" "" "SAC" "W" 7 1 39 0.674 0.636 0 10.7 5.4 23 1.2 0 3.7 28.1 140 103 29.1 12.1
"54" "54" 1987-02-27 28 "DAL" "" "PHI" "W" 13 1 38 0.625 0.619 0 9.7 4.9 24.9 2.7 0 0 26 141 117 26.5 7.1
"55" "55" 1987-02-28 28.01 "DAL" "@" "SAS" "L" -25 1 30 0.542 0.462 0 0 0 24.2 0 0 6.3 20.6 116 127 10.7 0.5
"56" "56" 1987-03-02 28.01 "DAL" "" "PHO" "W" 23 1 32 0.687 0.625 3.9 8.3 6.5 14.5 1.5 0 14.2 27.2 125 113 18.7 2.2
"57" "57" 1987-03-04 28.02 "DAL" "" "DEN" "W" 8 1 38 0.653 0.615 2.5 5 3.8 13.3 0 0 5.9 18.4 129 108 16.2 2.3
"58" "58" 1987-03-06 28.02 "DAL" "@" "DET" "L" -10 1 38 0.463 0.409 2.3 5 3.5 17.6 2.4 0 11.2 27.1 96 121 12.1 -3
"59" "59" 1987-03-08 28.03 "DAL" "@" "CHI" "L" -10 1 48 0.474 0.423 3.6 10.8 6.9 7.4 1.1 1.2 11.9 29.1 98 115 13.8 -3
"60" "60" 1987-03-11 28.04 "DAL" "" "SEA" "W" 13 1 32 0.693 0.667 0 0 0 23.1 4.4 0 20.1 24.2 122 114 18.7 7.5
"61" "61" 1987-03-13 28.04 "DAL" "" "ATL" "L" -8 1 37 0.617 0.536 0 0 0 16.8 0 0 11 20.7 127 128 13 2
"62" "62" 1987-03-14 28.04 "DAL" "" "HOU" "W" 9 1 39 0.501 0.333 5.4 4.4 4.8 22.5 1.3 2.6 5 19.8 133 120 17.7 4.9
"63" "63" 1987-03-17 28.05 "DAL" "" "CHI" "W" 18 1 43 0.412 0.375 0 2.7 1.3 8.7 0 0 5.2 19.2 95 108 5.6 -7.3
"64" "64" 1987-03-19 28.06 "DAL" "@" "SAC" "W" 1 1 37 0.676 0.625 0 3.4 1.6 12.5 0 3 5.3 22.2 129 114 19.2 6.6
"65" "65" 1987-03-21 28.06 "DAL" "" "DET" "W" 4 1 43 0.528 0.455 8.8 14 11 27.2 1.1 0 7.5 23.7 129 121 21.9 3.2
"66" "66" 1987-03-23 28.07 "DAL" "@" "PHI" "W" 3 1 41 0.745 0.682 6.9 15.6 11.9 5.5 0 0 7.3 33.5 141 116 30.5 9.9
"67" "67" 1987-03-24 28.07 "DAL" "@" "NJN" "W" 12 1 36 0.517 0.308 0 3.3 1.7 4.2 0 0 0 21.5 116 115 10.3 -5
"68" "68" 1987-03-26 28.08 "DAL" "@" "ATL" "L" -8 1 38 0.575 0.462 2.9 3.1 3 17.8 3.9 0 15.4 21.3 116 121 15.6 3.9
"69" "69" 1987-03-28 28.08 "DAL" "@" "WSB" "W" 7 1 39 0.549 0.455 0 9.2 4.9 12.4 1.3 0 19 17.6 104 112 8.4 -4.4
"70" "70" 1987-03-29 28.08 "DAL" "@" "CLE" "W" 3 1 37 0.627 0.56 12.7 13.3 13 10.4 2.6 0 14.2 37.7 119 98 27.6 14.1
"71" "71" 1987-03-31 28.09 "DAL" "" "LAC" "W" 16 1 29 0.574 0.5 0 3.7 1.7 21.4 0 0 24.7 21.8 100 109 8 -5.5
"72" "72" 1987-04-03 28.1 "DAL" "" "GSW" "W" 20 1 34 0.73 0.625 6.7 10.3 8.5 17.2 0 0 15 30.6 143 127 26.1 5.3
"73" "73" 1987-04-04 28.1 "DAL" "" "UTA" "W" 14 1 36 0.494 0.333 8.9 13.6 11.3 31.4 1.4 0 14.7 31 110 110 18.2 -0.1
"74" "74" 1987-04-06 28.11 "DAL" "@" "PHO" "L" -8 1 42 0.533 0.444 2.1 7.7 4.6 19.5 2.3 0 3.1 30.9 117 111 24.3 8.6
"75" "75" 1987-04-08 28.11 "DAL" "@" "UTA" "L" -13 1 38 0.504 0.353 7.7 5.2 6.4 14.9 1.3 0 15.5 27.8 106 110 13.5 3.2
"76" "76" 1987-04-09 28.12 "DAL" "@" "GSW" "W" 25 1 28 0.696 0.667 5.2 0 2.3 22.4 1.8 0 16.6 28.7 130 106 16.8 6.3
"77" "77" 1987-04-11 28.12 "DAL" "@" "LAC" "W" 29 1 20 0.625 0.625 0 0 0 6.3 0 2.7 27.3 23.3 94 118 4.4 -7.9
"78" "78" 1987-04-15 28.13 "DAL" "" "HOU" "W" 6 1 23 0.515 0.333 0 0 0 15.7 2.1 2.6 11.4 16.4 115 109 5.8 -1.1
"79" "79" 1987-04-17 28.14 "DAL" "@" "HOU" "L" -22 1 26 0.505 0.545 0 0 0 6.4 1.9 0 7.8 22.2 94 133 6.2 -5.7
"80" "80" 1987-04-18 28.14 "DAL" "" "SAC" "W" 4 1 30 0.448 0.273 3.4 12 7.4 3.3 0 2 6.4 18.7 109 114 7.7 -6.8
"1" "1" 1987-11-06 28.69 "DAL" "" "UTA" "W" 2 1 37 0.508 0.273 2.3 5.8 3.8 22.3 2.5 0 5.6 18.2 120 93 15.1 6.1
"2" "2" 1987-11-07 28.7 "DAL" "@" "SAS" "L" -24 1 29 0.481 0.455 0 4.1 1.8 0 3 0 20.8 18.9 75 120 3.8 -9.9
"3" "3" 1987-11-10 28.7 "DAL" "@" "SEA" "W" 16 1 44 0.671 0.647 0 0 0 17.6 1.1 0 14.4 20.5 120 108 17.2 0.1
"4" "4" 1987-11-11 28.71 "DAL" "@" "UTA" "L" -29 1 29 0.446 0.364 3.4 12.1 7.4 11.7 1.7 2 14 20.1 92 121 7.2 -1.4
"5" "5" 1987-11-13 28.71 "DAL" "" "SEA" "L" -8 1 34 0.681 0.5 0 3.9 2.1 5.1 1.6 0 12.5 23.2 128 121 13.2 1.8
"6" "6" 1987-11-14 28.72 "DAL" "" "POR" "W" 11 1 41 0.582 0.533 0 5.3 2.4 12.8 1.1 1.3 5.8 15.9 131 118 14.6 -0.2
"7" "7" 1987-11-18 28.73 "DAL" "" "LAC" "W" 10 1 39 0.515 0.5 0 18.9 8.1 17 2.6 0 17.8 23.1 97 94 12.2 -0.3
"8" "8" 1987-11-20 28.73 "DAL" "@" "LAL" "L" -3 1 33 0.391 0.286 0 29.1 13.6 13.5 2.9 0 5.7 22.6 92 115 10.3 -5.8
"9" "9" 1987-11-21 28.73 "DAL" "@" "SAC" "W" 7 1 43 0.495 0.421 0 2.3 1.2 3.5 2.3 0 4.5 22.4 106 102 12.5 -0.6
"10" "10" 1987-11-25 28.75 "DAL" "" "DET" "W" 6 1 38 0.727 0.667 0 2.4 1.3 26.3 0 0 8.8 25 140 112 23.9 8
"11" "11" 1987-11-27 28.75 "DAL" "" "CHI" "W" 1 1 38 0.317 0.214 0 6 3.2 17.9 2.9 0 6 21.2 79 105 5.7 -5.7
"12" "12" 1987-11-28 28.75 "DAL" "@" "DEN" "L" -8 1 40 0.651 0.611 0 4.7 2.6 15.8 1.2 2.7 8.5 24.9 128 112 21.3 8.5
"13" "13" 1987-12-04 28.77 "DAL" "" "GSW" "W" 21 1 33 0.785 0.6 6.9 9.9 8.5 13.5 1.6 0 6.1 20.2 170 103 23.4 13.3
"14" "14" 1987-12-05 28.77 "DAL" "" "DEN" "W" 13 1 40 0.388 0.333 3.2 9.8 7 29.8 2.3 0 28 17 89 94 7.2 -2.6
"15" "15" 1987-12-09 28.78 "DAL" "" "SAC" "W" 27 1 29 0.81 0.8 4.1 3.8 3.9 27.5 5.1 0 0 21.3 177 101 26.4 18.5
"16" "16" 1987-12-11 28.79 "DAL" "" "PHO" "W" 4 1 43 0.487 0.409 4.5 10.1 7.4 9.2 0 1.2 14 27.7 100 105 12.4 -1.4
"17" "17" 1987-12-13 28.79 "DAL" "@" "MIL" "W" 14 1 41 0.501 0.357 3.1 9.4 6.7 3.4 1.2 1.4 10 21.1 107 105 11.7 -0.6
"18" "18" 1987-12-15 28.8 "DAL" "@" "CLE" "L" -13 1 38 0.425 0.333 9.7 0 5.4 17 0 0 5.4 20 108 124 10.3 -1.1
"19" "19" 1987-12-16 28.8 "DAL" "@" "NJN" "W" 4 1 43 0.482 0.421 0 10 4.5 7.2 1.2 0 12.6 23.7 98 111 9.8 -5.1
"20" "20" 1987-12-18 28.81 "DAL" "@" "DET" "L" -5 1 38 0.556 0.5 5.5 5 5.2 15.7 0 0 11 20.9 114 129 12.2 -3.5
"21" "21" 1987-12-19 28.81 "DAL" "@" "PHI" "L" -5 1 37 0.722 0.75 2.5 5.8 4.1 33.4 1.4 0 5.5 21.9 134 107 22.6 12.8
"22" "22" 1987-12-22 28.82 "DAL" "@" "CHI" "W" 11 1 39 0.506 0.471 2.9 2.8 2.8 34.4 0 0 17.6 24.4 103 108 12 -2.5
"23" "23" 1987-12-23 28.82 "DAL" "@" "IND" "W" 1 1 36 0.639 0.545 2.7 12.1 7.2 12.5 0 0 6.6 17.7 138 119 14.5 1.8
"24" "24" 1987-12-26 28.83 "DAL" "" "HOU" "W" 5 1 38 0.412 0.313 5.3 2.7 4 20.6 1.3 1.5 14.2 22.1 97 104 8.9 0.3
"25" "25" 1987-12-29 28.84 "DAL" "" "SAC" "W" 9 1 32 0.66 0.545 0 7.5 3.6 21.4 0 0 0 17.8 156 126 16.3 0.4
"26" "26" 1988-01-02 28.85 "DAL" "@" "SAS" "W" 7 1 35 0.412 0.357 3.2 9.8 6.5 20.5 1.4 0 20.2 23.1 90 117 6.8 -8.2
"27" "27" 1988-01-04 28.85 "DAL" "@" "HOU" "L" -10 1 26 0.673 0.636 0 0 0 12.3 1.9 2 14.4 21.3 131 126 12.2 7.4
"28" "28" 1988-01-29 28.92 "DAL" "" "SEA" "W" 8 0 22 0.581 0.5 6.1 4.1 4.9 13.4 0 0 0 13.7 145 119 6.6 -1.3
"29" "29" 1988-01-30 28.93 "DAL" "" "HOU" "L" -16 0 28 0.512 0.385 3.1 8.4 5.4 8.4 1.8 0 11.3 26.4 106 118 9.5 -0.8
"30" "30" 1988-02-01 28.93 "DAL" "" "NJN" "L" -5 1 30 0.325 0.222 7.3 11.7 9.4 13.8 1.6 0 8.5 15.7 93 113 5.1 -6.3
"31" "31" 1988-02-03 28.94 "DAL" "@" "DEN" "L" -10 1 31 0.304 0.222 5.7 13.2 9.2 3.7 0 0 23.3 15 66 112 0 -9.9
"32" "32" 1988-02-04 28.94 "DAL" "@" "SAC" "L" -17 1 35 0.49 0.467 5.1 8.9 6.9 5 0 0 5.8 19.3 111 127 9.1 -4.2
"33" "33" 1988-02-09 28.95 "DAL" "" "UTA" "W" 31 1 30 0.551 0.533 7.8 4 5.9 17.2 0 0 5.8 23.5 124 99 13.4 1.4
"34" "34" 1988-02-10 28.96 "DAL" "@" "UTA" "L" -13 1 38 0.402 0.278 0 2.6 1.3 11.7 1.4 0 4.3 26.9 95 110 7.5 -1.8
"35" "35" 1988-02-12 28.96 "DAL" "" "BOS" "L" -1 1 41 0.571 0.429 2.3 9.8 5.9 7.1 2.5 1.5 5.4 18.9 127 110 17.2 5.4
"36" "36" 1988-02-14 28.97 "DAL" "@" "LAC" "W" 10 1 36 0.49 0.333 2.7 6.8 4.5 11.3 2.7 1.7 9.3 22.7 110 103 13.4 0.6
"37" "37" 1988-02-15 28.97 "DAL" "@" "SEA" "W" 6 1 36 0.608 0.438 0 0 0 29.7 1.5 0 11.5 33.3 132 126 21.3 3.7
"38" "38" 1988-02-17 28.98 "DAL" "" "WSB" "W" 15 1 34 0.827 0.8 2.8 5.6 4.2 19.2 1.4 1.4 8.4 12.9 164 109 19.7 11.7
"39" "39" 1988-02-19 28.98 "DAL" "" "GSW" "W" 13 1 37 0.548 0.5 0 6.3 2.9 25.2 2.5 0 7.5 28 115 100 19.3 2.3
"40" "40" 1988-02-22 28.99 "DAL" "" "PHO" "W" 7 1 34 0.34 0.3 6.6 3.1 4.8 16.5 0 0 7.8 15.6 98 119 5.2 -5.8
"41" "41" 1988-02-24 28.99 "DAL" "" "CLE" "W" 4 1 40 0.626 0.579 3.1 7.3 5.5 9.7 0 0 16.2 27.8 116 111 15.7 0.5
"42" "42" 1988-02-25 29 "DAL" "@" "HOU" "W" 2 1 39 0.568 0.5 5.6 13.4 9.6 23.5 2.6 0 3.8 29.2 126 111 24.5 7.4
"43" "43" 1988-02-27 29 "DAL" "" "PHI" "W" 9 1 37 0.387 0.333 0 15.1 7.5 23 1.5 0 17.4 20.8 87 105 6.7 -5.3
"44" "44" 1988-02-29 29.01 "DAL" "" "DEN" "W" 27 1 38 0.644 0.556 7 6.5 6.7 18.2 0 0 0 12.3 164 101 16.4 6.2
"45" "45" 1988-03-02 29.01 "DAL" "" "SAC" "W" 25 1 35 0.426 0.412 5.3 6.1 5.7 20.9 0 3.7 0 20.5 126 103 13.3 -0.9
"46" "46" 1988-03-04 29.02 "DAL" "" "HOU" "W" 8 1 38 0.61 0.538 5.5 9.2 7.5 15.7 1.3 0 16.9 19.5 118 117 15.1 1.9
"47" "47" 1988-03-06 29.02 "DAL" "" "LAL" "L" -11 1 43 0.467 0.467 0 10.4 4.9 13.9 0 0 11.8 17.4 91 121 7.5 -6.7
"48" "48" 1988-03-08 29.03 "DAL" "" "POR" "L" -2 1 33 0.563 0.5 4 3.4 3.7 18.6 0 0 10.1 25.4 118 124 12.6 -2.1
"49" "49" 1988-03-12 29.04 "DAL" "@" "LAL" "W" 9 1 40 0.5 0.5 2.5 5.3 3.9 10.6 1.3 1.4 9.1 23.2 104 109 11.9 -2.5
"50" "50" 1988-03-14 29.05 "DAL" "" "GSW" "W" 20 1 31 0.394 0.313 3 0 1.6 30.7 0 0 5.3 22.2 117 109 9.4 -2
"51" "51" 1988-03-16 29.05 "DAL" "@" "UTA" "L" -15 1 38 0.633 0.5 2.7 9.2 5.7 8.2 0 0 19.2 17.4 109 122 10.2 -4.7
"52" "52" 1988-03-18 29.06 "DAL" "@" "LAC" "W" 8 1 32 0.592 0.538 3.3 3.3 3.3 0 1.5 0 24.8 25.7 88 100 7.5 -5.8
"53" "53" 1988-03-20 29.06 "DAL" "@" "POR" "L" -6 1 42 0.582 0.542 5.7 2.7 4.1 0 0 0 13.1 32 117 125 15.9 0.7
"54" "54" 1988-03-22 29.07 "DAL" "" "NYK" "W" 19 1 40 0.583 0.471 0 4.7 2.8 14 0 0 4.3 24.7 127 109 18.9 0
"55" "55" 1988-03-25 29.08 "DAL" "" "POR" "W" 5 1 38 0.273 0.273 2.9 0 1.3 14.3 2.6 0 21.4 15.2 64 110 2 -6.4
"56" "56" 1988-03-26 29.08 "DAL" "" "SAS" "W" 19 1 36 0.663 0.65 3.6 6.8 5.3 13.1 0 1.6 4.2 25.8 140 112 23.8 2.9
"57" "57" 1988-03-28 29.08 "DAL" "@" "NYK" "L" -8 1 40 0.154 0.154 2.9 6.2 4.4 17.9 2.6 0 23.5 18.1 46 124 -1.9 -13.6
"58" "58" 1988-03-29 29.09 "DAL" "@" "ATL" "L" -14 1 37 0.652 0.625 2.9 16.2 9.3 21.6 0 0 10.6 21.4 126 124 18.1 1.3
"59" "59" 1988-04-01 29.1 "DAL" "@" "WSB" "L" -15 1 39 0.581 0.533 8.4 10.5 9.3 11.5 1.3 0 5.2 20.6 134 128 16.4 1
"60" "60" 1988-04-03 29.1 "DAL" "@" "BOS" "L" -9 1 33 0.519 0.455 0 15 6.1 25.1 0 0 31.3 28.3 86 127 6.8 -7.1
"61" "61" 1988-04-06 29.11 "DAL" "" "PHO" "W" 26 1 38 0.739 0.684 0 10.3 5.9 15.5 0 0 4.4 27.5 144 102 26.9 7.8
"62" "62" 1988-04-08 29.12 "DAL" "" "UTA" "W" 23 1 33 0.603 0.462 12.1 5.6 8.3 9 1.5 0 25.6 26.9 113 103 13 -2.3
"63" "63" 1988-04-09 29.12 "DAL" "" "DEN" "W" 26 1 30 0.733 0.636 0 13.3 7.6 12.1 0 0 0 18.3 169 109 17.6 2.7
"64" "64" 1988-04-12 29.13 "DAL" "@" "SAC" "W" 8 1 40 0.613 0.565 8 6.8 7.3 14.8 1.3 1.6 0 27.6 141 106 26.3 9.9
"65" "65" 1988-04-13 29.13 "DAL" "@" "GSW" "L" -2 1 33 0.393 0.316 15.5 0 8.1 15.4 1.6 0 27 35.1 80 128 2.3 -15.5
"66" "66" 1988-04-15 29.13 "DAL" "@" "SEA" "L" -27 1 42 0.494 0.429 5.2 9.3 7.1 4.4 4.8 0 11 18.5 102 117 12.4 1.8
"67" "67" 1988-04-17 29.14 "DAL" "@" "DEN" "L" -11 1 37 0.669 0.529 5.4 2.7 4.1 4.3 1.3 0 7.9 27.5 136 131 22.5 4.5
"68" "68" 1988-04-19 29.15 "DAL" "@" "HOU" "W" 8 1 41 0.676 0.563 0 5 2.6 12.8 1.2 1.5 0 20 154 104 22.6 9.4
"69" "69" 1988-04-20 29.15 "DAL" "" "LAL" "L" -7 1 45 0.462 0.368 4.4 7.4 5.5 23 2.3 0 4.4 21.7 115 126 17.4 1.5
"70" "70" 1988-04-22 29.15 "DAL" "" "SAS" "W" 31 1 28 0.618 0.583 10.5 3.4 6.9 8.8 3.6 2 0 18.9 154 101 16.7 8.5
"71" "71" 1988-04-24 29.16 "DAL" "@" "SAS" "W" 10 1 39 0.385 0.385 11.9 5.7 8.3 14.4 0 0 0 14.2 123 117 7.9 -5.6
"1" "1" 1988-11-04 29.69 "DAL" "" "LAL" "L" -3 1 38 0.697 0.6 0 11.1 4.9 4.7 1.3 0 10.9 28.8 137 128 23.6 6.3
"2" "2" 1988-11-05 29.69 "DAL" "@" "HOU" "W" 1 1 43 0.52 0.45 2.7 8 5.4 21.2 1.1 0 8 23.6 113 105 17.2 4
"3" "3" 1988-11-08 29.7 "DAL" "" "MIA" "W" 4 1 37 0.484 0.389 0 5.2 2.9 21.7 0 2.7 12.7 29.1 99 102 10.8 -1.4
"4" "4" 1988-11-09 29.7 "DAL" "@" "PHO" "L" -8 1 46 0.569 0.5 2.4 2.7 2.5 6.6 1 0 19.8 22.1 102 115 11.6 -1.5
"5" "5" 1988-11-11 29.71 "DAL" "" "SAS" "W" 13 1 33 0.581 0.5 3.5 0 1.5 9 0 0 6.8 19 124 114 10.3 -4.3
"6" "6" 1988-11-12 29.71 "DAL" "" "SAC" "W" 40 1 29 0.349 0.286 3.4 5.3 4.5 31.8 0 0 6 23.6 96 82 7.2 -3
"7" "7" 1988-11-15 29.72 "DAL" "" "DET" "L" -9 1 41 0.481 0.417 2.5 6.9 4.4 15.7 1.2 0 4.8 21.8 105 116 12.5 0.3
"8" "8" 1988-11-17 29.73 "DAL" "" "CHH" "W" 12 1 35 0.538 0.5 0 5.6 3.1 26.5 1.4 0 9.3 27 110 100 14.8 1.8
"9" "9" 1988-11-19 29.73 "DAL" "@" "SEA" "W" 6 1 35 0.425 0.3 3.3 6.2 4.8 12.5 0 0 20.3 18.3 84 113 3 -8.8
"10" "10" 1988-11-23 29.74 "DAL" "" "DEN" "W" 19 1 41 0.533 0.5 0 4 2.6 0 3.4 0 15.1 20.6 95 103 9.4 -6.2
"11" "11" 1988-11-25 29.75 "DAL" "" "ATL" "W" 5 1 44 0.561 0.385 8.6 14.9 12 20.7 2.4 1.3 10.1 20.9 125 103 21.3 7.5
"12" "12" 1988-11-26 29.75 "DAL" "" "UTA" "W" 20 1 35 0.489 0.385 6 14.6 10.3 26.6 0 3.3 5.4 23.4 117 101 15.3 2.2
"13" "13" 1988-11-30 29.76 "DAL" "" "HOU" "L" -12 1 44 0.571 0.524 0 4.2 2.3 14.2 0 0 8.1 25.5 110 109 15.2 0.1
"14" "14" 1988-12-02 29.77 "DAL" "" "NYK" "L" -3 1 35 0.55 0.55 0 4.6 2.7 10.2 1.3 1.7 20 29.7 90 106 10.3 -3.1
"15" "15" 1988-12-03 29.77 "DAL" "" "CHI" "L" -13 1 38 0.42 0.35 0 15 6.9 4.8 0 0 4.2 25.9 90 117 7.4 -7
"16" "16" 1988-12-07 29.78 "DAL" "" "SEA" "W" 4 1 41 0.652 0.6 13 8.2 10.4 10 1.3 0 16.2 28.4 118 112 20.6 0.1
"17" "17" 1988-12-09 29.79 "DAL" "@" "UTA" "W" 8 1 35 0.53 0.474 3 10.5 6.5 5.8 1.5 0 4.6 27.8 108 99 14.2 1.1
"18" "18" 1988-12-10 29.79 "DAL" "" "CLE" "L" -4 1 37 0.732 0.679 6.5 5.5 6 22.2 0 1.5 10.5 23.8 141 120 21.5 10.1
"19" "19" 1988-12-13 29.8 "DAL" "" "GSW" "W" 6 1 41 0.637 0.579 0 13.9 7.6 16.1 0 0 0 23.6 140 123 22 -0.2
"20" "20" 1988-12-16 29.81 "DAL" "@" "CHH" "W" 9 1 35 0.524 0.462 0 7.9 4.2 4.6 4.1 0 6.5 18.2 106 96 11.1 1.3
"21" "21" 1988-12-17 29.81 "DAL" "@" "MIA" "W" 17 1 37 0.45 0.375 0 13.8 7.7 11.8 1.3 0 0 10.1 119 93 7 -3.6
"22" "22" 1988-12-20 29.82 "DAL" "@" "PHI" "W" 6 1 39 0.685 0.571 3.6 2.5 2.9 19.1 3.9 0 10.2 22.8 134 110 22.9 7.4
"23" "23" 1988-12-21 29.82 "DAL" "@" "NJN" "L" -2 1 43 0.486 0.429 10.3 9.7 10 13.7 1.2 1.4 11.3 26.4 108 122 15.5 -1.1
"24" "24" 1988-12-23 29.82 "DAL" "@" "MIL" "L" -12 1 30 0.643 0.6 4.3 0 1.8 22.2 0 0 10.9 25.2 123 127 13.7 4.5
"25" "25" 1988-12-27 29.84 "DAL" "" "SAS" "W" 9 1 39 0.592 0.563 3.6 18 11.5 0 0 0 19.2 21.8 108 108 10.1 -6.2
"26" "26" 1988-12-29 29.84 "DAL" "" "BOS" "W" 16 1 43 0.771 0.737 0 2.5 1.4 14.9 1.1 1.3 0 20.6 167 122 29.8 8.4
"27" "27" 1989-01-03 29.85 "DAL" "@" "SAC" "L" -27 1 37 0.518 0.5 2.4 0 1.4 11.1 0 1.5 4.9 22.9 106 129 12.4 -0.8
"28" "28" 1989-01-06 29.86 "DAL" "@" "PHO" "L" -9 1 34 0.693 0.676 3.4 10.9 7 9.6 1.5 0 5.1 26.4 134 130 21.1 6.8
"29" "29" 1989-01-07 29.87 "DAL" "@" "DEN" "L" -21 1 32 0.528 0.455 2.5 15 8.2 0 0 1.6 7.5 15.6 108 110 8.8 -2.5
"30" "30" 1989-01-09 29.87 "DAL" "" "PHI" "L" -18 1 36 0.5 0.5 2.8 3.9 3.3 15.4 0 0 0 18.5 125 143 10.7 -3.8
"31" "31" 1989-01-11 29.88 "DAL" "@" "GSW" "L" -1 1 37 0.457 0.429 2.3 30.5 13 19.5 1.3 0 16.4 18.7 96 109 10.4 -1.4
"32" "32" 1989-01-12 29.88 "DAL" "@" "SEA" "L" -35 1 34 0.167 0.167 6.1 13.2 9 8 2.9 1.9 14.3 17 48 128 0 -11.3
"33" "33" 1989-01-14 29.88 "DAL" "@" "HOU" "L" -12 1 45 0.625 0.556 5.8 6.5 6.1 9.8 2.2 0 26.3 15 102 117 10.6 -1.9
"34" "34" 1989-01-15 29.89 "DAL" "" "POR" "W" 3 1 38 0.578 0.579 0 16.5 9 18 0 0 8.8 25.2 112 110 16.1 -1.2
"35" "35" 1989-01-18 29.9 "DAL" "" "DEN" "W" 10 1 41 0.586 0.529 2.8 13.5 8.7 20.6 0 0 9.6 22.6 115 99 17.3 3.5
"36" "36" 1989-01-20 29.9 "DAL" "@" "LAL" "L" -16 1 37 0.653 0.607 2.7 6.5 4.4 19.5 1.3 0 11.5 20.1 122 122 15.7 3.1
"37" "37" 1989-01-24 29.91 "DAL" "@" "CHI" "L" -18 1 38 0.583 0.583 9.2 9.5 9.4 13.8 1.4 0 5 24.1 122 125 17.7 4.6
"38" "38" 1989-01-25 29.92 "DAL" "" "LAC" "W" 19 1 16 0.4 0.4 6.7 0 3.1 8.3 0 0 16.7 15.2 89 111 0.5 -13.3
"39" "39" 1989-02-06 29.95 "DAL" "@" "LAC" "W" 18 1 35 0.607 0.538 3.3 10 6.7 24.4 2.7 0 0 18.9 142 111 20.4 4.8
"40" "40" 1989-02-07 29.95 "DAL" "@" "POR" "L" -9 1 43 0.751 0.727 0 7.1 4.3 12.8 1.1 0 19.6 30.9 120 129 24 1.1
"41" "41" 1989-02-09 29.96 "DAL" "@" "UTA" "W" 7 1 26 0.597 0.6 0 7.2 4.3 19.8 0 0 8.4 22.8 111 103 9.3 -0.7
"42" "42" 1989-02-14 29.97 "DAL" "" "LAC" "W" 19 1 38 0.48 0.412 0 2.3 1.4 21.6 0 4 5.1 23.3 108 108 13.3 -4.3
"43" "43" 1989-02-16 29.98 "DAL" "" "MIA" "W" 13 1 37 0.494 0.4 2.8 5.3 4.1 27.6 0 0 18.9 24.9 98 93 9.6 -1.2
"44" "44" 1989-02-18 29.98 "DAL" "" "HOU" "L" -11 1 43 0.426 0.426 0 5 2.3 15.5 0 0 10 31.2 89 122 8.5 -9.8
"45" "45" 1989-02-20 29.99 "DAL" "@" "SAS" "W" 12 1 40 0.748 0.684 3 2.4 2.7 23.6 0 0 10.8 27.6 149 103 28.8 12.4
"46" "46" 1989-02-22 29.99 "DAL" "@" "DEN" "L" -3 1 42 0.658 0.636 2.8 11.4 7.1 23.6 1.2 0 10.7 30.2 127 117 26.1 7.2
"47" "47" 1989-02-24 30 "DAL" "" "GSW" "L" -35 1 37 0.609 0.583 0 5.6 2.6 6.8 2.5 0 13.7 22.9 108 126 13.9 -0.8
"48" "48" 1989-02-25 30 "DAL" "" "WSB" "W" 34 1 42 0.657 0.625 3.2 1.8 2.3 20.9 1.2 0 0 22.4 149 107 24.9 5.9
"49" "49" 1989-02-27 30 "DAL" "@" "ATL" "L" -22 1 35 0.59 0.531 0 8.3 3.8 31.1 4.5 0 13.9 28.9 110 112 17.3 9.3
"50" "50" 1989-02-28 30.01 "DAL" "@" "MIA" "W" 1 1 41 0.503 0.409 2.9 6.2 4.5 9.8 1.3 0 6.9 32.7 108 118 14.9 -3.2
"51" "51" 1989-03-03 30.01 "DAL" "@" "BOS" "L" -1 1 37 0.467 0.467 10 3.1 6.4 9 1.4 0 11.8 20.1 101 124 8.3 -5.4
"52" "52" 1989-03-04 30.02 "DAL" "@" "WSB" "L" -14 1 40 0.606 0.471 0 9.7 4.7 13 1.2 0 4.3 25.2 129 124 19.7 4.1
"53" "53" 1989-03-06 30.02 "DAL" "" "NJN" "W" 6 1 40 0.54 0.5 2.6 2.4 2.5 4.2 1.2 0 22.4 19.5 87 107 7 -7.4
"54" "54" 1989-03-08 30.03 "DAL" "" "POR" "W" 7 1 40 0.536 0.412 0 3.9 2.3 37.5 0 0 19.6 26.6 102 101 12.5 -0.5
"55" "55" 1989-03-10 30.03 "DAL" "@" "HOU" "L" -10 1 40 0.492 0.4 6.5 10.9 8.5 31.9 0 0 7.6 29.8 108 108 17.5 6.7
"56" "56" 1989-03-11 30.04 "DAL" "@" "SAS" "L" -7 1 40 0.548 0.524 11.4 13 12.3 20 2.4 0 26.8 30.6 94 96 14.4 3.3
"57" "57" 1989-03-13 30.04 "DAL" "" "MIL" "L" -16 1 38 0.227 0.2 0 0 0 14 1.4 0 11.5 21.3 55 127 -1.3 -15.7
"58" "58" 1989-03-15 30.05 "DAL" "@" "GSW" "L" -13 1 38 0.409 0.367 8.6 9.2 8.9 12 2.7 0 27.4 24.2 76 121 4.8 -8.2
"59" "59" 1989-03-17 30.05 "DAL" "@" "LAL" "L" -3 1 36 0.386 0.222 0 3.1 1.5 30.5 1.5 0 7.2 17.5 102 122 8.3 -3.5
"60" "60" 1989-03-18 30.05 "DAL" "@" "SAC" "L" -10 1 38 0.451 0.357 2.7 3.5 3 30.8 1.4 0 19.4 24.5 89 117 9.3 -3.7
"61" "61" 1989-03-20 30.06 "DAL" "@" "POR" "L" -21 1 33 0.72 0.692 0 5.3 3.2 13.3 0 0 17.8 23.8 115 128 13.1 0.1
"62" "62" 1989-03-22 30.07 "DAL" "@" "LAC" "L" -4 1 38 0.575 0.55 3.1 0 1.6 4.1 0 1.5 4.6 25.3 111 122 15.1 -3
"63" "63" 1989-03-24 30.07 "DAL" "" "DEN" "L" -9 1 42 0.535 0.469 2.8 0 1.3 20.2 0 0 0 19.2 119 128 14.7 -0.9
"64" "64" 1989-03-27 30.08 "DAL" "@" "DET" "L" -13 1 40 0.599 0.529 0 0 0 22.4 1.3 2 5 24.1 118 105 17.4 9.3
"65" "65" 1989-03-28 30.08 "DAL" "@" "CLE" "L" -12 1 36 0.46 0.389 2.9 14.4 8 28.9 2.7 0 16.2 29.9 89 104 11.7 -0.9
"66" "66" 1989-03-30 30.09 "DAL" "@" "NYK" "L" -1 1 37 0.52 0.469 0 8.6 4.8 26.9 1.4 0 18.8 26 96 107 11.7 -0.9
"67" "67" 1989-03-31 30.09 "DAL" "@" "IND" "W" 3 1 40 0.503 0.472 7.5 3.1 5.1 20.4 1.4 0 0 23.3 119 122 14.6 -1
"68" "68" 1989-04-02 30.1 "DAL" "" "MIA" "W" 2 1 39 0.479 0.45 0 3.2 1.4 8.2 1.4 0 0 24.5 111 118 11.1 -6.5
"69" "69" 1989-04-04 30.1 "DAL" "@" "UTA" "L" -15 1 33 0.328 0.25 0 5.2 1.9 10.4 0 0 7.6 19.7 74 123 1.7 -10.2
"70" "70" 1989-04-07 30.11 "DAL" "" "SAC" "W" 13 1 42 0.573 0.529 0 7.4 3.3 20.9 2.5 0 9.4 23.5 113 110 16.9 0.9
"71" "71" 1989-04-08 30.11 "DAL" "" "SEA" "L" -24 1 34 0.506 0.441 0 4 1.8 11.7 1.5 0 0 24.4 109 122 11.8 1
"72" "72" 1989-04-10 30.12 "DAL" "" "IND" "L" -7 1 46 0.534 0.472 2 16.6 8.7 7.8 0 0 4.4 21 114 120 14.8 -3.6
"73" "73" 1989-04-12 30.12 "DAL" "" "PHO" "L" -15 1 36 0.235 0.235 0 9.1 3.7 12.2 1.3 1.6 15 21.7 51 109 -1 -11.7
"74" "74" 1989-04-14 30.13 "DAL" "@" "SAS" "W" 8 1 39 0.454 0.333 3.3 16.8 10.6 6.7 1.3 0 10.2 21.2 110 116 10 -7.4
"75" "75" 1989-04-16 30.13 "DAL" "" "HOU" "L" -2 1 47 0.46 0.4 0 9.4 4.9 13.3 2.2 0 12.1 24.2 88 112 11.8 -4.4
"76" "76" 1989-04-18 30.14 "DAL" "@" "MIA" "W" 4 1 34 0.644 0.615 4 11.1 7.7 25.5 1.5 1.9 6.3 21.7 129 104 18.1 5.5
"77" "77" 1989-04-21 30.15 "DAL" "" "UTA" "W" 2 1 32 0.387 0.333 0 8.1 3.5 18.2 0 0 0 10.7 106 104 3.6 -5
"78" "78" 1989-04-23 30.15 "DAL" "@" "DEN" "W" 17 1 33 0.65 0.6 3 17 10.8 12.4 0 1.7 5.8 20.2 136 91 18.2 6.7
"1" "1" 1989-11-03 30.68 "DAL" "" "LAL" "L" -8 1 35 0.547 0.5 8.8 2.7 5.7 0 2.8 0 25.2 19.1 90 107 6.9 -2.9
"2" "2" 1989-11-07 30.7 "DAL" "@" "SAC" "L" -2 1 37 0.577 0.5 5.4 5.2 5.3 0 0 0 9.5 22.9 121 108 12 0.6
"3" "3" 1989-11-08 30.7 "DAL" "@" "LAC" "W" 24 1 30 0.845 0.875 0 15.2 8.2 17.4 0 0 25.3 17.4 124 99 11.6 0.8
"4" "4" 1989-11-10 30.7 "DAL" "" "POR" "L" -8 1 42 0.63 0.643 5.7 7.6 6.7 11.9 0 0 8.5 25.2 114 114 18 2.9
"5" "5" 1989-11-12 30.71 "DAL" "@" "LAL" "L" -9 1 37 0.454 0.308 3.6 8.8 6.5 10.6 1.4 0 10.8 21.5 103 117 9.8 -1.2
"6" "6" 1989-11-14 30.72 "DAL" "@" "SEA" "W" 4 1 48 0.56 0.524 2.6 6.5 4.3 15.3 0 1.5 8.2 21.8 120 113 17.1 2.7
"7" "7" 1989-11-17 30.72 "DAL" "" "LAC" "W" 17 1 33 0.567 0.533 0 3.5 1.9 12.7 1.4 1.8 5.6 22.7 118 105 14 1.3
"8" "8" 1989-11-18 30.73 "DAL" "" "MIA" "W" 1 1 38 0.603 0.563 3.1 10 6.4 10.3 2.6 0 5 23.2 120 104 18.6 2.9
"9" "9" 1989-11-21 30.73 "DAL" "@" "DEN" "L" -16 1 35 0.739 0.667 0 17.9 9.8 6.5 1.4 1.5 12.3 20.5 131 111 17.6 6
"10" "10" 1989-11-24 30.74 "DAL" "" "MIN" "W" 10 1 37 0.526 0.524 7.4 10.2 9.1 21 1.6 1.5 4.4 28.7 125 108 18 5.1
"11" "11" 1989-11-25 30.75 "DAL" "" "SEA" "L" -47 1 32 0.669 0.688 6.1 7.1 6.6 28.6 0 0 10.8 25.1 120 129 15.8 9.3
"12" "12" 1989-11-29 30.76 "DAL" "" "CHH" "W" 19 1 38 0.508 0.421 2.7 8.6 6 14.6 4 1.4 0 25.6 115 86 19.6 7.3
"13" "13" 1989-11-30 30.76 "DAL" "@" "SAS" "L" -4 1 39 0.553 0.533 2.9 6 4.4 10.2 0 0 5.2 21.7 114 106 12 1.3
"14" "14" 1989-12-02 30.76 "DAL" "@" "HOU" "W" 3 1 40 0.501 0.421 2.5 12.6 7 20.4 1.3 0 4.2 27.5 110 113 16.7 0.7
"15" "15" 1989-12-05 30.77 "DAL" "" "GSW" "W" 19 1 34 0.799 0.75 0 2.7 1.6 14 1.5 0 12.7 20.6 141 98 17.8 5.1
"16" "16" 1989-12-07 30.78 "DAL" "@" "UTA" "L" -10 1 39 0.6 0.6 0 7.5 3.7 9.9 2.6 0 6.3 19.1 112 113 13.7 2.3
"17" "17" 1989-12-08 30.78 "DAL" "" "SAS" "L" -6 1 35 0.352 0.368 6.1 7.4 6.7 14 0 0 4.8 25.6 91 116 5.4 -4.9
"18" "18" 1989-12-12 30.79 "DAL" "@" "CHI" "L" -8 1 38 0.394 0.368 2.7 9.2 5.8 9.3 1.3 2.9 12.9 27.2 76 113 6.3 -7.4
"19" "19" 1989-12-13 30.79 "DAL" "@" "MIN" "W" 3 1 39 0.559 0.529 0 5.4 2.9 14.8 0 0 5.3 22.7 113 106 13 0.7
"20" "20" 1989-12-15 30.8 "DAL" "@" "PHI" "W" 7 1 44 0.61 0.526 0 14.4 6.5 15.5 1.2 0 0 24.6 127 99 22.9 6.6
"21" "21" 1989-12-16 30.8 "DAL" "@" "WSB" "L" -4 1 37 0.756 0.731 3.7 13 8.6 4.3 1.3 1.4 6.7 18.2 148 115 17.6 6.3
"22" "22" 1989-12-19 30.81 "DAL" "@" "CHH" "L" -5 1 38 0.691 0.692 13 13.3 13.1 17.6 1.4 0 11.6 20.8 133 117 18.9 4.6
"23" "23" 1989-12-20 30.81 "DAL" "@" "NJN" "W" 6 1 33 0.539 0.467 9.1 6.1 7.3 7.3 1.7 0 0 26.1 128 98 14.6 6.8
"24" "24" 1989-12-22 30.82 "DAL" "" "LAC" "W" 9 1 41 0.566 0.478 0 18.6 10.8 17.9 1.3 0 6.8 34.9 119 102 22.4 3.7
"25" "25" 1989-12-23 30.82 "DAL" "" "SAC" "W" 7 1 36 0.561 0.476 9.8 9.8 9.8 17.6 0 0 7.7 32.1 126 114 19.4 5.2
"26" "26" 1989-12-27 30.83 "DAL" "" "ATL" "W" 13 1 41 0.649 0.538 6.9 8.7 8 16.3 2.6 0 10.5 20.6 142 110 20.2 5.3
"27" "27" 1989-12-29 30.84 "DAL" "" "POR" "L" -4 1 55 0.531 0.448 3.6 1.9 2.7 26.9 0 0 13.2 28.2 110 119 21 0.1
"28" "28" 1989-12-30 30.84 "DAL" "" "DEN" "W" 7 1 41 0.544 0.521 0 4.5 2.4 8.1 2.3 0 10.1 30 103 99 16 1.1
"29" "29" 1990-01-02 30.85 "DAL" "" "IND" "W" 4 1 46 0.611 0.444 2.8 3.7 3.4 13.2 0 0 0 24 140 120 21.7 1.3
"30" "30" 1990-01-04 30.85 "DAL" "@" "PHO" "L" -17 1 39 0.595 0.556 0 13 6.2 17.2 2.6 0 13.4 26 110 125 16.6 1.5
"31" "31" 1990-01-05 30.86 "DAL" "" "PHI" "L" -25 1 40 0.385 0.313 2.1 13.7 6.5 34.3 0 0 0 19.5 100 115 11.1 0.7
"32" "32" 1990-01-08 30.87 "DAL" "" "SEA" "W" 14 1 39 0.571 0.429 3.2 10 7.1 12.9 2.7 1.5 0 21.4 139 105 19.1 4.9
"33" "33" 1990-01-10 30.87 "DAL" "@" "GSW" "L" -4 1 43 0.638 0.55 3.2 5.7 4.5 9.9 0 0 14.5 26.5 119 133 18.6 -2.9
"34" "34" 1990-01-11 30.87 "DAL" "@" "SEA" "L" -11 1 38 0.791 0.733 0 5.4 2.9 18.6 0 0 17.4 29 133 113 20.2 9.2
"35" "35" 1990-01-13 30.88 "DAL" "" "UTA" "L" -10 1 37 0.368 0.267 5.6 7.9 6.6 25.3 0 0 14.5 25 88 125 6.1 -7.5
"36" "36" 1990-01-15 30.88 "DAL" "@" "DEN" "L" -11 1 38 0.515 0.5 0 0 0 37.4 1.3 0 14 25.5 97 111 12.5 0.3
"37" "37" 1990-01-17 30.89 "DAL" "" "PHO" "L" -20 1 35 0.418 0.368 2.9 3.5 3.2 10.4 0 0 4.7 27.5 89 128 7.9 -4.1
"38" "38" 1990-01-23 30.91 "DAL" "" "WSB" "W" 24 1 28 0.63 0.556 0 3.4 2 11.8 0 0 8.8 17.2 128 111 10.1 -1.9
"39" "39" 1990-01-26 30.92 "DAL" "" "SAC" "W" 13 1 33 0.486 0.467 0 5.9 3.2 16.2 1.6 1.8 6.1 23.4 101 106 11 -1.1
"40" "40" 1990-01-27 30.92 "DAL" "@" "HOU" "W" 7 1 34 0.474 0.474 3.5 0 1.6 15 3 1.7 24 32.3 81 101 7 -3.3
"41" "41" 1990-01-29 30.92 "DAL" "" "NJN" "W" 20 1 33 0.506 0.5 0 10.8 6.5 12.6 1.5 0 0 14.1 119 95 9.5 -1.4
"42" "42" 1990-01-31 30.93 "DAL" "" "HOU" "W" 7 1 38 0.444 0.357 0 0 0 12.3 0 0 20.2 23.2 88 113 3.5 -8.6
"43" "43" 1990-02-02 30.93 "DAL" "@" "UTA" "L" -13 1 38 0.645 0.538 9 3 6 10 0 0 0 21.8 147 131 18.9 6.3
"44" "44" 1990-02-03 30.94 "DAL" "@" "POR" "L" -31 1 35 0.6 0.6 3.3 7.2 5.1 5 1.3 0 11.8 19.9 108 129 11.3 -1.7
"45" "45" 1990-02-06 30.95 "DAL" "@" "SAC" "W" 10 1 36 0.588 0.588 3.6 8.3 6.3 27 0 0 0 22.5 136 109 17.5 3.9
"46" "46" 1990-02-08 30.95 "DAL" "" "MIN" "W" 13 1 41 0.567 0.467 4.2 10.4 8 23.6 5.6 0 9.7 25.6 118 88 19.9 8.4
"47" "47" 1990-02-13 30.96 "DAL" "" "SAS" "W" 7 1 39 0.45 0.45 0 7.9 4.1 23.7 3.9 0 9.1 24.1 101 102 12.6 1.1
"48" "48" 1990-02-17 30.98 "DAL" "" "ORL" "W" 27 1 29 0.689 0.667 0 10.7 6.6 15.4 1.5 1.9 9.6 13.9 140 101 13.8 4.8
"49" "49" 1990-02-19 30.98 "DAL" "@" "CLE" "W" 9 1 34 0.533 0.533 3.3 3.5 3.4 22.3 1.5 0 21.1 25.7 89 100 9.4 -3.4
"50" "50" 1990-02-22 30.99 "DAL" "@" "MIL" "L" -12 1 42 0.414 0.35 4.9 8.2 6.4 22.9 1.1 0 21.6 27.5 79 112 7.9 -5.7
"51" "51" 1990-02-23 30.99 "DAL" "@" "IND" "W" 11 1 32 0.338 0.25 10.2 3.8 7.1 13.6 0 0 10.1 14.3 94 108 2.7 -6
"52" "52" 1990-02-25 31 "DAL" "@" "MIN" "W" 5 1 37 0.444 0.357 0 0 0 23.6 1.5 1.8 27.6 26.5 77 103 4.2 -5.8
"53" "53" 1990-02-27 31 "DAL" "@" "NYK" "L" -23 1 33 0.455 0.455 5.2 8.3 6.4 5.4 6 0 21.4 17.9 76 109 7.2 -2.3
"54" "54" 1990-02-28 31.01 "DAL" "@" "BOS" "L" -13 1 37 0.5 0.5 0 6.3 2.9 12.8 2.6 0 10 22.8 94 115 10.9 -2
"55" "55" 1990-03-02 31.01 "DAL" "" "PHO" "W" 6 1 37 0.617 0.632 2.8 10 6 13.7 0 0 13.4 25 113 112 15.8 2.4
"56" "56" 1990-03-03 31.01 "DAL" "@" "DEN" "L" -17 1 26 0.276 0.2 0 7.9 4.1 5.4 1.9 0 15.5 22.1 52 109 0.1 -11.2
"57" "57" 1990-03-07 31.02 "DAL" "" "LAL" "L" -12 1 38 0.615 0.615 2.7 12.2 6.6 8.7 0 0 7.1 16.5 134 127 11.3 1.9
"58" "58" 1990-03-10 31.03 "DAL" "@" "HOU" "L" -10 1 25 0.533 0.533 0 8.7 4.2 27.9 0 0 25 30.8 83 106 6 -3
"59" "59" 1990-03-14 31.04 "DAL" "" "BOS" "W" 11 1 43 0.563 0.563 0 0 0 9.1 2.4 1.4 5.9 18.7 113 112 14.2 0.2
"60" "60" 1990-03-16 31.05 "DAL" "" "DEN" "W" 7 1 33 0.328 0.267 3.6 7.8 6.1 8.8 0 0 0 21.5 84 105 4.7 -7.6
"61" "61" 1990-03-18 31.05 "DAL" "@" "DET" "L" -30 1 25 0.131 0.091 7.1 13.4 9.9 14.2 0 0 8 21.6 43 120 -2.4 -14.7
"62" "62" 1990-03-19 31.06 "DAL" "@" "ATL" "W" 7 1 36 0.784 0.688 3.7 11.4 7.5 20.3 7 0 28.2 17.4 124 107 18.4 8
"63" "63" 1990-03-22 31.07 "DAL" "@" "ORL" "W" 10 1 46 0.641 0.571 2.7 2.8 2.8 9.4 3.3 0 13.8 27.8 119 114 23 1.1
"64" "64" 1990-03-23 31.07 "DAL" "@" "MIA" "W" 3 1 32 0.623 0.545 0 0 0 19.4 0 0 26.8 27.7 97 121 8.3 -8.5
"65" "65" 1990-03-25 31.07 "DAL" "" "DET" "W" 2 1 43 0.569 0.556 0 24 11.2 22.3 0 2 4.7 24.5 120 104 18 6.4
"66" "66" 1990-03-27 31.08 "DAL" "" "GSW" "W" 10 1 39 0.696 0.643 2.7 2.7 2.7 15 0 0 5.3 20.2 145 114 20.8 3.2
"67" "67" 1990-03-29 31.08 "DAL" "@" "SAS" "W" 4 1 35 0.615 0.619 8.8 13.7 11.6 32.9 1.5 0 18 35.2 117 116 19.2 2.6
"68" "68" 1990-03-30 31.09 "DAL" "" "MIN" "L" -2 1 42 0.567 0.533 3.6 8.8 6.4 17.3 1.4 1.5 17.8 25.9 105 103 13.1 1
"69" "69" 1990-04-01 31.09 "DAL" "" "MIL" "W" 14 1 31 0.286 0.286 2.5 7.7 4.5 29.2 3.5 2.6 12.5 20.6 73 84 5.6 -0.9
"70" "70" 1990-04-03 31.1 "DAL" "@" "PHO" "L" -6 1 41 0.703 0.615 0 14.6 7.3 19.2 0 0 16.1 20.3 125 125 18.1 0.2
"71" "71" 1990-04-04 31.1 "DAL" "" "SAS" "W" 6 1 38 0.618 0.55 8.4 6.2 7.3 32.8 1.4 1.5 11.7 28.6 130 113 23.6 9.4
"72" "72" 1990-04-07 31.11 "DAL" "" "CHI" "L" -1 1 40 0.547 0.523 6.2 6.2 6.2 19.4 1.3 1.6 7.8 29.5 118 123 17.9 1.4
"73" "73" 1990-04-09 31.12 "DAL" "@" "LAL" "L" -7 1 39 0.598 0.6 0 11.2 5.7 25.4 0 1.9 11.2 20.4 116 123 16.1 1.8
"74" "74" 1990-04-10 31.12 "DAL" "@" "LAC" "L" -8 1 35 0.439 0.396 10 6.9 8.7 6.1 0 0 16 37.1 84 108 8.1 -5.8
"75" "75" 1990-04-12 31.12 "DAL" "@" "GSW" "W" 7 1 39 0.553 0.533 5.4 2.9 4.1 27.3 3.3 1.3 10 18.7 126 118 20.7 4.3
"76" "76" 1990-04-13 31.13 "DAL" "@" "POR" "L" -32 1 29 0.466 0.417 12.5 0 7.5 20.9 1.8 0 18.9 21.3 99 136 8.8 -2
"77" "77" 1990-04-17 31.14 "DAL" "" "UTA" "W" 1 1 38 0.587 0.455 13 0 5.7 18.3 2.7 0 22.7 20.9 107 106 13.9 2.4
"78" "78" 1990-04-19 31.14 "DAL" "@" "CHH" "W" 9 1 29 0.788 0.75 0 7.7 4.4 20.6 0 0 7 21.4 155 114 18.2 9
"79" "79" 1990-04-20 31.15 "DAL" "" "HOU" "W" 1 1 27 0.498 0.4 4.2 0 2 20.1 1.8 0 5.2 29.4 118 127 12.6 -1.6
"80" "80" 1990-04-22 31.15 "DAL" "" "CHH" "W" 11 1 22 0.581 0.5 0 0 0 21.1 2.4 0 12.7 15.3 126 119 7.8 0.4
"1" "1" 1990-11-02 31.68 "DAL" "@" "MIN" "L" -13 1 37 0.581 0.467 3.5 6.8 5.2 19.5 0 0 14.2 26.2 115 122 12.9 0.1
"2" "2" 1990-11-03 31.68 "DAL" "" "DEN" "W" 30 1 25 0.574 0.5 0 12.8 6.5 19.4 1.7 0 8.1 17.8 131 103 12.4 0.6
"3" "3" 1990-11-06 31.69 "DAL" "@" "NYK" "W" 5 1 32 0.549 0.5 0 4.1 1.9 12 0 0 14.2 30.4 97 110 9.5 -3.6
"4" "4" 1990-11-07 31.7 "DAL" "@" "PHI" "W" 3 1 34 0.143 0.143 0 3.6 1.8 10.7 0 0 22.2 11.7 42 112 -3.3 -14
"5" "5" 1990-11-09 31.7 "DAL" "" "ORL" "W" 12 1 40 0.638 0.583 2.7 5.7 4.2 34 2.5 0 3.6 30.4 134 106 29.5 10.8
"6" "6" 1990-11-13 31.71 "DAL" "@" "ORL" "L" -6 1 44 0.682 0.636 8.6 6.2 7.5 13.8 2.4 0 7 30.3 135 124 29.4 6.6
"7" "7" 1990-11-14 31.72 "DAL" "@" "MIA" "L" -12 1 40 0.431 0.4 4.2 6.7 5.4 12.2 1.2 0 8.7 23.9 87 107 9.4 -5.6
"8" "8" 1990-11-16 31.72 "DAL" "" "LAL" "W" 13 1 35 0.654 0.654 4.7 5.7 5.3 13.3 0 2.1 13.3 20.7 117 101 11.6 1.6
"9" "9" 1990-11-20 31.73 "DAL" "" "MIN" "L" -1 1 52 0.729 0.667 0 4.4 2.6 17.2 4.7 0 18.5 28.3 122 104 25.4 7.8
"10" "10" 1990-11-23 31.74 "DAL" "" "SAS" "L" -3 1 41 0.657 0.556 0 2.9 1.4 16.6 1.2 0 0 24.3 146 116 24.3 8.4
"11" "11" 1990-11-24 31.74 "DAL" "" "UTA" "L" -11 1 40 0.464 0.4 0 11.4 5.5 5.9 2.7 0 0 26 102 94 13.3 5.3
"12" "12" 1990-11-28 31.75 "DAL" "" "LAC" "W" 19 1 35 0.689 0.65 4 8.1 6.5 32.7 0 0 18.7 34.8 116 101 22 4.9
"13" "13" 1990-12-01 31.76 "DAL" "@" "SAS" "L" -12 1 31 0.34 0.2 0 14.1 5.6 17.3 1.6 1.9 7.8 16.8 83 112 5.8 -4.7
"14" "14" 1990-12-04 31.77 "DAL" "@" "SAC" "L" -20 1 34 0.465 0.4 3.2 4.4 3.7 12 0 0 14.9 28.2 93 129 5.3 -9.1
"15" "15" 1990-12-05 31.77 "DAL" "@" "LAC" "L" -4 1 38 0.405 0.267 2.5 5.1 3.8 10.1 1.5 0 17.8 25.8 85 113 5.4 -8
"16" "16" 1990-12-07 31.78 "DAL" "" "BOS" "L" -8 1 43 0.671 0.63 0 3.2 1.4 15 1.2 0 13.3 30.5 117 120 22.3 3.9
"17" "17" 1990-12-08 31.78 "DAL" "" "HOU" "L" -6 1 42 0.683 0.611 3.2 7.8 5.7 16.7 0 0 4.4 25 143 127 24.4 4.2
"18" "18" 1990-12-12 31.79 "DAL" "@" "LAL" "W" 15 1 45 0.506 0.45 2.7 10 6.5 9.7 0 1.5 15.5 26 98 110 10.7 -4.3
"19" "19" 1990-12-14 31.8 "DAL" "@" "POR" "L" -2 1 45 0.518 0.432 0 6.7 3.7 15 4.3 0 3.8 25.5 115 103 20.1 4.9
"20" "20" 1990-12-15 31.8 "DAL" "@" "SEA" "L" -1 1 36 0.799 0.714 0 8.1 4.2 16 1.5 1.6 5.4 25.8 156 119 25.2 12.3
"21" "21" 1990-12-18 31.81 "DAL" "" "PHO" "L" -19 1 37 0.267 0.267 2.9 3.4 3.2 15.3 1.3 0 6.3 18.4 71 121 1.7 -9.8
"22" "22" 1990-12-21 31.82 "DAL" "" "MIL" "W" 14 1 37 0.637 0.579 0 15.8 8.3 26.8 0 0 15.9 31.6 118 105 18.6 2.9
"23" "23" 1990-12-22 31.82 "DAL" "@" "DEN" "W" 9 1 37 0.772 0.735 0 7.6 4.2 13.5 1.2 0 9.1 24.8 141 109 24.3 6.5
"24" "24" 1990-12-26 31.83 "DAL" "@" "PHO" "L" -27 1 34 0.424 0.357 0 18.6 9.2 23.6 0 1.6 11.5 24.6 83 122 8.9 -4.4
"25" "25" 1990-12-27 31.83 "DAL" "@" "UTA" "L" -8 1 39 0.485 0.447 3.2 6.3 4.8 23 1.4 0 4.4 28 109 123 14.8 -2
"26" "26" 1990-12-29 31.84 "DAL" "" "SAC" "W" 11 1 38 0.576 0.538 3.9 4.7 4.4 16.4 1.4 0 17.8 21.9 102 93 10.7 -1.8
"27" "27" 1991-01-02 31.85 "DAL" "@" "MIN" "L" -20 1 40 0.459 0.375 0 8.4 4 17.4 1.2 0 11.1 28.4 88 114 10.1 -4.5
"28" "28" 1991-01-03 31.85 "DAL" "@" "MIL" "L" -10 1 42 0.583 0.6 3.5 9.3 6.5 15.4 1.3 1.8 16.3 20.9 107 112 13 0.9
"29" "29" 1991-01-06 31.86 "DAL" "@" "BOS" "L" -17 1 39 0.752 0.714 2.8 13.7 7.7 20.6 1.3 0 10 21.2 145 129 24.4 8.7
"30" "30" 1991-01-07 31.86 "DAL" "@" "NJN" "W" 1 1 49 0.382 0.265 7.5 1.9 4.3 26.4 1.1 0 16.9 22 92 102 7.4 -3.8
"31" "31" 1991-01-09 31.87 "DAL" "" "POR" "W" 10 1 40 0.68 0.6 0 4.5 2.3 12.8 0 0 0 19.5 145 111 18.2 2
"32" "32" 1991-01-11 31.87 "DAL" "" "UTA" "L" -11 1 39 0.554 0.536 0 3.2 1.4 11.4 0 0 12.2 18.6 103 123 9 -4.2
"33" "33" 1991-01-12 31.88 "DAL" "" "ORL" "L" -24 1 40 0.646 0.636 0 6.7 2.8 12.7 1.2 0 4.3 23.1 127 127 20.3 2.7
"34" "34" 1991-01-14 31.88 "DAL" "" "DET" "L" -8 1 40 0.455 0.45 2.3 4.6 3.5 0 1.4 0 4.6 24 99 106 8.3 -0.6
"35" "35" 1991-01-16 31.89 "DAL" "@" "SAS" "L" -6 1 42 0.375 0.375 0 10.8 6.3 16.3 0 0 15.8 22.3 74 115 4.4 -10.4
"36" "36" 1991-01-18 31.89 "DAL" "" "LAC" "L" -7 1 46 0.45 0.423 2.2 4.8 3.5 13.8 1.1 0 6.7 28.7 97 116 13.5 -3.4
"37" "37" 1991-01-19 31.9 "DAL" "" "CHH" "W" 15 1 35 0.38 0.306 5.7 3.4 4.7 10.5 1.5 0 0 24.8 101 107 9.2 -4.2
"38" "38" 1991-01-23 31.91 "DAL" "" "CLE" "L" -14 1 39 0.313 0.313 0 3 1.4 16.5 1.3 0 11.1 20.7 66 113 2.1 -8.6
"39" "39" 1991-01-25 31.91 "DAL" "@" "DET" "L" -2 1 41 0.469 0.381 0 6.9 3 25.9 0 1.8 7.5 32.8 100 110 13.5 1.1
"40" "40" 1991-01-26 31.92 "DAL" "@" "WSB" "W" 3 1 36 0.455 0.455 0 2.5 1.7 11.3 0 1.5 8.3 18.1 93 122 5.6 -8.5
"41" "41" 1991-01-29 31.92 "DAL" "" "SEA" "W" 5 1 31 0.49 0.433 7.9 9.4 8.6 8.7 1.7 0 10.9 25 111 126 8.7 -7.5
"42" "42" 1991-02-01 31.93 "DAL" "" "CHI" "L" -11 1 38 0.524 0.523 0 0 0 17.1 1.3 0 8 29.9 98 112 12.5 0.9
"43" "43" 1991-02-05 31.94 "DAL" "" "IND" "W" 5 1 33 0.693 0.667 3 13.6 7.3 4.6 0 0 0 19.1 154 120 16.6 2.1
"44" "44" 1991-02-07 31.95 "DAL" "" "GSW" "W" 1 1 33 0.4 0.286 3.2 3.2 3.2 9 0 0 5.4 23.8 99 114 6.4 -5.4
"45" "45" 1991-02-12 31.96 "DAL" "@" "CHH" "L" -8 1 35 0.455 0.386 2.6 2.9 2.8 29.8 0 0 11 34.1 90 112 11.3 -1.2
"46" "46" 1991-02-13 31.96 "DAL" "@" "CLE" "L" -2 1 42 0.636 0.636 2.8 2.5 2.6 20.8 0 0 12 28.1 108 114 17.4 0.4
"47" "47" 1991-02-15 31.97 "DAL" "" "WSB" "W" 25 1 33 0.895 0.885 0 8.6 4.7 10 2.7 0 11.3 20.9 158 92 24.4 12.3
"48" "48" 1991-02-16 31.97 "DAL" "" "SAS" "W" 2 1 39 0.738 0.682 0 0 0 26.2 1.3 0 3.8 29.4 147 105 30 17.5
"49" "49" 1991-02-18 31.98 "DAL" "@" "GSW" "W" 6 1 36 0.603 0.536 8.9 3.7 6.1 26.2 1.4 0 6 21.1 134 111 17 4
"50" "50" 1991-02-19 31.98 "DAL" "@" "POR" "L" -7 1 29 0.5 0.5 0 4.1 2.4 40.6 0 0 50 16.4 81 123 3.1 -6
"51" "51" 1991-02-21 31.99 "DAL" "" "LAL" "L" -14 1 38 0.315 0.294 2.3 10.8 5.6 17.6 2.7 0 10.3 20.5 83 114 5 -4
"52" "52" 1991-02-23 31.99 "DAL" "@" "ATL" "L" -15 1 31 0.643 0.643 4.3 3.3 3.7 26.6 0 0 33.3 30.6 89 130 8.1 -8.6
"53" "53" 1991-02-26 32 "DAL" "@" "MIN" "L" -6 1 45 0.503 0.476 5.1 5.9 5.5 11.7 3.5 0 0 22.4 111 110 18 1.9
"54" "54" 1991-02-27 32 "DAL" "@" "IND" "W" 4 1 38 0.507 0.4 0 10 4.4 27.6 1.4 0 4.6 25.3 116 113 14.8 0.4
"55" "55" 1991-03-01 32.01 "DAL" "@" "CHI" "L" -23 1 35 0.615 0.6 0 2.9 1.6 16.7 1.5 0 20.6 25.2 99 123 10.7 -2.4
"56" "56" 1991-03-02 32.01 "DAL" "" "MIA" "L" -6 1 36 0.47 0.389 5.4 8.9 7.1 0 0 0 12.9 24.8 97 112 8.5 -4.5
"57" "57" 1991-03-04 32.02 "DAL" "" "NJN" "W" 2 1 37 0.541 0.4 5.6 9.1 7.3 31.1 0 0 13.4 26.3 115 113 16.3 2.5
"58" "58" 1991-03-06 32.02 "DAL" "" "PHI" "L" -5 1 35 0.393 0.393 0 12.8 6.5 12.4 0 0 6.7 20.8 85 115 4.3 -8.3
"59" "59" 1991-03-07 32.02 "DAL" "@" "HOU" "L" -32 1 31 0.346 0.333 0 10.3 3.8 11.8 0 0 20.1 26.3 64 129 -0.7 -15.6
"60" "60" 1991-03-10 32.03 "DAL" "@" "DEN" "L" -14 1 40 0.461 0.429 0 16.4 7.3 17 0 3.2 0 21 115 119 15 -0.2
"61" "61" 1991-03-13 32.04 "DAL" "" "SEA" "W" 2 1 36 0.533 0.533 6.5 9.5 8 23.5 1.5 1.7 6.3 21 119 110 15.2 3.9
"62" "62" 1991-03-15 32.05 "DAL" "" "ATL" "L" -10 1 34 0.487 0.471 0 0 0 10.7 2.9 0 10.3 25.2 96 133 10 -7.4
"63" "63" 1991-03-16 32.05 "DAL" "" "GSW" "L" -12 1 30 0.396 0.346 0 13.3 5.6 17.5 1.6 2.1 12.6 21.7 88 116 5.7 -4.3
"64" "64" 1991-03-18 32.05 "DAL" "" "SAC" "W" 18 1 38 0.781 0.733 0 14 8.1 16.4 1.4 0 0 23.5 172 98 28.2 14.7
"65" "65" 1991-03-20 32.06 "DAL" "" "PHO" "L" -14 1 38 0.464 0.412 3 10 6.3 14.8 0 1.7 5.2 23.8 105 121 12 0
"66" "66" 1991-03-22 32.07 "DAL" "" "NYK" "W" 2 1 40 0.606 0.556 7 7.1 7 9.2 1.3 1.5 19.5 30.5 103 103 16 -0.1
"67" "67" 1991-03-23 32.07 "DAL" "@" "ORL" "L" -12 1 33 0.462 0.462 0 3.5 1.7 21.3 1.5 1.8 7.1 19.2 91 112 8.7 -3.8
"68" "68" 1991-03-27 32.08 "DAL" "" "ORL" "L" -12 1 37 0.474 0.417 2.9 20.2 11.7 28.9 1.4 0 0 26.1 108 104 16.6 5.9
"69" "69" 1991-03-29 32.08 "DAL" "@" "LAC" "L" -9 1 40 0.716 0.667 0 9.5 4.9 17.1 2.6 0 0 20.7 147 116 22.4 6.9
"70" "70" 1991-03-30 32.09 "DAL" "@" "SEA" "L" -13 1 37 0.525 0.525 9.5 4.5 7.4 8.6 1.4 0 9.1 27.1 113 130 12.2 -2.5
"71" "71" 1991-04-02 32.1 "DAL" "" "DEN" "W" 7 1 35 0.599 0.529 3.3 21.9 13.6 21.9 0 1.7 13.5 25.4 116 117 19.3 -0.7
"72" "72" 1991-04-03 32.1 "DAL" "@" "HOU" "L" -16 1 29 0.479 0.45 6.2 4.1 5.3 26 1.7 0 12.6 33.8 91 108 11 3.7
"73" "73" 1991-04-05 32.1 "DAL" "" "UTA" "L" -6 1 33 0.505 0.5 3.6 10.6 7.2 29.4 3.4 2 7.8 19.6 108 106 12.3 6.6
"74" "74" 1991-04-07 32.11 "DAL" "" "POR" "L" -18 1 39 0.563 0.563 2.7 16.1 9.4 16.4 2.7 0 27.3 12.2 95 115 8.9 -1
"75" "75" 1991-04-09 32.12 "DAL" "@" "SAC" "L" -9 1 34 0.747 0.692 6.3 6 6.1 10.6 0 3.5 0 22.3 168 124 22.9 12.4
"76" "76" 1991-04-10 32.12 "DAL" "@" "UTA" "L" -6 1 38 0.559 0.559 0 3.5 1.8 5.1 0 0 5.3 24.5 108 120 11.3 -3.7
"77" "77" 1991-04-15 32.13 "DAL" "@" "LAL" "L" -6 1 33 0.49 0.464 6.9 0 3.8 19.5 2.8 0 11.5 22 104 113 11.3 -0.7
"78" "78" 1991-04-17 32.14 "DAL" "" "MIN" "W" 2 1 29 0.833 0.833 0 3.1 1.9 12.5 0 0 18.2 19.7 130 126 10 0.3
"79" "79" 1991-04-19 32.14 "DAL" "" "HOU" "W" 6 1 28 0.438 0.438 7.8 21 14.7 20.8 0 0 5.9 26 105 111 10.2 -3.1
"80" "80" 1991-04-21 32.15 "DAL" "@" "SAS" "L" -34 1 30 0.434 0.421 6 4.7 5.5 23.5 6 0 0 26.6 104 120 14.4 3.9
"1" "1" 1991-11-01 32.68 "DAL" "@" "SAS" "L" -41 1 25 0.444 0.429 0 6.2 2.7 10.9 1.9 2.2 11.3 16 85 139 5.3 -5.4
"2" "2" 1991-11-02 32.68 "DAL" "" "LAL" "L" -1 1 43 0.536 0.545 4.7 5.6 5.1 18.6 0 0 0 23.6 126 118 17.9 2.3
"3" "3" 1991-11-05 32.69 "DAL" "" "CLE" "L" -11 1 39 0.691 0.643 5.1 9 6.9 0 0 3.4 5.7 19.6 140 125 17.9 2.5
"4" "4" 1991-11-06 32.69 "DAL" "@" "MIN" "W" 3 1 36 0.557 0.5 9.5 6.5 7.7 25.6 0 0 13.2 31 114 114 14.7 -0.6
"5" "5" 1991-11-08 32.7 "DAL" "@" "CHI" "L" -16 1 34 0.441 0.4 11.8 0 6.6 20.5 0 0 15.9 24.4 98 132 8.5 -3
"6" "6" 1991-11-09 32.7 "DAL" "@" "MIL" "L" -16 1 36 0.717 0.625 0 9.2 4 11.1 0 2 17 30.2 119 123 17.9 2
"7" "7" 1991-11-12 32.71 "DAL" "" "HOU" "L" -6 1 37 0.573 0.521 4.6 6 5.2 24.2 0 0 3.7 32 126 118 21.4 8.9
"8" "8" 1991-11-14 32.72 "DAL" "" "LAC" "W" 7 1 41 0.67 0.556 2.4 2.6 2.5 11 1.3 0 4.3 24.5 149 106 23.8 10.7
"9" "9" 1991-11-16 32.72 "DAL" "" "PHO" "W" 3 1 37 0.514 0.353 3.3 7.9 5.9 10.3 1.4 0 18.9 32.7 94 98 11.1 -2.3
"10" "10" 1991-11-19 32.73 "DAL" "@" "DEN" "W" 3 1 33 0.556 0.5 0 9.3 5.1 5.2 0 0 11 26.9 101 110 9.8 -4.4
"11" "11" 1991-11-20 32.73 "DAL" "" "NYK" "L" -3 1 36 0.636 0.588 3 3.6 3.3 16.2 1.6 0 4.8 28.1 130 115 19 8.7
"12" "12" 1991-11-23 32.74 "DAL" "" "UTA" "W" 12 1 46 0.621 0.611 4.9 15.8 10.6 22.2 0 1.6 0 18.4 142 106 24.1 7.2
"13" "13" 1991-11-27 32.75 "DAL" "" "IND" "W" 7 1 38 0.531 0.375 2.5 15.4 8.2 10 0 1.6 0 15.8 137 111 13.8 0
"14" "14" 1991-12-03 32.77 "DAL" "" "ATL" "L" -4 0 25 0.305 0.231 8.2 3.5 5.6 11.9 2.1 2.1 6.3 28.2 75 114 4.1 -5.5
"15" "15" 1991-12-05 32.77 "DAL" "@" "GSW" "L" -10 1 35 0.483 0.406 0 10.5 4.7 7.9 0 0 13.9 24.4 93 119 6.5 -8.2
"16" "16" 1991-12-07 32.78 "DAL" "@" "SEA" "L" -3 1 41 0.618 0.575 3.3 5.3 4.4 17.3 1.4 0 8.1 28.3 130 124 20.7 4.1
"17" "17" 1991-12-08 32.78 "DAL" "@" "LAL" "L" -15 1 37 0.507 0.433 5.5 6.8 6.1 13.8 1.4 0 15.2 23.5 97 111 10.6 -2.3
"18" "18" 1991-12-10 32.79 "DAL" "" "MIA" "W" 4 1 44 0.618 0.545 2.9 4.9 4 26.2 2.3 0 10.7 28.5 120 106 23.7 5
"19" "19" 1991-12-11 32.79 "DAL" "@" "CHH" "W" 3 1 37 0.594 0.556 9.3 0 4.5 4.5 1.4 0 4.7 26.8 125 117 17 0.9
"20" "20" 1991-12-13 32.79 "DAL" "@" "IND" "L" -16 1 32 0.581 0.5 0 11.3 5.1 10 0 0 12.7 20.9 104 127 10.3 -4.1
"21" "21" 1991-12-14 32.8 "DAL" "@" "CLE" "W" 2 1 35 0.658 0.611 3.4 5.7 4.7 9.8 1.5 0 9.2 28 128 110 18.7 6
"22" "22" 1991-12-17 32.81 "DAL" "" "SAS" "L" -11 1 40 0.485 0.395 2.4 3.8 3 15.3 0 1.8 8.5 27.3 103 116 10.7 -3.5
"23" "23" 1991-12-20 32.81 "DAL" "" "WSB" "L" -8 1 38 0.383 0.35 2.5 12 6.8 11.8 2.6 0 4.6 24 89 109 9.8 -4.8
"24" "24" 1991-12-21 32.82 "DAL" "" "SAC" "W" 24 1 32 0.472 0.472 6.4 7.6 7.1 10.3 1.5 0 0 22 123 89 11.5 1
"25" "25" 1991-12-23 32.82 "DAL" "@" "HOU" "W" 20 1 39 0.633 0.6 2.9 3.2 3 8.1 2.7 0 8.6 26.8 121 96 20.2 4.1
"26" "26" 1991-12-26 32.83 "DAL" "@" "POR" "L" -25 1 28 0.324 0.3 3.6 0 2 18.9 1.8 0 11.5 27.7 67 120 2.5 -9.2
"27" "27" 1991-12-28 32.84 "DAL" "@" "PHO" "L" -18 1 37 0.6 0.588 5.6 9.3 7.4 7.6 1.3 0 21.4 25.7 99 118 12.2 -2.1
"28" "28" 1992-01-03 32.85 "DAL" "" "DET" "L" -10 1 32 0.446 0.389 3 16.3 9.4 10.3 1.7 1.9 4.7 28.4 104 113 11.3 1.8
"29" "29" 1992-01-04 32.85 "DAL" "@" "UTA" "L" -35 1 29 0.241 0.208 0 4.2 1.8 5.8 0 1.9 7.4 19.8 54 123 -0.9 -10.1
"30" "30" 1992-01-07 32.86 "DAL" "" "LAL" "L" -24 1 31 0.308 0.308 4.7 10.8 7.1 27.8 0 1.8 23.5 21.6 66 113 2.2 -7.8
"31" "31" 1992-01-09 32.87 "DAL" "@" "ATL" "L" -16 1 36 0.654 0.583 5 6.8 5.8 14.2 0 0 17.9 18.2 121 133 13.4 -2.9
"32" "32" 1992-01-10 32.87 "DAL" "" "SEA" "L" -12 1 38 0.567 0.533 0 2.9 1.3 12.7 0 0 5.9 20.6 116 117 9.8 -1.7
"33" "33" 1992-01-13 32.88 "DAL" "@" "DET" "L" -3 1 40 0.486 0.467 0 2.6 1.2 4.7 0 0 16.3 19.3 90 101 4.1 -6.1
"34" "34" 1992-01-14 32.88 "DAL" "@" "NJN" "L" -9 1 39 0.676 0.656 3.5 5.2 4.5 16.3 0 1.5 25.3 26.9 103 111 12.9 1.9
"35" "35" 1992-01-16 32.89 "DAL" "" "DEN" "L" -11 1 40 0.474 0.361 0 0 0 29 0 2.9 4.5 23.7 111 119 14 2.3
"36" "36" 1992-01-18 32.89 "DAL" "" "GSW" "L" -2 1 36 0.624 0.553 6.3 3.9 5.5 7.3 0 1.6 8.5 22.4 134 131 17.4 0.4
"37" "37" 1992-01-22 32.9 "DAL" "" "MIL" "W" 2 1 29 0.683 0.583 0 0 0 18.9 0 0 12 25.2 133 136 13.6 0.5
"38" "38" 1992-01-24 32.91 "DAL" "@" "ORL" "L" -18 1 34 0.286 0.286 5 3.2 4.2 8.2 0 1.7 12.5 18.2 67 125 0.8 -11.7
"39" "39" 1992-01-25 32.91 "DAL" "@" "MIA" "L" -2 1 38 0.472 0.474 0 5.3 2.6 11.6 1.4 0 4.5 24.6 104 115 11 -1.5
"40" "40" 1992-01-29 32.92 "DAL" "" "SAS" "L" -15 1 25 0.36 0.346 7.7 15.7 11.6 14.1 0 0 12.6 26.5 80 113 3.3 -8.5
"41" "41" 1992-01-31 32.93 "DAL" "" "CHI" "L" -15 1 34 0.5 0.5 5.3 13.4 8.9 31.7 0 0 4.8 26.8 114 119 14.7 6
"42" "42" 1992-02-01 32.93 "DAL" "" "UTA" "L" -14 1 41 0.563 0.563 0 0 0 7.9 5.3 0 11.1 20.7 105 117 13.8 1.9
"43" "43" 1992-02-03 32.94 "DAL" "@" "SAC" "L" -4 1 42 0.496 0.429 11.4 14.9 13.3 19.9 1.3 1.4 17.7 31.2 102 111 15.9 -1.1
"44" "44" 1992-02-04 32.94 "DAL" "@" "LAC" "L" -17 1 34 0.258 0.235 2.6 7.1 4.5 22.3 1.5 0 0 21.8 69 106 3.4 -5.7
"45" "45" 1992-02-06 32.95 "DAL" "" "POR" "L" -5 1 38 0.65 0.65 2.4 10.4 6.7 22.9 0 0 4.8 23.4 134 114 19.6 9.8
"46" "46" 1992-02-12 32.96 "DAL" "" "BOS" "W" 8 1 34 0.514 0.357 3.2 15.1 9.9 0 1.4 0 14.6 25.9 97 100 9.1 -6
"47" "47" 1992-02-14 32.97 "DAL" "@" "DEN" "L" -20 1 27 0.394 0.375 3.4 10.1 6.7 5.8 1.7 0 10.1 14.9 81 104 4.5 -4.4
"48" "48" 1992-02-15 32.97 "DAL" "" "HOU" "W" 4 1 33 0.672 0.625 3.7 3 3.3 40.7 0 0 11.5 35 127 108 22.7 9.8
"49" "49" 1992-02-18 32.98 "DAL" "" "PHI" "L" -4 1 37 0.402 0.368 2.3 6.2 3.9 21.7 3 0 4.8 23.7 101 108 9.7 -0.4
"50" "50" 1992-02-19 32.98 "DAL" "@" "UTA" "L" -22 1 23 0.658 0.611 0 0 0 0 0 0 9.2 22.6 120 136 6.9 -4.2
"51" "51" 1992-02-21 32.99 "DAL" "" "MIN" "W" 15 1 26 0.506 0.444 0 20.1 10.8 12.9 3.7 0 16.8 19.5 92 91 8.5 -0.7
"52" "52" 1992-02-24 32.99 "DAL" "" "GSW" "L" -7 1 29 0.617 0.455 7 13.1 9.7 17.3 3.1 0 16.3 23.4 130 128 15.8 1.8
"53" "53" 1992-02-26 33 "DAL" "@" "MIN" "L" -1 1 28 0.615 0.618 0 4.4 2.1 0 0 2.3 5.3 30 123 123 11.7 2.5
"54" "54" 1992-02-28 33.01 "DAL" "" "PHO" "W" 8 1 23 0.55 0.55 9.7 5.2 7.5 11.7 0 2.7 16.7 21.6 116 119 7.4 0.5
"55" "55" 1992-03-01 33.01 "DAL" "@" "BOS" "L" -10 1 27 0.67 0.65 7.7 8.9 8.3 19.5 0 0 22.3 21.7 113 116 10.1 2.7
"56" "56" 1992-03-03 33.02 "DAL" "@" "NYK" "L" -19 1 35 0.512 0.385 3.2 3.1 3.2 0 0 0 11.3 23.6 101 125 7.5 -5.2
"57" "57" 1992-03-05 33.02 "DAL" "@" "WSB" "L" -10 1 33 0.587 0.559 3.5 0 1.9 18 1.4 0 0 22.4 130 119 16 4.6
"58" "58" 1992-03-06 33.02 "DAL" "@" "PHI" "L" -2 1 36 0.679 0.607 0 0 0 6.9 3.1 1.8 11 24.3 125 105 16 7.1
"59" "59" 1992-03-08 33.03 "DAL" "" "SAS" "L" -12 1 30 0.423 0.423 0 11.7 5.4 12.8 0 0 0 20.1 101 116 5.4 -4.5
"60" "60" 1992-03-10 33.04 "DAL" "@" "HOU" "L" -23 1 24 0.543 0.5 4.3 6.1 5 22.2 0 0 28 29.8 84 120 6.1 -7
"61" "61" 1992-03-11 33.04 "DAL" "" "CHH" "L" -15 1 20 0.425 0.3 0 4.7 2.4 27 0 2.6 33.8 18 77 121 2.3 -6.3
"62" "62" 1992-03-13 33.04 "DAL" "@" "LAC" "L" -8 1 24 0.393 0.393 4.3 13 8.6 8.3 0 0 26.3 34.1 67 118 0.5 -13.9
"63" "63" 1992-03-15 33.05 "DAL" "@" "SEA" "L" -9 1 29 0.704 0.656 0 4.1 2 0 5.4 0 14.5 30 126 116 15.7 10
"64" "64" 1992-03-17 33.05 "DAL" "@" "PHO" "L" -11 1 36 0.436 0.389 0 2.5 1.4 28.6 2.8 0 16.2 14.9 93 99 6.8 2.1
"65" "65" 1992-03-18 33.06 "DAL" "" "LAC" "L" -31 1 16 0.375 0.375 0 18.2 7.3 0 0 0 33.3 32.6 51 132 -2.2 -22.5
"66" "66" 1992-03-20 33.06 "DAL" "" "SAC" "L" -29 1 28 0.559 0.529 0 4 1.9 8.9 0 0 10.1 30.5 107 132 9.1 -3.5
"67" "67" 1992-03-22 33.07 "DAL" "" "SEA" "L" -8 1 40 0.735 0.656 0 20 10.4 10.3 0 0 8.9 25.5 142 123 21.5 5.4
"68" "68" 1992-03-24 33.07 "DAL" "@" "POR" "L" -26 1 26 0.5 0.5 3.6 3.9 3.8 8.8 0 0 12.5 27.1 90 117 5.9 -2.7
"69" "69" 1992-03-26 33.08 "DAL" "@" "LAL" "L" -23 1 30 0.37 0.357 3.3 10.3 6.1 40 3.5 0 6.3 23.4 91 123 9.2 0.2
"70" "70" 1992-03-29 33.09 "DAL" "" "DEN" "W" 7 1 39 0.557 0.5 0 7.5 4 17.6 0 0 16.8 25.8 104 107 12.3 -4.6
"71" "71" 1992-04-11 33.12 "DAL" "@" "HOU" "W" 7 1 40 0.609 0.568 10.6 4.8 7.1 24.4 1.3 0 7.5 31 122 106 23.8 5.6
"72" "72" 1992-04-14 33.13 "DAL" "@" "SAS" "L" -12 1 37 0.526 0.526 2.6 5.2 3.9 9.2 2.6 0 9.5 23.9 103 120 12.2 -0.3
"73" "73" 1992-04-15 33.13 "DAL" "" "POR" "L" -6 1 31 0.458 0.382 3.1 3.3 3.2 0 0 0 0 27.5 110 118 8.7 -1
"74" "74" 1992-04-17 33.14 "DAL" "" "HOU" "W" 3 1 37 0.461 0.444 0 10 5.2 7.7 4.2 0 5.1 25 93 110 10.7 -5.3
"75" "75" 1992-04-19 33.15 "DAL" "@" "DEN" "W" 12 1 32 0.654 0.654 0 6 3.3 5.4 0 1.7 13.3 20.2 114 101 11.1 1.8
"1" "1" 1992-11-06 33.7 "NYK" "@" "ATL" "W" 12 0 13 0.658 0.5 0 9.2 5.2 10.4 0 0 15.8 21.3 125 105 5 1.3
"2" "2" 1992-11-07 33.7 "NYK" "" "PHI" "W" 4 0 12 0.543 0.583 0 0 0 36.4 0 0 0 22.7 117 96 5 7.7
"3" "3" 1992-11-16 33.72 "NYK" "@" "POR" "L" -15 0 10 0 0 0 12.3 6.8 12.3 0 0 0 18.1 16 123 -1.8 -17.3
"4" "4" 1992-11-17 33.73 "NYK" "@" "SEA" "L" -10 0 17 0.676 0.75 0 18.2 7.6 29.7 0 0 0 10.7 154 113 6.3 8.2
"5" "5" 1992-11-19 33.73 "NYK" "@" "LAC" "L" -10 0 14 0.073 0 0 0 0 31.2 0 0 12.7 23.9 34 111 -4.1 -19.9
"6" "6" 1992-11-21 33.74 "NYK" "" "ORL" "W" 15 1 41 0.424 0.389 0 9.5 4.7 33.7 1.2 0 9.6 23.1 92 84 9.7 1.4
"7" "7" 1992-11-24 33.75 "NYK" "" "WSB" "W" 10 1 27 0.455 0.455 4 7.9 6 15.2 0 0 0 17.7 107 99 7.3 -1.5
"8" "8" 1992-11-25 33.75 "NYK" "@" "MIN" "W" 21 1 19 0.5 0.5 0 0 0 32.9 0 0 14.3 17.3 110 103 4.7 -1.6
"9" "9" 1992-11-28 33.76 "NYK" "" "CHI" "W" 37 1 23 0.46 0.4 0 0 0 10.8 0 0 0 20.5 132 101 6 -0.4
"10" "10" 1992-11-29 33.76 "NYK" "@" "DET" "L" -16 1 28 0.55 0.55 3.7 0 1.8 17.6 0 2.4 23.1 21.3 88 113 4.6 0.9
"11" "11" 1992-12-01 33.76 "NYK" "" "POR" "W" 16 1 20 0.375 0.375 0 0 0 14 0 0 7.7 25.4 86 98 2.2 -5.8
"12" "12" 1992-12-03 33.77 "NYK" "@" "CLE" "L" -10 1 31 0.625 0.625 0 7 3.5 15.9 1.7 0 14.3 20.2 108 110 10.3 4.1
"13" "13" 1992-12-05 33.78 "NYK" "" "MIL" "W" 13 1 25 0.45 0.45 9.6 0 4.4 25.7 0 0 9.1 19.5 119 121 6.3 -4.2
"14" "14" 1992-12-08 33.78 "NYK" "" "SEA" "W" 12 1 15 0.3 0.3 0 7.4 3.7 17.9 0 0 37.5 21.8 52 98 -3 -15.8
"15" "15" 1992-12-10 33.79 "NYK" "" "CHH" "L" -7 1 25 0.481 0.455 4.5 11 8.1 39.3 2 0 14.9 22.4 104 103 9.3 3.6
"16" "16" 1992-12-12 33.79 "NYK" "" "DET" "W" 7 1 24 0.398 0.3 17.8 0 9.9 19.4 0 0 8.1 22.9 112 115 6.3 -4.4
"17" "17" 1992-12-14 33.8 "NYK" "" "DEN" "W" 17 1 32 0.638 0.583 0 9.8 5.2 21.8 0 0 0 18.6 137 101 14.7 5.2
"18" "18" 1992-12-15 33.8 "NYK" "@" "NJN" "W" 14 1 18 0.375 0.375 0 0 0 9.2 2.8 0 20 24.2 71 105 -0.3 -11
"19" "19" 1992-12-18 33.81 "NYK" "@" "BOS" "W" 26 1 23 0.721 0.643 0 9.7 5.3 17.1 0 0 10.7 17.9 141 96 9.6 4.2
"20" "20" 1992-12-19 33.81 "NYK" "" "MIA" "W" 4 1 37 0.621 0.533 0 5.5 2.7 14.7 0 0 5.1 23.7 123 100 14.7 5.1
"21" "21" 1992-12-25 33.83 "NYK" "@" "CHI" "L" -12 1 35 0.612 0.615 0 5.4 3.1 6.8 2.9 0 12.6 18.8 110 95 10.4 5.7
"22" "22" 1992-12-26 33.83 "NYK" "@" "MIL" "L" -2 1 45 0.545 0.529 3.1 6 4.6 16.6 1.3 0 14.7 22 104 114 12 -3.4
"23" "23" 1992-12-29 33.84 "NYK" "" "IND" "W" 6 1 39 0.587 0.571 0 5.6 2.9 9.8 1.3 0 6.1 18.7 108 100 11.4 -0.8
"24" "24" 1992-12-30 33.84 "NYK" "@" "IND" "W" 4 1 28 0.455 0.455 8 7.5 7.7 18.9 0 0 15.4 21.6 93 111 5.6 -1.8
"25" "25" 1993-01-02 33.85 "NYK" "" "LAC" "L" -1 1 20 0.269 0.269 0 18.6 9.2 31.7 2.5 2.9 7.1 29.7 65 86 3.1 1.2
"26" "26" 1993-01-05 33.86 "NYK" "" "CLE" "W" 4 1 29 0.455 0.455 0 0 0 16.7 3.8 0 0 16 121 103 7.6 4.2
"27" "27" 1993-01-08 33.87 "NYK" "@" "ORL" "L" -1 1 38 0.676 0.625 0 10.2 4.4 14 1.3 0 0 14.8 144 102 14.4 6.1
"28" "28" 1993-01-10 33.87 "NYK" "" "BOS" "L" -3 1 28 0.607 0.611 3.8 4.3 4 45.4 1.8 2.2 9.2 17.2 127 107 13.9 12.5
"29" "29" 1993-01-12 33.88 "NYK" "@" "SAC" "W" 11 1 20 0.509 0.5 12.6 5 8.4 8.1 0 0 30.4 21.1 80 104 1.4 -10.5
"30" "30" 1993-01-13 33.88 "NYK" "@" "DEN" "L" -16 1 32 0.365 0.235 5.9 14.3 9.7 5.2 0 0 4.6 26.4 87 116 5.8 -6.3
"31" "31" 1993-01-15 33.89 "NYK" "@" "DAL" "W" 14 1 24 0.575 0.5 5 4.8 4.9 17.4 4 0 0 28.1 122 93 14.1 8
"32" "32" 1993-01-16 33.89 "NYK" "@" "HOU" "L" -2 1 29 0.723 0.75 0 9.5 3.9 0 1.8 0 0 18.4 139 117 13.6 9.5
"33" "33" 1993-01-18 33.9 "NYK" "" "PHO" "W" 3 1 40 0.421 0.364 2.7 8.2 5.4 0 1.2 1.6 20.2 15.7 74 105 3 -6.3
"34" "34" 1993-01-20 33.9 "NYK" "" "CHH" "W" 23 1 19 0.466 0.417 0 0 0 7.6 0 0 7.2 28.9 101 99 3.7 -8.6
"35" "35" 1993-01-22 33.91 "NYK" "@" "PHI" "W" 18 1 27 0.524 0.5 0 4.2 1.8 0 1.8 0 14.9 19.7 90 100 3.2 -8.9
"36" "36" 1993-01-26 33.92 "NYK" "" "PHI" "W" 8 1 20 0.296 0.25 5.1 5 5.1 28.1 2.4 0 0 16.7 94 92 4.2 0
"37" "37" 1993-02-04 33.94 "NYK" "" "GSW" "W" 4 1 36 0.708 0.708 0 8.5 4.5 4.9 0 1.8 14.3 16.8 116 107 11.3 2.9
"38" "38" 1993-02-05 33.95 "NYK" "@" "MIA" "W" 3 0 25 0.564 0.563 0 8.9 4.5 16.3 0 0 17 22 99 122 6.5 -3.4
"39" "39" 1993-02-07 33.95 "NYK" "" "MIA" "W" 22 1 30 0.643 0.6 4 4.1 4.1 19.4 0 0 0 17 137 95 12.4 6.9
"40" "40" 1993-02-08 33.95 "NYK" "@" "PHI" "W" 5 0 26 0.667 0.667 0 0 0 19 0 2.5 25 13.3 109 114 5.7 -0.6
"41" "41" 1993-02-11 33.96 "NYK" "" "HOU" "W" 30 0 18 0.643 0.643 0 16.3 9 30.8 0 0 22.2 21.7 113 100 6.9 1.6
"42" "42" 1993-02-12 33.96 "NYK" "@" "CHI" "W" 6 0 12 0.5 0.5 12.9 7.4 9.4 0 0 0 0 8.1 127 120 2 -3.6
"43" "43" 1993-03-25 34.07 "NYK" "@" "UTA" "L" -17 0 29 0.379 0.364 0 7.4 3.6 18.1 3.7 0 14.4 21.7 80 111 3.2 -5.8
"44" "44" 1993-03-26 34.08 "NYK" "@" "LAL" "W" 10 0 18 0.25 0.25 0 5.9 2.9 16 0 0 33.3 21.1 48 111 -2.9 -17
"45" "45" 1993-03-28 34.08 "NYK" "@" "GSW" "W" 10 0 16 0.5 0.5 0 5.7 3.2 28.6 0 4.3 0 22.9 117 100 5.2 2.8
"46" "46" 1993-03-30 34.09 "NYK" "" "SAC" "W" 22 0 17 0.457 0.5 0 0 0 33.7 0 0 10.2 23.8 99 96 3.3 -3
"47" "47" 1993-04-01 34.09 "NYK" "" "CLE" "W" 8 0 16 0 0 0 7.7 3.4 8.8 0 0 0 8.4 19 100 -1.5 -11.9
"48" "48" 1993-04-02 34.1 "NYK" "@" "MIA" "W" 16 0 24 0.727 0.667 0 3.5 2.1 12.1 0 0 0 12.1 166 116 7.5 3
"49" "49" 1993-04-04 34.1 "NYK" "@" "SAS" "W" 5 0 16 0.333 0.333 0 7 3.5 10.9 0 0 0 17.1 83 111 1.2 -8
"50" "50" 1993-04-06 34.11 "NYK" "@" "ATL" "L" -5 0 15 0.145 0 0 9.1 4.1 8.8 0 0 0 19.9 50 115 -2 -16.9
"51" "51" 1993-04-08 34.11 "NYK" "" "BOS" "W" 22 0 24 0.5 0.5 0 10 5.6 10 2.2 0 0 7.9 122 99 4.6 0.6
"52" "52" 1993-04-11 34.12 "NYK" "@" "BOS" "W" 12 0 31 0.738 0.75 0 3.5 1.9 26.5 0 0 0 18 161 108 16 9.8
"53" "53" 1993-04-13 34.13 "NYK" "" "WSB" "W" 8 0 23 0.538 0.538 0 4.4 2.5 17.8 0 0 13.3 30.1 91 100 6.6 -3.8
"54" "54" 1993-04-14 34.13 "NYK" "@" "CHH" "W" 4 0 25 0.714 0.714 0 4.2 2.2 15.8 0 2.2 0 11.4 163 117 9.8 5.6
"55" "55" 1993-04-16 34.13 "NYK" "@" "IND" "L" -6 0 22 0.543 0.357 0 13.4 7.1 29.4 0 0 0 20.2 133 116 8.8 3.7
"56" "56" 1993-04-17 34.14 "NYK" "" "DET" "W" 10 0 13 0 0 0 0 0 41 0 0 0 16 53 111 -1.5 -11.3
"57" "57" 1993-04-20 34.15 "NYK" "@" "MIA" "W" 12 0 6 1.042 1 0 0 0 30.8 0 11.9 58.1 23.7 81 104 0.9 -3.3
"58" "58" 1993-04-21 34.15 "NYK" "" "NJN" "W" 31 0 22 0.35 0.35 4.5 0 2.1 19 0 0 0 19.9 91 86 3.6 -3
"59" "59" 1993-04-23 34.15 "NYK" "@" "PHI" "W" 15 0 18 0.286 0.286 0 0 0 15.8 0 3.8 22.2 20.3 58 94 -0.4 -10.1
"60" "60" 1993-04-25 34.16 "NYK" "" "CHI" "W" 5 0 25 0.75 0.75 0 7.1 4.5 15.2 0 0 33.3 18.1 93 102 5.4 0.7
"1" "1" 1993-11-07 34.7 "NYK" "@" "CLE" "W" 8 0 1 NA NA 0 0 0 0 0 0 NA 0 0 118 0 -7.4
"2" "2" 1993-11-09 34.7 "NYK" "" "PHI" "W" 9 0 7 0 0 0 0 0 17.6 14.4 0 0 11.7 31 74 1.3 4
"3" "3" 1993-11-16 34.72 "NYK" "@" "DAL" "W" 13 1 17 0.46 0.4 0 0 0 19 0 0 8.4 30.9 106 107 3.8 -8.8
"4" "4" 1993-11-22 34.74 "NYK" "" "MIA" "W" 32 0 8 1.289 1.333 0 30.8 16 52.2 0 0 20.5 27 173 96 10.1 37.4
"5" "5" 1993-11-27 34.75 "NYK" "" "DET" "W" 27 0 7 0.5 0.5 0 15.2 8.1 0 7.3 0 33.3 36.1 63 82 0.9 -12
"6" "6" 1993-12-16 34.8 "NYK" "" "LAL" "W" 23 0 6 0.5 0.5 0 30.2 15.5 23.5 0 0 33.3 20.3 77 84 0.9 -6.2
"7" "7" 1993-12-20 34.81 "NYK" "" "DAL" "W" 9 0 22 0.35 0.35 0 16.8 7.6 0 0 0 9.1 20.3 74 99 -0.1 -12.2
"8" "8" 1993-12-21 34.82 "NYK" "@" "NJN" "L" -4 0 1 NA NA 0 0 0 0 0 0 NA 0 0 106 0 -6.1
"9" "9" 1993-12-28 34.84 "NYK" "" "NJN" "L" -2 0 24 0.594 0.538 3.7 18.2 10.2 16.7 0 0 17.3 30.7 102 107 9.4 2.8
"10" "10" 1993-12-30 34.84 "NYK" "" "WSB" "W" 18 0 26 0.672 0.643 5.8 6 5.9 15.1 2 0 21.2 16.7 117 96 8.8 3.5
"11" "11" 1994-01-02 34.85 "NYK" "" "CHH" "L" -1 0 38 0.643 0.643 6.2 9.5 7.8 14.7 0 1.7 6.7 16.1 143 124 15.4 4.6
"12" "12" 1994-01-04 34.85 "NYK" "" "ORL" "W" 5 0 25 0.254 0.143 0 4.8 2.3 22.5 0 0 11.3 14.8 84 113 1.2 -9.2
"13" "13" 1994-01-06 34.86 "NYK" "@" "MIL" "W" 6 0 27 0.654 0.583 4.3 3.8 4 8.3 1.9 0 6.8 23.9 129 98 12.1 8.2
"14" "14" 1994-01-08 34.87 "NYK" "@" "CHH" "L" -3 0 27 0.5 0.5 0 0 0 5.9 1.8 0 9.1 18.3 90 110 4.5 -3.5
"15" "15" 1994-01-09 34.87 "NYK" "" "POR" "W" 14 0 21 0.333 0.333 0 21.2 14.1 26.6 0 0 33.3 20.7 66 90 0.7 -8.7
"16" "16" 1994-01-11 34.87 "NYK" "" "LAC" "W" 21 0 23 0.661 0.643 9.5 0 4.4 14.6 0 3 0 15 151 89 10.4 8
"17" "17" 1994-01-13 34.88 "NYK" "@" "DET" "W" 14 0 26 0.5 0.5 0 13 7.1 13.4 0 0 0 11.4 125 95 5.1 -0.1
"18" "18" 1994-01-17 34.89 "NYK" "" "MIN" "W" 12 0 6 0.5 0.5 0 0 0 0 0 0 33.3 21.2 67 117 -0.4 -17.3
"19" "19" 1994-01-19 34.9 "NYK" "" "SAS" "W" 12 0 23 0.72 0.636 0 0 0 6.1 0 2.9 0 24.4 163 120 15.1 6.9
"20" "20" 1994-01-21 34.9 "NYK" "@" "ORL" "L" -3 0 12 0 0 8.5 9.1 8.8 0 0 0 0 7.2 37 124 -1.2 -17.8
"21" "21" 1994-01-23 34.91 "NYK" "" "PHI" "L" -7 0 13 0.254 0.143 0 0 0 13 0 0 0 26.3 71 113 -1 -15.6
"22" "22" 1994-01-25 34.91 "NYK" "" "PHO" "W" 2 0 10 0.333 0.333 0 25.3 11.4 0 0 0 25 17.2 54 108 -0.5 -16.4
"23" "23" 1994-01-27 34.92 "NYK" "@" "LAC" "W" 2 0 13 0.765 0.7 0 7.9 4 12.8 3.9 0 0 19 173 105 7.5 11.9
"24" "24" 1994-01-29 34.92 "NYK" "@" "SEA" "W" 14 0 13 1 1 0 0 0 0 3.9 0 12.5 27.7 152 99 11.1 22.9
"25" "25" 1994-01-30 34.93 "NYK" "@" "POR" "W" 10 0 17 0.47 0.429 7.6 6.3 6.9 9.6 0 0 0 19.9 107 104 3.4 -5
"26" "26" 1994-02-01 34.93 "NYK" "" "BOS" "W" 35 0 23 0.604 0.5 5.5 7.9 6.9 6 2.2 0 8.5 22.7 126 86 9.1 3.2
"27" "27" 1994-02-02 34.93 "NYK" "@" "WSB" "W" 5 0 25 0.714 0.714 0 9.1 4.6 15.1 2.2 0 12.5 14.6 126 95 7.9 1.9
"28" "28" 1994-02-04 34.94 "NYK" "@" "ATL" "L" -12 0 18 0.633 0.5 0 0 0 0 2.8 0 0 14.6 148 121 5.5 4.1
"29" "29" 1994-02-06 34.95 "NYK" "" "ORL" "W" 18 0 8 0 0 14.3 0 6.4 16.7 0 0 0 16.2 41 93 -1.1 -12.9
"30" "30" 1994-02-07 34.95 "NYK" "@" "MIA" "L" -11 0 15 0.7 0.7 0 8 3.7 0 0 0 0 14.7 145 114 4.2 3.4
"31" "31" 1994-02-09 34.95 "NYK" "@" "PHI" "W" 35 0 17 0.438 0.438 0 12 5.9 13.6 2.9 4 11.1 22.6 90 80 4.5 -0.2
"32" "32" 1994-02-10 34.96 "NYK" "" "GSW" "L" -8 0 8 0.25 0.25 0 32.4 13.8 19.4 0 8 0 19.4 78 108 1.6 -0.1
"33" "33" 1994-02-22 34.99 "NYK" "" "SEA" "L" -11 0 4 0 0 0 0 0 0 0 0 0 10 0 113 -1.1 -20.7
"34" "34" 1994-02-24 34.99 "NYK" "@" "HOU" "L" -20 0 7 0.6 0.6 0 0 0 60 8.2 0 0 35.1 120 104 5.4 25.3
"35" "35" 1994-03-11 35.04 "NYK" "@" "BOS" "W" 7 0 14 0.143 0.143 0 8.2 4.2 11.6 0 0 12.5 27.1 37 103 -3.7 -24.2
"36" "36" 1994-03-12 35.04 "NYK" "" "CLE" "W" 10 0 13 0.167 0.167 0 7.2 4.4 0 4.1 0 25 28.5 28 95 -2.5 -18.9
"37" "37" 1994-03-15 35.05 "NYK" "" "IND" "W" 6 0 18 0 0 0 0 0 0 3 0 14.3 17.3 0 95 -5 -18.8
"38" "38" 1994-03-17 35.05 "NYK" "" "MIL" "W" 22 0 23 0.558 0.5 0 4.6 2.5 27.7 2.3 0 8.5 22.4 131 95 9.1 3.7
"39" "39" 1994-03-19 35.06 "NYK" "" "BOS" "W" 14 0 29 0.5 0.5 0 4.5 2.2 25.4 0 0 13.3 23.3 102 107 6.2 -4.4
"40" "40" 1994-03-22 35.07 "NYK" "" "CHI" "W" 9 0 17 0.333 0.333 16.1 7.1 11.3 19.2 0 0 14.3 20.7 87 105 2.3 -4.7
"41" "41" 1994-03-27 35.08 "NYK" "@" "ORL" "W" 21 0 19 0.364 0.364 0 10.5 5.8 7.7 2.9 0 0 27.8 85 102 3.8 -8.7
"42" "42" 1994-03-29 35.08 "NYK" "" "CHH" "W" 11 0 33 0.58 0.444 3.4 0 1.7 4.5 0 2.3 0 13.8 140 102 9.2 1.7
"43" "43" 1994-04-02 35.1 "NYK" "" "MIA" "W" 23 0 16 0.265 0.222 11.3 14.6 12.8 0 0 0 9.6 24.4 70 93 -0.7 -14.7
"44" "44" 1994-04-05 35.1 "NYK" "@" "MIA" "L" -14 0 20 0.19 0.143 5 20.4 12.6 9.8 0 0 20.2 21.9 43 106 -2.5 -15.7
"45" "45" 1994-04-07 35.11 "NYK" "" "CLE" "W" 3 0 33 0.504 0.462 7.1 3.5 5.3 5.7 0 0 6.7 21.2 107 109 8.3 -3.2
"46" "46" 1994-04-08 35.11 "NYK" "@" "PHI" "L" -3 0 19 0.509 0.5 0 6.8 3 22.7 2.7 0 12.7 17.9 99 110 5.6 -1.2
"47" "47" 1994-04-10 35.12 "NYK" "@" "NJN" "L" -19 0 17 0.5 0.5 0 8.1 3.2 9.3 0 0 33.3 15.5 72 126 1 -8.9
"48" "48" 1994-04-11 35.12 "NYK" "" "ORL" "L" -8 0 13 0.688 0.688 0 9.2 4.1 0 4 0 11.1 28.5 120 114 6.9 7.4
"49" "49" 1994-04-14 35.13 "NYK" "@" "WSB" "W" 5 0 23 0.618 0.6 7 0 2.9 12.8 0 0 15 26.1 112 117 6.7 -2.4
"50" "50" 1994-04-15 35.13 "NYK" "" "WSB" "W" 13 0 20 0.833 0.833 5.2 9.1 7.3 19.9 0 0 0 6.9 180 104 6.7 5.5
"51" "51" 1994-04-17 35.14 "NYK" "@" "CHH" "L" -16 0 20 0.75 0.75 0 6.3 3.2 9.2 2.5 0 20 22.2 112 113 7.2 4.9
"52" "52" 1994-04-19 35.14 "NYK" "" "ATL" "L" -3 0 21 0.417 0.417 0 4.4 2.2 0 2.5 0 0 12.9 90 97 1.3 -3.4
"53" "53" 1994-04-21 35.15 "NYK" "" "PHI" "W" 48 0 30 0.577 0.577 7 12.1 9.7 11 1.7 0 0 17.5 143 89 14 4.8
"54" "54" 1994-04-22 35.15 "NYK" "@" "MIL" "W" 40 0 25 0.5 0.5 0 13.5 8.2 18.6 3.9 0 0 15.6 120 84 9.5 3.3
"55" "55" 1994-04-24 35.16 "NYK" "@" "CHI" "W" 16 0 8 0 0 0 0 0 37.5 7.2 0 0 6.3 82 89 1.7 9.8
