"Rk" "G" "Date" "Age" "Tm" "H/A" "Opp" "W/L" "By Amt" "GS" "MP" "TS%" "eFG%" "ORB%" "DRB%" "TRB%" "AST%" "STL%" "BLK%" "TOV%" "USG%" "ORtg" "DRtg" "GmSc" "BPM"
"1" "1" 2003-10-29 23.67 "WAS" "@" "CHI" "W" 25 0 3.1 NA NA 0 29.1 16.8 0 0 0 NA 0 0 76 0.3 -7.2
"2" "2" 2003-10-31 23.68 "WAS" "@" "TOR" "L" -3 0 6.18333333333333 NA NA 0 0 0 0 9.6 0 NA 0 0 92 1 0.2
"3" "" 2003-11-01 23.68 "WAS" "" "NJN" "L" -13 NA NA NA NA NA NA NA NA NA NA NA NA NA NA NA NA
"4" "3" 2003-11-05 23.69 "WAS" "" "DAL" "W" 10 0 10.4833333333333 0.5 0.5 0 8.9 5.1 67.6 5.2 0 0 17.9 138 94 5.7 8.9
"5" "4" 2003-11-07 23.7 "WAS" "" "TOR" "W" 26 0 14.3666666666667 0 0 0 0 0 33.2 7.9 0 33.3 19.7 26 64 -1.1 -9.1
"6" "5" 2003-11-08 23.7 "WAS" "@" "CLE" "L" -13 0 6.48333333333333 1 1 0 0 0 0 0 0 0 7.3 200 125 1.7 -3.4
"7" "6" 2003-11-11 23.71 "WAS" "" "PHI" "L" -7 0 2.95 NA NA 0 0 0 40 0 0 100 13.5 41 128 -0.3 -17.6
"8" "7" 2003-11-14 23.72 "WAS" "@" "MIA" "L" -4 0 8.71666666666667 0.333 0.333 0 0 0 0 0 0 0 15.5 72 116 0.3 -11.2
"9" "8" 2003-11-15 23.72 "WAS" "" "SAS" "L" -24 0 13.9833333333333 0.17 0 0 8.8 3.7 49 0 0 25.4 26 46 111 -0.4 -12.9
"10" "" 2003-11-17 23.72 "WAS" "@" "ATL" "W" 9 NA NA NA NA NA NA NA NA NA NA NA NA NA NA NA NA
"11" "9" 2003-11-19 23.73 "WAS" "" "CLE" "W" 11 0 10.0333333333333 0 0 8.7 14.1 10.8 38.9 0 0 0 11.9 72 109 0.2 -12
"12" "10" 2003-11-21 23.73 "WAS" "@" "DEN" "L" -21 0 16.55 0.25 0.25 0 30.7 15.2 32.4 3 0 33.3 15.9 55 107 2.2 -7.1
"13" "11" 2003-11-23 23.74 "WAS" "@" "SEA" "L" -3 0 7.03333333333333 0 0 0 0 0 18.8 0 0 66.7 16.2 16 113 -2.8 -29.6
"14" "" 2003-11-25 23.75 "WAS" "@" "POR" "W" 1 NA NA NA NA NA NA NA NA NA NA NA NA NA NA NA NA
"15" "12" 2003-11-26 23.75 "WAS" "@" "LAL" "L" -21 0 14.4666666666667 0.333 0.333 0 0 0 17.9 3.3 0 25 10.5 76 123 1.3 -9.3
"16" "13" 2003-11-29 23.76 "WAS" "" "DET" "L" -11 0 12.4333333333333 0 0 0 10 4.3 39.6 4.5 0 0 15.4 35 96 0.2 -4.5
"17" "14" 2003-12-02 23.76 "WAS" "@" "DAL" "L" -25 0 25.4166666666667 0.41 0.313 0 3.8 1.8 17.3 6.4 2.3 23.5 22.7 72 103 5.2 0.1
"18" "15" 2003-12-05 23.77 "WAS" "@" "MEM" "L" -15 0 20.8666666666667 0.75 0.75 8.6 4 6.2 51.1 0 0 27.3 21.3 114 107 9.1 6.5
"19" "16" 2003-12-06 23.78 "WAS" "@" "MIL" "W" 5 1 22.1 0.583 0.583 0 10.5 4.9 30.4 2.2 0 33.3 16.9 93 111 5.7 -2.2
"20" "17" 2003-12-09 23.78 "WAS" "@" "IND" "L" -14 1 24.95 0.4 0.4 0 4.9 2.6 14.3 2.2 0 44.4 19.4 50 109 0 -12.4
"21" "18" 2003-12-10 23.79 "WAS" "" "ORL" "L" -4 1 33.7833333333333 0.571 0.571 0 2.8 1.5 14.7 0 2 30 12.7 90 111 2.8 -6.9
"22" "19" 2003-12-12 23.79 "WAS" "" "MIN" "L" -19 0 23.7166666666667 0.563 0.563 0 0 0 29.6 2.2 0 0 15 132 123 8.4 2.2
"23" "20" 2003-12-14 23.8 "WAS" "@" "NYK" "L" -2 1 21.2 0.205 0 5.3 0 2.6 35.7 9.8 3.5 38.1 17 58 84 3.9 2.7
"24" "21" 2003-12-16 23.8 "WAS" "" "UTA" "W" 4 1 24.8666666666667 0.5 0.5 0 5.6 2.5 36.6 0 0 25 15.2 93 109 4.4 -5.3
"25" "22" 2003-12-19 23.81 "WAS" "@" "NJN" "L" -10 1 25.9 0.55 0.55 8.6 8.8 8.7 24.5 1.9 0 23.1 21.7 91 103 6.1 -2.5
"26" "23" 2003-12-23 23.82 "WAS" "@" "MIA" "L" -7 1 32.9166666666667 0.5 0.5 3.3 18.2 10.4 17.7 0 0 0 11.7 117 96 7.1 0.3
"27" "24" 2003-12-26 23.83 "WAS" "" "MIA" "L" -8 1 32.95 0.643 0.643 0 8.8 4 43.8 1.8 0 0 10.4 156 111 10.6 1.8
"28" "25" 2003-12-27 23.83 "WAS" "@" "CHI" "L" -14 1 28.5833333333333 0.375 0.375 3.9 6.5 5.3 27.1 1.8 0 27.3 17 76 110 3.6 -5.8
"29" "26" 2003-12-30 23.84 "WAS" "" "ATL" "L" -10 0 24.55 0.143 0.143 0 16.7 8.1 39.9 2.1 0 30 18.1 41 91 0.2 -11.1
"30" "27" 2004-01-02 23.85 "WAS" "" "GSW" "W" 18 0 20.5166666666667 0.563 0.563 4.7 11.2 7.7 30.6 7.9 0 11.1 18.3 126 79 11.1 12.5
"31" "28" 2004-01-04 23.85 "WAS" "" "MIL" "L" -6 1 19.5333333333333 0.7 0.7 0 0 0 25.9 2.6 0 28.6 15 107 112 5 -0.3
"32" "29" 2004-01-06 23.86 "WAS" "@" "SAS" "L" -22 0 24.6333333333333 0.282 0.25 0 0 0 17.3 2.1 2.6 0 16.1 69 105 2.9 -2.4
"33" "30" 2004-01-07 23.86 "WAS" "@" "NOH" "L" -10 0 13.7833333333333 0.571 0.571 0 0 0 35.3 0 0 0 22.8 131 116 5.3 5.9
"34" "31" 2004-01-09 23.87 "WAS" "@" "ORL" "L" -11 0 6.51666666666667 0 0 0 0 0 41.6 7.9 0 33.3 19.2 33 114 0 -9.4
"35" "32" 2004-01-10 23.87 "WAS" "" "PHI" "W" 7 0 6.41666666666667 0.5 0.5 0 0 0 0 0 0 50 29.2 46 105 -1.4 -24.7
"36" "33" 2004-01-13 23.88 "WAS" "" "HOU" "L" -13 0 24.8 0.799 0.75 0 6 2.6 49.6 4.6 0 0 13.9 173 110 14.1 15.6
"37" "34" 2004-01-14 23.88 "WAS" "@" "NJN" "L" -12 0 26.5 0.606 0.5 0 8.7 4.2 46 5.4 0 23.3 27 113 113 13.9 6.6
"38" "35" 2004-01-16 23.89 "WAS" "@" "DET" "L" -21 0 21.6666666666667 0.363 0.25 0 0 0 15.7 2.6 0 30.4 21.9 62 121 -0.6 -14.5
"39" "36" 2004-01-17 23.89 "WAS" "" "SEA" "W" 15 0 21.05 0.512 0.5 0 13.9 8.2 35.7 0 0 38.1 16 88 94 4.3 -4.9
"40" "37" 2004-01-19 23.9 "WAS" "" "CHI" "W" 10 1 44.9 0.379 0.318 1.9 14.2 7.5 13.9 2.3 0 14.4 13.4 85 91 7.4 -5.9
"41" "38" 2004-01-23 23.91 "WAS" "@" "BOS" "L" -11 0 29.3333333333333 0.773 0.773 0 3.8 1.9 37.4 3.1 0 26.7 21.9 107 102 13.1 8.1
"42" "39" 2004-01-24 23.91 "WAS" "" "IND" "W" 11 0 22.7166666666667 0.768 0.5 0 6 3 33.9 2.4 0 0 26 170 114 18.6 18.5
"43" "40" 2004-01-26 23.92 "WAS" "" "POR" "L" -11 0 27.6333333333333 0.313 0.313 0 5.6 2.5 18.1 2 0 20 17.3 65 108 1.2 -9.3
"44" "41" 2004-01-28 23.92 "WAS" "" "ORL" "L" -4 0 16.6166666666667 0.25 0.25 0 8.3 3.6 17.6 3.4 0 14.3 18.8 67 116 0.5 -10
"45" "42" 2004-01-30 23.93 "WAS" "" "PHO" "W" 5 0 24.1666666666667 0.903 0.9 0 0 0 13.8 1.9 2.9 29.4 16.2 125 100 9.6 5.2
"46" "43" 2004-02-01 23.93 "WAS" "" "CLE" "L" -4 0 25.4833333333333 0.609 0.591 0 11.2 4.8 28.5 3.7 0 0 20.4 132 105 13.5 6.6
"47" "44" 2004-02-04 23.94 "WAS" "" "MEM" "L" -2 0 8.48333333333333 0.595 0.5 0 0 0 50 0 0 0 30.4 147 119 5.7 12.5
"48" "45" 2004-02-06 23.95 "WAS" "" "LAC" "W" 12 0 8.01666666666667 1 1 0 0 0 36.4 0 0 0 5.7 204 124 3.1 6.1
"49" "46" 2004-02-07 23.95 "WAS" "@" "CLE" "W" 18 0 18.45 0.5 0.5 0 24.7 14.3 0 0 0 40 12.3 59 97 0.4 -11.3
"50" "47" 2004-02-11 23.96 "WAS" "@" "PHI" "L" -25 0 17.7166666666667 0.5 0.5 0 13.3 6.6 58 0 0 0 16.2 126 129 6.7 1.6
"51" "48" 2004-02-17 23.98 "WAS" "@" "HOU" "L" -26 0 17.25 0.857 0.857 6.9 24.2 14.9 56.9 0 0 22.2 24.6 134 122 10.4 11.7
"52" "49" 2004-02-18 23.98 "WAS" "@" "NOH" "L" -22 0 16.1666666666667 0.5 0.5 14.2 8.9 11.9 32.7 0 0 12.5 23.1 114 132 6.1 0.5
"53" "50" 2004-02-20 23.98 "WAS" "" "IND" "L" -9 0 9.1 0 0 0 0 0 17.2 0 0 33.3 16.1 17 124 -2.1 -25.1
"54" "51" 2004-02-22 23.99 "WAS" "" "MIL" "L" -28 0 19.2333333333333 0.2 0.2 0 7.2 3 16.6 2.7 0 37.5 18 38 123 -3.4 -21.1
"55" "52" 2004-02-25 24 "WAS" "@" "TOR" "W" 2 0 16.35 0.4 0.4 0 0 0 10.7 3.4 0 16.7 18.1 75 91 1.6 -5.4
"56" "53" 2004-02-26 24 "WAS" "" "CHI" "W" 8 0 6.98333333333333 0.266 0 16.7 28 22.9 0 0 0 0 11.6 86 90 0.4 -11.2
"57" "54" 2004-02-28 24.01 "WAS" "" "LAL" "L" -12 0 5.95 1 1 0 21.6 9.2 0 0 0 0 20.8 203 130 4.6 20.2
"58" "55" 2004-03-01 24.01 "WAS" "" "NOH" "W" 5 0 27.45 0.425 0.4 0 7.5 4.4 21.2 1.9 0 29.8 28.7 72 107 1.6 -12.2
"59" "56" 2004-03-03 24.02 "WAS" "" "TOR" "W" 14 0 10.6833333333333 0 0 0 7.5 4.4 31.2 0 0 60 21.6 19 89 -2.7 -22.3
"60" "57" 2004-03-05 24.02 "WAS" "@" "BOS" "L" -4 0 5.86666666666667 0.333 0.333 0 17.6 8 0 0 0 0 17.8 82 102 0.2 -11.7
"61" "58" 2004-03-07 24.03 "WAS" "" "NYK" "L" -13 0 4.58333333333333 0 0 0 25.3 13 0 0 0 66.7 28.5 0 112 -3.2 -48.1
"62" "59" 2004-03-09 24.03 "WAS" "" "DEN" "L" -30 0 23.2 0.25 0.25 8.7 11.4 9.9 29.6 0 0 27.3 19.9 62 131 0.6 -13.1
"63" "60" 2004-03-10 24.04 "WAS" "@" "ORL" "L" -9 0 20.0333333333333 0.2 0.2 0 0 0 6.9 0 0 16.7 11.8 51 123 -3.4 -19.6
"64" "61" 2004-03-12 24.04 "WAS" "@" "ATL" "L" -14 0 16.8 0.75 0.75 0 0 0 33.5 2.8 0 14.3 17.2 142 139 8.4 3.2
"65" "62" 2004-03-13 24.04 "WAS" "" "BOS" "L" -9 0 6.86666666666667 0 0 0 0 0 35.2 0 0 0 12.1 50 120 -0.4 -14.3
"66" "63" 2004-03-16 24.05 "WAS" "@" "NYK" "L" -4 0 5.28333333333333 0.5 0.5 23.2 0 9.2 28.3 0 0 40 37.6 77 119 0.3 -10.7
"67" "" 2004-03-17 24.05 "WAS" "" "SAC" "W" 6 NA NA NA NA NA NA NA NA NA NA NA NA NA NA NA NA
"68" "64" 2004-03-19 24.06 "WAS" "" "ATL" "W" 10 0 22.6833333333333 0.317 0.214 0 3.8 2.2 6.8 4.6 0 0 15.9 84 92 3.1 -3.2
"69" "65" 2004-03-21 24.07 "WAS" "" "MIA" "L" -20 0 26.1166666666667 0.875 0.875 0 16.7 8.7 39.3 0 0 20 27.2 132 114 14.9 12.8
"70" "66" 2004-03-23 24.07 "WAS" "@" "UTA" "L" -8 1 38 0.687 0.722 0 30.9 14.4 15.7 1.4 0 43.6 25 75 91 6.1 -3.9
"71" "67" 2004-03-25 24.08 "WAS" "@" "LAC" "W" 9 0 18 1.235 1.25 0 5.4 2.9 56.1 5.9 0 12.7 19.8 203 102 18.9 32.6
"72" "" 2004-03-26 24.08 "WAS" "@" "GSW" "L" -21 NA NA NA NA NA NA NA NA NA NA NA NA NA NA NA NA
"73" "" 2004-03-28 24.08 "WAS" "@" "SAC" "L" -8 NA NA NA NA NA NA NA NA NA NA NA NA NA NA NA NA
"74" "" 2004-03-29 24.09 "WAS" "@" "PHO" "L" -6 NA NA NA NA NA NA NA NA NA NA NA NA NA NA NA NA
"75" "68" 2004-03-31 24.09 "WAS" "" "NJN" "L" -4 0 23.2833333333333 0.625 0.625 0 21.4 9.7 9.4 0 0 42.9 12.9 71 99 0.7 -9.8
"76" "69" 2004-04-02 24.1 "WAS" "@" "MIN" "L" -18 0 18.1833333333333 0.375 0.375 0 5.9 2.9 34.3 0 3.8 42.9 17.7 59 116 0.7 -7.7
"77" "70" 2004-04-04 24.1 "WAS" "" "BOS" "W" 10 0 9.66666666666667 0.333 0.333 0 0 0 54.5 5.1 0 50 27 71 105 0.7 -12.4
"78" "71" 2004-04-07 24.11 "WAS" "@" "MIL" "L" -9 0 22.7166666666667 0.917 0.917 4 5.6 4.7 43.2 2.3 0 25 15.3 145 125 11.1 9
"79" "72" 2004-04-09 24.12 "WAS" "@" "PHI" "W" 3 0 4.75 0.75 0.75 0 0 0 34.8 0 0 33.3 23.9 108 111 1.3 1.3
"80" "73" 2004-04-10 24.12 "WAS" "" "NYK" "L" -4 0 27.0333333333333 0.506 0.444 0 0 0 6.5 2 0 16.8 20.6 92 109 3.8 -6.1
"81" "74" 2004-04-12 24.13 "WAS" "@" "DET" "L" -22 1 38.1333333333333 0.618 0.55 0 4.1 1.8 36.9 1.3 0 20.9 16.5 109 114 11 -0.4
"82" "75" 2004-04-14 24.13 "WAS" "" "NOH" "L" -16 1 29.3833333333333 0.167 0.167 0 7 3.7 18.9 1.9 2.7 25 19.5 38 111 -1.5 -12.3
"1" "1" 2004-11-20 24.73 "WAS" "@" "NJN" "W" 11 0 3 0 0 43.2 0 22.5 0 0 0 0 16.4 69 114 0 -12.7
"2" "" 2004-11-20 24.73 "WAS" "@" "NJN" "W" 11 NA NA NA NA NA NA NA NA NA NA NA NA NA NA NA NA
"3" "2" 2004-11-23 24.74 "WAS" "" "TOR" "W" 16 0 2.81666666666667 NA NA 0 30.8 14.4 0 0 0 100 25.6 0 86 -2.1 -45.5
"4" "" 2004-11-26 24.75 "WAS" "@" "PHI" "L" -2 NA NA NA NA NA NA NA NA NA NA NA NA NA NA NA NA
"5" "" 2004-11-28 24.76 "WAS" "@" "TOR" "W" 5 NA NA NA NA NA NA NA NA NA NA NA NA NA NA NA NA
"6" "" 2004-12-01 24.76 "WAS" "" "NJN" "W" 27 NA NA NA NA NA NA NA NA NA NA NA NA NA NA NA NA
"7" "" 2004-12-03 24.77 "WAS" "@" "ATL" "W" 24 NA NA NA NA NA NA NA NA NA NA NA NA NA NA NA NA
"8" "" 2004-12-04 24.77 "WAS" "" "CHI" "W" 7 NA NA NA NA NA NA NA NA NA NA NA NA NA NA NA NA
"9" "3" 2004-12-26 24.83 "WAS" "@" "MIN" "L" -35 0 12 0.4 0.4 0 18.2 9.2 18.2 0 0 37.5 30.7 52 122 -1.2 -18
"10" "4" 2004-12-27 24.84 "WAS" "" "CHA" "W" 19 0 20.1666666666667 0.4 0.4 0 11.4 6.5 6.8 0 0 37.5 19.4 57 106 -0.4 -14.2
"11" "5" 2004-12-29 24.84 "WAS" "" "DET" "L" -2 0 8.33333333333333 0.347 0 0 0 0 0 0 0 0 16.8 91 132 0.6 -12.7
"12" "6" 2004-12-31 24.85 "WAS" "@" "BOS" "L" -5 1 28.2333333333333 0.313 0.313 0 12.5 5.8 26.7 0 0 11.1 13.8 91 119 3.1 -7
"13" "7" 2005-01-02 24.85 "WAS" "" "ATL" "W" 3 0 11 0.333 0.333 0 9.7 4.9 40.1 4.2 0 25 14.6 80 94 2.3 0
"14" "8" 2005-01-04 24.86 "WAS" "" "NJN" "W" 24 0 5.76666666666667 1.5 1.5 0 25 10.7 0 0 0 0 15.1 300 99 5.7 31
"15" "9" 2005-01-26 24.92 "WAS" "" "PHI" "W" 10 0 4.21666666666667 1.5 1.5 0 33.3 14.1 41.4 0 0 50 20.4 123 113 2.3 8.9
"16" "10" 2005-01-28 24.92 "WAS" "@" "ORL" "L" -7 0 7.4 0.75 0.75 12.5 0 7.1 20 0 0 0 10.5 170 120 2.6 4.4
"17" "" 2005-01-29 24.93 "WAS" "" "ORL" "L" -6 NA NA NA NA NA NA NA NA NA NA NA NA NA NA NA NA
"18" "11" 2005-02-01 24.93 "WAS" "" "DET" "L" -9 0 5.35 1 1 0 0 0 0 0 0 50 17.7 71 124 0.3 -11.9
"19" "" 2005-02-04 24.94 "WAS" "@" "TOR" "L" -3 NA NA NA NA NA NA NA NA NA NA NA NA NA NA NA NA
"20" "12" 2005-02-05 24.95 "WAS" "" "MIL" "W" 18 0 17.85 0.143 0.143 7 14.4 10.7 27.1 0 0 0 16.8 76 107 0.8 -11.1
"21" "13" 2005-02-07 24.95 "WAS" "" "IND" "W" 4 0 13.8666666666667 0.5 0.5 0 29.1 13.7 40.7 0 0 0 10.5 145 115 3.8 1.6
"22" "" 2005-02-09 24.96 "WAS" "" "SAS" "W" 8 NA NA NA NA NA NA NA NA NA NA NA NA NA NA NA NA
"23" "14" 2005-02-11 24.96 "WAS" "" "LAC" "W" 3 0 6.73333333333333 0 0 0 0 0 0 0 0 50 26.2 0 112 -3.8 -37.1
"24" "15" 2005-02-12 24.96 "WAS" "@" "DET" "L" -21 0 10.6166666666667 NA NA 0 13.2 5 13.2 0 0 100 3.8 35 121 -0.4 -12.6
"25" "16" 2005-02-14 24.97 "WAS" "@" "NOH" "L" -2 0 7.03333333333333 0 0 0 15.6 8.4 0 0 0 0 6.4 0 121 -0.4 -13.7
"26" "17" 2005-02-15 24.97 "WAS" "@" "HOU" "L" -30 0 24 0.581 0.5 0 6.5 2.6 6.5 0 0 12.7 14.8 107 140 3.8 -7.8
"27" "18" 2005-02-23 24.99 "WAS" "" "MEM" "W" 10 0 25.1833333333333 0.58 0.417 0 7.8 4.6 15.3 2.2 0 0 15.1 135 100 7.8 3.2
"28" "19" 2005-02-25 25 "WAS" "@" "CHI" "L" -7 0 19.2833333333333 0.167 0.167 14.6 28.7 21.1 0 0 0 14.3 14.8 54 102 0.4 -11.3
"29" "20" 2005-02-27 25 "WAS" "" "SAC" "L" -2 0 33.55 0.79 0.778 0 16 7.9 22.4 1.5 0 0 13.3 170 114 17.9 8.3
"30" "21" 2005-03-02 25.01 "WAS" "" "HOU" "W" 3 0 24.2833333333333 0.227 0.227 0 0 0 7 6.9 0 8.3 24.2 53 103 0.4 -9.5
"31" "22" 2005-03-04 25.02 "WAS" "" "GSW" "L" -13 0 14.1833333333333 0.75 0.75 7.6 14.9 11.3 28.4 0 0 33.3 18.6 111 115 4.3 3.9
"32" "23" 2005-03-05 25.02 "WAS" "@" "CHA" "W" 2 0 6.25 0 0 0 0 0 28.6 0 0 0 7.9 44 112 0 -7
"33" "24" 2005-03-08 25.03 "WAS" "@" "NYK" "L" -10 0 20.8666666666667 0.515 0.333 0 9.9 4.5 21.3 0 0 0 16.2 124 108 6.2 0.4
"34" "25" 2005-03-13 25.04 "WAS" "@" "BOS" "L" -4 0 11.45 0.625 0.6 8.2 0 4.2 0 0 0 12.2 29 122 122 4 1.5
"35" "26" 2005-03-14 25.04 "WAS" "" "LAL" "W" 14 0 17.6833333333333 0.666 0.6 0 0 0 0 0 0 22.8 22.5 105 109 3.5 -4
"36" "27" 2005-03-16 25.05 "WAS" "@" "ATL" "W" 29 0 26.5666666666667 0.957 0.938 5.6 4.5 5 17.3 0 0 18.4 19.9 160 112 14.5 8.4
"37" "28" 2005-03-18 25.05 "WAS" "@" "MIL" "L" -9 0 28.4 0.3 0.3 0 0 0 5.3 0 0 16.7 9.6 65 124 -0.8 -12
"38" "29" 2005-03-19 25.06 "WAS" "" "UTA" "W" 1 0 28.2666666666667 0.75 0.75 4.3 22.9 12.2 7.6 0 0 9.1 17.9 148 112 11.2 9.9
"39" "30" 2005-03-22 25.07 "WAS" "@" "DEN" "L" -29 0 25.2166666666667 0.291 0.208 3.9 9.8 6.5 7.1 1.9 0 0 22.3 77 124 2.6 -8.4
"40" "31" 2005-03-24 25.07 "WAS" "@" "UTA" "W" 1 0 8.45 0.75 0.75 0 0 0 30 0 0 0 12.2 161 107 2.7 6.3
"41" "32" 2005-03-25 25.07 "WAS" "@" "LAC" "L" -4 0 12.2333333333333 0 0 9.5 17.6 13.7 29.9 0 0 50 6.7 77 105 1.3 -3.9
"42" "33" 2005-03-27 25.08 "WAS" "@" "SEA" "W" 1 0 10.9666666666667 0.375 0.375 0 0 0 27.6 9.6 0 0 16.6 104 93 3.6 9.9
"43" "34" 2005-03-28 25.08 "WAS" "@" "POR" "W" 8 0 9.2 0.316 0.2 0 0 0 0 0 0 0 26.1 85 121 0.1 -20.1
"44" "35" 2005-03-30 25.09 "WAS" "" "ATL" "W" 3 0 8.46666666666667 NA NA 0 0 0 0 0 0 100 5.2 0 115 -1 -13.7
"45" "36" 2005-04-01 25.09 "WAS" "@" "ORL" "W" 9 0 11.8333333333333 0.5 0.5 10.1 0 4.7 14.9 4.5 0 25 29.4 94 106 2.6 -0.5
"46" "37" 2005-04-03 25.1 "WAS" "" "IND" "L" -3 0 12 0.094 0 8.5 10 9.2 15.4 4.7 0 0 21.6 40 92 -0.3 -8.8
"47" "" 2005-04-05 25.1 "WAS" "" "BOS" "L" -8 NA NA NA NA NA NA NA NA NA NA NA NA NA NA NA NA
"48" "38" 2005-04-06 25.11 "WAS" "@" "DET" "L" -12 0 23.0666666666667 0.354 0.278 0 5.5 2.8 13.8 2.4 0 9.2 23.7 76 122 2.4 -10.1
"49" "39" 2005-04-08 25.11 "WAS" "@" "IND" "L" -10 0 17.4 0.75 0.75 5.9 8.1 6.8 37.6 0 0 60 12.8 85 119 2.8 0.1
"50" "" 2005-04-09 25.12 "WAS" "" "PHI" "L" -6 NA NA NA NA NA NA NA NA NA NA NA NA NA NA NA NA
"51" "40" 2005-04-11 25.12 "WAS" "" "MIL" "W" 7 0 14.6 0.833 0.833 8 18.8 13 24.9 0 0 25 11.7 145 127 5.7 5
"52" "41" 2005-04-13 25.13 "WAS" "" "CHI" "W" 11 0 10.9 0.3 0.3 16.5 0 7.8 27.6 0 0 0 18.7 98 90 2.3 2
"53" "" 2005-04-15 25.13 "WAS" "" "CLE" "W" 8 NA NA NA NA NA NA NA NA NA NA NA NA NA NA NA NA
"54" "42" 2005-04-17 25.14 "WAS" "" "CHA" "W" 2 0 6.46666666666667 NA NA 0 17.6 8.5 16.7 0 0 100 5.9 41 114 0 -11
"55" "43" 2005-04-19 25.14 "WAS" "@" "NJN" "L" -8 0 12 0.515 0.333 0 0 0 48.5 0 0 20.5 18.3 119 130 3.7 0.5
"56" "44" 2005-04-20 25.15 "WAS" "@" "NYK" "L" -8 0 20.8666666666667 0 0 0 16.8 7.9 15.6 2.3 0 16.7 12.3 30 117 -0.9 -12.5
"1" "" 2005-11-02 25.68 "POR" "@" "MIN" "L" -4 NA NA NA NA NA NA NA NA NA NA NA NA NA NA NA NA
"2" "1" 2005-11-04 25.69 "POR" "@" "DEN" "L" -39 0 15.4666666666667 0.333 0.333 5.1 21.7 11.9 0 0 7.7 40 13.6 44 108 1.3 -9.3
"3" "" 2005-11-05 25.69 "POR" "" "ATL" "W" 1 NA NA NA NA NA NA NA NA NA NA NA NA NA NA NA NA
"4" "" 2005-11-09 25.7 "POR" "" "NYK" "W" 12 NA NA NA NA NA NA NA NA NA NA NA NA NA NA NA NA
"5" "" 2005-11-11 25.71 "POR" "" "DET" "L" -3 NA NA NA NA NA NA NA NA NA NA NA NA NA NA NA NA
"6" "" 2005-11-16 25.72 "POR" "" "CHI" "W" 3 NA NA NA NA NA NA NA NA NA NA NA NA NA NA NA NA
"7" "" 2005-11-18 25.73 "POR" "" "GSW" "L" -11 NA NA NA NA NA NA NA NA NA NA NA NA NA NA NA NA
"8" "" 2005-11-20 25.73 "POR" "@" "NYK" "L" -11 NA NA NA NA NA NA NA NA NA NA NA NA NA NA NA NA
"9" "" 2005-11-22 25.74 "POR" "@" "MEM" "W" 8 NA NA NA NA NA NA NA NA NA NA NA NA NA NA NA NA
"10" "2" 2005-11-23 25.74 "POR" "@" "MIA" "L" -21 0 6.43333333333333 NA NA 0 20.2 9.8 69.9 8.5 0 NA 0 216 99 3 12.3
"11" "" 2005-11-25 25.75 "POR" "@" "ORL" "L" -15 NA NA NA NA NA NA NA NA NA NA NA NA NA NA NA NA
"12" "" 2005-11-27 25.75 "POR" "@" "ATL" "W" 2 NA NA NA NA NA NA NA NA NA NA NA NA NA NA NA NA
"13" "3" 2005-11-29 25.76 "POR" "@" "PHI" "L" -24 0 6.21666666666667 0.5 0.5 0 0 0 63.6 0 0 33.3 23.8 86 127 1.4 -7
"14" "4" 2005-11-30 25.76 "POR" "@" "WAS" "L" -7 0 4.63333333333333 0 0 0 0 0 27.3 0 0 0 9.5 48 110 0 -10.4
"15" "5" 2005-12-02 25.76 "POR" "" "IND" "L" -20 0 8.86666666666667 0.347 0 0 0 0 0 0 0 0 8.1 86 130 0.3 -12.4
"16" "" 2005-12-04 25.77 "POR" "" "UTA" "L" -5 NA NA NA NA NA NA NA NA NA NA NA NA NA NA NA NA
"17" "6" 2005-12-06 25.78 "POR" "@" "PHO" "L" -45 0 15.95 0.5 0.5 11.8 0 6.8 38.9 3.3 0 16.7 16 114 143 6.1 2.1
"18" "" 2005-12-07 25.78 "POR" "" "MIN" "L" -10 NA NA NA NA NA NA NA NA NA NA NA NA NA NA NA NA
"19" "7" 2005-12-09 25.78 "POR" "" "NOK" "W" 3 0 22.3333333333333 0.717 0.625 0 20.9 9.4 20.2 0 0 17 12.9 138 106 6.6 2.2
"20" "8" 2005-12-11 25.79 "POR" "" "HOU" "L" -14 0 23.65 0.75 0.75 0 9.7 4.6 31.3 2.4 0 33.3 11.5 115 117 5.6 0.7
"21" "9" 2005-12-14 25.8 "POR" "@" "UTA" "L" -5 0 20.8833333333333 0.857 0.857 0 4.3 2.6 18.4 0 0 0 18.2 171 117 8.9 8.1
"22" "10" 2005-12-16 25.8 "POR" "" "SEA" "L" -12 1 41.45 0.603 0.571 0 14.9 8.1 48.7 2.6 2.1 16 22.8 127 125 20.4 3.1
"23" "11" 2005-12-18 25.81 "POR" "" "WAS" "W" 5 1 24.2833333333333 0.651 0.611 4.8 20.8 12.5 31.5 0 0 15.7 24.3 122 108 10.4 1.3
"24" "12" 2005-12-20 25.81 "POR" "@" "DET" "L" -4 1 27.9833333333333 0.347 0 0 16.3 9 24.5 2.1 0 51 10.4 69 115 2.9 -5.9
"25" "13" 2005-12-21 25.82 "POR" "@" "MEM" "L" -10 1 38.65 0.533 0.5 0 8.9 4.7 5.6 1.7 0 0 13.9 135 123 8.5 -2.6
"26" "14" 2005-12-23 25.82 "POR" "@" "MIN" "W" 8 1 25.1166666666667 0.366 0.167 5.5 22.8 14.9 32.8 0 0 0 15.6 112 100 7.1 -1.9
"27" "15" 2005-12-26 25.83 "POR" "@" "SAC" "W" 13 1 30.8833333333333 0.773 0.75 0 6.8 3.9 25.4 1.7 0 11.4 13.7 152 108 13 4.4
"28" "16" 2005-12-28 25.84 "POR" "" "PHI" "W" 4 1 26.6833333333333 0.511 0.389 0 4.5 1.9 36.5 1.9 0 8.5 17.3 120 99 9.2 2.4
"29" "17" 2005-12-30 25.84 "POR" "" "MEM" "L" -3 1 34.6833333333333 0.635 0.571 0 7.5 3.8 26.9 1.7 0 0 11.8 152 116 11.7 3.8
"30" "18" 2006-01-01 25.85 "POR" "" "LAC" "L" -6 1 31.55 0.278 0.278 0 11.4 5.1 43 3.5 0 10 14.2 100 110 8.3 -0.1
"31" "19" 2006-01-03 25.85 "POR" "@" "DAL" "L" -14 1 37.6166666666667 0.379 0.364 0 9.8 4.2 4.9 3 0 14.4 17.2 71 110 3.3 -8.3
"32" "20" 2006-01-04 25.85 "POR" "@" "SAS" "L" -31 1 22.7 0.595 0.5 0 5 2.4 29.1 0 0 14.5 15.5 113 132 5.3 -3
"33" "21" 2006-01-06 25.86 "POR" "@" "NOK" "L" -10 1 29.5166666666667 0.5 0.5 9.3 3.7 6.2 17.3 1.9 0 12.5 14 110 112 6.3 -2.1
"34" "22" 2006-01-08 25.87 "POR" "" "MIA" "L" -29 1 24.2833333333333 0.488 0.333 0 11 4.7 21.9 0 0 10.9 17.9 98 129 5.1 -7.7
"35" "23" 2006-01-11 25.87 "POR" "" "LAL" "W" 10 1 31.8333333333333 0.873 0.85 4 4.1 4 41.8 1.6 0 0 15.7 190 114 23.1 18.7
"36" "24" 2006-01-13 25.88 "POR" "" "ORL" "W" 5 1 24.2166666666667 0.97 1 0 0 0 37.1 0 0 10.2 20.4 178 135 16.5 13.5
"37" "25" 2006-01-15 25.88 "POR" "" "CLE" "W" 2 1 27.7166666666667 0.5 0.5 4.7 18.2 11.5 25.6 0 0 0 15.5 132 109 8.2 1.7
"38" "26" 2006-01-18 25.89 "POR" "" "TOR" "W" 2 1 35.8 0.438 0.438 3.8 5 4.3 31.6 1.5 0 11.1 12.2 114 112 7.6 -4
"39" "27" 2006-01-22 25.9 "POR" "" "DAL" "L" -6 1 40.3166666666667 0.625 0.625 0 5.5 2.7 16.1 0 0 5.9 20.7 134 113 12.5 5.8
"40" "28" 2006-01-25 25.91 "POR" "" "DEN" "L" -3 1 30.9 0.438 0.438 4.4 3.8 4.1 12.5 1.8 0 27.3 16.8 82 115 2.5 -9.4
"41" "29" 2006-01-27 25.92 "POR" "" "NJN" "W" 5 1 24.1666666666667 0.799 0.75 0 13.9 8.4 33 0 0 30.4 20.7 117 102 8.3 -0.9
"42" "30" 2006-01-28 25.92 "POR" "@" "GSW" "L" -15 1 23.25 0.388 0.333 0 14.4 7.2 7.7 0 0 0 13.2 88 116 2.4 -10.5
"43" "31" 2006-01-30 25.93 "POR" "@" "SEA" "W" 5 1 22.9833333333333 0.58 0.417 0 5.5 2.6 36.7 0 3.1 11.4 16.3 147 126 10.5 4.8
"44" "32" 2006-02-01 25.93 "POR" "" "SAS" "L" -4 1 28.0333333333333 0.508 0.5 0 3.9 1.8 20.7 0 2.7 0 13.3 115 107 5.8 0.1
"45" "33" 2006-02-03 25.94 "POR" "" "MIN" "W" 4 1 22.3833333333333 0.581 0.5 0 5.8 2.6 30 2.6 0 22.5 19 108 103 6.3 -0.3
"46" "34" 2006-02-04 25.94 "POR" "@" "DEN" "L" -1 1 27.3833333333333 0.672 0.643 4.6 13.1 9 25.8 0 0 28.7 16.9 112 117 8.4 -1.6
"47" "35" 2006-02-08 25.95 "POR" "@" "IND" "L" -32 1 21.7666666666667 0.188 0 0 5 2.2 22.1 2.6 0 0 11.3 59 123 0.7 -11.2
"48" "36" 2006-02-10 25.96 "POR" "@" "BOS" "L" -32 1 19.8166666666667 0.5 0.5 0 7.8 4 26.8 0 0 28.6 17.2 84 139 1.9 -9.7
"49" "37" 2006-02-12 25.96 "POR" "@" "TOR" "L" -33 1 24.0166666666667 0.333 0.333 0 6.2 2.5 50 0 0 0 12.1 101 135 5 -7.8
"50" "38" 2006-02-13 25.96 "POR" "@" "CHA" "W" 8 1 23.3166666666667 0.417 0.417 0 10.8 5.2 31.3 2.2 0 0 11.8 112 93 6.7 1.5
"51" "39" 2006-02-15 25.97 "POR" "@" "NOK" "L" -16 1 21.5 0.375 0.375 0 5.2 2.5 37.5 0 0 20 11.2 95 123 3 -5.6
"52" "40" 2006-02-21 25.99 "POR" "@" "LAL" "L" -17 1 24.7333333333333 0.278 0.278 3.7 0 2.2 41.4 2.1 0 25 21.9 65 111 2 -7.6
"53" "41" 2006-02-22 25.99 "POR" "" "CHA" "L" -4 1 28.4833333333333 0.833 0.833 0 8.9 4.7 37.3 1.9 0 25 7 158 124 9.4 0.6
"54" "42" 2006-02-24 25.99 "POR" "" "BOS" "L" -6 1 29.4666666666667 0.597 0.65 4.2 0 2.1 44.6 1.9 0 8.4 19.9 129 126 12.7 2.4
"55" "43" 2006-02-26 26 "POR" "" "NOK" "L" -13 1 30.55 0.512 0.5 0 12.1 6 32.7 0 0 0 8.5 131 114 5.7 -5.1
"56" "44" 2006-02-27 26 "POR" "@" "SAC" "L" -24 1 23.5166666666667 0.875 0.875 0 17.4 10 28.1 2.2 0 11.1 19.1 151 120 13.3 8.6
"57" "45" 2006-03-01 26.01 "POR" "" "LAL" "W" 6 1 32 0.644 0.615 0 12.2 5.9 25.4 1.6 0 6.3 21.9 135 100 15.9 7
"58" "46" 2006-03-04 26.02 "POR" "@" "SAS" "L" -20 1 31.1666666666667 0.538 0.538 2.9 0 1.7 12.4 1.8 0 13.3 22.2 103 123 7.6 -1
"59" "47" 2006-03-05 26.02 "POR" "@" "HOU" "L" -18 1 30.6333333333333 0.81 0.75 3.9 10.7 7.5 23.5 0 0 6.6 24.1 160 123 18.9 11.6
"60" "48" 2006-03-07 26.02 "POR" "@" "DAL" "L" -6 1 35.8833333333333 0.423 0.417 3.5 9.8 6.8 23.6 0 0 17.4 23 84 112 5.3 -6.6
"61" "49" 2006-03-09 26.03 "POR" "" "DAL" "L" -17 1 30.25 0.333 0.333 4.7 15.1 8.7 24.5 0 0 50 10.4 73 139 1.7 -11.8
"62" "50" 2006-03-12 26.04 "POR" "" "PHO" "W" 10 1 35.6666666666667 0.862 0.85 0 0 0 47.8 1.5 0 0 13.4 195 120 23.9 14.8
"63" "51" 2006-03-14 26.04 "POR" "@" "CHI" "L" -29 1 26.2333333333333 0.102 0 0 4.9 2.2 13.6 0 0 29.1 12.6 28 119 -2.9 -19
"64" "52" 2006-03-15 26.05 "POR" "@" "NJN" "L" -13 1 34 1 1 4 9.4 7.1 74.5 1.7 0 25 12.8 155 97 17.4 12.9
"65" "53" 2006-03-17 26.05 "POR" "@" "CLE" "L" -15 1 32.6 0.654 0.654 0 7 3.5 13 1.7 0 7.1 21.1 117 115 12.7 4.6
"66" "54" 2006-03-18 26.05 "POR" "@" "MIL" "L" -4 1 32.4333333333333 0 0 4.2 10.6 7.7 21.1 1.7 0 30 14.4 38 112 -3 -15.1
"67" "55" 2006-03-20 26.06 "POR" "" "MIL" "L" -7 1 32.1833333333333 0.643 0.6 6.8 8.5 7.6 41.9 0 0 0 7.9 173 125 11.4 2.7
"68" "56" 2006-03-23 26.07 "POR" "@" "PHO" "L" -17 1 28.7833333333333 0.273 0.273 0 7.8 3.7 18 1.7 0 21.4 19.8 66 130 0.9 -12.4
"69" "57" 2006-03-24 26.07 "POR" "" "SAS" "L" -19 1 31.95 0.619 0.563 0 12.2 6 36.1 1.8 0 18.4 17.7 115 118 10.7 1.3
"70" "58" 2006-03-26 26.08 "POR" "" "LAC" "L" -14 1 16.5166666666667 0.25 0.25 6.2 0 3.6 27.6 0 0 33.3 17 55 119 -0.3 -13.2
"71" "59" 2006-03-29 26.08 "POR" "" "SAC" "L" -16 1 32.8666666666667 0.743 0.727 0 17.2 8.3 30.7 1.8 0 8 19.8 146 132 15.6 4.6
"72" "" 2006-04-01 26.09 "POR" "" "UTA" "L" -13 NA NA NA NA NA NA NA NA NA NA NA NA NA NA NA NA
"73" "60" 2006-04-02 26.1 "POR" "@" "SEA" "L" -39 0 27.1833333333333 0.438 0.438 0 0 0 28.6 5.7 0 11.1 16.1 89 128 7 -2.7
"74" "61" 2006-04-05 26.1 "POR" "" "HOU" "W" 1 1 25.0666666666667 0.333 0.333 0 10.6 5.5 7.9 0 0 25 16.4 57 100 -0.1 -13.1
"75" "62" 2006-04-07 26.11 "POR" "" "SEA" "L" -13 1 24.4 0.47 0.375 5 6 5.5 34.4 2.1 0 15.8 11.5 124 133 7.7 -1.7
"76" "63" 2006-04-08 26.11 "POR" "@" "UTA" "L" -17 1 27.85 0.761 0.714 0 0 0 19.8 2 0 20.2 16.6 128 129 9 2.3
"77" "64" 2006-04-10 26.12 "POR" "" "DEN" "L" -12 1 21.2833333333333 0.5 0.5 5.2 6.6 5.9 61.2 2.4 0 25 15.9 120 120 8.2 3.9
"78" "65" 2006-04-12 26.12 "POR" "@" "LAC" "L" -4 1 29.3666666666667 0.563 0.563 0 5.1 2.3 10.5 1.8 0 11.1 14.5 106 113 5.5 -2.7
"79" "66" 2006-04-14 26.13 "POR" "@" "LAL" "L" -11 1 23.2166666666667 0.563 0.563 6.3 5.2 5.7 19.5 2.4 0 11.1 18.9 114 126 7.3 2.1
"80" "67" 2006-04-15 26.13 "POR" "" "GSW" "L" -5 0 14.4166666666667 0 0 0 14.5 8 19.6 0 0 0 17.9 22 103 -2.3 -19.6
"81" "" 2006-04-17 26.14 "POR" "@" "GSW" "L" -14 NA NA NA NA NA NA NA NA NA NA NA NA NA NA NA NA
"82" "68" 2006-04-19 26.14 "POR" "" "PHO" "L" -10 1 19.2833333333333 0 0 0 0 0 15.1 0 0 0 9.4 27 122 -1.4 -15.8
"1" "1" 2006-11-01 26.68 "MIL" "@" "DET" "W" 8 0 15.15 0 0 0 0 0 44.2 0 0 0 6.9 85 112 2 -2.3
"2" "2" 2006-11-03 26.68 "MIL" "@" "TOR" "L" -17 0 16.0333333333333 0.375 0.375 0 0 0 34.2 3.2 0 0 11.2 114 118 3.2 0.5
"3" "3" 2006-11-04 26.69 "MIL" "" "SAC" "W" 13 0 22.2166666666667 0.25 0.25 0 22 13.3 6 0 0 20 10.6 58 100 0.8 -9.2
"4" "4" 2006-11-06 26.69 "MIL" "@" "CHI" "L" -25 0 17.4166666666667 0 0 0 0 0 8.6 0 0 50 15.9 8 121 -5.6 -23
"5" "5" 2006-11-08 26.7 "MIL" "" "HOU" "L" -4 0 19.4 0 0 6.3 13.4 9.8 36.4 2.8 0 0 2.5 136 109 4.3 3.5
"6" "6" 2006-11-10 26.7 "MIL" "@" "WAS" "L" -5 0 18.8666666666667 0.25 0.25 0 0 0 6.1 0 4.1 0 8.8 71 125 -0.2 -9.2
"7" "7" 2006-11-11 26.71 "MIL" "" "UTA" "L" -2 0 17.5333333333333 0.512 0.5 0 15.6 7.5 23.8 0 0 0 12.2 125 121 4.9 -2.6
"8" "8" 2006-11-14 26.72 "MIL" "@" "ATL" "W" 2 0 8.65 0.362 0 0 0 0 0 6.1 0 0 14.4 83 106 1.5 1.1
"9" "9" 2006-11-15 26.72 "MIL" "@" "NJN" "L" -13 0 4.66666666666667 0 0 23.4 0 13.7 0 10.9 0 50 19.5 30 90 0 -5.5
"10" "10" 2006-11-18 26.73 "MIL" "" "IND" "L" -2 0 15.1333333333333 0.5 0.5 0 6.5 3.6 10.7 3.4 0 20 15 86 108 2.6 -3.4
"11" "11" 2006-11-21 26.73 "MIL" "@" "IND" "L" -5 0 11.5333333333333 0 0 0 9.7 4.8 11.9 4.5 0 50 7.8 22 95 -0.1 -6.7
"12" "12" 2006-11-22 26.74 "MIL" "" "PHI" "W" 4 1 12.15 0.5 0.5 0 19.8 9.3 42.3 0 0 50 15.3 72 104 0.1 -12
"13" "13" 2006-11-25 26.75 "MIL" "" "BOS" "L" -13 0 8.98333333333333 0.75 0.75 0 15.3 7.4 50.6 0 0 0 10.8 176 128 4 9.9
"14" "14" 2006-11-28 26.75 "MIL" "@" "LAL" "W" 4 0 21.8833333333333 NA NA 0 5.3 2.8 10.2 0 0 NA 0 216 116 1.3 -4.5
"15" "15" 2006-12-01 26.76 "MIL" "@" "PHO" "L" -6 0 19.9333333333333 0.375 0.375 0 0 0 5.4 2.5 0 42.9 14.5 51 127 -1.9 -12.3
"16" "16" 2006-12-02 26.76 "MIL" "@" "GSW" "W" 5 0 17.25 1 1 0 21.4 10.8 51.1 0 0 20 11.7 173 115 9.7 12.8
"17" "17" 2006-12-04 26.77 "MIL" "@" "UTA" "L" -13 0 27.3333333333333 0.333 0.333 3.9 14.2 8.6 18.5 0 0 14.3 11.6 82 117 2.1 -8.5
"18" "18" 2006-12-06 26.78 "MIL" "" "POR" "W" 8 0 24.6833333333333 0.625 0.625 0 5.5 2.8 7.3 0 0 27.3 22.6 88 110 3.6 -5.6
"19" "19" 2006-12-08 26.78 "MIL" "" "MEM" "W" 6 0 20.2333333333333 0 0 0 0 0 17.4 0 0 33.3 7.1 53 117 -0.7 -9.9
"20" "20" 2006-12-09 26.78 "MIL" "@" "NYK" "L" -8 0 25.5 1.5 1.5 4.6 4.7 4.6 4.3 0 0 50 3.6 142 131 2.2 -4.5
"21" "21" 2006-12-12 26.79 "MIL" "" "SEA" "W" 1 0 16.4333333333333 0 0 0 7.9 4 16.7 3.3 0 0 8.7 36 103 0.6 -6.7
"22" "22" 2006-12-13 26.79 "MIL" "@" "NJN" "L" -13 0 10.2166666666667 0.602 0.75 0 0 0 32.1 0 0 23.1 19.3 103 134 2.2 -3.1
"23" "23" 2006-12-15 26.8 "MIL" "@" "CHI" "L" -6 0 14.5833333333333 0.773 0.833 0 0 0 11 0 5.2 20.5 27 117 128 6.8 4.4
"24" "24" 2006-12-16 26.8 "MIL" "" "MIN" "W" 4 0 8.16666666666667 0 0 0 16.8 8.4 27.3 0 0 0 5.4 102 115 0.6 -5.6
"25" "25" 2006-12-20 26.81 "MIL" "" "MIA" "W" 26 0 12.4333333333333 0.6 0.6 10.4 0 5 21.9 0 0 0 18.7 143 111 5.4 5
"26" "26" 2006-12-22 26.82 "MIL" "@" "MIN" "W" 6 0 15.6833333333333 0.5 0.5 0 8.3 3.5 26.4 3.1 0 0 15.8 122 109 6 3.3
"27" "27" 2006-12-23 26.82 "MIL" "" "NJN" "W" 11 0 16.0333333333333 0.333 0.333 0 0 0 15 0 0 40 14 58 118 -0.7 -13.5
"28" "28" 2006-12-26 26.83 "MIL" "@" "SAS" "W" 7 0 6.9 0 0 0 0 0 13.9 0 0 33.3 19.8 20 126 -1.7 -21.6
"29" "" 2006-12-27 26.83 "MIL" "@" "MEM" "W" 16 NA NA NA NA NA NA NA NA NA NA NA NA NA NA NA NA
"30" "" 2006-12-29 26.84 "MIL" "@" "CLE" "L" -10 NA NA NA NA NA NA NA NA NA NA NA NA NA NA NA NA
"31" "29" 2006-12-30 26.84 "MIL" "" "WAS" "W" 17 0 30.1166666666667 0.438 0.438 0 6.5 3.4 25.2 0 0 11.1 12.7 115 116 6.3 -3.7
"32" "30" 2007-01-03 26.85 "MIL" "@" "WAS" "L" -3 0 19.1166666666667 0.51 0.4 0 11.4 5.7 13.2 2.6 0 0 13 124 112 6.3 -1.2
"33" "31" 2007-01-05 26.86 "MIL" "" "CLE" "L" -9 0 15.4 0.625 0.625 0 6.5 3.6 12.6 0 0 0 12.8 131 120 4 0.4
"34" "32" 2007-01-08 26.87 "MIL" "@" "DEN" "L" -12 0 33.2166666666667 0.458 0.458 5.3 9.9 7.3 32.4 0 2.3 7.7 16.3 111 115 9.1 1.1
"35" "33" 2007-01-10 26.87 "MIL" "" "TOR" "L" -13 1 39.9333333333333 0.317 0.25 0 13 6.1 25.4 0 0 6 20.3 87 110 5 -5.2
"36" "34" 2007-01-12 26.88 "DEN" "" "HOU" "L" -4 0 28.5 0.813 0.813 0 16 7.3 42.9 0 0 0 12 176 102 14.4 12.3
"37" "35" 2007-01-14 26.88 "DEN" "@" "POR" "W" 16 1 36.0166666666667 0.873 0.885 0 9.5 5.3 20.5 4.3 0 12.3 20.1 155 100 23.4 16
"38" "36" 2007-01-19 26.9 "DEN" "" "CLE" "W" 11 1 35.7666666666667 0.429 0.429 0 5.6 3.1 17.5 4.2 0 12.5 10.1 98 101 7.6 1.7
"39" "37" 2007-01-20 26.9 "DEN" "@" "HOU" "W" 8 1 35.0666666666667 0.636 0.611 0 14.8 8 17.3 4.4 2.2 24.1 15.6 108 103 11.9 4.4
"40" "38" 2007-01-22 26.9 "DEN" "" "MEM" "W" 17 1 36.0833333333333 0.313 0.313 0 3.2 1.4 39.6 2.6 0 11.1 9.5 110 101 9.9 0.7
"41" "39" 2007-01-23 26.91 "DEN" "@" "SEA" "W" 5 1 28.7166666666667 0.5 0.5 0 8.6 4.1 8.9 0 0 25 11.6 88 123 1 -11.2
"42" "40" 2007-01-26 26.92 "DEN" "@" "UTA" "L" -5 1 28.7 0.5 0.5 0 9.6 4.5 29 8.6 0 16.7 9 118 108 9.5 9.4
"43" "41" 2007-01-27 26.92 "DEN" "" "NJN" "L" -10 1 38.6333333333333 0.438 0.438 0 8.5 4.5 24.6 0 0 20 11.7 87 119 4.9 -5.6
"44" "42" 2007-01-29 26.92 "DEN" "" "CHA" "L" -4 1 28.4833333333333 0 0 0 4.3 2.1 22.8 0 0 50 6.5 53 120 0 -11.4
"45" "43" 2007-01-31 26.93 "DEN" "@" "POR" "L" -9 1 39.2666666666667 0.425 0.4 3.2 7.4 5.2 12.4 0 0 0 6.9 116 116 4.9 -2.8
"46" "44" 2007-02-02 26.93 "DEN" "" "POR" "W" 7 1 50.15 0.802 0.857 0 7.7 4.1 41.5 2.1 0 14.5 13.3 155 111 24.8 8.2
"47" "45" 2007-02-03 26.94 "DEN" "@" "SAC" "L" -7 1 29.5666666666667 0.722 0.722 3.1 9 6.1 47.6 0 0 18.2 15.7 133 100 12.4 6.5
"48" "46" 2007-02-05 26.94 "DEN" "" "PHO" "L" -5 1 38.85 0.25 0.25 2.7 3.1 2.9 30.5 1.3 2.1 33.3 13 76 118 4.5 -7.1
"49" "47" 2007-02-07 26.95 "DEN" "" "NOK" "L" -2 1 38.7 0.583 0.583 8.2 5.2 6.6 23 1.3 1.5 25 17.8 102 115 11.8 0.4
"50" "48" 2007-02-09 26.95 "DEN" "@" "IND" "W" 7 1 43.5833333333333 0.814 0.7 0 4.9 2.8 29.7 1.2 0 22.8 9 146 108 13.1 3.9
"51" "49" 2007-02-10 26.96 "DEN" "@" "MIL" "W" 7 1 43.6666666666667 0.336 0.286 0 3 1.4 33 1.2 0 11.8 16.7 97 116 8.8 -7.6
"52" "50" 2007-02-12 26.96 "DEN" "" "GSW" "W" 12 1 37.2166666666667 0.364 0.364 0 3.9 1.6 38.2 2.6 0 15.4 13.8 114 115 10.1 -4.1
"53" "51" 2007-02-14 26.97 "DEN" "@" "MIN" "L" -5 1 40.85 0.25 0.25 3.6 10.9 7.7 61 1.3 0 42.9 17.1 85 113 7.9 -4.1
"54" "52" 2007-02-20 26.98 "DEN" "@" "SAS" "L" -15 1 32.4333333333333 0.4 0.4 0 3.4 1.8 41.3 3.4 0 16.7 17.8 92 111 7.8 1.7
"55" "53" 2007-02-23 26.99 "DEN" "" "UTA" "L" -10 0 30.45 0.4 0.4 0 3.7 2.1 16.5 1.6 0 23.1 18.7 72 118 1.8 -10.2
"56" "54" 2007-02-24 26.99 "DEN" "@" "DAL" "L" -20 0 25.2166666666667 0.174 0 0 8.9 4.6 23.1 0 0 0 4.9 85 117 1.8 -6.6
"57" "55" 2007-02-26 27 "DEN" "@" "MEM" "W" 4 0 27.8166666666667 0.51 0.4 0 8.2 4.1 18.9 0 0 0 9.1 131 116 6.7 -2.8
"58" "56" 2007-02-28 27.01 "DEN" "" "ORL" "W" 10 0 20.9 0 0 0 12.1 5.7 32.8 2.3 0 33.3 6.3 78 106 3.4 -4.9
"59" "57" 2007-03-02 27.01 "DEN" "" "HOU" "L" -11 0 30.8 0.875 0.875 4.1 14.7 10.3 33.8 0 0 33.3 17.6 118 113 12.8 3.6
"60" "58" 2007-03-06 27.02 "DEN" "" "NOK" "W" 15 0 34.7166666666667 0.542 0.542 0 2.6 1.5 25.4 1.5 0 14.3 18.2 107 104 9.7 -1.6
"61" "59" 2007-03-07 27.02 "DEN" "@" "GSW" "L" -14 0 30.8 0.45 0.45 0 3.2 1.6 34.9 3.1 0 23.1 17.5 87 114 6.3 -4.5
"62" "60" 2007-03-09 27.03 "DEN" "" "DET" "L" -13 0 33.75 0.353 0.35 0 3.3 1.6 34.5 1.5 0 20.9 18.9 73 105 3.1 -4.6
"63" "61" 2007-03-11 27.04 "DEN" "@" "SAC" "W" 12 1 33.4666666666667 0.167 0.167 0 10 5.1 20.2 2.8 0 33.3 10.8 59 101 1.1 -7.9
"64" "62" 2007-03-13 27.04 "DEN" "" "POR" "W" 8 1 29.75 0.508 0.429 0 16.8 8.4 24.3 0 0 27.6 15.3 90 105 5.9 -6.4
"65" "63" 2007-03-15 27.05 "DEN" "" "LAL" "W" 27 1 30.9 0.845 0.813 0 0 0 14 1.7 2.5 18.4 16.5 138 101 12.4 8.1
"66" "64" 2007-03-17 27.05 "DEN" "" "PHO" "W" 24 1 38.2833333333333 0.388 0.417 3.1 11.1 7.4 20.7 0 0 23.7 8.9 101 108 5.9 -5.2
"67" "65" 2007-03-20 27.06 "DEN" "@" "NJN" "W" 4 1 35.4 0.484 0.389 0 18.1 9.2 29.1 0 0 8.8 13.9 109 97 9.9 0.2
"68" "66" 2007-03-22 27.07 "DEN" "@" "CHI" "L" -1 1 37.85 0.5 0.5 3.7 7.8 6.1 29.7 1.3 0 42.9 8.3 105 119 7.9 -2.4
"69" "67" 2007-03-23 27.07 "DEN" "@" "TOR" "L" -27 1 38.9 0.625 0.625 0 10.3 4.2 20.3 1.3 0 7.7 14.2 127 130 13.1 0.4
"70" "68" 2007-03-25 27.07 "DEN" "@" "CLE" "W" 12 1 31.0666666666667 0.509 0.5 5.2 6.7 6.1 16.1 0 0 30.4 16.1 89 106 4.3 -7.5
"71" "69" 2007-03-26 27.08 "DEN" "@" "DET" "L" -4 1 25.7333333333333 0 0 4 11.4 7.1 15.8 0 0 0 10.4 43 119 -2 -15.1
"72" "70" 2007-03-28 27.08 "DEN" "" "SEA" "L" -3 1 28.4833333333333 0.438 0.438 0 5.8 2.1 27.2 1.8 0 0 12.2 112 110 7.4 0.4
"73" "71" 2007-03-30 27.09 "DEN" "@" "PHO" "L" -17 1 39.0333333333333 0.563 0.563 0 3.4 1.6 7 1.3 0 27.3 12 90 133 3.5 -7
"74" "72" 2007-04-01 27.09 "DEN" "@" "SEA" "W" 11 1 31.5333333333333 0.591 0.591 0 12.3 6.8 33.4 0 3.2 15.4 18.5 129 117 12.2 1.6
"75" "73" 2007-04-03 27.1 "DEN" "@" "LAL" "W" 6 1 22.4333333333333 0.25 0.25 0 0 0 33.9 2.1 0 20 9.5 87 106 3.4 -2
"76" "74" 2007-04-04 27.1 "DEN" "" "SAC" "W" 5 1 31.9333333333333 0.286 0.286 0 3.1 1.6 31.7 0 0 12.5 10.2 93 118 4 -6.1
"77" "75" 2007-04-06 27.11 "DEN" "" "DAL" "W" 4 1 32.7666666666667 0.425 0.4 3.3 5.7 4.6 18.3 0 0 25.4 11.7 77 89 3.3 -4.6
"78" "76" 2007-04-07 27.11 "DEN" "@" "LAC" "W" 3 1 35.2333333333333 0.5 0.5 0 9.5 5.2 38.9 1.5 0 23.1 17.2 102 104 9.8 0.6
"79" "77" 2007-04-09 27.12 "DEN" "" "LAL" "W" 4 1 26.3666666666667 0.5 0.5 0 15.2 8.3 24.7 1.9 0 22.2 14.2 98 113 5.1 -3.2
"80" "78" 2007-04-11 27.12 "DEN" "@" "UTA" "W" 9 1 34.55 0.901 0.875 0 0 0 17.9 2.9 0 0 12.2 182 114 16.8 10.8
"81" "79" 2007-04-13 27.13 "DEN" "@" "NOK" "W" 2 1 39.0166666666667 0.455 0.455 3.1 14 8.8 32.5 4.1 0 0 13.4 128 115 15.7 2.5
"82" "80" 2007-04-14 27.13 "DEN" "@" "MEM" "L" -15 1 34.0333333333333 0.4 0.4 0 3.8 1.9 40.1 0 0 58.3 14.5 78 136 2.2 -9.9
"83" "81" 2007-04-16 27.13 "DEN" "" "MIN" "W" 15 1 33.65 0.417 0.417 0 3.7 1.8 36.4 0 0 25 9.6 108 112 5.7 -6.3
"84" "82" 2007-04-18 27.14 "DEN" "@" "SAS" "W" 23 1 26.4833333333333 0.667 0.667 0 7.1 3.9 49.5 5.9 0 25 27.1 113 78 15.2 12.6
"1" "1" 2007-10-30 27.67 "POR" "@" "SAS" "L" -9 0 25.1 0.643 0.643 0 26.1 14.3 24.4 0 0 30 18.8 101 113 5.7 -2.5
"2" "2" 2007-11-02 27.68 "POR" "@" "NOH" "L" -20 0 28.2166666666667 0.5 0.5 0 5.9 2.4 9.3 1.9 0 0 6.8 117 129 4.3 -4.6
"3" "3" 2007-11-03 27.68 "POR" "@" "HOU" "L" -9 0 25.75 1 1 0 19 10.2 22 0 0 25 7.3 151 101 7.3 3.7
"4" "4" 2007-11-07 27.7 "POR" "" "NOH" "W" 3 1 33.4166666666667 0.336 0.357 0 2.9 1.5 40.2 0 0 0 9.9 108 109 6.3 -0.6
"5" "5" 2007-11-09 27.7 "POR" "" "MEM" "W" 12 1 35.6166666666667 0.583 0.583 3.6 8.1 6.2 28.4 0 0 14.3 8.9 134 112 9.4 -0.7
"6" "6" 2007-11-10 27.7 "POR" "" "DAL" "W" 9 1 39.1166666666667 0.25 0.25 0 7.5 4.3 32.7 0 0 14.3 8.9 94 99 5 -2
"7" "7" 2007-11-13 27.71 "POR" "" "DET" "W" 8 1 18.6333333333333 0.129 0 0 11 6.5 51.5 0 0 20.5 13.1 93 110 2.9 -2.9
"8" "8" 2007-11-14 27.72 "POR" "@" "DEN" "L" -17 1 29.9166666666667 0 0 0 4.6 1.9 20.1 3.3 4.8 25 11.2 25 112 -0.1 -8
"9" "9" 2007-11-16 27.72 "POR" "@" "PHI" "L" -4 1 35.1166666666667 0.436 0.417 3.4 8.3 5.6 28 1.5 0 36.8 15.1 78 108 3.9 -5.9
"10" "10" 2007-11-17 27.72 "POR" "@" "WAS" "L" -19 1 33.6166666666667 0.438 0.438 4 3 3.4 26.7 0 0 20 14.2 95 132 4.3 -6.8
"11" "11" 2007-11-19 27.73 "POR" "@" "CHA" "L" -9 1 32.9 0.875 0.875 4.3 18.7 12 17.7 1.6 0 27.3 15.4 130 109 12.3 7.4
"12" "12" 2007-11-21 27.73 "POR" "" "NJN" "L" -5 1 30.4833333333333 0.414 0.4 5.1 13.5 9.5 30.8 0 0 0 18.1 113 127 7.8 -6.1
"13" "13" 2007-11-23 27.74 "POR" "" "SAC" "W" 3 1 26.2 0.722 0.722 0 0 0 30.7 2 0 10 18.3 133 97 10.7 8.8
"14" "14" 2007-11-26 27.75 "POR" "" "ORL" "L" -11 1 31.45 0.222 0.222 6.5 3.6 5.1 52.7 1.8 0 18.2 16.8 76 103 6.2 0.3
"15" "15" 2007-11-28 27.75 "POR" "" "IND" "L" -6 1 23.8833333333333 0 0 3.9 0 2.1 27.9 4.3 0 28.6 12.5 43 103 0.7 -7.6
"16" "16" 2007-11-30 27.76 "POR" "@" "DAL" "L" -11 1 31.7833333333333 0.75 0.75 0 0 0 30.9 0 0 11.1 14.3 142 118 9.7 3.9
"17" "17" 2007-12-02 27.76 "POR" "@" "SAS" "L" -21 1 20.2666666666667 0.205 0 5.8 19.7 12.3 15.8 0 0 0 6.2 94 126 1.8 -7.7
"18" "18" 2007-12-03 27.77 "POR" "@" "MEM" "W" 1 1 26.3166666666667 0.75 0.75 0 4.6 2.3 27.8 6.1 0 33.3 11 124 112 9.1 5
"19" "19" 2007-12-06 27.78 "POR" "" "MIA" "W" 6 1 29.9666666666667 0.773 0.667 0 15.3 7.8 21.5 0 0 11.4 13.3 156 118 12.3 2.8
"20" "20" 2007-12-09 27.78 "POR" "" "MIL" "W" 4 1 43.0166666666667 0.713 0.667 0 0 0 18.9 1.3 0 18.4 19.6 126 128 13.7 -0.6
"21" "21" 2007-12-11 27.79 "POR" "@" "UTA" "W" 8 1 31.0666666666667 0.436 0.5 0 8.9 5.4 42.8 5.1 0 22.5 13.8 98 95 9.3 6.1
"22" "22" 2007-12-12 27.79 "POR" "" "GSW" "W" 10 1 27.95 0.363 0.417 0 7.6 4 24.8 0 0 12.7 12.7 89 111 3.9 -5.1
"23" "23" 2007-12-14 27.8 "POR" "" "UTA" "W" 8 1 21.5166666666667 0.333 0.333 0 8.7 5 32.1 2.4 0 40 10.9 66 99 1.9 -4
"24" "24" 2007-12-16 27.8 "POR" "@" "DEN" "W" 11 1 26.5166666666667 0.75 0.75 0 0 0 9.3 2 0 20 16.4 129 122 6.8 -1.5
"25" "25" 2007-12-17 27.81 "POR" "" "NOH" "W" 12 1 20.7 1 1 0 11 5.6 0 6 0 16.7 14.4 141 90 9.3 13.6
"26" "26" 2007-12-19 27.81 "POR" "" "TOR" "W" 5 1 24.6333333333333 0.778 0.778 0 0 0 7.1 0 0 18.2 22.2 117 118 8.8 1.3
"27" "27" 2007-12-21 27.82 "POR" "" "DEN" "W" 3 1 26.4333333333333 0.75 0.75 0 12.7 6.6 39.5 0 3.1 50 7.2 116 109 6.1 1.4
"28" "28" 2007-12-25 27.83 "POR" "" "SEA" "W" 10 1 20.2666666666667 0.545 0.545 12.5 0 6.9 29.4 2.8 0 0 24.8 129 96 10.7 14
"29" "29" 2007-12-28 27.84 "POR" "" "MIN" "W" 11 1 27.0333333333333 0.857 0.857 8.9 0 4.5 21.6 1.9 0 12.5 13.4 158 111 12.5 7.8
"30" "30" 2007-12-30 27.84 "POR" "" "PHI" "W" 25 1 26.1 0.786 0.786 0 12.8 6.9 12.8 0 0 12.5 15.7 131 92 8.6 4.9
"31" "31" 2007-12-31 27.84 "POR" "@" "UTA" "L" -10 1 31.1333333333333 0.357 0.357 4.7 8.1 6.5 38.7 1.7 0 12.5 12.9 102 125 5.9 -1.5
"32" "32" 2008-01-02 27.85 "POR" "@" "MIN" "W" 11 1 23.9166666666667 0.581 0.5 0 8 4.5 15.4 0 0 12.7 17 112 104 5.6 -0.8
"33" "33" 2008-01-03 27.85 "POR" "@" "CHI" "W" 6 1 28.1166666666667 0.813 0.813 0 15 8.3 6.5 2.1 0 11.1 16 141 107 10.9 6
"34" "34" 2008-01-05 27.86 "POR" "" "UTA" "W" 14 1 27.3 0.333 0.333 0 12.6 7.1 31.7 4 0 0 5.5 136 99 6.6 2.5
"35" "35" 2008-01-09 27.87 "POR" "" "GSW" "W" 18 1 22.7166666666667 1.06 1.05 0 8 4.5 36.6 4.4 0 0 21.6 206 94 25.2 32.3
"36" "" 2008-01-13 27.88 "POR" "@" "TOR" "L" -7 NA NA NA NA NA NA NA NA NA NA NA NA NA NA NA NA
"37" "36" 2008-01-14 27.88 "POR" "@" "NJN" "W" 26 1 28.3166666666667 0.563 0.5 0 10.8 6.4 25.2 2.1 0 31.1 11.9 108 92 5.6 -0.4
"38" "37" 2008-01-16 27.89 "POR" "@" "BOS" "L" -10 1 22.65 0.417 0.417 0 4.6 2.6 30.5 2.4 0 0 12.9 111 113 5.3 3.6
"39" "38" 2008-01-18 27.89 "POR" "@" "MIA" "W" 7 1 20.1 0.5 0.5 0 10 5.7 15.6 0 0 40 12 76 109 0.9 -7.1
"40" "39" 2008-01-19 27.9 "POR" "@" "ORL" "L" -7 1 21.7833333333333 0.615 0.5 0 6 2.6 30.8 0 0 0 5.3 166 124 5.8 -1.1
"41" "40" 2008-01-21 27.9 "POR" "@" "ATL" "W" 2 1 32.05 0.438 0.438 0 8.5 3.9 26.1 0 0 11.1 13.6 108 127 6 -4.6
"42" "41" 2008-01-23 27.91 "POR" "@" "NOH" "L" -15 1 30.4333333333333 0.689 0.7 0 8.5 4 35.7 2 0 8.4 20.3 134 122 13.3 9.9
"43" "42" 2008-01-25 27.91 "POR" "" "HOU" "L" -10 1 26.7333333333333 0.25 0.25 8.6 5 6.9 31 8.4 0 14.3 12.6 78 96 6.3 6.1
"44" "43" 2008-01-27 27.92 "POR" "" "ATL" "W" 1 1 24 0.333 0.333 0 12.1 6 22.9 0 0 50 13.1 62 118 -0.1 -12.2
"45" "44" 2008-01-30 27.93 "POR" "" "CLE" "L" -1 1 31.1333333333333 0.455 0.455 0 14.7 6.7 25.9 1.8 0 15.4 19.3 84 95 5.3 -1
"46" "45" 2008-02-01 27.93 "POR" "" "NYK" "W" 6 1 37.4833333333333 0.731 0.731 3 0 1.5 22 1.6 0 0 18.6 150 105 17.6 11.4
"47" "46" 2008-02-04 27.94 "POR" "" "DEN" "L" -2 1 29.8666666666667 0.423 0.423 3.5 3.3 3.4 51.7 3.6 0 7.1 20.7 114 110 11.8 5.9
"48" "47" 2008-02-06 27.95 "POR" "" "CHI" "W" 3 1 40.1333333333333 0.318 0.318 3.9 10.6 7.4 23 2.8 0 8.3 14.6 93 111 7.6 -2.6
"49" "48" 2008-02-08 27.95 "POR" "@" "DET" "L" -9 1 31.35 0.3 0.3 4.1 8.7 6.4 16.2 0 0 0 16.2 84 119 3.2 -6.5
"50" "49" 2008-02-09 27.95 "POR" "@" "IND" "L" -8 1 34.7166666666667 0.571 0.571 0 7.7 4.5 26 0 0 30 13.3 93 117 4.8 -3.9
"51" "50" 2008-02-11 27.96 "POR" "@" "HOU" "L" -12 1 28.4666666666667 0.4 0.4 0 14.9 6.9 26.7 2 0 28.6 12.4 81 114 4.3 -4.1
"52" "51" 2008-02-13 27.96 "POR" "@" "DAL" "L" -20 1 29.9 0.623 0.65 0 18.2 9.2 7.5 0 0 16.1 20.2 108 113 7 0.1
"53" "52" 2008-02-19 27.98 "POR" "" "SAC" "L" -11 1 31 0.438 0.438 0 7.9 3.8 18 0 0 11.1 13.9 93 127 5 -8.1
"54" "53" 2008-02-21 27.99 "POR" "" "SEA" "W" 4 1 35.4833333333333 0.429 0.429 0 10.4 5.4 10.3 1.5 0 22.2 12 71 100 1.9 -11.4
"55" "54" 2008-02-22 27.99 "POR" "@" "SEA" "L" -12 1 28.25 0.1 0.1 0 0 0 6.2 0 0 9.1 18.1 28 123 -6.1 -23
"56" "55" 2008-02-24 27.99 "POR" "" "BOS" "L" -10 1 32.8 0.5 0.5 0 11.3 4.3 41.6 0 0 0 17.3 140 140 11 1.3
"57" "56" 2008-02-26 28 "POR" "@" "LAL" "L" -13 1 43.4 0.604 0.455 2.4 18.4 9.4 21.6 1.2 0 6.6 16 130 110 15.7 5.7
"58" "57" 2008-02-27 28 "POR" "@" "LAC" "W" 2 1 18.7666666666667 0 0 0 5.2 3 51.2 0 0 33.3 8.1 74 104 2.1 -4.4
"59" "58" 2008-02-29 28.01 "POR" "" "LAL" "W" 8 1 31.1333333333333 0.75 0.75 0 7.5 4 12.1 0 0 0 15.1 148 123 12.3 5.6
"60" "59" 2008-03-02 28.01 "POR" "@" "GSW" "L" -6 1 32.4833333333333 0.564 0.563 0 3 1.6 26 0 0 9.3 14.4 122 126 8.9 -2
"61" "60" 2008-03-04 28.02 "POR" "" "PHO" "L" -5 1 33.9833333333333 0.5 0.5 0 0 0 19.9 0 0 18.2 14.4 92 112 4.7 -2.9
"62" "61" 2008-03-07 28.03 "POR" "@" "MIL" "W" 2 1 36.9833333333333 0.661 0.633 0 10 5.4 24.6 1.5 0 11.2 23.4 132 117 17 3.9
"63" "62" 2008-03-08 28.03 "POR" "@" "NYK" "W" 6 1 37.1666666666667 0.524 0.462 0 12.7 6.1 38.7 2.9 0 0 17.3 143 113 16.1 5.5
"64" "63" 2008-03-10 28.04 "POR" "@" "CLE" "L" -8 1 32.7 0.371 0.333 3.2 4.2 3.6 41.8 0 0 9.6 16.1 106 117 6.3 0.2
"65" "64" 2008-03-11 28.04 "POR" "@" "MIN" "W" 7 1 31.7166666666667 0.619 0.563 0 8 3.8 19.6 0 0 18.4 16.6 114 118 8.4 -4.8
"66" "65" 2008-03-13 28.04 "POR" "@" "SAC" "L" -11 1 26.55 0.25 0.25 4 5.2 4.5 41.1 0 0 20 25.1 65 110 0.2 -7.8
"67" "66" 2008-03-15 28.05 "POR" "" "MIN" "W" 11 1 22.9 0.466 0.5 0 13.1 6.1 40 0 0 31.8 20.3 90 113 4.7 -8
"68" "67" 2008-03-18 28.06 "POR" "" "PHO" "L" -13 1 25.3166666666667 0.644 0.5 0 11.2 4.7 29.4 2.1 0 0 13.9 152 120 11.3 8.4
"69" "68" 2008-03-21 28.07 "POR" "" "LAC" "W" 5 1 34.5666666666667 0.631 0.591 0 8.7 4.5 43.6 0 0 7.8 18.5 150 125 15 2.1
"70" "69" 2008-03-22 28.07 "POR" "@" "LAC" "W" 11 1 38.3333333333333 0.188 0.188 0 2.8 1.3 28.5 0 0 0 9.9 83 96 2.6 -6.2
"71" "70" 2008-03-24 28.07 "POR" "@" "SEA" "L" -13 1 36.65 0.438 0.438 3.1 3.9 3.4 40.5 1.5 0 20 12.7 100 113 8.1 -2.2
"72" "71" 2008-03-25 28.08 "POR" "" "WAS" "W" 20 1 26.8333333333333 0.833 0.833 0 21.5 11.8 35.3 0 0 40 9 130 101 7.6 1.2
"73" "72" 2008-03-27 28.08 "POR" "@" "GSW" "L" -16 1 31.0833333333333 0.854 0.833 0 3.9 1.8 40.9 0 0 13.4 21.4 153 135 17.7 10.9
"74" "73" 2008-03-29 28.09 "POR" "" "CHA" "L" -8 1 31.4833333333333 0.344 0.344 3.1 3.8 3.4 42.1 0 0 5.9 22.6 105 112 6.3 -1.5
"75" "74" 2008-04-02 28.1 "POR" "@" "LAL" "L" -13 1 33.45 0.545 0.545 3.1 8.4 5.4 53.5 1.6 0 26.7 21.2 106 119 10.8 2.6
"76" "75" 2008-04-03 28.1 "POR" "" "HOU" "L" -9 1 42.1166666666667 0.466 0.417 5.6 9 7.2 16.7 0 0 18.9 17.9 93 116 7.7 -4.6
"77" "76" 2008-04-06 28.11 "POR" "" "SAS" "L" -7 1 34.3166666666667 0.284 0.273 0 14 6.6 20.2 1.8 0 7.5 20.8 62 92 2.6 -4.7
"78" "77" 2008-04-08 28.12 "POR" "" "LAL" "W" 9 1 29.1666666666667 0.542 0.542 0 4.1 2.1 30.1 0 0 20 23.6 103 121 6.5 -2.9
"79" "78" 2008-04-11 28.12 "POR" "@" "SAC" "L" -17 1 31.65 0.101 0 6.1 4.3 5.4 21.1 1.7 2.3 28.8 19.3 41 113 -1.4 -13.3
"80" "79" 2008-04-12 28.13 "POR" "" "DAL" "W" 3 1 40.9166666666667 0.667 0.667 0 3.3 1.8 19.7 1.4 0 7.7 16.5 131 126 13.7 -0.5
"81" "80" 2008-04-15 28.13 "POR" "" "MEM" "W" 22 1 29.6833333333333 0.5 0.5 0 3.2 1.8 24.6 0 0 0 19.5 121 110 7.4 -5.1
"82" "81" 2008-04-16 28.14 "POR" "@" "PHO" "L" -9 1 28.0833333333333 0.125 0.125 0 4.6 1.8 15 3.8 0 11.1 15 39 111 -0.2 -11.5
"1" "1" 2008-10-28 28.67 "POR" "@" "LAL" "L" -20 1 23.5833333333333 0.563 0.563 3.8 15.3 8.8 35.6 0 0 11.1 17.9 115 112 7.6 4.4
"2" "2" 2008-10-31 28.68 "POR" "" "SAS" "W" 1 1 32.8666666666667 0.6 0.6 0 10.1 4.3 8.7 0 0 0 7.4 139 129 5.3 -6.8
"3" "3" 2008-11-01 28.68 "POR" "@" "PHO" "L" -11 1 30.4 0.611 0.611 0 6.9 2.5 15.4 3.7 0 18.2 17.9 106 122 7.1 0
"4" "4" 2008-11-05 28.69 "POR" "@" "UTA" "L" -7 1 35.6333333333333 0.707 0.65 0 4.2 1.8 16 0 0 20.9 19.1 121 130 10 -1.2
"5" "5" 2008-11-06 28.7 "POR" "" "HOU" "W" 2 1 27.7833333333333 0.45 0.375 0 0 0 43.3 0 0 10.1 17.4 117 116 8.2 2.2
"6" "6" 2008-11-08 28.7 "POR" "" "MIN" "W" 4 1 31.85 0.3 0.3 7.5 0 3.6 10.2 0 0 0 15.5 96 121 2.6 -10.6
"7" "7" 2008-11-10 28.71 "POR" "@" "ORL" "W" 7 1 32.4833333333333 0.779 0.625 3.8 15.2 9.5 20.3 3.3 0 0 19.1 169 107 21.5 15.3
"8" "8" 2008-11-12 28.71 "POR" "@" "MIA" "W" 8 1 23.9166666666667 0.8 0.8 0 5.7 2.7 25.9 2.2 0 16.7 11.6 146 110 8.4 6.1
"9" "9" 2008-11-14 28.72 "POR" "@" "NOH" "L" -5 1 22.9 0.25 0.25 0 0 0 30 0 0 14.3 16.9 70 120 -1.4 -14.6
"10" "10" 2008-11-15 28.72 "POR" "@" "MIN" "W" 5 1 31.6333333333333 0.556 0.556 0 4 2.1 22.5 0 0 10 16 116 106 7 -0.7
"11" "11" 2008-11-18 28.73 "POR" "@" "GSW" "L" -5 1 20.3 0.75 0.75 0 0 0 14.7 0 0 20 10.5 126 127 3.6 -3.8
"12" "12" 2008-11-19 28.73 "POR" "" "CHI" "W" 42 1 24 0.53 0.5 0 4.1 2.4 29.4 0 0 24.1 22.1 109 94 6.1 -2.4
"13" "13" 2008-11-21 28.74 "POR" "@" "SAC" "W" 21 1 27.3166666666667 0.714 0.714 5.5 5 5.2 26.9 0 0 6.7 25.9 158 119 15.7 7.6
"14" "14" 2008-11-22 28.74 "POR" "@" "PHO" "L" -10 1 37.7333333333333 0.652 0.625 0 12.7 4.8 25.6 0 0 5.6 21.3 141 123 16.6 6.4
"15" "15" 2008-11-24 28.75 "POR" "" "SAC" "W" 1 1 33.5666666666667 0.505 0.455 0 11.9 5.4 26.6 6.2 0 14.4 17.3 110 91 12.3 4.5
"16" "16" 2008-11-26 28.75 "POR" "" "MIA" "W" 38 1 25.9333333333333 0.45 0.375 0 4 2.2 15.7 2.2 0 31.1 23 85 88 1.8 -9.6
"17" "17" 2008-11-28 28.76 "POR" "" "NOH" "W" 15 1 28.6833333333333 0.709 0.667 0 0 0 17.5 4.1 0 9.2 19.8 136 105 12.4 7.1
"18" "18" 2008-11-30 28.76 "POR" "@" "DET" "W" 11 1 36 0.479 0.45 4 4.3 4.2 30.4 0 0 8.7 16.7 125 115 8.7 -1.9
"19" "19" 2008-12-02 28.77 "POR" "@" "NYK" "W" 7 1 28.85 0.794 0.778 0 14.5 7.4 31.5 1.8 0 9.6 16 161 108 15.3 11.7
"20" "20" 2008-12-03 28.77 "POR" "@" "WAS" "W" 6 1 34.1666666666667 0.512 0.417 0 20.1 9.8 22.4 3.4 0 6.4 22.2 119 107 13.4 4.4
"21" "21" 2008-12-05 28.78 "POR" "@" "BOS" "L" -15 1 18.2833333333333 0.333 0.333 7.5 13.5 10.6 39.8 0 0 50 17 64 115 0.6 -8.7
"22" "22" 2008-12-07 28.78 "POR" "@" "TOR" "W" 1 1 32.9333333333333 0.679 0.679 6.5 21.4 12.9 22.6 1.7 0 6.7 21.1 149 115 16.9 12.2
"23" "23" 2008-12-09 28.79 "POR" "" "ORL" "L" -1 1 23.0666666666667 0.375 0.375 0 11 5.7 12.3 0 0 11.1 19 83 130 0.6 -15.6
"24" "24" 2008-12-11 28.79 "POR" "@" "UTA" "L" -9 1 29.85 0.375 0.375 0 4 2 26.1 1.9 0 0 13.1 112 117 5.6 1.9
"25" "25" 2008-12-12 28.79 "POR" "" "LAC" "L" -8 1 38.9 0.491 0.556 5.4 3.3 4.5 32.2 3 0 15.2 15.9 107 121 10.4 0.3
"26" "26" 2008-12-16 28.81 "POR" "" "SAC" "W" 32 1 26.65 0.571 0.571 0 11 5.6 25 7.7 0 22.2 14 103 75 9.2 5.1
"27" "27" 2008-12-18 28.81 "POR" "" "PHO" "W" 5 1 38.4333333333333 0.693 0.667 3.1 13.9 7.5 35.7 5.6 0 0 18.7 170 126 26.5 15.3
"28" "28" 2008-12-22 28.82 "POR" "@" "DEN" "L" -8 1 39.8833333333333 0.636 0.636 0 10.3 4.8 17.8 1.4 0 8.3 14.4 121 115 11.2 3.2
"29" "29" 2008-12-23 28.82 "POR" "" "DEN" "W" 9 1 31.1166666666667 0.607 0.607 0 7.5 4 12.5 1.8 0 26.3 29.1 94 113 6.4 -2.9
"30" "30" 2008-12-25 28.83 "POR" "" "DAL" "L" -8 1 38.3666666666667 0.568 0.5 0 9.6 5.1 31.6 3 0 24.5 21.3 104 120 12.1 1.9
"31" "31" 2008-12-27 28.84 "POR" "" "TOR" "W" 13 1 33.8833333333333 0.336 0.357 0 14.2 7.5 26.7 3.5 0 21.2 14 90 107 6.2 -1.9
"32" "32" 2008-12-30 28.84 "POR" "" "BOS" "W" 5 1 38.85 0.875 0.875 0 10.3 5.1 16 0 0 14.3 17.5 154 108 15.6 10
"33" "33" 2009-01-02 28.85 "POR" "" "NOH" "L" -15 1 36.8166666666667 0.394 0.313 0 9.3 4.1 29.6 1.7 2.2 10.1 13.7 101 118 7.7 1.4
"34" "34" 2009-01-04 28.86 "POR" "@" "LAL" "L" -14 1 30.2166666666667 0.464 0.464 3.2 0 2 19.8 1.9 0 12.5 25 91 122 6.2 -2.6
"35" "35" 2009-01-07 28.87 "POR" "" "DET" "W" 1 1 33.5333333333333 0.556 0.556 0 12.6 6.3 54.5 1.8 0 25 20.3 106 106 10 2.1
"36" "36" 2009-01-10 28.87 "POR" "" "GSW" "W" 13 1 38.0666666666667 0.524 0.462 0 16.3 7.1 14.5 4.2 0 12.3 18.6 115 110 12.9 0.4
"37" "37" 2009-01-12 28.88 "POR" "@" "CHI" "W" 14 1 39.0166666666667 0.571 0.571 0 8.6 4.6 46.2 4.1 0 6.7 17.9 135 102 18.1 11.5
"38" "38" 2009-01-14 28.88 "POR" "@" "PHI" "L" -21 1 17.3333333333333 0.5 0.5 0 0 0 24.7 3.5 0 28.6 19.7 86 124 2.3 -2.9
"39" "" 2009-01-15 28.89 "POR" "@" "NJN" "W" 6 NA NA NA NA NA NA NA NA NA NA NA NA NA NA NA NA
"40" "" 2009-01-17 28.89 "POR" "@" "CHA" "L" -5 NA NA NA NA NA NA NA NA NA NA NA NA NA NA NA NA
"41" "" 2009-01-19 28.9 "POR" "" "MIL" "W" 17 NA NA NA NA NA NA NA NA NA NA NA NA NA NA NA NA
"42" "" 2009-01-21 28.9 "POR" "" "CLE" "L" -6 NA NA NA NA NA NA NA NA NA NA NA NA NA NA NA NA
"43" "" 2009-01-24 28.91 "POR" "" "WAS" "W" 13 NA NA NA NA NA NA NA NA NA NA NA NA NA NA NA NA
"44" "39" 2009-01-26 28.92 "POR" "@" "LAC" "W" 25 1 10.65 0 0 0 12.9 6.6 33.8 0 0 0 9.5 93 115 0.6 -9.3
"45" "" 2009-01-28 28.92 "POR" "" "CHA" "W" 14 NA NA NA NA NA NA NA NA NA NA NA NA NA NA NA NA
"46" "" 2009-01-31 28.93 "POR" "" "UTA" "W" 14 NA NA NA NA NA NA NA NA NA NA NA NA NA NA NA NA
"47" "" 2009-02-02 28.94 "POR" "@" "NOH" "W" 8 NA NA NA NA NA NA NA NA NA NA NA NA NA NA NA NA
"48" "" 2009-02-04 28.94 "POR" "@" "DAL" "L" -5 NA NA NA NA NA NA NA NA NA NA NA NA NA NA NA NA
"49" "" 2009-02-06 28.95 "POR" "@" "OKC" "L" -9 NA NA NA NA NA NA NA NA NA NA NA NA NA NA NA NA
"50" "" 2009-02-08 28.95 "POR" "" "NYK" "W" 1 NA NA NA NA NA NA NA NA NA NA NA NA NA NA NA NA
"51" "" 2009-02-11 28.96 "POR" "" "OKC" "W" 14 NA NA NA NA NA NA NA NA NA NA NA NA NA NA NA NA
"52" "" 2009-02-12 28.96 "POR" "@" "GSW" "L" -7 NA NA NA NA NA NA NA NA NA NA NA NA NA NA NA NA
"53" "40" 2009-02-18 28.98 "POR" "" "MEM" "W" 4 1 31.4833333333333 0.583 0.583 0 3.5 1.9 38.8 0 0 14.3 10.7 130 111 8.5 0.8
"54" "41" 2009-02-20 28.99 "POR" "" "ATL" "W" 10 1 33.5166666666667 0.457 0.464 0 4.2 1.8 20.2 0 0 6.1 21.8 109 119 7.8 -4.9
"55" "42" 2009-02-22 28.99 "POR" "" "LAC" "W" 29 1 25.8666666666667 0.429 0.429 0 3.6 2 71.2 1.9 0 22.2 14.6 131 92 12.3 10.6
"56" "43" 2009-02-24 29 "POR" "@" "HOU" "L" -4 1 39.8166666666667 0.571 0.5 0 21.6 10.5 18.1 1.3 0 11.3 10.3 119 107 10.1 1.5
"57" "44" 2009-02-25 29 "POR" "@" "SAS" "L" -15 1 23.7666666666667 0 0 4.1 0 2.4 6.3 0 0 10 20.5 13 126 -5.9 -22.9
"58" "45" 2009-02-27 29 "POR" "@" "MIN" "W" 20 1 19.65 0.643 0.643 14 0 7 51.9 5.9 0 0 17.9 159 96 12.1 17.3
"59" "46" 2009-03-01 29.01 "POR" "" "SAS" "W" 18 1 29.8166666666667 0.845 0.813 4.5 3.9 4.2 34.6 0 0 25.3 19.6 136 108 13.2 7
"60" "47" 2009-03-04 29.02 "POR" "" "IND" "W" 2 1 29.4666666666667 0.436 0.333 3.5 4.3 3.9 9.4 0 0 8.8 16.9 107 124 4.1 -5.5
"61" "48" 2009-03-05 29.02 "POR" "@" "DEN" "L" -16 1 34.15 0.571 0.571 4.5 3.7 4.1 23.6 1.6 0 22.2 13.2 109 121 7.4 0.9
"62" "49" 2009-03-07 29.02 "POR" "" "MIN" "W" 2 1 34.95 0.5 0.5 0 10.6 5.2 8.9 0 0 0 11.4 129 121 5.1 -5.9
"63" "50" 2009-03-09 29.03 "POR" "" "LAL" "W" 17 1 33.5 0.45 0.375 0 6.8 3.4 23.2 3.3 0 0 12.1 134 106 9.6 3.3
"64" "51" 2009-03-11 29.04 "POR" "" "DAL" "L" -4 1 35.0333333333333 0.542 0.542 3 3.4 3.2 27.2 3.2 2.1 7.7 18.4 114 110 11.6 5.9
"65" "52" 2009-03-13 29.04 "POR" "" "NJN" "W" 9 1 39.6666666666667 0.845 0.813 0 11.3 5.3 23.3 0 0 31.1 15.6 120 125 10.6 -1.5
"66" "53" 2009-03-15 29.05 "POR" "@" "ATL" "L" -18 1 37.85 0.321 0.321 3.6 6.2 5 14.1 1.6 0 6.7 20.5 80 122 4.2 -4.7
"67" "54" 2009-03-16 29.05 "POR" "@" "MEM" "W" 11 1 38.45 0.722 0.722 0 3.2 1.7 23.6 1.5 0 18.2 13.8 135 116 11.8 3.3
"68" "55" 2009-03-18 29.05 "POR" "@" "IND" "W" 10 1 33.9166666666667 0.7 0.7 0 9.4 4.6 39.7 3 2.1 16.7 15.9 132 88 15.8 11.1
"69" "56" 2009-03-19 29.06 "POR" "@" "CLE" "L" -5 1 44.0666666666667 0.6 0.6 2.9 10 6.7 32.4 0 0 9.1 13.7 128 114 11.2 3.6
"70" "57" 2009-03-21 29.06 "POR" "@" "MIL" "W" 12 1 36.45 0.639 0.625 3.1 3.2 3.2 31.9 2.9 0 19.6 26.1 110 95 14.6 8.5
"71" "58" 2009-03-23 29.07 "POR" "" "PHI" "L" -6 1 42.75 0.527 0.525 0 3.9 1.5 20.8 0 0 8.7 23.4 119 134 12.2 0.2
"72" "59" 2009-03-26 29.08 "POR" "" "PHO" "W" 20 1 33.65 0.7 0.7 0 9.5 5.4 10.3 1.5 0 9.1 14.5 136 117 12 -1.3
"73" "60" 2009-03-28 29.08 "POR" "" "MEM" "W" 20 1 29.2833333333333 0.5 0.5 0 13.3 6.3 22.8 0 0 37.5 13.1 85 94 1.8 -8.1
"74" "61" 2009-03-31 29.09 "POR" "" "UTA" "W" 21 1 29.1833333333333 1.025 1 0 0 0 35.2 3.6 0 38.1 12.7 146 116 12.1 7.1
"75" "62" 2009-04-03 29.1 "POR" "@" "OKC" "W" 35 1 29.45 0.538 0.538 0 7.2 3.7 49.1 1.9 0 7.1 20.7 142 90 14.1 11.3
"76" "63" 2009-04-05 29.1 "POR" "@" "HOU" "L" -14 1 38.2833333333333 0.35 0.35 2.8 11.8 6.6 12.9 0 2.2 16.7 15.9 78 133 2.4 -9.6
"77" "64" 2009-04-07 29.11 "POR" "@" "MEM" "W" 3 1 35.3666666666667 1 1 0 32.8 15.6 4 3.3 0 66.7 4.1 67 110 4.1 -3.3
"78" "65" 2009-04-08 29.11 "POR" "@" "SAS" "W" 12 1 35.9166666666667 0.458 0.458 8.4 10.8 9.7 27.8 1.7 0 7.7 18.7 122 105 11 4.3
"79" "66" 2009-04-10 29.12 "POR" "" "LAL" "W" 8 1 37 0.559 0.577 0 5.9 3.1 28.6 0 0 0 17.8 137 120 12.5 3.8
"80" "67" 2009-04-11 29.12 "POR" "@" "LAC" "W" 15 1 35.9666666666667 0.46 0.4 0 12.7 6.4 23.8 3.1 0 15.5 17.9 94 85 8.1 2
"81" "68" 2009-04-13 29.13 "POR" "" "OKC" "W" 30 1 24.7 0.389 0.389 4.9 15.5 10.8 29.8 2.1 0 10 18 105 89 7.2 1.5
"82" "69" 2009-04-15 29.13 "POR" "" "DEN" "W" 28 1 29.65 0.571 0.5 4.9 9.3 7.6 19 1.8 0 27.6 18 102 89 7.3 -1.3
"1" "1" 2009-10-27 29.67 "POR" "" "HOU" "W" 9 1 26.25 0.509 0.5 0 11.2 6.5 12.5 1.9 0 22.5 14.4 91 94 3.3 -2.9
"2" "2" 2009-10-29 29.67 "POR" "" "DEN" "L" -3 1 20.2833333333333 0 0 0 0 0 25.4 2.8 0 25 8.9 33 115 -0.8 -8.7
"3" "3" 2009-10-31 29.68 "POR" "@" "HOU" "L" -4 1 25.1166666666667 0.25 0.25 0 0 0 31.8 2.2 0 42.9 13 72 130 1 -8
"4" "4" 2009-11-01 29.68 "POR" "@" "OKC" "W" 9 1 30.9 0.911 0.889 0 10.6 5.9 24.9 1.9 0 9.2 18 166 93 15.1 14.8
"5" "5" 2009-11-03 29.68 "POR" "" "ATL" "L" -6 1 27.05 0.25 0.25 0 4.8 2.2 16.4 0 0 9.1 19.5 61 120 -0.2 -11.1
"6" "6" 2009-11-06 29.69 "POR" "" "SAS" "W" 12 1 38.15 0.856 0.786 0 16.4 8.9 9.3 1.5 0 10.2 12.4 163 99 14.1 8.6
"7" "7" 2009-11-08 29.7 "POR" "" "MIN" "W" 23 1 27.3333333333333 0.5 0.5 0 14.9 8 24.6 1.8 0 0 9.7 130 101 8.7 -1.1
"8" "8" 2009-11-10 29.7 "POR" "@" "MEM" "W" 14 1 30.95 0.778 0.778 0 7.2 3.9 12.8 1.8 0 18.2 17.9 120 96 10.7 8.6
"9" "9" 2009-11-11 29.71 "POR" "@" "MIN" "W" 23 1 23.45 0.357 0.357 0 10.8 5.8 27 2.3 0 22.2 19.1 83 97 3.6 -6.8
"10" "10" 2009-11-13 29.71 "POR" "@" "NOH" "W" 8 1 32.1333333333333 0.214 0.214 0 12.2 6 9.5 0 0 12.5 10.8 59 95 -0.3 -7.4
"11" "11" 2009-11-14 29.72 "POR" "@" "CHA" "W" 6 1 31.5 0.368 0.3 0 11.5 7.3 12.7 0 0 15.5 22.3 74 97 2.4 -4.3
"12" "12" 2009-11-16 29.72 "POR" "@" "ATL" "L" -4 1 40.4833333333333 0.364 0.364 0 0 0 43.5 0 0 15.4 16.3 95 116 6.8 -0.4
"13" "13" 2009-11-18 29.73 "POR" "" "DET" "W" 6 1 35.3 0.723 0.65 4.1 6.5 5.4 10.4 0 0 20.3 21.3 113 102 10.9 2.1
"14" "14" 2009-11-20 29.73 "POR" "@" "GSW" "L" -14 1 36.4333333333333 0.304 0.222 3.1 10.1 6.4 21.7 1.4 0 16.8 13.6 83 115 4.2 -5.5
"15" "15" 2009-11-21 29.73 "POR" "" "MIN" "W" 28 1 29.1166666666667 1 1 0 15.3 8 48.2 0 0 12.5 13.3 184 98 17.6 18.8
"16" "16" 2009-11-23 29.74 "POR" "" "CHI" "W" 24 1 28.6 0.436 0.5 10.2 12.3 11.3 16.6 2 0 36.8 9.1 103 114 5 0.7
"17" "17" 2009-11-25 29.75 "POR" "" "NJN" "W" 10 1 25.45 0.581 0.667 0 8.6 4.7 25.7 0 0 0 13.4 137 106 7.2 2.2
"18" "18" 2009-11-27 29.75 "POR" "" "MEM" "L" -10 1 23.5 0 0 0 11.7 5.2 12.4 0 0 34 11.7 19 129 -3.3 -19.1
"19" "19" 2009-11-28 29.75 "POR" "@" "UTA" "L" -16 1 21.7 0.6 0.6 0 7.1 3.1 32.3 0 0 16.7 13.2 116 129 5.8 0.3
"20" "20" 2009-12-01 29.76 "POR" "" "MIA" "L" -7 1 24.6666666666667 0.75 0.75 0 5.7 2.3 20.7 4.5 0 0 10.4 177 118 9.6 10.3
"21" "21" 2009-12-05 29.77 "POR" "" "HOU" "W" 1 1 28.6833333333333 0.25 0.25 0 0 0 16.6 2 0 14.3 13 66 111 0.5 -4.9
"22" "22" 2009-12-07 29.78 "POR" "@" "NYK" "L" -9 1 37.95 0.507 0.5 0 14.1 8.1 19.5 3 0 18.4 14.5 96 108 7.7 -1
"23" "23" 2009-12-09 29.78 "POR" "@" "IND" "W" 11 1 38.85 0.429 0.429 3.2 5.3 4.3 20.3 1.3 0 12.5 9.7 107 105 7 -0.9
"24" "24" 2009-12-11 29.79 "POR" "@" "CLE" "L" -5 1 35.9333333333333 0 0 3.4 8.6 5.7 28.9 0 0 50 10.7 55 119 -0.7 -10.3
"25" "25" 2009-12-12 29.79 "POR" "@" "MIL" "L" -7 1 42.0833333333333 0.35 0.35 2.7 12.3 7.2 4.2 1.3 0 23.1 14.7 63 105 1.8 -7.3
"26" "26" 2009-12-15 29.8 "POR" "" "SAC" "W" 7 0 24.5 0.625 0.625 0 5.2 2.6 12.2 2.3 0 0 8 143 105 5.7 2.3
"27" "27" 2009-12-17 29.81 "POR" "" "PHO" "W" 3 0 38 0.857 0.857 3.3 6.5 4.9 8.4 0 2.2 12.5 9.8 154 119 9.9 2.6
"28" "28" 2009-12-19 29.81 "POR" "@" "ORL" "L" -9 0 26.6 0.87 0.8 0 9 4.1 7.7 2 0 13.7 12.9 154 104 8.4 5.4
"29" "29" 2009-12-20 29.81 "POR" "@" "MIA" "W" 7 0 23.0833333333333 0.3 0.3 6.9 5.8 6.3 11.6 2.5 0 16.7 13.6 83 115 1.1 -7.6
"30" "30" 2009-12-22 29.82 "POR" "@" "DAL" "W" 4 0 27.75 0.429 0.429 0 7.2 3.8 24.2 2 0 12.5 14.1 90 95 3.7 -2.5
"31" "31" 2009-12-23 29.82 "POR" "@" "SAS" "W" 4 0 32.5333333333333 0.583 0.583 0 9.5 4.3 24.1 0 0 14.3 10.7 121 118 6.7 -0.9
"32" "32" 2009-12-25 29.83 "POR" "" "DEN" "W" 11 0 21 1.063 1.063 0 11.4 6.3 8.7 0 0 11.1 21.5 164 117 12.9 15.5
"33" "33" 2009-12-28 29.84 "POR" "" "PHI" "L" -11 0 24.4333333333333 0.5 0.5 4.3 6.8 5.2 21.7 2.3 0 9.1 21.3 109 123 6.5 -0.9
"34" "34" 2009-12-30 29.84 "POR" "" "LAC" "W" 4 0 27.7166666666667 0.592 0.625 0 0 0 9.6 1.9 0 10.6 15.4 115 112 5.8 -1.4
"35" "" 2010-01-02 29.85 "POR" "" "GSW" "W" 16 NA NA NA NA NA NA NA NA NA NA NA NA NA NA NA NA
"36" "" 2010-01-04 29.85 "POR" "@" "LAC" "L" -10 NA NA NA NA NA NA NA NA NA NA NA NA NA NA NA NA
"37" "" 2010-01-05 29.86 "POR" "" "MEM" "L" -4 NA NA NA NA NA NA NA NA NA NA NA NA NA NA NA NA
"38" "" 2010-01-08 29.87 "POR" "" "LAL" "W" 9 NA NA NA NA NA NA NA NA NA NA NA NA NA NA NA NA
"39" "35" 2010-01-10 29.87 "POR" "" "CLE" "L" -12 0 7.35 0 0 0 0 0 0 0 0 0 7.2 0 136 -0.7 -13.2
"40" "36" 2010-01-13 29.88 "POR" "" "MIL" "W" 12 0 28.0833333333333 0.786 0.786 0 21.9 12.8 18.4 0 0 0 12.3 164 120 11.2 3.7
"41" "37" 2010-01-15 29.88 "POR" "" "ORL" "W" 15 0 31.0666666666667 0.75 0.75 0 15.5 7.7 30.7 1.8 0 14.3 22.2 133 100 16.4 12.9
"42" "38" 2010-01-18 29.89 "POR" "@" "WAS" "L" -5 0 21.7 0.53 0.5 0 20.1 9.2 31.4 5.3 0 24.1 26.7 97 108 7.2 2.7
"43" "39" 2010-01-20 29.9 "POR" "@" "PHI" "W" 8 0 22.2166666666667 0.4 0.4 0 5.7 3 34.1 0 0 0 11.5 119 116 5.1 -1.2
"44" "40" 2010-01-22 29.9 "POR" "@" "BOS" "L" -3 0 21.2 0.357 0.357 5.3 0 3 0 2.7 0 12.5 17.4 75 104 1.2 -5.6
"45" "41" 2010-01-23 29.91 "POR" "@" "DET" "W" 4 1 40.4166666666667 0.458 0.458 0 2.8 1.6 42.3 4.2 0 0 15.6 117 108 14.1 5.1
"46" "42" 2010-01-25 29.91 "POR" "" "NOH" "L" -1 1 21.9666666666667 0.563 0.563 0 20.5 9.1 14 0 0 0 17.2 125 120 6.5 -1.7
"47" "43" 2010-01-27 29.92 "POR" "" "UTA" "L" -11 0 11.05 0 0 0 16.1 5.3 39.5 0 0 0 23 28 125 -2.2 -19.2
"48" "44" 2010-01-29 29.92 "POR" "@" "HOU" "L" -4 0 26.3666666666667 0.7 0.7 0 4.6 2.3 62.8 2 0 23.1 23.1 121 116 13.2 9
"49" "45" 2010-01-30 29.93 "POR" "@" "DAL" "W" 2 0 24.9333333333333 0.5 0.5 0 10.1 5.2 17 2.2 0 9.1 22.1 105 115 6.1 -0.2
"50" "46" 2010-02-01 29.93 "POR" "" "CHA" "W" 19 0 16.8833333333333 0.417 0.417 0 7.7 4 33.1 3.4 0 25 23 93 95 2.9 -1.6
"51" "47" 2010-02-03 29.94 "POR" "@" "UTA" "L" -13 0 20.75 0.571 0.571 4.9 17.8 9.5 15.4 2.7 0 12.5 17.2 119 134 6.2 1.5
"52" "48" 2010-02-04 29.94 "POR" "" "SAS" "W" 3 0 15.4666666666667 NA NA 0 13.8 7.7 47.7 0 0 100 6.5 94 110 1.6 -4.6
"53" "49" 2010-02-06 29.95 "POR" "" "LAL" "L" -17 0 18.3 0.3 0.3 0 6.6 3.4 64.7 3.1 0 0 14.8 100 114 5.3 4.6
"54" "50" 2010-02-09 29.95 "POR" "" "OKC" "L" -12 0 23.6333333333333 0 0 13.8 4.6 9.2 19.7 0 0 16.7 11.6 45 106 -0.8 -8.8
"55" "51" 2010-02-10 29.96 "POR" "@" "PHO" "W" 7 1 37.65 0.727 0.667 0 6.7 3.6 42.4 2.8 2.1 6.8 19.5 154 111 25.1 14.9
"56" "" 2010-02-16 29.97 "LAC" "@" "POR" "L" -22 NA NA NA NA NA NA NA NA NA NA NA NA NA NA NA NA
"57" "52" 2010-02-17 29.98 "LAC" "" "ATL" "L" -18 1 32.45 0.25 0.25 0 8.2 4.4 37.5 0 0 33.3 13 81 124 2.7 -9.3
"58" "53" 2010-02-20 29.98 "LAC" "" "SAC" "W" 10 1 40.0166666666667 0.709 0.583 3.2 9 6.2 45.8 2.4 0 27.9 11.5 137 89 15 5.4
"59" "54" 2010-02-22 29.99 "LAC" "" "CHA" "W" 4 0 15.7166666666667 0.521 0.5 7.8 14.2 11.2 64.9 3.4 0 0 8.4 169 104 8.8 12.3
"60" "55" 2010-02-24 29.99 "LAC" "" "DET" "W" 6 0 20.55 1.25 1.25 0 4.5 2.3 47.8 0 0 50 8.7 133 110 5.7 1.3
"61" "56" 2010-02-26 30 "LAC" "@" "PHO" "L" -13 0 24.8333333333333 0 0 0 12.1 5.2 40.5 2 3 33.3 5.5 111 129 6.2 -1
"62" "57" 2010-02-28 30.01 "LAC" "@" "SAC" "L" -5 0 12.7666666666667 0.25 0.25 0 15.3 8.2 27.6 0 0 0 13.5 76 105 1.6 -6.2
"63" "58" 2010-03-01 30.01 "LAC" "" "UTA" "W" 4 0 17.75 0.3 0.3 7.7 17.6 13.4 40.6 2.9 0 28.6 17.7 87 108 4 -3.1
"64" "59" 2010-03-03 30.01 "LAC" "" "PHO" "L" -26 0 26.1333333333333 1 1 0 15.7 6.9 24.6 2 0 36.4 19.2 112 135 10.6 1.7
"65" "60" 2010-03-05 30.02 "LAC" "" "OKC" "L" -17 0 21.7166666666667 0.167 0.167 3.9 10 6.6 29.7 2.3 0 14.3 13.5 62 110 1.5 -7.2
"66" "61" 2010-03-06 30.02 "LAC" "@" "UTA" "L" -22 0 32.45 0.5 0.5 0 3 1.6 9.2 0 0 16.7 8.1 96 121 3 -8.4
"67" "62" 2010-03-09 30.03 "LAC" "@" "ORL" "L" -26 1 29.9333333333333 0.688 0.688 0 7.5 3.7 26.2 1.8 0 20 16.1 117 125 9.7 0.2
"68" "63" 2010-03-10 30.03 "LAC" "@" "MIA" "L" -11 1 36.15 0.545 0.545 0 13 5.9 20.3 1.5 0 8.3 14.8 118 122 10.2 1.4
"69" "64" 2010-03-12 30.04 "LAC" "@" "CHA" "L" -8 0 22.2333333333333 NA NA 0 6.5 3.3 46.3 0 3 100 4.3 127 118 4.5 -1.1
"70" "65" 2010-03-13 30.04 "LAC" "@" "SAS" "L" -30 0 17.4166666666667 0.667 0.667 0 17.2 7.3 28.8 2.9 0 25 21.6 106 125 6.7 1.8
"71" "66" 2010-03-15 30.05 "LAC" "" "NOH" "L" -8 0 15.7333333333333 0.75 0.75 6.2 19.1 11.3 16.5 0 0 33.3 8.4 114 118 3.3 -6.2
"72" "67" 2010-03-17 30.05 "LAC" "" "MIL" "W" 8 0 25.7666666666667 0.436 0.417 0 13 7.7 49.2 4.1 0 12.7 15.1 111 100 9.3 3.1
"73" "68" 2010-03-21 30.06 "LAC" "" "SAC" "L" -13 0 19.7166666666667 0.7 0.7 0 0 0 54.7 0 0 16.7 14.2 133 113 7.9 3.5
"74" "69" 2010-03-23 30.07 "LAC" "@" "DAL" "L" -10 0 17.8166666666667 0.5 0.5 0 5.9 2.9 35.6 3 0 50 9.7 80 117 2.3 -6.5
"75" "70" 2010-03-25 30.07 "LAC" "@" "HOU" "W" 6 0 13.8666666666667 0.425 0.3 0 0 0 21.3 0 5.3 33.8 27.6 70 101 0.2 -11.4
"76" "71" 2010-03-28 30.08 "LAC" "" "GSW" "L" -18 0 13.85 0.333 0.333 0 0 0 45.4 0 0 0 8.4 129 131 2.7 -5.4
"77" "72" 2010-03-30 30.09 "LAC" "@" "MIL" "L" -18 1 31.7833333333333 0.595 0.6 0 9.2 4.4 33 1.7 0 40.5 13.4 86 123 5.2 -7
"78" "73" 2010-03-31 30.09 "LAC" "@" "TOR" "L" -22 1 39.2833333333333 0.5 0.5 2.5 0 1.5 44.3 2.7 0 10 11.6 131 127 14 1
"79" "74" 2010-04-03 30.1 "LAC" "@" "DEN" "L" -8 1 38.7333333333333 0.667 0.667 0 7.9 4.5 31.9 0 0 50 22 75 113 4.4 -8.1
"80" "75" 2010-04-04 30.1 "LAC" "" "NYK" "L" -6 0 19.7333333333333 0.3 0.3 0 0 0 24 2.5 0 16.7 12.8 86 116 2.7 -5
"81" "76" 2010-04-07 30.11 "LAC" "" "POR" "L" -8 0 28.1 0.7 0.7 0 4.6 2.3 36.9 2 2.3 23.1 23.2 113 109 11.8 6.1
"82" "77" 2010-04-08 30.11 "LAC" "@" "SAC" "L" -22 0 18.2 0.3 0.3 0 13.5 6.7 0 0 0 28.6 18.7 43 132 -1.5 -19.2
"83" "78" 2010-04-10 30.12 "LAC" "" "GSW" "W" 3 1 46.2333333333333 0.636 0.636 0 11.5 6.6 26.1 1 0 26.7 13.9 108 106 12.6 -3
"84" "79" 2010-04-12 30.12 "LAC" "" "DAL" "L" -23 1 41.7 0.563 0.563 0 6.4 3 44.8 0 0 27.3 12.1 115 133 11.3 -3.6
"85" "80" 2010-04-14 30.13 "LAC" "" "LAL" "W" 16 1 41.6666666666667 0.836 0.833 0 20.9 11.9 38.7 2.4 0 22.5 19.8 135 93 24.9 7.6
"1" "1" 2010-10-26 30.66 "LAL" "" "HOU" "W" 2 0 21.5333333333333 0.85 0.9 0 0 0 20.1 2.2 0 0 10.9 177 114 9.6 9.8
"2" "2" 2010-10-29 30.67 "LAL" "@" "PHO" "W" 8 0 18.6 0.375 0.375 5.9 0 2.9 12.6 0 0 0 18.7 105 121 2.1 -8.1
"3" "3" 2010-10-31 30.68 "LAL" "" "GSW" "W" 24 0 15.9166666666667 0.258 0 0 17.1 9.2 15.5 0 0 43.6 17.1 48 90 -0.8 -12.9
"4" "4" 2010-11-02 30.68 "LAL" "" "MEM" "W" 19 0 21.2 0.833 0.833 0 16.8 9.5 20 0 0 14.3 13.6 161 111 9.7 6.9
"5" "5" 2010-11-03 30.68 "LAL" "@" "SAC" "W" 12 0 16.5 0.425 0.3 0 0 0 0 0 0 14.5 19.6 75 114 0.5 -11.9
"6" "6" 2010-11-05 30.69 "LAL" "" "TOR" "W" 5 0 18.05 1.017 1 0 6.2 3.3 20.2 0 0 12.7 20.3 166 118 11.7 13.7
"7" "7" 2010-11-07 30.7 "LAL" "" "POR" "W" 25 0 21.6333333333333 0.625 0.625 0 10.8 6 29.2 4.7 0 20 9.9 140 98 8.8 10.6
"8" "8" 2010-11-09 30.7 "LAL" "" "MIN" "W" 5 0 14.4 0.75 0.75 0 12.3 6.9 9.1 0 0 71.4 20.5 40 101 -1.7 -15.6
"9" "9" 2010-11-11 30.71 "LAL" "@" "DEN" "L" -6 0 16.1333333333333 0.5 0.5 6 0 3.2 8 0 0 0 7.4 137 129 1.5 -5.9
"10" "" 2010-11-14 30.72 "LAL" "" "PHO" "L" -5 NA NA NA NA NA NA NA NA NA NA NA NA NA NA NA NA
"11" "10" 2010-11-16 30.72 "LAL" "@" "MIL" "W" 11 0 22.5833333333333 0.75 0.75 0 4.2 2.4 11.3 2.3 0 0 8.2 159 118 6.3 3.6
"12" "11" 2010-11-17 30.72 "LAL" "@" "DET" "W" 13 0 20.6666666666667 0.3 0.3 0 0 0 0 0 0 16.7 13.2 55 108 -1.1 -11.1
"13" "12" 2010-11-19 30.73 "LAL" "@" "MIN" "W" 17 0 18.2 0.375 0.375 0 0 0 7.1 0 0 0 9.5 87 107 0.9 -8.4
"14" "13" 2010-11-21 30.73 "LAL" "" "GSW" "W" 28 0 19.5 0.75 0.75 7.2 13.4 11.1 37.8 5.4 0 42.9 16 115 90 8.4 8.8
"15" "14" 2010-11-23 30.74 "LAL" "" "CHI" "W" 7 0 23.65 1 1 0 14.5 7.2 14.5 4.5 0 25 7.7 141 97 7.2 7.5
"16" "15" 2010-11-26 30.75 "LAL" "@" "UTA" "L" -6 0 17.6333333333333 0 0 0 7.8 3.4 0 3.1 0 0 19.3 0 113 -4.8 -22.2
"17" "16" 2010-11-28 30.75 "LAL" "" "IND" "L" -3 0 26.6833333333333 0.75 0.75 0 7.8 3.9 22.3 0 0 33.3 4.9 123 110 4 -2.1
"18" "17" 2010-11-30 30.76 "LAL" "@" "MEM" "L" -2 0 19.05 0.9 0.9 6.8 7.4 7.1 9.5 0 0 0 12.2 193 121 6.8 8.1
"19" "18" 2010-12-01 30.76 "LAL" "@" "HOU" "L" -10 0 21.0833333333333 0.5 0.5 5.6 25.3 14.8 32.8 2.5 0 50 13.2 83 119 3.9 -1.9
"20" "19" 2010-12-03 30.77 "LAL" "" "SAC" "W" 33 0 20.1666666666667 0.786 0.786 0 27 15.1 12.7 0 0 22.2 20.9 116 88 8.6 4.8
"21" "20" 2010-12-07 30.78 "LAL" "" "WAS" "W" 7 0 17.4666666666667 0.9 0.9 0 0 0 17.3 0 0 16.7 14.3 153 130 6.7 3.4
"22" "21" 2010-12-08 30.78 "LAL" "@" "LAC" "W" 1 0 23.6833333333333 0.357 0.357 0 8.8 4.5 13.5 0 0 30 19.2 55 99 -0.1 -9.9
"23" "22" 2010-12-10 30.79 "LAL" "@" "CHI" "L" -4 0 14.1833333333333 0.5 0.5 0 16.5 8.4 11.1 0 0 40 16.1 64 103 0.2 -8.9
"24" "23" 2010-12-12 30.79 "LAL" "@" "NJN" "W" 7 0 22.4833333333333 0.515 0.333 0 22.2 12.3 0 0 0 0 7.7 115 101 3.8 -5.2
"25" "24" 2010-12-14 30.8 "LAL" "@" "WAS" "W" 14 0 22.4833333333333 0 0 5.5 16.4 11.7 6.3 4.9 0 0 6.2 47 94 1.3 -5.5
"26" "25" 2010-12-15 30.8 "LAL" "@" "IND" "W" 15 0 29.3333333333333 0.583 0.583 0 15.2 8.2 4.4 0 0 14.3 11.4 106 110 3.3 -6.5
"27" "26" 2010-12-17 30.81 "LAL" "@" "PHI" "W" 12 0 18.2833333333333 0.425 0.3 0 19.4 11.1 43.2 0 0 14.5 17.1 99 90 5.2 4.4
"28" "27" 2010-12-19 30.81 "LAL" "@" "TOR" "W" 10 0 19.3 0.6 0.6 0 17.4 9.2 13.8 2.5 0 16.7 13.2 119 111 5.2 1.8
"29" "28" 2010-12-21 30.82 "LAL" "" "MIL" "L" -19 0 19.1 0 0 6.1 7.6 6.8 21.5 0 0 33.3 7.6 58 127 0.3 -8.3
"30" "29" 2010-12-25 30.83 "LAL" "" "MIA" "L" -16 0 19.15 0 0 0 5.8 2.9 7.8 0 0 16.7 15.4 9 116 -3.9 -17.6
"31" "30" 2010-12-28 30.84 "LAL" "@" "SAS" "L" -15 0 23.2166666666667 0.2 0.2 0 8.1 4.1 15.4 0 0 16.7 11.5 51 111 -1.3 -10.8
"32" "31" 2010-12-29 30.84 "LAL" "@" "NOH" "W" 15 0 17.3333333333333 0.5 0.5 0 13.8 8.1 7.8 3.1 0 33.3 16.8 74 95 1.1 -6.6
"33" "32" 2010-12-31 30.84 "LAL" "" "PHI" "W" 4 0 18.3333333333333 0.417 0.417 0 12.8 6.5 0 0 0 0 15.1 93 112 2.2 -5.6
"34" "33" 2011-01-02 30.85 "LAL" "" "MEM" "L" -19 0 21.2666666666667 1 1 0 10.5 5.6 0 0 0 42.9 16 97 120 3.6 -2.7
"35" "34" 2011-01-04 30.85 "LAL" "" "DET" "W" 25 0 19.6 0.625 0.625 0 6.4 3.1 26.4 2.8 0 20 11.7 121 97 6.1 5.2
"36" "35" 2011-01-05 30.86 "LAL" "@" "PHO" "W" 4 0 20.9666666666667 0.583 0.583 0 18.1 8.8 0 0 0 14.3 15.4 103 116 3.5 -5
"37" "36" 2011-01-07 30.86 "LAL" "" "NOH" "W" 4 0 12.3833333333333 0 0 0 21 10.1 19.9 0 0 0 3.9 92 119 0.5 -7.2
"38" "37" 2011-01-09 30.87 "LAL" "" "NYK" "W" 22 0 18.75 0 0 0 0 0 6.7 2.6 0 0 4.4 31 92 -0.1 -5.7
"39" "38" 2011-01-11 30.87 "LAL" "" "CLE" "W" 55 0 23.3666666666667 0.2 0.2 5 11.4 8.6 4.7 0 0 16.7 11.8 60 73 0.2 -9.9
"40" "39" 2011-01-12 30.88 "LAL" "@" "GSW" "W" 5 0 12.9833333333333 0.333 0.333 0 0 0 19.3 0 0 0 10.3 118 129 1.7 -6.1
"41" "40" 2011-01-14 30.88 "LAL" "" "NJN" "W" 12 0 16.65 NA NA 0 18.8 10.4 41.2 3.3 0 NA 0 214 98 5.4 9.6
"42" "41" 2011-01-16 30.89 "LAL" "@" "LAC" "L" -7 0 16.0833333333333 0.532 0 0 0 0 0 0 0 0 5.5 124 120 0.5 -7.5
"43" "42" 2011-01-17 30.89 "LAL" "" "OKC" "W" 7 0 14.8166666666667 1.5 1.5 8.1 0 4 28 0 0 50 6.3 153 112 4.1 7.5
"44" "43" 2011-01-19 30.9 "LAL" "@" "DAL" "L" -9 0 22.75 0.875 0.875 0 6.2 3 0 0 0 20 11.2 128 134 4.3 -3.1
"45" "44" 2011-01-21 30.9 "LAL" "@" "DEN" "W" 10 0 27.65 0.417 0.417 9.6 4.6 7 8 0 0 14.3 11.8 107 117 3.3 -3.8
"46" "45" 2011-01-25 30.91 "LAL" "" "UTA" "W" 29 0 23.3 0.625 0.625 0 12.4 8.7 20.7 6.7 0 33.3 12.4 103 90 6.9 4
"47" "46" 2011-01-28 30.92 "LAL" "" "SAC" "L" -5 0 28.1 0.41 0.375 4.1 4.7 4.4 10.9 2 0 0 8 118 117 3.4 -3.1
"48" "47" 2011-01-30 30.93 "LAL" "" "BOS" "L" -13 0 23.8166666666667 0.667 0.667 0 20.8 8.3 6.3 2.3 3.6 40 10 82 121 3.6 -0.6
"49" "48" 2011-02-01 30.93 "LAL" "" "HOU" "W" 8 0 29.0166666666667 0.654 0.583 0 20.3 11.2 14.2 0 0 12.7 12.2 134 110 7.7 -0.1
"50" "49" 2011-02-03 30.94 "LAL" "" "SAS" "L" -1 0 27.2166666666667 0.313 0.313 0 21 10.8 5.8 2 0 0 14.2 76 101 3.4 -4.1
"51" "50" 2011-02-05 30.94 "LAL" "@" "NOH" "W" 6 0 17.3 0 0 0 6.9 3.5 15.4 3.4 0 0 9.1 38 117 0.2 -11
"52" "51" 2011-02-07 30.95 "LAL" "@" "MEM" "W" 9 0 14.9833333333333 1.5 1.5 0 0 0 11.1 3.7 0 50 6.2 109 102 3.4 4.2
"53" "52" 2011-02-10 30.96 "LAL" "@" "BOS" "W" 6 0 11.5333333333333 0 0 0 26.6 15 23.8 0 0 0 8.5 56 100 -0.3 -8.6
"54" "53" 2011-02-11 30.96 "LAL" "@" "NYK" "W" 17 0 23.1833333333333 0.633 0.5 0 0 0 35.5 4.2 0 0 12 156 98 11.4 12.2
"55" "54" 2011-02-13 30.96 "LAL" "@" "ORL" "L" -14 0 27.5333333333333 0 0 0 10.9 4.4 10.6 2.1 0 0 3.5 42 107 0.8 -7.2
"56" "55" 2011-02-14 30.97 "LAL" "@" "CHA" "L" -20 0 21.8166666666667 0 0 0 16.1 8.4 25.1 2.6 0 40 10.9 38 124 -0.6 -12.3
"57" "56" 2011-02-16 30.97 "LAL" "@" "CLE" "L" -5 0 20.3833333333333 0.833 0.833 0 11.5 5.5 21.9 0 0 50 12.2 88 116 3 -3.2
"58" "57" 2011-02-22 30.99 "LAL" "" "ATL" "W" 24 0 24.1833333333333 0.647 0.5 0 15.9 9.2 26.5 0 3 17.7 11 132 92 6.7 3.8
"59" "58" 2011-02-23 30.99 "LAL" "@" "POR" "W" 5 0 17 0 0 0 0 0 7.6 0 0 0 3 61 117 0 -6.1
"60" "59" 2011-02-25 31 "LAL" "" "LAC" "W" 13 0 24.8166666666667 0.5 0.5 0 13.2 6.9 14.8 2.2 0 14.3 13.8 97 109 5.2 -2.4
"61" "60" 2011-02-27 31 "LAL" "@" "OKC" "W" 3 0 17.7666666666667 0.833 0.833 0 13.9 7.2 8.6 0 0 0 8.4 170 105 4.6 3.9
"62" "61" 2011-03-01 31.01 "LAL" "@" "MIN" "W" 11 0 18.1166666666667 0.75 0.75 0 11.8 5.8 9.7 0 0 33.3 7.4 108 97 1.1 -2.7
"63" "62" 2011-03-04 31.02 "LAL" "" "CHA" "W" 8 0 30.5 0.214 0.214 0 3.1 1.6 0 3.5 1.9 12.5 12 42 94 -0.3 -8.7
"64" "63" 2011-03-06 31.02 "LAL" "@" "SAS" "W" 16 0 21.0833333333333 0 0 0 0 0 10.8 0 0 0 11.3 30 111 -2.9 -16.4
"65" "64" 2011-03-08 31.03 "LAL" "@" "ATL" "W" 14 0 16.2666666666667 0.5 0.5 0 0 0 32.7 3.6 0 40 15 89 110 3.1 1.3
"66" "65" 2011-03-10 31.03 "LAL" "@" "MIA" "L" -6 0 13 0.532 0 0 8.8 4.4 12.3 0 0 0 7.1 144 121 2.3 -2
"67" "66" 2011-03-12 31.04 "LAL" "@" "DAL" "W" 5 0 26.7166666666667 0.643 0.643 0 3.9 2 28.4 0 0 0 12.1 148 111 8.3 6.9
"68" "67" 2011-03-14 31.04 "LAL" "" "ORL" "W" 13 0 17.2 0 0 0 0 0 14.3 0 0 0 2.8 84 108 0.7 -5.8
"69" "68" 2011-03-18 31.05 "LAL" "" "MIN" "W" 8 0 18.2833333333333 1.014 1 6.1 5.7 5.9 24.5 0 0 18.4 13 168 114 9.5 11.8
"70" "69" 2011-03-20 31.06 "LAL" "" "POR" "W" 4 0 17.55 0 0 0 6.4 3.4 31.3 0 0 33.3 8.6 55 109 0.7 -6
"71" "70" 2011-03-22 31.07 "LAL" "" "PHO" "W" 2 0 16.9833333333333 0.75 0.75 0 7.7 3.4 32.6 0 0 0 10.8 173 126 6.3 5.7
"72" "71" 2011-03-25 31.07 "LAL" "" "LAC" "W" 8 0 17.7666666666667 0.3 0.3 7.3 7.1 7.2 14.9 0 0 28.6 17.3 69 115 -0.1 -11.3
"73" "72" 2011-03-27 31.08 "LAL" "" "NOH" "W" 18 0 20.5166666666667 0.5 0.5 18 0 8.1 6.4 2.8 0 0 11.3 136 105 6.1 5.5
"74" "73" 2011-03-31 31.09 "LAL" "" "DAL" "W" 28 0 22.1333333333333 0 0 0 8.5 4.4 17.1 2.3 0 0 9.9 35 89 -1 -8.4
"75" "74" 2011-04-01 31.09 "LAL" "@" "UTA" "W" 11 0 17.5166666666667 0.667 0.667 7.8 17.1 13.2 38.4 3.2 0 0 8.8 165 92 7.7 12.1
"76" "75" 2011-04-03 31.1 "LAL" "" "DEN" "L" -5 0 18.9833333333333 0.5 0.5 0 5.7 2.8 15.1 5.2 0 50 9.1 64 95 1.9 -1.4
"77" "76" 2011-04-05 31.1 "LAL" "" "UTA" "L" -1 0 16.9666666666667 NA NA 0 5.5 2.8 45.6 3 0 100 2.5 103 94 3.8 4.9
"78" "77" 2011-04-06 31.11 "LAL" "@" "GSW" "L" -8 0 16.7 0 0 6.5 5.4 5.9 0 3.1 0 16.7 16.3 11 106 -2.5 -14.7
"79" "78" 2011-04-08 31.11 "LAL" "@" "POR" "L" -7 0 19.7833333333333 0.25 0.25 0 6.4 2.6 0 0 0 20 11.1 47 114 -1.1 -11
"80" "79" 2011-04-10 31.12 "LAL" "" "OKC" "L" -14 0 18.45 1.5 1.5 0 9 3.6 17.2 0 0 25 10.1 185 138 8.4 8.9
"81" "" 2011-04-12 31.12 "LAL" "" "SAS" "W" 9 NA NA NA NA NA NA NA NA NA NA NA NA NA NA NA NA
"82" "" 2011-04-13 31.13 "LAL" "@" "SAC" "W" 8 NA NA NA NA NA NA NA NA NA NA NA NA NA NA NA NA
"1" "1" 2011-12-25 31.83 "LAL" "" "CHI" "L" -1 0 24.95 0.581 0.556 5.2 8.4 7 13.6 0 0 8.8 21.4 120 107 7.8 1
"2" "2" 2011-12-26 31.83 "LAL" "@" "SAC" "L" -9 0 19.6333333333333 0 0 0 18.8 8.6 0 0 0 20 11.4 0 117 -3.3 -21.3
"3" "3" 2011-12-27 31.83 "LAL" "" "UTA" "W" 25 0 19.7333333333333 0.444 0.444 0 4.6 2.6 21.4 2.9 0 0 22.7 105 91 5.6 2.2
"4" "4" 2011-12-29 31.84 "LAL" "" "NYK" "W" 17 0 24.6166666666667 0.611 0.611 6.7 4.5 5.4 19.4 0 0 0 18.2 136 105 9 4.8
"5" "5" 2011-12-31 31.84 "LAL" "" "DEN" "W" 3 0 26.2666666666667 0.253 0.222 0 12.5 6.4 31 1.9 0 9.2 17.8 77 96 3.8 -3
"6" "6" 2012-01-01 31.85 "LAL" "@" "DEN" "L" -9 0 27.1833333333333 0.778 0.778 3.5 4.8 4 21.7 1.8 0 10 15.5 141 105 11.6 8.2
"7" "7" 2012-01-03 31.85 "LAL" "" "HOU" "W" 9 0 26.65 0.619 0.625 0 6.8 4 16 0 0 0 15.2 136 109 8.5 1.4
"8" "8" 2012-01-05 31.86 "LAL" "@" "POR" "L" -11 0 25.75 0.222 0.222 0 8.5 4.3 11.2 0 0 0 16.2 64 123 0.5 -11.1
"9" "9" 2012-01-06 31.86 "LAL" "" "GSW" "W" 7 0 25.7666666666667 0.5 0.5 0 0 0 15.9 2 0 40 8.6 80 101 1.6 -5
"10" "10" 2012-01-08 31.87 "LAL" "" "MEM" "W" 8 0 23.75 0.813 0.813 0 12.4 7 16.2 2.1 0 38.5 23.8 88 87 7.3 4
"11" "11" 2012-01-10 31.87 "LAL" "" "PHO" "W" 16 0 28.55 0.5 0.5 0 0 0 36 0 0 40 8.1 104 104 3.7 -2
"12" "12" 2012-01-11 31.87 "LAL" "@" "UTA" "W" 3 0 18.95 0.75 0.75 0 11.7 6.1 0 2.9 0 0 5.2 145 89 2.8 1.6
"13" "" 2012-01-13 31.88 "LAL" "" "CLE" "W" 5 NA NA NA NA NA NA NA NA NA NA NA NA NA NA NA NA
"14" "" 2012-01-14 31.88 "LAL" "@" "LAC" "L" -8 NA NA NA NA NA NA NA NA NA NA NA NA NA NA NA NA
"15" "" 2012-01-16 31.89 "LAL" "" "DAL" "W" 3 NA NA NA NA NA NA NA NA NA NA NA NA NA NA NA NA
"16" "" 2012-01-19 31.9 "LAL" "@" "MIA" "L" -11 NA NA NA NA NA NA NA NA NA NA NA NA NA NA NA NA
"17" "" 2012-01-20 31.9 "LAL" "@" "ORL" "L" -12 NA NA NA NA NA NA NA NA NA NA NA NA NA NA NA NA
"18" "" 2012-01-22 31.9 "LAL" "" "IND" "L" -2 NA NA NA NA NA NA NA NA NA NA NA NA NA NA NA NA
"19" "" 2012-01-25 31.91 "LAL" "" "LAC" "W" 5 NA NA NA NA NA NA NA NA NA NA NA NA NA NA NA NA
"20" "" 2012-01-28 31.92 "LAL" "@" "MIL" "L" -11 NA NA NA NA NA NA NA NA NA NA NA NA NA NA NA NA
"21" "" 2012-01-29 31.92 "LAL" "@" "MIN" "W" 5 NA NA NA NA NA NA NA NA NA NA NA NA NA NA NA NA
"22" "" 2012-01-31 31.93 "LAL" "" "CHA" "W" 33 NA NA NA NA NA NA NA NA NA NA NA NA NA NA NA NA
"23" "" 2012-02-03 31.94 "LAL" "@" "DEN" "W" 4 NA NA NA NA NA NA NA NA NA NA NA NA NA NA NA NA
"24" "" 2012-02-04 31.94 "LAL" "@" "UTA" "L" -9 NA NA NA NA NA NA NA NA NA NA NA NA NA NA NA NA
"25" "" 2012-02-06 31.95 "LAL" "@" "PHI" "L" -5 NA NA NA NA NA NA NA NA NA NA NA NA NA NA NA NA
"26" "13" 2012-02-09 31.95 "LAL" "@" "BOS" "W" 1 0 31.75 0.357 0.357 0 9.6 5 0 1.8 0 12.5 12.1 71 97 1.4 -5.9
"27" "14" 2012-02-10 31.96 "LAL" "@" "NYK" "L" -7 0 29.4666666666667 0.253 0.227 0 7.4 3.7 18.3 5.2 0 7.8 19.6 64 93 2.6 -1.8
"28" "15" 2012-02-12 31.96 "LAL" "@" "TOR" "W" 2 0 28.6 0.509 0.417 3.8 4.7 4.2 21.2 0 0 30.4 15.8 93 109 4.4 -5.3
"29" "16" 2012-02-14 31.97 "LAL" "" "ATL" "W" 8 0 29.4333333333333 0.5 0.5 0 8.9 4.9 29 1.9 0 28.6 10.9 102 92 6 1.6
"30" "17" 2012-02-17 31.98 "LAL" "" "PHO" "W" 12 0 22.7833333333333 0.625 0.625 0 4.3 2.4 31.8 0 0 50 15 85 103 3.1 -6
"31" "18" 2012-02-19 31.98 "LAL" "@" "PHO" "L" -12 0 29 0.5 0.5 0 0 0 14.9 0 0 33.3 4.6 93 118 0.9 -8.2
"32" "19" 2012-02-20 31.98 "LAL" "" "POR" "W" 11 0 20.9166666666667 0.944 0.944 5.6 4.9 5.2 9.5 0 0 10 21.3 159 110 12.6 13.7
"33" "20" 2012-02-22 31.99 "LAL" "@" "DAL" "W" 5 0 21.3333333333333 0 0 0 4.2 2.3 32.1 2.6 0 20 10.5 59 109 1 -6.6
"34" "21" 2012-02-23 31.99 "LAL" "@" "OKC" "L" -15 0 21.05 0.68 0.6 0 11.4 5.4 0 0 0 14.5 15.7 114 114 4.9 -2.7
"35" "22" 2012-02-29 32.01 "LAL" "" "MIN" "W" 19 0 24.8 0.571 0.571 0 3.8 2.1 27.5 4 0 12.5 14.5 114 90 8.7 5
"36" "23" 2012-03-02 32.01 "LAL" "" "SAC" "W" 8 0 18.5 0.205 0 0 4.9 2.9 23.6 0 0 29.1 8.4 83 118 1.3 -8.5
"37" "24" 2012-03-04 32.02 "LAL" "" "MIA" "W" 10 0 28.7 0.375 0.375 0 6.8 4.2 30.1 4.1 0 33.3 10.2 97 101 5 1.4
"38" "25" 2012-03-06 32.02 "LAL" "@" "DET" "L" -3 0 21.2666666666667 0 0 0 9.6 5 29.3 0 0 0 4.9 77 106 1.2 -8.3
"39" "26" 2012-03-07 32.03 "LAL" "@" "WAS" "L" -5 0 20.0166666666667 0 0 0 4.8 2.6 52.5 2.5 0 33.3 6.5 83 113 3.4 -3.2
"40" "27" 2012-03-09 32.03 "LAL" "@" "MIN" "W" 3 0 23.9333333333333 0.333 0.333 0 0 0 27.1 0 0 40 9 83 120 1.4 -8.7
"41" "28" 2012-03-11 32.04 "LAL" "" "BOS" "W" 3 0 22.8666666666667 0.25 0.25 0 0 0 37.2 4.7 0 0 8.4 114 103 5.4 2.9
"42" "29" 2012-03-13 32.04 "LAL" "@" "MEM" "W" 5 0 36.2833333333333 0.9 0.9 0 13.5 8.2 22.1 0 3.3 44.4 12.4 101 102 7.9 2.5
"43" "30" 2012-03-14 32.05 "LAL" "@" "NOH" "W" 6 0 17.85 0.307 0.25 0 7.8 3.8 17.5 5.9 0 29.1 17.5 59 95 0.7 -8.2
"44" "31" 2012-03-16 32.05 "LAL" "" "MIN" "W" 5 1 28.5666666666667 0 0 0 6.2 3.3 30.6 1.8 0 0 3.2 109 105 4 -3.3
"45" "32" 2012-03-18 32.06 "LAL" "" "UTA" "L" -4 1 26.5 0 0 0 11.3 6.3 11 0 0 66.7 4.7 28 105 -0.8 -8.5
"46" "33" 2012-03-20 32.06 "LAL" "@" "HOU" "L" -3 1 18.9333333333333 0.333 0.333 0 6.7 3.6 19.3 5.6 0 50 14.6 57 112 0.9 -6.7
"47" "34" 2012-03-21 32.07 "LAL" "@" "DAL" "W" 16 1 17.1 0.25 0.25 0 0 0 13.3 6.4 0 0 17.4 81 99 2.2 -3.5
"48" "35" 2012-03-23 32.07 "LAL" "" "POR" "W" 7 0 17.8666666666667 0.25 0.25 0 12.8 6.6 7.2 3 0 33.3 14.6 46 105 -0.1 -13.3
"49" "36" 2012-03-25 32.08 "LAL" "" "MEM" "L" -6 0 15.4833333333333 0.75 0.75 0 7.8 3.9 11.1 3.5 0 50 12.1 71 116 1.6 -4.7
"50" "37" 2012-03-27 32.08 "LAL" "@" "GSW" "W" 3 0 17.6333333333333 0.25 0.25 0 6.3 3.1 16.4 0 0 20 12.2 64 116 -0.5 -13.9
"51" "38" 2012-03-29 32.09 "LAL" "" "OKC" "L" -9 0 18.1 0.6 0.6 0 5.6 2.9 19.6 3.1 0 0 12.5 141 118 6 4.4
"52" "39" 2012-03-31 32.09 "LAL" "" "NOH" "W" 3 0 21.5833333333333 0.9 0.9 4.9 9.1 7.1 8.8 2.5 0 37.5 17.7 87 98 6.3 2.5
"53" "40" 2012-04-01 32.1 "LAL" "" "GSW" "W" 8 0 15.0833333333333 0.735 0.5 8.8 7.4 8.1 39 3.5 0 29.6 19.4 139 120 8.4 7.2
"54" "41" 2012-04-03 32.1 "LAL" "" "NJN" "W" 4 0 22.4833333333333 0.5 0.5 0 0 0 18.4 0 0 0 12.9 123 109 4.3 -0.5
"55" "42" 2012-04-04 32.1 "LAL" "@" "LAC" "W" 5 0 14.9166666666667 0.512 0.375 0 0 0 16.2 3.5 0 0 14.6 132 118 4.2 0.5
"56" "43" 2012-04-06 32.11 "LAL" "" "HOU" "L" -5 0 19.3 0.5 0.5 0 5.7 3 22.3 2.5 0 33.3 6.5 95 114 2.2 -4
"57" "44" 2012-04-07 32.11 "LAL" "@" "PHO" "L" -20 0 17.9 0 0 0 6.2 3 5.7 0 0 75 9.1 12 136 -3.1 -18.9
"58" "45" 2012-04-09 32.12 "LAL" "@" "NOH" "W" 2 0 29.8166666666667 0.621 0.583 0 7.7 4 22.1 0 0 0 10.8 148 116 8.4 0.6
"59" "46" 2012-04-11 32.12 "LAL" "@" "SAS" "W" 14 0 26.8333333333333 0.714 0.714 0 11.9 5.8 16.3 2 0 22.2 15.1 117 93 7.9 3.2
"60" "47" 2012-04-13 32.13 "LAL" "" "DEN" "W" 6 0 21.2333333333333 0.583 0.583 6.3 4.6 5.3 21.7 4.9 0 14.3 14.4 124 103 8.1 6.2
"61" "48" 2012-04-15 32.13 "LAL" "" "DAL" "W" 4 0 22.3166666666667 0.5 0.5 0 0 0 12.8 0 0 20 10.6 93 121 2 -8.5
"62" "49" 2012-04-17 32.14 "LAL" "" "SAS" "L" -21 0 25.0166666666667 0.2 0.2 0 5.5 2.6 36.2 0 0 28.6 12.9 69 123 0.9 -10.2
"63" "50" 2012-04-18 32.14 "LAL" "@" "GSW" "W" 12 0 19.7833333333333 0.417 0.417 0 0 0 7.5 0 0 33.3 20.7 54 99 -1.5 -18.4
"64" "51" 2012-04-20 32.15 "LAL" "@" "SAS" "L" -24 0 20.95 0.75 0.75 0 15.3 6.5 48.4 2.6 0 20 11.3 142 136 8 5.9
"65" "52" 2012-04-22 32.15 "LAL" "" "OKC" "W" 8 0 36.2166666666667 0.658 0.611 2.5 11.4 6.6 13.9 2.9 0 16.8 13.9 122 98 11.5 3.5
"66" "53" 2012-04-26 32.16 "LAL" "@" "SAC" "L" -17 1 23.0333333333333 0.34 0.3 0 0 0 32.1 0 0 0 11.1 109 127 4.7 -4.9
"1" "1" 2012-10-30 32.68 "LAL" "" "DAL" "L" -8 0 13.85 0 0 0 0 0 54.7 3.8 0 33.3 9.9 80 108 2 -0.7
"2" "2" 2012-10-31 32.68 "LAL" "@" "POR" "L" -10 0 27.75 0.875 0.875 4.9 8.6 6.9 16.8 3.7 0 0 6.3 195 120 10.8 9.1
"3" "3" 2012-11-02 32.68 "LAL" "" "LAC" "L" -10 1 38.6833333333333 0.581 0.5 0 3.1 1.7 7.9 0 0 30.4 12.2 89 120 0.9 -8.4
"4" "4" 2012-11-04 32.69 "LAL" "" "DET" "W" 29 1 30.0833333333333 0.75 0.75 0 18.6 10.1 26 9.2 0 33.3 9.3 129 78 11.9 12
"5" "5" 2012-11-07 32.7 "LAL" "@" "UTA" "L" -9 1 36.0666666666667 0.3 0.3 3.1 9.5 6.3 6 0 0 0 11.9 84 111 1.3 -6.7
"6" "6" 2012-11-09 32.7 "LAL" "" "GSW" "W" 24 1 22.1166666666667 0.509 0.417 0 7.9 4.1 13.7 0 0 12.7 14.5 106 86 3 -5
"7" "7" 2012-11-11 32.71 "LAL" "" "SAC" "W" 13 1 13.8833333333333 0.5 0.5 8 7.5 7.8 42.5 3.9 0 50 12.4 92 100 3.8 2.6
"8" "" 2012-11-13 32.72 "LAL" "" "SAS" "L" -2 NA NA NA NA NA NA NA NA NA NA NA NA NA NA NA NA
"9" "" 2012-11-16 32.72 "LAL" "" "PHO" "W" 12 NA NA NA NA NA NA NA NA NA NA NA NA NA NA NA NA
"10" "" 2012-11-18 32.73 "LAL" "" "HOU" "W" 11 NA NA NA NA NA NA NA NA NA NA NA NA NA NA NA NA
"11" "" 2012-11-20 32.73 "LAL" "" "BRK" "W" 5 NA NA NA NA NA NA NA NA NA NA NA NA NA NA NA NA
"12" "" 2012-11-21 32.74 "LAL" "@" "SAC" "L" -16 NA NA NA NA NA NA NA NA NA NA NA NA NA NA NA NA
"13" "" 2012-11-23 32.74 "LAL" "@" "MEM" "L" -8 NA NA NA NA NA NA NA NA NA NA NA NA NA NA NA NA
"14" "" 2012-11-24 32.75 "LAL" "@" "DAL" "W" 26 NA NA NA NA NA NA NA NA NA NA NA NA NA NA NA NA
"15" "" 2012-11-27 32.75 "LAL" "" "IND" "L" -2 NA NA NA NA NA NA NA NA NA NA NA NA NA NA NA NA
"16" "" 2012-11-30 32.76 "LAL" "" "DEN" "W" 19 NA NA NA NA NA NA NA NA NA NA NA NA NA NA NA NA
"17" "" 2012-12-02 32.77 "LAL" "" "ORL" "L" -10 NA NA NA NA NA NA NA NA NA NA NA NA NA NA NA NA
"18" "" 2012-12-04 32.77 "LAL" "@" "HOU" "L" -2 NA NA NA NA NA NA NA NA NA NA NA NA NA NA NA NA
"19" "" 2012-12-05 32.78 "LAL" "@" "NOH" "W" 16 NA NA NA NA NA NA NA NA NA NA NA NA NA NA NA NA
"20" "" 2012-12-07 32.78 "LAL" "@" "OKC" "L" -6 NA NA NA NA NA NA NA NA NA NA NA NA NA NA NA NA
"21" "" 2012-12-09 32.79 "LAL" "" "UTA" "L" -7 NA NA NA NA NA NA NA NA NA NA NA NA NA NA NA NA
"22" "" 2012-12-11 32.79 "LAL" "@" "CLE" "L" -6 NA NA NA NA NA NA NA NA NA NA NA NA NA NA NA NA
"23" "" 2012-12-13 32.8 "LAL" "@" "NYK" "L" -9 NA NA NA NA NA NA NA NA NA NA NA NA NA NA NA NA
"24" "" 2012-12-14 32.8 "LAL" "@" "WAS" "W" 6 NA NA NA NA NA NA NA NA NA NA NA NA NA NA NA NA
"25" "" 2012-12-16 32.81 "LAL" "@" "PHI" "W" 13 NA NA NA NA NA NA NA NA NA NA NA NA NA NA NA NA
"26" "" 2012-12-18 32.81 "LAL" "" "CHA" "W" 1 NA NA NA NA NA NA NA NA NA NA NA NA NA NA NA NA
"27" "" 2012-12-22 32.82 "LAL" "@" "GSW" "W" 3 NA NA NA NA NA NA NA NA NA NA NA NA NA NA NA NA
"28" "" 2012-12-25 32.83 "LAL" "" "NYK" "W" 6 NA NA NA NA NA NA NA NA NA NA NA NA NA NA NA NA
"29" "" 2012-12-26 32.83 "LAL" "@" "DEN" "L" -12 NA NA NA NA NA NA NA NA NA NA NA NA NA NA NA NA
"30" "" 2012-12-28 32.84 "LAL" "" "POR" "W" 17 NA NA NA NA NA NA NA NA NA NA NA NA NA NA NA NA
"31" "" 2013-01-01 32.85 "LAL" "" "PHI" "L" -4 NA NA NA NA NA NA NA NA NA NA NA NA NA NA NA NA
"32" "" 2013-01-04 32.86 "LAL" "@" "LAC" "L" -5 NA NA NA NA NA NA NA NA NA NA NA NA NA NA NA NA
"33" "" 2013-01-06 32.86 "LAL" "" "DEN" "L" -7 NA NA NA NA NA NA NA NA NA NA NA NA NA NA NA NA
"34" "" 2013-01-08 32.87 "LAL" "@" "HOU" "L" -13 NA NA NA NA NA NA NA NA NA NA NA NA NA NA NA NA
"35" "" 2013-01-09 32.87 "LAL" "@" "SAS" "L" -3 NA NA NA NA NA NA NA NA NA NA NA NA NA NA NA NA
"36" "" 2013-01-11 32.88 "LAL" "" "OKC" "L" -15 NA NA NA NA NA NA NA NA NA NA NA NA NA NA NA NA
"37" "" 2013-01-13 32.88 "LAL" "" "CLE" "W" 20 NA NA NA NA NA NA NA NA NA NA NA NA NA NA NA NA
"38" "" 2013-01-15 32.89 "LAL" "" "MIL" "W" 16 NA NA NA NA NA NA NA NA NA NA NA NA NA NA NA NA
"39" "" 2013-01-17 32.89 "LAL" "" "MIA" "L" -9 NA NA NA NA NA NA NA NA NA NA NA NA NA NA NA NA
"40" "" 2013-01-20 32.9 "LAL" "@" "TOR" "L" -5 NA NA NA NA NA NA NA NA NA NA NA NA NA NA NA NA
"41" "" 2013-01-21 32.9 "LAL" "@" "CHI" "L" -12 NA NA NA NA NA NA NA NA NA NA NA NA NA NA NA NA
"42" "" 2013-01-23 32.91 "LAL" "@" "MEM" "L" -13 NA NA NA NA NA NA NA NA NA NA NA NA NA NA NA NA
"43" "" 2013-01-25 32.92 "LAL" "" "UTA" "W" 18 NA NA NA NA NA NA NA NA NA NA NA NA NA NA NA NA
"44" "" 2013-01-27 32.92 "LAL" "" "OKC" "W" 9 NA NA NA NA NA NA NA NA NA NA NA NA NA NA NA NA
"45" "8" 2013-01-29 32.93 "LAL" "" "NOH" "W" 5 0 13.4166666666667 0.5 0.5 0 14.6 8.2 40.4 0 0 33.3 10 112 113 1.8 -7.8
"46" "9" 2013-01-30 32.93 "LAL" "@" "PHO" "L" -6 0 16.7833333333333 0.25 0.25 0 0 0 28.5 0 4 20 13.6 71 104 1 -5
"47" "10" 2013-02-01 32.93 "LAL" "@" "MIN" "W" 11 0 18.4333333333333 0.714 0.714 0 10.8 5.4 27.3 0 0 12.5 18.1 133 107 7.6 3.6
"48" "11" 2013-02-03 32.94 "LAL" "@" "DET" "W" 1 0 15.2833333333333 0.6 0.6 0 0 0 19.2 3.2 0 16.7 17.7 103 100 4.3 3
"49" "12" 2013-02-05 32.95 "LAL" "@" "BRK" "W" 9 0 17.3333333333333 0.583 0.583 0 10.1 6 19.3 0 0 14.3 18.8 102 95 3.8 -0.5
"50" "13" 2013-02-07 32.95 "LAL" "@" "BOS" "L" -21 0 17.1833333333333 0.518 0.5 0 20 9.2 27.6 0 0 30.7 24.3 82 123 3.5 -4.4
"51" "14" 2013-02-08 32.95 "LAL" "@" "CHA" "W" 7 0 17.6833333333333 0 0 0 11.3 5.9 30.2 0 0 16.7 15.7 36 103 -1.1 -13.9
"52" "15" 2013-02-10 32.96 "LAL" "@" "MIA" "L" -10 0 15.1333333333333 1.5 1.5 0 9.3 4.7 10 0 0 50 6.6 131 130 2.3 -1.5
"53" "16" 2013-02-12 32.96 "LAL" "" "PHO" "W" 6 0 16.15 1.25 1.25 0 0 0 29.7 0 0 33.3 8.1 156 98 5.5 5.9
"54" "17" 2013-02-14 32.97 "LAL" "" "LAC" "L" -24 0 23.0833333333333 0.81 1.167 0 9.5 5 45.8 4.5 3.5 18.8 10.8 138 128 11.3 11.4
"55" "18" 2013-02-20 32.99 "LAL" "" "BOS" "W" 14 0 23.3333333333333 0.536 0.438 0 9.8 5 28.7 0 0 9.7 19.5 125 111 8.3 1.8
"56" "19" 2013-02-22 32.99 "LAL" "" "POR" "W" 4 0 24.4166666666667 0 0 0 0 0 9.8 0 2.7 0 5.1 39 108 -0.4 -7.6
"57" "20" 2013-02-24 33 "LAL" "@" "DAL" "W" 4 0 16.0666666666667 0.5 0.5 0 12 6.7 21.3 0 0 0 14.7 118 110 3.9 -0.8
"58" "21" 2013-02-25 33 "LAL" "@" "DEN" "L" -11 0 19.5166666666667 0.75 0.75 0 12 6.1 24.3 0 0 33.3 6.9 131 128 4 -0.4
"59" "22" 2013-02-28 33.01 "LAL" "" "MIN" "W" 22 0 24.9833333333333 0.945 0.917 4.6 27.4 16 31.7 0 0 0 12.4 205 105 15.9 13.1
"60" "23" 2013-03-03 33.01 "LAL" "" "ATL" "W" 1 0 23.8333333333333 1 1 0 10.3 5.1 31.5 2 0 42.9 13.2 120 99 6.9 4.3
"61" "24" 2013-03-05 33.02 "LAL" "@" "OKC" "L" -17 0 19.0333333333333 0.833 0.833 0 0 0 29.1 0 0 25 9.1 146 140 4 2.2
"62" "25" 2013-03-06 33.02 "LAL" "@" "NOH" "W" 6 0 21.7333333333333 0 0 5.1 14.7 10 40.7 4.7 0 25 8.7 90 102 4.6 0
"63" "26" 2013-03-08 33.03 "LAL" "" "TOR" "W" 2 0 18.45 0.3 0.3 5.7 35.9 19.2 39.8 2.7 0 0 12 118 107 6.6 3.6
"64" "27" 2013-03-10 33.03 "LAL" "" "CHI" "W" 9 0 15.5833333333333 0 0 0 12.6 6.4 39.5 0 0 66.7 8.8 64 101 1.4 -4.6
"65" "28" 2013-03-12 33.04 "LAL" "@" "ORL" "W" 9 0 23.4166666666667 0.333 0.333 0 13.1 7.2 54.8 2.1 0 14.3 13.8 103 103 6.7 1.1
"66" "29" 2013-03-13 33.04 "LAL" "@" "ATL" "L" -4 0 33.55 0.6 0.6 5.2 6.8 5.9 8.6 0 0 0 6.7 141 110 5.5 -2.4
"67" "30" 2013-03-15 33.05 "LAL" "@" "IND" "W" 6 0 35.2333333333333 0.882 0.938 0 14.1 8 41.6 5.5 3.8 8.9 14.4 160 85 25 21.8
"68" "31" 2013-03-17 33.05 "LAL" "" "SAC" "W" 11 0 34.5666666666667 0.727 0.727 8.7 9.5 9.1 34 1.5 0 26.7 21.3 123 112 14.8 4.6
"69" "32" 2013-03-18 33.05 "LAL" "@" "PHO" "L" -23 0 34.3 0.591 0.591 0 3.1 1.4 27.2 1.5 0 0 13.7 130 110 11.4 3.2
"70" "33" 2013-03-22 33.07 "LAL" "" "WAS" "L" -3 0 20.15 0.417 0.417 0 26.5 13.7 20.9 0 0 25 18.1 78 110 3.2 -6.4
"71" "34" 2013-03-25 33.07 "LAL" "@" "GSW" "L" -6 0 33.7666666666667 0.3 0.3 2.6 6.3 4.3 4.1 0 0 28.6 8.6 58 116 -0.9 -11
"72" "35" 2013-03-27 33.08 "LAL" "@" "MIN" "W" 3 0 22.7166666666667 0.444 0.444 0 12.9 7.1 16.8 2 0 18.2 19.4 89 112 2.5 -8.2
"73" "36" 2013-03-28 33.08 "LAL" "@" "MIL" "L" -10 0 30.9666666666667 0.375 0.375 0 0 0 15 3.2 0 0 11.1 99 119 4.1 -2.7
"74" "37" 2013-03-30 33.09 "LAL" "@" "SAC" "W" 5 0 32.2166666666667 0.833 0.833 0 6.9 3.5 4.9 0 0 10 14.8 140 125 10.2 0.1
"75" "38" 2013-04-02 33.1 "LAL" "" "DAL" "W" 20 1 37.8666666666667 0.688 0.688 2.6 11 6.7 4.1 1.4 0 33.3 13.6 90 94 5.4 -3.5
"76" "39" 2013-04-05 33.1 "LAL" "" "MEM" "W" 2 1 38.5833333333333 0.5 0.5 6.9 5.8 6.3 15.8 0 0 45.5 13.7 72 102 1.2 -5.8
"77" "40" 2013-04-07 33.11 "LAL" "@" "LAC" "L" -14 1 39.4166666666667 0.5 0.5 5.5 11.6 8.5 8.3 2.8 0 11.1 10.9 102 124 8.6 -1.9
"78" "41" 2013-04-09 33.12 "LAL" "" "NOH" "W" 8 1 39.6 0.5 0.5 0 14.8 7.8 20 2.6 1.9 12.5 9.4 114 101 9.9 -0.1
"79" "42" 2013-04-10 33.12 "LAL" "@" "POR" "W" 7 1 37.9833333333333 1 1 9 15 12.6 9.7 1.4 0 42.9 9 125 119 8.6 -1.8
"80" "43" 2013-04-12 33.12 "LAL" "" "GSW" "W" 2 1 36.6666666666667 0.709 0.667 0 8.2 4.9 22.8 0 0 0 12.9 149 126 12.1 2.4
"81" "44" 2013-04-14 33.13 "LAL" "" "SAS" "W" 5 1 35.9333333333333 0.648 0.625 2.6 10.3 6.4 26.3 2.9 0 18.4 25.8 112 93 16.9 10.2
"82" "45" 2013-04-17 33.14 "LAL" "" "HOU" "W" 4 1 47.9833333333333 0.51 0.4 4.1 11.3 7.5 29.3 0 0 4.1 23.2 121 104 18.4 3.9
"1" "1" 2013-10-29 33.67 "LAL" "" "LAC" "W" 13 1 22.4166666666667 1 1 4.5 4.9 4.7 5.7 2.1 0 0 5.2 210 106 7 5.7
"2" "2" 2013-10-30 33.67 "LAL" "@" "GSW" "L" -31 1 31.6666666666667 0.385 0.385 0 12.3 5.2 21 3 0 13.3 19.9 77 119 5.8 -4.5
"3" "3" 2013-11-01 33.68 "LAL" "" "SAS" "L" -6 1 31.6333333333333 0.25 0.25 0 12.1 6.3 50.6 1.6 0 7.7 18.9 74 97 5.5 -1.7
"4" "4" 2013-11-03 33.68 "LAL" "" "ATL" "W" 2 1 32.4 0.3 0.3 3.1 10.4 7.1 28.4 0 0 0 6.6 111 105 6.3 -3.8
"5" "5" 2013-11-05 33.69 "LAL" "@" "DAL" "L" -19 1 27.15 0.643 0.643 0 0 0 5.2 0 0 22.2 14.4 96 133 3.6 -8.8
"6" "6" 2013-11-07 33.7 "LAL" "@" "HOU" "W" 1 1 33.9666666666667 0.7 0.7 0 10.1 4.7 9.8 0 0 0 11.5 143 100 9.7 2.6
"7" "7" 2013-11-08 33.7 "LAL" "@" "NOP" "L" -11 1 36.4833333333333 0.509 0.455 0 8.4 4 40.9 0 0 28.2 22.2 87 109 8 -2.8
"8" "8" 2013-11-10 33.7 "LAL" "" "MIN" "L" -23 1 34.7 0.864 0.864 0 9.9 4.2 43.7 4.1 0 8.3 14.1 163 108 22.6 14.9
"9" "9" 2013-11-12 33.71 "LAL" "" "NOP" "W" 21 1 27.45 0.512 0.375 0 3.3 2.1 41.4 0 0 29.1 11.2 129 103 7.5 -0.7
"10" "10" 2013-11-13 33.71 "LAL" "@" "DEN" "L" -12 1 33.7833333333333 0.568 0.545 0 15.5 7.8 52.3 0 0 18.5 19.3 118 116 14.2 3
"11" "11" 2013-11-15 33.72 "LAL" "" "MEM" "L" -3 1 36.3333333333333 0.5 0.5 0 20.1 10.2 44.5 2.9 0 10 13.8 116 97 13.6 3.5
"12" "12" 2013-11-17 33.72 "LAL" "" "DET" "W" 15 1 35.1166666666667 0.571 0.5 0 3.3 1.8 51 5.7 0 33.7 15.1 119 101 15.6 5.7
"13" "13" 2013-11-22 33.74 "LAL" "" "GSW" "W" 7 1 28.9666666666667 0.81 0.667 0 7.4 3.9 24.3 3.5 0 36.7 21.8 112 102 10.9 2
"14" "14" 2013-11-24 33.74 "LAL" "" "SAC" "W" 14 1 30.9666666666667 0.5 0.5 0 18.5 9 55 0 2.6 18.2 16.5 116 96 12.5 4.3
"15" "15" 2013-11-26 33.75 "LAL" "@" "WAS" "L" -5 1 30.2666666666667 0.656 0.636 0 13.6 6.3 23 0 0 20.8 21.9 111 127 9.9 -5.1
"16" "16" 2013-11-27 33.75 "LAL" "@" "BRK" "W" 5 1 29.1666666666667 0.507 0.5 0 13.7 7.2 56.6 0 0 10.1 15.5 127 108 11 2.9
"17" "17" 2013-11-29 33.76 "LAL" "@" "DET" "W" 4 1 23.95 0.167 0.167 0 14.6 8.1 59 2 0 45.5 20 67 104 1.6 -12.7
"18" "18" 2013-12-01 33.76 "LAL" "" "POR" "L" -6 1 33.5166666666667 0.542 0.542 3.1 3 3.1 39.2 0 0 20 20.2 107 129 10.1 -3.7
"19" "19" 2013-12-06 33.78 "LAL" "@" "SAC" "W" 6 1 39.25 0.468 0.462 0 8.3 4.2 35.1 1.3 0 22.4 20.6 97 116 9.6 -5.7
"20" "20" 2013-12-08 33.78 "LAL" "" "TOR" "L" -12 1 30.3 0.25 0.25 4 8.3 6.1 19.5 0 0 40 14.8 54 116 -1.9 -14.3
"21" "21" 2013-12-10 33.79 "LAL" "" "PHO" "L" -6 1 39.2166666666667 0.571 0.5 0 17 8.1 34.6 2.6 0 33.7 13.8 101 118 11.4 -0.6
"22" "" 2013-12-13 33.79 "LAL" "@" "OKC" "L" -25 NA NA NA NA NA NA NA NA NA NA NA NA NA NA NA NA
"23" "" 2013-12-14 33.8 "LAL" "@" "CHA" "W" 3 NA NA NA NA NA NA NA NA NA NA NA NA NA NA NA NA
"24" "" 2013-12-16 33.8 "LAL" "@" "ATL" "L" -14 NA NA NA NA NA NA NA NA NA NA NA NA NA NA NA NA
"25" "" 2013-12-17 33.81 "LAL" "@" "MEM" "W" 4 NA NA NA NA NA NA NA NA NA NA NA NA NA NA NA NA
"26" "" 2013-12-20 33.81 "LAL" "" "MIN" "W" 13 NA NA NA NA NA NA NA NA NA NA NA NA NA NA NA NA
"27" "" 2013-12-21 33.82 "LAL" "@" "GSW" "L" -19 NA NA NA NA NA NA NA NA NA NA NA NA NA NA NA NA
"28" "" 2013-12-23 33.82 "LAL" "@" "PHO" "L" -27 NA NA NA NA NA NA NA NA NA NA NA NA NA NA NA NA
"29" "" 2013-12-25 33.83 "LAL" "" "MIA" "L" -6 NA NA NA NA NA NA NA NA NA NA NA NA NA NA NA NA
"30" "" 2013-12-27 33.83 "LAL" "@" "UTA" "L" -2 NA NA NA NA NA NA NA NA NA NA NA NA NA NA NA NA
"31" "" 2013-12-29 33.84 "LAL" "" "PHI" "L" -7 NA NA NA NA NA NA NA NA NA NA NA NA NA NA NA NA
"32" "" 2013-12-31 33.84 "LAL" "" "MIL" "L" -15 NA NA NA NA NA NA NA NA NA NA NA NA NA NA NA NA
"33" "" 2014-01-03 33.85 "LAL" "" "UTA" "W" 11 NA NA NA NA NA NA NA NA NA NA NA NA NA NA NA NA
"34" "" 2014-01-05 33.86 "LAL" "" "DEN" "L" -22 NA NA NA NA NA NA NA NA NA NA NA NA NA NA NA NA
"35" "" 2014-01-07 33.86 "LAL" "@" "DAL" "L" -13 NA NA NA NA NA NA NA NA NA NA NA NA NA NA NA NA
"36" "" 2014-01-08 33.87 "LAL" "@" "HOU" "L" -14 NA NA NA NA NA NA NA NA NA NA NA NA NA NA NA NA
"37" "" 2014-01-10 33.87 "LAL" "@" "LAC" "L" -36 NA NA NA NA NA NA NA NA NA NA NA NA NA NA NA NA
"38" "" 2014-01-14 33.88 "LAL" "" "CLE" "L" -2 NA NA NA NA NA NA NA NA NA NA NA NA NA NA NA NA
"39" "" 2014-01-15 33.88 "LAL" "@" "PHO" "L" -7 NA NA NA NA NA NA NA NA NA NA NA NA NA NA NA NA
"40" "" 2014-01-17 33.89 "LAL" "@" "BOS" "W" 3 NA NA NA NA NA NA NA NA NA NA NA NA NA NA NA NA
"41" "" 2014-01-19 33.9 "LAL" "@" "TOR" "W" 6 NA NA NA NA NA NA NA NA NA NA NA NA NA NA NA NA
"42" "" 2014-01-20 33.9 "LAL" "@" "CHI" "L" -2 NA NA NA NA NA NA NA NA NA NA NA NA NA NA NA NA
"43" "" 2014-01-23 33.91 "LAL" "@" "MIA" "L" -7 NA NA NA NA NA NA NA NA NA NA NA NA NA NA NA NA
"44" "" 2014-01-24 33.91 "LAL" "@" "ORL" "L" -9 NA NA NA NA NA NA NA NA NA NA NA NA NA NA NA NA
"45" "" 2014-01-26 33.92 "LAL" "@" "NYK" "L" -7 NA NA NA NA NA NA NA NA NA NA NA NA NA NA NA NA
"46" "" 2014-01-28 33.92 "LAL" "" "IND" "L" -12 NA NA NA NA NA NA NA NA NA NA NA NA NA NA NA NA
"47" "" 2014-01-31 33.93 "LAL" "" "CHA" "L" -10 NA NA NA NA NA NA NA NA NA NA NA NA NA NA NA NA
"48" "22" 2014-02-04 33.94 "LAL" "@" "MIN" "L" -10 1 32.1833333333333 0 0 0 17.8 8.2 27.1 4.5 0 50 5.6 63 105 4.5 -3.6
"49" "23" 2014-02-05 33.94 "LAL" "@" "CLE" "W" 11 1 39.9 0.571 0.429 0 19.7 12.4 45.6 3.8 0 42.1 19.7 107 102 15.2 0
"50" "24" 2014-02-07 33.95 "LAL" "@" "PHI" "W" 14 1 36.3833333333333 0.7 0.7 2.9 8.8 5.9 27.5 2.6 2.4 0 11.8 150 99 18.1 6
"51" "25" 2014-02-09 33.95 "LAL" "" "CHI" "L" -6 1 40.3 0.333 0.333 2.8 8.1 5.5 14.7 3.8 0 29.4 19.3 58 97 1.6 -8.4
"52" "26" 2014-02-11 33.96 "LAL" "" "UTA" "L" -17 1 36.4166666666667 0.227 0.227 5.3 8.8 6.9 34.7 2.9 0 8.3 15.5 75 107 6.2 -4.7
"53" "27" 2014-02-13 33.96 "LAL" "" "OKC" "L" -4 1 37.5666666666667 0.574 0.55 0 17.4 8.9 7.3 2.5 0 26.1 17.1 83 102 7.6 -3.2
"54" "" 2014-02-19 33.98 "LAL" "" "HOU" "L" -26 NA NA NA NA NA NA NA NA NA NA NA NA NA NA NA NA
"55" "28" 2014-02-20 33.98 "GSW" "" "HOU" "W" 3 0 17.9166666666667 0.3 0.3 0 10.6 5.4 8.7 0 4.2 16.7 15.4 61 106 0.9 -5
"56" "29" 2014-02-22 33.99 "GSW" "" "BRK" "W" 7 0 16.2666666666667 0.75 0.75 0 6.6 3.3 47.4 3.2 0 0 11.5 170 95 8.4 14.9
"57" "30" 2014-02-24 33.99 "GSW" "@" "DET" "W" 8 0 17.4166666666667 0.6 0.6 0 5.6 3.1 17 0 0 28.6 18.4 91 111 2.6 -5.1
"58" "31" 2014-02-26 34 "GSW" "@" "CHI" "L" -20 0 26.9166666666667 0.4 0.4 0 0 0 13.5 0 2.6 0 8.1 93 115 1.8 -4.8
"59" "32" 2014-02-28 34.01 "GSW" "@" "NYK" "W" 23 0 19.8333333333333 0.699 0.667 4.9 9.7 7.3 26.3 2.3 0 0 12.9 163 101 10.7 10.2
"60" "33" 2014-03-02 34.01 "GSW" "@" "TOR" "L" -6 0 16.3666666666667 0.5 0.5 6.4 0 3.7 25.8 0 5.1 0 8 147 123 3.2 1.6
"61" "34" 2014-03-04 34.02 "GSW" "@" "IND" "W" 2 0 17.05 0 0 6.4 6.5 6.5 45.7 0 0 50 5.5 112 112 3.1 -0.4
"62" "35" 2014-03-05 34.02 "GSW" "@" "BOS" "W" 20 0 27.0166666666667 0.333 0.333 0 8.7 4.2 25.1 0 0 0 9.3 112 102 5 -4.1
"63" "36" 2014-03-07 34.02 "GSW" "" "ATL" "W" 14 0 26.2333333333333 0.6 0.6 0 12.8 6.9 14 5.8 0 16.7 10.3 116 96 7.9 4.7
"64" "37" 2014-03-09 34.03 "GSW" "" "PHO" "W" 6 0 20.1 0.717 0.875 0 20.5 9.4 12.6 0 0 17 13.2 116 116 5.5 -0.7
"65" "38" 2014-03-11 34.04 "GSW" "" "DAL" "W" 23 0 25.7666666666667 0.643 0.643 0 11.4 6.5 42.1 0 0 30 17.5 114 92 7.6 3.8
"66" "39" 2014-03-12 34.04 "GSW" "@" "LAC" "L" -13 0 21.5 0 0 0 5.4 2.6 6.2 0 0 14.3 14.9 9 122 -4.2 -18.5
"67" "40" 2014-03-14 34.04 "GSW" "" "CLE" "L" -9 0 17.9 0.25 0.25 0 6.5 3.2 24.9 0 0 0 10.5 84 114 2 -6.3
"68" "41" 2014-03-16 34.05 "GSW" "@" "POR" "W" 1 0 17.8 0.833 0.833 0 6.3 3 14.7 0 0 0 7.4 178 124 5.4 3.7
"69" "42" 2014-03-18 34.05 "GSW" "" "ORL" "W" 14 0 28.6166666666667 0.949 0.9 0 16.8 8 21 5.4 2.6 13.7 12 167 85 16 17
"70" "43" 2014-03-20 34.06 "GSW" "" "MIL" "W" 5 0 20.15 0.5 0.5 0 11.6 6.1 23.5 4.9 0 50 9 87 107 3.2 -1
"71" "44" 2014-03-22 34.07 "GSW" "" "SAS" "L" -9 0 21.6166666666667 0.625 0.625 0 4.3 2.4 25.1 0 0 42.9 14.4 76 109 1.2 -6.1
"72" "45" 2014-03-28 34.08 "GSW" "" "MEM" "W" 7 0 16.4666666666667 0.833 0.833 0 13.9 7.7 0 0 8.4 0 8.8 167 103 4.9 6.6
"73" "46" 2014-03-30 34.09 "GSW" "" "NYK" "L" -5 0 21.0666666666667 0 0 0 5.4 2.6 16.3 0 0 0 9.2 31 115 -1.5 -12.8
"74" "47" 2014-04-01 34.09 "GSW" "@" "DAL" "W" 2 0 13.05 0 0 0 0 0 23.4 0 0 25 15.4 53 136 -1.4 -18.7
"75" "48" 2014-04-02 34.1 "GSW" "@" "SAS" "L" -21 0 23.7 0 0 0 6 2.6 16.9 2.1 0 50 4 60 119 1.7 -4.8
"76" "49" 2014-04-04 34.1 "GSW" "" "SAC" "W" 33 0 24.5666666666667 0 0 4 18.8 11.6 18.6 0 0 33.3 5.3 76 77 1.8 -5.5
"77" "50" 2014-04-06 34.11 "GSW" "" "UTA" "W" 28 0 24.15 0.5 0.5 0 0 0 19.9 0 0 40 9 102 108 2.4 -4.8
"78" "51" 2014-04-10 34.12 "GSW" "" "DEN" "L" -1 0 16.1 0 0 0 5.2 3 14.9 0 0 66.7 8.3 30 112 -1 -12
"79" "52" 2014-04-11 34.12 "GSW" "@" "LAL" "W" 17 0 30.0333333333333 0.722 0.722 3.5 12.1 8.1 21.6 3.1 0 10 13.9 144 94 15.1 9.2
"80" "53" 2014-04-13 34.13 "GSW" "@" "POR" "L" -2 0 13.0666666666667 0.417 0.417 0 10.4 4.8 11.3 0 0 0 21.7 91 119 2.2 -6.4
"81" "54" 2014-04-14 34.13 "GSW" "" "MIN" "W" 10 0 18.9166666666667 0.833 0.833 0 6 2.7 17.3 0 0 57.1 14.3 77 122 0.9 -10.5
"82" "55" 2014-04-16 34.13 "GSW" "@" "DEN" "W" 4 1 47.1833333333333 0.368 0.35 0 16.6 8.2 37.3 6.7 0 21.6 11.8 101 97 18.4 4.4
"1" "1" 2014-10-29 34.67 "POR" "" "OKC" "W" 17 0 20.3166666666667 0.102 0 5.6 22 13.9 30.3 0 0 0 10.8 89 101 2.8 -5.8
"2" "2" 2014-10-31 34.68 "POR" "@" "SAC" "L" -9 0 21.6 0.429 0.429 0 15.9 7.7 37.6 2.5 0 22.2 19.7 87 114 3.7 -4
"3" "3" 2014-11-02 34.68 "POR" "" "GSW" "L" -5 0 23.1 0.8 0.8 0 0 0 33.8 2.1 0 28.6 12.4 126 100 8.2 8.3
"4" "4" 2014-11-04 34.69 "POR" "" "CLE" "W" 19 0 20.8166666666667 0 0 0 8.9 5.2 12.5 0 0 50 9.5 29 100 -1.8 -12.4
"5" "5" 2014-11-06 34.69 "POR" "" "DAL" "W" 21 0 19.65 0.8 0.8 0 10 5.6 22.4 0 0 0 11.9 176 101 8 8.5
"6" "6" 2014-11-08 34.7 "POR" "@" "LAC" "L" -4 0 19.0333333333333 0 0 0 6 3.2 0 0 0 33.3 14.1 0 117 -5.7 -21.7
"7" "7" 2014-11-09 34.7 "POR" "" "DEN" "W" 16 0 22.4166666666667 1.5 1.5 0 4 2 22.2 2.2 0 50 11.1 127 107 8.4 4.9
"8" "8" 2014-11-11 34.71 "POR" "" "CHO" "W" 2 0 25.3 0.425 0.3 4 14.6 8.8 10 4.1 3.2 14.5 11.7 99 100 4.6 -1.7
"9" "9" 2014-11-12 34.71 "POR" "@" "DEN" "W" 17 0 27.8 0.375 0.375 0 17.6 9.3 20.8 0 0 20 15 89 117 3.8 -9.5
"10" "10" 2014-11-15 34.72 "POR" "" "BRK" "W" 10 0 16.1166666666667 0.902 0.833 0 6.5 3.3 77.1 10 0 0 11.1 206 84 13.9 31.4
"11" "11" 2014-11-17 34.72 "POR" "" "NOP" "W" 9 0 29.1833333333333 1.25 1.25 0 7.2 3.9 33.2 1.8 0 60 7.9 120 105 7.1 4.7
"12" "12" 2014-11-21 34.73 "POR" "" "CHI" "W" 18 0 21.1333333333333 0 0 0 8.9 4.8 23.3 0 0 0 8.6 55 97 -0.6 -10.4
"13" "13" 2014-11-23 34.74 "POR" "@" "BOS" "W" 6 0 21.4333333333333 0.688 0.688 0 7.9 4.4 43.4 0 0 11.1 18.6 134 99 10.5 8.8
"14" "14" 2014-11-24 34.74 "POR" "@" "PHI" "W" 10 0 22.6333333333333 0 0 5.3 10.3 7.9 38.6 2.3 0 25 14.9 68 111 0.9 -10.5
"15" "15" 2014-11-26 34.75 "POR" "@" "CHO" "W" 8 0 20.6333333333333 0.515 0.5 0 9.3 4.8 19 2.4 0 0 8.3 131 102 4 -1.8
"16" "16" 2014-11-28 34.75 "POR" "" "MEM" "L" -13 0 21.7333333333333 0 0 0 0 0 22.7 0 0 0 5.9 63 126 0.7 -10.2
"17" "17" 2014-11-30 34.76 "POR" "" "MIN" "W" 14 0 22.2333333333333 0.34 0.3 0 8.6 4.5 41 2.2 0 25.4 14.8 93 97 5 -1.6
"18" "18" 2014-12-02 34.76 "POR" "@" "DEN" "W" 2 0 23.9333333333333 1.3 1.3 0 15 7.7 18.2 0 0 28.6 13.3 161 111 10.9 6.3
"19" "19" 2014-12-04 34.77 "POR" "" "IND" "W" 6 0 21.3333333333333 0.25 0.25 0 8.3 4.5 29.3 0 0 20 10.7 66 90 0.4 -10
"20" "20" 2014-12-07 34.78 "POR" "@" "NYK" "W" 4 0 22.9333333333333 0.417 0.417 0 32.7 12.9 39.5 0 0 14.3 13.7 109 112 6.3 -1.6
"21" "21" 2014-12-09 34.78 "POR" "@" "DET" "W" 12 0 18.7833333333333 0.833 0.833 0 9.5 5.4 42.7 0 0 25 10.2 150 104 7.5 7.1
"22" "22" 2014-12-10 34.79 "POR" "@" "MIN" "L" -8 0 19.45 0 0 0 0 0 15.9 2.7 0 66.7 7 31 104 -1.1 -11.4
"23" "23" 2014-12-12 34.79 "POR" "@" "CHI" "L" -9 0 18.9166666666667 0.654 0.667 0 12.7 6 0 2.8 0 30.4 24.4 85 124 3.4 -6.1
"24" "24" 2014-12-13 34.79 "POR" "@" "IND" "W" 10 0 21.2 0.735 0.7 0 9.6 4.8 47.7 2.4 3.1 15.5 13.6 144 91 10.7 13.2
"25" "25" 2014-12-15 34.8 "POR" "" "SAS" "W" 13 0 18.1166666666667 0.25 0.25 0 12 6 20.7 0 0 0 9.7 88 106 2.3 -4.4
"26" "26" 2014-12-17 34.81 "POR" "" "MIL" "W" 7 0 19.0166666666667 0.3 0.3 0 0 0 26.2 0 4.4 0 11.1 110 104 3 0.1
"27" "27" 2014-12-19 34.81 "POR" "@" "SAS" "W" 10 0 35.5 0.635 0.571 6.1 8.9 7.5 17 0 2 11.3 11.7 138 109 9.1 1.7
"28" "28" 2014-12-20 34.81 "POR" "@" "NOP" "W" 26 0 24.6833333333333 0.375 0.375 15.4 3.5 8.4 21.1 4.1 0 33.3 10.6 105 97 5.7 2.9
"29" "29" 2014-12-22 34.82 "POR" "@" "HOU" "L" -15 0 15.2 0.667 0.667 0 0 0 12.9 3.1 0 33.3 26.8 81 111 2.9 -3.8
"30" "30" 2014-12-23 34.82 "POR" "@" "OKC" "W" 4 0 34.9 0.512 0.375 0 3 1.5 20.8 0 0 17 7.7 119 114 3.4 -5.7
"31" "31" 2014-12-26 34.83 "POR" "" "PHI" "W" 21 0 19 0.375 0.375 6 5.3 5.6 32 2.5 0 20 11.2 114 94 4.7 -0.1
"32" "32" 2014-12-28 34.84 "POR" "" "NYK" "W" 22 0 24.6333333333333 0.5 0.5 0 13.9 8 10.8 0 0 25 8 93 93 2.5 -8.4
"33" "33" 2014-12-30 34.84 "POR" "" "TOR" "W" 5 0 23.3333333333333 0.5 0.5 0 9.3 4.5 6.8 0 0 16.7 11.7 92 105 2.2 -6
"34" "34" 2015-01-03 34.85 "POR" "" "ATL" "L" -8 0 22.5 0.625 0.625 0 5 2.4 11.3 0 0 42.9 12.8 76 119 0.5 -10.3
"35" "35" 2015-01-05 34.86 "POR" "" "LAL" "W" 4 0 21.1833333333333 0.167 0.167 0 0 0 22.1 2.5 0 14.3 15.5 52 106 -0.1 -11.9
"36" "36" 2015-01-08 34.87 "POR" "" "MIA" "W" 16 0 19.3333333333333 0.583 0.583 0 5.5 2.7 38.1 2.8 0 14.3 16 125 97 7.4 8
"37" "37" 2015-01-10 34.87 "POR" "" "ORL" "W" 11 0 19.7 0.129 0 6.4 4.5 5.3 20.3 0 0 20.5 11.1 66 102 0.6 -8.6
"38" "38" 2015-01-11 34.87 "POR" "@" "LAL" "W" 12 0 18.95 0.563 0.563 0 5.8 2.9 15.2 0 0 11.1 21.8 100 103 4.5 -1.8
"39" "39" 2015-01-14 34.88 "POR" "" "LAC" "L" -6 0 19.7166666666667 0.5 0.5 0 11.1 5.3 37.4 0 0 50 9 84 111 3.1 -2.6
"40" "40" 2015-01-16 34.89 "POR" "@" "SAS" "L" -14 0 12.1 0 0 0 0 0 32.2 0 0 33.3 12 48 126 -0.7 -12.3
"41" "41" 2015-01-17 34.89 "POR" "@" "MEM" "L" -4 0 17.3333333333333 0.625 0.625 0 7.7 3.1 72.7 3.1 0 0 10.4 172 115 9.5 14.6
"42" "42" 2015-01-19 34.9 "POR" "" "SAC" "W" 4 0 13.6 0.625 0.625 0 9.5 4 37.9 3.6 0 20 15.7 113 98 5 4.6
"43" "43" 2015-01-21 34.9 "POR" "@" "PHO" "L" -5 0 10.0666666666667 0 0 0 0 0 12.2 0 0 0 12.6 23 123 -1.4 -17
"44" "44" 2015-01-22 34.9 "POR" "" "BOS" "L" -1 0 17.4 0.452 0 5.5 13.1 9 8.4 0 0 23.1 11.1 94 103 2.2 -8.3
"45" "45" 2015-01-24 34.91 "POR" "" "WAS" "W" 7 0 17.35 0.333 0.333 5.9 14.6 9.8 18.8 2.8 0 14.3 18 78 97 2.5 -6.1
"46" "46" 2015-01-28 34.92 "POR" "@" "CLE" "L" -5 0 12.4333333333333 0.5 0.5 0 0 0 12.4 0 0 33.3 12.1 78 133 -0.1 -13.7
"47" "47" 2015-01-30 34.93 "POR" "@" "ATL" "L" -6 0 20.6333333333333 1 1 0 5.3 2.6 50.9 0 0 20 10.7 171 113 9.4 9
"48" "48" 2015-01-31 34.93 "POR" "@" "MIL" "L" -7 0 11.8666666666667 0 0 0 9.6 4.3 12.3 0 0 0 12.3 16 106 -1.5 -14.9
"49" "49" 2015-02-03 34.94 "POR" "" "UTA" "W" 1 0 22 0.717 0.75 0 4.6 2.5 13.8 2.4 0 29.1 14.3 107 116 4.5 -0.6
"50" "50" 2015-02-05 34.94 "POR" "" "PHO" "W" 21 0 22.8166666666667 0.5 0.5 0 11.5 6.4 23.5 4.3 0 0 9.2 133 85 7.2 6.1
"51" "51" 2015-02-07 34.95 "POR" "@" "DAL" "L" -10 0 20 0.25 0.25 0 4.3 2.3 54 5.1 0 33.3 13.1 83 106 4 -0.1
"52" "52" 2015-02-08 34.95 "POR" "@" "HOU" "W" 11 0 21.2833333333333 0.643 0.7 7.8 13.5 11.4 20.4 0 0 26.9 17.3 109 114 5.6 -1.4
"53" "53" 2015-02-11 34.96 "POR" "" "LAL" "W" 16 0 23.2166666666667 0.512 0.375 0 4.1 2.1 18.8 0 2.7 38.1 15.4 79 104 2.3 -7.3
"54" "54" 2015-02-20 34.98 "POR" "@" "UTA" "L" -16 0 20.0833333333333 0.532 0 0 0 0 18.4 0 0 68 14.8 46 114 -2.5 -16.8
"55" "55" 2015-02-22 34.99 "POR" "" "MEM" "L" -6 0 14.2 1.009 1 0 22 11.3 17.4 0 0 23.7 27.4 120 108 9.2 15.8
"56" "56" 2015-02-25 35 "POR" "" "SAS" "W" 16 0 16.6833333333333 0.333 0.333 0 6.7 3.5 30.9 3.2 0 0 16.5 109 106 4.3 -1.7
"57" "57" 2015-02-27 35 "POR" "" "OKC" "W" 3 0 11.3166666666667 1.5 1.5 0 0 0 12.2 0 0 50 7.6 125 123 1.6 -4.7
"58" "58" 2015-03-01 35.01 "POR" "@" "SAC" "W" 11 0 12.3 0.75 0.75 0 20 10.3 21 4 0 71.4 25.1 51 97 -0.4 -10.5
"59" "59" 2015-03-04 35.02 "POR" "@" "LAC" "W" 5 0 9.9 0.798 1 0 8.9 4.8 18.7 0 0 0 8.8 168 95 2.9 3.6
"60" "60" 2015-03-05 35.02 "POR" "" "DAL" "W" 19 0 15.0666666666667 0.333 0.333 0 11.8 6.6 10.3 0 0 0 8.9 82 83 1.2 -5
"61" "61" 2015-03-07 35.02 "POR" "@" "MIN" "L" -8 0 13.0333333333333 1.5 1.5 0 0 0 46.8 0 0 0 3.5 259 135 5.4 7.9
"62" "62" 2015-03-11 35.04 "POR" "" "HOU" "W" 5 0 20.1166666666667 0.5 0.5 0 8.5 4.8 24.1 2.4 0 40 10.2 91 102 3.3 -0.3
"63" "63" 2015-03-13 35.04 "POR" "" "DET" "W" 19 0 15.4166666666667 NA NA 0 0 0 47.4 0 0 NA 0 224 118 4.9 7.4
"64" "64" 2015-03-15 35.05 "POR" "@" "TOR" "W" 16 0 20.65 0.75 0.75 5.8 17.9 11.8 6.1 0 0 25 18 109 108 5.9 -0.8
"65" "65" 2015-03-16 35.05 "POR" "@" "WAS" "L" -8 0 12.3 0.375 0.375 0 19.5 8.6 12.2 0 0 0 14.5 93 116 1.5 -4.9
"66" "66" 2015-03-18 35.05 "POR" "@" "MIA" "L" -4 0 13.55 0.75 0.75 0 0 0 56.7 0 0 66.7 20.2 86 123 1.8 -5.2
"67" "67" 2015-03-20 35.06 "POR" "@" "ORL" "L" -7 0 10.2666666666667 0 0 0 18.3 9.9 0 0 0 0 4.5 0 121 -0.1 -11.2
"68" "68" 2015-03-21 35.06 "POR" "@" "MEM" "L" -11 0 8.68333333333333 0.333 0.333 0 22.1 12.4 40.2 0 0 0 16.7 92 106 1.9 -2.8
"69" "69" 2015-03-24 35.07 "POR" "" "GSW" "L" -14 0 15.4166666666667 0.868 0.75 0 10.7 3.8 47.5 3.3 0 14.8 19.1 167 127 11 13.9
"70" "70" 2015-03-25 35.07 "POR" "@" "UTA" "W" 3 0 16.9333333333333 0.375 0.375 0 12.6 6.4 18.2 0 0 20 13.7 78 106 1.6 -5.6
"71" "71" 2015-03-27 35.08 "POR" "@" "PHO" "W" 6 0 16.8333333333333 0.625 0.625 0 0 0 11.6 0 0 11.1 23.3 116 97 5.7 7
"72" "72" 2015-03-28 35.08 "POR" "" "DEN" "W" 6 0 18 0.6 0.6 0 5.6 3.2 31.3 5.4 0 28.6 17.1 108 110 7.1 5.5
"73" "73" 2015-03-30 35.09 "POR" "" "PHO" "W" 23 0 14.4333333333333 0.5 0.5 0 14.5 7.8 40.9 3.5 0 25 12.7 120 89 5.4 6.1
"74" "74" 2015-04-01 35.09 "POR" "" "LAC" "L" -4 0 13.95 0.5 0.5 0 9.3 4.1 24.8 0 0 33.3 9.6 105 139 2.4 -5.9
"75" "75" 2015-04-03 35.1 "POR" "@" "LAL" "W" 30 0 14.8666666666667 NA NA 0 0 0 37.5 0 0 100 3.2 126 91 2.1 -2.7
"76" "76" 2015-04-04 35.1 "POR" "" "NOP" "W" 9 0 13.6666666666667 0.571 0.571 8 16.7 12.3 41.4 0 0 12.5 27 128 109 6.7 10.4
"77" "77" 2015-04-06 35.11 "POR" "@" "BRK" "L" -10 0 18.7333333333333 0 0 5.7 5 5.3 26.3 2.8 0 40 12.4 53 115 0.3 -10.1
"78" "78" 2015-04-08 35.11 "POR" "" "MIN" "W" 25 0 13.65 0 0 0 0 0 33.5 3.7 0 20 16 53 97 -0.4 -11.1
"79" "79" 2015-04-09 35.12 "POR" "@" "GSW" "L" -11 0 13.7 0.25 0.25 0 0 0 24.7 3.6 0 14.3 22.2 66 119 0.5 -10
"80" "80" 2015-04-11 35.12 "POR" "" "UTA" "L" -6 0 19.5333333333333 0.105 0 0 5.5 2.8 30 2.5 0 17.4 13 59 117 -0.1 -11.5
"81" "" 2015-04-13 35.13 "POR" "@" "OKC" "L" -11 NA NA NA NA NA NA NA NA NA NA NA NA NA NA NA NA
"82" "81" 2015-04-15 35.13 "POR" "@" "DAL" "L" -16 0 26.3166666666667 0.875 0.875 0 12.2 5.5 31.6 1.8 0 27.3 17 126 113 12.4 9.2
"1" "1" 2015-10-27 35.67 "DET" "@" "ATL" "W" 12 0 15.8833333333333 0.25 0.25 0 0 0 35.6 3.2 0 33.3 22.2 60 98 -0.4 -10.2
"2" "2" 2015-10-28 35.67 "DET" "" "UTA" "W" 5 0 16.75 0.333 0.333 0 29.4 14.2 73.9 0 0 25 11.6 104 98 5.4 3.6
"3" "3" 2015-10-30 35.67 "DET" "" "CHI" "W" 4 0 15.9166666666667 0 0 5.4 13.6 9 42.7 0 0 0 17.9 44 94 -0.1 -8
"4" "4" 2015-11-03 35.68 "DET" "" "IND" "L" -12 0 6.65 0 0 0 0 0 21.9 0 11.1 75 24.8 11 103 -3.1 -26.1
"5" "5" 2015-11-06 35.69 "DET" "@" "PHO" "W" 8 0 17.6833333333333 0.667 0.667 0 5.2 2.9 18.8 0 0 14.3 18.1 119 101 5.7 2.6
"6" "6" 2015-11-08 35.7 "DET" "@" "POR" "W" 17 0 13.7166666666667 0.375 0.375 6.9 0 4.1 24.1 0 0 0 12.2 130 116 3 -3.4
"7" "7" 2015-11-09 35.7 "DET" "@" "GSW" "L" -14 0 18.3333333333333 0.833 0.833 0 12.5 6.4 7.5 2.7 0 62.5 18.8 59 113 1 -8.6
"8" "8" 2015-11-11 35.71 "DET" "@" "SAC" "L" -9 0 15.3166666666667 0.357 0.357 0 16.5 6.9 33.9 3.3 0 0 19.3 97 104 4.6 2.7
"9" "9" 2015-11-14 35.72 "DET" "@" "LAC" "L" -5 0 13.7 0.5 0.5 0 0 0 23.8 7.7 0 50 13.4 67 103 1.6 -3
"10" "" 2015-11-15 35.72 "DET" "@" "LAL" "L" -12 NA NA NA NA NA NA NA NA NA NA NA NA NA NA NA NA
"11" "" 2015-11-17 35.72 "DET" "" "CLE" "W" 5 NA NA NA NA NA NA NA NA NA NA NA NA NA NA NA NA
"12" "" 2015-11-20 35.73 "DET" "@" "MIN" "W" 10 NA NA NA NA NA NA NA NA NA NA NA NA NA NA NA NA
"13" "" 2015-11-21 35.73 "DET" "" "WAS" "L" -2 NA NA NA NA NA NA NA NA NA NA NA NA NA NA NA NA
"14" "10" 2015-11-23 35.74 "DET" "@" "MIL" "L" -21 0 6.8 0.5 0.5 0 0 0 59 0 0 0 11.9 139 130 2 -1
"15" "11" 2015-11-25 35.75 "DET" "" "MIA" "W" 23 0 21.7666666666667 0.375 0.375 0 9.6 4.5 22.7 0 0 42.9 14.3 70 100 0.2 -13
"16" "12" 2015-11-27 35.75 "DET" "@" "OKC" "L" -16 0 21.15 0.313 0.313 0 18.4 7.1 60 7.4 0 11.1 19.1 85 99 7.6 7.3
"17" "13" 2015-11-29 35.76 "DET" "@" "BRK" "L" -4 0 17.6833333333333 0.7 0.7 0 7 2.7 42 0 0 28.6 15.3 109 95 5.4 0.6
"18" "14" 2015-11-30 35.76 "DET" "" "HOU" "W" 11 0 12.15 0 0 0 0 0 0 0 6.5 50 7 0 118 -1 -12.2
"19" "15" 2015-12-02 35.76 "DET" "" "PHO" "W" 5 0 13.0666666666667 0.333 0.333 0 8.6 4.7 10.2 0 0 40 16.3 53 121 -0.7 -15.9
"20" "16" 2015-12-04 35.77 "DET" "" "MIL" "W" 7 0 14.9166666666667 0 0 0 6.8 3.3 28.4 3.3 0 25 11.9 35 97 -0.1 -10.7
"21" "17" 2015-12-06 35.78 "DET" "" "LAL" "W" 20 0 18.4166666666667 0.827 0.8 5.4 15 10.4 39.3 2.6 0 42.4 20.4 110 92 8.8 7.1
"22" "18" 2015-12-07 35.78 "DET" "@" "CHO" "L" -20 0 20 0.75 0.75 4.8 0 2.4 67.7 0 0 14.3 15.5 149 117 10.6 11.4
"23" "19" 2015-12-09 35.78 "DET" "" "MEM" "L" -1 0 15.7333333333333 0.698 0.714 0 13.3 6.4 12.3 0 0 0 22.8 144 105 7.8 7.6
"24" "20" 2015-12-11 35.79 "DET" "@" "PHI" "W" 12 0 17.4666666666667 0.333 0.333 0 6.2 3 27.3 0 0 25 9.6 95 107 0.8 -11.7
"25" "21" 2015-12-12 35.79 "DET" "" "IND" "W" 22 0 18.9833333333333 0.917 0.917 0 12.3 6.4 29 0 0 25 18 139 103 9 5.3
"26" "22" 2015-12-14 35.8 "DET" "" "LAC" "L" -2 0 13.8666666666667 0.833 0.833 0 15.6 8.2 0 0 0 50 19 70 107 0.5 -9.8
"27" "23" 2015-12-16 35.8 "DET" "" "BOS" "W" 3 0 20.4 0 0 0 12.1 5.9 12.4 0 0 20 10.9 26 118 -2.6 -15.8
"28" "24" 2015-12-18 35.81 "DET" "@" "CHI" "W" 3 0 19.3666666666667 0.68 0.7 5.8 10.8 8.4 15.4 2.7 0 0 13.3 153 109 9 8.7
"29" "25" 2015-12-22 35.82 "DET" "@" "MIA" "W" 1 0 17.1666666666667 1.2 1.2 6.8 6.7 6.7 23.5 0 0 16.7 16.7 192 114 11.1 20.3
"30" "26" 2015-12-23 35.82 "DET" "@" "ATL" "L" -7 0 14.5833333333333 0.167 0.167 0 7.7 3.7 28.4 3.3 4.8 0 16.8 65 103 1.1 -5.3
"31" "27" 2015-12-26 35.83 "DET" "" "BOS" "L" -6 0 21.3333333333333 0.515 0.333 0 10.2 4.6 41.2 4.7 0 20.5 9.4 121 101 7.7 5.4
"32" "" 2015-12-29 35.84 "DET" "@" "NYK" "L" -12 NA NA NA NA NA NA NA NA NA NA NA NA NA NA NA NA
"33" "" 2015-12-31 35.84 "DET" "" "MIN" "W" 25 NA NA NA NA NA NA NA NA NA NA NA NA NA NA NA NA
"34" "" 2016-01-02 35.85 "DET" "@" "IND" "L" -12 NA NA NA NA NA NA NA NA NA NA NA NA NA NA NA NA
"35" "28" 2016-01-04 35.85 "DET" "" "ORL" "W" 26 0 3.73333333333333 0 0 0 0 0 29.9 0 0 50 24 33 110 -1 -27
"36" "" 2016-01-06 35.86 "DET" "@" "BOS" "W" 5 NA NA NA NA NA NA NA NA NA NA NA NA NA NA NA NA
"37" "" 2016-01-09 35.87 "DET" "" "BRK" "W" 14 NA NA NA NA NA NA NA NA NA NA NA NA NA NA NA NA
"38" "" 2016-01-12 35.88 "DET" "" "SAS" "L" -10 NA NA NA NA NA NA NA NA NA NA NA NA NA NA NA NA
"39" "" 2016-01-14 35.88 "DET" "@" "MEM" "L" -2 NA NA NA NA NA NA NA NA NA NA NA NA NA NA NA NA
"40" "29" 2016-01-16 35.89 "DET" "" "GSW" "W" 18 0 7.05 1.5 1.5 0 25.2 13.1 20.4 0 0 33.3 17.2 168 98 5.3 19
"41" "" 2016-01-18 35.89 "DET" "" "CHI" "L" -10 NA NA NA NA NA NA NA NA NA NA NA NA NA NA NA NA
"42" "" 2016-01-20 35.9 "DET" "@" "HOU" "W" 9 NA NA NA NA NA NA NA NA NA NA NA NA NA NA NA NA
"43" "" 2016-01-21 35.9 "DET" "@" "NOP" "L" -16 NA NA NA NA NA NA NA NA NA NA NA NA NA NA NA NA
"44" "" 2016-01-23 35.91 "DET" "@" "DEN" "L" -3 NA NA NA NA NA NA NA NA NA NA NA NA NA NA NA NA
"45" "" 2016-01-25 35.91 "DET" "@" "UTA" "W" 3 NA NA NA NA NA NA NA NA NA NA NA NA NA NA NA NA
"46" "" 2016-01-27 35.92 "DET" "" "PHI" "W" 13 NA NA NA NA NA NA NA NA NA NA NA NA NA NA NA NA
"47" "" 2016-01-29 35.92 "DET" "" "CLE" "L" -8 NA NA NA NA NA NA NA NA NA NA NA NA NA NA NA NA
"48" "" 2016-01-30 35.93 "DET" "@" "TOR" "L" -4 NA NA NA NA NA NA NA NA NA NA NA NA NA NA NA NA
"49" "" 2016-02-01 35.93 "DET" "@" "BRK" "W" 5 NA NA NA NA NA NA NA NA NA NA NA NA NA NA NA NA
"50" "" 2016-02-03 35.94 "DET" "@" "BOS" "L" -7 NA NA NA NA NA NA NA NA NA NA NA NA NA NA NA NA
"51" "" 2016-02-04 35.94 "DET" "" "NYK" "W" 6 NA NA NA NA NA NA NA NA NA NA NA NA NA NA NA NA
"52" "" 2016-02-06 35.95 "DET" "@" "IND" "L" -8 NA NA NA NA NA NA NA NA NA NA NA NA NA NA NA NA
"53" "" 2016-02-08 35.95 "DET" "" "TOR" "L" -14 NA NA NA NA NA NA NA NA NA NA NA NA NA NA NA NA
"54" "30" 2016-02-10 35.96 "DET" "" "DEN" "L" -11 0 18.6833333333333 1 1 0 0 0 0 0 0 25 9.8 124 115 2.5 -6.5
"55" "31" 2016-02-19 35.98 "DET" "@" "WAS" "L" -12 0 16.2833333333333 0.625 0.625 0 6.9 3.3 30.4 0 0 20 14.5 114 112 4 0.7
"56" "32" 2016-02-21 35.99 "DET" "" "NOP" "L" -5 0 16.7833333333333 0.5 0.5 0 7 3.1 41.9 0 0 25 10 115 118 3.3 -4.4
"57" "33" 2016-02-22 35.99 "DET" "@" "CLE" "W" 8 0 15.35 0 0 0 7.4 3.8 16.9 0 0 50 6.1 47 100 -0.8 -11.6
"58" "34" 2016-02-24 35.99 "DET" "" "PHI" "W" 20 0 21.8833333333333 0.515 0.5 0 8.8 4.9 29.8 0 0 43.6 13.2 86 99 1.4 -8.9
"59" "35" 2016-02-27 36 "DET" "@" "MIL" "W" 11 0 16.85 0 0 0 13.9 6.3 30.8 3.2 0 20 13.1 49 100 -0.2 -13
"60" "36" 2016-02-28 36.01 "DET" "" "TOR" "W" 13 0 19.55 1.05 1 0 0 0 34 0 0 51.2 25.8 112 126 6.4 -1.4
"61" "37" 2016-03-02 36.01 "DET" "@" "SAS" "L" -16 0 17.3 0.375 0.375 0 6.9 3.3 39.3 0 0 33.3 16.1 72 109 1.3 -5.3
"62" "38" 2016-03-05 36.02 "DET" "@" "NYK" "L" -13 0 19.6833333333333 0.813 0.813 0 27.1 11 20.5 0 0 11.1 20.4 148 116 10.6 12.4
"63" "39" 2016-03-06 36.02 "DET" "" "POR" "W" 20 0 13.9166666666667 0.5 0.5 0 9.1 4.5 18.6 0 0 28.6 22.3 85 112 1.2 -10.3
"64" "40" 2016-03-09 36.03 "DET" "@" "DAL" "W" 6 0 18.7333333333333 0.875 0.875 0 0 0 33.8 2.8 0 33.3 14.1 126 107 6.8 4.8
"65" "41" 2016-03-11 36.04 "DET" "@" "CHO" "L" -15 0 16.65 0.5 0.5 0 22.2 12.4 19.1 0 0 0 14.4 111 128 4.2 -3.9
"66" "42" 2016-03-12 36.04 "DET" "@" "PHI" "W" 14 0 17.7666666666667 0.4 0.4 0 0 0 12.4 5.4 0 28.6 16.6 72 105 1.5 -9
"67" "43" 2016-03-14 36.05 "DET" "@" "WAS" "L" -43 0 28.1333333333333 0.214 0.214 3.7 0 2.2 16.9 0 0 41.7 18.8 40 130 -4.9 -19.4
"68" "44" 2016-03-16 36.05 "DET" "" "ATL" "L" -4 0 18.4833333333333 0.6 0.6 0 11.1 5.5 16.6 0 0 0 11.4 130 116 4.1 -4.7
"69" "45" 2016-03-18 36.06 "DET" "" "SAC" "W" 7 0 14.2 0 0 7.7 0 4 53.8 0 0 50 5.9 126 121 3.9 0.3
"70" "46" 2016-03-19 36.06 "DET" "" "BRK" "W" 12 0 23.4666666666667 0 0 0 17 7.2 17.8 0 0 33.3 11.2 40 116 -1.5 -18.6
"71" "47" 2016-03-21 36.07 "DET" "" "MIL" "W" 1 0 19.5833333333333 0.436 0.333 0 0 0 30.1 0 0 0 8.1 128 109 3.7 -2.8
"72" "48" 2016-03-23 36.07 "DET" "" "ORL" "W" 16 0 15.65 0.5 0.5 0 5.8 3.4 53.8 0 0 0 5.8 174 117 6.2 4.8
"73" "49" 2016-03-25 36.08 "DET" "" "CHO" "W" 7 0 19.3666666666667 0 0 0 4.6 2.4 29.5 2.5 3.9 40 10.6 50 102 1.4 -4.6
"74" "50" 2016-03-26 36.08 "DET" "" "ATL" "L" -17 0 17.8333333333333 0.307 0.25 5.6 12.2 8.8 51.6 2.8 0 17 14.2 95 114 5.3 -0.3
"75" "51" 2016-03-29 36.09 "DET" "" "OKC" "W" 6 0 20.4 0 0 0 13.8 7.2 14.3 2.5 0 0 10.5 23 87 -0.2 -8.2
"76" "52" 2016-04-01 36.1 "DET" "" "DAL" "L" -9 0 15.6833333333333 0.375 0.375 0 7.1 3.2 65.7 0 0 0 11.9 129 114 5.1 2.9
"77" "53" 2016-04-02 36.1 "DET" "@" "CHI" "W" 4 0 13.0166666666667 0.75 0.75 0 22.6 12 39.1 4 0 0 7.3 174 91 6 10.8
"78" "54" 2016-04-05 36.11 "DET" "@" "MIA" "L" -18 0 15.3 1.389 1.5 0 16.5 7.5 36.6 0 0 0 8.7 269 122 9.3 13.9
"79" "55" 2016-04-06 36.11 "DET" "@" "ORL" "W" 4 0 16.2166666666667 0.5 0.5 0 13.5 6.4 49.3 0 0 25 10.6 122 112 4.7 -1.3
"80" "56" 2016-04-08 36.12 "DET" "" "WAS" "W" 13 0 13.6 0.375 0.375 0 14.7 8.8 24.4 0 0 11.1 31.2 83 109 2.2 -7.9
"81" "57" 2016-04-12 36.13 "DET" "" "MIA" "L" -6 1 32.4333333333333 0.635 0.571 0 3.9 1.7 36.9 1.6 0 27.6 14.4 112 113 9.5 0.2
"82" "58" 2016-04-13 36.13 "DET" "@" "CLE" "W" 2 1 24 0.929 0.929 0 9.6 4.9 51 2.2 2.8 22.2 18.2 149 108 14.2 11.6
