"Rk" "G" "Date" "Age" "Tm" "H/A" "Opp" "W/L" "By Amt" "GS" "MP" "TS%" "eFG%" "ORB%" "DRB%" "TRB%" "AST%" "STL%" "BLK%" "TOV%" "USG%" "ORtg" "DRtg" "GmSc" "BPM"
"1" "1" 2005-11-01 20.93 "MIL" "@" "PHI" "W" 9 1 37.0833333333333 0.689 0.667 14.3 13.7 14 4.3 0 5.2 9.6 12.8 140 106 13.6 3.7
"2" "2" 2005-11-02 20.93 "MIL" "@" "NJN" "W" 14 1 32.5666666666667 0.329 0.308 24.1 28.2 26.1 20.3 1.6 0 0 18.8 110 99 11.8 1.6
"3" "3" 2005-11-05 20.94 "MIL" "" "MIA" "W" 5 1 29.6333333333333 0.6 0.6 4.4 23.1 13.5 4.6 3.6 0 0 7.9 138 106 7 -0.1
"4" "4" 2005-11-08 20.95 "MIL" "" "GSW" "L" -7 1 31.7833333333333 0.827 0.8 3.1 17.8 9.2 15.5 1.6 3 26.9 9.9 128 114 11.1 3.5
"5" "5" 2005-11-12 20.96 "MIL" "" "IND" "W" 1 1 26.1833333333333 0.82 0.75 6.9 22.4 13.7 12.4 1.8 3 17 8.5 150 98 9 5.7
"6" "6" 2005-11-15 20.96 "MIL" "@" "LAC" "L" -24 1 13.75 0.333 0.333 9.2 19.9 14.3 0 0 0 0 9.9 90 124 0.4 -11.7
"7" "7" 2005-11-16 20.97 "MIL" "@" "GSW" "W" 3 0 15.7666666666667 0.349 0.333 42.6 24.4 33.5 14.6 3.3 0 7.2 38.4 92 88 8.2 2.3
"8" "8" 2005-11-18 20.97 "MIL" "@" "SAC" "L" -21 0 22.4166666666667 0.255 0.2 8.4 32.1 18.8 22.3 2.3 0 25.4 15 64 104 3 -3.2
"9" "9" 2005-11-21 20.98 "MIL" "@" "UTA" "L" -20 0 21.5833333333333 0.694 0.75 16.7 18.5 17.7 20.9 0 0 14.8 15.5 133 113 7.3 -0.3
"10" "10" 2005-11-23 20.99 "MIL" "" "PHI" "W" 11 0 23.1666666666667 1.014 1 12.4 28.9 20.1 14.4 2.1 3.4 31.1 11 139 94 12 9.3
"11" "11" 2005-11-25 20.99 "MIL" "@" "MIN" "L" -8 0 14.05 0 0 0 20.1 8.9 19 4 0 0 3.4 87 110 1.1 -2.2
"12" "12" 2005-11-26 20.99 "MIL" "" "DET" "L" -9 1 31.8 0.487 0.545 6.6 16.4 11.5 14.4 0 0 0 18.9 112 108 9.4 5.3
"13" "13" 2005-11-29 21 "MIL" "" "DAL" "W" 2 1 40.2833333333333 0.571 0.5 19.7 24.5 22.2 4.3 0 3.5 10.7 21.8 124 114 17.1 0.9
"14" "14" 2005-12-02 21.01 "MIL" "@" "WAS" "W" 3 1 27.2833333333333 0.333 0.333 3.7 23.8 12.6 21.7 0 5.3 0 10 113 108 5.7 0.6
"15" "15" 2005-12-03 21.01 "MIL" "" "ORL" "W" 20 1 29.1333333333333 0.317 0.286 5 22.9 14.3 12.4 1.9 0 11.3 15.6 82 96 4 -6.2
"16" "16" 2005-12-06 21.02 "MIL" "" "LAL" "L" -19 1 21.1166666666667 0.571 0.571 17.9 27.7 23 0 2.5 3.2 11.3 19.5 114 115 8 -0.7
"17" "17" 2005-12-07 21.02 "MIL" "@" "PHI" "W" 3 1 35.5666666666667 0.872 1 6 20.8 12.9 25.3 4.2 6.9 46.6 8 110 79 13 9.5
"18" "18" 2005-12-10 21.03 "MIL" "" "CLE" "W" 5 1 33.2333333333333 0.666 0.643 11.4 14 12.6 0 4.9 2.9 6 22.2 137 111 18.9 6.5
"19" "19" 2005-12-12 21.04 "MIL" "@" "NYK" "W" 20 1 24.3666666666667 0.5 0.5 11.3 19.1 14.9 5.2 4.5 6.1 33.3 11.7 91 96 4.8 -2.4
"20" "20" 2005-12-14 21.04 "MIL" "" "MIA" "L" -17 1 28.3166666666667 0.6 0.6 0 20.7 9.5 18.9 0 2.8 16.7 9.7 105 107 5.8 0.3
"21" "21" 2005-12-16 21.05 "MIL" "@" "BOS" "W" 4 1 27.9666666666667 0.658 0.667 4.4 8 6.3 29.9 0 2.7 28.8 21.9 102 106 9 2.1
"22" "22" 2005-12-17 21.05 "MIL" "" "UTA" "L" -8 1 21.7333333333333 0.333 0.333 5.7 17.9 11.6 0 2.6 6.8 0 6.7 87 95 3.1 -2
"23" "23" 2005-12-20 21.06 "MIL" "" "SAS" "W" 2 1 28.0833333333333 0.571 0.571 30 8.8 19.5 0 2 5 5.7 29.3 128 113 16.9 7
"24" "24" 2005-12-23 21.07 "MIL" "" "NOK" "W" 7 1 37.3166666666667 0.888 0.857 9.4 16.4 13.2 8.5 0 1.9 27.6 13.8 133 105 12.9 4
"25" "25" 2005-12-26 21.08 "MIL" "@" "ORL" "L" -15 1 24.4833333333333 0.436 0.333 21.3 5.6 14.5 13 0 0 12.7 14.5 115 126 4.8 -5
"26" "26" 2005-12-27 21.08 "MIL" "@" "MIA" "L" -11 1 38.1666666666667 0.564 0.5 3.9 15.3 10.3 8.7 0 0 0 11.6 132 118 9 1.3
"27" "27" 2005-12-30 21.09 "MIL" "" "NYK" "W" 5 1 24.1833333333333 0.441 0.333 19.1 14.9 17.3 12 2.1 0 0 15.6 126 111 8.6 -1.4
"28" "28" 2006-01-02 21.1 "MIL" "@" "CHI" "W" 1 1 22.9166666666667 0.381 0.429 5.1 48.3 26.2 0 0 3.2 38.8 24.7 47 92 -0.2 -13
"29" "29" 2006-01-04 21.1 "MIL" "" "CLE" "L" -7 1 30.3166666666667 0.678 0.667 14.4 30.3 22.6 29.5 3.4 2.6 22.5 19.4 117 85 16.1 11.9
"30" "30" 2006-01-06 21.11 "MIL" "" "CHI" "L" -14 1 32.9166666666667 0.698 0.714 7.1 20.8 13.4 15.8 0 2.4 0 11.6 154 122 11.8 5.2
"31" "31" 2006-01-07 21.11 "MIL" "@" "CLE" "L" -8 1 29.2833333333333 0.417 0.417 4.1 20.5 13 6.4 0 5.7 7.7 21.5 83 105 5.6 -4.2
"32" "32" 2006-01-10 21.12 "MIL" "" "MIN" "W" 3 1 28.5666666666667 0.394 0.375 9.1 16.8 12.5 9.9 0 0 10.1 16.9 92 108 4.1 -6.2
"33" "33" 2006-01-11 21.12 "MIL" "@" "IND" "L" -24 1 25.7833333333333 0.5 0.5 4.8 20.7 12.4 6.4 0 0 42.9 13 65 133 0 -13
"34" "34" 2006-01-13 21.13 "MIL" "@" "CHA" "W" 1 1 40.95 0.922 0.875 16.7 29.3 23.2 20.4 2.4 3.8 9.3 11.1 179 98 27.4 14.7
"35" "35" 2006-01-14 21.13 "MIL" "" "DEN" "L" -7 1 26.25 0.742 0.714 11 28.1 18.5 14.7 0 5.8 31.3 19.6 104 100 10 1
"36" "36" 2006-01-16 21.13 "MIL" "@" "DAL" "L" -19 1 25.8166666666667 0.425 0.4 0 37.2 20.4 12.3 4.1 2.8 33.8 16.9 65 113 3.4 -5.7
"37" "37" 2006-01-18 21.14 "MIL" "@" "SAS" "L" -3 1 31.7666666666667 0.533 0.6 15.9 25.9 20.7 5.2 1.7 2.9 0 19 122 104 12.2 3.6
"38" "38" 2006-01-20 21.15 "MIL" "@" "ATL" "W" 16 1 26.3833333333333 0.512 0.5 20.8 34.8 28.8 0 1.9 0 29.1 11.2 101 97 5.9 -2.8
"39" "39" 2006-01-21 21.15 "MIL" "" "CHA" "W" 10 1 38.55 0.697 0.667 7.1 19.2 14.3 11.8 0 3.7 15.7 14.8 130 98 15.2 2.6
"40" "40" 2006-01-23 21.15 "MIL" "" "HOU" "L" -17 1 38.6333333333333 0.519 0.429 5.5 14.4 9.9 10.7 2.9 2.2 0 12.1 121 110 11.3 1.1
"41" "41" 2006-01-25 21.16 "MIL" "@" "DET" "L" -4 1 45.4166666666667 0.726 0.714 3.2 15 9.2 10 1.2 3.8 17.2 12.3 130 107 14.2 6.1
"42" "42" 2006-01-27 21.16 "MIL" "" "TOR" "W" 21 1 25.15 0.618 0.6 11.6 34.7 24.8 17.1 0 3.3 15 25.7 117 93 12.4 2.6
"43" "43" 2006-01-29 21.17 "MIL" "" "BOS" "W" 4 1 35.85 0.286 0.286 5.8 12.5 9 28.4 0 7 22.2 12 79 92 6 1.4
"44" "44" 2006-01-30 21.17 "MIL" "@" "NOK" "L" -1 1 38.5166666666667 0.538 0.444 14.5 7.8 11.6 12.5 1.4 5.4 0 14.4 135 105 15.6 6.7
"45" "45" 2006-02-01 21.18 "MIL" "@" "HOU" "L" -2 1 27.7833333333333 0.301 0 3.8 21.1 12.1 6.2 0 2.8 31.1 17 54 100 -0.6 -12.4
"46" "46" 2006-02-04 21.19 "MIL" "" "MEM" "W" 10 1 36.0166666666667 0.581 0.556 13.6 16.7 15 17.1 1.6 12.3 8.8 14.6 126 84 15.9 9.1
"47" "47" 2006-02-06 21.19 "MIL" "@" "CLE" "L" -3 1 37.75 0.381 0.286 12.5 10.9 11.8 12.9 0 2.2 27.6 13.3 86 109 4.9 -5.7
"48" "48" 2006-02-08 21.2 "MIL" "" "ORL" "W" 5 1 26.7333333333333 0.5 0.5 0 13 6.6 15.2 0 3 25 14.8 81 89 2.8 -3.6
"49" "49" 2006-02-11 21.21 "MIL" "" "CHA" "W" 6 1 27.35 0.652 0.571 12.5 15.5 13.9 6.1 0 9.9 24.6 20.7 108 105 9.9 -0.9
"50" "50" 2006-02-12 21.21 "MIL" "@" "NJN" "L" -15 1 25.1333333333333 0.291 0.333 12.7 55.4 34.4 7 2.2 0 30.4 19.8 54 104 1.4 -9.6
"51" "51" 2006-02-14 21.21 "MIL" "" "SEA" "W" 15 1 23.3166666666667 0.727 0.667 5.7 25 14.9 6.5 0 3.6 36.8 21.2 90 104 6.3 -5.6
"52" "52" 2006-02-15 21.22 "MIL" "@" "IND" "L" -11 1 25.7 0.42 0 0 4.2 2.1 6.4 0 3 17.4 10.6 82 105 1.4 -8
"53" "53" 2006-02-21 21.23 "MIL" "" "NJN" "L" -4 1 31.6333333333333 0.581 0.5 0 20.5 10.4 17.9 0 2.8 22.5 14.3 98 105 5.3 -2.1
"54" "54" 2006-02-22 21.24 "MIL" "@" "CHI" "L" -6 1 33.3333333333333 0.506 0.5 5.6 27.4 15.5 10.4 0 0 0 14.6 115 105 10 -0.5
"55" "55" 2006-02-24 21.24 "MIL" "" "PHI" "L" -5 1 12.2333333333333 0.4 0.4 21.2 23.8 22.4 12.2 0 0 44.4 31.4 60 127 -0.4 -20.5
"56" "56" 2006-02-25 21.24 "MIL" "@" "ATL" "W" 10 1 9.76666666666667 0.25 0.25 0 0 0 16.3 0 0 33.3 27.4 44 107 -2.9 -24
"57" "57" 2006-02-27 21.25 "MIL" "@" "DEN" "W" 21 1 33.1333333333333 0.735 0.8 10.9 29 19.9 23.8 1.6 0 8.4 16.5 148 97 18.2 11.5
"58" "58" 2006-03-01 21.25 "MIL" "@" "PHO" "L" -13 1 25.45 0.582 0.583 11.1 28.3 18.7 6.8 1.8 0 0 20.7 128 118 13.4 3.7
"59" "59" 2006-03-04 21.26 "MIL" "" "NYK" "L" -5 1 30.2166666666667 0.25 0.25 4.2 22.7 13.1 21.8 1.8 2.7 0 6.7 106 113 5.8 -1.5
"60" "60" 2006-03-08 21.27 "MIL" "" "SAC" "L" -7 1 28.1166666666667 0.514 0.429 4.4 21.3 13 8.4 1.8 0 0 14 125 128 7.5 -2.3
"61" "61" 2006-03-10 21.28 "MIL" "@" "BOS" "W" 6 1 36.8 0.539 0.625 3.3 26.7 15.5 19.7 0 0 16.4 16.4 99 102 8 -0.3
"62" "62" 2006-03-11 21.28 "MIL" "" "LAC" "L" -8 1 33.3833333333333 0.683 0.667 3.5 15.5 9.2 21.9 0 0 0 10 151 115 10.5 4.1
"63" "63" 2006-03-13 21.29 "MIL" "" "ATL" "W" 1 1 30.05 0.563 0.5 9.7 18.8 14.3 31.2 0 0 31.1 21.2 96 101 7.3 0.6
"64" "64" 2006-03-15 21.29 "MIL" "" "CHI" "W" 16 1 23.6833333333333 0.25 0.25 5.5 8.6 7.2 12.7 0 3.6 0 7.8 93 98 1.8 -3.5
"65" "65" 2006-03-17 21.3 "MIL" "@" "TOR" "L" -1 1 24.8833333333333 0.375 0.375 4.5 12.6 8.7 18 0 0 11.1 16.6 87 111 2.7 -6.6
"66" "66" 2006-03-18 21.3 "MIL" "" "POR" "W" 4 1 15.0333333333333 0.82 0.75 15.2 9.1 12.4 39.2 0 5.7 0 15.3 183 106 9.3 12.7
"67" "67" 2006-03-20 21.31 "MIL" "@" "POR" "W" 7 1 36.1833333333333 0.506 0.5 11.4 6 8.4 13.1 1.6 0 8.4 16.6 118 116 9.2 -1.9
"68" "68" 2006-03-22 21.31 "MIL" "@" "SEA" "L" -9 1 23 0.726 0.75 9.9 36.5 22.9 25.5 0 3.4 39.2 19.3 102 112 8.8 3.3
"69" "69" 2006-03-24 21.32 "MIL" "@" "LAL" "L" -5 1 14.2 0.727 0.667 7.2 32.2 19 0 3.6 0 22.5 28.7 106 101 7.1 0.9
"70" "70" 2006-03-26 21.32 "MIL" "" "TOR" "W" 9 1 21.7666666666667 0.509 0.5 15.7 16.2 16 21.7 0 4 22.5 19.9 105 120 6.3 -3
"71" "71" 2006-03-28 21.33 "MIL" "" "PHO" "W" 22 1 30.6666666666667 0.709 0.667 15.1 14.6 14.8 14.7 0 0 16.8 17 142 117 13.4 1
"72" "72" 2006-03-31 21.34 "MIL" "@" "DET" "L" -7 1 28.7833333333333 0.333 0.333 13.5 18.5 16 9.3 0 2.7 0 15.2 103 129 5.5 -5.4
"73" "73" 2006-04-01 21.34 "MIL" "" "IND" "W" 7 1 35.1666666666667 0.451 0.429 10.7 16.1 12.8 21.5 1.6 0 5.7 23.3 109 104 11.5 1
"74" "74" 2006-04-04 21.35 "MIL" "@" "MIA" "L" -26 1 16.7 0.333 0.333 14 16.4 15.1 23.7 0 0 14.3 20.6 83 125 1 -11.6
"75" "75" 2006-04-05 21.35 "MIL" "@" "ORL" "L" -3 1 24.5 0.46 0.4 0 16.8 7.7 18.9 4 2.8 15.5 11.9 96 105 5.8 1.9
"76" "76" 2006-04-07 21.36 "MIL" "@" "MEM" "L" -10 1 36.3333333333333 0.571 0.571 2.8 20 9.9 0 1.5 0 6 20.6 109 111 11.2 0.1
"77" "77" 2006-04-09 21.36 "MIL" "" "NJN" "L" -12 1 25.0166666666667 0.333 0.333 3.8 8.7 6.1 6.3 0 0 0 15.5 77 107 2.1 -6.9
"78" "78" 2006-04-12 21.37 "MIL" "" "WAS" "W" 3 1 34.1666666666667 0.683 0.667 4.3 10 7.5 11.8 1.5 0 19.4 22.4 107 108 12.4 0.7
"79" "79" 2006-04-14 21.38 "MIL" "@" "NYK" "W" 17 1 29.4 0.836 0.889 0 4.2 2.1 12.6 3.7 0 21.8 22 122 93 13.6 6.8
"80" "80" 2006-04-15 21.38 "MIL" "" "ATL" "L" -6 1 38.5666666666667 0.813 0.769 20.3 17.3 18.9 30.5 0 0 6.3 17.2 172 125 28.4 12.7
"81" "81" 2006-04-17 21.38 "MIL" "" "DET" "W" 20 1 31.2166666666667 0.551 0.6 7.7 15.4 12 8.6 0 0 26.9 21.5 89 100 6.1 -6.5
"82" "82" 2006-04-18 21.39 "MIL" "@" "WAS" "L" -13 1 40.9 0.571 0.571 10.1 21.8 16.6 3.9 0 0 22.2 10.5 105 130 6.7 -5.4
"1" "1" 2006-11-01 21.93 "MIL" "@" "DET" "W" 8 1 27.6166666666667 0.612 0.7 7.6 30.4 18.2 16.9 0 0 13.3 23.4 110 101 12.2 3
"2" "2" 2006-11-03 21.93 "MIL" "@" "TOR" "L" -17 1 30.8166666666667 0.654 0.667 11.1 15.6 13.3 18.3 3.4 2.3 26.7 27.3 100 112 14.7 4.5
"3" "3" 2006-11-04 21.93 "MIL" "" "SAC" "W" 13 1 29.9166666666667 0.803 0.7 5 22.9 15.8 12 1.8 0 27.7 28.4 118 95 15.4 2.7
"4" "4" 2006-11-06 21.94 "MIL" "@" "CHI" "L" -25 1 29.8666666666667 0.444 0.2 0 12.4 6.3 15.9 0 2.3 12.9 12 94 117 4.8 -2.2
"5" "5" 2006-11-08 21.95 "MIL" "" "HOU" "L" -4 1 22.2 0.4 0.286 0 17.5 8.5 29.1 0 3.5 10.2 21.7 90 111 4.7 -1.1
"6" "6" 2006-11-10 21.95 "MIL" "@" "WAS" "L" -5 1 36.65 0.593 0.6 2.9 12.5 7.5 7.2 0 0 7.3 15.5 120 124 9.1 -3.5
"7" "7" 2006-11-11 21.95 "MIL" "" "UTA" "L" -2 1 35.4333333333333 0.483 0.5 7.1 19.4 13 23.5 2.8 0 24.4 15.3 97 114 9.1 -1
"8" "8" 2006-11-14 21.96 "MIL" "@" "ATL" "W" 2 1 40.4833333333333 0.697 0.75 5.9 18.7 12.2 0 0 0 39.2 17.1 86 112 5.4 -5.2
"9" "9" 2006-11-15 21.96 "MIL" "@" "NJN" "L" -13 1 26.5333333333333 0 0 0 23.3 9.6 23.3 5.7 0 29.1 11.8 29 97 0.2 -4.8
"10" "10" 2006-11-18 21.97 "MIL" "" "IND" "L" -2 1 30.15 0.643 0.6 11.9 29.2 21.5 12 0 0 8.4 17.9 132 105 12.6 1.6
"11" "11" 2006-11-21 21.98 "MIL" "@" "IND" "L" -5 1 33.1 0.5 0.5 9.9 16.9 13.3 5.8 0 0 17.6 23 89 103 7.5 -4.2
"12" "12" 2006-11-22 21.98 "MIL" "" "PHI" "W" 4 1 30.5666666666667 0.608 0.625 10.5 23.6 16.6 26 0 2.6 8 19 127 102 14.4 6.2
"13" "13" 2006-11-25 21.99 "MIL" "" "BOS" "L" -13 1 37.5666666666667 0.654 0.583 6.9 21.9 14.2 4.6 2.9 0 22.5 23 105 121 13.5 -2.2
"14" "14" 2006-11-28 22 "MIL" "@" "LAL" "W" 4 1 32.2 0.364 0.364 8.1 25.5 17.2 12.1 3 0 15.4 17.7 81 102 5.9 -5.2
"15" "15" 2006-12-01 22.01 "MIL" "@" "PHO" "L" -6 1 33.3833333333333 0.405 0.389 9.8 36.9 22.5 13.5 0 0 0 12.2 121 123 8.8 -0.2
"16" "16" 2006-12-02 22.01 "MIL" "@" "GSW" "W" 5 1 32.2833333333333 0.698 0.714 11.7 19.1 15.4 13.3 1.5 2.8 27.6 13.6 113 110 10.5 0.6
"17" "17" 2006-12-04 22.02 "MIL" "@" "UTA" "L" -13 1 25.0833333333333 0.375 0.375 8.5 31 18.7 0 0 0 27.3 19.8 62 112 1.4 -12.7
"18" "18" 2006-12-06 22.02 "MIL" "" "POR" "W" 8 1 39.2 0.6 0.6 10.7 34.7 22.8 11.9 0 0 37.5 10.4 97 101 6.3 -3.7
"19" "19" 2006-12-08 22.03 "MIL" "" "MEM" "W" 6 1 30.8333333333333 0.698 0.714 8.6 12.6 10.7 14.1 5.4 0 20.2 15.4 123 101 11.9 5.4
"20" "20" 2006-12-09 22.03 "MIL" "@" "NYK" "L" -8 1 15.6 0.2 0.2 0 23.1 11.4 14.3 0 0 16.7 17.7 56 124 -1 -13.8
"21" "21" 2006-12-12 22.04 "MIL" "" "SEA" "W" 1 1 38.55 0.858 0.875 10.4 20.2 15.4 28.4 0 0 17.7 14 146 106 18.5 8.4
"22" "22" 2006-12-13 22.04 "MIL" "@" "NJN" "L" -13 1 36.1666666666667 0.856 0.857 16.6 27.3 21.5 25.5 1.5 2.4 31.3 16.1 125 119 17.7 6.1
"23" "23" 2006-12-15 22.05 "MIL" "@" "CHI" "L" -6 1 29.2666666666667 0.4 0.4 3 17.1 9.6 8.3 0 0 0 6.9 110 121 3.3 -6.7
"24" "24" 2006-12-16 22.05 "MIL" "" "MIN" "W" 4 1 33.7833333333333 0.581 0.583 20.3 24.4 22.3 12.9 0 2.3 22.5 23.3 107 112 12.5 -1.6
"25" "25" 2006-12-20 22.06 "MIL" "" "MIA" "W" 26 1 27.8333333333333 0.882 0.857 9.3 17.2 13.4 26.4 0 8.8 9.4 17.8 175 100 20.9 16.2
"26" "26" 2006-12-22 22.07 "MIL" "@" "MIN" "W" 6 1 37.95 0.394 0.375 5.1 27.3 14.5 22 0 4.2 18.4 11.8 98 109 8.7 -0.2
"27" "27" 2006-12-23 22.07 "MIL" "" "NJN" "W" 11 1 33.2833333333333 0.922 0.875 4.5 25 17.2 21.9 1.5 2.3 9.3 14.5 174 102 20.8 11.3
"28" "28" 2006-12-26 22.08 "MIL" "@" "SAS" "W" 7 1 38.9 0.636 0.636 10.6 21.9 17 8.9 0 2.2 31.3 18.8 100 116 9.8 -3.4
"29" "29" 2006-12-27 22.08 "MIL" "@" "MEM" "W" 16 1 29.3833333333333 0.72 0.769 14.9 12.3 13.6 17.7 0 0 12.6 23.5 133 110 17.1 5.9
"30" "30" 2006-12-29 22.08 "MIL" "@" "CLE" "L" -10 1 33.3 0.403 0.357 16 25.9 20.6 0 1.5 0 11.8 20.5 96 110 7.6 -3.4
"31" "31" 2006-12-30 22.09 "MIL" "" "WAS" "W" 17 1 31.1833333333333 0.543 0.5 21 18.8 19.9 11.6 1.7 2.2 0 17.6 144 106 16.6 4.4
"32" "32" 2007-01-03 22.1 "MIL" "@" "WAS" "L" -3 1 32.85 0.667 0.667 3.3 13.3 8.3 21.9 1.5 0 57.1 9 86 114 5 -3.6
"33" "33" 2007-01-05 22.1 "MIL" "" "CLE" "L" -9 1 33.15 0.893 1 7.6 24.1 16.8 12.2 6.8 0 30.9 19.2 122 94 16.5 7.6
"34" "34" 2007-01-08 22.11 "MIL" "@" "DEN" "L" -12 1 25.9833333333333 0.268 0.2 10.1 33.6 20.5 5.9 3.9 0 0 26.9 76 98 4.1 -9
"35" "35" 2007-01-10 22.12 "MIL" "" "TOR" "L" -13 1 41.9166666666667 0.535 0.533 24.5 27.9 26.1 20.1 1.4 0 23.9 24 99 104 15.1 1.1
"36" "36" 2007-01-12 22.12 "MIL" "@" "PHI" "L" -13 1 40.3333333333333 0.617 0.643 25.5 45.8 35.3 7.6 0 1.9 11 20 128 117 22.3 3.5
"37" "37" 2007-01-15 22.13 "MIL" "@" "CHA" "W" 8 1 38.3666666666667 0.805 0.8 8.9 20.9 15.3 32.7 0 6.3 5.6 21.6 165 104 29.9 19.9
"38" "38" 2007-01-17 22.14 "MIL" "" "CHI" "L" -9 1 39.3666666666667 0.387 0.333 2.4 20.3 10.6 13.3 1.2 1.9 39.2 13.3 61 99 1.8 -6
"39" "39" 2007-01-19 22.14 "MIL" "@" "SEA" "L" -27 1 32.9833333333333 0.636 0.636 7.9 15.3 11 23.2 3.2 3.9 21.4 18.4 105 105 13.7 4.7
"40" "40" 2007-01-21 22.15 "MIL" "@" "POR" "L" -4 1 42.7666666666667 0.581 0.583 10 9.1 9.6 9.3 1.3 0 6.8 16.5 125 116 13.5 0.1
"41" "41" 2007-01-23 22.15 "MIL" "@" "LAC" "L" -19 1 19.25 0.429 0.429 5.9 6.2 6.1 23.7 2.6 0 0 16.6 108 119 4 -3.2
"42" "42" 2007-01-24 22.16 "MIL" "@" "SAC" "L" -8 1 42.4833333333333 0.571 0.571 6.3 18.3 12.4 3.5 2.5 0 20.2 10.7 103 121 8 -3.8
"43" "43" 2007-01-26 22.16 "MIL" "" "PHO" "L" -8 1 39.0166666666667 0.43 0.444 7.7 14.3 10.8 15.8 1.3 0 25.6 17.5 82 105 5.5 -2.6
"44" "44" 2007-01-28 22.17 "MIL" "" "NYK" "W" 2 1 36.55 0.52 0.563 9.4 16.8 13.3 4.1 0 0 0 20.5 117 112 13.4 -0.3
"45" "45" 2007-01-30 22.17 "MIL" "@" "MIA" "L" -30 1 26.2833333333333 0.5 0.5 7.9 11.8 9.5 7.4 4.1 2.8 14.3 12.5 100 117 7.4 0.9
"46" "46" 2007-01-31 22.18 "MIL" "@" "ORL" "L" -25 1 31.9833333333333 0.429 0.429 0 23.3 11.7 31.6 1.7 0 17.6 25.8 79 103 5.1 -1.9
"47" "47" 2007-02-02 22.18 "MIL" "@" "DET" "L" -10 1 40.7333333333333 0.52 0.5 5.9 29.5 18.2 15.1 0 1.8 12.9 26.8 100 106 14.1 1.6
"48" "48" 2007-02-03 22.18 "MIL" "" "MIA" "L" -19 1 36.0833333333333 0.4 0.4 0 23.3 11.2 11.3 0 4 37.5 9.3 66 119 1.9 -7.1
"49" "49" 2007-02-06 22.19 "MIL" "" "ORL" "W" 5 1 27.8833333333333 0.254 0.286 7.8 27.9 17 14.5 0 3 0 12.5 87 113 3.1 -8.7
"50" "50" 2007-02-08 22.2 "MIL" "@" "NOK" "L" -8 1 49.55 0.479 0.5 4.2 11 7.8 0 0 1.4 16.1 12 87 107 5.3 -6.4
"51" "51" 2007-02-10 22.2 "MIL" "" "DEN" "L" -7 1 30.6 0.45 0.5 8.5 37.3 23.8 4.4 0 2.3 0 13.5 106 110 7.4 -4.3
"52" "52" 2007-02-13 22.21 "MIL" "" "DAL" "L" -6 1 42.2833333333333 0.551 0.455 13.5 34.9 23.8 13.4 0 0 6.4 17.5 125 111 16.5 3.1
"53" "53" 2007-02-14 22.21 "MIL" "@" "BOS" "L" -20 1 39.7666666666667 0.541 0.571 6.2 21.9 13.4 24.7 1.4 0 26.5 13.4 109 134 9.8 -1.5
"54" "54" 2007-02-20 22.23 "MIL" "" "DET" "L" -1 1 38.8833333333333 0.697 0.667 6.3 10.5 8.6 24.1 0 0 8.5 15.3 141 103 14.6 8.9
"55" "55" 2007-02-21 22.23 "MIL" "@" "IND" "L" -7 1 38.1 0.552 0.6 6.9 13 10 4.7 2.6 2.1 14.9 23.3 98 115 11.1 -4.1
"56" "56" 2007-02-23 22.24 "MIL" "@" "NYK" "L" -2 1 43.6666666666667 0.428 0.4 7.7 16.1 11.8 13.1 1.2 2.2 8.3 25.7 96 105 11.5 -4
"57" "57" 2007-02-24 22.24 "MIL" "" "PHI" "W" 19 1 28.5166666666667 0.507 0.5 10.9 32.4 20.7 0 0 0 31.1 21.7 78 104 3.1 -11.6
"58" "58" 2007-02-27 22.25 "MIL" "" "GSW" "W" 21 1 31.25 0.574 0.6 7.3 37.6 23.6 7.7 0 4.5 15 18.1 109 96 13 -0.2
"59" "59" 2007-03-02 22.26 "MIL" "@" "TOR" "W" 13 1 38.4666666666667 0.587 0.571 5.7 25.5 15.6 13.9 1.4 0 0 18.9 131 89 17 6.7
"60" "60" 2007-03-04 22.26 "MIL" "" "CHI" "L" -5 1 43.0333333333333 0.514 0.5 14 20.5 16.9 18.5 0 2 13.7 14.7 121 119 13.8 0.5
"61" "61" 2007-03-05 22.27 "MIL" "@" "ORL" "L" -18 1 25.8666666666667 0 0 4.3 12 7.5 0 4.2 0 75 7.2 12 109 -2 -11.6
"62" "62" 2007-03-07 22.27 "MIL" "" "LAL" "W" 20 1 35.3166666666667 0.854 0.833 9.4 16 12.9 22.3 1.6 2.5 18.9 22.5 144 103 21.6 10.1
"63" "63" 2007-03-10 22.28 "MIL" "" "CLE" "L" -2 1 39.45 0.604 0.556 12.5 28.6 20 0 2.7 0 21.8 16.9 104 101 11.7 -2.2
"64" "64" 2007-03-12 22.28 "MIL" "" "TOR" "L" -15 1 34.8833333333333 0.51 0.6 12.1 17.6 15.1 35.7 0 0 33.8 11.9 102 118 6.7 1.4
"65" "65" 2007-03-15 22.29 "MIL" "" "SAS" "W" 11 1 41.2833333333333 0.689 0.667 11.6 24.9 19.4 21.8 0 0 29.8 15.8 118 107 12.1 2.2
"66" "66" 2007-03-17 22.3 "MIL" "" "CHA" "W" 6 1 40.1 0.666 0.636 6 26.9 16.5 4.5 0 0 7.3 15.9 132 104 14.7 2.4
"67" "" 2007-03-21 22.31 "MIL" "" "LAC" "L" -1 NA NA NA NA NA NA NA NA NA NA NA NA NA NA NA NA
"68" "" 2007-03-25 22.32 "MIL" "" "DET" "L" -26 NA NA NA NA NA NA NA NA NA NA NA NA NA NA NA NA
"69" "" 2007-03-26 22.32 "MIL" "@" "HOU" "L" -19 NA NA NA NA NA NA NA NA NA NA NA NA NA NA NA NA
"70" "" 2007-03-28 22.33 "MIL" "@" "DAL" "L" -2 NA NA NA NA NA NA NA NA NA NA NA NA NA NA NA NA
"71" "" 2007-03-30 22.33 "MIL" "@" "CHA" "L" -16 NA NA NA NA NA NA NA NA NA NA NA NA NA NA NA NA
"72" "" 2007-04-01 22.34 "MIL" "" "WAS" "L" -14 NA NA NA NA NA NA NA NA NA NA NA NA NA NA NA NA
"73" "" 2007-04-03 22.35 "MIL" "" "NOK" "L" -18 NA NA NA NA NA NA NA NA NA NA NA NA NA NA NA NA
"74" "" 2007-04-04 22.35 "MIL" "" "BOS" "W" 9 NA NA NA NA NA NA NA NA NA NA NA NA NA NA NA NA
"75" "" 2007-04-06 22.35 "MIL" "@" "ATL" "L" -13 NA NA NA NA NA NA NA NA NA NA NA NA NA NA NA NA
"76" "" 2007-04-07 22.36 "MIL" "" "NYK" "L" -5 NA NA NA NA NA NA NA NA NA NA NA NA NA NA NA NA
"77" "" 2007-04-09 22.36 "MIL" "" "ORL" "L" -23 NA NA NA NA NA NA NA NA NA NA NA NA NA NA NA NA
"78" "" 2007-04-11 22.37 "MIL" "" "IND" "L" -6 NA NA NA NA NA NA NA NA NA NA NA NA NA NA NA NA
"79" "" 2007-04-13 22.37 "MIL" "@" "BOS" "W" 2 NA NA NA NA NA NA NA NA NA NA NA NA NA NA NA NA
"80" "" 2007-04-14 22.38 "MIL" "" "CHA" "L" -21 NA NA NA NA NA NA NA NA NA NA NA NA NA NA NA NA
"81" "" 2007-04-16 22.38 "MIL" "" "ATL" "W" 6 NA NA NA NA NA NA NA NA NA NA NA NA NA NA NA NA
"82" "" 2007-04-18 22.39 "MIL" "@" "CLE" "L" -13 NA NA NA NA NA NA NA NA NA NA NA NA NA NA NA NA
"1" "1" 2007-10-31 22.92 "MIL" "@" "ORL" "L" -19 1 29.5666666666667 0.222 0.222 12.7 29.1 19.8 21.8 1.8 0 18.2 16.1 70 111 4 -4.6
"2" "2" 2007-11-02 22.93 "MIL" "@" "CHA" "L" -3 1 34.1833333333333 0.431 0.455 22.2 32.9 28.1 8 0 11.7 7.3 17.2 108 97 13.1 1.1
"3" "3" 2007-11-03 22.93 "MIL" "" "CHI" "W" 6 1 18.3 0.375 0.375 5.5 11.9 8.6 0 0 0 20 25.4 63 87 -1.1 -15.2
"4" "4" 2007-11-06 22.94 "MIL" "" "TOR" "W" 27 1 32.5166666666667 0.536 0.556 4.3 34.3 21.1 11.2 1.6 2.5 26.3 22 88 86 9.6 -1.4
"5" "5" 2007-11-09 22.95 "MIL" "@" "HOU" "L" -16 1 29.05 0.367 0.273 10.5 7.3 9 0 1.8 0 6.8 22.9 84 118 3.8 -8.8
"6" "6" 2007-11-11 22.95 "MIL" "@" "SAS" "L" -25 1 20.8333333333333 0.556 0.556 4.4 15.9 8.5 20.5 0 4.6 10 21.4 109 126 6.1 -1.5
"7" "7" 2007-11-14 22.96 "MIL" "" "MEM" "W" 3 1 41.1166666666667 0.64 0.643 9.9 22.8 15.9 0 0 7.3 10 21.4 122 109 20 0.8
"8" "8" 2007-11-17 22.97 "MIL" "" "ATL" "W" 9 1 35.05 0.626 0.667 18 15.6 16.7 4.4 4.4 7.7 10.7 24 120 93 20.8 6.4
"9" "9" 2007-11-20 22.98 "MIL" "@" "CLE" "W" 4 1 36.7166666666667 0.607 0.556 8.7 7.1 8 8.3 0 8.4 23.3 15.6 108 117 9.6 -4.2
"10" "10" 2007-11-21 22.98 "MIL" "" "LAL" "W" 7 1 24.5333333333333 0.547 0.545 0 20.1 10.7 34.6 2 7.8 0 22.1 121 99 12 9.1
"11" "11" 2007-11-24 22.99 "MIL" "" "DAL" "W" 2 1 39.1 0.531 0.5 10.5 30 21.5 9.6 1.4 4 0 19.5 123 103 16.8 3.4
"12" "12" 2007-11-27 23 "MIL" "" "PHI" "L" -15 1 28.0666666666667 0.381 0.286 19 18 18.5 5.1 0 5.3 20.2 17 92 133 5.2 -9.9
"13" "13" 2007-11-28 23 "MIL" "@" "ATL" "L" -16 1 36.5333333333333 0.634 0.583 3.9 34.6 20.1 0 1.6 8.3 22 24.6 100 105 13.9 0.5
"14" "14" 2007-11-30 23.01 "MIL" "@" "NYK" "L" -3 1 30.75 0.833 0.833 0 38 19 0 0 7.8 33.3 14.6 102 96 8.4 0.5
"15" "15" 2007-12-01 23.01 "MIL" "" "DET" "L" -26 1 22.6833333333333 0.625 0.625 0 16.3 9.5 7.4 0 0 11.1 19.4 109 131 5.4 -5.3
"16" "16" 2007-12-04 23.02 "MIL" "@" "LAC" "W" 9 1 39.55 0.779 0.8 10.4 28 19.7 10.4 1.4 9.2 7.6 16.2 149 83 22.2 12.3
"17" "17" 2007-12-05 23.02 "MIL" "@" "GSW" "L" -30 1 28.1333333333333 0.694 0.8 10.9 22.4 16.1 12.1 0 5.3 29.4 14.4 102 120 9.1 -1.7
"18" "18" 2007-12-07 23.02 "MIL" "@" "SEA" "L" -6 1 41.2833333333333 0.385 0.375 6.3 25.8 14.1 12.9 1.3 5.8 10.6 19.5 87 107 9.1 -3.9
"19" "19" 2007-12-09 23.03 "MIL" "@" "POR" "L" -4 1 42.95 0.563 0.5 11.8 4.3 8.7 4.1 1.3 0 9.7 21.5 120 129 13.4 -4.7
"20" "20" 2007-12-10 23.03 "MIL" "@" "SAC" "L" -3 1 38.7833333333333 0.418 0.4 14.7 13 13.9 17.3 0 0 15.2 23.6 93 113 7.6 -5.9
"21" "21" 2007-12-12 23.04 "MIL" "" "ORL" "W" 14 1 30.8833333333333 0.698 0.714 0 28 16.3 11.4 1.6 3.3 33.7 17.3 87 79 7.1 1.8
"22" "22" 2007-12-14 23.04 "MIL" "@" "BOS" "L" -22 1 23.3166666666667 0.42 0.333 4.8 10.3 7.4 19.3 2.3 0 29.6 13.3 82 117 3.1 -2.7
"23" "23" 2007-12-15 23.05 "MIL" "" "MIN" "W" 3 1 37.6666666666667 0.4 0.4 12.4 31.9 21.5 22.8 0 0 9.1 15.1 109 111 8.6 -6.7
"24" "24" 2007-12-17 23.05 "MIL" "@" "CLE" "L" -5 1 40.3333333333333 0.508 0.571 2.9 19 11.2 4.3 0 3.7 27.6 13.1 75 101 3.8 -5.9
"25" "25" 2007-12-19 23.06 "MIL" "" "SAC" "L" -13 1 36.75 0.551 0.6 15.8 23.4 20 20 4.5 11.7 26.9 19.8 98 103 16 5.3
"26" "26" 2007-12-22 23.07 "MIL" "" "CHA" "W" 4 1 37.9666666666667 0.489 0.462 19.5 14 16.9 3.5 0 4 6.5 17.3 118 110 12.2 -3.5
"27" "27" 2007-12-26 23.08 "MIL" "@" "DEN" "L" -20 1 26.6166666666667 0.338 0.25 14.7 25 19.1 5.2 3.5 2.7 18.4 16.4 80 115 5.3 -8.8
"28" "28" 2007-12-28 23.08 "MIL" "@" "CHI" "L" -4 1 38.2833333333333 0.476 0.5 10.7 22.5 16 11 1.3 4 11.3 20.1 97 107 13.8 -1.9
"29" "29" 2007-12-29 23.08 "MIL" "" "NJN" "L" -2 1 37.9333333333333 0.256 0.25 13 16.6 14.8 20.8 2.8 4.2 17 14.8 79 104 7.4 -2.7
"30" "30" 2007-12-31 23.09 "MIL" "@" "DET" "L" -45 1 31.6333333333333 0.5 0.5 10.1 20.9 14.4 15.2 3.5 0 20 14.5 95 125 8.3 -0.1
"31" "31" 2008-01-02 23.1 "MIL" "@" "MIA" "W" 5 1 39.3 0.533 0.5 3.6 38.4 21.2 7.7 0 2.1 14.1 16.5 106 106 9.7 -3.5
"32" "32" 2008-01-04 23.1 "MIL" "" "WAS" "L" -24 1 28.6333333333333 0.385 0.385 10.5 19.7 14.3 31 0 0 7.1 22.8 92 119 7.6 -1.5
"33" "33" 2008-01-06 23.11 "MIL" "@" "CHA" "W" 4 1 35.3666666666667 0.691 0.667 6.5 24 14.3 18.2 0 0 5.2 25.9 144 109 20.4 7.4
"34" "34" 2008-01-08 23.11 "MIL" "@" "PHI" "W" 4 1 39.5333333333333 0.604 0.556 12.8 20.2 16.9 13.5 1.4 5.4 27.1 17.9 102 89 13.1 1.2
"35" "35" 2008-01-09 23.12 "MIL" "" "MIA" "W" 6 1 37.0666666666667 0.79 0.778 6.8 16.9 12.3 10.4 4.2 0 21.8 17 123 93 15.7 3.6
"36" "36" 2008-01-11 23.12 "MIL" "@" "LAL" "L" -5 1 29.6 0.493 0.417 8.5 29.8 20.5 23.9 0 5.2 6.6 22.4 114 109 13.2 3.4
"37" "37" 2008-01-12 23.12 "MIL" "@" "PHO" "L" -8 1 37.3833333333333 0.816 0.875 12 35.4 23.2 12.8 0 0 5.3 24.1 159 139 26.6 8.7
"38" "38" 2008-01-14 23.13 "MIL" "@" "UTA" "L" -11 1 39.5166666666667 0.741 0.75 6.9 27.8 17.4 15.8 0 2.1 20.5 23 122 106 17.6 5.3
"39" "39" 2008-01-16 23.13 "MIL" "" "ATL" "W" 7 1 39.6166666666667 0.599 0.571 10.1 16.5 13.2 10.4 0 7.8 5.4 20.9 128 89 21 9.9
"40" "40" 2008-01-19 23.14 "MIL" "" "GSW" "L" -20 1 38.0166666666667 0.585 0.5 10.5 30.5 19.4 13.9 2.7 2.3 25 28.8 97 120 14.6 -2.4
"41" "41" 2008-01-21 23.15 "MIL" "@" "NOH" "L" -14 1 35.7166666666667 0.412 0.429 16 27.4 22.2 10.4 0 4.3 11.3 24.7 93 118 10.5 -3.9
"42" "42" 2008-01-22 23.15 "MIL" "" "PHO" "L" -9 1 40.8 0.563 0.563 14.3 24.8 19.4 16.6 1.3 2.1 10.6 20.1 120 120 18.6 2.4
"43" "43" 2008-01-24 23.16 "MIL" "" "IND" "W" 12 1 31.45 0.604 0.636 0 26.7 13 16.2 0 9.3 12.4 24.5 108 101 13.6 1.8
"44" "44" 2008-01-25 23.16 "MIL" "@" "TOR" "L" -31 1 19.1166666666667 0.524 0.6 0 14.3 6.4 10.7 0 0 20.7 24.8 86 130 2.2 -6.7
"45" "45" 2008-01-27 23.16 "MIL" "" "WAS" "W" 3 1 41.0166666666667 0.503 0.471 18 25.3 21.8 27 1.4 0 10.1 22.9 121 108 17.8 2.1
"46" "46" 2008-01-29 23.17 "MIL" "@" "NJN" "L" -7 1 38.6333333333333 0.491 0.556 5 21.7 12.4 10.4 2.9 4.3 15.2 16.5 88 96 10.2 -1.4
"47" "47" 2008-01-30 23.17 "MIL" "@" "PHI" "L" -43 1 29.9666666666667 0.282 0.25 4 12.6 8.2 26.9 3.6 6.9 36 23.2 51 115 1.3 -7.7
"48" "48" 2008-02-02 23.18 "MIL" "" "HOU" "L" -8 1 43.3666666666667 0.492 0.5 4.3 9.2 6.4 0 0 7.8 4.5 25.6 98 109 12.3 -1.3
"49" "49" 2008-02-05 23.19 "MIL" "@" "MEM" "W" 5 1 37.1166666666667 0.403 0.357 2.9 13.6 7.8 10.3 1.4 2.7 6.3 19.1 97 105 8.5 -3.5
"50" "50" 2008-02-06 23.19 "MIL" "@" "DAL" "L" -11 1 37.2666666666667 0.566 0.526 9.2 36.3 22.3 10.7 1.5 2 8.6 29.4 118 113 20.4 6.1
"51" "51" 2008-02-09 23.2 "MIL" "" "NYK" "L" -1 1 26.9333333333333 0.489 0.429 12.2 13 12.6 23.3 0 11.5 17.9 18.8 103 105 8.7 0.1
"52" "52" 2008-02-11 23.21 "MIL" "" "LAC" "L" -7 1 33.7 0.296 0.25 18.6 17.4 18 9.7 0 7.9 0 21.8 89 99 9.1 -2.7
"53" "53" 2008-02-13 23.21 "MIL" "" "NOH" "L" -4 1 32.5833333333333 0.45 0.375 11 19 14.5 16.6 0 0 0 13.3 128 132 9.7 -3.6
"54" "54" 2008-02-20 23.23 "MIL" "" "DET" "W" 5 1 36.2833333333333 0.387 0.333 22.6 20.1 21.3 9.3 0 4.6 10 24.7 98 109 11.3 -4.5
"55" "55" 2008-02-22 23.24 "MIL" "@" "DET" "L" -27 1 28.4166666666667 0.486 0.4 14.5 8.7 11.4 5.6 0 0 8.1 19.9 110 145 8 -6
"56" "56" 2008-02-23 23.24 "MIL" "" "DEN" "W" 6 1 43.6 0.505 0.455 15.1 34.1 23.7 6.4 1.1 1.7 25.2 14 100 103 12.6 -1.7
"57" "57" 2008-02-26 23.25 "MIL" "" "CLE" "W" 3 1 38.9333333333333 0.412 0.333 11.2 11.7 11.5 0 2.8 2.1 4.9 24.6 96 111 10.8 -6.4
"58" "58" 2008-02-28 23.25 "MIL" "@" "NJN" "L" -14 1 36.35 0.688 0.688 10.4 35.2 23.9 20 1.5 4.1 15.8 23.1 129 121 21.1 6.1
"59" "59" 2008-03-01 23.26 "MIL" "" "SAS" "L" -2 1 40.8666666666667 0.489 0.462 15 25.8 20 9.1 2.5 4.4 0 19 119 97 18.8 6
"60" "60" 2008-03-02 23.26 "MIL" "@" "IND" "L" -22 1 27.6333333333333 0.558 0.556 5.4 26.4 14.2 23.7 0 2.6 7.9 17.1 126 125 12.3 5
"61" "61" 2008-03-05 23.27 "MIL" "" "SEA" "W" 12 1 40.95 0.567 0.6 9.6 25.7 16.9 23.8 2.2 6 13.9 21.3 111 94 22.7 4.6
"62" "62" 2008-03-07 23.27 "MIL" "" "POR" "L" -2 1 33.9333333333333 0.558 0.556 3.6 25.7 13.8 13.3 1.6 0 0 15.4 127 116 12.5 1.5
"63" "63" 2008-03-09 23.28 "MIL" "" "PHI" "L" -22 1 27.4 0.102 0 0 11.7 5.1 30.7 3.9 0 29.1 11.3 62 128 2.5 -3
"64" "64" 2008-03-11 23.28 "MIL" "@" "WAS" "L" -8 1 40.4333333333333 0.493 0.5 15.2 17.8 16.4 9.5 1.2 4.8 7.9 25.4 110 107 18.1 1.9
"65" "65" 2008-03-12 23.29 "MIL" "" "UTA" "L" -4 1 36.4666666666667 0.533 0.444 12.5 43.9 26.3 11.1 1.4 9.7 16.2 14.1 117 107 15.4 4.6
"66" "" 2008-03-15 23.3 "MIL" "" "BOS" "L" -22 NA NA NA NA NA NA NA NA NA NA NA NA NA NA NA NA
"67" "" 2008-03-18 23.3 "MIL" "" "MIA" "L" -6 NA NA NA NA NA NA NA NA NA NA NA NA NA NA NA NA
"68" "66" 2008-03-22 23.32 "MIL" "" "CLE" "W" 10 1 40.95 0.402 0.421 6.3 28.8 19.5 7.2 0 5.2 9.1 25.3 81 96 11.1 -5.3
"69" "67" 2008-03-24 23.32 "MIL" "@" "MIA" "L" -5 1 40.3333333333333 0.481 0.429 17.7 27.7 22.5 12 1.5 0 19.4 23.6 97 91 12.5 0.8
"70" "68" 2008-03-26 23.33 "MIL" "@" "ATL" "L" -19 1 31.0166666666667 0.654 0.611 25.1 15 20.5 29.5 1.8 8.3 12.7 33.5 134 125 25.6 13.6
"71" "" 2008-03-28 23.33 "MIL" "" "ORL" "L" -17 NA NA NA NA NA NA NA NA NA NA NA NA NA NA NA NA
"72" "" 2008-03-29 23.33 "MIL" "@" "CHI" "L" -3 NA NA NA NA NA NA NA NA NA NA NA NA NA NA NA NA
"73" "69" 2008-04-01 23.34 "MIL" "" "NYK" "W" 4 1 40.2833333333333 0.685 0.643 8.8 26.3 18 0 1.2 0 22.2 24.5 108 106 17.3 -2.7
"74" "70" 2008-04-02 23.35 "MIL" "@" "WAS" "W" 1 1 35.4333333333333 0.683 0.667 10.7 25.6 18.1 19.3 0 2.3 17 22.1 127 116 18.6 4.6
"75" "71" 2008-04-04 23.35 "MIL" "" "IND" "L" -4 1 40.1833333333333 0.501 0.471 9.6 38.7 22 4.4 1.2 6.8 8.7 23.4 102 100 17.3 1.1
"76" "72" 2008-04-06 23.36 "MIL" "@" "IND" "L" -8 1 39.05 0.694 0.75 12 23.6 18.5 11.7 1.3 6 20.7 16.4 120 103 18 6
"77" "73" 2008-04-08 23.36 "MIL" "" "BOS" "L" -3 1 46.2 0.439 0.357 11.9 31.9 20.5 20.3 2.2 9 36.9 25.3 71 96 10 -3.6
"78" "74" 2008-04-09 23.36 "MIL" "@" "TOR" "L" -18 1 33.2833333333333 0.5 0.5 15 17 15.8 9.7 1.6 3.8 16.7 16.1 106 120 10.3 -0.9
"79" "75" 2008-04-11 23.37 "MIL" "@" "BOS" "L" -16 1 35.2666666666667 0.543 0.5 2.6 17.4 9 17.9 1.5 0 0 16.5 126 116 11.7 1.2
"80" "76" 2008-04-12 23.37 "MIL" "" "NJN" "L" -13 1 34.5666666666667 0.451 0.333 8.4 28.7 17.9 4.1 3.1 0 39.2 17.5 68 118 3.7 -10.3
"81" "77" 2008-04-14 23.38 "MIL" "" "CHI" "L" -16 1 30.15 0.728 0.727 11.6 26.5 17.9 12.8 3.1 4.5 10.4 26.1 141 137 24.4 4.6
"82" "78" 2008-04-16 23.38 "MIL" "@" "MIN" "L" -9 1 39.3166666666667 0.667 0.667 13.5 24.5 19.3 10.4 0 0 5.3 21.5 132 106 22.3 6.3
"1" "1" 2008-10-28 23.92 "MIL" "@" "CHI" "L" -13 1 25.95 0.922 1 14.2 22.4 18 0 2.1 3.2 38.1 13.8 107 114 7.8 -0.6
"2" "2" 2008-10-29 23.92 "MIL" "@" "OKC" "W" 11 1 30.95 0.717 0.75 21.5 7.4 13.9 12.1 3.5 4.6 38.1 23 97 93 11.3 1.9
"3" "3" 2008-11-01 23.93 "MIL" "" "TOR" "L" -4 1 31.3 0.7 0.7 18.7 18.6 18.7 18.2 3.4 0 23.1 19.3 115 99 14.4 7.4
"4" "4" 2008-11-02 23.93 "MIL" "@" "NYK" "W" 8 1 36.0833333333333 0.492 0.545 6.7 24.4 16.4 4.7 1.4 8.9 18.5 19.9 84 85 10.2 0.1
"5" "5" 2008-11-05 23.94 "MIL" "" "WAS" "W" 8 1 37.5666666666667 0.496 0.571 6.7 33 20.6 7.2 1.4 4.7 28.4 16.6 77 93 7.2 -5.3
"6" "6" 2008-11-07 23.95 "MIL" "@" "BOS" "L" -12 1 25.7 0.417 0.364 0 36.4 17.2 23.8 0 3 7 23.6 92 100 6.3 0.9
"7" "7" 2008-11-08 23.95 "MIL" "" "PHO" "L" -8 1 27.7666666666667 0.282 0.25 15.7 34.6 24.1 0 0 4.2 0 14.4 85 109 3.4 -8.2
"8" "8" 2008-11-11 23.96 "MIL" "@" "CLE" "L" -6 1 19.9333333333333 0.317 0.286 16.1 26.8 20.8 0 2.8 0 20.2 21.9 70 109 0.8 -11.6
"9" "9" 2008-11-12 23.96 "MIL" "" "SAS" "W" 4 1 42.5 0.5 0.5 18 28.2 22.9 17.8 4.3 0 0 12.1 135 90 16.7 6.9
"10" "10" 2008-11-14 23.96 "MIL" "@" "MEM" "W" 5 1 39.8666666666667 0.615 0.625 13 28.3 20.3 0 0 4 41.8 18 76 96 6.1 -6.7
"11" "11" 2008-11-15 23.97 "MIL" "" "BOS" "L" -5 1 41.5166666666667 0.601 0.571 10.6 19.9 14.4 6.1 0 2.6 15.3 21.9 113 112 14.5 3.3
"12" "12" 2008-11-18 23.98 "MIL" "@" "DEN" "L" -9 1 16.0666666666667 1 1 0 27.2 12.6 25.6 0 5.5 80 13.4 56 118 -0.2 -7.3
"13" "13" 2008-11-19 23.98 "MIL" "@" "UTA" "L" -11 1 40.1333333333333 0.512 0.462 8.3 58.1 30.7 12.4 0 1.8 16.1 20.7 101 109 13.5 1.4
"14" "14" 2008-11-21 23.98 "MIL" "" "NYK" "W" 17 1 25.2666666666667 0.636 0.636 21.1 40.2 30.5 19.9 0 3.2 8.3 19.2 135 82 17.6 10.2
"15" "15" 2008-11-22 23.99 "MIL" "@" "CHA" "W" 5 1 41.3833333333333 0.426 0.455 10.5 30.2 21 24.2 0 0 12.4 18.2 94 80 9.8 2.2
"16" "16" 2008-11-24 23.99 "MIL" "@" "ORL" "L" -7 1 22.95 0.81 0.778 9.7 11.3 10.5 8.2 0 0 16.8 22.5 135 115 11.6 5.7
"17" "" 2008-11-26 24 "MIL" "@" "ATL" "L" -6 NA NA NA NA NA NA NA NA NA NA NA NA NA NA NA NA
"18" "" 2008-11-28 24 "MIL" "@" "DET" "L" -10 NA NA NA NA NA NA NA NA NA NA NA NA NA NA NA NA
"19" "" 2008-11-29 24 "MIL" "" "CLE" "L" -12 NA NA NA NA NA NA NA NA NA NA NA NA NA NA NA NA
"20" "17" 2008-12-03 24.01 "MIL" "" "CHI" "W" 7 1 26.7333333333333 0.388 0.333 0 16.7 8.7 5.1 0 2.5 23.7 14.1 67 101 1 -9.3
"21" "18" 2008-12-05 24.02 "MIL" "" "CHA" "W" 5 1 33.9833333333333 0.512 0.5 20.8 20.8 20.8 9.6 0 2.8 17 16.4 112 114 9.9 -1.9
"22" "19" 2008-12-07 24.02 "MIL" "@" "LAL" "L" -13 1 24.0333333333333 0.355 0.375 17.8 22.8 19.8 34.4 0 0 19.2 17.2 91 111 7.4 2.2
"23" "20" 2008-12-09 24.03 "MIL" "@" "PHO" "L" -15 1 26.3833333333333 0.759 0.778 19.8 33.1 25.3 0 1.9 3 0 15.3 165 125 16.1 5.9
"24" "21" 2008-12-10 24.03 "MIL" "@" "GSW" "L" -23 1 28.75 0.625 0.625 7.1 26.6 16.5 5.8 0 2.5 27.3 16.7 96 119 6.7 -4.3
"25" "22" 2008-12-13 24.04 "MIL" "" "IND" "W" 18 1 41 0.668 0.545 20.1 37.3 29.6 3.3 0 3.5 21.1 19.6 123 101 18.8 0.1
"26" "23" 2008-12-15 24.05 "MIL" "@" "MIA" "W" 15 1 40.1166666666667 0.776 0.833 8.8 24.5 16.5 0 0 0 0 15.7 157 99 18.1 6.2
"27" "24" 2008-12-17 24.05 "MIL" "@" "PHI" "L" -5 1 35.2166666666667 0.615 0.5 13.6 11.9 12.7 14 3 0 45 11.9 92 101 6.1 -1.9
"28" "25" 2008-12-19 24.06 "MIL" "@" "NYK" "W" 24 1 29.1666666666667 0.635 0.571 7.7 42.1 24.9 27.9 1.7 9.1 0 12.1 154 74 16.7 14.3
"29" "26" 2008-12-20 24.06 "MIL" "" "LAC" "W" 34 1 22.6666666666667 0.588 0.625 15.9 20.8 18.6 6 0 0 22.7 25 98 90 6.9 -7.2
"30" "27" 2008-12-23 24.07 "MIL" "" "UTA" "W" 8 1 37.4666666666667 0.514 0.429 5 28.1 15.3 8.8 0 0 18.6 12.5 98 91 6.8 -3.2
"31" "28" 2008-12-27 24.08 "MIL" "" "DET" "L" -11 1 26.4666666666667 0.494 0.4 13.7 24.7 18.7 13.8 2.1 0 5.5 31.6 108 98 13.8 9
"32" "29" 2008-12-30 24.09 "MIL" "@" "SAS" "W" 2 1 44.5166666666667 0.72 0.692 12 30 21 13.8 0 5.5 12.6 17.8 140 108 21.6 6.9
"33" "30" 2008-12-31 24.09 "MIL" "@" "HOU" "L" -4 1 40.0333333333333 0.619 0.625 3.2 26.6 14.6 4.6 0 0 10.1 12.6 112 98 7.4 -0.1
"34" "31" 2009-01-02 24.1 "MIL" "" "CHA" "W" 28 1 26.5833333333333 0.25 0.25 4.8 15 10.5 15.8 2 6.1 33.3 10.6 69 81 2.8 -1.9
"35" "" 2009-01-03 24.1 "MIL" "@" "CHA" "L" -10 NA NA NA NA NA NA NA NA NA NA NA NA NA NA NA NA
"36" "" 2009-01-05 24.1 "MIL" "" "TOR" "W" 10 NA NA NA NA NA NA NA NA NA NA NA NA NA NA NA NA
"37" "" 2009-01-07 24.11 "MIL" "" "PHI" "L" -5 NA NA NA NA NA NA NA NA NA NA NA NA NA NA NA NA
"38" "" 2009-01-09 24.12 "MIL" "" "NJN" "W" 2 NA NA NA NA NA NA NA NA NA NA NA NA NA NA NA NA
"39" "32" 2009-01-10 24.12 "MIL" "@" "MIN" "L" -2 0 27.6833333333333 0.788 0.875 10.5 21.1 16.4 12.4 0 6.1 25.3 21.1 117 113 11.9 3.2
"40" "33" 2009-01-12 24.12 "MIL" "@" "WAS" "W" 6 1 38.5666666666667 0.75 0.75 13.1 18.7 16 13.9 3.1 1.9 14.3 17.4 136 105 18.6 7.2
"41" "34" 2009-01-14 24.13 "MIL" "" "MIA" "L" -3 1 37.1166666666667 0.6 0.6 21 18 19.5 7.3 1.5 4 16.7 14.9 125 119 14.9 2.6
"42" "" 2009-01-16 24.13 "MIL" "@" "SAC" "W" 7 NA NA NA NA NA NA NA NA NA NA NA NA NA NA NA NA
"43" "" 2009-01-17 24.14 "MIL" "@" "LAC" "L" -9 NA NA NA NA NA NA NA NA NA NA NA NA NA NA NA NA
"44" "" 2009-01-19 24.14 "MIL" "@" "POR" "L" -17 NA NA NA NA NA NA NA NA NA NA NA NA NA NA NA NA
"45" "" 2009-01-21 24.15 "MIL" "" "DAL" "W" 34 NA NA NA NA NA NA NA NA NA NA NA NA NA NA NA NA
"46" "" 2009-01-23 24.15 "MIL" "@" "ATL" "L" -30 NA NA NA NA NA NA NA NA NA NA NA NA NA NA NA NA
"47" "" 2009-01-24 24.16 "MIL" "" "SAC" "W" 2 NA NA NA NA NA NA NA NA NA NA NA NA NA NA NA NA
"48" "" 2009-01-26 24.16 "MIL" "" "MIN" "L" -7 NA NA NA NA NA NA NA NA NA NA NA NA NA NA NA NA
"49" "" 2009-01-28 24.17 "MIL" "@" "IND" "L" -8 NA NA NA NA NA NA NA NA NA NA NA NA NA NA NA NA
"50" "35" 2009-01-30 24.17 "MIL" "@" "TOR" "W" 11 0 16.2166666666667 0.689 0.667 16 46.7 31.6 34.3 3.3 4.6 29.8 40.3 99 80 10.2 8.9
"51" "36" 2009-01-31 24.18 "MIL" "" "ATL" "W" 3 0 16.0166666666667 0.571 0.571 8.8 34.1 23.1 23 6.7 5 27.6 33.2 89 96 8.6 4.9
"52" "" 2009-02-03 24.18 "MIL" "@" "NJN" "L" -14 NA NA NA NA NA NA NA NA NA NA NA NA NA NA NA NA
"53" "" 2009-02-07 24.19 "MIL" "" "DET" "L" -5 NA NA NA NA NA NA NA NA NA NA NA NA NA NA NA NA
"54" "" 2009-02-09 24.2 "MIL" "" "HOU" "W" 12 NA NA NA NA NA NA NA NA NA NA NA NA NA NA NA NA
"55" "" 2009-02-11 24.21 "MIL" "" "IND" "W" 12 NA NA NA NA NA NA NA NA NA NA NA NA NA NA NA NA
"56" "" 2009-02-17 24.22 "MIL" "@" "DET" "W" 6 NA NA NA NA NA NA NA NA NA NA NA NA NA NA NA NA
"57" "" 2009-02-18 24.22 "MIL" "" "CHI" "L" -9 NA NA NA NA NA NA NA NA NA NA NA NA NA NA NA NA
"58" "" 2009-02-20 24.23 "MIL" "" "CLE" "L" -8 NA NA NA NA NA NA NA NA NA NA NA NA NA NA NA NA
"59" "" 2009-02-22 24.24 "MIL" "" "DEN" "W" 3 NA NA NA NA NA NA NA NA NA NA NA NA NA NA NA NA
"60" "" 2009-02-25 24.24 "MIL" "@" "DAL" "L" -20 NA NA NA NA NA NA NA NA NA NA NA NA NA NA NA NA
"61" "" 2009-02-27 24.25 "MIL" "@" "NOH" "L" -1 NA NA NA NA NA NA NA NA NA NA NA NA NA NA NA NA
"62" "" 2009-02-28 24.25 "MIL" "" "WAS" "W" 16 NA NA NA NA NA NA NA NA NA NA NA NA NA NA NA NA
"63" "" 2009-03-03 24.26 "MIL" "" "NJN" "L" -4 NA NA NA NA NA NA NA NA NA NA NA NA NA NA NA NA
"64" "" 2009-03-04 24.26 "MIL" "@" "CLE" "L" -18 NA NA NA NA NA NA NA NA NA NA NA NA NA NA NA NA
"65" "" 2009-03-06 24.27 "MIL" "@" "CHI" "L" -15 NA NA NA NA NA NA NA NA NA NA NA NA NA NA NA NA
"66" "" 2009-03-07 24.27 "MIL" "" "GSW" "W" 7 NA NA NA NA NA NA NA NA NA NA NA NA NA NA NA NA
"67" "" 2009-03-10 24.28 "MIL" "" "NYK" "L" -8 NA NA NA NA NA NA NA NA NA NA NA NA NA NA NA NA
"68" "" 2009-03-13 24.29 "MIL" "" "NOH" "L" -9 NA NA NA NA NA NA NA NA NA NA NA NA NA NA NA NA
"69" "" 2009-03-15 24.29 "MIL" "" "BOS" "W" 9 NA NA NA NA NA NA NA NA NA NA NA NA NA NA NA NA
"70" "" 2009-03-18 24.3 "MIL" "" "ORL" "L" -26 NA NA NA NA NA NA NA NA NA NA NA NA NA NA NA NA
"71" "" 2009-03-21 24.31 "MIL" "" "POR" "L" -12 NA NA NA NA NA NA NA NA NA NA NA NA NA NA NA NA
"72" "" 2009-03-25 24.32 "MIL" "@" "TOR" "L" -9 NA NA NA NA NA NA NA NA NA NA NA NA NA NA NA NA
"73" "" 2009-03-27 24.33 "MIL" "@" "ORL" "L" -16 NA NA NA NA NA NA NA NA NA NA NA NA NA NA NA NA
"74" "" 2009-03-28 24.33 "MIL" "@" "MIA" "L" -17 NA NA NA NA NA NA NA NA NA NA NA NA NA NA NA NA
"75" "" 2009-03-30 24.33 "MIL" "@" "NJN" "W" 29 NA NA NA NA NA NA NA NA NA NA NA NA NA NA NA NA
"76" "" 2009-04-01 24.34 "MIL" "" "LAL" "L" -6 NA NA NA NA NA NA NA NA NA NA NA NA NA NA NA NA
"77" "" 2009-04-02 24.34 "MIL" "@" "PHI" "L" -10 NA NA NA NA NA NA NA NA NA NA NA NA NA NA NA NA
"78" "" 2009-04-04 24.35 "MIL" "" "MEM" "L" -5 NA NA NA NA NA NA NA NA NA NA NA NA NA NA NA NA
"79" "" 2009-04-08 24.36 "MIL" "" "ATL" "L" -8 NA NA NA NA NA NA NA NA NA NA NA NA NA NA NA NA
"80" "" 2009-04-11 24.37 "MIL" "" "OKC" "W" 17 NA NA NA NA NA NA NA NA NA NA NA NA NA NA NA NA
"81" "" 2009-04-13 24.37 "MIL" "" "ORL" "W" 18 NA NA NA NA NA NA NA NA NA NA NA NA NA NA NA NA
"82" "" 2009-04-15 24.38 "MIL" "@" "IND" "L" -7 NA NA NA NA NA NA NA NA NA NA NA NA NA NA NA NA
"1" "1" 2009-10-30 24.92 "MIL" "@" "PHI" "L" -13 1 31.4666666666667 0.405 0.444 6 16.1 10.3 0 0 0 16.8 16 73 105 2.3 -7.7
"2" "2" 2009-10-31 24.92 "MIL" "" "DET" "W" 11 1 27.1166666666667 0.361 0.286 8.4 26.6 17.3 0 0 6.4 10.7 15.5 86 94 2.7 -8.9
"3" "3" 2009-11-03 24.93 "MIL" "@" "CHI" "L" -2 1 38 0.554 0.571 7.7 26.3 16.9 9.8 1.4 6 12.2 19.5 103 82 14.2 4.3
"4" "4" 2009-11-06 24.94 "MIL" "@" "MIN" "W" 15 1 27.9 0.539 0.571 14.6 24.6 19.3 34 3.8 2.9 16 29.6 105 72 15.1 10.2
"5" "5" 2009-11-07 24.94 "MIL" "" "NYK" "W" 15 1 31.15 0.661 0.571 7.2 20.5 14 21.5 0 2.4 10.7 25.2 136 91 19.3 10.7
"6" "6" 2009-11-11 24.95 "MIL" "" "DEN" "W" 6 1 37.6833333333333 0.705 0.667 7.3 21.2 15.3 4.7 1.3 7.3 10.9 21 133 100 21.2 7.9
"7" "7" 2009-11-14 24.96 "MIL" "" "GSW" "W" 4 1 32.5666666666667 0.649 0.75 10 35.7 21.1 8.5 0 2.4 17 22 115 123 13.8 -2.3
"8" "8" 2009-11-16 24.97 "MIL" "" "DAL" "L" -2 1 39.1166666666667 0.505 0.5 5.1 12.9 8.6 3.8 2.7 0 13.4 17.3 96 115 9.5 -5.1
"9" "9" 2009-11-18 24.97 "MIL" "" "NJN" "W" 14 1 37.0333333333333 0.556 0.556 9.5 22.1 16.2 14.9 0 2 9.6 25.4 111 91 16.1 2
"10" "" 2009-11-20 24.98 "MIL" "" "CHA" "W" 7 NA NA NA NA NA NA NA NA NA NA NA NA NA NA NA NA
"11" "" 2009-11-21 24.98 "MIL" "@" "MEM" "W" 5 NA NA NA NA NA NA NA NA NA NA NA NA NA NA NA NA
"12" "" 2009-11-23 24.99 "MIL" "@" "SAS" "L" -14 NA NA NA NA NA NA NA NA NA NA NA NA NA NA NA NA
"13" "" 2009-11-25 24.99 "MIL" "@" "NOH" "L" -3 NA NA NA NA NA NA NA NA NA NA NA NA NA NA NA NA
"14" "" 2009-11-27 25 "MIL" "@" "OKC" "L" -18 NA NA NA NA NA NA NA NA NA NA NA NA NA NA NA NA
"15" "" 2009-11-28 25 "MIL" "" "ORL" "L" -2 NA NA NA NA NA NA NA NA NA NA NA NA NA NA NA NA
"16" "10" 2009-11-30 25.01 "MIL" "" "CHI" "W" 2 1 34.65 0.508 0.526 13.1 30.8 21.2 16.5 4.7 7.7 0 26.7 121 91 24.7 13.4
"17" "11" 2009-12-02 25.01 "MIL" "@" "WAS" "L" -2 1 38.9833333333333 0.286 0.286 0 26.1 11.1 16.6 1.2 6.2 17.6 19.2 60 99 4.7 -3.7
"18" "12" 2009-12-04 25.02 "MIL" "@" "DET" "L" -9 1 27.1666666666667 0.444 0.444 8 16.6 11.6 0 0 3.3 0 15.8 95 110 5.9 -5.6
"19" "13" 2009-12-06 25.02 "MIL" "" "CLE" "L" -15 1 31.6 0.295 0.273 11.9 17.4 14.1 5 0 4.7 7.8 17.5 75 106 3.6 -5
"20" "14" 2009-12-08 25.03 "MIL" "@" "BOS" "L" -9 1 39.5666666666667 0.682 0.647 11 34.7 21.5 29.4 1.3 5 27.6 28.6 105 103 21.4 9.7
"21" "15" 2009-12-09 25.03 "MIL" "" "TOR" "W" 22 1 27.55 0.505 0.455 18.3 20.5 19.4 5.2 0 3.2 7.8 22.1 115 106 8.7 -5.9
"22" "16" 2009-12-12 25.04 "MIL" "" "POR" "W" 7 1 43.9833333333333 0.65 0.632 5.9 18.1 12.4 13.6 0 3.6 16.2 28.5 110 97 18.7 4
"23" "17" 2009-12-16 25.05 "MIL" "" "LAL" "L" -1 1 39.2833333333333 0.429 0.375 13.5 27 19 4 1.3 6.5 0 21 103 97 13.8 1.5
"24" "18" 2009-12-18 25.05 "MIL" "@" "CLE" "L" -3 1 17.15 0.286 0.286 16.8 40 26.3 0 0 10.8 0 19 79 89 2.9 -6.8
"25" "19" 2009-12-19 25.06 "MIL" "" "SAC" "L" -1 1 34.8333333333333 0.319 0.3 14.7 25.6 19.9 23.2 0 6.2 4.1 31.1 89 102 10.3 -1.1
"26" "20" 2009-12-21 25.06 "MIL" "@" "IND" "W" 3 1 39.9 0.702 0.737 7.5 34.7 21.7 19.9 1.2 5.2 12 28.3 124 73 28.9 15.4
"27" "21" 2009-12-23 25.07 "MIL" "" "WAS" "L" -12 1 28.6 0.432 0.385 12.9 30 18.9 14.2 0 5.7 6.7 21.3 99 108 9 -2.2
"28" "22" 2009-12-26 25.08 "MIL" "" "SAS" "L" -15 1 27.4333333333333 0.462 0.462 19.4 19.4 19.4 0 0 2.7 18.8 26.7 88 124 6.6 -9.1
"29" "23" 2009-12-28 25.08 "MIL" "@" "CHA" "L" -10 1 18.7333333333333 0.145 0.167 6.1 25.6 15.6 9.3 0 8.1 0 16.9 47 98 1 -5.9
"30" "24" 2009-12-30 25.09 "MIL" "@" "ORL" "L" -25 1 29.5666666666667 0.46 0.4 18.7 23.2 20.3 11.5 0 2.9 5.8 24.5 113 129 11.8 -0.4
"31" "25" 2010-01-02 25.1 "MIL" "" "OKC" "W" 6 1 40.0333333333333 0.586 0.529 11.4 29.4 19.3 8.8 1.3 3.8 9.2 23.2 123 92 21 9.6
"32" "26" 2010-01-05 25.1 "MIL" "@" "NJN" "W" 22 1 21.85 0.75 0.75 10.5 16.9 13.6 0 0 3.9 14.3 30.8 122 90 13.4 6.9
"33" "27" 2010-01-08 25.11 "MIL" "" "CHI" "W" 3 1 42.1333333333333 0.518 0.478 7 25.9 15.9 10.6 0 9.9 3.7 28.4 115 96 22.6 8.4
"34" "28" 2010-01-10 25.12 "MIL" "@" "LAL" "L" -18 1 26.4833333333333 0.255 0.2 6 37.1 19.2 6.2 0 2.7 14.5 11.9 63 96 3.2 -7
"35" "29" 2010-01-11 25.12 "MIL" "@" "PHO" "L" -4 1 23.7166666666667 0.366 0.313 19.1 38.6 27.7 7 5.9 0 14.5 35.2 80 92 8 -4
"36" "30" 2010-01-13 25.13 "MIL" "@" "POR" "L" -12 1 29.4666666666667 0.512 0.5 16.7 40.7 26.7 5 0 6 29.1 20.4 88 127 7.4 -6.1
"37" "31" 2010-01-15 25.13 "MIL" "@" "GSW" "W" 9 1 36.5 0.472 0.467 11.4 33.6 22.6 22.8 0 5.9 0 18.3 119 99 17.7 4.2
"38" "32" 2010-01-16 25.13 "MIL" "@" "UTA" "L" -17 1 34.8333333333333 0.563 0.5 9.2 29 18.3 14 1.4 6.7 36 17.7 86 107 9.5 -2.4
"39" "33" 2010-01-18 25.14 "MIL" "@" "HOU" "L" -3 1 44.65 0.52 0.563 7.1 33.9 20.4 15.7 1.2 11.5 14.8 21.6 100 92 18.1 6.3
"40" "34" 2010-01-20 25.15 "MIL" "" "TOR" "W" 6 1 32.4166666666667 0.811 0.786 12.6 29.6 20.4 11.1 0 6.4 15.3 27 143 113 24.5 9
"41" "35" 2010-01-22 25.15 "MIL" "@" "TOR" "L" -5 1 36.6666666666667 0.684 0.615 0 17.9 9.4 16 0 7.1 0 20.9 144 107 20.1 10.1
"42" "36" 2010-01-23 25.15 "MIL" "" "MIN" "W" 33 1 23.5666666666667 0.902 0.833 0 24.9 14.9 5.2 0 11.2 11.4 16.2 160 88 15.3 9.7
"43" "37" 2010-01-26 25.16 "MIL" "@" "DAL" "L" -1 1 37.1166666666667 0.913 0.929 3.7 31.4 17.1 0 0 2.1 14.6 27.7 150 124 26.6 7.5
"44" "38" 2010-01-27 25.16 "MIL" "" "PHI" "W" 3 1 37.5333333333333 0.455 0.333 2.7 26.2 13.4 0 3 2 19.9 18.9 80 95 7.1 -5.4
"45" "39" 2010-01-30 25.17 "MIL" "" "MIA" "W" 11 1 33.7 0.623 0.545 20.8 26.7 24 11.2 3.2 10.2 22.7 24.4 113 81 18.4 8
"46" "40" 2010-02-01 25.18 "MIL" "@" "MIA" "W" 16 1 34.3166666666667 0.768 0.769 0 31.4 18.1 6.1 0 2.5 17.3 25.1 119 89 16.6 5.7
"47" "41" 2010-02-02 25.18 "MIL" "@" "ORL" "L" -17 1 27.65 0.421 0.455 6.1 38.6 18.7 7.1 0 9.5 7.8 20.6 86 100 7.9 1.6
"48" "42" 2010-02-05 25.19 "MIL" "@" "NYK" "W" 7 1 5.41666666666667 1 1 21.6 37.7 30.2 0 0 13.2 0 23.8 204 99 7.1 30.5
"49" "43" 2010-02-06 25.19 "MIL" "" "IND" "W" 12 1 34.1833333333333 0.643 0.6 10.8 19 14.8 13.1 1.6 2.8 15.5 27.1 116 92 16.6 4.6
"50" "44" 2010-02-09 25.2 "MIL" "" "DET" "L" -12 1 34.0666666666667 0.388 0.381 28.2 26.2 27.3 22.6 0 5.9 8.4 31.9 101 108 16.3 3.9
"51" "45" 2010-02-10 25.2 "MIL" "@" "NJN" "W" 20 1 34.4 0.49 0.5 6.3 22.7 14.4 20.2 1.6 8.3 0 29.7 113 80 19.5 9.3
"52" "46" 2010-02-17 25.22 "MIL" "" "HOU" "L" -28 1 24.3166666666667 0.436 0.417 11.2 24.7 16.3 7 0 4 17.9 28 83 130 6.5 -7
"53" "47" 2010-02-19 25.23 "MIL" "@" "DET" "W" 6 1 35.4333333333333 0.429 0.429 15.4 28.7 21.1 5.9 1.5 10.9 12.5 20.6 92 88 12.6 1.2
"54" "48" 2010-02-20 25.23 "MIL" "" "CHA" "W" 5 1 40.5 0.455 0.444 11.6 26 18.8 21.1 0 9.4 20.2 27.8 86 92 13.8 1.8
"55" "49" 2010-02-22 25.24 "MIL" "@" "NYK" "W" 16 1 36.1333333333333 0.8 0.8 17.7 36.5 27.7 0 0 12.5 16.7 22.2 131 64 26 16.5
"56" "50" 2010-02-24 25.24 "MIL" "" "NOH" "W" 20 1 29.8333333333333 0.619 0.619 21.9 25.6 23.8 5.9 0 4.8 0 31.1 139 100 24.1 9.9
"57" "51" 2010-02-25 25.24 "MIL" "@" "IND" "W" 2 1 24.4333333333333 0.794 0.778 20.1 28.7 24.6 13.9 0 6.8 24.1 23.1 128 115 13.9 4.7
"58" "52" 2010-02-27 25.25 "MIL" "@" "MIA" "W" 23 1 29.8666666666667 0.383 0.4 8.2 26.2 18.3 0 0 4.9 8.7 19.3 79 78 5.6 -4.8
"59" "53" 2010-02-28 25.25 "MIL" "@" "ATL" "L" -4 1 40.6666666666667 0.549 0.455 0 23.9 13 17.1 0 6.8 7.3 16.6 114 103 14 5.5
"60" "54" 2010-03-03 25.26 "MIL" "" "WAS" "W" 13 1 31.5166666666667 0.593 0.5 0 7.4 4 20 1.6 11.9 0 18.4 134 91 16.3 9.2
"61" "55" 2010-03-05 25.27 "MIL" "@" "WAS" "W" 28 1 30.4333333333333 0.603 0.571 11 22.1 17 24.9 1.8 10.2 11.3 27.5 122 77 20.3 14.1
"62" "56" 2010-03-06 25.27 "MIL" "" "CLE" "W" 7 1 35.9 0.644 0.556 0 27.3 13.2 0 1.4 7.3 14.7 17.8 108 86 12.5 0.4
"63" "57" 2010-03-09 25.28 "MIL" "" "BOS" "W" 2 1 41.85 0.619 0.556 14.7 38.2 26 10.2 1.3 8.2 9 27.4 127 90 25.5 11.5
"64" "58" 2010-03-12 25.28 "MIL" "" "UTA" "W" 8 1 38.95 0.432 0.333 8.8 22.6 16.3 9.5 2.6 6.7 5.1 23.7 97 85 15.5 4.2
"65" "59" 2010-03-14 25.29 "MIL" "" "IND" "W" 4 1 31.3 0.403 0.389 10.2 33.2 20.6 24.3 1.7 9 0 29.5 103 93 14 5.2
"66" "60" 2010-03-17 25.3 "MIL" "@" "LAC" "L" -8 1 40.6333333333333 0.537 0.533 2.7 39.4 17.8 12.9 2.6 9.1 5.6 20.5 111 102 17.5 5.1
"67" "61" 2010-03-19 25.3 "MIL" "@" "SAC" "W" 6 1 44.95 0.464 0.5 8.1 22 14.9 4.3 2.4 3.5 11.7 26.4 88 94 12.6 -2
"68" "62" 2010-03-20 25.31 "MIL" "@" "DEN" "W" 5 1 15.1833333333333 0.333 0.333 15.4 6.1 10.2 0 0 13 50 19.1 54 107 -0.9 -14.7
"69" "63" 2010-03-22 25.31 "MIL" "" "ATL" "W" 3 1 28.05 0.379 0.364 20.4 27.7 23.8 17 0 2.8 0 20.6 114 112 9.8 0.9
"70" "64" 2010-03-24 25.32 "MIL" "" "PHI" "L" -15 1 20.45 0.444 0.444 10 7.1 8.8 0 0 8 25 26.3 73 118 2.2 -12.5
"71" "" 2010-03-26 25.32 "MIL" "" "MIA" "L" -13 NA NA NA NA NA NA NA NA NA NA NA NA NA NA NA NA
"72" "65" 2010-03-28 25.33 "MIL" "" "MEM" "W" 5 1 44.6 0.66 0.636 7.8 21.6 14.5 0 0 6 12.8 15.8 121 101 17.2 2.1
"73" "66" 2010-03-30 25.33 "MIL" "" "LAC" "W" 18 1 25.2833333333333 0.513 0.455 7.7 21.5 14.9 5.7 2.2 5.3 0 24.4 122 92 13.8 5.4
"74" "67" 2010-03-31 25.34 "MIL" "@" "CLE" "L" -3 1 33.1 0.531 0.529 12.9 29 20.5 15.6 0 5.1 14.4 28 101 103 14.4 3.2
"75" "68" 2010-04-02 25.34 "MIL" "@" "CHA" "L" -1 1 41.8 0.51 0.5 13.5 20.6 16.9 0 1.4 14.1 9.7 24.3 104 90 17.3 5.9
"76" "69" 2010-04-03 25.35 "MIL" "" "PHO" "W" 9 1 12.4333333333333 0.761 0.857 0 41.7 20.9 0 0 0 11.3 33.8 116 109 8.5 8.4
"77" "" 2010-04-06 25.35 "MIL" "@" "CHI" "W" 5 NA NA NA NA NA NA NA NA NA NA NA NA NA NA NA NA
"78" "" 2010-04-07 25.36 "MIL" "" "NJN" "W" 19 NA NA NA NA NA NA NA NA NA NA NA NA NA NA NA NA
"79" "" 2010-04-09 25.36 "MIL" "@" "PHI" "W" 5 NA NA NA NA NA NA NA NA NA NA NA NA NA NA NA NA
"80" "" 2010-04-10 25.36 "MIL" "" "BOS" "L" -15 NA NA NA NA NA NA NA NA NA NA NA NA NA NA NA NA
"81" "" 2010-04-12 25.37 "MIL" "" "ATL" "L" -8 NA NA NA NA NA NA NA NA NA NA NA NA NA NA NA NA
"82" "" 2010-04-14 25.38 "MIL" "@" "BOS" "W" 11 NA NA NA NA NA NA NA NA NA NA NA NA NA NA NA NA
"1" "1" 2010-10-27 25.91 "MIL" "@" "NOH" "L" -4 1 36.25 0.457 0.5 11.5 33.9 22.3 5.3 0 2.1 5.7 22.7 99 100 11.1 0.5
"2" "2" 2010-10-29 25.92 "MIL" "@" "MIN" "L" -11 1 28.2333333333333 0.571 0.571 10 23.8 16.8 14.1 0 8.1 12.5 12.3 112 92 9.8 4.4
"3" "3" 2010-10-30 25.92 "MIL" "" "CHA" "W" 10 1 35.3333333333333 0.504 0.462 11 21.9 16 5.7 1.6 12.1 12.6 21.4 107 95 11.8 0.3
"4" "4" 2010-11-02 25.93 "MIL" "" "POR" "L" -14 1 29.8 0.51 0.5 16.1 20.7 18.4 8.5 1.9 5.8 7.8 20.6 108 99 11.4 4.7
"5" "5" 2010-11-03 25.93 "MIL" "@" "BOS" "L" -3 1 47.8333333333333 0.523 0.471 14.5 19.9 16.9 0 0 1.7 4.7 20.4 117 108 16.7 2.6
"6" "" 2010-11-05 25.94 "MIL" "@" "IND" "W" 4 NA NA NA NA NA NA NA NA NA NA NA NA NA NA NA NA
"7" "6" 2010-11-06 25.94 "MIL" "" "NOH" "L" -6 1 35.1 0.696 0.636 14.2 30 21.5 18.3 0 0 12.8 21 133 99 19.2 10
"8" "7" 2010-11-09 25.95 "MIL" "" "NYK" "W" 27 1 24.6333333333333 1 1 5.3 9.3 7.4 6.4 0 7.1 37.5 15.1 115 91 7.7 3
"9" "8" 2010-11-10 25.95 "MIL" "@" "ATL" "W" 17 1 25.5 0.5 0.5 5.2 23.5 14.9 10 0 3.1 11.1 16.1 107 101 6.5 -2.1
"10" "9" 2010-11-13 25.96 "MIL" "" "GSW" "W" 7 1 39.2166666666667 0.311 0.333 12.2 29.4 20.8 0 0 14.3 13.4 16.5 71 72 9.6 -0.9
"11" "10" 2010-11-16 25.97 "MIL" "" "LAL" "L" -11 1 42.65 0.345 0.385 19.9 28.1 23.3 3.2 0 7.3 5.4 18.2 94 122 12.4 -5
"12" "11" 2010-11-19 25.98 "MIL" "@" "PHI" "L" -11 1 31.6166666666667 0.286 0.286 9.9 11.7 10.7 13.2 0 13.3 12.5 11.6 75 97 5.6 -0.6
"13" "12" 2010-11-20 25.98 "MIL" "" "OKC" "L" -1 1 29.7 0.4 0.4 6.6 36.7 20.9 7.2 0 5.5 9.1 17 87 86 6.1 -0.5
"14" "" 2010-11-24 25.99 "MIL" "@" "CLE" "L" -2 NA NA NA NA NA NA NA NA NA NA NA NA NA NA NA NA
"15" "" 2010-11-26 25.99 "MIL" "@" "DET" "L" -14 NA NA NA NA NA NA NA NA NA NA NA NA NA NA NA NA
"16" "" 2010-11-27 26 "MIL" "" "CHA" "W" 3 NA NA NA NA NA NA NA NA NA NA NA NA NA NA NA NA
"17" "" 2010-11-29 26 "MIL" "@" "UTA" "L" -21 NA NA NA NA NA NA NA NA NA NA NA NA NA NA NA NA
"18" "" 2010-12-01 26.01 "MIL" "@" "DEN" "L" -11 NA NA NA NA NA NA NA NA NA NA NA NA NA NA NA NA
"19" "13" 2010-12-04 26.02 "MIL" "" "ORL" "W" 11 1 38.5833333333333 0.573 0.65 23.7 24.9 24.3 6.3 2.7 4.1 6.9 34.1 118 86 26.9 9.8
"20" "14" 2010-12-06 26.02 "MIL" "" "MIA" "L" -10 1 39.2833333333333 0.4 0.333 10.6 29.7 19.1 16.6 0 5.7 6.8 18.4 94 97 11.7 3
"21" "15" 2010-12-08 26.03 "MIL" "" "IND" "W" 2 1 37.6166666666667 0.462 0.357 10 24.8 16.1 5.2 2.8 12.8 9.8 22.9 103 92 15.5 2.8
"22" "16" 2010-12-10 26.03 "MIL" "" "HOU" "W" 6 1 39.5833333333333 0.551 0.55 21.2 40.4 31.4 14.8 1.3 9.6 12.1 28.3 113 86 25 9.3
"23" "17" 2010-12-13 26.04 "MIL" "@" "DAL" "W" 4 1 41.8833333333333 0.717 0.833 10.7 30.2 19.8 8 1.3 4.1 12 18.4 129 105 19.8 5.6
"24" "18" 2010-12-15 26.05 "MIL" "@" "SAS" "L" -2 1 35.85 0.631 0.636 3.1 22.3 11.9 20.9 1.4 15.4 14.4 18.4 116 86 18.1 12.5
"25" "19" 2010-12-18 26.05 "MIL" "" "UTA" "L" -9 1 35.15 0.607 0.615 0 29.3 16 13 1.6 2 20.4 29.5 92 104 13.3 0.6
"26" "20" 2010-12-20 26.06 "MIL" "@" "POR" "L" -26 1 25.5166666666667 0.317 0.286 4.6 20.3 12.1 0 0 0 11.3 16.8 68 129 0.2 -13.4
"27" "21" 2010-12-21 26.06 "MIL" "@" "LAL" "W" 19 1 37.3333333333333 0.794 0.778 7.8 18.8 13.9 18.4 1.6 4 34.6 19.2 112 93 13.3 6.1
"28" "22" 2010-12-23 26.07 "MIL" "@" "SAC" "W" 5 1 38.2833333333333 0.476 0.5 5.6 28.1 17.3 0 1.3 7.8 20.2 24.5 78 74 9.7 -1.1
"29" "23" 2010-12-27 26.08 "MIL" "" "ATL" "L" -15 1 42.9333333333333 0.36 0.368 9.9 22.4 15.4 5.5 1.3 1.8 0 21.6 85 106 9.6 -2.1
"30" "24" 2010-12-28 26.08 "MIL" "@" "CHI" "L" -13 1 36.1166666666667 0.155 0.167 14.5 35 22.9 10.9 0 8.7 0 15.8 63 96 5 -4.1
"31" "25" 2011-01-01 26.09 "MIL" "" "DAL" "W" 12 1 36.2666666666667 0.444 0.444 4 18.9 12.9 20.2 0 8.3 30.8 16.5 79 89 5.7 -0.6
"32" "26" 2011-01-04 26.1 "MIL" "@" "MIA" "L" -12 1 33 0.526 0.538 10.4 18.6 14.4 0 1.7 4.7 11.6 25.8 98 111 10.9 -1.4
"33" "27" 2011-01-05 26.1 "MIL" "@" "ORL" "L" -10 1 30.2166666666667 0.319 0.4 3.2 22.2 12.1 10.7 3.5 11.6 9.6 15.4 71 94 5.4 0.5
"34" "28" 2011-01-07 26.11 "MIL" "" "MIA" "L" -6 1 47.8833333333333 0.292 0.235 15.8 42.6 29.6 10.5 3.3 2.9 16.3 23.7 72 86 12.3 -3.1
"35" "" 2011-01-08 26.11 "MIL" "@" "NJN" "W" 23 NA NA NA NA NA NA NA NA NA NA NA NA NA NA NA NA
"36" "29" 2011-01-12 26.12 "MIL" "" "SAS" "L" -7 1 37.5333333333333 0.54 0.538 13.9 28.1 20.6 11.1 0 8.3 6.7 18.9 118 104 17.3 9.1
"37" "30" 2011-01-14 26.13 "MIL" "@" "PHI" "L" -1 1 33.2166666666667 0.442 0.4 11.7 50 27.5 22.4 5.2 8.8 8.1 18.3 111 100 16.2 8.9
"38" "31" 2011-01-17 26.14 "MIL" "@" "HOU" "L" -9 1 38.0833333333333 0.392 0.455 8.8 16.3 13 8.2 1.4 1.5 7.3 17.7 86 101 8.2 -2
"39" "32" 2011-01-19 26.14 "MIL" "" "WAS" "W" 13 1 36.2666666666667 0.307 0.375 7.4 22.6 15.5 8.5 0 1.9 17 15.4 69 96 2 -8
"40" "33" 2011-01-21 26.15 "MIL" "@" "CLE" "W" 14 1 31.5833333333333 0.773 0.786 8.7 15.2 12.2 13.6 0 5 16.8 26.8 124 99 18 6.8
"41" "34" 2011-01-22 26.15 "MIL" "" "MEM" "L" -13 1 31.8666666666667 0.5 0.5 16.7 14.6 15.9 19.3 3.5 7.1 12.5 23.1 105 103 14.7 5.4
"42" "35" 2011-01-24 26.16 "MIL" "@" "CHI" "L" -9 1 38.7666666666667 0.364 0.364 9.5 39.5 25.9 8.2 0 5.9 8.3 15.8 87 96 10.2 1.4
"43" "36" 2011-01-26 26.16 "MIL" "" "ATL" "W" 8 1 34.7666666666667 0.311 0.25 6.4 38.5 22.5 4.5 1.5 2.3 7.2 19.5 73 94 5.6 -7.3
"44" "37" 2011-01-28 26.17 "MIL" "@" "TOR" "W" 6 1 38.35 0.806 0.857 12.2 12 12.1 10.9 0 6.7 6.3 20.4 151 110 23.1 8.5
"45" "38" 2011-01-29 26.17 "MIL" "" "NJN" "W" 10 1 37.7833333333333 0.403 0.389 19.1 36.3 27.9 5.5 0 12.9 0 28.2 104 85 17 2.7
"46" "39" 2011-01-31 26.18 "MIL" "@" "LAC" "L" -7 1 40.6 0.625 0.667 11.1 27 19.4 11.9 2.7 1.9 8.2 14.3 129 114 16.4 4.6
"47" "" 2011-02-02 26.18 "MIL" "@" "PHO" "L" -15 NA NA NA NA NA NA NA NA NA NA NA NA NA NA NA NA
"48" "" 2011-02-03 26.18 "MIL" "@" "GSW" "L" -6 NA NA NA NA NA NA NA NA NA NA NA NA NA NA NA NA
"49" "40" 2011-02-05 26.19 "MIL" "" "DET" "L" -11 1 37.5833333333333 0.567 0.533 6.1 27.9 15.5 12.3 0 6.4 5.9 22.1 115 99 15.5 6.5
"50" "41" 2011-02-08 26.2 "MIL" "" "TOR" "W" 18 1 30 0.751 0.75 0 16 8.5 16.9 1.8 10.5 9.7 15.9 141 75 16.7 16
"51" "42" 2011-02-09 26.2 "MIL" "@" "WAS" "L" -15 1 38.4 0.45 0.5 9.8 22.4 15.3 16.4 0 8.3 13.1 18.2 95 107 11.3 0.2
"52" "43" 2011-02-11 26.21 "MIL" "@" "MEM" "L" -3 1 40.2166666666667 0.253 0.222 8 29.8 18.8 4.7 1.3 3.5 16.8 13.4 62 94 4 -5.1
"53" "44" 2011-02-12 26.21 "MIL" "" "IND" "L" -6 1 34.6833333333333 0.414 0.4 6 37.4 20 13.6 0 0 8.4 15.8 96 109 7.1 -3.7
"54" "45" 2011-02-14 26.21 "MIL" "" "LAC" "W" 24 1 29.65 0.465 0.556 5.1 13.9 9.7 12 0 9.2 21.8 24.2 78 92 3.8 -7.9
"55" "46" 2011-02-16 26.22 "MIL" "" "DEN" "L" -7 1 44.7833333333333 0.171 0.143 2.4 50.9 25.5 7.2 0 8.2 25.5 12.7 38 93 4.4 -5.1
"56" "47" 2011-02-22 26.24 "MIL" "" "MIN" "W" 6 1 22.9666666666667 0.595 0.6 0 22.4 13.1 17.6 0 12.7 25.4 15.9 91 86 6.7 2.3
"57" "48" 2011-02-23 26.24 "MIL" "@" "NYK" "L" -6 1 41.4166666666667 0.478 0.417 2.4 36.4 16.8 7.7 0 4 17 18.4 91 115 9.8 -3.4
"58" "49" 2011-02-26 26.25 "MIL" "" "CHI" "L" -8 1 35.9333333333333 0.255 0.2 15.5 34.2 24.9 10.1 0 2.2 7.8 18.1 76 94 5.3 -3.6
"59" "" 2011-03-01 26.25 "MIL" "" "DET" "W" 2 NA NA NA NA NA NA NA NA NA NA NA NA NA NA NA NA
"60" "" 2011-03-04 26.26 "MIL" "" "PHO" "L" -14 NA NA NA NA NA NA NA NA NA NA NA NA NA NA NA NA
"61" "" 2011-03-06 26.27 "MIL" "" "BOS" "L" -6 NA NA NA NA NA NA NA NA NA NA NA NA NA NA NA NA
"62" "50" 2011-03-08 26.27 "MIL" "@" "WAS" "W" 19 1 33.7666666666667 0.504 0.538 3.3 22.3 13.6 38.2 1.5 0 17.8 23.3 98 80 10.9 1.9
"63" "51" 2011-03-09 26.28 "MIL" "" "CLE" "W" 20 1 22.8666666666667 0.218 0.167 6.4 49.7 29.6 10.3 2.2 9.5 30.4 20.6 51 82 2.5 -7.3
"64" "52" 2011-03-12 26.28 "MIL" "" "PHI" "W" 28 1 29.9166666666667 0.599 0.583 9.4 25.5 18.5 11.2 1.9 2.6 29.7 33.6 90 86 10.4 -6.5
"65" "53" 2011-03-13 26.29 "MIL" "@" "BOS" "L" -31 1 24.5666666666667 0.667 0.667 12.7 27.1 19.1 13.8 2.3 0 33.3 18.8 89 96 6.5 0.7
"66" "54" 2011-03-15 26.29 "MIL" "@" "ATL" "L" -25 1 30.5166666666667 0.602 0.588 6.7 69.2 28.4 7.8 1.7 2.9 10.3 29.5 108 116 17 4.4
"67" "" 2011-03-16 26.3 "MIL" "" "ORL" "L" -4 NA NA NA NA NA NA NA NA NA NA NA NA NA NA NA NA
"68" "55" 2011-03-18 26.3 "MIL" "" "NJN" "W" 15 1 35.1166666666667 0.523 0.5 4.4 21 13.7 0 0 9.8 19.4 22.5 85 102 7.7 -7.8
"69" "56" 2011-03-20 26.31 "MIL" "" "NYK" "W" 5 1 39.75 0.505 0.5 5.8 25.7 16.3 15.3 1.4 3.7 18.9 19.1 95 102 11.3 -0.1
"70" "57" 2011-03-23 26.32 "MIL" "" "SAC" "L" -7 1 38.65 0.558 0.538 9.6 18.6 14.1 17.5 0 1.7 22.9 21.6 98 110 11.3 -0.7
"71" "58" 2011-03-25 26.32 "MIL" "@" "NYK" "W" 6 1 38.9333333333333 0.631 0.571 19.3 29.6 25.6 12.7 2.7 6.9 0 21.1 147 93 26.8 12.4
"72" "59" 2011-03-26 26.32 "MIL" "" "CHI" "L" -8 1 37.3333333333333 0.414 0.4 8.6 19.8 13.8 9.9 1.5 6.7 8.4 15.4 93 104 10.2 2.2
"73" "60" 2011-03-28 26.33 "MIL" "@" "CHA" "L" -1 1 37.3166666666667 0.684 0.684 12.9 15.6 13.9 0 1.6 4.5 13.6 27.8 119 102 20.8 7.3
"74" "61" 2011-03-30 26.33 "MIL" "@" "TOR" "W" 6 1 37.4 0.66 0.667 17.8 18.9 18.3 9.3 3 4.1 28 22.4 104 110 15 -1.2
"75" "62" 2011-04-01 26.34 "MIL" "@" "IND" "L" -1 1 33.1166666666667 0.673 0.636 3.4 16.9 10.1 0 1.7 4.3 7.8 19.2 127 100 12.3 2.5
"76" "63" 2011-04-02 26.34 "MIL" "" "PHI" "W" 6 1 39 0.392 0.364 15.1 19 17.4 13.3 1.4 1.9 0 16.9 102 89 10.2 2.2
"77" "64" 2011-04-05 26.35 "MIL" "@" "ORL" "L" -6 1 27.4666666666667 0.205 0.25 4.2 21.8 12.8 6.9 0 0 17 10.2 48 86 -1.3 -6.8
"78" "65" 2011-04-06 26.35 "MIL" "@" "MIA" "W" 5 1 35.85 0.429 0.429 7.2 24.3 16.5 17.9 4.7 10.5 0 10.2 118 86 13.9 10
"79" "" 2011-04-08 26.36 "MIL" "@" "DET" "L" -10 NA NA NA NA NA NA NA NA NA NA NA NA NA NA NA NA
"80" "" 2011-04-09 26.36 "MIL" "" "CLE" "W" 7 NA NA NA NA NA NA NA NA NA NA NA NA NA NA NA NA
"81" "" 2011-04-11 26.37 "MIL" "" "TOR" "W" 7 NA NA NA NA NA NA NA NA NA NA NA NA NA NA NA NA
"82" "" 2011-04-13 26.37 "MIL" "@" "OKC" "W" 4 NA NA NA NA NA NA NA NA NA NA NA NA NA NA NA NA
"1" "1" 2011-12-26 27.08 "MIL" "@" "CHA" "L" -1 1 37.5166666666667 0.539 0.5 5.7 19.5 12.7 10.2 2.7 1.9 6 20.2 110 96 15.8 3.7
"2" "2" 2011-12-27 27.08 "MIL" "" "MIN" "W" 3 1 30.6 0.359 0.35 8.7 20.9 14.3 16.2 3.2 0 4.6 29.9 86 93 8 -4.1
"3" "3" 2011-12-30 27.09 "MIL" "" "WAS" "W" 21 1 34.6333333333333 0.505 0.5 7.7 36.8 24.5 9 0 6.2 18.9 21.2 93 78 10.8 -1.5
"4" "4" 2012-01-02 27.1 "MIL" "@" "DEN" "L" -5 1 32.1666666666667 0.436 0.417 0 24.9 12 20.2 1.6 7 0 19.2 101 91 12 7.2
"5" "" 2012-01-03 27.1 "MIL" "@" "UTA" "L" -12 NA NA NA NA NA NA NA NA NA NA NA NA NA NA NA NA
"6" "" 2012-01-05 27.1 "MIL" "@" "SAC" "L" -3 NA NA NA NA NA NA NA NA NA NA NA NA NA NA NA NA
"7" "" 2012-01-07 27.11 "MIL" "@" "LAC" "L" -6 NA NA NA NA NA NA NA NA NA NA NA NA NA NA NA NA
"8" "" 2012-01-08 27.11 "MIL" "@" "PHO" "L" -16 NA NA NA NA NA NA NA NA NA NA NA NA NA NA NA NA
"9" "5" 2012-01-10 27.12 "MIL" "" "SAS" "W" 3 1 34.7 0.467 0.467 18.7 29.6 23.4 12.1 1.5 2.3 16.7 24.8 97 110 11.2 -5.2
"10" "6" 2012-01-12 27.12 "MIL" "" "DET" "W" 9 1 34.6333333333333 0.506 0.444 3.6 13 7.9 13.2 1.6 4 16.8 16.6 104 110 8.6 -2.9
"11" "" 2012-01-13 27.13 "MIL" "@" "DAL" "L" -26 NA NA NA NA NA NA NA NA NA NA NA NA NA NA NA NA
"12" "7" 2012-01-16 27.13 "MIL" "@" "PHI" "L" -12 1 41.1833333333333 0.542 0.556 2.9 29.1 16 20 0 5.7 14 25.7 101 104 15.8 5.1
"13" "8" 2012-01-17 27.14 "MIL" "" "DEN" "L" -10 1 19.0666666666667 0.2 0.2 5.4 26.5 14.8 14.2 5.2 15.1 44.4 19.7 39 92 1.1 -6.8
"14" "9" 2012-01-20 27.15 "MIL" "@" "NYK" "W" 14 1 32.7833333333333 0.557 0.556 0 15.6 8.1 9.2 3 2.9 28.8 18.5 83 85 5.9 -1.5
"15" "10" 2012-01-22 27.15 "MIL" "@" "MIA" "W" 9 1 31.9333333333333 0.666 0.625 10 19.3 14.3 14.7 1.7 8.2 17 16.2 122 89 12.7 6.6
"16" "11" 2012-01-23 27.15 "MIL" "" "ATL" "L" -5 1 25.0166666666667 0.3 0.3 11.3 41.1 24.8 24.6 0 2.7 9.1 18.8 83 99 7.1 0.9
"17" "12" 2012-01-25 27.16 "MIL" "@" "HOU" "W" 6 1 9.48333333333333 0.307 0.25 11 31 21.3 0 0 24.5 0 22.8 79 89 3.5 -1.1
"18" "" 2012-01-27 27.16 "MIL" "@" "CHI" "L" -7 NA NA NA NA NA NA NA NA NA NA NA NA NA NA NA NA
"19" "" 2012-01-28 27.17 "MIL" "" "LAL" "W" 11 NA NA NA NA NA NA NA NA NA NA NA NA NA NA NA NA
"20" "" 2012-01-30 27.17 "MIL" "" "DET" "W" 21 NA NA NA NA NA NA NA NA NA NA NA NA NA NA NA NA
"21" "" 2012-02-01 27.18 "MIL" "" "MIA" "W" 8 NA NA NA NA NA NA NA NA NA NA NA NA NA NA NA NA
"22" "" 2012-02-03 27.18 "MIL" "@" "DET" "L" -8 NA NA NA NA NA NA NA NA NA NA NA NA NA NA NA NA
"23" "" 2012-02-04 27.19 "MIL" "" "CHI" "L" -23 NA NA NA NA NA NA NA NA NA NA NA NA NA NA NA NA
"24" "" 2012-02-07 27.19 "MIL" "" "PHO" "L" -2 NA NA NA NA NA NA NA NA NA NA NA NA NA NA NA NA
"25" "" 2012-02-08 27.2 "MIL" "@" "TOR" "W" 6 NA NA NA NA NA NA NA NA NA NA NA NA NA NA NA NA
"26" "" 2012-02-10 27.2 "MIL" "@" "CLE" "W" 1 NA NA NA NA NA NA NA NA NA NA NA NA NA NA NA NA
"27" "" 2012-02-11 27.21 "MIL" "" "ORL" "L" -5 NA NA NA NA NA NA NA NA NA NA NA NA NA NA NA NA
"28" "" 2012-02-13 27.21 "MIL" "" "MIA" "L" -18 NA NA NA NA NA NA NA NA NA NA NA NA NA NA NA NA
"29" "" 2012-02-15 27.22 "MIL" "" "NOH" "L" -3 NA NA NA NA NA NA NA NA NA NA NA NA NA NA NA NA
"30" "" 2012-02-17 27.22 "MIL" "@" "ORL" "L" -9 NA NA NA NA NA NA NA NA NA NA NA NA NA NA NA NA
"31" "" 2012-02-19 27.23 "MIL" "@" "NJN" "W" 7 NA NA NA NA NA NA NA NA NA NA NA NA NA NA NA NA
"32" "" 2012-02-20 27.23 "MIL" "" "ORL" "L" -3 NA NA NA NA NA NA NA NA NA NA NA NA NA NA NA NA
"33" "" 2012-02-22 27.24 "MIL" "@" "CHI" "L" -19 NA NA NA NA NA NA NA NA NA NA NA NA NA NA NA NA
"34" "" 2012-02-28 27.25 "MIL" "" "WAS" "W" 1 NA NA NA NA NA NA NA NA NA NA NA NA NA NA NA NA
"35" "" 2012-02-29 27.25 "MIL" "@" "BOS" "L" -6 NA NA NA NA NA NA NA NA NA NA NA NA NA NA NA NA
"36" "" 2012-03-02 27.26 "MIL" "@" "ATL" "L" -5 NA NA NA NA NA NA NA NA NA NA NA NA NA NA NA NA
"37" "" 2012-03-03 27.26 "MIL" "@" "ORL" "L" -16 NA NA NA NA NA NA NA NA NA NA NA NA NA NA NA NA
"38" "" 2012-03-05 27.27 "MIL" "" "PHI" "W" 4 NA NA NA NA NA NA NA NA NA NA NA NA NA NA NA NA
"39" "" 2012-03-07 27.27 "MIL" "" "CHI" "L" -2 NA NA NA NA NA NA NA NA NA NA NA NA NA NA NA NA
"40" "" 2012-03-09 27.28 "MIL" "" "NYK" "W" 5 NA NA NA NA NA NA NA NA NA NA NA NA NA NA NA NA
"41" "" 2012-03-11 27.28 "MIL" "@" "TOR" "W" 6 NA NA NA NA NA NA NA NA NA NA NA NA NA NA NA NA
"42" "" 2012-03-12 27.29 "MIL" "@" "NJN" "W" 6 NA NA NA NA NA NA NA NA NA NA NA NA NA NA NA NA
"43" "" 2012-03-14 27.29 "GSW" "" "BOS" "L" -2 NA NA NA NA NA NA NA NA NA NA NA NA NA NA NA NA
"44" "" 2012-03-16 27.3 "GSW" "" "MIL" "L" -22 NA NA NA NA NA NA NA NA NA NA NA NA NA NA NA NA
"45" "" 2012-03-17 27.3 "GSW" "@" "UTA" "L" -7 NA NA NA NA NA NA NA NA NA NA NA NA NA NA NA NA
"46" "" 2012-03-19 27.31 "GSW" "" "MIN" "L" -4 NA NA NA NA NA NA NA NA NA NA NA NA NA NA NA NA
"47" "" 2012-03-21 27.31 "GSW" "@" "NOH" "W" 9 NA NA NA NA NA NA NA NA NA NA NA NA NA NA NA NA
"48" "" 2012-03-22 27.32 "GSW" "@" "HOU" "L" -26 NA NA NA NA NA NA NA NA NA NA NA NA NA NA NA NA
"49" "" 2012-03-24 27.32 "GSW" "" "SAC" "W" 3 NA NA NA NA NA NA NA NA NA NA NA NA NA NA NA NA
"50" "" 2012-03-25 27.32 "GSW" "@" "POR" "L" -3 NA NA NA NA NA NA NA NA NA NA NA NA NA NA NA NA
"51" "" 2012-03-27 27.33 "GSW" "" "LAL" "L" -3 NA NA NA NA NA NA NA NA NA NA NA NA NA NA NA NA
"52" "" 2012-03-28 27.33 "GSW" "" "NOH" "L" -15 NA NA NA NA NA NA NA NA NA NA NA NA NA NA NA NA
"53" "" 2012-03-30 27.34 "GSW" "" "NJN" "L" -2 NA NA NA NA NA NA NA NA NA NA NA NA NA NA NA NA
"54" "" 2012-04-01 27.34 "GSW" "@" "LAL" "L" -8 NA NA NA NA NA NA NA NA NA NA NA NA NA NA NA NA
"55" "" 2012-04-03 27.35 "GSW" "@" "MEM" "L" -4 NA NA NA NA NA NA NA NA NA NA NA NA NA NA NA NA
"56" "" 2012-04-04 27.35 "GSW" "@" "MIN" "W" 3 NA NA NA NA NA NA NA NA NA NA NA NA NA NA NA NA
"57" "" 2012-04-06 27.36 "GSW" "@" "UTA" "L" -6 NA NA NA NA NA NA NA NA NA NA NA NA NA NA NA NA
"58" "" 2012-04-07 27.36 "GSW" "" "DEN" "W" 15 NA NA NA NA NA NA NA NA NA NA NA NA NA NA NA NA
"59" "" 2012-04-09 27.36 "GSW" "@" "DEN" "L" -39 NA NA NA NA NA NA NA NA NA NA NA NA NA NA NA NA
"60" "" 2012-04-11 27.37 "GSW" "@" "POR" "L" -8 NA NA NA NA NA NA NA NA NA NA NA NA NA NA NA NA
"61" "" 2012-04-12 27.37 "GSW" "" "DAL" "L" -9 NA NA NA NA NA NA NA NA NA NA NA NA NA NA NA NA
"62" "" 2012-04-14 27.38 "GSW" "@" "LAC" "L" -8 NA NA NA NA NA NA NA NA NA NA NA NA NA NA NA NA
"63" "" 2012-04-16 27.38 "GSW" "" "SAS" "L" -21 NA NA NA NA NA NA NA NA NA NA NA NA NA NA NA NA
"64" "" 2012-04-18 27.39 "GSW" "" "LAL" "L" -12 NA NA NA NA NA NA NA NA NA NA NA NA NA NA NA NA
"65" "" 2012-04-20 27.39 "GSW" "@" "DAL" "L" -10 NA NA NA NA NA NA NA NA NA NA NA NA NA NA NA NA
"66" "" 2012-04-21 27.4 "GSW" "@" "HOU" "L" -3 NA NA NA NA NA NA NA NA NA NA NA NA NA NA NA NA
"67" "" 2012-04-22 27.4 "GSW" "@" "MIN" "W" 5 NA NA NA NA NA NA NA NA NA NA NA NA NA NA NA NA
"68" "" 2012-04-24 27.41 "GSW" "" "NOH" "L" -2 NA NA NA NA NA NA NA NA NA NA NA NA NA NA NA NA
"69" "" 2012-04-26 27.41 "GSW" "" "SAS" "L" -6 NA NA NA NA NA NA NA NA NA NA NA NA NA NA NA NA
"1" "1" 2012-10-31 27.93 "GSW" "@" "PHO" "W" 2 1 18.4833333333333 0.621 0.667 5.2 30.2 16.8 11.5 0 4.4 0 14.7 133 88 8.2 8.8
"2" "2" 2012-11-02 27.93 "GSW" "" "MEM" "L" -10 1 18 0.4 0.4 6.7 14.8 10.5 8.7 0 4.2 28.6 17.7 70 112 0.8 -7.5
"3" "" 2012-11-03 27.93 "GSW" "@" "LAC" "W" 4 NA NA NA NA NA NA NA NA NA NA NA NA NA NA NA NA
"4" "3" 2012-11-05 27.94 "GSW" "@" "SAC" "L" -2 1 18.9166666666667 0.721 0.714 6.3 12.4 9.4 13.9 0 4.1 10.7 22.9 126 102 9.6 7.3
"5" "4" 2012-11-07 27.95 "GSW" "" "CLE" "W" 10 1 17.4 0 0 7.9 11.5 10 32.8 2.8 5.1 33.3 7.9 86 97 4.1 6.7
"6" "" 2012-11-09 27.95 "GSW" "@" "LAL" "L" -24 NA NA NA NA NA NA NA NA NA NA NA NA NA NA NA NA
"7" "" 2012-11-10 27.95 "GSW" "" "DEN" "L" -6 NA NA NA NA NA NA NA NA NA NA NA NA NA NA NA NA
"8" "" 2012-11-14 27.96 "GSW" "" "ATL" "W" 4 NA NA NA NA NA NA NA NA NA NA NA NA NA NA NA NA
"9" "" 2012-11-16 27.97 "GSW" "@" "MIN" "W" 8 NA NA NA NA NA NA NA NA NA NA NA NA NA NA NA NA
"10" "" 2012-11-18 27.98 "GSW" "@" "OKC" "L" -10 NA NA NA NA NA NA NA NA NA NA NA NA NA NA NA NA
"11" "" 2012-11-19 27.98 "GSW" "@" "DAL" "W" 4 NA NA NA NA NA NA NA NA NA NA NA NA NA NA NA NA
"12" "" 2012-11-21 27.98 "GSW" "" "BRK" "W" 9 NA NA NA NA NA NA NA NA NA NA NA NA NA NA NA NA
"13" "" 2012-11-23 27.99 "GSW" "@" "DEN" "L" -11 NA NA NA NA NA NA NA NA NA NA NA NA NA NA NA NA
"14" "" 2012-11-24 27.99 "GSW" "" "MIN" "W" 11 NA NA NA NA NA NA NA NA NA NA NA NA NA NA NA NA
"15" "" 2012-11-29 28 "GSW" "" "DEN" "W" 1 NA NA NA NA NA NA NA NA NA NA NA NA NA NA NA NA
"16" "" 2012-12-01 28.01 "GSW" "" "IND" "W" 11 NA NA NA NA NA NA NA NA NA NA NA NA NA NA NA NA
"17" "" 2012-12-03 28.01 "GSW" "" "ORL" "L" -8 NA NA NA NA NA NA NA NA NA NA NA NA NA NA NA NA
"18" "" 2012-12-05 28.02 "GSW" "@" "DET" "W" 7 NA NA NA NA NA NA NA NA NA NA NA NA NA NA NA NA
"19" "" 2012-12-07 28.02 "GSW" "@" "BRK" "W" 7 NA NA NA NA NA NA NA NA NA NA NA NA NA NA NA NA
"20" "" 2012-12-08 28.03 "GSW" "@" "WAS" "W" 4 NA NA NA NA NA NA NA NA NA NA NA NA NA NA NA NA
"21" "" 2012-12-10 28.03 "GSW" "@" "CHA" "W" 8 NA NA NA NA NA NA NA NA NA NA NA NA NA NA NA NA
"22" "" 2012-12-12 28.04 "GSW" "@" "MIA" "W" 2 NA NA NA NA NA NA NA NA NA NA NA NA NA NA NA NA
"23" "" 2012-12-14 28.04 "GSW" "@" "ORL" "L" -14 NA NA NA NA NA NA NA NA NA NA NA NA NA NA NA NA
"24" "" 2012-12-15 28.05 "GSW" "@" "ATL" "W" 22 NA NA NA NA NA NA NA NA NA NA NA NA NA NA NA NA
"25" "" 2012-12-18 28.05 "GSW" "" "NOH" "W" 7 NA NA NA NA NA NA NA NA NA NA NA NA NA NA NA NA
"26" "" 2012-12-19 28.06 "GSW" "@" "SAC" "L" -4 NA NA NA NA NA NA NA NA NA NA NA NA NA NA NA NA
"27" "" 2012-12-21 28.06 "GSW" "" "CHA" "W" 15 NA NA NA NA NA NA NA NA NA NA NA NA NA NA NA NA
"28" "" 2012-12-22 28.07 "GSW" "" "LAL" "L" -3 NA NA NA NA NA NA NA NA NA NA NA NA NA NA NA NA
"29" "" 2012-12-26 28.08 "GSW" "@" "UTA" "W" 11 NA NA NA NA NA NA NA NA NA NA NA NA NA NA NA NA
"30" "" 2012-12-28 28.08 "GSW" "" "PHI" "W" 7 NA NA NA NA NA NA NA NA NA NA NA NA NA NA NA NA
"31" "" 2012-12-29 28.08 "GSW" "" "BOS" "W" 18 NA NA NA NA NA NA NA NA NA NA NA NA NA NA NA NA
"32" "" 2013-01-02 28.1 "GSW" "" "LAC" "W" 21 NA NA NA NA NA NA NA NA NA NA NA NA NA NA NA NA
"33" "" 2013-01-05 28.1 "GSW" "@" "LAC" "L" -26 NA NA NA NA NA NA NA NA NA NA NA NA NA NA NA NA
"34" "" 2013-01-09 28.12 "GSW" "" "MEM" "L" -7 NA NA NA NA NA NA NA NA NA NA NA NA NA NA NA NA
"35" "" 2013-01-11 28.12 "GSW" "" "POR" "W" 6 NA NA NA NA NA NA NA NA NA NA NA NA NA NA NA NA
"36" "" 2013-01-13 28.13 "GSW" "@" "DEN" "L" -11 NA NA NA NA NA NA NA NA NA NA NA NA NA NA NA NA
"37" "" 2013-01-16 28.13 "GSW" "" "MIA" "L" -17 NA NA NA NA NA NA NA NA NA NA NA NA NA NA NA NA
"38" "" 2013-01-18 28.14 "GSW" "@" "SAS" "L" -7 NA NA NA NA NA NA NA NA NA NA NA NA NA NA NA NA
"39" "" 2013-01-19 28.14 "GSW" "@" "NOH" "W" 4 NA NA NA NA NA NA NA NA NA NA NA NA NA NA NA NA
"40" "" 2013-01-21 28.15 "GSW" "" "LAC" "W" 7 NA NA NA NA NA NA NA NA NA NA NA NA NA NA NA NA
"41" "" 2013-01-23 28.15 "GSW" "" "OKC" "W" 5 NA NA NA NA NA NA NA NA NA NA NA NA NA NA NA NA
"42" "" 2013-01-25 28.16 "GSW" "@" "CHI" "L" -16 NA NA NA NA NA NA NA NA NA NA NA NA NA NA NA NA
"43" "" 2013-01-26 28.16 "GSW" "@" "MIL" "L" -7 NA NA NA NA NA NA NA NA NA NA NA NA NA NA NA NA
"44" "5" 2013-01-28 28.17 "GSW" "@" "TOR" "W" 12 1 23.6 0.75 0.75 5.2 30.3 18.9 12 2.2 12 20 18.9 125 94 13.6 10.6
"45" "" 2013-01-29 28.17 "GSW" "@" "CLE" "W" 13 NA NA NA NA NA NA NA NA NA NA NA NA NA NA NA NA
"46" "6" 2013-01-31 28.18 "GSW" "" "DAL" "W" 3 1 25.4833333333333 0.405 0.333 0 20.5 10.1 6.2 0 10.1 9.2 19.2 82 99 4.6 -5.2
"47" "7" 2013-02-02 28.18 "GSW" "" "PHO" "W" 20 1 24.6666666666667 0.511 0.556 20.7 8.1 14.3 11 0 8.2 0 18.9 127 100 11.9 3.8
"48" "8" 2013-02-05 28.19 "GSW" "@" "HOU" "L" -31 1 24.5166666666667 0.556 0.556 8.7 31.9 20 18.8 0 3.8 0 15.8 130 137 10.8 3.6
"49" "" 2013-02-06 28.19 "GSW" "@" "OKC" "L" -21 NA NA NA NA NA NA NA NA NA NA NA NA NA NA NA NA
"50" "9" 2013-02-08 28.2 "GSW" "@" "MEM" "L" -6 1 27.6833333333333 0.902 1 4.2 24.1 13.5 11.3 0 0 20.5 8.6 148 112 7.5 4.1
"51" "" 2013-02-09 28.2 "GSW" "@" "DAL" "L" -25 NA NA NA NA NA NA NA NA NA NA NA NA NA NA NA NA
"52" "10" 2013-02-12 28.21 "GSW" "" "HOU" "L" -9 1 26.7166666666667 0.429 0.429 15.6 29.9 22.9 22 0 3.2 22.2 14.6 101 113 7.4 -1.4
"53" "11" 2013-02-19 28.23 "GSW" "@" "UTA" "L" -14 1 15.0666666666667 0 0 15.9 25.8 20.7 8.2 0 0 0 12 50 126 -0.6 -13.2
"54" "12" 2013-02-20 28.23 "GSW" "" "PHO" "W" 10 1 29.3166666666667 0.394 0.375 15.2 27.3 21.2 22.1 3.6 7.3 0 13.9 126 96 14.7 10
"55" "" 2013-02-22 28.24 "GSW" "" "SAS" "W" 6 NA NA NA NA NA NA NA NA NA NA NA NA NA NA NA NA
"56" "" 2013-02-24 28.24 "GSW" "@" "MIN" "W" 1 NA NA NA NA NA NA NA NA NA NA NA NA NA NA NA NA
"57" "" 2013-02-26 28.25 "GSW" "@" "IND" "L" -11 NA NA NA NA NA NA NA NA NA NA NA NA NA NA NA NA
"58" "" 2013-02-27 28.25 "GSW" "@" "NYK" "L" -4 NA NA NA NA NA NA NA NA NA NA NA NA NA NA NA NA
"59" "" 2013-03-01 28.25 "GSW" "@" "BOS" "L" -8 NA NA NA NA NA NA NA NA NA NA NA NA NA NA NA NA
"60" "" 2013-03-02 28.26 "GSW" "@" "PHI" "L" -7 NA NA NA NA NA NA NA NA NA NA NA NA NA NA NA NA
"61" "13" 2013-03-04 28.26 "GSW" "" "TOR" "W" 7 1 29.9 0.5 0.5 4.7 22 15.1 3.7 0 2.4 33.3 8.9 80 114 2.2 -6.5
"62" "14" 2013-03-06 28.27 "GSW" "" "SAC" "W" 4 1 27.9 0.347 0 4.3 26.2 16 6.4 3.6 5.8 0 4.7 103 77 5.9 2.6
"63" "15" 2013-03-08 28.27 "GSW" "" "HOU" "L" -6 1 27.7666666666667 0.255 0.3 10.4 30.1 19.8 11.1 7.3 4.4 25.4 12.2 65 80 6.5 4.4
"64" "16" 2013-03-09 28.28 "GSW" "" "MIL" "L" -10 1 29.45 0.4 0.4 6.8 27.8 16.5 19.3 0 3.3 37.5 12.1 78 106 3.7 -2.1
"65" "17" 2013-03-11 28.28 "GSW" "" "NYK" "W" 29 1 22.75 0.41 0.25 9.6 33.3 23 7.1 4.9 4.6 0 10 119 53 7.1 6.9
"66" "18" 2013-03-13 28.29 "GSW" "" "DET" "W" 8 1 32.2 0.458 0.4 17 19.9 18.6 15.7 3.5 6.2 0 11.9 138 103 13.8 6.6
"67" "19" 2013-03-15 28.29 "GSW" "" "CHI" "L" -18 1 17.3166666666667 0.266 0 7.1 21.9 14.4 16.3 3 8.3 34.7 7.9 78 112 3.1 -0.8
"68" "20" 2013-03-17 28.3 "GSW" "@" "HOU" "W" 30 1 32.9166666666667 0.615 0.5 6.6 27 17.9 0 0 8.6 0 12.9 135 76 13.7 5.3
"69" "21" 2013-03-18 28.3 "GSW" "@" "NOH" "W" 21 1 30.5 0.667 0.667 4.6 24.7 16.7 27.4 1.8 9.5 14.3 11.9 137 73 13.6 14.5
"70" "22" 2013-03-20 28.31 "GSW" "@" "SAS" "L" -11 1 33.1166666666667 0.222 0.222 13.8 29 20.7 4.3 0 0 0 12.2 79 116 2.9 -7.9
"71" "23" 2013-03-23 28.32 "GSW" "" "WAS" "W" 9 1 28.4166666666667 0.625 0.625 9.9 7.3 8.4 23.7 1.8 4.8 33.3 19.2 97 97 8 2.2
"72" "24" 2013-03-25 28.32 "GSW" "" "LAL" "W" 6 1 29.9166666666667 0.515 0.667 14.3 14.9 14.6 16.1 0 4.9 20.5 7.2 129 103 7.4 4
"73" "25" 2013-03-27 28.33 "GSW" "" "SAC" "L" -7 1 26.65 0.545 0.545 21.4 16.4 18.8 11.9 1.9 11.6 8.3 19.7 119 106 15.6 8.9
"74" "26" 2013-03-30 28.33 "GSW" "" "POR" "W" 27 1 21.6833333333333 0.563 0.625 17.5 12.8 14.8 6.2 0 7 0 18.1 133 103 9.5 1.1
"75" "27" 2013-04-03 28.35 "GSW" "" "NOH" "W" 10 1 26.4166666666667 0.333 0.333 8.9 28.3 19 0 2 5.3 14.3 12.6 75 89 4.3 -4.4
"76" "28" 2013-04-05 28.35 "GSW" "@" "PHO" "W" 4 1 19.1666666666667 0.6 0.6 18.3 20 19 0 0 0 0 11.7 144 122 5.6 -5.1
"77" "29" 2013-04-07 28.36 "GSW" "" "UTA" "L" -7 1 23.4833333333333 0.333 0.333 5.5 22.2 14.8 12.4 0 3.2 50 12.5 56 107 0.8 -5.8
"78" "30" 2013-04-09 28.36 "GSW" "" "MIN" "W" 16 1 29.95 0.258 0.333 3.2 38.6 21.6 8.6 0 6.8 43.6 9.7 49 82 3.4 -3.5
"79" "31" 2013-04-11 28.37 "GSW" "" "OKC" "L" -19 1 9.08333333333333 0 0 0 50.3 24.9 0 5.3 0 25 19 0 101 -0.9 -13.6
"80" "" 2013-04-12 28.37 "GSW" "@" "LAL" "L" -2 NA NA NA NA NA NA NA NA NA NA NA NA NA NA NA NA
"81" "" 2013-04-15 28.38 "GSW" "" "SAS" "W" 10 NA NA NA NA NA NA NA NA NA NA NA NA NA NA NA NA
"82" "32" 2013-04-17 28.38 "GSW" "@" "POR" "W" 11 1 17.2833333333333 0.125 0.125 16.7 31.6 23.6 22.4 0 7.9 20 25.1 55 86 1.1 -9
"1" "1" 2013-10-30 28.92 "GSW" "" "LAL" "W" 31 1 17.9833333333333 0.5 0.5 7.2 37.4 24.5 24.6 5.2 7.5 0 4.8 166 73 8.4 12.2
"2" "2" 2013-10-31 28.92 "GSW" "@" "LAC" "L" -11 1 28.15 0.843 0.857 9 17.5 13.3 0 0 3 9 16.5 155 122 14 4.7
"3" "3" 2013-11-02 28.93 "GSW" "" "SAC" "W" 11 1 20.4666666666667 0.436 0.5 0 25.6 15.3 7.3 2.5 15.4 12.7 18.6 76 78 7.1 3.8
"4" "4" 2013-11-04 28.93 "GSW" "@" "PHI" "W" 20 1 22.95 0.725 1 0 26.6 13.8 16.1 3.8 3.3 26.6 6.4 125 75 7.2 3
"5" "5" 2013-11-06 28.94 "GSW" "@" "MIN" "W" 13 1 16.3 0.5 0.5 0 29.4 16.5 30.2 0 8 60 12.9 71 85 1.3 -0.3
"6" "6" 2013-11-08 28.95 "GSW" "@" "SAS" "L" -2 1 32.2333333333333 0.429 0.429 16.1 26.8 22.3 30.4 0 0 30 15.8 91 87 6.3 1.1
"7" "7" 2013-11-09 28.95 "GSW" "@" "MEM" "L" -18 1 29.6833333333333 0.105 0 3.6 30.3 14.7 9.8 0 2.5 45.7 13.3 31 113 -2.9 -12.4
"8" "8" 2013-11-12 28.96 "GSW" "" "DET" "W" 18 1 24.4 0.571 0.571 14.1 28.1 23 5.8 2.1 5.7 36.4 20.7 82 91 6.1 -2.9
"9" "9" 2013-11-14 28.96 "GSW" "" "OKC" "W" 1 1 29.0333333333333 0.429 0.429 7.5 23.6 14.6 8.3 5.2 0 12.5 12.3 100 113 7 -2.1
"10" "10" 2013-11-16 28.97 "GSW" "" "UTA" "W" 14 1 30.0666666666667 0.761 0.714 22.8 24.6 23.7 9.7 0 5.3 20.2 15.6 140 95 13.6 4.8
"11" "11" 2013-11-18 28.97 "GSW" "@" "UTA" "W" 11 1 32.8833333333333 0.333 0.333 9.1 29.8 19.6 5.6 1.6 8.8 7.7 17.9 83 84 9 -0.5
"12" "12" 2013-11-20 28.98 "GSW" "" "MEM" "L" -7 1 43.2166666666667 0.75 0.75 9.4 25.9 18.9 8.6 0 3.2 11.1 11.1 137 95 14.4 5.5
"13" "13" 2013-11-22 28.98 "GSW" "@" "LAL" "L" -7 1 32.3666666666667 0.497 0.556 13.2 32.6 22.4 27.9 3.2 2.6 7.6 17.3 116 101 14.8 6.9
"14" "14" 2013-11-23 28.99 "GSW" "" "POR" "L" -12 1 34.9 0.5 0.5 10.6 25.3 18.8 4.1 0 4.2 33.3 7.6 92 107 4.9 -2.1
"15" "" 2013-11-26 28.99 "GSW" "@" "NOP" "W" 1 NA NA NA NA NA NA NA NA NA NA NA NA NA NA NA NA
"16" "15" 2013-11-27 29 "GSW" "@" "DAL" "L" -4 1 27.7666666666667 0.581 0.667 12.6 22.4 18.2 6.9 0 0 12.7 12.5 114 108 8.1 0.6
"17" "16" 2013-11-29 29 "GSW" "@" "OKC" "L" -1 1 31.2333333333333 0.751 0.75 12.6 13.6 13.1 0 0 9.2 30 18.4 108 101 10.8 1.5
"18" "17" 2013-12-01 29.01 "GSW" "@" "SAC" "W" 2 1 23.9833333333333 0.773 1 10.5 60.6 33.8 5.6 4.1 10.5 0 7.1 165 96 11.9 8.2
"19" "18" 2013-12-03 29.01 "GSW" "" "TOR" "W" 9 1 25.4166666666667 0.714 0.714 9.9 15.7 12.8 6.2 0 0 22.2 16.7 115 118 7.7 -3.4
"20" "19" 2013-12-06 29.02 "GSW" "@" "HOU" "L" -22 1 18.3666666666667 0.667 0.667 10.9 16.7 13.8 0 0 4.8 0 6.9 147 105 3.7 -0.6
"21" "20" 2013-12-07 29.02 "GSW" "@" "MEM" "W" 26 1 27.1333333333333 0.5 0.5 32.6 18.1 24.4 4.8 2.1 4.7 20 17 115 93 10.7 2.2
"22" "21" 2013-12-09 29.03 "GSW" "@" "CHA" "L" -4 1 25.35 1 1 3.9 41.7 23 5.7 0 4.6 33.3 9.9 127 104 9.3 3.4
"23" "22" 2013-12-11 29.04 "GSW" "" "DAL" "W" 2 1 34.7333333333333 0.6 0.6 11.3 44 26.7 4.2 0 4.3 28.6 8.7 105 93 10.8 2.5
"24" "23" 2013-12-13 29.04 "GSW" "" "HOU" "L" -4 1 26.9666666666667 0.714 0.714 12.1 32.4 22.2 10.4 3.6 3.6 22.2 13.5 124 108 12.5 7.7
"25" "24" 2013-12-15 29.05 "GSW" "@" "PHO" "L" -4 1 36.65 0.521 0.667 5.1 35.7 19.3 9.1 1.3 7.6 31.6 14.5 78 97 8.7 1.1
"26" "25" 2013-12-17 29.05 "GSW" "" "NOP" "W" 11 1 20.6666666666667 0.8 0.8 9.5 35.1 22.8 0 0 3.3 16.7 12.3 132 91 9.2 4.4
"27" "26" 2013-12-19 29.06 "GSW" "" "SAS" "L" -2 1 32.3833333333333 1.031 1 6.9 55.2 31 7.9 2.9 7.2 34 7.3 138 87 16.4 10.7
"28" "27" 2013-12-21 29.06 "GSW" "" "LAL" "W" 19 1 27.75 0.5 0.5 28.8 37.3 32.9 0 1.7 5.8 14.3 19.8 108 71 14.8 3.1
"29" "28" 2013-12-23 29.07 "GSW" "@" "DEN" "W" 8 1 30.5333333333333 0.41 0.5 17.1 21.9 19.4 4.8 0 6.9 17 8.6 102 84 7.9 2.4
"30" "29" 2013-12-25 29.07 "GSW" "" "LAC" "W" 2 1 27.8 0.625 0.625 21.6 35.4 27.8 5.5 3.6 0 0 11.7 150 101 14.9 7.9
"31" "30" 2013-12-27 29.08 "GSW" "" "PHO" "W" 29 1 21.6166666666667 0.5 0.5 5.6 19.5 13.7 0 0 10.1 20 19.1 84 83 5.5 -2.5
"32" "31" 2013-12-29 29.08 "GSW" "@" "CLE" "W" 4 1 28.8 0.857 0.857 7.5 11.7 9.6 11.9 0 0 30 15.3 114 106 9.4 0.7
"33" "32" 2013-12-31 29.09 "GSW" "@" "ORL" "W" 13 1 21.6666666666667 0.68 0.8 11.1 37.6 26.2 0 0 0 0 12.2 140 86 9.4 4.8
"34" "33" 2014-01-02 29.1 "GSW" "@" "MIA" "W" 9 1 17.75 0.6 0.6 0 20.8 11.4 7.1 0 0 0 12.5 126 118 4.9 -0.1
"35" "34" 2014-01-03 29.1 "GSW" "@" "ATL" "W" 1 1 17.8333333333333 0.6 0.6 17.2 39.4 27.5 26.1 2.7 16.5 28.6 15.8 106 86 10 9.5
"36" "35" 2014-01-05 29.1 "GSW" "@" "WAS" "W" 16 1 25.8833333333333 0.759 0.778 9 36.3 23.4 12.4 3.9 11.2 9.2 19.1 143 82 19.6 16.1
"37" "36" 2014-01-07 29.11 "GSW" "@" "MIL" "W" 21 1 24.3666666666667 0.667 0.667 18.8 35.5 27.8 19 0 3 33.3 16 110 84 9.9 5.9
"38" "37" 2014-01-08 29.11 "GSW" "@" "BRK" "L" -4 1 31.0333333333333 0.714 0.714 4.2 28.1 17.2 0 1.6 5.3 0 10.2 143 99 11.8 5.8
"39" "38" 2014-01-10 29.12 "GSW" "" "BOS" "W" 2 1 28.3333333333333 0.333 0.333 13.3 34.7 23.2 14.7 0 2.6 0 9.1 114 97 7.7 0.8
"40" "39" 2014-01-15 29.13 "GSW" "" "DEN" "L" -7 1 24.15 0.833 0.833 8.6 38.8 22.8 6.8 1.9 6.7 40 17.1 96 110 9.9 2
"41" "40" 2014-01-17 29.14 "GSW" "@" "OKC" "L" -6 1 21.6666666666667 0.556 0.8 10.8 20.1 15 0 4.5 0 21.7 17.9 87 122 5.6 -3.9
"42" "41" 2014-01-18 29.14 "GSW" "@" "NOP" "W" 10 1 33.7333333333333 1 1 16.9 29.6 23.7 9.5 0 9.9 28.6 9.9 152 89 15.9 8.1
"43" "42" 2014-01-20 29.15 "GSW" "" "IND" "L" -8 1 30.8833333333333 0.625 0.625 9.7 31.7 20.8 11.4 1.7 4.3 27.3 15.6 100 98 10.3 2.9
"44" "43" 2014-01-24 29.16 "GSW" "" "MIN" "L" -1 1 32.0166666666667 0.8 0.8 11.5 26.1 19.4 3.5 0 14.6 0 6.8 175 109 14.2 6.7
"45" "44" 2014-01-26 29.16 "GSW" "" "POR" "W" 15 1 25.15 0.667 0.667 11 10.8 10.9 0 2 6.2 25 7 120 89 5.9 -0.3
"46" "45" 2014-01-28 29.17 "GSW" "" "WAS" "L" -3 1 28.8 0.667 0.667 6.8 37 22.7 12.5 0 7.4 40 7.6 97 79 8 2.5
"47" "46" 2014-01-30 29.17 "GSW" "" "LAC" "W" 19 1 28.05 0.636 0.636 28.5 38 33.4 0 1.8 9.9 8.3 18.5 138 87 17.1 7.4
"48" "47" 2014-01-31 29.18 "GSW" "@" "UTA" "W" 5 1 36.2666666666667 0.727 0.727 10.6 49.2 26.5 29.5 2.9 6.2 8.3 14.9 150 88 23.6 15.8
"49" "48" 2014-02-04 29.19 "GSW" "" "CHA" "L" -16 1 29.85 0.375 0.375 19.7 31.4 24.6 6.7 1.7 0 27.3 15.2 74 95 5.6 -4.9
"50" "" 2014-02-06 29.19 "GSW" "" "CHI" "W" 15 NA NA NA NA NA NA NA NA NA NA NA NA NA NA NA NA
"51" "" 2014-02-08 29.2 "GSW" "@" "PHO" "L" -13 NA NA NA NA NA NA NA NA NA NA NA NA NA NA NA NA
"52" "" 2014-02-10 29.2 "GSW" "" "PHI" "W" 43 NA NA NA NA NA NA NA NA NA NA NA NA NA NA NA NA
"53" "" 2014-02-12 29.21 "GSW" "" "MIA" "L" -1 NA NA NA NA NA NA NA NA NA NA NA NA NA NA NA NA
"54" "" 2014-02-19 29.23 "GSW" "@" "SAC" "W" 9 NA NA NA NA NA NA NA NA NA NA NA NA NA NA NA NA
"55" "" 2014-02-20 29.23 "GSW" "" "HOU" "W" 3 NA NA NA NA NA NA NA NA NA NA NA NA NA NA NA NA
"56" "" 2014-02-22 29.24 "GSW" "" "BRK" "W" 7 NA NA NA NA NA NA NA NA NA NA NA NA NA NA NA NA
"57" "49" 2014-02-24 29.24 "GSW" "@" "DET" "W" 8 1 29.4 0.296 0.2 8.2 16.7 12.8 18 1.8 1.9 12.9 12.1 94 100 4.1 -3.6
"58" "50" 2014-02-26 29.25 "GSW" "@" "CHI" "L" -20 1 23 0.8 0.8 4.3 21.7 12.9 0 0 3 44.4 17.1 76 105 3.4 -5.6
"59" "51" 2014-02-28 29.25 "GSW" "@" "NYK" "W" 23 1 12.45 0.872 1 7.9 46.3 27.3 11.9 0 0 22.5 14.2 132 92 4.9 0.8
"60" "52" 2014-03-02 29.26 "GSW" "@" "TOR" "L" -6 1 30.5666666666667 0.41 0.5 13.7 27.7 19.6 4.6 3.6 8.3 17 8.4 97 106 9.6 3.2
"61" "53" 2014-03-04 29.26 "GSW" "@" "IND" "W" 2 1 22.1666666666667 0.387 0.333 4.9 25.2 14.9 6.2 2.4 9.3 0 8.1 104 93 5.3 1.8
"62" "54" 2014-03-05 29.27 "GSW" "@" "BOS" "W" 20 1 23.7666666666667 0.5 0.5 18.4 19.7 19 19.3 2.1 16.2 20 8.8 127 85 10 7.9
"63" "55" 2014-03-07 29.27 "GSW" "" "ATL" "W" 14 1 22.1166666666667 0.833 0.833 17.6 30.3 24.4 20.3 4.6 4.2 25 16.3 135 92 13.7 11.9
"64" "56" 2014-03-09 29.28 "GSW" "" "PHO" "W" 6 1 14.4333333333333 1 1 0 9.5 4.4 0 3.5 0 0 6.3 200 110 3.9 1.7
"65" "57" 2014-03-11 29.28 "GSW" "" "DAL" "W" 23 1 30.0333333333333 0.759 0.778 8.6 26.1 18.6 5.4 0 2.5 9.2 16.3 140 85 13.3 4.9
"66" "58" 2014-03-12 29.28 "GSW" "@" "LAC" "L" -13 1 25.7666666666667 0.551 0.6 4.2 22.7 13.1 18.4 0 2.7 0 9.7 126 115 6.3 1.5
"67" "59" 2014-03-14 29.29 "GSW" "" "CLE" "L" -9 1 27.9 0.5 0.5 12.3 37.8 24.9 16.4 0 8.6 20 8.4 119 100 8 1.9
"68" "60" 2014-03-16 29.3 "GSW" "@" "POR" "W" 1 1 26.5833333333333 0.6 0.6 11.8 16.8 14.2 14.8 1.9 9 16.7 9.9 133 110 10.4 7.6
"69" "" 2014-03-18 29.3 "GSW" "" "ORL" "W" 14 NA NA NA NA NA NA NA NA NA NA NA NA NA NA NA NA
"70" "61" 2014-03-20 29.31 "GSW" "" "MIL" "W" 5 1 27 0.8 0.8 4.8 47.7 27.4 9.9 0 0 0 8.4 170 111 9.9 4
"71" "62" 2014-03-22 29.31 "GSW" "" "SAS" "L" -9 1 26.8 0.143 0.143 25.6 37.9 32.4 12.3 0 11.7 12.5 13.3 73 90 6.6 -0.4
"72" "63" 2014-03-28 29.33 "GSW" "" "MEM" "W" 7 1 4.01666666666667 0 0 35.1 28.5 31.4 29.9 0 0 50 24.1 56 109 0 -12
"73" "" 2014-03-30 29.33 "GSW" "" "NYK" "L" -5 NA NA NA NA NA NA NA NA NA NA NA NA NA NA NA NA
"74" "" 2014-04-01 29.34 "GSW" "@" "DAL" "W" 2 NA NA NA NA NA NA NA NA NA NA NA NA NA NA NA NA
"75" "" 2014-04-02 29.34 "GSW" "@" "SAS" "L" -21 NA NA NA NA NA NA NA NA NA NA NA NA NA NA NA NA
"76" "" 2014-04-04 29.35 "GSW" "" "SAC" "W" 33 NA NA NA NA NA NA NA NA NA NA NA NA NA NA NA NA
"77" "64" 2014-04-06 29.35 "GSW" "" "UTA" "W" 28 1 22.5333333333333 0.75 0.75 6.1 45.3 28.6 9.3 2.1 0 20 9.7 135 95 7.9 2.7
"78" "65" 2014-04-10 29.36 "GSW" "" "DEN" "L" -1 1 26.6833333333333 0.5 0.5 12.3 15.8 14.2 4.9 0 5.1 20 8.4 108 101 5.5 -2.6
"79" "66" 2014-04-11 29.37 "GSW" "@" "LAL" "W" 17 1 23.3333333333333 1 1 8.9 27.2 18.7 5 0 6.7 0 3.6 211 91 8.2 3.6
"80" "67" 2014-04-13 29.37 "GSW" "@" "POR" "L" -2 1 31.6833333333333 0.333 0.333 7.4 30 17.9 15.8 1.6 0 0 4.5 139 113 6 1.9
"81" "" 2014-04-14 29.38 "GSW" "" "MIN" "W" 10 NA NA NA NA NA NA NA NA NA NA NA NA NA NA NA NA
"82" "" 2014-04-16 29.38 "GSW" "@" "DEN" "W" 4 NA NA NA NA NA NA NA NA NA NA NA NA NA NA NA NA
"1" "1" 2014-10-29 29.92 "GSW" "@" "SAC" "W" 18 1 18.0666666666667 1 1 0 25.5 14.1 0 0 17.7 33.3 7.2 109 68 5.1 6
"2" "2" 2014-11-01 29.93 "GSW" "" "LAL" "W" 23 1 30.3833333333333 0.3 0.3 24.7 16.5 19.7 11.5 1.6 4.3 33.3 20.5 75 100 3.1 -9.6
"3" "3" 2014-11-02 29.93 "GSW" "@" "POR" "W" 5 1 31.5333333333333 0.799 0.833 9.9 26.9 18.8 16.1 1.6 4.7 30.4 14 118 86 13.5 7.1
"4" "4" 2014-11-05 29.94 "GSW" "" "LAC" "W" 17 1 34.2 0.6 0.6 14.5 38.6 28.5 18.1 0 0 37.5 10.6 117 105 8.4 3
"5" "5" 2014-11-08 29.95 "GSW" "@" "HOU" "W" 11 1 36.5333333333333 0.383 0.4 11.7 33.4 23.6 3.9 0 11.9 16.1 13.6 84 78 9.9 1.5
"6" "6" 2014-11-09 29.95 "GSW" "@" "PHO" "L" -12 1 25.55 0.333 0.333 0 35.8 20 12.8 3.7 3.8 40 18 49 95 1.5 -5.3
"7" "7" 2014-11-11 29.95 "GSW" "" "SAS" "L" -13 1 25.8166666666667 1 1 0 20.7 12.6 27.1 3.8 0 50 7.6 125 111 7.2 8.6
"8" "8" 2014-11-13 29.96 "GSW" "" "BRK" "W" 8 1 31 0.598 0.571 22.6 28.5 25.2 22.2 1.6 8.5 9.8 14.5 143 95 19 10.1
"9" "9" 2014-11-15 29.96 "GSW" "" "CHO" "W" 25 1 21.55 0.825 0.857 10.6 31.2 21.8 14.1 2.3 0 20.2 20.5 132 85 12.8 8.8
"10" "10" 2014-11-16 29.97 "GSW" "@" "LAL" "W" 21 1 21.1333333333333 0.794 0.778 0 37.9 22.9 30.2 0 2.7 0 18.3 171 99 16.4 14.2
"11" "11" 2014-11-21 29.98 "GSW" "" "UTA" "W" 13 1 19.9666666666667 0.75 0.75 6.5 15 11.3 18.1 0 3.7 0 18.6 151 95 11.3 9.5
"12" "12" 2014-11-23 29.99 "GSW" "@" "OKC" "W" 5 1 8.15 0.333 0.333 0 11.3 5.4 21.7 6.1 16.1 25 20.9 58 72 2.7 7.3
"13" "13" 2014-11-25 29.99 "GSW" "@" "MIA" "W" 17 1 31.5333333333333 0.8 0.8 0 29.3 17.9 20.6 1.7 4.9 28.6 11.1 132 98 12.2 8.3
"14" "14" 2014-11-26 29.99 "GSW" "@" "ORL" "W" 15 1 23.9 0.381 0.429 14.3 35.4 25.9 37 4.1 6 11.3 16.5 114 82 12.4 11.3
"15" "15" 2014-11-28 30 "GSW" "@" "CHO" "W" 5 1 24.1166666666667 0.615 0.5 7.7 15.7 11.1 26.2 0 8.8 29.1 11.6 116 101 8.7 5.6
"16" "16" 2014-11-30 30.01 "GSW" "@" "DET" "W" 11 1 28.7166666666667 0.429 0.429 13.2 18.2 16.2 10.5 0 12.3 22.2 14.1 91 90 7.5 1.3
"17" "17" 2014-12-02 30.01 "GSW" "" "ORL" "W" 1 1 32.0833333333333 0.444 0.429 13.3 27.2 20.2 13.4 3.2 10.7 20.2 14.1 100 90 12.5 4.8
"18" "18" 2014-12-04 30.02 "GSW" "" "NOP" "W" 27 1 29.2666666666667 0.444 0.444 11.9 23.9 17.5 4.1 0 8.9 10 14.1 104 83 9.9 -0.6
"19" "19" 2014-12-06 30.02 "GSW" "@" "CHI" "W" 10 1 27.2333333333333 0.269 0.286 25.7 21 23.5 14.5 3.7 0 28.7 16.6 86 103 6.6 -5.2
"20" "20" 2014-12-08 30.03 "GSW" "@" "MIN" "W" 16 1 2.46666666666667 0 0 0 100 77.8 0 0 50.5 33.3 51.1 0 0 0.2 -13.9
"21" "" 2014-12-10 30.03 "GSW" "" "HOU" "W" 12 NA NA NA NA NA NA NA NA NA NA NA NA NA NA NA NA
"22" "" 2014-12-13 30.04 "GSW" "@" "DAL" "W" 7 NA NA NA NA NA NA NA NA NA NA NA NA NA NA NA NA
"23" "" 2014-12-14 30.04 "GSW" "@" "NOP" "W" 6 NA NA NA NA NA NA NA NA NA NA NA NA NA NA NA NA
"24" "" 2014-12-16 30.05 "GSW" "@" "MEM" "L" -7 NA NA NA NA NA NA NA NA NA NA NA NA NA NA NA NA
"25" "" 2014-12-18 30.05 "GSW" "" "OKC" "W" 5 NA NA NA NA NA NA NA NA NA NA NA NA NA NA NA NA
"26" "" 2014-12-22 30.07 "GSW" "" "SAC" "W" 20 NA NA NA NA NA NA NA NA NA NA NA NA NA NA NA NA
"27" "" 2014-12-23 30.07 "GSW" "@" "LAL" "L" -10 NA NA NA NA NA NA NA NA NA NA NA NA NA NA NA NA
"28" "" 2014-12-25 30.07 "GSW" "@" "LAC" "L" -14 NA NA NA NA NA NA NA NA NA NA NA NA NA NA NA NA
"29" "" 2014-12-27 30.08 "GSW" "" "MIN" "W" 13 NA NA NA NA NA NA NA NA NA NA NA NA NA NA NA NA
"30" "" 2014-12-30 30.09 "GSW" "" "PHI" "W" 40 NA NA NA NA NA NA NA NA NA NA NA NA NA NA NA NA
"31" "" 2015-01-02 30.1 "GSW" "" "TOR" "W" 21 NA NA NA NA NA NA NA NA NA NA NA NA NA NA NA NA
"32" "" 2015-01-05 30.1 "GSW" "" "OKC" "W" 26 NA NA NA NA NA NA NA NA NA NA NA NA NA NA NA NA
"33" "21" 2015-01-07 30.11 "GSW" "" "IND" "W" 15 0 14.6833333333333 0.5 0.5 14.2 57.7 32.7 0 0 0 0 11.8 123 103 4.8 -2.5
"34" "22" 2015-01-09 30.12 "GSW" "" "CLE" "W" 18 0 19.6833333333333 0.667 0.667 0 24.9 13.7 19.2 0 3.9 0 6.9 155 98 5.4 3.5
"35" "23" 2015-01-13 30.13 "GSW" "@" "UTA" "W" 11 1 25.9666666666667 0.827 0.8 4.7 35.9 19.7 14.4 0 3.1 26.9 13 129 110 9.1 1.2
"36" "24" 2015-01-14 30.13 "GSW" "" "MIA" "W" 15 1 24.7166666666667 0.725 0 0 26.2 12.6 10.2 2.2 0 26.6 7.1 132 96 4.6 -0.7
"37" "" 2015-01-16 30.13 "GSW" "@" "OKC" "L" -12 NA NA NA NA NA NA NA NA NA NA NA NA NA NA NA NA
"38" "25" 2015-01-17 30.14 "GSW" "@" "HOU" "W" 25 1 19.9166666666667 0.5 0.5 5.9 25.6 16.4 10.1 0 7.4 60 10.1 66 99 1.8 -5.4
"39" "26" 2015-01-19 30.14 "GSW" "" "DEN" "W" 43 1 22.15 0.307 0.25 5.7 28.1 18.8 15.5 0 3.4 29.1 14.1 78 79 3.4 -3.3
"40" "27" 2015-01-21 30.15 "GSW" "" "HOU" "W" 13 1 22.4833333333333 0.699 0.667 9.5 36.3 23.2 5.3 2.1 19.4 23.7 14.8 118 95 13 8.7
"41" "28" 2015-01-23 30.15 "GSW" "" "SAC" "W" 25 1 23.8833333333333 0.667 0.667 0 22.3 11.3 16.3 0 6.2 0 10 150 99 9.6 4.9
"42" "29" 2015-01-25 30.16 "GSW" "" "BOS" "W" 3 1 28.4 0.623 0.6 15.4 29.8 23.1 21.2 1.6 2.5 16.1 18.6 123 101 15.6 6.3
"43" "" 2015-01-27 30.16 "GSW" "" "CHI" "L" -2 NA NA NA NA NA NA NA NA NA NA NA NA NA NA NA NA
"44" "30" 2015-01-30 30.17 "GSW" "@" "UTA" "L" -10 1 23.35 0.667 0.667 8.4 8.7 8.6 25 0 0 25 7.5 133 119 5.3 1.6
"45" "31" 2015-01-31 30.18 "GSW" "" "PHO" "W" 19 1 22 0.4 0.4 9.5 21.8 15.9 18.4 6.6 0 28.6 13.9 88 76 6.1 2.6
"46" "32" 2015-02-03 30.18 "GSW" "@" "SAC" "W" 25 1 19.4 0.872 1 0 30.2 14.9 25.7 0 7.9 22.5 9.7 140 95 7.8 8.6
"47" "33" 2015-02-04 30.19 "GSW" "" "DAL" "W" 14 1 22.1166666666667 1 1 17.1 21.7 19.7 11.3 0 0 25 7.9 170 116 7.5 1.8
"48" "34" 2015-02-06 30.19 "GSW" "@" "ATL" "L" -8 1 22.1166666666667 0.512 0.5 4.1 36.2 17.1 5.1 0 13 45 15.6 63 115 3.1 -7.8
"49" "35" 2015-02-07 30.19 "GSW" "@" "NYK" "W" 14 1 17.95 0.717 0.75 13 26.2 20.3 27.7 0 7.8 0 12.4 169 95 9.8 11
"50" "36" 2015-02-09 30.2 "GSW" "@" "PHI" "W" 5 1 30.2166666666667 0.694 1 6.6 25.3 15.5 15.5 1.6 5.8 0 4.3 158 82 9.8 3.6
"51" "37" 2015-02-11 30.21 "GSW" "@" "MIN" "W" 3 1 31.8333333333333 0.5 0.5 9.2 21.1 15.2 13.9 0 0 28.6 19.4 84 96 5.3 -6.2
"52" "38" 2015-02-20 30.23 "GSW" "" "SAS" "W" 11 1 24.4 0.5 0.5 4.8 22.9 14.1 15.9 0 9.5 0 7.6 137 101 7.6 4.7
"53" "39" 2015-02-22 30.24 "GSW" "@" "IND" "L" -6 1 27.1333333333333 0.333 0.333 6.8 31.8 17.5 23.2 1.9 0 14.3 11.5 93 109 6.1 -0.5
"54" "40" 2015-02-24 30.24 "GSW" "@" "WAS" "W" 7 1 20.4833333333333 0.25 0.25 0 13.8 6.3 5.5 0 0 0 8.8 63 110 -0.3 -10
"55" "41" 2015-02-26 30.25 "GSW" "@" "CLE" "L" -11 1 20.6166666666667 0.375 0.375 8.2 18.4 12.3 14.5 0 9.5 11.1 18.3 86 111 4.9 -3.1
"56" "42" 2015-02-27 30.25 "GSW" "@" "TOR" "W" 24 1 18.7 0.644 0.667 0 44.6 23.1 20.9 5.3 0 43.6 16.4 83 79 5.6 2.8
"57" "43" 2015-03-01 30.25 "GSW" "@" "BOS" "W" 5 1 18.7166666666667 0.167 0.167 19 25.2 22.3 20.6 2.6 6.6 0 13.7 94 90 6.5 3.9
"58" "44" 2015-03-02 30.26 "GSW" "@" "BRK" "L" -2 1 25.1 0.8 0.8 17.4 17.4 17.4 0 0 8.4 23.1 22 119 115 13.3 0.5
"59" "45" 2015-03-04 30.26 "GSW" "" "MIL" "W" 9 1 20 0.902 1 0 31.3 17.8 0 2.5 0 43.6 16.5 75 92 4.3 -5.9
"60" "46" 2015-03-06 30.27 "GSW" "" "DAL" "W" 15 1 22.3 0.4 0.4 26.9 38.3 32.9 25.6 2.1 9.6 28.6 13.5 107 75 9.5 7.4
"61" "47" 2015-03-08 30.27 "GSW" "" "LAC" "W" 8 1 19.4666666666667 0.5 0.5 0 25.3 13 0 2.6 4.3 33.3 7.2 61 99 2.1 -4.5
"62" "48" 2015-03-09 30.28 "GSW" "@" "PHO" "W" 18 1 23.05 1 1 5.2 27.8 17.1 12.7 2.1 3.2 50 3.8 130 80 4.7 2.9
"63" "49" 2015-03-11 30.28 "GSW" "" "DET" "W" 7 1 30.35 0.75 0.75 7.9 12.4 10.4 13.7 0 3.7 11.1 13.3 142 105 13.5 7.1
"64" "" 2015-03-13 30.29 "GSW" "@" "DEN" "L" -11 NA NA NA NA NA NA NA NA NA NA NA NA NA NA NA NA
"65" "50" 2015-03-14 30.29 "GSW" "" "NYK" "W" 31 1 21.6833333333333 0.4 0.4 5.7 16.4 11.9 16.4 0 0 0 10.4 121 104 4.5 -5.1
"66" "51" 2015-03-16 30.3 "GSW" "" "LAL" "W" 3 1 30.5333333333333 0.667 0.667 7.5 19.7 13.4 14 1.6 2.2 25 11.6 113 109 8.9 -1
"67" "52" 2015-03-18 30.3 "GSW" "" "ATL" "W" 19 1 21.5666666666667 0 0 22.8 45.4 35.4 5.1 0 10.3 57.1 14.1 47 82 1.3 -10.2
"68" "53" 2015-03-20 30.31 "GSW" "" "NOP" "W" 16 1 14.7166666666667 0.551 0.6 14.5 25.1 19.4 9.5 3.4 5.9 0 16.4 128 93 6.4 2.2
"69" "54" 2015-03-21 30.31 "GSW" "" "UTA" "W" 15 1 29.7833333333333 0.8 0.8 9.5 25.4 17.9 25.5 1.8 9.5 16.7 9.7 153 96 13.3 11
"70" "55" 2015-03-23 30.32 "GSW" "" "WAS" "W" 31 1 23.3333333333333 0.429 0.429 19.8 30 24.7 12.5 0 5.9 12.5 14.3 113 77 8.9 2.3
"71" "56" 2015-03-24 30.32 "GSW" "@" "POR" "W" 14 1 23.8 0.625 0.625 34.8 42.7 39.8 30.3 2.1 0 20 20 138 102 15.6 9.7
"72" "57" 2015-03-27 30.33 "GSW" "@" "MEM" "W" 23 1 27.3833333333333 0.5 0.5 7.6 28.4 16.9 14.1 3.8 0 50 6.3 96 89 6.3 1.8
"73" "58" 2015-03-28 30.33 "GSW" "@" "MIL" "W" 13 1 18.7333333333333 0.667 0.667 7.5 24.2 17.7 6.9 0 10.7 40 11.6 89 89 4.9 1.8
"74" "59" 2015-03-31 30.34 "GSW" "@" "LAC" "W" 4 1 30.0833333333333 0.551 0.6 7.8 26 17.1 24 0 2.7 26.9 10.9 107 110 6.6 1.2
"75" "60" 2015-04-02 30.34 "GSW" "" "PHO" "W" 1 1 22.6666666666667 0.571 0.571 24 14.4 19.6 18.4 2.1 6 12.5 14.9 133 101 12.9 8.2
"76" "61" 2015-04-04 30.35 "GSW" "@" "DAL" "W" 13 1 17.95 0.571 0.571 15.7 44.6 29.7 16.6 0 4.2 12.5 17.4 124 99 8.7 3.1
"77" "62" 2015-04-05 30.35 "GSW" "@" "SAS" "L" -15 1 18.7333333333333 0.714 0.714 15.1 29.3 20.9 19.6 0 4.1 22.2 21.9 117 111 9.7 6.3
"78" "63" 2015-04-07 30.36 "GSW" "@" "NOP" "L" -3 1 28.1333333333333 0.5 0.5 7.1 21.8 14.4 14.6 1.7 24 27.3 17 88 84 11.6 7
"79" "64" 2015-04-09 30.36 "GSW" "" "POR" "W" 11 1 31.9166666666667 0.833 0.833 7.7 16.3 12.4 14.9 0 0 0 8.4 184 113 13.5 7.3
"80" "65" 2015-04-11 30.37 "GSW" "" "MIN" "W" 9 1 24.4333333333333 0.394 0.375 4.4 21.8 13.1 5.4 0 0 25.3 20.4 68 109 -0.3 -16.8
"81" "66" 2015-04-13 30.37 "GSW" "" "MEM" "W" 4 1 16.5166666666667 0.75 0.75 18.2 28.5 24.5 28.8 0 3.5 0 10.9 176 102 8.5 8.8
"82" "67" 2015-04-15 30.38 "GSW" "" "DEN" "W" 7 1 16.2 1 1 6.6 24.7 14.6 26.9 0 9.1 50 5 148 117 5.7 5.8
"1" "1" 2015-10-27 30.91 "GSW" "" "NOP" "W" 16 1 18.7 1 1 5.6 23.9 14.4 50.1 0 7.9 0 12.3 206 92 16.2 26.4
"2" "" 2015-10-30 30.92 "GSW" "@" "HOU" "W" 20 NA NA NA NA NA NA NA NA NA NA NA NA NA NA NA NA
"3" "" 2015-10-31 30.92 "GSW" "@" "NOP" "W" 14 NA NA NA NA NA NA NA NA NA NA NA NA NA NA NA NA
"4" "" 2015-11-02 30.93 "GSW" "" "MEM" "W" 50 NA NA NA NA NA NA NA NA NA NA NA NA NA NA NA NA
"5" "" 2015-11-04 30.93 "GSW" "" "LAC" "W" 4 NA NA NA NA NA NA NA NA NA NA NA NA NA NA NA NA
"6" "" 2015-11-06 30.94 "GSW" "" "DEN" "W" 15 NA NA NA NA NA NA NA NA NA NA NA NA NA NA NA NA
"7" "" 2015-11-07 30.94 "GSW" "@" "SAC" "W" 9 NA NA NA NA NA NA NA NA NA NA NA NA NA NA NA NA
"8" "2" 2015-11-09 30.95 "GSW" "" "DET" "W" 14 0 18.9666666666667 0.571 0.571 30.1 25.3 27.8 15.4 0 0 12.5 18 129 102 8.6 0.5
"9" "3" 2015-11-11 30.95 "GSW" "@" "MEM" "W" 16 0 14.9666666666667 0.387 0.333 0 57.6 29.2 9.8 0 0 43.6 20.4 50 80 -1.3 -13.8
"10" "4" 2015-11-12 30.96 "GSW" "@" "MIN" "W" 13 0 21.05 0.667 0.667 12 21.7 17.1 10.5 2.3 8.8 25 8.5 135 109 8 3.6
"11" "5" 2015-11-14 30.96 "GSW" "" "BRK" "W" 8 0 31.8833333333333 0.714 0.714 16.6 43.2 29.9 19.2 3.2 6.2 22.2 13 132 83 17.8 9.7
"12" "6" 2015-11-17 30.97 "GSW" "" "TOR" "W" 5 1 17.35 0.752 0.833 15 29.9 22.4 19 2.8 4.5 18.8 26.3 126 103 11.3 7.5
"13" "7" 2015-11-19 30.98 "GSW" "@" "LAC" "W" 7 1 20.4 0.333 0.333 0 5.2 3 13.2 0 0 0 6.5 107 124 1.2 -4.7
"14" "8" 2015-11-20 30.98 "GSW" "" "CHI" "W" 12 1 18.3833333333333 0.521 0.5 13.4 9.9 11.4 14.4 2.8 11.9 25.8 9.7 116 93 5.5 5.3
"15" "9" 2015-11-22 30.98 "GSW" "@" "DEN" "W" 13 1 17.8 0.8 0.8 6.9 28.1 18.6 14.9 2.6 11.4 37.5 18.6 100 91 8.6 4.3
"16" "10" 2015-11-24 30.99 "GSW" "" "LAL" "W" 34 1 20.9166666666667 0.571 0.571 4.7 31.3 17.3 12.8 0 7.4 0 15.1 129 79 9.2 4.4
"17" "11" 2015-11-27 31 "GSW" "@" "PHO" "W" 19 1 13.0166666666667 0.595 0.6 0 15.1 8.9 21.1 0 11.2 14.5 21.6 118 103 5.1 -1.3
"18" "12" 2015-11-28 31 "GSW" "" "SAC" "W" 19 1 19.5333333333333 0.667 0.667 0 18.2 10.2 14.4 0 6.6 0 6.8 156 104 5.5 1.7
"19" "13" 2015-11-30 31.01 "GSW" "@" "UTA" "W" 3 1 21.8333333333333 1 1 11.3 10.7 11 18.5 0 3.1 50 8.5 125 115 3.8 0.1
"20" "14" 2015-12-02 31.01 "GSW" "@" "CHO" "W" 17 1 22.8333333333333 1 1 16.2 30.6 24.6 10.1 0 3.3 0 3.8 218 96 10 8.8
"21" "" 2015-12-05 31.02 "GSW" "@" "TOR" "W" 3 NA NA NA NA NA NA NA NA NA NA NA NA NA NA NA NA
"22" "15" 2015-12-06 31.02 "GSW" "@" "BRK" "W" 16 1 15.8666666666667 0 0 6.7 19.3 13.2 13.8 0 8.4 34.7 8.1 60 98 1.1 -5.2
"23" "16" 2015-12-08 31.03 "GSW" "@" "IND" "W" 8 1 23.3666666666667 0.875 0.875 16.2 27.7 22.8 5.5 1.9 6.1 11.1 15.9 161 108 16.3 8.5
"24" "17" 2015-12-11 31.04 "GSW" "@" "BOS" "W" 5 1 23.2833333333333 0.2 0.2 4.4 32.7 19 6.3 0 9.2 16.7 10.5 54 91 2.2 -5.6
"25" "18" 2015-12-12 31.04 "GSW" "@" "MIL" "L" -13 1 21.9666666666667 0.333 0.333 0 36.4 16.4 19.4 0 14.4 0 5.7 106 95 7.6 7.3
"26" "19" 2015-12-16 31.05 "GSW" "" "PHO" "W" 25 1 21.4333333333333 0 NA 5.2 52.4 29.9 14.6 2.1 3.2 77.3 7.4 57 88 2.4 -2.2
"27" "20" 2015-12-18 31.05 "GSW" "" "MIL" "W" 9 1 5.33333333333333 NA NA 0 20 10.3 21.4 0 0 100 7.6 44 112 -0.8 -10.6
"28" "21" 2015-12-23 31.07 "GSW" "" "UTA" "W" 18 1 26.9 0.563 0.5 24.1 33.2 29 22.4 0 3 10.1 16.8 134 91 13.6 7.1
"29" "22" 2015-12-25 31.07 "GSW" "" "CLE" "W" 6 1 23.85 1 1 13.1 13.9 13.5 7.2 0 12.4 0 3.8 206 86 9.8 10.1
"30" "23" 2015-12-28 31.08 "GSW" "" "SAC" "W" 19 1 14.4 1 1 6.9 22.6 15.6 18.3 3.2 10.4 0 5.7 219 87 7.9 11.1
"31" "24" 2015-12-30 31.09 "GSW" "@" "DAL" "L" -23 1 23.5 1.014 1 8.5 39.9 23 8.2 2.2 0 18.4 10.7 164 114 11.1 4.4
"32" "25" 2015-12-31 31.09 "GSW" "@" "HOU" "W" 4 1 36.3 0.418 0.444 3.2 37.8 19.1 3.5 0 2.8 31.7 18.3 60 112 1.2 -14.1
"33" "26" 2016-01-02 31.1 "GSW" "" "DEN" "W" 3 1 24.8 0.333 0.333 11.6 17.2 15.1 5.2 0 5.7 25 7.8 88 105 1.9 -9.5
"34" "27" 2016-01-04 31.1 "GSW" "" "CHO" "W" 10 1 29.5666666666667 0.5 0.5 0 23.2 12.5 11.2 0 5 50 6.5 80 104 2.7 -3.7
"35" "28" 2016-01-05 31.1 "GSW" "@" "LAL" "W" 21 1 17.85 0.75 0.75 11.4 9.1 10.1 16.8 0 3.8 0 10.2 171 98 7.7 3.5
"36" "29" 2016-01-08 31.11 "GSW" "@" "POR" "W" 20 1 17.65 0.868 1 0 24.7 14.6 6.7 0 4.3 41 11.9 93 102 3.7 -2.9
"37" "30" 2016-01-09 31.12 "GSW" "@" "SAC" "W" 12 1 22.5666666666667 0.2 0.2 35.5 23.1 28.5 13.6 0 0 0 9.5 133 115 4.7 -6.2
"38" "31" 2016-01-11 31.12 "GSW" "" "MIA" "W" 8 1 21.0333333333333 0.8 0.8 4.9 37.3 21.4 7.2 0 3.2 16.7 12.7 132 100 8.4 4.2
"39" "32" 2016-01-13 31.13 "GSW" "@" "DEN" "L" -2 1 31.7 0.845 0.875 0 23.6 12 9.6 1.5 7 18.4 15 131 107 15.2 5.6
"40" "33" 2016-01-14 31.13 "GSW" "" "LAL" "W" 18 1 21.45 0.75 0.75 5.2 30.7 19 12.3 0 3.3 33.3 11.8 109 93 6.9 1.2
"41" "34" 2016-01-16 31.13 "GSW" "@" "DET" "L" -18 1 19.7833333333333 0.6 0.6 13.5 14.6 14 0 0 6.2 28.6 14.6 94 113 4.5 -6.2
"42" "35" 2016-01-18 31.14 "GSW" "@" "CLE" "W" 34 1 15.35 0.41 0.5 0 48.1 25.7 0 0 0 0 14.5 77 101 1.8 -9.9
"43" "36" 2016-01-20 31.15 "GSW" "@" "CHI" "W" 31 1 20.2 1 1 31.7 24.2 27.4 11.1 2.4 8.9 25 8.4 174 83 13.4 10.7
"44" "37" 2016-01-22 31.15 "GSW" "" "IND" "W" 12 1 19.2166666666667 0.167 0.167 17.4 14.7 15.9 6.2 0 9.6 0 12.7 83 105 3.6 -5.2
"45" "38" 2016-01-25 31.16 "GSW" "" "SAS" "W" 30 1 17.2666666666667 1 1 7.1 12.6 10 14.5 2.7 4.6 33.3 7.1 142 85 5.2 6
"46" "39" 2016-01-27 31.16 "GSW" "" "DAL" "W" 20 1 17.9333333333333 0.4 0.4 8.1 52.2 32.6 19.3 0 0 16.7 16.2 103 113 5.1 -2.4
"47" "40" 2016-01-30 31.17 "GSW" "@" "PHI" "W" 3 1 25.8166666666667 0.5 0.5 16.9 42.1 30.7 18.8 0 5.9 0 12.5 136 94 13 5.1
"48" "41" 2016-01-31 31.18 "GSW" "@" "NYK" "W" 21 1 14.0166666666667 0 0 10.7 71.1 48.3 32.6 0 0 75 13.5 75 80 1.5 -1.9
"49" "42" 2016-02-03 31.18 "GSW" "@" "WAS" "W" 13 1 18.6166666666667 0.266 0.5 11.5 24.6 17.8 38.9 0 0 0 7.8 139 113 5.3 4.8
"50" "43" 2016-02-06 31.19 "GSW" "" "OKC" "W" 8 1 19.7 0.333 0.333 9.6 21.7 15.2 5.3 0 7.7 25 8.4 87 103 2.4 -3.6
"51" "44" 2016-02-09 31.2 "GSW" "" "HOU" "W" 13 1 28.7 0.553 0.5 19 20.9 20 4.7 5.1 18.6 14.5 19.6 116 90 17.2 8.7
"52" "45" 2016-02-10 31.2 "GSW" "@" "PHO" "W" 8 1 23.1 1 1 0 36 18.7 12.7 3.9 8.7 0 3.6 210 83 10.8 9
"53" "46" 2016-02-19 31.23 "GSW" "@" "POR" "L" -32 1 14.0333333333333 0.333 0.333 0 25 10.8 0 0 15.3 25 11 50 114 1.1 -8.8
"54" "" 2016-02-20 31.23 "GSW" "@" "LAC" "W" 3 NA NA NA NA NA NA NA NA NA NA NA NA NA NA NA NA
"55" "47" 2016-02-22 31.24 "GSW" "@" "ATL" "W" 10 1 29.2666666666667 0.307 0.25 10.9 29.2 20 17.6 1.6 15.8 17 9 103 83 9.8 4.1
"56" "48" 2016-02-24 31.24 "GSW" "@" "MIA" "W" 6 1 29.5333333333333 0.333 0.333 3.7 28.9 16.4 12.1 0 0 0 4.3 121 112 3.1 -2.7
"57" "49" 2016-02-25 31.24 "GSW" "@" "ORL" "W" 16 1 21.8166666666667 0.857 0.857 17.8 5.2 11.1 22.1 4.1 6.9 12.5 15.3 165 99 15.1 12.8
"58" "50" 2016-02-27 31.25 "GSW" "@" "OKC" "W" 3 1 17.3333333333333 0.667 0.667 0 0 0 0 0 4.4 40 13.1 69 116 0.6 -9.8
"59" "51" 2016-03-01 31.26 "GSW" "" "ATL" "W" 4 1 31.1166666666667 0.883 0.889 9.6 17 12.8 12.4 3.5 3.6 0 15.1 185 102 21.7 14.7
"60" "52" 2016-03-03 31.26 "GSW" "" "OKC" "W" 15 1 26.45 0.931 1 0 23.2 12.7 8.4 1.8 2.7 21 8.3 153 104 8.7 3.1
"61" "53" 2016-03-06 31.27 "GSW" "@" "LAL" "L" -17 1 19.5666666666667 0.5 0.5 15 23.9 19.1 53.5 5 0 0 8.1 152 105 11.8 17.7
"62" "54" 2016-03-07 31.27 "GSW" "" "ORL" "W" 6 1 22.5333333333333 1 1 9.9 34.8 23.2 33.9 5.9 6.2 71.4 12.4 95 89 8.4 7.8
"63" "55" 2016-03-09 31.28 "GSW" "" "UTA" "W" 21 1 14.45 0.75 0.75 9 22.6 16.4 17.5 0 16.9 20 16.1 132 94 7.7 9.5
"64" "56" 2016-03-11 31.28 "GSW" "" "POR" "W" 16 1 18.0166666666667 0.286 0.286 16.7 34 25.2 38.4 2.8 10.7 12.5 18.7 108 102 7.5 4
"65" "57" 2016-03-12 31.29 "GSW" "" "PHO" "W" 7 1 19.65 0.667 0.667 5.4 22.2 13.7 6.6 0 15.5 0 6.9 150 106 7.3 3.3
"66" "58" 2016-03-14 31.29 "GSW" "" "NOP" "W" 18 1 15.4666666666667 0.727 0.833 0 22.6 14.4 22.8 0 4.6 36.8 15.5 104 107 3.7 2
"67" "59" 2016-03-16 31.3 "GSW" "" "NYK" "W" 36 1 22.3666666666667 0.833 0.833 16.5 16.2 16.3 24.3 2.3 3 25 15.9 144 88 12 8.8
"68" "60" 2016-03-18 31.3 "GSW" "@" "DAL" "W" 18 1 8.58333333333333 0.532 0 0 23.3 12.7 0 0 0 34.7 14.2 73 112 0.5 -13.1
"69" "" 2016-03-19 31.31 "GSW" "@" "SAS" "L" -8 NA NA NA NA NA NA NA NA NA NA NA NA NA NA NA NA
"70" "" 2016-03-21 31.31 "GSW" "@" "MIN" "W" 5 NA NA NA NA NA NA NA NA NA NA NA NA NA NA NA NA
"71" "61" 2016-03-23 31.32 "GSW" "" "LAC" "W" 16 1 20.2166666666667 0.5 0.5 24.2 25.3 24.7 27.7 0 8.3 0 8.5 163 97 10 9.9
"72" "62" 2016-03-25 31.32 "GSW" "" "DAL" "W" 8 1 18.1166666666667 1 1 6.2 5.5 5.8 14.1 0 4.3 33.3 7.6 153 130 3.9 -4.7
"73" "63" 2016-03-27 31.33 "GSW" "" "PHI" "W" 12 1 13.2333333333333 0 0 0 39.4 22.4 16.5 0 0 50 6.6 58 107 0 -8.1
"74" "64" 2016-03-29 31.33 "GSW" "" "WAS" "W" 8 1 18.8333333333333 0.5 0.5 10.6 18.5 14.8 14.4 0 0 60 11.3 72 94 1.6 -6
"75" "65" 2016-03-30 31.34 "GSW" "@" "UTA" "W" 7 1 17.0833333333333 0.5 0.5 6.6 23.4 15.5 18.9 0 5.2 42.9 18.9 73 88 1.4 -4.5
"76" "66" 2016-04-01 31.34 "GSW" "" "BOS" "L" -3 1 18.3333333333333 0.667 0.667 6.4 17.9 12.3 16 0 4.1 40 11.8 99 110 2.8 -4.4
"77" "" 2016-04-03 31.35 "GSW" "" "POR" "W" 25 NA NA NA NA NA NA NA NA NA NA NA NA NA NA NA NA
"78" "67" 2016-04-05 31.35 "GSW" "" "MIN" "L" -7 1 31.9666666666667 0.714 0.714 7.7 50.1 28.9 20.4 1.5 4.8 12.5 10.7 143 104 15.3 8.8
"79" "68" 2016-04-07 31.36 "GSW" "" "SAS" "W" 11 1 21.5333333333333 1 1 13.1 48.9 32.7 17.5 2.3 7 25 8.7 165 94 11.1 13
"80" "" 2016-04-09 31.36 "GSW" "@" "MEM" "W" 1 NA NA NA NA NA NA NA NA NA NA NA NA NA NA NA NA
"81" "69" 2016-04-10 31.37 "GSW" "@" "SAS" "W" 6 1 22.7333333333333 0.667 0.667 5 11.1 8.5 7.1 0 0 0 6.5 149 101 4.2 0.8
"82" "70" 2016-04-13 31.38 "GSW" "" "MEM" "W" 21 1 18.9 1 1 6.5 14.7 11.2 6.2 0 6.9 50 9.1 99 103 3.9 -3.6
"1" "1" 2016-10-26 31.91 "DAL" "@" "IND" "L" -9 1 19.6666666666667 0.51 0.6 10 22.9 16 21.9 0 3.6 14.5 14.6 112 114 6.1 -0.1
"2" "2" 2016-10-28 31.92 "DAL" "" "HOU" "L" -8 1 26.75 0.5 0.5 4.3 59.8 28.7 0 1.9 0 33.3 10.8 73 110 3.8 -5.5
"3" "3" 2016-10-30 31.92 "DAL" "@" "HOU" "L" -1 1 27.95 0.381 0.429 16.8 44 28.6 19.2 0 0 20.2 16.3 92 98 6.9 -2.3
"4" "4" 2016-11-02 31.93 "DAL" "@" "UTA" "L" -16 1 17.3166666666667 0.5 0.5 0 67.4 32.4 0 3.1 5.3 60 14.8 35 90 1.2 -7.1
"5" "" 2016-11-04 31.94 "DAL" "" "POR" "L" -10 NA NA NA NA NA NA NA NA NA NA NA NA NA NA NA NA
"6" "5" 2016-11-06 31.94 "DAL" "" "MIL" "W" 11 1 34.2666666666667 0.25 0.25 8.9 44.7 25.5 14.8 1.6 0 42.9 10 64 69 3.7 -2.6
"7" "6" 2016-11-08 31.95 "DAL" "@" "LAL" "W" 12 1 29.4333333333333 0.2 0.2 8.8 30.9 19.8 7.9 0 6.3 37.5 13.1 57 106 1.8 -9.9
"8" "" 2016-11-09 31.95 "DAL" "@" "GSW" "L" -21 NA NA NA NA NA NA NA NA NA NA NA NA NA NA NA NA
"9" "7" 2016-11-14 31.96 "DAL" "@" "NYK" "L" -16 1 20.95 1 1 19.1 26.6 22.7 8.4 0 4.3 33.3 6.9 148 105 6.5 -1.3
"10" "8" 2016-11-16 31.97 "DAL" "@" "BOS" "L" -7 1 24.75 0.429 0.429 4.3 29.1 16 27.5 2.2 3.5 12.5 16.1 96 93 5.9 2.2
"11" "9" 2016-11-18 31.98 "DAL" "" "MEM" "L" -16 1 20.9 0.25 0.25 22.5 27.3 24.7 12.3 0 4.4 33.3 13.8 66 90 2.8 -5.7
"12" "10" 2016-11-19 31.98 "DAL" "@" "ORL" "L" -8 1 34.4166666666667 0.333 0.333 6.2 21.5 13.3 6 0 9.8 14.3 9.6 77 98 5.5 -3.5
"13" "" 2016-11-21 31.98 "DAL" "@" "SAS" "L" -5 NA NA NA NA NA NA NA NA NA NA NA NA NA NA NA NA
"14" "11" 2016-11-23 31.99 "DAL" "" "LAC" "L" -20 1 24.5833333333333 1 1 16.6 39.1 26.9 34.4 4 0 60 9 127 118 9.8 6.6
"15" "12" 2016-11-25 31.99 "DAL" "@" "CLE" "L" -38 1 22.3 0.291 0.333 22 34.9 27.5 12.4 4.4 0 36.8 10.7 83 121 4.6 -8
"16" "13" 2016-11-27 32 "DAL" "" "NOP" "W" 10 1 28.7833333333333 0.525 0.333 19.4 33.4 26.5 16.5 0 2.9 0 8.1 157 91 10.7 5.2
"17" "14" 2016-11-30 32.01 "DAL" "" "SAS" "L" -7 1 34.9 0.694 1 3.2 42 20.9 22.7 0 2.6 41 7.1 111 108 7.2 2.9
"18" "" 2016-12-01 32.01 "DAL" "@" "CHO" "L" -10 NA NA NA NA NA NA NA NA NA NA NA NA NA NA NA NA
"19" "15" 2016-12-03 32.01 "DAL" "" "CHI" "W" 25 1 21.9 1 1 4.9 54.8 28.4 7 4.9 0 33.3 12.5 116 75 8.8 3.5
"20" "16" 2016-12-05 32.02 "DAL" "" "CHO" "L" -8 1 10.6666666666667 0 0 8.5 64.3 30.7 0 0 7.4 0 4.3 67 105 1.8 -4.8
"21" "" 2016-12-07 32.02 "DAL" "" "SAC" "L" -31 NA NA NA NA NA NA NA NA NA NA NA NA NA NA NA NA
"22" "" 2016-12-09 32.03 "DAL" "" "IND" "W" 8 NA NA NA NA NA NA NA NA NA NA NA NA NA NA NA NA
"23" "" 2016-12-10 32.03 "DAL" "@" "HOU" "L" -22 NA NA NA NA NA NA NA NA NA NA NA NA NA NA NA NA
"24" "" 2016-12-12 32.04 "DAL" "" "DEN" "W" 20 NA NA NA NA NA NA NA NA NA NA NA NA NA NA NA NA
"25" "" 2016-12-14 32.04 "DAL" "" "DET" "L" -10 NA NA NA NA NA NA NA NA NA NA NA NA NA NA NA NA
"26" "" 2016-12-16 32.05 "DAL" "@" "UTA" "L" -3 NA NA NA NA NA NA NA NA NA NA NA NA NA NA NA NA
"27" "" 2016-12-18 32.05 "DAL" "" "SAC" "W" 20 NA NA NA NA NA NA NA NA NA NA NA NA NA NA NA NA
"28" "" 2016-12-19 32.06 "DAL" "@" "DEN" "L" -10 NA NA NA NA NA NA NA NA NA NA NA NA NA NA NA NA
"29" "" 2016-12-21 32.06 "DAL" "@" "POR" "W" 1 NA NA NA NA NA NA NA NA NA NA NA NA NA NA NA NA
"30" "" 2016-12-23 32.07 "DAL" "@" "LAC" "W" 2 NA NA NA NA NA NA NA NA NA NA NA NA NA NA NA NA
"31" "" 2016-12-26 32.08 "DAL" "@" "NOP" "L" -7 NA NA NA NA NA NA NA NA NA NA NA NA NA NA NA NA
"32" "17" 2016-12-27 32.08 "DAL" "" "HOU" "L" -16 1 10.5 NA NA 18.7 50.8 32.3 25.4 0 19.9 100 8.5 82 115 3 1
"33" "18" 2016-12-29 32.08 "DAL" "@" "LAL" "W" 12 1 21.8333333333333 0.5 0.5 11.9 28.2 20.2 12.3 0 4.5 60 11.2 76 101 1.8 -6.3
"34" "" 2016-12-30 32.09 "DAL" "@" "GSW" "L" -9 NA NA NA NA NA NA NA NA NA NA NA NA NA NA NA NA
"35" "19" 2017-01-03 32.1 "DAL" "" "WAS" "W" 8 0 19.6833333333333 0 0 13.9 21.7 18.3 13.2 0 3.9 25 9.7 68 104 1.2 -5.2
"36" "20" 2017-01-05 32.1 "DAL" "" "PHO" "L" -7 0 19.7833333333333 NA NA 0 0 0 13.5 5.5 3.6 NA 0 225 113 2.1 0
"37" "21" 2017-01-07 32.11 "DAL" "" "ATL" "L" -15 1 28.7333333333333 0.333 0.333 0 44.8 20.9 0 0 3.2 40 8.3 37 102 1.1 -7.9
"38" "22" 2017-01-09 32.12 "DAL" "@" "MIN" "L" -9 1 17.8333333333333 0.5 0.5 21.2 9.3 16.1 16.2 0 4.9 50 11.2 100 114 2.3 -4
"39" "" 2017-01-12 32.12 "DAL" "@" "PHO" "W" 5 NA NA NA NA NA NA NA NA NA NA NA NA NA NA NA NA
"40" "" 2017-01-15 32.13 "DAL" "" "MIN" "W" 11 NA NA NA NA NA NA NA NA NA NA NA NA NA NA NA NA
"41" "" 2017-01-17 32.14 "DAL" "@" "CHI" "W" 1 NA NA NA NA NA NA NA NA NA NA NA NA NA NA NA NA
"42" "" 2017-01-19 32.14 "DAL" "@" "MIA" "L" -4 NA NA NA NA NA NA NA NA NA NA NA NA NA NA NA NA
"43" "" 2017-01-20 32.15 "DAL" "" "UTA" "L" -5 NA NA NA NA NA NA NA NA NA NA NA NA NA NA NA NA
"44" "" 2017-01-22 32.15 "DAL" "" "LAL" "W" 49 NA NA NA NA NA NA NA NA NA NA NA NA NA NA NA NA
"45" "23" 2017-01-25 32.16 "DAL" "" "NYK" "W" 8 0 21.15 1 1 5.2 14.5 10 12.4 0 9.9 50 4.5 128 103 5.8 3.8
"46" "24" 2017-01-26 32.16 "DAL" "@" "OKC" "L" -11 1 17.4666666666667 0.6 0.6 6.2 15.7 10.4 0 0 0 28.6 18.9 87 121 1.4 -12.6
"47" "25" 2017-01-29 32.17 "DAL" "@" "SAS" "W" 4 0 8.11666666666667 NA NA 0 29.6 13.8 15.2 0 0 NA 0 231 107 0.1 -4
"48" "" 2017-01-30 32.17 "DAL" "" "CLE" "W" 7 NA NA NA NA NA NA NA NA NA NA NA NA NA NA NA NA
"49" "" 2017-02-01 32.18 "DAL" "" "PHI" "W" 18 NA NA NA NA NA NA NA NA NA NA NA NA NA NA NA NA
"50" "" 2017-02-03 32.18 "DAL" "@" "POR" "W" 4 NA NA NA NA NA NA NA NA NA NA NA NA NA NA NA NA
"51" "" 2017-02-06 32.19 "DAL" "@" "DEN" "L" -23 NA NA NA NA NA NA NA NA NA NA NA NA NA NA NA NA
"52" "" 2017-02-07 32.19 "DAL" "" "POR" "L" -1 NA NA NA NA NA NA NA NA NA NA NA NA NA NA NA NA
"53" "" 2017-02-09 32.2 "DAL" "" "UTA" "W" 7 NA NA NA NA NA NA NA NA NA NA NA NA NA NA NA NA
"54" "" 2017-02-11 32.21 "DAL" "" "ORL" "W" 32 NA NA NA NA NA NA NA NA NA NA NA NA NA NA NA NA
"55" "" 2017-02-13 32.21 "DAL" "" "BOS" "L" -13 NA NA NA NA NA NA NA NA NA NA NA NA NA NA NA NA
"56" "26" 2017-02-15 32.22 "DAL" "@" "DET" "L" -7 0 17.6166666666667 0.5 0.5 16 31.7 23.2 9.2 2.8 4.3 33.3 15.9 90 94 4.4 -4.6
"57" "" 2017-02-24 32.24 "PHI" "" "WAS" "W" 8 NA NA NA NA NA NA NA NA NA NA NA NA NA NA NA NA
"58" "" 2017-02-25 32.24 "PHI" "@" "NYK" "L" -1 NA NA NA NA NA NA NA NA NA NA NA NA NA NA NA NA
"59" "" 2017-03-03 32.26 "CLE" "@" "ATL" "W" 5 NA NA NA NA NA NA NA NA NA NA NA NA NA NA NA NA
"60" "" 2017-03-04 32.26 "CLE" "@" "MIA" "L" -28 NA NA NA NA NA NA NA NA NA NA NA NA NA NA NA NA
"61" "27" 2017-03-06 32.27 "CLE" "" "MIA" "L" -8 0 0.966666666666667 NA NA 0 0 0 0 0 0 NA 0 0 118 -0.8 -45
"62" "" 2017-03-09 32.28 "CLE" "@" "DET" "L" -5 NA NA NA NA NA NA NA NA NA NA NA NA NA NA NA NA
"63" "" 2017-03-11 32.28 "CLE" "@" "ORL" "W" 12 NA NA NA NA NA NA NA NA NA NA NA NA NA NA NA NA
"64" "" 2017-03-12 32.28 "CLE" "@" "HOU" "L" -5 NA NA NA NA NA NA NA NA NA NA NA NA NA NA NA NA
"1" "1" 2017-10-19 32.89 "LAL" "" "LAC" "L" -16 0 11.1 NA NA 0 15.2 7.8 11.7 4.1 11.7 100 10.8 13 90 -0.5 -8.5
"2" "2" 2017-10-20 32.89 "LAL" "@" "PHO" "W" 2 0 7.31666666666667 0 0 0 41.9 21.4 13.7 0 0 50 10.5 29 109 -0.9 -10.8
"3" "3" 2017-10-22 32.9 "LAL" "" "NOP" "L" -7 0 8.93333333333333 1 1 0 46.1 20.1 0 0 10.5 0 4.6 200 108 2.9 2.9
"4" "4" 2017-10-25 32.91 "LAL" "" "WAS" "W" 3 0 2.46666666666667 NA NA 0 0 0 0 0 0 NA 0 0 98 0 -4.5
"5" "" 2017-10-27 32.91 "LAL" "" "TOR" "L" -9 NA NA NA NA NA NA NA NA NA NA NA NA NA NA NA NA
"6" "5" 2017-10-28 32.92 "LAL" "@" "UTA" "L" -15 0 5.73333333333333 NA NA 34.2 42.9 38.1 0 0 0 100 7.9 64 103 0.6 -13.3
"7" "6" 2017-10-31 32.92 "LAL" "" "DET" "W" 20 0 7.73333333333333 0.667 0.667 41.4 11.9 25.6 19 0 0 0 16.8 166 102 5 4.3
"8" "" 2017-11-02 32.93 "LAL" "@" "POR" "L" -3 NA NA NA NA NA NA NA NA NA NA NA NA NA NA NA NA
"9" "" 2017-11-03 32.93 "LAL" "" "BRK" "W" 12 NA NA NA NA NA NA NA NA NA NA NA NA NA NA NA NA
"10" "" 2017-11-05 32.94 "LAL" "" "MEM" "W" 5 NA NA NA NA NA NA NA NA NA NA NA NA NA NA NA NA
"11" "7" 2017-11-08 32.95 "LAL" "@" "BOS" "L" -11 0 5.56666666666667 NA NA 0 49.7 26.9 0 0 12.5 100 15 0 86 -1.2 -17.6
"12" "" 2017-11-09 32.95 "LAL" "@" "WAS" "L" -16 NA NA NA NA NA NA NA NA NA NA NA NA NA NA NA NA
"13" "" 2017-11-11 32.95 "LAL" "@" "MIL" "L" -8 NA NA NA NA NA NA NA NA NA NA NA NA NA NA NA NA
"14" "8" 2017-11-13 32.96 "LAL" "@" "PHO" "W" 7 0 15.8 0 0 0 38.7 19.9 0 0 8.8 50 5.3 0 79 1.4 -4.1
"15" "9" 2017-11-15 32.96 "LAL" "" "PHI" "L" -6 0 19.65 0.6 0.6 14.8 34.1 22.4 14.1 2.3 9 0 9.4 150 99 11.3 9.4
"16" "10" 2017-11-17 32.97 "LAL" "" "PHO" "L" -9 0 6.85 NA NA 0 28.6 15.1 31.1 0 9.9 100 5.8 72 104 1.7 5.4
"17" "11" 2017-11-19 32.98 "LAL" "" "DEN" "W" 18 0 2.78333333333333 1 1 40.1 0 18.5 0 0 0 0 14.1 207 116 2 2.9
"18" "" 2017-11-21 32.98 "LAL" "" "CHI" "W" 9 NA NA NA NA NA NA NA NA NA NA NA NA NA NA NA NA
"19" "12" 2017-11-22 32.98 "LAL" "@" "SAC" "L" -11 0 5.76666666666667 NA NA 0 43.8 21.9 0 0 13 100 8.2 0 105 -0.1 -10.4
"20" "13" 2017-11-27 33 "LAL" "@" "LAC" "L" -5 0 6.56666666666667 NA NA 0 0 0 16.6 0 0 NA 0 225 126 0.7 0.7
"21" "14" 2017-11-29 33 "LAL" "" "GSW" "L" -4 0 5.35 1 1 0 50.8 23.9 26.7 0 0 0 8.1 205 111 3 13.6
"22" "" 2017-12-02 33.01 "LAL" "@" "DEN" "L" -15 NA NA NA NA NA NA NA NA NA NA NA NA NA NA NA NA
"23" "" 2017-12-03 33.01 "LAL" "" "HOU" "L" -23 NA NA NA NA NA NA NA NA NA NA NA NA NA NA NA NA
"24" "15" 2017-12-07 33.02 "LAL" "@" "PHI" "W" 3 0 11.3166666666667 0.5 0.5 16.3 11.8 14.5 11.2 8.5 0 33.3 10.8 101 94 2.8 -2.6
"25" "" 2017-12-09 33.03 "LAL" "@" "CHO" "W" 11 NA NA NA NA NA NA NA NA NA NA NA NA NA NA NA NA
"26" "16" 2017-12-12 33.04 "LAL" "@" "NYK" "L" -4 0 0 NA NA NA NA NA NA NA NA NA NA NA NA 0 -8.8
"27" "" 2017-12-14 33.04 "LAL" "@" "CLE" "L" -9 NA NA NA NA NA NA NA NA NA NA NA NA NA NA NA NA
"28" "" 2017-12-18 33.05 "LAL" "" "GSW" "L" -2 NA NA NA NA NA NA NA NA NA NA NA NA NA NA NA NA
"29" "17" 2017-12-20 33.06 "LAL" "@" "HOU" "W" 6 1 17.4 1.136 NA 0 16.9 8.8 0 0 5.7 69.4 7 68 114 -0.4 -11.2
"30" "18" 2017-12-22 33.07 "LAL" "@" "GSW" "L" -7 1 11.8666666666667 0.6 0.6 17.2 9.9 13.8 0 0 6.6 16.7 20.4 108 116 4.7 -2.5
"31" "19" 2017-12-23 33.07 "LAL" "" "POR" "L" -3 1 14.8333333333333 1 1 0 24.4 12.7 19.8 0 4.6 50 5.8 110 91 1.6 -2.6
"32" "20" 2017-12-25 33.07 "LAL" "" "MIN" "L" -17 1 15.2 NA NA 13.2 10.2 12 7.9 0 0 NA 0 221 131 1.6 -6.5
"33" "21" 2017-12-27 33.08 "LAL" "" "MEM" "L" -10 1 12.5333333333333 1 1 35.5 47.9 40.1 12.3 0 0 50 6.5 137 120 4.5 -3.2
"34" "22" 2017-12-29 33.08 "LAL" "" "LAC" "L" -15 0 5.06666666666667 NA NA 21.1 24.3 22.6 0 0 0 100 16.8 29 125 -1.4 -27.3
"35" "23" 2017-12-31 33.09 "LAL" "@" "HOU" "L" -6 0 8.15 1 1 49.7 26.4 36.7 0 0 0 0 15.8 205 128 7.4 12.5
"36" "24" 2018-01-01 33.09 "LAL" "@" "MIN" "L" -18 0 8.4 NA NA 13.3 32.7 22 16.8 0 0 100 5.1 75 116 1 -2.9
"37" "" 2018-01-03 33.1 "LAL" "" "OKC" "L" -37 NA NA NA NA NA NA NA NA NA NA NA NA NA NA NA NA
"38" "" 2018-01-05 33.1 "LAL" "" "CHO" "L" -14 NA NA NA NA NA NA NA NA NA NA NA NA NA NA NA NA
"1" NA 2019-03-08 34.27 "GSW" "" "DEN" "W" 17 NA NA NA NA NA NA NA NA NA NA NA NA NA NA NA NA
"2" NA 2019-03-10 34.28 "GSW" "" "PHO" "L" -4 NA NA NA NA NA NA NA NA NA NA NA NA NA NA NA NA
"3" NA 2019-03-13 34.29 "GSW" "@" "HOU" "W" 2 NA NA NA NA NA NA NA NA NA NA NA NA NA NA NA NA
"4" NA 2019-03-16 34.3 "GSW" "@" "OKC" "W" 22 NA NA NA NA NA NA NA NA NA NA NA NA NA NA NA NA
"5" "1" 2019-03-18 34.3 "GSW" "@" "SAS" "L" -6 1 19.0833333333333 0.788 0.75 0 38.3 19.8 7.5 2.6 0 18.4 12.9 125 108 7 1.3
"6" "2" 2019-03-19 34.3 "GSW" "@" "MIN" "W" 10 1 12.9833333333333 0.25 0.25 15.7 29 22.6 27.5 0 0 20 16.8 93 105 2.1 -7.6
"7" "3" 2019-03-21 34.31 "GSW" "" "IND" "W" 23 0 9 0.225 0.125 47.4 30.8 38.5 13.8 0 0 10.1 47.5 76 88 1.4 -25.6
"8" NA 2019-03-23 34.32 "GSW" "" "DAL" "L" -35 NA NA NA NA NA NA NA NA NA NA NA NA NA NA NA NA
"9" "4" 2019-03-24 34.32 "GSW" "" "DET" "W" 7 1 23.95 0.8 0.8 0 25.1 15.2 15.8 0 11.3 0 10.5 175 122 10.6 8.7
"10" "5" 2019-03-27 34.33 "GSW" "@" "MEM" "W" 15 0 6.56666666666667 NA NA 0 24.8 15.1 16.2 0 0 NA 0 233 106 1.3 4.4
"11" "6" 2019-03-29 34.33 "GSW" "@" "MIN" "L" -1 0 1.56666666666667 NA NA 0 65.1 32.5 0 0 0 NA 0 0 102 0.3 -1.4
"12" "7" 2019-03-31 34.34 "GSW" "" "CHO" "W" 47 0 11.1333333333333 0.75 0.75 13.9 64.2 44.2 0 0 8.1 0 15.9 159 81 7.1 3.4
"13" "8" 2019-04-02 34.34 "GSW" "" "DEN" "W" 14 0 3.9 0.667 0.667 30 45.6 38.9 48.5 0 0 0 30.9 153 92 4.3 15.6
"14" NA 2019-04-04 34.35 "GSW" "@" "LAL" "W" 18 NA NA NA NA NA NA NA NA NA NA NA NA NA NA NA NA
"15" "9" 2019-04-05 34.35 "GSW" "" "CLE" "W" 6 1 20.95 0.5 0.5 11.5 24.9 18.6 0 0 3.4 0 13.3 115 115 5 -8
"16" "10" 2019-04-07 34.36 "GSW" "" "LAC" "W" 27 0 7.48333333333333 1 1 14.6 29.8 22.1 0 6.3 10.7 0 5.7 209 83 3.5 3.1
"17" NA 2019-04-09 34.36 "GSW" "@" "NOP" "W" 9 NA NA NA NA NA NA NA NA NA NA NA NA NA NA NA NA
"18" "11" 2019-04-10 34.36 "GSW" "@" "MEM" "L" -15 1 17.7666666666667 0 0 6.3 30 18.4 5.9 2.7 10.4 83.3 14.5 22 117 -0.8 -15.1
