"Rk" "G" "Date" "Age" "Tm" "H/A" "Opp" "W/L" "By Amt" "GS" "MP" "TS%" "eFG%" "ORB%" "DRB%" "TRB%" "AST%" "STL%" "BLK%" "TOV%" "USG%" "ORtg" "DRtg" "GmSc" "BPM"
"1" "1" 2004-11-03 24.58 "TOR" "" "HOU" "W" 7 0 5.9 0.333 0.333 0 22.2 10.3 0 0 0 0 23.7 73 105 0.6 -9.8
"2" "2" 2004-11-05 24.59 "TOR" "" "DET" "W" 12 0 10 1 1 11.2 9.8 10.4 0 0 6.5 0 8.8 202 100 4.3 9.6
"3" "3" 2004-11-07 24.59 "TOR" "" "POR" "W" 4 0 15.5166666666667 0.375 0.375 0 6.5 3.3 8.3 0 0 0 11.5 92 114 0 -9.8
"4" "4" 2004-11-09 24.6 "TOR" "@" "SAC" "L" -16 0 15.2666666666667 0.676 0.625 15.7 10 13.8 0 3.2 0 10.1 26.6 129 108 9.6 8.1
"5" "5" 2004-11-10 24.6 "TOR" "@" "UTA" "W" 9 0 11.5 0.667 0.667 9.3 18.6 14 0 4.6 0 25 15.3 105 100 2 -5.8
"6" "6" 2004-11-12 24.61 "TOR" "@" "SEA" "L" -1 0 28.7166666666667 0.556 0.556 11.7 9.3 10.6 6.7 0 0 0 14.9 127 109 7.5 -2.1
"7" "7" 2004-11-13 24.61 "TOR" "@" "POR" "L" -3 0 18 0.699 0.667 20.7 13.4 17 0 3.1 0 0 17.3 156 113 7.7 0.6
"8" "8" 2004-11-16 24.62 "TOR" "@" "LAC" "L" -12 0 17.1666666666667 0.5 0.5 13.8 8.6 11.4 0 0 0 11.1 22.3 106 116 4.3 -3.2
"9" "9" 2004-11-17 24.62 "TOR" "@" "DEN" "L" -6 0 18.9333333333333 0.556 0.556 24.2 6.1 15.2 24.6 0 0 0 21.4 142 126 8.6 2.4
"10" "10" 2004-11-19 24.62 "TOR" "" "SEA" "L" -7 0 25.2833333333333 0.778 0.778 13.7 21.3 17.2 9.3 2.1 0 0 16.5 161 110 13.5 8
"11" "11" 2004-11-21 24.63 "TOR" "" "SAS" "W" 5 0 11.3666666666667 0.512 0.5 10.9 9.9 10.4 0 0 0 0 21.2 117 112 2.4 -4.9
"12" "12" 2004-11-23 24.64 "TOR" "@" "WAS" "L" -16 0 27.5 0.605 0.571 3.3 8.7 6.2 0 0 2.3 0 11.8 128 111 6.8 -1.2
"13" "13" 2004-11-24 24.64 "TOR" "" "NYK" "W" 23 0 21.3166666666667 0.667 0.667 10.9 22.4 17.2 0 0 6.1 0 19.9 139 93 10.8 3.3
"14" "14" 2004-11-27 24.65 "TOR" "@" "NYK" "L" -6 0 25.3 0.857 0.857 4.1 22.5 12.9 0 1.9 0 0 12.1 170 110 11.5 5.3
"15" "15" 2004-11-28 24.65 "TOR" "" "WAS" "L" -5 0 18.6833333333333 0.75 0.75 0 13.3 6.8 0 0 0 20 12.2 109 114 2 -6.7
"16" "16" 2004-11-30 24.65 "TOR" "@" "MIA" "W" 2 0 9.8 0.4 0.4 0 12.1 5.9 0 0 0 16.7 30 67 106 -0.6 -15.2
"17" "17" 2004-12-01 24.66 "TOR" "@" "ORL" "L" -21 0 14.9833333333333 0.457 0.429 6 0 3.4 11.3 0 0 0 24.4 101 131 4.1 -7.3
"18" "18" 2004-12-03 24.66 "TOR" "@" "BOS" "L" -2 0 17.1666666666667 0.714 0.714 0 11.6 5.9 11.3 5.7 8.1 12.5 18.8 124 84 9.6 15.7
"19" "19" 2004-12-04 24.67 "TOR" "@" "CLE" "L" -8 0 27.9333333333333 0.638 0.583 12.9 8.8 11.2 0 1.8 2.5 0 19.6 143 111 14.5 6.4
"20" "20" 2004-12-06 24.67 "TOR" "@" "NJN" "L" -2 0 14.15 0.167 0.167 20 19.6 19.8 12.9 3.5 0 0 18.8 68 89 2.1 -6.4
"21" "21" 2004-12-08 24.68 "TOR" "@" "DET" "L" -4 0 7.86666666666667 0.5 0.5 24.1 0 12.6 0 0 0 33.3 18.1 86 105 0.2 -13.2
"22" "22" 2004-12-10 24.68 "TOR" "" "DEN" "L" -14 0 26.85 0.338 0.25 3.7 19.2 10.5 6.7 0 0 10.1 15.9 74 107 2.4 -5.8
"23" "23" 2004-12-12 24.69 "TOR" "" "MIA" "L" -8 0 5.68333333333333 NA NA 0 0 0 0 0 0 100 7.8 0 122 -1.8 -21
"24" "24" 2004-12-15 24.7 "TOR" "" "MIN" "W" 6 0 15.3666666666667 0.667 0.667 6.4 6.5 6.5 20.7 0 7.8 0 9 161 106 5.7 7.8
"25" "25" 2004-12-17 24.7 "TOR" "@" "IND" "L" -3 0 14.8166666666667 0.727 0.667 0 36.6 18.3 0 3.4 0 12.7 24.9 118 91 6.9 2.9
"26" "26" 2004-12-19 24.71 "TOR" "" "NJN" "W" 11 0 22.8666666666667 0.551 0.5 13.9 16.1 14.9 7.9 2.4 0 21.6 31.5 96 114 5.7 -11.8
"27" "27" 2004-12-20 24.71 "TOR" "@" "HOU" "L" -12 0 21.3166666666667 0.643 0.643 0 10.6 5.3 0 2.4 0 12.5 17.1 109 122 4.3 -4.2
"28" "28" 2004-12-22 24.72 "TOR" "" "UTA" "W" 12 0 12.05 0.333 0.333 10.3 16.3 13.6 13.8 0 5.6 25 16.6 74 96 1.6 -6.8
"29" "29" 2004-12-26 24.73 "TOR" "@" "PHO" "L" -12 0 26.3833333333333 0.623 0.6 4.5 16.8 10.9 0 2 0 8.7 20 120 113 9.5 2.6
"30" "30" 2004-12-28 24.73 "TOR" "@" "LAL" "L" -18 0 16.7666666666667 0.75 0.75 5.5 12.8 8.9 9 0 0 0 9.6 160 126 5.6 0.1
"31" "31" 2004-12-29 24.73 "TOR" "@" "GSW" "L" -6 0 10 0.4 0.4 24.2 9.1 15.6 0 0 0 0 19.9 99 115 3 -6.2
"32" "32" 2005-01-03 24.75 "TOR" "" "ORL" "W" 11 0 17.9 0.557 0.556 17.8 6.8 12.7 0 3 0 16.8 30.3 102 105 6.9 -1.9
"33" "33" 2005-01-05 24.75 "TOR" "" "SAC" "W" 3 0 19.6833333333333 0.625 0.625 4.4 8.7 6.6 0 5 0 20 21.3 95 92 6.5 1.3
"34" "34" 2005-01-07 24.76 "TOR" "" "MIL" "L" -2 0 13.0166666666667 0.438 0.438 14.8 29.1 21 20.6 0 0 0 27.4 109 107 4 0
"35" "35" 2005-01-09 24.76 "TOR" "" "GSW" "W" 22 0 20.15 0.682 0.682 6.2 5.1 5.6 0 2.4 0 0 24 132 95 11.3 5.5
"36" "36" 2005-01-12 24.77 "TOR" "" "BOS" "W" 11 0 19.35 0.7 0.7 0 5.2 2.7 9.7 0 0 0 11.4 137 107 4.5 -0.7
"37" "37" 2005-01-14 24.78 "TOR" "@" "PHI" "L" -10 0 9.85 0 0 0 18.5 9.1 0 4.8 0 0 17.6 0 99 -2 -19
"38" "38" 2005-01-16 24.78 "TOR" "" "NOH" "W" 3 0 28.2333333333333 0.9 0.9 9.5 10.7 10.2 13.6 2 0 0 8.5 192 114 11 7
"39" "39" 2005-01-17 24.79 "TOR" "@" "MIN" "W" 9 0 10.3166666666667 0.75 0.75 11.2 37.9 25.7 0 0 6.5 0 8.9 157 93 3.4 4.8
"40" "40" 2005-01-19 24.79 "TOR" "" "NYK" "W" 17 0 20.7166666666667 0.833 0.5 0 14 8 24.7 0 0 0 9.7 192 93 7.8 7.9
"41" "41" 2005-01-21 24.8 "TOR" "@" "WAS" "L" -9 0 17.9666666666667 0.571 0.571 5.7 12.1 8.8 0 0 0 0 16.1 122 122 5.2 -3.5
"42" "42" 2005-01-23 24.8 "TOR" "" "CHA" "W" 11 0 21.3333333333333 0.625 0.625 6.2 23.3 15.9 0 5.1 0 0 9.4 131 91 5.6 1
"43" "43" 2005-01-26 24.81 "TOR" "" "MIA" "L" -15 0 15.4166666666667 0.26 0.25 0 14.9 7 11.9 0 0 14.8 19.5 52 118 -1.1 -12.1
"44" "44" 2005-01-28 24.82 "TOR" "@" "CHA" "L" -7 0 9.4 0.5 0.5 0 26.7 13 20 0 0 50 20.8 55 107 -1.3 -17.2
"45" "45" 2005-01-30 24.82 "TOR" "" "PHO" "L" -18 0 32.1666666666667 0.588 0.545 9.2 18.3 13.3 10.3 3 0 0 17.1 133 119 14.7 4.2
"46" "46" 2005-02-02 24.83 "TOR" "@" "IND" "W" 1 0 14.6666666666667 0.595 0.5 16 6.2 10.4 13.6 0 4.8 0 17.9 162 120 6.6 8.6
"47" "47" 2005-02-04 24.84 "TOR" "" "WAS" "W" 3 0 6.78333333333333 0.5 0.5 0 39.2 18 0 0 0 33.3 20.4 60 107 -0.6 -19.4
"48" "48" 2005-02-06 24.84 "TOR" "" "DAL" "L" -9 0 10.3 1 1 0 0 0 0 0 0 0 4.2 200 136 1.3 -4
"49" "49" 2005-02-08 24.85 "TOR" "@" "CLE" "L" -13 0 25.2666666666667 0.65 0.65 0 17.5 7.2 0 0 2.9 0 18.2 126 115 10 2.9
"50" "50" 2005-02-09 24.85 "TOR" "" "MIL" "L" -3 0 25.8166666666667 0.588 0.5 7.7 5.3 6.7 0 3.9 0 0 22.1 128 118 12.6 2.1
"51" "51" 2005-02-11 24.85 "TOR" "" "PHI" "L" -15 0 11.4833333333333 0.41 0.25 10.1 11.8 10.9 0 0 0 0 21.2 98 118 1.4 -11.7
"52" "52" 2005-02-13 24.86 "TOR" "" "LAC" "W" 3 0 16.9333333333333 0.694 0.5 12.5 6.4 9.5 8 0 0 25.8 10.3 130 118 3.6 -4.6
"53" "53" 2005-02-16 24.87 "TOR" "" "CHI" "L" -6 0 8.21666666666667 0.694 0.5 17.6 0 9.8 18.8 0 0 0 16.9 165 133 4 1.7
"54" "54" 2005-02-22 24.88 "TOR" "@" "NJN" "W" 18 0 16.1166666666667 0 0 7.6 10.5 9.3 0 0 4.2 25 11 21 88 -2.7 -14.7
"55" "55" 2005-02-25 24.89 "TOR" "@" "MIL" "W" 4 0 18.7333333333333 0.9 0.9 11.7 14.4 13.2 0 0 0 16.7 13 145 110 7.6 2.7
"56" "56" 2005-02-27 24.9 "TOR" "" "LAL" "W" 6 0 18.5833333333333 0.902 0.833 0 18.9 9.1 0 0 0 0 19.3 183 116 11.9 9.4
"57" "57" 2005-03-02 24.91 "TOR" "@" "SAS" "L" -6 0 21.3666666666667 0.5 0.5 0 6.6 2.8 0 0 0 0 9.1 101 121 1.5 -7.5
"58" "58" 2005-03-04 24.91 "TOR" "@" "MEM" "L" -11 0 29.3666666666667 0.444 0.3 11.2 8.6 10 6.1 0 0 22.8 14.7 89 110 3.1 -6.5
"59" "59" 2005-03-06 24.92 "TOR" "@" "NOH" "W" 11 0 38.0833333333333 1.142 1.143 6.5 14.4 10.7 9.6 1.4 1.9 11.3 11.8 192 97 19.3 13.1
"60" "60" 2005-03-07 24.92 "TOR" "@" "DAL" "L" -8 0 33.0166666666667 0.623 0.6 8.1 10.9 9.6 0 0 0 8.7 15.8 123 126 9.3 -2.7
"61" "61" 2005-03-09 24.93 "TOR" "" "ORL" "W" 10 0 23.7 0.888 0.929 12 8 10 0 2.1 0 0 14.9 175 106 13.6 11.4
"62" "62" 2005-03-11 24.93 "TOR" "" "ATL" "L" -4 0 32 1.167 1.167 7.2 7.9 7.5 7.6 0 0 0 13.2 223 118 18.6 14.7
"63" "63" 2005-03-13 24.94 "TOR" "" "PHI" "W" 18 0 25.2833333333333 0.583 0.583 4.3 0 2.2 9.3 0 2.9 0 10.2 150 126 6 -3.1
"64" "64" 2005-03-16 24.95 "TOR" "@" "BOS" "L" -1 0 15.1666666666667 0 0 0 20 8.3 8 0 0 0 12.8 17 124 -1.5 -14.6
"65" "65" 2005-03-18 24.95 "TOR" "@" "DET" "L" -11 0 25.6833333333333 0.543 0.583 7.4 17.9 12.1 0 0 0 0 12 119 114 4.6 -3.4
"66" "66" 2005-03-20 24.96 "TOR" "" "CLE" "W" 7 0 16.0166666666667 0.5 0.5 14.6 15 14.8 0 0 0 0 15 131 120 3.9 -2.9
"67" "67" 2005-03-23 24.96 "TOR" "" "CHI" "L" -9 0 33.3833333333333 1.017 1.083 5.5 14.1 9.3 14.2 1.5 0 22.5 11.3 148 101 12.8 7.9
"68" "68" 2005-03-25 24.97 "TOR" "@" "PHI" "L" -2 0 21.7833333333333 0.167 0.167 9.7 10.7 10.2 6.2 0 0 0 11.5 66 111 0.5 -10
"69" "69" 2005-03-26 24.97 "TOR" "@" "ATL" "W" 5 0 27.9 0.333 0.333 8.4 20.8 13.9 16.8 0 0 0 10.7 111 124 3.7 -7.3
"70" "70" 2005-03-29 24.98 "TOR" "@" "MIA" "L" -12 0 16.1333333333333 1.125 1.125 0 0 0 0 3.3 4.6 20 14.7 153 109 6.9 8.7
"71" "71" 2005-03-30 24.98 "TOR" "@" "ORL" "L" -12 0 23.8666666666667 0.7 0.7 0 4.4 2.4 0 2.1 0 16.7 11.9 110 114 4.2 -2
"72" "72" 2005-04-01 24.99 "TOR" "@" "CHA" "W" 12 0 11.4166666666667 0 0 0 10.8 5.2 0 0 0 0 7.8 0 121 -1.9 -17.6
"73" "73" 2005-04-03 24.99 "TOR" "" "DET" "L" -10 0 18.15 0.533 0.563 12.4 25 17.8 11.4 0 0 0 22.4 122 129 7.2 1
"74" "74" 2005-04-06 25 "TOR" "" "MEM" "L" -30 0 30.2333333333333 0.455 0.389 6.9 21.4 12.6 22.5 3.8 0 0 16.6 108 114 9.4 5.3
"75" "75" 2005-04-08 25.01 "TOR" "" "ATL" "W" 8 0 23.5666666666667 0 0 10 19.6 14.9 0 2.3 0 20 10.3 31 99 -1.8 -14.8
"76" "76" 2005-04-09 25.01 "TOR" "@" "CHI" "L" -13 0 19.5 0.667 0.667 12.6 15 14 7.7 0 3.1 0 7.2 153 121 5.6 1.9
"77" "77" 2005-04-11 25.02 "TOR" "" "IND" "L" -4 0 18.4333333333333 0.5 0.5 0 6.6 3.2 0 0 0 25 10.3 72 117 -0.6 -11.7
"78" "78" 2005-04-12 25.02 "TOR" "@" "NYK" "W" 12 0 7.21666666666667 1 1 20.8 37.1 29.4 0 14.4 0 50 13.5 109 68 3.2 8.8
"79" "79" 2005-04-15 25.03 "TOR" "" "NJN" "L" -11 0 18.5666666666667 0.429 0.429 6.6 19.4 13.1 0 5.7 0 12.5 21.8 77 105 3.7 -5.5
"80" "80" 2005-04-17 25.03 "TOR" "" "BOS" "L" -5 0 13 0.255 0.2 18.9 21.1 20 0 0 0 0 21.5 75 115 0.7 -14.2
"81" "81" 2005-04-19 25.04 "TOR" "@" "MIL" "W" 18 0 23.1666666666667 0.601 0.571 15.7 9.1 12.1 5.5 4.2 2.9 0 15.2 143 105 11.2 3.9
"82" "82" 2005-04-20 25.04 "TOR" "" "CLE" "L" -9 0 16.1833333333333 0.875 0.875 0 14.2 7.4 12.1 0 0 20 15.9 135 115 4.5 1.6
"1" "1" 2005-11-02 25.58 "TOR" "" "WAS" "L" -3 0 14.0333333333333 0.19 0.143 7.1 0 3.7 0 0 0 0 23.9 53 109 -2 -17.1
"2" "2" 2005-11-04 25.58 "TOR" "" "NJN" "L" -10 0 11.3333333333333 0.375 0.375 0 0 0 0 9.3 7.7 0 16.2 81 97 3.3 7.6
"3" "3" 2005-11-05 25.59 "TOR" "@" "DET" "L" -33 0 9.81666666666667 NA NA 0 10.2 5.3 15.3 0 0 100 4.9 38 124 -0.4 -8.8
"4" "4" 2005-11-07 25.59 "TOR" "" "CLE" "L" -12 0 5.96666666666667 0 0 0 0 0 0 0 0 50 16.3 0 129 -2.1 -27
"5" "5" 2005-11-11 25.6 "TOR" "" "UTA" "L" -15 0 30.6333333333333 0.75 0.75 12.7 24.5 18.2 16 7.3 0 9.1 18.6 137 103 16.8 14.5
"6" "6" 2005-11-13 25.61 "TOR" "" "SEA" "L" -5 0 15.5333333333333 0.375 0.375 7.1 0 4 8.2 0 0 20 13.6 86 125 0.2 -7.6
"7" "7" 2005-11-15 25.61 "TOR" "@" "PHI" "L" -12 0 8.55 0.532 0 11.7 24.4 17.9 0 0 0 34.7 14.2 88 109 0.8 -8.7
"8" "8" 2005-11-16 25.62 "TOR" "" "PHI" "L" -6 1 21.3 0.563 0.5 6.8 7.5 7.2 12.5 7.1 0 10.1 20.2 121 117 9.2 5.7
"9" "9" 2005-11-18 25.62 "TOR" "@" "BOS" "L" -7 1 22.5833333333333 0.5 0.5 4.3 13.7 8 0 9.3 0 16.7 11.9 89 96 6.6 5.6
"10" "10" 2005-11-20 25.63 "TOR" "" "MIA" "W" 13 0 4.93333333333333 0.667 0.667 0 0 0 0 0 0 0 26.7 131 107 1.5 -5.8
"11" "11" 2005-11-22 25.63 "TOR" "@" "PHO" "L" -8 0 22.6166666666667 0.636 0.611 13.3 13.5 13.4 0 0 0 17.5 22 112 98 6.3 3.7
"12" "12" 2005-11-23 25.64 "TOR" "@" "LAC" "L" -3 0 26.0833333333333 0.563 0.563 0 6.6 2.4 6.7 2.1 0 11.1 15.6 103 115 5.2 0.9
"13" "13" 2005-11-25 25.64 "TOR" "@" "SAC" "L" -2 0 10.2333333333333 0.75 0.75 0 23.5 12.2 0 0 0 0 9.4 139 117 1.4 -4.4
"14" "14" 2005-11-26 25.64 "TOR" "@" "GSW" "L" -26 0 18.7166666666667 0.637 0.5 16.7 29.3 22.2 9.7 2.7 0 0 21.1 147 119 12.2 9.4
"15" "15" 2005-11-28 25.65 "TOR" "" "DAL" "L" -2 0 30.0666666666667 0.527 0.5 12 16.6 14.5 0 1.9 0 0 16.6 123 106 9.8 2.6
"16" "16" 2005-11-30 25.65 "TOR" "" "MEM" "L" -26 0 25.1166666666667 0.515 0.333 0 29 12.6 18 0 0 0 15.3 118 108 5.9 0.5
"17" "17" 2005-12-02 25.66 "TOR" "@" "ATL" "W" 1 0 23.6666666666667 0.333 0.333 5.3 6 5.6 10.7 2.3 0 0 6 118 117 3.3 -1.9
"18" "18" 2005-12-03 25.66 "TOR" "@" "NJN" "W" 13 0 8.81666666666667 NA NA 0 0 0 18.8 0 0 NA 0 217 101 0.3 -0.7
"19" "19" 2005-12-06 25.67 "TOR" "@" "WAS" "L" -8 0 24.4 1 1 5.4 9.4 7.6 14.9 2.1 3.1 0 11.6 196 112 12.2 12.7
"20" "20" 2005-12-07 25.67 "TOR" "" "LAL" "L" -11 0 11.4833333333333 0 0 0 0 0 0 0 0 25 16.1 0 119 -3.9 -25.6
"21" "21" 2005-12-10 25.68 "TOR" "@" "CHA" "W" 8 0 15.3833333333333 0.75 0.75 14.5 5.6 9.5 12.2 0 3.9 0 16.5 166 113 8.3 10.4
"22" "22" 2005-12-14 25.69 "TOR" "" "CHI" "L" -11 0 27.55 0.799 0.75 0 13.4 5.2 13.5 3.8 3.7 0 12 159 111 10.7 9.3
"23" "23" 2005-12-16 25.7 "TOR" "" "GSW" "L" -10 0 14.35 0 0 10.8 0 4.7 0 0 0 0 10.3 29 122 -1.8 -14.9
"24" "24" 2005-12-18 25.7 "TOR" "" "PHI" "L" -27 0 15.8166666666667 0.699 0.75 6.1 15.2 10.1 0 0 0 0 17.7 140 122 6.5 5
"25" "25" 2005-12-19 25.71 "TOR" "@" "ORL" "W" 2 0 25.4666666666667 0.282 0.188 4.7 24.3 13.3 5.9 2 2.9 0 16.2 72 95 3.7 -2.4
"26" "26" 2005-12-21 25.71 "TOR" "@" "HOU" "W" 13 0 24 1.02 1.1 0 10.3 5.7 0 0 0 14.5 15.1 140 101 8.1 5.4
"27" "27" 2005-12-23 25.72 "TOR" "@" "SAS" "L" -5 0 26.95 0.888 0.833 4.7 9.6 7.1 0 2 3.1 12 15.1 158 102 10.4 7.8
"28" "28" 2005-12-27 25.73 "TOR" "@" "DET" "L" -7 0 18.7833333333333 0.425 0.3 0 7.1 3.4 12 3 0 0 15 112 134 3.8 -3
"29" "29" 2005-12-28 25.73 "TOR" "" "ATL" "W" 6 0 13.7833333333333 0.7 0.7 31.7 0 17.4 0 0 0 0 16.8 157 117 5.6 1.5
"30" "30" 2005-12-30 25.74 "TOR" "@" "IND" "W" 2 0 17.1 0.625 0.625 6.7 18.7 12.9 8.7 0 0 0 10.8 146 109 3.7 -0.2
"31" "31" 2006-01-03 25.75 "TOR" "@" "ATL" "W" 11 0 18.9 1.042 1.25 0 50.8 25.8 8.2 0 4.7 0 7.1 207 97 6.1 7.2
"32" "32" 2006-01-04 25.75 "TOR" "" "ORL" "W" 24 0 30.6666666666667 0.838 0.833 0 20.9 11.4 3.9 0 0 11.4 13.9 153 114 10.1 2.2
"33" "33" 2006-01-06 25.76 "TOR" "" "HOU" "W" 20 1 31.8833333333333 0.357 0.357 3.5 3.8 3.6 11.9 1.7 5.4 0 10.2 111 105 4.8 -0.3
"34" "34" 2006-01-08 25.76 "TOR" "" "NJN" "L" -1 0 27.2333333333333 0.519 0.286 9.3 23 16.8 5.6 0 0 9.4 18.2 116 116 8 -3.3
"35" "35" 2006-01-09 25.76 "TOR" "@" "CHI" "L" -9 0 29.25 0.389 0.389 16.4 25.6 20.5 18.2 3.7 0 10 16.3 106 119 7.6 -2.3
"36" "36" 2006-01-11 25.77 "TOR" "" "CHA" "W" 9 0 30.5 0.508 0.5 4.5 12.4 8.6 11.5 5.3 2.7 11.3 14.2 100 91 8.4 4.5
"37" "37" 2006-01-15 25.78 "TOR" "" "NYK" "W" 26 0 13.2333333333333 0.694 0.5 0 19.1 10.4 0 0 0 0 9.7 152 109 1.6 -8.3
"38" "38" 2006-01-17 25.79 "TOR" "@" "UTA" "L" -13 0 28.9666666666667 0.857 0.857 0 26.9 13.1 0 1.9 4.7 22.2 15 123 118 10.1 5.6
"39" "39" 2006-01-18 25.79 "TOR" "@" "POR" "L" -2 0 25.5666666666667 0.868 1 7 5.4 6.1 0 2.2 3 0 11.5 166 111 9.1 6.8
"40" "40" 2006-01-20 25.79 "TOR" "@" "SEA" "W" 8 1 30.6166666666667 0.786 0.786 12.4 11.5 11.9 5.1 0 4 0 10.7 169 120 11.6 6.2
"41" "41" 2006-01-22 25.8 "TOR" "@" "LAL" "L" -18 1 26.0166666666667 0.5 0.5 5 4.5 4.7 0 1.9 2.8 7.7 23.3 91 130 5.3 -5.4
"42" "42" 2006-01-23 25.8 "TOR" "@" "DEN" "L" -6 0 31.8333333333333 0.5 0.5 10.8 24.5 17.2 4.6 1.6 4.6 18.2 15.6 97 108 8.5 0.2
"43" "43" 2006-01-25 25.81 "TOR" "" "CHI" "L" -16 0 27.6833333333333 0.5 0.5 8.3 14.9 11.3 0 1.9 0 8.3 20.6 97 117 7.2 -0.4
"44" "44" 2006-01-27 25.81 "TOR" "@" "MIL" "L" -21 0 22.1333333333333 0.5 0.5 4.9 13.1 8.4 10.2 2.4 0 0 21.5 105 120 6.4 0.6
"45" "45" 2006-01-29 25.82 "TOR" "" "SAC" "W" 1 0 14.0333333333333 0.82 0.75 0 11.1 4.3 20.2 0 0 0 15.4 175 122 6.1 8.5
"46" "46" 2006-02-01 25.83 "TOR" "" "WAS" "W" 5 0 6.56666666666667 0 0 0 0 0 0 0 0 0 7.2 0 129 -1.5 -19.6
"47" "47" 2006-02-03 25.83 "TOR" "" "NYK" "W" 14 0 20.4333333333333 0.333 0.333 10.7 7.3 9.3 0 2.7 15.3 0 13.1 97 93 3.8 -0.8
"48" "48" 2006-02-05 25.84 "TOR" "" "LAC" "L" -2 0 9.58333333333333 0 0 0 12 5.9 0 0 0 0 18.2 0 116 -2.9 -23
"49" "49" 2006-02-08 25.85 "TOR" "" "SAS" "L" -7 0 13.2833333333333 1 1 9.7 0 5.6 0 0 0 0 3.4 202 135 1.6 -2.6
"50" "50" 2006-02-10 25.85 "TOR" "@" "CHA" "W" 15 0 19.3333333333333 0.363 0.25 6.9 16.9 12.4 7.9 0 5.5 0 16.9 92 83 3.8 -0.3
"51" "51" 2006-02-12 25.86 "TOR" "" "POR" "W" 33 0 19.0166666666667 0.571 0.571 0 15.8 9.5 0 2.9 0 0 18.1 123 90 5.8 1.3
"52" "52" 2006-02-13 25.86 "TOR" "@" "MIN" "W" 4 0 13.2666666666667 0 NA 0 23.3 11 0 0 0 0 3.6 0 116 -0.6 -8.7
"53" "53" 2006-02-15 25.87 "TOR" "@" "NYK" "L" -2 0 16.2666666666667 0.833 0.833 0 8.7 3.9 0 0 0 0 8.8 164 116 3.2 -0.1
"54" "54" 2006-02-21 25.88 "TOR" "@" "MEM" "L" -6 0 11.8833333333333 0.75 0.75 0 17.2 9.3 0 0 0 0 17 134 111 3.4 5.2
"55" "55" 2006-02-25 25.89 "TOR" "@" "DAL" "L" -2 0 21.3333333333333 0.375 0.375 0 9.7 5.8 0 0 0 0 9.4 83 127 0.4 -7.3
"56" "56" 2006-02-27 25.9 "TOR" "@" "MIA" "L" -7 0 17.7666666666667 0.417 0.417 6.8 15.4 10.8 8.8 2.9 0 0 15.8 103 109 4.2 0.2
"57" "57" 2006-03-01 25.9 "TOR" "" "ATL" "L" -2 1 24.5666666666667 0.8 0.8 0 10 5.1 0 0 0 0 10 161 128 5.5 -2
"58" "58" 2006-03-04 25.91 "TOR" "@" "NJN" "L" -5 0 31.1666666666667 0.709 0.667 4.3 14.5 9.8 0 1.7 2.4 0 16.7 138 103 11.3 6.4
"59" "59" 2006-03-05 25.92 "TOR" "" "BOS" "W" 6 0 22.4333333333333 0.938 0.938 6.7 15.3 10.7 9.2 2.5 0 0 18.4 177 121 12.8 13.8
"60" "60" 2006-03-07 25.92 "TOR" "@" "CLE" "L" -7 0 37.3333333333333 0.833 0.833 3.4 6.4 4.9 0 4.3 0 10 13.5 139 113 12.8 6
"61" "61" 2006-03-08 25.92 "TOR" "" "CLE" "L" -1 0 34.7 0.5 0.5 3.2 13.5 8.2 4.7 0 0 0 12.5 112 115 5.3 -3.6
"62" "62" 2006-03-10 25.93 "TOR" "" "DEN" "L" -11 0 33.05 0.5 0.5 8.5 8.5 8.5 16.3 0 2.5 0 20.2 120 128 10.9 2.2
"63" "63" 2006-03-12 25.93 "TOR" "" "IND" "W" 4 0 23.7833333333333 0.5 0.5 17.2 10.9 14.4 0 2.3 3.6 0 11.6 131 103 6.9 1.6
"64" "64" 2006-03-14 25.94 "TOR" "@" "PHI" "W" 14 0 27.65 0.563 0.5 0 22.8 12.2 5.3 0 0 25.3 20.7 84 109 3.6 -10.1
"65" "65" 2006-03-15 25.94 "TOR" "" "DET" "L" -7 0 35.35 0.643 0.643 2.8 18.3 9.6 3.7 0 2 0 9.1 143 122 8.5 0.1
"66" "66" 2006-03-17 25.95 "TOR" "" "MIL" "W" 1 0 25.5666666666667 0.68 0.6 4.1 17.5 10.5 0 0 2.6 0 10.4 148 106 7.1 2.4
"67" "67" 2006-03-21 25.96 "TOR" "@" "NYK" "W" 5 0 10.3666666666667 0.347 0 0 0 0 11.9 5 0 0 11.9 106 114 1.5 -2.9
"68" "68" 2006-03-22 25.96 "TOR" "@" "BOS" "L" -14 0 27.9833333333333 0.571 0.5 12.3 12.7 12.4 0 0 0 0 14.4 132 126 7.4 -4
"69" "69" 2006-03-24 25.97 "TOR" "" "MIN" "W" 20 0 21.2333333333333 0.672 0.643 30.1 32.3 31.2 0 2.7 4.2 0 16.3 167 83 12.8 14.3
"70" "70" 2006-03-26 25.97 "TOR" "@" "MIL" "L" -9 0 27.9833333333333 1.105 1.1 8.4 12.2 10 0 0 0 0 9.9 221 133 11.1 5.1
"71" "71" 2006-03-29 25.98 "TOR" "" "MIA" "L" -4 0 28.6833333333333 0.167 0.167 3.8 7.3 5.6 4.7 1.8 0 0 10 55 110 0 -10.2
"72" "72" 2006-03-31 25.99 "TOR" "" "PHO" "L" -14 0 14.9833333333333 0.333 0.333 7.6 26.7 16.4 0 0 0 25 10.7 72 143 -0.3 -12.9
"73" "73" 2006-04-02 25.99 "TOR" "" "NOK" "L" -7 0 30.7166666666667 0.625 0.625 0 25.4 11.6 5 0 0 11.1 12.8 111 108 6.2 -3.5
"74" "74" 2006-04-04 26 "TOR" "" "BOS" "L" -4 0 27.3166666666667 0.621 0.583 18.3 43.9 28.6 5.3 0 0 18.9 22.8 117 129 11.6 -2.8
"75" "75" 2006-04-05 26 "TOR" "@" "IND" "L" -8 0 23.9166666666667 1 1 0 25.6 12.3 7.2 0 3.4 0 12 198 111 12.7 14.7
"76" "76" 2006-04-07 26.01 "TOR" "@" "NOK" "L" -6 0 33.7666666666667 0.346 0.346 5.9 12.2 8.6 5.3 0 4.3 0 18.4 89 110 5.1 -2.8
"77" "77" 2006-04-09 26.01 "TOR" "" "CHA" "L" -6 0 32.3333333333333 0.538 0.538 0 13.8 7.5 5.9 3.2 0 0 19 109 100 9.6 2
"78" "78" 2006-04-11 26.02 "TOR" "@" "MIA" "L" -9 0 32.3333333333333 0.536 0.5 0 16.5 7.9 6 0 0 0 14.8 113 125 5.5 -4
"79" "" 2006-04-12 26.02 "TOR" "@" "ORL" "L" -7 NA NA NA NA NA NA NA NA NA NA NA NA NA NA NA NA
"80" "" 2006-04-14 26.02 "TOR" "" "DET" "W" 5 NA NA NA NA NA NA NA NA NA NA NA NA NA NA NA NA
"81" "" 2006-04-17 26.03 "TOR" "" "IND" "L" -25 NA NA NA NA NA NA NA NA NA NA NA NA NA NA NA NA
"82" "" 2006-04-19 26.04 "TOR" "@" "CHI" "L" -21 NA NA NA NA NA NA NA NA NA NA NA NA NA NA NA NA
"1" "" 2006-11-02 26.58 "SAS" "@" "DAL" "W" 6 NA NA NA NA NA NA NA NA NA NA NA NA NA NA NA NA
"2" "" 2006-11-03 26.58 "SAS" "" "CLE" "L" -7 NA NA NA NA NA NA NA NA NA NA NA NA NA NA NA NA
"3" "1" 2006-11-05 26.59 "SAS" "@" "TOR" "W" 9 0 7 0 0 0 16.3 8.6 0 0 0 20 33.3 0 105 -3.9 -37.4
"4" "2" 2006-11-06 26.59 "SAS" "@" "NYK" "W" 12 0 14.5166666666667 0.5 0.5 8.9 15.4 12.4 0 3.5 0 16.7 19.7 85 95 3.2 -1.5
"5" "" 2006-11-08 26.59 "SAS" "" "PHO" "W" 5 NA NA NA NA NA NA NA NA NA NA NA NA NA NA NA NA
"6" "3" 2006-11-11 26.6 "SAS" "" "NYK" "W" 8 0 1.81666666666667 NA NA 0 0 0 0 0 0 NA 0 0 102 0 -3.2
"7" "" 2006-11-14 26.61 "SAS" "@" "HOU" "W" 8 NA NA NA NA NA NA NA NA NA NA NA NA NA NA NA NA
"8" "" 2006-11-15 26.61 "SAS" "" "CHA" "L" -3 NA NA NA NA NA NA NA NA NA NA NA NA NA NA NA NA
"9" "4" 2006-11-17 26.62 "SAS" "" "CHI" "W" 17 0 12.8833333333333 0.635 0.643 20.1 8.9 14.1 0 0 0 20.2 35.6 97 96 4.8 -1.7
"10" "5" 2006-11-19 26.62 "SAS" "@" "SAC" "W" 9 0 2.63333333333333 0 0 0 53.6 23.4 0 0 0 0 34 0 106 -1.1 -34.2
"11" "6" 2006-11-20 26.63 "SAS" "@" "POR" "W" 9 0 0.616666666666667 NA NA 0 0 0 0 0 0 NA 0 0 122 0 -6.4
"12" "7" 2006-11-22 26.63 "SAS" "" "MIA" "W" 20 0 11.5 0.5 0.5 11 10.7 10.8 0 0 0 16.7 23.3 91 100 2.3 -5.3
"13" "" 2006-11-24 26.64 "SAS" "" "DAL" "L" -3 NA NA NA NA NA NA NA NA NA NA NA NA NA NA NA NA
"14" "8" 2006-11-26 26.64 "SAS" "@" "SEA" "W" 20 0 2.11666666666667 0.625 0.625 73.2 44.5 55.3 0 0 0 0 90.9 161 78 3.6 30
"15" "" 2006-11-27 26.65 "SAS" "@" "GSW" "L" -9 NA NA NA NA NA NA NA NA NA NA NA NA NA NA NA NA
"16" "" 2006-11-29 26.65 "SAS" "@" "UTA" "L" -8 NA NA NA NA NA NA NA NA NA NA NA NA NA NA NA NA
"17" "9" 2006-12-02 26.66 "SAS" "" "SAC" "W" 2 0 6.55 1.025 1.25 17 20.4 18.6 0 0 0 0 16.9 175 107 4.2 12.4
"18" "10" 2006-12-04 26.67 "SAS" "" "GSW" "W" 40 0 9.61666666666667 0.868 0.75 13.1 10.6 11.7 22.7 0 0 0 12.6 198 95 6 15.1
"19" "11" 2006-12-06 26.67 "SAS" "@" "CHA" "W" 20 0 4.35 0.5 0.5 30.7 30.7 30.7 0 0 0 0 22.5 122 91 2 2.5
"20" "12" 2006-12-08 26.68 "SAS" "" "LAC" "W" 29 0 7.16666666666667 0 0 19.7 14.9 17 0 0 0 0 13.7 47 99 -0.4 -16.2
"21" "13" 2006-12-10 26.68 "SAS" "@" "LAL" "L" -7 0 3.25 0 0 0 0 0 79.8 0 0 0 29.6 60 121 0 -3.9
"22" "14" 2006-12-11 26.68 "SAS" "@" "LAC" "W" 22 0 10.4833333333333 0.5 0.5 0 24.1 13.3 0 5.4 0 33.3 14.7 59 87 1.2 -5.7
"23" "15" 2006-12-13 26.69 "SAS" "" "MIN" "W" 13 0 2.15 0.75 0.75 0 0 0 0 0 0 0 47 128 105 2 26.7
"24" "16" 2006-12-14 26.69 "SAS" "@" "NOK" "W" 26 0 21.4666666666667 0.75 0.75 19.7 10.4 14.5 0 5.1 0 14.3 15.1 134 83 10.1 9.2
"25" "" 2006-12-16 26.7 "SAS" "" "PHI" "W" 5 NA NA NA NA NA NA NA NA NA NA NA NA NA NA NA NA
"26" "17" 2006-12-20 26.71 "SAS" "" "MEM" "W" 7 0 3.65 0.333 0.333 43.8 41.1 42.4 0 0 0 0 41.6 93 117 1.3 -19.4
"27" "18" 2006-12-22 26.72 "SAS" "" "HOU" "L" -19 0 12.3166666666667 0.7 0.7 0 24.4 11 0 0 0 0 19.9 128 116 4.9 6.6
"28" "19" 2006-12-23 26.72 "SAS" "@" "NOK" "W" 35 0 20.2666666666667 0.875 0.875 0 21.5 13.2 0 0 0 0 21.2 154 94 11.2 5.2
"29" "" 2006-12-26 26.73 "SAS" "" "MIL" "L" -7 NA NA NA NA NA NA NA NA NA NA NA NA NA NA NA NA
"30" "20" 2006-12-28 26.73 "SAS" "" "UTA" "W" 23 0 19.4833333333333 0.667 0.667 5.9 22.4 14.3 8.9 0 0 10 23.4 126 94 8.5 6
"31" "21" 2006-12-31 26.74 "SAS" "" "ATL" "W" 14 0 24.1666666666667 0.322 0.333 33.9 19.9 27 20.5 2.2 3.3 0 22.7 104 85 10.3 6.1
"32" "22" 2007-01-02 26.75 "SAS" "@" "CLE" "L" -4 0 23.6 0.82 0.75 4.8 8.7 6.9 0 2.3 0 0 10 170 94 6.7 7.4
"33" "23" 2007-01-03 26.75 "SAS" "@" "MIN" "L" -2 0 23.7833333333333 0.46 0.5 15.2 12.4 13.9 0 0 0 8.4 26 98 122 3.9 -7.6
"34" "24" 2007-01-05 26.75 "SAS" "" "DAL" "L" -5 0 2.46666666666667 NA NA 0 100 52.6 0 0 0 NA 0 0 86 0.6 3.6
"35" "25" 2007-01-07 26.76 "SAS" "@" "MEM" "W" 14 0 16.1 0.313 0.313 0 6.8 4 18.6 3.1 4.9 0 23.3 76 99 2 -7.7
"36" "26" 2007-01-09 26.76 "SAS" "" "POR" "W" 14 0 27.1 0.571 0.571 11.1 14.8 13 0 0 0 22.2 17.1 101 110 2.2 -9.4
"37" "27" 2007-01-10 26.77 "SAS" "@" "DEN" "W" 9 0 17.7 0.375 0.375 12.1 19.4 15.6 8.5 0 12 0 21.2 95 86 6.7 4.4
"38" "28" 2007-01-13 26.78 "SAS" "" "WAS" "W" 13 0 9.48333333333333 0.333 0.333 0 0 0 16.9 0 0 25 18.3 64 96 -0.8 -10.1
"39" "" 2007-01-15 26.78 "SAS" "@" "CHI" "L" -12 NA NA NA NA NA NA NA NA NA NA NA NA NA NA NA NA
"40" "" 2007-01-17 26.79 "SAS" "" "LAL" "L" -4 NA NA NA NA NA NA NA NA NA NA NA NA NA NA NA NA
"41" "" 2007-01-19 26.79 "SAS" "" "NOK" "W" 13 NA NA NA NA NA NA NA NA NA NA NA NA NA NA NA NA
"42" "" 2007-01-21 26.8 "SAS" "@" "PHI" "W" 14 NA NA NA NA NA NA NA NA NA NA NA NA NA NA NA NA
"43" "" 2007-01-22 26.8 "SAS" "@" "BOS" "W" 4 NA NA NA NA NA NA NA NA NA NA NA NA NA NA NA NA
"44" "" 2007-01-24 26.81 "SAS" "" "HOU" "L" -5 NA NA NA NA NA NA NA NA NA NA NA NA NA NA NA NA
"45" "" 2007-01-26 26.81 "SAS" "" "MEM" "W" 16 NA NA NA NA NA NA NA NA NA NA NA NA NA NA NA NA
"46" "" 2007-01-28 26.82 "SAS" "@" "LAL" "W" 2 NA NA NA NA NA NA NA NA NA NA NA NA NA NA NA NA
"47" "" 2007-01-31 26.82 "SAS" "@" "UTA" "L" -4 NA NA NA NA NA NA NA NA NA NA NA NA NA NA NA NA
"48" "" 2007-02-01 26.83 "SAS" "@" "PHO" "L" -16 NA NA NA NA NA NA NA NA NA NA NA NA NA NA NA NA
"49" "" 2007-02-07 26.84 "SAS" "@" "WAS" "W" 27 NA NA NA NA NA NA NA NA NA NA NA NA NA NA NA NA
"50" "" 2007-02-09 26.85 "SAS" "@" "ORL" "L" -2 NA NA NA NA NA NA NA NA NA NA NA NA NA NA NA NA
"51" "" 2007-02-11 26.85 "SAS" "@" "MIA" "L" -15 NA NA NA NA NA NA NA NA NA NA NA NA NA NA NA NA
"52" "" 2007-02-13 26.86 "SAS" "@" "NJN" "W" 25 NA NA NA NA NA NA NA NA NA NA NA NA NA NA NA NA
"53" "" 2007-02-14 26.86 "SAS" "@" "DET" "W" 9 NA NA NA NA NA NA NA NA NA NA NA NA NA NA NA NA
"54" "29" 2007-02-20 26.88 "SAS" "" "DEN" "W" 15 0 12.4 0.218 0.25 18 0 9.3 0 0 0 0 26.1 66 101 -1 -15.7
"55" "30" 2007-02-21 26.88 "SAS" "@" "ATL" "W" 7 0 12.3333333333333 0.174 0 18.1 0 8.6 0 4.2 0 0 10.4 80 104 1.6 -2.7
"56" "31" 2007-02-24 26.89 "SAS" "" "SEA" "W" 31 0 12 0.63 0.611 23.5 19 21.1 19 0 0 0 43.6 136 91 10.2 9
"57" "32" 2007-02-26 26.9 "SAS" "" "TOR" "W" 16 0 7.53333333333333 0 0 0 0 0 0 0 8.8 0 19.6 0 98 -2.2 -23.5
"58" "33" 2007-03-02 26.91 "SAS" "" "ORL" "W" 24 0 8.76666666666667 0.347 0 26.7 59.2 42.1 0 0 10.3 0 16.1 118 77 3.9 4.7
"59" "34" 2007-03-03 26.91 "SAS" "@" "HOU" "W" 23 0 5.01666666666667 0.5 0.5 30.9 0 13.7 36.2 0 0 33.3 31.3 93 98 1 -6.3
"60" "35" 2007-03-05 26.92 "SAS" "@" "LAC" "W" 14 0 3.03333333333333 1 1 0 0 0 0 0 0 0 33.7 200 94 3 22.1
"61" "36" 2007-03-06 26.92 "SAS" "@" "POR" "W" 5 0 7.68333333333333 1.33 1.5 34.7 0 16.7 0 0 0 34.7 19.1 166 117 4.3 8.6
"62" "37" 2007-03-08 26.92 "SAS" "@" "SAC" "W" 7 0 15.8166666666667 0.875 0.875 7.1 7.6 7.3 0 6.3 0 20 14.5 126 92 6.6 6.9
"63" "38" 2007-03-10 26.93 "SAS" "" "NJN" "W" 16 0 3.9 1.064 1.5 0 28 14.3 0 13.4 0 0 23.1 167 62 4.6 43.5
"64" "39" 2007-03-13 26.94 "SAS" "" "LAC" "W" 9 0 12.2666666666667 0.5 0.5 0 0 0 0 9 0 0 8.2 101 85 3 6.3
"65" "40" 2007-03-15 26.94 "SAS" "@" "MIL" "L" -11 0 0.533333333333333 NA NA 0 0 0 0 0 0 NA 0 0 128 0 -8.2
"66" "41" 2007-03-17 26.95 "SAS" "" "BOS" "L" -6 0 5.98333333333333 0.5 0.5 0 20.1 9.4 0 0 0 0 31.5 95 105 2.3 1.4
"67" "42" 2007-03-21 26.96 "SAS" "" "IND" "W" 18 0 22.6833333333333 0.563 0.5 19.2 25.9 23.2 8.3 0 0 18.4 24 104 82 6.6 -3
"68" "43" 2007-03-23 26.96 "SAS" "" "DET" "W" 1 0 11.2833333333333 0.75 0.75 20.8 18.9 19.8 0 5 0 0 8.4 173 95 4.2 10.6
"69" "44" 2007-03-25 26.97 "SAS" "@" "SEA" "W" 41 0 18.4666666666667 0.667 0.667 22.9 12.7 17.3 9.3 0 4.4 10 26.1 133 95 10 5
"70" "45" 2007-03-26 26.97 "SAS" "@" "GSW" "W" 37 0 14.2333333333333 1.5 1.5 0 19.1 12.8 9.3 0 0 33.3 9.6 142 92 4.8 8.5
"71" "46" 2007-03-28 26.98 "SAS" "" "NOK" "W" 4 0 12.4666666666667 0 0 0 11.7 5.3 0 4.4 0 0 8.2 0 95 -0.9 -9.9
"72" "47" 2007-03-30 26.98 "SAS" "" "UTA" "W" 9 0 3.4 1 1 41.5 35.3 38.2 0 0 0 50 28.5 94 107 1.7 -0.4
"73" "48" 2007-04-01 26.99 "SAS" "@" "IND" "L" -1 0 16 0.765 0.7 22.5 0 11.1 0 3.4 0 0 17.2 171 117 9.8 11.6
"74" "49" 2007-04-03 26.99 "SAS" "" "SEA" "W" 19 0 23.3666666666667 0.368 0.3 39.5 22.2 29.3 12.5 0 3.1 8.4 25.7 115 110 6.8 -8.9
"75" "50" 2007-04-05 27 "SAS" "" "PHO" "W" 7 0 2.93333333333333 0 0 0 0 0 0 0 0 0 30.4 0 95 -1.4 -26.3
"76" "51" 2007-04-07 27.01 "SAS" "" "GSW" "W" 13 0 10.9166666666667 0.4 0.4 0 9.2 5.6 0 0 0 0 20.8 86 111 0.8 -12.9
"77" "52" 2007-04-09 27.01 "SAS" "" "POR" "W" 16 0 16.1 0.765 0.7 10.3 37.3 24.4 9.9 0 0 0 19.2 164 115 9.3 10.4
"78" "53" 2007-04-11 27.02 "SAS" "" "SAC" "W" 9 0 1.68333333333333 NA NA 79.2 60.7 68.7 0 0 0 NA 0 210 102 1 7.9
"79" "54" 2007-04-13 27.02 "SAS" "@" "MIN" "W" 19 0 25 0.795 0.8 5.6 20.9 14.4 0 0 2.9 20.9 27.6 117 99 13.3 4.6
"80" "" 2007-04-15 27.03 "SAS" "@" "DAL" "L" -5 NA NA NA NA NA NA NA NA NA NA NA NA NA NA NA NA
"81" "55" 2007-04-16 27.03 "SAS" "@" "MEM" "L" -10 0 23.7833333333333 0.868 0.75 13.5 42.8 25.9 13.5 2.3 3.4 14.8 13.2 163 110 14.7 10.5
"82" "56" 2007-04-18 27.04 "SAS" "" "DEN" "L" -23 0 25.6166666666667 0.2 0.2 0 13.1 6 0 0 0 0 18.9 42 114 -1.7 -15.4
"1" "1" 2007-10-30 27.57 "SAS" "" "POR" "W" 9 0 19.0833333333333 0.444 0.444 11.4 21 15.7 0 0 0 0 21.3 105 110 4.8 -6.1
"2" "2" 2007-10-31 27.57 "SAS" "@" "MEM" "W" 3 0 19.2833333333333 0.611 0.611 0 30.4 14.8 8.9 0 0 0 21.2 119 109 7.3 3.3
"3" "3" 2007-11-02 27.58 "SAS" "" "SAC" "W" 16 0 24.2166666666667 0.591 0.591 0 4.4 2.3 9.4 0 0 21.4 26.4 86 94 4.1 -3.7
"4" "4" 2007-11-06 27.59 "SAS" "@" "HOU" "L" -8 0 8.73333333333333 0 0 16.2 11.2 13.2 0 0 0 0 6 61 110 -0.1 -11.4
"5" "5" 2007-11-07 27.59 "SAS" "" "MIA" "W" 10 0 19.5333333333333 0.313 0.313 0 18 9.8 0 5.7 4.2 11.1 23.5 58 78 1.6 -6.1
"6" "6" 2007-11-09 27.6 "SAS" "@" "NOH" "W" 12 0 13.5166666666667 0.5 0.5 0 8.1 4.5 10.8 4.1 0 16.7 22.4 89 96 2.1 -2.1
"7" "7" 2007-11-11 27.6 "SAS" "" "MIL" "W" 25 0 24.8333333333333 0 0 13.3 26 21.5 9.9 0 0 33.3 6 81 97 2.5 -4.3
"8" "8" 2007-11-13 27.61 "SAS" "" "LAL" "W" 15 0 18.7833333333333 0.577 0.577 5.3 18.3 11.4 0 2.6 3.9 0 30.6 109 90 10 6.5
"9" "9" 2007-11-15 27.61 "SAS" "@" "DAL" "L" -13 0 21.6833333333333 0.424 0.389 0 20.8 8.4 0 0 0 0 19.7 97 122 2.6 -5.8
"10" "10" 2007-11-16 27.62 "SAS" "" "HOU" "W" 6 0 9 0 0 0 0 0 0 6.4 0 66.7 16.8 0 93 -2.1 -17.3
"11" "11" 2007-11-20 27.63 "SAS" "@" "ATL" "W" 12 0 21.6833333333333 0.3 0.3 17.5 16.6 17 6.2 0 0 0 11.3 108 102 2.8 -4
"12" "" 2007-11-21 27.63 "SAS" "" "ORL" "W" 18 NA NA NA NA NA NA NA NA NA NA NA NA NA NA NA NA
"13" "12" 2007-11-23 27.64 "SAS" "" "MEM" "W" 13 0 5.35 NA NA 0 19.9 10.3 39.9 0 0 NA 0 204 96 1.7 12.9
"14" "13" 2007-11-25 27.64 "SAS" "@" "SEA" "W" 15 0 22.8833333333333 0.888 0.8 11.7 26.2 18.5 18.1 2.4 3.1 22.8 18.5 153 110 12.1 11
"15" "14" 2007-11-26 27.64 "SAS" "@" "SAC" "L" -13 0 13.6833333333333 0.6 0.6 14 20 16.5 0 0 5.3 0 16.3 133 120 5.6 1.3
"16" "15" 2007-11-28 27.65 "SAS" "" "WAS" "W" 15 0 1.38333333333333 NA NA 0 0 0 0 0 0 NA 0 0 115 0 -6.6
"17" "16" 2007-11-30 27.65 "SAS" "@" "MIN" "W" 15 0 5.56666666666667 1 1 25.4 43.1 35 37.9 0 12.9 0 17.7 210 91 5.7 29.1
"18" "17" 2007-12-02 27.66 "SAS" "" "POR" "W" 21 0 16.9333333333333 0.717 0.625 7.9 0 3.7 9 0 0 17 18.5 129 107 4.2 -1
"19" "18" 2007-12-05 27.67 "SAS" "" "DAL" "W" 2 0 5.83333333333333 1 1 41.1 0 23.2 0 0 0 0 8.2 209 109 3.1 9.6
"20" "19" 2007-12-07 27.67 "SAS" "" "UTA" "W" 6 1 32.8 0.523 0.5 7.3 9.8 8.4 0 0 2.3 13.9 20.6 97 112 6.1 -5.5
"21" "20" 2007-12-11 27.68 "SAS" "@" "GSW" "L" -12 1 39.25 0.704 0.656 17.1 24.9 21.4 6.4 0 1.7 14.5 23.2 131 101 21.3 9.9
"22" "21" 2007-12-13 27.69 "SAS" "@" "LAL" "L" -5 1 15.95 0 0 0 18.4 9.4 0 0 0 33.3 8.6 0 108 -3.1 -16.7
"23" "" 2007-12-15 27.7 "SAS" "" "DEN" "W" 11 NA NA NA NA NA NA NA NA NA NA NA NA NA NA NA NA
"24" "22" 2007-12-17 27.7 "SAS" "" "PHO" "L" -5 0 6.11666666666667 0.75 0.75 0 0 0 0 0 0 33.3 22.3 85 114 -0.2 -10
"25" "23" 2007-12-19 27.71 "SAS" "@" "MEM" "L" -3 0 14.0333333333333 0.5 0.5 7.8 17.1 12.2 0 0 0 0 23.5 108 107 4.2 -1.9
"26" "24" 2007-12-22 27.72 "SAS" "" "LAC" "W" 9 0 10.1166666666667 0.2 0.2 11.9 21.1 16.7 0 0 0 0 22.5 61 102 -1 -21.3
"27" "25" 2007-12-26 27.73 "SAS" "" "CHI" "W" 15 0 21.8166666666667 0.75 0.75 6.1 41.9 25.4 8.8 0 0 20 22.9 113 89 10.2 6.5
"28" "26" 2007-12-28 27.73 "SAS" "" "TOR" "L" -10 0 24.7 0.571 0.429 15.5 25.3 20.2 10.2 0 0 10.2 18.4 126 96 8.2 5.1
"29" "27" 2007-12-30 27.74 "SAS" "" "MEM" "W" 24 0 23.2666666666667 0.882 0.813 11.8 4.8 7.9 6.9 4.6 0 8.9 22.7 165 94 17 16
"30" "28" 2008-01-03 27.75 "SAS" "@" "DEN" "L" -3 0 24.4 0.533 0.5 0 14.8 7.1 18.6 0 0 0 17.9 107 96 5.7 3.1
"31" "29" 2008-01-04 27.75 "SAS" "" "NYK" "W" 4 0 23.8833333333333 0.612 0.591 16.7 12.6 15.1 7.7 7.2 0 0 23.1 138 101 13.8 10.1
"32" "30" 2008-01-06 27.76 "SAS" "@" "LAC" "W" 6 0 19.0166666666667 0.4 0.4 15.8 6.2 11.3 10.1 0 0 16.7 15 94 102 2.2 -7.2
"33" "31" 2008-01-07 27.76 "SAS" "@" "GSW" "L" -9 0 8.81666666666667 0.2 0.2 25 15.4 20.7 0 6 0 0 25.3 73 119 1.6 -10
"34" "32" 2008-01-10 27.77 "SAS" "" "DET" "L" -10 0 17.6 0.25 0.25 0 29.5 14.5 0 0 4.1 20 14.8 40 104 -0.7 -11
"35" "33" 2008-01-12 27.77 "SAS" "" "MIN" "W" 17 0 17.3166666666667 0.827 0.8 7.5 40.8 23.4 0 0 4.8 47.9 28 75 100 4.2 -6.5
"36" "34" 2008-01-14 27.78 "SAS" "" "PHI" "W" 7 0 5.5 0 0 0 56.9 28.2 27.3 0 0 0 8.7 50 84 0.5 -2.3
"37" "35" 2008-01-17 27.79 "SAS" "" "CLE" "L" -2 0 5.9 0 0 19.8 18.5 19.1 0 0 0 0 8 59 109 0.3 -9.1
"38" "36" 2008-01-19 27.79 "SAS" "@" "HOU" "L" -2 0 9.85 0.75 0.75 0 18.4 10.6 21.9 0 7.6 20 26.7 117 94 4.6 18.4
"39" "37" 2008-01-21 27.8 "SAS" "@" "CHA" "W" 9 0 4.91666666666667 0.568 NA 0 25.7 12.7 0 0 0 0 9.1 122 107 0.9 -5.4
"40" "" 2008-01-23 27.8 "SAS" "" "LAL" "W" 12 NA NA NA NA NA NA NA NA NA NA NA NA NA NA NA NA
"41" "" 2008-01-24 27.81 "SAS" "@" "MIA" "W" 1 NA NA NA NA NA NA NA NA NA NA NA NA NA NA NA NA
"42" "38" 2008-01-26 27.81 "SAS" "" "NOH" "L" -24 0 4.76666666666667 0 0 0 0 0 0 0 0 0 10.5 0 125 -0.7 -15.3
"43" "39" 2008-01-28 27.82 "SAS" "@" "UTA" "L" -6 0 8.68333333333333 0.347 0 0 16.3 7.8 0 0 0 0 15.1 84 109 0.9 -3.6
"44" "40" 2008-01-29 27.82 "SAS" "@" "SEA" "L" -3 0 16.8833333333333 0.363 0.333 0 13.2 6.9 0 0 3.5 0 21.2 74 102 1.7 -7.2
"45" "41" 2008-01-31 27.82 "SAS" "@" "PHO" "W" 3 0 2.53333333333333 NA NA 0 0 0 0 0 0 NA 0 0 89 -1.2 -24.7
"46" "42" 2008-02-05 27.84 "SAS" "@" "IND" "W" 27 0 5.16666666666667 0.68 0.6 0 23.2 12.9 0 0 0 0 51.1 144 103 6 10.5
"47" "" 2008-02-06 27.84 "SAS" "@" "WAS" "W" 8 NA NA NA NA NA NA NA NA NA NA NA NA NA NA NA NA
"48" "" 2008-02-08 27.85 "SAS" "@" "NYK" "W" 6 NA NA NA NA NA NA NA NA NA NA NA NA NA NA NA NA
"49" "" 2008-02-10 27.85 "SAS" "@" "BOS" "L" -8 NA NA NA NA NA NA NA NA NA NA NA NA NA NA NA NA
"50" "43" 2008-02-11 27.85 "SAS" "@" "TOR" "W" 5 0 0.4 NA NA 0 0 0 0 0 0 NA 0 0 104 -0.4 -58
"51" "" 2008-02-13 27.86 "SAS" "@" "CLE" "W" 7 NA NA NA NA NA NA NA NA NA NA NA NA NA NA NA NA
"52" "44" 2008-02-19 27.88 "SAS" "" "CHA" "W" 20 0 4.28333333333333 0 0 0 20.4 12.3 0 0 0 25 44.7 0 75 -3.2 -47.6
"53" "45" 2008-02-21 27.88 "SAS" "@" "MIN" "W" 1 0 6.48333333333333 0.333 0.333 20.6 0 9.9 0 0 10.3 0 23 93 109 0.9 -13
"54" "46" 2008-02-23 27.89 "SAS" "" "NOH" "W" 9 0 3.55 NA NA 0 32.2 17.3 0 0 0 NA 0 0 105 0.3 -2.8
"55" "47" 2008-02-25 27.89 "SAS" "" "ATL" "W" 15 0 1.83333333333333 1 1 0 0 0 -257.1 0 0 0 51.3 208 99 4.8 108.7
"56" "" 2008-02-28 27.9 "SAS" "" "DAL" "W" 3 NA NA NA NA NA NA NA NA NA NA NA NA NA NA NA NA
"57" "" 2008-03-01 27.91 "SAS" "@" "MIL" "W" 2 NA NA NA NA NA NA NA NA NA NA NA NA NA NA NA NA
"58" "" 2008-03-02 27.91 "SAS" "@" "NJN" "W" 10 NA NA NA NA NA NA NA NA NA NA NA NA NA NA NA NA
"59" "48" 2008-03-04 27.92 "SAS" "" "NJN" "W" 11 0 0.7 0 0 0 100 72.9 0 0 0 0 67.5 0 57 -0.4 -42.8
"60" "49" 2008-03-06 27.92 "SAS" "" "IND" "W" 11 0 24.8333333333333 0.54 0.5 5.1 13.2 9.4 14.6 0 3.1 12.6 26.6 106 99 8 -1.8
"61" "50" 2008-03-07 27.92 "SAS" "@" "DEN" "L" -13 0 5.98333333333333 0.773 0.667 0 24.3 11.5 0 0 0 0 31.7 152 117 4.6 8.5
"62" "" 2008-03-09 27.93 "SAS" "@" "PHO" "L" -7 NA NA NA NA NA NA NA NA NA NA NA NA NA NA NA NA
"63" "51" 2008-03-10 27.93 "SAS" "" "DEN" "W" 4 0 14.75 0.563 0.563 7.2 8.1 7.7 0 3.4 4.7 10.1 29.8 99 103 6.5 2.3
"64" "52" 2008-03-12 27.94 "SAS" "@" "NOH" "L" -25 0 4.7 0 0 0 0 0 0 12 0 0 30.8 0 101 -1.6 -22.1
"65" "53" 2008-03-14 27.94 "SAS" "@" "DET" "L" -4 0 7.15 NA NA 0 27.4 14.9 0 0 0 100 7.1 0 100 -0.4 -11.8
"66" "54" 2008-03-15 27.95 "SAS" "@" "PHI" "L" -7 0 16.1833333333333 0.25 0.25 0 42.4 24 0 0 4.5 0 18.9 54 113 1.3 -8.7
"67" "" 2008-03-17 27.95 "SAS" "" "BOS" "L" -2 NA NA NA NA NA NA NA NA NA NA NA NA NA NA NA NA
"68" "55" 2008-03-20 27.96 "SAS" "@" "CHI" "W" 22 0 8.65 0.2 0.2 13.9 27.7 20.8 0 0 0 0 26.4 60 92 -0.6 -19.8
"69" "56" 2008-03-21 27.96 "SAS" "" "SAC" "W" 13 0 3.15 0.5 0.5 0 37.2 19.8 0 0 0 0 32.4 98 100 1.3 -3.3
"70" "" 2008-03-23 27.97 "SAS" "@" "DAL" "W" 7 NA NA NA NA NA NA NA NA NA NA NA NA NA NA NA NA
"71" "57" 2008-03-25 27.97 "SAS" "@" "ORL" "W" 10 0 0.65 NA NA 0 0 0 0 0 0 NA 0 0 116 0 -3.1
"72" "58" 2008-03-26 27.98 "SAS" "" "LAC" "W" 9 0 7.8 0.5 0.5 0 14.3 7.6 0 0 0 50 26.2 45 106 -1.1 -20.2
"73" "59" 2008-03-28 27.98 "SAS" "" "MIN" "W" 15 0 21.1 0.875 0.875 0 20.7 12.5 7.3 0 0 20 12.2 133 99 5.9 4.8
"74" "60" 2008-03-30 27.99 "SAS" "" "HOU" "W" 21 0 5.1 0 0 0 0 0 0 0 0 0 19.4 0 112 -1.8 -27.9
"75" "61" 2008-04-01 27.99 "SAS" "" "GSW" "W" 24 0 6.83333333333333 0.625 0.625 0 0 0 20.1 0 10.3 0 25.5 140 96 4 12.6
"76" "62" 2008-04-04 28 "SAS" "@" "UTA" "L" -26 0 11.0166666666667 NA NA 0 9.7 5.2 0 0 0 NA 0 0 113 -0.5 -8.4
"77" "63" 2008-04-06 28 "SAS" "@" "POR" "W" 7 0 0.983333333333333 NA NA 0 100 57.4 0 0 0 NA 0 0 51 0.3 7.9
"78" "64" 2008-04-09 28.01 "SAS" "" "PHO" "L" -17 0 3.46666666666667 NA NA 0 0 0 0 0 0 NA 0 0 117 0 -6.4
"79" "65" 2008-04-11 28.02 "SAS" "" "SEA" "W" 21 0 19.2 0.363 0.333 10.6 38.5 25.3 0 0 3.1 12.7 18.5 76 73 4.3 -5.4
"80" "66" 2008-04-13 28.02 "SAS" "@" "LAL" "L" -21 0 8.55 0.333 0.333 0 28.8 12.9 20.5 0 0 0 17.3 81 121 1.6 -3.6
"81" "67" 2008-04-14 28.02 "SAS" "@" "SAC" "W" 3 0 6.33333333333333 NA NA 0 0 0 0 0 0 NA 0 0 118 0 -6.3
"82" "68" 2008-04-16 28.03 "SAS" "" "UTA" "W" 29 0 23.6166666666667 0.635 0.571 13.1 9.2 10.8 11.6 0 0 0 17.1 145 97 7.7 2.7
"1" "1" 2008-10-29 28.57 "SAS" "" "PHO" "L" -5 0 30.4166666666667 0.444 0.444 8.5 19.7 14.3 0 0 2.5 0 14.9 103 116 4.9 -4.9
"2" "2" 2008-10-31 28.57 "SAS" "@" "POR" "L" -1 1 12.2166666666667 1.25 1.25 0 20.1 11.6 0 0 0 33.3 13.3 124 119 2.4 -0.8
"3" "3" 2008-11-04 28.58 "SAS" "" "DAL" "L" -17 1 19.8666666666667 0 0 16.5 13.8 15.3 8.1 0 0 0 13.8 51 127 -0.5 -14.5
"4" "4" 2008-11-05 28.59 "SAS" "@" "MIN" "W" 4 1 6.41666666666667 NA NA 0 36.9 19.4 0 0 0 NA 0 0 109 0.6 -3.1
"5" "5" 2008-11-07 28.59 "SAS" "" "MIA" "L" -16 0 0.216666666666667 NA NA 0 0 0 0 0 0 NA 0 0 119 0 -9.7
"6" "6" 2008-11-11 28.6 "SAS" "" "NYK" "W" 12 0 0.483333333333333 NA NA 0 0 0 0 0 0 NA 0 0 101 0 -7.9
"7" "" 2008-11-12 28.61 "SAS" "@" "MIL" "L" -4 NA NA NA NA NA NA NA NA NA NA NA NA NA NA NA NA
"8" "7" 2008-11-14 28.61 "SAS" "" "HOU" "W" 2 0 19.6166666666667 0.917 0.917 0 11.9 6.5 0 3 0 0 17 168 91 9.2 16.1
"9" "8" 2008-11-16 28.62 "SAS" "@" "SAC" "W" 2 0 27.15 0.611 0.611 4.5 28.7 16.3 6.6 4 0 0 16.8 124 93 11.5 7.9
"10" "9" 2008-11-17 28.62 "SAS" "@" "LAC" "W" 3 0 17.4166666666667 0.5 0.5 0 24.5 13.3 9.9 0 3.9 22.2 25.4 74 92 3.5 -4.8
"11" "10" 2008-11-19 28.62 "SAS" "" "DEN" "L" -10 0 26.65 0.444 0.444 15.3 23.2 18.5 16.5 2 3.5 0 15.8 111 100 8.8 1.8
"12" "11" 2008-11-21 28.63 "SAS" "" "UTA" "W" 25 0 17.6166666666667 0.75 0.75 6.6 26.4 15.1 19.2 0 0 11.1 23.8 141 107 9.2 6
"13" "12" 2008-11-24 28.64 "SAS" "@" "MEM" "W" 13 0 14.9166666666667 1.125 1.125 0 7.3 4.1 30.5 0 0 0 13.8 226 99 8.7 16.3
"14" "13" 2008-11-26 28.64 "SAS" "" "CHI" "W" 10 0 16.6666666666667 0.515 0.5 6.9 6.7 6.8 0 0 0 0 10.9 118 100 2.1 -4.1
"15" "14" 2008-11-28 28.65 "SAS" "" "MEM" "W" 11 0 13.0166666666667 0.5 0.5 0 31.6 16.3 0 4.2 0 0 15.2 102 104 3.5 -3.4
"16" "15" 2008-11-29 28.65 "SAS" "@" "HOU" "L" -19 0 22.2166666666667 1.079 1.071 5.5 25.4 14.8 13.5 4.7 0 0 16.5 208 104 18.3 25.9
"17" "16" 2008-12-02 28.66 "SAS" "" "DET" "L" -12 1 24.7833333333333 0.313 0.313 9.7 35.7 22.3 16.1 0 0 20 20.1 68 102 1.5 -7
"18" "17" 2008-12-04 28.67 "SAS" "@" "DEN" "W" 17 1 28.9333333333333 0.875 0.875 14.2 18.4 16.6 0 0 5.1 11.1 14.5 154 99 14 9.8
"19" "18" 2008-12-06 28.67 "SAS" "" "GSW" "W" 35 1 19.4 0.742 0.722 5.9 24.3 16 7.7 2.6 0 9.6 24.5 131 88 11.4 5.2
"20" "19" 2008-12-09 28.68 "SAS" "@" "DAL" "W" 7 1 29.5333333333333 1.3 1.3 8.4 9.1 8.7 0 0 0 0 8.3 250 122 13.1 9
"21" "20" 2008-12-10 28.68 "SAS" "" "ATL" "W" 6 1 27.05 0.563 0.563 32.7 26 29.2 12.7 2 3.1 0 13.6 155 97 14.8 13.6
"22" "21" 2008-12-12 28.69 "SAS" "@" "MIN" "W" 12 1 28.9333333333333 0.857 0.857 4 10.2 7.3 17.3 0 0 0 11.8 177 104 10.8 5.8
"23" "22" 2008-12-14 28.69 "SAS" "" "OKC" "W" 5 1 34 0.708 0.708 7.8 22.3 15.3 4.5 3.1 0 7.7 18.2 129 109 15.5 5.3
"24" "23" 2008-12-17 28.7 "SAS" "@" "NOH" "L" -7 1 33.9833333333333 0.233 0.233 12.6 10.1 11.4 10.6 1.7 0 6.3 22.9 67 108 1.6 -8.8
"25" "24" 2008-12-18 28.7 "SAS" "@" "ORL" "L" -12 1 21.6 0.8 0.8 0 11.7 5.4 19 2.4 3.7 28.6 15.4 110 94 6.6 9
"26" "25" 2008-12-20 28.71 "SAS" "" "TOR" "W" 10 1 29.0333333333333 0.875 0.875 11.8 0 5.8 14.7 0 2.2 0 13 187 114 14.1 12.2
"27" "26" 2008-12-22 28.72 "SAS" "" "SAC" "W" 16 1 30.4 0.571 0.5 9.3 13.7 11.8 14.7 1.8 0 0 12.9 139 95 9.8 3.8
"28" "27" 2008-12-23 28.72 "SAS" "" "MIN" "W" 6 1 25.1166666666667 0.5 0.5 5.2 10.6 7.9 0 0 3.2 0 4 121 106 2.2 -5.3
"29" "28" 2008-12-25 28.72 "SAS" "@" "PHO" "W" 1 1 24.5833333333333 0.5 0.5 0 17.8 8.4 5.7 0 0 16.7 11.4 85 101 1.6 -6.2
"30" "29" 2008-12-27 28.73 "SAS" "" "MEM" "W" 3 1 8.53333333333333 0.5 0.5 0 47.4 23.7 0 0 0 33.3 19.2 60 101 0.5 -13.1
"31" "30" 2008-12-30 28.74 "SAS" "" "MIL" "L" -2 1 17.75 0.25 0.25 0 15 7.5 16.2 0 4 20 13.9 59 114 0.5 -7.8
"32" "31" 2009-01-02 28.75 "SAS" "@" "MEM" "W" 11 1 29.7333333333333 0.889 0.889 5.4 3.7 4.4 7.1 1.9 2.5 0 15.8 171 98 13.9 8.4
"33" "32" 2009-01-03 28.75 "SAS" "" "PHI" "W" 2 1 27.7666666666667 0.563 0.563 8.9 21 14.4 14.1 2.1 0 0 14.2 140 125 9.1 3
"34" "33" 2009-01-05 28.75 "SAS" "@" "MIA" "W" 7 1 31.3666666666667 0.786 0.786 0 18.7 9.4 10.6 1.8 0 12.5 13.1 134 97 10.2 7.2
"35" "34" 2009-01-08 28.76 "SAS" "" "LAC" "W" 22 1 22 0.917 0.917 7 10.4 9 0 2.5 6.6 0 13.3 181 94 12.1 10.6
"36" "35" 2009-01-11 28.77 "SAS" "" "ORL" "L" -7 1 26.7 0.5 0.5 5.4 28.4 17.7 5.1 4.1 0 20 9.4 94 112 5 -1.5
"37" "36" 2009-01-14 28.78 "SAS" "" "LAL" "W" 1 1 33.6333333333333 0.714 0.714 4.6 17.8 11.3 14.9 0 0 0 10.3 162 130 9.4 1.6
"38" "37" 2009-01-16 28.78 "SAS" "@" "PHI" "L" -22 1 20.3833333333333 0.813 0.813 4.4 12.4 7.8 12.2 0 0 27.3 24.3 104 122 7.2 4
"39" "38" 2009-01-17 28.79 "SAS" "@" "CHI" "W" 5 1 29.1333333333333 0.482 0.5 25.6 15 20.4 6.2 1.8 2.2 0 20.2 120 96 13.3 7
"40" "39" 2009-01-19 28.79 "SAS" "@" "CHA" "W" 2 1 16.2833333333333 0.833 0.833 14 27.4 20.8 0 0 0 25 12.7 121 99 5.3 3.8
"41" "40" 2009-01-20 28.79 "SAS" "" "IND" "W" 18 1 17.8333333333333 0.25 0.25 22.4 17.9 20.3 0 2.9 4.1 0 9.9 102 82 3.8 -2.5
"42" "41" 2009-01-23 28.8 "SAS" "" "NJN" "W" 3 1 27.3333333333333 0.3 0.3 13.9 20.4 17.3 0 2.1 2.7 0 9 99 105 4.8 -1.2
"43" "42" 2009-01-25 28.81 "SAS" "@" "LAL" "L" -14 1 21.3666666666667 0.375 0.375 0 12.5 5.4 17.1 2.4 4.3 0 16.6 86 105 4.1 -0.7
"44" "43" 2009-01-27 28.81 "SAS" "@" "UTA" "W" 6 1 32.2333333333333 1 1 3.5 15.3 9.2 0 3.3 0 0 15 179 109 18.1 14.2
"45" "44" 2009-01-29 28.82 "SAS" "@" "PHO" "W" 10 1 26.3166666666667 0.5 0.5 0 13.3 6.7 5.5 0 0 0 5.4 117 118 1.7 -3.2
"46" "45" 2009-01-31 28.82 "SAS" "" "NOH" "W" 13 0 27.0666666666667 1.083 1.083 0 14.4 7.4 10.7 0 0 14.3 13.1 167 109 11.3 8.2
"47" "46" 2009-02-02 28.83 "SAS" "@" "GSW" "W" 5 1 17.5166666666667 0 0 6.6 18.5 12.7 7.4 2.8 0 66.7 7.3 33 94 -0.6 -7
"48" "47" 2009-02-03 28.83 "SAS" "@" "DEN" "L" -8 1 30.65 0.506 0.5 6.7 24.1 14.6 19.1 1.6 0 8.4 16.6 110 108 10 1.8
"49" "48" 2009-02-08 28.85 "SAS" "@" "BOS" "W" 6 1 36.4666666666667 0.676 0.676 6.8 19.7 13.3 10.2 2.8 0 10.5 24.5 123 104 18.5 9.4
"50" "49" 2009-02-10 28.85 "SAS" "@" "NJN" "W" 15 1 26.4 1.011 1 0 22.2 11.7 6.9 2.2 0 0 21.3 194 108 20.6 20.1
"51" "50" 2009-02-11 28.85 "SAS" "@" "TOR" "L" -2 1 28.15 0 0 0 25 12 9.5 1.8 0 0 6.6 26 99 0.6 -8
"52" "51" 2009-02-17 28.87 "SAS" "@" "NYK" "L" -5 1 33.9166666666667 0.556 0.556 6.5 20.4 13.3 4.6 0 2.4 25 16.1 91 108 6.1 -2.6
"53" "52" 2009-02-19 28.88 "SAS" "@" "DET" "W" 4 1 36.75 0.682 0.682 5.8 13.3 9.7 5.3 1.6 0 8.3 16.8 127 96 12.1 7.8
"54" "53" 2009-02-21 28.88 "SAS" "@" "WAS" "W" 31 1 18.7 0.5 0.5 0 25.7 15.5 14.9 0 0 0 8.1 127 77 2.6 -1.6
"55" "54" 2009-02-24 28.89 "SAS" "" "DAL" "W" 17 1 32.3833333333333 0.463 0.455 3.6 8.6 6.4 0 0 0 7.8 19.9 90 94 4.7 -3.9
"56" "55" 2009-02-25 28.89 "SAS" "" "POR" "W" 15 1 29.6166666666667 0.833 0.833 4.6 26.5 17.4 0 3.9 0 0 16.7 161 91 15.8 13.1
"57" "56" 2009-02-27 28.9 "SAS" "" "CLE" "L" -11 1 26.85 0.409 0.409 0 12.5 6.2 13.8 0 2.9 0 19.9 94 115 4.7 -3.7
"58" "57" 2009-03-01 28.9 "SAS" "@" "POR" "L" -18 1 25.45 0.667 0.667 0 21 9.8 0 0 0 0 11.5 135 121 4.6 -1.2
"59" "58" 2009-03-02 28.91 "SAS" "@" "LAC" "W" 28 1 23.1666666666667 0.583 0.583 10.1 4.3 7 0 4.7 0 0 23.9 127 89 10.9 4.9
"60" "59" 2009-03-04 28.91 "SAS" "@" "DAL" "L" -5 1 21.6166666666667 0.652 0.688 5.3 14.3 9.1 0 0 0 0 18.6 138 132 5.9 -2.5
"61" "60" 2009-03-06 28.92 "SAS" "" "WAS" "W" 22 1 21.2833333333333 0.222 0.222 6.8 15.7 11.9 6.5 0 0 18.2 24.9 50 91 -1.6 -18.3
"62" "61" 2009-03-08 28.92 "SAS" "" "PHO" "W" 5 1 22.5666666666667 0.5 0.5 0 24.7 13.5 0 0 0 0 10.9 101 109 3 -5.1
"63" "62" 2009-03-10 28.93 "SAS" "" "CHA" "W" 14 1 14.9166666666667 1.5 1.5 8.7 43.5 26.1 17.5 3.8 0 0 3.3 255 95 6.5 13.1
"64" "63" 2009-03-12 28.93 "SAS" "" "LAL" "L" -7 1 12.6166666666667 0.5 0.5 0 0 0 0 0 0 0 11.9 93 121 0.9 -5.8
"65" "64" 2009-03-14 28.94 "SAS" "@" "HOU" "W" 3 1 28.7666666666667 0.167 0.167 3.7 36.6 19.4 10.3 1.9 2.7 0 10.2 60 89 3.9 -1.6
"66" "65" 2009-03-16 28.95 "SAS" "@" "OKC" "L" -2 1 31.1333333333333 0.5 0.5 3.9 22 13.9 0 1.7 0 0 15.5 104 85 7.6 3.1
"67" "66" 2009-03-17 28.95 "SAS" "" "MIN" "W" 7 1 26.15 0.405 0.333 3.9 24.2 13 0 2.1 3.1 0 18.9 92 96 6 -5
"68" "67" 2009-03-20 28.96 "SAS" "" "BOS" "L" -3 1 29.6 0.583 0.583 3.7 20.7 12.5 6 0 2.1 0 10.5 121 95 7.5 3.4
"69" "68" 2009-03-22 28.96 "SAS" "" "HOU" "L" -2 0 20.95 0.643 0.6 0 12.4 5.6 0 0 0 0 12.2 135 106 4.9 0.3
"70" "69" 2009-03-24 28.97 "SAS" "" "GSW" "W" 1 1 22.3833333333333 0.833 0.833 0 8.8 5.3 13.2 0 0 0 12.9 166 118 8.2 4.9
"71" "70" 2009-03-25 28.97 "SAS" "@" "ATL" "W" 10 1 38.7833333333333 0.581 0.5 3.9 18.6 12 0 1.5 0 0 9.4 129 110 7.3 -0.6
"72" "71" 2009-03-27 28.98 "SAS" "" "LAC" "W" 13 1 24.8333333333333 0.714 0.714 5.7 4.8 5.2 10.1 0 3.1 0 15.1 152 122 9 -0.6
"73" "72" 2009-03-29 28.98 "SAS" "@" "NOH" "L" -4 1 18.0333333333333 0.5 0.5 12.1 31 21.4 23.1 3.2 0 0 19.6 120 98 7 7.7
"74" "73" 2009-03-31 28.99 "SAS" "" "OKC" "L" -1 1 33.0166666666667 0.643 0.643 3.6 0 1.9 0 3.5 0 0 10.4 139 113 8 2.2
"75" "74" 2009-04-03 28.99 "SAS" "@" "IND" "W" 5 1 23.85 0.813 0.813 0 22.4 12.1 0 0 0 0 15.1 162 126 10.1 4.5
"76" "75" 2009-04-05 29 "SAS" "@" "CLE" "L" -20 1 18.65 0.8 0.8 5.5 0 3.3 0 0 0 16.7 15.9 128 129 3.4 -0.9
"77" "76" 2009-04-07 29.01 "SAS" "@" "OKC" "W" 10 1 18 0 0 0 6.5 3.1 0 0 4 0 10.6 0 107 -2.2 -14.9
"78" "77" 2009-04-08 29.01 "SAS" "" "POR" "L" -12 1 20.1 0.875 0.875 6.5 14.9 10.4 8.6 0 0 20 13.5 138 120 4.8 1.4
"79" "78" 2009-04-10 29.01 "SAS" "" "UTA" "W" 6 1 20.8666666666667 0.5 0.5 0 19.7 9.9 7.6 0 6.8 16.7 14.1 88 103 2.7 -0.6
"80" "79" 2009-04-12 29.02 "SAS" "@" "SAC" "W" 3 1 33.7666666666667 0.478 0.417 6.6 16.9 11.7 4.4 1.7 0 0 10 124 109 7.4 -1.6
"81" "80" 2009-04-13 29.02 "SAS" "@" "GSW" "W" 29 1 14.5 0.444 0.444 13.5 37.5 26 12.2 0 0 0 27.8 111 75 5.6 4.1
"82" "81" 2009-04-15 29.03 "SAS" "" "NOH" "W" 7 1 27.7166666666667 0.438 0.438 4.9 14.3 9.7 0 2 0 0 14.5 99 103 4 -3.1
"1" "1" 2009-10-28 29.56 "SAS" "" "NOH" "W" 17 1 28.8666666666667 0.611 0.611 4.3 9.2 6.7 8.7 0 0 0 14.3 136 108 8.2 2.7
"2" "2" 2009-10-29 29.57 "SAS" "@" "CHI" "L" -7 1 19.7 0.583 0.583 5.4 19.1 12.7 9.5 0 0 14.3 16.9 106 103 4.8 1.1
"3" "3" 2009-10-31 29.57 "SAS" "" "SAC" "W" 19 1 21.9166666666667 0.717 0.625 7.3 5.1 6 5.7 0 0 17 12.7 134 111 4.9 -1.7
"4" "4" 2009-11-05 29.59 "SAS" "@" "UTA" "L" -14 1 17.1333333333333 0.25 0.25 6.5 8.2 7.3 8.7 0 0 0 15.9 83 134 -0.3 -10.4
"5" "5" 2009-11-06 29.59 "SAS" "@" "POR" "L" -12 1 12.6333333333333 0.25 0.25 16.5 19.5 17.9 14.5 0 0 20 19.1 68 114 0.5 -9.9
"6" "6" 2009-11-09 29.6 "SAS" "" "TOR" "W" 7 0 34 0.563 0.563 3.5 14.1 8.1 8.8 0 0 0 20.1 135 138 11.4 -3.4
"7" "7" 2009-11-11 29.6 "SAS" "" "DAL" "W" 9 0 28.15 0.698 0.643 11.1 21.3 16.3 11.8 0 0 0 13.3 158 97 11.4 7.2
"8" "8" 2009-11-14 29.61 "SAS" "" "OKC" "L" -3 0 15.6 0.5 0.5 0 30.8 15.8 0 6.5 0 16.7 17.6 80 94 4.1 2.6
"9" "9" 2009-11-18 29.62 "SAS" "@" "DAL" "L" -5 0 25.4666666666667 0.917 0.917 5.2 31.7 21 16.2 0 0 25 15.6 126 97 8.8 6.6
"10" "10" 2009-11-19 29.62 "SAS" "" "UTA" "L" -7 0 11.0666666666667 0.387 0.333 23.4 22.2 22.8 31.4 0 0 34 26.5 78 107 0.7 -10.4
"11" "11" 2009-11-21 29.63 "SAS" "" "WAS" "W" 22 0 20.8333333333333 0.676 0.688 5.1 27.8 17.9 15 0 3.5 0 19.8 140 85 11.3 10.3
"12" "12" 2009-11-23 29.64 "SAS" "" "MIL" "W" 14 0 25.35 1.016 1 11.5 18 15.1 14.2 0 0 0 20.3 211 114 22 24.2
"13" "13" 2009-11-25 29.64 "SAS" "" "GSW" "W" 14 0 12.0166666666667 1.5 1.5 11.1 0 5.3 10 0 0 0 3.5 248 108 2.9 0.4
"14" "14" 2009-11-27 29.65 "SAS" "@" "HOU" "W" 8 0 16.9333333333333 0.5 0.5 7.7 10.3 9.2 0 0 3.8 33.3 8.5 80 98 1.6 -3
"15" "15" 2009-11-29 29.65 "SAS" "" "PHI" "W" 8 0 20.6 1 1 6.5 23.3 15.3 10.1 0 0 0 18.6 201 104 15 21
"16" "16" 2009-12-03 29.66 "SAS" "" "BOS" "L" -7 0 21.6833333333333 0.2 0.2 13.3 35.9 22.9 6.4 2.4 0 16.7 11.7 65 96 3.1 -2.5
"17" "17" 2009-12-05 29.67 "SAS" "" "DEN" "L" -7 0 23.1833333333333 0.25 0.25 12.9 28 21 6.7 0 3 25 16.1 60 112 1.1 -6.7
"18" "18" 2009-12-07 29.67 "SAS" "@" "UTA" "L" -3 0 31.95 0.864 0.857 20 17.2 18.5 23.8 0 0 5.8 26.2 168 122 26.5 20.3
"19" "19" 2009-12-09 29.68 "SAS" "" "SAC" "W" 12 0 20.8333333333333 0.8 0.8 6.4 16.1 11.7 5.7 0 6.1 16.7 12.8 132 106 8.4 6.3
"20" "20" 2009-12-11 29.68 "SAS" "" "CHA" "W" 19 0 15.4833333333333 0.5 0.5 0 15.5 9.5 18.9 0 0 20 14.8 102 94 2.2 -2.6
"21" "21" 2009-12-13 29.69 "SAS" "@" "LAC" "W" 25 0 17.55 0.902 1 0 12.7 7.3 7.3 0 0 0 10.7 180 106 5.8 4.8
"22" "22" 2009-12-15 29.7 "SAS" "@" "PHO" "L" -12 0 23.8166666666667 0.25 0.25 0 8.8 4.5 16.8 2.2 2.6 11.1 17 66 122 1.8 -5.8
"23" "23" 2009-12-16 29.7 "SAS" "@" "GSW" "W" 12 0 12.1 0.515 0.333 9.9 0 4.5 0 0 0 0 13.9 128 99 1.4 -8.4
"24" "24" 2009-12-19 29.71 "SAS" "" "IND" "W" 1 0 4.91666666666667 0.788 0.875 0 48.8 21.9 0 0 0 18.4 48.4 103 111 4.6 21
"25" "" 2009-12-21 29.71 "SAS" "" "LAC" "W" 16 NA NA NA NA NA NA NA NA NA NA NA NA NA NA NA NA
"26" "" 2009-12-23 29.72 "SAS" "" "POR" "L" -4 NA NA NA NA NA NA NA NA NA NA NA NA NA NA NA NA
"27" "" 2009-12-26 29.73 "SAS" "@" "MIL" "W" 15 NA NA NA NA NA NA NA NA NA NA NA NA NA NA NA NA
"28" "" 2009-12-27 29.73 "SAS" "@" "NYK" "W" 7 NA NA NA NA NA NA NA NA NA NA NA NA NA NA NA NA
"29" "" 2009-12-29 29.73 "SAS" "" "MIN" "W" 18 NA NA NA NA NA NA NA NA NA NA NA NA NA NA NA NA
"30" "" 2009-12-31 29.74 "SAS" "" "MIA" "W" 30 NA NA NA NA NA NA NA NA NA NA NA NA NA NA NA NA
"31" "" 2010-01-02 29.75 "SAS" "@" "WAS" "W" 11 NA NA NA NA NA NA NA NA NA NA NA NA NA NA NA NA
"32" "" 2010-01-03 29.75 "SAS" "@" "TOR" "L" -5 NA NA NA NA NA NA NA NA NA NA NA NA NA NA NA NA
"33" "" 2010-01-06 29.76 "SAS" "" "DET" "W" 20 NA NA NA NA NA NA NA NA NA NA NA NA NA NA NA NA
"34" "" 2010-01-08 29.76 "SAS" "" "DAL" "L" -9 NA NA NA NA NA NA NA NA NA NA NA NA NA NA NA NA
"35" "" 2010-01-10 29.77 "SAS" "" "NJN" "W" 12 NA NA NA NA NA NA NA NA NA NA NA NA NA NA NA NA
"36" "" 2010-01-12 29.77 "SAS" "" "LAL" "W" 20 NA NA NA NA NA NA NA NA NA NA NA NA NA NA NA NA
"37" "" 2010-01-13 29.78 "SAS" "@" "OKC" "W" 1 NA NA NA NA NA NA NA NA NA NA NA NA NA NA NA NA
"38" "" 2010-01-15 29.78 "SAS" "@" "CHA" "L" -16 NA NA NA NA NA NA NA NA NA NA NA NA NA NA NA NA
"39" "" 2010-01-16 29.78 "SAS" "@" "MEM" "L" -6 NA NA NA NA NA NA NA NA NA NA NA NA NA NA NA NA
"40" "25" 2010-01-18 29.79 "SAS" "@" "NOH" "W" 7 0 6.01666666666667 0 0 0 0 0 0 0 0 0 7.7 0 110 -0.7 -11.8
"41" "26" 2010-01-20 29.79 "SAS" "" "UTA" "L" -7 0 3.18333333333333 0.436 0.333 27.9 0 16.6 0 0 0 0 44.5 107 116 2 4
"42" "27" 2010-01-22 29.8 "SAS" "" "HOU" "L" -7 0 10.1166666666667 0.291 0.333 0 27.9 11.3 0 0 7.7 0 14 62 114 1.2 -4.3
"43" "" 2010-01-25 29.81 "SAS" "" "CHI" "L" -5 NA NA NA NA NA NA NA NA NA NA NA NA NA NA NA NA
"44" "28" 2010-01-27 29.81 "SAS" "" "ATL" "W" 15 0 14.1 0.167 0.167 6.5 6.4 6.5 18.6 0 0 0 18.2 69 103 -0.2 -10.6
"45" "29" 2010-01-29 29.82 "SAS" "" "MEM" "W" 7 0 10.55 0.5 0.5 0 0 0 0 5 7.1 40 20.9 56 96 1 -3.4
"46" "30" 2010-01-31 29.82 "SAS" "" "DEN" "L" -14 0 17.05 0.5 0.5 0 27.2 11.4 9.9 9.3 9.9 0 13.6 107 90 7.5 14.4
"47" "31" 2010-02-03 29.83 "SAS" "@" "SAC" "W" 2 0 6.98333333333333 0 0 0 0 0 0 0 0 0 12.5 0 127 -1.8 -21.6
"48" "32" 2010-02-04 29.84 "SAS" "@" "POR" "L" -3 0 4.7 NA NA 0 0 0 0 0 0 NA 0 0 120 0 -8.1
"49" "33" 2010-02-06 29.84 "SAS" "@" "LAC" "W" 17 0 23.7333333333333 0.619 0.563 4.6 5.2 4.9 6.5 0 0 18.4 20.9 103 95 5.1 -3.2
"50" "34" 2010-02-08 29.85 "SAS" "@" "LAL" "L" -12 0 6.81666666666667 0.75 0.75 0 32 16.2 0 7.7 0 0 13.7 147 91 2.8 12.2
"51" "35" 2010-02-11 29.85 "SAS" "@" "DEN" "W" 19 0 14.0333333333333 1.064 1.5 0 8 4.4 9.1 3.6 11.4 34.7 9.2 122 89 5.3 14.4
"52" "36" 2010-02-17 29.87 "SAS" "@" "IND" "W" 3 1 12.5333333333333 0.375 0.375 6.8 8.1 7.4 0 0 0 0 12.9 95 98 1.6 -1.8
"53" "37" 2010-02-19 29.88 "SAS" "@" "PHI" "L" -12 1 13.5833333333333 0.333 0.333 0 19.1 8.3 0 0 0 0 10.1 71 117 0.9 -7.8
"54" "" 2010-02-21 29.88 "SAS" "@" "DET" "L" -8 NA NA NA NA NA NA NA NA NA NA NA NA NA NA NA NA
"55" "38" 2010-02-24 29.89 "SAS" "" "OKC" "W" 8 0 1.36666666666667 NA NA 0 0 0 0 0 0 NA 0 0 105 -0.4 -20.2
"56" "39" 2010-02-26 29.9 "SAS" "@" "HOU" "L" -5 0 7.58333333333333 NA NA 0 0 0 16.7 0 0 100 5.5 39 123 -0.3 -6.8
"57" "40" 2010-02-28 29.9 "SAS" "" "PHO" "W" 3 0 0.116666666666667 NA NA 0 0 0 0 0 0 NA 0 0 123 0 -5.6
"58" "41" 2010-03-01 29.9 "SAS" "@" "NOH" "W" 14 0 20.9166666666667 0.455 0.455 5.5 21.3 13.5 0 0 0 8.3 27.7 88 109 4.8 -7
"59" "42" 2010-03-05 29.92 "SAS" "" "NOH" "W" 11 0 23.3833333333333 0.676 0.625 6.4 16.2 11.7 13.8 2.4 2.8 10.1 22 131 102 10.5 5.8
"60" "43" 2010-03-06 29.92 "SAS" "@" "MEM" "W" 10 0 25.0666666666667 0.825 0.857 10.1 14.4 12.3 18.3 0 5.2 11.3 16.8 152 108 12.9 14.4
"61" "44" 2010-03-08 29.92 "SAS" "@" "CLE" "L" -2 0 18.7166666666667 0.643 0.643 0 35.6 14.9 10.4 0 0 12.5 19.1 111 106 5.7 0.9
"62" "45" 2010-03-10 29.93 "SAS" "" "NYK" "W" 10 0 15.8333333333333 0.564 0.375 0 6.7 3.5 0 3.4 0 0 15.7 133 97 4.1 0.9
"63" "46" 2010-03-12 29.93 "SAS" "@" "MIN" "W" 18 0 10.2833333333333 0.438 0.438 0 21.2 10.9 0 5.1 0 11.1 40.8 77 87 2.4 -8.1
"64" "47" 2010-03-13 29.94 "SAS" "" "LAC" "W" 30 0 21.6 1.167 1.167 6.9 10.1 8.8 6.7 2.4 0 0 19.6 220 96 20.9 25.7
"65" "48" 2010-03-16 29.95 "SAS" "@" "MIA" "W" 12 0 12.9166666666667 0.25 0.25 0 0 0 0 4.1 0 33.3 21.7 34 82 -3.4 -18.2
"66" "49" 2010-03-17 29.95 "SAS" "@" "ORL" "L" -26 0 12.8833333333333 0.5 0.5 0 0 0 0 0 0 0 23 100 131 2.6 0.2
"67" "50" 2010-03-19 29.95 "SAS" "" "GSW" "W" 31 0 20.2666666666667 1.087 1.083 11.8 16.9 14.4 5 0 8 0 12.8 216 106 16.2 14.4
"68" "51" 2010-03-21 29.96 "SAS" "@" "ATL" "L" -5 0 32.5666666666667 0.714 0.714 4 16 10.6 9.4 0 2 12.5 12.2 135 123 9.2 3.7
"69" "52" 2010-03-22 29.96 "SAS" "@" "OKC" "W" 3 0 27.4 0.424 0.389 4.4 9.5 6.8 5.5 0 0 9.6 17.5 88 109 3.1 -4.4
"70" "53" 2010-03-24 29.97 "SAS" "" "LAL" "L" -9 0 23.5333333333333 0.444 0.444 0 9.9 4.6 0 7.1 3.5 10 20.3 84 95 5 3.1
"71" "54" 2010-03-26 29.97 "SAS" "" "CLE" "W" 5 0 19.1 0.333 0.333 0 17.5 9.2 36.4 0 0 0 7.2 122 106 3.5 2.8
"72" "55" 2010-03-28 29.98 "SAS" "@" "BOS" "W" 21 0 23.7833333333333 0.5 0.5 9.6 4.7 7.1 6.7 0 3.4 16.7 11.6 104 93 4 1.9
"73" "56" 2010-03-29 29.98 "SAS" "@" "NJN" "L" -6 0 26.9 0.437 0.455 7.3 26.6 16.7 19.9 2 0 14.9 22.5 90 96 7.3 2.2
"74" "57" 2010-03-31 29.99 "SAS" "" "HOU" "W" 17 0 14.2333333333333 0.368 0.4 0 27 15.2 0 0 4.7 15.5 20.1 61 99 1.4 -9.8
"75" "58" 2010-04-02 29.99 "SAS" "" "ORL" "W" 12 0 30.2666666666667 0.504 0.5 4.4 18.9 12.2 9.5 0 0 0 23 113 113 9.6 0
"76" "59" 2010-04-04 30 "SAS" "@" "LAL" "W" 19 0 20.9166666666667 0.571 0.571 6.6 11.5 9.2 15.2 2.6 0 12.5 18.4 114 91 6.6 7.9
"77" "60" 2010-04-06 30 "SAS" "@" "SAC" "W" 9 0 17.0333333333333 0 0 0 20.1 11 7.6 0 0 0 14.4 13 100 -1.9 -14.3
"78" "61" 2010-04-07 30.01 "SAS" "@" "PHO" "L" -11 0 18.4666666666667 0.47 0.5 11.3 6.8 9.3 23.1 2.9 0 0 12.3 132 124 7 7.8
"79" "62" 2010-04-09 30.01 "SAS" "" "MEM" "L" -8 0 34.1166666666667 0.707 0.692 0 11.7 6.5 5.7 1.5 3.6 6.9 20.1 122 115 14.4 7.8
"80" "63" 2010-04-10 30.01 "SAS" "@" "DEN" "W" 19 0 15.3166666666667 0.666 0.5 0 28.5 15.9 0 10.1 5.5 0 19.3 153 67 10.4 19.8
"81" "64" 2010-04-12 30.02 "SAS" "" "MIN" "W" 22 1 15.8 0.722 0.722 0 16.9 8.1 0 8.9 0 0 24.9 134 95 11.1 10.5
"82" "65" 2010-04-14 30.02 "SAS" "@" "DAL" "L" -7 0 25.3 0.125 0.125 4 14.9 9.6 5.4 3.9 0 0 13.7 42 96 1 -7.1
"1" "1" 2010-10-27 30.56 "SAS" "" "IND" "W" 13 0 13.95 0.333 0.333 0 9.8 4.8 17.8 0 0 0 9.1 101 117 2 -4.1
"2" "" 2010-10-30 30.57 "SAS" "" "NOH" "L" -9 NA NA NA NA NA NA NA NA NA NA NA NA NA NA NA NA
"3" "" 2010-11-01 30.58 "SAS" "@" "LAC" "W" 9 NA NA NA NA NA NA NA NA NA NA NA NA NA NA NA NA
"4" "" 2010-11-03 30.58 "SAS" "@" "PHO" "W" 2 NA NA NA NA NA NA NA NA NA NA NA NA NA NA NA NA
"5" "" 2010-11-06 30.59 "SAS" "" "HOU" "W" 3 NA NA NA NA NA NA NA NA NA NA NA NA NA NA NA NA
"6" "" 2010-11-08 30.59 "SAS" "@" "CHA" "W" 4 NA NA NA NA NA NA NA NA NA NA NA NA NA NA NA NA
"7" "" 2010-11-10 30.6 "SAS" "" "LAC" "W" 12 NA NA NA NA NA NA NA NA NA NA NA NA NA NA NA NA
"8" "2" 2010-11-13 30.61 "SAS" "" "PHI" "W" 23 0 14.9166666666667 0.444 0.3 24.1 14.3 18.9 0 3.3 0 0 19.5 121 94 6.2 1.9
"9" "3" 2010-11-14 30.61 "SAS" "@" "OKC" "W" 13 0 25.0666666666667 1.05 1.05 0 20.7 9.5 0 0 0 0 16.4 205 109 17.6 20.6
"10" "4" 2010-11-17 30.62 "SAS" "" "CHI" "W" 9 0 21.6166666666667 0.8 0.8 0 4.4 2.4 6.5 0 3 0 10.3 163 105 6.6 6.6
"11" "5" 2010-11-19 30.62 "SAS" "@" "UTA" "W" 12 0 17.3333333333333 0 0 0 31.6 14.4 0 3.1 0 0 15.7 0 90 -2.8 -15.7
"12" "6" 2010-11-20 30.63 "SAS" "" "CLE" "W" 24 0 25.6166666666667 0.667 0.667 5.4 13.7 9.9 5.3 0 0 0 16.9 130 105 8.8 0.7
"13" "7" 2010-11-22 30.63 "SAS" "" "ORL" "W" 9 0 36.25 0.845 0.875 3.6 23.4 13.1 8.4 0 0 0 12.2 160 108 13.7 6.8
"14" "8" 2010-11-24 30.64 "SAS" "@" "MIN" "W" 4 0 26.0833333333333 0.375 0.375 0 18.9 8.3 0 0 0 0 13.3 82 108 2 -4.7
"15" "9" 2010-11-26 30.64 "SAS" "" "DAL" "L" -9 0 23.3166666666667 0.25 0.25 0 10.8 5.5 7.1 0 0 0 12.6 65 119 0.1 -6.4
"16" "10" 2010-11-28 30.65 "SAS" "@" "NOH" "W" 14 0 7.96666666666667 0.333 0.333 15.1 0 7.9 17.7 6.8 0 0 17.5 105 100 1.9 -0.5
"17" "11" 2010-11-30 30.65 "SAS" "@" "GSW" "W" 20 0 15.25 0.75 0.75 0 6.7 3.3 0 0 0 20 13.6 102 106 2.5 -4
"18" "12" 2010-12-01 30.66 "SAS" "@" "LAC" "L" -5 0 29.9333333333333 0.145 0 8.6 13 10.3 5 1.9 3 0 10.5 66 104 2.8 -6
"19" "13" 2010-12-03 30.66 "SAS" "" "MIN" "W" 6 0 16.3 0.375 0.375 6.8 5.6 6.1 19 0 3.6 42.9 20 61 115 0.7 -8
"20" "14" 2010-12-05 30.67 "SAS" "" "NOH" "W" 25 0 15.7333333333333 1.167 1.167 0 16.1 9 23.7 3.4 0 0 19 214 94 14.8 32.2
"21" "15" 2010-12-08 30.68 "SAS" "" "GSW" "W" 17 0 27.1833333333333 0.8 0.8 4.2 20.1 12.3 0 0 6 16.7 10.3 123 102 8.3 2
"22" "16" 2010-12-10 30.68 "SAS" "" "ATL" "W" 16 0 24.4 0.75 0.75 10.4 9.6 10 5.3 2.2 0 0 7.7 168 104 6.9 4.7
"23" "17" 2010-12-12 30.69 "SAS" "" "POR" "W" 17 0 18.55 1.5 1.5 6.2 24.9 16.5 0 0 0 0 2.6 273 91 4.5 3.4
"24" "18" 2010-12-15 30.7 "SAS" "" "MIL" "W" 2 0 26.9 0.875 0.875 5 4.1 4.5 11.6 0 0 33.3 11 114 105 4.2 -1.1
"25" "19" 2010-12-16 30.7 "SAS" "@" "DEN" "W" 1 0 17.5 1.025 1.125 7.4 20.1 14.1 0 0 0 0 13 189 122 9.6 12.3
"26" "20" 2010-12-18 30.7 "SAS" "" "MEM" "W" 6 0 28.5833333333333 0.5 0.5 4.5 11.6 8.3 4.6 0 2.3 0 10.3 114 113 5.2 -1.2
"27" "21" 2010-12-20 30.71 "SAS" "" "PHO" "W" 8 0 26.9 0.615 0.625 4.2 14.9 9.2 4.5 1.9 5.6 0 7.7 147 116 7.1 1.4
"28" "22" 2010-12-22 30.72 "SAS" "" "DEN" "W" 6 0 25.7833333333333 0.903 1.1 0 8.9 4.5 5.7 0 3.5 12.2 15.3 140 120 10.9 9.1
"29" "23" 2010-12-23 30.72 "SAS" "@" "ORL" "L" -22 0 23.45 0.776 0.75 4 30.1 14.4 0 2.1 0 0 11.9 165 126 9.8 3.7
"30" "24" 2010-12-26 30.73 "SAS" "" "WAS" "W" 14 0 27.7833333333333 0.563 0.563 7.7 6.9 7.3 0 0 0 0 14.1 117 99 6.2 -3.9
"31" "25" 2010-12-28 30.73 "SAS" "" "LAL" "W" 15 0 26.2333333333333 1 1 0 18.3 9.1 11.6 0 0 20 8.7 150 94 7.9 5.9
"32" "26" 2010-12-30 30.74 "SAS" "@" "DAL" "W" 6 0 25.75 0.167 0.167 4.9 11.9 8.8 0 0 0 14.3 13 41 103 -2 -10.8
"33" "27" 2011-01-01 30.74 "SAS" "" "OKC" "W" 27 0 24.35 0.833 0.833 0 17.9 9.7 0 4 5.1 0 5.3 162 67 7.4 9.2
"34" "28" 2011-01-04 30.75 "SAS" "@" "NYK" "L" -13 0 12.8166666666667 1 1 9.9 20.2 15 27.9 0 0 0 3.4 206 135 4.7 9.4
"35" "29" 2011-01-05 30.75 "SAS" "@" "BOS" "L" -2 0 30.2833333333333 0.5 0.5 6.9 5.9 6.5 4.9 1.7 0 0 14.6 122 117 7.2 0.3
"36" "30" 2011-01-07 30.76 "SAS" "@" "IND" "W" 3 0 17.6666666666667 0.5 0.5 0 6 3.1 0 0 3.7 25 10.7 72 103 0.5 -5.3
"37" "31" 2011-01-09 30.76 "SAS" "" "MIN" "W" 3 0 24.45 0.698 0.643 13.4 21.8 18 7.8 0 0 0 14.6 157 101 11.9 7.2
"38" "32" 2011-01-11 30.77 "SAS" "@" "MIN" "W" 11 0 25.7666666666667 0.707 0.65 0 14.3 8 0 0 0 15 22.9 110 103 9.8 1.8
"39" "33" 2011-01-12 30.77 "SAS" "@" "MIL" "W" 7 0 31.2833333333333 0.708 0.708 0 3.3 1.8 17.5 0 4.3 0 20.3 145 107 14.4 12.3
"40" "34" 2011-01-14 30.78 "SAS" "" "DAL" "W" 12 0 7.9 1.5 1.5 0 26.4 13.4 0 0 0 0 11.6 300 101 6 26.6
"41" "" 2011-01-16 30.78 "SAS" "" "DEN" "W" 13 NA NA NA NA NA NA NA NA NA NA NA NA NA NA NA NA
"42" "" 2011-01-19 30.79 "SAS" "" "TOR" "W" 9 NA NA NA NA NA NA NA NA NA NA NA NA NA NA NA NA
"43" "" 2011-01-21 30.8 "SAS" "" "NYK" "W" 9 NA NA NA NA NA NA NA NA NA NA NA NA NA NA NA NA
"44" "" 2011-01-22 30.8 "SAS" "@" "NOH" "L" -24 NA NA NA NA NA NA NA NA NA NA NA NA NA NA NA NA
"45" "" 2011-01-24 30.81 "SAS" "@" "GSW" "W" 11 NA NA NA NA NA NA NA NA NA NA NA NA NA NA NA NA
"46" "" 2011-01-26 30.81 "SAS" "@" "UTA" "W" 7 NA NA NA NA NA NA NA NA NA NA NA NA NA NA NA NA
"47" "" 2011-01-29 30.82 "SAS" "" "HOU" "W" 13 NA NA NA NA NA NA NA NA NA NA NA NA NA NA NA NA
"48" "" 2011-02-01 30.83 "SAS" "@" "POR" "L" -13 NA NA NA NA NA NA NA NA NA NA NA NA NA NA NA NA
"49" "" 2011-02-03 30.83 "SAS" "@" "LAL" "W" 1 NA NA NA NA NA NA NA NA NA NA NA NA NA NA NA NA
"50" "" 2011-02-04 30.84 "SAS" "@" "SAC" "W" 13 NA NA NA NA NA NA NA NA NA NA NA NA NA NA NA NA
"51" "35" 2011-02-08 30.85 "SAS" "@" "DET" "W" 11 0 13.6333333333333 0.833 0.833 20.7 0 8.8 15.4 0 4.9 0 22.5 168 106 10.2 22
"52" "36" 2011-02-09 30.85 "SAS" "@" "TOR" "W" 11 0 16.4833333333333 0.375 0.375 0 0 0 6.6 0 0 0 11.6 98 120 0.5 -8.7
"53" "37" 2011-02-11 30.85 "SAS" "@" "PHI" "L" -6 0 18.0333333333333 1.5 1.5 5 10.6 7.8 10.9 0 0 0 2.5 259 93 3.9 4.8
"54" "38" 2011-02-12 30.86 "SAS" "@" "WAS" "W" 24 0 20.6333333333333 1 1 8 10.8 9.7 0 0 0 25 18.7 131 111 8.7 1.3
"55" "39" 2011-02-14 30.86 "SAS" "@" "NJN" "W" 17 0 21.85 0.3 0.3 0 0 0 13 0 0 0 10.3 90 105 -0.3 -5.1
"56" "40" 2011-02-17 30.87 "SAS" "@" "CHI" "L" -10 0 25.9166666666667 0.347 0 4.9 11.6 7.9 0 2.1 0 0 8.3 92 125 1.6 -8.2
"57" "41" 2011-02-23 30.89 "SAS" "" "OKC" "W" 4 0 23.9666666666667 0.667 0.667 4.5 17.4 11 0 0 0 0 17.4 124 112 9.2 3.2
"58" "42" 2011-02-25 30.89 "SAS" "" "NJN" "W" 10 0 22.8666666666667 1 1 6 19.1 13.3 0 0 0 0 5.9 191 102 5.8 4.2
"59" "43" 2011-02-27 30.9 "SAS" "" "MEM" "W" 7 0 25.2166666666667 1 1 12.7 3.7 7 0 2.2 4.9 22.2 18.1 128 105 12.4 13.3
"60" "44" 2011-03-01 30.9 "SAS" "@" "MEM" "L" -16 0 10.4833333333333 0.5 0.5 0 11.2 5.7 0 0 5.5 25 16.9 78 120 0.5 -5.1
"61" "45" 2011-03-02 30.91 "SAS" "@" "CLE" "W" 10 0 20.4833333333333 0.813 0.813 12.3 17.7 15.5 21.8 0 0 0 17.7 172 107 13.7 15.6
"62" "46" 2011-03-04 30.91 "SAS" "" "MIA" "W" 30 0 24.3166666666667 1.286 1.286 0 24.1 12.3 5.8 2.1 0 0 13.8 233 99 18.3 23.8
"63" "47" 2011-03-06 30.92 "SAS" "" "LAL" "L" -16 0 20.0833333333333 0.3 0.3 0 11.7 5.2 0 0 0 0 11.5 72 122 0.5 -6.3
"64" "48" 2011-03-09 30.93 "SAS" "" "DET" "W" 7 0 20.6666666666667 0.688 0.688 0 4.9 3.3 13.9 0 0 0 20 146 125 8.3 1.5
"65" "49" 2011-03-11 30.93 "SAS" "" "SAC" "W" 5 0 26.0166666666667 0.307 0.25 9.7 16.8 13.5 9.7 1.9 0 17 10.2 88 110 3 -5.1
"66" "50" 2011-03-12 30.93 "SAS" "@" "HOU" "W" 8 0 15.8166666666667 0.5 0.5 0 22.8 11 8.7 0 0 20 13.6 86 112 1.4 -6.3
"67" "51" 2011-03-14 30.94 "SAS" "@" "MIA" "L" -30 0 7.55 0 0 0 18.7 7.9 0 0 0 0 12.7 0 124 -1.9 -19.6
"68" "52" 2011-03-18 30.95 "SAS" "@" "DAL" "W" 6 0 18.7833333333333 0 0 17.8 22.5 19.9 0 0 0 20 12.5 42 107 -2 -16
"69" "53" 2011-03-19 30.95 "SAS" "" "CHA" "W" 11 0 25.2166666666667 0.5 0.5 5.4 10 7.8 6.1 4.3 0 9.1 21.9 94 106 7.2 -2.3
"70" "54" 2011-03-21 30.96 "SAS" "" "GSW" "W" 15 0 26.4833333333333 0.333 0.333 4.5 15.4 10.4 18.9 0 0 0 15.6 95 104 4.8 -2.7
"71" "55" 2011-03-23 30.96 "SAS" "@" "DEN" "L" -3 0 22.9333333333333 0.509 0.417 0 15.3 7.2 18.6 4.5 3.7 0 13.4 128 116 8.1 6.4
"72" "56" 2011-03-25 30.97 "SAS" "@" "POR" "L" -2 0 17.8833333333333 1.333 1.333 7.7 19.2 13.9 0 5.9 4.5 0 8.1 260 95 10.6 20.7
"73" "57" 2011-03-27 30.98 "SAS" "@" "MEM" "L" -7 0 28.3666666666667 0.438 0.438 0 11.3 5.1 0 1.9 0 20 17 73 127 0.6 -10.5
"74" "58" 2011-03-28 30.98 "SAS" "" "POR" "L" -8 1 22.7166666666667 0.6 0.6 0 31.1 13.9 0 0 0 16.7 12.8 97 118 3 -5.8
"75" "59" 2011-03-31 30.99 "SAS" "" "BOS" "L" -10 0 20.9833333333333 0.444 0.444 9.5 12 10.6 0 2.5 0 10 21.1 92 114 4.5 -1.2
"76" "60" 2011-04-01 30.99 "SAS" "@" "HOU" "L" -5 0 25.0666666666667 0 0 0 24 12.2 4.7 0 3 0 9.1 14 115 -1.8 -9.2
"77" "61" 2011-04-03 30.99 "SAS" "" "PHO" "W" 17 0 24 0.766 0.75 26.1 23.8 25 25.8 2.1 0 8.7 20.3 163 100 19.5 19.1
"78" "62" 2011-04-05 31 "SAS" "@" "ATL" "W" 7 0 20.7833333333333 0.125 0.125 14.9 28 21.7 6.7 0 0 0 19 56 108 -0.3 -12.1
"79" "63" 2011-04-06 31 "SAS" "" "SAC" "W" 32 0 19.9833333333333 0.75 0.75 7.7 13.3 11.3 0 5.2 0 0 4.9 165 94 4.8 3.5
"80" "64" 2011-04-09 31.01 "SAS" "" "UTA" "W" 9 0 22.0833333333333 0.394 0.438 0 12.8 6.6 12.6 0 0 0 20.2 94 120 3 -7.5
"81" "65" 2011-04-12 31.02 "SAS" "@" "LAL" "L" -9 0 23.5333333333333 1.105 1.1 0 16.1 7 8.9 0 0 0 11.2 216 112 11.9 13.2
"82" "66" 2011-04-13 31.02 "SAS" "@" "PHO" "L" -3 0 16.0666666666667 0.473 0.167 13.6 11.3 12.3 0 0 0 0 26.8 119 117 6 -3.4
"1" "1" 2011-12-26 31.73 "SAS" "" "MEM" "W" 13 0 28.0333333333333 0.25 0.25 0 0 0 10.3 0 0 0 9.3 73 98 0.6 -5.3
"2" "2" 2011-12-28 31.73 "SAS" "" "LAC" "W" 25 0 17.8333333333333 0.75 0.75 0 5.9 3.7 0 0 0 0 10.6 148 105 3.5 3.4
"3" "3" 2011-12-29 31.73 "SAS" "@" "HOU" "L" -20 0 16.35 0.3 0.3 0 0 0 9.2 0 5 16.7 15.5 68 126 -0.1 -7.7
"4" "4" 2011-12-31 31.74 "SAS" "" "UTA" "W" 15 0 15.1 1.5 1.5 0 17.3 10.6 19.4 0 0 0 3 262 96 5 11.8
"5" "5" 2012-01-02 31.75 "SAS" "@" "MIN" "L" -10 0 13.15 0.333 0.333 9.1 65.2 32.2 12.7 0 0 0 21.8 86 119 3.5 -6.4
"6" "6" 2012-01-04 31.75 "SAS" "" "GSW" "W" 6 0 16.15 0.375 0.375 0 21.7 10.9 0 0 5 0 11.7 78 102 1.8 -3.6
"7" "7" 2012-01-05 31.75 "SAS" "" "DAL" "W" 22 0 24.8333333333333 0.85 0.85 3.9 22 12.3 0 0 0 0 19.1 152 83 14.6 17.5
"8" "8" 2012-01-07 31.76 "SAS" "" "DEN" "W" 4 0 6.78333333333333 0.5 0.5 18.6 0 10 0 0 0 0 12.6 133 130 1.3 -7.6
"9" "9" 2012-01-08 31.76 "SAS" "@" "OKC" "L" -12 0 12.0666666666667 0.333 0.333 7.8 0 4.4 0 0 0 0 11.3 86 122 0.2 -11.1
"10" "10" 2012-01-10 31.77 "SAS" "@" "MIL" "L" -3 0 21.1166666666667 0.375 0.375 0 36.9 21 5.3 0 0 20 11.6 69 117 1.7 -7.8
"11" "11" 2012-01-11 31.77 "SAS" "" "HOU" "W" 6 0 22.7166666666667 0.583 0.583 5.1 15.9 10.4 6.7 2.5 0 0 12.7 131 102 7.3 4.8
"12" "12" 2012-01-13 31.78 "SAS" "" "POR" "W" 16 0 6.15 1.5 1.5 0 15.9 9.1 0 0 0 0 7.2 300 91 2.2 9.8
"13" "13" 2012-01-15 31.78 "SAS" "" "PHO" "W" 11 0 16.8666666666667 0.68 0.6 7.3 22.8 16 24.9 0 0 0 16.1 154 98 8.9 11.5
"14" "14" 2012-01-17 31.79 "SAS" "@" "MIA" "L" -22 0 21.4833333333333 0.5 0.5 6.4 32.9 19.4 6.2 0 0 0 6.5 135 137 4.2 -2.1
"15" "15" 2012-01-18 31.79 "SAS" "@" "ORL" "W" 2 0 19.5666666666667 0.4 0.4 5.9 0 2.7 17.7 2.9 0 0 13.4 97 97 4.4 5
"16" "16" 2012-01-20 31.79 "SAS" "" "SAC" "L" -2 0 20.3833333333333 0.583 0.583 5.1 26.2 15.5 19.7 0 3.8 0 13.6 133 94 6.7 5.6
"17" "17" 2012-01-21 31.8 "SAS" "@" "HOU" "L" -3 1 33.4 0.621 0.583 3.3 18.5 9.6 4.1 0 0 7.2 17.6 130 117 11.2 3.4
"18" "18" 2012-01-23 31.8 "SAS" "@" "NOH" "W" 2 0 16.3 0.75 0.75 0 8.7 4.4 7.7 3.3 0 0 6.3 147 114 4 3.9
"19" "19" 2012-01-25 31.81 "SAS" "" "ATL" "W" 22 0 19.1166666666667 0.85 0.85 0 18.4 9.7 9.3 0 0 9.1 26.2 136 94 12.6 16.2
"20" "20" 2012-01-27 31.81 "SAS" "@" "MIN" "L" -8 0 20.9166666666667 0.825 0.786 0 5.5 2.9 0 0 0 0 19.7 151 107 9.6 10.6
"21" "21" 2012-01-29 31.82 "SAS" "@" "DAL" "L" -1 0 29.9166666666667 0.667 0.667 0 6.6 3.3 5.3 0 0 0 9.5 138 112 4.7 -2.1
"22" "22" 2012-01-30 31.82 "SAS" "@" "MEM" "W" 10 0 23.5 0.75 0.75 0 15.3 7.4 0 0 3.2 0 19.7 145 87 10.4 14.5
"23" "23" 2012-02-01 31.83 "SAS" "" "HOU" "W" 8 0 28.0833333333333 0.565 0.375 0 40.7 20.8 0 1.9 0 0 12 124 93 8.8 3.1
"24" "24" 2012-02-02 31.83 "SAS" "" "NOH" "W" 12 0 23.4333333333333 0.287 0.25 0 11.1 5.3 0 0 0 0 22.5 65 100 0 -10.4
"25" "25" 2012-02-04 31.84 "SAS" "" "OKC" "W" 11 0 18.9833333333333 0.9 0.9 0 18.5 8.6 8.6 0 0 0 11.6 175 105 7.5 9.5
"26" "26" 2012-02-06 31.84 "SAS" "@" "MEM" "W" 5 0 28.6166666666667 0.8 0.8 0 11.2 5.9 0 0 2.4 0 8.4 158 97 6.9 5
"27" "27" 2012-02-08 31.85 "SAS" "@" "PHI" "W" 10 0 25.8 0.5 0.5 3.9 27.1 16.3 5.6 0 0 0 9.2 115 98 5.7 -1
"28" "28" 2012-02-11 31.85 "SAS" "@" "NJN" "W" 14 0 22.2833333333333 0.417 0.417 0 14 7.9 5.7 0 0 0 12.9 98 105 2.8 -5.3
"29" "29" 2012-02-14 31.86 "SAS" "@" "DET" "W" 4 0 20.8333333333333 0.799 0.917 0 0 0 0 2.4 0 12.7 16.5 116 105 7.2 7.5
"30" "30" 2012-02-15 31.87 "SAS" "@" "TOR" "W" 7 0 19.8 0.833 0.833 0 31.9 16.8 0 0 0 0 14.1 154 108 8.9 6.9
"31" "31" 2012-02-18 31.87 "SAS" "@" "LAC" "W" 3 0 35.6833333333333 0.542 0.542 0 20.7 9.4 9.1 3.1 2.4 7.7 17.5 104 100 11.1 5.5
"32" "32" 2012-02-20 31.88 "SAS" "@" "UTA" "W" 4 0 31.0333333333333 1.073 1.063 0 4.4 2.1 5.8 1.6 0 9.7 15 178 111 17.4 13.8
"33" "33" 2012-02-21 31.88 "SAS" "@" "POR" "L" -40 0 5.86666666666667 0 0 0 0 0 0 0 0 0 14.7 0 148 -1.4 -22.1
"34" "34" 2012-02-23 31.89 "SAS" "@" "DEN" "W" 15 0 24.55 0.75 0.75 0 8.9 4.5 11.8 0 0 0 15 148 114 10 7.4
"35" "35" 2012-02-29 31.9 "SAS" "" "CHI" "L" -7 0 21.5 0.75 0.75 0 5 2.4 0 0 0 33.3 6.4 87 110 0.9 -4.9
"36" "36" 2012-03-02 31.91 "SAS" "" "CHA" "W" 30 0 20.1833333333333 1 1 0 18.7 10.3 8.8 2.6 0 0 15.2 201 77 13.6 21.4
"37" "37" 2012-03-04 31.92 "SAS" "" "DEN" "L" -5 0 25.8833333333333 0.688 0.688 4.2 20.6 12.5 0 2 0 0 15.2 126 105 9.4 6.4
"38" "38" 2012-03-07 31.92 "SAS" "" "NYK" "W" 13 0 14.7 0 0 0 13.3 7.8 0 0 0 0 2.9 0 111 -0.1 -4.9
"39" "39" 2012-03-09 31.93 "SAS" "" "LAC" "L" -12 0 22.7333333333333 0.278 0.278 0 36.2 16.7 18.8 0 0 0 18.4 79 131 2.2 -8.4
"40" "40" 2012-03-12 31.94 "SAS" "" "WAS" "W" 15 0 21.6166666666667 0.643 0.643 0 4.8 2.6 16.5 0 0 0 14.8 145 114 6.9 4.8
"41" "41" 2012-03-14 31.94 "SAS" "" "ORL" "W" 11 0 18.6666666666667 0.5 0.5 0 30.6 15.5 6.4 0 0 25 10.2 85 123 2.1 -4.9
"42" "42" 2012-03-16 31.95 "SAS" "@" "OKC" "W" 9 0 26.4666666666667 0.3 0.3 0 12.1 6.3 0 1.8 5.8 28.6 11 49 107 0.8 -4.7
"43" "43" 2012-03-17 31.95 "SAS" "@" "DAL" "L" -7 0 22.0833333333333 0.75 0.75 4.9 16.7 10.5 0 0 0 33.3 6.7 101 120 1.8 -3.9
"44" "" 2012-03-21 31.96 "SAS" "" "MIN" "W" 16 NA NA NA NA NA NA NA NA NA NA NA NA NA NA NA NA
"45" "44" 2012-03-23 31.97 "SAS" "" "DAL" "W" 17 0 26.1166666666667 1 1 4.4 8 6.3 27.2 0 6.7 0 12.2 201 94 17.3 23.5
"46" "45" 2012-03-24 31.97 "SAS" "@" "NOH" "W" 3 0 24.55 0.75 0.75 3.9 21.1 11.2 0 0 2.6 0 3.7 166 101 4.2 -0.7
"47" "46" 2012-03-25 31.97 "SAS" "" "PHI" "W" 17 1 26.7333333333333 0.556 0.556 8.4 18 13.5 6 1.8 2.4 0 15.1 121 79 10.6 8
"48" "47" 2012-03-27 31.98 "SAS" "@" "PHO" "W" 7 0 24.1166666666667 0.5 0.5 13.3 9.7 11.6 0 0 0 0 18.6 123 116 7.3 0.3
"49" "48" 2012-03-28 31.98 "SAS" "@" "SAC" "W" 5 0 0.383333333333333 NA NA 0 0 0 0 0 0 NA 0 0 120 0 -5.3
"50" "49" 2012-03-31 31.99 "SAS" "" "IND" "W" 9 0 24.7833333333333 0.425 0.4 0 28.5 13.4 11.4 0 3 0 11.3 106 112 5.1 -1
"51" "50" 2012-04-03 32 "SAS" "@" "CLE" "W" 35 0 10.0166666666667 0 0 0 10.9 6.6 0 0 0 0 4.6 0 110 -0.8 -13
"52" "51" 2012-04-04 32 "SAS" "@" "BOS" "W" 1 0 21.25 0.556 0.556 9.6 40.2 24.6 16.8 2.4 3.1 10 20.9 114 84 10.8 14.3
"53" "52" 2012-04-06 32 "SAS" "" "NOH" "W" 25 0 15.6 0.5 0.5 0 24.9 13.4 13.7 0 4.7 0 14.5 129 109 4.9 2.4
"54" "53" 2012-04-08 32.01 "SAS" "" "UTA" "W" 10 0 23.85 0.375 0.375 0 8.2 4.8 0 0 2.6 0 7.7 79 108 0.7 -4
"55" "54" 2012-04-09 32.01 "SAS" "@" "UTA" "L" -7 0 26.9666666666667 0.625 0.625 3.8 8.7 6.1 0 0 3 11.1 15.2 114 108 6.6 2.7
"56" "55" 2012-04-11 32.02 "SAS" "" "LAL" "L" -14 0 19.5166666666667 0.643 0.643 0 5.1 2.6 9.6 2.8 0 0 18.7 110 114 7.3 6.5
"57" "56" 2012-04-12 32.02 "SAS" "" "MEM" "W" 10 0 22.1166666666667 0.438 0.438 0 5 2.6 7.1 0 3.3 0 16.3 99 107 3.1 -1.8
"58" "57" 2012-04-14 32.02 "SAS" "" "PHO" "W" 14 0 12.05 0.5 0.5 0 7 4.3 0 0 0 0 7.4 105 103 0.5 -5.8
"59" "58" 2012-04-16 32.03 "SAS" "@" "GSW" "W" 21 0 18.4666666666667 0.571 0.571 5 5.2 5.1 9.2 0 0 0 14.6 132 106 5.6 1.9
"60" "59" 2012-04-17 32.03 "SAS" "@" "LAL" "W" 21 0 23.5333333333333 0.625 0.625 11.7 31.4 22.1 8.9 0 2.9 0 8.1 151 96 8.3 7
"61" "60" 2012-04-18 32.04 "SAS" "@" "SAC" "W" 25 0 17.4833333333333 0.25 0.25 0 18.3 10.8 6.2 0 3.9 0 10.5 74 109 1.5 -5.1
"62" "61" 2012-04-20 32.04 "SAS" "" "LAL" "W" 24 0 18.4166666666667 0.875 0.875 0 6.4 3.7 6.7 0 0 0 10.3 184 118 6 5
"63" "62" 2012-04-22 32.05 "SAS" "" "CLE" "W" 16 0 18.9333333333333 0 0 0 9.4 5.8 0 0 0 0 9.8 0 106 -2.6 -13.8
"64" "63" 2012-04-23 32.05 "SAS" "" "POR" "W" 35 0 17.8166666666667 0.75 0.75 8.4 10.2 9.5 11.9 2.8 0 0 5.1 179 94 4.9 3.6
"65" "64" 2012-04-25 32.05 "SAS" "@" "PHO" "W" 4 0 19.55 0.375 0.375 5.7 16.4 11.2 12.7 0 0 0 8.8 113 111 3.2 -1.8
"66" "65" 2012-04-26 32.06 "SAS" "@" "GSW" "W" 6 0 12.8166666666667 0.5 0.5 7.1 17.4 11.7 21.7 0 4.7 0 16.1 131 103 5.3 4.4
"1" "1" 2012-10-31 32.57 "SAS" "@" "NOH" "W" 4 0 9.53333333333333 0.5 0.5 0 0 0 0 0 8 25 18.9 71 106 0.2 -7.4
"2" "2" 2012-11-01 32.58 "SAS" "" "OKC" "W" 2 0 8.21666666666667 NA NA 0 13 6.7 16.7 6.4 0 NA 0 214 84 1.6 6.5
"3" "3" 2012-11-03 32.58 "SAS" "" "UTA" "W" 10 0 18.6833333333333 1.25 1.25 0 7.3 4 7 0 0 33.3 7.5 137 116 4 2.2
"4" "4" 2012-11-05 32.59 "SAS" "" "IND" "W" 22 0 16.5 1 1 0 0 0 0 3.3 0 0 8.7 187 97 4.5 5.7
"5" "5" 2012-11-07 32.59 "SAS" "@" "LAC" "L" -22 0 10.2333333333333 0.75 0.75 10.9 14.7 12.5 0 5 0 33.3 13.6 89 108 3 4.3
"6" "" 2012-11-09 32.6 "SAS" "@" "SAC" "W" 11 NA NA NA NA NA NA NA NA NA NA NA NA NA NA NA NA
"7" "6" 2012-11-10 32.6 "SAS" "@" "POR" "W" 3 0 2.06666666666667 0 0 0 0 0 0 0 0 50 44.4 0 122 -1.7 -50.6
"8" "" 2012-11-13 32.61 "SAS" "@" "LAL" "W" 2 NA NA NA NA NA NA NA NA NA NA NA NA NA NA NA NA
"9" "" 2012-11-15 32.61 "SAS" "" "NYK" "L" -4 NA NA NA NA NA NA NA NA NA NA NA NA NA NA NA NA
"10" "7" 2012-11-17 32.62 "SAS" "" "DEN" "W" 26 0 8.78333333333333 0.75 0.75 13.3 0 6.9 15.2 0 0 0 19.7 167 114 5.4 12.4
"11" "8" 2012-11-19 32.62 "SAS" "" "LAC" "L" -5 0 10.8666666666667 0.833 0.833 0 0 0 39 0 0 0 24.7 157 108 7.3 23
"12" "" 2012-11-21 32.63 "SAS" "@" "BOS" "W" 12 NA NA NA NA NA NA NA NA NA NA NA NA NA NA NA NA
"13" "9" 2012-11-23 32.64 "SAS" "@" "IND" "W" 7 0 8.66666666666667 0.5 0.5 0 0 0 0 0 0 0 10.8 100 116 1 -3.6
"14" "10" 2012-11-25 32.64 "SAS" "@" "TOR" "W" 5 0 5.91666666666667 NA NA 0 15.8 8.7 0 0 0 NA 0 0 97 -0.5 -10.1
"15" "11" 2012-11-26 32.64 "SAS" "@" "WAS" "W" 26 0 16.3 0.917 0.917 0 6.1 3.5 0 0 3.9 14.3 19.9 131 106 8 9
"16" "12" 2012-11-28 32.65 "SAS" "@" "ORL" "W" 21 0 6.81666666666667 0 0 0 28.7 16.6 0 0 0 0 6.6 0 94 -0.1 -11.3
"17" "13" 2012-11-29 32.65 "SAS" "@" "MIA" "L" -5 1 29.7 0.714 0.714 0 39.4 19.7 5.5 0 0 0 10.3 146 109 10 5.1
"18" "14" 2012-12-01 32.66 "SAS" "" "MEM" "W" 4 0 19.8166666666667 0.375 0.375 5.7 10.1 8 0 0 0 0 9.3 94 101 0.3 -7
"19" "15" 2012-12-05 32.67 "SAS" "" "MIL" "W" 11 0 23.4666666666667 0.357 0.357 14.6 39.2 27.6 0 0 0 12.5 14.3 87 100 3.5 -6.4
"20" "16" 2012-12-07 32.67 "SAS" "" "HOU" "W" 22 0 9.86666666666667 0.625 0.625 14.7 27 22.4 0 0 0 0 17.7 128 92 4.6 3.3
"21" "17" 2012-12-08 32.68 "SAS" "@" "CHA" "W" 30 0 20.3333333333333 0.455 0.389 22.1 22 22 5.5 2.5 0 0 21.7 124 105 7.3 -6.9
"22" "18" 2012-12-10 32.68 "SAS" "@" "HOU" "W" 8 0 2.76666666666667 NA NA 0 0 0 0 16.9 0 NA 0 0 82 1 15
"23" "19" 2012-12-12 32.69 "SAS" "@" "UTA" "L" -3 0 6.96666666666667 0 0 0 49.2 23.5 0 0 0 0 6.4 0 106 -0.2 -12.1
"24" "20" 2012-12-13 32.69 "SAS" "@" "POR" "L" -8 0 4.1 0 0 0 0 0 0 0 0 0 11.5 0 112 -1.1 -19.8
"25" "21" 2012-12-15 32.7 "SAS" "" "BOS" "W" 15 0 14.8333333333333 0.583 0.583 0 0 0 34.3 3.7 0 0 19.1 137 102 6.3 9
"26" "22" 2012-12-17 32.7 "SAS" "@" "OKC" "L" -14 0 11.6166666666667 0.5 0.5 0 28.8 14.4 13 0 0 0 7.9 116 115 2.2 -1.5
"27" "23" 2012-12-18 32.7 "SAS" "@" "DEN" "L" -6 0 4.16666666666667 1.5 1.5 0 0 0 0 0 0 0 9.9 300 114 1.5 4.3
"28" "24" 2012-12-21 32.71 "SAS" "" "NOH" "W" 5 0 3.96666666666667 NA NA 0 0 0 0 0 0 NA 0 0 110 0 -7.1
"29" "25" 2012-12-23 32.72 "SAS" "" "DAL" "W" 38 0 10.5333333333333 1.333 1.333 0 21.7 11.4 13.7 0 0 0 12.6 262 100 8 19
"30" "26" 2012-12-26 32.73 "SAS" "" "TOR" "W" 20 0 11.6 0.45 0.375 11.8 9.4 10.5 16.1 4.7 0 0 36.5 111 90 5.9 5.6
"31" "" 2012-12-28 32.73 "SAS" "" "HOU" "W" 6 NA NA NA NA NA NA NA NA NA NA NA NA NA NA NA NA
"32" "27" 2012-12-30 32.74 "SAS" "@" "DAL" "W" 25 0 3.61666666666667 1 1 0 0 0 0 0 0 0 12.9 200 101 1.7 8.1
"33" "28" 2012-12-31 32.74 "SAS" "" "BRK" "W" 31 0 21.1833333333333 0.833 0.833 7.8 21.6 16 6.7 2.6 0 0 14.6 163 83 10.2 11.6
"34" "29" 2013-01-02 32.75 "SAS" "@" "MIL" "W" 7 0 7.26666666666667 0.833 0.833 0 14.7 7.6 0 0 0 0 18.5 147 115 4 7.6
"35" "30" 2013-01-03 32.75 "SAS" "@" "NYK" "L" -17 0 13.8833333333333 0 0 7.7 9.1 8.3 12.3 0 0 0 20.9 21 120 -2.5 -17.4
"36" "31" 2013-01-05 32.75 "SAS" "" "PHI" "W" 23 0 14.0666666666667 0.5 0.5 7.8 0 3.7 18.2 0 0 0 6.2 142 95 3.1 2.8
"37" "32" 2013-01-07 32.76 "SAS" "@" "NOH" "L" -7 0 8.01666666666667 NA NA 0 0 0 0 0 0 NA 0 0 120 0 -5.4
"38" "" 2013-01-09 32.76 "SAS" "" "LAL" "W" 3 NA NA NA NA NA NA NA NA NA NA NA NA NA NA NA NA
"39" "33" 2013-01-11 32.77 "SAS" "@" "MEM" "L" -3 0 4.61666666666667 NA NA 0 31 16.4 0 12.1 0 NA 0 0 83 0.9 6.6
"40" "" 2013-01-13 32.78 "SAS" "" "MIN" "W" 18 NA NA NA NA NA NA NA NA NA NA NA NA NA NA NA NA
"41" "34" 2013-01-16 32.78 "SAS" "" "MEM" "W" 21 0 3.61666666666667 NA NA 0 37.9 20.4 0 0 0 NA 0 0 97 0.3 -2.7
"42" "35" 2013-01-18 32.79 "SAS" "" "GSW" "W" 7 0 6.06666666666667 0 0 0 17.2 9 0 0 0 0 8 0 99 -0.8 -13.4
"43" "36" 2013-01-19 32.79 "SAS" "@" "ATL" "W" 5 0 23.0666666666667 1.063 1.063 5 17.7 11.7 7.9 4.5 0 0 16.8 204 93 17.6 21.5
"44" "37" 2013-01-21 32.8 "SAS" "@" "PHI" "W" 5 0 9.6 0 0 11.4 0 5.6 0 0 0 0 9.4 34 96 -0.7 -10.9
"45" "38" 2013-01-23 32.8 "SAS" "" "NOH" "W" 4 0 21 0.47 0.5 0 21.3 10.8 0 0 3.6 11.8 19.7 75 111 2.6 -9.8
"46" "39" 2013-01-25 32.81 "SAS" "@" "DAL" "W" 6 0 17.8333333333333 0.333 0.333 6 0 2.9 6.7 2.6 0 0 7 98 107 2.7 -2
"47" "40" 2013-01-26 32.81 "SAS" "" "PHO" "W" 9 0 20.4833333333333 0.5 0.5 0 17.6 8.6 0 0 0 0 16.1 99 110 3.8 -4.5
"48" "" 2013-01-30 32.82 "SAS" "" "CHA" "W" 24 NA NA NA NA NA NA NA NA NA NA NA NA NA NA NA NA
"49" "41" 2013-02-02 32.83 "SAS" "" "WAS" "W" 10 0 13.85 0.4 0.4 0 12.8 8.1 0 0 0 0 17.2 76 93 1.9 -4.6
"50" "42" 2013-02-06 32.84 "SAS" "@" "MIN" "W" 10 0 23.4833333333333 0.5 0.5 0 13.3 6.8 5.8 0 3.2 0 4 115 107 2.9 -3.2
"51" "43" 2013-02-08 32.85 "SAS" "@" "DET" "L" -10 0 18.8333333333333 0.667 0.667 0 6.5 3.1 0 0 7.6 0 15.1 129 134 6.3 1.2
"52" "44" 2013-02-10 32.85 "SAS" "@" "BRK" "W" 25 0 23.7666666666667 0.935 1.1 6.1 0 3 11.6 2.5 0 14.5 16 154 112 9.6 9.1
"53" "45" 2013-02-11 32.85 "SAS" "@" "CHI" "W" 14 0 19.8333333333333 0.333 0.333 0 0 0 6.6 0 0 0 7.9 79 111 0.2 -7.5
"54" "46" 2013-02-13 32.86 "SAS" "@" "CLE" "W" 1 0 8.88333333333333 0.5 0.5 0 0 0 0 0 0 0 10.3 102 114 0.2 -10.9
"55" "47" 2013-02-19 32.88 "SAS" "@" "SAC" "W" 6 0 11.5333333333333 0 0 0 25.5 14.2 0 4.2 6.4 33.3 11.6 0 92 -0.6 -9.5
"56" "48" 2013-02-21 32.88 "SAS" "@" "LAC" "W" 26 0 13.55 0.875 0.875 12.7 18.2 15.9 10.9 0 0 0 13.8 179 103 6.6 9.1
"57" "49" 2013-02-22 32.88 "SAS" "@" "GSW" "L" -6 0 11.5666666666667 0.5 0.5 7.9 9.4 8.6 0 0 6.3 0 7.8 118 101 2.7 2.2
"58" "50" 2013-02-24 32.89 "SAS" "@" "PHO" "W" 10 0 16.7666666666667 0.25 0.25 0 0 0 9.8 0 0 0 11 60 99 -1.3 -10.3
"59" "" 2013-02-27 32.9 "SAS" "" "PHO" "L" -4 NA NA NA NA NA NA NA NA NA NA NA NA NA NA NA NA
"60" "51" 2013-03-01 32.9 "SAS" "" "SAC" "W" 28 0 23.3333333333333 0.658 0.611 0 5.3 2.9 9.6 0 3.2 9.2 19.8 125 104 9.7 2.3
"61" "52" 2013-03-03 32.91 "SAS" "" "DET" "W" 39 0 6.83333333333333 0.347 0 0 13 7.4 0 0 0 0 18.6 81 85 0.5 -14.2
"62" "53" 2013-03-06 32.92 "SAS" "" "CHI" "W" 18 0 8.36666666666667 0 0 0 10.2 6.5 14.3 0 8.2 0 12.2 33 97 -0.5 -9.5
"63" "54" 2013-03-08 32.92 "SAS" "" "POR" "L" -30 0 14.0333333333333 1 1 0 0 0 0 0 0 0 10 200 149 4.7 -1.2
"64" "" 2013-03-11 32.93 "SAS" "" "OKC" "W" 12 NA NA NA NA NA NA NA NA NA NA NA NA NA NA NA NA
"65" "55" 2013-03-12 32.93 "SAS" "@" "MIN" "L" -24 1 18.85 0.25 0.25 0 36.4 17.4 0 0 0 20 12 40 113 0 -12.5
"66" "" 2013-03-14 32.94 "SAS" "" "DAL" "W" 1 NA NA NA NA NA NA NA NA NA NA NA NA NA NA NA NA
"67" "" 2013-03-16 32.95 "SAS" "" "CLE" "W" 6 NA NA NA NA NA NA NA NA NA NA NA NA NA NA NA NA
"68" "56" 2013-03-20 32.96 "SAS" "" "GSW" "W" 11 0 10.9833333333333 1 1 0 10.4 5.7 0 0 0 0 12.7 179 109 5 9.9
"69" "57" 2013-03-22 32.96 "SAS" "" "UTA" "W" 7 0 8.85 1.25 1.25 0 0 0 22.2 0 7.6 0 10.7 245 98 5.4 21.4
"70" "58" 2013-03-24 32.97 "SAS" "@" "HOU" "L" -1 0 2.2 NA NA 0 50.7 26.6 0 0 0 NA 0 0 98 0.3 -2
"71" "" 2013-03-27 32.98 "SAS" "" "DEN" "W" 1 NA NA NA NA NA NA NA NA NA NA NA NA NA NA NA NA
"72" "59" 2013-03-29 32.98 "SAS" "" "LAC" "W" 2 0 9.26666666666667 1 1 0 0 0 0 6.1 0 0 5.6 200 115 2.7 6.3
"73" "60" 2013-03-31 32.99 "SAS" "" "MIA" "L" -2 0 7.93333333333333 NA NA 14.1 0 7.4 17.3 0 0 100 6.2 70 112 0.4 -6.6
"74" "61" 2013-04-01 32.99 "SAS" "@" "MEM" "L" -2 0 18.8166666666667 0.75 0.75 0 23.7 12.8 0 0 3.5 33.3 16 85 105 2.7 -3.2
"75" "62" 2013-04-03 32.99 "SAS" "" "ORL" "W" 14 0 22.2333333333333 0.507 0.5 4.3 8.6 6.5 6.9 0 3 0 17.3 112 91 6.5 -1.2
"76" "" 2013-04-04 33 "SAS" "@" "OKC" "L" -12 NA NA NA NA NA NA NA NA NA NA NA NA NA NA NA NA
"77" "63" 2013-04-06 33 "SAS" "" "ATL" "W" 2 0 15.4833333333333 0 0 0 0 0 17.2 0 17.5 0 5.8 48 94 2.8 4
"78" "64" 2013-04-10 33.01 "SAS" "@" "DEN" "L" -10 0 14.7 0 0 6.7 34.7 20.4 9.3 0 4.6 0 9.1 36 96 1.1 -6.7
"79" "65" 2013-04-12 33.02 "SAS" "" "SAC" "W" 7 0 15.0666666666667 0.935 0.9 0 6.9 4.2 0 3.3 0 14.5 21.4 139 106 7.8 8.2
"80" "66" 2013-04-14 33.02 "SAS" "@" "LAL" "L" -5 0 22.3833333333333 1 1 4.1 0 2.1 16.1 2.3 0 0 8.1 188 105 7.5 5.5
"81" "67" 2013-04-15 33.03 "SAS" "@" "GSW" "L" -10 1 30.7166666666667 0.65 0.65 2.9 12.3 6.8 0 0 2.4 0 13.2 126 115 9.5 -2.1
"82" "68" 2013-04-17 33.03 "SAS" "" "MIN" "L" -13 1 25.8333333333333 0.875 0.875 0 8.4 4.4 6.8 0 0 20 8.8 127 113 4.5 -0.4
"1" "1" 2013-10-30 33.57 "SAS" "" "MEM" "W" 7 0 16.5166666666667 1 1 0 12.4 6.9 0 0 0 20 14.8 130 101 5.2 4.5
"2" "2" 2013-11-01 33.58 "SAS" "@" "LAL" "W" 6 0 15.65 0 0 0 20 9.6 8.1 0 0 0 5.5 26 92 0.2 -4.7
"3" "" 2013-11-02 33.58 "SAS" "@" "POR" "L" -10 NA NA NA NA NA NA NA NA NA NA NA NA NA NA NA NA
"4" "3" 2013-11-05 33.59 "SAS" "@" "DEN" "W" 8 0 8.46666666666667 1.5 1.5 0 0 0 0 0 8.9 50 10.2 84 99 1.2 -0.1
"5" "" 2013-11-06 33.59 "SAS" "" "PHO" "W" 3 NA NA NA NA NA NA NA NA NA NA NA NA NA NA NA NA
"6" "" 2013-11-08 33.59 "SAS" "" "GSW" "W" 2 NA NA NA NA NA NA NA NA NA NA NA NA NA NA NA NA
"7" "" 2013-11-10 33.6 "SAS" "@" "NYK" "W" 31 NA NA NA NA NA NA NA NA NA NA NA NA NA NA NA NA
"8" "" 2013-11-11 33.6 "SAS" "@" "PHI" "W" 24 NA NA NA NA NA NA NA NA NA NA NA NA NA NA NA NA
"9" "" 2013-11-13 33.61 "SAS" "" "WAS" "W" 13 NA NA NA NA NA NA NA NA NA NA NA NA NA NA NA NA
"10" "" 2013-11-15 33.61 "SAS" "@" "UTA" "W" 9 NA NA NA NA NA NA NA NA NA NA NA NA NA NA NA NA
"11" "4" 2013-11-20 33.63 "SAS" "" "BOS" "W" 11 0 13.7833333333333 0.5 0.5 0 0 0 9.8 0 0 25 13.6 79 108 1 -6.2
"12" "5" 2013-11-22 33.63 "SAS" "@" "MEM" "W" 16 0 2.81666666666667 1.5 1.5 0 81.1 43.1 0 0 0 0 16.9 300 80 3.3 42.8
"13" "6" 2013-11-23 33.64 "SAS" "" "CLE" "W" 30 0 19.6333333333333 0.8 0.8 0 11.9 6.6 19 0 3.5 0 11.6 169 102 8.7 9.7
"14" "7" 2013-11-25 33.64 "SAS" "" "NOP" "W" 19 0 13.4833333333333 0.333 0.333 0 6.5 3.8 8.8 0 0 0 9.9 85 103 0.5 -7.3
"15" "8" 2013-11-27 33.65 "SAS" "@" "OKC" "L" -6 0 1.9 NA NA 0 57.4 26.3 70.2 0 0 NA 0 219 93 0.6 12.2
"16" "9" 2013-11-29 33.65 "SAS" "@" "ORL" "W" 18 0 17.6333333333333 0.25 0.25 0 20.4 11.5 6.9 0 0 0 10.6 70 103 1.2 -6.7
"17" "10" 2013-11-30 33.65 "SAS" "" "HOU" "L" -6 0 22.7333333333333 0.6 0.6 4.6 10.3 7.3 10.6 0 0 0 9.4 129 114 4.8 1.3
"18" "11" 2013-12-02 33.66 "SAS" "" "ATL" "W" 2 0 0.15 NA NA 0 0 0 0 0 0 NA 0 0 115 0 -5.1
"19" "12" 2013-12-07 33.67 "SAS" "" "IND" "L" -11 0 20.3833333333333 0.8 0.8 0 0 0 13.9 5.3 0 0 11.3 165 118 8.3 11.4
"20" "13" 2013-12-10 33.68 "SAS" "@" "TOR" "W" 13 0 6.88333333333333 NA NA 0 35.8 18.8 0 0 0 100 13.5 0 109 -1.4 -16.9
"21" "14" 2013-12-11 33.68 "SAS" "@" "MIL" "W" 32 0 19.4 0.357 0.357 0 9.7 5.6 18.1 0 0 0 15.7 115 94 2.4 -1.8
"22" "15" 2013-12-13 33.69 "SAS" "" "MIN" "W" 7 0 8.16666666666667 1.25 1.25 0 13.1 7.1 0 0 0 0 11.1 250 119 4.3 9.2
"23" "16" 2013-12-14 33.69 "SAS" "@" "UTA" "W" 16 0 15.2 0.6 0.6 0 12.1 6.5 0 0 0 0 15.3 120 96 3.9 2.7
"24" "17" 2013-12-16 33.7 "SAS" "@" "LAC" "L" -23 0 8.15 NA NA 0 0 0 0 0 0 100 5.5 0 125 -1 -9.5
"25" "18" 2013-12-18 33.7 "SAS" "@" "PHO" "W" 7 0 7.71666666666667 0.833 0.833 0 0 0 0 0 0 25 21.5 108 113 2.3 1.9
"26" "19" 2013-12-19 33.71 "SAS" "@" "GSW" "W" 2 0 12.65 0 0 0 0 0 28.5 3.7 0 50 6.5 66 100 0.6 1
"27" "20" 2013-12-21 33.71 "SAS" "" "OKC" "L" -13 0 1.78333333333333 1.5 1.5 0 67.3 31.7 0 0 0 0 25.8 300 111 3 59.4
"28" "21" 2013-12-23 33.72 "SAS" "" "TOR" "W" 13 0 7.13333333333333 NA NA 0 29.9 15 0 0 0 NA 0 0 106 0.6 -3.1
"29" "22" 2013-12-25 33.72 "SAS" "" "HOU" "L" -13 0 6.25 0.667 0.667 0 35.7 16 0 8.3 0 0 20.9 130 99 3.9 12.2
"30" "23" 2013-12-26 33.73 "SAS" "@" "DAL" "W" 9 0 0.1 NA NA 0 0 0 0 0 0 NA 0 0 114 0 -2.7
"31" "" 2013-12-29 33.73 "SAS" "" "SAC" "W" 8 NA NA NA NA NA NA NA NA NA NA NA NA NA NA NA NA
"32" "24" 2013-12-31 33.74 "SAS" "" "BRK" "W" 21 0 12 0 0 0 27.3 14.8 10 4.4 5.8 50 7.6 32 89 1.6 1.7
"33" "25" 2014-01-02 33.75 "SAS" "" "NYK" "L" -4 0 12.8333333333333 0.9 0.9 0 22 10.1 0 0 0 0 19.2 153 123 7.3 13.2
"34" "26" 2014-01-04 33.75 "SAS" "" "LAC" "W" 24 0 5.55 1 1 0 22.8 11.5 0 0 0 0 7.9 200 99 1.2 -1.1
"35" "27" 2014-01-07 33.76 "SAS" "@" "MEM" "W" 2 0 7.16666666666667 NA NA 0 0 0 0 0 0 NA 0 0 116 -0.4 -7
"36" "28" 2014-01-08 33.76 "SAS" "" "DAL" "W" 22 0 16.6 0.25 0.25 16.5 16.7 16.6 0 3.2 0 0 16.8 85 95 1.7 -7.5
"37" "29" 2014-01-12 33.77 "SAS" "" "MIN" "W" 18 0 21.6 0.7 0.7 14.3 4 7.8 0 0 0 0 22.2 137 105 10.3 6.1
"38" "30" 2014-01-13 33.78 "SAS" "@" "NOP" "W" 6 0 15.5166666666667 0.833 0.833 0 32.9 18.9 10.7 0 4.1 0 9.9 161 100 6.2 9.3
"39" "31" 2014-01-15 33.78 "SAS" "" "UTA" "W" 4 0 14.6333333333333 1.5 1.5 0 7.8 4.3 0 0 0 0 3.3 300 117 2.6 -0.8
"40" "32" 2014-01-17 33.79 "SAS" "" "POR" "L" -9 0 6.15 0 0 17 37.2 26.6 0 0 0 0 14.9 39 114 -0.5 -16.2
"41" "" 2014-01-19 33.79 "SAS" "" "MIL" "W" 28 NA NA NA NA NA NA NA NA NA NA NA NA NA NA NA NA
"42" "33" 2014-01-22 33.8 "SAS" "" "OKC" "L" -6 0 6.78333333333333 0 0 20.2 0 10.4 0 0 0 0 13.9 42 131 -0.7 -17.8
"43" "34" 2014-01-24 33.81 "SAS" "@" "ATL" "W" 26 0 15.9666666666667 0.5 0.5 14.3 6.3 10 0 3.2 0 0 7.9 135 84 3.2 2.5
"44" "35" 2014-01-26 33.81 "SAS" "@" "MIA" "L" -12 0 9.63333333333333 0.5 0.5 0 17.2 7.7 0 0 0 25 20.3 68 132 0.2 -12.1
"45" "36" 2014-01-28 33.82 "SAS" "@" "HOU" "L" -7 0 14.6833333333333 0.515 0.5 0 21.8 10.4 10.3 3.7 0 0 12.4 116 99 3.7 3.7
"46" "37" 2014-01-29 33.82 "SAS" "" "CHI" "L" -10 0 7.45 1 1 0 16.5 9.2 0 0 0 50 13.3 80 116 1 -1.9
"47" "38" 2014-02-01 33.83 "SAS" "" "SAC" "W" 2 0 17.3666666666667 0.875 0.875 6.6 19.3 13 10 0 4 0 11.1 173 101 8 9.9
"48" "39" 2014-02-03 33.83 "SAS" "@" "NOP" "W" 7 0 13.95 1.5 1.5 0 0 0 0 11.1 10.6 0 3.5 300 80 6.7 18.5
"49" "40" 2014-02-05 33.84 "SAS" "@" "WAS" "W" 7 0 14.2833333333333 0.102 0 8.6 7.4 8 0 0 9.6 0 15.4 40 102 0.2 -8.3
"50" "41" 2014-02-06 33.84 "SAS" "@" "BRK" "L" -14 0 14.1166666666667 0.258 0 0 29.6 14.9 0 0 4.3 20.5 16.1 45 106 0.8 -9.5
"51" "42" 2014-02-08 33.85 "SAS" "@" "CHA" "W" 4 0 19.4833333333333 0 0 0 25.1 13.7 0 2.6 0 0 2.4 0 101 1.4 -4.2
"52" "43" 2014-02-10 33.85 "SAS" "@" "DET" "L" -9 0 13.6333333333333 0.833 0.833 0 29.3 17.6 0 0 0 40 16.6 81 111 2.9 -2.5
"53" "44" 2014-02-12 33.86 "SAS" "@" "BOS" "W" 12 0 18.65 0.5 0.5 0 23.9 13.2 0 5.7 0 12.5 21.2 83 92 4.7 -2.4
"54" "45" 2014-02-18 33.87 "SAS" "@" "LAC" "W" 10 0 6.61666666666667 0 0 0 32.2 16.9 0 0 0 0 6.4 0 104 -0.1 -6.6
"55" "46" 2014-02-19 33.88 "SAS" "@" "POR" "W" 2 0 7.75 1 1 0 14.1 7.3 0 0 0 0 5.6 200 114 1.6 -0.7
"56" "47" 2014-02-21 33.88 "SAS" "@" "PHO" "L" -21 0 25 0.644 0.5 3.9 23.4 12.8 0 0 0 11.4 14.9 126 113 7.8 2.1
"57" "48" 2014-02-26 33.9 "SAS" "" "DET" "W" 10 0 1.6 NA NA 0 81.1 40.5 0 0 0 NA 0 0 105 0.3 -1.6
"58" "49" 2014-02-28 33.9 "SAS" "" "CHA" "W" 10 0 4.88333333333333 NA NA 0 37.8 23.1 0 0 0 NA 0 0 83 0.6 0
"59" "" 2014-03-02 33.91 "SAS" "" "DAL" "W" 6 NA NA NA NA NA NA NA NA NA NA NA NA NA NA NA NA
"60" "50" 2014-03-04 33.91 "SAS" "@" "CLE" "W" 21 0 9.83333333333333 0.167 0.167 0 50.1 24.1 12.8 4.9 0 0 26.3 46 96 1.1 -14.4
"61" "51" 2014-03-06 33.92 "SAS" "" "MIA" "W" 24 0 1.73333333333333 1 1 76.9 0 34.2 0 0 0 0 25.8 209 98 2.4 29.2
"62" "52" 2014-03-08 33.92 "SAS" "" "ORL" "W" 9 0 1.61666666666667 NA NA 0 0 0 0 0 0 NA 0 0 121 0 -5.4
"63" "53" 2014-03-11 33.93 "SAS" "@" "CHI" "W" 8 0 5.73333333333333 1.064 1.5 0 0 0 0 0 0 0 16.3 183 115 2.5 8.2
"64" "54" 2014-03-12 33.93 "SAS" "" "POR" "W" 13 0 2.1 NA NA 0 42.3 22.2 0 0 0 NA 0 0 90 0.3 -1.2
"65" "55" 2014-03-14 33.94 "SAS" "" "LAL" "W" 34 0 25.55 0.722 0.722 4 31.3 18.6 19.5 0 0 0 14.2 165 87 14.5 11.8
"66" "56" 2014-03-16 33.95 "SAS" "" "UTA" "W" 18 0 2.66666666666667 NA NA 0 100 68.4 0 0 0 NA 0 0 83 0.9 4.7
"67" "" 2014-03-19 33.95 "SAS" "@" "LAL" "W" 16 NA NA NA NA NA NA NA NA NA NA NA NA NA NA NA NA
"68" "57" 2014-03-21 33.96 "SAS" "@" "SAC" "W" 20 0 14.0333333333333 0 0 6.3 14.9 10.3 9.5 0 0 0 6 52 89 0.6 -4.1
"69" "" 2014-03-22 33.96 "SAS" "@" "GSW" "W" 9 NA NA NA NA NA NA NA NA NA NA NA NA NA NA NA NA
"70" "" 2014-03-24 33.97 "SAS" "" "PHI" "W" 22 NA NA NA NA NA NA NA NA NA NA NA NA NA NA NA NA
"71" "" 2014-03-26 33.97 "SAS" "" "DEN" "W" 5 NA NA NA NA NA NA NA NA NA NA NA NA NA NA NA NA
"72" "" 2014-03-28 33.98 "SAS" "@" "DEN" "W" 31 NA NA NA NA NA NA NA NA NA NA NA NA NA NA NA NA
"73" "" 2014-03-29 33.98 "SAS" "" "NOP" "W" 16 NA NA NA NA NA NA NA NA NA NA NA NA NA NA NA NA
"74" "" 2014-03-31 33.99 "SAS" "@" "IND" "W" 26 NA NA NA NA NA NA NA NA NA NA NA NA NA NA NA NA
"75" "" 2014-04-02 33.99 "SAS" "" "GSW" "W" 21 NA NA NA NA NA NA NA NA NA NA NA NA NA NA NA NA
"76" "" 2014-04-03 33.99 "SAS" "@" "OKC" "L" -12 NA NA NA NA NA NA NA NA NA NA NA NA NA NA NA NA
"77" "58" 2014-04-06 34 "SAS" "" "MEM" "W" 20 0 12.3333333333333 0 0 0 8.3 5.1 9.1 0 0 0 7.8 36 105 -0.8 -7.8
"78" "59" 2014-04-08 34.01 "SAS" "@" "MIN" "L" -19 0 19.9833333333333 0.688 0.688 5.1 11.4 8.1 20 0 0 0 17.8 145 120 9.7 8.8
"79" "" 2014-04-10 34.01 "SAS" "@" "DAL" "W" 9 NA NA NA NA NA NA NA NA NA NA NA NA NA NA NA NA
"80" "" 2014-04-11 34.02 "SAS" "" "PHO" "W" 8 NA NA NA NA NA NA NA NA NA NA NA NA NA NA NA NA
"81" "60" 2014-04-14 34.02 "SAS" "@" "HOU" "L" -6 0 7.23333333333333 0.5 0.5 0 0 0 0 0 0 0 19.3 96 120 0.9 -4
"82" "61" 2014-04-16 34.03 "SAS" "" "LAL" "L" -13 0 16.75 0.6 0.6 0 50.9 23.2 0 0 4.5 0 12.7 114 107 6.4 4.2
"1" "1" 2014-10-28 34.56 "SAS" "" "DAL" "W" 1 1 14.5333333333333 0 0 0 17.4 9.3 0 0 0 0 6.8 0 119 -2 -13.8
"2" "" 2014-10-31 34.57 "SAS" "@" "PHO" "L" -5 NA NA NA NA NA NA NA NA NA NA NA NA NA NA NA NA
"3" "" 2014-11-05 34.59 "SAS" "" "ATL" "W" 2 NA NA NA NA NA NA NA NA NA NA NA NA NA NA NA NA
"4" "2" 2014-11-06 34.59 "SAS" "@" "HOU" "L" -17 1 15.2333333333333 0.625 0.625 0 8.5 3.7 12.8 0 0 0 11.2 132 109 3.6 2.5
"5" "" 2014-11-08 34.59 "SAS" "" "NOP" "L" -1 NA NA NA NA NA NA NA NA NA NA NA NA NA NA NA NA
"6" "3" 2014-11-10 34.6 "SAS" "@" "LAC" "W" 4 1 23.1166666666667 0.25 0.25 4.5 0 2.5 14.4 2.4 0 9.1 22.2 60 102 -0.7 -9.1
"7" "4" 2014-11-11 34.6 "SAS" "@" "GSW" "W" 13 1 23.9 0.5 0.5 8.9 20.8 13.6 4.8 0 0 0 9.3 123 108 5.3 0.6
"8" "5" 2014-11-14 34.61 "SAS" "@" "LAL" "W" 13 1 20.0666666666667 0.868 0.75 0 10 5.3 0 0 0 0 13.9 169 96 7.8 5.8
"9" "6" 2014-11-15 34.61 "SAS" "@" "SAC" "L" -3 0 10.3333333333333 0.5 0.5 0 35.7 17.4 15.8 0 6.3 0 13.7 107 96 2.4 3.8
"10" "7" 2014-11-17 34.62 "SAS" "" "PHI" "W" 25 1 20.2666666666667 0.9 0.9 0 4.6 2.6 36.6 0 0 0 22.1 163 85 15.8 20.7
"11" "" 2014-11-19 34.62 "SAS" "@" "CLE" "W" 2 NA NA NA NA NA NA NA NA NA NA NA NA NA NA NA NA
"12" "" 2014-11-21 34.63 "SAS" "@" "MIN" "W" 29 NA NA NA NA NA NA NA NA NA NA NA NA NA NA NA NA
"13" "" 2014-11-22 34.63 "SAS" "" "BRK" "W" 12 NA NA NA NA NA NA NA NA NA NA NA NA NA NA NA NA
"14" "8" 2014-11-26 34.64 "SAS" "" "IND" "W" 6 0 14.3833333333333 0 0 9 15.2 12.4 0 0 0 0 6.6 43 110 -0.1 -8.5
"15" "9" 2014-11-28 34.65 "SAS" "" "SAC" "W" 8 0 15.3833333333333 1 1 0 33.7 15.8 0 3.4 4.8 0 12.9 173 105 8.5 11.7
"16" "10" 2014-11-30 34.65 "SAS" "@" "BOS" "W" 22 0 20.6333333333333 0.333 0.333 17.4 14.8 16 6.8 2.5 3.4 0 19.4 96 92 5.9 -1.2
"17" "11" 2014-12-01 34.66 "SAS" "@" "PHI" "W" 6 0 14.3666666666667 1.2 1.2 0 0 0 34.6 0 5.6 0 14.9 237 106 12.2 24.5
"18" "12" 2014-12-03 34.66 "SAS" "@" "BRK" "L" -2 0 20.9333333333333 0.35 0.35 4 0 2.3 0 0 0 0 22.2 80 108 1.5 -7.7
"19" "13" 2014-12-05 34.67 "SAS" "@" "MEM" "W" 6 1 20.7166666666667 0.643 0.643 5.5 11.9 8.6 0 2.5 0 12.5 17.6 114 111 6.2 2.7
"20" "14" 2014-12-06 34.67 "SAS" "" "MIN" "W" 22 1 24.7166666666667 0.833 0.833 0 4.5 2.6 5 0 0 0 10.7 164 112 8 3.3
"21" "15" 2014-12-09 34.68 "SAS" "@" "UTA" "L" -4 1 20.85 0.357 0.357 0 20.3 8.6 13.4 0 3.5 0 15 88 108 3.1 -2.9
"22" "16" 2014-12-10 34.68 "SAS" "" "NYK" "W" 14 1 21.7166666666667 0.85 0.9 0 6 3.1 23.5 0 0 0 13.7 177 117 9.7 5.9
"23" "17" 2014-12-12 34.69 "SAS" "" "LAL" "L" -2 1 21.85 0.403 0.25 0 5 2.5 12.3 0 0 0 12.7 105 119 3.5 -4.5
"24" "18" 2014-12-14 34.69 "SAS" "@" "DEN" "W" 8 0 13.2333333333333 0.5 0.5 0 7.7 4.1 11.9 0 0 0 10.6 113 106 1.1 -6
"25" "19" 2014-12-15 34.7 "SAS" "@" "POR" "L" -13 0 6.48333333333333 0 0 0 16.8 8.4 0 0 0 0 7.2 0 117 -0.4 -10.5
"26" "20" 2014-12-17 34.7 "SAS" "" "MEM" "L" -1 1 14.6666666666667 0 0 0 0 0 0 0 0 50 6.6 0 116 -2.5 -18.3
"27" "21" 2014-12-19 34.71 "SAS" "" "POR" "L" -10 0 20.3 0.375 0.375 5.2 0 2.6 7.4 0 0 0 9.1 103 121 1.6 -3.8
"28" "22" 2014-12-20 34.71 "SAS" "@" "DAL" "L" -6 0 25.8333333333333 0.931 0.75 0 7.6 4.2 0 2 0 0 13 202 109 13.2 10.3
"29" "23" 2014-12-22 34.72 "SAS" "" "LAC" "W" 7 0 3.21666666666667 0.5 0.5 0 0 0 0 0 0 0 30.6 89 131 1 -13.7
"30" "24" 2014-12-25 34.72 "SAS" "" "OKC" "L" -8 0 31.8 0.638 0.625 7.4 6.9 7.1 4.6 0 2.3 0 18.9 132 125 13.6 3.2
"31" "25" 2014-12-26 34.73 "SAS" "@" "NOP" "L" -7 0 7.51666666666667 NA NA 0 0 0 0 0 0 100 6.5 0 108 -2.2 -17.5
"32" "26" 2014-12-28 34.73 "SAS" "" "HOU" "W" 4 0 12.35 0.5 0.5 0 0 0 0 0 0 0 17.3 105 117 2.3 -2.9
"33" "27" 2014-12-30 34.74 "SAS" "@" "MEM" "L" -8 0 19.3666666666667 0.5 0.5 5.9 14.6 9.8 7.6 0 0 0 4.9 131 110 3 -0.9
"34" "28" 2014-12-31 34.74 "SAS" "" "NOP" "W" 2 1 24.3 0.25 0.25 0 8.6 4.4 5.9 0 0 33.3 11.8 40 101 -2.3 -12.3
"35" "29" 2015-01-03 34.75 "SAS" "" "WAS" "W" 9 0 2.06666666666667 NA NA 0 0 0 54 0 0 NA 0 209 118 0.7 17
"36" "30" 2015-01-06 34.76 "SAS" "" "DET" "L" -1 0 7.88333333333333 0.129 0 0 14.2 7.1 0 0 0 0 21.3 33 114 -1.2 -19.1
"37" "31" 2015-01-09 34.76 "SAS" "" "PHO" "W" 5 0 9.65 0.6 0.6 0 0 0 17.7 0 0 0 22.2 115 104 4 8.4
"38" "32" 2015-01-10 34.77 "SAS" "@" "MIN" "W" 15 0 21.6166666666667 0.357 0.357 10.1 10.3 10.2 6.1 2.3 0 12.5 17.1 85 99 2.8 -6.4
"39" "33" 2015-01-13 34.78 "SAS" "@" "WAS" "L" -8 0 7.08333333333333 0 0 0 0 0 17.8 0 0 0 12.5 26 114 -1.1 -14.1
"40" "34" 2015-01-14 34.78 "SAS" "@" "CHO" "W" 5 1 29.4833333333333 0.8 0.8 4.2 22.3 14.5 15.2 0 8.9 16.7 9.2 133 93 10.8 8.6
"41" "35" 2015-01-16 34.78 "SAS" "" "POR" "W" 14 0 2.61666666666667 0 0 0 0 0 0 0 0 0 48.5 0 109 -2.1 -54.5
"42" "36" 2015-01-18 34.79 "SAS" "" "UTA" "W" 20 0 8.78333333333333 0 0 0 21.9 11.3 0 0 0 0 5.5 0 82 -0.1 -8.6
"43" "37" 2015-01-20 34.79 "SAS" "@" "DEN" "W" 10 0 5.7 0.532 0 0 20.1 9.8 0 0 0 34.7 21.7 77 109 0.2 -14.9
"44" "38" 2015-01-22 34.8 "SAS" "@" "CHI" "L" -23 0 13.1833333333333 1.042 1 0 0 0 13.8 0 0 0 5.2 218 123 3.4 3.2
"45" "39" 2015-01-23 34.8 "SAS" "" "LAL" "W" 14 1 18.6833333333333 0.4 0.4 5.8 21.4 14 0 0 0 0 12.1 96 96 2.4 -5.7
"46" "40" 2015-01-25 34.81 "SAS" "" "MIL" "W" 6 1 15.8333333333333 0.357 0.357 0 7.6 3.7 10.5 0 0 0 19.1 89 113 1.9 -4.5
"47" "41" 2015-01-28 34.82 "SAS" "" "CHO" "W" 9 1 31.2166666666667 0.625 0.625 0 6.5 3.3 10.7 1.7 2.4 0 11.7 130 96 9.3 4.7
"48" "42" 2015-01-31 34.82 "SAS" "" "LAC" "L" -20 0 8.21666666666667 0 0 0 12.2 6.3 0 0 0 0 11.2 0 115 -1.5 -15.7
"49" "" 2015-02-04 34.84 "SAS" "" "ORL" "W" 7 NA NA NA NA NA NA NA NA NA NA NA NA NA NA NA NA
"50" "43" 2015-02-06 34.84 "SAS" "" "MIA" "W" 13 0 16.0666666666667 0.3 0.3 14.6 15.3 14.9 24.2 6.9 0 0 14.5 116 90 6 8.6
"51" "44" 2015-02-08 34.85 "SAS" "@" "TOR" "L" -5 0 0.3 NA NA 0 0 0 0 0 0 NA 0 0 105 0 -7.8
"52" "45" 2015-02-09 34.85 "SAS" "@" "IND" "W" 2 1 11.5166666666667 0 0 8.9 0 4.5 11.3 0 0 0 16.1 31 112 -2.2 -17.4
"53" "46" 2015-02-11 34.85 "SAS" "@" "DET" "W" 17 0 7.15 0 0 16.8 16.4 16.6 0 0 0 0 13.1 40 108 -0.8 -19.1
"54" "47" 2015-02-19 34.88 "SAS" "@" "LAC" "L" -4 0 0.55 NA NA 0 0 0 0 0 0 NA 0 0 124 0 -3.7
"55" "48" 2015-02-20 34.88 "SAS" "@" "GSW" "L" -11 0 12 0.532 0 18.6 19.5 19 0 0 0 0 7.1 151 120 3.3 0
"56" "" 2015-02-23 34.89 "SAS" "@" "UTA" "L" -9 NA NA NA NA NA NA NA NA NA NA NA NA NA NA NA NA
"57" "49" 2015-02-25 34.89 "SAS" "@" "POR" "L" -16 0 2.5 NA NA 0 0 0 0 0 0 NA 0 0 132 0 -7.3
"58" "50" 2015-02-27 34.9 "SAS" "@" "SAC" "W" 11 0 2.63333333333333 NA NA 0 46.7 20.5 0 0 0 NA 0 0 101 0.3 -4.4
"59" "51" 2015-02-28 34.9 "SAS" "@" "PHO" "W" 27 0 6.26666666666667 1.5 1.5 0 14.2 7.8 0 0 0 0 6.7 300 79 3 16.3
"60" "52" 2015-03-04 34.91 "SAS" "" "SAC" "W" 27 0 6.73333333333333 1 1 20.4 0 9 18.8 0 0 0 6.5 210 99 3.1 10.2
"61" "53" 2015-03-06 34.92 "SAS" "" "DEN" "W" 9 0 3.93333333333333 NA NA 0 0 0 0 0 0 100 11.9 0 121 -1 -17.3
"62" "54" 2015-03-08 34.92 "SAS" "" "CHI" "W" 11 0 7.56666666666667 0.347 0 0 0 0 0 0 0 0 17 79 118 0.2 -13.6
"63" "55" 2015-03-10 34.93 "SAS" "" "TOR" "W" 10 0 9.66666666666667 1.031 1 0 0 0 0 0 0 0 17.6 208 126 6.3 15.3
"64" "56" 2015-03-12 34.93 "SAS" "" "CLE" "L" -3 0 7.71666666666667 0 0 0 0 0 0 0 0 0 6.1 0 135 -0.7 -11.7
"65" "57" 2015-03-15 34.94 "SAS" "" "MIN" "W" 26 0 9.03333333333333 1.064 1.5 0 22.6 13 24.3 5.5 0 0 9.6 201 94 6.3 19.6
"66" "58" 2015-03-17 34.95 "SAS" "@" "NYK" "L" -4 0 12.6833333333333 0.5 0.5 0 0 0 0 0 0 0 7.1 108 116 0.6 -6.9
"67" "59" 2015-03-18 34.95 "SAS" "@" "MIL" "W" 11 0 3.43333333333333 NA NA 0 33.3 18.2 36.8 0 0 NA 0 221 112 1 7.8
"68" "60" 2015-03-20 34.96 "SAS" "" "BOS" "W" 12 0 5.4 0.266 0 0 34.2 19.3 0 0 0 0 16 60 91 0.5 -10.4
"69" "61" 2015-03-22 34.96 "SAS" "@" "ATL" "W" 19 0 5.03333333333333 0.333 0.333 57.8 0 26.5 0 0 0 0 27.1 110 110 1.3 -11.7
"70" "62" 2015-03-24 34.97 "SAS" "@" "DAL" "L" -7 0 11.1 1.25 1.25 9 9.8 9.4 0 0 0 0 7.9 244 111 4.6 8.2
"71" "63" 2015-03-25 34.97 "SAS" "" "OKC" "W" 39 0 15.5166666666667 0.833 0.833 0 6.4 3.6 0 0 0 0 8.7 166 105 3.6 0.3
"72" "64" 2015-03-27 34.98 "SAS" "" "DAL" "W" 18 0 3.08333333333333 1 1 0 29.9 16 0 0 0 50 29.9 63 82 1 -2
"73" "65" 2015-03-29 34.98 "SAS" "" "MEM" "W" 14 0 0.7 NA NA 0 0 0 0 0 0 NA 0 0 106 0 -5.7
"74" "66" 2015-03-31 34.99 "SAS" "@" "MIA" "W" 14 0 13.2666666666667 1.5 1.5 0 9 5.1 24.3 0 0 0 7.2 275 100 7.1 20.8
"75" "67" 2015-04-01 34.99 "SAS" "@" "ORL" "W" 12 0 9.48333333333333 0.5 0.5 10.8 0 5.1 0 0 0 0 9.5 123 108 1.7 -3.9
"76" "68" 2015-04-03 34.99 "SAS" "" "DEN" "W" 30 0 21.95 0.5 0.5 5.9 15.6 11.1 4.9 0 0 0 5.9 143 104 3.2 -2.7
"77" "69" 2015-04-05 35 "SAS" "" "GSW" "W" 15 1 24.1166666666667 0.333 0.333 0 15.6 9.3 4.7 0 0 0 5.9 83 103 1.8 -4.3
"78" "70" 2015-04-07 35.01 "SAS" "@" "OKC" "W" 25 0 10.1666666666667 0 0 0 21 11.1 0 0 0 0 4.3 0 94 -0.5 -8.4
"79" "71" 2015-04-08 35.01 "SAS" "" "HOU" "W" 12 0 5.08333333333333 NA NA 0 22.5 11 0 0 16 NA 0 0 97 1 5.2
"80" "72" 2015-04-10 35.01 "SAS" "@" "HOU" "W" 1 0 6.71666666666667 0 0 0 0 0 0 0 0 0 6.5 0 115 -1.1 -12
"81" "" 2015-04-12 35.02 "SAS" "" "PHO" "W" 16 NA NA NA NA NA NA NA NA NA NA NA NA NA NA NA NA
"82" "" 2015-04-15 35.03 "SAS" "@" "NOP" "L" -5 NA NA NA NA NA NA NA NA NA NA NA NA NA NA NA NA
"1" "" 2015-10-28 35.56 "SAS" "@" "OKC" "L" -6 NA NA NA NA NA NA NA NA NA NA NA NA NA NA NA NA
"2" "" 2015-10-30 35.57 "SAS" "" "BRK" "W" 27 NA NA NA NA NA NA NA NA NA NA NA NA NA NA NA NA
"3" "" 2015-11-01 35.58 "SAS" "@" "BOS" "W" 8 NA NA NA NA NA NA NA NA NA NA NA NA NA NA NA NA
"4" "" 2015-11-02 35.58 "SAS" "@" "NYK" "W" 10 NA NA NA NA NA NA NA NA NA NA NA NA NA NA NA NA
"5" "" 2015-11-04 35.58 "SAS" "@" "WAS" "L" -3 NA NA NA NA NA NA NA NA NA NA NA NA NA NA NA NA
"6" "" 2015-11-07 35.59 "SAS" "" "CHO" "W" 20 NA NA NA NA NA NA NA NA NA NA NA NA NA NA NA NA
"7" "" 2015-11-09 35.6 "SAS" "@" "SAC" "W" 18 NA NA NA NA NA NA NA NA NA NA NA NA NA NA NA NA
"8" "1" 2015-11-11 35.6 "SAS" "@" "POR" "W" 12 0 0.916666666666667 NA NA 0 100 67.1 0 0 0 NA 0 0 84 0.3 4.2
"9" "2" 2015-11-14 35.61 "SAS" "" "PHI" "W" 9 0 0.333333333333333 0.568 NA 0 0 0 0 0 0 0 100 123 99 0.6 32.1
"10" "" 2015-11-16 35.62 "SAS" "" "POR" "W" 13 NA NA NA NA NA NA NA NA NA NA NA NA NA NA NA NA
"11" "" 2015-11-18 35.62 "SAS" "" "DEN" "W" 11 NA NA NA NA NA NA NA NA NA NA NA NA NA NA NA NA
"12" "" 2015-11-20 35.63 "SAS" "@" "NOP" "L" -14 NA NA NA NA NA NA NA NA NA NA NA NA NA NA NA NA
"13" "3" 2015-11-21 35.63 "SAS" "" "MEM" "W" 10 0 0.15 NA NA 0 0 0 0 0 0 NA 0 0 101 0 -3.5
"14" "" 2015-11-23 35.64 "SAS" "" "PHO" "W" 14 NA NA NA NA NA NA NA NA NA NA NA NA NA NA NA NA
"15" "" 2015-11-25 35.64 "SAS" "" "DAL" "W" 5 NA NA NA NA NA NA NA NA NA NA NA NA NA NA NA NA
"16" "4" 2015-11-27 35.65 "SAS" "@" "DEN" "W" 11 0 3.53333333333333 NA NA 0 30.2 17.2 0 14.8 0 NA 0 0 58 1.3 13.8
"17" "" 2015-11-28 35.65 "SAS" "" "ATL" "W" 20 NA NA NA NA NA NA NA NA NA NA NA NA NA NA NA NA
"18" "" 2015-11-30 35.65 "SAS" "@" "CHI" "L" -3 NA NA NA NA NA NA NA NA NA NA NA NA NA NA NA NA
"19" "5" 2015-12-02 35.66 "SAS" "" "MIL" "W" 25 0 7.08333333333333 0 0 0 13.8 6.9 18.3 0 0 33.3 18.5 17 82 -1.4 -17
"20" "6" 2015-12-03 35.66 "SAS" "@" "MEM" "W" 20 0 4.4 0.625 0.625 28.7 23.2 25.7 0 12 0 20 53 97 70 3.6 14.6
"21" "" 2015-12-05 35.67 "SAS" "" "BOS" "W" 3 NA NA NA NA NA NA NA NA NA NA NA NA NA NA NA NA
"22" "7" 2015-12-07 35.67 "SAS" "@" "PHI" "W" 51 1 24.15 0.75 0.75 0 4.3 2.5 15.3 0 0 0 12.7 156 83 8.8 7.4
"23" "8" 2015-12-09 35.68 "SAS" "@" "TOR" "L" -3 0 0.25 NA NA 0 0 0 0 100 0 NA 0 0 -345 1 247.8
"24" "" 2015-12-11 35.68 "SAS" "" "LAL" "W" 22 NA NA NA NA NA NA NA NA NA NA NA NA NA NA NA NA
"25" "9" 2015-12-12 35.69 "SAS" "@" "ATL" "W" 25 0 5 0.75 0.75 0 19.2 11.7 0 0 0 0 18 130 86 2.3 10.9
"26" "10" 2015-12-14 35.69 "SAS" "" "UTA" "W" 37 0 17.5666666666667 1 1 8 23.8 17.1 0 0 0 0 14 196 94 9.6 12.9
"27" "11" 2015-12-16 35.7 "SAS" "" "WAS" "W" 19 0 1.9 1.5 1.5 0 56.1 31.2 0 0 0 0 24.3 300 96 2.6 43.4
"28" "" 2015-12-18 35.7 "SAS" "" "LAC" "W" 8 NA NA NA NA NA NA NA NA NA NA NA NA NA NA NA NA
"29" "" 2015-12-21 35.71 "SAS" "" "IND" "W" 14 NA NA NA NA NA NA NA NA NA NA NA NA NA NA NA NA
"30" "" 2015-12-23 35.72 "SAS" "@" "MIN" "W" 25 NA NA NA NA NA NA NA NA NA NA NA NA NA NA NA NA
"31" "" 2015-12-25 35.72 "SAS" "@" "HOU" "L" -4 NA NA NA NA NA NA NA NA NA NA NA NA NA NA NA NA
"32" "12" 2015-12-26 35.73 "SAS" "" "DEN" "W" 15 0 0.15 NA NA 0 0 0 0 0 0 NA 0 0 108 0 -8.3
"33" "" 2015-12-28 35.73 "SAS" "" "MIN" "W" 6 NA NA NA NA NA NA NA NA NA NA NA NA NA NA NA NA
"34" "13" 2015-12-30 35.74 "SAS" "" "PHO" "W" 33 0 12 0 0 0 16.7 9.8 0 0 0 0 7.7 0 90 -1.2 -13.1
"35" "14" 2016-01-02 35.75 "SAS" "" "HOU" "W" 18 0 2.11666666666667 NA NA 0 0 0 0 0 0 NA 0 0 112 -0.4 -14.4
"36" "15" 2016-01-04 35.75 "SAS" "@" "MIL" "W" 25 0 2.81666666666667 0 0 0 0 0 0 18 0 0 15.2 0 76 0.3 -1.9
"37" "16" 2016-01-06 35.76 "SAS" "" "UTA" "W" 25 0 6.58333333333333 0.5 0.5 0 0 0 0 0 0 0 20.9 103 114 0.9 -8.5
"38" "" 2016-01-08 35.76 "SAS" "" "NYK" "W" 1 NA NA NA NA NA NA NA NA NA NA NA NA NA NA NA NA
"39" "17" 2016-01-11 35.77 "SAS" "@" "BRK" "W" 27 0 7.35 0 0 0 0 0 0 0 0 0 6.4 0 97 -0.7 -11.2
"40" "" 2016-01-12 35.77 "SAS" "@" "DET" "W" 10 NA NA NA NA NA NA NA NA NA NA NA NA NA NA NA NA
"41" "" 2016-01-14 35.78 "SAS" "" "CLE" "W" 4 NA NA NA NA NA NA NA NA NA NA NA NA NA NA NA NA
"42" "" 2016-01-17 35.79 "SAS" "" "DAL" "W" 29 NA NA NA NA NA NA NA NA NA NA NA NA NA NA NA NA
"43" "18" 2016-01-21 35.8 "SAS" "@" "PHO" "W" 28 0 10.7166666666667 1.25 1.25 10.2 10.7 10.4 13.6 4.8 0 0 8.4 240 93 7.1 19.2
"44" "" 2016-01-22 35.8 "SAS" "@" "LAL" "W" 13 NA NA NA NA NA NA NA NA NA NA NA NA NA NA NA NA
"45" "" 2016-01-25 35.81 "SAS" "@" "GSW" "L" -30 NA NA NA NA NA NA NA NA NA NA NA NA NA NA NA NA
"46" "" 2016-01-27 35.81 "SAS" "" "HOU" "W" 31 NA NA NA NA NA NA NA NA NA NA NA NA NA NA NA NA
"47" "19" 2016-01-30 35.82 "SAS" "@" "CLE" "L" -14 0 2.81666666666667 NA NA 0 0 0 0 0 0 NA 0 0 139 0 -6.3
"48" "" 2016-02-01 35.83 "SAS" "" "ORL" "W" 15 NA NA NA NA NA NA NA NA NA NA NA NA NA NA NA NA
"49" "" 2016-02-03 35.83 "SAS" "" "NOP" "W" 13 NA NA NA NA NA NA NA NA NA NA NA NA NA NA NA NA
"50" "20" 2016-02-05 35.84 "SAS" "@" "DAL" "W" 26 0 3.73333333333333 1.215 1.25 0 33 16.5 84.1 0 0 0 35.6 248 98 7 56.9
"51" "" 2016-02-06 35.84 "SAS" "" "LAL" "W" 4 NA NA NA NA NA NA NA NA NA NA NA NA NA NA NA NA
"52" "" 2016-02-09 35.85 "SAS" "@" "MIA" "W" 18 NA NA NA NA NA NA NA NA NA NA NA NA NA NA NA NA
"53" "" 2016-02-10 35.85 "SAS" "@" "ORL" "W" 2 NA NA NA NA NA NA NA NA NA NA NA NA NA NA NA NA
"54" "" 2016-02-18 35.87 "SAS" "@" "LAC" "L" -19 NA NA NA NA NA NA NA NA NA NA NA NA NA NA NA NA
"55" "" 2016-02-19 35.88 "SAS" "@" "LAL" "W" 6 NA NA NA NA NA NA NA NA NA NA NA NA NA NA NA NA
"56" "" 2016-02-21 35.88 "SAS" "@" "PHO" "W" 7 NA NA NA NA NA NA NA NA NA NA NA NA NA NA NA NA
"57" "" 2016-02-24 35.89 "SAS" "@" "SAC" "W" 16 NA NA NA NA NA NA NA NA NA NA NA NA NA NA NA NA
"58" "" 2016-02-25 35.89 "SAS" "@" "UTA" "W" 18 NA NA NA NA NA NA NA NA NA NA NA NA NA NA NA NA
"59" "" 2016-02-27 35.9 "SAS" "@" "HOU" "W" 10 NA NA NA NA NA NA NA NA NA NA NA NA NA NA NA NA
"60" "" 2016-03-02 35.91 "SAS" "" "DET" "W" 16 NA NA NA NA NA NA NA NA NA NA NA NA NA NA NA NA
"61" "" 2016-03-03 35.91 "SAS" "@" "NOP" "W" 8 NA NA NA NA NA NA NA NA NA NA NA NA NA NA NA NA
"62" "21" 2016-03-05 35.92 "SAS" "" "SAC" "W" 10 0 6.13333333333333 1 1 0 37.3 19.8 0 0 0 0 21.3 175 96 5.3 25.2
"63" "" 2016-03-07 35.92 "SAS" "@" "IND" "L" -8 NA NA NA NA NA NA NA NA NA NA NA NA NA NA NA NA
"64" "22" 2016-03-08 35.93 "SAS" "@" "MIN" "W" 25 0 10.1333333333333 0.625 0.625 0 21.5 11.7 12.6 0 0 0 18.5 132 105 4.3 3.1
"65" "" 2016-03-10 35.93 "SAS" "" "CHI" "W" 8 NA NA NA NA NA NA NA NA NA NA NA NA NA NA NA NA
"66" "" 2016-03-12 35.94 "SAS" "" "OKC" "W" 8 NA NA NA NA NA NA NA NA NA NA NA NA NA NA NA NA
"67" "" 2016-03-15 35.95 "SAS" "" "LAC" "W" 21 NA NA NA NA NA NA NA NA NA NA NA NA NA NA NA NA
"68" "" 2016-03-17 35.95 "SAS" "" "POR" "W" 8 NA NA NA NA NA NA NA NA NA NA NA NA NA NA NA NA
"69" "" 2016-03-19 35.96 "SAS" "" "GSW" "W" 8 NA NA NA NA NA NA NA NA NA NA NA NA NA NA NA NA
"70" "" 2016-03-21 35.96 "SAS" "@" "CHO" "L" -3 NA NA NA NA NA NA NA NA NA NA NA NA NA NA NA NA
"71" "" 2016-03-23 35.97 "SAS" "" "MIA" "W" 24 NA NA NA NA NA NA NA NA NA NA NA NA NA NA NA NA
"72" "23" 2016-03-25 35.97 "SAS" "" "MEM" "W" 6 0 2.01666666666667 0 0 0 0 0 0 0 0 0 24.1 0 125 -0.7 -32.8
"73" "24" 2016-03-26 35.98 "SAS" "@" "OKC" "L" -19 0 12.0166666666667 0.5 0.5 0 0 0 12.1 0 0 33.3 11.4 77 130 0.3 -8
"74" "25" 2016-03-28 35.98 "SAS" "@" "MEM" "W" 14 0 8.61666666666667 0.625 0.625 0 12.1 6.8 0 0 0 0 22.5 123 102 2.1 -5
"75" "26" 2016-03-30 35.99 "SAS" "" "NOP" "W" 8 0 5.9 1 1 0 0 0 0 0 0 0 8.4 200 113 1.7 -0.2
"76" "" 2016-04-02 35.99 "SAS" "" "TOR" "W" 7 NA NA NA NA NA NA NA NA NA NA NA NA NA NA NA NA
"77" "27" 2016-04-05 36 "SAS" "@" "UTA" "W" 2 0 6.21666666666667 0 0 0 0 0 0 0 0 0 8.7 0 110 -0.7 -13
"78" "28" 2016-04-07 36.01 "SAS" "@" "GSW" "L" -11 0 5.45 1 1 0 0 0 0 9.3 0 0 8.6 200 105 1.9 5
"79" "29" 2016-04-08 36.01 "SAS" "@" "DEN" "L" -4 0 13.1833333333333 0.333 0.333 0 24.3 11.9 0 0 0 0 10.2 68 109 0.8 -10.1
"80" "" 2016-04-10 36.01 "SAS" "" "GSW" "L" -6 NA NA NA NA NA NA NA NA NA NA NA NA NA NA NA NA
"81" "" 2016-04-12 36.02 "SAS" "" "OKC" "W" 4 NA NA NA NA NA NA NA NA NA NA NA NA NA NA NA NA
"82" "30" 2016-04-13 36.02 "SAS" "@" "DAL" "W" 5 1 22.6666666666667 0.5 0.5 0 4.7 2.6 6.9 0 5.6 0 12.8 105 111 3.5 -0.9
