"Rk" "G" "Date" "Age" "Tm" "H/A" "Opp" "W/L" "By Amt" "GS" "MP" "TS%" "eFG%" "ORB%" "DRB%" "TRB%" "AST%" "STL%" "BLK%" "TOV%" "USG%" "ORtg" "DRtg" "GmSc" "BPM"
"1" "1" 2004-11-03 24.02 "SEA" "@" "LAC" "L" -30 0 12.55 0.25 0.25 8 50.9 24.6 28.1 0 0 20 18.3 71 135 0.7 -9.3
"2" "2" 2004-11-05 24.03 "SEA" "" "ATL" "W" 21 0 10.5166666666667 0.5 0.5 14.5 13.6 14.1 0 0 0 33.3 12.7 84 107 -0.2 -14.7
"3" "3" 2004-11-07 24.03 "SEA" "" "SAS" "W" 19 0 12.6833333333333 0.333 0.333 0 11.8 6.4 25.2 0 0 0 12.6 118 114 0.4 -3.2
"4" "4" 2004-11-09 24.04 "SEA" "@" "DEN" "W" 20 0 8.55 0.266 0 45.7 0 21.6 0 0 0 0 9.2 124 104 0.8 -11.8
"5" "5" 2004-11-10 24.04 "SEA" "" "SAC" "W" 30 0 14.1 0.315 0 18 35.5 27.8 0 0 5.7 17.4 18.6 82 75 2.3 -4.4
"6" "6" 2004-11-12 24.05 "SEA" "" "TOR" "W" 1 0 9.56666666666667 0 0 14.4 0 6.6 16.2 0 0 66.7 14.8 31 111 -1.3 -13.2
"7" "7" 2004-11-14 24.05 "SEA" "" "MEM" "W" 5 0 14.9333333333333 0.333 0.333 0 48.5 26.7 8.9 0 10.8 0 9.9 89 116 1.5 -4.1
"8" "8" 2004-11-16 24.06 "SEA" "@" "PHI" "W" 8 0 6.6 0 0 0 52.7 26.7 0 0 0 50 12.8 0 96 -1.6 -19.1
"9" "9" 2004-11-17 24.06 "SEA" "@" "NJN" "W" 11 0 4.7 0 0 0 58.2 27.4 0 0 0 25 42.8 0 77 -3.3 -47.2
"10" "10" 2004-11-19 24.07 "SEA" "@" "TOR" "W" 7 0 14.0666666666667 0.615 0.75 19 32.7 26.4 28.9 3.8 5.8 0 15.9 142 90 8.5 14.6
"11" "11" 2004-11-21 24.07 "SEA" "@" "BOS" "L" -19 0 20.4666666666667 0.4 0.4 0 32.7 12.7 0 0 8.3 16.7 26.6 64 111 2.4 -7.9
"12" "12" 2004-11-23 24.08 "SEA" "@" "MIN" "W" 11 0 9.36666666666667 0 0 0 25.4 13.3 0 0 0 66.7 16.8 0 108 -2.9 -24.8
"13" "13" 2004-11-24 24.08 "SEA" "@" "MEM" "W" 9 0 14.05 0.667 0.667 18.9 33.6 26.7 0 0 6 40 18.4 87 93 2.8 -3.5
"14" "14" 2004-11-26 24.08 "SEA" "" "NJN" "W" 13 0 11.65 1 1 9.8 9.5 9.6 0 0 6.3 0 11.5 202 94 4.4 5
"15" "15" 2004-11-28 24.09 "SEA" "" "IND" "W" 8 0 16.25 0.4 0.4 30 46.2 39.1 0 3.7 5.8 16.7 19 97 98 3.9 -7
"16" "16" 2004-11-30 24.1 "SEA" "@" "POR" "L" -6 0 14.5166666666667 0.6 0.6 0 0 0 0 0 0 16.7 20.6 94 123 0.7 -12.3
"17" "17" 2004-12-01 24.1 "SEA" "" "UTA" "W" 10 0 10.8 0.521 0.5 28.3 0 12.8 0 0 0 0 12.8 142 133 2.2 -8.4
"18" "18" 2004-12-04 24.11 "SEA" "" "POR" "W" 10 0 16.2166666666667 0.615 0.5 7.9 0 4.1 20 3.4 0 17 18.4 122 106 4.5 -0.9
"19" "19" 2004-12-08 24.12 "SEA" "@" "SAS" "W" 6 0 14.2166666666667 0.4 0.4 21.4 8 13.7 0 0 0 0 34.8 98 114 3.9 -8.4
"20" "20" 2004-12-09 24.12 "SEA" "@" "DAL" "W" 5 0 15.7666666666667 0.333 0.333 7.8 27.1 16.7 0 3.7 0 25 12.2 67 105 0.7 -7.7
"21" "21" 2004-12-11 24.13 "SEA" "" "BOS" "L" -14 0 7.73333333333333 0.266 0 10.7 15.7 12.7 0 0 0 0 8.8 82 108 0.1 -9.6
"22" "22" 2004-12-14 24.13 "SEA" "" "LAL" "W" 15 0 7.85 1 1 13.7 11.9 12.7 0 0 0 0 5.3 209 108 1.1 -7.2
"23" "23" 2004-12-17 24.14 "SEA" "" "PHO" "L" -2 0 2.33333333333333 NA NA 0 0 0 0 0 0 NA 0 0 128 0 -4.9
"24" "24" 2004-12-22 24.16 "SEA" "" "DEN" "W" 15 0 20.1833333333333 0.615 0.5 22.9 23.4 23.1 0 2.7 3.9 17 13 130 88 7.5 3.3
"25" "25" 2004-12-27 24.17 "SEA" "@" "UTA" "W" 10 0 16.6 1 1 22.3 32.3 27.1 0 0 4.7 0 8.6 207 97 7.5 4.6
"26" "26" 2004-12-28 24.17 "SEA" "" "PHI" "L" -7 0 18.6166666666667 0.644 0.667 12.3 28.9 19.9 14.9 0 0 0 8.6 155 117 6.5 3.3
"27" "27" 2004-12-30 24.18 "SEA" "@" "ATL" "W" 15 0 22.5 0.571 0.571 36.4 23.2 28.9 8.3 2.6 0 10.2 21.6 129 86 10.3 2.7
"28" "28" 2004-12-31 24.18 "SEA" "@" "CHA" "W" 6 0 17.7166666666667 0.506 0.444 22.9 6.7 14.2 0 0 3.5 9.2 27.7 120 119 6.6 -5.3
"29" "29" 2005-01-03 24.19 "SEA" "@" "MIA" "W" 2 0 7.1 0 0 19 20 19.5 0 0 0 0 7.5 61 111 -1.7 -20.3
"30" "30" 2005-01-05 24.19 "SEA" "@" "ORL" "L" -18 1 23.15 0.643 0.6 4.3 21.4 11.9 9.6 4.8 2.9 15.5 13 119 110 7.4 2.4
"31" "31" 2005-01-06 24.2 "SEA" "@" "WAS" "L" -11 1 11.0333333333333 0.333 0.333 19.8 9.3 14.4 0 0 6.8 0 11.8 102 115 1.9 -4.1
"32" "32" 2005-01-09 24.21 "SEA" "" "MIA" "W" 10 0 16.6166666666667 1 1 24.2 20.7 22.3 9.6 0 0 0 8.2 208 111 7.2 8.7
"33" "33" 2005-01-11 24.21 "SEA" "" "LAC" "W" 5 0 15.0666666666667 1.054 1 0 7.3 3.7 0 3.6 0 23.1 13.8 155 110 5.5 1.9
"34" "34" 2005-01-12 24.21 "SEA" "@" "LAC" "L" -11 0 6.26666666666667 1 1 20.5 0 10 47.1 0 0 0 15.1 204 123 3.6 13.5
"35" "35" 2005-01-14 24.22 "SEA" "" "GSW" "W" 19 0 15.2 0.512 0.5 17.3 7.6 12.2 0 3.9 4.8 17 18.9 105 96 3.8 -3.4
"36" "36" 2005-01-16 24.22 "SEA" "" "CLE" "W" 8 0 15.9666666666667 0.363 0.333 30 11.8 18.5 11.1 0 0 12.7 22.1 105 113 2.4 -9.5
"37" "37" 2005-01-18 24.23 "SEA" "" "DEN" "L" -6 0 12.0166666666667 0.532 0 0 8.3 4.2 0 0 5 34.7 9.9 78 120 0.9 -5.7
"38" "38" 2005-01-21 24.24 "SEA" "" "MIN" "L" -5 0 9.18333333333333 0.5 0.5 12.3 0 7 0 0 0 33.3 14.6 84 143 0.3 -14.9
"39" "39" 2005-01-23 24.24 "SEA" "" "UTA" "W" 17 0 18.2333333333333 0.846 0.75 11.3 7.8 9.3 0 6.3 7.4 27.3 20.9 126 106 7.8 3.8
"40" "40" 2005-01-25 24.25 "SEA" "@" "LAL" "W" 11 0 18.3333333333333 0.508 0.429 21.5 6.8 15 0 0 0 20.2 23 104 117 4.2 -10.8
"41" "41" 2005-01-26 24.25 "SEA" "@" "UTA" "L" -9 0 19.1166666666667 1.02 1 14.4 43.3 28.9 0 2.9 4 0 14 212 109 14.2 16.6
"42" "42" 2005-01-28 24.26 "SEA" "@" "GSW" "W" 3 0 14 0.347 0.5 18.5 6.7 11.7 0 0 0 0 19.6 87 106 1.7 -6.5
"43" "43" 2005-01-31 24.27 "SEA" "" "SAS" "L" -19 0 14.2166666666667 0.644 0.667 0 35.2 17.6 0 4 0 0 26.9 127 110 8 9.1
"44" "44" 2005-02-01 24.27 "SEA" "@" "SAC" "W" 5 0 19.1 0.773 0.667 6.7 19.6 14.1 0 0 3.8 0 9.4 170 111 6.1 1.8
"45" "45" 2005-02-05 24.28 "SEA" "" "CHA" "W" 14 0 20.3333333333333 0.5 0.5 6.3 22.3 14.8 0 2.5 3.3 25 18.1 81 105 3.8 -8
"46" "46" 2005-02-08 24.29 "SEA" "" "NOH" "W" 17 0 11.8333333333333 0.5 0.5 14.3 19.5 17.4 0 0 6.7 0 8.4 136 106 2.6 -0.8
"47" "47" 2005-02-10 24.29 "SEA" "" "SAC" "W" 8 0 22.5 0.625 0.625 20.4 11 15.9 7.9 4.5 0 0 15.6 148 110 11.3 5.6
"48" "48" 2005-02-11 24.3 "SEA" "@" "PHO" "W" 8 0 13.8666666666667 0.184 0.2 14.9 18 16.3 0 0 0 26.9 23 47 116 -3.9 -26.6
"49" "49" 2005-02-13 24.3 "SEA" "" "DAL" "L" -3 0 17.4166666666667 0.615 0.5 5.4 22.9 12.7 0 3.1 4.3 0 13 138 98 4.9 0.9
"50" "50" 2005-02-16 24.31 "SEA" "" "GSW" "L" -7 0 30.4166666666667 0.714 0.778 27.1 18.9 22.9 0 3.3 7 15.2 19.5 134 116 17.8 4
"51" "51" 2005-02-22 24.33 "SEA" "@" "HOU" "W" 2 0 8.76666666666667 1 1 27.3 14 20.7 0 0 0 50 21.6 83 100 1.5 -9
"52" "52" 2005-02-23 24.33 "SEA" "@" "NOH" "W" 18 0 20.5 1.094 1 20.6 13 16.7 0 0 8.7 23.8 10.5 182 103 9.4 5.1
"53" "53" 2005-02-25 24.33 "SEA" "" "MIN" "W" 10 0 9.66666666666667 0.5 0.5 10 0 5.9 0 0 0 0 18.6 114 108 1.1 -9.4
"54" "54" 2005-02-27 24.34 "SEA" "@" "MIL" "L" -26 0 18.9 0.827 0.8 9 13.3 10.8 17 5.8 0 0 12.6 175 104 10.6 13.7
"55" "55" 2005-03-01 24.35 "SEA" "@" "IND" "W" 8 0 13.55 0.5 0.5 11.8 0 4.8 0 0 7 0 14.9 121 117 1.8 -5
"56" "56" 2005-03-02 24.35 "SEA" "@" "CLE" "W" 17 0 24.2 0.51 0.4 6.4 24.6 16.7 6 2.3 3 25.4 16 94 96 5.5 -0.4
"57" "57" 2005-03-04 24.35 "SEA" "" "DET" "W" 8 0 23.3666666666667 0.6 0.6 5.4 17.8 12.2 7.7 2.3 2.8 0 9.9 142 96 6.8 6.6
"58" "58" 2005-03-06 24.36 "SEA" "" "PHO" "L" -11 0 4.35 NA NA 0 0 0 0 0 0 NA 0 0 126 -0.4 -9.3
"59" "59" 2005-03-08 24.36 "SEA" "" "HOU" "L" -2 0 14.6 0.333 0.333 9.1 18.3 13.7 0 0 0 25 13.2 65 113 -1.4 -14.9
"60" "60" 2005-03-11 24.37 "SEA" "" "CHI" "L" -3 0 19.1833333333333 0.533 0.5 22.9 6 14.6 0 0 3.6 0 18.3 132 114 6.8 -1.8
"61" "61" 2005-03-13 24.38 "SEA" "@" "NYK" "W" 10 0 17.5833333333333 0.752 0.75 7.8 31.4 20.9 0 0 0 0 15.1 160 90 7 5.9
"62" "62" 2005-03-15 24.38 "SEA" "@" "CHI" "W" 6 0 17.6833333333333 0.512 0.5 6.3 18.7 13.4 9 0 0 0 11.8 127 104 3.2 -1.7
"63" "63" 2005-03-16 24.39 "SEA" "@" "DET" "L" -7 0 16.7833333333333 0.436 0.333 0 0 0 0 0 8.8 0 10 90 119 0.7 -7.4
"64" "64" 2005-03-18 24.39 "SEA" "" "ORL" "W" 8 1 24.8333333333333 0.557 0.556 37.5 10.1 24.3 7 0 0 0 18.9 144 109 12 2.5
"65" "65" 2005-03-20 24.4 "SEA" "@" "LAL" "W" 2 1 22.3 1.017 1 6.4 21.3 14.5 7.9 2.5 0 0 7.7 210 110 7.7 2.9
"66" "66" 2005-03-22 24.4 "SEA" "" "MIL" "W" 8 0 28.5333333333333 0.665 0.5 8 22 14.6 0 2.1 2.7 0 6.5 157 98 7.8 0.1
"67" "67" 2005-03-24 24.41 "SEA" "@" "POR" "W" 5 0 28.4833333333333 0.598 0.571 19 19 19 0 0 3 30.3 20.5 96 107 7.1 -5.5
"68" "68" 2005-03-25 24.41 "SEA" "" "NYK" "W" 8 0 29.6666666666667 0.667 0.667 12.6 23 18.1 6.1 1.8 8 14.3 11 131 98 10.5 5.5
"69" "69" 2005-03-27 24.42 "SEA" "" "WAS" "L" -1 0 29.3166666666667 0.686 0.625 13.4 19.7 16.8 15.2 1.8 5.3 8.9 17.6 139 101 15.2 9.3
"70" "70" 2005-03-29 24.42 "SEA" "@" "MEM" "W" 3 0 24.4 0.764 0.6 9.8 25 16.4 6.7 2.5 3.5 0 13.9 183 116 12.5 10
"71" "71" 2005-03-30 24.42 "SEA" "@" "SAS" "L" -13 0 26.5 0.619 0.625 8.6 23.6 16.4 8.9 2.2 0 25.3 22.1 101 101 7.7 2
"72" "72" 2005-04-01 24.43 "SEA" "" "POR" "W" 2 0 28.7333333333333 0.538 0.538 18.4 14.2 16.6 0 0 3 7.1 22.2 117 105 10.2 -1.9
"73" "73" 2005-04-03 24.44 "SEA" "@" "GSW" "L" -9 0 25.7166666666667 1.136 NA 4 20.2 11.2 0 4.1 4 53.2 3.2 119 101 4.4 -1.1
"74" "74" 2005-04-05 24.44 "SEA" "@" "SAC" "L" -21 0 13.8 1 1 16.7 22.1 19 0 0 5.6 33.3 9.8 135 139 4.3 -2
"75" "75" 2005-04-08 24.45 "SEA" "" "LAL" "L" -23 0 32.2 0.68 0.6 15 25.6 20.4 0 0 2.5 0 17.5 156 135 16.2 1.9
"76" "76" 2005-04-09 24.45 "SEA" "@" "DEN" "L" -16 0 25.5 0.429 0.429 13.1 21.3 16.2 0 0 0 12.5 13.5 95 135 2.3 -12.6
"77" "77" 2005-04-11 24.46 "SEA" "" "HOU" "L" -12 0 17.9666666666667 0.481 0.429 16.6 41.5 26.6 0 0 0 10.7 27.2 100 111 5.3 -2.4
"78" "78" 2005-04-13 24.46 "SEA" "" "DAL" "L" -5 0 18.25 0.5 0.5 7.2 7.8 7.5 10.3 0 5.3 0 11.2 131 114 2.8 -0.9
"79" "79" 2005-04-15 24.47 "SEA" "" "NOH" "W" 25 0 26.8166666666667 0.592 0.6 15.8 32.3 24.6 6.5 0 6.2 12.9 14.3 122 82 9.8 4.3
"80" "80" 2005-04-17 24.47 "SEA" "@" "MIN" "W" 15 0 12.6833333333333 0.563 0.5 10.5 0 4.7 0 4.1 0 40.3 27.1 72 103 0.5 -15.2
"81" "81" 2005-04-19 24.48 "SEA" "@" "DAL" "L" -5 0 28.9833333333333 0.58 0.667 13.4 23.6 18.9 0 1.9 2.4 11.4 14.4 115 113 8.2 -1.6
"82" "82" 2005-04-20 24.48 "SEA" "@" "HOU" "L" -28 0 27.4833333333333 0.304 0.222 17.1 28.6 22 6.2 0 0 9.2 20.5 82 135 4.1 -10.5
"1" "1" 2005-11-02 25.02 "SEA" "" "LAC" "L" -8 0 25.2833333333333 0.375 0.375 9.7 14.6 12.2 0 0 2.9 20 17.3 71 112 0.6 -12.3
"2" "2" 2005-11-04 25.02 "SEA" "" "MIN" "W" 5 0 29.2166666666667 0.791 0.8 9.3 18.6 14 6.5 0 2.9 0 9.6 174 109 9.7 4.1
"3" "3" 2005-11-08 25.04 "SEA" "@" "MEM" "L" -25 0 20.3666666666667 0.773 0.667 0 21.9 10.7 0 0 0 20.5 11.5 121 109 3.7 -2.9
"4" "4" 2005-11-09 25.04 "SEA" "@" "CLE" "L" -27 0 20.5 0.5 0.5 10.6 7.1 9.1 0 2.8 0 0 14.4 113 133 4.5 -6.3
"5" "5" 2005-11-11 25.04 "SEA" "@" "WAS" "L" -41 0 11.6166666666667 0.665 0.5 9.6 23 15.7 15.4 0 0 34.7 21.4 99 144 2.4 -9.2
"6" "6" 2005-11-13 25.05 "SEA" "@" "TOR" "W" 5 1 42.7166666666667 0.828 0.778 9.8 23.3 17.3 4 0 1.9 7.6 13.8 163 116 19.3 3.3
"7" "7" 2005-11-15 25.05 "SEA" "@" "NJN" "L" -10 1 29.9333333333333 0.667 0.667 12.3 16 14.2 18.8 1.8 0 0 9.7 157 122 9.8 2.6
"8" "8" 2005-11-16 25.06 "SEA" "@" "BOS" "W" 13 1 38.1333333333333 0.764 0.75 23.4 16.6 20.2 11.6 0 0 0 14.6 174 117 23.4 8
"9" "9" 2005-11-18 25.06 "SEA" "" "CHI" "W" 14 1 30.4166666666667 0.571 0.571 8.8 10.1 9.5 5.1 1.8 0 0 11.3 132 101 7.5 -2.5
"10" "10" 2005-11-20 25.07 "SEA" "" "SAC" "W" 2 1 35.4833333333333 0.611 0.5 9.4 26.2 16.5 0 4.4 2.3 8.6 14.9 127 107 14 0
"11" "11" 2005-11-22 25.07 "SEA" "" "UTA" "L" -6 1 36.1 0.45 0.375 9.5 12.5 10.8 5.3 0 2.3 0 11.8 117 115 6 -4.3
"12" "12" 2005-11-24 25.08 "SEA" "@" "LAL" "L" -12 1 7.5 0.333 0.333 15.6 0 7.5 0 0 0 25 24.5 64 125 -2 -28.6
"13" "13" 2005-11-26 25.08 "SEA" "" "NOK" "L" -6 1 35.15 0.732 0.75 16.7 8 12.7 22.2 1.5 2.2 0 10.8 170 118 17.9 9.3
"14" "14" 2005-11-30 25.1 "SEA" "" "CHA" "W" 10 1 28.6833333333333 0.6 0.6 8.2 3.9 6 4.8 0 0 16.7 9.6 113 111 3.9 -6
"15" "15" 2005-12-02 25.1 "SEA" "" "CLE" "W" 7 1 24.4 0.372 0.333 11.9 33.7 23.1 0 0 0 15.7 24.3 80 120 1.3 -18.1
"16" "16" 2005-12-04 25.11 "SEA" "" "IND" "W" 5 1 22.4166666666667 0.2 0.2 13.4 26 19.8 12.3 0 4.1 16.7 12.5 75 115 1.4 -8.7
"17" "17" 2005-12-06 25.11 "SEA" "" "NYK" "L" -3 1 13.95 0.667 0.667 9.1 29.5 18.9 14.3 3.8 0 25 13.6 110 106 3.8 -1
"18" "18" 2005-12-09 25.12 "SEA" "@" "UTA" "W" 16 1 21.9 0.615 0.5 21.4 15.3 18.3 19.7 0 3.8 21.5 18.9 127 104 8.9 0.3
"19" "19" 2005-12-10 25.12 "SEA" "" "SAC" "L" -19 1 16.8166666666667 0.5 0.5 27.8 11 21.3 0 0 4.8 20 25.5 99 138 4.6 -9.7
"20" "20" 2005-12-13 25.13 "SEA" "" "GSW" "L" -3 1 32.9 0.589 0.545 3.2 20.1 10.7 0 0 6 7.8 16.9 119 112 9.7 -1.7
"21" "21" 2005-12-15 25.14 "SEA" "" "HOU" "L" -6 0 8.28333333333333 0.25 0.25 12.9 38.6 23.2 0 0 0 0 22.1 81 125 -0.3 -20.8
"22" "22" 2005-12-16 25.14 "SEA" "@" "POR" "W" 12 0 31.6333333333333 0.87 0.8 9.8 11.7 10.6 13.8 1.7 0 13.7 11.4 168 114 12.4 4
"23" "23" 2005-12-19 25.15 "SEA" "" "WAS" "W" 10 0 26.8833333333333 0.615 0.5 10.2 9.2 9.7 0 0 0 12 14.7 124 123 5 -9.6
"24" "24" 2005-12-20 25.15 "SEA" "@" "PHO" "L" -28 0 15.75 0.5 0.5 11.7 7.8 10 12.7 0 0 33.3 15.5 83 127 0 -12.9
"25" "25" 2005-12-23 25.16 "SEA" "" "DAL" "L" -3 0 25.3833333333333 0.75 0.75 4.2 14.5 9 6 2.1 0 20 8.7 128 115 4.3 -2.8
"26" "26" 2005-12-26 25.17 "SEA" "" "BOS" "W" 7 0 30.5166666666667 0.694 0.625 17.9 21.8 19.7 10.1 1.7 2.4 14.8 18.5 139 115 16.5 5.3
"27" "27" 2005-12-28 25.17 "SEA" "@" "MIN" "L" -13 0 15.0333333333333 0.667 0.667 14.9 18.8 16.6 0 6.8 0 25 11.4 112 104 4.5 0.4
"28" "28" 2005-12-29 25.18 "SEA" "@" "DEN" "W" 7 0 16.8333333333333 0.333 0.333 7.5 43.4 27.2 0 0 4.1 40 12.6 52 99 -0.2 -12.3
"29" "29" 2005-12-31 25.18 "SEA" "" "MEM" "L" -4 0 21.2166666666667 0.2 0.2 0 48.5 22.3 0 0 10.5 0 12.4 50 120 0.5 -13.8
"30" "30" 2006-01-02 25.19 "SEA" "@" "IND" "L" -19 0 16.2166666666667 0.333 0.333 6.6 26.1 15 0 0 0 0 8.4 94 131 1.1 -8.8
"31" "31" 2006-01-04 25.19 "SEA" "@" "CHI" "W" 4 0 23.1666666666667 0.589 0.6 16.4 28.3 22.7 40.2 0 3.7 11.6 16.4 133 97 11.8 11.4
"32" "32" 2006-01-06 25.2 "SEA" "@" "DET" "L" -12 0 19.8833333333333 0.073 0 14.8 15.7 15.2 7.1 2.9 3.4 12.7 18.7 43 108 -0.8 -13.6
"33" "33" 2006-01-08 25.2 "SEA" "@" "NYK" "L" -4 0 13.95 0.532 1 7.6 19.1 12.7 0 0 0 34.7 8.5 68 130 -0.4 -14
"34" "34" 2006-01-09 25.21 "SEA" "@" "PHI" "L" -9 0 7.28333333333333 0.41 0.5 14.6 39.9 25.3 0 0 0 0 15.3 104 126 1.9 -5.3
"35" "35" 2006-01-11 25.21 "SEA" "" "ORL" "W" 9 0 13.55 1 1 9.6 40.5 24.6 0 0 0 50 7.2 104 112 0.2 -11.7
"36" "36" 2006-01-13 25.22 "SEA" "" "MIA" "L" -13 0 19.65 0.333 0.333 10.9 28.7 18.6 7.2 0 7.9 14.3 15.8 81 124 3.5 -6.7
"37" "37" 2006-01-14 25.22 "SEA" "@" "LAC" "L" -26 0 9.08333333333333 0.396 0.2 0 13.2 5.9 0 0 0 13.7 38.1 77 118 0.8 -12.5
"38" "38" 2006-01-16 25.22 "SEA" "@" "GSW" "L" -16 0 26.9833333333333 0.721 0.714 7.3 23.4 14.3 18.3 0 3 19.4 16.7 125 116 11.2 4.2
"39" "39" 2006-01-20 25.24 "SEA" "" "TOR" "L" -8 0 29.5333333333333 0.479 0.5 11.9 21.4 16.5 17.2 0 3 16.1 18.4 104 130 7.7 -3.5
"40" "40" 2006-01-22 25.24 "SEA" "@" "PHO" "W" 3 0 4.7 NA NA 0 0 0 0 0 0 100 9.3 0 135 -1.8 -22.5
"41" "41" 2006-01-25 25.25 "SEA" "@" "UTA" "W" 19 0 18.35 0.363 0.333 13.4 32.7 23.2 18.8 0 4.3 12.7 19.6 100 104 4.3 -4.8
"42" "42" 2006-01-26 25.25 "SEA" "" "DAL" "L" -7 0 6.73333333333333 0 0 35.6 15.5 24.9 0 0 0 0 7.2 103 127 1 -9.6
"43" "43" 2006-01-28 25.26 "SEA" "" "NJN" "W" 9 0 14.6666666666667 0.333 0.333 9.6 21.3 16.4 16.9 0 0 40 15.8 72 114 0.5 -8.4
"44" "44" 2006-01-30 25.26 "SEA" "" "POR" "L" -5 0 17.25 0.75 0.75 7.3 19.9 13.9 8 0 3.7 20 13.3 127 126 5.2 -2.3
"45" "45" 2006-02-01 25.27 "SEA" "" "GSW" "W" 4 0 21.6166666666667 0.2 0.2 0 10.3 5.3 0 0 0 0 10 48 115 -1.3 -11.2
"46" "46" 2006-02-03 25.27 "SEA" "@" "HOU" "L" -23 0 15.75 0.4 0.4 20.3 27.1 23.7 0 0 4.1 0 14.5 102 104 4.1 -3.6
"47" "47" 2006-02-04 25.28 "SEA" "@" "DAL" "L" -19 0 20.25 1.025 1 11.6 5.2 8.2 0 2.6 0 29.1 15.9 146 122 8.7 3.4
"48" "48" 2006-02-06 25.28 "SEA" "@" "CHA" "L" -13 1 12.4 0.862 1 21.5 11.1 16.4 12.8 0 0 30.1 22.5 126 126 5.4 -1.5
"49" "49" 2006-02-08 25.29 "SEA" "@" "NOK" "L" -7 1 33.0833333333333 0.711 0.75 16.9 24.9 20.5 9 1.6 5 19.2 14.1 128 116 13.9 3
"50" "50" 2006-02-10 25.29 "SEA" "" "ATL" "W" 8 1 32.2166666666667 0.751 0.7 20.8 31.2 26 6.3 1.6 2.3 20.9 19.7 130 96 17.9 4.5
"51" "51" 2006-02-12 25.3 "SEA" "" "DEN" "L" -8 1 26.35 0.317 0.286 12.8 19.6 16 5.3 2 2.9 20.2 15.8 77 116 1.8 -10.6
"52" "52" 2006-02-14 25.3 "SEA" "@" "MIL" "L" -15 1 22.7666666666667 0.222 0.222 6.4 17.6 12.2 13.7 0 0 0 18.9 71 123 0.7 -11.2
"53" "53" 2006-02-15 25.31 "SEA" "@" "MIN" "L" -10 1 24.2833333333333 0.505 0.455 10.1 22 15.8 15.1 0 0 0 22 115 109 8.7 0.4
"54" "54" 2006-02-21 25.32 "SEA" "@" "SAS" "L" -25 1 27.7833333333333 0.438 0.438 17.3 22.1 19.6 0 0 2.6 0 26 108 116 10.4 -0.1
"55" "55" 2006-02-22 25.33 "SEA" "@" "ATL" "W" 5 1 31.2833333333333 0.512 0.5 4.9 9.3 7.2 3.7 3.6 0 50.6 14.9 59 127 0.8 -12.2
"56" "" 2006-02-24 25.33 "SEA" "@" "ORL" "L" -13 NA NA NA NA NA NA NA NA NA NA NA NA NA NA NA NA
"57" "" 2006-02-25 25.33 "SEA" "@" "MIA" "L" -9 NA NA NA NA NA NA NA NA NA NA NA NA NA NA NA NA
"58" "56" 2006-02-28 25.34 "SEA" "" "NOK" "W" 10 1 27.9166666666667 0.7 0.7 21.5 11.5 15.6 5.6 0 0 16.7 20.3 130 121 11.4 -0.1
"59" "57" 2006-03-03 25.35 "SEA" "" "DET" "L" -2 1 15.2666666666667 0.333 0.333 0 14 7.8 17.5 0 0 25 12.6 75 115 0.1 -5.1
"60" "58" 2006-03-05 25.36 "SEA" "" "UTA" "W" 32 1 12 0.753 1 0 26.7 15.4 0 0 0 23.1 16.5 100 89 3.5 -3
"61" "" 2006-03-12 25.38 "SEA" "@" "LAL" "W" 7 NA NA NA NA NA NA NA NA NA NA NA NA NA NA NA NA
"62" "" 2006-03-21 25.4 "SEA" "@" "SAC" "L" -9 NA NA NA NA NA NA NA NA NA NA NA NA NA NA NA NA
"63" "" 2006-03-22 25.4 "SEA" "" "MIL" "W" 9 NA NA NA NA NA NA NA NA NA NA NA NA NA NA NA NA
"64" "" 2006-03-24 25.41 "SEA" "@" "DEN" "L" -13 NA NA NA NA NA NA NA NA NA NA NA NA NA NA NA NA
"65" "" 2006-03-26 25.41 "SEA" "" "SAS" "W" 4 NA NA NA NA NA NA NA NA NA NA NA NA NA NA NA NA
"66" "" 2006-03-28 25.42 "SEA" "@" "MEM" "W" 1 NA NA NA NA NA NA NA NA NA NA NA NA NA NA NA NA
"67" "" 2006-03-29 25.42 "SEA" "@" "HOU" "L" -28 NA NA NA NA NA NA NA NA NA NA NA NA NA NA NA NA
"68" "" 2006-03-31 25.43 "SEA" "" "LAL" "L" -13 NA NA NA NA NA NA NA NA NA NA NA NA NA NA NA NA
"69" "" 2006-04-02 25.43 "SEA" "" "POR" "W" 39 NA NA NA NA NA NA NA NA NA NA NA NA NA NA NA NA
"70" "" 2006-04-04 25.44 "SEA" "" "HOU" "W" 17 NA NA NA NA NA NA NA NA NA NA NA NA NA NA NA NA
"71" "59" 2006-04-07 25.45 "SEA" "@" "POR" "W" 13 0 21.6 0.547 0.545 13.5 22.8 18.5 0 0 3.4 14.4 28 106 116 7.8 -9.7
"72" "60" 2006-04-09 25.45 "SEA" "" "PHO" "W" 2 0 7.78333333333333 0.515 0.333 15.4 0 7.6 46.4 0 0 0 22.2 143 121 3.5 4.6
"73" "61" 2006-04-11 25.46 "SEA" "@" "SAS" "L" -9 0 23.9 0.388 0.4 27 23.9 25.6 0 0 3 15.2 34.9 82 109 6.6 -9.7
"74" "62" 2006-04-12 25.46 "SEA" "@" "NOK" "L" -5 0 18.0666666666667 1 1 7.6 20.4 14.4 10.1 0 3.4 42.9 18.1 104 115 5.6 -0.1
"75" "63" 2006-04-14 25.47 "SEA" "" "LAC" "L" -4 1 26.9 0.425 0.4 4.1 24.1 13.2 17 2 2.8 25.4 13.8 85 108 4.3 -4.5
"76" "64" 2006-04-16 25.47 "SEA" "@" "LAC" "W" 16 0 24.2666666666667 0.883 0.889 11.3 13.5 12.5 24.5 0 0 0 20.7 183 112 19.1 13.1
"77" "65" 2006-04-18 25.48 "SEA" "@" "SAC" "L" -6 0 32.2333333333333 0.639 0.615 19.6 19.4 19.5 0 0 4.4 11.3 24.8 124 118 16.8 0.9
"78" "66" 2006-04-19 25.48 "SEA" "" "DEN" "W" 11 0 14.3166666666667 0.41 0.25 0 27.2 13.4 10.3 0 0 29.1 21.6 65 98 0 -14.9
"1" "1" 2006-11-01 26.02 "SEA" "" "POR" "L" -4 0 17.5 0.25 0.25 12.2 0 7.4 0 0 0 33.3 14.7 54 129 -2.6 -20.7
"2" "2" 2006-11-03 26.02 "SEA" "@" "LAL" "L" -6 0 13.4666666666667 0 0 14.3 21.6 17.2 0 3.7 0 33.3 9.4 44 120 -0.6 -15.8
"3" "3" 2006-11-05 26.03 "SEA" "" "LAL" "W" 16 0 14.8166666666667 0.714 0.5 8.5 9.5 9 0 0 0 19.2 16 130 118 3.4 -7.8
"4" "4" 2006-11-07 26.03 "SEA" "@" "MIA" "L" -3 0 28.1666666666667 0.667 0.667 5.2 34.1 21.8 7.4 1.9 5.8 14.3 11.7 118 88 8.5 2.9
"5" "5" 2006-11-08 26.04 "SEA" "@" "ORL" "L" -1 0 31.5 0.425 0.3 10.2 16.9 12.7 5.6 1.7 6.5 20.3 21.1 87 99 6.9 -2.8
"6" "6" 2006-11-10 26.04 "SEA" "@" "CHA" "W" 14 0 26.75 0.46 0.4 26.3 36.7 31.7 6.2 2 0 8.4 20.7 115 85 11.4 1.6
"7" "7" 2006-11-11 26.04 "SEA" "@" "ATL" "W" 1 0 33.05 0.676 0.625 10.5 7.8 9.2 17.8 0 8.6 0 12.8 159 118 14.4 7.4
"8" "8" 2006-11-13 26.05 "SEA" "@" "NJN" "W" 6 0 34.1166666666667 0.3 0.3 9.6 15.6 12.3 3.5 0 2.3 16.7 14.8 79 127 0.9 -13.2
"9" "9" 2006-11-15 26.05 "SEA" "" "PHI" "L" -6 0 20.6166666666667 0.068 0 5.4 12.3 8.6 0 2.5 6.8 21.5 19.7 19 97 -2.7 -13.8
"10" "10" 2006-11-17 26.06 "SEA" "" "UTA" "L" -9 0 15.2833333333333 0.764 0.8 19 0 8.5 0 0 0 21.7 27.6 120 131 5.7 -7.6
"11" "11" 2006-11-18 26.06 "SEA" "@" "GSW" "L" -12 0 24.4 0.258 0 4.2 18.3 10.9 0 2 0 34 10.4 46 107 -1.2 -10.2
"12" "12" 2006-11-20 26.07 "SEA" "" "NJN" "W" 12 0 18.85 0.557 0.4 5.8 30.9 16.5 0 0 0 19.8 24.5 97 96 3.4 -8.7
"13" "13" 2006-11-22 26.07 "SEA" "@" "LAC" "W" 10 0 29.8666666666667 0.333 0.333 14.6 32.9 23.7 0 0 4.9 0 14.3 95 91 7.4 -2.6
"14" "14" 2006-11-24 26.08 "SEA" "" "SAC" "L" -9 0 22.35 0.451 0.333 11.3 37.6 24.8 0 0 3.5 0 14.7 113 108 6.2 -2.9
"15" "15" 2006-11-26 26.08 "SEA" "" "SAS" "L" -20 0 27.2833333333333 0.512 0.5 17.2 11.4 15 0 0 0 0 25 118 124 10.7 -0.9
"16" "16" 2006-11-29 26.09 "SEA" "" "ORL" "L" -10 0 31.1833333333333 0.273 0.273 18.3 18.7 18.5 11.7 5.4 0 21.4 21.2 68 103 4.4 -5.9
"17" "17" 2006-12-01 26.1 "SEA" "" "IND" "W" 2 1 31.7833333333333 0.795 0.727 11.1 22.2 16.1 5.4 0 0 7 20 154 111 18.2 5.4
"18" "18" 2006-12-02 26.1 "SEA" "@" "UTA" "L" -2 1 22.8 0.621 0.667 0 29.2 14.8 0 2.2 3.1 38.3 21.1 68 106 2.2 -7.7
"19" "19" 2006-12-05 26.11 "SEA" "" "ATL" "W" 15 1 35.5666666666667 0.446 0.455 20.4 13.8 16.9 3.8 0 0 19.6 19.3 97 103 5.7 -8.6
"20" "20" 2006-12-08 26.12 "SEA" "" "NOK" "W" 20 1 33.9 0.405 0.333 3.6 24.2 14.2 0 1.5 0 23.3 17.1 68 79 2.9 -7.9
"21" "21" 2006-12-10 26.12 "SEA" "" "GSW" "W" 2 1 31.25 0.798 0.5 4 25.6 15.4 0 1.6 2.6 34.7 8 114 116 5.9 -3.5
"22" "22" 2006-12-12 26.13 "SEA" "@" "MIL" "L" -1 1 33.1 0.407 0.385 7.8 16.1 11.9 8.9 3.2 0 16.9 24.7 83 104 5.1 -8.6
"23" "23" 2006-12-13 26.13 "SEA" "@" "CHI" "L" -15 1 9.95 0.425 0.4 11.2 0 5.2 0 0 7.2 14.5 31.2 81 114 1.5 -10.2
"24" "24" 2006-12-15 26.14 "SEA" "@" "CLE" "L" -22 1 27.2666666666667 0.444 0.444 14.4 39.1 24.9 7.3 0 0 30.8 20.5 74 113 4.8 -6.6
"25" "25" 2006-12-17 26.14 "SEA" "@" "DET" "L" -4 1 17.15 0.4 0.4 8 5.5 6.5 0 0 3.4 16.7 17.4 76 118 0.4 -12.4
"26" "26" 2006-12-18 26.15 "SEA" "@" "MEM" "L" -8 0 27.2666666666667 0.6 0.6 4.8 21.3 12.7 11.3 0 3.2 44.4 14.9 75 120 3.3 -5.5
"27" "27" 2006-12-20 26.15 "SEA" "" "DAL" "L" -8 0 19.25 0.595 0.6 14.7 15.1 14.9 7.2 0 0 14.5 16.9 117 122 5.2 -2.1
"28" "28" 2006-12-23 26.16 "SEA" "" "TOR" "W" 13 0 23.65 0.67 0.556 26.7 14.9 20.6 0 2.1 0 8.2 23.1 143 101 13.5 2.8
"29" "29" 2006-12-26 26.17 "SEA" "" "NOK" "W" 8 0 15.0833333333333 0.5 0.5 0 7.6 4.2 9.8 3.5 0 14.3 23 87 98 2.4 -7
"30" "30" 2006-12-28 26.17 "SEA" "@" "DEN" "L" -14 0 23.75 0.333 0.333 10.6 19.7 15.3 0 0 2.9 10 18 71 112 2 -13.1
"31" "31" 2006-12-29 26.18 "SEA" "@" "MIN" "L" -19 0 26.65 0.463 0.333 3.3 27.7 13.4 0 3.6 2.4 18.8 17.2 81 94 6.2 -2.4
"32" "32" 2006-12-31 26.18 "SEA" "" "BOS" "W" 6 0 13.8333333333333 0.143 0.143 0 15.4 9.1 9.5 0 0 0 24.1 40 103 -1.6 -18.5
"33" "33" 2007-01-02 26.19 "SEA" "@" "DAL" "L" -24 0 24.6666666666667 0.6 0.6 8.6 22.6 15.5 7.4 0 3.4 16.7 12.6 114 130 6.2 -1.6
"34" "34" 2007-01-03 26.19 "SEA" "@" "HOU" "L" -7 0 19.6666666666667 0.543 0.5 7.6 35.7 23.4 0 0 3.6 0 17.3 116 114 6.4 -2.5
"35" "35" 2007-01-05 26.19 "SEA" "" "NYK" "L" -18 0 21.6 0.8 0.8 0 35.1 16.7 0 0 3.6 0 11 161 125 7 -1.4
"36" "36" 2007-01-06 26.2 "SEA" "@" "GSW" "L" -4 1 26.7833333333333 0.429 0.429 9 28.7 19.9 11.3 0 5.8 12.5 13.3 99 107 6.3 -2.6
"37" "37" 2007-01-09 26.21 "SEA" "@" "PHO" "L" -11 1 43.8 0.66 0.667 17.2 39.6 26.5 15.2 3.4 1.7 4.4 22.6 140 111 33.8 12.5
"38" "38" 2007-01-10 26.21 "SEA" "" "MIA" "L" -4 1 38.1666666666667 0.706 0.714 9.2 21 14.7 8.8 1.4 0 11.8 20.1 128 120 16.7 2.4
"39" "39" 2007-01-12 26.21 "SEA" "" "UTA" "W" 8 1 49.2666666666667 0.868 0.8 12.5 21 16.6 0 1.1 2.9 0 13.3 188 111 27.9 7.7
"40" "40" 2007-01-16 26.22 "SEA" "" "CLE" "W" 5 1 29.8666666666667 0.601 0.444 23.5 21.9 22.7 0 0 0 14.7 20.5 125 108 11.3 -1.9
"41" "41" 2007-01-19 26.23 "SEA" "" "MIL" "W" 27 1 33.4833333333333 0.523 0.5 15.1 31.3 24.7 0 3.2 3.9 24.3 21.7 90 67 12 -1.5
"42" "42" 2007-01-23 26.24 "SEA" "" "DEN" "L" -5 1 31.8666666666667 0.692 0.692 15.4 21.5 18.6 9.3 1.6 0 0 17.7 153 120 17.9 4.7
"43" "43" 2007-01-26 26.25 "SEA" "" "MIN" "W" 2 1 41.65 0.589 0.545 15.4 18.7 16.9 6.8 2.6 3.7 14.4 15.2 122 109 16.3 0.6
"44" "44" 2007-01-28 26.26 "SEA" "" "LAC" "L" -22 1 19.1666666666667 0.483 0.375 14.2 19.3 16.3 14.3 0 0 9.7 24 103 107 5.7 -1.3
"45" "45" 2007-01-30 26.26 "SEA" "@" "DAL" "L" -20 1 28.0666666666667 0.663 0.6 15.9 23.8 19.5 0 0 3.2 8.1 19.6 142 140 12.8 -2
"46" "46" 2007-01-31 26.27 "SEA" "@" "HOU" "L" -10 1 45.6833333333333 0.629 0.632 11.7 35 23.8 3.2 0 2 0 20.4 131 123 23.4 2.1
"47" "47" 2007-02-02 26.27 "SEA" "" "CHI" "L" -6 1 42.2833333333333 0.716 0.7 7.7 29.2 17.2 3.9 1.1 3.3 6.7 15.2 139 106 19.1 3.2
"48" "48" 2007-02-05 26.28 "SEA" "@" "WAS" "L" -10 1 34.8666666666667 0.5 0.5 0 12.8 7 18.1 1.5 0 9.1 13.8 115 126 7.7 -1.7
"49" "49" 2007-02-07 26.28 "SEA" "@" "IND" "W" 1 1 37.7833333333333 0.5 0.5 3.5 22 14.4 10 0 1.9 25 9.7 93 105 5.2 -3.7
"50" "50" 2007-02-10 26.29 "SEA" "" "SAC" "L" -21 1 28.5333333333333 0.788 0.75 4.3 21.6 12.9 0 0 0 10.1 15.6 136 122 10.4 -0.3
"51" "51" 2007-02-11 26.3 "SEA" "@" "SAC" "W" 11 1 27.5833333333333 0.255 0.2 4.2 11.3 8 5.1 0 2.9 14.5 11.5 65 113 -0.5 -10.5
"52" "52" 2007-02-14 26.3 "SEA" "" "PHO" "W" 24 1 41.05 0.768 0.769 20.2 22.9 21.9 10.9 0 3.3 6.5 17 157 95 24.7 10.6
"53" "53" 2007-02-20 26.32 "SEA" "" "MEM" "W" 16 1 36.5333333333333 0.563 0.5 9.7 29.2 18.6 0 1.2 5.7 18.4 11.5 109 96 11.3 -3.4
"54" "54" 2007-02-23 26.33 "SEA" "@" "NOK" "L" -1 1 40.1166666666667 0.436 0.333 10.3 15.2 13.4 0 0 3.1 22.5 10.8 88 105 5.3 -3.1
"55" "55" 2007-02-24 26.33 "SEA" "@" "SAS" "L" -31 1 26.35 0.375 0.375 13 21.4 16.8 16.9 0 0 20 18.5 79 125 3.5 -6.9
"56" "56" 2007-02-26 26.34 "SEA" "" "POR" "W" 24 1 28.1666666666667 0.45 0.375 7.6 29.6 18.7 10.7 0 4.7 10.1 16.4 102 76 8 2.1
"57" "57" 2007-02-28 26.34 "SEA" "@" "LAC" "L" -5 1 37.3 0.5 0.5 18.4 23.1 20.9 4.4 1.5 0 14.3 9.2 116 112 7.3 -3.1
"58" "58" 2007-03-01 26.35 "SEA" "" "LAC" "W" 2 1 38.6 0.709 0.667 9.3 23.5 16.1 5.6 0 2.3 0 10.1 160 93 12.4 6.1
"59" "59" 2007-03-04 26.35 "SEA" "" "CHA" "W" 7 1 30.3166666666667 0.773 0.667 12.2 28.4 20.3 11.4 1.8 2.8 43.6 11.2 109 98 7.4 0
"60" "60" 2007-03-06 26.36 "SEA" "@" "NYK" "W" 1 1 38.4666666666667 1 1 7.8 9.9 8.9 10.3 2.9 0 50 5.3 128 115 5.8 -1.8
"61" "61" 2007-03-07 26.36 "SEA" "@" "PHI" "L" -3 1 35.25 0.461 0.375 19.1 13 16.3 4.4 1.5 0 0 12.1 127 104 10.4 -2
"62" "62" 2007-03-09 26.37 "SEA" "@" "BOS" "L" -15 1 39.4166666666667 0.618 0.583 15.2 10.7 13.2 3.9 0 2.2 6.8 16.9 137 135 14.2 -2
"63" "63" 2007-03-11 26.37 "SEA" "@" "TOR" "L" -1 1 31.4 0.466 0.5 7.2 13 9.8 4.1 0 0 13.4 10.2 102 120 2.2 -6.7
"64" "64" 2007-03-13 26.38 "SEA" "" "DET" "L" -4 1 29.3833333333333 0.425 0.4 13.6 25.5 19.2 5 0 0 40.5 15.6 69 115 0.2 -11.2
"65" "65" 2007-03-17 26.39 "SEA" "" "GSW" "L" -1 1 38.25 0.488 0.333 13.6 37.1 25.1 8.2 3.7 8.1 10.9 9.8 119 85 16.6 7.4
"66" "66" 2007-03-18 26.39 "SEA" "@" "POR" "W" 18 1 27.9 0.913 0.857 8.4 34.4 22 25 2.1 5.6 10.2 17.7 169 80 19.9 19
"67" "67" 2007-03-21 26.4 "SEA" "" "WAS" "L" -2 1 26.8 0.425 0.3 23.4 16.3 19.9 5.7 0 0 14.5 20.8 106 117 6.3 -7.8
"68" "68" 2007-03-23 26.41 "SEA" "" "MIN" "W" 3 1 18.6666666666667 0.315 0 9.9 31.4 19.4 9.2 3 0 17.4 15.6 80 91 2.5 -8.2
"69" "69" 2007-03-25 26.41 "SEA" "" "SAS" "L" -41 1 21.9666666666667 0.34 0.2 16 25.7 20.4 0 0 0 33.8 19.2 63 140 -0.4 -17.3
"70" "70" 2007-03-27 26.42 "SEA" "@" "MIN" "W" 8 1 24.05 0.429 0.429 16.2 17.1 16.6 6 0 0 0 13.3 119 117 3.6 -9.6
"71" "71" 2007-03-28 26.42 "SEA" "@" "DEN" "W" 3 1 42.6333333333333 0.735 0.7 3.9 26.5 18.3 0 1.2 1.6 8.4 13.3 133 100 16 2.4
"72" "72" 2007-03-30 26.42 "SEA" "" "MEM" "W" 27 1 32.5166666666667 0.652 0.625 21.7 26.5 24.3 9.2 1.6 4.2 5.6 25.8 141 98 22.4 4
"73" "73" 2007-04-01 26.43 "SEA" "" "DEN" "L" -11 1 37.2 0.444 0.444 3.5 4.3 3.9 4.2 0 2.4 25 14.7 75 132 0.7 -12
"74" "74" 2007-04-03 26.44 "SEA" "@" "SAS" "L" -19 1 26.4 0.41 0.333 9.8 14 11.5 5.4 0 0 21.5 18.2 82 136 2.1 -9.9
"75" "75" 2007-04-04 26.44 "SEA" "@" "NOK" "L" -9 1 40.7333333333333 0.739 0.714 7.7 9.3 8.4 4 0 3.9 28.7 12.3 112 112 8.2 -2.3
"76" "76" 2007-04-06 26.44 "SEA" "" "LAL" "L" -3 1 31.35 0.595 0.5 11.8 40.1 26.5 0 0 2.6 14.5 19.7 118 117 10.7 -5.4
"77" "77" 2007-04-07 26.45 "SEA" "@" "UTA" "W" 3 1 32.9166666666667 0.565 0.5 4.9 26.5 16.2 17.6 5.2 2.3 0 19.6 135 110 16.2 6
"78" "78" 2007-04-09 26.45 "SEA" "" "HOU" "L" -5 1 33.9666666666667 0.607 0.556 25.1 15.4 20.2 0 1.5 0 28.8 17.8 102 103 10.2 -1.7
"79" "79" 2007-04-11 26.46 "SEA" "@" "PHO" "L" -18 1 28.8166666666667 0.333 0.333 4.8 15.9 10.8 4.9 0 0 25 13.2 64 125 0 -10.7
"80" "80" 2007-04-14 26.47 "SEA" "@" "POR" "L" -6 1 26.3666666666667 0.455 0.444 17.2 25.3 20.5 0 0 0 9.2 18.2 106 124 6.7 -9.2
"81" "81" 2007-04-15 26.47 "SEA" "@" "LAL" "L" -11 1 14.05 0.333 0.333 11 23.8 18.5 0 4 5.4 0 10.4 95 114 2 -5.3
"82" "82" 2007-04-18 26.48 "SEA" "" "DAL" "L" -31 1 15 0.532 0 9.1 28.2 18.6 11 0 4.7 34.7 9.6 95 120 2.5 -3.1
"1" "1" 2007-10-31 27.01 "SEA" "@" "DEN" "L" -17 1 29.5333333333333 0.5 0.5 15.9 19.1 17.5 14.6 3 0 20 12.8 104 108 10.2 -0.9
"2" "2" 2007-11-01 27.02 "SEA" "" "PHO" "L" -7 1 32.3833333333333 0.5 0.5 5.9 16.8 11 4.2 1.4 2.9 11.1 10.8 99 99 7.5 -1.3
"3" "3" 2007-11-04 27.02 "SEA" "@" "LAC" "L" -14 1 22.9 0 0 9.1 34.2 22.1 10.7 4.1 3 25 14.6 31 99 0.9 -8.6
"4" "4" 2007-11-06 27.03 "SEA" "@" "SAC" "L" -6 0 27.9166666666667 0.773 0.667 21.5 8 14.5 0 0 2.8 11.4 13.5 154 113 11.2 0.4
"5" "5" 2007-11-07 27.03 "SEA" "" "MEM" "L" -7 0 25.2 0.25 0.25 16.9 14.4 15.5 5.4 1.9 5.6 20 17.1 68 105 1.9 -10.9
"6" "6" 2007-11-09 27.04 "SEA" "" "UTA" "L" -2 0 26.6 0.833 0.833 16.8 37 26.4 0 3.6 4.6 25 12.6 127 91 12.4 5.1
"7" "7" 2007-11-11 27.04 "SEA" "" "DET" "L" -4 0 27.8 0.528 0.455 3.6 10.8 7.2 6.1 3.5 0 7.5 20.6 106 106 9 0.1
"8" "8" 2007-11-13 27.05 "SEA" "@" "ORL" "L" -27 1 23.9833333333333 0.582 0.583 16.7 4.8 11.8 10.5 5.7 0 13.4 25 106 95 13.3 7.4
"9" "9" 2007-11-14 27.05 "SEA" "@" "MIA" "W" 9 0 28.0833333333333 0.514 0.429 9.8 30.2 21.9 10.7 1.8 3 18.6 17 105 91 8.1 -1.2
"10" "10" 2007-11-16 27.06 "SEA" "@" "ATL" "W" 3 1 35.7 0.5 0.5 10.6 40.6 25.3 8.4 0 0 0 12.9 124 110 9.4 -2.4
"11" "11" 2007-11-17 27.06 "SEA" "@" "CHA" "L" -16 1 28.9666666666667 0.085 0 0 14.7 6.8 6.4 3.4 9.7 25.4 11.5 19 97 0.6 -8
"12" "12" 2007-11-19 27.07 "SEA" "@" "MEM" "L" -17 0 19.05 0.583 0.556 5.9 12.6 9.1 0 2.6 7.1 0 20.2 135 119 8.4 0.7
"13" "13" 2007-11-23 27.08 "SEA" "" "NJN" "L" -5 1 30.1 0.872 0.833 4.7 16.8 11.1 17.7 0 0 22.5 13.4 140 109 11.4 5.6
"14" "14" 2007-11-25 27.08 "SEA" "" "SAS" "L" -15 0 15.1833333333333 0.5 0.5 0 17.6 9.3 20.1 7.4 5.2 0 20.2 111 117 6.1 5.2
"15" "15" 2007-11-27 27.09 "SEA" "@" "LAL" "L" -7 0 15.7 0.2 0.2 0 15.7 6.9 8.7 0 0 0 13.6 56 118 -0.2 -10.2
"16" "" 2007-11-28 27.09 "SEA" "" "ORL" "L" -16 NA NA NA NA NA NA NA NA NA NA NA NA NA NA NA NA
"17" "" 2007-11-30 27.1 "SEA" "" "IND" "W" 2 NA NA NA NA NA NA NA NA NA NA NA NA NA NA NA NA
"18" "" 2007-12-02 27.1 "SEA" "" "GSW" "L" -13 NA NA NA NA NA NA NA NA NA NA NA NA NA NA NA NA
"19" "16" 2007-12-05 27.11 "SEA" "" "LAC" "W" 7 0 35.95 0.634 0.583 3.5 42.7 25.8 15.6 1.4 2.1 12.3 20.3 116 83 17.3 6.3
"20" "17" 2007-12-07 27.12 "SEA" "" "MIL" "W" 6 0 28.55 0.888 0.8 9.3 18.3 14.8 12.8 0 0 22.8 13.6 145 106 11.1 4
"21" "18" 2007-12-09 27.12 "SEA" "@" "NOH" "L" -3 0 20.4833333333333 0.19 0.143 22.1 35.7 28.4 22.2 0 0 20.2 20.3 67 94 1.8 -9.2
"22" "19" 2007-12-11 27.13 "SEA" "@" "CHI" "L" -27 0 19.3666666666667 0.429 0.429 12.4 19.6 15.9 8.1 2.5 3.1 0 16.6 102 120 6.6 -2.3
"23" "20" 2007-12-12 27.13 "SEA" "@" "NYK" "W" 7 0 29.95 0.714 0.714 4.5 10.2 7.7 8.2 1.7 0 12.5 12.4 134 118 8.5 -0.8
"24" "21" 2007-12-14 27.13 "SEA" "@" "MIN" "W" 11 0 22.85 0.658 0.5 13.7 22.8 18.3 17.6 2.1 0 0 9.3 165 88 11.3 9.3
"25" "22" 2007-12-15 27.14 "SEA" "@" "UTA" "L" -21 1 34.0333333333333 0.424 0.444 6.1 31.8 16.5 0 1.5 4.1 17.5 14.9 73 98 6 -2.8
"26" "23" 2007-12-19 27.15 "SEA" "" "NOH" "L" -14 0 26.75 0.752 0.667 16.3 20.4 18.4 6.2 0 2.5 0 14.4 172 121 15.3 6.6
"27" "24" 2007-12-21 27.15 "SEA" "" "TOR" "W" 8 0 33.4666666666667 0.625 0.625 12.7 25.1 19.4 14.4 1.5 4.3 0 10.8 149 112 15 4
"28" "25" 2007-12-25 27.16 "SEA" "@" "POR" "L" -10 0 23.25 0.533 0.5 26.9 29 28.1 0 0 0 19.2 22.2 102 98 8.8 -2.7
"29" "26" 2007-12-27 27.17 "SEA" "" "BOS" "L" -8 0 18.9666666666667 0.333 0.333 26 9.6 16.5 7.9 0 3.8 14.3 17.3 93 120 3.6 -6.6
"30" "27" 2007-12-29 27.18 "SEA" "" "MIN" "W" 19 0 24.5666666666667 0.581 0.5 5.1 10.3 8.2 20.5 0 0 12.7 14.8 126 101 7.2 -1
"31" "28" 2007-12-31 27.18 "SEA" "" "PHI" "L" -8 1 36.7833333333333 0.545 0.5 8.7 29 17.7 4.5 1.5 0 6.8 18.4 118 109 12.6 -0.7
"32" "29" 2008-01-03 27.19 "SEA" "@" "PHO" "L" -8 0 27.9333333333333 0.375 0.375 21.1 26.7 23.6 9.9 1.8 0 0 11.5 117 103 8.6 0.2
"33" "30" 2008-01-06 27.2 "SEA" "@" "WAS" "L" -22 1 33.6 0.519 0.444 20.4 31.7 25.8 16.3 0 2 19.3 19.7 106 109 13.6 1
"34" "31" 2008-01-08 27.2 "SEA" "@" "CLE" "L" -16 1 31.6 0.167 0.167 17.3 29.1 23.4 10 0 0 45.5 15.3 45 98 0.4 -11.2
"35" "32" 2008-01-09 27.21 "SEA" "@" "NJN" "L" -11 1 25.4666666666667 0.738 0.7 24.1 33 28.2 9.1 0 2.9 14.1 24.3 137 106 17.9 8
"36" "33" 2008-01-11 27.21 "SEA" "" "DAL" "L" -20 1 30.6666666666667 0.631 0.636 6.8 16.7 11.8 27.6 0 2.2 14.4 21.9 109 105 12.6 6.2
"37" "34" 2008-01-14 27.22 "SEA" "" "LAL" "L" -2 1 38.5 0.644 0.625 19.3 30.3 24.8 3.8 1.3 3.4 13.9 23.6 122 107 23.1 4.2
"38" "35" 2008-01-16 27.22 "SEA" "@" "NOH" "L" -31 1 22.3833333333333 0.2 0.2 4.5 18.6 11.4 12.3 0 0 0 10 69 126 1.4 -9.7
"39" "36" 2008-01-18 27.23 "SEA" "@" "MEM" "L" -24 1 24.3666666666667 0.482 0.5 14.9 8.4 11.8 0 0 5.3 7.4 22.5 103 123 9 -3.7
"40" "37" 2008-01-19 27.23 "SEA" "@" "DAL" "L" -15 1 37.5166666666667 0.83 0.714 14.9 19.9 17.4 0 0 0 29.3 16.2 124 116 13.9 -0.5
"41" "38" 2008-01-21 27.24 "SEA" "@" "HOU" "L" -7 1 25.45 0.5 0.5 4.2 32.1 18.5 6.4 2 0 0 16.7 110 95 8.6 2.6
"42" "39" 2008-01-23 27.24 "SEA" "" "HOU" "L" -2 1 38.65 0.19 0.143 19.4 28.7 24.5 6.1 0 0 33.7 14.5 63 118 -0.3 -12.5
"43" "40" 2008-01-25 27.25 "SEA" "" "ATL" "L" -9 0 22.4833333333333 0.505 0.455 9.3 14.6 11.9 0 0 5.7 14.4 26.7 92 104 6.4 -5.1
"44" "41" 2008-01-27 27.25 "SEA" "" "SAC" "L" -2 0 20.95 0.644 0.667 25.5 25.5 25.5 7.8 0 0 20.5 10.1 130 111 6.1 -3.6
"45" "42" 2008-01-29 27.26 "SEA" "" "SAS" "W" 3 0 23.9166666666667 0.709 0.667 14 35.1 24.2 0 0 0 9.2 21.7 134 102 12.5 4.9
"46" "43" 2008-01-31 27.27 "SEA" "" "CLE" "W" 6 0 16.3833333333333 0.5 0.5 0 25.5 16.1 0 0 0 14.3 20.3 83 106 1.6 -13.8
"47" "44" 2008-02-02 27.27 "SEA" "" "NYK" "W" 1 0 23.6 0.699 0.667 16.3 41.7 27.4 7.9 0 0 23.7 16.1 116 99 8.3 -2.1
"48" "45" 2008-02-04 27.28 "SEA" "" "CHI" "L" -10 0 27.1 0.333 0.333 9.3 26.4 18.8 0 1.9 0 33.3 15.1 58 116 -0.3 -16.8
"49" "46" 2008-02-06 27.28 "SEA" "@" "SAC" "W" 13 0 30.9833333333333 0.514 0.4 8.9 10.2 9.7 9.2 0 0 13.7 21.5 103 98 8.4 -4.3
"50" "47" 2008-02-08 27.29 "SEA" "@" "PHO" "L" -4 0 23.8833333333333 0.709 0.667 19.3 28.7 23.9 6.1 0 2.8 20.5 16.4 127 101 12.2 5.2
"51" "48" 2008-02-13 27.3 "SEA" "" "UTA" "L" -19 0 19.3333333333333 0.654 0.667 5.9 19.6 12.4 8.8 0 3.6 0 15.4 140 120 7.4 2.8
"52" "49" 2008-02-19 27.32 "SEA" "" "MEM" "W" 7 0 22.1666666666667 0.685 0.714 21.1 20.4 20.7 6.9 0 2.7 31.3 24.9 103 98 9.6 -1.4
"53" "50" 2008-02-21 27.32 "SEA" "@" "POR" "L" -4 0 36.7833333333333 0.477 0.364 15.1 21.7 18.3 10.1 0 2.3 12.8 18.8 105 99 11.2 -0.2
"54" "51" 2008-02-22 27.33 "SEA" "" "POR" "W" 12 0 21.25 0.333 0.333 10.8 0 5.3 6.7 2.6 0 40 10.6 69 105 -0.2 -7.7
"55" "52" 2008-02-24 27.33 "SEA" "" "LAL" "L" -20 1 31.7166666666667 0.424 0.444 9.5 16.8 13 4.7 0 6.4 17.5 14.6 84 113 6.9 -4.1
"56" "53" 2008-02-26 27.34 "SEA" "@" "GSW" "L" -6 1 41.6333333333333 0.751 0.75 17.3 14.9 15.9 10 1.2 2.8 7 13.9 151 105 23.8 7.9
"57" "54" 2008-02-27 27.34 "SEA" "" "DEN" "L" -42 0 16.6 0.444 0.429 9.5 28.9 15.9 0 5.5 0 20.2 22.4 81 123 4.8 -5.4
"58" "55" 2008-02-29 27.35 "SEA" "" "MIA" "L" -10 0 31.45 0.524 0.545 18 19.8 19.1 12.3 0 1.9 8 18 110 108 11.1 -1.3
"59" "56" 2008-03-02 27.35 "SEA" "@" "MIN" "W" 3 0 33.45 0.554 0.5 9.6 20.7 16 8.8 0 1.9 13.7 21.1 110 109 10.3 -4.9
"60" "57" 2008-03-04 27.36 "SEA" "@" "DET" "L" -3 0 21.0833333333333 1 1 12.6 17.9 15.7 0 2.5 0 33.3 6.2 132 104 4.4 -0.5
"61" "58" 2008-03-05 27.36 "SEA" "@" "MIL" "L" -12 0 23.25 0.571 0.429 10.1 29.5 20.6 12.2 0 0 10.2 17.7 119 113 8.6 -2.7
"62" "59" 2008-03-07 27.36 "SEA" "@" "PHI" "L" -34 0 20.7 0.621 0.667 11.9 17.8 14.9 34.7 2.4 8.6 23.7 19.2 108 110 10 8.3
"63" "60" 2008-03-09 27.37 "SEA" "@" "TOR" "L" -8 0 31.8666666666667 0.667 0.667 9.7 21 16.3 9.7 1.5 2.1 18.2 15.5 113 114 11.2 -0.1
"64" "61" 2008-03-11 27.38 "SEA" "@" "IND" "L" -7 0 26.4 0.718 0.7 15.2 20.7 18.2 6.2 3.6 0 16.1 21.1 125 108 13.9 4.2
"65" "" 2008-03-12 27.38 "SEA" "@" "BOS" "L" -29 NA NA NA NA NA NA NA NA NA NA NA NA NA NA NA NA
"66" "62" 2008-03-14 27.38 "SEA" "" "MIN" "L" -5 0 20.6166666666667 0.5 0.5 28.4 18.9 23.9 6.3 0 0 0 16.3 134 124 7.1 -5.9
"67" "63" 2008-03-16 27.39 "SEA" "@" "DEN" "L" -52 0 22.2833333333333 0.19 0.143 14.1 30.8 20.2 9.8 0 6.2 11.3 14 69 142 3 -13.2
"68" "64" 2008-03-19 27.4 "SEA" "" "PHO" "L" -12 0 35.8 0.479 0.5 12.8 32.5 21.5 12.9 0 2.5 8.7 14.1 110 113 10.4 -1.6
"69" "65" 2008-03-21 27.4 "SEA" "@" "LAL" "L" -25 1 27.3 0.286 0.286 17.9 22.7 19.8 4.6 0 0 22.2 13.7 79 142 2.1 -13.7
"70" "66" 2008-03-22 27.41 "SEA" "@" "UTA" "L" -14 1 39.8833333333333 0.74 0.6 9.5 26.2 18.6 0 0 1.9 37.2 12.2 103 116 7.5 -4
"71" "67" 2008-03-24 27.41 "SEA" "" "POR" "W" 13 1 38.2666666666667 0.666 0.75 14.8 20.9 18.2 8.5 0 1.8 9.3 14.3 133 96 13.4 1.6
"72" "68" 2008-03-26 27.42 "SEA" "" "WAS" "L" -5 1 40.5333333333333 0.383 0.3 17.8 43.3 30.7 16.7 0 0 14.5 15 105 114 11.4 -2
"73" "69" 2008-03-28 27.42 "SEA" "" "CHA" "L" -3 1 36.3166666666667 0.551 0.5 8 27.1 18.4 4.2 1.5 0 8.4 15.4 112 106 9.9 -1.9
"74" "70" 2008-03-30 27.43 "SEA" "" "SAC" "L" -13 1 28.25 0.429 0.429 7.9 34 18.6 17.5 1.8 2.8 12.5 12.2 106 121 7 -1.4
"75" "71" 2008-04-02 27.44 "SEA" "" "LAC" "L" -18 1 32.9333333333333 0.44 0.364 15.9 36.4 25 0 0 0 12.8 19.7 95 103 8.6 -6.6
"76" "72" 2008-04-04 27.44 "SEA" "" "HOU" "L" -13 1 35.25 0.512 0.417 13.4 19 15.9 7.5 1.7 5 12 20.9 110 93 13.4 6.5
"77" "73" 2008-04-06 27.45 "SEA" "" "DEN" "W" 4 1 46.7166666666667 0.707 0.692 12.9 23.3 18.1 7.5 0 0 0 11.6 157 117 19.8 2.2
"78" "74" 2008-04-08 27.45 "SEA" "@" "DAL" "L" -16 1 29.55 0.486 0.4 0 22 9.4 0 0 0 8.1 19.9 92 116 4.9 -7.1
"79" "75" 2008-04-09 27.45 "SEA" "@" "HOU" "L" -23 1 38.1666666666667 0.508 0.429 7.7 45.7 23 0 1.4 5.4 11.3 10.7 103 109 10.6 -4.1
"80" "76" 2008-04-11 27.46 "SEA" "@" "SAS" "L" -21 1 35.9833333333333 0.35 0.364 7.7 31.2 18.9 5 1.4 0 14.9 17.5 70 97 5.8 -5.8
"81" "77" 2008-04-13 27.47 "SEA" "" "DAL" "W" 4 1 35.2 0.527 0.5 14.5 17.8 16.1 0 3 2 5.5 22.6 113 100 16.4 2.8
"82" "78" 2008-04-16 27.47 "SEA" "@" "GSW" "W" 5 1 32.4833333333333 0.615 0.615 21.6 16.2 18.3 0 1.4 4.5 7.1 17.7 130 112 16.6 -2.1
"1" "1" 2008-10-29 28.01 "OKC" "" "MIL" "L" -11 1 29.1166666666667 0.595 0.6 11.8 13.7 12.7 6.1 0 0 14.5 10.7 118 114 5.8 -3.2
"2" "2" 2008-11-01 28.02 "OKC" "@" "HOU" "L" -12 1 28.3333333333333 0.394 0.375 3.9 11.6 7.7 5.9 0 3 0 14.4 86 100 4 -3.9
"3" "3" 2008-11-02 28.02 "OKC" "" "MIN" "W" 3 1 31.45 0.563 0.5 22.3 11.4 17.3 9.9 5.3 4.7 10.1 13.7 132 90 16.6 9.8
"4" "4" 2008-11-05 28.03 "OKC" "" "BOS" "L" -13 1 24.55 0.167 0.167 3.9 21.7 12.3 6.7 0 5.9 0 10.9 55 102 0.5 -7.5
"5" "5" 2008-11-07 28.03 "OKC" "@" "UTA" "L" -7 1 25.0833333333333 0.515 0.333 8.7 20.7 14.2 11.6 2 3.2 34 10.4 95 107 4.4 -3.3
"6" "6" 2008-11-09 28.04 "OKC" "" "ATL" "L" -4 1 18.7666666666667 0.5 0.5 5.6 22.2 13.9 0 0 0 33.3 6.8 76 96 1.1 -6
"7" "7" 2008-11-10 28.04 "OKC" "@" "IND" "L" -8 1 31.75 0.506 0.5 8.7 18.9 13.1 5.3 3.1 0 21.6 17.3 91 106 8.1 -2.6
"8" "8" 2008-11-12 28.05 "OKC" "" "ORL" "L" -17 1 29.6833333333333 0.436 0.333 3.2 23.1 12.9 0 1.6 4.7 12.7 11 85 100 4.8 -3.2
"9" "9" 2008-11-14 28.05 "OKC" "@" "NYK" "L" -10 1 29.1333333333333 0.875 0.875 6.7 12.9 9.9 5.1 0 0 20 13.8 135 112 10.5 -0.4
"10" "10" 2008-11-15 28.05 "OKC" "@" "PHI" "L" -25 1 23.5166666666667 0.127 0 4 19.6 11.9 12 2.1 2.5 0 14.2 48 106 1.6 -8.1
"11" "11" 2008-11-17 28.06 "OKC" "" "HOU" "L" -11 1 24.6833333333333 0.5 0.5 4.1 10 6.7 6.5 0 0 20 9 94 117 2.2 -7.5
"12" "12" 2008-11-19 28.07 "OKC" "" "LAC" "L" -20 1 25.75 0.592 0.4 4.8 15.9 10.8 7.1 2 0 22.8 15.5 103 113 6.5 -3.7
"13" "13" 2008-11-21 28.07 "OKC" "" "NOH" "L" -25 1 25.3666666666667 0.687 0.556 13.8 45.1 29.6 0 0 0 20.5 25.5 115 107 12.6 2.8
"14" "14" 2008-11-22 28.07 "OKC" "@" "NOH" "L" -12 1 25.4666666666667 0.41 0.25 16.6 12.6 14.7 5.2 0 0 0 9.8 123 132 3.8 -7.2
"15" "15" 2008-11-25 28.08 "OKC" "" "PHO" "L" -1 1 21.4166666666667 0.595 0.6 15.6 14.5 15.1 7.7 5 4.3 14.5 14.1 117 103 7.8 -0.2
"16" "16" 2008-11-26 28.08 "OKC" "@" "CLE" "L" -35 1 20.7166666666667 0.667 0.667 19.7 8.6 15.7 0 0 3.8 0 6.6 154 131 6.1 -4.4
"17" "17" 2008-11-28 28.09 "OKC" "" "MIN" "L" -2 1 24.2833333333333 0.457 0.429 5.3 20.3 13 6 0 0 10.2 19.3 93 116 3.1 -10.7
"18" "18" 2008-11-29 28.09 "OKC" "@" "MEM" "W" 8 0 7.23333333333333 NA NA 0 0 0 0 0 0 NA 0 0 123 -0.4 -10.6
"19" "19" 2008-12-03 28.1 "OKC" "@" "CHA" "L" -6 0 15.85 0.532 0 0 17.8 9.6 0 0 19.2 51.5 12.2 53 107 1.1 -6.5
"20" "20" 2008-12-05 28.11 "OKC" "@" "ORL" "L" -9 0 4.35 0 0 0 49 24.3 0 0 0 0 10.2 0 96 -0.9 -20.9
"21" "21" 2008-12-06 28.11 "OKC" "@" "MIA" "L" -6 0 27.05 0.788 0.75 11.8 20.2 16 0 3.6 2.4 0 14.6 164 100 15.5 7.8
"22" "22" 2008-12-08 28.12 "OKC" "" "GSW" "L" -10 0 23.0833333333333 0.615 0.6 11.8 34.7 21.9 14.6 2 6.1 0 20.2 139 97 15.6 9.7
"23" "23" 2008-12-10 28.12 "OKC" "" "MEM" "L" -6 0 33.25 0.672 0.714 9.3 20.6 15.8 9.7 0 2.2 11.8 12.2 125 121 9 -2.2
"24" "24" 2008-12-13 28.13 "OKC" "@" "DAL" "L" -4 0 28.2833333333333 0.333 0.333 15.1 16.6 15.8 0 0 2.8 25 6.2 93 115 3.2 -7.4
"25" "25" 2008-12-14 28.13 "OKC" "@" "SAS" "L" -5 0 21.3 0.791 0.8 17.8 31.3 24.4 32.2 2.5 0 0 14.2 179 116 14.2 16
"26" "26" 2008-12-16 28.14 "OKC" "" "LAC" "L" -10 0 35.3833333333333 0.571 0.571 3 12.6 7.7 0 1.4 6.2 12.5 9.9 101 103 7.1 -4.4
"27" "27" 2008-12-19 28.15 "OKC" "" "TOR" "W" 8 1 26.35 1 1 7.6 23.6 16.1 0 0 2.6 37.5 13.1 108 87 7.7 0
"28" "28" 2008-12-21 28.15 "OKC" "" "CLE" "L" -11 1 27.6833333333333 1 1 8.9 20.4 14.3 6.6 2 0 16.7 10.1 160 117 11.4 6.9
"29" "" 2008-12-23 28.16 "OKC" "@" "ATL" "L" -11 NA NA NA NA NA NA NA NA NA NA NA NA NA NA NA NA
"30" "" 2008-12-26 28.17 "OKC" "@" "DET" "L" -2 NA NA NA NA NA NA NA NA NA NA NA NA NA NA NA NA
"31" "" 2008-12-27 28.17 "OKC" "@" "WAS" "L" -9 NA NA NA NA NA NA NA NA NA NA NA NA NA NA NA NA
"32" "29" 2008-12-29 28.18 "OKC" "" "PHO" "L" -8 0 4.6 NA NA 0 0 0 27.5 0 0 NA 0 213 127 -0.5 -8
"33" "" 2008-12-31 28.18 "OKC" "" "GSW" "W" 7 NA NA NA NA NA NA NA NA NA NA NA NA NA NA NA NA
"34" "" 2009-01-02 28.19 "OKC" "" "DEN" "L" -2 NA NA NA NA NA NA NA NA NA NA NA NA NA NA NA NA
"35" "" 2009-01-06 28.2 "OKC" "" "NYK" "W" 8 NA NA NA NA NA NA NA NA NA NA NA NA NA NA NA NA
"36" "30" 2009-01-07 28.2 "OKC" "@" "MIN" "L" -42 0 28.0666666666667 0.833 0.75 3.7 31.4 18 0 1.7 0 8.9 17.4 150 120 16 4
"37" "31" 2009-01-09 28.21 "OKC" "" "HOU" "L" -2 1 36.1666666666667 0.5 0.5 21 14.3 17.7 0 1.4 0 11.1 11 115 104 7.8 -2.3
"38" "32" 2009-01-10 28.21 "OKC" "@" "CHI" "W" 11 1 35.2666666666667 0.739 0.75 18.8 9.4 14.1 22.7 3 0 0 16.4 166 98 23.7 14.4
"39" "33" 2009-01-12 28.21 "OKC" "@" "NJN" "L" -4 1 26.25 0.68 0.6 0 18.4 10.4 0 0 0 33.8 15.4 86 103 1.8 -8.5
"40" "34" 2009-01-14 28.22 "OKC" "" "UTA" "W" 21 1 40.1333333333333 0.742 0.714 12.8 20.8 17.8 3.6 1.3 0 18.6 12.3 134 99 11.9 1.9
"41" "" 2009-01-16 28.22 "OKC" "" "DET" "W" 10 NA NA NA NA NA NA NA NA NA NA NA NA NA NA NA NA
"42" "35" 2009-01-18 28.23 "OKC" "" "MIA" "L" -10 1 23.8166666666667 1 1 11.9 10.6 11.2 0 0 6.3 25 7.9 146 110 7.1 0.9
"43" "36" 2009-01-21 28.24 "OKC" "@" "GSW" "W" 1 1 26.1333333333333 0.709 0.667 9.4 28.7 18.1 0 1.9 0 11.4 14 137 123 8.5 -3.8
"44" "37" 2009-01-23 28.24 "OKC" "@" "LAC" "L" -3 1 34.9833333333333 0.34 0.4 17.2 3.5 10.4 0 0 2.3 25.4 9.8 79 126 1 -11.9
"45" "38" 2009-01-26 28.25 "OKC" "" "NJN" "W" 9 1 24.2 0.761 0.714 12.9 19.4 16.4 29.6 4.3 5.8 0 14.5 170 82 17 18.5
"46" "39" 2009-01-28 28.26 "OKC" "" "MEM" "W" 12 1 27.8166666666667 0.84 1 8.9 31.8 20.2 0 1.9 3 0 8 173 98 9.5 0.4
"47" "40" 2009-01-30 28.26 "OKC" "@" "UTA" "L" -20 1 22.55 0.752 0.75 23.7 26 24.9 0 0 0 27.3 14.7 120 118 7.1 -0.7
"48" "41" 2009-02-01 28.27 "OKC" "@" "SAC" "L" -4 1 33.25 0.5 0.5 17 30.5 23.7 9.7 0 0 23.1 16.6 101 115 8 -5.6
"49" "42" 2009-02-04 28.28 "OKC" "" "DEN" "L" -1 1 25.2833333333333 0.619 0.625 25.9 9.3 17.9 0 0 2.3 25.3 19.8 108 121 8.7 -5.3
"50" "43" 2009-02-06 28.28 "OKC" "" "POR" "W" 9 1 34.4166666666667 0.746 0.636 14.3 30.6 22.7 4.6 0 2.2 0 19.1 165 101 21.4 8.7
"51" "44" 2009-02-08 28.29 "OKC" "" "SAC" "W" 3 1 26.0833333333333 0.928 1 14.2 15.3 14.7 5.1 0 3 0 13.9 194 124 16.3 6.7
"52" "45" 2009-02-10 28.29 "OKC" "@" "LAL" "L" -7 1 19.9166666666667 0.333 0.333 0 18.5 9.5 0 0 0 0 6.4 68 106 -0.1 -11
"53" "46" 2009-02-11 28.3 "OKC" "@" "POR" "L" -14 1 16.8833333333333 0.694 0.5 6.2 7.7 6.9 0 3.2 0 41 13 88 117 1.4 -10.8
"54" "47" 2009-02-17 28.31 "OKC" "" "NOH" "L" -2 1 27.4833333333333 0.129 0 7.3 27.6 16.2 0 0 0 20.5 8.1 49 113 -0.1 -11.8
"55" "48" 2009-02-20 28.32 "OKC" "@" "PHO" "L" -22 0 24.4166666666667 0.612 0.636 20.1 15.5 18.1 6.5 0 2.8 8 19.1 129 136 11.9 -0.9
"56" "49" 2009-02-21 28.32 "OKC" "@" "GSW" "L" -13 0 34.8666666666667 0.436 0.5 17.2 26.6 21.3 6.7 2.6 2.3 12.7 8.9 110 123 9.8 -3
"57" "50" 2009-02-24 28.33 "OKC" "" "LAL" "L" -14 0 19.9833333333333 0.84 1 6.2 13.3 9.6 0 0 0 29.6 15.1 110 118 5.2 -1.7
"58" "51" 2009-02-27 28.34 "OKC" "@" "DAL" "L" -2 0 25.7 0.375 0.375 11 8.6 9.9 12.6 0 0 0 13.7 109 117 3.7 -7.2
"59" "52" 2009-02-28 28.34 "OKC" "@" "MEM" "W" 7 0 29.4833333333333 0.444 0.444 16.6 17.6 17 18.4 1.8 2.5 0 13.3 123 99 10.2 1.5
"60" "53" 2009-03-02 28.35 "OKC" "" "DAL" "W" 9 1 31.9166666666667 0.333 0.333 16.7 19.3 18 4.1 1.7 5.4 40 7.3 83 96 4.1 -3.7
"61" "54" 2009-03-04 28.35 "OKC" "" "WAS" "W" 5 1 34.9333333333333 1.02 1 22.2 17.2 19.4 4.6 1.7 2.1 40.5 14.2 120 101 13.1 2
"62" "55" 2009-03-07 28.36 "OKC" "@" "NOH" "L" -18 1 28.7833333333333 0.532 0.5 6.8 30.3 16.3 5.3 0 2.7 0 5.9 134 119 5.6 -5.2
"63" "56" 2009-03-08 28.36 "OKC" "" "PHI" "W" 15 1 33.4166666666667 0.564 0.375 12.7 28.7 21.4 0 3.2 2.5 27.3 21 95 78 10 -1.2
"64" "" 2009-03-10 28.37 "OKC" "@" "SAC" "W" 1 NA NA NA NA NA NA NA NA NA NA NA NA NA NA NA NA
"65" "" 2009-03-11 28.37 "OKC" "@" "DEN" "L" -13 NA NA NA NA NA NA NA NA NA NA NA NA NA NA NA NA
"66" "57" 2009-03-14 28.38 "OKC" "@" "PHO" "L" -11 0 22.45 0.333 0.333 5.8 5.1 5.4 0 2.3 7.1 25 15.6 60 113 -0.4 -10.9
"67" "58" 2009-03-16 28.39 "OKC" "" "SAS" "W" 2 0 26.6166666666667 0.82 0.75 7.4 36.1 20.3 0 2 3 29.1 12.3 118 79 7.9 0.5
"68" "59" 2009-03-18 28.39 "OKC" "" "CHI" "L" -7 0 26.4666666666667 0.667 0.667 33.7 28.3 31.4 0 4 0 0 15.4 157 106 15.6 6.1
"69" "60" 2009-03-20 28.4 "OKC" "" "UTA" "L" -7 0 25.3333333333333 0.799 0.833 17.2 26.4 21.8 0 0 2.5 0 11.8 167 106 12.5 6
"70" "61" 2009-03-22 28.4 "OKC" "@" "MIN" "W" 7 0 26.6 0.317 0.286 4 19.2 11.8 5.4 2 0 20.2 17.2 63 98 1.2 -12
"71" "62" 2009-03-24 28.41 "OKC" "" "LAL" "L" -18 0 30.3666666666667 0.714 0.714 11 18.4 14.7 6.1 1.7 0 0 10.1 150 112 11.2 1.6
"72" "63" 2009-03-27 28.42 "OKC" "@" "TOR" "L" -16 0 27.5666666666667 0.788 0.75 3.6 24.9 13.4 18 0 0 0 21.5 159 116 19.7 10.8
"73" "64" 2009-03-29 28.42 "OKC" "@" "BOS" "L" -19 0 26.1666666666667 0.228 0.143 8.3 18.3 13.1 6.5 0 3.1 10.2 16.8 60 117 0.5 -12.5
"74" "65" 2009-03-31 28.43 "OKC" "@" "SAS" "W" 1 0 17.4333333333333 0.333 0.333 7.6 34.4 21.7 0 0 0 25 11.6 66 109 -0.5 -15.1
"75" "66" 2009-04-03 28.44 "OKC" "" "POR" "L" -35 0 21.8833333333333 0.333 0.333 9.7 10 9.9 9.7 0 0 0 13.9 87 130 2.1 -9.5
"76" "67" 2009-04-05 28.44 "OKC" "" "IND" "L" -18 0 30.35 0.631 0.636 6.2 16.2 10.5 10.9 4.6 2.3 7.8 17.5 122 107 14.4 3.9
"77" "68" 2009-04-07 28.45 "OKC" "" "SAS" "L" -10 0 22.6666666666667 0.515 0.5 5.2 24.1 14.9 7.7 0 0 0 17.3 116 115 5.9 -3.5
"78" "69" 2009-04-08 28.45 "OKC" "@" "DEN" "L" -10 0 16.3833333333333 0.5 0.5 27.3 7.9 18.3 9.1 6 0 0 15.3 133 119 6.8 -0.3
"79" "" 2009-04-10 28.45 "OKC" "" "CHA" "W" 3 NA NA NA NA NA NA NA NA NA NA NA NA NA NA NA NA
"80" "" 2009-04-11 28.46 "OKC" "@" "MIL" "L" -17 NA NA NA NA NA NA NA NA NA NA NA NA NA NA NA NA
"81" "70" 2009-04-13 28.46 "OKC" "@" "POR" "L" -30 0 20.1166666666667 0.5 0.5 9.5 17.9 13.3 20.3 5.1 9.8 0 18.8 113 108 11 10.3
"82" "71" 2009-04-15 28.47 "OKC" "@" "LAC" "W" 41 0 25.2166666666667 0.612 0.615 4.9 22.7 14.1 23.2 7.5 0 0 22.8 135 75 18.1 11
"1" "1" 2009-10-28 29.01 "OKC" "" "SAC" "W" 13 0 15.5833333333333 0.347 0 0 7.2 3.9 0 3.5 0 0 9.2 83 99 0.7 -7.1
"2" "2" 2009-10-30 29.01 "OKC" "@" "DET" "W" 8 0 16 0.8 0.8 34.9 20 27.3 0 0 0 0 15 170 95 8.9 6.1
"3" "3" 2009-11-01 29.02 "OKC" "" "POR" "L" -9 0 16.6833333333333 0 0 6.5 8.2 7.3 0 0 6 0 2.9 48 106 0.2 -4.9
"4" "4" 2009-11-03 29.02 "OKC" "" "LAL" "L" -3 0 16.1833333333333 0 0 15.6 10.6 13.5 0 0 10.6 75 11.2 24 101 -1.4 -13.6
"5" "5" 2009-11-06 29.03 "OKC" "@" "HOU" "L" -11 0 21.6333333333333 0.654 0.667 10.3 36 22.2 0 2.3 7.2 0 13.6 141 101 10.4 7
"6" "6" 2009-11-08 29.04 "OKC" "" "ORL" "W" 28 0 17.9166666666667 1 1 0 21.4 14.3 14.4 0 0 0 2.9 211 86 3.1 5.4
"7" "7" 2009-11-10 29.04 "OKC" "@" "SAC" "L" -3 0 15.75 0.75 0.75 0 0 0 0 0 0 42.9 19.7 72 115 -0.2 -14
"8" "8" 2009-11-11 29.04 "OKC" "@" "LAC" "W" 4 0 27.1666666666667 0.667 0.667 8.6 3.7 6 11.2 0 6.1 25 6.9 119 98 5 0.6
"9" "9" 2009-11-14 29.05 "OKC" "@" "SAS" "W" 3 0 12.8833333333333 1 1 9.3 9.8 9.6 0 0 12.2 25 14.1 140 102 6.1 8.5
"10" "10" 2009-11-15 29.05 "OKC" "" "LAC" "L" -8 0 27.1666666666667 0.667 0.667 7.4 21 13.7 0 2 0 0 4.8 155 110 4.2 -3.6
"11" "11" 2009-11-17 29.06 "OKC" "@" "MIA" "W" 13 0 23.8833333333333 0.791 0.8 16.7 14.7 15.7 0 0 0 0 13 171 104 8.7 0.7
"12" "12" 2009-11-18 29.06 "OKC" "@" "ORL" "L" -14 0 17.55 0.2 0.2 12.7 11.9 12.3 0 0 0 0 13 65 118 0.1 -12.6
"13" "13" 2009-11-20 29.07 "OKC" "" "WAS" "W" 19 0 2.35 NA NA 0 0 0 0 0 0 NA 0 0 119 -0.4 -12.7
"14" "" 2009-11-22 29.07 "OKC" "@" "LAL" "L" -16 NA NA NA NA NA NA NA NA NA NA NA NA NA NA NA NA
"15" "" 2009-11-24 29.08 "OKC" "@" "UTA" "W" 10 NA NA NA NA NA NA NA NA NA NA NA NA NA NA NA NA
"16" "" 2009-11-27 29.09 "OKC" "" "MIL" "W" 18 NA NA NA NA NA NA NA NA NA NA NA NA NA NA NA NA
"17" "" 2009-11-29 29.09 "OKC" "" "HOU" "L" -9 NA NA NA NA NA NA NA NA NA NA NA NA NA NA NA NA
"18" "14" 2009-12-02 29.1 "OKC" "" "PHI" "W" 11 0 20.7166666666667 0.911 0.889 29 14.5 22.5 0 2.6 4.5 0 21 195 118 19.9 15.6
"19" "15" 2009-12-04 29.11 "OKC" "" "BOS" "L" -18 1 11.1833333333333 0.5 0.5 11.6 0 6.1 0 0 8.3 0 9 120 121 0.8 -6.9
"20" "16" 2009-12-07 29.12 "OKC" "" "GSW" "W" 16 0 27.7666666666667 0.735 0.8 7.1 15.4 11 12.3 1.7 0 26.9 11 111 89 6.7 0.4
"21" "17" 2009-12-11 29.13 "OKC" "@" "MEM" "W" 8 0 17.6166666666667 0.5 0.5 24.8 15.1 19.5 9.7 3 3.7 11.1 22.8 112 96 7.5 0.2
"22" "18" 2009-12-13 29.13 "OKC" "" "CLE" "L" -13 0 17.0166666666667 0.852 NA 0 13.8 7.2 9.4 0 0 36.2 8 121 117 1.7 -3.1
"23" "19" 2009-12-14 29.13 "OKC" "@" "DEN" "L" -9 0 27 0.717 0.625 0 20.7 11 0 1.9 0 0 15.4 153 105 11.7 5.2
"24" "20" 2009-12-16 29.14 "OKC" "" "DAL" "L" -14 0 22.9166666666667 0.515 0.5 13.1 17 14.8 0 2.4 3.5 11.4 17.5 106 109 6.7 -1.3
"25" "21" 2009-12-18 29.15 "OKC" "" "DET" "W" 11 0 25.8333333333333 0.667 0.667 14.7 18.6 16.7 5.6 4.4 0 0 5.5 169 109 7.9 1.3
"26" "22" 2009-12-19 29.15 "OKC" "@" "HOU" "L" -5 0 17.65 1.064 1 13.6 5.2 8.9 0 0 4.1 34.7 8 147 112 3.1 -3.5
"27" "23" 2009-12-22 29.16 "OKC" "@" "LAL" "L" -3 0 12.3666666666667 0.266 0 0 9.7 4.5 0 0 0 0 6.4 64 119 -2.2 -16
"28" "24" 2009-12-23 29.16 "OKC" "@" "PHO" "W" 4 0 19.8833333333333 0.51 0.6 15.7 12.1 14 0 0 0 0 12.2 124 118 3.2 -5.6
"29" "25" 2009-12-26 29.17 "OKC" "" "CHA" "W" 7 0 25.9333333333333 0.589 0.6 14.6 20.1 17.6 0 0 2.9 20.7 17.1 106 100 6.2 -3.4
"30" "26" 2009-12-28 29.17 "OKC" "@" "NJN" "W" 16 0 29.2833333333333 0.739 0.714 17.3 25.9 21.6 0 0 2.5 0 11.4 164 100 12.2 2.8
"31" "27" 2009-12-29 29.18 "OKC" "@" "WAS" "W" 12 0 27.5833333333333 1.031 1 5.6 10.4 8.6 0 0 2.4 0 6.7 215 109 7.8 0.5
"32" "28" 2009-12-31 29.18 "OKC" "" "UTA" "W" 1 0 32.8666666666667 0.72 0.8 3.9 14.6 10.1 5 1.6 1.8 11.6 12 127 92 11.1 6.4
"33" "29" 2010-01-02 29.19 "OKC" "@" "MIL" "L" -6 0 30.9166666666667 0.694 0.5 11.4 11.8 11.7 5.3 0 1.9 14.8 10.3 137 106 8.1 -0.3
"34" "30" 2010-01-04 29.19 "OKC" "@" "CHI" "W" 13 0 30.1333333333333 0 0 15.9 10.6 12.7 4 3.5 1.8 33.3 4.5 77 92 5 0.5
"35" "31" 2010-01-06 29.2 "OKC" "" "NOH" "L" -5 0 18.1333333333333 0 0 12.3 36.8 23.5 15.1 0 0 50 10.6 49 116 -0.3 -10.3
"36" "32" 2010-01-09 29.21 "OKC" "" "IND" "W" 6 0 23.4833333333333 0.694 0.75 0 28.1 15.9 6.4 2 9.4 25.8 14.5 101 89 7.9 4.4
"37" "33" 2010-01-11 29.21 "OKC" "" "NYK" "W" 18 0 23.15 0.643 0.6 0 24.9 13.4 6 2.1 3.4 26.9 13.7 98 87 5.7 -0.6
"38" "34" 2010-01-13 29.22 "OKC" "" "SAS" "L" -1 0 22.8 0.68 0.6 31 9.3 19.6 6.8 0 3.2 14.5 13.7 143 112 9.3 3.8
"39" "35" 2010-01-15 29.22 "OKC" "@" "DAL" "L" -1 0 23.8333333333333 0.635 0.571 25.8 25.2 25.5 7.8 0 3.6 11.3 16 136 105 10.9 5.4
"40" "36" 2010-01-16 29.22 "OKC" "" "MIA" "W" 18 0 18.4833333333333 0 0 8.7 21.6 16.6 0 5.7 3.5 25 10 19 73 -0.1 -5.4
"41" "" 2010-01-18 29.23 "OKC" "@" "ATL" "W" 3 NA NA NA NA NA NA NA NA NA NA NA NA NA NA NA NA
"42" "" 2010-01-20 29.24 "OKC" "@" "MIN" "W" 2 NA NA NA NA NA NA NA NA NA NA NA NA NA NA NA NA
"43" "37" 2010-01-22 29.24 "OKC" "@" "MEM" "L" -2 0 17.9 0 0 6.1 24.4 15.2 0 0 0 50 10.4 14 96 -3.5 -17.4
"44" "38" 2010-01-23 29.24 "OKC" "@" "CLE" "L" -1 0 19.2333333333333 0.5 0.5 19.2 6.7 14 0 0 0 33.3 6.9 110 113 1.1 -9.7
"45" "39" 2010-01-27 29.25 "OKC" "" "CHI" "L" -10 0 21.25 0 0 0 10.5 4.9 7.3 2.4 6.2 0 4.2 25 100 1.9 -2.9
"46" "40" 2010-01-29 29.26 "OKC" "" "DEN" "W" 17 0 23.1333333333333 0.791 0.8 16.8 12.6 14.8 12.3 2.3 4.5 0 13.1 173 90 11.9 10.7
"47" "41" 2010-01-31 29.27 "OKC" "" "GSW" "W" 8 0 8.83333333333333 0 0 30.2 13.6 21.4 0 0 0 0 9.7 69 113 -0.5 -14.9
"48" "42" 2010-02-02 29.27 "OKC" "" "ATL" "W" 7 0 17.9833333333333 0.798 1 6.2 7.2 6.7 8.4 3.2 0 0 9.9 167 121 7.3 5.3
"49" "43" 2010-02-03 29.27 "OKC" "@" "NOH" "W" 4 0 29.7833333333333 0.6 0.6 5 30.2 20.1 8.7 3.5 0 16.7 9.8 114 99 9.1 3.5
"50" "44" 2010-02-06 29.28 "OKC" "@" "GSW" "W" 9 0 26.1 0.25 0.25 11.5 26.3 19 5.1 0 2.8 20 7.9 79 94 3.4 -5.3
"51" "45" 2010-02-09 29.29 "OKC" "@" "POR" "W" 12 0 28.35 1.042 1 0 19.2 9.6 0 3.8 0 25.8 6.7 147 85 7.1 2
"52" "46" 2010-02-16 29.31 "OKC" "" "DAL" "W" 13 0 29.7666666666667 0.8 0.8 10.3 17 14 0 0 6.7 16.7 9.3 137 89 10.3 3.7
"53" "47" 2010-02-20 29.32 "OKC" "@" "NYK" "W" 3 0 31.3833333333333 0.556 0.556 13.8 15.4 14.5 0 1.6 0 0 12.2 134 110 9.5 -0.4
"54" "48" 2010-02-21 29.32 "OKC" "@" "MIN" "W" 2 0 22.6666666666667 0.581 0.5 14.8 4.5 9.4 6.1 0 0 22.5 16.9 110 119 5.3 -6
"55" "49" 2010-02-23 29.33 "OKC" "" "PHO" "L" -2 0 18.2833333333333 0.667 0.667 12.2 28.4 19.7 16 0 4 25 9.7 122 109 4.4 -0.5
"56" "" 2010-02-24 29.33 "OKC" "@" "SAS" "L" -8 NA NA NA NA NA NA NA NA NA NA NA NA NA NA NA NA
"57" "50" 2010-02-26 29.34 "OKC" "" "MIN" "W" 17 0 21.7333333333333 0.833 0.833 17.4 12.7 14.7 0 2.3 0 33.3 18.2 106 96 7.6 -2.1
"58" "51" 2010-02-28 29.34 "OKC" "" "TOR" "W" 20 0 19.9333333333333 0.5 0.5 0 5.4 2.9 6.3 2.4 0 0 8.8 109 105 3.6 -1.4
"59" "52" 2010-03-02 29.35 "OKC" "" "SAC" "W" 6 0 21.5666666666667 0.51 0.6 21.7 19.6 20.8 6.7 0 0 14.5 14.2 114 123 5.1 -5.2
"60" "53" 2010-03-03 29.35 "OKC" "@" "DEN" "L" -29 0 7.75 0.25 0.25 12.1 0 6.6 0 6.2 0 0 20.4 72 117 0.5 -11.2
"61" "54" 2010-03-05 29.36 "OKC" "@" "LAC" "W" 17 0 18.5666666666667 0.174 0 11.8 18.5 15.5 7.2 2.7 8 25.8 9.2 68 84 1.9 -6.7
"62" "55" 2010-03-07 29.36 "OKC" "@" "SAC" "W" 6 0 23.7666666666667 0.667 0.667 10.1 21.3 15.5 0 2.2 2.8 40 9.1 91 108 3.4 -4.4
"63" "56" 2010-03-10 29.37 "OKC" "" "NOH" "W" 15 0 20.3 0.644 0.667 10.7 17.3 13.9 0 2.6 0 34 13.2 93 91 4.2 -2.5
"64" "57" 2010-03-12 29.38 "OKC" "" "NJN" "W" 2 0 21.0833333333333 0.625 0.625 25.3 24.2 24.7 8 2.5 0 0 17.5 147 107 12 6.2
"65" "58" 2010-03-14 29.38 "OKC" "" "UTA" "W" 8 0 20.5833333333333 0.667 0.667 7.8 25.9 17.7 0 0 4 25 18.6 100 119 4 -7.7
"66" "59" 2010-03-17 29.39 "OKC" "@" "CHA" "L" -8 0 25.35 0.768 0.75 4.4 23.7 13.7 0 0 2.7 9.3 19.8 137 108 11.3 3.1
"67" "60" 2010-03-19 29.39 "OKC" "@" "TOR" "W" 26 0 13.9166666666667 0.429 0.429 27.1 35.4 30.7 0 0 0 12.5 23.3 103 97 3.7 -10
"68" "61" 2010-03-21 29.4 "OKC" "@" "IND" "L" -20 0 16.4 0.444 0.429 25.5 7.1 16.8 0 3.1 0 0 20.4 116 127 5.4 -6.2
"69" "62" 2010-03-22 29.4 "OKC" "" "SAS" "L" -3 0 22.0166666666667 0.521 0.5 5.9 10.9 8.5 7.1 2.4 0 51 12.9 64 109 0.8 -5.9
"70" "63" 2010-03-24 29.41 "OKC" "" "HOU" "W" 18 0 22.1833333333333 0.615 0.5 7.2 36.1 25 5.1 0 0 0 10.3 144 106 7 -1.7
"71" "64" 2010-03-26 29.41 "OKC" "" "LAL" "W" 16 0 17.2833333333333 1 1 7.9 6 6.9 0 0 4.7 0 8.6 201 92 6.4 6.9
"72" "65" 2010-03-28 29.42 "OKC" "" "POR" "L" -5 0 18.6833333333333 0.82 0.75 7.1 26.4 17.1 0 0 7 17 15.6 141 105 7.9 7.4
"73" "66" 2010-03-30 29.42 "OKC" "@" "PHI" "W" 18 0 22.6333333333333 0.512 0.5 4.8 0 2.6 0 2.2 0 17 11.3 94 103 1.7 -9.8
"74" "67" 2010-03-31 29.43 "OKC" "@" "BOS" "W" 5 0 12.7666666666667 0.521 0.5 10.4 35.2 22.1 0 0 12.3 14.8 24.9 99 108 2.8 -8.9
"75" "68" 2010-04-03 29.44 "OKC" "@" "DAL" "W" 5 0 27.7333333333333 0.882 0.857 4.7 0 2.4 0 1.8 0 9.4 16.6 162 124 13.2 3.3
"76" "69" 2010-04-04 29.44 "OKC" "" "MIN" "W" 8 0 11.3666666666667 0.667 0.667 19.6 32.5 25.7 11.2 4.5 0 25 15.1 121 107 5.3 4.7
"77" "70" 2010-04-06 29.44 "OKC" "@" "UTA" "L" -1 0 20.6666666666667 0.902 0.833 12.8 11.2 11.9 6.4 0 0 0 7.9 200 134 7.6 2.3
"78" "71" 2010-04-07 29.45 "OKC" "" "DEN" "L" -4 0 28.9666666666667 0.622 0.571 14.7 18 16.4 0 0 5.1 9.4 16.4 126 103 11 1.7
"79" "72" 2010-04-09 29.45 "OKC" "" "PHO" "W" 5 1 16.7 0.25 0.25 12.2 7.6 10.1 0 0 0 20 12.8 63 107 -0.9 -13.5
"80" "73" 2010-04-11 29.46 "OKC" "@" "GSW" "L" -3 1 17.9666666666667 0.333 0.333 32.2 33.4 32.7 7.4 0 0 0 18.7 114 120 7.6 -4.1
"81" "74" 2010-04-12 29.46 "OKC" "@" "POR" "L" -8 1 20.4666666666667 1.042 1 0 0 0 0 0 3.6 25.8 9.6 150 122 3.1 -1.5
"82" "75" 2010-04-14 29.47 "OKC" "" "MEM" "W" 9 1 14.8166666666667 0.5 0.5 0 22.6 12 8.4 0 0 33.3 9.4 79 114 0.8 -6.7
"1" "" 2010-10-27 30 "OKC" "" "CHI" "W" 11 NA NA NA NA NA NA NA NA NA NA NA NA NA NA NA NA
"2" "" 2010-10-29 30.01 "OKC" "@" "DET" "W" 1 NA NA NA NA NA NA NA NA NA NA NA NA NA NA NA NA
"3" "" 2010-10-31 30.01 "OKC" "" "UTA" "L" -21 NA NA NA NA NA NA NA NA NA NA NA NA NA NA NA NA
"4" "" 2010-11-03 30.02 "OKC" "@" "LAC" "L" -15 NA NA NA NA NA NA NA NA NA NA NA NA NA NA NA NA
"5" "" 2010-11-04 30.02 "OKC" "@" "POR" "W" 1 NA NA NA NA NA NA NA NA NA NA NA NA NA NA NA NA
"6" "" 2010-11-07 30.03 "OKC" "" "BOS" "L" -9 NA NA NA NA NA NA NA NA NA NA NA NA NA NA NA NA
"7" "" 2010-11-10 30.04 "OKC" "" "PHI" "W" 6 NA NA NA NA NA NA NA NA NA NA NA NA NA NA NA NA
"8" "" 2010-11-12 30.05 "OKC" "" "POR" "W" 2 NA NA NA NA NA NA NA NA NA NA NA NA NA NA NA NA
"9" "1" 2010-11-14 30.05 "OKC" "" "SAS" "L" -13 0 11.0666666666667 0.5 0.5 11.7 19.7 16.1 0 4.3 0 50 15.9 60 111 0.9 -7.7
"10" "2" 2010-11-15 30.05 "OKC" "@" "UTA" "W" 7 0 18.7666666666667 0.667 0.667 14.2 20.7 17.5 0 0 0 0 7.5 162 127 3.8 -4
"11" "3" 2010-11-17 30.06 "OKC" "" "HOU" "W" 17 0 17.5666666666667 0.699 0.667 6.7 13 9.9 0 0 0 0 16.5 149 112 6.9 -0.8
"12" "4" 2010-11-19 30.07 "OKC" "@" "BOS" "W" 5 0 23.35 0.291 0.333 6 12.1 9.1 23.8 0 0 36.8 11.5 68 98 0.5 -2.3
"13" "5" 2010-11-20 30.07 "OKC" "@" "MIL" "W" 1 0 34.65 0.387 0.167 3.1 14.1 8.9 0 1.5 0 20.5 13.8 70 92 2.6 -6.3
"14" "6" 2010-11-22 30.07 "OKC" "" "MIN" "W" 10 0 17.1666666666667 0.667 0.667 16.9 12.7 14.5 0 2.8 3.9 25 10.6 114 105 3.8 -3.2
"15" "7" 2010-11-24 30.08 "OKC" "" "DAL" "L" -8 0 21.5666666666667 1 1 10.1 10.9 10.5 6.3 0 4.1 33.3 6.4 141 122 4.6 -0.5
"16" "8" 2010-11-26 30.08 "OKC" "@" "IND" "W" 4 0 9.41666666666667 0 0 20.8 0 10.6 0 0 8.3 0 14.1 46 105 -1.6 -17.6
"17" "9" 2010-11-28 30.09 "OKC" "@" "HOU" "L" -1 0 19.7 0.75 0.75 18.7 5.9 12.2 0 0 0 42.9 17.2 94 125 2.2 -10.4
"18" "10" 2010-11-29 30.09 "OKC" "" "NOH" "W" 6 0 18.1666666666667 0.643 0.6 16.9 5.9 11.5 0 0 3.9 15.5 15.1 123 99 6.8 2.4
"19" "11" 2010-12-01 30.1 "OKC" "@" "NJN" "W" 3 0 24.45 0.515 0.333 5.5 10.7 8.1 0 2.3 3.3 0 7.6 126 106 4.5 -1
"20" "12" 2010-12-03 30.1 "OKC" "@" "TOR" "L" -12 0 21.1666666666667 0.8 0.8 5.4 13.3 9 0 0 0 0 10.7 161 123 6.6 -3
"21" "" 2010-12-05 30.11 "OKC" "" "GSW" "W" 5 NA NA NA NA NA NA NA NA NA NA NA NA NA NA NA NA
"22" "13" 2010-12-06 30.11 "OKC" "@" "CHI" "L" -9 0 24.8666666666667 0 0 4 22.4 12.7 0 0 0 0 1.8 56 109 1.1 -5.5
"23" "14" 2010-12-08 30.12 "OKC" "@" "MIN" "W" 8 0 22.85 1 1 0 27.2 17.9 6.2 0 2.8 0 6.1 202 102 7 2
"24" "15" 2010-12-10 30.12 "OKC" "@" "NOH" "W" 5 0 19.1333333333333 0 0 0 19.8 10.6 0 2.7 8.4 50 4.9 0 92 0 -2.4
"25" "16" 2010-12-12 30.13 "OKC" "" "CLE" "W" 29 0 20.4 1 1 12.4 27.7 21.2 12.2 0 3.8 0 2.4 210 83 6.2 6
"26" "17" 2010-12-15 30.14 "OKC" "" "HOU" "W" 12 0 13.1666666666667 0.333 0.333 0 17.4 10.6 19.5 4 0 25 14.6 79 109 0.7 -5.8
"27" "18" 2010-12-17 30.14 "OKC" "" "SAC" "W" 15 0 22.35 0.732 0.833 15.3 25 20.2 7.6 2.4 3 10.9 18.2 134 90 12 8.1
"28" "19" 2010-12-19 30.15 "OKC" "" "PHO" "L" -3 0 29.5833333333333 0.839 0.8 15.5 24 18.8 8.1 1.7 2.7 15 19.8 147 118 18.4 7.6
"29" "20" 2010-12-21 30.15 "OKC" "@" "CHA" "W" 18 0 28.9666666666667 0.717 0.75 19.5 23.7 21.8 6.4 5.6 0 0 8.2 167 83 12.1 9.6
"30" "21" 2010-12-22 30.16 "OKC" "@" "NYK" "L" -14 0 17.25 0.532 0 0 0 0 7.3 0 4.3 34.7 6.6 88 119 -0.3 -9.6
"31" "22" 2010-12-25 30.16 "OKC" "" "DEN" "W" 8 0 12.7 0 0 9.7 23.6 16 9.4 0 0 0 10.9 49 121 -0.1 -11.8
"32" "23" 2010-12-27 30.17 "OKC" "" "DAL" "L" -10 0 16.9166666666667 NA NA 12.6 23 17.3 8.3 3 0 100 2.8 101 109 2.6 -2.4
"33" "24" 2010-12-29 30.18 "OKC" "" "NJN" "W" 21 0 20.15 0.683 0.667 6.6 43.3 24.2 6.7 2.4 0 0 16 145 91 10.8 6.1
"34" "25" 2010-12-31 30.18 "OKC" "" "ATL" "W" 9 0 26 0 0 4.9 23.1 14.2 4.7 0 0 25 7.3 35 107 -1 -9.5
"35" "26" 2011-01-01 30.18 "OKC" "@" "SAS" "L" -27 0 14.1333333333333 0 0 6.2 21.7 13.3 0 0 0 33.3 8.9 14 106 -0.8 -10.5
"36" "27" 2011-01-04 30.19 "OKC" "@" "MEM" "L" -5 0 22.7166666666667 0.667 0.667 6.4 21.1 14.5 6.1 2.2 2.7 0 6.3 147 110 5.8 2.9
"37" "28" 2011-01-06 30.2 "OKC" "@" "DAL" "W" 4 0 10.6333333333333 1 1 17.7 0 9.8 0 0 0 25 17.3 138 118 4.7 1.6
"38" "29" 2011-01-08 30.2 "OKC" "" "MEM" "W" 9 0 21.4 0.41 0.25 6.1 13.5 10.3 6.8 0 0 38.1 16 67 106 -1.5 -13.4
"39" "30" 2011-01-12 30.21 "OKC" "@" "HOU" "W" 6 0 22.0833333333333 0.615 0.5 12.1 4.5 7.8 5.6 0 2.8 0 9.6 157 120 5.5 -1.5
"40" "31" 2011-01-13 30.22 "OKC" "" "ORL" "W" 1 0 6.65 1 1 0 0 0 19.6 0 0 0 7 205 144 2.4 7.9
"41" "32" 2011-01-17 30.23 "OKC" "@" "LAL" "L" -7 0 22.1833333333333 0.8 0.8 15.8 10.8 13.4 22.9 2.4 0 0 10.2 174 111 9.9 9.1
"42" "33" 2011-01-19 30.23 "OKC" "@" "DEN" "L" -5 0 29.15 0.75 0.75 12 22.5 17.4 0 1.8 0 0 6.2 168 121 7.7 0.2
"43" "34" 2011-01-22 30.24 "OKC" "" "NYK" "W" 3 0 21.2333333333333 0.543 0 21.3 0 11.7 0 2.4 3.8 26.6 7.2 121 105 4.1 -2
"44" "35" 2011-01-24 30.25 "OKC" "@" "NOH" "L" -2 0 22.7666666666667 0.2 0.2 24.1 0 11.4 6.8 0 0 28.6 15.2 67 112 -0.8 -10.7
"45" "36" 2011-01-26 30.25 "OKC" "@" "MIN" "W" 1 0 19.7833333333333 0.532 0 0 5.3 2.8 6.4 2.5 6.7 0 4.2 138 109 3.9 1.7
"46" "37" 2011-01-28 30.26 "OKC" "" "WAS" "W" 7 0 34.35 1 1 15.7 12.3 13.8 0 1.6 0 33.3 4.1 147 108 6.6 -0.5
"47" "38" 2011-01-30 30.26 "OKC" "" "MIA" "L" -5 0 23.1166666666667 1 1 9.7 0 5 0 2.2 3.6 25 7.5 143 116 6 0.9
"48" "39" 2011-02-02 30.27 "OKC" "" "NOH" "W" 11 0 24.85 0.621 0.667 18.7 8.6 12.7 6.8 0 2.7 23.7 17.1 109 110 5.5 -3.9
"49" "40" 2011-02-04 30.28 "OKC" "@" "PHO" "W" 4 0 22.8666666666667 0.615 0.5 17 4.6 10.1 10.5 2.2 0 29.1 6.8 133 115 5.4 1.9
"50" "41" 2011-02-05 30.28 "OKC" "@" "UTA" "W" 16 0 15.8 0.225 0.25 0 8 4.3 7.6 3.5 0 0 14.3 61 117 0 -12.6
"51" "42" 2011-02-08 30.29 "OKC" "" "MEM" "L" -4 0 25.65 0.436 0.333 8.6 13.5 11 0 0 2.7 0 5.9 123 106 1.9 -3.7
"52" "43" 2011-02-12 30.3 "OKC" "@" "SAC" "W" 2 0 19.9833333333333 NA NA 5.5 5.9 5.7 12.6 2.5 3.3 NA 0 203 102 2.1 -0.1
"53" "44" 2011-02-13 30.3 "OKC" "@" "GSW" "L" -6 0 27.05 0.644 0.667 0 34.8 22.2 0 0 0 20.5 9.5 97 104 4.1 -2.8
"54" "45" 2011-02-15 30.31 "OKC" "" "SAC" "W" 30 0 15.2166666666667 0 0 8.5 11.9 10.5 14 0 4.2 0 5.5 84 99 0.4 -5.6
"55" "46" 2011-02-22 30.33 "OKC" "" "LAC" "W" 23 0 22.55 1.136 NA 0 6.5 3.1 5.8 4.7 0 53.2 4.1 122 94 2.8 0.2
"56" "47" 2011-02-23 30.33 "OKC" "@" "SAS" "L" -4 0 5.9 0 0 17.7 18.1 17.9 0 8.4 0 0 7.2 63 97 0.5 -4.2
"57" "48" 2011-02-25 30.33 "OKC" "@" "ORL" "L" -23 1 25.0833333333333 0.41 0.25 0 8.7 3.9 7.6 2.1 3.2 9.3 18.5 87 117 3.6 -3.4
"58" "49" 2011-02-27 30.34 "OKC" "" "LAL" "L" -3 1 31.5333333333333 0.512 0.5 15.6 8.5 12.2 9.8 1.8 0 0 7.3 141 109 7.2 1.3
"59" "50" 2011-03-02 30.35 "OKC" "" "IND" "W" 24 0 19.55 1 1 5.8 10.4 8.3 0 0 0 66.7 6.7 67 97 -0.6 -9.5
"60" "51" 2011-03-04 30.35 "OKC" "@" "ATL" "W" 7 0 27.25 1.025 1 9.5 14.3 11.9 5 2 2.7 17 10.1 173 114 10.5 4
"61" "52" 2011-03-06 30.36 "OKC" "" "PHO" "W" 4 0 28.3 0.854 0.833 8.7 25.7 17.9 12.6 1.7 0 23.7 13.8 134 107 11.5 3.8
"62" "53" 2011-03-07 30.36 "OKC" "@" "MEM" "L" -6 0 20.2166666666667 0.512 0.5 0 5.8 3.3 0 2.7 3.3 0 11.5 109 119 3.4 -2.3
"63" "54" 2011-03-09 30.37 "OKC" "@" "PHI" "W" 5 0 31.9833333333333 0.732 0.75 14.4 18.8 16.7 0 1.7 0 0 12.6 159 105 14.2 6
"64" "55" 2011-03-11 30.37 "OKC" "" "DET" "W" 10 0 25.8 0.714 0.714 5.5 9.8 7.8 7 2.2 0 0 14 150 116 9.7 1.9
"65" "56" 2011-03-13 30.38 "OKC" "@" "CLE" "W" 20 0 18.9 0.2 0.2 11.5 23.5 18.1 28.6 0 0 28.6 17.7 69 85 1.8 -8.6
"66" "57" 2011-03-14 30.38 "OKC" "@" "WAS" "W" 27 0 20.8 0.34 0.2 18.7 4.3 10.1 0 2.4 2.7 0 12.1 108 98 3.4 -8.3
"67" "58" 2011-03-16 30.39 "OKC" "@" "MIA" "W" 11 0 26.6666666666667 0.4 0.4 3.8 16.7 9.9 22.9 2 0 0 8.3 124 96 5.4 3.7
"68" "59" 2011-03-18 30.39 "OKC" "" "CHA" "W" 17 0 17 0 0 8.6 7.6 8.1 22.3 0 0 0 3 131 105 1.6 -1.9
"69" "60" 2011-03-20 30.4 "OKC" "" "TOR" "L" -2 0 25.25 0.868 1 4.5 16.9 10.9 14.5 2.1 0 0 5.5 183 103 7.5 5.5
"70" "61" 2011-03-23 30.41 "OKC" "" "UTA" "W" 12 0 20.8833333333333 0.725 1 7.7 19.7 14.1 0 0 0 0 6.7 158 114 3.7 -0.6
"71" "62" 2011-03-25 30.41 "OKC" "" "MIN" "W" 8 0 24.3666666666667 0.825 0.857 0 9.6 4.9 6.1 2 0 11.3 15.6 141 111 10.2 1.7
"72" "63" 2011-03-27 30.42 "OKC" "" "POR" "W" 9 0 23.4666666666667 0.667 0.667 0 25.6 12.8 0 0 3 25 8 98 105 2.7 -2.1
"73" "" 2011-03-29 30.42 "OKC" "" "GSW" "W" 1 NA NA NA NA NA NA NA NA NA NA NA NA NA NA NA NA
"74" "64" 2011-03-30 30.42 "OKC" "@" "PHO" "W" 18 0 25.2833333333333 0.5 0.5 5.4 9 7.4 5.1 0 2.9 33.3 16.6 78 115 1.1 -10
"75" "65" 2011-04-01 30.43 "OKC" "@" "POR" "L" -7 0 17.0333333333333 NA NA 0 32.8 17 8.8 0 0 100 2.8 38 118 -0.4 -7.4
"76" "66" 2011-04-02 30.43 "OKC" "@" "LAC" "L" -6 0 23.0666666666667 0.615 0.5 12.5 14.9 13.6 7.5 2.3 0 0 14 148 107 9.1 3.6
"77" "67" 2011-04-05 30.44 "OKC" "@" "DEN" "W" 7 0 17.8833333333333 1.025 1 12.2 22.8 17.7 36.2 2.7 3.8 0 6.2 210 89 9.9 17.8
"78" "68" 2011-04-06 30.44 "OKC" "" "LAC" "W" 4 0 22.7833333333333 0.75 0.75 8.4 25.1 16 12.2 2.2 0 33.3 10.6 110 109 6.5 0.7
"79" "69" 2011-04-08 30.45 "OKC" "" "DEN" "W" 15 0 30.4333333333333 0.347 0 30 0 14.7 0 0 0 25.8 5.7 126 115 3.6 -7
"80" "70" 2011-04-10 30.45 "OKC" "@" "LAL" "W" 14 0 19.75 0.868 1 16.8 17 16.9 13.8 2.6 3.7 41 11.9 126 111 6.2 5.1
"81" "71" 2011-04-11 30.46 "OKC" "@" "SAC" "W" 8 0 19.05 0.667 0.667 0 5.4 3.1 13.3 2.6 3.9 25 9.2 112 118 3.5 0.8
"82" "" 2011-04-13 30.46 "OKC" "" "MIL" "L" -4 NA NA NA NA NA NA NA NA NA NA NA NA NA NA NA NA
"1" "1" 2011-12-25 31.16 "OKC" "" "ORL" "W" 8 0 21.8166666666667 0.667 0.667 0 8.8 5 7.4 2.4 0 40 11.1 78 98 2.2 -3
"2" "2" 2011-12-26 31.17 "OKC" "@" "MIN" "W" 4 0 22.5333333333333 0.665 0.5 0 9.7 5.2 13 0 3.3 21 9.3 120 105 4.5 1.6
"3" "3" 2011-12-28 31.17 "OKC" "@" "MEM" "W" 3 0 13.1 1 1 0 0 0 14.5 0 5.2 50 7.1 98 114 0.5 -4.5
"4" "4" 2011-12-29 31.18 "OKC" "" "DAL" "W" 2 0 22.1333333333333 1 1 0 14.1 8.6 0 0 0 20 10.5 145 114 5.9 1.4
"5" "5" 2011-12-31 31.18 "OKC" "" "PHO" "W" 10 0 19.7 0.739 0.714 7.6 14.6 11.9 0 0 3.9 0 17.1 152 105 10 5.5
"6" "6" 2012-01-02 31.19 "OKC" "@" "DAL" "L" -13 0 12.3333333333333 NA NA 9.3 38.9 23.7 12.6 0 0 NA 0 214 112 1 -4.8
"7" "7" 2012-01-03 31.19 "OKC" "" "POR" "L" -10 0 23.1833333333333 0.6 0.6 13.8 30.3 21.7 13.9 2.3 0 0 10.1 144 111 9.6 5.7
"8" "8" 2012-01-06 31.2 "OKC" "" "HOU" "W" 15 0 24.0666666666667 0.58 0.667 10.8 4.7 7.6 11.7 2.2 0 11.4 17.1 117 106 7.1 0.1
"9" "9" 2012-01-07 31.2 "OKC" "@" "HOU" "W" 3 0 29.6333333333333 0.515 0.333 18 4 11.4 9.4 0 0 0 5.7 161 116 5.9 0.4
"10" "10" 2012-01-08 31.2 "OKC" "" "SAS" "W" 12 0 21.9833333333333 0.857 0.857 16.8 30 24.3 17.5 0 0 0 15 180 104 13.9 8.7
"11" "11" 2012-01-10 31.21 "OKC" "@" "MEM" "W" 5 0 22.3166666666667 0.798 1 15 13.7 14.3 20.3 2.4 0 34.7 6.1 143 105 6.6 7.4
"12" "12" 2012-01-11 31.21 "OKC" "@" "NOH" "W" 10 0 21.1166666666667 0.68 0.6 0 0 0 24.2 0 0 14.5 16.4 129 110 6 0.9
"13" "13" 2012-01-14 31.22 "OKC" "" "NYK" "W" 12 0 16.65 1 1 8.2 6.3 7.1 9.3 0 4.5 66.7 8.1 82 104 1.7 -2.5
"14" "14" 2012-01-16 31.22 "OKC" "@" "BOS" "W" 9 0 19.7 0.429 0.429 23.2 10.6 16.6 0 0 0 22.2 21.9 89 105 1.7 -11.6
"15" "15" 2012-01-18 31.23 "OKC" "@" "WAS" "L" -3 0 21.1166666666667 0.6 0.6 0 12.2 7.2 7.5 0 0 0 10.2 125 108 4.1 -1.5
"16" "16" 2012-01-21 31.24 "OKC" "@" "NJN" "W" 10 0 17.9333333333333 0.667 0.667 6.1 9.4 8 0 0 0 0 7.5 146 89 2.8 -2.2
"17" "17" 2012-01-23 31.24 "OKC" "" "DET" "W" 20 0 9.18333333333333 1 1 0 9.9 5.9 0 0 7.7 66.7 15.3 50 87 -0.1 -7.9
"18" "18" 2012-01-25 31.25 "OKC" "" "NOH" "W" 10 0 17.2666666666667 1.054 1 9.6 16.4 13.2 19.5 0 8.2 37.6 14.9 140 100 7.3 8.5
"19" "19" 2012-01-27 31.25 "OKC" "@" "GSW" "W" 11 0 25.4666666666667 0.577 0.667 13.1 17.1 15.2 14.8 0 3.2 16.1 9.3 123 107 7 3
"20" "20" 2012-01-30 31.26 "OKC" "@" "LAC" "L" -12 0 15.1833333333333 1.064 1 8.5 0 4.6 9.1 0 0 0 5.7 224 131 4.3 1.5
"21" "21" 2012-02-01 31.27 "OKC" "@" "DAL" "W" 9 0 20.8166666666667 0.644 0.667 18.8 4.6 11.6 0 4.9 0 20.5 10.3 122 93 6.2 1.7
"22" "22" 2012-02-03 31.27 "OKC" "" "MEM" "W" 7 0 20.0166666666667 0.568 NA 7.1 24 16.2 7.1 7.9 0 0 2.1 163 88 4.6 5.8
"23" "23" 2012-02-04 31.28 "OKC" "@" "SAS" "L" -11 0 18.9 NA NA 0 16.2 8.7 7.1 2.7 0 100 7.4 16 113 -2 -12.1
"24" "24" 2012-02-06 31.28 "OKC" "@" "POR" "W" 4 0 19.7666666666667 1.136 NA 6.4 14.4 10.9 6.2 2.7 0 53.2 4.1 128 104 2.7 -0.7
"25" "25" 2012-02-07 31.28 "OKC" "@" "GSW" "W" 3 0 21.55 1 1 18.1 20.9 19.4 10.7 2.3 0 0 2.1 219 119 5.1 2.5
"26" "26" 2012-02-09 31.29 "OKC" "@" "SAC" "L" -5 0 25.2833333333333 NA NA 9.3 8.4 8.8 15.4 0 2.4 100 3.4 85 115 0.8 -3.8
"27" "27" 2012-02-10 31.29 "OKC" "@" "UTA" "W" 14 0 17.4333333333333 1 1 0 26.2 14.1 0 3 0 33.3 8 120 92 3.4 1.6
"28" "28" 2012-02-14 31.3 "OKC" "" "UTA" "W" 26 0 22.8 0.521 0.5 5.7 11.7 9.3 5.3 2.3 0 0 5.7 137 96 2.9 -3.3
"29" "29" 2012-02-15 31.31 "OKC" "@" "HOU" "L" -1 0 29.0333333333333 0.8 0.8 4 14.7 9.6 11.3 3.4 2.4 28.6 10.3 118 96 9.7 7
"30" "30" 2012-02-17 31.31 "OKC" "" "GSW" "W" 23 0 23.1833333333333 0.4 0.4 28.6 14.3 19 5.9 0 0 16.7 11.8 108 98 4.6 -4
"31" "31" 2012-02-19 31.32 "OKC" "" "DEN" "W" 6 0 20.6666666666667 0.452 0 10.3 0 5.4 5.6 0 0 0 7.1 143 127 2.9 -4.9
"32" "" 2012-02-20 31.32 "OKC" "" "NOH" "W" 8 NA NA NA NA NA NA NA NA NA NA NA NA NA NA NA NA
"33" "" 2012-02-22 31.33 "OKC" "" "BOS" "W" 15 NA NA NA NA NA NA NA NA NA NA NA NA NA NA NA NA
"34" "" 2012-02-23 31.33 "OKC" "" "LAL" "W" 15 NA NA NA NA NA NA NA NA NA NA NA NA NA NA NA NA
"35" "32" 2012-02-29 31.35 "OKC" "@" "PHI" "W" 4 0 19.9833333333333 0 0 10.7 19.2 15.2 0 2.7 0 33.3 6.6 32 95 1.2 -4.6
"36" "33" 2012-03-01 31.35 "OKC" "@" "ORL" "W" 3 0 16.7666666666667 1 1 0 15.5 7.7 8.1 3.2 4.9 50 5.8 101 107 3.3 4.4
"37" "34" 2012-03-03 31.35 "OKC" "@" "ATL" "L" -7 0 25.2666666666667 0 0 4.7 4.6 4.7 6.3 0 2.8 57.1 12.5 16 112 -4.5 -13.4
"38" "35" 2012-03-05 31.36 "OKC" "" "DAL" "W" 4 0 23.55 0.5 0.5 9.9 20.4 15.1 0 0 0 0 3.9 139 107 2.4 -3.3
"39" "36" 2012-03-07 31.36 "OKC" "" "PHO" "W" 11 0 16.2 0 0 6.3 6.6 6.4 7.4 3 4.6 50 10 29 106 -0.4 -7.4
"40" "37" 2012-03-09 31.37 "OKC" "" "CLE" "L" -6 0 20.0833333333333 0.5 0.5 12.6 18 15.8 13.8 0 6.5 33.3 7.1 109 102 3.8 -0.5
"41" "38" 2012-03-10 31.37 "OKC" "" "CHA" "W" 27 0 17.6666666666667 0.667 0.667 29.1 11.3 17.9 26.8 3 7.3 25 11 151 102 9.6 13.2
"42" "39" 2012-03-13 31.38 "OKC" "" "HOU" "L" -1 0 21.2 0.515 0.667 16.6 21.1 18.9 0 0 0 20.5 10.3 99 116 4.2 -3.9
"43" "40" 2012-03-15 31.39 "OKC" "@" "DEN" "W" 13 0 25.4666666666667 0.436 0.333 4.6 23 13.8 11.7 0 0 0 12.6 112 101 5.4 -1.9
"44" "41" 2012-03-16 31.39 "OKC" "" "SAS" "L" -9 0 22.35 0.333 0.333 4.8 21 12.5 0 0 3.2 25 7.6 65 116 1.1 -6.4
"45" "42" 2012-03-18 31.39 "OKC" "" "POR" "W" 16 0 15.6666666666667 1.017 1 18 0 7.9 9.6 0 0 53.8 22.5 95 116 3.8 -5.7
"46" "43" 2012-03-20 31.4 "OKC" "@" "UTA" "L" -7 0 19.2833333333333 0.75 0.75 10.8 0 5.9 22.1 5.6 0 33.3 14.3 112 106 7.2 9.2
"47" "44" 2012-03-21 31.4 "OKC" "" "LAC" "W" 23 0 21.1166666666667 0.667 0.667 19.5 10.1 14.2 6.1 0 0 0 6.6 173 110 5.3 1.4
"48" "45" 2012-03-23 31.41 "OKC" "" "MIN" "W" 9 0 30.3166666666667 0.698 0.714 0 11.5 6.2 11.4 4.8 3 11.3 12.7 134 112 13 7.2
"49" "46" 2012-03-25 31.41 "OKC" "" "MIA" "W" 16 0 18.5666666666667 1 1 0 0 0 14.2 0 0 66.7 7.7 77 104 0.3 -4.3
"50" "47" 2012-03-27 31.42 "OKC" "@" "POR" "W" 14 0 19.1666666666667 1 1 8.6 0 3.4 0 0 0 0 7.5 202 116 5 0.9
"51" "48" 2012-03-29 31.42 "OKC" "@" "LAL" "W" 9 0 19.35 0.667 0.667 26.4 16.2 21.3 6.7 0 0 0 6.9 173 111 7 3.4
"52" "49" 2012-04-01 31.43 "OKC" "" "CHI" "W" 14 0 22.8 0.421 0.286 6.4 15.3 12 13.2 0 0 0 18.5 101 92 5 -2.7
"53" "50" 2012-04-02 31.44 "OKC" "" "MEM" "L" -6 0 20.55 1 1 6.1 4.9 5.4 0 0 0 42.9 16.1 101 115 3.6 -3.9
"54" "51" 2012-04-04 31.44 "OKC" "@" "MIA" "L" -5 0 17.45 0.694 0.5 22.3 29.7 26 8.5 2.9 0 0 7.3 175 102 6.4 5.6
"55" "52" 2012-04-06 31.45 "OKC" "@" "IND" "L" -5 0 19.6 0.621 0.667 17.1 26.1 21.8 10.1 0 0 13.4 16.9 119 109 7.1 1.4
"56" "53" 2012-04-08 31.45 "OKC" "" "TOR" "W" 16 0 21.7 0.6 0.6 36 10.5 23.4 37.9 7.6 3.6 28.6 15.6 130 75 12.5 16.6
"57" "54" 2012-04-09 31.45 "OKC" "@" "MIL" "W" 20 0 19.85 0.798 1 6.2 36.3 21.4 0 0 0 0 4.2 169 95 4 -1.6
"58" "55" 2012-04-11 31.46 "OKC" "" "LAC" "L" -2 0 20.9 0 0 19.1 11.5 15.1 14.8 0 7.1 0 6.8 90 115 3 -1.5
"59" "56" 2012-04-13 31.47 "OKC" "" "SAC" "W" 26 0 18.6666666666667 0.5 0.5 10.5 20.6 15.6 14.6 0 0 0 13.1 131 95 6.2 0.2
"60" "57" 2012-04-14 31.47 "OKC" "@" "MIN" "W" 5 0 21.5 0.635 0.571 29.1 9.7 19.4 0 2.2 0 11.3 16.6 140 111 10.7 3.3
"61" "58" 2012-04-16 31.47 "OKC" "@" "LAC" "L" -15 0 25.8666666666667 0.512 0.5 12.1 4.4 8.4 0 0 3 0 8.7 127 117 4.1 -1.4
"62" "59" 2012-04-18 31.48 "OKC" "@" "PHO" "W" 12 0 21.15 0.714 0.5 5.4 9.7 7.7 6.7 2.4 0 0 8.8 166 103 6.8 4.1
"63" "60" 2012-04-20 31.48 "OKC" "@" "SAC" "W" 11 0 24.4 1.064 1 0 10.5 6.8 10.3 2.1 0 34.7 5.6 148 101 5.2 1.1
"64" "61" 2012-04-22 31.49 "OKC" "@" "LAL" "L" -8 0 15.5333333333333 0.5 0.5 33.3 5.7 18.5 28.9 3.4 4.1 0 17.2 134 102 8.7 11.5
"65" "62" 2012-04-24 31.5 "OKC" "" "SAC" "W" 8 0 27.7833333333333 0.5 0.5 13 4.7 9 15.8 0 7.9 25 12.5 106 112 6.4 -1.2
"66" "63" 2012-04-25 31.5 "OKC" "" "DEN" "L" -5 0 21.1666666666667 0.333 0.333 18.9 0 8.6 6.2 0 3.4 40 10.9 79 127 1.4 -7.5
"1" "1" 2012-11-01 32.02 "OKC" "@" "SAS" "L" -2 0 20.0166666666667 0.436 0.333 5.3 0 2.8 0 2.6 4 22.5 20.3 75 92 2.2 -3.4
"2" "2" 2012-11-02 32.02 "OKC" "" "POR" "W" 14 0 27.6333333333333 0.872 0.833 0 17.4 9.5 11.5 1.8 2.8 12.7 13.4 154 94 11.4 7.4
"3" "3" 2012-11-04 32.02 "OKC" "" "ATL" "L" -9 0 18.05 0.667 0.667 0 12.7 7.1 9.6 0 4.6 50 15.8 61 118 0.9 -8.3
"4" "4" 2012-11-06 32.03 "OKC" "" "TOR" "W" 20 0 13.4833333333333 0.258 0.333 9.9 22.7 17.2 11.3 0 0 0 13 80 94 0.6 -9.7
"5" "5" 2012-11-08 32.04 "OKC" "@" "CHI" "W" 6 0 17 1 1 7.6 13.4 10.7 18.6 3 4.1 60 13.5 85 93 3.6 2.5
"6" "6" 2012-11-09 32.04 "OKC" "" "DET" "W" 11 0 19.4833333333333 0.798 1 14.9 10.7 12.5 6.9 2.7 0 51.5 9.7 102 103 2 -4
"7" "7" 2012-11-11 32.04 "OKC" "" "CLE" "W" 15 0 19.4666666666667 1 1 0 21 12.8 0 0 0 33.3 7.1 116 100 2.4 -2.5
"8" "8" 2012-11-12 32.05 "OKC" "@" "DET" "W" 2 0 16.3833333333333 0.5 0.5 16.7 12.2 14.1 12.2 0 4.4 33.3 8.3 99 102 1.4 -4.8
"9" "9" 2012-11-14 32.05 "OKC" "" "MEM" "L" -10 0 14.7833333333333 0.4 0.4 26.3 15.5 20.6 0 0 0 16.7 19.8 92 124 0.6 -15.5
"10" "10" 2012-11-16 32.06 "OKC" "@" "NOH" "W" 15 0 20.5166666666667 1 1 0 5.3 3.1 12.4 2.7 0 66.7 7.3 81 114 1.6 -4.1
"11" "11" 2012-11-18 32.06 "OKC" "" "GSW" "W" 10 0 20.1833333333333 0.266 0 6.4 6.3 6.3 17 0 0 0 4.3 138 123 2.2 -4.5
"12" "12" 2012-11-21 32.07 "OKC" "" "LAC" "W" 6 0 18.7333333333333 0.571 0.571 21.2 11.5 15.9 22.9 2.8 0 0 17.2 144 111 8.6 6.9
"13" "13" 2012-11-23 32.08 "OKC" "@" "BOS" "L" -8 0 17.7666666666667 0.592 0.6 15 13.5 14.2 9.4 0 0 0 17.3 134 119 6.4 0.5
"14" "14" 2012-11-24 32.08 "OKC" "@" "PHI" "W" 7 0 21.2833333333333 0.902 0.833 15.2 13.8 14.6 0 0 0 11.4 18.8 167 120 12.7 7
"15" "15" 2012-11-26 32.08 "OKC" "" "CHA" "W" 45 0 9.93333333333333 0.872 1 13.8 25.9 21.2 18.9 0 0 0 16.3 176 76 6.6 13.1
"16" "16" 2012-11-28 32.09 "OKC" "" "HOU" "W" 22 0 19.15 0.581 0.5 33.9 16 23.9 25.4 2.6 0 22.5 19.9 131 102 10 5.7
"17" "17" 2012-11-30 32.1 "OKC" "" "UTA" "W" 12 0 21.7333333333333 0.564 0.5 12.6 4.2 7.6 6.4 2.4 0 27.3 14.6 101 109 4.2 -3.9
"18" "18" 2012-12-01 32.1 "OKC" "@" "NOH" "W" 21 0 18.1833333333333 0.75 0.75 6.9 10.6 9 0 9.1 4.6 0 21 152 78 13.4 18.2
"19" "19" 2012-12-04 32.11 "OKC" "@" "BRK" "W" 6 0 18.4 0.644 0.667 0 27.8 17.9 0 0 4.6 0 10.9 125 116 5.5 0.5
"20" "20" 2012-12-07 32.12 "OKC" "" "LAL" "W" 6 0 16.8166666666667 0.742 0.714 20.9 28.5 24.7 10.7 0 5.1 18.6 27.8 130 108 11.2 7.8
"21" "21" 2012-12-09 32.12 "OKC" "" "IND" "W" 11 0 19.3666666666667 0.727 0.667 7.3 12.4 10 0 2.9 0 0 8.7 160 108 5.2 2.7
"22" "22" 2012-12-12 32.13 "OKC" "" "NOH" "W" 4 0 26.45 0.6 0.6 4.8 15.1 10.6 0 2.1 0 16.7 11.5 101 105 4 -5.8
"23" "23" 2012-12-14 32.13 "OKC" "" "SAC" "W" 10 0 27.25 0.75 0.75 14.7 14.7 14.7 14.8 1.9 0 20 8 146 114 7.9 1.8
"24" "24" 2012-12-17 32.14 "OKC" "" "SAS" "W" 14 0 24.9666666666667 0.571 0.571 26.8 17.9 22.4 6.3 4.2 0 12.5 14 129 97 10.2 4.8
"25" "25" 2012-12-19 32.15 "OKC" "@" "ATL" "W" 8 0 19.9833333333333 0 0 5.6 0 2.5 26.7 5.1 6.9 50 4.5 92 94 3.2 4.1
"26" "26" 2012-12-20 32.15 "OKC" "@" "MIN" "L" -6 0 18.6166666666667 0 0 0 35.2 17.6 0 0 0 0 2.4 0 104 0.7 -6.5
"27" "27" 2012-12-25 32.16 "OKC" "@" "MIA" "L" -6 0 19.45 0.773 0.667 13.7 13.3 13.5 19.7 2.8 0 0 9.2 180 114 7.9 10.2
"28" "28" 2012-12-27 32.17 "OKC" "" "DAL" "W" 6 0 18.2666666666667 0.532 0 5.5 5.9 5.7 14.9 0 0 0 4.6 163 115 3.3 -2.1
"29" "29" 2012-12-29 32.18 "OKC" "@" "HOU" "W" 30 0 27.3166666666667 0.6 0.6 16.7 22.4 19.7 15.3 4.8 0 16.7 16.9 122 83 13.9 6.3
"30" "30" 2012-12-31 32.18 "OKC" "" "PHO" "W" 18 0 19.8 0.833 0.833 21.5 31.1 26 15.2 2.8 0 14.3 16.5 157 105 12.7 11.4
"31" "31" 2013-01-02 32.19 "OKC" "" "BRK" "L" -17 0 14.35 0.515 0.333 9.8 0 4.6 10.2 0 5.7 34 19.8 85 126 0.8 -9.8
"32" "32" 2013-01-04 32.19 "OKC" "" "PHI" "W" 24 0 23.3666666666667 0.6 0.6 5.4 8.4 7.1 18.8 2.2 0 16.7 11.8 124 95 5.5 1.8
"33" "33" 2013-01-06 32.2 "OKC" "@" "TOR" "W" 12 0 20.6666666666667 0.714 0.714 25.8 25.8 25.8 0 0 0 12.5 17.9 135 105 10.1 4.9
"34" "34" 2013-01-07 32.2 "OKC" "@" "WAS" "L" -2 0 16.3333333333333 0.568 NA 0 20 9.9 8.6 3.2 0 0 2.5 143 107 2.4 -2.4
"35" "35" 2013-01-09 32.21 "OKC" "" "MIN" "W" 22 0 17.2833333333333 0.798 0.5 22.5 6.9 14.4 8.4 3.2 0 0 10.5 192 99 7.5 5.6
"36" "36" 2013-01-11 32.21 "OKC" "@" "LAL" "W" 15 0 26.6333333333333 0.694 0.5 12.9 19 16.4 21.4 0 0 0 4.5 187 102 9.2 5.1
"37" "37" 2013-01-13 32.22 "OKC" "@" "POR" "W" 4 1 21.5166666666667 0.8 0.8 0 13.7 7.9 0 0 0 0 11.7 152 97 5.8 1
"38" "38" 2013-01-14 32.22 "OKC" "@" "PHO" "W" 12 1 15.5333333333333 0.333 0.333 0 0 0 8.4 3.4 5.2 25 11.9 62 100 1.3 -3.7
"39" "39" 2013-01-16 32.22 "OKC" "" "DEN" "W" 20 0 9.26666666666667 0.667 0.667 13.3 16.7 14.8 30.8 0 0 0 14.1 166 112 4.7 8.4
"40" "40" 2013-01-18 32.23 "OKC" "@" "DAL" "W" 3 0 22.25 0.667 0.667 9 15.5 12 0 0 0 14.3 13 125 111 4.7 -2.1
"41" "41" 2013-01-20 32.24 "OKC" "@" "DEN" "L" -3 0 19.6 0 0 13.2 11.3 12.2 7.7 2.5 0 75 9 42 111 -1.2 -8.1
"42" "42" 2013-01-22 32.24 "OKC" "@" "LAC" "W" 12 0 40.7833333333333 0.5 0.5 14.3 9.1 11.4 6.5 1.3 3.5 11.1 10.6 123 111 8.5 0.3
"43" "43" 2013-01-23 32.24 "OKC" "@" "GSW" "L" -5 0 18.95 0.333 0.333 6.7 12.4 9.6 0 0 0 14.3 16.3 67 114 0.1 -11.5
"44" "44" 2013-01-25 32.25 "OKC" "@" "SAC" "W" 10 0 18.6666666666667 0.773 0.667 0 0 0 8.1 0 0 20.5 11.5 125 103 3.2 -3.7
"45" "45" 2013-01-27 32.25 "OKC" "@" "LAL" "L" -9 0 20.85 1 1 9.8 26.3 16.8 7.3 2.5 0 0 4.5 204 114 6.5 2.1
"46" "46" 2013-01-31 32.27 "OKC" "" "MEM" "W" 17 0 25.8666666666667 0.888 0.8 12 15.5 14.3 5.7 2 0 0 12.7 187 93 13.5 9
"47" "47" 2013-02-02 32.27 "OKC" "@" "CLE" "L" -5 0 22.95 1 1 14.3 17.8 16.1 21.5 0 2.9 0 1.9 212 123 7.7 4.7
"48" "48" 2013-02-04 32.28 "OKC" "" "DAL" "W" 21 0 14.65 0.667 0.667 7.8 21.4 14.9 19 0 4.6 0 8.9 156 92 6 6.3
"49" "49" 2013-02-06 32.28 "OKC" "" "GSW" "W" 21 0 22.7833333333333 0.8 0.8 4.6 15.9 10.6 0 2 0 0 9.1 161 98 8.6 -0.2
"50" "50" 2013-02-08 32.29 "OKC" "" "PHO" "W" 31 0 17.1166666666667 0.5 0.5 0 13.7 7.1 31.6 3 0 0 10.9 148 105 6.7 5.9
"51" "51" 2013-02-10 32.29 "OKC" "@" "PHO" "W" 28 0 13.5833333333333 0.5 0.5 8.6 20.4 15.2 11.6 0 0 0 7 130 79 2.9 -2.6
"52" "52" 2013-02-12 32.3 "OKC" "@" "UTA" "L" -15 0 17.7833333333333 0.5 0.5 0 23.1 12.7 7.6 3 4 0 5.5 123 116 3.9 1.4
"53" "53" 2013-02-14 32.3 "OKC" "" "MIA" "L" -10 0 14.8666666666667 0 0 0 15 8 0 0 0 0 6.2 0 118 -1.2 -8.4
"54" "54" 2013-02-20 32.32 "OKC" "@" "HOU" "L" -3 0 17.4666666666667 0.667 0.667 6.2 17.9 12.2 7.5 5.1 4.7 50 13.5 73 103 2.3 -2.6
"55" "55" 2013-02-22 32.33 "OKC" "" "MIN" "W" 16 0 16.7666666666667 0.667 0.667 0 0 0 31.3 0 0 25 20.9 115 122 5.4 -0.1
"56" "56" 2013-02-24 32.33 "OKC" "" "CHI" "W" 30 0 14.2333333333333 0.667 0.667 8 6.2 7 23.1 7.3 0 50 18.8 80 74 3.7 4.8
"57" "57" 2013-02-27 32.34 "OKC" "" "NOH" "W" 45 0 14.3833333333333 0 0 0 23.8 13.7 31.8 0 6 66.7 10.2 67 87 1.3 0
"58" "58" 2013-03-01 32.35 "OKC" "@" "DEN" "L" -2 0 21.5333333333333 1 1 15.6 4.5 9.6 0 0 3 0 1.9 207 106 4 -0.3
"59" "59" 2013-03-03 32.35 "OKC" "@" "LAC" "W" 4 0 18.9333333333333 0.333 0.333 12.1 13.7 12.8 7.1 0 0 25 9.4 88 118 0.4 -9.8
"60" "60" 2013-03-05 32.36 "OKC" "" "LAL" "W" 17 0 12.8166666666667 0.773 0.667 17 17 17 9.7 0 0 0 13.4 180 118 5.8 1.8
"61" "61" 2013-03-07 32.36 "OKC" "@" "NYK" "W" 1 0 10.0166666666667 0 0 14.5 10.2 12 15.5 0 0 0 4.9 95 113 0.2 -6.5
"62" "62" 2013-03-08 32.36 "OKC" "@" "CHA" "W" 22 0 11.4833333333333 0.5 0.5 23.9 16.4 19.4 22.2 0 0 0 16.9 147 111 5.4 2.9
"63" "63" 2013-03-10 32.37 "OKC" "" "BOS" "W" 12 0 24.5833333333333 0.68 0.6 5.3 16.3 11.5 16.2 0 3.4 25.4 15.9 108 89 6.9 2.1
"64" "64" 2013-03-11 32.37 "OKC" "@" "SAS" "L" -12 0 16.7333333333333 0.5 0.5 0 14.7 7.4 0 0 0 42.9 19.2 54 122 -1.2 -15.3
"65" "65" 2013-03-13 32.38 "OKC" "" "UTA" "W" 23 0 19.35 0.694 0.667 7.5 24.8 17.9 38.7 7.8 3.8 0 10 174 73 12.9 24.3
"66" "66" 2013-03-15 32.38 "OKC" "" "ORL" "W" 13 0 18.1 0.608 0.5 7.8 10.4 9.4 7.2 0 0 14.8 16 119 107 5.6 -0.5
"67" "67" 2013-03-17 32.39 "OKC" "@" "DAL" "W" 6 0 18.15 0.4 0.4 0 18.9 9.9 15.7 2.8 0 0 12.1 107 107 3.8 -0.3
"68" "68" 2013-03-19 32.39 "OKC" "" "DEN" "L" -10 0 26.15 0.512 0.5 3.9 11 7.6 16.5 0 0 17 9.6 107 120 3.7 -4
"69" "69" 2013-03-20 32.4 "OKC" "@" "MEM" "L" -1 0 29.35 1.064 1 7.4 10.6 9 12.8 1.9 4.9 34.7 4.6 153 94 8 8.6
"70" "70" 2013-03-22 32.4 "OKC" "@" "ORL" "W" 8 0 18.9 0.764 0.8 0 15.2 8.2 10.7 2.6 0 0 17 157 93 10.1 9.3
"71" "71" 2013-03-24 32.41 "OKC" "" "POR" "W" 20 0 26.1166666666667 0.833 0.833 15.3 13.4 14.3 0 2 0 14.3 12.9 146 95 10.4 4
"72" "72" 2013-03-27 32.42 "OKC" "" "WAS" "W" 23 0 21.5333333333333 0.6 0.6 0 8.9 5.3 30 2.5 0 16.7 14.1 112 94 6 3.1
"73" "73" 2013-03-29 32.42 "OKC" "@" "MIN" "L" -8 0 18.6666666666667 0 0 11.7 17.9 14.8 7.1 2.9 3.8 66.7 7.4 49 107 0.8 -4.3
"74" "74" 2013-03-30 32.42 "OKC" "@" "MIL" "W" 10 0 24.1333333333333 0.833 0.833 16.6 10.5 12.8 13.2 2.2 2.9 14.3 13.6 152 110 12.1 7.8
"75" "75" 2013-04-04 32.44 "OKC" "" "SAS" "W" 12 0 24.25 0.532 0 0 28.3 15.2 5.2 2.2 3.2 34.7 5.7 89 94 3.6 -2
"76" "76" 2013-04-05 32.44 "OKC" "@" "IND" "W" 22 0 19.05 0.51 0.4 20.4 10.7 15 7.9 3.1 4.9 14.5 17.3 119 86 6.6 6.7
"77" "77" 2013-04-07 32.45 "OKC" "" "NYK" "L" -5 0 17.3166666666667 1 1 8.7 6 7.1 13.1 0 4.7 0 2.7 212 146 3.6 1
"78" "78" 2013-04-09 32.45 "OKC" "@" "UTA" "W" 10 0 16.65 0.2 0.2 18.4 6.9 13 9.9 0 0 0 14.7 84 98 1.2 -8.7
"79" "79" 2013-04-11 32.46 "OKC" "@" "GSW" "W" 19 0 17.55 0 0 19.5 6.4 12.9 19.5 2.7 4 50 5 117 96 4.1 3.5
"80" "80" 2013-04-12 32.46 "OKC" "@" "POR" "W" 16 0 24.45 0.579 0.667 0 22.8 12.9 10.9 0 0 0 8.5 132 102 5.4 -1.1
"81" "81" 2013-04-15 32.47 "OKC" "" "SAC" "W" 9 0 18.1333333333333 0.25 0.25 5.3 6 5.6 0 0 0 0 9.6 75 110 0.2 -11.4
"82" "" 2013-04-17 32.47 "OKC" "" "MIL" "L" -6 NA NA NA NA NA NA NA NA NA NA NA NA NA NA NA NA
"1" "1" 2013-10-30 33.01 "OKC" "@" "UTA" "W" 3 0 12.95 0.615 0.5 8.4 24.7 16.7 0 3.7 6.5 17 20.1 113 89 4.3 -1.2
"2" "2" 2013-11-01 33.02 "OKC" "@" "MIN" "L" -19 0 16.4666666666667 0.902 0.833 0 0 0 0 0 0 34 15.3 109 114 2.5 -2.9
"3" "3" 2013-11-03 33.02 "OKC" "" "PHO" "W" 7 0 20.5666666666667 0.694 0.5 0 5.4 2.8 14.3 2.4 0 51 12.1 76 101 1.5 -2.8
"4" "4" 2013-11-06 33.03 "OKC" "" "DAL" "W" 14 0 17.45 0.515 0.667 0 6.1 3.4 0 2.8 0 20.5 12 72 96 0.2 -7.7
"5" "5" 2013-11-08 33.04 "OKC" "@" "DET" "W" 9 0 20.6666666666667 1.042 1 0 18.2 9.9 7.7 2.4 0 0 8.8 219 113 11 8.3
"6" "" 2013-11-10 33.04 "OKC" "" "WAS" "W" 1 NA NA NA NA NA NA NA NA NA NA NA NA NA NA NA NA
"7" "6" 2013-11-13 33.05 "OKC" "@" "LAC" "L" -8 0 20.1333333333333 1 1 6 21.2 14 0 0 0 0 4.3 204 111 3.3 -2.4
"8" "7" 2013-11-14 33.05 "OKC" "@" "GSW" "L" -1 0 20.6166666666667 0.2 0.2 13.3 10.6 11.8 6 2.4 0 16.7 12.5 71 120 1.2 -6
"9" "8" 2013-11-16 33.06 "OKC" "@" "MIL" "W" 13 0 25.1 0.255 0.2 0 14.4 7.4 11.9 0 0 0 10.7 71 91 1.3 -6.3
"10" "9" 2013-11-18 33.06 "OKC" "" "DEN" "W" 2 0 19.3 0.4 0.4 9.2 22.6 15.2 7.5 0 0 0 10.4 115 116 3.4 -6.1
"11" "10" 2013-11-21 33.07 "OKC" "" "LAC" "W" 14 0 11.5 0.862 1 10.4 16.7 13.9 11.3 8.6 0 0 8.9 186 80 6.9 17.6
"12" "11" 2013-11-24 33.08 "OKC" "" "UTA" "W" 22 0 6.4 NA NA 23.4 16 19 20.8 0 0 100 7.8 84 86 0.7 -1.7
"13" "12" 2013-11-27 33.09 "OKC" "" "SAS" "W" 6 0 18.7 0 0 17.5 0 8 13.2 2.7 3.9 66.7 7.2 69 93 1.7 -0.2
"14" "13" 2013-11-29 33.09 "OKC" "" "GSW" "W" 1 0 16.8166666666667 0.4 0.4 6.3 11.7 9.1 10.6 0 0 16.7 15.4 82 109 1.5 -6.5
"15" "14" 2013-12-01 33.1 "OKC" "" "MIN" "W" 10 0 14.8166666666667 0.615 0.5 8.3 25.9 18.2 0 0 0 17 18 112 108 4.1 -6
"16" "15" 2013-12-03 33.1 "OKC" "@" "SAC" "W" 2 0 17.2166666666667 1 1 7.3 11.2 9.5 10.1 0 4.6 25 10.4 144 107 6.4 5.9
"17" "16" 2013-12-04 33.11 "OKC" "@" "POR" "L" -7 0 16.5833333333333 0.515 0.333 13.2 18.9 16.1 8 0 0 0 10 140 119 3.3 -3.2
"18" "17" 2013-12-06 33.11 "OKC" "@" "NOP" "W" 14 0 24.3 0.484 0.5 0 7.5 4.4 5.6 0 5.5 32.6 17.4 68 104 1.3 -8.3
"19" "18" 2013-12-08 33.12 "OKC" "" "IND" "W" 24 0 15.5166666666667 0.532 0 10.3 13.7 12.4 6.6 0 9.7 0 5.6 160 98 3.1 2.8
"20" "19" 2013-12-10 33.12 "OKC" "@" "ATL" "W" 9 0 21.2833333333333 0.667 0.667 10.5 16.1 13.7 13.5 0 0 0 5.9 156 96 5.5 1.4
"21" "20" 2013-12-11 33.13 "OKC" "@" "MEM" "W" 16 0 16.9166666666667 0.868 1 0 26.4 15.1 8.3 0 8.6 25.8 10.3 126 99 5.9 7.2
"22" "21" 2013-12-13 33.13 "OKC" "" "LAL" "W" 25 0 5.53333333333333 0 0 37.7 0 17.3 0 0 14 50 28.2 29 100 -1.7 -29.4
"23" "22" 2013-12-15 33.14 "OKC" "" "ORL" "W" 3 0 17.7 0.333 0.333 11.5 6.3 9 14.9 0 0 25 10 90 110 1.6 -7.3
"24" "23" 2013-12-17 33.14 "OKC" "@" "DEN" "W" 12 0 20.7833333333333 0.571 0.571 11 17.1 14.4 0 2.3 6.8 12.5 16.1 110 88 7.5 4.6
"25" "24" 2013-12-19 33.15 "OKC" "" "CHI" "W" 12 0 19.8333333333333 0.699 0.667 6.5 10.5 8.7 0 0 0 0 14.7 145 108 6.9 -0.7
"26" "25" 2013-12-21 33.15 "OKC" "@" "SAS" "W" 13 0 19.6333333333333 0.82 0.75 12.2 10.9 11.5 6.9 0 3.9 0 11.1 182 108 9.4 8.6
"27" "26" 2013-12-22 33.16 "OKC" "" "TOR" "L" -6 0 16.15 0.773 0.667 13.8 19.4 16.7 13.5 3.1 4.2 0 10.4 178 101 9 13.5
"28" "27" 2013-12-25 33.16 "OKC" "@" "NYK" "W" 29 0 18.65 0.512 0.5 20.3 5.1 11.7 19.4 0 3.8 0 11.9 148 102 6.6 2.3
"29" "28" 2013-12-27 33.17 "OKC" "@" "CHA" "W" 4 0 16.25 0.347 0 0 6.3 3.2 26.9 0 0 25.8 11.3 85 104 0.8 -4.6
"30" "29" 2013-12-29 33.18 "OKC" "" "HOU" "W" 31 0 13.2333333333333 0.4 0.4 11.7 25.9 20.8 27.4 0 0 16.7 22 98 91 3.9 -0.8
"31" "30" 2013-12-31 33.18 "OKC" "" "POR" "L" -4 0 16.85 0.5 0.5 13.2 27.4 21 0 0 0 20 13.8 96 105 2.7 -5.4
"32" "31" 2014-01-02 33.19 "OKC" "" "BRK" "L" -2 0 5.85 NA NA 0 0 0 0 9.1 0 NA 0 0 95 1 5.1
"33" "32" 2014-01-04 33.19 "OKC" "@" "MIN" "W" 4 0 22.5166666666667 0.667 0.667 10.4 4.8 7.5 6.8 2 2.9 14.3 12.7 125 104 7.3 3.1
"34" "33" 2014-01-05 33.19 "OKC" "" "BOS" "W" 23 0 19.3833333333333 0.694 0.75 13.4 5.8 9.3 7 0 0 0 13.5 156 115 7.6 -0.4
"35" "34" 2014-01-07 33.2 "OKC" "@" "UTA" "L" -11 0 30 1.031 1.167 12.3 11.4 12 15.9 0 0 34 8.4 142 126 9.4 0.2
"36" "35" 2014-01-09 33.21 "OKC" "@" "DEN" "L" -13 0 13.4166666666667 0 0 0 7.2 3.6 0 0 0 66.7 9.9 0 114 -2.8 -19.1
"37" "36" 2014-01-11 33.21 "OKC" "" "MIL" "W" 16 0 13.6333333333333 0.667 0.667 14.7 7 10.8 12.6 0 0 0 9.2 163 103 3.9 -0.8
"38" "37" 2014-01-14 33.22 "OKC" "@" "MEM" "L" -3 0 18.3666666666667 0.543 0 5.9 23.8 14.8 7.9 0 0 26.6 9 103 98 2.7 -0.5
"39" "38" 2014-01-16 33.22 "OKC" "@" "HOU" "W" 12 0 19.15 0.5 0.5 0 16 8.4 14.1 0 5.2 0 4.6 131 100 3.6 2.7
"40" "39" 2014-01-17 33.23 "OKC" "" "GSW" "W" 6 0 15.6666666666667 0.543 0 9.3 0 4.1 19.6 0 5.6 26.6 10.2 127 126 2.4 -2.9
"41" "40" 2014-01-19 33.23 "OKC" "" "SAC" "W" 15 0 17.05 0.683 0.667 18 26.8 22.1 20.3 0 0 12 20.3 138 100 9.5 5.8
"42" "41" 2014-01-21 33.24 "OKC" "" "POR" "W" 8 0 19.2166666666667 0.5 0.5 26.6 11.6 19.4 6.3 0 0 0 4.9 171 117 5 -0.9
"43" "42" 2014-01-22 33.24 "OKC" "@" "SAS" "W" 6 0 15.9 1 1 18.3 17.3 17.8 8.4 3.3 0 0 8.6 206 112 7.6 9.3
"44" "43" 2014-01-24 33.25 "OKC" "@" "BOS" "W" 18 0 22.9 0.429 0.429 6.4 4.8 5.4 22.8 0 0 12.5 16.6 108 104 4.7 -1.9
"45" "44" 2014-01-25 33.25 "OKC" "@" "PHI" "W" 12 0 26.3666666666667 0.82 0.833 5.4 6.7 6.2 5.9 3.8 2.9 0 12.5 170 95 12.9 9.2
"46" "45" 2014-01-27 33.25 "OKC" "" "ATL" "W" 2 0 18.2 0.571 0.571 7.5 6.9 7.2 40.6 0 0 12.5 20.3 131 130 7.8 2.9
"47" "46" 2014-01-29 33.26 "OKC" "@" "MIA" "W" 17 0 12.9166666666667 0.521 0.5 19.6 11.3 15.7 19.9 4.2 0 0 10.7 157 106 5.3 7.3
"48" "47" 2014-01-31 33.27 "OKC" "@" "BRK" "W" 25 0 15.9333333333333 0.515 0.333 37.7 26.6 31.2 13.1 3.4 0 0 11.5 163 105 6.9 4.6
"49" "48" 2014-02-01 33.27 "OKC" "@" "WAS" "L" -15 0 18.1166666666667 1 1 11.5 6.2 8.9 0 0 0 66.7 7.5 72 109 0.6 -7.8
"50" "49" 2014-02-03 33.27 "OKC" "" "MEM" "W" 9 0 10.8166666666667 0.5 0.5 26.1 9.9 16.9 30 0 6.8 0 8.7 149 92 4.4 12.4
"51" "50" 2014-02-05 33.28 "OKC" "" "MIN" "W" 9 0 16.1333333333333 0.5 0.5 6.3 7.3 6.8 7.3 0 0 33.3 8 93 115 1.3 -7
"52" "51" 2014-02-07 33.28 "OKC" "@" "ORL" "L" -1 0 16.0833333333333 1.064 1 9.9 14.9 12.8 0 0 4.4 34.7 8.8 146 117 3.9 -2.3
"53" "52" 2014-02-09 33.29 "OKC" "" "NYK" "W" 12 0 20.5333333333333 0.5 0.5 7.5 24.4 17.8 12.4 0 3.8 50 9.9 86 108 2.5 -5.5
"54" "53" 2014-02-11 33.3 "OKC" "@" "POR" "W" 3 0 22.8833333333333 0.922 1 10.8 8.9 9.8 6.6 0 0 0 9.8 191 107 8.9 6.1
"55" "54" 2014-02-13 33.3 "OKC" "@" "LAL" "W" 4 0 15.6166666666667 0 0 14 14.6 14.3 23.6 3 0 50 5.5 95 101 2.6 -2.4
"56" "55" 2014-02-20 33.32 "OKC" "" "MIA" "L" -22 0 11 0 0 0 37.4 16.6 15.6 0 0 0 4.1 42 113 0.9 -2.3
"57" "56" 2014-02-23 33.33 "OKC" "" "LAC" "L" -8 0 19.5666666666667 0.644 0.667 11.2 26.5 18.2 19.3 0 0 20.5 10.2 132 123 5.8 1.6
"58" "57" 2014-02-26 33.34 "OKC" "" "CLE" "L" -10 0 16.8833333333333 0.644 0.667 21.9 6.8 14 0 3 4.7 43.6 18.4 84 118 3.6 -6.1
"59" "58" 2014-02-28 33.34 "OKC" "" "MEM" "W" 6 0 14.9333333333333 0 0 16.5 29.2 22.3 8.5 0 5 33.3 9.2 63 121 0.1 -10
"60" "59" 2014-03-02 33.35 "OKC" "" "CHA" "W" 17 0 13.4666666666667 0.735 0.667 9.4 10.2 9.8 0 0 0 38.7 25.1 93 110 1.3 -13.5
"61" "60" 2014-03-04 33.35 "OKC" "" "PHI" "W" 33 0 12.5166666666667 0.532 0 0 31.4 20.2 35.7 3.6 0 0 6.2 167 78 5.8 11
"62" "61" 2014-03-06 33.36 "OKC" "@" "PHO" "L" -6 0 10.55 1 1 22.7 24.6 23.6 0 0 0 0 8.5 212 132 4.2 0.2
"63" "62" 2014-03-09 33.37 "OKC" "@" "LAL" "L" -4 0 11.5166666666667 0.5 0.5 7.7 20.3 13.2 0 0 0 33.3 10 77 114 0.5 -10.7
"64" "63" 2014-03-11 33.37 "OKC" "" "HOU" "W" 8 0 1.71666666666667 NA NA 0 0 0 0 0 0 NA 0 0 98 -1.2 -35.2
"65" "64" 2014-03-13 33.38 "OKC" "" "LAL" "W" 29 0 12.2166666666667 1.042 1 20.7 26.6 24.3 0 3.8 0 25.8 12.8 160 92 6.8 5.2
"66" "65" 2014-03-16 33.39 "OKC" "" "DAL" "L" -23 0 19.1666666666667 0.266 0 17.1 32.3 23.4 8.6 0 0 51.5 9.3 69 120 0.7 -10.4
"67" "66" 2014-03-17 33.39 "OKC" "@" "CHI" "W" 12 0 13.55 0.333 0.333 9.1 6.7 7.7 12.9 8 0 25 14.4 75 85 1.4 -1.9
"68" "67" 2014-03-20 33.4 "OKC" "@" "CLE" "W" 7 0 21.05 0 0 10.1 15.5 12.8 18 2.5 0 0 2 147 104 3.9 0.5
"69" "68" 2014-03-21 33.4 "OKC" "@" "TOR" "W" 1 0 19.2333333333333 0.521 0.5 0 0 0 8.6 0 0 25.8 9.1 86 112 0.1 -7.3
"70" "69" 2014-03-24 33.41 "OKC" "" "DEN" "W" 21 0 22.25 0.85 0.9 17.5 14.4 15.8 5.9 0 0 14.5 13.2 149 102 8.4 1.1
"71" "70" 2014-03-25 33.41 "OKC" "@" "DAL" "L" -9 0 22.4666666666667 0.444 0.429 20.5 17.7 19.2 6.1 2.2 0 20.2 19 95 117 5.1 -4.3
"72" "71" 2014-03-28 33.42 "OKC" "" "SAC" "W" 13 0 14.5 0.333 0.333 9.5 12.7 11.4 22.3 7.4 4.9 0 10.6 106 77 4.9 7.8
"73" "72" 2014-03-30 33.42 "OKC" "" "UTA" "W" 20 0 23.8166666666667 0.8 0.8 13 19.8 17.2 6.1 0 3.1 28.6 14.5 121 104 6.4 -2.8
"74" "73" 2014-04-03 33.44 "OKC" "" "SAS" "W" 12 0 13.3833333333333 1.064 1 0 0 0 19.7 3.8 0 34.7 9.9 149 104 4.3 6.4
"75" "74" 2014-04-04 33.44 "OKC" "@" "HOU" "L" -4 0 15.0333333333333 0.5 0.5 13.9 14.5 14.2 0 0 0 28.6 20.7 81 122 1.5 -10.4
"76" "75" 2014-04-06 33.44 "OKC" "@" "PHO" "L" -7 0 14.6 1 1 0 9.1 4.4 0 3.3 6.1 25 11.9 135 116 5.7 6.8
"77" "76" 2014-04-08 33.45 "OKC" "@" "SAC" "W" 15 0 18 0.509 0.5 6.5 38.1 22.5 26.7 0 0 12.7 21.5 111 101 5.6 -2.4
"78" "77" 2014-04-09 33.45 "OKC" "@" "LAC" "W" 6 0 12.25 1 1 16.3 16.3 16.3 11.5 0 0 50 7 127 106 2.6 -1.2
"79" "78" 2014-04-11 33.46 "OKC" "" "NOP" "W" 22 0 15.9333333333333 0.564 0.5 17.2 12.8 14.7 0 3.2 0 36.1 23.9 84 100 3.6 -8.9
"80" "79" 2014-04-13 33.46 "OKC" "@" "IND" "L" -5 0 16.05 0 0 0 17.6 7.7 24.9 0 5.8 0 3 100 114 2.3 0.9
"81" "80" 2014-04-14 33.47 "OKC" "@" "NOP" "L" -12 0 7.73333333333333 0 0 0 14.8 7.6 40 0 0 0 12.1 55 117 -0.1 -7.3
"82" "81" 2014-04-16 33.47 "OKC" "" "DET" "W" 1 0 15.2666666666667 0.667 0.667 18.9 0 10.5 19.8 0 0 25 10.6 129 126 4 -2.7
"1" "1" 2014-10-29 34.01 "OKC" "@" "POR" "L" -17 0 19.4666666666667 0.184 0.2 0 17.6 8.7 24.2 5.6 0 0 12.7 67 111 1.9 -4.2
"2" "2" 2014-10-30 34.01 "OKC" "@" "LAC" "L" -3 0 15.3 0.51 0.4 0 35.5 23.5 0 3.4 5.5 33.8 27.3 68 85 3 -4.7
"3" "3" 2014-11-01 34.02 "OKC" "" "DEN" "W" 11 0 24.0666666666667 0.258 0 0 30.4 17 21.6 0 3.7 0 7.3 96 94 5.5 0.9
"4" "4" 2014-11-03 34.02 "OKC" "@" "BRK" "L" -31 0 19 0.255 0.2 10.5 6.6 8.8 0 0 0 0 13.7 76 133 0 -13.5
"5" "5" 2014-11-04 34.02 "OKC" "@" "TOR" "L" -12 0 26.6333333333333 0.698 0.714 10.9 23 18 6.7 0 3.6 20.2 18.7 111 109 8.7 2
"6" "6" 2014-11-07 34.03 "OKC" "" "MEM" "L" -2 0 24.5 0.387 0.5 5 13.7 9.6 5.6 0 0 0 7.5 102 108 2 -2.6
"7" "7" 2014-11-09 34.04 "OKC" "" "SAC" "W" 8 0 25.3666666666667 1 1 9.7 24.9 17.2 13.3 2.1 0 16.7 10.9 168 102 10.8 10
"8" "8" 2014-11-11 34.04 "OKC" "@" "MIL" "L" -7 0 14.8833333333333 0 0 0 0 0 33.4 0 0 0 8.8 44 101 -0.8 -6.8
"9" "9" 2014-11-12 34.05 "OKC" "@" "BOS" "W" 15 0 27.15 0.551 0.5 0 17.7 9.3 16.1 0 0 0 19.3 125 108 8.7 1
"10" "10" 2014-11-14 34.05 "OKC" "" "DET" "L" -7 0 16.6333333333333 0.5 0.5 0 6.9 3.3 9.2 3.3 0 25 11.3 80 101 1.9 -2.3
"11" "11" 2014-11-16 34.06 "OKC" "" "HOU" "L" -4 0 15.6 0.515 0.333 7.2 22 15.5 18.2 0 0 20.5 15.8 97 79 2.3 -4.1
"12" "12" 2014-11-18 34.06 "OKC" "@" "UTA" "L" -17 0 21.55 0.667 0.667 8.1 5.1 6.7 0 2.4 3.9 25 16.9 97 108 5.6 1.2
"13" "13" 2014-11-19 34.07 "OKC" "@" "DEN" "L" -7 0 19.65 0.475 0.5 5.7 6.4 6 23.6 2.9 0 0 15.4 124 125 5.4 1.8
"14" "14" 2014-11-21 34.07 "OKC" "" "BRK" "L" -2 0 15.4333333333333 0.512 0.5 15.2 9.4 12.6 9.8 0 0 17 17.2 105 116 4 -2.9
"15" "15" 2014-11-23 34.08 "OKC" "" "GSW" "L" -5 0 16.25 0.347 0.5 11.4 5.2 8.1 10.2 0 0 0 7.5 100 103 1.4 -4.3
"16" "16" 2014-11-26 34.08 "OKC" "" "UTA" "W" 15 0 11.8 0.25 0.25 9.7 19.8 14.7 11.3 4.5 7.5 33.3 23.6 54 78 -0.7 -13.4
"17" "17" 2014-11-28 34.09 "OKC" "" "NYK" "W" 27 0 18.9166666666667 0 0 5.8 11 8.5 0 0 0 40 11.5 13 93 -3.6 -17.8
"18" "18" 2014-12-02 34.1 "OKC" "@" "NOP" "L" -8 0 6.61666666666667 0.5 0.5 0 0 0 0 0 0 0 12.9 103 114 -1 -15.7
"19" "19" 2014-12-05 34.11 "OKC" "@" "PHI" "W" 12 0 8.08333333333333 0.615 0.5 19.2 22.4 21.2 20.4 6.4 10.6 0 14.4 152 77 4.9 15.3
"20" "20" 2014-12-07 34.12 "OKC" "@" "DET" "W" 2 0 15.1833333333333 0 0 26.9 7.5 17.8 32.4 0 6 25 11.6 84 104 1.9 -0.8
"21" "" 2014-12-09 34.12 "OKC" "" "MIL" "W" 13 NA NA NA NA NA NA NA NA NA NA NA NA NA NA NA NA
"22" "21" 2014-12-11 34.13 "OKC" "" "CLE" "W" 9 0 19.9166666666667 0.205 0 16.4 4.8 10.3 12.7 5.1 4.2 0 10.9 97 98 4.1 0
"23" "22" 2014-12-12 34.13 "OKC" "@" "MIN" "W" 19 0 7.78333333333333 0.266 0 16.2 15.4 15.8 13.7 13.1 0 0 10.2 110 77 2.8 9.4
"24" "23" 2014-12-14 34.13 "OKC" "" "PHO" "W" 24 0 15.9 0.6 0.6 0 4.8 2.9 10.1 0 4.4 16.7 16 106 95 2.8 -2.7
"25" "24" 2014-12-16 34.14 "OKC" "@" "SAC" "W" 12 0 12.9166666666667 0.667 0.667 0 8.8 4.2 0 0 0 25 13.8 93 108 1.2 -8.9
"26" "" 2014-12-18 34.15 "OKC" "@" "GSW" "L" -5 NA NA NA NA NA NA NA NA NA NA NA NA NA NA NA NA
"27" "25" 2014-12-19 34.15 "OKC" "@" "LAL" "W" 1 0 21.5666666666667 0.5 0.5 13.6 24.7 18.3 13.7 2.4 0 33.3 12.6 97 109 4.1 -5.2
"28" "26" 2014-12-21 34.15 "OKC" "" "NOP" "L" -2 0 11.7333333333333 0.25 0.25 9.1 10 9.5 0 0 5.8 20 18.7 57 112 -0.1 -11.9
"29" "27" 2014-12-23 34.16 "OKC" "" "POR" "L" -4 0 19.6666666666667 1.014 1 5.4 16.5 10.9 7.7 5.2 0 0 10.1 207 104 11.3 13
"30" "" 2014-12-25 34.16 "OKC" "@" "SAS" "W" 8 NA NA NA NA NA NA NA NA NA NA NA NA NA NA NA NA
"31" "28" 2014-12-26 34.17 "OKC" "" "CHO" "W" 23 0 15.3333333333333 0.6 0.6 18.8 5.3 11.5 11.8 3.3 0 0 14.5 144 83 7.8 9.9
"32" "29" 2014-12-28 34.17 "OKC" "@" "DAL" "L" -5 0 10.6666666666667 0.347 0.5 20.5 29.3 25 22.2 0 0 25.8 14.9 89 111 2.5 -1.3
"33" "" 2014-12-31 34.18 "OKC" "" "PHO" "W" 3 NA NA NA NA NA NA NA NA NA NA NA NA NA NA NA NA
"34" "30" 2015-01-02 34.19 "OKC" "" "WAS" "W" 7 0 16.0833333333333 0.714 0.714 16.1 22.4 19.4 10.3 3.2 4.7 0 20.6 152 100 11.8 14.8
"35" "" 2015-01-05 34.19 "OKC" "@" "GSW" "L" -26 NA NA NA NA NA NA NA NA NA NA NA NA NA NA NA NA
"36" "31" 2015-01-07 34.2 "OKC" "@" "SAC" "L" -21 0 17.4333333333333 0.347 0 5.1 10.6 7.8 28.5 0 0 63.5 17.6 44 107 -3 -16.2
"37" "32" 2015-01-09 34.21 "OKC" "" "UTA" "W" 5 0 13.8166666666667 0 0 0 18.3 8.5 16.5 0 6.6 0 6.4 51 100 0.5 -4
"38" "33" 2015-01-15 34.22 "OKC" "@" "HOU" "L" -11 0 2.86666666666667 NA NA 0 0 0 0 0 0 100 15.2 0 129 -1 -24.7
"39" "" 2015-01-16 34.22 "OKC" "" "GSW" "W" 12 NA NA NA NA NA NA NA NA NA NA NA NA NA NA NA NA
"40" "34" 2015-01-18 34.23 "OKC" "@" "ORL" "W" 28 0 14.75 0.6 0.6 9.9 12.1 11.2 17 0 0 0 13.9 145 100 4.4 -2.2
"41" "35" 2015-01-20 34.24 "OKC" "@" "MIA" "W" 8 0 9 0.568 NA 24.2 31.4 27.4 0 0 0 0 4.4 160 100 2.2 -0.5
"42" "36" 2015-01-21 34.24 "OKC" "@" "WAS" "W" 2 0 4.7 0.5 0.5 0 19.1 9.8 0 10.6 0 0 18.5 98 76 2.3 12.5
"43" "" 2015-01-23 34.24 "OKC" "@" "ATL" "L" -10 NA NA NA NA NA NA NA NA NA NA NA NA NA NA NA NA
"44" "37" 2015-01-25 34.25 "OKC" "@" "CLE" "L" -10 0 16.6166666666667 1 1 0 13.4 6.4 8.5 0 0 0 2.6 207 120 1.8 -5.4
"45" "38" 2015-01-26 34.25 "OKC" "" "MIN" "W" 8 0 17.0666666666667 0.717 0.75 11.5 31.8 22.1 20.4 3 0 0 12.3 159 80 9 9.5
"46" "39" 2015-01-28 34.26 "OKC" "@" "NYK" "L" -8 0 16.1833333333333 0.5 0.5 17.8 6.2 12.1 0 3.1 0 0 5.5 143 106 3.2 -2.7
"47" "40" 2015-01-31 34.27 "OKC" "@" "MEM" "L" -11 0 16.5833333333333 0.333 0.333 12.6 5.3 8.6 0 0 0 25 11.2 69 105 0.6 -6.5
"48" "41" 2015-02-02 34.27 "OKC" "" "ORL" "W" 7 0 11.1166666666667 0.167 0.167 22.7 9.4 15.4 0 4.7 6.4 14.3 30.4 52 99 -0.2 -18.4
"49" "42" 2015-02-04 34.28 "OKC" "@" "NOP" "W" 11 0 6.21666666666667 NA NA 18.8 14 16.1 17.2 0 0 NA 0 210 104 1.7 6.3
"50" "43" 2015-02-06 34.28 "OKC" "" "NOP" "L" -3 0 5.23333333333333 0 0 20.4 44.7 32 0 0 0 0 16 40 114 -0.5 -18.9
"51" "44" 2015-02-08 34.29 "OKC" "" "LAC" "W" 23 0 19.05 0.5 0.5 13.6 11 12.1 6.2 0 4.3 0 8.7 143 113 4.6 -0.6
"52" "45" 2015-02-09 34.29 "OKC" "@" "DEN" "W" 10 0 26.7666666666667 0.258 0 0 16.7 9.2 12.5 0 0 20.5 8.1 81 122 1.4 -5.8
"53" "46" 2015-02-11 34.3 "OKC" "" "MEM" "W" 16 0 27.7666666666667 0.582 0.542 20.6 14.1 17.1 13 0 4.7 0 20.8 139 95 15.7 9.7
"54" "47" 2015-02-19 34.32 "OKC" "" "DAL" "W" 15 1 25.6666666666667 0.143 0.143 16.3 17 16.7 5.2 1.9 0 22.2 13.5 54 89 0.7 -5.3
"55" "48" 2015-02-21 34.32 "OKC" "@" "CHO" "W" 7 0 15.5666666666667 1.054 1 12.6 24.2 18.5 8.6 6.3 0 23.1 11.1 167 94 10.3 14.3
"56" "49" 2015-02-22 34.33 "OKC" "" "DEN" "W" 25 0 14.3166666666667 0.347 0 8.2 5.5 6.6 21 0 0 25.8 10.8 104 104 2.3 -2.7
"57" "50" 2015-02-24 34.33 "OKC" "" "IND" "W" 13 0 19.6 0.363 0.333 13.6 24 18.7 7 7.6 4 0 14.8 104 80 8.8 7.5
"58" "51" 2015-02-26 34.34 "OKC" "@" "PHO" "L" -4 0 15.95 0.25 0.25 12.1 28.3 19.5 0 0 0 0 10.7 82 110 1.8 -7.3
"59" "52" 2015-02-27 34.34 "OKC" "@" "POR" "L" -3 1 12.3166666666667 0.5 0.5 8.9 16.9 13 11.7 0 0 25 27.2 84 121 1.4 -12.4
"60" "53" 2015-03-01 34.35 "OKC" "@" "LAL" "W" 7 0 21.8666666666667 0.551 0.5 11.8 4.6 8.4 15.1 2.3 6.8 8.4 22.5 120 100 11 5.4
"61" "54" 2015-03-04 34.35 "OKC" "" "PHI" "W" 5 0 25.7666666666667 0.592 0.4 4 16.9 11 10.3 3.6 3.4 12.9 12.8 120 98 8.6 2
"62" "55" 2015-03-05 34.36 "OKC" "@" "CHI" "L" -3 0 17.45 1 1 6.3 24.5 15.5 21.6 0 0 50 5.2 137 116 3.5 -1
"63" "56" 2015-03-08 34.36 "OKC" "" "TOR" "W" 4 0 8.55 1.5 1.5 0 0 0 15.4 0 0 0 5.1 269 122 3.4 10.3
"64" "57" 2015-03-11 34.37 "OKC" "" "LAC" "L" -12 0 6.76666666666667 0.5 0.5 0 18.2 9.2 0 0 0 25 25.4 73 128 0.2 -9.8
"65" "58" 2015-03-13 34.38 "OKC" "" "MIN" "W" 14 0 15.45 0 0 0 7.4 3.5 14.1 3.2 4.7 0 2.5 99 100 1.5 -1
"66" "59" 2015-03-15 34.38 "OKC" "" "CHI" "W" 9 0 15.6 1 1 7.5 28 18.1 27.3 0 0 33.3 7.9 148 106 4.4 5.2
"67" "60" 2015-03-16 34.39 "OKC" "@" "DAL" "L" -4 0 10.7333333333333 0.852 NA 19.4 0 9.3 11.2 0 0 0 6.2 196 119 4.3 6.3
"68" "61" 2015-03-18 34.39 "OKC" "" "BOS" "W" 4 0 17.3666666666667 0.515 0.333 0 21.3 9.8 7 2.7 0 0 8.9 135 113 3.7 -1.6
"69" "62" 2015-03-20 34.4 "OKC" "" "ATL" "W" 8 0 23.85 0.689 0.722 10.9 14.7 12.9 19.5 0 7.6 0 17.7 154 120 14.1 9.5
"70" "" 2015-03-22 34.4 "OKC" "" "MIA" "W" 18 NA NA NA NA NA NA NA NA NA NA NA NA NA NA NA NA
"71" "" 2015-03-24 34.41 "OKC" "" "LAL" "W" 10 NA NA NA NA NA NA NA NA NA NA NA NA NA NA NA NA
"72" "" 2015-03-25 34.41 "OKC" "@" "SAS" "L" -39 NA NA NA NA NA NA NA NA NA NA NA NA NA NA NA NA
"73" "" 2015-03-28 34.42 "OKC" "@" "UTA" "L" -5 NA NA NA NA NA NA NA NA NA NA NA NA NA NA NA NA
"74" "" 2015-03-29 34.42 "OKC" "@" "PHO" "W" 12 NA NA NA NA NA NA NA NA NA NA NA NA NA NA NA NA
"75" "" 2015-04-01 34.43 "OKC" "" "DAL" "L" -4 NA NA NA NA NA NA NA NA NA NA NA NA NA NA NA NA
"76" "" 2015-04-03 34.44 "OKC" "@" "MEM" "L" -8 NA NA NA NA NA NA NA NA NA NA NA NA NA NA NA NA
"77" "" 2015-04-05 34.44 "OKC" "" "HOU" "L" -3 NA NA NA NA NA NA NA NA NA NA NA NA NA NA NA NA
"78" "" 2015-04-07 34.45 "OKC" "" "SAS" "L" -25 NA NA NA NA NA NA NA NA NA NA NA NA NA NA NA NA
"79" "63" 2015-04-10 34.45 "OKC" "" "SAC" "W" 13 0 20.3 0.46 0.4 4.5 31.5 17.1 0 2.5 0 0 11.3 112 102 5 -3.3
"80" "64" 2015-04-12 34.46 "OKC" "@" "IND" "L" -12 0 24.1166666666667 0.102 0 13.7 21.5 16.8 19.4 0 3.4 17 10.1 82 119 2.7 -4.9
"81" "65" 2015-04-13 34.46 "OKC" "" "POR" "W" 11 0 24.5 0.2 0.2 3.9 9.1 6.3 0 0 3.3 0 8.5 63 98 -0.3 -8.8
"82" "66" 2015-04-15 34.47 "OKC" "@" "MIN" "W" 25 0 26.2166666666667 0.761 0.786 4.3 8.7 6.5 12.8 1.8 0 20.2 14.9 134 117 9.1 0.5
"1" "1" 2015-10-28 35.01 "OKC" "" "SAS" "W" 6 0 8.36666666666667 NA NA 0 42 21.2 13.7 0 0 100 15 16 104 -2.6 -16.5
"2" "" 2015-10-30 35.01 "OKC" "@" "ORL" "W" 3 NA NA NA NA NA NA NA NA NA NA NA NA NA NA NA NA
"3" "2" 2015-11-01 35.02 "OKC" "" "DEN" "W" 24 0 9.86666666666667 1.136 NA 14.3 28.6 22.9 10.8 5.1 0 0 3.8 240 87 5.3 12.9
"4" "" 2015-11-02 35.02 "OKC" "@" "HOU" "L" -5 NA NA NA NA NA NA NA NA NA NA NA NA NA NA NA NA
"5" "3" 2015-11-04 35.02 "OKC" "" "TOR" "L" -5 0 15.1333333333333 0.25 0.25 14.4 7.6 11.1 0 6.7 0 0 11.8 81 103 2.5 -3
"6" "4" 2015-11-05 35.03 "OKC" "@" "CHI" "L" -6 0 8.66666666666667 NA NA 0 0 0 0 0 0 100 5.4 0 121 -1.8 -16.9
"7" "" 2015-11-08 35.04 "OKC" "" "PHO" "W" 21 NA NA NA NA NA NA NA NA NA NA NA NA NA NA NA NA
"8" "5" 2015-11-10 35.04 "OKC" "@" "WAS" "W" 24 0 5.46666666666667 0.5 0.5 0 0 0 0 0 0 0 15.9 102 109 1 -6.1
"9" "6" 2015-11-13 35.05 "OKC" "" "PHI" "W" 17 0 19.3833333333333 0.5 0.5 21.1 19.4 20.2 15.7 0 3.6 25 16.6 101 88 5.5 -2.8
"10" "7" 2015-11-15 35.05 "OKC" "" "BOS" "L" -15 0 14.9833333333333 0.515 0.333 7.1 26.7 15.8 25.8 3.4 0 20.5 14.5 104 101 4.1 1
"11" "8" 2015-11-16 35.06 "OKC" "@" "MEM" "L" -8 0 16.8833333333333 0.25 0.25 8.4 19.4 14.6 7.5 0 8.5 20 12.5 69 123 1.1 -7.3
"12" "9" 2015-11-18 35.06 "OKC" "" "NOP" "W" 7 0 17.6 1 1 0 18.6 9.1 30.9 2.8 4.3 75 9.4 75 100 3.3 2.9
"13" "10" 2015-11-20 35.07 "OKC" "" "NYK" "L" -3 0 20.3333333333333 0.75 0.75 13.9 27.8 19.4 8.5 2.6 4.5 20 10.2 134 95 7.9 5.7
"14" "11" 2015-11-22 35.07 "OKC" "" "DAL" "W" 3 0 16.55 0.727 0.667 21.2 16.1 18.8 8.2 0 4.5 12.7 20.1 144 115 9.3 3.7
"15" "12" 2015-11-23 35.08 "OKC" "@" "UTA" "W" 22 0 18.4333333333333 0.5 0.5 7.7 0 3.4 6.6 2.8 0 33.3 7.7 97 100 0.8 -4.2
"16" "13" 2015-11-25 35.08 "OKC" "" "BRK" "W" 11 0 12.2333333333333 0.5 0.5 10.3 24 18 10.6 0 0 33.3 11.1 94 100 1.5 -6.4
"17" "14" 2015-11-27 35.09 "OKC" "" "DET" "W" 16 0 8.18333333333333 NA NA 0 29.8 18.3 15.9 0 0 NA 0 219 90 1.6 6
"18" "15" 2015-11-30 35.1 "OKC" "@" "ATL" "L" -6 0 12.9666666666667 0.333 0.333 14.8 7.6 11.2 11.1 0 0 50 19.5 55 119 -1.9 -19.1
"19" "16" 2015-12-03 35.1 "OKC" "@" "MIA" "L" -2 0 10.2666666666667 0.5 0.5 0 0 0 0 0 0 33.3 13.4 64 109 -0.4 -9
"20" "" 2015-12-06 35.11 "OKC" "" "SAC" "W" 3 NA NA NA NA NA NA NA NA NA NA NA NA NA NA NA NA
"21" "17" 2015-12-08 35.12 "OKC" "@" "MEM" "W" 37 0 15.1833333333333 0 0 0 26.9 16 6.7 3.4 9.4 0 3 71 82 3.2 6.2
"22" "18" 2015-12-10 35.12 "OKC" "" "ATL" "W" 13 0 11.3 0 0 10.9 36.2 24.7 10.9 0 0 50 8.1 56 101 -0.3 -8.6
"23" "19" 2015-12-11 35.13 "OKC" "@" "UTA" "W" 4 0 15 0.568 NA 8.2 14.2 11.4 0 0 0 0 2.8 149 106 0.7 -3.9
"24" "20" 2015-12-13 35.13 "OKC" "" "UTA" "W" 6 0 13 0.347 0 0 0 0 0 0 0 0 11.5 83 117 -0.2 -13.2
"25" "21" 2015-12-16 35.14 "OKC" "" "POR" "W" 16 0 21.6666666666667 0.4 0.4 5 8.2 6.8 6.6 2.3 0 28.6 13.7 73 95 1.1 -4.6
"26" "22" 2015-12-17 35.14 "OKC" "@" "CLE" "L" -4 0 7.88333333333333 0.667 0.667 17.4 14.2 15.6 0 0 0 0 18.6 141 121 2.1 -7.5
"27" "23" 2015-12-19 35.15 "OKC" "" "LAL" "W" 40 0 15.7166666666667 1.078 1 0 23.5 13.9 21.3 0 0 30.1 9.2 165 82 6.6 10.1
"28" "24" 2015-12-21 35.15 "OKC" "@" "LAC" "W" 1 0 8.55 1 1 25 51 37.8 32.7 0 0 50 10.7 135 101 3.5 5.4
"29" "25" 2015-12-23 35.16 "OKC" "@" "LAL" "W" 35 0 17.8166666666667 0.5 0.5 12.8 29.9 22.5 0 0 0 20 11.5 103 90 3.8 -4.6
"30" "26" 2015-12-25 35.16 "OKC" "" "CHI" "L" -9 0 11.3 0.5 0.5 15.4 0 8.4 0 0 0 0 7.1 133 120 2 -5.2
"31" "27" 2015-12-27 35.17 "OKC" "" "DEN" "W" 10 0 14.5833333333333 0 0 0 0 0 0 0 0 41 15.1 0 131 -5 -25.3
"32" "28" 2015-12-29 35.18 "OKC" "" "MIL" "W" 8 0 11.9166666666667 1 1 0 0 0 0 4 0 0 3.5 200 124 2.3 -0.7
"33" "29" 2015-12-31 35.18 "OKC" "" "PHO" "W" 4 0 7.46666666666667 NA NA 33.8 0 17.4 15.3 0 0 NA 0 215 128 1.7 -1
"34" "30" 2016-01-02 35.19 "OKC" "@" "CHO" "W" 19 0 6.6 NA NA 19.7 14.5 16.7 0 0 0 NA 0 221 103 0.6 -3
"35" "31" 2016-01-04 35.19 "OKC" "" "SAC" "L" -12 0 4.65 0 0 22.4 25.2 23.7 0 10.2 0 50 18.1 31 93 -0.5 -16.5
"36" "32" 2016-01-06 35.2 "OKC" "" "MEM" "W" 18 0 17.2 0.258 0 13 11.6 12.3 7.3 0 4 0 9.6 103 98 2.1 -2.7
"37" "33" 2016-01-08 35.2 "OKC" "@" "LAL" "W" 4 0 9.88333333333333 0 0 24.3 0 12.3 10.8 0 0 0 8.6 89 130 0.7 -7.3
"38" "34" 2016-01-10 35.21 "OKC" "@" "POR" "L" -5 0 4.83333333333333 0 0 0 0 0 26.8 0 0 0 9 57 128 0 -4.8
"39" "35" 2016-01-12 35.21 "OKC" "@" "MIN" "W" 5 0 9.61666666666667 0 0 0 0 0 0 0 0 0 8.7 0 109 -1.5 -12.3
"40" "" 2016-01-13 35.22 "OKC" "" "DAL" "W" 19 NA NA NA NA NA NA NA NA NA NA NA NA NA NA NA NA
"41" "36" 2016-01-15 35.22 "OKC" "" "MIN" "W" 20 0 7.08333333333333 1 1 33.1 0 15.9 33.7 0 0 0 6.5 205 119 3.7 11
"42" "" 2016-01-17 35.23 "OKC" "" "MIA" "W" 25 NA NA NA NA NA NA NA NA NA NA NA NA NA NA NA NA
"43" "37" 2016-01-19 35.23 "OKC" "@" "DEN" "W" 6 0 3.91666666666667 0 0 23.6 0 12.3 0 0 0 0 9.9 60 112 -0.4 -16.8
"44" "" 2016-01-20 35.24 "OKC" "" "CHO" "W" 14 NA NA NA NA NA NA NA NA NA NA NA NA NA NA NA NA
"45" "38" 2016-01-22 35.24 "OKC" "@" "DAL" "W" 3 1 21.0833333333333 0.647 0.5 31.8 30.8 31.3 0 0 0 0 9.5 167 116 9.1 3.2
"46" "39" 2016-01-24 35.25 "OKC" "@" "BRK" "L" -10 1 11.5166666666667 0.798 1 27.8 8.3 17.5 10.7 0 5.4 0 6.8 183 121 4.5 2.9
"47" "" 2016-01-26 35.25 "OKC" "@" "NYK" "W" 6 NA NA NA NA NA NA NA NA NA NA NA NA NA NA NA NA
"48" "40" 2016-01-27 35.25 "OKC" "@" "MIN" "W" 3 0 15.9666666666667 1.031 1 23.7 0 11 7.7 0 11.9 20.5 13.1 173 122 10.6 15.5
"49" "" 2016-01-29 35.26 "OKC" "" "HOU" "W" 8 NA NA NA NA NA NA NA NA NA NA NA NA NA NA NA NA
"50" "41" 2016-02-01 35.27 "OKC" "" "WAS" "W" 16 0 10.8166666666667 0.4 0.4 22.8 0 11.1 0 4.5 7.4 16.7 23.6 88 87 3 -3.3
"51" "42" 2016-02-03 35.27 "OKC" "" "ORL" "W" 3 0 4.76666666666667 0 0 0 0 0 0 0 0 50 17.2 0 131 -2.1 -30.9
"52" "" 2016-02-06 35.28 "OKC" "@" "GSW" "L" -8 NA NA NA NA NA NA NA NA NA NA NA NA NA NA NA NA
"53" "43" 2016-02-08 35.29 "OKC" "@" "PHO" "W" 16 0 3.88333333333333 NA NA 0 0 0 0 0 0 100 11 0 118 -1.8 -27.6
"54" "44" 2016-02-11 35.3 "OKC" "" "NOP" "W" 26 0 12.7 1 1 11.5 15.7 14 0 0 0 50 6.6 102 100 0.8 -5.4
"55" "45" 2016-02-19 35.32 "OKC" "" "IND" "L" -3 0 8.7 NA NA 12.5 22.5 17.8 13.1 0 0 100 4.9 72 103 0.2 -6.8
"56" "46" 2016-02-21 35.32 "OKC" "" "CLE" "L" -23 0 16.2 0.667 0.667 5.9 15.6 10.1 0 0 0 0 8.2 142 133 3.2 -5.5
"57" "47" 2016-02-24 35.33 "OKC" "@" "DAL" "W" 13 0 10.45 0.5 0.5 0 9 4.9 0 0 0 33.3 12.3 62 115 -0.1 -10.5
"58" "48" 2016-02-25 35.33 "OKC" "@" "NOP" "L" -4 0 4.03333333333333 NA NA 0 0 0 25.3 0 0 NA 0 217 137 0.7 4.1
"59" "" 2016-02-27 35.34 "OKC" "" "GSW" "L" -3 NA NA NA NA NA NA NA NA NA NA NA NA NA NA NA NA
"60" "49" 2016-02-29 35.35 "OKC" "@" "SAC" "W" 15 0 3.63333333333333 NA NA 0 0 0 0 0 0 100 11.5 0 122 -1.8 -24.9
"61" "" 2016-03-02 35.35 "OKC" "@" "LAC" "L" -5 NA NA NA NA NA NA NA NA NA NA NA NA NA NA NA NA
"62" "" 2016-03-03 35.35 "OKC" "@" "GSW" "L" -15 NA NA NA NA NA NA NA NA NA NA NA NA NA NA NA NA
"63" "" 2016-03-06 35.36 "OKC" "@" "MIL" "W" 8 NA NA NA NA NA NA NA NA NA NA NA NA NA NA NA NA
"64" "" 2016-03-09 35.37 "OKC" "" "LAC" "W" 12 NA NA NA NA NA NA NA NA NA NA NA NA NA NA NA NA
"65" "50" 2016-03-11 35.38 "OKC" "" "MIN" "L" -3 0 16.6 0.521 0.5 18.5 32.9 25.4 17.5 0 0 41 11.9 92 100 4.2 2.8
"66" "51" 2016-03-12 35.38 "OKC" "@" "SAS" "L" -8 0 8.88333333333333 0 0 0 10.6 5.4 17.4 0 0 66.7 14.6 14 107 -2.5 -16.8
"67" "52" 2016-03-14 35.38 "OKC" "" "POR" "W" 34 0 13.9 0 0 9.9 24.7 19 7 3.6 0 40 16.1 33 91 -1.7 -15.9
"68" "53" 2016-03-16 35.39 "OKC" "@" "BOS" "W" 21 0 4.1 NA NA 55.7 22.1 37 49.8 0 0 NA 0 224 112 3.1 25.1
"69" "54" 2016-03-18 35.39 "OKC" "@" "PHI" "W" 14 1 18.3166666666667 0.6 0.6 6.2 13.8 10.6 7.1 0 0 28.6 15.7 93 103 3.2 -5.1
"70" "" 2016-03-19 35.4 "OKC" "@" "IND" "W" 4 NA NA NA NA NA NA NA NA NA NA NA NA NA NA NA NA
"71" "" 2016-03-22 35.41 "OKC" "" "HOU" "W" 4 NA NA NA NA NA NA NA NA NA NA NA NA NA NA NA NA
"72" "" 2016-03-24 35.41 "OKC" "" "UTA" "W" 22 NA NA NA NA NA NA NA NA NA NA NA NA NA NA NA NA
"73" "" 2016-03-26 35.42 "OKC" "" "SAS" "W" 19 NA NA NA NA NA NA NA NA NA NA NA NA NA NA NA NA
"74" "" 2016-03-28 35.42 "OKC" "@" "TOR" "W" 19 NA NA NA NA NA NA NA NA NA NA NA NA NA NA NA NA
"75" "55" 2016-03-29 35.42 "OKC" "@" "DET" "L" -6 0 4.46666666666667 1 1 0 22.9 11 0 0 0 0 9.7 200 97 2 7.7
"76" "" 2016-03-31 35.43 "OKC" "" "LAC" "W" 2 NA NA NA NA NA NA NA NA NA NA NA NA NA NA NA NA
"77" "" 2016-04-03 35.44 "OKC" "@" "HOU" "L" -8 NA NA NA NA NA NA NA NA NA NA NA NA NA NA NA NA
"78" "56" 2016-04-05 35.44 "OKC" "@" "DEN" "W" 22 0 6.65 0 0 17.6 69.4 46.6 15.7 0 12.4 50 12.6 62 83 1.9 1
"79" "57" 2016-04-06 35.45 "OKC" "@" "POR" "L" -5 0 9.43333333333333 0.266 0 0 0 0 47.3 0 0 34.7 12 92 129 1.3 1.7
"80" "" 2016-04-09 35.45 "OKC" "@" "SAC" "L" -2 NA NA NA NA NA NA NA NA NA NA NA NA NA NA NA NA
"81" "58" 2016-04-11 35.46 "OKC" "" "LAL" "W" 33 0 12.45 1 1 0 0 0 10.1 3.9 7.7 50 6.5 96 80 2.7 2.8
"82" "59" 2016-04-12 35.46 "OKC" "@" "SAS" "L" -4 1 30.2666666666667 0.75 0.75 10.7 21.9 16.2 23.5 1.8 0 42.9 10.3 105 102 7.1 3.2
"1" "" 2016-10-26 36 "OKC" "@" "PHI" "W" 6 NA NA NA NA NA NA NA NA NA NA NA NA NA NA NA NA
"2" "" 2016-10-28 36.01 "OKC" "" "PHO" "W" 3 NA NA NA NA NA NA NA NA NA NA NA NA NA NA NA NA
"3" "" 2016-10-30 36.01 "OKC" "" "LAL" "W" 17 NA NA NA NA NA NA NA NA NA NA NA NA NA NA NA NA
"4" "1" 2016-11-02 36.02 "OKC" "@" "LAC" "W" 2 0 7.13333333333333 NA NA 0 26.9 14.5 59.4 0 0 NA 0 215 85 2.7 15.9
"5" "" 2016-11-03 36.02 "OKC" "@" "GSW" "L" -26 NA NA NA NA NA NA NA NA NA NA NA NA NA NA NA NA
"6" "" 2016-11-05 36.03 "OKC" "" "MIN" "W" 20 NA NA NA NA NA NA NA NA NA NA NA NA NA NA NA NA
"7" "" 2016-11-07 36.03 "OKC" "" "MIA" "W" 12 NA NA NA NA NA NA NA NA NA NA NA NA NA NA NA NA
"8" "" 2016-11-09 36.04 "OKC" "" "TOR" "L" -10 NA NA NA NA NA NA NA NA NA NA NA NA NA NA NA NA
"9" "2" 2016-11-11 36.04 "OKC" "" "LAC" "L" -2 0 4.98333333333333 0 0 0 0 0 25.3 0 0 50 17.1 30 114 -1.8 -20.3
"10" "3" 2016-11-13 36.05 "OKC" "" "ORL" "L" -2 0 4.7 0 0 0 0 0 21.7 0 0 0 9 58 131 0 -7.7
"11" "4" 2016-11-14 36.05 "OKC" "@" "DET" "L" -16 0 1.83333333333333 NA NA 0 0 0 0 0 0 NA 0 0 108 -0.4 -17.7
"12" "5" 2016-11-16 36.06 "OKC" "" "HOU" "W" 2 0 3.11666666666667 NA NA 0 0 0 0 0 0 NA 0 0 113 0 -7.7
"13" "" 2016-11-18 36.06 "OKC" "" "BRK" "W" 19 NA NA NA NA NA NA NA NA NA NA NA NA NA NA NA NA
"14" "" 2016-11-20 36.07 "OKC" "" "IND" "L" -4 NA NA NA NA NA NA NA NA NA NA NA NA NA NA NA NA
"15" "" 2016-11-22 36.07 "OKC" "@" "LAL" "L" -2 NA NA NA NA NA NA NA NA NA NA NA NA NA NA NA NA
"16" "" 2016-11-23 36.08 "OKC" "@" "SAC" "L" -15 NA NA NA NA NA NA NA NA NA NA NA NA NA NA NA NA
"17" "" 2016-11-25 36.08 "OKC" "@" "DEN" "W" 3 NA NA NA NA NA NA NA NA NA NA NA NA NA NA NA NA
"18" "" 2016-11-26 36.08 "OKC" "" "DET" "W" 18 NA NA NA NA NA NA NA NA NA NA NA NA NA NA NA NA
"19" "" 2016-11-28 36.09 "OKC" "@" "NYK" "W" 9 NA NA NA NA NA NA NA NA NA NA NA NA NA NA NA NA
"20" "" 2016-11-30 36.1 "OKC" "" "WAS" "W" 11 NA NA NA NA NA NA NA NA NA NA NA NA NA NA NA NA
"21" "" 2016-12-04 36.11 "OKC" "" "NOP" "W" 9 NA NA NA NA NA NA NA NA NA NA NA NA NA NA NA NA
"22" "" 2016-12-05 36.11 "OKC" "@" "ATL" "W" 3 NA NA NA NA NA NA NA NA NA NA NA NA NA NA NA NA
"23" "" 2016-12-09 36.12 "OKC" "" "HOU" "L" -3 NA NA NA NA NA NA NA NA NA NA NA NA NA NA NA NA
"24" "" 2016-12-11 36.13 "OKC" "" "BOS" "W" 3 NA NA NA NA NA NA NA NA NA NA NA NA NA NA NA NA
"25" "6" 2016-12-13 36.13 "OKC" "@" "POR" "L" -19 0 7.65 NA NA 0 53.8 23.5 19 0 0 100 5.2 37 116 0.2 -8.9
"26" "7" 2016-12-14 36.13 "OKC" "@" "UTA" "L" -20 0 16.3 0.5 0.5 12.5 20.3 15.5 10.9 3.4 0 0 5.7 142 121 4.7 1
"27" "8" 2016-12-17 36.14 "OKC" "" "PHO" "W" 13 0 5.91666666666667 0.902 1 21.9 33.8 28.6 0 0 0 0 28.9 179 103 6.6 17
"28" "9" 2016-12-19 36.15 "OKC" "" "ATL" "L" -2 0 1.46666666666667 NA NA 0 0 0 0 0 0 NA 0 0 123 -0.4 -21.3
"29" "" 2016-12-21 36.15 "OKC" "@" "NOP" "W" 11 NA NA NA NA NA NA NA NA NA NA NA NA NA NA NA NA
"30" "" 2016-12-23 36.16 "OKC" "@" "BOS" "W" 5 NA NA NA NA NA NA NA NA NA NA NA NA NA NA NA NA
"31" "" 2016-12-25 36.16 "OKC" "" "MIN" "W" 12 NA NA NA NA NA NA NA NA NA NA NA NA NA NA NA NA
"32" "" 2016-12-27 36.17 "OKC" "@" "MIA" "W" 12 NA NA NA NA NA NA NA NA NA NA NA NA NA NA NA NA
"33" "10" 2016-12-29 36.18 "OKC" "@" "MEM" "L" -34 0 7.65 0.727 0.667 0 0 0 0 0 10.5 0 19.9 155 128 4 9.3
"34" "" 2016-12-31 36.18 "OKC" "" "LAC" "W" 26 NA NA NA NA NA NA NA NA NA NA NA NA NA NA NA NA
"35" "" 2017-01-02 36.19 "OKC" "@" "MIL" "L" -4 NA NA NA NA NA NA NA NA NA NA NA NA NA NA NA NA
"36" "" 2017-01-04 36.19 "OKC" "@" "CHO" "L" -11 NA NA NA NA NA NA NA NA NA NA NA NA NA NA NA NA
"37" "" 2017-01-05 36.19 "OKC" "@" "HOU" "L" -2 NA NA NA NA NA NA NA NA NA NA NA NA NA NA NA NA
"38" "" 2017-01-07 36.2 "OKC" "" "DEN" "W" 15 NA NA NA NA NA NA NA NA NA NA NA NA NA NA NA NA
"39" "" 2017-01-09 36.21 "OKC" "@" "CHI" "W" 15 NA NA NA NA NA NA NA NA NA NA NA NA NA NA NA NA
"40" "11" 2017-01-11 36.21 "OKC" "" "MEM" "W" 8 0 4.38333333333333 NA NA 0 0 0 0 0 0 100 10 0 108 -1 -16.6
"41" "" 2017-01-13 36.22 "OKC" "@" "MIN" "L" -10 NA NA NA NA NA NA NA NA NA NA NA NA NA NA NA NA
"42" "" 2017-01-15 36.22 "OKC" "@" "SAC" "W" 4 NA NA NA NA NA NA NA NA NA NA NA NA NA NA NA NA
"43" "" 2017-01-16 36.22 "OKC" "@" "LAC" "L" -22 NA NA NA NA NA NA NA NA NA NA NA NA NA NA NA NA
"44" "" 2017-01-18 36.23 "OKC" "@" "GSW" "L" -21 NA NA NA NA NA NA NA NA NA NA NA NA NA NA NA NA
"45" "" 2017-01-23 36.24 "OKC" "@" "UTA" "W" 2 NA NA NA NA NA NA NA NA NA NA NA NA NA NA NA NA
"46" "" 2017-01-25 36.25 "OKC" "@" "NOP" "W" 9 NA NA NA NA NA NA NA NA NA NA NA NA NA NA NA NA
"47" "" 2017-01-26 36.25 "OKC" "" "DAL" "W" 11 NA NA NA NA NA NA NA NA NA NA NA NA NA NA NA NA
"48" "" 2017-01-29 36.26 "OKC" "@" "CLE" "L" -16 NA NA NA NA NA NA NA NA NA NA NA NA NA NA NA NA
"49" "" 2017-01-31 36.27 "OKC" "@" "SAS" "L" -14 NA NA NA NA NA NA NA NA NA NA NA NA NA NA NA NA
"50" "12" 2017-02-01 36.27 "OKC" "" "CHI" "L" -28 0 3.43333333333333 NA NA 0 0 0 0 0 0 NA 0 0 135 0 -11.7
"51" "13" 2017-02-03 36.27 "OKC" "" "MEM" "W" 12 0 11.15 0.568 NA 11.6 22.1 17 11.3 0 0 36.2 10.4 99 111 1.4 -4.7
"52" "" 2017-02-05 36.28 "OKC" "" "POR" "W" 6 NA NA NA NA NA NA NA NA NA NA NA NA NA NA NA NA
"53" "" 2017-02-06 36.28 "OKC" "@" "IND" "L" -3 NA NA NA NA NA NA NA NA NA NA NA NA NA NA NA NA
"54" "" 2017-02-09 36.29 "OKC" "" "CLE" "W" 9 NA NA NA NA NA NA NA NA NA NA NA NA NA NA NA NA
"55" "14" 2017-02-11 36.3 "OKC" "" "GSW" "L" -16 0 1.55 NA NA 0 0 0 0 0 0 NA 0 0 136 0 -7.4
"56" "" 2017-02-13 36.3 "OKC" "@" "WAS" "L" -22 NA NA NA NA NA NA NA NA NA NA NA NA NA NA NA NA
"57" "" 2017-02-15 36.31 "OKC" "" "NYK" "W" 11 NA NA NA NA NA NA NA NA NA NA NA NA NA NA NA NA
"58" "" 2017-02-24 36.33 "OKC" "" "LAL" "W" 17 NA NA NA NA NA NA NA NA NA NA NA NA NA NA NA NA
"59" "" 2017-02-26 36.34 "OKC" "" "NOP" "W" 8 NA NA NA NA NA NA NA NA NA NA NA NA NA NA NA NA
"60" "" 2017-02-28 36.34 "OKC" "" "UTA" "W" 3 NA NA NA NA NA NA NA NA NA NA NA NA NA NA NA NA
"61" "" 2017-03-02 36.35 "OKC" "@" "POR" "L" -5 NA NA NA NA NA NA NA NA NA NA NA NA NA NA NA NA
"62" "" 2017-03-03 36.35 "OKC" "@" "PHO" "L" -7 NA NA NA NA NA NA NA NA NA NA NA NA NA NA NA NA
"63" "" 2017-03-05 36.36 "OKC" "@" "DAL" "L" -15 NA NA NA NA NA NA NA NA NA NA NA NA NA NA NA NA
"64" "" 2017-03-07 36.36 "OKC" "" "POR" "L" -5 NA NA NA NA NA NA NA NA NA NA NA NA NA NA NA NA
"65" "" 2017-03-09 36.37 "OKC" "" "SAS" "W" 10 NA NA NA NA NA NA NA NA NA NA NA NA NA NA NA NA
"66" "" 2017-03-11 36.37 "OKC" "" "UTA" "W" 8 NA NA NA NA NA NA NA NA NA NA NA NA NA NA NA NA
"67" "" 2017-03-14 36.38 "OKC" "@" "BRK" "W" 18 NA NA NA NA NA NA NA NA NA NA NA NA NA NA NA NA
"68" "" 2017-03-16 36.39 "OKC" "@" "TOR" "W" 21 NA NA NA NA NA NA NA NA NA NA NA NA NA NA NA NA
"69" "" 2017-03-18 36.39 "OKC" "" "SAC" "W" 16 NA NA NA NA NA NA NA NA NA NA NA NA NA NA NA NA
"70" "" 2017-03-20 36.4 "OKC" "" "GSW" "L" -16 NA NA NA NA NA NA NA NA NA NA NA NA NA NA NA NA
"71" "15" 2017-03-22 36.4 "OKC" "" "PHI" "W" 25 0 8.48333333333333 1.017 1 30.6 40.4 35.8 36.5 0 9.1 0 16.6 208 95 9.3 27.4
"72" "" 2017-03-26 36.41 "OKC" "@" "HOU" "L" -12 NA NA NA NA NA NA NA NA NA NA NA NA NA NA NA NA
"73" "16" 2017-03-27 36.42 "OKC" "@" "DAL" "W" 1 0 6.18333333333333 NA NA 0 17.3 8.9 0 8.3 0 NA 0 0 85 0.9 0
"74" "" 2017-03-29 36.42 "OKC" "@" "ORL" "W" 8 NA NA NA NA NA NA NA NA NA NA NA NA NA NA NA NA
"75" "" 2017-03-31 36.43 "OKC" "" "SAS" "L" -5 NA NA NA NA NA NA NA NA NA NA NA NA NA NA NA NA
"76" "" 2017-04-02 36.43 "OKC" "" "CHO" "L" -12 NA NA NA NA NA NA NA NA NA NA NA NA NA NA NA NA
"77" "17" 2017-04-04 36.44 "OKC" "" "MIL" "W" 31 0 9.65 0 0 12.8 28.7 21.9 0 0 0 0 13.8 29 86 -1.3 -20.3
"78" "18" 2017-04-05 36.44 "OKC" "@" "MEM" "W" 3 0 5.66666666666667 NA NA 0 21.7 10.3 0 0 0 NA 0 0 113 0.3 -7.1
"79" "" 2017-04-07 36.45 "OKC" "@" "PHO" "L" -21 NA NA NA NA NA NA NA NA NA NA NA NA NA NA NA NA
"80" "" 2017-04-09 36.45 "OKC" "@" "DEN" "W" 1 NA NA NA NA NA NA NA NA NA NA NA NA NA NA NA NA
"81" "19" 2017-04-11 36.46 "OKC" "@" "MIN" "W" 2 0 7.88333333333333 1 1 0 38.9 20.5 24.5 0 0 0 10.7 203 102 4.6 11.1
"82" "20" 2017-04-12 36.46 "OKC" "" "DEN" "L" -6 0 8.63333333333333 0.6 0.6 21.4 0 11.8 21.1 0 0 0 23.1 139 114 5.4 6.4
"1" "" 2017-10-19 36.98 "OKC" "" "NYK" "W" 21 NA NA NA NA NA NA NA NA NA NA NA NA NA NA NA NA
"2" "" 2017-10-21 36.99 "OKC" "@" "UTA" "L" -9 NA NA NA NA NA NA NA NA NA NA NA NA NA NA NA NA
"3" "" 2017-10-22 36.99 "OKC" "" "MIN" "L" -2 NA NA NA NA NA NA NA NA NA NA NA NA NA NA NA NA
"4" "" 2017-10-25 37 "OKC" "" "IND" "W" 18 NA NA NA NA NA NA NA NA NA NA NA NA NA NA NA NA
"5" "" 2017-10-27 37 "OKC" "@" "MIN" "L" -3 NA NA NA NA NA NA NA NA NA NA NA NA NA NA NA NA
"6" "1" 2017-10-28 37.01 "OKC" "@" "CHI" "W" 32 0 4.8 NA NA 0 0 0 25.6 0 0 NA 0 233 95 0.7 -0.6
"7" "" 2017-10-31 37.01 "OKC" "@" "MIL" "W" 19 NA NA NA NA NA NA NA NA NA NA NA NA NA NA NA NA
"8" "" 2017-11-03 37.02 "OKC" "" "BOS" "L" -7 NA NA NA NA NA NA NA NA NA NA NA NA NA NA NA NA
"9" "" 2017-11-05 37.03 "OKC" "@" "POR" "L" -4 NA NA NA NA NA NA NA NA NA NA NA NA NA NA NA NA
"10" "" 2017-11-07 37.03 "OKC" "@" "SAC" "L" -8 NA NA NA NA NA NA NA NA NA NA NA NA NA NA NA NA
"11" "" 2017-11-09 37.04 "OKC" "@" "DEN" "L" -8 NA NA NA NA NA NA NA NA NA NA NA NA NA NA NA NA
"12" "" 2017-11-10 37.04 "OKC" "" "LAC" "W" 9 NA NA NA NA NA NA NA NA NA NA NA NA NA NA NA NA
"13" "" 2017-11-12 37.05 "OKC" "" "DAL" "W" 13 NA NA NA NA NA NA NA NA NA NA NA NA NA NA NA NA
"14" "" 2017-11-15 37.05 "OKC" "" "CHI" "W" 13 NA NA NA NA NA NA NA NA NA NA NA NA NA NA NA NA
"15" "" 2017-11-17 37.06 "OKC" "@" "SAS" "L" -3 NA NA NA NA NA NA NA NA NA NA NA NA NA NA NA NA
"16" "" 2017-11-20 37.07 "OKC" "@" "NOP" "L" -7 NA NA NA NA NA NA NA NA NA NA NA NA NA NA NA NA
"17" "" 2017-11-22 37.07 "OKC" "" "GSW" "W" 17 NA NA NA NA NA NA NA NA NA NA NA NA NA NA NA NA
"18" "" 2017-11-24 37.08 "OKC" "" "DET" "L" -1 NA NA NA NA NA NA NA NA NA NA NA NA NA NA NA NA
"19" "2" 2017-11-25 37.08 "OKC" "@" "DAL" "L" -16 0 7.65 1 1 14.6 32.2 23 0 0 0 0 12.2 207 111 4.7 9
"20" "" 2017-11-29 37.09 "OKC" "@" "ORL" "L" -13 NA NA NA NA NA NA NA NA NA NA NA NA NA NA NA NA
"21" "3" 2017-12-01 37.1 "OKC" "" "MIN" "W" 4 0 2.1 1.136 NA 0 65.3 33.6 55.7 0 0 53.2 40.3 121 115 1.6 10.5
"22" "" 2017-12-03 37.1 "OKC" "" "SAS" "W" 3 NA NA NA NA NA NA NA NA NA NA NA NA NA NA NA NA
"23" "" 2017-12-05 37.11 "OKC" "" "UTA" "W" 6 NA NA NA NA NA NA NA NA NA NA NA NA NA NA NA NA
"24" "4" 2017-12-07 37.12 "OKC" "@" "BRK" "L" -5 0 7.66666666666667 0.5 0.5 21.2 14.2 18.2 19.7 0 0 33.3 15.6 96 106 2.4 -0.9
"25" "" 2017-12-09 37.12 "OKC" "@" "MEM" "W" 1 NA NA NA NA NA NA NA NA NA NA NA NA NA NA NA NA
"26" "5" 2017-12-11 37.13 "OKC" "" "CHO" "L" -13 0 1.8 NA NA 0 72.1 33.3 0 0 0 NA 0 0 110 -0.5 -23.2
"27" "" 2017-12-13 37.13 "OKC" "@" "IND" "W" 5 NA NA NA NA NA NA NA NA NA NA NA NA NA NA NA NA
"28" "" 2017-12-15 37.14 "OKC" "@" "PHI" "W" 2 NA NA NA NA NA NA NA NA NA NA NA NA NA NA NA NA
"29" "6" 2017-12-16 37.14 "OKC" "@" "NYK" "L" -15 0 9.33333333333333 0.798 1 0 16.1 6.7 0 0 0 0 9 158 135 1.8 -7.9
"30" "" 2017-12-18 37.15 "OKC" "" "DEN" "W" 1 NA NA NA NA NA NA NA NA NA NA NA NA NA NA NA NA
"31" "7" 2017-12-20 37.15 "OKC" "" "UTA" "W" 28 0 5.95 1 1 0 17.9 10 0 0 0 0 8.1 200 96 2 2.5
"32" "" 2017-12-22 37.16 "OKC" "" "ATL" "W" 3 NA NA NA NA NA NA NA NA NA NA NA NA NA NA NA NA
"33" "" 2017-12-23 37.16 "OKC" "@" "UTA" "W" 14 NA NA NA NA NA NA NA NA NA NA NA NA NA NA NA NA
"34" "" 2017-12-25 37.16 "OKC" "" "HOU" "W" 5 NA NA NA NA NA NA NA NA NA NA NA NA NA NA NA NA
"35" "" 2017-12-27 37.17 "OKC" "" "TOR" "W" 17 NA NA NA NA NA NA NA NA NA NA NA NA NA NA NA NA
"36" "" 2017-12-29 37.18 "OKC" "" "MIL" "L" -2 NA NA NA NA NA NA NA NA NA NA NA NA NA NA NA NA
"37" "" 2017-12-31 37.18 "OKC" "" "DAL" "L" -3 NA NA NA NA NA NA NA NA NA NA NA NA NA NA NA NA
"38" "8" 2018-01-03 37.19 "OKC" "@" "LAL" "W" 37 0 5.03333333333333 NA NA 0 18 10.7 0 0 0 NA 0 0 103 0.3 -6.7
"39" "" 2018-01-04 37.19 "OKC" "@" "LAC" "W" 10 NA NA NA NA NA NA NA NA NA NA NA NA NA NA NA NA
"40" "" 2018-01-07 37.2 "OKC" "@" "PHO" "L" -14 NA NA NA NA NA NA NA NA NA NA NA NA NA NA NA NA
"41" "" 2018-01-09 37.21 "OKC" "" "POR" "L" -11 NA NA NA NA NA NA NA NA NA NA NA NA NA NA NA NA
"42" "" 2018-01-10 37.21 "OKC" "@" "MIN" "L" -16 NA NA NA NA NA NA NA NA NA NA NA NA NA NA NA NA
"43" "" 2018-01-13 37.22 "OKC" "@" "CHO" "W" 10 NA NA NA NA NA NA NA NA NA NA NA NA NA NA NA NA
"44" "" 2018-01-15 37.22 "OKC" "" "SAC" "W" 7 NA NA NA NA NA NA NA NA NA NA NA NA NA NA NA NA
"45" "" 2018-01-17 37.23 "OKC" "" "LAL" "W" 24 NA NA NA NA NA NA NA NA NA NA NA NA NA NA NA NA
"46" "" 2018-01-20 37.24 "OKC" "@" "CLE" "W" 24 NA NA NA NA NA NA NA NA NA NA NA NA NA NA NA NA
"47" "" 2018-01-23 37.24 "OKC" "" "BRK" "W" 1 NA NA NA NA NA NA NA NA NA NA NA NA NA NA NA NA
"48" "" 2018-01-25 37.25 "OKC" "" "WAS" "W" 9 NA NA NA NA NA NA NA NA NA NA NA NA NA NA NA NA
"49" "" 2018-01-27 37.25 "OKC" "@" "DET" "W" 13 NA NA NA NA NA NA NA NA NA NA NA NA NA NA NA NA
"50" "" 2018-01-28 37.26 "OKC" "" "PHI" "W" 10 NA NA NA NA NA NA NA NA NA NA NA NA NA NA NA NA
"51" "" 2018-01-30 37.26 "OKC" "@" "WAS" "L" -6 NA NA NA NA NA NA NA NA NA NA NA NA NA NA NA NA
"52" "" 2018-02-01 37.27 "OKC" "@" "DEN" "L" -3 NA NA NA NA NA NA NA NA NA NA NA NA NA NA NA NA
"53" "" 2018-02-02 37.27 "OKC" "" "NOP" "L" -14 NA NA NA NA NA NA NA NA NA NA NA NA NA NA NA NA
"54" "" 2018-02-04 37.28 "OKC" "" "LAL" "L" -4 NA NA NA NA NA NA NA NA NA NA NA NA NA NA NA NA
"55" "" 2018-02-06 37.28 "OKC" "@" "GSW" "W" 20 NA NA NA NA NA NA NA NA NA NA NA NA NA NA NA NA
"56" "9" 2018-02-08 37.29 "OKC" "@" "LAL" "L" -25 0 7.88333333333333 0.694 1 0 26.5 12.1 0 0 0 41 26.7 58 115 1.2 -9.8
"57" "" 2018-02-11 37.3 "OKC" "" "MEM" "W" 18 NA NA NA NA NA NA NA NA NA NA NA NA NA NA NA NA
"58" "" 2018-02-13 37.3 "OKC" "" "CLE" "L" -8 NA NA NA NA NA NA NA NA NA NA NA NA NA NA NA NA
"59" "" 2018-02-14 37.3 "OKC" "@" "MEM" "W" 7 NA NA NA NA NA NA NA NA NA NA NA NA NA NA NA NA
"60" "" 2018-02-22 37.33 "OKC" "@" "SAC" "W" 3 NA NA NA NA NA NA NA NA NA NA NA NA NA NA NA NA
"61" "10" 2018-02-24 37.33 "OKC" "@" "GSW" "L" -32 0 6.18333333333333 0.333 0.333 27.7 18.9 24 36.6 0 0 25 27.7 76 123 1.7 -4
"62" "" 2018-02-26 37.34 "OKC" "" "ORL" "W" 7 NA NA NA NA NA NA NA NA NA NA NA NA NA NA NA NA
"63" "" 2018-02-28 37.34 "OKC" "@" "DAL" "W" 1 NA NA NA NA NA NA NA NA NA NA NA NA NA NA NA NA
"64" "" 2018-03-02 37.35 "OKC" "@" "PHO" "W" 8 NA NA NA NA NA NA NA NA NA NA NA NA NA NA NA NA
"65" "" 2018-03-03 37.35 "OKC" "@" "POR" "L" -8 NA NA NA NA NA NA NA NA NA NA NA NA NA NA NA NA
"66" "" 2018-03-06 37.36 "OKC" "" "HOU" "L" -10 NA NA NA NA NA NA NA NA NA NA NA NA NA NA NA NA
"67" "11" 2018-03-08 37.36 "OKC" "" "PHO" "W" 28 0 4.18333333333333 1 1 0 22.9 12.5 0 0 0 0 20.9 200 90 3.7 15.2
"68" "12" 2018-03-10 37.37 "OKC" "" "SAS" "W" 10 0 6.41666666666667 0.595 0.6 15.6 17 16.3 0 0 0 14.5 46.6 100 102 3.9 -1.4
"69" "" 2018-03-12 37.38 "OKC" "" "SAC" "W" 5 NA NA NA NA NA NA NA NA NA NA NA NA NA NA NA NA
"70" "13" 2018-03-13 37.38 "OKC" "@" "ATL" "W" 12 0 2.76666666666667 0 0 0 0 0 0 0 0 50 32.4 0 125 -2.1 -51
"71" "" 2018-03-16 37.39 "OKC" "" "LAC" "W" 8 NA NA NA NA NA NA NA NA NA NA NA NA NA NA NA NA
"72" "" 2018-03-18 37.39 "OKC" "@" "TOR" "W" 7 NA NA NA NA NA NA NA NA NA NA NA NA NA NA NA NA
"73" "" 2018-03-20 37.4 "OKC" "@" "BOS" "L" -1 NA NA NA NA NA NA NA NA NA NA NA NA NA NA NA NA
"74" "" 2018-03-23 37.41 "OKC" "" "MIA" "W" 6 NA NA NA NA NA NA NA NA NA NA NA NA NA NA NA NA
"75" "" 2018-03-25 37.41 "OKC" "" "POR" "L" -3 NA NA NA NA NA NA NA NA NA NA NA NA NA NA NA NA
"76" "" 2018-03-29 37.42 "OKC" "@" "SAS" "L" -4 NA NA NA NA NA NA NA NA NA NA NA NA NA NA NA NA
"77" "" 2018-03-30 37.42 "OKC" "" "DEN" "L" -1 NA NA NA NA NA NA NA NA NA NA NA NA NA NA NA NA
"78" "" 2018-04-01 37.43 "OKC" "@" "NOP" "W" 5 NA NA NA NA NA NA NA NA NA NA NA NA NA NA NA NA
"79" "" 2018-04-03 37.44 "OKC" "" "GSW" "L" -4 NA NA NA NA NA NA NA NA NA NA NA NA NA NA NA NA
"80" "" 2018-04-07 37.45 "OKC" "@" "HOU" "W" 6 NA NA NA NA NA NA NA NA NA NA NA NA NA NA NA NA
"81" "14" 2018-04-09 37.45 "OKC" "@" "MIA" "W" 22 0 0.7 NA NA 0 0 0 0 0 0 NA 0 0 104 0 -6.3
"82" "15" 2018-04-11 37.46 "OKC" "" "MEM" "W" 14 0 2.35 0.227 NA 51.1 0 23.8 0 0 0 0 39.7 81 126 0.1 -29.4
