"Rk" "G" "Date" "Age" "Tm" "H/A" "Opp" "W/L" "By Amt" "GS" "MP" "TS%" "eFG%" "ORB%" "DRB%" "TRB%" "AST%" "STL%" "BLK%" "TOV%" "USG%" "ORtg" "DRtg" "GmSc" "BPM"
"1" "" 2007-10-31 20.05 "MEM" "" "SAS" "L" -3 NA NA NA NA NA NA NA NA NA NA NA NA NA NA NA NA
"2" "" 2007-11-03 20.06 "MEM" "" "IND" "L" -10 NA NA NA NA NA NA NA NA NA NA NA NA NA NA NA NA
"3" "1" 2007-11-07 20.07 "MEM" "@" "SEA" "W" 7 0 8.53333333333333 0.2 0.2 0 0 0 19.1 5.8 0 0 22.5 66 96 0.2 -8.4
"4" "2" 2007-11-09 20.08 "MEM" "@" "POR" "L" -12 0 16.9166666666667 0.901 0.875 5.7 0 3.3 39.8 3 0 18.4 13.8 159 115 9.5 12.2
"5" "3" 2007-11-10 20.08 "MEM" "@" "UTA" "L" -24 0 23.15 0.587 0.4 5.3 4.9 5.1 67 0 0 19 20.3 129 124 11.4 4.3
"6" "" 2007-11-13 20.09 "MEM" "" "HOU" "W" 6 NA NA NA NA NA NA NA NA NA NA NA NA NA NA NA NA
"7" "4" 2007-11-14 20.09 "MEM" "@" "MIL" "L" -3 0 18.2166666666667 0.773 0.667 0 5.6 3 46.9 0 0 20.5 12.6 150 122 8.2 2.7
"8" "" 2007-11-16 20.1 "MEM" "" "NOH" "L" -2 NA NA NA NA NA NA NA NA NA NA NA NA NA NA NA NA
"9" "5" 2007-11-17 20.1 "MEM" "@" "DAL" "L" -3 0 5.06666666666667 0.5 0.5 22 0 11 32.1 0 0 0 16.9 135 119 2.4 6.1
"10" "" 2007-11-19 20.11 "MEM" "" "SEA" "W" 17 NA NA NA NA NA NA NA NA NA NA NA NA NA NA NA NA
"11" "" 2007-11-21 20.11 "MEM" "" "TOR" "L" -6 NA NA NA NA NA NA NA NA NA NA NA NA NA NA NA NA
"12" "" 2007-11-23 20.12 "MEM" "@" "SAS" "L" -13 NA NA NA NA NA NA NA NA NA NA NA NA NA NA NA NA
"13" "" 2007-11-24 20.12 "MEM" "" "WAS" "W" 6 NA NA NA NA NA NA NA NA NA NA NA NA NA NA NA NA
"14" "" 2007-11-27 20.13 "MEM" "@" "NJN" "W" 7 NA NA NA NA NA NA NA NA NA NA NA NA NA NA NA NA
"15" "" 2007-11-28 20.13 "MEM" "@" "TOR" "L" -12 NA NA NA NA NA NA NA NA NA NA NA NA NA NA NA NA
"16" "" 2007-12-01 20.14 "MEM" "" "MIN" "W" 29 NA NA NA NA NA NA NA NA NA NA NA NA NA NA NA NA
"17" "" 2007-12-03 20.15 "MEM" "" "POR" "L" -1 NA NA NA NA NA NA NA NA NA NA NA NA NA NA NA NA
"18" "" 2007-12-05 20.15 "MEM" "@" "HOU" "L" -13 NA NA NA NA NA NA NA NA NA NA NA NA NA NA NA NA
"19" "" 2007-12-07 20.16 "MEM" "@" "NOH" "L" -2 NA NA NA NA NA NA NA NA NA NA NA NA NA NA NA NA
"20" "" 2007-12-08 20.16 "MEM" "@" "ATL" "L" -8 NA NA NA NA NA NA NA NA NA NA NA NA NA NA NA NA
"21" "" 2007-12-11 20.17 "MEM" "" "DET" "L" -10 NA NA NA NA NA NA NA NA NA NA NA NA NA NA NA NA
"22" "" 2007-12-14 20.18 "MEM" "" "LAC" "L" -7 NA NA NA NA NA NA NA NA NA NA NA NA NA NA NA NA
"23" "" 2007-12-15 20.18 "MEM" "@" "ORL" "W" 4 NA NA NA NA NA NA NA NA NA NA NA NA NA NA NA NA
"24" "" 2007-12-17 20.18 "MEM" "" "GSW" "L" -8 NA NA NA NA NA NA NA NA NA NA NA NA NA NA NA NA
"25" "" 2007-12-19 20.19 "MEM" "" "SAS" "W" 3 NA NA NA NA NA NA NA NA NA NA NA NA NA NA NA NA
"26" "" 2007-12-21 20.19 "MEM" "@" "DET" "L" -27 NA NA NA NA NA NA NA NA NA NA NA NA NA NA NA NA
"27" "" 2007-12-22 20.2 "MEM" "" "PHI" "L" -2 NA NA NA NA NA NA NA NA NA NA NA NA NA NA NA NA
"28" "" 2007-12-26 20.21 "MEM" "" "NOH" "L" -18 NA NA NA NA NA NA NA NA NA NA NA NA NA NA NA NA
"29" "" 2007-12-28 20.21 "MEM" "" "HOU" "L" -20 NA NA NA NA NA NA NA NA NA NA NA NA NA NA NA NA
"30" "6" 2007-12-30 20.22 "MEM" "@" "SAS" "L" -24 0 20.4166666666667 0.484 0.5 0 20.2 9 0 0 0 13.9 17.1 81 127 2.3 -11.4
"31" "7" 2008-01-02 20.23 "MEM" "@" "IND" "W" 18 1 34.6166666666667 0.444 0.429 0 13.6 8.4 34.8 4.4 0 11.3 11.9 108 73 11.5 3.9
"32" "8" 2008-01-04 20.23 "MEM" "@" "BOS" "L" -4 1 35.15 0.506 0.5 0 7.4 3.3 17.9 1.5 0 16.8 15.6 94 110 6.9 -3.2
"33" "9" 2008-01-06 20.24 "MEM" "" "MIA" "W" 7 1 34.8 0.564 0.5 3.9 12 8.5 32.7 3 0 29.1 18.4 101 101 11.4 0
"34" "10" 2008-01-08 20.24 "MEM" "" "LAL" "L" -16 1 37.65 0.367 0.367 5 9.8 7.1 22.1 2.5 0 11.8 18 93 115 8.2 -3.3
"35" "11" 2008-01-10 20.25 "MEM" "@" "SAC" "L" -3 1 29.55 0.697 0.667 0 3.7 2.1 16.3 1.7 0 27.1 23.3 103 125 9.3 -4.7
"36" "12" 2008-01-11 20.25 "MEM" "@" "GSW" "L" -12 1 19.15 0.388 0.333 5.8 6.1 6 7.2 0 0 13.4 16 84 122 2.3 -8.4
"37" "13" 2008-01-13 20.26 "MEM" "@" "LAL" "L" -1 1 24.4666666666667 0.417 0.417 3.9 13.4 8.3 41.4 2.1 0 14.3 23.9 99 107 7.9 0.5
"38" "14" 2008-01-15 20.26 "MEM" "" "CLE" "L" -8 1 38.8833333333333 0.791 0.8 0 3.5 1.7 24.2 2.6 0 24 19.9 128 129 17.8 2.5
"39" "15" 2008-01-18 20.27 "MEM" "" "SEA" "W" 24 1 29.5 0.438 0.438 0 9.2 4.9 27.6 1.6 0 0 11 134 103 9.7 -1.8
"40" "16" 2008-01-19 20.27 "MEM" "@" "CHA" "L" -18 1 36.6666666666667 0.368 0.3 0 13.4 6.3 14 0 1.9 8.4 15.1 83 117 4.8 -7.6
"41" "17" 2008-01-21 20.28 "MEM" "" "CHI" "W" 14 1 32.6833333333333 0.85 0.8 0 5.2 3.3 47.2 1.7 0 25.4 11.8 152 107 14.3 6.7
"42" "18" 2008-01-23 20.28 "MEM" "" "ORL" "L" -27 1 37.4833333333333 0.428 0.385 0 11.6 5.3 27.1 1.6 0 6.2 21.4 102 135 8.7 -3.4
"43" "19" 2008-01-25 20.29 "MEM" "@" "WAS" "L" -11 1 14.35 0.608 0.5 8 0 4 12.7 0 0 25.8 24.6 101 118 3.6 -6.6
"44" "" 2008-01-26 20.29 "MEM" "" "LAC" "W" 5 NA NA NA NA NA NA NA NA NA NA NA NA NA NA NA NA
"45" "" 2008-01-28 20.3 "MEM" "" "DAL" "L" -19 NA NA NA NA NA NA NA NA NA NA NA NA NA NA NA NA
"46" "" 2008-01-30 20.3 "MEM" "" "DEN" "L" -4 NA NA NA NA NA NA NA NA NA NA NA NA NA NA NA NA
"47" "" 2008-02-02 20.31 "MEM" "" "UTA" "L" -19 NA NA NA NA NA NA NA NA NA NA NA NA NA NA NA NA
"48" "" 2008-02-05 20.32 "MEM" "" "MIL" "L" -5 NA NA NA NA NA NA NA NA NA NA NA NA NA NA NA NA
"49" "20" 2008-02-08 20.33 "MEM" "@" "DAL" "L" -11 0 33.7 0.392 0.25 0 12.4 6 26.2 0 0 0 14.4 100 109 7.5 -3
"50" "21" 2008-02-09 20.33 "MEM" "@" "NOH" "L" -13 1 33.1 0.627 0.545 4.1 11.2 7.8 20.5 1.6 0 23.9 23.3 107 125 10.5 -3.6
"51" "22" 2008-02-12 20.34 "MEM" "" "SAC" "W" 13 1 31 0.698 0.714 4 3 3.4 21.2 3.2 0 11.3 13 138 100 11.3 4.2
"52" "23" 2008-02-13 20.34 "MEM" "@" "PHI" "L" -14 1 8.9 0 0 0 0 0 15.4 5.8 0 0 14.9 22 106 -0.4 -9.4
"53" "24" 2008-02-19 20.36 "MEM" "@" "SEA" "L" -7 1 31.2333333333333 0.405 0.333 0 15 6.5 38 3 0 9.2 14.2 105 106 10.6 -2
"54" "25" 2008-02-20 20.36 "MEM" "@" "LAC" "L" -14 1 32.0333333333333 0.633 0.55 3 7.7 5.1 14.6 1.6 0 19.2 22.1 108 110 10.9 -0.3
"55" "26" 2008-02-22 20.37 "MEM" "" "DAL" "L" -15 1 31.2666666666667 0.396 0.346 0 0 0 25.7 0 0 12.6 22.6 84 117 4.3 -6.4
"56" "27" 2008-02-24 20.37 "MEM" "@" "CLE" "L" -20 1 20.4833333333333 0.543 0.571 0 6.7 3 39.7 4.8 0 0 20.5 123 110 10.2 8
"57" "28" 2008-02-26 20.38 "MEM" "" "PHO" "L" -14 1 31.3166666666667 0.486 0.467 0 8.8 3.6 49.2 3.1 0 16.3 25.1 106 127 13 -1.3
"58" "29" 2008-02-29 20.39 "MEM" "@" "HOU" "L" -21 1 17.2166666666667 0.455 0.389 0 7.7 3 10.5 5.6 0 0 23.9 103 113 6.9 3.4
"59" "30" 2008-03-01 20.39 "MEM" "" "UTA" "L" -21 1 28 0.5 0.5 0 0 0 19.1 0 0 25 13.2 89 126 3.1 -7.5
"60" "31" 2008-03-04 20.4 "MEM" "@" "CHI" "L" -15 1 16.3833333333333 0 0 0 8.1 3.4 7.5 3.2 0 14.3 18.4 8 120 -3.2 -20.1
"61" "32" 2008-03-05 20.4 "MEM" "" "NJN" "W" 7 1 13.2 0.174 0 0 8.9 4.4 9.3 0 0 41 16.9 32 101 -3.4 -22.2
"62" "33" 2008-03-08 20.41 "MEM" "" "BOS" "L" -30 1 23.5666666666667 0.688 0.688 4.5 0 2.7 32.5 0 0 27.3 22.1 105 142 6.8 -2.6
"63" "34" 2008-03-11 20.42 "MEM" "@" "PHO" "L" -21 1 22.9833333333333 0.385 0.385 4.3 23.9 12.4 28.3 0 0 7.1 24.2 90 128 5.8 -7.4
"64" "35" 2008-03-12 20.42 "MEM" "@" "DEN" "L" -22 1 26.8 0.154 0.154 0 7.3 3.5 18.9 0 0 23.5 26.9 33 113 -6 -21.5
"65" "36" 2008-03-15 20.43 "MEM" "@" "GSW" "L" -3 1 28.3 0.425 0.4 0 7.9 3.7 9.3 1.7 0 25.4 11.7 76 117 1.7 -12
"66" "37" 2008-03-17 20.43 "MEM" "" "CHA" "W" 18 1 26.6333333333333 0.41 0.375 0 12.9 5.9 27.6 0 0 9.3 17.7 102 96 6.2 -2.2
"67" "38" 2008-03-19 20.44 "MEM" "@" "MIN" "L" -4 1 27.1833333333333 0.383 0.3 0 10.6 5.5 0 1.9 0 7.8 21.4 77 105 2.5 -10.4
"68" "39" 2008-03-21 20.44 "MEM" "@" "NYK" "W" 14 1 29.7333333333333 0.688 0.688 0 10.3 5.8 29.4 1.7 0 27.3 16.8 118 111 9.7 -1.6
"69" "40" 2008-03-22 20.45 "MEM" "" "SAC" "W" 6 1 27.3166666666667 0.727 0.75 4.3 3.9 4.1 31 1.9 0 30.4 16.5 121 121 9 -1.7
"70" "41" 2008-03-24 20.45 "MEM" "" "DEN" "L" -14 1 24.0333333333333 0.255 0.2 4 25.6 13.5 20 1.9 0 14.5 11.5 80 117 3.7 -7.5
"71" "42" 2008-03-26 20.46 "MEM" "@" "SAC" "L" -1 1 22.9666666666667 0.455 0.444 0 10.3 5.1 21.1 0 0 16.8 23.1 87 109 3.8 -7.8
"72" "43" 2008-03-28 20.46 "MEM" "@" "LAL" "W" 3 1 23.8166666666667 0.387 0.167 0 10.6 6.4 26.5 0 0 20.5 17.5 86 116 3.4 -9
"73" "44" 2008-03-29 20.47 "MEM" "@" "LAC" "L" -13 1 31.5333333333333 0.618 0.542 0 4.5 2 26.4 0 0 22.5 24.8 104 120 10 -2.5
"74" "45" 2008-03-31 20.47 "MEM" "" "ATL" "L" -17 1 16.9833333333333 0.2 0.2 7.9 0 4.3 7.4 0 0 28.6 19.7 49 132 -2.5 -21.6
"75" "46" 2008-04-02 20.48 "MEM" "" "NYK" "W" 16 1 20.4333333333333 0.9 0.9 0 12.6 7.9 16.1 0 0 0 22.3 177 115 15.7 9
"76" "47" 2008-04-04 20.48 "MEM" "" "GSW" "L" -31 1 19.8333333333333 0.333 0.333 0 11.8 5.1 19.9 2.3 0 7.7 27.4 68 113 2.8 -7.9
"77" "48" 2008-04-06 20.49 "MEM" "@" "MIN" "W" 12 1 22.6833333333333 0.222 0.222 0 21.2 10.2 18.8 4.3 3 18.2 21.3 51 96 2.1 -10.4
"78" "49" 2008-04-08 20.49 "MEM" "" "PHO" "L" -14 1 36.4166666666667 0.713 0.708 0 29.8 13.8 18.4 0 0 13.1 19.3 136 136 14.2 -1.1
"79" "50" 2008-04-11 20.5 "MEM" "@" "MIA" "W" 5 1 34.5 0.638 0.65 3.1 17 10.4 16 3.2 0 14.5 18.3 123 102 13 2.3
"80" "51" 2008-04-12 20.5 "MEM" "" "MIN" "L" -9 1 32.1833333333333 0.732 0.643 0 5.7 2.8 31 3.2 0 0 22.2 164 119 23.7 13.7
"81" "52" 2008-04-15 20.51 "MEM" "@" "POR" "L" -22 1 35.3166666666667 0.477 0.409 8 13.3 10.3 36.8 0 0 12.8 19.8 112 133 12.2 -2.8
"82" "53" 2008-04-16 20.52 "MEM" "@" "DEN" "L" -9 1 23.05 0.545 0.545 0 13 6.2 38.3 1.8 0 8.3 20.5 109 105 9.4 -0.9
"1" "1" 2008-10-29 21.05 "MEM" "@" "HOU" "L" -11 1 32.3333333333333 0.45 0.375 0 13.2 6.4 16.8 1.7 0 0 12.8 113 98 7.1 0.6
"2" "2" 2008-10-31 21.05 "MEM" "" "ORL" "W" 2 1 25 0.389 0.389 0 9.6 4.5 15.8 0 0 10 19.4 78 100 2.1 -5.8
"3" "3" 2008-11-01 21.06 "MEM" "@" "CHI" "L" -10 1 17.6666666666667 0.51 0.4 6.3 10.7 8.7 20.5 3 0 25.4 20.9 92 106 5 0.3
"4" "4" 2008-11-03 21.06 "MEM" "" "GSW" "W" 11 1 28.7666666666667 0.218 0.167 0 9.4 5.3 34 1.8 0 0 11.2 90 91 5.6 -1.8
"5" "5" 2008-11-05 21.07 "MEM" "@" "SAC" "L" -5 1 17.1833333333333 0.463 0.333 0 0 0 59.4 3.2 0 31.6 17.6 104 117 4.3 -3.2
"6" "6" 2008-11-07 21.07 "MEM" "@" "GSW" "W" 5 1 32.1833333333333 0.635 0.571 0 5.8 3.1 25.5 1.5 0 20.2 12.8 123 108 9.3 0.1
"7" "7" 2008-11-09 21.08 "MEM" "@" "DEN" "L" -10 1 20.2 0.333 0.333 5.3 20.7 13.1 42.7 0 0 33.3 19.5 64 100 0.7 -11.8
"8" "8" 2008-11-10 21.08 "MEM" "@" "PHO" "L" -5 1 24.7 0 0 0 11.1 5 10.2 6 0 25 14 14 104 -1.6 -10.8
"9" "9" 2008-11-12 21.09 "MEM" "" "NYK" "L" -29 1 21.8833333333333 0.381 0.286 11 31.3 20.5 12.3 0 0 20.2 20.1 83 139 3.4 -14.1
"10" "10" 2008-11-14 21.09 "MEM" "" "MIL" "L" -5 1 34.0166666666667 0.371 0.333 0 21.4 11.1 21.3 4.8 2 9.6 15 83 93 8.7 1.2
"11" "11" 2008-11-18 21.1 "MEM" "" "SAC" "W" 15 1 24.8 0.507 0.5 0 17.6 9.8 43.3 0 0 18.4 20.9 112 108 8.3 -3.9
"12" "12" 2008-11-21 21.11 "MEM" "@" "DAL" "L" -15 1 31.5666666666667 0.509 0.5 0 7.1 3.2 0 0 0 17.9 24.5 83 107 4.4 -6.2
"13" "13" 2008-11-22 21.12 "MEM" "" "UTA" "L" -9 1 29.35 0.778 0.778 4.8 0 2.5 51.9 1.9 2.6 0 14.2 179 119 17.7 17.1
"14" "14" 2008-11-24 21.12 "MEM" "" "SAS" "L" -13 1 29.5666666666667 0.167 0.167 3.7 13.9 8.2 11.4 1.9 0 0 9.9 59 109 1.8 -7.4
"15" "15" 2008-11-26 21.13 "MEM" "@" "UTA" "L" -17 1 18.3833333333333 0.583 0.583 6.7 7.5 7.1 23.6 0 0 14.3 17.5 121 135 5.3 -1.9
"16" "16" 2008-11-28 21.13 "MEM" "@" "SAS" "L" -11 1 29.6666666666667 0.929 0.929 0 9.8 4.8 20 1.9 0 0 11.9 190 126 13.7 8.3
"17" "17" 2008-11-29 21.13 "MEM" "" "OKC" "L" -8 1 30.9333333333333 1.163 1.167 0 8.4 4.7 25.6 0 0 46.6 10 134 129 8.9 0.5
"18" "18" 2008-12-03 21.15 "MEM" "@" "ATL" "L" -10 1 30.5666666666667 0.625 0.625 0 12.1 5 21.9 0 0 0 13 142 130 9 1.2
"19" "19" 2008-12-05 21.15 "MEM" "" "LAC" "W" 12 0 24 0.714 0.714 0 17.6 9.2 26.7 0 0 12.5 16.1 140 97 9.4 5.6
"20" "20" 2008-12-06 21.15 "MEM" "@" "NOH" "L" -19 0 24.8333333333333 0.436 0.417 0 0 0 13.3 2.2 0 0 13.7 98 123 3.8 -4.3
"21" "21" 2008-12-08 21.16 "MEM" "" "HOU" "W" 12 0 24.4 0.776 0.75 0 17.9 8.4 6.3 0 0 0 13.2 164 116 9 1.3
"22" "22" 2008-12-10 21.16 "MEM" "@" "OKC" "W" 6 0 19.4666666666667 0.752 0.688 0 15.9 6.8 9.6 0 0 15.8 30.7 129 121 11.3 2
"23" "23" 2008-12-12 21.17 "MEM" "" "CHI" "W" 7 0 27.2833333333333 0.365 0.318 4.2 39.6 21.5 35.5 0 0 7.5 22 98 101 9.4 0
"24" "24" 2008-12-14 21.18 "MEM" "" "MIA" "W" 16 0 29.4833333333333 0.536 0.444 0 13.9 7.7 16.8 0 0 8.2 21.2 111 109 8.8 -2.9
"25" "25" 2008-12-16 21.18 "MEM" "" "NOH" "L" -7 0 18.4333333333333 0.51 0.5 0 0 0 37.5 3 0 0 16.2 128 107 5.5 4.8
"26" "26" 2008-12-19 21.19 "MEM" "" "CHA" "L" -29 0 29.0166666666667 0.444 0.357 0 19.1 7.8 6 1.9 0 11.3 15.6 85 130 4.1 -9
"27" "27" 2008-12-22 21.2 "MEM" "" "LAL" "L" -9 0 24.6166666666667 0.601 0.5 0 5.9 2.7 0 2.2 0 10.7 17.9 114 122 6.2 -3.1
"28" "28" 2008-12-23 21.2 "MEM" "@" "DAL" "L" -18 0 23.1333333333333 0.333 0.333 0 10.6 4.8 27.4 0 0 7.7 26.8 73 118 2.9 -8.4
"29" "29" 2008-12-26 21.21 "MEM" "" "IND" "W" 3 0 27.2333333333333 0.949 1 0 4.6 2.3 21.9 5.8 0 32.2 15.9 124 110 12.4 5.7
"30" "30" 2008-12-27 21.21 "MEM" "@" "SAS" "L" -3 0 33.3833333333333 0.557 0.5 4 16.2 10.1 10.2 0 0 0 15.3 129 112 8.4 -1.8
"31" "31" 2008-12-29 21.22 "MEM" "@" "MIN" "L" -10 0 18.95 0.41 0.25 0 20 9.5 8.4 0 0 29.1 17.5 66 114 1.2 -13
"32" "32" 2008-12-30 21.22 "MEM" "" "PHO" "L" -12 0 19.2 0.17 0 0 19.2 8.9 0 0 0 0 14.4 38 111 -2.2 -18.4
"33" "33" 2009-01-02 21.23 "MEM" "" "SAS" "L" -11 0 17.3 0.815 0.5 0 18.5 7.5 0 0 0 15.3 17.5 149 110 6.4 2.4
"34" "34" 2009-01-04 21.23 "MEM" "" "DAL" "W" 20 0 23.25 0.521 0.25 5.7 5 5.4 5.6 2.5 0 14.8 14.3 114 103 4.1 -4.9
"35" "35" 2009-01-06 21.24 "MEM" "" "MIN" "L" -7 0 20.1 0.315 0 0 33.2 15.9 7.5 0 0 17.4 13.4 69 108 0.9 -13.6
"36" "36" 2009-01-07 21.24 "MEM" "@" "NJN" "L" -11 0 25.1166666666667 0.5 0.5 4.6 20.5 10.9 13.1 4.2 0 33.3 17.1 76 105 5 -4.1
"37" "37" 2009-01-09 21.25 "MEM" "@" "TOR" "L" -21 0 11.95 0 0 0 25.1 11.3 51.8 0 0 40 20.5 35 121 -0.7 -16.7
"38" "38" 2009-01-13 21.26 "MEM" "" "CLE" "L" -15 0 17.5166666666667 0.375 0.375 0 16.1 7.2 0 0 0 0 11.2 80 121 0.4 -9.1
"39" "39" 2009-01-16 21.27 "MEM" "" "UTA" "L" -10 0 29.25 0.665 0.417 0 0 0 11.4 1.9 0 8.1 19.4 141 120 12.2 4.3
"40" "40" 2009-01-19 21.27 "MEM" "" "DET" "L" -8 1 32.1833333333333 0.85 0.8 0 10.9 5.1 28.6 0 0 14.5 10.4 155 108 10.7 3.5
"41" "41" 2009-01-21 21.28 "MEM" "@" "CHA" "L" -15 1 29.9 0.5 0.5 0 0 0 31.1 3.5 0 44.4 14.8 72 115 3.4 -5.9
"42" "42" 2009-01-23 21.28 "MEM" "@" "NYK" "L" -20 1 30.3833333333333 0.922 0.875 0 26.3 11.8 28.6 3.6 0 9.3 15.9 180 115 19.6 17.6
"43" "43" 2009-01-24 21.29 "MEM" "" "NJN" "L" -11 1 33.4666666666667 0.667 0.667 0 14 6.9 11.2 3.4 0 14.3 10.7 116 113 7.8 -0.4
"44" "44" 2009-01-27 21.3 "MEM" "" "DEN" "L" -15 1 28.25 0.304 0.222 0 8.7 4 25.5 0 0 28.8 19.8 58 107 -0.9 -11.6
"45" "45" 2009-01-28 21.3 "MEM" "@" "OKC" "L" -12 1 39.5833333333333 0.508 0.5 0 15.6 7.9 41.6 1.3 0 11.9 20.6 108 116 13.9 0.2
"46" "46" 2009-01-31 21.31 "MEM" "" "LAL" "L" -17 1 34.7666666666667 0.658 0.722 0 11.5 5.7 30.1 2.9 0 23.3 16.6 114 120 11.9 4.4
"47" "47" 2009-02-02 21.31 "MEM" "@" "WAS" "W" 16 1 35.3 0.574 0.45 0 5.9 3.2 19.7 4.5 0 7.6 17.3 125 106 13.9 0.9
"48" "48" 2009-02-04 21.32 "MEM" "" "HOU" "W" 11 1 37.3666666666667 0.5 0.5 3.9 20.6 13.9 25.8 0 0 9.1 14.8 120 108 11.2 -0.5
"49" "49" 2009-02-06 21.32 "MEM" "" "LAC" "L" -21 1 32.2333333333333 0.66 0.591 0 9 4.3 15.9 3.2 0 18 24.8 116 134 12.4 -2.6
"50" "50" 2009-02-07 21.33 "MEM" "" "TOR" "W" 8 1 41.65 0.415 0.333 2.4 11.3 7 38 0 0 5.2 21.9 99 86 11.7 1.1
"51" "51" 2009-02-09 21.33 "MEM" "" "NOH" "W" 5 1 38.9833333333333 0.527 0.464 2.8 6.4 4.8 47.8 1.4 2 19 23.5 108 97 13.5 4
"52" "52" 2009-02-11 21.34 "MEM" "@" "PHI" "L" -4 1 37.2833333333333 0.45 0.429 0 26.5 13.1 14.7 0 0 29.4 25.8 75 108 2.6 -11.9
"53" "53" 2009-02-17 21.35 "MEM" "@" "UTA" "L" -18 1 29.6833333333333 0.689 0.667 4 12.8 8.3 24 3.6 0 24.1 18.8 120 127 11.3 4
"54" "54" 2009-02-18 21.36 "MEM" "@" "POR" "L" -4 1 38.7333333333333 0.625 0.625 0 13.4 6.1 43.8 0 0 14.3 16.4 129 114 14.4 4.2
"55" "55" 2009-02-20 21.36 "MEM" "" "SAC" "L" -9 1 38.5 0.46 0.269 2.3 29.5 13.4 27.1 3.8 0 10.3 19.2 115 113 15.4 0.6
"56" "56" 2009-02-24 21.37 "MEM" "@" "CLE" "L" -15 1 34.7666666666667 0.551 0.55 0 7.7 3.7 33.9 3.3 0 8.4 16.6 117 115 11.9 4.1
"57" "57" 2009-02-25 21.38 "MEM" "@" "IND" "L" -5 1 36.4333333333333 0.509 0.5 0 3.4 1.8 32.5 4.1 0 13.6 18.5 107 110 11.8 1
"58" "58" 2009-02-28 21.38 "MEM" "" "OKC" "L" -7 1 34.2833333333333 0.507 0.467 0 17.1 9.8 22.2 1.5 0 15.2 27.3 95 106 9.1 -5.4
"59" "59" 2009-03-03 21.39 "MEM" "@" "LAL" "L" -10 1 37.2666666666667 0.44 0.346 3.1 10.7 7.2 28.8 0 0 11.9 20.5 106 117 9.2 -3.7
"60" "60" 2009-03-04 21.39 "MEM" "@" "LAC" "W" 23 1 1.65 NA NA 0 0 0 63.2 0 0 NA 0 215 106 0.3 -4.3
"61" "61" 2009-03-07 21.4 "MEM" "" "PHI" "L" -5 1 43.9 0.723 0.714 0 9.5 5.5 34.3 1.2 1.5 15.7 26.7 135 121 25.9 7.9
"62" "62" 2009-03-08 21.41 "MEM" "@" "HOU" "L" -10 1 37.8666666666667 0.504 0.464 0 3.2 1.5 34.6 2.8 0 6.3 19.7 106 104 13 6.1
"63" "63" 2009-03-11 21.41 "MEM" "@" "MIN" "L" -25 1 39.1833333333333 0.618 0.583 3.1 0 1.6 26.1 0 0 6.8 19.6 124 132 13.8 -0.2
"64" "64" 2009-03-13 21.42 "MEM" "@" "BOS" "L" -10 1 38.4833333333333 0.551 0.5 0 6.6 3.1 40.1 4.3 0 15.5 15.7 119 115 14.5 5.6
"65" "65" 2009-03-15 21.42 "MEM" "@" "DET" "W" 5 1 40.4333333333333 0.758 0.682 0 8.3 4.5 13.8 1.4 0 34.7 24.9 98 104 10.9 -3.4
"66" "66" 2009-03-16 21.43 "MEM" "" "POR" "L" -11 1 35.9833333333333 0.672 0.679 6.8 12.1 9.3 10.5 3.2 0 16.8 23.7 116 122 15.3 5.6
"67" "67" 2009-03-18 21.43 "MEM" "" "DEN" "L" -2 1 38.75 0.364 0.364 0 3.3 1.6 34.4 1.3 0 0 12.7 113 124 9 -4.2
"68" "68" 2009-03-20 21.44 "MEM" "@" "NOH" "L" -12 1 34.15 0.354 0.278 0 16.1 7.8 16.7 0 0 16.8 16.9 72 113 1.6 -8.9
"69" "69" 2009-03-21 21.44 "MEM" "" "BOS" "L" -18 1 29.4833333333333 0.607 0.556 0 19.7 8 19.6 1.8 0 16.8 17.9 113 117 10 0.3
"70" "70" 2009-03-23 21.45 "MEM" "@" "MIA" "L" -12 1 35.2166666666667 0.486 0.4 0 12.4 6.9 27.8 1.6 0 30.6 22.2 81 109 5.9 -5.8
"71" "71" 2009-03-27 21.46 "MEM" "@" "SAC" "W" 18 1 37 0.678 0.654 0 22.9 12.8 21.7 1.5 2.6 6.3 20.8 140 106 18.1 7.5
"72" "72" 2009-03-28 21.46 "MEM" "@" "POR" "L" -20 1 34.9666666666667 0.113 0 7.4 13.4 10.6 14.7 0 0 18.4 17 42 115 -0.9 -12.4
"73" "73" 2009-03-30 21.47 "MEM" "@" "GSW" "W" 5 1 35.8666666666667 0.591 0.531 3.3 15.2 9.4 26.2 5.3 0 10.1 22.9 124 103 20.2 6.4
"74" "74" 2009-04-01 21.47 "MEM" "" "WAS" "W" 5 1 41.9666666666667 0.806 0.727 0 15 7.3 22 3.7 3.3 12.8 16.9 153 111 24 10.8
"75" "75" 2009-04-03 21.48 "MEM" "" "DAL" "W" 5 1 37.75 0.741 0.75 0 6.7 3.3 21.7 2.9 0 0 22.1 161 115 22.7 12
"76" "76" 2009-04-04 21.48 "MEM" "@" "MIL" "W" 5 1 41.1166666666667 0.715 0.727 0 18 10.2 38.9 2.5 0 20.2 17.2 129 109 17.2 4.4
"77" "77" 2009-04-07 21.49 "MEM" "" "POR" "L" -3 1 40.1333333333333 0.6 0.6 0 7.5 3.9 31.9 2.9 0 16.7 16.3 119 116 12 2.4
"78" "78" 2009-04-08 21.49 "MEM" "@" "ORL" "L" -3 1 41.55 0.715 0.682 0 6.1 3.2 5.5 1.4 0 14.4 17.6 128 103 11.6 3.1
"79" "79" 2009-04-10 21.5 "MEM" "" "PHO" "W" 17 1 36.2833333333333 0.773 0.773 0 6.5 3.2 24.2 2.7 0 26.7 17.4 119 96 13.7 3
"80" "80" 2009-04-12 21.5 "MEM" "@" "LAL" "L" -17 1 36.25 0.241 0.208 0 22.1 10.5 22.7 0 0 19.4 21.2 52 107 -0.5 -13.3
"81" "81" 2009-04-13 21.5 "MEM" "@" "PHO" "L" -9 1 37.65 0.403 0.393 4.2 3.1 3.6 22.7 9 0 0 17.5 105 108 14.4 4.9
"82" "82" 2009-04-15 21.51 "MEM" "" "ATL" "W" 8 1 44.9166666666667 0.551 0.55 2.7 9.7 6.4 23.6 3.6 1.8 15.5 14.2 111 100 13.9 -0.1
"1" "1" 2009-10-28 22.05 "MEM" "" "DET" "L" -22 1 32.1666666666667 0.375 0.375 0 0 0 18.3 1.8 0 33.3 9 70 118 0.5 -8.8
"2" "2" 2009-10-30 22.05 "MEM" "" "TOR" "W" 8 1 37.0833333333333 0.571 0.429 3.3 15.4 9.6 34 0 0 36.3 15.6 105 119 10.1 -4.6
"3" "3" 2009-11-01 22.06 "MEM" "@" "DEN" "L" -10 1 28.8833333333333 0.557 0.556 0 8.3 4.7 24.1 3.2 0 28.8 19.9 97 128 7.1 -4.9
"4" "4" 2009-11-02 22.06 "MEM" "@" "SAC" "L" -11 1 36.3166666666667 0.547 0.5 2.9 6.2 4.5 23.2 1.3 0 14.4 15.4 121 119 10.2 -0.6
"5" "5" 2009-11-04 22.07 "MEM" "@" "GSW" "L" -8 1 29.7166666666667 0.383 0.35 3.9 20.2 12 28.4 0 0 32.4 22.1 73 119 2.4 -12.3
"6" "6" 2009-11-06 22.07 "MEM" "@" "LAL" "L" -16 1 26.7666666666667 0.5 0.5 0 0 0 23.4 2.1 0 0 12.2 127 135 6.7 -0.4
"7" "7" 2009-11-07 22.07 "MEM" "@" "LAC" "L" -3 1 31.95 0.526 0.5 0 0 0 28.2 1.5 2.4 28.3 26.5 86 117 8 -4.7
"8" "8" 2009-11-10 22.08 "MEM" "" "POR" "L" -14 1 30.8666666666667 0.35 0.35 0 0 0 25.6 0 0 0 15.2 94 119 3.2 -4.4
"9" "9" 2009-11-11 22.08 "MEM" "@" "HOU" "L" -25 1 17.2166666666667 0.167 0.167 0 18.6 9.4 28.6 2.9 0 25 20.6 41 105 -0.6 -12.3
"10" "10" 2009-11-14 22.09 "MEM" "" "MIN" "W" 10 1 31.3166666666667 0.563 0.5 0 0 0 32.6 1.6 0 18.4 15.2 114 92 9.1 -0.1
"11" "11" 2009-11-18 22.1 "MEM" "" "LAC" "W" 15 1 15.4666666666667 0.102 0 0 15.1 8.2 14.1 0 0 29.1 21.1 33 105 -4.2 -27.6
"12" "12" 2009-11-20 22.11 "MEM" "@" "PHI" "W" 5 1 24.35 0.258 0.167 5.8 14.1 10.4 30.3 2.2 0 27.9 19.3 77 107 2.4 -9.2
"13" "13" 2009-11-21 22.11 "MEM" "" "MIL" "L" -5 1 30.4833333333333 0.557 0.5 0 3.7 1.8 25.6 3.2 0 16.8 17.2 107 106 8.9 -0.2
"14" "14" 2009-11-23 22.12 "MEM" "" "SAC" "W" 11 1 25.75 0.517 0.375 5.2 10.1 7.7 36.9 1.9 2.8 15.8 21.3 117 105 10.9 2.3
"15" "15" 2009-11-25 22.12 "MEM" "@" "PHO" "L" -15 1 26.3 0.45 0.375 0 10.7 4.7 13.9 0 0 18.4 16.7 101 140 3.5 -8.8
"16" "16" 2009-11-27 22.13 "MEM" "@" "POR" "W" 10 1 21.9666666666667 0.286 0.286 0 5 2.8 17 5.1 3.8 12.5 18 75 107 3.6 -2.7
"17" "17" 2009-11-29 22.13 "MEM" "@" "LAC" "L" -10 1 19.05 0.611 0.611 0 6.1 3.3 20.7 0 0 10 25.2 108 118 6.6 -2.1
"18" "" 2009-11-30 22.14 "MEM" "@" "UTA" "L" -27 NA NA NA NA NA NA NA NA NA NA NA NA NA NA NA NA
"19" "18" 2009-12-02 22.14 "MEM" "@" "MIN" "W" 2 1 33.4 0.833 0.833 0 8.5 3.9 19.2 3.2 2.2 0 17.6 164 106 19.8 13.2
"20" "19" 2009-12-04 22.15 "MEM" "" "DAL" "W" 16 1 31.35 0.625 0.625 0 6.1 3.3 14 1.7 0 20 14.5 113 99 7.3 1.1
"21" "20" 2009-12-08 22.16 "MEM" "" "CLE" "W" 2 1 39.4166666666667 0.564 0.438 0 9.4 4.5 18.7 1.3 0 22 15.1 108 114 9.2 -2.4
"22" "21" 2009-12-11 22.17 "MEM" "" "OKC" "L" -8 1 37.9666666666667 0.592 0.563 2.3 2.9 2.6 36.3 4.2 0 5.6 19.7 138 110 20.2 13.5
"23" "22" 2009-12-13 22.17 "MEM" "@" "MIA" "W" 28 1 24.55 0.82 0.75 0 4.7 2.6 19 2.1 0 17 10.1 155 102 9.1 4.6
"24" "23" 2009-12-14 22.18 "MEM" "" "BOS" "L" -5 1 34.85 0.583 0.556 0 7.7 3.8 15.7 3.1 0 9.6 14.1 123 126 10.3 0.3
"25" "24" 2009-12-16 22.18 "MEM" "@" "ATL" "L" -13 1 31.4666666666667 0.75 0.75 0 6.4 3.6 26.4 1.7 0 11.1 13 145 124 12.5 2.2
"26" "25" 2009-12-18 22.19 "MEM" "" "IND" "W" 13 1 36.45 0.8 0.864 6.3 8.2 7.3 32.1 0 0 20.2 17.2 138 107 17.4 8.3
"27" "26" 2009-12-20 22.19 "MEM" "" "DEN" "W" 6 1 33.0166666666667 0.431 0.364 3 6.3 4.6 19.5 3.1 0 23.9 20.9 90 103 7.3 -1.6
"28" "27" 2009-12-22 22.2 "MEM" "" "GSW" "W" 13 1 38.5166666666667 0.367 0.367 0 3.3 1.5 17.1 2.4 0 6.3 16.9 92 107 7.6 -4.9
"29" "28" 2009-12-26 22.21 "MEM" "@" "DAL" "L" -5 1 32.15 0.276 0.2 0 3.8 1.7 0 1.7 0 8.4 15.9 66 120 -1.9 -13.6
"30" "29" 2009-12-28 22.21 "MEM" "" "WAS" "W" 5 1 39.7333333333333 0.656 0.633 0 9.9 5.6 20.8 0 1.9 0 18.4 149 110 18.9 5.9
"31" "30" 2009-12-30 22.22 "MEM" "@" "IND" "W" 11 1 38.4166666666667 0.468 0.462 0 0 0 23.8 3.8 0 6.7 16.5 111 114 11.6 -0.8
"32" "31" 2010-01-02 22.23 "MEM" "@" "PHO" "W" 25 1 21.6 0.63 0.833 0 14.2 7.7 33.4 2.4 0 0 9.3 159 109 9.5 6.7
"33" "32" 2010-01-05 22.24 "MEM" "@" "POR" "W" 4 1 28.4 0.415 0.438 0 10.2 4.6 23.5 1.9 0 32.2 20 76 122 0.9 -11.9
"34" "33" 2010-01-06 22.24 "MEM" "@" "UTA" "L" -23 1 24.45 0.389 0.389 0 12.3 5.2 30.1 0 0 18.2 18.7 82 123 3.3 -5.4
"35" "34" 2010-01-08 22.24 "MEM" "" "UTA" "W" 2 1 33.3166666666667 0.388 0.333 7.6 3.3 5.3 28.1 3.2 0 32.6 21.9 72 104 3.5 -7.6
"36" "" 2010-01-09 22.25 "MEM" "@" "CHA" "L" -2 NA NA NA NA NA NA NA NA NA NA NA NA NA NA NA NA
"37" "35" 2010-01-12 22.25 "MEM" "" "LAC" "W" 2 1 31.3833333333333 0.568 0.545 4.1 8.3 6.2 25.2 0 2.6 14.9 18.9 120 119 9.6 -0.2
"38" "36" 2010-01-15 22.26 "MEM" "" "MIN" "W" 25 1 29.6666666666667 0.9 0.9 0 0 0 29.6 0 0 9.1 16.2 173 123 18.4 6.9
"39" "37" 2010-01-16 22.27 "MEM" "" "SAS" "W" 6 1 33.6666666666667 0.556 0.556 0 6.2 3 14.1 0 0 18.2 14.3 105 102 5.2 -4.1
"40" "38" 2010-01-18 22.27 "MEM" "" "PHO" "W" 7 1 36.9833333333333 0.357 0.357 0 13.8 7.4 27.5 2.5 0 30 11 89 113 6.5 -4.6
"41" "39" 2010-01-20 22.28 "MEM" "@" "NOH" "L" -2 1 22.75 0.607 0.556 0 28.5 13.9 11.5 6.8 0 16.8 23 111 109 9.6 3.3
"42" "40" 2010-01-22 22.28 "MEM" "" "OKC" "W" 2 1 35.9333333333333 0.788 0.75 0 6.1 3 22.6 3 2.1 31.1 16.7 109 96 11.7 7.2
"43" "41" 2010-01-25 22.29 "MEM" "" "ORL" "W" 5 1 35.9666666666667 0.7 0.7 0 3 1.6 31.1 2.9 0 23.1 15.6 124 106 13.2 7.1
"44" "42" 2010-01-27 22.3 "MEM" "@" "DET" "W" 6 1 35.5166666666667 0.589 0.545 0 5.6 3.3 29.8 0 0 14.4 18.5 122 116 10.3 -0.8
"45" "43" 2010-01-29 22.3 "MEM" "@" "SAS" "L" -7 1 38.2166666666667 0.497 0.333 0 6.3 3.6 30.2 2.8 0 24.9 20.8 95 116 10.3 -3
"46" "44" 2010-01-30 22.3 "MEM" "" "NOH" "L" -7 1 35.1 0.296 0.25 5.7 6.9 6.2 20.4 3.2 0 0 21.1 98 115 5.5 -6
"47" "45" 2010-02-01 22.31 "MEM" "" "LAL" "W" 2 1 28.0833333333333 0.325 0.333 0 4.1 1.9 23.7 1.8 0 0 17.3 86 103 4.8 -2.2
"48" "46" 2010-02-02 22.31 "MEM" "@" "CLE" "L" -16 1 19.8 0.218 0.167 5.3 6.6 5.8 0 2.5 0 22.5 18.5 43 111 -1.2 -13.9
"49" "47" 2010-02-05 22.32 "MEM" "" "HOU" "L" -18 1 28.9333333333333 0.25 0.25 0 11.6 5.9 27 7.3 2.6 20 15.1 62 101 5.5 0.2
"50" "48" 2010-02-06 22.32 "MEM" "@" "MIN" "L" -7 1 31.9166666666667 0.636 0.636 0 4.1 2.2 25.1 0 0 26.7 22 101 127 8 -6.3
"51" "49" 2010-02-09 22.33 "MEM" "" "ATL" "L" -14 1 32 0.667 0.667 0 0 0 32.3 3.5 2.6 30.8 20 104 123 10.5 2.1
"52" "50" 2010-02-16 22.35 "MEM" "" "PHO" "L" -14 1 34.8833333333333 0.363 0.292 0 3.4 1.4 54.3 4.2 0 0 16.1 109 110 12.2 4.9
"53" "51" 2010-02-17 22.35 "MEM" "@" "TOR" "W" 7 1 40.1166666666667 0.542 0.542 0 18.9 10.4 33 1.4 1.8 0 14.9 128 104 16.4 5.4
"54" "52" 2010-02-19 22.36 "MEM" "" "MIA" "L" -13 1 44.9166666666667 0.465 0.389 2.5 14.3 8.1 30 2.4 1.8 31.7 17.4 79 93 6.9 -3.2
"55" "53" 2010-02-21 22.36 "MEM" "@" "NJN" "W" 10 1 30.4666666666667 0.311 0.292 7.5 3.6 5.5 26.1 3.5 0 18.9 22 84 108 4.1 -7.5
"56" "54" 2010-02-23 22.37 "MEM" "" "LAL" "L" -1 1 33.1833333333333 0.394 0.313 0 7.1 3.7 20 3 0 18.4 14.5 86 104 5.1 -3.2
"57" "55" 2010-02-24 22.37 "MEM" "@" "WAS" "W" 5 1 30.3 0.145 0 0 0 0 22.6 0 0 30.4 14.9 53 116 -1.4 -16.4
"58" "56" 2010-02-26 22.38 "MEM" "" "CHA" "L" -4 1 30.6 0.732 0.688 0 8.3 4.1 17 1.8 0 18.4 17.6 125 109 10.3 2.6
"59" "57" 2010-02-27 22.38 "MEM" "@" "NYK" "W" 11 1 38.4 0.705 0.727 0 9.6 4.5 17.2 1.3 0 0 14.4 159 118 17.3 4.2
"60" "58" 2010-03-01 22.39 "MEM" "" "POR" "L" -10 1 33.4666666666667 0.732 0.75 0 10.2 5.4 25.8 3.1 0 44.1 20.9 87 110 7.2 -0.9
"61" "59" 2010-03-03 22.39 "MEM" "@" "NOH" "W" 4 1 34.7666666666667 0.644 0.639 3.7 7.7 5.7 40.6 7.1 0 9 27.7 130 96 24.2 14.2
"62" "60" 2010-03-04 22.39 "MEM" "@" "CHI" "W" 9 1 41.4666666666667 0.441 0.4 3.3 0 1.5 28 1.3 0 11.2 19.7 109 111 10.4 -3
"63" "61" 2010-03-06 22.4 "MEM" "" "SAS" "L" -10 1 26.7333333333333 0.533 0.5 4.5 0 2.3 24.9 4.1 0 10.6 15.7 123 116 8.3 3
"64" "62" 2010-03-08 22.41 "MEM" "" "NJN" "W" 6 1 35.0333333333333 0.556 0.556 0 2.9 1.4 19.1 1.4 0 9.6 25.9 113 112 12.9 -1.2
"65" "63" 2010-03-10 22.41 "MEM" "@" "BOS" "W" 20 1 29 0.667 0.667 5.2 18.4 12.9 27.8 0 0 25 19.2 120 101 9.9 2.5
"66" "64" 2010-03-12 22.42 "MEM" "" "NYK" "W" 7 1 34.9666666666667 0.701 0.5 0 14.6 7.8 22.6 1.4 0 7.2 16.7 152 116 18.1 4.6
"67" "65" 2010-03-13 22.42 "MEM" "" "DEN" "L" -17 1 26.9833333333333 0.3 0.3 0 0 0 10.6 0 0 9.1 19.4 68 146 -0.6 -17.8
"68" "66" 2010-03-16 22.43 "MEM" "" "CHI" "W" 7 1 34.1166666666667 0.786 0.778 3.4 7.4 5.3 51.1 7.2 0 19.9 19 143 92 23.8 16.2
"69" "67" 2010-03-17 22.43 "MEM" "@" "HOU" "L" -13 1 28.85 0.463 0.455 6.5 5.2 6 16.3 1.7 0 14.4 19.8 97 116 5.3 -5.6
"70" "68" 2010-03-20 22.44 "MEM" "" "GSW" "W" 16 1 25.7666666666667 0.582 0.542 4 4.1 4.1 19.7 3.6 2.6 7.2 21.2 131 99 13.7 6.4
"71" "69" 2010-03-22 22.44 "MEM" "@" "SAC" "W" 17 1 37.6333333333333 0.462 0.462 0 8 4.2 28.2 2.8 0 7.1 16.4 113 95 11.3 1.1
"72" "70" 2010-03-24 22.45 "MEM" "@" "GSW" "L" -18 1 41.2666666666667 0.503 0.475 2.4 6.1 4.1 34.3 2.2 0 19.3 24.4 100 126 14.8 -2.3
"73" "71" 2010-03-28 22.46 "MEM" "@" "MIL" "L" -5 1 40.0166666666667 0.434 0.368 3 5.8 4.4 40.5 5.2 0 12.6 25.9 101 104 15.6 5.3
"74" "72" 2010-03-31 22.47 "MEM" "" "DAL" "L" -4 1 42.3666666666667 0.619 0.639 0 15.3 7.8 25.8 2.4 0 0 20.8 137 101 22.5 11.7
"75" "73" 2010-04-02 22.47 "MEM" "" "NOH" "W" 11 1 31.1166666666667 0.451 0.429 3.3 15.4 9.5 15.1 0 0 15.3 26.1 92 104 6.1 -8.2
"76" "74" 2010-04-04 22.48 "MEM" "@" "ORL" "L" -15 1 35.6 0.589 0.545 3.1 2.9 3 24.6 1.5 0 14.4 17.5 115 121 11.5 1
"77" "75" 2010-04-06 22.48 "MEM" "" "HOU" "L" -10 1 30.0333333333333 0.54 0.5 0 10.9 5.3 13.5 1.7 0 0 19.3 126 119 11.1 0.5
"78" "76" 2010-04-07 22.49 "MEM" "@" "DAL" "L" -26 1 37.85 0.43 0.389 0 4.1 1.8 36.8 2.8 0 9.2 27.4 96 122 12 1.6
"79" "77" 2010-04-09 22.49 "MEM" "@" "SAS" "W" 8 1 35.0166666666667 0.526 0.5 0 3.5 1.6 35.5 1.5 0 7 18 125 113 13.8 2.4
"80" "78" 2010-04-10 22.5 "MEM" "" "PHI" "L" -19 1 39.4166666666667 0.652 0.633 0 6.6 3.4 21.1 5.2 0 14.5 24.4 116 122 18.1 2.5
"81" "79" 2010-04-12 22.5 "MEM" "@" "DEN" "L" -22 1 27.6166666666667 0.724 0.692 0 4 1.8 23.6 0 0 11.6 24.7 132 131 15.3 6.1
"82" "80" 2010-04-14 22.51 "MEM" "@" "OKC" "L" -9 1 35.9666666666667 0.531 0.417 0 10.5 4.9 20.6 0 0 11.7 21 108 127 10.4 -5.1
"1" "1" 2010-10-27 23.04 "MEM" "" "ATL" "L" -15 1 36.1166666666667 0.686 0.633 3 13.6 8 37.9 0 0 10.7 22.5 137 125 20.4 5.4
"2" "2" 2010-10-29 23.05 "MEM" "@" "DAL" "W" 1 1 37.3833333333333 0.313 0.273 2.5 13.2 7.1 28.4 5.6 0 23.9 19.8 67 93 5.6 -3.4
"3" "3" 2010-10-30 23.05 "MEM" "" "MIN" "W" 20 1 38.1666666666667 0.418 0.367 5.4 11.9 8.8 37.7 8.2 0 15.2 21.1 98 76 19.3 7.3
"4" "4" 2010-11-02 23.06 "MEM" "@" "LAL" "L" -19 1 34.0833333333333 0.649 0.682 2.6 13.7 7.4 38.1 4.4 0 7.5 16.1 136 124 19.4 9.5
"5" "5" 2010-11-03 23.06 "MEM" "@" "GSW" "L" -6 1 44.0166666666667 0.56 0.5 0 15.6 8.8 40 3.2 0 15.7 18.6 120 109 20.9 3.5
"6" "6" 2010-11-05 23.07 "MEM" "@" "PHO" "L" -5 1 46.6166666666667 0.454 0.467 0 9.4 4.8 24 5.3 0 22.1 20.6 86 102 10.8 -1.9
"7" "7" 2010-11-06 23.07 "MEM" "@" "SAC" "W" 9 1 36.05 0.412 0.412 0 8.9 4.8 21.7 1.4 2.3 10.5 23.4 94 100 7.4 -3.1
"8" "8" 2010-11-08 23.08 "MEM" "" "PHO" "W" 10 1 36.2333333333333 0.45 0.406 0 6.3 3.1 24.8 5.6 0 14.5 24.9 98 101 11.8 0.8
"9" "9" 2010-11-10 23.08 "MEM" "" "DAL" "L" -15 1 36.85 0.409 0.409 0 13.4 5.9 19.9 1.5 2.2 21.4 17.5 78 117 5.5 -5.6
"10" "10" 2010-11-13 23.09 "MEM" "" "BOS" "L" -6 1 37.75 0.514 0.35 0 4.4 2 14.1 2.8 0 32.2 23.7 81 117 5.1 -7.6
"11" "11" 2010-11-15 23.1 "MEM" "@" "ORL" "L" -17 1 35.6333333333333 0.5 0.5 2.5 8.2 4.7 48.4 1.5 0 15.4 16.4 104 106 10 3.1
"12" "12" 2010-11-16 23.1 "MEM" "" "POR" "L" -1 1 31.1166666666667 0.508 0.429 0 7.7 4 32.7 0 0 16 27.6 103 116 9.6 -2.1
"13" "13" 2010-11-19 23.11 "MEM" "@" "WAS" "L" -3 1 29.2 0.462 0.462 0 0 0 35.5 7.5 0 23.5 25.7 89 98 7.5 4.3
"14" "14" 2010-11-20 23.11 "MEM" "" "MIA" "W" 2 1 35.9833333333333 0.581 0.542 3.3 13.7 8.4 26.7 0 0 6.8 19 131 116 14.3 4.5
"15" "15" 2010-11-24 23.12 "MEM" "" "DET" "W" 21 1 31.8166666666667 0.643 0.6 0 3.4 1.8 29.4 5.1 0 15.5 19.5 125 94 14.8 7.9
"16" "16" 2010-11-26 23.13 "MEM" "" "GSW" "W" 5 1 35.0166666666667 0.717 0.625 0 10.3 5.3 18.8 0 0 29.1 18 110 123 8.8 -7.6
"17" "17" 2010-11-27 23.13 "MEM" "@" "CLE" "L" -6 1 30.8666666666667 0.473 0.389 0 3.4 1.8 24.8 3.3 0 7.9 18.7 102 99 9.5 1.3
"18" "18" 2010-11-30 23.14 "MEM" "" "LAL" "W" 2 1 35.35 0.895 0.923 0 11 5.7 16 3.2 0 11.3 25.7 156 111 24.7 16.4
"19" "19" 2010-12-01 23.14 "MEM" "@" "ATL" "L" -3 1 38.9666666666667 0.793 0.769 0 6.8 3.6 35 1.4 0 22.4 20.5 133 125 19.2 3.8
"20" "20" 2010-12-03 23.15 "MEM" "" "HOU" "L" -16 1 35.8666666666667 0.51 0.438 0 5.4 2.2 35 4.4 0 9.7 26.4 112 137 16.3 1
"21" "21" 2010-12-05 23.15 "MEM" "@" "DEN" "L" -1 1 40.9 0.738 0.75 3.3 10.9 7.4 29.7 0 0 13.4 15.8 141 116 18.4 4.5
"22" "22" 2010-12-06 23.15 "MEM" "@" "UTA" "L" -9 1 37.6 0.66 0.5 0 6.4 3.2 24 0 0 17.2 21.5 123 115 13.9 1.6
"23" "23" 2010-12-08 23.16 "MEM" "@" "PHO" "W" 6 1 44.4166666666667 0.396 0.385 0 0 0 46.4 3.8 2.1 17.8 18.4 100 106 14 4.5
"24" "24" 2010-12-11 23.17 "MEM" "@" "LAC" "W" 1 1 34.8833333333333 0.25 0.25 3.6 0 1.9 38.1 3.1 0 0 18.5 82 100 6.3 -1
"25" "25" 2010-12-13 23.17 "MEM" "" "POR" "W" 13 1 32.5333333333333 0.511 0.389 0 15.4 7.8 16.7 3.4 0 21.8 19.1 97 83 7.7 0
"26" "26" 2010-12-15 23.18 "MEM" "" "CHA" "W" 33 1 29.9333333333333 0.436 0.333 0 12.7 6.5 36.3 6.7 0 30.4 15 93 78 10 3
"27" "27" 2010-12-17 23.18 "MEM" "@" "HOU" "L" -16 1 22.7666666666667 0.595 0.5 0 24.8 10.2 23.6 0 0 14.5 12.9 116 113 5.8 -3.2
"28" "28" 2010-12-18 23.19 "MEM" "@" "SAS" "L" -6 1 39.2 0.542 0.542 2.8 3.3 3 31.9 1.4 0 25 18.5 102 119 9.4 -2.8
"29" "29" 2010-12-21 23.19 "MEM" "" "NJN" "L" -7 1 32.7833333333333 0.488 0.458 0 4.3 1.7 42.3 1.6 0 0 17.9 119 114 11.5 0.6
"30" "30" 2010-12-26 23.21 "MEM" "@" "IND" "W" 14 1 38.8666666666667 0.269 0.286 0 13.5 7.1 33.8 2.5 1.9 11.8 9.4 88 89 9.2 0
"31" "31" 2010-12-27 23.21 "MEM" "" "TOR" "W" 11 1 38.5333333333333 0.622 0.643 0 0 0 24.9 2.6 0 23.7 15.4 108 96 10.7 1.1
"32" "32" 2010-12-29 23.22 "MEM" "@" "SAC" "L" -2 1 34.4666666666667 0.363 0.333 3.1 11.6 6.9 27.7 1.4 0 30.4 12 80 106 4.5 -4.6
"33" "33" 2011-01-01 23.22 "MEM" "@" "UTA" "L" -6 1 38.0666666666667 0.539 0.464 3.2 10 6.5 34.7 2.8 0 20.2 23.1 106 109 12.1 1
"34" "34" 2011-01-02 23.23 "MEM" "@" "LAL" "W" 19 1 32.3666666666667 0.685 0.643 0 19.5 9.2 25.4 1.6 0 0 12.1 155 96 14.2 4.5
"35" "35" 2011-01-04 23.23 "MEM" "" "OKC" "W" 5 1 42.8166666666667 0.379 0.364 2.8 13.6 7.7 26.2 0 1.8 25.2 16 85 113 6.2 -6.1
"36" "36" 2011-01-07 23.24 "MEM" "" "UTA" "W" 11 1 23.95 0.536 0.5 5.3 12.5 8.6 23.6 4.3 0 9.7 18.7 121 106 9.1 0.2
"37" "37" 2011-01-08 23.24 "MEM" "@" "OKC" "L" -9 1 28.4666666666667 0.425 0.3 0 4.6 1.9 19.3 0 0 7.8 18.2 101 123 5.1 -6.4
"38" "38" 2011-01-10 23.25 "MEM" "@" "CHA" "L" -14 1 36.8666666666667 0.382 0.382 0 3.4 1.5 34.8 2.9 0 5.6 20.8 98 109 8.1 -0.1
"39" "39" 2011-01-12 23.25 "MEM" "@" "DET" "W" 8 1 33.0666666666667 0.4 0.4 0 6.8 3.8 41.9 0 0 16.7 17.1 100 117 6.3 -5.9
"40" "40" 2011-01-15 23.26 "MEM" "" "DAL" "W" 19 1 29.3666666666667 0.581 0.5 0 14.9 8.2 31.5 0 0 0 11.9 140 89 9.2 1.9
"41" "41" 2011-01-17 23.27 "MEM" "" "CHI" "L" -12 1 28.7166666666667 0.388 0.333 0 9.8 4.2 39.1 4 0 13.4 11.9 99 109 6.6 2.8
"42" "42" 2011-01-19 23.27 "MEM" "@" "NOH" "L" -1 1 39.3333333333333 0.862 0.864 0 6.1 3.2 22.6 0 0 23.9 20.6 129 115 16.4 4
"43" "43" 2011-01-21 23.28 "MEM" "" "HOU" "W" 5 1 34.9 0.644 0.636 0 6.3 3.4 17.5 2.9 0 18.5 19.9 117 117 14 2.4
"44" "44" 2011-01-22 23.28 "MEM" "@" "MIL" "W" 13 1 37.6333333333333 0.337 0.318 0 11.8 7.5 7.7 1.5 3.6 7.8 16.2 82 93 5 -2
"45" "45" 2011-01-24 23.29 "MEM" "@" "TOR" "W" 2 1 35.6166666666667 0.558 0.556 5.5 17.3 10.7 15.7 1.5 1.9 14.7 16.6 113 108 11.7 0.6
"46" "46" 2011-01-26 23.29 "MEM" "@" "NJN" "L" -5 1 39.2166666666667 0.576 0.577 3.1 11.9 7.6 23.2 0 0 12.6 19.6 114 117 11.5 -2.4
"47" "47" 2011-01-28 23.3 "MEM" "@" "PHI" "W" 5 1 37.7666666666667 0.409 0.4 0 17.2 8.6 17.3 1.5 0 5.9 20 100 113 8.8 -5.8
"48" "48" 2011-01-29 23.3 "MEM" "" "WAS" "W" 14 1 39.95 0.582 0.583 0 9.5 4.6 40.3 0 0 7.2 15.7 134 109 16.1 4
"49" "49" 2011-01-31 23.31 "MEM" "" "ORL" "W" 3 1 37.55 0.802 0.786 0 6.7 3.6 49.3 2.9 0 15.6 24.8 144 110 25.5 17
"50" "50" 2011-02-02 23.31 "MEM" "@" "MIN" "W" 18 1 35.5833333333333 0.375 0.375 0 14.4 7.9 31.2 4.2 0 14.3 17.2 94 87 10.2 0.9
"51" "51" 2011-02-04 23.32 "MEM" "" "CLE" "W" 7 1 37.8333333333333 0.671 0.615 0 7 3.6 31.6 1.4 0 6 19.5 148 118 18.9 4.4
"52" "52" 2011-02-05 23.32 "MEM" "@" "HOU" "L" -2 1 41.1333333333333 0.173 0.125 5.1 2.8 4 19.3 2.8 0 10.4 22.4 53 107 -0.4 -9.4
"53" "53" 2011-02-07 23.33 "MEM" "" "LAL" "L" -9 1 38.8 0.488 0.458 0 8.2 4.2 18.5 4.2 0 13.1 18 100 105 10.9 3.1
"54" "54" 2011-02-08 23.33 "MEM" "@" "OKC" "W" 4 1 35.6 0.444 0.375 0 12.4 6.3 19.2 3 0 17 24.5 82 101 6.8 -4.9
"55" "55" 2011-02-11 23.34 "MEM" "" "MIL" "W" 3 1 38.6333333333333 0.531 0.5 2.8 11 7 45.1 4.1 0 12.2 30.3 108 94 18.4 8.9
"56" "56" 2011-02-13 23.34 "MEM" "" "DEN" "W" 8 1 35.6666666666667 0.715 0.682 0 0 0 19.5 4.3 0 14.4 17.8 135 113 15.8 6.1
"57" "57" 2011-02-15 23.35 "MEM" "" "PHI" "W" 11 1 36.5166666666667 0.631 0.647 0 6.7 3.2 13.1 7.5 4.2 5.4 23.5 125 95 20.6 16.1
"58" "58" 2011-02-22 23.37 "MEM" "@" "DEN" "L" -13 1 29.7833333333333 0.833 0.833 0 4.7 2.2 13.6 0 2.9 40 14.3 99 129 6.1 -1.9
"59" "59" 2011-02-23 23.37 "MEM" "@" "MIN" "W" 9 1 36.9833333333333 0.542 0.433 2.9 9.8 6.7 37.1 1.4 1.7 9 26.5 118 102 19 6.1
"60" "60" 2011-02-26 23.38 "MEM" "" "SAC" "W" 28 1 24.5833333333333 0.45 0.375 0 13.3 6.9 16.9 0 2.7 18.4 19 95 98 5.2 -6.3
"61" "61" 2011-02-27 23.38 "MEM" "@" "SAS" "L" -7 1 37.6166666666667 0.559 0.559 0 12.8 4.7 5.9 1.5 2.9 10.5 22.4 103 112 10 -0.8
"62" "62" 2011-03-01 23.39 "MEM" "" "SAS" "W" 16 1 34.4333333333333 0.705 0.636 0 13.9 6.9 33.7 4.6 2.7 13.6 19 142 98 22.3 14.2
"63" "63" 2011-03-04 23.39 "MEM" "" "NOH" "L" -7 1 24.8166666666667 0.857 0.857 5 0 2.6 23.9 2.2 0 22.2 17 130 117 9.3 3.5
"64" "64" 2011-03-06 23.4 "MEM" "@" "DAL" "W" 1 1 35.35 0.535 0.5 3.1 7.8 5.2 43.1 1.5 0 5.9 21.1 128 119 16 5
"65" "65" 2011-03-07 23.4 "MEM" "" "OKC" "W" 6 1 39.2 0.479 0.45 0 7.7 3.4 33.4 2.8 1.9 0 24.7 125 115 18.8 5
"66" "66" 2011-03-09 23.41 "MEM" "" "NYK" "L" -2 1 39.4333333333333 0.678 0.615 0 0 0 26.6 6.6 0 11.9 20.7 131 116 20.9 7.5
"67" "67" 2011-03-12 23.42 "MEM" "@" "MIA" "L" -33 1 35.05 0.091 0.091 5.8 8.8 7 43.3 3 0 26.7 19 48 129 0.9 -9.9
"68" "68" 2011-03-14 23.42 "MEM" "" "LAC" "W" 23 1 28.35 0.505 0.5 5.1 10.8 8.5 23.2 3.7 0 13.4 24.3 109 91 9.7 0
"69" "69" 2011-03-17 23.43 "MEM" "@" "NYK" "L" -21 1 33.1166666666667 0.621 0.583 3.8 11.4 7.6 33.1 0 0 13.4 21.7 120 139 12.6 -1.5
"70" "70" 2011-03-19 23.44 "MEM" "" "IND" "W" 21 1 36.1666666666667 0.45 0.444 3.3 6.6 5 35.8 5.7 0 5 25.3 108 84 16.6 5.1
"71" "71" 2011-03-21 23.44 "MEM" "" "UTA" "W" 18 1 35.35 0.423 0.423 0 0 0 39.1 1.6 0 7.1 18.6 116 105 11.2 -0.7
"72" "72" 2011-03-23 23.45 "MEM" "@" "BOS" "W" 3 1 37.15 0.359 0.167 0 7.2 3.2 18.1 1.4 0 28.5 21.5 67 100 2.4 -8.2
"73" "73" 2011-03-25 23.45 "MEM" "@" "CHI" "L" -3 1 39.8166666666667 0.338 0.313 0 2.9 1.6 24.1 4.2 0 0 22.3 87 116 9.1 -3.8
"74" "74" 2011-03-27 23.46 "MEM" "" "SAS" "W" 7 1 33.75 0.542 0.5 4.7 7.7 6.4 15.7 1.6 5.1 21.3 19 107 118 8.7 -2.2
"75" "75" 2011-03-30 23.47 "MEM" "" "GSW" "W" 19 1 36.8333333333333 0.678 0.692 0 11.3 6.1 24.3 1.5 0 0 19.6 148 109 20.4 5.5
"76" "76" 2011-04-01 23.47 "MEM" "@" "NOH" "W" 12 1 38.65 0.46 0.45 4.1 13.8 9.4 27.1 0 0 15.5 16.6 110 108 8.6 -3.1
"77" "77" 2011-04-02 23.47 "MEM" "" "MIN" "W" 17 1 34.25 0.227 0.227 3.2 8.2 5.4 29.2 4.4 0 31.3 19.9 68 94 2.9 -8.4
"78" "78" 2011-04-05 23.48 "MEM" "" "LAC" "L" -1 1 39.3333333333333 0.563 0.5 2.4 11.4 6.6 20.1 5.3 0 5.3 21.2 122 87 18.9 9.9
"79" "79" 2011-04-08 23.49 "MEM" "" "SAC" "W" 5 1 39.4333333333333 0.455 0.409 0 12.9 6.7 29.4 2.5 0 7 16.1 106 100 12.4 -0.4
"80" "80" 2011-04-10 23.5 "MEM" "" "NOH" "W" 22 1 25.4833333333333 0.2 0.2 0 12.3 7.5 14.4 6.2 0 0 9.8 77 92 4.1 -3.3
"81" "81" 2011-04-12 23.5 "MEM" "@" "POR" "L" -13 1 31.4666666666667 0.654 0.654 0 0 0 12.8 1.8 0 13.3 22.5 121 126 11.5 4.7
"82" "" 2011-04-13 23.5 "MEM" "@" "LAC" "L" -7 NA NA NA NA NA NA NA NA NA NA NA NA NA NA NA NA
"1" "1" 2011-12-26 24.21 "MEM" "@" "SAS" "L" -13 1 32.4333333333333 0.506 0.45 0 9.9 5.6 36.9 3.1 0 21.6 19.5 100 101 9.2 3
"2" "2" 2011-12-28 24.21 "MEM" "" "OKC" "L" -3 1 0.4 NA NA 0 0 0 0 0 0 NA 0 0 122 0 -10.1
"3" "" 2011-12-30 24.22 "MEM" "" "HOU" "W" 20 NA NA NA NA NA NA NA NA NA NA NA NA NA NA NA NA
"4" "" 2012-01-01 24.22 "MEM" "@" "CHI" "L" -40 NA NA NA NA NA NA NA NA NA NA NA NA NA NA NA NA
"5" "3" 2012-01-03 24.23 "MEM" "" "SAC" "W" 17 0 22.7166666666667 0.751 0.688 0 8.8 4.7 37.5 8.8 0 17.7 21.2 143 89 17.1 17.5
"6" "4" 2012-01-04 24.23 "MEM" "@" "MIN" "W" 4 1 37.7833333333333 0.384 0.231 0 7.8 4 34.8 4.3 0 20.4 24.7 83 97 8 -4.4
"7" "5" 2012-01-06 24.24 "MEM" "@" "UTA" "L" -9 1 41.0833333333333 0.306 0.306 2.8 9.5 5.9 25.8 2.6 0 10 21.6 76 106 5 -4.9
"8" "6" 2012-01-08 24.24 "MEM" "@" "LAL" "L" -8 1 37.8833333333333 0.55 0.55 0 6.7 2.9 32 5.3 0 16.7 14.3 104 94 14.2 4.3
"9" "7" 2012-01-10 24.25 "MEM" "" "OKC" "L" -5 1 41.65 0.524 0.462 0 13.4 6.4 35.9 3.9 0 6.5 17.2 121 108 18.4 7.8
"10" "8" 2012-01-12 24.25 "MEM" "" "NYK" "W" 11 1 33.1333333333333 0.418 0.333 0 3 1.6 34.2 1.5 0 8.5 16.3 102 94 8.3 -2.1
"11" "9" 2012-01-14 24.26 "MEM" "" "NOH" "W" 9 1 41.55 0.564 0.458 0 3 1.4 27.7 2.6 0 11.7 18.8 120 113 14.6 1.2
"12" "10" 2012-01-16 24.27 "MEM" "" "CHI" "W" 16 1 36.4 0.744 0.731 7.3 15 11.5 30 5.7 0 27.1 22.1 123 86 20.8 12.5
"13" "11" 2012-01-18 24.27 "MEM" "@" "NOH" "W" 6 1 41.6333333333333 0.758 0.727 0 6.8 3.2 39.6 2.8 2 14.4 16.6 147 106 21 12.1
"14" "12" 2012-01-20 24.28 "MEM" "@" "DET" "W" 17 1 38.15 0.709 0.778 0 13.6 7.7 45.8 5.7 0 28.8 19 119 87 17 6.6
"15" "13" 2012-01-21 24.28 "MEM" "" "SAC" "W" 33 1 30.5 0.818 0.808 0 6.2 3.5 27.6 3.1 0 6.9 19.8 160 98 22.3 10.7
"16" "14" 2012-01-23 24.28 "MEM" "@" "GSW" "W" 1 1 38.0833333333333 0.559 0.529 0 3.7 1.6 43.8 1.3 0 21.9 25.5 103 103 12.7 1.6
"17" "15" 2012-01-24 24.29 "MEM" "@" "POR" "L" -13 1 30.6833333333333 0.231 0.231 0 4 1.8 37.4 8.3 0 13.3 21.6 60 94 5.5 -0.1
"18" "16" 2012-01-26 24.29 "MEM" "@" "LAC" "L" -7 1 34.2666666666667 0.2 0.2 0 20 8.9 36.1 6 2.8 23.1 15.9 58 95 3.5 -3.1
"19" "17" 2012-01-28 24.3 "MEM" "@" "PHO" "L" -2 1 37.6666666666667 0.508 0.462 0 7.4 4.2 50.3 0 0 11.9 21 110 105 13 1.8
"20" "18" 2012-01-30 24.3 "MEM" "" "SAS" "L" -10 1 36.95 0.476 0.429 3.2 3 3.1 19 0 0 16 24.7 90 106 6.1 -1.1
"21" "19" 2012-01-31 24.31 "MEM" "" "DEN" "W" 3 1 44.8666666666667 0.431 0.318 2.4 3 2.6 24.1 4.7 0 13.6 14.7 102 96 10.1 -0.3
"22" "20" 2012-02-02 24.31 "MEM" "@" "ATL" "W" 19 1 40.0333333333333 0.54 0.538 2.7 6 4.2 22.1 5.5 0 17.8 19.2 104 86 14 3.4
"23" "21" 2012-02-03 24.32 "MEM" "@" "OKC" "L" -7 1 37.8833333333333 0.381 0.357 0 7.5 3.4 19.8 4.2 0 6.5 17.3 99 111 7.7 -0.2
"24" "22" 2012-02-05 24.32 "MEM" "@" "BOS" "L" -18 1 34.2 0.25 0.25 0 14 5.1 19.2 1.6 0 27.3 14.4 52 110 0.9 -9.7
"25" "23" 2012-02-06 24.32 "MEM" "" "SAS" "L" -5 1 40.7 0.579 0.458 5.2 11.5 8.2 37.6 1.3 0 10.9 20.8 121 102 18.2 6.6
"26" "24" 2012-02-08 24.33 "MEM" "" "MIN" "W" 5 1 35.4 0.125 0.125 0 11.3 5.1 28.2 5.9 0 20 11.6 54 82 4.5 -2.5
"27" "25" 2012-02-10 24.33 "MEM" "" "IND" "W" 6 1 35.9666666666667 0.493 0.385 0 11.1 6.3 29.3 1.5 2.2 16.5 24.7 94 104 11.2 -1.4
"28" "26" 2012-02-12 24.34 "MEM" "" "UTA" "L" -10 1 35.9166666666667 0.644 0.545 3 3.6 3.3 30.9 3.1 0 13.2 19.1 134 116 16.9 7.9
"29" "27" 2012-02-14 24.35 "MEM" "" "HOU" "W" 10 1 36.8666666666667 0.626 0.567 0 9.3 5.5 20.1 0 0 15.2 26.2 120 103 12.8 2.9
"30" "28" 2012-02-15 24.35 "MEM" "@" "NJN" "W" 5 1 37.6166666666667 0.606 0.5 0 0 0 36.9 6 0 0 15.6 162 115 20.1 9.5
"31" "29" 2012-02-17 24.35 "MEM" "" "DEN" "W" 1 1 38.3 0.649 0.591 0 5.8 3.1 26.2 7 0 19.6 17.9 124 108 18.2 6.4
"32" "30" 2012-02-18 24.36 "MEM" "" "GSW" "W" 1 1 35.1 0.621 0.5 0 0 0 26 2.9 0 24.9 20.2 113 115 11.3 0.7
"33" "31" 2012-02-20 24.36 "MEM" "@" "HOU" "L" -4 1 40.2333333333333 0.615 0.615 0 9.7 4.8 12.1 2.8 2.3 23.5 20.3 99 112 9.4 -0.1
"34" "32" 2012-02-21 24.36 "MEM" "" "PHI" "W" 13 1 36.3166666666667 0.312 0.286 3.4 6 4.8 30.8 4.5 0 6.5 19.7 84 86 7.9 -1.4
"35" "33" 2012-02-29 24.39 "MEM" "" "DAL" "W" 11 1 38.0166666666667 0.663 0.625 0 9.2 5 41.9 5.5 0 11.7 20.9 133 89 22.3 12.7
"36" "34" 2012-03-02 24.39 "MEM" "@" "TOR" "W" 3 1 38.6666666666667 0.666 0.679 0 8 3.5 22.1 4 0 0 18.8 139 106 20.3 9.4
"37" "35" 2012-03-03 24.39 "MEM" "" "DET" "W" 17 1 38.1333333333333 0.455 0.455 0 0 0 49.2 7.2 0 8.3 15.3 120 92 15.9 9.8
"38" "36" 2012-03-07 24.41 "MEM" "@" "GSW" "W" 18 1 34.0666666666667 0.2 0.2 0 0 0 41.7 3.1 0 28.6 9.6 98 104 6.9 -3.7
"39" "37" 2012-03-10 24.41 "MEM" "@" "PHO" "L" -7 1 40.2666666666667 0.45 0.45 0 5.5 2.7 38.2 2.6 0 9.1 12.8 107 111 11.4 -0.9
"40" "38" 2012-03-11 24.42 "MEM" "@" "DEN" "W" 3 1 32.4666666666667 0.732 0.688 0 3.5 1.8 35 3.1 2.1 31.1 18.3 112 99 13.3 6.7
"41" "39" 2012-03-13 24.42 "MEM" "" "LAL" "L" -5 1 51.1166666666667 0.333 0.333 0 11.6 4.6 26.9 3.1 0 11.8 15.3 84 108 11 -3.2
"42" "40" 2012-03-16 24.43 "MEM" "" "TOR" "L" -4 1 44.6 0.365 0.143 2.6 6.1 4.2 33.2 2.2 1.8 21.5 13.5 94 110 8.3 -3.6
"43" "41" 2012-03-18 24.44 "MEM" "" "WAS" "W" 5 1 35.5 0.472 0.472 0 6.4 2.9 35 4.3 0 10 23.5 104 96 13 3.9
"44" "42" 2012-03-20 24.44 "MEM" "@" "SAC" "L" -9 1 37.0333333333333 0.538 0.5 0 3.3 1.5 33.1 1.3 1.8 6.3 17.9 121 120 14.7 3.1
"45" "43" 2012-03-22 24.45 "MEM" "@" "POR" "L" -4 1 36.2 0.375 0.344 0 7.4 3.4 17.5 1.5 0 5.5 23.3 88 114 5.6 -6.7
"46" "44" 2012-03-24 24.45 "MEM" "@" "LAC" "L" -16 1 21.8666666666667 0.75 0.75 5.4 13.7 9 81.6 5.2 0 25 17.5 139 113 12.4 13.6
"47" "45" 2012-03-25 24.45 "MEM" "@" "LAL" "W" 6 1 33.3833333333333 0.5 0.5 7.2 3.6 5.4 32.5 1.6 0 13.3 20.9 117 116 11.8 0.8
"48" "46" 2012-03-27 24.46 "MEM" "" "MIN" "W" 7 1 32.4166666666667 0.515 0.333 3.5 12.6 8.3 40.1 5 2.6 14.7 18.8 116 91 14.9 8.4
"49" "47" 2012-03-30 24.47 "MEM" "@" "HOU" "L" -9 1 26.4166666666667 0.394 0.375 3.1 0 2.1 0 0 0 18.4 17.6 76 123 -0.3 -14.8
"50" "" 2012-03-31 24.47 "MEM" "@" "MIL" "W" 4 NA NA NA NA NA NA NA NA NA NA NA NA NA NA NA NA
"51" "" 2012-04-02 24.48 "MEM" "@" "OKC" "W" 6 NA NA NA NA NA NA NA NA NA NA NA NA NA NA NA NA
"52" "48" 2012-04-03 24.48 "MEM" "" "GSW" "W" 4 1 28.6833333333333 0.758 0.773 0 21.5 10.2 13.2 1.8 0 14.4 22.4 126 105 13.8 4.4
"53" "49" 2012-04-04 24.48 "MEM" "@" "DAL" "L" -10 1 37.6 0.393 0.393 2.8 0 1.5 22.3 2.9 0 0 18 98 110 8.6 -1.7
"54" "50" 2012-04-06 24.49 "MEM" "@" "MIA" "W" 15 1 35.25 0.845 0.813 0 3.1 1.7 17.5 4.8 0 18.4 14.9 144 97 15.1 10.3
"55" "51" 2012-04-07 24.49 "MEM" "" "DAL" "W" 5 1 29.2 0.607 0.556 0 4.4 2.1 33.7 3.7 0 9.2 17.6 121 101 11.3 5.7
"56" "52" 2012-04-09 24.5 "MEM" "" "LAC" "W" 9 1 33.9166666666667 0.553 0.45 3.8 6 5.1 13.5 1.7 0 7.8 17.9 129 104 10.6 2.5
"57" "53" 2012-04-11 24.5 "MEM" "" "PHO" "W" 11 1 38.5 0.615 0.5 0 6.4 3.4 23.6 3 4.5 0 11.7 163 111 15.7 7.1
"58" "54" 2012-04-12 24.5 "MEM" "@" "SAS" "L" -10 1 31.1 0.427 0.375 0 19.8 9.4 20.7 1.6 0 13.4 20.5 91 113 5.9 -3.6
"59" "55" 2012-04-14 24.51 "MEM" "" "UTA" "W" 5 1 35.95 0.576 0.5 0 3.3 1.7 30.8 1.5 1.9 21.3 25.8 105 115 12.1 -0.6
"60" "56" 2012-04-15 24.51 "MEM" "@" "NOH" "L" -13 1 29.3166666666667 0.282 0.188 7.4 13.6 10.2 21 0 0 18.4 17.6 71 108 1.4 -8.5
"61" "57" 2012-04-17 24.52 "MEM" "@" "MIN" "W" 7 1 38.4333333333333 0.621 0.583 2.7 12.2 7.1 30.7 2.9 0 13.4 17.4 127 100 16.7 6.5
"62" "58" 2012-04-18 24.52 "MEM" "" "NOH" "W" 12 1 30.4166666666667 0.812 0.818 0 10.5 4.8 26.9 1.9 0 7.5 21.1 159 111 18.4 9.2
"63" "59" 2012-04-20 24.53 "MEM" "@" "CHA" "W" 5 1 37.05 0.791 0.75 0 6.5 3.3 36.4 4.3 0 13.7 18.4 148 88 21.1 12.2
"64" "60" 2012-04-21 24.53 "MEM" "" "POR" "W" 4 1 30.3833333333333 0.25 0.25 3.4 3.7 3.5 12.9 3.7 0 0 15.1 82 106 3.1 -5.5
"65" "61" 2012-04-23 24.53 "MEM" "" "CLE" "W" 8 1 23.6166666666667 0.676 0.625 0 16 7.8 20.4 2.3 0 10.1 18.3 144 115 9 -0.6
"66" "62" 2012-04-26 24.54 "MEM" "" "ORL" "W" 12 1 32.1833333333333 0 0 0 3.4 1.9 13.2 1.8 0 16.7 9.4 28 95 -1.5 -12
"1" "1" 2012-10-31 25.05 "MEM" "@" "LAC" "L" -9 1 34.4166666666667 0.322 0.25 2.9 8 5 23.1 4.3 0 35.5 20.1 58 103 1.4 -8.8
"2" "2" 2012-11-02 25.06 "MEM" "@" "GSW" "W" 10 1 33.9666666666667 0.839 0.722 0 10.6 5.6 35.4 7.6 0 19.3 20.9 145 91 23.3 18.4
"3" "3" 2012-11-05 25.07 "MEM" "" "UTA" "W" 9 1 33.6166666666667 0.735 0.75 0 14.9 7.7 20.4 1.5 1.9 21.6 17.5 117 100 14 3.3
"4" "4" 2012-11-07 25.07 "MEM" "@" "MIL" "W" 18 1 32.9166666666667 0.63 0.556 0 5.4 3.2 47.7 0 0 16.2 17.1 136 107 15.3 4.2
"5" "5" 2012-11-09 25.08 "MEM" "" "HOU" "W" 8 1 30.8833333333333 0.461 0.423 3 15.5 7.7 22.8 5.2 0 11.6 23.6 100 94 10.7 4.3
"6" "6" 2012-11-11 25.08 "MEM" "" "MIA" "W" 18 1 31.5166666666667 0.787 0.773 0 9.7 5.3 50.1 0 0 20.8 20.5 138 101 16.1 8.7
"7" "7" 2012-11-14 25.09 "MEM" "@" "OKC" "W" 10 1 34.9666666666667 0.333 0.333 6.5 11.1 8.7 25 0 0 14.3 17.9 90 114 6 -4.4
"8" "8" 2012-11-16 25.1 "MEM" "" "NYK" "W" 10 1 34.9166666666667 0.601 0.583 3.8 4.2 4 38.3 3.2 0 13.1 20.2 130 113 15.4 9.6
"9" "9" 2012-11-17 25.1 "MEM" "@" "CHA" "W" 7 1 31.8166666666667 0.683 0.625 0 12.8 6.7 14.8 6.5 0 21.5 25.8 108 86 15.8 8.1
"10" "10" 2012-11-19 25.11 "MEM" "" "DEN" "L" -5 1 35.6833333333333 0.55 0.55 0 0 0 35.1 3.1 0 23.1 17.1 106 117 9.4 2
"11" "11" 2012-11-23 25.12 "MEM" "" "LAL" "W" 8 1 36.15 0.638 0.607 4.4 0 2 29.1 6.1 0 11.8 21.7 136 110 18.5 9.4
"12" "" 2012-11-26 25.13 "MEM" "" "CLE" "W" 6 NA NA NA NA NA NA NA NA NA NA NA NA NA NA NA NA
"13" "12" 2012-11-28 25.13 "MEM" "" "TOR" "W" 21 1 30.5833333333333 0.926 1 0 3.8 2 24.7 3.5 5.5 31.6 19 121 88 15.4 11.7
"14" "13" 2012-11-30 25.14 "MEM" "" "DET" "W" 12 1 32.8166666666667 0.781 0.75 3.2 11.3 6.9 29 9.7 2.6 15.5 17.7 136 72 21.4 22.4
"15" "14" 2012-12-01 25.14 "MEM" "@" "SAS" "L" -4 1 41.6166666666667 0.56 0.462 2.4 2.7 2.5 51.6 5 0 19.9 20 112 97 17.9 10.7
"16" "15" 2012-12-04 25.15 "MEM" "" "PHO" "W" 10 1 42.25 0.439 0.278 3.3 11.4 7.6 3.3 2.6 0 19.3 16.5 90 103 4.7 -6.7
"17" "16" 2012-12-07 25.16 "MEM" "@" "NOH" "W" 7 1 35.6333333333333 0.295 0.227 0 16.8 9 36.4 7.9 0 7.8 17.8 99 93 11.1 2.3
"18" "17" 2012-12-08 25.16 "MEM" "" "ATL" "L" -10 1 34.9166666666667 0.53 0.5 3.4 0 1.6 15 1.6 0 34.6 23.6 77 114 3.6 -6.8
"19" "18" 2012-12-12 25.17 "MEM" "@" "PHO" "L" -2 1 34.7166666666667 0.438 0.438 4 2.8 3.3 28.8 3.4 0 33.3 17.8 79 105 4.2 -5.4
"20" "19" 2012-12-14 25.18 "MEM" "@" "DEN" "L" -5 1 32.8833333333333 0.47 0.429 10 0 6.1 18.4 1.6 2.5 25.2 25.4 87 113 7.4 -1.3
"21" "20" 2012-12-15 25.18 "MEM" "@" "UTA" "W" 13 1 37.5333333333333 0.487 0.455 2.8 10.4 6.2 31.1 1.4 0 14 17 115 101 11.7 3.5
"22" "21" 2012-12-17 25.18 "MEM" "" "CHI" "W" 9 1 31.9666666666667 0.599 0.542 0 14 6.7 28.6 3.5 0 12.3 22.9 122 81 14.2 11.7
"23" "22" 2012-12-19 25.19 "MEM" "" "MIL" "W" 10 1 30.9 0.539 0.5 0 0 0 31.3 3.3 0 16.4 16.9 107 90 9.6 1
"24" "23" 2012-12-21 25.19 "MEM" "" "DAL" "W" 10 1 37.4 0.356 0.2 0 6.3 2.9 42.2 5.6 0 7.3 15.5 105 88 12.5 4.1
"25" "24" 2012-12-22 25.2 "MEM" "@" "HOU" "L" -25 1 28.1333333333333 0.621 0.583 0 4.5 2.3 34.1 5.3 3.2 7.2 22.7 128 118 16.8 9.9
"26" "25" 2012-12-26 25.21 "MEM" "" "PHI" "L" -10 1 35.7666666666667 0.273 0.206 3 8.9 5.4 21.7 4.6 0 9.8 24.7 73 110 4.7 -5.3
"27" "26" 2012-12-29 25.22 "MEM" "" "DEN" "W" 9 1 28.3666666666667 0.292 0.292 0 4 1.9 32.8 4.2 0 0 20.3 92 90 6.3 3
"28" "27" 2012-12-31 25.22 "MEM" "@" "IND" "L" -5 1 32.1 0.455 0.389 6.6 16.2 10.9 39.5 5.3 3.3 28.8 19.1 91 96 10.3 6.3
"29" "28" 2013-01-02 25.23 "MEM" "@" "BOS" "W" 10 1 43.5833333333333 0.686 0.633 0 9.7 5 39.4 1.3 0 5.6 20.9 146 103 21.7 8.7
"30" "29" 2013-01-04 25.23 "MEM" "" "POR" "L" -2 1 32.7833333333333 0.338 0.25 3.3 7 5.1 15.1 3.5 0 10.1 14.1 88 104 4.4 -4.8
"31" "30" 2013-01-06 25.24 "MEM" "@" "PHO" "W" 11 1 31.5333333333333 0.322 0.3 0 0 0 42.2 7 0 8.4 19.1 95 91 10.1 4.5
"32" "31" 2013-01-07 25.24 "MEM" "@" "SAC" "W" 32 1 32.8666666666667 0.588 0.545 7.9 10 9 36.9 1.7 2.7 7.3 20.1 139 97 16.3 6.8
"33" "32" 2013-01-09 25.25 "MEM" "@" "GSW" "W" 7 1 38.7833333333333 0.581 0.542 0 6.9 3.1 15.2 4.2 0 26.7 22.1 89 97 10.2 -1.4
"34" "33" 2013-01-11 25.25 "MEM" "" "SAS" "W" 3 1 40.8333333333333 0.541 0.367 0 7.9 3.7 19.4 2.7 0 17.1 28.1 104 106 13.8 1.9
"35" "34" 2013-01-12 25.25 "MEM" "@" "DAL" "L" -21 1 23.1833333333333 0.595 0.5 0 5.4 2.3 29.7 2.4 0 0 11.9 142 124 8.4 2.8
"36" "35" 2013-01-14 25.26 "MEM" "" "LAC" "L" -26 1 29.6833333333333 0.227 0.227 0 0 0 6.8 3.9 0 21.4 20.5 47 120 -3.4 -13.9
"37" "36" 2013-01-16 25.27 "MEM" "@" "SAS" "L" -21 1 31.2166666666667 0.601 0.5 0 10.3 4.7 18.9 3.5 0 10.7 15.2 118 114 9.2 3.3
"38" "37" 2013-01-18 25.27 "MEM" "" "SAC" "W" 16 1 36.9333333333333 0.535 0.5 0 13.8 7.1 20.9 1.5 0 14.5 26.2 103 83 11.7 1.4
"39" "38" 2013-01-19 25.27 "MEM" "@" "CHI" "W" 3 1 46.7166666666667 0.492 0.455 0 0 0 36 3.8 4.8 18.5 17 100 93 14.1 8.2
"40" "39" 2013-01-21 25.28 "MEM" "" "IND" "L" -1 1 33.2166666666667 0.542 0.542 0 0 0 11 5.3 0 20 21.4 95 97 7.2 1.6
"41" "40" 2013-01-23 25.28 "MEM" "" "LAL" "W" 13 1 33.2166666666667 0.679 0.679 3.4 6.7 5 25.5 3.1 0 0 18 157 101 19.5 11.9
"42" "41" 2013-01-25 25.29 "MEM" "" "BRK" "W" 24 1 22.25 1 1 0 5.5 2.6 25.3 2.5 0 12.5 16.4 172 91 13.8 17.6
"43" "42" 2013-01-27 25.3 "MEM" "" "NOH" "L" -8 1 4.33333333333333 0 0 0 0 0 34.6 13.1 0 0 10 52 92 1 5.3
"44" "" 2013-01-28 25.3 "MEM" "@" "PHI" "W" 3 NA NA NA NA NA NA NA NA NA NA NA NA NA NA NA NA
"45" "43" 2013-01-31 25.31 "MEM" "@" "OKC" "L" -17 1 38.3 0.447 0.447 2.1 8.1 4.1 19.9 4 0 5 21 103 111 11.4 4.4
"46" "44" 2013-02-01 25.31 "MEM" "" "WAS" "W" 9 1 34.3166666666667 0.551 0.5 0 10.2 5.4 33.3 6.3 0 15.5 26.1 108 80 16 10
"47" "45" 2013-02-05 25.32 "MEM" "" "PHO" "L" -6 1 37.4666666666667 0.365 0.273 0 4.1 1.7 23.9 2.9 0 7.5 16.2 96 108 7.2 -1.7
"48" "46" 2013-02-06 25.32 "MEM" "@" "ATL" "L" -11 1 33.7 0.638 0.583 0 4.1 1.7 38.7 1.6 0 13.1 22 120 118 15.9 5.4
"49" "47" 2013-02-08 25.33 "MEM" "" "GSW" "W" 6 1 37.95 0.444 0.357 3.5 9.3 6.6 37.8 2.8 2.2 33.7 14.9 95 100 9.4 0.4
"50" "48" 2013-02-10 25.33 "MEM" "" "MIN" "W" 17 1 35.7 0.576 0.538 0 12.2 5.8 32.7 1.6 0 0 18.4 145 106 15.2 3.3
"51" "49" 2013-02-12 25.34 "MEM" "" "SAC" "W" 7 1 34.4833333333333 0.709 0.583 4.5 3.2 3.7 29.8 1.5 2 20.5 26 128 107 18.4 7.1
"52" "50" 2013-02-19 25.36 "MEM" "@" "DET" "W" 14 1 30.3666666666667 0.83 0.818 0 8.3 4.3 19.5 3.4 0 20.8 21.8 129 101 16.5 6.5
"53" "51" 2013-02-20 25.36 "MEM" "@" "TOR" "W" 6 1 41.4 0.609 0.55 9.1 5.8 7.6 28.6 4.2 2.2 17.7 18.7 121 99 18.3 11.3
"54" "52" 2013-02-22 25.37 "MEM" "" "ORL" "W" 6 1 35.45 0.549 0.455 0 5.5 2.9 33.2 3.1 0 23.9 22.1 99 96 10.2 -0.7
"55" "53" 2013-02-24 25.37 "MEM" "@" "BRK" "W" 4 1 37.3833333333333 0.46 0.4 0 5.7 3.3 33.5 5 0 0 16 116 92 11.9 5.8
"56" "54" 2013-02-27 25.38 "MEM" "" "DAL" "W" 6 1 36.6 0.186 0.154 0 12.8 6.5 29.8 4.1 0 22.9 21.2 48 86 0.7 -8.2
"57" "55" 2013-03-01 25.39 "MEM" "@" "MIA" "L" -7 1 34.15 0.538 0.538 0 17 7.7 45.8 3.3 0 13.3 20.9 108 110 12.5 6.3
"58" "56" 2013-03-03 25.39 "MEM" "@" "ORL" "W" 26 1 25.4166666666667 0.689 0.667 0 9.4 4.8 21.9 2.2 3.3 9.6 19.2 140 97 11.6 6.5
"59" "57" 2013-03-06 25.4 "MEM" "" "POR" "W" 6 1 36.0833333333333 0.733 0.682 0 9.3 4.4 27.8 3.1 4.8 12.8 20 140 93 20 14.1
"60" "58" 2013-03-08 25.41 "MEM" "@" "CLE" "W" 11 1 33.5833333333333 0.697 0.65 0 0 0 43.2 7.9 2.5 19.7 21.1 129 93 21.6 15.4
"61" "59" 2013-03-09 25.41 "MEM" "" "NOH" "W" 11 1 34.9 0.64 0.567 0 13.8 6.5 40.8 4.9 0 18.9 29.2 117 97 19.3 8.7
"62" "60" 2013-03-12 25.42 "MEM" "@" "POR" "W" 5 1 35.3666666666667 0.451 0.333 0 12.9 6.5 60.6 6 0 16.2 25 106 101 17.5 5.5
"63" "61" 2013-03-13 25.42 "MEM" "@" "LAC" "W" 11 1 40.2 0.623 0.545 3.9 7 5.5 42.3 1.6 2.6 6.8 19.6 149 116 19.8 13.1
"64" "62" 2013-03-15 25.42 "MEM" "@" "DEN" "L" -7 1 38.9166666666667 0.396 0.346 7.6 9.3 8.3 14.8 2.9 0 33.5 24 67 102 2 -7.6
"65" "63" 2013-03-16 25.43 "MEM" "@" "UTA" "L" -6 1 37.4833333333333 0.344 0.333 0 13.5 6.4 20.2 1.6 2.3 5 26.1 81 109 6.3 -2.9
"66" "64" 2013-03-18 25.43 "MEM" "" "MIN" "W" 15 1 33.5166666666667 0.693 0.679 3.4 5.5 4.6 30.1 3.3 0 6.5 22.1 143 91 19.5 15.2
"67" "65" 2013-03-20 25.44 "MEM" "" "OKC" "W" 1 1 47.8 0.508 0.452 6.5 9.1 7.8 25.2 2.3 1.7 4.1 23 123 94 19.8 13.2
"68" "66" 2013-03-22 25.44 "MEM" "@" "NOH" "L" -7 1 37.95 0.59 0.5 0 16.6 7.7 21.4 3.1 0 10.5 25.2 117 108 14.8 5.8
"69" "67" 2013-03-23 25.45 "MEM" "" "BOS" "W" 4 1 37.1666666666667 0.407 0.308 2.8 3.7 3.2 34.1 5.6 0 11.9 19.2 105 110 12.9 0.3
"70" "68" 2013-03-25 25.45 "MEM" "@" "WAS" "L" -13 1 40.2666666666667 0.656 0.536 2.9 8.1 5.6 32.5 3.9 0 25.5 27.3 110 113 18.7 4.1
"71" "69" 2013-03-27 25.46 "MEM" "@" "NYK" "L" -7 1 39.1333333333333 0.587 0.438 3.6 11.9 7.5 28.7 1.4 0 8.3 29.2 129 127 20.8 6.5
"72" "70" 2013-03-29 25.46 "MEM" "" "HOU" "W" 9 1 36.5833333333333 0.588 0.545 0 8.9 5.1 39.2 6.1 0 7.3 17.7 141 103 19 12.6
"73" "71" 2013-03-30 25.47 "MEM" "@" "MIN" "W" 13 1 33.3166666666667 0.633 0.633 0 3.8 2.1 28.3 3.3 2.8 16.7 27.6 106 98 14 6
"74" "72" 2013-04-01 25.47 "MEM" "" "SAS" "W" 2 1 35.5833333333333 0.659 0.676 3.1 7.3 5.1 12.7 0 0 18.7 29 107 111 12.2 -0.9
"75" "73" 2013-04-03 25.48 "MEM" "@" "POR" "W" 18 1 31.35 0.733 0.773 0 8.1 4.6 32.9 1.8 0 6.8 24.5 136 93 18 10.8
"76" "74" 2013-04-05 25.48 "MEM" "@" "LAL" "L" -2 1 33.6666666666667 0.528 0.5 0 7.9 3.6 34 3.2 0 4.8 31 108 99 16.3 7.5
"77" "75" 2013-04-07 25.49 "MEM" "@" "SAC" "W" 2 1 37.5833333333333 0.751 0.714 0 8.2 4.5 24.9 2.8 0 19.4 26.4 121 99 19.3 7.5
"78" "76" 2013-04-09 25.49 "MEM" "" "CHA" "W" 19 1 35.8 0.658 0.615 0 5.7 2.9 33.2 3.2 2 0 21.1 148 90 21.5 14.6
"79" "77" 2013-04-12 25.5 "MEM" "@" "HOU" "W" 4 1 36.0333333333333 0.361 0.286 0 19.8 9.8 28.1 3.1 0 5.7 23.2 84 86 8.4 -1.3
"80" "78" 2013-04-13 25.5 "MEM" "" "LAC" "L" -4 1 36.9833333333333 0.455 0.409 0 12.1 5.9 27 0 0 7 18.1 105 114 7.9 -2.8
"81" "79" 2013-04-15 25.51 "MEM" "@" "DAL" "W" 6 1 23.4833333333333 0.375 0.375 4.6 14.6 9.5 19.2 2.2 0 20 19.1 83 107 3.9 -7.2
"82" "80" 2013-04-17 25.52 "MEM" "" "UTA" "W" 16 1 31.6 0.549 0.5 3.1 5.5 4.4 28.8 0 2.3 13.6 21.6 114 94 11 5.5
"1" "1" 2013-10-30 26.05 "MEM" "@" "SAS" "L" -7 1 27.1666666666667 0.412 0.412 0 9.6 4.2 53.1 3.7 0 15 31.1 87 101 8.1 0
"2" "2" 2013-11-01 26.06 "MEM" "" "DET" "W" 3 1 36.05 0.729 0.625 0 15.6 9.3 19.8 2.9 0 24.9 26.8 113 105 15.3 -1.6
"3" "3" 2013-11-02 26.06 "MEM" "@" "DAL" "L" -12 1 38.0333333333333 0.588 0.469 5.3 5.3 5.3 35.8 4 2.1 4.7 23.4 138 114 24.7 15.9
"4" "4" 2013-11-04 26.07 "MEM" "" "BOS" "W" 7 1 32.55 0.476 0.393 0 9.5 4.3 41.2 0 0 11.3 25.8 106 103 10.6 -1.1
"5" "5" 2013-11-06 26.07 "MEM" "" "NOP" "L" -15 1 33.6833333333333 0.697 0.625 0 4.1 2.1 7.2 1.7 0 5.1 29.4 136 120 19.4 7.9
"6" "6" 2013-11-09 26.08 "MEM" "" "GSW" "W" 18 1 25.3333333333333 0.874 0.864 0 12.6 7.4 45.6 6 0 20.8 25.8 139 86 19.4 17.2
"7" "7" 2013-11-11 26.08 "MEM" "@" "IND" "L" -16 1 29.4333333333333 0.446 0.409 0 0 0 13.3 1.9 2.9 7.5 23.3 87 113 5 -3.4
"8" "8" 2013-11-13 26.09 "MEM" "" "TOR" "L" -16 1 35.25 0.714 0.737 0 0 0 36.5 4.6 0 12.9 29.8 122 114 22.4 16
"9" "9" 2013-11-15 26.1 "MEM" "@" "LAL" "W" 3 1 34.0166666666667 0.346 0.3 3.1 3.1 3.1 31.5 1.6 2.5 11.2 25.2 80 97 7.3 -3.9
"10" "10" 2013-11-17 26.1 "MEM" "@" "SAC" "W" 11 1 38.2666666666667 0.792 0.792 4 0 1.5 37.7 1.4 2 14.3 18.3 142 101 20.5 11.5
"11" "11" 2013-11-18 26.1 "MEM" "@" "LAC" "W" 4 1 29.3166666666667 0.631 0.636 0 6.3 3.6 28.1 0 0 7.8 20.4 128 119 11.2 1.1
"12" "12" 2013-11-20 26.11 "MEM" "@" "GSW" "W" 7 1 38.8166666666667 0.478 0.447 7.9 10.5 9 23.7 1.6 0 0 26.5 116 96 14.9 6.3
"13" "13" 2013-11-22 26.12 "MEM" "" "SAS" "L" -16 1 37.95 0.704 0.684 0 3.4 1.6 12.8 5.8 0 9.1 27.3 131 110 23.2 15.6
"14" "14" 2013-11-25 26.12 "MEM" "" "HOU" "L" -7 1 33.7 0.3 0.179 3.1 4.5 3.7 45.7 1.6 0 0 22.6 98 114 8.8 -1.1
"15" "15" 2013-11-27 26.13 "MEM" "@" "BOS" "W" 7 1 32.9166666666667 0.47 0.429 0 3 1.7 48.2 3.2 0 0 21.3 117 106 15.2 5.3
"16" "16" 2013-11-30 26.14 "MEM" "" "BRK" "L" -9 1 34.6666666666667 0.508 0.5 0 4 1.9 52.6 1.6 0 11.3 25.8 110 116 14.5 3.4
"17" "17" 2013-12-03 26.15 "MEM" "" "PHO" "W" 19 1 36.8666666666667 0.523 0.433 0 5.8 3.1 47.7 0 0 10.4 24.7 126 110 17.1 2.1
"18" "18" 2013-12-05 26.15 "MEM" "" "LAC" "L" -20 1 33.6166666666667 0.901 0.875 3.5 0 1.8 28 1.6 0 25.3 16.2 134 117 13.1 5.5
"19" "19" 2013-12-07 26.16 "MEM" "" "GSW" "L" -26 1 30.4833333333333 0.436 0.333 0 0 0 12.7 1.9 2.2 12.7 24.2 91 134 5.9 -5.4
"20" "20" 2013-12-09 26.16 "MEM" "" "ORL" "W" 9 1 35.1333333333333 0.375 0.375 0 9.3 4.7 32.8 1.5 0 10.4 24.6 87 93 6.6 -3.5
"21" "21" 2013-12-11 26.17 "MEM" "" "OKC" "L" -16 1 35.1833333333333 0.678 0.615 0 8.5 3.6 50.2 0 0 16.9 22.4 126 127 17.2 4.2
"22" "22" 2013-12-13 26.17 "MEM" "@" "NOP" "L" -6 1 35.3166666666667 0.483 0.438 0 3.6 1.9 29.9 0 0 0 25.7 125 131 13.2 -0.1
"23" "23" 2013-12-15 26.18 "MEM" "" "MIN" "L" -8 1 36.7166666666667 0.685 0.7 0 14.9 7.2 18.4 0 2.5 16.4 31.7 114 118 17.9 7.7
"24" "" 2013-12-17 26.18 "MEM" "" "LAL" "L" -4 NA NA NA NA NA NA NA NA NA NA NA NA NA NA NA NA
"25" "" 2013-12-18 26.19 "MEM" "@" "DAL" "L" -14 NA NA NA NA NA NA NA NA NA NA NA NA NA NA NA NA
"26" "24" 2013-12-21 26.19 "MEM" "@" "NYK" "W" 8 1 34.3666666666667 0.244 0.222 0 2.9 1.6 33.4 0 0 9.8 26.8 74 104 1.5 -10.1
"27" "25" 2013-12-23 26.2 "MEM" "" "UTA" "W" 10 1 36.8 0.273 0.273 0 10.6 5 17.9 6.2 0 15.4 17.3 71 106 4.3 -8.3
"28" "26" 2013-12-26 26.21 "MEM" "@" "HOU" "L" -8 1 37.6333333333333 0.37 0.357 2.4 10.6 5.7 23.3 2.9 2.7 11.8 19.4 90 111 7.7 0.1
"29" "27" 2013-12-28 26.21 "MEM" "" "DEN" "W" 21 1 30.8 0.444 0.393 12.3 14.2 13.2 15.9 3.6 0 11.3 25.4 116 114 10.8 -2.9
"30" "28" 2013-12-30 26.22 "MEM" "" "CHI" "L" -4 1 36.55 0.556 0.474 9.8 11.6 10.6 51 8.4 0 4.1 29 129 92 29 21.8
"31" "29" 2014-01-02 26.23 "MEM" "@" "PHO" "W" 8 1 30.4166666666667 0.446 0.364 0 11.9 6.4 25.1 0 2.6 32.8 25.5 79 101 4.6 -6.9
"32" "30" 2014-01-03 26.23 "MEM" "@" "DEN" "L" -3 1 35.6666666666667 0.669 0.633 0 0 0 41 5.8 0 10.4 24.4 131 116 22.5 12
"33" "31" 2014-01-05 26.24 "MEM" "@" "DET" "W" 28 1 32.2833333333333 0.536 0.536 0 5.7 2.9 26.2 0 0 12.5 21.3 112 97 9.6 -1.2
"34" "32" 2014-01-07 26.24 "MEM" "" "SAS" "L" -2 1 41.6166666666667 0.595 0.587 2.7 17.2 9.1 20.7 3.8 0 13.7 31.9 110 106 22.2 10.2
"35" "33" 2014-01-10 26.25 "MEM" "" "PHO" "W" 5 1 38.9833333333333 0.716 0.658 0 0 0 30.3 0 0 0 25.6 160 121 26.2 11.4
"36" "34" 2014-01-12 26.25 "MEM" "" "ATL" "W" 7 1 38.5 0.581 0.467 0 12.2 6.4 47.3 5.3 0 10 24.4 129 105 24.8 8.5
"37" "35" 2014-01-14 26.26 "MEM" "" "OKC" "W" 3 1 36.9666666666667 0.492 0.444 0 8.9 4.4 39.7 2.8 0 4.9 25.2 109 95 15.2 7.4
"38" "36" 2014-01-15 26.26 "MEM" "@" "MIL" "W" 5 1 35.0833333333333 0.54 0.538 2.9 17.5 10.2 27.6 1.6 2.2 12.6 22 105 90 12.4 3
"39" "37" 2014-01-17 26.27 "MEM" "" "SAC" "W" 1 1 37.3333333333333 0.757 0.731 0 6 3.2 30 1.4 1.8 5.7 23.5 148 104 22.6 11.8
"40" "38" 2014-01-20 26.28 "MEM" "" "NOP" "L" -3 1 37.5333333333333 0.388 0.3 3.3 6.6 4.9 9.9 1.5 0 10.7 23.2 90 112 5 -6.5
"41" "39" 2014-01-24 26.29 "MEM" "@" "HOU" "W" 1 1 33.2833333333333 0.636 0.636 4.1 11.4 7.9 15.8 1.7 0 0 15.9 142 102 13 7.6
"42" "40" 2014-01-25 26.29 "MEM" "" "HOU" "W" 18 1 30.4333333333333 0.594 0.577 3.6 6.9 5.3 20 1.8 0 6.5 23 130 96 13.6 8
"43" "41" 2014-01-28 26.3 "MEM" "@" "POR" "W" 17 1 34.6 0.638 0.643 0 8.5 4.8 30.4 1.5 0 11.8 23.3 124 94 16.4 7.8
"44" "42" 2014-01-29 26.3 "MEM" "@" "SAC" "W" 10 1 34.4166666666667 0.796 0.692 4.6 8 6.4 46.7 3.4 0 19.1 31.1 144 111 26.6 15.5
"45" "43" 2014-01-31 26.31 "MEM" "@" "MIN" "W" 4 1 29.8166666666667 0.381 0.286 0 12.7 5.7 40.8 5.4 0 0 25.7 101 97 13.3 5.6
"46" "" 2014-02-01 26.31 "MEM" "" "MIL" "W" 9 NA NA NA NA NA NA NA NA NA NA NA NA NA NA NA NA
"47" "" 2014-02-03 26.32 "MEM" "@" "OKC" "L" -9 NA NA NA NA NA NA NA NA NA NA NA NA NA NA NA NA
"48" "" 2014-02-05 26.32 "MEM" "" "DAL" "L" -14 NA NA NA NA NA NA NA NA NA NA NA NA NA NA NA NA
"49" "" 2014-02-08 26.33 "MEM" "@" "ATL" "W" 3 NA NA NA NA NA NA NA NA NA NA NA NA NA NA NA NA
"50" "" 2014-02-09 26.33 "MEM" "@" "CLE" "L" -8 NA NA NA NA NA NA NA NA NA NA NA NA NA NA NA NA
"51" "" 2014-02-11 26.34 "MEM" "" "WAS" "W" 3 NA NA NA NA NA NA NA NA NA NA NA NA NA NA NA NA
"52" "" 2014-02-12 26.34 "MEM" "@" "ORL" "W" 5 NA NA NA NA NA NA NA NA NA NA NA NA NA NA NA NA
"53" "44" 2014-02-18 26.36 "MEM" "" "NYK" "W" 5 1 31.4666666666667 0.542 0.4 4.4 14.5 9.9 16.4 1.8 2.6 16.5 37.6 104 106 14.4 0.6
"54" "45" 2014-02-21 26.36 "MEM" "" "LAC" "W" 6 1 35.0333333333333 0.414 0.35 0 5.6 3.1 21.7 1.4 0 8.4 15.6 95 105 6 -4.8
"55" "46" 2014-02-22 26.37 "MEM" "@" "CHA" "L" -3 1 32.55 0.44 0.375 3.7 13.4 8.8 29.3 1.6 0 9.9 28.7 93 101 10.8 1.1
"56" "47" 2014-02-26 26.38 "MEM" "" "LAL" "W" 5 1 25.7166666666667 0.318 0.318 0 5 2.4 14.2 3.9 3.8 21.4 23.1 64 103 1.4 -9.6
"57" "48" 2014-02-28 26.38 "MEM" "@" "OKC" "L" -6 1 26.2166666666667 0.265 0.15 5.5 4.7 5.1 42.1 2.1 0 30.6 29.6 74 132 2.3 -14
"58" "49" 2014-03-01 26.39 "MEM" "" "CLE" "W" 14 1 37.8166666666667 0.698 0.643 0 3.8 1.8 26.3 3 2.1 11.3 23 140 112 20.9 6.9
"59" "50" 2014-03-03 26.39 "MEM" "@" "WAS" "W" 6 1 34.25 0.635 0.571 0 10.8 5.8 29.6 1.5 0 20.2 27.4 112 115 14.6 -0.5
"60" "51" 2014-03-05 26.4 "MEM" "@" "BRK" "L" -9 1 20.7 0.113 0 0 21.1 8.8 20.5 0 0 40.3 31.1 27 119 -7 -31.3
"61" "52" 2014-03-07 26.4 "MEM" "@" "CHI" "W" 8 1 30.6 0.349 0.267 3.6 15.7 9.4 38.2 3.6 0 10.4 30.4 87 88 9.5 1.5
"62" "53" 2014-03-08 26.41 "MEM" "" "CHA" "W" 22 1 30.25 0.53 0.528 0 9 5.2 19.3 3.4 0 9.6 30.5 108 93 13.1 6
"63" "54" 2014-03-11 26.41 "MEM" "" "POR" "W" 10 1 28.9 0.589 0.571 0 13.8 8.2 18.8 3.8 0 0 23.8 133 108 15.2 6.8
"64" "55" 2014-03-12 26.42 "MEM" "@" "NOP" "W" 2 1 33.1166666666667 0.546 0.458 6.9 3.7 5.4 5.9 1.7 0 12 24.1 108 107 9.4 -2.2
"65" "56" 2014-03-14 26.42 "MEM" "@" "TOR" "L" -13 1 30.1 0.388 0.333 8 20.6 13.5 35.9 1.8 0 13.4 23.3 94 114 7.8 -2.3
"66" "57" 2014-03-15 26.42 "MEM" "@" "PHI" "W" 26 1 23 0.759 0.667 0 17.4 10.1 30.3 2.1 0 13.8 28.6 136 81 16.9 12.2
"67" "58" 2014-03-19 26.44 "MEM" "" "UTA" "W" 10 1 33.0833333333333 0.537 0.5 0 12.9 6.8 39.3 4.8 0 10.7 26.2 111 91 15.8 7
"68" "59" 2014-03-21 26.44 "MEM" "@" "MIA" "L" -5 1 34.15 0.423 0.333 7.2 7.4 7.3 27.8 5 0 17.4 23.8 97 104 10.2 3.2
"69" "60" 2014-03-22 26.44 "MEM" "" "IND" "W" 11 1 31.7 0.626 0.633 0 16.8 9.2 31.3 0 0 10.7 30.1 120 92 15.2 9.3
"70" "61" 2014-03-24 26.45 "MEM" "" "MIN" "W" 17 1 29.8333333333333 0.81 0.875 3.7 12.4 8.4 28.8 3.5 0 17.4 25 138 96 21.7 18
"71" "62" 2014-03-26 26.45 "MEM" "@" "UTA" "W" 4 1 33.3833333333333 0.603 0.536 3.7 0 1.9 33.3 1.7 0 11.3 26.6 121 106 15.1 5.6
"72" "63" 2014-03-28 26.46 "MEM" "@" "GSW" "L" -7 1 34.7666666666667 0.546 0.529 3.3 8.1 5.4 27.7 0 0 5.2 27.5 115 124 15 2.5
"73" "64" 2014-03-30 26.47 "MEM" "@" "POR" "L" -7 1 37.55 0.385 0.368 5.7 11 8 34.5 4.2 0 4.6 26 100 113 14.9 3.6
"74" "65" 2014-03-31 26.47 "MEM" "@" "DEN" "W" 2 1 30.3833333333333 0.633 0.633 6.4 0 3.7 13.3 1.8 0 11.8 25.3 121 111 13.5 6.4
"75" "66" 2014-04-02 26.47 "MEM" "@" "MIN" "L" -14 1 33.2833333333333 0.233 0.233 0 0 0 32.3 1.6 0 16.7 23.9 61 115 -0.7 -11.6
"76" "67" 2014-04-04 26.48 "MEM" "" "DEN" "W" 8 1 35.3333333333333 0.557 0.393 0 16.2 8.1 21.6 2.8 0 5 24.3 120 95 16.5 6.1
"77" "68" 2014-04-06 26.48 "MEM" "@" "SAS" "L" -20 1 30.7666666666667 0.648 0.692 3.3 10.4 6.1 42.8 1.7 0 6.7 21.6 133 123 17.1 11.1
"78" "69" 2014-04-09 26.49 "MEM" "" "MIA" "W" 5 1 41.35 0.658 0.639 3.5 6.6 5.1 22.2 2.7 0 13.2 26.1 130 121 20.7 5
"79" "70" 2014-04-11 26.5 "MEM" "" "PHI" "W" 22 1 23.3333333333333 0.258 0 0 17.5 9.7 37.4 2.1 0 43.6 12.7 81 96 4.7 -5.5
"80" "71" 2014-04-13 26.5 "MEM" "@" "LAL" "W" 12 1 34.5 0.872 0.833 0 3.4 1.7 37.8 3 0 6.8 18.5 174 100 25.3 14.7
"81" "72" 2014-04-14 26.51 "MEM" "@" "PHO" "W" 6 1 37.5833333333333 0.549 0.591 0 9.6 5.3 27.6 1.4 0 0 16.2 134 104 13.1 4.5
"82" "73" 2014-04-16 26.51 "MEM" "" "DAL" "W" 1 1 41.65 0.577 0.531 0 11.8 5.9 19.4 2.8 0 13.6 24.2 119 112 15.3 2.2
"1" "1" 2014-10-29 27.05 "MEM" "" "MIN" "W" 4 1 33.9833333333333 0.522 0.536 3.7 0 1.8 25.6 1.5 0 6.1 21.4 117 113 11.9 0.3
"2" "2" 2014-10-31 27.05 "MEM" "@" "IND" "W" 8 1 33.2 0.418 0.395 0 7.2 3.4 22 1.7 0 16.4 35.2 78 107 5.3 -7.9
"3" "3" 2014-11-01 27.06 "MEM" "@" "CHO" "W" 2 1 33.7166666666667 0.294 0.214 0 13.9 6.4 40.3 1.5 0 16.4 25.1 66 76 3.7 -1.9
"4" "4" 2014-11-03 27.06 "MEM" "" "NOP" "W" 12 1 30.2333333333333 0.42 0.2 0 8.4 4.7 28.5 3.4 5.1 13.3 23.2 91 83 9.8 4.9
"5" "5" 2014-11-05 27.07 "MEM" "@" "PHO" "W" 11 1 29.2166666666667 0.741 0.75 0 4.8 2.3 71.7 3.6 0 5.8 27.3 154 99 25.2 23.4
"6" "6" 2014-11-07 27.07 "MEM" "@" "OKC" "W" 2 1 35 0.635 0.607 3.2 7 5 28.1 1.6 0 0 22.4 139 108 18 8.5
"7" "7" 2014-11-08 27.08 "MEM" "@" "MIL" "L" -1 1 28.5666666666667 0.359 0.25 0 0 0 26.2 3.8 0 23.5 19.5 73 108 2.8 -5.5
"8" "8" 2014-11-11 27.08 "MEM" "" "LAL" "W" 5 1 35.35 0.603 0.5 0 3.3 1.8 12.9 4.6 0 17.3 30.6 112 114 15.2 1.2
"9" "9" 2014-11-13 27.09 "MEM" "" "SAC" "W" 1 1 38.7333333333333 0.56 0.5 0 3.5 1.7 46.9 1.4 0 4.8 25.3 127 128 19.3 2.7
"10" "10" 2014-11-15 27.1 "MEM" "" "DET" "W" 7 1 32.6666666666667 0.712 0.6 0 6.7 3.1 23.8 0 0 19.2 21.2 125 108 12.2 3.3
"11" "11" 2014-11-17 27.1 "MEM" "" "HOU" "W" 26 1 23.3833333333333 0.752 0.65 5.9 5.4 5.6 36.6 4.4 0 7.3 26.5 158 100 20.2 16.7
"12" "12" 2014-11-19 27.11 "MEM" "@" "TOR" "L" -4 1 42.4666666666667 0.506 0.441 2.6 24.2 13.3 20.9 1.3 0 9.6 22.5 112 111 14.2 -0.4
"13" "13" 2014-11-21 27.11 "MEM" "" "BOS" "W" 17 1 27.5 0.833 0.833 0 14 7.9 37.2 0 0 10 15.7 159 105 16.9 10.8
"14" "14" 2014-11-23 27.12 "MEM" "" "LAC" "W" 16 1 26.95 0.427 0.417 0 11.9 6.4 32.4 0 0 19.6 16.2 99 99 5 -1.3
"15" "15" 2014-11-26 27.13 "MEM" "@" "LAL" "W" 6 1 30.0333333333333 0.696 0.591 4 3.4 3.7 42.4 1.8 0 18 25.3 127 109 16.8 7.5
"16" "16" 2014-11-28 27.13 "MEM" "@" "POR" "W" 13 1 38.3666666666667 0.547 0.471 6.6 18.9 13.7 32.2 0 0 5 24.2 127 108 21 3
"17" "17" 2014-11-30 27.14 "MEM" "@" "SAC" "W" 12 1 31.0166666666667 0.421 0.409 3.8 8.6 6 29.2 1.7 0 20.2 22.1 86 97 5.8 -5.2
"18" "18" 2014-12-03 27.15 "MEM" "@" "HOU" "L" -9 1 27.3 0.697 0.611 4.5 3.4 3.9 34.9 5.5 0 31.7 25.7 105 107 13.1 4.8
"19" "19" 2014-12-05 27.15 "MEM" "" "SAS" "L" -6 1 38.3833333333333 0.607 0.5 0 3 1.5 44.3 1.4 0 0 23.4 140 121 22.8 10.5
"20" "20" 2014-12-07 27.16 "MEM" "" "MIA" "W" 16 1 27.9166666666667 1.125 1.125 0 0 0 11.8 0 0 27.3 21.1 144 114 14 6.1
"21" "21" 2014-12-09 27.16 "MEM" "" "DAL" "W" 9 1 33.2666666666667 0.793 0.769 0 14.1 6.9 15.5 3.2 0 6.7 20.9 152 115 20.8 11.1
"22" "22" 2014-12-12 27.17 "MEM" "" "CHO" "W" 6 1 41.9 0.571 0.464 0 15.7 8.7 27.1 0 0 15.3 22.3 108 102 13.4 -1
"23" "23" 2014-12-13 27.17 "MEM" "@" "PHI" "W" 5 1 42.35 0.705 0.705 2.8 5.8 4.3 39.2 0 0 13.6 31.1 126 118 27 7.8
"24" "24" 2014-12-16 27.18 "MEM" "" "GSW" "W" 7 1 32.2166666666667 0.421 0.333 0 0 0 22.5 6.1 0 12.9 30.8 86 98 9.7 -0.2
"25" "25" 2014-12-17 27.18 "MEM" "@" "SAS" "W" 1 1 46.6 0.352 0.316 0 16.9 9.2 32.8 2.5 0 13.1 24.7 84 105 9.9 -3.5
"26" "26" 2014-12-19 27.19 "MEM" "" "CHI" "L" -6 1 31.5833333333333 0.498 0.417 0 11.7 4.7 11.5 0 3.2 8.7 32.3 100 119 11 1.9
"27" "27" 2014-12-21 27.19 "MEM" "@" "CLE" "L" -14 1 24.8166666666667 0.409 0.385 0 12.9 5.4 33 2.2 0 0 25.6 103 120 9 0.5
"28" "28" 2014-12-22 27.2 "MEM" "" "UTA" "L" -6 1 31.8 0.636 0.636 0 15.5 7.3 30.4 0 0 4.3 36.9 117 115 19.2 10.5
"29" "29" 2014-12-26 27.21 "MEM" "" "HOU" "L" -6 1 37.3833333333333 0.346 0.333 2.5 10.1 5.8 26.6 2.8 0 11.2 21.1 83 116 7 -5.2
"30" "30" 2014-12-27 27.21 "MEM" "@" "MIA" "W" 8 1 31.5666666666667 0.796 0.75 0 5.1 2.3 19.5 3.5 0 16.6 26.9 132 110 18.2 9.9
"31" "31" 2014-12-30 27.22 "MEM" "" "SAS" "W" 8 1 32.6666666666667 0.933 0.923 0 24.5 13.5 43.4 1.6 0 19.9 29 143 96 26.6 17.9
"32" "32" 2015-01-02 27.23 "MEM" "@" "LAL" "W" 3 1 32.35 0.575 0.5 3.2 19.5 10.6 39.8 3.1 2.4 10.8 25.1 124 106 19.9 9.8
"33" "33" 2015-01-03 27.23 "MEM" "@" "DEN" "L" -29 1 25.4666666666667 0.364 0.364 0 10.2 4.4 32 2 0 8.3 21.8 81 121 5.2 -6.5
"34" "34" 2015-01-05 27.24 "MEM" "" "NYK" "W" 22 1 27.0333333333333 0.854 0.833 8.7 21.7 15.2 46 3.8 0 7.2 23 168 87 26 22.2
"35" "35" 2015-01-07 27.24 "MEM" "@" "ATL" "L" -10 1 34.2833333333333 0.551 0.533 7.6 25.1 16.6 33.3 4.6 0 24.5 27.3 95 98 13.8 5.7
"36" "36" 2015-01-09 27.25 "MEM" "@" "NOP" "L" -11 1 32.7166666666667 0.492 0.444 3.1 13.3 8.1 39.9 1.7 0 9.4 30.8 109 122 14.2 3.9
"37" "37" 2015-01-11 27.25 "MEM" "" "PHO" "W" 12 1 42.0166666666667 0.647 0.611 0 18.6 9.7 31 1.2 0 26.6 27 104 94 17.3 4.9
"38" "38" 2015-01-14 27.26 "MEM" "@" "BRK" "W" 11 1 24.1333333333333 0.3 0.3 0 6 2.6 12 0 8.1 16.7 22.8 63 106 0.1 -12.4
"39" "" 2015-01-16 27.27 "MEM" "@" "ORL" "W" 10 NA NA NA NA NA NA NA NA NA NA NA NA NA NA NA NA
"40" "" 2015-01-17 27.27 "MEM" "" "POR" "W" 4 NA NA NA NA NA NA NA NA NA NA NA NA NA NA NA NA
"41" "39" 2015-01-19 27.27 "MEM" "" "DAL" "L" -8 1 30.4166666666667 0.577 0.5 0 3.5 1.9 25.3 0 0 5 29.4 121 120 14.1 5.5
"42" "40" 2015-01-21 27.28 "MEM" "" "TOR" "W" 6 1 29.1 0.47 0.409 4.3 8.7 6.9 12 0 0 23.9 27.7 81 104 3.3 -8.2
"43" "41" 2015-01-24 27.29 "MEM" "" "PHI" "W" 18 1 20.5333333333333 0.507 0.438 5.6 4.4 4.9 7.8 2.4 0 18.4 23.5 90 89 4.1 -6.4
"44" "42" 2015-01-26 27.29 "MEM" "" "ORL" "W" 9 1 21.95 0.313 0.313 0 4.9 2.6 0 2.4 0 20 21.3 49 106 -0.5 -15.5
"45" "" 2015-01-27 27.3 "MEM" "@" "DAL" "W" 19 NA NA NA NA NA NA NA NA NA NA NA NA NA NA NA NA
"46" "" 2015-01-29 27.3 "MEM" "" "DEN" "W" 30 NA NA NA NA NA NA NA NA NA NA NA NA NA NA NA NA
"47" "43" 2015-01-31 27.31 "MEM" "" "OKC" "W" 11 1 28.7333333333333 0.417 0.417 6.1 0 3.3 18.3 0 0 20 22.9 82 99 3.3 -4.4
"48" "44" 2015-02-02 27.31 "MEM" "@" "PHO" "W" 1 1 28.2 0.669 0.633 0 4.2 2 8.2 3.6 0 14.9 30.7 117 108 13.7 3.9
"49" "45" 2015-02-04 27.32 "MEM" "@" "UTA" "W" 10 1 30.9 0.715 0.682 0 12.9 6 10.8 0 0 14.4 21.8 120 111 11.2 1.3
"50" "46" 2015-02-06 27.32 "MEM" "@" "MIN" "L" -1 1 36.0666666666667 0.524 0.5 0 13.3 7.3 33.3 1.5 0 17.3 24.1 97 103 11.6 -0.1
"51" "47" 2015-02-08 27.33 "MEM" "" "ATL" "W" 6 1 32.7 0.739 0.667 0 10.7 4.8 34.2 4.7 0 6.6 19.9 153 90 22.1 18.7
"52" "48" 2015-02-10 27.33 "MEM" "" "BRK" "W" 9 1 27.6333333333333 0.125 0.125 0 0 0 20.3 5.7 0 20 16.7 44 95 0.6 -10.4
"53" "49" 2015-02-11 27.34 "MEM" "@" "OKC" "L" -16 1 17.7166666666667 0.457 0.286 0 6.5 3 0 2.8 0 0 21.2 102 111 4.4 -0.1
"54" "50" 2015-02-22 27.37 "MEM" "@" "POR" "W" 6 1 30.3333333333333 0.472 0.433 6.9 14.4 10.5 38.9 3.4 3.2 0 24.9 117 97 16.6 10.1
"55" "51" 2015-02-23 27.37 "MEM" "@" "LAC" "W" 3 1 33.8166666666667 0.666 0.55 3.3 7.3 5.2 38.4 3.1 0 6.9 20.1 139 97 19.8 12.4
"56" "52" 2015-02-25 27.38 "MEM" "@" "SAC" "L" -12 1 36.4166666666667 0.392 0.321 2.7 7.1 4.7 32.1 4.2 0 24.6 24.1 77 108 7.6 -3.7
"57" "53" 2015-02-27 27.38 "MEM" "" "LAC" "L" -18 1 25.6 0.182 0.182 3.8 9.6 6.4 12.8 0 0 15.4 22.7 43 112 -3 -14.4
"58" "54" 2015-02-28 27.38 "MEM" "@" "MIN" "W" 4 1 35.3 0.559 0.462 0 5.1 3.5 17.4 2.9 0 11.6 23.2 114 107 12.5 0.1
"59" "55" 2015-03-03 27.39 "MEM" "" "UTA" "L" -11 1 35.6333333333333 0.431 0.364 0 3.4 1.5 19.5 1.5 2.4 13.6 19.6 86 110 6.9 -2.4
"60" "56" 2015-03-04 27.39 "MEM" "@" "HOU" "W" 2 1 32.7666666666667 0.79 0.722 0 6.8 3.8 26.5 1.7 0 21.8 20.3 129 119 15.1 3
"61" "57" 2015-03-06 27.4 "MEM" "" "LAL" "W" 7 1 33.65 0.515 0.5 0 14.3 6.6 30.2 1.6 2 14.7 19.6 99 98 10.4 1.7
"62" "58" 2015-03-07 27.4 "MEM" "@" "NOP" "L" -6 1 30.8333333333333 0.79 0.722 3.7 12.3 7.8 19.3 1.7 0 8.5 18.2 144 108 15.6 6.6
"63" "59" 2015-03-09 27.41 "MEM" "@" "CHI" "W" 10 1 30.9166666666667 0.314 0.231 0 18.5 9.2 37.4 8.4 2.7 6.5 23.2 87 85 13.6 7
"64" "60" 2015-03-11 27.41 "MEM" "@" "BOS" "L" -3 1 33.1333333333333 0.833 0.833 0 3.4 1.9 18.1 3.1 0 29.4 23.5 110 106 13.8 4.4
"65" "" 2015-03-12 27.42 "MEM" "@" "WAS" "L" -20 NA NA NA NA NA NA NA NA NA NA NA NA NA NA NA NA
"66" "" 2015-03-14 27.42 "MEM" "" "MIL" "W" 13 NA NA NA NA NA NA NA NA NA NA NA NA NA NA NA NA
"67" "" 2015-03-16 27.43 "MEM" "" "DEN" "W" 11 NA NA NA NA NA NA NA NA NA NA NA NA NA NA NA NA
"68" "" 2015-03-17 27.43 "MEM" "@" "DET" "L" -10 NA NA NA NA NA NA NA NA NA NA NA NA NA NA NA NA
"69" "61" 2015-03-20 27.44 "MEM" "@" "DAL" "W" 11 1 25.7833333333333 0.625 0.556 0 0 0 16.6 0 0 21.1 24.9 106 110 6.4 -3.5
"70" "62" 2015-03-21 27.44 "MEM" "" "POR" "W" 11 1 34.3 0.884 0.864 0 7.2 3.1 48.8 1.5 0 7.8 17 172 96 23.4 17.3
"71" "63" 2015-03-23 27.45 "MEM" "@" "NYK" "W" 21 1 25.8666666666667 0.35 0.35 0 4.9 2.4 20.9 0 0 16.7 22.9 77 98 1.9 -10.1
"72" "64" 2015-03-25 27.45 "MEM" "" "CLE" "L" -22 1 26.05 0.714 0.714 0 5.4 2.3 31.1 0 3.7 30 18.4 106 128 7.8 0
"73" "65" 2015-03-27 27.46 "MEM" "" "GSW" "L" -23 1 32.0666666666667 0.615 0.615 0 9.8 5.4 31.8 4.8 0 27.8 26.5 93 111 10.5 2.7
"74" "66" 2015-03-29 27.46 "MEM" "@" "SAS" "L" -14 1 35.4666666666667 0.273 0.273 0 3.3 1.7 36.6 4.5 0 8.3 16.7 77 110 6.5 0.4
"75" "67" 2015-03-30 27.47 "MEM" "" "SAC" "W" 14 1 34.0166666666667 0.541 0.5 3.3 9.8 6.6 9.6 1.6 4.3 5.7 24.1 116 97 13.4 4.1
"76" "68" 2015-04-03 27.48 "MEM" "" "OKC" "W" 8 1 35.8666666666667 0.448 0.273 3 11.2 7.3 27.6 2.8 0 0 18.5 115 95 13.3 3.5
"77" "69" 2015-04-04 27.48 "MEM" "" "WAS" "L" -9 1 32.1833333333333 0.418 0.333 0 0 0 45 0 2.6 10.7 26.9 92 103 9.8 2.8
"78" "70" 2015-04-08 27.49 "MEM" "" "NOP" "W" 36 1 32.85 0.556 0.556 0 5.8 3.2 14.9 0 0 18.2 15.7 106 95 5.5 -4.8
"79" "" 2015-04-10 27.5 "MEM" "@" "UTA" "W" 1 NA NA NA NA NA NA NA NA NA NA NA NA NA NA NA NA
"80" "" 2015-04-11 27.5 "MEM" "@" "LAC" "L" -8 NA NA NA NA NA NA NA NA NA NA NA NA NA NA NA NA
"81" "" 2015-04-13 27.5 "MEM" "@" "GSW" "L" -4 NA NA NA NA NA NA NA NA NA NA NA NA NA NA NA NA
"82" "" 2015-04-15 27.51 "MEM" "" "IND" "W" 12 NA NA NA NA NA NA NA NA NA NA NA NA NA NA NA NA
"1" "1" 2015-10-28 28.05 "MEM" "" "CLE" "L" -30 1 29.4333333333333 0.41 0.25 0 15.9 6.9 38 0 0 9.3 16.3 95 115 7.2 -3.2
"2" "2" 2015-10-29 28.05 "MEM" "@" "IND" "W" 9 1 30.2666666666667 0.547 0.5 7.9 7.9 7.9 48 3.3 0 25.2 23.2 111 109 12.7 1.5
"3" "3" 2015-10-31 28.05 "MEM" "" "BRK" "W" 10 1 32.4333333333333 0.799 0.75 0 7.6 3.5 50.1 1.7 0 6.8 21.6 157 104 22.6 15.6
"4" "4" 2015-11-02 28.06 "MEM" "@" "GSW" "L" -50 1 26.45 0.451 0.25 0 8.4 3.3 40.6 1.8 0 0 17.4 106 121 9.5 0.6
"5" "5" 2015-11-03 28.06 "MEM" "@" "SAC" "W" 14 1 25.2 0.678 0.611 4.9 8.3 6.7 37.5 2 0 8.8 19.6 144 96 14.4 10.5
"6" "6" 2015-11-05 28.07 "MEM" "@" "POR" "L" -19 1 31.1666666666667 0.359 0.25 0 7.2 3.7 13.6 0 0 17 19.2 74 138 2.5 -15
"7" "7" 2015-11-07 28.07 "MEM" "@" "UTA" "L" -10 1 39.6333333333333 0.393 0.38 0 12.1 5.2 29.8 1.3 0 13.6 32.1 77 98 5.8 -1.2
"8" "8" 2015-11-09 28.08 "MEM" "@" "LAC" "L" -2 1 35.0333333333333 0.477 0.433 9.8 10.8 10.3 25.6 1.5 0 10.7 24.1 102 106 13 3
"9" "9" 2015-11-11 28.08 "MEM" "" "GSW" "L" -16 1 33.1166666666667 0.155 0.083 0 7.6 3.8 57.8 4.5 0 23.7 22.9 49 103 -0.1 -9.8
"10" "10" 2015-11-13 28.09 "MEM" "" "POR" "W" 1 1 33.3333333333333 0.384 0.346 3.1 0 1.8 42.9 0 0 6.5 20.8 103 121 8.3 -3.4
"11" "11" 2015-11-15 28.1 "MEM" "@" "MIN" "W" 8 1 32.8166666666667 0.635 0.643 0 0 0 34.4 3.2 0 6 25 131 116 18.1 6.5
"12" "12" 2015-11-16 28.1 "MEM" "" "OKC" "W" 8 1 31.3833333333333 0.768 0.769 3.5 13.5 7.8 55.6 3.2 0 0 19.7 172 117 25.2 16.8
"13" "13" 2015-11-20 28.11 "MEM" "" "HOU" "W" 12 1 33.9333333333333 0.693 0.676 0 8.8 4.4 32.4 4.3 0 9.6 28.1 123 85 21.1 10.4
"14" "14" 2015-11-21 28.11 "MEM" "@" "SAS" "L" -10 1 32.0166666666667 0.546 0.417 0 12.9 6 30.6 3.4 2.9 6.4 24.1 114 101 14.9 8.6
"15" "15" 2015-11-24 28.12 "MEM" "" "DAL" "W" 14 1 29.9833333333333 0.56 0.5 6.5 3.9 5.3 39.7 1.5 0 0 27 125 99 18 7.3
"16" "16" 2015-11-25 28.12 "MEM" "@" "HOU" "W" 9 1 33.2833333333333 0.883 0.833 0 3.8 1.8 24.9 0 0 15.7 17.2 152 106 16.5 7.1
"17" "17" 2015-11-27 28.13 "MEM" "" "ATL" "L" -15 1 38.1 0.512 0.385 0 3.3 1.6 37.8 0 0 16.1 23 106 128 11.7 -2.1
"18" "18" 2015-11-29 28.13 "MEM" "" "PHI" "W" 8 1 36.8166666666667 0.571 0.464 0 12.4 5.8 24.9 1.3 6.4 22.2 24.7 101 86 13.5 2.7
"19" "19" 2015-12-01 28.14 "MEM" "@" "NOP" "W" 9 1 24.3833333333333 0.55 0.55 0 8.7 4.6 17.8 0 0 16.7 22 102 118 6.7 -3.7
"20" "20" 2015-12-03 28.15 "MEM" "" "SAS" "L" -20 1 28.25 0.493 0.385 3.6 17.9 10 31.6 0 5.5 6.2 27 105 113 12.6 6.2
"21" "21" 2015-12-06 28.15 "MEM" "" "PHO" "W" 2 1 34.4666666666667 0.381 0.357 0 3.3 1.5 27.5 4.4 2.7 6 20.7 91 96 9 1.8
"22" "22" 2015-12-08 28.16 "MEM" "" "OKC" "L" -37 1 21.8 0 0 0 0 0 40 2.4 0 12.5 16.7 36 136 -1.1 -13.6
"23" "23" 2015-12-09 28.16 "MEM" "@" "DET" "W" 1 1 29.1833333333333 0.384 0.346 3.6 0 1.7 38.2 0 0 12.3 24.2 98 109 7 -2.2
"24" "24" 2015-12-11 28.17 "MEM" "" "CHO" "L" -24 1 30.4333333333333 0.722 0.625 3.5 8.8 5.8 24.6 0 7.7 0 16.1 161 132 16.3 7.8
"25" "25" 2015-12-13 28.17 "MEM" "@" "MIA" "L" -3 1 26 0.409 0.409 0 5.3 2.7 22.6 8.3 3.4 15.4 25 82 100 7.1 0.7
"26" "26" 2015-12-14 28.18 "MEM" "" "WAS" "W" 17 1 37.4166666666667 0.605 0.571 4 9 6.8 40.3 2.7 0 11.8 21.3 132 102 19.9 6.1
"27" "27" 2015-12-16 28.18 "MEM" "@" "CHI" "L" -13 1 34.1333333333333 0.269 0.25 3.4 18.8 11.4 10.1 1.5 2.3 6.3 22 59 101 2.8 -8.8
"28" "28" 2015-12-18 28.19 "MEM" "@" "DAL" "L" -9 1 34.9333333333333 0.663 0.542 2.8 10.3 6.2 12.6 1.5 0 11.7 22.9 125 110 15.2 3.6
"29" "29" 2015-12-19 28.19 "MEM" "" "IND" "W" 12 1 33.2666666666667 0.512 0.406 0 11.5 6.3 40.7 6.4 0 4.9 29.2 116 86 20.2 12.8
"30" "30" 2015-12-22 28.2 "MEM" "@" "PHI" "W" 14 1 32.2833333333333 0.575 0.5 0 4 1.9 28.7 1.6 0 11.3 24.4 114 102 13.6 -0.3
"31" "31" 2015-12-23 28.2 "MEM" "@" "WAS" "L" -9 1 39.85 0.639 0.625 0 8.8 4.6 16.3 1.4 0 0 21 133 121 17.4 2.4
"32" "32" 2015-12-26 28.21 "MEM" "@" "CHO" "L" -6 1 30.8833333333333 0.455 0.45 0 15.9 6.8 41.7 5.1 4.2 12.6 33.1 96 99 13.4 10.2
"33" "33" 2015-12-27 28.21 "MEM" "" "LAL" "W" 16 1 24.3 0.745 0.682 0 15.2 9.1 31.7 8.7 0 0 25.3 159 91 22.8 20.7
"34" "34" 2015-12-29 28.22 "MEM" "" "MIA" "W" 9 1 38.3833333333333 0.563 0.458 0 10.9 4.9 22.2 0 0 6.6 20.2 126 108 12.6 0.1
"35" "35" 2016-01-02 28.23 "MEM" "@" "UTA" "L" -5 1 40.9333333333333 0.402 0.375 2.8 9.5 5.9 19.5 1.4 2.7 5.1 24.6 88 102 9.3 0.5
"36" "36" 2016-01-04 28.23 "MEM" "@" "POR" "W" 13 1 26.25 0.314 0.269 0 8.7 3.9 24.8 0 0 0 23.1 86 91 4.1 -3.2
"37" "" 2016-01-06 28.24 "MEM" "@" "OKC" "L" -18 NA NA NA NA NA NA NA NA NA NA NA NA NA NA NA NA
"38" "" 2016-01-08 28.24 "MEM" "" "DEN" "W" 7 NA NA NA NA NA NA NA NA NA NA NA NA NA NA NA NA
"39" "" 2016-01-10 28.25 "MEM" "" "BOS" "W" 3 NA NA NA NA NA NA NA NA NA NA NA NA NA NA NA NA
"40" "" 2016-01-12 28.25 "MEM" "" "HOU" "L" -16 NA NA NA NA NA NA NA NA NA NA NA NA NA NA NA NA
"41" "" 2016-01-14 28.26 "MEM" "" "DET" "W" 2 NA NA NA NA NA NA NA NA NA NA NA NA NA NA NA NA
"42" "" 2016-01-16 28.27 "MEM" "" "NYK" "W" 8 NA NA NA NA NA NA NA NA NA NA NA NA NA NA NA NA
"43" "37" 2016-01-18 28.27 "MEM" "" "NOP" "W" 2 1 27.1333333333333 0.625 0.625 0 5.1 2.4 72.5 0 0 0 21.6 150 119 14.7 8
"44" "38" 2016-01-21 28.28 "MEM" "@" "DEN" "W" 1 1 26.9333333333333 0.746 0.667 5.2 8.3 6.9 13.2 2 0 0 24.7 156 115 17.4 9
"45" "39" 2016-01-23 28.28 "MEM" "@" "MIN" "L" -5 1 24.0166666666667 0.402 0.222 5 37.5 19.4 36.3 2.2 0 8.2 24 107 115 8.6 -4.1
"46" "40" 2016-01-25 28.29 "MEM" "" "ORL" "W" 6 1 38.5666666666667 0.407 0.346 2.5 15.6 8.2 33 2.7 2.4 6.3 17.9 108 100 13.9 2.3
"47" "41" 2016-01-28 28.3 "MEM" "" "MIL" "W" 20 1 23.8 0.268 0.125 0 4.6 2.4 50.4 2.3 0 9.7 20.9 95 101 6 -3.2
"48" "42" 2016-01-30 28.3 "MEM" "" "SAC" "W" 4 1 30.1166666666667 0.515 0.5 0 13.3 7.7 30.8 1.5 0 20.5 14.4 106 116 8.1 -6.5
"49" "43" 2016-02-01 28.31 "MEM" "@" "NOP" "W" 15 1 28.4833333333333 0.882 0.786 0 13.2 8.8 48.7 1.9 2.7 9.4 19.3 177 104 22.6 16.8
"50" "44" 2016-02-05 28.32 "MEM" "@" "NYK" "W" 6 1 31.35 0.372 0.222 0 6.5 3.6 46 1.8 0 8.5 18.8 95 104 9 -0.8
"51" "45" 2016-02-06 28.32 "MEM" "" "DAL" "L" -4 1 34.2166666666667 0.581 0.583 0 11.7 6.7 31.2 0 0 12.7 22.4 114 120 12.1 -0.9
"52" "46" 2016-02-08 28.33 "MEM" "" "POR" "L" -6 1 33.3666666666667 0.687 0.647 0 11.3 6.3 17.6 1.6 0 16.9 34.3 116 111 16.7 3.9
"53" "47" 2016-02-10 28.33 "MEM" "@" "BRK" "W" 19 1 29 0.698 0.654 4.5 15 9.5 24.8 1.9 0 6.5 25 145 106 18.8 9.1
"54" "48" 2016-02-19 28.36 "MEM" "" "MIN" "W" 5 1 38.3666666666667 0.602 0.579 3 8.9 6 31.9 2.6 0 12.6 27.4 120 113 19.6 4.1
"55" "49" 2016-02-21 28.36 "MEM" "@" "TOR" "L" -13 1 34.9166666666667 0.282 0.167 2.9 12.8 7.6 21.8 0 0 6.6 20.3 71 110 3.7 -7.4
"56" "50" 2016-02-24 28.37 "MEM" "" "LAL" "W" 9 1 29.4 0.806 0.786 4.2 15.7 10.8 41.2 1.7 0 11.8 25.8 155 125 24.6 11.3
"57" "51" 2016-02-26 28.38 "MEM" "@" "LAL" "W" 17 1 28.6666666666667 0.751 0.7 0 3.5 2 35.6 1.8 0 8.1 19.7 157 110 16.8 8.3
"58" "52" 2016-02-27 28.38 "MEM" "@" "PHO" "L" -5 1 30.3166666666667 0.498 0.406 3.4 0 1.8 56.3 1.6 0 9.5 31.3 107 123 13.9 0.5
"59" "53" 2016-02-29 28.39 "MEM" "@" "DEN" "W" 7 1 28.6166666666667 0.313 0.222 4.7 0 2.5 46.2 0 3.4 15.2 22.4 84 112 6.4 -5.9
"60" "54" 2016-03-02 28.39 "MEM" "" "SAC" "W" 6 1 33.5666666666667 0.872 0.875 0 7.3 3.5 32.3 4.5 2.6 6.8 18.8 167 101 25.2 19.5
"61" "55" 2016-03-04 28.4 "MEM" "" "UTA" "W" 6 1 28.2833333333333 0.384 0.308 0 7.5 3.9 22.5 0 0 6 28.1 88 104 4.9 -7.4
"62" "56" 2016-03-06 28.4 "MEM" "" "PHO" "L" -9 1 29.8166666666667 0.703 0.654 0 4.5 1.9 31.1 3.6 0 6 25.6 141 120 18.6 11.8
"63" "" 2016-03-07 28.41 "MEM" "@" "CLE" "W" 3 NA NA NA NA NA NA NA NA NA NA NA NA NA NA NA NA
"64" "" 2016-03-09 28.41 "MEM" "@" "BOS" "L" -20 NA NA NA NA NA NA NA NA NA NA NA NA NA NA NA NA
"65" "" 2016-03-11 28.42 "MEM" "" "NOP" "W" 7 NA NA NA NA NA NA NA NA NA NA NA NA NA NA NA NA
"66" "" 2016-03-12 28.42 "MEM" "@" "ATL" "L" -12 NA NA NA NA NA NA NA NA NA NA NA NA NA NA NA NA
"67" "" 2016-03-14 28.42 "MEM" "@" "HOU" "L" -49 NA NA NA NA NA NA NA NA NA NA NA NA NA NA NA NA
"68" "" 2016-03-16 28.43 "MEM" "" "MIN" "L" -6 NA NA NA NA NA NA NA NA NA NA NA NA NA NA NA NA
"69" "" 2016-03-17 28.43 "MEM" "@" "MIL" "L" -10 NA NA NA NA NA NA NA NA NA NA NA NA NA NA NA NA
"70" "" 2016-03-19 28.44 "MEM" "" "LAC" "W" 11 NA NA NA NA NA NA NA NA NA NA NA NA NA NA NA NA
"71" "" 2016-03-21 28.44 "MEM" "@" "PHO" "W" 6 NA NA NA NA NA NA NA NA NA NA NA NA NA NA NA NA
"72" "" 2016-03-22 28.45 "MEM" "@" "LAL" "L" -7 NA NA NA NA NA NA NA NA NA NA NA NA NA NA NA NA
"73" "" 2016-03-25 28.45 "MEM" "@" "SAS" "L" -6 NA NA NA NA NA NA NA NA NA NA NA NA NA NA NA NA
"74" "" 2016-03-28 28.46 "MEM" "" "SAS" "L" -14 NA NA NA NA NA NA NA NA NA NA NA NA NA NA NA NA
"75" "" 2016-03-30 28.47 "MEM" "" "DEN" "L" -4 NA NA NA NA NA NA NA NA NA NA NA NA NA NA NA NA
"76" "" 2016-04-01 28.47 "MEM" "" "TOR" "L" -4 NA NA NA NA NA NA NA NA NA NA NA NA NA NA NA NA
"77" "" 2016-04-03 28.48 "MEM" "@" "ORL" "L" -12 NA NA NA NA NA NA NA NA NA NA NA NA NA NA NA NA
"78" "" 2016-04-05 28.48 "MEM" "" "CHI" "W" 16 NA NA NA NA NA NA NA NA NA NA NA NA NA NA NA NA
"79" "" 2016-04-08 28.49 "MEM" "@" "DAL" "L" -10 NA NA NA NA NA NA NA NA NA NA NA NA NA NA NA NA
"80" "" 2016-04-09 28.5 "MEM" "" "GSW" "L" -1 NA NA NA NA NA NA NA NA NA NA NA NA NA NA NA NA
"81" "" 2016-04-12 28.5 "MEM" "@" "LAC" "L" -26 NA NA NA NA NA NA NA NA NA NA NA NA NA NA NA NA
"82" "" 2016-04-13 28.51 "MEM" "@" "GSW" "L" -21 NA NA NA NA NA NA NA NA NA NA NA NA NA NA NA NA
"1" "1" 2016-10-26 29.04 "MEM" "" "MIN" "W" 4 1 29.65 0.741 0.714 0 3.3 1.8 28.1 0 2.4 11 28.1 138 115 16.8 8.4
"2" "2" 2016-10-29 29.05 "MEM" "@" "NYK" "L" -7 1 23.6 0.511 0.444 8.8 17.4 12.6 35.2 0 0 27.1 27.4 94 117 6.9 -4.5
"3" "3" 2016-10-30 29.05 "MEM" "" "WAS" "W" 9 1 37.6333333333333 0.566 0.5 3.3 6.4 4.9 55.9 0 0 19.1 32.5 114 110 17.1 2.8
"4" "" 2016-11-01 29.06 "MEM" "@" "MIN" "L" -36 NA NA NA NA NA NA NA NA NA NA NA NA NA NA NA NA
"5" "4" 2016-11-02 29.06 "MEM" "" "NOP" "W" 6 1 38.2666666666667 0.601 0.5 0 3.1 1.5 16.8 1.4 0 19.4 23.9 103 88 11.6 1.5
"6" "5" 2016-11-04 29.07 "MEM" "" "LAC" "L" -11 1 37.2166666666667 0.65 0.625 0 5.6 2.7 66.5 1.3 4.4 0 26.7 142 106 28 23.8
"7" "6" 2016-11-06 29.07 "MEM" "" "POR" "L" -6 1 30.6166666666667 0.606 0.5 0 16.9 7.7 47.4 3.4 8.3 13.2 22 124 102 17.4 12.8
"8" "7" 2016-11-08 29.08 "MEM" "" "DEN" "W" 1 1 30.0833333333333 0.298 0.267 0 16 6.7 29.7 8.1 0 15.2 29.1 71 99 7.7 -4.4
"9" "8" 2016-11-12 29.09 "MEM" "@" "MIL" "L" -10 1 30.0666666666667 0.555 0.35 0 18.8 9.5 15.9 1.7 0 18.2 26.3 98 117 10.1 -3
"10" "9" 2016-11-14 29.09 "MEM" "@" "UTA" "W" 6 1 30.6666666666667 0.605 0.571 0 13 6.4 43.8 1.8 0 0 22.5 154 113 17.8 14.6
"11" "10" 2016-11-16 29.1 "MEM" "@" "LAC" "W" 4 1 37.8166666666667 1.025 1.042 0 15.1 8.1 35.5 4.1 0 21.5 22.5 160 110 30.1 21
"12" "11" 2016-11-18 29.1 "MEM" "@" "DAL" "W" 16 1 28.5333333333333 0.481 0.357 0 13.2 7.2 18.3 1.9 7 19.4 18.4 90 71 6.8 3
"13" "12" 2016-11-19 29.11 "MEM" "" "MIN" "W" 22 1 33.5333333333333 0.558 0.389 6.8 7.5 7.2 17.4 1.7 6.8 7.9 17.8 126 85 13 8.8
"14" "13" 2016-11-21 29.11 "MEM" "@" "CHO" "W" 15 1 36.6166666666667 0.681 0.643 0 9.4 5 10.2 4.4 0 4.2 30.7 128 98 23.8 12.4
"15" "14" 2016-11-23 29.12 "MEM" "@" "PHI" "W" 5 1 45.1 0.512 0.425 0 25.7 11.3 39.9 2.2 0 14.1 29.3 99 87 19.2 4.6
"16" "15" 2016-11-25 29.12 "MEM" "" "MIA" "L" -9 0 22.8666666666667 0.494 0.393 8.4 9.3 8.8 34 2.4 3.9 15.6 36.9 99 102 10.6 8.7
"17" "16" 2016-11-26 29.13 "MEM" "@" "MIA" "W" 3 1 34.3333333333333 0.615 0.5 0 10.5 5.7 34.2 0 0 5.5 27 127 124 18.4 1.9
"18" "17" 2016-11-28 29.13 "MEM" "" "CHO" "L" -19 1 20.05 0.636 0.636 0 5.6 2.7 55.3 5 0 0 24.7 136 105 13.7 17
"19" "" 2016-11-30 29.14 "MEM" "@" "TOR" "L" -15 NA NA NA NA NA NA NA NA NA NA NA NA NA NA NA NA
"20" "" 2016-12-01 29.14 "MEM" "" "ORL" "W" 1 NA NA NA NA NA NA NA NA NA NA NA NA NA NA NA NA
"21" "" 2016-12-03 29.15 "MEM" "" "LAL" "W" 3 NA NA NA NA NA NA NA NA NA NA NA NA NA NA NA NA
"22" "" 2016-12-05 29.15 "MEM" "@" "NOP" "W" 2 NA NA NA NA NA NA NA NA NA NA NA NA NA NA NA NA
"23" "" 2016-12-06 29.15 "MEM" "" "PHI" "W" 5 NA NA NA NA NA NA NA NA NA NA NA NA NA NA NA NA
"24" "" 2016-12-08 29.16 "MEM" "" "POR" "W" 2 NA NA NA NA NA NA NA NA NA NA NA NA NA NA NA NA
"25" "" 2016-12-10 29.16 "MEM" "" "GSW" "W" 21 NA NA NA NA NA NA NA NA NA NA NA NA NA NA NA NA
"26" "" 2016-12-13 29.17 "MEM" "@" "CLE" "L" -17 NA NA NA NA NA NA NA NA NA NA NA NA NA NA NA NA
"27" "" 2016-12-14 29.18 "MEM" "" "CLE" "W" 8 NA NA NA NA NA NA NA NA NA NA NA NA NA NA NA NA
"28" "18" 2016-12-16 29.18 "MEM" "" "SAC" "L" -4 1 28.65 0.435 0.286 0 10.7 5.5 39.2 3.7 3 24.6 19.3 86 103 7.9 -0.1
"29" "19" 2016-12-18 29.19 "MEM" "" "UTA" "L" -9 1 28.55 0.351 0.219 0 0 0 29.3 2 0 0 30.8 93 100 6.6 6.5
"30" "20" 2016-12-20 29.19 "MEM" "" "BOS" "L" -3 1 35.85 0.51 0.469 3 13.8 7.9 40.6 3 0 17.7 28.3 105 115 13.7 2.9
"31" "21" 2016-12-21 29.19 "MEM" "@" "DET" "W" 12 1 23.5166666666667 0.45 0.45 0 24.9 12.1 28.3 4.5 0 9.1 22.8 93 87 6.9 0.9
"32" "22" 2016-12-23 29.2 "MEM" "" "HOU" "W" 6 1 28.8666666666667 0.64 0.618 0 12.8 6.4 31.9 1.8 0 0 30.6 140 120 20.3 9.3
"33" "23" 2016-12-26 29.21 "MEM" "@" "ORL" "L" -10 1 26.5333333333333 0.833 0.75 0 9 4.6 30 0 0 22.7 25.3 134 129 13.8 -0.2
"34" "" 2016-12-27 29.21 "MEM" "@" "BOS" "L" -10 NA NA NA NA NA NA NA NA NA NA NA NA NA NA NA NA
"35" "" 2016-12-29 29.22 "MEM" "" "OKC" "W" 34 NA NA NA NA NA NA NA NA NA NA NA NA NA NA NA NA
"36" "24" 2016-12-31 29.22 "MEM" "@" "SAC" "W" 14 1 29.3 0.833 0.864 12.3 21 16.6 15.9 0 3.7 13.2 25.4 152 118 21.1 13.3
"37" "25" 2017-01-03 29.23 "MEM" "@" "LAL" "L" -14 1 32.15 0.591 0.531 0 3.5 1.8 30.5 0 0 10.1 28.8 110 130 13.3 -0.7
"38" "26" 2017-01-04 29.23 "MEM" "@" "LAC" "L" -9 1 36.1 0.445 0.344 8.1 13.6 10.6 50.9 0 0 13.6 27.2 108 125 14.1 -3
"39" "27" 2017-01-06 29.24 "MEM" "@" "GSW" "W" 9 1 40.9 0.637 0.605 0 13 5.7 42 1.2 0 8.6 24.4 136 115 25.5 9.9
"40" "28" 2017-01-08 29.24 "MEM" "" "UTA" "W" 9 1 34.7333333333333 0.492 0.472 0 6.4 3.5 54.2 1.6 0 9.4 30.3 105 95 13.1 4.1
"41" "29" 2017-01-11 29.25 "MEM" "@" "OKC" "L" -8 1 36.45 0.495 0.475 4.8 7.1 5.7 28.8 4.1 0 8.3 28.6 106 108 16.8 8.4
"42" "30" 2017-01-13 29.26 "MEM" "@" "HOU" "W" 5 1 38.6833333333333 0.589 0.571 0 15.8 9.8 34.6 2.5 3 25.7 22 107 105 15 3.8
"43" "31" 2017-01-15 29.26 "MEM" "" "CHI" "L" -4 1 36.5 0.697 0.618 0 15.3 6.8 37.4 2.7 0 9.1 26.2 139 109 25.6 12.3
"44" "32" 2017-01-18 29.27 "MEM" "@" "WAS" "L" -3 1 30.5833333333333 0.59 0.462 3.1 7.8 5.2 37.4 0 0 22.8 31.3 107 124 12.2 0.2
"45" "33" 2017-01-20 29.28 "MEM" "" "SAC" "W" 16 1 34.0166666666667 0.576 0.538 3.1 20.6 12.1 38.2 3 0 17.8 21.9 119 95 15.9 6.1
"46" "34" 2017-01-21 29.28 "MEM" "" "HOU" "L" -24 1 34.6 0.441 0.441 2.6 12.6 6.4 33.7 0 0 5.6 22 101 132 9.9 -2.3
"47" "35" 2017-01-25 29.29 "MEM" "" "TOR" "W" 2 1 35.9 0.326 0.281 3.3 5.5 4.5 21.8 1.5 0 5.6 24.4 85 114 5.8 -7.9
"48" "36" 2017-01-27 29.3 "MEM" "@" "POR" "L" -3 1 35.5166666666667 0.467 0.406 3.9 6.8 5.4 44.7 1.5 0 18 29.3 103 127 12.7 -2.3
"49" "37" 2017-01-28 29.3 "MEM" "@" "UTA" "W" 7 1 28.2833333333333 0.773 0.75 0 18.2 8.2 19.8 4.1 0 0 27.6 164 111 21 19.9
"50" "38" 2017-01-30 29.3 "MEM" "@" "PHO" "W" 19 1 32.8 0.883 0.861 0 18.7 10.2 61.4 3.1 0 8.5 32 169 99 37.1 27.6
"51" "39" 2017-02-01 29.31 "MEM" "@" "DEN" "W" 20 1 26.6833333333333 0.605 0.571 4 11.7 7.9 27.8 1.9 0 6.3 26.3 129 103 15.7 6
"52" "40" 2017-02-03 29.32 "MEM" "@" "OKC" "L" -12 1 34.4166666666667 0.495 0.469 0 3.8 1.8 9.2 4.4 0 9.9 26.9 94 121 11.5 -1.2
"53" "41" 2017-02-04 29.32 "MEM" "@" "MIN" "W" 8 1 36.4333333333333 0.47 0.313 0 5.9 3 41.5 0 0 12.4 31 107 122 12.4 -3.9
"54" "42" 2017-02-06 29.32 "MEM" "" "SAS" "W" 15 1 35.4833333333333 0.492 0.35 0 5.9 2.9 43.6 3 2.1 14.1 18.3 112 85 13.8 7.3
"55" "43" 2017-02-08 29.33 "MEM" "" "PHO" "W" 19 1 30.85 0.943 0.9 0 0 0 32.3 3.3 0 24.7 23.1 141 102 19.1 12.1
"56" "44" 2017-02-10 29.33 "MEM" "" "GSW" "L" -15 1 33.4 0.563 0.5 6.1 12.7 8.9 51 4.4 0 10.1 23.4 132 119 20.8 15.6
"57" "45" 2017-02-13 29.34 "MEM" "@" "BRK" "W" 9 1 37.3166666666667 0.768 0.688 4.1 0 1.8 29.5 1.4 0 4.6 27.8 156 113 28.1 10.2
"58" "46" 2017-02-15 29.35 "MEM" "" "NOP" "L" -4 1 32.8333333333333 0.456 0.406 0 7.5 3.4 22.8 0 2.6 17.7 28.8 84 105 6.7 -2
"59" "47" 2017-02-24 29.37 "MEM" "@" "IND" "L" -10 1 32.1166666666667 0.465 0.556 2.8 17.1 8.4 38 0 0 8.5 16.7 106 120 9.1 -4.3
"60" "48" 2017-02-26 29.38 "MEM" "@" "DEN" "W" 7 1 35.45 0.744 0.719 0 11.8 6.2 28.4 3 0 4.6 27.9 153 107 27.5 18
"61" "49" 2017-02-28 29.38 "MEM" "" "PHO" "W" 18 1 39.2166666666667 0.644 0.605 3.4 7 5.2 27.4 0 0 0 25.3 155 124 25 5.2
"62" "50" 2017-03-03 29.39 "MEM" "@" "DAL" "L" -4 1 35.8333333333333 0.773 0.7 0 6.7 3.2 20.7 1.4 0 4.9 26.9 154 113 24.5 13.8
"63" "51" 2017-03-04 29.39 "MEM" "@" "HOU" "L" -15 1 38.9 0.599 0.529 0 19 8.3 26.1 2.5 3.4 13.5 23 120 124 19.1 4
"64" "52" 2017-03-06 29.4 "MEM" "" "BRK" "L" -13 1 39.1333333333333 0.756 0.7 0 10.2 4.7 32.1 1.3 0 8.6 26 144 126 26 7.9
"65" "53" 2017-03-09 29.41 "MEM" "" "LAC" "L" -16 1 35.8 0.381 0.214 0 11.5 5 16.3 1.4 0 10.5 25.2 80 121 6.3 -9
"66" "54" 2017-03-11 29.41 "MEM" "" "ATL" "L" -17 1 31.9 0.563 0.458 0 4.4 1.7 28.4 7.9 0 17.4 22.9 103 102 14.6 7.2
"67" "55" 2017-03-13 29.42 "MEM" "" "MIL" "W" 20 1 36.3 0.635 0.607 0 3.9 1.9 41.7 4.7 0 16 24.5 129 109 18.7 7.6
"68" "56" 2017-03-15 29.42 "MEM" "@" "CHI" "W" 7 1 36.15 0.922 0.875 0 23 12.3 36.6 1.5 0 21.5 23.8 145 100 25.2 16.5
"69" "57" 2017-03-16 29.43 "MEM" "@" "ATL" "W" 12 1 33.4666666666667 0.486 0.425 6.2 7.2 6.7 62.5 1.6 0 4.2 30.6 126 103 20.8 10.8
"70" "58" 2017-03-18 29.43 "MEM" "" "SAS" "W" 8 1 35.85 0.63 0.542 0 25.3 12.2 31.7 3 2.8 16.6 24.3 117 101 18.2 9.3
"71" "59" 2017-03-21 29.44 "MEM" "@" "NOP" "L" -13 1 31.2 0.538 0.5 0 18.8 10 20.3 0 0 11.8 26 97 104 9.7 0.3
"72" "60" 2017-03-23 29.45 "MEM" "@" "SAS" "L" -7 1 36.05 0.522 0.417 0 7 3.5 32.4 0 0 12.5 32.9 108 119 13.2 0
"73" "61" 2017-03-26 29.45 "MEM" "@" "GSW" "L" -12 1 36.5666666666667 0.802 0.733 3.1 0 1.8 35.1 1.5 0 24.9 30.2 127 126 22.3 10.5
"74" "62" 2017-03-27 29.46 "MEM" "@" "SAC" "L" -1 1 40.1 0.429 0.37 2.5 7 4.4 50.3 0 0 7.2 30.1 108 116 13.9 4.3
"75" "63" 2017-03-29 29.46 "MEM" "" "IND" "W" 13 1 37.95 0.806 0.786 0 8.2 4.4 30.9 5.6 0 4.3 28.4 158 102 34.2 24.6
"76" "64" 2017-03-31 29.47 "MEM" "" "DAL" "W" 9 1 34.2666666666667 0.706 0.6 0 15.6 8.2 35.3 1.6 3.3 13.1 33.1 132 101 23.5 11.4
"77" "65" 2017-04-02 29.47 "MEM" "@" "LAL" "L" -5 1 35.7333333333333 0.533 0.471 0 9 4.8 50.5 1.5 2 0 25.2 129 119 20.3 6.4
"78" "66" 2017-04-04 29.48 "MEM" "@" "SAS" "L" -6 1 32.9166666666667 0.545 0.529 0 7 3.4 43.7 3.4 0 22.3 32.3 89 99 10.9 3.4
"79" "" 2017-04-05 29.48 "MEM" "" "OKC" "L" -3 NA NA NA NA NA NA NA NA NA NA NA NA NA NA NA NA
"80" "67" 2017-04-07 29.49 "MEM" "" "NYK" "W" 13 1 33.7166666666667 0.912 0.912 0 9.3 5.4 40.8 1.7 0 15 30.9 153 110 27 20.3
"81" "68" 2017-04-09 29.49 "MEM" "" "DET" "L" -13 1 23.4 0.735 0.688 0 10.5 5.4 23.9 2.3 0 16.4 26.1 126 118 11.5 1.4
"82" "69" 2017-04-12 29.5 "MEM" "" "DAL" "L" -7 1 17.3 0.697 0.667 0 13.9 6.5 29 3.1 0 0 27.7 155 110 13.3 19.9
"1" "1" 2017-10-18 30.02 "MEM" "" "NOP" "W" 12 1 32.6833333333333 0.747 0.733 0 16 7.6 17.1 3.1 0 5.2 24.3 149 96 22.7 16.7
"2" "2" 2017-10-21 30.03 "MEM" "" "GSW" "W" 10 1 32 0.317 0.25 0 6.5 3.5 33.3 0 0 6 23.4 83 111 4.3 -8.2
"3" "3" 2017-10-23 30.03 "MEM" "@" "HOU" "W" 8 1 28.0333333333333 0.609 0.4 0 11.7 6.7 28.7 0 0 12.5 28.4 116 102 11.7 3
"4" "4" 2017-10-25 30.04 "MEM" "@" "DAL" "L" -9 1 35.3166666666667 0.595 0.567 0 20 9.6 17.4 1.5 0 0 24.1 128 113 16.7 5.7
"5" "5" 2017-10-26 30.04 "MEM" "" "DAL" "W" 5 1 30.8666666666667 0.602 0.462 0 2.8 1.6 28 1.7 0 14.1 31.8 114 105 14.8 3.6
"6" "6" 2017-10-28 30.05 "MEM" "" "HOU" "W" 14 1 26.1166666666667 0.4 0.4 0 12.5 6.5 16.9 0 4.7 0 18.5 93 102 5.9 -6
"7" "7" 2017-10-30 30.05 "MEM" "" "CHO" "L" -5 1 31.8833333333333 0.357 0.222 0 6.4 2.9 34.8 3 0 4.3 30.8 84 105 8.8 -3.2
"8" "" 2017-11-01 30.06 "MEM" "" "ORL" "L" -2 NA NA NA NA NA NA NA NA NA NA NA NA NA NA NA NA
"9" "8" 2017-11-04 30.07 "MEM" "@" "LAC" "W" 9 1 33.1 0.569 0.556 0 3.2 1.8 15.3 1.6 0 9.4 29.3 111 118 12.8 -0.3
"10" "9" 2017-11-05 30.07 "MEM" "@" "LAL" "L" -5 1 31.5333333333333 0.628 0.618 0 18.6 9 17.4 1.5 2.6 9.8 29.4 112 107 17.6 6.1
"11" "10" 2017-11-07 30.07 "MEM" "@" "POR" "W" 1 1 30.8833333333333 0.567 0.467 0 0 0 36.3 3.4 2.5 14.5 32.7 108 107 14.2 3.5
"12" "11" 2017-11-11 30.08 "MEM" "@" "HOU" "L" -15 1 27.6166666666667 0.47 0.409 0 0 0 28 1.8 0 19 25.9 87 119 6.6 -4.8
"13" "12" 2017-11-13 30.09 "MEM" "@" "MIL" "L" -7 1 33.2166666666667 0.272 0.25 0 0 0 8.5 1.6 0 0 18.8 71 127 0.6 -11.6
"14" "" 2017-11-15 30.1 "MEM" "" "IND" "L" -3 NA NA NA NA NA NA NA NA NA NA NA NA NA NA NA NA
"15" "" 2017-11-18 30.1 "MEM" "" "HOU" "L" -22 NA NA NA NA NA NA NA NA NA NA NA NA NA NA NA NA
"16" "" 2017-11-20 30.11 "MEM" "" "POR" "L" -8 NA NA NA NA NA NA NA NA NA NA NA NA NA NA NA NA
"17" "" 2017-11-22 30.12 "MEM" "" "DAL" "L" -1 NA NA NA NA NA NA NA NA NA NA NA NA NA NA NA NA
"18" "" 2017-11-24 30.12 "MEM" "@" "DEN" "L" -12 NA NA NA NA NA NA NA NA NA NA NA NA NA NA NA NA
"19" "" 2017-11-26 30.13 "MEM" "" "BRK" "L" -10 NA NA NA NA NA NA NA NA NA NA NA NA NA NA NA NA
"20" "" 2017-11-29 30.13 "MEM" "@" "SAS" "L" -9 NA NA NA NA NA NA NA NA NA NA NA NA NA NA NA NA
"21" "" 2017-12-01 30.14 "MEM" "" "SAS" "L" -16 NA NA NA NA NA NA NA NA NA NA NA NA NA NA NA NA
"22" "" 2017-12-02 30.14 "MEM" "@" "CLE" "L" -5 NA NA NA NA NA NA NA NA NA NA NA NA NA NA NA NA
"23" "" 2017-12-04 30.15 "MEM" "" "MIN" "W" 3 NA NA NA NA NA NA NA NA NA NA NA NA NA NA NA NA
"24" "" 2017-12-06 30.15 "MEM" "@" "NYK" "L" -11 NA NA NA NA NA NA NA NA NA NA NA NA NA NA NA NA
"25" "" 2017-12-08 30.16 "MEM" "" "TOR" "L" -9 NA NA NA NA NA NA NA NA NA NA NA NA NA NA NA NA
"26" "" 2017-12-09 30.16 "MEM" "" "OKC" "L" -1 NA NA NA NA NA NA NA NA NA NA NA NA NA NA NA NA
"27" "" 2017-12-11 30.17 "MEM" "" "MIA" "L" -25 NA NA NA NA NA NA NA NA NA NA NA NA NA NA NA NA
"28" "" 2017-12-13 30.17 "MEM" "@" "WAS" "L" -6 NA NA NA NA NA NA NA NA NA NA NA NA NA NA NA NA
"29" "" 2017-12-15 30.18 "MEM" "" "ATL" "W" 2 NA NA NA NA NA NA NA NA NA NA NA NA NA NA NA NA
"30" "" 2017-12-16 30.18 "MEM" "" "BOS" "L" -9 NA NA NA NA NA NA NA NA NA NA NA NA NA NA NA NA
"31" "" 2017-12-20 30.19 "MEM" "@" "GSW" "L" -13 NA NA NA NA NA NA NA NA NA NA NA NA NA NA NA NA
"32" "" 2017-12-21 30.19 "MEM" "@" "PHO" "L" -2 NA NA NA NA NA NA NA NA NA NA NA NA NA NA NA NA
"33" "" 2017-12-23 30.2 "MEM" "" "LAC" "W" 3 NA NA NA NA NA NA NA NA NA NA NA NA NA NA NA NA
"34" "" 2017-12-26 30.21 "MEM" "@" "PHO" "L" -2 NA NA NA NA NA NA NA NA NA NA NA NA NA NA NA NA
"35" "" 2017-12-27 30.21 "MEM" "@" "LAL" "W" 10 NA NA NA NA NA NA NA NA NA NA NA NA NA NA NA NA
"36" "" 2017-12-30 30.22 "MEM" "@" "GSW" "L" -13 NA NA NA NA NA NA NA NA NA NA NA NA NA NA NA NA
"37" "" 2017-12-31 30.22 "MEM" "@" "SAC" "W" 18 NA NA NA NA NA NA NA NA NA NA NA NA NA NA NA NA
"38" "" 2018-01-02 30.23 "MEM" "@" "LAC" "L" -8 NA NA NA NA NA NA NA NA NA NA NA NA NA NA NA NA
"39" "" 2018-01-05 30.24 "MEM" "" "WAS" "L" -2 NA NA NA NA NA NA NA NA NA NA NA NA NA NA NA NA
"40" "" 2018-01-10 30.25 "MEM" "" "NOP" "W" 3 NA NA NA NA NA NA NA NA NA NA NA NA NA NA NA NA
"41" "" 2018-01-12 30.25 "MEM" "@" "DEN" "L" -9 NA NA NA NA NA NA NA NA NA NA NA NA NA NA NA NA
"42" "" 2018-01-15 30.26 "MEM" "" "LAL" "W" 9 NA NA NA NA NA NA NA NA NA NA NA NA NA NA NA NA
"43" "" 2018-01-17 30.27 "MEM" "" "NYK" "W" 6 NA NA NA NA NA NA NA NA NA NA NA NA NA NA NA NA
"44" "" 2018-01-19 30.27 "MEM" "" "SAC" "W" 18 NA NA NA NA NA NA NA NA NA NA NA NA NA NA NA NA
"45" "" 2018-01-20 30.28 "MEM" "@" "NOP" "L" -7 NA NA NA NA NA NA NA NA NA NA NA NA NA NA NA NA
"46" "" 2018-01-22 30.28 "MEM" "" "PHI" "W" 4 NA NA NA NA NA NA NA NA NA NA NA NA NA NA NA NA
"47" "" 2018-01-24 30.29 "MEM" "" "SAS" "L" -23 NA NA NA NA NA NA NA NA NA NA NA NA NA NA NA NA
"48" "" 2018-01-26 30.29 "MEM" "" "LAC" "L" -9 NA NA NA NA NA NA NA NA NA NA NA NA NA NA NA NA
"49" "" 2018-01-29 30.3 "MEM" "" "PHO" "W" 11 NA NA NA NA NA NA NA NA NA NA NA NA NA NA NA NA
"50" "" 2018-01-31 30.31 "MEM" "@" "IND" "L" -4 NA NA NA NA NA NA NA NA NA NA NA NA NA NA NA NA
"51" "" 2018-02-01 30.31 "MEM" "@" "DET" "L" -2 NA NA NA NA NA NA NA NA NA NA NA NA NA NA NA NA
"52" "" 2018-02-04 30.32 "MEM" "@" "TOR" "L" -15 NA NA NA NA NA NA NA NA NA NA NA NA NA NA NA NA
"53" "" 2018-02-06 30.32 "MEM" "@" "ATL" "L" -26 NA NA NA NA NA NA NA NA NA NA NA NA NA NA NA NA
"54" "" 2018-02-07 30.33 "MEM" "" "UTA" "L" -4 NA NA NA NA NA NA NA NA NA NA NA NA NA NA NA NA
"55" "" 2018-02-11 30.34 "MEM" "@" "OKC" "L" -18 NA NA NA NA NA NA NA NA NA NA NA NA NA NA NA NA
"56" "" 2018-02-14 30.35 "MEM" "" "OKC" "L" -7 NA NA NA NA NA NA NA NA NA NA NA NA NA NA NA NA
"57" "" 2018-02-23 30.37 "MEM" "" "CLE" "L" -23 NA NA NA NA NA NA NA NA NA NA NA NA NA NA NA NA
"58" "" 2018-02-24 30.37 "MEM" "@" "MIA" "L" -26 NA NA NA NA NA NA NA NA NA NA NA NA NA NA NA NA
"59" "" 2018-02-26 30.38 "MEM" "@" "BOS" "L" -11 NA NA NA NA NA NA NA NA NA NA NA NA NA NA NA NA
"60" "" 2018-02-28 30.38 "MEM" "" "PHO" "L" -8 NA NA NA NA NA NA NA NA NA NA NA NA NA NA NA NA
"61" "" 2018-03-02 30.39 "MEM" "" "DEN" "L" -6 NA NA NA NA NA NA NA NA NA NA NA NA NA NA NA NA
"62" "" 2018-03-03 30.39 "MEM" "@" "ORL" "L" -7 NA NA NA NA NA NA NA NA NA NA NA NA NA NA NA NA
"63" "" 2018-03-05 30.4 "MEM" "@" "SAS" "L" -2 NA NA NA NA NA NA NA NA NA NA NA NA NA NA NA NA
"64" "" 2018-03-07 30.4 "MEM" "@" "CHI" "L" -9 NA NA NA NA NA NA NA NA NA NA NA NA NA NA NA NA
"65" "" 2018-03-09 30.41 "MEM" "" "UTA" "L" -17 NA NA NA NA NA NA NA NA NA NA NA NA NA NA NA NA
"66" "" 2018-03-10 30.41 "MEM" "@" "DAL" "L" -34 NA NA NA NA NA NA NA NA NA NA NA NA NA NA NA NA
"67" "" 2018-03-12 30.42 "MEM" "" "MIL" "L" -18 NA NA NA NA NA NA NA NA NA NA NA NA NA NA NA NA
"68" "" 2018-03-15 30.42 "MEM" "" "CHI" "L" -1 NA NA NA NA NA NA NA NA NA NA NA NA NA NA NA NA
"69" "" 2018-03-17 30.43 "MEM" "" "DEN" "W" 7 NA NA NA NA NA NA NA NA NA NA NA NA NA NA NA NA
"70" "" 2018-03-19 30.44 "MEM" "@" "BRK" "L" -3 NA NA NA NA NA NA NA NA NA NA NA NA NA NA NA NA
"71" "" 2018-03-21 30.44 "MEM" "@" "PHI" "L" -14 NA NA NA NA NA NA NA NA NA NA NA NA NA NA NA NA
"72" "" 2018-03-22 30.44 "MEM" "@" "CHO" "L" -61 NA NA NA NA NA NA NA NA NA NA NA NA NA NA NA NA
"73" "" 2018-03-24 30.45 "MEM" "" "LAL" "L" -7 NA NA NA NA NA NA NA NA NA NA NA NA NA NA NA NA
"74" "" 2018-03-26 30.45 "MEM" "@" "MIN" "W" 8 NA NA NA NA NA NA NA NA NA NA NA NA NA NA NA NA
"75" "" 2018-03-28 30.46 "MEM" "" "POR" "W" 5 NA NA NA NA NA NA NA NA NA NA NA NA NA NA NA NA
"76" "" 2018-03-30 30.47 "MEM" "@" "UTA" "L" -10 NA NA NA NA NA NA NA NA NA NA NA NA NA NA NA NA
"77" "" 2018-04-01 30.47 "MEM" "@" "POR" "L" -15 NA NA NA NA NA NA NA NA NA NA NA NA NA NA NA NA
"78" "" 2018-04-04 30.48 "MEM" "@" "NOP" "L" -28 NA NA NA NA NA NA NA NA NA NA NA NA NA NA NA NA
"79" "" 2018-04-06 30.48 "MEM" "" "SAC" "L" -1 NA NA NA NA NA NA NA NA NA NA NA NA NA NA NA NA
"80" "" 2018-04-08 30.49 "MEM" "" "DET" "W" 13 NA NA NA NA NA NA NA NA NA NA NA NA NA NA NA NA
"81" "" 2018-04-09 30.49 "MEM" "@" "MIN" "L" -19 NA NA NA NA NA NA NA NA NA NA NA NA NA NA NA NA
"82" "" 2018-04-11 30.5 "MEM" "@" "OKC" "L" -14 NA NA NA NA NA NA NA NA NA NA NA NA NA NA NA NA
"1" "1" 2018-10-17 31.02 "MEM" "@" "IND" "L" -28 1 28.9666666666667 0.446 0.364 3.2 4.9 3.9 24.8 1.8 0 7.5 21.4 93 123 7.2 -3
"2" "2" 2018-10-19 31.02 "MEM" "" "ATL" "W" 14 1 25 0.559 0.538 0 17.1 9.5 65 0 0 0 23.7 141 114 16.2 3.9
"3" "3" 2018-10-22 31.03 "MEM" "@" "UTA" "W" 8 1 34.65 0.463 0.325 5.9 15.1 10.4 24.4 4.4 0 3.9 33.9 102 85 17.9 8.7
"4" "4" 2018-10-24 31.04 "MEM" "@" "SAC" "L" -5 1 36.1666666666667 0.568 0.545 4.8 10.4 7.5 29.2 1.4 0 11.2 31 111 103 18.5 9.2
"5" "5" 2018-10-27 31.04 "MEM" "" "PHO" "W" 21 1 28.4666666666667 0.575 0.462 0 0 0 34.8 3.4 0 16.1 31.2 110 98 14.4 -2.5
"6" "6" 2018-10-30 31.05 "MEM" "" "WAS" "W" 12 1 35.2 0.451 0.389 0 11.1 5.5 34.3 1.4 3.5 8.7 30.7 98 104 12.7 -4.6
"7" "7" 2018-11-02 31.06 "MEM" "@" "UTA" "W" 10 1 32.9166666666667 0.59 0.472 7.7 10.9 9.3 26.2 1.6 0 0 34.3 139 114 23.4 9.1
"8" "8" 2018-11-04 31.07 "MEM" "@" "PHO" "L" -2 1 26.8666666666667 0.322 0.219 0 6.9 2.7 29.2 3.9 0 9.7 36.2 76 111 3.8 -12.6
"9" "9" 2018-11-05 31.07 "MEM" "@" "GSW" "L" -16 1 30.9 0.533 0.563 0 4.6 2 24.4 0 2.7 26.2 17.4 85 130 5.7 -9.7
"10" "10" 2018-11-07 31.07 "MEM" "" "DEN" "W" 2 1 36.25 0.222 0.222 0 9.7 5.2 38.7 1.5 0 18.2 14.9 73 103 3.2 -7
"11" "11" 2018-11-10 31.08 "MEM" "" "PHI" "W" 6 1 42.0666666666667 0.601 0.583 0 13.3 5.4 25.3 2.4 2.3 3.6 28.9 130 100 25.1 12.5
"12" "12" 2018-11-12 31.09 "MEM" "" "UTA" "L" -8 1 35.7166666666667 0.629 0.531 0 11.4 5.9 17.1 0 0 9.5 26.9 118 108 15.3 3.7
"13" "13" 2018-11-14 31.09 "MEM" "@" "MIL" "W" 3 1 35.6333333333333 0.666 0.625 0 6.9 3.5 18 2.7 0 9.3 27.5 124 115 20.2 4
"14" "14" 2018-11-16 31.1 "MEM" "" "SAC" "W" 8 1 34.4666666666667 0.487 0.469 0 10.4 5.1 25.1 0 0 17 30.2 93 112 9.3 -8.2
"15" "15" 2018-11-18 31.1 "MEM" "@" "MIN" "W" 13 1 35.0833333333333 0.615 0.5 0 3.2 1.5 38.9 0 0 12 21.7 125 105 15.1 1.9
"16" "16" 2018-11-19 31.11 "MEM" "" "DAL" "W" 10 1 35.1166666666667 0.742 0.75 0 14.5 7.8 41 2.9 0 13.7 29.9 121 95 24 13.4
"17" "17" 2018-11-21 31.11 "MEM" "@" "SAS" "W" 1 1 34.9 0.595 0.543 3.7 9 6.6 51.9 1.5 2.3 0 34.9 131 113 27.9 16.4
"18" "18" 2018-11-23 31.12 "MEM" "@" "LAC" "L" -5 1 29.9833333333333 0.808 0.75 0 10.8 5.6 61.9 0 0 33.8 27.1 117 110 14.6 4.2
"19" "19" 2018-11-25 31.12 "MEM" "" "NYK" "L" -5 1 38.6666666666667 0.432 0.375 2.6 7.6 5.1 48.6 1.3 0 0 32.6 106 117 18.9 0.5
"20" "20" 2018-11-27 31.13 "MEM" "" "TOR" "L" -8 1 34.5166666666667 0.462 0.421 11 9.9 10.5 25.1 4.5 7.7 12.2 32 104 123 15.4 1.5
"21" "21" 2018-11-30 31.14 "MEM" "@" "BRK" "W" 6 1 45.6833333333333 0.639 0.56 0 14.1 6.6 37.9 0 2.5 9.4 31.8 130 117 29.7 7.2
"22" "22" 2018-12-02 31.14 "MEM" "@" "PHI" "L" -8 1 33.4833333333333 0.523 0.441 0 8.2 3.6 29.4 1.5 2.8 4.7 29.3 106 105 15.5 6
"23" "23" 2018-12-05 31.15 "MEM" "" "LAC" "W" 10 1 34.3166666666667 0.619 0.625 0 20 10.2 22.9 2.9 5.5 14.5 26.3 110 84 18.5 12.4
"24" "24" 2018-12-07 31.16 "MEM" "@" "NOP" "W" 4 1 34.5833333333333 0.307 0.167 3.3 6.6 5 38.3 1.4 0 6.4 20.4 96 111 8.9 -5.7
"25" "25" 2018-12-08 31.16 "MEM" "" "LAL" "L" -23 1 29.7166666666667 0.45 0.375 0 3.5 1.7 17.6 6.7 0 0 20.1 103 112 11.6 3.7
"26" "26" 2018-12-10 31.16 "MEM" "@" "DEN" "L" -6 1 31.7 0.556 0.429 0 3.9 2 30.9 3.4 0 5.5 28.7 122 119 15.9 4.8
"27" "27" 2018-12-12 31.17 "MEM" "" "POR" "W" 9 1 32.0166666666667 0.582 0.556 3.1 16.3 9.5 43.9 1.5 0 9.2 31.2 115 89 19 10
"28" "28" 2018-12-14 31.18 "MEM" "" "MIA" "L" -3 1 37.3666666666667 0.624 0.533 2.8 6.8 4.6 39.5 2.9 9 0 22.4 144 113 25.3 16.9
"29" "29" 2018-12-15 31.18 "MEM" "" "HOU" "L" -8 1 37.1333333333333 0.573 0.5 0 7.4 3.6 26.2 0 0 0 25.7 128 127 18.1 2.7
"30" "" 2018-12-17 31.18 "MEM" "@" "GSW" "L" -17 NA NA NA NA NA NA NA NA NA NA NA NA NA NA NA NA
"31" "30" 2018-12-19 31.19 "MEM" "@" "POR" "L" -7 1 37.1833333333333 0.542 0.5 3.1 10.5 6.5 32.3 0 2.6 12.4 31.1 108 120 15.6 2.6
"32" "31" 2018-12-21 31.19 "MEM" "@" "SAC" "L" -3 1 32.2 0.639 0.639 3.9 18.6 12.1 29.7 1.6 3.2 10 29.1 121 109 18.9 10.8
"33" "32" 2018-12-23 31.2 "MEM" "@" "LAL" "W" 8 1 35.1333333333333 0.654 0.654 0 3.4 1.6 33.7 2.9 0 7.1 18.2 137 108 17.6 6.5
"34" "33" 2018-12-26 31.21 "MEM" "" "CLE" "W" 8 1 33.1833333333333 0.433 0.375 0 5.8 3.3 42.4 3.2 0 10.4 29.6 93 99 12 -2
"35" "34" 2018-12-29 31.22 "MEM" "" "BOS" "L" -9 1 36.1666666666667 0.509 0.432 10.8 7.6 9.2 33.1 4.2 3 3.8 33.6 116 114 22.2 7
"36" "35" 2018-12-31 31.22 "MEM" "@" "HOU" "L" -12 1 36.7333333333333 0.46 0.389 2.9 16.3 9.2 22.6 1.4 0 4.6 26.9 99 122 13.7 -2.8
"37" "36" 2019-01-02 31.23 "MEM" "" "DET" "L" -7 1 28.4833333333333 0 0 0 11.8 5.9 4.7 0 0 27.3 18.9 6 117 -7 -24.4
"38" "37" 2019-01-04 31.23 "MEM" "" "BRK" "L" -9 1 37.75 0.647 0.575 0 9.5 4.5 8.7 5 0 7.7 29.3 122 103 24.1 10.5
"39" "38" 2019-01-05 31.24 "MEM" "@" "SAS" "L" -20 1 25.3333333333333 0.763 0.708 3.9 0 2.2 32 0 0 6.8 25.3 142 116 16 10.5
"40" "39" 2019-01-07 31.24 "MEM" "@" "NOP" "L" -19 1 33.2 0.714 0.636 3.5 4.1 3.8 52.1 3 0 20.6 27 126 116 21.5 11.3
"41" "40" 2019-01-09 31.25 "MEM" "" "SAS" "W" 10 1 31.6333333333333 0.361 0.316 0 6 2.9 32.6 1.6 0 0 29.2 87 94 9.1 -1
"42" "41" 2019-01-12 31.25 "MEM" "@" "MIA" "L" -4 1 34.8666666666667 0.624 0.567 7.2 0 3.6 32.8 4.5 0 10.2 26.3 133 122 20 8.5
"43" "42" 2019-01-14 31.26 "MEM" "@" "HOU" "L" -18 1 33 0.618 0.55 0 24.8 12.9 35.4 1.5 0 30.6 22.7 99 116 11.6 -3.4
"44" "43" 2019-01-16 31.27 "MEM" "" "MIL" "L" -10 1 23.4166666666667 0.457 0.393 0 10.2 4.2 23 2 0 6.1 27.9 95 112 7.7 -4.2
"45" "44" 2019-01-18 31.27 "MEM" "@" "BOS" "L" -6 1 35.8166666666667 0.658 0.611 0 0 0 18.5 0 0 0 24.1 133 132 18.2 -0.3
"46" "45" 2019-01-19 31.27 "MEM" "@" "TOR" "L" -29 1 22.4166666666667 0.556 0.556 0 10.7 5.4 27.6 2.2 0 18.2 21.3 99 123 7.4 -3
"47" "46" 2019-01-21 31.28 "MEM" "" "NOP" "L" -20 1 37.4666666666667 0.597 0.567 4.8 8 6 42.6 5.4 0 5.6 21.4 127 105 22.1 13.1
"48" "47" 2019-01-23 31.28 "MEM" "" "CHO" "L" -11 1 36.0166666666667 0.74 0.647 0 7.2 3.6 5.4 1.4 0 12.5 31.4 126 129 21.2 1.3
"49" "48" 2019-01-25 31.29 "MEM" "" "SAC" "L" -3 1 34.1 0.49 0.467 0 18 9.1 49.6 2.9 2.4 19.7 26.5 93 99 13.5 3.2
"50" "49" 2019-01-26 31.29 "MEM" "" "IND" "W" 3 1 31.7333333333333 0.703 0.692 3.7 13 8 61.9 3.2 0 20.4 28.5 126 107 21.8 11.4
"51" "50" 2019-01-28 31.3 "MEM" "" "DEN" "L" -3 1 36.5666666666667 0.617 0.594 0 12.5 6.6 58.9 1.4 0 13.9 27 122 104 21.1 11.4
"52" "51" 2019-01-30 31.3 "MEM" "@" "MIN" "L" -2 1 41.75 0.636 0.625 2.9 10.6 6.9 46.1 2.6 0 4.7 23.7 138 101 24.1 14.4
"53" "" 2019-02-01 31.31 "MEM" "@" "CHO" "L" -8 NA NA NA NA NA NA NA NA NA NA NA NA NA NA NA NA
"54" "52" 2019-02-03 31.32 "MEM" "@" "NYK" "W" 12 1 34.1166666666667 0.651 0.588 2.9 21.9 12 40.5 4.6 4.1 5 26.8 135 83 27.1 19.4
"55" "53" 2019-02-05 31.32 "MEM" "" "MIN" "W" 2 1 33.5833333333333 0.526 0.5 2.8 6.6 4.6 52.4 4.7 0 7.8 34.5 117 114 20.2 9.8
"56" "54" 2019-02-07 31.33 "MEM" "@" "OKC" "L" -22 1 27.6 0.415 0.3 4.2 3.6 3.9 45 3.5 0 14.2 33 91 118 9.8 -1.9
"57" "55" 2019-02-09 31.33 "MEM" "" "NOP" "W" 9 1 32.4666666666667 0.417 0.273 6.6 11.4 9.1 39.6 0 0 7 19.8 112 100 11.6 0.6
"58" "" 2019-02-12 31.34 "MEM" "" "SAS" "L" -1 NA NA NA NA NA NA NA NA NA NA NA NA NA NA NA NA
"59" "56" 2019-02-13 31.34 "MEM" "@" "CHI" "L" -12 1 25.8166666666667 0.44 0.318 0 10.6 4.8 24.8 0 0 0 24.3 106 133 8.8 -8.2
"60" "57" 2019-02-22 31.37 "MEM" "" "LAC" "L" -6 1 35.5166666666667 0.527 0.444 5.1 3.9 4.6 57.4 1.3 5.4 14.4 32.1 107 109 20.3 8.7
"61" "58" 2019-02-23 31.37 "MEM" "@" "CLE" "L" -5 1 30.05 0.58 0.417 0 19 8.4 10 4.9 0 16.2 25.9 107 106 14.1 1.5
"62" "59" 2019-02-25 31.38 "MEM" "" "LAL" "W" 5 1 32.2833333333333 0.731 0.676 5.8 0 2.9 28.4 1.5 0 8.9 28.6 146 108 25.6 15.5
"63" "60" 2019-02-27 31.38 "MEM" "" "CHI" "L" -2 1 35.3666666666667 0.461 0.405 0 13.2 6.2 25.9 2.7 4.7 14.9 30.8 91 104 11.9 -0.4
"64" "61" 2019-03-02 31.39 "MEM" "@" "DAL" "W" 30 1 23.1166666666667 0.492 0.35 0 3.5 2.2 12.7 0 0 7.6 26.5 99 94 5.3 -8
"65" "" 2019-03-03 31.39 "MEM" "@" "OKC" "L" -4 NA NA NA NA NA NA NA NA NA NA NA NA NA NA NA NA
"66" "62" 2019-03-05 31.4 "MEM" "" "POR" "W" 9 1 34.6833333333333 0.813 0.833 4 11.9 7.9 23.7 1.4 0 3.9 33.2 157 113 33 15.3
"67" "63" 2019-03-08 31.41 "MEM" "" "UTA" "W" 10 1 32.35 0.725 0.694 0 9.9 5.3 55 3.1 0 13.4 31.1 135 109 27 16.9
"68" "64" 2019-03-10 31.41 "MEM" "" "ORL" "W" 8 1 35.2833333333333 0.58 0.472 0 12.6 6.9 47.1 1.4 0 0 28.8 129 104 23.5 9.8
"69" "65" 2019-03-13 31.42 "MEM" "@" "ATL" "L" -21 1 25.9166666666667 0.571 0.464 4.1 13.6 8.6 48.2 1.8 0 5.4 30 128 132 17.9 4
"70" "66" 2019-03-16 31.43 "MEM" "@" "WAS" "L" -7 1 34.3333333333333 0.706 0.633 0 10 4.9 45.6 0 0 4.8 26.6 150 139 27 7.5
"71" "67" 2019-03-20 31.44 "MEM" "" "HOU" "W" 1 1 42.3 0.694 0.652 0 13.3 7 38.6 0 0 3.8 26.7 156 127 29 13.1
"72" "" 2019-03-22 31.44 "MEM" "@" "ORL" "L" -4 NA NA NA NA NA NA NA NA NA NA NA NA NA NA NA NA
"73" "68" 2019-03-23 31.45 "MEM" "" "MIN" "L" -13 1 35.1666666666667 0.56 0.471 0 10.2 4.3 15.5 2.8 0 12.8 26.6 111 116 15.5 2.7
"74" "" 2019-03-25 31.45 "MEM" "" "OKC" "W" 12 NA NA NA NA NA NA NA NA NA NA NA NA NA NA NA NA
"75" "69" 2019-03-27 31.46 "MEM" "" "GSW" "L" -15 1 32.15 0.598 0.5 0 3.9 1.5 39.8 0 0 5.2 24.5 136 130 18.7 6.2
"76" "70" 2019-03-30 31.47 "MEM" "@" "PHO" "W" 5 1 37.8166666666667 0.656 0.579 0 14.1 6 22.4 2.5 0 3.8 28.2 140 117 27 5.3
"77" "" 2019-03-31 31.47 "MEM" "@" "LAC" "L" -17 NA NA NA NA NA NA NA NA NA NA NA NA NA NA NA NA
"78" "" 2019-04-03 31.48 "MEM" "@" "POR" "L" -27 NA NA NA NA NA NA NA NA NA NA NA NA NA NA NA NA
"79" "" 2019-04-05 31.48 "MEM" "@" "DAL" "W" 10 NA NA NA NA NA NA NA NA NA NA NA NA NA NA NA NA
"80" "" 2019-04-07 31.49 "MEM" "" "DAL" "L" -2 NA NA NA NA NA NA NA NA NA NA NA NA NA NA NA NA
"81" "" 2019-04-09 31.49 "MEM" "@" "DET" "L" -7 NA NA NA NA NA NA NA NA NA NA NA NA NA NA NA NA
"82" "" 2019-04-10 31.5 "MEM" "" "GSW" "W" 15 NA NA NA NA NA NA NA NA NA NA NA NA NA NA NA NA
"1" "1" 2019-10-23 32.03 "UTA" "" "OKC" "W" 5 1 26.7166666666667 0.141 0.063 0 0 0 23.5 1.8 0 10.1 32.3 43 99 -5.7 -17.4
"2" "2" 2019-10-25 32.04 "UTA" "@" "LAL" "L" -9 1 31.25 0.477 0.318 4.5 9.6 7.5 18.9 0 0 22.7 26.8 83 105 5.8 -5.1
"3" "3" 2019-10-26 32.04 "UTA" "" "SAC" "W" 32 1 24.2 0.545 0.545 0 12.7 8 46.6 0 0 15.4 24.7 117 86 10.4 3.8
"4" "4" 2019-10-28 32.05 "UTA" "@" "PHO" "W" 1 1 20.1666666666667 0.063 0 0 10.3 5.3 8.8 0 5.2 27.6 23.3 15 94 -7.3 -23.3
"5" "5" 2019-10-30 32.05 "UTA" "" "LAC" "W" 14 1 32 0.811 0.794 0 3.8 2.1 27.3 3.1 0 10.1 29.5 143 100 24.1 14
"6" "6" 2019-11-01 32.06 "UTA" "@" "SAC" "L" -1 1 33.0833333333333 0.575 0.5 4.4 10.6 7.8 20.9 6.2 0 19.5 29.2 104 103 14.7 4.1
"7" "7" 2019-11-03 32.06 "UTA" "@" "LAC" "L" -11 1 35.35 0.328 0.2 0 2.8 1.5 4.8 0 0 29.1 22.1 51 120 -3.8 -15.9
"8" "8" 2019-11-06 32.07 "UTA" "" "PHI" "W" 2 1 34.2666666666667 0.46 0.433 5.7 13 9.1 8.6 2.9 2.5 19.7 25.3 85 104 9.2 -2.5
"9" "9" 2019-11-08 32.08 "UTA" "" "MIL" "W" 3 1 31.7 0.63 0.633 3.1 5 4.1 19.4 0 0 11.2 23.2 120 104 11.7 7.9
"10" "10" 2019-11-11 32.08 "UTA" "@" "GSW" "W" 14 1 31.2166666666667 0.833 0.773 3.8 0 1.8 35 0 0 0 19 174 113 21.9 13.1
"11" "11" 2019-11-12 32.09 "UTA" "" "BRK" "W" 5 1 30.05 0.475 0.4 0 14.2 7.2 23.9 0 0 9.5 28.3 102 114 11 -2.3
"12" "12" 2019-11-15 32.1 "UTA" "@" "MEM" "L" -1 1 35.0166666666667 0.354 0.316 3 9.1 6 14.6 1.3 0 4.5 26.4 80 108 6.2 -5.2
"13" "13" 2019-11-18 32.1 "UTA" "" "MIN" "L" -10 1 34.1166666666667 0.46 0.433 2.4 15.3 8.1 31.8 0 0 5.8 20.1 104 110 10.7 -1.1
"14" "14" 2019-11-20 32.11 "UTA" "@" "MIN" "W" 8 1 30.85 0.621 0.583 3 15.6 9.2 48.5 1.6 0 0 18.4 150 101 18 10.9
"15" "15" 2019-11-22 32.12 "UTA" "" "GSW" "W" 4 1 30.8666666666667 0.811 0.786 0 13.5 7.3 21.4 1.6 0 5.7 25.2 158 112 24 12.4
"16" "16" 2019-11-23 32.12 "UTA" "" "NOP" "W" 8 1 29.95 0.455 0.278 4.5 9.4 7.4 20.7 1.5 0 7.6 18.5 113 114 9 -4.2
"17" "17" 2019-11-25 32.12 "UTA" "@" "MIL" "L" -4 1 28.8333333333333 0.276 0.2 0 6.5 3.7 37.8 0 0 21.6 21.7 84 127 2.9 -11.7
"18" "18" 2019-11-27 32.13 "UTA" "@" "IND" "L" -19 1 28.05 0.313 0.313 8.3 16.7 12.5 26.3 0 0 20 15.6 84 125 3.5 -7.1
"19" "19" 2019-11-29 32.13 "UTA" "@" "MEM" "W" 9 1 31.6833333333333 0.308 0.308 5.9 13.5 9.9 18.1 1.6 0 0 18.2 88 100 6.4 -3
"20" "20" 2019-12-01 32.14 "UTA" "@" "TOR" "L" -20 1 25.1 0.72 0.692 7.5 4.4 6.1 15.5 0 3.5 6.7 23.6 143 127 15.3 9.9
"21" "21" 2019-12-02 32.14 "UTA" "@" "PHI" "L" -9 1 23.3166666666667 0.389 0.389 0 9.1 4.6 38.8 2 3.2 30.8 24.6 69 100 4 -1.8
"22" "" 2019-12-04 32.15 "UTA" "" "LAL" "L" -25 NA NA NA NA NA NA NA NA NA NA NA NA NA NA NA NA
"23" "" 2019-12-07 32.16 "UTA" "" "MEM" "W" 14 NA NA NA NA NA NA NA NA NA NA NA NA NA NA NA NA
"24" "" 2019-12-09 32.16 "UTA" "" "OKC" "L" -14 NA NA NA NA NA NA NA NA NA NA NA NA NA NA NA NA
"25" "" 2019-12-11 32.17 "UTA" "@" "MIN" "W" 11 NA NA NA NA NA NA NA NA NA NA NA NA NA NA NA NA
"26" "" 2019-12-13 32.17 "UTA" "" "GSW" "W" 8 NA NA NA NA NA NA NA NA NA NA NA NA NA NA NA NA
"27" "22" 2019-12-17 32.18 "UTA" "" "ORL" "W" 7 1 19.25 0.376 0.25 0 0 0 40.4 2.5 0 9.7 23.2 100 102 5.2 -2.9
"28" "" 2019-12-19 32.19 "UTA" "@" "ATL" "W" 5 NA NA NA NA NA NA NA NA NA NA NA NA NA NA NA NA
"29" "" 2019-12-21 32.19 "UTA" "@" "CHO" "W" 7 NA NA NA NA NA NA NA NA NA NA NA NA NA NA NA NA
"30" "" 2019-12-23 32.2 "UTA" "@" "MIA" "L" -3 NA NA NA NA NA NA NA NA NA NA NA NA NA NA NA NA
"31" "" 2019-12-26 32.21 "UTA" "" "POR" "W" 6 NA NA NA NA NA NA NA NA NA NA NA NA NA NA NA NA
"32" "" 2019-12-28 32.21 "UTA" "@" "LAC" "W" 13 NA NA NA NA NA NA NA NA NA NA NA NA NA NA NA NA
"33" "" 2019-12-30 32.22 "UTA" "" "DET" "W" 23 NA NA NA NA NA NA NA NA NA NA NA NA NA NA NA NA
"34" "" 2020-01-02 32.23 "UTA" "@" "CHI" "W" 4 NA NA NA NA NA NA NA NA NA NA NA NA NA NA NA NA
"35" "" 2020-01-04 32.23 "UTA" "@" "ORL" "W" 13 NA NA NA NA NA NA NA NA NA NA NA NA NA NA NA NA
"36" "" 2020-01-06 32.24 "UTA" "@" "NOP" "W" 2 NA NA NA NA NA NA NA NA NA NA NA NA NA NA NA NA
"37" "" 2020-01-08 32.24 "UTA" "" "NYK" "W" 24 NA NA NA NA NA NA NA NA NA NA NA NA NA NA NA NA
"38" "" 2020-01-10 32.25 "UTA" "" "CHO" "W" 17 NA NA NA NA NA NA NA NA NA NA NA NA NA NA NA NA
"39" "" 2020-01-12 32.25 "UTA" "@" "WAS" "W" 11 NA NA NA NA NA NA NA NA NA NA NA NA NA NA NA NA
"40" "" 2020-01-14 32.26 "UTA" "@" "BRK" "W" 11 NA NA NA NA NA NA NA NA NA NA NA NA NA NA NA NA
"41" "" 2020-01-16 32.27 "UTA" "@" "NOP" "L" -6 NA NA NA NA NA NA NA NA NA NA NA NA NA NA NA NA
"42" "23" 2020-01-18 32.27 "UTA" "" "SAC" "W" 22 0 15.2333333333333 0.5 0.5 0 7.2 3.8 23.7 6.8 0 0 9.1 141 100 5.3 7.3
"43" "24" 2020-01-20 32.28 "UTA" "" "IND" "W" 30 0 17.9333333333333 0.875 0.875 0 5.2 3.2 17.3 0 0 20 23.6 140 96 10.1 9.7
"44" "25" 2020-01-22 32.28 "UTA" "@" "GSW" "W" 33 0 18.5 0.4 0.4 0 5 2.8 6.5 2.8 0 0 23.1 99 103 3.8 -9.8
"45" "26" 2020-01-25 32.29 "UTA" "" "DAL" "W" 5 0 19.4666666666667 0.333 0.333 0 19 10.1 7.6 0 0 0 19.5 79 111 2 -10.5
"46" "27" 2020-01-27 32.3 "UTA" "" "HOU" "L" -9 0 24.9 0.465 0.444 0 13.8 7.4 21.9 0 0 31.7 26.8 73 119 1.2 -14.9
"47" "28" 2020-01-29 32.3 "UTA" "@" "SAS" "L" -7 0 20.85 0.542 0.438 0 0 0 7.7 0 0 8.3 23.7 112 130 5.3 -6.2
"48" "" 2020-01-30 32.3 "UTA" "@" "DEN" "L" -6 NA NA NA NA NA NA NA NA NA NA NA NA NA NA NA NA
"49" "29" 2020-02-01 32.31 "UTA" "@" "POR" "L" -17 1 30.0166666666667 0.55 0.55 3.3 12 7.3 25 0 0 4.8 31.4 117 136 15 3
"50" "30" 2020-02-05 32.32 "UTA" "" "DEN" "L" -3 1 34.2333333333333 0.671 0.654 3 18.9 11.4 25.4 1.5 0 11.3 23.3 126 100 17.2 10.1
"51" "31" 2020-02-07 32.33 "UTA" "" "POR" "W" 3 1 31.4166666666667 0.61 0.538 3.3 5.8 4.6 17.1 3 0 6.3 20.7 133 112 16 6.8
"52" "32" 2020-02-09 32.33 "UTA" "@" "HOU" "W" 1 1 33.6333333333333 0.577 0.563 0 15.9 8.5 28 0 0 10.4 25.3 119 119 13.7 0
"53" "" 2020-02-10 32.33 "UTA" "@" "DAL" "W" 4 NA NA NA NA NA NA NA NA NA NA NA NA NA NA NA NA
"54" "" 2020-02-12 32.34 "UTA" "" "MIA" "W" 15 NA NA NA NA NA NA NA NA NA NA NA NA NA NA NA NA
"55" "" 2020-02-21 32.36 "UTA" "" "SAS" "L" -9 NA NA NA NA NA NA NA NA NA NA NA NA NA NA NA NA
"56" "33" 2020-02-22 32.37 "UTA" "" "HOU" "L" -10 1 34.1166666666667 0.409 0.367 3.3 18.4 11.2 28.2 0 0 5.9 20.9 98 118 10.1 -0.8
"57" "34" 2020-02-24 32.37 "UTA" "" "PHO" "L" -20 1 22.4333333333333 0.667 0.667 0 0 0 9.1 0 0 33.3 18.2 85 141 1.9 -11.4
"58" "35" 2020-02-26 32.38 "UTA" "" "BOS" "L" -11 1 33 0.577 0.577 3 11.8 6.8 13.3 1.6 0 13.3 20.9 113 129 9.4 1.3
"59" "36" 2020-02-28 32.38 "UTA" "" "WAS" "W" 10 1 32.5 0.627 0.545 3.4 11.4 7.8 24.2 1.5 0 7.3 17.3 148 119 15.2 2.8
"60" "37" 2020-03-02 32.39 "UTA" "@" "CLE" "W" 13 1 30 0.582 0.583 0 6.4 3.9 25.7 0 0 0 19.8 141 127 12.2 -2.2
"61" "38" 2020-03-04 32.4 "UTA" "@" "NYK" "W" 8 1 26.8333333333333 0.79 0.778 4.8 4.3 4.5 35.5 0 0 8.5 20.4 155 118 16.9 10.5
"62" "39" 2020-03-06 32.4 "UTA" "@" "BOS" "W" 5 1 34.5 0.76 0.75 7 3.1 4.9 29.6 4.4 0 23.3 28.9 118 101 19.4 12.1
"63" "40" 2020-03-07 32.41 "UTA" "@" "DET" "W" 6 1 30.4 0.466 0.417 0 3.9 2 18.8 5.2 0 7.2 22.3 106 113 9.5 -0.7
"64" "41" 2020-03-09 32.41 "UTA" "" "TOR" "L" -9 1 34.1666666666667 0.505 0.458 6.2 13.4 9.7 35.9 1.5 0 18.9 22.3 102 114 10.9 0.4
"65" "42" 2020-07-30 32.8 "UTA" "@" "NOP" "W" 2 1 33.95 0.563 0.5 3.4 0 1.6 20.9 1.4 2.2 10.1 24 118 110 14 4.6
"66" "43" 2020-08-01 32.81 "UTA" "@" "OKC" "L" -16 1 29.5833333333333 0.536 0.389 0 9.5 4 22.3 1.7 0 21.1 20.8 99 119 7.9 -2
"67" "44" 2020-08-03 32.81 "UTA" "" "LAL" "L" -8 1 34.3333333333333 0.625 0.559 0 7.2 3.5 43.3 0 0 13.5 27 119 116 17.7 5.5
"68" "45" 2020-08-05 32.82 "UTA" "" "MEM" "W" 9 1 34.0333333333333 0.715 0.615 3.3 12.8 8.1 33.4 1.4 0 11.1 22.1 146 112 20.1 7.8
"69" "" 2020-08-07 32.82 "UTA" "@" "SAS" "L" -8 NA NA NA NA NA NA NA NA NA NA NA NA NA NA NA NA
"70" "46" 2020-08-08 32.83 "UTA" "@" "DEN" "L" -2 1 44.1666666666667 0.514 0.5 4.8 10.9 7.6 18 1.1 0 20.5 23.5 94 117 11.2 -3.5
"71" "47" 2020-08-10 32.83 "UTA" "" "DAL" "L" -8 1 16 0.643 0.643 14.6 0 8.3 20 3.3 0 12.5 23.3 130 131 8.1 4.5
"72" "" 2020-08-13 32.84 "UTA" "" "SAS" "W" 6 NA NA NA NA NA NA NA NA NA NA NA NA NA NA NA NA
"1" "1" 2020-12-23 33.2 "UTA" "@" "POR" "W" 20 1 29.5833333333333 0.551 0.533 0 9.2 4.9 9.8 0 0 10.9 26.2 105 106 8.6 -4.7
"2" "2" 2020-12-26 33.21 "UTA" "" "MIN" "L" -5 1 33.55 0.605 0.538 0 17.2 8.8 20.9 1.4 0 19.5 22.9 114 113 12.1 -1.5
"3" "3" 2020-12-28 33.21 "UTA" "@" "OKC" "W" 1 1 32.3666666666667 0.63 0.6 11.7 24.7 18.5 42.9 1.5 3.1 11.2 24.5 136 109 21.7 8.6
"4" "4" 2020-12-31 33.22 "UTA" "" "PHO" "L" -11 1 34.85 0.576 0.538 0 16.8 7.9 19.6 2.9 0 12.6 20.8 112 109 12.4 2.9
"5" "5" 2021-01-01 33.22 "UTA" "" "LAC" "W" 6 1 33.65 0.758 0.725 3.2 3.2 3.2 39.5 1.6 0 8.4 31.3 148 116 28.3 21.9
"6" "6" 2021-01-03 33.23 "UTA" "@" "SAS" "W" 21 1 26.8833333333333 0.682 0.682 0 0 0 18.7 1.7 0 26.7 23 106 109 8.7 -4.4
"7" "7" 2021-01-05 33.24 "UTA" "@" "BRK" "L" -34 1 26.8666666666667 0.368 0.4 6.9 4.5 5.8 32.3 1.7 0 15.5 20.4 84 128 5.2 -5.3
"8" "8" 2021-01-06 33.24 "UTA" "@" "NYK" "L" -12 1 29.0666666666667 0.286 0.214 3.5 11.5 7.3 28.3 1.7 0 16 28.2 72 118 3 -12.3
"9" "9" 2021-01-08 33.24 "UTA" "@" "MIL" "W" 13 1 29.3833333333333 0.708 0.708 0 10 5.2 41.7 0 0 14.3 20.3 144 119 16.9 5.8
"10" "10" 2021-01-10 33.25 "UTA" "@" "DET" "W" 10 1 30.2166666666667 0.745 0.692 7.2 8.2 7.8 42.8 3.6 0 6.3 23.9 162 96 22.8 20.1
"11" "11" 2021-01-12 33.25 "UTA" "@" "CLE" "W" 30 1 27 0.551 0.55 9.4 14.2 12.1 25.5 3.8 0 8.4 20.1 133 91 12.5 3.9
"12" "12" 2021-01-15 33.26 "UTA" "" "ATL" "W" 24 1 27.2666666666667 0.638 0.6 7.8 7.2 7.5 41.2 6.8 0 14.5 20.7 138 82 18.4 14.4
"13" "13" 2021-01-17 33.27 "UTA" "@" "DEN" "W" 4 1 30.7333333333333 0.474 0.538 0 9 5.3 42.2 1.7 0 6.3 24.3 112 121 11.4 0
"14" "14" 2021-01-19 33.27 "UTA" "" "NOP" "W" 16 1 28.2166666666667 0.403 0.357 4.4 3.2 3.7 43 3.6 0 21.2 15.1 124 105 9.5 1.3
"15" "15" 2021-01-21 33.28 "UTA" "" "NOP" "W" 11 1 31.0666666666667 0.672 0.643 4 3.8 3.9 29.3 4.5 2.6 16.8 24.2 125 111 17.7 5.6
"16" "16" 2021-01-23 33.28 "UTA" "" "GSW" "W" 19 1 26.95 0.773 0.773 4 0 1.9 5.2 5.1 0 15.4 19.3 128 98 12.9 7.1
"17" "17" 2021-01-26 33.29 "UTA" "" "NYK" "W" 14 1 31.7833333333333 0.649 0.542 8.7 13.4 10.9 25.6 0 0 6.4 21.9 147 111 18.4 8.8
"18" "18" 2021-01-27 33.3 "UTA" "" "DAL" "W" 12 1 29.6333333333333 0.535 0.5 3.8 7.5 5.7 30.1 3.4 0 11.2 26.5 117 107 13.6 4.1
"19" "19" 2021-01-29 33.3 "UTA" "" "DAL" "W" 19 1 32.55 0.586 0.529 3 6.3 4.6 48 4.6 0 5.1 25.7 146 102 22.1 13.7
"20" "20" 2021-01-31 33.31 "UTA" "@" "DEN" "L" -11 1 27.8166666666667 0.459 0.25 4.1 9.9 6.7 48.4 0 0 7.1 22.9 127 140 11.3 -3.2
"21" "21" 2021-02-02 33.31 "UTA" "" "DET" "W" 12 1 32.1666666666667 0.597 0.533 3.6 9.3 6.6 27.1 1.5 0 10.7 26 121 109 16.4 2
"22" "22" 2021-02-04 33.32 "UTA" "@" "ATL" "W" 21 1 22.35 0.55 0.55 0 3.7 2.1 25.8 0 0 16.7 23.3 108 107 5.5 -4.1
"23" "23" 2021-02-05 33.32 "UTA" "@" "CHO" "W" 17 1 20.4666666666667 0.727 0.727 0 18 11.2 13.8 2.3 0 15.4 27.5 118 117 12.3 3.2
"24" "" 2021-02-07 33.33 "UTA" "@" "IND" "W" 8 NA NA NA NA NA NA NA NA NA NA NA NA NA NA NA NA
"25" "" 2021-02-09 33.33 "UTA" "" "BOS" "W" 14 NA NA NA NA NA NA NA NA NA NA NA NA NA NA NA NA
"26" "" 2021-02-12 33.34 "UTA" "" "MIL" "W" 14 NA NA NA NA NA NA NA NA NA NA NA NA NA NA NA NA
"27" "" 2021-02-13 33.34 "UTA" "" "MIA" "W" 18 NA NA NA NA NA NA NA NA NA NA NA NA NA NA NA NA
"28" "" 2021-02-15 33.35 "UTA" "" "PHI" "W" 11 NA NA NA NA NA NA NA NA NA NA NA NA NA NA NA NA
"29" "" 2021-02-17 33.35 "UTA" "@" "LAC" "W" 18 NA NA NA NA NA NA NA NA NA NA NA NA NA NA NA NA
"30" "24" 2021-02-19 33.36 "UTA" "@" "LAC" "L" -4 1 25.3333333333333 0.627 0.545 0 0 0 0 2 3.2 0 23 130 122 11.2 5.2
"31" "25" 2021-02-22 33.37 "UTA" "" "CHO" "W" 22 1 29.3333333333333 0.588 0.545 0 7.3 4.1 21.3 4.7 0 13.6 21.1 121 102 13.6 3.6
"32" "26" 2021-02-24 33.37 "UTA" "" "LAL" "W" 25 1 26.9 0.7 0.7 11.4 17.5 14.6 44.5 3.9 0 23.1 22 137 90 16 13.5
"33" "27" 2021-02-26 33.38 "UTA" "@" "MIA" "L" -8 1 33 0.467 0.467 3 3.8 3.4 32.6 2.9 0 11.8 21.9 102 126 10.6 -1.5
"34" "" 2021-02-27 33.38 "UTA" "@" "ORL" "W" 15 NA NA NA NA NA NA NA NA NA NA NA NA NA NA NA NA
"35" "28" 2021-03-01 33.39 "UTA" "@" "NOP" "L" -5 1 28.3833333333333 0.417 0.417 3.1 8.9 5.5 34.5 3.3 0 7.7 18.8 109 125 10.3 -0.3
"36" "29" 2021-03-03 33.39 "UTA" "@" "PHI" "L" -8 1 35.3166666666667 0.628 0.577 0 6.3 2.9 8.6 0 0 0 17.3 136 123 11.7 -0.2
"37" "30" 2021-03-12 33.42 "UTA" "" "HOU" "W" 15 1 31.65 0.804 0.792 0 9.5 6 22.6 1.5 0 19.4 21.5 127 101 16 3.6
"38" "31" 2021-03-14 33.42 "UTA" "@" "GSW" "L" -12 1 31.95 0.686 0.633 2.8 4 3.3 31.1 1.5 0 5.6 22.3 150 131 20.1 7.8
"39" "32" 2021-03-16 33.43 "UTA" "@" "BOS" "W" 8 1 32.5 0.66 0.625 0 3.4 1.8 25.3 0 2.1 13.4 20.8 129 124 13.1 2.8
"40" "" 2021-03-18 33.43 "UTA" "@" "WAS" "L" -9 NA NA NA NA NA NA NA NA NA NA NA NA NA NA NA NA
"41" "33" 2021-03-19 33.44 "UTA" "@" "TOR" "W" 3 1 31.4166666666667 0.573 0.55 0 21.8 11.6 23.2 1.6 3.9 31.4 27.8 86 117 8.3 -6.2
"42" "34" 2021-03-22 33.44 "UTA" "@" "CHI" "W" 25 1 29.3666666666667 0.582 0.542 0 9.8 5.2 17.8 1.7 0 13.4 22.6 112 103 10.5 -0.7
"43" "35" 2021-03-24 33.45 "UTA" "" "BRK" "W" 30 1 24.7833333333333 0.676 0.625 0 13.4 7.4 13.2 4 0 0 23.9 145 88 16.2 11.2
"44" "36" 2021-03-26 33.45 "UTA" "" "MEM" "W" 3 1 29.2166666666667 0.192 0.192 0 16.8 8.3 31.5 1.7 0 18.8 23.3 63 118 1 -13.1
"45" "" 2021-03-27 33.46 "UTA" "" "MEM" "W" 16 NA NA NA NA NA NA NA NA NA NA NA NA NA NA NA NA
"46" "37" 2021-03-29 33.46 "UTA" "" "CLE" "W" 39 1 25.8166666666667 0.804 0.722 0 14.3 7.8 32.4 0 0 8.2 21.8 158 86 17.4 11.6
"47" "38" 2021-03-31 33.47 "UTA" "@" "MEM" "W" 4 1 35.3166666666667 0.689 0.667 0 11.8 5.9 41.3 5.5 0 17.5 27.3 123 103 22.7 10.8
"48" "39" 2021-04-02 33.47 "UTA" "" "CHI" "W" 7 1 31.7333333333333 0.5 0.5 0 6.9 3.6 25.7 1.6 2.5 7.1 21 108 114 10.3 2.1
"49" "" 2021-04-03 33.48 "UTA" "" "ORL" "W" 46 NA NA NA NA NA NA NA NA NA NA NA NA NA NA NA NA
"50" "40" 2021-04-05 33.48 "UTA" "@" "DAL" "L" -8 1 31.4 0.895 0.846 6.4 3.5 5 43.2 1.7 0 0 22.6 194 126 28.5 26.7
"51" "41" 2021-04-07 33.49 "UTA" "@" "PHO" "L" -4 1 35.2166666666667 0.344 0.344 0 2.8 1.4 15.6 1.4 0 11.1 22.1 72 112 1.9 -6.9
"52" "42" 2021-04-08 33.49 "UTA" "" "POR" "W" 19 1 22.95 0.4 0.333 0 11.8 6.3 17.1 0 0 0 25.3 104 110 5.6 -4.8
"53" "43" 2021-04-10 33.5 "UTA" "" "SAC" "W" 16 1 31.6166666666667 0.802 0.75 6.7 13.5 10.1 21.8 1.5 0 15.6 25.7 143 113 22.4 10.4
"54" "" 2021-04-12 33.5 "UTA" "" "WAS" "L" -4 NA NA NA NA NA NA NA NA NA NA NA NA NA NA NA NA
"55" "44" 2021-04-13 33.5 "UTA" "" "OKC" "W" 10 1 33.9833333333333 0.54 0.5 0 5.1 2.8 68.3 3 2.4 0 18.4 149 103 19.8 11.7
"56" "45" 2021-04-16 33.51 "UTA" "" "IND" "W" 8 1 32.15 0.465 0.389 0 0 0 39.8 1.4 2.3 27.1 18.7 103 111 8.4 -0.8
"57" "" 2021-04-17 33.52 "UTA" "@" "LAL" "L" -12 NA NA NA NA NA NA NA NA NA NA NA NA NA NA NA NA
"58" "46" 2021-04-19 33.52 "UTA" "@" "LAL" "W" 14 1 28.5 0.612 0.591 0 7.5 4.6 48.7 1.8 0 20.8 25.1 120 105 13.1 3.5
"59" "47" 2021-04-21 33.53 "UTA" "@" "HOU" "W" 23 1 25.1166666666667 0.427 0.375 0 14.9 8.6 74.5 3.8 0 7.2 24.3 122 84 15 8.6
"60" "48" 2021-04-24 33.53 "UTA" "" "MIN" "L" -5 1 30.2333333333333 0.523 0.433 0 6.8 3.5 44.3 6.4 0 18.9 31 102 96 14.2 6.6
"61" "49" 2021-04-26 33.54 "UTA" "@" "MIN" "L" -1 1 31.7833333333333 0.613 0.605 5.4 25.8 14 48.3 0 3.9 15.9 33.3 115 111 21 9.4
"62" "" 2021-04-28 33.55 "UTA" "@" "SAC" "W" 49 NA NA NA NA NA NA NA NA NA NA NA NA NA NA NA NA
"63" "" 2021-04-30 33.55 "UTA" "@" "PHO" "L" -21 NA NA NA NA NA NA NA NA NA NA NA NA NA NA NA NA
"64" "" 2021-05-01 33.55 "UTA" "" "TOR" "W" 4 NA NA NA NA NA NA NA NA NA NA NA NA NA NA NA NA
"65" "" 2021-05-03 33.56 "UTA" "" "SAS" "W" 11 NA NA NA NA NA NA NA NA NA NA NA NA NA NA NA NA
"66" "" 2021-05-05 33.56 "UTA" "" "SAS" "W" 32 NA NA NA NA NA NA NA NA NA NA NA NA NA NA NA NA
"67" "" 2021-05-07 33.57 "UTA" "" "DEN" "W" 7 NA NA NA NA NA NA NA NA NA NA NA NA NA NA NA NA
"68" "" 2021-05-08 33.57 "UTA" "" "HOU" "W" 8 NA NA NA NA NA NA NA NA NA NA NA NA NA NA NA NA
"69" "" 2021-05-10 33.58 "UTA" "@" "GSW" "L" -3 NA NA NA NA NA NA NA NA NA NA NA NA NA NA NA NA
"70" "" 2021-05-12 33.58 "UTA" "" "POR" "L" -7 NA NA NA NA NA NA NA NA NA NA NA NA NA NA NA NA
"71" "50" 2021-05-14 33.59 "UTA" "@" "OKC" "W" 16 1 16.3833333333333 0.519 0.357 0 12.7 6 25.7 0 0 0 24.9 132 105 7.4 0.4
"72" "51" 2021-05-16 33.59 "UTA" "@" "SAC" "W" 22 1 21.8333333333333 0.55 0.55 5.1 23.9 14.8 61.4 6.5 0 9.1 21.4 135 88 15.3 15.6
