"Rk" "G" "Date" "Age" "Tm" "H/A" "Opp" "W/L" "By Amt" "GS" "MP" "TS%" "eFG%" "ORB%" "DRB%" "TRB%" "AST%" "STL%" "BLK%" "TOV%" "USG%" "ORtg" "DRtg" "GmSc" "BPM"
"1" "1" 1985-11-14 22.87 "SAS" "@" "DEN" "L" -3 0 2 NA NA 0 0 0 0 0 0 NA 0 0 116 0 -4.6
"2" "2" 1985-11-20 22.89 "SAS" "@" "PHO" "L" -21 0 16 0.418 0.333 6.5 0 3.7 21.4 2.9 0 8.5 29.6 94 118 3.6 -6
"3" "3" 1985-11-22 22.89 "SAS" "" "IND" "W" 12 0 10 0.333 0.333 0 21.3 10.5 0 0 10.8 25 15.6 56 93 0.9 -6.4
"4" "4" 1985-11-24 22.9 "SAS" "@" "LAL" "L" -16 0 21 0.538 0.571 6 5.9 5.9 6 2.3 0 0 15.2 112 122 7 1.8
"5" "5" 1985-11-27 22.91 "SAS" "" "WSB" "W" 7 0 10 0.225 0.125 20.9 19.2 20 14 4.4 0 0 33.4 72 84 2.1 -4.9
"6" "6" 1985-11-29 22.91 "SAS" "" "LAC" "W" 28 0 16 0.788 0.75 9.7 9.2 9.4 12.5 0 0 18.4 13.5 139 102 6.3 0.8
"7" "7" 1985-12-01 22.92 "SAS" "@" "POR" "W" 11 0 7 0.5 0.5 0 0 0 0 0 0 0 11.4 100 112 -0.2 -12.9
"8" "8" 1985-12-03 22.92 "SAS" "@" "SEA" "L" -20 0 16 0.34 0.4 0 22.2 8.8 16.7 11.5 0 14.5 18.1 69 101 4.3 1.6
"9" "9" 1985-12-05 22.93 "SAS" "@" "DAL" "W" 4 0 9 0 0 0 0 0 10.7 0 0 0 13.8 23 126 -1.8 -18.2
"10" "10" 1985-12-06 22.93 "SAS" "" "CHI" "L" -8 0 5 1 1 0 0 0 0 0 0 0 8.2 200 139 1.7 0.7
"11" "11" 1985-12-08 22.94 "SAS" "" "GSW" "W" 7 0 3 NA NA 0 0 0 0 0 0 NA 0 0 118 0 -7.6
"12" "12" 1986-03-29 23.24 "SAS" "" "UTA" "L" -8 0 8 0.258 0 26.7 0 12.9 0 0 0 34 28.6 55 107 -1.5 -22.3
"13" "13" 1986-04-03 23.25 "SAS" "" "HOU" "L" -26 0 19 0.167 0.167 0 15.3 5.9 5.8 2.4 0 0 12.7 50 129 0.1 -13.2
"14" "14" 1986-04-06 23.26 "SAS" "" "DEN" "L" -18 0 15 0.75 0.75 7.1 16.8 11.6 0 5.8 0 11.1 23.9 124 104 10.7 10.5
"15" "15" 1986-04-09 23.27 "SAS" "@" "PHO" "W" 12 0 7 1 1 29.8 0 16.5 32 6.6 0 40 27.1 105 94 6.2 18.9
"16" "16" 1986-04-13 23.28 "SAS" "" "POR" "W" 5 0 10 0.694 0.5 12.3 9.6 10.8 0 0 0 51 21.4 73 107 0.6 -11.7
"1" "1" 1986-10-31 23.83 "SAS" "@" "DEN" "L" -30 0 20 0.79 0.667 18.8 13 16.4 6.3 0 0 22.3 17.8 137 136 9.4 -1.4
"2" "2" 1986-11-01 23.84 "SAS" "" "DAL" "W" 3 0 5 0 0 0 36.9 13.5 0 0 0 0 8.3 0 113 -0.4 -14.5
"3" "3" 1986-11-04 23.84 "SAS" "@" "CHI" "L" -7 0 10 0.5 0.5 0 0 0 34.8 0 0 14.3 31.6 86 118 1.8 -10.8
"4" "4" 1986-11-05 23.85 "SAS" "@" "NJN" "W" 9 0 6 0 0 19 40 29.3 0 0 0 0 32.7 17 99 -2.6 -32.1
"5" "5" 1986-11-07 23.85 "SAS" "@" "PHI" "L" -17 0 5 NA NA 0 24 12 0 0 0 100 16.7 0 116 -1.7 -25.4
"6" "6" 1986-11-08 23.85 "SAS" "@" "IND" "L" -33 0 28 0.615 0.625 2.8 8 4.9 18.8 1.5 1.9 9.3 14 119 116 10.9 2.3
"7" "7" 1986-11-11 23.86 "SAS" "@" "HOU" "L" -21 0 26 0.317 0.286 15.7 19.2 17.5 40 1.7 0 33.7 17.8 74 109 5.5 -3.4
"8" "8" 1986-11-13 23.87 "SAS" "" "CLE" "W" 13 0 12 0.376 0.25 7.7 29.3 17.2 11.1 3.8 0 9.7 33.3 90 91 2.5 -9.1
"9" "9" 1986-11-15 23.87 "SAS" "" "PHO" "L" -7 0 12 0.276 0.2 13.3 11.8 12.8 9.5 0 0 0 17.5 92 120 1.9 -11
"10" "10" 1986-11-21 23.89 "SAS" "@" "POR" "L" -13 1 33 0.485 0.5 11.6 10 11 11.5 2.8 0 21.7 20.4 92 122 8.5 -4.2
"11" "11" 1986-11-22 23.89 "SAS" "@" "LAC" "W" 7 1 39 0.703 0.615 3.4 11.2 7.1 14 1.2 0 6 17.1 149 108 19.3 2.2
"12" "12" 1986-11-25 23.9 "SAS" "" "NJN" "W" 18 1 27 0.418 0.333 4.9 9.6 7.3 9.7 9.1 0 15.7 20.5 88 91 8.8 0
"13" "13" 1986-11-28 23.91 "SAS" "@" "BOS" "L" -15 1 33 0.4 0.4 5.1 4 4.7 21.9 1.3 0 16.7 19.5 79 106 5.9 -4.3
"14" "14" 1986-11-29 23.91 "SAS" "@" "WSB" "L" -13 1 41 0.431 0.4 9.4 10.4 9.9 16.9 2.4 0 4.6 20.8 110 118 14.9 -1.8
"15" "15" 1986-12-02 23.92 "SAS" "@" "CLE" "L" -10 1 35 0.518 0.55 10.8 0 6 10.2 2.6 0 0 23.9 119 114 16 2.8
"16" "16" 1986-12-04 23.93 "SAS" "" "SEA" "L" -7 1 30 0.404 0.375 2.8 3.3 3 10.5 1.6 0 5.5 24 97 114 6 -6.7
"17" "17" 1986-12-06 23.93 "SAS" "" "CHI" "W" 9 1 24 0.6 0.6 5.1 11.8 8.2 15 4.2 0 28.6 12.4 103 100 5.9 0.9
"18" "18" 1986-12-09 23.94 "SAS" "" "POR" "L" -16 0 36 0.55 0.5 10.9 19.6 14.5 16.4 6.5 1.7 9.5 22.3 117 108 20.3 8
"19" "19" 1986-12-11 23.95 "SAS" "@" "SEA" "L" -6 0 23 0.2 0.2 12.6 7 9.9 6 2.1 0 28.6 12.4 57 115 -0.9 -10.8
"20" "20" 1986-12-13 23.95 "SAS" "" "GSW" "L" -15 0 25 0.421 0.286 4.4 12.5 8.5 5.5 0 2.3 19.4 17.3 84 122 3.1 -8.2
"21" "21" 1986-12-16 23.96 "SAS" "@" "DAL" "L" -3 0 31 0.547 0.545 6.3 26.4 15.5 12.7 3.2 0 20.2 19.2 100 99 10.3 2
"22" "22" 1986-12-17 23.96 "SAS" "" "PHO" "W" 13 1 35 0.581 0.556 7 11.9 9.7 12.8 4.3 0 16.2 14.7 111 83 13 4
"23" "23" 1986-12-19 23.97 "SAS" "@" "DET" "L" -30 1 35 0.368 0.3 2.7 2.9 2.8 31.1 4.1 0 15.5 15.8 83 112 7.1 -3.4
"24" "24" 1986-12-20 23.97 "SAS" "@" "ATL" "L" -15 1 18 0.5 0.5 0 11.9 5.9 34.8 0 0 20 11.5 105 119 2.8 -3.3
"25" "25" 1986-12-22 23.98 "SAS" "@" "NYK" "L" -4 1 31 0.333 0.333 12.2 10.1 11.1 16.5 3 0 25 5.8 108 102 7.1 1.1
"26" "26" 1986-12-23 23.98 "SAS" "@" "MIL" "L" -2 1 28 0.504 0.462 8.4 10.1 9.1 16.7 3.4 0 6.7 21.6 112 108 10.4 0.3
"27" "27" 1986-12-27 23.99 "SAS" "" "DEN" "L" -2 1 32 0.465 0.444 6.1 6.7 6.4 20.8 0 0 8.5 14.4 111 112 7.4 -2
"28" "28" 1986-12-29 23.99 "SAS" "@" "UTA" "L" -8 1 12 0.436 0.333 8.3 10.3 9.2 10.5 0 0 12.7 26.9 93 114 3.3 -6.4
"29" "29" 1986-12-30 24 "SAS" "" "UTA" "W" 6 0 18 0.615 0.5 0 7.2 3.2 12.5 2.5 0 17 13.2 116 104 4.9 -1.5
"30" "30" 1987-01-03 24.01 "SAS" "" "DAL" "L" -17 0 10 0.286 0.286 8.9 32 19.4 22.4 0 0 12.5 32.7 64 108 0.4 -12.6
"31" "31" 1987-01-14 24.04 "SAS" "@" "SEA" "L" -26 0 12 0.4 0.4 0 0 0 12.5 0 0 16.7 17.6 80 130 0.6 -10.7
"32" "32" 1987-01-29 24.08 "CLE" "" "ATL" "W" 11 0 12 0.5 0.5 20 0 9.4 12.9 0 0 50 13.5 74 106 0.7 -5.9
"33" "33" 1987-01-31 24.08 "CLE" "" "IND" "W" 2 0 11 0.512 0.5 26.7 40.6 33.2 13.5 0 0 0 18 130 96 6.2 4.6
"34" "34" 1987-02-04 24.1 "CLE" "@" "BOS" "L" -2 0 15 0.307 0.25 7 14.5 10.7 16.5 0 0 0 13.7 93 111 2.1 -4.6
"35" "35" 1987-02-05 24.1 "CLE" "@" "WSB" "L" -9 0 6 0.75 0.75 0 17.4 7.9 0 0 0 33.3 19.2 88 101 0.9 -3.4
"36" "36" 1987-02-10 24.11 "CLE" "" "NYK" "W" 5 0 9 0.258 0 12.4 13 12.7 0 0 0 0 17.4 89 100 0.1 -12
"37" "37" 1987-02-12 24.12 "CLE" "" "DET" "L" -4 0 21 0.932 1 8.8 29.3 17.6 7.8 0 0 13.4 13.3 153 110 10.8 5.6
"38" "38" 1987-02-15 24.13 "CLE" "@" "NJN" "L" -16 0 22 0.598 0.5 8.7 16 12 0 6 0 28.5 18.4 95 103 7.7 1.7
"39" "39" 1987-02-16 24.13 "CLE" "" "SEA" "W" 11 0 11 0.266 0 0 18.6 10 0 0 0 15.1 26.4 52 100 -1.5 -22.9
"40" "40" 1987-02-18 24.13 "CLE" "" "SAC" "W" 10 0 13 0.4 0.4 18 9.5 13.8 0 0 0 0 14.6 122 125 3 -7
"41" "41" 1987-02-19 24.14 "CLE" "@" "NYK" "L" -15 0 14 0.129 0 0 10.4 3.9 0 0 0 20.5 12.8 27 122 -3 -19.4
"42" "42" 1987-02-23 24.15 "CLE" "" "WSB" "W" 4 0 11 0.8 0.8 10.1 41.6 25.7 0 0 5.3 0 18.2 166 101 7.9 12.6
"43" "43" 1987-02-25 24.15 "CLE" "@" "DET" "L" -1 0 7 0 0 22.9 47.3 34.9 14.9 0 0 66.7 18 36 103 -1.5 -16.7
"44" "44" 1987-02-28 24.16 "CLE" "@" "DEN" "W" 2 0 7 0.333 0.333 0 31.2 16.1 0 0 0 0 16.6 75 107 0.9 -9.3
"45" "45" 1987-03-02 24.17 "CLE" "@" "SEA" "L" -16 0 14 0.333 0.333 0 19.8 11.1 9.2 3.3 0 14.3 20.4 67 112 2.2 -6.7
"46" "46" 1987-03-03 24.17 "CLE" "@" "POR" "L" -5 0 12 0.307 0.25 8.5 9.8 9.1 0 0 0 17 17.7 66 116 -0.6 -13.9
"47" "47" 1987-03-05 24.18 "CLE" "@" "PHO" "L" -24 0 10 0.5 0.5 22.9 46.5 32.9 30.6 0 0 50 31.4 64 122 0.9 -13.5
"48" "48" 1987-03-12 24.19 "CLE" "" "PHO" "W" 7 0 6 0 0 0 18.2 9.8 0 0 0 66.7 20.2 0 113 -2.8 -29.9
"49" "49" 1987-03-14 24.2 "CLE" "@" "MIL" "L" -7 0 9 0 0 0 13.3 7.1 12.4 5.3 0 0 9.6 31 105 0.6 -2.7
"50" "50" 1987-03-17 24.21 "CLE" "@" "NJN" "W" 19 0 13 0.338 0.25 24.6 0 10.5 0 7.2 0 0 13.8 104 84 4 5.1
"51" "51" 1987-03-18 24.21 "CLE" "" "DEN" "L" -4 0 11 0.532 0 0 9.5 5.2 0 9.1 0 0 7 138 96 3.6 7.4
"52" "52" 1987-03-21 24.22 "CLE" "@" "IND" "L" -1 0 28 0.85 0.8 0 10.9 5.9 13.6 3.8 2.1 14.5 11.8 143 83 12.1 12.4
"53" "53" 1987-03-24 24.23 "CLE" "@" "BOS" "L" -23 0 9 0.694 0.5 10.5 17.2 13 0 0 0 0 13.8 164 128 3.6 1.3
"54" "54" 1987-03-31 24.25 "CLE" "" "PHI" "L" -11 0 7 0.436 0.333 39.2 0 19.9 0 7.6 0 0 21.6 128 118 2.9 -0.2
"55" "55" 1987-04-01 24.25 "CLE" "@" "PHI" "L" -9 0 28 0.309 0.2 4.1 22.6 12.9 4.7 1.9 0 0 18.4 85 115 4.3 -8.4
"56" "56" 1987-04-04 24.26 "CLE" "" "WSB" "L" -16 0 4 NA NA 0 0 0 27.3 0 0 NA 0 200 137 0.3 -3.5
"57" "57" 1987-04-06 24.26 "CLE" "@" "ATL" "L" -5 0 18 0.647 0 5.8 6.7 6.2 0 2.8 0 17.7 13.2 129 116 4.8 -0.3
"58" "58" 1987-04-07 24.27 "CLE" "" "BOS" "W" 24 0 22 0.2 0.2 19.8 16.4 18.2 4.8 0 0 0 10.1 96 93 2.1 -6.5
"59" "59" 1987-04-09 24.27 "CLE" "" "IND" "W" 12 0 18 0.399 0 7 16.7 12.4 0 5.4 0 0 8.4 118 93 4.4 0.8
"60" "60" 1987-04-11 24.28 "CLE" "@" "MIL" "L" -28 0 27 0.686 0.625 4.1 8.3 6.2 0 1.7 0 0 14.8 147 118 11.1 2
"61" "61" 1987-04-14 24.28 "CLE" "" "NJN" "W" 18 0 17 0.174 0 10.1 13.1 11.9 13.1 0 0 25.8 9.5 70 99 -0.3 -6.7
"62" "62" 1987-04-15 24.29 "CLE" "@" "WSB" "L" -9 0 22 0.325 0.222 23.6 8.2 14.5 0 0 0 15.7 23 87 118 1.7 -12.1
"63" "63" 1987-04-18 24.3 "CLE" "" "NYK" "W" 9 0 4 0.5 0.5 0 0 0 0 0 0 0 19.8 108 114 -0.6 -25.1
"1" "1" 1987-11-06 24.85 "CLE" "@" "NJN" "W" 6 0 15 0.615 0.5 16.4 0 6.6 7.9 5.8 0 29.1 17.9 104 99 5.3 0.8
"2" "2" 1987-11-07 24.85 "CLE" "@" "ATL" "L" -8 0 25 0.735 0.625 15.1 23.5 19.2 0 1.8 0 8.9 17.2 147 100 13.6 6.8
"3" "3" 1987-11-11 24.86 "CLE" "" "MIL" "L" -8 0 21 0.333 0.333 0 21.6 10.8 0 4.2 2.4 25 14.5 51 90 1.2 -5.4
"4" "4" 1987-11-13 24.87 "CLE" "@" "BOS" "L" -14 1 40 0.563 0.5 3.2 7.5 5.1 11.9 3.7 0 10.1 10.3 122 132 10.5 -2.6
"5" "5" 1987-11-14 24.87 "CLE" "" "DET" "L" -15 0 14 0.643 0.6 18.5 0 11.1 0 0 0 8.4 34.9 117 128 7.8 -3
"6" "6" 1987-11-17 24.88 "CLE" "" "BOS" "W" 21 1 28 0.338 0.25 11.7 13.2 12.5 0 1.7 0 25.3 16.7 68 89 1.3 -8.7
"7" "7" 1987-11-19 24.88 "CLE" "" "HOU" "L" -8 0 37 1.064 1 5.9 19.5 12.4 3.7 3.8 0 34.7 3.2 147 101 8.4 0.9
"8" "8" 1987-11-21 24.89 "CLE" "" "PHI" "W" 13 0 32 0.763 0.667 3.4 10.5 6.9 16.1 3.2 1.9 0 20.6 163 93 22.6 15.3
"9" "9" 1987-11-24 24.9 "CLE" "@" "PHI" "L" -4 0 26 0.425 0.4 8.8 0 4.5 9.4 0 0 14.5 10.9 97 110 2.9 -5.3
"10" "10" 1987-11-25 24.9 "CLE" "" "NYK" "L" -3 1 26 0.545 0.545 14.2 0 7.5 0 0 0 15.4 21.3 104 117 5.2 -6.5
"11" "11" 1987-11-28 24.91 "CLE" "@" "NYK" "L" -12 0 28 0.509 0.5 0 13.2 8.5 11.5 1.7 1.9 42.1 18.8 62 103 2.1 -4.5
"12" "12" 1987-12-02 24.92 "CLE" "" "SEA" "W" 2 0 7 0.521 0.5 36.1 15.9 25.4 0 0 0 41 31.8 78 112 0.9 -17.3
"13" "13" 1987-12-04 24.93 "CLE" "@" "IND" "W" 18 0 17 0.5 0.5 0 28.2 15.5 0 3 0 14.3 18.8 83 92 3.4 -5
"14" "14" 1987-12-05 24.93 "CLE" "" "LAL" "W" 2 0 29 0.627 0.636 15.5 13.5 14.3 5.4 1.8 2.1 0 20.3 133 102 14.8 5.4
"15" "15" 1987-12-08 24.94 "CLE" "@" "SEA" "L" -11 0 19 0.307 0.25 0 0 0 0 2.6 0 29.1 15.6 46 112 -2.4 -14.5
"16" "16" 1987-12-09 24.94 "CLE" "@" "GSW" "L" -1 0 22 0 0 12.5 5.2 8.5 4.8 2.1 0 40 9.4 39 110 -2.3 -10.9
"17" "17" 1987-12-11 24.95 "CLE" "@" "SAC" "W" 2 0 24 0.563 0.583 5.1 18.6 12.2 6.9 2.1 0 0 22.6 126 114 10.8 -0.1
"18" "18" 1987-12-13 24.95 "CLE" "@" "LAL" "L" -1 0 32 0.595 0.5 4.2 22.5 13.8 5.9 1.5 2.1 0 16.5 128 90 13.5 6.4
"19" "19" 1987-12-15 24.96 "CLE" "" "DAL" "W" 13 0 19 0.676 0.75 12 9.7 10.8 0 0 0 0 20.2 139 106 8.4 2.8
"20" "20" 1987-12-17 24.96 "CLE" "@" "CHI" "L" -11 0 27 0.656 0.636 14 5.4 10 0 3.8 0 0 18.4 143 117 13.7 7.3
"21" "21" 1987-12-18 24.96 "CLE" "" "NJN" "W" 9 0 30 0.434 0.25 8 22.3 15.4 9.3 1.7 0 14.8 10.2 103 103 5.2 -5
"22" "22" 1987-12-20 24.97 "CLE" "" "IND" "W" 11 0 10 1 1 0 0 0 27.1 0 0 0 7.9 203 119 4.8 8.9
"23" "23" 1987-12-22 24.98 "CLE" "@" "WSB" "W" 4 0 29 0.72 0.6 3.8 16.1 9.7 9.4 4.9 0 20.7 13 126 96 11 3.9
"24" "24" 1987-12-23 24.98 "CLE" "" "UTA" "L" -8 0 30 0.441 0.375 3.4 4.1 3.7 0 3.5 0 0 15.4 99 102 6 -1.3
"25" "25" 1987-12-26 24.99 "CLE" "" "POR" "W" 3 1 18 0.145 0 5.6 17.8 11.5 0 0 0 0 14.8 48 112 -1 -15.2
"26" "26" 1987-12-27 24.99 "CLE" "@" "NJN" "L" -18 0 22 0.5 0.5 4.7 11.2 7.7 0 0 2.7 11.1 16.8 96 111 4.2 -4.3
"27" "27" 1987-12-30 25 "CLE" "" "ATL" "L" -7 0 21 0.644 0.5 0 32.7 16.3 6.9 0 0 0 14.7 149 116 8.4 2.7
"28" "28" 1988-01-02 25.01 "CLE" "" "PHO" "W" 13 0 21 0.727 0.667 0 17.6 8.5 13.1 0 0 22.5 16.9 119 109 6.5 -2.8
"29" "29" 1988-01-04 25.01 "CLE" "" "DEN" "W" 21 0 19 0.765 0.8 8.7 5 6.3 0 2.4 3.1 25.4 17.2 106 96 5.8 -1.6
"30" "30" 1988-01-06 25.02 "CLE" "" "LAC" "W" 16 0 20 0.667 0.667 11.4 4.9 7.9 6.3 2.4 0 0 12.2 153 107 8 1.3
"31" "31" 1988-01-08 25.02 "CLE" "@" "ATL" "L" -4 0 17 0.333 0.333 0 12.3 5.9 0 0 3.4 25 10 52 110 0.2 -8
"32" "32" 1988-01-09 25.02 "CLE" "@" "PHI" "L" -16 0 12 0 0 0 32.4 15.8 19 0 0 25 14.8 30 129 -1.6 -16.8
"33" "33" 1988-01-12 25.03 "CLE" "" "NYK" "W" 8 0 19 0.19 0.143 12.3 21.1 16.4 6.7 2.4 0 27.6 20.9 52 105 -1.7 -14.1
"34" "34" 1988-01-14 25.04 "CLE" "" "CHI" "W" 3 0 11 0 0 21.9 31.4 26.8 0 4.9 0 40 21.5 23 80 -1.2 -15.1
"35" "35" 1988-01-15 25.04 "CLE" "@" "DET" "L" -4 0 19 0.667 0.667 5.5 12.3 8.7 18.1 2.6 0 0 12.6 147 101 7.5 7
"36" "36" 1988-01-17 25.05 "CLE" "@" "MIL" "L" -18 0 8 NA NA 0 0 0 0 0 0 NA 0 0 129 0 -7
"37" "37" 1988-01-21 25.06 "CLE" "" "ATL" "L" -8 0 29 0.4 0.4 4.1 7.7 6 5.2 0 0 0 7.7 102 113 2.1 -5
"38" "38" 1988-01-23 25.06 "CLE" "" "BOS" "W" 19 0 2 0 0 0 0 0 0 24.8 0 0 44.7 0 61 -0.4 -22
"39" "39" 1988-01-25 25.07 "CLE" "@" "UTA" "L" -23 0 12 0.45 0.375 20.7 24.2 22 0 3.9 5.2 18.4 34.1 89 109 6 2.7
"40" "40" 1988-01-27 25.07 "CLE" "@" "SAS" "W" 10 0 28 0.831 0.8 8.8 25.1 17.1 16.4 0 2.3 13.7 21.3 148 101 19.6 11.7
"41" "41" 1988-01-28 25.08 "CLE" "@" "HOU" "W" 24 0 23 0.75 0.75 24.3 28.6 26.6 7.9 0 0 11.1 16 147 87 13.3 9
"42" "42" 1988-01-30 25.08 "CLE" "" "WSB" "W" 2 0 12 0 0 10.5 11.3 10.9 0 0 0 0 14.2 24 123 -2.2 -19.1
"43" "43" 1988-02-01 25.09 "CLE" "" "DET" "W" 11 0 4 NA NA 26.7 24.5 25.5 0 0 14.8 100 11.2 47 76 -0.5 -14.2
"44" "44" 1988-02-03 25.09 "CLE" "@" "WSB" "W" 1 0 16 0.41 0.25 0 0 0 7 3.2 0 29.1 18.7 70 118 1.3 -10.9
"45" "45" 1988-02-04 25.1 "CLE" "" "GSW" "L" -6 0 21 0.34 0.4 10.1 12.6 11.2 7.2 0 0 0 12.6 86 99 3.2 -5.6
"46" "46" 1988-02-09 25.11 "CLE" "@" "MIL" "L" -8 0 12 0.436 0.333 0 10.5 4.6 0 0 0 36.8 18 57 118 -0.8 -15.6
"47" "47" 1988-02-10 25.11 "CLE" "" "WSB" "W" 16 0 25 0.751 0.667 8.7 8.3 8.5 9.5 1.9 4.4 29.1 16.6 115 99 10.8 4.5
"48" "48" 1988-02-12 25.12 "CLE" "" "NJN" "W" 2 0 30 0.579 0.333 18.3 15.2 16.6 6 1.7 0 25.8 16.7 107 103 8.5 -1.8
"49" "49" 1988-02-13 25.12 "CLE" "@" "NYK" "L" -17 0 23 0.58 0.5 19 17.9 18.4 0 0 0 20.5 19.6 107 134 6.2 -8.2
"50" "50" 1988-02-15 25.13 "CLE" "" "SAC" "W" 9 0 23 0.521 0.5 0 19 9.1 33.9 0 2.5 0 5.4 143 94 6.5 6.2
"51" "51" 1988-02-17 25.13 "CLE" "@" "PHI" "W" 8 0 28 0.556 0.556 13.9 28.6 21.1 9.2 1.9 0 25 18.6 99 113 8.2 -2.9
"52" "52" 1988-02-18 25.13 "CLE" "@" "IND" "L" -5 0 16 0 0 0 6 3.3 8.8 0 0 20 13.8 11 99 -3.6 -15
"53" "53" 1988-02-21 25.14 "CLE" "" "CHI" "W" 2 0 30 0.53 0.556 4.7 15 9.7 22.1 0 0 9.6 14.5 115 120 6.3 -2.3
"54" "54" 1988-02-24 25.15 "CLE" "@" "DAL" "L" -4 0 20 0.429 0.429 14.7 24.6 19.1 7.5 5.6 3 22.2 19.5 87 96 6.2 1.5
"55" "55" 1988-02-27 25.16 "PHO" "" "WSB" "L" -10 0 20 0.521 0.5 6.5 6.7 6.6 5.8 4.8 0 14.8 14.5 100 112 5.1 -2.1
"56" "56" 1988-02-28 25.16 "PHO" "@" "LAL" "L" -14 0 28 0.667 0.667 20.4 11.1 16.4 0 5.3 0 29.4 24.8 94 111 12.5 0.9
"57" "57" 1988-03-01 25.17 "PHO" "@" "SAS" "L" -5 0 22 0.583 0.556 14.2 18.2 16.2 12.4 2.2 0 9.6 18.3 130 113 10.2 1.7
"58" "58" 1988-03-03 25.17 "PHO" "" "POR" "L" -23 0 26 0.333 0.333 12.6 4 8.2 21.7 1.8 0 25 18.5 79 132 4.4 -7.3
"59" "59" 1988-03-04 25.18 "PHO" "@" "DEN" "L" -8 0 16 0.333 0.333 0 24 15.2 0 0 0 0 8.6 71 119 1.5 -7.7
"60" "60" 1988-03-08 25.19 "PHO" "@" "ATL" "L" -30 0 17 0.635 0.571 0 0 0 0 5.4 0 0 18.5 142 131 8.3 4.3
"61" "61" 1988-03-09 25.19 "PHO" "@" "WSB" "L" -4 0 25 0.509 0.417 24.6 18 21.6 30.8 0 2.6 12.7 25 119 119 13.3 2.2
"62" "62" 1988-03-11 25.19 "PHO" "@" "DET" "L" -28 1 24 0.515 0.444 7 5.6 6.5 21.4 4 0 20.5 24.4 95 114 7.7 1.6
"63" "63" 1988-03-13 25.2 "PHO" "@" "MIL" "L" -10 0 21 0.6 0.6 17.9 37.1 26 21.2 2.3 0 16.7 22.8 115 111 13.1 7.5
"64" "64" 1988-03-15 25.21 "PHO" "" "SEA" "W" 21 0 28 0.787 0.773 0 12.5 6.9 11.3 3.4 0 14.9 20.5 129 86 15.4 9.8
"65" "65" 1988-03-16 25.21 "PHO" "@" "GSW" "W" 6 0 23 0.676 0.625 0 17.8 9.9 12.4 0 0 25.3 19.7 105 109 7.2 -2.5
"66" "66" 1988-03-19 25.22 "PHO" "" "LAL" "W" 7 0 14 0.621 0.667 7.5 30.5 18.8 10.6 0 0 0 19.5 127 95 6 0.5
"67" "67" 1988-03-21 25.22 "PHO" "" "LAC" "W" 8 0 20 0.17 0 5.9 12.4 9.7 5.9 7.3 0 0 12.5 63 90 3 -5
"68" "68" 1988-03-22 25.22 "PHO" "@" "UTA" "L" -7 0 16 0.25 0.25 5.5 13 8.9 0 0 0 0 10.1 70 106 0.1 -10.6
"69" "69" 1988-03-24 25.23 "PHO" "" "MIL" "W" 5 0 18 0.41 0.25 0 6.8 3.7 17.6 2.8 0 0 12 123 122 4.6 -2.4
"70" "70" 1988-03-26 25.24 "PHO" "" "DET" "L" -5 0 11 0.6 0.6 10.4 12.8 11.5 31.3 4.5 0 0 19.8 133 107 5.5 6.7
"71" "71" 1988-03-30 25.25 "PHO" "" "GSW" "W" 18 0 20 0.533 0.5 5.6 22.9 14.1 37.5 4.6 0 10.6 18.4 125 95 12.1 11.4
"72" "72" 1988-04-02 25.25 "PHO" "@" "SEA" "L" -44 0 19 0.304 0.222 12 31.6 21.6 17.5 0 0 9.2 20.9 81 131 3 -7.8
"73" "73" 1988-04-05 25.26 "PHO" "" "UTA" "W" 5 0 29 0.557 0.556 0 9.7 4.2 9 3.3 0 16.8 16.7 99 104 7.1 -1.6
"74" "74" 1988-04-06 25.27 "PHO" "@" "DAL" "L" -26 0 20 0.5 0.5 14.7 13 14 15.8 0 0 0 16.2 132 129 7.7 3.7
"75" "75" 1988-04-08 25.27 "PHO" "@" "GSW" "L" -1 0 26 0.444 0.444 12.3 32.1 22.3 9.8 1.9 0 0 14.1 121 109 10.2 1.8
"76" "76" 1988-04-09 25.27 "PHO" "" "SAC" "W" 3 0 18 0.75 0.75 11.3 23.8 18.1 7.8 2.7 3.1 33.3 13.8 98 86 7.7 4.1
"77" "77" 1988-04-11 25.28 "PHO" "" "DEN" "L" -4 0 17 0.129 0 6.7 5.8 6.2 12.5 2.6 0 0 8.8 76 114 0.3 -6.3
"78" "78" 1988-04-13 25.28 "PHO" "" "SAS" "W" 7 0 8 0 0 22.6 27.3 24.7 12 0 0 0 18.3 49 106 -0.9 -18.1
"79" "79" 1988-04-15 25.29 "PHO" "@" "LAL" "L" -3 0 14 0.6 0.6 8.8 0 4.3 9.3 0 0 0 14.7 134 122 4.3 -1.8
"80" "80" 1988-04-16 25.29 "PHO" "" "SEA" "W" 2 0 19 0 0 0 5.1 2.7 6.5 2.6 0 25 9 14 111 -1.9 -11.8
"81" "81" 1988-04-19 25.3 "PHO" "" "GSW" "W" 15 0 19 0.68 0.6 0 12 6.1 13.2 2.3 0 40.5 21.4 82 100 3.5 -7.4
"82" "82" 1988-04-20 25.3 "PHO" "@" "SEA" "L" -23 0 18 0.667 0.667 0 13.7 6.9 8.8 2.7 0 25 19.2 95 121 5.7 1.2
"83" "83" 1988-04-22 25.31 "PHO" "" "LAL" "L" -5 0 15 0.5 0.5 0 16.8 8.2 21.4 0 0 33.3 8.2 98 120 2.3 -0.5
"84" "84" 1988-04-24 25.32 "PHO" "@" "HOU" "L" -8 0 20 0.712 0.6 28.2 26.7 27.4 15.2 2.1 2.5 13.7 27.6 139 107 20.1 14.9
"1" "1" 1988-11-04 25.85 "PHO" "@" "POR" "L" -15 0 18 0.515 0.333 0 6.7 2.7 7.5 2.4 0 20.5 9.9 94 106 1.7 -2.7
"2" "2" 1988-11-05 25.85 "PHO" "@" "GSW" "L" -13 0 21 0.45 0.375 14 13.2 13.6 0 0 0 18.4 19.6 87 110 3.8 -6.6
"3" "3" 1988-11-09 25.86 "PHO" "" "DAL" "W" 8 0 19 0 0 6.5 5.7 6.1 0 0 0 66.7 6.5 22 111 -2.5 -13
"4" "4" 1988-11-11 25.87 "PHO" "" "GSW" "W" 38 0 26 0.587 0.455 4.4 15.7 10.4 8.4 3.4 2.1 6.8 21.7 131 93 14.1 3.4
"5" "5" 1988-11-12 25.87 "PHO" "@" "LAC" "L" -11 0 23 1 1 0 0 0 9.7 3.8 0 75 6.8 53 113 0.1 -6.3
"6" "6" 1988-11-15 25.88 "PHO" "@" "SAC" "W" 30 0 9 0.5 0.5 0 10.7 6.3 0 5.3 0 0 9.7 101 84 1.9 1.1
"7" "7" 1988-11-18 25.88 "PHO" "" "DET" "L" -16 0 7 0.694 1 0 0 0 0 6.8 0 41 14.3 65 111 0.5 -2.7
"8" "8" 1988-11-19 25.89 "PHO" "@" "UTA" "L" -13 0 26 0.619 0.625 3.9 13.2 8.3 18.1 3.3 2 10.1 14.7 122 114 11.1 5.3
"9" "9" 1988-11-23 25.9 "PHO" "" "NJN" "L" -4 0 17 0 0 38.2 20.2 28.6 12 0 0 17 13.8 73 126 0.4 -11.2
"10" "10" 1988-11-26 25.91 "PHO" "@" "SAS" "L" -13 0 11 NA NA 0 0 0 0 0 0 NA 0 0 114 0 -6
"11" "11" 1988-11-29 25.92 "PHO" "@" "HOU" "W" 17 0 16 0.2 0.2 6.4 24 15.5 0 2.7 0 16.7 14.5 47 92 -0.4 -11.1
"12" "12" 1988-12-02 25.92 "PHO" "" "HOU" "W" 15 0 26 0.718 0.7 27.5 20.5 24.1 11.9 5.6 0 16.1 18.8 137 89 18 13.5
"13" "13" 1988-12-03 25.93 "PHO" "" "LAC" "W" 8 0 31 0.363 0.333 18.2 0 8.8 0 0 0 0 9.1 108 102 3.9 -5.8
"14" "14" 1988-12-06 25.93 "PHO" "" "WSB" "W" 38 0 6 0 0 0 0 0 0 0 0 0 12.3 0 92 -1.8 -17.7
"15" "15" 1988-12-07 25.94 "PHO" "@" "LAL" "L" -14 0 11 0.25 0.25 26.9 29.8 28 20.5 4.1 0 0 13.1 106 110 4.9 2.7
"16" "16" 1988-12-09 25.94 "PHO" "" "GSW" "W" 5 0 8 0 0 11.8 13.6 12.6 0 0 0 0 15.1 26 105 -1.5 -16.1
"17" "17" 1988-12-17 25.96 "PHO" "@" "POR" "L" -18 0 7 1.064 1 0 47.8 24.5 0 0 0 0 11.2 227 111 4.2 7.4
"18" "18" 1988-12-20 25.97 "PHO" "" "SAS" "W" 18 0 17 0.694 0.5 11.1 6.6 9 6 0 0 25.8 16.6 119 106 5.2 -4.4
"19" "19" 1988-12-22 25.98 "PHO" "@" "DEN" "W" 8 0 33 0.45 0.375 10 15.2 12.8 17.9 1.2 0 18.4 11.5 109 100 10.5 2.9
"20" "20" 1988-12-23 25.98 "PHO" "" "DEN" "W" 12 0 33 0.564 0.5 15.7 2.9 8.3 11.7 1.5 0 0 12.1 147 110 11.2 4.8
"21" "21" 1988-12-26 25.99 "PHO" "" "LAL" "W" 15 1 30 0.852 0.818 14.5 19.6 17.2 22.4 0 0 24.5 22.1 130 96 18.3 9.7
"22" "22" 1988-12-28 25.99 "PHO" "@" "DET" "L" -6 1 35 0.436 0.333 12 2.7 7.7 3.6 0 0 8.8 12.6 105 113 5.4 -3.1
"23" "23" 1988-12-30 26 "PHO" "@" "NJN" "W" 7 0 23 0.947 NA 5.1 8 6.7 8.5 0 0 53.2 9.9 107 108 3.9 -1.4
"24" "24" 1989-01-02 26.01 "PHO" "@" "WSB" "W" 3 1 25 0.512 0.5 0 0 0 14.6 1.8 0 0 14.5 126 119 6.7 0.3
"25" "25" 1989-01-04 26.01 "PHO" "@" "BOS" "W" 2 0 23 0.532 0 14.9 22.2 18.8 0 0 2.3 0 10.1 143 104 7 0.6
"26" "26" 1989-01-06 26.02 "PHO" "" "DAL" "W" 9 0 18 0.333 0.333 0 12.7 6.6 10.2 2.9 0 0 7.4 105 116 2.1 -4.9
"27" "27" 1989-01-07 26.02 "PHO" "" "MIA" "W" 8 0 12 0.41 0.25 18.6 16.3 17.4 22.2 7.5 4.3 45 28.6 65 81 3.3 -2.9
"28" "28" 1989-01-09 26.02 "PHO" "@" "GSW" "L" -6 0 19 0.383 0.3 24.8 20.2 22.5 19.7 0 0 0 22.1 112 116 8 0.7
"29" "29" 1989-01-11 26.03 "PHO" "" "CLE" "L" -3 0 18 0.932 1 0 6.8 3.4 16.2 5.1 0 0 14.9 182 115 13.1 15.9
"30" "30" 1989-01-13 26.04 "PHO" "" "SAC" "W" 21 0 25 0.717 0.75 8.7 10.9 9.9 4.7 7.2 0 17 9.4 126 76 9.4 7
"31" "31" 1989-01-16 26.04 "PHO" "@" "CLE" "L" -16 0 22 0.761 0.714 20.3 11.5 16.2 25.6 4.3 0 20.2 17.9 139 120 14.5 14.2
"32" "32" 1989-01-19 26.05 "PHO" "@" "CHH" "W" 14 0 12 0 0 9.3 0 4.1 0 0 0 0 6.6 43 118 -0.7 -8.7
"33" "33" 1989-01-21 26.06 "PHO" "@" "CHI" "W" 9 0 18 0.814 1 11.9 22.9 16.7 9 2.6 0 12.9 17.9 131 100 9.3 5.9
"34" "34" 1989-01-24 26.07 "PHO" "" "CHH" "W" 3 0 17 0.5 0.5 26.9 11.1 18.2 0 0 3.3 11.1 23.7 107 110 5.5 -6.2
"35" "35" 1989-01-27 26.07 "PHO" "" "NYK" "W" 2 0 17 0.798 0.667 26.5 27.5 27.1 6.4 0 0 26.2 17.2 134 117 7.3 -0.1
"36" "36" 1989-01-28 26.08 "PHO" "@" "DEN" "L" -4 0 15 0.694 0.5 15.6 10 13.2 6.6 0 3.6 25.8 18.7 126 132 5.5 -1.1
"37" "37" 1989-01-30 26.08 "PHO" "" "DEN" "W" 26 0 18 0.5 0.5 29.6 17 21.6 23 2.5 0 50 8.9 108 92 4.2 3
"38" "38" 1989-02-01 26.09 "PHO" "" "LAL" "W" 17 0 5 0.129 0 46.8 20.4 32.7 0 0 0 0 33.2 68 101 -0.2 -23.4
"39" "39" 1989-02-03 26.09 "PHO" "@" "DAL" "L" -4 0 27 0.538 0.571 7.1 8.7 7.8 0 1.7 0 0 10.4 122 117 5.3 -4.2
"40" "40" 1989-02-04 26.1 "PHO" "" "ATL" "L" -2 0 8 0.725 0 24.1 0 12.6 0 0 0 0 14.3 189 131 4.3 4.1
"41" "41" 1989-02-06 26.1 "PHO" "" "UTA" "W" 17 0 30 0.589 0.6 3.8 21.1 12 9.4 1.7 0 20.7 13.3 103 91 7.3 1.9
"42" "42" 1989-02-09 26.11 "PHO" "" "LAC" "W" 7 0 23 0.82 0.75 4.3 20.4 11.7 16.2 0 0 17 9.6 145 104 8.2 1.1
"43" "43" 1989-02-15 26.13 "PHO" "" "SEA" "W" 23 0 15 0.363 0.333 9.4 24.6 19.4 28.1 6 0 0 18.4 114 87 7 4.9
"44" "44" 1989-02-17 26.13 "PHO" "" "BOS" "W" 9 0 16 0.333 0.333 0 6.8 3.3 12.5 8.7 0 25 9.5 75 110 3.2 1
"45" "45" 1989-02-18 26.13 "PHO" "@" "SAC" "W" 19 0 9 0.521 0.5 13 36.8 26.9 0 0 0 25.8 17.6 90 91 1.7 -7.1
"46" "46" 1989-02-20 26.14 "PHO" "@" "UTA" "L" -26 0 19 0.347 0.25 4.4 29.4 15.2 8.3 5 0 25.8 15.9 65 106 2.9 -4.6
"47" "47" 1989-02-21 26.14 "PHO" "" "GSW" "W" 18 1 34 0.823 0.818 19.7 13.4 16.6 7.4 0 0 19 16.9 141 117 19.1 5
"48" "48" 1989-02-24 26.15 "PHO" "" "PHI" "W" 25 1 25 0.546 0.5 8.7 12.3 10.5 9.1 0 0 12 14.1 115 100 6.1 -2
"49" "49" 1989-02-26 26.16 "PHO" "@" "LAL" "L" -12 0 23 0.874 0.857 0 16.1 8.7 0 3.7 2.2 28.7 18.2 106 117 10.3 2.2
"50" "50" 1989-02-28 26.16 "PHO" "@" "POR" "L" -5 1 32 0.699 0.667 16.2 17 16.7 3.7 2.7 0 13.4 17.4 133 120 15.4 3.8
"51" "51" 1989-03-02 26.17 "PHO" "" "SAC" "W" 20 1 34 0.595 0.5 12.3 4.9 8.1 12.1 4.3 0 7.8 15.5 132 91 14.5 5.4
"52" "52" 1989-03-04 26.17 "PHO" "" "LAC" "W" 42 1 24 0.563 0.5 20.8 7.4 13.7 4.3 1.9 0 0 13.5 154 90 10.2 4.4
"53" "53" 1989-03-06 26.18 "PHO" "@" "PHI" "W" 4 0 20 0.5 0.5 12 18.5 15.7 0 0 0 25 16.9 86 108 2.8 -6.5
"54" "54" 1989-03-07 26.18 "PHO" "@" "NYK" "L" -5 0 25 0.589 0.4 4.9 14.8 9.8 0 7.2 0 0 12.4 133 105 9.9 4.8
"55" "55" 1989-03-10 26.19 "PHO" "@" "IND" "L" -5 0 36 0.697 0.667 22.2 0 13.9 13.3 2.9 0 4.4 25.8 154 132 27.8 13.4
"56" "56" 1989-03-11 26.19 "PHO" "@" "MIL" "L" -7 1 36 0.523 0.5 9.3 26.7 18.2 13.8 2.6 1.6 19.4 18.2 96 94 11.2 2.4
"57" "57" 1989-03-13 26.2 "PHO" "@" "MIA" "W" 8 1 27 0.676 0.625 16.7 11.1 13.3 0 3.7 0 25.3 18.7 109 105 9.6 -0.4
"58" "58" 1989-03-14 26.2 "PHO" "@" "ATL" "W" 2 1 30 0.504 0.462 26.7 10.5 17.6 14.4 7.5 1.7 12.6 20.9 115 94 18.7 11.3
"59" "59" 1989-03-17 26.21 "PHO" "" "POR" "W" 5 1 33 0.654 0.667 5.5 21.2 13 3.8 1.3 0 30.4 10.9 94 111 7 -2.5
"60" "60" 1989-03-18 26.21 "PHO" "" "SEA" "W" 18 1 30 0.768 0.769 5 15.6 11 4.8 3.2 0 6.5 22.2 139 102 18.9 6.7
"61" "61" 1989-03-20 26.22 "PHO" "" "MIA" "W" 18 1 14 0.2 0.2 8.6 6.6 7.5 8.2 0 0 16.7 17.1 56 100 -1.6 -14.9
"62" "62" 1989-03-22 26.22 "PHO" "" "CHI" "L" -1 1 13 0 0 17.2 7.5 12 8.8 0 0 50 13.2 45 114 -1 -11.3
"63" "63" 1989-03-23 26.22 "PHO" "@" "GSW" "W" 30 1 32 0.752 0.7 12.2 13.9 13.2 14.9 1.3 1.7 19.2 18 137 109 19.4 6.5
"64" "64" 1989-03-25 26.23 "PHO" "@" "LAC" "W" 20 1 29 0.619 0.625 11 21.5 16.7 7.2 3.1 0 0 12 141 93 12.6 3.2
"65" "65" 1989-03-26 26.23 "PHO" "@" "LAL" "L" -2 1 27 1.042 1 3.9 4.6 4.2 4.5 3.5 0 0 8.9 217 116 12.5 7.8
"66" "66" 1989-03-28 26.24 "PHO" "" "LAL" "W" 23 1 26 0.654 0.667 0 12.1 7.9 4.1 0 2 0 11.6 138 108 7 -0.1
"67" "67" 1989-03-30 26.24 "PHO" "@" "SAC" "L" -12 1 30 0.674 0.571 15.2 21.8 18.6 16.2 1.4 0 23.7 15.7 124 120 13.1 2.9
"68" "68" 1989-03-31 26.25 "PHO" "" "MIL" "W" 18 1 20 0.509 0.5 19.5 32.9 27.3 13 0 3.1 0 15.1 134 101 8.7 3.7
"69" "69" 1989-04-05 26.26 "PHO" "" "UTA" "W" 10 1 14 0.694 0.5 16.7 0 7.5 0 0 0 51 16.9 81 112 1 -7.4
"70" "70" 1989-04-06 26.26 "PHO" "@" "SEA" "W" 7 1 19 0.509 0.5 0 10.3 5.9 6.8 2.4 0 0 15.5 108 112 5.1 -1.6
"71" "71" 1989-04-08 26.27 "PHO" "@" "LAC" "W" 18 1 10 0.515 0.333 0 10.9 5.4 0 0 0 0 16.1 115 100 2.2 -6.5
"72" "72" 1989-04-12 26.28 "PHO" "@" "DAL" "W" 15 1 21 0.635 0.571 15.6 25 21.2 6.4 2.2 0 11.3 16.8 127 84 10.4 6.3
"73" "73" 1989-04-13 26.28 "PHO" "@" "HOU" "W" 8 1 22 0.75 0.75 4.7 17.8 11.5 10.8 0 0 0 7.5 167 117 6.5 2.7
"74" "74" 1989-04-15 26.29 "PHO" "" "SAS" "W" 46 1 24 0.508 0.429 17.1 7.8 11.6 16.7 3.5 0 20.2 15.5 112 80 8.6 2.7
"75" "75" 1989-04-17 26.29 "PHO" "" "SAC" "W" 55 1 25 0.6 0.6 10.1 11.8 11 4.2 5.8 0 0 7.9 151 82 9.3 6
"76" "76" 1989-04-21 26.3 "PHO" "" "HOU" "L" -11 1 21 0.512 0.375 19 28.6 22.9 8.1 2.2 0 0 17.8 131 104 11.1 5.1
"77" "77" 1989-04-22 26.31 "PHO" "@" "SAS" "W" 10 1 35 0.766 0.733 12.8 13.4 13.1 12.1 4.1 1.6 15.5 21.1 140 107 24.5 11.7
"1" "1" 1989-11-03 26.84 "MIN" "@" "SEA" "L" -12 0 38 0.503 0.526 11.8 15.3 13.3 5.4 2.8 0 16.8 28.8 94 116 10.6 -3.6
"2" "2" 1989-11-05 26.85 "MIN" "@" "POR" "L" -10 1 36 0.576 0.538 17 27.6 21.1 0 1.5 2.2 22.4 20.9 98 100 11 1.4
"3" "3" 1989-11-08 26.85 "MIN" "" "CHI" "L" -12 1 48 0.339 0.231 4.4 14.7 8.9 10.3 4.3 1.3 0 13 94 101 10.2 -0.4
"4" "4" 1989-11-10 26.86 "MIN" "" "PHI" "W" 7 1 53 0.59 0.519 9.8 19.1 14.8 6.3 3.8 0 8.9 26.8 124 108 29.4 4.3
"5" "5" 1989-11-12 26.87 "MIN" "" "SEA" "L" -11 1 33 0.3 0.3 0 10 3.8 22.3 3.4 2.1 16.7 16 76 122 3.4 -5.6
"6" "6" 1989-11-14 26.87 "MIN" "" "GSW" "W" 3 1 36 0.409 0.353 16.3 20.5 18.3 0 2.8 3.8 9.8 23.1 95 98 9.8 -2.4
"7" "7" 1989-11-15 26.87 "MIN" "" "SAS" "L" -10 1 38 0.233 0.167 7.4 16.6 11.4 5.2 0 0 7.2 16 64 102 0.9 -10.4
"8" "8" 1989-11-17 26.88 "MIN" "@" "BOS" "L" -17 1 30 0.429 0.429 10.4 25.3 17.1 10.2 6.5 1.9 6.7 21.5 95 106 12.4 2.5
"9" "9" 1989-11-18 26.88 "MIN" "@" "NYK" "L" -15 1 37 0.643 0.6 0 20.3 8.8 19 1.5 0 26.9 9.5 108 123 7.9 -0.4
"10" "10" 1989-11-21 26.89 "MIN" "" "UTA" "L" -2 1 40 0.607 0.529 15.6 18.3 16.8 5.1 0 2.1 4.5 27.2 138 120 19.3 1.3
"11" "11" 1989-11-22 26.89 "MIN" "" "DEN" "L" -3 1 26 0.51 0.4 4.2 13.8 8.8 6.5 0 0 33.8 15.7 79 115 0.6 -11.7
"12" "12" 1989-11-24 26.9 "MIN" "@" "DAL" "L" -10 1 37 0.474 0.438 10.2 7.4 9.1 9.3 0 3.7 15.1 23.5 104 123 9.2 -3.6
"13" "13" 1989-11-25 26.9 "MIN" "@" "CHH" "L" -8 1 31 0.338 0.313 11.1 10.6 10.8 0 0 0 10.1 32 68 100 2.2 -11.9
"14" "14" 1989-11-29 26.91 "MIN" "@" "MIA" "W" 5 1 37 0.6 0.6 20 13.7 16.2 10.2 3 3.2 0 25.5 140 114 22 6.8
"15" "15" 1989-11-30 26.92 "MIN" "@" "ORL" "L" -7 1 42 0.666 0.647 4.8 13 8.7 13 2.2 1.4 9.6 19.3 122 100 20.4 5.1
"16" "16" 1989-12-02 26.92 "MIN" "@" "CLE" "W" 27 1 38 0.281 0.25 6.6 25.3 16.2 7.2 2.8 0 7.4 16.1 77 83 4.8 -8.3
"17" "17" 1989-12-05 26.93 "MIN" "" "NJN" "W" 2 1 30 0.571 0.571 11.4 7.6 9.1 5.6 3.8 0 30 16.9 87 106 4.4 -6.2
"18" "18" 1989-12-09 26.94 "MIN" "@" "ATL" "L" -13 1 36 0.25 0.25 5.6 3.4 4.6 12.5 0 0 7.7 15.7 70 120 -0.4 -10.9
"19" "19" 1989-12-12 26.95 "MIN" "@" "IND" "L" -1 1 37 0.627 0.556 10.5 9.2 9.9 13.6 1.5 2.2 4.4 27.3 144 119 21.5 7.1
"20" "20" 1989-12-13 26.95 "MIN" "" "DAL" "L" -3 1 30 0.392 0.273 3.5 8 5.6 23.5 1.8 0 7.3 20.9 94 104 6.4 -3.6
"21" "21" 1989-12-15 26.96 "MIN" "" "MIA" "L" -11 1 35 0.463 0.455 11.9 8.1 10.3 15.7 5.9 5.4 33.6 21.9 73 96 8.9 -0.3
"22" "22" 1989-12-17 26.96 "MIN" "" "UTA" "L" -10 1 36 0.447 0.4 9.5 22.2 14.1 4.8 2.7 0 15.2 22.8 91 127 7.5 -7.7
"23" "23" 1989-12-19 26.97 "MIN" "@" "WSB" "L" -13 1 46 0.526 0.5 8 24.8 16.7 4.1 2.1 2.3 7.8 23.9 107 110 18.8 -0.3
"24" "24" 1989-12-20 26.97 "MIN" "" "LAL" "L" -9 1 44 0.687 0.667 3.3 15.1 10.4 15.7 1.3 2.6 25.6 18.2 106 112 13.3 2.6
"25" "25" 1989-12-23 26.98 "MIN" "" "MIL" "L" -4 1 34 0.571 0.571 14.9 30.7 23.5 6.8 8.6 0 25.2 26.7 90 76 16.3 6
"26" "26" 1989-12-26 26.99 "MIN" "@" "CHI" "L" -13 1 37 0.468 0.4 4.2 20.9 12.6 18.6 6.8 0 25.4 19.9 87 108 9.9 -2.4
"27" "27" 1989-12-27 26.99 "MIN" "" "HOU" "W" 17 1 26 0.818 0.818 5.4 4.1 4.7 17.6 2 2.3 0 18.3 173 102 16.7 13.1
"28" "28" 1989-12-29 26.99 "MIN" "" "PHO" "L" -17 1 33 0.421 0.364 3 14.2 8.2 11.4 4.3 3.1 14.4 17.6 86 111 9.5 -1.1
"29" "29" 1989-12-30 27 "MIN" "@" "MIL" "L" -10 1 31 0.317 0.286 7 11.3 9.1 9.1 3.3 0 27.6 15.2 65 114 1.6 -8.9
"30" "30" 1990-01-02 27.01 "MIN" "" "LAC" "L" -8 1 36 0.447 0.412 9.8 3.6 6.8 5.9 5.8 0 14.4 25 88 91 10.2 2.5
"31" "31" 1990-01-04 27.01 "MIN" "" "CHH" "W" 2 1 40 0.53 0.5 9.7 15 12.5 10.3 0 3.1 13.7 25.3 98 105 13.2 -3.7
"32" "32" 1990-01-06 27.02 "MIN" "@" "SAS" "L" -13 1 31 0.568 0.545 11.9 23.8 17.9 12.5 1.6 0 25.9 21.2 93 109 8.4 -2.8
"33" "33" 1990-01-09 27.02 "MIN" "@" "SAC" "L" -14 0 28 0.286 0.286 4.6 15.1 9.7 6.5 4.2 0 12.5 14.5 63 99 2 -6.4
"34" "34" 1990-01-11 27.03 "MIN" "" "POR" "L" -2 1 23 0.383 0.4 3.4 22.2 11.5 0 0 0 22.3 23.8 66 93 -0.2 -12.2
"35" "35" 1990-01-12 27.03 "MIN" "@" "DET" "L" -11 1 38 0.666 0.636 6.2 12.6 8.9 0 3 2.1 0 16.3 141 112 15.9 5.5
"36" "36" 1990-01-18 27.05 "MIN" "@" "PHO" "L" -17 1 31 0.594 0.615 0 5.2 1.8 27.1 5 0 6.5 20.2 125 116 13.7 6.7
"37" "37" 1990-01-20 27.05 "MIN" "@" "LAC" "L" -2 1 36 0.286 0.286 5.8 31.1 15.8 15.8 4.2 0 12.5 18.8 71 98 5.9 -5.6
"38" "38" 1990-01-23 27.06 "MIN" "@" "GSW" "L" -7 1 42 0.715 0.692 7.3 19 13.2 8.6 2.5 0 0 15.7 159 115 22.6 7.7
"39" "39" 1990-01-26 27.07 "MIN" "" "CLE" "L" -1 1 35 0.474 0.438 7 24.9 15.2 32.4 6.4 4.9 5.6 25 106 86 17.8 13.5
"40" "40" 1990-01-27 27.07 "MIN" "" "DET" "L" -2 1 34 0.1 0.1 6.6 11.4 8.8 17.3 4.7 0 9.1 15.2 45 93 1.7 -5.6
"41" "41" 1990-01-29 27.08 "MIN" "" "SAC" "W" 18 1 24 0 0 10 19.5 14.8 19 2.2 2.5 16.7 10.8 57 96 2.2 -3.2
"42" "42" 1990-01-31 27.08 "MIN" "" "SEA" "W" 28 1 29 0.676 0.667 0 18.8 9.7 5.2 1.8 0 0 20.2 141 86 14.8 5.2
"43" "43" 1990-02-02 27.09 "MIN" "" "BOS" "W" 11 1 36 0.689 0.7 2.9 13.7 7.8 4.2 0 0 0 13.1 151 120 11.8 -0.7
"44" "44" 1990-02-04 27.1 "MIN" "" "GSW" "L" -10 1 36 0.395 0.375 21.4 16.2 19.5 4.3 1.4 1.9 15.4 21.1 90 109 9.1 -4.8
"45" "45" 1990-02-06 27.1 "MIN" "@" "HOU" "L" -7 1 34 0.462 0.462 3.1 9.2 6.1 8.7 1.5 0 7.1 17.3 101 114 7.1 -3.3
"46" "46" 1990-02-08 27.11 "MIN" "@" "DAL" "L" -13 1 35 0.455 0.455 6.1 9.8 7.5 10.5 0 0 21.4 18.8 84 113 3.5 -5.7
"47" "47" 1990-02-13 27.12 "MIN" "@" "UTA" "L" -6 1 36 0.5 0.5 3.1 21.5 11.6 9.6 3 2 0 17.8 111 106 11.6 1.9
"48" "48" 1990-02-14 27.12 "MIN" "" "CHH" "W" 9 1 26 0.505 0.455 0 17.2 8.8 7.2 4.2 0 14.4 24.5 96 92 7 -1.3
"49" "49" 1990-02-16 27.13 "MIN" "" "IND" "W" 6 1 40 0.587 0.545 6.7 30.9 18.6 22.2 5.6 0 22.7 20.5 112 111 17.7 3.9
"50" "50" 1990-02-18 27.13 "MIN" "" "ATL" "W" 10 1 44 0.586 0.6 16.5 17.4 17 21.2 2.4 0 0 22.6 140 107 26.2 8.3
"51" "51" 1990-02-20 27.14 "MIN" "" "HOU" "W" 5 1 38 0.63 0.667 6.2 30.1 18.3 7.8 3.9 1.5 27.9 15.6 92 87 13 3
"52" "52" 1990-02-21 27.14 "MIN" "@" "NJN" "L" -2 1 27 0.19 0.143 4.1 8.1 6.1 4.9 5.9 0 11.3 15.1 52 102 1.3 -8.4
"53" "53" 1990-02-23 27.15 "MIN" "@" "SAS" "L" -10 1 23 0.444 0.444 5.6 10.4 8.1 7 2.1 0 0 17.2 100 108 5.5 -2.2
"54" "54" 1990-02-25 27.15 "MIN" "" "DAL" "L" -5 1 26 0.663 0.6 4.4 17.6 11 26.5 8.7 0 8.1 23 131 88 15.8 15
"55" "55" 1990-02-27 27.16 "MIN" "" "WSB" "W" 16 1 31 0.341 0.273 17.2 8.3 11.8 11.5 3.7 1.6 0 19.8 107 103 8.6 -2.8
"56" "56" 1990-03-02 27.17 "MIN" "@" "SEA" "L" -16 1 15 0.336 0.286 14.5 7.6 11.2 0 3.6 4 11.8 26 74 110 2.9 -5.7
"57" "57" 1990-03-04 27.17 "MIN" "@" "LAL" "L" -19 1 35 0.846 0.875 7.2 12.5 9.1 21.6 4.7 0 0 14.8 177 127 21 13.3
"58" "58" 1990-03-07 27.18 "MIN" "" "DEN" "L" -13 1 35 0.5 0.5 0 14.1 5.7 27.7 3 0 7.7 15.3 108 94 9.4 4
"59" "59" 1990-03-08 27.18 "MIN" "" "LAC" "W" 17 1 40 0.615 0.615 13.7 25.5 20.5 10.8 2.5 0 0 14.6 143 95 18.4 4.7
"60" "60" 1990-03-10 27.19 "MIN" "" "PHO" "L" -3 1 53 0.4 0.4 15.2 17.1 16.1 14.3 2.2 1.3 4.8 17.9 109 108 16.2 2.2
"61" "61" 1990-03-12 27.19 "MIN" "" "SAS" "L" -4 1 41 0.479 0.438 4.4 34.1 13.7 15.7 1.3 1.6 5.3 19 115 105 14.4 3.2
"62" "62" 1990-03-15 27.2 "MIN" "" "NYK" "W" 20 1 34 0.621 0.583 3.3 11.4 7.1 13.6 3.2 0 7.2 17.5 133 93 13.9 6.4
"63" "63" 1990-03-17 27.21 "MIN" "" "LAL" "L" -2 1 43 0.487 0.455 7.1 17.4 11.3 10 2.6 0 0 12.7 130 117 11.2 -0.2
"64" "64" 1990-03-18 27.21 "MIN" "@" "DEN" "L" -5 1 43 0.685 0.643 7.6 14.6 11.2 3.9 3.6 0 11.5 18 129 106 18.4 5.8
"65" "65" 1990-03-20 27.22 "MIN" "@" "GSW" "L" -4 1 40 0.535 0.533 18.9 13.3 16.2 8.5 1.3 3.3 11.2 19.7 110 112 14.9 -0.7
"66" "66" 1990-03-21 27.22 "MIN" "@" "SAC" "L" -6 1 40 0.476 0.476 15 17.8 16 20.9 6 0 8.7 26.8 112 106 18.3 8.3
"67" "67" 1990-03-23 27.22 "MIN" "@" "PHO" "L" -21 1 43 0.522 0.5 2.6 18 9.1 6.8 2.4 0 5.2 20 106 126 13.2 -3.3
"68" "68" 1990-03-25 27.23 "MIN" "@" "POR" "W" 5 1 34 0.72 0.692 8.1 3.9 6 20 1.6 0 6.7 20 149 122 17.4 8
"69" "69" 1990-03-26 27.23 "MIN" "@" "LAC" "L" -5 1 42 0.405 0.333 5.9 29.9 17.1 15.7 1.3 0 28.8 16 77 105 6.4 -5.7
"70" "70" 1990-03-28 27.24 "MIN" "" "SAC" "W" 5 1 42 0.32 0.294 10.9 6 8.6 15.1 5.5 0 0 21.5 95 102 10.7 -1.5
"71" "71" 1990-03-30 27.24 "MIN" "@" "DAL" "W" 2 1 47 0.45 0.444 7.9 19.1 12.9 8.2 9.7 0 5 20.6 102 84 18.7 7.8
"72" "72" 1990-03-31 27.25 "MIN" "@" "HOU" "L" -8 1 43 0.656 0.6 8.4 15.1 11.6 14.9 6.9 0 5.6 18.3 138 100 25.7 12.6
"73" "73" 1990-04-03 27.25 "MIN" "@" "SAS" "W" 2 1 48 0.571 0.571 5 18.2 11 10 4.5 1.5 16.8 17.4 101 96 15.8 3.7
"74" "74" 1990-04-06 27.26 "MIN" "@" "CHH" "L" -15 1 48 0.64 0.6 8.5 8.3 8.4 10.3 4.5 1.3 14.9 18.5 121 116 20.6 5.3
"75" "75" 1990-04-10 27.27 "MIN" "" "POR" "L" -12 1 39 0.463 0.357 9.5 14.7 11.8 12.4 4 0 11 20 104 110 12.6 0.4
"76" "76" 1990-04-12 27.28 "MIN" "@" "PHI" "L" -33 1 22 0.6 0.6 11.5 5.3 8.3 41.1 0 0 9.1 22.9 120 128 10.2 7.1
"77" "77" 1990-04-13 27.28 "MIN" "" "ORL" "W" 15 1 47 0.619 0.577 17 25 21.3 18.8 0 0 12.1 28.6 123 102 30.5 4.4
"78" "78" 1990-04-15 27.29 "MIN" "" "UTA" "L" -13 1 48 0.583 0.583 14 10.3 12.7 10.3 1.2 0 0 10.8 141 122 15.7 0.3
"79" "79" 1990-04-17 27.29 "MIN" "" "DEN" "L" -10 1 48 0.691 0.6 4.3 26.8 14.8 14.3 2.1 1.3 10 17.1 136 98 25.1 10.2
"80" "80" 1990-04-19 27.3 "MIN" "@" "LAL" "L" -24 1 48 0.503 0.474 10.4 25.9 16 17.9 7 0 13.1 22.2 104 118 21.2 3.4
"81" "81" 1990-04-20 27.3 "MIN" "@" "UTA" "L" -8 1 36 0.405 0.333 5.8 8.3 6.8 8.9 0 0 9.2 13.7 106 124 4.5 -5.8
"82" "82" 1990-04-22 27.31 "MIN" "@" "DEN" "L" -7 1 43 0.582 0.583 9.5 17.8 13.5 10.4 3.6 0 0 12.6 139 117 17.4 4
"1" "1" 1990-11-02 27.84 "MIN" "" "DAL" "W" 13 1 37 0.627 0.545 10.2 21 15.6 12.5 3.1 0 7.3 17.8 139 97 16.1 5.6
"2" "2" 1990-11-03 27.84 "MIN" "@" "MIL" "L" -18 1 32 0.466 0.417 0 21.4 8.8 15.3 0 2 23.7 22.3 81 119 4.8 -6.4
"3" "3" 1990-11-06 27.85 "MIN" "@" "IND" "L" -2 1 37 0.741 0.667 6.5 12.4 9.5 9.1 1.5 1.7 11.4 20.9 145 111 19.5 10.5
"4" "4" 1990-11-07 27.85 "MIN" "" "CHI" "L" -5 1 35 0.5 0.5 0 11.1 5.9 8.5 1.7 1.8 22.2 25.8 85 122 5.8 -5.1
"5" "5" 1990-11-09 27.86 "MIN" "" "CHH" "W" 29 1 39 0.563 0.5 6.2 29.4 18.6 11.9 4 5 18.4 24.1 105 74 18.3 5.5
"6" "6" 1990-11-11 27.86 "MIN" "" "ORL" "W" 27 1 40 0.51 0.4 0 20.5 10.8 16.3 1.3 3.7 5.4 19.9 121 88 15.7 2.8
"7" "7" 1990-11-13 27.87 "MIN" "@" "HOU" "L" -2 1 40 0.567 0.533 9 10.9 10 8.2 1.4 0 5.6 20.1 129 109 14 4.2
"8" "8" 1990-11-15 27.87 "MIN" "@" "DEN" "L" -13 1 47 0.533 0.421 10.6 19.9 14.4 13.3 4 2.1 18.2 21.5 109 110 22.1 3.6
"9" "9" 1990-11-18 27.88 "MIN" "" "UTA" "L" -9 1 47 0.604 0.579 2.5 24.3 9.9 19.1 2.4 6.2 4.8 21.2 128 112 22.2 7.3
"10" "10" 1990-11-20 27.89 "MIN" "@" "DAL" "W" 1 1 53 0.484 0.441 21.7 19.4 20.8 28.6 2.3 0 16.9 21.5 112 104 19.5 4.9
"11" "11" 1990-11-21 27.89 "MIN" "@" "SAS" "L" -14 1 32 0.488 0.5 11.8 26.3 18.1 15.8 3.3 0 18.4 21.4 100 117 12.1 1.4
"12" "12" 1990-11-25 27.9 "MIN" "" "HOU" "L" -16 1 38 0.613 0.667 0 11.5 4.7 16.6 2.7 0 0 19.1 123 112 16.8 4.6
"13" "13" 1990-11-27 27.91 "MIN" "@" "SAC" "W" 9 1 31 0.507 0.467 8.1 13.5 11.1 6.4 3.5 0 10.7 28 98 90 11 0.5
"14" "14" 1990-11-29 27.91 "MIN" "@" "POR" "L" -15 1 45 0.662 0.647 5.2 6.7 5.8 30.8 2.3 0 4.8 20.7 136 119 25.6 12.6
"15" "15" 1990-11-30 27.92 "MIN" "@" "UTA" "L" -17 1 39 0.397 0.267 13.1 14.3 13.7 21.9 1.4 1.6 22.1 25 85 112 9.5 -2.7
"16" "16" 1990-12-02 27.92 "MIN" "@" "LAC" "L" -25 1 41 0.476 0.429 0 23.4 10.5 0 3.7 1.5 16 20 83 104 8.8 -2.9
"17" "17" 1990-12-04 27.93 "MIN" "" "IND" "W" 2 1 31 0.575 0.6 4.3 11.6 8.1 0 1.9 0 8.7 18.3 108 100 7.8 -0.5
"18" "18" 1990-12-06 27.93 "MIN" "" "LAL" "L" -10 1 41 0.333 0.333 5.4 18.5 11.6 8.3 1.4 0 0 19.2 79 103 5.5 -4.9
"19" "19" 1990-12-11 27.95 "MIN" "" "LAC" "W" 6 1 38 0.419 0.25 3.3 7.2 5.6 16.7 2.6 0 20.5 20.9 92 99 5.4 -7
"20" "20" 1990-12-13 27.95 "MIN" "" "NYK" "L" -11 1 36 0.18 0.154 3 12.9 7 9.8 1.5 1.9 22.4 23.5 37 100 -4.2 -15.3
"21" "21" 1990-12-15 27.96 "MIN" "" "SAS" "L" -16 1 45 0.346 0.294 1.8 13.6 7 18 2.4 0 17.6 21.7 69 100 4 -7.3
"22" "22" 1990-12-18 27.96 "MIN" "@" "SAC" "L" -9 1 47 0.676 0.625 5.2 28.7 15.8 13.4 2.3 0 9.1 21.3 137 121 24.8 6.1
"23" "23" 1990-12-19 27.97 "MIN" "@" "PHO" "L" -16 1 37 0.356 0.278 2.7 10.8 6.2 12.3 1.4 0 0 25.1 85 119 7.9 -3.3
"24" "24" 1990-12-22 27.98 "MIN" "@" "GSW" "L" -13 1 40 0.517 0.364 7.5 25.3 17.1 6.5 0 0 6.4 17.4 124 126 11.1 -3.6
"25" "25" 1990-12-23 27.98 "MIN" "@" "LAL" "L" -24 1 31 0.358 0.333 5.7 12.9 8.6 19.2 3.2 0 5.6 23.2 88 120 8.4 -2.5
"26" "26" 1990-12-28 27.99 "MIN" "" "DET" "L" -12 1 43 0.53 0.5 5.9 31.9 16.9 12.4 3.8 1.5 20.9 23.9 98 104 14.8 2.9
"27" "27" 1990-12-30 28 "MIN" "" "SEA" "W" 20 1 36 0.639 0.545 9.8 8.3 9.1 29.3 2.7 1.7 26.2 19.6 120 107 18.2 6.5
"28" "28" 1991-01-02 28.01 "MIN" "" "DAL" "W" 20 1 41 0.36 0.308 5.4 28 17.1 29.8 2.3 1.5 22.4 18.3 86 90 12.1 -0.9
"29" "29" 1991-01-04 28.01 "MIN" "" "WSB" "L" -11 1 36 0.528 0.455 12.8 17.5 14.8 5 5.7 0 19.6 35.1 96 108 16.3 0.1
"30" "30" 1991-01-05 28.01 "MIN" "@" "ATL" "L" -5 1 50 0.466 0.4 9.6 14.5 11.8 15.9 2.1 1.3 9.4 27.8 102 116 20 0.5
"31" "31" 1991-01-07 28.02 "MIN" "" "PHO" "L" -13 1 46 0.433 0.35 2.1 16.6 9 24.8 3.1 1.1 4.2 21.5 102 114 18.3 3.2
"32" "32" 1991-01-09 28.02 "MIN" "@" "ORL" "W" 8 1 45 0.544 0.542 12.1 14.9 13.6 6.9 1.1 1.3 0 24.3 132 107 23.3 3.1
"33" "33" 1991-01-11 28.03 "MIN" "@" "MIA" "W" 1 1 44 0.58 0.533 0 22.4 12.1 20.3 4.5 1.3 24 24.9 102 106 17.2 0
"34" "34" 1991-01-15 28.04 "MIN" "" "POR" "L" -15 1 35 0.546 0.444 2.9 10.5 6.4 34.3 2.8 1.8 4.5 25.2 130 130 20.8 7.1
"35" "35" 1991-01-16 28.04 "MIN" "@" "NYK" "W" 4 1 48 0.458 0.458 5.9 20.5 12.6 12.5 2.2 1.4 11.1 23.5 96 93 14.9 -0.3
"36" "36" 1991-01-19 28.05 "MIN" "" "GSW" "W" 8 1 44 0.515 0.476 7.6 17.8 13 25.1 3.1 0 18.3 23.7 108 105 20.3 2.3
"37" "37" 1991-01-21 28.06 "MIN" "@" "DEN" "L" -5 1 35 0.347 0.238 6.9 8.2 7.5 14.8 2.7 0 10.9 28.6 88 114 7.9 -6
"38" "38" 1991-01-24 28.07 "MIN" "@" "HOU" "L" -24 1 37 0.42 0.3 3.2 11.8 7.6 11.1 4 0 18.7 19.5 81 119 7.6 -6
"39" "39" 1991-01-26 28.07 "MIN" "@" "SAS" "L" -7 1 32 0.47 0.429 5.6 14.6 9.5 14.5 0 0 16.8 22.7 94 117 7.5 -4.7
"40" "40" 1991-01-28 28.08 "MIN" "" "BOS" "L" -21 1 39 0.353 0.318 10.1 25.2 16 40.4 5.2 1.5 13.6 29.9 81 103 14 3
"41" "41" 1991-01-30 28.08 "MIN" "" "SAC" "W" 9 1 44 0.588 0.526 6.4 14.7 10.8 16.7 4 1.5 8 27.8 119 100 23.1 6.3
"42" "42" 1991-02-02 28.09 "MIN" "@" "CLE" "L" -3 1 49 0.626 0.5 0 20.3 9.4 15.3 1.1 0 4.8 20.3 133 118 20.3 0.9
"43" "43" 1991-02-03 28.09 "MIN" "" "PHI" "W" 8 1 44 0.477 0.444 6.9 23.1 15 15.3 3.7 0 20.9 23.4 91 89 14.1 1.7
"44" "44" 1991-02-05 28.1 "MIN" "" "UTA" "W" 1 1 40 0.48 0.412 5.7 15.4 10.4 25.2 0 1.6 24.2 26.7 89 111 9.5 -4.9
"45" "45" 1991-02-07 28.1 "MIN" "@" "ORL" "L" -5 1 31 0.439 0.333 9.4 7.9 8.6 9.6 3.4 2 24.2 24 82 117 4.8 -7.9
"46" "46" 1991-02-12 28.12 "MIN" "@" "GSW" "L" -21 1 39 0.597 0.545 24.6 16.6 21.2 15.2 4.7 0 18.8 29.4 116 116 27.4 10
"47" "47" 1991-02-13 28.12 "MIN" "@" "LAL" "L" -14 1 41 0.353 0.353 2.4 6.2 4 15.8 8.6 0 15 19.6 81 115 9.7 -2
"48" "48" 1991-02-15 28.13 "MIN" "@" "LAC" "L" -17 1 31 0.534 0.474 15.2 15.9 15.5 5.7 3.1 0 4.1 28.9 128 122 20 8.1
"49" "49" 1991-02-16 28.13 "MIN" "@" "UTA" "L" -8 1 40 0.644 0.625 6.2 13.8 9.2 4.8 1.4 0 9.7 24.8 125 135 16.4 0.2
"50" "50" 1991-02-18 28.13 "MIN" "" "DEN" "W" 14 1 34 0.607 0.533 14.4 14.1 14.3 30.8 1.4 0 20.9 26.4 118 115 19.5 0.8
"51" "51" 1991-02-20 28.14 "MIN" "" "GSW" "L" -3 1 27 0.253 0.182 8.1 0 4.2 39 1.9 0 7.8 20.4 89 121 4.5 -3.9
"52" "52" 1991-02-22 28.15 "MIN" "" "ORL" "L" -2 1 41 0.627 0.556 6.9 11.4 8.9 37.2 2.6 7.5 8.5 23.9 136 110 30.3 17.2
"53" "53" 1991-02-24 28.15 "MIN" "" "HOU" "L" -9 1 43 0.376 0.313 4.1 11.2 7.1 23.6 2.5 0 5.1 18.8 95 111 9.8 -2.8
"54" "54" 1991-02-26 28.16 "MIN" "" "DAL" "W" 6 1 48 0.647 0.55 8.3 19 14.1 20.7 2.2 0 11.1 25.4 133 101 28.3 8.9
"55" "55" 1991-02-27 28.16 "MIN" "@" "BOS" "L" -5 1 29 0.455 0.455 0 4.7 2.1 9.3 0 2.2 8.3 18.4 102 136 4.5 -7.8
"56" "56" 1991-03-02 28.17 "MIN" "" "LAC" "L" -2 1 46 0.677 0.667 5.4 24.1 14.7 24 1.2 2.9 7.8 26.4 133 112 29.5 8.9
"57" "57" 1991-03-05 28.18 "MIN" "" "LAL" "W" 9 1 44 0.508 0.45 5.5 14.7 9.9 25.3 3.7 1.6 20.9 30 95 91 16.5 4.5
"58" "58" 1991-03-07 28.18 "MIN" "" "SEA" "L" -5 1 39 0.426 0.412 14.7 14.5 14.6 22 6.1 0 17.6 27.8 90 105 11.6 -0.5
"59" "59" 1991-03-10 28.19 "MIN" "" "PHO" "L" -14 1 43 0.545 0.545 0 3.6 1.5 24 2.4 0 12 25.3 104 132 16.8 -0.2
"60" "60" 1991-03-12 28.19 "MIN" "@" "CHI" "L" -32 1 34 0.504 0.467 7.1 14.9 10.9 4.4 0 0 15.9 24.9 97 147 7.4 -10.6
"61" "61" 1991-03-14 28.2 "MIN" "@" "DEN" "L" -7 1 41 0.506 0.444 5.4 11.3 8.6 22 1.2 0 4.8 21.4 116 117 16.6 -0.2
"62" "62" 1991-03-15 28.2 "MIN" "@" "SEA" "W" 4 1 46 0.623 0.588 3.3 20.7 12.5 4.4 7.5 4.2 9.1 25.2 117 90 23.9 10.4
"63" "63" 1991-03-17 28.21 "MIN" "" "MIA" "W" 3 1 39 0.463 0.455 5.2 3 4.2 23.9 5.5 1.7 7.8 14.5 111 97 14.1 5.9
"64" "64" 1991-03-19 28.21 "MIN" "" "HOU" "L" -13 1 42 0.281 0.25 8.8 12.4 10.5 14 2.5 0 24.3 15.7 67 107 3.3 -8.3
"65" "65" 1991-03-20 28.22 "MIN" "@" "NJN" "L" -7 1 37 0.531 0.5 0 0 0 0 4.4 1.6 21.7 34.1 87 122 9.8 -4.8
"66" "66" 1991-03-22 28.22 "MIN" "" "CLE" "W" 5 1 36 0.587 0.588 6.3 22.2 13.7 19.3 1.5 1.7 0 22.1 135 113 18.8 5.1
"67" "67" 1991-03-23 28.22 "MIN" "@" "UTA" "L" -6 1 43 0.476 0.429 0 18.6 8.5 11.1 1.4 0 11.3 21 96 118 8.6 -4.9
"68" "68" 1991-03-26 28.23 "MIN" "@" "PHO" "L" -22 1 42 0.34 0.263 4.2 25.4 13.9 14.2 3.4 1.3 4.3 21.5 83 108 12 0.3
"69" "69" 1991-03-29 28.24 "MIN" "@" "SEA" "L" -10 1 44 0.469 0.412 2.8 8.1 5 9.3 2.5 0 9.4 22.5 100 134 10.3 -6.5
"70" "70" 1991-03-30 28.24 "MIN" "@" "POR" "L" -30 1 29 0.276 0.2 0 10.3 4.6 13.5 1.7 0 8.4 17.5 67 124 1.3 -9.7
"71" "71" 1991-04-02 28.25 "MIN" "" "POR" "L" -11 1 30 0.574 0.5 3.3 16.8 9.3 12.3 1.7 2.1 15 19.5 107 111 9.8 2
"72" "72" 1991-04-04 28.26 "MIN" "" "DEN" "W" 12 1 34 0.686 0.6 13.1 10.6 11.9 16.7 0 0 13.7 24.2 137 119 21.7 2.3
"73" "73" 1991-04-05 28.26 "MIN" "@" "DET" "L" -19 1 32 0.4 0.4 3.3 22.1 11.4 25 1.7 0 9.1 16.3 91 114 7.9 0.2
"74" "74" 1991-04-07 28.27 "MIN" "" "SAS" "L" -5 1 35 0.353 0.353 2.7 17.1 9.1 19.8 2.9 0 10.5 23.8 73 99 6.7 -4.5
"75" "75" 1991-04-09 28.27 "MIN" "" "NJN" "W" 20 1 28 0.484 0.462 3.7 14 9 19.8 3.5 1.9 13 21.3 105 90 10.9 1.4
"76" "76" 1991-04-11 28.28 "MIN" "" "ATL" "W" 14 1 29 0.5 0.5 4.6 13.4 9.1 23.6 1.8 0 14.3 21.7 104 109 9.3 -1.9
"77" "77" 1991-04-12 28.28 "MIN" "@" "CHH" "L" -1 1 48 0.462 0.368 2.4 17.3 8.5 18 4.8 1.5 4.4 22.6 107 103 18.1 3.9
"78" "78" 1991-04-14 28.28 "MIN" "@" "PHI" "W" 8 1 28 0.338 0.25 0 12.2 5.8 16.3 0 0 10.1 15.4 82 103 2 -8
"79" "79" 1991-04-15 28.29 "MIN" "" "SAC" "W" 18 1 33 0.489 0.474 18.6 17.3 18 25.2 3.4 4.3 9.3 26.4 124 102 18.7 8.7
"80" "80" 1991-04-17 28.29 "MIN" "@" "DAL" "L" -2 1 39 0.461 0.444 4.6 23.1 11.4 25.3 3 2 0 20.4 127 118 16.1 6.4
"81" "81" 1991-04-19 28.3 "MIN" "" "MIL" "W" 18 1 36 0.617 0.632 16.7 3.3 10 13.8 2.8 0 0 22.5 138 98 21.8 9.8
"82" "82" 1991-04-21 28.3 "MIN" "@" "WSB" "W" 2 1 48 0.378 0.333 0 21.9 9.2 15.6 2.2 1.3 11.2 16.7 83 94 8.6 -4
"1" "1" 1991-11-01 28.84 "MIN" "" "UTA" "L" -15 1 28 0.465 0.333 0 11.1 4.5 14.8 1.8 2.5 15.7 19.2 95 117 6.1 -3.1
"2" "2" 1991-11-06 28.85 "MIN" "" "DAL" "L" -3 1 27 0.403 0.273 8.7 6.3 7.7 6 0 2.7 0 22.5 106 118 6.4 -5.6
"3" "3" 1991-11-07 28.85 "MIN" "@" "DEN" "L" -11 1 32 0.407 0.385 6.1 22.8 14.2 0 3.3 2.1 11.9 22.6 81 87 6.3 -1.1
"4" "4" 1991-11-09 28.86 "MIN" "@" "SAC" "W" 4 1 36 0.44 0.385 0 15.9 7.2 9.8 2.9 0 21.3 23.5 75 88 4.4 -7.2
"5" "5" 1991-11-10 28.86 "MIN" "@" "LAL" "L" -10 1 34 0.454 0.385 8.5 20.2 13.3 19.5 0 0 17.3 22.5 96 114 8.9 -2.2
"6" "6" 1991-11-13 28.87 "MIN" "" "WSB" "L" -5 1 38 0.615 0.5 7 14.2 10.5 19.1 0 0 19 21.4 117 113 15.5 -0.5
"7" "7" 1991-11-15 28.87 "MIN" "" "POR" "L" -5 1 29 0.45 0.417 21.6 14.7 18.2 30.3 3.5 0 7 20.8 119 109 14.2 6
"8" "8" 1991-11-17 28.88 "MIN" "" "SEA" "L" -10 1 30 0.327 0.25 7 5 6.2 5.1 3.4 0 22.5 26 62 106 1 -11.4
"9" "9" 1991-11-20 28.89 "MIN" "@" "SAS" "L" -7 0 32 0.656 0.571 6.5 11.3 8.7 25 0 3.8 5.4 23.9 140 117 21 9.2
"10" "10" 1991-11-21 28.89 "MIN" "@" "HOU" "L" -4 0 30 0.46 0.389 10 4.2 7.4 5 5.1 0 12.7 32.5 97 110 11.5 -1.7
"11" "11" 1991-11-23 28.9 "MIN" "" "HOU" "W" 13 0 28 0.508 0.462 4.5 39.9 23.3 32.4 0 2.2 11.9 26.3 111 92 13.7 5.5
"12" "12" 1991-11-27 28.91 "UTA" "" "CHH" "W" 6 0 26 0.46 0.4 17.8 23.9 20.9 4.9 0 0 0 16.4 120 104 10.5 -1.1
"13" "13" 1991-11-29 28.91 "UTA" "" "GSW" "W" 27 0 26 0.638 0.583 19.8 7.5 12 4.1 1.8 0 0 21.8 147 106 14.2 0
"14" "14" 1991-11-30 28.92 "UTA" "@" "PHO" "L" -9 0 12 0.5 0.5 0 0 0 31.9 0 0 50 14.5 75 127 -0.9 -9.8
"15" "15" 1991-12-03 28.92 "UTA" "@" "GSW" "L" -5 0 24 0.565 0.25 10 7.7 8.7 0 0 0 0 11.1 137 118 5.8 -3.2
"16" "16" 1991-12-04 28.93 "UTA" "" "WSB" "W" 27 0 24 0.644 0.625 16.3 14 15.1 6.1 6.2 0 17.7 19.3 117 71 13.7 9.9
"17" "17" 1991-12-06 28.93 "UTA" "@" "SAS" "W" 1 0 19 1 1 0 20.6 12.5 16.6 2.7 0 25 9.9 143 93 7.3 9.3
"18" "18" 1991-12-07 28.93 "UTA" "@" "HOU" "W" 5 0 30 0.639 0.429 5 13.6 10.1 0 0 0 8.4 19.8 126 106 8.8 -3.5
"19" "19" 1991-12-10 28.94 "UTA" "" "ORL" "W" 19 0 25 0.604 0.556 9.8 18.8 14.9 0 0 0 0 18.5 133 103 10 -3.3
"20" "20" 1991-12-11 28.95 "UTA" "@" "LAL" "W" 6 0 28 0.625 0.625 5.9 22 15.1 5.8 0 2.5 0 13.9 137 111 8.4 0.9
"21" "21" 1991-12-13 28.95 "UTA" "@" "LAC" "L" -1 0 35 0.635 0.571 3.9 13.2 8.9 8.7 3.1 0 20.2 12.7 112 102 8 1.1
"22" "22" 1991-12-14 28.95 "UTA" "" "DET" "W" 2 0 28 0.765 0.8 10.7 8.4 9.4 0 0 0 0 10.1 160 116 7.9 1.8
"23" "23" 1991-12-17 28.96 "UTA" "@" "CHH" "W" 20 0 25 0.335 0.3 13.1 11.5 12.3 9.3 5.7 0 8.7 18.8 93 95 7.2 -1.6
"24" "24" 1991-12-18 28.96 "UTA" "@" "PHI" "W" 2 0 31 0.922 0.875 0 20.9 10.2 19.9 3.4 0 9.3 15.9 169 111 19.3 11.9
"25" "25" 1991-12-20 28.97 "UTA" "@" "BOS" "L" -11 0 22 0.5 0.5 5 26.6 15.4 11 0 0 33.3 5.9 95 119 2.8 -4.6
"26" "26" 1991-12-21 28.97 "UTA" "@" "NYK" "L" -9 0 27 0.286 0.286 6.8 15.1 10.8 5 1.9 0 22.2 14.4 61 110 1 -8.7
"27" "27" 1991-12-23 28.98 "UTA" "@" "CLE" "L" -1 0 19 0.333 0.333 0 17.6 9.2 0 0 3.5 40 12 38 123 -0.9 -13
"28" "28" 1991-12-26 28.99 "UTA" "" "LAC" "W" 8 0 29 0.648 0.667 11 10.1 10.6 6.3 5 0 0 22.2 138 109 19.4 10.5
"29" "29" 1991-12-28 28.99 "UTA" "" "MIA" "W" 25 0 26 0.47 0.429 8.8 15.8 12 8.3 1.8 0 0 11.3 132 104 7.6 0.5
"30" "30" 1992-01-02 29.01 "UTA" "" "POR" "W" 4 0 29 0.483 0.333 16.1 14.4 15.2 20.4 0 0 6.1 24.6 127 119 12.4 0.8
"31" "31" 1992-01-04 29.01 "UTA" "" "DAL" "W" 35 0 27 0.571 0.571 18.2 16.5 17.2 17 1.9 2.3 22.2 14.2 117 81 11.1 6.3
"32" "32" 1992-01-06 29.02 "UTA" "" "IND" "W" 16 0 26 0.5 0.5 13.2 5.4 9.7 9.1 3.6 0 16.7 17.7 107 106 7.6 -1.3
"33" "33" 1992-01-08 29.02 "UTA" "@" "MIL" "L" -1 0 32 0.533 0.5 7.5 11.3 9.4 8.6 1.5 0 19.2 13.7 98 99 7.3 0.1
"34" "34" 1992-01-10 29.03 "UTA" "@" "CHI" "L" -15 0 30 0.511 0.444 8 16 12 18.8 1.8 0 0 15.6 134 118 10.4 5.2
"35" "35" 1992-01-11 29.03 "UTA" "@" "MIN" "L" -5 0 26 0.254 0.25 18.1 43.2 30.1 17.6 0 0 12.7 24.4 69 98 3.1 -9.9
"36" "36" 1992-01-14 29.04 "UTA" "" "MIN" "W" 6 0 27 0.773 0.667 15.2 14 14.6 0 0 0 0 12.9 174 122 10.8 0.8
"37" "37" 1992-01-16 29.04 "UTA" "" "ATL" "W" 5 0 32 0.658 0.667 7.3 25.5 17 3.8 1.5 4 16.8 16 113 108 12.4 0.4
"38" "38" 1992-01-18 29.05 "UTA" "" "HOU" "W" 28 0 31 0.6 0.6 11.3 16 14.1 4.3 1.6 2 37.5 11 88 85 6.2 -0.7
"39" "39" 1992-01-22 29.06 "UTA" "" "SAS" "W" 2 0 25 0.717 0.75 3.8 16.7 9.9 6.1 6 0 0 8.4 149 94 9.4 5.5
"40" "40" 1992-01-23 29.06 "UTA" "@" "DEN" "L" -4 0 32 0.556 0.556 10.2 13.6 11.9 12.7 3.1 1.8 10 12.7 128 116 11.6 3.2
"41" "41" 1992-01-25 29.07 "UTA" "@" "SEA" "W" 1 0 29 0.644 0.667 8.5 14.2 11.2 0 0 0 43.6 11.2 81 117 1.8 -9.4
"42" "42" 1992-01-27 29.07 "UTA" "" "NYK" "L" -17 0 23 0.515 0.333 4.4 11.6 7.5 31 0 0 0 7.8 135 112 6 3
"43" "43" 1992-01-29 29.08 "UTA" "" "SAC" "W" 19 0 13 1.064 1 0 15.1 8.4 0 3.5 0 0 5.7 228 98 3.7 1
"44" "44" 1992-01-31 29.08 "UTA" "" "PHO" "W" 1 0 32 0.2 0.2 0 15.1 7.6 0 3.1 0 28.6 9.4 31 106 -1.5 -7.5
"45" "45" 1992-02-01 29.09 "UTA" "@" "DAL" "W" 14 0 22 0 0 10.4 24.2 17.6 20.3 5 0 33.3 6.2 85 94 4.9 2.3
"46" "46" 1992-02-03 29.09 "UTA" "" "CHI" "W" 3 0 26 0.338 0.25 4.6 7.5 6.2 6.9 0 0 0 15.5 86 110 2.4 -5.6
"47" "47" 1992-02-05 29.1 "UTA" "@" "SAC" "L" -2 1 41 0.475 0.471 10.5 16 12.9 11.9 0 0 0 18 121 116 14.1 1.1
"48" "48" 1992-02-11 29.12 "UTA" "" "CLE" "W" 2 0 30 0.466 0.417 13.1 7.8 10.7 0 0 0 0 17.4 123 125 7.8 -4.6
"49" "49" 1992-02-13 29.12 "UTA" "" "LAL" "W" 6 0 28 0.4 0.4 4.2 14 9.5 4.9 0 0 0 16.1 96 109 4.4 -7.1
"50" "50" 1992-02-15 29.13 "UTA" "" "DEN" "W" 13 0 26 0.592 0.4 3.7 11.8 7.6 5.5 0 0 22.8 13.5 110 106 5.2 -3.9
"51" "51" 1992-02-17 29.13 "UTA" "" "BOS" "W" 5 0 31 0.579 0.333 12.1 27.9 19.9 16.6 3.4 0 0 12.3 147 86 15.8 11.3
"52" "52" 1992-02-19 29.14 "UTA" "" "DAL" "W" 22 0 31 0.773 0.667 4.7 12.2 8.7 4.3 5.1 0 0 11.2 171 102 13.5 6.2
"53" "53" 1992-02-21 29.14 "UTA" "" "HOU" "W" 27 0 26 0.429 0.429 6.2 14.2 11.3 8.9 3.8 0 12.5 13.2 99 96 6.2 -0.5
"54" "54" 1992-02-24 29.15 "UTA" "@" "POR" "L" -3 0 27 0.6 0.6 5.2 10.8 8 9.4 7.6 2.7 28.6 11.4 97 106 7.9 5.9
"55" "55" 1992-02-25 29.15 "UTA" "@" "LAC" "W" 5 0 27 0.387 0.167 10.5 9.1 9.7 5 3.9 0 11.4 14.9 97 112 5.5 -4.5
"56" "56" 1992-02-27 29.16 "UTA" "" "SEA" "L" -6 0 21 0.727 0.667 11.5 18 14.7 7 0 0 0 14.2 161 127 8.4 0.3
"57" "57" 1992-03-01 29.17 "UTA" "@" "PHO" "L" -5 0 17 0.776 0.833 0 7.8 3.9 0 0 0 13.4 18.9 116 126 6.7 2.5
"58" "58" 1992-03-03 29.17 "UTA" "@" "GSW" "W" 22 0 31 0.286 0.286 0 34.4 19.4 10.1 1.5 0 12.5 10.5 81 98 4.2 -2.3
"59" "59" 1992-03-04 29.18 "UTA" "" "SAS" "W" 9 0 29 0.4 0.4 4.6 5.9 5.4 0 1.9 0 16.7 10.4 76 111 1.4 -6.5
"60" "60" 1992-03-06 29.18 "UTA" "" "NJN" "W" 21 0 21 0.5 0.5 6 21.6 15.1 11.6 0 0 0 7.9 132 98 4.4 -2.4
"61" "61" 1992-03-08 29.19 "UTA" "@" "DEN" "W" 24 0 28 0.202 0.111 8.2 15.6 12 4.1 1.8 2.1 0 14.6 77 95 2.3 -7.7
"62" "62" 1992-03-12 29.2 "UTA" "@" "SAC" "W" 11 0 31 0.415 0.375 18 14.1 16 17 0 2 19.2 13.8 103 105 8 -0.7
"63" "63" 1992-03-14 29.2 "UTA" "@" "SAS" "L" -7 0 29 0.571 0.429 5.5 9.5 7.6 4.9 1.8 2.3 18.6 17.6 104 123 7.6 -1.5
"64" "64" 1992-03-15 29.21 "UTA" "@" "HOU" "L" -9 0 21 0 0 0 6.5 2.8 0 2.4 0 25 8 0 115 -2.6 -12.3
"65" "65" 1992-03-19 29.22 "UTA" "" "DEN" "W" 15 0 30 0.68 0.6 7.6 10.9 9.3 13.6 0 0 25.4 10.9 119 109 7.3 -2.2
"66" "66" 1992-03-21 29.22 "UTA" "" "POR" "W" 18 0 30 0.558 0.444 27.2 11.6 18.8 11.6 1.7 2.1 0 17.2 143 85 16.6 11.1
"67" "67" 1992-03-25 29.23 "UTA" "" "PHI" "W" 6 0 34 1.017 1 7.6 12 10.1 0 1.5 0 0 14.9 208 104 20.7 9.4
"68" "68" 1992-03-27 29.24 "UTA" "" "LAL" "L" -11 0 31 0.667 0.667 15.9 11.9 13.9 18.9 0 0 33.3 13.7 107 128 8.1 0
"69" "69" 1992-03-30 29.25 "UTA" "" "MIL" "W" 20 0 22 0.5 0.5 11.5 9.9 10.6 9.5 2.4 0 0 3.9 159 113 5 2.2
"70" "70" 1992-03-31 29.25 "UTA" "@" "SEA" "L" -19 0 30 0.571 0.571 4.3 16 10.4 9.2 0 0 12.5 11.6 116 131 6.2 -2.8
"71" "71" 1992-04-02 29.25 "UTA" "@" "POR" "L" -32 0 25 0.67 0.556 0 30 13 8.6 2 0 15.2 23.4 117 120 11.1 4.5
"72" "72" 1992-04-03 29.26 "UTA" "" "PHO" "W" 19 0 30 0.5 0.5 7.4 19.5 13.3 4.3 0 2.3 33.3 12.8 80 101 3.5 -3.3
"73" "73" 1992-04-05 29.26 "UTA" "@" "MIN" "L" -2 0 29 0.25 0.25 9.5 11.8 10.9 14.5 0 0 20 8 83 107 2.5 -6.9
"74" "74" 1992-04-07 29.27 "UTA" "@" "DEN" "W" 23 0 30 0.69 0.636 11.2 12.8 12 8.7 4.8 1.8 14 19.1 134 98 18.1 8.2
"75" "75" 1992-04-09 29.27 "UTA" "" "DAL" "W" 23 0 23 0.717 0.75 9.9 13.9 12 14.2 4.2 0 0 17.7 151 88 15.7 13
"76" "76" 1992-04-11 29.28 "UTA" "@" "LAL" "W" 3 0 32 0.691 0.615 8.1 8.1 8.1 0 6.5 0 6.2 23 134 91 18.9 10.5
"77" "77" 1992-04-13 29.28 "UTA" "" "GSW" "W" 39 0 24 0.764 0.6 10.3 10.3 10.3 5 0 0 0 12.5 181 108 10.1 3.5
"78" "78" 1992-04-15 29.29 "UTA" "" "HOU" "W" 32 0 25 0.67 0.556 5.1 28.1 17 0 1.9 0 26.3 24.9 101 95 9 -3.8
"79" "79" 1992-04-17 29.3 "UTA" "" "MIN" "W" 14 0 23 0.615 0.5 11.3 4.4 7.5 6 2.1 0 9.3 19.6 129 113 10.4 -0.1
"80" "80" 1992-04-19 29.3 "UTA" "@" "SAS" "W" 11 0 32 0.615 0.5 9.7 26.7 19.7 4.5 5 0 9.3 15.5 128 90 13.3 5.9
"1" "1" 1992-11-06 29.85 "UTA" "" "GSW" "L" -15 1 37 0.556 0.556 6.7 7.2 6.9 14.6 2.6 0 0 10.2 135 130 11.3 1.8
"2" "2" 1992-11-07 29.85 "UTA" "@" "DAL" "W" 16 1 26 0.833 0.833 0 11.1 6.4 29.1 5.1 0 25 12.6 126 91 12.4 11.1
"3" "3" 1992-11-10 29.86 "UTA" "@" "DEN" "W" 9 1 32 0.533 0.4 3.6 20.8 11.5 8.3 4.5 0 14.1 18.6 107 105 10.6 1.2
"4" "4" 1992-11-12 29.87 "UTA" "" "PHO" "L" -11 1 28 0.106 0.111 26.2 3.7 16.3 0 6.6 0 9.6 14.4 58 93 4.1 -3.1
"5" "5" 1992-11-14 29.87 "UTA" "" "LAC" "W" 20 1 33 0.911 0.889 4.3 19.2 13.4 8.7 2.9 5.3 16.8 14.8 147 96 20 13
"6" "6" 1992-11-17 29.88 "UTA" "@" "NJN" "W" 11 1 35 0.635 0.571 0 15.2 8.7 9.4 4 0 16 22.8 107 89 14.6 4.6
"7" "7" 1992-11-18 29.88 "UTA" "@" "BOS" "W" 1 1 33 0.761 0.857 9.7 19.4 14.5 23 4.7 0 27.6 15.2 111 91 13.8 8.6
"8" "8" 1992-11-20 29.89 "UTA" "@" "IND" "W" 2 1 17 0.68 0.6 4.8 11.1 7.7 41 2.9 0 0 13.6 158 100 9.2 10.7
"9" "9" 1992-11-21 29.89 "UTA" "@" "WSB" "L" -17 1 21 0.571 0.571 5.7 14.9 10.6 0 2.2 0 11.3 17 105 118 4.9 -6
"10" "10" 1992-11-25 29.9 "UTA" "" "SAS" "L" -26 1 27 0.5 0.5 10.1 19.2 13.8 24.9 1.8 2.5 14.3 10.8 116 126 9.3 2.7
"11" "11" 1992-11-27 29.91 "UTA" "" "NJN" "L" -2 1 30 0.5 0.5 10 11 10.7 4.8 0 1.6 14.3 19.8 95 115 7.2 -4.9
"12" "12" 1992-11-28 29.91 "UTA" "@" "HOU" "W" 9 1 28 0.375 0.375 11.4 27.1 20.2 14.3 5.2 0 11.1 14.4 92 91 8.1 3.8
"13" "13" 1992-12-01 29.92 "UTA" "" "DAL" "W" 15 1 29 0.512 0.375 10.3 23.6 16.6 15.5 1.6 0 0 13.5 136 102 11 0.5
"14" "14" 1992-12-03 29.93 "UTA" "" "MIN" "W" 19 1 34 0.6 0.6 14.9 20.2 17.8 4.3 0 0 33.3 19 87 95 6.4 -7.5
"15" "15" 1992-12-05 29.93 "UTA" "" "DEN" "W" 30 1 35 0.666 0.692 6.7 12.2 9.6 4.6 4.1 0 0 18.9 145 87 20 10.1
"16" "16" 1992-12-08 29.94 "UTA" "@" "SAS" "L" -18 1 36 0.65 0.5 11.6 3.1 7.5 4.4 4.1 0 7.1 16.6 138 122 16.6 5.4
"17" "17" 1992-12-10 29.95 "UTA" "" "WSB" "W" 16 1 38 0.382 0.353 18.4 18.5 18.5 9.4 2.6 3.2 5.2 20.8 105 96 14.5 -0.4
"18" "18" 1992-12-12 29.95 "UTA" "" "MIL" "W" 26 0 32 0.651 0.667 4.5 12 9 8.6 1.6 2 15.7 17.2 116 89 10.3 1.5
"19" "19" 1992-12-16 29.96 "UTA" "@" "CHH" "W" 2 1 31 0.362 0.333 2.9 13.8 7.9 4.6 0 1.9 0 16.6 89 99 4.3 -3.8
"20" "20" 1992-12-18 29.97 "UTA" "@" "PHI" "W" 14 1 29 0.615 0.5 4.5 20.3 13.5 8.2 0 0 0 15 135 102 11.5 -1.1
"21" "21" 1992-12-19 29.97 "UTA" "@" "CLE" "L" -17 1 32 0.432 0.385 7.1 17.1 11.7 8.2 1.7 0 0 18.3 122 134 8.3 -4
"22" "22" 1992-12-22 29.98 "UTA" "@" "ORL" "L" -3 1 29 0.512 0.5 6.9 23.6 14 0 1.7 0 29.1 10.2 81 103 2.1 -9.1
"23" "23" 1992-12-23 29.98 "UTA" "@" "MIA" "W" 6 1 36 0.46 0.4 10.3 7.4 8.6 22.5 0 0 15.5 16.4 104 105 8.7 -0.9
"24" "24" 1992-12-26 29.99 "UTA" "" "BOS" "W" 16 1 30 0.489 0.429 10.2 21.3 16.4 9.6 1.5 2 24.6 15.7 91 85 7.9 -1.3
"25" "25" 1992-12-28 29.99 "UTA" "" "MIN" "W" 19 1 24 0.625 0.625 6.9 12.5 9.8 5 2.1 3.4 20 18.8 98 100 7.3 -2.7
"26" "26" 1992-12-30 30 "UTA" "" "PHI" "W" 9 1 33 0.54 0.538 15.2 15.8 15.5 3.5 1.4 0 12.6 18.6 113 108 11.8 -2.7
"27" "27" 1993-01-02 30.01 "UTA" "@" "POR" "W" 8 1 28 0.7 0.7 8.2 6.5 7.2 17.1 1.8 0 16.7 18.9 118 107 11.3 3.7
"28" "28" 1993-01-05 30.01 "UTA" "" "SAS" "W" 26 1 24 0.727 0.667 12.9 15.1 14.3 0 2.2 0 0 12.6 165 92 9.8 4.5
"29" "29" 1993-01-07 30.02 "UTA" "@" "SAS" "L" -10 1 33 0.75 0.75 9.1 3.6 6.6 4.5 0 0 11.1 11.9 137 118 9.7 -1.8
"30" "30" 1993-01-09 30.02 "UTA" "@" "DAL" "W" 24 1 34 0.542 0.462 11.4 18.5 15.8 8.4 2.7 1.6 0 17.3 139 95 17.5 4
"31" "31" 1993-01-10 30.03 "UTA" "@" "HOU" "L" -7 1 32 0.5 0.5 3.7 8.6 5.9 5.4 1.7 0 0 18.1 103 115 7.4 -2.7
"32" "32" 1993-01-12 30.03 "UTA" "" "MIA" "W" 3 1 42 0.761 0.714 10.4 5.3 7.5 4.9 1.3 0 16 20.7 129 113 17.2 2
"33" "33" 1993-01-14 30.04 "UTA" "" "SEA" "W" 7 1 38 0.615 0.5 0 30.2 16.9 13 6.8 1.6 29.1 12.3 96 80 12.9 7.5
"34" "34" 1993-01-16 30.04 "UTA" "" "SAC" "W" 1 1 39 0.537 0.467 17.2 14.5 16.1 12.2 5.2 0 5.6 18.6 128 106 19.5 5.4
"35" "35" 1993-01-18 30.05 "UTA" "@" "SEA" "L" -10 1 37 0.689 0.667 0 10.2 5.4 16.6 2.7 0 17.5 14.3 118 110 11.2 3.8
"36" "36" 1993-01-20 30.05 "UTA" "@" "GSW" "L" -7 1 42 0.6 0.6 13.3 14.3 13.7 3.4 4.9 0 21.1 19.7 105 122 14.9 -0.5
"37" "37" 1993-01-22 30.06 "UTA" "" "LAL" "W" 4 1 33 0.34 0.4 10.4 22.1 16.5 4.1 0 0 33.8 11.9 62 105 0.4 -10.7
"38" "38" 1993-01-24 30.07 "UTA" "" "POR" "L" -11 1 36 0.365 0.273 16.3 7.2 12 0 4.1 1.7 7.5 15.6 101 123 8.1 -2.6
"39" "39" 1993-01-26 30.07 "UTA" "" "CLE" "W" 17 1 33 0.6 0.6 4.4 19 12.9 7.6 0 0 0 13.3 130 102 10.1 0.5
"40" "40" 1993-01-27 30.07 "UTA" "@" "LAC" "L" -10 1 31 0.676 0.625 7.4 11.1 9.2 14.4 1.7 0 18.4 15.7 120 115 10.6 0.9
"41" "41" 1993-01-30 30.08 "UTA" "" "LAC" "W" 8 1 32 0.364 0.364 7.5 12.5 10.2 4.7 1.5 1.9 0 14.1 98 108 6.5 -3.5
"42" "42" 1993-02-01 30.09 "UTA" "" "CHI" "L" -4 1 36 0.557 0.556 7.4 7.8 7.7 9.8 4.5 1.6 23.3 17.4 91 104 9.5 1.5
"43" "43" 1993-02-03 30.09 "UTA" "" "DEN" "W" 4 1 35 0.557 0.556 7.4 11.7 9.8 25.3 2.9 1.8 0 12.5 134 98 13.9 9.2
"44" "44" 1993-02-04 30.1 "UTA" "@" "LAL" "L" -4 1 37 0.543 0.462 12.4 11 11.7 26.5 1.3 0 6 18.4 130 118 16.8 4.3
"45" "45" 1993-02-08 30.11 "UTA" "" "ORL" "W" 12 1 31 0.815 0.833 7.9 10.6 9.3 12.1 3.2 2.3 13.4 21.4 134 99 19.8 10.9
"46" "46" 1993-02-09 30.11 "UTA" "@" "SAC" "W" 5 1 33 0.338 0.25 9.1 7.7 8.3 3.4 1.5 0 10.1 12.9 89 118 2.3 -9.6
"47" "47" 1993-02-11 30.12 "UTA" "@" "SEA" "W" 5 1 35 0.563 0.5 3.1 6.9 4.9 8.2 0 1.7 10.1 12.6 113 109 7.6 -1
"48" "48" 1993-02-13 30.12 "UTA" "" "ATL" "L" -9 1 34 0.481 0.4 7.8 15.3 12.1 11.3 1.3 1.7 12.9 18.9 101 116 9.5 -2.3
"49" "49" 1993-02-15 30.13 "UTA" "@" "MIN" "W" 21 1 24 0.6 0.6 0 32.4 15.6 32.4 2.1 0 16.7 10.9 127 95 8.5 4.5
"50" "50" 1993-02-17 30.13 "UTA" "@" "CHI" "L" -18 1 31 0.421 0.286 3.2 17.7 9.2 13.7 1.7 0 10.7 13.1 102 123 5.7 -3
"51" "51" 1993-02-18 30.13 "UTA" "@" "MIL" "W" 11 1 34 0.504 0.467 8.6 25.7 17.1 4.5 3.2 2.5 15.9 25.6 98 102 10.7 -2.7
"52" "52" 1993-02-23 30.15 "UTA" "" "HOU" "L" -27 1 32 0.3 0.3 5.7 12.2 8.3 10.5 0 0 16.7 15.9 65 115 1.5 -6.3
"53" "53" 1993-02-24 30.15 "UTA" "@" "GSW" "L" -12 1 21 0.714 0.714 5.7 5.4 5.6 15 0 0 22.2 17.5 113 129 7.1 -0.7
"54" "54" 1993-02-26 30.16 "UTA" "@" "PHO" "L" -7 1 37 0.621 0.583 15.6 31.6 22.8 0 3.9 2 23.7 18.3 106 104 15.7 4.2
"55" "55" 1993-02-27 30.16 "UTA" "" "SAC" "L" -4 1 37 0.644 0.556 9.3 5.5 7.3 10.1 2.6 1.5 0 12.9 150 121 15.4 2.4
"56" "56" 1993-03-01 30.16 "UTA" "" "CHH" "L" -3 1 35 0.368 0.3 2.9 17.9 10.2 19.1 0 0 0 12.7 103 110 6.6 -2.7
"57" "57" 1993-03-03 30.17 "UTA" "@" "DET" "W" 8 1 39 0.19 0.143 10.9 5.1 7.5 11.5 1.4 1.8 11.3 11 81 120 3.9 -4.8
"58" "58" 1993-03-04 30.17 "UTA" "@" "NYK" "L" -14 1 37 0.63 0.333 0 20.3 9.1 3.7 2.7 0 17.4 7.3 115 129 6.3 -2
"59" "59" 1993-03-06 30.18 "UTA" "@" "ATL" "L" -21 1 34 0.254 0.143 3.6 12.5 8.4 12.7 1.4 0 20.2 11.9 75 137 2 -9.4
"60" "60" 1993-03-09 30.19 "UTA" "" "MIN" "W" 9 0 32 0.402 0.222 0 14.5 6.4 3.8 1.6 0 0 16.5 95 116 5.3 -6.7
"61" "61" 1993-03-13 30.2 "UTA" "@" "HOU" "L" -9 0 31 0.481 0.455 11.6 4.6 8.4 9.6 1.8 0 8 18.3 109 123 7.9 -1.6
"62" "62" 1993-03-15 30.2 "UTA" "@" "DAL" "W" 13 0 30 0.874 0.857 12 13.6 12.9 0 3.2 0 21.2 13.8 136 98 13.4 2.7
"63" "63" 1993-03-17 30.21 "UTA" "" "DET" "W" 24 0 32 0.6 0.6 27.6 7.6 15.5 17.6 1.6 1.9 9.1 15 136 89 16.7 10.1
"64" "64" 1993-03-19 30.21 "UTA" "" "SEA" "L" -11 0 27 0.697 0.625 5.1 5.9 5.5 6.1 0 2.7 9.7 18.1 133 123 9.6 2.6
"65" "65" 1993-03-20 30.22 "UTA" "@" "LAC" "L" -7 0 30 0.545 0.5 6.7 8.9 7.6 6.3 1.6 2.2 0 18 120 108 11.8 1.7
"66" "66" 1993-03-22 30.22 "UTA" "@" "DEN" "L" -14 0 22 0.717 0.625 0 4.8 2.5 7.5 0 0 0 19 152 119 10.6 5
"67" "67" 1993-03-23 30.22 "UTA" "" "IND" "W" 18 0 31 0.649 0.667 29.3 13.5 20.5 17.9 0 2.2 0 20.5 155 110 20.6 11
"68" "68" 1993-03-25 30.23 "UTA" "" "NYK" "W" 17 0 29 0.592 0.4 3.7 14.1 9 9.5 0 2.6 0 10.6 143 99 8.5 1.8
"69" "69" 1993-03-26 30.23 "UTA" "@" "SAS" "W" 6 0 30 0.51 0.4 16.8 8.9 13 4.5 0 2.5 0 18.5 127 113 10.2 -1.6
"70" "70" 1993-03-29 30.24 "UTA" "" "DEN" "L" -13 0 28 0.379 0.364 14.6 14.9 14.7 20.7 1.7 0 0 17.1 112 115 8.3 -0.4
"71" "71" 1993-03-31 30.25 "UTA" "" "SAS" "W" 8 0 25 0.509 0.5 0 16.3 9.5 0 0 0 12.7 15 86 96 2.6 -6.4
"72" "72" 1993-04-04 30.26 "UTA" "@" "LAL" "W" 12 0 29 0.5 0.5 0 21.2 10.7 22.7 3.4 0 12.5 24.1 100 100 11.6 1.1
"73" "73" 1993-04-06 30.26 "UTA" "@" "POR" "L" -15 0 28 0.387 0.25 0 21.4 11.4 11.5 5.3 0 6.6 23 86 104 7.8 -1.6
"74" "74" 1993-04-08 30.27 "UTA" "" "HOU" "L" -5 0 34 0.632 0.615 12.5 21.2 16.6 6.2 3.2 0 0 17.8 140 104 16.4 7.9
"75" "75" 1993-04-11 30.28 "UTA" "@" "PHO" "L" -13 0 28 0.579 0.333 23.9 10.7 18.3 5.1 1.8 0 10.4 14.5 139 121 10.9 3.5
"76" "76" 1993-04-12 30.28 "UTA" "" "DAL" "W" 13 0 25 0.798 0.5 0 7.7 4.7 9.8 0 0 21 9.2 138 109 5.6 -4.3
"77" "77" 1993-04-15 30.29 "UTA" "" "POR" "W" 5 0 36 0.47 0.333 18.4 12.3 15.1 0 0 4.1 5.9 20.1 119 117 10.5 -3.9
"78" "78" 1993-04-17 30.29 "UTA" "" "PHO" "W" 9 0 28 0.705 0.636 0 14.9 7.9 5.2 0 2.1 19 23.5 109 104 11.9 -0.3
"79" "79" 1993-04-20 30.3 "UTA" "@" "SAC" "L" -9 0 31 0.619 0.625 7.2 16.5 12 10.6 3 0 25.3 15.7 97 97 8.3 1
"80" "80" 1993-04-21 30.3 "UTA" "" "LAL" "W" 11 0 8 0.852 NA 0 30 16.2 0 6.8 0 36.2 16 111 100 2.4 -1
"81" "81" 1993-04-23 30.31 "UTA" "" "GSW" "W" 14 0 26 0.538 0.5 23.1 3.7 11.3 0 0 0 6.3 28.2 121 108 10.3 -5.4
"82" "82" 1993-04-25 30.32 "UTA" "@" "MIN" "L" -2 0 29 0.549 0.286 12.1 22.6 17.5 9.8 0 0 7.8 18.4 128 116 12 -0.7
"1" "1" 1993-11-05 30.85 "UTA" "" "DAL" "W" 16 0 33 0.5 0.5 3.9 15.7 9.8 12.6 1.7 2.6 14.3 9.9 110 98 6.9 0.6
"2" "2" 1993-11-06 30.85 "UTA" "@" "MIN" "W" 10 0 31 0.41 0.333 10.6 11.1 10.8 5 4.5 0 6.4 20.9 91 91 9.3 -1.4
"3" "3" 1993-11-08 30.85 "UTA" "" "SEA" "L" -1 0 25 0.643 0.643 0 11.3 5.1 14.1 0 0 22.2 15.7 111 121 3.7 -8.5
"4" "4" 1993-11-10 30.86 "UTA" "" "ATL" "W" 3 0 32 0.317 0.286 20.7 8.1 15.8 9.4 0 0 27.6 13.6 79 111 3.9 -7.1
"5" "5" 1993-11-12 30.87 "UTA" "" "DET" "W" 20 0 31 0.333 0.333 3.7 15.9 9.6 8.1 1.7 0 0 13 90 98 4 -5
"6" "6" 1993-11-13 30.87 "UTA" "@" "DAL" "W" 1 0 33 0.791 0.8 9.7 4 6.6 8.5 1.7 2 32.2 13.8 112 121 7.9 -1.6
"7" "7" 1993-11-16 30.88 "UTA" "@" "ORL" "L" -18 0 31 0.313 0.313 7.6 23.8 13.9 5.4 1.6 0 20 13.7 65 118 2.1 -6.8
"8" "8" 1993-11-17 30.88 "UTA" "@" "MIA" "W" 4 0 20 0.571 0.571 0 18.5 9.7 0 2.6 0 0 17.9 119 117 5.6 -3.2
"9" "9" 1993-11-19 30.88 "UTA" "@" "PHI" "L" -9 0 29 0.46 0.4 7.7 0 4.4 24 3.5 0 0 16.6 121 130 11 -0.1
"10" "10" 1993-11-20 30.89 "UTA" "@" "NYK" "W" 14 0 29 0.548 0.458 15.8 6.8 10.9 30.5 1.9 2.5 11.4 28.4 117 87 14.9 14.1
"11" "11" 1993-11-24 30.9 "UTA" "" "HOU" "L" -2 0 29 0 0 3.9 7 5.5 10.2 0 0 16.7 9.9 28 104 -3.4 -11.4
"12" "12" 1993-11-26 30.9 "UTA" "" "NJN" "W" 3 0 28 0.4 0.4 9.8 17.5 14.3 5.5 3.7 2.4 9.1 18.6 85 99 5.9 -3.2
"13" "13" 1993-11-27 30.91 "UTA" "@" "PHO" "L" -22 0 33 0.637 0.5 0 7.1 3.5 8.4 4.5 0 10.4 12.2 126 119 11.2 3.5
"14" "14" 1993-11-30 30.92 "UTA" "" "DEN" "W" 11 0 25 0.444 0.444 13.1 13.4 13.2 18.4 0 0 18.2 17.7 93 99 6 -1
"15" "15" 1993-12-02 30.92 "UTA" "" "IND" "W" 16 0 22 0.304 0.222 5.1 0 2.4 14.2 7.2 0 9.2 20.8 84 93 2.6 -3.3
"16" "16" 1993-12-04 30.93 "UTA" "" "CHH" "W" 14 0 28 0.512 0.5 3.5 4.3 3.9 8.1 1.7 0 9.3 15.3 110 114 6.8 -2.7
"17" "17" 1993-12-06 30.93 "UTA" "" "NYK" "W" 7 0 17 0.333 0.333 7.2 8.3 7.7 26.2 0 0 0 16 101 107 2.9 -2.4
"18" "18" 1993-12-08 30.94 "UTA" "" "WSB" "W" 22 0 28 0.778 0.778 9.8 8.6 9.1 0 3.7 0 10 15.8 137 97 12.3 5.1
"19" "19" 1993-12-10 30.94 "UTA" "@" "DEN" "L" -9 0 33 0.551 0.5 7.9 11.8 9.5 4.9 1.4 1.9 15.5 15.6 106 106 9.6 0.9
"20" "20" 1993-12-11 30.95 "UTA" "@" "GSW" "L" -3 0 31 0.643 0.643 17.4 20.8 19 20.5 1.6 2.2 6.7 21.3 134 107 17.9 10.5
"21" "21" 1993-12-13 30.95 "UTA" "" "SAS" "W" 15 0 29 0.286 0.286 16.6 4.7 11 8.6 0 0 12.5 12.8 90 108 2.2 -7.1
"22" "22" 1993-12-15 30.96 "UTA" "@" "MIN" "W" 2 0 23 0.549 0.333 5.4 16.9 11 6.4 0 0 0 15.6 121 98 7.1 -0.7
"23" "23" 1993-12-17 30.96 "UTA" "@" "BOS" "W" 1 0 21 0.4 0.4 11.1 9.5 10.3 13.3 2.4 0 28.6 14.4 79 100 2.5 -4
"24" "24" 1993-12-18 30.96 "UTA" "@" "WSB" "W" 6 0 23 0.5 0.5 4.3 26.1 13 12.4 0 3.5 14.3 12.9 99 98 4.4 -1.5
"25" "25" 1993-12-21 30.97 "UTA" "@" "CLE" "L" -15 0 22 0.25 0.25 6.6 17.2 12.3 12.2 0 0 42.9 15.6 50 126 -0.8 -13.7
"26" "26" 1993-12-23 30.98 "UTA" "@" "SAS" "W" 8 0 24 1.031 1 18.2 11.1 14.5 5.9 2.4 0 20.5 10.2 169 105 9.7 8.6
"27" "27" 1993-12-27 30.99 "UTA" "" "MIN" "W" 4 0 27 0.491 0.444 30.3 18.9 24.6 25.5 2 0 0 18.1 135 101 15.2 8.6
"28" "28" 1993-12-29 30.99 "UTA" "" "BOS" "W" 3 0 19 0.814 0.8 6.1 31.7 18.6 0 0 0 12.9 17.8 139 102 8.7 1.6
"29" "29" 1994-01-02 31.01 "UTA" "@" "POR" "W" 2 0 26 0.451 0.333 0 8.8 4.7 0 2 0 0 14 97 98 3.2 -4.3
"30" "30" 1994-01-03 31.01 "UTA" "" "DAL" "W" 30 0 27 0.512 0.375 8.7 17.1 13.4 8.7 1.8 0 0 14.6 134 87 10.1 1
"31" "31" 1994-01-05 31.01 "UTA" "" "PHO" "L" -16 0 30 0.651 0.611 10.7 0 6.1 0 1.7 0 8.5 17.4 126 121 10.6 1.1
"32" "32" 1994-01-07 31.02 "UTA" "" "MIA" "L" -6 0 31 0.653 0.5 11.3 7.6 9.4 10.2 4.9 0 23.1 17.7 115 111 11.7 2.6
"33" "33" 1994-01-08 31.02 "UTA" "@" "SEA" "L" -21 0 27 0.85 0.8 9.4 13 11.3 20.6 0 0 25.4 13.7 135 123 10.1 5.2
"34" "34" 1994-01-13 31.04 "UTA" "@" "MIL" "W" 18 0 24 0.667 0.667 6.1 6.3 6.2 6.3 2.1 5.4 14.3 13.8 116 88 7.6 5.5
"35" "35" 1994-01-14 31.04 "UTA" "@" "CHI" "L" -16 0 24 0.5 0.5 17 19.5 18.2 26.7 6.7 0 9.1 20.7 114 107 12.6 10.9
"36" "36" 1994-01-16 31.04 "UTA" "@" "NJN" "L" -5 0 25 0.399 0 11.6 7.4 9 10.7 4.4 0 51.5 14.8 64 110 1 -7.2
"37" "37" 1994-01-17 31.05 "UTA" "@" "DET" "W" 15 0 24 0.509 0.5 0 9.5 5.3 0 2.1 0 22.5 16.7 78 101 1.6 -10.4
"38" "38" 1994-01-19 31.05 "UTA" "" "CLE" "W" 12 0 22 0.595 0.6 0 29.8 17.5 6.5 0 3.2 0 13.7 129 105 7.5 4
"39" "39" 1994-01-21 31.06 "UTA" "" "SAC" "W" 29 0 22 0.682 0.636 4.4 32.1 15.6 0 2.3 0 13.2 28.9 122 87 13.5 5.2
"40" "40" 1994-01-22 31.06 "UTA" "@" "HOU" "L" -5 0 22 0.5 0.5 0 20.5 9.1 0 2.3 0 9.1 23 87 114 4.7 -6.8
"41" "41" 1994-01-24 31.07 "UTA" "" "SEA" "W" 5 0 34 0.3 0.3 6.9 3.2 5 8.6 6.4 2 0 13 93 97 6.8 2.2
"42" "42" 1994-01-26 31.07 "UTA" "@" "MIN" "L" -2 0 28 0.333 0.333 4.2 12.2 8.3 5.2 1.8 0 25 6.1 70 106 0.6 -6.6
"43" "43" 1994-01-28 31.08 "UTA" "" "GSW" "W" 28 0 26 0.3 0.3 23.1 7 14.6 4.2 3.6 2.5 9.1 16.1 92 91 6.2 -3.6
"44" "44" 1994-02-01 31.09 "UTA" "" "HOU" "W" 16 0 30 0.6 0.6 0 17.8 10.1 4.7 3.5 2.5 0 7.8 132 93 7.4 4.6
"45" "45" 1994-02-03 31.09 "UTA" "" "CHI" "L" -9 0 28 0.615 0.5 5.5 14.7 10.4 0 0 0 29.1 11.9 92 108 2.4 -4.4
"46" "46" 1994-02-05 31.1 "UTA" "" "POR" "W" 14 0 31 0.751 0.7 10.3 9.5 9.8 12.5 3.2 0 8.1 17.3 148 115 17.4 6.5
"47" "47" 1994-02-06 31.1 "UTA" "@" "LAL" "L" -17 0 26 0.337 0.273 7 24.9 14.4 14 6 0 14.4 23.3 75 105 6.8 -0.8
"48" "48" 1994-02-08 31.11 "UTA" "@" "DEN" "W" 1 1 30 0.429 0.429 18.3 3.3 9.6 9.9 1.7 4.3 30 15.3 84 104 4.2 -3
"49" "49" 1994-02-09 31.11 "UTA" "" "LAL" "L" -7 1 30 0.484 0.462 13.6 7.4 10.7 5.6 3.6 0 6.9 21.2 110 114 11 1.3
"50" "50" 1994-02-16 31.13 "UTA" "@" "LAC" "W" 4 0 25 0.676 0.625 16.7 28.1 22.1 6.8 0 0 25.3 19.4 110 103 9.9 0.4
"51" "51" 1994-02-18 31.13 "UTA" "@" "SAC" "L" -9 0 27 0.468 0.4 12.1 10.9 11.5 7.4 1.8 5 20.3 22.2 88 92 7 0.8
"52" "52" 1994-02-19 31.14 "UTA" "" "LAC" "W" 7 0 34 0.307 0.125 2.6 26.6 14.4 3.7 2.9 1.8 17 14.5 69 89 4.7 -5.4
"53" "53" 1994-02-21 31.14 "UTA" "" "PHI" "W" 27 0 26 0.676 0.625 16.3 8.8 12.1 8.6 0 4.9 0 14.4 157 97 13.5 6.5
"54" "54" 1994-02-23 31.15 "UTA" "" "SAS" "W" 4 0 47 0.5 0.5 9.7 9.5 9.6 3.5 2.6 0 0 11.2 120 106 9.8 0.7
"55" "55" 1994-02-25 31.15 "UTA" "" "PHO" "W" 20 0 22 0.508 0.429 5.3 8.6 7.1 6 2.5 0 0 16.1 129 102 6.5 0.6
"56" "56" 1994-02-26 31.16 "UTA" "@" "HOU" "W" 10 0 23 0.676 0.625 10.4 24.8 17.8 0 0 0 0 17.5 145 94 9.3 3.6
"57" "57" 1994-02-28 31.16 "UTA" "" "HOU" "W" 4 0 28 0.45 0.375 7.8 34.3 19.5 0 0 0 10.1 17.2 96 105 5.3 -5
"58" "58" 1994-03-02 31.17 "UTA" "@" "SAS" "W" 10 0 12 0.5 0.5 13.8 0 6.7 0 4.7 0 42.9 30.3 60 113 0.3 -16.2
"59" "59" 1994-03-05 31.18 "UTA" "@" "DAL" "W" 13 0 13 0.258 0 0 7.1 4.4 0 4.1 0 0 13.7 70 98 0 -9.1
"60" "60" 1994-03-06 31.18 "UTA" "@" "PHO" "W" 11 0 39 0.396 0.385 10.3 17.9 14.7 6.9 2.7 1.9 0 16.8 98 97 10.2 0.5
"61" "61" 1994-03-08 31.18 "UTA" "" "MIN" "W" 14 1 23 0.46 0.4 4.3 5.6 4.9 6.8 2.3 0 0 10.2 116 98 3.8 -1.9
"62" "62" 1994-03-09 31.19 "UTA" "@" "POR" "L" -23 0 20 0.676 0.625 0 18.9 10.6 8.3 0 0 0 20.7 141 135 9.2 3
"63" "63" 1994-03-14 31.2 "UTA" "" "LAL" "W" 1 0 20 1 1 0 10.4 5.9 12.8 5.3 0 50 4.7 108 105 3.9 4.4
"64" "64" 1994-03-15 31.2 "UTA" "@" "LAC" "L" -3 0 26 0.364 0.364 4.1 0 2 10.1 2.1 0 0 18.9 96 130 3.4 -9.7
"65" "65" 1994-03-18 31.21 "UTA" "@" "CHH" "L" -4 0 20 0 0 0 5.2 2.7 8 2.7 0 33.3 13.8 8 95 -4 -12.9
"66" "66" 1994-03-19 31.21 "UTA" "@" "IND" "L" -4 0 27 0.6 0.6 9.1 16.5 13 18.6 2 0 0 9 140 117 8.2 3.4
"67" "67" 1994-03-21 31.22 "UTA" "@" "ATL" "L" -4 0 18 0 0 10.3 12.3 11.2 7.7 2.9 0 0 2.3 97 98 1.8 -0.1
"68" "68" 1994-03-23 31.22 "UTA" "" "ORL" "L" -5 0 26 0.399 0 5.1 17.2 11.7 11.5 2.2 0 21 8.6 95 111 3.3 -1.7
"69" "69" 1994-03-25 31.23 "UTA" "" "MIL" "W" 7 1 26 0.698 0.714 0 16.4 9.7 5.6 0 0 11.3 16.5 116 108 8.2 -1.2
"70" "70" 1994-03-26 31.23 "UTA" "@" "HOU" "L" -15 1 33 0.425 0.4 5.9 19.4 12.4 0 1.6 0 14.5 9 87 107 4.7 -2.4
"71" "71" 1994-03-29 31.24 "UTA" "" "GSW" "L" -3 1 33 0.667 0.667 10.4 6.1 8.4 0 0 0 40 11.6 84 124 3.6 -6.3
"72" "72" 1994-04-02 31.25 "UTA" "" "DEN" "W" 10 1 19 0.375 0.375 6.2 18.5 12.3 29.8 5.2 0 0 19 95 87 6.9 7.5
"73" "73" 1994-04-05 31.26 "UTA" "@" "SEA" "L" -7 1 26 0.556 0.556 5.3 20 12.8 29.5 0 3.3 25 24.4 89 112 6.2 0.8
"74" "74" 1994-04-07 31.27 "UTA" "" "DAL" "W" 17 1 24 0.436 0.333 3.6 9.8 6.2 5.6 10.6 0 12.7 12.9 97 75 8.2 6.1
"75" "75" 1994-04-09 31.27 "UTA" "" "LAC" "W" 24 1 27 0.883 0.9 9.6 13 11.4 5.2 1.7 0 0 17.1 181 104 19.8 12.1
"76" "76" 1994-04-12 31.28 "UTA" "" "SAC" "W" 35 1 24 0.661 0.571 0 11.5 7 0 6 2.7 19.4 18.5 103 83 10.3 5.7
"77" "77" 1994-04-14 31.28 "UTA" "" "SAS" "W" 11 1 20 0.375 0.375 6.5 8.6 7.7 0 0 0 0 19.4 88 108 2.1 -8.4
"78" "78" 1994-04-16 31.29 "UTA" "@" "GSW" "L" -4 1 31 0.375 0.375 6.1 7.2 6.6 8.3 4.5 0 20 13.2 80 105 5.6 -1
"79" "79" 1994-04-19 31.3 "UTA" "@" "SAC" "W" 7 1 27 1 1 0 25.4 12.9 4.5 3.8 0 0 1.8 205 111 5.5 2
"80" "80" 1994-04-21 31.3 "UTA" "" "POR" "W" 11 1 24 0.25 0.25 4.2 7.5 5.9 9.5 4 2.4 0 6.9 91 107 4.2 1.5
"81" "81" 1994-04-22 31.31 "UTA" "@" "DEN" "W" 7 1 16 0.436 0.333 0 9.7 4.4 0 6.3 0 0 19.6 96 105 3.3 -6.2
"82" "82" 1994-04-24 31.31 "UTA" "@" "LAL" "W" 6 1 20 0.307 0.125 5.3 5.1 5.2 7.1 2.5 0 0 20.3 91 105 3.1 -7.6
"1" "1" 1994-11-04 31.84 "ATL" "" "IND" "L" -2 0 22 0.356 0.25 17.5 9.1 13.4 0 7.2 0 13.7 28.6 81 95 4.4 -5
"2" "2" 1994-11-05 31.85 "ATL" "" "DET" "L" -5 0 11 0.333 0.333 0 33.6 15.4 0 0 14.2 25 30.7 48 96 0.1 -14.7
"3" "3" 1994-11-07 31.85 "ATL" "@" "UTA" "L" -18 0 23 0.556 0.556 8.9 9.9 9.4 0 4.6 0 10 20.3 103 110 8.3 2.4
"4" "4" 1994-11-09 31.86 "ATL" "@" "PHO" "L" -4 0 20 0.508 0.429 17.6 17.1 17.4 7.1 5.4 0 20.2 21.7 102 112 7.3 -0.5
"5" "5" 1994-11-10 31.86 "ATL" "@" "LAC" "W" 17 0 11 0.463 0.333 14.5 23 19.3 0 4.6 6.3 0 17.9 115 86 4.9 6.9
"6" "6" 1994-11-15 31.87 "ATL" "" "BOS" "W" 16 0 16 0.4 0.4 0 34.1 17.4 0 0 0 0 14.2 84 102 1.6 -11.5
"7" "7" 1994-11-18 31.88 "ATL" "" "MIL" "L" -4 0 9 0 0 12.5 0 6.2 15.5 0 0 16.7 31 20 110 -4.3 -34.6
"8" "8" 1994-11-19 31.88 "ATL" "@" "NYK" "L" -13 0 24 0 0 25.5 13.6 19.8 7.1 0 3 10.1 17.9 32 105 -1.3 -11.1
"9" "9" 1994-11-22 31.89 "ATL" "" "PHI" "W" 3 0 13 0.167 0.167 37.9 10 24.3 10.8 0 0 14.3 24.6 74 119 -0.6 -20.2
"10" "10" 1994-11-23 31.9 "ATL" "@" "MIN" "W" 12 0 14 0.333 0.333 15.2 8.4 12 0 3.8 6 40 16.1 57 83 0.1 -10.1
"11" "11" 1994-11-25 31.9 "ATL" "" "LAL" "L" -5 0 24 0.68 0.6 9.3 4.7 7 9.5 2.2 0 14.5 24.4 123 104 11.2 4.1
"12" "12" 1994-11-29 31.91 "ATL" "" "CHH" "L" -5 0 7 1 1 0 20.2 9.8 0 8.2 0 33.3 21.8 98 94 2.5 0.9
"13" "13" 1994-12-02 31.92 "ATL" "@" "CHI" "W" 11 0 16 0.532 0 0 0 0 10.7 0 0 34.7 9.1 88 104 0.2 -5.4
"14" "14" 1994-12-03 31.92 "ATL" "" "ORL" "W" 2 0 18 0.5 0.5 0 15.2 7.4 12.6 2.8 0 0 5.1 135 111 3.6 2.3
"15" "15" 1994-12-06 31.93 "ATL" "@" "NJN" "W" 3 0 21 0.512 0.5 0 6.3 3 7 0 0 0 11 114 103 2.8 -3.7
"16" "16" 1994-12-07 31.93 "ATL" "@" "BOS" "L" -13 1 29 0.429 0.429 3.6 18.4 10.1 5.9 1.8 0 12.5 12.6 83 101 3.7 -4.2
"17" "17" 1994-12-09 31.94 "ATL" "" "NYK" "W" 4 0 11 0.25 0.25 9.3 0 4.6 0 0 0 20 19.9 54 103 -1.9 -18
"18" "18" 1994-12-10 31.94 "ATL" "@" "ORL" "L" -11 0 10 0.25 0.25 21.8 0 10.4 0 0 0 42.9 30.2 43 128 -2.4 -26.9
"19" "19" 1994-12-13 31.95 "ATL" "" "MIN" "W" 2 0 16 0.509 0.5 18.8 9 14.7 0 3.6 0 0 19.5 122 89 6.2 4.9
"20" "20" 1994-12-14 31.95 "ATL" "@" "IND" "L" -2 0 19 0.333 0.333 6.2 32.4 18.9 8.6 3.1 0 40 13.8 58 89 2.2 -2.4
"21" "21" 1994-12-16 31.96 "ATL" "" "CHI" "L" -5 0 18 0.667 0.667 6.7 7.6 7.1 11.4 0 0 0 16 147 112 5.1 1.6
"22" "22" 1994-12-17 31.96 "ATL" "@" "MIA" "L" -11 0 15 0.46 0.4 0 25.3 12.3 13 0 0 26.9 22.6 73 104 0.7 -9
"23" "23" 1994-12-20 31.97 "ATL" "" "MIL" "W" 18 0 2 0.833 0.833 100 50 100 -600 0 0 0 67.5 196 91 6.4 88.2
"24" "24" 1994-12-22 31.98 "ATL" "" "UTA" "L" -9 0 13 0.338 0.375 34.3 11.9 24.9 14.2 0 5.6 0 32.1 100 117 4.5 -4
"25" "25" 1994-12-23 31.98 "ATL" "@" "DET" "W" 20 0 14 0.286 0.286 17.1 23.9 20.7 11 4.1 0 22.2 31.1 66 84 0.7 -15
"26" "26" 1994-12-27 31.99 "ATL" "@" "HOU" "L" -12 0 12 0.5 0.5 17.8 23.5 20.3 0 0 0 50 14.8 65 118 0.2 -14.6
"27" "27" 1994-12-29 31.99 "ATL" "" "SAS" "W" 6 0 11 0.654 0.6 21.4 26 23.5 0 0 0 0 30.6 148 120 8.5 5.7
"28" "28" 1994-12-30 32 "ATL" "@" "CLE" "L" -2 0 16 0.5 0.5 7.3 0 3.8 39.1 3.9 0 0 12.2 137 117 5 6.6
"29" "29" 1995-01-03 32.01 "ATL" "" "POR" "L" -5 0 6 0.5 0.5 19.5 15.4 17.2 0 0 0 0 14.9 120 110 1.2 -5.6
"30" "30" 1995-01-04 32.01 "ATL" "@" "NYK" "L" -9 0 19 0.25 0.25 6.3 17.6 12.2 20.6 0 4 42.9 18.2 47 105 -0.1 -8.5
"31" "31" 1995-01-06 32.02 "ATL" "" "WSB" "W" 22 0 14 0.4 0.4 7.6 22.4 15.1 10.3 0 0 0 15.9 103 98 3.6 -4.7
"32" "32" 1995-01-07 32.02 "ATL" "" "NJN" "W" 17 0 17 0.8 0.8 11.3 12.3 11.8 0 6.2 0 9.1 28.1 140 88 15.2 18.4
"33" "33" 1995-01-10 32.03 "ATL" "@" "WSB" "W" 3 0 9 0 0 0 23.2 13 0 0 0 33.3 14.8 0 106 -1.8 -19.2
"34" "34" 1995-01-13 32.04 "ATL" "" "ORL" "L" -5 0 15 0.129 0 6.7 8.2 7.4 8.4 3.6 0 0 10.9 65 112 0.8 -7.4
"35" "35" 1995-01-16 32.04 "ATL" "" "MIA" "W" 4 0 4 0 0 0 0 0 0 0 0 0 10.3 0 113 -0.7 -15.3
"36" "36" 1995-01-18 32.05 "ATL" "" "PHI" "L" -12 0 26 0.536 0.536 3.9 11.2 6.9 26.3 4.5 0 6.7 28.4 107 109 11.2 7.5
"37" "37" 1995-01-20 32.05 "ATL" "@" "IND" "L" -10 0 20 0.581 0.5 6.5 0 3.3 10.1 2.7 0 12.7 18.2 115 118 6 1
"38" "38" 1995-01-21 32.06 "ATL" "" "BOS" "W" 5 0 7 0.833 0.833 0 17.6 8.5 35.6 0 0 25 28.7 119 103 3.7 12.4
"39" "39" 1995-01-25 32.07 "ATL" "@" "CHH" "W" 7 0 7 NA NA 0 16.7 8.4 0 0 0 NA 0 0 107 -0.1 -5.4
"40" "40" 1995-01-26 32.07 "ATL" "" "CLE" "L" -9 0 19 0.4 0.286 0 32.6 14.6 0 3.2 0 0 24.8 88 93 3.9 -2.6
"41" "41" 1995-01-28 32.08 "ATL" "" "CHH" "L" -9 0 8 0 0 0 0 0 0 6.7 0 25 20.9 0 107 -2.1 -21
"42" "42" 1995-01-30 32.08 "ATL" "@" "MIA" "W" 3 0 16 0.475 0.286 0 26.1 14.1 0 6.4 4.9 0 30.2 110 84 8.2 3.9
"43" "43" 1995-02-01 32.09 "ATL" "" "GSW" "W" 12 0 16 0.518 0.4 17.1 25.7 21.4 10 0 0 0 20.1 140 119 6.1 -2.2
"44" "44" 1995-02-03 32.09 "ATL" "" "SEA" "L" -23 0 7 0.181 0 0 54.1 23.6 0 0 0 42 28.3 22 122 -2.4 -29.5
"45" "45" 1995-02-04 32.1 "ATL" "@" "DET" "L" -6 0 5 0 0 0 0 0 0 0 0 0 9.8 0 111 -1.1 -18.7
"46" "46" 1995-02-06 32.1 "ATL" "@" "PHI" "W" 15 0 6 1 1 0 0 0 0 0 0 0 7.8 200 119 0.5 -11.7
"47" "47" 1995-02-08 32.11 "ATL" "" "NJN" "W" 23 0 8 0.5 0.5 0 15 8.3 19.4 6.3 0 25 22.5 85 86 1.5 -1
"48" "48" 1995-02-14 32.12 "ATL" "@" "DEN" "W" 11 0 27 0.468 0.4 17.8 4 10.6 0 0 0 0 19.8 123 108 7.1 -3.8
"49" "49" 1995-02-17 32.13 "ATL" "@" "DAL" "W" 20 0 21 0.94 1 12.7 14.9 13.9 25.5 0 0 15.8 14.5 170 108 12.1 11.4
"50" "50" 1995-02-18 32.13 "ATL" "@" "SAS" "L" -14 0 28 0.489 0.5 17.1 11.2 14.3 0 0 2.3 17.3 26.7 94 126 8.2 -3.4
"51" "51" 1995-02-21 32.14 "ATL" "" "CHI" "L" -17 0 21 0.486 0.4 6 19.6 12.5 10 0 0 8.1 27.5 104 122 6.1 -3.5
"52" "52" 1995-02-23 32.15 "ATL" "" "DAL" "W" 18 0 24 0.68 0.6 4.7 7 6 10.3 2.2 0 0 11 164 106 8.2 2.4
"53" "53" 1995-02-24 32.15 "ATL" "@" "WSB" "W" 15 0 8 0 0 0 17.6 7.4 0 0 0 0 5.4 0 107 -0.8 -14.9
"54" "54" 1995-02-27 32.16 "ATL" "" "SAC" "W" 19 0 16 0.667 0.667 0 8.6 4.1 16.7 6.1 0 0 15.8 147 97 8.3 8.1
"55" "55" 1995-03-02 32.17 "ATL" "@" "MIL" "L" -9 0 11 0.75 0.75 27.3 0 10.9 0 0 0 20 23.8 121 129 3.6 -5.2
"56" "56" 1995-03-03 32.17 "ATL" "" "DET" "W" 16 0 8 0.512 0.5 0 14.3 6.5 0 6.7 0 0 26.8 110 80 3.5 4.7
"57" "57" 1995-03-05 32.18 "ATL" "@" "ORL" "L" -2 0 16 0.47 0.429 6.9 7.7 7.3 0 9.8 0 0 20.3 108 96 6.1 4.8
"58" "58" 1995-03-08 32.18 "ATL" "" "DEN" "W" 11 0 16 0.266 0 0 7.9 3.5 15.8 0 5.6 0 10.2 92 101 1.4 -2.6
"59" "59" 1995-03-10 32.19 "ATL" "" "NYK" "W" 27 0 18 0.563 0.5 6.7 17.8 12.5 0 2.9 0 31.1 15.7 83 88 3.6 -3.7
"60" "60" 1995-03-12 32.19 "ATL" "@" "BOS" "W" 6 0 27 0.444 0.5 0 30.4 13.8 11.2 0 0 20.2 16.1 82 109 4 -4.3
"61" "61" 1995-03-13 32.2 "ATL" "" "HOU" "L" -11 0 26 0.4 0.4 13.9 0 8.3 7 2.1 3.5 28.6 12.3 82 112 4.5 -3.8
"62" "62" 1995-03-15 32.2 "ATL" "@" "CHI" "L" -13 0 25 0.273 0.273 8.7 9.4 9 0 4.5 0 0 20.9 72 113 2.3 -9.7
"63" "63" 1995-03-18 32.21 "ATL" "" "PHO" "W" 5 0 17 0.333 0.333 0 6.6 3 14.8 2.8 0 0 7.2 103 115 1 -4.8
"64" "64" 1995-03-20 32.22 "ATL" "" "LAC" "W" 4 0 22 0.592 0.6 11.5 24.9 17.9 14.3 0 0 0 14.4 144 116 7.3 0.3
"65" "65" 1995-03-22 32.22 "ATL" "" "MIA" "L" -14 0 26 0.823 0.773 4.1 9 6.4 10.1 2.2 2.5 0 23.3 173 118 19.4 19
"66" "66" 1995-03-24 32.23 "ATL" "@" "CLE" "L" -1 0 19 0.9 0.9 0 22 12.3 26.7 0 0 28.6 19 116 92 6.9 8
"67" "67" 1995-03-25 32.23 "ATL" "" "CHI" "L" -1 0 22 0.333 0.333 5 11.5 8 0 2.5 0 0 6.1 96 111 1.8 -3.6
"68" "68" 1995-03-28 32.24 "ATL" "@" "POR" "W" 11 0 14 0.286 0.286 8.6 9 8.8 11.4 0 0 0 23.5 82 108 1.2 -11.5
"69" "69" 1995-03-30 32.24 "ATL" "@" "GSW" "W" 28 0 23 0.317 0.286 4.1 12.3 8.2 15.7 0 0 20.2 16.8 75 87 1.8 -7.9
"70" "70" 1995-03-31 32.25 "ATL" "@" "LAL" "L" -14 0 26 0.667 0.667 11.8 10 11 12.6 5.8 0 14.3 22.6 123 121 15.9 8.6
"71" "71" 1995-04-02 32.25 "ATL" "@" "SEA" "L" -22 0 20 0.335 0.3 5.3 22.3 13.6 0 2.5 0 8.7 25.4 69 107 2.3 -8.5
"72" "72" 1995-04-05 32.26 "ATL" "" "CLE" "W" 9 0 16 0.47 0.5 9.7 14.3 12.3 0 0 4.7 0 16.6 108 110 3 -5.7
"73" "73" 1995-04-07 32.27 "ATL" "" "IND" "W" 12 0 22 0.599 0.583 9.9 20.8 15.2 10 2.3 0 6.6 30.5 118 95 12.7 4.9
"74" "74" 1995-04-09 32.27 "ATL" "@" "MIL" "L" -3 0 24 0.875 0.875 0 9.3 5 24 2.2 0 20 18.2 136 114 12.1 9.1
"75" "75" 1995-04-11 32.28 "ATL" "@" "PHI" "W" 4 0 23 0.625 0.625 4.6 10.7 7.4 8.6 2.4 3.1 20 19.8 103 112 5.3 -2.3
"76" "76" 1995-04-12 32.28 "ATL" "" "WSB" "W" 8 0 16 0.61 0.417 0 23.7 12.3 10 3.2 0 26.8 33.3 96 87 5.8 -0.4
"77" "77" 1995-04-14 32.28 "ATL" "@" "CLE" "L" -13 0 26 0.688 0.688 0 21.5 11.7 0 2.4 5.4 11.1 19.9 106 99 9.1 5.8
"78" "78" 1995-04-16 32.29 "ATL" "@" "CHH" "W" 1 0 37 0.468 0.423 0 10.8 5.1 8.8 3 0 12.6 20.6 91 106 7 -3.5
"79" "79" 1995-04-19 32.3 "ATL" "@" "NJN" "W" 5 1 33 0.364 0.364 0 19.1 9.1 4.5 0 0 0 15 81 111 3.7 -7.5
"80" "80" 1995-04-21 32.3 "ATL" "" "DET" "W" 17 1 26 0.717 0.625 7.9 20.1 13.9 4.9 0 0 9.3 17.1 143 112 11.4 -1.5
"81" "81" 1995-04-23 32.31 "ATL" "@" "IND" "L" -16 1 21 0.24 0.143 4.5 4.8 4.6 0 4.7 0 19.4 21.2 48 105 -1.9 -14.4
"1" "1" 1995-11-03 32.84 "SAC" "" "MIN" "W" 9 0 22 0.595 0.6 0 13.6 8.2 0 2.3 0 25.4 16.8 82 94 4.2 -3.1
"2" "2" 1995-11-05 32.85 "SAC" "" "LAC" "W" 17 0 11 0 0 24.2 31.2 28 0 9.7 0 60 20.7 23 73 -1.3 -15.2
"3" "3" 1995-11-07 32.85 "SAC" "@" "PHI" "W" 3 0 24 0.564 0.375 0 25 13.9 7.4 1.9 0 15.8 21.4 103 95 7.8 -1.9
"4" "4" 1995-11-08 32.85 "SAC" "@" "TOR" "W" 19 0 21 0.381 0.429 0 22.4 12.7 0 2.4 3.4 11.3 18 68 88 2.9 -6.6
"5" "5" 1995-11-10 32.86 "SAC" "@" "IND" "W" 24 0 19 0.371 0.333 13.7 5.2 8.8 7.6 2.8 0 9.6 24.5 96 107 3.1 -8.3
"6" "6" 1995-11-11 32.86 "SAC" "@" "NJN" "L" -2 0 19 0 0 5.4 16.1 10.8 8.7 0 0 33.3 7.2 34 101 -0.1 -6.4
"7" "7" 1995-11-14 32.87 "SAC" "" "LAL" "L" -6 0 22 0.434 0.25 5 5.9 5.4 6.6 2.3 0 0 10.6 127 116 4.5 -1.5
"8" "8" 1995-11-16 32.88 "SAC" "@" "POR" "W" 3 1 19 0.773 0.667 0 0 0 30.7 7.7 0 20.5 11.8 142 97 8.7 11.8
"9" "9" 1995-11-17 32.88 "SAC" "" "PHO" "W" 9 0 8 0.5 0.5 14 34.6 25.3 21.4 0 0 0 10.8 141 98 3.3 6.3
"10" "10" 1995-11-19 32.88 "SAC" "" "ATL" "L" -14 0 12 0.5 0.5 26.7 17.4 22 13.3 4.3 0 33.3 10.7 104 109 4 2.1
"11" "11" 1995-11-22 32.89 "SAC" "@" "UTA" "L" -21 0 7 0 0 0 18 9 0 0 0 0 14.4 0 136 -1.5 -22
"12" "12" 1995-11-24 32.9 "SAC" "@" "LAL" "W" 1 0 8 0 0 0 0 0 15.4 0 0 50 10.8 28 109 -1.4 -12.3
"13" "13" 1995-11-26 32.9 "SAC" "" "NJN" "W" 7 0 18 0.571 0.571 0 19 9.8 0 5.5 7.8 0 17 111 82 9 12.4
"14" "14" 1995-11-28 32.91 "SAC" "" "DEN" "W" 6 0 20 0.333 0.333 15.3 44.4 30.9 8.8 0 0 14.3 16 84 80 4.2 -3.7
"15" "15" 1995-11-30 32.92 "SAC" "" "IND" "W" 10 0 17 0.725 0 0 7.6 3.9 15.3 0 4.8 26.6 10.2 133 108 3.9 3.1
"16" "16" 1995-12-02 32.92 "SAC" "" "ORL" "W" 3 0 18 0.75 0.75 8.3 6.2 7.1 8.3 2.9 0 20 12.8 124 114 4.9 1.5
"17" "17" 1995-12-08 32.94 "SAC" "" "SEA" "L" -17 0 10 0.315 0 27.4 15.5 21.8 15 10 0 0 20.7 104 107 4.9 8.6
"18" "18" 1995-12-10 32.94 "SAC" "" "MIA" "W" 20 0 27 0.405 0.333 13.7 7.6 10.3 28.1 0 0 0 15.9 127 104 8.7 -0.4
"19" "19" 1995-12-12 32.95 "SAC" "" "HOU" "L" -40 0 22 0.643 0.6 4.1 19 11 7.7 4.3 5.2 15.5 12.1 117 118 8.9 5.7
"20" "20" 1995-12-15 32.96 "SAC" "@" "HOU" "W" 4 0 4 1 1 41.4 34.3 37.5 0 0 0 0 11.3 206 114 1.5 -2.4
"21" "21" 1995-12-16 32.96 "SAC" "@" "SAS" "L" -16 0 14 0.205 0 0 18 7.8 0 0 0 17 17.4 48 135 -2 -18.7
"22" "22" 1995-12-18 32.96 "SAC" "" "VAN" "W" 7 0 18 0.514 0.429 7.8 7.4 7.6 0 6.2 0 10.2 26.5 103 90 6.1 0.8
"23" "23" 1995-12-21 32.97 "SAC" "@" "LAC" "L" -7 0 20 0.2 0.2 5.5 7.5 6.3 0 4.9 4.4 28.6 14.7 39 99 -0.2 -7.7
"24" "24" 1995-12-22 32.98 "SAC" "@" "LAL" "L" -33 0 31 0.557 0.556 0 8.1 3.6 25.5 3.2 4 0 13.4 129 118 11.9 7
"25" "25" 1995-12-26 32.99 "SAC" "" "SAS" "W" 17 0 23 0.425 0.4 20.5 18.6 19.6 11.7 0 0 0 10.4 137 104 8 1.6
"26" "26" 1995-12-29 32.99 "SAC" "" "PHI" "W" 20 0 25 0.558 0.444 22.2 22.6 22.4 14.6 2 3.6 15.7 23.4 122 97 12.2 2.3
"27" "27" 1996-01-04 33.01 "SAC" "" "DEN" "W" 30 0 16 1 1 0 7 3.9 20 0 0 0 2.8 207 111 2.9 2.1
"28" "28" 1996-01-06 33.02 "SAC" "" "GSW" "W" 9 0 8 0.5 0.5 0 13.6 6.9 0 0 0 0 10.5 101 109 0.9 -6
"29" "29" 1996-01-09 33.02 "SAC" "@" "ATL" "L" -16 0 21 0.375 0.375 5.4 27.9 16.5 0 0 6.3 27.3 22.5 59 101 1.4 -7.7
"30" "30" 1996-01-10 33.03 "SAC" "@" "BOS" "L" -9 0 18 0.543 0.429 8.6 0 3.9 25 2.7 0 9.8 25.8 115 118 8.3 0.7
"31" "31" 1996-01-12 33.03 "SAC" "@" "WSB" "L" -29 0 16 1 1 0 17.6 7.7 0 3.1 4.7 60 13.9 57 113 2.3 -2.6
"32" "32" 1996-01-13 33.04 "SAC" "@" "NYK" "W" 8 0 5 NA NA 0 28.2 13.2 24 0 0 NA 0 228 126 0.6 -0.5
"33" "33" 1996-01-15 33.04 "SAC" "@" "MIN" "L" -9 0 17 0.6 0.6 0 0 0 0 3 0 0 12.7 119 111 3.9 -0.2
"34" "34" 1996-01-18 33.05 "SAC" "" "POR" "W" 5 0 25 1.036 1 0 8.9 4.5 14.5 7 0 0 12.5 216 113 17.1 16.9
"35" "35" 1996-01-20 33.05 "SAC" "@" "DEN" "W" 5 0 27 0.612 0.5 0 17.3 10 11.8 0 3.2 7.1 24.6 125 118 10.9 -2
"36" "36" 1996-01-21 33.06 "SAC" "@" "PHO" "L" -14 0 23 0.571 0.429 4.7 34 19.2 23.4 6.3 0 9.4 20.4 119 97 13.4 9.3
"37" "37" 1996-01-23 33.06 "SAC" "" "DAL" "L" -2 0 14 0.615 0.5 0 8.6 4 10 0 0 29.1 20.3 97 121 1 -11.3
"38" "38" 1996-01-26 33.07 "SAC" "@" "GSW" "L" -6 0 22 0.694 0.5 0 29.1 15.6 11.9 0 3.3 25.8 7.8 120 121 3.5 -3.8
"39" "39" 1996-01-30 33.08 "SAC" "" "TOR" "W" 27 0 27 0.543 0.5 17.3 14 15.8 0 3.8 0 7.2 21.1 124 81 12.3 3.9
"40" "40" 1996-02-01 33.09 "SAC" "" "CHI" "L" -20 0 26 0.592 0.4 12.3 11.5 12 0 2.1 3.1 42.5 20.3 78 121 3.5 -5.7
"41" "41" 1996-02-03 33.09 "SAC" "@" "DET" "W" 9 0 25 0.45 0.375 15.2 13.1 14 6.1 7 0 10.1 19.6 105 92 8.9 4.3
"42" "42" 1996-02-05 33.1 "SAC" "@" "MIA" "L" -11 0 25 0.563 0.5 4.1 9.8 6.7 7 4.1 0 10.1 17.9 108 107 7.4 0.2
"43" "43" 1996-02-06 33.1 "SAC" "@" "ORL" "L" -10 0 21 0.59 0.5 0 13.4 5.7 0 2.3 0 9.7 19.7 118 114 6.8 -1.7
"44" "44" 1996-02-08 33.11 "SAC" "@" "CHH" "L" -10 0 24 0.592 0.4 15.4 11.4 13.5 5.4 0 0 22.8 15.9 115 129 6.7 -4.7
"45" "45" 1996-02-13 33.12 "SAC" "" "MIN" "L" -4 0 15 0.258 0.333 0 18.8 7.8 22.2 0 4.8 0 11 75 103 0.6 -6.4
"46" "46" 1996-02-14 33.12 "SAC" "@" "VAN" "L" -7 0 20 0.333 0.333 15.3 20.9 18.1 17.6 0 0 14.3 15.6 88 107 3.1 -7.2
"47" "47" 1996-02-16 33.13 "SAC" "" "BOS" "L" -28 1 27 0.394 0.375 3.7 4.4 4 16.8 3.3 0 10.1 14.5 88 119 5.5 -2.6
"48" "48" 1996-02-19 33.14 "SAC" "@" "HOU" "L" -7 0 28 0.679 0.679 7.1 11.8 9.4 19.6 4 0 6.7 23.5 143 121 17 11.1
"49" "49" 1996-02-21 33.14 "SAC" "@" "DAL" "L" -2 0 21 0.601 0.571 4.5 8.2 6.4 0 0 0 10.7 18.9 111 106 6.2 -1.2
"50" "50" 1996-02-27 33.16 "MIA" "@" "NJN" "W" 3 0 8 0.333 0.333 20 11.8 14.8 20 0 0 0 18.6 102 108 2 -1.7
"51" "51" 1996-02-28 33.16 "MIA" "@" "ORL" "L" -4 0 25 0.574 0.55 13.1 7.4 10 6.5 0 0 8.1 21.5 120 123 8.8 -0.1
"52" "52" 1996-03-01 33.17 "MIA" "" "POR" "L" -14 0 25 0.34 0.2 3.7 13.1 8 14.1 4.3 0 0 21.3 90 108 5.2 -4.4
"53" "53" 1996-03-03 33.17 "MIA" "@" "MIN" "L" -2 0 18 0 0 0 21.1 9.8 8.6 2.9 0 50 5 22 93 -0.7 -8.9
"54" "54" 1996-03-05 33.18 "MIA" "" "MIN" "W" 41 0 19 0.564 0.5 19.9 20.2 20.1 7.5 5.1 0 23.5 28.9 103 67 8.4 0.7
"55" "55" 1996-03-08 33.19 "MIA" "" "TOR" "W" 30 0 23 0.571 0.571 5 3.9 4.4 13.6 8.1 0 11.3 15.5 114 72 10.7 9.3
"56" "56" 1996-03-10 33.19 "MIA" "" "CLE" "W" 7 0 12 0.5 0.5 0 0 0 13.3 0 0 0 8.9 121 107 -0.3 -8.5
"57" "57" 1996-03-12 33.2 "MIA" "@" "DAL" "W" 7 0 22 0 0 12.8 19 16.4 24.8 2.1 4.1 66.7 5.6 96 109 3.5 2.6
"58" "58" 1996-03-14 33.2 "MIA" "@" "SAS" "L" -20 0 17 0.333 0.333 14.1 0 6.6 16 0 0 14.3 18.4 87 137 1.2 -9.6
"59" "59" 1996-03-20 33.22 "MIA" "" "DET" "W" 9 0 6 1 1 0 0 0 0 0 0 0 7.9 200 110 1.3 1.4
"60" "60" 1996-03-22 33.22 "MIA" "@" "MIL" "W" 16 0 21 0.51 0.4 0 19.5 10.5 5.9 2.2 2.9 0 11.8 122 100 6.5 1.7
"61" "61" 1996-03-24 33.23 "MIA" "@" "BOS" "W" 16 0 18 0.375 0.375 14 4.7 8.4 0 0 3.4 33.3 14.7 70 109 0.2 -8.2
"62" "62" 1996-03-29 33.24 "MIA" "" "WSB" "W" 19 0 8 NA NA 0 16.7 8 0 0 0 NA 0 0 108 0.3 -2.7
"63" "63" 1996-03-30 33.25 "MIA" "@" "DET" "W" 10 0 16 0.333 0.333 20 14.6 17.4 0 0 0 0 8.6 112 98 1.4 -5.1
"64" "64" 1996-04-02 33.25 "MIA" "" "CHI" "L" -18 0 8 0.568 NA 0 0 0 0 6.5 0 53.2 10.7 53 115 0.6 -1.3
"65" "65" 1996-04-04 33.26 "MIA" "@" "CHI" "L" -8 0 4 NA NA 0 26.7 14.3 0 0 0 NA 0 0 107 -0.1 -3.5
"66" "66" 1996-04-06 33.27 "MIA" "@" "IND" "L" -4 0 16 0.595 0.6 6 7.7 6.7 13.6 6.5 0 0 16.1 131 98 6.8 10
"67" "67" 1996-04-08 33.27 "MIA" "@" "WSB" "L" -12 0 26 0.429 0.429 11.3 5.4 8.9 6.5 0 0 12.5 13.3 99 129 3.2 -6.5
"68" "68" 1996-04-10 33.28 "MIA" "@" "CHH" "W" 21 0 15 0.5 0.5 0 15.2 8.4 0 0 0 0 6.2 106 108 -0.4 -9.7
"69" "69" 1996-04-11 33.28 "MIA" "" "MIL" "W" 10 0 16 0.888 0.8 9.4 27.3 18.5 28.1 0 0 0 19.2 191 114 13.4 16.2
"70" "70" 1996-04-19 33.3 "MIA" "@" "MIL" "W" 6 0 1 NA NA 0 0 0 0 0 0 NA 0 0 117 0 -4
"71" "71" 1996-04-21 33.31 "MIA" "" "ATL" "L" -12 0 30 0.387 0.25 10.4 20 14.9 5.3 3.2 0 22 23.8 77 102 4.5 -6.9
"1" "1" 1996-11-01 33.84 "ATL" "@" "MIA" "L" -13 1 25.6666666666667 0.615 0.5 0 12.9 6.9 17.3 2.1 0 17 10.6 116 107 5.5 1.9
"2" "2" 1996-11-02 33.84 "ATL" "" "DET" "L" -12 1 25.4333333333333 0.333 0.333 5.2 13.4 9.6 0 2.4 0 25 15.6 60 107 0.4 -6.1
"3" "3" 1996-11-04 33.85 "ATL" "@" "POR" "W" 18 1 31 0.441 0.4 3.9 12.2 7.9 0 5.3 0 5.9 26.1 92 82 7.9 2.4
"4" "4" 1996-11-05 33.85 "ATL" "@" "SEA" "W" 22 1 36.7 0.722 0.722 11.1 19 15.4 7.4 2.8 0 0 11.2 165 101 16.4 9.2
"5" "5" 1996-11-07 33.85 "ATL" "@" "SAC" "W" 4 1 27.5666666666667 0.512 0.375 7.5 12.9 10 6.4 7.7 0 23.5 20.4 93 87 8.4 4.2
"6" "6" 1996-11-10 33.86 "ATL" "@" "LAL" "L" -7 1 40.7833333333333 0.429 0.429 7.5 16.7 11.4 5.1 2.7 0 12.5 18.5 84 105 7.7 -3.8
"7" "7" 1996-11-12 33.87 "ATL" "" "CLE" "W" 4 1 38.6666666666667 0.597 0.55 10 10.5 10.3 14.3 1.5 0 21.6 17.5 108 104 9.5 1.3
"8" "8" 1996-11-13 33.87 "ATL" "@" "BOS" "L" -18 1 35.8666666666667 0.463 0.5 5.7 14 9.4 11 0 0 20.2 17.9 81 114 4.3 -8.9
"9" "9" 1996-11-15 33.88 "ATL" "" "MIA" "W" 8 1 40.55 0.764 0.65 2.9 15.6 9.5 0 2.8 0 12.2 19.6 147 94 18.3 9.8
"10" "10" 1996-11-16 33.88 "ATL" "@" "CHI" "L" -28 1 28.45 0.254 0.143 0 10.1 4.1 0 2.1 0 0 13.3 64 117 -0.5 -9.2
"11" "11" 1996-11-19 33.89 "ATL" "@" "CLE" "L" -10 1 37.8333333333333 0.589 0.545 8.2 11.2 9.7 22.7 1.6 1.9 20.2 20.1 101 93 10.8 6.4
"12" "12" 1996-11-21 33.89 "ATL" "@" "MIL" "W" 8 1 35.9166666666667 0.311 0.333 0 11.3 6.3 0 5 0 31.8 13.3 44 78 0.2 -4.5
"13" "13" 1996-11-23 33.9 "ATL" "@" "TOR" "W" 3 1 31.1333333333333 0.644 0.5 11.1 8.1 9.4 17 0 0 34 19.1 103 111 5.5 -4
"14" "14" 1996-11-26 33.91 "ATL" "" "VAN" "W" 21 1 34.1833333333333 0.743 0.727 9.6 8.5 9 18.1 0 2 14.9 17.6 135 92 15.8 7.3
"15" "15" 1996-11-27 33.91 "ATL" "@" "ORL" "L" -4 1 43.2166666666667 0.567 0.533 5.1 7.4 6.3 0 2.9 0 10.7 22 108 104 12.4 2.2
"16" "16" 1996-11-29 33.92 "ATL" "" "WSB" "W" 29 1 29.15 0.743 0.727 0 11.3 6.2 10.9 1.8 0 20.8 22.4 122 92 10.8 2.5
"17" "17" 1996-12-03 33.93 "ATL" "" "BOS" "W" 10 1 35.3 0.36 0.308 9.1 13.4 11.2 15.9 4.4 0 12.6 19.1 94 101 8 -4.7
"18" "18" 1996-12-04 33.93 "ATL" "@" "DET" "L" -10 1 36.35 0.781 0.75 0 6.3 2.5 10.4 1.7 0 0 16.6 163 131 13.9 5.1
"19" "19" 1996-12-07 33.94 "ATL" "" "TOR" "W" 26 1 38.3333333333333 0.472 0.375 3.5 16.8 10.9 7.4 2.7 0 0 16.2 120 80 10.5 0.5
"20" "20" 1996-12-10 33.95 "ATL" "" "DEN" "W" 1 1 38.6166666666667 0.429 0.429 6 16.3 11.8 13.5 1.5 1.8 12.5 10.1 102 101 7.4 1.1
"21" "21" 1996-12-14 33.96 "ATL" "" "PHI" "W" 25 1 33.2833333333333 0.509 0.409 7.9 8.9 8.5 9 1.7 0 13.6 21.3 108 96 9.2 -2.1
"22" "22" 1996-12-17 33.96 "ATL" "@" "DAL" "W" 36 1 25.8833333333333 0.571 0.571 4.7 30.1 18.9 17 4.2 0 22.2 16.8 110 72 8.7 1.5
"23" "23" 1997-01-07 34.02 "ATL" "" "PHO" "W" 2 0 23.6666666666667 0.129 0 0 17.7 9.2 0 2.2 0 20.5 9.1 24 102 -1.5 -10.3
"24" "24" 1997-01-09 34.02 "ATL" "@" "ORL" "W" 5 0 26.2333333333333 0.635 0.643 12 4.3 7.5 7.9 2.4 0 11.3 17.1 130 113 8.3 4.5
"25" "25" 1997-01-11 34.03 "ATL" "" "SAS" "W" 5 0 30.6833333333333 0.171 0.143 12.8 6 8.8 12.1 3.8 0 10.2 16.1 61 91 1.2 -3.9
"26" "26" 1997-01-13 34.04 "ATL" "@" "CLE" "W" 14 1 41.95 1 1 4.4 2.8 3.4 8.4 3.2 0 0 9.8 202 112 13.9 9.3
"27" "27" 1997-01-14 34.04 "ATL" "" "MIN" "W" 2 1 41.2833333333333 0.588 0.5 2.5 4.5 3.3 0 2.7 0 7.3 14.8 127 109 9.7 2.2
"28" "28" 1997-01-16 34.04 "ATL" "" "ORL" "W" 11 1 41.3333333333333 0.542 0.542 2.9 9.2 6.4 5.3 6 0 7.7 15.3 117 81 12.6 8.5
"29" "29" 1997-01-18 34.05 "ATL" "" "MIL" "W" 23 1 33.4666666666667 0.611 0.611 3.2 17.3 9.9 19.6 3.1 0 0 11.8 143 77 12.9 8.6
"30" "30" 1997-01-20 34.05 "ATL" "" "CHH" "W" 9 1 30.0333333333333 0.417 0.417 4.2 9.8 7.4 4.3 1.9 0 0 10.1 107 116 4.1 -2.6
"31" "31" 1997-01-21 34.06 "ATL" "@" "MIA" "L" -3 1 27.3333333333333 0.368 0.4 15.2 14 14.6 7 0 0 26.9 14.4 81 121 1.4 -7.9
"32" "32" 1997-01-24 34.07 "ATL" "" "WSB" "W" 12 1 42.7 0.65 0.65 0 27.4 14.3 6.9 0 1.5 0 11.5 139 111 11.5 0.7
"33" "33" 1997-01-25 34.07 "ATL" "" "BOS" "W" 5 1 37.5666666666667 0.689 0.7 3.4 12.3 8.1 8.6 0 0 8.4 14.3 143 110 11.5 2.7
"34" "34" 1997-01-28 34.08 "ATL" "@" "LAC" "W" 16 1 27.8 0.917 0.917 0 18.6 11.1 13.7 1.8 0 14.3 12 158 103 11.2 5.3
"35" "35" 1997-01-30 34.08 "ATL" "@" "UTA" "L" -6 1 27.4 0.333 0.333 5.1 6.3 5.6 6.7 0 0 0 11.8 90 135 2.3 -5.3
"36" "36" 1997-01-31 34.08 "ATL" "@" "VAN" "W" 11 1 38.0333333333333 0.55 0.55 0 14 7.8 4.6 4.8 0 23.1 17.3 88 91 6.6 -1.4
"37" "37" 1997-02-02 34.09 "ATL" "@" "DEN" "L" -11 1 31.5 0.5 0.5 0 0 0 4.7 0 0 0 14.1 116 138 4.9 -7.8
"38" "38" 1997-02-04 34.1 "ATL" "@" "GSW" "W" 22 1 33.9833333333333 0.145 0 0 12.8 6.7 13.4 1.7 0 0 9.7 77 104 2 -7.8
"39" "39" 1997-02-05 34.1 "ATL" "@" "PHO" "L" -18 1 29.2166666666667 0.394 0.313 3.7 7.9 5.7 12 0 0 0 13.6 99 118 4.1 -3.4
"40" "40" 1997-02-12 34.12 "ATL" "" "TOR" "W" 22 1 38.1833333333333 0.65 0.65 0 6.8 3.3 7.5 4.3 0 16.7 13.9 122 96 10.2 4.4
"41" "41" 1997-02-14 34.12 "ATL" "" "CHI" "L" -1 1 31.0166666666667 0.3 0.3 0 7 3.6 0 0 0 16.7 9.5 55 110 -0.9 -7.8
"42" "42" 1997-02-24 34.15 "ATL" "" "GSW" "W" 6 0 29.3666666666667 0.342 0.357 0 18.4 8.6 4.5 5.6 0 18.6 17.8 65 109 1.3 -8.8
"43" "43" 1997-02-26 34.16 "ATL" "@" "MIL" "W" 7 0 27 0.512 0.5 4 22.8 12.9 0 4.3 0 17 10.3 91 81 4.2 -2.1
"44" "44" 1997-02-28 34.16 "ATL" "" "LAL" "W" 11 1 43.0833333333333 0.167 0.167 0 14.9 8.3 17 1.3 0 14.3 8.3 67 94 2.7 -3.3
"45" "45" 1997-03-02 34.17 "ATL" "@" "DET" "L" -7 1 30.75 0.51 0.5 3.9 8.8 6.2 16.6 0 0 0 10.1 128 116 5.1 0.7
"46" "46" 1997-03-04 34.17 "ATL" "" "CLE" "W" 5 1 37.6 0.948 0.875 0 7 4.1 10.7 0 0 8.3 18.4 174 118 17.2 8.5
"47" "47" 1997-03-06 34.18 "ATL" "@" "PHI" "W" 13 1 37.7166666666667 0.75 0.75 6.2 3.1 4.6 7.9 0 1.9 16.7 13.4 127 115 12.6 0.4
"48" "48" 1997-03-07 34.18 "ATL" "" "MIL" "W" 10 1 33.1666666666667 0.465 0.333 0 13.5 6.8 10.9 1.7 0 0 15.9 107 96 8.1 -0.4
"49" "49" 1997-03-09 34.19 "ATL" "@" "BOS" "W" 24 1 20.35 0.45 0.375 5.7 9.6 7.8 19 0 0 0 17.9 117 93 5.8 -3.4
"50" "50" 1997-03-11 34.19 "ATL" "" "UTA" "W" 7 1 33.25 0.387 0.25 15.6 14.1 14.8 5.5 0 0 11.4 13 106 118 3.3 -3.4
"51" "51" 1997-03-12 34.19 "ATL" "@" "IND" "L" -10 1 24.5 0 0 5.9 5.1 5.5 0 2.5 0 20 10.6 13 117 -1.8 -11.3
"52" "52" 1997-03-14 34.2 "ATL" "" "SEA" "L" -6 1 37.9333333333333 0.444 0.444 0 9.5 4.7 0 0 0 18.2 13 82 120 0.6 -4.9
"53" "53" 1997-03-15 34.2 "ATL" "@" "CHI" "L" -20 1 24.4166666666667 0 0 8.9 15.4 11.9 7.1 2.3 0 0 13.3 24 115 -1.3 -11.5
"54" "54" 1997-03-17 34.21 "ATL" "" "ORL" "W" 5 1 42.8166666666667 0.571 0.571 0 8 3.4 10.8 1.3 0 6.7 15.8 125 115 10.9 0.1
"55" "55" 1997-03-19 34.21 "ATL" "" "IND" "W" 12 1 29.8666666666667 0.55 0.55 0 4.1 2.3 16 4 0 9.1 17.8 127 117 9 3
"56" "56" 1997-03-21 34.22 "ATL" "" "DAL" "W" 21 1 30.9166666666667 0.944 0.944 0 0 0 17.8 6 0 25 20.5 134 92 15.2 14.8
"57" "57" 1997-03-23 34.22 "ATL" "@" "TOR" "W" 11 1 39.8666666666667 0.833 0.833 10.3 3.1 6.5 17.1 1.5 0 18.2 13.6 148 104 14.1 11
"58" "58" 1997-03-25 34.23 "ATL" "" "POR" "W" 7 1 44.5666666666667 0.421 0.409 0 10.2 5.7 10.4 1.3 0 20.2 17.1 77 110 3.6 -6.9
"59" "59" 1997-03-27 34.24 "ATL" "" "LAC" "W" 15 1 27.2 0.35 0.35 9.6 22.2 16.7 6.4 2 0 9.1 18.7 86 97 4.7 -4.3
"60" "60" 1997-03-29 34.24 "ATL" "" "SAC" "W" 14 1 29.2333333333333 0.2 0.2 4.2 3.7 3.9 5.5 5.7 0 16.7 9.5 59 85 1.8 -3.1
"61" "61" 1997-04-02 34.25 "ATL" "@" "CHH" "L" -11 1 35.4833333333333 0.35 0.35 0 16.6 7.5 5.5 1.6 0 16.7 16.4 68 112 -0.3 -7.4
"62" "62" 1997-04-04 34.26 "ATL" "" "DET" "W" 14 1 35.3666666666667 0.542 0.542 3.4 3.2 3.3 9.7 1.8 0 0 16.9 136 121 8.8 1.4
"63" "63" 1997-04-05 34.26 "ATL" "" "NYK" "L" -5 1 35.75 0.073 0 0 12.5 6 12.9 0 0 12.7 10.6 38 123 -2.4 -9.7
"64" "64" 1997-04-09 34.27 "ATL" "@" "PHI" "W" 15 1 29.5833333333333 0.605 0.607 6.5 12 9.4 14.9 4.5 4.1 11.8 21.5 118 91 16.9 8.4
"65" "65" 1997-04-11 34.28 "ATL" "@" "IND" "W" 12 1 39.7666666666667 0.788 0.75 0 15 7.7 0 1.4 0 0 11.1 162 110 11 5
"66" "66" 1997-04-12 34.28 "ATL" "@" "MIN" "W" 14 1 32.9 0.184 0.1 8.7 9.5 9.1 13.5 1.8 0 0 15.8 69 85 2.4 -4.5
"67" "67" 1997-04-15 34.29 "ATL" "" "NJN" "W" 8 1 23.8166666666667 0.3 0.3 5.4 0 2.5 5.9 0 0 0 10.2 89 126 0.9 -9.7
"68" "68" 1997-04-16 34.29 "ATL" "@" "NYK" "L" -4 1 26.6 0.406 0.318 4.8 5.6 5.2 0 2 0 0 22 95 114 3.9 -6.2
"69" "69" 1997-04-19 34.3 "ATL" "" "PHI" "W" 32 1 20.3333333333333 0.5 0.5 0 13.1 8.5 18.8 4.7 0 16.7 12.7 119 97 5.8 0.9
"70" "70" 1997-04-20 34.3 "ATL" "@" "NJN" "L" -16 1 20.7333333333333 0.291 0.25 0 0 0 6.6 4.9 0 0 13.9 76 117 2.1 -6.2
"1" "1" 1997-10-31 34.83 "ATL" "@" "ORL" "W" 6 1 37.5333333333333 0.627 0.636 0 9.7 5.4 4.2 0 0 13.6 19.2 114 118 8.3 -4
"2" "2" 1997-11-01 34.84 "ATL" "" "TOR" "W" 5 1 31.2333333333333 0.45 0.417 4.4 24.8 16.4 5.7 0 0 18.4 24.1 86 95 4.8 -7.8
"3" "3" 1997-11-04 34.84 "ATL" "" "DET" "W" 11 1 25.6833333333333 0 0 5.3 12 9.1 0 2.2 0 40 9.5 12 86 -2.7 -8.3
"4" "4" 1997-11-05 34.85 "ATL" "@" "PHI" "W" 5 1 32.15 0.5 0.5 3.8 11 7.5 10.5 3.4 0 9.1 15.8 110 101 7.8 -1.4
"5" "5" 1997-11-07 34.85 "ATL" "" "CHI" "W" 2 1 40.2 0.568 0.455 5.5 15.4 10.1 15.7 4.1 0 7 16.7 126 88 15.1 8.7
"6" "6" 1997-11-08 34.85 "ATL" "@" "CLE" "W" 2 1 45.7 0.527 0.5 4 6.6 5.7 15.8 1.3 1.5 8.7 13 116 111 11.1 1.1
"7" "7" 1997-11-11 34.86 "ATL" "" "SEA" "W" 2 1 31.8 0.455 0.444 7.9 19.2 13.6 6 1.9 0 0 15.1 115 108 7.7 1.7
"8" "8" 1997-11-12 34.87 "ATL" "@" "IND" "W" 3 1 31.75 0.5 0.5 4.8 0 2.2 4.5 0 0 14.3 11 103 119 2.6 -5.2
"9" "9" 1997-11-14 34.87 "ATL" "" "SAC" "W" 1 1 29.3333333333333 0.538 0.538 3.7 13.8 8.9 17.5 0 0 0 19.3 128 115 10.5 1
"10" "10" 1997-11-16 34.88 "ATL" "" "LAC" "W" 6 1 40.95 0.44 0.385 3.3 2.7 3 18.3 1.4 0 6.3 18.5 100 102 7.4 -2.2
"11" "11" 1997-11-18 34.88 "ATL" "" "WAS" "W" 9 1 43 0.311 0.292 11.9 15.1 13.4 7.4 2.7 0 7.2 14.4 89 96 7.3 -1.2
"12" "12" 1997-11-20 34.89 "ATL" "" "NYK" "L" -21 1 30.95 0.589 0.591 3.8 15.1 9.4 16.6 3.7 0 14.4 22.1 107 112 9.6 4.2
"13" "13" 1997-11-22 34.89 "ATL" "@" "DET" "L" -2 1 43.1666666666667 0.442 0.417 7.2 18 12.6 12.7 1.3 0 7.4 15.6 100 105 7.6 -1.3
"14" "14" 1997-11-26 34.9 "ATL" "@" "TOR" "W" 5 1 49.6333333333333 0.455 0.444 0 4.4 2.4 9.1 4.3 0 16.8 10.8 86 97 7.4 -2.3
"15" "15" 1997-11-29 34.91 "ATL" "" "CHH" "W" 18 1 20.9333333333333 0.381 0.429 0 10.2 5.4 0 2.6 0 20.2 22.2 62 93 -0.5 -11.3
"16" "16" 1997-11-30 34.92 "ATL" "" "SAS" "W" 12 1 40.3 0.583 0.583 0 14.5 7.4 9.8 1.4 0 0 14.8 134 118 11.9 -0.6
"17" "17" 1997-12-02 34.92 "ATL" "@" "DAL" "W" 33 1 35.05 0.394 0.375 2.9 9.5 6.5 16.8 0 0 0 11.2 116 95 6.8 -1.8
"18" "18" 1997-12-04 34.93 "ATL" "@" "HOU" "L" -7 1 44.9 0.533 0.533 2.9 8.2 5.6 15.5 1.2 1.5 6.3 17.6 111 111 13.8 2.4
"19" "19" 1997-12-09 34.94 "ATL" "" "MIA" "L" -16 1 31.4833333333333 0.253 0.222 7.5 9.1 8.2 23.1 0 0 0 15 86 122 2.7 -4.8
"20" "20" 1997-12-11 34.95 "ATL" "@" "PHO" "L" -16 1 26.8166666666667 0.444 0.444 7.4 8.7 8 8.1 0 0 35.7 22.6 62 111 0.2 -10.9
"21" "21" 1997-12-12 34.95 "ATL" "@" "LAC" "W" 9 1 38.6833333333333 0.673 0.682 3.2 3.2 3.2 5 5.5 0 14.4 16.7 115 82 14.4 7.9
"22" "22" 1997-12-14 34.95 "ATL" "@" "SAC" "W" 4 1 33.2666666666667 0.333 0.333 4 6.6 5.5 17 0 0 10 14.5 84 112 1.7 -7.9
"23" "23" 1997-12-15 34.96 "ATL" "@" "POR" "W" 9 1 32.2166666666667 0.679 0.679 3.6 13.2 7.9 0 3.7 0 0 21 145 108 15.2 8.1
"24" "24" 1997-12-17 34.96 "ATL" "" "CLE" "W" 11 1 35.35 0.571 0.571 0 16.3 9.1 27 1.6 0 22.2 13.1 106 97 9 3.7
"25" "25" 1997-12-19 34.97 "ATL" "" "LAL" "L" -2 1 35.7666666666667 0.4 0.4 3.2 15.2 9.3 4.1 0 0 0 12.3 100 114 3.9 -6.5
"26" "26" 1997-12-20 34.97 "ATL" "@" "MIA" "L" -7 1 20.95 0.5 0.5 0 13.9 5.6 0 0 0 25 16.6 79 124 0.8 -10.5
"27" "27" 1997-12-22 34.98 "ATL" "" "UTA" "L" -2 1 32.15 0.563 0.5 4.5 3.4 3.9 11.5 1.8 2.1 0 14.3 130 123 9.3 2.8
"28" "28" 1997-12-26 34.99 "ATL" "@" "MIL" "L" -5 1 42.0166666666667 0.666 0.625 2.9 6.2 4.5 12.3 4.3 0 9.3 12.6 136 109 12.8 4.8
"29" "29" 1997-12-27 34.99 "ATL" "@" "CHI" "L" -7 1 26.5833333333333 0.643 0.643 0 11.1 5.9 8.1 2.1 0 12.5 14 113 113 6.1 0.6
"30" "30" 1998-01-02 35.01 "ATL" "@" "LAL" "L" -10 1 31.05 0.222 0.222 3.7 7 5.4 16.3 3.2 0 0 11.7 84 120 3.8 -4.6
"31" "31" 1998-01-03 35.01 "ATL" "@" "UTA" "L" -15 1 31.1333333333333 0.385 0.385 7 15.5 10.5 13.3 1.9 0 18.8 25.2 74 118 4.2 -6.6
"32" "32" 1998-01-07 35.02 "ATL" "@" "GSW" "W" 20 1 27.3833333333333 0.286 0.286 4.6 19.3 12.5 0 2 0 0 12.1 76 97 2.3 -10
"33" "33" 1998-01-09 35.02 "ATL" "" "WAS" "W" 5 1 38.4666666666667 0.5 0.5 3.5 8 6.1 13 0 0 25 10.4 95 98 3.9 -1.2
"34" "34" 1998-01-11 35.03 "ATL" "@" "WAS" "W" 5 1 47.1833333333333 0.607 0.538 3.2 11.5 8.1 4.2 6.2 0 0 16.7 137 104 18.2 5.8
"35" "35" 1998-01-13 35.04 "ATL" "@" "NYK" "W" 2 1 43.75 0.46 0.4 3.1 12.1 8.2 11 1.3 0 8.4 13.1 112 110 8.1 -0.5
"36" "36" 1998-01-14 35.04 "ATL" "" "DAL" "W" 26 1 22.95 0.145 0 5.4 0 2.3 22 2.1 2.9 0 13.1 77 85 3 -2.6
"37" "37" 1998-01-16 35.04 "ATL" "" "GSW" "W" 13 1 24.15 0.718 0.7 8.9 10.7 9.9 8.7 2.3 0 0 18.3 167 102 14.4 12.9
"38" "" 1998-01-17 35.05 "ATL" "@" "NJN" "L" -16 NA NA NA NA NA NA NA NA NA NA NA NA NA NA NA NA
"39" "" 1998-01-20 35.05 "ATL" "" "MIL" "W" 10 NA NA NA NA NA NA NA NA NA NA NA NA NA NA NA NA
"40" "" 1998-01-21 35.06 "ATL" "@" "SAS" "L" -14 NA NA NA NA NA NA NA NA NA NA NA NA NA NA NA NA
"41" "38" 1998-01-23 35.06 "ATL" "" "BOS" "L" -4 1 43.9833333333333 0.437 0.455 2.9 13.6 8.5 8.9 2.4 0 25.9 15.6 77 100 5.1 -2.5
"42" "39" 1998-01-24 35.07 "ATL" "" "POR" "L" -15 1 32.3166666666667 0.417 0.417 5.8 16.2 10.1 0 0 0 14.3 19.5 80 113 3.4 -8.3
"43" "40" 1998-01-26 35.07 "ATL" "" "PHO" "L" -5 1 37.2166666666667 0.519 0.5 0 11.8 6 5.2 2.9 0 12.2 20.4 96 107 9.1 -1.3
"44" "41" 1998-01-27 35.07 "ATL" "@" "MIN" "L" -17 1 21.45 0 0 0 43.2 19.5 6.3 0 0 0 4.2 27 118 0.2 -10.9
"45" "42" 1998-01-29 35.08 "ATL" "" "PHI" "W" 10 1 44.65 0.364 0.364 11 8.6 9.8 6.2 1.2 0 8.3 12.6 97 111 5.8 -6.5
"46" "43" 1998-01-31 35.08 "ATL" "@" "CHH" "W" 20 1 24.0833333333333 0.429 0.429 0 8.9 4.8 0 2.4 0 0 14.1 101 102 3.1 -4.8
"47" "44" 1998-02-02 35.09 "ATL" "@" "MIA" "L" -7 1 38.2333333333333 0.635 0.571 0 19.9 9.4 5.3 0 0 0 9.8 138 110 8.8 2.1
"48" "45" 1998-02-03 35.09 "ATL" "@" "ORL" "L" -1 1 32.25 0.636 0.636 3.7 0 1.7 17 1.8 2 0 17 136 116 12 4.3
"49" "46" 1998-02-05 35.1 "ATL" "@" "CLE" "W" 14 1 37.5166666666667 0.91 0.85 0 20.5 11.3 0 1.4 0 7.3 17.8 165 109 20.6 9.6
"50" "47" 1998-02-10 35.11 "ATL" "@" "MIL" "W" 8 1 32.65 0.75 0.75 0 10.9 5.7 12.9 1.7 0 27.3 15.6 112 118 7.8 0.4
"51" "48" 1998-02-13 35.12 "ATL" "@" "CHI" "L" -2 1 26.4833333333333 0.167 0.167 4.4 25.4 14.2 9.6 0 0 0 10.1 73 126 0.2 -9.7
"52" "49" 1998-02-14 35.12 "ATL" "" "IND" "L" -4 1 33.7666666666667 0.167 0.167 7.7 3.6 6 0 1.7 0 0 7.5 73 119 -0.8 -10.3
"53" "50" 1998-02-16 35.13 "ATL" "" "ORL" "L" -4 1 38.0833333333333 0.338 0.25 2.7 11.8 7 8.3 4.3 0 18.4 13.1 71 94 3.9 -2.8
"54" "51" 1998-02-18 35.13 "ATL" "" "NJN" "W" 10 1 33.5166666666667 0.632 0.615 0 12 7.1 14.5 0 0 13 19 119 114 11.9 0.3
"55" "52" 1998-02-20 35.14 "ATL" "" "VAN" "W" 23 1 28.9 0.676 0.667 0 7 3.8 4.9 8.6 0 0 20.7 135 89 16.7 10
"56" "53" 1998-02-25 35.15 "ATL" "@" "DEN" "W" 24 1 30.8 0.511 0.5 4.6 6.7 5.8 8.6 0 0 0 15.6 124 107 7.8 -3.1
"57" "54" 1998-02-27 35.16 "ATL" "@" "SEA" "L" -2 1 33.3166666666667 0.313 0.313 6.9 23.5 13.9 5.2 1.8 2.8 11.1 12.9 81 108 4.1 -2.6
"58" "55" 1998-03-01 35.16 "ATL" "@" "VAN" "W" 25 1 24.2666666666667 0.338 0.25 0 10.9 5.7 11.8 6.5 0 31.1 22.4 59 77 2.1 -7.8
"59" "56" 1998-03-06 35.18 "ATL" "" "DEN" "W" 21 1 33.4 0.591 0.5 4.2 12.1 8.8 16.5 3 0 11.1 24 121 98 15.8 2.5
"60" "57" 1998-03-08 35.18 "ATL" "" "CLE" "W" 5 1 39.3833333333333 0.611 0.438 0 19.7 10.5 15.7 1.3 0 22 14.9 119 104 10.6 2.2
"61" "58" 1998-03-11 35.19 "ATL" "@" "BOS" "W" 5 1 37.45 0.414 0.35 3.5 3.6 3.6 11.8 1.4 1.9 15.5 14.5 99 118 5.2 -2.8
"62" "59" 1998-03-13 35.2 "ATL" "@" "PHI" "L" -21 1 21.5166666666667 0.45 0.375 14.2 5.1 9.8 27.7 2.4 0 0 18.1 116 120 7.5 4.1
"63" "60" 1998-03-15 35.2 "ATL" "" "BOS" "W" 16 1 34.5 0.627 0.545 4.3 19.2 13.4 20.2 1.5 0 19 21.1 118 86 13.1 5
"64" "61" 1998-03-17 35.21 "ATL" "@" "TOR" "W" 12 1 31.55 0.842 0.864 0 16 8.1 15.8 3.1 0 0 15.5 179 108 19.1 13.9
"65" "62" 1998-03-19 35.21 "ATL" "" "MIL" "W" 3 1 41.55 0.46 0.4 2.6 9.5 6.6 12.9 4 0 15.5 14.6 96 92 8.3 0.7
"66" "63" 1998-03-20 35.22 "ATL" "@" "NYK" "L" -1 1 42.7833333333333 0.571 0.571 3.5 19.1 11.7 13.7 0 0 11.3 10.8 131 139 8 -1.3
"67" "64" 1998-03-22 35.22 "ATL" "@" "DET" "L" -7 1 35.3166666666667 0.55 0.55 4.2 8.6 6.3 10.7 1.5 0 0 13.1 134 122 8.4 1
"68" "65" 1998-03-24 35.23 "ATL" "" "ORL" "W" 12 1 37.55 0.559 0.5 3.4 30.9 18.5 18.9 1.6 0 6.5 19.1 141 87 14.9 8
"69" "66" 1998-03-27 35.24 "ATL" "" "CHI" "L" -15 1 30.5333333333333 0.557 0.556 0 25.2 14.3 12.8 1.9 0 23.3 21.9 87 104 7 -0.3
"70" "67" 1998-03-29 35.24 "ATL" "" "DET" "W" 23 1 34.05 1 1 8.1 10.1 9.2 13.4 3 0 0 13.5 204 103 20.6 14.2
"71" "68" 1998-03-31 35.25 "ATL" "@" "NJN" "L" -15 1 35.6666666666667 0.281 0.25 3.5 12.1 7.5 16.7 4.6 0 7.4 18.2 74 115 5 -3.2
"72" "69" 1998-04-01 35.25 "ATL" "" "TOR" "W" 14 1 29.4666666666667 0.474 0.438 0 22.4 13.7 4.7 6.9 0 10.6 14.5 95 86 8.6 1.2
"73" "70" 1998-04-03 35.25 "ATL" "" "HOU" "W" 20 1 34.55 0.281 0.292 3.3 6.7 5 8.1 1.6 0 0 15.7 91 103 2.3 -5.9
"74" "71" 1998-04-05 35.26 "ATL" "" "MIN" "L" -1 1 39.1 0.58 0.417 6 12.6 9.2 19.5 2.7 0 11.4 10.4 132 105 11.9 4.9
"75" "72" 1998-04-07 35.27 "ATL" "" "NYK" "W" 13 1 41.7166666666667 0.418 0.333 0 20.3 10.9 12.4 1.4 0 0 12.9 105 98 8.2 0.5
"76" "73" 1998-04-09 35.27 "ATL" "" "IND" "L" -3 1 31.0333333333333 0.388 0.333 3.2 4.2 3.6 5.4 1.8 0 7.2 18.8 103 116 3.7 -4.6
"77" "74" 1998-04-10 35.27 "ATL" "@" "CHH" "W" 12 1 21.2666666666667 0.333 0.333 0 0 0 0 8.1 0 14.3 16.5 61 98 2.2 -2.5
"78" "75" 1998-04-12 35.28 "ATL" "@" "WAS" "W" 10 1 39 0.551 0.5 0 16.1 8.5 15.5 1.4 0 0 13.5 126 92 9.9 3.2
"79" "76" 1998-04-14 35.28 "ATL" "" "PHI" "W" 1 1 35.3333333333333 0.588 0.545 3.7 7 5.4 14.8 6.3 0 7.3 19.2 121 106 14.9 3.6
"80" "77" 1998-04-15 35.29 "ATL" "@" "IND" "L" -12 1 37.7333333333333 0.333 0.333 2.9 6 4.4 4.6 0 0 0 7.5 96 110 1.4 -3.9
"81" "78" 1998-04-17 35.29 "ATL" "" "CHH" "W" 17 1 31.7833333333333 0.564 0.5 4.1 7.9 6 7.1 3.5 0 0 13.3 167 119 10.1 2.7
"82" "79" 1998-04-19 35.3 "ATL" "" "MIA" "W" 12 1 27.6333333333333 0.25 0.25 4.1 5.7 4.8 5.8 0 0 0 14.2 73 118 0.5 -11.5
"1" "1" 1999-02-05 36.1 "ATL" "" "CLE" "W" 17 0 21.4833333333333 0.325 0.333 0 0 0 17.5 2.5 0 0 23.9 80 98 3.1 -2.9
"2" "2" 1999-02-06 36.1 "ATL" "" "NJN" "W" 5 0 9.26666666666667 0 0 0 22.7 13.5 0 0 0 33.3 14.9 0 112 -3 -22.9
"3" "3" 1999-02-07 36.1 "ATL" "@" "NJN" "L" -10 0 2.28333333333333 0 0 0 0 0 0 28.1 0 0 44.3 0 46 -0.4 -1.2
"4" "4" 1999-02-09 36.11 "ATL" "@" "CHI" "W" 16 0 9.15 0 0 0 42.7 25.7 16.2 0 7.2 66.7 16.2 17 68 -0.9 -10.7
"5" "5" 1999-02-11 36.12 "ATL" "" "CHH" "W" 12 0 12.35 0.546 0.5 10 18.6 14.5 0 4.4 0 0 28.4 121 91 6.9 7.1
"6" "" 1999-02-14 36.12 "ATL" "@" "PHI" "L" -8 NA NA NA NA NA NA NA NA NA NA NA NA NA NA NA NA
"7" "6" 1999-02-16 36.13 "ATL" "@" "CHI" "W" 16 0 8.96666666666667 0.4 0.4 0 31.4 16.7 0 0 0 0 26.3 93 73 1.8 -2.1
"8" "7" 1999-02-19 36.14 "ATL" "" "ORL" "L" -5 0 8.66666666666667 1 1 0 18.4 7.9 0 0 0 0 11 200 116 3.7 7.8
"9" "8" 1999-02-20 36.14 "ATL" "@" "PHI" "W" 7 0 26.05 0.343 0.125 0 13.9 8.7 0 6.6 2.4 16.4 23.1 67 72 4.3 0.3
"10" "9" 1999-02-22 36.15 "ATL" "" "CHI" "L" -9 0 17.0333333333333 0.387 0.333 5.9 8.3 6.9 0 0 0 20.5 13.4 72 99 0.1 -8.5
"11" "10" 1999-02-23 36.15 "ATL" "@" "DAL" "L" -4 0 12.2666666666667 NA NA 0 10 4.5 12.5 0 5.7 100 3.7 33 105 0.7 -4.5
"12" "11" 1999-02-25 36.15 "ATL" "@" "HOU" "W" 6 1 35.4666666666667 0.576 0.577 6 4.3 5.3 9.2 3.2 0 0 19.6 132 106 14.2 6.5
"13" "12" 1999-02-27 36.16 "ATL" "@" "LAC" "W" 29 1 29.65 0.636 0.636 10.7 7 8.4 5.6 2 0 8.3 20.7 126 95 11 1.6
"14" "13" 1999-03-01 36.16 "ATL" "@" "ORL" "L" -3 1 42.7833333333333 0.423 0.423 2.7 15.2 9.1 0 1.3 0 7.1 15.9 87 86 5.6 0.1
"15" "14" 1999-03-02 36.17 "ATL" "" "WAS" "L" -20 1 37.1833333333333 0.53 0.55 0 4.1 1.8 0 0 2 8.1 15.9 93 109 5.8 -2.6
"16" "15" 1999-03-04 36.17 "ATL" "" "TOR" "L" -9 0 19.8 0.595 0.5 0 9.2 5.3 0 0 0 14.5 16.5 106 105 3.1 -0.5
"17" "16" 1999-03-08 36.18 "ATL" "@" "ORL" "W" 4 0 25.95 0.698 0.643 0 5 2.2 5.2 0 0 0 12.1 167 124 7.5 -0.5
"18" "17" 1999-03-10 36.19 "ATL" "@" "MIA" "L" -10 0 18.1333333333333 0.563 0.563 0 0 0 37.5 3.2 0 0 21.4 132 109 7.7 13.1
"19" "18" 1999-03-11 36.19 "ATL" "" "BOS" "W" 14 0 21.0833333333333 0.429 0.375 5.2 14.3 9.9 7.1 0 0 9.7 20.9 100 98 3.3 -5.8
"20" "19" 1999-03-13 36.2 "ATL" "" "TOR" "W" 11 0 18.2166666666667 0.134 0.143 6.7 6.8 6.8 22.9 0 3.9 11.8 22.1 45 94 -1.6 -11.3
"21" "20" 1999-03-14 36.2 "ATL" "@" "DET" "W" 13 0 26.2166666666667 0.387 0.278 0 12.3 6.4 15.8 6.5 0 7.9 23.9 84 79 5.8 2.2
"22" "21" 1999-03-16 36.21 "ATL" "@" "IND" "W" 6 0 11.8333333333333 0.512 0.5 8.5 7.7 8.1 15.4 0 0 0 19 122 100 4.3 6.4
"23" "22" 1999-03-17 36.21 "ATL" "" "MIA" "L" -1 0 5.06666666666667 0 0 19.2 0 12 0 0 0 0 9.3 52 121 0 -8.7
"24" "23" 1999-03-19 36.21 "ATL" "" "PHO" "W" 8 0 27.75 0.66 0.545 13.9 14.6 14.3 0 2 2.8 6.8 24.2 148 98 15.5 13.3
"25" "24" 1999-03-20 36.22 "ATL" "" "MIL" "L" -6 0 25.7833333333333 0.349 0.292 18.5 9.7 14.2 0 0 0 18.9 28.4 80 109 2.2 -6.3
"26" "25" 1999-03-22 36.22 "ATL" "@" "NYK" "W" 9 0 23.4333333333333 0.45 0.45 10.2 22.2 16.6 12.5 0 0 0 21.1 103 85 6 2.8
"27" "26" 1999-03-24 36.23 "ATL" "" "IND" "W" 1 0 22.8333333333333 0.694 0.7 0 12.5 7.3 6.6 0 0 0 14.3 150 120 7.7 2.3
"28" "27" 1999-03-26 36.23 "ATL" "" "CHI" "W" 12 0 31.75 0.394 0.313 0 8.8 4.4 10 0 0 18.4 16.2 76 101 1.4 -8.1
"29" "28" 1999-03-27 36.24 "ATL" "" "PHI" "W" 4 0 29.8833333333333 0.547 0.5 7.2 17.7 11.9 0 0 0 7.8 19.5 116 107 7.3 -0.8
"30" "29" 1999-03-29 36.24 "ATL" "@" "IND" "W" 1 0 18.45 0.285 0.286 7.2 0 3.4 0 3.4 0 0 25.6 69 106 1.4 -5.6
"31" "30" 1999-03-30 36.24 "ATL" "" "DET" "L" -16 0 22.85 0.375 0.375 0 14.6 7.6 8.1 2.6 0 20 10.5 75 114 1 -6.3
"32" "31" 1999-04-01 36.25 "ATL" "@" "NJN" "L" -5 0 23.45 0.436 0.333 0 18.1 9.7 0 2.5 2.8 30.4 20.4 65 102 2.5 -5.4
"33" "32" 1999-04-02 36.25 "ATL" "" "VAN" "W" 3 0 26.95 0.636 0.636 8.1 4.6 6.4 18.4 4.3 0 8.3 20.4 136 99 12 13
"34" "33" 1999-04-04 36.26 "ATL" "" "CHH" "W" 2 0 33.0333333333333 0.75 0.75 0 15.7 7.4 6.3 0 0 16.7 17.5 118 98 9.1 3.9
"35" "34" 1999-04-05 36.26 "ATL" "@" "CHH" "W" 6 0 21.8833333333333 0.643 0.643 0 10.1 5.7 0 2.5 0 22.2 19.9 91 84 4.9 3.2
"36" "35" 1999-04-07 36.27 "ATL" "@" "DET" "L" -7 0 23.3 0.643 0.643 0 5.8 2.7 8.8 2.8 0 12.5 18.1 115 120 5.5 4.4
"37" "36" 1999-04-09 36.27 "ATL" "" "NYK" "L" -8 0 29.1333333333333 0.354 0.333 8.1 7.7 7.9 7.3 2.1 0 9.2 18.4 91 110 3 -1
"38" "37" 1999-04-10 36.27 "ATL" "@" "CLE" "L" -14 0 28.75 0.258 0.167 7.5 8.5 8 18 2.1 0 0 13.2 78 103 3 -0.5
"39" "38" 1999-04-13 36.28 "ATL" "@" "MIL" "L" -7 1 35.45 0.25 0.25 0 24.2 11 21.3 1.7 0 16.7 16.1 70 111 2.7 -5
"40" "39" 1999-04-14 36.28 "ATL" "@" "BOS" "W" 7 1 25.0833333333333 0.305 0.167 4.8 11.3 8.4 7.4 0 0 19.6 20.3 66 93 -0.5 -9.7
"41" "40" 1999-04-16 36.29 "ATL" "" "ORL" "W" 12 0 18.7 0.21 0 0 5.2 3.1 7.4 3 0 29.6 17.9 41 96 -2.1 -12.7
"42" "41" 1999-04-20 36.3 "ATL" "@" "TOR" "W" 22 0 19.25 0.722 0.722 6.2 12.3 9.2 0 0 0 0 22.7 143 101 9.6 9.3
"43" "42" 1999-04-22 36.31 "ATL" "" "BOS" "W" 12 0 18.9333333333333 0.5 0.5 7 11.2 9.4 0 0 0 9.1 26.6 96 109 4.5 -8.4
"44" "43" 1999-04-23 36.31 "ATL" "@" "WAS" "W" 11 0 33.0666666666667 0.558 0.538 3.5 18.6 11.4 7.3 5 0 0 19.5 119 83 14.1 7.5
"45" "44" 1999-04-25 36.32 "ATL" "" "MIL" "W" 15 0 32.1166666666667 0.417 0.417 0 29.2 14.2 11.5 4 0 25 12.5 82 88 4.7 0.2
"46" "45" 1999-04-28 36.32 "ATL" "" "NYK" "W" 3 0 13.2 0.266 0 0 11.2 4.8 0 0 0 34.7 11 37 90 -1.2 -8.7
"47" "46" 1999-04-30 36.33 "ATL" "" "IND" "L" -2 0 37.2666666666667 0.551 0.55 6.2 3.6 5 0 0 0 8.4 15.2 119 112 6.1 2.3
"48" "" 1999-05-04 36.34 "ATL" "@" "MIA" "L" -14 NA NA NA NA NA NA NA NA NA NA NA NA NA NA NA NA
"49" "47" 1999-05-05 36.34 "ATL" "" "WAS" "W" 8 0 27.9333333333333 0.444 0.444 7.1 4.2 5.8 20.7 0 0 0 13.2 132 113 7 0.5
"1" "" 1999-11-05 36.85 "SAC" "" "MIN" "W" 5 NA NA NA NA NA NA NA NA NA NA NA NA NA NA NA NA
"2" "" 1999-11-06 36.85 "SAC" "@" "MIN" "L" -13 NA NA NA NA NA NA NA NA NA NA NA NA NA NA NA NA
"3" "" 1999-11-12 36.87 "SAC" "" "UTA" "W" 13 NA NA NA NA NA NA NA NA NA NA NA NA NA NA NA NA
"4" "1" 1999-11-14 36.87 "SAC" "" "DEN" "W" 10 0 11.4333333333333 0.25 0.25 0 27.3 14 0 0 0 20 16.9 43 112 -0.5 -14.5
"5" "2" 1999-11-16 36.88 "SAC" "" "VAN" "W" 4 0 15.7 0.254 0.143 19.4 38.3 27.5 21.4 0 0 11.3 21.7 75 76 3.3 -3.8
"6" "" 1999-11-18 36.88 "SAC" "@" "HOU" "W" 18 NA NA NA NA NA NA NA NA NA NA NA NA NA NA NA NA
"7" "" 1999-11-19 36.88 "SAC" "@" "DAL" "W" 9 NA NA NA NA NA NA NA NA NA NA NA NA NA NA NA NA
"8" "" 1999-11-21 36.89 "SAC" "" "HOU" "W" 5 NA NA NA NA NA NA NA NA NA NA NA NA NA NA NA NA
"9" "" 1999-11-23 36.9 "SAC" "" "NJN" "W" 13 NA NA NA NA NA NA NA NA NA NA NA NA NA NA NA NA
"10" "3" 1999-11-26 36.9 "SAC" "" "GSW" "W" 29 0 7.01666666666667 0.515 0.333 16.7 23.6 20.8 16.7 6.8 0 0 23.6 133 80 5.3 10.2
"11" "4" 1999-11-29 36.91 "SAC" "@" "MIA" "L" -10 0 4.76666666666667 NA NA 0 0 0 0 0 0 NA 0 0 102 0 -3.1
"12" "5" 1999-11-30 36.92 "SAC" "@" "ORL" "W" 9 0 5.05 0 0 0 41.7 20.6 0 0 0 50 16.2 0 94 -2.3 -28.4
"13" "6" 1999-12-02 36.92 "SAC" "@" "ATL" "L" -10 0 6.6 0 0 12 14.6 13.2 0 0 0 0 11.6 32 112 -0.4 -13.1
"14" "" 1999-12-04 36.93 "SAC" "@" "WAS" "W" 10 NA NA NA NA NA NA NA NA NA NA NA NA NA NA NA NA
"15" "7" 1999-12-06 36.93 "SAC" "@" "NJN" "L" -14 0 19.1833333333333 0.2 0.2 0 16.5 8.6 0 2.4 0 16.7 12.9 36 104 -0.6 -8.1
"16" "" 1999-12-08 36.94 "SAC" "" "LAL" "W" 12 NA NA NA NA NA NA NA NA NA NA NA NA NA NA NA NA
"17" "" 1999-12-10 36.94 "SAC" "" "MIA" "L" -10 NA NA NA NA NA NA NA NA NA NA NA NA NA NA NA NA
"18" "8" 1999-12-11 36.95 "SAC" "" "POR" "L" -5 0 25.5166666666667 0.506 0.444 3.5 8.2 5.6 13.6 0 0 0 16.6 115 111 5.6 -2.2
"19" "9" 1999-12-15 36.96 "SAC" "@" "VAN" "W" 3 0 16.55 0.543 0.5 0 16.9 8.1 19.1 2.6 0 13.4 16.8 101 97 4.3 -1.4
"20" "10" 1999-12-16 36.96 "SAC" "@" "DEN" "L" -10 0 7.61666666666667 0.521 0.5 0 12 6.1 18.2 0 0 0 14.7 121 120 1.8 -3.3
"21" "11" 1999-12-18 36.96 "SAC" "@" "PHO" "L" -16 0 7.63333333333333 0.5 0.5 10.3 34.6 21.8 0 0 9 33.3 15 77 105 1.5 -3.1
"22" "12" 1999-12-20 36.97 "SAC" "@" "GSW" "L" -12 1 32.8833333333333 0.371 0.333 0 13.5 5.6 8.2 1.4 0 0 10.3 104 110 4.7 -4.7
"23" "13" 1999-12-21 36.97 "SAC" "" "MIL" "W" 13 0 4.2 0 0 51.1 0 27 0 0 0 0 20.7 63 106 0 -14.3
"24" "" 1999-12-23 36.98 "SAC" "@" "LAC" "L" -6 NA NA NA NA NA NA NA NA NA NA NA NA NA NA NA NA
"25" "" 1999-12-26 36.99 "SAC" "" "DAL" "W" 7 NA NA NA NA NA NA NA NA NA NA NA NA NA NA NA NA
"26" "" 1999-12-28 36.99 "SAC" "" "BOS" "W" 13 NA NA NA NA NA NA NA NA NA NA NA NA NA NA NA NA
"27" "" 1999-12-29 36.99 "SAC" "@" "SEA" "W" 9 NA NA NA NA NA NA NA NA NA NA NA NA NA NA NA NA
"28" "14" 2000-01-04 37.01 "SAC" "@" "CLE" "W" 4 0 5.25 NA NA 0 0 0 0 0 0 NA 0 0 114 0 -6.1
"29" "15" 2000-01-06 37.02 "SAC" "@" "TOR" "L" -12 0 4.95 0 0 0 0 0 26.7 0 0 0 8.4 45 113 -0.4 -7.5
"30" "" 2000-01-07 37.02 "SAC" "@" "BOS" "L" -8 NA NA NA NA NA NA NA NA NA NA NA NA NA NA NA NA
"31" "" 2000-01-09 37.02 "SAC" "" "IND" "W" 3 NA NA NA NA NA NA NA NA NA NA NA NA NA NA NA NA
"32" "16" 2000-01-11 37.03 "SAC" "" "HOU" "W" 17 0 5.31666666666667 0 0 0 19.2 10.2 0 0 0 0 8.4 0 96 -0.4 -12.3
"33" "" 2000-01-13 37.04 "SAC" "" "SAS" "W" 4 NA NA NA NA NA NA NA NA NA NA NA NA NA NA NA NA
"34" "" 2000-01-15 37.04 "SAC" "@" "GSW" "W" 15 NA NA NA NA NA NA NA NA NA NA NA NA NA NA NA NA
"35" "" 2000-01-16 37.04 "SAC" "" "CLE" "W" 11 NA NA NA NA NA NA NA NA NA NA NA NA NA NA NA NA
"36" "" 2000-01-18 37.05 "SAC" "" "LAC" "W" 6 NA NA NA NA NA NA NA NA NA NA NA NA NA NA NA NA
"37" "17" 2000-01-20 37.05 "SAC" "" "ORL" "W" 8 0 22.4 0.545 0.545 18.2 5 11.9 7.3 0 0 0 19 135 108 9.3 1.4
"38" "18" 2000-01-22 37.06 "SAC" "" "UTA" "L" -3 0 6.08333333333333 0 0 0 0 0 0 8.6 0 0 7.3 0 102 -0.1 -4.4
"39" "19" 2000-01-25 37.07 "SAC" "@" "CHH" "W" 11 0 30.0333333333333 0.563 0.563 0 13.6 7.6 4.3 1.5 0 20 14.4 84 98 5.1 -3.2
"40" "20" 2000-01-26 37.07 "SAC" "@" "MIL" "L" -8 0 24.9333333333333 0.636 0.636 3.3 15.4 8.8 7.3 1.9 0 0 16.7 137 106 10.7 5.3
"41" "21" 2000-01-28 37.08 "SAC" "@" "CHI" "W" 12 0 23.8 0.41 0.25 4.8 27.3 16.3 15.4 2.1 0 0 8.6 125 91 6.8 2.4
"42" "22" 2000-01-30 37.08 "SAC" "@" "NYK" "L" -9 0 24.45 0.455 0.5 4.4 17.6 10.1 5.7 5.9 0 9.2 18.6 92 111 7.4 1.7
"43" "23" 2000-01-31 37.08 "SAC" "@" "MIN" "L" -15 1 28.3333333333333 0 0 0 5.7 2.1 5 0 0 0 8.5 9 111 -4.4 -13.7
"44" "24" 2000-02-02 37.09 "SAC" "@" "DET" "W" 3 1 35.7166666666667 0.65 0.65 6.5 13.9 10.5 7.6 5.2 0 9.1 12.9 128 101 14.9 6.5
"45" "25" 2000-02-04 37.1 "SAC" "@" "IND" "L" -10 1 29.5 0.508 0.5 3.1 15 8.4 0 0 2.4 11.3 12.8 93 107 4.3 -1.5
"46" "26" 2000-02-06 37.1 "SAC" "@" "PHI" "L" -11 1 22.0333333333333 0.417 0.417 8.4 8.2 8.3 19.5 2.1 0 40 18.1 70 117 2.3 -5.9
"47" "27" 2000-02-08 37.11 "SAC" "" "CHI" "W" 39 0 16.4 0.333 0.333 0 21.4 11 7.1 9.6 0 0 16.5 81 71 4.8 0.6
"48" "28" 2000-02-10 37.11 "SAC" "" "DEN" "W" 12 0 19.35 0.291 0.167 5 0 2.5 0 0 0 0 15.6 76 98 0.1 -9.5
"49" "" 2000-02-15 37.13 "SAC" "" "PHO" "L" -9 NA NA NA NA NA NA NA NA NA NA NA NA NA NA NA NA
"50" "" 2000-02-17 37.13 "SAC" "@" "UTA" "L" -11 NA NA NA NA NA NA NA NA NA NA NA NA NA NA NA NA
"51" "" 2000-02-18 37.13 "SAC" "" "SEA" "W" 33 NA NA NA NA NA NA NA NA NA NA NA NA NA NA NA NA
"52" "29" 2000-02-20 37.14 "SAC" "" "POR" "L" -5 0 13.3666666666667 0.571 0.571 0 19.4 8.7 0 8 0 0 22.7 119 91 6.1 9.2
"53" "30" 2000-02-21 37.14 "SAC" "@" "DEN" "L" -6 0 29.4833333333333 0.333 0.333 3.5 9.6 6.7 22.8 0 0 10 14 92 120 4.6 -4.9
"54" "31" 2000-02-23 37.15 "SAC" "" "ATL" "L" -6 0 18.2333333333333 0.333 0.333 0 14.5 7.8 0 2.8 2.6 25 9.3 54 99 1.1 -3.6
"55" "32" 2000-02-26 37.16 "SAC" "@" "VAN" "L" -12 0 7.88333333333333 0 0 12.2 14.6 13.3 0 0 0 0 5.3 53 113 0.3 -8.2
"56" "" 2000-02-29 37.16 "SAC" "" "VAN" "W" 25 NA NA NA NA NA NA NA NA NA NA NA NA NA NA NA NA
"57" "" 2000-03-02 37.17 "SAC" "@" "HOU" "L" -3 NA NA NA NA NA NA NA NA NA NA NA NA NA NA NA NA
"58" "" 2000-03-04 37.18 "SAC" "@" "SAS" "W" 5 NA NA NA NA NA NA NA NA NA NA NA NA NA NA NA NA
"59" "33" 2000-03-06 37.18 "SAC" "" "DAL" "W" 21 0 16.4333333333333 0.2 0.2 13.3 13.3 13.3 6.4 0 0 28.6 17 61 113 -1.2 -15.4
"60" "34" 2000-03-08 37.19 "SAC" "" "CHH" "W" 13 0 18.1 0.5 0.5 6.3 18.6 12.5 6.4 0 0 0 9.7 120 99 3.5 -0.5
"61" "35" 2000-03-10 37.19 "SAC" "" "TOR" "W" 15 0 18.3 0.4 0.4 5.3 16.3 10.8 0 0 0 0 12 93 96 2.5 -4.4
"62" "36" 2000-03-12 37.2 "SAC" "@" "LAL" "L" -3 0 14.0833333333333 0 0 0 6.9 3.7 8.4 0 0 0 6.4 32 119 -1.2 -8.9
"63" "37" 2000-03-14 37.2 "SAC" "@" "POR" "L" -5 0 20.1333333333333 0.102 0 4.8 10.4 7.5 7.1 2.5 0 0 10.8 45 103 0 -6.5
"64" "38" 2000-03-15 37.21 "SAC" "" "LAC" "W" 20 0 23.0166666666667 0.41 0.25 9.5 7.6 8.4 11.6 0 0 29.1 13 84 88 1.4 -5.5
"65" "39" 2000-03-18 37.21 "SAC" "@" "LAC" "W" 21 0 17.55 0.51 0.4 0 14 6.5 0 5.5 0 0 14.8 106 81 5.5 2.8
"66" "40" 2000-03-21 37.22 "SAC" "" "WAS" "W" 12 0 20.75 1.215 1.25 0 11.6 7.1 7.5 2.4 2.7 25.8 7.9 174 87 7.5 11.5
"67" "41" 2000-03-22 37.22 "SAC" "@" "PHO" "L" -21 0 25.35 0 0 0 5.3 2.2 22.6 0 0 14.3 11.3 30 119 -2.1 -10.1
"68" "42" 2000-03-24 37.23 "SAC" "" "DET" "W" 10 0 20.3666666666667 0.444 0.2 0 4.9 2.8 21.4 2.4 0 0 14.3 126 107 4.7 0
"69" "43" 2000-03-26 37.24 "SAC" "" "LAL" "L" -1 0 33.9 0.375 0.375 0 14.7 7.3 8.4 0 0 11.1 12.3 76 103 2.7 -3.9
"70" "44" 2000-03-28 37.24 "SAC" "" "NYK" "W" 8 0 21.4333333333333 0.51 0.4 0 16.8 8.4 0 2.4 0 0 12.8 111 105 4.4 -4.1
"71" "45" 2000-03-31 37.25 "SAC" "@" "SEA" "L" -15 0 11.0166666666667 0.5 0.5 0 10.4 5.2 0 0 0 0 7.9 97 126 0.9 -8.3
"72" "46" 2000-04-02 37.25 "SAC" "" "PHI" "W" 22 0 12 0.615 0.5 11.1 19 15.4 18.6 0 0 0 9.1 169 106 4.7 6.3
"73" "47" 2000-04-04 37.26 "SAC" "@" "DAL" "L" -3 0 22.25 0.333 0.333 4.7 6.6 5.5 0 0 0 0 5.7 98 119 0.5 -9.7
"74" "48" 2000-04-05 37.26 "SAC" "@" "SAS" "W" 10 0 7.45 NA NA 0 0 0 0 7.6 0 NA 0 0 103 1 3.9
"75" "49" 2000-04-07 37.27 "SAC" "" "MIN" "L" -3 0 21.6666666666667 0.4 0.4 8.6 19.8 13.8 23.7 6.7 3 0 9.3 113 84 7.3 8.4
"76" "50" 2000-04-09 37.27 "SAC" "" "PHO" "L" -5 0 20.8833333333333 0.3 0.3 4.1 20.8 11.4 13.2 4.8 0 16.7 11.4 78 99 3 -0.6
"77" "" 2000-04-11 37.28 "SAC" "" "SAS" "L" -6 NA NA NA NA NA NA NA NA NA NA NA NA NA NA NA NA
"78" "51" 2000-04-13 37.28 "SAC" "" "GSW" "W" 23 0 16.1166666666667 0.727 0.75 8.3 17.3 13.6 35.3 2.8 0 0 17.5 158 98 11.6 14.2
"79" "52" 2000-04-14 37.29 "SAC" "@" "LAL" "L" -7 0 7.23333333333333 0.205 0 15.9 0 8.5 0 0 0 0 27.1 67 124 -0.5 -18.8
"80" "" 2000-04-16 37.29 "SAC" "@" "POR" "L" -7 NA NA NA NA NA NA NA NA NA NA NA NA NA NA NA NA
"81" "53" 2000-04-18 37.3 "SAC" "" "SEA" "L" -7 0 22.5333333333333 1.064 1 4.4 21.3 13 11.6 0 0 0 3.4 228 112 6.5 3
"82" "54" 2000-04-19 37.3 "SAC" "@" "UTA" "L" -9 0 21.2666666666667 0.4 0.4 0 21.3 10.4 8.3 2.4 0 44.4 18.6 47 96 -0.6 -9.4
"1" "" 2000-10-31 37.84 "TOR" "" "DET" "L" -9 NA NA NA NA NA NA NA NA NA NA NA NA NA NA NA NA
"2" "" 2000-11-01 37.84 "TOR" "@" "PHI" "L" -6 NA NA NA NA NA NA NA NA NA NA NA NA NA NA NA NA
"3" "" 2000-11-03 37.84 "TOR" "@" "BOS" "L" -2 NA NA NA NA NA NA NA NA NA NA NA NA NA NA NA NA
"4" "" 2000-11-04 37.85 "TOR" "" "WAS" "W" 7 NA NA NA NA NA NA NA NA NA NA NA NA NA NA NA NA
"5" "1" 2000-11-07 37.85 "TOR" "" "BOS" "W" 30 0 12.8333333333333 0.6 0.6 11.5 19.1 16.4 0 3.8 0 0 17.4 125 73 5.9 5.6
"6" "2" 2000-11-10 37.86 "TOR" "" "CLE" "W" 27 0 5.18333333333333 0 0 0 20.9 11.6 0 0 0 0 8.8 0 100 -0.4 -14.7
"7" "" 2000-11-11 37.87 "TOR" "@" "CHI" "W" 23 NA NA NA NA NA NA NA NA NA NA NA NA NA NA NA NA
"8" "3" 2000-11-16 37.88 "TOR" "" "POR" "L" -6 0 5.56666666666667 0.5 0.5 0 20 8.6 0 0 0 0 15.2 99 99 0.5 -6.4
"9" "" 2000-11-18 37.88 "TOR" "" "MIL" "W" 9 NA NA NA NA NA NA NA NA NA NA NA NA NA NA NA NA
"10" "4" 2000-11-20 37.89 "TOR" "" "CHH" "L" -36 0 8.8 0 0 0 0 0 0 0 0 0 9.3 0 116 -2.2 -18.5
"11" "5" 2000-11-23 37.9 "TOR" "@" "IND" "W" 20 0 2.5 0 0 0 0 0 0 0 0 0 43.9 0 106 -1.4 -40
"12" "" 2000-11-25 37.9 "TOR" "@" "NYK" "W" 4 NA NA NA NA NA NA NA NA NA NA NA NA NA NA NA NA
"13" "6" 2000-11-26 37.91 "TOR" "" "CHI" "W" 12 0 10.7166666666667 0 0 0 9.5 5 0 0 0 0 8.3 0 107 -1.1 -14.1
"14" "" 2000-11-28 37.91 "TOR" "@" "DAL" "L" -14 NA NA NA NA NA NA NA NA NA NA NA NA NA NA NA NA
"15" "7" 2000-11-29 37.92 "TOR" "@" "CHH" "L" -24 0 7.61666666666667 0.25 0.25 0 0 0 0 0 0 0 22.2 57 126 -0.8 -16.9
"16" "" 2000-12-01 37.92 "TOR" "" "LAC" "W" 9 NA NA NA NA NA NA NA NA NA NA NA NA NA NA NA NA
"17" "" 2000-12-05 37.93 "TOR" "@" "UTA" "L" -14 NA NA NA NA NA NA NA NA NA NA NA NA NA NA NA NA
"18" "8" 2000-12-06 37.93 "TOR" "@" "POR" "L" -7 0 4.15 0 0 0 0 0 0 0 0 50 24.3 0 119 -1.7 -29.1
"19" "9" 2000-12-08 37.94 "TOR" "@" "GSW" "W" 16 0 0.933333333333333 NA NA 0 0 0 0 0 0 NA 0 0 107 0 -3.2
"20" "" 2000-12-10 37.95 "TOR" "" "PHO" "L" -8 NA NA NA NA NA NA NA NA NA NA NA NA NA NA NA NA
"21" "" 2000-12-12 37.95 "TOR" "" "IND" "W" 14 NA NA NA NA NA NA NA NA NA NA NA NA NA NA NA NA
"22" "" 2000-12-14 37.96 "TOR" "" "NYK" "W" 2 NA NA NA NA NA NA NA NA NA NA NA NA NA NA NA NA
"23" "" 2000-12-15 37.96 "TOR" "@" "MIL" "L" -7 NA NA NA NA NA NA NA NA NA NA NA NA NA NA NA NA
"24" "" 2000-12-17 37.96 "TOR" "" "LAL" "L" -3 NA NA NA NA NA NA NA NA NA NA NA NA NA NA NA NA
"25" "10" 2000-12-19 37.97 "TOR" "" "UTA" "W" 8 0 15.0666666666667 0.515 0.667 0 0 0 18.5 0 0 34 17.4 73 116 -0.3 -13.4
"26" "11" 2000-12-20 37.97 "TOR" "@" "IND" "W" 1 0 7.6 0 0 0 0 0 0 0 0 0 5.7 0 112 -1.9 -18.2
"27" "" 2000-12-22 37.98 "TOR" "" "ATL" "L" -6 NA NA NA NA NA NA NA NA NA NA NA NA NA NA NA NA
"28" "" 2000-12-26 37.99 "TOR" "@" "MIN" "L" -3 NA NA NA NA NA NA NA NA NA NA NA NA NA NA NA NA
"29" "" 2000-12-28 37.99 "TOR" "@" "DEN" "W" 1 NA NA NA NA NA NA NA NA NA NA NA NA NA NA NA NA
"30" "12" 2000-12-30 38 "TOR" "@" "PHO" "L" -6 0 9.03333333333333 0.41 0.25 0 0 0 0 6.2 0 0 25 103 119 1.4 -9.7
"31" "13" 2001-01-02 38.01 "TOR" "@" "LAC" "L" -13 1 14.3333333333333 0 0 13.7 11.1 12.7 10.1 0 0 0 17.9 31 124 -2.2 -15.7
"32" "" 2001-01-05 38.01 "TOR" "" "DAL" "L" -10 NA NA NA NA NA NA NA NA NA NA NA NA NA NA NA NA
"33" "" 2001-01-07 38.02 "TOR" "" "SEA" "W" 2 NA NA NA NA NA NA NA NA NA NA NA NA NA NA NA NA
"34" "14" 2001-01-09 38.02 "TOR" "" "HOU" "L" -19 0 6.45 0.333 0.333 0 47.1 20 0 0 0 0 22 88 130 0.9 -11
"35" "15" 2001-01-10 38.03 "TOR" "@" "DET" "W" 25 0 6.2 0 0 0 14.5 8.8 18.2 0 0 0 15.3 33 91 -0.8 -12.9
