"Rk" "G" "Date" "Age" "Tm" "H/A" "Opp" "W/L" "By Amt" "GS" "MP" "TS%" "eFG%" "ORB%" "DRB%" "TRB%" "AST%" "STL%" "BLK%" "TOV%" "USG%" "ORtg" "DRtg" "GmSc" "BPM"
"1" "1" 2001-12-04 20.57 "PHI" "@" "SAC" "L" -10 0 1.11666666666667 NA NA 0 94.1 48 0 0 0 NA 0 0 70 0.3 1
"2" "" 2001-12-05 20.57 "PHI" "@" "GSW" "L" -6 NA NA NA NA NA NA NA NA NA NA NA NA NA NA NA NA
"3" "2" 2001-12-07 20.58 "PHI" "@" "SAS" "L" -10 0 5.93333333333333 0 0 0 63.2 26.7 0 9.6 16.7 0 16.1 0 64 0.8 -0.3
"4" "3" 2001-12-08 20.58 "PHI" "@" "MEM" "L" -9 0 1.2 NA NA 0 100 60 0 0 0 NA 0 0 92 0.3 3.1
"5" "" 2001-12-11 20.59 "PHI" "@" "ATL" "L" -2 NA NA NA NA NA NA NA NA NA NA NA NA NA NA NA NA
"6" "4" 2001-12-14 20.6 "PHI" "" "MIL" "L" -16 0 2.68333333333333 1 1 0 69.6 34 0 0 0 0 14.2 200 90 2.3 20.3
"7" "5" 2001-12-15 20.6 "PHI" "@" "CLE" "W" 3 0 1.88333333333333 0.5 0.5 70.6 0 31.6 0 0 0 33.3 66.6 75 101 -0.1 -45.3
"8" "6" 2001-12-17 20.61 "PHI" "" "BOS" "W" 16 0 2.43333333333333 NA NA 0 0 0 0 0 0 NA 0 0 104 0 -0.3
"9" "" 2001-12-19 20.61 "PHI" "" "CHH" "L" -9 NA NA NA NA NA NA NA NA NA NA NA NA NA NA NA NA
"10" "7" 2001-12-21 20.62 "PHI" "" "ATL" "W" 11 0 1.33333333333333 NA NA 0 0 0 0 0 80 NA 0 0 28 0.3 8.5
"11" "" 2001-12-25 20.63 "PHI" "@" "LAL" "L" -6 NA NA NA NA NA NA NA NA NA NA NA NA NA NA NA NA
"12" "8" 2001-12-26 20.63 "PHI" "@" "LAC" "W" 14 0 0.883333333333333 NA NA 0 100 60 0 0 0 NA 0 0 67 0.3 8.3
"13" "" 2001-12-28 20.64 "PHI" "@" "DEN" "L" -3 NA NA NA NA NA NA NA NA NA NA NA NA NA NA NA NA
"14" "9" 2001-12-29 20.64 "PHI" "@" "UTA" "L" -8 0 12.5833333333333 0.75 0.75 8.4 14.5 11.7 0 4 13.8 33.3 20.5 88 85 6 10.2
"15" "10" 2002-01-02 20.65 "PHI" "@" "PHO" "W" 21 0 4.8 0 0 73.8 55.4 63.3 28.2 0 0 0 16.6 91 74 2.2 3.2
"16" "11" 2002-01-04 20.65 "PHI" "@" "SEA" "W" 10 0 4.65 0 0 70.2 0 32.7 29.1 0 0 0 18.8 88 103 1.4 -5.2
"17" "12" 2002-01-05 20.66 "PHI" "@" "POR" "L" -8 0 1.33333333333333 1 1 100 100 100 0 0 0 0 47.1 204 73 2.3 33.7
"18" "13" 2002-01-07 20.66 "PHI" "" "LAC" "W" 24 0 5.35 0.5 0.5 20.9 16.8 18.6 0 0 0 0 16.9 131 100 1.2 -8.3
"19" "" 2002-01-09 20.67 "PHI" "" "ORL" "L" -11 NA NA NA NA NA NA NA NA NA NA NA NA NA NA NA NA
"20" "14" 2002-01-11 20.67 "PHI" "" "SAS" "W" 17 0 5.91666666666667 0.725 1 0 0 0 0 0 13.6 0 22.3 145 102 3.6 11.7
"21" "" 2002-01-15 20.68 "PHI" "" "HOU" "W" 6 NA NA NA NA NA NA NA NA NA NA NA NA NA NA NA NA
"22" "15" 2002-01-17 20.69 "PHI" "@" "CHH" "W" 5 0 10.0666666666667 0.387 0.333 11.7 49.2 30 0 0 7.1 34 26.5 60 86 0.3 -13.8
"23" "16" 2002-01-19 20.7 "PHI" "" "NYK" "W" 8 0 1.85 NA NA 0 58.5 25.3 0 0 0 NA 0 0 93 -0.1 -11
"24" "17" 2002-01-21 20.7 "PHI" "" "SEA" "L" -11 0 10.95 0 0 9.7 56.9 25.7 12.5 0 0 0 12.1 43 125 0.2 -9.9
"25" "18" 2002-01-22 20.7 "PHI" "@" "WAS" "W" 7 0 8.38333333333333 0.333 0.333 78.9 28.6 52.5 0 0 0 0 34.7 110 99 4.7 -7.5
"26" "" 2002-01-25 20.71 "PHI" "@" "BOS" "W" 16 NA NA NA NA NA NA NA NA NA NA NA NA NA NA NA NA
"27" "" 2002-01-27 20.72 "PHI" "" "LAL" "W" 6 NA NA NA NA NA NA NA NA NA NA NA NA NA NA NA NA
"28" "19" 2002-01-29 20.72 "PHI" "@" "NYK" "L" -7 0 0.433333333333333 NA NA 0 100 51.1 0 0 0 NA 0 0 59 0.3 17.5
"29" "20" 2002-01-30 20.73 "PHI" "" "MIN" "W" 5 0 3.83333333333333 NA NA 0 23.5 12.4 33.3 13.5 0 NA 0 200 72 2 26.1
"30" "" 2002-02-02 20.73 "PHI" "@" "MIL" "W" 5 NA NA NA NA NA NA NA NA NA NA NA NA NA NA NA NA
"31" "" 2002-02-04 20.74 "PHI" "" "TOR" "L" -7 NA NA NA NA NA NA NA NA NA NA NA NA NA NA NA NA
"32" "21" 2002-02-05 20.74 "PHI" "@" "DET" "L" -4 0 8.66666666666667 1 1 0 34 17 0 0 8.3 50 9.7 80 87 1.5 -1.7
"33" "22" 2002-02-07 20.75 "PHI" "@" "CHH" "W" 7 0 7.5 1 1 0 14 7 0 6.4 0 0 5.5 200 91 2.2 4.6
"34" "23" 2002-02-14 20.77 "PHI" "" "UTA" "L" -7 0 2.18333333333333 NA NA 0 0 0 0 0 0 NA 0 0 130 0 -5.8
"35" "24" 2002-02-17 20.78 "PHI" "@" "IND" "L" -10 0 4.16666666666667 0.5 0.5 23.5 0 13.2 0 0 0 33.3 34.2 70 109 0.7 -12.9
"36" "25" 2002-02-18 20.78 "PHI" "" "DEN" "W" 27 0 15.0833333333333 0.525 0.667 15.6 24.6 20.6 0 0 0 29.6 19.1 79 88 1.1 -12.8
"37" "26" 2002-02-20 20.78 "PHI" "" "GSW" "W" 7 0 2.35 0 0 0 0 0 0 0 0 0 20.3 0 116 -1.1 -32
"38" "27" 2002-02-23 20.79 "PHI" "@" "ORL" "L" -18 0 13.6166666666667 0.5 0.5 14.3 50.2 30.8 0 0 12.2 33.3 17.8 75 96 4.6 -1.3
"39" "" 2002-02-25 20.8 "PHI" "" "POR" "L" -5 NA NA NA NA NA NA NA NA NA NA NA NA NA NA NA NA
"40" "28" 2002-02-27 20.8 "PHI" "" "MIA" "W" 10 0 0.1 NA NA 0 0 0 0 0 0 NA 0 0 104 0 -4.1
"41" "" 2002-03-03 20.81 "PHI" "@" "TOR" "W" 12 NA NA NA NA NA NA NA NA NA NA NA NA NA NA NA NA
"42" "29" 2002-03-24 20.87 "PHI" "" "NYK" "W" 8 0 0.283333333333333 NA NA 0 0 0 0 0 0 NA 0 0 115 0 -6.2
"43" "" 2002-03-27 20.88 "PHI" "" "NJN" "L" -8 NA NA NA NA NA NA NA NA NA NA NA NA NA NA NA NA
"44" "30" 2002-03-28 20.88 "PHI" "@" "CHI" "W" 20 0 2.31666666666667 NA NA 0 0 0 0 0 38.1 NA 0 0 74 0.7 11.5
"45" "31" 2002-03-30 20.89 "PHI" "@" "NJN" "L" -10 0 1.33333333333333 NA NA 0 0 0 0 0 0 NA 0 0 128 0 -8.3
"46" "" 2002-03-31 20.89 "PHI" "" "TOR" "L" -2 NA NA NA NA NA NA NA NA NA NA NA NA NA NA NA NA
"47" "" 2002-04-03 20.9 "PHI" "" "PHO" "W" 6 NA NA NA NA NA NA NA NA NA NA NA NA NA NA NA NA
"48" "32" 2002-04-05 20.9 "PHI" "" "DET" "L" -4 0 0.566666666666667 0.568 NA 0 0 0 0 0 0 0 43.8 122 126 0.6 14.1
"49" "" 2002-04-07 20.91 "PHI" "" "MIL" "W" 2 NA NA NA NA NA NA NA NA NA NA NA NA NA NA NA NA
"50" "" 2002-04-09 20.92 "PHI" "@" "MIL" "W" 2 NA NA NA NA NA NA NA NA NA NA NA NA NA NA NA NA
"51" "" 2002-04-10 20.92 "PHI" "@" "WAS" "L" -13 NA NA NA NA NA NA NA NA NA NA NA NA NA NA NA NA
"52" "" 2002-04-12 20.92 "PHI" "" "WAS" "W" 9 NA NA NA NA NA NA NA NA NA NA NA NA NA NA NA NA
"53" "" 2002-04-14 20.93 "PHI" "@" "ORL" "W" 6 NA NA NA NA NA NA NA NA NA NA NA NA NA NA NA NA
"54" "33" 2002-04-15 20.93 "PHI" "" "CHI" "L" -2 0 8.65 0.6 0.6 11.3 0 7.2 0 0 0 16.7 28.6 101 119 2.6 -8.9
"55" "34" 2002-04-17 20.94 "PHI" "@" "IND" "L" -23 0 21.4333333333333 0.296 0.2 11.4 13.4 12.4 7.4 5.4 8.5 22.8 20.6 64 112 2.2 -9.1
"1" "1" 2003-10-28 22.47 "PHI" "" "MIA" "W" 15 0 0.966666666666667 NA NA 0 0 0 0 0 0 NA 0 0 102 0 -8.4
"2" "2" 2003-10-31 22.48 "PHI" "@" "SAC" "L" -11 0 8.58333333333333 0.581 0.667 13.3 16.2 14.6 0 0 8.5 0 17 125 111 2.8 0.9
"3" "3" 2003-11-01 22.48 "PHI" "@" "GSW" "L" -14 0 6.75 NA NA 0 0 0 0 8 0 100 7.2 0 113 0 -9.3
"4" "4" 2003-11-03 22.48 "PHI" "@" "POR" "W" 11 0 10.4 0 0 0 0 0 0 0 14.1 50 9.8 0 97 -1.5 -11.6
"5" "5" 2003-11-05 22.49 "PHI" "" "NOH" "L" -7 0 3.7 0 0 0 39.3 18.6 0 0 0 0 15.3 0 105 -0.4 -15.8
"6" "6" 2003-11-07 22.5 "PHI" "@" "CHI" "W" 21 0 22.3333333333333 0.751 0.875 14.2 20.3 17.2 0 0 9.1 9.7 21 127 91 12.4 4.1
"7" "7" 2003-11-09 22.5 "PHI" "" "IND" "L" -11 0 25.5333333333333 1.025 1 9.5 10.5 10 0 0 15.4 17 11.4 168 98 11.7 10.6
"8" "8" 2003-11-11 22.51 "PHI" "@" "WAS" "W" 7 0 23.5666666666667 0.635 0.571 28.5 13.3 20.6 0 0 15.3 0 14.9 156 109 13.7 3.8
"9" "9" 2003-11-14 22.52 "PHI" "" "SAS" "W" 4 1 34.0166666666667 0.411 0.4 3.4 24 15 4.4 1.6 6.1 10.5 13.3 85 95 6.5 -0.2
"10" "10" 2003-11-15 22.52 "PHI" "@" "CLE" "L" -3 1 28.55 0.667 0.667 6.4 31.5 17.7 0 1.9 0 14.3 11.1 117 87 8 0.2
"11" "11" 2003-11-17 22.52 "PHI" "" "HOU" "L" -8 1 25.6 0.68 0.6 16.4 15.1 15.7 0 6.4 14.2 14.5 12.8 124 70 13.3 12.9
"12" "12" 2003-11-19 22.53 "PHI" "@" "TOR" "W" 6 1 21.6 0 0 5.7 33.6 19.8 0 0 12.8 0 7.3 25 85 2.1 -4.7
"13" "13" 2003-11-21 22.53 "PHI" "" "BOS" "W" 2 1 17.3166666666667 1 1 7.8 19.5 14.2 0 0 4.8 40 14.1 99 98 3.4 -3.5
"14" "14" 2003-11-22 22.54 "PHI" "@" "NYK" "L" -11 1 27.6166666666667 0.34 0.2 3.9 20.8 11.1 0 3.9 0 0 9.9 90 109 4 -5.7
"15" "15" 2003-11-25 22.55 "PHI" "@" "MIL" "L" -4 0 18.4 0.615 0.5 0 28.9 12.5 0 2.8 8.6 0 11 138 96 6.8 5.1
"16" "16" 2003-11-26 22.55 "PHI" "" "DET" "W" 4 0 16 0.8 0.8 0 16.2 8.5 0 0 0 0 14.7 155 104 5.5 1.8
"17" "17" 2003-11-28 22.55 "PHI" "@" "IND" "L" -13 1 22.2166666666667 0.5 0.5 5.7 21.8 14 8.9 2.7 3.4 20 11.6 89 103 4.5 -1.7
"18" "18" 2003-11-29 22.56 "PHI" "" "ATL" "W" 12 0 9.35 0.347 0.5 0 14.4 6.9 0 0 0 0 15.8 68 106 -0.7 -16.8
"19" "19" 2003-12-02 22.56 "PHI" "" "TOR" "L" -7 0 19.35 0.387 0.333 21.8 19.5 20.9 0 0 8.4 20.5 10.2 96 98 4.5 -3.9
"20" "20" 2003-12-04 22.57 "PHI" "" "CHI" "W" 1 1 30.65 0.604 0.556 13.5 9.7 11.5 0 0 9.4 8.5 17.2 126 99 12.2 3.7
"21" "21" 2003-12-05 22.57 "PHI" "@" "MIA" "W" 3 1 13.0833333333333 0 0 0 26.7 15.4 0 0 26.7 50 8.2 0 89 0.4 -3.7
"22" "22" 2003-12-09 22.58 "PHI" "@" "DET" "W" 2 1 26.25 0.429 0.429 18.7 28.8 23.7 0 4.6 3.1 12.5 16 95 81 7.4 0
"23" "23" 2003-12-12 22.59 "PHI" "" "DEN" "L" -9 0 30 0.571 0.571 10.9 12.6 11.7 0 0 7.7 12.5 12.3 107 99 6.8 -1.8
"24" "24" 2003-12-14 22.6 "PHI" "" "UTA" "L" -8 0 18.9833333333333 0.854 0.833 6.2 14.5 10 0 3 4.5 0 15.4 175 111 10.6 11
"25" "25" 2003-12-17 22.61 "PHI" "" "MIA" "W" 11 0 23.9 0.75 0.75 7.7 9.8 9 0 2.6 7.1 20 11.6 116 95 5.9 2.2
"26" "26" 2003-12-19 22.61 "PHI" "" "CLE" "L" -7 0 15.15 1 1 0 15.8 8.6 0 0 0 33.3 19.7 108 109 4.2 -3.2
"27" "27" 2003-12-21 22.62 "PHI" "@" "BOS" "L" -3 0 27.6666666666667 0.425 0.4 4.1 5.5 4.7 0 0 0 0 10 96 111 2.1 -8.4
"28" "28" 2003-12-22 22.62 "PHI" "" "ORL" "W" 22 1 25.05 0.8 0.8 4.3 32.8 18.9 0 0 10.1 16.7 10.9 124 74 8.7 3
"29" "29" 2003-12-26 22.63 "PHI" "@" "LAC" "L" -3 0 20.6166666666667 0.635 0.714 5.9 13.1 9.3 8.9 0 3.6 20.2 21.8 93 112 5.4 -5.5
"30" "30" 2003-12-28 22.64 "PHI" "@" "PHO" "L" -8 0 20.7833333333333 0.902 1 5.6 16.7 11.1 8.7 5.1 4.2 20.5 10.7 140 101 9.3 9.4
"31" "31" 2003-12-29 22.64 "PHI" "@" "UTA" "L" -9 0 22.95 0.571 0.571 17.7 21.1 19.3 0 0 3.8 0 15.5 142 134 7.6 -3
"32" "32" 2003-12-31 22.64 "PHI" "@" "HOU" "L" -8 0 23.0666666666667 0.285 0.286 5 27.9 16.8 0 0 0 10.2 21.3 58 87 -0.8 -11.9
"33" "33" 2004-01-03 22.65 "PHI" "@" "SAS" "W" 6 0 13.35 1.136 NA 20.5 0 9.9 13.8 0 0 69.4 11.5 95 96 1.3 -2.8
"34" "34" 2004-01-05 22.66 "PHI" "" "MIL" "L" -12 0 18.3666666666667 0.387 0.333 11.1 29 19.9 0 2.8 4.4 0 9.1 101 84 4.7 2.6
"35" "35" 2004-01-07 22.66 "PHI" "" "LAC" "W" 20 1 30.6 0.6 0.6 15.9 15.1 15.5 0 0 8.1 9.1 15.9 124 92 10.9 0
"36" "36" 2004-01-09 22.67 "PHI" "" "NJN" "W" 16 0 24.75 0.781 0.75 12.5 34.8 25.6 6.1 0 13.1 14.8 14.4 142 78 12.1 8.5
"37" "37" 2004-01-10 22.67 "PHI" "@" "WAS" "L" -7 0 28.2 0.595 0.6 4 24.8 14.3 0 1.7 7.8 0 9.4 123 93 9.1 3.3
"38" "38" 2004-01-12 22.68 "PHI" "@" "ORL" "W" 5 1 26.4333333333333 0.697 0.667 30.5 17.1 23.7 0 2.1 8.5 15.7 23.4 131 85 15.5 8.2
"39" "39" 2004-01-14 22.68 "PHI" "@" "DAL" "L" -3 1 54.25 0.598 0.588 8.8 19.8 15.1 0 0 3.6 4.7 18.4 122 111 20.8 0.9
"40" "40" 2004-01-17 22.69 "PHI" "" "MEM" "L" -4 1 25.0833333333333 1.028 1 13.2 12.3 12.7 0 3.9 7.8 13.7 12.3 177 88 15.6 13.6
"41" "41" 2004-01-19 22.7 "PHI" "" "SEA" "L" -9 0 24.1666666666667 0.291 0.333 22.7 13.6 18.2 0 0 3.6 12.7 15.1 77 104 2.7 -7.1
"42" "42" 2004-01-21 22.7 "PHI" "@" "NOH" "W" 6 0 22.0833333333333 0.608 0.5 19.6 35.6 28.6 7.5 0 3.5 0 13.6 150 93 8.6 3.5
"43" "43" 2004-01-23 22.71 "PHI" "" "ORL" "L" -5 0 27.8666666666667 0.467 0.286 4.3 38.6 22.5 0 3.9 6.5 23.7 21.4 79 90 7.8 -2.9
"44" "44" 2004-01-24 22.71 "PHI" "@" "CLE" "L" -8 1 33.2333333333333 0.654 0.667 0 19.3 10.9 5.2 1.7 2.5 22.5 13.8 96 110 7 -3.1
"45" "45" 2004-01-27 22.72 "PHI" "" "NJN" "L" -18 1 27.4166666666667 0.608 0.5 0 34.3 19.8 0 0 6.2 14.8 11.7 106 100 6.1 0.5
"46" "46" 2004-01-28 22.72 "PHI" "@" "TOR" "L" -10 1 22.9 0.678 0.5 24.6 25.3 24.9 0 0 0 0 14.5 166 121 9.8 3.6
"47" "47" 2004-01-30 22.73 "PHI" "" "NOH" "W" 3 1 43.5333333333333 0.403 0.364 12.7 10.9 11.7 3.8 1.3 7.3 0 14.7 110 98 11.6 -1.4
"48" "48" 2004-02-01 22.73 "PHI" "@" "MIN" "L" -5 1 41.45 0.615 0.5 2.9 16.2 9.1 0 0 0 9.3 11.8 122 117 7.6 -2.1
"49" "49" 2004-02-03 22.74 "PHI" "" "TOR" "L" -13 1 40.6333333333333 0.248 0.143 16.1 19.9 17.9 0 0 5.2 16.6 13.4 69 108 4.7 -9
"50" "50" 2004-02-05 22.74 "PHI" "" "LAL" "W" 23 1 27.1833333333333 0.387 0.333 0 34.9 20.2 0 4.1 5.5 0 7.3 83 66 6.1 3.2
"51" "51" 2004-02-07 22.75 "PHI" "" "BOS" "L" -30 0 25.5333333333333 0 0 12.5 38.4 23.7 0 0 10.9 17 9.9 24 104 0.1 -9.8
"52" "52" 2004-02-08 22.75 "PHI" "@" "NJN" "L" -12 1 39.5166666666667 0.714 0.667 6 28.1 17.9 0 0 11.8 8.2 14.7 135 105 19.2 8.6
"53" "53" 2004-02-11 22.76 "PHI" "" "WAS" "W" 25 1 19.2166666666667 0.512 0.5 6.3 18.5 12.5 5.9 0 4.9 0 11.7 126 99 4 -4.1
"54" "54" 2004-02-17 22.78 "PHI" "@" "DEN" "L" -21 1 20.5333333333333 0 0 11.7 10.7 11.2 0 0 3.5 50 9.2 27 116 -2.3 -14.8
"55" "55" 2004-02-19 22.78 "PHI" "@" "SEA" "W" 11 1 31.8333333333333 0.82 0.75 15 25 20.1 8.7 0 13.9 17 8.2 157 100 13.2 6
"56" "56" 2004-02-20 22.78 "PHI" "@" "LAL" "L" -28 1 24.8 0.773 0.667 4.9 15.4 10.8 14.1 0 7.1 34 10.8 110 120 6.5 -1
"57" "57" 2004-02-23 22.79 "PHI" "" "DET" "L" -10 1 39.4 0.557 0.556 0 22.7 9.7 0 1.4 4.4 0 11.2 115 83 9.6 4.5
"58" "58" 2004-02-24 22.79 "PHI" "@" "ATL" "L" -11 1 32.5166666666667 0.25 0.25 14.3 27.3 20.9 6.5 0 13.2 0 12.5 81 93 8.2 0.1
"59" "59" 2004-02-28 22.81 "PHI" "@" "IND" "L" -7 1 37.45 0.545 0.5 20 22.7 21.3 0 0 4.2 0 18.5 129 96 15.1 5.3
"60" "60" 2004-02-29 22.81 "PHI" "" "MIN" "W" 7 1 23 0.51 0.4 4.9 18.1 11.7 0 0 3 14.5 15.4 96 91 2.9 -6.2
"61" "61" 2004-03-03 22.82 "PHI" "@" "NYK" "L" -11 1 44.0666666666667 0.72 0.727 13.4 20.3 16.6 5.4 2.5 6.4 18.5 16.3 119 93 21.2 8.7
"62" "62" 2004-03-04 22.82 "PHI" "" "SAC" "L" -9 1 36.45 0.727 0.667 10.5 39 25.3 0 1.4 4.7 17.9 20.3 124 112 17.5 3.5
"63" "63" 2004-03-06 22.82 "PHI" "" "CHI" "W" 9 1 23.8166666666667 0.307 0.25 10.3 25.5 18.6 0 2.3 3.2 17 11.4 74 92 2.1 -8.1
"64" "64" 2004-03-08 22.83 "PHI" "" "MIL" "W" 5 1 18.0833333333333 0.667 0.667 6.7 24.2 14.6 0 0 4.5 40 25.4 70 103 2.1 -10.7
"65" "65" 2004-03-09 22.83 "PHI" "@" "CHI" "W" 8 1 11.8333333333333 NA NA 10.5 15.1 13.2 0 4.5 0 100 4.1 52 85 -0.3 -9.6
"66" "66" 2004-03-12 22.84 "PHI" "" "NYK" "W" 5 1 40.8 0.296 0.2 14.1 19.5 17.2 5.1 0 3.5 37.2 13.8 62 93 1.9 -5.4
"67" "67" 2004-03-14 22.85 "PHI" "@" "DET" "L" -16 1 20.6333333333333 0.333 0.333 0 34.3 17.9 0 0 14.7 40 13.2 38 91 0.7 -6.5
"68" "68" 2004-03-16 22.85 "PHI" "@" "MEM" "L" -3 1 26.0166666666667 0.363 0.333 9.1 16.9 13.2 0 1.9 15.5 12.7 13.4 77 78 5.6 1.4
"69" "69" 2004-03-17 22.85 "PHI" "@" "NOH" "L" -24 1 29.75 0.791 0.8 21.3 14.2 17.1 6.5 0 6.4 32.2 15.9 111 124 9.5 -0.3
"70" "70" 2004-03-20 22.86 "PHI" "@" "MIA" "L" -32 1 31.6 0.751 0.667 9.3 28.5 17.6 0 0 7.1 0 11.5 160 110 13.5 5.1
"71" "71" 2004-03-22 22.87 "PHI" "" "DAL" "W" 9 1 40.2333333333333 0.51 0.4 5 22.3 16.1 0 0 7.3 25.4 9.9 89 113 6.4 -4.1
"72" "72" 2004-03-24 22.87 "PHI" "" "PHO" "W" 5 1 41.25 0.686 0.667 31.6 13 22.5 0 1.4 5.7 15.2 23.9 132 114 22.4 2.8
"73" "73" 2004-03-26 22.88 "PHI" "" "CLE" "W" 15 1 38.2 0.487 0.455 10.8 23.3 17.3 0 1.7 4 7.5 18.9 109 92 10.3 -2
"74" "74" 2004-03-28 22.88 "PHI" "@" "BOS" "L" -24 1 31.4833333333333 0.286 0.286 8.2 44.1 21.9 0 0 10.5 22.2 11.7 57 91 4.6 -5.5
"75" "75" 2004-03-30 22.89 "PHI" "" "GSW" "W" 24 1 29.6666666666667 0.643 0.643 13.8 30.4 22.2 0 3.8 6 0 22.7 136 69 19.5 11.8
"76" "76" 2004-04-01 22.9 "PHI" "" "POR" "L" -6 1 45.5166666666667 0.37 0.357 10.9 40.6 23.6 0 0 5.4 6.3 16.4 92 104 9.6 -4.7
"77" "77" 2004-04-03 22.9 "PHI" "" "NYK" "L" -11 1 47.2666666666667 0.658 0.667 4.8 32.3 17.7 0 1.3 14.6 23.3 13.5 98 91 17.6 6
"78" "78" 2004-04-06 22.91 "PHI" "@" "ATL" "W" 3 1 50.5833333333333 0.758 0.818 8.2 31.8 21.4 3.6 1.1 8.3 7.8 12.8 142 94 21.5 6.2
"79" "79" 2004-04-09 22.92 "PHI" "" "WAS" "L" -3 1 34.5 0.533 0.444 21.8 7 14.9 4.8 1.7 4.8 8.8 15.3 124 109 12.7 -0.1
"80" "80" 2004-04-11 22.92 "PHI" "@" "NJN" "L" -14 1 36.5333333333333 0.333 0.333 7.6 34.9 22.5 5.1 1.5 10.6 0 8.4 85 88 9.7 2.9
"81" "81" 2004-04-12 22.93 "PHI" "" "IND" "L" -14 1 20.3666666666667 0.429 0.429 0 35.2 15.5 0 0 3.9 0 16.1 84 114 2.2 -8
"82" "82" 2004-04-14 22.93 "PHI" "@" "ORL" "L" -6 1 39.5 0.554 0.526 11.7 20 15.6 0 2.8 10.7 4.6 26.9 112 99 21.9 5.1
"1" "1" 2004-11-03 23.48 "PHI" "@" "BOS" "W" 3 0 23.65 0.25 0.25 15.4 37.8 26.3 0 2.2 0 33.3 11.2 60 99 0.8 -11.1
"2" "2" 2004-11-05 23.49 "PHI" "" "PHO" "L" -10 0 17.2333333333333 0.75 0.75 12.7 28.4 21 9.9 0 4.4 20 11.6 128 108 6.9 4.4
"3" "" 2004-11-06 23.49 "PHI" "@" "DET" "L" -8 NA NA NA NA NA NA NA NA NA NA NA NA NA NA NA NA
"4" "" 2004-11-09 23.5 "PHI" "@" "NYK" "L" -8 NA NA NA NA NA NA NA NA NA NA NA NA NA NA NA NA
"5" "" 2004-11-10 23.5 "PHI" "" "NJN" "W" 8 NA NA NA NA NA NA NA NA NA NA NA NA NA NA NA NA
"6" "" 2004-11-12 23.51 "PHI" "" "IND" "W" 2 NA NA NA NA NA NA NA NA NA NA NA NA NA NA NA NA
"7" "3" 2004-11-14 23.52 "PHI" "" "ORL" "W" 9 0 19.2 0.363 0.333 5.4 23.4 15 0 0 11.1 12.7 17.6 72 83 3.7 -4
"8" "4" 2004-11-16 23.52 "PHI" "" "SEA" "L" -8 0 26.0333333333333 0.699 0.667 4.7 24.3 14.4 0 2 4.9 31.8 16.7 91 107 6.5 -3.1
"9" "5" 2004-11-18 23.53 "PHI" "" "SAS" "L" -8 0 21.0833333333333 0.4 0.4 15.6 19 17.4 0 2.5 7.5 28.6 14.9 72 89 3.8 -1.8
"10" "6" 2004-11-21 23.53 "PHI" "@" "MIA" "L" -10 0 13.2 0 0 18 0 9.3 0 0 0 66.7 11.2 35 119 -1.7 -17.8
"11" "7" 2004-11-24 23.54 "PHI" "" "BOS" "W" 13 0 21.6333333333333 0.543 0.5 11.8 19.4 16 6.7 0 3.4 0 13.2 133 104 7.2 0.5
"12" "8" 2004-11-26 23.55 "PHI" "" "WAS" "W" 2 0 23.2333333333333 0.528 0.545 15.1 8.7 12.1 7.4 2.2 7 14 27 100 106 11 1.7
"13" "9" 2004-11-27 23.55 "PHI" "@" "ORL" "L" -6 0 2.65 NA NA 0 0 0 0 0 0 100 14.2 0 118 -2.2 -46.6
"14" "10" 2004-12-01 23.56 "PHI" "@" "SAS" "L" -33 0 25.3666666666667 0.17 0 12.3 22.6 16.6 13.7 4.1 0 14.5 12.6 60 107 3.4 -2.1
"15" "11" 2004-12-03 23.57 "PHI" "@" "MEM" "L" -8 0 16.9333333333333 0.5 0.5 5.8 38.2 19.7 0 0 0 20 13 88 104 1.6 -8.3
"16" "" 2004-12-04 23.57 "PHI" "@" "HOU" "L" -1 NA NA NA NA NA NA NA NA NA NA NA NA NA NA NA NA
"17" "" 2004-12-06 23.58 "PHI" "@" "ATL" "L" -4 NA NA NA NA NA NA NA NA NA NA NA NA NA NA NA NA
"18" "12" 2004-12-08 23.58 "PHI" "" "MIN" "L" -35 0 13.4 0 0 0 18.5 7.8 0 0 6.7 60 16.3 0 128 -5.1 -29.8
"19" "13" 2004-12-10 23.59 "PHI" "@" "CHI" "W" 5 1 34.6833333333333 0.781 0.714 14.4 31.2 23.4 10.1 1.5 15 10.7 12.2 152 87 19.9 10.9
"20" "14" 2004-12-12 23.59 "PHI" "" "MIL" "W" 6 1 27.25 0.51 0.4 4.1 30.5 17.7 4.8 0 5 25.4 13.1 90 107 6.1 -2.2
"21" "15" 2004-12-14 23.6 "PHI" "" "DEN" "W" 8 1 34.3666666666667 0.421 0.455 29.1 10.9 20 8.1 1.6 9.1 20.2 19 99 107 10.2 -1.2
"22" "16" 2004-12-17 23.61 "PHI" "" "NYK" "L" -6 1 17.3333333333333 0.75 0.75 26.5 0 14.2 7.4 0 0 20 10.8 140 119 6 -0.5
"23" "17" 2004-12-18 23.61 "PHI" "@" "MIL" "W" 19 1 37.0833333333333 0.425 0.4 17.7 20.8 19.5 0 0 5 33.8 10.3 91 97 6.3 -6.5
"24" "18" 2004-12-20 23.61 "PHI" "" "UTA" "L" -2 1 28.9333333333333 0.266 0.5 3.8 21.2 12.1 0 0 7.3 34.7 8.4 41 105 0.5 -8.4
"25" "19" 2004-12-22 23.62 "PHI" "@" "IND" "W" 12 1 19.3333333333333 0.735 0.667 7 18.9 13.3 0 0 4.3 0 11.4 159 95 6 1.2
"26" "20" 2004-12-27 23.63 "PHI" "@" "POR" "W" 7 1 26.2333333333333 0.625 0.625 11.3 12.7 12 5.5 0 7.1 11.1 14.1 123 106 8.8 -2.4
"27" "21" 2004-12-28 23.64 "PHI" "@" "SEA" "W" 7 1 17.6833333333333 0.694 0.667 24.2 34.4 29.7 0 0 5.2 18.8 13.5 132 103 6.4 -0.8
"28" "22" 2004-12-31 23.64 "PHI" "@" "DEN" "L" -5 1 19.8833333333333 0.5 0.5 18 0 7.8 0 2.4 3.2 20 10.7 97 102 4.4 -3.6
"29" "23" 2005-01-02 23.65 "PHI" "@" "LAC" "L" -6 1 8.93333333333333 0.266 0 9.7 41 19.8 0 0 0 51.5 18.1 37 96 -2.4 -23.1
"30" "24" 2005-01-03 23.65 "PHI" "@" "GSW" "W" 8 1 20.45 0.315 0 11.4 13 12.2 12 0 4.9 0 10.5 113 111 4.2 -1.8
"31" "25" 2005-01-05 23.66 "PHI" "@" "UTA" "W" 7 1 23.1833333333333 0.667 0.667 10.9 24.9 17.5 0 0 6.8 0 13 144 109 8.2 -0.2
"32" "26" 2005-01-07 23.66 "PHI" "@" "MIN" "L" -5 1 14.7166666666667 0.387 0.333 0 51.1 25.5 0 0 0 43.6 22.4 43 90 -1.6 -16.6
"33" "27" 2005-01-10 23.67 "PHI" "" "POR" "L" -9 1 22.6833333333333 0.556 0.4 0 27.3 13.3 0 2.4 4.3 12.2 16.4 108 113 5.5 -5.5
"34" "" 2005-01-12 23.68 "PHI" "@" "CHI" "L" -32 NA NA NA NA NA NA NA NA NA NA NA NA NA NA NA NA
"35" "" 2005-01-14 23.68 "PHI" "" "TOR" "W" 10 NA NA NA NA NA NA NA NA NA NA NA NA NA NA NA NA
"36" "" 2005-01-15 23.68 "PHI" "@" "DET" "L" -4 NA NA NA NA NA NA NA NA NA NA NA NA NA NA NA NA
"37" "" 2005-01-17 23.69 "PHI" "" "NOH" "W" 4 NA NA NA NA NA NA NA NA NA NA NA NA NA NA NA NA
"38" "28" 2005-01-19 23.7 "PHI" "@" "CHA" "W" 2 1 17.95 0.644 0.667 5.8 20 12.4 0 0 8.5 0 9.4 142 108 5.1 0.8
"39" "29" 2005-01-22 23.7 "PHI" "@" "ORL" "L" -4 1 35.25 0.865 0.846 19.1 31.2 25.2 0 0 8.8 12.6 18.1 155 104 25.3 9.6
"40" "30" 2005-01-24 23.71 "PHI" "" "MIA" "W" 8 1 31.8333333333333 0.587 0.545 11 24.5 18.3 11.5 0 7.9 0 18.6 131 96 16.7 6.6
"41" "31" 2005-01-26 23.72 "PHI" "@" "WAS" "L" -10 1 32.3 0.305 0.167 25 15.3 19.4 9 0 0 19.6 14.3 93 122 5.1 -9.2
"42" "32" 2005-01-28 23.72 "PHI" "@" "NOH" "L" -4 1 28.7833333333333 0.601 0.571 0 26.3 11 0 3.8 10.1 19.4 16.8 95 87 7.9 -0.5
"43" "33" 2005-01-29 23.72 "PHI" "@" "DAL" "W" 4 1 18.4166666666667 0.525 0.333 5.7 14.8 10.6 0 0 3.6 17.4 14 99 94 2.2 -6.1
"44" "34" 2005-01-31 23.73 "PHI" "" "IND" "W" 1 1 36.2666666666667 0.654 0.667 10.5 18.5 14.4 0 1.5 8.5 36.8 14.8 86 96 7.1 -2.9
"45" "35" 2005-02-02 23.73 "PHI" "" "HOU" "L" -23 1 29.7833333333333 0.633 0.6 10.2 20 14.2 0 0 3.1 24 25.5 99 130 9 -6.9
"46" "36" 2005-02-04 23.74 "PHI" "" "ATL" "W" 18 1 27.7333333333333 0.82 0.833 11.7 24.5 17.9 6 1.8 7.3 0 11.9 173 85 16.3 9.9
"47" "37" 2005-02-06 23.75 "PHI" "" "LAC" "W" 2 1 27.5 0.592 0.6 11.4 25.4 18 0 7.4 5.5 22.8 15 100 95 8.5 1.3
"48" "38" 2005-02-07 23.75 "PHI" "@" "NJN" "L" -10 1 30.65 0.5 0.5 4.9 23.9 15.3 5.8 1.7 8.8 9.1 17.6 94 102 9.9 1.2
"49" "39" 2005-02-09 23.75 "PHI" "" "MEM" "L" -3 1 28.2333333333333 0.2 0.2 13.9 23.9 19.3 0 2 9.2 16.7 10.6 67 102 3.7 -5.7
"50" "40" 2005-02-11 23.76 "PHI" "@" "TOR" "W" 15 1 17.3 0.732 0.75 22.9 19.7 21.2 0 0 5.9 18.4 28.9 119 100 9.9 0.6
"51" "41" 2005-02-12 23.76 "PHI" "" "ORL" "W" 13 1 28.0833333333333 0.68 0.8 11.3 21.8 16.7 0 0 0 33.8 13.2 94 96 4.2 -5.1
"52" "42" 2005-02-14 23.77 "PHI" "" "NYK" "W" 1 1 27.6 0.387 0.333 0 56.1 28.4 4.9 0 5.8 0 6.7 93 103 5.4 -1.1
"53" "43" 2005-02-16 23.77 "PHI" "" "DET" "L" -18 1 23.4666666666667 0.436 0.333 7.7 20.5 13.2 0 4.2 0 36.8 20.5 62 92 1.6 -8.2
"54" "44" 2005-02-24 23.79 "PHI" "@" "NYK" "L" -12 1 33.55 0.5 0.5 19.8 36.4 27.3 11.3 6.4 0 12.5 22.3 109 110 16.9 2.3
"55" "45" 2005-02-26 23.8 "PHI" "" "SAC" "L" -2 1 27.4333333333333 0.581 0.667 17.8 26.7 21.7 0 0 0 0 10.4 132 105 7.9 -2.2
"56" "46" 2005-03-01 23.81 "PHI" "@" "MIL" "W" 7 1 21.9333333333333 0.333 0.333 28.7 18.7 23.9 5.2 0 7.2 57.1 13.3 71 114 0.8 -13
"57" "47" 2005-03-02 23.81 "PHI" "" "NJN" "L" -6 1 13.95 0 0 0 8.4 4.1 9.5 0 11.2 34.7 9 18 102 -1.3 -7.8
"58" "48" 2005-03-04 23.82 "PHI" "" "CLE" "W" 9 1 33.6166666666667 0.718 0.7 6 11.1 8.3 4.8 1.4 0 16.1 15.6 120 95 12 2.3
"59" "49" 2005-03-05 23.82 "PHI" "@" "ATL" "W" 1 1 24.65 0.506 0.556 9.1 13.4 11.3 8.2 4 8.1 0 17.7 111 95 11.2 5.8
"60" "50" 2005-03-07 23.82 "PHI" "@" "MIA" "L" -8 1 31.15 0.631 0.571 12.6 9.7 11.3 0 1.8 5.5 5.7 28.5 127 119 16.5 2.6
"61" "51" 2005-03-08 23.83 "PHI" "" "GSW" "L" -19 1 27.4 0.41 0.333 7.9 25.8 16.4 0 1.8 0 12 13.4 85 104 5 -4.9
"62" "52" 2005-03-11 23.84 "PHI" "" "CHA" "W" 32 1 22.5166666666667 0.718 0.7 4.9 21.7 13.8 0 2.1 8 8.7 21.9 124 75 14.7 6.6
"63" "53" 2005-03-13 23.84 "PHI" "@" "TOR" "L" -18 1 19.1666666666667 0.556 0.556 6.2 22.5 14.7 0 5.5 0 10 23.1 105 124 7 -6.4
"64" "54" 2005-03-15 23.85 "PHI" "" "LAL" "W" 17 1 37.8666666666667 0.595 0.6 13 16.4 14.9 8.1 1.3 5.9 14.5 8.1 131 93 11.5 1.6
"65" "55" 2005-03-18 23.85 "PHI" "@" "CLE" "W" 12 1 15.5166666666667 0.25 0.25 7 22.1 15.4 0 0 8 33.3 17.8 43 81 -1.1 -15.6
"66" "56" 2005-03-19 23.86 "PHI" "" "CHI" "L" -6 1 36.3166666666667 0.526 0.462 9.1 36.2 23.8 0 1.4 2 11.6 20.9 101 86 12.5 0.9
"67" "57" 2005-03-23 23.87 "PHI" "" "DET" "W" 23 1 36.85 0.619 0.625 8.1 15.9 12.4 0 0 6.9 0 12.2 131 95 10.4 -1.7
"68" "58" 2005-03-25 23.87 "PHI" "" "TOR" "W" 2 1 32.3 0.618 0.6 7.5 16.9 12.4 0 3 2.5 0 15.8 128 101 13.4 2.7
"69" "59" 2005-03-27 23.88 "PHI" "@" "LAL" "W" 7 1 30.4 0.564 0.5 9.1 28.7 17.4 5.4 1.6 9.1 17 16.5 104 85 11 -0.5
"70" "60" 2005-03-28 23.88 "PHI" "@" "SAC" "L" -9 1 31.85 0.504 0.533 28.1 21.4 24.7 0 1.5 9.3 11.2 22.5 110 111 17.6 1.3
"71" "61" 2005-03-30 23.89 "PHI" "@" "PHO" "L" -29 1 14.9166666666667 0.608 0.75 11.8 40.8 24 0 0 6 14.8 19.7 106 105 5.6 0.4
"72" "62" 2005-04-01 23.89 "PHI" "" "DAL" "L" -17 1 13.3666666666667 0.296 0.2 7.1 31.2 18.6 0 0 0 12.9 25.1 62 107 -0.6 -15.7
"73" "63" 2005-04-03 23.9 "PHI" "@" "BOS" "W" 4 1 37.6 0.491 0.471 6.6 30.3 17.7 5.1 0 4 9.8 21.7 99 94 13.1 -2.7
"74" "64" 2005-04-06 23.91 "PHI" "" "CHA" "W" 3 1 35.5333333333333 0.339 0.308 21.1 3.3 12 8.7 1.4 8.4 11.9 20.5 88 103 7.8 -4.3
"75" "65" 2005-04-08 23.91 "PHI" "" "CLE" "W" 5 1 27.6833333333333 0.669 0.667 33.5 25 29.2 0 1.8 7.3 22.5 32.8 110 94 20.2 5.1
"76" "66" 2005-04-09 23.92 "PHI" "@" "WAS" "W" 6 1 26.3 0.567 0.533 13 20.2 16.7 6.2 0 6.5 15.9 32.5 103 113 11.4 -7.2
"77" "67" 2005-04-12 23.92 "PHI" "" "BOS" "L" -7 1 27.2 0.667 0.667 8.9 19.2 13.9 0 0 3.3 18.2 18.2 104 111 8.2 -2.5
"78" "68" 2005-04-14 23.93 "PHI" "" "MIA" "W" 7 1 26.25 0.444 0.444 12.3 9.6 11 0 3.7 2.8 10 16.2 97 109 5.3 -6.3
"79" "69" 2005-04-15 23.93 "PHI" "@" "IND" "W" 4 1 21.95 1 1 5.9 36.4 23.1 7.9 0 11.9 60 10.5 82 81 5.1 2.8
"80" "70" 2005-04-17 23.94 "PHI" "@" "NJN" "L" -21 1 30.6333333333333 0.359 0.25 12.6 19 15.8 0 0 2.1 9.3 15.8 86 111 5.7 -6.9
"81" "71" 2005-04-18 23.94 "PHI" "" "MIL" "W" 16 1 13.9166666666667 1 1 0 17.2 9.1 0 0 5.1 0 3.4 200 107 1.4 -6.7
"82" "72" 2005-04-20 23.95 "PHI" "" "ATL" "W" 24 1 21.5 0.333 0.333 0 50.2 26 0 4.6 6.8 50 12.8 31 70 2.2 -5.5
"1" "" 2005-11-01 24.48 "PHI" "" "MIL" "L" -9 NA NA NA NA NA NA NA NA NA NA NA NA NA NA NA NA
"2" "" 2005-11-02 24.48 "PHI" "@" "DET" "L" -20 NA NA NA NA NA NA NA NA NA NA NA NA NA NA NA NA
"3" "" 2005-11-04 24.49 "PHI" "" "CHA" "L" -17 NA NA NA NA NA NA NA NA NA NA NA NA NA NA NA NA
"4" "" 2005-11-05 24.49 "PHI" "@" "IND" "W" 2 NA NA NA NA NA NA NA NA NA NA NA NA NA NA NA NA
"5" "" 2005-11-09 24.5 "PHI" "" "DAL" "W" 15 NA NA NA NA NA NA NA NA NA NA NA NA NA NA NA NA
"6" "" 2005-11-11 24.51 "PHI" "" "LAL" "W" 4 NA NA NA NA NA NA NA NA NA NA NA NA NA NA NA NA
"7" "" 2005-11-13 24.51 "PHI" "" "LAC" "W" 5 NA NA NA NA NA NA NA NA NA NA NA NA NA NA NA NA
"8" "" 2005-11-15 24.52 "PHI" "" "TOR" "W" 12 NA NA NA NA NA NA NA NA NA NA NA NA NA NA NA NA
"9" "" 2005-11-16 24.52 "PHI" "@" "TOR" "W" 6 NA NA NA NA NA NA NA NA NA NA NA NA NA NA NA NA
"10" "" 2005-11-18 24.53 "PHI" "@" "MIA" "L" -10 NA NA NA NA NA NA NA NA NA NA NA NA NA NA NA NA
"11" "" 2005-11-19 24.53 "PHI" "" "CLE" "L" -3 NA NA NA NA NA NA NA NA NA NA NA NA NA NA NA NA
"12" "" 2005-11-21 24.53 "PHI" "" "NOK" "W" 12 NA NA NA NA NA NA NA NA NA NA NA NA NA NA NA NA
"13" "" 2005-11-23 24.54 "PHI" "@" "MIL" "L" -11 NA NA NA NA NA NA NA NA NA NA NA NA NA NA NA NA
"14" "1" 2005-11-26 24.55 "PHI" "@" "NYK" "L" -3 1 30.4833333333333 0.253 0.222 14.8 18.1 16.5 0 0 3.8 16.8 18.5 65 106 1.2 -12.4
"15" "2" 2005-11-29 24.56 "PHI" "" "POR" "W" 24 1 21.3166666666667 0.228 0.143 9.6 31.4 20 11.3 0 10.6 0 17 85 80 4.6 -0.9
"16" "3" 2005-11-30 24.56 "PHI" "@" "BOS" "L" -7 1 30.7833333333333 0.667 0.667 3.2 31.2 17.3 0 0 10.4 33.3 12.6 83 98 7.6 -2
"17" "4" 2005-12-02 24.56 "PHI" "@" "NOK" "L" -2 1 20.4666666666667 0.615 0.5 31.3 49.4 39.6 0 0 11.7 17 14 133 88 9.3 2.6
"18" "5" 2005-12-03 24.57 "PHI" "@" "SAS" "L" -9 1 37.5 0.581 0.5 3.5 28.4 17.2 0 2.8 5.7 12.7 10.1 108 100 10.2 1.1
"19" "6" 2005-12-07 24.58 "PHI" "" "MIL" "L" -3 1 32.1333333333333 0.781 0.857 3.8 36.5 21.3 0 0 11.3 10.7 13.4 132 82 14.6 8.6
"20" "7" 2005-12-09 24.58 "PHI" "" "CHA" "W" 4 1 28.4666666666667 0.75 0.75 3.9 28.8 16.1 15.4 0 12.2 11.1 12.5 141 105 14.2 4.7
"21" "8" 2005-12-10 24.59 "PHI" "@" "NJN" "W" 12 1 24.7166666666667 0.515 0.444 0 32.4 19.2 0 0 6.5 14.7 28.2 86 97 6.7 -7.9
"22" "9" 2005-12-12 24.59 "PHI" "" "MIN" "W" 1 1 22.5 0.34 0.2 15 27.4 20.9 0 0 3.8 25.4 16.8 72 90 2 -8.8
"23" "10" 2005-12-14 24.6 "PHI" "" "ATL" "W" 5 1 33.4833333333333 0.333 0.333 14.6 22.6 18.1 4.1 0 4.2 33.3 11.5 76 112 4.2 -8.4
"24" "11" 2005-12-16 24.6 "PHI" "" "MIA" "L" -7 1 27.9333333333333 0.533 0.5 3.3 5.4 4.1 0 0 11.9 26.2 17.7 80 119 3.8 -8.9
"25" "12" 2005-12-18 24.61 "PHI" "@" "TOR" "W" 27 1 29.9166666666667 0.698 0.714 8 51.3 32.1 5 0 7.4 27.6 16.7 100 71 12.1 0.1
"26" "13" 2005-12-21 24.62 "PHI" "" "GSW" "W" 11 1 27.4 0.759 0.778 16.3 20.4 18.3 0 1.9 5.9 28.8 22.4 110 101 11.8 0.1
"27" "14" 2005-12-23 24.62 "PHI" "@" "ATL" "L" -3 1 25.6833333333333 0.667 0.667 13 18.2 15.6 0 3.9 2.6 0 15.5 146 110 12.1 2.1
"28" "15" 2005-12-27 24.63 "PHI" "@" "DEN" "W" 2 1 23.4833333333333 0.2 0.2 5.4 23.8 15.1 0 0 14.8 0 9.3 68 111 2.2 -11
"29" "16" 2005-12-28 24.64 "PHI" "@" "POR" "L" -4 1 27.2 0.333 0.333 13.2 23.3 19 5.6 3.6 11.9 25 6.4 89 82 8 4.5
"30" "17" 2005-12-31 24.64 "PHI" "@" "UTA" "L" -6 1 33.75 0.644 0.667 7.9 27.8 18.5 4.2 0 6.3 50.8 11 77 111 3.5 -5.3
"31" "18" 2006-01-03 24.65 "PHI" "@" "SAC" "W" 13 1 35.2 0.791 0.8 16.4 22.3 19.3 8.2 1.4 3.6 7.3 16.5 157 96 22.8 9
"32" "19" 2006-01-04 24.65 "PHI" "@" "PHO" "L" -20 1 32.7333333333333 0.574 0.6 11.3 56.2 32.6 12.1 1.5 6.9 19.7 19.5 103 95 17.1 8.3
"33" "20" 2006-01-06 24.66 "PHI" "@" "LAL" "L" -26 1 35.3 0.5 0.5 6.3 8.5 7.3 4.4 1.4 11 27.3 13.4 82 116 7 -2.1
"34" "21" 2006-01-09 24.67 "PHI" "" "SEA" "W" 9 1 32.2666666666667 0.571 0.571 13.5 23.1 19.1 4.6 1.8 7.7 23.7 19.2 102 107 9.1 -2.8
"35" "22" 2006-01-11 24.67 "PHI" "" "UTA" "L" -8 1 41.4333333333333 1.034 1 7.2 40.1 22 3.8 1.3 3.7 36.1 9.5 132 118 12.8 2.6
"36" "23" 2006-01-13 24.68 "PHI" "" "BOS" "W" 1 1 45.1 0.868 0.75 7.1 21.5 13.8 0 0 13.2 25.8 15.6 130 94 19.8 4.5
"37" "24" 2006-01-16 24.69 "PHI" "@" "WAS" "L" -28 1 26.7 0.605 0.571 10.6 16.3 13.2 0 0 12.3 11.8 14.7 115 119 10.3 4.4
"38" "25" 2006-01-18 24.69 "PHI" "" "NJN" "L" -11 1 33.4 0.5 0.5 7.6 19.7 14.5 0 0 4.8 20 15.4 86 113 5.7 -5.1
"39" "26" 2006-01-20 24.7 "PHI" "" "MEM" "W" 3 1 37.05 0.625 0.4 6.8 26.8 17.5 0 1.5 13.4 29.4 14 98 77 11 3.9
"40" "27" 2006-01-22 24.7 "PHI" "@" "MIN" "W" 2 1 27.3166666666667 0.75 0.75 11.5 26.4 18.4 0 0 2.5 42.9 12 93 95 4.8 -3.3
"41" "28" 2006-01-24 24.71 "PHI" "" "SAC" "W" 6 1 36 0.508 0.571 3.3 39 21.1 0 2.8 9 11.3 10.8 97 94 10 1.2
"42" "29" 2006-01-26 24.72 "PHI" "" "ORL" "L" -4 1 23.8666666666667 0.635 0.571 10.8 32.7 20.7 6.3 0 3.7 11.3 17.2 129 119 7.6 -1.4
"43" "30" 2006-01-28 24.72 "PHI" "" "NYK" "W" 15 1 31.3333333333333 0.387 0.167 13.6 39.2 26.1 0 1.8 13.9 27.9 16 79 72 8.2 -4
"44" "31" 2006-01-29 24.72 "PHI" "@" "ORL" "W" 8 1 29.6333333333333 0.768 0.75 17.5 16.2 16.8 0 2 11 9.3 18.4 145 94 16.6 7.5
"45" "32" 2006-01-31 24.73 "PHI" "" "PHO" "L" -24 1 31.4833333333333 0.637 0.625 13.6 37 23.5 0 0 2.4 16.4 16.8 117 133 12.1 -1.9
"46" "33" 2006-02-03 24.74 "PHI" "" "DET" "L" -7 1 32.9666666666667 0.556 0.556 18.8 22.2 20.8 0 0 0 35.7 22.8 78 106 4.8 -9.2
"47" "34" 2006-02-04 24.74 "PHI" "@" "CLE" "W" 5 1 44.5166666666667 0.547 0.545 3.2 18.9 11.7 0 0 9.8 7.8 13.8 105 105 10.2 -2.2
"48" "35" 2006-02-06 24.75 "PHI" "" "HOU" "L" -6 1 40.7833333333333 0.539 0 13.1 31.4 22.2 0 2.5 7.8 46.3 9.1 78 81 9.1 1.5
"49" "36" 2006-02-08 24.75 "PHI" "@" "CHA" "L" -8 1 37.2 0.778 0.778 5.7 15.5 10.9 4.5 2.7 8.1 10 12.2 138 97 17.7 7.3
"50" "37" 2006-02-12 24.76 "PHI" "@" "WAS" "L" -10 1 23.15 0.255 0.2 9.9 14.5 12.2 0 0 9.6 25.4 14.5 54 109 0.7 -9.7
"51" "38" 2006-02-15 24.77 "PHI" "" "SAS" "W" 3 1 38.0666666666667 0.667 0.667 0 23.2 11.7 0 0 10.2 25 4.8 92 95 6.4 -0.7
"52" "39" 2006-02-16 24.77 "PHI" "@" "CHI" "L" -33 1 23.9166666666667 0.41 0.25 4.6 20.6 12.1 0 0 8.2 38.1 15.2 58 118 1 -11.3
"53" "40" 2006-02-22 24.79 "PHI" "" "CLE" "W" 9 1 26.6166666666667 0.595 0.6 10.6 26.3 19.8 0 1.8 2.6 14.5 11.7 112 103 6.9 -2.1
"54" "" 2006-02-24 24.79 "PHI" "@" "MIL" "W" 5 NA NA NA NA NA NA NA NA NA NA NA NA NA NA NA NA
"55" "" 2006-02-25 24.8 "PHI" "" "CHI" "W" 6 NA NA NA NA NA NA NA NA NA NA NA NA NA NA NA NA
"56" "" 2006-02-27 24.8 "PHI" "@" "DAL" "L" -12 NA NA NA NA NA NA NA NA NA NA NA NA NA NA NA NA
"57" "41" 2006-03-01 24.81 "PHI" "@" "HOU" "W" 5 0 19.9333333333333 0.643 0.6 0 10.5 5.5 0 0 3.9 0 13.2 128 112 4.8 -2.2
"58" "42" 2006-03-03 24.81 "PHI" "" "WAS" "W" 6 0 4 0 0 0 0 0 0 0 0 50 22.5 0 126 -2.1 -32.3
"59" "43" 2006-03-05 24.82 "PHI" "" "IND" "L" -1 0 21.25 1.017 1 16.9 26.6 21.4 0 2.5 3.8 0 7.8 208 98 9.5 5.2
"60" "44" 2006-03-08 24.83 "PHI" "@" "BOS" "L" -3 0 11.7333333333333 0.266 0 33.4 8.9 21.5 0 0 19.2 0 6.4 125 97 4.7 1.6
"61" "45" 2006-03-09 24.83 "PHI" "" "DEN" "L" -4 0 14.3666666666667 0.6 0.6 0 25.1 10.4 0 3.5 5 0 13.8 130 94 5.5 4
"62" "46" 2006-03-12 24.84 "PHI" "@" "MEM" "W" 3 0 16.5333333333333 0.266 0 0 7.6 3.8 0 0 4.5 0 5.4 61 106 0.1 -8.4
"63" "47" 2006-03-14 24.84 "PHI" "" "TOR" "L" -14 0 18.2 0.5 0.5 6.9 40 22.3 8.7 0 5.5 33.3 7.6 89 116 2.4 -3.3
"64" "48" 2006-03-16 24.85 "PHI" "@" "SEA" "L" -4 0 17.1166666666667 0.694 0.5 32 16 24 0 0 0 51 16.2 95 115 3 -10.7
"65" "49" 2006-03-17 24.85 "PHI" "@" "LAC" "L" -10 0 10.1333333333333 0 0 9.7 12.1 10.8 0 0 0 33.3 13.8 22 116 -1.4 -20.9
"66" "50" 2006-03-19 24.86 "PHI" "@" "GSW" "L" -9 0 7.88333333333333 0 0 12.4 0 6.4 0 0 9.7 0 11.6 33 108 -0.8 -17.1
"67" "51" 2006-03-22 24.87 "PHI" "" "ATL" "W" 9 0 13.6333333333333 0.665 0.5 28.5 0 14.5 0 3.8 0 0 12.3 167 115 5.1 -4.1
"68" "52" 2006-03-24 24.87 "PHI" "" "ORL" "L" -16 0 19.1666666666667 0.712 0.6 4.9 8.6 6.3 0 2.8 15.2 24 20 108 108 7.9 1.4
"69" "53" 2006-03-26 24.88 "PHI" "@" "IND" "L" -13 0 24.4666666666667 0.091 0.091 30.8 11.9 23.4 0 2.2 8.5 0 20.1 55 105 1.7 -13.9
"70" "54" 2006-03-29 24.88 "PHI" "" "DET" "L" -10 0 22.4666666666667 0.8 0.8 22.1 17.8 19.4 0 4.9 0 37.5 17.8 102 106 8 2.2
"71" "55" 2006-03-31 24.89 "PHI" "@" "NYK" "W" 5 1 22.7 0.854 0.833 13.6 33.4 24.5 7.2 2.3 0 13.4 15.6 153 116 10.3 2
"72" "56" 2006-04-02 24.9 "PHI" "" "NYK" "W" 19 1 34.6833333333333 0.838 0.833 13.4 24.4 19.2 8.6 0 2.5 11.4 11.7 157 105 13.8 1.2
"73" "57" 2006-04-04 24.9 "PHI" "@" "CLE" "L" -33 1 22.6 0.25 0.25 0 19.3 8.3 0 0 10.4 20 10.6 40 131 0.4 -11.6
"74" "58" 2006-04-05 24.9 "PHI" "" "CHI" "L" -7 1 26.5666666666667 0.541 0.429 13.6 23.1 18.7 0 0 2.7 0 15.2 124 107 7.9 -3
"75" "59" 2006-04-07 24.91 "PHI" "" "BOS" "L" -10 1 15.05 0.41 0.5 0 45.6 20.7 0 0 6 0 15 79 111 2.6 -6.2
"76" "60" 2006-04-08 24.91 "PHI" "@" "CHI" "W" 14 1 30.9666666666667 0.773 0.833 25.8 23.6 24.7 0 0 5.3 20.5 14.4 134 82 14.2 7.1
"77" "61" 2006-04-10 24.92 "PHI" "" "WAS" "W" 8 1 37.2833333333333 0.45 0.375 15 26.3 20.7 0 0 9 10.1 11.9 109 97 9.6 -2.2
"78" "62" 2006-04-12 24.92 "PHI" "@" "NJN" "W" 20 1 12.25 0.25 0.25 0 29.4 14.3 0 0 0 0 14.9 56 107 -1.1 -18
"79" "63" 2006-04-14 24.93 "PHI" "@" "MIA" "L" -19 1 12.8833333333333 0.798 1 9.1 40.3 23.9 0 8 0 51.5 13.2 78 92 2.6 -1.8
"80" "64" 2006-04-15 24.93 "PHI" "@" "ORL" "L" -5 1 24.5333333333333 0.21 0 26.4 14 19.8 5 4.4 0 0 9.1 103 108 4.2 -5
"81" "65" 2006-04-18 24.94 "PHI" "" "NJN" "W" 3 1 24.5166666666667 0.644 0.667 5.2 31.7 18.3 6.5 0 0 20.5 9.8 113 108 4.3 -5
"82" "66" 2006-04-19 24.94 "PHI" "@" "CHA" "L" -10 1 32.05 0.25 0.25 5.3 13.9 10.5 4.9 0 2.2 50 12.7 39 109 -2.7 -12.1
"1" "1" 2006-11-01 25.48 "PHI" "" "ATL" "W" 13 1 25.0333333333333 0.955 1 19.2 27.4 23.7 0 6.8 6.3 14.8 12.8 163 68 16.1 15.8
"2" "2" 2006-11-03 25.48 "PHI" "@" "ORL" "W" 2 1 25.0666666666667 0.541 0.571 0 17.4 8.7 0 4.1 3 10.7 18.7 89 104 5.5 -4.4
"3" "3" 2006-11-05 25.49 "PHI" "" "MIA" "W" 9 1 20.0166666666667 0.322 0.167 21.8 30.7 26 7.1 0 9.4 0 18.2 107 105 6.4 -4.7
"4" "4" 2006-11-07 25.5 "PHI" "@" "IND" "L" -11 1 17.95 0.5 0.5 12.2 20.1 15.9 0 0 8.4 33.3 15.4 77 104 2.5 -6.8
"5" "5" 2006-11-08 25.5 "PHI" "@" "TOR" "L" -2 1 33.8833333333333 0.553 0.6 26.4 25.8 26 0 2.9 9.6 14.5 17.8 114 96 16.9 2.5
"6" "6" 2006-11-10 25.5 "PHI" "" "DEN" "L" -7 1 34.65 0.871 0.875 6.8 13.2 10 0 1.4 4 23.5 15.5 126 106 13.8 4
"7" "7" 2006-11-15 25.52 "PHI" "@" "SEA" "W" 6 1 25.7833333333333 0.761 0.714 9.8 17.3 13.8 7.5 0 11.8 11.3 16.3 138 94 12.2 6.8
"8" "8" 2006-11-17 25.52 "PHI" "@" "PHO" "L" -12 1 18.8 0.41 0.5 5.7 36.5 20.5 0 0 7.5 29.1 16.3 62 102 1.5 -9.2
"9" "9" 2006-11-18 25.53 "PHI" "@" "LAC" "L" -6 1 35.9666666666667 0.761 0.714 0 12.3 5.4 5 0 2.2 9.8 13.3 139 107 9.6 2
"10" "10" 2006-11-21 25.53 "PHI" "" "DET" "L" -10 1 31.6166666666667 0.444 0.444 24.7 32.8 28.5 0 0 3 25 18 90 114 6.7 -7.8
"11" "11" 2006-11-22 25.54 "PHI" "@" "MIL" "L" -4 1 15.15 0.5 0.5 7.9 7 7.5 0 0 0 33.3 9.1 76 113 -1.4 -16.5
"12" "12" 2006-11-24 25.54 "PHI" "" "CHI" "W" 15 1 27.8833333333333 0.773 0.667 9.6 20.3 14.8 4.5 0 2.9 20.5 8 143 115 6.5 -0.7
"13" "13" 2006-11-25 25.55 "PHI" "@" "CLE" "L" -13 1 35.85 0.532 0.333 7 17.1 12.6 0 1.4 1.8 34.7 10.8 82 111 4.2 -5.9
"14" "14" 2006-11-27 25.55 "PHI" "@" "MIA" "L" -12 1 25.0166666666667 0 0 14.2 24 17.2 0 0 3.8 25 12.8 24 114 -3.8 -17.7
"15" "15" 2006-12-02 25.56 "PHI" "@" "NJN" "L" -5 1 30.4666666666667 0.5 0.5 18.9 17.1 18.1 0 1.6 0 0 5.3 146 115 6.7 -5.4
"16" "16" 2006-12-03 25.57 "PHI" "" "MIN" "L" -11 1 28.6333333333333 0.868 0.833 7.6 36.7 19.9 0 0 7.7 18.8 16.4 141 99 14.4 7.3
"17" "17" 2006-12-06 25.58 "PHI" "@" "CHI" "L" -27 1 30.6833333333333 0.686 0.625 4 47.4 23.9 6 0 2.4 16.4 18.7 116 126 11.9 0.2
"18" "18" 2006-12-08 25.58 "PHI" "" "WAS" "L" -15 1 18.5833333333333 0.945 1 7.8 26.5 17.9 17.1 0 0 17.4 14.8 160 125 9.2 6.1
"19" "19" 2006-12-09 25.58 "PHI" "@" "ORL" "L" -2 1 34.4166666666667 0.872 0.833 0 18.2 11 5.2 0 9.4 12.7 12.5 150 104 13.6 7
"20" "20" 2006-12-11 25.59 "PHI" "" "POR" "L" -2 1 25.8166666666667 0.515 0.5 4.9 34.9 18.6 0 0 12.1 43.6 25 56 87 1.2 -10.8
"21" "21" 2006-12-13 25.59 "PHI" "" "BOS" "L" -20 1 23.4166666666667 0.799 0.833 13.4 19.5 16.3 0 0 7.5 0 13.7 163 108 12.3 8.3
"22" "22" 2006-12-15 25.6 "PHI" "@" "DAL" "L" -14 1 34.25 0.643 0.667 11.4 17 14 0 1.7 0 13.9 21.9 112 111 11.5 1.9
"23" "23" 2006-12-16 25.6 "PHI" "@" "SAS" "L" -5 1 31.5833333333333 0.5 0.5 10.9 11.7 11.3 9.2 5.2 10 27.3 16.3 91 106 9.6 1.9
"24" "24" 2006-12-20 25.61 "PHI" "" "IND" "L" -8 1 40.7333333333333 0.542 0.538 16.4 27.5 21 4.4 0 6.3 6.3 19 118 116 14.6 -3.6
"25" "25" 2006-12-22 25.62 "PHI" "@" "BOS" "W" 15 1 36.8333333333333 0.47 0.429 8.1 34.3 22.3 7.9 3.1 6.6 6.3 22.1 101 85 13.9 1.2
"26" "26" 2006-12-23 25.62 "PHI" "" "NYK" "W" 21 1 28.3333333333333 0.661 0.571 8.3 22.6 15.8 0 0 14.9 0 13.7 144 77 13.5 5.6
"27" "27" 2006-12-26 25.63 "PHI" "@" "GSW" "L" -19 1 19.6166666666667 0.368 0.4 5.2 14 9 7.4 2.5 0 0 11.8 95 120 2.7 -5.6
"28" "28" 2006-12-27 25.63 "PHI" "@" "SAC" "L" -25 1 25.1166666666667 0.754 0.75 9.3 37 21.2 0 0 0 0 15.7 160 119 11.6 5
"29" "29" 2006-12-29 25.64 "PHI" "@" "POR" "W" 3 1 26.8 0.484 0.444 19.4 25.6 22.4 6.2 6.2 0 8.8 20.8 109 99 11.1 1
"30" "30" 2006-12-31 25.64 "PHI" "@" "LAL" "L" -10 1 28.8833333333333 0.333 0.333 13.6 27.7 20.1 12.3 3.8 2.9 0 14.5 100 108 9.1 -0.4
"31" "31" 2007-01-02 25.65 "PHI" "@" "DEN" "W" 11 1 18.4333333333333 0.644 0.667 0 34 16.8 8.5 0 0 11.4 19.8 114 96 6.5 -2
"32" "32" 2007-01-03 25.65 "PHI" "@" "UTA" "L" -11 1 23.6833333333333 0.8 0.8 0 24.1 13.5 8.1 4.5 0 28.6 14.2 108 99 7.1 5.3
"33" "33" 2007-01-05 25.66 "PHI" "@" "MIN" "L" -2 1 35.2833333333333 0.854 0.833 3.5 25 14.1 0 3.1 7.9 38.3 14 93 94 11.2 2.1
"34" "34" 2007-01-09 25.67 "PHI" "" "DET" "L" -9 1 39.35 0.543 0.5 22.2 37.9 28.4 8 1.4 9 13.4 17.5 119 108 18.7 4.3
"35" "35" 2007-01-10 25.67 "PHI" "@" "NYK" "L" -7 1 32.4833333333333 0.699 0.667 23.5 5.1 16.2 0 1.6 9.9 18.9 21.7 125 116 16.5 2.3
"36" "36" 2007-01-12 25.68 "PHI" "" "MIL" "W" 13 1 35.85 0.587 0.545 10.3 15.9 13.2 8.6 0 7.4 18 21.8 108 107 12.3 -3.7
"37" "37" 2007-01-13 25.68 "PHI" "@" "CHA" "L" -6 1 36.1 0.551 0.5 19.9 26 23.2 5.9 0 6.3 15.5 16.2 112 90 14.7 6.5
"38" "38" 2007-01-15 25.68 "PHI" "" "TOR" "L" -18 1 22.75 0.781 0.714 11.1 24.8 17.6 8.6 2.3 8.1 32.5 25.5 104 105 9.8 1.8
"39" "39" 2007-01-17 25.69 "PHI" "@" "MEM" "L" -16 1 36.5333333333333 0.833 0.75 7.3 31.9 19 0 0 4.5 28.2 17.8 119 121 13.4 -2.4
"40" "40" 2007-01-19 25.7 "PHI" "" "MIA" "W" 3 1 24.3 0.663 0.6 0 19.5 12 0 0 8.7 15 27.6 103 91 9.6 0.8
"41" "41" 2007-01-21 25.7 "PHI" "" "SAS" "L" -14 1 34.5333333333333 0.322 0.25 14.2 23.2 18.3 0 1.6 6.9 0 24.6 88 111 9.5 -2.4
"42" "42" 2007-01-23 25.71 "PHI" "" "NOK" "W" 6 1 27.3833333333333 0.563 0.5 5.8 21.9 15.7 5.7 0 2.7 10.1 16.7 108 100 7.3 -2
"43" "43" 2007-01-24 25.71 "PHI" "@" "CLE" "W" 3 1 42.1166666666667 0.63 0.6 12.9 18.5 16.4 0 1.4 1.7 5.9 21 128 109 15.6 1
"44" "44" 2007-01-26 25.72 "PHI" "" "CLE" "L" -8 1 27.6833333333333 0.595 0.6 5.3 9.4 7.4 0 0 5.7 25.4 13.3 89 118 3.4 -7.2
"45" "45" 2007-01-27 25.72 "PHI" "@" "ATL" "W" 15 1 38.4833333333333 0.771 0.727 8.3 22.2 16.6 8.6 1.4 13 36.2 24.1 99 92 18.6 6.9
"46" "46" 2007-01-29 25.72 "PHI" "@" "HOU" "L" -21 1 29.1833333333333 0.409 0.4 19 23.5 20.8 6.8 0 0 0 23.8 101 115 10.5 -0.7
"47" "47" 2007-01-31 25.73 "PHI" "@" "NOK" "W" 11 1 37.85 0.418 0.333 8.6 28.2 19.4 0 0 6.5 21.8 17.5 82 85 7 -3.6
"48" "48" 2007-02-02 25.73 "PHI" "" "GSW" "L" -1 1 27.6 0.446 0.333 4.7 20.2 13 5.1 0 9.4 15.2 21.6 87 103 7.4 -2.9
"49" "49" 2007-02-05 25.74 "PHI" "" "NJN" "W" 2 1 43.75 0.7 0.7 7.4 35.3 21.2 7.5 0 8.1 9.1 11.9 131 91 18.9 6.7
"50" "50" 2007-02-07 25.75 "PHI" "" "CHA" "W" 9 1 32.3166666666667 0.212 0.222 18.1 21.6 20.1 4.9 0 7.7 24.1 17.7 59 81 2.5 -8
"51" "51" 2007-02-09 25.75 "PHI" "" "LAC" "L" -1 1 38.1833333333333 0.504 0.462 18.4 26.3 22.4 0 0 0 17.8 20.8 100 103 9.6 -4.5
"52" "52" 2007-02-11 25.76 "PHI" "" "DAL" "L" -17 1 32.5 0.359 0.25 16.4 27.2 21.4 4.8 0 4.9 29.1 19.4 73 115 5.1 -5.5
"53" "53" 2007-02-14 25.77 "PHI" "" "WAS" "L" -7 1 39.6666666666667 0.481 0.455 22.2 21.5 21.9 0 0 1.8 25.9 17.3 88 102 9.5 -5.4
"54" "54" 2007-02-21 25.79 "PHI" "" "NYK" "W" 20 1 29.55 0.225 0.25 9.8 28.4 20 0 0 5.2 40.3 12.5 46 93 -1.3 -13.8
"55" "55" 2007-02-23 25.79 "PHI" "@" "CHA" "L" -15 1 28.1666666666667 0.279 0.222 4.4 31.4 17.7 0 0 5.5 21.8 22.4 51 107 -0.7 -14.9
"56" "56" 2007-02-24 25.79 "PHI" "@" "MIL" "L" -19 1 30.6166666666667 0.718 0.7 18.1 15.2 16.5 0 0 0 22.3 21.2 113 128 10.4 -2.7
"57" "57" 2007-02-26 25.8 "PHI" "" "SAC" "W" 7 1 38.9166666666667 0.553 0.533 18.8 25.2 22.1 0 1.3 2 5.2 21.5 120 86 19.3 4.2
"58" "58" 2007-02-28 25.81 "PHI" "" "PHO" "W" 5 1 32.9 0.5 0.5 3.2 38.2 20.1 8.7 3.1 0 14.3 8.9 104 90 7.8 2.6
"59" "59" 2007-03-02 25.81 "PHI" "" "MEM" "W" 5 1 27.9333333333333 0.506 0.444 11.5 21.1 17 0 1.9 5.7 9.2 18.1 111 109 7.6 -5.3
"60" "60" 2007-03-04 25.82 "PHI" "" "NJN" "W" 13 1 27.8 0.296 0.25 15 22.8 19.2 4.7 0 2.7 10.6 14.6 85 91 4.3 -6.6
"61" "61" 2007-03-07 25.82 "PHI" "" "SEA" "W" 3 1 40.7 0.444 0.444 22.5 28.3 25.6 3.4 1.3 3.4 10 11.1 116 92 13.8 2.6
"62" "62" 2007-03-09 25.83 "PHI" "" "LAL" "W" 16 1 39.4 0.564 0.375 18.3 29.7 24.1 7.5 0 6.6 0 13.1 150 99 17.1 3.7
"63" "63" 2007-03-10 25.83 "PHI" "@" "IND" "W" 4 1 42.65 0.721 0.714 7.3 24.1 15.3 7.7 1.2 8 0 9.7 156 102 17 5.2
"64" "64" 2007-03-13 25.84 "PHI" "@" "ATL" "L" -12 1 26.6 0.595 0.6 13.2 13.9 13.5 12.6 0 7.6 33.8 15.3 95 116 6.6 -2.7
"65" "65" 2007-03-14 25.84 "PHI" "" "CHI" "L" -1 1 38.55 0.952 1 0 18.9 11.6 4.7 1.5 5.4 20.2 13.4 136 96 15.2 7.3
"66" "66" 2007-03-16 25.85 "PHI" "" "UTA" "W" 1 1 39.65 0.843 0.714 3 18.2 10.5 4 0 0 9 12.7 164 104 14.7 4.6
"67" "67" 2007-03-18 25.85 "PHI" "" "HOU" "L" -50 1 24.3166666666667 0.685 0.571 3.9 14.8 8.8 10.3 2.2 5.9 0 17.3 146 129 12.2 7.9
"68" "68" 2007-03-20 25.86 "PHI" "@" "DET" "L" -21 1 33.0666666666667 0.571 0.429 20.3 21.3 20.7 5.9 3.6 2.1 18.6 15.2 120 111 13 4.4
"69" "69" 2007-03-23 25.87 "PHI" "" "CHA" "W" 9 1 30.6 0.714 0.714 0 28.5 17.7 0 0 0 36.4 16.5 78 104 4.3 -7.8
"70" "70" 2007-03-24 25.87 "PHI" "@" "MIA" "W" 8 1 15.35 0.732 0.667 0 21.8 11.7 0 3.6 12.5 19.6 32.9 113 83 8.3 5.4
"71" "71" 2007-03-28 25.88 "PHI" "@" "WAS" "L" -3 1 43.3 0.8 0.8 7.6 18.5 12.5 6.6 1.1 3.2 21.1 18.5 123 111 20 3.2
"72" "72" 2007-03-30 25.89 "PHI" "" "BOS" "W" 6 1 37.3333333333333 0.545 0.545 12.5 28.9 20.6 6 0 2.3 42.1 22.7 65 86 4 -7.7
"73" "73" 2007-03-31 25.89 "PHI" "@" "NJN" "L" -4 1 41.2333333333333 0.607 0.556 5.7 26.6 15.3 4 0 0 9.2 12.5 123 103 9.2 -1.3
"74" "74" 2007-04-04 25.9 "PHI" "@" "NYK" "W" 2 1 32.55 0.4 0.4 3.8 19.4 11.5 0 3.3 0 16.7 9.2 73 96 2.1 -8.3
"75" "75" 2007-04-06 25.91 "PHI" "" "TOR" "L" -9 1 35.5833333333333 0.55 0.545 9.2 10.9 10 16.2 0 0 6.8 19.5 114 107 11 0.9
"76" "76" 2007-04-08 25.91 "PHI" "" "ATL" "W" 5 1 25.1666666666667 0.606 0.545 9.6 44.3 25.7 9 2.2 8 18.5 30.3 104 96 13.7 3.2
"77" "77" 2007-04-10 25.92 "PHI" "" "IND" "W" 4 1 33.9666666666667 0.533 0.455 10.1 21.6 16.8 0 0 5.4 0 20.9 123 94 13.8 2.2
"78" "78" 2007-04-11 25.92 "PHI" "@" "BOS" "W" 8 1 36.8166666666667 0.854 0.833 22.5 8.1 15 18.9 0 0 48.2 16.2 104 120 9.2 -0.5
"79" "79" 2007-04-14 25.93 "PHI" "" "ORL" "L" -17 1 27.85 0.518 0.4 4.1 18.1 10.8 0 0 0 12.9 13 103 120 4 -7
"80" "80" 2007-04-15 25.93 "PHI" "@" "DET" "W" 11 1 21.7 0.82 0.75 15.1 16.6 15.8 11.5 0 12.1 17 11.8 153 106 11.5 10.4
"81" "81" 2007-04-17 25.94 "PHI" "" "CLE" "L" -6 1 37.5333333333333 0.511 0.444 11.9 19.2 15.4 4.8 0 3.8 27.1 18.8 88 105 7 -4.9
"82" "82" 2007-04-18 25.94 "PHI" "@" "TOR" "W" 3 1 22.0166666666667 0 0 12.1 11.5 11.8 0 0 6.5 33.3 11.5 28 120 -2.6 -15.6
"1" "1" 2007-10-31 26.48 "PHI" "@" "TOR" "L" -9 1 24.95 0.286 0.286 13.7 9.4 11.6 11.3 0 16.7 12.5 14.1 86 107 5.6 -1.4
"2" "2" 2007-11-02 26.48 "PHI" "@" "CHI" "W" 11 1 30.75 0.601 0.556 18.6 19.1 18.9 0 0 5 20.5 19.4 109 90 10.6 -0.3
"3" "3" 2007-11-03 26.48 "PHI" "" "NJN" "L" -5 1 36.2166666666667 0.459 0.25 8.5 18.1 13.1 9 0 8.4 6.6 18.4 106 98 12.5 3
"4" "4" 2007-11-07 26.5 "PHI" "" "CHA" "W" 31 1 29.7 0.483 0.375 18.4 27.5 23.1 0 3.6 5.2 39.2 23.3 73 61 6.7 -6
"5" "5" 2007-11-09 26.5 "PHI" "" "TOR" "L" -2 1 19.3166666666667 0.51 0.4 5.5 31.1 17.5 0 0 8.9 14.5 15.7 100 107 3.9 -6
"6" "6" 2007-11-11 26.51 "PHI" "" "NOH" "L" -21 1 34.5 0.644 0.556 6.6 27.1 16.8 0 0 4.8 7.9 17.8 125 104 14.1 5.4
"7" "7" 2007-11-13 26.51 "PHI" "@" "DAL" "L" -15 1 36.5166666666667 0.654 0.583 8.2 11.4 9.8 5.5 0 2.1 6.8 18 130 108 15.3 5
"8" "8" 2007-11-14 26.52 "PHI" "@" "NOH" "L" -19 1 32.55 0.568 0.545 20.5 29.5 25.2 0 0 2.8 8 17.9 120 107 11.7 2.9
"9" "9" 2007-11-16 26.52 "PHI" "" "POR" "W" 4 1 10.4833333333333 0.5 0.5 0 11.4 6.3 0 0 0 50 17.9 46 104 -2.7 -21.7
"10" "10" 2007-11-20 26.53 "PHI" "@" "WAS" "L" -15 1 22.95 0.621 0.667 4.5 27 13.4 0 0 0 13.4 14.5 107 131 5.5 -6.5
"11" "11" 2007-11-23 26.54 "PHI" "@" "DET" "L" -5 1 32.1666666666667 0.644 0.667 7.9 16.6 12.6 0 0 2.2 0 12.1 142 103 9 3.2
"12" "12" 2007-11-24 26.54 "PHI" "" "GSW" "L" -2 1 32.9166666666667 0.496 0.5 13.1 18.6 15.9 5.5 0 4.8 9.9 14.3 107 100 8.9 -0.8
"13" "13" 2007-11-27 26.55 "PHI" "@" "MIL" "W" 15 1 36.9166666666667 0.714 0.636 6.8 21.7 14.1 0 0 7.2 11.5 21.7 136 115 18.4 -0.4
"14" "14" 2007-11-28 26.55 "PHI" "" "UTA" "L" -11 1 25.0333333333333 0.571 0.429 13.4 18 15.3 7 0 2.9 23.7 22.4 103 123 6.3 -6.1
"15" "15" 2007-11-30 26.56 "PHI" "" "WAS" "W" 1 1 41.5833333333333 0.752 0.7 7.5 25.7 15.5 4.6 1.3 6 7.3 15.1 145 89 20.5 7.9
"16" "16" 2007-12-01 26.56 "PHI" "@" "NJN" "L" -2 1 44.8 0.333 0.333 6.4 39.4 24 8.6 1.3 10.8 30.8 14.9 61 92 7.2 -2.3
"17" "17" 2007-12-03 26.57 "PHI" "" "ATL" "L" -9 1 39.4 0.37 0.4 6.2 21.2 14.3 0 0 3.7 0 8 88 96 5.5 -2.2
"18" "18" 2007-12-05 26.57 "PHI" "" "BOS" "L" -10 1 32.5166666666667 0.888 0.833 9.5 34.4 21.8 4 1.7 5.5 12 12.4 163 121 14 6.7
"19" "19" 2007-12-07 26.58 "PHI" "" "NYK" "W" 11 1 36.5666666666667 0.751 0.75 13.8 10.9 12.2 0 0 5.8 0 16.6 160 102 19.3 7.1
"20" "20" 2007-12-08 26.58 "PHI" "@" "NYK" "W" 28 1 21.0166666666667 0.307 0.25 13.8 22.3 18.5 0 2.6 9.7 45 19.4 48 82 0 -14
"21" "21" 2007-12-10 26.59 "PHI" "" "HOU" "W" 12 1 36.7666666666667 0.667 0.667 13.7 29.4 21.8 3.6 0 4.8 14.3 8.9 132 96 10.8 1.3
"22" "22" 2007-12-12 26.59 "PHI" "" "MIN" "W" 4 1 39.6166666666667 0.781 0.625 9.3 25.5 17.3 0 0 17 20.7 16.8 134 97 20.6 6.9
"23" "23" 2007-12-14 26.6 "PHI" "" "SAC" "L" -10 1 34.0833333333333 0.41 0.5 15.6 20.7 18.1 0 0 4.1 17 7.8 95 118 4.7 -5.9
"24" "24" 2007-12-15 26.6 "PHI" "@" "CLE" "W" 6 1 42.5333333333333 0.687 0.667 17.6 34.7 25.5 0 0 5.4 25.6 16 113 90 16.3 1.9
"25" "25" 2007-12-19 26.61 "PHI" "@" "IND" "L" -17 1 40.85 0.545 0.5 8 25.9 17.5 0 1.2 9.7 12.7 16.8 102 94 16 4
"26" "26" 2007-12-21 26.62 "PHI" "" "LAL" "L" -5 1 33.2666666666667 0.556 0.556 17.2 30.9 24 0 1.5 4 30.8 17.2 88 104 8.3 -4.2
"27" "27" 2007-12-22 26.62 "PHI" "@" "MEM" "W" 2 1 36.2333333333333 0.461 0.375 19.9 28.6 24.1 7.8 0 7.5 17 14.3 108 106 10.3 -2.1
"28" "28" 2007-12-26 26.63 "PHI" "" "MIA" "W" 11 1 17.1333333333333 0.654 0.667 8.2 6.4 7.2 22.6 0 3.9 12.7 22.1 121 96 6.5 2.5
"29" "29" 2007-12-28 26.64 "PHI" "@" "SAC" "W" 12 1 38.9833333333333 0.752 0.7 7.9 30.8 20.8 4.2 0 6.8 19.2 19.3 130 91 17.4 4.4
"30" "30" 2007-12-30 26.64 "PHI" "@" "POR" "L" -25 1 35.25 0.4 0.4 9.5 22.1 15.3 0 1.6 7.3 37.5 11.2 62 108 3.7 -5.9
"31" "31" 2007-12-31 26.64 "PHI" "@" "SEA" "W" 8 1 37.3666666666667 0.46 0.4 7.1 14.3 11.1 4.5 2.9 11 21.6 18.2 83 96 10.6 -1.3
"32" "32" 2008-01-02 26.65 "PHI" "@" "UTA" "L" -3 1 40.8166666666667 0.597 0.6 31.1 3.7 17.8 0 0 5.4 10.7 19.4 129 125 18.2 1.4
"33" "33" 2008-01-04 26.65 "PHI" "@" "LAL" "L" -31 1 17.4666666666667 0.429 0.429 10 0 6.8 0 0 0 0 16.3 102 131 2.9 -7.9
"34" "34" 2008-01-06 26.66 "PHI" "@" "DEN" "L" -13 1 39.35 0.421 0.364 11.3 25.4 17.9 0 1.2 3.1 7.8 12.9 102 107 10.2 -4.1
"35" "35" 2008-01-08 26.67 "PHI" "" "MIL" "L" -4 1 41.1833333333333 0.68 0.6 19.4 24.5 21.7 0 1.3 5.8 29.8 18.1 107 97 17.1 1.8
"36" "36" 2008-01-09 26.67 "PHI" "@" "TOR" "L" -13 1 31.1833333333333 0.667 0.667 3.4 25.7 12.3 9.7 0 5.4 0 8.4 153 120 8.8 2.6
"37" "37" 2008-01-11 26.67 "PHI" "" "CHI" "L" -3 1 36.9166666666667 0.739 0.667 27.2 30.4 28.9 0 0 4.3 22 21.1 129 108 20.4 1.3
"38" "38" 2008-01-14 26.68 "PHI" "@" "SAS" "L" -7 1 34.95 0.41 0.333 17.9 40.9 29.5 0 0 7.5 0 20.4 103 92 12.9 1.3
"39" "39" 2008-01-15 26.68 "PHI" "@" "HOU" "W" 4 1 32.2833333333333 0.563 0.563 11.4 13.5 12.4 0 0 5.5 0 23.2 125 121 13.4 -2.4
"40" "40" 2008-01-18 26.69 "PHI" "@" "BOS" "L" -27 1 32.5166666666667 0.515 0.444 23.3 19 21.4 5.3 1.7 2.9 20.5 19.2 104 130 9.3 -3.6
"41" "41" 2008-01-19 26.7 "PHI" "" "TOR" "W" 4 1 43.1666666666667 0.709 0.667 13.2 25.4 18.8 3.5 0 2.1 23.3 13.8 120 110 13.2 -0.8
"42" "42" 2008-01-21 26.7 "PHI" "" "IND" "L" -7 1 32.9833333333333 0.425 0.4 12.7 36.4 23.1 8.1 1.5 5.4 40.5 12.3 74 107 5.2 -5
"43" "43" 2008-01-23 26.71 "PHI" "" "DET" "L" -8 1 37.2666666666667 0.337 0.364 16.1 25.8 20.9 0 0 0 7.8 16.6 88 109 4.4 -5.7
"44" "44" 2008-01-25 26.71 "PHI" "@" "NYK" "L" -8 1 31.5 0.462 0.462 6.9 12 9.3 0 1.9 5 7.1 22.1 97 108 7.8 -1.8
"45" "45" 2008-01-26 26.72 "PHI" "@" "CHA" "W" 7 1 36.35 0.427 0.333 18.9 21.6 20.3 11.2 3 5.8 19.6 12.4 107 99 12.8 3.2
"46" "46" 2008-01-30 26.73 "PHI" "" "MIL" "W" 43 1 30.7333333333333 0.558 0.444 8.2 15.6 12 0 0 2.7 0 16 132 82 9.8 -1.2
"47" "47" 2008-02-01 26.73 "PHI" "" "ORL" "L" -2 1 29.7666666666667 0.563 0.625 7.7 34.2 19.4 4.8 0 3.4 0 13.8 121 117 8.5 -1.4
"48" "48" 2008-02-04 26.74 "PHI" "@" "ATL" "L" -5 1 37.4833333333333 0.418 0.333 16.8 24.4 20.8 4.1 0 8.9 8.5 15.1 105 104 12.2 0.9
"49" "49" 2008-02-05 26.74 "PHI" "" "WAS" "W" 5 1 30.0333333333333 0.444 0.429 5.7 23.8 17 0 1.7 8.7 11.3 14.3 83 97 6.6 -3.3
"50" "50" 2008-02-07 26.75 "PHI" "" "MIA" "W" 17 1 20.6833333333333 0.667 0.667 11.9 24.7 18.9 7.2 2.5 7.1 25 8.6 117 82 6.1 2.2
"51" "51" 2008-02-09 26.75 "PHI" "" "LAC" "W" 21 1 31.2 0.627 0.545 19.2 7.9 13 0 0 9.6 7.3 21.5 136 97 15.1 3
"52" "52" 2008-02-11 26.76 "PHI" "" "DAL" "W" 8 1 37.8666666666667 0.354 0.333 11.3 14.4 12.8 0 0 2.3 0 12.5 93 91 6.1 -2.2
"53" "53" 2008-02-13 26.76 "PHI" "" "MEM" "W" 14 1 38.5 0.633 0.6 9.1 23.9 17 0 1.3 8.7 24 19 101 90 14.4 -0.3
"54" "54" 2008-02-19 26.78 "PHI" "@" "MIN" "L" -16 1 30.9833333333333 0.5 0.5 11.1 22.1 16.6 5.1 0 2.5 25 12.1 91 115 5.5 -5.3
"55" "55" 2008-02-20 26.78 "PHI" "" "NYK" "W" 40 1 23.7666666666667 0.508 0.429 16.8 31.9 24.6 0 2.2 7.8 0 14.5 136 85 9.4 -0.4
"56" "56" 2008-02-22 26.79 "PHI" "@" "ORL" "L" -16 1 33.1666666666667 0.399 0.25 11.1 35.1 22.1 0 0 5.9 11.7 12.1 94 125 5.7 -5.8
"57" "57" 2008-02-23 26.79 "PHI" "@" "MIA" "W" 5 1 44.7833333333333 0.571 0.571 11.3 20.2 15.7 0 2.4 1.9 36.4 11 83 97 7.9 -2.1
"58" "58" 2008-02-27 26.8 "PHI" "" "ORL" "W" 12 1 29.3833333333333 0.571 0.571 12.3 35 23.9 0 0 0 20.2 15.1 100 95 6.1 -5.9
"59" "59" 2008-02-29 26.81 "PHI" "@" "GSW" "L" -22 1 25.05 0.34 0.2 13.7 29.5 20.2 0 0 3 25.4 12 76 119 3 -10.4
"60" "60" 2008-03-01 26.81 "PHI" "@" "PHO" "W" 5 1 30.05 0.242 0.111 16.4 16 16.2 0 0 2.5 8.8 16.4 78 122 2 -13.6
"61" "61" 2008-03-03 26.82 "PHI" "@" "LAC" "W" 26 1 28.9666666666667 0.505 0.455 5.7 58.8 33.1 4.4 3.9 5.7 7.8 22.2 106 79 13 4
"62" "62" 2008-03-07 26.83 "PHI" "" "SEA" "W" 34 1 38.55 0.926 0.909 12.8 28.7 20.8 3.3 0 1.9 14.4 15.7 158 88 22 6.3
"63" "63" 2008-03-09 26.83 "PHI" "@" "MIL" "W" 22 1 37.1333333333333 0.758 0.727 17.2 19.9 18.7 7.1 1.4 0 7.8 16.3 156 107 18.7 5.4
"64" "64" 2008-03-10 26.84 "PHI" "" "BOS" "L" -14 1 31.8833333333333 0.111 0.111 9.9 22.6 14.9 5.3 1.7 5.5 10 12.8 47 109 0.8 -11
"65" "65" 2008-03-12 26.84 "PHI" "@" "DET" "W" 1 1 41.8333333333333 0.333 0.333 12.4 37.1 24.2 3.9 2.9 6.7 30.8 15.3 66 94 6.6 -3
"66" "66" 2008-03-14 26.85 "PHI" "@" "CHI" "W" 4 1 24.8666666666667 0.564 0.5 14.5 24.6 20 0 0 8 23.5 22.1 99 107 8.8 -2.5
"67" "67" 2008-03-15 26.85 "PHI" "" "SAS" "W" 7 1 35.3166666666667 0.644 0.5 22.7 12.7 18.4 0 1.6 7.4 0 10.9 164 109 13.9 3.1
"68" "68" 2008-03-19 26.86 "PHI" "" "DEN" "W" 2 1 39.8333333333333 0.672 0.7 13.4 23 18.5 0 0 8.7 38.8 21.9 85 109 11.5 -3.6
"69" "69" 2008-03-21 26.87 "PHI" "@" "ORL" "L" -18 1 15.2 0.347 0.25 26.3 9.3 19.3 0 3.4 11.7 14.8 19.4 89 116 3.7 -7.4
"70" "70" 2008-03-22 26.87 "PHI" "" "NJN" "W" 4 1 43.35 0.403 0.364 20.8 21.2 21 4.2 1.2 8.7 18 16.7 93 93 13.3 -1.1
"71" "71" 2008-03-24 26.87 "PHI" "@" "BOS" "W" 5 1 37.7 0.521 0.5 6.4 35.4 20.1 0 1.4 4.6 34.2 10.7 78 96 5.8 -2.3
"72" "72" 2008-03-26 26.88 "PHI" "" "CHI" "W" 22 1 27.4166666666667 0.872 0.833 0 31.5 18.1 0 1.9 11.5 12.7 13.1 142 94 13.7 4.2
"73" "73" 2008-03-28 26.88 "PHI" "" "PHO" "L" -14 1 36.1833333333333 0.436 0.333 21.2 24.4 22.6 4.1 1.5 4.4 36.8 12.4 83 113 7.8 -5
"74" "74" 2008-03-30 26.89 "PHI" "@" "CLE" "L" -3 1 40.1666666666667 0.698 0.714 3.1 22.8 13.3 0 0 9.5 27.6 12.6 96 101 10.9 0.9
"75" "75" 2008-04-01 26.9 "PHI" "@" "NJN" "W" 9 1 39.75 0.705 0.625 17.3 23 20.4 0 2.7 9.6 8.6 13.7 145 101 19.8 4.6
"76" "76" 2008-04-04 26.9 "PHI" "@" "ATL" "W" 5 1 42.6 0.663 0.6 14.1 18.8 16.6 0 0 3.3 15 15 124 119 13.6 -2.2
"77" "77" 2008-04-05 26.91 "PHI" "" "ATL" "L" -7 1 29.4 0.333 0.333 0 44.1 21.8 0 0 5.6 25 6.8 49 99 1.7 -6.7
"78" "78" 2008-04-09 26.92 "PHI" "" "DET" "W" 7 1 32.6833333333333 0.678 0.692 16.3 28.7 23.3 6.2 0 2.4 16.9 27 115 107 16 -0.1
"79" "79" 2008-04-11 26.92 "PHI" "" "IND" "L" -9 1 37.6833333333333 0.509 0.5 17.3 27.3 21.4 4.4 2.6 4.5 22.5 9.8 101 82 13.2 1
"80" "80" 2008-04-12 26.93 "PHI" "@" "WAS" "L" -16 1 37.4666666666667 0.528 0.4 16 20.4 18.3 3.8 0 2.1 19 13.4 110 125 8.5 -5.7
"81" "81" 2008-04-14 26.93 "PHI" "" "CLE" "L" -1 1 36.4833333333333 0.342 0.333 18.8 12.2 15.5 11.2 0 2.1 21.5 12 92 106 4.6 -4.7
"82" "82" 2008-04-16 26.94 "PHI" "@" "CHA" "L" -6 1 15.5666666666667 0.5 0.5 35.9 17.6 27.7 0 0 0 0 11.4 150 137 5.3 -8.2
"1" "1" 2008-10-29 27.47 "PHI" "" "TOR" "L" -11 1 28.5666666666667 0.436 0.333 32.9 31.3 32.1 0 2 5.2 16.2 18.3 107 102 11 -1.8
"2" "2" 2008-10-31 27.48 "PHI" "" "NYK" "W" 29 1 32.6 0.45 0.5 3.7 18.1 12.6 0 0 8.4 18.4 13.8 79 82 5.9 -1.2
"3" "3" 2008-11-01 27.48 "PHI" "@" "ATL" "L" -7 1 34.15 0.505 0.455 10 23.9 17.4 0 0 2.1 25.2 20.4 84 105 5.9 -6.6
"4" "4" 2008-11-03 27.48 "PHI" "" "SAC" "W" 34 1 22.5166666666667 0.579 0.667 13.3 28.4 20.6 0 2.3 0 48.1 16.8 69 97 1.3 -10.7
"5" "5" 2008-11-05 27.49 "PHI" "@" "MIA" "L" -23 1 25.4333333333333 0.333 0.333 9.4 25.2 17.8 0 0 3 40 8.7 56 111 1 -7.2
"6" "6" 2008-11-06 27.49 "PHI" "@" "ORL" "L" -10 1 30.0833333333333 0.625 0.625 24.5 19.9 22.3 5.7 0 8.4 11.1 12.5 133 101 14 5.7
"7" "7" 2008-11-11 27.51 "PHI" "" "UTA" "L" -13 1 33.0833333333333 0.51 0.4 7.1 27.2 17.9 5.6 0 4.1 14.5 9.7 104 98 6.9 -1.2
"8" "8" 2008-11-12 27.51 "PHI" "@" "TOR" "W" 10 1 20.2166666666667 0.5 0.5 0 10.6 6.2 0 0 0 33.3 7.1 62 113 -1.8 -13.8
"9" "9" 2008-11-14 27.52 "PHI" "@" "IND" "W" 2 1 11.9 0.5 0.5 13.9 17.9 15.7 0 4.2 0 20 17 96 91 3.2 -3.1
"10" "10" 2008-11-15 27.52 "PHI" "" "OKC" "W" 25 1 31.2833333333333 0.597 0.6 11.8 36.1 23.8 0 0 5.8 8.4 15.2 121 79 15.1 3
"11" "11" 2008-11-19 27.53 "PHI" "@" "MIN" "L" -6 1 33.95 0.333 0.333 3.7 40.4 21.3 0 1.5 9.1 14.3 9 69 97 5.5 -1.9
"12" "12" 2008-11-21 27.53 "PHI" "" "LAC" "W" 1 1 27.95 0.583 0.556 11.2 20.4 15.6 0 7.4 0 17.5 17.7 103 83 11.1 2.6
"13" "13" 2008-11-23 27.54 "PHI" "" "GSW" "W" 8 1 36.2 0.444 0.444 24.4 21.6 23.1 0 1.5 4.4 10 11.6 113 87 12.3 1.5
"14" "14" 2008-11-24 27.54 "PHI" "@" "CHA" "L" -9 1 27.2 0.508 0.429 11.5 25.2 16.7 0 0 11 11.3 15.2 106 103 7.5 -1.3
"15" "15" 2008-11-26 27.55 "PHI" "" "ORL" "L" -2 1 24.9166666666667 0.333 0.333 17.5 17 17.3 6 0 4.6 14.3 12.8 90 110 2.3 -8.1
"16" "16" 2008-11-28 27.55 "PHI" "@" "BOS" "L" -24 1 24 0 0 0 22.2 9.6 0 0 0 25.8 7.7 0 120 -2.4 -12
"17" "17" 2008-11-30 27.56 "PHI" "" "CHI" "L" -11 1 15.0833333333333 0.333 0.333 20.8 9.1 15.7 0 0 0 25 23.9 67 116 0.2 -16.9
"18" "18" 2008-12-02 27.56 "PHI" "@" "CHI" "W" 8 1 11.9 NA NA 8.6 20.2 13.9 0 0 12.5 NA 0 205 87 2.3 2.6
"19" "19" 2008-12-03 27.57 "PHI" "" "LAL" "L" -12 1 29.9166666666667 0.709 0.667 10.9 23.6 16.5 13.5 0 0 11.4 13.2 144 127 10.7 1.8
"20" "20" 2008-12-05 27.57 "PHI" "@" "DET" "W" 5 1 18.55 1 1 6.6 0 3.3 0 3.2 0 0 5.3 202 113 3.9 0.7
"21" "21" 2008-12-06 27.58 "PHI" "" "NJN" "L" -11 1 20.1 0 0 15.2 14 14.7 0 2.8 5.1 0 13.7 30 108 -0.2 -12.1
"22" "22" 2008-12-10 27.59 "PHI" "" "CLE" "L" -8 1 17.4833333333333 0.532 0 6.2 6.4 6.3 0 0 0 0 4.9 141 118 1.9 -1.9
"23" "23" 2008-12-12 27.59 "PHI" "@" "CLE" "L" -16 1 27.15 0.6 0.6 5.2 31.4 20.1 0 0 8.8 28.6 13.3 85 98 5.3 -0.1
"24" "24" 2008-12-13 27.59 "PHI" "" "WAS" "W" 15 1 33.1 0.425 0.4 12.8 41.4 29.7 0 0 2.4 33.8 12.6 74 88 4.7 -5.7
"25" "25" 2008-12-17 27.61 "PHI" "" "MIL" "W" 5 1 18.8166666666667 0.84 0.667 5.5 31.9 17.8 0 2.8 0 17.4 13.9 148 92 8.5 8.4
"26" "26" 2008-12-19 27.61 "PHI" "@" "WAS" "W" 6 1 11.8833333333333 0.773 0.667 23.1 9.6 15.7 0 0 0 43.6 27.8 96 117 2.2 -15.2
"27" "27" 2008-12-20 27.61 "PHI" "" "IND" "L" -1 1 36.0833333333333 0.72 0.8 10 33.3 22.2 0 0 9.9 28.2 13.1 102 96 12.6 1.2
"28" "28" 2008-12-23 27.62 "PHI" "@" "BOS" "L" -19 1 31.5666666666667 0.8 0.8 0 46 25.3 4.9 1.6 6.8 28.6 9.8 102 100 10.2 5
"29" "29" 2008-12-26 27.63 "PHI" "@" "DEN" "L" -4 1 27.5833333333333 0.205 0.25 9.4 50.4 30.2 0 0 7.7 17 9.5 56 101 1.9 -8.3
"30" "30" 2008-12-29 27.64 "PHI" "@" "UTA" "L" -17 1 22.2666666666667 0.554 0.4 25.7 28.4 26.9 0 0 0 24 17.2 109 123 6.9 -5.4
"31" "31" 2008-12-31 27.64 "PHI" "@" "LAC" "W" 8 1 13.2 0.521 0.25 0 16.9 9.3 0 0 17.9 14.8 23.4 101 101 3.7 -5.2
"32" "32" 2009-01-02 27.65 "PHI" "@" "DAL" "L" -10 1 21 0 0 17.1 35.2 26 0 0 12 33.3 6.9 56 98 2.8 -3.2
"33" "33" 2009-01-03 27.65 "PHI" "@" "SAS" "L" -2 1 16.4166666666667 0.333 0.333 8.9 15 12.2 0 0 5.5 25 12.3 70 126 0.1 -12
"34" "34" 2009-01-06 27.66 "PHI" "" "HOU" "W" 8 1 13.0333333333333 1 1 10 32.7 22.5 9.9 4.1 0 0 3.6 201 94 3.7 4.6
"35" "35" 2009-01-07 27.66 "PHI" "@" "MIL" "W" 5 1 15.6833333333333 0.615 0.5 9.6 15.3 12.8 0 0 13.9 17 18.1 114 113 4.8 -3
"36" "36" 2009-01-09 27.67 "PHI" "" "CHA" "W" 6 1 25.4333333333333 0.333 0.333 4.8 41.9 22.6 0 2.3 13.5 25 15.3 61 89 4.3 -2.6
"37" "37" 2009-01-11 27.67 "PHI" "@" "ATL" "W" 15 1 25.3166666666667 0.773 0.667 0 34.5 18.1 0 0 15.8 43.6 12.6 81 95 5.1 -0.4
"38" "38" 2009-01-14 27.68 "PHI" "" "POR" "W" 21 1 30.3333333333333 1.064 1 4.5 33.3 19.5 0 0 8.2 51.5 6.5 102 92 6.5 -0.1
"39" "39" 2009-01-16 27.69 "PHI" "" "SAS" "W" 22 1 19.0833333333333 0.571 0.571 33.1 33.2 33.2 0 2.8 3.9 0 16.4 144 82 10.4 5
"40" "40" 2009-01-17 27.69 "PHI" "@" "NYK" "W" 10 1 25.15 0.667 0.667 14 25.1 19.3 0 0 7.2 14.3 12.4 127 104 9 0.5
"41" "41" 2009-01-19 27.7 "PHI" "" "DAL" "L" -2 1 24.75 0.6 0.6 4 41.9 20.5 6.6 0 10.4 28.6 12.7 93 94 7.2 2.9
"42" "42" 2009-01-24 27.71 "PHI" "" "NYK" "W" 6 1 35.15 0.85 0.8 19.5 42 31.4 3.7 0 8.5 14.5 9 164 115 15.8 3.5
"43" "43" 2009-01-26 27.72 "PHI" "@" "NOH" "L" -15 1 27.4666666666667 1 1 23.3 35.8 30.4 6 2.1 7.9 33.3 10.8 133 109 11.5 6
"44" "44" 2009-01-28 27.72 "PHI" "@" "HOU" "W" 2 1 28.6166666666667 0.6 0.6 17.2 30.8 24.8 0 5.4 9.6 44.4 13.9 78 82 9.4 1.6
"45" "45" 2009-01-30 27.73 "PHI" "" "WAS" "W" 10 1 13.8666666666667 0 0 0 16.9 9.2 0 0 10.3 50 7.1 0 104 0.3 -7.2
"46" "46" 2009-01-31 27.73 "PHI" "" "NJN" "L" -2 1 14.7666666666667 0.5 0.5 6.9 27.7 17.3 0 0 4.9 0 6.1 122 93 2.8 -1.6
"47" "47" 2009-02-03 27.74 "PHI" "" "BOS" "L" -1 1 33.3833333333333 0.538 0.538 3.4 27 13.6 0 0 6.8 7.1 19.3 103 109 10.1 -0.9
"48" "48" 2009-02-05 27.74 "PHI" "" "IND" "W" 5 1 32.6 0.575 0.462 18.8 45.8 32 0 0 2.9 11.3 23 120 95 17.2 1.3
"49" "49" 2009-02-07 27.75 "PHI" "" "MIA" "W" 10 1 22.0833333333333 1 1 0 54.3 29 7.8 2.5 11.2 0 2.3 204 78 7.3 10
"50" "50" 2009-02-09 27.75 "PHI" "" "PHO" "W" 17 1 23.4 0.51 0.4 17.1 30.6 23.8 5.7 0 2.9 14.5 12.2 123 95 7.8 -0.5
"51" "51" 2009-02-11 27.76 "PHI" "" "MEM" "W" 4 1 30.3 0.694 0.75 9.3 22.6 16.1 0 0 5.6 25.8 13.4 106 102 5.9 -4.7
"52" "52" 2009-02-17 27.78 "PHI" "@" "IND" "L" -9 1 24.8 0.6 0.6 10.4 29.8 18.3 6.6 0 2.9 16.7 10.3 115 105 6.4 -2.5
"53" "53" 2009-02-18 27.78 "PHI" "" "DEN" "L" -12 1 34.1166666666667 0.607 0.556 8.1 24.6 15.3 13.4 1.5 6.9 16.8 14.1 115 100 12.4 4.1
"54" "54" 2009-02-21 27.79 "PHI" "@" "MIA" "L" -6 1 22.2333333333333 0.333 0.333 9.6 30.8 18.9 0 0 0 0 6.1 103 112 1.2 -8
"55" "55" 2009-02-23 27.79 "PHI" "@" "NJN" "L" -2 1 30.8666666666667 0.444 0.417 16.8 25.2 21 0 3.5 9.7 0 22.3 109 100 13.3 1.3
"56" "56" 2009-02-25 27.8 "PHI" "@" "WAS" "W" 8 1 29.05 0.468 0.4 25.4 29.7 27.5 0 1.7 7.9 25.4 23.5 90 96 9.8 -5.2
"57" "57" 2009-02-27 27.8 "PHI" "@" "NYK" "W" 5 1 32.0333333333333 0.551 0.5 18.3 32.1 25.3 0 0 5.3 0 12.9 139 110 12.2 1.1
"58" "58" 2009-02-28 27.81 "PHI" "" "ORL" "L" -6 1 16.1833333333333 0.68 0.6 8.2 47.8 26.6 0 0 0 25.4 22.8 105 116 3.9 -6.9
"59" "59" 2009-03-02 27.81 "PHI" "" "NOH" "L" -7 1 12.7833333333333 0.25 0.25 16.7 17.1 16.9 0 0 5.9 20 19.2 65 113 0.5 -12.3
"60" "60" 2009-03-07 27.82 "PHI" "@" "MEM" "W" 5 1 25.2 0.5 0.5 4.1 33.6 16.7 0 2.1 2.8 14.3 12.1 98 110 4.6 -6.1
"61" "61" 2009-03-08 27.83 "PHI" "@" "OKC" "L" -15 1 17.2666666666667 0 0 0 24.5 11.3 0 0 4.3 50 5.5 0 99 -0.9 -7.4
"62" "62" 2009-03-11 27.84 "PHI" "" "TOR" "W" 9 1 33.1 0.707 0.692 16.6 35.3 26.2 0 1.6 6.7 13 21.9 130 106 19.3 4.2
"63" "63" 2009-03-13 27.84 "PHI" "" "CHI" "W" 3 1 35 0.667 0.667 16.7 43.6 30.7 0 0 8.1 14.3 9.2 133 99 13.3 2.3
"64" "64" 2009-03-15 27.85 "PHI" "" "MIA" "W" 8 1 30.3333333333333 0.571 0.571 14.7 36.2 24.3 0 0 12.9 0 11.4 132 85 11.1 4.7
"65" "65" 2009-03-17 27.85 "PHI" "@" "LAL" "W" 1 1 29.8666666666667 0.154 0.125 27.4 28.4 27.8 0 0 5.7 17 18.4 65 105 3 -12.1
"66" "66" 2009-03-18 27.85 "PHI" "@" "PHO" "L" -10 1 29.0333333333333 0.5 0.5 4.4 22.3 13.2 0 0 2.3 33.3 9.9 74 138 1.3 -11.3
"67" "67" 2009-03-20 27.86 "PHI" "@" "GSW" "L" -8 1 32.7333333333333 0.512 0.417 28.8 56.8 38.8 0 1.5 0 6.4 17.6 130 119 19.1 0.7
"68" "68" 2009-03-22 27.87 "PHI" "@" "SAC" "W" 12 1 27.1333333333333 0.4 0.4 0 16.1 9.6 0 0 6.7 37.5 14.2 47 109 -0.3 -11.9
"69" "69" 2009-03-23 27.87 "PHI" "@" "POR" "W" 6 1 32.95 0.667 0.667 5 10.1 8 0 0 4.8 25 6.2 112 122 2.7 -2.3
"70" "70" 2009-03-25 27.87 "PHI" "" "MIN" "W" 8 1 21.0833333333333 1.031 1 6.7 31.8 20.7 0 0 4.6 43.6 15.9 108 98 5.7 -1.9
"71" "71" 2009-03-27 27.88 "PHI" "" "CHA" "L" -5 1 22.55 0.515 0.667 6.1 22 13.3 0 2.5 7.9 20.5 10.7 87 111 3.7 -1.4
"72" "72" 2009-03-29 27.88 "PHI" "@" "DET" "L" -4 1 7.26666666666667 0 0 0 42.6 19.1 0 0 0 0 6.7 0 119 -0.9 -16.5
"73" "73" 2009-03-31 27.89 "PHI" "" "ATL" "W" 13 1 30.3166666666667 0.615 0.5 13.6 22.6 17.6 0 0 3.4 17 9.5 124 111 5.8 -4.4
"74" "74" 2009-04-02 27.9 "PHI" "" "MIL" "W" 10 1 18.8166666666667 0.258 0.167 15 53.7 35.4 0 0 0 11.4 20.7 69 100 0.6 -13.1
"75" "75" 2009-04-04 27.9 "PHI" "" "DET" "W" 5 1 10.2833333333333 0.615 0.5 0 0 0 0 5.6 0 0 23.1 139 107 3.4 -0.5
"76" "76" 2009-04-05 27.9 "PHI" "@" "NJN" "L" -29 1 25.7666666666667 0.571 0.571 7.9 39.9 23 0 0 9.8 38.8 23.7 68 102 4.9 -6.5
"77" "77" 2009-04-07 27.91 "PHI" "@" "CHA" "L" -3 1 19.55 0.4 0.4 24 35.1 29.1 0 0 5.1 16.7 14.5 99 115 3.7 -9.6
"78" "78" 2009-04-09 27.92 "PHI" "@" "CHI" "L" -14 1 26.0833333333333 0.414 0.4 15.8 17.8 16.7 6 2.1 9.2 21.6 26.4 82 121 5.8 -8.9
"79" "79" 2009-04-10 27.92 "PHI" "" "CLE" "L" -10 1 29.8166666666667 0.615 0.5 4.7 24.8 15.4 0 0 8.6 17 10.2 115 122 6.4 -1.3
"80" "80" 2009-04-12 27.92 "PHI" "@" "TOR" "L" -7 1 28.9666666666667 0.934 0.857 22.1 27.6 24.5 0 0 2.5 17.2 16.5 162 121 19 9.2
"81" "81" 2009-04-14 27.93 "PHI" "" "BOS" "L" -2 1 33.75 0.571 0.571 14.2 18.2 16.2 0 3.2 9 12.5 10.9 118 104 12 3.3
"82" "82" 2009-04-15 27.93 "PHI" "@" "CLE" "W" 1 1 10.6666666666667 0 0 0 12.7 6.9 13.1 0 15.3 0 4.7 60 116 1.3 0.6
"1" "1" 2009-10-28 28.47 "PHI" "@" "ORL" "L" -14 1 15.5166666666667 0.533 0.5 8.4 9.1 8.7 0 0 11.9 26.2 34 80 126 2.4 -16.1
"2" "2" 2009-10-30 28.47 "PHI" "" "MIL" "W" 13 1 34.8833333333333 0.525 0.333 3.6 29.7 18.6 0 0 4.4 29.6 17.9 80 86 6.8 -4.8
"3" "3" 2009-10-31 28.48 "PHI" "@" "NYK" "W" 14 1 18.8 0.665 0.5 18.8 11.3 14.1 0 0 4.8 0 8.9 163 118 3.9 -4.6
"4" "4" 2009-11-03 28.48 "PHI" "" "BOS" "L" -31 1 24.0666666666667 0.68 0.6 9.3 39.9 21.9 0 0 3.8 33.8 16.8 92 117 6.2 -3
"5" "5" 2009-11-06 28.49 "PHI" "" "NJN" "W" 3 1 29.4666666666667 0.333 0.333 8.4 15.2 11.9 4.7 1.8 7.1 50 10 59 100 2.1 -8.9
"6" "6" 2009-11-08 28.5 "PHI" "@" "DET" "L" -7 1 14.2666666666667 0.515 0.333 15.3 21.9 18.7 0 0 0 50.8 26.2 60 103 -0.2 -20.9
"7" "7" 2009-11-09 28.5 "PHI" "" "PHO" "L" -4 1 18.3833333333333 0.82 0.75 14.1 22.4 18.1 21.7 2.8 0 17 14.6 155 125 9.2 6.6
"8" "8" 2009-11-11 28.51 "PHI" "@" "NJN" "W" 3 1 24.4833333333333 0.42 0.333 7.7 28 16.9 6.5 0 12.9 29.6 13.3 77 81 5 -2.9
"9" "9" 2009-11-13 28.51 "PHI" "" "UTA" "L" -22 1 21.1666666666667 1 1 11.3 24.5 17.7 0 0 0 33.3 6.9 133 127 3 -7.4
"10" "10" 2009-11-14 28.52 "PHI" "@" "CHI" "L" -6 1 33.5166666666667 0.444 0.444 16.3 24.5 20.2 10.1 0 10.2 18.2 14.8 96 94 9.8 0
"11" "11" 2009-11-18 28.53 "PHI" "" "CHA" "W" 2 1 14.1333333333333 0 0 0 18.4 8.6 10 0 0 33.3 10.4 18 104 -2.3 -16.1
"12" "12" 2009-11-20 28.53 "PHI" "" "MEM" "L" -5 1 20.75 0.667 0.667 16.5 13.6 15.2 14.3 0 0 40 10.9 107 119 3.6 -6.8
"13" "13" 2009-11-21 28.53 "PHI" "@" "CLE" "L" -6 1 21.85 0.4 0.4 0 35.6 15.2 13.5 0 0 16.7 12.5 80 112 2.7 -4.6
"14" "14" 2009-11-24 28.54 "PHI" "@" "WAS" "L" -1 1 28.6333333333333 0.508 0.462 21.4 11.2 16.4 18 1.8 8.8 6.3 22.9 127 115 16.7 4.9
"15" "15" 2009-11-25 28.55 "PHI" "@" "BOS" "L" -3 1 27.55 0.25 0.25 18.3 22.9 20.6 9.8 1.9 3.4 11.1 14.6 88 116 4.4 -6.6
"16" "16" 2009-11-27 28.55 "PHI" "" "ATL" "L" -14 1 40.2666666666667 0.45 0.5 6 21 12.9 11 0 12.8 40.3 9.3 77 110 7.3 -3.2
"17" "17" 2009-11-29 28.56 "PHI" "@" "SAS" "L" -8 1 33.9 0.543 0.5 21.2 31.5 26.1 10.7 1.6 7.3 13.4 19.4 115 107 15.1 1.1
"18" "18" 2009-11-30 28.56 "PHI" "@" "DAL" "L" -2 1 32.55 0.436 0.333 20.6 37.7 28.9 8.7 4.8 6.7 30.4 12.2 96 95 13.4 4.7
"19" "19" 2009-12-02 28.56 "PHI" "@" "OKC" "L" -11 1 19.6166666666667 0.25 0.25 7.6 30.6 20.4 7.1 2.8 0 20 12.6 69 125 1.7 -10.5
"20" "20" 2009-12-05 28.57 "PHI" "@" "CHA" "L" -1 1 16.8333333333333 0.515 0.333 18.2 7.5 13.4 31.6 0 9.3 20.5 12.1 129 112 7.5 8
"21" "21" 2009-12-07 28.58 "PHI" "" "DEN" "L" -10 1 40.8166666666667 0.5 0.5 7.5 34.4 20 0 0 12.6 11.1 10.2 106 98 11.3 0.3
"22" "22" 2009-12-09 28.58 "PHI" "" "DET" "L" -4 1 38.0666666666667 0.824 0.778 15 21.6 18 10.4 0 1.9 0 13.5 179 114 19.7 6.5
"23" "23" 2009-12-11 28.59 "PHI" "" "HOU" "L" -5 1 28.5166666666667 0.394 0.375 17.5 34.4 25.6 5.8 3.7 3.2 18.4 17.1 88 94 8.2 -0.7
"24" "24" 2009-12-14 28.6 "PHI" "" "GSW" "W" 16 1 29.1166666666667 0.667 0.667 18.3 33 25.2 4.3 0 13.2 18.2 14.6 128 99 14.7 3.9
"25" "25" 2009-12-16 28.6 "PHI" "" "CLE" "L" -7 1 13.5666666666667 0 0 31.4 37.2 34.1 9.8 0 12.2 33.3 19.8 47 113 -0.3 -18.4
"26" "26" 2009-12-18 28.61 "PHI" "@" "BOS" "W" 1 1 19.8333333333333 0.286 0.286 20.6 22 21.3 8 2.6 7.4 0 14.8 98 96 6.2 1.6
"27" "27" 2009-12-19 28.61 "PHI" "" "LAC" "L" -5 1 10.6166666666667 0.338 0.25 20 54 34.4 13.1 0 7 40.3 33 61 107 -0.4 -23.4
"28" "28" 2009-12-22 28.62 "PHI" "@" "WAS" "L" -7 1 17.0333333333333 0.85 0.8 0 37.6 21.1 10.5 0 8.3 25.4 22 119 104 9.2 6.7
"29" "29" 2009-12-26 28.63 "PHI" "@" "UTA" "L" -21 1 16.4 NA NA 0 77.5 29.9 10.8 0 5 100 5.6 18 96 0.1 -7.8
"30" "30" 2009-12-28 28.64 "PHI" "@" "POR" "W" 11 1 26.2666666666667 0.778 0.778 18.9 19.9 19.5 11.3 0 8.1 0 17.1 167 106 16 11.8
"31" "31" 2009-12-30 28.64 "PHI" "@" "SAC" "W" 10 1 19.05 0.532 0 0 40.1 22.6 0 2.7 3.5 51.5 9.3 54 102 1.9 -8
"32" "32" 2009-12-31 28.64 "PHI" "@" "LAC" "L" -16 1 23.2666666666667 0.444 0.444 13.8 37.5 23.8 8.7 0 24.5 18.2 21.5 83 97 9.2 -0.8
"33" "33" 2010-01-03 28.65 "PHI" "@" "DEN" "W" 3 1 19.4666666666667 1 1 5.9 26.7 15.6 0 5.1 7.6 40 11.8 104 93 6 0.4
"34" "34" 2010-01-05 28.66 "PHI" "" "WAS" "L" -7 1 32.2666666666667 0.678 0.615 19.6 62 40.2 5.7 1.6 0 0 20.6 153 105 23.4 10
"35" "35" 2010-01-08 28.67 "PHI" "" "TOR" "L" -2 1 38.15 0.635 0.571 6.1 26.5 15.9 11.4 1.3 10 11.3 10.3 131 103 13.7 3.3
"36" "36" 2010-01-09 28.67 "PHI" "@" "DET" "W" 10 1 38.65 0.889 0.889 8.3 19.8 15.1 4.3 0 5.3 0 11.5 182 102 18.4 7.7
"37" "37" 2010-01-11 28.67 "PHI" "" "NOH" "W" 4 1 32.8166666666667 0.6 0.6 7.1 33.1 21.8 10.2 0 10 28.6 10 100 91 9.6 2.4
"38" "38" 2010-01-13 28.68 "PHI" "" "NYK" "L" -1 1 30.6333333333333 0.75 0.75 24.4 47.7 36.2 5.7 1.8 2.6 20 14.8 131 95 16.3 6
"39" "39" 2010-01-15 28.68 "PHI" "" "SAC" "W" 12 1 28.15 0.97 1 20.8 30.6 25.6 0 0 9.3 10.2 15.9 175 92 19.6 10.3
"40" "40" 2010-01-18 28.69 "PHI" "@" "MIN" "L" -5 1 35.5833333333333 0.667 0.667 0 32.4 18.2 0 0 5.9 0 12.5 127 103 12.4 1.2
"41" "41" 2010-01-20 28.7 "PHI" "" "POR" "L" -8 1 32.2333333333333 0.563 0.5 19.6 42.5 30.6 0 0 2.3 0 13.5 140 114 10.8 -1.8
"42" "42" 2010-01-22 28.7 "PHI" "" "DAL" "W" 11 1 20.7833333333333 0.4 0.4 11 37.7 25.4 0 2.5 7 28.6 15.3 69 76 4.7 -3.2
"43" "43" 2010-01-23 28.71 "PHI" "@" "IND" "W" 10 1 21.15 0.17 0 16.8 43.2 28.4 0 9.2 9.3 0 11.4 80 72 8.7 3.5
"44" "44" 2010-01-25 28.71 "PHI" "" "IND" "L" -11 1 21.45 0.21 0 26 48.4 36.4 0 4.8 3.7 17.4 12.1 82 99 5.9 -3.5
"45" "45" 2010-01-27 28.72 "PHI" "@" "MIL" "L" -3 1 27.5333333333333 0.571 0.571 17.9 26 22.3 0 0 4.8 12.5 13.5 120 101 8.4 -0.4
"46" "46" 2010-01-29 28.72 "PHI" "" "LAL" "L" -8 1 40.6666666666667 0.519 0.286 11.8 23.6 17.7 7 3.9 7.2 23.7 14 103 100 14.5 3
"47" "47" 2010-01-31 28.73 "PHI" "@" "NJN" "W" 4 1 27.65 0.872 0.833 13.1 27.6 19.7 0 1.9 2.9 36.8 17.2 106 84 11.2 -0.1
"48" "48" 2010-02-03 28.74 "PHI" "" "CHI" "W" 3 1 30 0.556 0.556 13.3 40.2 27.3 4.9 0 8.3 18.2 17.8 105 95 10.8 1.3
"49" "49" 2010-02-05 28.74 "PHI" "@" "NOH" "W" 7 1 28.2333333333333 0.451 0.333 17 48.6 33.2 0 0 8.8 11.4 14.3 107 96 9.9 -1.4
"50" "50" 2010-02-06 28.75 "PHI" "@" "HOU" "W" 7 1 24.35 1 1 6.4 36.2 24.6 0 0 3.4 50 8.3 95 98 4.3 -3.2
"51" "51" 2010-02-09 28.75 "PHI" "" "MIN" "W" 22 1 22.2333333333333 0.667 0.667 0 39.8 21.3 5.2 0 0 0 6.2 141 103 5.1 -1.2
"52" "52" 2010-02-10 28.76 "PHI" "@" "TOR" "L" -11 1 21.2333333333333 0.5 0.5 11 24.6 18.2 0 4.6 6.1 33.3 12.4 78 96 5.5 -1.2
"53" "53" 2010-02-16 28.77 "PHI" "" "MIA" "L" -27 1 25.5666666666667 0.349 0.333 14.7 29.6 21.1 0 0 2.7 0 24.1 86 119 6.7 -7.4
"54" "54" 2010-02-19 28.78 "PHI" "" "SAS" "W" 12 1 21.5833333333333 0.8 0.8 6 27.8 18.3 0 0 3.4 16.7 12.8 128 100 6.7 -1.2
"55" "55" 2010-02-20 28.78 "PHI" "@" "CHI" "L" -32 1 17.1 0.6 0.6 5.4 39.3 22 0 0 3.5 16.7 15 101 118 4.2 -5.9
"56" "56" 2010-02-23 28.79 "PHI" "@" "GSW" "W" 8 1 23.0166666666667 0.296 0.2 10.2 32.9 23.4 0 2 3.4 12.9 14.4 71 90 2.9 -8.7
"57" "57" 2010-02-24 28.79 "PHI" "@" "PHO" "L" -11 1 23.4833333333333 0.286 0.286 17.8 18 17.9 0 0 9.4 22.2 17.6 70 111 2.9 -9.6
"58" "58" 2010-02-26 28.8 "PHI" "@" "LAL" "L" -9 1 33.8666666666667 0.524 0.545 18.1 16.5 17.3 0 0 1.8 8 33.3 105 117 15.4 -2
"59" "59" 2010-03-01 28.81 "PHI" "" "ORL" "L" -21 1 29.5 0.551 0.5 16.3 39.3 25.9 0 3.6 9 8.4 18.6 120 124 13.4 0.4
"60" "60" 2010-03-03 28.81 "PHI" "@" "ATL" "L" -19 1 29.9333333333333 0.74 0.6 4 37 20.3 0 1.7 5 0 10.4 156 107 12.7 4.6
"61" "61" 2010-03-05 28.82 "PHI" "" "BOS" "L" -10 1 31.2 0.667 0.667 15.8 19.2 17.3 5 1.8 2.7 25 12.7 114 107 7.8 -0.3
"62" "62" 2010-03-07 28.82 "PHI" "@" "TOR" "W" 13 0 12.7666666666667 0.8 0.8 10.7 20.3 15.7 0 0 0 28.6 24.7 105 114 4.6 -6.4
"63" "63" 2010-03-09 28.83 "PHI" "@" "IND" "L" -11 1 22.35 0.621 0.583 19.5 30.7 25.4 0 0 11.5 13.4 28.6 121 104 15.7 7.6
"64" "64" 2010-03-10 28.83 "PHI" "" "CHA" "L" -15 1 23.9166666666667 0.644 0.667 20.5 30.4 24.5 0 0 0 0 7 154 115 7.5 -1.5
"65" "65" 2010-03-12 28.84 "PHI" "" "CLE" "L" -5 1 26.0666666666667 0.654 0.667 18 37.8 27.6 0 0 0 22.5 15.7 113 114 6.8 -5.4
"66" "66" 2010-03-14 28.84 "PHI" "@" "MIA" "L" -13 1 20.5333333333333 0.429 0.429 18.3 30 23.4 0 0 0 0 15.1 112 116 5 -6.5
"67" "67" 2010-03-15 28.85 "PHI" "" "NYK" "L" -10 1 33.7833333333333 0.59 0.5 24.6 32 27.8 0 0 8.2 17.7 14.6 122 104 15.3 1.8
"68" "68" 2010-03-17 28.85 "PHI" "" "NJN" "W" 11 1 36.5 0.46 0.5 11 19.2 15.4 3.7 1.5 9.8 8.4 15.4 101 101 11.1 -2.5
"69" "69" 2010-03-19 28.86 "PHI" "@" "NYK" "L" -4 1 22.4166666666667 0.333 0.333 14.9 24.3 19.7 0 0 14.6 40 10.8 70 102 3.2 -6.5
"70" "70" 2010-03-20 28.86 "PHI" "" "CHI" "L" -14 1 23.3833333333333 0.82 0.875 0 10 4.7 0 0 0 17 23.3 123 109 9.8 2.9
"71" "71" 2010-03-22 28.87 "PHI" "" "ORL" "L" -16 1 30.5166666666667 0.794 0.857 16.1 45.7 27.5 5.9 0 0 9 17.1 151 127 16.2 3.3
"72" "72" 2010-03-24 28.87 "PHI" "@" "MIL" "W" 15 1 25.8333333333333 0.857 0.857 11.3 31.6 23.2 12.4 4.2 0 0 12.7 181 85 15.1 12.7
"73" "73" 2010-03-26 28.88 "PHI" "" "ATL" "W" 7 0 23.95 0.726 0.714 10 25.7 17.8 6.5 0 0 23.7 23.2 115 112 10.9 -0.3
"74" "74" 2010-03-30 28.89 "PHI" "" "OKC" "L" -18 1 20.6166666666667 0.6 0.6 6 10.6 8.4 0 0 0 16.7 13.6 101 122 3.2 -6
"75" "75" 2010-03-31 28.89 "PHI" "@" "CHA" "L" -19 1 23.3166666666667 0.508 0.571 10 34.3 22.3 0 2.2 11.2 11.3 16.3 93 95 7.9 1.4
"76" "76" 2010-04-03 28.9 "PHI" "" "TOR" "L" -5 1 34.3666666666667 0.58 0.5 8.3 43.4 24.6 3.8 1.6 0 0 11.3 134 126 10.6 -3.7
"77" "77" 2010-04-06 28.91 "PHI" "" "DET" "L" -21 1 12.5333333333333 0.5 0.5 23.2 29.5 26 0 0 0 20 19.1 96 142 3 -11.4
"78" "78" 2010-04-07 28.91 "PHI" "@" "MIA" "L" -4 1 31.2166666666667 0.848 0.889 16.6 36.9 28.3 0 0 9.2 21.1 21.6 131 96 19.7 7.8
"79" "79" 2010-04-09 28.92 "PHI" "" "MIL" "L" -5 1 35.3166666666667 0.509 0.5 13.3 39.3 25.8 0 0 2.8 36.8 13.8 76 103 6 -6.9
"80" "80" 2010-04-10 28.92 "PHI" "@" "MEM" "W" 19 1 29.0333333333333 0.143 0.143 13.4 42.5 27.6 0 0 3 22.2 14.2 52 106 1 -13.2
"81" "81" 2010-04-12 28.92 "PHI" "" "MIA" "L" -2 1 31.0833333333333 0.644 0.667 4.5 45.4 25 13.3 0 2.6 11.4 14.5 125 120 10.5 -0.8
"82" "82" 2010-04-14 28.93 "PHI" "@" "ORL" "L" -14 1 22.55 0.667 0.667 10.6 21.3 15.2 7 2.3 0 0 18.9 143 134 10.9 1.4
"1" "" 2010-10-27 29.47 "SAC" "@" "MIN" "W" 1 NA NA NA NA NA NA NA NA NA NA NA NA NA NA NA NA
"2" "1" 2010-10-29 29.47 "SAC" "@" "NJN" "L" -6 0 6.38333333333333 0 0 0 0 0 0 0 30.1 0 12.9 0 90 0 -6.3
"3" "2" 2010-10-30 29.47 "SAC" "@" "CLE" "W" 3 0 16.35 0.667 0.667 8.2 28 18.8 0 0 9.6 40 14.5 81 106 2.8 -7.4
"4" "3" 2010-11-01 29.48 "SAC" "" "TOR" "W" 3 0 22.3666666666667 0.286 0.286 31.4 41.9 36.6 0 0 0 12.5 15.5 96 109 4.3 -11.1
"5" "4" 2010-11-03 29.48 "SAC" "" "LAL" "L" -12 0 27.95 0.2 0.2 10.7 27.3 18.7 9 0 8.2 0 7.9 90 112 5.4 -1.5
"6" "5" 2010-11-06 29.49 "SAC" "" "MEM" "L" -9 1 32.4166666666667 0.45 0.375 23 19 21.2 15 1.6 10.9 36 18.8 85 102 9.6 -0.8
"7" "6" 2010-11-10 29.5 "SAC" "" "MIN" "L" -9 1 36.4333333333333 0.742 0.778 10.7 17.6 14.5 11.6 0 1.7 17.5 14.3 120 104 13.3 1.9
"8" "7" 2010-11-12 29.51 "SAC" "@" "PHO" "L" -14 1 24.6666666666667 0.317 0.286 15.6 23.2 19 12.1 0 0 11.3 16.1 92 119 4 -7.2
"9" "8" 2010-11-14 29.52 "SAC" "" "DET" "L" -6 1 23.1833333333333 0.581 0.667 22.5 12.9 18.6 0 2.4 3.1 0 13.3 138 115 10.4 3.5
"10" "9" 2010-11-17 29.52 "SAC" "" "NYK" "L" -7 1 12.9833333333333 0 0 0 34.7 14.6 0 0 6.6 0 3.2 0 116 -0.3 -8.7
"11" "10" 2010-11-19 29.53 "SAC" "" "NJN" "W" 5 1 19.0166666666667 0.102 0 28.7 18.9 24 15.3 0 8.6 17 14.5 73 98 2.8 -6
"12" "11" 2010-11-21 29.53 "SAC" "" "NOH" "L" -4 1 30.85 0.222 0 3.4 25.9 15.6 10.7 0 8.3 37.2 16.3 42 75 1.9 -3.7
"13" "12" 2010-11-22 29.54 "SAC" "@" "UTA" "L" -11 1 23.0166666666667 0.205 0 22.7 19.4 21.1 0 0 3.1 0 9.4 92 107 4.2 -5.9
"14" "13" 2010-11-25 29.55 "SAC" "@" "LAC" "L" -18 1 9.4 0.5 0.5 23.2 14.2 19.1 0 0 18.2 33.3 15.8 87 104 1.5 -9.7
"15" "14" 2010-11-27 29.55 "SAC" "" "CHI" "L" -11 1 30.4666666666667 0.857 0.857 6.9 15.4 10.9 6.7 1.7 11.9 22.2 13.7 126 99 14.9 9.2
"16" "15" 2010-11-30 29.56 "SAC" "" "IND" "L" -9 1 22.1333333333333 0.237 0.25 8.9 55.6 29.6 0 0 3.6 10.6 18.3 59 104 2.1 -9
"17" "16" 2010-12-03 29.57 "SAC" "@" "LAL" "L" -33 1 19.7166666666667 0.694 0.5 0 48.7 21.6 8.5 0 3.5 58.1 15.6 61 115 1.7 -6.3
"18" "17" 2010-12-04 29.57 "SAC" "" "DAL" "L" -2 0 16.6166666666667 0.644 0.667 8 23.4 15.8 16.9 3.1 0 34 16.8 101 110 4.1 -0.4
"19" "18" 2010-12-06 29.58 "SAC" "@" "LAC" "L" -7 0 21.5666666666667 0.444 0.4 10.1 45.5 27.8 8.4 0 7.1 22.8 17.6 83 97 5.1 -3.7
"20" "" 2010-12-08 29.58 "SAC" "" "WAS" "W" 25 NA NA NA NA NA NA NA NA NA NA NA NA NA NA NA NA
"21" "19" 2010-12-11 29.59 "SAC" "" "MIA" "L" -21 0 25.7333333333333 0.394 0.375 16.1 32.9 22.3 0 2 8.6 0 15 102 101 9 1.2
"22" "20" 2010-12-14 29.6 "SAC" "@" "HOU" "L" -13 0 9.28333333333333 0.5 0.5 13.6 11.5 12.5 0 0 7.5 0 9.6 124 122 2.3 -3
"23" "21" 2010-12-15 29.6 "SAC" "@" "NOH" "L" -3 0 18.6166666666667 0.5 0.5 6.6 17.2 12.3 14.2 0 7.7 0 4.9 141 100 3.4 2.7
"24" "22" 2010-12-17 29.61 "SAC" "@" "OKC" "L" -15 0 4.65 0 0 24 0 12.1 0 0 0 0 19.3 31 117 -1.1 -22.9
"25" "23" 2010-12-19 29.61 "SAC" "" "HOU" "L" -9 0 19.45 0.508 0.429 20.1 6.3 14 8.9 0 4.3 11.3 19.5 114 117 6.6 -3.4
"26" "24" 2010-12-21 29.62 "SAC" "" "GSW" "L" -8 0 8.86666666666667 0.25 0.25 21.7 36.6 28.7 18.1 0 18.7 0 18.2 90 93 4 5.1
"27" "25" 2010-12-23 29.62 "SAC" "" "MIL" "L" -5 1 31.3166666666667 0.63 0.556 15.6 23.8 19.6 0 1.6 4.3 27.9 18.8 99 83 10.3 2
"28" "26" 2010-12-27 29.63 "SAC" "" "LAC" "L" -1 1 29.55 0.75 0.75 0 37.1 15.8 0 0 8 20 7.8 113 108 6.7 -4.2
"29" "27" 2010-12-29 29.64 "SAC" "" "MEM" "W" 2 1 24.4166666666667 0.2 0.2 10.9 21.8 17 0 0 7 50 18 32 98 -3.1 -15.6
"30" "28" 2011-01-01 29.65 "SAC" "@" "DEN" "L" -18 0 7.3 0.333 0.333 0 0 0 0 0 0 0 17.8 66 115 -0.5 -15.3
"31" "29" 2011-01-02 29.65 "SAC" "" "PHO" "W" 5 0 3.96666666666667 0 0 29.5 47.5 39.5 0 0 0 66.7 32.7 15 95 -1.4 -35.1
"32" "30" 2011-01-04 29.65 "SAC" "" "ATL" "L" -6 0 17.9333333333333 0.571 0.571 16.1 22.3 18.7 0 0 0 12.5 18.8 111 115 5.9 -5
"33" "31" 2011-01-06 29.66 "SAC" "" "DEN" "W" 20 0 16.55 0 0 0 25.6 13.8 0 3 10.5 33.3 8.2 0 96 0.5 -4.2
"34" "32" 2011-01-09 29.67 "SAC" "@" "TOR" "L" -6 0 9.66666666666667 0.5 0.5 0 42.6 18.6 0 0 7.2 0 8.6 109 116 2.6 -2
"35" "33" 2011-01-11 29.67 "SAC" "@" "WAS" "L" -3 0 15.1166666666667 0.788 0.75 6.6 0 3.7 8.3 0 4.5 0 11.9 168 125 6.7 1.5
"36" "34" 2011-01-12 29.68 "SAC" "@" "BOS" "L" -24 0 17.9166666666667 0.676 0.625 16.7 24.9 21.4 23.7 0 3.5 18.4 27.7 119 119 10.7 5.4
"37" "35" 2011-01-14 29.68 "SAC" "@" "NYK" "W" 10 0 29.95 0.5 0.5 6.7 15.8 11.8 4.9 1.6 15 20 13.4 91 76 9.1 3.2
"38" "36" 2011-01-15 29.68 "SAC" "@" "DET" "L" -4 0 22.0666666666667 0.8 0.8 9.9 28.1 17.4 6.3 0 0 16.7 11.8 139 124 6.4 -2.9
"39" "37" 2011-01-17 29.69 "SAC" "@" "ATL" "L" -2 0 22.2166666666667 0.421 0.286 0 28.4 12.7 23.6 2.4 0 10.7 18.5 102 108 6.4 2.4
"40" "38" 2011-01-19 29.7 "SAC" "" "POR" "L" -4 0 27.8666666666667 0.856 0.857 17.7 34.6 26.2 0 0 5.3 18.6 18.5 138 93 15.5 8.5
"41" "39" 2011-01-21 29.7 "SAC" "@" "GSW" "L" -7 0 6.48333333333333 0 0 17.4 19.5 18.4 19.5 0 0 0 12.5 54 111 0.3 -6.8
"42" "40" 2011-01-24 29.71 "SAC" "@" "POR" "W" 15 0 27.3 0.5 0.5 9.5 7.6 8.5 0 2.1 9.9 0 6.9 133 94 7 3.5
"43" "41" 2011-01-25 29.71 "SAC" "" "CHA" "L" -5 0 21.8 0.333 0.333 4 16.9 9.4 8 0 3.5 14.3 13.9 71 105 1.8 -7
"44" "42" 2011-01-28 29.72 "SAC" "@" "LAL" "W" 5 0 26.9833333333333 0.676 0.667 0 21.2 11.4 6.4 0 0 7 24 135 111 12.4 3.8
"45" "43" 2011-01-29 29.72 "SAC" "" "NOH" "W" 6 0 27.95 0.606 0.545 13.9 13.9 13.9 0 3.8 5.9 7 23.7 124 98 14.5 4.4
"46" "44" 2011-02-01 29.73 "SAC" "" "BOS" "L" -5 1 38.3833333333333 0.222 0.222 0 21.9 11.1 4.4 2.7 8.4 18.2 13.4 42 94 3.6 -5
"47" "45" 2011-02-04 29.74 "SAC" "" "SAS" "L" -13 1 17.7666666666667 0 0 16.9 36.5 25.4 0 0 0 16.7 14 32 115 -2.9 -20.5
"48" "46" 2011-02-07 29.75 "SAC" "" "UTA" "L" -3 0 22.8 0.533 0.5 30.1 25.7 27.9 7.1 0 2.7 10.6 17.5 125 106 9.1 -0.4
"49" "47" 2011-02-09 29.75 "SAC" "" "DAL" "L" -2 0 19.2166666666667 0.903 0.875 11.9 27.8 20.1 0 0 0 8.3 29.3 168 113 17.9 16.2
"50" "48" 2011-02-12 29.76 "SAC" "" "OKC" "L" -2 0 28.8166666666667 0.635 0.571 4.1 15.1 9.8 0 0 0 27.6 15.9 95 105 3.6 -4.2
"51" "49" 2011-02-13 29.76 "SAC" "@" "PHO" "W" 5 1 30.9333333333333 0.699 0.667 14.4 38.8 26.8 0 1.6 6.7 13.4 19.3 134 100 18 6.2
"52" "50" 2011-02-15 29.77 "SAC" "@" "OKC" "L" -30 1 18.7833333333333 0.6 0.6 4.8 27.6 14.2 0 2.5 0 16.7 13.1 102 122 3.6 -6
"53" "51" 2011-02-16 29.77 "SAC" "@" "DAL" "L" -16 1 27.4333333333333 0.481 0.333 9.5 32.2 21 22.2 3.5 0 16.1 19.4 105 112 10.1 -0.4
"54" "52" 2011-02-22 29.79 "SAC" "@" "MIA" "L" -20 0 31.3666666666667 0.699 0.667 13.9 41.7 25.8 11 0 0 0 18.8 152 123 19.3 9.1
"55" "53" 2011-02-23 29.79 "SAC" "@" "ORL" "W" 6 0 27.15 0.515 0.462 5.1 32.9 20.4 0 0 5.8 15.4 31.1 91 103 8.6 -9.9
"56" "54" 2011-02-25 29.8 "SAC" "@" "CHA" "L" -12 0 27.4 0.507 0.438 21.9 20.9 21.4 14.8 0 2.4 5.3 29.8 119 119 14.5 0.3
"57" "55" 2011-02-26 29.8 "SAC" "@" "MEM" "L" -28 1 21.0833333333333 0.444 0.429 5.2 38.9 21.4 0 0 0 27.6 22.2 67 119 1.9 -12.1
"58" "56" 2011-02-28 29.81 "SAC" "" "LAC" "W" 6 1 30.9666666666667 0.444 0.444 11.3 23.1 17.6 0 1.5 0 18.2 14.9 88 98 5.3 -5.7
"59" "57" 2011-03-02 29.81 "SAC" "" "POR" "L" -5 1 27.3333333333333 0.8 0.8 10.6 34.3 23.7 5 0 0 44.4 15.4 94 114 5.8 -2.4
"60" "58" 2011-03-05 29.82 "SAC" "@" "UTA" "L" -7 1 23.9666666666667 0.4 0.286 17.7 18.8 18.2 0 0 11.3 25.5 20.9 77 98 3.9 -9.1
"61" "59" 2011-03-07 29.82 "SAC" "" "HOU" "L" -22 1 29.5333333333333 0.333 0.333 14.4 36.1 24.1 12.7 0 8.1 7.7 18.2 95 123 8.8 -2.9
"62" "60" 2011-03-09 29.83 "SAC" "" "ORL" "L" -4 1 21.9666666666667 0.363 0.333 14.3 37.3 25.1 14.7 2.2 3.9 30.4 17.8 73 97 3.5 -3.5
"63" "61" 2011-03-11 29.84 "SAC" "@" "SAS" "L" -5 1 15.9666666666667 0.143 0.143 20.5 31.6 25.7 8.1 0 4.8 30 27.7 46 113 -1.6 -22.4
"64" "62" 2011-03-12 29.84 "SAC" "@" "NOH" "L" -12 1 34.4 0.627 0.545 12.7 14.3 13.4 4.4 2.9 2.1 28.2 22.4 101 116 12.3 -1.5
"65" "63" 2011-03-14 29.84 "SAC" "" "GSW" "W" 10 1 38.8166666666667 0.662 0.625 19.9 34.9 28.3 0 0 4.1 19.7 27 116 114 21 -4.1
"66" "64" 2011-03-16 29.85 "SAC" "" "CLE" "L" -4 1 34.3333333333333 0.649 0.636 10.8 21.5 15.4 0 1.5 4.3 19.6 17.9 109 98 13.1 -0.4
"67" "65" 2011-03-18 29.85 "SAC" "" "PHI" "L" -22 1 28.9333333333333 0.3 0.3 6 34.4 20 0 0 2 33.3 21.2 45 95 -0.2 -11.6
"68" "66" 2011-03-20 29.86 "SAC" "@" "MIN" "W" 32 1 34.9 0.623 0.65 25 36.9 31.6 0 0 4.4 8.7 26.9 123 89 22.1 0.4
"69" "67" 2011-03-21 29.86 "SAC" "@" "CHI" "L" -40 1 34.35 0.533 0.5 7.2 21.2 13.6 10.6 0 0 0 10.9 129 145 8.1 -2.9
"70" "68" 2011-03-23 29.87 "SAC" "@" "MIL" "W" 7 1 41.1 0.506 0.5 14.6 21 17.7 11.2 1.3 3.7 8.4 12.6 122 100 13.9 2.8
"71" "69" 2011-03-25 29.87 "SAC" "@" "IND" "W" 17 1 25.5333333333333 0.512 0.462 15 19.8 17.6 5.1 5.7 5.7 6 26.9 114 81 16 5.7
"72" "70" 2011-03-27 29.88 "SAC" "@" "PHI" "W" 3 1 41.4833333333333 0.558 0.444 6.4 40.2 25.8 3.9 1.2 0 30 17.7 89 102 9.9 -3.7
"73" "71" 2011-03-29 29.88 "SAC" "" "PHO" "W" 3 1 12.25 0 0 20.1 31.3 26.4 0 0 5.4 20 16.9 32 105 -0.9 -18.1
"74" "72" 2011-03-30 29.89 "SAC" "@" "DEN" "L" -14 1 13.4666666666667 0.25 0.25 18.3 36.6 27.4 0 0 6 20 17 62 103 0.3 -12.8
"75" "73" 2011-04-01 29.89 "SAC" "" "DEN" "L" -9 1 30.5833333333333 0.625 0.625 6.3 43.6 21.9 0 1.6 2.4 20 13.8 99 97 8.9 -0.7
"76" "74" 2011-04-03 29.9 "SAC" "" "UTA" "W" 9 1 30.3333333333333 0.5 0.5 5.3 22.6 15.4 8 0 7 33.3 4.7 102 106 5.2 -1.3
"77" "75" 2011-04-05 29.9 "SAC" "@" "HOU" "W" 3 1 33.5333333333333 0.717 0.667 4 37.8 24.1 8.8 4.3 6.2 12 22.3 131 83 23.2 13.2
"78" "76" 2011-04-06 29.91 "SAC" "@" "SAS" "L" -32 1 29.1 0.5 0.5 15.3 26.6 19.4 0 0 2.9 7.7 19.7 106 135 9.9 -4.7
"79" "77" 2011-04-08 29.91 "SAC" "@" "MEM" "L" -5 1 38.9333333333333 0.482 0.4 15.7 28 21.7 3.8 2.6 0 10.2 20.4 108 100 14.4 2
"80" "78" 2011-04-10 29.92 "SAC" "@" "GSW" "W" 1 1 31.6 0.265 0.222 19.5 24.4 22.4 4.5 1.6 0 9.6 13.6 85 101 4.8 -6.9
"81" "79" 2011-04-11 29.92 "SAC" "" "OKC" "L" -8 1 29.6166666666667 0.405 0.167 13.8 24.6 18.2 4.9 1.7 2.5 0 12.2 121 124 8.3 -4.6
"82" "80" 2011-04-13 29.93 "SAC" "" "LAL" "L" -8 1 44.9 0.576 0.615 19.3 25.9 22.1 3.3 0 3.1 22.4 17.7 105 111 15.2 -2.4
"1" "1" 2011-12-26 30.63 "HOU" "@" "ORL" "L" -9 0 19.8 0.833 0.833 12.1 20.2 15.9 0 5.5 11.9 14.3 17 136 97 13.2 13.8
"2" "2" 2011-12-29 30.64 "HOU" "" "SAS" "W" 20 0 20.2833333333333 0.515 0.333 25.6 12.9 18 0 2.7 12.5 0 9 152 89 8.6 5.9
"3" "3" 2011-12-30 30.64 "HOU" "@" "MEM" "L" -20 0 17.8666666666667 0.515 0.333 0 15.8 7.2 0 0 7.2 20.5 12.4 84 110 1.7 -7.5
"4" "4" 2011-12-31 30.64 "HOU" "" "ATL" "W" 11 0 19.6166666666667 0.509 0.5 27.2 30.6 28.8 8 0 3.8 12.7 19.3 117 93 8.6 2.3
"5" "5" 2012-01-03 30.65 "HOU" "@" "LAL" "L" -9 0 18.2666666666667 0.643 0.6 5 27.7 14.4 0 0 0 15.5 15.8 109 115 4.4 -6.1
"6" "6" 2012-01-04 30.65 "HOU" "@" "LAC" "L" -28 0 12.1833333333333 0.667 0.667 23.2 36.9 29.8 0 0 0 25 15.4 112 125 3.2 -3.5
"7" "7" 2012-01-06 30.66 "HOU" "@" "OKC" "L" -15 0 14.6833333333333 0.63 0.333 23.4 26.5 24.8 0 3.6 9.9 29.6 21.7 109 106 6.9 1.6
"8" "8" 2012-01-07 30.66 "HOU" "" "OKC" "L" -3 1 22.8666666666667 0.333 0.333 10.5 9.3 9.9 0 4.8 0 0 6 105 107 3.9 -2.5
"9" "9" 2012-01-10 30.67 "HOU" "@" "CHA" "W" 12 1 26.2333333333333 1.042 1 0 33.3 18.1 12.9 2 2.4 0 4.7 218 65 11.1 12.4
"10" "10" 2012-01-11 30.67 "HOU" "@" "SAS" "L" -6 1 22.5 0.429 0.429 10.7 15.4 13.1 0 0 9.3 12.5 16.8 91 105 4.5 -2.3
"11" "11" 2012-01-13 30.68 "HOU" "" "SAC" "W" 14 1 33.4666666666667 0.823 0.818 20.9 30 25.2 0 1.6 9.6 7.3 18 162 88 25.7 13.8
"12" "12" 2012-01-14 30.68 "HOU" "" "POR" "W" 2 1 26.6666666666667 0.51 0.4 29 19.1 23.9 11.3 4.1 3.1 25.4 12.8 115 98 9.4 2.6
"13" "13" 2012-01-16 30.69 "HOU" "@" "WAS" "W" 8 1 30.6166666666667 0.842 0.818 7 19.6 12.9 0 0 6.8 14.4 19.9 141 112 17.7 5.3
"14" "14" 2012-01-17 30.69 "HOU" "" "DET" "W" 17 1 33.6166666666667 0.583 0.583 22.5 22 22.3 0 0 0 14.3 18.8 121 96 10.8 -1.7
"15" "15" 2012-01-19 30.7 "HOU" "" "NOH" "W" 2 1 43.0833333333333 0.519 0.5 24.1 17.9 20.7 9.3 0 3 17.2 19 108 94 15.7 1.3
"16" "16" 2012-01-21 30.7 "HOU" "" "SAS" "W" 3 1 33.2666666666667 0.773 0.667 9.3 6.6 7.7 3.8 1.6 12 34 17.4 109 107 11.7 2.9
"17" "17" 2012-01-23 30.71 "HOU" "@" "MIN" "W" 15 1 25.4333333333333 0.225 0.125 9 61.3 34.5 0 0 5.6 10.1 16.9 59 84 3.7 -6.6
"18" "18" 2012-01-25 30.71 "HOU" "" "MIL" "L" -6 1 29.8666666666667 0.558 0.444 19.7 38.4 28.8 0 0 5.2 25.6 22.1 99 104 12.4 -2.1
"19" "19" 2012-01-27 30.72 "HOU" "" "WAS" "W" 27 1 23.9666666666667 0.463 0.455 12.8 3.9 8.1 14.3 0 7.5 0 20 121 83 9.6 3.8
"20" "20" 2012-01-28 30.72 "HOU" "" "NYK" "W" 13 1 21.5833333333333 0.509 0.5 26.2 42 35.8 0 0 14.1 22.5 19.2 98 74 9.4 3.2
"21" "21" 2012-01-30 30.73 "HOU" "" "MIN" "L" -12 1 27.8666666666667 0.51 0.4 15.7 23 18.6 4.7 1.8 12.1 14.5 10.9 119 116 9.6 -0.2
"22" "22" 2012-02-01 30.73 "HOU" "@" "SAS" "L" -8 1 25.3666666666667 0.4 0.4 9 33.1 20.8 0 4.2 3.3 37.5 14.5 61 98 2.5 -5.8
"23" "23" 2012-02-03 30.74 "HOU" "" "PHO" "W" 18 1 15.7833333333333 0.254 0.143 6.9 13.8 10.4 0 0 4.8 0 21.3 71 89 1.1 -9
"24" "24" 2012-02-04 30.74 "HOU" "@" "MIN" "L" -9 1 20.1166666666667 0.5 0.5 5.4 0 2.8 7 2.6 11.5 20 11.1 91 107 4.3 -0.7
"25" "25" 2012-02-06 30.75 "HOU" "@" "DEN" "W" 9 1 7.05 0.5 0.5 0 0 0 0 6.8 0 0 12.7 96 85 1.6 1.5
"26" "26" 2012-02-08 30.75 "HOU" "@" "POR" "W" 7 1 18.2833333333333 0.2 0.2 8.2 14.6 11.6 13.7 2.7 4.7 37.5 19.4 49 97 -0.9 -11.7
"27" "27" 2012-02-09 30.75 "HOU" "@" "PHO" "W" 7 1 17.5 0.286 0.286 21.7 29.7 25.6 7.5 0 5.8 0 19.3 94 101 4.2 -5.5
"28" "28" 2012-02-12 30.76 "HOU" "@" "GSW" "L" -9 1 20.5333333333333 0.512 0.5 22.3 17.5 20 17.8 2.5 12.8 17 12.7 120 101 9.8 7.7
"29" "29" 2012-02-14 30.77 "HOU" "@" "MEM" "L" -10 1 27.0333333333333 0.507 0.5 16.9 36.7 25 7.8 0 2.8 25.3 19.8 90 108 6 -3.8
"30" "30" 2012-02-15 30.77 "HOU" "" "OKC" "W" 1 1 29.0166666666667 0.167 0.167 11 36.3 23.1 9.4 5.2 8.3 14.3 10.7 67 83 6.9 1.4
"31" "31" 2012-02-17 30.78 "HOU" "" "MIN" "L" -13 1 19.6666666666667 0.75 0.75 6.3 23.6 13.9 0 2.7 3.9 20 12 119 117 5.1 -2
"32" "32" 2012-02-19 30.78 "HOU" "" "UTA" "W" 16 0 17.8666666666667 0.667 0.667 0 31.2 17 0 3.2 8 40 14.1 71 86 3 -1.8
"33" "33" 2012-02-20 30.78 "HOU" "" "MEM" "W" 4 1 19.8333333333333 0.922 1 6.5 32.7 19.6 0 0 0 17 14.8 142 109 7 -0.3
"34" "34" 2012-02-22 30.79 "HOU" "" "PHI" "W" 6 1 27.6833333333333 0.363 0.333 5.1 27.6 17.8 10.7 1.8 2.4 12.7 13.7 81 86 4.9 2.1
"35" "35" 2012-02-28 30.81 "HOU" "" "TOR" "W" 3 1 27.2833333333333 0.683 0.667 3.8 9.3 6.3 0 0 6.1 0 12.8 141 95 8.9 5.3
"36" "36" 2012-02-29 30.81 "HOU" "@" "UTA" "L" -21 1 23.1 0.291 0.167 8.8 11.2 9.9 0 2.2 5.5 0 13.7 79 109 3.8 -5.9
"37" "37" 2012-03-02 30.81 "HOU" "" "DEN" "L" -12 1 25.65 0.508 0.429 0 21.3 11.1 12.3 0 5 20.2 18 92 123 5.4 -3.1
"38" "38" 2012-03-04 30.82 "HOU" "" "LAC" "L" -2 1 36.4666666666667 0.571 0.571 14.8 23.7 19 5.7 1.5 6.1 0 19.9 131 104 17.4 5.6
"39" "39" 2012-03-06 30.82 "HOU" "@" "BOS" "L" -5 1 41.3166666666667 0.431 0.364 13.4 32.8 23 4.8 1.3 0 19 17.8 88 97 7.9 -3.3
"40" "40" 2012-03-07 30.83 "HOU" "@" "TOR" "L" -18 1 34.2 0.601 0.556 10 15 12 6.4 0 2.2 25.6 20.6 98 126 8.1 -4.9
"41" "41" 2012-03-10 30.84 "HOU" "@" "NJN" "W" 6 1 26.7 0.568 0.455 16.3 5 10.4 4.9 0 6.3 7 26.3 127 128 11.6 -5.8
"42" "42" 2012-03-11 30.84 "HOU" "@" "CLE" "L" -11 1 31.5333333333333 0.588 0.545 11.4 26.6 19 0 1.6 12.3 0 18.2 130 110 17.2 4.1
"43" "43" 2012-03-13 30.84 "HOU" "@" "OKC" "W" 1 1 31.3833333333333 0.4 0.4 14.2 14.9 14.6 0 0 7.5 0 14.4 104 114 7.9 -4.6
"44" "44" 2012-03-14 30.85 "HOU" "" "CHA" "W" 20 1 22.5 0.857 0.857 11.9 42.7 28.1 0 2.2 0 22.2 17.5 125 88 11.1 2.5
"45" "45" 2012-03-17 30.85 "HOU" "@" "LAC" "L" -4 1 26.2 0.8 0.8 11.5 15.3 13.7 0 0 2.9 28.6 13.4 108 110 5.4 -3.3
"46" "46" 2012-03-18 30.86 "HOU" "@" "PHO" "L" -13 1 20.1333333333333 0.6 0.6 0 33.3 16.4 0 0 0 23.1 28.8 86 109 5.4 -3.6
"47" "47" 2012-03-20 30.86 "HOU" "" "LAL" "W" 3 1 21.4666666666667 0.8 0.8 11.8 13.6 12.6 0 0 10 16.7 12.3 135 113 8 2.2
"48" "48" 2012-03-22 30.87 "HOU" "" "GSW" "W" 26 1 21.7833333333333 0.778 0.714 17.4 36.7 27.5 7.6 2.4 3.3 9.4 21 155 82 16.5 13.5
"49" "49" 2012-03-24 30.87 "HOU" "" "DAL" "L" -2 1 27.9833333333333 0.913 0.857 7.7 23.1 14.7 0 2.1 9.8 10.2 16.7 167 101 17.3 13.1
"50" "50" 2012-03-26 30.88 "HOU" "" "SAC" "W" 7 1 18.4833333333333 0.2 0.2 7.2 21.2 15.3 7.1 0 7.4 16.7 14.4 57 98 0.7 -8.7
"51" "51" 2012-03-27 30.88 "HOU" "@" "DAL" "L" -9 1 16.8833333333333 0 0 0 52.4 24.3 0 3.1 5.3 0 3 0 89 2.7 -0.3
"52" "52" 2012-03-30 30.89 "HOU" "" "MEM" "W" 9 0 16.8833333333333 0.6 0.6 0 9.8 6.5 0 0 0 37.5 23.3 69 107 0.1 -13
"53" "53" 2012-04-01 30.9 "HOU" "" "IND" "L" -2 0 11.6666666666667 0.333 0.333 15.7 45.4 27.8 13 0 6.7 0 24 96 101 4.6 0.9
"54" "54" 2012-04-02 30.9 "HOU" "@" "CHI" "W" 6 0 5.48333333333333 0.5 0.5 0 20.4 10.3 26.3 0 0 0 17 123 103 1.2 -1.6
"55" "55" 2012-04-06 30.91 "HOU" "@" "LAL" "W" 5 0 22.7333333333333 0.5 0.5 9.6 21.7 15.3 0 6.4 0 20 28.4 83 98 7.4 -4.2
"56" "56" 2012-04-08 30.92 "HOU" "@" "SAC" "W" 17 0 26.8666666666667 0.4 0.4 19.9 19.9 19.9 0 0 3.2 16.7 19.7 89 96 4.7 -11.3
"57" "57" 2012-04-09 30.92 "HOU" "@" "POR" "W" 5 0 9.78333333333333 0.852 NA 14 22.3 18.6 0 0 0 0 8.7 193 103 3.5 1.1
"58" "58" 2012-04-11 30.92 "HOU" "" "UTA" "L" -12 0 10.0666666666667 0 0 0 24.5 10.8 0 0 0 0 4.4 0 118 -0.1 -10.4
"59" "59" 2012-04-13 30.93 "HOU" "" "PHO" "L" -7 0 4.86666666666667 1.064 1 0 28.2 11.9 0 0 16.7 34.7 25 127 107 3.3 9.4
"60" "60" 2012-04-15 30.93 "HOU" "@" "DEN" "L" -15 0 18.6333333333333 0.333 0.333 5.4 40.7 21 0 2.7 7.7 33.3 20.6 49 93 2.1 -7.2
"61" "61" 2012-04-16 30.94 "HOU" "" "DEN" "L" -3 1 24.4333333333333 0.347 0.2 12.5 28.1 19.9 5.2 2.1 22.2 0 12.5 104 91 10.8 5.6
"62" "62" 2012-04-18 30.94 "HOU" "@" "DAL" "L" -7 0 6.26666666666667 0.5 0.5 36.5 40.3 38.3 0 0 0 0 14.6 143 127 3 -0.6
"63" "" 2012-04-19 30.95 "HOU" "@" "NOH" "L" -6 NA NA NA NA NA NA NA NA NA NA NA NA NA NA NA NA
"64" "63" 2012-04-21 30.95 "HOU" "" "GSW" "W" 3 0 18.5333333333333 0.815 1 18.1 39.2 27.3 0 0 13.6 0 13.8 176 101 12.5 9.9
"65" "64" 2012-04-22 30.95 "HOU" "@" "MIA" "L" -9 0 9.35 0 0 0 21.8 12.1 0 0 0 66.7 15.4 0 108 -2.1 -19.5
"66" "65" 2012-04-26 30.96 "HOU" "" "NOH" "W" 7 1 18.3 0.637 0.5 28.6 29.1 28.9 0 0 0 0 21 152 88 11.7 5.3
"1" "1" 2012-11-02 31.48 "MIL" "@" "BOS" "W" 11 1 15.4666666666667 1 1 7.6 15.1 11.4 8.4 0 0 50 5.7 111 100 2.3 -2.9
"2" "2" 2012-11-03 31.48 "MIL" "" "CLE" "W" 3 1 10.2333333333333 NA NA 0 21.8 11.9 11.4 0 7 NA 0 222 101 1.6 -0.3
"3" "3" 2012-11-07 31.5 "MIL" "" "MEM" "L" -18 1 15.3666666666667 1 1 5.8 17.4 10.4 0 3.4 9.3 33.3 8.5 117 110 5.7 1
"4" "4" 2012-11-09 31.5 "MIL" "@" "WAS" "W" 10 1 13.9333333333333 0.333 0.333 10.8 41 27.9 0 0 5.7 0 9.6 88 89 3.2 -1.6
"5" "5" 2012-11-10 31.5 "MIL" "" "BOS" "L" -4 1 21.5666666666667 0.717 0.75 18.2 25.4 21.2 10.3 0 0 0 19.7 153 108 13.1 9.8
"6" "6" 2012-11-12 31.51 "MIL" "@" "PHI" "W" 9 1 18.3 0.8 0.8 7.9 17.1 13.3 0 0 4.3 37.5 18.9 89 95 4.2 -4.9
"7" "7" 2012-11-14 31.52 "MIL" "" "IND" "W" 14 1 18.4166666666667 0.799 0.714 5.1 27.1 15.8 10.4 2.8 13 10.2 23.6 147 78 14.5 16.6
"8" "8" 2012-11-17 31.52 "MIL" "" "NOH" "W" 4 1 20.35 0.663 0.6 21.4 28.6 24.5 0 0 4.2 20.9 29.5 114 119 10.9 -4.8
"9" "9" 2012-11-19 31.53 "MIL" "@" "CHA" "L" -4 1 19.6166666666667 0.571 0.571 11.7 11.9 11.8 7.2 0 3.4 12.5 17.5 109 107 6.3 -2.3
"10" "10" 2012-11-21 31.53 "MIL" "@" "MIA" "L" -7 1 19.8666666666667 0.672 0.643 9.2 18.6 13.2 15.1 0 0 0 15.8 152 114 10.4 11.8
"11" "" 2012-11-24 31.54 "MIL" "" "CHI" "L" -7 NA NA NA NA NA NA NA NA NA NA NA NA NA NA NA NA
"12" "11" 2012-11-26 31.55 "MIL" "@" "CHI" "W" 1 1 18.45 0.25 0.25 13.3 14.1 13.7 7.1 0 7.5 50 19.8 43 107 -0.3 -14
"13" "12" 2012-11-28 31.55 "MIL" "" "NYK" "L" -14 1 15.3833333333333 0 0 17.8 16 16.9 0 0 0 66.7 9.5 42 119 -1.9 -18.7
"14" "13" 2012-11-30 31.56 "MIL" "@" "MIN" "L" -10 1 15.8666666666667 0.333 0.333 5.7 30.3 17.6 9.8 0 4.4 25 10.9 70 97 2.1 -7.1
"15" "" 2012-12-01 31.56 "MIL" "" "BOS" "W" 3 NA NA NA NA NA NA NA NA NA NA NA NA NA NA NA NA
"16" "" 2012-12-03 31.57 "MIL" "@" "NOH" "L" -21 NA NA NA NA NA NA NA NA NA NA NA NA NA NA NA NA
"17" "14" 2012-12-05 31.57 "MIL" "@" "SAS" "L" -11 0 17.05 0.667 0.667 6 20.1 12.7 0 0 4.4 0 15.7 130 114 6.9 0.4
"18" "15" 2012-12-07 31.58 "MIL" "" "CHA" "W" 15 0 13.95 0.5 0.5 12.7 6.9 9.9 0 0 25.3 33.3 17.5 79 90 4.4 -2.6
"19" "" 2012-12-09 31.58 "MIL" "@" "BRK" "W" 9 NA NA NA NA NA NA NA NA NA NA NA NA NA NA NA NA
"20" "16" 2012-12-12 31.59 "MIL" "" "SAC" "W" 13 1 22.8333333333333 0.665 0.5 10.9 24.3 17.2 0 0 6.3 0 6.8 163 88 7.7 -1.6
"21" "" 2012-12-14 31.6 "MIL" "@" "CLE" "W" 4 NA NA NA NA NA NA NA NA NA NA NA NA NA NA NA NA
"22" "" 2012-12-15 31.6 "MIL" "" "LAC" "L" -26 NA NA NA NA NA NA NA NA NA NA NA NA NA NA NA NA
"23" "" 2012-12-18 31.61 "MIL" "" "IND" "W" 5 NA NA NA NA NA NA NA NA NA NA NA NA NA NA NA NA
"24" "" 2012-12-19 31.61 "MIL" "@" "MEM" "L" -10 NA NA NA NA NA NA NA NA NA NA NA NA NA NA NA NA
"25" "" 2012-12-21 31.62 "MIL" "@" "BOS" "W" 5 NA NA NA NA NA NA NA NA NA NA NA NA NA NA NA NA
"26" "" 2012-12-22 31.62 "MIL" "" "CLE" "L" -12 NA NA NA NA NA NA NA NA NA NA NA NA NA NA NA NA
"27" "" 2012-12-26 31.63 "MIL" "" "BRK" "W" 15 NA NA NA NA NA NA NA NA NA NA NA NA NA NA NA NA
"28" "" 2012-12-29 31.64 "MIL" "" "MIA" "W" 19 NA NA NA NA NA NA NA NA NA NA NA NA NA NA NA NA
"29" "" 2012-12-30 31.64 "MIL" "@" "DET" "L" -2 NA NA NA NA NA NA NA NA NA NA NA NA NA NA NA NA
"30" "" 2013-01-02 31.65 "MIL" "" "SAS" "L" -7 NA NA NA NA NA NA NA NA NA NA NA NA NA NA NA NA
"31" "" 2013-01-04 31.65 "MIL" "" "HOU" "L" -14 NA NA NA NA NA NA NA NA NA NA NA NA NA NA NA NA
"32" "" 2013-01-05 31.66 "MIL" "@" "IND" "L" -15 NA NA NA NA NA NA NA NA NA NA NA NA NA NA NA NA
"33" "" 2013-01-08 31.67 "MIL" "" "PHO" "W" 9 NA NA NA NA NA NA NA NA NA NA NA NA NA NA NA NA
"34" "17" 2013-01-09 31.67 "MIL" "@" "CHI" "W" 8 0 2.4 NA NA 0 0 0 0 0 0 NA 0 0 110 -0.4 -15.8
"35" "18" 2013-01-11 31.67 "MIL" "" "DET" "L" -16 0 12.0333333333333 0.444 0.4 16 40.7 28.2 0 0 17.6 12.9 27.8 90 90 6.1 3
"36" "" 2013-01-13 31.68 "MIL" "@" "TOR" "W" 11 NA NA NA NA NA NA NA NA NA NA NA NA NA NA NA NA
"37" "19" 2013-01-15 31.68 "MIL" "@" "LAL" "L" -16 0 12.1333333333333 0.717 0.75 13.4 38.6 23.7 0 0 0 17 20.1 121 114 6.6 5.1
"38" "20" 2013-01-17 31.69 "MIL" "@" "PHO" "W" 4 0 7.78333333333333 0 0 0 38.5 19.5 0 0 8.2 50 10.4 0 82 -0.9 -14
"39" "21" 2013-01-19 31.7 "MIL" "@" "POR" "W" 6 0 5.38333333333333 0 0 0 21.7 10 0 0 0 50 15.4 0 106 -2.6 -30.6
"40" "" 2013-01-22 31.7 "MIL" "" "PHI" "W" 8 NA NA NA NA NA NA NA NA NA NA NA NA NA NA NA NA
"41" "" 2013-01-25 31.71 "MIL" "@" "CLE" "L" -5 NA NA NA NA NA NA NA NA NA NA NA NA NA NA NA NA
"42" "22" 2013-01-26 31.72 "MIL" "" "GSW" "W" 7 0 18.5 0.5 0.5 8.6 21.6 14.4 0 2.7 8 20 10.7 96 95 5.2 -2.2
"43" "23" 2013-01-29 31.72 "MIL" "@" "DET" "W" 27 0 20.8666666666667 0.558 0.444 22.6 24 23.2 0 0 9.5 8.5 23 130 92 11.8 -0.8
"44" "24" 2013-01-30 31.73 "MIL" "" "CHI" "L" -16 1 24.1333333333333 0.651 0.667 26.5 34 30.1 0 0 10.2 15.7 23.4 120 104 15.6 9.7
"45" "25" 2013-02-01 31.73 "MIL" "@" "NYK" "L" -10 0 12.4166666666667 0.5 0.5 24.2 9.2 17.2 0 0 9.4 14.3 26.2 99 112 3.9 -4.4
"46" "26" 2013-02-02 31.73 "MIL" "" "ORL" "W" 9 0 6.1 0 0 0 16.4 8.4 0 0 0 50 13.7 0 104 -1.4 -20
"47" "27" 2013-02-05 31.74 "MIL" "@" "DEN" "L" -8 0 27.1166666666667 0.816 0.81 25.3 18.4 21.9 19.8 0 2.4 0 31.4 166 107 34.4 25
"48" "28" 2013-02-06 31.75 "MIL" "@" "UTA" "L" -14 1 26.4 0.563 0.5 13 32.3 23 0 7.6 10.2 25.3 19.5 91 81 13.1 6.4
"49" "29" 2013-02-09 31.75 "MIL" "" "DET" "L" -5 1 33.3666666666667 0.595 0.5 15.3 24.6 19.6 0 3 10.9 20.3 19.1 108 98 16.3 2
"50" "30" 2013-02-11 31.76 "MIL" "" "WAS" "L" -12 1 17.25 0.551 0.6 9.8 42.2 21.6 0 3 0 15.5 15.8 96 107 3.8 -8.4
"51" "31" 2013-02-13 31.76 "MIL" "" "PHI" "W" 2 1 32.1666666666667 0.612 0.615 22.7 29 25.5 11.9 0 7.1 17.8 22.8 115 103 17 3.7
"52" "32" 2013-02-19 31.78 "MIL" "@" "BRK" "L" -2 0 11.15 0.307 0.25 21.6 9.9 15.5 0 0 6.6 29.1 29.2 63 117 0.2 -18.7
"53" "33" 2013-02-20 31.78 "MIL" "" "BRK" "L" -3 0 7.51666666666667 0.852 NA 0 25.5 14 0 6.6 0 0 10.6 187 88 3.8 9.5
"54" "34" 2013-02-23 31.79 "MIL" "" "ATL" "L" -1 0 15.6666666666667 0.333 0.333 12.8 30 21.7 8.8 3.2 0 14.3 18.7 81 100 3.4 -5.2
"55" "" 2013-02-26 31.8 "MIL" "@" "DAL" "W" 5 NA NA NA NA NA NA NA NA NA NA NA NA NA NA NA NA
"56" "" 2013-02-27 31.8 "MIL" "@" "HOU" "W" 3 NA NA NA NA NA NA NA NA NA NA NA NA NA NA NA NA
"57" "35" 2013-03-02 31.81 "MIL" "" "TOR" "W" 8 0 8.06666666666667 0.333 0.333 0 27.4 14.6 16.7 0 0 0 16.5 90 109 1.2 -5.9
"58" "36" 2013-03-04 31.82 "MIL" "" "UTA" "W" 1 0 21.9 0.5 0.5 15.1 27.4 21.6 0 4.6 2.8 11.1 18.5 101 90 8.4 -1.6
"59" "37" 2013-03-06 31.82 "MIL" "@" "LAC" "L" -16 0 6.75 0.644 0.667 0 37.4 18.7 0 0 12.3 20.5 35.2 90 115 3.2 -2.9
"60" "38" 2013-03-09 31.83 "MIL" "@" "GSW" "W" 10 0 12.7333333333333 0.4 0.4 0 47.1 25.4 0 0 0 16.7 22.3 61 93 1.7 -11.3
"61" "39" 2013-03-10 31.83 "MIL" "@" "SAC" "W" 2 1 26.0666666666667 0.644 0.667 8.4 38.5 23.3 0 3.7 5.1 0 12.7 139 100 12.1 3
"62" "" 2013-03-12 31.84 "MIL" "" "DAL" "L" -7 NA NA NA NA NA NA NA NA NA NA NA NA NA NA NA NA
"63" "40" 2013-03-13 31.84 "MIL" "@" "WAS" "L" -13 0 9.48333333333333 0 0 22 22 22 13 0 0 50 19.4 41 114 -1.1 -18
"64" "" 2013-03-15 31.85 "MIL" "" "MIA" "L" -13 NA NA NA NA NA NA NA NA NA NA NA NA NA NA NA NA
"65" "" 2013-03-17 31.85 "MIL" "" "ORL" "W" 6 NA NA NA NA NA NA NA NA NA NA NA NA NA NA NA NA
"66" "41" 2013-03-19 31.86 "MIL" "" "POR" "W" 7 1 19.7833333333333 0.571 0.571 28.9 11.8 20.5 10.7 0 0 6.7 35.1 122 115 12.8 -0.2
"67" "42" 2013-03-20 31.86 "MIL" "@" "ATL" "L" -8 1 18.0333333333333 0.143 0.143 14.8 27.3 20 15.5 0 0 0 16.4 67 109 1.8 -7.7
"68" "43" 2013-03-22 31.87 "MIL" "@" "IND" "L" -24 1 25.55 0.36 0.385 16.8 32.1 22.6 8.7 0 0 6.7 23.6 85 108 6.5 -4.2
"69" "44" 2013-03-24 31.87 "MIL" "" "ATL" "L" -5 0 15.9333333333333 0.5 0.5 24.6 23.8 24.2 9.1 0 0 14.3 18.4 112 116 6 -1.7
"70" "45" 2013-03-27 31.88 "MIL" "@" "PHI" "L" -8 0 15.2166666666667 0.788 0.75 6.6 21.5 13.7 0 0 0 0 12.9 166 111 7 3.9
"71" "46" 2013-03-28 31.88 "MIL" "" "LAL" "W" 10 0 9.41666666666667 0.25 0.25 11.6 39.2 24.6 0 0 0 0 17.8 76 106 1.2 -10
"72" "" 2013-03-30 31.89 "MIL" "" "OKC" "L" -10 NA NA NA NA NA NA NA NA NA NA NA NA NA NA NA NA
"73" "" 2013-04-01 31.89 "MIL" "" "CHA" "W" 29 NA NA NA NA NA NA NA NA NA NA NA NA NA NA NA NA
"74" "47" 2013-04-03 31.9 "MIL" "" "MIN" "L" -9 0 6.7 1 1 29.2 0 16.5 0 7.6 0 50 12 104 107 2.7 -0.8
"75" "" 2013-04-05 31.9 "MIL" "@" "NYK" "L" -18 NA NA NA NA NA NA NA NA NA NA NA NA NA NA NA NA
"76" "" 2013-04-06 31.91 "MIL" "" "TOR" "W" 17 NA NA NA NA NA NA NA NA NA NA NA NA NA NA NA NA
"77" "" 2013-04-09 31.92 "MIL" "@" "MIA" "L" -11 NA NA NA NA NA NA NA NA NA NA NA NA NA NA NA NA
"78" "" 2013-04-10 31.92 "MIL" "@" "ORL" "L" -10 NA NA NA NA NA NA NA NA NA NA NA NA NA NA NA NA
"79" "" 2013-04-12 31.92 "MIL" "@" "ATL" "L" -5 NA NA NA NA NA NA NA NA NA NA NA NA NA NA NA NA
"80" "" 2013-04-13 31.93 "MIL" "@" "CHA" "L" -10 NA NA NA NA NA NA NA NA NA NA NA NA NA NA NA NA
"81" "" 2013-04-15 31.93 "MIL" "" "DEN" "L" -1 NA NA NA NA NA NA NA NA NA NA NA NA NA NA NA NA
"82" "" 2013-04-17 31.94 "MIL" "@" "OKC" "W" 6 NA NA NA NA NA NA NA NA NA NA NA NA NA NA NA NA
"1" "1" 2013-10-30 32.47 "DAL" "" "ATL" "W" 9 1 26.9 0.5 0.5 5.1 35.7 21.4 0 0 3.4 20 8.3 87 107 4.4 -2.9
"2" "2" 2013-11-01 32.48 "DAL" "@" "HOU" "L" -8 1 22.35 0.551 0.6 4 21.5 11.4 0 2.1 4.9 15.5 11.1 96 105 3.9 -3.6
"3" "3" 2013-11-02 32.48 "DAL" "" "MEM" "W" 12 1 25.8333333333333 1.054 1 7.7 27.1 17.4 15.1 3.9 0 23.1 14.4 166 95 15.7 10.8
"4" "4" 2013-11-05 32.49 "DAL" "" "LAL" "W" 19 1 23.0333333333333 0.714 0.714 11.6 17 14.7 5.4 2.1 3.7 12.5 14.9 132 102 11.1 2.7
"5" "5" 2013-11-06 32.49 "DAL" "@" "OKC" "L" -14 1 24.2833333333333 0.3 0.3 22 22.6 22.2 0 0 0 23.1 22.9 66 111 1.1 -13.5
"6" "6" 2013-11-08 32.5 "DAL" "@" "MIN" "L" -8 1 12.5 0.667 0.667 27.4 9.1 18.3 0 4 16.7 40 16.9 96 110 5 0.4
"7" "7" 2013-11-09 32.5 "DAL" "@" "MIL" "W" 8 1 26.0833333333333 0.5 0.5 17.1 8 12.4 0 0 6.3 14.3 12.1 107 93 5.2 -4.2
"8" "8" 2013-11-12 32.51 "DAL" "" "WAS" "W" 10 1 22.7666666666667 0.778 0.714 14.4 10 12.3 6.9 4.5 0 9.4 20.9 152 97 15.3 10.4
"9" "9" 2013-11-15 32.52 "DAL" "@" "MIA" "L" -6 1 20.3 0.4 0.4 13.1 51.7 31.3 0 7.2 3.9 16.7 13.2 84 97 7.1 2.3
"10" "10" 2013-11-16 32.52 "DAL" "@" "ORL" "W" 8 1 23.0833333333333 0.51 0.6 5.2 20.8 11.9 5.7 2.2 7.6 40.5 20.6 64 102 1.6 -11.4
"11" "11" 2013-11-18 32.53 "DAL" "" "PHI" "W" 3 0 27.5333333333333 0.581 0.5 19.4 25.7 23 0 0 6.7 12.7 12.6 123 90 11.9 0.6
"12" "12" 2013-11-20 32.53 "DAL" "" "HOU" "W" 3 1 31.8 0.63 0.333 10.4 32.6 22.9 0 0 13.4 29.6 10.1 110 123 6.9 -4
"13" "13" 2013-11-22 32.54 "DAL" "" "UTA" "W" 10 1 28.5166666666667 0.922 1 24 31.8 28.1 6.9 0 5.8 23.5 20.9 139 103 17.9 7.9
"14" "14" 2013-11-23 32.54 "DAL" "@" "DEN" "L" -2 1 21.7 0.852 NA 5.1 11.1 8 12.6 2.2 0 0 3.6 198 103 5.5 3.7
"15" "15" 2013-11-25 32.55 "DAL" "" "DEN" "L" -14 0 17.75 1 1 0 22.5 10.4 0 0 9.8 0 2.6 200 116 2.8 -0.9
"16" "16" 2013-11-27 32.55 "DAL" "" "GSW" "W" 4 1 27.1333333333333 0.751 0.667 3.3 21.6 11.2 0 1.8 10 0 11.8 157 96 12.9 6.7
"17" "17" 2013-11-29 32.56 "DAL" "@" "ATL" "L" -1 1 21.5666666666667 0.862 0.5 5.1 15.5 10.2 0 2.4 7.7 0 9.9 192 90 9.8 8.6
"18" "18" 2013-11-30 32.56 "DAL" "" "MIN" "L" -6 1 25.2166666666667 0.761 0.857 13.3 20 16.5 0 0 3.6 11.3 15.7 131 124 10.5 -0.9
"19" "19" 2013-12-03 32.57 "DAL" "" "CHA" "W" 7 1 17.15 0.258 0 11.9 23.3 17.7 0 0 0 0 11 85 92 0.9 -9.4
"20" "20" 2013-12-04 32.57 "DAL" "@" "NOP" "W" 3 0 18.8166666666667 0.5 0.5 21.3 15.9 18.6 8.7 0 3.5 0 14.9 129 106 7.7 -0.7
"21" "21" 2013-12-07 32.58 "DAL" "@" "POR" "W" 2 0 11.7166666666667 0 0 10.2 8.9 9.5 8.9 0 7.2 50 7.9 58 114 0.7 -4.4
"22" "22" 2013-12-09 32.58 "DAL" "@" "SAC" "L" -15 0 12.3166666666667 0.399 0 15.9 38 26 0 7.4 0 0 12.2 109 91 4.2 -2.2
"23" "23" 2013-12-11 32.59 "DAL" "@" "GSW" "L" -2 0 23.9833333333333 0 0 4.5 12.3 8.6 5.4 0 3.5 0 7.6 31 104 0.2 -8.1
"24" "" 2013-12-14 32.6 "DAL" "" "MIL" "W" 13 NA NA NA NA NA NA NA NA NA NA NA NA NA NA NA NA
"25" "24" 2013-12-18 32.61 "DAL" "" "MEM" "W" 14 0 13.3333333333333 0.926 1 45 20.4 29.6 12.3 8.3 9.6 31.6 23.2 136 82 11.7 17.2
"26" "25" 2013-12-20 32.61 "DAL" "" "TOR" "L" -1 0 5.83333333333333 0.5 0.5 0 18.9 10 0 0 0 0 16.5 101 116 0.9 -9.2
"27" "26" 2013-12-21 32.62 "DAL" "@" "PHO" "L" -15 0 6.96666666666667 0 0 32 18.1 25.5 0 0 0 0 18.4 49 133 -0.8 -25.2
"28" "27" 2013-12-23 32.62 "DAL" "@" "HOU" "W" 7 1 28.8666666666667 0.581 0.5 18 15.6 16.9 0 5.6 0 0 11.4 146 111 10.5 -0.2
"29" "28" 2013-12-26 32.63 "DAL" "" "SAS" "L" -9 0 24.2666666666667 0.571 0.571 4.2 24.7 13.6 0 0 10.1 12.5 14 102 111 7.2 0
"30" "29" 2013-12-28 32.64 "DAL" "@" "CHI" "W" 22 1 24.3833333333333 0.5 0.5 0 25.2 13.5 0 2.2 3.5 60 10 34 90 -0.4 -8.3
"31" "30" 2013-12-30 32.64 "DAL" "@" "MIN" "W" 2 1 20.2333333333333 0.945 1 11 28.2 19.5 7 0 4.2 17.4 13.2 158 106 9.4 3.1
"32" "31" 2014-01-01 32.65 "DAL" "@" "WAS" "W" 9 1 18.05 0.333 0.333 18.6 22.6 20.7 0 3 0 25 10.3 82 83 2.8 -5.5
"33" "32" 2014-01-03 32.65 "DAL" "" "LAC" "L" -7 1 20.7833333333333 0.589 0.4 10.5 16.9 13.6 0 0 3.9 11.6 19 121 128 6.7 -5.5
"34" "" 2014-01-05 32.66 "DAL" "" "NYK" "L" -12 NA NA NA NA NA NA NA NA NA NA NA NA NA NA NA NA
"35" "33" 2014-01-07 32.66 "DAL" "" "LAL" "W" 13 0 12.5666666666667 0 NA 9.3 34 22.2 8 3.8 15.3 53.2 6.6 57 82 2.4 -1
"36" "34" 2014-01-08 32.67 "DAL" "@" "SAS" "L" -22 0 11.15 0.798 1 16.6 36.9 24.7 0 0 0 0 7.8 176 122 3.8 -2.6
"37" "35" 2014-01-10 32.67 "DAL" "@" "NOP" "W" 17 1 18.3833333333333 0.654 0.667 15.4 36.4 27.1 8.5 0 10.7 12.7 21.2 125 93 10.6 5.1
"38" "36" 2014-01-11 32.67 "DAL" "" "NOP" "W" 3 1 23.05 0.5 0.5 10.4 38.4 24 8.1 0 0 0 8.3 129 113 5 -3
"39" "37" 2014-01-13 32.68 "DAL" "" "ORL" "W" 19 1 19 0.5 0.5 6.6 32.4 19.7 0 0 4.9 60 12.9 49 97 -0.7 -13
"40" "38" 2014-01-15 32.68 "DAL" "@" "LAC" "L" -2 1 21.4 0.658 0.692 35.7 0 18.5 14.6 2.3 0 6.2 31.5 140 135 18 3.7
"41" "39" 2014-01-17 32.69 "DAL" "@" "PHO" "W" 3 1 20.1666666666667 1.042 1 0 30.9 18.3 6.5 0 0 18.8 11.8 169 105 7.9 3.4
"42" "40" 2014-01-18 32.69 "DAL" "" "POR" "L" -16 1 13.35 0.5 0.5 8 44.9 25.4 0 0 0 33.3 9.9 83 119 1 -8.9
"43" "41" 2014-01-20 32.7 "DAL" "@" "CLE" "W" 5 1 14.0666666666667 0.568 NA 8.5 15.2 12 9 0 11.8 69.4 9.5 65 103 1.6 -2.4
"44" "42" 2014-01-22 32.7 "DAL" "@" "TOR" "L" -8 1 17.3666666666667 0.515 0.333 21.8 31.6 26.5 0 3 0 43.6 19 77 94 2 -7.8
"45" "43" 2014-01-24 32.71 "DAL" "@" "BRK" "L" -1 1 13.8666666666667 0.532 0 23.1 21 22.2 0 3.8 0 68 18.9 59 110 -0.2 -15.9
"46" "44" 2014-01-26 32.72 "DAL" "" "DET" "W" 10 1 20.45 0.51 0.6 15.1 14.4 14.7 6.5 2.5 9 0 13.4 123 102 7.8 4
"47" "45" 2014-01-29 32.72 "DAL" "" "HOU" "L" -2 1 11.9 0.5 0.5 9 21.2 14.6 0 0 7.6 0 7 126 116 1.8 -3.2
"48" "46" 2014-01-31 32.73 "DAL" "" "SAC" "W" 4 1 15.7666666666667 0.75 0.75 7.4 26.1 16 0 0 5.6 0 12.2 156 118 5.5 -0.5
"49" "47" 2014-02-03 32.74 "DAL" "" "CLE" "W" 17 1 24.5 0.922 0.875 25.3 17.4 20.6 0 0 7 0 18.3 198 114 19.8 11.4
"50" "48" 2014-02-05 32.74 "DAL" "@" "MEM" "W" 14 1 23.3666666666667 0.618 0.6 35.2 25.7 30.7 0 0 0 8.1 24.8 134 112 11.8 -2
"51" "49" 2014-02-07 32.75 "DAL" "" "UTA" "W" 22 1 23.5 0.75 0.75 19.5 9.5 14.4 0 0 0 0 16.4 161 98 10.6 1
"52" "50" 2014-02-09 32.75 "DAL" "@" "BOS" "W" 11 1 22.85 0.5 0.5 20 30 25.4 0 0 3.2 0 12.6 130 96 7.4 -2.4
"53" "51" 2014-02-11 32.76 "DAL" "@" "CHA" "L" -25 1 18.0333333333333 0.5 0.5 6.8 41.6 22.5 0 0 0 20 14 86 131 2 -11.3
"54" "52" 2014-02-12 32.76 "DAL" "@" "IND" "W" 8 1 20.0333333333333 0.25 0.25 5.1 30.6 17.8 0 2.6 0 20 22.6 45 74 -0.1 -10.6
"55" "53" 2014-02-18 32.78 "DAL" "" "MIA" "L" -11 1 19.1 0.394 0.375 23.9 34.9 29 0 0 0 0 19.4 118 131 5.7 -6.5
"56" "54" 2014-02-21 32.79 "DAL" "@" "PHI" "W" 12 1 16.0833333333333 0.615 0.5 0 33.2 21.8 7.1 0 8.7 17 15.8 113 100 6.9 0.9
"57" "55" 2014-02-22 32.79 "DAL" "@" "DET" "W" 11 1 24.7333333333333 0.581 0.667 25.3 22.6 24 6 0 8.2 16.2 21 110 104 13 2.1
"58" "56" 2014-02-24 32.79 "DAL" "@" "NYK" "W" 2 1 22.7833333333333 0.444 0.4 25.7 31 28.1 5.7 2.4 0 22.8 17.9 103 114 6 -6.5
"59" "57" 2014-02-26 32.8 "DAL" "" "NOP" "W" 19 1 21.4833333333333 0.75 0.75 0 5.6 3 0 2.5 4.4 20 11.7 104 101 4.6 -3.9
"60" "58" 2014-02-28 32.81 "DAL" "" "CHI" "L" -9 1 22.7666666666667 0.615 0.5 16.9 38.3 25.4 0 0 8.1 29.1 13.8 107 106 6.8 -3.4
"61" "59" 2014-03-02 32.81 "DAL" "@" "SAS" "L" -6 1 18.5833333333333 0.508 0.429 26.4 32.3 29 0 0 0 0 18.5 133 120 7.7 -4.4
"62" "60" 2014-03-05 32.82 "DAL" "@" "DEN" "L" -5 1 9.55 0 0 0 12.3 6.6 10.9 0 0 0 14.2 24 129 -1.1 -13.2
"63" "61" 2014-03-07 32.82 "DAL" "" "POR" "W" 5 1 28.2333333333333 0.34 0.2 11.6 19.8 15.6 0 1.8 8.9 14.5 11.4 87 99 4.6 -4.1
"64" "62" 2014-03-09 32.83 "DAL" "" "IND" "W" 11 1 18.1 0.444 0.444 23.1 28.7 25.6 0 0 0 18.2 27.9 91 108 3.3 -14.6
"65" "63" 2014-03-11 32.84 "DAL" "@" "GSW" "L" -23 1 19.5166666666667 0.709 0.667 0 33.2 14.3 19.6 0 0 15.1 14.5 128 113 7.4 5.1
"66" "64" 2014-03-12 32.84 "DAL" "@" "UTA" "W" 7 1 15.4833333333333 0.667 0.667 0 27.6 15.7 8.7 0 5.3 50 19.1 65 103 0.3 -9.9
"67" "65" 2014-03-16 32.85 "DAL" "@" "OKC" "W" 23 1 20.5333333333333 1.025 1 0 15.9 9.4 0 5.1 4.7 29.1 15.8 128 85 9.2 7.7
"68" "66" 2014-03-17 32.85 "DAL" "" "BOS" "W" 5 1 22.7166666666667 0.75 0.75 5 24.9 15.9 0 0 6 42.9 14.8 79 92 3.7 -4.6
"69" "67" 2014-03-19 32.86 "DAL" "" "MIN" "L" -1 1 21.6 0.444 0.429 35.8 35.1 35.4 12.4 2.2 11.7 0 15.8 133 99 14.4 10.6
"70" "68" 2014-03-21 32.86 "DAL" "" "DEN" "W" 16 1 16.05 0.291 0.167 52.3 20.9 36 0 3.1 5.9 30.4 26.3 85 106 4.7 -14.1
"71" "69" 2014-03-23 32.87 "DAL" "" "BRK" "L" -3 1 34.95 0.785 0.8 14.9 31.6 23 5.2 0 19.7 0 9.8 175 97 20.6 13.9
"72" "70" 2014-03-25 32.87 "DAL" "" "OKC" "W" 9 1 21.1333333333333 0.833 0.833 25.1 16.4 20.4 7.7 2.3 4.2 25 16.4 134 107 10.7 4.8
"73" "71" 2014-03-27 32.88 "DAL" "" "LAC" "L" -6 1 22.25 0.6 0.6 27.7 28.8 28.3 7.1 0 3.9 16.7 12 131 112 8.2 0.6
"74" "72" 2014-03-29 32.88 "DAL" "" "SAC" "W" 3 1 23.9 0.845 0.875 10.3 18.7 14.7 0 4.4 8.5 25.3 24.5 112 96 14.3 6.8
"75" "73" 2014-04-01 32.89 "DAL" "" "GSW" "L" -2 1 7.06666666666667 0.5 0.5 30.6 19.7 25.9 0 0 0 0 13.5 143 132 2.3 -7.7
"76" "74" 2014-04-03 32.9 "DAL" "@" "LAC" "W" 6 1 28.5833333333333 0.904 0.75 13.6 10.1 11.6 4.7 0 5.2 23.1 14.3 154 116 11.9 2.8
"77" "75" 2014-04-04 32.9 "DAL" "@" "LAL" "W" 12 1 21.1333333333333 0.709 0.667 21.1 48.3 35.3 0 2.4 4.1 0 19.6 158 86 17.2 13.2
"78" "76" 2014-04-06 32.91 "DAL" "@" "SAC" "W" 2 1 24.3833333333333 0.5 0.5 11.8 45 25.5 6.5 2.2 3.4 25 15 92 95 5.9 -4.6
"79" "77" 2014-04-08 32.91 "DAL" "@" "UTA" "W" 12 1 27.25 0.833 0.833 5.9 16.6 12.7 11.3 0 5.6 0 12.3 174 101 12 9.1
"80" "78" 2014-04-10 32.92 "DAL" "" "SAS" "L" -9 1 19.9666666666667 0.2 0.2 23.5 34.3 29.4 6.6 0 4.5 0 11.8 94 110 4.4 -3
"81" "79" 2014-04-12 32.92 "DAL" "" "PHO" "W" 3 1 14.4333333333333 0.51 0.4 26.3 14.8 20 0 0 5.5 0 18.7 130 107 6.7 1.7
"82" "80" 2014-04-16 32.93 "DAL" "@" "MEM" "L" -1 1 11.4666666666667 0.5 0.5 10.7 21 15.9 0 0 0 50 16.8 58 112 -1.7 -21.7
"1" "1" 2014-10-29 33.47 "NYK" "" "CHI" "L" -24 1 19.85 0.51 0.4 9.5 14.2 11.4 18.5 0 15.4 14.5 16.1 108 116 7 2
"2" "2" 2014-10-30 33.47 "NYK" "@" "CLE" "W" 5 1 5.56666666666667 0 0 0 46.6 25.4 0 0 0 0 9.4 0 102 -0.1 -11.8
"3" "3" 2014-11-02 33.48 "NYK" "" "CHO" "W" 3 1 22.35 0 0 17 30.7 23.5 5.5 0 0 60 11 49 107 -1.7 -14.4
"4" "4" 2014-11-04 33.49 "NYK" "" "WAS" "L" -15 1 20.2 0.2 0.2 15.5 31.3 22.6 25.8 0 7.7 28.6 15.5 66 104 3.2 -2.4
"5" "5" 2014-11-05 33.49 "NYK" "@" "DET" "L" -3 1 14.5 0.333 0.333 0 13 6.8 27.8 3.8 10.3 0 9.6 106 101 4.6 8
"6" "6" 2014-11-07 33.5 "NYK" "@" "BRK" "L" -11 1 4.86666666666667 0.333 0.333 0 28.2 11.6 0 0 0 25 34.8 51 119 -1.2 -29.4
"7" "7" 2014-11-08 33.5 "NYK" "@" "ATL" "L" -7 1 24.7666666666667 0.788 0.75 9.2 18 13.7 11.3 0 9.9 18.4 10.2 142 111 9.7 7
"8" "8" 2014-11-10 33.5 "NYK" "" "ATL" "L" -6 1 16.0833333333333 NA NA 14.9 39.3 26.8 0 0 0 100 8.7 30 99 -0.5 -12.1
"9" "9" 2014-11-12 33.51 "NYK" "" "ORL" "L" -2 1 27.4 0.333 0.333 8 26.5 15.9 19.9 0 15.1 0 5.3 132 98 9.5 9.1
"10" "10" 2014-11-14 33.52 "NYK" "" "UTA" "L" -2 1 18.3166666666667 0.4 0.4 0 29.9 15 15.5 0 0 0 13.3 99 119 3.5 -2.4
"11" "11" 2014-11-16 33.52 "NYK" "" "DEN" "W" 16 1 22.1333333333333 0.5 0.5 23.4 19.3 21.2 13.4 2.3 4.5 0 16.9 132 93 10.3 4.9
"12" "12" 2014-11-18 33.53 "NYK" "@" "MIL" "L" -4 1 17.4166666666667 0.5 0.5 7.3 8.1 7.7 6.7 0 9 50 11 73 136 1.3 -9.7
"13" "13" 2014-11-19 33.53 "NYK" "@" "MIN" "L" -16 1 8.36666666666667 0.798 1 0 14.3 8.4 0 0 8.6 34.7 16 92 122 1.9 -3.3
"14" "14" 2014-11-22 33.54 "NYK" "" "PHI" "W" 8 1 23.55 0.5 0.5 19.1 18.5 18.8 0 0 4.2 25 17.5 91 92 3.4 -7.1
"15" "15" 2014-11-24 33.54 "NYK" "@" "HOU" "L" -5 1 15.3166666666667 1 1 0 7.6 4 12.2 3.6 7.8 40 15.7 98 99 5 3.6
"16" "16" 2014-11-26 33.55 "NYK" "@" "DAL" "L" -7 1 25.4666666666667 0.553 0.5 12.2 35.9 24.8 0 4.1 6.5 14.5 23.9 105 87 12.1 3.9
"17" "17" 2014-11-28 33.55 "NYK" "@" "OKC" "L" -27 1 19.1166666666667 0.431 0.4 5.5 34.2 19.5 13.2 0 8.1 0 26.9 92 106 7.8 3
"18" "18" 2014-11-30 33.56 "NYK" "" "MIA" "L" -7 1 19.55 0.167 0.167 19.3 36.8 27 0 2.9 5 0 13.5 70 88 3.3 -5.7
"19" "19" 2014-12-02 33.56 "NYK" "" "BRK" "L" -5 1 14.8833333333333 0.5 0.5 7.9 13.4 10.9 10.1 0 4.5 50 12.8 68 114 0.5 -10.5
"20" "20" 2014-12-04 33.57 "NYK" "" "CLE" "L" -3 0 18.0166666666667 0.5 0.5 12.1 51.8 30 0 5.9 0 25 19.1 81 87 4.5 -4.4
"21" "21" 2014-12-05 33.57 "NYK" "@" "CHO" "L" -1 1 21.15 0.5 0.5 13 34 24.2 7.5 0 6.5 33.3 21.6 80 109 5.3 -5.7
"22" "22" 2014-12-07 33.58 "NYK" "" "POR" "L" -4 0 17.2833333333333 0.5 0.5 0 22.7 13.7 15.7 0 9.7 33.3 17 76 107 2.4 -3.3
"23" "23" 2014-12-09 33.58 "NYK" "@" "NOP" "L" -11 0 7.58333333333333 0.333 0.333 0 52.7 26 0 0 9.7 25 26.2 49 106 0.1 -16.4
"24" "24" 2014-12-10 33.59 "NYK" "@" "SAS" "L" -14 0 14.5666666666667 0.25 0.25 17.8 38.8 27.8 0 3.8 6.1 33.3 19.7 54 110 1.5 -10.8
"25" "25" 2014-12-12 33.59 "NYK" "@" "BOS" "W" 6 0 22.15 0.773 0.667 5.4 21.1 13.4 6.1 4.7 3.4 0 8.2 172 96 9.2 5.3
"26" "26" 2014-12-14 33.6 "NYK" "" "TOR" "L" -5 0 13.2 0.532 0 0 30.1 14.2 13.8 0 14.9 34.7 10.3 88 90 2.5 2
"27" "27" 2014-12-16 33.6 "NYK" "" "DAL" "L" -20 0 5.88333333333333 NA NA 19.9 23.3 21.5 0 0 0 100 8.1 46 125 0 -16.3
"28" "28" 2014-12-18 33.61 "NYK" "@" "CHI" "L" -6 0 12.95 0.5 0.5 31.8 19.5 25.4 12.1 0 0 0 13.9 142 123 4.2 -2.3
"29" "29" 2014-12-20 33.61 "NYK" "" "PHO" "L" -9 0 26.6 0.317 0.286 26.3 22.6 24.6 0 4.1 3.4 20.2 16.4 82 105 6 -7.7
"30" "30" 2014-12-21 33.62 "NYK" "@" "TOR" "L" -10 0 13.65 1 1 10 8.8 9.4 0 3.9 0 50 6.7 101 128 2.3 -4.8
"31" "31" 2014-12-25 33.63 "NYK" "" "WAS" "L" -11 1 12.0666666666667 0.333 0.333 0 37 19.6 0 0 0 40 20.9 38 113 -1.3 -19.9
"32" "32" 2014-12-27 33.63 "NYK" "@" "SAC" "L" -6 0 18.8 0.511 0.556 18.8 7.6 13.8 0 0 15.4 0 24.1 117 121 8.7 -4.3
"33" "" 2014-12-28 33.64 "NYK" "@" "POR" "L" -22 NA NA NA NA NA NA NA NA NA NA NA NA NA NA NA NA
"34" "" 2014-12-31 33.64 "NYK" "@" "LAC" "L" -21 NA NA NA NA NA NA NA NA NA NA NA NA NA NA NA NA
"35" "" 2015-01-02 33.65 "NYK" "" "DET" "L" -16 NA NA NA NA NA NA NA NA NA NA NA NA NA NA NA NA
"36" "" 2015-01-04 33.65 "NYK" "" "MIL" "L" -13 NA NA NA NA NA NA NA NA NA NA NA NA NA NA NA NA
"37" "" 2015-01-05 33.66 "NYK" "@" "MEM" "L" -22 NA NA NA NA NA NA NA NA NA NA NA NA NA NA NA NA
