"Rk" "G" "Date" "Age" "Tm" "H/A" "Opp" "W/L" "By Amt" "GS" "MP" "TS%" "eFG%" "ORB%" "DRB%" "TRB%" "AST%" "STL%" "BLK%" "TOV%" "USG%" "ORtg" "DRtg" "GmSc" "BPM"
"1" "1" 1987-11-06 23.44 "PHO" "@" "POR" "L" -14 1 39 0.509 0.417 3.2 28.1 15.2 3.4 3.5 3.6 30.4 20 76 104 8.6 -3.2
"2" "2" 1988-01-07 23.61 "PHO" "" "DAL" "L" -14 0 34 0.68 0.7 9 16 12.4 20.1 0 1.7 14.5 18.4 124 112 16.1 6.8
"3" "3" 1988-01-09 23.62 "PHO" "@" "HOU" "L" -6 0 22 0.347 0.25 0 31.2 15.3 0 0 0 34.2 16 50 106 -0.5 -13
"4" "4" 1988-01-11 23.62 "PHO" "" "DEN" "W" 12 1 22 0.436 0.333 13.6 22.3 18.9 5.3 0 2.6 0 25.5 113 110 7.5 -8.6
"5" "5" 1988-01-13 23.63 "PHO" "" "HOU" "W" 11 1 29 0.743 0.778 11.3 25.7 18.6 4.8 3.4 0 27.1 20.9 109 101 13.4 2.5
"6" "6" 1988-01-16 23.64 "PHO" "" "LAL" "L" -11 1 32 0.576 0.538 7.9 29.3 19 4.9 0 0 17.8 23.9 100 116 10.8 -2.6
"7" "7" 1988-01-18 23.64 "PHO" "@" "NJN" "L" -4 1 25 0.667 0.667 8.2 17.5 12 0 1.9 0 35.7 22 87 119 5.6 -6.2
"8" "8" 1988-01-20 23.65 "PHO" "@" "BOS" "L" -16 1 27 0.778 0.714 0 10.5 4.8 5.2 1.8 0 23.7 18.6 118 130 10.2 -0.5
"9" "9" 1988-01-22 23.65 "PHO" "@" "CHI" "L" -10 1 37 0.576 0.538 0 7.9 3.8 15.3 0 1.5 6.7 18.5 114 125 11.6 -0.8
"10" "10" 1988-01-24 23.66 "PHO" "@" "IND" "L" -19 1 38 0.539 0.467 12.3 25.8 19.3 9 1.2 0 10.2 22.3 111 122 15.2 -3.5
"11" "11" 1988-01-27 23.67 "PHO" "" "DAL" "L" -19 1 30 0.252 0.2 11.4 14.5 13 8.6 1.6 0 5.9 23.2 67 121 2.6 -10.7
"12" "12" 1988-01-29 23.67 "PHO" "@" "POR" "L" -9 1 28 0.611 0.625 3.8 19 11.4 0 0 0 15.8 18.5 102 122 6.8 -5.9
"13" "13" 1988-01-30 23.68 "PHO" "" "SAC" "L" -6 1 33 0.556 0.556 17.7 16.6 17.2 4.8 2.8 0 5 24.5 116 120 17.6 0.3
"14" "14" 1988-02-02 23.68 "PHO" "@" "HOU" "L" -10 1 39 0.461 0.313 9 11 10 4 1.2 1.2 9.3 22.2 99 107 12.3 -1.2
"15" "15" 1988-02-04 23.69 "PHO" "" "CHI" "L" -12 1 35 0.296 0.231 13.1 25.7 18.5 4 1.5 3.4 0 19.1 90 119 7.2 -6.3
"16" "16" 1988-02-09 23.7 "PHO" "" "LAC" "W" 6 1 42 0.537 0.533 5.7 8.8 7.2 0 2.3 1.4 5.6 17.6 106 101 13.1 -2.5
"17" "17" 1988-02-10 23.71 "PHO" "@" "LAC" "L" -6 1 23 0.4 0.333 6.6 19 11.7 0 4 2.5 6.8 23 93 92 6.5 -1.4
"18" "18" 1988-02-12 23.71 "PHO" "" "IND" "L" -5 1 32 0.25 0.25 9 29.2 17.4 8.3 1.4 0 15.8 23 58 102 0.4 -12
"19" "19" 1988-02-13 23.72 "PHO" "@" "SAC" "W" 2 1 37 0.551 0.563 6.3 20.2 13.6 0 2.4 1.6 4.8 22.6 109 104 15.6 -0.4
"20" "20" 1988-02-15 23.72 "PHO" "" "BOS" "L" -1 1 36 0.3 0.3 7.4 28.8 18.3 7.4 1.4 0 16.7 15 69 109 2.8 -8.4
"21" "21" 1988-02-17 23.73 "PHO" "@" "UTA" "L" -5 1 31 0.364 0.364 9.7 21.1 15.1 7.6 1.5 0 15.4 16.6 81 106 4.6 -6.1
"22" "22" 1988-02-18 23.73 "PHO" "" "SAS" "L" -8 1 38 0.491 0.438 8.6 12.6 10.5 3.4 1.2 0 0 18.9 114 120 11.2 -5.4
"23" "23" 1988-02-20 23.73 "PHO" "" "DEN" "W" 20 1 27 0.551 0.5 17.2 13.3 15 3.9 0 0 15.5 20.8 115 115 8.3 -5.9
"24" "24" 1988-02-22 23.74 "PHO" "@" "DAL" "L" -7 1 33 0.349 0.357 3.2 27.1 14.7 7.5 1.5 0 0 21 83 116 7.1 -6.6
"25" "25" 1988-02-25 23.75 "PHO" "" "CLE" "W" 6 1 43 0.587 0.6 10.5 17.4 14 6.3 2.4 0 8.9 24.4 111 110 18.6 -1.3
"26" "26" 1988-02-27 23.75 "PHO" "" "WSB" "L" -10 1 39 0.574 0.55 3.3 23.9 13.5 7.6 3.7 0 12.1 27.2 102 111 17.6 -0.4
"27" "27" 1988-02-28 23.76 "PHO" "@" "LAL" "L" -14 1 38 0.515 0.5 9 24.4 15.6 7.7 1.3 0 14 23.1 105 117 12.5 -3.7
"28" "28" 1988-03-01 23.76 "PHO" "@" "SAS" "L" -5 1 32 0.426 0.412 13 15.6 14.4 0 0 3 9.6 25.1 98 117 8.6 -8.6
"29" "29" 1988-03-03 23.77 "PHO" "" "POR" "L" -23 1 36 0.482 0.474 6.1 2.9 4.4 0 2.6 0 19.4 28.6 78 131 7 -12.3
"30" "30" 1988-03-04 23.77 "PHO" "@" "DEN" "L" -8 1 34 0.505 0.455 4.9 11.3 8.9 19.1 1.5 1.6 25.2 21.5 92 120 8.2 -2.9
"31" "31" 1988-03-08 23.78 "PHO" "@" "ATL" "L" -30 1 31 0.455 0.444 10.1 31.7 20.6 0 0 1.7 9.2 14 103 134 7.2 -5.5
"32" "32" 1988-03-09 23.78 "PHO" "@" "WSB" "L" -4 1 27 0.607 0.556 4.6 38.9 20 0 3.5 0 9.2 16 118 108 11.5 0
"33" "33" 1988-03-11 23.79 "PHO" "@" "DET" "L" -28 1 29 0.519 0.5 11.6 27.6 17.8 0 0 0 12.2 22.6 101 118 8.6 -3.4
"34" "34" 1988-03-13 23.79 "PHO" "@" "MIL" "L" -10 1 30 0.615 0.583 15.7 8.6 12.7 0 0 0 6.4 20.8 129 123 14.7 -0.1
"35" "35" 1988-03-15 23.8 "PHO" "" "SEA" "W" 21 1 36 0.454 0.385 19.6 26 23.1 7.1 2.6 1.8 19.5 24.3 93 84 11.1 -2.6
"36" "36" 1988-03-16 23.8 "PHO" "@" "GSW" "W" 6 1 39 0.432 0.385 10 18.3 14.7 0 2.3 0 33.5 20.5 67 104 4.1 -9.6
"37" "37" 1988-03-19 23.81 "PHO" "" "LAL" "W" 7 1 40 0.64 0.588 5.2 21.3 13.2 10.6 2.5 0 0 19.9 138 95 22.4 7
"38" "38" 1988-03-21 23.82 "PHO" "" "LAC" "W" 8 1 30 0.403 0.364 7.8 24.8 17.8 0 0 3.1 12.8 22.1 81 96 6.4 -8.9
"39" "39" 1988-03-22 23.82 "PHO" "@" "UTA" "L" -7 1 34 0.25 0.25 7.7 12.3 9.8 9.5 4.1 1.7 25 19 53 97 2.4 -7.2
"40" "40" 1988-03-24 23.82 "PHO" "" "MIL" "W" 5 1 33 0.531 0.417 8.8 7.5 8.1 14.3 0 0 0 20.2 136 128 14 -1.7
"41" "41" 1988-03-26 23.83 "PHO" "" "DET" "L" -5 1 35 0.777 0.8 3.3 20.2 10.8 5.6 0 2 6.1 20.5 135 114 20.1 7.1
"42" "42" 1988-03-30 23.84 "PHO" "" "GSW" "W" 18 1 21 0.714 0.778 10.6 16.3 13.4 0 4.4 2.9 8.2 22.6 128 93 13.3 5.8
"43" "43" 1988-04-02 23.85 "PHO" "@" "SEA" "L" -44 1 18 0.2 0.2 6.3 0 3.3 8.5 0 0 16.7 12.2 55 138 -1.1 -10.9
"44" "44" 1988-04-05 23.86 "PHO" "" "UTA" "W" 5 1 33 0.504 0.5 16.2 29.9 22.1 8.7 1.4 0 10.6 23.4 108 106 13.4 -1.1
"45" "45" 1988-04-06 23.86 "PHO" "@" "DAL" "L" -26 1 38 0.438 0.438 0 23.9 10.3 4.1 1.3 0 11.1 19.2 92 125 7.4 -3.5
"46" "46" 1988-04-08 23.87 "PHO" "@" "GSW" "L" -1 1 39 0.603 0.571 8.2 24.1 16.2 10.5 1.3 3 20.2 20.7 108 111 16.9 2.3
"47" "47" 1988-04-09 23.87 "PHO" "" "SAC" "W" 3 1 35 0.571 0.571 2.9 7.3 5.3 8.8 5.5 0 12.5 18.9 98 89 12.8 1.8
"48" "48" 1988-04-11 23.87 "PHO" "" "DEN" "L" -4 1 30 0.533 0.471 19 29.4 24.6 9.9 0 0 17.6 29.3 105 114 14.9 -2.1
"49" "49" 1988-04-13 23.88 "PHO" "" "SAS" "W" 7 1 36 0.387 0.389 5 9.1 6.9 6.6 0 3.2 15.4 26.3 75 106 5.5 -10
"50" "50" 1988-04-15 23.88 "PHO" "@" "LAL" "L" -3 1 24 0.636 0.636 10.3 19.5 15 0 5.9 0 21.4 24.1 98 107 10.5 0.1
"51" "51" 1988-04-16 23.89 "PHO" "" "SEA" "W" 2 1 39 0.537 0.455 8.3 17.3 13.1 0 0 2.9 5.9 18.5 114 109 12.3 -3
"52" "52" 1988-04-19 23.9 "PHO" "" "GSW" "W" 15 1 32 0.63 0.583 11 21.4 16.3 4.2 2.8 0 6.2 20.7 128 97 17 1.2
"53" "53" 1988-04-20 23.9 "PHO" "@" "SEA" "L" -23 1 35 0.623 0.545 7.2 10.5 8.9 4.2 0 1.7 18 20.5 108 128 10.4 -2.2
"54" "54" 1988-04-22 23.9 "PHO" "" "LAL" "L" -5 1 41 0.464 0.471 11.7 24.6 18 6.1 0 0 21.4 23.2 86 118 7.1 -8.1
"55" "55" 1988-04-24 23.91 "PHO" "@" "HOU" "L" -8 1 31 0.36 0.308 3 17.2 10.3 7.8 0 1.6 6.7 18.1 82 115 5.3 -7.4
"1" "1" 1988-11-04 24.44 "PHO" "@" "POR" "L" -15 1 29 0.424 0.429 2.9 29 13.7 0 0 0 11.5 21.9 81 108 4 -5.3
"2" "2" 1988-11-05 24.44 "PHO" "@" "GSW" "L" -13 1 24 0.37 0.357 0 19.2 9.9 6.9 1.8 2.2 21.2 29.8 61 102 1.1 -9.7
"3" "3" 1988-11-09 24.45 "PHO" "" "DAL" "W" 8 1 41 0.519 0.529 9 16 12.7 0 3.5 4.1 14.1 21.4 94 97 15.5 1.7
"4" "4" 1988-11-11 24.46 "PHO" "" "GSW" "W" 38 1 29 0.675 0.545 3.9 24.7 14.9 3.8 7.7 5.6 12.4 21.3 131 79 21.5 11.6
"5" "5" 1988-11-12 24.46 "PHO" "@" "LAC" "L" -11 1 32 0.397 0.333 7.4 7 7.2 7.9 2.7 1.7 10.2 24.2 83 112 6.4 -7.1
"6" "6" 1988-11-15 24.47 "PHO" "@" "SAC" "W" 30 1 24 0.639 0.545 5.9 28 19 0 0 0 17.6 30.9 108 92 10.9 -3
"7" "7" 1988-11-16 24.47 "PHO" "" "IND" "W" 19 1 34 0.579 0.545 15.7 14.1 14.9 4.4 0 0 0 28.3 129 108 21.3 2.4
"8" "8" 1988-11-18 24.48 "PHO" "" "DET" "L" -16 1 32 0.619 0.538 4.2 30.9 17.1 0 0 1.9 19.1 26.9 105 118 13 1
"9" "9" 1988-11-19 24.48 "PHO" "@" "UTA" "L" -13 1 27 0.391 0.353 3.8 12.7 8 0 0 0 0 25.6 86 123 4.9 -9.9
"10" "10" 1988-11-23 24.49 "PHO" "" "NJN" "L" -4 1 31 0.862 0.923 4.2 7.4 5.9 5.4 0 1.9 10.3 25 148 127 23.2 7.4
"11" "11" 1988-11-25 24.5 "PHO" "" "SEA" "W" 5 1 41 0.743 0.688 20.1 19.1 19.5 10.1 0 0 13.3 23.1 143 108 25.2 9.1
"12" "12" 1988-11-26 24.5 "PHO" "@" "SAS" "L" -13 1 36 0.511 0.429 5.8 13.7 9.4 4.8 1.2 0 26.5 25.1 81 107 6.3 -7
"13" "13" 1988-11-29 24.51 "PHO" "@" "HOU" "W" 17 1 39 0.744 0.7 2.6 14.8 8.9 0 2.2 0 0 23.4 149 96 30.3 10.4
"14" "14" 1988-12-02 24.52 "PHO" "" "HOU" "W" 15 1 32 0.444 0.444 3.2 30 16.3 4.7 0 0 18.2 27 86 97 5.1 -8.8
"15" "15" 1988-12-03 24.52 "PHO" "" "LAC" "W" 8 1 43 0.706 0.545 5.2 27.1 16.5 11.3 0 1.4 15.6 18.3 131 93 19.4 3.5
"16" "16" 1988-12-06 24.53 "PHO" "" "WSB" "W" 38 1 30 0.634 0.643 10.9 8.7 9.7 0 0 0 13.2 28 114 90 16 1.7
"17" "17" 1988-12-07 24.53 "PHO" "@" "LAL" "L" -14 1 24 0.418 0.333 3.1 18.2 9.2 0 3.7 0 8.5 17.6 88 114 5.6 -5.8
"18" "18" 1988-12-09 24.53 "PHO" "" "GSW" "W" 5 1 39 0.412 0.357 2.4 8.4 5.2 3.3 0 0 0 16.2 95 107 5.9 -3.7
"19" "19" 1988-12-13 24.55 "PHO" "@" "SEA" "L" -10 1 29 0.593 0.5 4.1 14.8 10.3 5.1 0 0 13.7 20.6 111 122 10.1 -1.7
"20" "20" 1988-12-16 24.55 "PHO" "" "POR" "W" 7 1 39 0.705 0.692 9.8 21.9 15.5 0 0 0 6.4 29.9 133 114 31.2 6
"21" "21" 1988-12-17 24.56 "PHO" "@" "POR" "L" -18 1 26 0.528 0.417 4.5 17.2 11 0 0 2.1 6.6 24.3 114 116 9.4 -2.4
"22" "22" 1988-12-20 24.56 "PHO" "" "SAS" "W" 18 1 36 0.513 0.444 7.8 9.3 8.5 9.4 1.2 0 8.2 24.7 113 103 15.7 -1.4
"23" "23" 1988-12-22 24.57 "PHO" "@" "DEN" "W" 8 1 36 0.608 0.533 11.5 19.9 16 3.1 0 2.7 18.1 21.4 112 99 17.7 2.5
"24" "24" 1988-12-23 24.57 "PHO" "" "DEN" "W" 12 1 36 0.561 0.524 14.4 18.3 16.7 9.4 0 0 11.1 30.8 116 107 18 1.2
"25" "25" 1988-12-26 24.58 "PHO" "" "LAL" "W" 15 1 32 0.404 0.375 3.4 15.3 9.7 4.4 1.5 1.8 22.4 28.3 70 94 3.2 -8.8
"26" "26" 1988-12-28 24.59 "PHO" "@" "DET" "L" -6 1 32 0.442 0.417 5.3 12 8.4 0 0 0 13.9 17.6 85 109 4.4 -4.4
"27" "27" 1988-12-30 24.59 "PHO" "@" "NJN" "W" 7 1 40 0.563 0.55 5.9 16.2 11.6 0 0 1.2 8.9 22.7 103 103 13.6 -1.8
"28" "28" 1989-01-02 24.6 "PHO" "@" "WSB" "W" 3 1 41 0.676 0.6 20 22.2 21.3 0 0 0 16.2 22.4 127 110 23.3 1.9
"29" "29" 1989-01-04 24.61 "PHO" "@" "BOS" "W" 2 1 39 0.381 0.381 5.9 18.3 12.4 4.2 1.2 0 12.5 25.4 77 105 5.9 -7.1
"30" "30" 1989-01-06 24.61 "PHO" "" "DAL" "W" 9 1 33 0.547 0.545 7.5 13.9 10.8 3.9 3.1 0 4 33.3 113 116 18.1 -1.6
"31" "31" 1989-01-07 24.61 "PHO" "" "MIA" "W" 8 1 28 0.49 0.467 8 17.5 13 12.2 0 1.8 9.3 29.6 98 97 11.5 -3.5
"32" "32" 1989-01-09 24.62 "PHO" "@" "GSW" "L" -6 1 27 0.606 0.545 0 17.8 8.8 0 3.1 0 23.3 22.8 92 110 8.2 -2.1
"33" "33" 1989-01-11 24.62 "PHO" "" "CLE" "L" -3 1 40 0.515 0.524 24 21.5 22.8 10.1 1.2 0 11.8 26.3 109 121 18.9 -1.6
"34" "34" 1989-01-13 24.63 "PHO" "" "SAC" "W" 21 1 36 0.333 0.333 15.2 40.3 28.9 0 2.5 1.5 0 23.4 85 75 12.3 -1.8
"35" "35" 1989-01-16 24.64 "PHO" "@" "CLE" "L" -16 1 31 0.429 0.313 14.4 16.3 15.3 4.2 0 0 13.9 27.8 95 128 7.3 -8.3
"36" "36" 1989-01-19 24.65 "PHO" "@" "CHH" "W" 14 1 23 0.286 0.286 9.7 3.9 6.5 0 0 0 30 17.1 56 116 -1.8 -13.6
"37" "37" 1989-01-21 24.65 "PHO" "@" "CHI" "W" 9 1 23 0.6 0.6 4.6 11.9 7.8 11.4 0 0 16.7 10.9 110 108 4.2 -2
"38" "38" 1989-01-24 24.66 "PHO" "" "CHH" "W" 3 1 29 0.364 0.364 3.9 13 8.9 9.6 0 3.8 15.4 20 74 109 4.2 -7.6
"39" "39" 1989-01-27 24.67 "PHO" "" "NYK" "W" 2 1 24 0.689 0.7 6.3 14.6 11 0 0 0 15.5 20.5 115 120 8 -3.6
"40" "40" 1989-01-28 24.67 "PHO" "@" "DEN" "L" -4 1 37 0.577 0.563 19 20.3 19.5 3 1.2 1.5 5.2 18.7 138 130 18.1 1.7
"41" "41" 1989-01-30 24.68 "PHO" "" "DEN" "W" 26 1 32 0.683 0.583 0 31.9 20.3 3.9 4.2 0 21.5 23.2 110 86 16.7 3.9
"42" "42" 1989-02-01 24.68 "PHO" "" "LAL" "W" 17 1 41 0.552 0.5 5.7 29.9 18.6 0 2.4 0 0 22.6 121 95 20.2 2.8
"43" "43" 1989-02-03 24.69 "PHO" "@" "DAL" "L" -4 1 25 0.467 0.467 7.7 9.4 8.4 0 1.8 0 11.8 25.5 91 117 6.5 -6.3
"44" "44" 1989-02-04 24.69 "PHO" "" "ATL" "L" -2 1 30 0.276 0.2 12.8 24.7 18.5 4.8 1.8 0 31.5 21.9 59 115 0.2 -15.6
"45" "45" 1989-02-06 24.7 "PHO" "" "UTA" "W" 17 1 39 0.751 0.75 11.7 22.7 16.9 4.4 1.3 0 17 18.7 127 91 18.4 6.6
"46" "46" 1989-02-09 24.7 "PHO" "" "LAC" "W" 7 1 28 0.378 0.333 21.4 20.9 21.2 0 3 0 5.9 22.6 95 98 10.2 -4.5
"47" "47" 1989-02-15 24.72 "PHO" "" "SEA" "W" 23 1 25 0.45 0.375 11.3 5.9 7.8 8.3 3.6 0 18.4 17.4 98 107 7 -2.9
"48" "48" 1989-02-17 24.73 "PHO" "" "BOS" "W" 9 1 29 0.842 0.8 14.1 18.8 16.4 4.4 0 0 0 19.5 183 123 23.4 8.9
"49" "49" 1989-02-18 24.73 "PHO" "@" "SAC" "W" 19 1 36 0.593 0.5 6.5 13.8 10.8 0 0 1.4 0 14.3 136 101 13.1 1.5
"50" "50" 1989-02-20 24.73 "PHO" "@" "UTA" "L" -26 1 19 0.509 0.455 4.4 5.9 5.1 0 5 2.8 7.3 28.3 105 111 8.4 3.7
"51" "51" 1989-02-21 24.74 "PHO" "" "GSW" "W" 18 1 15 0.51 0.4 0 0 0 0 0 0 25.4 19.2 86 121 0.1 -13.8
"52" "52" 1989-02-24 24.75 "PHO" "" "PHI" "W" 25 1 30 0.49 0.429 14.5 17 15.8 0 0 0 6.1 23.1 108 99 10.5 -3.8
"53" "53" 1989-02-26 24.75 "PHO" "@" "LAL" "L" -12 1 30 0.67 0.692 4.8 28.7 17.8 0 1.4 0 13 20.6 107 120 12.3 -2.7
"54" "54" 1989-02-28 24.76 "PHO" "@" "POR" "L" -5 1 29 0.546 0.417 13.4 7.5 10.2 3.7 1.5 0 12 21.5 116 125 10.8 -1.9
"55" "55" 1989-03-02 24.76 "PHO" "" "SAC" "W" 20 1 33 0.639 0.545 0 7.5 4.2 4.4 0 0 6.6 18.9 128 99 11.7 0.1
"56" "56" 1989-03-04 24.77 "PHO" "" "LAC" "W" 42 1 35 0.517 0.5 14.3 22.9 18.8 3.4 0 0 0 25.3 135 89 18.9 2.4
"57" "57" 1989-03-06 24.77 "PHO" "@" "PHI" "W" 4 1 28 0.678 0.615 4.3 9.9 7.5 17 3.4 0 6.3 23.7 139 104 17.2 10.7
"58" "58" 1989-03-07 24.78 "PHO" "@" "NYK" "L" -5 1 27 0.571 0.571 18.2 18.2 18.2 6.6 0 0 0 21.1 125 120 13.7 2.1
"59" "59" 1989-03-10 24.78 "PHO" "@" "IND" "L" -5 1 22 0.253 0.222 20.8 26.2 22.8 0 0 0 16.8 22.3 70 134 0 -16.9
"60" "60" 1989-03-11 24.79 "PHO" "@" "MIL" "L" -7 0 22 0.625 0.625 0 33.9 17.4 0 0 0 20 19.3 93 100 6.5 0
"61" "61" 1989-03-13 24.79 "PHO" "@" "MIA" "W" 8 0 19 0.514 0.429 15.8 0 6.3 8 0 0 10.2 21.9 114 119 6 -3.8
"62" "62" 1989-03-20 24.81 "PHO" "" "MIA" "W" 18 0 11 0.347 0.25 10.9 16.8 14.2 0 0 0 14.8 24.5 74 97 0.7 -13.3
"63" "63" 1989-03-22 24.82 "PHO" "" "CHI" "L" -1 0 7 0 0 0 56 29.8 0 0 0 33.3 18.4 0 102 -1.2 -17.3
"64" "64" 1989-03-25 24.82 "PHO" "@" "LAC" "W" 20 0 12 0.167 0.167 17.8 14.8 16.2 0 3.8 0 0 19.7 63 94 0.8 -12.8
"65" "65" 1989-03-28 24.83 "PHO" "" "LAL" "W" 23 0 8 0.82 1 0 9.8 6.4 0 0 0 0 13.3 148 112 3.3 3.9
"66" "66" 1989-03-30 24.84 "PHO" "@" "SAC" "L" -12 0 5 0.852 NA 0 0 0 0 0 0 36.2 20.6 112 129 1.2 -7.1
"67" "67" 1989-04-05 24.85 "PHO" "" "UTA" "W" 10 0 32 0.49 0.5 18.3 30 24.7 4.5 1.5 3.5 16.4 15.3 105 94 10.4 2.2
"68" "68" 1989-04-06 24.86 "PHO" "@" "SEA" "W" 7 0 19 0.625 0.556 14 20.6 17.8 0 0 0 8.2 27.5 122 113 10.5 -1.1
"69" "69" 1989-04-08 24.86 "PHO" "@" "LAC" "W" 18 0 18 0.571 0.571 0 12.1 6 8.2 0 0 12.5 18.5 97 100 4.2 -4.8
"70" "70" 1989-04-12 24.87 "PHO" "@" "DAL" "W" 15 0 23 0.667 0.667 0 13 7.7 0 2 0 14.3 12.1 107 92 6.2 1.5
"71" "71" 1989-04-13 24.88 "PHO" "@" "HOU" "W" 8 0 24 0.735 0.7 17.4 16.3 16.8 0 2.1 2.2 15.5 22.2 132 112 14.3 6.1
"72" "72" 1989-04-15 24.88 "PHO" "" "SAS" "W" 46 0 17 0.436 0.333 0 22.1 13.1 5.8 5 0 22.5 19.7 77 73 4.1 -2.9
"73" "73" 1989-04-17 24.89 "PHO" "" "SAC" "W" 55 0 25 0.649 0.667 15.2 23.5 19.9 0 3.9 2.6 12 26.4 122 79 16 3.3
"74" "74" 1989-04-19 24.89 "PHO" "@" "MIA" "W" 26 1 21 0.457 0.429 4.7 33.2 19.8 0 2.2 0 0 17 103 80 6.8 0.2
"1" "1" 1989-11-03 25.44 "PHO" "" "GSW" "W" 30 1 27 0.632 0.538 11.9 18.9 15.5 9.7 0 0 5.4 24.9 138 97 17.7 4.3
"2" "2" 1989-11-04 25.44 "PHO" "@" "DEN" "L" -3 1 13 0.598 0.25 10.9 8.4 9.5 0 0 0 11.7 26 125 133 6.2 -2.9
"3" "3" 1989-11-07 25.45 "PHO" "@" "LAL" "L" -4 1 19 0.5 0.5 5.2 33.7 18.8 0 4.7 3 33.3 18.5 69 91 4 -4
"4" "4" 1989-11-10 25.45 "PHO" "" "SAC" "W" 21 1 21 0.498 0.462 0 24.9 14.1 11.9 2.1 2.5 0 30.8 111 95 12.6 2.5
"5" "5" 1989-11-15 25.47 "PHO" "" "POR" "W" 2 1 24 0.398 0.4 8.9 9.5 9.2 0 1.9 2.4 0 18.6 93 103 4.5 -4.7
"6" "6" 1989-11-17 25.47 "PHO" "@" "POR" "L" -1 1 11 0.515 0.333 0 28.5 15 13 0 0 0 14.2 119 102 3.1 0.8
"7" "7" 1989-11-18 25.48 "PHO" "" "WSB" "W" 11 1 22 0.512 0.462 22.4 17.1 19.4 0 2.2 0 16.1 35.9 99 106 10.1 -6.6
"8" "8" 1989-11-21 25.48 "PHO" "@" "SAS" "L" -9 0 15 0.394 0.375 7.3 14.5 10.9 0 0 3.6 0 25.3 86 106 3 -5.6
"9" "9" 1989-11-22 25.49 "PHO" "" "CHI" "L" -5 0 13 0.654 0.667 8.8 7.9 8.3 0 0 0 0 24.2 132 112 6.6 5.6
"10" "10" 1989-11-24 25.49 "PHO" "" "ORL" "W" 27 0 14 0.282 0.25 14.3 16.3 15.4 0 0 0 18.4 27.8 64 89 -0.7 -17.9
"11" "11" 1989-11-29 25.51 "PHO" "" "DET" "L" -8 0 15 0.563 0.5 0 0 0 9.5 0 0 18.4 16 97 122 2.3 -2.1
"12" "12" 1989-12-01 25.51 "PHO" "" "LAC" "W" 21 0 26 0.506 0.5 12.3 14.2 13.3 5.2 0 0 15.5 19.5 102 96 6.8 -2.6
"13" "13" 1989-12-02 25.52 "PHO" "" "NYK" "L" -10 0 19 0.592 0.538 28.1 13 21.1 0 2.6 0 16.5 38.3 113 123 12.6 1.4
"14" "14" 1989-12-07 25.53 "PHO" "@" "LAL" "L" -4 0 5 0.333 0.333 20.4 0 10.1 0 0 0 0 26.1 89 118 0.6 -10.7
"15" "15" 1989-12-08 25.53 "PHO" "" "MIL" "W" 25 0 3 0 0 33.3 29.6 31.4 41 0 0 0 11.8 95 91 1 6.5
"16" "16" 1989-12-12 25.54 "PHO" "@" "HOU" "L" -22 0 20 0.231 0 3.8 18.5 10.4 0 0 2.6 10.4 18.7 52 98 0.2 -7.9
"17" "17" 1989-12-14 25.55 "CHH" "@" "WSB" "L" -4 0 18 0.58 0.5 0 16 8.2 0 2.6 0 20.5 22.6 90 101 5.1 -4.1
"18" "18" 1989-12-16 25.55 "CHH" "@" "CHI" "L" -11 1 33 0.627 0.583 14.9 14.5 14.7 8.9 1.6 0 11.1 24.2 123 124 16.8 1.9
"19" "19" 1989-12-19 25.56 "CHH" "" "DAL" "W" 5 1 41 0.617 0.563 15.4 21 18.2 8.2 1.3 1.6 9.7 24.2 123 109 21.7 4
"20" "20" 1989-12-22 25.57 "CHH" "" "UTA" "L" -14 1 35 0.436 0.389 11.7 16.1 13.5 0 0 1.9 12.7 28.9 86 118 7.5 -9.6
"21" "21" 1989-12-26 25.58 "CHH" "" "SAS" "L" -25 1 26 0.429 0.429 0 15.4 6.8 8.2 0 2.3 41.7 20.2 48 112 -2 -15.5
"22" "22" 1989-12-28 25.59 "CHH" "" "CLE" "W" 2 1 30 0.535 0.5 16.7 23.8 20.2 0 5.2 2 5.3 27.7 112 87 17.3 4.8
"23" "23" 1989-12-30 25.59 "CHH" "" "HOU" "W" 19 1 44 0.716 0.667 6.6 41.7 24.4 6.8 2.2 1.5 0 17.4 148 91 26.5 7.2
"24" "24" 1990-01-04 25.61 "CHH" "@" "MIN" "L" -2 1 40 0.724 0.643 3 13 7.8 0 0 0 5.3 20.9 142 109 18.3 4.1
"25" "25" 1990-01-06 25.61 "CHH" "" "IND" "W" 6 1 41 0.561 0.524 13 16 14.3 3.1 2.3 4.2 3.9 25.7 121 108 24.7 0.8
"26" "26" 1990-01-08 25.62 "CHH" "@" "MIL" "L" -13 1 33 0.663 0.571 11 0 6.4 8.2 0 1.6 21 28.1 114 129 17.5 -1.8
"27" "27" 1990-01-09 25.62 "CHH" "" "LAC" "L" -10 1 37 0.486 0.4 9.4 15.8 12.2 9.1 0 1.5 15 29 93 109 12.4 -2.6
"28" "28" 1990-01-11 25.62 "CHH" "@" "NJN" "L" -8 1 33 0.54 0.538 6.5 17.9 12.8 4.9 1.5 0 12.6 21.1 100 108 9.5 -3.2
"29" "29" 1990-01-12 25.63 "CHH" "" "CHI" "L" -12 1 43 0.742 0.714 14 14 14 3.9 1.2 1.4 14.6 19.9 132 114 23.4 4.8
"30" "30" 1990-01-15 25.64 "CHH" "@" "PHO" "L" -10 1 49 0.559 0.529 11.3 24.3 17.8 5.5 0 2.3 18.3 19.2 101 109 16.5 -0.7
"31" "31" 1990-01-18 25.64 "CHH" "@" "DEN" "W" 2 1 36 0.735 0.727 0 25.6 14.8 4.4 0 1.5 25.1 24 103 102 14.5 -1.3
"32" "32" 1990-01-19 25.65 "CHH" "@" "UTA" "L" -23 1 30 0.549 0.5 12.8 24.6 18 6.1 1.5 0 18 29.3 96 110 12.3 -2
"33" "33" 1990-01-21 25.65 "CHH" "@" "POR" "L" -15 1 32 0.5 0.5 6.3 21 13.8 4.8 1.4 1.5 14.3 17.9 89 107 9.1 -2.6
"34" "34" 1990-01-23 25.66 "CHH" "" "ATL" "L" -5 1 41 0.576 0.526 6.6 22.9 14.2 4.3 0 3 3.8 26.2 120 107 22.4 3.9
"35" "35" 1990-01-25 25.66 "CHH" "" "PHO" "L" -27 1 34 0.494 0.467 10.7 35.3 20.6 10 0 3.5 18.9 24.6 89 114 12 -1.1
"36" "36" 1990-01-27 25.67 "CHH" "" "SAC" "L" -7 1 42 0.481 0.444 7.6 15.4 11.1 8.8 1.3 0 9.2 24.1 96 105 13.2 -2.9
"37" "37" 1990-01-31 25.68 "CHH" "@" "SAS" "L" -34 1 35 0.542 0.5 7.1 17.9 11.9 5 1.3 4.7 5.4 19.7 114 117 15.9 2.2
"38" "38" 1990-02-02 25.68 "CHH" "" "SAS" "L" -11 1 36 0.627 0.583 12.1 30.3 20.2 7.3 0 1.4 11.1 19.7 123 113 19 1.8
"39" "39" 1990-02-05 25.69 "CHH" "" "SEA" "L" -1 1 39 0.644 0.643 10.3 14.7 12.6 0 1.3 0 14.9 24 110 110 14.6 -2.8
"40" "40" 1990-02-07 25.7 "CHH" "@" "BOS" "L" -21 1 38 0.655 0.6 5.6 20.4 11.6 9.8 2.4 1.5 9.2 23 128 135 22 0.3
"41" "41" 1990-02-08 25.7 "CHH" "" "UTA" "L" -20 1 37 0.508 0.462 4.5 25.2 12.4 11.2 5.6 3.7 11.9 20.2 98 91 15.8 5.4
"42" "42" 1990-02-13 25.72 "CHH" "@" "IND" "L" -23 1 36 0.457 0.417 12.1 16.7 13.7 3.8 1.4 0 10.9 22.7 95 135 8.4 -10.1
"43" "43" 1990-02-14 25.72 "CHH" "@" "MIN" "L" -9 1 42 0.666 0.6 13.3 16.7 15 8.7 0 0 12.9 16.7 130 111 15.3 0.8
"44" "44" 1990-02-16 25.72 "CHH" "" "DEN" "W" 6 1 32 0.703 0.7 12.9 12.5 12.7 9.2 4.5 0 18.2 21.9 122 102 15.9 4.5
"45" "45" 1990-02-18 25.73 "CHH" "" "SEA" "L" -15 1 39 0.649 0.615 9 14 11.6 0 1.4 3.2 19.1 25.5 106 95 15.7 5.4
"46" "46" 1990-02-20 25.73 "CHH" "" "POR" "L" -10 1 41 0.555 0.4 2.9 15.6 9.5 3.7 2.4 0 18.2 18.4 96 108 9.4 -5.2
"47" "47" 1990-02-23 25.74 "CHH" "" "MIL" "L" -4 1 44 0.61 0.5 8.2 26.5 17 11.5 1.2 1.5 13.7 22.2 119 109 18.8 2.8
"48" "48" 1990-02-25 25.75 "CHH" "@" "CLE" "L" -16 1 39 0.774 0.733 16.3 18.7 17.4 11.5 0 1.4 24.9 25.5 116 106 24.2 7.5
"49" "49" 1990-02-27 25.75 "CHH" "@" "ORL" "L" -6 1 39 0.405 0.333 14.8 22.1 18 3.4 2.4 0 16.8 24.4 84 109 10 -8.8
"50" "50" 1990-03-01 25.76 "CHH" "" "LAC" "W" 9 1 44 0.599 0.571 8.2 20.9 14.7 6.3 1.2 1.4 10.2 20.3 118 105 16.8 -3.3
"51" "51" 1990-03-05 25.77 "CHH" "@" "GSW" "L" -21 1 28 0.405 0.167 7.8 41.4 21.1 11.9 1.6 2.2 25.8 16 85 123 5.5 -7.6
"52" "52" 1990-03-06 25.77 "CHH" "@" "DEN" "L" -26 1 21 0.5 0.5 10.2 24.3 17.4 15.2 0 0 25 15.5 90 115 2.9 -7.9
"53" "53" 1990-03-08 25.78 "CHH" "@" "SAC" "L" -9 1 26 0.194 0.111 10 10.9 10.4 10.2 0 0 32.6 26.7 44 124 -5.5 -23.9
"54" "54" 1990-03-11 25.79 "CHH" "" "DET" "L" -10 1 42 0.683 0.667 0 22.2 10.4 4 0 1.6 12 18.7 121 115 15.1 1.4
"55" "55" 1990-03-12 25.79 "CHH" "" "LAL" "L" -5 1 38 0.272 0.25 0 6.8 3.2 9.9 1.3 0 23.7 20 51 113 -0.9 -11.3
"56" "56" 1990-03-14 25.79 "CHH" "@" "SEA" "L" -3 1 40 0.723 0.7 6.2 18.5 12.3 3.8 2.5 0 20.3 15.9 117 105 14.5 3
"57" "57" 1990-03-16 25.8 "CHH" "@" "POR" "L" -15 1 33 0.288 0.231 0 22 10.5 3.9 1.4 0 12.6 19.6 58 119 0.1 -12.5
"58" "58" 1990-03-18 25.81 "CHH" "@" "LAC" "W" 11 1 39 0.564 0.5 18.5 14.7 16.5 3.6 2.5 0 4.9 23.7 127 101 19 -0.4
"59" "59" 1990-03-20 25.81 "CHH" "@" "LAL" "L" -12 1 33 0.717 0.706 6.3 12.9 9.6 5.9 0 2 5.4 22.7 137 115 20.5 9
"60" "60" 1990-03-21 25.81 "CHH" "@" "PHO" "W" 1 1 45 0.644 0.714 9.5 17.5 14 17.2 2.2 4.1 22.6 22.5 101 104 18.6 2.6
"61" "61" 1990-03-23 25.82 "CHH" "" "NYK" "W" 13 1 43 0.55 0.524 15.1 18.2 16.7 19.4 1.2 1.6 7.8 26 119 100 22.9 6.4
"62" "62" 1990-03-24 25.82 "CHH" "@" "ATL" "L" -13 1 36 0.693 0.688 8.3 19.5 14.6 0 1.4 1.7 10.4 25.1 125 128 18.1 -0.7
"63" "63" 1990-03-26 25.83 "CHH" "" "NJN" "W" 14 1 40 0.598 0.526 11.4 20.5 15.9 14.4 3.8 1.6 11.4 28.7 116 83 24.4 9.6
"64" "64" 1990-03-28 25.83 "CHH" "@" "DET" "L" -9 1 30 0.373 0.111 7.8 14.1 10.7 0 0 0 27.2 26.2 66 115 -1 -16.5
"65" "65" 1990-03-29 25.84 "CHH" "" "PHO" "L" -13 1 38 0.636 0.615 5.3 23 12.5 4.7 3.9 0 23.2 23.8 99 105 15.4 2.8
"66" "66" 1990-03-31 25.84 "CHH" "@" "SAC" "W" 12 1 39 0.729 0.667 3.2 11.9 7.1 0 6.9 0 9.7 23.4 139 108 23.1 5.5
"67" "67" 1990-04-03 25.85 "CHH" "@" "UTA" "L" -23 1 34 0.512 0.462 9.6 22.8 15.1 9 4.3 0 6 20.6 112 124 14.7 1.6
"68" "68" 1990-04-04 25.85 "CHH" "@" "DEN" "W" 4 1 29 0.459 0.4 10.8 18.4 14.6 8 0 1.9 34.9 26.3 72 106 2.5 -11.1
"69" "69" 1990-04-06 25.86 "CHH" "" "MIN" "W" 15 1 39 0.69 0.667 20.5 20.9 20.8 3.6 0 0 12.7 18.5 134 104 17.1 0.8
"70" "70" 1990-04-08 25.86 "CHH" "" "GSW" "W" 1 1 29 0.46 0.389 22.1 21.6 21.9 5.6 0 4.1 19.5 31.3 92 103 12.5 -2.3
"71" "71" 1990-04-10 25.87 "CHH" "" "HOU" "L" -3 1 29 0.676 0.625 3.8 15.4 9.5 7.9 0 0 0 12.6 145 114 10.9 1.3
"72" "72" 1990-04-12 25.87 "CHH" "@" "HOU" "L" -7 1 34 0.723 0.684 15.3 4 10.5 10.6 1.3 1.9 8.8 26.5 137 111 25.2 8.5
"73" "73" 1990-04-14 25.88 "CHH" "" "PHI" "L" -7 1 31 0.467 0.467 8.8 25.2 17.9 4.7 0 0 11.8 25.7 87 117 6.9 -8.9
"74" "74" 1990-04-18 25.89 "CHH" "@" "MIA" "W" 7 1 36 0.451 0.3 10.3 17.8 14.3 12.1 1.3 1.7 24.7 19.5 85 91 6.5 -5.5
"75" "75" 1990-04-19 25.89 "CHH" "" "DAL" "L" -9 1 34 0.547 0.462 9.8 21.4 14.9 12 3 1.8 18 28.8 103 113 14.2 -1.6
"76" "76" 1990-04-22 25.9 "CHH" "@" "DAL" "L" -11 1 34 0.656 0.667 6.9 10.6 8.7 0 0 0 0 22.9 138 132 16.2 -1.6
"1" "1" 1990-11-02 26.43 "CHH" "" "NYK" "L" -4 1 37 0.518 0.5 11.9 27.1 18.5 8.3 1.3 1.7 4.3 25.5 115 120 16.8 -0.6
"2" "2" 1990-11-03 26.44 "CHH" "@" "ORL" "W" 7 1 38 0.539 0.467 10.5 26.9 19.8 4.3 4 4.4 14.5 25.3 102 90 18.4 1.9
"3" "3" 1990-11-06 26.44 "CHH" "" "NJN" "W" 8 1 36 0.708 0.625 18 23.1 21 0 2.5 0 9.5 22.9 138 95 24.4 6.7
"4" "4" 1990-11-07 26.45 "CHH" "@" "CLE" "L" -11 1 38 0.409 0.353 3.2 24.6 13.3 4.4 2.6 1.7 14.1 24.8 79 100 8.3 -3.1
"5" "5" 1990-11-09 26.45 "CHH" "@" "MIN" "L" -29 1 28 0.253 0.222 7.5 25.7 15.9 6.7 1.9 2.1 16.8 19.2 56 110 2.7 -7.6
"6" "6" 1990-11-10 26.45 "CHH" "@" "CHI" "L" -19 1 39 0.5 0.5 3 35.2 17.8 4.5 1.3 3.2 20 17.2 80 108 9.8 -2.2
"7" "7" 1990-11-13 26.46 "CHH" "" "WSB" "W" 15 1 43 0.709 0.667 18.6 15.2 16.7 11.5 0 1.3 6.8 28.6 150 113 34.2 9.4
"8" "8" 1990-11-14 26.47 "CHH" "@" "BOS" "L" -9 1 40 0.466 0.417 13.6 12 13 0 2.3 0 13.4 29.7 94 128 12.8 -8.4
"9" "9" 1990-11-16 26.47 "CHH" "@" "ATL" "W" 10 1 44 0.517 0.476 10.9 15.2 12.9 12.4 2 1.4 7.9 21.7 113 103 20.5 1.1
"10" "10" 1990-11-17 26.47 "CHH" "" "CLE" "W" 12 1 41 0.594 0.533 10.4 12.3 11.3 10.1 3.5 1.6 5.1 20.3 127 96 21.1 5.7
"11" "11" 1990-11-28 26.5 "CHH" "" "MIL" "W" 7 1 44 0.678 0.615 18.1 14.3 16.2 3.5 0 0 25.3 19.8 112 112 14.7 -2.3
"12" "12" 1990-12-01 26.51 "CHH" "@" "NYK" "L" -17 1 41 0.575 0.462 2.5 13 6.3 7.8 3.9 1.6 10.8 21.3 109 120 15 0.6
"13" "13" 1990-12-06 26.53 "CHH" "@" "HOU" "L" -6 1 39 0.677 0.682 21.6 29.4 25.1 0 0 0 14.9 26.3 125 117 26.3 5.8
"14" "14" 1990-12-08 26.53 "CHH" "" "DEN" "L" -7 1 39 0.687 0.647 11.4 15.1 13.1 3.8 4.3 1.3 9.2 20.1 131 104 26.6 5.9
"15" "15" 1990-12-10 26.54 "CHH" "@" "NJN" "L" -6 1 42 0.495 0.438 2.7 18.2 10.6 6.7 1.1 2.7 18 21 87 113 10.2 -6.1
"16" "16" 1990-12-12 26.54 "CHH" "" "SAS" "L" -11 1 36 0.504 0.467 5.6 8.2 6.9 5.2 1.4 4.5 27.4 25.6 76 99 7.6 -3
"17" "17" 1990-12-15 26.55 "CHH" "" "HOU" "L" -3 1 34 0.546 0.286 0 14.9 7.1 0 1.5 0 16.6 15.2 102 105 6.3 -4.1
"18" "18" 1990-12-18 26.56 "CHH" "" "UTA" "L" -5 1 41 0.621 0.533 10.9 12.7 11.7 3.8 1.2 1.5 0 20.1 141 111 20.1 3.9
"19" "19" 1990-12-20 26.56 "CHH" "" "BOS" "L" -19 1 33 0.732 0.688 10.6 14.9 12.4 0 1.4 0 14.5 25.2 124 111 20.4 6.1
"20" "20" 1990-12-21 26.57 "CHH" "@" "IND" "L" -23 1 31 0.634 0.583 4.1 27.6 14.1 0 1.4 0 6.6 19.6 121 127 12.6 -1.4
"21" "21" 1990-12-26 26.58 "CHH" "@" "DET" "L" -8 1 38 0.757 0.692 17.1 7 12.1 0 0 1.7 5.3 22.6 154 116 23.3 8.4
"22" "22" 1990-12-27 26.58 "CHH" "" "POR" "L" -9 1 42 0.342 0.333 5 25.1 14.4 0 2.3 0 12 16.7 67 101 4.1 -7.2
"23" "23" 1990-12-29 26.59 "CHH" "" "ORL" "W" 9 1 38 0.468 0.429 11.8 33.2 21.8 3.9 1.2 1.7 10.5 20.9 101 96 12.8 -1.5
"24" "24" 1991-01-02 26.6 "CHH" "" "MIL" "L" -15 1 37 0.437 0.429 3.3 22.9 12.4 0 0 0 21.2 23.9 69 118 2.9 -13.4
"25" "25" 1991-01-03 26.6 "CHH" "@" "WSB" "L" -10 1 30 0.483 0.375 13.9 4.1 9.4 8.6 1.6 0 24.4 16.5 95 123 6.7 -6.5
"26" "26" 1991-01-07 26.61 "PHI" "" "SAS" "L" -9 1 41 0.444 0.438 7.8 17.6 12.4 3.8 3.7 1.7 10.6 20.7 87 102 10.5 -1.8
"27" "27" 1991-01-09 26.62 "PHI" "" "CHI" "L" -8 1 40 0.786 0.75 6.9 3.3 5.1 13.2 0 0 17 21.7 135 128 18.2 5.3
"28" "28" 1991-01-11 26.62 "PHI" "@" "MIL" "W" 15 1 43 0.559 0.462 12.4 24.1 18.3 5.8 1.1 1.5 11.6 16.6 124 107 15.8 0.2
"29" "29" 1991-01-12 26.63 "PHI" "" "NJN" "W" 10 1 40 0.62 0.526 7.7 33 22 12 1.3 1.7 7.9 29.3 128 104 24.6 4
"30" "30" 1991-01-18 26.64 "PHI" "" "GSW" "L" -3 1 44 0.486 0.476 11.2 14.7 12.9 25.8 3.1 0 7.8 23.5 112 118 20.3 0.4
"31" "31" 1991-01-19 26.65 "PHI" "" "NYK" "L" -15 1 38 0.362 0.333 6.2 20.5 13 17.8 1.4 0 4.9 25.2 88 121 8.2 -7
"32" "32" 1991-01-21 26.65 "PHI" "@" "NYK" "L" -1 1 45 0.385 0.368 8.8 14.4 11.6 0 2.5 3 0 23.3 90 121 10.9 -8.1
"33" "33" 1991-01-23 26.66 "PHI" "" "IND" "L" -1 1 34 0.649 0.667 3.9 18.1 11.3 15.3 0 0 12 21.4 121 115 13.7 0.8
"34" "34" 1991-01-25 26.66 "PHI" "" "BOS" "W" 22 1 37 0.477 0.364 6.8 12.7 9.9 6.4 0 3.1 12.8 18.6 96 98 8.7 -7
"35" "35" 1991-01-26 26.67 "PHI" "@" "CHH" "L" -4 1 32 0.41 0.25 15.4 16 15.7 0 0 2 41.8 24.9 58 87 -0.4 -13.2
"36" "36" 1991-02-01 26.68 "PHI" "" "PHO" "W" 7 1 37 0.528 0.5 9.1 18.5 14.1 9.4 0 4.8 8.8 27.7 108 97 17.7 5
"37" "37" 1991-02-03 26.69 "PHI" "@" "MIN" "L" -8 1 36 0.322 0.3 11.3 8.5 9.9 4.7 1.5 3.1 26.9 18.9 62 105 1.6 -10.8
"38" "38" 1991-02-05 26.69 "PHI" "@" "DET" "L" -9 1 40 0.573 0.529 14.1 16.7 15.6 0 0 0 5 24.5 123 128 15.3 -2
"39" "39" 1991-02-06 26.7 "PHI" "" "WSB" "W" 8 1 28 0.372 0.222 6.9 9.4 8.2 5 0 3.6 15.7 18.4 83 101 4.1 -6.6
"40" "40" 1991-02-12 26.71 "PHI" "@" "POR" "L" -15 1 27 0.5 0.5 3.6 34.7 17.8 4.8 1.7 4.6 53.8 19.3 48 110 0.2 -10.6
"41" "41" 1991-02-14 26.72 "PHI" "@" "SAC" "L" -17 1 22 0.5 0.5 0 0 0 0 0 0 14.3 13.9 84 116 1.2 -9.2
"42" "42" 1991-02-16 26.72 "PHI" "@" "GSW" "L" -9 1 28 0.512 0.375 10.1 8 8.9 16.8 0 2.2 9.3 15.9 130 137 9.3 -0.6
"43" "43" 1991-02-17 26.73 "PHI" "@" "LAC" "W" 10 1 29 0.554 0.4 13.4 16.6 15 12.6 0 0 13.7 22.5 122 114 11.6 -1.4
"44" "44" 1991-02-19 26.73 "PHI" "" "SEA" "W" 3 1 31 0.468 0.4 12.9 19.9 16 5.5 1.7 0 0 17.1 117 103 10 -1.3
"45" "45" 1991-02-22 26.74 "PHI" "@" "MIA" "W" 7 1 24 0.376 0.25 13.8 20 17.4 0 2.2 0 9.7 20.3 87 104 4.4 -8.2
"46" "46" 1991-02-23 26.74 "PHI" "@" "NJN" "W" 13 1 31 0.441 0.389 18.6 28.5 22.9 17.1 3.3 0 8.5 31.3 105 91 16 4.1
"47" "47" 1991-02-25 26.75 "PHI" "" "LAL" "W" 2 1 37 0.615 0.6 15.4 7.9 11.4 0 0 0 11.5 23.2 117 118 14.1 -0.1
"48" "48" 1991-02-27 26.75 "PHI" "" "ATL" "W" 4 1 39 0.693 0.647 16.2 17.6 17 7.8 1.3 1.6 5.1 23.1 143 108 25.8 7.9
"49" "49" 1991-03-01 26.76 "PHI" "" "POR" "W" 10 1 39 0.648 0.5 10.9 8.2 9.3 7.8 0 0 0 21.9 148 117 20.8 2.4
"50" "50" 1991-03-03 26.76 "PHI" "" "UTA" "L" -3 1 40 0.62 0.455 0 20.5 10.6 4.6 0 0 6.4 20.6 121 113 13.3 -1.8
"51" "51" 1991-03-05 26.77 "PHI" "@" "SAS" "L" -5 1 36 0.632 0.615 2.6 21.1 10.5 9.8 0 0 6.9 18.1 126 119 13.6 0.5
"52" "52" 1991-03-06 26.77 "PHI" "@" "DAL" "W" 5 1 28 0.272 0.25 8 8.2 8.1 0 0 0 0 22.5 70 111 1 -15.4
"53" "53" 1991-03-09 26.78 "PHI" "@" "HOU" "L" -17 1 25 0.25 0.25 7.5 3.3 5.2 0 4.1 0 42.9 23.2 35 106 -4.3 -18.7
"54" "54" 1991-03-12 26.79 "PHI" "@" "ATL" "W" 4 1 41 0.713 0.643 11.3 19.3 15 8 0 1.6 10.2 21.1 136 115 22.7 5.5
"55" "55" 1991-03-13 26.79 "PHI" "" "NYK" "L" -8 1 25 0.512 0.375 0 4.6 2.4 6.8 2.1 2.3 0 18.9 112 113 7.5 -1
"56" "56" 1991-03-15 26.8 "PHI" "" "MIA" "W" 2 1 30 0.583 0.583 8.6 10.6 9.7 7.5 1.8 2 25 25.8 88 106 7.9 -4.8
"57" "57" 1991-03-17 26.8 "PHI" "@" "BOS" "L" -5 1 33 0.4 0.4 0 15.7 7 0 1.6 1.9 0 20.7 84 121 6.4 -7
"58" "58" 1991-03-18 26.81 "PHI" "" "ORL" "W" 8 1 35 0.373 0.308 6.5 5 5.7 0 1.4 1.9 6.3 18.4 85 96 5 -5
"59" "59" 1991-03-20 26.81 "PHI" "" "DET" "W" 4 1 36 0.551 0.5 10.3 10 10.1 4 0 0 26.9 18.5 94 118 5.9 -6.9
"60" "60" 1991-03-22 26.82 "PHI" "" "CHI" "W" 5 1 25 0.686 0.625 10.1 9.8 10 6.1 2.1 0 16.4 23.1 120 101 11.7 6.1
"61" "61" 1991-03-23 26.82 "PHI" "@" "WSB" "L" -3 1 29 0.508 0.429 3.8 4.2 4 9.7 3.7 0 20.2 15.2 96 111 5.9 -0.6
"62" "62" 1991-03-26 26.83 "PHI" "@" "NJN" "L" -3 1 19 0.6 0.6 0 28.5 14.1 0 0 0 0 12 120 95 4 -2.8
"63" "63" 1991-03-28 26.83 "PHI" "@" "CHH" "L" -4 1 38 0.481 0.444 3 24.2 14.2 4.9 0 0 4.8 26.3 96 102 11.1 -3.1
"64" "64" 1991-03-29 26.84 "PHI" "" "CHH" "W" 17 1 27 0.593 0.5 10.5 4.1 6.9 0 1.8 2.2 13.7 22.6 118 110 10.2 -4.2
"65" "65" 1991-03-31 26.84 "PHI" "" "CLE" "W" 9 1 39 0.577 0.5 13.3 9.8 11.3 7.7 0 0 21.6 27.5 105 114 11.4 -6.9
"66" "66" 1991-04-02 26.85 "PHI" "" "MIL" "L" -17 1 28 0.564 0.5 5.7 17.1 12.2 16.5 0 3.9 23.5 20.2 99 125 9 -2
"67" "67" 1991-04-03 26.85 "PHI" "@" "IND" "W" 3 1 37 0.656 0.6 10.8 23.6 16.9 8.3 0 0 15.2 22.4 121 108 17.5 0.3
"68" "68" 1991-04-07 26.86 "PHI" "@" "CHI" "W" 3 1 47 0.64 0.563 16.1 14.7 15.3 8.7 0 2.5 17 23.3 123 112 20.6 2.5
"69" "69" 1991-04-10 26.87 "PHI" "" "NYK" "W" 16 1 31 0.533 0.455 13.7 20.2 17.4 10.2 1.7 0 26.2 27.7 91 92 8.2 -6.2
"70" "70" 1991-04-12 26.87 "PHI" "" "WSB" "L" -10 1 40 0.378 0.333 18.7 29.3 23.7 5 2.7 0 11.2 20.2 89 101 11.7 -3.3
"71" "71" 1991-04-14 26.88 "PHI" "" "MIN" "L" -8 1 39 0.474 0.438 20.5 26.2 23.5 10.1 1.4 0 15.1 23.2 99 101 14.1 -1
"72" "72" 1991-04-16 26.88 "PHI" "@" "NYK" "L" -9 1 45 0.476 0.429 9.6 7.1 8.3 3.7 1.1 1.5 6 16.5 103 105 11.1 -2.1
"73" "73" 1991-04-18 26.89 "PHI" "" "BOS" "W" 25 1 31 0.437 0.429 7.2 10.8 9 7.3 1.5 1.7 16.8 24.2 84 99 6.4 -10.5
"74" "74" 1991-04-19 26.89 "PHI" "@" "MIA" "L" -14 1 24 0.571 0.571 0 7.5 4.5 6.3 0 1.9 36.4 20.1 71 119 2.3 -9.6
"75" "75" 1991-04-21 26.9 "PHI" "@" "CLE" "L" -13 1 25 0.764 0.75 14.2 14 14.1 0 1.8 0 13.9 22.1 129 116 15.3 1.7
"1" "1" 1991-11-01 27.43 "PHI" "@" "CHI" "L" -20 1 27 0.735 0.75 8.3 9.1 8.7 6.3 1.8 2.1 16.4 19.6 121 111 13.4 5.3
"2" "2" 1991-11-02 27.43 "PHI" "" "ORL" "L" -7 1 31 0.67 0.556 15.5 20 17.4 4.2 0 2.1 26.3 19.8 115 129 11.3 -2.4
"3" "3" 1991-11-05 27.44 "PHI" "@" "WSB" "W" 1 1 36 0.751 0.7 9.8 16.7 13.2 0 0 0 0 12.8 167 110 14.4 3.2
"4" "4" 1991-11-06 27.44 "PHI" "" "NJN" "W" 2 1 39 0.661 0.571 11.2 9.5 10.3 0 1.3 3.5 15.3 22.1 123 110 16.6 -0.3
"5" "5" 1991-11-08 27.45 "PHI" "" "GSW" "W" 10 1 39 0.764 0.765 8.8 28.1 17.6 0 1.2 1.7 17.9 21.5 123 110 21.9 3.5
"6" "6" 1991-11-11 27.46 "PHI" "" "MIL" "W" 3 1 28 0.554 0.4 0 16.3 8.5 11.4 0 0 7.3 22.5 121 112 9.4 -2.4
"7" "7" 1991-11-15 27.47 "PHI" "@" "BOS" "L" -25 1 24 0.333 0.333 4.3 24.4 13.6 0 0 0 33.3 15.3 51 124 -0.2 -13.9
"8" "8" 1991-11-16 27.47 "PHI" "@" "DET" "W" 3 1 34 0.592 0.4 3.2 19.3 11.2 10.7 0 0 6.9 20.1 126 100 12.3 1.3
"9" "9" 1991-11-20 27.48 "PHI" "" "MIA" "W" 7 1 38 0.674 0.714 7.7 19.9 14.2 14.2 0 1.7 17.2 14.1 125 114 12.8 -0.3
"10" "10" 1991-11-22 27.49 "PHI" "" "ATL" "L" -7 1 27 0.468 0.4 6.6 22.2 13.2 0 7.2 0 14.5 20.4 90 91 7.7 -3
"11" "11" 1991-11-23 27.49 "PHI" "@" "NYK" "L" -8 1 32 0.4 0.333 9.2 27.6 17.2 0 1.5 0 6.8 20.2 86 104 7.6 -5.8
"12" "12" 1991-11-26 27.5 "PHI" "" "CLE" "L" -4 1 38 0.479 0.438 9.2 22.3 16.5 9 2.6 0 5.3 21.2 109 97 14.2 3
"13" "13" 1991-11-27 27.5 "PHI" "@" "CLE" "L" -10 1 35 0.676 0.667 13.7 24.9 19 28.3 0 0 18.4 20.2 123 117 19.1 6
"14" "14" 1991-11-29 27.51 "PHI" "@" "MIA" "L" -3 1 37 0.585 0.5 11.8 9.1 10.4 0 0 0 5.5 22.8 124 113 14.5 0.3
"15" "15" 1991-11-30 27.51 "PHI" "" "LAL" "L" -2 1 42 0.591 0.563 17.6 22.1 19.6 8.6 2.9 0 18.4 25.6 109 113 17.6 -0.3
"16" "16" 1991-12-03 27.52 "PHI" "@" "NJN" "L" -2 1 36 0.515 0.4 11.3 13.1 12.2 5.8 0 2.9 13.4 27.2 101 97 14.5 -0.2
"17" "17" 1991-12-06 27.53 "PHI" "" "POR" "W" 3 1 44 0.592 0.467 5.2 27.3 17 8.7 2.3 2.9 22.8 26.2 97 90 17.7 0.9
"18" "18" 1991-12-07 27.53 "PHI" "" "CHI" "W" 3 1 37 0.623 0.556 4.1 20 13.9 0 1.4 1.5 11.4 34.6 112 104 20.2 1.3
"19" "19" 1991-12-11 27.54 "PHI" "" "DEN" "L" -10 1 36 0.554 0.526 8.2 28.6 17.6 0 0 3.2 16.2 28.9 101 104 15.1 2.4
"20" "20" 1991-12-13 27.55 "PHI" "@" "MIN" "W" 9 1 31 0.366 0.313 14.1 10.3 11.9 5.7 0 0 10.1 25.2 90 101 4.9 -9
"21" "21" 1991-12-14 27.55 "PHI" "" "SEA" "W" 9 1 35 0.554 0.4 15.2 33.4 24.9 9.3 0 0 0 16.3 142 108 15.8 3
"22" "22" 1991-12-18 27.56 "PHI" "" "UTA" "L" -2 1 33 0.421 0.364 19.7 11.2 15.3 11.7 3.2 0 20.2 19.9 97 117 8.2 -4
"23" "23" 1991-12-20 27.56 "PHI" "" "MIA" "W" 28 1 40 0.818 0.8 8.4 14 11.2 10.4 0 3.1 5 21.2 162 103 30.2 10.3
"24" "24" 1991-12-21 27.57 "PHI" "@" "MIL" "L" -13 1 27 0.571 0.429 13.3 8.7 11 6 0 2.1 17.2 19.7 116 131 8.2 -4.1
"25" "25" 1991-12-23 27.57 "PHI" "" "CHH" "L" -8 1 40 0.432 0.385 5.5 18.9 11.7 3.2 0 6.5 6.7 16 102 118 9 -3.1
"26" "26" 1991-12-26 27.58 "PHI" "@" "IND" "W" 3 1 32 0.437 0.429 11.5 4.3 8.1 4.3 0 0 0 20 105 125 7.5 -8.5
"27" "27" 1991-12-28 27.59 "PHI" "@" "LAC" "L" -7 1 28 0.3 0.3 15.2 24.5 20.1 5.7 0 3.9 23.1 20.9 69 109 2.2 -9.9
"28" "28" 1991-12-30 27.59 "PHI" "@" "DEN" "L" -16 1 29 0.253 0.222 6.9 17.2 12.1 9.8 0 0 0 15.1 75 117 3 -8.5
"29" "29" 1992-01-02 27.6 "PHI" "@" "SAC" "L" -4 1 40 0.671 0.625 2.7 17.1 9.7 0 0 0 17.5 17.1 115 115 12.1 -2
"30" "30" 1992-01-04 27.61 "PHI" "@" "SEA" "W" 19 1 31 0.735 0.7 10 17.2 13.9 10.6 1.7 0 15.5 19.5 134 104 14.4 6.3
"31" "31" 1992-01-05 27.61 "PHI" "@" "POR" "L" -13 1 36 0.554 0.5 8.1 30.8 20.4 8.2 1.3 1.9 13.7 17.8 108 113 12.6 -0.6
"32" "32" 1992-01-08 27.62 "PHI" "" "HOU" "W" 10 1 31 0.638 0.6 3.6 15.9 9.4 4.1 1.6 0 7.8 17.1 127 109 11.8 0.2
"33" "33" 1992-01-10 27.62 "PHI" "" "LAC" "W" 12 1 33 0.62 0.571 8.8 14.8 12.4 5.5 0 1.8 16.4 26.2 106 97 11.7 -1.6
"34" "34" 1992-01-11 27.62 "PHI" "@" "CLE" "L" -6 1 33 0.693 0.667 7.3 19.4 13.7 15.9 1.6 0 0 22.9 149 118 21.8 11.5
"35" "35" 1992-01-14 27.63 "PHI" "@" "CHI" "L" -23 1 29 0.463 0.455 9.4 26.1 16.4 8 1.7 0 0 17.4 105 107 10.1 2.8
"36" "36" 1992-01-17 27.64 "PHI" "@" "BOS" "L" -3 1 27 0.654 0.545 3.8 19.2 10.6 15.2 1.9 2.1 25.6 30.4 104 107 13.3 3.3
"37" "37" 1992-01-18 27.64 "PHI" "@" "WSB" "W" 4 1 25 0.51 0.4 16 19.7 17.9 11.5 0 2.5 25.4 28.6 94 113 8 -3.8
"38" "38" 1992-01-20 27.65 "PHI" "" "WSB" "W" 8 1 34 0.482 0.474 13.7 30.3 23.2 0 0 1.7 12.6 32.6 89 96 10.8 -6.7
"39" "39" 1992-01-22 27.65 "PHI" "" "NYK" "W" 10 1 32 0.716 0.667 11.5 23.7 17.5 15 0 0 5.6 24.3 148 115 21.7 7.1
"40" "40" 1992-01-24 27.66 "PHI" "" "MIN" "W" 33 1 36 0.61 0.538 22.7 22.2 22.4 10.1 1.3 1.5 0 16.1 156 85 23 8
"41" "41" 1992-01-25 27.66 "PHI" "" "NJN" "W" 21 1 26 0.554 0.467 14.2 6.5 9.6 11.2 4 0 13.7 36.6 114 103 14.8 0
"42" "42" 1992-01-28 27.67 "PHI" "@" "ATL" "L" -1 1 37 0.7 0.643 10.6 15.8 13 3.7 0 3.2 0 22.3 152 117 25.2 7.2
"43" "43" 1992-01-29 27.67 "PHI" "" "IND" "L" -25 1 32 0.513 0.364 11.3 8.8 10.3 6 0 0 12.8 20.5 107 129 9.2 -4.7
"44" "44" 1992-01-31 27.68 "PHI" "" "ORL" "W" 24 1 26 0.615 0.5 6.6 0 2.3 0 0 4.1 9.3 19.4 117 98 7.9 -3.3
"45" "45" 1992-02-01 27.68 "PHI" "" "BOS" "W" 16 1 38 0.666 0.563 15.4 28.1 21.3 24 1.3 1.5 4.9 22.5 155 114 29.2 11.3
"46" "46" 1992-02-05 27.69 "PHI" "" "CLE" "L" -2 1 39 0.571 0.571 2.8 11.1 7 4.2 0 3.2 6.3 18.7 118 117 12.6 -0.2
"47" "47" 1992-02-11 27.71 "PHI" "@" "MIA" "W" 12 1 34 0.666 0.636 13.2 19.4 17 0 0 3.4 7.3 18 135 107 14.7 1.1
"48" "48" 1992-02-12 27.71 "PHI" "" "NJN" "L" -15 1 40 0.465 0.444 8.4 12 10.1 0 1.3 0 4.4 25.1 97 112 11.9 -2.9
"49" "49" 1992-02-14 27.72 "PHI" "@" "NJN" "L" -8 1 30 0.727 0.727 3.6 13.3 8.7 11 0 2 15.4 19.1 125 114 12.3 2.4
"50" "50" 1992-02-16 27.72 "PHI" "" "DET" "L" -7 1 31 0.509 0.5 7.2 15.5 11.2 6.5 0 8.5 12.7 24.5 99 108 10.9 4.7
"51" "51" 1992-02-18 27.73 "PHI" "@" "DAL" "W" 4 1 28 0.4 0.4 0 6 3.5 5.1 0 0 0 8.4 96 110 1.4 -7.6
"52" "52" 1992-02-20 27.73 "PHI" "@" "HOU" "L" -9 1 33 0.677 0.583 12.1 0 6.2 0 0 0 5.3 26.9 146 135 16.7 -2.8
"53" "53" 1992-02-21 27.74 "PHI" "@" "SAS" "L" -10 1 37 0.313 0.313 8.8 22.2 14.8 4 3 3.5 11.1 23 73 109 5.6 -5.6
"54" "54" 1992-02-24 27.75 "PHI" "" "SAC" "W" 12 1 35 0.738 0.706 7.8 21.3 15.4 0 1.5 7 9.2 29 134 97 26 9
"55" "55" 1992-02-26 27.75 "PHI" "@" "ORL" "L" -6 1 38 0.524 0.462 11 11.5 11.2 8.9 1.4 1.7 12.3 18.9 105 104 11.8 -0.6
"56" "56" 1992-02-27 27.75 "PHI" "@" "CHH" "L" -52 1 31 0.521 0.333 0 15.1 7.1 5.4 3 1.8 10.4 12.9 104 126 8.4 -1
"57" "57" 1992-02-29 27.76 "PHI" "@" "WSB" "W" 9 1 32 0.497 0.4 14.3 19.1 16.9 5 0 0 7.1 19.9 118 107 10.7 -2.4
"58" "58" 1992-03-04 27.77 "PHI" "" "ATL" "W" 5 1 32 0.505 0.455 10 18.3 14 4.5 0 4.3 14.4 18.2 105 109 9.6 -2.3
"59" "59" 1992-03-06 27.78 "PHI" "" "DAL" "W" 2 1 35 0.495 0.444 17.9 17.6 17.7 0 0 2.1 9 28.8 109 102 13.8 0.8
"60" "60" 1992-03-08 27.78 "PHI" "" "CHI" "L" -4 1 39 0.582 0.533 7.5 15.8 12 9.1 2.9 2 10.9 23.4 112 116 15.1 1.7
"61" "61" 1992-03-09 27.78 "PHI" "" "NYK" "L" -12 1 37 0.507 0.467 9.3 8.6 9 4.2 0 1.9 15.2 24.9 95 122 8.8 -4.8
"62" "62" 1992-03-11 27.79 "PHI" "" "IND" "W" 18 1 39 0.677 0.583 10.3 31.5 21.8 3.4 1.3 1.7 11.4 20.3 133 95 19.6 4.1
"63" "63" 1992-03-13 27.79 "PHI" "" "PHO" "L" -4 1 39 0.526 0.438 19.6 21.7 20.5 15.2 1.4 1.8 13.1 25.3 119 122 19.2 4.1
"64" "64" 1992-03-14 27.8 "PHI" "@" "MIL" "L" -5 1 32 0.704 0.6 3.9 17.9 11.3 8.2 0 0 10.5 12.9 149 129 10.7 1
"65" "65" 1992-03-18 27.81 "PHI" "@" "DET" "L" -6 1 36 0.4 0.333 9.5 3 6.2 4.8 1.5 3.1 6.8 18.9 91 107 7.5 -2.1
"66" "66" 1992-03-19 27.81 "PHI" "" "CHH" "L" -7 1 45 0.597 0.5 6.2 28 17.7 8.8 1.1 4 16.6 18.7 111 115 16.6 0
"67" "67" 1992-03-22 27.82 "PHI" "@" "IND" "L" -8 1 37 0.446 0.286 3.2 5.5 4.4 8 0 0 16.6 15.2 92 125 3.6 -7.4
"68" "68" 1992-03-23 27.82 "PHI" "" "SAS" "W" 13 1 37 0.503 0.474 21.6 16.2 18.7 8 0 3.3 4.8 25.4 126 106 18.4 2.2
"69" "69" 1992-03-25 27.83 "PHI" "@" "UTA" "L" -6 1 37 0.548 0.417 8.3 24.5 15.4 0 1.4 0 20.5 22.5 97 107 10.6 -0.7
"70" "70" 1992-03-27 27.83 "PHI" "@" "PHO" "L" -4 1 35 0.559 0.444 11.1 7.8 9.5 14.2 0 1.7 7.6 33.7 119 128 19.1 0.5
"71" "71" 1992-03-29 27.84 "PHI" "@" "LAL" "L" -29 1 32 0.448 0.273 10.9 18.2 13.6 5.3 1.6 1.7 6.4 21 103 123 10.3 -3.9
"72" "72" 1992-03-30 27.84 "PHI" "@" "GSW" "L" -18 1 27 0.509 0.5 4 13 8.4 5 1.8 2.1 42.1 18.4 64 124 1.8 -10.4
"73" "73" 1992-04-01 27.85 "PHI" "" "MIA" "W" 17 1 31 0.618 0.583 17.6 24.3 21.2 9.3 1.7 3.7 22.5 24.8 109 94 15.9 1
"74" "74" 1992-04-04 27.85 "PHI" "@" "ATL" "W" 5 1 39 0.862 0.818 0 5.7 3.5 11.2 0 1.4 23.9 20.9 130 133 15.7 -2
"75" "75" 1992-04-08 27.87 "PHI" "" "DET" "L" -18 1 41 0.563 0.5 10.9 22.1 16.1 9.6 0 3.3 31.1 15.9 90 110 8.9 -2.2
"76" "76" 1992-04-10 27.87 "PHI" "@" "NYK" "L" -16 1 35 0.545 0.538 14 16.6 15.1 23.4 0 1.6 19.5 25.4 103 129 13.1 -0.2
"77" "77" 1992-04-12 27.88 "PHI" "" "MIL" "L" -4 1 45 0.388 0.333 17.8 26.7 21.9 7 2.5 3 13.4 24 90 104 13.8 -4
"78" "78" 1992-04-14 27.88 "PHI" "" "BOS" "L" -5 1 30 0.528 0.455 0 10.9 5.4 0 0 3.9 14 23.1 91 116 7.2 -4.3
"79" "79" 1992-04-15 27.88 "PHI" "@" "ORL" "L" -3 1 35 0.84 0.857 7 24 15.6 11.7 2.9 3.4 11.8 20.6 145 102 24.3 11.5
"80" "80" 1992-04-17 27.89 "PHI" "@" "CHH" "W" 10 1 41 0.687 0.588 12.5 11.7 12.1 3.9 2.3 2.3 4.4 22 150 109 29.4 7.2
"81" "81" 1992-04-18 27.89 "PHI" "" "WSB" "W" 7 1 26 0.824 0.7 5.1 26.9 18.3 0 1.8 7.5 6.7 23.3 163 91 23.9 13
"1" "1" 1992-11-06 28.44 "PHI" "" "NJN" "L" -3 1 33 0.54 0.538 7.7 25.9 17.5 0 0 1.6 12.6 20.1 96 106 9.6 -5.8
"2" "2" 1992-11-07 28.45 "PHI" "@" "NYK" "L" -4 1 26 0.473 0.444 3.8 8.2 6 16.3 0 0 25.6 26.4 75 97 2.6 -5.3
"3" "3" 1992-11-11 28.46 "PHI" "@" "IND" "L" -6 1 30 0.491 0.471 5.6 20 10.8 23.4 1.5 2.3 14.1 26.8 100 114 12.9 1.4
"4" "4" 1992-11-13 28.46 "PHI" "@" "BOS" "W" 11 1 24 0.729 0.667 11.4 15.8 13.7 32.3 0 5 11.7 32.2 141 120 19.6 8.9
"5" "5" 1992-11-18 28.48 "PHI" "" "ORL" "L" -10 1 44 0.624 0.579 2.5 25.8 13.3 18.2 1 1.3 0 20.7 130 114 25.5 4.4
"6" "6" 1992-11-20 28.48 "PHI" "" "MIA" "W" 1 1 48 0.311 0.25 12.2 11.7 11.9 3 3.2 1.3 13.4 25.4 75 102 5.4 -10.8
"7" "7" 1992-11-21 28.48 "PHI" "@" "NJN" "W" 9 1 35 0.425 0.333 5.1 34.9 20.1 0 1.4 1.6 14.5 23.8 86 86 9.6 -4.2
"8" "8" 1992-11-24 28.49 "PHI" "@" "CHH" "L" -8 1 34 0.414 0.35 2.9 31 15.9 14.4 0 1.6 8.4 27.5 89 116 11.3 -5.2
"9" "9" 1992-11-25 28.5 "PHI" "" "ATL" "L" -6 0 7 0.333 0.333 0 26.9 14.9 40.2 0 7.6 25 24.9 71 108 1.2 -5
"10" "10" 1992-11-28 28.5 "PHI" "" "BOS" "L" -8 0 30 0.78 0.765 8.9 19.5 14.5 52.8 1.7 0 8.9 33.7 148 118 30.1 19.2
"11" "11" 1992-12-02 28.52 "PHI" "" "SAS" "L" -16 0 22 0.461 0.375 9.3 34.7 21.6 16.5 0 0 23.5 25.2 80 94 5.7 -2.4
"12" "12" 1992-12-04 28.52 "PHI" "" "DET" "L" -2 0 24 0.811 0.667 4.5 21.4 14 21.4 0 4.6 20.4 26.2 138 101 18.6 16.1
"13" "13" 1992-12-05 28.52 "PHI" "@" "DET" "L" -24 1 33 0.571 0.571 11.6 20.4 16 17.9 4.3 0 16.8 22.1 102 104 16.6 4.9
"14" "14" 1992-12-11 28.54 "PHI" "" "LAC" "L" -15 0 3 1 1 0 0 0 0 0 0 0 13.4 200 129 1.3 -0.4
"15" "15" 1992-12-12 28.54 "PHI" "@" "ATL" "W" 7 0 6 1.064 1 0 17 8.1 0 0 0 51.5 26.4 88 100 1.2 -9.7
"16" "16" 1992-12-15 28.55 "PHI" "@" "ORL" "L" -12 0 13 0.477 0.25 26.9 10 20.1 12.5 0 0 8 37.3 113 120 7.8 0.3
"17" "17" 1992-12-16 28.55 "PHI" "" "CLE" "L" -18 0 8 0.25 0.25 13 15.8 14.3 0 0 0 33.3 29.5 43 118 -1.8 -22.5
"18" "18" 1992-12-18 28.56 "PHI" "" "UTA" "L" -14 0 26 0.325 0.222 0 20 8.6 0 3.8 0 15.7 19.8 65 110 1.5 -10.4
"19" "19" 1992-12-19 28.56 "PHI" "@" "CHI" "W" 2 0 18 0.505 0.455 0 23.7 13 0 2.8 0 14.4 36.6 83 97 6.5 -4.9
"20" "20" 1992-12-21 28.57 "PHI" "" "IND" "W" 12 0 28 0.605 0.538 14.3 14.3 14.3 5.5 1.7 0 10.8 26.6 122 103 15.8 2.4
"21" "21" 1992-12-26 28.58 "PHI" "@" "POR" "L" -6 0 8 0.41 0.5 12 0 6.3 16.4 0 6.8 29.1 17.9 78 115 1.3 -5.7
"22" "22" 1992-12-27 28.58 "PHI" "@" "LAC" "W" 4 0 6 0.6 0.6 0 16 9.4 0 0 9.8 16.7 42.3 98 108 3.3 -0.9
"23" "23" 1992-12-30 28.59 "PHI" "@" "UTA" "L" -9 0 13 0.515 0.333 16.1 15.4 15.7 0 3.6 0 20.5 29.9 97 111 5.2 -6.4
"24" "24" 1993-01-02 28.6 "PHI" "@" "SAC" "L" -56 0 19 0.716 0.5 0 16.8 9.1 0 2.2 2.8 35.5 27.8 91 131 7.2 -5.6
"25" "25" 1993-01-06 28.61 "PHI" "" "NJN" "W" 26 1 33 0.644 0.611 10.4 17.5 14.2 3.9 2.9 6.2 12.9 28.5 121 98 23.4 5.2
"26" "26" 1993-01-08 28.62 "PHI" "@" "WSB" "W" 2 1 32 0.64 0.588 7 30 18.8 18.8 0 0 13.8 26.8 122 113 18.4 2.4
"27" "27" 1993-01-09 28.62 "PHI" "" "CHI" "W" 13 1 28 0.509 0.412 0 30.6 18.4 13.7 1.7 2 16.9 37.3 89 86 12.2 -2.5
"28" "28" 1993-01-12 28.63 "PHI" "@" "IND" "L" -19 1 32 0.571 0.5 12 24.3 17.2 19.1 0 1.8 23.1 27.5 97 114 12.8 -0.7
"29" "29" 1993-01-13 28.63 "PHI" "" "GSW" "W" 7 1 24 0.599 0.5 9.3 11.5 10.5 5.4 1.8 2.2 29.7 32.2 90 111 8.5 -10.2
"30" "30" 1993-01-15 28.64 "PHI" "@" "NJN" "L" -5 1 12 0.25 0.25 0 7.1 4.1 0 0 0 42.9 24.2 29 103 -3.1 -19.7
"31" "31" 1993-01-16 28.64 "PHI" "" "DET" "W" 15 1 22 0.483 0.375 21.8 14.8 17.6 17.3 0 2.1 0 36.1 129 116 16 0.2
"32" "32" 1993-01-18 28.64 "PHI" "" "ORL" "W" 6 1 20 0.633 0.5 6.5 10.4 8.6 8.1 0 0 24 35.5 102 113 8.2 -6.1
"33" "33" 1993-01-20 28.65 "PHI" "@" "MIA" "W" 3 1 12 0.63 0.333 10 8.7 9.3 13.6 4.3 0 29.6 25.7 106 107 4.6 -2.5
"34" "34" 1993-01-22 28.65 "PHI" "" "NYK" "L" -18 1 26 0.465 0.333 8.8 13 11.2 22.6 0 3.9 8.5 19.2 111 111 9.6 1.9
"35" "35" 1993-01-23 28.66 "PHI" "@" "MIL" "W" 9 1 16 0.556 0.556 8.6 19.6 14.8 13 3.1 0 25 32 85 103 5.6 -6.4
"36" "36" 1993-01-26 28.67 "PHI" "@" "NYK" "L" -8 1 17 0.311 0.143 0 30 14.9 11.2 0 0 0 24.1 74 97 2.9 -6.7
"37" "37" 1993-01-27 28.67 "PHI" "" "IND" "L" -2 1 12 0.521 0.5 26.8 0 10.4 25.4 0 0 10.4 37.5 112 133 6.2 -5.2
"38" "38" 1993-01-29 28.67 "PHI" "" "WSB" "W" 6 1 24 0.467 0.375 10.3 25.9 17.9 26.1 2.1 2.4 9.9 34.8 100 83 13.4 6.2
"39" "39" 1993-01-30 28.68 "PHI" "@" "ATL" "L" -26 1 14 0.455 0.444 7.6 18.5 12.5 9.7 0 0 9.2 31.1 92 141 4.9 -10.6
"40" "40" 1993-02-03 28.69 "PHI" "" "CHH" "L" -11 1 30 0.648 0.6 6.8 16.8 11.3 19 0 1.9 9.7 28 131 134 19.2 3.4
"41" "41" 1993-02-05 28.69 "PHI" "@" "BOS" "L" -12 0 25 0.416 0.308 4.4 35.4 18.7 0 0 0 6 28.1 88 108 6.5 -7.4
"42" "42" 1993-02-08 28.7 "PHI" "" "NYK" "L" -5 0 24 0.599 0.5 9.4 18.4 13.3 0 0 0 0 25.5 132 118 11.7 -0.6
"43" "43" 1993-02-10 28.71 "PHI" "" "HOU" "L" -8 0 16 0.405 0.333 9.5 23.7 14.9 12 0 3.7 9.2 26.6 94 101 5.2 -0.1
"44" "44" 1993-02-12 28.71 "PHI" "@" "DEN" "L" -4 0 25 0.765 0.7 4.4 24.9 15.7 0 0 1.9 18.7 24.1 123 111 14.7 2.2
"45" "45" 1993-02-13 28.72 "PHI" "@" "DAL" "W" 23 0 24 0.581 0.583 13.3 12.2 12.8 6.1 1.9 0 22.5 27.9 97 95 9.9 -5.5
"46" "46" 1993-02-16 28.72 "PHI" "@" "HOU" "L" -38 0 28 0.691 0.692 10.3 6.9 9.1 0 0 2.1 16.5 25.2 113 141 14.4 -2.6
"47" "47" 1993-02-18 28.73 "PHI" "@" "SAS" "L" -5 0 17 0.436 0.333 6.7 23.5 15.7 8.5 0 0 12.7 21.7 90 112 4.2 -6.4
"48" "48" 1993-02-23 28.74 "PHI" "@" "DET" "L" -12 0 23 0.68 0.6 4.2 12.8 8.4 0 0 0 25.4 14.9 103 111 4.9 -5.7
"49" "49" 1993-02-24 28.75 "PHI" "" "ATL" "L" -25 0 16 0.683 0.5 6.8 23.1 14.5 0 0 4.1 17.4 30.6 120 132 9.9 -0.5
"50" "50" 1993-02-26 28.75 "PHI" "" "MIL" "W" 3 0 6 1 1 0 0 0 25 0 0 66.7 22 71 124 0.4 -7.9
"51" "51" 1993-03-01 28.76 "PHI" "@" "GSW" "L" -13 1 18 0.588 0.5 13.7 30.8 23.4 7.1 0 2.7 22.7 30.9 100 118 8.4 -7.1
"52" "52" 1993-03-03 28.76 "PHI" "@" "PHO" "L" -10 0 13 0.68 0.6 15.7 36.9 26.6 23.9 0 0 25.4 25.2 118 115 7.2 1
"53" "53" 1993-03-05 28.77 "PHI" "@" "LAL" "L" -4 0 9 0.615 0.5 0 18.4 9.9 41.7 10.7 0 17 26.6 114 71 7 22.4
"54" "54" 1993-03-06 28.77 "PHI" "@" "SEA" "L" -56 0 23 0.403 0.273 7.9 28.2 16.2 14 0 0 18 28 83 140 4.6 -8.7
"55" "55" 1993-03-08 28.78 "PHI" "@" "MIN" "W" 9 0 19 0.553 0.5 6.6 5.6 6.1 0 2.8 3.6 0 29.5 118 96 9.5 1
"56" "56" 1993-03-10 28.78 "PHI" "" "BOS" "L" -4 0 29 0.457 0.333 10.1 27.6 17.5 5.6 1.8 0 5.7 26.3 105 110 10.8 -2.8
"57" "57" 1993-03-12 28.79 "PHI" "" "LAL" "L" -6 0 23 0.761 0.714 5.5 31.8 19.9 8.2 4.6 3 11.3 17.8 141 99 13.5 11.4
"58" "58" 1993-03-16 28.8 "PHI" "@" "CLE" "L" -12 0 29 0.567 0.467 12.1 23 17.2 5.6 0 2.3 17.8 35.7 102 118 12.7 -4.1
"59" "59" 1993-03-17 28.8 "PHI" "" "WSB" "L" -5 0 34 0.756 0.667 12.3 19.1 15.3 7.1 1.6 3.7 9.7 27.6 143 105 26.1 12.5
"60" "60" 1993-03-19 28.81 "PHI" "" "DAL" "L" -2 0 14 0.5 0.5 0 14.9 8.7 0 0 0 55.6 30.5 39 102 -2.4 -23.5
"61" "61" 1993-03-20 28.81 "PHI" "@" "MIL" "L" -26 0 14 0.667 0.667 0 15.9 8.6 0 0 0 50 20.7 51 127 0.3 -14.8
"62" "62" 1993-03-23 28.82 "PHI" "" "DEN" "W" 8 0 27 0.477 0.4 10.3 24.9 17.4 0 1.9 2.4 5.6 28.3 102 82 11.6 0.1
"63" "63" 1993-03-24 28.82 "PHI" "" "CHI" "L" -13 0 27 0.716 0.6 19.2 29.6 24.4 14.6 0 6.4 17.7 30.3 131 121 19.7 9.7
"64" "64" 1993-03-26 28.83 "PHI" "" "CLE" "L" -19 0 22 0.551 0.5 7.3 24.7 15.4 9.1 0 2.5 15.5 24.3 99 104 9.6 3.4
"65" "65" 1993-03-28 28.83 "PHI" "" "PHO" "L" -10 0 29 0.517 0.375 13.2 40.4 25.5 0 0 2.5 15.8 18.7 106 112 9.5 -5.3
"66" "66" 1993-03-30 28.84 "PHI" "@" "NJN" "L" -14 0 13 0.333 0.333 8.2 11.2 9.5 0 4.1 0 14.3 25.2 64 99 1.6 -7.3
"67" "67" 1993-03-31 28.84 "PHI" "@" "BOS" "L" -6 0 31 0.351 0.214 17.2 34.4 25.8 0 0 0 0 26 101 123 7.8 -11.6
"68" "68" 1993-04-02 28.85 "PHI" "" "POR" "L" -5 0 30 0.327 0.25 3.4 20.4 12.5 5.7 1.9 5.5 0 20.9 89 102 7.6 -2.6
"69" "69" 1993-04-04 28.85 "PHI" "" "SAC" "W" 10 0 29 0.814 0.8 23.6 23.6 23.6 7.3 0 0 12.9 23.4 150 109 22.4 6.8
"70" "70" 1993-04-06 28.86 "PHI" "@" "ORL" "L" -26 0 20 0.125 0.125 0 35.3 14.6 20.8 0 0 0 17.7 49 124 0 -11.7
"71" "71" 1993-04-07 28.86 "PHI" "@" "WSB" "W" 8 0 20 0.461 0.375 0 30 14 17.3 2.5 3.6 17 24.7 92 90 6.4 -0.6
"72" "72" 1993-04-09 28.87 "PHI" "" "CHH" "L" -9 0 21 0.451 0.333 9.7 7.4 8.8 6.1 2.4 2.8 20.5 20.1 90 127 4.5 -10.2
"73" "73" 1993-04-10 28.87 "PHI" "@" "MIA" "L" -5 0 17 0.254 0.143 11.8 22.3 16.4 15.2 0 8 0 20.9 94 128 3.8 -8.1
"74" "74" 1993-04-12 28.87 "PHI" "@" "CHH" "L" -19 0 26 0.599 0.5 4.5 22 13.3 35.6 0 2.2 0 24 136 118 17 10.3
"75" "75" 1993-04-15 28.88 "PHI" "" "ORL" "W" 16 0 20 0.51 0.4 6.3 21.3 14.5 0 0 3.2 14.5 16.1 100 96 4.5 -5.2
"76" "76" 1993-04-18 28.89 "PHI" "" "MIN" "W" 27 0 21 0.481 0.455 6 22 15.2 7.5 2.5 0 14.9 29.3 88 83 7.2 -5
"77" "77" 1993-04-20 28.9 "PHI" "@" "CHI" "L" -29 0 13 0.4 0.4 0 0 0 0 0 0 16.7 20.7 63 132 0.3 -13.1
"78" "78" 1993-04-21 28.9 "PHI" "" "MIA" "W" 10 0 17 0.375 0.375 12 11.3 11.6 15.5 0 0 11.1 22.3 90 103 2.8 -9.4
"79" "79" 1993-04-23 28.9 "PHI" "" "NYK" "L" -15 0 15 0.25 0.25 12.3 12.8 12.5 23.9 0 3.8 0 11.8 86 103 2.9 -1.6
"80" "80" 1993-04-25 28.91 "PHI" "@" "CLE" "L" -4 0 23 0.848 0.778 10.7 13.6 12.3 42.8 0 5.4 8.2 23 168 113 19.7 17.6
"1" "1" 1993-11-05 29.44 "NJN" "@" "HOU" "L" -22 0 22 0.709 0.667 4 37.3 18.4 16.6 0 0 34 20.8 97 111 7.8 0.8
"2" "2" 1993-11-07 29.45 "NJN" "@" "SAS" "W" 26 0 26 0.773 0.667 4 13.9 9.3 0 0 7.5 0 19.9 171 82 16.5 16
"3" "3" 1993-11-09 29.45 "NJN" "@" "DAL" "W" 6 0 26 0.661 0.571 13.2 11.5 12.3 0 2.1 0 41.9 26 81 90 4.1 -9.8
"4" "4" 1993-11-11 29.46 "NJN" "" "IND" "L" -3 0 15 0.205 0 0 19.1 8.1 8.8 0 0 17 17.4 56 118 -0.5 -13.6
"5" "5" 1993-11-13 29.46 "NJN" "" "PHI" "L" -1 0 29 0.524 0.375 0 13.5 6.8 15.5 0 6.8 13.9 20.7 107 107 10 -0.5
"6" "6" 1993-11-14 29.47 "NJN" "" "SAC" "W" 30 0 24 0.638 0.583 14.3 20.8 17.8 10 2 0 7 24 137 100 16.4 5
"7" "7" 1993-11-16 29.47 "NJN" "" "HOU" "L" -6 0 23 0.644 0.667 0 13.6 6.5 0 0 2.9 0 7.5 130 98 4.1 -1
"8" "8" 1993-11-17 29.47 "NJN" "@" "BOS" "L" -5 0 30 0.852 0.818 14.2 3.9 9.3 13 1.7 0 12.4 22.4 154 114 22.2 13.3
"9" "9" 1993-11-20 29.48 "NJN" "" "ORL" "L" -2 0 33 0.522 0.45 17 22.2 19.6 7 1.5 1.6 14.3 34.8 101 86 19.8 7.3
"10" "10" 1993-11-21 29.48 "NJN" "" "LAL" "W" 3 0 27 0.602 0.455 15.1 16.9 15.8 0 0 4.7 11.8 24.3 124 105 15.2 3.1
"11" "11" 1993-11-24 29.49 "NJN" "@" "MIN" "L" -1 0 16 0.377 0.25 7.5 15.8 11.5 0 0 4 13.1 21.1 80 116 2 -12.3
"12" "12" 1993-11-26 29.5 "NJN" "@" "UTA" "L" -3 0 31 0.492 0.4 3.2 26.5 12.9 18.7 0 2.2 14.1 19.8 98 107 8.3 -1
"13" "13" 1993-11-27 29.5 "NJN" "@" "DEN" "L" -22 0 34 0.714 0.667 5 31.4 15.2 10.6 1.3 3.5 0 12.9 154 102 18.9 10.4
"14" "14" 1993-11-29 29.51 "NJN" "@" "LAC" "L" -24 0 31 0.64 0.625 12.6 11.1 11.9 0 1.5 1.9 4.9 27.9 124 117 21 6.5
"15" "15" 1993-12-01 29.51 "NJN" "" "CLE" "W" 15 0 29 0.625 0.625 0 20.7 11.7 10.8 0 4.4 0 13.5 133 95 10.2 5.7
"16" "16" 1993-12-03 29.52 "NJN" "" "PHO" "L" -1 0 35 0.683 0.667 12.5 8.6 10.7 6.1 0 1.8 9.2 23 139 112 21.8 10.2
"17" "17" 1993-12-07 29.53 "NJN" "" "BOS" "W" 27 0 24 0.424 0.308 23.3 34.6 29.5 10 2.1 2.2 0 29 118 85 14.6 1.9
"18" "18" 1993-12-10 29.54 "NJN" "" "CHI" "L" -4 0 30 0.509 0.455 4.2 26.1 16.6 11 0 0 13.6 20.3 105 111 9 -0.9
"19" "19" 1993-12-11 29.54 "NJN" "@" "CHH" "L" -6 0 20 0.635 0.571 5 5.5 5.2 7.9 0 3.6 11.3 17.9 122 107 8.1 4.1
"20" "20" 1993-12-13 29.55 "NJN" "" "MIA" "W" 5 0 37 0.474 0.462 5.1 14.8 9.6 5.1 0 1.7 0 17.8 113 104 8.8 -2.4
"21" "21" 1993-12-16 29.55 "NJN" "" "CHH" "W" 16 0 19 0.59 0.5 4.7 0 2.4 0 2.6 0 0 30.6 132 107 11.3 1.4
"22" "22" 1993-12-18 29.56 "NJN" "@" "IND" "L" -10 0 13 0.25 0.25 7.2 9.5 8.2 10.8 3.9 0 0 12.9 80 112 1.1 -6.2
"23" "23" 1993-12-21 29.57 "NJN" "" "NYK" "W" 4 0 17 0.5 0.5 17.3 20.2 18.8 0 0 0 25 19.6 86 88 3.9 -1.1
"24" "24" 1993-12-23 29.57 "NJN" "@" "ORL" "L" -10 0 21 0.515 0.444 14.6 10.9 12.8 7.4 0 0 7.9 23.1 118 125 8.5 -0.8
"25" "25" 1993-12-26 29.58 "NJN" "" "ATL" "W" 4 1 37 0.453 0.474 9.5 25.4 18.3 0 0 0 9.1 26.1 92 99 9.4 -3.8
"26" "26" 1993-12-28 29.59 "NJN" "@" "NYK" "W" 2 0 22 0.667 0.667 5 20.2 13.4 18 0 0 14.3 14.4 122 103 7.6 4.9
"27" "27" 1993-12-29 29.59 "NJN" "@" "CHI" "L" -8 0 18 0.68 0.6 4.9 0 2.6 0 0 0 14.5 16.1 123 114 5 -1.2
"28" "28" 1994-01-02 29.6 "NJN" "@" "BOS" "W" 4 0 14 0 0 0 9 3.9 0 0 0 0 8.7 0 109 -2.6 -16.7
"29" "29" 1994-01-04 29.61 "NJN" "@" "MIA" "L" -17 0 24 0.686 0.625 16.3 20.8 18.6 9.1 0 0 16.4 22.8 124 111 12.2 6.9
"30" "30" 1994-01-05 29.61 "NJN" "" "MIL" "L" -9 0 24 0.746 0.571 13.3 20.5 16.7 9.1 0 0 14.9 23.7 143 114 14.9 8.1
"31" "31" 1994-01-08 29.62 "NJN" "@" "MIL" "W" 3 0 16 0.332 0 7.7 7 7.3 0 0 0 11.7 24.5 74 102 0.2 -13.9
"32" "32" 1994-01-11 29.62 "NJN" "" "WSB" "L" -15 0 16 0.595 0.6 0 15.4 6.8 0 0 0 14.5 17.4 98 126 3.5 -7.8
"33" "33" 1994-01-13 29.63 "NJN" "@" "CLE" "L" -11 0 20 0.2 0.2 11.2 17.1 14.5 0 0 0 37.5 17.1 39 109 -2.3 -16
"34" "34" 1994-01-14 29.63 "NJN" "" "DEN" "W" 7 1 41 0.611 0.529 9.2 18.6 13.6 4 0 3.1 4.8 21.2 129 103 21.7 4.1
"35" "35" 1994-01-16 29.64 "NJN" "" "UTA" "W" 5 1 44 0.505 0.4 14.7 19.8 16.7 3.4 0 0 21.2 17.9 101 111 10.2 -5.1
"36" "36" 1994-01-19 29.65 "NJN" "" "MIN" "W" 21 0 20 0 0 11.7 5.6 8.6 0 0 0 27.3 23.3 15 102 -6.9 -29.2
"37" "37" 1994-01-21 29.65 "NJN" "@" "ATL" "W" 2 0 20 0.623 0.6 6.3 20.8 14.2 8 0 0 8.7 26.7 122 114 10 3.9
"38" "38" 1994-01-22 29.65 "NJN" "" "GSW" "W" 26 0 26 0.576 0.5 19.6 11.1 15.2 5.4 1.9 0 9.1 33.9 126 102 18.3 3.5
"39" "39" 1994-01-25 29.66 "NJN" "@" "POR" "L" -5 0 22 0.85 0.8 0 26.6 14 6.2 0 4.3 14.5 13.3 148 120 9.9 5.2
"40" "40" 1994-01-27 29.67 "NJN" "@" "SEA" "L" -10 0 12 0.333 0.333 10.5 21.6 16 0 4.1 0 50 20.6 40 100 -0.8 -12.7
"41" "41" 1994-01-29 29.67 "NJN" "@" "GSW" "W" 14 0 24 0.563 0.5 8.2 12.8 10.4 0 4.1 0 6.6 23.4 133 105 12.5 4.4
"42" "42" 1994-02-01 29.68 "NJN" "" "SEA" "W" 1 0 21 0.615 0.5 0 10.4 5.3 20.5 5 0 38.1 15.9 90 109 4.5 -2.7
"43" "43" 1994-02-05 29.69 "NJN" "@" "DET" "W" 7 0 10 0.75 0.75 18.5 28.8 23.5 0 0 0 0 16.1 164 103 6.7 10.5
"44" "44" 1994-02-06 29.7 "NJN" "" "SAS" "L" -2 0 14 0 0 0 16.8 8.5 0 0 0 0 3.5 0 112 -0.9 -11
"45" "45" 1994-02-08 29.7 "NJN" "@" "CLE" "L" -8 0 23 0.676 0.625 4.3 27.5 14.6 7.3 2.3 0 0 16.4 159 121 11.5 6.9
"46" "46" 1994-02-09 29.7 "NJN" "" "CLE" "W" 11 0 27 0.625 0.538 18.7 15.1 16.7 12 0 2.3 6.2 27.3 138 109 17.4 7.6
"47" "47" 1994-02-15 29.72 "NJN" "" "NYK" "W" 20 0 27 0.527 0.5 12.1 11.1 11.6 0 1.8 0 22.3 21.3 92 89 6.2 -2.4
"48" "48" 1994-02-17 29.73 "NJN" "@" "BOS" "W" 19 0 23 0.656 0.636 0 13 6.7 12.5 0 2.5 14.9 24.2 110 104 9.5 -1.7
"49" "49" 1994-02-18 29.73 "NJN" "@" "WSB" "W" 3 0 27 0.651 0.556 16.2 7.9 12.4 0 3.6 2 15.7 18.4 127 108 13.7 3.9
"50" "50" 1994-02-20 29.73 "NJN" "" "WSB" "W" 21 1 32 0.664 0.6 16 12.9 14.3 7.8 1.6 3.3 5.2 25.2 147 106 23.3 8.7
"51" "51" 1994-02-22 29.74 "NJN" "" "MIA" "L" -26 1 32 0.527 0.5 0 6.8 3.4 5.3 0 3.7 8.7 15.6 94 127 7.7 -4.7
"52" "52" 1994-02-23 29.74 "NJN" "@" "PHI" "W" 4 0 22 0.598 0.429 10.6 14.9 12.8 6.5 0 2.8 17.9 22.2 113 109 8.2 -2.2
"53" "53" 1994-02-25 29.75 "NJN" "@" "ORL" "L" -12 0 16 0.521 0.5 0 21.4 10 0 0 0 14.8 16.9 91 119 2.7 -7.5
"54" "54" 1994-02-27 29.75 "NJN" "" "DAL" "W" 27 0 24 0.317 0.286 18.2 10.7 14 5 0 2.4 20.2 17.9 81 96 3.6 -10.1
"55" "55" 1994-03-01 29.76 "NJN" "" "DET" "W" 10 0 22 0.818 0.75 24.8 17.5 20.9 0 0 0 13.5 27.9 150 101 19.7 11.5
"56" "56" 1994-03-03 29.76 "NJN" "@" "NYK" "L" -11 0 18 0.25 0.25 0 47.1 18.4 10.1 0 0 0 10.1 64 104 1.3 -5.7
"57" "57" 1994-03-04 29.77 "NJN" "@" "IND" "L" -16 0 25 0.5 0.5 7.8 17.5 11.7 0 2 0 0 9.7 122 127 5.9 -2.6
"58" "58" 1994-03-06 29.77 "NJN" "" "PHI" "W" 27 0 21 0.678 0.615 14.9 12.4 13.8 8 2.3 3.3 6.3 29.2 146 100 17.8 9.2
"59" "59" 1994-03-09 29.78 "NJN" "@" "DET" "L" -17 0 18 0.45 0.375 24.8 22.2 23.6 0 0 0 0 20.7 124 125 7.3 -3.1
"60" "60" 1994-03-11 29.79 "NJN" "" "IND" "W" 14 0 31 0.784 0.833 13.2 11.3 12.3 0 1.8 2.3 0 16.4 165 86 18.6 12.1
"61" "61" 1994-03-12 29.79 "NJN" "" "CHH" "W" 25 0 25 0.779 0.7 20.8 22.3 21.6 12.6 0 2.9 7.6 23.7 158 101 19.4 11.1
"62" "62" 1994-03-16 29.8 "NJN" "@" "SAC" "L" -21 0 23 0.754 0.5 0 14.6 6.7 5.8 2.1 0 30.1 11.4 114 130 4.6 -4
"63" "63" 1994-03-18 29.81 "NJN" "@" "LAL" "W" 12 0 21 0.719 0.667 22.3 4.7 12.7 21.5 2.4 2.8 0 27 159 97 18.3 17.3
"64" "64" 1994-03-19 29.81 "NJN" "@" "PHO" "L" -12 0 34 0.514 0.5 3.2 18.4 11 10.5 1.4 1.8 19.2 20 86 104 8.2 -3.5
"65" "65" 1994-03-22 29.82 "NJN" "" "LAC" "W" 3 0 24 0.475 0.286 17.9 12.2 15.2 0 0 0 0 17.2 134 114 7.9 -4.9
"66" "66" 1994-03-25 29.82 "NJN" "" "CHI" "W" 23 0 30 0.931 0.875 11.4 26.1 19.3 6.2 3.2 2 22.7 18.9 141 82 19.9 9.5
"67" "67" 1994-03-26 29.83 "NJN" "@" "WSB" "W" 3 0 33 0.708 0.6 15.2 15.3 15.2 5.3 3 1.8 6.3 20.1 150 100 22.3 12
"68" "68" 1994-03-29 29.84 "NJN" "@" "ATL" "L" -3 0 23 0.45 0.375 9.7 4.2 6.7 13.6 4.4 2.4 10.1 18.6 102 104 8.4 4.9
"69" "69" 1994-03-30 29.84 "NJN" "" "MIA" "W" 10 0 9 0.41 0.5 34 35.6 34.8 0 0 6.8 17 25.9 87 97 3.5 -2.1
"70" "70" 1994-04-01 29.84 "NJN" "" "ORL" "L" -2 0 16 0.342 0.143 11.8 11.5 11.7 0 0 0 10.2 24.9 79 103 2.1 -11.3
"71" "71" 1994-04-03 29.85 "NJN" "" "POR" "L" -4 0 17 0.521 0.333 18.4 5.3 11.4 0 0 2.9 0 21.4 128 118 8.3 1.5
"72" "72" 1994-04-05 29.85 "NJN" "" "BOS" "W" 26 0 23 0.507 0.5 11.9 17.4 14.7 15.8 6.6 0 10.1 18.8 114 92 11 5.6
"73" "73" 1994-04-07 29.86 "NJN" "" "ATL" "W" 6 0 23 0.536 0.444 4.3 9.7 6.8 0 0 5.1 0 20.5 121 93 8 2.8
"74" "74" 1994-04-08 29.86 "NJN" "@" "CHH" "L" -21 0 29 0.329 0.125 3 10.8 6.6 6.1 0 4.2 15.8 19.6 67 107 2.3 -7.5
"75" "75" 1994-04-10 29.87 "NJN" "" "NYK" "W" 19 0 27 0.541 0.429 25.4 16.8 20.2 0 0 4.4 10.7 15.7 128 98 10.3 1.5
"76" "76" 1994-04-12 29.87 "NJN" "@" "CHI" "L" -6 0 19 0.667 0.667 10.8 34.1 21.1 9.4 2.7 0 14.3 16.1 121 113 9 3.4
"77" "77" 1994-04-13 29.88 "NJN" "@" "MIL" "W" 2 0 31 0.549 0.571 13.2 14.1 13.6 0 1.7 2.3 7.8 18.9 115 115 11.6 -3
"78" "78" 1994-04-15 29.88 "NJN" "" "DET" "W" 5 0 34 0.458 0.4 9 15 12 4.5 0 5.6 20.7 12.2 93 110 6.7 -5.8
"79" "79" 1994-04-17 29.89 "NJN" "@" "MIA" "W" 7 0 19 0.926 1 12.3 29.4 21.1 7.6 0 0 0 9.9 191 111 9.5 7.2
"80" "80" 1994-04-19 29.89 "NJN" "@" "PHI" "W" 5 0 25 0.556 0.5 15.7 28.2 20.8 0 2 7.8 0 23.1 132 106 16 5.1
"81" "81" 1994-04-23 29.9 "NJN" "" "MIL" "W" 35 0 20 0.654 0.583 18.5 10.2 14 0 0 11.4 0 27.4 147 92 17.1 6.3
"82" "82" 1994-04-24 29.91 "NJN" "@" "ORL" "L" -29 0 19 0.347 0.333 14.9 16.8 15.8 0 0 0 10.4 21.2 78 123 2.2 -13.4
"1" "1" 1994-11-04 30.44 "NJN" "@" "HOU" "L" -4 0 20 0.541 0.429 13.8 5.6 10.1 0 0 0 26.5 22 91 99 4.3 -4.2
"2" "2" 1994-11-05 30.44 "NJN" "@" "DAL" "L" -9 0 22 0.606 0.5 5.1 13.6 9.6 8.6 4.5 8 9.9 20.4 121 106 11.4 8
"3" "3" 1994-11-07 30.45 "NJN" "@" "SAS" "L" -9 0 23 0.466 0.417 7.1 19.4 12.3 10.1 0 6.3 7.2 26 99 109 7.7 -0.5
"4" "4" 1994-11-09 30.45 "NJN" "" "CHI" "W" 1 0 20 0.667 0.667 6.7 16 11.9 0 0 8.9 25 17 101 116 5.5 -2.4
"5" "5" 1994-11-11 30.46 "NJN" "@" "WSB" "L" -13 0 18 0.765 0.8 9.7 16.7 12.9 0 0 3.6 14.5 15.8 132 110 8.3 4
"6" "6" 1994-11-12 30.46 "NJN" "" "HOU" "L" -16 0 15 0.333 0.333 11.2 25.3 16.8 0 0 4.9 25 21.9 64 109 0 -13.4
"7" "7" 1994-11-15 30.47 "NJN" "" "SEA" "W" 6 0 25 0.786 0.778 0 7.5 4.3 8.5 0 5.1 7.6 22.5 143 110 14.8 6.2
"8" "8" 1994-11-17 30.47 "NJN" "" "WSB" "W" 8 0 17 0.85 0.8 15.7 20.7 18.3 0 0 0 14.5 17.8 149 113 9 1.9
"9" "9" 1994-11-18 30.48 "NJN" "@" "ORL" "L" -10 0 16 0.458 0.4 0 15.8 7.4 9.1 0 0 20.7 25.2 83 120 2 -9.7
"10" "10" 1994-11-20 30.48 "NJN" "" "LAC" "W" 1 0 29 0.547 0.545 12.4 20.7 17.2 6.9 0 0 7.8 19.2 119 101 10 -2.2
"11" "11" 1994-11-22 30.49 "NJN" "@" "SEA" "L" -7 0 27 0.495 0.2 10.1 15.2 12.1 0 0 0 19.8 15.5 101 122 5.5 -5.9
"12" "12" 1994-11-23 30.49 "NJN" "@" "SAC" "W" 5 0 28 0.88 0.818 12.2 26.1 19.5 16.7 1.8 6.1 22.7 27.8 135 98 24.2 15.2
"13" "13" 1994-11-25 30.5 "NJN" "@" "LAC" "W" 5 0 28 0.588 0.5 0 17.6 9.8 10.3 3.4 0 16.4 19.4 105 99 9.8 -0.5
"14" "14" 1994-11-27 30.5 "NJN" "@" "PHO" "L" -5 0 30 0.5 0.5 3.6 14.2 8.9 4.9 3.2 0 7.7 18 99 114 9.2 -2.6
"15" "15" 1994-11-29 30.51 "NJN" "" "LAL" "L" -9 0 33 0.609 0.545 15.2 23.1 19.2 23.1 3 3.3 19.6 18.6 118 101 17.6 7.6
"16" "16" 1994-12-02 30.52 "NJN" "@" "MIA" "L" -18 1 33 0.637 0.5 9.9 15.7 12.6 4.8 3.1 0 16.4 17 120 120 12.2 -2.1
"17" "17" 1994-12-03 30.52 "NJN" "" "SAC" "L" -5 1 41 0.615 0.588 5.1 20 12.1 5.5 0 1.8 10.1 22.4 116 108 16.2 2.6
"18" "18" 1994-12-05 30.52 "NJN" "@" "CHI" "W" 5 1 41 0.51 0.45 9.6 9.9 9.8 0 1.2 2.8 0 23.8 120 100 18.3 3.6
"19" "19" 1994-12-06 30.53 "NJN" "" "ATL" "L" -3 0 26 0.595 0.6 10.2 27.2 19.2 6.8 2.1 0 33.8 16.3 86 93 5.8 -0.8
"20" "20" 1994-12-08 30.53 "NJN" "" "PHO" "L" -27 1 41 0.721 0.643 9.5 3.3 6.4 7 1.3 3.5 5.7 19.6 146 145 22.6 4
"21" "21" 1994-12-10 30.54 "NJN" "" "BOS" "W" 12 0 19 0.556 0.4 0 11.8 7.7 0 2.7 2.8 21.7 21.6 95 101 5.1 -6.5
"22" "22" 1994-12-12 30.54 "NJN" "" "ORL" "W" 27 0 15 0.637 0.5 17.3 21.3 19.8 0 0 8.5 0 23.8 148 96 11.6 5.9
"23" "23" 1994-12-14 30.55 "NJN" "" "CLE" "L" -7 0 41 0.421 0.364 5.5 19.4 12.5 5.2 0 3.2 7.8 16.7 90 99 7.7 -4.8
"24" "24" 1994-12-16 30.55 "NJN" "@" "MIN" "L" -1 0 19 0.515 0.333 13.7 6.5 10 8.9 0 4.4 56.3 22.4 60 110 -0.8 -15.3
"25" "25" 1994-12-18 30.56 "NJN" "" "MIA" "W" 1 0 36 0.697 0.667 0 16.3 8 0 2.8 3.4 31.7 18.8 88 104 9.8 -2.7
"26" "26" 1994-12-20 30.56 "NJN" "@" "NYK" "W" 2 1 43 0.477 0.45 2.7 20.8 11.8 0 2.7 3.5 4.2 26.9 101 94 15.9 3.6
"27" "27" 1994-12-21 30.57 "NJN" "" "DET" "W" 18 1 36 0.863 0.846 3.8 14.5 10.4 11.4 0 0 20.4 23.2 130 106 21 2.2
"28" "28" 1994-12-23 30.57 "NJN" "@" "CLE" "L" -5 1 39 0.368 0.333 7.5 14.1 10.3 11.3 1.3 2 19.7 24.7 67 89 4.7 -4.7
"29" "29" 1994-12-26 30.58 "NJN" "@" "MIL" "L" -4 1 42 0.505 0.455 5.4 16.7 11 3.8 1.2 0 14.4 14.8 97 110 8 -6
"30" "30" 1994-12-27 30.58 "NJN" "" "NYK" "L" -8 1 25 0.222 0 10.9 39.4 23 0 4.2 0 30.7 16.1 49 105 1.8 -11.1
"31" "31" 1994-12-30 30.59 "NJN" "@" "IND" "L" -17 1 37 0.503 0.471 10.6 17.3 13.8 12.6 1.5 0 5.3 23.2 112 109 14.1 2.7
"32" "32" 1995-01-03 30.6 "NJN" "" "IND" "W" 11 0 23 0.521 0.375 10.4 25 18.6 7.3 6.9 3 0 23.2 132 97 14 6.8
"33" "33" 1995-01-04 30.61 "NJN" "@" "ORL" "L" -3 0 17 0.311 0.143 13.1 22.9 17.6 7.4 0 3.9 9.4 28 83 119 3 -10.7
"34" "34" 1995-01-06 30.61 "NJN" "" "CHH" "L" -1 0 15 0.307 0.25 8 21.8 15.2 10.1 0 0 0 14.9 91 105 2.1 -5.4
"35" "35" 1995-01-07 30.61 "NJN" "@" "ATL" "L" -17 0 25 0.337 0.273 0 15.4 8 0 0 0 0 20.2 85 115 2.7 -7
"36" "36" 1995-01-10 30.62 "NJN" "@" "DET" "L" -14 0 12 0.547 0 9.3 0 4.9 0 0 5.4 23.8 31.3 96 112 2.6 -7.9
"37" "37" 1995-01-13 30.63 "NJN" "@" "PHI" "W" 9 0 32 0.539 0.375 16.7 14.6 15.7 9.5 0 2.1 0 14.1 153 117 12.2 -0.2
"38" "38" 1995-01-14 30.63 "NJN" "" "MIN" "W" 9 0 34 0.576 0.538 14.5 13.8 14.1 5.9 1.7 5.4 12.6 22.9 113 96 13.6 3.3
"39" "39" 1995-01-16 30.64 "NJN" "@" "NYK" "L" -17 0 25 0.604 0.556 7.2 14.8 11 0 0 0 0 19 130 117 10.9 3.8
"40" "40" 1995-01-20 30.65 "NJN" "@" "CHH" "L" -2 0 23 0.444 0.429 9.9 24.8 17.4 7.3 0 3.3 20.2 19.3 85 108 4 -5.2
"41" "41" 1995-01-22 30.65 "NJN" "" "WSB" "L" -6 0 19 0.613 0.333 10.8 30.8 20.1 17.1 0 8.3 31.5 21.5 102 107 7.8 2.1
"42" "42" 1995-01-24 30.66 "NJN" "@" "GSW" "W" 13 0 35 0.742 0.786 15 18.5 16.7 0 2.9 2.1 14.6 23.2 130 94 23.4 9.4
"43" "43" 1995-01-25 30.66 "NJN" "@" "LAL" "L" -4 1 34 0.437 0.429 8.8 24.2 16.9 4.1 1.4 1.9 16.8 21.1 87 106 8.6 -5.1
"44" "44" 1995-01-27 30.67 "NJN" "@" "DEN" "L" -6 0 25 0.19 0.143 3.8 18.7 10.5 0 2.2 0 20.2 16.9 41 106 -1.4 -13
"45" "45" 1995-01-28 30.67 "NJN" "@" "UTA" "L" -17 0 25 0.709 0.667 9.6 14.8 12.2 0 2.2 0 0 14.8 151 125 11.3 3.2
"46" "46" 1995-01-30 30.68 "NJN" "@" "POR" "W" 1 0 14 0.434 0.25 0 6.6 4.1 0 0 0 0 20.2 96 119 2.1 -9.1
"47" "47" 1995-02-01 30.68 "NJN" "" "MIL" "W" 18 0 16 0.84 1 15 5.6 9.6 0 3.6 0 17.4 17 131 95 7.6 1.8
"48" "48" 1995-02-04 30.69 "NJN" "" "BOS" "L" -14 1 42 0.397 0.389 13 20.6 17 16.3 1.3 1.7 5 22.4 95 103 12.6 -1.4
"49" "49" 1995-02-06 30.7 "NJN" "" "DET" "W" 4 1 46 0.593 0.471 12.7 13.3 13 9.6 1.1 0 17.5 25.8 117 107 19.2 -0.1
"50" "50" 1995-02-08 30.7 "NJN" "@" "ATL" "L" -23 1 36 0.651 0.647 20 8.3 14.8 6.9 0 0 13.5 27.4 117 122 18.4 2.7
"51" "51" 1995-02-14 30.72 "NJN" "" "CHH" "W" 11 1 42 0.662 0.588 5 18.2 11.4 4.7 2.5 3.4 4.8 21.3 136 103 24.3 7.8
"52" "52" 1995-02-16 30.72 "NJN" "" "DEN" "W" 6 1 40 0.573 0.5 0 17.1 10.3 0 0 4.6 30.1 24.4 76 103 6.7 -8.4
"53" "53" 1995-02-18 30.73 "NJN" "" "CLE" "L" -7 1 42 0.505 0.455 5.9 12.7 9.5 25.6 0 0 25.2 18 93 104 7.1 -2.1
"54" "54" 1995-02-22 30.74 "NJN" "" "IND" "L" -19 1 25 0.518 0.6 0 17.5 7.2 7.6 0 0 30.7 16.7 72 125 1.7 -8.7
"55" "55" 1995-02-24 30.75 "NJN" "" "DAL" "W" 10 0 26 0.507 0.467 7.4 21.1 13 6.1 4 8.8 5.6 28.6 113 103 13.7 2.9
"56" "56" 1995-02-25 30.75 "NJN" "@" "CLE" "L" -3 0 28 0.415 0.375 14.3 10.4 12.4 4.9 0 0 10.6 15.8 104 134 4.6 -8.8
"57" "57" 1995-02-27 30.75 "NJN" "@" "CHI" "L" -22 0 21 0.521 0.3 15.6 18.5 16.9 29.6 2.5 0 0 30.3 130 115 14.9 14.3
"58" "58" 1995-03-03 30.76 "NJN" "" "PHI" "L" -4 0 22 0.581 0.5 10.1 21.8 15.8 7.7 2.4 2.6 12.7 15.2 124 107 8.2 -0.4
"59" "59" 1995-03-05 30.77 "NJN" "" "MIL" "W" 5 0 26 0.663 0.6 8.2 24.6 16.4 0 3.8 2.8 15 21.6 118 91 13.9 6.8
"60" "60" 1995-03-08 30.78 "NJN" "@" "PHI" "W" 7 0 37 0.429 0.294 13 13.3 13.1 4.1 0 1.6 4.6 24.6 113 109 12.3 -4.5
"61" "61" 1995-03-10 30.78 "NJN" "@" "BOS" "W" 30 0 30 0.511 0.429 11.2 26.2 19.6 0 1.7 3.8 0 25 121 82 16 1.3
"62" "62" 1995-03-11 30.79 "NJN" "@" "WSB" "L" -8 0 25 0.368 0.3 5.1 16 10.4 5.4 2.1 0 0 19.8 94 118 3.9 -8.9
"63" "63" 1995-03-15 30.8 "NJN" "" "ORL" "W" 9 0 35 0.77 0.727 3.2 23.3 13.7 21.4 0 6.3 18 21.4 130 102 21 9.2
"64" "64" 1995-03-17 30.8 "NJN" "" "UTA" "L" -5 0 25 0.379 0.364 7.2 14.4 10.3 0 2.1 2.8 7.8 20.4 93 111 4.3 -4.9
"65" "65" 1995-03-18 30.81 "NJN" "@" "NYK" "L" -1 0 21 0.604 0.556 9.7 21 15.1 0 5.3 0 15.7 27.3 107 89 10.5 7.3
"66" "66" 1995-03-21 30.81 "NJN" "@" "DET" "L" -7 0 30 0.738 0.7 3.7 17.4 10.8 13.4 0 4.8 14.1 21.8 129 108 15.2 7.1
"67" "67" 1995-03-22 30.82 "NJN" "" "SAS" "L" -17 0 31 0.504 0.375 9.4 41.8 21 6.5 0 2.4 4.6 26.5 125 112 16 7
"68" "68" 1995-03-25 30.82 "NJN" "@" "MIA" "W" 1 0 28 0.45 0.375 4.5 16.7 10.8 5.2 0 2.7 0 14.8 112 111 6.5 -3.4
"69" "69" 1995-03-27 30.83 "NJN" "@" "IND" "L" -11 0 29 0.759 0.778 4 23.6 13.1 0 5.8 0 8.2 21 135 103 15.3 8.7
"70" "70" 1995-03-28 30.83 "NJN" "" "GSW" "L" -14 0 28 0.427 0.417 11.2 9.3 10.3 4.8 3.6 0 18.9 23.4 83 130 5.4 -10.6
"71" "71" 1995-03-30 30.84 "NJN" "" "POR" "L" -3 1 45 0.556 0.4 6.1 13.1 10.2 4.1 1.2 2.5 6.5 16.7 116 116 14.3 -0.9
"72" "72" 1995-04-02 30.85 "NJN" "" "NYK" "L" -9 1 39 0.56 0.588 18.9 21.9 20.3 20.9 2.8 4.9 4.8 23.2 125 100 23.4 13.3
"73" "73" 1995-04-05 30.85 "NJN" "" "CHI" "L" -7 1 41 0.65 0.632 9.6 27 18.5 32.4 0 0 8.8 24.4 128 110 26.5 9.2
"74" "74" 1995-04-07 30.86 "NJN" "@" "MIL" "L" -15 1 39 0.662 0.647 0 27.7 14.8 4.7 0 5.5 16.9 29.1 104 115 18.8 0.4
"75" "75" 1995-04-08 30.86 "NJN" "" "MIA" "W" 10 1 42 0.631 0.55 12 28.6 20.9 16.8 0 3.4 13.3 34.5 121 101 27.4 5
"76" "76" 1995-04-12 30.87 "NJN" "@" "CHH" "L" -28 1 39 0.509 0.412 2.6 19.2 9.3 5.3 4 4 13.3 27 91 106 14.4 2.1
"77" "77" 1995-04-13 30.88 "NJN" "@" "PHI" "L" -8 1 43 0.577 0.563 5.3 11.2 8.2 9.7 2.5 1.6 14.2 23.4 105 114 14.3 -2
"78" "78" 1995-04-15 30.88 "NJN" "" "PHI" "L" -10 1 42 0.644 0.579 7.6 18.4 12 5.3 1.3 1.8 8.2 27.9 123 109 22.9 5.2
"79" "79" 1995-04-17 30.89 "NJN" "@" "BOS" "L" -2 1 44 0.59 0.579 6.8 29.3 17.2 15 2.3 3.4 12.4 22.9 115 99 23.1 8.4
"80" "80" 1995-04-19 30.89 "NJN" "" "ATL" "L" -5 1 42 0.528 0.5 15 21.8 18.6 7.7 0 0 4.4 25.1 118 114 18.1 0.9
"81" "81" 1995-04-21 30.9 "NJN" "" "WSB" "W" 1 1 40 0.534 0.5 8.7 31.8 19.6 7.8 0 3 7.1 28.2 115 106 22.7 2.2
"82" "82" 1995-04-23 30.9 "NJN" "" "BOS" "W" 3 1 42 0.613 0.5 6.6 26.7 16.2 8.9 2.4 9.7 8.1 24.4 128 93 28 10.4
"1" "1" 1995-11-03 31.44 "NJN" "@" "TOR" "L" -15 1 43 0.412 0.357 11.2 28.6 19.2 10 0 3.4 27.6 19 74 96 7.6 -3.3
"2" "2" 1995-11-07 31.45 "NJN" "" "POR" "W" 20 1 38 0.402 0.368 6.9 22.5 13.9 3.8 2.8 2.3 9.1 23.4 96 86 10.6 -0.6
"3" "3" 1995-11-08 31.45 "NJN" "@" "ORL" "L" -8 1 40 0.53 0.5 13.6 14.1 13.8 21.1 0 2.2 5 21.8 128 114 16.1 5.5
"4" "4" 1995-11-10 31.45 "NJN" "@" "MIA" "L" -26 1 33 0.355 0.313 11.9 31.8 19.8 16.4 1.5 0 15.1 25 73 109 6.3 -5.1
"5" "5" 1995-11-11 31.46 "NJN" "" "SAC" "W" 2 1 37 0.466 0.417 8.3 16.6 12.4 10.6 1.5 6.9 13.4 17.5 109 97 10.8 1.9
"6" "6" 1995-11-15 31.47 "NJN" "" "CHH" "W" 11 1 33 0.538 0.5 12.1 24.2 16.8 5.6 3.4 0 11.8 24.1 110 93 13.6 1.5
"7" "7" 1995-11-17 31.47 "NJN" "@" "CHI" "L" -15 1 32 0.431 0.364 4.3 20.3 12.5 16.1 4.7 1.9 23.9 22.8 79 107 7.7 -1.2
"8" "8" 1995-11-18 31.48 "NJN" "" "PHI" "W" 16 1 36 0.533 0.421 17.5 12.7 15.5 0 9.4 2 8.2 27.8 127 80 24.6 12.2
"9" "9" 1995-11-20 31.48 "NJN" "@" "UTA" "L" -26 1 33 0.604 0.556 0 10.9 4.8 0 1.6 0 21.8 17.6 93 115 6.8 -3.2
"10" "10" 1995-11-22 31.49 "NJN" "@" "LAC" "L" -33 1 28 0.588 0.545 10.9 16.7 13.6 21.7 1.8 0 13.6 22.9 115 127 12.5 3.8
"11" "11" 1995-11-24 31.49 "NJN" "@" "POR" "L" -12 1 42 0.515 0.333 13.4 33.4 22.4 4.5 1.2 5 17.1 23.5 104 102 18.3 2.4
"12" "12" 1995-11-26 31.5 "NJN" "@" "SAC" "L" -7 1 41 0.515 0.375 8.4 20.5 14.3 5.3 3.6 0 22.7 27.4 89 101 11.7 -5.4
"13" "13" 1995-11-28 31.5 "NJN" "" "WSB" "W" 5 1 34 0.507 0.467 21.7 22.1 21.9 5.6 1.7 0 0 22.2 132 96 18.6 6.5
"14" "14" 1995-12-01 31.51 "NJN" "@" "BOS" "W" 8 1 37 0.546 0.588 11.9 18.9 15.6 4.7 1.3 0 17.9 24.6 96 109 12.3 -4.8
"15" "15" 1995-12-08 31.53 "NJN" "" "IND" "W" 2 1 39 0.388 0.333 6.5 33 20.3 21.5 2.9 0 10.7 22 101 99 10.4 -0.7
"16" "16" 1995-12-09 31.53 "NJN" "@" "CLE" "W" 12 1 32 0.417 0.417 15.8 14 14.8 0 0 3.1 20 22.6 80 92 4.5 -6.5
"17" "17" 1995-12-12 31.54 "NJN" "" "ORL" "L" -4 1 37 0.416 0.4 9.8 24.3 16.7 12 1.3 4.6 4.7 23.3 101 101 14.1 1.9
"18" "18" 1995-12-15 31.55 "NJN" "@" "DET" "L" -7 1 38 0.643 0.643 10.5 13 11.8 8.8 0 0 6.7 19.8 130 125 15.1 2.9
"19" "19" 1995-12-18 31.56 "NJN" "" "UTA" "L" -7 1 42 0.712 0.6 13.6 19 16.1 0 2.5 0 13.7 15.7 137 117 16.7 2.7
"20" "20" 1995-12-20 31.56 "NJN" "" "MIA" "L" -8 1 40 0.569 0.5 7.6 11.8 9.6 11.5 2.7 1.9 8.3 25.6 125 113 19 3.7
"21" "21" 1995-12-22 31.57 "NJN" "@" "ATL" "L" -3 1 35 0.773 0.786 7.2 20.7 15.1 7.3 1.5 0 16.8 23.4 123 95 18.1 7.3
"22" "22" 1995-12-23 31.57 "NJN" "@" "PHI" "W" 13 1 32 0.514 0.429 4.4 34.9 21.4 19 1.7 5.7 25.5 17.1 95 91 9.6 -0.6
"23" "23" 1995-12-26 31.58 "NJN" "@" "MIA" "L" -3 1 37 0.62 0.526 6.3 32.4 17.8 0 3.2 0 4.1 30.7 136 109 23.7 10.2
"24" "24" 1995-12-28 31.59 "NJN" "@" "HOU" "L" -15 1 38 0.6 0.588 2.7 10 5.9 19.6 1.5 0 0 23.3 128 119 18 6.6
"25" "25" 1995-12-30 31.59 "NJN" "" "GSW" "L" -10 1 40 0.483 0.458 10 14.3 11.8 13.4 1.2 0 12.5 29.8 102 120 15.9 -1
"26" "26" 1996-01-02 31.6 "NJN" "" "MIL" "W" 9 1 35 0.472 0.467 14.7 22.9 18.5 7.1 0 2.1 15.9 23.4 93 85 10.3 0.4
"27" "27" 1996-01-04 31.61 "NJN" "@" "NYK" "L" -12 1 28 0.62 0.643 15.1 23.2 19.3 8.3 0 0 11.5 27.6 115 118 13.9 4.6
"28" "28" 1996-01-05 31.61 "NJN" "" "DAL" "W" 8 1 42 0.626 0.579 2.7 24.3 14.1 7.8 0 1.8 0 21.1 151 110 22.5 4.9
"29" "29" 1996-01-09 31.62 "NJN" "@" "ORL" "L" -8 1 43 0.689 0.667 9.1 27.2 18.6 12 2.6 0 17.5 26.2 115 100 21.9 7.5
"30" "30" 1996-01-10 31.62 "NJN" "" "NYK" "W" 13 1 40 0.619 0.563 2.8 19.5 10.5 10.8 1.4 0 10.1 23.7 121 96 15.7 4.5
"31" "31" 1996-01-12 31.63 "NJN" "" "PHI" "L" -27 1 32 0.483 0.375 13.6 7.7 11.2 0 0 2.1 9.7 27.7 102 117 10.8 -2.6
"32" "32" 1996-01-15 31.64 "NJN" "" "TOR" "W" 25 1 36 0.842 0.818 2.8 22.2 12 0 1.4 2.3 0 13.4 175 89 20 9.4
"33" "33" 1996-01-17 31.64 "NJN" "@" "CHH" "W" 4 1 44 0.64 0.588 11.2 14.9 13.1 8.4 0 1.9 13.8 23 121 109 19 3.1
"34" "34" 1996-01-19 31.65 "NJN" "@" "WSB" "L" -6 1 41 0.659 0.526 20.8 14.9 17.8 0 1.3 0 17.1 29.7 131 108 25.7 9.2
"35" "35" 1996-01-20 31.65 "NJN" "" "MIN" "W" 6 1 41 0.512 0.5 12.2 19.3 15.5 14.5 0 5.2 4.3 24.8 131 103 19.2 5.4
"36" "36" 1996-01-23 31.66 "NJN" "@" "TOR" "L" -7 1 43 0.418 0.333 8.4 18.2 13.4 13.7 0 0 23 22.3 87 102 6 -5.4
"37" "37" 1996-01-24 31.66 "NJN" "" "HOU" "L" -9 1 37 0.45 0.438 15.6 17.7 16.6 10.4 0 0 22 26.1 87 112 8.8 -4.6
"38" "38" 1996-01-26 31.67 "NJN" "" "CHH" "W" 8 1 42 0.551 0.438 6.3 19.4 14.1 9.8 1.2 3.6 13.1 22.8 117 108 17.6 1.1
"39" "39" 1996-01-27 31.67 "NJN" "" "LAL" "L" -2 1 26 0.353 0.3 17.1 28.1 22.2 6.4 0 0 0 35.8 99 110 9.1 -5
"40" "40" 1996-01-30 31.68 "NJN" "@" "SEA" "L" -9 1 35 0.577 0.563 3.2 6 4.6 13.3 0 0 5.5 23.3 122 114 12.5 2.2
"41" "41" 1996-02-02 31.68 "NJN" "@" "VAN" "W" 9 1 41 0.597 0.526 3.4 19.1 12.7 16.5 0 2 4 31.2 124 102 21.8 3.9
"42" "42" 1996-02-04 31.69 "NJN" "@" "GSW" "L" -4 1 43 0.474 0.5 10.9 17.6 14.1 13.1 0 0 3.8 28 104 110 15.3 0.7
"43" "43" 1996-02-07 31.7 "NJN" "@" "LAL" "L" -10 1 42 0.483 0.45 0 28.6 14.3 12.4 1.2 1.7 8.4 24.9 95 112 13.8 -0.2
"44" "44" 1996-02-08 31.7 "NJN" "@" "PHO" "L" -5 1 41 0.506 0.471 7.8 18.3 14 12.7 0 0 5.1 20 110 107 14.5 -0.8
"45" "45" 1996-02-13 31.72 "NJN" "@" "IND" "W" 9 1 43 0.597 0.545 11.8 14 12.8 16.3 0 4.1 3.7 28.9 135 112 25.7 8.9
"46" "46" 1996-02-14 31.72 "NJN" "" "IND" "W" 1 1 41 0.549 0.524 10.6 18.2 15 19.4 1.4 1.8 11.6 30.3 115 106 18.5 4.3
"47" "47" 1996-02-17 31.73 "NJN" "" "NYK" "W" 5 1 42 0.554 0.45 9.9 13.3 11.9 5.5 0 2 7.3 27.5 119 87 20.7 8.3
"48" "48" 1996-02-19 31.73 "NJN" "@" "WSB" "W" 18 1 41 0.407 0.385 8.6 24.6 16.3 13.3 2.6 2 0 16.3 112 89 12.5 0.7
"49" "49" 1996-02-21 31.74 "NJN" "@" "MIL" "W" 2 1 45 0.599 0.588 10.1 9.6 9.8 13.5 1.3 1.6 5 23.6 128 109 20 3.5
"50" "50" 1996-02-24 31.75 "NJN" "@" "CLE" "L" -29 1 33 0.845 0.875 0 29.1 15.4 17.3 1.8 0 18.4 17.7 124 123 13.5 5.2
"51" "51" 1996-02-25 31.75 "NJN" "" "BOS" "W" 6 1 41 0.551 0.52 8.6 7.6 8.1 14.8 0 0 12.8 34 101 117 16.4 -6.5
"52" "52" 1996-02-27 31.75 "NJN" "" "MIA" "L" -3 1 43 0.338 0.286 8.8 22.3 13.8 4.2 2.6 0 14.5 27.1 80 107 5 -8.7
"53" "53" 1996-02-29 31.76 "NJN" "" "ORL" "L" -16 1 29 0.194 0.167 11.5 24.8 17.9 5.6 0 0 7.2 20.3 62 124 0.6 -14.7
"54" "54" 1996-03-02 31.76 "NJN" "" "SEA" "L" -11 1 40 0.5 0.5 10.9 18.2 14 0 1.4 0 20 23 86 120 8.5 -8.1
"55" "55" 1996-03-05 31.77 "NJN" "@" "DAL" "L" -10 1 37 0.533 0.474 2.9 20.5 12.7 27.8 0 2.3 8.2 26.4 115 118 21.2 4.1
"56" "56" 1996-03-08 31.78 "NJN" "@" "SAS" "L" -15 1 31 0.447 0.412 0 22.1 10.1 9.6 5.1 2.3 5.3 27.9 94 115 11.7 1.2
"57" "57" 1996-03-10 31.79 "NJN" "@" "DEN" "W" 11 1 39 0.64 0.563 3.6 14.7 9.7 0 1.4 1.6 4.9 25.7 126 99 17.9 1
"58" "58" 1996-03-12 31.79 "NJN" "" "PHO" "L" -10 1 39 0.545 0.5 8 14.2 11.3 9.6 2.5 0 17.9 17.4 103 101 12.1 -0.1
"59" "59" 1996-03-14 31.8 "NJN" "" "WSB" "L" -8 1 39 0.506 0.5 20 14.8 17.2 4.6 1.4 2.1 16.8 26.1 103 116 14.1 -2.6
"60" "60" 1996-03-16 31.8 "NJN" "" "CHI" "L" -4 1 39 0.538 0.438 6.8 14.5 10.5 10.5 1.4 1.8 17 25.6 104 109 14 2.5
"61" "61" 1996-03-17 31.81 "NJN" "@" "BOS" "L" -1 1 46 0.709 0.6 4.6 6.4 5.5 17.6 2.3 0 15.9 25.2 128 100 24.2 7.8
"62" "62" 1996-03-19 31.81 "NJN" "" "VAN" "W" 5 1 36 0.926 0.833 3.7 22.2 14.8 4.9 4.5 1.8 25.8 15.6 137 76 17.8 8.7
"63" "63" 1996-03-21 31.82 "NJN" "" "DEN" "W" 8 1 38 0.655 0.563 8.2 13.4 10.9 17.5 0 3.5 0 23.2 152 107 24.1 12.3
"64" "64" 1996-03-22 31.82 "NJN" "@" "DET" "L" -15 1 20 0.514 0.429 0 13.7 7.4 0 2.6 0 10.2 22.5 97 122 5.1 -5.4
"65" "65" 1996-03-24 31.82 "NJN" "@" "MIL" "W" 4 1 35 0.353 0.273 6.4 30.1 18 14.8 0 2.1 13.6 19.6 78 87 6.6 -3.8
"66" "66" 1996-03-25 31.83 "NJN" "" "SAS" "L" -7 1 37 0.53 0.5 3 9.6 6.7 15.4 0 2 0 23.7 118 111 14.5 5.1
"67" "67" 1996-03-29 31.84 "NJN" "@" "NYK" "L" -16 1 33 0.673 0.636 3.7 11.5 7.6 14 3.4 2.7 25.2 24.5 98 107 12.4 4.6
"68" "68" 1996-03-31 31.84 "NJN" "@" "IND" "L" -18 1 26 0.518 0.4 3.6 17.9 9 0 1.9 0 12.9 12.2 103 121 4.3 -7.1
"69" "69" 1996-04-03 31.85 "NJN" "" "LAC" "W" 6 1 36 0.519 0.529 9.5 14.4 11.8 10.3 0 4.6 17.9 26.4 99 109 10.8 -2.8
"70" "70" 1996-04-05 31.86 "NJN" "" "ATL" "L" -12 1 31 0.294 0.294 12.9 13.3 13.1 0 1.7 0 10.5 23.8 72 91 3.7 -2.5
"71" "71" 1996-04-06 31.86 "NJN" "" "MIL" "L" -21 1 32 0.235 0.235 2.4 12.9 6.1 0 0 0 5.6 21.9 59 120 -2.5 -16
"72" "72" 1996-04-08 31.87 "NJN" "@" "PHI" "L" -3 0 29 0.511 0.444 7.9 27 18.2 6.3 0 0 21.8 21.8 91 93 6.6 -3.5
"73" "73" 1996-04-09 31.87 "NJN" "" "DET" "L" -17 0 22 0.111 0.111 12.8 6.6 10.4 0 0 0 10 20.2 43 134 -2.9 -21.6
"74" "74" 1996-04-11 31.87 "NJN" "" "CHI" "L" -13 1 28 0.463 0.455 17.6 11.7 14.5 0 3.8 2.4 25.2 26.5 84 118 5.7 -6.9
"75" "75" 1996-04-14 31.88 "NJN" "" "ATL" "L" -9 1 37 0.426 0.381 15.4 7.6 12.6 5.7 0 0 11.8 29.1 98 123 9.9 -2.9
"76" "76" 1996-04-15 31.88 "NJN" "@" "MIA" "L" -20 1 35 0.332 0.267 3 21.1 11.4 0 1.5 4.6 10 26.1 68 117 4 -8.1
"77" "77" 1996-04-17 31.89 "NJN" "" "TOR" "W" 12 1 31 0.385 0.385 17.6 21.6 19.6 12.1 0 2.1 7.1 19.4 108 109 9.6 -8.5
"78" "78" 1996-04-19 31.9 "NJN" "" "BOS" "L" -6 1 33 0.589 0.579 5.4 19.8 11.9 10.8 1.5 0 0 27.1 130 119 21.1 5.3
"1" "1" 1996-11-01 32.43 "MIL" "@" "PHI" "W" 8 0 24 0.394 0.375 17.8 44.4 31.1 6.3 2.1 0 18.4 18.5 91 98 5.7 -6.5
"2" "2" 1996-11-02 32.43 "MIL" "" "BOS" "W" 22 0 29.3166666666667 0.595 0.444 17.4 28.2 23.4 8.9 1.8 2.4 6.5 23.5 137 100 17.2 3.1
"3" "3" 1996-11-06 32.44 "MIL" "" "VAN" "W" 16 0 31.8166666666667 0.466 0.385 21.4 3.4 11.4 4.9 4.7 2.1 11.1 24.2 107 90 12.1 -0.6
"4" "4" 1996-11-08 32.45 "MIL" "@" "MIA" "L" -12 0 21.6833333333333 0.338 0.25 11.5 19.4 15.8 0 2.4 3.3 0 18.7 85 105 5.5 -2.4
"5" "5" 1996-11-09 32.45 "MIL" "@" "CHH" "W" 2 0 20.55 0.846 0.75 6.3 19.6 12.9 0 2.7 0 15.8 14.5 147 111 7.8 3.4
"6" "6" 1996-11-12 32.46 "MIL" "" "PHO" "W" 10 0 36.5166666666667 0.424 0.357 22.6 42.9 32.4 0 0 0 16.4 22 96 87 12 -1.8
"7" "7" 1996-11-14 32.47 "MIL" "@" "GSW" "L" -9 0 33.9666666666667 0.68 0.6 14.1 18.6 16.3 19.8 3.3 0 14.5 18.9 135 106 17.3 9.5
"8" "8" 1996-11-15 32.47 "MIL" "@" "SAC" "L" -4 0 42.2833333333333 0.421 0.357 13 24.7 18.3 0 0 1.7 23.1 23.5 80 116 5.8 -12.7
"9" "9" 1996-11-17 32.47 "MIL" "@" "LAC" "L" -8 1 44.6166666666667 0.376 0.333 9.7 34.7 21.6 0 2.3 4.2 6.4 15.5 89 101 11.6 -3.4
"10" "10" 1996-11-19 32.48 "MIL" "" "DAL" "W" 3 1 43.6166666666667 0.588 0.474 5.2 30.8 17.5 0 2.3 0 4.2 25 122 99 22.2 2.9
"11" "11" 1996-11-21 32.48 "MIL" "" "ATL" "L" -8 1 42.75 0.339 0.235 7.1 24.1 14.6 0 1.4 1.9 5 23.5 80 89 6.3 -4.6
"12" "12" 1996-11-23 32.49 "MIL" "" "WSB" "L" -5 1 40.15 0.528 0.5 2.9 16.4 9.8 0 0 0 0 15.9 119 105 9.1 1.2
"13" "13" 1996-11-25 32.5 "MIL" "@" "ORL" "W" 12 0 35.15 0.713 0.583 10 32.1 21.8 0 1.6 2.3 10.6 24.7 141 92 21.5 7.8
"14" "14" 1996-11-27 32.5 "MIL" "" "CLE" "W" 17 0 25 0.525 0.333 11 34.5 23.4 13.2 2.3 0 29.6 14.2 101 85 5.6 1
"15" "15" 1996-11-30 32.51 "MIL" "" "CHH" "L" -7 0 22.3833333333333 0.521 0.25 0 25.3 12.6 7 0 0 34.2 19.5 76 112 1.3 -9.3
"16" "16" 1996-12-03 32.52 "MIL" "" "CHI" "L" -3 0 16.9333333333333 0.5 0.5 16.6 7.8 12.1 9.6 0 0 33.3 15.4 87 122 1.6 -6.5
"17" "17" 1996-12-07 32.53 "MIL" "@" "WSB" "W" 8 0 18.95 0.225 0.25 0 25.3 13.3 5.7 2.6 0 0 9.6 76 118 0.9 -7.2
"18" "18" 1996-12-08 32.53 "MIL" "" "BOS" "W" 13 0 22.5833333333333 0.551 0.6 11 20.9 16.1 0 0 0 26.9 13.9 88 103 3.1 -7.3
"19" "19" 1996-12-10 32.54 "MIL" "" "DET" "L" -8 0 17.6333333333333 0.25 0.25 0 30.5 17.2 0 0 0 0 12.9 57 123 0.4 -12.2
"20" "20" 1996-12-12 32.54 "MIL" "" "SEA" "W" 3 0 35.6333333333333 1.014 1 8.3 19 15.2 0 1.5 0 18.4 7.2 160 103 10.8 3.8
"21" "21" 1996-12-14 32.55 "MIL" "" "NJN" "W" 10 0 28.0333333333333 0.506 0.444 4.3 15.6 10.8 4.9 0 0 23.3 20.8 86 101 4.8 -6.7
"22" "22" 1996-12-16 32.55 "MIL" "@" "BOS" "W" 16 0 21.9833333333333 0.68 0.8 14.5 13.4 13.9 12 2.4 0 14.5 12.8 126 95 8.5 5.8
"23" "23" 1996-12-18 32.56 "MIL" "" "LAL" "L" -6 0 26.15 0.528 0.4 7.9 11.5 9.3 0 3.8 0 10.5 15 112 114 6.5 -2.7
"24" "24" 1996-12-19 32.56 "MIL" "@" "TOR" "L" -3 0 17.05 0.307 0.25 8.6 6.6 7.4 18.1 0 0 38.1 22.3 61 117 -1.6 -14.8
"25" "25" 1996-12-21 32.57 "MIL" "" "ORL" "W" 18 0 22.1666666666667 0.667 0.667 11.8 10.4 11 0 2.5 3.5 14.3 15 125 97 6.5 -0.6
"26" "26" 1996-12-23 32.57 "MIL" "@" "HOU" "W" 5 0 5.66666666666667 0.347 0 0 0 0 0 0 11.3 0 25.4 76 90 0.5 -9
"27" "27" 1996-12-26 32.58 "MIL" "" "HOU" "L" -11 0 26.65 0.525 0.333 5.2 21.3 12.1 0 0 0 29.6 12.5 83 122 2.5 -8.6
"28" "28" 1996-12-27 32.58 "MIL" "@" "CLE" "L" -8 0 33.5833333333333 0.833 0.5 4.2 24.2 14.3 0 1.7 0 10.6 15.1 158 109 13.3 4.1
"29" "29" 1996-12-29 32.59 "MIL" "" "MIA" "L" -1 0 13.2 0.225 0.25 0 15.4 9.5 9.9 0 0 0 17.6 57 113 -0.3 -13.2
"30" "30" 1997-01-04 32.61 "MIL" "" "MIN" "L" -6 0 17.1833333333333 0.525 0.333 16.3 27.5 21.3 9.4 0 0 29.6 16.9 95 107 4.1 -3.9
"31" "31" 1997-01-05 32.61 "MIL" "@" "NYK" "L" -5 0 25.7833333333333 0.381 0.429 0 33.1 17.7 19.5 2 0 20.2 18.4 74 101 3.1 -3.2
"32" "32" 1997-01-07 32.61 "MIL" "@" "DET" "W" 10 0 12.6 0.532 0 0 8.2 4.6 0 4.8 0 0 7.9 130 95 2.6 2.1
"33" "33" 1997-01-08 32.62 "MIL" "" "UTA" "W" 7 0 17.3333333333333 0.525 0.333 0 15.6 8.7 9.2 3.2 0 17.4 17.4 97 111 3.4 -2.9
"34" "34" 1997-01-10 32.62 "MIL" "" "CHI" "L" -15 0 10.9333333333333 0.84 0.667 0 0 0 0 0 0 29.6 30.4 118 135 3.5 -5.3
"35" "35" 1997-01-12 32.63 "MIL" "" "GSW" "W" 18 0 20.25 0.913 0.857 11.2 6.3 8.9 0 0 0 10.2 20.1 168 112 13 5.9
"36" "36" 1997-01-17 32.64 "MIL" "@" "CHI" "L" -27 0 27.0833333333333 0.51 0.4 8.7 17.2 12.3 13.4 0 0 25.4 13.9 95 120 4.2 -1.1
"37" "37" 1997-01-18 32.64 "MIL" "@" "ATL" "L" -23 0 18.9 0.255 0.2 0 16.5 8.6 0 0 3.8 25.4 18.4 41 102 -1.7 -11.1
"38" "38" 1997-01-20 32.65 "MIL" "@" "PHI" "W" 10 0 20.5666666666667 0.667 0.667 17.1 18.3 17.8 0 0 0 25 16.5 109 111 5.1 -6.6
"39" "39" 1997-01-21 32.65 "MIL" "" "IND" "L" -3 0 20.4666666666667 0.41 0.25 5.7 32 16.7 0 2.9 0 29.1 16.6 70 107 1.7 -7.8
"40" "40" 1997-01-23 32.66 "MIL" "@" "ORL" "L" -4 1 40.0166666666667 0.311 0.333 8.6 22.5 14.6 0 1.5 2 31.8 11.3 60 116 1.2 -10.3
"41" "41" 1997-01-25 32.66 "MIL" "@" "IND" "W" 2 0 20.9 0.4 0.4 11.7 10.6 11.1 0 0 3.4 28.6 16.5 71 101 0.8 -9.4
"42" "42" 1997-01-26 32.67 "MIL" "" "SAS" "W" 18 0 31.2333333333333 0.555 0.4 20.6 25.8 23.5 5.4 5.5 2.5 18.2 27.9 108 82 14 0.4
"43" "43" 1997-01-28 32.67 "MIL" "" "DET" "L" -9 0 9.16666666666667 0.667 0.667 0 16.7 7.4 0 0 0 0 16.3 135 118 2.6 1.2
"44" "44" 1997-01-31 32.68 "MIL" "@" "CHH" "L" -7 0 15.85 0.399 0 12.8 21.4 16 0 3.3 0 0 10.7 114 111 3.4 -2
"45" "45" 1997-02-01 32.68 "MIL" "" "PHI" "L" -9 0 14.8333333333333 0.922 1 15.6 36.6 25.3 0 0 10 29.1 19.5 114 110 8.6 4.8
"46" "46" 1997-02-04 32.69 "MIL" "" "CLE" "L" -1 0 21.5833333333333 1.05 1 0 52.9 25.7 0 0 0 38.7 18.9 120 94 7.7 4.5
"47" "47" 1997-02-06 32.7 "MIL" "@" "MIA" "L" -12 0 17.9833333333333 0.2 0.2 5.9 25 13.9 0 0 0 28.6 18.1 41 122 -1.9 -17.1
"48" "48" 1997-02-11 32.71 "MIL" "" "TOR" "W" 5 1 36.4 0.506 0.444 0 30.3 16.9 0 1.4 0 9.2 14.2 94 100 6.7 -4.9
"49" "49" 1997-02-14 32.72 "MIL" "@" "TOR" "W" 4 1 42.1833333333333 0.666 0.538 5.1 32.7 19.5 7.4 2.2 3.1 10.8 17.3 132 92 23.3 8.8
"50" "50" 1997-02-15 32.72 "MIL" "" "DEN" "W" 5 1 37.3666666666667 0.473 0.333 9.3 27.2 18.3 4.2 0 2.1 7.9 15.7 105 93 9.1 -2.4
"51" "51" 1997-02-17 32.73 "MIL" "@" "WSB" "L" -2 1 43.0333333333333 0.59 0.5 9.9 33.2 20.4 3.6 0 0 0 16.5 135 113 16 -0.4
"52" "52" 1997-02-20 32.73 "MIL" "@" "DAL" "W" 2 1 33.8333333333333 0.514 0.429 7.8 14.1 11.1 13.3 1.6 0 10.2 14.1 118 115 8.4 -2.6
"53" "53" 1997-02-21 32.74 "MIL" "@" "SAS" "L" -5 1 25.1833333333333 0.167 0.167 9.8 18.6 13.7 0 0 0 0 11.7 62 122 -0.3 -15.2
"54" "54" 1997-02-23 32.74 "MIL" "" "LAC" "L" -13 1 28.2333333333333 0.75 0.75 4.1 22.6 12.9 0 0 2.7 20 8.3 116 110 5.1 -2.4
"55" "55" 1997-02-26 32.75 "MIL" "" "ATL" "L" -7 1 30.3666666666667 0.527 0.5 8.2 14.5 11.6 7.6 3.8 0 8.7 18 108 92 9.1 4.9
"56" "56" 1997-02-28 32.76 "MIL" "@" "IND" "L" -19 1 28.4333333333333 0.672 0.714 0 17.6 9.3 0 7.8 0 11.8 14.8 109 105 9.3 4.8
"57" "57" 1997-03-01 32.76 "MIL" "" "SAC" "L" -11 1 33.1333333333333 0.514 0.429 9.1 20.2 13.9 0 3.4 6.8 10.2 13.4 111 113 10 -0.9
"58" "58" 1997-03-03 32.76 "MIL" "@" "CHI" "L" -18 1 28.35 0.441 0.5 0 8.4 4.1 0 0 2.6 0 16.6 90 122 4.3 -3.6
"59" "59" 1997-03-04 32.77 "MIL" "@" "NYK" "L" -7 1 23.25 0.525 0.333 6 9.1 7.2 6.8 0 0 0 10.1 135 117 3 -2.3
"60" "60" 1997-03-07 32.78 "MIL" "@" "ATL" "L" -10 1 34.2666666666667 0.512 0.375 0 16.8 8.3 0 1.6 0 0 13.5 119 104 6.5 0.4
"61" "61" 1997-03-08 32.78 "MIL" "@" "CLE" "W" 8 1 13 0 0 0 10 5.4 0 0 0 75 15.9 0 105 -4.2 -22.1
"62" "62" 1997-03-11 32.79 "MIL" "" "MIA" "L" -15 1 19.7166666666667 0.665 0.5 0 25.9 12.6 0 8.3 0 34.7 13.4 88 108 5.4 2.2
"63" "63" 1997-03-14 32.79 "MIL" "" "WSB" "L" -9 1 15.15 0 0 0 19.4 8.8 8.6 3.5 0 0 3.1 54 110 0 -6.6
"64" "64" 1997-03-16 32.8 "MIL" "" "IND" "W" 4 1 36.4 0.634 0.667 11.4 18.4 14.6 5.3 1.5 0 6.6 20.1 126 113 14 0.6
"65" "65" 1997-03-17 32.8 "MIL" "@" "BOS" "L" -9 1 29.45 0.615 0.615 9.1 22.2 15.8 5.5 0 0 0 19.2 133 132 12.9 -0.9
"66" "66" 1997-03-20 32.81 "MIL" "" "POR" "L" -19 1 23.2333333333333 0.307 0.25 4.4 13.3 8.9 7.8 2.3 0 0 9.8 83 107 3.5 -2.6
"67" "67" 1997-03-22 32.82 "MIL" "" "NYK" "W" 1 1 44.1666666666667 0.625 0.625 15.2 9.9 12.6 4.7 2.6 0 15.8 22.1 111 96 14.9 3.4
"68" "" 1997-03-25 32.82 "MIL" "@" "PHO" "L" -5 NA NA NA NA NA NA NA NA NA NA NA NA NA NA NA NA
"69" "" 1997-03-26 32.83 "MIL" "@" "LAL" "L" -22 NA NA NA NA NA NA NA NA NA NA NA NA NA NA NA NA
"70" "68" 1997-03-28 32.83 "MIL" "@" "UTA" "L" -5 0 35.9333333333333 0.615 0.5 4.3 24.6 15.5 7.8 0 0 29.1 9.3 103 111 5 0.8
"71" "69" 1997-03-30 32.84 "MIL" "@" "DEN" "L" -2 0 16.1833333333333 0.266 0 0 40.9 19.4 8.6 0 0 34.7 7.3 50 102 0.2 -10.8
"72" "70" 1997-04-01 32.84 "MIL" "@" "VAN" "W" 11 0 13.9166666666667 0.694 0.5 0 0 0 0 0 0 0 22 151 121 5.2 -3.7
"73" "71" 1997-04-03 32.85 "MIL" "@" "SEA" "L" -23 0 14.8166666666667 0.333 0.333 12.8 28.2 19 37.2 7 0 0 8.7 122 101 6.7 12.7
"74" "72" 1997-04-04 32.85 "MIL" "@" "POR" "L" -15 0 21.0166666666667 0.727 0.667 0 11.7 5.6 0 4.7 3.4 22.5 19.3 106 105 7.9 4
"75" "73" 1997-04-08 32.86 "MIL" "" "ORL" "L" -15 0 23.9166666666667 0.444 0.4 9.5 14.3 11.9 7.1 0 0 22.8 17.7 84 116 1.9 -6
"76" "74" 1997-04-10 32.87 "MIL" "@" "NJN" "L" -5 0 18.4166666666667 0.127 0 5.6 12.1 8.7 7.6 2.9 0 0 20.1 46 102 -0.3 -13.2
"77" "75" 1997-04-11 32.87 "MIL" "" "PHI" "W" 8 0 7.26666666666667 0 0 16.7 49 33 0 0 9.1 0 5.8 75 107 1.6 -2.4
"78" "76" 1997-04-13 32.88 "MIL" "" "NJN" "W" 9 0 24.25 0.506 0.5 16.7 12.5 14.7 15.8 2.2 3.2 8.4 22.7 120 133 9.9 -4.1
"79" "77" 1997-04-15 32.88 "MIL" "" "TOR" "W" 7 0 29.5333333333333 0.781 0.8 12.3 14.4 13.6 0 0 8.8 8.4 20.9 137 96 15.6 9.2
"80" "78" 1997-04-16 32.88 "MIL" "@" "DET" "L" -7 0 29.35 0.452 0.25 0 11.8 6.6 0 1.9 2.2 13.1 13.3 85 107 2.8 -4.8
"81" "79" 1997-04-18 32.89 "MIL" "@" "MIN" "L" -10 0 24.7333333333333 0.984 1 13.2 22.6 18.3 5.6 0 14.1 28.2 12.9 149 122 13.4 8.1
"82" "80" 1997-04-20 32.9 "MIL" "" "CHH" "W" 20 0 24.9833333333333 0.901 0.909 5.5 19.2 12.8 0 2 0 7.3 24.1 163 103 20 11.2
"1" "1" 1997-10-31 33.43 "MIL" "@" "PHI" "W" 15 0 26.9666666666667 0.4 0.4 16.7 19.8 18.5 5.6 4 5.2 16.7 21.9 84 93 7.5 -6
"2" "2" 1997-11-01 33.43 "MIL" "" "NJN" "L" -4 0 16.3166666666667 0.667 0.667 0 9.2 4.6 0 0 0 25 11.5 91 114 1.6 -5.4
"3" "3" 1997-11-04 33.44 "MIL" "" "ORL" "W" 34 0 24.25 0.872 0.833 6.1 12.5 9.9 23.5 2.2 0 22.5 17.1 144 88 11.6 8.8
"4" "4" 1997-11-06 33.44 "MIL" "" "PHI" "W" 7 0 23.4 0.622 0.429 11 17.9 14.3 14 2.4 0 9.4 20.3 145 106 11.6 5.7
"5" "5" 1997-11-08 33.45 "MIL" "" "BOS" "W" 9 0 21.35 0.667 0.667 6.3 18.5 12.5 0 2.5 0 25 8.6 104 102 3.9 -2.7
"6" "6" 1997-11-12 33.46 "MIL" "@" "PHO" "L" -8 0 10.5166666666667 0 0 0 0 0 10.6 0 0 25 16.5 15 122 -4 -25.3
"7" "7" 1997-11-13 33.46 "MIL" "@" "LAC" "W" 8 0 22.5 0.778 0.714 16 11.2 13.6 7.8 0 0 0 19.3 172 110 13.5 7.4
"8" "8" 1997-11-15 33.47 "MIL" "@" "VAN" "L" -15 0 12.85 0.515 0.333 0 10.9 5.8 0 0 0 0 13.7 113 119 2.2 -7.7
"9" "9" 1997-11-16 33.47 "MIL" "@" "SEA" "L" -20 0 16.4833333333333 0.532 0.5 0 17.1 8.4 0 6.3 0 44.4 19 57 123 0.6 -11.6
"10" "10" 1997-11-18 33.48 "MIL" "" "DET" "W" 8 0 8.33333333333333 0.42 0 25 0 13.6 20 7 0 0 27.6 124 86 4.6 11.7
"11" "11" 1997-11-20 33.48 "MIL" "" "IND" "L" -26 0 15.2166666666667 0.563 0.5 5.6 20.6 10.9 0 0 0 18.4 15.6 96 123 3.3 -5.3
"12" "12" 1997-11-22 33.49 "MIL" "@" "DAL" "W" 21 0 21.5666666666667 0.75 0.75 9.9 21 15.9 0 4.8 6.2 0 16.1 154 58 14.3 17.7
"13" "13" 1997-11-26 33.5 "MIL" "" "VAN" "W" 19 0 26.8833333333333 0.658 0.625 14 27.9 22 5.9 7.7 0 22 22.7 112 73 14.6 7.4
"14" "14" 1997-11-28 33.5 "MIL" "@" "ORL" "L" -4 0 13.5333333333333 0.525 0.667 9.5 36.9 23.4 0 4.4 0 17.4 20.5 90 95 4 0.2
"15" "15" 1997-11-29 33.51 "MIL" "@" "MIA" "W" 6 0 16.3666666666667 0.75 0.75 0 30 16 0 0 0 20 14.6 113 98 3.8 0.7
"16" "16" 1997-12-02 33.52 "MIL" "" "PHO" "L" -4 0 21.7166666666667 0.773 0.667 5.5 5.9 5.7 0 0 0 34 12.6 103 109 2.9 -5.2
"17" "17" 1997-12-04 33.52 "MIL" "" "CHH" "W" 10 0 3.81666666666667 NA NA 0 0 0 0 0 0 100 22.5 0 110 -2 -31.6
"18" "18" 1997-12-05 33.52 "MIL" "@" "CHI" "L" -22 1 43.5833333333333 0.66 0.636 7.6 19.8 14.5 15.2 0 0 12.8 17.8 121 97 16.4 8.2
"19" "19" 1997-12-07 33.53 "MIL" "" "SEA" "W" 6 1 42.85 0.533 0.385 21.7 10.4 15.5 10.7 0 1.7 10.1 20.4 127 108 16.4 2.5
"20" "20" 1997-12-10 33.54 "MIL" "@" "BOS" "L" -5 0 28.4166666666667 0.563 0.5 25.7 0 12.5 7.9 0 2.6 23.1 28.2 101 117 10.2 -2.8
"21" "21" 1997-12-11 33.54 "MIL" "" "CLE" "L" -2 0 12.05 0 0 26.7 35.3 31.3 13.3 0 0 60 20.5 27 95 -1.8 -16.8
"22" "22" 1997-12-13 33.55 "MIL" "" "MIA" "L" -3 0 7.51666666666667 NA NA 0 33.4 19 20.8 0 0 NA 0 206 103 1.3 3.3
"23" "23" 1997-12-17 33.56 "MIL" "@" "CHH" "L" -9 0 13.5 0.725 0 0 33.2 16.1 0 0 4.8 0 9.9 168 107 3.7 0.4
"24" "24" 1997-12-19 33.56 "MIL" "@" "TOR" "L" -1 0 27.9833333333333 0.661 0.615 12.5 10.1 11.4 17.8 2 5.4 14.7 32.5 119 104 18.6 12.3
"25" "25" 1997-12-20 33.56 "MIL" "" "NYK" "W" 20 0 12.9 0.266 0 9.7 41 26.7 10.5 0 6.2 34.7 10.7 71 81 2.5 0.8
"26" "26" 1997-12-22 33.57 "MIL" "" "WAS" "L" -31 0 11.0666666666667 0.266 0 0 32.3 12 0 0 7 34.7 22.4 39 117 -0.9 -14.2
"27" "27" 1997-12-26 33.58 "MIL" "" "ATL" "W" 5 0 11.1666666666667 0.5 0.5 11.8 0 5.7 0 5.4 0 60 21.7 45 104 -1.1 -15.1
"28" "28" 1997-12-27 33.58 "MIL" "@" "NJN" "L" -8 0 33.5 0.703 0.6 12.6 10.2 11.5 0 3.3 2.1 6.9 19.8 147 105 17.8 10.3
"29" "29" 1997-12-30 33.59 "MIL" "" "DAL" "W" 7 0 24.5166666666667 0.45 0.429 19.2 13.8 16.4 0 0 0 12.2 30.6 95 105 6.9 -5.9
"30" "30" 1998-01-02 33.6 "MIL" "@" "CHI" "L" -14 1 40.1166666666667 0.654 0.667 8.8 27.4 17.4 7.9 2.5 2 17.9 18.9 111 114 16.4 3.2
"31" "31" 1998-01-03 33.6 "MIL" "" "BOS" "L" -7 0 34.1166666666667 0.521 0.3 10.9 22.8 16.1 10.2 0 0 12.2 22.7 112 120 11 -1
"32" "32" 1998-01-05 33.61 "MIL" "@" "POR" "W" 6 1 46.2666666666667 0.505 0.5 7.8 17.9 12.5 6.4 2.3 0 13.4 15.2 100 105 11.1 -3.3
"33" "33" 1998-01-07 33.61 "MIL" "@" "LAL" "L" -12 0 22.6 0.559 0.444 22 11.6 16.9 0 8.2 0 7.4 24 122 102 14.5 9.2
"34" "34" 1998-01-08 33.62 "MIL" "@" "UTA" "L" -7 0 33.7333333333333 0.751 0.667 16.8 21.7 18.7 0 0 0 12 10 153 127 9.7 -0.7
"35" "35" 1998-01-10 33.62 "MIL" "" "POR" "W" 5 1 46.9333333333333 0.653 0.692 7.9 17.2 12.7 0 1.1 0 19.9 20.5 104 93 13.5 -0.9
"36" "36" 1998-01-12 33.63 "MIL" "" "LAC" "W" 15 1 31.2666666666667 0.558 0.538 7.2 20.2 13.9 12.8 0 0 22.9 22.8 96 99 8 -4
"37" "37" 1998-01-14 33.63 "MIL" "" "GSW" "W" 6 1 42.0666666666667 0.61 0.417 6.5 11.1 9 12.6 0 1.6 0 18 145 112 17.8 4
"38" "38" 1998-01-16 33.64 "MIL" "" "CHI" "L" -10 0 27.3166666666667 0.532 0 4.6 24 14 5.4 0 0 21 8.5 109 115 3.7 -5.1
"39" "39" 1998-01-18 33.64 "MIL" "" "SAS" "L" -6 0 24.6 0.425 0.3 7.7 24.7 15.1 6.1 2.3 6.5 7.8 22.4 106 97 8.4 5
"40" "40" 1998-01-20 33.65 "MIL" "@" "ATL" "L" -10 0 19.6666666666667 0.579 0.333 6.9 14.5 10.6 7.9 0 3.5 25.8 29.1 98 124 5.1 -7.1
"41" "41" 1998-01-21 33.65 "MIL" "@" "ORL" "W" 7 0 18.8 0.667 0.667 14.9 21.1 18 0 3 0 50 14.6 70 97 1.4 -9.2
"42" "42" 1998-01-24 33.66 "MIL" "" "SAC" "W" 4 0 21.3 0.43 0.444 4.8 5.7 5.2 0 2.5 3.4 0 24.5 95 104 6.4 -0.9
"43" "43" 1998-01-27 33.67 "MIL" "" "DET" "W" 2 0 22.3166666666667 0.845 0.875 5 25.4 15 0 0 0 18.4 24.7 124 98 11.6 7.3
"44" "44" 1998-01-29 33.67 "MIL" "@" "NYK" "W" 3 0 27.4 0.205 0 0 13.1 6.8 0 2 3 17 10.4 40 110 -0.8 -10.3
"45" "45" 1998-02-01 33.68 "MIL" "@" "MIN" "W" 8 0 21.9 0.654 0.667 11.2 19.3 14.9 6.8 2.4 0 0 13.7 149 120 8.4 0.1
"46" "46" 1998-02-03 33.69 "MIL" "" "NYK" "W" 4 0 8.86666666666667 0.532 0 14.4 0 7.3 0 12.4 0 34.7 16 89 76 3 4.8
"47" "47" 1998-02-05 33.69 "MIL" "" "MIA" "L" -4 0 33.5333333333333 0.536 0.5 16.6 13.8 15.1 12.4 1.8 0 5.1 28.9 122 112 15.8 6.1
"48" "48" 1998-02-10 33.71 "MIL" "" "ATL" "L" -8 0 15.6333333333333 0.347 0 7.5 33.3 19.7 8.3 3.5 4.5 0 16.8 109 111 5.1 1.8
"49" "49" 1998-02-11 33.71 "MIL" "@" "DET" "L" -12 0 27.3666666666667 0.45 0.375 0 5.4 2.5 6.9 2 0 31.1 21.9 68 110 1.2 -7.6
"50" "50" 1998-02-14 33.72 "MIL" "@" "CLE" "W" 6 0 22.4333333333333 0.521 0.333 5.6 11.8 8.6 6.9 2.5 0 10.4 20.3 110 105 5.2 -5.6
"51" "51" 1998-02-16 33.72 "MIL" "@" "NJN" "L" -11 0 6.81666666666667 NA NA 0 0 0 0 0 0 100 6.4 0 125 -1.8 -18.6
"52" "52" 1998-02-18 33.73 "MIL" "@" "WAS" "W" 10 0 13.1666666666667 0.605 0.571 11.5 17.6 15 13.1 0 0 11.8 31 118 114 6.7 0.7
"53" "53" 1998-02-20 33.73 "MIL" "" "TOR" "W" 5 0 27.8666666666667 0.595 0.429 29.3 13.2 20.3 16.6 1.8 0 9 34.1 130 93 21.9 11.6
"54" "54" 1998-02-22 33.74 "MIL" "" "CLE" "W" 8 0 19.8833333333333 0.774 1 0 33.5 19.2 0 0 3.3 46.9 21.5 79 78 2.8 -3.4
"55" "55" 1998-02-24 33.75 "MIL" "" "LAL" "L" -17 0 19.35 0.394 0.375 0 21.5 9.9 0 0 0 0 21 85 111 3 -7.3
"56" "56" 1998-02-26 33.75 "MIL" "@" "NYK" "L" -12 0 7.91666666666667 0 0 36.4 0 17.9 17.6 0 0 0 24.4 49 125 -0.7 -18.3
"57" "57" 1998-03-04 33.77 "MIL" "@" "PHI" "L" -7 0 23.8333333333333 0.643 0.6 9.5 12.5 11.1 0 2.3 0 26.9 28.6 95 98 6.7 -2.9
"58" "58" 1998-03-05 33.77 "MIL" "" "DEN" "W" 17 0 29.75 0.704 0.4 8.2 30.6 20.5 10.1 1.8 2.3 10.5 13.8 155 89 14.7 8
"59" "59" 1998-03-07 33.78 "MIL" "" "UTA" "L" -18 1 39.6666666666667 0.436 0.333 3 17.1 8.8 11.9 4.1 2 22.5 20.2 85 119 8.1 -2.6
"60" "60" 1998-03-10 33.78 "MIL" "" "WAS" "L" -16 0 25.2 0.333 0.333 9.4 15.2 12.2 0 2.2 3 0 21.6 81 102 4.4 -2.1
"61" "61" 1998-03-11 33.79 "MIL" "@" "CLE" "L" -12 0 24 0.474 0.385 5.4 0 3 0 2.3 3.1 6.3 30.3 99 108 7.1 -1.5
"62" "62" 1998-03-13 33.79 "MIL" "@" "IND" "L" -20 0 18.2666666666667 0.436 0.5 0 8.9 3.9 0 3.3 0 12.7 23.2 76 116 1.3 -8.5
"63" "63" 1998-03-14 33.79 "MIL" "" "PHI" "L" -4 0 37.3166666666667 0.45 0.375 3.7 25.2 14.6 8.6 0 1.8 14.5 27.8 84 104 8.3 -6.4
"64" "64" 1998-03-16 33.8 "MIL" "@" "SAS" "L" -11 1 28.45 0.364 0.364 6.4 11 8.1 6.8 5.8 0 26.7 23.8 62 109 2.8 -11
"65" "65" 1998-03-17 33.8 "MIL" "@" "HOU" "L" -5 1 34.9833333333333 0.54 0.4 6.5 12.9 9.3 16.6 6.1 0 5.1 25.2 121 102 18.1 7.5
"66" "66" 1998-03-19 33.81 "MIL" "@" "ATL" "L" -3 1 36.1666666666667 0.519 0.529 6.7 12.1 9 0 1.5 2.3 9.8 24.6 100 100 12.5 2.6
"67" "67" 1998-03-22 33.82 "MIL" "" "IND" "L" -2 1 44.7 0.41 0.313 2.9 17.2 10.2 18 0 0 9.3 22.9 87 104 7.3 -4.1
"68" "68" 1998-03-24 33.82 "MIL" "" "HOU" "W" 10 1 41.95 0.688 0.611 0 17.1 9.1 3.4 0 0 4.5 23.6 140 117 21.1 -0.3
"69" "69" 1998-03-26 33.83 "MIL" "@" "CHH" "L" -14 1 39.7166666666667 0.355 0.353 9.1 17.1 12.6 9.3 1.4 3.5 9.8 23 81 105 8.7 -0.1
"70" "70" 1998-03-27 33.83 "MIL" "@" "MIA" "L" -25 1 29.4166666666667 0.658 0.625 0 19.7 8.3 9.9 0 0 15.8 19.2 111 111 8.2 0.8
"71" "71" 1998-03-29 33.84 "MIL" "" "CHI" "L" -17 1 37.7666666666667 0.46 0.4 13.4 12.6 13.1 13.8 2.7 0 23.5 24.3 88 108 9.9 -1.1
"72" "72" 1998-03-31 33.84 "MIL" "@" "GSW" "W" 5 1 49 0.579 0.389 6.4 15.1 10.7 26.6 0 1.4 19.3 28.8 108 94 20.7 4.3
"73" "73" 1998-04-01 33.84 "MIL" "@" "DEN" "W" 6 1 30 0.701 0.625 10.7 26 19.7 28.6 0 4.4 0 21.3 160 109 20.4 10.4
"74" "74" 1998-04-03 33.85 "MIL" "@" "SAC" "W" 1 1 34.6333333333333 0.51 0.438 8.4 17.5 12.9 6.4 0 0 13.9 27.1 103 98 10.6 -0.5
"75" "75" 1998-04-05 33.85 "MIL" "@" "IND" "L" -1 0 27.1166666666667 0.644 0.625 0 21.7 12.9 14.7 2.1 3 34.9 27 82 103 6.8 -0.2
"76" "76" 1998-04-07 33.86 "MIL" "" "TOR" "W" 9 0 24.5166666666667 0.403 0.429 0 19.5 9.6 16.7 2.1 0 0 13.2 107 107 5.8 -2.6
"77" "77" 1998-04-08 33.86 "MIL" "@" "TOR" "W" 7 1 34.55 0.579 0.333 14.5 15 14.8 11.1 1.5 2.2 18.8 14.3 123 108 12.3 -1.7
"78" "78" 1998-04-11 33.87 "MIL" "" "NJN" "L" -7 1 42.75 0.672 0.647 0 19.9 8.3 7 0 0 13 23 119 131 17.8 -1.1
"79" "79" 1998-04-14 33.88 "MIL" "" "CHH" "L" -22 1 29.25 0.8 0.8 6.9 10 8.2 28 0 2.4 23.1 19.2 115 115 13.6 7.6
"80" "80" 1998-04-15 33.88 "MIL" "@" "BOS" "W" 8 1 29.0833333333333 0.752 0.625 4.6 21.1 14 5.4 1.7 2.3 15.8 18.7 137 106 14.9 5
"81" "81" 1998-04-17 33.89 "MIL" "@" "DET" "L" -6 1 34.3333333333333 0.666 0.615 3.8 10.6 7.3 9.8 0 2.2 5.7 23.3 136 121 17.2 4.9
"82" "82" 1998-04-18 33.89 "MIL" "" "MIN" "L" -2 1 34.95 0.634 0.583 3.7 10.5 7.2 30.6 2.9 0 17.4 21 126 119 15.5 2.7
"1" "1" 1999-02-06 34.7 "MIL" "@" "CHH" "W" 6 0 30.15 0.634 0.444 3.3 4.9 4 0 7.1 0 6.9 22.2 127 99 15.1 5.4
"2" "2" 1999-02-09 34.7 "MIL" "@" "TOR" "W" 14 0 23.2666666666667 0.508 0.429 5.5 17.4 12.1 0 2.3 3.5 0 16.2 112 82 7.1 2
"3" "3" 1999-02-11 34.71 "MIL" "" "NJN" "W" 20 0 20.85 0.72 0.6 6.7 8.6 7.9 0 4.9 0 20.7 21 119 79 8.8 3.7
"4" "4" 1999-02-14 34.72 "MIL" "@" "ORL" "L" -3 0 21 0.34 0.2 0 24.8 13.4 0 0 0 40.5 23 42 95 -2.4 -15.9
"5" "5" 1999-02-16 34.72 "MIL" "@" "PHI" "W" 1 0 20.9 0.255 0.2 0 7.4 2.9 6.4 0 0 0 13.2 71 117 0.5 -8.5
"6" "6" 1999-02-17 34.73 "MIL" "" "CHI" "W" 8 0 21.1833333333333 0.81 0.778 10.6 39.2 23.4 0 0 0 0 21.5 172 97 14.9 15.7
"7" "7" 1999-02-19 34.73 "MIL" "@" "TOR" "L" -8 0 23.2166666666667 1 1 0 14.6 7.4 19.3 5 3 33.3 12.5 122 98 9 10
"8" "8" 1999-02-20 34.73 "MIL" "" "IND" "L" -2 0 21.7 0.457 0.429 5.5 11.5 8.4 17.1 2.8 0 0 21.3 109 103 6.8 4.2
"9" "9" 1999-02-23 34.74 "MIL" "@" "CHI" "W" 2 0 19.3833333333333 0.532 0.5 0 6.5 3.2 0 3 4.4 21 12.3 84 105 2.4 -5.8
"10" "10" 1999-02-26 34.75 "MIL" "@" "DEN" "L" -1 0 18.8333333333333 0.773 0.667 6.5 8.1 7.2 9.4 0 0 11.4 22.3 145 123 9.3 1.7
"11" "11" 1999-02-28 34.76 "MIL" "" "PHI" "L" -11 0 20.05 0.581 0.5 5.2 12.3 8.5 9 0 0 0 15.7 140 108 6.6 5.1
"12" "12" 1999-03-02 34.76 "MIL" "@" "NJN" "W" 8 0 15.85 0.364 0.364 0 17.6 9.4 0 0 0 8.3 33.2 74 97 1.8 -10.9
"13" "13" 1999-03-03 34.76 "MIL" "" "GSW" "W" 28 0 16.4333333333333 0.451 0.375 7.9 20.7 15.6 11.1 0 0 26.5 43.3 75 84 2.2 -16.2
"14" "14" 1999-03-05 34.77 "MIL" "" "NYK" "W" 1 0 17.2666666666667 0.2 0.2 11.5 0 6.4 0 0 0 0 13.9 72 116 -0.5 -14.4
"15" "15" 1999-03-08 34.78 "MIL" "" "CHI" "W" 5 0 20.0166666666667 0.225 0.125 10.9 36 22.9 0 2.8 0 10.1 23.5 57 85 2 -9.8
"16" "16" 1999-03-09 34.78 "MIL" "@" "NYK" "W" 1 0 16.4333333333333 0.58 0.5 7.3 14.6 11 0 0 0 20.5 29.5 96 105 3.7 -7.9
"17" "17" 1999-03-10 34.78 "MIL" "" "SEA" "W" 4 0 15.1666666666667 0.444 0.429 8.4 8.6 8.5 0 0 0 11.3 27.4 93 116 2.1 -11.5
"18" "18" 1999-03-12 34.79 "MIL" "@" "IND" "L" -5 1 30.4 0.444 0.417 15.5 14.5 15.1 0 1.8 0 17 25.5 91 127 6.7 -9.1
"19" "19" 1999-03-14 34.79 "MIL" "@" "WAS" "L" -12 1 22.6666666666667 0.547 0.545 16.5 4.3 9.6 0 0 0 7.8 26.8 111 122 7.9 -1.4
"20" "20" 1999-03-15 34.8 "MIL" "" "NYK" "L" -6 1 19.2166666666667 0.615 0.5 7.7 7.9 7.8 8 0 0 12 19.9 127 129 6.3 -0.9
"21" "21" 1999-03-16 34.8 "MIL" "" "PHO" "L" -18 0 9.01666666666667 0.25 0.25 0 0 0 0 6.2 0 0 21.7 57 124 0.6 -10.4
"22" "" 1999-03-18 34.81 "MIL" "" "BOS" "W" 16 NA NA NA NA NA NA NA NA NA NA NA NA NA NA NA NA
"23" "22" 1999-03-20 34.81 "MIL" "@" "ATL" "W" 6 0 22.2333333333333 0.286 0.286 5.7 10.9 8.4 16.4 0 9.5 12.5 18.7 70 100 2.6 -3.9
"24" "23" 1999-03-21 34.81 "MIL" "" "CHH" "L" -7 0 9.96666666666667 0.41 0.25 0 25.3 11.7 17 0 0 0 22.3 105 109 2.5 0.4
"25" "" 1999-03-22 34.82 "MIL" "" "DET" "W" 29 NA NA NA NA NA NA NA NA NA NA NA NA NA NA NA NA
"26" "24" 1999-03-24 34.82 "MIL" "" "MIA" "L" -8 0 13.3333333333333 0.678 0.5 0 33.6 17 0 4.3 0 0 25.3 143 83 8 15
"27" "" 1999-03-26 34.83 "MIL" "@" "DET" "L" -5 NA NA NA NA NA NA NA NA NA NA NA NA NA NA NA NA
"28" "" 1999-03-28 34.83 "MIL" "@" "MIN" "W" 9 NA NA NA NA NA NA NA NA NA NA NA NA NA NA NA NA
"29" "" 1999-03-30 34.84 "MIL" "" "WAS" "W" 2 NA NA NA NA NA NA NA NA NA NA NA NA NA NA NA NA
"30" "" 1999-03-31 34.84 "MIL" "@" "CHH" "W" 8 NA NA NA NA NA NA NA NA NA NA NA NA NA NA NA NA
"31" "" 1999-04-02 34.85 "MIL" "@" "BOS" "W" 1 NA NA NA NA NA NA NA NA NA NA NA NA NA NA NA NA
"32" "" 1999-04-04 34.85 "MIL" "@" "CLE" "L" -24 NA NA NA NA NA NA NA NA NA NA NA NA NA NA NA NA
"33" "25" 1999-04-06 34.86 "MIL" "@" "PHI" "L" -8 0 16.2333333333333 0.902 0.833 6.8 34.3 19 0 0 5.2 11.4 25.8 159 110 11.8 14.5
"34" "" 1999-04-07 34.86 "MIL" "" "CLE" "W" 8 NA NA NA NA NA NA NA NA NA NA NA NA NA NA NA NA
"35" "" 1999-04-09 34.87 "MIL" "@" "ORL" "L" -12 NA NA NA NA NA NA NA NA NA NA NA NA NA NA NA NA
"36" "26" 1999-04-11 34.87 "MIL" "@" "MIA" "L" -3 0 24.85 0.709 0.667 5.8 26.5 15.5 6.5 4.6 0 11.4 17.8 131 109 10.8 6.5
"37" "27" 1999-04-13 34.88 "MIL" "" "ATL" "W" 7 0 7.2 0.347 0 0 16.7 9.1 0 0 0 0 21.8 81 107 0.9 -11.5
"38" "" 1999-04-14 34.88 "MIL" "" "MIA" "W" 12 NA NA NA NA NA NA NA NA NA NA NA NA NA NA NA NA
"39" "" 1999-04-16 34.88 "MIL" "" "CHH" "L" -1 NA NA NA NA NA NA NA NA NA NA NA NA NA NA NA NA
"40" "28" 1999-04-18 34.89 "MIL" "@" "CHI" "L" -2 0 28.0166666666667 0.727 0.667 4 17.6 10.5 20.5 0 0 0 17.5 154 98 14.4 11.2
"41" "" 1999-04-20 34.9 "MIL" "" "ORL" "W" 12 NA NA NA NA NA NA NA NA NA NA NA NA NA NA NA NA
"42" "" 1999-04-21 34.9 "MIL" "@" "IND" "L" -8 NA NA NA NA NA NA NA NA NA NA NA NA NA NA NA NA
"43" "29" 1999-04-23 34.9 "MIL" "" "CLE" "W" 4 0 20.5833333333333 0.34 0.2 18 21.3 19.8 0 5.8 7.9 33.8 20.9 64 78 4.6 2.3
"44" "30" 1999-04-25 34.91 "MIL" "@" "ATL" "L" -15 0 9 0.266 0 0 0 0 0 0 0 0 11 63 124 -0.1 -8.5
"45" "" 1999-04-26 34.91 "MIL" "" "WAS" "W" 8 NA NA NA NA NA NA NA NA NA NA NA NA NA NA NA NA
"46" "" 1999-04-28 34.92 "MIL" "" "TOR" "W" 13 NA NA NA NA NA NA NA NA NA NA NA NA NA NA NA NA
"47" "31" 1999-04-30 34.92 "MIL" "" "DET" "L" -5 0 13.9166666666667 0.307 0.25 0 42.9 19 12.4 4.2 0 0 18 75 88 3.1 1.4
"48" "32" 1999-05-01 34.93 "MIL" "@" "BOS" "W" 9 0 22.9333333333333 0.521 0.375 4.6 36.5 19.6 0 0 11.8 14.8 27.1 101 82 8.9 3.5
"49" "33" 1999-05-04 34.93 "MIL" "" "TOR" "W" 13 1 29.95 0.441 0.4 8.2 24.9 17.1 12.6 1.7 2.4 5.9 25 100 88 10.7 1.3
"50" "34" 1999-05-05 34.94 "MIL" "@" "NJN" "L" -8 1 27.95 0.667 0.667 0 4.3 2.3 4.9 1.9 0 18.2 18.4 109 128 6.9 -3.4
"1" "" 2000-01-08 35.62 "UTA" "@" "HOU" "W" 16 NA NA NA NA NA NA NA NA NA NA NA NA NA NA NA NA
"2" "1" 2000-01-10 35.62 "UTA" "@" "SAS" "L" -7 0 9.16666666666667 0 0 0 32.3 14.4 17.2 0 9 0 15.7 20 99 -1.3 -12.1
"3" "2" 2000-01-13 35.63 "UTA" "" "MIA" "W" 10 0 22.6 0.425 0.4 0 36.5 17.8 0 2.3 0 7.8 25.9 79 88 5.1 -4
"4" "3" 2000-01-15 35.64 "UTA" "" "LAC" "W" 37 0 26.5166666666667 0.553 0.5 8.8 36.9 24.1 30.1 1.9 0 7.8 21.3 127 77 15.4 10.3
"5" "4" 2000-01-19 35.65 "UTA" "" "MIN" "L" -3 0 20.7166666666667 0.667 0.667 0 10.2 5.6 0 0 0 14.3 16.1 106 109 4.2 -1.9
"6" "5" 2000-01-20 35.65 "UTA" "@" "VAN" "W" 5 0 11.3166666666667 0.258 0 0 29.8 16.2 0 0 5.5 34 26.6 37 94 -0.5 -16.3
"7" "6" 2000-01-22 35.65 "UTA" "@" "SAC" "W" 3 0 21.6 0.5 0.5 6.1 9.9 8.2 6.2 2.3 3.3 0 12.3 120 108 5.1 -0.4
"8" "7" 2000-01-24 35.66 "UTA" "" "LAL" "W" 4 0 10.4166666666667 1.136 NA 0 0 0 0 0 0 82 22.8 39 100 -3.2 -19.8
"9" "8" 2000-01-26 35.67 "UTA" "" "VAN" "L" -17 0 17.3833333333333 0.563 0.5 22.3 0 12.1 0 0 0 10.1 28.1 114 139 6.7 -7.5
"10" "9" 2000-01-27 35.67 "UTA" "@" "POR" "L" -10 0 25.4833333333333 0.615 0.5 11.5 12 11.7 0 2.3 0 14.1 27.2 112 100 10.9 5.5
"11" "10" 2000-01-29 35.67 "UTA" "@" "MIN" "L" -2 0 10.45 0.286 0.286 0 21.8 11.7 18.2 0 0 0 31.7 70 107 1.2 -6
"12" "11" 2000-02-01 35.68 "UTA" "" "SEA" "L" -8 0 13.75 1 1 28.6 9.8 19.3 9.9 4 6.3 0 3.4 213 112 5.7 8.5
"13" "12" 2000-02-03 35.69 "UTA" "" "MIL" "L" -3 0 11.45 0.4 0.4 0 21.3 10.6 29.8 0 0 16.7 24 84 116 1.9 -4.5
"14" "13" 2000-02-04 35.69 "UTA" "@" "LAL" "L" -46 0 28.25 0.436 0.333 6.6 17.1 11.2 8.3 3.6 0 36.8 16.7 63 114 2.3 -6.3
"15" "14" 2000-02-06 35.7 "UTA" "" "SAS" "W" 3 0 18.5666666666667 0.5 0.5 15.8 32.4 24.9 0 0 3.6 0 26.4 110 103 7.8 0.3
"16" "15" 2000-02-09 35.7 "UTA" "" "CHI" "W" 27 0 21.1333333333333 0.825 0.857 7.1 7.6 7.4 14.6 0 0 20.2 22 125 106 9.7 1.7
"17" "16" 2000-02-15 35.72 "UTA" "" "BOS" "L" -2 0 19.8333333333333 0.571 0.571 5.6 36 20.2 0 0 0 12.5 17.2 102 106 5.4 -3
"18" "17" 2000-02-17 35.73 "UTA" "" "SAC" "W" 11 0 11.4166666666667 0.635 0.571 12.5 29.1 21.8 0 0 6.7 11.3 36 114 105 6.8 -0.1
"19" "18" 2000-02-19 35.73 "UTA" "" "DET" "W" 4 0 21.3833333333333 0.387 0.167 5.1 28.6 16.1 0 0 3.7 20.5 21.6 77 99 3.1 -5.3
"20" "19" 2000-02-21 35.74 "UTA" "" "ATL" "W" 2 0 9.66666666666667 0.644 0.667 12.3 12.6 12.5 0 0 0 0 18.4 137 111 4.3 3.2
"21" "20" 2000-02-24 35.75 "UTA" "@" "DAL" "W" 7 0 10.15 0.45 0.375 55.8 10 31.6 22.2 0 0 10.1 43.9 107 100 6.3 -1.1
"22" "21" 2000-02-25 35.75 "UTA" "" "ORL" "W" 8 0 12.5166666666667 0.8 0.8 8 20 13.3 0 4.2 0 0 17.5 160 99 7.2 8.4
"23" "22" 2000-02-27 35.75 "UTA" "@" "POR" "L" -9 0 14.8833333333333 0.2 0.2 0 21.3 9.1 10.1 0 0 16.7 19 45 123 -2 -16.3
"24" "23" 2000-02-28 35.76 "UTA" "" "NJN" "W" 5 0 8.25 0.143 0.143 50 40.9 45 17.6 0 0 0 40.9 73 106 0.4 -25.8
"25" "24" 2000-03-01 35.76 "UTA" "@" "DET" "W" 13 0 21.3 0.669 0.583 30.1 22.3 26 0 0 0 12.3 34.7 128 106 16.1 4.6
"26" "25" 2000-03-03 35.77 "UTA" "@" "CHH" "W" 2 0 10.2833333333333 0.338 0.25 11.2 24.6 17.6 0 0 0 31.1 30 57 103 -0.5 -18.4
"27" "26" 2000-03-05 35.77 "UTA" "@" "NYK" "W" 9 0 15.1333333333333 0.2 0.2 17.8 31.2 24.9 0 0 5.1 0 16.4 71 87 1.8 -5.1
"28" "27" 2000-03-07 35.78 "UTA" "" "CLE" "W" 18 0 14.3 0.58 0.5 21.4 27.1 24.5 36.4 0 11.2 20.5 31.6 117 98 10.1 12
"29" "28" 2000-03-09 35.78 "UTA" "" "HOU" "W" 19 0 16.7 0.75 0.75 0 7.4 4.3 34.7 0 0 33.3 18.5 113 108 5.1 4.2
"30" "29" 2000-03-10 35.79 "UTA" "@" "PHO" "W" 3 0 12.2333333333333 0.363 0.333 12.9 0 6.3 0 4.7 7.3 12.7 33 74 103 2.2 -9.5
"31" "30" 2000-03-13 35.79 "UTA" "@" "CHI" "W" 8 0 11.65 0.34 0.2 8.3 60 31.8 16.7 0 0 14.5 25.6 76 80 1.5 -10.8
"32" "31" 2000-03-16 35.8 "UTA" "@" "CLE" "W" 21 0 5.1 0 0 0 0 0 0 0 14.3 33.3 26.3 0 93 -1.7 -22.6
"33" "32" 2000-03-17 35.81 "UTA" "@" "PHI" "L" -2 0 12.4166666666667 0.333 0.333 29.3 21.1 25.3 13.3 0 0 25 15.2 93 113 2.7 -3.8
"34" "33" 2000-03-19 35.81 "UTA" "@" "NJN" "W" 4 0 7.78333333333333 0.667 0.667 16.2 0 8.1 57.1 0 0 0 18.7 152 109 4.4 15.4
"35" "34" 2000-03-21 35.82 "UTA" "" "DEN" "W" 13 0 19.5333333333333 0.595 0.6 0 5.7 3 16.1 0 0 14.5 16.7 104 99 4.2 -0.2
"36" "35" 2000-03-24 35.82 "UTA" "@" "SEA" "W" 3 0 10.7166666666667 0.317 0.286 20.3 0 11.2 15.4 0 0 0 32.2 88 113 1.4 -14.3
"37" "36" 2000-03-25 35.83 "UTA" "@" "VAN" "W" 9 0 16.5666666666667 0.481 0.429 12.3 17.3 14.9 12.5 3.4 0 0 23.6 119 87 7.1 5.3
"38" "37" 2000-03-27 35.83 "UTA" "" "DAL" "L" -8 0 11.6666666666667 0.75 0.75 0 0 0 0 0 0 20 19.9 106 135 3 -5.2
"39" "38" 2000-03-29 35.84 "UTA" "" "PHI" "W" 14 0 8.86666666666667 0 0 17.2 22.7 20.5 0 0 0 33.3 16.1 25 99 -1.1 -17.8
"40" "39" 2000-03-31 35.84 "UTA" "" "GSW" "W" 17 0 17.9833333333333 0.533 0.444 16.2 32.2 26.4 0 0 3.3 8.8 28.5 113 92 8.7 -3.3
"41" "40" 2000-04-01 35.85 "UTA" "@" "DEN" "L" -20 0 16.0333333333333 0.625 0.625 7.3 35.3 20 16.7 0 0 20 30.5 96 126 5.4 -4.1
"42" "41" 2000-04-04 35.85 "UTA" "@" "LAC" "W" 10 0 11.4166666666667 0.436 0.333 0 0 0 0 0 0 0 29 104 113 2.6 -8.4
"43" "42" 2000-04-06 35.86 "UTA" "" "PHO" "W" 20 0 16.8333333333333 0.518 0.5 12 37.2 23.3 10.9 0 0 6.9 37.5 109 97 9.2 -0.8
"44" "43" 2000-04-07 35.86 "UTA" "@" "GSW" "W" 21 0 21 0.508 0.429 14.3 24.3 20.3 14.7 0 0 33.7 26 83 91 3.8 -9
"45" "44" 2000-04-09 35.87 "UTA" "@" "HOU" "L" -9 0 15.1833333333333 0.514 0.429 13.1 19.4 15.6 13.7 3.7 0 10.2 29 110 112 7.6 5.3
"46" "45" 2000-04-10 35.87 "UTA" "" "POR" "L" -4 0 10.4166666666667 0.5 0.5 15 0 7.1 0 0 0 33.3 15.3 78 117 -0.1 -10.2
"47" "46" 2000-04-12 35.88 "UTA" "" "LAC" "W" 9 0 16.2333333333333 0.366 0.167 9.1 28.6 20 0 3.4 5.5 0 23.8 97 93 5 -4.1
"48" "47" 2000-04-15 35.88 "UTA" "@" "SAS" "L" -23 0 9.68333333333333 0.218 0.167 0 26.7 12.2 35.3 0 0 22.5 39.7 49 122 -2 -20.8
"49" "48" 2000-04-16 35.89 "UTA" "@" "PHO" "W" 14 0 24.65 0.507 0.5 22.9 20.2 21.6 0 0 0 0 16.3 131 99 8.9 0.2
"50" "49" 2000-04-18 35.89 "UTA" "@" "DEN" "L" -1 0 27.9833333333333 0.551 0.5 18 11.8 14.7 6.2 0 0 15.5 20.5 111 114 8.2 -4.2
"51" "50" 2000-04-19 35.9 "UTA" "" "SAC" "W" 9 0 24.65 0.379 0.364 4.5 29.9 17.5 0 0 6.1 7.8 21.8 82 87 4.9 -5.2
