"Rk" "G" "Date" "Age" "Tm" "H/A" "Opp" "W/L" "By Amt" "GS" "MP" "TS%" "eFG%" "ORB%" "DRB%" "TRB%" "AST%" "STL%" "BLK%" "TOV%" "USG%" "ORtg" "DRtg" "GmSc" "BPM"
"1" "1" 1992-11-06 22.88 "WSB" "@" "CHH" "L" -7 1 37 0.776 0.75 6.5 13 9.7 24.3 2.4 1.5 13.4 15.4 141 115 22.2 8.2
"2" "2" 1992-11-07 22.89 "WSB" "" "ORL" "L" -5 1 19 0.291 0.167 5.3 40.4 23.2 0 0 0 36.8 23.4 45 95 -2.3 -19.1
"3" "3" 1992-11-10 22.9 "WSB" "@" "CLE" "L" -39 1 31 0.571 0.571 5.2 19.4 10.8 5.8 1.5 1.8 6.3 20.3 107 122 13.5 2.1
"4" "4" 1992-11-12 22.9 "WSB" "@" "ORL" "L" -27 1 25 0.232 0.111 0 16.3 7.5 5.8 8.9 0 21.8 22.2 41 102 1.4 -11.1
"5" "5" 1992-11-13 22.9 "WSB" "" "NYK" "W" 2 1 34 0.512 0.462 9.6 37.9 23.3 22.4 2.8 0 6 20.6 116 97 18 9.3
"6" "6" 1992-11-15 22.91 "WSB" "@" "NJN" "L" -7 1 42 0.738 0.75 11.4 26.7 19.7 10.2 2.3 2.5 31.8 19.2 102 102 17.8 2.2
"7" "7" 1992-11-17 22.92 "WSB" "" "BOS" "W" 4 1 38 0.507 0.467 5.3 31.6 17.2 26 2.7 0 10.7 22.2 107 99 15.9 1.8
"8" "8" 1992-11-20 22.92 "WSB" "@" "MIN" "W" 8 1 44 0.555 0.5 9.7 7.8 8.8 22.3 1.1 1.5 8.5 21.3 119 99 21 4.5
"9" "9" 1992-11-21 22.93 "WSB" "" "UTA" "W" 17 1 41 0.744 0.771 5.1 38 20.4 18.8 0 0 0 24.5 156 103 36.2 14.7
"10" "10" 1992-11-24 22.93 "WSB" "@" "NYK" "L" -10 1 21 0 0 10.2 15.6 12.8 13.4 2.4 0 46.7 31.1 15 97 -9.5 -28.5
"11" "11" 1992-11-25 22.94 "WSB" "@" "BOS" "L" -38 1 32 0.507 0.467 16.7 19.7 17.9 28.6 1.4 0 10.7 22.1 119 140 17 1.8
"12" "12" 1992-11-27 22.94 "WSB" "" "MIN" "L" -19 1 32 0.689 0.7 4.7 25.9 14.8 6.5 1.6 0 35.5 25.5 85 109 7.1 -2.8
"13" "13" 1992-11-28 22.95 "WSB" "@" "MIL" "L" -2 1 26 0.379 0.364 5.4 16.1 11.5 18.7 3.6 0 25.2 25.6 68 93 2.5 -7.6
"14" "14" 1992-12-01 22.95 "WSB" "" "SAS" "W" 13 1 39 0.59 0.5 9 21.4 15.6 6.3 2.4 0 5.1 20.7 131 101 19.3 2
"15" "15" 1992-12-03 22.96 "WSB" "" "MIL" "W" 18 1 29 0.715 0.727 22.1 36 30.5 26.1 6.1 0 29.6 23.2 111 75 18.8 9.7
"16" "16" 1992-12-05 22.96 "WSB" "" "IND" "L" -2 1 40 0.434 0.405 5.6 28.6 16.9 42 6.1 0 12.1 25.7 101 100 20.4 10
"17" "17" 1992-12-08 22.97 "WSB" "@" "SAC" "W" 8 1 38 0.575 0.5 9.5 17.6 13.7 10.7 1.3 3.2 5.4 20.7 131 109 18.3 3.5
"18" "18" 1992-12-10 22.98 "WSB" "@" "UTA" "L" -16 1 32 0.269 0.269 11 15.6 13.5 13 1.5 0 23.5 23.1 59 114 1.4 -11.6
"19" "19" 1992-12-11 22.98 "WSB" "@" "LAL" "L" -25 1 40 0.337 0.316 6.8 17.6 11.5 11.7 2.4 0 12.6 23.7 73 114 6.1 -7.9
"20" "20" 1992-12-13 22.99 "WSB" "@" "POR" "L" -19 1 29 0.317 0.286 0 24.2 12.7 25.7 0 0 33.7 17.5 62 115 2.1 -6.3
"21" "21" 1992-12-15 22.99 "WSB" "@" "PHO" "L" -15 1 40 0.742 0.781 10.3 21.2 15.7 16.2 2.5 0 14.2 22.7 130 127 23.9 5.6
"22" "22" 1992-12-17 23 "WSB" "" "CHI" "L" -8 1 40 0.602 0.605 12.6 26.3 19.7 4.3 3.7 2.8 22.4 30.3 94 101 19.5 2.6
"23" "23" 1992-12-19 23 "WSB" "" "CHH" "L" -9 1 35 0.358 0.283 6.5 36.6 22.1 12.9 1.3 0 10.2 33.2 80 112 8 -7.3
"24" "24" 1992-12-21 23.01 "WSB" "" "CLE" "L" -4 1 33 0.46 0.4 8.5 24.7 17.8 16.2 4.7 1.9 31.5 22.6 80 98 9.1 -1
"25" "25" 1992-12-23 23.01 "WSB" "@" "CHI" "L" -9 1 39 0.444 0.357 18.9 28 23.7 11.6 0 3 11.3 20.6 105 113 14.1 -0.3
"26" "26" 1992-12-26 23.02 "WSB" "" "DET" "L" -2 1 39 0.455 0.455 9 26.8 18.4 6.9 1.4 0 21.4 16.2 87 106 7.2 -6.2
"27" "27" 1992-12-28 23.02 "WSB" "" "ATL" "W" 1 1 37 0.507 0.5 11.3 27.2 18.9 26.3 3.9 0 5.3 23 108 89 19.7 7.7
"28" "28" 1992-12-30 23.03 "WSB" "@" "DET" "L" -8 1 35 0.424 0.429 9.4 19.6 14.4 10.9 1.5 1.7 6.1 20.5 101 126 11.1 -3.6
"29" "29" 1993-01-02 23.04 "WSB" "" "MIA" "W" 7 1 27 0.526 0.5 8.5 17.1 13.2 24.2 0 2.4 23.1 28.4 98 105 8.8 -0.5
"30" "30" 1993-01-05 23.05 "WSB" "@" "ATL" "W" 7 1 24 0.587 0.625 6.7 10.7 9.3 12.9 0 0 8.3 22.3 117 107 8.2 -1.5
"31" "31" 1993-01-08 23.05 "WSB" "" "PHI" "L" -2 1 41 0.524 0.469 10.4 19.1 14.6 6.7 1.1 0 5 19.8 119 117 15.9 -2.1
"32" "32" 1993-01-09 23.06 "WSB" "@" "NJN" "L" -45 1 26 0.4 0.333 6.3 24.3 13.3 8.5 1.9 2 0 22.8 93 125 8.3 -1.2
"33" "33" 1993-01-12 23.07 "WSB" "" "MIL" "W" 23 1 26 0.307 0.25 24.3 24.1 24.2 24.1 0 4.8 9.3 17 107 101 9.2 0.4
"34" "34" 1993-01-13 23.07 "WSB" "@" "BOS" "L" -5 1 27 0.621 0.625 30.3 20.7 25.7 41.7 1.9 2.1 18.9 25.5 122 101 19.2 14.8
"35" "35" 1993-01-16 23.08 "WSB" "" "NJN" "L" -8 1 30 0.521 0.333 4.2 14.5 9 26.1 3.4 0 10.4 14.6 121 116 11.2 4.8
"36" "36" 1993-01-19 23.08 "WSB" "@" "IND" "L" -20 1 26 0.338 0.313 0 30.1 13.9 37.7 0 0 36 22.5 64 119 1.6 -9.6
"37" "37" 1993-01-22 23.09 "WSB" "" "PHO" "L" -7 1 31 0.576 0.577 0 25.8 14.1 23.7 3.3 2.2 12.6 23.5 113 123 14.8 4.6
"38" "38" 1993-01-24 23.1 "WSB" "" "LAL" "L" -2 1 39 0.361 0.361 8.3 28.4 17.7 19 2.6 0 10 22.3 84 103 10.3 -2.7
"39" "39" 1993-01-26 23.1 "WSB" "" "MIA" "W" 2 1 28 0.414 0.4 9.2 17.7 13 18.7 0 0 31.5 26.3 70 110 2.2 -11.7
"40" "40" 1993-01-29 23.11 "WSB" "@" "PHI" "L" -6 1 37 0.242 0.154 9.6 35.8 23.2 3.9 2.7 0 10.8 20.5 61 80 4.8 -6.9
"41" "41" 1993-01-30 23.12 "WSB" "" "CHH" "L" -6 1 44 0.473 0.462 9.9 19.7 14.5 15.7 1.1 0 7 25.1 107 113 18 0
"42" "42" 1993-02-02 23.12 "WSB" "@" "NYK" "L" -5 1 37 0.288 0.231 10.2 10.2 10.2 28.7 4.1 1.8 17.8 20.7 79 107 8.6 0.3
"43" "43" 1993-02-05 23.13 "WSB" "" "GSW" "W" 27 1 29 0.607 0.607 5.3 20.7 14 18.9 1.6 0 12.5 22.3 125 109 14.3 2.9
"44" "44" 1993-02-06 23.13 "WSB" "" "SEA" "L" -28 1 27 0.392 0.364 9.9 25.4 16.7 17.3 1.8 0 32 28.8 67 117 4.1 -8
"45" "45" 1993-02-08 23.14 "WSB" "@" "HOU" "W" 6 1 22 0.46 0.4 0 25.4 12.4 13.5 2.3 0 8.4 23 98 100 5.5 -3.6
"46" "46" 1993-02-10 23.15 "WSB" "@" "DAL" "W" 8 1 24 0.417 0.417 14.3 26.9 21.3 13.8 0 0 7.7 23.5 97 102 7.8 -5.8
"47" "47" 1993-02-11 23.15 "WSB" "@" "SAS" "L" -10 1 40 0.466 0.5 14.4 24.6 18.9 24.5 2.4 1.6 23.7 25 87 103 14.1 2.7
"48" "48" 1993-02-13 23.15 "WSB" "@" "DEN" "L" -19 1 23 0 0 13.3 17.4 15.1 0 0 0 30 17.2 18 123 -5.7 -21.7
"49" "49" 1993-02-14 23.16 "WSB" "@" "GSW" "L" -20 1 32 0.673 0.636 7.3 16.7 12.6 39.6 2.8 3.3 29.6 22.3 100 102 16.8 7.3
"50" "50" 1993-02-16 23.16 "WSB" "@" "SEA" "L" -10 1 25 0.36 0.308 20.6 32 27 5.8 2.1 0 12.6 28.8 86 117 5.7 -9
"51" "51" 1993-02-18 23.17 "WSB" "@" "LAC" "L" -13 1 26 0.364 0.364 7.4 17.6 12 10.7 0 0 21.4 22.1 70 112 1.7 -12.3
"52" "52" 1993-02-23 23.18 "WSB" "@" "ATL" "L" -15 1 33 0.316 0.316 7.9 26.4 16.2 21.9 4.4 2 9.5 25.2 81 100 10.4 1.7
"53" "53" 1993-02-24 23.18 "WSB" "" "IND" "W" 4 1 43 0.698 0.679 4 24.5 16.2 30.1 6 0 16 20.5 126 97 24.5 11.7
"54" "54" 1993-02-26 23.19 "WSB" "" "ORL" "L" -1 1 43 0.5 0.5 12.4 31 19.8 18.1 1.2 0 4.5 21 120 100 19.8 4.4
"55" "55" 1993-03-03 23.2 "WSB" "@" "MIA" "L" -19 1 39 0.444 0.429 0 22.4 8.3 27.5 5.1 3.4 0 17.4 109 120 17 5.8
"56" "56" 1993-03-04 23.21 "WSB" "" "LAC" "L" -19 1 38 0.397 0.389 10.3 17.2 13.6 13.5 1.3 0 17.5 25 81 118 7.3 -7.6
"57" "57" 1993-03-09 23.22 "WSB" "@" "CHH" "L" -20 1 32 0.504 0.464 2.7 25 11.5 12.2 1.5 0 32 25.7 75 118 4.6 -10.5
"58" "58" 1993-03-10 23.22 "WSB" "" "DEN" "L" -14 1 42 0.53 0.5 2.2 29.4 13.1 10.5 3.3 0 3.9 24.3 108 113 21.6 2.3
"59" "59" 1993-03-12 23.23 "WSB" "" "NYK" "L" -11 1 38 0.144 0.154 2.5 4.1 3.1 3.8 0 0 12.6 18 34 119 -6.6 -19.1
"60" "60" 1993-03-15 23.24 "WSB" "" "CLE" "W" 4 1 39 0.526 0.5 11.4 23.8 16.6 8 1.3 0 8.4 26.5 117 111 16.9 0.2
"61" "61" 1993-03-17 23.24 "WSB" "@" "PHI" "W" 5 1 41 0.479 0.45 12.7 22.9 18.3 7.9 6.7 0 8.7 26.7 100 89 19.5 3.2
"62" "62" 1993-03-19 23.25 "WSB" "@" "CHI" "L" -5 1 44 0.448 0.385 10.6 16.2 14.1 13.4 1.2 1.2 24.2 23.7 84 114 9.3 -6.3
"63" "63" 1993-03-20 23.25 "WSB" "" "CHI" "L" -25 1 37 0.535 0.4 7 18.5 12.6 9.7 0 0 34.9 23.4 78 132 3.9 -10.6
"64" "64" 1993-03-24 23.26 "WSB" "" "DAL" "L" -3 1 31 0.407 0.2 18.4 36.1 25.8 17.3 10.6 0 0 19.9 124 97 17.7 7.5
"65" "65" 1993-03-26 23.27 "WSB" "" "HOU" "L" -21 1 40 0.285 0.278 10.5 33 19.8 10.9 0 0 13.4 24.8 64 96 4.4 -5
"66" "66" 1993-03-28 23.27 "WSB" "@" "BOS" "L" -1 1 31 0.113 0.125 0 27.1 13.7 13.9 4.5 1.7 40.3 20.1 31 102 -2.2 -13.4
"67" "67" 1993-03-29 23.27 "WSB" "@" "MIL" "W" 7 1 31 0.731 0.727 22.1 27.5 25.2 32.2 3.3 0 14 21 143 108 22.7 10.7
"68" "68" 1993-03-31 23.28 "WSB" "@" "IND" "L" -19 1 37 0.648 0.643 6.3 15.8 11.1 42.7 2.9 0 11 23.5 125 123 23.2 9.5
"69" "69" 1993-04-01 23.28 "WSB" "" "SAC" "L" -20 1 41 0.441 0.389 14.3 36 23.9 15.7 3.6 0 8.5 22.6 104 111 18 2
"70" "70" 1993-04-03 23.29 "WSB" "" "POR" "W" 12 1 39 0.526 0.438 0 20.5 10.5 10.4 2.4 1.6 16.7 26.4 90 98 13.1 -4.6
"71" "71" 1993-04-06 23.3 "WSB" "@" "DET" "L" -12 1 40 0.421 0.433 18.5 24.5 21.3 9.3 2.7 0 11.5 18.9 92 94 13.8 2.2
"72" "72" 1993-04-07 23.3 "WSB" "" "PHI" "L" -8 1 39 0.486 0.5 0 18.7 10 29.3 5.2 1.8 16.3 22.1 90 94 14.4 5.3
"73" "73" 1993-04-09 23.3 "WSB" "@" "CLE" "L" -19 1 38 0.476 0.393 13.2 25.8 19.5 18.3 2.5 1.5 20.2 21.7 91 107 13.6 -0.1
"74" "74" 1993-04-11 23.31 "WSB" "" "DET" "L" -12 1 35 0.427 0.458 4 20.6 13 17.1 0 0 7.2 19 92 116 7.7 -2.5
"75" "75" 1993-04-13 23.32 "WSB" "@" "NYK" "L" -8 1 43 0.313 0.263 9.5 23.5 15.8 18.3 3.6 0 12.6 24.9 73 98 8.5 -4.5
"76" "76" 1993-04-15 23.32 "WSB" "" "MIA" "W" 18 1 38 0.656 0.633 13.3 18.9 16.2 10.9 1.3 0 15.2 22 127 98 18.6 5.1
"77" "77" 1993-04-17 23.33 "WSB" "" "NJN" "L" -1 1 40 0.44 0.385 3.4 13.3 9 0 4 2.6 11.9 18.7 91 109 10.1 -3.7
"78" "78" 1993-04-20 23.33 "WSB" "@" "ORL" "L" -19 1 39 0.4 0.417 4.5 12.7 7.3 5.4 1.4 0 6.8 33 81 119 8.4 -6.2
"79" "79" 1993-04-21 23.34 "WSB" "" "ATL" "L" -21 1 28 0.47 0.464 3.6 22.9 13 11.9 1.7 0 16.8 25.4 88 112 7.3 -3
"80" "80" 1993-04-23 23.34 "WSB" "@" "MIA" "L" -1 1 39 0.493 0.5 3.2 20.9 13 20.5 1.3 3.1 11.6 19.9 101 111 12.8 0.6
"81" "81" 1993-04-25 23.35 "WSB" "" "BOS" "L" -12 1 39 0.422 0.333 2.6 29.3 15 7.5 1.3 0 17.4 23.6 82 104 7.2 -7.9
"1" "1" 1993-11-05 23.88 "WSB" "@" "PHI" "L" -12 1 42 0.477 0.472 9.7 39 23.9 0 0 0 13.7 23.6 86 95 10.9 -4.8
"2" "2" 1993-11-06 23.88 "WSB" "" "BOS" "L" -12 1 41 0.364 0.324 3.2 32.2 18.2 8.3 1.2 4 0 20.1 81 98 10.8 -0.6
"3" "3" 1993-11-09 23.89 "WSB" "@" "DET" "W" 6 1 34 0.619 0.5 4 24.7 15.1 19.3 1.6 0 10.5 25.8 129 119 18 1.7
"4" "4" 1993-11-10 23.89 "WSB" "" "NYK" "L" -8 1 25 0.413 0.333 0 38.4 16.2 9.4 0 3 23.1 28.9 70 94 2.1 -7.2
"5" "5" 1993-11-12 23.9 "WSB" "" "PHI" "W" 12 1 35 0.724 0.692 3.3 24.4 14.2 17.1 4 0 16.5 20.9 128 87 20.4 9.8
"6" "6" 1993-11-17 23.91 "WSB" "" "MIL" "W" 13 1 39 0.514 0.35 0 20.5 12.8 21.5 5 0 19.2 17 105 96 14.4 3.6
"7" "7" 1993-11-19 23.92 "WSB" "@" "CHH" "L" -16 1 38 0.375 0.375 2.5 14.4 7.3 11 2.5 0 15.8 20.1 75 123 5 -8.4
"8" "8" 1993-11-20 23.92 "WSB" "" "MIA" "W" 2 1 39 0.623 0.559 3.6 29.1 17.1 34.9 5.2 1.9 19.9 27.3 115 98 22 10.9
"9" "9" 1993-11-23 23.93 "WSB" "" "CHH" "W" 20 1 36 0.548 0.5 7.7 20.5 13.2 7.5 5.2 6.5 14.8 21.5 107 86 18.2 4.4
"10" "10" 1993-11-24 23.93 "WSB" "@" "CLE" "L" -6 1 39 0.336 0.357 10 29.1 19.7 19.5 5.2 0 35 25 64 109 5.6 -8.2
"11" "11" 1993-11-26 23.94 "WSB" "@" "ATL" "L" -16 1 41 0.618 0.55 0 20.5 11.2 22.1 2.4 3.1 30.6 18 101 123 13.6 1.1
"12" "12" 1993-11-27 23.94 "WSB" "" "ORL" "W" 2 1 33 0.617 0.727 4.3 33.6 19.9 32.5 3.1 2 6.1 23.6 130 108 20.9 11.5
"13" "13" 1993-12-01 23.95 "WSB" "@" "BOS" "L" -7 1 46 0.735 0.688 5.1 11.6 8.5 16.5 2.1 2.3 16.4 22.5 132 121 26.2 5.1
"14" "14" 1993-12-02 23.95 "WSB" "" "SEA" "L" -10 1 41 0.425 0.4 5.1 16.7 10.1 10.5 1.2 0 7.8 13.7 100 112 8 -2.9
"15" "15" 1993-12-04 23.96 "WSB" "" "POR" "L" -13 1 35 0.47 0.464 7.2 18.3 13.2 31.6 1.4 0 28.7 24.2 86 119 9.2 -2.2
"16" "16" 1993-12-06 23.96 "WSB" "@" "SEA" "L" -7 1 39 0.741 0.75 12.3 23.9 18.6 15.7 0 1.7 22.9 24.5 117 107 19.8 8
"17" "17" 1993-12-08 23.97 "WSB" "@" "UTA" "L" -22 1 33 0.465 0.444 10.9 33.2 21.3 4.8 0 0 39.4 24.7 64 121 1.1 -14.5
"18" "18" 1993-12-09 23.97 "WSB" "@" "PHO" "L" -19 1 20 0.417 0.417 5.3 19.5 11.7 16.6 2.3 0 14.3 26.9 86 111 5.2 -4.4
"19" "19" 1993-12-11 23.98 "WSB" "" "ATL" "L" -8 1 35 0.478 0.447 5.5 16.1 9.8 4 2.9 0 13.1 27.4 99 122 11.2 -2.4
"20" "20" 1993-12-14 23.99 "WSB" "@" "IND" "L" -19 1 31 0.489 0.538 8.1 18 12.4 0 0 0 0 19.4 108 113 9.3 -1.2
"21" "21" 1993-12-16 23.99 "WSB" "" "DET" "L" -2 1 36 0.469 0.425 9.8 21.2 15.7 4.4 0 1.8 8.6 30.7 100 112 11.6 -5.1
"22" "22" 1993-12-18 24 "WSB" "" "UTA" "L" -6 1 40 0.451 0.429 11.3 30 22.5 8.6 2.4 1.4 32.5 27.4 68 95 7.8 -5
"23" "23" 1993-12-20 24 "WSB" "@" "MIN" "W" 15 1 31 0.621 0.583 8.4 38.7 21.9 19.9 0 2 7.2 18.4 133 86 17.5 9.5
"24" "24" 1993-12-22 24.01 "WSB" "@" "LAC" "L" -17 1 31 0.214 0.214 8.6 15.5 11.5 14.8 4.7 0 26.3 24.1 48 105 -0.4 -13.6
"25" "25" 1993-12-23 24.01 "WSB" "@" "SAC" "L" -26 1 30 0.804 0.778 0 15.2 7.3 14.7 4.8 0 15.2 18.2 135 108 17.3 9.5
"26" "26" 1993-12-27 24.02 "WSB" "@" "MIL" "W" 9 1 39 0.485 0.474 14.7 24.6 19.8 0 2.7 1.7 8.5 26.7 104 89 15.4 0.2
"27" "27" 1993-12-29 24.03 "WSB" "" "SAC" "L" -6 1 42 0.512 0.438 0 25.1 15.1 14.8 2.3 0 9.3 22.5 100 98 14.6 1.4
"28" "28" 1993-12-30 24.03 "WSB" "@" "NYK" "L" -18 1 35 0.504 0.5 17.7 38.6 28.3 22.5 3 0 26.2 30.6 85 104 10.9 -0.3
"29" "29" 1994-01-05 24.05 "WSB" "" "IND" "W" 2 1 32 0.576 0.5 3.8 23.4 12.5 26.8 3.2 0 16.9 26 106 99 14.6 7.3
"30" "30" 1994-01-07 24.05 "WSB" "" "CHI" "L" -7 1 35 0.47 0.429 10.8 37.9 25.8 14.3 1.5 1.5 11.8 22.1 96 96 13.2 1.5
"31" "31" 1994-01-08 24.05 "WSB" "@" "ORL" "L" -11 1 35 0.54 0.5 6 19.6 12.5 19.3 2.9 3.6 9.7 23.1 114 111 16.9 6.7
"32" "32" 1994-01-11 24.06 "WSB" "@" "NJN" "W" 15 1 35 0.413 0.417 17.6 30.8 24.9 6.8 7.2 1.7 18.4 20.5 91 86 14.7 1.1
"33" "33" 1994-01-13 24.07 "WSB" "" "HOU" "W" 18 1 35 0.571 0.571 6.9 22.2 14.2 17.9 5.2 2 12.5 18.4 116 89 18 11
"34" "34" 1994-01-15 24.07 "WSB" "" "LAC" "W" 9 1 32 0.447 0.447 18.3 36.5 26.9 8.8 1.6 2.3 5 27.4 108 110 14 -3.4
"35" "35" 1994-01-17 24.08 "WSB" "" "SAS" "L" -13 1 38 0.576 0.538 7 15.2 10.4 27.3 1.6 0 6.3 21.7 122 124 15.7 5.1
"36" "36" 1994-01-19 24.08 "WSB" "@" "CHI" "L" -1 1 39 0.527 0.467 17.6 28 23.4 30.3 2.7 1.5 13.7 26.4 108 86 20.3 8.5
"37" "37" 1994-01-22 24.09 "WSB" "" "DET" "W" 5 1 37 0.422 0.438 10.8 19.3 15 27 2.9 1.9 3.9 29.7 104 98 16.7 5
"38" "38" 1994-01-23 24.1 "WSB" "@" "MIA" "L" -33 1 31 0.581 0.5 0 15.5 5.9 12.2 5.2 2.4 12.7 11.6 113 120 9.6 3.4
"39" "39" 1994-01-25 24.1 "WSB" "@" "ORL" "L" -23 1 37 0.524 0.444 5.9 13.7 9.5 35.4 4 4.6 15.4 31.1 100 109 21.4 9.3
"40" "40" 1994-01-27 24.11 "WSB" "" "DAL" "W" 3 1 43 0.54 0.438 8.3 19.8 15.5 4.6 1.2 0 24.8 31.2 94 104 11.5 -7.5
"41" "41" 1994-01-29 24.11 "WSB" "" "ORL" "L" -4 1 37 0.424 0.393 10.2 22.1 16.4 9 1.4 3.7 8.9 39.4 92 105 14.2 -2.8
"42" "42" 1994-02-01 24.12 "WSB" "@" "IND" "L" -20 1 37 0.507 0.438 6.2 18.5 11.1 14.5 7.4 0 10.1 23.8 112 123 16.1 2
"43" "43" 1994-02-02 24.12 "WSB" "" "NYK" "L" -5 1 38 0.414 0.375 6 15 10.5 28.5 7.1 0 15.5 29.4 88 87 12.6 7.6
"44" "44" 1994-02-04 24.13 "WSB" "@" "PHI" "W" 7 1 36 0.68 0.6 8.9 20.3 14.7 8.9 3 0 14.5 24.1 133 102 20.9 7
"45" "45" 1994-02-06 24.13 "WSB" "" "GSW" "L" -22 1 38 0.436 0.472 10.8 18.9 14.5 14.6 1.4 0 16.2 28.8 84 114 9.5 -2.9
"46" "46" 1994-02-08 24.14 "WSB" "@" "SAS" "L" -20 1 33 0.176 0.176 5.7 12.8 8.6 4.5 6.5 0 15 26.3 44 115 -0.7 -12.6
"47" "47" 1994-02-10 24.15 "WSB" "@" "DAL" "L" -10 1 40 0.556 0.464 10 22 16.1 20.2 5.3 1.6 19.8 21.3 109 85 17.7 8
"48" "48" 1994-02-15 24.16 "WSB" "@" "DET" "L" -7 1 39 0.56 0.538 15.1 12.3 13.8 17.3 4.3 0 15.7 20 120 112 18.3 7.1
"49" "49" 1994-02-17 24.16 "WSB" "" "MIN" "W" 4 1 38 0.398 0.35 12.6 42.1 25.5 19.6 3.8 1.8 8.1 25.8 100 97 17.8 2.3
"50" "50" 1994-02-18 24.17 "WSB" "" "NJN" "L" -3 1 42 0.582 0.583 2.5 18.7 11.4 27.1 1.2 2.5 23.7 16.5 106 110 16.7 4.2
"51" "51" 1994-02-20 24.17 "WSB" "@" "NJN" "L" -21 1 32 0.388 0.333 12.9 25.5 18.6 8.7 1.6 0 15.2 25.2 89 124 8.2 -6.8
"52" "52" 1994-02-21 24.18 "WSB" "@" "MIA" "L" -30 1 35 0.508 0.462 10.5 14.7 12.3 13.8 2.8 2.1 11.9 20.5 108 127 13.3 0.6
"53" "53" 1994-02-23 24.18 "WSB" "" "CLE" "L" -10 1 39 0.526 0.526 8.4 16.6 12.2 18.4 8.1 1.6 13.6 26.2 100 104 20.8 8.1
"54" "54" 1994-02-25 24.19 "WSB" "" "CHI" "L" -22 1 32 0.571 0.571 0 21.4 11.2 8.8 3.3 0 33.7 17.6 76 121 4.6 -7.5
"55" "55" 1994-02-26 24.19 "WSB" "@" "MIL" "L" -15 1 39 0.465 0.452 17.6 28.4 23.3 27.4 0 1.6 17.5 32.9 99 124 15.4 -0.9
"56" "56" 1994-03-01 24.2 "WSB" "@" "PHI" "W" 6 1 40 0.426 0.429 8 24 16 14.5 5.1 1.5 11.8 26.5 95 98 16.4 1.1
"57" "57" 1994-03-03 24.2 "WSB" "" "ATL" "L" -11 1 32 0.451 0.357 0 19.2 9.1 4.8 3.2 0 19.4 28.9 78 113 5.4 -10
"58" "58" 1994-03-05 24.21 "WSB" "" "LAL" "W" 6 1 38 0.746 0.733 6.8 33.1 20.8 17.5 1.3 0 23 24.3 123 113 20.7 2.6
"59" "59" 1994-03-09 24.22 "WSB" "" "PHO" "L" -36 1 32 0.5 0.5 3.4 29.3 15.9 12.5 2.8 1.7 33.3 22.1 73 124 7.5 -4.9
"60" "60" 1994-03-11 24.22 "WSB" "" "DEN" "W" 7 1 44 0.666 0.679 7.8 22.5 14.4 11.6 9.7 0 27.6 21.9 100 89 21.5 7.4
"61" "61" 1994-03-13 24.23 "WSB" "" "PHI" "L" -17 1 38 0.648 0.625 0 20.5 9.4 4.8 1.3 0 18.4 25 101 112 14.1 -1.4
"62" "62" 1994-03-15 24.24 "WSB" "@" "GSW" "L" -30 1 21 0.383 0.4 10.4 13.1 11.6 21.9 2.2 0 0 23.1 91 120 6.4 -2.1
"63" "63" 1994-03-16 24.24 "WSB" "@" "LAL" "L" -35 1 20 0.436 0.389 5.7 10.2 8.1 15.1 2.5 2.6 8.8 25.3 90 129 6.5 -3.7
"64" "64" 1994-03-18 24.24 "WSB" "@" "POR" "L" -18 1 41 0.667 0.667 13.6 11.1 12.4 38.4 5.8 1.4 14.3 27.7 127 113 33.1 17
"65" "65" 1994-03-20 24.25 "WSB" "@" "DEN" "L" -33 1 31 0.394 0.375 3.4 22.1 11.6 21.8 1.5 0 31.1 17.9 70 128 3 -8.9
"66" "66" 1994-03-21 24.25 "WSB" "@" "HOU" "L" -16 1 35 0.365 0.235 10.5 21.4 15.5 25.6 2.8 0 8.9 27.4 96 128 12.4 -2.4
"67" "67" 1994-03-24 24.26 "WSB" "" "BOS" "L" -6 1 45 0.51 0.525 16.4 13.1 14.9 13.8 5.8 0 11.3 24.9 112 113 20.2 3.9
"68" "68" 1994-03-26 24.27 "WSB" "" "NJN" "L" -3 1 33 0.44 0.385 3.8 21.2 13.5 12.2 3 0 0 19.8 106 103 11.2 -0.9
"69" "69" 1994-04-06 24.3 "WSB" "" "MIA" "L" -11 1 40 0.531 0.529 13.3 18.9 16.2 9.5 3.8 1.5 18.3 24.9 100 114 14.4 0.6
"70" "70" 1994-04-08 24.3 "WSB" "" "CLE" "W" 10 1 29 0.625 0.625 5.2 11.8 8.9 9.3 7.5 2.4 38.5 20.8 81 100 8.3 0.1
"71" "71" 1994-04-09 24.3 "WSB" "@" "ATL" "L" -14 1 29 0.588 0.591 11.3 20.7 15.2 35.4 1.8 0 7.3 20.9 133 125 15.6 8.4
"72" "72" 1994-04-14 24.32 "WSB" "" "NYK" "L" -5 1 39 0.555 0.536 2.9 36.9 17.1 12.6 3.8 0 28.1 24.3 84 108 10.1 -2.8
"73" "73" 1994-04-15 24.32 "WSB" "@" "NYK" "L" -13 1 43 0.296 0.231 2.1 21.8 11.3 28.3 3.7 0 0 16.4 81 105 10.4 1.1
"74" "74" 1994-04-17 24.33 "WSB" "" "BOS" "W" 42 1 27 0.654 0.583 15.7 14.2 14.8 0 0 3.9 6.8 21.5 149 101 14.9 2.5
"75" "75" 1994-04-19 24.33 "WSB" "" "IND" "L" -1 1 36 0.376 0.25 8.9 14.3 11 14.8 7.9 2 17 19.3 91 100 12.1 2
"76" "76" 1994-04-20 24.33 "WSB" "@" "CHH" "L" -6 1 33 0.647 0.625 10.6 38.3 23.9 11 0 1.8 12.6 31.5 114 114 20.4 2.5
"77" "77" 1994-04-22 24.34 "WSB" "@" "CLE" "L" -21 1 37 0.746 0.767 4.2 34.8 21.6 29.9 0 0 10.7 22.7 131 116 22.4 8.6
"78" "78" 1994-04-24 24.35 "WSB" "" "CHH" "W" 18 1 42 0.694 0.667 12.7 26.1 20.2 15.4 2.2 3 18.3 25.7 122 89 31.2 10.9
"1" "1" 1994-11-04 24.88 "WSB" "" "ORL" "W" 2 1 40 0.609 0.429 10.9 20 15.3 11.7 3.7 0 0 21.1 145 103 25 10.7
"2" "2" 1994-11-05 24.88 "WSB" "@" "CHI" "W" 1 1 46 0.522 0.531 2.7 17.3 9.8 17.1 7.2 3.9 27.8 24.9 85 90 13.1 5.1
"3" "3" 1994-11-09 24.89 "WSB" "@" "PHI" "L" -1 1 39 0.495 0.412 13 17.6 15.4 13.5 5.2 1.9 9.4 24.8 110 96 17.7 3.6
"4" "4" 1994-11-11 24.9 "WSB" "" "NJN" "W" 13 1 33 0.388 0.333 9.1 26.4 18.4 4.4 3.1 3.9 7.2 18.1 92 85 10.2 -0.2
"5" "5" 1994-11-12 24.9 "WSB" "@" "MIA" "W" 10 1 35 0.512 0.469 12.5 11.9 12.2 14 4.3 5.7 9.3 26.4 113 98 18.4 6.8
"6" "6" 1994-11-15 24.91 "WSB" "@" "ORL" "L" -20 1 33 0.25 0.25 0 13.2 6.5 15.7 4.5 5.5 27.3 14.6 52 116 4.9 -2.7
"7" "7" 1994-11-19 24.92 "GSW" "" "UTA" "W" 4 1 21 0.222 0.2 23.4 4.8 13.1 22.3 0 0 0 13.3 102 119 1.9 -6.9
"8" "8" 1994-11-22 24.93 "GSW" "@" "CHH" "L" -4 1 34 0.246 0.167 6.6 10.9 8.9 13.2 0 1.8 6.6 18.3 70 107 1.8 -5
"9" "9" 1994-11-24 24.93 "GSW" "@" "IND" "L" -27 1 30 0.637 0.417 16.3 5.3 12.2 0 0 2.5 36.7 19.2 95 128 6.7 -5.4
"10" "10" 1994-11-26 24.94 "GSW" "@" "CLE" "L" -14 1 32 0.405 0.444 7 23.7 14.8 16.1 4.9 0 16.8 16.5 81 105 8.8 -1
"11" "11" 1994-11-27 24.94 "GSW" "@" "DET" "L" -15 1 36 0.537 0.567 8.7 24.7 17.3 10.5 1.3 0 10.7 21.5 101 99 13 -1.4
"12" "12" 1994-11-29 24.95 "GSW" "" "LAC" "W" 3 1 36 0.628 0.571 5.8 21.7 14.5 21 3.7 1.6 0 9.8 147 96 17.4 8
"13" "13" 1994-12-01 24.95 "GSW" "" "HOU" "L" -4 1 32 0.363 0.375 23.3 23.1 23.2 8.6 1.6 0 6.8 19.6 105 123 10.1 -3.2
"14" "14" 1994-12-03 24.96 "GSW" "" "IND" "L" -11 1 26 0.5 0.5 16.8 9.7 13 9.6 1.9 0 40 16 78 120 2.9 -5.8
"15" "15" 1994-12-06 24.96 "GSW" "@" "LAL" "L" -12 1 28 0.383 0.3 3.6 21.4 13.3 5.6 1.7 2.3 25.4 23.8 64 107 4 -8.7
"16" "16" 1994-12-09 24.97 "GSW" "@" "POR" "L" -9 1 32 0.375 0.375 3.7 19.1 11.9 16.4 1.5 1.8 11.1 11.9 95 113 6.4 -1
"17" "17" 1994-12-10 24.98 "GSW" "@" "SAC" "L" -12 1 7 0 0 14.6 38.1 24.8 0 7.3 0 0 25.2 19 99 -0.6 -15.3
"18" "18" 1994-12-12 24.98 "GSW" "@" "PHO" "L" -6 1 34 0.396 0.346 3.5 8.8 5.9 34.9 1.7 0 17.8 23.5 90 113 7.3 0.6
"19" "19" 1994-12-13 24.98 "GSW" "" "SAC" "L" -5 1 19 0.512 0.5 0 6.3 3.2 0 0 0 29.1 17.1 69 127 -0.7 -15.9
"20" "20" 1994-12-15 24.99 "GSW" "@" "LAC" "L" -7 1 42 0.709 0.667 4.7 20.3 12.2 27.3 1.2 1.6 28.8 13.5 113 91 15.4 8.4
"21" "21" 1994-12-16 24.99 "GSW" "" "ORL" "L" -3 1 47 0.555 0.536 10.8 16.1 13 10.5 1 0 20.7 16.2 104 120 12 -2.4
"22" "22" 1994-12-20 25 "GSW" "" "DAL" "L" -3 1 36 0.631 0.682 13.3 10.3 11.6 20.7 1.4 1.5 20.2 17.8 115 113 14.2 4
"23" "23" 1994-12-22 25.01 "GSW" "" "WSB" "W" 20 1 43 0.699 0.708 10.1 20.5 15.6 9.8 3.3 0 31.8 18.4 96 82 15.8 2.5
"24" "24" 1994-12-27 25.02 "GSW" "" "LAL" "W" 24 1 37 0.72 0.731 11 11.6 11.3 13.5 2.3 1.4 36.6 21.6 94 91 14.3 1
"25" "25" 1994-12-29 25.03 "GSW" "@" "HOU" "L" -2 1 40 0.563 0.563 8.4 29.2 18 10.2 1.2 0 5.9 16.7 131 121 14.5 1.2
"26" "26" 1994-12-30 25.03 "GSW" "@" "DAL" "L" -16 1 30 0.5 0.5 12.8 6 9.3 12.5 3.1 5.5 10 13.3 110 107 11.4 6.6
"27" "27" 1995-01-03 25.04 "GSW" "" "SAS" "L" -5 1 38 0.423 0.375 10.1 18.5 13.9 21.6 0 1.7 0 11.7 115 98 12.2 6.4
"28" "28" 1995-01-05 25.05 "GSW" "" "MIL" "L" -8 1 42 0.7 0.7 3.3 19 11.9 11.9 2.3 3.3 31.8 23.1 89 108 13.4 -0.3
"29" "29" 1995-01-10 25.06 "GSW" "" "SEA" "L" -10 1 43 0.676 0.676 2.9 19.5 12.5 16.6 1.1 0 22.7 22.1 98 114 16.1 2.1
"30" "30" 1995-01-11 25.06 "GSW" "@" "POR" "L" -12 1 30 0.202 0.167 3.6 9.4 6.7 14.8 3.3 0 9.2 15 60 104 0.8 -3.7
"31" "31" 1995-01-13 25.07 "GSW" "@" "LAL" "L" -11 1 29 0.344 0.333 7.4 20.7 13.6 10.3 0 0 7.9 18.5 82 116 3.4 -9.9
"32" "32" 1995-01-14 25.07 "GSW" "" "CLE" "L" -6 1 50 0.432 0.385 4.6 20.7 12.7 25.9 1.2 3.8 12.6 15.6 105 108 13.8 3.4
"33" "33" 1995-01-16 25.08 "GSW" "" "DEN" "W" 4 1 38 0.34 0.3 15.5 16.6 16 12.7 1.6 0 18.5 28.2 73 91 5.2 -5.3
"34" "34" 1995-01-19 25.08 "GSW" "@" "SAC" "L" -9 1 39 0.511 0.444 6.7 7.5 7 7.7 1.5 0 8.5 15.1 115 135 8.5 -5.4
"35" "35" 1995-01-24 25.1 "GSW" "" "NJN" "L" -13 1 41 0.833 0.893 11.3 12.8 12 9.7 2.5 0 11 19.2 148 111 26.3 13.2
"36" "36" 1995-01-26 25.1 "GSW" "@" "WSB" "W" 3 1 41 0.601 0.5 6.5 25.1 15.3 16.2 7.3 2.3 7.9 13.2 136 97 20.1 11.2
"37" "37" 1995-01-27 25.11 "GSW" "@" "BOS" "L" -26 1 33 0.322 0.3 12.8 22 17.4 27.6 3.1 2.1 0 15.5 103 119 10.5 3.4
"38" "38" 1995-01-29 25.11 "GSW" "@" "CHI" "L" -22 1 22 0 0 17.5 11.8 15 18.2 2.3 2.8 44.4 16.9 37 119 -0.3 -10.2
"39" "39" 1995-01-31 25.12 "GSW" "@" "NYK" "L" -3 1 9 0.307 0.25 16.2 14.8 15.5 22.5 0 0 29.1 37.5 62 114 -1.3 -24.9
"40" "40" 1995-02-03 25.13 "GSW" "" "LAC" "W" 17 1 34 0.551 0.5 7.6 9.4 8.7 17.1 1.4 1.7 15.5 15.4 116 91 11.7 2.7
"41" "41" 1995-02-05 25.13 "GSW" "" "CHI" "L" -4 1 40 0.385 0.385 4.3 31.4 15.9 7.7 1.3 0 0 14 97 102 9.2 -0.8
"42" "42" 1995-02-07 25.14 "GSW" "@" "MIN" "L" -9 1 35 0.46 0.45 0 7.4 3.4 9.6 0 0 21.6 17.5 80 130 2.4 -12
"43" "43" 1995-02-09 25.14 "GSW" "@" "DEN" "W" 8 1 28 0.409 0.409 4.6 4.3 4.5 0 0 0 21.4 24.5 68 120 0.5 -15.4
"44" "44" 1995-02-14 25.16 "GSW" "@" "SEA" "L" -10 1 24 0 0 0 4.4 2.3 18.2 0 8.7 0 7.3 60 121 2 0.1
"45" "45" 1995-02-15 25.16 "GSW" "" "BOS" "L" -1 1 34 0.857 0.857 3.7 24.1 14.3 7 4.2 0 30 12.3 111 109 12.1 0.8
"46" "46" 1995-02-17 25.16 "GSW" "@" "PHO" "W" 11 1 32 0.631 0.591 9 16.6 13.3 11.3 3.2 0 0 16.9 144 118 15.9 4.1
"47" "47" 1995-02-21 25.18 "MIN" "@" "POR" "L" -13 0 30 0.698 0.643 11.7 31.2 21.5 12 11.8 0 27.6 15.7 110 78 16.4 14.1
"48" "48" 1995-02-22 25.18 "MIN" "@" "SEA" "L" -16 0 15 0.5 0.5 0 9.4 4.8 21.5 6.5 5.3 0 5.8 129 108 3.4 2
"49" "49" 1995-02-26 25.19 "MIN" "" "MIA" "W" 7 0 30 0.871 0.938 0 18.8 11.4 45.2 1.8 4.8 9.3 16.9 163 103 20.3 17.9
"50" "50" 1995-02-28 25.19 "MIN" "@" "DEN" "L" -13 0 33 0.697 0.611 9.4 21.4 15.7 49 1.6 0 15.7 18.2 140 126 17.7 11
"51" "51" 1995-03-01 25.2 "MIN" "@" "SAC" "W" 11 0 38 0.654 0.5 4.1 23 15.2 8.3 1.4 2.4 47.8 19.3 75 95 4.5 -6.9
"52" "52" 1995-03-03 25.2 "MIN" "" "HOU" "W" 3 0 35 0.653 0.654 4 24.9 14.3 24.9 4.6 0 5.9 23.2 135 108 21.8 10.5
"53" "53" 1995-03-05 25.21 "MIN" "@" "LAL" "L" -3 0 28 0.473 0.333 9.3 30.3 19.3 4.9 1.9 0 20.5 25.2 88 113 5.8 -11.6
"54" "54" 1995-03-06 25.21 "MIN" "@" "LAC" "L" -13 0 35 0.298 0.2 16.1 11.1 13.5 17.7 3.2 1.9 20.3 20.2 73 114 5.9 -4.6
"55" "55" 1995-03-08 25.22 "MIN" "" "SEA" "L" -14 1 36 0.409 0.367 7.4 29.6 18.5 39.6 1.4 3.9 5.9 20.6 105 115 14.8 3.8
"56" "56" 1995-03-10 25.22 "MIN" "" "LAL" "W" 6 0 26 0.543 0.542 5.3 36.9 19.9 53.7 4.1 4 13.4 26.3 123 105 15.1 10.4
"57" "57" 1995-03-12 25.23 "MIN" "" "POR" "L" -14 0 33 0.507 0.433 7.3 4 5.7 16.3 1.7 2.2 5.6 26.6 111 123 12.2 3.1
"58" "58" 1995-03-14 25.23 "MIN" "@" "SAS" "L" -15 0 38 0.648 0.625 0 30.7 15.2 30.6 6.3 5.7 22 26.2 105 100 23.5 14.3
"59" "59" 1995-03-16 25.24 "MIN" "@" "HOU" "L" -7 0 27 0.551 0.5 4.8 28.1 16.6 31.9 7.8 0 26.9 24.6 98 96 11.8 8.5
"60" "60" 1995-03-17 25.24 "MIN" "" "CLE" "W" 3 1 41 0.45 0.429 5.9 15.4 10.5 21.3 1.5 0 0 18.1 114 98 11.5 2.4
"61" "61" 1995-03-19 25.25 "MIN" "" "LAC" "W" 3 1 36 0.434 0.421 5.6 17.1 10.7 32.9 3 3.9 12.6 29.2 95 98 14.1 4.3
"62" "62" 1995-03-22 25.25 "MIN" "" "DAL" "L" -3 1 38 0.559 0.5 0 15.5 8.5 36.9 1.5 3.3 16.5 23.2 109 113 15.5 5.3
"63" "63" 1995-03-24 25.26 "MIN" "" "SAS" "L" -14 0 30 0.712 0.733 0 13.7 6.9 30.5 5.2 2.7 11.5 27.3 119 112 19.7 15.5
"64" "64" 1995-03-26 25.27 "MIN" "" "SAC" "L" -6 1 22 0.327 0.208 10.6 0 6.1 15.2 0 4.2 12.7 30.5 81 120 0.9 -11.9
"65" "65" 1995-03-29 25.27 "MIN" "@" "SEA" "L" -17 1 29 0.773 0.75 7.2 23 14.1 13.6 1.7 4.9 11.4 13.1 145 110 14.7 9.6
"66" "66" 1995-03-31 25.28 "MIN" "@" "PHO" "L" -10 1 42 0.631 0.607 6.2 19.5 13.6 24.6 1.2 0 26.5 22.7 103 108 15.8 4.1
"67" "67" 1995-04-01 25.28 "MIN" "@" "GSW" "W" 22 1 41 0.836 0.833 9.8 9.6 9.6 16.5 4.6 0 22.5 18.2 141 100 23.4 9.3
"68" "68" 1995-04-04 25.29 "MIN" "@" "POR" "L" -4 1 25 0.322 0.167 10.1 16.3 13.6 19.8 4.4 0 34 22.1 65 101 2.3 -6.9
"69" "69" 1995-04-07 25.3 "MIN" "@" "DAL" "L" -17 0 19 0.63 0.333 0 17.1 10.6 15.1 2.6 0 29.6 16 100 107 5.5 -2
"70" "70" 1995-04-10 25.31 "MIN" "" "DEN" "L" -7 1 42 0.576 0.447 9.3 25.4 17.2 16.4 2.5 3.6 13.3 31.5 116 119 24.2 4.6
"71" "71" 1995-04-12 25.31 "MIN" "" "GSW" "L" -14 1 39 0.413 0.365 19.6 29.1 24 18.7 1.3 0 14.7 37.3 92 126 14.1 -9.1
"72" "72" 1995-04-14 25.32 "MIN" "" "MIL" "W" 4 1 44 0.56 0.529 8.4 14.6 11.1 13.3 3.7 2.2 0 21.5 129 99 20.6 6.2
"73" "73" 1995-04-16 25.32 "MIN" "@" "IND" "L" -39 1 26 0.51 0.4 0 32.3 16.4 9.6 2.1 2.6 25.4 15 81 118 5 -3.3
"74" "74" 1995-04-18 25.33 "MIN" "" "UTA" "L" -19 1 32 0.576 0.577 0 29.2 13.5 15.4 0 0 21.3 28.3 85 126 9 -4.1
"75" "75" 1995-04-19 25.33 "MIN" "@" "DEN" "L" -25 1 32 0.306 0.273 7.7 15.8 11.7 19.1 4.9 4.5 20.8 21.5 64 106 5.8 -1.6
"76" "76" 1995-04-21 25.34 "MIN" "@" "UTA" "L" -3 1 42 0.464 0.464 0 32.2 17.2 30.1 3.9 1.7 6.7 16.7 118 101 15.9 6.9
"77" "77" 1995-04-23 25.34 "MIN" "" "SAS" "L" -6 1 34 0.429 0.429 0 23.5 12.8 18.4 1.6 1.9 22.2 12.7 82 103 5.8 -1.8
"1" "1" 1995-11-03 25.87 "MIN" "@" "SAC" "L" -9 1 37 0.38 0.306 16.2 24.3 19.5 23 0 2.4 16.8 27.6 86 104 8.7 -2.3
"2" "2" 1995-11-05 25.88 "MIN" "@" "VAN" "L" -2 1 42 0.425 0.4 9.7 16.1 12.7 23.7 0 1.8 14.5 14.4 101 104 10.1 0.2
"3" "3" 1995-11-07 25.88 "MIN" "" "LAL" "W" 1 1 35 0.363 0.231 3.8 34.3 18.2 22.2 1.5 2.4 5.7 23.6 92 98 9.8 -1.1
"4" "4" 1995-11-10 25.89 "MIN" "" "POR" "L" -6 1 40 0.625 0.568 21.3 24.5 22.9 31.9 3.8 3.9 7 29.6 137 103 34.2 18.5
"5" "5" 1995-11-11 25.9 "MIN" "@" "HOU" "L" -22 1 32 0.59 0.5 3.4 7.5 5.4 15.5 3 0 17.7 14 112 117 9.6 1.6
"6" "6" 1995-11-15 25.91 "MIN" "" "SAS" "L" -9 1 42 0.47 0.344 6.7 24.8 15.3 22.6 2.4 4.8 4.5 23 114 104 20.1 7.2
"7" "7" 1995-11-17 25.91 "MIN" "@" "TOR" "L" -18 1 31 0.405 0.333 9.5 11.9 10.3 12.7 3.1 0 16.8 15.6 88 117 5.8 -6.7
"8" "8" 1995-11-18 25.92 "MIN" "" "UTA" "L" -24 1 32 0.465 0.444 7.3 31 17.1 11.5 3.2 0 21.8 19 86 127 6.1 -7.3
"9" "9" 1995-11-22 25.93 "MIN" "" "SEA" "L" -9 1 38 0.443 0.353 9 19.1 13.5 27 3.9 2 20.7 26.5 87 105 12.5 0.7
"10" "10" 1995-11-24 25.93 "MIN" "" "ORL" "L" -11 1 41 0.602 0.571 6.3 33.4 20.7 17.6 1.3 5.3 7.7 28 119 110 24.1 6.6
"11" "11" 1995-11-26 25.94 "MIN" "@" "MIL" "W" 3 1 43 0.606 0.636 10.1 17.2 14.6 14.3 3.7 3.5 13.2 17.5 119 106 17.1 2.5
"12" "12" 1995-11-28 25.94 "MIN" "" "VAN" "W" 23 1 27 0.543 0.542 5.7 30.9 20.8 12.5 3.7 0 18.9 26 96 93 9.1 -5.4
"13" "13" 1995-12-01 25.95 "MIN" "@" "PHO" "L" -6 1 38 0.423 0.375 5.4 25.3 15.6 18.1 0 3.3 17.4 19.5 88 107 8.7 -2.1
"14" "14" 1995-12-02 25.95 "MIN" "@" "DEN" "L" -4 1 43 0.596 0.5 0 29.9 15 15.9 4.6 4.1 8.7 23.4 117 101 24.6 8.9
"15" "15" 1995-12-06 25.96 "MIN" "" "NJN" "W" 11 1 37 0.658 0.563 4.5 21 13.8 21.1 7 0 27.3 18.5 111 95 16.2 6.8
"16" "16" 1995-12-08 25.97 "MIN" "" "LAC" "W" 18 1 38 0.703 0.7 4.5 24.6 15.8 13.5 1.3 2 12.9 17.2 128 95 17 4.4
"17" "17" 1995-12-09 25.97 "MIN" "@" "CHH" "L" -6 1 34 0.583 0.556 3.9 17.2 11 3.8 1.5 2.4 17.5 15.6 102 120 8.5 -3.2
"18" "18" 1995-12-12 25.98 "MIN" "@" "ATL" "W" 7 1 40 0.357 0.357 15.4 28.6 22.2 8.6 1.4 6 17.6 20.1 81 85 8.3 -1.6
"19" "19" 1995-12-15 25.99 "MIN" "" "CLE" "L" -12 1 36 0.315 0.294 10.8 10.3 10.6 18.8 0 0 10.3 27.1 84 131 3.4 -12.8
"20" "20" 1995-12-17 25.99 "MIN" "" "PHI" "L" -2 1 31 0.563 0.5 0 30.1 13.4 4.9 10.3 6.7 27.3 24.9 85 87 12.6 2.8
"21" "21" 1995-12-19 26 "MIN" "@" "CLE" "L" -5 1 36 0.743 0.722 5.1 33.3 20.7 0 1.7 0 15.7 18.4 130 126 12.2 -0.1
"22" "22" 1995-12-20 26 "MIN" "@" "ORL" "L" -7 1 29 0.364 0.364 8.5 22.4 15.2 5.4 3.5 0 26.7 23.1 66 111 1.9 -11.6
"23" "23" 1995-12-22 26.01 "MIN" "@" "BOS" "L" -1 1 35 0.56 0.462 10.5 27.4 21.2 19.1 0 4.4 15.7 24.6 113 114 14.2 -0.1
"24" "24" 1995-12-23 26.01 "MIN" "" "DAL" "W" 13 1 40 0.613 0.6 13.7 20.9 17.8 16.4 5.1 1.6 19.7 22 114 95 20.6 5.4
"25" "25" 1995-12-27 26.02 "MIN" "" "MIL" "L" -6 1 38 0.47 0.5 5.5 22 12.5 17.4 2.8 2 19 18.4 85 96 8.9 1.3
"26" "26" 1995-12-28 26.02 "MIN" "@" "UTA" "L" -16 1 31 0.468 0.462 0 20.4 9.9 23.6 1.7 4.9 12.6 24.1 87 105 8.3 0.3
"27" "27" 1995-12-30 26.03 "MIN" "@" "SAS" "L" -38 1 30 0.694 0.667 3.1 27.2 14.7 7.1 3.2 5 10.4 13.4 128 111 13.6 4.5
"28" "28" 1996-01-02 26.04 "MIN" "" "HOU" "L" -5 1 44 0.629 0.605 17.7 29.3 23.8 20.2 2.5 5.3 16.8 24.7 120 110 25.6 8.1
"29" "29" 1996-01-04 26.04 "MIN" "@" "PHO" "W" 5 1 39 0.752 0.7 4.2 16.6 11.2 26 1.5 6.3 28.3 23.2 115 108 18.1 6.5
"30" "30" 1996-01-05 26.05 "MIN" "@" "GSW" "L" -3 1 41 0.841 0.853 9.5 23.8 16.4 12.5 6.2 0 8.5 24.6 157 104 35.8 19.6
"31" "31" 1996-01-07 26.05 "MIN" "@" "POR" "L" -16 1 22 0.286 0.286 12.1 20.8 16.8 15.8 2.2 12.5 36.4 23.1 56 104 1.7 -7.4
"32" "32" 1996-01-09 26.06 "MIN" "@" "LAL" "L" -2 1 37 0.56 0.5 15.8 16.7 16.2 9.4 2.9 2 9.2 25.2 125 116 17.7 2.4
"33" "33" 1996-01-11 26.06 "MIN" "@" "LAC" "L" -20 1 34 0.46 0.4 11.8 22.1 15.9 18.1 1.5 4.6 15.5 16.9 100 115 9.4 0.8
"34" "34" 1996-01-13 26.07 "MIN" "@" "IND" "L" -9 1 39 0.406 0.364 13.7 35.2 24 11.1 2.5 1.8 10.9 31.3 85 99 13.2 -2.4
"35" "35" 1996-01-15 26.07 "MIN" "" "SAC" "W" 9 1 40 0.396 0.167 0 24.6 13.2 8.7 3.8 0 10.9 21.5 83 95 8.6 -5.6
"36" "36" 1996-01-17 26.08 "MIN" "" "GSW" "W" 10 1 41 0.514 0.429 2.8 27.7 16.9 14.2 3.6 8.1 22.2 23.5 88 74 17.9 4.9
"37" "37" 1996-01-19 26.08 "MIN" "" "SAS" "W" 8 1 37 0.549 0.455 0 34.3 20.9 4.3 1.3 4.3 13.6 17.7 99 86 12.4 1
"38" "38" 1996-01-20 26.09 "MIN" "@" "NJN" "L" -6 1 40 0.635 0.656 8.5 15 11.9 5.6 2.9 3 18.8 25.3 103 102 16.8 5.1
"39" "39" 1996-01-24 26.1 "MIN" "" "PHO" "L" -10 1 35 0.518 0.5 11.9 24.5 18.8 12.1 4.2 3.2 13.4 27.2 98 91 17.6 6.6
"40" "40" 1996-01-27 26.11 "MIN" "@" "NYK" "L" -9 1 31 0.675 0.545 3.9 23.2 13.5 15 0 2.3 12.4 23 127 113 14.7 4.2
"41" "41" 1996-01-30 26.12 "MIN" "" "DEN" "L" -2 1 35 0.475 0.4 8.6 14.9 11.7 10.6 0 3.8 17.4 28 88 93 10.3 -0.8
"42" "42" 1996-02-02 26.12 "MIN" "@" "SAS" "L" -11 1 30 0.651 0.556 8 18.8 13 30.8 3.6 6.3 15.7 19.7 126 106 16 13.3
"43" "43" 1996-02-03 26.13 "MIN" "@" "DAL" "W" 9 1 44 0.524 0.524 13.6 31.7 25.1 4.4 1.2 0 12.5 25.2 99 91 18 -1.7
"44" "44" 1996-02-05 26.13 "MIN" "" "DAL" "W" 12 1 40 0.671 0.583 8.8 19.2 14.5 26.6 3.8 3.6 23.4 23.5 117 91 22.8 7.6
"45" "45" 1996-02-07 26.14 "MIN" "" "POR" "L" -10 1 31 0.35 0.364 7.6 16.5 12.3 4.1 3.3 2.1 14.9 19.6 69 106 5.4 -5.4
"46" "46" 1996-02-13 26.15 "MIN" "@" "SAC" "W" 4 1 38 0.589 0.545 7.4 23.7 16.9 12.9 1.3 3.8 20.2 17.8 108 92 12.7 2.7
"47" "47" 1996-02-14 26.16 "MIN" "@" "SEA" "L" -37 1 27 0.697 0.625 0 19 9.2 6.8 3.5 0 17.7 19.5 111 127 10.2 -1
"48" "48" 1996-02-16 26.16 "MIN" "" "CHI" "L" -3 1 39 0.628 0.654 9.5 3.6 6.7 8.2 2.9 2.2 21.8 23.3 107 123 13.4 1.9
"49" "49" 1996-02-18 26.17 "MIN" "" "WSB" "L" -12 1 39 0.542 0.333 5.5 6.2 5.8 4.1 2.6 1.8 22.4 19.5 95 113 8.5 -4.4
"50" "50" 1996-02-19 26.17 "MIN" "@" "DET" "L" -30 1 32 0.72 0.636 3.3 14.5 7.9 29.3 5.1 2.6 23.3 24.9 115 120 16.6 9.7
"51" "51" 1996-02-21 26.18 "MIN" "" "HOU" "W" 19 1 29 0.815 0.714 17.1 33.1 25.9 12.2 0 0 30.3 20.4 127 113 12.8 -0.9
"52" "52" 1996-02-23 26.18 "MIN" "" "DET" "W" 1 1 35 0.666 0.625 12.1 21.4 16.6 36.4 5 5.3 23.5 18.1 127 103 17.6 12.7
"53" "53" 1996-02-25 26.19 "MIN" "" "ATL" "L" -16 1 39 0.622 0.571 5 7 5.9 5.8 1.5 4.6 9.4 13 121 115 10 -0.7
"54" "54" 1996-02-27 26.19 "MIN" "@" "CHI" "L" -21 1 39 0.222 0.143 8.8 19.6 14.3 13.1 0 0 11.3 20.1 67 128 2.2 -10.6
"55" "55" 1996-02-28 26.19 "MIN" "" "PHO" "L" -24 1 30 0.58 0.5 0 33.1 12.8 0 0 0 34 16.8 76 125 2.6 -10
"56" "56" 1996-03-01 26.2 "MIN" "" "CHH" "W" 4 1 42 0.699 0.667 6.7 21.8 15 19.8 0 2 28 19.8 110 110 14.2 1.6
"57" "57" 1996-03-03 26.21 "MIN" "" "MIA" "W" 2 1 39 0.482 0.467 9.7 16.8 13.5 15.1 4 3.6 10.2 21.9 104 88 14.9 6.6
"58" "58" 1996-03-06 26.21 "MIN" "@" "PHI" "W" 13 1 34 0.375 0.375 3 18.6 11.3 7.9 0 1.9 11.1 23.9 79 98 4.5 -11.8
"59" "59" 1996-03-08 26.22 "MIN" "" "SEA" "L" -20 1 30 0.788 0.75 0 9.7 4.3 35.7 3 2.3 36 19.1 107 120 12.4 1.9
"60" "60" 1996-03-13 26.23 "MIN" "" "NYK" "L" -24 1 33 0 0 8.9 19.7 13.5 9.1 0 0 23.5 22.5 15 120 -8.9 -25.4
"61" "61" 1996-03-15 26.24 "MIN" "" "SAC" "W" 26 1 35 0.902 0.944 0 20.1 11.3 10.5 4.2 0 20.5 18.8 131 86 19.5 7.9
"62" "62" 1996-03-17 26.24 "MIN" "" "VAN" "W" 5 1 41 0.802 0.786 6.3 22.3 14.8 30.2 1.3 1.8 23.6 24.8 122 91 22.9 9.4
"63" "63" 1996-03-19 26.25 "MIN" "@" "POR" "L" -28 1 33 0.322 0.25 3.2 4.2 3.6 12.5 1.6 2.4 5.1 27.4 69 116 2.7 -7.3
"64" "64" 1996-03-20 26.25 "MIN" "@" "LAC" "L" -14 1 40 0.469 0.333 3.2 16 9 8.3 3.9 2.1 4.3 25.5 110 113 15.2 0.6
"65" "65" 1996-03-22 26.26 "MIN" "@" "DAL" "W" 26 1 41 0.707 0.679 9.8 21.7 16.9 6.8 3.5 3.3 14 20.7 133 72 26.5 9.9
"66" "66" 1996-03-23 26.26 "MIN" "@" "HOU" "W" 5 1 40 0.396 0.333 2.8 31.4 16.9 13.3 1.3 0 9.5 23.5 87 106 9.1 -7.1
"67" "67" 1996-03-27 26.27 "MIN" "" "BOS" "L" -5 1 44 0.631 0.571 12.5 21.8 17.7 16.3 0 1.5 19.4 20.2 122 126 20 -1.1
"68" "68" 1996-03-29 26.28 "MIN" "" "IND" "W" 2 1 41 0.639 0.639 3.3 19.5 12 19.4 2.6 7.3 18.2 24.8 106 96 20.4 8.3
"69" "69" 1996-03-31 26.28 "MIN" "" "LAC" "L" -3 1 42 0.625 0.588 8.2 25.4 14.9 24.5 4.9 0 9.4 20.1 135 109 25.4 11
"70" "70" 1996-04-02 26.29 "MIN" "@" "DEN" "L" -8 1 38 0.697 0.611 3.3 9 6.3 16 0 3.7 15.7 17.9 127 110 12.2 5.5
"71" "71" 1996-04-03 26.29 "MIN" "@" "VAN" "L" -2 1 44 0.418 0.333 7.8 19.6 14.7 3.4 0 1.7 21.8 29.4 77 116 3.9 -16.2
"72" "72" 1996-04-05 26.3 "MIN" "@" "UTA" "W" 4 1 43 0.577 0.222 9.1 30.4 20.7 6.8 3.8 1.7 16.1 19.8 121 99 17.9 3.1
"73" "73" 1996-04-06 26.3 "MIN" "@" "GSW" "L" -5 1 45 0.581 0.533 8.9 8.9 8.9 9 5.8 0 22.5 22.1 101 116 15.4 -2.4
"74" "74" 1996-04-10 26.31 "MIN" "" "LAL" "L" -21 1 36 0.471 0.471 11.1 4.3 8.4 15.2 5.7 0 15 23.7 96 117 12.3 -0.4
"75" "75" 1996-04-12 26.32 "MIN" "@" "WSB" "L" -10 1 8 0 0 0 52.9 23.4 0 0 0 66.7 15.8 0 124 -3 -30.2
"76" "76" 1996-04-17 26.33 "MIN" "" "GSW" "L" -6 1 41 0.503 0.477 12 7.2 9.3 12.4 1.2 1.6 14.9 27.7 101 120 13.9 -3.6
"77" "77" 1996-04-19 26.33 "MIN" "@" "SEA" "L" -8 1 33 0.595 0.55 0 11.5 5.9 10.5 5 2.6 14.5 20.8 106 99 10.6 4.4
"78" "78" 1996-04-20 26.34 "MIN" "@" "LAL" "L" -24 1 29 0.425 0.333 9.4 33.1 20.3 12.9 1.7 2.4 25.4 32.3 75 99 6.8 -3.9
"1" "1" 1996-11-01 26.87 "MIN" "" "SAS" "W" 4 1 42.7 0.52 0.45 8.4 21.7 14.7 5.3 1.3 3.8 14.8 29.9 96 89 15.7 0.5
"2" "2" 1996-11-03 26.88 "MIN" "@" "LAL" "L" -6 1 43.2 0.478 0.42 14.9 22.9 18.6 19.6 2.5 3.3 12.8 33.2 98 94 20.1 6.7
"3" "3" 1996-11-05 26.88 "MIN" "@" "PHO" "W" 3 1 37.1833333333333 0.579 0.5 8.6 8.6 8.6 14.3 1.5 0 5.7 23.5 125 112 14.6 -0.6
"4" "4" 1996-11-07 26.89 "MIN" "@" "POR" "L" -1 1 42.95 0.526 0.5 4.5 27.7 14.3 10.4 2.5 2.1 7.8 28 105 92 17.4 6.2
"5" "5" 1996-11-10 26.9 "MIN" "@" "LAC" "L" -11 1 39.2833333333333 0.389 0.235 7.7 20.5 14.1 13.6 1.4 0 20.6 34.8 73 91 6.2 -4.1
"6" "6" 1996-11-12 26.9 "MIN" "" "POR" "W" 3 1 41.2666666666667 0.483 0.395 8.2 22.3 15.2 25.3 3.8 6.2 15.7 33.9 99 97 20.3 6.8
"7" "7" 1996-11-14 26.91 "MIN" "" "DAL" "W" 10 1 40.0166666666667 0.718 0.7 5.6 22 14.3 20.7 2.4 3.5 12.6 25.1 129 86 26.5 9.8
"8" "8" 1996-11-16 26.91 "MIN" "@" "NYK" "L" -3 1 42.0833333333333 0.414 0.316 0 20.4 8 22.7 5.1 2.2 17.9 30.1 79 82 9.3 3
"9" "9" 1996-11-19 26.92 "MIN" "@" "HOU" "L" -29 1 31.3833333333333 0.501 0.385 0 29.3 11.9 15.4 1.6 0 10.5 25.9 100 124 10.7 -4.1
"10" "10" 1996-11-21 26.93 "MIN" "@" "ORL" "L" -4 1 42.5833333333333 0.542 0.429 3.2 13 8.6 20.4 2.6 1.8 18.6 25.5 100 103 14.4 1.3
"11" "11" 1996-11-23 26.93 "MIN" "" "LAC" "W" 2 1 40.65 0.417 0.281 15.6 24 20.4 15.4 1.4 1.9 19.7 29.2 96 108 10.5 -5.5
"12" "12" 1996-11-25 26.94 "MIN" "@" "WSB" "L" -7 1 38.0833333333333 0.584 0.5 15.5 18.9 17 24.4 1.3 1.8 24.6 30.6 105 105 18.1 5.5
"13" "13" 1996-11-27 26.94 "MIN" "" "SEA" "L" -8 1 30.4 0.718 0.714 0 9.1 4.3 29.1 3.4 0 20.7 27.7 110 113 15.6 5
"14" "14" 1996-11-29 26.95 "MIN" "@" "DEN" "W" 5 1 36.5166666666667 0.648 0.6 7 22.2 14.4 4.7 2.7 7.1 27.4 30.1 99 101 16.1 0.8
"15" "15" 1996-11-30 26.95 "MIN" "" "TOR" "W" 9 1 40.9333333333333 0.584 0.441 2.9 10.4 6.9 23.6 0 2.1 12.3 28.5 115 87 17.1 7.9
"16" "16" 1996-12-03 26.96 "MIN" "" "SAC" "L" -7 1 42.2833333333333 0.449 0.333 11.1 19.8 16 13.7 1.2 2.6 14 29.5 95 100 14.9 -0.2
"17" "17" 1996-12-05 26.96 "MIN" "@" "SEA" "L" -31 1 33.2 0.79 0.714 11.4 24.9 16.9 20.1 1.6 2.3 14.9 24.6 140 120 24.3 15.1
"18" "18" 1996-12-06 26.97 "MIN" "@" "UTA" "L" -11 1 35.1 0.785 0.692 4 16.7 11 41.9 1.6 0 21.9 32.5 128 118 22.5 10.1
"19" "19" 1996-12-08 26.97 "MIN" "@" "LAL" "L" -24 1 33.4666666666667 0.462 0.406 9.2 11.1 10.1 16 1.5 4.5 28.8 28.8 78 115 6.1 -4.7
"20" "20" 1996-12-10 26.98 "MIN" "" "HOU" "L" -2 1 37.35 0.421 0.357 5.4 14.4 9.3 4 0 4.4 15.3 23.2 83 106 6.7 -5.1
"21" "21" 1996-12-11 26.98 "MIN" "@" "CHI" "L" -17 1 37.6666666666667 0.443 0.429 14.4 6.8 10.9 23.7 4.3 0 15.7 30.4 93 114 12.1 -0.4
"22" "22" 1996-12-13 26.99 "MIN" "" "PHO" "W" 3 1 38.2166666666667 0.517 0.455 6.3 32.5 18.5 25 4.2 4 7.6 30.9 119 104 23.5 7.5
"23" "23" 1996-12-14 26.99 "MIN" "" "CLE" "L" -8 1 38.7 0.702 0.545 0 11.9 5.6 10.3 0 0 21.1 24.3 121 136 12.4 -0.8
"24" "24" 1996-12-18 27 "MIN" "@" "GSW" "L" -27 1 31.2 0.567 0.5 9.7 9.4 9.6 6.7 3.4 2.6 14.5 28.5 107 131 13.4 -1.3
"25" "25" 1996-12-19 27 "MIN" "@" "SAC" "L" -7 1 45.0333333333333 0.511 0.463 11.9 22 16.2 17.6 2.4 1.7 8.5 34.8 115 123 24.6 1.7
"26" "26" 1996-12-21 27.01 "MIN" "" "LAL" "W" 15 1 39.6666666666667 0.507 0.467 6.7 16 11.9 11.8 0 3.6 10.7 22.3 104 100 11.6 -2.6
"27" "27" 1996-12-23 27.01 "MIN" "" "UTA" "W" 9 1 40.4 0.447 0.441 3.5 27.4 15.7 27.5 4.3 2.1 10.1 25.5 101 109 14.6 0.8
"28" "28" 1996-12-26 27.02 "MIN" "" "NYK" "W" 8 1 37.4333333333333 0.758 0.636 3.2 24.3 14.7 20.6 4.3 2.1 6.4 20.3 149 81 24.5 14.6
"29" "29" 1996-12-28 27.02 "MIN" "" "DEN" "W" 7 1 47.4833333333333 0.553 0.425 7.5 23.5 15.8 19.5 1.2 1.8 14.1 27.1 118 98 20.9 3.9
"30" "30" 1996-12-30 27.03 "MIN" "@" "CLE" "L" -12 1 35.5333333333333 0.543 0.462 7.8 24.9 16.1 5.9 0 2.9 27.7 29.5 85 126 6.9 -9.9
"31" "31" 1997-01-03 27.04 "MIN" "@" "BOS" "W" 10 1 45.5666666666667 0.672 0.467 5.1 32.3 20.7 28.4 3 1.2 11.2 25.6 133 74 35.6 13.7
"32" "32" 1997-01-04 27.04 "MIN" "@" "MIL" "W" 6 1 44.25 0.454 0.375 2.7 25.2 15.2 28.2 1.2 0 9.8 32.2 96 95 16.3 -1.6
"33" "33" 1997-01-07 27.05 "MIN" "" "HOU" "L" -9 1 41.45 0.486 0.425 7.2 14.3 10.4 12.7 5.3 4.1 18.1 30 94 109 15.7 2.5
"34" "34" 1997-01-09 27.06 "MIN" "@" "NJN" "W" 3 1 38.8166666666667 0.492 0.386 13 15.4 14.4 12.7 1.3 3.1 15.9 35.1 101 109 17.8 -2.1
"35" "35" 1997-01-11 27.06 "MIN" "" "LAC" "W" 2 1 43.5166666666667 0.426 0.393 7.4 10.4 8.9 38.2 3.8 1.8 10.9 40.3 93 106 17.5 -1.3
"36" "36" 1997-01-14 27.07 "MIN" "@" "ATL" "L" -2 1 42.1833333333333 0.731 0.625 4.4 27.3 19 27.1 0 3.7 34.7 27.6 106 105 17.2 3.5
"37" "37" 1997-01-15 27.07 "MIN" "" "CHI" "L" -10 1 38.2333333333333 0.391 0.353 3 16.8 10.2 7.6 2.9 3.3 9.4 26.4 85 121 9.6 -5.4
"38" "38" 1997-01-18 27.08 "MIN" "" "GSW" "W" 15 1 35.3833333333333 0.604 0.531 11.1 29.7 20.4 18.3 3 0 14.2 26.8 121 98 19.5 6.4
"39" "39" 1997-01-20 27.09 "MIN" "" "SAS" "W" 13 1 34.2 0.464 0.4 9.8 34.3 21.2 25.6 0 0 0 27 117 97 15.8 2.5
"40" "40" 1997-01-21 27.09 "MIN" "@" "TOR" "L" -12 1 31.1333333333333 0.308 0.308 12.6 23.5 17 14.2 1.7 5.2 13.3 20.9 83 128 6.5 -8.4
"41" "41" 1997-01-23 27.1 "MIN" "@" "VAN" "W" 19 1 40.2 0.595 0.5 2.7 37.3 20 4.8 5.1 0 9.8 33.1 119 72 27 8.2
"42" "" 1997-01-25 27.1 "MIN" "@" "POR" "L" -7 NA NA NA NA NA NA NA NA NA NA NA NA NA NA NA NA
"43" "42" 1997-01-28 27.11 "MIN" "" "SAC" "L" -3 1 39.6666666666667 0.571 0.548 0 21.8 12.2 20.2 2.7 3.5 18.6 32.2 94 97 18.3 2.9
"44" "43" 1997-01-30 27.12 "MIN" "@" "DAL" "W" 10 1 30.3666666666667 0.604 0.455 11.4 17.4 14.5 18.5 3.6 0 12.4 25.3 124 88 15 7.4
"45" "44" 1997-01-31 27.12 "MIN" "@" "SAS" "W" 2 1 36.2 0.488 0.368 9.1 16.7 12.3 19.3 1.5 4.9 11.8 31.4 109 107 17 3.7
"46" "45" 1997-02-02 27.12 "MIN" "" "POR" "W" 1 1 40.25 0.577 0.579 0 13.6 7.4 33 5.2 3.5 11.4 31.7 109 102 22.2 8.1
"47" "46" 1997-02-04 27.13 "MIN" "@" "CHH" "L" -14 1 43.7333333333333 0.621 0.5 5.2 16 10 12.6 1.2 0 6.6 31.3 129 126 27.2 6.6
"48" "47" 1997-02-06 27.13 "MIN" "" "VAN" "W" 17 1 40.05 0.403 0.333 2.9 12.2 8 20.1 0 1.8 22.2 31.6 78 98 4.8 -11.5
"49" "48" 1997-02-12 27.15 "MIN" "" "LAL" "L" -16 1 40.15 0.382 0.235 2.6 13 7.7 9.9 1.3 0 16 27.3 76 109 5.1 -7.6
"50" "49" 1997-02-14 27.16 "MIN" "" "ORL" "W" 4 1 36.7833333333333 0.49 0.333 0 6.3 3.3 8.2 0 4.2 4.9 25.3 115 119 11.7 -3.6
"51" "50" 1997-02-16 27.16 "MIN" "" "PHO" "W" 11 1 41.2 0.691 0.643 3.7 15.3 10.5 26.9 0 3.4 15.3 22 127 104 21.8 7.2
"52" "51" 1997-02-18 27.17 "MIN" "@" "SAC" "L" -11 1 46.2 0.568 0.5 13 21.6 17.7 24.2 2.2 0 16.9 27.8 108 94 24.5 7.9
"53" "52" 1997-02-19 27.17 "MIN" "@" "VAN" "W" 11 1 35.85 0.521 0.471 10.3 19.9 15.5 20.3 1.6 2 5 27.6 113 83 17 6.3
"54" "53" 1997-02-21 27.18 "MIN" "" "GSW" "W" 19 1 30.9833333333333 0.563 0.563 7.4 14.6 11.4 23.8 3.2 2.2 20 27.7 94 85 13.2 1.2
"55" "54" 1997-02-26 27.19 "MIN" "@" "SAS" "W" 19 1 39.65 0.962 0.958 12.4 15.3 14.2 19.5 1.4 1.5 21 22.9 150 102 29.3 12.7
"56" "55" 1997-02-27 27.19 "MIN" "@" "DAL" "W" 2 1 51.1333333333333 0.461 0.435 2.5 6.8 4.7 23.8 2.3 1.5 11.2 26.6 95 105 14.2 -0.8
"57" "56" 1997-03-02 27.2 "MIN" "" "CHH" "L" -12 1 44.0833333333333 0.431 0.4 9.9 37.5 21.5 25.2 2.5 2.4 12.6 25.4 94 116 16.3 1.1
"58" "57" 1997-03-05 27.21 "MIN" "" "DET" "L" -4 1 44.45 0.441 0.348 9.3 29.3 18.6 20.2 0 5 10.3 30.2 98 103 18 3.3
"59" "58" 1997-03-07 27.21 "MIN" "" "DEN" "W" 13 1 41.1333333333333 0.478 0.348 12.5 15.3 13.8 22 5.1 7 8.7 37.4 105 81 26.2 12
"60" "59" 1997-03-09 27.22 "MIN" "" "UTA" "L" -9 1 23.9 0.435 0.286 5 0 2.8 35.7 2.2 2.9 24.6 23.4 91 127 6 -1
"61" "60" 1997-03-11 27.22 "MIN" "" "PHI" "W" 4 1 38.1 0.477 0.364 11.1 10.5 10.8 4.7 2.7 0 18 20 95 108 8 -6.3
"62" "61" 1997-03-13 27.23 "MIN" "" "SEA" "L" -16 1 39.3666666666667 0.742 0.714 10 17.1 13.5 18.3 1.4 0 31.3 15.9 112 124 12.7 0.7
"63" "62" 1997-03-14 27.23 "MIN" "@" "PHI" "L" -14 1 39.45 0.43 0.333 7.8 9.7 8.7 16.3 4 1.7 25.6 17.8 85 118 8 -5.1
"64" "63" 1997-03-16 27.24 "MIN" "" "BOS" "W" 18 1 39.1166666666667 0.556 0.5 10 20.1 16.1 19.8 5.2 3.5 30.2 26.9 95 95 16.8 -1.4
"65" "64" 1997-03-18 27.24 "MIN" "@" "IND" "L" -18 1 31.15 0.568 0.455 4.6 14.1 9.2 26.5 1.8 0 7 22.9 125 134 13.6 2.2
"66" "65" 1997-03-19 27.25 "MIN" "" "VAN" "W" 23 1 29.2 0.603 0.583 9.7 13.5 12 48.3 0 5.1 24.3 25.9 111 82 14.2 8.8
"67" "66" 1997-03-21 27.25 "MIN" "@" "DET" "L" -14 1 39.2333333333333 0.498 0.4 6.3 21 13.8 32.4 0 0 18.1 26.7 98 123 12.7 -1
"68" "67" 1997-03-23 27.26 "MIN" "" "MIA" "L" -5 1 38.9833333333333 0.596 0.529 12.3 35.2 23 32 1.3 5 19.3 28.9 112 117 22.8 6.8
"69" "68" 1997-03-25 27.26 "MIN" "@" "HOU" "L" -9 1 35.3 0.385 0.344 2.7 28.9 13.9 12.1 2.9 0 10.6 22.8 86 113 8.2 -4.2
"70" "69" 1997-03-26 27.27 "MIN" "@" "DEN" "W" 2 1 43.6166666666667 0.534 0.474 6.1 26.4 15.8 10.8 1.2 1.9 4.1 26.5 116 113 19.1 -0.1
"71" "70" 1997-03-28 27.27 "MIN" "@" "SEA" "L" -11 1 43.95 0.401 0.357 9.4 8.9 9.1 28.8 2.5 0 19.8 22.7 88 109 9.8 -1.9
"72" "71" 1997-03-30 27.28 "MIN" "@" "GSW" "W" 11 1 38.5833333333333 0.807 0.765 7.7 18 13.5 13.7 5.2 1.9 13.5 27.3 138 102 28.9 9.5
"73" "72" 1997-04-02 27.28 "MIN" "" "NJN" "W" 5 1 40.3166666666667 0.56 0.5 0 14.3 8.3 38 2.9 3.9 27.2 33.2 96 101 16.1 3.4
"74" "73" 1997-04-04 27.29 "MIN" "" "WSB" "W" 2 1 38 0.484 0.412 15.8 19.7 17.5 25.1 3 0 9.2 27.7 110 109 17.2 3.6
"75" "74" 1997-04-06 27.3 "MIN" "" "IND" "L" -11 1 38.6 0.291 0.25 0 18.6 8.8 17.4 1.4 0 6.8 18.1 69 109 3.1 -5.3
"76" "75" 1997-04-08 27.3 "MIN" "@" "PHO" "L" -8 1 42.8 0.33 0.263 4.9 27.2 15.4 16.7 2.3 1.9 12.4 23.3 81 114 8.7 -3.1
"77" "76" 1997-04-10 27.31 "MIN" "@" "LAC" "W" 12 1 38.7666666666667 0.557 0.5 18.1 24.1 21.7 12.3 2.6 7.3 27.9 32.5 94 91 17 0.2
"78" "77" 1997-04-12 27.31 "MIN" "" "ATL" "L" -14 1 33.5833333333333 0.454 0.308 6.1 8.5 7.4 17.3 0 2.7 19.5 29.7 83 104 5.5 -1.3
"79" "78" 1997-04-14 27.32 "MIN" "@" "MIA" "W" 8 1 40.7333333333333 0.5 0.5 0 15.8 8.6 27.3 5.4 0 35 24.5 78 95 8.5 -0.3
"80" "79" 1997-04-16 27.32 "MIN" "" "DAL" "L" -15 1 32.05 0.365 0.273 7.5 20.3 13.6 5.9 0 0 24.5 25.3 67 116 1.7 -13.4
"81" "80" 1997-04-18 27.33 "MIN" "" "MIL" "W" 10 1 33.7833333333333 0.619 0.625 4.2 19.5 11.2 20.8 1.5 2.4 0 23.8 135 118 19.5 4.5
"82" "81" 1997-04-19 27.33 "MIN" "@" "UTA" "L" -12 1 34.95 0.376 0.25 7 16.7 12 14.2 2.9 2.2 21.5 24.2 76 104 5.1 -6.4
"1" "1" 1997-10-31 27.87 "MIN" "" "GSW" "W" 16 1 37.7833333333333 0.722 0.667 6.6 19.9 14.6 13.9 0 1.4 4.9 22.5 148 112 26.5 3.6
"2" "2" 1997-11-01 27.87 "MIN" "" "CHH" "W" 16 1 35.2833333333333 0.482 0.474 5.4 23.4 13.4 22.4 2.9 0 0 24.6 117 94 17.7 6.7
"3" "3" 1997-11-04 27.88 "MIN" "@" "POR" "L" -17 1 40.1 0.606 0.529 12.6 16.6 14.3 0 5.2 2.1 4.3 25.6 132 124 24 5.4
"4" "4" 1997-11-07 27.88 "MIN" "@" "VAN" "W" 11 1 34.0166666666667 0.491 0.353 8.1 19.8 14.9 19.9 4.2 0 0 27.7 117 90 20.3 6.4
"5" "5" 1997-11-08 27.89 "MIN" "@" "GSW" "W" 7 1 39.3666666666667 0.519 0.417 15.7 11.9 13.5 29.9 2.6 0 12.5 36.6 107 95 23.2 4.5
"6" "6" 1997-11-11 27.9 "MIN" "" "SAS" "L" -1 1 41.7333333333333 0.474 0.429 11.7 13.6 12.7 16.5 2.6 0 11.5 30.2 98 104 14.6 -1
"7" "7" 1997-11-13 27.9 "MIN" "" "WAS" "L" -3 1 42.8166666666667 0.249 0.174 2.3 16.4 8.8 8.2 3.7 0 3.7 28.2 62 87 3.2 -4.6
"8" "8" 1997-11-15 27.91 "MIN" "@" "SAS" "W" 11 1 37.7833333333333 0.593 0.467 13.8 14.3 14 31.4 0 0 0 21.7 140 102 24.3 11.5
"9" "9" 1997-11-18 27.92 "MIN" "@" "PHO" "W" 18 1 41.1 0.72 0.692 7.3 19.1 14.5 29.8 3.8 1.9 30.2 23 114 93 20.8 8.8
"10" "10" 1997-11-19 27.92 "MIN" "@" "LAL" "L" -25 1 40 0.854 0.833 2.7 13.7 7.5 24 2.3 0 35.2 20.6 104 111 16.8 2.8
"11" "11" 1997-11-21 27.92 "MIN" "" "CLE" "L" -23 1 34.0333333333333 0.535 0.533 13.1 16.6 14.7 39 0 0 20.1 24.9 99 113 12.7 3.7
"12" "12" 1997-11-24 27.93 "MIN" "@" "UTA" "L" -9 1 44.5833333333333 0.484 0.346 2.1 15.4 5.9 3.3 1.1 0 0 15.9 115 133 9.4 -6.5
"13" "13" 1997-11-26 27.94 "MIN" "" "POR" "L" -6 1 45.85 0.753 0.625 5.6 11.3 8.5 17.6 0 2.9 20.1 15 128 106 16.6 3.9
"14" "14" 1997-11-28 27.94 "MIN" "@" "DEN" "L" -11 1 33 0.654 0.583 13.2 22.4 18.2 38.6 1.6 2 17.9 23.6 120 100 18.2 9.9
"15" "15" 1997-11-29 27.95 "MIN" "" "VAN" "W" 19 1 38.2666666666667 0.617 0.563 6.3 23.5 15.2 16 1.4 2 9.7 23.4 129 93 20.9 7.5
"16" "16" 1997-12-03 27.96 "MIN" "" "IND" "L" -4 1 38.7666666666667 0.373 0.308 16.2 22.7 19.4 16.9 1.4 0 21.3 22.2 83 105 7.3 -4.6
"17" "17" 1997-12-05 27.96 "MIN" "" "SAC" "W" 11 1 41.8666666666667 0.576 0.538 9.9 19.4 16.5 25.8 4 6.9 11.9 20.6 126 93 22.6 13.1
"18" "18" 1997-12-06 27.96 "MIN" "@" "WAS" "L" -11 1 37.6333333333333 0.758 0.636 7.2 31.6 19.6 8.1 2.7 0 11.2 21.2 146 116 23 8.4
"19" "19" 1997-12-09 27.97 "MIN" "" "SEA" "L" -9 1 37.4166666666667 0.442 0.417 2.5 26.6 13 21.3 1.3 0 19.4 17.1 89 108 7.6 -3.6
"20" "20" 1997-12-11 27.98 "MIN" "@" "NYK" "L" -4 1 39.9666666666667 0.649 0.583 6.9 23 16.1 25.2 0 0 17 19.3 122 109 17.5 5.5
"21" "21" 1997-12-13 27.98 "MIN" "" "PHO" "W" 11 1 38.9 0.632 0.5 3.8 15.4 10.3 6.1 3.8 2 21.3 16.4 108 101 13.5 0.3
"22" "22" 1997-12-16 27.99 "MIN" "" "LAL" "L" -13 1 40.1166666666667 0.51 0.467 9.8 18.3 13.9 8.7 3.7 1.7 22.1 23.7 90 106 13.7 0.7
"23" "23" 1997-12-17 27.99 "MIN" "@" "PHI" "W" 4 1 41.6333333333333 0.561 0.52 4.8 11.4 8.2 16.2 1.2 0 13 33.3 101 99 18.5 3.5
"24" "24" 1997-12-20 28 "MIN" "" "LAC" "W" 1 1 36.05 0.625 0.647 0 13.6 7.7 11.4 1.5 3.9 20.7 31.8 91 100 14.4 -0.7
"25" "25" 1997-12-22 28.01 "MIN" "@" "SAC" "L" -10 1 38.7666666666667 0.366 0.273 16.3 27.4 21.4 12.5 0 0 16.1 33.2 79 97 8.7 -4
"26" "26" 1997-12-23 28.01 "MIN" "@" "SEA" "W" 9 1 38.9666666666667 0.652 0.625 2.9 7.7 5 24.9 2.9 0 10.6 22.5 132 119 18.7 4.5
"27" "27" 1997-12-26 28.02 "MIN" "" "NJN" "W" 20 1 36.8833333333333 0.647 0.647 9.5 4.8 6.8 24.5 1.3 0 10.5 20.3 125 99 19.6 6
"28" "28" 1997-12-28 28.02 "MIN" "@" "DET" "W" 4 1 41.2166666666667 0.472 0.467 6 26.3 17.3 7.9 0 0 11.2 20 94 95 10.2 -1.6
"29" "29" 1997-12-30 28.03 "MIN" "" "CHI" "W" 4 1 42.55 0.71 0.643 6.7 12.7 10.1 20.6 2.6 0 5.8 19.2 147 109 23.8 10.4
"30" "" 1998-01-02 28.04 "MIN" "@" "BOS" "L" -4 NA NA NA NA NA NA NA NA NA NA NA NA NA NA NA NA
"31" "30" 1998-01-03 28.04 "MIN" "" "DEN" "W" 22 1 32.3166666666667 0.506 0.444 0 11.3 6.3 9.1 0 0 16.8 17.4 98 102 5.6 -7.9
"32" "31" 1998-01-07 28.05 "MIN" "" "PHO" "L" -15 1 40.4 0.506 0.474 7.3 14.6 10.7 20.9 1.3 0 19.4 28.7 89 103 12.2 1.9
"33" "32" 1998-01-09 28.06 "MIN" "" "POR" "W" 5 1 36.8333333333333 0.387 0.333 0 24.1 12.2 4.8 0 2 12.3 20.7 76 103 3.6 -8.6
"34" "33" 1998-01-10 28.06 "MIN" "@" "NJN" "W" 7 1 38.6166666666667 0.615 0.531 9.5 5.7 7.5 0 0 0 17 26.8 113 121 13.1 -3
"35" "34" 1998-01-12 28.07 "MIN" "" "GSW" "W" 16 1 34.85 0.418 0.333 12.5 11.9 12.2 23.5 3 0 10.7 23 108 97 11.4 0
"36" "35" 1998-01-16 28.08 "MIN" "@" "HOU" "W" 1 1 47.4333333333333 0.614 0.615 12.5 22.6 17.3 18.2 4.5 1.6 0 26.1 137 111 34.1 11.8
"37" "36" 1998-01-17 28.08 "MIN" "@" "DAL" "W" 3 1 42.7 0.53 0.474 0 32 16.4 11.6 1.2 1.9 19.4 26.5 93 103 13.4 -2.8
"38" "37" 1998-01-19 28.08 "MIN" "" "LAC" "W" 8 1 36.6166666666667 0.542 0.5 11.8 11.8 11.8 34.4 2.6 0 5.4 19.5 133 110 21.3 8.6
"39" "38" 1998-01-21 28.09 "MIN" "" "BOS" "W" 9 1 33.9333333333333 0.752 0.625 4.6 30.3 19.3 22.6 0 0 15.8 17.8 134 102 15.8 3.1
"40" "39" 1998-01-24 28.1 "MIN" "@" "TOR" "L" -6 1 44.6666666666667 0.571 0.571 20.1 12.8 15.9 25.1 1.2 1.4 15.5 25.7 115 114 23.2 4.3
"41" "40" 1998-01-27 28.11 "MIN" "" "ATL" "W" 17 1 38.8333333333333 0.693 0.647 3.3 10.9 7.5 36.4 6.5 3.5 13.8 24.2 131 91 29.7 19
"42" "" 1998-01-29 28.11 "MIN" "@" "VAN" "W" 6 NA NA NA NA NA NA NA NA NA NA NA NA NA NA NA NA
"43" "41" 1998-01-30 28.12 "MIN" "@" "LAL" "L" -7 1 15.8333333333333 0.639 0.556 7.1 7.5 7.3 0 3.1 0 7.4 36.2 126 124 11.1 6.4
"44" "" 1998-02-01 28.12 "MIN" "" "MIL" "L" -8 NA NA NA NA NA NA NA NA NA NA NA NA NA NA NA NA
"45" "" 1998-02-04 28.13 "MIN" "" "NYK" "W" 7 NA NA NA NA NA NA NA NA NA NA NA NA NA NA NA NA
"46" "" 1998-02-11 28.15 "MIN" "" "ORL" "L" -7 NA NA NA NA NA NA NA NA NA NA NA NA NA NA NA NA
"47" "" 1998-02-13 28.15 "MIN" "@" "DEN" "W" 27 NA NA NA NA NA NA NA NA NA NA NA NA NA NA NA NA
"48" "" 1998-02-15 28.16 "MIN" "" "DAL" "W" 6 NA NA NA NA NA NA NA NA NA NA NA NA NA NA NA NA
"49" "" 1998-02-17 28.16 "MIN" "@" "MIA" "L" -26 NA NA NA NA NA NA NA NA NA NA NA NA NA NA NA NA
"50" "" 1998-02-18 28.17 "MIN" "@" "ORL" "L" -13 NA NA NA NA NA NA NA NA NA NA NA NA NA NA NA NA
"51" "" 1998-02-20 28.17 "MIN" "" "HOU" "W" 5 NA NA NA NA NA NA NA NA NA NA NA NA NA NA NA NA
"52" "" 1998-02-22 28.18 "MIN" "" "SAC" "W" 18 NA NA NA NA NA NA NA NA NA NA NA NA NA NA NA NA
"1" "1" 1999-02-05 29.13 "PHO" "@" "LAC" "W" 9 1 40.6833333333333 0.609 0.5 9.2 32.8 22.6 3.9 1.2 1.9 13.2 24.2 116 87 20.3 3.1
"2" "2" 1999-02-07 29.14 "PHO" "" "DEN" "W" 7 1 33.55 0.735 0.643 8.8 36.4 24.6 17.5 0 4.4 9.2 29.4 143 105 26.2 10.4
"3" "3" 1999-02-09 29.14 "PHO" "" "SAC" "L" -17 1 35.8333333333333 0.517 0.421 9.9 12.4 11 12.5 2.7 3.7 13.7 32.7 103 109 18.3 4.6
"4" "4" 1999-02-11 29.15 "PHO" "" "UTA" "L" -8 1 40.65 0.564 0.458 13.6 21 17.1 5.8 1.4 0 5.9 19.6 126 99 15.9 6.7
"5" "5" 1999-02-13 29.15 "PHO" "" "LAC" "W" 3 1 43.4833333333333 0.631 0.545 3.3 25.8 15.2 8.1 1.2 1.9 5.9 18.2 129 101 17 1.3
"6" "6" 1999-02-15 29.16 "PHO" "@" "DEN" "W" 9 1 38.8166666666667 0.317 0.214 9.7 13.1 11.6 9.6 1.3 0 16 21.9 80 112 4.3 -11.6
"7" "7" 1999-02-16 29.16 "PHO" "@" "HOU" "L" -17 1 33.65 0.583 0.583 18.3 14.9 16.9 20.8 1.5 0 7.7 16.1 131 119 16.5 4.6
"8" "8" 1999-02-17 29.16 "PHO" "@" "SAS" "W" 3 1 39.6333333333333 0.478 0.474 14.6 9.7 12.3 5.7 2.9 2.2 9.1 26.9 100 93 14.3 4
"9" "9" 1999-02-19 29.17 "PHO" "" "DET" "L" -8 1 38.05 0.2 0.2 8.8 33.7 21.5 12 1.3 0 33.3 18.3 49 103 0.8 -12.7
"10" "10" 1999-02-22 29.18 "PHO" "" "DAL" "W" 18 1 37.7333333333333 0.505 0.455 7.9 10.8 9.6 11.3 1.5 1.8 14.4 18.6 101 99 10.7 -2.5
"11" "11" 1999-02-25 29.19 "PHO" "@" "VAN" "W" 8 1 32.0833333333333 0.556 0.556 3.4 23.7 12.8 11.8 0 0 10 13.8 111 99 7.8 -2.7
"12" "12" 1999-02-26 29.19 "PHO" "@" "GSW" "L" -4 1 41.9666666666667 0.511 0.444 11.6 10.4 11.1 15.7 1.3 0 0 22.5 120 109 19.9 4.6
"13" "13" 1999-02-28 29.19 "PHO" "" "GSW" "W" 13 1 35.9833333333333 0.61 0.5 3.4 17 11.3 5.1 1.5 0 5.7 24.1 119 97 16.3 1.2
"14" "14" 1999-03-01 29.2 "PHO" "" "LAL" "L" -6 1 33.9666666666667 0.698 0.654 9.4 23.5 15.7 5.7 0 0 17.3 23.9 115 109 14.1 1
"15" "15" 1999-03-03 29.2 "PHO" "@" "LAL" "L" -6 1 39.7166666666667 0.35 0.35 14.1 16 15 4.2 3.9 0 9.1 24.3 82 105 9.3 -3.8
"16" "16" 1999-03-04 29.21 "PHO" "@" "SEA" "W" 8 1 36.5833333333333 0.628 0.615 3.6 12.1 8.2 4.5 6 2.1 17.3 23.2 102 99 14 1
"17" "17" 1999-03-06 29.21 "PHO" "" "SAC" "L" -12 1 37.35 0.51 0.4 6.2 19.7 12.1 14.9 5.2 2 29.8 18.8 87 106 10.8 -1.9
"18" "18" 1999-03-09 29.22 "PHO" "@" "DAL" "W" 12 1 35.2 0.368 0.333 6.9 17.6 12.2 15.6 1.6 0 5.8 23.8 96 106 7.6 -5.1
"19" "19" 1999-03-10 29.22 "PHO" "" "CLE" "L" -13 1 38.85 0.447 0.412 8.2 13.7 10.6 12.1 0 1.8 18.3 26.6 80 103 7.5 -2.7
"20" "20" 1999-03-12 29.23 "PHO" "" "SAS" "L" -2 1 39.2166666666667 0.771 0.706 7.9 10 9 4.9 2.9 0 12.3 31.6 138 116 26.7 7.3
"21" "21" 1999-03-14 29.23 "PHO" "" "HOU" "W" 14 1 36.6833333333333 0.672 0.6 14.7 16.2 15.4 11.4 2.9 6.3 0 15.4 156 95 22 11.1
"22" "22" 1999-03-16 29.24 "PHO" "@" "MIL" "W" 18 1 29.3333333333333 0.893 0.875 5.3 25.5 16.6 18.8 3.9 0 8.6 18.6 171 101 19.4 13
"23" "23" 1999-03-17 29.24 "PHO" "@" "CHH" "L" -8 1 45.1333333333333 0.542 0.429 5.3 3.2 4.4 12.3 1.1 0 5.4 18.8 120 132 15.3 -1.1
"24" "24" 1999-03-19 29.25 "PHO" "@" "ATL" "L" -8 1 38.8666666666667 0.677 0.583 10.5 13.3 11.7 6.7 2.9 0 11.4 21.4 128 107 18.5 6.6
"25" "25" 1999-03-20 29.25 "PHO" "@" "HOU" "L" -10 1 40.6833333333333 0.503 0.476 8.4 17.2 12.8 10.3 2.7 0 4.4 28.1 103 106 16.8 3.1
"26" "26" 1999-03-22 29.25 "PHO" "" "VAN" "W" 5 1 32.9666666666667 0.625 0.615 12.1 23.6 17.1 14.3 1.7 0 0 21.5 137 96 17.7 6
"27" "27" 1999-03-24 29.26 "PHO" "@" "LAL" "W" 5 1 39.8833333333333 0.351 0.357 4.9 16.7 10.4 23.2 3.6 1.6 14.9 21.4 77 97 9.1 -1.3
"28" "28" 1999-03-25 29.26 "PHO" "@" "POR" "L" -13 1 33.7166666666667 0.383 0.3 3 7.1 4.9 24.5 3.1 0 7.8 18.1 89 109 7.8 -1
"29" "29" 1999-03-26 29.27 "PHO" "" "NYK" "L" -7 1 31.1333333333333 0.205 0 5.8 17.2 10.4 9.7 1.8 0 17 16 60 110 1 -10.8
"30" "30" 1999-03-28 29.27 "PHO" "" "POR" "L" -2 1 35.6 0.495 0.438 5.7 22.2 12.9 16.2 1.7 0 5.2 26.4 108 102 14.1 5.9
"31" "31" 1999-03-31 29.28 "PHO" "" "GSW" "W" 15 1 30.2666666666667 0.619 0.538 13.6 18.1 15.7 21.1 3.3 0 15 27.2 117 78 19.9 10.3
"32" "32" 1999-04-02 29.28 "PHO" "" "LAL" "L" -1 1 31.2666666666667 0.363 0.25 8.1 31 19.1 29.4 1.9 0 6.8 24.8 95 107 9.4 -1.4
"33" "" 1999-04-03 29.29 "PHO" "@" "POR" "L" -5 NA NA NA NA NA NA NA NA NA NA NA NA NA NA NA NA
"34" "" 1999-04-06 29.3 "PHO" "@" "LAC" "W" 5 NA NA NA NA NA NA NA NA NA NA NA NA NA NA NA NA
"35" "" 1999-04-07 29.3 "PHO" "" "MIN" "W" 8 NA NA NA NA NA NA NA NA NA NA NA NA NA NA NA NA
"36" "" 1999-04-09 29.3 "PHO" "@" "UTA" "L" -1 NA NA NA NA NA NA NA NA NA NA NA NA NA NA NA NA
"37" "" 1999-04-10 29.31 "PHO" "" "SAS" "W" 26 NA NA NA NA NA NA NA NA NA NA NA NA NA NA NA NA
"38" "" 1999-04-12 29.31 "PHO" "@" "SAS" "L" -17 NA NA NA NA NA NA NA NA NA NA NA NA NA NA NA NA
"39" "33" 1999-04-14 29.32 "PHO" "@" "SEA" "W" 7 1 36.8 0.612 0.615 9.3 16.9 12.7 19.9 1.7 0 22.4 25.2 112 122 11.9 -2.7
"40" "34" 1999-04-16 29.32 "PHO" "" "DAL" "W" 7 1 31.6833333333333 0.325 0.222 17.1 16.7 16.9 31.8 0 0 15.7 19.5 93 100 6 -3.1
"41" "35" 1999-04-18 29.33 "PHO" "" "SEA" "W" 6 1 37.4 0.608 0.6 11.5 28.8 19.2 5.8 1.6 0 15.3 32.6 113 108 18.7 2.1
"42" "36" 1999-04-20 29.33 "PHO" "@" "DAL" "L" -4 1 35.8333333333333 0.451 0.357 11.9 29.6 19.8 21.3 4.3 0 10.7 23.3 103 106 15.3 2.4
"43" "37" 1999-04-21 29.34 "PHO" "" "UTA" "W" 9 1 31.0833333333333 0.468 0.462 13.3 10.8 11.9 16.2 3.7 2.6 17.8 27.9 90 95 8.7 -2.8
"44" "38" 1999-04-25 29.35 "PHO" "" "HOU" "W" 24 1 38.4833333333333 0.7 0.7 6.8 20.6 14.2 4.8 1.5 0 9.1 14.5 130 84 13.2 3.3
"45" "" 1999-04-26 29.35 "PHO" "@" "UTA" "W" 14 NA NA NA NA NA NA NA NA NA NA NA NA NA NA NA NA
"46" "39" 1999-04-28 29.36 "PHO" "@" "MIN" "L" -5 1 39.7333333333333 0.605 0.571 5.6 26.9 17 25.5 0 0 21.2 11.2 113 102 11.8 1.3
"47" "40" 1999-04-29 29.36 "PHO" "@" "DEN" "W" 11 1 36.3166666666667 0.64 0.6 16.7 14.4 15.7 29 3.2 0 5.5 21.8 148 102 23.8 14.4
"48" "41" 1999-05-01 29.36 "PHO" "" "VAN" "W" 30 1 36.95 0.636 0.611 15.3 25.9 21 13.5 0 4 5 25.5 142 89 22.3 6.7
"49" "42" 1999-05-02 29.37 "PHO" "@" "SAC" "L" -11 1 28.3166666666667 0.717 0.667 7.6 19.4 14 15.4 3.6 0 21.5 27.8 117 111 17.6 7
"50" "43" 1999-05-05 29.38 "PHO" "" "MIN" "W" 4 1 30.9333333333333 0.587 0.455 9.3 20.2 14.5 6.1 0 6.3 6.8 20.6 122 97 15.2 4.1
"1" "1" 1999-11-02 29.87 "PHO" "@" "DEN" "L" -5 1 47.3666666666667 0.364 0.393 16.1 22.6 19 14.7 3.2 0 11.7 29.6 82 98 14.7 -1.1
"2" "2" 1999-11-04 29.88 "PHO" "" "PHI" "W" 4 1 30.9833333333333 0.263 0 15.1 19.4 17.4 10.7 0 0 24 17.4 66 91 1 -7.4
"3" "3" 1999-11-07 29.88 "PHO" "" "SAS" "W" 3 1 27.8666666666667 0.5 0.5 18.2 13.2 15.6 7.5 7.7 0 14.3 23 98 74 13 10
"4" "4" 1999-11-09 29.89 "PHO" "@" "CHI" "W" 23 1 36.15 0.771 0.818 22.2 18.6 20.3 28.6 4.1 4 19.6 17.7 133 79 25.3 15.9
"5" "5" 1999-11-10 29.89 "PHO" "@" "NJN" "W" 15 1 35.0666666666667 0.634 0.583 12.2 11.2 11.7 13.5 5.7 0 17.4 20.1 122 89 18.3 10.2
"6" "6" 1999-11-12 29.9 "PHO" "@" "MIL" "L" -15 1 27.7666666666667 0.353 0.353 14.3 27.8 20.2 30.2 0 0 15 29.7 84 117 5.7 -4.2
"7" "7" 1999-11-13 29.9 "PHO" "@" "MIN" "L" -11 1 31.5333333333333 0.773 0.667 3.2 0 1.8 19.4 0 3.5 0 10.3 170 116 13.5 7.4
"8" "8" 1999-11-15 29.91 "PHO" "" "LAL" "L" -9 1 15.85 0.5 0.5 12 32.6 21.9 26.1 0 0 0 17.4 120 97 5.7 5
"9" "9" 1999-11-17 29.91 "PHO" "" "CHI" "W" 24 1 31.6333333333333 0.648 0.615 19.4 13.2 16.2 5 4.8 5.5 17.8 23.5 114 82 17.1 6.8
"10" "10" 1999-11-19 29.92 "PHO" "" "NYK" "W" 15 1 35.9333333333333 0.574 0.5 10.5 20.5 15.6 5.3 0 2.2 19.7 20.2 103 94 9.7 -2.4
"11" "11" 1999-11-21 29.92 "PHO" "" "SEA" "W" 13 1 37.8166666666667 0.714 0.667 5.2 9.5 7.4 4 2.6 0 15.2 14.8 123 92 13.8 1.5
"12" "12" 1999-11-23 29.93 "PHO" "" "TOR" "W" 1 1 34.3333333333333 0.508 0.5 3.6 6.6 5.2 5.4 0 3.9 24.1 27.2 78 104 5.8 -6.3
"13" "13" 1999-11-27 29.94 "PHO" "" "NJN" "W" 39 1 27.9833333333333 0.644 0.667 0 12.2 8.1 10.4 1.8 0 0 6.4 149 96 6.8 1.3
"14" "14" 1999-11-30 29.95 "PHO" "@" "LAC" "W" 14 1 31.35 0.643 0.643 9.9 25.8 17.9 12.9 0 2.4 22.2 24.9 100 82 12.8 3.1
"15" "15" 1999-12-01 29.95 "PHO" "" "HOU" "W" 6 1 44.9333333333333 0.51 0.438 7 16.1 10.9 3.7 2.2 1.9 5.1 19.6 109 107 14.6 -2.5
"16" "16" 1999-12-04 29.96 "PHO" "@" "HOU" "L" -10 1 23.15 0.253 0.273 23.7 17.9 21.1 0 0 3.4 20.2 27.5 60 113 0 -15.3
"17" "17" 1999-12-05 29.96 "PHO" "" "POR" "L" -2 1 42.85 0.615 0.6 0 16.9 7.6 4.3 1.2 1.8 11.5 18.8 104 99 12.8 2
"18" "18" 1999-12-07 29.97 "PHO" "" "ORL" "W" 3 1 22.9833333333333 0.111 0.111 15.3 18.6 17 11 2 0 35.7 24.7 37 99 -4.8 -22
"19" "19" 1999-12-09 29.97 "PHO" "" "WAS" "W" 14 1 33.7333333333333 0.774 0.765 0 24 14.1 18.7 0 0 5.4 25.6 145 97 23.4 12.1
"20" "20" 1999-12-11 29.98 "PHO" "@" "DAL" "L" -5 1 22.6666666666667 0.545 0.545 12.5 9.7 11.2 7.3 0 0 8.3 20.4 115 121 7.5 -2.6
"21" "21" 1999-12-14 29.99 "PHO" "" "DET" "W" 10 1 38.0833333333333 0.68 0.6 0 22.7 12.1 10.4 3.8 0 25.4 17.5 106 102 13 1
"22" "22" 1999-12-17 29.99 "PHO" "@" "POR" "W" 8 1 38.95 0.515 0.462 8.8 30.1 19.8 6.7 0 0 5.7 20.1 113 109 14.1 -2.5
"23" "" 1999-12-18 30 "PHO" "" "SAC" "W" 16 NA NA NA NA NA NA NA NA NA NA NA NA NA NA NA NA
"24" "" 1999-12-20 30 "PHO" "" "MIL" "W" 7 NA NA NA NA NA NA NA NA NA NA NA NA NA NA NA NA
"25" "" 1999-12-21 30.01 "PHO" "@" "SAS" "L" -1 NA NA NA NA NA NA NA NA NA NA NA NA NA NA NA NA
"26" "" 1999-12-23 30.01 "PHO" "" "DAL" "L" -1 NA NA NA NA NA NA NA NA NA NA NA NA NA NA NA NA
"27" "" 1999-12-26 30.02 "PHO" "" "GSW" "W" 20 NA NA NA NA NA NA NA NA NA NA NA NA NA NA NA NA
"28" "" 1999-12-27 30.02 "PHO" "@" "UTA" "L" -1 NA NA NA NA NA NA NA NA NA NA NA NA NA NA NA NA
"29" "" 1999-12-29 30.03 "PHO" "@" "LAL" "L" -16 NA NA NA NA NA NA NA NA NA NA NA NA NA NA NA NA
"30" "23" 2000-01-04 30.04 "PHO" "" "CHH" "W" 6 1 16.2833333333333 0.167 0.167 19.6 36.8 29.1 9.7 0 0 25 22.1 52 77 -0.1 -14.1
"31" "24" 2000-01-07 30.05 "PHO" "" "SAS" "L" -19 1 34.0666666666667 0.389 0.389 5.2 11.8 8.3 12.2 0 3.5 10 24.4 81 111 6.4 -3.6
"32" "25" 2000-01-08 30.05 "PHO" "@" "POR" "L" -5 1 35.3166666666667 0.329 0.333 12.2 18 14.9 14.8 0 0 16.8 29.8 70 108 3.6 -8
"33" "26" 2000-01-11 30.06 "PHO" "@" "SEA" "L" -13 1 32.3333333333333 0.375 0.375 13.6 20.3 16.7 5.4 1.8 2.6 0 23.2 95 114 8.7 -1.6
"34" "27" 2000-01-12 30.07 "PHO" "@" "VAN" "W" 3 1 19.85 0.5 0.5 13.1 20 15.8 0 2.7 0 0 25.5 113 102 8 -1
"35" "28" 2000-01-14 30.07 "PHO" "" "POR" "L" -22 1 26.2333333333333 0.354 0.333 4.3 30.8 15.2 7 0 3.2 28.8 23.9 59 117 -0.9 -12.5
"36" "29" 2000-01-16 30.08 "PHO" "" "DEN" "W" 13 1 21.05 0.304 0.222 11.7 19 15.8 30.5 2.4 0 23.3 26.4 81 101 3 -9.2
"37" "30" 2000-01-21 30.09 "PHO" "@" "DEN" "W" 2 1 38.7333333333333 0.831 0.75 9.2 35.2 22.5 8.4 1.3 0 0 14.2 182 100 24.1 12
"38" "31" 2000-01-22 30.09 "PHO" "" "CLE" "W" 13 1 37.6833333333333 0.524 0.462 6.8 28.5 16.7 0 2.7 0 6.5 17.5 113 91 11.6 0.5
"39" "32" 2000-01-25 30.1 "PHO" "@" "IND" "L" -6 1 38.85 0.25 0.25 5.6 22.9 14.1 8.8 4 0 20 22.8 52 94 1.4 -7.4
"40" "33" 2000-01-26 30.1 "PHO" "@" "PHI" "W" 6 1 29.85 0.69 0.636 0 14.3 8.1 7.3 1.7 0 14 21.7 116 92 10.9 1.6
"41" "34" 2000-01-28 30.11 "PHO" "@" "BOS" "L" -3 1 27.55 0.304 0.222 15.9 11.4 13.6 6.2 0 0 9.2 17.6 84 107 2.7 -7.1
"42" "35" 2000-01-29 30.11 "PHO" "@" "CHH" "L" -21 1 35.2833333333333 0.468 0.462 0 43.1 18.4 18.1 2.8 6 17.8 22.3 80 92 10 2.4
"43" "36" 2000-01-31 30.12 "PHO" "@" "ORL" "W" 4 1 28.0166666666667 0.539 0.5 20.8 7.8 13.4 11.4 3.6 2.1 0 24.8 131 114 15.1 2.5
"44" "37" 2000-02-02 30.12 "PHO" "" "LAC" "W" 46 1 26.25 0.636 0.636 10.5 22.6 17.6 15.4 3.9 0 15.4 22.8 117 69 14 6.4
"45" "38" 2000-02-04 30.13 "PHO" "@" "SEA" "L" -8 1 41.15 0.363 0.25 10 13.9 11.8 19.9 1.4 0 12.7 18.7 93 111 8.4 -1.2
"46" "39" 2000-02-06 30.13 "PHO" "" "SEA" "W" 12 1 36.2166666666667 0.727 0.727 17.1 11.1 13.8 13.2 8.8 2.3 15.4 15.8 135 90 21.8 13.2
"47" "40" 2000-02-08 30.14 "PHO" "" "VAN" "W" 18 1 26.2833333333333 0.667 0.667 6.6 8.2 7.6 18.5 6.4 0 0 17.1 146 85 13.7 10.5
"48" "41" 2000-02-10 30.15 "PHO" "" "MIN" "W" 16 1 26.4166666666667 0.421 0.364 9.2 10.9 10.1 0 2 0 7.8 22.6 93 96 5.8 -5.9
"49" "42" 2000-02-15 30.16 "PHO" "@" "SAC" "W" 9 1 34.2166666666667 0.66 0.545 11.1 13.8 12.5 11.6 1.4 0 6.8 18 146 112 17.7 4.3
"50" "43" 2000-02-18 30.17 "PHO" "" "ATL" "W" 12 1 30.9 0.551 0.5 5.8 11.9 8.8 10.6 3.5 0 15.5 19.1 102 80 10.2 3.7
"51" "44" 2000-02-21 30.18 "PHO" "@" "SAS" "W" 9 1 43.9 0.483 0.45 9.7 17.8 13.6 12.5 2.3 3.3 4.4 22.7 110 93 17.6 4
"52" "45" 2000-02-22 30.18 "PHO" "" "DEN" "W" 19 1 28.3666666666667 0.551 0.5 4 23.1 14.4 43.9 1.9 0 21.6 22.1 105 71 11.6 9.1
"53" "46" 2000-02-24 30.18 "PHO" "@" "WAS" "W" 9 1 38.7 0.694 0.6 6.3 16.1 11.6 9.2 4 3.6 6.5 18.5 140 86 22.2 12.3
"54" "47" 2000-02-25 30.19 "PHO" "@" "NYK" "L" -5 1 43.9 0.424 0.389 5.9 16 11.2 0 0 1.5 13.7 24.8 76 100 7.1 -5.5
"55" "48" 2000-02-27 30.19 "PHO" "@" "TOR" "L" -1 1 37.6 0.517 0.375 3.4 21.1 12.1 15.7 1.3 0 22 16.2 99 112 7.5 -4.1
"56" "49" 2000-02-29 30.2 "PHO" "@" "CLE" "W" 7 1 33.2 0.432 0.385 6.2 14.2 9.9 25.3 7.6 2.3 6.7 19.2 104 86 14.1 8.5
"57" "50" 2000-03-02 30.2 "PHO" "" "IND" "W" 31 1 32.7666666666667 0.603 0.571 6.2 19.4 12.6 4.1 3.1 2.5 6 21.7 123 89 16.8 5.7
"58" "51" 2000-03-04 30.21 "PHO" "" "DAL" "W" 14 1 43.3 0.648 0.615 10.1 22.8 16.8 9.8 1.2 0 6.7 14.8 136 100 19.2 2.9
"59" "52" 2000-03-06 30.21 "PHO" "" "MIA" "W" 8 1 32.2833333333333 0.656 0.636 0 8.1 4.1 14.8 4.8 0 8 17.8 123 96 13.2 6.7
"60" "53" 2000-03-07 30.22 "PHO" "@" "HOU" "W" 7 1 38.9666666666667 0.721 0.583 12 14.3 13.2 12.2 6.7 4 11.1 21.2 145 99 27.8 14.6
"61" "54" 2000-03-10 30.22 "PHO" "" "UTA" "L" -3 1 33.1166666666667 0.512 0.5 4.4 14.1 9.1 14 0 0 0 7.4 129 119 5.5 -0.1
"62" "" 2000-03-11 30.23 "PHO" "@" "DAL" "L" -5 NA NA NA NA NA NA NA NA NA NA NA NA NA NA NA NA
"1" "1" 2000-11-17 30.92 "PHO" "" "NYK" "L" -5 0 3 0 0 0 36.4 19.8 0 0 0 0 29.3 0 92 -1.1 -23.5
"2" "" 2000-11-17 30.92 "PHO" "" "NYK" "L" -5 NA NA NA NA NA NA NA NA NA NA NA NA NA NA NA NA
"3" "" 2000-11-18 30.92 "PHO" "@" "HOU" "L" -5 NA NA NA NA NA NA NA NA NA NA NA NA NA NA NA NA
"4" "2" 2000-11-22 30.93 "PHO" "" "NJN" "W" 12 0 19.75 0.551 0.6 6 18.5 12.2 6.9 0 0 35.5 19.2 71 95 2.6 -7.4
"5" "3" 2000-11-24 30.93 "PHO" "" "GSW" "W" 6 0 18.5166666666667 0.405 0.333 14.5 10.7 12.7 0 2.9 3.5 0 23 101 78 7.3 5.7
"6" "4" 2000-11-25 30.94 "PHO" "@" "LAC" "W" 6 0 9.26666666666667 0.129 0 0 12.3 6.3 16.8 5.8 0 20.5 26.2 31 84 -0.5 -11.6
"7" "5" 2000-11-29 30.95 "PHO" "@" "VAN" "L" -3 0 20.4 0.279 0.222 16.1 0 8.5 0 0 0 0 24.8 76 108 1.4 -11.5
"8" "6" 2000-12-01 30.95 "PHO" "@" "SAC" "L" -7 0 8.43333333333333 0.75 0.75 0 27.4 11.5 0 0 0 0 18.1 147 108 5 9.7
"9" "7" 2000-12-03 30.96 "PHO" "" "POR" "W" 5 0 5.65 0 0 0 20 9.5 0 0 0 0 8.1 0 92 -0.8 -14.8
"10" "8" 2000-12-07 30.97 "PHO" "@" "MIL" "W" 8 0 14.3 0.333 0.333 0 8 4.5 0 0 0 0 10.4 73 119 -0.2 -12.8
"11" "9" 2000-12-08 30.97 "PHO" "@" "NJN" "L" -2 0 18.2166666666667 0.174 0 0 30.5 14.8 0 0 0 41 13.8 22 105 -2.4 -17.1
"12" "" 2000-12-10 30.98 "PHO" "@" "TOR" "W" 8 NA NA NA NA NA NA NA NA NA NA NA NA NA NA NA NA
"13" "10" 2000-12-11 30.98 "PHO" "@" "CHI" "W" 6 0 23.8833333333333 0.45 0.5 15.4 22.2 19 0 4.6 0 10.1 20.4 89 83 7 0.3
"14" "11" 2000-12-13 30.99 "PHO" "" "SAS" "W" 10 0 7.2 1 1 18 0 8.5 0 0 0 0 6.6 204 114 1.6 -0.1
"15" "" 2000-12-15 30.99 "PHO" "" "LAC" "L" -10 NA NA NA NA NA NA NA NA NA NA NA NA NA NA NA NA
"16" "12" 2000-12-16 30.99 "PHO" "@" "SAS" "L" -8 0 6.46666666666667 0.51 0.4 0 21.1 9 0 0 14.3 0 41.1 110 86 4.3 18
"17" "13" 2000-12-19 31 "PHO" "" "DET" "L" -5 0 15.35 0.317 0.286 0 14.2 6.6 13 0 4.4 0 22.7 72 94 1.7 -4.2
"18" "14" 2000-12-23 31.01 "PHO" "" "DEN" "W" 9 0 20.1833333333333 0.5 0.5 0 19.2 11 12.9 0 0 33.3 13.5 73 99 1.4 -8.1
"19" "15" 2000-12-26 31.02 "PHO" "@" "VAN" "W" 2 0 17.7666666666667 0.5 0.5 0 17.2 8.1 0 2.8 0 0 21 93 102 5.2 -2.4
"20" "16" 2000-12-28 31.02 "PHO" "" "LAL" "L" -37 0 21.2833333333333 0.255 0.2 0 29.8 12.6 8.6 6.8 7.1 0 11 67 95 4.8 1.7
"21" "17" 2000-12-30 31.03 "PHO" "" "TOR" "W" 6 0 6.21666666666667 0 0 0 19.5 10.8 0 0 0 0 24.3 0 119 -2.2 -30.8
"22" "" 2001-01-02 31.04 "PHO" "@" "SAC" "L" -4 NA NA NA NA NA NA NA NA NA NA NA NA NA NA NA NA
"23" "18" 2001-01-03 31.04 "PHO" "" "LAC" "W" 5 0 25.2666666666667 0.563 0.5 14.8 31.1 22.7 7.6 2.3 0 18.4 21.8 103 95 8.4 0.1
"24" "19" 2001-01-05 31.05 "PHO" "" "VAN" "W" 32 0 18.9833333333333 0.5 0.5 7 10.1 8.8 13.3 0 0 33.3 13.4 83 88 2.3 -3
"25" "20" 2001-01-07 31.05 "PHO" "" "MIN" "L" -20 0 26.2333333333333 0.625 0.625 4.2 5.1 4.6 0 1.9 0 27.3 18.9 85 115 5 -5.1
"26" "21" 2001-01-11 31.06 "PHO" "" "IND" "W" 8 0 27.3333333333333 0.333 0.333 6.2 20.7 12.4 5.7 0 5.9 0 9.4 92 89 5.2 0.5
"27" "22" 2001-01-13 31.07 "PHO" "@" "DAL" "W" 17 0 15.35 0.74 0.6 0 14.9 7 21.1 0 0 0 19.2 157 95 8.5 6.7
"28" "23" 2001-01-14 31.07 "PHO" "" "SEA" "L" -19 0 12.4333333333333 0.336 0.286 32.7 16.3 24.5 0 0 0 0 27.4 96 115 3.9 -5.3
"29" "24" 2001-01-17 31.08 "PHO" "@" "SEA" "W" 9 0 6.28333333333333 0 0 0 34 18.8 0 0 0 25 29.4 0 84 -2.9 -29.1
"30" "" 2001-01-19 31.08 "PHO" "" "GSW" "L" -8 NA NA NA NA NA NA NA NA NA NA NA NA NA NA NA NA
"31" "" 2001-01-21 31.09 "PHO" "@" "UTA" "L" -11 NA NA NA NA NA NA NA NA NA NA NA NA NA NA NA NA
"32" "" 2001-01-23 31.1 "PHO" "@" "MIN" "L" -9 NA NA NA NA NA NA NA NA NA NA NA NA NA NA NA NA
"33" "25" 2001-02-01 31.12 "PHO" "@" "POR" "L" -8 0 8.85 0 0 0 13.7 6.4 0 6 0 0 15.3 0 108 -0.8 -13.3
"34" "26" 2001-02-04 31.13 "PHO" "" "CHH" "W" 3 0 31.85 0.385 0.385 16.7 18.8 17.6 19.1 6.6 0 7.1 18.7 97 81 12.5 8.7
"35" "27" 2001-02-06 31.13 "PHO" "" "CHI" "W" 17 0 31.6333333333333 0.381 0.357 20.5 15 17.9 23.1 4.7 2.5 21.7 25.2 84 80 11 0
"36" "28" 2001-02-07 31.14 "PHO" "@" "LAL" "L" -2 0 24.4166666666667 0.188 0.188 13.6 18.2 15.9 0 0 2.9 11.1 17.2 54 93 -0.4 -9.3
"37" "29" 2001-02-13 31.15 "PHO" "@" "GSW" "W" 10 0 32.2833333333333 0.714 0.714 0 15.3 7.7 10.2 3.1 1.9 22.2 12.7 103 88 10.7 1.9
"38" "" 2001-02-14 31.16 "PHO" "" "MIN" "W" 8 NA NA NA NA NA NA NA NA NA NA NA NA NA NA NA NA
"39" "" 2001-02-18 31.17 "PHO" "@" "PHI" "L" -6 NA NA NA NA NA NA NA NA NA NA NA NA NA NA NA NA
"40" "" 2001-02-20 31.17 "PHO" "@" "ORL" "W" 6 NA NA NA NA NA NA NA NA NA NA NA NA NA NA NA NA
"41" "" 2001-02-21 31.18 "PHO" "@" "MIA" "W" 15 NA NA NA NA NA NA NA NA NA NA NA NA NA NA NA NA
"42" "30" 2001-02-23 31.18 "PHO" "@" "NYK" "W" 4 0 32 0.5 0.5 0 15.1 7.7 0 1.8 2.7 33.3 9.9 60 90 2.5 -1.8
"43" "31" 2001-02-25 31.19 "PHO" "" "UTA" "W" 10 0 14.8833333333333 0.19 0.143 7 7.4 7.2 0 0 0 20.2 28.4 40 94 -3.7 -21
"44" "32" 2001-02-28 31.19 "PHO" "" "ORL" "L" -6 0 16.6666666666667 0.595 0.5 12 13.4 12.7 21.9 2.9 0 0 30.6 129 100 12.3 13.4
"45" "33" 2001-03-01 31.2 "PHO" "@" "SAS" "L" -20 0 24.8333333333333 0.405 0.333 3.5 25.3 12.4 9 2.2 0 23.3 23.5 70 100 2.6 -5.1
"46" "34" 2001-03-03 31.2 "PHO" "" "DEN" "W" 15 1 29.55 0.654 0.545 15.2 28.8 22.6 5.8 0 2.1 0 22.2 144 89 19 6.9
"47" "35" 2001-03-06 31.21 "PHO" "@" "DEN" "W" 11 0 34.5833333333333 0.623 0.529 3.6 14.3 9.6 13.3 2.8 0 4.7 27.3 121 83 20.1 8.1
"48" "36" 2001-03-07 31.21 "PHO" "" "SAC" "L" -11 0 19.5166666666667 0.276 0.2 0 5.6 2.8 7.7 5.4 3.4 15.5 30.5 53 102 0.3 -10.8
"49" "37" 2001-03-09 31.22 "PHO" "@" "UTA" "L" -12 1 30.2166666666667 0.676 0.625 8.2 30.8 17.2 12.3 3.4 0 18.4 16.5 115 114 11.1 2.4
"50" "38" 2001-03-11 31.22 "PHO" "" "HOU" "W" 2 0 26.3666666666667 0.47 0.455 11.8 29.9 19.8 0 0 0 13.6 24.8 91 102 5.8 -6.4
"51" "39" 2001-03-14 31.23 "PHO" "@" "POR" "W" 5 0 29.7166666666667 0.308 0.308 18.6 7.1 12.7 18 1.9 0 7.1 21.8 86 96 5.5 -0.4
"52" "40" 2001-03-15 31.24 "PHO" "" "BOS" "L" -4 0 32.6333333333333 0.506 0.45 3.5 14.1 8 9 1.6 2.8 8.4 14.7 121 113 7.7 0.6
"53" "41" 2001-03-17 31.24 "PHO" "@" "DAL" "L" -10 0 20.1 0.429 0.429 10.7 20.4 15.7 0 2.6 0 12.5 17.6 90 114 3.7 -6.1
"54" "42" 2001-03-20 31.25 "PHO" "" "WAS" "W" 14 0 10.9166666666667 0.5 0.5 9.1 39.7 21.5 13 0 0 0 7.7 135 97 2.5 -1.8
"55" "43" 2001-03-22 31.25 "PHO" "@" "SEA" "W" 3 0 23.7333333333333 0 0 13 15.4 14.1 6.5 0 0 16.7 11.2 37 107 -1.2 -11
"56" "44" 2001-03-23 31.26 "PHO" "" "PHI" "W" 13 0 24.8666666666667 0.167 0.167 0 13.4 7 11.3 0 0 14.3 14.6 43 89 -0.9 -9.5
"57" "45" 2001-03-26 31.27 "PHO" "" "LAL" "W" 21 0 26.7166666666667 0.474 0.385 5.2 23.7 15.8 5.5 4.1 0 6.3 27.2 106 88 9.5 -1.4
"58" "46" 2001-03-28 31.27 "PHO" "" "CLE" "W" 9 0 32.3833333333333 0.643 0.6 6.5 30 17.4 5 0 0 0 14.9 140 99 11.9 0.6
"59" "47" 2001-03-29 31.27 "PHO" "@" "HOU" "W" 5 0 28.85 0.786 0.786 11.3 7.5 9.4 11.5 3.7 2.4 0 11.2 170 93 14.5 13.1
"60" "48" 2001-04-01 31.28 "PHO" "" "MIL" "W" 7 0 20.0666666666667 0.41 0.25 7.3 7.7 7.5 0 5.4 4.3 17 14.4 85 105 4.3 -3.5
"61" "49" 2001-04-03 31.29 "PHO" "@" "IND" "L" -4 0 30.75 0 0 6.3 32.9 19.4 5.2 5.2 0 20 7.5 30 82 2.7 -3.7
"62" "50" 2001-04-04 31.29 "PHO" "@" "CHH" "W" 9 0 27.3166666666667 0.357 0.357 0 0 0 5.5 0 0 6.7 23.1 77 109 1.1 -10.7
"63" "51" 2001-04-06 31.3 "PHO" "@" "MIN" "L" -13 0 19.2166666666667 0.68 0.6 5.7 22 14 0 2.8 3.2 0 13.9 148 105 8.5 8.3
"64" "52" 2001-04-07 31.3 "PHO" "@" "CLE" "W" 4 0 17.25 0.41 0.5 0 0 0 8 6.2 4.4 0 6.1 99 102 2.4 0.1
"65" "53" 2001-04-10 31.31 "PHO" "@" "LAL" "L" -26 0 8.4 0 0 0 30 13.6 20 0 0 0 17.2 16 115 -1.2 -15.3
"66" "" 2001-04-11 31.31 "PHO" "" "DAL" "W" 5 NA NA NA NA NA NA NA NA NA NA NA NA NA NA NA NA
"67" "54" 2001-04-13 31.32 "PHO" "" "SEA" "W" 9 0 19.5666666666667 0.375 0.375 0 17.1 8.9 20.7 2.8 3.5 11.1 19.7 96 112 4.5 -3.5
"68" "55" 2001-04-15 31.32 "PHO" "" "SAC" "W" 2 0 17.7333333333333 0.347 0 4.6 33.3 17.6 6.8 2.7 7.7 0 6.6 111 78 5.4 3.7
"69" "56" 2001-04-16 31.32 "PHO" "@" "LAC" "L" -20 0 13.5166666666667 0.4 0.4 0 8.6 3.9 12.6 3.8 0 0 16.3 91 110 2.9 -1.1
"70" "57" 2001-04-18 31.33 "PHO" "" "UTA" "W" 5 0 31.2 0.615 0.625 10.7 20.4 16.2 17 0 0 17 18.2 114 105 9 0.1
"1" "1" 2001-10-30 31.86 "PHO" "" "DEN" "L" -3 1 37.3 0.538 0.571 3.4 15.9 10.9 4.1 0 0 35 13.8 69 106 3 -8.2
"2" "2" 2001-11-01 31.87 "PHO" "@" "GSW" "W" 6 1 27.75 0.442 0.4 0 17.1 7.7 5.2 5.4 2.6 8.1 18.1 94 98 6.8 -2.4
"3" "3" 2001-11-02 31.87 "PHO" "@" "LAL" "L" -23 1 25.3 0.5 0.5 12 16.5 13.9 12.7 3.9 0 14.3 11.9 108 116 7.2 1.8
"4" "4" 2001-11-04 31.88 "PHO" "" "HOU" "L" -3 1 27.4 0.563 0.5 8.7 22.2 15.4 0 0 5.8 10.1 17.2 115 112 7.3 -2.6
"5" "5" 2001-11-06 31.88 "PHO" "" "MEM" "W" 12 1 20.8666666666667 0.512 0.5 6.9 23.3 16.7 17.4 7.4 0 0 10.9 134 95 8.7 6.8
"6" "6" 2001-11-08 31.89 "PHO" "" "ATL" "W" 28 1 31.6833333333333 0.667 0.667 3.4 9.8 6.7 20.8 3.2 2.1 10 14.1 134 86 13.7 7
"7" "7" 2001-11-10 31.89 "PHO" "@" "LAC" "L" -9 1 33.3166666666667 0.45 0.375 7.1 32.8 18.2 0 3 0 18.4 14.4 86 113 5.9 -5.6
"8" "8" 2001-11-13 31.9 "PHO" "@" "SEA" "W" 1 1 28.3333333333333 0.375 0.375 8.2 8.6 8.4 10.8 0 2.9 11.1 14.6 86 101 3.5 -3.9
"9" "" 2001-11-14 31.9 "PHO" "" "ORL" "L" -1 NA NA NA NA NA NA NA NA NA NA NA NA NA NA NA NA
"10" "9" 2001-11-16 31.91 "PHO" "" "LAL" "W" 12 1 31.3166666666667 0.506 0.444 12.9 20.6 17.2 19.5 0 0 9.2 15.9 123 95 9.4 4.9
"11" "10" 2001-11-18 31.92 "PHO" "" "TOR" "L" -6 1 22.1333333333333 0.375 0.375 0 25.4 12.7 0 2.4 0 0 16.3 80 88 2.5 -4.6
"12" "11" 2001-11-21 31.92 "PHO" "" "NYK" "W" 24 1 30.2 0.506 0.444 4.8 3.4 4 19 1.9 5.3 23.3 21.5 93 89 7.3 0.2
"13" "12" 2001-11-23 31.93 "PHO" "@" "MEM" "W" 14 1 30.2166666666667 0.6 0.6 0 16.7 10.3 12.9 3.4 2.5 44.4 14 75 91 4.8 0.4
"14" "13" 2001-11-24 31.93 "PHO" "@" "DAL" "L" -15 1 31.6333333333333 0.5 0.5 7.7 17.9 13 0 1.6 0 14.3 10 102 129 4.3 -5
"15" "14" 2001-11-26 31.94 "PHO" "@" "UTA" "W" 7 1 18.9833333333333 0 0 16.1 17.1 16.6 0 0 0 25 9.5 49 103 -1.7 -13.8
"16" "15" 2001-11-28 31.94 "PHO" "" "MIL" "W" 20 1 18.45 0.5 0.5 6.1 29 17.8 21.2 0 0 20 12.7 110 93 4.9 0.3
"17" "16" 2001-11-30 31.95 "PHO" "" "UTA" "W" 22 1 29.8833333333333 0.508 0.429 7.3 16 11.4 13.3 0 2.5 11.3 13.3 114 90 6.7 -2.6
"18" "17" 2001-12-01 31.95 "PHO" "@" "POR" "W" 14 1 33.3166666666667 0.692 0.692 0 6.6 3.6 5.1 0 0 7.1 20.8 124 108 12.4 1.6
"19" "18" 2001-12-03 31.96 "PHO" "" "GSW" "W" 17 1 32.4166666666667 0.354 0.333 0 5.8 3.4 7.4 0 5.3 9.2 14.9 81 105 3.8 -6.7
"20" "19" 2001-12-05 31.96 "PHO" "@" "NJN" "L" -19 1 23.8666666666667 0.571 0.571 4 12.8 8.2 0 0 0 22.2 16.5 89 115 3.5 -6
"21" "20" 2001-12-07 31.97 "PHO" "@" "BOS" "L" -7 1 36.1666666666667 0.5 0.5 11.8 12 11.9 12.4 1.4 2.3 33.3 10.7 89 105 5.4 -2.8
"22" "21" 2001-12-09 31.97 "PHO" "@" "TOR" "W" 1 1 10.4 0 0 0 10.7 5.8 0 0 7.1 0 14.8 0 106 -1.5 -15.6
"23" "" 2001-12-12 31.98 "PHO" "" "SAC" "W" 26 NA NA NA NA NA NA NA NA NA NA NA NA NA NA NA NA
"24" "" 2001-12-14 31.99 "PHO" "" "SAS" "L" -12 NA NA NA NA NA NA NA NA NA NA NA NA NA NA NA NA
"25" "" 2001-12-15 31.99 "PHO" "@" "DEN" "L" -8 NA NA NA NA NA NA NA NA NA NA NA NA NA NA NA NA
"26" "" 2001-12-18 32 "PHO" "" "LAC" "L" -4 NA NA NA NA NA NA NA NA NA NA NA NA NA NA NA NA
"27" "22" 2001-12-22 32.01 "PHO" "" "POR" "W" 12 1 17.7166666666667 0 0 0 6.5 3.2 13.3 3.1 0 14.3 17.9 23 106 -2.9 -18.1
"28" "23" 2001-12-23 32.01 "PHO" "@" "SAC" "L" -32 1 25.5166666666667 0.4 0.4 0 16.5 6.7 0 0 6 0 8.1 87 132 1.6 -7.1
"29" "24" 2001-12-26 32.02 "PHO" "@" "HOU" "W" 6 1 14.4833333333333 0.429 0.429 0 22.4 12 12.8 3.9 0 0 22.5 102 94 4.5 0.9
"30" "25" 2001-12-27 32.02 "PHO" "" "BOS" "W" 2 1 26.7333333333333 0.381 0.286 7.3 18.5 12.8 18.8 3.9 11.3 11.3 14.8 92 80 9.5 8.8
"31" "26" 2001-12-29 32.03 "PHO" "" "DEN" "W" 17 1 22.8166666666667 0.218 0.167 9.7 24.8 17.2 20.4 0 3.4 12.7 14.4 82 99 4.2 -3.9
"32" "27" 2002-01-02 32.04 "PHO" "" "PHI" "L" -21 1 18.5833333333333 0.444 0.444 9.7 13 11.1 11 2.7 0 0 20.5 101 108 6.2 2.6
"33" "28" 2002-01-04 32.04 "PHO" "@" "LAL" "L" -32 1 16.45 0.143 0.143 5.8 12.8 9.1 0 0 0 0 18 43 126 -2.4 -17.2
"34" "29" 2002-01-05 32.05 "PHO" "" "SAC" "L" -6 1 6.2 0.5 0.5 0 0 0 0 0 0 0 13.1 105 125 0.6 -8.3
"35" "30" 2002-02-13 32.15 "PHO" "@" "MIN" "L" -15 0 13.4666666666667 1.064 1 8.8 8.2 8.5 22.4 0 4.6 51.5 12.9 117 115 3.6 1.6
"36" "31" 2002-02-15 32.16 "PHO" "" "WAS" "L" -1 0 16.2833333333333 0.25 0.25 0 16.2 7.4 0 0 4 20 13.9 42 105 -0.1 -9.5
"37" "32" 2002-02-17 32.16 "PHO" "" "DAL" "L" -13 0 7.25 NA NA 14.3 0 7.6 0 0 0 NA 0 214 122 -0.1 -10.1
"38" "33" 2002-02-19 32.17 "PHO" "" "SEA" "L" -12 0 9.51666666666667 0 0 0 0 0 24.6 0 0 25 16.5 28 117 -2.1 -15.1
"39" "34" 2002-02-21 32.18 "PHO" "@" "MEM" "W" 6 1 29.4333333333333 0.563 0.5 16.1 17.4 16.8 6.5 5.9 0 18.4 18 108 82 10.9 2.8
"40" "35" 2002-02-22 32.18 "PHO" "@" "CHI" "L" -8 1 33.8833333333333 0.2 0.2 0 19.1 8.8 9.4 4.7 0 23.1 17.7 41 95 -0.9 -9.3
"41" "36" 2002-02-24 32.18 "PHO" "" "SAS" "W" 9 1 38.2833333333333 0.5 0.5 10 21.6 16 13.3 4.5 2 18.8 20.8 97 91 11.7 3.9
"42" "37" 2002-02-26 32.19 "PHO" "@" "SAS" "L" -8 1 39.3666666666667 0.5 0.5 5.6 18.9 11.9 4.2 0 0 26.3 22.1 82 118 4.3 -10.2
"43" "38" 2002-02-28 32.19 "PHO" "" "IND" "W" 7 1 38.1666666666667 0.567 0.6 13.9 28.5 20.8 16.2 4.2 0 5.9 19.9 124 92 20.5 10.5
"44" "39" 2002-03-02 32.2 "PHO" "" "HOU" "L" -7 1 36.9666666666667 0.608 0.5 5.8 23.1 14.4 14.7 3 2 34.2 10.4 99 109 10.1 1.8
"45" "40" 2002-03-05 32.21 "PHO" "@" "DAL" "L" -4 1 37.35 0.421 0.364 2.5 15.9 9.1 10.5 1.3 0 14.4 17.1 78 85 6 -1
"46" "41" 2002-03-06 32.21 "PHO" "" "NJN" "W" 2 1 29.9166666666667 0.167 0.167 0 9.8 5.3 15.3 0 6.4 14.3 10.5 52 99 0.7 -3.7
"47" "42" 2002-03-08 32.22 "PHO" "" "MIN" "W" 5 1 25.4166666666667 0.41 0.25 3.8 0 1.9 0 2.2 0 0 8.8 102 96 3.3 -2.8
"48" "43" 2002-03-10 32.22 "PHO" "" "CHH" "L" -6 1 42.2666666666667 0.53 0.556 8.2 16 12.4 17.4 0 2.9 24.1 14.1 94 102 9.5 0.6
"49" "44" 2002-03-12 32.23 "PHO" "@" "MIA" "L" -12 1 6.88333333333333 1 1 0 19 8.7 27.3 0 0 50 15 101 112 1.7 2.6
"50" "" 2002-03-13 32.23 "PHO" "@" "ORL" "L" -5 NA NA NA NA NA NA NA NA NA NA NA NA NA NA NA NA
"51" "" 2002-03-15 32.24 "PHO" "@" "ATL" "L" -15 NA NA NA NA NA NA NA NA NA NA NA NA NA NA NA NA
"52" "" 2002-03-16 32.24 "PHO" "@" "CHH" "L" -11 NA NA NA NA NA NA NA NA NA NA NA NA NA NA NA NA
"1" "1" 2002-10-30 32.86 "PHO" "@" "SEA" "L" -13 1 35.2833333333333 0.25 0.25 3.3 20.1 11.7 9.1 1.6 2.2 20 13.1 58 98 1.6 -4.6
"2" "2" 2002-11-01 32.87 "PHO" "" "CLE" "W" 4 1 18.1833333333333 0.429 0.429 0 21.8 9.8 24.2 2.8 0 22.2 20.5 73 73 3.5 -2.9
"3" "3" 2002-11-02 32.87 "PHO" "@" "DAL" "L" -14 1 24.7666666666667 1.009 1 18.3 18.7 18.5 8.9 0 3.3 23.7 14.8 145 109 14.2 12.6
"4" "4" 2002-11-04 32.88 "PHO" "" "DET" "L" -2 1 30.5333333333333 0.6 0.6 22.7 28.4 25.8 6.5 0 0 23.1 19.5 105 96 10.8 3
"5" "5" 2002-11-06 32.88 "PHO" "" "ATL" "W" 5 1 25.1 0.581 0.5 4.5 25 15.1 18.4 2.1 0 22.5 15.9 103 91 8.2 1.3
"6" "6" 2002-11-08 32.89 "PHO" "" "POR" "W" 11 1 36.0333333333333 0.467 0.467 9.5 9.3 9.4 5.4 1.6 2.1 6.3 20.1 107 92 10.3 2.8
"7" "7" 2002-11-13 32.9 "PHO" "@" "DEN" "W" 3 1 21.3333333333333 0.167 0.167 0 5.2 2.9 8.9 0 0 14.3 16.7 36 95 -2.6 -13.8
"8" "8" 2002-11-15 32.91 "PHO" "" "HOU" "W" 1 1 27.6833333333333 1 1 0 36.1 18.8 0 2 0 25 7 123 96 6.7 -1.6
"9" "9" 2002-11-19 32.92 "PHO" "@" "UTA" "L" -23 1 23.9 0.2 0.2 4.5 27 14.8 7.4 4.5 0 28.6 13.7 42 103 0.6 -8.6
"10" "10" 2002-11-22 32.93 "PHO" "@" "SAC" "L" -17 1 19.8 0.25 0.25 0 35.1 16.7 21.4 0 0 42.9 14 51 117 0.5 -6.8
"11" "" 2002-11-23 32.93 "PHO" "" "DEN" "L" -1 NA NA NA NA NA NA NA NA NA NA NA NA NA NA NA NA
"12" "" 2002-11-25 32.93 "PHO" "" "MIL" "W" 5 NA NA NA NA NA NA NA NA NA NA NA NA NA NA NA NA
"13" "" 2002-11-27 32.94 "PHO" "" "NJN" "W" 7 NA NA NA NA NA NA NA NA NA NA NA NA NA NA NA NA
"14" "" 2002-11-29 32.95 "PHO" "" "SAS" "W" 7 NA NA NA NA NA NA NA NA NA NA NA NA NA NA NA NA
"15" "" 2002-11-30 32.95 "PHO" "@" "GSW" "L" -10 NA NA NA NA NA NA NA NA NA NA NA NA NA NA NA NA
"16" "" 2002-12-02 32.95 "PHO" "" "MIA" "L" -10 NA NA NA NA NA NA NA NA NA NA NA NA NA NA NA NA
"17" "" 2002-12-04 32.96 "PHO" "" "MEM" "W" 13 NA NA NA NA NA NA NA NA NA NA NA NA NA NA NA NA
"18" "11" 2003-02-21 33.18 "PHO" "@" "TOR" "L" -3 0 3.9 0.333 0.333 0 55.8 24.2 0 13.1 0 0 31.7 76 63 1.9 11.1
"19" "12" 2003-02-23 33.18 "PHO" "@" "MIN" "L" -2 0 14.15 0.5 0.5 0 0 0 0 3.7 0 20 16.1 79 107 1.2 -6
"20" "13" 2003-02-24 33.18 "PHO" "@" "CHI" "L" -3 0 22.05 0.25 0.25 9.7 29.5 18.6 15.9 2.4 0 7.7 27.1 65 95 2.3 -8.1
"21" "" 2003-02-26 33.19 "PHO" "@" "MIL" "W" 6 NA NA NA NA NA NA NA NA NA NA NA NA NA NA NA NA
"22" "14" 2003-02-26 33.19 "PHO" "@" "MIL" "W" 6 0 16 0.2 0.2 0 23.1 12.7 14.3 0 5.1 0 14.4 69 116 1.1 -6.9
"23" "15" 2003-03-01 33.2 "PHO" "" "NOH" "L" -5 0 11.6 0.429 0.429 0 8.9 4.5 34.8 0 0 22.2 35.2 71 114 2 -9.2
"24" "16" 2003-03-04 33.21 "PHO" "@" "SAS" "W" 7 0 10.9 0.5 0.5 31.2 11.2 19.5 0 0 0 33.3 14.1 100 117 1.3 -7.1
"25" "17" 2003-03-05 33.21 "PHO" "" "POR" "W" 6 0 22.05 1.02 1 7.3 17.8 13.8 34.8 5.1 0 14.5 15.9 179 99 15 20.1
"26" "18" 2003-03-09 33.22 "PHO" "" "MIN" "L" -7 0 9.58333333333333 0.667 0.667 19.6 0 11.3 0 0 0 0 13.4 151 125 2.1 -7.6
"27" "19" 2003-03-11 33.22 "PHO" "@" "GSW" "L" -15 0 2.7 1 1 0 0 0 0 0 0 50 27.2 63 124 0.3 -14.8
"28" "20" 2003-03-13 33.23 "PHO" "" "SAC" "W" 25 1 18.7166666666667 0.5 0.5 6.6 9.5 8.3 0 0 0 33.3 14.5 74 101 0.9 -9.4
"29" "21" 2003-03-16 33.24 "PHO" "@" "HOU" "L" -10 0 2.78333333333333 0 0 0 0 0 0 0 0 0 15.1 0 111 -0.7 -16.9
"30" "" 2003-03-17 33.24 "PHO" "" "TOR" "W" 4 NA NA NA NA NA NA NA NA NA NA NA NA NA NA NA NA
"31" "" 2003-03-19 33.25 "PHO" "" "UTA" "L" -13 NA NA NA NA NA NA NA NA NA NA NA NA NA NA NA NA
"32" "22" 2003-03-21 33.25 "PHO" "" "WAS" "W" 26 0 8.06666666666667 0.5 0.5 0 0 0 0 0 9.1 33.3 16.9 65 98 0.7 -6.9
"33" "" 2003-03-22 33.25 "PHO" "@" "DAL" "L" -7 NA NA NA NA NA NA NA NA NA NA NA NA NA NA NA NA
"34" "23" 2003-03-24 33.26 "PHO" "" "SEA" "L" -9 0 3.15 0 0 0 35.6 18.6 0 0 0 0 34.9 0 89 -1.5 -32.1
"35" "" 2003-03-26 33.27 "PHO" "@" "MEM" "W" 2 NA NA NA NA NA NA NA NA NA NA NA NA NA NA NA NA
"36" "" 2003-03-28 33.27 "PHO" "@" "DET" "W" 3 NA NA NA NA NA NA NA NA NA NA NA NA NA NA NA NA
"37" "" 2003-03-30 33.28 "PHO" "@" "IND" "L" -11 NA NA NA NA NA NA NA NA NA NA NA NA NA NA NA NA
"38" "24" 2003-04-01 33.28 "PHO" "" "DEN" "W" 30 0 9.88333333333333 1.064 1 13.7 27.2 21.8 41 0 0 34.7 27.3 143 69 8.4 17
"39" "" 2003-04-05 33.29 "PHO" "" "MIN" "W" 17 NA NA NA NA NA NA NA NA NA NA NA NA NA NA NA NA
"40" "" 2003-04-06 33.3 "PHO" "@" "LAL" "L" -2 NA NA NA NA NA NA NA NA NA NA NA NA NA NA NA NA
"41" "" 2003-04-08 33.3 "PHO" "@" "DEN" "W" 20 NA NA NA NA NA NA NA NA NA NA NA NA NA NA NA NA
"42" "25" 2003-04-09 33.3 "PHO" "" "DAL" "W" 23 0 5.05 0.333 0.333 0 0 0 0 0 0 0 26.5 71 108 0.3 -15.9
"43" "" 2003-04-11 33.31 "PHO" "" "GSW" "W" 16 NA NA NA NA NA NA NA NA NA NA NA NA NA NA NA NA
"44" "" 2003-04-13 33.32 "PHO" "" "SAS" "W" 7 NA NA NA NA NA NA NA NA NA NA NA NA NA NA NA NA
"45" "26" 2003-04-15 33.32 "PHO" "@" "POR" "L" -18 0 10.2166666666667 0 0 0 13.7 6.9 12 0 0 0 18.5 17 127 -1.8 -19
"46" "27" 2003-04-16 33.32 "PHO" "@" "SEA" "L" -14 0 12 1 1 0 0 0 52.2 9.3 0 0 8.4 201 87 7.5 26.2
"1" "1" 2003-10-28 33.86 "PHO" "@" "SAS" "L" -1 0 16.9833333333333 0 0 5.9 0 3.5 9.4 0 0 0 7.7 35 98 -2.3 -9.8
"2" "2" 2003-10-30 33.86 "PHO" "" "CLE" "W" 9 0 6.23333333333333 0.667 0.667 0 19 8.5 0 8.2 0 25 29.4 85 75 2.6 5
"3" "3" 2003-11-01 33.87 "PHO" "" "LAL" "L" -4 0 13.7166666666667 0 0 8.2 16.4 12.3 19.4 0 5.4 33.3 20.6 28 107 -2.6 -15
"4" "4" 2003-11-05 33.88 "PHO" "@" "UTA" "L" -11 0 9.65 0.644 0.667 0 25.9 11.6 0 5.8 0 0 19 129 99 4.1 7
"5" "5" 2003-11-07 33.88 "PHO" "" "MEM" "W" 8 0 8.35 0.5 0.5 14.8 13 13.9 0 0 0 20 25.9 89 102 2 -4.4
"6" "6" 2003-11-10 33.89 "PHO" "@" "GSW" "W" 3 0 4.93333333333333 0.25 0.25 0 0 0 0 0 0 0 38.8 53 110 -0.4 -22.2
"7" "" 2003-11-12 33.9 "PHO" "" "ATL" "L" -5 NA NA NA NA NA NA NA NA NA NA NA NA NA NA NA NA
"8" "" 2003-11-14 33.9 "PHO" "@" "HOU" "L" -5 NA NA NA NA NA NA NA NA NA NA NA NA NA NA NA NA
"9" "" 2003-11-15 33.91 "PHO" "" "DET" "L" -9 NA NA NA NA NA NA NA NA NA NA NA NA NA NA NA NA
"10" "" 2003-11-18 33.92 "PHO" "" "CHI" "W" 13 NA NA NA NA NA NA NA NA NA NA NA NA NA NA NA NA
"11" "7" 2003-11-20 33.92 "PHO" "" "ORL" "W" 7 0 4.21666666666667 0.5 0.5 0 20.9 11.4 0 0 0 0 20 97 103 1.3 -6.5
"12" "8" 2003-11-22 33.93 "PHO" "" "MIA" "W" 2 0 1.23333333333333 NA NA 0 100 61.5 0 0 0 NA 0 0 67 -0.1 -11.5
"13" "9" 2003-11-25 33.93 "PHO" "@" "DEN" "L" -30 0 6.78333333333333 0 0 0 0 0 0 0 0 0 12.1 0 131 -1.8 -20.4
"14" "10" 2003-11-26 33.94 "PHO" "" "DAL" "W" 31 0 11.7333333333333 0.347 0 35.3 16 23.8 0 0 0 0 10.6 146 106 3.3 -1.6
"15" "11" 2003-11-28 33.94 "PHO" "" "GSW" "L" -9 0 20.5166666666667 0.509 0.5 0 26.9 11 9.9 0 7.6 22.5 19.8 79 100 4.5 -1.2
"16" "12" 2003-12-01 33.95 "PHO" "" "IND" "L" -7 0 15.6833333333333 0.6 0.6 0 7.3 3.6 12 3.3 0 16.7 17.4 101 100 3.9 1.2
"17" "13" 2003-12-03 33.96 "PHO" "" "MIN" "L" -13 0 11.95 0 0 0 40 18.4 0 0 0 14.3 26.6 0 100 -4 -22.6
"18" "14" 2003-12-05 33.96 "PHO" "@" "BOS" "W" 4 0 4.25 0.532 0 0 0 0 0 11.5 0 34.7 30 74 88 1.3 -2.1
"19" "15" 2003-12-06 33.96 "PHO" "@" "NJN" "L" -11 1 19.3833333333333 0.5 0.5 0 0 0 30.2 5 0 33.3 6.7 98 97 3.6 4.4
"20" "16" 2003-12-08 33.97 "PHO" "@" "ORL" "L" -7 1 18.6 0.333 0.333 10.3 27.4 17.6 0 2.9 0 0 14.4 92 110 3.8 -5.3
"21" "17" 2003-12-09 33.97 "PHO" "@" "MIA" "L" -20 1 26.0833333333333 0.571 0.571 0 25.3 11.9 22.2 2.2 0 22.2 18.1 86 102 6.2 0.2
"22" "18" 2003-12-11 33.98 "PHO" "" "NOH" "L" -10 0 12.2833333333333 0.333 0.333 0 11.8 6.2 44.4 4.4 0 0 12.6 115 116 3.6 5.8
"23" "19" 2003-12-13 33.98 "PHO" "@" "LAC" "L" -15 0 12.6333333333333 0.3 0.3 0 9.5 4.5 0 0 0 0 37.2 63 117 -0.7 -19.4
"24" "" 2003-12-14 33.99 "PHO" "@" "SAC" "L" -5 NA NA NA NA NA NA NA NA NA NA NA NA NA NA NA NA
"25" "" 2003-12-16 33.99 "PHO" "" "SEA" "W" 1 NA NA NA NA NA NA NA NA NA NA NA NA NA NA NA NA
"26" "" 2003-12-18 34 "PHO" "@" "POR" "L" -7 NA NA NA NA NA NA NA NA NA NA NA NA NA NA NA NA
"27" "" 2003-12-20 34 "PHO" "" "HOU" "W" 15 NA NA NA NA NA NA NA NA NA NA NA NA NA NA NA NA
"28" "" 2003-12-21 34.01 "PHO" "@" "LAL" "L" -6 NA NA NA NA NA NA NA NA NA NA NA NA NA NA NA NA
"29" "" 2003-12-23 34.01 "PHO" "@" "SEA" "L" -26 NA NA NA NA NA NA NA NA NA NA NA NA NA NA NA NA
"30" "" 2003-12-26 34.02 "PHO" "" "BOS" "L" -2 NA NA NA NA NA NA NA NA NA NA NA NA NA NA NA NA
"31" "" 2003-12-28 34.02 "PHO" "" "PHI" "W" 8 NA NA NA NA NA NA NA NA NA NA NA NA NA NA NA NA
"32" "" 2003-12-29 34.03 "PHO" "@" "LAC" "W" 8 NA NA NA NA NA NA NA NA NA NA NA NA NA NA NA NA
"33" "" 2004-01-02 34.04 "PHO" "@" "DET" "L" -12 NA NA NA NA NA NA NA NA NA NA NA NA NA NA NA NA
"34" "" 2004-01-04 34.04 "PHO" "@" "TOR" "L" -10 NA NA NA NA NA NA NA NA NA NA NA NA NA NA NA NA
"35" "20" 2004-01-05 34.05 "PHO" "@" "CHI" "L" -5 0 20.4166666666667 0 0 5.4 19.5 12.8 13.9 2.5 0 25 17.3 20 94 -1.9 -13.7
"36" "21" 2004-01-07 34.05 "PHO" "@" "MIL" "L" -8 0 5.28333333333333 0 0 0 0 0 0 0 0 0 9.2 0 114 -0.7 -12.8
"37" "" 2004-01-09 34.06 "PHO" "" "SAC" "L" -20 NA NA NA NA NA NA NA NA NA NA NA NA NA NA NA NA
"38" "" 2004-01-13 34.07 "PHO" "" "DEN" "L" -13 NA NA NA NA NA NA NA NA NA NA NA NA NA NA NA NA
"39" "" 2004-01-15 34.07 "PHO" "@" "POR" "W" 9 NA NA NA NA NA NA NA NA NA NA NA NA NA NA NA NA
"40" "" 2004-01-16 34.08 "PHO" "" "GSW" "W" 11 NA NA NA NA NA NA NA NA NA NA NA NA NA NA NA NA
"41" "22" 2004-01-18 34.08 "PHO" "" "POR" "W" 4 0 5.21666666666667 0 0 0 0 0 0 8.3 0 50 14 0 89 -0.7 -10.9
"42" "23" 2004-01-19 34.08 "PHO" "@" "LAL" "W" 3 0 3.21666666666667 NA NA 0 0 0 47.1 0 0 NA 0 215 108 0.7 8.9
"43" "24" 2004-01-21 34.09 "PHO" "@" "DEN" "L" -5 0 13.85 0.6 0.6 14 10.4 12.5 32.4 0 0 28.6 21.6 104 116 4.3 -1.8
"44" "25" 2004-01-23 34.1 "PHO" "" "SAS" "L" -2 0 4.63333333333333 0 0 28.2 0 11 0 0 0 0 39.7 18 106 -2.9 -46.4
"45" "" 2004-01-25 34.1 "PHO" "@" "MIN" "L" -4 NA NA NA NA NA NA NA NA NA NA NA NA NA NA NA NA
"46" "26" 2004-01-27 34.11 "PHO" "@" "ATL" "W" 4 0 4.15 1 1 0 0 0 0 0 0 50 23.5 65 101 0.7 -6.2
"47" "27" 2004-01-28 34.11 "PHO" "@" "IND" "L" -22 0 6.25 0 0 0 41 20.5 0 0 0 33.3 23.2 0 109 -2.2 -24.9
"48" "28" 2004-01-30 34.12 "PHO" "@" "WAS" "L" -5 0 5.33333333333333 1 1 19.6 37.6 28.8 0 9.2 15.7 50 16.2 93 69 3.3 13.3
"49" "29" 2004-01-31 34.12 "PHO" "@" "NYK" "L" -5 0 6.43333333333333 0 0 27.4 15.2 21.7 0 7.2 0 0 24.7 38 103 -0.5 -18.3
"50" "" 2004-02-02 34.12 "PHO" "" "HOU" "W" 20 NA NA NA NA NA NA NA NA NA NA NA NA NA NA NA NA
"51" "" 2004-02-04 34.13 "PHO" "" "POR" "L" -4 NA NA NA NA NA NA NA NA NA NA NA NA NA NA NA NA
"52" "" 2004-02-06 34.13 "PHO" "" "SEA" "L" -2 NA NA NA NA NA NA NA NA NA NA NA NA NA NA NA NA
"53" "30" 2004-02-07 34.14 "PHO" "" "UTA" "L" -4 0 4.33333333333333 1 1 0 30.8 16.4 0 13.7 0 0 12.8 200 81 2.6 15.8
"54" "" 2004-02-10 34.15 "PHO" "" "TOR" "L" -7 NA NA NA NA NA NA NA NA NA NA NA NA NA NA NA NA
"55" "" 2004-02-11 34.15 "PHO" "@" "GSW" "L" -11 NA NA NA NA NA NA NA NA NA NA NA NA NA NA NA NA
"56" "" 2004-02-17 34.16 "PHO" "@" "MIN" "L" -15 NA NA NA NA NA NA NA NA NA NA NA NA NA NA NA NA
"57" "" 2004-02-20 34.17 "UTA" "@" "NYK" "W" 14 NA NA NA NA NA NA NA NA NA NA NA NA NA NA NA NA
"58" "" 2004-02-22 34.18 "UTA" "@" "IND" "L" -14 NA NA NA NA NA NA NA NA NA NA NA NA NA NA NA NA
"59" "31" 2004-02-24 34.18 "UTA" "" "SEA" "W" 13 0 11.2833333333333 0.515 0.5 17.8 21.6 19.5 0 0 0 0 14.5 137 107 3.9 3.6
"60" "32" 2004-02-25 34.19 "UTA" "@" "SEA" "W" 1 1 31.2833333333333 0.291 0.167 11.7 21.4 16.3 0 0 0 12.7 13 78 107 2 -8.8
"61" "33" 2004-02-27 34.19 "UTA" "@" "SAC" "W" 5 1 18.05 0.5 0.5 17.4 10.7 13.9 15.8 0 0 0 9.6 145 112 5.3 3.8
"62" "34" 2004-03-01 34.2 "UTA" "" "DET" "W" 8 1 18.6 0.5 0.5 13 12.6 12.8 8 2.9 0 33.3 7.5 101 100 2.1 -2.3
"63" "35" 2004-03-05 34.21 "UTA" "" "IND" "L" -8 1 25.6833333333333 0.375 0.375 8.4 34.2 18.2 0 0 0 0 13.5 103 119 4.1 -3.9
"64" "36" 2004-03-06 34.21 "UTA" "@" "POR" "L" -21 1 15.2166666666667 1 1 0 18.2 7.8 25 0 0 0 3 201 115 3.3 3
"65" "37" 2004-03-08 34.22 "UTA" "" "LAL" "W" 5 1 15.05 0.2 0.2 0 7.1 3.8 11.5 0 0 0 14.2 57 100 -1.3 -11.6
"66" "38" 2004-03-10 34.22 "UTA" "" "GSW" "W" 14 1 18 0.727 0.667 0 0 0 16.8 6.1 0 36.8 14.6 97 86 4.7 4.9
"67" "39" 2004-03-12 34.23 "UTA" "@" "PHO" "W" 9 1 18.9833333333333 0.512 0.5 13.3 21.1 17.6 0 0 0 17 14.1 100 97 4.2 -1.4
"68" "40" 2004-03-14 34.24 "UTA" "@" "DEN" "L" -27 1 22.1833333333333 0.5 0.5 9.5 18.2 13.9 22.6 2.3 0 11.1 18.1 97 105 6.8 2.1
"69" "41" 2004-03-17 34.24 "UTA" "@" "TOR" "L" -4 1 32.6166666666667 0.63 0.333 10.9 26.8 18.6 11.4 1.7 0 17.4 8.6 132 97 9.5 6.2
"70" "42" 2004-03-19 34.25 "UTA" "@" "CLE" "W" 9 1 31.5333333333333 0.474 0.5 29.2 27.3 28.3 14.5 1.8 2.1 10.6 14.3 121 101 11.9 4.5
"71" "43" 2004-03-20 34.25 "UTA" "@" "ATL" "W" 6 1 28.3 0.167 0.167 12 8 10 10 2.1 0 0 10.5 81 101 2.9 -5.2
"72" "44" 2004-03-23 34.26 "UTA" "" "WAS" "W" 8 1 24.0333333333333 0.363 0.333 9.5 20.8 15.6 12.5 2.2 0 0 12.9 100 81 5.3 -0.7
"73" "45" 2004-03-24 34.26 "UTA" "@" "SEA" "L" -7 1 25.3833333333333 0.667 0.667 25 26.5 25.6 38.2 0 4.6 0 5.7 177 109 12.3 14.6
"74" "46" 2004-03-27 34.27 "UTA" "" "DEN" "W" 2 1 13.55 0 0 19.4 9 14 0 0 0 25 14.3 26 110 -2.6 -21.5
"75" "47" 2004-03-28 34.27 "UTA" "@" "LAL" "L" -7 1 14.4333333333333 NA NA 0 20.9 10.7 10.3 0 5.3 100 6.4 21 104 -0.9 -7.1
"76" "48" 2004-03-31 34.28 "UTA" "" "NOH" "W" 13 1 23.3 0.25 0.25 12.9 27.9 21.6 32.3 4.6 0 0 8.5 114 79 7.5 9.3
"77" "49" 2004-04-02 34.29 "UTA" "" "SAS" "L" -13 1 26.0166666666667 0.581 0.5 0 15.6 8.5 15.8 7.2 3.4 22.5 18.9 97 102 8.6 9.5
"78" "50" 2004-04-04 34.29 "UTA" "@" "LAC" "W" 5 1 7.46666666666667 1 1 0 22.1 10.5 0 0 0 0 6.7 200 111 1.2 -5
"79" "51" 2004-04-05 34.3 "UTA" "" "MEM" "W" 11 1 8.4 0.2 0.2 12.5 16.2 14.1 0 0 0 16.7 32.9 53 100 -1.9 -25
"80" "52" 2004-04-08 34.3 "UTA" "@" "DAL" "L" -23 1 14.1166666666667 0 0 19 17.6 18.3 19 0 5.7 50 7.2 88 141 0.8 -6.3
"81" "53" 2004-04-10 34.31 "UTA" "" "HOU" "W" 13 1 22.2 0.444 0.4 12.8 37.4 25.3 19.3 5.2 0 22.8 20.2 88 77 6.7 3.9
"82" "54" 2004-04-12 34.32 "UTA" "@" "MIN" "L" -14 1 30.6833333333333 0.286 0.286 3.6 14.5 8.3 31 1.9 3.1 0 11.1 93 124 5.9 1
"83" "55" 2004-04-14 34.32 "UTA" "" "PHO" "L" -5 1 17.8 0.5 0.5 18.2 28.1 22.8 9.1 3 9.7 50 9.7 76 89 4.6 2.3
"1" "1" 2004-11-03 34.88 "BOS" "" "PHI" "L" -3 0 11.1666666666667 0.333 0.333 0 0 0 0 0 0 50 25.6 31 119 -3.9 -27.9
"2" "2" 2004-11-05 34.88 "BOS" "" "IND" "L" -6 0 16.3833333333333 0.75 0.75 13.4 20.7 17 9.9 0 0 20 14.1 127 107 5.6 1.2
"3" "3" 2004-11-06 34.88 "BOS" "@" "NYK" "W" 34 0 17.5 0.5 0.5 8.8 19.3 14.9 14.1 0 0 0 5.8 149 89 4 3
"4" "4" 2004-11-10 34.9 "BOS" "" "POR" "W" 2 0 17.7 0.5 0.5 0 22.3 10.7 0 3.3 0 0 5.9 102 98 2.1 -0.3
"5" "5" 2004-11-12 34.9 "BOS" "" "CHA" "W" 17 0 5.86666666666667 0 0 0 19 9.8 0 0 0 0 14.6 0 84 -1.5 -19.3
"6" "6" 2004-11-17 34.92 "BOS" "@" "WAS" "L" -5 0 11.4333333333333 0 0 33.6 19.3 25.9 13.8 0 0 25 16.5 53 111 -0.5 -14.3
"7" "7" 2004-11-19 34.92 "BOS" "" "SAS" "L" -8 0 11.1166666666667 0 0 0 0 0 0 0 8.6 0 8.7 0 101 -1.5 -9.4
"8" "" 2004-11-21 34.93 "BOS" "" "SEA" "W" 19 NA NA NA NA NA NA NA NA NA NA NA NA NA NA NA NA
"9" "" 2004-12-01 34.95 "BOS" "" "MIL" "W" 1 NA NA NA NA NA NA NA NA NA NA NA NA NA NA NA NA
"10" "" 2004-12-03 34.96 "BOS" "" "TOR" "W" 2 NA NA NA NA NA NA NA NA NA NA NA NA NA NA NA NA
"11" "8" 2004-12-05 34.96 "BOS" "@" "SAC" "L" -14 0 2.11666666666667 0 0 0 0 0 0 24.5 0 66.7 61.8 0 78 -1.7 -41.6
"12" "" 2004-12-06 34.97 "BOS" "@" "GSW" "L" -4 NA NA NA NA NA NA NA NA NA NA NA NA NA NA NA NA
"13" "" 2004-12-09 34.98 "BOS" "@" "POR" "L" -2 NA NA NA NA NA NA NA NA NA NA NA NA NA NA NA NA
"14" "" 2004-12-11 34.98 "BOS" "@" "SEA" "W" 14 NA NA NA NA NA NA NA NA NA NA NA NA NA NA NA NA
"15" "" 2004-12-13 34.99 "BOS" "@" "LAC" "W" 7 NA NA NA NA NA NA NA NA NA NA NA NA NA NA NA NA
"16" "" 2004-12-31 35.03 "BOS" "" "WAS" "W" 5 NA NA NA NA NA NA NA NA NA NA NA NA NA NA NA NA
"17" "9" 2005-01-02 35.04 "BOS" "@" "DET" "L" -12 0 6.16666666666667 0 0 0 20.5 9.6 0 0 0 0 7.9 0 117 -0.4 -10.2
"18" "" 2005-01-03 35.04 "BOS" "" "NOH" "W" 18 NA NA NA NA NA NA NA NA NA NA NA NA NA NA NA NA
"19" "" 2005-01-05 35.05 "BOS" "" "GSW" "W" 1 NA NA NA NA NA NA NA NA NA NA NA NA NA NA NA NA
"20" "" 2005-01-07 35.05 "BOS" "" "DET" "L" -6 NA NA NA NA NA NA NA NA NA NA NA NA NA NA NA NA
"21" "" 2005-01-08 35.05 "BOS" "@" "CHI" "L" -11 NA NA NA NA NA NA NA NA NA NA NA NA NA NA NA NA
"22" "" 2005-01-10 35.06 "BOS" "" "ORL" "W" 18 NA NA NA NA NA NA NA NA NA NA NA NA NA NA NA NA
"23" "" 2005-01-12 35.07 "BOS" "@" "TOR" "L" -11 NA NA NA NA NA NA NA NA NA NA NA NA NA NA NA NA
"24" "" 2005-01-14 35.07 "BOS" "" "ATL" "W" 12 NA NA NA NA NA NA NA NA NA NA NA NA NA NA NA NA
"25" "10" 2005-01-19 35.08 "BOS" "" "CHI" "W" 9 0 6.05 NA NA 16.7 0 8.6 0 0 0 NA 0 207 102 0.3 -6
"26" "11" 2005-01-29 35.11 "BOS" "@" "CHI" "W" 4 0 6.03333333333333 1 1 20 0 9.6 0 0 0 0 7.8 209 110 2 3
"27" "" 2005-01-31 35.12 "BOS" "" "HOU" "L" -3 NA NA NA NA NA NA NA NA NA NA NA NA NA NA NA NA
"28" "12" 2005-02-02 35.12 "BOS" "" "NJN" "W" 21 0 16.45 0.5 0.5 0 12.8 7.3 15.6 6.3 0 0 5.7 134 93 4.2 5.9
"29" "13" 2005-02-04 35.13 "BOS" "" "ORL" "W" 12 0 5.95 0.266 0 23.5 40 32.4 0 0 0 0 13.7 92 102 1.2 -7.7
"30" "" 2005-02-06 35.13 "BOS" "@" "MIN" "W" 3 NA NA NA NA NA NA NA NA NA NA NA NA NA NA NA NA
"31" "14" 2005-02-08 35.14 "BOS" "@" "MIL" "L" -24 0 16.7 0.5 0.5 15.3 8.1 11.8 26.2 0 0 0 10.7 136 134 4.6 -0.7
"32" "15" 2005-02-09 35.14 "BOS" "" "LAC" "W" 5 0 11.35 0.41 0.25 11.8 9.5 10.5 0 4.5 0 17 22.7 86 99 1.8 -8.8
"33" "16" 2005-02-11 35.15 "BOS" "" "NYK" "W" 17 0 10.8333333333333 NA NA 12.8 30.4 22.7 0 4.7 7.3 NA 0 219 89 3.3 10
"34" "17" 2005-02-13 35.15 "BOS" "" "SAC" "L" -4 0 8.4 NA NA 12 23.4 17.8 0 5.2 7.1 NA 0 211 98 2.6 9.7
"35" "18" 2005-02-16 35.16 "BOS" "" "MEM" "W" 2 0 13.6833333333333 0.174 0 0 8.4 4.3 23.6 0 0 0 9.5 70 100 0.5 -2.4
"36" "19" 2005-02-22 35.18 "BOS" "@" "LAL" "L" -9 0 6.08333333333333 0 0 0 0 0 0 0 12.7 0 7.9 0 123 0 -5
"37" "20" 2005-02-23 35.18 "BOS" "@" "DEN" "L" -21 0 14.4833333333333 0 0 6.4 20 13.1 10.7 6.1 0 33.3 8.2 30 94 1.9 -1.1
"38" "" 2005-02-25 35.19 "ATL" "@" "POR" "L" -1 NA NA NA NA NA NA NA NA NA NA NA NA NA NA NA NA
"39" "21" 2005-02-27 35.19 "ATL" "@" "LAC" "L" -7 0 22.3833333333333 0.347 0 11.2 11.8 11.5 5.2 4.8 3.5 25.8 8.4 93 115 3 -3.7
"40" "22" 2005-03-01 35.2 "ATL" "@" "DEN" "L" -23 0 29.65 0.286 0.286 16 12.6 14.4 15.4 0 2.3 36.4 17.3 57 113 0.9 -9.2
"41" "23" 2005-03-02 35.2 "ATL" "@" "UTA" "L" -22 0 33.1333333333333 0.556 0.556 7.9 12.9 10.3 0 5.3 0 18.2 16.5 94 106 7.4 -1.3
"42" "24" 2005-03-05 35.21 "ATL" "" "PHI" "L" -1 0 27.7 0.615 0.5 12 20.4 16.1 11.8 0 0 9.3 16.4 134 105 10 1.4
"43" "25" 2005-03-08 35.22 "ATL" "@" "MIL" "L" -4 0 28.9333333333333 0.375 0.375 4.7 24.8 15.4 4.4 1.8 0 11.1 14.3 80 113 4 -8
"44" "26" 2005-03-09 35.22 "ATL" "@" "BOS" "L" -4 0 28.65 0.304 0.25 8.3 26.9 17.9 12 1.8 2.6 8 19.1 77 99 4.6 -3.6
"45" "27" 2005-03-11 35.22 "ATL" "@" "TOR" "W" 4 0 38.5333333333333 0.349 0.333 6.6 15.2 11.1 10.4 4.1 0 0 15.5 94 106 8.2 -1.4
"46" "28" 2005-03-12 35.23 "ATL" "" "GSW" "L" -13 0 25.0833333333333 0.676 0.625 4.5 3.6 4 6.5 0 3.1 10.1 17.7 126 125 9 -2.6
"47" "29" 2005-03-14 35.23 "ATL" "" "DET" "L" -6 0 33.5666666666667 0.636 0.636 0 20 9.9 12.8 0 2.4 8.3 17.5 124 123 12 4.4
"48" "30" 2005-03-16 35.24 "ATL" "" "WAS" "L" -29 0 22.75 0.25 0.25 10.2 31.6 19.7 18.5 6.9 0 20 9.6 87 121 5 -2
"49" "31" 2005-03-18 35.24 "ATL" "" "NYK" "L" -14 1 31.5 0.508 0.429 9.9 20.4 14.6 21.8 7.3 0 33.7 17 88 111 9.5 0.7
"50" "32" 2005-03-21 35.25 "ATL" "@" "CHI" "L" -14 0 27.4 0.5 0.5 8.1 18.4 12.9 0 1.9 2.6 42.9 11.3 65 117 2.1 -8.8
"51" "33" 2005-03-22 35.25 "ATL" "" "PHO" "L" -11 0 26.4833333333333 0.347 0.25 12.6 11.5 12 5 0 2.9 25.8 13 77 114 2 -6.8
"52" "34" 2005-03-25 35.26 "ATL" "@" "SAS" "L" -16 0 29.1166666666667 0 0 3.7 17.9 10.1 8.7 1.7 9.5 25 6.2 40 106 1.7 -4
"53" "35" 2005-03-26 35.27 "ATL" "" "TOR" "L" -5 0 18.3 0.5 0.5 8.1 13 10.8 7.5 0 9.7 33.3 16.6 80 124 2.2 -8
"54" "36" 2005-03-28 35.27 "ATL" "@" "ORL" "L" -7 0 30.8833333333333 0.597 0.55 3.2 21.6 11.9 32.9 4.7 2.1 21.6 18.4 109 101 13.4 6.3
"55" "37" 2005-03-30 35.28 "ATL" "@" "WAS" "L" -3 0 36.2666666666667 0.273 0.273 3.9 24.2 13.9 7.4 0 0 8.3 15 70 112 2 -8.6
"56" "38" 2005-04-01 35.28 "ATL" "" "BOS" "L" -16 0 23.6833333333333 0.68 0.6 0 6.3 2.5 27.6 2.2 0 0 10.5 162 129 8.6 3.4
"57" "39" 2005-04-03 35.29 "ATL" "" "LAC" "L" -20 0 16.0333333333333 0.84 0.667 0 9.7 4.1 10.7 3.3 0 17.4 17 144 120 7.3 3.4
"58" "40" 2005-04-05 35.29 "ATL" "" "NOH" "L" -10 1 37.7666666666667 0.605 0.571 8.8 30.8 18.9 9.8 2.8 0 25.2 24 97 103 13.4 -0.4
"59" "" 2005-04-08 35.3 "ATL" "@" "TOR" "L" -8 NA NA NA NA NA NA NA NA NA NA NA NA NA NA NA NA
"60" "41" 2005-04-09 35.3 "ATL" "" "MIN" "W" 7 1 17.8166666666667 0.143 0.143 6.7 33.3 20 20.3 2.9 0 12.5 21.1 57 102 0.6 -12.8
"61" "42" 2005-04-11 35.31 "ATL" "" "CHA" "L" -5 1 40.15 0.375 0.375 2.7 17.2 10.3 7.8 1.3 0 5.9 18.8 83 107 7.4 -5.8
"62" "43" 2005-04-13 35.32 "ATL" "@" "CHA" "L" -21 1 20.1166666666667 0.68 0.6 11.7 7.3 9.7 10.5 2.8 0 33.8 20.9 98 121 4.5 -4.9
"63" "44" 2005-04-16 35.32 "ATL" "" "CHI" "L" -9 1 26.2666666666667 0.778 0.778 4.1 14 8.8 18.8 4 0 10 16.7 147 123 12.8 8
"64" "45" 2005-04-17 35.33 "ATL" "@" "NYK" "W" 4 1 37.9333333333333 0.538 0.538 7.3 11.9 9.5 15.3 0 0 0 15.8 138 138 10.8 -4.2
"65" "46" 2005-04-19 35.33 "ATL" "" "DET" "L" -27 1 10.2833333333333 0 0 0 13.7 5.3 17.1 0 0 60 22.8 8 116 -4.2 -32.1
"66" "47" 2005-04-20 35.33 "ATL" "@" "PHI" "L" -24 1 27.2333333333333 0.575 0.55 0 18.7 9 7.7 1.8 0 27.7 23.3 80 112 4.7 -6.6
