"Rk" "G" "Date" "Age" "Tm" "H/A" "Opp" "W/L" "By Amt" "GS" "MP" "TS%" "eFG%" "ORB%" "DRB%" "TRB%" "AST%" "STL%" "BLK%" "TOV%" "USG%" "ORtg" "DRtg" "GmSc" "BPM"
"1" "1" 2004-11-02 21.68 "DAL" "" "SAC" "W" 9 1 30.5666666666667 0.508 0.429 4.2 0 1.9 30.4 3.5 0 11.3 13.5 130 112 9.3 2
"2" "2" 2004-11-03 21.68 "DAL" "@" "NOH" "W" 15 1 9.13333333333333 0.333 0.333 0 0 0 14.5 0 0 0 16.6 89 115 1 -9.6
"3" "3" 2004-11-06 21.69 "DAL" "" "MEM" "W" 24 1 25.0166666666667 0.717 0.625 0 0 0 19.6 8 5 33.9 25.1 106 84 12.1 13.4
"4" "4" 2004-11-08 21.7 "DAL" "" "GSW" "W" 3 1 19.3166666666667 0.571 0.571 5.6 0 2.6 23.6 2.8 3.5 0 16.7 136 101 7.3 10.9
"5" "5" 2004-11-09 21.7 "DAL" "@" "ORL" "L" -10 1 15.3 0.19 0.143 0 14.2 5.8 12.9 3.1 0 27.6 27.3 34 89 -4.2 -16.7
"6" "6" 2004-11-11 21.71 "DAL" "@" "MIA" "W" 20 1 22.4333333333333 0.75 0.75 6.3 8.3 7.5 19.2 4.7 0 25 16 127 100 7.8 6.4
"7" "7" 2004-11-13 21.71 "DAL" "@" "NJN" "W" 16 1 12.0333333333333 0.357 0.357 0 0 0 0 9.4 0 12.5 32.1 66 86 1.1 -5.1
"8" "8" 2004-11-14 21.72 "DAL" "@" "WAS" "W" 9 1 10.5666666666667 0.643 0.643 0 9.7 5.4 17.1 0 0 12.5 31.5 110 124 5.3 -2.7
"9" "9" 2004-11-16 21.72 "DAL" "" "PHO" "L" -6 1 36.1166666666667 0.367 0.375 0 6.1 2.7 26.1 6.7 0 0 23.8 92 102 13.2 6.3
"10" "10" 2004-11-19 21.73 "DAL" "" "NYK" "W" 2 1 35.4166666666667 0.403 0.357 0 6.4 3.1 11.6 0 0 0 18.6 103 114 6.1 -4.4
"11" "11" 2004-11-21 21.73 "DAL" "@" "DEN" "L" -28 1 35.9166666666667 0.476 0.429 5.4 7 6.1 27.8 5.2 0 20.2 23 87 106 11.5 1.9
"12" "12" 2004-11-22 21.74 "DAL" "" "MIN" "L" -1 1 34.35 0.412 0.412 0 5.9 2.7 18.3 3.1 6 5.6 23.5 88 91 9.5 4.8
"13" "13" 2004-11-24 21.74 "DAL" "@" "SAS" "L" -14 1 27.8833333333333 0.536 0.444 0 3.9 2 17 3.8 2.7 15.2 23.3 97 98 8.1 5.4
"14" "14" 2004-11-26 21.75 "DAL" "" "POR" "W" 9 1 16.05 0.571 0.571 6.7 6.7 6.7 40.9 0 0 22.2 24.3 110 101 3.8 -0.5
"15" "15" 2004-11-27 21.75 "DAL" "@" "MEM" "W" 13 1 16.8666666666667 0 0 0 0 0 16.1 0 0 0 10.6 28 108 -2.2 -12.4
"16" "16" 2004-11-30 21.76 "DAL" "" "SAS" "L" -18 1 16.85 0.34 0.2 0 0 0 9.1 0 0 25.4 19.6 62 119 -1.6 -12.7
"17" "17" 2004-12-02 21.76 "DAL" "" "HOU" "W" 7 1 16.3666666666667 0.5 0.5 0 0 0 28.6 3.4 0 25 12 102 112 2.2 -2
"18" "18" 2004-12-04 21.77 "DAL" "" "UTA" "W" 23 1 11.7833333333333 1 1 0 11.8 5.6 16 4.3 6 0 10.9 203 85 6.6 13
"19" "19" 2004-12-06 21.78 "DAL" "" "DET" "L" -16 1 12.4333333333333 0 0 0 0 0 49.2 0 0 0 9.9 50 120 -0.1 -10
"20" "" 2004-12-07 21.78 "DAL" "@" "MIN" "W" 10 NA NA NA NA NA NA NA NA NA NA NA NA NA NA NA NA
"21" "" 2004-12-09 21.78 "DAL" "" "SEA" "L" -5 NA NA NA NA NA NA NA NA NA NA NA NA NA NA NA NA
"22" "20" 2004-12-11 21.79 "DAL" "@" "HOU" "W" 24 0 5.13333333333333 0.75 0.75 0 0 0 33.8 0 0 0 19.4 157 103 2.3 10.6
"23" "21" 2004-12-13 21.79 "DAL" "@" "CHI" "W" 1 0 2.96666666666667 NA NA 0 0 0 94.1 0 0 NA 0 215 111 1.4 10.8
"24" "" 2004-12-14 21.8 "DAL" "" "GSW" "L" -4 NA NA NA NA NA NA NA NA NA NA NA NA NA NA NA NA
"25" "22" 2004-12-18 21.81 "DAL" "" "ATL" "W" 22 0 20.2333333333333 0.546 0.5 0 4.4 2.4 26.9 10.3 0 21.5 20 98 64 8.2 9.2
"26" "23" 2004-12-21 21.82 "DAL" "@" "NYK" "W" 29 0 24.3666666666667 0.602 0.25 0 0 0 15.4 4.2 0 31.1 16.9 102 103 5.1 -4
"27" "24" 2004-12-22 21.82 "DAL" "@" "ATL" "L" -13 0 6.9 0.266 0 0 0 0 0 0 0 0 11.4 65 126 -0.1 -12.8
"28" "25" 2004-12-26 21.83 "DAL" "@" "DEN" "W" 14 0 5.48333333333333 0.333 0.333 0 0 0 50 9.4 0 25 29.6 81 93 1.7 6.3
"29" "26" 2004-12-28 21.84 "DAL" "" "BOS" "W" 19 0 14.6833333333333 0.543 0 10.1 7.6 8.7 24.5 3.3 0 26.6 11.6 120 91 4.2 1.1
"30" "27" 2005-01-02 21.85 "DAL" "" "MIL" "W" 19 0 8.31666666666667 0.602 0.5 0 14 7.3 29.3 13.2 0 0 18.2 147 88 5.5 16.3
"31" "28" 2005-01-05 21.86 "DAL" "" "LAL" "W" 14 0 15.95 0.854 0.917 0 5.9 3.6 42.7 3.5 0 0 19.9 177 114 11.3 15.4
"32" "29" 2005-01-08 21.87 "DAL" "" "IND" "W" 20 0 15.75 0.694 0.5 0 0 0 16.2 3.2 0 41 14.1 97 109 2.2 -2
"33" "30" 2005-01-12 21.88 "DAL" "" "HOU" "L" -10 0 12.45 0.667 0.667 0 15.4 5.8 25 0 0 0 11.5 153 142 4.4 0.4
"34" "31" 2005-01-14 21.88 "DAL" "@" "SAS" "L" -3 0 7.8 0.5 0.5 0 16.2 7.3 19.4 0 0 0 17.4 120 116 1.5 0.3
"35" "32" 2005-01-15 21.88 "DAL" "" "NJN" "W" 5 0 10.3333333333333 0.333 0.333 0 9.1 4.9 18.3 0 0 40 22.1 49 104 -0.7 -14.4
"36" "33" 2005-01-18 21.89 "DAL" "" "WAS" "W" 17 0 9 0.667 0.667 16.6 9.1 11.7 27.1 0 0 25 17.4 128 122 2.1 -8.7
"37" "34" 2005-01-20 21.9 "DAL" "" "LAC" "W" 22 0 20.1166666666667 0.875 0.875 12 10 10.9 29.3 2.9 0 33.3 14.7 133 95 8.4 8.4
"38" "35" 2005-01-21 21.9 "DAL" "@" "CHA" "W" 6 0 5.73333333333333 0 0 0 0 0 21.1 8.9 0 0 7.9 49 100 1 2.8
"39" "36" 2005-01-23 21.91 "DAL" "" "DEN" "W" 2 0 8.75 0.5 0.5 0 0 0 20 0 0 50 22.5 59 115 -1.9 -21.6
"40" "37" 2005-01-24 21.91 "DAL" "@" "LAC" "L" -10 0 8.91666666666667 0.5 0.5 0 13 6.1 40 0 0 0 15.2 128 115 2.6 2.5
"41" "38" 2005-01-26 21.92 "DAL" "@" "POR" "W" 7 0 5.93333333333333 1 1 0 31.4 18 57.1 8.5 0 75 31.5 57 77 1.7 -2.5
"42" "39" 2005-01-29 21.92 "DAL" "" "PHI" "L" -4 0 5.8 0 0 0 0 0 0 0 0 0 8.6 0 110 -1.1 -19.8
"43" "40" 2005-02-01 21.93 "DAL" "" "MIA" "W" 5 0 11.1 0.571 0.571 0 0 0 33.6 0 0 0 31.4 126 116 5.7 8.9
"44" "41" 2005-02-02 21.93 "DAL" "@" "NOH" "W" 8 0 20.9 0.773 0.75 0 5.7 2.9 42.9 8.6 0 11.4 22.1 143 89 12.9 18.4
"45" "42" 2005-02-04 21.94 "DAL" "@" "IND" "L" -1 0 13.35 0 0 16.1 0 8.2 10.5 0 0 50 14.1 39 118 -2.1 -16.7
"46" "43" 2005-02-06 21.95 "DAL" "@" "TOR" "W" 9 0 16.3666666666667 0.753 0.625 8.8 16.2 12.7 22 0 0 31.1 28.1 119 126 7.6 -1.6
"47" "44" 2005-02-08 21.95 "DAL" "" "CHI" "L" -7 0 11.8 0.25 0.25 0 0 0 14.3 4.2 0 0 22 61 113 0.5 -6.8
"48" "45" 2005-02-11 21.96 "DAL" "@" "SAC" "W" 2 0 5.65 1 1 0 0 0 0 0 0 50 15.1 77 130 0.3 -10.8
"49" "46" 2005-02-13 21.96 "DAL" "@" "SEA" "W" 3 0 9.25 1.5 1.5 0 0 0 0 5.4 0 0 4.7 300 100 2.9 9.6
"50" "47" 2005-02-15 21.97 "DAL" "@" "GSW" "W" 7 0 31.1666666666667 0.689 0.7 0 3.3 1.9 16.9 3 2.3 26.9 20.8 103 104 11 1.9
"51" "48" 2005-02-17 21.98 "DAL" "@" "PHO" "W" 6 0 18.8 0.776 0.75 0 5.3 3.1 23.3 0 0 23.7 21 126 122 7 0.1
"52" "49" 2005-02-23 21.99 "DAL" "@" "UTA" "W" 18 0 25.5166666666667 1.02 1 0 12.3 6.9 36.5 6.2 0 25.4 14.8 155 84 13.9 15.3
"53" "50" 2005-02-24 21.99 "DAL" "" "SAC" "W" 9 0 21 0.799 0.917 8 0 4.7 22.4 4.5 4 22.5 15.8 130 110 11.7 13.3
"54" "51" 2005-02-26 22 "DAL" "" "PHO" "L" -1 0 13.45 0.393 0.4 7 8.4 7.6 26.3 0 0 0 21.7 107 128 4.8 -3.7
"55" "52" 2005-02-28 22 "DAL" "" "NOH" "W" 4 0 0.416666666666667 NA NA 0 0 0 0 0 0 NA 0 0 98 -0.4 -54.5
"56" "53" 2005-03-02 22.01 "DAL" "@" "LAC" "L" -9 0 7.58333333333333 0 0 0 0 0 0 7.5 0 25 27 0 105 -2.9 -25.3
"57" "" 2005-03-04 22.01 "DAL" "@" "LAL" "L" -5 NA NA NA NA NA NA NA NA NA NA NA NA NA NA NA NA
"58" "54" 2005-03-06 22.02 "DAL" "@" "HOU" "L" -21 0 8.28333333333333 0 0 0 11.6 5.9 18.4 0 0 25 21.3 11 104 -2.9 -24.8
"59" "55" 2005-03-07 22.02 "DAL" "" "TOR" "W" 8 0 14.0666666666667 0.286 0.286 8.6 0 4.5 8.8 3.7 0 12.5 25.4 71 115 0.5 -15
"60" "" 2005-03-10 22.03 "DAL" "" "LAL" "L" -5 NA NA NA NA NA NA NA NA NA NA NA NA NA NA NA NA
"61" "56" 2005-03-11 22.03 "DAL" "@" "MIL" "W" 2 0 25.5833333333333 0.489 0.286 9.4 4.7 7 19.1 4.2 2.7 9.8 18.6 119 117 10.3 3.5
"62" "57" 2005-03-13 22.04 "DAL" "@" "MIN" "W" 9 0 5.35 0 0 18.5 0 10.5 0 0 0 0 27.5 28 105 -1.8 -24.8
"63" "58" 2005-03-15 22.04 "DAL" "" "MIN" "L" -9 0 4.18333333333333 0.266 0 0 0 0 0 0 15.2 0 20.8 62 108 0.2 -0.4
"64" "" 2005-03-17 22.05 "DAL" "" "POR" "W" 4 NA NA NA NA NA NA NA NA NA NA NA NA NA NA NA NA
"65" "59" 2005-03-19 22.05 "DAL" "" "CHA" "W" 11 0 6.21666666666667 0 0 19 20 19.5 21.1 0 0 33.3 21.1 37 106 -0.7 -16
"66" "60" 2005-03-21 22.06 "DAL" "" "NOH" "W" 17 0 25.6 0.924 0.929 9.1 4.8 7 24.6 2.2 3.6 24.6 21.8 141 101 15 14.6
"67" "61" 2005-03-23 22.07 "DAL" "@" "GSW" "W" 12 0 16.9666666666667 0.438 0.438 0 5.6 3.1 9.5 0 0 11.1 22.7 84 107 1.8 -7.4
"68" "62" 2005-03-24 22.07 "DAL" "@" "SAC" "L" -8 0 15.5333333333333 0.699 0.682 0 8.3 3.5 15.8 3.3 0 0 31.2 145 116 12.3 19
"69" "63" 2005-03-26 22.07 "DAL" "" "CLE" "W" 31 0 20.1333333333333 0.806 0.857 6.9 21.3 15 22.5 8.1 0 11.8 20.1 148 84 14.7 19.6
"70" "64" 2005-03-28 22.08 "DAL" "@" "DET" "W" 7 0 18.7 0.717 0.625 0 11.9 6.5 46.5 0 0 17 16.5 145 115 7.7 5.6
"71" "65" 2005-03-30 22.08 "DAL" "@" "BOS" "W" 12 0 18.3333333333333 0.26 0 0 17.4 10 19.5 0 0 0 15.4 85 112 1.6 -10.5
"72" "66" 2005-04-01 22.09 "DAL" "@" "PHI" "W" 17 0 16.4833333333333 0.512 0.5 6.1 22.2 14.5 28.9 5.8 4.3 29.1 17.8 93 79 6.5 8.8
"73" "67" 2005-04-03 22.1 "DAL" "@" "CLE" "L" -20 0 14.25 0.225 0.125 0 0 0 15.2 0 0 0 32.1 54 121 -0.9 -13.5
"74" "68" 2005-04-05 22.1 "DAL" "" "ORL" "W" 9 0 16.6 0.515 0.333 15.3 22.3 18.8 14.8 6.2 0 20.5 13.1 122 105 5.8 1.3
"75" "69" 2005-04-07 22.11 "DAL" "" "SAS" "W" 36 0 24.35 0.735 0.667 0 25 13.4 25.2 4.2 8.7 17.4 10.3 144 64 12.9 19.4
"76" "70" 2005-04-09 22.11 "DAL" "" "UTA" "W" 7 0 9.45 0 0 0 14.8 7.2 0 6.3 9 66.7 15.9 0 84 -1.1 -9.5
"77" "71" 2005-04-11 22.12 "DAL" "" "MEM" "W" 21 0 12.7666666666667 0.563 0.5 9.7 8.4 9 34 0 0 18.4 19 127 110 4.3 0.7
"78" "72" 2005-04-13 22.12 "DAL" "@" "SEA" "W" 5 0 14 0.512 0.5 0 0 0 21.6 3.9 0 0 17 119 114 4.2 3.7
"79" "73" 2005-04-14 22.13 "DAL" "@" "POR" "W" 12 0 18.0833333333333 0.667 0.667 0 19.4 9.4 14.9 11.4 3.7 40 12.1 88 80 6.9 10.9
"80" "74" 2005-04-17 22.13 "DAL" "@" "LAL" "W" 2 0 10.6 NA NA 0 10.7 6.2 37.9 9.9 0 100 4.4 94 102 3.4 7.3
"81" "75" 2005-04-19 22.14 "DAL" "" "SEA" "W" 5 0 22 1 1 0 0 0 32.6 0 0 0 8.5 198 122 8.7 5.4
"82" "76" 2005-04-20 22.14 "DAL" "@" "MEM" "W" 20 0 13.7833333333333 0.694 0.5 0 18 9.9 11 0 0 0 19.8 166 109 6.5 0.6
"1" "1" 2005-11-01 22.68 "DAL" "@" "PHO" "W" 3 0 17.5166666666667 0.444 0.444 0 13 6.2 0 0 4.4 18.2 28.6 73 97 0.6 -9.8
"2" "2" 2005-11-02 22.68 "DAL" "@" "UTA" "L" -11 0 14.1666666666667 0.518 0.6 0 7.9 3.6 36 3.8 0 12.9 24.9 99 105 4.4 2.8
"3" "3" 2005-11-05 22.69 "DAL" "" "SAS" "W" 19 0 16.9333333333333 0.955 1.063 0 0 0 34.7 3.4 4.6 8 35.3 169 103 19.7 35.2
"4" "4" 2005-11-09 22.7 "DAL" "@" "PHI" "L" -15 0 8.2 0.258 0 0 31.6 14.8 0 0 0 0 21.6 65 121 0.1 -16.9
"5" "5" 2005-11-11 22.7 "DAL" "@" "CHA" "W" 10 0 22.95 0.752 0.7 0 13.9 7.7 21.6 0 0 30.1 40.1 103 102 10.7 -0.6
"6" "6" 2005-11-12 22.71 "DAL" "@" "NOK" "W" 6 0 22.05 0.461 0.375 0 16.1 6.7 34.6 2.5 0 0 21.6 122 118 7.3 -2
"7" "7" 2005-11-15 22.72 "DAL" "" "DEN" "W" 3 0 31.4833333333333 0.5 0.5 0 12.4 6.9 45.3 3.4 2 42.9 20.9 76 89 7.1 1.1
"8" "8" 2005-11-17 22.72 "DAL" "" "ATL" "W" 9 0 19.8666666666667 0.193 0 0 5.4 2.7 30.2 8.4 0 11.4 19.8 64 83 2.7 0.3
"9" "9" 2005-11-19 22.73 "DAL" "" "DET" "W" 37 0 28.55 0.709 0.667 5.8 7.6 6.9 14.4 0 0 9.2 18.1 154 106 12.5 5.8
"10" "10" 2005-11-22 22.73 "DAL" "" "HOU" "W" 9 0 26.4 0.38 0.286 4.2 20.2 11.5 24 2.2 0 0 16.7 115 113 7.4 -0.9
"11" "11" 2005-11-25 22.74 "DAL" "@" "MIA" "W" 13 0 21.05 0.436 0.333 7.4 5.2 6.1 14.1 5.1 0 22.5 20.5 88 98 5 0.3
"12" "12" 2005-11-26 22.75 "DAL" "" "MEM" "L" -20 0 31.0666666666667 0.513 0.455 0 0 0 6.6 3.5 2.6 18 24.9 94 127 7.5 -2.4
"13" "13" 2005-11-28 22.75 "DAL" "@" "TOR" "W" 2 0 29.7 0.649 0.636 0 4 1.8 23.3 0 0 14 22.8 119 116 11.8 1.1
"14" "14" 2005-11-29 22.75 "DAL" "@" "MIL" "L" -2 0 33.15 0.37 0.357 3.7 12 7.7 9.4 0 0 11.8 24.6 79 122 2.6 -11.9
"15" "15" 2005-12-01 22.76 "DAL" "" "SAS" "L" -2 0 26.2166666666667 0.309 0.3 7.2 13.7 10.1 28.7 2.1 0 8.1 22 82 105 4.7 -1.8
"16" "16" 2005-12-03 22.76 "DAL" "" "NOK" "W" 9 0 26.6 0.652 0.571 5.2 18 12 31.3 0 2.7 17.9 20.1 127 102 11.2 4.7
"17" "17" 2005-12-05 22.77 "DAL" "@" "CHI" "W" 8 0 36.0833333333333 0.437 0.429 3.6 6.8 5.3 42.9 7.5 0 11.8 21 110 99 15.7 6.1
"18" "18" 2005-12-06 22.77 "DAL" "@" "IND" "W" 9 1 39.2333333333333 0.533 0.364 3.5 8.3 6.2 22.6 2.8 0 12.4 20.3 112 87 12.8 5.5
"19" "19" 2005-12-09 22.78 "DAL" "@" "MEM" "W" 7 1 40.2833333333333 0.326 0.286 0 4.8 2.7 33.8 2.8 4.4 0 17.7 102 97 9.4 3.8
"20" "20" 2005-12-10 22.78 "DAL" "" "BOS" "W" 9 0 28.2333333333333 0.761 0.6 4.5 10 7.1 24.4 2 0 7.4 23.9 158 114 18.4 8.6
"21" "21" 2005-12-12 22.79 "DAL" "" "LAL" "L" -3 0 21.6333333333333 0.766 0.563 0 16.6 8.1 8.8 2.6 0 0 26.9 179 124 16.8 15.6
"22" "22" 2005-12-14 22.79 "DAL" "" "PHO" "W" 6 0 30.1833333333333 0.637 0.625 0 3.3 1.6 19.2 1.7 0 22.7 18.9 108 104 8.1 0.1
"23" "23" 2005-12-16 22.8 "DAL" "" "ORL" "W" 6 0 37.6333333333333 0.455 0.444 11.7 10.6 11.1 13.7 0 0 16.8 31.1 89 113 8.5 -7.4
"24" "24" 2005-12-18 22.81 "DAL" "" "MIN" "W" 7 0 27.2166666666667 0.643 0.6 0 7.2 4.2 40.1 0 0 21.6 24.8 112 108 10 0.1
"25" "25" 2005-12-20 22.81 "DAL" "@" "LAL" "L" -22 0 24.7166666666667 0.527 0.5 0 30.3 11.4 9.5 0 3.6 22.6 36.6 84 112 5.3 -5.7
"26" "26" 2005-12-22 22.82 "DAL" "@" "SAC" "W" 10 0 32.5 0.651 0.5 7.8 0 3.6 18.4 3.2 2.2 14.8 19 131 105 15.1 7.6
"27" "27" 2005-12-23 22.82 "DAL" "@" "SEA" "W" 3 0 17.0333333333333 0.735 0.667 0 6.3 3.4 0 3.2 0 38.7 21.5 85 111 2.8 -7.5
"28" "28" 2005-12-26 22.83 "DAL" "" "IND" "W" 22 0 31.1166666666667 0.663 0.667 4.1 18.8 11.7 31.3 1.9 0 0 22.6 157 97 19.9 14.3
"29" "29" 2005-12-30 22.84 "DAL" "" "GSW" "L" -2 0 23.5666666666667 0.479 0.444 0 5.1 2.5 12.8 4.5 0 7.4 26.8 101 123 8 -3.3
"30" "30" 2005-12-31 22.84 "DAL" "@" "NOK" "W" 5 0 13.65 0.174 0 0 0 0 10 0 0 41 17.1 33 114 -4.5 -27.3
"31" "31" 2006-01-03 22.85 "DAL" "" "POR" "W" 14 0 4.2 0.694 1 0 0 0 44.7 0 29.7 0 16.2 145 81 3.4 43.5
"32" "32" 2006-01-04 22.85 "DAL" "@" "MIN" "L" -13 0 10.4166666666667 0.174 0 10 14 11.7 0 5.9 0 0 13.1 62 107 0.8 -2.6
"33" "33" 2006-01-06 22.86 "DAL" "@" "DEN" "W" 2 0 28.65 0.564 0.5 4.7 0 2.2 16 0 2.5 17 18.7 112 118 6.1 -3.8
"34" "34" 2006-01-07 22.86 "DAL" "" "MIN" "W" 4 0 22.6 0.405 0.444 0 6.9 2.6 19.8 2.5 0 9.2 20.9 88 95 3 -3
"35" "35" 2006-01-09 22.87 "DAL" "@" "BOS" "W" 2 0 19.2 0.196 0 6.8 11.9 9.5 24.2 0 0 0 18.5 81 123 -0.3 -16.4
"36" "36" 2006-01-11 22.87 "DAL" "@" "NYK" "L" -2 0 34.1833333333333 0.705 0.625 4.3 11.3 8.5 16.2 3.2 0 0 15 161 119 16.9 7.2
"37" "37" 2006-01-14 22.88 "DAL" "" "NJN" "W" 33 0 27.3666666666667 0.194 0.111 0 4.4 2.3 32.1 5.8 2.9 16.2 21.1 69 82 3.8 -4.2
"38" "38" 2006-01-16 22.88 "DAL" "" "MIL" "W" 19 0 28.2666666666667 0.661 0.583 0 10.3 4.7 9.7 5.7 0 18.1 18.1 119 101 10 2.8
"39" "39" 2006-01-18 22.89 "DAL" "@" "HOU" "W" 27 0 30.6333333333333 0.82 0.875 5.4 16.5 11.7 31.9 1.9 0 9.3 17.4 158 95 17 11
"40" "40" 2006-01-20 22.9 "DAL" "@" "LAC" "W" 20 0 24.05 0.793 0.667 0 0 0 32.2 2.3 0 26.8 21.9 129 99 11.1 6.6
"41" "41" 2006-01-22 22.9 "DAL" "@" "POR" "W" 6 0 23.7 0.579 0.444 0 18.6 9.3 27.9 5.1 0 0 27.2 136 92 14 13.9
"42" "42" 2006-01-25 22.91 "DAL" "@" "GSW" "W" 9 0 13.4 0.814 0.8 0 0 0 31.6 0 0 0 22.4 173 115 10.1 16.7
"43" "" 2006-01-26 22.91 "DAL" "@" "SEA" "W" 7 NA NA NA NA NA NA NA NA NA NA NA NA NA NA NA NA
"44" "" 2006-01-28 22.92 "DAL" "" "UTA" "W" 14 NA NA NA NA NA NA NA NA NA NA NA NA NA NA NA NA
"45" "43" 2006-01-31 22.93 "DAL" "" "CHI" "W" 4 0 11.1166666666667 0.338 0.25 0 0 0 50.4 4.8 6.5 31.1 26.8 68 105 2 -0.4
"46" "44" 2006-02-01 22.93 "DAL" "@" "MEM" "W" 1 0 12.2833333333333 0.347 0 0 8.9 4.6 13 4.6 0 41 20 52 92 -1.4 -15.1
"47" "45" 2006-02-04 22.94 "DAL" "" "SEA" "W" 19 0 18.8 0.764 0.6 0 6.2 2.9 21.7 0 0 12.2 18.7 151 104 9.3 5.1
"48" "46" 2006-02-07 22.95 "DAL" "" "LAL" "W" 15 0 23.45 0.595 0.25 0 9.1 5 25.6 2.4 0 0 17 151 103 11.2 8.5
"49" "47" 2006-02-09 22.95 "DAL" "" "MIA" "W" 36 0 8.76666666666667 0 0 0 0 0 24.3 6.3 0 25 22.4 36 83 -0.7 -12.9
"50" "" 2006-02-10 22.95 "DAL" "@" "DEN" "L" -9 NA NA NA NA NA NA NA NA NA NA NA NA NA NA NA NA
"51" "48" 2006-02-13 22.96 "DAL" "" "NYK" "W" 28 0 17.7 0.5 0.5 0 11.8 6.6 34.5 0 0 0 10.8 129 93 4.3 -1.7
"52" "49" 2006-02-15 22.97 "DAL" "" "WAS" "W" 6 0 16.4 0.6 0.6 7 6.4 6.7 29.1 0 4.1 28.6 19.2 104 111 5.1 2.8
"53" "50" 2006-02-21 22.98 "DAL" "" "LAC" "W" 2 0 12.2333333333333 0.17 0 9.3 0 4.7 23.8 0 0 0 21 67 107 0.6 -7.4
"54" "51" 2006-02-23 22.99 "DAL" "" "MEM" "W" 10 0 21.4833333333333 0.74 0.8 0 22.3 11.6 23.1 0 0 22.8 20.8 119 112 7.4 -1.2
"55" "52" 2006-02-25 22.99 "DAL" "" "TOR" "W" 2 0 9.1 0.852 NA 0 16.6 6.8 14.2 0 0 0 9.1 191 125 3.2 -0.1
"56" "" 2006-02-27 23 "DAL" "" "PHI" "W" 12 NA NA NA NA NA NA NA NA NA NA NA NA NA NA NA NA
"57" "" 2006-03-02 23.01 "DAL" "@" "SAS" "L" -9 NA NA NA NA NA NA NA NA NA NA NA NA NA NA NA NA
"58" "" 2006-03-03 23.01 "DAL" "" "CHA" "W" 14 NA NA NA NA NA NA NA NA NA NA NA NA NA NA NA NA
"59" "" 2006-03-05 23.02 "DAL" "" "PHO" "L" -8 NA NA NA NA NA NA NA NA NA NA NA NA NA NA NA NA
"60" "53" 2006-03-07 23.02 "DAL" "" "POR" "W" 6 0 32.15 0.509 0.455 7.3 11.8 9.4 27.7 3.4 2.3 19 23.7 99 93 10.1 0.7
"61" "54" 2006-03-09 23.03 "DAL" "@" "POR" "W" 17 1 31.8166666666667 0.551 0.5 0 8.9 5.5 37.1 1.9 0 8.4 19.8 126 115 10.5 -0.9
"62" "55" 2006-03-11 23.03 "DAL" "@" "UTA" "W" 3 1 6.06666666666667 0.667 0.667 0 0 0 43.5 0 0 0 25.3 140 112 3.4 10.1
"63" "" 2006-03-12 23.04 "DAL" "@" "SAC" "L" -5 NA NA NA NA NA NA NA NA NA NA NA NA NA NA NA NA
"64" "" 2006-03-14 23.04 "DAL" "" "CLE" "W" 4 NA NA NA NA NA NA NA NA NA NA NA NA NA NA NA NA
"65" "" 2006-03-15 23.04 "DAL" "@" "HOU" "W" 14 NA NA NA NA NA NA NA NA NA NA NA NA NA NA NA NA
"66" "" 2006-03-17 23.05 "DAL" "@" "WAS" "W" 10 NA NA NA NA NA NA NA NA NA NA NA NA NA NA NA NA
"67" "" 2006-03-19 23.05 "DAL" "@" "NJN" "L" -11 NA NA NA NA NA NA NA NA NA NA NA NA NA NA NA NA
"68" "" 2006-03-21 23.06 "DAL" "" "HOU" "W" 16 NA NA NA NA NA NA NA NA NA NA NA NA NA NA NA NA
"69" "" 2006-03-23 23.07 "DAL" "" "GSW" "L" -1 NA NA NA NA NA NA NA NA NA NA NA NA NA NA NA NA
"70" "" 2006-03-25 23.07 "DAL" "@" "ATL" "W" 15 NA NA NA NA NA NA NA NA NA NA NA NA NA NA NA NA
"71" "" 2006-03-28 23.08 "DAL" "@" "DET" "L" -7 NA NA NA NA NA NA NA NA NA NA NA NA NA NA NA NA
"72" "" 2006-03-29 23.08 "DAL" "@" "CLE" "L" -13 NA NA NA NA NA NA NA NA NA NA NA NA NA NA NA NA
"73" "" 2006-03-31 23.09 "DAL" "@" "ORL" "L" -9 NA NA NA NA NA NA NA NA NA NA NA NA NA NA NA NA
"74" "" 2006-04-02 23.09 "DAL" "" "DEN" "W" 24 NA NA NA NA NA NA NA NA NA NA NA NA NA NA NA NA
"75" "" 2006-04-04 23.1 "DAL" "" "SAC" "W" 26 NA NA NA NA NA NA NA NA NA NA NA NA NA NA NA NA
"76" "" 2006-04-07 23.11 "DAL" "@" "SAS" "W" 6 NA NA NA NA NA NA NA NA NA NA NA NA NA NA NA NA
"77" "" 2006-04-08 23.11 "DAL" "" "NOK" "W" 24 NA NA NA NA NA NA NA NA NA NA NA NA NA NA NA NA
"78" "" 2006-04-10 23.12 "DAL" "@" "LAC" "W" 2 NA NA NA NA NA NA NA NA NA NA NA NA NA NA NA NA
"79" "" 2006-04-12 23.12 "DAL" "@" "GSW" "L" -12 NA NA NA NA NA NA NA NA NA NA NA NA NA NA NA NA
"80" "56" 2006-04-13 23.12 "DAL" "@" "PHO" "L" -13 0 7.48333333333333 0.568 NA 13.6 0 7.4 16.9 0 0 36.2 15.4 94 134 0.8 -9.7
"81" "" 2006-04-16 23.13 "DAL" "" "UTA" "W" 16 NA NA NA NA NA NA NA NA NA NA NA NA NA NA NA NA
"82" "" 2006-04-19 23.14 "DAL" "" "LAC" "L" -14 NA NA NA NA NA NA NA NA NA NA NA NA NA NA NA NA
"1" "1" 2006-11-02 23.68 "DAL" "" "SAS" "L" -6 0 14.1666666666667 0.167 0.167 0 0 0 29.4 0 0 0 19.2 64 115 -1.7 -14.1
"2" "2" 2006-11-04 23.68 "DAL" "@" "HOU" "L" -31 0 13.0833333333333 0.41 0.25 0 12.2 5.3 29 4.2 0 0 17.8 110 116 3.5 4.6
"3" "3" 2006-11-06 23.69 "DAL" "" "GSW" "L" -3 1 34.0333333333333 0.571 0.571 6.9 15.2 10.8 20.1 4.6 5.6 11.8 22.7 114 108 16.2 8.6
"4" "4" 2006-11-08 23.7 "DAL" "@" "LAC" "L" -18 1 29 0.381 0.286 0 0 0 28.8 5.4 0 20.2 15.6 81 109 4.8 -0.8
"5" "5" 2006-11-09 23.7 "DAL" "@" "PHO" "W" 7 1 20.7166666666667 0.868 0.75 7.2 15.4 11.2 7 5 0 34.2 18.9 122 118 7 0.6
"6" "6" 2006-11-12 23.71 "DAL" "@" "POR" "W" 7 1 31.4166666666667 0.84 0.667 5.7 8.7 7.4 17.5 0 0 29.6 11.1 141 121 7.6 -1.6
"7" "7" 2006-11-14 23.71 "DAL" "" "CHI" "W" 12 1 28.5833333333333 0.563 0.563 0 3.3 2 25.2 0 0 33.3 20.2 90 116 3.2 -7.9
"8" "8" 2006-11-17 23.72 "DAL" "@" "MEM" "W" 12 1 28.6833333333333 0.666 0.625 7.6 9.8 8.6 38.2 0 2.4 9.3 16.8 147 117 14.4 7
"9" "9" 2006-11-18 23.72 "DAL" "" "MEM" "W" 5 1 22.55 0.732 0.667 0 4.1 2.7 37.9 2.4 0 10.9 20.5 145 98 10.5 7
"10" "10" 2006-11-20 23.73 "DAL" "@" "CHA" "W" 8 1 35.7166666666667 0.548 0.417 2.9 17.2 9.5 31.9 0 2.2 20.5 24 105 98 12.1 1.7
"11" "11" 2006-11-21 23.73 "DAL" "" "WAS" "W" 27 1 24.15 0.648 0.654 3.7 17.3 9.9 34.4 0 0 12.6 27.3 126 90 13.2 8.6
"12" "12" 2006-11-24 23.74 "DAL" "@" "SAS" "W" 3 1 35.3166666666667 0.563 0.563 0 6.5 3.6 16.7 4.5 0 42.9 18.7 72 99 4.2 -2.7
"13" "13" 2006-11-25 23.74 "DAL" "" "NOK" "W" 12 1 27.15 0.46 0.4 4.1 10.2 7.4 37.4 5.8 0 21.6 24 85 74 8.2 5.5
"14" "14" 2006-11-27 23.75 "DAL" "" "MIN" "W" 6 1 25.9666666666667 0.698 0.714 0 4.4 2.5 29.9 4.4 0 20.2 18.6 121 101 9.2 5.1
"15" "15" 2006-11-29 23.75 "DAL" "" "TOR" "W" 19 1 24.6166666666667 0.727 0.667 5.3 4.2 4.7 24.9 0 0 22.5 17 135 113 8.3 2.1
"16" "16" 2006-12-01 23.76 "DAL" "" "SAC" "W" 19 1 24.5333333333333 0.77 0.75 4.8 4.3 4.5 46.5 4 0 0 15.6 172 90 15.8 13.2
"17" "17" 2006-12-04 23.77 "DAL" "@" "WAS" "L" -9 1 26.9333333333333 0.57 0.286 0 12.2 5.8 13 2 0 14 25 111 118 9.2 -3.6
"18" "18" 2006-12-05 23.77 "DAL" "@" "NJN" "W" 17 1 31.2333333333333 0.635 0.571 0 6.5 3.4 29.7 0 0 11.3 13.6 127 97 8.2 -0.3
"19" "19" 2006-12-07 23.78 "DAL" "" "DET" "L" -10 1 27.55 0.073 0 4.5 8.5 6.5 22.5 2 0 12.7 14.1 45 109 -0.3 -8.3
"20" "20" 2006-12-09 23.78 "DAL" "" "DEN" "W" 15 1 29.6333333333333 0.608 0.5 0 9.3 5.3 25.7 1.7 0 46.5 15.2 87 99 5.7 -0.8
"21" "21" 2006-12-11 23.79 "DAL" "@" "UTA" "L" -22 1 23.0833333333333 0.304 0.222 0 0 0 28.6 2.3 0 16.8 25.4 62 116 0.8 -8.5
"22" "22" 2006-12-13 23.79 "DAL" "" "LAL" "W" 9 1 22.9166666666667 0.902 0.833 0 9.5 6 7.3 2.3 4 39.2 27.1 102 110 7.4 -3.5
"23" "23" 2006-12-15 23.8 "DAL" "" "PHI" "W" 14 1 28.8 0.697 0.625 0 18 9.5 26 2 0 17.7 20.2 125 94 10.4 1.9
"24" "24" 2006-12-16 23.8 "DAL" "@" "NOK" "W" 11 1 31.8666666666667 0.568 0.545 3.3 6.8 5.1 21.5 1.7 0 20.8 21.6 100 90 8.6 0.8
"25" "25" 2006-12-18 23.81 "DAL" "@" "SAC" "W" 18 1 27.7 0.478 0.333 5.6 13.9 10.7 27 5.8 0 0 12.9 137 94 12.3 9.2
"26" "26" 2006-12-20 23.81 "DAL" "@" "SEA" "W" 8 1 34.6166666666667 0.683 0.5 4.2 8.2 6.2 22.5 0 1.9 24 16.5 126 114 10.5 -1.4
"27" "27" 2006-12-22 23.82 "DAL" "" "LAC" "W" 32 1 22.3 0.507 0.5 0 5.7 2.8 25.8 2.4 0 0 18.9 126 95 7.9 1.2
"28" "28" 2006-12-26 23.83 "DAL" "" "CHA" "W" 13 1 26.8333333333333 0.393 0.364 5 3.6 4.2 24 4.1 2.8 8 22.1 95 95 8.4 4.6
"29" "29" 2006-12-28 23.83 "DAL" "" "PHO" "W" 2 1 30.4333333333333 0.398 0.4 3.4 5.1 4 30.9 1.6 0 15.5 26.3 85 107 5 -5.1
"30" "30" 2006-12-30 23.84 "DAL" "" "NOK" "W" 14 1 30.5833333333333 0.487 0.455 0 7.8 3.9 23.1 1.8 0 14 22.8 91 93 6.7 -3.8
"31" "31" 2006-12-31 23.84 "DAL" "@" "DEN" "W" 4 1 35.6 0.576 0.538 3.2 0 1.6 27.4 2.8 1.9 30.2 24.1 88 88 9.4 0.4
"32" "32" 2007-01-02 23.85 "DAL" "" "SEA" "W" 24 1 24.75 0.73 0.571 4.5 4.3 4.4 7.1 4.7 0 15.4 23.7 141 103 12.4 6.4
"33" "33" 2007-01-04 23.85 "DAL" "" "IND" "W" 9 1 31.5333333333333 0.86 0.8 3.4 3.5 3.5 29.5 3.3 0 12.5 23.2 159 103 22.7 16.1
"34" "34" 2007-01-05 23.85 "DAL" "@" "SAS" "W" 5 1 28.7666666666667 0.291 0.222 4.8 8.6 6.8 0 0 3 8.8 19.7 66 106 -0.1 -9.5
"35" "35" 2007-01-07 23.86 "DAL" "@" "LAL" "L" -3 1 30.5833333333333 0.5 0.5 0 0 0 0 0 0 25 23.2 75 119 0.8 -13.8
"36" "36" 2007-01-09 23.87 "DAL" "@" "UTA" "W" 3 1 32.0166666666667 0.799 0.714 0 9.4 4.9 20.3 1.6 0 31.3 18 119 111 10.3 2.7
"37" "37" 2007-01-10 23.87 "DAL" "" "POR" "W" 25 1 24.1833333333333 0.902 0.833 0 0 0 23.7 4.9 3.3 20.5 21.3 147 90 14.2 14.4
"38" "38" 2007-01-12 23.87 "DAL" "@" "IND" "W" 2 1 13.4666666666667 0.434 0.25 25.7 8 16.6 23.8 4.1 0 0 19.4 132 114 5.8 5.9
"39" "39" 2007-01-14 23.88 "DAL" "@" "TOR" "W" 1 1 30.0833333333333 0.465 0.333 3.6 10.3 6.4 26.4 3.6 0 8.5 17.6 115 108 9.5 0.9
"40" "40" 2007-01-16 23.88 "DAL" "" "HOU" "W" 13 1 21.55 0.19 0.143 0 0 0 23 2.6 4.1 11.3 19.1 71 112 0 -10.8
"41" "" 2007-01-18 23.89 "DAL" "" "LAL" "W" 19 NA NA NA NA NA NA NA NA NA NA NA NA NA NA NA NA
"42" "41" 2007-01-21 23.9 "DAL" "@" "MIA" "W" 6 1 10.2333333333333 0 0 10.7 0 5.7 11.4 0 0 66.7 13.2 34 112 -1.7 -16.5
"43" "42" 2007-01-23 23.9 "DAL" "@" "ORL" "W" 16 0 24.65 0.666 0.625 0 10.2 5.9 17.6 0 0 9.3 22.6 128 116 8.7 -3.6
"44" "43" 2007-01-25 23.91 "DAL" "@" "CHI" "L" -11 1 18.0333333333333 0.333 0.333 0 11.6 5.1 10.1 0 0 0 7.2 88 115 0.4 -12.2
"45" "44" 2007-01-27 23.92 "DAL" "" "SAC" "W" 2 1 27.9 0.703 0.5 0 23.9 11.8 29.6 1.9 5.6 9.1 18.6 149 108 17.3 12.7
"46" "45" 2007-01-30 23.92 "DAL" "" "SEA" "W" 20 1 28.05 0.752 0.625 4.8 4 4.3 20.5 2 2.3 8.6 20.1 156 121 16.5 6.4
"47" "46" 2007-01-31 23.93 "DAL" "@" "MEM" "W" 1 1 27.5333333333333 0.635 0.571 0 14.5 6.9 19.4 3.9 0 0 13.5 145 101 11.3 6.8
"48" "47" 2007-02-03 23.93 "DAL" "" "MIN" "W" 1 1 21.8166666666667 0.615 0.5 0 5.4 2.6 47.8 5.3 0 0 10.6 162 107 8.9 8.8
"49" "48" 2007-02-07 23.95 "DAL" "" "MEM" "W" 16 1 24.1333333333333 0.34 0.2 0 5.1 2.4 40.8 2.2 3.3 14.5 12.5 110 110 6.3 -2
"50" "49" 2007-02-09 23.95 "DAL" "" "HOU" "W" 21 0 18.1 0.735 0.667 0 20.4 11.2 34.6 6.3 0 29.6 17.8 118 76 9.3 13
"51" "50" 2007-02-11 23.96 "DAL" "@" "PHI" "W" 17 0 16.5 0.387 0.333 0 0 0 24.2 3.2 0 34 17.9 73 101 0.8 -10.8
"52" "51" 2007-02-13 23.96 "DAL" "@" "MIL" "W" 6 0 13.85 0.333 0.333 8.9 16.5 12.8 0 4 5.3 25 14 66 97 0.3 -8.2
"53" "52" 2007-02-15 23.97 "DAL" "@" "HOU" "W" 3 0 15.2833333333333 0.315 0.333 7.9 0 3.9 11.7 0 0 0 15.6 84 99 0.7 -5.2
"54" "53" 2007-02-22 23.99 "DAL" "" "MIA" "W" 12 0 30.1833333333333 0.767 0.75 0 9.9 5.9 27 0 0 8.3 19 151 113 15.6 5
"55" "54" 2007-02-24 23.99 "DAL" "" "DEN" "W" 20 0 30.1333333333333 0.398 0.4 7.4 19.9 13.4 16.5 1.5 0 15 18.1 90 94 5.5 -4.9
"56" "55" 2007-02-26 24 "DAL" "" "ATL" "W" 23 1 23.5666666666667 0.102 0 5.8 6 5.9 23.1 2.4 0 29.1 14.1 66 104 0.1 -9.8
"57" "56" 2007-02-27 24 "DAL" "@" "MIN" "W" 26 1 23.8 0.455 0.444 4.7 16.1 10.8 13.9 4.6 6 0 19.7 113 63 8.6 10.1
"58" "57" 2007-03-01 24.01 "DAL" "" "CLE" "W" 3 0 20.5 0.311 0.333 0 0 0 14.1 2.6 0 13.4 17 69 104 1.2 -7
"59" "58" 2007-03-03 24.01 "DAL" "" "ORL" "W" 5 0 20.7666666666667 0.887 0.667 7.7 6.6 7.1 13.9 2.8 0 15.1 16.9 166 119 8.7 0.6
"60" "59" 2007-03-06 24.02 "DAL" "" "NJN" "W" 13 0 23.1833333333333 0.611 0.611 5.4 9.9 7.8 21 4.7 0 0 18.3 141 97 11.7 12.7
"61" "60" 2007-03-11 24.03 "DAL" "@" "LAL" "W" 36 0 27.65 0.672 0.714 5 11.8 8.8 23.7 5.8 0 21.2 15.9 120 76 11.7 9.5
"62" "61" 2007-03-12 24.04 "DAL" "@" "GSW" "L" -17 0 27.6833333333333 0.542 0.5 4 0 2.2 35.6 1.8 3.1 11.9 25 124 121 10.8 4.7
"63" "62" 2007-03-14 24.04 "DAL" "" "PHO" "L" -2 1 6.2 0.532 0 0 24 10.1 0 8.9 0 51.5 26.8 57 105 -0.2 -13.9
"64" "63" 2007-03-16 24.05 "DAL" "" "BOS" "W" 5 1 29.0833333333333 0.533 0.5 0 15.4 8.8 16.3 3.7 0 0 13.9 124 109 9.1 1.6
"65" "64" 2007-03-18 24.05 "DAL" "@" "DET" "W" 4 1 33.7 0.764 0.65 0 6.9 4.1 18.2 5 0 21.7 28.6 126 98 17.9 12
"66" "65" 2007-03-20 24.06 "DAL" "@" "NYK" "W" 15 1 38.55 0.5 0.5 0 2.3 1.6 7.9 0 2 33.3 8.3 77 102 1.2 -4.4
"67" "66" 2007-03-21 24.06 "DAL" "@" "CLE" "W" 8 1 37.7833333333333 0.773 0.773 0 19.3 11.4 28.4 1.4 0 15.4 16.6 131 96 16.2 7.1
"68" "67" 2007-03-23 24.07 "DAL" "@" "BOS" "W" 14 1 32.5833333333333 0.648 0.615 0 12.5 7.9 27.4 0 0 0 21.6 146 116 15.9 1.8
"69" "68" 2007-03-25 24.07 "DAL" "@" "ATL" "W" 7 1 30.35 0.51 0.4 0 11 6.2 28.9 6.9 0 14.5 11.2 118 97 9 4.9
"70" "69" 2007-03-27 24.08 "DAL" "@" "NOK" "W" 16 1 33.6833333333333 0.589 0.545 4.5 7 5.9 0 1.7 0 25.2 23.2 92 110 5.8 -8.8
"71" "70" 2007-03-28 24.08 "DAL" "" "MIL" "W" 2 1 36.3166666666667 0.528 0.455 2.8 10.4 6.2 20.4 1.4 0 24.5 19.9 95 111 8.2 -5.5
"72" "71" 2007-03-30 24.08 "DAL" "" "NYK" "W" 2 1 29.4333333333333 0.489 0.286 0 4.7 2 36.6 6.9 0 30.3 19.4 92 102 7 -1.7
"73" "72" 2007-04-01 24.09 "DAL" "@" "PHO" "L" -22 1 16.2833333333333 0.338 0.25 14.4 14.7 14.5 19.6 0 0 0 26.6 104 150 3.1 -10.3
"74" "73" 2007-04-03 24.1 "DAL" "@" "SAC" "W" 4 1 21.95 0.205 0 5.8 0 2.7 24.3 4.7 0 29.1 14.3 67 99 1.5 -4.3
"75" "74" 2007-04-06 24.1 "DAL" "@" "DEN" "L" -4 0 32.3166666666667 0.919 1 5.8 9.9 7.7 32.9 0 0 15.5 9.2 155 91 11.7 6.7
"76" "75" 2007-04-07 24.11 "DAL" "" "POR" "W" 12 1 30.7833333333333 0.666 0.7 0 6.6 3.9 27 3.5 0 27 29.7 101 84 11.4 1.7
"77" "76" 2007-04-09 24.11 "DAL" "" "LAC" "W" 10 0 17.5333333333333 0.665 0.429 8.8 0 4.1 33.1 0 0 0 31.4 157 117 12.3 9.9
"78" "" 2007-04-11 24.12 "DAL" "@" "MIN" "W" 17 NA NA NA NA NA NA NA NA NA NA NA NA NA NA NA NA
"79" "77" 2007-04-13 24.12 "DAL" "" "UTA" "L" -15 1 26.7833333333333 0.481 0.429 0 5.3 2.4 51.9 6.3 0 26.5 21.6 94 116 8.6 1.7
"80" "78" 2007-04-15 24.13 "DAL" "" "SAS" "W" 5 0 31.3833333333333 0.636 0.577 0 16.5 7.9 13.1 0 0 0 25 133 102 16.1 9.9
"81" "79" 2007-04-17 24.13 "DAL" "@" "GSW" "L" -29 0 16.0166666666667 0.674 0.571 0 5.9 2.9 18.7 0 4.8 23.7 35.7 107 125 6.8 1.6
"82" "80" 2007-04-18 24.14 "DAL" "@" "SEA" "W" 31 0 20.4166666666667 0.74 0.6 0 20.2 10.2 26.2 2.7 0 0 16.2 170 86 11.6 10.3
"1" "1" 2007-10-31 24.67 "DAL" "@" "CLE" "W" 18 1 30.8 0.63 0.611 0 6.6 3.8 30.9 5.4 0 36.8 27.1 85 83 8.6 0
"2" "2" 2007-11-02 24.68 "DAL" "@" "ATL" "L" -7 1 14.4333333333333 0.564 0.625 0 22.2 11.1 0 0 0 17 38.7 86 110 5.1 -4
"3" "" 2007-11-03 24.68 "DAL" "" "SAC" "W" 21 NA NA NA NA NA NA NA NA NA NA NA NA NA NA NA NA
"4" "" 2007-11-05 24.69 "DAL" "" "HOU" "W" 9 NA NA NA NA NA NA NA NA NA NA NA NA NA NA NA NA
"5" "3" 2007-11-08 24.7 "DAL" "@" "GSW" "W" 5 1 35.4 0.677 0.542 0 14.4 7.8 28 1.4 0 20.5 24.2 122 116 16.4 1.4
"6" "" 2007-11-10 24.7 "DAL" "@" "POR" "L" -9 NA NA NA NA NA NA NA NA NA NA NA NA NA NA NA NA
"7" "4" 2007-11-13 24.71 "DAL" "" "PHI" "W" 15 1 29.4833333333333 0.325 0.222 3.5 17 10.4 33.8 1.7 0 15.7 19.4 85 91 6.4 -5
"8" "5" 2007-11-15 24.72 "DAL" "" "SAS" "W" 13 1 36.75 0.648 0.615 0 5.6 3.3 23.7 4.4 0 0 18.3 147 105 18.4 8.5
"9" "6" 2007-11-17 24.72 "DAL" "" "MEM" "W" 3 1 34.95 0.55 0.417 0 3.2 1.6 34.2 7 0 14.8 24.5 114 101 17.7 7
"10" "7" 2007-11-20 24.73 "DAL" "" "TOR" "W" 6 1 32.1166666666667 0.571 0.5 3.9 7 5.5 10.7 0 0 0 26.1 129 122 12.7 0
"11" "8" 2007-11-21 24.73 "DAL" "@" "HOU" "W" 6 1 31.6 0.666 0.577 0 3.7 1.6 27.8 4.8 0 15.4 27.3 123 96 17.1 10
"12" "9" 2007-11-23 24.74 "DAL" "@" "IND" "L" -4 1 36.4 0.626 0.423 6.1 5.6 5.9 23.2 1.4 0 9.5 25 136 119 19.4 6.4
"13" "10" 2007-11-24 24.74 "DAL" "@" "MIL" "L" -2 1 34.6166666666667 0.375 0.375 0 19.8 8.7 36.9 1.6 0 33.3 16.7 81 114 5.2 -9.7
"14" "11" 2007-11-26 24.75 "DAL" "" "WAS" "L" -12 1 25.8833333333333 0.51 0.4 0 15.5 6.9 50.7 0 0 0 20.1 129 123 11.6 2.9
"15" "12" 2007-11-28 24.75 "DAL" "" "MIN" "W" 6 1 36.8666666666667 0.87 0.9 0 5.5 3.1 29.7 1.4 0 19.2 19.4 141 114 19.4 6.2
"16" "13" 2007-11-30 24.76 "DAL" "" "POR" "W" 11 1 37 0.444 0.357 6.7 3.1 4.8 29.8 1.5 0 6 21.9 111 99 11.6 2.3
"17" "14" 2007-12-01 24.76 "DAL" "@" "NOH" "L" -4 1 35.9 0.383 0.35 10.1 6.3 8.1 21.4 0 0 27.7 19.3 81 125 2.4 -10.2
"18" "15" 2007-12-03 24.76 "DAL" "@" "CHI" "W" 5 1 26.65 0.333 0.333 0 6.9 4.2 5.6 2 0 0 11 76 111 2.1 -8.1
"19" "16" 2007-12-05 24.77 "DAL" "@" "SAS" "L" -2 1 26.8833333333333 0.182 0.182 0 8.9 5 26 7.7 0 15.4 23.6 47 94 0.9 -6
"20" "17" 2007-12-06 24.77 "DAL" "" "DEN" "L" -13 1 25.2333333333333 0.392 0.357 0 0 0 28.7 0 0 6.1 25.9 93 124 4 -8.2
"21" "18" 2007-12-08 24.78 "DAL" "" "UTA" "W" 8 1 34.8166666666667 0.543 0.429 0 3.9 2.1 42.6 4.7 0 24.6 16.8 128 129 14.2 3.3
"22" "19" 2007-12-10 24.78 "DAL" "@" "NYK" "W" 10 1 31.6 0.315 0 0 3.7 2.1 16.9 3.7 0 17.4 9.9 91 110 3.4 -7.4
"23" "" 2007-12-12 24.79 "DAL" "@" "TOR" "L" -16 NA NA NA NA NA NA NA NA NA NA NA NA NA NA NA NA
"24" "20" 2007-12-14 24.79 "DAL" "" "NOH" "W" 9 1 28.6166666666667 0.571 0.429 0 3.4 1.8 16.8 2 0 18.6 18.1 107 99 5.7 -2.8
"25" "21" 2007-12-15 24.8 "DAL" "@" "HOU" "W" 13 1 37.05 0.888 0.857 4 3.5 3.8 30.7 8 0 27.6 15.5 140 98 18.6 14.1
"26" "22" 2007-12-17 24.8 "DAL" "" "ORL" "W" 3 1 32.0666666666667 0.682 0.682 0 10.7 5.8 42.7 0 4.3 8.3 18.1 140 120 16.5 8
"27" "23" 2007-12-19 24.81 "DAL" "" "PHO" "W" 3 1 31.8666666666667 0.591 0.563 3.2 8.1 5.4 32.3 4.7 0 5.3 24.8 137 107 18.9 11.1
"28" "24" 2007-12-21 24.81 "DAL" "" "LAC" "W" 13 1 28.4 0.711 0.692 0 6.8 4.3 13.8 3.9 0 16.9 32.2 117 101 14.5 4
"29" "25" 2007-12-26 24.83 "DAL" "@" "UTA" "L" -9 1 28.9833333333333 1.012 1.125 0 4.2 2.1 32.6 3.7 0 32.3 20.1 138 108 15.2 9.7
"30" "26" 2007-12-27 24.83 "DAL" "" "CLE" "L" -7 1 32.1666666666667 0.423 0.25 3.2 8.1 5.9 37.3 4.8 0 22 20.2 84 91 8 -0.4
"31" "27" 2007-12-29 24.84 "DAL" "" "ATL" "W" 13 1 23.9 0.665 0.5 0 15.4 7.3 33.5 6.6 0 6.5 29.7 140 85 17.6 16
"32" "28" 2008-01-02 24.85 "DAL" "" "GSW" "W" 22 1 23.6166666666667 0.65 0.55 0 12.2 7.2 30.9 0 0 13.3 29.4 130 114 12.4 0.2
"33" "29" 2008-01-04 24.85 "DAL" "" "MIA" "W" 5 1 32.7166666666667 0.466 0.385 0 12.9 6.2 51.5 6.5 0 23.7 31.3 89 92 11.3 -0.3
"34" "30" 2008-01-06 24.86 "DAL" "@" "MIN" "W" 23 1 23.0833333333333 0.721 0.643 4.6 5.9 5.2 7 0 0 10.7 19.1 139 101 7.8 -2.5
"35" "31" 2008-01-09 24.87 "DAL" "" "DET" "W" 16 1 30.8666666666667 0.713 0.667 0 6.9 4.1 20 0 0 27.3 31 110 110 10.2 -2.2
"36" "32" 2008-01-11 24.87 "DAL" "@" "SEA" "W" 20 1 29.5 0.444 0.357 3.5 0 1.7 26.5 0 0 27.6 17.1 88 91 3.3 -5.6
"37" "33" 2008-01-12 24.87 "DAL" "@" "LAC" "W" 1 1 32.2833333333333 0.44 0.364 0 8.7 4.1 16.5 3.6 0 18 25.8 84 109 5.2 -7.2
"38" "34" 2008-01-14 24.88 "DAL" "@" "SAC" "L" -2 1 35.9333333333333 0.895 0.9 0 3.5 1.9 36.1 0 0 22.3 22.3 148 134 21 4.7
"39" "35" 2008-01-19 24.89 "DAL" "" "SEA" "W" 15 1 24.4833333333333 0.576 0.538 4.4 4.6 4.5 48.6 0 0 6.3 27.9 132 108 14.7 4.2
"40" "36" 2008-01-21 24.9 "DAL" "@" "WAS" "L" -18 1 33.2666666666667 0.658 0.563 8 7.2 7.6 22.9 0 0 27.3 21.3 110 127 9.6 -1.6
"41" "37" 2008-01-23 24.9 "DAL" "@" "CHA" "W" 7 1 36.65 0.763 0.708 0 3 1.5 41.3 0 0 11.7 22.6 147 116 20.8 8.5
"42" "38" 2008-01-25 24.91 "DAL" "" "LAL" "W" 7 1 28.6333333333333 0.645 0.5 0 0 0 21.9 0 0 6.7 23.7 138 121 13.2 2.9
"43" "39" 2008-01-27 24.92 "DAL" "" "DEN" "W" 5 1 12.6333333333333 0.694 0.667 0 0 0 0 4.2 0 41 27.3 76 96 0.7 -11.8
"44" "" 2008-01-28 24.92 "DAL" "@" "MEM" "W" 19 NA NA NA NA NA NA NA NA NA NA NA NA NA NA NA NA
"45" "" 2008-01-31 24.93 "DAL" "@" "BOS" "L" -6 NA NA NA NA NA NA NA NA NA NA NA NA NA NA NA NA
"46" "" 2008-02-03 24.93 "DAL" "@" "DET" "L" -23 NA NA NA NA NA NA NA NA NA NA NA NA NA NA NA NA
"47" "" 2008-02-04 24.94 "DAL" "@" "ORL" "W" 9 NA NA NA NA NA NA NA NA NA NA NA NA NA NA NA NA
"48" "" 2008-02-06 24.94 "DAL" "" "MIL" "W" 11 NA NA NA NA NA NA NA NA NA NA NA NA NA NA NA NA
"49" "" 2008-02-08 24.95 "DAL" "" "MEM" "W" 11 NA NA NA NA NA NA NA NA NA NA NA NA NA NA NA NA
"50" "" 2008-02-10 24.95 "DAL" "@" "NJN" "L" -19 NA NA NA NA NA NA NA NA NA NA NA NA NA NA NA NA
"51" "" 2008-02-11 24.96 "DAL" "@" "PHI" "L" -8 NA NA NA NA NA NA NA NA NA NA NA NA NA NA NA NA
"52" "" 2008-02-13 24.96 "DAL" "" "POR" "W" 20 NA NA NA NA NA NA NA NA NA NA NA NA NA NA NA NA
"53" "" 2008-02-14 24.96 "DAL" "@" "PHO" "L" -12 NA NA NA NA NA NA NA NA NA NA NA NA NA NA NA NA
"54" "" 2008-02-20 24.98 "NJN" "" "CHI" "W" 8 NA NA NA NA NA NA NA NA NA NA NA NA NA NA NA NA
"55" "" 2008-02-22 24.99 "NJN" "@" "IND" "L" -10 NA NA NA NA NA NA NA NA NA NA NA NA NA NA NA NA
"56" "" 2008-02-23 24.99 "NJN" "" "IND" "W" 11 NA NA NA NA NA NA NA NA NA NA NA NA NA NA NA NA
"57" "" 2008-02-26 25 "NJN" "" "ORL" "L" -10 NA NA NA NA NA NA NA NA NA NA NA NA NA NA NA NA
"58" "40" 2008-02-28 25 "NJN" "" "MIL" "W" 14 0 20.9166666666667 0.691 0.654 0 6 2.8 41.1 2.6 0 6.2 34.2 150 120 17.3 14.6
"59" "41" 2008-03-02 25.01 "NJN" "" "SAS" "L" -10 0 35.8333333333333 0.577 0.5 0 15.2 7.2 14.1 0 1.9 5.2 25.1 119 108 14.4 7.7
"60" "42" 2008-03-04 25.02 "NJN" "@" "SAS" "L" -11 1 36.2 0.346 0.324 0 5.3 2.8 43.4 4.6 0 21 33.5 65 94 4.2 -2.9
"61" "43" 2008-03-05 25.02 "NJN" "@" "MEM" "L" -7 1 38.8833333333333 0.467 0.353 0 12 6 33.4 0 0 12.3 28.9 95 110 11.5 -5.8
"62" "44" 2008-03-07 25.02 "NJN" "@" "NOH" "L" -11 1 36.7833333333333 0.551 0.533 0 3.8 1.7 32.1 2.9 0 28 27.1 89 119 9.6 -5.8
"63" "45" 2008-03-08 25.03 "NJN" "@" "DAL" "L" -20 1 36.0666666666667 0.338 0.25 0 6.5 2.8 9.5 0 0 0 16.6 83 128 2.2 -11.6
"64" "46" 2008-03-10 25.03 "NJN" "@" "HOU" "L" -18 1 24.0333333333333 0.396 0.3 0 5.5 2.1 11.1 2.2 0 0 23.6 92 106 4.6 -1.8
"65" "47" 2008-03-12 25.04 "NJN" "" "CLE" "W" 5 1 37.0166666666667 0.658 0.643 7 9.3 8.2 22.6 5.6 2.6 25.7 25.4 101 100 17.1 4.8
"66" "48" 2008-03-15 25.05 "NJN" "" "UTA" "W" 2 1 36.7 0.579 0.5 11.5 15.2 13.6 50.4 0 0 10.9 21.3 145 130 20.6 6.6
"67" "49" 2008-03-18 25.05 "NJN" "@" "CHI" "L" -16 1 17.0333333333333 0.333 0.333 0 6.9 3.4 27.8 3 0 33.3 24.4 59 121 1 -13.5
"68" "50" 2008-03-19 25.06 "NJN" "" "ATL" "W" 8 1 40.9166666666667 0.702 0.633 0 3.1 1.6 28.8 3.9 0 13.9 25.3 139 127 23.3 4.8
"69" "51" 2008-03-21 25.06 "NJN" "" "DEN" "L" -11 1 41.05 0.526 0.423 0 13.3 7.3 42 1.1 0 6.2 16.5 131 123 18.3 1.5
"70" "52" 2008-03-22 25.07 "NJN" "@" "PHI" "L" -4 1 39.0666666666667 0.474 0.423 0 15.4 7.8 24.7 0 0 11.9 19.2 100 105 9 -3
"71" "53" 2008-03-24 25.07 "NJN" "@" "NYK" "W" 15 1 36.9333333333333 0.364 0.364 0 10.2 6.2 16.3 1.4 5.1 15.4 17 81 98 6.2 -4.8
"72" "54" 2008-03-26 25.08 "NJN" "" "IND" "W" 7 1 39.4 0.793 0.808 0 8.1 4.4 57 2.6 0 17.8 19.5 149 123 26.5 10.5
"73" "55" 2008-03-28 25.08 "NJN" "@" "IND" "L" -8 1 38.5 0.633 0.6 0 10.8 5.2 40.8 1.2 0 4.5 23.5 136 120 23.3 7.4
"74" "56" 2008-03-29 25.08 "NJN" "" "PHO" "L" -6 1 35.1333333333333 0.409 0.367 8.9 7.4 8.2 28.8 1.4 0 23.9 24.8 83 112 6.9 -6.2
"75" "57" 2008-04-01 25.09 "NJN" "" "PHI" "L" -9 1 39.3333333333333 0.59 0.531 0 13.9 6.3 19.5 2.7 1.8 17.7 26.1 108 117 15.4 -0.4
"76" "58" 2008-04-04 25.1 "NJN" "@" "DET" "L" -19 1 28.3333333333333 0.82 0.75 0 0 0 23.4 3.9 2.7 29.1 11.8 123 121 8.7 1.2
"77" "59" 2008-04-05 25.1 "NJN" "" "TOR" "W" 9 1 31.5666666666667 0.761 0.714 8.4 10.4 9.5 33.3 0 0 27.6 16.9 129 110 12.1 2.4
"78" "60" 2008-04-09 25.12 "NJN" "@" "CLE" "L" -21 1 24.4833333333333 0.45 0.375 4.4 9.6 6.8 27.9 0 0 10.1 19.1 100 122 4.8 -3.6
"79" "61" 2008-04-11 25.12 "NJN" "@" "TOR" "L" -28 1 31.9666666666667 0.535 0.469 0 20.5 10.5 32 1.7 0 10.1 29.2 108 124 13.7 2.5
"80" "62" 2008-04-12 25.12 "NJN" "@" "MIL" "W" 13 1 32.6333333333333 0.637 0.5 0 17.8 9.5 33.8 9.7 0 32.9 22.6 108 93 17.1 5.4
"81" "63" 2008-04-15 25.13 "NJN" "" "CHA" "W" 4 0 35.55 0.573 0.45 0 6.5 3.2 38.4 1.4 2 25.2 26.1 99 108 12.5 -3.5
"82" "64" 2008-04-16 25.13 "NJN" "@" "BOS" "L" -11 1 24 0.592 0.5 0 0 0 51.9 2.1 0 30.7 19.9 102 117 7.4 -2.3
"1" "1" 2008-10-29 25.67 "NJN" "@" "WAS" "W" 10 1 31.35 0.553 0.5 0 17 9.8 26.1 1.7 0 14.5 22.2 106 95 10.8 -2.7
"2" "2" 2008-11-01 25.68 "NJN" "" "GSW" "L" -8 1 28.55 0.407 0.25 3.9 11.7 7.8 28.1 0 2.9 11.1 26.9 99 113 6.8 -5
"3" "3" 2008-11-04 25.69 "NJN" "" "PHO" "L" -28 1 31.7666666666667 0.391 0.182 0 5.6 2 42.3 0 0 17.6 23.6 86 130 5.9 -8.5
"4" "4" 2008-11-07 25.7 "NJN" "" "DET" "W" 7 1 38.9166666666667 0.743 0.6 2.7 10.3 6.6 10.3 1.4 0 3.8 31.5 156 112 30.8 14.5
"5" "" 2008-11-08 25.7 "NJN" "@" "IND" "L" -18 NA NA NA NA NA NA NA NA NA NA NA NA NA NA NA NA
"6" "" 2008-11-10 25.7 "NJN" "@" "MIA" "L" -5 NA NA NA NA NA NA NA NA NA NA NA NA NA NA NA NA
"7" "" 2008-11-12 25.71 "NJN" "" "IND" "L" -11 NA NA NA NA NA NA NA NA NA NA NA NA NA NA NA NA
"8" "5" 2008-11-14 25.72 "NJN" "" "ATL" "W" 7 1 39.5166666666667 0.673 0.529 9.3 9.1 9.2 34.4 2.8 0 4.3 27.4 157 123 29.7 11.9
"9" "6" 2008-11-15 25.72 "NJN" "@" "ATL" "W" 12 1 37 0.78 0.667 0 10.8 6.1 49.3 2.8 0 4.5 28 171 115 33.4 13.7
"10" "7" 2008-11-18 25.73 "NJN" "" "CLE" "L" -24 1 38.8 0.546 0.472 0 9.3 4.2 25.9 2.8 0 19.2 30.7 95 118 13.5 5
"11" "8" 2008-11-21 25.73 "NJN" "@" "TOR" "W" 2 1 40.05 0.644 0.556 0 6.5 3 16.6 3.8 0 7.9 28.1 130 118 23.7 4.2
"12" "9" 2008-11-22 25.74 "NJN" "" "LAC" "W" 17 1 37.25 0.496 0.417 3.4 3.4 3.4 40.8 2.8 0 5.2 23.7 127 105 17.4 2.8
"13" "10" 2008-11-25 25.75 "NJN" "@" "LAL" "L" -27 1 33.8666666666667 0.483 0.344 0 13.2 5.9 37.1 0 0 0 27.1 115 128 15.6 2.8
"14" "11" 2008-11-26 25.75 "NJN" "@" "SAC" "W" 2 1 37.1166666666667 0.545 0.5 0 6.6 3.2 29.9 0 0 10.8 23.1 113 120 11.6 -3.6
"15" "12" 2008-11-29 25.76 "NJN" "@" "UTA" "W" 17 1 35.8666666666667 0.748 0.765 6.7 6.2 6.4 35.5 4.4 0 11.7 33.3 143 94 29.9 18.3
"16" "13" 2008-11-30 25.76 "NJN" "@" "PHO" "W" 8 1 40.6 0.724 0.6 3.2 23.6 12.4 40.3 1.2 0 11 40.7 141 116 39.4 12.9
"17" "14" 2008-12-02 25.76 "NJN" "" "WAS" "L" -20 1 33.4833333333333 0.587 0.536 3.5 3.6 3.5 13.7 0 0 6.1 23.6 121 130 12.4 -0.3
"18" "15" 2008-12-05 25.77 "NJN" "" "MIN" "W" 29 1 32.2333333333333 0.651 0.357 0 11.5 6.2 20.7 1.7 0 19.6 23.4 126 97 13.5 1
"19" "16" 2008-12-06 25.78 "NJN" "@" "PHI" "W" 11 1 35.9 0.631 0.588 0 5.7 3.3 44.6 6.3 0 15.7 36.1 120 95 22.9 11.4
"20" "17" 2008-12-10 25.79 "NJN" "" "NYK" "L" -12 1 36.1833333333333 0.649 0.591 0 0 0 33.1 0 0 16.9 36.9 119 131 19.3 -1.7
"21" "18" 2008-12-12 25.79 "NJN" "" "TOR" "L" -22 1 34.4166666666667 0.518 0.4 2.7 15.9 8 34.1 0 2.7 22.8 21.7 96 114 9.1 -2.3
"22" "19" 2008-12-13 25.79 "NJN" "@" "CHI" "L" -9 1 38.7 0.482 0.333 0 3 1.3 30.4 1.3 0 8.1 27 107 124 14.4 -1.6
"23" "20" 2008-12-15 25.8 "NJN" "@" "TOR" "W" 7 1 40.95 0.531 0.357 2.4 16.4 8.9 22.4 2.7 2.4 13.7 23.4 113 98 17.5 5
"24" "21" 2008-12-17 25.81 "NJN" "" "UTA" "L" -11 1 39.1333333333333 0.547 0.471 0 3 1.4 51.1 5.3 0 13.5 25.1 112 109 20.5 11.6
"25" "22" 2008-12-19 25.81 "NJN" "" "DAL" "W" 24 1 38.5833333333333 0.719 0.66 0 9.1 4.4 60.8 4 0 12.3 36.5 144 100 36.9 20.4
"26" "23" 2008-12-20 25.81 "NJN" "" "MIA" "L" -3 1 38.45 0.529 0.4 3.4 9.9 6.7 39.1 2.8 2 13.1 27.5 119 120 18.9 3.8
"27" "24" 2008-12-22 25.82 "NJN" "" "HOU" "L" -23 1 18.4 0.43 0.222 0 16.8 6.7 25.4 3 0 7.9 31.5 101 127 6 -2.6
"28" "25" 2008-12-23 25.82 "NJN" "@" "IND" "W" 1 1 40.6666666666667 0.681 0.563 3.4 11.5 7.8 51.2 2.6 0 12.4 27.7 140 118 29.6 9.2
"29" "26" 2008-12-26 25.83 "NJN" "" "CHA" "L" -8 1 33.4333333333333 0.378 0.267 6.4 8.4 7.3 10.9 3.3 0 9.7 30.3 83 108 6.9 -6
"30" "27" 2008-12-27 25.83 "NJN" "@" "CHA" "W" 11 1 46.7333333333333 0.617 0.556 0 8.1 4.4 8.2 3.6 0 8.7 25.3 117 108 19.5 2.8
"31" "28" 2008-12-29 25.84 "NJN" "" "CHI" "L" -13 1 41.1166666666667 0.497 0.4 2.6 6 4.2 25.8 3.9 0 13.3 34.7 96 109 16.6 2.7
"32" "29" 2008-12-31 25.84 "NJN" "@" "DET" "L" -8 1 40.2333333333333 0.516 0.429 2.8 0 1.5 51.5 2.9 0 17.9 28.4 101 102 14.2 3
"33" "30" 2009-01-02 25.85 "NJN" "" "ATL" "W" 2 1 43.35 0.518 0.455 0 11.1 5.2 56 1.3 2 24.2 35.1 96 96 15.6 2.6
"34" "" 2009-01-03 25.85 "NJN" "@" "MIA" "L" -5 NA NA NA NA NA NA NA NA NA NA NA NA NA NA NA NA
"35" "31" 2009-01-05 25.86 "NJN" "" "SAC" "W" 8 1 18.5 0.515 0.5 0 10.8 5.7 57.8 2.9 0 20.5 12.1 131 101 7.4 6.3
"36" "" 2009-01-07 25.86 "NJN" "" "MEM" "W" 11 NA NA NA NA NA NA NA NA NA NA NA NA NA NA NA NA
"37" "" 2009-01-09 25.87 "NJN" "@" "MIL" "L" -2 NA NA NA NA NA NA NA NA NA NA NA NA NA NA NA NA
"38" "32" 2009-01-12 25.88 "NJN" "" "OKC" "W" 4 1 41.8666666666667 0.372 0.341 0 12.1 5.2 33.6 1.3 0 11.6 27.1 87 102 8.8 -4.3
"39" "33" 2009-01-14 25.88 "NJN" "@" "BOS" "L" -32 1 27.1333333333333 0.656 0.556 0 11.4 4.6 30.9 3.9 0 31.6 32.8 93 128 10.2 -1.6
"40" "34" 2009-01-15 25.88 "NJN" "" "POR" "L" -6 1 39.3 0.582 0.583 0 6.1 3.1 36.5 0 0 13.2 29.7 112 128 15.6 -1.3
"41" "35" 2009-01-17 25.89 "NJN" "" "BOS" "L" -20 1 17.0666666666667 0.478 0.333 0 0 0 11.5 0 6.3 29.1 28.6 74 118 1.2 -11.3
"42" "36" 2009-01-21 25.9 "NJN" "@" "NOH" "L" -10 1 27.4333333333333 0.22 0.091 0 0 0 29.8 6 3.1 18 29.7 60 109 2.4 -7.7
"43" "37" 2009-01-23 25.91 "NJN" "@" "SAS" "L" -3 1 40.1 0.599 0.5 0 6.3 3 15.5 5.8 0 15.1 34.5 107 107 18.8 6.6
"44" "38" 2009-01-24 25.91 "NJN" "@" "MEM" "W" 11 1 38.9333333333333 0.498 0.429 0 14.7 7.4 32.2 1.5 0 0 21.7 123 106 15.7 1.6
"45" "39" 2009-01-26 25.92 "NJN" "@" "OKC" "L" -9 1 30.4666666666667 0.28 0.235 3.1 13.7 8.1 34.1 5.2 0 14.4 30.8 67 100 5.8 -5.1
"46" "40" 2009-01-28 25.92 "NJN" "" "TOR" "L" -1 1 42.9 0.561 0.441 0 10.8 5 38.4 3.8 0 4.3 26.4 130 118 24.6 5.9
"47" "41" 2009-01-30 25.93 "NJN" "@" "ATL" "L" -17 1 37 0.51 0.385 2.9 16.2 8.5 33.1 0 0 16.9 29.3 103 123 12.6 -1.2
"48" "42" 2009-01-31 25.93 "NJN" "@" "PHI" "W" 2 1 38.05 0.485 0.5 0 10.7 5.4 29.8 4.3 2.1 25.5 28 81 91 9.1 1.6
"49" "43" 2009-02-03 25.94 "NJN" "" "MIL" "W" 14 1 36.0833333333333 0.575 0.423 0 3.1 1.7 34 1.6 2.4 10.8 25.3 128 105 14.8 3.5
"50" "44" 2009-02-04 25.94 "NJN" "@" "WAS" "W" 27 1 31.6666666666667 0.662 0.588 0 16.5 10.8 34.4 1.8 0 9.2 35.4 137 102 21.9 1.9
"51" "45" 2009-02-07 25.95 "NJN" "" "DEN" "W" 44 1 30.7666666666667 0.801 0.7 0 7.1 3.7 28.2 3.5 2.7 18.6 31.3 140 79 24.2 15.4
"52" "46" 2009-02-08 25.95 "NJN" "@" "ORL" "L" -17 1 41.0666666666667 0.476 0.42 2.5 12.6 7 59.7 1.3 0 9.3 36.6 106 116 20 9.4
"53" "47" 2009-02-10 25.96 "NJN" "" "SAS" "L" -15 1 40.4333333333333 0.591 0.531 2.9 19.3 10.7 18.8 1.4 0 14.5 26 111 127 16.2 0
"54" "48" 2009-02-17 25.98 "NJN" "@" "HOU" "L" -26 1 35.9333333333333 0.36 0.346 0 6.1 3.1 20 2.9 0 12.6 21.4 71 124 5.1 -8.5
"55" "49" 2009-02-18 25.98 "NJN" "@" "DAL" "L" -15 1 41.05 0.402 0.278 3 11 6.6 25.5 2.7 0 15.2 30.8 89 129 9.5 -7.9
"56" "50" 2009-02-20 25.98 "NJN" "" "WAS" "L" -11 1 43.15 0.599 0.5 2.1 7.9 4.7 44.1 2.4 1.5 12.1 24.3 124 114 22.7 8.2
"57" "51" 2009-02-23 25.99 "NJN" "" "PHI" "W" 2 1 41.7 0.692 0.614 3.1 3.1 3.1 43.2 2.6 1.9 12.4 37.3 132 110 31.3 14.7
"58" "52" 2009-02-25 26 "NJN" "" "CHI" "W" 12 1 41.4 0.754 0.674 0 9.7 5.3 30.6 0 0 6.7 34.3 150 118 33.3 11.7
"59" "53" 2009-03-01 26.01 "NJN" "" "NOH" "L" -3 1 44.5333333333333 0.563 0.475 0 6.9 3.7 55.3 2.4 0 20.6 31 106 111 20.7 2.7
"60" "54" 2009-03-03 26.01 "NJN" "@" "MIL" "W" 4 1 36.1666666666667 0.4 0.25 3.2 7.5 5.6 50.3 5.8 2 22.2 28.9 88 100 13.2 0.9
"61" "55" 2009-03-04 26.01 "NJN" "" "BOS" "L" -4 1 43.3666666666667 0.501 0.381 0 4 1.7 40.2 2.4 0 19.4 33.7 100 125 16.3 -4.4
"62" "56" 2009-03-06 26.02 "NJN" "@" "ORL" "L" -3 1 41.3 0.63 0.567 0 11.1 5.7 36.4 2.5 0 13.1 27.5 123 114 22.6 4.7
"63" "57" 2009-03-08 26.02 "NJN" "" "NYK" "W" 5 1 42.6 0.621 0.568 3.3 6.4 4.9 42.6 2.4 0 6.6 33.1 131 112 30.7 7.1
"64" "58" 2009-03-11 26.03 "NJN" "@" "GSW" "L" -4 1 41.35 0.564 0.45 4.9 12.9 8.8 47.1 3.4 0 17.9 33.8 111 111 26.5 6.1
"65" "59" 2009-03-13 26.04 "NJN" "@" "POR" "L" -9 1 37.6833333333333 0.622 0.469 0 24.1 12.9 37.6 1.5 0 8.4 30.8 134 125 24.5 9.3
"66" "60" 2009-03-15 26.04 "NJN" "@" "LAC" "L" -2 1 23.15 0.888 0.833 0 5.1 2.8 30 4.5 0 29.1 21.6 133 114 12.1 4.5
"67" "" 2009-03-16 26.05 "NJN" "@" "DEN" "L" -25 NA NA NA NA NA NA NA NA NA NA NA NA NA NA NA NA
"68" "" 2009-03-18 26.05 "NJN" "@" "NYK" "W" 26 NA NA NA NA NA NA NA NA NA NA NA NA NA NA NA NA
"69" "" 2009-03-20 26.06 "NJN" "" "MIA" "W" 8 NA NA NA NA NA NA NA NA NA NA NA NA NA NA NA NA
"70" "" 2009-03-22 26.06 "NJN" "" "CLE" "L" -8 NA NA NA NA NA NA NA NA NA NA NA NA NA NA NA NA
"71" "" 2009-03-25 26.07 "NJN" "@" "CLE" "L" -11 NA NA NA NA NA NA NA NA NA NA NA NA NA NA NA NA
"72" "61" 2009-03-27 26.08 "NJN" "" "LAL" "L" -8 1 36.85 0.416 0.346 0 18.2 9.2 54 1.4 0 20.4 22.7 105 111 12.5 1.5
"73" "62" 2009-03-29 26.08 "NJN" "@" "MIN" "L" -9 1 40 0.607 0.538 0 9.7 4.8 21.6 2.6 0 20.4 23.3 107 119 13.5 -1.3
"74" "63" 2009-03-30 26.08 "NJN" "" "MIL" "L" -29 1 25.8333333333333 0.367 0.273 0 17.7 8.8 27.3 0 0 12.8 28.9 73 117 2.8 -11.3
"75" "64" 2009-04-01 26.09 "NJN" "" "DET" "W" 13 1 38.9166666666667 0.681 0.6 0 9.5 5.1 41.6 5.7 0 26.4 23.9 120 107 19.6 4.3
"76" "65" 2009-04-04 26.1 "NJN" "@" "CHI" "L" -9 1 34.7833333333333 0.559 0.444 0 25.1 12.7 25.1 4.6 0 24.2 21.5 99 105 12.2 0.5
"77" "66" 2009-04-05 26.1 "NJN" "" "PHI" "W" 29 1 36.5 0.468 0.423 3.1 16.8 10.3 31.3 0 0 26.5 24.9 89 82 7.1 -5.2
"78" "67" 2009-04-08 26.11 "NJN" "@" "BOS" "L" -2 1 34.6 0.44 0.375 0 0 0 23.4 1.5 0 9.9 26.9 95 120 7.3 -8
"79" "68" 2009-04-10 26.12 "NJN" "@" "DET" "L" -7 1 20.55 0.085 0 0 14.6 6.5 13 0 0 14.5 18.4 33 124 -2.3 -21.9
"80" "" 2009-04-11 26.12 "NJN" "" "ORL" "W" 10 NA NA NA NA NA NA NA NA NA NA NA NA NA NA NA NA
"81" "69" 2009-04-13 26.12 "NJN" "" "CHA" "W" 4 1 31.4666666666667 0.661 0.571 0 0 0 24.5 3.5 0 26.5 16.5 111 100 8.3 -1.5
"82" "" 2009-04-15 26.13 "NJN" "@" "NYK" "L" -29 NA NA NA NA NA NA NA NA NA NA NA NA NA NA NA NA
"1" "1" 2009-10-28 26.67 "NJN" "@" "MIN" "L" -2 1 29.35 0.448 0.308 10.7 8.8 9.6 47.6 1.7 0 20.4 27.7 95 99 10.1 -1.7
"2" "2" 2009-10-30 26.67 "NJN" "" "ORL" "L" -10 1 34.25 0.372 0.333 0 17.1 8.1 43.4 3.1 0 0 30.8 89 104 11.4 0.7
"3" "" 2009-10-31 26.67 "NJN" "@" "WAS" "L" -19 NA NA NA NA NA NA NA NA NA NA NA NA NA NA NA NA
"4" "" 2009-11-02 26.68 "NJN" "@" "CHA" "L" -11 NA NA NA NA NA NA NA NA NA NA NA NA NA NA NA NA
"5" "" 2009-11-04 26.68 "NJN" "" "DEN" "L" -28 NA NA NA NA NA NA NA NA NA NA NA NA NA NA NA NA
"6" "" 2009-11-06 26.69 "NJN" "@" "PHI" "L" -3 NA NA NA NA NA NA NA NA NA NA NA NA NA NA NA NA
"7" "" 2009-11-07 26.69 "NJN" "" "BOS" "L" -10 NA NA NA NA NA NA NA NA NA NA NA NA NA NA NA NA
"8" "" 2009-11-11 26.7 "NJN" "" "PHI" "L" -3 NA NA NA NA NA NA NA NA NA NA NA NA NA NA NA NA
"9" "" 2009-11-13 26.71 "NJN" "@" "ORL" "L" -16 NA NA NA NA NA NA NA NA NA NA NA NA NA NA NA NA
"10" "" 2009-11-14 26.71 "NJN" "@" "MIA" "L" -1 NA NA NA NA NA NA NA NA NA NA NA NA NA NA NA NA
"11" "" 2009-11-17 26.72 "NJN" "" "IND" "L" -8 NA NA NA NA NA NA NA NA NA NA NA NA NA NA NA NA
"12" "" 2009-11-18 26.72 "NJN" "@" "MIL" "L" -14 NA NA NA NA NA NA NA NA NA NA NA NA NA NA NA NA
"13" "3" 2009-11-21 26.73 "NJN" "" "NYK" "L" -7 0 25.8833333333333 0.462 0.462 0 4.4 2 50.2 3.9 0 18.8 26.6 92 103 9.1 1.2
"14" "4" 2009-11-24 26.74 "NJN" "@" "DEN" "L" -14 0 30.5333333333333 0.461 0.286 0 29 14.3 43.4 4.6 2.3 8.8 32.1 99 93 16.4 6
"15" "5" 2009-11-25 26.74 "NJN" "@" "POR" "L" -10 0 24.4333333333333 0.41 0.333 0 0 0 18.4 4.8 0 35.3 22.4 65 112 1.5 -10
"16" "6" 2009-11-27 26.75 "NJN" "@" "SAC" "L" -13 1 37.6333333333333 0.424 0.273 0 13.7 4.6 13.5 1.3 0 6.4 34.4 94 115 11.2 -2.9
"17" "7" 2009-11-29 26.75 "NJN" "@" "LAL" "L" -19 1 31 0.643 0.625 0 8.1 3.8 37.6 3.3 0 7.4 19.7 130 112 15 7.9
"18" "8" 2009-12-02 26.76 "NJN" "" "DAL" "L" -16 1 34.0333333333333 0.629 0.55 0 4.5 2 15.7 3 0 22.8 23.7 102 127 10.4 -5.8
"19" "9" 2009-12-04 26.77 "NJN" "" "CHA" "W" 6 1 36.45 0.406 0.179 0 3.4 1.5 33.6 1.4 0 4.8 25.6 98 104 12.1 -0.6
"20" "10" 2009-12-06 26.77 "NJN" "@" "NYK" "L" -9 1 41.6333333333333 0.535 0.469 0 8.6 4.3 21.7 3.8 0 10.1 22.4 108 115 14.7 -1.8
"21" "11" 2009-12-08 26.78 "NJN" "@" "CHI" "W" 2 1 40.0166666666667 0.564 0.5 3.2 8.2 5.9 22.5 5.1 1.6 24.9 22 99 104 13.7 -0.1
"22" "12" 2009-12-09 26.78 "NJN" "" "GSW" "L" -16 1 38.5166666666667 0.54 0.364 0 5.5 2.8 8.6 2.6 1.7 18.5 23.7 100 109 10.4 -2.2
"23" "13" 2009-12-11 26.79 "NJN" "@" "IND" "L" -16 1 26.35 0.507 0.438 0 13.3 5.7 24.8 3.8 0 18.4 33.7 94 112 9.8 -0.1
"24" "14" 2009-12-13 26.79 "NJN" "@" "ATL" "L" -23 1 36.6166666666667 0.569 0.528 0 6 2.9 36.6 0 0 16.5 29.3 108 139 16.1 -4.3
"25" "15" 2009-12-15 26.8 "NJN" "@" "CLE" "L" -10 1 37.4833333333333 0.511 0.389 0 0 0 18.3 1.6 0 12.2 32.1 103 123 11.9 -2.3
"26" "16" 2009-12-16 26.8 "NJN" "" "UTA" "L" -16 1 33.2666666666667 0.325 0.111 0 4.7 1.9 25.8 1.7 0 6.7 20.8 85 126 4 -9.6
"27" "17" 2009-12-18 26.81 "NJN" "@" "TOR" "L" -23 1 25.7166666666667 0.333 0.333 5.3 20.7 13.1 27.1 2 0 0 21 96 125 6.5 -6.6
"28" "18" 2009-12-19 26.81 "NJN" "" "LAL" "L" -19 1 36.9333333333333 0.77 0.682 0 16.2 7.3 17.8 1.4 2 6.8 18.5 149 113 19.6 7.5
"29" "19" 2009-12-23 26.82 "NJN" "" "MIN" "L" -4 1 37.9166666666667 0.586 0.529 0 6.2 3.1 44.8 2.6 1.6 23.4 30.4 100 106 15.6 -1
"30" "20" 2009-12-26 26.83 "NJN" "" "HOU" "L" -5 1 39.8666666666667 0.432 0.432 0 9.8 5.4 26.6 1.4 0 12 31.2 83 113 8.6 -7.6
"31" "21" 2009-12-28 26.83 "NJN" "" "OKC" "L" -16 1 35.8666666666667 0.517 0.375 0 14.1 7 49.1 3 0 22 18.1 105 115 13.3 0.9
"32" "22" 2009-12-30 26.84 "NJN" "" "NYK" "W" 9 1 36.4 0.459 0.433 2.7 20.3 10.5 30.1 0 0 21.3 29.3 89 107 10.4 -6.3
"33" "23" 2010-01-02 26.85 "NJN" "" "CLE" "L" -8 1 39.7333333333333 0.666 0.577 2.7 10.5 6.7 35.3 1.4 0 15.4 23.6 122 108 17.8 5.8
"34" "24" 2010-01-05 26.85 "NJN" "" "MIL" "L" -22 1 36.4 0.377 0 0 18.8 9.8 36.9 3 2 43 16.3 64 108 5 -5.8
"35" "25" 2010-01-06 26.86 "NJN" "@" "ATL" "L" -30 1 29.3833333333333 0.584 0.375 7.3 0 4.4 46.5 7.2 0 18.9 24.9 116 125 16.6 5.4
"36" "26" 2010-01-08 26.86 "NJN" "@" "NOH" "L" -4 1 34.2333333333333 0.222 0.222 0 6.5 3.3 16.4 0 0 0 12.1 77 120 0.3 -14.5
"37" "" 2010-01-10 26.87 "NJN" "@" "SAS" "L" -12 NA NA NA NA NA NA NA NA NA NA NA NA NA NA NA NA
"38" "27" 2010-01-13 26.88 "NJN" "" "BOS" "L" -24 1 34.1666666666667 0.48 0.385 3.3 6.9 5.1 44.4 3 0 6 22.7 108 118 12.4 1.9
"39" "28" 2010-01-15 26.88 "NJN" "" "IND" "L" -16 1 34.2166666666667 0.567 0.5 0 16 6.9 52.2 0 0 9.3 28.3 116 127 17 -0.6
"40" "29" 2010-01-18 26.89 "NJN" "@" "LAC" "L" -11 1 33.0666666666667 0.46 0.45 3.7 10.8 6.6 36.1 1.6 0 15.5 18.2 102 123 8.9 -5.4
"41" "30" 2010-01-20 26.9 "NJN" "@" "PHO" "L" -24 1 31.35 0.37 0.321 3.2 8.1 5.3 33.6 0 0 21.2 26.1 79 129 3.8 -10.5
"42" "31" 2010-01-22 26.9 "NJN" "@" "GSW" "L" -32 1 20 0.291 0.167 0 0 0 30.5 0 0 22.5 20.1 60 125 -0.1 -15.8
"43" "" 2010-01-23 26.9 "NJN" "@" "UTA" "L" -33 NA NA NA NA NA NA NA NA NA NA NA NA NA NA NA NA
"44" "" 2010-01-27 26.92 "NJN" "" "LAC" "W" 16 NA NA NA NA NA NA NA NA NA NA NA NA NA NA NA NA
"45" "" 2010-01-29 26.92 "NJN" "" "WAS" "L" -2 NA NA NA NA NA NA NA NA NA NA NA NA NA NA NA NA
"46" "" 2010-01-31 26.93 "NJN" "" "PHI" "L" -4 NA NA NA NA NA NA NA NA NA NA NA NA NA NA NA NA
"47" "32" 2010-02-02 26.93 "NJN" "" "DET" "L" -4 1 38.7333333333333 0.637 0.5 3.3 11.8 7.8 71.3 0 1.7 13.7 27.5 131 113 24.8 8.6
"48" "33" 2010-02-03 26.93 "NJN" "@" "TOR" "L" -9 1 36.3333333333333 0.382 0.294 6 3.4 4.8 31.3 1.4 0 16.9 28.5 89 122 7.8 -5.8
"49" "34" 2010-02-05 26.94 "NJN" "@" "BOS" "L" -9 1 35.2 0.482 0.4 3.7 4.3 4 50 0 0 14.5 29.7 103 118 10.9 -2.5
"50" "35" 2010-02-06 26.94 "NJN" "@" "DET" "L" -7 1 39.7833333333333 0.739 0.708 0 17.2 8.5 33.1 1.5 4 6.6 19.3 152 117 21.6 9.8
"51" "" 2010-02-09 26.95 "NJN" "@" "CLE" "L" -7 NA NA NA NA NA NA NA NA NA NA NA NA NA NA NA NA
"52" "36" 2010-02-10 26.95 "NJN" "" "MIL" "L" -20 1 35.15 0.631 0.559 0 9.3 4.7 73.6 1.5 0 18.9 36.5 112 110 20.3 9.5
"53" "37" 2010-02-16 26.97 "NJN" "@" "CHA" "W" 9 1 36.7666666666667 0.491 0.469 3.5 14.2 9.4 35.8 0 2.1 14.8 25.6 110 104 13.6 1.1
"54" "38" 2010-02-17 26.97 "NJN" "" "MIA" "L" -3 1 31.9166666666667 0.486 0.433 2.7 6.7 4.5 43 0 0 13.9 30.2 96 107 10 0
"55" "39" 2010-02-19 26.98 "NJN" "" "TOR" "L" -17 1 38.2666666666667 0.654 0.591 0 8.4 3.4 54.2 5.4 0 6.4 19.3 141 110 22.6 9.7
"56" "40" 2010-02-21 26.98 "NJN" "" "MEM" "L" -10 1 40.8833333333333 0.433 0.412 0 2.8 1.4 47.8 2.6 2.9 28.9 28.4 88 118 10.3 -0.3
"57" "41" 2010-02-23 26.99 "NJN" "" "POR" "L" -9 1 35.3666666666667 0.587 0.474 0 17 8.9 31.2 0 2.2 4 37.8 126 127 20.3 5
"58" "42" 2010-02-27 27 "NJN" "@" "BOS" "W" 8 1 37.4 0.564 0.406 0 3.3 1.7 26.4 4.2 0 16.4 29.8 109 106 16.6 1.1
"59" "43" 2010-02-28 27 "NJN" "" "WAS" "L" -4 1 36.3833333333333 0.349 0.313 0 22 9.4 81.1 0 1.8 13.4 35.2 84 101 11.4 1.1
"60" "44" 2010-03-03 27.01 "NJN" "" "CLE" "L" -19 1 36.45 0.396 0.346 0 0 0 4.7 1.4 2 12.6 18.6 82 126 2.3 -9.5
"61" "45" 2010-03-05 27.02 "NJN" "" "ORL" "L" -10 1 39.5166666666667 0.388 0.357 0 11.6 5.7 51.7 2.7 0 8.4 28.2 87 108 11.3 -1.2
"62" "46" 2010-03-06 27.02 "NJN" "@" "NYK" "W" 20 1 32.15 0.723 0.714 0 6.8 3.4 25.3 1.6 0 8.5 33.4 135 106 22.7 9.2
"63" "47" 2010-03-08 27.02 "NJN" "@" "MEM" "L" -6 1 38.7333333333333 0.625 0.556 0 10.1 5.1 22.3 1.3 1.7 15.2 29.9 113 115 19 1.4
"64" "48" 2010-03-10 27.03 "NJN" "@" "DAL" "L" -9 1 37.7333333333333 0.666 0.607 0 6.5 3 35.5 4.3 0 27.6 26.6 106 105 14.5 5.5
"65" "49" 2010-03-12 27.04 "NJN" "@" "OKC" "L" -2 1 32.8333333333333 0.446 0.4 3.1 16.2 8.8 41.3 4.8 0 8.6 32.4 101 107 15.9 3.7
"66" "50" 2010-03-13 27.04 "NJN" "@" "HOU" "L" -8 1 39.25 0.567 0.5 0 9.7 5 26.4 1.3 0 10.7 22.6 118 125 15.7 -2.7
"67" "" 2010-03-16 27.05 "NJN" "" "ATL" "L" -24 NA NA NA NA NA NA NA NA NA NA NA NA NA NA NA NA
"68" "" 2010-03-17 27.05 "NJN" "@" "PHI" "L" -11 NA NA NA NA NA NA NA NA NA NA NA NA NA NA NA NA
"69" "51" 2010-03-20 27.06 "NJN" "" "TOR" "L" -10 1 35.95 0.508 0.447 2.6 18 9 41.9 0 0 18.8 32.8 95 115 13.6 -1.4
"70" "52" 2010-03-22 27.06 "NJN" "" "MIA" "L" -10 1 39.0166666666667 0.597 0.389 2.7 10 5.9 31.7 0 0 18.3 19.8 116 121 12.5 -1.3
"71" "53" 2010-03-24 27.07 "NJN" "" "SAC" "W" 14 1 33.1 0.673 0.538 3 8.7 5.9 56 1.6 0 18.3 31.3 124 95 20.6 9
"72" "54" 2010-03-26 27.07 "NJN" "" "DET" "W" 8 1 29.6 0.205 0 0 3.8 2.2 48.6 0 0 38.1 12.9 98 129 2.9 -12.7
"73" "55" 2010-03-27 27.08 "NJN" "@" "CHI" "L" -23 1 28.6333333333333 0.667 0.667 0 4.1 1.7 62.9 0 0 14.3 11.9 140 125 9.4 -0.6
"74" "56" 2010-03-29 27.08 "NJN" "" "SAS" "W" 6 1 38.05 0.456 0.406 0 5.1 2.6 46.5 1.4 0 0 23.6 110 99 14.5 4.5
"75" "57" 2010-03-31 27.09 "NJN" "" "PHO" "L" -11 1 37.1 0.369 0.2 0 11.1 4.9 29.5 2.8 0 7.6 16.3 102 124 9 -5.8
"76" "58" 2010-04-03 27.1 "NJN" "" "NOH" "W" 28 1 25.3833333333333 0.509 0.417 0 22.7 14.2 22.4 0 2.3 30.4 18 94 95 6.2 -6.7
"77" "59" 2010-04-04 27.1 "NJN" "@" "WAS" "L" -10 1 36.4166666666667 0.573 0.559 0 11.3 5.6 16.4 1.4 0 17.2 30.2 99 120 10.9 -6.3
"78" "60" 2010-04-07 27.11 "NJN" "@" "MIL" "L" -19 1 30.7333333333333 0.727 0.7 0 4.6 2 39.2 0 2.6 18.9 33 118 119 15.5 5.8
"79" "61" 2010-04-09 27.11 "NJN" "" "CHI" "W" 11 1 41.05 0.579 0.583 2.6 11.1 6.7 21.7 1.2 0 10.9 20 115 106 16.1 0.3
"80" "62" 2010-04-10 27.12 "NJN" "@" "IND" "L" -13 1 35.5666666666667 0.446 0.423 3.9 14.6 9.4 18.6 1.5 0 13 19.9 103 129 8.9 -6.4
"81" "63" 2010-04-12 27.12 "NJN" "" "CHA" "L" -10 1 36.6333333333333 0.491 0.417 0 0 0 4.8 2.8 0 8.2 28.8 100 115 10.1 -2.2
"82" "64" 2010-04-14 27.13 "NJN" "@" "MIA" "L" -8 1 31.9333333333333 0.402 0.375 0 13.5 7.1 25.1 0 0 19.4 24.8 78 101 3.1 -6.9
"1" "1" 2010-10-27 27.66 "NJN" "" "DET" "W" 3 1 30.7166666666667 0.624 0.533 0 13.9 7.7 53.1 3.5 0 14.5 31.8 125 105 19.6 8.9
"2" "2" 2010-10-29 27.67 "NJN" "" "SAC" "W" 6 1 35.0166666666667 0.777 0.8 0 14.3 9.3 61.2 1.4 0 22.8 22.5 133 98 19.5 8.3
"3" "3" 2010-10-31 27.67 "NJN" "" "MIA" "L" -23 1 28.7833333333333 0.697 0.625 0 5.8 2 42.9 0 0 30 20.2 109 123 9.1 1.9
"4" "4" 2010-11-03 27.68 "NJN" "" "CHA" "L" -2 1 33.8166666666667 0.506 0.441 0 14.6 7.4 51.5 0 2.7 13.8 31.6 102 101 14 3.6
"5" "5" 2010-11-05 27.69 "NJN" "@" "ORL" "L" -15 1 30.85 0.618 0.55 0 8.4 3.8 22.1 3.5 0 20.9 22.7 105 117 9.4 -1.8
"6" "6" 2010-11-06 27.69 "NJN" "@" "MIA" "L" -12 1 23.05 0.521 0.25 4.2 5.8 4.9 6.3 2.3 0 14.8 13.3 107 110 4.1 -5.9
"7" "7" 2010-11-09 27.7 "NJN" "" "CLE" "L" -2 1 27.6333333333333 0.615 0.5 3.9 3.9 3.9 46.2 6.1 0 12 28.3 127 103 17 11.4
"8" "8" 2010-11-10 27.7 "NJN" "@" "CLE" "W" 8 1 43.35 0.532 0.457 0 0 0 43.5 0 0 6.4 32.7 119 105 20.4 4.4
"9" "9" 2010-11-13 27.71 "NJN" "" "ORL" "L" -1 1 35.2 0.651 0.594 0 19.5 11.1 48 0 0 16.7 36.5 119 110 20.6 6.5
"10" "10" 2010-11-15 27.72 "NJN" "@" "LAC" "W" 14 1 13.9333333333333 0.82 0.75 0 16 10 73.8 4.2 0 29.1 25.7 142 109 10.5 12.6
"11" "11" 2010-11-17 27.72 "NJN" "@" "UTA" "L" -10 1 34.2333333333333 0.595 0.458 0 11.2 5.6 44.9 1.5 0 5.9 21.6 136 108 17 8.9
"12" "12" 2010-11-19 27.73 "NJN" "@" "SAC" "L" -5 1 33.2166666666667 0.363 0.25 0 9.9 5.2 41.8 0 2.2 33.7 32.1 68 109 2.6 -12.2
"13" "13" 2010-11-20 27.73 "NJN" "@" "DEN" "L" -4 1 29.8166666666667 0.515 0.333 0 7.9 3.7 20.7 1.8 0 7.9 18.7 116 119 9.1 -2.4
"14" "14" 2010-11-23 27.74 "NJN" "" "ATL" "W" 6 1 43.6 0.658 0.618 0 5.1 2.7 40.4 1.3 0 19.6 29.7 115 111 20 4.4
"15" "15" 2010-11-24 27.74 "NJN" "@" "BOS" "L" -6 1 31 0.716 0.65 0 7.6 4.1 35.7 1.8 0 17.7 28 127 103 14.7 7.2
"16" "16" 2010-11-27 27.75 "NJN" "@" "PHI" "L" -16 1 37.0833333333333 0.535 0.469 0 10.2 4.6 32.4 3.1 0 5.3 25.3 115 120 16.3 5.2
"17" "17" 2010-11-28 27.75 "NJN" "" "POR" "W" 2 1 36.3166666666667 0.742 0.667 0 3.1 1.9 48.6 1.5 0 22.9 31.9 123 115 18.9 3.2
"18" "18" 2010-11-30 27.76 "NJN" "@" "NYK" "L" -11 1 22.15 0.488 0.333 0 18.1 8.2 19.3 4.7 0 19.6 21.5 93 112 6.4 -3.2
"19" "" 2010-12-01 27.76 "NJN" "" "OKC" "L" -3 NA NA NA NA NA NA NA NA NA NA NA NA NA NA NA NA
"20" "" 2010-12-03 27.76 "NJN" "@" "CHA" "L" -7 NA NA NA NA NA NA NA NA NA NA NA NA NA NA NA NA
"21" "19" 2010-12-05 27.77 "NJN" "" "BOS" "L" -25 1 24.05 0.415 0.375 0 10.2 4.7 28.5 2.1 0 32.2 24.7 62 108 1.1 -12.3
"22" "20" 2010-12-07 27.78 "NJN" "@" "ATL" "L" -15 1 37.1166666666667 0.598 0.313 0 0 0 55.3 4.4 0 25 26.1 116 127 17.9 2.4
"23" "21" 2010-12-09 27.78 "NJN" "@" "DAL" "L" -13 1 9.36666666666667 0 0 0 16.5 6.9 64.1 5.6 0 33.3 14.9 54 104 1.7 -2.7
"24" "22" 2010-12-12 27.79 "NJN" "" "LAL" "L" -7 1 36.8333333333333 0.426 0.353 5.4 20 12 46.2 2.8 2 5.1 23.1 112 101 18 9.4
"25" "23" 2010-12-14 27.79 "NJN" "" "PHI" "L" -5 1 33.3 0.482 0.409 0 3.9 1.7 38.9 0 0 17.1 24.4 99 105 7.4 -2.2
"26" "24" 2010-12-16 27.8 "NJN" "" "WAS" "W" 8 1 40.4333333333333 0.446 0.3 0 8.3 4 49.3 0 0 5.8 35.7 110 97 17.1 2
"27" "25" 2010-12-17 27.8 "NJN" "@" "TOR" "L" -6 1 34.7833333333333 0.545 0.5 0 13.5 6.7 29.9 1.5 0 12.7 21.3 108 110 12.6 0.2
"28" "26" 2010-12-19 27.81 "NJN" "" "ATL" "W" 7 1 33.65 0.501 0.444 0 19.9 10.1 48.4 1.5 0 15.4 34.2 98 88 15.4 5.2
"29" "27" 2010-12-21 27.81 "NJN" "@" "MEM" "W" 7 1 29.6333333333333 0.455 0.364 4.8 6 5.5 24.2 1.7 0 27.5 29.4 83 102 5.1 -7.7
"30" "28" 2010-12-22 27.82 "NJN" "@" "NOH" "L" -14 1 32.8 0.727 0.714 0 4 1.9 49.1 0 0 12.2 25.6 134 132 17.5 6.5
"31" "29" 2010-12-27 27.83 "NJN" "" "ORL" "L" -16 1 33.0666666666667 0.68 0.633 0 6.8 3.3 48.6 0 0 14.5 28.3 125 120 17.3 6.5
"32" "30" 2010-12-29 27.84 "NJN" "@" "OKC" "L" -21 1 29.1 0.625 0.538 0 4.6 2.4 22 1.7 0 11.6 26.8 119 120 12.9 -0.2
"33" "31" 2010-12-31 27.84 "NJN" "@" "CHI" "L" -9 1 36.1833333333333 0.385 0.385 3 2.9 3 51.1 0 0 18.8 20.6 86 111 5.2 -4.9
"34" "32" 2011-01-01 27.84 "NJN" "@" "MIN" "L" -15 1 32.6666666666667 0.427 0.231 0 4.5 2.1 41.1 5 0 17.6 32 95 114 11 -2.6
"35" "33" 2011-01-05 27.85 "NJN" "" "CHI" "W" 2 1 36.75 0.51 0.433 6.9 7.1 7 47.6 1.5 0 14.5 26.1 117 112 16.4 4.8
"36" "34" 2011-01-07 27.86 "NJN" "@" "WAS" "L" -20 1 19.8333333333333 0.269 0.214 0 11.8 5.6 28.4 0 0 21.2 21.7 62 114 -0.6 -13.8
"37" "" 2011-01-08 27.86 "NJN" "" "MIL" "L" -23 NA NA NA NA NA NA NA NA NA NA NA NA NA NA NA NA
"38" "35" 2011-01-12 27.87 "NJN" "@" "PHO" "L" -9 1 38.6666666666667 0.512 0.458 0 3.3 1.6 58.5 4 0 25.5 24.1 102 114 14.2 -0.2
"39" "36" 2011-01-14 27.88 "NJN" "@" "LAL" "L" -12 1 34.3333333333333 0.355 0.313 0 11.3 5.1 33.7 1.6 0 45.3 20.7 60 115 0.5 -12.6
"40" "37" 2011-01-15 27.88 "NJN" "@" "POR" "L" -7 1 35.15 0.368 0.3 0 0 0 24.2 3.4 0 15.5 19.1 86 122 4.8 -7.4
"41" "38" 2011-01-17 27.89 "NJN" "@" "GSW" "L" -9 1 32.5833333333333 0.516 0.357 0 3.9 2 37.3 0 0 14 30.4 111 129 12.1 -4.8
"42" "39" 2011-01-19 27.89 "NJN" "" "UTA" "W" 8 1 31.55 0.554 0.45 4.8 3.5 4.1 43.6 3.5 0 32.2 27.8 98 108 10 -2.6
"43" "40" 2011-01-21 27.9 "NJN" "" "DET" "W" 15 1 29.9666666666667 0.761 0.714 5.2 13.3 10.1 51.5 5.8 2.5 11.3 15.4 158 81 19.2 18.2
"44" "41" 2011-01-22 27.9 "NJN" "" "DAL" "L" -1 1 32.3666666666667 0.483 0.333 0 10.1 5.7 62.6 1.7 0 11.4 26.4 110 101 15.4 6.8
"45" "42" 2011-01-24 27.91 "NJN" "" "CLE" "W" 2 1 31.4 0.538 0.538 0 0 0 54.9 1.7 0 0 19 136 114 14.9 4.7
"46" "43" 2011-01-26 27.91 "NJN" "" "MEM" "W" 5 1 28.2666666666667 0.472 0.375 0 13.1 6.4 52.3 4 0 12.7 27 111 102 13 6.1
"47" "44" 2011-01-28 27.92 "NJN" "@" "IND" "L" -32 1 26.5166666666667 0.678 0.5 0 5.7 2.7 51.9 0 0 13.1 14.1 145 141 11.4 0.7
"48" "45" 2011-01-29 27.92 "NJN" "@" "MIL" "L" -10 1 37.5666666666667 0.367 0.182 0 6.4 3.1 71.9 0 0 18 21.9 97 115 11.5 0.9
"49" "46" 2011-01-31 27.93 "NJN" "" "DEN" "W" 16 1 35.5 0.393 0.364 0 4.7 2.1 66.5 1.5 0 20.8 19.4 118 115 13 -0.9
"50" "47" 2011-02-02 27.93 "NJN" "" "PHI" "L" -14 1 37.1 0.722 0.625 0 3.2 1.5 29.7 1.4 0 31.1 20.6 110 123 12.4 -1.6
"51" "48" 2011-02-04 27.94 "NJN" "@" "DET" "L" -10 1 39.1 0.615 0.5 0 3.3 1.7 52.6 3.1 1.7 29.1 13.5 121 115 14.3 4.6
"52" "49" 2011-02-06 27.94 "NJN" "" "IND" "L" -19 1 26.8166666666667 0.393 0.308 3.8 0 2.1 45 0 0 23.2 35.3 80 127 4.1 -10.3
"53" "50" 2011-02-09 27.95 "NJN" "" "NOH" "W" 2 1 31.9166666666667 0.333 0.333 0 8.1 4 27.4 3.7 0 57.1 11.2 67 108 2.3 -8.6
"54" "51" 2011-02-11 27.96 "NJN" "@" "CHA" "W" 5 1 32.7 0.592 0.45 0 14.7 6.5 40.3 0 0 0 18.7 141 102 16.6 7.6
"55" "52" 2011-02-12 27.96 "NJN" "" "NYK" "L" -10 1 34.85 0.649 0.577 0 11.7 5.9 17.7 1.4 0 22.8 27.3 105 112 13 -1.2
"56" "53" 2011-02-14 27.96 "NJN" "" "SAS" "L" -17 1 27.85 0.579 0.333 0 9.1 3.9 25 0 0 10.4 15.9 123 121 8.2 -3.2
"57" "54" 2011-02-16 27.97 "NJN" "@" "BOS" "L" -14 1 30.3833333333333 0.522 0.464 0 12.5 6 36.7 1.9 0 6.1 25.6 117 110 12.2 6
"58" "" 2011-02-23 27.99 "UTA" "@" "DAL" "L" -19 NA NA NA NA NA NA NA NA NA NA NA NA NA NA NA NA
"59" "55" 2011-02-25 27.99 "UTA" "@" "IND" "W" 11 0 28.5833333333333 0.47 0.429 7.5 14.7 11.5 28.1 0 0 25.2 29.7 88 96 6.8 -6.8
"60" "56" 2011-02-26 28 "UTA" "@" "DET" "L" -4 1 32.05 0.614 0.444 4.3 3.3 3.7 45.5 0 0 12.6 22.6 137 134 16.5 -0.3
"61" "57" 2011-02-28 28 "UTA" "" "BOS" "L" -5 1 33.65 0.675 0.591 0 3.8 1.7 27 1.5 0 12.4 21.4 127 113 15.3 5.7
"62" "58" 2011-03-03 28.01 "UTA" "" "DEN" "L" -2 1 33.4666666666667 0.622 0.625 0 11.6 6 40.9 1.6 0 5.6 24.8 132 116 19 9.6
"63" "59" 2011-03-05 28.02 "UTA" "" "SAC" "W" 7 1 36.4166666666667 0.478 0.417 0 14.6 7.5 31.1 4.1 0 25.5 24.3 85 96 10.4 -4
"64" "60" 2011-03-07 28.02 "UTA" "@" "NYK" "L" -22 1 22.9666666666667 0.228 0 0 7.5 2.8 35.7 2.2 0 10.2 16.7 93 136 3.9 -7.8
"65" "61" 2011-03-09 28.03 "UTA" "@" "TOR" "W" 2 1 39.4666666666667 0.521 0.474 0 6.8 3.3 20.1 2.9 1.7 18.5 31.3 100 111 13.5 0.4
"66" "62" 2011-03-11 28.03 "UTA" "@" "MIN" "L" -21 1 20.9666666666667 0.457 0.429 0 0 0 15.2 0 0 31.3 28.1 69 138 0.9 -19.6
"67" "63" 2011-03-12 28.04 "UTA" "@" "CHI" "L" -18 1 40.5833333333333 0.743 0.6 5.4 3.3 4.4 13.1 0 0 5.8 19.3 156 136 19.8 4.3
"68" "64" 2011-03-14 28.04 "UTA" "" "PHI" "W" 5 1 29.45 0.649 0.542 0 7.1 3.8 24.7 0 0 12 26.6 124 113 14.4 2.5
"69" "65" 2011-03-16 28.05 "UTA" "" "MIN" "W" 15 1 26.1833333333333 0.47 0.409 0 7.5 4.5 19 1.9 0 7.3 23.1 104 111 8.5 -4
"70" "66" 2011-03-20 28.06 "UTA" "@" "HOU" "L" -2 1 29.9166666666667 0.358 0.333 0 18.2 8 13.5 0 0 19.3 27.3 73 117 0.3 -13.1
"71" "67" 2011-03-21 28.06 "UTA" "@" "MEM" "L" -18 1 3.01666666666667 1.042 1 0 0 0 98.9 0 0 0 24.4 215 129 3.4 30.1
"72" "" 2011-03-23 28.07 "UTA" "@" "OKC" "L" -12 NA NA NA NA NA NA NA NA NA NA NA NA NA NA NA NA
"73" "" 2011-03-24 28.07 "UTA" "" "NOH" "L" -4 NA NA NA NA NA NA NA NA NA NA NA NA NA NA NA NA
"74" "" 2011-03-26 28.07 "UTA" "" "DAL" "L" -17 NA NA NA NA NA NA NA NA NA NA NA NA NA NA NA NA
"75" "" 2011-03-28 28.08 "UTA" "" "WAS" "L" -5 NA NA NA NA NA NA NA NA NA NA NA NA NA NA NA NA
"76" "" 2011-04-01 28.09 "UTA" "" "LAL" "L" -11 NA NA NA NA NA NA NA NA NA NA NA NA NA NA NA NA
"77" "" 2011-04-03 28.1 "UTA" "@" "SAC" "L" -9 NA NA NA NA NA NA NA NA NA NA NA NA NA NA NA NA
"78" "" 2011-04-05 28.1 "UTA" "@" "LAL" "W" 1 NA NA NA NA NA NA NA NA NA NA NA NA NA NA NA NA
"79" "68" 2011-04-07 28.11 "UTA" "" "POR" "L" -11 1 36.1166666666667 0.751 0.719 0 6.6 3.2 34.9 0 2.2 28.8 33.8 107 126 15.4 5.4
"80" "69" 2011-04-09 28.11 "UTA" "@" "SAS" "L" -9 1 40.1166666666667 0.448 0.318 0 3.7 1.8 27.3 4.1 0 12.1 19.6 108 125 12.1 -0.8
"81" "70" 2011-04-11 28.12 "UTA" "@" "NOH" "W" 12 1 36.3833333333333 0.61 0.538 0 6.3 3.6 22.7 0 0 16.9 26.7 107 103 11.6 -3
"82" "71" 2011-04-13 28.12 "UTA" "" "DEN" "W" 4 1 40.5833333333333 0.512 0.412 3 3.4 3.2 22.2 1.3 0 16.3 28.3 102 118 12.5 -6.5
"1" "1" 2011-12-27 28.83 "UTA" "@" "LAL" "L" -25 1 25.4333333333333 0.417 0.417 0 0 0 44.9 2.3 0 14.3 12.3 97 120 5 -2.3
"2" "2" 2011-12-28 28.83 "UTA" "@" "DEN" "L" -17 1 21.6166666666667 0.592 0.625 0 0 0 15.3 4.3 0 19.2 20.7 94 113 5.8 -0.5
"3" "3" 2011-12-30 28.84 "UTA" "" "PHI" "W" 3 1 25.8833333333333 0.635 0.5 0 14.3 6.9 21.6 2 0 21.1 33.6 107 109 12.5 1.8
"4" "4" 2011-12-31 28.84 "UTA" "@" "SAS" "L" -15 1 22.5666666666667 0.41 0.25 3.9 6.1 4.7 22.2 0 11 9.3 21.4 94 108 7 2.5
"5" "5" 2012-01-02 28.85 "UTA" "" "NOH" "W" 4 1 27.4833333333333 0.709 0.722 0 5.1 2.4 30.9 0 0 18.3 29.2 122 110 13.9 7.2
"6" "6" 2012-01-03 28.85 "UTA" "" "MIL" "W" 12 1 17.3166666666667 0 0 0 0 0 52 0 0 60 13.5 53 97 -1 -12.5
"7" "7" 2012-01-06 28.86 "UTA" "" "MEM" "W" 9 1 25.5333333333333 0.606 0.417 0 4.5 2.4 17.5 2.1 3 30.6 25 94 98 7.3 -0.2
"8" "8" 2012-01-07 28.86 "UTA" "@" "GSW" "W" 1 1 30.8 0.436 0.417 0 12.3 5.5 43.2 3.7 0 30.4 15 86 101 6.9 -2.3
"9" "9" 2012-01-10 28.87 "UTA" "" "CLE" "W" 8 1 33.4666666666667 0.291 0.278 4.3 6.2 5.4 13.6 0 2.5 8.8 15.8 82 118 1.9 -9.4
"10" "10" 2012-01-11 28.87 "UTA" "" "LAL" "L" -3 1 30.6833333333333 0.214 0.214 3.6 3.9 3.8 25.2 0 0 12.5 12.4 68 99 1.6 -6.9
"11" "11" 2012-01-14 28.88 "UTA" "" "NJN" "W" 13 1 23.5 0.333 0.333 0 4.9 2.6 30.7 4.4 0 0 5.6 135 102 5.6 -0.1
"12" "12" 2012-01-15 28.88 "UTA" "@" "DEN" "W" 10 1 25.1166666666667 0.556 0.556 0 0 0 36.8 4 0 10 17.7 122 102 10 7.5
"13" "13" 2012-01-17 28.89 "UTA" "" "LAC" "W" 29 1 25.6833333333333 0.658 0.611 0 3.6 2 25.2 0 0 23.3 23.2 108 97 8.4 -1.6
"14" "14" 2012-01-19 28.89 "UTA" "" "DAL" "L" -3 1 23.5666666666667 0.067 0 0 12.3 5.3 13.1 2.3 0 11.8 16.4 28 109 -2.3 -15.6
"15" "15" 2012-01-21 28.9 "UTA" "" "MIN" "W" 10 1 22.2 0.765 0.8 0 9.8 5.3 20.1 2.4 0 33.8 18 103 111 6.6 -1.9
"16" "16" 2012-01-25 28.91 "UTA" "" "TOR" "L" -5 1 36.45 0.713 0.708 0 9.9 5.3 36.3 1.4 2.3 5.6 22.9 145 103 22.2 13.6
"17" "17" 2012-01-27 28.92 "UTA" "@" "DAL" "L" -15 1 22.0333333333333 0.714 0.714 0 0 0 28.8 0 0 12.5 17 136 143 6.9 -2.2
"18" "18" 2012-01-28 28.92 "UTA" "" "SAC" "W" 3 1 26.1666666666667 0.666 0.6 4.2 0 2.3 37.3 2.1 2.7 22.8 15.1 128 110 10.5 4.4
"19" "19" 2012-01-30 28.92 "UTA" "" "POR" "W" 4 1 23 0.742 0.714 4.2 11 7.1 38.7 2.3 0 10.2 18.2 147 100 13.4 10.9
"20" "20" 2012-02-01 28.93 "UTA" "" "LAC" "L" -2 1 34.7333333333333 0.441 0.333 0 3.5 1.6 15.7 2.9 0 9.9 13 95 112 5.9 -3.8
"21" "" 2012-02-02 28.93 "UTA" "@" "GSW" "L" -18 NA NA NA NA NA NA NA NA NA NA NA NA NA NA NA NA
"22" "21" 2012-02-04 28.94 "UTA" "" "LAL" "W" 9 1 21.5666666666667 0.073 0 0 0 0 17.1 0 0 12.7 16.6 41 115 -2.9 -18.7
"23" "22" 2012-02-06 28.94 "UTA" "@" "NYK" "L" -11 1 29.75 0.615 0.667 0 14.7 6.5 24.3 3.4 0 29.1 15.5 93 102 7.1 0.7
"24" "23" 2012-02-07 28.95 "UTA" "@" "IND" "L" -5 1 25.6333333333333 0.557 0.5 0 4.6 2.3 19 3.9 0 0 17.8 122 106 9.5 2.1
"25" "24" 2012-02-10 28.95 "UTA" "" "OKC" "L" -14 1 28.0166666666667 0.698 0.714 0 0 0 40.7 1.9 0 33.7 20.2 100 114 7.2 -3.2
"26" "25" 2012-02-12 28.96 "UTA" "@" "MEM" "W" 10 1 27.9666666666667 0.643 0.643 0 0 0 14.7 6 0 22.2 15.2 108 101 7.6 1.9
"27" "26" 2012-02-13 28.96 "UTA" "@" "NOH" "L" -6 1 19.15 0.25 0.25 0 6.3 3.1 36.5 0 0 42.9 17.4 56 113 -1.1 -16.1
"28" "27" 2012-02-14 28.96 "UTA" "@" "OKC" "L" -26 1 15.1666666666667 0.51 0.5 0 8.6 3.5 12.3 0 0 0 16.5 119 125 1.9 -6.9
"29" "28" 2012-02-17 28.97 "UTA" "" "WAS" "W" 14 1 22.95 0.711 0.688 0 14.6 7.5 51.5 4.4 0 26.2 21.3 127 99 13.4 9.9
"30" "29" 2012-02-19 28.98 "UTA" "@" "HOU" "L" -16 1 26.4333333333333 0.654 0.583 0 5 2.3 27.4 6.5 3.4 42.1 21.2 85 114 7 0.4
"31" "30" 2012-02-20 28.98 "UTA" "" "SAS" "L" -4 1 30.25 0.889 0.875 0 4.1 2.1 20.8 0 0 32.2 18.1 120 117 8.9 -0.4
"32" "31" 2012-02-22 28.99 "UTA" "@" "MIN" "L" -2 1 25.5 0.571 0.429 0 8.2 4.2 45.1 4.3 0 10.2 17.6 131 113 11.1 3.1
"33" "32" 2012-02-28 29 "UTA" "@" "SAC" "L" -7 1 31.1833333333333 0.827 0.85 0 3.3 1.7 36.9 3.2 0 0 15.1 172 112 20.6 14.4
"34" "33" 2012-02-29 29.01 "UTA" "" "HOU" "W" 21 1 21.7 0.696 0.591 0 9.4 5.3 23.1 2.4 0 12.8 30.9 133 91 15 11.3
"35" "34" 2012-03-02 29.01 "UTA" "" "MIA" "W" 1 1 25.6166666666667 0.538 0.389 4 5.4 4.6 28.9 4.4 0 7.6 21.7 136 114 12.6 9.3
"36" "35" 2012-03-03 29.01 "UTA" "@" "DAL" "L" -6 1 27.15 0.371 0.333 0 0 0 27 0 0 17.5 18.7 84 122 2.6 -8.7
"37" "36" 2012-03-05 29.02 "UTA" "@" "CLE" "W" 9 1 15.15 0.678 0.5 0 15.8 8.3 9.4 0 0 0 19.9 157 115 7.9 1.7
"38" "37" 2012-03-07 29.02 "UTA" "@" "CHA" "W" 6 1 23.9333333333333 0.571 0.5 4.9 16.7 10.4 24.3 2.3 0 20.2 18.1 112 105 8.3 1
"39" "38" 2012-03-09 29.03 "UTA" "@" "PHI" "L" -13 1 28.15 0.727 0.667 3.4 4.5 3.9 6.3 0 2.4 12.7 12.7 134 120 8.8 0.1
"40" "" 2012-03-10 29.03 "UTA" "@" "CHI" "L" -14 NA NA NA NA NA NA NA NA NA NA NA NA NA NA NA NA
"41" "39" 2012-03-12 29.04 "UTA" "" "DET" "W" 15 1 30.4 0.66 0.5 5.1 8.8 7.1 38.6 3.5 0 12.2 26.3 138 100 18.9 9.9
"42" "40" 2012-03-14 29.04 "UTA" "@" "PHO" "L" -9 1 16.6333333333333 0.717 0.75 0 0 0 14 0 0 38.1 20.8 91 126 1.4 -10.4
"43" "41" 2012-03-15 29.05 "UTA" "" "MIN" "W" 6 1 32.0833333333333 0.527 0.464 0 3.5 1.6 19 0 0 10.5 25 109 111 9.7 -0.6
"44" "42" 2012-03-17 29.05 "UTA" "" "GSW" "W" 7 1 30.0666666666667 0.432 0.423 0 14.7 6.7 26.6 1.8 0 17.8 24.2 87 95 6.4 -2.8
"45" "43" 2012-03-18 29.05 "UTA" "@" "LAL" "W" 4 1 33.8166666666667 0.462 0.462 0 11.2 5 37 4.1 0 13.3 18.7 98 94 12.7 2.4
"46" "44" 2012-03-20 29.06 "UTA" "" "OKC" "W" 7 1 29.9833333333333 0.75 0.75 0 7 3.8 22.6 0 0 9.1 16.8 146 109 12.4 6.6
"47" "45" 2012-03-22 29.07 "UTA" "@" "SAC" "W" 1 1 28.75 0.589 0.545 0 2.8 1.7 28.9 0 1.8 7.8 18.9 127 112 12.5 4.7
"48" "46" 2012-03-23 29.07 "UTA" "" "DEN" "W" 19 1 28.4333333333333 0.666 0.625 0 3.9 2.1 36.8 3.6 0 17 18.4 135 110 14.4 6
"49" "47" 2012-03-25 29.07 "UTA" "@" "ATL" "L" -6 1 54.85 0.278 0.222 1.7 8.9 4.8 28.1 0 1.4 13.2 18.8 75 120 5 -9
"50" "48" 2012-03-26 29.08 "UTA" "@" "NJN" "W" 21 1 29.6 0.455 0.389 0 12.5 7.1 48 1.7 0 23.3 19.5 106 91 9.6 0.3
"51" "49" 2012-03-28 29.08 "UTA" "@" "BOS" "L" -12 1 34.4166666666667 0.417 0.417 0 15.1 6.4 33.4 3.1 0 40 13.1 71 104 4.5 -6.3
"52" "50" 2012-03-30 29.09 "UTA" "" "SAC" "L" -1 1 19.9666666666667 0.557 0.5 0 9.4 4.4 45 0 0 0 18.9 145 113 8.5 4.6
"53" "51" 2012-03-31 29.09 "UTA" "@" "LAC" "L" -9 1 29.7833333333333 0.563 0.5 3.7 5.4 4.4 30.4 1.8 0 31.1 10 109 120 6.4 -2
"54" "52" 2012-04-02 29.1 "UTA" "@" "POR" "W" 5 1 13.5333333333333 0.541 0.429 0 0 0 46.7 7.8 0 0 27.8 135 99 10.1 18.1
"55" "" 2012-04-04 29.1 "UTA" "" "PHO" "L" -2 NA NA NA NA NA NA NA NA NA NA NA NA NA NA NA NA
"56" "53" 2012-04-06 29.11 "UTA" "" "GSW" "W" 6 1 39.1166666666667 0.847 0.808 0 6 3.1 21.8 2.8 0 0 19.9 181 113 27.4 15.1
"57" "54" 2012-04-08 29.11 "UTA" "@" "SAS" "L" -10 1 33.15 0.545 0.5 0 4.1 1.7 25.7 1.5 0 5.7 22 116 119 13.4 5.1
"58" "55" 2012-04-09 29.12 "UTA" "" "SAS" "W" 7 1 35.85 0.561 0.5 3.3 14.2 9.1 37.1 1.5 2.1 11.9 32.1 117 97 18.6 9.2
"59" "56" 2012-04-11 29.12 "UTA" "@" "HOU" "W" 12 1 21.5166666666667 0.429 0.429 0 0 0 33.5 0 0 12.5 18.1 98 114 2.8 -9.1
"60" "57" 2012-04-13 29.13 "UTA" "@" "NOH" "L" -11 1 31.3666666666667 0.233 0.167 0 4.8 2.1 38.9 1.9 0 31.8 14.9 72 123 2.7 -8.9
"61" "58" 2012-04-14 29.13 "UTA" "@" "MEM" "L" -5 1 36.2166666666667 0.536 0.5 0 3.4 1.7 25.9 1.5 0 17.7 28.7 103 125 11.5 -1.3
"62" "59" 2012-04-16 29.13 "UTA" "" "DAL" "W" 2 1 52.8666666666667 0.599 0.618 0 2.6 1.3 26.5 0 0 13.5 20.3 112 114 14.1 0.4
"63" "60" 2012-04-18 29.14 "UTA" "@" "POR" "W" 21 1 29.6166666666667 0.765 0.733 0 13 7.4 25.9 0 0 5.4 28 154 103 22.3 14.5
"64" "61" 2012-04-21 29.15 "UTA" "" "ORL" "W" 10 1 34.7 0.599 0.571 0 9.7 5.3 29.4 0 2.6 0 25.2 140 122 18.5 6.3
"65" "62" 2012-04-24 29.16 "UTA" "" "PHO" "W" 12 1 33.9333333333333 0.543 0.5 0 11.8 5.8 14.2 2.9 0 23.7 21.2 88 89 6.9 -3.6
"66" "63" 2012-04-26 29.16 "UTA" "" "POR" "W" 2 1 12 0.34 0.3 0 19.5 9.5 38.7 13 0 33.8 33.2 63 81 2.8 0.5
"1" "1" 2012-11-02 29.68 "ATL" "" "HOU" "L" -7 1 21.6833333333333 0.45 0.45 0 8.5 4.7 14.2 4.5 0 9.1 23.1 87 109 6.6 -0.8
"2" "2" 2012-11-04 29.69 "ATL" "@" "OKC" "W" 9 0 22.65 0.595 0.5 0 0 0 5.8 0 0 0 12.2 137 115 3.8 -5.5
"3" "3" 2012-11-07 29.7 "ATL" "" "IND" "W" 3 0 14.75 0.333 0.333 0 7.2 3.5 31 0 0 40 29.8 55 103 -2.6 -21.7
"4" "4" 2012-11-09 29.7 "ATL" "" "MIA" "L" -6 0 19.6166666666667 0.515 0.333 0 13.2 6.8 23.3 0 0 34 14.2 88 111 2.6 -6
"5" "5" 2012-11-11 29.71 "ATL" "@" "LAC" "L" -13 0 25.1666666666667 0.317 0.357 0 19.6 9.7 21.9 0 5.7 20.2 18.7 65 98 2.4 -2.9
"6" "6" 2012-11-12 29.71 "ATL" "@" "POR" "W" 8 0 8.75 0.581 0.667 0 10.8 6.2 45.7 0 0 0 18 129 99 3.6 3
"7" "" 2012-11-14 29.72 "ATL" "@" "GSW" "L" -4 NA NA NA NA NA NA NA NA NA NA NA NA NA NA NA NA
"8" "7" 2012-11-16 29.72 "ATL" "@" "SAC" "W" 16 0 13.2666666666667 0 0 0 0 0 8.6 0 0 33.3 10.6 23 113 -2.1 -18.3
"9" "8" 2012-11-19 29.73 "ATL" "" "ORL" "W" 9 1 25.3333333333333 0.571 0.571 0 15.8 7.4 6.7 6 0 12.5 14.1 99 70 7.4 4.9
"10" "9" 2012-11-21 29.73 "ATL" "" "WAS" "W" 1 1 34.45 0.732 0.688 3.1 6.7 4.9 22.7 3.1 0 10.1 13.3 139 104 14.8 7.8
"11" "10" 2012-11-23 29.74 "ATL" "@" "CHA" "W" 10 0 17.65 0.546 0.583 0 0 0 8 2.8 13.4 0 18.9 112 88 7.6 8.6
"12" "" 2012-11-24 29.74 "ATL" "" "LAC" "W" 11 NA NA NA NA NA NA NA NA NA NA NA NA NA NA NA NA
"13" "11" 2012-11-28 29.75 "ATL" "" "CHA" "W" 3 0 23.6666666666667 0.444 0.429 0 5.3 2.3 25.4 4.6 0 11.3 17.1 99 103 6.6 -0.4
"14" "12" 2012-11-30 29.76 "ATL" "" "CLE" "L" -2 1 33.8166666666667 0.63 0.556 0 3.9 1.8 18.4 3.1 0 8.8 15.4 130 129 11.6 -3.6
"15" "13" 2012-12-05 29.77 "ATL" "" "DEN" "W" 4 1 31.4333333333333 1 1 0 11.7 5.3 22.2 4.8 0 33.3 11.7 130 106 13.4 6.7
"16" "14" 2012-12-07 29.78 "ATL" "" "WAS" "W" 9 1 36.1666666666667 0.588 0.545 0 3.4 1.7 23.2 0 0 19 19.5 116 113 8.8 -3.3
"17" "15" 2012-12-08 29.78 "ATL" "@" "MEM" "W" 10 1 24.8333333333333 0.399 0 0 14.1 6.9 0 4.5 0 21 9 73 92 2.7 -4.6
"18" "16" 2012-12-10 29.79 "ATL" "@" "MIA" "L" -9 1 23.1166666666667 0.286 0.286 0 16 6.5 0 2.4 0 0 14.9 62 114 -0.5 -12.4
"19" "17" 2012-12-12 29.79 "ATL" "@" "ORL" "W" 6 1 29.95 0.563 0.563 0 14.2 7.8 16.8 1.8 2.7 10.1 15.7 112 92 8.8 2.1
"20" "18" 2012-12-13 29.79 "ATL" "" "CHA" "W" 23 0 24.4833333333333 0.784 0.818 0 4.7 2.7 26.8 0 0 7.3 27.5 147 107 16 9.1
"21" "19" 2012-12-15 29.8 "ATL" "" "GSW" "L" -22 0 15.55 0 0 5.7 0 3.1 0 0 0 0 10.8 18 122 -3.4 -20.5
"22" "20" 2012-12-18 29.81 "ATL" "@" "WAS" "W" 5 1 14.4333333333333 0.667 0.667 0 0 0 16 3.7 0 33.3 30.6 81 101 3.3 -2.1
"23" "" 2012-12-19 29.81 "ATL" "" "OKC" "L" -8 NA NA NA NA NA NA NA NA NA NA NA NA NA NA NA NA
"24" "" 2012-12-21 29.82 "ATL" "@" "PHI" "L" -19 NA NA NA NA NA NA NA NA NA NA NA NA NA NA NA NA
"25" "" 2012-12-22 29.82 "ATL" "" "CHI" "W" 17 NA NA NA NA NA NA NA NA NA NA NA NA NA NA NA NA
"26" "" 2012-12-26 29.83 "ATL" "" "DET" "W" 7 NA NA NA NA NA NA NA NA NA NA NA NA NA NA NA NA
"27" "" 2012-12-28 29.84 "ATL" "@" "CLE" "W" 8 NA NA NA NA NA NA NA NA NA NA NA NA NA NA NA NA
"28" "" 2012-12-29 29.84 "ATL" "" "IND" "W" 9 NA NA NA NA NA NA NA NA NA NA NA NA NA NA NA NA
"29" "" 2012-12-31 29.84 "ATL" "@" "HOU" "L" -19 NA NA NA NA NA NA NA NA NA NA NA NA NA NA NA NA
"30" "" 2013-01-01 29.85 "ATL" "@" "NOH" "W" 9 NA NA NA NA NA NA NA NA NA NA NA NA NA NA NA NA
"31" "" 2013-01-04 29.85 "ATL" "@" "DET" "L" -1 NA NA NA NA NA NA NA NA NA NA NA NA NA NA NA NA
"32" "" 2013-01-05 29.86 "ATL" "" "BOS" "L" -8 NA NA NA NA NA NA NA NA NA NA NA NA NA NA NA NA
"33" "" 2013-01-08 29.87 "ATL" "@" "MIN" "L" -5 NA NA NA NA NA NA NA NA NA NA NA NA NA NA NA NA
"34" "21" 2013-01-09 29.87 "ATL" "@" "CLE" "L" -16 0 12.1333333333333 0 0 0 8.4 4.3 0 4.6 0 0 8 0 109 -0.9 -14.3
"35" "22" 2013-01-11 29.87 "ATL" "" "UTA" "W" 8 1 35.35 1.042 1.125 4.2 11.3 8 22.3 3 0 20.7 20.7 161 106 24.1 15
"36" "23" 2013-01-12 29.88 "ATL" "@" "WAS" "L" -10 1 21.9833333333333 0.581 0.583 0 9.9 4.9 46.6 2.3 0 22.5 18.5 100 98 6.9 2.6
"37" "24" 2013-01-14 29.88 "ATL" "@" "CHI" "L" -39 1 16.0333333333333 0 0 0 13.9 6.1 0 0 0 28.6 20.9 0 113 -6.1 -27.7
"38" "25" 2013-01-16 29.89 "ATL" "" "BRK" "W" 14 1 35.2 0.682 0.636 0 12.7 7 18.5 6.5 0 18.5 21.8 127 103 17.6 7.8
"39" "26" 2013-01-18 29.89 "ATL" "@" "BRK" "L" -5 1 32.55 0.535 0.5 0 10.8 5.3 16.9 0 0 0 23.1 110 104 10.7 2.3
"40" "27" 2013-01-19 29.9 "ATL" "" "SAS" "L" -5 0 17.45 0.611 0.625 0 6.5 3.1 11.5 0 0 8.6 29.2 114 108 7 5.1
"41" "" 2013-01-21 29.9 "ATL" "" "MIN" "W" 8 NA NA NA NA NA NA NA NA NA NA NA NA NA NA NA NA
"42" "" 2013-01-23 29.91 "ATL" "@" "CHA" "W" 12 NA NA NA NA NA NA NA NA NA NA NA NA NA NA NA NA
"43" "28" 2013-01-25 29.91 "ATL" "" "BOS" "W" 12 0 38.35 0.474 0.385 0 9.7 4.7 8.4 2.8 2 11.9 20.8 92 101 8.3 -4.2
"44" "29" 2013-01-27 29.92 "ATL" "@" "NYK" "L" -2 1 21.25 0.307 0.25 0 31.2 16.1 12.3 5.3 5 17 14.3 77 111 4.5 -0.1
"45" "30" 2013-01-30 29.93 "ATL" "" "TOR" "W" 1 1 31.8666666666667 0.538 0.5 0 0 0 23.9 3.2 2.4 28.7 15.7 90 102 7.1 -1.1
"46" "" 2013-02-02 29.93 "ATL" "" "CHI" "L" -17 NA NA NA NA NA NA NA NA NA NA NA NA NA NA NA NA
"47" "" 2013-02-05 29.94 "ATL" "@" "IND" "L" -11 NA NA NA NA NA NA NA NA NA NA NA NA NA NA NA NA
"48" "31" 2013-02-06 29.95 "ATL" "" "MEM" "W" 11 0 16.7166666666667 0.645 0.5 0 5.9 3.4 26.7 0 0 13.9 21.3 128 109 6.6 0
"49" "32" 2013-02-08 29.95 "ATL" "" "NOH" "L" -11 0 17.6166666666667 0.5 0.5 0 14 7.1 16.9 2.9 0 50 10.8 68 117 1.2 -10.7
"50" "33" 2013-02-11 29.96 "ATL" "@" "DAL" "W" 4 1 31.8 0.631 0.591 0 0 0 23.3 1.6 0 20.2 21.4 110 108 9.6 0.5
"51" "34" 2013-02-13 29.96 "ATL" "@" "ORL" "W" 32 1 25.4 0.258 0 0 12.9 6 23 2 0 27.9 18.3 67 83 1.8 -10.8
"52" "35" 2013-02-20 29.98 "ATL" "" "MIA" "L" -13 0 19.55 0.475 0.4 0 23.4 13.1 23.7 0 0 0 15.8 114 114 5.8 -1.8
"53" "36" 2013-02-22 29.99 "ATL" "" "SAC" "W" 14 0 12.9666666666667 0.85 0.8 0 15.1 8.1 19.5 0 0 0 20.5 176 117 8.9 8
"54" "37" 2013-02-23 29.99 "ATL" "@" "MIL" "W" 1 1 38.8333333333333 0.852 0.818 0 2.6 1.2 16.3 1.3 0 7.5 15.2 156 113 19.2 6.7
"55" "38" 2013-02-25 30 "ATL" "@" "DET" "W" 11 0 13.3166666666667 0.751 0.75 0 9.2 4.6 37 3.8 0 12 29.2 135 106 9.2 11.3
"56" "39" 2013-02-27 30 "ATL" "@" "UTA" "W" 11 1 31.7333333333333 0.581 0.556 0 6.7 3.6 9.5 5.1 0 16.2 18.9 100 99 9.1 1.3
"57" "40" 2013-03-01 30.01 "ATL" "@" "PHO" "L" -5 0 27.15 0.558 0.444 0 4.2 2.2 44.3 1.9 0 31.7 27.1 90 103 7 -5.1
"58" "41" 2013-03-03 30.01 "ATL" "@" "LAL" "L" -1 0 24.4833333333333 0.775 0.722 0 14.7 7.4 37.7 6 0 0 19.7 156 96 19.4 17.6
"59" "42" 2013-03-04 30.01 "ATL" "@" "DEN" "L" -16 0 20.9333333333333 0.506 0.45 0 12.4 5.5 17.1 0 6.5 15.5 27.1 92 110 6.2 0.4
"60" "43" 2013-03-06 30.02 "ATL" "" "PHI" "W" 11 1 26.5333333333333 0.355 0.375 4.5 11.8 8.4 9.6 2 0 10.6 16.8 80 104 3 -9.6
"61" "44" 2013-03-08 30.02 "ATL" "@" "BOS" "L" -5 1 27.8166666666667 0.551 0.55 0 5.8 2.5 6.3 0 0 15.5 22.4 89 114 5.2 -8.4
"62" "45" 2013-03-09 30.03 "ATL" "" "BRK" "L" -13 0 26.3166666666667 0.444 0.4 0 9.1 4.2 57.9 0 0 0 12.2 130 109 7.8 3.4
"63" "46" 2013-03-12 30.04 "ATL" "@" "MIA" "L" -17 0 18.8166666666667 0.583 0.583 0 10.9 5.8 40.3 2.7 0 25 19.2 100 105 5.6 2.8
"64" "47" 2013-03-13 30.04 "ATL" "" "LAL" "W" 4 1 34.4333333333333 0.459 0.433 0 7.6 4.3 34.1 0 0 9.7 28.5 99 104 10.7 -1.5
"65" "48" 2013-03-15 30.04 "ATL" "" "PHO" "W" 13 1 23.8 0.794 0.778 0 18.3 9.3 34.9 5.9 0 17.5 20.8 134 85 15.6 11.4
"66" "49" 2013-03-17 30.05 "ATL" "@" "BRK" "W" 12 1 9.2 0.41 0.375 0 11.3 5.9 53.8 5.8 0 29.1 35.6 84 99 1.7 -7.8
"67" "50" 2013-03-18 30.05 "ATL" "" "DAL" "L" -14 1 23.0833333333333 0.635 0.643 0 5.8 3 12.3 2.2 3.1 11.3 18 114 131 8.3 -0.7
"68" "51" 2013-03-20 30.06 "ATL" "" "MIL" "W" 8 1 38.85 0.621 0.5 0 2.3 1.3 22.4 2.7 0 7.6 15.8 133 103 15 4.1
"69" "52" 2013-03-22 30.06 "ATL" "" "POR" "L" -11 0 14.1333333333333 0.5 0.5 0 7.5 3.8 63.3 3.7 0 11.1 30.3 103 112 7.4 9.2
"70" "53" 2013-03-24 30.07 "ATL" "@" "MIL" "W" 5 1 29.0333333333333 0.621 0.583 4.4 6.7 5.7 21.5 1.8 2.3 13.4 24.5 115 109 13 4.4
"71" "" 2013-03-25 30.07 "ATL" "@" "IND" "L" -6 NA NA NA NA NA NA NA NA NA NA NA NA NA NA NA NA
"72" "" 2013-03-27 30.08 "ATL" "@" "TOR" "W" 19 NA NA NA NA NA NA NA NA NA NA NA NA NA NA NA NA
"73" "" 2013-03-29 30.08 "ATL" "@" "BOS" "L" -11 NA NA NA NA NA NA NA NA NA NA NA NA NA NA NA NA
"74" "54" 2013-03-30 30.08 "ATL" "" "ORL" "W" 9 1 34.0166666666667 0.776 0.857 0 10.9 5.8 31.4 1.5 0 15.4 17 138 95 16.9 8.8
"75" "55" 2013-04-01 30.09 "ATL" "" "CLE" "W" 8 1 43.15 0.609 0.5 2.4 6.4 4.1 27.7 3.6 0 8.9 24.2 126 101 22.3 5.7
"76" "" 2013-04-03 30.1 "ATL" "" "NYK" "L" -13 NA NA NA NA NA NA NA NA NA NA NA NA NA NA NA NA
"77" "" 2013-04-05 30.1 "ATL" "" "PHI" "L" -11 NA NA NA NA NA NA NA NA NA NA NA NA NA NA NA NA
"78" "" 2013-04-06 30.1 "ATL" "@" "SAS" "L" -2 NA NA NA NA NA NA NA NA NA NA NA NA NA NA NA NA
"79" "56" 2013-04-10 30.12 "ATL" "@" "PHI" "W" 23 1 18.3 0.515 0.417 0 5.6 3.1 48 0 0 11.4 21 126 111 8.3 2
"80" "57" 2013-04-12 30.12 "ATL" "" "MIL" "W" 5 1 33.2666666666667 0.43 0.342 0 11.3 6.1 20.2 4.2 0 15.3 33.3 84 101 10.6 -4.3
"81" "58" 2013-04-16 30.13 "ATL" "" "TOR" "L" -17 1 17.1666666666667 0.313 0.313 0 7.4 3.1 19 0 0 0 20.5 81 125 0.7 -12.4
"82" "" 2013-04-17 30.13 "ATL" "@" "NYK" "L" -6 NA NA NA NA NA NA NA NA NA NA NA NA NA NA NA NA
"1" "" 2013-10-30 30.67 "DAL" "" "ATL" "W" 9 NA NA NA NA NA NA NA NA NA NA NA NA NA NA NA NA
"2" "" 2013-11-01 30.68 "DAL" "@" "HOU" "L" -8 NA NA NA NA NA NA NA NA NA NA NA NA NA NA NA NA
"3" "" 2013-11-02 30.68 "DAL" "" "MEM" "W" 12 NA NA NA NA NA NA NA NA NA NA NA NA NA NA NA NA
"4" "" 2013-11-05 30.69 "DAL" "" "LAL" "W" 19 NA NA NA NA NA NA NA NA NA NA NA NA NA NA NA NA
"5" "" 2013-11-06 30.69 "DAL" "@" "OKC" "L" -14 NA NA NA NA NA NA NA NA NA NA NA NA NA NA NA NA
"6" "" 2013-11-08 30.7 "DAL" "@" "MIN" "L" -8 NA NA NA NA NA NA NA NA NA NA NA NA NA NA NA NA
"7" "" 2013-11-09 30.7 "DAL" "@" "MIL" "W" 8 NA NA NA NA NA NA NA NA NA NA NA NA NA NA NA NA
"8" "" 2013-11-12 30.71 "DAL" "" "WAS" "W" 10 NA NA NA NA NA NA NA NA NA NA NA NA NA NA NA NA
"9" "" 2013-11-15 30.72 "DAL" "@" "MIA" "L" -6 NA NA NA NA NA NA NA NA NA NA NA NA NA NA NA NA
"10" "" 2013-11-16 30.72 "DAL" "@" "ORL" "W" 8 NA NA NA NA NA NA NA NA NA NA NA NA NA NA NA NA
"11" "" 2013-11-18 30.72 "DAL" "" "PHI" "W" 3 NA NA NA NA NA NA NA NA NA NA NA NA NA NA NA NA
"12" "" 2013-11-20 30.73 "DAL" "" "HOU" "W" 3 NA NA NA NA NA NA NA NA NA NA NA NA NA NA NA NA
"13" "" 2013-11-22 30.73 "DAL" "" "UTA" "W" 10 NA NA NA NA NA NA NA NA NA NA NA NA NA NA NA NA
"14" "" 2013-11-23 30.74 "DAL" "@" "DEN" "L" -2 NA NA NA NA NA NA NA NA NA NA NA NA NA NA NA NA
"15" "" 2013-11-25 30.74 "DAL" "" "DEN" "L" -14 NA NA NA NA NA NA NA NA NA NA NA NA NA NA NA NA
"16" "" 2013-11-27 30.75 "DAL" "" "GSW" "W" 4 NA NA NA NA NA NA NA NA NA NA NA NA NA NA NA NA
"17" "" 2013-11-29 30.75 "DAL" "@" "ATL" "L" -1 NA NA NA NA NA NA NA NA NA NA NA NA NA NA NA NA
"18" "" 2013-11-30 30.76 "DAL" "" "MIN" "L" -6 NA NA NA NA NA NA NA NA NA NA NA NA NA NA NA NA
"19" "" 2013-12-03 30.76 "DAL" "" "CHA" "W" 7 NA NA NA NA NA NA NA NA NA NA NA NA NA NA NA NA
"20" "" 2013-12-04 30.77 "DAL" "@" "NOP" "W" 3 NA NA NA NA NA NA NA NA NA NA NA NA NA NA NA NA
"21" "" 2013-12-07 30.78 "DAL" "@" "POR" "W" 2 NA NA NA NA NA NA NA NA NA NA NA NA NA NA NA NA
"22" "" 2013-12-09 30.78 "DAL" "@" "SAC" "L" -15 NA NA NA NA NA NA NA NA NA NA NA NA NA NA NA NA
"23" "" 2013-12-11 30.79 "DAL" "@" "GSW" "L" -2 NA NA NA NA NA NA NA NA NA NA NA NA NA NA NA NA
"24" "" 2013-12-14 30.79 "DAL" "" "MIL" "W" 13 NA NA NA NA NA NA NA NA NA NA NA NA NA NA NA NA
"25" "" 2013-12-18 30.81 "DAL" "" "MEM" "W" 14 NA NA NA NA NA NA NA NA NA NA NA NA NA NA NA NA
"26" "" 2013-12-20 30.81 "DAL" "" "TOR" "L" -1 NA NA NA NA NA NA NA NA NA NA NA NA NA NA NA NA
"27" "" 2013-12-21 30.81 "DAL" "@" "PHO" "L" -15 NA NA NA NA NA NA NA NA NA NA NA NA NA NA NA NA
"28" "" 2013-12-23 30.82 "DAL" "@" "HOU" "W" 7 NA NA NA NA NA NA NA NA NA NA NA NA NA NA NA NA
"29" "" 2013-12-26 30.83 "DAL" "" "SAS" "L" -9 NA NA NA NA NA NA NA NA NA NA NA NA NA NA NA NA
"30" "" 2013-12-28 30.83 "DAL" "@" "CHI" "W" 22 NA NA NA NA NA NA NA NA NA NA NA NA NA NA NA NA
"31" "" 2013-12-30 30.84 "DAL" "@" "MIN" "W" 2 NA NA NA NA NA NA NA NA NA NA NA NA NA NA NA NA
"32" "" 2014-01-01 30.84 "DAL" "@" "WAS" "W" 9 NA NA NA NA NA NA NA NA NA NA NA NA NA NA NA NA
"33" "" 2014-01-03 30.85 "DAL" "" "LAC" "L" -7 NA NA NA NA NA NA NA NA NA NA NA NA NA NA NA NA
"34" "" 2014-01-05 30.85 "DAL" "" "NYK" "L" -12 NA NA NA NA NA NA NA NA NA NA NA NA NA NA NA NA
"35" "" 2014-01-07 30.86 "DAL" "" "LAL" "W" 13 NA NA NA NA NA NA NA NA NA NA NA NA NA NA NA NA
"36" "" 2014-01-08 30.86 "DAL" "@" "SAS" "L" -22 NA NA NA NA NA NA NA NA NA NA NA NA NA NA NA NA
"37" "" 2014-01-10 30.87 "DAL" "@" "NOP" "W" 17 NA NA NA NA NA NA NA NA NA NA NA NA NA NA NA NA
"38" "" 2014-01-11 30.87 "DAL" "" "NOP" "W" 3 NA NA NA NA NA NA NA NA NA NA NA NA NA NA NA NA
"39" "" 2014-01-13 30.88 "DAL" "" "ORL" "W" 19 NA NA NA NA NA NA NA NA NA NA NA NA NA NA NA NA
"40" "" 2014-01-15 30.88 "DAL" "@" "LAC" "L" -2 NA NA NA NA NA NA NA NA NA NA NA NA NA NA NA NA
"41" "" 2014-01-17 30.89 "DAL" "@" "PHO" "W" 3 NA NA NA NA NA NA NA NA NA NA NA NA NA NA NA NA
"42" "1" 2014-01-18 30.89 "DAL" "" "POR" "L" -16 0 17.4 0.521 0.5 0 0 0 15.1 0 0 0 14.6 116 132 4.2 -4
"43" "2" 2014-01-20 30.9 "DAL" "@" "CLE" "W" 5 0 13.9833333333333 0.143 0.143 0 22.9 12.1 0 0 0 0 23.3 32 106 -2 -20.5
"44" "3" 2014-01-22 30.9 "DAL" "@" "TOR" "L" -8 0 14.2666666666667 0.5 0.5 0 9.6 4.6 32.9 3.7 0 0 10.1 129 100 4.3 8.1
"45" "4" 2014-01-24 30.91 "DAL" "@" "BRK" "L" -1 0 15.8 0.902 0.833 0 0 0 55.6 0 0 0 21.9 197 120 11.8 15.7
"46" "5" 2014-01-26 30.91 "DAL" "" "DET" "W" 10 0 24.05 0.799 0.714 0 4.1 2.5 39.9 0 0 10.2 18.9 162 117 13.7 7.8
"47" "6" 2014-01-29 30.92 "DAL" "" "HOU" "L" -2 0 24.5333333333333 0.658 0.625 0 5.1 2.4 19.4 0 0 8.6 19.7 131 124 9 -0.7
"48" "7" 2014-01-31 30.93 "DAL" "" "SAC" "W" 4 0 17.75 0.421 0.286 13.2 0 7.1 41.5 0 0 0 22.5 124 129 7.4 0.6
"49" "8" 2014-02-03 30.93 "DAL" "" "CLE" "W" 17 0 19.1 0.752 0.625 0 5.6 3.3 29.6 0 0 8.6 28 157 123 13.7 8.2
"50" "9" 2014-02-05 30.94 "DAL" "@" "MEM" "W" 14 0 16.9666666666667 0.347 0.333 0 8.8 4.2 21.7 0 0 31.6 17.5 72 115 0.5 -11.7
"51" "10" 2014-02-07 30.95 "DAL" "" "UTA" "W" 22 0 17.4 0.318 0.318 6.6 25.7 16.2 18.6 0 0 15.4 36 69 96 1.8 -14
"52" "11" 2014-02-09 30.95 "DAL" "@" "BOS" "W" 11 0 23.0833333333333 0.558 0.444 0 8.5 4.6 50.7 0 0 15.7 26.6 117 108 10 0.2
"53" "12" 2014-02-11 30.96 "DAL" "@" "CHA" "L" -25 0 20.4166666666667 0.571 0.5 0 0 0 39.3 2.7 0 11.3 21.9 118 130 8.4 3.5
"54" "" 2014-02-12 30.96 "DAL" "@" "IND" "W" 8 NA NA NA NA NA NA NA NA NA NA NA NA NA NA NA NA
"55" "13" 2014-02-18 30.98 "DAL" "" "MIA" "L" -11 0 18.9 0.945 0.833 0 28.2 13 43.9 0 0 38.7 17.1 132 132 9 5.1
"56" "14" 2014-02-21 30.98 "DAL" "@" "PHI" "W" 12 0 19.6166666666667 0.726 0.75 0 9.1 6 42.1 2.3 0 32.6 20.3 121 108 9.3 -0.3
"57" "15" 2014-02-22 30.99 "DAL" "@" "DET" "W" 11 0 18.85 0.51 0.4 0 23.7 11.4 19.6 0 3.6 14.5 15.4 111 107 5.1 -4.1
"58" "16" 2014-02-24 30.99 "DAL" "@" "NYK" "W" 2 0 14.3333333333333 0.258 0 0 39.4 17.9 65.3 0 0 34 19.1 99 118 3.9 -4.6
"59" "17" 2014-02-26 31 "DAL" "" "NOP" "W" 19 0 22.2 0.19 0.143 0 10.8 5.8 22.3 0 0 11.3 20.1 60 109 0.1 -17.8
"60" "18" 2014-02-28 31 "DAL" "" "CHI" "L" -9 0 15.2333333333333 0.258 0 0 9.5 3.8 37.1 0 0 34 17.6 67 117 0.2 -13.8
"61" "19" 2014-03-02 31.01 "DAL" "@" "SAS" "L" -6 0 20.9166666666667 0.405 0.389 0 5.7 2.6 0 0 0 0 20.6 89 127 1.6 -11.5
"62" "20" 2014-03-05 31.02 "DAL" "@" "DEN" "L" -5 0 17.8166666666667 0.17 0 7.7 19.7 14.2 64.4 2.9 0 14.5 17.5 107 118 7 4.2
"63" "21" 2014-03-07 31.02 "DAL" "" "POR" "W" 5 0 22.8666666666667 0.732 0.75 0 14.6 7.2 7.3 2.2 0 10.9 18.8 131 104 8.6 2.4
"64" "22" 2014-03-09 31.03 "DAL" "" "IND" "W" 11 0 23.55 0.893 0.889 0 5.5 2.5 42.9 9.3 0 8.2 23.8 169 94 21.3 30.4
"65" "23" 2014-03-11 31.03 "DAL" "@" "GSW" "L" -23 0 6.8 0.266 0 0 0 0 0 0 0 0 11.8 61 119 -0.1 -11.8
"66" "24" 2014-03-12 31.04 "DAL" "@" "UTA" "W" 7 0 19.65 0.636 0.611 0 16.3 9.3 24.6 0 0 24.1 31.2 100 111 6.9 -4.5
"67" "25" 2014-03-16 31.05 "DAL" "@" "OKC" "W" 23 0 20.9 0.621 0.583 7.4 15.7 12.2 41.6 0 0 13.4 16.8 142 100 9.4 6.2
"68" "26" 2014-03-17 31.05 "DAL" "" "BOS" "W" 5 0 19.65 0.564 0.438 0 14.4 7.9 57.1 5.4 0 8.6 28.4 122 89 12.9 15
"69" "27" 2014-03-19 31.05 "DAL" "" "MIN" "L" -1 0 31.9333333333333 0.492 0.364 0 13.5 6.8 16.4 3 0 23.3 23.4 88 111 7.7 -5.6
"70" "28" 2014-03-21 31.06 "DAL" "" "DEN" "W" 16 0 24.2833333333333 0.486 0.2 0 9.2 4.8 12.9 2.1 0 29.4 17.9 92 115 4.6 -8.8
"71" "29" 2014-03-23 31.07 "DAL" "" "BRK" "L" -3 0 40.4666666666667 0.367 0.367 7.7 10.9 9.3 26.4 0 0 21.1 21.2 83 117 3.6 -7.7
"72" "30" 2014-03-25 31.07 "DAL" "" "OKC" "W" 9 0 17.7166666666667 0.563 0.5 0 13 7 7.7 0 0 0 10.9 132 116 4.3 -3.8
"73" "31" 2014-03-27 31.08 "DAL" "" "LAC" "L" -6 0 19.3333333333333 0.486 0.3 0 5.5 3 21.6 7.8 0 35.7 25.8 78 105 4.5 -1.4
"74" "32" 2014-03-29 31.08 "DAL" "" "SAC" "W" 3 0 16.3833333333333 0.226 0 0 6.8 3.6 17.2 0 0 13.1 23 56 114 -0.7 -18.7
"75" "33" 2014-04-01 31.09 "DAL" "" "GSW" "L" -2 0 16.3666666666667 0.635 0.571 0 8.5 3.7 34.7 0 0 0 23 154 134 8.2 4.3
"76" "34" 2014-04-03 31.1 "DAL" "@" "LAC" "W" 6 0 23.3666666666667 0.5 0.5 0 12.3 7.1 39 0 0 0 12.1 143 119 8 3.2
"77" "35" 2014-04-04 31.1 "DAL" "@" "LAL" "W" 12 0 23.8166666666667 0.438 0.438 0 4.3 2.2 37.2 4.2 0 27.3 19.3 90 97 6 0
"78" "36" 2014-04-06 31.1 "DAL" "@" "SAC" "W" 2 0 16.95 0.218 0.167 0 16.2 6.7 59.8 3.2 0 0 18.5 99 102 4.9 0.4
"79" "37" 2014-04-08 31.11 "DAL" "@" "UTA" "W" 12 0 17.35 0.666 0.7 0 5.2 3.3 52.4 7.1 0 22.8 28.2 124 98 10.4 15.4
"80" "38" 2014-04-10 31.12 "DAL" "" "SAS" "L" -9 0 27.1666666666667 0.376 0.188 0 7.2 3.9 19 5.7 3.3 15.8 21.8 81 109 7.5 3.1
"81" "39" 2014-04-12 31.12 "DAL" "" "PHO" "W" 3 0 31.05 0.375 0.375 0 6.9 3.7 24.8 1.7 0 33.3 8.9 93 110 3.2 -4
"82" "40" 2014-04-16 31.13 "DAL" "@" "MEM" "L" -1 0 25.5666666666667 0.563 0.5 0 14.1 7.1 58.1 4.5 0 31.1 24.3 108 109 11.1 6.2
"1" "1" 2014-10-28 31.67 "DAL" "@" "SAS" "L" -1 0 29.1166666666667 0.618 0.583 0 0 0 29.3 3.8 0 6.8 25.3 130 117 14.7 9.4
"2" "2" 2014-10-30 31.67 "DAL" "" "UTA" "W" 18 0 24.2333333333333 0.558 0.5 0 4.3 2.4 14.5 2.2 0 8.5 22.4 123 118 8.9 1.4
"3" "3" 2014-11-01 31.68 "DAL" "@" "NOP" "W" 5 0 27.4833333333333 0.685 0.714 0 11.1 5.8 26.9 1.8 0 0 14 154 108 13.2 9.9
"4" "4" 2014-11-03 31.68 "DAL" "" "BOS" "W" 5 0 29.5 0.607 0.556 0 6.4 3.8 26 1.6 0 9.2 16.4 133 117 12.1 3.5
"5" "5" 2014-11-06 31.69 "DAL" "@" "POR" "L" -21 0 26.5833333333333 0.421 0.286 3.7 9.5 6.2 24.6 2 0 0 14.4 107 119 7.2 0
"6" "6" 2014-11-07 31.69 "DAL" "@" "UTA" "W" 23 0 20.4666666666667 1.064 1.25 0 12.3 5.7 37.7 5.4 0 34.7 13.2 149 90 10.6 13.5
"7" "7" 2014-11-09 31.7 "DAL" "" "MIA" "L" -9 0 20.9333333333333 0.129 0 0 7.2 2.9 13.1 2.6 4.3 0 8.3 61 116 1.9 -6.3
"8" "8" 2014-11-11 31.7 "DAL" "" "SAC" "W" 8 0 32.6833333333333 0.685 0.571 0 8.2 3.9 22.9 4.9 0 18.6 15.6 127 105 12.2 3.1
"9" "9" 2014-11-13 31.71 "DAL" "" "PHI" "W" 53 0 12.2833333333333 0.902 0.833 0 13 8.1 11.8 7.9 0 0 13.7 185 61 9 19.1
"10" "10" 2014-11-15 31.72 "DAL" "" "MIN" "W" 14 0 20.8666666666667 0.438 0.438 0 11.5 5.7 25.5 0 3.3 0 16.6 120 120 5.8 -4.1
"11" "11" 2014-11-17 31.72 "DAL" "@" "CHO" "W" 27 0 10.2333333333333 0 0 0 10 5.5 54.5 0 0 0 4.8 145 98 2.7 2
"12" "" 2014-11-19 31.73 "DAL" "@" "WAS" "W" 3 NA NA NA NA NA NA NA NA NA NA NA NA NA NA NA NA
"13" "" 2014-11-21 31.73 "DAL" "" "LAL" "W" 34 NA NA NA NA NA NA NA NA NA NA NA NA NA NA NA NA
"14" "12" 2014-11-22 31.73 "DAL" "@" "HOU" "L" -3 0 23.8666666666667 0.541 0.429 0 0 0 6.5 2.2 0 19.4 18.6 99 110 4.2 -0.7
"15" "13" 2014-11-24 31.74 "DAL" "" "IND" "L" -11 0 18.6833333333333 0.2 0.2 0 0 0 20.6 0 0 16.7 15.2 59 125 -1.6 -15.8
"16" "14" 2014-11-26 31.75 "DAL" "" "NYK" "W" 7 1 39.5666666666667 0.356 0.25 0 5.3 2.5 30.3 2.6 2.1 7.3 14.9 97 103 9.5 0.2
"17" "15" 2014-11-28 31.75 "DAL" "@" "TOR" "W" 4 1 32.8333333333333 0.602 0.375 0 6.4 3.2 22.8 1.5 2.5 23.1 12.2 116 110 8.5 -1
"18" "16" 2014-11-29 31.75 "DAL" "@" "PHI" "W" 7 1 30.5166666666667 0.524 0.5 3.4 12.8 8.3 25.7 1.6 2.5 17.3 23.9 100 106 10.8 -1.5
"19" "17" 2014-12-02 31.76 "DAL" "@" "CHI" "W" 3 0 35.25 1 1 0 13.4 6.7 37.1 1.4 0 9.1 14.2 181 114 21 14.4
"20" "18" 2014-12-03 31.76 "DAL" "@" "MIL" "W" 2 0 18.2166666666667 0.167 0.167 0 21.4 9.3 20.1 0 0 33.3 20.2 43 113 -2.6 -18.1
"21" "19" 2014-12-05 31.77 "DAL" "" "PHO" "L" -12 0 23.65 0.512 0.375 4.1 5.8 4.8 6 2.2 0 17 21.3 100 126 5.5 -4.2
"22" "20" 2014-12-07 31.78 "DAL" "" "MIL" "W" 23 0 22.95 0.6 0.6 0 5.4 2.9 4.7 0 0 0 10.1 130 118 4.3 -5.7
"23" "21" 2014-12-09 31.78 "DAL" "@" "MEM" "L" -9 0 25.9 0.615 0.625 4.5 8.6 6.6 10.8 0 0 29.1 11.9 104 132 2.7 -7.9
"24" "22" 2014-12-10 31.78 "DAL" "" "NOP" "W" 5 0 25.5 0.744 0.731 0 9.4 5.1 19.5 2.1 0 6.9 27.6 141 120 15.2 9.7
"25" "23" 2014-12-13 31.79 "DAL" "" "GSW" "L" -7 0 21.7833333333333 0.403 0.357 0 4.9 2.2 7 4.5 0 0 14 101 106 4.1 1.2
"26" "24" 2014-12-16 31.8 "DAL" "@" "NYK" "W" 20 0 17.95 0.917 0.917 0 26.1 14.1 17.1 0 0 25 20.7 124 101 9 7.1
"27" "25" 2014-12-17 31.8 "DAL" "@" "DET" "W" 11 0 21.9666666666667 0.82 0.75 0 14.3 7.5 55.2 6.8 0 29.1 13.9 144 100 13.4 16
"28" "26" 2014-12-20 31.81 "DAL" "" "SAS" "W" 6 0 22.5833333333333 0.542 0.542 0 0 0 24.2 4.6 0 0 23.9 123 102 9.9 9.8
"29" "27" 2014-12-22 31.82 "DAL" "" "ATL" "L" -3 0 20.45 0.935 0.9 0 0 0 7.3 0 0 0 12.1 189 113 9 6.4
"30" "28" 2014-12-23 31.82 "DAL" "@" "PHO" "L" -9 0 17.2666666666667 0.255 0.2 0 0 0 7.3 0 0 25.4 18.1 50 125 -3 -18
"31" "29" 2014-12-26 31.83 "DAL" "" "LAL" "W" 4 0 14.9833333333333 0.375 0.375 0 0 0 0 9.9 0 0 24.1 74 93 4.2 1.2
"32" "30" 2014-12-28 31.83 "DAL" "" "OKC" "W" 5 0 23.7333333333333 0.102 0 0 0 0 31.1 2 0 17 10.6 65 109 1.6 -7.3
"33" "31" 2014-12-30 31.84 "DAL" "" "WAS" "W" 27 0 12.9333333333333 0.521 0.5 0 9.1 4.5 28.3 3.8 6 0 10.5 134 86 5.7 11
"34" "32" 2015-01-02 31.85 "DAL" "@" "BOS" "W" 18 0 17.4666666666667 0.563 0.5 0 6.1 3.1 22.4 2.9 0 0 21.3 143 106 8.6 7.4
"35" "33" 2015-01-04 31.85 "DAL" "@" "CLE" "W" 19 0 18 0.5 0.5 0 6.1 3.6 14.8 3 8.7 11.1 25.9 94 98 6.3 2.4
"36" "34" 2015-01-05 31.85 "DAL" "@" "BRK" "W" 8 0 17.2 0.643 0.643 0 14 6 25 0 5.2 12.5 21.9 112 92 7.4 8.1
"37" "35" 2015-01-07 31.86 "DAL" "" "DET" "L" -13 0 21.4833333333333 0.751 0.75 0 12.9 6.5 16.7 4.5 0 9.7 21.2 131 105 12.1 9.7
"38" "36" 2015-01-10 31.87 "DAL" "@" "LAC" "L" -20 0 17.6833333333333 0.425 0.4 0 19.9 9.4 41.7 0 0 25.4 20.5 88 127 3.5 -7.7
"39" "37" 2015-01-13 31.88 "DAL" "@" "SAC" "W" 4 0 22.3 0.455 0.389 0 10.8 4.6 6.6 2.2 0 0 19.5 99 100 5.8 -1.2
"40" "38" 2015-01-14 31.88 "DAL" "@" "DEN" "L" -7 0 26.3333333333333 0.44 0.385 0 9.1 4.1 22.9 1.8 0 0 23 102 114 9.1 -2.4
"41" "39" 2015-01-16 31.88 "DAL" "" "DEN" "W" 8 0 17.15 0.444 0.3 0 0 0 9.3 0 0 0 17.9 102 102 2.4 -4.9
"42" "40" 2015-01-19 31.89 "DAL" "@" "MEM" "W" 8 0 22.9166666666667 0.711 0.688 4.7 21.5 12.5 26.7 4.5 0 10.6 19.1 140 96 12.2 11.9
"43" "41" 2015-01-21 31.9 "DAL" "@" "MIN" "W" 23 0 17.5333333333333 0.75 0.75 0 15.8 9.7 16.3 0 0 20 14.9 120 91 4.9 1
"44" "42" 2015-01-23 31.9 "DAL" "" "CHI" "L" -4 0 24.4833333333333 0.615 0.5 0 10.9 5.1 11.9 2.2 0 21.5 17.9 106 117 5.8 -2.7
"45" "43" 2015-01-25 31.91 "DAL" "@" "NOP" "L" -3 0 14.7666666666667 0 0 0 0 0 8.3 3.8 0 16.7 19.3 13 127 -3.2 -22.7
"46" "44" 2015-01-27 31.92 "DAL" "" "MEM" "L" -19 0 16.2 0.429 0.429 0 16.5 7.9 20.4 3.3 0 22.2 27.1 76 118 1.7 -11.3
"47" "45" 2015-01-28 31.92 "DAL" "@" "HOU" "L" -5 0 13.4833333333333 0 0 0 0 0 0 3.6 0 42.9 22.2 0 105 -6 -26.5
"48" "46" 2015-01-30 31.92 "DAL" "@" "MIA" "W" 21 0 26.85 0.563 0.563 3.7 16.9 10.6 12.5 2.1 0 0 14.2 127 82 8.4 3.8
"49" "47" 2015-01-31 31.93 "DAL" "@" "ORL" "W" 15 0 30.45 0.676 0.688 0 3.6 2 22.1 0 0 18.4 17.9 118 111 7.8 -3
"50" "48" 2015-02-02 31.93 "DAL" "" "MIN" "W" 6 0 23.6166666666667 0.509 0.417 0 4.3 2.3 23.3 2.2 2.9 12.7 15 113 108 7 -0.1
"51" "49" 2015-02-04 31.94 "DAL" "@" "GSW" "L" -14 0 21.3166666666667 0.508 0.429 4.5 5.9 5.1 43.2 0 0 11.3 16.9 125 136 7.6 2.4
"52" "50" 2015-02-05 31.94 "DAL" "@" "SAC" "W" 23 0 19.05 0.768 0.688 0 5.4 2.6 16.3 0 4.3 0 22.5 157 85 13.4 17.5
"53" "51" 2015-02-07 31.95 "DAL" "" "POR" "W" 10 0 30.0833333333333 0.504 0.467 2.9 20.3 10.9 10.3 3.4 3.1 5.9 23.4 113 91 11.9 7.9
"54" "52" 2015-02-09 31.95 "DAL" "" "LAC" "L" -17 0 32.2333333333333 0.215 0.125 6 6 6 9.5 0 2.3 9.7 14.5 66 130 -0.5 -11.7
"55" "53" 2015-02-11 31.96 "DAL" "" "UTA" "W" 5 0 23.35 0.457 0.357 0 9.1 4.6 51.6 0 0 10.2 20.6 105 102 7.3 2.1
"56" "54" 2015-02-19 31.98 "DAL" "@" "OKC" "L" -15 0 17.5666666666667 0.732 0.688 0 5.9 2.7 14.1 5.6 0 25.3 28.1 105 103 8.2 7.9
"57" "55" 2015-02-20 31.98 "DAL" "" "HOU" "W" 11 0 29.6166666666667 0.472 0.472 0 18.7 10 34.7 3.1 0 10 27.5 102 92 12.7 5.3
"58" "56" 2015-02-22 31.99 "DAL" "" "CHO" "W" 11 0 20.75 0.3 0.3 0 0 0 27.5 9.8 0 28.6 16 65 76 4.3 5
"59" "57" 2015-02-24 31.99 "DAL" "" "TOR" "W" 7 0 27.8833333333333 0.618 0.55 0 13.2 6.7 29.3 7.1 0 0 18.4 143 87 16.6 14.5
"60" "58" 2015-02-25 31.99 "DAL" "@" "ATL" "L" -17 0 19.5333333333333 0.519 0.286 0 18 8.7 16.9 0 0 9.4 25.4 113 117 6.8 -0.5
"61" "59" 2015-02-28 32 "DAL" "" "BRK" "L" -10 0 27.6 0.888 0.857 0 0 0 33.1 1.9 0 11.3 15.2 160 120 13 6.9
"62" "60" 2015-03-02 32.01 "DAL" "" "NOP" "W" 9 0 18.6666666666667 0.703 0.5 0 0 0 17 0 0 0 27.3 159 123 11.6 6.4
"63" "61" 2015-03-05 32.02 "DAL" "@" "POR" "L" -19 0 27.5833333333333 0.394 0.375 0 12.1 5.4 0 3.6 0 18.4 18.1 62 96 2.7 -5.5
"64" "" 2015-03-06 32.02 "DAL" "@" "GSW" "L" -15 NA NA NA NA NA NA NA NA NA NA NA NA NA NA NA NA
"65" "" 2015-03-08 32.02 "DAL" "@" "LAL" "W" 7 NA NA NA NA NA NA NA NA NA NA NA NA NA NA NA NA
"66" "62" 2015-03-10 32.03 "DAL" "" "CLE" "L" -33 0 20.9666666666667 0.717 0.625 4.3 0 2.5 16.1 2.4 0 0 10 163 135 7.3 3.4
"67" "63" 2015-03-13 32.04 "DAL" "" "LAC" "W" 30 0 19.65 0.805 0.75 7.4 0 3.3 25.2 5.3 0 24.4 28.4 136 106 13.1 9.9
"68" "64" 2015-03-16 32.05 "DAL" "" "OKC" "W" 4 0 8.33333333333333 0 0 0 0 0 0 0 0 0 4.9 0 118 -0.7 -11.5
"69" "65" 2015-03-18 32.05 "DAL" "" "ORL" "W" 5 0 22.2 0.615 0.563 0 15.1 8 33.3 2.2 0 9.3 21 129 103 10.8 6.5
"70" "66" 2015-03-20 32.06 "DAL" "" "MEM" "L" -11 0 21.3833333333333 1.031 1.083 0 23.6 11.4 29.6 0 0 0 16 210 117 15.9 19.3
"71" "67" 2015-03-22 32.06 "DAL" "@" "PHO" "L" -6 0 8.58333333333333 0 0 0 0 0 30.2 0 0 0 4.8 75 110 0.7 -5.4
"72" "68" 2015-03-24 32.07 "DAL" "" "SAS" "W" 7 0 25.7333333333333 0.507 0.438 0 3.9 2 5.1 1.9 3.3 18.4 18.7 88 95 2.9 -3.9
"73" "69" 2015-03-27 32.08 "DAL" "@" "SAS" "L" -18 0 25.95 0.45 0.375 0 8.2 3.8 0 2.1 0 31.1 22.3 64 108 0.8 -9.1
"74" "70" 2015-03-29 32.08 "DAL" "@" "IND" "L" -5 0 27.2 0.34 0.3 3.7 4.9 4.2 13.8 0 0 14.5 11 83 111 1.8 -5.9
"75" "71" 2015-04-01 32.09 "DAL" "@" "OKC" "W" 4 0 19.0833333333333 0.643 0.643 0 0 0 16.4 2.5 0 0 16.4 133 134 8 0.7
"76" "72" 2015-04-02 32.09 "DAL" "" "HOU" "L" -7 0 22.4333333333333 0.4 0.4 0 0 0 6.5 2.2 0 28.6 13.8 60 115 -1.4 -12.6
"77" "73" 2015-04-04 32.1 "DAL" "" "GSW" "L" -13 0 23.25 0.417 0.2 0 4 2.1 12.9 0 0 29.4 17.6 69 123 -0.8 -12
"78" "74" 2015-04-08 32.11 "DAL" "" "PHO" "W" 3 0 17.85 0.581 0.556 0 0 0 0 5.9 0 8.8 27.9 113 106 8.3 6.4
"79" "75" 2015-04-10 32.12 "DAL" "@" "DEN" "W" 1 0 29.35 0.902 0.944 0 6.1 3.6 41.2 4.9 0 14.7 19.7 159 116 24.6 19.5
"80" "" 2015-04-12 32.12 "DAL" "@" "LAL" "W" 14 NA NA NA NA NA NA NA NA NA NA NA NA NA NA NA NA
"81" "76" 2015-04-13 32.12 "DAL" "@" "UTA" "L" -17 0 5.03333333333333 0 0 0 0 0 28 0 0 50 17.6 26 123 -1 -19.6
"82" "" 2015-04-15 32.13 "DAL" "" "POR" "W" 16 NA NA NA NA NA NA NA NA NA NA NA NA NA NA NA NA
"1" "1" 2015-10-28 32.67 "DAL" "@" "PHO" "W" 16 0 23.1833333333333 0.451 0.375 0 3.8 2.1 12.3 2 0 15.3 25.4 83 96 4.7 -6.6
"2" "2" 2015-10-29 32.67 "DAL" "@" "LAC" "L" -16 0 23.1833333333333 0.53 0.5 3.5 21.1 11.5 15.5 0 0 0 20.3 117 106 8.6 4.1
"3" "3" 2015-11-01 32.68 "DAL" "@" "LAL" "W" 10 0 22.2166666666667 0.35 0.35 0 13.2 7.1 12.9 4.5 0 9.1 22.6 72 91 3.3 -5.9
"4" "4" 2015-11-03 32.68 "DAL" "" "TOR" "L" -11 0 24.2666666666667 0.423 0.375 7.8 19.8 13 7.3 2.1 6.1 8.6 20.6 92 99 7.3 3.7
"5" "5" 2015-11-05 32.69 "DAL" "" "CHO" "L" -14 0 19.5833333333333 0 0 0 5.6 2.7 7.7 2.5 0 50 13.8 8 111 -3.5 -16.5
"6" "6" 2015-11-07 32.69 "DAL" "" "NOP" "W" 9 0 23.85 0.475 0.4 0 9.4 4.8 33.6 4.2 0 13.7 14.3 111 98 7.5 3.7
"7" "7" 2015-11-10 32.7 "DAL" "@" "NOP" "L" -15 0 19.1833333333333 0.481 0.429 5.3 11.1 8.2 7.9 2.5 4.2 0 18.5 108 113 7.2 1.8
"8" "8" 2015-11-11 32.7 "DAL" "" "LAC" "W" 10 0 25.9666666666667 0.451 0.417 0 3.8 2.2 4.8 3.9 0 0 14 102 114 4.6 -3.5
"9" "9" 2015-11-13 32.71 "DAL" "" "LAL" "W" 8 0 24.2333333333333 0.387 0.278 0 10.6 5.7 30.4 0 6.5 0 21 93 86 7.4 3.7
"10" "10" 2015-11-14 32.71 "DAL" "@" "HOU" "W" 12 0 29.3 0.656 0.636 0 13.4 7.4 10.4 1.7 0 0 17.2 136 103 12.1 1.6
"11" "11" 2015-11-16 32.72 "DAL" "@" "PHI" "W" 6 0 22.7 0.514 0.429 0 15.5 7.5 17.9 8.4 0 25.5 23 82 73 7.4 4.2
"12" "12" 2015-11-18 32.72 "DAL" "@" "BOS" "W" 4 0 16.15 0.833 0.833 0 12.9 7.2 28.7 0 4.5 25 11.4 134 108 5.7 7.2
"13" "13" 2015-11-20 32.73 "DAL" "" "UTA" "W" 9 0 17.1333333333333 0.25 0.25 7.4 0 3.4 7.7 6.5 0 0 11.4 81 105 2.6 -2.7
"14" "14" 2015-11-22 32.73 "DAL" "@" "OKC" "L" -3 0 22.15 0.307 0.25 0 5.3 2.8 25.9 4.4 0 29.1 13.3 81 115 3.2 -3.9
"15" "" 2015-11-24 32.74 "DAL" "@" "MEM" "L" -14 NA NA NA NA NA NA NA NA NA NA NA NA NA NA NA NA
"16" "15" 2015-11-25 32.74 "DAL" "@" "SAS" "L" -5 0 15.8833333333333 0.87 0.9 6.2 12.3 9.3 0 0 0 24 24.8 117 102 5.6 2.2
"17" "16" 2015-11-28 32.75 "DAL" "" "DEN" "W" 11 0 19.8166666666667 0.5 0.5 5.4 5.8 5.6 9.4 0 0 14.3 16.6 95 100 3.7 -4.9
"18" "17" 2015-11-30 32.76 "DAL" "@" "SAC" "L" -14 0 24.9 0.814 0.7 0 4.8 2.4 12.8 2 0 0 11.9 174 117 9.4 3.6
"19" "18" 2015-12-01 32.76 "DAL" "@" "POR" "W" 3 0 23.55 0.5 0.5 0 9 4.5 5.5 0 0 66.7 11.6 37 115 -2.5 -16
"20" "19" 2015-12-04 32.77 "DAL" "" "HOU" "L" -4 0 19.65 0.901 0.929 0 5.3 2.8 0 0 0 10.7 21.3 147 114 10.6 5.9
"21" "20" 2015-12-06 32.77 "DAL" "@" "WAS" "W" 12 0 8.95 0.788 0.75 0 10.7 6.6 0 0 0 18.4 28.1 115 112 4.3 -3.6
"22" "" 2015-12-07 32.78 "DAL" "@" "NYK" "W" 7 NA NA NA NA NA NA NA NA NA NA NA NA NA NA NA NA
"23" "21" 2015-12-09 32.78 "DAL" "" "ATL" "L" -3 0 11.0833333333333 0.862 1 0 0 0 0 0 0 0 8.6 178 110 2.9 -1.5
"24" "22" 2015-12-12 32.79 "DAL" "" "WAS" "L" -3 0 34 0.512 0.438 3.1 10.9 6.6 16.7 0 2.5 9.3 13.6 116 117 8.1 -3
"25" "23" 2015-12-14 32.79 "DAL" "" "PHO" "W" 10 0 23.2333333333333 0.676 0.75 0 4.3 2.3 14.9 13 0 0 17.9 136 79 14.1 19.3
"26" "24" 2015-12-16 32.8 "DAL" "@" "IND" "L" -26 0 6.16666666666667 1.33 1.5 0 0 0 0 0 0 0 13.9 270 115 4.3 17.7
"27" "" 2015-12-18 32.81 "DAL" "" "MEM" "W" 9 NA NA NA NA NA NA NA NA NA NA NA NA NA NA NA NA
"28" "" 2015-12-22 32.82 "DAL" "@" "TOR" "L" -4 NA NA NA NA NA NA NA NA NA NA NA NA NA NA NA NA
"29" "" 2015-12-23 32.82 "DAL" "@" "BRK" "W" 1 NA NA NA NA NA NA NA NA NA NA NA NA NA NA NA NA
"30" "25" 2015-12-26 32.83 "DAL" "" "CHI" "W" 7 0 17.7 0.376 0.313 12.3 7 9.8 31.4 8.9 0 17.7 27.8 98 108 6.1 1.1
"31" "26" 2015-12-28 32.83 "DAL" "" "MIL" "W" 10 0 21.6833333333333 0.255 0.2 0 12 5.1 18.6 4.8 0 0 13.1 75 97 3.8 -3.5
"32" "27" 2015-12-30 32.84 "DAL" "" "GSW" "W" 23 0 20.2666666666667 0.945 0.917 0 4.9 2.7 7.9 0 0 12.7 17.6 164 104 9.6 5.9
"33" "28" 2016-01-01 32.84 "DAL" "@" "MIA" "L" -24 0 2.58333333333333 NA NA 0 0 0 0 0 0 100 18 0 124 -1.4 -40.1
"34" "" 2016-01-02 32.85 "DAL" "" "NOP" "L" -7 NA NA NA NA NA NA NA NA NA NA NA NA NA NA NA NA
"35" "29" 2016-01-05 32.85 "DAL" "" "SAC" "W" 1 0 16.8833333333333 0.625 0.625 6.5 13.5 9.9 18 3.1 0 0 11 149 103 6.3 6.5
"36" "30" 2016-01-06 32.86 "DAL" "@" "NOP" "W" 9 0 25.9833333333333 0.563 0.563 0 19.8 10.8 25 4 0 10.1 17.1 113 91 10 4.6
"37" "31" 2016-01-08 32.86 "DAL" "@" "MIL" "L" -1 0 18.9833333333333 0.738 0.708 0 12.3 5.9 43.8 0 0 7.2 32.8 143 112 14.7 17
"38" "32" 2016-01-10 32.87 "DAL" "@" "MIN" "W" 6 0 18.95 0.377 0.25 6.7 6.5 6.6 22.7 5.8 0 23.1 22.1 82 94 4.1 -0.6
"39" "33" 2016-01-12 32.87 "DAL" "" "CLE" "L" -3 0 18.6166666666667 0.417 0.417 0 0 0 34.2 3 0 0 16.3 113 121 4.6 1.4
"40" "34" 2016-01-13 32.88 "DAL" "@" "OKC" "L" -19 0 9.1 0.333 0.333 0 0 0 19.7 0 0 25 19.4 58 119 0 -11
"41" "35" 2016-01-15 32.88 "DAL" "@" "CHI" "W" 6 0 13.8 0.644 0.5 8.3 14.5 11.6 26.2 0 0 20.5 18.2 120 93 3.8 1.8
"42" "36" 2016-01-17 32.89 "DAL" "@" "SAS" "L" -29 0 16.3666666666667 0.75 0.75 0 6.4 3.1 25.4 0 0 0 11.2 143 117 5.3 5.4
"43" "37" 2016-01-18 32.89 "DAL" "" "BOS" "W" 5 0 21.4166666666667 0.9 0.9 0 4.7 2.5 15.2 0 0 0 10.5 181 116 6.8 5.6
"44" "38" 2016-01-20 32.9 "DAL" "" "MIN" "W" 12 0 32.7833333333333 0.593 0.5 0 13.8 6.6 19.1 1.6 0 7.3 18.7 121 94 12.8 4.3
"45" "39" 2016-01-22 32.9 "DAL" "" "OKC" "L" -3 0 18.45 0.509 0.417 0 6.1 3.3 22.4 0 4.3 12.7 19.9 105 124 5.3 -1.5
"46" "40" 2016-01-24 32.91 "DAL" "@" "HOU" "L" -11 0 10.3666666666667 NA NA 0 37.5 18.3 25.7 0 0 100 9 50 123 -0.1 -10.2
"47" "" 2016-01-26 32.91 "DAL" "@" "LAL" "W" 2 NA NA NA NA NA NA NA NA NA NA NA NA NA NA NA NA
"48" "" 2016-01-27 32.92 "DAL" "@" "GSW" "L" -20 NA NA NA NA NA NA NA NA NA NA NA NA NA NA NA NA
"49" "" 2016-01-29 32.92 "DAL" "" "BRK" "W" 12 NA NA NA NA NA NA NA NA NA NA NA NA NA NA NA NA
"50" "" 2016-01-31 32.93 "DAL" "" "PHO" "W" 13 NA NA NA NA NA NA NA NA NA NA NA NA NA NA NA NA
"51" "" 2016-02-01 32.93 "DAL" "@" "ATL" "L" -15 NA NA NA NA NA NA NA NA NA NA NA NA NA NA NA NA
"52" "" 2016-02-03 32.93 "DAL" "" "MIA" "L" -3 NA NA NA NA NA NA NA NA NA NA NA NA NA NA NA NA
"53" "" 2016-02-05 32.94 "DAL" "" "SAS" "L" -26 NA NA NA NA NA NA NA NA NA NA NA NA NA NA NA NA
"54" "" 2016-02-06 32.94 "DAL" "@" "MEM" "W" 4 NA NA NA NA NA NA NA NA NA NA NA NA NA NA NA NA
"55" "" 2016-02-09 32.95 "DAL" "" "UTA" "L" -2 NA NA NA NA NA NA NA NA NA NA NA NA NA NA NA NA
"56" "" 2016-02-19 32.98 "DAL" "@" "ORL" "L" -6 NA NA NA NA NA NA NA NA NA NA NA NA NA NA NA NA
"57" "41" 2016-02-21 32.98 "DAL" "" "PHI" "W" 26 0 17.35 0.592 0.5 6.7 13.2 10 15.6 0 0 12.9 19.4 127 115 6.2 -1.7
"58" "42" 2016-02-24 32.99 "DAL" "" "OKC" "L" -13 0 14.0833333333333 0.444 0.4 0 0 0 0 10.8 0 12.9 24.2 78 109 3.7 -1.4
"59" "43" 2016-02-26 33 "DAL" "" "DEN" "W" 6 0 22.3666666666667 0.549 0.333 0 8.9 5 11.8 7 0 26.8 23.3 92 104 6.8 -0.8
"60" "44" 2016-02-28 33 "DAL" "" "MIN" "W" 27 0 17.4666666666667 0.625 0.625 0 0 0 19.9 2.9 0 0 10.3 145 111 5.3 1.4
"61" "45" 2016-03-01 33.01 "DAL" "" "ORL" "W" 13 0 16.15 1.167 1.167 0 6.2 3.7 8.7 0 0 25 11.3 154 119 5.3 1.6
"62" "46" 2016-03-03 33.01 "DAL" "" "SAC" "L" -3 0 11.8166666666667 0.5 0.5 0 9.4 4.5 0 0 0 12.5 29.1 87 113 1.8 -8.1
"63" "47" 2016-03-06 33.02 "DAL" "@" "DEN" "L" -2 0 18.55 0.41 0.375 11.7 10.4 11 22.5 0 3.5 0 12.3 124 113 6 2.6
"64" "48" 2016-03-07 33.02 "DAL" "" "LAC" "L" -19 0 15.25 0.798 1 0 7 3.2 11.7 0 0 0 5.4 166 116 2.9 -0.9
"65" "49" 2016-03-09 33.03 "DAL" "" "DET" "L" -6 0 11.0166666666667 0.25 0.25 0 9.1 4.8 37.7 0 0 20 22 67 116 0.6 -10.7
"66" "50" 2016-03-12 33.04 "DAL" "" "IND" "L" -7 0 17.3833333333333 0.37 0.2 0 6.6 3.4 7.2 0 0 12.9 20.2 75 121 0.7 -13.4
"67" "51" 2016-03-14 33.04 "DAL" "@" "CHO" "W" 11 0 20.55 0.676 0.625 0 10.9 5.7 7.7 2.4 0 18.4 23.3 105 99 7.5 -0.8
"68" "52" 2016-03-16 33.05 "DAL" "@" "CLE" "L" -1 0 28.1166666666667 0.5 0.5 0 25 12.8 0 1.8 6.7 14.3 12.3 77 101 4.6 -1.6
"69" "53" 2016-03-18 33.05 "DAL" "" "GSW" "L" -18 0 20.4833333333333 0.457 0.286 0 11.7 5.3 0 0 4.1 18.6 22 79 126 2.4 -11.4
"70" "54" 2016-03-20 33.06 "DAL" "" "POR" "W" 12 0 21.0333333333333 1.25 1.25 0 11.8 7.4 11.5 0 0 33.3 6.6 154 118 5.3 0.5
"71" "55" 2016-03-23 33.07 "DAL" "@" "POR" "L" -6 0 20.0833333333333 0.688 0.688 0 20.3 10.3 0 4.7 0 11.1 18.3 117 101 8.4 4.6
"72" "" 2016-03-25 33.07 "DAL" "@" "GSW" "L" -8 NA NA NA NA NA NA NA NA NA NA NA NA NA NA NA NA
"73" "56" 2016-03-27 33.08 "DAL" "@" "SAC" "L" -22 0 21.0833333333333 0.814 0.8 0 19.5 8.3 25.9 6.9 0 0 13.8 177 122 13.4 14.3
"74" "57" 2016-03-28 33.08 "DAL" "@" "DEN" "W" 9 0 28.5833333333333 0.51 0.4 3.6 10.8 6.5 16.3 5.7 3.7 0 20.2 119 94 13.3 8.2
"75" "58" 2016-03-30 33.09 "DAL" "" "NYK" "W" 2 0 25.15 0.429 0.429 0 0 0 6.5 0 0 22.2 16 72 104 1 -8.4
"76" "59" 2016-04-01 33.09 "DAL" "@" "DET" "W" 9 0 28.4 0.597 0.55 0 6.5 3.6 16.6 0 0 15.5 21.5 108 105 7.1 -2.2
"77" "60" 2016-04-03 33.1 "DAL" "@" "MIN" "W" 10 0 31.25 0.542 0.5 0 8.8 3.6 18.9 3.6 0 0 22.6 126 90 12.8 9.2
"78" "61" 2016-04-06 33.11 "DAL" "" "HOU" "W" 2 0 31.2 0.388 0.333 0 15.8 7.6 5.4 0 0 13.4 23.3 78 107 1.9 -9.8
"79" "62" 2016-04-08 33.11 "DAL" "" "MEM" "W" 10 0 26.2333333333333 0.794 0.786 0 15.6 9.1 0 2 0 37.3 31.2 88 102 6.9 -5.7
"80" "63" 2016-04-10 33.12 "DAL" "@" "LAC" "L" -7 0 25.2833333333333 0.571 0.571 0 11.9 6.4 7.8 2 0 0 13 111 103 5.7 1.8
"81" "64" 2016-04-11 33.12 "DAL" "@" "UTA" "W" 9 0 7.28333333333333 0.174 0 15.7 15.3 15.5 0 7.5 0 0 19 65 93 1.2 -3.8
"82" "" 2016-04-13 33.13 "DAL" "" "SAS" "L" -5 NA NA NA NA NA NA NA NA NA NA NA NA NA NA NA NA
"1" "" 2016-10-26 33.66 "DAL" "@" "IND" "L" -9 NA NA NA NA NA NA NA NA NA NA NA NA NA NA NA NA
"2" "" 2016-10-28 33.67 "DAL" "" "HOU" "L" -8 NA NA NA NA NA NA NA NA NA NA NA NA NA NA NA NA
"3" "" 2016-10-30 33.67 "DAL" "@" "HOU" "L" -1 NA NA NA NA NA NA NA NA NA NA NA NA NA NA NA NA
"4" "" 2016-11-02 33.68 "DAL" "@" "UTA" "L" -16 NA NA NA NA NA NA NA NA NA NA NA NA NA NA NA NA
"5" "" 2016-11-04 33.69 "DAL" "" "POR" "L" -10 NA NA NA NA NA NA NA NA NA NA NA NA NA NA NA NA
"6" "" 2016-11-06 33.69 "DAL" "" "MIL" "W" 11 NA NA NA NA NA NA NA NA NA NA NA NA NA NA NA NA
"7" "" 2016-11-08 33.7 "DAL" "@" "LAL" "W" 12 NA NA NA NA NA NA NA NA NA NA NA NA NA NA NA NA
"8" "" 2016-11-09 33.7 "DAL" "@" "GSW" "L" -21 NA NA NA NA NA NA NA NA NA NA NA NA NA NA NA NA
"9" "" 2016-11-14 33.72 "DAL" "@" "NYK" "L" -16 NA NA NA NA NA NA NA NA NA NA NA NA NA NA NA NA
"10" "" 2016-11-16 33.72 "DAL" "@" "BOS" "L" -7 NA NA NA NA NA NA NA NA NA NA NA NA NA NA NA NA
"11" "" 2016-11-18 33.73 "DAL" "" "MEM" "L" -16 NA NA NA NA NA NA NA NA NA NA NA NA NA NA NA NA
"12" "" 2016-11-19 33.73 "DAL" "@" "ORL" "L" -8 NA NA NA NA NA NA NA NA NA NA NA NA NA NA NA NA
"13" "" 2016-11-21 33.73 "DAL" "@" "SAS" "L" -5 NA NA NA NA NA NA NA NA NA NA NA NA NA NA NA NA
"14" "" 2016-11-23 33.74 "DAL" "" "LAC" "L" -20 NA NA NA NA NA NA NA NA NA NA NA NA NA NA NA NA
"15" "" 2016-11-25 33.75 "DAL" "@" "CLE" "L" -38 NA NA NA NA NA NA NA NA NA NA NA NA NA NA NA NA
"16" "" 2016-11-27 33.75 "DAL" "" "NOP" "W" 10 NA NA NA NA NA NA NA NA NA NA NA NA NA NA NA NA
"17" "1" 2016-11-30 33.76 "DAL" "" "SAS" "L" -7 0 10.6333333333333 0 0 0 12.5 5.7 0 0 0 0 14.4 0 116 -2.2 -21.8
"18" "2" 2016-12-01 33.76 "DAL" "@" "CHO" "L" -10 0 11.4 0.5 0.5 0 0 0 15.2 0 0 0 12 112 110 1.2 -3.9
"19" "3" 2016-12-03 33.77 "DAL" "" "CHI" "W" 25 0 16.9 0.375 0.375 12.6 7.1 10 38.2 6.4 0 33.3 16.2 99 87 5.4 5.2
"20" "4" 2016-12-05 33.77 "DAL" "" "CHO" "L" -8 0 18.4666666666667 0.717 0.625 0 22.3 8.9 16.3 5.6 0 17 14.7 125 107 7.5 5.2
"21" "5" 2016-12-07 33.78 "DAL" "" "SAC" "L" -31 0 17.1 0.387 0.333 0 30.3 14 9.6 0 0 20.5 12.8 72 125 1.4 -11
"22" "6" 2016-12-09 33.78 "DAL" "" "IND" "W" 8 0 16.8 0.5 0.5 0 0 0 17.2 3.2 0 16.7 17.4 94 115 3.3 -3.7
"23" "7" 2016-12-10 33.79 "DAL" "@" "HOU" "L" -22 0 4.38333333333333 0 0 0 0 0 34.2 0 0 50 23.3 26 135 -1 -23.3
"24" "8" 2016-12-12 33.79 "DAL" "" "DEN" "W" 20 0 15.85 NA NA 0 6.6 3.9 6.7 0 0 100 3.3 53 119 -0.4 -11.7
"25" "9" 2016-12-14 33.8 "DAL" "" "DET" "L" -10 0 13.7666666666667 0.5 0.5 0 10.3 4.4 41.8 0 0 0 18.2 116 116 3.9 0
"26" "10" 2016-12-16 33.8 "DAL" "@" "UTA" "L" -3 0 17.7833333333333 0.532 0 6.7 0 4 0 6.5 0 0 5.5 142 116 2.8 -3.1
"27" "11" 2016-12-18 33.81 "DAL" "" "SAC" "W" 20 0 20 0.643 0.6 0 38.2 19.5 10.9 2.6 0 15.5 31.6 104 84 10.8 5.6
"28" "12" 2016-12-19 33.81 "DAL" "@" "DEN" "L" -10 0 4.55 0 0 0 33 15.1 0 0 0 0 11 0 130 -0.4 -18.1
"29" "13" 2016-12-21 33.82 "DAL" "@" "POR" "W" 1 0 19.15 0.2 0.2 0 20.3 9.3 7.7 2.8 0 0 12.2 55 106 1.5 -7.6
"30" "14" 2016-12-23 33.82 "DAL" "@" "LAC" "W" 2 0 11.7333333333333 0.5 0.5 0 12 4.9 14.2 0 9.1 33.3 23.2 70 99 0.9 -10
"31" "15" 2016-12-26 33.83 "DAL" "@" "NOP" "L" -7 0 18.4666666666667 0.625 0.625 0 23.6 10.7 16.3 0 0 0 11 131 128 4.9 -2.2
"32" "16" 2016-12-27 33.83 "DAL" "" "HOU" "L" -16 0 14.3 0.5 0.5 0 9.3 3.9 0 0 0 0 9.4 102 137 1.2 -11.1
"33" "17" 2016-12-29 33.84 "DAL" "@" "LAL" "W" 12 0 21.15 0.67 0.65 0 5.8 3 17 0 0 16.1 28.8 115 110 8.3 1.1
"34" "18" 2016-12-30 33.84 "DAL" "@" "GSW" "L" -9 0 17.65 0.41 0.375 5.4 8.2 6.6 15 0 0 17 14.6 90 120 1.8 -8.6
"35" "19" 2017-01-03 33.85 "DAL" "" "WAS" "W" 8 0 17.0166666666667 0.743 0.727 0 25.1 14.1 14.1 2.9 0 0 32.1 135 102 13.8 15.5
"36" "20" 2017-01-05 33.86 "DAL" "" "PHO" "L" -7 0 20.2 0.888 0.8 0 17 8.5 16.5 2.7 0 12.9 19.1 158 112 12 11.4
"37" "21" 2017-01-07 33.86 "DAL" "" "ATL" "L" -15 0 14.7166666666667 0.564 0.438 0 8 3.7 0 0 0 0 31.7 114 113 6.5 4
"38" "22" 2017-01-09 33.87 "DAL" "@" "MIN" "L" -9 0 14.0666666666667 0.4 0.4 0 11.8 5.1 11.7 0 0 16.7 21.3 71 117 1.3 -10.1
"39" "23" 2017-01-12 33.88 "DAL" "@" "PHO" "W" 5 0 15.9833333333333 0.21 0 0 8.1 3.8 0 0 0 0 13.6 48 123 -1.4 -20.5
"40" "24" 2017-01-15 33.88 "DAL" "" "MIN" "W" 11 0 16.0166666666667 0.753 0.5 7.5 13.3 10.6 30 0 0 0 20.7 173 105 11.4 12.4
"41" "25" 2017-01-17 33.89 "DAL" "@" "CHI" "W" 1 0 17.9 0.415 0.143 14.1 0 6.8 23.4 3 7.9 17.2 31.9 94 103 6.6 1.9
"42" "26" 2017-01-19 33.9 "DAL" "@" "MIA" "L" -4 0 16.5 0 0 0 0 0 15.7 0 0 0 9.1 41 115 -1.5 -13
"43" "27" 2017-01-20 33.9 "DAL" "" "UTA" "L" -5 0 17.8666666666667 0.868 0.75 0 0 0 26.9 0 0 25.8 20.7 135 120 6.9 6.5
"44" "28" 2017-01-22 33.9 "DAL" "" "LAL" "W" 49 0 12.4 0.85 0.8 0 18.9 9.6 12.3 0 0 0 21.6 180 86 8.6 13.1
"45" "29" 2017-01-25 33.91 "DAL" "" "NYK" "W" 8 0 21.75 0.359 0.313 0 18.8 9.7 12.8 2.4 0 9.3 23.6 75 100 3.6 -8.2
"46" "30" 2017-01-26 33.92 "DAL" "@" "OKC" "L" -11 0 19.6333333333333 0.4 0.4 0 21 9.3 14.8 10.5 0 16.7 14.4 81 98 5 1
"47" "31" 2017-01-29 33.92 "DAL" "@" "SAS" "W" 4 0 18.95 0.509 0.417 0 6.3 2.9 14.9 2.7 0 12.7 20 99 106 4.5 -2.3
"48" "32" 2017-01-30 33.93 "DAL" "" "CLE" "W" 7 0 18.8 0.2 0.2 0 6.9 3.1 35 2.8 0 16.7 14.9 73 105 0.7 -8.8
"49" "33" 2017-02-01 33.93 "DAL" "" "PHI" "W" 18 0 18.65 0.972 0.9 0 6.3 2.9 23.9 0 0 0 17 208 108 13.3 15.4
"50" "" 2017-02-03 33.94 "DAL" "@" "POR" "W" 4 NA NA NA NA NA NA NA NA NA NA NA NA NA NA NA NA
"51" "34" 2017-02-06 33.95 "DAL" "@" "DEN" "L" -23 0 17.35 0 0 0 7.7 3.5 40.7 0 0 0 11.5 56 125 0.2 -11.2
"52" "35" 2017-02-07 33.95 "DAL" "" "POR" "L" -1 0 26.8833333333333 0.564 0.5 0 27.2 14.7 11.3 1.9 0 8.6 21.6 109 116 9.1 -2.3
"53" "36" 2017-02-09 33.95 "DAL" "" "UTA" "W" 7 0 28.8166666666667 0.509 0.455 4.8 13.1 9.2 10.6 3.7 0 0 21.5 114 103 9.9 0
"54" "37" 2017-02-11 33.96 "DAL" "" "ORL" "W" 32 0 12 0.425 0.3 9.8 16 13.2 9.8 0 0 14.5 25.6 97 92 2.9 -7.7
"55" "38" 2017-02-13 33.96 "DAL" "" "BOS" "L" -13 0 19.25 0.549 0.417 0 6.2 3.2 0 0 0 10.9 22.9 98 125 4.5 -6.2
"56" "39" 2017-02-15 33.97 "DAL" "@" "DET" "L" -7 0 17.5166666666667 0.342 0.143 0 19.1 8.7 17 2.9 0 0 23.3 81 100 4 -5.1
"57" "40" 2017-02-24 33.99 "DAL" "@" "MIN" "L" -13 0 17.05 0.8 0.8 0 0 0 31.8 0 0 16.7 16.6 139 116 6.4 6.8
"58" "41" 2017-02-25 34 "DAL" "" "NOP" "W" 13 0 22.0166666666667 0.357 0.333 0 24.2 12.4 29.6 6.8 0 21.1 30.3 71 77 5.6 -1.5
"59" "42" 2017-02-27 34 "DAL" "" "MIA" "W" 7 0 13.1 0.5 0.5 0 0 0 42.8 0 0 37.5 29.6 76 112 1.4 -6.3
"60" "43" 2017-03-01 34.01 "DAL" "@" "ATL" "L" -5 0 15.5666666666667 0.694 0.75 0 11.4 4.6 9.7 0 7.2 41 14.6 83 111 1.5 -5.9
"61" "44" 2017-03-03 34.01 "DAL" "" "MEM" "W" 4 0 15.1333333333333 0.381 0.429 0 7.2 3.8 64.5 0 0 11.3 27.6 93 112 3.8 -2.9
"62" "45" 2017-03-05 34.02 "DAL" "" "OKC" "W" 15 0 17.6833333333333 0.595 0.5 0 12.1 6.3 52 2.9 0 14.5 18.5 129 93 9.4 12.8
"63" "46" 2017-03-07 34.02 "DAL" "" "LAL" "W" 11 0 13.05 0.717 0.625 0 0 0 39.1 3.8 0 17 20.5 143 112 6.2 4.5
"64" "47" 2017-03-10 34.03 "DAL" "" "BRK" "W" 9 0 14.95 0.644 0.667 0 7.3 3.9 36.2 0 0 20.5 14.9 123 105 4.7 2
"65" "48" 2017-03-11 34.03 "DAL" "" "PHO" "L" -2 0 22.9666666666667 0.658 0.563 0 14.6 7.1 19.2 0 3.4 22 27.7 106 106 8 1.9
"66" "49" 2017-03-13 34.04 "DAL" "@" "TOR" "L" -22 0 13.35 0.466 0.5 0 20 8.1 17.8 0 0 23.7 31.1 66 117 1.9 -8.9
"67" "50" 2017-03-15 34.04 "DAL" "@" "WAS" "W" 5 0 18.2833333333333 0.85 0.8 0 6.6 3.2 8.2 2.8 0 14.5 18.1 139 110 7.9 5.9
"68" "51" 2017-03-17 34.05 "DAL" "@" "PHI" "L" -42 0 14.95 0.085 0 0 25.3 10.8 21.4 3.3 6.3 0 17.7 32 109 0.7 -7.3
"69" "52" 2017-03-19 34.05 "DAL" "@" "BRK" "W" 7 0 16.9833333333333 0.799 0.75 0 14.1 7.6 9.5 3 0 12.7 23 136 110 9.3 6.2
"70" "53" 2017-03-21 34.06 "DAL" "" "GSW" "L" -25 0 15.1166666666667 0.667 0.667 0 10.6 3.7 27.1 0 0 0 17.6 136 124 6.7 7
"71" "54" 2017-03-23 34.07 "DAL" "" "LAC" "W" 2 0 18.15 0.68 0.6 0 20.3 10 32.3 5.6 0 0 15.7 148 93 9.4 12.1
"72" "55" 2017-03-25 34.07 "DAL" "" "TOR" "L" -8 0 18.25 0.643 0.6 0 6.6 3.1 34.1 6.1 0 26.9 19 102 104 6.3 3.6
"73" "56" 2017-03-27 34.08 "DAL" "" "OKC" "L" -1 0 21.0166666666667 0.721 0.643 5.1 27.2 15.8 9.6 4.9 3.7 26.5 25.3 104 88 11.3 9.3
"74" "57" 2017-03-29 34.08 "DAL" "@" "NOP" "L" -3 0 6.23333333333333 0.333 0.333 0 0 0 0 0 0 0 22.3 69 137 -0.5 -22.2
"75" "58" 2017-03-31 34.09 "DAL" "@" "MEM" "L" -9 0 26.3666666666667 0.753 0.5 0 9.1 4.3 0 4.2 0 0 12.7 159 110 9 1.1
"76" "59" 2017-04-02 34.09 "DAL" "@" "MIL" "W" 4 0 22.7333333333333 0.444 0.2 0 21.1 10.1 17.6 4.7 0 12.9 17.3 100 109 5.7 -3.8
"77" "60" 2017-04-04 34.1 "DAL" "@" "SAC" "L" -11 0 14.8 0.7 0.7 0 0 0 29.1 0 0 0 15.9 144 117 5.3 0.4
"78" "61" 2017-04-05 34.1 "DAL" "@" "LAC" "L" -11 0 21.5 0.387 0.25 4.9 23.5 13.3 25 0 0 0 15.8 112 118 5.3 -1.6
"79" "62" 2017-04-07 34.11 "DAL" "" "SAS" "L" -13 0 7.78333333333333 1.167 1.167 0 22.8 12.1 0 6.6 0 0 18.4 233 93 7.3 25.9
"80" "63" 2017-04-09 34.11 "DAL" "@" "PHO" "L" -13 0 8.53333333333333 0.9 0.9 0 16.1 6.5 23.3 0 0 16.7 29.3 140 132 6.3 15.6
"81" "64" 2017-04-11 34.12 "DAL" "" "DEN" "L" -18 0 19.4166666666667 0.486 0.4 0 5.6 2.6 26.9 0 0 15 31.1 91 122 5.6 -3.6
"82" "65" 2017-04-12 34.12 "DAL" "@" "MEM" "W" 7 0 19.8 0.545 0.5 0 10.8 5.7 100 2.7 0 6.8 35.6 124 106 14.8 13.8
"1" "1" 2017-10-18 34.64 "DAL" "" "ATL" "L" -6 0 16.4 0.53 0.5 0 0 0 22.3 0 0 17.5 30.4 91 126 4.3 -8.1
"2" "" 2017-10-20 34.64 "DAL" "" "SAC" "L" -5 NA NA NA NA NA NA NA NA NA NA NA NA NA NA NA NA
"3" "" 2017-10-21 34.65 "DAL" "@" "HOU" "L" -16 NA NA NA NA NA NA NA NA NA NA NA NA NA NA NA NA
"4" "" 2017-10-23 34.65 "DAL" "" "GSW" "L" -30 NA NA NA NA NA NA NA NA NA NA NA NA NA NA NA NA
"5" "2" 2017-10-25 34.66 "DAL" "" "MEM" "W" 9 0 10.4333333333333 0.387 0.333 0 12.4 6.5 0 0 0 11.4 41.2 69 106 -0.5 -25
"6" "" 2017-10-26 34.66 "DAL" "@" "MEM" "L" -5 NA NA NA NA NA NA NA NA NA NA NA NA NA NA NA NA
"7" "3" 2017-10-28 34.67 "DAL" "" "PHI" "L" -2 0 16.55 0.258 0 8.5 35.4 23.2 7.6 0 0 0 11.3 89 117 1.6 -11.6
"8" "4" 2017-10-30 34.67 "DAL" "@" "UTA" "L" -15 0 24.6166666666667 0.593 0.45 0 10 5.1 44.7 2.1 0 0 23.5 146 110 14.2 11.8
"9" "5" 2017-11-01 34.68 "DAL" "@" "LAC" "L" -21 1 19.2666666666667 0.761 0.786 4.9 6.9 5.7 19.9 0 5 11.3 19.8 134 123 9.2 7.8
"10" "6" 2017-11-03 34.68 "DAL" "" "NOP" "L" -5 0 20.8333333333333 0.654 0.4 0 4.9 2.3 7.8 2.3 0 0 15.6 143 100 8.1 3.7
"11" "7" 2017-11-04 34.68 "DAL" "@" "MIN" "L" -13 0 20.8 0.735 0.75 0 0 0 8.1 4.8 0 8.9 24.1 132 113 11.1 9.9
"12" "8" 2017-11-07 34.69 "DAL" "@" "WAS" "W" 14 0 18.65 0.296 0.25 5.5 17.2 11.2 13.6 2.6 0 10.6 21.9 75 100 2 -10.2
"13" "9" 2017-11-11 34.7 "DAL" "" "CLE" "L" -7 0 12.2 0.461 0.375 7.6 9.1 8.3 0 0 0 23.5 45.1 74 116 1.4 -16.4
"14" "" 2017-11-12 34.71 "DAL" "@" "OKC" "L" -13 NA NA NA NA NA NA NA NA NA NA NA NA NA NA NA NA
"15" "" 2017-11-14 34.71 "DAL" "" "SAS" "L" -6 NA NA NA NA NA NA NA NA NA NA NA NA NA NA NA NA
"16" "10" 2017-11-17 34.72 "DAL" "" "MIN" "L" -24 0 14.45 0.571 0.5 13.8 8.1 11.2 60.3 0 0 20.2 31.4 112 127 6.2 4.3
"17" "11" 2017-11-18 34.72 "DAL" "" "MIL" "W" 32 0 19.85 0.429 0.429 0 14.5 8.3 7.3 2.6 0 0 16.4 93 83 2.9 -3.5
"18" "12" 2017-11-20 34.73 "DAL" "" "BOS" "L" -8 0 12.8833333333333 0 0 0 0 0 10.5 3.9 0 28.6 24.9 7 101 -5 -24.5
"19" "13" 2017-11-22 34.73 "DAL" "@" "MEM" "W" 1 0 17.8833333333333 0.557 0.556 0 12.8 5.8 0 10.9 0 0 25 103 76 10.5 12.3
"20" "14" 2017-11-25 34.74 "DAL" "" "OKC" "W" 16 0 19.4666666666667 0.41 0.25 6.3 17.2 12 28.6 0 0 0 12.4 132 97 4.4 -3.3
"21" "15" 2017-11-27 34.75 "DAL" "@" "SAS" "L" -7 0 25.6833333333333 0.813 0.813 0 18.7 9 11.8 0 0 0 14.4 154 122 11.6 5.1
"22" "16" 2017-11-29 34.75 "DAL" "" "BRK" "L" -5 0 22.9333333333333 0.652 0.688 0 8.2 4.4 22 4.3 0 19.2 21 103 105 7.3 -0.8
"23" "17" 2017-12-02 34.76 "DAL" "" "LAC" "W" 26 0 20.7333333333333 0.762 0.5 0 13.9 7.5 22.1 2.6 0 0 21.6 182 90 15.5 15.7
"24" "18" 2017-12-04 34.77 "DAL" "" "DEN" "W" 17 0 22.8166666666667 0.751 0.813 0 4 2.3 10.9 2.3 7.6 9.7 21.6 131 112 11.9 9.2
"25" "19" 2017-12-06 34.77 "DAL" "@" "BOS" "L" -7 0 18.8166666666667 0.41 0.25 0 0 0 24.3 2.7 0 0 12.1 105 105 3.5 -3
"26" "20" 2017-12-08 34.78 "DAL" "@" "MIL" "L" -7 0 23.5666666666667 0.38 0.214 0 5.2 2.7 12.4 4.4 0 17.9 23.4 73 113 3.4 -6.1
"27" "21" 2017-12-10 34.78 "DAL" "@" "MIN" "L" -5 0 16.35 0.563 0.5 0 8.2 3.8 9.4 0 0 40.3 23 68 115 -0.2 -16.6
"28" "22" 2017-12-12 34.79 "DAL" "" "SAS" "W" 6 0 19.45 0.253 0.167 5.3 9.7 7.6 20.8 5.4 4.2 9.2 26.8 68 87 3 -1.4
"29" "23" 2017-12-14 34.79 "DAL" "@" "GSW" "L" -15 0 24.0833333333333 0.732 0.688 0 0 0 44.2 8.7 0 31.1 25.5 109 107 12.4 9.3
"30" "24" 2017-12-16 34.8 "DAL" "@" "SAS" "L" -2 0 17.8833333333333 0.17 0 0 6.2 3.4 6.9 0 0 0 17 47 116 -0.9 -16.4
"31" "25" 2017-12-18 34.81 "DAL" "" "PHO" "L" -6 0 22.2 0.522 0.278 0 31.6 14.3 15.6 2.2 0 13 30.1 101 97 9.5 0.3
"32" "26" 2017-12-20 34.81 "DAL" "" "DET" "W" 17 0 17.25 0.788 0.75 0 0 0 26.4 3.1 5.3 31.1 18.7 120 100 6 3.5
"33" "27" 2017-12-22 34.82 "DAL" "@" "MIA" "L" -12 0 8.33333333333333 1 1 0 0 0 0 0 0 50 13.1 71 140 0.7 -13.4
"34" "28" 2017-12-23 34.82 "DAL" "@" "ATL" "L" -5 0 17.6166666666667 0.635 0.571 0 9.4 4 15.6 3 0 11.3 23.8 116 121 7.6 1.7
"35" "29" 2017-12-26 34.83 "DAL" "" "TOR" "W" 5 0 14.2333333333333 1 1 0 18.1 9.3 10.1 3.6 5.8 33.3 8.9 123 90 5.3 7.3
"36" "30" 2017-12-27 34.83 "DAL" "@" "IND" "W" 4 0 22.3333333333333 0.592 0.563 0 17 8.7 13.7 0 4 0 19.4 121 106 8.2 1
"37" "31" 2017-12-29 34.84 "DAL" "@" "NOP" "W" 8 0 20.1333333333333 0.957 0.938 0 17 9.7 7 0 0 0 20 182 123 14.6 12.9
"38" "32" 2017-12-31 34.84 "DAL" "@" "OKC" "W" 3 0 15.9333333333333 0.507 0.5 0 0 0 0 0 0 0 26.2 101 127 3 -9.7
"39" "33" 2018-01-03 34.85 "DAL" "" "GSW" "L" -3 0 19.2166666666667 0.403 0.357 0 18.7 8.7 6.6 2.4 0 11.8 18.9 77 118 2.3 -9.7
"40" "34" 2018-01-05 34.85 "DAL" "" "CHI" "L" -3 0 16.4666666666667 0.363 0.333 0 8.3 3.8 13.5 0 0 22.5 23 68 132 0.5 -18
"41" "35" 2018-01-07 34.86 "DAL" "" "NYK" "L" -4 0 22.7166666666667 0.583 0.556 0 25.8 10.7 47.8 2.2 0 17.5 22.1 105 100 9 4.5
"42" "36" 2018-01-09 34.87 "DAL" "" "ORL" "W" 15 0 13.5833333333333 0.4 0.4 0 8.4 4.5 9.8 3.9 0 0 18.3 87 106 3.3 -4.2
"43" "37" 2018-01-10 34.87 "DAL" "@" "CHO" "W" 4 0 19.75 0.496 0.333 0 0 0 7.1 0 0 0 21.4 107 117 5.1 -8.1
"44" "38" 2018-01-13 34.88 "DAL" "" "LAL" "L" -6 0 19.0333333333333 0.69 0.5 0 18.2 8.5 8.9 0 0 23.5 21.5 110 105 5.3 -2.5
"45" "39" 2018-01-16 34.88 "DAL" "@" "DEN" "L" -3 0 18.4333333333333 0.673 0.636 0 0 0 10.4 0 0 25.2 39.9 96 117 6.6 -0.6
"46" "40" 2018-01-20 34.9 "DAL" "@" "POR" "L" -9 0 6.01666666666667 0 0 0 0 0 0 0 0 0 15.3 0 137 -1.4 -24.2
"47" "" 2018-01-22 34.9 "DAL" "" "WAS" "W" 23 NA NA NA NA NA NA NA NA NA NA NA NA NA NA NA NA
"48" "" 2018-01-24 34.91 "DAL" "" "HOU" "L" -7 NA NA NA NA NA NA NA NA NA NA NA NA NA NA NA NA
"49" "" 2018-01-26 34.91 "DAL" "" "POR" "L" -14 NA NA NA NA NA NA NA NA NA NA NA NA NA NA NA NA
"50" "" 2018-01-27 34.92 "DAL" "@" "DEN" "L" -2 NA NA NA NA NA NA NA NA NA NA NA NA NA NA NA NA
"51" "41" 2018-01-29 34.92 "DAL" "" "MIA" "L" -7 0 16.4833333333333 0.143 0.143 0 7.3 3.6 9.7 0 6.6 0 19.4 42 113 -2 -15.7
"52" "42" 2018-01-31 34.93 "DAL" "@" "PHO" "L" -14 0 23.45 0.592 0.563 0 19.5 8.5 43 0 0 26.2 21 101 112 6.1 -4.3
"53" "43" 2018-02-03 34.93 "DAL" "@" "SAC" "W" 7 0 16.5166666666667 0.9 0.9 8.5 25.6 17.1 29.7 3.2 0 0 14.2 190 105 11.8 16.9
"54" "44" 2018-02-05 34.94 "DAL" "@" "LAC" "L" -3 0 20.4 0.926 0.833 0 6.5 3.1 10 2.4 0 18.8 23 146 106 11.4 7.9
"55" "" 2018-02-09 34.95 "DEN" "@" "HOU" "L" -26 NA NA NA NA NA NA NA NA NA NA NA NA NA NA NA NA
"56" "45" 2018-02-10 34.95 "DEN" "@" "PHO" "W" 10 0 21.8166666666667 0.571 0.5 0 11.3 6 5.7 4.3 0 20.2 19.6 96 108 5 -6.4
"57" "46" 2018-02-13 34.96 "DEN" "" "SAS" "W" 8 0 20.3833333333333 0.608 0.375 0 6.9 3.1 16.2 2.4 0 14.8 14.2 126 113 5.8 -2.3
"58" "47" 2018-02-15 34.97 "DEN" "@" "MIL" "W" 11 0 19.1333333333333 0.5 0.5 0 6.8 3.4 23.9 0 0 0 13.5 134 127 5.7 -3.3
"59" "48" 2018-02-23 34.99 "DEN" "" "SAS" "W" 3 0 16.5833333333333 0.202 0.143 6.4 19.3 12.9 19.3 0 0 0 18.5 88 125 0.2 -17.1
"60" "49" 2018-02-25 34.99 "DEN" "" "HOU" "L" -5 0 11.7166666666667 0.872 0.833 0 0 0 11.4 0 0 0 12.3 178 134 3.8 -2.9
"61" "50" 2018-02-27 35 "DEN" "" "LAC" "L" -2 0 12.4833333333333 0.388 0.333 0 0 0 21.8 0 0 13.4 23.8 85 125 1.6 -12.2
"62" "51" 2018-03-02 35.01 "DEN" "@" "MEM" "W" 6 0 17.5833333333333 0.633 0.5 0 0 0 7.9 5.6 0 13.7 18.8 119 106 5.8 0.1
"63" "52" 2018-03-03 35.01 "DEN" "@" "CLE" "W" 9 0 16.65 0.515 0.5 0 7 3.8 6.5 0 0 34 16.7 73 130 0.1 -15.7
"64" "53" 2018-03-06 35.02 "DEN" "@" "DAL" "L" -11 0 21.7 0.389 0.389 4.2 18.8 11.1 21.2 0 7 10 18.8 88 110 5.5 -2.3
"65" "54" 2018-03-07 35.02 "DEN" "" "CLE" "L" -5 0 14.8833333333333 0.7 0.7 0 14.7 7.5 20 3.3 5.6 0 14 158 107 8 12.8
"66" "55" 2018-03-09 35.03 "DEN" "" "LAL" "W" 9 0 15.85 0.721 0.714 0 0 0 10.1 0 0 0 23.3 141 128 8.2 0.1
"67" "56" 2018-03-11 35.03 "DEN" "" "SAC" "W" 26 0 20.3833333333333 0.739 0.786 0 4.7 2.6 5.8 0 0 21.2 21.1 100 112 4.3 -8.3
"68" "57" 2018-03-13 35.04 "DEN" "@" "LAL" "L" -9 0 13.7666666666667 0.5 0.5 0 0 0 0 6.7 0 0 15.4 92 103 3.5 -0.1
"69" "58" 2018-03-15 35.04 "DEN" "" "DET" "W" 7 0 15.2166666666667 0.732 0.583 0 7.2 3.7 18.8 0 0 0 23 162 121 10.7 7
"70" "59" 2018-03-17 35.05 "DEN" "@" "MEM" "L" -7 0 26.4 0.644 0.667 0 8.1 3.8 13.7 2.1 0 0 13.2 144 122 8.8 2
"71" "60" 2018-03-19 35.05 "DEN" "@" "MIA" "L" -8 0 26.9833333333333 0.564 0.313 0 10.2 4.7 46.4 0 0 20.7 24.1 120 135 11.3 -1.4
"72" "61" 2018-03-21 35.06 "DEN" "@" "CHI" "W" 33 0 24.5666666666667 0.829 0.813 5.9 8.5 7.4 23.7 2 3.8 26.2 20.9 135 104 13.5 5.3
"73" "62" 2018-03-23 35.07 "DEN" "@" "WAS" "W" 8 0 28.3666666666667 0.5 0.5 0 4.3 2 22.4 0 0 9.1 18.1 103 115 5.9 -6.4
"74" "63" 2018-03-26 35.07 "DEN" "@" "PHI" "L" -19 0 20.7 0.322 0.167 0 11 5.2 20.7 4.5 0 11.4 17.8 77 116 3.3 -8
"75" "64" 2018-03-27 35.08 "DEN" "@" "TOR" "L" -4 0 22.7666666666667 0.458 0.2 0 10.8 5.5 21.1 0 0 20.7 19.1 98 128 3.7 -10.9
"76" "65" 2018-03-30 35.08 "DEN" "@" "OKC" "W" 1 0 33.6166666666667 0.872 0.833 0 7.4 4.4 7.4 3 0 12.7 10.5 154 116 11.1 3
"77" "66" 2018-04-01 35.09 "DEN" "" "MIL" "W" 3 0 23.0166666666667 0.363 0.25 0 0 0 0 0 0 22.5 16.1 64 124 -1.6 -15.8
"78" "67" 2018-04-03 35.1 "DEN" "" "IND" "W" 3 0 20.4833333333333 0.46 0.4 0 16.7 8.4 25.8 0 0 26.9 15.3 91 115 3.6 -8.4
"79" "68" 2018-04-05 35.1 "DEN" "" "MIN" "W" 4 0 20.05 0.812 0.773 0 15.6 7.6 11.6 0 0 14 31.5 131 108 13.5 14.3
"80" "69" 2018-04-07 35.11 "DEN" "@" "LAC" "W" 19 0 23.4166666666667 0.571 0.571 0 5 2.9 21.9 0 0 0 17.6 138 129 9.3 -0.4
"81" "70" 2018-04-09 35.11 "DEN" "" "POR" "W" 6 0 13.85 0.278 0.278 0 0 0 28.8 0 0 0 29.3 67 98 0.9 -6.2
"82" "71" 2018-04-11 35.12 "DEN" "@" "MIN" "L" -6 0 10.4666666666667 0.667 0.667 0 22.5 11.6 16.4 0 0 0 13.8 145 117 4 3.1
"1" "1" 2018-10-17 35.64 "DAL" "@" "PHO" "L" -21 0 6.2 0 0 0 0 0 20.4 0 0 0 14.6 29 139 -0.7 -20.1
"2" "" 2018-10-20 35.64 "DAL" "" "MIN" "W" 4 NA NA NA NA NA NA NA NA NA NA NA NA NA NA NA NA
"3" "" 2018-10-22 35.65 "DAL" "" "CHI" "W" 6 NA NA NA NA NA NA NA NA NA NA NA NA NA NA NA NA
"4" "" 2018-10-24 35.65 "DAL" "@" "ATL" "L" -7 NA NA NA NA NA NA NA NA NA NA NA NA NA NA NA NA
"5" "" 2018-10-26 35.66 "DAL" "@" "TOR" "L" -9 NA NA NA NA NA NA NA NA NA NA NA NA NA NA NA NA
"6" "" 2018-10-28 35.67 "DAL" "" "UTA" "L" -9 NA NA NA NA NA NA NA NA NA NA NA NA NA NA NA NA
"7" "" 2018-10-29 35.67 "DAL" "@" "SAS" "L" -5 NA NA NA NA NA NA NA NA NA NA NA NA NA NA NA NA
"8" "" 2018-10-31 35.67 "DAL" "@" "LAL" "L" -1 NA NA NA NA NA NA NA NA NA NA NA NA NA NA NA NA
"9" "" 2018-11-02 35.68 "DAL" "" "NYK" "L" -12 NA NA NA NA NA NA NA NA NA NA NA NA NA NA NA NA
"10" "" 2018-11-06 35.69 "DAL" "" "WAS" "W" 19 NA NA NA NA NA NA NA NA NA NA NA NA NA NA NA NA
"11" "" 2018-11-07 35.69 "DAL" "@" "UTA" "L" -15 NA NA NA NA NA NA NA NA NA NA NA NA NA NA NA NA
"12" "2" 2018-11-10 35.7 "DAL" "" "OKC" "W" 15 0 11.5 0.75 0.75 0 20.9 13.8 41.1 4.4 0 0 16.6 165 90 8 13.9
"13" "3" 2018-11-12 35.71 "DAL" "@" "CHI" "W" 5 0 18.4833333333333 0.7 0.7 0 5.2 2.8 17.8 5 4.6 28.6 16.4 102 89 5.5 3.3
"14" "4" 2018-11-14 35.71 "DAL" "" "UTA" "W" 50 0 12.8666666666667 0.45 0.5 0 7.2 4.4 0 3.8 0 40.3 26 49 71 -0.5 -13.2
"15" "5" 2018-11-17 35.72 "DAL" "" "GSW" "W" 3 0 18.95 0.3 0.214 0 25.3 13.6 0 0 4.2 0 19 67 107 1.5 -9.3
"16" "6" 2018-11-19 35.73 "DAL" "@" "MEM" "L" -10 0 17.15 0.41 0.25 0 0 0 20.6 2.9 0 0 12.9 101 104 3.2 -2.8
"17" "7" 2018-11-21 35.73 "DAL" "" "BRK" "W" 6 0 18.2166666666667 0.789 0.714 0 14.9 9.1 9.6 10.7 0 8.1 30 151 95 18.1 21.6
"18" "8" 2018-11-24 35.74 "DAL" "" "BOS" "W" 9 0 17.0833333333333 0.507 0.5 0 28.8 13.2 8.4 5.8 0 10.1 24.7 98 98 5.5 -1.7
"19" "9" 2018-11-28 35.75 "DAL" "@" "HOU" "W" 20 0 14.9833333333333 1.073 1.063 0 7.6 4.3 47.9 0 15.3 0 27.3 220 116 20.5 41.7
"20" "10" 2018-11-30 35.76 "DAL" "@" "LAL" "L" -11 0 20.5 0.41 0.375 5 5.1 5 0 0 0 0 9.8 96 114 1.4 -7.6
"21" "11" 2018-12-02 35.76 "DAL" "" "LAC" "W" 4 0 17.3666666666667 0.276 0.2 0 5 2.6 0 0 0 0 12.3 69 111 -1 -13.9
"22" "12" 2018-12-04 35.77 "DAL" "" "POR" "W" 9 0 16.8 0.654 0.667 0 18.6 8.7 19.4 2.9 0 0 16.9 141 101 8.9 10.1
"23" "13" 2018-12-05 35.77 "DAL" "@" "NOP" "L" -26 0 9.21666666666667 0.25 0.25 10 0 5.7 0 0 0 20 22 52 132 -0.7 -18.7
"24" "14" 2018-12-08 35.78 "DAL" "" "HOU" "W" 3 0 16 0 0 0 22.5 11.3 14.6 0 0 0 5.7 69 120 0.1 -9.8
"25" "15" 2018-12-10 35.78 "DAL" "" "ORL" "W" 25 0 13.0333333333333 0.952 0.75 0 7.4 3.9 35.3 3.9 6 0 14.7 207 73 11.1 26.3
"26" "16" 2018-12-12 35.79 "DAL" "" "ATL" "W" 7 0 16.1166666666667 0.431 0 0 6.2 3.7 25.5 8.8 0 17.7 15.6 98 96 6.2 4.2
"27" "17" 2018-12-13 35.79 "DAL" "@" "PHO" "L" -10 0 16.7666666666667 0.436 0.333 0 5.6 3.1 22.7 2.9 0 30.4 24.5 74 102 1.1 -8.4
"28" "18" 2018-12-16 35.8 "DAL" "" "SAC" "L" -7 0 18.3666666666667 0.354 0.278 0 5.4 2.6 7.5 2.5 0 16.8 25.1 70 117 1.5 -10.1
"29" "19" 2018-12-18 35.81 "DAL" "@" "DEN" "L" -8 0 15.0833333333333 0.643 0.643 0 0 0 0 3.2 0 0 20.8 117 127 5.9 -1.1
"30" "20" 2018-12-20 35.81 "DAL" "@" "LAC" "L" -4 0 18.75 0.568 0.545 0 12.8 6 0 0 0 0 24.9 125 132 7.5 -1.7
"31" "21" 2018-12-22 35.82 "DAL" "@" "GSW" "L" -4 0 12.4666666666667 0.5 0.5 0 7.7 3.9 0 0 0 0 13.1 99 125 2.3 -8.2
"32" "22" 2018-12-23 35.82 "DAL" "@" "POR" "L" -3 0 18.2 0.167 0.167 0 30.3 14.3 7.3 0 0 0 14.1 44 107 -0.8 -12.1
"33" "23" 2018-12-26 35.83 "DAL" "" "NOP" "W" 3 0 17.1 0.83 0.714 7 12.5 9.9 10.1 0 4.5 0 24.7 175 118 13.8 11.7
"34" "24" 2018-12-28 35.83 "DAL" "@" "NOP" "L" -2 0 14.45 0 0 0 0 0 9 7 0 0 12.2 22 115 -0.5 -9.6
"35" "25" 2018-12-30 35.84 "DAL" "" "OKC" "W" 2 0 13.7833333333333 0.875 0.875 0 14.8 7.9 13.1 0 0 33.3 18.4 106 104 3.9 0
"36" "26" 2018-12-31 35.84 "DAL" "@" "OKC" "L" -20 0 15.8 0.434 0.25 0 11 6.4 10.9 0 0 25.8 20.5 73 113 0.3 -12.1
"37" "27" 2019-01-02 35.85 "DAL" "@" "CHO" "W" 38 0 12.95 0.625 0.625 0 0 0 10.1 0 0 0 13.1 133 97 3.7 -0.5
"38" "28" 2019-01-04 35.85 "DAL" "@" "BOS" "L" -21 0 16.1 0.571 0.5 0 5.7 2.9 11.9 6.2 0 11.3 24 108 111 6.5 3.9
"39" "" 2019-01-05 35.85 "DAL" "@" "PHI" "L" -6 NA NA NA NA NA NA NA NA NA NA NA NA NA NA NA NA
"40" "29" 2019-01-07 35.86 "DAL" "" "LAL" "L" -10 0 13.1333333333333 0.333 0.333 0 7.5 3.8 0 0 0 25 25.5 53 113 -1.1 -17.8
"41" "30" 2019-01-09 35.87 "DAL" "" "PHO" "W" 10 0 8.51666666666667 0 0 0 13.7 7.1 0 0 0 33.3 15.5 0 101 -2.5 -22.8
"42" "" 2019-01-11 35.87 "DAL" "@" "MIN" "W" 4 NA NA NA NA NA NA NA NA NA NA NA NA NA NA NA NA
"43" "31" 2019-01-13 35.88 "DAL" "" "GSW" "L" -5 0 10.75 0.827 0.9 8.8 0 4.5 66.5 0 8.3 0 21 181 131 9.8 25
"44" "32" 2019-01-16 35.88 "DAL" "" "SAS" "L" -4 0 6.83333333333333 0.5 0.5 0 0 0 0 0 0 0 19.9 113 131 0.9 -7
"45" "33" 2019-01-19 35.89 "DAL" "@" "IND" "L" -12 0 14.55 0.2 0.2 6.9 0 3.7 19.6 0 0 16.7 18 62 126 -1.6 -17.7
"46" "34" 2019-01-21 35.9 "DAL" "@" "MIL" "L" -10 0 17.9 0.654 0.667 0 0 0 8.1 0 4.5 12.7 18 112 117 4.4 -2.2
"47" "35" 2019-01-22 35.9 "DAL" "" "LAC" "W" 8 0 17.3 0.732 0.75 0 15.7 9.4 34.5 3 0 10.1 26.2 137 103 11.2 13.1
"48" "36" 2019-01-25 35.91 "DAL" "" "DET" "W" 5 0 17.1166666666667 0.222 0.3 0 0 0 16.4 3 0 0 18.4 62 114 -0.1 -11
"49" "37" 2019-01-27 35.92 "DAL" "" "TOR" "L" -3 0 7.66666666666667 0 0 0 0 0 29.1 0 0 0 16.5 40 130 -1.5 -18.6
"50" "38" 2019-01-30 35.92 "DAL" "@" "NYK" "W" 24 0 11.65 1 1 0 8.8 5 11.2 4.2 0 0 11.6 187 87 5.9 13.8
"51" "39" 2019-01-31 35.93 "DAL" "@" "DET" "L" -4 0 22.8 0.609 0.591 4.4 13.2 8.8 27 0 0 19.6 31 104 107 9.2 3.4
"52" "40" 2019-02-02 35.93 "DAL" "@" "CLE" "W" 13 0 20.4 1.215 1.25 0 4.5 2.5 20 0 0 25.8 8.7 184 110 5.8 1.6
"53" "41" 2019-02-06 35.94 "DAL" "" "CHO" "W" 6 0 14.8333333333333 0.868 0.75 0 19.4 9.3 9.3 0 6.2 51 16.6 82 93 2.5 -5.3
"54" "42" 2019-02-08 35.95 "DAL" "" "MIL" "L" -15 0 16.5 0.375 0.375 0 7.7 3.3 26.4 0 5.1 20 13.2 90 126 1.9 -5.6
"55" "43" 2019-02-10 35.95 "DAL" "" "POR" "W" 1 0 6.75 0.174 0 15.1 0 8.2 0 0 0 25.8 24.6 44 112 -1.1 -19.1
"56" "44" 2019-02-11 35.96 "DAL" "@" "HOU" "L" -16 0 14.3333333333333 0.581 0.5 0 0 0 0 3.5 0 0 22.4 113 125 5.2 1.8
"57" "45" 2019-02-13 35.96 "DAL" "" "MIA" "L" -11 0 17.55 0.636 0.375 0 7.8 3.2 17.5 2.8 0 12.4 20.1 126 115 7.5 2.1
"58" "46" 2019-02-22 35.99 "DAL" "" "DEN" "L" -10 0 18.55 0.94 0.875 0 9.2 4.9 49.3 2.5 0 15.8 14.4 169 110 10.9 11.7
"59" "47" 2019-02-23 35.99 "DAL" "@" "UTA" "L" -16 0 15.8 0 0 0 28.9 12.8 14.8 0 0 0 8.4 37 128 -0.7 -14.9
"60" "48" 2019-02-25 35.99 "DAL" "@" "LAC" "L" -9 0 15.2666666666667 0.714 0.5 0 6.7 3.7 0 0 5.7 19.2 15.6 119 125 4.2 -5.2
"61" "49" 2019-02-27 36 "DAL" "" "IND" "W" 9 0 17.5 0.317 0.286 6.5 7.2 6.9 15.9 5.9 0 27.6 28.1 64 102 -0.1 -16.3
"62" "50" 2019-03-02 36.01 "DAL" "" "MEM" "L" -30 0 15.8666666666667 0.226 0 5.1 26.7 13 23.3 3.2 0 13.1 21.1 58 113 1.2 -9.3
"63" "51" 2019-03-04 36.01 "DAL" "@" "BRK" "L" -39 0 9.95 0.34 0.3 0 0 0 0 0 0 14.5 30.3 57 128 -0.5 -15
"64" "52" 2019-03-06 36.02 "DAL" "@" "WAS" "L" -9 0 17.2 0.37 0.2 0 0 0 13.2 0 0 12.9 19.3 86 143 1.5 -15.7
"65" "" 2019-03-08 36.02 "DAL" "@" "ORL" "L" -5 NA NA NA NA NA NA NA NA NA NA NA NA NA NA NA NA
"66" "53" 2019-03-10 36.03 "DAL" "" "HOU" "L" -1 0 19.9333333333333 0.82 0.75 0 4.5 2.6 18.4 2.6 6.7 38.1 18.4 98 103 5.2 1.9
"67" "54" 2019-03-12 36.04 "DAL" "" "SAS" "L" -7 0 15.6333333333333 0.786 0.786 0 17.1 8.1 23.9 0 0 12.5 22.9 136 120 7.9 8.7
"68" "55" 2019-03-14 36.04 "DAL" "@" "DEN" "L" -1 0 9.18333333333333 0.258 0 0 0 0 14.1 5.8 0 0 19.8 72 106 0.8 -8.6
"69" "56" 2019-03-16 36.05 "DAL" "" "CLE" "W" 5 0 21.8666666666667 0.436 0.333 0 11.9 6 47.5 0 0 0 14.9 144 132 8.7 -0.6
"70" "57" 2019-03-18 36.05 "DAL" "" "NOP" "L" -4 0 18.85 0.387 0.25 0 11.2 5.4 13 0 0 0 16.4 99 119 1.8 -10.6
"71" "58" 2019-03-20 36.06 "DAL" "@" "POR" "L" -8 0 9.6 0.625 0.625 0 12.2 6 30.3 0 0 0 18.3 138 131 3.9 1.5
"72" "59" 2019-03-21 36.06 "DAL" "@" "SAC" "L" -16 0 20.1 0.769 0.5 4.3 10.4 7.1 28.4 2.4 0 0 11.4 178 118 9.8 6.2
"73" "60" 2019-03-23 36.07 "DAL" "@" "GSW" "W" 35 0 19.7 0.6 0.6 0 5 2.9 31.1 0 0 16.7 14.4 132 101 5.3 0.4
"74" "61" 2019-03-26 36.07 "DAL" "" "SAC" "L" -4 0 11.85 0.3 0.3 0 28.3 16.2 34.8 0 0 0 19.8 98 132 1.7 -10.1
"75" "62" 2019-03-28 36.08 "DAL" "@" "MIA" "L" -6 0 9.16666666666667 0.463 0.333 9.5 0 5 34 0 0 0 20.1 123 111 2.8 -2.2
"76" "63" 2019-03-31 36.09 "DAL" "@" "OKC" "W" 3 0 16.9166666666667 0.689 0.7 0 5 2.8 12.4 0 0 15.5 33.2 113 112 7.8 6.5
"77" "" 2019-04-01 36.09 "DAL" "" "PHI" "W" 20 NA NA NA NA NA NA NA NA NA NA NA NA NA NA NA NA
"78" "64" 2019-04-03 36.1 "DAL" "" "MIN" "L" -2 0 16.25 0.41 0.25 0 21.1 10.2 14.8 0 0 0 12.5 109 115 3.1 -5.6
"79" "65" 2019-04-05 36.1 "DAL" "" "MEM" "L" -10 0 20.9 0.188 0.188 0 16 7.5 17.8 0 4.2 11.1 18.1 56 124 0.5 -13.7
"80" "66" 2019-04-07 36.11 "DAL" "@" "MEM" "W" 2 0 21.9166666666667 0.434 0.375 0 19.3 9.3 11.4 0 0 14.8 13.7 87 124 3 -9.7
"81" "67" 2019-04-09 36.11 "DAL" "" "PHO" "W" 11 1 22.0833333333333 0.618 0.55 4.3 8.5 6.4 33.6 0 4.1 20.9 25.1 118 104 9.9 2.1
"82" "68" 2019-04-10 36.12 "DAL" "@" "SAS" "L" -11 1 33.6166666666667 0.505 0.455 0 6.6 3 19.1 0 4.5 7.8 17.8 101 111 8.5 -2.9
