"Rk" "G" "Date" "Age" "Tm" "H/A" "Opp" "W/L" "By Amt" "GS" "MP" "TS%" "eFG%" "ORB%" "DRB%" "TRB%" "AST%" "STL%" "BLK%" "TOV%" "USG%" "ORtg" "DRtg" "GmSc" "BPM"
"1" "1" 2005-11-02 22.01 "POR" "@" "MIN" "L" -4 0 14.3833333333333 0.444 0.429 0 7.6 3.7 38.5 0 0 0 25.1 109 109 4.9 -0.2
"2" "2" 2005-11-04 22.02 "POR" "@" "DEN" "L" -39 0 17.8333333333333 0.25 0.25 0 25 10.4 20.5 0 0 20 11.8 55 111 0.4 -14.9
"3" "3" 2005-11-05 22.02 "POR" "" "ATL" "W" 1 0 18.6333333333333 0.727 0.75 6.8 14.3 10.4 45.4 3 0 0 16.4 166 105 11.3 16.3
"4" "4" 2005-11-09 22.03 "POR" "" "NYK" "W" 12 0 33.1166666666667 0.125 0.125 0 0 0 12.2 3.3 0 11.1 12.1 46 100 -0.9 -11
"5" "5" 2005-11-11 22.04 "POR" "" "DET" "L" -3 0 18.8833333333333 0.266 0 0 13 7 55.6 0 4.4 0 5.3 142 109 4.9 7.4
"6" "6" 2005-11-16 22.05 "POR" "" "CHI" "W" 3 0 30.2166666666667 0.814 0.7 0 3.3 2.1 27.2 0 0 37.2 17.9 113 123 7.3 -4
"7" "7" 2005-11-18 22.06 "POR" "" "GSW" "L" -11 0 10.5666666666667 0.543 0 0 0 0 16.2 0 0 26.6 17.1 97 117 1.6 -5.3
"8" "8" 2005-11-20 22.06 "POR" "@" "NYK" "L" -11 0 7.46666666666667 NA NA 0 0 0 19.5 0 0 NA 0 224 127 -0.1 -9.1
"9" "9" 2005-11-22 22.07 "POR" "@" "MEM" "W" 8 0 19.5666666666667 0.436 0.333 0 0 0 38.9 0 0 22.5 10.9 106 113 3 -4.7
"10" "10" 2005-11-23 22.07 "POR" "@" "MIA" "L" -21 0 23.7833333333333 0.429 0.429 0 27.3 13.3 31.1 0 0 22.2 19.2 81 117 4.2 -6.9
"11" "11" 2005-11-25 22.08 "POR" "@" "ORL" "L" -15 0 13.3333333333333 1.054 1 0 0 0 40.3 0 0 23.1 15.7 167 133 6.7 5.2
"12" "12" 2005-11-27 22.08 "POR" "@" "ATL" "W" 2 0 28.6166666666667 0.372 0.222 0 4.2 2.1 23.4 2.1 0 0 19.5 99 98 6.6 -0.4
"13" "13" 2005-11-29 22.09 "POR" "@" "PHI" "L" -24 0 16.5 0.363 0.333 0 6.2 3.2 22.2 0 0 12.7 23.5 72 124 1.9 -10.7
"14" "14" 2005-11-30 22.09 "POR" "@" "WAS" "L" -7 0 5.98333333333333 0 0 0 0 0 0 0 0 0 14.8 0 110 -1.8 -22.4
"15" "15" 2005-12-02 22.1 "POR" "" "IND" "L" -20 0 24.9333333333333 0.901 0.857 4.3 0 2.4 29.7 2.4 0 19.4 20.6 148 125 13.9 11.8
"16" "16" 2005-12-04 22.1 "POR" "" "UTA" "L" -5 0 16.75 0.266 0 0 22 8.2 9 6.8 0 34.7 8.1 55 106 1.4 -6.2
"17" "17" 2005-12-06 22.11 "POR" "@" "PHO" "L" -45 0 16.1333333333333 0.589 0.545 0 0 0 0 0 0 14.4 36.6 104 151 5.9 -4.5
"18" "18" 2005-12-07 22.11 "POR" "" "MIN" "L" -10 0 25.4166666666667 0.489 0.286 0 13.8 6.9 15.6 4.6 0 17.9 22.2 91 97 7.2 2.3
"19" "19" 2005-12-09 22.12 "POR" "" "NOK" "W" 3 0 6.53333333333333 NA NA 0 23.9 10.7 0 0 0 NA 0 0 106 0.3 -6.2
"20" "20" 2005-12-11 22.12 "POR" "" "HOU" "L" -14 0 9.91666666666667 0.375 0.375 0 0 0 19.2 0 0 20 22.9 76 125 -0.1 -10.2
"21" "21" 2005-12-14 22.13 "POR" "@" "UTA" "L" -5 0 28.8833333333333 0.383 0.3 0 12.5 7.5 8.7 8.7 0 14.5 25.8 74 91 5.1 -3
"22" "22" 2005-12-16 22.13 "POR" "" "SEA" "L" -12 0 6.55 NA NA 0 0 0 0 0 0 100 15.4 0 135 -2 -27.2
"23" "23" 2005-12-18 22.14 "POR" "" "WAS" "W" 5 0 26.3666666666667 0.637 0.417 0 28.7 13.8 46.4 2.1 0 10.4 16.9 148 102 14.2 9.9
"24" "24" 2005-12-20 22.15 "POR" "@" "DET" "L" -4 0 20.0166666666667 0.5 0.5 7.1 5.7 6.3 25.9 0 0 0 14.8 131 125 4.1 -2.3
"25" "25" 2005-12-21 22.15 "POR" "@" "MEM" "L" -10 0 10.2833333333333 0 0 0 0 0 34.6 0 0 66.7 15.2 30 132 -1.7 -21.7
"26" "26" 2005-12-23 22.15 "POR" "@" "MIN" "W" 8 0 22.8833333333333 0.311 0.333 6 5 5.4 31.3 2.4 0 13.4 15.5 84 98 4 -2.5
"27" "27" 2005-12-26 22.16 "POR" "@" "SAC" "W" 13 0 20.0833333333333 0.24 0.286 0 20.8 12 25 0 0 10.7 22.4 67 106 1.7 -11.4
"28" "28" 2005-12-28 22.17 "POR" "" "PHI" "W" 4 0 22.2166666666667 0.376 0.25 0 10.8 4.6 19.7 2.2 0 15.8 11.2 87 96 2.7 -6
"29" "29" 2005-12-30 22.17 "POR" "" "MEM" "L" -3 0 15.9333333333333 0.727 0.667 8.4 0 4.1 13.1 0 0 12.7 25.6 133 122 7.4 3.4
"30" "30" 2006-01-01 22.18 "POR" "" "LAC" "L" -6 0 16.45 0.375 0.375 11.9 7.3 9.8 43.9 3.3 0 0 21.7 115 112 7 6
"31" "31" 2006-01-03 22.18 "POR" "@" "DAL" "L" -14 0 15.8166666666667 0.25 0.25 0 15.6 6.6 10.9 3.5 0 20 14.8 50 107 0.5 -9.9
"32" "32" 2006-01-04 22.19 "POR" "@" "SAS" "L" -31 0 25.3 0.621 0.444 0 18.1 8.7 20.6 2.3 0 7.6 26.4 123 121 12.5 6.3
"33" "33" 2006-01-06 22.19 "POR" "@" "NOK" "L" -10 0 25.6 0.75 0.75 0 8.5 4.7 39.7 2.2 0 11.1 18.2 144 109 10.9 8
"34" "34" 2006-01-08 22.2 "POR" "" "MIA" "L" -29 0 24.0666666666667 0.388 0.333 0 11.1 4.7 14.8 2.1 0 13.4 14.6 75 124 3.2 -7.8
"35" "35" 2006-01-11 22.21 "POR" "" "LAL" "W" 10 0 20.7 0.6 0.6 0 18.8 9.3 0 2.5 0 28.6 15.5 81 110 3.2 -6.1
"36" "36" 2006-01-13 22.21 "POR" "" "ORL" "W" 5 0 19.45 0.381 0.286 0 12.3 7.1 20 0 0 0 20.5 101 130 4.2 -10.7
"37" "37" 2006-01-15 22.22 "POR" "" "CLE" "W" 2 0 21.8833333333333 0.661 0.571 0 17.3 8.8 34.8 2.7 0 0 18.2 158 103 11.2 11.2
"38" "38" 2006-01-18 22.22 "POR" "" "TOR" "W" 2 0 17.1 0.5 0.5 0 10.4 4.5 0 3.2 0 25 22.7 69 108 1.9 -11.2
"39" "39" 2006-01-22 22.24 "POR" "" "DAL" "L" -6 0 8.08333333333333 0.2 0.2 0 13.7 6.8 0 0 0 16.7 36.4 41 109 -2.2 -25.8
"40" "40" 2006-01-25 22.24 "POR" "" "DEN" "L" -3 0 16.45 0.551 0.6 0 7.1 3.8 17.6 0 0 26.9 21.3 88 117 2.2 -9.5
"41" "41" 2006-01-27 22.25 "POR" "" "NJN" "W" 5 0 16.9666666666667 0.5 0.5 0 6.6 4 9.7 0 0 33.3 9 76 105 0.6 -9.9
"42" "42" 2006-01-28 22.25 "POR" "@" "GSW" "L" -15 0 25.6833333333333 0.512 0.563 0 4.3 2.2 39.7 0 0 9.3 19.9 105 120 6 -2.6
"43" "43" 2006-01-30 22.26 "POR" "@" "SEA" "W" 5 0 27.5333333333333 0.307 0.25 4.2 18.4 10.9 12.9 0 0 9.3 16.7 91 125 2.6 -12.3
"44" "44" 2006-02-01 22.26 "POR" "" "SAS" "L" -4 0 22.4166666666667 0.512 0.5 0 38.9 18.2 16.7 0 0 38.1 16.6 68 95 2.6 -8.8
"45" "45" 2006-02-03 22.27 "POR" "" "MIN" "W" 4 0 30.1333333333333 0.839 0.85 0 25.8 11.8 14.3 0 0 15 21.1 143 105 15.2 8
"46" "46" 2006-02-04 22.27 "POR" "@" "DEN" "L" -1 0 28.3166666666667 0.543 0.5 0 17 8.7 14.2 1.8 0 31.8 14.8 87 112 3.7 -7.4
"47" "47" 2006-02-08 22.28 "POR" "@" "IND" "L" -32 0 28.6333333333333 0.143 0.143 0 15.2 6.8 18.3 2 0 30 16.1 29 118 -2.7 -17.6
"48" "48" 2006-02-10 22.29 "POR" "@" "BOS" "L" -32 0 28.95 0.661 0.5 0 21.4 11.1 18.4 1.9 0 18.1 18.6 120 129 8.9 -2.5
"49" "49" 2006-02-12 22.29 "POR" "@" "TOR" "L" -33 0 26.55 0.338 0.25 0 16.9 6.8 19.1 6.2 0 10.1 18 74 120 6.2 -3.9
"50" "50" 2006-02-13 22.3 "POR" "@" "CHA" "W" 8 0 25.4333333333333 0.727 0.667 0 9.9 4.8 30.1 4.1 0 30.4 17.9 109 88 8.9 4.7
"51" "51" 2006-02-15 22.3 "POR" "@" "NOK" "L" -16 0 26.4666666666667 0.37 0.2 0 12.7 6.1 18 0 0 12.9 14.1 85 120 3.5 -7.5
"52" "52" 2006-02-21 22.32 "POR" "@" "LAL" "L" -17 0 19.65 0.712 0.6 0 14 5.6 9 0 0 13.7 16.8 126 113 6.6 1.8
"53" "53" 2006-02-22 22.32 "POR" "" "CHA" "L" -4 0 19.5166666666667 0.75 0.75 7.2 12.9 10.2 33.6 2.8 0 33.3 15.3 124 121 7 -0.1
"54" "54" 2006-02-24 22.33 "POR" "" "BOS" "L" -6 0 18.5333333333333 1 1 0 7 3.4 30.6 0 0 0 5.3 207 128 6.1 -0.3
"55" "55" 2006-02-26 22.33 "POR" "" "NOK" "L" -13 0 17.45 0.25 0.25 0 0 0 9.4 3.4 0 33.3 18.2 41 112 -0.7 -13
"56" "56" 2006-02-27 22.33 "POR" "@" "SAC" "L" -24 0 20.0666666666667 0.902 0.833 0 15.3 8.8 16.4 0 0 34 14.6 121 125 4.8 -4.9
"57" "57" 2006-03-01 22.34 "POR" "" "LAL" "W" 6 0 16.25 0.4 0.4 7.6 8 7.8 17.3 0 0 16.7 16.4 91 104 1.9 -7.5
"58" "58" 2006-03-04 22.35 "POR" "@" "SAS" "L" -20 0 16.8333333333333 0.145 0 0 15 6.3 16.8 0 0 22.5 12.2 44 122 -0.9 -16.3
"59" "59" 2006-03-05 22.35 "POR" "@" "HOU" "L" -18 0 4.91666666666667 0 0 24.4 0 11.6 31.5 0 0 0 9.9 89 128 0.3 -9.5
"60" "60" 2006-03-07 22.36 "POR" "@" "DAL" "L" -6 0 15.4 0.431 0 0 15.2 7.9 0 0 0 30.1 10.3 64 110 -0.7 -13.3
"61" "61" 2006-03-09 22.36 "POR" "" "DAL" "L" -17 0 9.68333333333333 0.333 0.333 0 0 0 0 0 0 40 27.1 39 141 -1.7 -25.6
"62" "62" 2006-03-12 22.37 "POR" "" "PHO" "W" 10 0 15.3666666666667 0.333 0.333 0 8 4.2 14.6 0 0 25 11.9 81 122 1 -12
"63" "63" 2006-03-14 22.38 "POR" "@" "CHI" "L" -29 1 19.6333333333333 0.41 0.375 0 13.2 6 10 0 0 17 14.4 77 117 1.5 -8.8
"64" "64" 2006-03-15 22.38 "POR" "@" "NJN" "L" -13 0 19.55 0.25 0.25 0 0 0 10.4 0 0 20 13.9 47 104 -1.5 -14.4
"65" "65" 2006-03-17 22.38 "POR" "@" "CLE" "L" -15 0 16.2333333333333 0.333 0.333 0 14.1 7.1 19.7 0 4.5 0 9.1 92 113 3 -2.4
"66" "66" 2006-03-18 22.39 "POR" "@" "MIL" "L" -4 0 17.1 0.51 0.4 0 0 0 19.1 6.3 0 33.8 24.2 81 106 3.3 -3.2
"67" "67" 2006-03-20 22.39 "POR" "" "MIL" "L" -7 0 16.2833333333333 0.75 0.75 0 16.8 7.5 22.5 0 0 33.3 17.2 99 123 4 -5.8
"68" "68" 2006-03-23 22.4 "POR" "@" "PHO" "L" -17 0 21.4333333333333 0.758 0.727 9.3 10.4 9.8 37.2 0 0 13.2 28.8 145 133 16.3 10
"69" "69" 2006-03-24 22.4 "POR" "" "SAS" "L" -19 0 16.3666666666667 0.581 0.5 0 0 0 39.6 0 0 22.5 28.2 100 124 4.7 -3.2
"70" "70" 2006-03-26 22.41 "POR" "" "LAC" "L" -14 0 31.4833333333333 0.602 0.313 0 4.6 1.9 29.1 0 0 18.4 24.2 114 118 9.7 -1.1
"71" "71" 2006-03-29 22.42 "POR" "" "SAC" "L" -16 1 31.4166666666667 0.676 0.625 4.2 0 2.2 27.4 3.8 0 10.1 16.4 141 130 13.2 6.2
"72" "72" 2006-04-01 22.42 "POR" "" "UTA" "L" -13 1 31.45 0.564 0.438 0 8.5 3.9 43 3.5 0 8.6 18.7 125 115 12.4 4.9
"73" "73" 2006-04-02 22.43 "POR" "@" "SEA" "L" -39 1 25.7166666666667 0.875 0.875 0 11 4.5 15.3 0 0 20 9.5 135 138 5.6 -7.4
"74" "" 2006-04-05 22.44 "POR" "" "HOU" "W" 1 NA NA NA NA NA NA NA NA NA NA NA NA NA NA NA NA
"75" "" 2006-04-07 22.44 "POR" "" "SEA" "L" -13 NA NA NA NA NA NA NA NA NA NA NA NA NA NA NA NA
"76" "74" 2006-04-08 22.44 "POR" "@" "UTA" "L" -17 0 16.2166666666667 0.4 0.4 0 0 0 21.9 0 0 0 14.4 102 132 1.1 -9.7
"77" "" 2006-04-10 22.45 "POR" "" "DEN" "L" -12 NA NA NA NA NA NA NA NA NA NA NA NA NA NA NA NA
"78" "75" 2006-04-12 22.45 "POR" "@" "LAC" "L" -4 0 32.1666666666667 0.704 0.667 0 14 6.3 43.4 1.7 0 0 20.9 155 111 19.2 10.1
"79" "76" 2006-04-14 22.46 "POR" "@" "LAL" "L" -11 0 24.7833333333333 0.645 0.5 0 9.7 5.3 62.4 0 0 39.2 20 113 130 8.7 0.1
"80" "77" 2006-04-15 22.46 "POR" "" "GSW" "L" -5 0 18.85 0.593 0.6 6.9 5.5 6.1 40.8 0 0 7.3 37.3 119 107 9.7 5.1
"81" "78" 2006-04-17 22.47 "POR" "@" "GSW" "L" -14 0 27.2166666666667 0.533 0.444 9.3 14.3 11.8 34 0 0 16.2 22.7 110 114 9.7 -0.9
"82" "79" 2006-04-19 22.47 "POR" "" "PHO" "L" -10 0 29.4333333333333 0.676 0.625 3.7 10 7 30.2 0 0 13.1 23.7 124 117 14.4 2.8
"1" "1" 2006-11-01 23.01 "POR" "@" "SEA" "W" 4 1 44.2333333333333 0.564 0.375 0 14.5 8.8 17.7 3.6 0 20.7 15.4 113 112 13 -0.9
"2" "2" 2006-11-03 23.02 "POR" "@" "GSW" "L" -13 1 38.3 0.6 0.6 0 3.1 1.6 48.7 4.1 0 28.6 16.7 109 109 12.1 4.4
"3" "3" 2006-11-04 23.02 "POR" "" "MIN" "W" 2 1 25.15 0.564 0.5 4.1 5.2 4.6 24.5 0 0 15.8 12.1 119 107 5.6 -4.5
"4" "4" 2006-11-06 23.02 "POR" "@" "LAC" "L" -13 1 38.2666666666667 0.589 0.571 0 8.4 4.5 28.6 4.2 0 6.5 18.9 125 111 14.8 5.6
"5" "5" 2006-11-08 23.03 "POR" "" "LAL" "W" 11 1 36.5 0.685 0.571 0 7.5 4.1 26.5 6.1 0 40.7 19.7 97 100 10.7 1.5
"6" "6" 2006-11-10 23.04 "POR" "" "NOK" "W" 1 1 42.7 0.514 0.35 0 2.7 1.4 22.8 1.3 0 19.2 18.2 98 112 8.6 -4.3
"7" "7" 2006-11-12 23.04 "POR" "" "DAL" "L" -7 1 38.15 0.654 0.4 3.6 9.3 6.1 42 6.1 0 16.4 22.8 137 116 21.9 12.4
"8" "8" 2006-11-14 23.05 "POR" "@" "MIN" "L" -12 1 31.2333333333333 0.397 0.143 0 8.5 3.8 31.3 1.6 0 16.6 17.9 86 108 5.7 -5.9
"9" "9" 2006-11-15 23.05 "POR" "@" "CLE" "L" -13 1 21.9833333333333 0.388 0.333 0 12.8 5.9 17 0 0 13.4 15 85 114 2.2 -7.5
"10" "10" 2006-11-17 23.05 "POR" "@" "BOS" "L" -28 1 37.4333333333333 0.368 0.3 3.4 13.5 8.4 35.2 0 0 31.5 19.6 73 130 3.9 -10.5
"11" "11" 2006-11-18 23.06 "POR" "@" "NJN" "W" 18 1 38.4 0.833 0.8 0 7.5 4.5 38.5 1.6 0 0 10.6 181 90 15.6 6.2
"12" "12" 2006-11-20 23.06 "POR" "" "SAS" "L" -9 1 33 0.685 0.571 0 4.8 2.4 22.6 0 2.9 25.5 16.6 120 127 8.6 -2.1
"13" "13" 2006-11-22 23.07 "POR" "" "NJN" "W" 3 1 37.6833333333333 0.697 0.6 3.2 8.8 5.5 20.8 0 0 0 16.3 163 127 16.4 6.2
"14" "14" 2006-11-25 23.08 "POR" "@" "SAC" "L" -20 1 28.5 0.506 0.5 4.6 5.6 5 28.6 0 0 15.5 23.4 99 129 5.8 -7.1
"15" "15" 2006-11-26 23.08 "POR" "" "PHO" "L" -18 1 33.0166666666667 0.528 0.455 0 8.1 3.8 22.2 1.6 0 24.5 23.2 92 129 7.6 -7.7
"16" "16" 2006-11-28 23.08 "POR" "" "IND" "L" -8 1 40.9 0.696 0.625 0 17.3 7.2 27.3 2.8 0 0 16.2 168 122 22.3 9.8
"17" "17" 2006-12-01 23.09 "POR" "" "ORL" "L" -2 1 37.2833333333333 0.625 0.5 0 0 0 24 3.1 0 21.1 18.1 113 110 10.6 0.2
"18" "18" 2006-12-03 23.1 "POR" "" "ATL" "L" -11 1 28.45 0.362 0.333 0 0 0 47.8 1.8 0 19.4 25.4 85 120 4.6 -9.8
"19" "19" 2006-12-05 23.1 "POR" "@" "DET" "W" 3 1 40.1166666666667 0.606 0.45 0 12 5.9 22 1.5 0 6.3 19.6 135 110 15.3 3.5
"20" "20" 2006-12-06 23.11 "POR" "@" "MIL" "L" -8 1 47.55 0.62 0.568 0 2.9 1.4 51.5 1.2 0 7.6 27.6 132 118 24.5 7.6
"21" "21" 2006-12-08 23.11 "POR" "@" "IND" "L" -13 1 32.3833333333333 0.333 0.333 0 8 4 20.1 1.6 2.8 35.7 19.5 57 121 -0.6 -14.6
"22" "22" 2006-12-10 23.12 "POR" "@" "TOR" "W" 10 1 40.85 0.656 0.6 3.2 17.7 11.8 46 1.4 0 19.3 23.5 125 95 19.2 6.6
"23" "23" 2006-12-11 23.12 "POR" "@" "PHI" "W" 2 1 31.3333333333333 0.543 0.5 0 16.1 8.8 26.2 1.8 0 13.4 12.1 112 92 6.4 -1
"24" "24" 2006-12-13 23.13 "POR" "@" "MEM" "W" 6 1 40 0.511 0.444 0 9.2 5 27.5 0 0 21.8 17.6 101 103 7.2 -6.7
"25" "25" 2006-12-15 23.13 "POR" "" "LAC" "W" 10 1 35.5666666666667 0.651 0.667 0 23.3 10.7 20.3 1.6 0 0 15.6 142 116 14.1 2.1
"26" "26" 2006-12-20 23.15 "POR" "" "HOU" "W" 2 1 39.6833333333333 0.505 0.458 0 6.2 3.1 26 2.9 0 7.2 16.6 119 108 11.2 0.8
"27" "27" 2006-12-22 23.15 "POR" "" "TOR" "L" -1 1 34.7166666666667 0.676 0.625 0 3.7 1.9 15.3 0 0 25.3 15.6 107 106 7 -2.3
"28" "28" 2006-12-26 23.16 "POR" "@" "PHO" "L" -23 1 32.7833333333333 0.699 0.667 0 4.1 1.7 25.2 1.5 0 18.9 20.5 124 121 11.9 0.6
"29" "29" 2006-12-27 23.16 "POR" "" "NOK" "W" 15 1 35.9166666666667 0.638 0.55 9.3 8.7 9 14.2 3.2 2.1 14.5 17.5 130 100 15 5.7
"30" "30" 2006-12-29 23.17 "POR" "" "PHI" "L" -3 1 26.3166666666667 0.557 0.556 0 14.8 7.6 6.4 0 0 28.8 26 81 116 2.7 -10.3
"31" "31" 2006-12-30 23.17 "POR" "@" "UTA" "L" -10 1 24.4833333333333 0.357 0.357 0 0 0 25.2 6.8 0 22.2 18.2 74 107 3.5 -2.8
"32" "32" 2007-01-01 23.18 "POR" "" "BOS" "L" -8 1 28.0333333333333 0.317 0.214 0 0 0 13 3.9 0 20.2 17.1 63 102 1.1 -7.1
"33" "33" 2007-01-03 23.18 "POR" "" "NYK" "L" -18 1 30.15 0.506 0.45 0 7.8 3.9 47.2 0 0 8.4 20.5 108 122 9.7 -0.3
"34" "34" 2007-01-06 23.19 "POR" "@" "SAC" "W" 5 1 45.3166666666667 0.498 0.393 0 5.4 2.7 31 2.3 0 10.5 18.6 110 105 13.8 1.5
"35" "35" 2007-01-07 23.19 "POR" "" "MIA" "L" -3 1 37.3833333333333 0.376 0.313 0 3.8 1.7 38.8 0 0 9.7 12.9 117 120 7.6 -3.1
"36" "36" 2007-01-09 23.2 "POR" "@" "SAS" "L" -14 1 37.65 0.722 0.722 0 8 3.7 26.2 0 0 25 15.7 120 130 9.4 -0.6
"37" "37" 2007-01-10 23.2 "POR" "@" "DAL" "L" -25 1 26.6 0.286 0.286 0 0 0 14.8 2.2 0 12.5 15.3 63 124 0.5 -9.8
"38" "" 2007-01-12 23.21 "POR" "" "SAC" "W" 8 NA NA NA NA NA NA NA NA NA NA NA NA NA NA NA NA
"39" "" 2007-01-14 23.21 "POR" "" "DEN" "L" -16 NA NA NA NA NA NA NA NA NA NA NA NA NA NA NA NA
"40" "" 2007-01-17 23.22 "POR" "" "CLE" "W" 18 NA NA NA NA NA NA NA NA NA NA NA NA NA NA NA NA
"41" "38" 2007-01-19 23.23 "POR" "@" "PHO" "L" -5 1 34.2833333333333 0.455 0.455 0 4.5 2 18.7 1.7 5 8.3 15.7 118 125 7.5 0.5
"42" "39" 2007-01-21 23.23 "POR" "" "MIL" "W" 4 1 38.3166666666667 0.781 0.6 0 11.1 6.1 12 2.9 0 18.2 13.8 139 108 13 0.9
"43" "40" 2007-01-24 23.24 "POR" "" "MIN" "W" 3 1 34.1333333333333 0.524 0.545 0 3.7 1.7 24.5 0 0 14.9 17.6 107 106 7.3 -2.1
"44" "41" 2007-01-26 23.25 "POR" "@" "HOU" "L" -30 1 22.3 0.901 0.875 0 5.5 2.7 33 2.5 0 47.4 18.7 91 118 5.4 -0.6
"45" "42" 2007-01-27 23.25 "POR" "@" "MEM" "W" 3 1 42.45 0.462 0.318 0 8.9 4.1 14.6 2.4 0 0 14.4 120 118 11.3 -3.4
"46" "43" 2007-01-29 23.25 "POR" "@" "NOK" "L" -12 1 24.9166666666667 0.5 0.5 7.7 10.1 8.8 25.6 2.4 0 44.4 17.5 80 126 3.7 -8
"47" "44" 2007-01-31 23.26 "POR" "" "DEN" "W" 9 1 36.5 0.549 0.5 8 0 3.7 33.5 1.5 0 13.6 18.1 127 107 12.7 3.9
"48" "45" 2007-02-02 23.27 "POR" "@" "DEN" "L" -7 1 39 0.416 0.393 0 7.5 3.5 43.4 1.4 0 21.7 21.8 89 117 6.5 -6.5
"49" "46" 2007-02-03 23.27 "POR" "" "CHI" "L" -2 1 40.3666666666667 0.775 0.722 0 17.5 7.6 18.4 2.7 0 8.8 13.4 148 99 15.8 6.1
"50" "47" 2007-02-06 23.28 "POR" "" "PHO" "L" -7 1 33.5666666666667 0.441 0.25 0 11 5.6 33.7 6.6 0 28.2 20.2 87 105 9.2 1.8
"51" "48" 2007-02-09 23.28 "POR" "@" "CHA" "W" 8 1 42.6166666666667 0.587 0.35 0 14.6 7.5 37 2.3 3.1 19 21.3 114 91 18.9 6.9
"52" "49" 2007-02-11 23.29 "POR" "@" "WAS" "W" 21 1 38.0333333333333 0.846 0.75 0 9.7 5.2 21.3 0 0 22 16.8 142 92 14.6 4.6
"53" "50" 2007-02-13 23.3 "POR" "@" "MIA" "L" -19 1 41.5833333333333 0.542 0.538 2.9 11.5 6.6 22.1 1.4 0 11.9 19.4 121 130 11.8 0.6
"54" "51" 2007-02-14 23.3 "POR" "@" "ORL" "L" -12 1 38.1833333333333 0.595 0.357 2.5 3.9 3.1 20 0 0 9 13.8 134 125 11 -1
"55" "52" 2007-02-20 23.32 "POR" "" "UTA" "W" 3 1 28.4333333333333 0.5 0.5 0 9.1 4.5 32.4 1.9 0 28.6 23.4 88 113 5.2 -5.6
"56" "53" 2007-02-21 23.32 "POR" "@" "LAL" "W" 4 1 30.2166666666667 0.891 0.833 0 8.6 5.2 38.7 0 0 10.6 31.2 166 128 26.7 13.5
"57" "54" 2007-02-23 23.32 "POR" "" "MEM" "L" -1 1 36.5333333333333 0.827 0.8 0 6.9 3.6 12.4 1.5 0 21.6 17.7 131 125 13.7 1.2
"58" "55" 2007-02-26 23.33 "POR" "@" "SEA" "L" -24 1 23.8833333333333 0.417 0.417 0 8.9 4.4 20.1 2.2 0 14.3 13.8 81 107 3.9 -4.2
"59" "56" 2007-03-01 23.34 "POR" "" "CHA" "W" 37 1 25.25 0.45 0.375 5.9 21.6 15 12.1 0 2.8 18.4 9.8 116 99 5.2 -4.4
"60" "57" 2007-03-03 23.35 "POR" "" "SAC" "L" -8 1 32.55 0.825 0.786 3.4 7.4 5.3 27.7 0 0 11.3 11.8 162 121 12.3 3.9
"61" "58" 2007-03-06 23.35 "POR" "" "SAS" "L" -5 1 30.5666666666667 0.466 0.5 0 8.7 4.2 13.3 3.8 0 23.7 13.7 84 118 5.3 -5.4
"62" "59" 2007-03-11 23.37 "POR" "" "GSW" "W" 19 1 31.35 0.481 0.5 0 11.8 6.7 32.7 1.6 0 26.5 15.5 100 95 7.1 -2.1
"63" "60" 2007-03-13 23.37 "POR" "@" "DEN" "L" -8 1 39.7333333333333 0.547 0.5 0 15.1 7.6 32 1.2 0 25.2 15.8 102 112 10.4 -3.5
"64" "61" 2007-03-14 23.38 "POR" "" "DET" "L" -12 1 35.5333333333333 0.388 0.417 0 0 0 26.7 3.3 0 31.8 13.5 71 106 3.3 -4.5
"65" "62" 2007-03-16 23.38 "POR" "@" "LAL" "L" -5 1 39.0166666666667 0.417 0.417 0 10.7 4.5 16.5 2.8 0 50 13.9 58 118 1.6 -11.3
"66" "63" 2007-03-18 23.39 "POR" "" "SEA" "L" -18 1 25.6 0 0 4.2 13.7 8.7 29.3 0 0 50 11.7 43 115 -0.4 -12.8
"67" "64" 2007-03-20 23.39 "POR" "" "WAS" "W" 2 1 25.9333333333333 0.359 0.25 0 17.2 8.5 27 1.9 0 17 19.8 78 99 5.1 -5.4
"68" "65" 2007-03-22 23.4 "POR" "@" "NYK" "W" 6 1 32.4833333333333 0.901 0.857 0 0 0 23.1 1.9 0 10.7 15 166 118 13.7 5.4
"69" "66" 2007-03-23 23.4 "POR" "@" "ATL" "W" 2 1 39.4833333333333 0.531 0.346 0 12.8 5.6 29.7 0 0 19.1 23 108 108 11.8 -2
"70" "67" 2007-03-25 23.41 "POR" "@" "MIN" "L" -1 1 34.25 0.371 0.333 0 8.8 3.9 21.4 5 0 17.5 15.7 91 107 6.2 -2.3
"71" "68" 2007-03-26 23.41 "POR" "@" "CHI" "L" -11 1 37.4833333333333 0.727 0.667 0 6 3.6 40.9 1.5 0 42.1 16 104 117 7.9 -1.7
"72" "69" 2007-03-29 23.42 "POR" "" "MEM" "L" -4 1 22.4333333333333 0.322 0.167 0 5.6 2.6 19 2.4 0 11.4 17.7 75 108 2.4 -8.1
"73" "70" 2007-03-31 23.42 "POR" "" "LAC" "L" -13 1 9.8 0 0 0 0 0 16.9 0 0 25 21.1 13 130 -3.2 -30.6
"74" "71" 2007-04-04 23.43 "POR" "" "UTA" "W" 5 1 30.1833333333333 0.902 0.833 0 14.1 8.3 19.4 7.1 0 20.5 16.1 143 90 15.5 11.2
"75" "72" 2007-04-06 23.44 "POR" "@" "HOU" "W" 7 1 35.25 0.919 0.944 0 9.3 5.2 19 0 0 13.8 21.8 159 102 18.9 11.6
"76" "73" 2007-04-07 23.44 "POR" "@" "DAL" "L" -12 1 29.9666666666667 0.615 0.542 0 19.4 8 33 0 0 12 26.6 115 101 12.4 5.5
"77" "74" 2007-04-09 23.45 "POR" "@" "SAS" "L" -16 1 35.4333333333333 0.771 0.773 0 4.7 2.2 39.9 0 0 7.5 19.8 156 138 17.8 7.3
"78" "75" 2007-04-11 23.45 "POR" "" "HOU" "L" -4 1 22.7166666666667 0.282 0.188 0 14.7 7.3 24.2 2.3 0 0 18.1 79 106 3.7 -3.3
"79" "76" 2007-04-13 23.46 "POR" "@" "LAC" "L" -18 1 23.6833333333333 0.405 0.333 0 14 6.2 21 0 0 9.2 22.5 89 128 4.2 -8.2
"80" "77" 2007-04-14 23.46 "POR" "" "SEA" "W" 6 1 30.9666666666667 0.718 0.615 0 8.8 5.2 29.1 0 0 0 26.7 163 121 21.9 8.6
"81" "78" 2007-04-16 23.47 "POR" "@" "UTA" "L" -37 1 29.9333333333333 0.533 0.5 0 9.2 4.1 34 0 2.4 41.6 22.4 74 143 3.8 -9.8
"82" "79" 2007-04-18 23.47 "POR" "" "GSW" "L" -22 1 27.8333333333333 0.317 0.286 0 21 10.4 17.5 0 0 38.8 20 48 122 -2.5 -19.2
"1" "1" 2007-10-30 24.01 "POR" "@" "SAS" "L" -9 1 27.7333333333333 0.417 0.417 4.8 7.9 6.5 4.9 0 0 25 13.6 76 119 1.2 -7.1
"2" "2" 2007-11-02 24.01 "POR" "@" "NOH" "L" -20 1 20.1833333333333 0 0 0 16.4 6.8 29.7 2.7 0 50 18.9 33 126 -2.1 -16.2
"3" "3" 2007-11-03 24.02 "POR" "@" "HOU" "L" -9 1 25.65 0.2 0.2 0 15.3 8.2 12.8 0 0 37.5 14.8 36 102 -1.9 -11.3
"4" "4" 2007-11-07 24.03 "POR" "" "NOH" "W" 3 0 24.65 0.7 0.556 8.5 7.9 8.2 7.7 2.1 0 17.4 31.3 123 101 14.8 9.5
"5" "5" 2007-11-09 24.03 "POR" "" "MEM" "W" 12 0 25.8166666666667 0.77 0.727 0 18.6 10.7 25.7 3.9 0 6.8 25.8 149 99 19.4 13.8
"6" "6" 2007-11-10 24.04 "POR" "" "DAL" "W" 9 0 29.75 0.436 0.444 4.4 9.9 7.5 22.6 0 0 22.5 22.2 81 98 4.1 -6
"7" "7" 2007-11-13 24.04 "POR" "" "DET" "W" 8 0 31.7833333333333 0.791 0.75 0 0 0 20.5 0 0 13.7 23.1 142 113 15.8 6.9
"8" "8" 2007-11-14 24.05 "POR" "@" "DEN" "L" -17 0 26.7666666666667 0.542 0.542 11.2 10.2 10.8 15.6 3.7 0 25 25 87 113 7.9 1
"9" "9" 2007-11-16 24.05 "POR" "@" "PHI" "L" -4 0 25.6166666666667 0.389 0.389 0 11.4 5.1 21.3 2.1 0 30.8 24.7 62 106 0.4 -11.6
"10" "10" 2007-11-17 24.05 "POR" "@" "WAS" "L" -19 0 22.1833333333333 0.893 0.857 0 13.8 7.8 53.6 2.5 0 16.6 26 156 121 17.7 19.5
"11" "11" 2007-11-19 24.06 "POR" "@" "CHA" "L" -9 0 30.2 0.882 0.813 0 8.2 4.4 14.2 0 0 8.9 17.1 167 115 14.6 7.3
"12" "12" 2007-11-21 24.07 "POR" "" "NJN" "L" -5 0 29.5666666666667 0.587 0.5 5.2 9.3 7.4 26.6 0 0 8.3 20.7 128 127 11.2 -1.8
"13" "13" 2007-11-23 24.07 "POR" "" "SAC" "W" 3 0 28.6833333333333 0.458 0.2 0 0 0 26.7 1.9 0 11.6 14.5 108 97 6.2 -1.3
"14" "14" 2007-11-26 24.08 "POR" "" "ORL" "L" -11 0 21.75 0.368 0.4 0 0 0 40 0 0 15.5 14.3 85 108 3.4 -2
"15" "15" 2007-11-28 24.08 "POR" "" "IND" "L" -6 0 33.9833333333333 0.505 0.455 0 15 7.2 27.9 3 0 25.2 19.9 89 99 8 -1.5
"16" "16" 2007-11-30 24.09 "POR" "@" "DAL" "L" -11 0 31.75 0.435 0.357 0 15.5 7.5 0 1.8 0 17.9 17.8 75 109 2.5 -7.4
"17" "17" 2007-12-02 24.1 "POR" "@" "SAS" "L" -21 0 20.8833333333333 0.643 0.643 0 0 0 33.1 0 0 22.2 22.3 104 131 5 -0.5
"18" "18" 2007-12-03 24.1 "POR" "@" "MEM" "W" 1 0 21.6833333333333 0.444 0.357 0 5.5 2.8 17.2 0 0 11.3 19.8 100 126 4.3 -8.6
"19" "19" 2007-12-06 24.11 "POR" "" "MIA" "W" 6 0 18.0333333333333 0.595 0.5 0 0 0 14.5 0 0 40.5 25 78 122 0.9 -14
"20" "20" 2007-12-09 24.12 "POR" "" "MIL" "W" 4 0 21.6166666666667 0.25 0.25 0 0 0 32.6 2.6 0 42.9 16.7 69 125 0.7 -10.4
"21" "21" 2007-12-11 24.12 "POR" "@" "UTA" "W" 8 0 23.6666666666667 0.752 0.625 0 7.8 4.7 18.6 2.2 0 15.8 25.7 130 101 13.4 6.9
"22" "22" 2007-12-12 24.12 "POR" "" "GSW" "W" 10 0 25.7666666666667 0.423 0.25 0 12.4 6.6 32.6 0 0 15.8 22.2 97 109 6.5 -4.6
"23" "23" 2007-12-14 24.13 "POR" "" "UTA" "W" 8 0 26.8166666666667 0.377 0 0 14 8 23.9 3.8 0 37.6 18.6 63 93 2.2 -6.3
"24" "24" 2007-12-16 24.13 "POR" "@" "DEN" "W" 11 0 22.3833333333333 0.74 0.7 0 0 0 25.8 2.4 0 37.2 20.9 109 121 7.4 0.9
"25" "25" 2007-12-17 24.14 "POR" "" "NOH" "W" 12 0 27.95 0.357 0.357 0 8.2 4.1 23.2 0 3.4 30 17.7 68 104 2 -6.5
"26" "26" 2007-12-19 24.14 "POR" "" "TOR" "W" 5 0 23.3666666666667 0.375 0.375 0 15.4 8.2 5.6 2.4 0 20 10.6 73 109 1.8 -6.7
"27" "27" 2007-12-21 24.15 "POR" "" "DEN" "W" 3 0 27.5666666666667 0.512 0.375 0 8.1 4.2 10.8 2 0 29.1 11.9 86 108 3.6 -5
"28" "28" 2007-12-25 24.16 "POR" "" "SEA" "W" 10 0 30.5666666666667 0.715 0.682 0 3.4 1.5 25.1 0 0 0 17.7 154 101 14.4 7.5
"29" "29" 2007-12-28 24.17 "POR" "" "MIN" "W" 11 0 29.9 0.595 0.5 4 12.3 8.1 23.9 0 0 7.8 19.4 136 114 12.7 0.6
"30" "30" 2007-12-30 24.17 "POR" "" "PHI" "W" 25 0 24.2833333333333 0.536 0.438 0 23 12.4 52.6 7.1 0 9.7 21.7 126 72 14.7 18.2
"31" "31" 2007-12-31 24.18 "POR" "@" "UTA" "L" -10 0 23.5833333333333 0.347 0 6.2 21.4 14.3 0 0 0 21.7 19.5 67 125 1.4 -12.8
"32" "32" 2008-01-02 24.18 "POR" "@" "MIN" "W" 11 0 23.9333333333333 0.521 0.5 0 8 4.5 21.5 0 0 0 6.2 134 104 3.9 -3.6
"33" "33" 2008-01-03 24.18 "POR" "@" "CHI" "W" 6 0 34.4666666666667 0.632 0.615 3.7 9.2 6.7 27.8 1.7 0 13 22.4 125 111 13.6 4.2
"34" "34" 2008-01-05 24.19 "POR" "" "UTA" "W" 14 0 38.5666666666667 0.455 0.389 0 8.9 5 19.9 2.8 0 23.3 16.6 91 102 6.1 -4.8
"35" "35" 2008-01-09 24.2 "POR" "" "GSW" "W" 18 0 24.4833333333333 0.2 0.2 4.8 11.1 8.3 25.8 2.1 0 54.5 19.4 48 98 -1 -14.6
"36" "36" 2008-01-13 24.21 "POR" "@" "TOR" "L" -7 1 47.6333333333333 0.355 0.313 0 25.5 11.4 15.6 1.2 0 10.6 18.8 83 113 7.2 -4.8
"37" "37" 2008-01-14 24.21 "POR" "@" "NJN" "W" 26 0 27.7 0.901 0.857 0 11.1 6.6 42.8 0 0 19.4 19.6 157 97 15.5 14.4
"38" "38" 2008-01-16 24.22 "POR" "@" "BOS" "L" -10 0 27.5833333333333 0.618 0.583 0 7.6 4.4 40.4 0 0 12.7 27.8 118 117 12.3 7.3
"39" "39" 2008-01-18 24.22 "POR" "@" "MIA" "W" 7 0 27.9 0.619 0.4 0 17.9 10.2 17.5 0 0 33.1 20.9 96 106 5.7 -5.5
"40" "40" 2008-01-19 24.23 "POR" "@" "ORL" "L" -7 0 26.1166666666667 0.773 0.667 3.8 5 4.3 32.1 0 0 43.6 12.4 112 123 5.7 -4.6
"41" "41" 2008-01-21 24.23 "POR" "@" "ATL" "W" 2 0 16.7666666666667 1 1 0 8.1 3.7 8.6 0 0 50 11.5 89 127 1.6 -10
"42" "42" 2008-01-23 24.24 "POR" "@" "NOH" "L" -15 0 17.5666666666667 0.102 0 13.3 7.4 10.5 18.2 0 0 0 14.4 68 126 -0.3 -14.6
"43" "43" 2008-01-25 24.24 "POR" "" "HOU" "L" -10 0 21.2666666666667 0.41 0.25 0 6.3 2.9 19.8 0 0 17 13.3 85 114 1.9 -7.2
"44" "44" 2008-01-27 24.25 "POR" "" "ATL" "W" 1 0 15.5 0.333 0.333 0 9.4 4.6 27.4 0 0 25 13.5 84 119 1.7 -6.2
"45" "45" 2008-01-30 24.26 "POR" "" "CLE" "L" -1 0 15.6833333333333 0.205 0 0 0 0 20.4 3.5 0 0 21.5 59 97 1.2 -3.9
"46" "46" 2008-02-01 24.26 "POR" "" "NYK" "W" 6 0 27.6166666666667 0.773 0.667 0 19.6 10 13.1 0 0 11.4 17 142 98 10.5 2.1
"47" "47" 2008-02-04 24.27 "POR" "" "DEN" "L" -2 0 34.4666666666667 0.612 0.577 3.1 22.8 13.3 48.1 4.7 0 33.5 26.8 94 97 14.9 4.5
"48" "48" 2008-02-06 24.28 "POR" "" "CHI" "W" 3 1 37.65 0.738 0.625 0 7.5 3.9 21.9 0 0 14.8 17.5 141 118 15.4 4.3
"49" "49" 2008-02-08 24.28 "POR" "@" "DET" "L" -9 1 36.4 0.635 0.571 0 15.1 7.3 23.8 0 0 43.2 19.4 79 117 5 -6.7
"50" "50" 2008-02-09 24.28 "POR" "@" "IND" "L" -8 1 40.1833333333333 0.815 0.714 0 6.6 3.9 39.8 2.6 0 30.3 15.1 127 111 17.2 7.5
"51" "51" 2008-02-11 24.29 "POR" "@" "HOU" "L" -12 0 19.05 0.583 0.583 0 7.4 3.5 0 0 0 25 21.2 81 119 1.5 -9
"52" "52" 2008-02-13 24.3 "POR" "@" "DAL" "L" -20 0 17.4 0.5 0.5 0 12.5 6.3 0 3.3 0 50 16.8 48 109 -0.9 -10.1
"53" "53" 2008-02-19 24.31 "POR" "" "SAC" "L" -11 1 36.15 0.341 0.182 0 10.2 4.9 40.2 0 0 7 18.8 100 127 8.9 -5.5
"54" "54" 2008-02-21 24.32 "POR" "" "SEA" "W" 4 1 36.5833333333333 0.593 0.5 2.7 2.5 2.6 33.1 5.7 0 7.3 17.7 126 96 17 7.4
"55" "55" 2008-02-22 24.32 "POR" "@" "SEA" "L" -12 1 37.3166666666667 0.354 0.278 0 15.3 7.6 34.1 1.5 0 0 12.3 108 114 8.1 -2.5
"56" "56" 2008-02-24 24.33 "POR" "" "BOS" "L" -10 1 42.6666666666667 0.73 0.611 2.7 17.3 8.3 11.9 2.6 0 30 18.5 111 132 11.7 -4.5
"57" "57" 2008-02-26 24.33 "POR" "@" "LAL" "L" -13 0 22.05 0.333 0.333 0 12.1 5.3 17 0 0 40 20.9 47 114 -2.6 -16.3
"58" "58" 2008-02-27 24.33 "POR" "@" "LAC" "W" 2 0 31.45 0.711 0.731 0 24.9 14.2 28.2 1.8 0 6.3 25.3 134 88 18.8 12.9
"59" "59" 2008-02-29 24.34 "POR" "" "LAL" "W" 8 0 27.3833333333333 0.777 0.7 0 21.4 11.2 52 0 0 12.9 26.7 152 118 22.1 13.3
"60" "60" 2008-03-02 24.35 "POR" "@" "GSW" "L" -6 0 27.4833333333333 0.541 0.5 4.2 14 9.5 20.1 1.9 0 19.4 16.3 106 118 7.8 -1.3
"61" "61" 2008-03-04 24.35 "POR" "" "PHO" "L" -5 0 26.7333333333333 0.446 0.364 4.3 13.8 8.9 20.1 1.9 0 24.5 27.1 78 105 5.2 -3.3
"62" "62" 2008-03-07 24.36 "POR" "@" "MIL" "W" 2 0 15.95 0.5 0.5 0 15.4 8.4 0 0 0 66.7 18.2 29 119 -2.8 -22.2
"63" "63" 2008-03-08 24.36 "POR" "@" "NYK" "W" 6 0 26.6333333333333 0.666 0.563 4.1 4.4 4.3 5.5 0 0 17 19.9 123 121 8.3 -2.7
"64" "64" 2008-03-10 24.37 "POR" "@" "CLE" "L" -8 0 21.5 0.222 0 0 0 0 28.8 2.8 0 12.9 18.3 70 112 0.7 -7.8
"65" "65" 2008-03-11 24.37 "POR" "@" "MIN" "W" 7 0 20.4833333333333 0.225 0.125 17.1 18.5 17.8 27 2.8 0 0 20.9 96 110 5.6 -3.9
"66" "66" 2008-03-13 24.38 "POR" "@" "SAC" "L" -11 0 19.2166666666667 0.17 0 0 0 0 0 0 0 14.5 15.9 36 111 -2.9 -15.8
"67" "67" 2008-03-15 24.38 "POR" "" "MIN" "W" 11 0 30.4833333333333 0.601 0.5 0 4.9 2.3 32.9 1.8 0 10.7 15.1 133 111 11.4 2.2
"68" "68" 2008-03-18 24.39 "POR" "" "PHO" "L" -13 0 29.2666666666667 0.558 0.5 0 0 0 16.7 3.6 0 15.7 19.7 103 119 8.6 1.4
"69" "69" 2008-03-21 24.4 "POR" "" "LAC" "W" 5 0 16.5166666666667 0.633 0.5 9.7 9.1 9.4 8 3.4 0 13.7 21.9 129 117 6.2 -1.8
"70" "70" 2008-03-22 24.4 "POR" "@" "LAC" "W" 11 0 15.1666666666667 0.178 0.125 0 14.1 6.7 0 0 0 0 26.5 48 92 -2 -18.2
"71" "71" 2008-03-24 24.41 "POR" "@" "SEA" "L" -13 0 19.3666666666667 0.61 0.417 0 0 0 26.5 0 0 0 19.7 139 117 8.3 4.7
"72" "72" 2008-03-25 24.41 "POR" "" "WAS" "W" 20 0 33.3666666666667 0.781 0.75 0 14.4 7.9 29.8 3.5 0 15.5 18.5 145 96 17.7 10.5
"73" "73" 2008-03-27 24.41 "POR" "@" "GSW" "L" -16 1 40.7 0.663 0.615 0 0 0 4.4 0 0 21.8 20.1 104 137 8.6 -6
"74" "74" 2008-03-29 24.42 "POR" "" "CHA" "L" -8 0 34.4166666666667 0.468 0.45 2.8 10.5 6.3 15.3 1.6 0 25.4 19.2 87 108 4.7 -5.1
"75" "75" 2008-04-02 24.43 "POR" "@" "LAL" "L" -13 0 19.6166666666667 0.143 0.143 0 21.6 9.2 23.3 0 0 12.5 19.3 51 120 -0.5 -13.6
"76" "76" 2008-04-03 24.43 "POR" "" "HOU" "L" -9 1 38.3666666666667 0.615 0.6 6.1 6.6 6.3 16.3 0 0 11.5 21.6 120 117 11.8 1.6
"77" "77" 2008-04-06 24.44 "POR" "" "SAS" "L" -7 0 21.8 0.338 0.25 0 5.5 2.6 42.8 2.8 0 25.3 29.2 62 92 2.3 -3.1
"78" "78" 2008-04-08 24.45 "POR" "" "LAL" "W" 9 0 25.05 0.778 0.643 0 14.4 7.5 17.2 0 0 9.4 19.5 154 118 13.3 7.2
"79" "79" 2008-04-11 24.45 "POR" "@" "SAC" "L" -17 0 34.1 0.727 0.75 0 16.1 6.6 32.4 3.1 0 30.4 12.8 112 111 10.9 1.5
"80" "80" 2008-04-12 24.46 "POR" "" "DAL" "W" 3 1 40.7333333333333 0.69 0.625 3.9 9.8 7.1 33 2.7 0 6.8 18.8 149 122 22.2 7.8
"81" "81" 2008-04-15 24.47 "POR" "" "MEM" "W" 22 1 39.05 0.634 0.583 3 14.5 9.4 18.3 4.2 0 12.3 20 125 97 18.2 5.4
"82" "82" 2008-04-16 24.47 "POR" "@" "PHO" "L" -9 1 17.7666666666667 0.672 0.714 4.8 0 2.9 10.7 0 0 0 19.6 137 121 6.9 4.6
"1" "1" 2008-10-29 25 "IND" "@" "DET" "L" -6 0 26.85 0.418 0.333 0 7.6 4.5 12.9 1.9 0 8.5 20.9 87 109 3.9 -7.9
"2" "2" 2008-11-01 25.01 "IND" "" "BOS" "W" 16 0 27.25 0.598 0.5 3.7 19.9 12.3 6.4 0 0 9.8 17.1 119 84 7.5 -1.1
"3" "3" 2008-11-05 25.02 "IND" "" "PHO" "L" -10 0 21.1833333333333 0.592 0.4 0 18.9 8.6 14 2.3 0 30.7 20.1 91 115 5.6 -3.7
"4" "4" 2008-11-07 25.03 "IND" "@" "CLE" "L" -4 0 24.3333333333333 0.5 0.5 0 18.5 8 31.9 4.1 0 22.2 14.9 113 112 7.6 4.2
"5" "5" 2008-11-08 25.03 "IND" "" "NJN" "W" 18 0 27.8166666666667 0.556 0.556 0 18.8 9.8 5.9 2 3 0 15 126 90 9.2 4.6
"6" "6" 2008-11-10 25.04 "IND" "" "OKC" "W" 8 0 32.1333333333333 0.628 0.571 0 17.2 9.7 8.5 3 0 25.5 16.2 97 98 9.1 -3.6
"7" "7" 2008-11-12 25.04 "IND" "@" "NJN" "W" 11 0 30.5 0.645 0.5 0 15 7.9 15.6 1.8 0 16.6 19.6 118 104 10 -3.7
"8" "8" 2008-11-14 25.05 "IND" "" "PHI" "L" -2 0 26.4 0.429 0.375 0 6.3 3.5 17.3 0 2.1 24.4 20.5 77 104 3.6 -5.7
"9" "9" 2008-11-15 25.05 "IND" "@" "CHI" "L" -13 0 22.7333333333333 0.465 0.389 0 8.4 3.9 0 0 0 21.8 23.8 76 108 1.7 -9.9
"10" "10" 2008-11-18 25.06 "IND" "" "ATL" "W" 17 0 25.2 0.833 0.833 0 15.2 8.8 26.2 0 0 40 18.2 105 108 7.7 -1
"11" "11" 2008-11-21 25.07 "IND" "" "ORL" "L" -2 0 22.4333333333333 0.317 0.286 0 16.5 7.1 28.4 2.3 0 20.2 19.2 69 98 2.8 -5.3
"12" "12" 2008-11-22 25.07 "IND" "@" "MIA" "L" -9 0 23.8666666666667 0.658 0.5 4.8 11.5 7.8 28.7 2.1 0 14.1 12.8 141 111 8.7 4.9
"13" "13" 2008-11-25 25.08 "IND" "@" "DAL" "L" -3 0 21.2333333333333 0.357 0.357 0 0 0 23.5 0 0 22.2 18.1 79 122 0.9 -10
"14" "14" 2008-11-26 25.08 "IND" "@" "HOU" "W" 1 0 23.6166666666667 0.556 0.556 0 7.5 4 15.1 2.2 0 10 19.9 101 103 6.1 0.4
"15" "15" 2008-11-28 25.08 "IND" "" "CHA" "L" -7 0 34.6333333333333 0.506 0.444 0 14.4 7.3 17.3 0 0 33.6 18.4 77 109 2.6 -8.2
"16" "16" 2008-11-29 25.09 "IND" "@" "ORL" "L" -14 0 24.1 0.25 0.25 0 15.3 6.7 27.6 0 0 27.3 18.6 60 114 0.2 -9.7
"17" "17" 2008-12-02 25.1 "IND" "" "LAL" "W" 1 0 17.5833333333333 0.515 0.333 0 7 3 12.9 0 4.8 34 13.2 85 119 2.7 -5.6
"18" "18" 2008-12-03 25.1 "IND" "@" "BOS" "L" -18 0 25.9333333333333 0.7 0.7 0 5.1 2.2 21.5 2 0 0 8.7 151 126 7.2 1.7
"19" "19" 2008-12-05 25.1 "IND" "@" "CLE" "L" -24 0 20.4666666666667 0.451 0.333 0 6.7 3 19.3 0 0 20.5 24.2 81 120 2.1 -7.7
"20" "20" 2008-12-07 25.11 "IND" "" "BOS" "L" -5 0 32.6666666666667 0.552 0.364 0 11.6 5.9 22.8 1.5 2.7 6.1 23.1 118 116 15.2 3.7
"21" "21" 2008-12-10 25.12 "IND" "@" "TOR" "L" -13 0 28.4166666666667 0.143 0.143 0 7.9 3.4 21.6 1.8 0 12.5 11.6 52 109 0.5 -9.9
"22" "22" 2008-12-12 25.12 "IND" "@" "DET" "L" -4 0 26.1166666666667 0.552 0.333 6.1 15.3 11.1 26 5.8 0 9.1 19.8 128 112 12.7 4.5
"23" "23" 2008-12-13 25.13 "IND" "@" "MIL" "L" -18 0 30.75 0.538 0.5 0 17.8 7.9 4.8 0 0 11.8 11.7 101 127 4.8 -6.2
"24" "24" 2008-12-15 25.13 "IND" "@" "WAS" "W" 20 0 24.7333333333333 0.612 0.55 0 9 4 16 6.1 0 13.3 24.5 122 97 13.1 5.9
"25" "25" 2008-12-17 25.14 "IND" "" "GSW" "W" 7 1 37.6333333333333 0.685 0.571 4.6 10.2 7.2 6.7 1.2 1.8 18.6 21 124 114 17.9 0
"26" "26" 2008-12-19 25.14 "IND" "" "LAC" "L" -8 1 48.3333333333333 0.64 0.583 2.4 6.7 4.7 27.1 3.1 0 12.5 21.7 124 103 24.1 6.5
"27" "27" 2008-12-20 25.15 "IND" "@" "PHI" "W" 1 0 31.5333333333333 0.53 0.5 0 15.2 7.2 42.9 3.4 0 15 19.3 112 101 12.2 4.1
"28" "28" 2008-12-23 25.15 "IND" "" "NJN" "L" -1 0 37.5 0.127 0 0 14.6 6.7 23.8 0 0 33.7 14.8 57 123 -2.1 -18.4
"29" "29" 2008-12-26 25.16 "IND" "@" "MEM" "L" -3 1 34.95 0.375 0.375 0 3.4 1.8 17.7 3 0 33.3 15.9 72 121 2.6 -9.5
"30" "30" 2008-12-28 25.17 "IND" "" "NOH" "L" -2 1 31.2666666666667 0.5 0.5 0 6.7 3.7 28 1.6 0 30.8 19.2 86 113 5.7 -4.3
"31" "31" 2008-12-30 25.17 "IND" "" "ATL" "L" -6 1 31.4166666666667 0.644 0.607 0 0 0 24.7 1.6 2.6 10.5 26.6 122 119 15.9 6.1
"32" "32" 2009-01-02 25.18 "IND" "@" "NYK" "W" 2 1 40.7833333333333 0.895 0.857 2.7 9.8 6.5 9.3 3.4 0 23.6 22 131 100 24.1 8.7
"33" "33" 2009-01-03 25.18 "IND" "" "SAC" "W" 5 1 33.9 0.689 0.667 3.5 20.2 12.1 15.8 0 0 24.1 15.3 118 119 9.4 -1.6
"34" "34" 2009-01-05 25.19 "IND" "@" "DEN" "L" -20 1 40.9833333333333 0.531 0.531 0 6.3 2.8 25.9 0 0 5.9 17.2 108 132 11.9 -6.2
"35" "35" 2009-01-07 25.19 "IND" "@" "PHO" "W" 3 1 32.4833333333333 0.527 0.5 3.8 2.9 3.3 19.1 0 0 22.3 17.3 97 115 5.9 -8.1
"36" "36" 2009-01-09 25.2 "IND" "@" "LAL" "L" -2 1 39.8 0.193 0 9.8 7.8 8.9 23.5 2.5 0 27.9 11.8 85 127 4.5 -7.2
"37" "37" 2009-01-11 25.21 "IND" "@" "GSW" "L" -3 1 39.8333333333333 0.505 0.455 2.6 14.3 8.1 20.7 2.4 0 7.8 13.1 115 117 12.5 -0.7
"38" "38" 2009-01-12 25.21 "IND" "@" "UTA" "L" -7 1 38.15 0.597 0.55 3.1 12.6 7.9 10.6 1.3 0 21.6 15.8 101 125 9.2 -6
"39" "39" 2009-01-14 25.21 "IND" "" "DET" "W" 4 1 36.1833333333333 0.436 0.333 0 2.9 1.5 27.3 0 0 6.8 19.1 102 110 7.1 -3.7
"40" "40" 2009-01-16 25.22 "IND" "" "TOR" "W" 7 1 38.5833333333333 0.672 0.55 0 8.3 4.3 27.4 1.2 0 0 14.5 148 105 18.4 4.6
"41" "41" 2009-01-19 25.23 "IND" "@" "NOH" "L" -3 1 40.6666666666667 0.431 0.409 3 13.5 7.9 14.6 0 0 13.6 16.3 91 115 6.4 -5.3
"42" "42" 2009-01-20 25.23 "IND" "@" "SAS" "L" -18 1 12.8166666666667 0.667 0.667 0 15.6 8.1 33.3 0 0 25 14.7 106 108 2.1 -5.8
"43" "43" 2009-01-23 25.24 "IND" "" "HOU" "W" 5 1 33 0.36 0.308 0 0 0 0 0 0 6.7 19.4 69 108 0.7 -11.9
"44" "44" 2009-01-25 25.24 "IND" "" "CHA" "W" 5 1 23.5666666666667 0 0 0 14.2 6.9 16.5 0 0 40 9.2 32 108 -1.9 -14.6
"45" "45" 2009-01-27 25.25 "IND" "@" "ORL" "L" -24 1 27.7833333333333 0.672 0.643 0 4.9 2.2 18.6 0 0 35 18.1 94 136 5.4 -5.7
"46" "46" 2009-01-28 25.25 "IND" "" "MIL" "W" 8 1 42.15 0.441 0.4 0 6.3 3.1 20 3.4 0 15.9 18.8 93 96 9.9 -0.2
"47" "47" 2009-01-30 25.26 "IND" "" "MIA" "W" 11 1 33.3833333333333 0.759 0.722 6.5 6.8 6.7 9.6 0 0 9.2 14.5 148 117 11.9 0.1
"48" "48" 2009-01-31 25.26 "IND" "" "NYK" "L" -9 0 33.4166666666667 0.333 0.333 0 6.4 2.8 16.5 2.8 0 6.3 18.7 79 116 5.1 -6
"49" "49" 2009-02-03 25.27 "IND" "" "MIN" "L" -5 0 13.7666666666667 0.75 0.75 7.9 9.2 8.5 0 3.5 0 50 12.5 74 118 1.2 -9.4
"50" "50" 2009-02-05 25.27 "IND" "@" "PHI" "L" -5 0 36.4666666666667 0.648 0.654 0 8.4 4.3 5.5 1.4 0 17.8 20.7 99 110 9.7 -1.6
"51" "51" 2009-02-06 25.28 "IND" "" "ORL" "W" 5 1 29.4166666666667 0.556 0.556 7.4 22.3 14.8 5.7 0 3.4 18.2 17.3 97 107 7.1 -2.3
"52" "52" 2009-02-08 25.28 "IND" "@" "WAS" "L" -2 1 39.2333333333333 0.752 0.625 0 12.9 7.2 10.8 1.3 0 22 16.8 123 129 12.5 -1.2
"53" "53" 2009-02-10 25.29 "IND" "" "CLE" "W" 1 1 37.8833333333333 0.376 0.25 2.8 5.8 4.3 11 1.4 0 30 16.8 70 110 2.6 -8
"54" "54" 2009-02-11 25.29 "IND" "@" "MIL" "L" -12 1 39.65 0.606 0.563 2.5 0 1.5 26.6 2.5 0 18.8 23.3 109 129 14.7 -0.7
"55" "55" 2009-02-17 25.31 "IND" "" "PHI" "W" 9 1 37.4666666666667 0.676 0.688 6.6 9.2 8.1 11.1 1.4 0 10.1 11.7 135 99 11.9 4.1
"56" "56" 2009-02-18 25.31 "IND" "@" "CHA" "L" -9 1 40.3833333333333 0.537 0.5 4.9 15.5 10 20 1.3 3.8 10.7 19.7 112 109 15.8 5.6
"57" "57" 2009-02-20 25.32 "IND" "@" "MIN" "W" 7 1 37.5333333333333 0.62 0.455 2.9 8.7 5.8 17.8 2.5 2.2 12.1 18.6 130 104 16.5 2.5
"58" "58" 2009-02-22 25.32 "IND" "" "CHI" "W" 7 1 39.4833333333333 0.559 0.577 2.3 11.6 6.4 22.1 2.7 1.9 12.3 18 112 98 14.6 5
"59" "59" 2009-02-23 25.32 "IND" "@" "NYK" "L" -4 1 41.25 0.692 0.658 2.5 4 3.3 11.6 2.1 0 20.1 27.1 117 115 20.7 3.3
"60" "60" 2009-02-25 25.33 "IND" "" "MEM" "W" 5 1 41.2 0.639 0.615 0 10 4.7 23.4 2.4 0 20.4 20.8 117 105 15.2 1.6
"61" "61" 2009-02-27 25.33 "IND" "@" "BOS" "L" -5 1 27.0333333333333 0.549 0.455 3.9 9.9 6.6 18.3 2 0 13.6 24.1 115 117 9.1 -1.7
"62" "62" 2009-03-01 25.34 "IND" "" "DEN" "W" 6 1 42.1166666666667 0.726 0.607 2.2 0 1.1 31.4 0 0 13.5 21.8 142 109 23.1 9.6
"63" "63" 2009-03-03 25.35 "IND" "@" "SAC" "W" 8 1 40.2166666666667 0.601 0.526 5.4 14.9 9.9 11.5 4.7 0 0 23 130 105 24.9 4.2
"64" "64" 2009-03-04 25.35 "IND" "@" "POR" "L" -2 1 39.6333333333333 0.504 0.469 0 7.9 4.3 14 1.4 0 0 19.5 128 125 12.1 -1.9
"65" "65" 2009-03-07 25.36 "IND" "@" "LAC" "W" 1 1 41.0666666666667 0.629 0.605 2.9 0 1.4 27.9 1.2 1.7 4.8 22.9 132 116 20.8 5.3
"66" "66" 2009-03-10 25.36 "IND" "" "UTA" "L" -12 1 38.95 0.723 0.591 3.1 2.8 2.9 8.9 1.3 0 25.6 22.4 115 125 13.3 -2.2
"67" "67" 2009-03-13 25.37 "IND" "@" "ATL" "L" -14 1 38.7333333333333 0.294 0.294 2.4 0 1.3 4 1.4 0 5.6 22 63 116 1.5 -9.8
"68" "68" 2009-03-15 25.38 "IND" "@" "TOR" "L" -23 1 35.6833333333333 0.412 0.357 0 8.6 4.3 10.1 2.8 0 16 23.1 75 114 5.3 -6.9
"69" "69" 2009-03-18 25.39 "IND" "" "POR" "L" -10 1 35.6333333333333 0.574 0.5 0 14 7.2 24.7 2.8 2.1 20.9 18.1 102 99 12.3 3.1
"70" "70" 2009-03-20 25.39 "IND" "" "DAL" "L" -2 1 22.6666666666667 0.727 0.75 0 0 0 0 0 0 0 14.1 144 111 7 2.6
"71" "71" 2009-03-21 25.39 "IND" "@" "CHA" "W" 25 1 32.2 0.984 0.964 0 20.3 11.8 13.8 3.4 2.2 6 26.2 184 88 30.9 23.5
"72" "72" 2009-03-25 25.41 "IND" "" "MIA" "W" 2 1 41.45 0.406 0.406 2.6 4.7 3.7 16.5 0 0 5.9 19.7 93 106 6.1 -5.2
"73" "73" 2009-03-28 25.41 "IND" "@" "CHI" "L" -6 1 40.7666666666667 0.357 0.357 0 5.9 2.7 27.8 2.4 0 12.5 16.6 89 113 7.9 -4.4
"74" "74" 2009-03-29 25.42 "IND" "" "WAS" "W" 9 1 36.0166666666667 0.69 0.625 3 13.3 8.4 23.5 0 0 0 16.2 163 123 19.3 5.3
"75" "75" 2009-03-31 25.42 "IND" "" "CHI" "W" 2 1 44.3666666666667 0.465 0.333 2.7 15 8.5 22.3 4.5 1.5 31.7 15.8 89 106 11.6 0
"76" "76" 2009-04-03 25.43 "IND" "" "SAS" "L" -5 1 41.8666666666667 0.557 0.528 2.5 15.1 8.3 17.8 0 0 4.8 21.6 123 134 16.8 -0.9
"77" "77" 2009-04-05 25.44 "IND" "@" "OKC" "W" 18 1 30.3 0.563 0.542 0 12.4 7 18.4 3.1 1.9 13.9 20.1 108 93 12.3 4.2
"78" "78" 2009-04-08 25.44 "IND" "" "TOR" "W" 29 1 31.9 0.933 0.909 0 12.8 7.7 24.8 0 0 14 18.9 161 103 22.2 10
"79" "79" 2009-04-10 25.45 "IND" "@" "ATL" "L" -4 1 40.7333333333333 0.5 0.5 2.7 8.8 5.7 24.4 1.2 0 22.7 23 95 126 9.6 -5.2
"80" "80" 2009-04-11 25.45 "IND" "" "DET" "W" 4 1 42.3666666666667 0.551 0.5 2.5 3.1 2.8 21.2 1.3 0 10.9 19.5 121 119 12.9 -0.2
"81" "81" 2009-04-13 25.46 "IND" "" "CLE" "L" -8 1 41.0833333333333 0.291 0.222 5 7.8 6.3 15.9 2.4 1.8 32.6 15.9 64 123 2.4 -9.4
"82" "82" 2009-04-15 25.46 "IND" "" "MIL" "W" 7 1 36.8666666666667 0.347 0.125 0 7.1 4 34.5 1.3 0 8 14.4 112 116 8.7 -6.8
"1" "1" 2009-10-28 26 "TOR" "" "CLE" "W" 10 0 31.0333333333333 0.279 0.222 0 11.5 6.4 15 1.6 0 8.5 17.4 65 95 1.8 -7.5
"2" "2" 2009-10-30 26.01 "TOR" "@" "MEM" "L" -8 0 20.4666666666667 0.51 0.4 0 12 5.8 34.2 2.5 0 25.4 16.2 104 121 6 -1.9
"3" "3" 2009-11-01 26.01 "TOR" "" "ORL" "L" -9 0 24.9833333333333 0.625 0.625 0 13.4 7.7 10.6 0 0 50 14.9 70 139 0.1 -13
"4" "4" 2009-11-04 26.02 "TOR" "" "DET" "W" 11 0 31.2666666666667 0.507 0.438 0 11 5.1 32.4 0 0 10.1 14.8 117 117 7.9 -5.3
"5" "5" 2009-11-06 26.02 "TOR" "@" "NOH" "W" 17 0 24.7666666666667 0.455 0.444 0 0 0 17.5 2.2 0 0 19.7 113 106 6.2 -1.6
"6" "6" 2009-11-07 26.03 "TOR" "@" "DAL" "L" -28 0 25.5666666666667 0.563 0.563 0 11.4 4.6 0 0 0 27.3 19.1 79 139 1.8 -10.6
"7" "7" 2009-11-09 26.03 "TOR" "@" "SAS" "L" -7 0 19.7166666666667 0.5 0.5 0 6.1 3.5 12.9 0 0 22.2 22 87 147 1.8 -13
"8" "8" 2009-11-11 26.04 "TOR" "" "CHI" "W" 10 0 21.15 0.296 0.25 0 0 0 7.2 0 0 19.2 20.9 57 105 -1.1 -13.5
"9" "9" 2009-11-13 26.04 "TOR" "@" "LAC" "W" 15 0 15.7 0.773 0.667 0 0 0 8.8 3.6 5.9 34 18.8 103 103 4.7 0.9
"10" "10" 2009-11-15 26.05 "TOR" "@" "PHO" "L" -1 0 18.6166666666667 0.25 0.25 0 12.9 6.1 13.8 0 0 42.9 17.2 43 116 -1.8 -17
"11" "11" 2009-11-17 26.05 "TOR" "@" "DEN" "L" -18 0 24.4833333333333 0.781 0.625 0 6.1 2.4 30.9 0 0 41 16.3 109 138 6.7 -6.8
"12" "12" 2009-11-18 26.06 "TOR" "@" "UTA" "L" -13 0 20.7833333333333 0.167 0.167 0 9.8 4.7 36.4 0 0 0 12.4 75 115 0.7 -9.2
"13" "13" 2009-11-20 26.06 "TOR" "" "MIA" "W" 7 0 30.75 0.79 0.722 0 9.6 5.6 14.1 1.6 0 0 15.7 169 119 15.9 7.2
"14" "14" 2009-11-22 26.07 "TOR" "" "ORL" "L" -8 0 32.1333333333333 0.444 0.444 3.7 18.3 11.7 55.7 1.7 0 0 13.7 129 114 14.1 9.9
"15" "15" 2009-11-24 26.07 "TOR" "" "IND" "W" 11 0 29.5833333333333 1.21 1.214 4.6 7.7 6.3 30.8 1.6 0 11.8 12.9 204 117 21 13.6
"16" "16" 2009-11-25 26.08 "TOR" "@" "CHA" "L" -35 0 18.95 0.111 0.111 0 0 0 9.2 0 0 18.2 24.9 25 129 -6 -24.1
"17" "17" 2009-11-27 26.08 "TOR" "@" "BOS" "L" -13 0 32.65 0.781 0.625 0 5.4 2.6 23.2 3.2 0 14.8 18.9 152 125 17 6.6
"18" "18" 2009-11-29 26.09 "TOR" "" "PHO" "L" -19 0 21.95 0.592 0.625 0 0 0 8.7 2.3 0 10.6 18 108 122 6.7 1
"19" "19" 2009-12-01 26.09 "TOR" "" "WAS" "L" -4 0 27.1333333333333 0.705 0.636 0 3.7 1.9 20.9 0 0 7.3 21.8 142 115 13.3 6.7
"20" "20" 2009-12-02 26.1 "TOR" "@" "ATL" "L" -31 0 22.1166666666667 0.508 0.5 0 6 2.7 48.9 0 0 27.6 22.3 101 155 6.4 -7.2
"21" "21" 2009-12-04 26.1 "TOR" "@" "WAS" "W" 2 0 29.1 0.25 0.25 0 13.5 7.2 18.6 1.9 0 40 15.4 51 109 -0.2 -10.8
"22" "22" 2009-12-05 26.1 "TOR" "@" "CHI" "W" 32 0 32.15 0.615 0.625 3.8 9.7 7 36.3 3.4 0 38.1 11 114 89 9.7 3.5
"23" "23" 2009-12-08 26.11 "TOR" "" "MIN" "W" 6 1 37.3333333333333 0.64 0.375 2.4 14.8 8.5 46.5 2.7 0 13.1 17.8 131 93 18.7 6.9
"24" "24" 2009-12-09 26.12 "TOR" "@" "MIL" "L" -22 1 32.7833333333333 0.524 0.545 0 11.6 6.1 42.3 4.8 0 25.9 23.7 90 122 9.5 -1.8
"25" "25" 2009-12-11 26.12 "TOR" "" "ATL" "L" -22 1 31.8333333333333 0.781 0.786 0 8.4 4.3 10.6 0 0 32.5 18.4 103 132 6.9 -5.1
"26" "26" 2009-12-13 26.13 "TOR" "" "HOU" "W" 13 1 38.1 0.697 0.7 3.6 19.2 12.4 31.1 1.4 0 19.7 18.5 126 98 17.2 6.5
"27" "27" 2009-12-15 26.13 "TOR" "@" "MIA" "L" -20 1 31.7 0.63 0.333 4.1 7.6 5.9 4.8 1.6 0 51.2 14.6 71 124 1.9 -12.8
"28" "28" 2009-12-16 26.13 "TOR" "@" "ORL" "L" -19 1 33.05 0.421 0.433 3.3 10 6 24 1.6 0 6.1 22.6 95 131 8.9 -2.2
"29" "29" 2009-12-18 26.14 "TOR" "" "NJN" "W" 23 1 25.3166666666667 0.6 0.6 5.3 0 2.7 39.4 2.1 0 28.6 12.5 129 110 8.5 -0.9
"30" "30" 2009-12-20 26.15 "TOR" "" "NOH" "W" 6 1 34.5333333333333 0.603 0.583 0 12 6.8 31.1 2.9 0 0 15.7 139 95 17.4 8.1
"31" "31" 2009-12-23 26.15 "TOR" "@" "DET" "W" 30 1 29.9666666666667 0.799 0.714 5.5 11.4 9.4 39.2 0 0 0 16 177 85 16.7 13
"32" "32" 2009-12-27 26.16 "TOR" "" "DET" "W" 7 1 35.9333333333333 0.73 0.611 0 0 0 25.4 0 0 20.5 20.3 125 118 12.4 -0.2
"33" "33" 2009-12-30 26.17 "TOR" "" "CHA" "W" 4 1 37.0166666666667 0.543 0.583 0 10.4 3.7 23.5 4.3 2.6 31.8 11.4 92 110 8.7 -1.5
"34" "34" 2010-01-02 26.18 "TOR" "@" "BOS" "L" -7 1 33.25 0.589 0.591 0 9.3 4.5 36.4 1.6 0 25.2 23.4 99 118 9.2 -1
"35" "35" 2010-01-03 26.18 "TOR" "" "SAS" "W" 5 1 34.4 0.694 0.5 0 8.5 4.7 40.7 0 0 14.8 18.5 134 99 14.9 4.8
"36" "36" 2010-01-06 26.19 "TOR" "@" "ORL" "W" 5 1 32.8666666666667 0.713 0.571 5.4 6.8 6.3 29.5 3.1 0 27.5 22 120 110 13.5 3.3
"37" "37" 2010-01-08 26.2 "TOR" "@" "PHI" "W" 2 1 31.0833333333333 0.592 0.563 0 15.1 7.8 18.3 1.6 2.4 10.6 13.8 116 109 9.5 -0.4
"38" "38" 2010-01-10 26.2 "TOR" "" "BOS" "L" -7 1 31.0833333333333 0.663 0.65 0 11.3 5.9 20.8 1.7 0 8.1 17.6 133 126 12.5 1.2
"39" "39" 2010-01-11 26.21 "TOR" "@" "IND" "L" -4 1 26.9833333333333 0.253 0.222 7.1 0 3.6 31.3 1.8 0 23.3 20.1 65 110 0.4 -11.4
"40" "40" 2010-01-15 26.22 "TOR" "@" "NYK" "W" 8 1 22.0666666666667 0.536 0.438 6.2 13.6 10.5 6.7 0 0 9.7 22.8 107 112 6.5 -5.1
"41" "41" 2010-01-17 26.22 "TOR" "" "DAL" "W" 22 1 23.5833333333333 0.652 0.625 0 14.9 7.1 42.1 2.3 0 0 16.4 153 100 13.8 9.6
"42" "42" 2010-01-19 26.23 "TOR" "@" "CLE" "L" -8 1 21.65 0.799 0.75 0 13.4 5.9 21.4 0 0 0 14.9 166 119 10.7 7.3
"43" "43" 2010-01-20 26.23 "TOR" "@" "MIL" "L" -6 1 28.5666666666667 0.375 0.375 4.2 3.6 3.9 25.5 0 0 27.3 17.5 78 132 2.7 -10.9
"44" "44" 2010-01-22 26.24 "TOR" "" "MIL" "W" 5 1 34.0333333333333 0.945 0.889 3.2 7.1 5 12.7 3 0 21.9 24 148 103 22.6 13.4
"45" "45" 2010-01-24 26.24 "TOR" "" "LAL" "W" 1 1 32.2666666666667 0.605 0.607 3.3 0 1.7 22 0 0 0 21.4 134 122 14.5 4.2
"46" "46" 2010-01-27 26.25 "TOR" "" "MIA" "W" 8 1 24.8 1.167 1.167 0 16.5 9.6 24.1 0 0 50 11.1 116 115 7.4 0.1
"47" "47" 2010-01-28 26.25 "TOR" "@" "NYK" "W" 2 1 31.6333333333333 0.666 0.6 0 9.1 4.9 4.3 1.5 0 30.7 13.1 95 106 5.1 -5
"48" "48" 2010-01-31 26.26 "TOR" "" "IND" "W" 15 1 33.3 0.948 0.938 0 7 3.8 20.9 0 0 19.2 14.5 152 112 15.2 4.2
"49" "49" 2010-02-02 26.27 "TOR" "@" "IND" "L" -15 1 26.7333333333333 0.291 0.167 0 21.9 9.8 27.5 0 3 22.5 13 78 123 3 -9.2
"50" "50" 2010-02-03 26.27 "TOR" "" "NJN" "W" 9 1 39.55 0.799 0.813 3.1 5.5 4.4 35.3 0 0 15.8 15.2 151 116 17 2.9
"51" "51" 2010-02-07 26.28 "TOR" "" "SAC" "W" 11 1 28.55 0.415 0.375 0 17.5 9.9 36.9 1.8 0 19.2 16.4 104 108 8.2 -3.6
"52" "52" 2010-02-10 26.29 "TOR" "" "PHI" "W" 11 1 29.6333333333333 0.34 0.3 0 4 1.9 36.9 1.6 0 0 17.1 98 100 7.1 -3
"53" "53" 2010-02-17 26.31 "TOR" "" "MEM" "L" -7 1 18.1833333333333 0.436 0.333 0 7.3 3.3 15.7 0 0 22.5 12.1 83 117 1.2 -11.3
"54" "54" 2010-02-19 26.31 "TOR" "@" "NJN" "W" 17 1 28.15 0.804 0.778 0 19.8 11.7 52 0 0 26.3 26.4 131 99 17 6.6
"55" "55" 2010-02-20 26.32 "TOR" "" "WAS" "W" 5 1 31.35 0.919 0.833 9.6 7.7 8.5 42.5 0 0 19.3 23.7 166 126 23.7 14.3
"56" "56" 2010-02-24 26.33 "TOR" "" "POR" "L" -14 1 32.25 0.61 0.615 0 7.3 3.8 50.5 0 0 16.9 26.6 116 120 13.7 5.2
"57" "57" 2010-02-26 26.33 "TOR" "" "CLE" "L" -8 1 34.5 0.721 0.643 0 14.4 6.3 14.1 1.6 0 15.3 26.5 128 129 17.6 5.4
"58" "58" 2010-02-28 26.34 "TOR" "@" "OKC" "L" -20 1 25.55 0.619 0.563 4.2 0 2.3 12.3 3.8 0 18.4 17.7 114 117 8.3 1.8
"59" "59" 2010-03-01 26.34 "TOR" "@" "HOU" "L" -24 1 24.1333333333333 0.564 0.5 0 10.8 5 45.8 2 0 29.1 26.1 93 120 7.6 -4.5
"60" "60" 2010-03-05 26.35 "TOR" "" "NYK" "W" 6 1 28.3166666666667 0.636 0.636 3.8 13.7 8.3 9.9 5.5 0 21.4 22.9 104 98 10.9 1.7
"61" "61" 2010-03-07 26.36 "TOR" "" "PHI" "L" -13 1 35.4833333333333 0.714 0.714 0 0 0 39.5 5.9 0 12.5 20.8 140 120 21.3 11
"62" "62" 2010-03-09 26.36 "TOR" "@" "LAL" "L" -2 1 30.2333333333333 0.781 0.625 8.1 17.6 13.2 37.5 3.4 2.5 0 17.1 182 111 23.7 20.7
"63" "63" 2010-03-10 26.36 "TOR" "@" "SAC" "L" -23 1 31.2166666666667 0.583 0.583 0 19.2 9 17.2 1.6 0 7.7 19.5 112 118 11.2 1.5
"64" "64" 2010-03-13 26.37 "TOR" "@" "GSW" "L" -12 1 17.2 0.5 0.5 9 0 3.4 24.2 0 0 30 27.1 86 140 2.3 -14.2
"65" "65" 2010-03-14 26.38 "TOR" "@" "POR" "L" -11 1 21.6666666666667 0.7 0.7 0 10.1 6 34.2 0 0 0 12.3 166 138 8.8 7
"66" "66" 2010-03-17 26.38 "TOR" "" "ATL" "W" 1 0 20.35 0.335 0.3 0 17.3 8 27.8 2.5 0 8.7 25.2 80 111 4.9 -5.2
"67" "67" 2010-03-19 26.39 "TOR" "" "OKC" "L" -26 0 16.8833333333333 0.205 0 0 16.7 9.5 62.2 0 0 17 16.2 79 122 4 -3.4
"68" "68" 2010-03-20 26.39 "TOR" "@" "NJN" "W" 10 0 26.2166666666667 0.656 0.636 4.9 24.6 16.5 25.1 0 0 0 20.5 149 100 14.5 5.8
"69" "69" 2010-03-22 26.4 "TOR" "@" "MIN" "W" 6 0 24.1833333333333 0.549 0.333 0 20.9 10.3 42.9 0 0 19.6 18.8 121 111 8.8 -2.3
"70" "70" 2010-03-24 26.4 "TOR" "" "UTA" "L" -26 0 22.8666666666667 0.389 0.389 0 10 4.7 7.9 0 0 10 19.8 76 125 2.2 -9.7
"71" "71" 2010-03-26 26.41 "TOR" "" "DEN" "L" -1 0 21.1 0.295 0.227 9.9 4.5 7.1 25.7 0 0 25.2 32.8 67 108 -0.2 -14.2
"72" "72" 2010-03-28 26.41 "TOR" "@" "MIA" "L" -3 0 24.9333333333333 0.781 0.688 0 19.9 9.8 15.2 2.2 0 8 25.7 149 112 15.1 8.2
"73" "73" 2010-03-29 26.42 "TOR" "@" "CHA" "W" 2 0 23.1333333333333 0.704 0.5 0 13 6 28.9 0 4.6 19 21.9 134 117 10.9 4.9
"74" "74" 2010-03-31 26.42 "TOR" "" "LAC" "W" 22 0 17.85 0 0 0 0 0 57.2 9 0 33.3 8.4 118 93 6.8 8.8
"75" "75" 2010-04-03 26.43 "TOR" "@" "PHI" "W" 5 0 20.8 0.571 0.571 0 13.8 7.4 34.1 0 0 23.7 28.3 106 127 6.4 -6.4
"76" "76" 2010-04-04 26.43 "TOR" "" "GSW" "L" -1 0 28.9666666666667 0.591 0.5 0 14.7 7 25.4 0 0 5.9 23.2 130 118 14.9 3.9
"77" "77" 2010-04-06 26.44 "TOR" "@" "CLE" "L" -12 0 26.1833333333333 0.741 0.667 4.1 5.9 4.8 42 2 0 16.2 33.7 132 119 20.2 12.7
"78" "78" 2010-04-07 26.44 "TOR" "" "BOS" "L" -11 0 23.4666666666667 0.571 0.536 0 6.6 3 33.3 0 0 6.3 31.1 122 135 12.4 5.4
"79" "79" 2010-04-09 26.45 "TOR" "@" "ATL" "L" -6 0 23.3 0.458 0.417 0 4.3 2.3 37.8 2.3 0 12.3 31 98 121 9.3 2.4
"80" "80" 2010-04-11 26.45 "TOR" "" "CHI" "L" -16 0 25 0.618 0.55 0 9.4 4.3 21 0 0 8.1 22.6 119 116 9.9 0.5
"81" "81" 2010-04-12 26.45 "TOR" "@" "DET" "W" 14 0 24.8 0.768 0.688 7.2 14.2 11.4 65.8 0 0 29.1 28.3 135 113 15.8 6.7
"82" "82" 2010-04-14 26.46 "TOR" "" "NYK" "W" 18 0 26.5666666666667 0.45 0.438 7.5 7.7 7.6 23.3 0 0 10.1 17.5 114 127 7.3 -7.4
"1" "1" 2010-10-27 27 "TOR" "" "NYK" "L" -5 1 30.7333333333333 0.477 0.467 6.5 6.8 6.6 37.4 4.8 0 15.2 26.7 95 98 13.3 6
"2" "2" 2010-10-29 27 "TOR" "" "CLE" "W" 20 1 21.45 0.417 0.2 0 25.4 14.2 24.3 4.7 0 41 25.1 67 79 3.8 -7.3
"3" "3" 2010-11-01 27.01 "TOR" "@" "SAC" "L" -3 1 22.8666666666667 0.2 0.2 0 15.4 7.7 28.4 0 0 37.5 15 61 124 0.3 -12.8
"4" "4" 2010-11-03 27.02 "TOR" "@" "UTA" "L" -17 1 31.1166666666667 0.549 0.455 0 14 6.5 21.8 3.1 0 19 21.4 101 123 9 -4.8
"5" "5" 2010-11-05 27.02 "TOR" "@" "LAL" "L" -5 1 23.3 0.698 0.643 4.8 16.7 10.3 31.4 0 0 20.2 17.5 134 120 10 4.1
"6" "6" 2010-11-06 27.02 "TOR" "@" "POR" "L" -13 1 29.2666666666667 0.587 0.5 3.6 8 5.7 16.6 1.9 0 18 25.3 109 112 9.8 2.3
"7" "7" 2010-11-08 27.03 "TOR" "" "GSW" "L" -7 1 38.1333333333333 0.69 0.577 0 3.9 1.7 34.5 4 0 5.4 20.9 148 114 24 10.4
"8" "8" 2010-11-10 27.04 "TOR" "" "CHA" "L" -5 1 24.6333333333333 0.615 0.5 0 18.3 7.9 33.4 0 0 38.1 28.2 86 116 5.6 -8.2
"9" "9" 2010-11-12 27.04 "TOR" "@" "ORL" "W" 4 1 26.1666666666667 0.666 0.563 0 27 12.6 11.2 0 0 29.1 23.2 101 116 7.1 -6.3
"10" "10" 2010-11-13 27.04 "TOR" "@" "MIA" "L" -9 1 23.2166666666667 0.233 0.167 5.2 19.7 12.6 17.8 0 0 13.4 14.5 74 122 1.8 -9.5
"11" "11" 2010-11-16 27.05 "TOR" "@" "WAS" "L" -15 1 30.6 0.412 0.357 0 19.6 7.6 28.9 3.4 0 0 22.4 104 114 11.1 0.6
"12" "12" 2010-11-17 27.05 "TOR" "@" "PHI" "W" 8 1 22.9333333333333 0.216 0.154 5.5 0 2.3 14 2.3 0 12.6 33.7 51 98 -2.4 -18.6
"13" "13" 2010-11-19 27.06 "TOR" "" "HOU" "W" 10 1 22.9833333333333 0.333 0.333 0 5.2 2.6 45.4 0 0 14.3 13.1 101 108 4.3 -2.8
"14" "" 2010-11-21 27.07 "TOR" "" "BOS" "W" 1 NA NA NA NA NA NA NA NA NA NA NA NA NA NA NA NA
"15" "14" 2010-11-22 27.07 "NOH" "@" "LAC" "L" -4 0 16.2 0.615 0.5 7.4 13.8 10.7 47.1 0 0 17 34.8 119 110 8.5 4.4
"16" "15" 2010-11-24 27.07 "NOH" "@" "UTA" "L" -18 0 13.35 0.41 0.25 0 9.7 4.9 0 0 0 0 17.5 91 121 1.9 -6.7
"17" "16" 2010-11-26 27.08 "NOH" "@" "POR" "W" 19 0 12.3166666666667 0.25 0.25 0 9.1 5.2 12.9 0 0 33.3 24.6 46 100 -1.4 -17.9
"18" "17" 2010-11-28 27.08 "NOH" "" "SAS" "L" -14 0 15.05 0.205 0 0 0 0 17.7 0 0 29.1 23.5 46 131 -1.8 -19.6
"19" "18" 2010-11-29 27.09 "NOH" "@" "OKC" "L" -6 0 12.6333333333333 0.5 0.5 8.4 8.1 8.3 23.6 0 0 0 11.1 125 110 3.3 1.9
"20" "19" 2010-12-01 27.09 "NOH" "" "CHA" "W" 16 0 6.81666666666667 0 0 0 36.1 17.6 19.6 0 0 0 29.5 17 89 -1.5 -24.4
"21" "20" 2010-12-03 27.1 "NOH" "" "NYK" "L" -8 0 20.8166666666667 0.307 0.25 10.5 5.5 8 16.2 2.4 0 17 24.8 70 107 1.7 -8.6
"22" "21" 2010-12-05 27.1 "NOH" "@" "SAS" "L" -25 0 15.9 0.515 0.333 0 20.1 8.9 50.3 0 0 34 18 94 127 3.6 -4.2
"23" "22" 2010-12-08 27.11 "NOH" "" "DET" "W" 19 0 21.7833333333333 0.202 0.222 0 13.2 7.9 13.5 2.6 0 0 23.3 51 86 0.6 -12.5
"24" "23" 2010-12-10 27.12 "NOH" "" "OKC" "L" -5 0 14.5 0.781 0.714 0 40.1 18.6 53.8 10.9 0 10.7 29.9 148 88 15.4 29.7
"25" "24" 2010-12-12 27.12 "NOH" "@" "PHI" "L" -18 0 24.5333333333333 0.45 0.375 3.6 4.7 4.1 0 0 0 10.1 18.9 90 102 2.4 -4.9
"26" "25" 2010-12-13 27.13 "NOH" "@" "MIA" "L" -12 0 12.3 0.773 0.667 0 0 0 38.6 0 0 34 24.4 108 124 3.7 1.1
"27" "26" 2010-12-15 27.13 "NOH" "" "SAC" "W" 3 0 13.5333333333333 0.228 0.143 0 18.2 8.4 23.3 0 0 18.6 37.3 51 104 -1.3 -20.6
"28" "27" 2010-12-17 27.14 "NOH" "" "UTA" "W" 29 0 17.6833333333333 0.563 0.5 0 5.8 3.5 50 0 0 0 23.9 150 89 9 8
"29" "28" 2010-12-19 27.14 "NOH" "@" "DET" "L" -3 0 15.8666666666667 0.333 0.333 0 0 0 20.7 0 0 14.3 20.3 76 119 0.6 -12.1
"30" "29" 2010-12-20 27.15 "NOH" "@" "IND" "L" -1 0 25.8333333333333 0.533 0.5 0 8.6 4 40.6 6.1 0 0 14.2 141 98 12.4 13.1
"31" "30" 2010-12-22 27.15 "NOH" "" "NJN" "W" 14 0 16.9 0.509 0.417 7.7 13.9 10.9 24.1 0 0 12.7 22.8 123 114 5.6 -2.2
"32" "31" 2010-12-26 27.16 "NOH" "" "ATL" "W" 7 0 22.1833333333333 0.421 0.364 0 5 2.5 20.1 0 0 0 26.1 105 106 6.3 0.2
"33" "32" 2010-12-27 27.16 "NOH" "@" "MIN" "L" -15 0 17.9333333333333 0.102 0 0 25.1 10.3 14.9 0 0 17 14.7 36 126 -2.5 -20.1
"34" "33" 2010-12-29 27.17 "NOH" "" "LAL" "L" -15 0 13.9166666666667 0.732 0.75 0 24.6 10.1 18 3.8 0 0 27.5 145 109 10.5 19.8
"35" "34" 2010-12-31 27.18 "NOH" "@" "BOS" "W" 2 0 7.55 0 0 0 56.1 25.4 19.3 0 0 50 26.4 13 91 -1.8 -26.6
"36" "35" 2011-01-01 27.18 "NOH" "@" "WAS" "W" 11 0 16.2666666666667 0.542 0.375 0 0 0 21.7 0 0 15.3 38.1 104 105 6.2 -4.2
"37" "36" 2011-01-03 27.18 "NOH" "" "PHI" "W" 7 0 17.8166666666667 0.429 0.429 0 22 12.7 35.3 0 0 12.5 24 90 96 4.6 -3
"38" "37" 2011-01-05 27.19 "NOH" "" "GSW" "L" -7 0 11.8666666666667 0.902 1 0 0 0 15.6 0 0 0 14.5 180 127 6.4 8.1
"39" "38" 2011-01-07 27.19 "NOH" "@" "LAL" "L" -4 0 13.6333333333333 0.421 0.286 0 8.8 4.6 0 0 0 0 29.5 101 125 3.2 -7.3
"40" "39" 2011-01-09 27.2 "NOH" "@" "DEN" "W" 9 0 22.3 0.635 0.571 0 9.4 5.5 15.1 2.5 4.1 27.6 24.3 97 96 6.6 5.2
"41" "40" 2011-01-12 27.21 "NOH" "" "ORL" "W" 3 0 14.3333333333333 0.167 0.167 0 14 7.4 10.8 0 0 0 21.3 44 98 -0.5 -12
"42" "41" 2011-01-14 27.21 "NOH" "@" "HOU" "W" 5 0 36.5833333333333 0.71 0.643 3.4 6.3 4.9 37 0 0 5.8 22.3 152 116 20.4 11
"43" "42" 2011-01-15 27.22 "NOH" "@" "CHA" "W" 7 0 16.8333333333333 0.143 0.143 0 7 3.7 9.8 0 0 12.5 25.6 32 106 -2.9 -22.9
"44" "43" 2011-01-17 27.22 "NOH" "" "TOR" "W" 4 0 26.9333333333333 0.612 0.577 0 8.9 4 24.8 0 0 17.8 28.6 108 103 10 3.5
"45" "44" 2011-01-19 27.23 "NOH" "" "MEM" "W" 1 0 16.9666666666667 0.34 0.4 0 15.2 7.4 28.6 0 0 14.5 20.8 76 113 1.8 -9.1
"46" "45" 2011-01-21 27.23 "NOH" "@" "ATL" "W" 41 0 18.3 0.383 0.35 0 10.1 6 46.6 3.1 4.4 0 28 110 67 8 8.3
"47" "46" 2011-01-22 27.24 "NOH" "" "SAS" "W" 24 0 20.7333333333333 0.507 0.5 0 4.9 2.6 8.1 2.7 0 10.1 22.7 102 89 5.6 -0.6
"48" "47" 2011-01-24 27.24 "NOH" "" "OKC" "W" 2 0 13.1166666666667 0.347 0.333 0 10.5 4.9 35 0 0 0 16.4 97 112 2.5 -3.9
"49" "48" 2011-01-26 27.25 "NOH" "@" "GSW" "W" 9 0 16.1666666666667 0.667 0.667 0 16 9.4 7.4 0 0 62.5 22.5 47 112 -1.8 -18.6
"50" "49" 2011-01-29 27.25 "NOH" "@" "SAC" "L" -6 0 14.2333333333333 0.296 0.25 0 27.3 13.7 26.7 0 4.8 10.6 31.5 66 109 1.4 -10
"51" "50" 2011-01-30 27.26 "NOH" "@" "PHO" "L" -2 0 16.2833333333333 0.17 0 0 31 13.1 7.4 0 0 14.5 18.2 42 115 -0.6 -15.8
"52" "51" 2011-02-01 27.26 "NOH" "" "WAS" "W" 8 0 17.1166666666667 0.363 0.333 0 14.4 7.5 47.7 3.1 0 12.7 21.8 94 100 4.9 0
"53" "52" 2011-02-02 27.27 "NOH" "@" "OKC" "L" -11 0 11.8166666666667 0 0 0 0 0 32.9 4.7 0 0 16.4 37 118 0.3 -7.6
"54" "53" 2011-02-05 27.27 "NOH" "" "LAL" "L" -6 0 11.0666666666667 0.4 0.4 0 11.1 5.5 0 0 0 0 22.9 85 125 1.6 -9
"55" "54" 2011-02-07 27.28 "NOH" "" "MIN" "L" -12 0 11.5 0.333 0.333 0 33.8 14.4 13.5 0 0 25 15.7 63 117 0.9 -13.2
"56" "55" 2011-02-09 27.28 "NOH" "@" "NJN" "L" -2 0 29.9166666666667 0.581 0.5 4.3 0 2.1 26.9 1.9 0 22.5 22 108 119 9.1 0
"57" "56" 2011-02-11 27.29 "NOH" "@" "ORL" "W" 6 0 16.6166666666667 0.945 0.917 0 0 0 24.5 0 0 30.4 27.6 121 105 8 4.4
"58" "57" 2011-02-12 27.29 "NOH" "" "CHI" "L" -9 0 13.4166666666667 0.571 0.429 0 11.9 4.9 41.4 0 0 0 34.4 120 119 8 8.2
"59" "58" 2011-02-15 27.3 "NOH" "@" "GSW" "L" -13 0 18.2833333333333 0.506 0.5 7.5 22.5 15 0 6.2 0 15.5 33.8 93 109 6.8 1.8
"60" "59" 2011-02-16 27.3 "NOH" "@" "POR" "L" -7 0 31.4333333333333 0.685 0.571 4.2 20.4 11.6 14.8 3.8 0 18.6 17.2 128 124 11.1 3.3
"61" "60" 2011-02-23 27.32 "NOH" "" "LAC" "W" 11 0 20.3 0.571 0.429 0 0 0 28.7 2.5 0 18.6 25.4 107 94 7.3 0.9
"62" "61" 2011-02-25 27.33 "NOH" "@" "MIN" "W" 14 0 21.6 0.658 0.611 0 5.3 2.7 0 10.4 3.7 9.2 25.5 114 82 12.3 13.8
"63" "62" 2011-02-27 27.33 "NOH" "" "HOU" "L" -2 0 20.3333333333333 0.47 0.25 0 0 0 13.6 0 0 15.8 15.7 98 122 2.6 -9
"64" "63" 2011-03-01 27.34 "NOH" "@" "TOR" "L" -6 0 26.85 0.86 0.833 0 10.2 4.8 15.2 0 2.6 16.8 21.3 139 109 13.8 10.3
"65" "64" 2011-03-02 27.34 "NOH" "@" "NYK" "L" -19 0 27.5833333333333 0.653 0.615 4.4 20.5 11.8 18.2 0 0 0 29 137 124 17.6 7.8
"66" "65" 2011-03-04 27.35 "NOH" "@" "MEM" "W" 7 0 30.2 0.745 0.682 0 4.1 2.2 6 1.8 0 7.3 22.4 144 110 14.3 8.2
"67" "66" 2011-03-06 27.35 "NOH" "@" "CLE" "W" 15 0 28.1 0.651 0.556 0 22.8 13.3 28 3.9 0 8.5 21.4 131 84 15.2 9
"68" "67" 2011-03-07 27.36 "NOH" "@" "CHI" "L" -8 1 43.2 0.521 0.447 0 10.1 5.1 16.6 2.6 0 18.5 30.7 91 102 12 1.1
"69" "68" 2011-03-09 27.36 "NOH" "" "DAL" "W" 1 1 42.1833333333333 0.495 0.421 3.2 14.6 9.1 32 0 0 8.6 26.7 110 111 14 0.7
"70" "69" 2011-03-12 27.37 "NOH" "" "SAC" "W" 12 0 15.5666666666667 0 0 0 0 0 14.7 0 0 16.7 17.1 21 118 -3.1 -20.4
"71" "70" 2011-03-14 27.38 "NOH" "" "DEN" "L" -11 0 21.9 0.563 0.563 0 7.1 3 14 2.3 0 20 20.6 94 126 5.7 -3.6
"72" "71" 2011-03-16 27.38 "NOH" "" "PHO" "W" 5 0 12.1 0 0 0 18 10 20.9 0 0 0 15.4 32 109 -1.2 -16.2
"73" "72" 2011-03-19 27.39 "NOH" "" "BOS" "L" -4 0 9.31666666666667 0.333 0.333 0 0 0 0 0 0 0 16.8 73 120 -0.5 -16.3
"74" "73" 2011-03-24 27.4 "NOH" "@" "UTA" "W" 4 0 30.2666666666667 0.568 0.5 0 13.8 6.6 10.2 1.9 0 0 21.3 127 126 11.4 -1.5
"75" "74" 2011-03-25 27.41 "NOH" "@" "PHO" "W" 6 0 26.6666666666667 0.743 0.727 0 5.5 2.5 29.6 4 0 0 19.6 167 111 17.5 18.5
"76" "75" 2011-03-27 27.41 "NOH" "@" "LAL" "L" -18 0 14.9333333333333 0.444 0.444 0 24.7 11.1 25.4 0 0 10 31 94 119 3.8 0.8
"77" "76" 2011-03-30 27.42 "NOH" "" "POR" "W" 4 0 25.3833333333333 0.45 0.375 0 10.8 5.1 20 2.4 0 0 18.1 113 116 6.5 -1.3
"78" "77" 2011-04-01 27.42 "NOH" "" "MEM" "L" -12 0 22.7666666666667 0.4 0.4 0 7 3.2 37.4 2.7 0 0 24 96 120 6.7 -0.6
"79" "78" 2011-04-03 27.43 "NOH" "" "IND" "W" 12 0 23.7333333333333 0.606 0.333 5.3 0 2.5 10.7 4.6 0 18.1 21.2 124 107 9.3 3.7
"80" "79" 2011-04-06 27.44 "NOH" "" "HOU" "W" 8 0 32.4333333333333 0.703 0.6 0 8.5 3.9 25 3.3 0 0 19.3 158 105 19.3 13.3
"81" "80" 2011-04-08 27.44 "NOH" "" "PHO" "W" 12 0 18.6333333333333 0.515 0.5 0 6.8 3.5 41.5 0 0 11.4 22.4 117 116 7.7 -0.1
"82" "81" 2011-04-10 27.45 "NOH" "@" "MEM" "L" -22 0 19.75 0.543 0.357 5.3 0 3.2 25.9 0 0 0 21.3 132 130 8.7 3.7
"83" "82" 2011-04-11 27.45 "NOH" "" "UTA" "L" -12 0 21.3166666666667 0.225 0.125 0 7 3 52.5 2.7 0 0 20.3 83 109 3.5 -3.3
"84" "83" 2011-04-13 27.46 "NOH" "@" "DAL" "L" -32 0 28.6666666666667 0.624 0.567 0 0 0 56.9 0 3.7 5.4 31.4 126 132 18.1 9.6
"1" "" 2011-12-26 28.16 "NOH" "@" "PHO" "W" 1 NA NA NA NA NA NA NA NA NA NA NA NA NA NA NA NA
"2" "1" 2011-12-28 28.17 "NOH" "" "BOS" "W" 19 1 38.3333333333333 0.547 0.471 0 10.2 5.9 43.4 1.5 4.1 5 25.5 130 96 20.8 11.2
"3" "2" 2011-12-30 28.17 "NOH" "" "PHO" "L" -15 1 39.2333333333333 0.3 0.3 0 2.8 1.2 26.2 0 2.2 9.1 23.3 72 114 1 -6.8
"4" "3" 2012-01-01 28.18 "NOH" "@" "SAC" "L" -16 1 31.85 0.273 0.273 0 12.1 6 38.3 0 0 42.1 24.9 50 110 -2.1 -15.7
"5" "4" 2012-01-02 28.18 "NOH" "@" "UTA" "L" -4 1 39.6333333333333 0.72 0.676 3.6 12.4 8.3 56.3 1.4 4 9.6 26.2 143 105 27.9 17.1
"6" "5" 2012-01-04 28.19 "NOH" "" "PHI" "L" -8 1 38.25 0.552 0.467 6.4 9.2 7.8 52.7 0 0 14.9 24.6 119 121 17.5 3.9
"7" "6" 2012-01-06 28.19 "NOH" "" "DEN" "L" -8 1 39.65 0.524 0.5 6.5 3.4 5 25.3 1.4 0 17.3 21.3 105 113 10.6 -2.1
"8" "7" 2012-01-07 28.19 "NOH" "@" "DAL" "L" -15 1 38.1666666666667 0.412 0.321 3.6 19.3 11.9 30 0 0 16 24.5 84 111 7 -7
"9" "8" 2012-01-09 28.2 "NOH" "@" "DEN" "W" 13 1 35.2333333333333 0.509 0.409 3.8 10.5 7.3 36.5 3.1 0 13.6 20.7 117 93 14 4.8
"10" "9" 2012-01-11 28.21 "NOH" "" "OKC" "L" -10 1 35.05 0.364 0.364 6.4 15.7 10.5 35.9 1.6 0 15.4 17.7 93 111 7.9 -2.1
"11" "10" 2012-01-13 28.21 "NOH" "" "MIN" "L" -7 1 41.8333333333333 0.41 0.375 0 13 5.8 33.8 2.6 0 23.5 13.4 88 100 8.4 -1.4
"12" "11" 2012-01-14 28.21 "NOH" "@" "MEM" "L" -9 1 37.6833333333333 0.691 0.607 0 8.7 4.6 20.5 1.4 0 10.7 22.9 134 123 18.3 4.6
"13" "12" 2012-01-16 28.22 "NOH" "" "POR" "L" -7 1 43.2833333333333 0.603 0.462 2.7 9.2 5.8 20.8 2.5 0 14.7 23.2 112 96 16.9 4
"14" "13" 2012-01-18 28.22 "NOH" "" "MEM" "L" -6 1 35.4 0.874 0.867 0 11 5.7 56.8 0 0 11.5 25.1 155 118 23.4 14.7
"15" "14" 2012-01-19 28.23 "NOH" "@" "HOU" "L" -2 1 36.7 0.447 0.433 5.3 9.4 7.1 35.7 0 0 15.2 25 94 102 9.9 0.8
"16" "15" 2012-01-21 28.23 "NOH" "" "DAL" "L" -2 1 39.9166666666667 0.398 0.292 2.4 9.3 5.3 28.4 1.4 0 11.7 19.7 87 99 8.4 -1
"17" "16" 2012-01-23 28.24 "NOH" "" "SAS" "L" -2 1 40.8666666666667 0.579 0.568 0 21.4 10.5 37.9 0 0 4.3 26.8 133 124 21.7 4.3
"18" "17" 2012-01-25 28.24 "NOH" "@" "OKC" "L" -10 1 33.4666666666667 0.585 0.464 0 9.9 4.6 27.2 1.6 0 10.5 27 119 115 14.5 3.1
"19" "18" 2012-01-27 28.25 "NOH" "" "ORL" "W" 26 1 24.4166666666667 0.506 0.5 0 28.1 12.4 56.8 4.5 0 8.4 23.3 121 74 14.4 14.4
"20" "19" 2012-01-29 28.25 "NOH" "" "ATL" "L" -22 1 30.1666666666667 0.506 0.444 0 4 2 28.6 0 0 9.2 18.3 104 121 7 -0.7
"21" "20" 2012-01-30 28.26 "NOH" "@" "MIA" "L" -14 1 27.1833333333333 0.53 0.455 0 0 0 11.3 3.9 0 13.2 27.9 97 121 9.3 -1.1
"22" "21" 2012-02-01 28.26 "NOH" "" "PHO" "L" -17 1 30.9666666666667 0.625 0.625 0 9.7 4.6 27.5 0 0 11.1 13.7 126 134 9 -2.2
"23" "" 2012-02-02 28.27 "NOH" "@" "SAS" "L" -12 NA NA NA NA NA NA NA NA NA NA NA NA NA NA NA NA
"24" "" 2012-02-04 28.27 "NOH" "@" "DET" "L" -2 NA NA NA NA NA NA NA NA NA NA NA NA NA NA NA NA
"25" "" 2012-02-06 28.28 "NOH" "" "SAC" "L" -8 NA NA NA NA NA NA NA NA NA NA NA NA NA NA NA NA
"26" "22" 2012-02-08 28.28 "NOH" "" "CHI" "L" -23 1 27.5833333333333 0.175 0.182 3.7 4.2 4 21.3 2 0 14.9 23.3 43 104 -1.6 -9.8
"27" "" 2012-02-10 28.29 "NOH" "" "POR" "L" -8 NA NA NA NA NA NA NA NA NA NA NA NA NA NA NA NA
"28" "" 2012-02-13 28.3 "NOH" "" "UTA" "W" 6 NA NA NA NA NA NA NA NA NA NA NA NA NA NA NA NA
"29" "" 2012-02-15 28.3 "NOH" "@" "MIL" "W" 3 NA NA NA NA NA NA NA NA NA NA NA NA NA NA NA NA
"30" "23" 2012-02-17 28.31 "NOH" "@" "NYK" "W" 4 0 21.3666666666667 0.291 0.167 0 20.9 10.7 7.6 2.5 0 30.4 21.7 48 92 -0.7 -15.6
"31" "24" 2012-02-20 28.32 "NOH" "@" "OKC" "L" -8 0 30.2166666666667 0.51 0.467 2.9 15.5 8.4 33.8 1.6 0 5.4 25.3 115 105 12.9 5.4
"32" "25" 2012-02-21 28.32 "NOH" "@" "IND" "L" -9 0 32.3666666666667 0.531 0.529 0 18.6 10 56.7 0 0 10.1 31.3 115 121 14.4 1.3
"33" "26" 2012-02-22 28.32 "NOH" "@" "CLE" "W" 5 0 30.1666666666667 0.568 0.455 0 19.2 10.7 17 0 0 6.6 21.7 129 95 11.9 1.6
"34" "27" 2012-02-28 28.34 "NOH" "@" "CHI" "L" -4 0 28.0833333333333 0.556 0.556 3.6 10.5 7 23.4 1.8 0 18.2 16.7 103 106 7.1 -1
"35" "28" 2012-02-29 28.34 "NOH" "" "TOR" "L" -11 0 31.0666666666667 0.352 0.25 7.2 11 9.1 36.5 0 0 12.3 24.6 88 114 6.1 -5.2
"36" "29" 2012-03-02 28.35 "NOH" "" "DAL" "W" 5 1 39.65 0.545 0.458 0 14.1 7.2 21.4 0 0 26.7 21.3 96 110 9.3 -4.5
"37" "30" 2012-03-03 28.35 "NOH" "" "IND" "L" -18 1 35.0833333333333 0.66 0.591 0 12.4 5.9 16.6 0 2.2 18 22.1 112 116 12.1 0.2
"38" "31" 2012-03-05 28.35 "NOH" "@" "POR" "L" -12 1 27 0.25 0.25 0 0 0 19.6 0 0 14.3 13.3 61 111 -0.1 -9.3
"39" "32" 2012-03-07 28.36 "NOH" "@" "SAC" "L" -1 1 32.9666666666667 0.699 0.676 0 11.5 6.2 22.4 1.6 0 21.9 32.6 113 113 16.4 1.4
"40" "33" 2012-03-09 28.36 "NOH" "@" "DEN" "L" -13 1 32.05 0.571 0.536 0 4.5 2.3 26.6 1.8 0 11.8 26 109 131 11.7 -0.7
"41" "34" 2012-03-10 28.37 "NOH" "@" "MIN" "W" 6 1 30.2 0.808 0.714 0 7.2 3.8 35.8 1.7 0 22.2 20.7 134 101 16.4 7.9
"42" "35" 2012-03-12 28.37 "NOH" "" "CHA" "L" -2 1 33.1 0.625 0.625 3.2 11.2 6.9 65.8 0 2.2 33.3 26.6 91 90 11.2 1.8
"43" "36" 2012-03-14 28.38 "NOH" "" "LAL" "L" -6 1 38.85 0.659 0.619 0 10.2 5.2 31.2 1.4 4.3 0 29.4 137 107 26 12.1
"44" "37" 2012-03-15 28.38 "NOH" "" "WAS" "L" -10 1 40.2333333333333 0.5 0.5 0 8 3.5 21.3 0 0 8.3 15 103 121 7.6 -6.5
"45" "38" 2012-03-17 28.39 "NOH" "@" "NJN" "W" 8 1 30.75 0.538 0.5 4.3 13.9 9.6 29.6 3.6 0 6.3 25.1 123 105 15.7 6.2
"46" "39" 2012-03-21 28.4 "NOH" "" "GSW" "L" -9 1 30.9333333333333 0.79 0.722 0 34.5 19.4 57.5 0 0 0 16.5 176 113 22.6 11.7
"47" "40" 2012-03-22 28.4 "NOH" "" "LAC" "W" 7 1 44.95 0.564 0.417 0 7.8 5.3 33.5 2.5 0 21 21.7 110 105 14.9 0.8
"48" "41" 2012-03-24 28.41 "NOH" "" "SAS" "L" -3 1 36.8833333333333 0.637 0.605 0 18.2 10.5 28.7 0 0 15.9 32.1 113 103 18.1 7
"49" "42" 2012-03-26 28.41 "NOH" "@" "LAC" "L" -12 1 28.9333333333333 0.362 0.333 6.4 19 13.6 47.7 0 0 28.7 28.2 76 112 2.8 -10.5
"50" "43" 2012-03-28 28.42 "NOH" "@" "GSW" "W" 15 1 29.6166666666667 0.648 0.633 4.5 9 6.8 48.6 1.9 0 6.1 28.3 144 106 20.3 14.3
"51" "" 2012-03-29 28.42 "NOH" "@" "POR" "L" -6 NA NA NA NA NA NA NA NA NA NA NA NA NA NA NA NA
"52" "44" 2012-03-31 28.42 "NOH" "@" "LAL" "L" -3 1 32.9666666666667 0.422 0.375 0 9.7 4.6 50.5 0 0 0 29.7 109 108 14.3 7
"53" "45" 2012-04-01 28.43 "NOH" "@" "PHO" "L" -17 1 27.95 0.597 0.55 4 13.9 8.6 36.7 1.9 0 21.6 24.1 104 105 11.1 5.2
"54" "" 2012-04-04 28.44 "NOH" "" "DEN" "W" 2 NA NA NA NA NA NA NA NA NA NA NA NA NA NA NA NA
"55" "" 2012-04-06 28.44 "NOH" "@" "SAS" "L" -25 NA NA NA NA NA NA NA NA NA NA NA NA NA NA NA NA
"56" "" 2012-04-07 28.44 "NOH" "" "MIN" "W" 9 NA NA NA NA NA NA NA NA NA NA NA NA NA NA NA NA
"57" "" 2012-04-09 28.45 "NOH" "" "LAL" "L" -2 NA NA NA NA NA NA NA NA NA NA NA NA NA NA NA NA
"58" "" 2012-04-11 28.45 "NOH" "" "SAC" "W" 9 NA NA NA NA NA NA NA NA NA NA NA NA NA NA NA NA
"59" "" 2012-04-13 28.46 "NOH" "" "UTA" "W" 11 NA NA NA NA NA NA NA NA NA NA NA NA NA NA NA NA
"60" "" 2012-04-15 28.47 "NOH" "" "MEM" "W" 13 NA NA NA NA NA NA NA NA NA NA NA NA NA NA NA NA
"61" "" 2012-04-16 28.47 "NOH" "@" "CHA" "W" 8 NA NA NA NA NA NA NA NA NA NA NA NA NA NA NA NA
"62" "" 2012-04-18 28.47 "NOH" "@" "MEM" "L" -12 NA NA NA NA NA NA NA NA NA NA NA NA NA NA NA NA
"63" "" 2012-04-19 28.48 "NOH" "" "HOU" "W" 6 NA NA NA NA NA NA NA NA NA NA NA NA NA NA NA NA
"64" "" 2012-04-22 28.48 "NOH" "@" "LAC" "L" -9 NA NA NA NA NA NA NA NA NA NA NA NA NA NA NA NA
"65" "" 2012-04-24 28.49 "NOH" "@" "GSW" "W" 2 NA NA NA NA NA NA NA NA NA NA NA NA NA NA NA NA
"66" "" 2012-04-26 28.5 "NOH" "@" "HOU" "L" -7 NA NA NA NA NA NA NA NA NA NA NA NA NA NA NA NA
"1" "1" 2012-10-31 29.01 "GSW" "@" "PHO" "W" 2 0 29.5333333333333 0.571 0.5 0 11.3 5.2 40.5 1.7 0 31.3 18.2 96 93 7.9 0.7
"2" "2" 2012-11-02 29.01 "GSW" "" "MEM" "L" -10 0 27.2833333333333 0.417 0.417 0 19.5 9.3 32.5 0 0 0 10 122 115 6.2 0
"3" "3" 2012-11-03 29.02 "GSW" "@" "LAC" "W" 4 0 31.5166666666667 0.752 0.625 7.3 15.6 11.3 31.9 1.6 0 0 14.2 178 113 19.3 11.5
"4" "4" 2012-11-05 29.02 "GSW" "@" "SAC" "L" -2 0 18.0666666666667 0.5 0.5 0 6.5 3.3 0 0 0 14.3 18 79 107 1.5 -9.9
"5" "5" 2012-11-07 29.03 "GSW" "" "CLE" "W" 10 0 25.7 0.563 0.5 0 7.8 4.5 27 3.9 0 0 15.9 133 99 12.1 4.3
"6" "6" 2012-11-09 29.03 "GSW" "@" "LAL" "L" -24 0 15.1666666666667 0.375 0.375 0 6.3 3 24.5 0 0 0 11.2 99 109 1.9 -2.7
"7" "7" 2012-11-10 29.04 "GSW" "" "DEN" "L" -6 0 37.7833333333333 0.364 0.364 0 19.2 10.3 23.4 2.8 0 8.3 14.6 85 93 8.4 -1.6
"8" "8" 2012-11-14 29.05 "GSW" "" "ATL" "W" 4 0 16.85 1.042 1.167 0 29.2 15.6 11.6 3.1 0 18.8 14.4 152 92 8.8 10.9
"9" "9" 2012-11-16 29.05 "GSW" "@" "MIN" "W" 8 0 24.35 0.658 0.611 0 0 0 23.8 0 0 28.8 24.6 105 115 6.7 -2.7
"10" "10" 2012-11-18 29.06 "GSW" "@" "OKC" "L" -10 0 21.6333333333333 0.75 0.75 0 18 8.9 37.4 0 0 0 17 161 133 13.2 7.8
"11" "11" 2012-11-19 29.06 "GSW" "@" "DAL" "W" 4 0 15.2 0.2 0.2 0 0 0 41.6 3.4 0 28.6 19.7 59 98 -0.1 -9.5
"12" "12" 2012-11-21 29.07 "GSW" "" "BRK" "W" 9 0 24.1166666666667 0.37 0.2 0 13.3 7.7 47.1 4.8 0 30.7 19.7 97 103 6.1 0.3
"13" "13" 2012-11-23 29.07 "GSW" "@" "DEN" "L" -11 0 34.5333333333333 0.504 0.469 0 0 0 22 3 0 10.6 25.7 99 111 10.6 -0.1
"14" "14" 2012-11-24 29.07 "GSW" "" "MIN" "W" 11 0 22.5 0.063 0 0 23.2 12.3 19.4 0 0 33.7 24.4 24 94 -6.7 -24.5
"15" "15" 2012-11-29 29.09 "GSW" "" "DEN" "W" 1 0 29.0666666666667 0.623 0.607 0 7.5 4 25.5 0 0 17.2 26.7 109 116 10.9 -0.8
"16" "16" 2012-12-01 29.09 "GSW" "" "IND" "W" 11 0 24.8166666666667 1 1 0 25.4 12.6 42.9 0 0 25 22 144 104 16.9 15.7
"17" "17" 2012-12-03 29.1 "GSW" "" "ORL" "L" -8 0 29.3833333333333 0.723 0.65 0 14.5 7.6 24 1.8 0 20.3 23.7 120 111 13.6 2.9
"18" "18" 2012-12-05 29.1 "GSW" "@" "DET" "W" 7 0 23.7833333333333 0.368 0.3 0 0 0 28.9 2.3 0 15.5 26 80 113 2 -14.3
"19" "19" 2012-12-07 29.11 "GSW" "@" "BRK" "W" 7 0 30.2 0.625 0.625 0 6.8 3.5 36.5 0 0 25 24.1 111 120 11.2 -0.8
"20" "20" 2012-12-08 29.11 "GSW" "@" "WAS" "W" 4 0 29.7166666666667 0.417 0.417 0 12.7 6.9 15.3 0 2.6 0 8.7 112 103 5.6 -2.5
"21" "21" 2012-12-10 29.12 "GSW" "@" "CHA" "W" 8 0 31.4833333333333 0.44 0.318 0 17.3 9 27.4 8.1 0 12.8 21.7 103 89 13 4.4
"22" "22" 2012-12-12 29.12 "GSW" "@" "MIA" "W" 2 0 31.3666666666667 0.714 0.714 0 15.7 7.7 25.3 1.6 0 6.7 22.7 136 103 17.8 10.5
"23" "23" 2012-12-14 29.13 "GSW" "@" "ORL" "L" -14 0 35.6333333333333 0.545 0.545 0 20.5 9.2 29.6 3 0 8.3 14.9 117 103 13.2 4.5
"24" "24" 2012-12-15 29.13 "GSW" "@" "ATL" "W" 22 0 29.1666666666667 0.5 0.5 3.7 9.1 6.6 32.3 0 0 7.1 20.3 116 101 12.1 3.5
"25" "25" 2012-12-18 29.14 "GSW" "" "NOH" "W" 7 0 33.7666666666667 0.592 0.45 3.4 8.1 5.5 50.2 0 0 12.9 20.6 134 117 15.7 4.1
"26" "26" 2012-12-19 29.14 "GSW" "@" "SAC" "L" -4 0 31.75 0.751 0.719 7 19.4 12.9 14.7 0 0 17.7 29.8 132 135 21 3.8
"27" "27" 2012-12-21 29.15 "GSW" "" "CHA" "W" 15 0 21.7 0.654 0.583 0 12.3 7.2 35.5 2.5 0 12.7 16.9 144 111 11.1 4.4
"28" "28" 2012-12-22 29.15 "GSW" "" "LAL" "L" -3 0 37.9666666666667 0.763 0.763 0 8.9 4.4 55.1 1.3 0 5 21.7 159 111 29.1 16
"29" "29" 2012-12-26 29.16 "GSW" "@" "UTA" "W" 11 0 31.25 0.727 0.667 0 7.1 3.5 18.2 3.3 0 16.2 18.8 125 92 13 5.1
"30" "30" 2012-12-28 29.17 "GSW" "" "PHI" "W" 7 0 32.5 0.522 0.5 0 11.4 6.2 35.3 1.5 0 16.4 24.7 98 93 10.8 2.6
"31" "31" 2012-12-29 29.17 "GSW" "" "BOS" "W" 18 0 32.5333333333333 0.5 0.5 4.9 8.2 7 20.2 0 0 6.7 22.6 108 99 9.6 -3
"32" "32" 2013-01-02 29.18 "GSW" "" "LAC" "W" 21 0 28.7166666666667 0.413 0.333 8.4 9.8 9.2 23.7 1.7 0 23.1 25.5 89 100 6.6 -5.8
"33" "33" 2013-01-05 29.19 "GSW" "@" "LAC" "L" -26 0 24.2 0.424 0.389 0 11.7 5.6 22.8 0 0 17.5 22.8 79 131 3.6 -8.4
"34" "34" 2013-01-09 29.2 "GSW" "" "MEM" "L" -7 0 28.0333333333333 0.338 0.25 0 0 0 27.4 0 0 18.4 9.8 92 115 2.3 -7.7
"35" "35" 2013-01-11 29.21 "GSW" "" "POR" "W" 6 0 28.6 0.654 0.667 0 18 10.2 34.3 0 0 22.5 14.2 117 107 10.7 -0.9
"36" "36" 2013-01-13 29.21 "GSW" "@" "DEN" "L" -11 0 26.2 0.421 0.364 0 15.6 8.8 41.1 0 0 29.6 29.6 83 124 4.5 -11.5
"37" "37" 2013-01-16 29.22 "GSW" "" "MIA" "L" -17 1 32.2 0.508 0.5 3 5.5 4.3 16.1 1.6 0 24.1 28.4 78 100 6.1 -2.6
"38" "38" 2013-01-18 29.22 "GSW" "@" "SAS" "L" -7 1 43.0666666666667 0.559 0.529 0 5.3 2.5 42.9 0 0 5.3 21.2 118 110 17.1 3.4
"39" "39" 2013-01-19 29.23 "GSW" "@" "NOH" "W" 4 0 35.6166666666667 0.701 0.577 0 7.9 3.9 56.6 2.9 0 10.1 25.1 150 120 25.3 9.7
"40" "40" 2013-01-21 29.23 "GSW" "" "LAC" "W" 7 0 33.0333333333333 0.537 0.467 0 20.3 11.2 50.4 1.6 0 10.7 27.3 120 104 17.7 5.4
"41" "41" 2013-01-23 29.24 "GSW" "" "OKC" "W" 5 0 30.2833333333333 0.455 0.444 0 12.5 6 41.4 1.6 0 23.3 18.4 94 105 7.6 -0.8
"42" "42" 2013-01-25 29.24 "GSW" "@" "CHI" "L" -16 0 26.9 0.458 0.458 3.6 16.6 9.6 49.4 0 5.2 7.7 22.4 100 112 9.6 5.2
"43" "43" 2013-01-26 29.25 "GSW" "@" "MIL" "L" -7 0 34.5333333333333 0.542 0.542 2.9 4.6 3.9 43.4 1.4 2 7.7 16 129 117 14.4 6
"44" "44" 2013-01-28 29.25 "GSW" "@" "TOR" "W" 12 0 25.4333333333333 0.535 0.45 0 16.1 8.8 19.6 0 0 0 22.9 132 113 11 -0.3
"45" "45" 2013-01-29 29.25 "GSW" "@" "CLE" "W" 13 1 35.9166666666667 0.689 0.694 0 3 1.8 52.9 1.5 2 17.5 29.9 127 109 23.8 9.7
"46" "46" 2013-01-31 29.26 "GSW" "" "DAL" "W" 3 1 42.2333333333333 0.428 0.308 0 9.9 4.9 31.4 1.2 0 20.8 20.4 89 107 8.4 -5.3
"47" "47" 2013-02-02 29.27 "GSW" "" "PHO" "W" 20 0 20.7166666666667 0.333 0.333 0 4.8 2.4 42.6 0 0 10 20.9 96 108 5.1 -4.4
"48" "48" 2013-02-05 29.27 "GSW" "@" "HOU" "L" -31 0 28.5166666666667 0.635 0.571 0 3.9 1.9 28.8 0 0 11.3 26.9 123 149 14 1.8
"49" "" 2013-02-06 29.28 "GSW" "@" "OKC" "L" -21 NA NA NA NA NA NA NA NA NA NA NA NA NA NA NA NA
"50" "" 2013-02-08 29.28 "GSW" "@" "MEM" "L" -6 NA NA NA NA NA NA NA NA NA NA NA NA NA NA NA NA
"51" "" 2013-02-09 29.28 "GSW" "@" "DAL" "L" -25 NA NA NA NA NA NA NA NA NA NA NA NA NA NA NA NA
"52" "49" 2013-02-12 29.29 "GSW" "" "HOU" "L" -9 0 32.15 0.698 0.643 0 9.3 4.8 27.1 1.5 0 11.3 24 127 117 18 7.1
"53" "50" 2013-02-19 29.31 "GSW" "@" "UTA" "L" -14 0 32.7 0.696 0.591 0 7.9 3.8 43.8 0 0 26.8 25.7 119 130 15.6 3.5
"54" "51" 2013-02-20 29.32 "GSW" "" "PHO" "W" 10 0 36.4666666666667 0.706 0.679 3.1 0 1.5 16.7 1.5 0 11.8 21.3 131 114 15.3 2.1
"55" "52" 2013-02-22 29.32 "GSW" "" "SAS" "W" 6 0 42.1 0.578 0.523 0 6.5 3.5 50.1 1.2 1.7 3.7 28.5 123 98 26.8 14.4
"56" "53" 2013-02-24 29.33 "GSW" "@" "MIN" "W" 1 0 35.5166666666667 0.578 0.553 3.3 11.3 7.6 41.3 1.4 0 9.1 26.1 129 104 18.6 9.9
"57" "54" 2013-02-26 29.33 "GSW" "@" "IND" "L" -11 0 26.2833333333333 0.42 0.25 0 4.1 2.1 24.9 0 0 27.7 31 80 127 0.9 -16.9
"58" "55" 2013-02-27 29.33 "GSW" "@" "NYK" "L" -4 0 37.3833333333333 0.467 0.467 3.7 7.9 6.1 9.1 0 0 21.1 24.8 82 125 4.9 -10.2
"59" "56" 2013-03-01 29.34 "GSW" "@" "BOS" "L" -8 0 18.6 0.106 0.111 0 18 7.9 8.8 0 0 9.6 23.5 26 97 -4.1 -17.6
"60" "57" 2013-03-02 29.34 "GSW" "@" "PHI" "L" -7 0 29.3166666666667 0.231 0.231 0 4.7 2 5.3 1.7 0 23.5 24.6 40 111 -4.3 -20.1
"61" "58" 2013-03-04 29.35 "GSW" "" "TOR" "W" 7 0 38.0666666666667 0.512 0.5 0 7.4 4.5 19.2 2.5 0 0 18.2 118 117 14.8 -0.2
"62" "59" 2013-03-06 29.35 "GSW" "" "SAC" "W" 4 0 30.7 0.381 0.286 0 3.4 1.8 21 4.9 0 16 28 72 85 5.4 -1.5
"63" "60" 2013-03-08 29.36 "GSW" "" "HOU" "L" -6 0 29.5333333333333 0.455 0.389 0 14.1 6.8 17.3 0 0 16.8 17.3 88 106 5.2 -2.9
"64" "61" 2013-03-09 29.36 "GSW" "" "MIL" "L" -10 0 26.65 0.431 0.364 0 8.8 4 24.2 1.9 0 7.3 23 97 108 7.9 -0.4
"65" "62" 2013-03-11 29.37 "GSW" "" "NYK" "W" 29 0 27 0.286 0.286 0 6.2 3.5 6.3 0 0 36.4 19.1 42 82 -3.6 -15.7
"66" "63" 2013-03-13 29.37 "GSW" "" "DET" "W" 8 0 30.0666666666667 0.745 0.727 0 3.5 2 26.8 0 2.2 0 21.2 163 119 17.4 7.8
"67" "64" 2013-03-15 29.38 "GSW" "" "CHI" "L" -18 0 29.6833333333333 0.567 0.467 4.1 12.8 8.4 7.1 1.7 0 10.2 31.4 108 124 12.8 -2.1
"68" "65" 2013-03-17 29.38 "GSW" "@" "HOU" "W" 30 0 30.6333333333333 0.35 0.318 0 11.6 6.4 35.9 0 3.1 8 17.7 98 87 7.9 0.7
"69" "66" 2013-03-18 29.39 "GSW" "@" "NOH" "W" 21 0 30.9833333333333 0.477 0.5 0 6.1 3.6 26.9 1.8 0 9.6 17.5 105 89 7.2 -1.2
"70" "67" 2013-03-20 29.39 "GSW" "@" "SAS" "L" -11 0 31.1166666666667 0.589 0.545 0 8.8 4 38.9 1.7 0 14.4 20.1 120 117 12.8 4.1
"71" "68" 2013-03-23 29.4 "GSW" "" "WAS" "W" 9 0 26.0166666666667 0.517 0.375 0 4 2.3 35.2 2 0 22 23.8 103 102 8.7 -0.8
"72" "69" 2013-03-25 29.41 "GSW" "" "LAL" "W" 6 0 33.8833333333333 0.563 0.563 0 7.9 4.3 14 0 0 10.6 24.5 105 109 10 -3.2
"73" "70" 2013-03-27 29.41 "GSW" "" "SAC" "L" -7 0 35.5833333333333 0.542 0.5 0 6.1 3.1 28.7 0 0 0 18.1 131 120 13.6 1
"74" "71" 2013-03-30 29.42 "GSW" "" "POR" "W" 27 0 28.05 0.34 0.2 0 16.5 9.5 22.7 1.8 2.7 25.4 12.4 91 101 5.5 -3.7
"75" "72" 2013-04-03 29.43 "GSW" "" "NOH" "W" 10 0 35.9666666666667 0.8 0.773 3.3 5.9 4.7 42.2 0 0 14.4 18.4 147 104 18.6 7.7
"76" "73" 2013-04-05 29.44 "GSW" "@" "PHO" "W" 4 0 31.7666666666667 0.589 0.545 7.4 0 4.6 16.6 4.9 0 7.8 18.2 130 114 14.1 4.9
"77" "74" 2013-04-07 29.44 "GSW" "" "UTA" "L" -7 0 33.5 0.389 0.389 0 6.2 3.5 28 1.6 0 18.2 16.1 87 112 4.9 -4.1
"78" "75" 2013-04-09 29.45 "GSW" "" "MIN" "W" 16 0 23.2833333333333 0.25 0.25 0 15.3 7.9 11.8 0 2.9 0 14.5 68 91 0.9 -10.2
"79" "76" 2013-04-11 29.45 "GSW" "" "OKC" "L" -19 0 28.8333333333333 0.649 0.583 0 15.9 7.8 37 5 0 6.4 23.4 134 109 19.6 15
"80" "77" 2013-04-12 29.45 "GSW" "@" "LAL" "L" -2 0 27.5166666666667 0.333 0.333 3.6 38.2 17.4 21.4 0 0 25 18.7 77 128 3 -12.2
"81" "78" 2013-04-15 29.46 "GSW" "" "SAS" "W" 10 0 30.2833333333333 0.375 0.375 0 2.9 1.7 46.1 1.5 2.1 20 13.9 110 103 8.8 -0.3
"82" "79" 2013-04-17 29.47 "GSW" "@" "POR" "W" 11 0 34.4333333333333 0.618 0.6 2.8 12.7 7.4 26.4 0 0 8.1 15.5 133 98 13.7 2.3
"1" "1" 2013-10-30 30.01 "CLE" "" "BRK" "W" 4 0 22.5 0.694 0.583 0 15.6 7.5 22.4 2.3 0 10.4 18.7 141 101 11.2 7.5
"2" "2" 2013-11-01 30.01 "CLE" "@" "CHA" "L" -6 0 27.6666666666667 0.577 0.577 0 14.5 6.6 26.2 0 0 18.8 25.1 99 100 8.7 2.5
"3" "3" 2013-11-02 30.01 "CLE" "@" "IND" "L" -15 0 24.4666666666667 0.5 0.5 0 9.6 4.5 27.8 4.1 0 33.3 22.3 71 94 3.5 -3.4
"4" "4" 2013-11-04 30.02 "CLE" "" "MIN" "W" 1 0 26.8166666666667 0.143 0.143 0 14.3 7.8 24.1 0 2.7 30 15.9 47 95 -1.3 -12
"5" "5" 2013-11-06 30.02 "CLE" "@" "MIL" "L" -5 0 18.9 0.375 0.375 0 0 0 16.7 0 0 20 24.5 72 134 -0.2 -19.9
"6" "6" 2013-11-08 30.03 "CLE" "@" "PHI" "L" -15 0 25.15 0.553 0.45 3.6 15.5 8.5 23.6 4.3 0 20.3 25.8 102 102 9.5 4.6
"7" "7" 2013-11-09 30.03 "CLE" "" "PHI" "W" 2 0 36.6 0.635 0.607 3.2 10.6 6.7 22.7 4.1 6.6 16 22.4 118 101 19.4 9.7
"8" "8" 2013-11-11 30.04 "CLE" "@" "CHI" "L" -15 0 25.2 0.145 0 0 0 0 6.1 2.2 0 12.7 14.7 39 118 -1.9 -14
"9" "9" 2013-11-13 30.04 "CLE" "@" "MIN" "L" -29 0 23.5 0.333 0.333 0 5.8 2.4 34.2 0 0 10 19 80 136 3.3 -8.8
"10" "10" 2013-11-15 30.05 "CLE" "" "CHA" "L" -6 0 23.8166666666667 0.557 0.556 0 17.9 9 27.6 4.5 3.4 16.8 23.6 97 89 10.3 7.1
"11" "11" 2013-11-16 30.05 "CLE" "@" "WAS" "W" 7 0 33.65 0.468 0.423 3.8 12.1 8.5 22.4 1.5 0 26.5 26.9 80 97 6.2 -6.9
"12" "12" 2013-11-20 30.06 "CLE" "" "WAS" "L" -7 0 28.3833333333333 0.7 0.7 0 4.2 2.1 46.4 2 0 9.1 18.4 143 117 13.9 11.8
"13" "13" 2013-11-22 30.07 "CLE" "@" "NOP" "L" -4 0 32.7 0.731 0.731 0 2.9 1.7 21.1 0 0 18.8 22.8 123 120 13.2 1.5
"14" "14" 2013-11-23 30.07 "CLE" "@" "SAS" "L" -30 0 17.3666666666667 0 0 0 0 0 35.4 0 0 0 7.6 74 136 1 -8.9
"15" "15" 2013-11-27 30.08 "CLE" "" "MIA" "L" -11 0 37.2166666666667 0.667 0.667 2.5 13.9 7.3 30.8 1.4 2.4 45.5 12.7 85 99 7.4 -0.3
"16" "16" 2013-11-29 30.09 "CLE" "@" "BOS" "L" -17 0 21.9666666666667 0.477 0.444 0 5.8 2.4 18.8 0 0 9.6 19.9 97 112 4.2 -4
"17" "17" 2013-11-30 30.09 "CLE" "" "CHI" "W" 4 0 23.8333333333333 0.417 0.417 0 5 2.6 18.3 0 0 14.3 14.6 92 116 2.2 -8.8
"18" "18" 2013-12-04 30.1 "CLE" "" "DEN" "W" 10 0 32.0833333333333 0.403 0.357 0 5.6 3 17.6 1.7 6.5 21.2 12.4 89 99 5.6 -1.3
"19" "19" 2013-12-06 30.11 "CLE" "@" "ATL" "L" -19 0 28.9333333333333 0.551 0.5 0 11.1 5.1 15.9 1.8 0 8.4 17.5 116 115 8.8 1.2
"20" "20" 2013-12-07 30.11 "CLE" "" "LAC" "W" 6 0 31.9666666666667 0.598 0.5 0 25 12.9 17 1.6 0 17.9 15.1 110 82 9.5 3.2
"21" "21" 2013-12-10 30.12 "CLE" "" "NYK" "W" 15 0 24.0833333333333 0.912 0.938 0 0 0 6.6 0 0 17.7 23.6 138 115 12.1 5.3
"22" "22" 2013-12-13 30.13 "CLE" "@" "ORL" "W" 9 0 20.2166666666667 0.396 0.2 0 21.1 10.7 36 0 0 13.7 16.4 102 108 5.9 -2.6
"23" "23" 2013-12-14 30.13 "CLE" "@" "MIA" "L" -7 0 21.7 0.589 0.545 5.1 24.6 14 34.4 2.3 0 7.8 25.9 128 118 13.4 8.1
"24" "24" 2013-12-17 30.14 "CLE" "" "POR" "L" -3 0 27.7166666666667 0.416 0.393 0 17.7 8.7 17.6 1.8 0 0 21.7 101 118 8.7 -3.3
"25" "25" 2013-12-20 30.15 "CLE" "" "MIL" "W" 3 0 37.6333333333333 0.464 0.412 2.5 8.1 5.2 23 0 0 0 20.8 119 116 12.2 -1.6
"26" "26" 2013-12-21 30.15 "CLE" "@" "CHI" "L" -16 0 30.5333333333333 0.396 0.346 0 13.9 5.5 31.7 0 0 12.6 24.2 84 115 6.2 -4.3
"27" "27" 2013-12-23 30.15 "CLE" "" "DET" "L" -23 0 20.2166666666667 0 0 0 5.4 2.7 7 0 0 14.3 14.1 9 124 -5 -21.9
"28" "28" 2013-12-26 30.16 "CLE" "" "ATL" "L" -2 0 32.35 0.528 0.4 4.2 16.3 10.3 11.8 0 0 19 14.8 105 114 6.3 -6
"29" "29" 2013-12-28 30.17 "CLE" "@" "BOS" "L" -3 0 30.9333333333333 0.788 0.75 0 3.6 1.9 21.2 0 0 0 13.2 172 117 12.3 4.3
"30" "30" 2013-12-29 30.17 "CLE" "" "GSW" "L" -4 0 34.1333333333333 0.545 0.545 0 12.7 6.5 20.5 2.9 2.5 15.4 17.4 98 99 9.4 2.4
"31" "31" 2013-12-31 30.18 "CLE" "@" "IND" "L" -15 0 24.75 0.444 0.444 0 13.2 6.5 54.8 0 0 18.2 20.7 90 107 5.2 -0.7
"32" "32" 2014-01-02 30.18 "CLE" "" "ORL" "W" 6 1 42.0333333333333 0.404 0.344 2.2 15.1 8.2 33.1 0 0 5.5 19.5 98 88 10 -0.6
"33" "33" 2014-01-04 30.19 "CLE" "@" "BRK" "L" -7 1 38.4166666666667 0.125 0.125 3 10.1 6.4 31.5 0 0 11.1 11.4 72 115 1.5 -9
"34" "" 2014-01-05 30.19 "CLE" "" "IND" "L" -4 NA NA NA NA NA NA NA NA NA NA NA NA NA NA NA NA
"35" "" 2014-01-07 30.19 "CLE" "" "PHI" "W" 18 NA NA NA NA NA NA NA NA NA NA NA NA NA NA NA NA
"36" "34" 2014-01-10 30.2 "CLE" "@" "UTA" "W" 11 0 25.95 0.932 0.917 0 0 0 10.3 0 0 0 11.9 191 118 10.8 3.2
"37" "35" 2014-01-12 30.21 "CLE" "@" "SAC" "L" -44 0 18.8333333333333 0.167 0.167 0 6.7 3.1 17.9 2.7 0 33.3 22 32 129 -3.7 -22.2
"38" "36" 2014-01-14 30.21 "CLE" "@" "LAL" "W" 2 0 18.4666666666667 0.34 0.2 0 13.7 6.3 33.8 2.7 0 14.5 16.2 102 123 4.6 -5.7
"39" "37" 2014-01-15 30.22 "CLE" "@" "POR" "L" -12 0 12.35 0.5 0.5 0 18.1 8.6 33.2 0 0 0 10.7 131 115 4 3.8
"40" "38" 2014-01-17 30.22 "CLE" "@" "DEN" "W" 8 0 14.8 0.781 0.714 0 28.2 14.4 12.6 3.4 0 10.7 26.4 145 106 11.2 9.4
"41" "39" 2014-01-20 30.23 "CLE" "" "DAL" "L" -5 0 21.5166666666667 0.615 0.625 0 11.2 5.2 15.6 0 0 29.1 14.1 92 115 3.2 -3.8
"42" "40" 2014-01-22 30.24 "CLE" "" "CHI" "L" -11 0 22 0.205 0 0 22.6 7.8 33.1 0 0 0 10.1 95 125 3.2 -6.6
"43" "41" 2014-01-24 30.24 "CLE" "" "MIL" "W" 15 0 22.4333333333333 0.536 0.438 0 0 0 21 0 0 0 18.1 142 103 7.3 1
"44" "42" 2014-01-26 30.25 "CLE" "" "PHO" "L" -9 0 28.1666666666667 0.5 0.5 3.4 7.9 5.5 11.8 1.9 3.1 0 12.3 115 110 7.6 3.8
"45" "43" 2014-01-28 30.25 "CLE" "" "NOP" "L" -11 0 20.65 0.205 0 0 22.5 9.2 21.1 5.2 0 0 11 74 106 4.2 -2.9
"46" "44" 2014-01-30 30.26 "CLE" "@" "NYK" "L" -31 0 20.0166666666667 0.225 0.188 0 0 0 8.4 5.2 0 25.3 26.2 41 122 -2.3 -16.2
"47" "45" 2014-02-01 30.26 "CLE" "@" "HOU" "L" -14 1 30.9833333333333 0.389 0.389 0 0 0 27.9 0 0 10 14.4 92 118 4.3 -4.9
"48" "46" 2014-02-03 30.27 "CLE" "@" "DAL" "L" -17 1 39.7 0.761 0.786 0 11.7 4.8 31.2 0 0 27.6 12.7 123 142 11 -3.1
"49" "47" 2014-02-05 30.27 "CLE" "" "LAL" "L" -11 1 17.45 0.518 0.4 9 15.3 11.3 8.5 0 6.5 12.9 16.6 114 126 5.5 -3.6
"50" "48" 2014-02-07 30.28 "CLE" "@" "WAS" "W" 2 1 12.25 0 0 0 0 0 0 0 0 0 13.9 0 127 -2.9 -20.9
"51" "49" 2014-02-09 30.28 "CLE" "" "MEM" "W" 8 1 14.7166666666667 0.25 0.25 0 23 11.5 11.5 0 0 20 16.5 50 89 0.2 -11.2
"52" "50" 2014-02-11 30.29 "CLE" "" "SAC" "W" 10 1 17.7333333333333 0.333 0.333 0 20.8 10 28.3 6 5.6 50 15 66 95 2.5 -3
"53" "51" 2014-02-12 30.29 "CLE" "@" "DET" "W" 4 1 27.9166666666667 0.541 0.5 0 7.3 3.5 47.7 3.7 0 10.7 14.9 122 96 11.3 8.1
"54" "52" 2014-02-18 30.31 "CLE" "@" "PHI" "W" 29 1 23.3833333333333 0.436 0.333 8.7 0 3.9 40 2.1 0 36.8 18.4 91 94 4.7 -3.3
"55" "53" 2014-02-19 30.31 "CLE" "" "ORL" "W" 8 1 34.3333333333333 0.425 0.35 0 16.4 8.7 29.1 3 4.2 7.8 16.6 98 93 11.4 3.8
"56" "54" 2014-02-21 30.32 "CLE" "@" "TOR" "L" -7 1 40.8333333333333 0.455 0.389 0 5.6 2.6 20.6 1.3 0 23.3 13.9 89 115 5.2 -6
"57" "55" 2014-02-23 30.32 "CLE" "" "WAS" "L" -13 1 38.4166666666667 0.273 0.273 2.7 7.1 5 14.3 0 0 21.4 17.2 57 115 -0.6 -12.1
"58" "56" 2014-02-25 30.33 "CLE" "" "TOR" "L" -6 1 26.3333333333333 0.575 0.55 0 14 6.7 29.3 4.1 0 8.7 19.6 118 105 10.9 7
"59" "57" 2014-02-26 30.33 "CLE" "@" "OKC" "W" 10 1 38.7333333333333 0.631 0.536 5.9 3.2 4.6 15.2 1.3 0 5.7 19.4 140 116 17.3 4
"60" "58" 2014-02-28 30.34 "CLE" "" "UTA" "W" 20 1 27.5333333333333 0.253 0.222 0 3.6 2 17.6 0 0 9.2 18.4 73 97 0.4 -11.8
"61" "59" 2014-03-01 30.34 "CLE" "@" "MEM" "L" -14 1 34.8166666666667 0.5 0.5 4.2 7.7 6 19.8 1.6 0 14.3 9.9 116 130 7.4 -2.5
"62" "60" 2014-03-04 30.35 "CLE" "" "SAS" "L" -21 1 20.75 0.4 0.4 0 0 0 20.8 0 0 0 11.1 101 127 2.6 -6.7
"63" "61" 2014-03-07 30.36 "CLE" "@" "CHA" "L" -9 1 27.0833333333333 0.644 0.5 4 5.2 4.5 33.6 0 3.7 27.9 17.7 114 119 9.5 3.5
"64" "62" 2014-03-08 30.36 "CLE" "" "NYK" "L" -10 1 39.4833333333333 0.432 0.385 0 5.9 2.8 12.2 2.6 0 17.8 19.6 79 118 5.8 -8.9
"65" "63" 2014-03-12 30.37 "CLE" "@" "PHO" "W" 9 1 33.9833333333333 0.571 0.429 3.8 8.5 6.5 16.7 0 0 9.4 13.6 133 110 9.5 -0.7
"66" "64" 2014-03-14 30.38 "CLE" "@" "GSW" "W" 9 1 27.7666666666667 0.827 0.8 0 12.3 6.2 20.9 1.8 0 15.5 11 149 101 8.8 1.7
"67" "65" 2014-03-16 30.38 "CLE" "@" "LAC" "L" -22 1 35.1666666666667 0.644 0.563 0 6.5 3.1 29 0 0 39.2 19.2 87 118 5.7 -4.6
"68" "66" 2014-03-18 30.39 "CLE" "" "MIA" "L" -4 1 41.5 0.745 0.769 0 10.5 6 16.7 0 2.6 16.9 20.4 116 110 16.2 4
"69" "67" 2014-03-20 30.39 "CLE" "" "OKC" "L" -7 1 33.8666666666667 0.338 0.25 3.2 6.3 4.8 17.1 1.5 0 18.4 14.9 78 116 3.5 -9.1
"70" "68" 2014-03-22 30.4 "CLE" "" "HOU" "L" -7 1 35.8666666666667 0.409 0.385 0 13.1 6.7 17 1.3 3 13 17.9 92 118 7.9 -5.8
"71" "69" 2014-03-23 30.4 "CLE" "@" "NYK" "W" 6 1 42.0166666666667 0.731 0.711 0 14.6 8.5 42.1 0 2.3 12.4 30.9 141 119 28.7 9.1
"72" "70" 2014-03-25 30.41 "CLE" "" "TOR" "W" 2 1 37.2166666666667 0.63 0.667 0 12.4 7.4 22.8 2.9 2.3 8.8 14.8 124 110 14.2 2.8
"73" "71" 2014-03-26 30.41 "CLE" "@" "DET" "W" 1 1 28.5 0.551 0.533 0 7.8 3.6 6.7 0 0 11.5 27.8 100 112 8.6 -1.4
"74" "72" 2014-03-28 30.41 "CLE" "@" "BRK" "L" -11 1 40.5333333333333 0.375 0.375 0 7.4 3.1 25.7 2.6 0 7.7 14.5 93 118 7.9 -3.5
"75" "73" 2014-03-30 30.42 "CLE" "" "IND" "W" 14 1 35.5 0.463 0.409 0 18 9.4 42.6 1.5 2.4 0 16 123 84 13.9 10.2
"76" "74" 2014-04-02 30.43 "CLE" "@" "ORL" "W" 21 0 30.2333333333333 0.658 0.611 0 15.9 8.9 17.1 1.7 0 23.3 20.3 109 106 9.9 -2.8
"77" "75" 2014-04-04 30.43 "CLE" "@" "ATL" "L" -19 0 22.4666666666667 0.346 0.346 0 24.7 8.9 15.6 0 4 0 25.7 80 123 4.1 -6.8
"78" "76" 2014-04-05 30.44 "CLE" "" "CHA" "L" -2 0 27.0833333333333 0.268 0.125 0 7.4 3.6 11.8 0 0 0 15.7 68 101 0.6 -10.7
"79" "77" 2014-04-09 30.45 "CLE" "" "DET" "W" 22 0 22.4 0.509 0.5 0 7.8 4.6 13.8 0 0 36.8 20.8 75 110 1.5 -15.1
"80" "78" 2014-04-11 30.45 "CLE" "@" "MIL" "L" -3 0 34.0833333333333 0.691 0.615 0 13.1 7 8.8 1.5 0 11.6 21.9 131 126 15.5 0.3
"81" "79" 2014-04-12 30.45 "CLE" "" "BOS" "L" -12 0 33.4 0.504 0.464 2.6 7 4.5 30.4 1.5 0 0 18.7 122 114 12.9 2.5
"82" "80" 2014-04-16 30.47 "CLE" "" "BRK" "W" 29 0 25.4833333333333 0.25 0.25 0 12.8 6.5 40.1 4 0 16.7 21.2 84 89 5.2 -5.2
"1" "1" 2014-10-29 31 "BRK" "@" "BOS" "L" -16 0 30.0833333333333 0.557 0.556 0 8.2 4.3 10.3 3.2 0 9.2 15.6 110 121 8.9 -2.4
"2" "2" 2014-11-01 31.01 "BRK" "@" "DET" "W" 12 0 22.1666666666667 0.25 0.25 0 9.4 4.9 16.3 0 0 20 10.7 71 107 0.1 -10.6
"3" "3" 2014-11-03 31.02 "BRK" "" "OKC" "W" 31 0 27.6166666666667 0.333 0.333 4.6 3.6 4 4.3 7.7 0 0 10.4 92 89 5.9 -0.7
"4" "4" 2014-11-05 31.02 "BRK" "" "MIN" "L" -7 0 23.9833333333333 0.717 0.625 0 20.8 10.8 30.8 2.1 0 23.5 23.8 117 99 11.5 4
"5" "5" 2014-11-07 31.03 "BRK" "" "NYK" "W" 11 0 19.05 0.4 0.4 0 5 3 38.2 2.7 0 28.6 17.4 93 107 3.3 -5.6
"6" "6" 2014-11-09 31.03 "BRK" "" "ORL" "W" 8 0 22.95 0.5 0.5 0 11.6 5.5 6.2 4.6 3.5 0 11.7 116 98 6.6 1.4
"7" "7" 2014-11-12 31.04 "BRK" "@" "PHO" "L" -8 0 23.6 0.694 0.5 0 9.9 5 19.7 2.1 0 46.5 20.4 84 115 4.3 -6.8
"8" "8" 2014-11-13 31.04 "BRK" "@" "GSW" "L" -8 0 25.5 0.978 1 0 11.8 6.6 28 0 0 20.3 25.3 148 115 18 12.2
"9" "9" 2014-11-15 31.05 "BRK" "@" "POR" "L" -10 0 26.0666666666667 0.388 0.333 0 12.6 6.1 6.7 2.1 0 7.2 24.2 82 109 3.6 -5.7
"10" "10" 2014-11-17 31.05 "BRK" "" "MIA" "L" -12 0 23.65 0.697 0.611 0 0 0 43.1 2.5 0 8.5 25.5 141 121 11.9 5.6
"11" "11" 2014-11-19 31.06 "BRK" "" "MIL" "L" -4 0 35.2166666666667 0.601 0.556 0 29.3 16.1 20.4 1.6 0 20.5 21 105 103 11.6 -0.9
"12" "12" 2014-11-21 31.07 "BRK" "@" "OKC" "W" 2 0 31.4666666666667 0.636 0.567 0 7.4 4.1 40.6 0 0 10 31.2 129 110 17 5.9
"13" "13" 2014-11-22 31.07 "BRK" "@" "SAS" "L" -12 0 25.15 0.381 0.286 3.5 25.8 12.4 31.6 2.1 3.3 20.2 17.7 86 104 6.9 -1.4
"14" "14" 2014-11-26 31.08 "BRK" "@" "PHI" "W" 8 0 18.65 0.286 0.286 0 10.5 6.3 34.5 0 0 12.5 19.2 74 100 1.5 -10.9
"15" "15" 2014-11-30 31.09 "BRK" "" "CHI" "L" -18 0 27.4166666666667 0.432 0.385 3.5 15.4 8.3 30.1 1.8 0 0 22.8 98 107 10.3 4.7
"16" "16" 2014-12-02 31.1 "BRK" "@" "NYK" "W" 5 0 17.5166666666667 0.25 0.25 5.7 13.4 9.2 8.2 3.2 0 33.3 29.4 46 106 -2.2 -20.6
"17" "17" 2014-12-03 31.1 "BRK" "" "SAS" "W" 2 0 27.55 0.4 0.4 0 3.1 1.7 19.7 0 0 16.7 21.4 76 106 2.6 -7.3
"18" "18" 2014-12-05 31.1 "BRK" "" "ATL" "L" -23 0 18.8833333333333 0.429 0.429 0 15.9 7.9 11.4 5.4 0 12.5 19.3 77 94 4.1 0.5
"19" "19" 2014-12-08 31.11 "BRK" "" "CLE" "L" -22 0 23.1333333333333 0.41 0.375 0 4.8 2.4 30.6 2.3 0 29.1 14.1 82 125 3.6 -5.2
"20" "20" 2014-12-10 31.12 "BRK" "@" "CHI" "L" -25 0 30.0666666666667 0.329 0.125 2.8 18.1 9.5 23.3 0 0 8.6 17 82 118 5 -6.7
"21" "21" 2014-12-12 31.12 "BRK" "" "PHI" "W" 18 0 21.15 0.25 0.25 0 10.3 5.4 36.1 2.6 0 11.1 19.4 76 85 1.7 -9.2
"22" "22" 2014-12-13 31.13 "BRK" "@" "CHO" "W" 27 0 20.2333333333333 0.651 0.556 0 9.9 6.2 39.4 0 0 15.7 32.3 127 105 10.6 -2.6
"23" "23" 2014-12-16 31.13 "BRK" "" "MIA" "L" -4 0 28.7833333333333 0.322 0.167 0 10.1 4.3 29.4 5.4 0 34 18.1 63 97 2.7 -6.5
"24" "24" 2014-12-17 31.14 "BRK" "@" "TOR" "L" -16 0 23.7166666666667 0.333 0.333 0 10.1 4.8 19.6 2.3 3.4 0 11.7 98 119 4.6 -3.1
"25" "25" 2014-12-19 31.14 "BRK" "@" "CLE" "L" -4 0 32.9333333333333 0.591 0.591 0 13.2 7.2 15.5 1.6 2.8 21.4 20.6 92 103 8.5 -2.1
"26" "26" 2014-12-21 31.15 "BRK" "" "DET" "W" 5 1 37.0166666666667 0.519 0.5 0 10 6 41.9 2.7 0 12.2 20.5 110 108 15 -0.5
"27" "27" 2014-12-23 31.15 "BRK" "" "DEN" "W" 6 1 38.1166666666667 0.594 0.538 0 3.1 1.4 29.5 1.4 0 17.3 20.5 114 111 14.2 0.3
"28" "28" 2014-12-26 31.16 "BRK" "@" "BOS" "W" 2 1 34.05 0.734 0.607 0 28.2 12.3 23.7 4.3 2.2 17.9 28.6 131 102 25.3 11.4
"29" "29" 2014-12-27 31.16 "BRK" "" "IND" "L" -25 1 38.8166666666667 0.712 0.7 0 20.1 9.3 15.8 1.3 1.8 24.5 24.3 100 112 14.2 2
"30" "30" 2014-12-29 31.17 "BRK" "" "SAC" "W" 8 1 31.8666666666667 0.515 0.375 3.2 8.1 5.4 10.1 1.6 0 11.4 24.9 107 112 9.7 -4.8
"31" "31" 2014-12-30 31.17 "BRK" "@" "CHI" "W" 14 1 28.0833333333333 0.557 0.5 3.8 3.5 3.6 29.3 1.9 0 9.2 18.2 120 98 10 3.3
"32" "32" 2015-01-02 31.18 "BRK" "@" "ORL" "W" 2 1 32.8166666666667 0.375 0.375 0 17.9 10.7 16 1.5 0 42.9 20.1 56 102 0.8 -13
"33" "33" 2015-01-04 31.19 "BRK" "@" "MIA" "L" -4 1 24.65 0.222 0.222 0 10.8 4.9 19.4 4.5 11 18.2 20.9 51 92 3.3 0.4
"34" "34" 2015-01-05 31.19 "BRK" "" "DAL" "L" -8 1 43.75 0.512 0.375 0 8.2 4.7 47.1 0 0 13.3 25.2 104 105 14.8 1.2
"35" "35" 2015-01-07 31.19 "BRK" "" "BOS" "L" -8 1 39.3333333333333 0.577 0.577 0 9.8 5.4 22.7 0 0 23.5 20.3 92 106 8.3 -2.9
"36" "36" 2015-01-09 31.2 "BRK" "" "PHI" "L" -2 1 36.7166666666667 0.559 0.444 3.6 11.9 8.2 47.1 2.9 0 19.3 19.9 114 100 15.6 5.1
"37" "37" 2015-01-10 31.2 "BRK" "@" "DET" "L" -5 1 29.2166666666667 0.208 0.208 0 3.6 1.8 39 3.6 0 20 23.4 60 105 0.3 -10.2
"38" "38" 2015-01-12 31.21 "BRK" "" "HOU" "L" -14 1 38.9166666666667 0.385 0.375 0 5.9 3 23.4 0 2.7 19.2 23.9 78 126 4.9 -9.3
"39" "39" 2015-01-14 31.21 "BRK" "" "MEM" "L" -11 1 32.6166666666667 0.375 0.333 4.5 3.3 3.8 29.3 0 0 18.4 24.4 84 121 3.8 -9.4
"40" "40" 2015-01-16 31.22 "BRK" "@" "WAS" "W" 22 1 34.8666666666667 0.689 0.694 3.7 17.6 10.9 47.1 3 2.5 9.6 27.5 133 86 24.4 15.7
"41" "41" 2015-01-17 31.22 "BRK" "" "WAS" "L" -9 1 40.5166666666667 0.583 0.556 0 11.3 5.3 39.2 1.3 0 20.9 28.3 102 113 15 1.2
"42" "42" 2015-01-21 31.23 "BRK" "@" "SAC" "W" 3 1 38.5333333333333 0.612 0.55 0 11.6 5.9 32.4 2.6 0 23.4 20 108 105 14.2 1.5
"43" "43" 2015-01-22 31.24 "BRK" "@" "LAC" "L" -39 1 27.2 0.318 0.318 0 5.2 2 19.1 5.6 0 26.7 23.8 56 125 1.5 -10.3
"44" "44" 2015-01-24 31.24 "BRK" "@" "UTA" "L" -35 1 34.3666666666667 0.468 0.393 3.1 15.5 7.8 44.4 3.1 0 14.9 28.3 94 121 12.9 1.9
"45" "45" 2015-01-28 31.25 "BRK" "@" "ATL" "L" -11 1 38.05 0.504 0.462 0 16.6 7.9 50.2 2.8 0 6.7 18.2 124 123 17.7 6
"46" "46" 2015-01-30 31.26 "BRK" "" "TOR" "L" -5 1 52.2166666666667 0.522 0.45 0 18 8.5 36.9 1 0 5.6 30.2 120 125 28.5 4
"47" "47" 2015-02-02 31.27 "BRK" "" "LAC" "W" 2 1 39.9333333333333 0.273 0.273 0 16.8 8.7 22.5 2.5 0 15.4 14.6 77 99 4.5 -4
"48" "48" 2015-02-04 31.27 "BRK" "@" "TOR" "W" 16 1 36.4 0.789 0.769 0 13.9 6.9 28.1 1.5 0 11.6 22.9 146 111 21.7 10.1
"49" "49" 2015-02-06 31.28 "BRK" "" "NYK" "W" 4 1 42.2 0.704 0.625 0 4.5 2.6 31.3 0 0 22 21.2 121 111 16.6 2.2
"50" "50" 2015-02-07 31.28 "BRK" "@" "WAS" "L" -37 1 26.8 0.376 0.25 11.2 4.4 8 34.7 2 0 29.1 35 68 128 3.2 -10
"51" "51" 2015-02-09 31.28 "BRK" "@" "MIL" "L" -6 1 34.75 0.819 0.8 3.6 9.4 6.7 45.7 0 0 15.9 26.2 142 120 22.1 10.5
"52" "52" 2015-02-10 31.29 "BRK" "@" "MEM" "L" -9 1 30.0333333333333 0.545 0.545 0 3.6 1.8 18.9 0 0 35.3 25 75 113 3.1 -7.3
"53" "" 2015-02-20 31.32 "BRK" "@" "LAL" "W" 9 NA NA NA NA NA NA NA NA NA NA NA NA NA NA NA NA
"54" "" 2015-02-23 31.32 "BRK" "@" "DEN" "W" 28 NA NA NA NA NA NA NA NA NA NA NA NA NA NA NA NA
"55" "53" 2015-02-25 31.33 "BRK" "@" "NOP" "L" -6 0 28.3666666666667 0.545 0.458 0 14.5 6.3 16.6 0 0 17.9 25.6 98 110 8.2 -2.5
"56" "54" 2015-02-27 31.33 "BRK" "@" "HOU" "L" -4 0 22.55 0.222 0.222 0 5.3 2.5 31.5 2.2 4.1 30.8 25.2 51 107 -0.8 -10.7
"57" "55" 2015-02-28 31.34 "BRK" "@" "DAL" "W" 10 0 31.1 0.589 0.545 0 3.5 1.8 20.1 0 0 7.8 19.7 126 111 10 -1.5
"58" "56" 2015-03-02 31.34 "BRK" "" "GSW" "W" 2 0 27.65 0.643 0.643 3.9 0 2 23.4 0 0 22.2 14.3 120 124 7.1 -1.2
"59" "57" 2015-03-04 31.35 "BRK" "" "CHO" "L" -24 0 20.9166666666667 0.335 0.308 0 24.2 10.6 26.7 5 0 0 28.7 83 114 6.4 0.9
"60" "58" 2015-03-06 31.35 "BRK" "" "PHO" "L" -8 0 41.2333333333333 0.363 0.25 0 7.6 3.6 21.3 0 0 17.9 16.6 79 105 1.8 -8.4
"61" "59" 2015-03-08 31.36 "BRK" "" "UTA" "L" -7 0 23.2666666666667 0.7 0.7 0 11.8 5.7 32.4 2.4 0 50 21.8 82 113 4.4 -4.2
"62" "60" 2015-03-10 31.36 "BRK" "" "NOP" "L" -20 0 28.2333333333333 0.67 0.611 0 4.6 2.1 19.2 0 0 8.2 19.5 133 128 11.7 1.3
"63" "61" 2015-03-11 31.37 "BRK" "@" "MIA" "L" -6 0 21.9333333333333 0.781 0.688 5.2 16 10.5 41.6 0 0 25.8 30.6 127 115 14 9
"64" "62" 2015-03-14 31.38 "BRK" "@" "PHI" "W" 7 0 26.8166666666667 0.375 0.375 0 7.2 3.8 54.5 1.8 0 15.8 30.5 78 91 6.6 -2.4
"65" "63" 2015-03-16 31.38 "BRK" "@" "MIN" "W" 16 0 23.6 0.68 0.6 5.6 18.9 12.9 25.6 0 2.8 25.4 28.8 118 111 13.5 3.1
"66" "64" 2015-03-18 31.39 "BRK" "@" "CLE" "L" -25 0 21 0.468 0.4 0 19.6 9.1 25.5 0 0 7.8 29.1 97 135 7.2 -5
"67" "65" 2015-03-20 31.39 "BRK" "" "MIL" "W" 2 0 40.9833333333333 0.505 0.455 2.6 14.3 9.2 28.1 2.6 0 29.6 18.9 89 104 9.8 -4.3
"68" "66" 2015-03-21 31.39 "BRK" "@" "IND" "W" 12 0 24.45 0.593 0.286 0 4.6 2.7 37.3 0 0 0 22.3 145 125 14.4 3.9
"69" "67" 2015-03-23 31.4 "BRK" "" "BOS" "L" -19 0 19.2 0.331 0.111 0 12.5 5.3 8.5 0 0 7.6 28.9 75 120 1.6 -11.7
"70" "68" 2015-03-25 31.41 "BRK" "@" "CHO" "W" 3 0 24 0.338 0.25 0 11.8 6.2 17.1 4.1 0 0 16.9 80 87 5.8 -1.4
"71" "69" 2015-03-27 31.41 "BRK" "" "CLE" "W" 8 0 25.5166666666667 0.512 0.462 0 17.9 8.7 32.8 3.8 0 11.3 30.3 105 95 12.4 5.2
"72" "70" 2015-03-29 31.42 "BRK" "" "LAL" "W" 8 0 14.3833333333333 0.875 0.875 0 14.5 7.8 20.9 3.5 0 42.9 22.4 90 103 5 -3.5
"73" "71" 2015-03-31 31.42 "BRK" "" "IND" "W" 5 0 18.8166666666667 0.477 0.364 0 6.2 3.3 34.2 0 0 12.8 40.2 97 119 6.4 -9.4
"74" "72" 2015-04-01 31.42 "BRK" "@" "NYK" "W" 2 0 15.0166666666667 0.509 0.417 0 8 4.2 46.2 0 0 0 22.8 131 120 7 1.5
"75" "73" 2015-04-03 31.43 "BRK" "" "TOR" "W" 5 0 9.7 0 0 0 13.4 6.1 10.8 0 0 20 23.3 15 127 -2.8 -28.7
"76" "74" 2015-04-04 31.43 "BRK" "@" "ATL" "L" -32 0 19.9666666666667 0.678 0.611 0 7.1 3.3 53.5 5.1 0 27.9 31.7 114 132 12.2 7.2
"77" "75" 2015-04-06 31.44 "BRK" "" "POR" "W" 10 0 11.3 0.5 0.5 0 18.9 8.8 11.6 0 0 25 15.9 80 108 1.6 -7.8
"78" "76" 2015-04-08 31.44 "BRK" "" "ATL" "L" -3 0 21.0666666666667 0.518 0.3 0 15.9 7.9 20 2.4 0 0 28 129 118 11 1
"79" "77" 2015-04-10 31.45 "BRK" "" "WAS" "W" 37 0 19.2666666666667 1.017 1 0 25.4 13.3 23 0 0 0 16.3 207 88 14.6 16.5
"80" "78" 2015-04-12 31.45 "BRK" "@" "MIL" "L" -23 0 23.5166666666667 0.506 0.45 0 15.3 6.4 21.7 2.1 0 15.5 23.1 92 101 6.1 1
"81" "79" 2015-04-13 31.46 "BRK" "" "CHI" "L" -27 0 25.4666666666667 0.519 0.5 0 4.8 2.1 20 0 0 21.7 32.6 85 129 5.7 -4.9
"82" "80" 2015-04-15 31.46 "BRK" "" "ORL" "W" 13 0 23.2833333333333 0.5 0.5 0 14.4 7.5 31.4 0 0 10 20.2 106 101 6.9 0
"1" "" 2015-10-28 32 "BRK" "" "CHI" "L" -15 NA NA NA NA NA NA NA NA NA NA NA NA NA NA NA NA
"2" "1" 2015-10-30 32.01 "BRK" "@" "SAS" "L" -27 1 26.95 0.462 0.462 0 25.4 12.1 56.4 1.9 0 13.3 27.1 90 104 10.6 5.7
"3" "2" 2015-10-31 32.01 "BRK" "@" "MEM" "L" -10 1 35.3666666666667 0.43 0.412 3.5 5.9 4.8 42.9 0 0 10.3 26.7 98 119 10.3 -2.8
"4" "3" 2015-11-02 32.01 "BRK" "" "MIL" "L" -7 1 34.5666666666667 0.568 0.5 0 12.6 5.9 19.1 0 0 27.5 23.7 91 117 6.4 -7.5
"5" "4" 2015-11-04 32.02 "BRK" "@" "ATL" "L" -14 1 27.1333333333333 0.3 0.3 8.4 15.2 11.5 28.8 0 3.3 16.7 19.7 79 114 2.7 -9.7
"6" "5" 2015-11-06 32.02 "BRK" "" "LAL" "L" -6 1 37.5833333333333 0.393 0.386 2.6 20.7 10.4 51.5 1.3 0 8 27.2 97 104 13.7 1.1
"7" "6" 2015-11-07 32.03 "BRK" "@" "MIL" "L" -8 1 29.7166666666667 0.442 0.35 0 21.5 10.4 11.1 0 0 30.6 24.3 71 107 2 -13.3
"8" "7" 2015-11-11 32.04 "BRK" "@" "HOU" "W" 8 1 27.6666666666667 0.35 0.35 0 19.6 9.9 28.3 1.8 0 9.1 16.4 97 103 6 -5.8
"9" "8" 2015-11-13 32.04 "BRK" "@" "SAC" "L" -2 1 33.05 0.708 0.55 0 2.9 1.5 50.2 1.4 0 6.3 20.3 155 115 23.9 11.9
"10" "9" 2015-11-14 32.05 "BRK" "@" "GSW" "L" -8 1 43.75 0.595 0.5 0 9.7 4.8 36.2 2.4 0 7.8 26.4 123 107 23.9 9.2
"11" "10" 2015-11-17 32.05 "BRK" "" "ATL" "W" 2 1 34.4833333333333 0.618 0.65 0 9.7 4.7 37.1 1.5 0 15 18.4 119 102 12.5 2
"12" "11" 2015-11-18 32.06 "BRK" "@" "CHO" "L" -5 1 33.4 0.621 0.583 0 28 13.4 36.6 0 5.2 18.9 20.8 112 112 15.9 4.5
"13" "12" 2015-11-20 32.06 "BRK" "@" "BOS" "L" -25 1 23.95 0.564 0.438 0 10.8 4.7 34.6 0 0 41.8 28.3 77 125 3.3 -11
"14" "13" 2015-11-22 32.07 "BRK" "" "BOS" "W" 10 1 32.7 0.714 0.636 0 13 7 19.8 1.6 0 11.5 23.8 140 111 18.1 3.8
"15" "14" 2015-11-25 32.08 "BRK" "@" "OKC" "L" -11 1 25.7166666666667 0.563 0.563 0 9.8 4.3 15.8 1.8 0 27.3 17.7 87 110 3.7 -6.2
"16" "15" 2015-11-28 32.08 "BRK" "@" "CLE" "L" -2 1 35.4 0.407 0.308 0 13.6 7.1 65.6 0 0 16.9 22.4 94 97 11.6 2.2
"17" "16" 2015-11-29 32.09 "BRK" "" "DET" "W" 4 1 26.7 0.557 0.5 0 14.3 8.8 25.9 1.8 0 33.6 25 82 84 5.8 -4.1
"18" "17" 2015-12-01 32.09 "BRK" "" "PHO" "W" 3 1 29.5833333333333 0.446 0.364 0 16.2 8 37.6 5.1 0 19.6 23.8 91 90 10.5 1.2
"19" "18" 2015-12-04 32.1 "BRK" "@" "NYK" "L" -17 1 23.6333333333333 0.417 0.417 0 13.8 6.6 5.8 2.1 0 25 14.7 69 112 1.4 -11.1
"20" "19" 2015-12-06 32.11 "BRK" "" "GSW" "L" -16 1 37.3833333333333 0.352 0.231 0 11.4 5.6 18.3 1.3 0 16.1 21.3 75 119 4.6 -9.2
"21" "20" 2015-12-08 32.11 "BRK" "" "HOU" "W" 5 1 37.4333333333333 0.563 0.5 3.4 12.8 8.2 28.9 3.9 0 36 15.9 101 105 11.4 -2.5
"22" "21" 2015-12-10 32.12 "BRK" "" "PHI" "W" 9 1 27.0833333333333 0.357 0.357 5.2 18.9 13.1 42.4 0 0 30 16.9 89 101 4.9 -4.5
"23" "22" 2015-12-12 32.12 "BRK" "" "LAC" "L" -5 1 37.2166666666667 0.573 0.45 0 15.7 7.5 47.5 1.3 0 17.7 20.2 118 109 15.8 4.9
"24" "23" 2015-12-14 32.13 "BRK" "" "ORL" "L" -23 1 26.3 0.67 0.611 0 24.7 11.1 58.4 0 0 21.1 24.9 116 114 13.3 5.8
"25" "24" 2015-12-16 32.13 "BRK" "" "MIA" "L" -6 1 35.65 0.628 0.536 0 8.2 3.4 41.3 3 0 10.2 26 128 116 21.4 9.4
"26" "25" 2015-12-18 32.14 "BRK" "@" "IND" "L" -7 1 38.9166666666667 0.719 0.633 0 23.6 11.8 28.3 3.9 4 14.2 24.6 131 100 26.2 14.5
"27" "26" 2015-12-20 32.15 "BRK" "" "MIN" "L" -15 1 29.6333333333333 0.222 0.222 0 12.1 5.7 33.8 1.7 0 25 19.3 53 107 -0.4 -14.6
"28" "27" 2015-12-21 32.15 "BRK" "@" "CHI" "W" 3 1 32 0.304 0.222 3.3 5.9 4.7 30 1.6 2.2 28.8 18.2 77 110 5.1 -7.2
"29" "28" 2015-12-23 32.15 "BRK" "" "DAL" "L" -1 1 45.0833333333333 0.424 0.357 2.7 14.2 7.6 20.3 1.2 0 11.5 17.2 108 123 10.9 -6.1
"30" "29" 2015-12-26 32.16 "BRK" "" "WAS" "L" -15 1 32.45 0.5 0.5 0 7.2 3.3 49.8 4.6 0 21.1 24.4 103 111 13 3.1
"31" "30" 2015-12-28 32.17 "BRK" "@" "MIA" "W" 6 1 30.3166666666667 0.753 0.563 3.4 10.6 6.9 32 3.4 0 20.1 21.4 141 111 18 8.8
"32" "31" 2015-12-30 32.17 "BRK" "@" "ORL" "L" -7 1 33.0333333333333 0.219 0.182 0 16.9 8.4 45.3 3.3 0 20.8 20 66 110 4.8 -8.1
"33" "32" 2016-01-02 32.18 "BRK" "@" "BOS" "W" 3 1 22.8 0.17 0 0 4 2.1 49.9 0 3.8 14.5 12.4 81 106 4 -1.3
"34" "" 2016-01-04 32.19 "BRK" "" "BOS" "L" -9 NA NA NA NA NA NA NA NA NA NA NA NA NA NA NA NA
"35" "" 2016-01-06 32.19 "BRK" "" "TOR" "L" -17 NA NA NA NA NA NA NA NA NA NA NA NA NA NA NA NA
"36" "" 2016-01-08 32.2 "BRK" "" "ORL" "L" -6 NA NA NA NA NA NA NA NA NA NA NA NA NA NA NA NA
"37" "" 2016-01-09 32.2 "BRK" "@" "DET" "L" -14 NA NA NA NA NA NA NA NA NA NA NA NA NA NA NA NA
"38" "" 2016-01-11 32.21 "BRK" "" "SAS" "L" -27 NA NA NA NA NA NA NA NA NA NA NA NA NA NA NA NA
"39" "" 2016-01-13 32.21 "BRK" "" "NYK" "W" 6 NA NA NA NA NA NA NA NA NA NA NA NA NA NA NA NA
"40" "" 2016-01-15 32.22 "BRK" "" "POR" "L" -12 NA NA NA NA NA NA NA NA NA NA NA NA NA NA NA NA
"41" "" 2016-01-16 32.22 "BRK" "@" "ATL" "L" -28 NA NA NA NA NA NA NA NA NA NA NA NA NA NA NA NA
"42" "" 2016-01-18 32.22 "BRK" "@" "TOR" "L" -12 NA NA NA NA NA NA NA NA NA NA NA NA NA NA NA NA
"43" "" 2016-01-20 32.23 "BRK" "" "CLE" "L" -13 NA NA NA NA NA NA NA NA NA NA NA NA NA NA NA NA
"44" "" 2016-01-22 32.24 "BRK" "" "UTA" "L" -22 NA NA NA NA NA NA NA NA NA NA NA NA NA NA NA NA
"45" "" 2016-01-24 32.24 "BRK" "" "OKC" "W" 10 NA NA NA NA NA NA NA NA NA NA NA NA NA NA NA NA
"46" "" 2016-01-26 32.25 "BRK" "" "MIA" "L" -4 NA NA NA NA NA NA NA NA NA NA NA NA NA NA NA NA
"47" "" 2016-01-29 32.25 "BRK" "@" "DAL" "L" -12 NA NA NA NA NA NA NA NA NA NA NA NA NA NA NA NA
"48" "" 2016-01-30 32.26 "BRK" "@" "NOP" "L" -2 NA NA NA NA NA NA NA NA NA NA NA NA NA NA NA NA
"49" "" 2016-02-01 32.26 "BRK" "" "DET" "L" -5 NA NA NA NA NA NA NA NA NA NA NA NA NA NA NA NA
"50" "" 2016-02-03 32.27 "BRK" "" "IND" "L" -14 NA NA NA NA NA NA NA NA NA NA NA NA NA NA NA NA
"51" "" 2016-02-05 32.27 "BRK" "" "SAC" "W" 9 NA NA NA NA NA NA NA NA NA NA NA NA NA NA NA NA
"52" "" 2016-02-06 32.28 "BRK" "@" "PHI" "L" -5 NA NA NA NA NA NA NA NA NA NA NA NA NA NA NA NA
"53" "" 2016-02-08 32.28 "BRK" "" "DEN" "W" 1 NA NA NA NA NA NA NA NA NA NA NA NA NA NA NA NA
"54" "" 2016-02-10 32.29 "BRK" "" "MEM" "L" -19 NA NA NA NA NA NA NA NA NA NA NA NA NA NA NA NA
"55" "" 2016-02-19 32.31 "BRK" "" "NYK" "W" 11 NA NA NA NA NA NA NA NA NA NA NA NA NA NA NA NA
"56" "" 2016-02-21 32.32 "BRK" "" "CHO" "L" -8 NA NA NA NA NA NA NA NA NA NA NA NA NA NA NA NA
"57" "" 2016-02-23 32.32 "BRK" "@" "POR" "L" -8 NA NA NA NA NA NA NA NA NA NA NA NA NA NA NA NA
"58" "" 2016-02-25 32.33 "BRK" "@" "PHO" "W" 10 NA NA NA NA NA NA NA NA NA NA NA NA NA NA NA NA
"59" "" 2016-02-27 32.33 "BRK" "@" "UTA" "W" 2 NA NA NA NA NA NA NA NA NA NA NA NA NA NA NA NA
"60" "" 2016-02-29 32.34 "BRK" "@" "LAC" "L" -10 NA NA NA NA NA NA NA NA NA NA NA NA NA NA NA NA
"61" "" 2016-03-01 32.34 "BRK" "@" "LAL" "L" -6 NA NA NA NA NA NA NA NA NA NA NA NA NA NA NA NA
"62" "" 2016-03-04 32.35 "BRK" "@" "DEN" "W" 1 NA NA NA NA NA NA NA NA NA NA NA NA NA NA NA NA
"63" "" 2016-03-05 32.35 "BRK" "@" "MIN" "L" -14 NA NA NA NA NA NA NA NA NA NA NA NA NA NA NA NA
"64" "" 2016-03-08 32.36 "BRK" "@" "TOR" "L" -5 NA NA NA NA NA NA NA NA NA NA NA NA NA NA NA NA
"65" "" 2016-03-11 32.37 "BRK" "@" "PHI" "L" -6 NA NA NA NA NA NA NA NA NA NA NA NA NA NA NA NA
"66" "" 2016-03-13 32.38 "BRK" "" "MIL" "L" -9 NA NA NA NA NA NA NA NA NA NA NA NA NA NA NA NA
"67" "" 2016-03-15 32.38 "BRK" "" "PHI" "W" 17 NA NA NA NA NA NA NA NA NA NA NA NA NA NA NA NA
"68" "" 2016-03-17 32.39 "BRK" "@" "CHI" "L" -16 NA NA NA NA NA NA NA NA NA NA NA NA NA NA NA NA
"69" "" 2016-03-19 32.39 "BRK" "@" "DET" "L" -12 NA NA NA NA NA NA NA NA NA NA NA NA NA NA NA NA
"70" "" 2016-03-22 32.4 "BRK" "" "CHO" "L" -5 NA NA NA NA NA NA NA NA NA NA NA NA NA NA NA NA
"71" "" 2016-03-24 32.41 "BRK" "" "CLE" "W" 9 NA NA NA NA NA NA NA NA NA NA NA NA NA NA NA NA
"72" "" 2016-03-26 32.41 "BRK" "" "IND" "W" 10 NA NA NA NA NA NA NA NA NA NA NA NA NA NA NA NA
"73" "" 2016-03-28 32.42 "BRK" "@" "MIA" "L" -11 NA NA NA NA NA NA NA NA NA NA NA NA NA NA NA NA
"74" "" 2016-03-29 32.42 "BRK" "@" "ORL" "L" -34 NA NA NA NA NA NA NA NA NA NA NA NA NA NA NA NA
"75" "" 2016-03-31 32.42 "BRK" "@" "CLE" "L" -20 NA NA NA NA NA NA NA NA NA NA NA NA NA NA NA NA
"76" "" 2016-04-01 32.43 "BRK" "@" "NYK" "L" -14 NA NA NA NA NA NA NA NA NA NA NA NA NA NA NA NA
"77" "" 2016-04-03 32.43 "BRK" "" "NOP" "L" -19 NA NA NA NA NA NA NA NA NA NA NA NA NA NA NA NA
"78" "" 2016-04-06 32.44 "BRK" "@" "WAS" "L" -18 NA NA NA NA NA NA NA NA NA NA NA NA NA NA NA NA
"79" "" 2016-04-08 32.45 "BRK" "@" "CHO" "L" -14 NA NA NA NA NA NA NA NA NA NA NA NA NA NA NA NA
"80" "" 2016-04-10 32.45 "BRK" "@" "IND" "L" -24 NA NA NA NA NA NA NA NA NA NA NA NA NA NA NA NA
"81" "" 2016-04-11 32.45 "BRK" "" "WAS" "L" -9 NA NA NA NA NA NA NA NA NA NA NA NA NA NA NA NA
"82" "" 2016-04-13 32.46 "BRK" "" "TOR" "L" -7 NA NA NA NA NA NA NA NA NA NA NA NA NA NA NA NA
"1" "1" 2017-02-25 33.33 "NOP" "@" "DAL" "L" -13 0 25.2833333333333 0.773 0.667 0 0 0 27.9 2 0 34 10.3 114 103 4.9 -2
"2" NA 2017-02-26 33.33 "NOP" "@" "OKC" "L" -8 NA NA NA NA NA NA NA NA NA NA NA NA NA NA NA NA
"3" "2" 2017-03-01 33.34 "NOP" "" "DET" "W" 23 0 7.8 NA NA 0 0 0 15.8 6.6 0 100 6 46 92 0.7 0.6
"4" NA 2017-03-03 33.35 "NOP" "" "SAS" "L" -3 NA NA NA NA NA NA NA NA NA NA NA NA NA NA NA NA
"5" NA 2017-03-05 33.35 "NOP" "@" "LAL" "W" 8 NA NA NA NA NA NA NA NA NA NA NA NA NA NA NA NA
"1" "" 2017-10-19 33.98 "NYK" "@" "OKC" "L" -21 NA NA NA NA NA NA NA NA NA NA NA NA NA NA NA NA
"2" "" 2017-10-21 33.98 "NYK" "" "DET" "L" -4 NA NA NA NA NA NA NA NA NA NA NA NA NA NA NA NA
"3" "1" 2017-10-24 33.99 "NYK" "@" "BOS" "L" -21 0 17.6166666666667 0.4 0.4 0 14.7 6.5 17.8 0 0 0 12.4 96 122 2.5 -7
"4" "2" 2017-10-27 34 "NYK" "" "BRK" "W" 21 1 25.5 0.508 0.5 3.8 27.5 14.6 24.5 2 0 11.3 14.4 123 91 9.1 3.3
"5" "3" 2017-10-29 34 "NYK" "@" "CLE" "W" 19 1 33.5166666666667 0.125 0.125 0 9.1 4.7 31.8 1.4 3 20 12.8 71 99 2.9 -6.6
"6" "4" 2017-10-30 34.01 "NYK" "" "DEN" "W" 6 1 32.3 0.6 0.6 0 8.7 5.2 40.7 3 0 28.6 9.1 133 114 11.2 3.2
"7" "5" 2017-11-01 34.01 "NYK" "" "HOU" "L" -22 1 20.2333333333333 0.222 0.222 0 10.5 5.4 13.9 0 0 10 20.7 51 121 -0.9 -15.2
"8" "6" 2017-11-03 34.02 "NYK" "" "PHO" "W" 13 1 29.65 0.258 0 0 18.9 11.8 28.8 0 0 34 8.7 93 108 5.2 -5.9
"9" "7" 2017-11-05 34.02 "NYK" "" "IND" "W" 7 1 24.2333333333333 0.667 0.667 4.7 10.4 7.4 16.5 2.1 0 0 11 152 111 8.2 0.5
"10" "8" 2017-11-07 34.03 "NYK" "" "CHO" "W" 5 1 22.4333333333333 0.429 0.429 0 4.7 2.9 27.7 0 0 0 14.9 121 130 5.7 -6.6
"11" "9" 2017-11-08 34.03 "NYK" "@" "ORL" "L" -13 1 25.0333333333333 0.75 0.75 5.5 10.7 8.1 26.4 0 0 60 17.6 75 123 2 -11.7
"12" "10" 2017-11-11 34.04 "NYK" "" "SAC" "W" 27 1 24.85 0.833 0.833 0 9 4.7 26.9 0 0 40 9 126 104 6.1 -1.5
"13" "11" 2017-11-13 34.04 "NYK" "" "CLE" "L" -3 1 23.7 0.2 0.2 0 8.1 4.2 28.1 0 0 37.5 14.1 55 114 -0.8 -14.2
"14" "12" 2017-11-15 34.05 "NYK" "" "UTA" "W" 5 1 28.0166666666667 0.7 0.7 0 4.1 2.1 26.1 0 0 28.6 11.6 119 122 5.7 -2.4
"15" "13" 2017-11-17 34.05 "NYK" "@" "TOR" "L" -23 1 27.4 0.571 0.571 6.9 10.9 8.4 53.3 0 0 12.5 13 129 124 10.6 2.1
"16" "14" 2017-11-20 34.06 "NYK" "" "LAC" "W" 22 1 24.9166666666667 0.739 0.714 0 8.2 4.4 49.4 2 0 11.8 14.3 157 92 12.8 11.2
"17" "15" 2017-11-22 34.07 "NYK" "" "TOR" "W" 8 1 31.8166666666667 0.167 0.167 0 13.1 6.8 7.3 3.2 0 25 10.8 42 105 0.4 -12.3
"18" "16" 2017-11-24 34.07 "NYK" "@" "ATL" "L" -12 1 32.7833333333333 0.592 0.563 0 12.7 7.5 60 0 0 19.2 14.7 136 123 15 3.4
"19" "17" 2017-11-25 34.08 "NYK" "@" "HOU" "L" -15 1 32.5166666666667 0.5 0.5 0 17.2 9 34.1 1.5 0 16.7 15.9 101 117 10.7 0.1
"20" "18" 2017-11-27 34.08 "NYK" "" "POR" "L" -12 1 20.5666666666667 0.357 0.357 0 16.7 7.3 23.1 0 0 22.2 19 71 110 1.9 -6.3
"21" "19" 2017-11-29 34.09 "NYK" "" "MIA" "W" 29 1 23.9833333333333 0.333 0.333 0 11.3 7.2 33.4 2.1 0 25 7.7 115 92 5.3 0.4
"22" "20" 2017-12-03 34.1 "NYK" "" "ORL" "L" -5 1 27.6833333333333 0.45 0.45 0 16.1 8 33.7 0 0 23.1 20.2 90 112 5.9 -3.8
"23" "21" 2017-12-04 34.1 "NYK" "@" "IND" "L" -18 1 16.95 0.333 0.333 0 16.2 6.5 38.1 0 0 0 7.4 122 119 4 -3.6
"24" "22" 2017-12-06 34.11 "NYK" "" "MEM" "W" 11 1 27.1 0.654 0.6 0 29.5 15.4 59.7 0 0 11.6 16.1 152 106 13.5 6
"25" "23" 2017-12-09 34.12 "NYK" "@" "CHI" "L" -2 1 28.4833333333333 0.429 0.429 4.2 8.4 6.3 17.8 1.7 0 30 15.5 79 109 4.4 -7.5
"26" "24" 2017-12-10 34.12 "NYK" "" "ATL" "W" 4 1 26.1166666666667 0.675 0.636 5.3 11.1 8.1 28.1 0 0 17.6 29.3 120 116 13.2 0.4
"27" "25" 2017-12-12 34.12 "NYK" "" "LAL" "W" 4 1 25.8666666666667 0.218 0.167 0 22.8 12.2 44.6 0 0 22.5 15.2 87 107 5.6 -5.1
"28" "26" 2017-12-14 34.13 "NYK" "@" "BRK" "W" 7 1 22.4333333333333 0.5 0.5 4.9 5.5 5.2 18.6 2.2 0 20 19.2 97 113 5.7 -2.9
"29" "27" 2017-12-16 34.13 "NYK" "" "OKC" "W" 15 1 34.9166666666667 0.785 0.7 8.6 18.3 14.3 28.4 4.7 0 28.2 15.7 142 102 16.6 7.1
"30" "28" 2017-12-18 34.14 "NYK" "@" "CHO" "L" -18 1 24.65 0.551 0.5 0 5 2.3 51.9 0 0 15.5 22.4 109 119 9.4 -0.5
"31" "29" 2017-12-21 34.15 "NYK" "" "BOS" "W" 9 1 23.3333333333333 0.551 0.5 5.6 17.5 12.2 16 2.2 0 15.5 24.7 108 100 8.9 1.2
"32" "30" 2017-12-22 34.15 "NYK" "@" "DET" "L" -3 1 28.1 0.4 0.4 0 20.5 10.8 25.3 1.8 0 28.6 10.5 92 109 3.9 -8.6
"33" "31" 2017-12-25 34.16 "NYK" "" "PHI" "L" -7 1 21.4666666666667 0 0 0 11.5 4.8 41.2 4.7 0 37.5 15.4 39 107 -0.6 -10.4
"34" "32" 2017-12-27 34.16 "NYK" "@" "CHI" "L" -5 1 19.6666666666667 0.619 0.625 0 20.3 9.7 78.7 0 0 25.3 26.7 106 95 10.8 6.5
"35" "33" 2017-12-28 34.17 "NYK" "@" "SAS" "L" -12 1 31 0.337 0.273 3.4 11.1 7.1 21.3 0 0 0 16.9 96 132 5.8 -10.5
"36" "34" 2017-12-30 34.17 "NYK" "@" "NOP" "W" 2 1 24.0166666666667 0.508 0.423 0 17.4 8.1 45.1 2 0 0 27 118 104 14.6 8.2
"37" "35" 2018-01-02 34.18 "NYK" "" "SAS" "L" -9 1 32.6833333333333 0.41 0.3 0 11.3 5.9 24 3.2 0 7.6 17.8 97 108 8.3 -1.5
"38" "36" 2018-01-03 34.18 "NYK" "@" "WAS" "L" -18 1 27.7666666666667 0.421 0.455 3.9 5.1 4.4 21.4 0 0 25.2 25.4 75 130 2.9 -12.5
"39" "37" 2018-01-05 34.19 "NYK" "@" "MIA" "L" -4 1 33.6833333333333 0.333 0.333 0 6.8 3.8 24.1 1.6 0 20 21.6 71 117 2.1 -10.6
"40" "38" 2018-01-07 34.19 "NYK" "@" "DAL" "W" 4 1 25.0166666666667 0.676 0.625 0 9.9 5.8 54 0 2.8 25.3 21.1 119 101 11 3.6
"41" "39" 2018-01-10 34.2 "NYK" "" "CHI" "L" -3 1 40.0666666666667 0.615 0.615 3 26.1 14.6 39.7 2.6 0 27.8 21.1 108 106 16.3 1.2
"42" "40" 2018-01-12 34.21 "NYK" "@" "MIN" "L" -10 1 33.45 0.699 0.667 0 3.3 1.8 32.8 1.5 0 13.4 20.7 139 129 16.5 3.3
"43" "41" 2018-01-14 34.21 "NYK" "" "NOP" "L" -5 1 36.75 0.739 0.714 3.3 9.4 6.4 34.9 3.8 0 25.2 22.6 120 107 19.4 6.3
"44" "42" 2018-01-15 34.22 "NYK" "@" "BRK" "W" 15 1 12.7666666666667 0.4 0.4 0 0 0 32.7 0 0 16.7 21 88 115 1.2 -14
"45" "43" 2018-01-17 34.22 "NYK" "@" "MEM" "L" -6 1 28.3666666666667 0.2 0.2 0 10.6 5.7 40.6 0 0 37.5 12.8 68 121 1.6 -12.5
"46" "44" 2018-01-19 34.23 "NYK" "@" "UTA" "W" 2 1 28.0666666666667 0.5 0.5 0 3.9 1.9 26.4 0 0 14.3 10.8 114 120 5.3 -4.5
"47" "45" 2018-01-21 34.23 "NYK" "@" "LAL" "L" -20 1 25.7166666666667 0.273 0.273 5.5 9.8 7.8 48.6 2 0 21.4 25.5 87 137 5.8 -9.5
"48" "46" 2018-01-23 34.24 "NYK" "@" "GSW" "L" -11 1 28.9333333333333 0.658 0.611 0 9.5 4.5 27.4 1.7 0 16.8 18.9 120 123 11.3 1.6
"49" "47" 2018-01-25 34.24 "NYK" "@" "DEN" "L" -12 1 26.1666666666667 0.333 0.333 0 11.5 5.6 37.2 1.8 3.5 10 17.9 93 129 7.8 -4.5
"50" "48" 2018-01-26 34.25 "NYK" "@" "PHO" "W" 22 1 21.3333333333333 0.361 0.286 0 8.8 4.9 30.8 0 0 10.7 18.9 94 96 3.4 -7.9
"51" "49" 2018-01-30 34.26 "NYK" "" "BRK" "W" 16 1 19.9 0.25 0.25 0 5.2 2.5 26.4 0 0 0 8.7 99 106 2.3 -7.3
"52" "50" 2018-01-31 34.26 "NYK" "@" "BOS" "L" -30 1 20.2166666666667 0.2 0.2 0 17.8 7.7 37.1 0 0 16.7 12.9 55 111 1.6 -8.1
"53" "51" 2018-02-02 34.27 "NYK" "@" "MIL" "L" -2 1 31.55 0.564 0.438 9.1 14.2 11.5 33.9 3.3 0 23.5 17 113 97 13.4 6.4
"54" "52" 2018-02-04 34.27 "NYK" "" "ATL" "L" -3 1 26.9 0.55 0.55 0 4 1.9 22.3 0 0 23.1 20.1 98 116 5.3 -5.4
"55" "53" 2018-02-06 34.28 "NYK" "" "MIL" "L" -14 1 17.0333333333333 0.167 0.167 0 0 0 24.7 0 0 14.3 17.5 51 112 -1.1 -13.2
"56" "54" 2018-02-08 34.28 "NYK" "@" "TOR" "L" -25 1 23.0333333333333 0.672 0.643 0 8.9 4.4 50.7 0 4 28.7 20.5 106 118 8.4 2
"57" "55" 2018-02-11 34.29 "NYK" "@" "IND" "L" -8 1 8.13333333333333 0.532 0 11.8 12 11.9 0 0 0 0 9.6 142 126 2.3 -5.9
"58" "56" 2018-02-12 34.29 "NYK" "@" "PHI" "L" -16 1 17.5833333333333 0.814 0.7 0 8.3 3.9 0 0 0 30.7 24.2 108 117 6 -0.2
"59" "57" 2018-02-14 34.3 "NYK" "" "WAS" "L" -5 1 27.5333333333333 0.425 0.3 0 9.4 4 20.2 1.7 0 14.5 10.4 104 118 5.6 -4
"60" "" 2018-02-22 34.32 "NYK" "@" "ORL" "W" 7 NA NA NA NA NA NA NA NA NA NA NA NA NA NA NA NA
"61" "" 2018-02-24 34.33 "NYK" "" "BOS" "L" -9 NA NA NA NA NA NA NA NA NA NA NA NA NA NA NA NA
"62" "" 2018-02-26 34.33 "NYK" "" "GSW" "L" -14 NA NA NA NA NA NA NA NA NA NA NA NA NA NA NA NA
"63" "" 2018-03-02 34.34 "NYK" "@" "LAC" "L" -23 NA NA NA NA NA NA NA NA NA NA NA NA NA NA NA NA
"64" "" 2018-03-04 34.35 "NYK" "@" "SAC" "L" -3 NA NA NA NA NA NA NA NA NA NA NA NA NA NA NA NA
"65" "" 2018-03-06 34.35 "NYK" "@" "POR" "L" -24 NA NA NA NA NA NA NA NA NA NA NA NA NA NA NA NA
"66" "" 2018-03-09 34.36 "NYK" "@" "MIL" "L" -8 NA NA NA NA NA NA NA NA NA NA NA NA NA NA NA NA
"67" "" 2018-03-11 34.37 "NYK" "" "TOR" "L" -26 NA NA NA NA NA NA NA NA NA NA NA NA NA NA NA NA
"68" "" 2018-03-13 34.37 "NYK" "" "DAL" "L" -13 NA NA NA NA NA NA NA NA NA NA NA NA NA NA NA NA
"69" "" 2018-03-15 34.38 "NYK" "" "PHI" "L" -8 NA NA NA NA NA NA NA NA NA NA NA NA NA NA NA NA
"70" "58" 2018-03-17 34.38 "NYK" "" "CHO" "W" 23 0 7.03333333333333 0.5 0.5 0 0 0 19.3 0 0 20 29.4 88 112 1.7 -9.5
"71" "" 2018-03-19 34.39 "NYK" "" "CHI" "W" 18 NA NA NA NA NA NA NA NA NA NA NA NA NA NA NA NA
"72" "" 2018-03-21 34.39 "NYK" "@" "MIA" "L" -21 NA NA NA NA NA NA NA NA NA NA NA NA NA NA NA NA
"73" "" 2018-03-23 34.4 "NYK" "" "MIN" "L" -4 NA NA NA NA NA NA NA NA NA NA NA NA NA NA NA NA
"74" "" 2018-03-25 34.41 "NYK" "@" "WAS" "W" 4 NA NA NA NA NA NA NA NA NA NA NA NA NA NA NA NA
"75" "" 2018-03-26 34.41 "NYK" "@" "CHO" "L" -9 NA NA NA NA NA NA NA NA NA NA NA NA NA NA NA NA
"76" "" 2018-03-28 34.41 "NYK" "@" "PHI" "L" -17 NA NA NA NA NA NA NA NA NA NA NA NA NA NA NA NA
"77" "" 2018-03-31 34.42 "NYK" "" "DET" "L" -6 NA NA NA NA NA NA NA NA NA NA NA NA NA NA NA NA
"78" "" 2018-04-03 34.43 "NYK" "" "ORL" "L" -24 NA NA NA NA NA NA NA NA NA NA NA NA NA NA NA NA
"79" "59" 2018-04-06 34.44 "NYK" "" "MIA" "W" 24 0 12 0.333 0.333 0 16.3 8.6 19.5 0 0 40 18.1 61 103 -0.5 -17.2
"80" "60" 2018-04-07 34.44 "NYK" "" "MIL" "L" -13 0 25.65 0.587 0.536 0 21.8 10.2 47 0 0 6.1 28.3 126 123 16.4 5.7
"81" "61" 2018-04-09 34.45 "NYK" "" "CLE" "L" -14 0 8.25 0.333 0.333 13.5 16.2 14.7 29 0 0 0 16.4 112 131 2.3 -5.4
"82" "62" 2018-04-11 34.45 "NYK" "@" "CLE" "W" 12 0 19.15 0.615 0.5 6.4 10.4 8.6 26.4 0 0 0 11.6 157 108 8.1 0.5
