"Rk" "G" "Date" "Age" "Tm" "H/A" "Opp" "W/L" "By Amt" "GS" "MP" "TS%" "eFG%" "ORB%" "DRB%" "TRB%" "AST%" "STL%" "BLK%" "TOV%" "USG%" "ORtg" "DRtg" "GmSc" "BPM"
"1" "1" 2003-10-29 18.83 "CLE" "@" "SAC" "L" -14 1 42.8333333333333 0.586 0.6 6 10.9 8.6 39.1 5 0 8.6 25.6 123 112 24.7 10.8
"2" "2" 2003-10-30 18.83 "CLE" "@" "PHO" "L" -9 1 40.35 0.523 0.5 5.6 22.5 14.9 33.9 1.2 0 25.8 28.5 89 97 14.7 1
"3" "3" 2003-11-01 18.84 "CLE" "@" "POR" "L" -19 1 39.1666666666667 0.311 0.25 0 13.3 6.6 23.6 2.7 0 13.4 18.2 74 112 5 -6.5
"4" "4" 2003-11-05 18.85 "CLE" "" "DEN" "L" -4 1 41.1 0.306 0.273 4.9 21.1 13.1 27.8 2.5 5.1 14.9 13.7 85 95 11.2 2
"5" "5" 2003-11-07 18.85 "CLE" "@" "IND" "L" -1 1 43.7333333333333 0.546 0.472 0 12.4 6.3 12 0 0 24.9 30.7 85 112 9 -7.3
"6" "6" 2003-11-08 18.86 "CLE" "" "WAS" "W" 13 1 44.5 0.409 0.421 14.8 7.3 10.7 27.1 1.1 1.5 8.8 22.3 104 108 15.7 -1.4
"7" "7" 2003-11-10 18.86 "CLE" "" "NYK" "W" 14 1 33.65 0.708 0.708 3.4 13.4 8.5 21.6 1.6 2.3 14.3 19.1 121 92 15.8 7.7
"8" "8" 2003-11-12 18.87 "CLE" "@" "MIA" "L" -5 1 42.6666666666667 0.51 0.467 2.7 5.7 4.2 31.8 2.6 1.8 18.5 24.4 96 101 12.8 2.1
"9" "9" 2003-11-14 18.87 "CLE" "@" "BOS" "L" -9 1 35.6 0.363 0.333 2.9 11.9 7.4 18 0 0 22.5 23 70 112 0.8 -9.3
"10" "10" 2003-11-15 18.88 "CLE" "" "PHI" "W" 3 1 46.95 0.53 0.526 0 9.6 5.3 33.8 1.1 2.6 19.4 25.5 95 92 15.6 2.5
"11" "11" 2003-11-18 18.88 "CLE" "" "LAC" "W" 8 1 39.4166666666667 0.394 0.375 6 10.3 8.5 31.1 0 1.6 14.5 23.1 92 106 9.8 -4.2
"12" "12" 2003-11-19 18.89 "CLE" "@" "WAS" "L" -11 1 39.15 0.651 0.611 7.1 10.9 9.4 40 2.6 1.6 15.7 29.2 123 114 25 10.3
"13" "13" 2003-11-21 18.89 "CLE" "" "MIN" "L" -14 1 35.3 0.468 0.421 6.5 20.3 13.8 11.9 1.6 0 4.7 27.8 108 111 12.2 1
"14" "14" 2003-11-22 18.9 "CLE" "@" "ATL" "L" -9 1 42.3 0.368 0.188 4.3 9.9 6.9 17.9 2.5 1.5 12.8 23.9 84 101 9.3 -3.6
"15" "15" 2003-11-26 18.91 "CLE" "@" "NOH" "L" -10 1 38.8 0.4 0.324 4.9 15.7 10.2 50.7 0 0 17.6 25.8 82 93 10.2 -0.2
"16" "16" 2003-11-28 18.91 "CLE" "@" "DET" "L" -4 1 36.45 0.322 0.25 0 5.6 3 28 0 0 30 16.9 66 107 1.1 -9.6
"17" "17" 2003-11-29 18.92 "CLE" "" "MEM" "L" -7 1 54.6833333333333 0.563 0.554 3.7 26.4 14.9 22.9 1 1.4 21.4 29.4 100 109 22.4 2.8
"18" "18" 2003-12-02 18.92 "CLE" "@" "DEN" "L" -12 1 32.5166666666667 0.43 0.368 9 11.8 10.2 22.7 3 0 8.3 27.9 112 115 12.2 1.5
"19" "19" 2003-12-03 18.93 "CLE" "@" "LAC" "L" -10 1 34.0833333333333 0.154 0.154 12 6 9 40.1 3.1 0 27.8 24.4 54 99 0.9 -10.5
"20" "20" 2003-12-06 18.93 "CLE" "" "ATL" "W" 10 1 36.0666666666667 0.333 0.333 3.4 17.1 10.3 22.5 3.2 2 20 20.3 75 98 5.8 -5.7
"21" "21" 2003-12-09 18.94 "CLE" "" "TOR" "L" -7 1 37.05 0.507 0.438 0 18 8 14.5 1.4 0 10.1 24 101 109 11.4 -2.6
"22" "22" 2003-12-11 18.95 "CLE" "" "DET" "W" 9 1 42.7666666666667 0.469 0.405 4 5 4.6 38.5 1.2 1.6 14 31.5 105 100 14.8 0.2
"23" "23" 2003-12-13 18.95 "CLE" "" "BOS" "L" -7 1 45.4166666666667 0.663 0.525 2.4 5.6 3.9 16.8 0 0 6.7 27.9 150 124 27.5 7.8
"24" "24" 2003-12-15 18.96 "CLE" "@" "IND" "L" -10 1 43.6666666666667 0.692 0.625 3.5 8 6.1 27.2 3.5 4.9 23.5 28.3 109 101 23.9 9.5
"25" "25" 2003-12-17 18.96 "CLE" "" "HOU" "L" -4 1 36 0.428 0.421 0 3.5 1.5 18.5 0 0 9.1 27.5 83 106 5.7 -3.9
"26" "26" 2003-12-19 18.97 "CLE" "@" "PHI" "W" 7 1 41.6833333333333 0.711 0.688 3 10.7 6.5 30.1 5.4 0 13.6 34 126 92 29.5 17.9
"27" "27" 2003-12-20 18.97 "CLE" "@" "CHI" "W" 8 1 41.7333333333333 0.587 0.5 2.7 10 6.9 55.9 2.4 3.2 12.8 34.6 114 92 28 11.5
"28" "28" 2003-12-23 18.98 "CLE" "" "NOH" "W" 11 1 39.1666666666667 0.431 0.341 5.5 10.7 8.1 11.5 8.3 1.9 16.4 33.3 88 85 14.3 4.4
"29" "29" 2003-12-25 18.99 "CLE" "@" "ORL" "L" -12 1 47.1 0.563 0.536 3.9 2.4 3 27.8 2.5 1.3 20.9 40.7 103 126 19.1 0.8
"30" "30" 2003-12-26 18.99 "CLE" "" "CHI" "L" -7 1 34.3333333333333 0.349 0.313 3 6.4 4.7 22.5 1.7 4 16.3 43.3 70 106 5.1 -6.9
"31" "31" 2003-12-28 18.99 "CLE" "" "POR" "W" 12 1 39.0833333333333 0.67 0.652 9.5 17.9 14.1 53.9 4.3 0 17.3 36.9 120 82 30 18.1
"32" "32" 2003-12-30 19 "CLE" "" "IND" "L" -3 1 38.1166666666667 0.486 0.45 7.7 22.5 16.2 19.7 0 0 15 34.1 97 108 12.6 -3.8
"33" "33" 2004-01-02 19.01 "CLE" "@" "NJN" "L" -15 1 36.0666666666667 0.337 0.316 3.2 10 6.5 44.5 1.4 0 12.6 29.9 76 108 7.4 -4.1
"34" "34" 2004-01-06 19.02 "CLE" "" "NYK" "W" 11 1 41.4166666666667 0.391 0.353 0 10.2 5.9 36.6 1.2 1.7 18.3 23.4 87 104 10 -3.3
"35" "35" 2004-01-07 19.02 "CLE" "@" "TOR" "L" -6 1 38.2333333333333 0.44 0.435 0 5.4 2.6 36.4 0 0 7.7 32.3 99 102 9.4 2.9
"36" "36" 2004-01-09 19.03 "CLE" "@" "BOS" "L" -25 1 42.2166666666667 0.43 0.368 0 7.6 3.3 33.2 3.4 0 18.5 25.2 84 107 10.4 -0.1
"37" "37" 2004-01-12 19.04 "CLE" "@" "LAL" "L" -10 1 36.4333333333333 0.36 0.3 2.4 9.1 5.8 42.8 1.3 1.5 21.3 31.7 71 96 5.3 -1.9
"38" "38" 2004-01-13 19.04 "CLE" "@" "SEA" "W" 8 1 43.9 0.471 0.423 9.5 11.4 10.4 33.9 2.4 0 12.3 32.9 106 108 20.6 2.4
"39" "39" 2004-01-15 19.04 "CLE" "@" "GSW" "L" -17 1 43.4166666666667 0.543 0.429 4.5 10.9 7.4 24.7 3.7 0 7 29.4 122 130 24.5 5.9
"40" "40" 2004-01-17 19.05 "CLE" "@" "UTA" "W" 6 1 44.4166666666667 0.48 0.464 2.5 18.6 9.7 12.5 2.3 2.1 11.7 33.6 97 95 15.2 3.2
"41" "" 2004-01-20 19.06 "CLE" "" "SEA" "W" 5 NA NA NA NA NA NA NA NA NA NA NA NA NA NA NA NA
"42" "" 2004-01-22 19.06 "CLE" "" "SAC" "L" -6 NA NA NA NA NA NA NA NA NA NA NA NA NA NA NA NA
"43" "" 2004-01-24 19.07 "CLE" "" "PHI" "W" 8 NA NA NA NA NA NA NA NA NA NA NA NA NA NA NA NA
"44" "41" 2004-01-26 19.07 "CLE" "" "ORL" "W" 1 1 29.9666666666667 0.402 0.395 0 22.9 8.8 19.4 0 6.2 13.1 32 77 104 5.5 -5.9
"45" "42" 2004-01-28 19.08 "CLE" "" "MIA" "W" 1 1 44.4 0.459 0.4 0 16.5 7.9 16.7 2.5 1.7 3.3 33.2 103 107 17.9 1
"46" "43" 2004-01-30 19.08 "CLE" "@" "MIL" "L" -6 1 37.2833333333333 0.351 0.3 4.9 18.5 10.9 14.5 1.4 0 14.9 37.4 74 109 3.4 -11
"47" "44" 2004-02-01 19.09 "CLE" "@" "WAS" "W" 4 1 43.4 0.597 0.537 10.1 7.6 8.7 20 0 3.1 15.9 38 109 105 23.5 1.5
"48" "45" 2004-02-03 19.1 "CLE" "@" "DET" "W" 3 1 38.1833333333333 0.302 0.263 2.6 8.2 5.4 26.4 2.9 0 4.8 26.2 79 96 6.7 -2.2
"49" "46" 2004-02-04 19.1 "CLE" "" "LAL" "L" -5 1 43.0833333333333 0.567 0.538 0 11.2 5 20.4 0 0 0 30.3 121 119 22.2 8.8
"50" "47" 2004-02-06 19.1 "CLE" "@" "MIN" "L" -11 1 44.5833333333333 0.354 0.361 3.4 21.8 13.6 19.2 0 0 13.2 24.9 77 120 5.4 -9.2
"51" "48" 2004-02-07 19.11 "CLE" "" "WAS" "L" -18 1 34.0666666666667 0.415 0.375 0 0 0 29.7 6.3 2.2 15.1 26.5 84 113 10.3 0.4
"52" "49" 2004-02-09 19.11 "CLE" "" "BOS" "W" 8 1 43.3 0.434 0.38 0 14.3 7 14 2.4 1.6 3.5 28.8 100 95 14.1 1.5
"53" "50" 2004-02-11 19.12 "CLE" "" "NJN" "L" -20 1 29.5333333333333 0.296 0.154 3 3.8 3.3 26.1 1.7 0 24.8 28.1 64 115 1.2 -10.3
"54" "51" 2004-02-18 19.14 "CLE" "" "DAL" "L" -16 1 33.65 0.581 0.5 6.4 5.8 6.1 41.6 0 1.7 26.7 25.2 102 127 13.2 0.4
"55" "52" 2004-02-20 19.14 "CLE" "" "SAS" "W" 2 1 39.6166666666667 0.646 0.609 5.6 22.2 14.4 12.5 2.5 1.6 7.5 29.7 125 85 27.7 16.8
"56" "53" 2004-02-22 19.15 "CLE" "@" "NYK" "W" 6 1 43.7833333333333 0.435 0.35 2.3 7.7 5.2 14 1.2 0 3.8 27.2 99 99 12.4 1.4
"57" "54" 2004-02-23 19.15 "CLE" "" "NOH" "W" 4 1 36.6 0.563 0.469 0 14.8 6.8 27 2.9 11.9 5.1 25.6 119 106 21.3 9.3
"58" "55" 2004-02-25 19.16 "CLE" "@" "HOU" "L" -6 1 38.6333333333333 0.285 0.278 4.7 12.8 8.6 21.3 2.8 1.8 9.4 24.6 72 101 6.3 -3.5
"59" "56" 2004-02-27 19.16 "CLE" "@" "ORL" "W" 5 1 49.2166666666667 0.666 0.605 2.5 23.5 13.4 11.5 3.1 1.4 18.2 24.8 117 99 24.8 6
"60" "57" 2004-03-01 19.17 "CLE" "@" "CHI" "L" -11 1 40.8 0.458 0.412 0 6.9 3.5 16.1 5.5 1.9 13.3 24 95 104 12 2.7
"61" "58" 2004-03-03 19.18 "CLE" "" "ATL" "W" 32 1 27.6 0.611 0.559 3.6 20.2 12.2 20.1 1.8 2.5 4.8 29.6 131 84 20.6 13.3
"62" "59" 2004-03-05 19.18 "CLE" "@" "NOH" "W" 3 1 37.7833333333333 0.506 0.471 5.3 11.5 8.3 18.6 3 0 17.6 26.5 99 97 10.9 1.4
"63" "60" 2004-03-06 19.18 "CLE" "" "MIL" "W" 9 1 42.7 0.474 0.458 5.6 14 9.8 35.2 4.5 1.6 7.3 27.8 104 92 22.6 7.7
"64" "61" 2004-03-08 19.19 "CLE" "@" "ATL" "W" 6 1 45.1 0.592 0.5 5.3 10.7 8 29.6 1.1 0 6.5 29.8 127 110 27.6 6.4
"65" "62" 2004-03-10 19.19 "CLE" "@" "TOR" "W" 14 1 33.7666666666667 0.435 0.308 3.7 5.9 4.9 15.5 1.6 0 11.1 25.4 98 109 8.4 -6.4
"66" "63" 2004-03-14 19.21 "CLE" "" "IND" "W" 3 1 44.15 0.547 0.545 0 9.6 5 15.1 3.8 1.7 14.4 29.7 101 117 16.8 -2.2
"67" "64" 2004-03-16 19.21 "CLE" "" "CHI" "W" 24 1 32.1333333333333 0.435 0.375 9 6 7.5 34.8 0 9.5 17 28.1 103 93 14 5.6
"68" "65" 2004-03-19 19.22 "CLE" "" "UTA" "L" -9 1 34.2666666666667 0.38 0.286 0 0 0 40.4 3.5 2 9.8 29.4 92 118 8.6 -0.5
"69" "66" 2004-03-21 19.22 "CLE" "" "DET" "L" -20 1 36.75 0.391 0.324 6.3 16.3 11.2 17.9 0 4.2 17.2 31.6 76 115 5.5 -6
"70" "67" 2004-03-23 19.23 "CLE" "" "PHO" "L" -17 1 40.9666666666667 0.501 0.429 2.2 3.8 2.8 38.4 3.8 1.7 16.7 29 100 112 16.6 8.2
"71" "68" 2004-03-26 19.24 "CLE" "@" "PHI" "L" -15 1 32.7666666666667 0.472 0.423 7.7 4.2 6 51.6 0 2.4 22.8 36 88 125 9.2 -0.1
"72" "69" 2004-03-27 19.24 "CLE" "" "NJN" "W" 3 1 43.8 0.614 0.534 6.2 12.1 9.2 55.3 3.7 0 5.6 37.8 137 111 39 17.1
"73" "70" 2004-03-29 19.25 "CLE" "@" "SAS" "L" -8 1 31.6666666666667 0.45 0.45 0 7.5 3.8 25.5 0 2 9.1 31.9 91 118 9.7 -2.1
"74" "71" 2004-03-30 19.25 "CLE" "@" "DAL" "L" -17 1 42.0833333333333 0.589 0.591 2.5 10.4 6.3 23.5 4.6 0 11.2 25.5 116 121 23.3 7.2
"75" "72" 2004-04-02 19.26 "CLE" "@" "MIL" "L" -18 1 36.6333333333333 0.503 0.474 0 22.2 12.3 34.6 7.2 0 20.1 32.9 90 103 16.1 3
"76" "73" 2004-04-03 19.26 "CLE" "" "GSW" "L" -3 1 46.25 0.518 0.482 5.7 16.8 9.7 48.6 1.2 1.8 8.4 32.1 120 117 26.5 11.8
"77" "74" 2004-04-06 19.27 "CLE" "" "TOR" "L" -1 1 46 0.453 0.294 2 13 6.7 14 3.4 0 11.5 25.2 95 95 14.1 -0.9
"78" "75" 2004-04-07 19.27 "CLE" "@" "MEM" "L" -18 1 36.5833333333333 0.497 0.364 0 8.5 4.4 28.2 4.6 0 12.4 21.6 101 101 11.3 3.7
"79" "76" 2004-04-09 19.28 "CLE" "@" "MIA" "L" -15 1 42.2166666666667 0.583 0.464 3.1 19 11 31.4 1.3 0 28 32.5 97 120 15.3 -2.1
"80" "77" 2004-04-10 19.28 "CLE" "" "MIA" "W" 11 1 31.6333333333333 0.379 0.364 3.6 5.7 4.7 51.6 0 0 13.2 22.3 97 101 8.5 -0.5
"81" "78" 2004-04-12 19.28 "CLE" "" "MIL" "W" 4 1 45.3 0.543 0.475 2.7 13.6 8.7 35 2.4 0 3.9 27.9 117 102 24.8 7.6
"82" "79" 2004-04-14 19.29 "CLE" "@" "NYK" "W" 10 1 35.0833333333333 0.487 0.471 0 3.4 1.7 24.5 4.7 0 22.3 30.2 85 103 9.7 -4.8
"1" "1" 2004-11-03 19.85 "CLE" "" "IND" "L" -5 1 50.9333333333333 0.577 0.474 2.5 10.3 6.3 33.5 1.1 4.6 19.8 30.3 103 105 20.9 7.4
"2" "2" 2004-11-04 19.85 "CLE" "@" "MIA" "L" -6 1 42.3333333333333 0.468 0.455 8 9.1 8.5 38.9 1.3 0 4.3 26 107 109 17.8 9.7
"3" "3" 2004-11-06 19.85 "CLE" "@" "MIL" "L" -14 1 41.8833333333333 0.522 0.4 5 16.3 10.4 32.9 3.6 0 11.9 34.6 104 103 23.8 9.2
"4" "4" 2004-11-09 19.86 "CLE" "@" "ATL" "W" 14 1 48 0.561 0.5 3 23.1 13.9 17.4 4.7 3.2 11.9 25.8 111 83 22.5 8.7
"5" "5" 2004-11-10 19.87 "CLE" "" "PHO" "W" 5 1 48.35 0.649 0.563 6.8 14.1 10.6 28 3.1 4.1 9.3 29.7 130 95 36.1 16.7
"6" "6" 2004-11-13 19.87 "CLE" "" "WAS" "W" 31 1 37.4 0.541 0.5 3.3 18 12.1 16.6 4 3.2 15.3 29.5 104 73 19.9 8.7
"7" "7" 2004-11-15 19.88 "CLE" "" "GSW" "W" 11 1 41.9666666666667 0.647 0.614 6 26 16.7 20.5 2.7 1.7 3.8 31.1 138 96 30.1 15.2
"8" "8" 2004-11-18 19.89 "CLE" "@" "CHA" "W" 17 1 29.1 0.638 0.643 4.8 17 12 51.1 0 0 6.3 24 139 100 18.3 11.3
"9" "9" 2004-11-20 19.89 "CLE" "" "CHA" "W" 16 1 37.8166666666667 0.574 0.55 15 7.3 10.8 13.2 4.2 1.7 24.3 32.8 96 92 17.5 3.6
"10" "10" 2004-11-21 19.9 "CLE" "@" "NYK" "L" -10 1 40.6833333333333 0.398 0.367 6.2 26.3 15.2 38.7 1.3 1.9 23.5 25.3 85 110 10.1 -2.4
"11" "11" 2004-11-24 19.9 "CLE" "" "DET" "W" 16 1 37.5 0.788 0.727 9.7 11.1 10.4 48.4 4.7 2.2 9.9 39.9 148 91 39.2 31.2
"12" "12" 2004-11-26 19.91 "CLE" "@" "BOS" "W" 2 1 42.8 0.698 0.692 0 18.1 10.5 33.1 3.8 1.8 12.3 18.7 132 103 22.4 11.1
"13" "13" 2004-11-27 19.91 "CLE" "" "CHI" "W" 22 1 31.9166666666667 0.693 0.676 3.6 21.4 12.5 46.7 1.7 0 9.6 29.4 138 88 24.5 18.7
"14" "14" 2004-11-29 19.92 "CLE" "@" "LAC" "L" -12 1 42.3166666666667 0.519 0.474 3 19.6 11 23.1 8 1.7 12.4 27.9 102 96 20.8 12.2
"15" "15" 2004-12-01 19.92 "CLE" "@" "PHO" "L" -19 1 40.7833333333333 0.361 0.316 2.5 6.5 4.2 22.6 2.5 1.7 22.4 29.6 72 125 5.1 -9.7
"16" "16" 2004-12-02 19.93 "CLE" "@" "DEN" "W" 19 1 41.1666666666667 0.475 0.471 2.7 21 11.3 39.6 2.6 1.8 21.9 24.7 90 78 13.5 4.9
"17" "17" 2004-12-04 19.93 "CLE" "" "TOR" "W" 8 1 42.8333333333333 0.672 0.618 0 12.6 7.3 40.1 2.3 1.5 13 23.7 129 101 26.4 10.1
"18" "18" 2004-12-07 19.94 "CLE" "" "NJN" "W" 6 1 46.0833333333333 0.548 0.5 0 7.2 3.4 32.7 3.5 0 10.9 27.9 116 110 20.2 3.5
"19" "19" 2004-12-08 19.94 "CLE" "@" "CHI" "L" -28 1 37.3 0.468 0.333 0 7.9 3.2 33.4 1.4 2.1 16.5 29 91 125 11 -1.4
"20" "20" 2004-12-11 19.95 "CLE" "@" "SAS" "L" -19 1 41.2166666666667 0.578 0.553 9.5 13.7 11.2 40 5.1 0 13.1 25 118 124 23.9 13.3
"21" "21" 2004-12-13 19.96 "CLE" "@" "MEM" "W" 6 1 45.8166666666667 0.652 0.659 0 14.9 7.3 35.7 8.5 0 11.2 28.2 127 88 30.7 18.5
"22" "22" 2004-12-15 19.96 "CLE" "" "POR" "W" 24 1 37.15 0.647 0.611 7.2 25.9 17.6 28.4 4.1 3.8 13.4 27.6 122 84 26.4 12.1
"23" "23" 2004-12-16 19.96 "CLE" "@" "DET" "L" -12 1 45.0666666666667 0.237 0.19 2.5 21.9 11.9 32.8 5.4 1.7 11.5 29 62 93 6 1.4
"24" "24" 2004-12-18 19.97 "CLE" "" "BOS" "L" -7 1 40.5333333333333 0.543 0.54 3.4 12.6 8.2 22 4.1 2.3 12.3 36.1 106 112 18.7 6.9
"25" "25" 2004-12-21 19.98 "CLE" "" "MIN" "W" 10 1 43.1833333333333 0.604 0.556 0 14.3 8.9 48.1 1.3 0 8.5 27.7 127 115 25 6.2
"26" "26" 2004-12-22 19.98 "CLE" "@" "NJN" "L" -2 1 42.6333333333333 0.513 0.417 2.6 20.3 11.6 42.9 1.3 0 15.2 28.8 106 105 18 4.5
"27" "27" 2004-12-26 19.99 "CLE" "" "NOH" "W" 9 1 44.6666666666667 0.551 0.438 3 17.8 11.4 50.6 4.8 1.6 20 26.6 112 95 25 8.8
"28" "28" 2004-12-28 20 "CLE" "@" "ATL" "W" 9 1 46.3333333333333 0.642 0.58 2.7 24.6 13 29.9 1.1 0 3.1 31.1 144 111 33.7 11.3
"29" "29" 2004-12-29 20 "CLE" "" "HOU" "L" -11 1 17.3833333333333 0.208 0 0 18 9.6 48.7 0 0 0 19.5 78 112 3.1 -3.4
"30" "30" 2005-01-03 20.01 "CLE" "@" "CHA" "W" 11 1 40.3 0.601 0.579 5.6 14.9 10.5 28 2.7 0 4.4 24.4 139 95 23.5 11.8
"31" "31" 2005-01-05 20.02 "CLE" "" "ATL" "W" 16 1 39.65 0.601 0.571 3.1 14.3 8.9 34.2 1.5 1.9 10.7 22.8 132 102 18.8 8.4
"32" "32" 2005-01-08 20.02 "CLE" "" "NYK" "W" 25 1 32.7 0.739 0.714 3.9 7.9 5.9 24 0 4.8 35 31.5 96 89 12.9 -0.6
"33" "33" 2005-01-11 20.03 "CLE" "" "CHA" "W" 2 1 49.0333333333333 0.535 0.5 2.4 18.9 10.2 35.9 2.2 1.4 22.8 32.2 96 102 19.2 3.9
"34" "34" 2005-01-13 20.04 "CLE" "@" "LAL" "L" -4 1 44.3333333333333 0.504 0.481 8.6 21.8 16.1 37.9 1.2 1.7 12.6 32.7 107 102 22.9 6.2
"35" "35" 2005-01-15 20.04 "CLE" "@" "UTA" "W" 13 1 41.3 0.516 0.45 2.9 18.2 10.9 35.6 6.8 0 10.3 35.6 104 73 22.1 13.3
"36" "36" 2005-01-16 20.05 "CLE" "@" "SEA" "L" -8 1 44.15 0.536 0.517 4.3 10.9 6.7 60.8 5 2.2 3 32.3 125 116 30.9 20.6
"37" "37" 2005-01-19 20.05 "CLE" "@" "POR" "W" 6 1 43.7833333333333 0.724 0.719 2.7 25.4 14.5 36.4 4.7 0 9.7 21.2 144 100 30.5 12.7
"38" "38" 2005-01-20 20.06 "CLE" "@" "SAC" "L" -27 1 36.6166666666667 0.463 0.474 2.3 23.3 10.9 29.6 1.4 0 13.4 25.1 94 126 12.9 1.4
"39" "39" 2005-01-22 20.06 "CLE" "@" "GSW" "W" 18 1 43.25 0.563 0.542 2.4 34.1 16.3 34.4 1.3 2.1 10.8 29.5 120 100 25.7 7.8
"40" "40" 2005-01-24 20.07 "CLE" "" "WAS" "L" -9 1 48 0.51 0.481 8.5 15.4 11.6 28.6 2.1 1.9 14.1 29.7 107 112 22.7 7
"41" "41" 2005-01-26 20.07 "CLE" "" "MEM" "W" 3 1 41.7833333333333 0.76 0.75 3.6 27.7 15.8 54.3 3.9 4.3 22 24.8 138 117 32 18.9
"42" "" 2005-01-28 20.08 "CLE" "@" "NYK" "L" -3 NA NA NA NA NA NA NA NA NA NA NA NA NA NA NA NA
"43" "" 2005-01-30 20.08 "CLE" "" "MIL" "W" 17 NA NA NA NA NA NA NA NA NA NA NA NA NA NA NA NA
"44" "42" 2005-02-01 20.09 "CLE" "@" "ORL" "L" -3 1 43.3333333333333 0.544 0.5 4.7 12 7.3 28.1 0 1.9 10.4 28.6 116 117 20.1 4.4
"45" "43" 2005-02-03 20.1 "CLE" "@" "MIA" "L" -12 1 45.95 0.548 0.5 4.6 0 2.7 44.4 3.7 0 6.6 32 119 117 26.3 14.5
"46" "44" 2005-02-05 20.1 "CLE" "" "ORL" "W" 9 1 45.6 0.561 0.429 0 16.4 7.7 37.8 2.3 0 3.6 27 133 100 26.8 9.8
"47" "45" 2005-02-08 20.11 "CLE" "" "TOR" "W" 13 1 36.1666666666667 0.476 0.429 4 19.9 13.3 39.6 4.3 0 11.3 22.9 114 92 18.3 6.9
"48" "46" 2005-02-11 20.12 "CLE" "" "DEN" "L" -5 1 43.0833333333333 0.511 0.431 6.2 12.8 9.4 29.6 1.2 0 10.4 39.4 111 119 21.7 2.2
"49" "47" 2005-02-13 20.12 "CLE" "" "LAL" "W" 14 1 45.7 0.512 0.4 5.8 14.2 10.4 30.6 3.5 1.7 10.9 29 112 96 22.8 5.7
"50" "48" 2005-02-16 20.13 "CLE" "" "ATL" "W" 22 1 37 0.631 0.6 0 13.2 6.8 25.3 4.5 0 11.9 29.4 127 98 23.7 8.6
"51" "49" 2005-02-17 20.13 "CLE" "@" "MIN" "L" -6 1 41.0333333333333 0.601 0.553 4.9 16.3 9.8 38.6 1.4 0 8.5 27.4 121 108 23.8 12.3
"52" "50" 2005-02-23 20.15 "CLE" "" "CHI" "W" 9 1 44.3166666666667 0.572 0.5 2.7 12.7 7.9 47.5 5.8 0 11.3 26.4 122 94 27.4 13.6
"53" "51" 2005-02-25 20.16 "CLE" "@" "IND" "L" -24 1 40.4833333333333 0.392 0.36 6.3 13.8 9.1 26.1 2.8 2.1 7 29.4 101 124 14.2 5.2
"54" "52" 2005-02-27 20.16 "CLE" "@" "NJN" "L" -6 1 45.0833333333333 0.574 0.475 2.4 8.9 5.3 29.4 2.3 0 17 27 120 116 19.1 4.6
"55" "53" 2005-02-28 20.16 "CLE" "" "SAS" "L" -2 1 44.6833333333333 0.379 0.295 2.6 17.8 10.3 24.4 0 0 7 28.8 90 107 10.3 -3
"56" "54" 2005-03-02 20.17 "CLE" "" "SEA" "L" -17 1 40.85 0.68 0.675 0 19.5 8.5 30.6 0 0 14.5 31.8 122 127 21.4 11
"57" "55" 2005-03-04 20.18 "CLE" "@" "PHI" "L" -9 1 39.95 0.647 0.571 3.2 15.3 9.9 47.7 4.9 0 18.6 35.3 115 96 28.3 12.9
"58" "56" 2005-03-06 20.18 "CLE" "" "MIA" "L" -20 1 40.2333333333333 0.521 0.474 0 10 4.9 27.3 2.6 0 4.3 26.1 110 114 17.8 6
"59" "57" 2005-03-08 20.19 "CLE" "" "ORL" "W" 19 1 40.6166666666667 0.484 0.455 0 20 10.8 28.1 1.3 1.7 4 28 108 98 18 0.5
"60" "58" 2005-03-13 20.2 "CLE" "" "IND" "W" 12 1 42.85 0.629 0.543 5 9.1 6.8 23.8 1.4 0 12.6 33.1 131 110 25.7 13.7
"61" "59" 2005-03-15 20.21 "CLE" "" "UTA" "W" 19 1 34.1833333333333 0.817 0.8 7.2 20 14.4 19.7 0 1.9 4.3 31.8 166 89 32.5 26.8
"62" "60" 2005-03-16 20.21 "CLE" "@" "MIL" "L" -8 1 45.1166666666667 0.585 0.577 2.4 17.8 9.2 27.7 1.2 0 14.7 34.7 106 110 22.5 8.7
"63" "61" 2005-03-18 20.21 "CLE" "" "PHI" "L" -12 1 46 0.316 0.15 0 18.1 8 32.3 4.4 0 13.7 25.8 74 93 10.4 1.7
"64" "62" 2005-03-20 20.22 "CLE" "@" "TOR" "L" -7 1 48 0.657 0.583 5 19.5 12.3 29.4 2.4 0 8.6 46.6 131 120 42.9 21.1
"65" "63" 2005-03-22 20.22 "CLE" "" "DET" "W" 15 1 42.9333333333333 0.527 0.5 3.1 11.4 7.9 27.1 1.3 0 0 32.1 115 93 22.4 9.3
"66" "64" 2005-03-24 20.23 "CLE" "@" "HOU" "L" -19 1 41.7833333333333 0.379 0.341 0 13.1 5.4 38.1 1.3 0 7.4 30.8 80 116 10.6 -0.9
"67" "65" 2005-03-26 20.24 "CLE" "@" "DAL" "L" -31 1 35.65 0.484 0.412 3 11.4 6.7 35.3 0 0 13.3 30.3 98 138 11.9 -3.4
"68" "66" 2005-03-28 20.24 "CLE" "@" "NOH" "W" 1 1 53 0.65 0.603 5.6 9.5 7.7 14.3 4.3 0 22.8 40.4 105 112 26.8 3.1
"69" "67" 2005-03-29 20.24 "CLE" "" "LAC" "W" 10 1 40.7833333333333 0.477 0.4 0 24.1 10.9 22.7 2.8 1.9 4.2 28.5 107 97 17.7 5.7
"70" "68" 2005-03-31 20.25 "CLE" "@" "CHI" "L" -12 1 53 0.396 0.375 8.7 4.7 6.7 30.4 4.2 2.9 8.4 32.2 89 105 16.7 5.7
"71" "69" 2005-04-01 20.25 "CLE" "" "SAC" "L" -19 1 44.15 0.689 0.667 0 26.4 12.6 43 2.4 0 21.6 34.7 116 136 27.2 4
"72" "70" 2005-04-03 20.26 "CLE" "" "DAL" "W" 20 1 48 0.644 0.522 4.1 16.3 10.2 29.2 2.2 1.8 17.3 30.5 127 87 29.1 13.2
"73" "71" 2005-04-05 20.26 "CLE" "" "NJN" "L" -31 1 39.8333333333333 0.555 0.553 6.3 27.1 15.7 23.8 2.9 4.1 21.7 32.9 94 127 16 4.4
"74" "72" 2005-04-06 20.27 "CLE" "@" "IND" "L" -21 1 33.2833333333333 0.506 0.5 5.6 8.6 6.8 25.8 1.7 0 9.2 30.9 101 120 12.5 3.6
"75" "73" 2005-04-08 20.27 "CLE" "@" "PHI" "L" -5 1 48 0.531 0.433 8.3 19.6 13.8 30.4 5.2 0 12.6 35 112 99 30.8 12.2
"76" "74" 2005-04-09 20.27 "CLE" "" "MIL" "W" 17 1 46.5833333333333 0.732 0.712 2.5 23.6 12.8 36.9 2.5 1.8 9.9 30.6 140 93 37.1 23.7
"77" "75" 2005-04-11 20.28 "CLE" "@" "ORL" "W" 8 1 48 0.602 0.543 2.2 18.2 9 18.8 5.4 1.8 6.8 25.1 133 104 29.7 10.9
"78" "76" 2005-04-14 20.29 "CLE" "" "NYK" "L" -6 1 41.5166666666667 0.433 0.36 2.3 46.3 22.4 28.6 2.6 3.9 11.4 36.3 98 97 19.2 8.7
"79" "77" 2005-04-15 20.29 "CLE" "@" "WAS" "L" -8 1 48 0.52 0.5 4 13.3 7.5 23.1 1.1 0 2.7 32.1 121 131 25.7 5.5
"80" "78" 2005-04-17 20.3 "CLE" "@" "DET" "L" -3 1 45.2 0.449 0.371 5.9 21.3 12.5 31.7 0 1.5 2.4 42.6 110 111 24.5 14.3
"81" "79" 2005-04-19 20.3 "CLE" "" "BOS" "W" 14 1 46.1 0.548 0.519 2.8 17.4 10.5 22.9 5.8 0 9.3 31 121 92 25.7 8.4
"82" "80" 2005-04-20 20.3 "CLE" "@" "TOR" "W" 9 1 48 0.493 0.478 4.4 29.3 16.3 50 0 1.4 6.8 26.9 117 104 26 8.6
"1" "1" 2005-11-02 20.84 "CLE" "" "NOK" "W" 22 1 33.3833333333333 0.794 0.75 4.5 6.5 5.7 23.9 3.3 0 13.3 33 144 99 24.9 15.9
"2" "2" 2005-11-04 20.85 "CLE" "@" "SAS" "L" -26 1 36.5666666666667 0.524 0.438 0 23.2 9 27.9 0 2.1 13.6 27 99 110 12.3 2.6
"3" "3" 2005-11-05 20.85 "CLE" "@" "MEM" "L" -7 1 40.85 0.577 0.552 0 7.8 3.1 29.9 2.6 0 6 37.1 118 128 24.9 10.2
"4" "4" 2005-11-07 20.85 "CLE" "@" "TOR" "W" 12 1 36.4666666666667 0.606 0.529 0 9.4 5.1 32.7 1.5 3.8 4.3 29.5 139 105 22.8 11.5
"5" "5" 2005-11-09 20.86 "CLE" "" "SEA" "W" 27 1 35.6333333333333 0.679 0.556 4.1 12.2 8.7 5.5 0 2.4 14.9 33 142 103 21.3 5.6
"6" "6" 2005-11-11 20.87 "CLE" "" "MEM" "W" 19 1 25.6666666666667 0.587 0.455 5.7 20.8 14.4 15.2 6.5 3.6 18 30.7 114 69 12.6 9.4
"7" "7" 2005-11-13 20.87 "CLE" "@" "ORL" "W" 8 1 48.9 0.523 0.475 0 15.5 7.3 10.1 0 1.7 7.5 27.6 106 112 15.5 -2.5
"8" "8" 2005-11-15 20.88 "CLE" "" "WAS" "W" 15 1 42.4333333333333 0.734 0.696 2.8 22.6 13.2 18.1 0 3.7 10.6 29 136 106 31.1 12.9
"9" "9" 2005-11-18 20.88 "CLE" "" "ORL" "W" 18 1 33.9333333333333 0.407 0.353 2.6 17.7 9 19.2 3.3 0 16.9 29.1 90 95 7.9 -3.4
"10" "10" 2005-11-19 20.89 "CLE" "@" "PHI" "W" 3 1 46.85 0.634 0.583 4.8 23.6 13.7 35.8 1 1.2 15 28.6 127 118 31.4 7.5
"11" "11" 2005-11-22 20.9 "CLE" "" "BOS" "W" 22 1 40.9833333333333 0.725 0.675 0 13.3 6.7 20.6 2.4 3.3 3.9 27.7 146 93 31.5 12.7
"12" "12" 2005-11-24 20.9 "CLE" "@" "IND" "L" -22 1 43.0333333333333 0.382 0.3 2.7 29.5 14.7 23.1 6.4 1.8 19.5 34.8 74 99 10.1 0
"13" "13" 2005-11-26 20.91 "CLE" "" "MIN" "L" -4 1 44.0666666666667 0.601 0.552 4 9.9 6.3 15.7 5.1 0 5.9 33.4 135 101 27.8 22.2
"14" "14" 2005-11-30 20.92 "CLE" "" "LAC" "W" 7 1 49.9333333333333 0.509 0.35 0 14.9 8.3 37.4 1 1.4 17.9 30.7 99 104 19.3 2
"15" "15" 2005-12-02 20.92 "CLE" "@" "SEA" "L" -7 1 45.1166666666667 0.557 0.519 0 9.7 4.7 38.5 1.2 5.2 3.2 32.2 123 127 28.1 8.6
"16" "16" 2005-12-03 20.93 "CLE" "@" "LAC" "L" -12 1 44.6833333333333 0.481 0.38 0 15.3 5.7 28.8 1.2 1.6 3.1 32.6 110 114 19.7 7.9
"17" "17" 2005-12-06 20.93 "CLE" "@" "SAC" "W" 5 1 44.3166666666667 0.53 0.457 5.6 11.7 8.6 24.8 2.4 5.2 15 35.4 107 106 21.8 7.4
"18" "18" 2005-12-09 20.94 "CLE" "" "NJN" "L" -9 1 44.8166666666667 0.491 0.423 5 13 8.5 14.5 0 1.8 17.7 40.3 89 122 13.4 -5.8
"19" "19" 2005-12-10 20.95 "CLE" "@" "MIL" "L" -5 1 42.8 0.778 0.741 0 20.7 11.4 50 2.5 0 8.2 42.5 147 120 42.9 19.9
"20" "20" 2005-12-13 20.95 "CLE" "" "ATL" "L" -6 1 45.1333333333333 0.649 0.63 0 24.2 12.5 30.1 2.3 0 16.6 35.9 116 105 26.9 9.6
"21" "21" 2005-12-15 20.96 "CLE" "" "DEN" "W" 9 1 45.1 0.63 0.639 0 10.4 5.8 41.1 1.2 0 12.7 25.8 124 102 20.9 6.4
"22" "22" 2005-12-17 20.96 "CLE" "" "MIA" "W" 8 1 46.3833333333333 0.787 0.684 0 11.5 6.6 37.5 1.1 0 13.3 30 145 113 36.4 12
"23" "23" 2005-12-20 20.97 "CLE" "" "UTA" "W" 25 1 28.9166666666667 0.783 0.708 11.4 19.5 15.8 29.2 5.5 5 23.9 35.4 128 86 23.8 14.9
"24" "24" 2005-12-22 20.98 "CLE" "@" "CHI" "W" 8 1 43.85 0.602 0.56 0 17.7 7.2 34.8 4.7 0 6.1 34.8 124 104 29.6 11.7
"25" "25" 2005-12-23 20.98 "CLE" "" "IND" "W" 5 1 43.85 0.336 0.25 2.5 16.7 9.7 37 1.2 0 12.6 25 83 98 9.1 -2.5
"26" "26" 2005-12-26 20.99 "CLE" "" "CHI" "W" 11 1 44.9666666666667 0.528 0.48 2.8 15.6 9.9 25.4 2.3 3 6.2 33.2 113 96 26.1 8.3
"27" "27" 2005-12-27 20.99 "CLE" "@" "NJN" "L" -5 1 40.3 0.621 0.595 3.1 24.4 14.5 43.9 2.8 0 13.8 35.3 117 106 25.7 12.7
"28" "28" 2005-12-31 21 "CLE" "" "DET" "W" 13 1 44.55 0.598 0.545 2.8 12.7 8.5 32.6 5 1.8 16.6 31.9 114 92 24.9 14.3
"29" "29" 2006-01-04 21.01 "CLE" "@" "MIL" "W" 7 1 45.7 0.499 0.448 4.5 21.5 12.7 54 5.6 1.6 11.1 35.6 107 80 29.2 15.4
"30" "30" 2006-01-05 21.02 "CLE" "" "HOU" "L" -9 1 44.25 0.739 0.763 2.8 21.2 12.2 28.7 1.3 0 12.2 27.3 135 106 25.7 14.5
"31" "31" 2006-01-07 21.02 "CLE" "" "MIL" "W" 8 1 45.2 0.674 0.705 4.4 13.3 8.4 30.2 0 1.8 0 26.6 146 102 30.6 15.9
"32" "32" 2006-01-10 21.03 "CLE" "" "NYK" "L" -8 1 46 0.502 0.452 0 18.7 7.9 42 0 1.5 2.7 36 113 103 25.4 12.7
"33" "33" 2006-01-12 21.04 "CLE" "@" "LAL" "L" -1 1 40.1 0.539 0.545 0 7.5 4 41.7 0 0 16.1 39.8 103 125 16.1 -1.1
"34" "34" 2006-01-14 21.04 "CLE" "@" "PHO" "L" -9 1 43.75 0.762 0.732 0 20.8 10.1 37.7 1.2 0 3.2 32.2 162 129 40.9 24.1
"35" "35" 2006-01-15 21.04 "CLE" "@" "POR" "L" -2 1 41.3166666666667 0.47 0.404 6.1 34.5 20.1 39.9 1.4 5.1 6.1 40.8 105 99 23.1 10.2
"36" "36" 2006-01-18 21.05 "CLE" "@" "DEN" "L" -1 1 41.5833333333333 0.451 0.4 5 21.2 13.4 43.4 0 0 7 31.3 104 103 16.4 5
"37" "37" 2006-01-20 21.06 "CLE" "@" "GSW" "L" -20 1 35.2 0.284 0.227 2.5 23.7 12.3 31.3 0 0 19.6 36.8 63 107 -0.1 -10.4
"38" "38" 2006-01-21 21.06 "CLE" "@" "UTA" "W" 18 1 42.7833333333333 0.64 0.6 0 14 7.7 53.8 2.5 0 7 48.3 131 98 37.8 13.7
"39" "39" 2006-01-24 21.07 "CLE" "" "IND" "W" 30 1 35.3666666666667 0.453 0.381 0 17.9 9.5 42.6 2.9 4.2 3.8 34.4 103 69 20 14
"40" "40" 2006-01-25 21.07 "CLE" "@" "ATL" "W" 9 1 45.9 0.617 0.523 2.6 20.9 11.6 32.2 3.6 1.7 14 36.5 119 107 30.2 8.4
"41" "41" 2006-01-27 21.08 "CLE" "@" "IND" "W" 4 1 45.1 0.566 0.543 2.8 19.4 10.5 49.8 3.7 2 18.5 34.9 106 100 23.6 9.1
"42" "42" 2006-01-29 21.08 "CLE" "" "PHO" "W" 7 1 42.75 0.575 0.561 2.7 28.8 15.2 37.6 1.2 2 13.6 44.1 114 110 29.6 11.2
"43" "43" 2006-01-30 21.08 "CLE" "@" "CHA" "W" 12 1 31.5666666666667 0.629 0.632 4.1 14.9 10.4 42.9 7.9 2.4 14.4 38.2 115 81 26.4 19.8
"44" "44" 2006-02-01 21.09 "CLE" "" "NJN" "W" 6 1 44.4333333333333 0.495 0.381 0 24.8 14.1 46.2 1.2 1.8 13.2 32.8 101 94 20.9 5.5
"45" "45" 2006-02-02 21.09 "CLE" "@" "MIA" "L" -28 1 39.3 0.478 0.448 2.2 13.6 6.6 59.6 1.3 0 3.2 35.6 103 108 20.3 14.3
"46" "46" 2006-02-04 21.1 "CLE" "" "PHI" "L" -5 1 47.1833333333333 0.724 0.647 5.1 6 5.5 25.6 2.3 1.6 15.7 24 136 113 27.6 12.2
"47" "47" 2006-02-06 21.1 "CLE" "" "MIL" "W" 3 1 45.35 0.506 0.5 0 18.7 11.1 46.2 0 3.4 15.5 28.8 103 100 17.7 4.2
"48" "48" 2006-02-08 21.11 "CLE" "@" "MIN" "W" 6 1 45.6333333333333 0.422 0.338 2.2 23.9 12.6 45.7 1.2 0 0 41.6 110 101 22.7 7.3
"49" "49" 2006-02-10 21.12 "CLE" "@" "WAS" "L" -12 1 45.3833333333333 0.339 0.261 2.3 24.9 11.9 33 1.3 0 7 31.4 85 116 10.4 -3.3
"50" "50" 2006-02-11 21.12 "CLE" "" "GSW" "L" -8 1 43.8 0.804 0.735 2.8 12.5 7.4 29.8 1.2 3.8 8.9 23.4 155 110 29.6 16.5
"51" "51" 2006-02-13 21.12 "CLE" "" "SAS" "W" 14 1 40.7166666666667 0.602 0.591 5 4.1 4.7 26.1 5.6 0 5.2 44.2 131 98 34.5 24.4
"52" "52" 2006-02-15 21.13 "CLE" "@" "BOS" "W" 4 1 53.9166666666667 0.557 0.5 2.4 26.3 14.3 49.7 2 5.9 4.9 36.5 121 95 37.9 17.8
"53" "53" 2006-02-21 21.15 "CLE" "" "ORL" "W" 13 1 42.85 0.48 0.438 0 6.1 3.1 35 1.4 3.5 6.9 33.8 111 112 19.7 4.7
"54" "54" 2006-02-22 21.15 "CLE" "@" "PHI" "L" -9 1 43.1166666666667 0.581 0.563 7 9.8 8.1 21.8 2.3 1.5 17.4 33.9 105 115 21.8 5.3
"55" "55" 2006-02-24 21.15 "CLE" "" "WAS" "L" -8 1 47.7666666666667 0.426 0.405 0 16.7 8.4 33.5 1.1 0 12 33.1 89 115 13.3 -1.8
"56" "56" 2006-02-26 21.16 "CLE" "@" "DET" "L" -12 1 37.7666666666667 0.516 0.5 3.1 23.6 13.6 45.5 0 0 12.3 30.3 102 102 15 8.6
"57" "57" 2006-02-27 21.16 "CLE" "" "DET" "L" -12 1 46.5666666666667 0.492 0.409 2.7 7.2 5.1 34.9 0 1.5 15.9 34.8 94 106 14.9 4.2
"58" "58" 2006-03-01 21.17 "CLE" "" "SAC" "L" -7 1 44.6666666666667 0.395 0.357 2.7 19.5 10.3 45.3 1.2 3.6 17.2 30.5 87 109 13.8 2.4
"59" "59" 2006-03-02 21.17 "CLE" "@" "CHI" "W" 1 1 46.6166666666667 0.504 0.407 4.5 18.9 11.9 38 0 1.5 13.3 37.8 99 100 21.5 4.2
"60" "60" 2006-03-05 21.18 "CLE" "" "CHI" "W" 19 1 46.45 0.604 0.554 0 24.5 12.1 33.6 2.4 0 8.9 34.5 120 82 28.8 12.1
"61" "61" 2006-03-07 21.18 "CLE" "" "TOR" "W" 7 1 43.7333333333333 0.433 0.353 2.7 31.8 16.9 27 1.2 0 9.2 23.2 100 109 14.5 -0.8
"62" "62" 2006-03-08 21.19 "CLE" "@" "TOR" "W" 1 1 44.2833333333333 0.598 0.563 2.6 12.6 7.7 29.7 1.2 0 0 32.2 129 112 28.4 12.6
"63" "63" 2006-03-10 21.19 "CLE" "@" "ORL" "L" -29 1 38.9666666666667 0.507 0.455 5.1 19.2 10.8 15.5 2.9 1.8 16.9 34.9 94 119 14.8 7.8
"64" "64" 2006-03-12 21.2 "CLE" "@" "MIA" "L" -6 1 45.2833333333333 0.598 0.426 5 12.3 8.7 23.1 0 1.7 11.3 45.1 118 110 31.5 14
"65" "65" 2006-03-14 21.2 "CLE" "@" "DAL" "L" -4 1 44.9666666666667 0.59 0.519 2.4 24.5 13.9 28 0 2.8 11.6 36.9 115 103 27.2 12.6
"66" "66" 2006-03-17 21.21 "CLE" "" "POR" "W" 15 1 44.1666666666667 0.493 0.413 5.2 18.6 11.8 19.3 7.5 0 3.5 30.8 114 85 24.9 10.5
"67" "67" 2006-03-19 21.22 "CLE" "" "LAL" "W" 1 1 46.8666666666667 0.511 0.479 2.6 22.4 11.5 27.8 1.1 0 19.8 36.7 94 106 15.1 0
"68" "68" 2006-03-22 21.22 "CLE" "" "CHA" "W" 2 1 50.1833333333333 0.594 0.5 0 21.9 12.6 39.1 0 1.4 13.8 33.6 119 115 29.3 0.8
"69" "69" 2006-03-24 21.23 "CLE" "" "BOS" "W" 12 1 44.85 0.61 0.577 7 10 8.4 37.1 2.4 5.5 0 31.2 139 95 34.4 21.2
"70" "70" 2006-03-26 21.24 "CLE" "@" "HOU" "W" 2 1 48.9333333333333 0.463 0.412 6.4 9.6 7.6 21 2.3 0 4.9 39.2 105 109 22.3 5.1
"71" "71" 2006-03-29 21.24 "CLE" "" "DAL" "W" 13 1 43.4333333333333 0.801 0.783 0 17.8 7.8 22.9 4.1 0 6.5 33.3 161 112 39.2 26.2
"72" "72" 2006-04-01 21.25 "CLE" "" "MIA" "W" 7 1 45.4833333333333 0.754 0.68 10.8 20.6 15.8 42.9 2.3 0 11.4 34.8 150 108 43.8 21.6
"73" "73" 2006-04-02 21.25 "CLE" "@" "CHA" "W" 4 1 41.2833333333333 0.626 0.583 3.1 27.8 16.8 38.9 1.3 3.4 9.7 32.1 138 100 29.6 16.8
"74" "74" 2006-04-04 21.26 "CLE" "" "PHI" "W" 33 1 34.6666666666667 0.713 0.682 4.2 9.4 7.2 33.4 6 0 10.4 36.1 145 93 31.9 18.3
"75" "75" 2006-04-05 21.26 "CLE" "@" "NYK" "L" -2 1 44.8 0.597 0.583 0 6.1 2.8 37.2 3.7 0 14.2 37.5 114 109 23.9 11.1
"76" "76" 2006-04-08 21.27 "CLE" "@" "NJN" "W" 6 1 44.15 0.56 0.462 2.9 11.4 7.2 30.5 1.2 0 15.4 42 108 115 22.2 0.4
"77" "77" 2006-04-10 21.28 "CLE" "@" "NOK" "W" 2 1 42.1166666666667 0.546 0.5 3.3 7 5.4 29.3 0 0 6.4 40.1 116 129 21.8 -1.1
"78" "78" 2006-04-12 21.28 "CLE" "@" "DET" "L" -23 1 31.35 0.511 0.444 0 9.4 4.8 10.4 0 0 8.5 34.5 101 114 11.4 4.8
"79" "" 2006-04-13 21.28 "CLE" "" "NYK" "W" 4 NA NA NA NA NA NA NA NA NA NA NA NA NA NA NA NA
"80" "79" 2006-04-16 21.29 "CLE" "@" "WAS" "L" -12 1 29.5333333333333 0.504 0.5 0 17.3 9.7 25 1.7 2.2 15.1 29.8 100 108 10.8 4.5
"81" "" 2006-04-17 21.3 "CLE" "@" "BOS" "W" 5 NA NA NA NA NA NA NA NA NA NA NA NA NA NA NA NA
"82" "" 2006-04-19 21.3 "CLE" "" "ATL" "W" 1 NA NA NA NA NA NA NA NA NA NA NA NA NA NA NA NA
"1" "1" 2006-11-01 21.84 "CLE" "" "WAS" "W" 3 1 40.6333333333333 0.488 0.5 8.9 19.2 14.2 24.6 0 3.7 15.8 34.9 98 104 15.3 2.9
"2" "2" 2006-11-03 21.84 "CLE" "@" "SAS" "W" 7 1 41.8833333333333 0.567 0.558 2.7 22.4 12.9 27 1.3 2.1 6.1 38.3 112 90 25.1 14.5
"3" "3" 2006-11-04 21.85 "CLE" "@" "CHA" "L" -4 1 38.1 0.46 0.269 12.6 15.7 14.2 38 0 2.2 10.3 22.5 114 102 15.6 8.3
"4" "4" 2006-11-07 21.85 "CLE" "" "ATL" "L" -9 1 47.2833333333333 0.551 0.558 0 24.5 9.1 36.5 2.3 1.7 6.1 31.1 117 105 25.2 14.1
"5" "5" 2006-11-09 21.86 "CLE" "" "CHI" "W" 19 1 37.8333333333333 0.575 0.462 0 10.6 6.6 40.7 4.1 3.4 15.4 24.1 124 92 22.9 11.4
"6" "6" 2006-11-11 21.87 "CLE" "" "BOS" "W" 1 1 43.5333333333333 0.701 0.559 2.7 17.9 10.5 26.2 3.5 0 6.9 31.1 141 96 33.8 16.5
"7" "7" 2006-11-13 21.87 "CLE" "@" "NYK" "W" 6 1 41.3333333333333 0.632 0.605 0 12.6 6 28.6 2.6 1.8 11.6 29.2 125 105 22.8 11.1
"8" "8" 2006-11-15 21.88 "CLE" "" "POR" "W" 13 1 38.9 0.806 0.767 0 21.6 11.7 39.9 2.7 2.2 16.8 27.8 143 90 29.6 19.6
"9" "9" 2006-11-17 21.88 "CLE" "" "MIN" "W" 16 1 40.5 0.613 0.542 6.2 20.2 13.5 40 1.3 3.6 11.7 39.2 123 83 29.5 17.6
"10" "10" 2006-11-18 21.88 "CLE" "@" "WAS" "L" -12 1 33.3333333333333 0.45 0.4 7.8 10.5 9.2 21 3.2 0 11.9 34.9 95 121 12.1 -2.9
"11" "11" 2006-11-21 21.89 "CLE" "" "MEM" "W" 3 1 41.9833333333333 0.35 0.357 0 3 1.7 35.5 4.1 2 12.3 29.4 84 112 9.6 -2.8
"12" "12" 2006-11-22 21.9 "CLE" "@" "TOR" "L" -8 1 39.9166666666667 0.536 0.5 0 31.6 13.8 40.5 5.6 0 6.7 33.9 118 99 26.6 19.1
"13" "13" 2006-11-24 21.9 "CLE" "@" "IND" "L" -10 1 42.4333333333333 0.658 0.5 3.1 15.1 9.7 26.7 1.3 0 11.6 28.9 130 109 22.6 11
"14" "14" 2006-11-25 21.9 "CLE" "" "PHI" "W" 13 1 40.8333333333333 0.542 0.525 0 12.4 5.5 41.4 0 1.8 23.3 29.8 102 104 14.8 1.7
"15" "15" 2006-11-29 21.92 "CLE" "" "NYK" "L" -3 1 41.1833333333333 0.503 0.455 2.8 21.2 11 26.5 0 2.2 15.7 35 97 116 16 1.3
"16" "16" 2006-12-01 21.92 "CLE" "@" "ATL" "W" 11 1 42.9166666666667 0.566 0.543 5.9 15.5 10.6 32.4 3.8 3.9 12.7 33.2 118 100 25.4 10.9
"17" "17" 2006-12-02 21.92 "CLE" "@" "HOU" "L" -18 1 35.7333333333333 0.419 0.364 2.5 12.5 7 42.7 0 0 10.7 39 83 103 8.5 6.3
"18" "18" 2006-12-06 21.93 "CLE" "" "TOR" "W" 4 1 40.5 0.644 0.639 2.9 13.2 8.3 47.5 1.4 0 16.5 28.1 123 105 22.8 11.3
"19" "19" 2006-12-09 21.94 "CLE" "" "IND" "W" 32 1 31.8666666666667 0.724 0.719 0 18.2 11.6 40.3 1.5 2.2 13.9 30.1 129 76 24.4 14.5
"20" "20" 2006-12-11 21.95 "CLE" "@" "NOK" "L" -6 1 41.6 0.407 0.389 7.5 14.9 10.5 24.8 5.8 0 14 24.8 97 111 13.3 3.8
"21" "21" 2006-12-13 21.95 "CLE" "" "CHA" "W" 3 1 41.6166666666667 0.504 0.353 3.1 18.8 11.5 27.8 1.3 1.6 21.6 30.2 98 110 15.1 -1.9
"22" "22" 2006-12-15 21.96 "CLE" "" "SEA" "W" 22 1 33.6166666666667 0.718 0.714 0 26.2 15.1 31.1 1.6 0 20.7 26.6 122 87 18.8 7.2
"23" "23" 2006-12-16 21.96 "CLE" "@" "ORL" "L" -7 1 41.05 0.632 0.579 2.5 11.7 6.8 38.2 0 1.9 14.8 30.9 116 96 19.4 13.5
"24" "24" 2006-12-20 21.97 "CLE" "@" "NJN" "L" -2 1 40.1833333333333 0.592 0.477 0 3.7 1.5 41.5 2.5 2.3 8.8 35.4 126 117 27.6 11.3
"25" "25" 2006-12-21 21.98 "CLE" "" "DET" "L" -16 1 43 0.553 0.45 4.5 20.8 12 32.9 2.7 0 4.1 28 120 101 23.5 14.6
"26" "26" 2006-12-23 21.98 "CLE" "" "ORL" "W" 3 1 42.9 0.63 0.667 0 20.6 8.7 5.8 0 0 21.6 31.9 100 99 15.5 5
"27" "27" 2006-12-27 21.99 "CLE" "@" "ATL" "W" 13 1 39.5166666666667 0.473 0.42 3.1 21.6 13 16.7 1.3 3.9 3.4 33.3 108 82 18.9 8.5
"28" "28" 2006-12-29 22 "CLE" "" "MIL" "W" 10 1 44.0166666666667 0.599 0.571 2.8 7.3 5.2 18.2 1.1 1.6 10.1 28.7 122 108 21.5 4.2
"29" "29" 2006-12-30 22 "CLE" "@" "CHI" "L" -7 1 40.3166666666667 0.604 0.635 5.1 18.5 11.6 16.9 1.3 0 15.5 34.5 112 110 19.6 7
"30" "30" 2007-01-02 22.01 "CLE" "" "SAS" "W" 4 1 40.2333333333333 0.435 0.412 0 14.2 6.7 32 2.7 0 12.1 28.5 87 91 11.1 2.6
"31" "31" 2007-01-03 22.01 "CLE" "@" "BOS" "W" 3 1 44.7833333333333 0.656 0.6 2.6 14.5 8.1 16.4 3.4 1.7 10.9 27.1 125 106 27.3 9.2
"32" "32" 2007-01-05 22.02 "CLE" "@" "MIL" "W" 9 1 42.8333333333333 0.288 0.231 0 14.7 6.5 30.9 1.3 0 12.6 16.7 86 103 6.5 -5.1
"33" "33" 2007-01-06 22.02 "CLE" "" "NJN" "W" 5 1 44 0.452 0.452 0 39.4 17.1 16.1 3.7 6.3 19.2 26.9 81 90 13.1 1.9
"34" "34" 2007-01-09 22.03 "CLE" "@" "SAC" "W" 10 1 43.4166666666667 0.622 0.596 2.3 10.1 5.4 29.2 2.5 2.2 9.9 29.7 132 113 26.4 14.1
"35" "35" 2007-01-11 22.03 "CLE" "@" "PHO" "L" -19 1 38.8166666666667 0.589 0.589 4.8 11.2 7.7 42.5 1.3 0 14.8 35.5 112 114 22 13
"36" "36" 2007-01-13 22.04 "CLE" "@" "LAC" "W" 12 1 42.0333333333333 0.528 0.435 2.8 16.8 9.1 24.8 1.3 0 7 32.4 114 104 19.7 3.9
"37" "37" 2007-01-16 22.05 "CLE" "@" "SEA" "L" -5 1 43.5666666666667 0.543 0.405 2.5 16.1 9.1 38 2.5 1.8 12.7 33.2 111 109 24.5 10.9
"38" "38" 2007-01-17 22.05 "CLE" "@" "POR" "L" -18 1 35.1166666666667 0.43 0.405 9.5 10.5 10 22.7 1.6 0 13 41.7 87 111 10.1 2.4
"39" "39" 2007-01-19 22.05 "CLE" "@" "DEN" "L" -11 1 43.8666666666667 0.514 0.391 4.6 23 12.7 43.5 2.3 0 9.3 32.4 113 112 25.7 7.5
"40" "40" 2007-01-20 22.06 "CLE" "@" "GSW" "W" 2 1 45.8666666666667 0.661 0.682 0 14.4 7.9 21.5 4.1 0 27.1 29.7 93 89 20.8 5.1
"41" "41" 2007-01-22 22.06 "CLE" "" "ORL" "L" -11 1 43.3833333333333 0.434 0.4 0 15.3 6 24.7 4 0 8.8 26.2 90 105 12 1.7
"42" "42" 2007-01-24 22.07 "CLE" "" "PHI" "L" -3 1 53.1666666666667 0.615 0.596 4.2 27.3 13 21.2 1.1 0 11.2 29.5 124 117 27.9 10.7
"43" "" 2007-01-26 22.07 "CLE" "@" "PHI" "W" 8 NA NA NA NA NA NA NA NA NA NA NA NA NA NA NA NA
"44" "43" 2007-01-28 22.08 "CLE" "" "PHO" "L" -15 1 42.0666666666667 0.609 0.614 5.9 24.2 14.3 21.7 2.6 0 10.9 30.6 125 129 23.4 9.7
"45" "" 2007-01-30 22.08 "CLE" "" "GSW" "W" 27 NA NA NA NA NA NA NA NA NA NA NA NA NA NA NA NA
"46" "44" 2007-02-01 22.09 "CLE" "@" "MIA" "L" -3 1 35.5833333333333 0.395 0.389 3.3 19.3 10.6 48.7 1.5 0 8.5 31.6 92 105 10.7 3.7
"47" "45" 2007-02-02 22.09 "CLE" "" "CHA" "W" 20 1 35.65 0.545 0.538 3.3 31.9 17 14.1 2.9 0 5.7 22.6 115 88 16.2 4.6
"48" "46" 2007-02-04 22.1 "CLE" "" "DET" "L" -12 1 43.2833333333333 0.45 0.432 0 17.3 7.6 27.7 2.6 0 11.4 30.4 91 104 12.7 4.7
"49" "47" 2007-02-07 22.11 "CLE" "" "LAC" "W" 17 1 36.3166666666667 0.396 0.346 0 20.1 9.6 13.8 1.5 1.8 12.6 19.7 88 89 7 -1.8
"50" "48" 2007-02-09 22.11 "CLE" "" "MIA" "W" 24 1 41.1333333333333 0.568 0.568 2.7 16.7 9.5 25.9 0 0 7.3 30.1 120 97 21.1 7.4
"51" "49" 2007-02-11 22.12 "CLE" "" "LAL" "W" 9 1 38.35 0.423 0.313 2.8 19 11.1 21.8 1.4 2.2 4.5 27.1 100 101 13 0.1
"52" "50" 2007-02-14 22.13 "CLE" "@" "UTA" "L" -1 1 42.65 0.397 0.36 7.3 19.7 13.1 18.1 1.3 5.3 0 30.8 112 114 16.8 3.4
"53" "51" 2007-02-15 22.13 "CLE" "@" "LAL" "W" 6 1 39.8 0.74 0.625 0 9.6 5.2 15.8 3.7 0 10.5 30.6 143 107 30.9 13.4
"54" "52" 2007-02-21 22.15 "CLE" "@" "TOR" "W" 1 1 36.8166666666667 0.533 0.48 0 12.1 5.9 12.8 1.4 2.1 9.9 38.2 102 92 16.4 7.1
"55" "53" 2007-02-22 22.15 "CLE" "" "CHI" "L" -6 1 42.9666666666667 0.46 0.482 6.6 10.9 8.5 12.1 3.7 0 8.7 35.4 92 90 16.5 10.1
"56" "54" 2007-02-25 22.16 "CLE" "@" "MIA" "L" -5 1 41.5 0.532 0.5 0 7.2 3.6 41.7 0 1.9 6.8 32.2 110 100 19.3 10.8
"57" "55" 2007-02-27 22.16 "CLE" "" "NOK" "W" 8 1 42.8333333333333 0.698 0.705 2.9 10.9 7.1 36.9 2.4 1.5 13.8 31.4 125 95 29.8 16.6
"58" "56" 2007-03-01 22.17 "CLE" "@" "DAL" "L" -3 1 39.9666666666667 0.639 0.648 0 8.8 4.4 30.7 0 0 6.2 38.6 124 113 26.9 13.3
"59" "57" 2007-03-03 22.17 "CLE" "" "TOR" "W" 23 1 37.3666666666667 0.655 0.525 5.7 7.1 6.5 28.4 0 4.9 6.8 33.2 142 103 31.4 14.8
"60" "58" 2007-03-05 22.18 "CLE" "" "HOU" "W" 6 1 41.6333333333333 0.572 0.563 2.5 21.9 13.2 41.6 0 0 9.7 34.7 112 93 24.2 10.3
"61" "59" 2007-03-07 22.18 "CLE" "@" "DET" "W" 4 1 50.6666666666667 0.594 0.565 4.9 12.2 8.5 33.2 3.5 1.9 10.4 36.1 122 102 31.9 18.5
"62" "60" 2007-03-10 22.19 "CLE" "@" "MIL" "W" 2 1 36.5 0.673 0.636 0 27 14.4 61.6 4.4 2 20.2 39.7 116 94 25.8 15.2
"63" "61" 2007-03-11 22.19 "CLE" "" "IND" "W" 11 1 38.7 0.537 0.5 9.3 12.7 11 29.1 3.9 1.8 7.6 31.7 113 90 22.6 10.5
"64" "" 2007-03-13 22.2 "CLE" "" "SAC" "W" 24 NA NA NA NA NA NA NA NA NA NA NA NA NA NA NA NA
"65" "62" 2007-03-14 22.2 "CLE" "@" "MEM" "W" 22 1 29.5833333333333 0.738 0.765 4.4 16.9 11.5 23.1 5.2 0 9.2 33.4 139 97 26.3 20.1
"66" "63" 2007-03-17 22.21 "CLE" "" "UTA" "W" 9 1 43.6666666666667 0.449 0.381 4.2 33 18.3 40.9 2.4 3.2 13 28.5 100 70 20.9 13.4
"67" "64" 2007-03-20 22.22 "CLE" "@" "CHA" "L" -8 1 46.55 0.51 0.419 4.7 11.1 7.7 27 1.2 5.1 7.6 38.4 112 111 25 9.9
"68" "65" 2007-03-21 22.22 "CLE" "" "DAL" "L" -8 1 45.45 0.499 0.446 0 19.8 8.1 21.9 2.3 5.4 16.2 37.4 88 101 17.3 4
"69" "66" 2007-03-23 22.23 "CLE" "" "NYK" "W" 22 1 38.2666666666667 0.563 0.5 3.2 6.3 4.8 52.3 2.9 0 5.1 25.1 132 82 21.5 14.1
"70" "67" 2007-03-25 22.23 "CLE" "" "DEN" "L" -12 1 40.8166666666667 0.463 0.447 0 11.8 4.6 29.8 1.3 0 20.5 26.8 85 114 8.8 -3.6
"71" "68" 2007-03-27 22.24 "CLE" "@" "IND" "W" 11 1 40.1333333333333 0.538 0.444 3.1 19.4 11 25.2 2.7 0 11 32.4 110 102 19.1 3.9
"72" "69" 2007-03-28 22.24 "CLE" "@" "NYK" "L" -4 1 43.9166666666667 0.459 0.35 2.2 16.1 7.9 31.3 2.5 0 10.3 31.3 98 110 15.7 1.4
"73" "70" 2007-03-31 22.25 "CLE" "@" "CHI" "W" 4 1 47.4 0.635 0.56 2.9 11.5 7.3 41.3 3.4 0 18.6 37.3 116 109 28.9 8
"74" "" 2007-04-01 22.25 "CLE" "@" "BOS" "L" -2 NA NA NA NA NA NA NA NA NA NA NA NA NA NA NA NA
"75" "71" 2007-04-03 22.26 "CLE" "@" "MIN" "W" 13 1 41.8166666666667 0.592 0.542 5.2 28.7 16.4 28.6 5.1 2.2 7.1 31 124 88 30.3 14.9
"76" "72" 2007-04-05 22.26 "CLE" "" "MIA" "L" -4 1 48.6 0.655 0.571 4.5 17.8 10.7 28.7 0 0 13 29.4 128 104 25.3 12.1
"77" "73" 2007-04-06 22.27 "CLE" "@" "WAS" "W" 5 1 44.4166666666667 0.429 0.304 0 20.3 8.5 20.4 1.2 1.9 6.4 32.3 97 103 14.3 -2.7
"78" "74" 2007-04-08 22.27 "CLE" "@" "DET" "L" -5 1 43.1 0.48 0.344 3 11.1 7.2 24.4 1.3 0 19.3 31 93 107 11.3 -2
"79" "75" 2007-04-12 22.28 "CLE" "" "NJN" "W" 18 1 35.25 0.565 0.556 12.4 17.9 15.3 31 3.1 2.7 6.1 45.3 117 83 27.2 15.4
"80" "76" 2007-04-14 22.29 "CLE" "" "ATL" "W" 34 1 31.95 0.632 0.594 4.4 14.3 9.9 28.2 1.7 2.2 0 27.2 146 88 22 13.2
"81" "77" 2007-04-17 22.3 "CLE" "@" "PHI" "W" 6 1 36.05 0.498 0.467 3.3 12.4 8 26.9 0 0 5.2 25.1 109 106 13 -1.4
"82" "78" 2007-04-18 22.3 "CLE" "" "MIL" "W" 13 1 39.9666666666667 0.536 0.528 0 15.8 7.2 33.6 2.6 0 8.2 25.8 120 104 20 4.8
"1" "1" 2007-10-31 22.84 "CLE" "" "DAL" "L" -18 1 36.15 0.325 0.182 2.8 14.8 8 21 1.5 0 24.5 26.3 64 110 0.6 -10.7
"2" "2" 2007-11-02 22.84 "CLE" "" "NYK" "W" 4 1 44.4166666666667 0.597 0.518 7.9 10.5 9.2 31.6 3.5 1.4 7.4 40.8 131 113 36.7 14.5
"3" "3" 2007-11-04 22.85 "CLE" "@" "PHO" "L" -11 1 43.2166666666667 0.502 0.481 2.6 9.3 6.1 33.2 2.3 6.5 10 29.3 107 99 22.5 14.4
"4" "4" 2007-11-06 22.85 "CLE" "@" "GSW" "W" 4 1 41.85 0.629 0.594 2.7 29.3 16.6 33.6 0 5.1 9.5 22 128 101 25.9 10.1
"5" "5" 2007-11-07 22.85 "CLE" "@" "UTA" "L" -2 1 40.75 0.476 0.463 4.8 37.3 19.6 67 3.6 3.5 10.6 38.3 107 97 27.9 14.7
"6" "6" 2007-11-09 22.86 "CLE" "@" "SAC" "W" 2 1 43.85 0.577 0.526 0 11.5 4.9 18.2 1.2 1.9 4.3 22.8 127 102 20.2 7.9
"7" "7" 2007-11-11 22.87 "CLE" "@" "LAC" "W" 8 1 35.9166666666667 0.449 0.429 3 14.4 8.1 35.7 8.6 2 16.9 35.9 93 88 17.3 8.4
"8" "8" 2007-11-12 22.87 "CLE" "@" "DEN" "L" -22 1 33.7833333333333 0.609 0.594 0 4.1 1.6 24.5 2.9 0 15.3 31.8 110 121 16.9 5.6
"9" "9" 2007-11-14 22.87 "CLE" "" "ORL" "L" -1 1 47.2333333333333 0.63 0.593 9.2 23.5 15.9 55.8 0 4 11.4 31.7 131 113 37.6 17.6
"10" "10" 2007-11-16 22.88 "CLE" "" "UTA" "W" 5 1 40.2666666666667 0.595 0.5 5.5 19.5 13 55 0 5 13 41.6 117 99 31.5 15.4
"11" "11" 2007-11-20 22.89 "CLE" "" "MIL" "L" -4 1 44.1 0.623 0.523 0 16.9 9.3 28.2 1.2 1.6 9.9 30.8 128 118 26.7 7.5
"12" "12" 2007-11-21 22.89 "CLE" "@" "MIN" "W" 11 1 39.05 0.762 0.769 6.5 18 12.4 46.9 4.2 3.6 9.2 39 146 91 39.7 30.6
"13" "13" 2007-11-24 22.9 "CLE" "" "TOR" "W" 3 1 44.6833333333333 0.569 0.517 9 24.8 17.2 46.1 3.6 1.7 11 38 129 114 33.6 11.4
"14" "14" 2007-11-25 22.9 "CLE" "@" "IND" "W" 5 1 35.7833333333333 0.543 0.5 8.9 24.4 16.6 50.5 5.3 2 6.8 34.4 126 96 30.7 16.5
"15" "15" 2007-11-27 22.91 "CLE" "" "BOS" "W" 5 1 45.7666666666667 0.601 0.48 0 9.5 5.3 59.6 2.4 3.8 8.7 37.5 126 104 34.4 17.3
"16" "16" 2007-11-28 22.91 "CLE" "@" "DET" "L" -35 1 19.5166666666667 0.501 0.455 0 8.2 3.7 47 0 0 0 39.8 111 135 9.7 8.5
"17" "" 2007-11-30 22.92 "CLE" "@" "TOR" "L" -9 NA NA NA NA NA NA NA NA NA NA NA NA NA NA NA NA
"18" "" 2007-12-02 22.92 "CLE" "@" "BOS" "L" -10 NA NA NA NA NA NA NA NA NA NA NA NA NA NA NA NA
"19" "" 2007-12-04 22.93 "CLE" "" "NJN" "L" -21 NA NA NA NA NA NA NA NA NA NA NA NA NA NA NA NA
"20" "" 2007-12-05 22.93 "CLE" "@" "WAS" "L" -19 NA NA NA NA NA NA NA NA NA NA NA NA NA NA NA NA
"21" "" 2007-12-08 22.94 "CLE" "@" "CHA" "L" -3 NA NA NA NA NA NA NA NA NA NA NA NA NA NA NA NA
"22" "17" 2007-12-11 22.95 "CLE" "" "IND" "W" 13 0 22.6166666666667 0.634 0.556 5.6 9.9 7.9 34.9 2.2 3.7 23 34.7 113 108 13.2 1.6
"23" "18" 2007-12-14 22.96 "CLE" "@" "NJN" "L" -8 1 41.15 0.551 0.54 0 18.4 8.7 38.9 2.7 0 18.6 37.3 100 116 18.1 4
"24" "19" 2007-12-15 22.96 "CLE" "" "PHI" "L" -6 1 41.7666666666667 0.569 0.556 0 15.3 8.2 33.6 0 1.7 14 23.9 102 101 15.7 3.9
"25" "20" 2007-12-17 22.96 "CLE" "" "MIL" "W" 5 1 50.2166666666667 0.505 0.4 2.2 16.2 9 21.8 1.1 0 6.1 31.5 109 99 20.8 3.1
"26" "21" 2007-12-19 22.97 "CLE" "@" "NYK" "L" -18 1 36.8666666666667 0.677 0.643 3 30.4 14.1 40.3 8.9 0 14.5 35.5 125 107 30.3 22
"27" "22" 2007-12-20 22.97 "CLE" "" "LAL" "W" 4 1 38.4666666666667 0.488 0.414 10 16.3 13 32.8 1.4 1.9 8.1 43.7 107 101 22.3 9.8
"28" "23" 2007-12-23 22.98 "CLE" "" "GSW" "L" -9 1 40.85 0.486 0.4 4.4 10.7 6.8 34.1 1.3 2.1 10.4 29.5 108 114 18.4 4.2
"29" "24" 2007-12-25 22.99 "CLE" "" "MIA" "W" 14 1 38.6 0.524 0.474 0 17.4 8.7 65.4 1.4 1.9 7.7 30.6 116 89 22.4 11.1
"30" "25" 2007-12-27 22.99 "CLE" "@" "DAL" "W" 7 1 36.3166666666667 0.472 0.452 9.6 11.5 10.5 46 4.2 0 10.6 32.9 101 83 17.8 13.5
"31" "26" 2007-12-29 23 "CLE" "@" "NOH" "L" -10 1 42.35 0.444 0.405 5.2 7.9 6.5 29.7 1.4 0 14.5 31.4 95 109 11.8 4.6
"32" "27" 2008-01-02 23.01 "CLE" "" "ATL" "W" 4 1 40.0833333333333 0.671 0.614 3.4 11.7 7.9 30.7 2.8 1.8 6.9 34.5 139 111 31.4 15.8
"33" "28" 2008-01-04 23.01 "CLE" "" "SAC" "W" 4 1 45.35 0.515 0.417 2.1 22.5 10.1 38.4 5.9 1.7 11.4 24.9 114 95 25.1 11.1
"34" "29" 2008-01-06 23.02 "CLE" "@" "TOR" "W" 3 1 45.7333333333333 0.569 0.552 6.6 22.7 13.6 41.3 0 0 2.8 34.9 138 110 31 18.9
"35" "30" 2008-01-08 23.02 "CLE" "" "SEA" "W" 16 1 35.1666666666667 0.533 0.444 5.8 18.6 12 17.7 2.8 0 16.2 31.3 98 83 15.1 0.6
"36" "31" 2008-01-09 23.03 "CLE" "@" "ATL" "L" -9 1 43.3833333333333 0.597 0.591 6.3 18 11.5 37.7 3.7 1.6 10.4 28.3 122 95 27.1 18.4
"37" "32" 2008-01-11 23.03 "CLE" "" "CHA" "W" 7 1 49.6 0.583 0.55 11.5 26.4 19.7 33 4.3 4.8 23.1 32.7 105 86 28.8 11.8
"38" "33" 2008-01-15 23.04 "CLE" "@" "MEM" "W" 8 1 47.1666666666667 0.728 0.75 8.6 13.7 11.2 36.4 3.2 1.9 10.2 36.6 145 116 45 19.2
"39" "34" 2008-01-17 23.05 "CLE" "@" "SAS" "W" 2 1 38.9 0.461 0.396 8.4 18.1 13.1 36.1 0 4.3 9.3 40 105 103 19 8.6
"40" "35" 2008-01-21 23.06 "CLE" "@" "MIA" "W" 7 1 39.6666666666667 0.496 0.442 3 6.2 4.6 22.7 5.4 1.7 15.1 37.4 101 97 17.1 5.1
"41" "36" 2008-01-23 23.07 "CLE" "" "WAS" "W" 36 1 31.1333333333333 0.678 0.577 9.3 18.9 15 34.1 3.6 2.6 0 26.3 166 92 27 17
"42" "37" 2008-01-25 23.07 "CLE" "" "PHO" "L" -2 1 39.4333333333333 0.523 0.467 5.2 22.5 11.5 25.4 2.7 0 2.8 38.9 122 123 26 8.6
"43" "38" 2008-01-27 23.08 "CLE" "@" "LAL" "W" 3 1 44.1333333333333 0.55 0.516 7.3 15.5 11.3 21.1 2.4 0 11.8 42.9 107 103 25.5 8.6
"44" "39" 2008-01-30 23.08 "CLE" "@" "POR" "W" 1 1 43.8833333333333 0.54 0.5 5.2 26.3 16.6 29.6 2.5 3.1 10.4 42.6 106 86 26.3 14.8
"45" "" 2008-01-31 23.09 "CLE" "@" "SEA" "L" -6 NA NA NA NA NA NA NA NA NA NA NA NA NA NA NA NA
"46" "40" 2008-02-02 23.09 "CLE" "" "LAC" "W" 14 1 43.8 0.538 0.447 0 26.8 14.2 29.2 2.5 1.6 10.3 32 115 92 23 7.4
"47" "41" 2008-02-05 23.1 "CLE" "" "BOS" "W" 1 1 42.4 0.65 0.619 2.9 31.2 15 49.3 6.1 4 21.6 33 123 110 30.4 14.8
"48" "42" 2008-02-07 23.11 "CLE" "@" "HOU" "L" -15 1 41.2166666666667 0.575 0.565 2.6 15.5 9.1 41 2.8 4 9.7 39.2 111 108 25.8 17.4
"49" "43" 2008-02-08 23.11 "CLE" "@" "ATL" "W" 5 1 44 0.505 0.458 10.1 18.6 14.3 26.3 2.4 1.7 3.7 27.6 124 105 24.3 6.1
"50" "44" 2008-02-10 23.12 "CLE" "" "DEN" "L" -30 1 32.6 0.585 0.522 2.9 13.1 7.7 28 3.1 0 16.3 37.7 108 117 18.9 12.7
"51" "45" 2008-02-11 23.12 "CLE" "@" "ORL" "W" 7 1 43.85 0.671 0.567 3 14.6 9.3 37.4 3.5 1.9 18.8 28.3 127 113 27.5 8.3
"52" "46" 2008-02-13 23.12 "CLE" "" "SAS" "L" -7 1 42.7333333333333 0.572 0.565 6.6 11.5 9.2 46.2 0 2 8.1 43.4 119 132 27.9 5
"53" "47" 2008-02-19 23.14 "CLE" "" "HOU" "L" -8 1 42.1333333333333 0.569 0.5 4.7 28.5 16.1 54.4 2.4 0 18 30.8 108 97 23.6 13.3
"54" "48" 2008-02-20 23.14 "CLE" "@" "IND" "W" 9 1 43.2333333333333 0.568 0.523 5 33.3 18.5 49.7 2.4 2 12.8 32.5 122 100 30.1 13.1
"55" "49" 2008-02-22 23.15 "CLE" "" "WAS" "W" 1 1 44.5333333333333 0.631 0.6 7.9 39.2 21.8 38.9 1.3 1.9 10.3 32.6 131 103 31 15
"56" "50" 2008-02-24 23.15 "CLE" "" "MEM" "W" 20 1 39.0333333333333 0.651 0.618 3.5 16.8 10.9 45.5 3.8 2 23.8 27.9 115 89 23.8 10.8
"57" "51" 2008-02-26 23.16 "CLE" "@" "MIL" "L" -3 1 37.8333333333333 0.668 0.688 0 11.5 5.9 36.8 0 2 7.1 35 129 120 26.3 10.9
"58" "52" 2008-02-27 23.16 "CLE" "@" "BOS" "L" -5 1 39 0.425 0.313 10.5 14.5 12.2 22 0 0 8.9 38.8 97 107 13.4 3.1
"59" "53" 2008-02-29 23.17 "CLE" "" "MIN" "W" 8 1 43.5833333333333 0.578 0.523 6.7 14.1 11 59.9 2.6 0 10.4 34 125 100 28.7 12.6
"60" "54" 2008-03-02 23.17 "CLE" "" "CHI" "W" 9 1 39.85 0.569 0.517 9 8.4 8.7 38.2 1.3 0 8.4 42.2 116 101 27.1 11.2
"61" "55" 2008-03-05 23.18 "CLE" "@" "NYK" "W" 14 1 43.8333333333333 0.675 0.65 2.8 21.3 11.7 48.7 5.2 0 5.1 39.9 157 116 44 23.4
"62" "56" 2008-03-06 23.18 "CLE" "@" "CHI" "L" -11 1 37.9166666666667 0.604 0.519 0 6.9 3.7 7.7 1.4 5.1 11 42.6 114 119 25.2 12
"63" "57" 2008-03-08 23.19 "CLE" "" "IND" "W" 8 1 38.2166666666667 0.649 0.563 9.7 22.5 15.2 21.7 1.4 4.4 6.4 34.2 145 105 32.5 19.6
"64" "58" 2008-03-10 23.19 "CLE" "" "POR" "W" 8 1 43.6833333333333 0.506 0.417 3.1 21.5 13.6 56.7 1.4 3.9 14.4 33.3 106 95 22.1 12.2
"65" "59" 2008-03-12 23.2 "CLE" "@" "NJN" "L" -5 1 45.6833333333333 0.634 0.565 7.5 22.7 14.6 37.9 1.1 3.3 15.3 38.8 118 108 31.7 10
"66" "60" 2008-03-13 23.2 "CLE" "@" "WAS" "L" -2 1 43.3833333333333 0.49 0.432 4.7 13.8 8.9 32.2 0 0 21.5 33.1 97 118 11.6 -4.5
"67" "61" 2008-03-16 23.21 "CLE" "" "CHA" "W" 7 1 41.6666666666667 0.532 0.479 5.1 12.3 8.8 51.6 1.3 3.5 3.1 34.9 124 102 28.7 14.8
"68" "62" 2008-03-17 23.21 "CLE" "@" "ORL" "L" -14 1 42.2333333333333 0.559 0.523 5.4 18.9 12.2 30.3 0 2.1 10.1 32.7 114 113 22.4 7.7
"69" "63" 2008-03-19 23.22 "CLE" "" "DET" "W" 16 1 41.0666666666667 0.679 0.632 8.2 11.1 9.6 30.3 1.5 1.9 0 27.2 154 93 29.9 22.4
"70" "64" 2008-03-21 23.22 "CLE" "" "TOR" "W" 7 1 41.4 0.659 0.659 0 29.6 16.2 29.3 1.4 0 18.5 31.5 111 92 21.9 9.1
"71" "65" 2008-03-22 23.23 "CLE" "@" "MIL" "L" -10 1 38.5833333333333 0.493 0.42 9.4 23.5 15.2 21.8 2.6 0 12 35.6 105 112 18.8 6.7
"72" "66" 2008-03-26 23.24 "CLE" "" "NOH" "L" -1 1 40.55 0.571 0.464 0 8.5 4.4 27.9 2.8 4.1 9.8 23.5 132 117 19.9 9.8
"73" "67" 2008-03-29 23.25 "CLE" "@" "DET" "L" -14 1 35.3 0.331 0.265 0 14.7 6.8 31.5 0 0 20.3 35.6 63 110 1.6 -8.4
"74" "68" 2008-03-30 23.25 "CLE" "" "PHI" "W" 3 1 41.7833333333333 0.673 0.639 8.2 17.7 12.8 40.8 3.9 1.7 4.9 23.1 148 96 29.1 16.6
"75" "69" 2008-04-02 23.26 "CLE" "@" "CHA" "W" 4 1 31.2166666666667 0.67 0.605 7.2 7.3 7.2 26.4 4.9 4.6 15.6 35.2 126 113 23.6 11.1
"76" "70" 2008-04-03 23.26 "CLE" "" "CHI" "L" -3 1 38.5 0.547 0.479 0 19.5 8.4 19.5 2.8 4.5 9 38.8 112 108 21.7 8.2
"77" "71" 2008-04-05 23.27 "CLE" "" "ORL" "L" -15 1 42.3666666666667 0.333 0.295 12.6 6.3 9.8 37.5 2.5 4.4 16.4 30.5 82 113 10.8 1.4
"78" "72" 2008-04-09 23.28 "CLE" "" "NJN" "W" 21 1 35.3666666666667 0.618 0.548 13.2 9 11 51.5 1.5 5 0 34.7 147 96 32.4 24.2
"79" "73" 2008-04-11 23.28 "CLE" "@" "CHI" "L" -5 1 38.1833333333333 0.647 0.667 0 19.8 8.9 13.5 4 0 10.2 33.9 115 102 24.5 11.4
"80" "74" 2008-04-13 23.29 "CLE" "" "MIA" "W" 8 1 35.25 0.502 0.333 0 35.7 17.4 39.9 1.7 5.4 27.8 24.5 91 86 12.3 2.9
"81" "75" 2008-04-14 23.29 "CLE" "@" "PHI" "W" 1 1 41.6833333333333 0.58 0.583 2.7 8.2 5.4 22.6 2.6 1.6 17.7 31.9 105 101 17.6 6.7
"82" "" 2008-04-16 23.3 "CLE" "" "DET" "L" -10 NA NA NA NA NA NA NA NA NA NA NA NA NA NA NA NA
"1" "1" 2008-10-28 23.83 "CLE" "@" "BOS" "L" -5 1 36 0.449 0.429 3.9 18.6 12.1 47.1 2.9 2.2 10.9 35.4 93 92 14.1 8.2
"2" "2" 2008-10-30 23.84 "CLE" "" "CHA" "W" 17 1 30.2666666666667 0.542 0.467 9.6 23.6 17.8 59.7 0 2.6 19.8 40.2 111 94 17 6.3
"3" "3" 2008-11-01 23.84 "CLE" "@" "NOH" "L" -12 1 37.7166666666667 0.447 0.4 7.5 16.7 12.4 58.3 4.2 0 23 27.6 100 108 15.3 6
"4" "4" 2008-11-03 23.85 "CLE" "@" "DAL" "W" 19 1 34.1333333333333 0.545 0.4 6.4 19.6 12.9 17.8 3.3 2.5 3.6 37.7 131 93 24 14.4
"5" "5" 2008-11-05 23.85 "CLE" "" "CHI" "W" 14 1 35.8333333333333 0.682 0.565 7.1 21.8 14.9 41 5.8 0 14.3 43.3 130 92 36 22.7
"6" "6" 2008-11-07 23.86 "CLE" "" "IND" "W" 4 1 39.3333333333333 0.499 0.479 7.6 20.3 14.8 36.7 1.3 7.5 12.9 36.4 104 108 21.5 4.9
"7" "7" 2008-11-08 23.86 "CLE" "@" "CHI" "W" 9 1 39.2 0.59 0.517 14.8 26.9 21.5 22.2 0 0 5.4 42.7 134 109 31 15.5
"8" "8" 2008-11-11 23.87 "CLE" "" "MIL" "W" 6 1 42.7666666666667 0.722 0.688 0 12.5 6.9 39.5 3.9 0 6.6 35.9 140 104 35.7 19.2
"9" "9" 2008-11-13 23.87 "CLE" "" "DEN" "W" 11 1 38.0333333333333 0.506 0.5 3.8 26 15.1 40.4 4.4 0 18.7 35.1 102 108 18.1 2.4
"10" "10" 2008-11-15 23.88 "CLE" "" "UTA" "W" 12 1 42.05 0.735 0.69 8.4 6.3 7.4 37.8 2.6 3.9 7.2 31 153 108 35.9 21.6
"11" "11" 2008-11-18 23.89 "CLE" "@" "NJN" "W" 24 1 35.9666666666667 0.564 0.475 0 21.8 12 25.4 0 2.1 9.8 39.3 115 92 20.3 5.3
"12" "12" 2008-11-19 23.89 "CLE" "@" "DET" "L" -7 1 39.5 0.492 0.381 3.2 17.4 10 34.3 5.6 0 10.6 35.2 106 104 20.1 8.2
"13" "13" 2008-11-22 23.9 "CLE" "" "ATL" "W" 14 1 36.5833333333333 0.543 0.447 3.6 18.7 11.8 34.4 3.1 0 8.3 31.9 124 107 20.8 9
"14" "14" 2008-11-25 23.91 "CLE" "@" "NYK" "W" 18 1 30.3333333333333 0.69 0.607 0 12.9 7 4.3 1.7 3.2 5 29.1 141 107 20.8 9.2
"15" "15" 2008-11-26 23.91 "CLE" "" "OKC" "W" 35 1 17.1333333333333 0.583 0.583 0 17.9 11.4 33.1 3 11.5 0 32.9 130 76 14.5 20.2
"16" "16" 2008-11-28 23.92 "CLE" "" "GSW" "W" 15 1 30.65 0.779 0.808 3.3 20 11.7 43.3 4.8 2.3 11.9 22.8 150 92 25.7 23.3
"17" "17" 2008-11-29 23.92 "CLE" "@" "MIL" "W" 12 1 41.3666666666667 0.51 0.463 2.3 17 8.9 23.1 2.5 2 8.7 35.5 110 91 21.2 10.4
"18" "18" 2008-12-03 23.93 "CLE" "" "NYK" "W" 36 1 28.15 0.729 0.55 0 17.1 9.8 29.7 8.6 3.5 0 21.5 170 70 27.4 25.3
"19" "19" 2008-12-05 23.93 "CLE" "" "IND" "W" 24 1 37.6166666666667 0.4 0.333 7.3 17.8 13.1 42.7 1.5 6.4 12.7 21.5 109 84 15 7.2
"20" "20" 2008-12-06 23.94 "CLE" "@" "CHA" "W" 20 1 27.6666666666667 0.609 0.529 10.5 13 11.9 38.3 4.1 6.3 12.8 41.7 123 82 20.2 18.5
"21" "21" 2008-12-09 23.95 "CLE" "" "TOR" "W" 20 1 30.4 0.72 0.667 0 19.7 10.1 24.6 5.1 0 8.5 34.3 140 95 27.3 18.6
"22" "22" 2008-12-10 23.95 "CLE" "@" "PHI" "W" 8 1 39.0666666666667 0.568 0.5 5.7 5.6 5.6 22.2 0 3.6 3.8 30.5 129 106 21.5 11.6
"23" "23" 2008-12-12 23.95 "CLE" "" "PHI" "W" 16 1 36.8333333333333 0.533 0.452 8.7 15.3 11.5 45 1.6 6.9 0 34.4 130 85 26.2 22.8
"24" "24" 2008-12-13 23.96 "CLE" "@" "ATL" "L" -5 1 45.6666666666667 0.68 0.579 5 13.1 8.5 40.3 5.3 2.5 4 27.4 150 114 35.1 24.7
"25" "25" 2008-12-17 23.97 "CLE" "@" "MIN" "W" 23 1 39.6333333333333 0.735 0.75 0 16.5 9.1 15.8 2.9 4.2 0 28.9 150 80 29.7 22.3
"26" "26" 2008-12-19 23.97 "CLE" "@" "DEN" "W" 17 1 38.75 0.702 0.65 10 22.2 16.3 41.5 0 0 20.3 34 123 97 26.4 10.9
"27" "27" 2008-12-21 23.98 "CLE" "@" "OKC" "W" 11 1 42.7666666666667 0.623 0.625 6.6 5.8 6.2 29.9 3.9 1.8 10.8 33.4 123 106 26.6 10.5
"28" "28" 2008-12-23 23.98 "CLE" "" "HOU" "W" 9 1 38.3333333333333 0.518 0.478 3.6 26.4 15.4 25.8 4.2 2.6 21.2 41.6 93 94 17 2.9
"29" "29" 2008-12-25 23.99 "CLE" "" "WAS" "W" 4 1 38.2166666666667 0.517 0.462 0 15 7.7 32.1 4.2 2 14.7 25.3 103 94 15.7 4.6
"30" "30" 2008-12-28 24 "CLE" "" "MIA" "W" 7 1 42.5166666666667 0.68 0.684 0 15.1 7.6 58.2 0 1.7 7.6 27.9 137 98 28.9 18.3
"31" "31" 2008-12-30 24 "CLE" "@" "MIA" "L" -9 1 43.4833333333333 0.63 0.563 0 6.3 2.9 39.1 0 3.8 14.2 40.9 118 127 25.9 8.9
"32" "32" 2009-01-02 24.01 "CLE" "" "CHI" "W" 25 1 37.2666666666667 0.694 0.5 3.1 22.7 13.8 39.2 2.7 6 30.3 19.1 123 90 21.4 13.5
"33" "33" 2009-01-04 24.01 "CLE" "@" "WAS" "L" -3 1 40.7666666666667 0.588 0.568 0 15.7 8.1 78.2 1.4 3.5 21.5 39.4 104 91 20.4 14.5
"34" "34" 2009-01-07 24.02 "CLE" "" "CHA" "W" 30 1 30.9833333333333 0.606 0.563 0 15.1 8.4 20 3.5 5.3 18.8 33.2 107 87 16.4 4.9
"35" "35" 2009-01-09 24.03 "CLE" "" "BOS" "W" 15 1 35.8166666666667 0.656 0.58 4.3 19.6 13 51.6 6.4 6.6 9.4 47.3 127 88 34.7 26.4
"36" "36" 2009-01-13 24.04 "CLE" "@" "MEM" "W" 15 1 40.2 0.709 0.633 0 31.3 17.3 47.3 4.1 2 8.6 29.6 147 90 33.1 20.3
"37" "37" 2009-01-15 24.04 "CLE" "@" "CHI" "L" -9 1 44.3166666666667 0.4 0.304 8.8 28.6 19.2 35.7 1.2 1.7 18.6 48.6 81 101 12 -3.6
"38" "38" 2009-01-16 24.05 "CLE" "" "NOH" "W" 14 1 42.9833333333333 0.544 0.5 8.6 28.6 19.1 42 4.1 2.3 13.1 36.9 111 85 25.4 13.2
"39" "39" 2009-01-19 24.05 "CLE" "@" "LAL" "L" -17 1 42.1666666666667 0.403 0.38 5.3 18.5 11.9 19.2 5.3 1.9 17.4 38.8 81 113 12.1 -1.6
"40" "40" 2009-01-21 24.06 "CLE" "@" "POR" "W" 6 1 42.0333333333333 0.535 0.517 0 18.2 10.8 63.9 1.3 0 5.9 39.5 126 112 28.7 13.5
"41" "41" 2009-01-23 24.07 "CLE" "@" "GSW" "W" 1 1 40.65 0.515 0.458 5.1 18.4 11.7 39 3.7 3.6 6.1 35.5 114 102 27.5 12.6
"42" "42" 2009-01-24 24.07 "CLE" "@" "UTA" "W" 5 1 41.1333333333333 0.557 0.537 12.3 26.5 19.9 44.4 1.3 0 6.3 37.4 124 107 29.6 12
"43" "43" 2009-01-27 24.08 "CLE" "" "SAC" "W" 7 1 37.5166666666667 0.693 0.5 17.3 34.6 25.9 46 0 7.8 10.8 21.7 162 119 31.1 16.8
"44" "44" 2009-01-29 24.08 "CLE" "@" "ORL" "L" -11 1 37.6833333333333 0.388 0.37 2.8 21.2 11.7 47.9 1.5 2.6 6.3 41.6 88 112 14.6 4.3
"45" "45" 2009-01-30 24.08 "CLE" "" "LAC" "W" 17 1 37.1333333333333 0.636 0.588 0 21.5 11.3 25.5 4.3 2.2 13.3 28.5 125 97 22.5 9.7
"46" "46" 2009-02-01 24.09 "CLE" "@" "DET" "W" 10 1 38.8333333333333 0.553 0.54 13.4 0 6.4 49 1.5 1.8 14.4 45.2 113 101 22.2 14.1
"47" "47" 2009-02-03 24.1 "CLE" "" "TOR" "W" 18 1 37.5166666666667 0.642 0.5 3.8 20.2 12.4 21.8 1.5 3.9 10.4 38.8 128 97 26.1 14
"48" "48" 2009-02-04 24.1 "CLE" "@" "NYK" "W" 5 1 44.05 0.629 0.545 0 22.3 11.4 64.9 0 3.8 6.8 48.2 130 110 42.9 19.3
"49" "49" 2009-02-08 24.11 "CLE" "" "LAL" "L" -10 1 40.1333333333333 0.34 0.3 8 15.3 11.4 51.2 0 0 4.1 28.1 103 122 13 3.9
"50" "50" 2009-02-10 24.12 "CLE" "@" "IND" "L" -1 1 41.1666666666667 0.865 0.81 0 18.1 9.2 28.2 1.3 1.9 20.5 37.7 142 106 37.1 24.6
"51" "51" 2009-02-11 24.12 "CLE" "" "PHO" "W" 17 1 33.2833333333333 0.604 0.528 6.7 16.5 11.1 30.9 3 2.3 12.2 31.3 127 97 22.7 11.4
"52" "52" 2009-02-18 24.14 "CLE" "@" "TOR" "W" 17 1 33.2 0.559 0.529 5.2 22.2 16.3 48.2 1.6 2.1 21.9 34.4 103 81 17.4 6.6
"53" "53" 2009-02-20 24.14 "CLE" "@" "MIL" "W" 8 1 40.0666666666667 0.711 0.69 3.4 13 8.3 57.3 0 0 13.4 50.4 137 115 39.3 20.8
"54" "54" 2009-02-22 24.15 "CLE" "" "DET" "W" 21 1 30.5666666666667 0.575 0.462 0 15.4 8.5 55.3 3.8 2.2 0 29.5 140 91 23 18.6
"55" "55" 2009-02-24 24.15 "CLE" "" "MEM" "W" 15 1 29.6666666666667 0.555 0.45 0 20.7 10.8 52.8 0 2.5 12.9 25.4 124 96 14.2 7.9
"56" "56" 2009-02-26 24.16 "CLE" "@" "HOU" "L" -19 1 33.85 0.444 0.381 0 4.4 1.8 0 1.7 5.5 11.3 38.9 87 112 6.8 0.8
"57" "57" 2009-02-27 24.16 "CLE" "@" "SAS" "W" 11 1 32.1333333333333 0.617 0.587 13.9 34.7 24.3 33.1 3.5 0 3.9 36 139 91 27.5 24.5
"58" "58" 2009-03-01 24.17 "CLE" "@" "ATL" "W" 1 1 43.7166666666667 0.497 0.45 2.8 13.1 8.1 49.9 1.3 3.4 0 29.4 123 102 23.9 15.4
"59" "59" 2009-03-02 24.17 "CLE" "@" "MIA" "W" 7 1 43.6666666666667 0.827 0.762 2.9 17.9 10.9 19.4 1.1 1.7 19.1 32.3 134 105 32.2 12.6
"60" "60" 2009-03-04 24.18 "CLE" "" "MIL" "W" 18 1 33.2 0.817 0.818 3.4 25.3 14.1 27.7 1.6 0 17.6 25 134 85 20.1 14.8
"61" "61" 2009-03-06 24.18 "CLE" "@" "BOS" "L" -11 1 38.2833333333333 0.518 0.4 0 21.5 10.6 26.4 1.5 0 16.5 32.5 100 123 13.2 0.5
"62" "62" 2009-03-07 24.18 "CLE" "" "MIA" "W" 10 1 43.3166666666667 0.387 0.333 6.2 20.6 14 45.1 1.2 1.7 10 22.9 105 97 16.2 5.8
"63" "63" 2009-03-10 24.19 "CLE" "@" "LAC" "W" 4 1 43.7 0.533 0.435 9.8 23.5 16.4 57.5 2.4 3.7 11.8 35.6 114 88 30.1 18.5
"64" "64" 2009-03-12 24.2 "CLE" "@" "PHO" "W" 8 1 43.45 0.572 0.479 16.6 13 14.9 49.6 3.5 5 9.2 32.9 141 111 37 19
"65" "65" 2009-03-13 24.2 "CLE" "@" "SAC" "W" 3 1 46.9833333333333 0.68 0.6 0 11 5.2 40.7 2.3 6.4 7.4 39.7 141 121 43.4 19.3
"66" "66" 2009-03-15 24.21 "CLE" "" "NYK" "W" 5 1 39.8666666666667 0.519 0.529 2.9 16.5 10.4 41.3 5.3 5.9 14.1 24.2 111 94 22.4 14.2
"67" "67" 2009-03-17 24.21 "CLE" "" "ORL" "W" 4 1 42.6666666666667 0.685 0.63 5.4 27.4 16.3 40.7 5 2.2 16 40.4 125 93 38 23.8
"68" "68" 2009-03-19 24.22 "CLE" "" "POR" "W" 5 1 46.7833333333333 0.484 0.455 0 29.7 13.8 44.1 1.3 3.9 0 30.4 112 99 23.7 15.1
"69" "69" 2009-03-21 24.22 "CLE" "" "ATL" "W" 6 1 40.05 0.474 0.452 3.5 15 10.2 22 3.9 2.1 7.9 29.6 100 99 17 5.4
"70" "70" 2009-03-22 24.22 "CLE" "@" "NJN" "W" 8 1 39.15 0.636 0.559 6.1 25.7 16.2 39.3 1.4 0 4.1 32.2 137 101 29.8 18.5
"71" "71" 2009-03-25 24.23 "CLE" "" "NJN" "W" 11 1 39.1 0.644 0.536 3.5 18.7 12.1 55.3 1.5 0 5.5 23.8 153 107 25.5 14.1
"72" "72" 2009-03-27 24.24 "CLE" "" "MIN" "W" 22 1 33.6 0.679 0.643 10.6 31.1 23.5 36.3 0 0 21.4 35.1 124 102 21.5 6.7
"73" "73" 2009-03-29 24.24 "CLE" "" "DAL" "W" 28 1 31.3166666666667 0.496 0.455 3.3 15.3 9.6 70.2 1.7 4.9 0 34.9 123 80 24.8 24.2
"74" "74" 2009-03-31 24.25 "CLE" "" "DET" "W" 6 1 40.6 0.454 0.375 2.5 26.5 14.8 16.6 4.2 1.8 3.5 35.5 96 74 20.2 12.6
"75" "75" 2009-04-02 24.25 "CLE" "@" "WAS" "L" -8 1 38.3333333333333 0.735 0.722 3 25 13.7 29.8 0 0 22.2 34.1 118 123 22.9 9
"76" "76" 2009-04-03 24.26 "CLE" "@" "ORL" "L" -29 1 32 0.533 0.4 3 29.3 14.8 36.6 1.6 0 7.6 38.9 110 122 20 12.3
"77" "77" 2009-04-05 24.26 "CLE" "" "SAS" "W" 20 1 36.7166666666667 0.775 0.714 0 19.5 11.7 37.9 1.6 0 7.5 37.9 154 96 33.8 22.6
"78" "78" 2009-04-08 24.27 "CLE" "" "WAS" "W" 12 1 30.85 0.567 0.467 0 23.3 10.6 40.2 5.5 0 9.7 30.7 125 92 20.2 15.7
"79" "79" 2009-04-10 24.28 "CLE" "@" "PHI" "W" 10 1 36.5666666666667 0.606 0.5 0 7.7 3.6 49.5 0 2.1 4.3 31.4 145 120 23.2 12.2
"80" "80" 2009-04-12 24.28 "CLE" "" "BOS" "W" 31 1 30.3666666666667 0.871 0.821 0 13.7 8.5 46.5 1.8 2.5 23.1 35 138 83 25.2 23.6
"81" "81" 2009-04-13 24.28 "CLE" "@" "IND" "W" 8 1 38.7 0.634 0.565 0 13.2 6.7 24.7 1.3 0 14.6 36.9 121 116 25.1 6.9
"82" "" 2009-04-15 24.29 "CLE" "" "PHI" "L" -1 NA NA NA NA NA NA NA NA NA NA NA NA NA NA NA NA
"1" "1" 2009-10-27 24.82 "CLE" "" "BOS" "L" -6 1 44.9166666666667 0.685 0.636 0 13.4 6.1 52.9 2.4 8.1 15.3 36 121 103 31.2 19.4
"2" "2" 2009-10-28 24.83 "CLE" "@" "TOR" "L" -10 1 39.7833333333333 0.457 0.395 4.5 25.3 13.7 70.4 2.5 0 13.7 31.1 100 100 20.2 11.4
"3" "3" 2009-10-30 24.83 "CLE" "@" "MIN" "W" 17 1 33.4333333333333 0.621 0.611 6.8 20.9 14.4 33.6 1.6 2 9.4 29.5 125 93 22 10.9
"4" "4" 2009-10-31 24.84 "CLE" "" "CHA" "W" 11 1 37.2333333333333 0.513 0.455 4.6 20.9 13.9 39.3 0 0 22.7 26.7 107 103 11.9 -2.8
"5" "5" 2009-11-03 24.84 "CLE" "" "WAS" "W" 12 1 35.9833333333333 0.622 0.5 8.2 16.3 11.9 30 4.6 0 15.6 32.7 120 98 24.6 14.6
"6" "6" 2009-11-05 24.85 "CLE" "" "CHI" "L" -1 1 38.2166666666667 0.596 0.559 0 19.1 9.6 34.7 1.4 1.6 12.5 29.6 111 93 20.5 11.3
"7" "7" 2009-11-06 24.85 "CLE" "@" "NYK" "W" 9 1 35.6166666666667 0.787 0.765 0 26.3 14 55.6 4.2 0 25 36.4 125 90 28.6 15.9
"8" "8" 2009-11-11 24.87 "CLE" "@" "ORL" "W" 9 1 39.1166666666667 0.668 0.609 6.8 17.1 12.4 23.3 1.3 0 12.9 37.6 125 102 26.9 11.7
"9" "9" 2009-11-12 24.87 "CLE" "@" "MIA" "W" 7 1 38.8833333333333 0.609 0.45 3.5 9.7 6.8 33.1 2.6 2.3 6.7 35.7 128 109 28.8 13.6
"10" "10" 2009-11-14 24.87 "CLE" "" "UTA" "W" 4 1 37.55 0.518 0.4 0 26.4 11.6 36.7 2.8 2.1 9 28.5 115 110 20.1 4.9
"11" "11" 2009-11-17 24.88 "CLE" "" "GSW" "W" 6 1 38.5333333333333 0.662 0.605 0 15.6 8.8 46.3 1.3 3.9 7.9 30.9 141 114 30.8 11.9
"12" "12" 2009-11-18 24.88 "CLE" "@" "WAS" "L" -17 1 35.1333333333333 0.723 0.675 0 6.1 3.3 66.1 3 0 20.3 40.5 120 119 25.7 13.6
"13" "13" 2009-11-20 24.89 "CLE" "@" "IND" "W" 10 1 37.8833333333333 0.642 0.54 5.9 19.7 13 45.4 1.4 2 6 39.3 137 102 35 20
"14" "14" 2009-11-21 24.89 "CLE" "" "PHI" "W" 6 1 38.5333333333333 0.707 0.7 0 17.4 10 56.6 0 0 18.1 36.2 121 105 24.6 9.4
"15" "15" 2009-11-25 24.9 "CLE" "@" "DET" "W" 10 1 38.8166666666667 0.589 0.521 3.3 21.6 12.7 45.2 1.5 0 14.8 43.9 115 102 24.1 5.5
"16" "16" 2009-11-27 24.91 "CLE" "@" "CHA" "L" -7 1 38.0166666666667 0.602 0.579 0 18.5 9.4 21.6 0 0 22.4 33 99 108 12.3 1.4
"17" "17" 2009-11-28 24.91 "CLE" "" "DAL" "W" 16 1 36.35 0.542 0.5 0 19.4 10.5 49.8 0 0 4.2 32.3 135 114 22.3 7.3
"18" "18" 2009-12-02 24.92 "CLE" "" "PHO" "W" 17 1 34.6166666666667 0.4 0.4 3.1 20.7 12.1 37.8 1.5 2.4 16.7 22.7 96 99 12.4 1.1
"19" "19" 2009-12-04 24.93 "CLE" "" "CHI" "W" 14 1 34.2 0.537 0.5 0 21.6 9.8 55.6 0 0 4.5 31.2 129 106 20.8 10.2
"20" "20" 2009-12-06 24.93 "CLE" "@" "MIL" "W" 15 1 32.3 0.535 0.4 4.2 11.7 8.6 51.1 1.6 2 27.7 25.9 102 91 13 4.2
"21" "21" 2009-12-08 24.94 "CLE" "@" "MEM" "L" -2 1 44.7833333333333 0.627 0.552 11 23.2 17.3 30.3 0 1.5 12.7 38.6 129 111 32.5 14.5
"22" "22" 2009-12-09 24.94 "CLE" "@" "HOU" "L" -10 1 39.6666666666667 0.531 0.429 3 14.1 8.6 41.7 1.3 2.1 16.4 34.3 103 101 18.1 8.7
"23" "23" 2009-12-11 24.95 "CLE" "" "POR" "W" 5 1 37.6 0.619 0.604 4.1 19.6 12.8 35.6 1.4 4.5 13.1 38.6 118 106 26.4 12.7
"24" "24" 2009-12-13 24.95 "CLE" "@" "OKC" "W" 13 1 38.5833333333333 0.659 0.638 0 23.5 11.2 37.1 5.5 2.3 2.9 40.9 140 89 38.5 28.8
"25" "25" 2009-12-15 24.96 "CLE" "" "NJN" "W" 10 1 40.4666666666667 0.531 0.5 4.1 12.4 9.2 29.3 2.9 0 21.7 35.3 98 107 14.4 -2.4
"26" "26" 2009-12-16 24.96 "CLE" "@" "PHI" "W" 7 1 40.2833333333333 0.584 0.519 3.1 13.2 8.6 42.3 4.1 1.9 8.9 40.9 121 111 28.8 10.8
"27" "27" 2009-12-18 24.97 "CLE" "" "MIL" "W" 3 1 38.3666666666667 0.678 0.538 3.6 22.5 14.7 48.8 0 6.1 23.8 34 114 92 23.2 13.2
"28" "28" 2009-12-20 24.97 "CLE" "@" "DAL" "L" -7 1 43.0833333333333 0.479 0.435 0 8.6 4.1 26.8 2.5 3.7 7.1 31.1 102 111 17 6.5
"29" "29" 2009-12-21 24.98 "CLE" "@" "PHO" "W" 18 1 38.4333333333333 0.613 0.548 3.7 16 10.3 18.3 2.6 0 11.3 32.8 115 96 21.5 6
"30" "30" 2009-12-23 24.98 "CLE" "@" "SAC" "W" 13 1 43.6833333333333 0.514 0.483 12.4 31.7 22.8 40.4 0 0 5.7 38.5 125 107 28.8 8.8
"31" "31" 2009-12-25 24.99 "CLE" "@" "LAL" "W" 15 1 40.7333333333333 0.545 0.526 0 9.2 5.5 38.7 2.5 1.8 22.7 36.6 95 94 16.3 2.5
"32" "32" 2009-12-27 24.99 "CLE" "" "HOU" "W" 25 1 29.4333333333333 0.666 0.65 6.9 11.4 9.1 40.1 5.1 3.2 4.4 33.4 141 82 28.6 25.8
"33" "33" 2009-12-29 25 "CLE" "@" "ATL" "W" 11 1 39.6 0.328 0.3 3.5 22.3 13.3 39.4 6.7 2.2 15.8 29.7 83 82 12.7 4.9
"34" "34" 2009-12-30 25 "CLE" "" "ATL" "W" 5 1 43.2 0.799 0.739 7.9 18.1 13.1 34.5 2.5 3.3 9.1 36.8 151 110 44.7 24.2
"35" "35" 2010-01-02 25.01 "CLE" "@" "NJN" "W" 8 1 36.45 0.619 0.469 2.9 23.9 13.2 40.5 1.5 4.1 4.2 28.9 141 91 28.2 21.4
"36" "36" 2010-01-03 25.01 "CLE" "" "CHA" "L" -3 1 42.85 0.663 0.667 0 25.3 12.4 32.9 1.4 2.1 4.4 28.3 137 111 24.9 13.4
"37" "37" 2010-01-06 25.02 "CLE" "" "WAS" "W" 23 1 30.8333333333333 0.683 0.625 10.4 18.5 15.1 38.8 1.7 4.6 5.6 27.2 154 104 26.1 13.8
"38" "38" 2010-01-08 25.02 "CLE" "@" "DEN" "L" -2 1 41.3 0.519 0.464 6.6 10.8 8.9 38.6 1.2 0 19.2 45.4 98 110 18.7 1.7
"39" "39" 2010-01-10 25.03 "CLE" "@" "POR" "W" 12 1 45.2666666666667 0.815 0.763 0 27.9 14.3 36.5 0 2 10.7 31.7 155 115 38 18.7
"40" "40" 2010-01-11 25.03 "CLE" "@" "GSW" "W" 3 1 41.6166666666667 0.634 0.543 2.9 18.3 11 43.5 2.2 6.6 6.4 31.2 139 106 37.8 16.8
"41" "41" 2010-01-14 25.04 "CLE" "@" "UTA" "L" -1 1 40.4166666666667 0.712 0.7 3.4 22.6 13.9 42.5 6.2 2 16.5 34.4 125 91 32.8 22
"42" "42" 2010-01-16 25.05 "CLE" "@" "LAC" "W" 1 1 38.9 0.693 0.675 6.7 11.2 8.4 21.3 3 2.9 17.8 34.1 124 121 23.3 9.5
"43" "43" 2010-01-19 25.05 "CLE" "" "TOR" "W" 8 1 41.0166666666667 0.579 0.444 0 25.1 14 45 3.7 5.5 11 32 122 96 29.9 13.2
"44" "44" 2010-01-21 25.06 "CLE" "" "LAL" "W" 6 1 40.4 0.602 0.54 0 10.4 6.5 57.6 2.7 2 11.5 43.4 117 97 28.8 15.4
"45" "45" 2010-01-23 25.07 "CLE" "" "OKC" "W" 1 1 42.6333333333333 0.676 0.632 0 19.5 11.4 56.6 1.2 1.5 18 36.3 128 105 30.9 17
"46" "46" 2010-01-25 25.07 "CLE" "@" "MIA" "W" 1 1 38.5166666666667 0.525 0.435 0 24.9 12.9 22.9 1.4 0 11.6 43.7 103 101 18.8 5.6
"47" "47" 2010-01-27 25.08 "CLE" "" "MIN" "W" 14 1 30.55 0.564 0.438 0 19.6 12.2 49 1.7 1.9 22 21.4 119 98 15 7.8
"48" "48" 2010-01-29 25.08 "CLE" "@" "IND" "W" 21 1 35.65 0.432 0.333 0 20.5 12.2 73.2 2.7 8 16.4 37.9 96 65 19.8 12.2
"49" "49" 2010-01-31 25.09 "CLE" "" "LAC" "W" 25 1 39.9166666666667 0.68 0.625 3.3 4.9 4.2 47.3 1.3 0 4.1 29.3 149 105 30.2 15
"50" "50" 2010-02-02 25.09 "CLE" "" "MEM" "W" 16 1 37.1166666666667 0.644 0.536 3.5 14.1 9.3 62.7 1.3 1.7 19 24.9 129 94 24.6 12.4
"51" "51" 2010-02-04 25.1 "CLE" "" "MIA" "W" 16 1 40.1 0.713 0.594 6.7 12.7 10.1 41.2 2.7 0 13.7 35.1 140 99 32.9 16.8
"52" "52" 2010-02-06 25.1 "CLE" "" "NYK" "W" 7 1 43.85 0.69 0.645 3.1 24.7 13.3 34.5 6.1 0 12.8 42.6 130 108 39.7 17.2
"53" "53" 2010-02-09 25.11 "CLE" "" "NJN" "W" 7 1 42.35 0.641 0.643 0 9.2 4.9 51.4 1.4 0 10.7 33.1 131 123 27.5 7.7
"54" "54" 2010-02-11 25.12 "CLE" "" "ORL" "W" 9 1 45.0833333333333 0.609 0.524 2.7 20.1 11.2 41.5 2.4 0 10.2 30.9 132 115 30.6 11.4
"55" "55" 2010-02-18 25.14 "CLE" "" "DEN" "L" -2 1 47 0.531 0.47 2.8 26.5 15.9 64.8 2.3 5.4 6.9 43.2 118 109 40.1 19.1
"56" "56" 2010-02-19 25.14 "CLE" "@" "CHA" "L" -17 1 35.5 0.598 0.5 2.8 7.5 4.8 50.9 6 0 9.8 27.3 128 116 22.6 14.9
"57" "57" 2010-02-21 25.15 "CLE" "@" "ORL" "L" -6 1 39.3833333333333 0.545 0.5 0 27.4 14.2 31.3 2.7 2.3 14.2 41 104 109 23.3 11.5
"58" "58" 2010-02-23 25.15 "CLE" "" "NOH" "W" 10 1 44.1166666666667 0.563 0.5 2.6 13.2 7.3 43.7 2.4 0 0 19.2 138 106 24.6 11
"59" "59" 2010-02-25 25.16 "CLE" "@" "BOS" "W" 20 1 35.95 0.608 0.543 3.8 16.7 11.3 45.7 0 0 6.3 42.9 128 101 28.7 12.5
"60" "60" 2010-02-26 25.16 "CLE" "@" "TOR" "W" 8 1 44.4 0.749 0.618 0 17.5 9.8 35.7 2.5 0 4 26.7 168 119 36 14.1
"61" "61" 2010-03-01 25.17 "CLE" "" "NYK" "W" 31 1 31.2333333333333 0.573 0.559 0 22.4 11.8 28.9 3 5.3 13.5 28.9 114 83 20.3 9.6
"62" "62" 2010-03-03 25.17 "CLE" "@" "NJN" "W" 19 1 40.6833333333333 0.617 0.556 6.2 12.6 9.7 51.3 3.9 1.8 12.5 26.5 138 99 30 14.3
"63" "63" 2010-03-05 25.18 "CLE" "" "DET" "W" 7 1 41.8666666666667 0.675 0.648 6.2 35 20.4 31.8 3.8 3.6 11.9 38.5 124 92 36 20.3
"64" "" 2010-03-06 25.18 "CLE" "@" "MIL" "L" -7 NA NA NA NA NA NA NA NA NA NA NA NA NA NA NA NA
"65" "" 2010-03-08 25.19 "CLE" "" "SAS" "W" 2 NA NA NA NA NA NA NA NA NA NA NA NA NA NA NA NA
"66" "64" 2010-03-12 25.2 "CLE" "@" "PHI" "W" 5 1 42.1 0.494 0.472 0 16.7 8.6 38 1.3 4.7 4.1 28.8 115 107 20.9 8.6
"67" "65" 2010-03-14 25.2 "CLE" "" "BOS" "W" 11 1 38.8666666666667 0.535 0.452 7.6 13.7 10.5 39.5 2.7 5.9 6.7 34 121 97 26.7 17.6
"68" "66" 2010-03-16 25.21 "CLE" "@" "DET" "W" 12 1 43.1166666666667 0.54 0.477 4.9 25.9 15.2 44.7 1.2 1.7 13 31.9 119 109 26.9 7.8
"69" "67" 2010-03-17 25.21 "CLE" "" "IND" "W" 5 1 38.7166666666667 0.563 0.5 3.2 27.6 14.9 42.3 4.1 4.6 17.4 41.5 104 93 25.8 12.9
"70" "68" 2010-03-19 25.22 "CLE" "@" "CHI" "W" 7 1 37.5166666666667 0.552 0.429 3 25.1 15 46 2.8 4.1 16 38.4 107 85 24.1 12.3
"71" "69" 2010-03-21 25.22 "CLE" "" "DET" "W" 25 1 30.8 0.727 0.667 0 11.1 5.8 37.3 0 2.3 0 16.8 165 99 17.2 13.9
"72" "70" 2010-03-24 25.23 "CLE" "@" "NOH" "W" 13 1 40.75 0.745 0.705 7.6 10.2 9.2 40.3 1.4 0 10.5 36.1 144 110 34.3 16.6
"73" "71" 2010-03-26 25.24 "CLE" "@" "SAS" "L" -5 1 39.3 0.561 0.548 0 15.7 7.4 49.7 2.6 0 17.2 33.8 104 109 20.2 6.6
"74" "72" 2010-03-28 25.24 "CLE" "" "SAC" "W" 7 1 39.0833333333333 0.69 0.659 3.3 17.1 10.7 44.6 4 0 10.9 33.8 128 95 30.7 16.5
"75" "73" 2010-03-31 25.25 "CLE" "" "MIL" "W" 3 1 39.0833333333333 0.506 0.412 3.1 21.8 13 33.8 1.3 1.9 15 31.3 99 101 17.2 1.7
"76" "74" 2010-04-02 25.25 "CLE" "" "ATL" "W" 5 1 38.3666666666667 0.585 0.575 0 32.5 17.9 39 2.8 0 8 30.7 123 93 23.9 13.5
"77" "75" 2010-04-04 25.26 "CLE" "@" "BOS" "L" -4 1 44.5333333333333 0.516 0.452 2.8 15.8 9.4 38.9 1.1 1.6 6.9 44.2 110 118 30.2 6.6
"78" "76" 2010-04-06 25.27 "CLE" "" "TOR" "W" 12 1 35.5666666666667 0.546 0.385 0 18 10.7 43.6 0 2.1 18.7 28.8 112 109 18.7 1.7
"79" "" 2010-04-08 25.27 "CLE" "@" "CHI" "L" -1 NA NA NA NA NA NA NA NA NA NA NA NA NA NA NA NA
"80" "" 2010-04-09 25.27 "CLE" "" "IND" "L" -3 NA NA NA NA NA NA NA NA NA NA NA NA NA NA NA NA
"81" "" 2010-04-11 25.28 "CLE" "" "ORL" "L" -6 NA NA NA NA NA NA NA NA NA NA NA NA NA NA NA NA
"82" "" 2010-04-14 25.29 "CLE" "@" "ATL" "L" -16 NA NA NA NA NA NA NA NA NA NA NA NA NA NA NA NA
"1" "1" 2010-10-26 25.82 "MIA" "@" "BOS" "L" -8 1 42.65 0.59 0.548 0 12.5 5.6 21.4 1.3 4.2 23.3 37.8 93 101 16 6.3
"2" "2" 2010-10-27 25.82 "MIA" "@" "PHI" "W" 10 1 37.55 0.546 0.417 0 18.3 10.2 33.6 2.8 2 38.1 30.6 81 92 9.6 -2.8
"3" "3" 2010-10-29 25.83 "MIA" "" "ORL" "W" 26 1 30.0333333333333 0.54 0.538 0 21.3 10.5 47.8 0 0 17.8 25.7 107 82 10 5.7
"4" "4" 2010-10-31 25.84 "MIA" "@" "NJN" "W" 23 1 28.95 0.579 0.417 0 21.5 14 41.9 3.9 0 22.4 41.1 103 83 15.6 0.3
"5" "5" 2010-11-02 25.84 "MIA" "" "MIN" "W" 32 1 32.4333333333333 0.644 0.583 0 0 0 49.8 3 2.2 6.1 22.9 149 100 23.7 11.5
"6" "6" 2010-11-05 25.85 "MIA" "@" "NOH" "L" -3 1 41.2 0.512 0.406 0 21.5 10.5 44.8 3.9 1.8 13.3 25.8 107 101 20.6 10.4
"7" "7" 2010-11-06 25.85 "MIA" "" "NJN" "W" 12 1 33.5833333333333 0.632 0.625 0 8.8 5 55.6 3.1 0 18 32.1 114 98 19.4 8.8
"8" "8" 2010-11-09 25.86 "MIA" "" "UTA" "L" -2 1 46.7333333333333 0.438 0.278 5.2 22.2 13.9 52.3 1.1 4.6 8.1 24.8 112 109 22.8 7.2
"9" "9" 2010-11-11 25.87 "MIA" "" "BOS" "L" -5 1 44.4666666666667 0.57 0.429 0 30.8 15 37 3.6 0 11.5 36 119 117 29 9.4
"10" "10" 2010-11-13 25.87 "MIA" "" "TOR" "W" 9 1 39.3333333333333 0.445 0.381 2.9 3.1 3 44.4 2.7 0 10.4 33.9 103 113 17.6 3.8
"11" "11" 2010-11-17 25.88 "MIA" "" "PHO" "W" 27 1 23.05 0.613 0.6 17.8 26.7 22.5 66.3 6.5 0 15.5 37.3 126 88 20.6 16.3
"12" "12" 2010-11-19 25.89 "MIA" "" "CHA" "W" 8 1 39.4833333333333 0.57 0.52 0 6.8 3 31.3 2.6 0 12.5 37.5 107 94 20.6 9.9
"13" "13" 2010-11-20 25.89 "MIA" "@" "MEM" "L" -2 1 42.1 0.566 0.522 0 8.6 4.3 49.3 1.3 0 13.5 37.4 112 116 21.7 6
"14" "14" 2010-11-22 25.9 "MIA" "" "IND" "L" -16 1 41.5666666666667 0.607 0.5 0 12.8 6.6 40.6 1.2 0 22.6 30.5 100 103 15.5 3.8
"15" "15" 2010-11-24 25.9 "MIA" "@" "ORL" "L" -9 1 40.7333333333333 0.581 0.528 2.6 17.3 8.8 20.1 1.3 0 12.2 27.6 112 118 17 4.3
"16" "16" 2010-11-26 25.91 "MIA" "" "PHI" "W" 9 1 40.5666666666667 0.504 0.367 2.8 23 12 24.4 2.8 2.2 9.2 25.9 112 100 18 5.9
"17" "17" 2010-11-27 25.91 "MIA" "@" "DAL" "L" -11 1 36.0666666666667 0.449 0.263 6.2 17.4 12 21.9 1.4 0 16.3 39 90 115 11.7 -4.4
"18" "18" 2010-11-29 25.92 "MIA" "" "WAS" "W" 11 1 38.1833333333333 0.657 0.583 3.4 13.4 9 29.3 1.3 1.9 23.5 34.9 108 98 19.8 5.1
"19" "19" 2010-12-01 25.92 "MIA" "" "DET" "W" 25 1 31.2333333333333 0.567 0.567 8.5 12.8 11 17.3 1.8 0 20.1 32.1 99 88 12 0.7
"20" "20" 2010-12-02 25.92 "MIA" "@" "CLE" "W" 28 1 30.0333333333333 0.656 0.64 0 18.6 10.2 55.5 1.7 2.8 0 45.7 144 97 33.7 21.1
"21" "21" 2010-12-04 25.93 "MIA" "" "ATL" "W" 12 1 37.3166666666667 0.658 0.5 0 19.6 11.1 18.7 1.5 2 10.7 26.4 128 91 19.7 8.9
"22" "22" 2010-12-06 25.93 "MIA" "@" "MIL" "W" 10 1 38.6833333333333 0.479 0.469 0 16.2 9 28.3 1.4 2 5.3 23.8 110 88 12.5 5.4
"23" "23" 2010-12-08 25.94 "MIA" "@" "UTA" "W" 13 1 39.4333333333333 0.715 0.675 3.7 19.7 12.2 41.5 0 0 8 28.8 157 113 28.6 14.4
"24" "24" 2010-12-10 25.95 "MIA" "@" "GSW" "W" 22 1 30.7166666666667 0.647 0.639 0 21.4 12 55.4 1.8 2.6 17.2 35.3 120 92 21.7 12.5
"25" "25" 2010-12-11 25.95 "MIA" "@" "SAC" "W" 21 1 35.1833333333333 0.59 0.579 4 21.2 14.8 15 2.9 0 12.4 31.9 113 86 19 5.4
"26" "26" 2010-12-13 25.95 "MIA" "" "NOH" "W" 12 1 40.3 0.49 0.375 3.1 9.4 6.3 35 0 0 19.7 32.6 94 110 11.1 -3.6
"27" "27" 2010-12-15 25.96 "MIA" "" "CLE" "W" 6 1 38.5166666666667 0.458 0.333 6.7 29.8 19.5 24.2 1.4 0 14.9 33.2 96 102 14.5 -2.5
"28" "28" 2010-12-17 25.96 "MIA" "@" "NYK" "W" 22 1 38.2166666666667 0.658 0.674 3.5 25.1 16.1 45.8 1.3 0 17.1 34.1 123 94 27 10.5
"29" "29" 2010-12-18 25.97 "MIA" "@" "WAS" "W" 1 1 40.5166666666667 0.659 0.553 3 14.8 9.4 35 1.2 0 14.1 32.5 123 101 24.4 7.9
"30" "30" 2010-12-20 25.97 "MIA" "" "DAL" "L" -2 1 36.0833333333333 0.473 0.412 7.4 24.5 14.5 35.8 0 0 19.9 31.2 96 113 11.2 -1.2
"31" "31" 2010-12-23 25.98 "MIA" "@" "PHO" "W" 12 1 37.3833333333333 0.705 0.636 3.3 14.6 9.3 25.3 4.3 0 16.4 37.2 127 88 26.8 16.5
"32" "32" 2010-12-25 25.99 "MIA" "@" "LAL" "W" 16 1 38.1833333333333 0.811 0.75 2.9 28.6 15.9 50.4 5.8 0 5.7 22.9 163 82 33.3 28.7
"33" "33" 2010-12-28 25.99 "MIA" "" "NYK" "W" 8 1 40.4166666666667 0.491 0.5 0 25.8 14.5 33.3 0 0 14.1 24.4 106 108 12.9 0.5
"34" "34" 2010-12-29 26 "MIA" "@" "HOU" "W" 6 1 39.15 0.597 0.533 0 14.1 8.8 33.2 1.2 0 15.2 22.8 117 121 17.6 1.1
"35" "35" 2011-01-01 26.01 "MIA" "" "GSW" "W" 7 1 41.5166666666667 0.556 0.467 5.9 14.5 10.2 43 1.2 1.9 11.8 27.9 122 113 23.1 3.8
"36" "36" 2011-01-03 26.01 "MIA" "@" "CHA" "W" 14 1 36.5666666666667 0.663 0.615 0 24.6 14.6 37.9 1.5 0 9.5 43.6 131 91 28.8 14.6
"37" "37" 2011-01-04 26.01 "MIA" "" "MIL" "W" 12 1 36.5833333333333 0.63 0.533 3.4 15.6 9.7 52.5 0 4.3 9.2 27.7 136 104 24 13.6
"38" "38" 2011-01-07 26.02 "MIA" "@" "MIL" "W" 6 1 45.2666666666667 0.467 0.37 2.3 21.5 11.6 22.8 6.9 1.9 15.2 32.3 90 81 20.1 8.1
"39" "39" 2011-01-09 26.03 "MIA" "@" "POR" "W" 7 1 46.1833333333333 0.724 0.712 9.8 23.4 17.8 27 2.4 0 16.5 40.5 128 100 35.1 14.1
"40" "40" 2011-01-12 26.04 "MIA" "@" "LAC" "L" -6 1 39.7333333333333 0.515 0.521 5.3 17.3 11 30.6 0 0 10.3 32.6 105 119 17.4 2
"41" "" 2011-01-13 26.04 "MIA" "@" "DEN" "L" -28 NA NA NA NA NA NA NA NA NA NA NA NA NA NA NA NA
"42" "" 2011-01-15 26.04 "MIA" "@" "CHI" "L" -3 NA NA NA NA NA NA NA NA NA NA NA NA NA NA NA NA
"43" "41" 2011-01-18 26.05 "MIA" "" "ATL" "L" -4 1 44.2833333333333 0.488 0.4 5.4 19.1 12.7 56.5 2.6 0 14.7 46.2 98 98 20.5 7.6
"44" "42" 2011-01-22 26.06 "MIA" "" "TOR" "W" 17 1 38 0.54 0.5 3.6 31.6 18.5 31.2 2.7 1.7 2.8 43.7 123 105 30.1 5.3
"45" "43" 2011-01-27 26.08 "MIA" "@" "NYK" "L" -5 1 42.5333333333333 0.41 0.292 5.4 19.5 13.2 25.5 2.5 4.5 12 36.3 89 97 15 2.3
"46" "44" 2011-01-28 26.08 "MIA" "" "DET" "W" 1 1 44.3166666666667 0.663 0.64 0 17.3 10.2 58.2 1.3 3.2 9.3 38.3 131 103 34 20.4
"47" "45" 2011-01-30 26.08 "MIA" "@" "OKC" "W" 5 1 40.2166666666667 0.61 0.571 0 11.1 5.8 50.6 5.1 5.4 17.5 25 125 103 25.6 16.1
"48" "46" 2011-01-31 26.09 "MIA" "" "CLE" "W" 27 1 31.3666666666667 0.637 0.5 3.6 9.6 6.7 37.9 0 4.4 9.6 28.1 141 100 22.8 13.2
"49" "47" 2011-02-03 26.1 "MIA" "@" "ORL" "W" 4 1 42.65 0.785 0.74 6.3 19.5 14.1 53.4 1.3 2.2 8.5 40.8 153 110 46.7 26.4
"50" "48" 2011-02-04 26.1 "MIA" "@" "CHA" "W" 12 1 36.65 0.607 0.538 4.2 24.1 15.2 34.8 0 0 16.1 25.9 126 118 17.2 0.2
"51" "49" 2011-02-06 26.1 "MIA" "" "LAC" "W" 18 1 35.6166666666667 0.378 0.4 3.1 15 9.2 20.8 5.8 0 27.4 28.8 66 79 5.3 -5.4
"52" "50" 2011-02-08 26.11 "MIA" "" "IND" "W" 5 1 41.7333333333333 0.714 0.696 9.6 31.1 20.5 34.4 3.7 1.8 12.2 35.4 139 112 39.3 17.8
"53" "51" 2011-02-11 26.12 "MIA" "@" "DET" "W" 14 1 34.7166666666667 0.437 0.412 0 24.6 14 48.8 6.2 0 14.1 28.4 101 92 16.9 6
"54" "52" 2011-02-13 26.12 "MIA" "@" "BOS" "L" -3 1 43.4666666666667 0.493 0.476 2.8 16.2 9.5 38.7 1.3 0 15.2 29.3 95 98 14.5 5.5
"55" "53" 2011-02-15 26.13 "MIA" "@" "IND" "W" 7 1 40.9166666666667 0.596 0.575 2.7 11.5 7.4 19.5 2.4 3.5 18.1 28.8 106 102 20.3 6.7
"56" "54" 2011-02-16 26.13 "MIA" "@" "TOR" "W" 8 1 37.6333333333333 0.513 0.444 9.6 25.5 18.4 39.6 0 0 18.2 32.9 101 102 17.7 1
"57" "55" 2011-02-22 26.15 "MIA" "" "SAC" "W" 20 1 30.4 0.567 0.596 9.6 21.5 16.4 16.4 0 0 9.9 46.1 110 107 17.9 0.6
"58" "56" 2011-02-24 26.15 "MIA" "@" "CHI" "L" -4 1 41.4333333333333 0.613 0.571 0 25.2 12.6 32 2.5 1.9 7.8 28.9 118 94 25.5 14.7
"59" "57" 2011-02-25 26.16 "MIA" "" "WAS" "W" 8 1 42.7666666666667 0.646 0.455 3.1 20.9 12.8 22.2 1.2 5 4.9 21.6 141 112 27 9.1
"60" "58" 2011-02-27 26.16 "MIA" "" "NYK" "L" -5 1 39.1333333333333 0.574 0.525 0 19.5 10.1 31.1 3.9 2.5 17.5 34.4 98 90 19.7 8.2
"61" "59" 2011-03-03 26.17 "MIA" "" "ORL" "L" -3 1 39.9333333333333 0.76 0.688 6.5 13.7 10 22.1 0 5.7 9.5 25.3 147 120 26.2 14
"62" "60" 2011-03-04 26.18 "MIA" "@" "SAS" "L" -30 1 36.1333333333333 0.589 0.605 9.7 17 13.3 41.5 1.4 0 15.3 34.4 109 132 20.2 5.7
"63" "61" 2011-03-06 26.18 "MIA" "" "CHI" "L" -1 1 41.8333333333333 0.63 0.583 10.1 17.9 13.9 32 2.7 0 8.8 27.6 129 103 24 13.8
"64" "62" 2011-03-08 26.19 "MIA" "" "POR" "L" -9 1 45.5333333333333 0.712 0.75 3.8 28.5 17.8 37.9 1.3 0 15.5 29.1 127 123 26.5 9.8
"65" "63" 2011-03-10 26.19 "MIA" "" "LAL" "W" 6 1 42.2666666666667 0.473 0.412 2.7 19.4 10.9 35.2 1.4 0 4.7 23 127 107 17.8 7.1
"66" "64" 2011-03-12 26.2 "MIA" "" "MEM" "W" 33 1 31.9166666666667 0.724 0.688 4.9 12.8 9.6 30.1 1.7 4.1 13.9 34.2 131 94 23.8 9.5
"67" "65" 2011-03-14 26.2 "MIA" "" "SAS" "W" 30 1 41.5166666666667 0.495 0.421 0 15.1 8.7 28.2 0 3.9 8.6 26.9 108 91 16.5 1.7
"68" "66" 2011-03-16 26.21 "MIA" "" "OKC" "L" -11 1 39.5 0.426 0.381 0 20.3 10.7 18 1.4 1.8 4.3 28 90 105 12.7 2.3
"69" "67" 2011-03-18 26.21 "MIA" "@" "ATL" "W" 21 1 30.9 0.893 0.881 0 6.6 4 35.5 0 0 14.2 44.3 143 100 32.2 23.2
"70" "68" 2011-03-19 26.22 "MIA" "" "DEN" "W" 5 1 40.6666666666667 0.638 0.62 0 18.6 10.3 12.9 2.6 0 16.2 38.1 105 108 20.5 1.1
"71" "69" 2011-03-23 26.23 "MIA" "@" "DET" "W" 6 1 42.0833333333333 0.535 0.5 9.2 16.8 12.9 36.5 0 0 14.5 25.7 111 115 14.9 -0.8
"72" "70" 2011-03-25 26.23 "MIA" "" "PHI" "W" 12 1 41.0166666666667 0.763 0.676 6 22.8 14.6 8.3 3.7 1.7 16 26.5 138 101 28.2 10.3
"73" "71" 2011-03-27 26.24 "MIA" "" "HOU" "W" 6 1 40.45 0.661 0.619 2.9 26.7 14.7 27.2 0 0 7.4 27.4 143 122 28.6 9.5
"74" "72" 2011-03-29 26.24 "MIA" "@" "CLE" "L" -12 1 43.2833333333333 0.531 0.5 0 39.6 15 60.7 0 0 10.6 31.6 111 117 21.9 5.7
"75" "73" 2011-03-30 26.25 "MIA" "@" "WAS" "W" 16 1 43.8166666666667 0.806 0.781 3.5 19.7 12.5 31.5 6 0 18.7 28.9 139 108 34.6 11.1
"76" "74" 2011-04-01 26.25 "MIA" "@" "MIN" "W" 19 1 42.8833333333333 0.585 0.55 6.8 10.2 8.7 37.7 3.5 1.9 11.5 27 123 93 26.1 10.1
"77" "75" 2011-04-03 26.26 "MIA" "@" "NJN" "W" 14 1 38.9166666666667 0.72 0.722 7.7 23.1 17 33.3 3.9 0 24.5 33.8 116 93 26.6 10.6
"78" "76" 2011-04-06 26.27 "MIA" "" "MIL" "L" -5 1 39.4166666666667 0.568 0.523 2.8 3.3 3 54.7 2.9 4.3 13.6 36.2 114 104 22 14.8
"79" "77" 2011-04-08 26.27 "MIA" "" "CHA" "W" 9 1 37.3833333333333 0.617 0.563 4.8 19.3 13.4 42.1 2.8 1.8 5.1 25.1 134 108 24.7 9.8
"80" "78" 2011-04-10 26.28 "MIA" "" "BOS" "W" 23 1 37.1833333333333 0.588 0.579 0 21.5 9.5 38 6.2 2.5 14.8 33.6 114 83 23.2 15.4
"81" "79" 2011-04-11 26.28 "MIA" "@" "ATL" "W" 8 1 42.65 0.626 0.524 3.8 23.6 15.4 31.8 3.9 0 20.5 39.8 114 96 26.4 7.8
"82" "" 2011-04-13 26.28 "MIA" "@" "TOR" "W" 18 NA NA NA NA NA NA NA NA NA NA NA NA NA NA NA NA
"1" "1" 2011-12-25 26.99 "MIA" "@" "DAL" "W" 11 1 36.2666666666667 0.676 0.579 10.4 21.1 16.1 33.9 2.7 4.9 9.9 34.7 141 90 34.1 21.3
"2" "2" 2011-12-27 26.99 "MIA" "" "BOS" "W" 8 1 36 0.724 0.643 4.4 18.5 12.1 22.2 2.6 2.5 14.3 25.3 134 106 23.6 6.7
"3" "3" 2011-12-28 26.99 "MIA" "@" "CHA" "W" 1 1 38.8166666666667 0.649 0.565 0 18.5 8.9 43.4 4 3.9 6.9 35.7 126 95 33.2 19
"4" "4" 2011-12-30 27 "MIA" "@" "MIN" "W" 2 1 37.2166666666667 0.612 0.615 2.8 20.1 11.3 50.8 5 2.4 12.6 35.9 114 91 31.1 16.4
"5" "5" 2012-01-01 27.01 "MIA" "" "CHA" "W" 39 1 28.0333333333333 0.633 0.6 0 29.1 17.7 22.7 1.7 0 13.7 23.1 119 84 15 1.3
"6" "6" 2012-01-02 27.01 "MIA" "" "ATL" "L" -8 1 38.55 0.638 0.611 6.4 15.2 10.9 36.8 0 0 15.4 31.9 116 115 21.3 7.4
"7" "7" 2012-01-04 27.01 "MIA" "" "IND" "W" 35 1 37.6833333333333 0.639 0.571 7.5 17.4 13.1 62 2.6 0 7.2 33.7 140 85 33.8 18
"8" "" 2012-01-05 27.02 "MIA" "@" "ATL" "W" 7 NA NA NA NA NA NA NA NA NA NA NA NA NA NA NA NA
"9" "8" 2012-01-07 27.02 "MIA" "@" "NJN" "W" 11 1 37.3833333333333 0.718 0.647 0 17 10.2 48.4 2.7 2.6 26.4 35.8 113 91 26 9.2
"10" "9" 2012-01-10 27.03 "MIA" "@" "GSW" "L" -5 1 42.55 0.577 0.526 2.6 24 13.7 32.8 2.3 0 18.2 27.5 108 100 21.1 5.9
"11" "10" 2012-01-11 27.03 "MIA" "@" "LAC" "L" -6 1 41.8833333333333 0.434 0.368 5.3 29.6 17.3 38.3 2.6 0 18.5 36.1 85 92 12.9 2.3
"12" "11" 2012-01-13 27.04 "MIA" "@" "DEN" "L" -13 1 37.1833333333333 0.705 0.725 3 15.2 8.4 36.5 2.7 2.4 13.9 33.6 129 120 29 15.8
"13" "12" 2012-01-17 27.05 "MIA" "" "SAS" "W" 22 1 34.8833333333333 0.661 0.667 4 15.7 10 46.7 0 0 13.8 40.5 132 115 26.4 10.7
"14" "13" 2012-01-19 27.05 "MIA" "" "LAL" "W" 11 1 37.2166666666667 0.515 0.481 9.4 15.7 12.6 45.8 6.1 6.3 9.1 41.1 118 90 26.8 20.8
"15" "14" 2012-01-21 27.06 "MIA" "" "PHI" "W" 21 1 35.7833333333333 0.746 0.706 0 25.7 14.5 24 6 5.9 17.6 30.2 129 88 28.8 17.5
"16" "15" 2012-01-22 27.06 "MIA" "" "MIL" "L" -9 1 37.3666666666667 0.59 0.444 13.2 25.7 19.9 43.6 1.4 0 11.2 33.2 125 97 24.4 14.8
"17" "16" 2012-01-24 27.07 "MIA" "" "CLE" "W" 7 1 37.8 0.395 0.405 4 16.9 10.2 29.1 2.9 0 18 35.8 75 97 7.3 -5.6
"18" "17" 2012-01-25 27.07 "MIA" "@" "DET" "W" 3 1 41.65 0.612 0.475 3.3 16.9 10 30.3 2.7 0 13.3 37.4 118 112 25.1 5.5
"19" "18" 2012-01-27 27.08 "MIA" "" "NYK" "W" 10 1 40.2833333333333 0.692 0.611 3.3 19.4 12.1 34.9 0 0 15.2 31 126 101 25.3 8.2
"20" "19" 2012-01-29 27.08 "MIA" "" "CHI" "W" 4 1 40.9666666666667 0.591 0.543 2.5 24.4 13.6 32.7 0 1.7 16.9 38.4 104 97 22.8 9
"21" "20" 2012-01-30 27.08 "MIA" "" "NOH" "W" 14 1 29.7333333333333 0.729 0.708 20.2 35.3 27.7 42.9 1.8 0 21 30.1 135 105 23.1 15.5
"22" "21" 2012-02-01 27.09 "MIA" "@" "MIL" "L" -8 1 40.2833333333333 0.704 0.667 0 20.3 11.6 34.4 2.6 0 19.8 41.9 112 110 28.5 10.7
"23" "22" 2012-02-03 27.1 "MIA" "@" "PHI" "W" 20 1 37.2166666666667 0.51 0.5 3.7 28.4 18.2 34.8 0 3.7 9.7 28.4 110 88 18 8.1
"24" "23" 2012-02-05 27.1 "MIA" "" "TOR" "W" 6 1 38.4833333333333 0.673 0.588 0 26.7 15.2 13.5 1.4 0 18.3 34.7 111 95 21 5.6
"25" "24" 2012-02-07 27.11 "MIA" "" "CLE" "W" 16 1 38.6666666666667 0.629 0.563 3 10.1 6.9 26.8 2.6 0 23.9 27.9 108 96 17.7 5.9
"26" "25" 2012-02-08 27.11 "MIA" "@" "ORL" "L" -13 1 39.25 0.438 0.333 0 16 8.5 40.9 4.3 0 13.4 28.7 98 114 16.1 3.5
"27" "26" 2012-02-10 27.12 "MIA" "@" "WAS" "W" 17 1 33.2833333333333 0.527 0.429 0 5.4 3.2 41.4 0 4.2 5.5 24.6 122 98 17.1 7.7
"28" "27" 2012-02-12 27.12 "MIA" "@" "ATL" "W" 20 1 30.4333333333333 0.567 0.433 12.1 30.9 22.8 33.2 1.7 0 9 33.3 128 91 22 13
"29" "28" 2012-02-13 27.12 "MIA" "@" "MIL" "W" 18 1 32.9 0.784 0.762 12.5 15.2 14.1 22.3 1.6 0 8.2 32.3 154 106 30.2 16.8
"30" "29" 2012-02-14 27.13 "MIA" "@" "IND" "W" 15 1 33.4 0.621 0.533 7.8 24.5 16.6 40.3 6.1 0 9.7 28.2 134 86 24.5 17.7
"31" "30" 2012-02-17 27.13 "MIA" "@" "CLE" "W" 24 1 30.1333333333333 0.689 0.658 8.8 11.1 10.1 35.4 1.9 2.7 9 34.9 140 101 23.8 15.5
"32" "31" 2012-02-19 27.14 "MIA" "" "ORL" "W" 12 1 36.6333333333333 0.732 0.679 3.3 27.3 16.4 40 3 0 10.5 26 142 85 26.9 18.8
"33" "32" 2012-02-21 27.15 "MIA" "" "SAC" "W" 12 1 33.2166666666667 0.758 0.727 0 12.6 7.1 33.1 0 4.7 20.2 20.9 134 119 17.9 6.6
"34" "33" 2012-02-23 27.15 "MIA" "" "NYK" "W" 14 1 40.6833333333333 0.536 0.438 2.9 20.5 12.2 28 6.4 3.8 17.7 24.4 111 84 21.5 11.6
"35" "34" 2012-03-01 27.17 "MIA" "@" "POR" "W" 14 1 41.0333333333333 0.696 0.636 5.8 28.5 16.7 29.5 6.5 1.9 0 30.8 156 92 40.6 26.3
"36" "35" 2012-03-02 27.17 "MIA" "@" "UTA" "L" -1 1 44.4 0.691 0.688 3.1 20.7 13.2 32.9 0 4.1 0 28.6 149 114 33.1 15.6
"37" "36" 2012-03-04 27.18 "MIA" "@" "LAL" "L" -10 1 43.0333333333333 0.458 0.462 15.9 22.3 18.4 39.8 4.1 4.1 9.9 31.7 104 106 23.4 14.1
"38" "37" 2012-03-06 27.18 "MIA" "" "NJN" "W" 30 1 29.6 0.884 0.864 6.2 28.2 20.3 32 0 0 29.6 27.9 127 88 19.2 9.4
"39" "38" 2012-03-07 27.19 "MIA" "" "ATL" "W" 3 1 41.6666666666667 0.635 0.6 11.5 21.8 16.5 10.9 1.3 4.3 7.6 29 129 99 26.9 12.4
"40" "39" 2012-03-10 27.19 "MIA" "" "IND" "W" 2 1 47.1 0.527 0.474 2.9 15.1 9.9 17.3 5 1.6 13.5 30.7 108 93 20.4 9.9
"41" "40" 2012-03-13 27.2 "MIA" "@" "ORL" "L" -6 1 42.4166666666667 0.446 0.4 8.7 25.6 16.8 32 1.3 2.8 22 30.5 87 106 13.6 1.4
"42" "41" 2012-03-14 27.21 "MIA" "@" "CHI" "L" -4 1 39.6333333333333 0.643 0.6 2.6 13.1 7.2 23 5.4 0 6.8 33.6 127 112 29 17.1
"43" "42" 2012-03-16 27.21 "MIA" "@" "PHI" "W" 6 1 38.25 0.616 0.6 5.8 11.8 9.2 50.3 2.7 3.3 4.1 31.3 127 85 29.5 20.8
"44" "43" 2012-03-18 27.22 "MIA" "" "ORL" "W" 10 1 38.9666666666667 0.4 0.286 0 34.4 19 29.7 6.8 0 18.6 26.8 82 75 12.9 4.1
"45" "44" 2012-03-20 27.22 "MIA" "" "PHO" "W" 4 1 37.9 0.484 0.444 3.2 21.1 12.4 29.4 2.8 3.9 12.7 29 100 101 16.4 3.1
"46" "45" 2012-03-23 27.23 "MIA" "@" "DET" "W" 15 1 37.4333333333333 0.494 0.4 0 16.4 9.3 48.7 5.7 2.1 22.5 28 94 75 17.4 9.2
"47" "46" 2012-03-25 27.24 "MIA" "@" "OKC" "L" -16 1 39.6 0.461 0.444 0 10.4 5.4 36.4 2.6 0 17.8 27.7 88 114 10.6 -1
"48" "47" 2012-03-26 27.24 "MIA" "@" "IND" "L" -15 1 40.8166666666667 0.508 0.476 5.3 21.7 12.9 12.8 1.3 0 20.2 34.1 88 115 11.6 -1.6
"49" "48" 2012-03-29 27.25 "MIA" "" "DAL" "W" 21 1 36.2166666666667 0.548 0.5 11.7 20.4 16.3 23.3 3 0 14.8 25.9 114 94 16.2 3.9
"50" "49" 2012-03-30 27.25 "MIA" "@" "TOR" "W" 12 1 38.5166666666667 0.63 0.611 3.9 13.4 8.3 37 1.5 0 12.7 30.8 128 125 22.9 4.6
"51" "50" 2012-04-01 27.25 "MIA" "@" "BOS" "L" -19 1 34.6166666666667 0.551 0.55 4.7 7.5 5.8 0 0 2.4 8.7 29.5 101 105 13.3 6.8
"52" "51" 2012-04-03 27.26 "MIA" "" "PHI" "W" 6 1 38.0666666666667 0.667 0.62 9.7 9 9.3 31.4 4 1.7 11.5 41.3 128 98 33.8 19.2
"53" "52" 2012-04-04 27.26 "MIA" "" "OKC" "W" 5 1 41.5 0.661 0.575 3.1 18.8 10.9 59.5 5 1.8 7.2 29.5 140 95 34.6 24.3
"54" "53" 2012-04-06 27.27 "MIA" "" "MEM" "L" -15 1 37.6333333333333 0.506 0.474 5.8 13.4 9.3 33.6 3 0 12.6 29.4 106 113 16.3 9.8
"55" "54" 2012-04-08 27.27 "MIA" "" "DET" "W" 23 1 32.25 0.537 0.568 10.1 3.1 6.5 16.4 0 2.7 4 34.5 117 97 16.9 9
"56" "55" 2012-04-10 27.28 "MIA" "" "BOS" "L" -8 1 40.85 0.617 0.5 12.2 9 11.1 31.5 1.3 2.1 6.4 34.6 136 130 31.4 14.6
"57" "56" 2012-04-12 27.28 "MIA" "@" "CHI" "L" -10 1 47.3 0.554 0.521 2.8 12.2 7.8 23.7 1.2 1.8 12.9 32.8 106 108 19.8 8.6
"58" "57" 2012-04-13 27.29 "MIA" "" "CHA" "W" 23 1 28.7333333333333 0.498 0.438 4.4 33.4 19.3 25.9 3.8 2.9 9.5 34 108 84 16.7 7.3
"59" "58" 2012-04-15 27.29 "MIA" "@" "NYK" "W" 8 1 40.25 0.519 0.479 6.4 22.2 14.9 15.6 2.7 0 17.7 39.6 96 93 15.7 4
"60" "59" 2012-04-16 27.3 "MIA" "@" "NJN" "W" 3 1 35.2 0.723 0.605 4.3 19.5 12.2 45.5 3 2.1 13.5 42.1 135 105 32.7 17
"61" "60" 2012-04-18 27.3 "MIA" "" "TOR" "W" 24 1 30.2 0.835 0.833 0 19.9 11 30.4 3.9 0 23 35.8 124 84 23.2 17
"62" "61" 2012-04-19 27.3 "MIA" "" "CHI" "W" 11 1 35.3333333333333 0.58 0.472 0 34.8 17.6 38.6 0 2.5 4.1 33.9 125 81 22.8 17.8
"63" "" 2012-04-21 27.31 "MIA" "" "WAS" "L" -2 NA NA NA NA NA NA NA NA NA NA NA NA NA NA NA NA
"64" "62" 2012-04-22 27.31 "MIA" "" "HOU" "W" 9 1 35.8666666666667 0.63 0.548 2.8 24.7 12.6 33 1.5 4.8 16.4 37.1 121 96 24.6 14.1
"65" "" 2012-04-24 27.32 "MIA" "@" "BOS" "L" -12 NA NA NA NA NA NA NA NA NA NA NA NA NA NA NA NA
"66" "" 2012-04-26 27.32 "MIA" "@" "WAS" "L" -34 NA NA NA NA NA NA NA NA NA NA NA NA NA NA NA NA
"1" "1" 2012-10-30 27.84 "MIA" "" "BOS" "W" 13 1 28.8666666666667 0.714 0.688 4.3 39.4 21.6 18.9 3.5 0 0 29.9 145 107 25.1 15.1
"2" "2" 2012-11-02 27.84 "MIA" "@" "NYK" "L" -20 1 36.6833333333333 0.617 0.563 0 19.5 11.2 29 0 8.2 21.2 31.7 104 114 16.5 7.5
"3" "3" 2012-11-03 27.85 "MIA" "" "DEN" "W" 3 1 39.2 0.533 0.471 3.4 22.8 13.9 40.6 0 3.3 0 22.3 134 122 22.7 6.3
"4" "4" 2012-11-05 27.85 "MIA" "" "PHO" "W" 25 1 30.1833333333333 0.628 0.647 13.6 24.5 20.1 5.1 0 0 14.1 31 108 101 15.7 -1.6
"5" "5" 2012-11-07 27.86 "MIA" "" "BRK" "W" 30 1 29.9833333333333 0.727 0.667 18.3 28.5 24 44.5 1.8 0 12.7 26.3 149 78 23.8 20.3
"6" "6" 2012-11-09 27.86 "MIA" "@" "ATL" "W" 6 1 35.6666666666667 0.573 0.588 7.3 34.6 20.6 51.4 1.5 0 9.8 28.2 121 98 20.9 11.3
"7" "7" 2012-11-11 27.87 "MIA" "@" "MEM" "L" -18 1 35.7166666666667 0.482 0.526 8.6 24.1 15.6 48.7 3 2.2 8.8 28.4 102 109 17.4 9.4
"8" "8" 2012-11-12 27.87 "MIA" "@" "HOU" "W" 3 1 39.9166666666667 0.644 0.635 2.9 25.8 14.3 25.6 0 0 0 32.6 143 119 31.4 16.5
"9" "9" 2012-11-14 27.88 "MIA" "@" "LAC" "L" -7 1 41.2166666666667 0.556 0.522 0 17.1 7.9 38.8 1.2 4.6 12.9 33.2 109 115 21.1 5.6
"10" "10" 2012-11-15 27.88 "MIA" "@" "DEN" "W" 5 1 41.95 0.527 0.478 3.6 15.3 10.4 58.6 1.3 5 13.5 35.7 112 106 24.9 10.5
"11" "11" 2012-11-17 27.88 "MIA" "@" "PHO" "W" 9 1 40.7166666666667 0.455 0.425 0 20.1 11.2 12.4 2.5 0 4.2 28.9 94 94 13.8 -1
"12" "12" 2012-11-21 27.9 "MIA" "" "MIL" "W" 7 1 42.5333333333333 0.571 0.571 5.8 17.2 12.3 36.5 1.2 1.6 3.9 27.5 127 101 25 10.4
"13" "13" 2012-11-24 27.9 "MIA" "" "CLE" "W" 2 1 39.9666666666667 0.752 0.688 3.9 15 10.1 25 0 2.5 26 31.4 118 122 20.6 2.7
"14" "14" 2012-11-29 27.92 "MIA" "" "SAS" "W" 5 1 39.1 0.617 0.625 9 18 13.5 27.8 5.1 0 17.7 26.6 113 98 22.2 10.3
"15" "15" 2012-12-01 27.92 "MIA" "" "BRK" "W" 13 1 36.95 0.595 0.567 3.5 28.9 16 26.3 1.4 0 10.2 26.5 121 99 18 5.3
"16" "16" 2012-12-04 27.93 "MIA" "@" "WAS" "L" -4 1 42.8833333333333 0.513 0.521 4.7 31.6 16.7 44.7 3.6 3.7 10.6 29.3 109 103 26.6 12.8
"17" "17" 2012-12-06 27.94 "MIA" "" "NYK" "L" -20 1 38.5833333333333 0.647 0.625 5.9 21.2 14 61.1 4 0 7.7 31.6 131 114 31.3 21.4
"18" "18" 2012-12-08 27.94 "MIA" "" "NOH" "W" 16 1 35.9166666666667 0.693 0.688 4.9 13.4 10 37 2.9 0 18.8 29.8 120 101 20.8 5.7
"19" "19" 2012-12-10 27.95 "MIA" "" "ATL" "W" 9 1 40.35 0.708 0.656 4.6 18.8 13 26.3 2.7 0 13.6 29 130 105 25.1 9.3
"20" "20" 2012-12-12 27.95 "MIA" "" "GSW" "L" -2 1 42.35 0.615 0.565 2.9 5.7 4.3 23.2 1.2 0 13.7 31.9 112 108 21.5 7.7
"21" "21" 2012-12-15 27.96 "MIA" "" "WAS" "W" 30 1 30.55 0.58 0.533 0 37.4 18.9 28.6 1.8 0 9.2 34.2 117 76 19.6 9.9
"22" "22" 2012-12-18 27.97 "MIA" "" "MIN" "W" 11 1 41.9833333333333 0.545 0.5 0 19.1 8.9 46.8 1.3 6.6 0 24.3 130 105 25.5 11.3
"23" "23" 2012-12-20 27.98 "MIA" "@" "DAL" "W" 15 1 30.9166666666667 0.813 0.808 0 26.9 16.8 27.7 1.6 2.1 25.3 29.5 122 95 21 11.5
"24" "24" 2012-12-22 27.98 "MIA" "" "UTA" "W" 16 1 37.5 0.615 0.575 3.9 23.3 15 37.5 0 0 14.1 36.8 117 102 23.2 4.7
"25" "25" 2012-12-25 27.99 "MIA" "" "OKC" "W" 6 1 41.8666666666667 0.653 0.6 9.3 15.9 12.6 42.6 2.6 2.1 11.9 28.5 133 106 28.2 16
"26" "26" 2012-12-26 27.99 "MIA" "@" "CHA" "W" 13 1 38.5833333333333 0.599 0.526 6.1 27.6 17.4 38.6 5.3 3.9 11.8 30.2 124 86 28.9 17.2
"27" "27" 2012-12-28 28 "MIA" "@" "DET" "L" -10 1 44.3166666666667 0.737 0.727 2.6 16.9 8.9 23.8 7.4 2 11.2 29.6 137 111 34.2 18.5
"28" "28" 2012-12-29 28 "MIA" "@" "MIL" "L" -19 1 36.4833333333333 0.586 0.575 3 12.7 8.2 49.7 2.8 1.7 21.3 34.8 101 108 18.6 9.9
"29" "29" 2012-12-31 28 "MIA" "@" "ORL" "W" 2 1 47.8833333333333 0.62 0.477 2.7 18.4 10.7 42.1 1.2 0 9.4 33 129 117 31.9 10.4
"30" "30" 2013-01-02 28.01 "MIA" "" "DAL" "W" 10 1 42.0166666666667 0.644 0.575 2.7 29.5 16.3 40.4 3.6 1.9 13.9 32.6 123 100 31.6 13.4
"31" "31" 2013-01-04 28.01 "MIA" "" "CHI" "L" -7 1 41.0833333333333 0.713 0.607 0 16.3 9.2 11.3 1.4 0 8.7 29.7 134 112 23.6 9
"32" "32" 2013-01-06 28.02 "MIA" "" "WAS" "W" 28 1 34.95 0.64 0.588 3.5 2.7 3.1 37.5 0 2.3 5.1 27.7 138 94 21.3 14.4
"33" "33" 2013-01-08 28.02 "MIA" "@" "IND" "L" -10 1 42.6 0.506 0.525 8.5 15.5 12.4 26.9 1.4 3.3 24.3 36 84 104 12.4 1
"34" "34" 2013-01-10 28.03 "MIA" "@" "POR" "L" -2 1 42.65 0.412 0.406 0 23.4 12.5 35.9 2.4 2.1 18 24.3 84 94 11.8 1.9
"35" "35" 2013-01-12 28.04 "MIA" "@" "SAC" "W" 29 1 29.1333333333333 0.765 0.7 4.8 15.7 10.8 34.5 9.1 4.8 7.1 23.1 165 94 27.6 20.6
"36" "36" 2013-01-14 28.04 "MIA" "@" "UTA" "L" -7 1 43.6833333333333 0.771 0.737 3.4 10.6 7 26.7 3.9 3.8 12.6 28.1 138 118 29.1 14.2
"37" "37" 2013-01-16 28.05 "MIA" "@" "GSW" "W" 17 1 30.5333333333333 0.586 0.575 2.9 19.2 10.7 84 1.7 0 4.5 32.2 127 80 23.7 20.8
"38" "38" 2013-01-17 28.05 "MIA" "@" "LAL" "W" 9 1 42.0666666666667 0.729 0.7 0 20.5 10.4 44.3 3.7 2.3 7 33.1 137 93 36.9 22.5
"39" "39" 2013-01-23 28.07 "MIA" "" "TOR" "W" 7 1 44.8333333333333 0.594 0.543 3.2 24.2 14.6 42.2 0 0 10.3 30.8 136 125 27 7.2
"40" "40" 2013-01-25 28.07 "MIA" "" "DET" "W" 22 1 33.0166666666667 0.691 0.643 4.5 22.4 14.3 34 1.7 0 10.7 27.3 139 102 22.8 11
"41" "41" 2013-01-27 28.08 "MIA" "@" "BOS" "L" -2 1 51.9333333333333 0.512 0.5 8.1 30.5 18 33.5 3.2 1.6 8.3 32.4 110 90 27.9 16.7
"42" "42" 2013-01-30 28.08 "MIA" "@" "BRK" "W" 20 1 34.2833333333333 0.607 0.639 7.6 28 17.5 33.8 3.2 0 16.8 32.6 119 94 19.8 12.2
"43" "43" 2013-02-01 28.09 "MIA" "@" "IND" "L" -13 1 41.9666666666667 0.641 0.559 3.6 21.2 11.6 15.1 1.4 2.2 12.1 31 118 124 20.3 4.8
"44" "44" 2013-02-03 28.1 "MIA" "@" "TOR" "W" 15 1 39.7333333333333 0.72 0.656 0 23.6 13.4 30.3 2.8 0 12.6 29.7 136 94 27.9 15.9
"45" "45" 2013-02-04 28.1 "MIA" "" "CHA" "W" 5 1 38 0.931 0.929 0 25.9 12.8 41.1 2.9 0 23.1 26.7 141 102 30.6 18.4
"46" "46" 2013-02-06 28.1 "MIA" "" "HOU" "W" 6 1 36.6166666666667 0.714 0.694 3.4 17.2 10.2 25.6 0 4.8 15.2 33.2 126 115 24.9 8.9
"47" "47" 2013-02-08 28.11 "MIA" "" "LAC" "W" 22 1 30.9833333333333 0.947 1 4.8 15.9 10.9 42.1 0 5.1 24 34 146 104 26 18.7
"48" "48" 2013-02-10 28.12 "MIA" "" "LAL" "W" 10 1 36.25 0.743 0.694 3.9 24.1 13.8 18.8 4.6 0 15.7 34.8 133 108 26.5 12.4
"49" "49" 2013-02-12 28.12 "MIA" "" "POR" "W" 13 1 38.75 0.81 0.767 0 28.6 13 38 4.3 5.1 5.1 25.5 170 112 35 21.7
"50" "50" 2013-02-14 28.13 "MIA" "@" "OKC" "W" 10 1 40.0333333333333 0.697 0.667 8.4 28.4 17.8 34.7 2.5 0 12.5 34.3 134 103 33.5 19.6
"51" "51" 2013-02-20 28.14 "MIA" "@" "ATL" "W" 13 1 39.5166666666667 0.648 0.567 0 22.1 9.7 49 5.2 0 9.7 24.9 133 91 27.4 16.8
"52" "52" 2013-02-21 28.15 "MIA" "@" "CHI" "W" 19 1 34.4833333333333 0.797 0.767 4.1 37.3 22.3 44.9 3.2 0 19.7 29.4 133 68 26 19.6
"53" "53" 2013-02-23 28.15 "MIA" "@" "PHI" "W" 24 1 31.5 0.621 0.625 5.1 35.2 22.1 48.8 3.6 0 13.4 24.9 133 99 20.7 12.6
"54" "54" 2013-02-24 28.15 "MIA" "" "CLE" "W" 4 1 38.85 0.587 0.526 7.7 3.3 5.4 37.1 1.4 0 7.7 33.1 128 125 23.8 4
"55" "55" 2013-02-26 28.16 "MIA" "" "SAC" "W" 12 1 47.75 0.707 0.63 10.7 12.9 12 49.8 2.2 1.8 6.6 29.8 154 119 44.2 18.4
"56" "56" 2013-03-01 28.17 "MIA" "" "MEM" "W" 7 1 42.1 0.467 0.357 3.5 20 12.5 38.7 2.6 1.8 4.9 25.2 114 101 19.3 8.3
"57" "57" 2013-03-03 28.17 "MIA" "@" "NYK" "W" 6 1 42.8333333333333 0.566 0.565 8.2 22.4 15.2 30.7 3.6 2.5 7.2 29.1 120 95 27.2 15.5
"58" "58" 2013-03-04 28.18 "MIA" "@" "MIN" "W" 16 1 34.8833333333333 0.608 0.594 4.2 22.9 15.8 21.5 4.4 4 29.9 30.6 90 75 14.8 5
"59" "59" 2013-03-06 28.18 "MIA" "" "ORL" "W" 1 1 38.2166666666667 0.674 0.536 0 9.2 4.8 10.8 0 2.1 9.4 26.3 128 112 19.6 4
"60" "60" 2013-03-08 28.19 "MIA" "" "PHI" "W" 9 1 34.2333333333333 0.651 0.647 11.4 28 19.5 25.1 1.6 5 13.5 31.2 125 102 22.6 10.5
"61" "61" 2013-03-10 28.19 "MIA" "" "IND" "W" 14 1 36.35 0.533 0.5 4.3 22 13 29.4 1.5 3.7 24.7 22.8 101 107 11.6 1.5
"62" "62" 2013-03-12 28.2 "MIA" "" "ATL" "W" 17 1 30.1166666666667 0.461 0.273 10.2 15.5 12.7 36.9 3.4 0 19.7 29.6 98 87 13.1 3.2
"63" "63" 2013-03-13 28.2 "MIA" "@" "PHI" "W" 4 1 37.2333333333333 0.556 0.447 7 15.3 11.4 41.8 3 1.9 14.1 36.5 113 105 22.9 9.7
"64" "64" 2013-03-15 28.21 "MIA" "@" "MIL" "W" 13 1 38.2333333333333 0.534 0.5 3.4 21.7 14.1 33.9 0 2 7.1 35.5 113 105 22.2 4.7
"65" "65" 2013-03-17 28.21 "MIA" "@" "TOR" "W" 17 1 33.8333333333333 0.653 0.583 4.9 32.5 22.1 37.2 3.3 0 15.1 30.7 125 87 23 11
"66" "66" 2013-03-18 28.21 "MIA" "@" "BOS" "W" 2 1 42.25 0.585 0.569 2.9 20.7 11 57.2 2.4 4.5 13.6 38.5 116 105 30.4 12.3
"67" "67" 2013-03-20 28.22 "MIA" "@" "CLE" "W" 3 1 42.3166666666667 0.49 0.432 20.9 14.9 17.9 49.5 4 3.8 13.6 34.1 116 106 25.4 12.7
"68" "68" 2013-03-22 28.22 "MIA" "" "DET" "W" 14 1 39.8833333333333 0.822 0.833 3.6 17.9 12 40.9 2.6 2 14.5 25.5 147 95 30.2 15.2
"69" "69" 2013-03-24 28.23 "MIA" "" "CHA" "W" 32 1 34.1666666666667 0.849 0.786 0 19.4 12.1 62.3 4.6 6.6 17.5 33.4 150 74 36.7 25.8
"70" "70" 2013-03-25 28.23 "MIA" "@" "ORL" "W" 14 1 38.75 0.588 0.563 2.8 23 12.8 52.7 1.3 0 12.8 28.2 125 102 22.8 5.6
"71" "71" 2013-03-27 28.24 "MIA" "@" "CHI" "L" -4 1 39.9333333333333 0.733 0.706 0 22.7 11.4 15.2 2.6 7.6 15.5 31 126 103 27.9 13.9
"72" "72" 2013-03-29 28.24 "MIA" "@" "NOH" "W" 19 1 32.2166666666667 0.811 0.825 0 17 9.8 39.5 3.5 0 11.9 42.2 135 102 30.8 20.6
"73" "" 2013-03-31 28.25 "MIA" "@" "SAS" "W" 2 NA NA NA NA NA NA NA NA NA NA NA NA NA NA NA NA
"74" "" 2013-04-02 28.25 "MIA" "" "NYK" "L" -12 NA NA NA NA NA NA NA NA NA NA NA NA NA NA NA NA
"75" "" 2013-04-05 28.26 "MIA" "@" "CHA" "W" 10 NA NA NA NA NA NA NA NA NA NA NA NA NA NA NA NA
"76" "73" 2013-04-06 28.27 "MIA" "" "PHI" "W" 19 1 29.7 0.755 0.735 0 13.2 7.3 39.2 1.9 0 5.3 31.1 150 102 24.2 17.6
"77" "74" 2013-04-09 28.27 "MIA" "" "MIL" "W" 11 1 30.0666666666667 0.751 0.688 3.5 23.9 13 54.7 3.4 3.2 13.9 31.6 140 85 28.3 24.6
"78" "" 2013-04-10 28.28 "MIA" "@" "WAS" "W" 5 NA NA NA NA NA NA NA NA NA NA NA NA NA NA NA NA
"79" "75" 2013-04-12 28.28 "MIA" "" "BOS" "W" 8 1 28.85 0.85 0.8 5.5 20.3 14.1 58.3 0 0 7.8 21.8 174 113 23.3 15.6
"80" "76" 2013-04-14 28.29 "MIA" "" "CHI" "W" 12 1 34.85 0.694 0.625 0 18.9 10.8 31.4 1.4 0 14.8 27.1 125 97 20.7 8.9
"81" "" 2013-04-15 28.29 "MIA" "@" "CLE" "W" 1 NA NA NA NA NA NA NA NA NA NA NA NA NA NA NA NA
"82" "" 2013-04-17 28.3 "MIA" "" "ORL" "W" 12 NA NA NA NA NA NA NA NA NA NA NA NA NA NA NA NA
"1" "1" 2013-10-29 28.83 "MIA" "" "CHI" "W" 12 1 38.0166666666667 0.568 0.455 0 16.5 9.4 32.9 1.3 0 11.8 20.8 121 101 16.9 2.7
"2" "2" 2013-10-30 28.83 "MIA" "@" "PHI" "L" -4 1 36.6333333333333 0.666 0.647 0 16.4 7.4 56.4 0 0 17.6 27.2 127 118 21.4 8.5
"3" "3" 2013-11-01 28.84 "MIA" "@" "BRK" "L" -1 1 42.2333333333333 0.613 0.605 3.1 20.7 11.4 35 2.4 2.2 19.1 30.4 102 107 19.9 4.4
"4" "4" 2013-11-03 28.84 "MIA" "" "WAS" "W" 10 1 34.6833333333333 0.772 0.75 0 10.1 5.7 28.2 1.6 0 27 31.4 108 109 17 2.9
"5" "5" 2013-11-05 28.85 "MIA" "@" "TOR" "W" 9 1 36.0166666666667 0.744 0.675 7.2 19.5 13.7 45 0 2.6 4.1 32.6 157 110 33.9 20.9
"6" "6" 2013-11-07 28.85 "MIA" "" "LAC" "W" 5 1 37.15 0.531 0.5 0 20.8 9.5 25.6 1.4 0 19.1 26.7 96 108 10.8 -0.7
"7" "7" 2013-11-09 28.86 "MIA" "" "BOS" "L" -1 1 36.5333333333333 0.737 0.692 4.1 24.2 15 45 0 0 22.8 30.1 126 123 23.1 5.5
"8" "8" 2013-11-12 28.87 "MIA" "" "MIL" "W" 23 1 29.9666666666667 0.698 0.714 0 11.2 6.5 12.7 0 0 11.3 41.6 116 107 21.6 4.3
"9" "9" 2013-11-15 28.88 "MIA" "" "DAL" "W" 6 1 36.9666666666667 0.854 0.806 0 21.6 11.5 23.8 1.3 0 20.8 36.3 135 112 31.2 10
"10" "10" 2013-11-16 28.88 "MIA" "@" "CHA" "W" 16 1 31.9166666666667 0.759 0.722 4.7 9.6 7.6 68.1 1.7 2.7 13.2 36.4 140 96 27.4 19.8
"11" "11" 2013-11-19 28.89 "MIA" "" "ATL" "W" 16 1 30.7 0.454 0.462 8.7 15.6 12.3 24.7 1.7 0 17.3 25.9 95 100 9.6 -3
"12" "12" 2013-11-20 28.89 "MIA" "@" "ORL" "W" 28 1 29.0833333333333 0.663 0.455 5.5 23.6 15.2 38.8 1.8 3.9 20.2 30 135 98 20.1 6.9
"13" "13" 2013-11-23 28.9 "MIA" "" "ORL" "W" 2 1 37.5833333333333 0.684 0.654 0 29.5 15.5 31.9 4.1 0 15.7 24 122 98 22.5 13.8
"14" "14" 2013-11-25 28.9 "MIA" "" "PHO" "W" 15 1 33.35 0.929 0.857 0 16 8.7 24.8 1.6 2.8 17.5 31.7 153 100 31.6 21.8
"15" "15" 2013-11-27 28.91 "MIA" "@" "CLE" "W" 11 1 37.1 0.587 0.5 0 20.3 11.8 44.3 4.1 0 4 33.1 120 83 26.3 12.9
"16" "16" 2013-11-29 28.92 "MIA" "@" "TOR" "W" 7 1 36.45 0.687 0.676 3.7 15.3 10 17.3 1.4 3.1 13.3 29.6 115 90 20.5 11.6
"17" "17" 2013-12-01 28.92 "MIA" "" "CHA" "W" 1 1 38.2666666666667 0.747 0.654 0 17.4 8.6 19.3 1.4 2.1 14.7 27.2 132 108 22.7 7.3
"18" "18" 2013-12-03 28.93 "MIA" "" "DET" "L" -10 1 36.9666666666667 0.621 0.6 8.5 7.6 8.1 30.4 2.8 2 24.5 28.7 106 115 17.3 5.8
"19" "19" 2013-12-05 28.93 "MIA" "@" "CHI" "L" -20 1 33.3 0.512 0.441 0 21.2 9.5 13.2 4.9 0 4.6 32.1 102 114 15.2 4.9
"20" "20" 2013-12-07 28.94 "MIA" "@" "MIN" "W" 21 1 30.5666666666667 0.739 0.75 17.9 29.1 24.7 43.5 3.2 0 33 31.3 112 74 20.6 11.5
"21" "21" 2013-12-08 28.94 "MIA" "@" "DET" "W" 15 1 35.0166666666667 0.698 0.667 4.3 18.3 12.5 46.9 3 0 25.9 32.4 117 99 21.1 5.7
"22" "22" 2013-12-10 28.95 "MIA" "@" "IND" "L" -6 1 38.5333333333333 0.456 0.406 3.1 45 22.9 29.3 2.8 0 21.2 30.1 82 96 12 0
"23" "23" 2013-12-14 28.96 "MIA" "" "CLE" "W" 7 1 40.6166666666667 0.762 0.75 6.6 19.2 13.5 33.9 5 0 10.9 21.1 153 108 30 12.9
"24" "24" 2013-12-16 28.96 "MIA" "" "UTA" "W" 23 1 33.8166666666667 0.781 0.765 5.1 24.7 17.3 48.1 1.6 0 13.5 32.7 145 103 29.9 12
"25" "25" 2013-12-18 28.97 "MIA" "" "IND" "W" 3 1 36.2333333333333 0.703 0.607 0 31.4 16.3 35.1 4.3 0 14.9 27 128 96 23.8 13.9
"26" "26" 2013-12-20 28.97 "MIA" "" "SAC" "W" 19 1 30.6666666666667 0.758 0.773 9.8 16.1 13.2 32.5 1.6 3 7.8 19 157 107 21.6 11.9
"27" "27" 2013-12-23 28.98 "MIA" "" "ATL" "W" 2 1 45.6333333333333 0.62 0.643 10.1 10.6 10.3 25.4 2.3 0 0 30.5 141 118 32.6 13.9
"28" "28" 2013-12-25 28.99 "MIA" "@" "LAL" "W" 6 1 35.8 0.529 0.5 0 22.3 11.9 17 0 0 10 26.9 102 104 12.8 -3.4
"29" "29" 2013-12-27 28.99 "MIA" "@" "SAC" "L" -5 1 43.7166666666667 0.644 0.609 0 23.7 11.3 41.4 0 0 7.2 30.1 124 106 26.1 10.6
"30" "" 2013-12-28 28.99 "MIA" "@" "POR" "W" 1 NA NA NA NA NA NA NA NA NA NA NA NA NA NA NA NA
"31" "30" 2013-12-30 29 "MIA" "@" "DEN" "W" 3 1 39.7333333333333 0.702 0.7 3.6 17.8 10.7 49.6 0 2 17.8 29.5 127 111 23.4 12.5
"32" "31" 2014-01-02 29.01 "MIA" "" "GSW" "L" -9 1 39.5666666666667 0.666 0.656 0 19 8.5 21.8 0 2.3 29.1 31.3 97 126 15.3 -2.3
"33" "32" 2014-01-04 29.01 "MIA" "@" "ORL" "W" 16 1 35.9166666666667 0.454 0.385 3.7 20.8 13.2 32.1 1.4 0 15.4 25.4 100 101 12.7 -0.4
"34" "33" 2014-01-05 29.02 "MIA" "" "TOR" "W" 5 1 37.7833333333333 0.712 0.667 3.1 10.9 6.7 27.9 1.4 0 4.5 27.3 150 112 26.5 15.3
"35" "34" 2014-01-07 29.02 "MIA" "" "NOP" "W" 19 1 35.25 0.686 0.659 3.6 6.5 5.1 30.5 3.1 0 11.4 35.8 126 99 25.2 14.5
"36" "35" 2014-01-09 29.03 "MIA" "@" "NYK" "L" -10 1 41.4166666666667 0.733 0.735 0 15.2 7.7 30.1 1.3 2 21.6 35 117 118 23.9 6.3
"37" "36" 2014-01-10 29.03 "MIA" "@" "BRK" "L" -9 1 49.3666666666667 0.685 0.619 7.5 11.5 9.3 29.5 0 0 13.2 33.6 127 116 25.7 9.9
"38" "37" 2014-01-15 29.04 "MIA" "@" "WAS" "L" -17 1 41.0666666666667 0.558 0.444 5.4 21.3 12.3 29.6 2.6 0 15.2 29.8 110 122 20.9 4.9
"39" "38" 2014-01-17 29.05 "MIA" "@" "PHI" "W" 15 1 36.5166666666667 0.636 0.538 3.5 20.4 12.7 45.6 2.8 2.1 15.4 24.3 130 87 22.6 8.7
"40" "39" 2014-01-18 29.05 "MIA" "@" "CHA" "W" 8 1 44.8666666666667 0.578 0.52 6.2 18.2 12.3 30 1.3 0 6.4 35.7 123 104 25.7 8.6
"41" "40" 2014-01-20 29.06 "MIA" "@" "ATL" "L" -7 1 38.7166666666667 0.612 0.595 3.2 10.3 6.6 30.5 1.3 0 10.9 31.8 117 128 21.9 2.7
"42" "41" 2014-01-21 29.06 "MIA" "" "BOS" "W" 7 1 38.8 0.608 0.526 3.4 20.1 12.5 19.3 2.9 0 11.2 34.9 116 94 23.1 8
"43" "42" 2014-01-23 29.07 "MIA" "" "LAL" "W" 7 1 37.3 0.652 0.667 7.6 28.9 20.2 23.1 1.4 0 19.4 31.2 118 106 22.2 6
"44" "43" 2014-01-26 29.07 "MIA" "" "SAS" "W" 12 1 27.7166666666667 0.583 0.567 0 33.7 18.7 35.7 1.9 0 20.6 34.8 104 111 12.4 -1.4
"45" "44" 2014-01-29 29.08 "MIA" "" "OKC" "L" -17 1 42.1666666666667 0.71 0.625 3.4 6 4.8 14.6 0 0 11.1 30.2 135 132 24.8 7.8
"46" "45" 2014-02-01 29.09 "MIA" "@" "NYK" "W" 15 1 39.1 0.609 0.614 4 23.9 14.7 34.3 8.5 0 7.5 32.8 126 89 29.1 18.3
"47" "46" 2014-02-03 29.1 "MIA" "" "DET" "W" 6 1 38.3166666666667 0.533 0.474 2.8 17.5 10.5 49.7 2.6 3.9 4.3 25.8 127 95 26 14.8
"48" "47" 2014-02-05 29.1 "MIA" "@" "LAC" "W" 4 1 40.7833333333333 0.659 0.625 3.1 18.3 11.3 50.3 3.6 1.9 22.9 34.4 114 108 27.7 10
"49" "48" 2014-02-08 29.11 "MIA" "@" "UTA" "L" -5 1 39.35 0.416 0.346 0 23.1 11.7 25.3 0 0 24.2 27.9 73 116 4.5 -10.4
"50" "49" 2014-02-11 29.12 "MIA" "@" "PHO" "W" 6 1 40.9833333333333 0.657 0.591 3 24.7 13.7 16 6.4 0 12.4 37.2 123 97 30.6 14.3
"51" "50" 2014-02-12 29.12 "MIA" "@" "GSW" "W" 1 1 42.2666666666667 0.619 0.615 3.2 32.4 18.9 39.2 2.4 0 6.4 34.9 124 112 32.4 12
"52" "51" 2014-02-18 29.14 "MIA" "@" "DAL" "W" 11 1 38.4666666666667 0.792 0.783 6.9 20.8 14.4 31.2 2.8 0 10.2 37 144 113 37.4 18.3
"53" "52" 2014-02-20 29.14 "MIA" "@" "OKC" "W" 22 1 33.4 0.682 0.705 4.1 19.6 12.7 22.2 6.2 0 24.8 45.3 97 80 22.6 9.7
"54" "" 2014-02-23 29.15 "MIA" "" "CHI" "W" 14 NA NA NA NA NA NA NA NA NA NA NA NA NA NA NA NA
"55" "53" 2014-02-27 29.16 "MIA" "" "NYK" "W" 26 1 36.6333333333333 0.716 0.711 0 10.5 6.6 18.7 0 0 4.4 31.6 140 97 25.1 11.5
"56" "54" 2014-03-01 29.17 "MIA" "" "ORL" "W" 14 1 31.2166666666667 0.704 0.667 4.7 27.3 17.7 35.1 6.8 0 12.3 24.5 141 93 24 16.4
"57" "55" 2014-03-03 29.17 "MIA" "" "CHA" "W" 17 1 41.2 0.797 0.788 9.4 11.9 10.7 22.9 0 0 5 47.5 161 128 48.8 23
"58" "56" 2014-03-04 29.18 "MIA" "@" "HOU" "L" -3 1 36.6333333333333 0.533 0.5 3 0 1.7 30 4.3 0 4.6 28.1 117 117 18.7 6.2
"59" "57" 2014-03-06 29.18 "MIA" "@" "SAS" "L" -24 1 38.0666666666667 0.433 0.333 8.4 17.5 12.5 33.4 2.6 0 18.5 31.8 86 114 11.5 -1.3
"60" "58" 2014-03-09 29.19 "MIA" "@" "CHI" "L" -7 1 45.3166666666667 0.37 0.37 2.9 19.1 11.8 45.3 3.8 1.6 14.8 31.4 77 97 12.1 1.7
"61" "59" 2014-03-10 29.19 "MIA" "" "WAS" "W" 9 1 36.75 0.767 0.767 6.9 14.5 11 38.8 4.7 0 16.7 25 137 100 23.8 14.6
"62" "60" 2014-03-12 29.2 "MIA" "" "BRK" "L" -1 1 38.05 0.56 0.5 0 16.2 9 34.7 4.2 0 22.8 28.7 99 100 15.1 4.8
"63" "61" 2014-03-14 29.2 "MIA" "" "DEN" "L" -4 1 39.8333333333333 0.523 0.471 0 19.5 9.5 22.3 1.2 0 16.6 26.8 98 114 13.3 -2.9
"64" "62" 2014-03-16 29.21 "MIA" "" "HOU" "W" 9 1 42.8666666666667 0.585 0.5 0 16.5 8.6 21.6 2.5 0 19.6 27.5 106 114 16.4 0.6
"65" "63" 2014-03-18 29.21 "MIA" "@" "CLE" "W" 4 1 41.6666666666667 0.87 0.895 0 20.9 9 25.8 2.4 6.9 0 27.7 172 97 42 27.1
"66" "" 2014-03-19 29.22 "MIA" "@" "BOS" "L" -5 NA NA NA NA NA NA NA NA NA NA NA NA NA NA NA NA
"67" "64" 2014-03-21 29.22 "MIA" "" "MEM" "W" 5 1 38.0166666666667 0.504 0.5 3.3 16.2 9.8 33.8 3 1.9 16.8 23.5 102 100 14.4 6
"68" "65" 2014-03-22 29.22 "MIA" "@" "NOP" "L" -10 1 41.9833333333333 0.647 0.611 3.6 20.5 12.9 40.2 0 1.7 13.4 26.7 123 123 22.8 7.6
"69" "66" 2014-03-24 29.23 "MIA" "" "POR" "W" 2 1 38.3666666666667 0.593 0.565 10.6 5.6 8.2 30.2 5.6 0 15.6 38.8 112 102 25 13.4
"70" "67" 2014-03-26 29.24 "MIA" "@" "IND" "L" -1 1 43.4 0.742 0.632 0 20.6 12 34.9 0 0 19 38.1 126 102 27.4 11.5
"71" "68" 2014-03-28 29.24 "MIA" "@" "DET" "W" 32 1 29.7666666666667 0.612 0.577 9.5 26.3 19.4 61 1.9 0 6.7 24.8 147 87 22.9 19
"72" "69" 2014-03-29 29.24 "MIA" "@" "MIL" "W" 21 1 30.05 0.553 0.55 8.6 17.4 13.5 13.3 0 0 25.4 26.7 93 88 7.1 -3.8
"73" "70" 2014-03-31 29.25 "MIA" "" "TOR" "W" 10 1 38.8833333333333 0.644 0.575 0 24.7 13.1 48.4 1.5 0 19.5 42 114 99 23.5 9.2
"74" "71" 2014-04-02 29.25 "MIA" "" "MIL" "W" 19 1 29.35 0.599 0.625 0 17.2 8.5 47.5 2 3 12.3 28.7 121 95 16.7 11.7
"75" "72" 2014-04-04 29.26 "MIA" "" "MIN" "L" -1 1 47.95 0.599 0.542 4.7 15.4 9.9 21.2 4.4 2 12.3 30.6 118 105 26.6 9.3
"76" "73" 2014-04-06 29.27 "MIA" "" "NYK" "W" 11 1 42.7833333333333 0.696 0.659 0 13 7.7 34.7 1.4 0 15.5 40.2 125 112 28.3 7.6
"77" "74" 2014-04-08 29.27 "MIA" "" "BRK" "L" -1 1 37.1333333333333 0.654 0.563 3.5 36.4 18.7 36.3 3.1 0 11.9 36 126 103 26.8 14.5
"78" "75" 2014-04-09 29.27 "MIA" "@" "MEM" "L" -5 1 41.3666666666667 0.709 0.674 3.3 17.6 10.2 26.7 2.7 0 16.1 38.7 122 123 28.4 7.3
"79" "76" 2014-04-11 29.28 "MIA" "" "IND" "W" 12 1 34.8666666666667 0.7 0.6 3.7 20.2 11.6 6.9 1.7 2.7 7.2 39.6 141 104 28.2 17.9
"80" "77" 2014-04-12 29.28 "MIA" "@" "ATL" "L" -13 1 37.35 0.529 0.523 9.9 14.9 12.5 29 0 2.3 10.5 36.2 104 107 18 7.6
"81" "" 2014-04-14 29.29 "MIA" "@" "WAS" "L" -21 NA NA NA NA NA NA NA NA NA NA NA NA NA NA NA NA
"82" "" 2014-04-16 29.29 "MIA" "" "PHI" "L" -13 NA NA NA NA NA NA NA NA NA NA NA NA NA NA NA NA
"1" "1" 2014-10-30 29.83 "CLE" "" "NYK" "L" -5 1 43.2333333333333 0.47 0.367 0 17.9 8.2 16.8 0 0 30.7 29.6 75 117 3.2 -13.7
"2" "2" 2014-10-31 29.84 "CLE" "@" "CHI" "W" 6 1 41.6666666666667 0.53 0.483 2.5 20.7 10.8 27.4 5 2.2 8.1 36.9 116 97 27.4 15.5
"3" "3" 2014-11-04 29.85 "CLE" "@" "POR" "L" -19 1 34.9333333333333 0.442 0.417 2.6 22.3 10.8 37.7 1.6 0 19.4 20.2 91 113 8.8 1.2
"4" "4" 2014-11-05 29.85 "CLE" "@" "UTA" "L" -2 1 42.0333333333333 0.666 0.528 0 9.5 4.8 21.9 3.9 0 14.7 30.7 125 116 23.5 11.2
"5" "5" 2014-11-07 29.85 "CLE" "@" "DEN" "W" 9 1 39.6333333333333 0.533 0.472 0 19.3 10.1 44 1.3 2.2 12.7 26.9 109 103 20.3 6.1
"6" "6" 2014-11-10 29.86 "CLE" "" "NOP" "W" 7 1 40.4333333333333 0.654 0.559 6.2 22.7 15.4 36.4 1.3 1.8 14 32.8 133 120 29.8 8.8
"7" "7" 2014-11-14 29.87 "CLE" "@" "BOS" "W" 1 1 40.85 0.662 0.648 0 11.8 5.9 34 0 1.7 8.8 35.5 127 121 29.5 7.5
"8" "8" 2014-11-15 29.88 "CLE" "" "ATL" "W" 33 1 28.9 0.735 0.75 8.7 14.4 11.9 42.4 0 2.4 12.1 37.8 136 100 27.2 13.4
"9" "9" 2014-11-17 29.88 "CLE" "" "DEN" "L" -9 1 40.5666666666667 0.522 0.472 0 25.4 13.1 24.1 0 4.4 15.9 28.5 98 113 14.6 -1.5
"10" "10" 2014-11-19 29.89 "CLE" "" "SAS" "L" -2 1 34.1 0.43 0.412 10.1 11.1 10.6 44.4 1.6 2.4 22.3 30.2 89 103 10.3 3
"11" "11" 2014-11-21 29.89 "CLE" "@" "WAS" "L" -13 1 39.0333333333333 0.457 0.429 8.4 2.9 5.7 28.7 1.3 1.7 11.1 32 93 103 13.2 5
"12" "12" 2014-11-22 29.9 "CLE" "" "TOR" "L" -17 1 37.2833333333333 0.563 0.542 0 3 1.6 47.2 1.3 2.3 27.3 21.1 98 118 11.8 2.7
"13" "13" 2014-11-24 29.9 "CLE" "" "ORL" "W" 32 1 31 0.664 0.588 4 10.3 7.4 60.7 5.3 0 4.4 34.4 148 84 31.2 25.7
"14" "14" 2014-11-26 29.91 "CLE" "" "WAS" "W" 26 1 36.0833333333333 0.675 0.536 5.1 37.4 22.9 37.1 4.5 0 15.7 34 131 92 27.6 12.3
"15" "15" 2014-11-29 29.92 "CLE" "" "IND" "W" 12 1 31.7333333333333 0.503 0.5 0 6.1 3.3 38.7 1.7 0 13.7 32.7 101 112 12.7 -0.7
"16" "16" 2014-12-02 29.92 "CLE" "" "MIL" "W" 3 1 41.0833333333333 0.536 0.4 3.3 10.4 7.3 36.5 0 0 22.4 33.6 101 115 16.6 -2.6
"17" "17" 2014-12-04 29.93 "CLE" "@" "NYK" "W" 3 1 39.5166666666667 0.473 0.441 3.4 11 7.6 62 2.7 0 16.6 29.7 99 96 16.2 5.7
"18" "18" 2014-12-05 29.93 "CLE" "@" "TOR" "W" 14 1 42.45 0.581 0.556 0 16.8 9 47.7 3.8 1.8 16.2 26.2 121 96 24.3 13.3
"19" "19" 2014-12-08 29.94 "CLE" "@" "BRK" "W" 22 1 33.9 0.503 0.5 0 12.6 6.4 31.3 4.8 0 14.4 26.2 112 95 14.2 4
"20" "20" 2014-12-09 29.94 "CLE" "" "TOR" "W" 4 1 41.8833333333333 0.701 0.619 3.3 3.7 3.5 18.2 2.7 3.9 7.4 31.1 143 118 29.9 14.9
"21" "" 2014-12-11 29.95 "CLE" "@" "OKC" "L" -9 NA NA NA NA NA NA NA NA NA NA NA NA NA NA NA NA
"22" "21" 2014-12-12 29.95 "CLE" "@" "NOP" "L" -5 1 37.6166666666667 0.745 0.75 0 18.2 8.1 28.6 0 2.5 6.8 35.8 142 134 33.1 14.6
"23" "22" 2014-12-15 29.96 "CLE" "" "CHO" "W" 9 1 40.3 0.65 0.632 0 20.8 10.4 67 1.3 5.3 19.4 30.5 118 94 26.9 14.2
"24" "23" 2014-12-17 29.96 "CLE" "" "ATL" "L" -29 1 29.0333333333333 0.55 0.5 0 17.1 6.8 13.9 3.8 0 9.5 35.1 103 140 14.5 1.6
"25" "24" 2014-12-19 29.97 "CLE" "" "BRK" "W" 4 1 39.9333333333333 0.511 0.444 2.7 9.7 5.9 47.9 2.6 0 15.7 29 104 97 15.7 3.8
"26" "25" 2014-12-21 29.98 "CLE" "" "MEM" "W" 14 1 37.55 0.709 0.7 0 3.1 1.8 40.8 0 1.8 22.1 30.7 119 108 20.6 8.4
"27" "26" 2014-12-23 29.98 "CLE" "" "MIN" "W" 21 1 34.6333333333333 0.659 0.625 0 13.2 7.1 12.6 1.4 5.5 9.9 24.4 131 106 18.8 6.9
"28" "27" 2014-12-25 29.99 "CLE" "@" "MIA" "L" -10 1 40.0333333333333 0.627 0.625 0 12.6 6 45.2 0 0 14.3 33 119 121 21.6 7.1
"29" "28" 2014-12-26 29.99 "CLE" "@" "ORL" "W" 9 1 36.9333333333333 0.584 0.5 0 19.1 8.9 52 2.9 5 13.9 37.3 113 96 24.3 10.8
"30" "29" 2014-12-28 29.99 "CLE" "" "DET" "L" -23 1 31.85 0.401 0.316 3.5 27.1 16.2 45 1.6 0 24.8 39.9 73 107 6.8 -5.1
"31" "" 2014-12-30 30 "CLE" "@" "ATL" "L" -8 NA NA NA NA NA NA NA NA NA NA NA NA NA NA NA NA
"32" "" 2014-12-31 30 "CLE" "" "MIL" "L" -16 NA NA NA NA NA NA NA NA NA NA NA NA NA NA NA NA
"33" "" 2015-01-02 30.01 "CLE" "@" "CHO" "W" 4 NA NA NA NA NA NA NA NA NA NA NA NA NA NA NA NA
"34" "" 2015-01-04 30.01 "CLE" "" "DAL" "L" -19 NA NA NA NA NA NA NA NA NA NA NA NA NA NA NA NA
"35" "" 2015-01-05 30.02 "CLE" "@" "PHI" "L" -3 NA NA NA NA NA NA NA NA NA NA NA NA NA NA NA NA
"36" "" 2015-01-07 30.02 "CLE" "" "HOU" "L" -12 NA NA NA NA NA NA NA NA NA NA NA NA NA NA NA NA
"37" "" 2015-01-09 30.03 "CLE" "@" "GSW" "L" -18 NA NA NA NA NA NA NA NA NA NA NA NA NA NA NA NA
"38" "" 2015-01-11 30.03 "CLE" "@" "SAC" "L" -19 NA NA NA NA NA NA NA NA NA NA NA NA NA NA NA NA
"39" "30" 2015-01-13 30.04 "CLE" "@" "PHO" "L" -7 1 36.6833333333333 0.696 0.694 3.2 22.4 12.1 30.3 1.5 0 17.4 34.2 127 120 23.6 12.3
"40" "31" 2015-01-15 30.04 "CLE" "@" "LAL" "W" 7 1 38.0333333333333 0.627 0.609 3.2 11.1 6.9 28.9 2.9 0 3.4 36.5 138 116 28 14.6
"41" "32" 2015-01-16 30.05 "CLE" "@" "LAC" "W" 5 1 42.4833333333333 0.566 0.543 0 25.4 14.3 23.6 3.3 0 24.1 36.4 97 112 18.9 -1.3
"42" "33" 2015-01-19 30.05 "CLE" "" "CHI" "W" 14 1 36.2666666666667 0.535 0.522 2.7 11.8 7 21.1 0 0 19.8 35.5 98 111 11.4 -3.2
"43" "34" 2015-01-21 30.06 "CLE" "" "UTA" "W" 14 1 35.75 0.587 0.5 6.5 14.6 10.8 38.7 6 0 24 37.3 107 97 22.6 8.1
"44" "35" 2015-01-23 30.07 "CLE" "" "CHO" "W" 39 1 26.6166666666667 0.709 0.667 4.4 15.8 11 54.5 7.3 2.5 10.2 31.5 146 79 28.5 26.6
"45" "36" 2015-01-25 30.07 "CLE" "" "OKC" "W" 10 1 38.5833333333333 0.553 0.48 0 18.5 9.7 27.9 1.3 3.9 6.1 38.5 119 102 25.3 10.5
"46" "37" 2015-01-27 30.08 "CLE" "@" "DET" "W" 8 1 35.9333333333333 0.555 0.458 0 16 8.2 38.5 1.4 0 12.2 40.1 111 102 21.7 6.6
"47" "" 2015-01-28 30.08 "CLE" "" "POR" "W" 5 NA NA NA NA NA NA NA NA NA NA NA NA NA NA NA NA
"48" "38" 2015-01-30 30.08 "CLE" "" "SAC" "W" 11 1 33.0666666666667 0.51 0.469 0 8.5 4.6 36.5 5.9 4.4 24.4 33.5 89 86 14.6 7
"49" "39" 2015-01-31 30.09 "CLE" "@" "MIN" "W" 16 1 39.75 0.631 0.62 8.8 7.9 8.3 24.1 0 1.8 6.6 34 142 109 27.7 13.6
"50" "40" 2015-02-02 30.09 "CLE" "" "PHI" "W" 13 1 35.85 0.458 0.382 0 9.3 5 54.6 2.9 0 23.4 32.5 96 93 11.9 0.8
"51" "41" 2015-02-05 30.1 "CLE" "" "LAC" "W" 11 1 27.7833333333333 0.673 0.607 0 10 5.5 90.5 1.8 0 10.5 30.1 139 103 22.2 16.8
"52" "42" 2015-02-06 30.1 "CLE" "@" "IND" "L" -4 1 38.5666666666667 0.51 0.476 0 20.2 8.9 22.6 2.8 2.1 22.2 35.9 90 111 12.9 -0.6
"53" "43" 2015-02-08 30.11 "CLE" "" "LAL" "W" 15 1 30.1833333333333 0.604 0.563 9.6 21.6 17.3 39.4 1.7 0 24.8 36.7 109 106 17.2 -0.4
"54" "44" 2015-02-11 30.12 "CLE" "" "MIA" "W" 20 1 31.45 0.472 0.375 0 30.5 17.4 30.7 1.7 0 20.8 36.3 95 98 11.6 -7.6
"55" "45" 2015-02-12 30.12 "CLE" "@" "CHI" "L" -15 1 34.2333333333333 0.541 0.5 0 15.2 7.8 27.8 0 0 21.8 46.4 88 120 12.3 -3.2
"56" "46" 2015-02-20 30.14 "CLE" "@" "WAS" "W" 38 1 25.1166666666667 0.627 0.643 0 21.7 11.2 49.7 2 0 8.2 41.4 122 92 20.8 12
"57" "47" 2015-02-22 30.15 "CLE" "@" "NYK" "W" 18 1 27.9166666666667 0.469 0.441 0 20.4 12.4 43 3.7 0 17.2 39.7 93 81 12.3 1.2
"58" "48" 2015-02-24 30.15 "CLE" "@" "DET" "W" 9 1 39.05 0.516 0.464 0 18.3 10 50.8 3.9 2.1 32.8 33.2 87 92 13.3 0.5
"59" "49" 2015-02-26 30.16 "CLE" "" "GSW" "W" 11 1 36.2 0.704 0.68 3.5 23.3 15.4 41.2 4 2.1 16.7 43.8 122 90 32.2 18.4
"60" "" 2015-02-27 30.16 "CLE" "@" "IND" "L" -7 NA NA NA NA NA NA NA NA NA NA NA NA NA NA NA NA
"61" "50" 2015-03-01 30.17 "CLE" "@" "HOU" "L" -2 1 42.1 0.464 0.486 5 19.4 11.3 23.8 3.9 8.6 9.1 45.1 103 101 20.8 13.3
"62" "51" 2015-03-03 30.17 "CLE" "" "BOS" "W" 31 1 25.5833333333333 0.555 0.522 4.4 7.4 6 45.8 6.1 3.1 3.9 44.7 119 80 23.2 18.1
"63" "52" 2015-03-04 30.18 "CLE" "@" "TOR" "W" 8 1 37.45 0.668 0.656 3.6 19.4 11.1 63 0 0 12.1 31.1 141 132 27.6 11.2
"64" "53" 2015-03-06 30.18 "CLE" "@" "ATL" "L" -9 1 40.15 0.545 0.423 3.2 15.7 9.6 41.5 2.7 1.9 35.3 30.4 89 116 10.8 -3.6
"65" "54" 2015-03-07 30.18 "CLE" "" "PHO" "W" 10 1 36.4333333333333 0.456 0.438 0 16.8 8.9 45.6 1.6 0 17.7 30.1 91 93 10.2 1.6
"66" "55" 2015-03-10 30.19 "CLE" "@" "DAL" "W" 33 1 28.9666666666667 0.833 0.857 0 21.9 12.6 48.3 1.7 2.7 11 27 158 95 26.6 22.1
"67" "56" 2015-03-12 30.2 "CLE" "@" "SAS" "W" 3 1 43.7166666666667 0.635 0.575 0 17.3 7.8 26.6 2.4 2 10.9 28.6 128 121 25.5 9.3
"68" "57" 2015-03-15 30.21 "CLE" "@" "ORL" "W" 15 1 34.7333333333333 0.666 0.643 4.6 20.2 14.2 55.2 4.3 2 6 23.1 157 105 27.8 13.6
"69" "58" 2015-03-16 30.21 "CLE" "@" "MIA" "L" -14 1 35.2666666666667 0.577 0.526 3 4.4 3.5 28.5 0 0 15.1 34.4 103 119 14.1 2.6
"70" "59" 2015-03-18 30.21 "CLE" "" "BRK" "W" 25 1 34.5833333333333 0.512 0.462 4 6.9 5.6 25.5 1.6 0 11.3 24.1 119 104 12.9 0.8
"71" "60" 2015-03-20 30.22 "CLE" "" "IND" "W" 3 1 39.3 0.539 0.538 0 19.9 9.8 31.9 0 0 10 36.4 105 109 18.2 5.1
"72" "61" 2015-03-22 30.22 "CLE" "@" "MIL" "W" 18 1 39.4666666666667 0.697 0.618 5.8 29.5 16.2 24.5 6.5 2.1 19.9 29.3 123 86 28.4 14
"73" "62" 2015-03-25 30.23 "CLE" "@" "MEM" "W" 22 1 31.45 0.597 0.567 0 26 15.1 23.6 0 0 5.6 25.2 131 100 16 4.9
"74" "63" 2015-03-27 30.24 "CLE" "@" "BRK" "L" -8 1 38.4666666666667 0.648 0.6 0 14.2 7.3 41.6 6.4 2 13.9 25.4 124 99 24.8 14.5
"75" "64" 2015-03-29 30.24 "CLE" "" "PHI" "W" 1 1 37.8833333333333 0.375 0.354 4.9 24.8 14.2 33.3 0 2.3 15.8 36.5 82 95 9.2 -1
"76" "65" 2015-04-02 30.25 "CLE" "" "MIA" "W" 26 1 35.45 0.632 0.594 3.6 23.1 13.7 34.1 1.5 7.5 14.2 27.3 126 93 21.6 9.3
"77" "66" 2015-04-05 30.26 "CLE" "" "CHI" "W" 5 1 36.5166666666667 0.509 0.5 5.7 27 15.5 64.4 4.4 2.7 13.3 29 116 95 21.4 11.9
"78" "67" 2015-04-08 30.27 "CLE" "@" "MIL" "W" 5 1 39.85 0.626 0.6 6.7 21.1 14.3 36.6 1.3 1.8 10.7 21.8 135 108 21.3 8.5
"79" "68" 2015-04-10 30.28 "CLE" "" "BOS" "L" -9 1 26.0833333333333 0.39 0.357 0 13.5 6.5 56.5 2 0 14.3 35.7 85 105 7.6 -1
"80" "" 2015-04-12 30.28 "CLE" "@" "BOS" "L" -39 NA NA NA NA NA NA NA NA NA NA NA NA NA NA NA NA
"81" "69" 2015-04-13 30.28 "CLE" "" "DET" "W" 12 1 32.2333333333333 0.535 0.5 12.4 26.1 19.6 50.3 3.5 2.6 4.8 30.7 142 106 24.7 16.8
"82" "" 2015-04-15 30.29 "CLE" "" "WAS" "W" 5 NA NA NA NA NA NA NA NA NA NA NA NA NA NA NA NA
"1" "1" 2015-10-27 30.82 "CLE" "@" "CHI" "L" -2 1 36.0666666666667 0.536 0.568 0 28.9 13.7 30.2 1.3 0 4.1 29 106 96 18.5 7.1
"2" "2" 2015-10-28 30.83 "CLE" "@" "MEM" "W" 30 1 30.8 0.363 0.308 3.8 17.6 11.6 22.4 4.9 0 15.4 27.5 83 72 8.5 -0.4
"3" "3" 2015-10-30 30.83 "CLE" "" "MIA" "W" 10 1 33.9333333333333 0.684 0.684 6.2 10.4 8.1 27.5 1.6 0 15.9 33.6 117 102 21 9.4
"4" "4" 2015-11-02 30.84 "CLE" "@" "PHI" "W" 7 1 33.3333333333333 0.53 0.474 0 28.8 16.2 54.5 5.9 4.7 12.6 32.3 113 88 23.9 13.1
"5" "5" 2015-11-04 30.85 "CLE" "" "NYK" "W" 10 1 35.0666666666667 0.441 0.413 6.8 8.6 7.8 19.9 5.9 2.3 10.3 36.8 88 83 15 7.8
"6" "6" 2015-11-06 30.85 "CLE" "" "PHI" "W" 6 1 36.3333333333333 0.629 0.614 0 12.9 6.4 58.9 2.8 0 7.5 31.9 135 105 29.5 17.4
"7" "7" 2015-11-08 30.86 "CLE" "" "IND" "W" 4 1 35.0166666666667 0.497 0.435 0 16.8 8.7 22.6 0 0 6.4 41.1 102 109 17.5 2.2
"8" "8" 2015-11-10 30.86 "CLE" "" "UTA" "W" 4 1 37.85 0.638 0.605 10.9 13.7 12.3 44 2.7 0 17.1 34.1 123 121 25.6 7
"9" "9" 2015-11-13 30.87 "CLE" "@" "NYK" "W" 6 1 39.3833333333333 0.61 0.571 0 7.8 3.8 39.8 2.7 2.3 10.6 33.4 120 92 23.1 14.6
"10" "10" 2015-11-14 30.87 "CLE" "@" "MIL" "L" -3 1 45.05 0.573 0.574 10.3 18.7 14.7 31.8 1.2 4.5 17.8 41.2 103 99 24.5 12.1
"11" "11" 2015-11-17 30.88 "CLE" "@" "DET" "L" -5 1 39.8 0.647 0.619 0 15.1 8.2 14.6 0 0 14.7 31.9 107 110 18 3
"12" "12" 2015-11-19 30.89 "CLE" "" "MIL" "W" 15 1 34.9833333333333 0.796 0.731 14.2 22.9 19 29.8 0 0 19.1 28.4 145 116 24 9
"13" "13" 2015-11-21 30.89 "CLE" "" "ATL" "W" 12 1 33.3333333333333 0.598 0.567 7.8 24.9 17.8 39.1 0 5 15.9 25.3 122 100 19.4 8.9
"14" "14" 2015-11-23 30.9 "CLE" "" "ORL" "W" 14 1 34.9666666666667 0.463 0.5 0 19.6 10.3 53.4 1.5 0 11 24.8 118 113 16.3 1.9
"15" "15" 2015-11-25 30.9 "CLE" "@" "TOR" "L" -4 1 39.7666666666667 0.564 0.406 5.6 12.4 8.8 33.6 0 0 8.6 28.4 126 119 20.6 5.4
"16" "16" 2015-11-27 30.91 "CLE" "@" "CHO" "W" 5 1 38.2166666666667 0.522 0.45 5.8 30.7 18.6 26.2 0 0 11.1 31.4 109 96 17.8 7.7
"17" "17" 2015-11-28 30.91 "CLE" "" "BRK" "W" 2 1 35.7166666666667 0.528 0.477 5.4 20.9 12.7 31.2 1.4 0 7.5 31.5 111 93 20.2 8.5
"18" "18" 2015-12-01 30.92 "CLE" "" "WAS" "L" -12 1 37.3833333333333 0.51 0.4 10.9 29.6 19.4 29 1.3 2.3 27.7 37.6 84 97 13 0.4
"19" "19" 2015-12-04 30.93 "CLE" "@" "NOP" "L" -6 1 44.7833333333333 0.547 0.466 5 14.1 9.3 40.1 1.2 2 12.9 40.5 111 114 25.1 7.4
"20" "" 2015-12-05 30.93 "CLE" "@" "MIA" "L" -15 NA NA NA NA NA NA NA NA NA NA NA NA NA NA NA NA
"21" "20" 2015-12-08 30.94 "CLE" "" "POR" "W" 5 1 40.3333333333333 0.641 0.604 3.7 31.5 18 15.3 2.7 6.7 7.2 34.5 125 104 28.2 11
"22" "21" 2015-12-11 30.95 "CLE" "@" "ORL" "W" 35 1 29.4166666666667 0.675 0.667 0 11.7 6.5 52.9 7.1 0 17.8 36.1 124 74 23.8 16.3
"23" "22" 2015-12-15 30.96 "CLE" "@" "BOS" "W" 12 1 35.7 0.551 0.5 3.8 15.5 10.8 17.9 3.1 2.4 21.6 38.7 91 84 14.1 2.6
"24" "23" 2015-12-17 30.96 "CLE" "" "OKC" "W" 4 1 39.6166666666667 0.541 0.481 5.6 24.2 14 50.4 2.7 0 18.7 41.4 110 109 23.9 9.8
"25" "24" 2015-12-20 30.97 "CLE" "" "PHI" "W" 22 1 25.3166666666667 0.613 0.588 0 19 10.7 36 5.9 3.1 9.6 37.8 113 79 20.7 13.9
"26" "25" 2015-12-23 30.98 "CLE" "" "NYK" "W" 7 1 37.7166666666667 0.478 0.409 2.6 23.7 12.4 31 0 0 3.8 32.9 107 99 16.6 3.4
"27" "26" 2015-12-25 30.99 "CLE" "@" "GSW" "L" -6 1 38.55 0.417 0.404 4.3 18.9 10.8 14.2 1.3 4.2 11.8 36.1 83 90 12.1 8.5
"28" "27" 2015-12-26 30.99 "CLE" "@" "POR" "L" -29 1 26.45 0.395 0.308 0 16.9 8 43.7 0 0 16.5 32.8 80 117 5 -5.9
"29" "28" 2015-12-28 30.99 "CLE" "@" "PHO" "W" 4 1 35.3833333333333 0.501 0.45 0 13.2 6.7 34.4 3.1 2.5 12.5 21.9 114 108 12.6 0.9
"30" "29" 2015-12-29 31 "CLE" "@" "DEN" "W" 6 1 34.3833333333333 0.618 0.563 8.5 8.9 8.7 14.1 2.9 2.1 15.4 42.2 108 90 23.3 12.6
"31" "30" 2016-01-02 31.01 "CLE" "" "ORL" "W" 25 1 29.2166666666667 0.734 0.722 0 17.9 8.4 30.9 3.6 0 0 31.5 145 82 25.2 24.1
"32" "31" 2016-01-04 31.01 "CLE" "" "TOR" "W" 22 1 30.6833333333333 0.689 0.682 0 8.5 4.7 36.4 5.6 0 12.1 26.3 144 112 20 12.5
"33" "32" 2016-01-06 31.02 "CLE" "@" "WAS" "W" 6 1 39.7 0.666 0.636 0 33.6 15.7 14.4 1.3 2.3 7.3 31 138 122 26.9 8.9
"34" "33" 2016-01-08 31.02 "CLE" "@" "MIN" "W" 26 1 32.2333333333333 0.472 0.417 0 44.7 23.5 33.5 1.6 4.7 17.9 23.8 105 99 14.4 2.4
"35" "34" 2016-01-10 31.03 "CLE" "@" "PHI" "W" 10 1 37 0.751 0.75 0 20.2 9.2 75.1 2.7 0 7.5 31.4 145 87 34.8 26.7
"36" "35" 2016-01-12 31.04 "CLE" "@" "DAL" "W" 3 1 41.7166666666667 0.658 0.618 7.1 24.7 14.1 31.1 2.7 0 16.3 27.6 125 113 24.2 9.5
"37" "36" 2016-01-14 31.04 "CLE" "@" "SAS" "L" -4 1 37.3333333333333 0.586 0.559 6 14.3 10.2 24.3 0 0 17.6 28.2 109 110 14.1 4.1
"38" "37" 2016-01-15 31.04 "CLE" "@" "HOU" "W" 14 1 36.3833333333333 0.571 0.536 5.6 15.7 10.4 37.3 0 5.4 19.4 24.5 110 89 16 9.2
"39" "38" 2016-01-18 31.05 "CLE" "" "GSW" "L" -34 1 32.8833333333333 0.474 0.438 3.7 17.2 10 27.3 1.5 3.2 15.1 28.2 94 136 11.3 -1.6
"40" "39" 2016-01-20 31.06 "CLE" "@" "BRK" "W" 13 1 29.05 0.618 0.625 0 3.4 2 33.8 1.8 2.5 22.5 29.7 103 88 11.7 7.4
"41" "40" 2016-01-21 31.06 "CLE" "" "LAC" "W" 13 1 35.1833333333333 0.573 0.559 3.3 13.3 8.3 55.1 0 0 0 24.6 149 114 21.6 11.2
"42" "41" 2016-01-23 31.07 "CLE" "" "CHI" "L" -13 1 39.7333333333333 0.432 0.407 6.5 26.8 15.5 50.1 2.8 1.7 3.2 34.9 104 102 22.2 15.8
"43" "42" 2016-01-25 31.07 "CLE" "" "MIN" "W" 7 1 38.0166666666667 0.766 0.767 0 12.9 6.2 36.5 1.3 1.9 23.5 23.9 124 112 21.9 8.1
"44" "43" 2016-01-27 31.08 "CLE" "" "PHO" "W" 22 1 31.0166666666667 0.948 0.875 0 11.9 6.5 40.8 0 0 15.3 20 174 111 22.6 10.3
"45" "44" 2016-01-29 31.08 "CLE" "@" "DET" "W" 8 1 35.8 0.524 0.438 3.4 23.3 14 36.2 1.5 0 5 26.2 124 112 18.7 5.6
"46" "45" 2016-01-30 31.08 "CLE" "" "SAS" "W" 14 1 34.15 0.664 0.588 4.1 13.7 9.4 31.8 3.2 4.5 8.4 33.4 140 110 27.7 16.7
"47" "46" 2016-02-01 31.09 "CLE" "@" "IND" "W" 5 1 43.5833333333333 0.455 0.409 6.6 23.4 16.4 22.1 2.4 1.6 3.6 29.2 108 98 20.1 5.3
"48" "47" 2016-02-03 31.1 "CLE" "@" "CHO" "L" -9 1 39.1333333333333 0.496 0.476 0 20.4 9.6 28.6 1.4 4.7 4.1 30.9 104 116 18.5 4.6
"49" "48" 2016-02-05 31.1 "CLE" "" "BOS" "L" -1 1 38.0833333333333 0.492 0.391 7.1 11.7 9.2 19.7 2.5 1.9 16.4 39.5 95 104 17.5 2.7
"50" "49" 2016-02-06 31.1 "CLE" "" "NOP" "W" 15 1 36.7 0.633 0.6 0 7.5 4.3 42.5 1.5 0 8.6 29 132 99 22.1 12.3
"51" "50" 2016-02-08 31.11 "CLE" "" "SAC" "W" 20 1 30.9 0.577 0.531 3.2 28.5 16 47.7 3 2.6 18 29.6 117 91 21.3 11.8
"52" "51" 2016-02-10 31.12 "CLE" "" "LAL" "W" 9 1 36.6666666666667 0.599 0.614 2.8 17.9 10.2 44.6 1.4 0 4 30.6 136 117 27 12.7
"53" "52" 2016-02-18 31.14 "CLE" "" "CHI" "W" 11 1 34.6166666666667 0.615 0.579 6.2 17.3 12.4 46.7 0 1.9 9 28.5 130 100 23.4 10.8
"54" "53" 2016-02-21 31.15 "CLE" "@" "OKC" "W" 23 1 37.5 0.557 0.545 10.1 10.2 10.2 52.3 4.3 0 18.2 33.8 117 97 21.8 11.5
"55" "54" 2016-02-22 31.15 "CLE" "" "DET" "L" -8 1 37.5 0.318 0.278 3 21.9 12.3 23.2 4 0 24.1 31.3 60 96 3.9 -6.9
"56" "55" 2016-02-24 31.15 "CLE" "" "CHO" "W" 11 1 30.3166666666667 0.696 0.692 3.4 22.1 12.3 34.3 3.4 0 10.8 27.3 138 107 22.9 15.1
"57" "56" 2016-02-26 31.16 "CLE" "@" "TOR" "L" -2 1 40.4833333333333 0.569 0.556 3 24.4 13 34.1 1.4 0 21.5 34.1 102 112 16.3 3.3
"58" "" 2016-02-28 31.16 "CLE" "@" "WAS" "L" -14 NA NA NA NA NA NA NA NA NA NA NA NA NA NA NA NA
"59" "57" 2016-02-29 31.17 "CLE" "" "IND" "W" 4 1 36.8166666666667 0.682 0.682 0 16.3 8.6 31.1 2.9 0 17.1 36.3 111 104 22.9 12.2
"60" "58" 2016-03-04 31.18 "CLE" "" "WAS" "W" 25 1 30.3833333333333 0.481 0.417 3.5 38.7 21.8 40.8 4.9 0 4.8 30.9 112 75 20.7 13.5
"61" "59" 2016-03-05 31.18 "CLE" "" "BOS" "W" 17 1 36 0.584 0.575 12.7 22.2 17.5 39 2.8 2.3 14.3 33.3 121 104 25.2 10.3
"62" "60" 2016-03-07 31.19 "CLE" "" "MEM" "L" -3 1 37.6333333333333 0.66 0.632 6.5 19.8 13.7 29 1.3 0 15.9 27.3 121 107 21.9 7.1
"63" "61" 2016-03-09 31.19 "CLE" "@" "SAC" "W" 9 1 36.55 0.544 0.447 10.9 22.4 16.2 27.7 0 0 17.9 31 111 113 18.2 3.1
"64" "62" 2016-03-10 31.19 "CLE" "@" "LAL" "W" 12 1 34.8333333333333 0.558 0.528 7.1 12.5 9.6 29.6 0 4.8 12.2 33.2 118 116 18.6 1.9
"65" "63" 2016-03-13 31.2 "CLE" "@" "LAC" "W" 24 1 30.7166666666667 0.747 0.7 4.1 17.4 11.3 29 1.7 0 10 31.1 146 99 23.6 16
"66" "64" 2016-03-14 31.21 "CLE" "@" "UTA" "L" -9 1 36.8833333333333 0.551 0.55 17.4 23 19.8 17.8 1.6 0 12.6 31.2 111 115 18.7 9.7
"67" "" 2016-03-16 31.21 "CLE" "" "DAL" "W" 1 NA NA NA NA NA NA NA NA NA NA NA NA NA NA NA NA
"68" "65" 2016-03-18 31.22 "CLE" "@" "ORL" "W" 6 1 35.7333333333333 0.51 0.4 3.7 19.7 12.2 35.9 1.4 2.2 18.5 27.2 108 108 14.5 1
"69" "66" 2016-03-19 31.22 "CLE" "@" "MIA" "L" -21 1 26.6333333333333 0.65 0.65 0 15 8 32.6 2 0 13 43.3 110 134 17.8 4.3
"70" "67" 2016-03-21 31.22 "CLE" "" "DEN" "W" 33 1 33.4333333333333 0.692 0.658 13.1 25.5 20.2 51.3 0 0 11.2 36.5 142 98 31.7 12.8
"71" "68" 2016-03-23 31.23 "CLE" "" "MIL" "W" 9 1 36.9166666666667 0.492 0.432 17.1 3.7 10.7 36.8 3 2 7 34.5 127 119 23.1 7.8
"72" "69" 2016-03-24 31.23 "CLE" "@" "BRK" "L" -9 1 35.0666666666667 0.845 0.844 2.9 15.6 9 32.3 1.5 0 18.4 27.8 136 110 25.5 14.7
"73" "70" 2016-03-26 31.24 "CLE" "@" "NYK" "W" 14 1 35.7666666666667 0.571 0.524 8.8 22.4 15.7 62.6 1.5 4.8 7.8 33.4 135 102 26.9 17.5
"74" "" 2016-03-29 31.25 "CLE" "" "HOU" "L" -6 NA NA NA NA NA NA NA NA NA NA NA NA NA NA NA NA
"75" "71" 2016-03-31 31.25 "CLE" "" "BRK" "W" 20 1 30.6666666666667 0.779 0.727 0 11.6 6 67.6 3 2.1 28 29.2 123 83 24.3 15.4
"76" "72" 2016-04-01 31.25 "CLE" "@" "ATL" "W" 2 1 44.4166666666667 0.514 0.481 6.6 30.4 18.2 43.5 3.2 1.8 9.6 30.1 108 91 26.6 10.4
"77" "73" 2016-04-03 31.26 "CLE" "" "CHO" "W" 9 1 40.8333333333333 0.665 0.636 9 14 11.6 49.4 2.6 0 17.7 31.5 134 113 28.6 9.6
"78" "74" 2016-04-05 31.27 "CLE" "@" "MIL" "W" 29 1 28.0666666666667 0.86 0.833 0 16.8 10.4 53 0 2.4 28.8 24.9 138 90 18 11.5
"79" "" 2016-04-06 31.27 "CLE" "@" "IND" "L" -14 NA NA NA NA NA NA NA NA NA NA NA NA NA NA NA NA
"80" "75" 2016-04-09 31.28 "CLE" "@" "CHI" "L" -3 1 38.55 0.88 0.882 8.5 11.6 10 18.9 0 1.9 17.6 26.8 141 117 27.6 13.9
"81" "76" 2016-04-11 31.28 "CLE" "" "ATL" "W" 15 1 32.4166666666667 0.934 0.906 3.6 15.4 10 42.8 3.1 2.6 18 30.8 156 94 32.3 25.5
"82" "" 2016-04-13 31.29 "CLE" "" "DET" "L" -2 NA NA NA NA NA NA NA NA NA NA NA NA NA NA NA NA
"1" "1" 2016-10-25 31.82 "CLE" "" "NYK" "W" 29 1 32.3833333333333 0.638 0.643 11.1 22.4 17.5 65.5 0 2.5 21.2 24.1 129 90 22.2 11.1
"2" "2" 2016-10-28 31.83 "CLE" "@" "TOR" "W" 3 1 38.6666666666667 0.55 0.5 5.9 15.2 10.9 35.7 0 0 20.8 28.3 103 100 14.1 2
"3" "3" 2016-10-29 31.83 "CLE" "" "ORL" "W" 6 1 39 0.552 0.5 2.5 15.4 8.2 40.4 1.3 2.2 8.8 25.5 122 103 20.4 8.5
"4" "4" 2016-11-01 31.84 "CLE" "" "HOU" "W" 8 1 35.85 0.579 0.542 12.2 29.8 22.3 30.6 0 0 19.6 25.4 123 127 16.5 -0.8
"5" "5" 2016-11-03 31.85 "CLE" "" "BOS" "W" 6 1 36.3666666666667 0.62 0.568 3.7 17.6 11.4 62.9 1.3 0 7.6 31.9 136 124 28.5 8.6
"6" "6" 2016-11-05 31.85 "CLE" "@" "PHI" "W" 1 1 35.8666666666667 0.479 0.413 2.6 21.8 11.4 75.1 2.6 2.7 16.1 36.2 104 96 22 9.3
"7" "7" 2016-11-08 31.86 "CLE" "" "ATL" "L" -4 1 36.8666666666667 0.599 0.529 5 24.6 13.2 24.5 4 0 5 22.7 129 107 22.1 9.8
"8" "8" 2016-11-11 31.87 "CLE" "@" "WAS" "W" 11 1 38.1 0.615 0.583 0 28.6 13.5 25.5 2.6 3.5 21.5 31.3 105 90 20.3 8.7
"9" "9" 2016-11-13 31.87 "CLE" "" "CHO" "W" 7 1 38.7 0.434 0.429 0 19.5 10.1 34.1 1.3 1.9 12.1 28.7 94 99 13.8 1.5
"10" "10" 2016-11-15 31.88 "CLE" "" "TOR" "W" 4 1 38.0666666666667 0.722 0.733 0 23.6 13.2 60.3 1.3 0 20.5 27.4 135 117 28.3 12.4
"11" "" 2016-11-16 31.88 "CLE" "@" "IND" "L" -10 NA NA NA NA NA NA NA NA NA NA NA NA NA NA NA NA
"12" "11" 2016-11-18 31.89 "CLE" "" "DET" "W" 23 1 28.05 0.685 0.679 0 8.9 5.3 20.9 0 2.3 11.5 29 118 91 15.7 6.5
"13" "12" 2016-11-23 31.9 "CLE" "" "POR" "W" 12 1 37.5 0.632 0.571 3.4 28.1 16.2 49.1 3.9 0 10.9 31.5 139 120 32.8 11.7
"14" "13" 2016-11-25 31.91 "CLE" "" "DAL" "W" 38 1 29.05 0.625 0.538 0 16.9 9.6 54.9 1.7 0 20.8 29 127 94 18.1 6.9
"15" "14" 2016-11-27 31.91 "CLE" "@" "PHI" "W" 4 1 41.5 0.566 0.5 4.5 20.6 12 54.5 1.2 0 17.9 28.5 117 110 24.4 7.6
"16" "15" 2016-11-29 31.92 "CLE" "@" "MIL" "L" -17 1 32.8833333333333 0.577 0.594 0 15.4 7.5 28.7 0 0 26.8 35.4 87 122 8.2 -7.2
"17" "16" 2016-12-01 31.92 "CLE" "" "LAC" "L" -19 1 33.6166666666667 0.425 0.357 3.7 13 8.6 34.2 3 0 21 32.7 81 116 7.8 -3.8
"18" "17" 2016-12-02 31.93 "CLE" "@" "CHI" "L" -6 1 44.6666666666667 0.614 0.614 0 12.5 6.6 45 0 0 26.7 30.6 103 118 18.6 0.4
"19" "18" 2016-12-05 31.93 "CLE" "@" "TOR" "W" 4 1 42.0166666666667 0.567 0.5 9.5 12.7 11.3 30.4 2.5 0 3.2 32.2 139 119 28.9 10.2
"20" "19" 2016-12-07 31.94 "CLE" "@" "NYK" "W" 32 1 32.45 0.774 0.75 7.4 12.1 10 36.1 1.6 5.3 19.8 28.2 143 101 24.3 11.1
"21" "20" 2016-12-09 31.95 "CLE" "" "MIA" "W" 30 1 37.3166666666667 0.568 0.568 7.6 13.1 11.1 33.7 4.4 0 11.2 33.6 122 90 23.6 8.8
"22" "21" 2016-12-10 31.95 "CLE" "" "CHO" "W" 11 1 42.45 0.787 0.813 3.3 20.1 12.9 49.6 3.6 1.9 15.2 36.4 140 104 40 19.2
"23" "22" 2016-12-13 31.96 "CLE" "" "MEM" "W" 17 1 36.4833333333333 0.56 0.529 3.1 14 8.9 41.8 4.2 0 22.6 32.3 102 87 17.9 4.2
"24" "" 2016-12-14 31.96 "CLE" "@" "MEM" "L" -8 NA NA NA NA NA NA NA NA NA NA NA NA NA NA NA NA
"25" "23" 2016-12-17 31.97 "CLE" "" "LAL" "W" 11 1 38.9166666666667 0.569 0.556 2.9 17.2 10.2 31.8 2.7 5 8.1 29.2 124 113 24.8 7.6
"26" "24" 2016-12-20 31.98 "CLE" "@" "MIL" "W" 6 1 47.4833333333333 0.615 0.58 6.8 22.3 14.2 33.1 1.1 1.9 6.7 29.3 129 105 29.5 12.9
"27" "25" 2016-12-21 31.98 "CLE" "" "MIL" "W" 11 1 34.4166666666667 0.593 0.583 3.3 28.6 15.5 31.9 0 0 7.6 34.7 117 113 22.3 7.5
"28" "26" 2016-12-23 31.98 "CLE" "" "BRK" "W" 20 1 27.2666666666667 0.51 0.438 3.7 11.2 7.4 32.3 5 0 5.1 28.7 114 91 18 9.2
"29" "27" 2016-12-25 31.99 "CLE" "" "GSW" "W" 1 1 40.1833333333333 0.618 0.636 10.9 30.8 18.1 21.1 2.4 2.5 16.6 29.7 113 106 24.4 11
"30" "" 2016-12-26 31.99 "CLE" "@" "DET" "L" -16 NA NA NA NA NA NA NA NA NA NA NA NA NA NA NA NA
"31" "28" 2016-12-29 32 "CLE" "" "BOS" "W" 6 1 43.7333333333333 0.546 0.556 6.1 16.9 11.7 36.5 1.1 6.9 27.5 27.6 102 117 17.6 0.8
"32" "29" 2016-12-31 32 "CLE" "@" "CHO" "W" 12 1 35.7833333333333 0.579 0.56 7.3 14.5 10.9 44.9 1.5 0 3.5 37.7 133 123 27 12.1
"33" "30" 2017-01-02 32.01 "CLE" "" "NOP" "W" 8 1 38.9166666666667 0.512 0.429 5.1 11.6 8.5 32.3 2.6 2 13.6 32.8 102 85 19.5 8.4
"34" "31" 2017-01-04 32.01 "CLE" "" "CHI" "L" -12 1 36.8833333333333 0.621 0.595 5.5 19.5 12 49.6 1.5 0 16.7 35.9 119 118 23.2 11.3
"35" "32" 2017-01-06 32.02 "CLE" "@" "BRK" "W" 8 1 35.2833333333333 0.738 0.7 0 24 12.5 43.1 3.7 0 17 33.6 125 95 30.9 12.5
"36" "33" 2017-01-08 32.02 "CLE" "@" "PHO" "W" 4 1 39.5166666666667 0.713 0.706 10.1 16 13.1 15.9 1.3 0 26.3 29.3 118 124 18.9 -0.9
"37" "34" 2017-01-10 32.03 "CLE" "@" "UTA" "L" -8 1 36.9166666666667 0.628 0.575 2.7 16.3 8.9 36.1 5.5 0 14.8 31.4 117 98 24.3 18.7
"38" "35" 2017-01-11 32.03 "CLE" "@" "POR" "L" -16 1 30.5166666666667 0.627 0.5 3.1 32.8 17.5 31.2 1.7 2.5 23.9 30.2 105 101 16 9.2
"39" "36" 2017-01-13 32.04 "CLE" "@" "SAC" "W" 12 1 41.6833333333333 0.601 0.542 0 5.8 2.8 46.6 1.2 2.1 27.3 19.4 120 115 17 3.5
"40" "37" 2017-01-16 32.05 "CLE" "@" "GSW" "L" -35 1 35 0.446 0.361 5.1 21.1 11.8 12 1.3 0 21.1 33.9 77 121 7.8 -4.1
"41" "38" 2017-01-19 32.05 "CLE" "" "PHO" "W" 15 1 39.1333333333333 0.677 0.667 0 23.5 13.5 55.4 1.3 3.7 20.5 22.7 136 102 25.4 10.3
"42" "39" 2017-01-21 32.06 "CLE" "" "SAS" "L" -3 1 45.3333333333333 0.76 0.75 0 15.2 7.5 25.5 2.2 0 26.8 25.7 115 111 21.1 5.1
"43" "40" 2017-01-23 32.07 "CLE" "@" "NOP" "L" -2 1 43.7166666666667 0.571 0.548 4.8 21.4 12.6 42.6 2.2 0 20.9 27.5 112 122 22.7 2.3
"44" "41" 2017-01-25 32.07 "CLE" "" "SAC" "L" -4 1 44.8166666666667 0.605 0.533 9.7 23.7 16.4 42.6 2.3 1.8 20.1 25.6 122 111 25.2 5.9
"45" "42" 2017-01-27 32.08 "CLE" "" "BRK" "W" 8 1 34.2333333333333 0.735 0.75 0 16.7 8.3 50.1 0 0 19.2 31.9 130 119 26.2 8.4
"46" "43" 2017-01-29 32.08 "CLE" "" "OKC" "W" 16 1 36.8333333333333 0.558 0.5 2.6 30.3 17.2 35.6 1.2 0 8.2 28.5 116 84 23.6 8.6
"47" "44" 2017-01-30 32.08 "CLE" "@" "DAL" "L" -7 1 37.2833333333333 0.511 0.5 0 25.7 14.1 49.5 2.8 0 18.2 35 99 107 17.7 3.7
"48" "45" 2017-02-01 32.09 "CLE" "" "MIN" "W" 28 1 34.4666666666667 0.79 0.821 0 23.2 13 51.1 2.9 1.9 10.5 24.4 157 98 31.5 17.5
"49" "46" 2017-02-04 32.1 "CLE" "@" "NYK" "W" 7 1 39.5833333333333 0.721 0.7 0 12.1 6.7 45.8 0 0 18.4 30.8 133 114 25.5 11.2
"50" "47" 2017-02-06 32.1 "CLE" "@" "WAS" "W" 5 1 42.0666666666667 0.792 0.833 0 19.6 9.9 63.2 2.3 3.6 22.9 26.6 140 118 32 17.2
"51" "48" 2017-02-08 32.11 "CLE" "@" "IND" "W" 15 1 38.2666666666667 0.64 0.594 3.5 15.3 9.8 32.5 1.3 2.2 17 28.2 124 120 22 2.1
"52" "49" 2017-02-09 32.11 "CLE" "@" "OKC" "L" -9 1 40.8833333333333 0.443 0.447 3 10 6.8 28.7 2.3 3 12.9 25.3 94 115 13.9 0.2
"53" "50" 2017-02-11 32.12 "CLE" "" "DEN" "W" 16 1 33.15 0.76 0.719 0 13.4 8 57.8 2.9 0 25.3 31.7 129 109 25.7 10.6
"54" "51" 2017-02-14 32.13 "CLE" "@" "MIN" "W" 8 1 39.5 0.751 0.786 2.9 20.3 11.6 53.4 0 0 26.5 26 127 116 23.4 8.3
"55" "52" 2017-02-15 32.13 "CLE" "" "IND" "W" 9 1 32.5833333333333 0.826 0.824 0 16.7 8.9 27.6 1.7 0 17.6 34.1 133 118 24 11.6
"56" "53" 2017-02-23 32.15 "CLE" "" "NYK" "W" 15 1 37.1 0.66 0.636 0 32.3 17.9 52.5 0 5.2 30.5 24.1 119 98 22.4 7.7
"57" "" 2017-02-25 32.16 "CLE" "" "CHI" "L" -18 NA NA NA NA NA NA NA NA NA NA NA NA NA NA NA NA
"58" "54" 2017-02-27 32.16 "CLE" "" "MIL" "W" 7 1 37.1833333333333 0.752 0.708 0 28.1 16.6 31.4 0 0 15.8 25.1 134 105 21.8 7.2
"59" "55" 2017-03-01 32.17 "CLE" "@" "BOS" "L" -4 1 40.0333333333333 0.571 0.548 11.8 25.9 17.7 47.9 1.3 2.6 14 30.9 117 108 25.5 14.5
"60" "56" 2017-03-03 32.17 "CLE" "@" "ATL" "W" 5 1 39.1666666666667 0.623 0.63 3.3 37.7 21 32.9 0 0 6.2 36.6 127 126 29.4 2.1
"61" "" 2017-03-04 32.18 "CLE" "@" "MIA" "L" -28 NA NA NA NA NA NA NA NA NA NA NA NA NA NA NA NA
"62" "57" 2017-03-06 32.18 "CLE" "" "MIA" "L" -8 1 38.6833333333333 0.568 0.545 9.1 35.5 23.4 34.9 1.3 2.2 10.2 33.9 118 106 25.8 11.1
"63" "58" 2017-03-09 32.19 "CLE" "@" "DET" "L" -5 1 39.0833333333333 0.568 0.545 11.7 27.3 19.8 50.6 1.4 0 10.5 34.6 121 113 27.6 10.7
"64" "59" 2017-03-11 32.19 "CLE" "@" "ORL" "W" 12 1 37.5666666666667 0.652 0.643 0 26.9 14.7 46.8 0 1.7 17.9 27 124 103 23.3 7.2
"65" "60" 2017-03-12 32.2 "CLE" "@" "HOU" "L" -5 1 40.1666666666667 0.704 0.7 0 15.5 9.3 21.6 2.6 0 27.3 34.8 101 121 19.2 0.9
"66" "61" 2017-03-14 32.2 "CLE" "" "DET" "W" 32 1 28.4 0.563 0.5 0 34.4 21.6 56.6 0 0 12.3 28.5 134 95 19.3 6.3
"67" "62" 2017-03-16 32.21 "CLE" "" "UTA" "W" 8 1 38.25 0.676 0.7 0 24.6 12.7 38.2 2.7 2.1 19.7 36.6 113 83 26.1 17.8
"68" "" 2017-03-18 32.21 "CLE" "@" "LAC" "L" -30 NA NA NA NA NA NA NA NA NA NA NA NA NA NA NA NA
"69" "63" 2017-03-19 32.22 "CLE" "@" "LAL" "W" 5 1 37.85 0.666 0.659 0 17.3 9.1 31.1 1.3 0 10.5 33.8 131 127 26.5 7
"70" "64" 2017-03-22 32.22 "CLE" "@" "DEN" "L" -13 1 34.1666666666667 0.654 0.667 6.9 13.7 10.3 22.1 0 0 22.5 24.7 114 137 13.7 -4.5
"71" "65" 2017-03-24 32.23 "CLE" "@" "CHO" "W" 7 1 39.9 0.76 0.643 0 22.1 13.5 43.9 1.3 4.6 16 31.2 142 109 33 13.4
"72" "66" 2017-03-25 32.23 "CLE" "" "WAS" "L" -12 1 40.5833333333333 0.508 0.476 8.9 29.6 18.1 32.4 0 1.8 11.3 29.2 113 137 19.5 -1.5
"73" "67" 2017-03-27 32.24 "CLE" "@" "SAS" "L" -29 1 29.5333333333333 0.433 0.412 9.6 19.8 14.1 66.3 0 0 9.2 33.6 95 113 12.7 7.4
"74" "68" 2017-03-30 32.25 "CLE" "@" "CHI" "L" -6 1 39.1166666666667 0.563 0.575 2.7 22.1 12.9 41.8 1.3 1.9 14.8 31.6 106 103 21.5 8.7
"75" "69" 2017-03-31 32.25 "CLE" "" "PHI" "W" 17 1 29.9333333333333 0.69 0.705 6.7 26.1 15.9 34.9 0 0 7.5 38.8 135 110 27.9 13.1
"76" "70" 2017-04-02 32.25 "CLE" "" "IND" "W" 5 1 51.65 0.598 0.603 9.2 21.2 15.4 42.5 2.1 1.8 2.8 32.3 140 118 38.3 12
"77" "71" 2017-04-04 32.26 "CLE" "" "ORL" "W" 20 1 37.1 0.541 0.5 3.5 27 16.7 40.7 2.7 2.4 26.5 28.4 105 98 17.5 0
"78" "72" 2017-04-05 32.26 "CLE" "@" "BOS" "W" 23 1 38.55 0.718 0.659 5.8 21.7 14 29.2 1.3 5.2 10.7 31.8 142 93 32.4 18.1
"79" "73" 2017-04-07 32.27 "CLE" "" "ATL" "L" -14 1 41.4166666666667 0.765 0.833 3 19.8 11.6 32.3 2.4 0 22.1 25.9 121 115 24.4 6.8
"80" "74" 2017-04-09 32.27 "CLE" "@" "ATL" "L" -1 1 46.8333333333333 0.63 0.548 7.1 29.4 18.5 34.8 1.1 0 10.6 26.6 136 114 29.9 6.8
"81" "" 2017-04-10 32.28 "CLE" "@" "MIA" "L" -3 NA NA NA NA NA NA NA NA NA NA NA NA NA NA NA NA
"82" "" 2017-04-12 32.28 "CLE" "" "TOR" "L" -15 NA NA NA NA NA NA NA NA NA NA NA NA NA NA NA NA
"1" "1" 2017-10-17 32.8 "CLE" "" "BOS" "W" 3 1 41.2 0.698 0.658 2.5 35 19.4 43.7 0 4.2 16.2 26 126 94 28.2 14.5
"2" "2" 2017-10-20 32.81 "CLE" "@" "MIL" "W" 19 1 37.4166666666667 0.711 0.688 4.1 11.9 8.7 32.9 1.4 2.7 22.9 26.6 123 106 20.2 5.3
"3" "3" 2017-10-21 32.81 "CLE" "" "ORL" "L" -21 1 31.2 0.624 0.567 0 13.7 6.5 14.9 1.6 2.8 5.4 25.2 125 116 17.6 8.7
"4" "4" 2017-10-24 32.82 "CLE" "" "CHI" "W" 7 1 37.25 0.766 0.75 0 6.6 3.3 63.8 4.2 0 8.3 30.7 155 118 35.1 19.8
"5" "5" 2017-10-25 32.82 "CLE" "@" "BRK" "L" -5 1 41.3666666666667 0.616 0.625 3.1 21.8 13.7 60.2 0 9.9 25.4 32.2 110 107 25.1 8.5
"6" "6" 2017-10-28 32.83 "CLE" "@" "NOP" "L" -22 1 30.7666666666667 0.66 0.591 0 11.1 5.6 46.9 0 0 22.7 25.9 117 128 13.6 1
"7" "7" 2017-10-29 32.83 "CLE" "" "NYK" "L" -19 1 39.4666666666667 0.518 0.5 2.6 24.3 13.2 37.9 2.5 0 20.6 21.9 94 111 13.8 0.5
"8" "8" 2017-11-01 32.84 "CLE" "" "IND" "L" -17 1 37.4666666666667 0.682 0.659 3 15.6 9.2 56.2 2.6 2 24.8 37.2 111 121 27 10.2
"9" "9" 2017-11-03 32.84 "CLE" "@" "WAS" "W" 8 1 42.6833333333333 0.751 0.706 15.6 19.3 17.4 39.1 3.4 4 7.3 42.5 152 117 53.2 20.1
"10" "10" 2017-11-05 32.85 "CLE" "" "ATL" "L" -2 1 40.5833333333333 0.662 0.588 4.9 8.3 6.5 51 1.2 3.9 23.4 25.5 121 115 24.3 7.5
"11" "11" 2017-11-07 32.85 "CLE" "" "MIL" "W" 5 1 36.7 0.615 0.55 3.3 26.2 14 42.2 4.1 0 3.9 30 142 117 29.9 13.7
"12" "12" 2017-11-09 32.86 "CLE" "@" "HOU" "L" -4 1 40.0166666666667 0.652 0.646 0 12.3 6.8 31.1 1.2 3.9 24 38 103 122 20 0.2
"13" "13" 2017-11-11 32.87 "CLE" "@" "DAL" "W" 7 1 41.7833333333333 0.542 0.464 2.7 22.1 13.3 16.3 0 2 25.5 23.8 91 105 10.8 -5.5
"14" "14" 2017-11-13 32.87 "CLE" "@" "NYK" "W" 3 1 36.2666666666667 0.625 0.571 7.9 16.9 12.3 61.7 0 6.3 21.4 26.3 124 101 23.8 13.5
"15" "15" 2017-11-15 32.88 "CLE" "@" "CHO" "W" 8 1 36.6333333333333 0.612 0.583 5.3 12.2 8.5 39.9 2.6 2.2 10.6 31.8 127 106 25.3 12.2
"16" "16" 2017-11-17 32.88 "CLE" "" "LAC" "W" 5 1 46.1333333333333 0.691 0.731 2.3 26.7 15.2 30.7 0 0 17.5 33.4 112 105 28.8 7.5
"17" "17" 2017-11-20 32.89 "CLE" "@" "DET" "W" 28 1 27.2666666666667 0.623 0.607 0 8.4 4.6 47.5 2 3.7 0 25.8 146 96 18.1 14.8
"18" "18" 2017-11-22 32.9 "CLE" "" "BRK" "W" 10 1 33.4333333333333 0.787 0.765 3.8 19.4 11.5 26.4 2.9 0 12.5 33.1 142 109 28.6 14.6
"19" "19" 2017-11-24 32.9 "CLE" "" "CHO" "W" 1 1 39.5666666666667 0.585 0.575 2.8 31.9 19.4 61 0 5.6 11.5 31.1 119 93 28.4 15.5
"20" "20" 2017-11-27 32.91 "CLE" "@" "PHI" "W" 22 1 31.05 0.606 0.587 11 29.8 21.9 41.3 0 0 10.8 40.6 122 91 24.9 12.8
"21" "21" 2017-11-28 32.91 "CLE" "" "MIA" "W" 11 1 28.4333333333333 0.639 0.656 8.7 35.2 23.3 43.8 8.6 3.2 10.8 29.9 125 79 25.3 20.9
"22" "22" 2017-11-30 32.92 "CLE" "@" "ATL" "W" 7 1 37.5666666666667 0.852 0.864 3.9 17.7 11.1 49.8 2.7 5.3 17.6 19.9 162 115 28.5 15.9
"23" "23" 2017-12-02 32.92 "CLE" "" "MEM" "W" 5 1 39.15 0.666 0.591 0 6.8 3.7 56.5 0 2 16.4 39.3 125 124 28.1 3.4
"24" "24" 2017-12-04 32.93 "CLE" "@" "CHI" "W" 22 1 34.2666666666667 0.686 0.667 0 19.2 11 28.6 3.1 0 10.7 27.5 130 97 21.6 9.2
"25" "25" 2017-12-06 32.93 "CLE" "" "SAC" "W" 6 1 41.05 0.775 0.806 5.4 23.4 14.6 45.8 3.7 4.3 25.3 31.6 117 92 30.8 17.1
"26" "26" 2017-12-08 32.94 "CLE" "@" "IND" "L" -4 1 39.4166666666667 0.599 0.568 5.3 20.7 13.1 43.5 1.3 5.2 11 31.3 119 110 26.4 12.5
"27" "27" 2017-12-09 32.94 "CLE" "" "PHI" "W" 7 1 38.7333333333333 0.53 0.435 9.8 36.4 22.4 64.8 3.9 0 17.5 41.2 111 98 27.5 9.3
"28" "28" 2017-12-12 32.95 "CLE" "" "ATL" "W" 9 1 35.0166666666667 0.901 0.923 0 23.4 13 70.8 2.9 0 12.6 21.1 179 115 32.3 21
"29" "29" 2017-12-14 32.96 "CLE" "" "LAL" "W" 9 1 38.7166666666667 0.537 0.472 3 29 16.9 45 2.5 3.9 17.7 31.6 110 103 24.8 5.7
"30" "30" 2017-12-16 32.96 "CLE" "" "UTA" "W" 9 1 36.8 0.747 0.633 0 32.6 18.2 43.1 1.5 0 20.5 32.3 132 110 27.6 10.2
"31" "31" 2017-12-17 32.96 "CLE" "@" "WAS" "W" 7 1 41.35 0.411 0.391 5.5 20.5 13.7 54.9 0 2 19.8 35.1 93 105 14.4 -1.5
"32" "32" 2017-12-19 32.97 "CLE" "@" "MIL" "L" -3 1 34.2333333333333 0.806 0.773 0 3.7 1.8 48.2 4.3 5.3 22.4 41.8 123 116 31.4 17.4
"33" "33" 2017-12-21 32.98 "CLE" "" "CHI" "W" 3 1 39.1 0.641 0.565 3.3 18.6 10.5 40.5 3.9 0 13.1 36.1 125 116 29.8 8.9
"34" "34" 2017-12-25 32.99 "CLE" "@" "GSW" "L" -7 1 40.05 0.474 0.444 2.1 14.6 7.4 36.7 0 0 24.9 29.8 87 112 7.6 -3.2
"35" "35" 2017-12-27 32.99 "CLE" "@" "SAC" "L" -14 1 37.7 0.417 0.353 6.4 27.5 16.5 73.2 7.2 0 17.2 30.8 103 111 19.9 7.4
"36" "36" 2017-12-30 33 "CLE" "@" "UTA" "L" -3 1 37.45 0.599 0.568 2.7 21.4 11.5 41.3 2.7 2.5 19.9 36 103 104 21.3 7.2
"37" "37" 2018-01-02 33.01 "CLE" "" "POR" "W" 17 1 33.8166666666667 0.64 0.588 3.7 15.8 10.3 39.4 5.8 2.4 13.8 28.3 126 103 24.8 10.4
"38" "38" 2018-01-03 33.01 "CLE" "@" "BOS" "L" -14 1 32.7 0.582 0.533 0 21.4 10.3 45.7 1.5 2.6 19.7 26.9 101 100 15.3 5.8
"39" "39" 2018-01-06 33.02 "CLE" "@" "ORL" "W" 4 1 37.2833333333333 0.633 0.609 8.4 20 14.1 36.7 7.1 2.1 10.3 30 134 103 34.7 17.8
"40" "40" 2018-01-08 33.02 "CLE" "@" "MIN" "L" -28 1 26.5833333333333 0.536 0.563 3.7 28.7 15.5 30.3 0 5.2 24.4 21.4 95 126 9.1 -1.1
"41" "41" 2018-01-11 33.03 "CLE" "@" "TOR" "L" -34 1 32.2333333333333 0.637 0.563 0 10.2 4.6 7.2 1.5 4.7 8.9 30 117 133 19.2 6.6
"42" "42" 2018-01-12 33.04 "CLE" "@" "IND" "L" -2 1 40.45 0.504 0.48 5 16.6 10.5 54.5 3.7 1.9 15.7 36.1 101 99 22.3 9.7
"43" "43" 2018-01-15 33.04 "CLE" "" "GSW" "L" -10 1 36.25 0.675 0.667 5.6 18.1 11.6 29.3 3.9 10 25.2 35.4 105 106 26.2 12.8
"44" "44" 2018-01-18 33.05 "CLE" "" "ORL" "W" 1 1 34.7833333333333 0.41 0.438 2.9 13.5 7.8 29.2 1.4 0 23.5 30.1 76 106 5.9 -7.6
"45" "45" 2018-01-20 33.06 "CLE" "" "OKC" "L" -24 1 38.3666666666667 0.48 0.471 0 9.2 4.7 24.3 0 1.8 9.6 22.4 97 140 12.2 -7.4
"46" "46" 2018-01-23 33.07 "CLE" "@" "SAS" "L" -12 1 37.95 0.511 0.478 6.7 18.4 13.2 39.6 0 1.9 15.4 39.5 98 120 18.4 0.4
"47" "47" 2018-01-26 33.07 "CLE" "" "IND" "W" 7 1 39.9166666666667 0.677 0.647 0 27.3 14.8 40.4 4.8 2 36.4 33.7 99 100 22.5 2.6
"48" "48" 2018-01-28 33.08 "CLE" "" "DET" "W" 17 1 37.8 0.659 0.567 3.2 18.5 11.5 55.8 1.3 0 13.7 26.7 138 105 27.9 12.3
"49" "49" 2018-01-30 33.08 "CLE" "@" "DET" "L" -11 1 37.75 0.503 0.5 0 18.2 8.7 33.5 0 1.8 16.1 28 94 120 12.8 -2.6
"50" "50" 2018-01-31 33.09 "CLE" "" "MIA" "W" 2 1 38.2833333333333 0.464 0.405 4.7 25.6 14.2 34.9 1.2 0 21.3 36.5 79 87 12.1 -0.3
"51" "51" 2018-02-03 33.1 "CLE" "" "HOU" "L" -32 1 31.3666666666667 0.468 0.35 2.9 25.5 13.8 46.8 3.1 3.6 14.5 20 102 112 15.3 7.6
"52" "52" 2018-02-06 33.1 "CLE" "@" "ORL" "L" -18 1 33.0833333333333 0.666 0.647 3.1 33.5 16.9 33.8 1.5 0 24.2 33.6 105 115 17 3.1
"53" "53" 2018-02-07 33.11 "CLE" "" "MIN" "W" 2 1 48.3166666666667 0.809 0.841 2.9 26 14.4 47.8 1 1.8 17.9 27 147 129 36.6 12.2
"54" "54" 2018-02-09 33.11 "CLE" "@" "ATL" "W" 16 1 40.7166666666667 0.477 0.4 5.6 27.4 16.6 61.3 0 0 11.5 29.1 123 114 24.7 3.3
"55" "55" 2018-02-11 33.12 "CLE" "@" "BOS" "W" 22 1 27.9 0.52 0.5 0 28.1 16.4 58.3 1.8 3.4 8 41.6 116 96 21.1 10
"56" "56" 2018-02-13 33.12 "CLE" "@" "OKC" "W" 8 1 39.7333333333333 0.675 0.674 0 19.7 10.5 34.4 0 2.2 15.4 37.4 123 121 28.2 9
"57" "57" 2018-02-22 33.15 "CLE" "" "WAS" "L" -7 1 36.6 0.729 0.75 3.3 26.9 14.9 42 2.7 0 15.4 32.3 130 110 28.9 15
"58" "58" 2018-02-23 33.15 "CLE" "@" "MEM" "W" 23 1 36.6666666666667 0.507 0.438 0 41.7 22.1 46.7 1.2 0 14.5 23.7 109 87 19.5 4.4
"59" "59" 2018-02-25 33.16 "CLE" "" "SAS" "L" -16 1 39.9666666666667 0.617 0.6 5.1 30 17.2 51 1.3 0 18.3 35.1 113 113 25.5 11.4
"60" "60" 2018-02-27 33.16 "CLE" "" "BRK" "W" 6 1 38.7666666666667 0.589 0.56 10.5 22.5 16.3 40.2 1.2 0 3.7 28.2 141 119 31.2 12.3
"61" "61" 2018-03-01 33.17 "CLE" "" "PHI" "L" -11 1 39.0333333333333 0.563 0.542 2.5 20.1 11.2 46.3 1.3 0 10.1 34.3 110 113 23.1 9.8
"62" "62" 2018-03-03 33.17 "CLE" "" "DEN" "L" -9 1 42.3833333333333 0.524 0.447 2.8 29.1 14.9 46 2.4 0 11.2 28.6 123 131 25.8 6.6
"63" "63" 2018-03-05 33.18 "CLE" "" "DET" "W" 22 1 28.7333333333333 0.789 0.794 7.8 16.7 12.6 47.5 1.7 0 13.3 34.5 141 95 27.7 23.5
"64" "64" 2018-03-07 33.18 "CLE" "@" "DEN" "W" 5 1 39.1333333333333 0.684 0.7 2.8 20.4 11.4 47.9 1.3 0 9.5 36.8 132 111 32.9 15
"65" "65" 2018-03-09 33.19 "CLE" "@" "LAC" "L" -14 1 38.8833333333333 0.599 0.625 0 27.4 13.4 29.1 2.5 6.1 19.3 29.9 99 110 20.1 6.7
"66" "66" 2018-03-11 33.19 "CLE" "@" "LAL" "L" -14 1 31.45 0.541 0.5 6.9 27.7 17.3 39.2 1.5 2.5 8.3 33.5 115 120 21.6 8.4
"67" "67" 2018-03-13 33.2 "CLE" "@" "PHO" "W" 22 1 33.2166666666667 0.68 0.536 0 34.7 19.1 48.3 3.8 4.4 19.5 31 128 85 30.1 12.8
"68" "68" 2018-03-15 33.21 "CLE" "@" "POR" "L" -8 1 41.0833333333333 0.604 0.62 0 36.3 19.5 29.9 2.4 5.7 17.2 40.7 104 106 26.4 7.2
"69" "69" 2018-03-17 33.21 "CLE" "@" "CHI" "W" 5 1 39.8833333333333 0.594 0.615 2.7 32.8 17.6 55.7 1.3 4.2 17.8 37.3 113 106 27.5 8.7
"70" "70" 2018-03-19 33.22 "CLE" "" "MIL" "W" 7 1 40.0166666666667 0.615 0.603 16.7 22.1 19.5 50.4 2.4 2.1 15.6 41.3 125 114 33.4 11.4
"71" "71" 2018-03-21 33.22 "CLE" "" "TOR" "W" 3 1 39.4 0.696 0.605 4.5 18.7 12.9 61.6 1.3 0 0 30.9 167 138 39.9 16.7
"72" "72" 2018-03-23 33.23 "CLE" "" "PHO" "W" 25 1 29.2666666666667 0.724 0.719 0 21.4 10.9 51 1.6 2.8 17.7 31.1 132 91 24 14.8
"73" "73" 2018-03-25 33.23 "CLE" "@" "BRK" "W" 7 1 38.05 0.791 0.763 6 22.4 14.5 38.3 1.3 0 7.9 29.3 158 118 35.7 16.4
"74" "74" 2018-03-27 33.24 "CLE" "@" "MIA" "L" -19 1 37.9833333333333 0.446 0.389 2.7 16.2 8.8 39.9 0 0 22.9 30.8 82 112 8.5 -1.9
"75" "75" 2018-03-28 33.24 "CLE" "@" "CHO" "W" 13 1 36.8833333333333 0.665 0.615 5.8 31.5 16.7 38.9 1.4 0 11.5 42.1 130 113 33.6 16.8
"76" "76" 2018-03-30 33.25 "CLE" "" "NOP" "W" 5 1 41.75 0.533 0.5 2.7 21.4 12 43.3 1.2 0 3.8 28.4 124 108 25.8 9.5
"77" "77" 2018-04-01 33.25 "CLE" "" "DAL" "W" 11 1 38.5333333333333 0.351 0.286 8.5 28.3 18.4 52 0 0 8.1 29.1 98 96 14.4 3.3
"78" "78" 2018-04-03 33.26 "CLE" "" "TOR" "W" 6 1 37.2666666666667 0.717 0.679 0 26.3 14.6 27.9 0 0 21 30.6 119 110 20.6 3.5
"79" "79" 2018-04-05 33.26 "CLE" "" "WAS" "W" 4 1 38.8 0.676 0.65 7.3 20.6 14.7 63.8 0 0 19.7 35.7 128 119 29.1 7.3
"80" "80" 2018-04-06 33.27 "CLE" "@" "PHI" "L" -2 1 40.1833333333333 0.65 0.655 2.9 27.1 15.5 53.2 2.2 1.9 19.1 42.9 116 117 34.6 10.2
"81" "81" 2018-04-09 33.27 "CLE" "@" "NYK" "W" 14 1 38.6333333333333 0.637 0.531 0 17.3 9.4 43.7 1.3 0 16.4 28.2 127 114 22.9 4.8
"82" "82" 2018-04-11 33.28 "CLE" "" "NYK" "L" -12 1 10.55 0.484 0.444 9.5 46.7 26.1 48.4 4.7 0 22.5 50.4 89 103 6.2 5.8
"1" "1" 2018-10-18 33.8 "LAL" "@" "POR" "L" -9 1 37.3333333333333 0.651 0.563 5.4 24.7 15.4 23.1 1.2 0 23.1 27.6 110 114 20.4 1.3
"2" "2" 2018-10-20 33.81 "LAL" "" "HOU" "L" -9 1 38.8666666666667 0.478 0.432 0 12.9 6.3 16.7 2.3 2.3 3.8 27.3 101 115 18.1 1.7
"3" "3" 2018-10-22 33.81 "LAL" "" "SAS" "L" -1 1 42.8666666666667 0.536 0.48 4.9 15.1 10 41.8 1.1 1.8 14.4 32.3 115 125 26.6 5.4
"4" "4" 2018-10-24 33.82 "LAL" "@" "PHO" "W" 18 1 28.0666666666667 0.535 0.469 0 29.2 13.8 42.7 5 0 0 25.7 132 103 22.3 11.2
"5" "5" 2018-10-25 33.82 "LAL" "" "DEN" "W" 7 1 34.6666666666667 0.654 0.618 0 35.4 17.7 47.4 3.9 0 8.5 28.1 136 101 29.7 14.5
"6" "6" 2018-10-27 33.82 "LAL" "@" "SAS" "L" -4 1 34.3 0.714 0.667 3.2 29.8 16.9 24.5 2.8 0 14 36 127 102 28.4 14.2
"7" "7" 2018-10-29 33.83 "LAL" "@" "MIN" "L" -4 1 36.2666666666667 0.575 0.543 8.3 18.2 13.4 30.7 2.5 3.8 16.6 31.1 116 114 24.3 11.1
"8" "8" 2018-10-31 33.84 "LAL" "" "DAL" "W" 1 1 38.5666666666667 0.657 0.632 0 15.2 7.9 25.5 3.6 0 12 27.2 124 106 23.8 7.6
"9" "9" 2018-11-03 33.84 "LAL" "@" "POR" "W" 4 1 31.35 0.564 0.475 0 13.4 7.7 34.3 0 4.4 10.8 36.4 115 105 21.2 7.6
"10" "10" 2018-11-04 33.85 "LAL" "" "TOR" "L" -14 1 28.2833333333333 0.597 0.583 0 7.5 3.9 35.3 0 2.7 16.6 27 106 122 12.1 2.8
"11" "11" 2018-11-07 33.85 "LAL" "" "MIN" "W" 4 1 38.5333333333333 0.548 0.548 3 27.1 15.7 35.5 0 4.9 12.1 27.4 115 110 20.9 6.3
"12" "12" 2018-11-10 33.86 "LAL" "@" "SAC" "W" 15 1 31.2833333333333 0.647 0.639 2.8 16.7 9.9 12 1.5 0 13.4 28.4 115 86 17.1 9
"13" "13" 2018-11-11 33.87 "LAL" "" "ATL" "W" 1 1 34.3 0.563 0.575 8.2 13.7 10.6 22.4 2.7 0 14.8 30.4 105 105 18.1 4.8
"14" "14" 2018-11-14 33.87 "LAL" "" "POR" "W" 9 1 36 0.859 0.816 5.7 22.2 14 45 1.3 6.7 13.5 33.6 158 110 44.3 27.3
"15" "15" 2018-11-17 33.88 "LAL" "@" "ORL" "L" -13 1 25.8833333333333 0.53 0.5 0 16.9 9 46.1 0 3 12.6 38.3 107 126 15.3 4.6
"16" "16" 2018-11-18 33.88 "LAL" "@" "MIA" "W" 16 1 38.4833333333333 0.72 0.71 2.5 18.2 10.2 20.4 2.6 2.3 5.3 41.2 143 99 40.1 26.1
"17" "17" 2018-11-21 33.89 "LAL" "@" "CLE" "W" 4 1 35.5 0.633 0.6 7.1 27.5 19.5 37.7 0 2 13.7 37.6 120 106 26.2 8
"18" "18" 2018-11-23 33.9 "LAL" "" "UTA" "W" 7 1 35.0666666666667 0.56 0.529 3.5 25.1 15.6 38.3 2.7 2.2 20.3 30.7 102 78 18.1 11.7
"19" "19" 2018-11-25 33.9 "LAL" "" "ORL" "L" -4 1 40.45 0.637 0.643 0 10.3 5.5 30.2 0 1.9 24.2 26.6 103 113 14.6 -1.6
"20" "20" 2018-11-27 33.91 "LAL" "@" "DEN" "L" -32 1 30.0666666666667 0.397 0.333 0 23.8 11.3 12.3 3.3 4.4 18.5 32.3 68 111 7.6 -2.6
"21" "21" 2018-11-29 33.92 "LAL" "" "IND" "W" 8 1 38.15 0.605 0.593 2.8 20.5 12 38.1 2.5 0 11.3 39 115 94 28.7 12
"22" "22" 2018-11-30 33.92 "LAL" "" "DAL" "W" 11 1 31.3166666666667 0.615 0.619 6.7 9.8 8.2 26 0 3.3 14.9 35 109 102 17.9 5.6
"23" "23" 2018-12-02 33.92 "LAL" "" "PHO" "W" 24 1 30.9833333333333 0.586 0.559 0 17.9 9.7 38.7 0 2.6 21 30.4 106 94 16.4 3.2
"24" "24" 2018-12-05 33.93 "LAL" "" "SAS" "W" 8 1 39.7 0.707 0.688 0 12.9 6.6 30.4 2.3 0 6.3 33.5 137 109 34.9 15.2
"25" "25" 2018-12-07 33.94 "LAL" "@" "SAS" "L" -13 1 37.35 0.548 0.518 5.2 18.4 11.3 48.3 2.5 0 3 36.1 124 125 29.7 12.4
"26" "26" 2018-12-08 33.94 "LAL" "@" "MEM" "W" 23 1 31.6333333333333 0.518 0.5 3.3 22.6 13.1 46.5 3.2 0 20.6 30.7 107 90 15.9 4.1
"27" "27" 2018-12-10 33.95 "LAL" "" "MIA" "W" 3 1 37.5166666666667 0.622 0.632 0 24 12 54.4 1.3 0 8.2 28.3 133 106 27.2 13.2
"28" "28" 2018-12-13 33.95 "LAL" "@" "HOU" "L" -15 1 36.4333333333333 0.703 0.75 0 16.9 8.9 19.4 2.8 0 12.7 30 122 132 22.5 6.8
"29" "29" 2018-12-15 33.96 "LAL" "@" "CHO" "W" 28 1 30.2166666666667 0.592 0.533 4.1 34.3 21.2 46.1 1.5 0 12.9 31.5 127 93 24.4 10
"30" "30" 2018-12-16 33.96 "LAL" "@" "WAS" "L" -18 1 32 0.349 0.313 0 18 9.6 12.3 0 2 17.7 28.1 66 118 3.2 -13.8
"31" "31" 2018-12-18 33.97 "LAL" "@" "BRK" "L" -5 1 41.2 0.627 0.609 2.6 31.8 17.2 34.7 1.1 2 14.8 34.4 117 109 29.3 9.2
"32" "32" 2018-12-21 33.98 "LAL" "" "NOP" "W" 8 1 38.75 0.459 0.4 5.3 22.9 14.7 52.4 2.4 0 7.7 28 110 95 23 8.6
"33" "33" 2018-12-23 33.98 "LAL" "" "MEM" "L" -8 1 35.6166666666667 0.698 0.643 3.4 39.8 22.5 36 1.4 2.1 20.2 26.5 119 109 22.6 8
"34" "34" 2018-12-25 33.99 "LAL" "@" "GSW" "W" 26 1 21.25 0.585 0.545 12.5 49.7 34.1 33.8 2.2 0 12.1 34.3 122 89 17.3 9.6
"35" "" 2018-12-27 33.99 "LAL" "@" "SAC" "L" -1 NA NA NA NA NA NA NA NA NA NA NA NA NA NA NA NA
"36" "" 2018-12-28 33.99 "LAL" "" "LAC" "L" -11 NA NA NA NA NA NA NA NA NA NA NA NA NA NA NA NA
"37" "" 2018-12-30 34 "LAL" "" "SAC" "W" 7 NA NA NA NA NA NA NA NA NA NA NA NA NA NA NA NA
"38" "" 2019-01-02 34.01 "LAL" "" "OKC" "L" -7 NA NA NA NA NA NA NA NA NA NA NA NA NA NA NA NA
"39" "" 2019-01-04 34.01 "LAL" "" "NYK" "L" -7 NA NA NA NA NA NA NA NA NA NA NA NA NA NA NA NA
"40" "" 2019-01-06 34.02 "LAL" "@" "MIN" "L" -22 NA NA NA NA NA NA NA NA NA NA NA NA NA NA NA NA
"41" "" 2019-01-07 34.02 "LAL" "@" "DAL" "W" 10 NA NA NA NA NA NA NA NA NA NA NA NA NA NA NA NA
"42" "" 2019-01-09 34.03 "LAL" "" "DET" "W" 13 NA NA NA NA NA NA NA NA NA NA NA NA NA NA NA NA
"43" "" 2019-01-11 34.03 "LAL" "@" "UTA" "L" -18 NA NA NA NA NA NA NA NA NA NA NA NA NA NA NA NA
"44" "" 2019-01-13 34.04 "LAL" "" "CLE" "L" -6 NA NA NA NA NA NA NA NA NA NA NA NA NA NA NA NA
"45" "" 2019-01-15 34.04 "LAL" "" "CHI" "W" 7 NA NA NA NA NA NA NA NA NA NA NA NA NA NA NA NA
"46" "" 2019-01-17 34.05 "LAL" "@" "OKC" "W" 10 NA NA NA NA NA NA NA NA NA NA NA NA NA NA NA NA
"47" "" 2019-01-19 34.05 "LAL" "@" "HOU" "L" -4 NA NA NA NA NA NA NA NA NA NA NA NA NA NA NA NA
"48" "" 2019-01-21 34.06 "LAL" "" "GSW" "L" -19 NA NA NA NA NA NA NA NA NA NA NA NA NA NA NA NA
"49" "" 2019-01-24 34.07 "LAL" "" "MIN" "L" -15 NA NA NA NA NA NA NA NA NA NA NA NA NA NA NA NA
"50" "" 2019-01-27 34.08 "LAL" "" "PHO" "W" 14 NA NA NA NA NA NA NA NA NA NA NA NA NA NA NA NA
"51" "" 2019-01-29 34.08 "LAL" "" "PHI" "L" -16 NA NA NA NA NA NA NA NA NA NA NA NA NA NA NA NA
"52" "35" 2019-01-31 34.09 "LAL" "@" "LAC" "W" 3 1 40.4333333333333 0.478 0.432 2.8 27.9 17.2 39.1 1.2 0 13.8 30.9 97 106 19.3 1.7
"53" "" 2019-02-02 34.09 "LAL" "@" "GSW" "L" -14 NA NA NA NA NA NA NA NA NA NA NA NA NA NA NA NA
"54" "36" 2019-02-05 34.1 "LAL" "@" "IND" "L" -42 1 30.2166666666667 0.676 0.667 0 27.1 15 59.9 1.6 0 31.1 29.1 99 133 15 3.4
"55" "37" 2019-02-07 34.11 "LAL" "@" "BOS" "W" 1 1 37.7333333333333 0.603 0.643 5.4 28.9 16.8 42.4 3.8 0 11.5 29.5 126 121 27.3 10.4
"56" "38" 2019-02-10 34.12 "LAL" "@" "PHI" "L" -23 1 33.15 0.563 0.563 0 35.3 17 35.8 0 0 20 24.7 104 135 14.1 -1.6
"57" "39" 2019-02-12 34.12 "LAL" "@" "ATL" "L" -4 1 43.05 0.564 0.475 4.4 25.1 13.5 55.6 3 2.2 7.5 24.7 131 101 32.2 13.4
"58" "40" 2019-02-21 34.15 "LAL" "" "HOU" "W" 5 1 40.1333333333333 0.529 0.478 10.2 23.3 16.3 28.9 1.2 2.5 12.7 32 108 101 22.8 6.5
"59" "41" 2019-02-23 34.15 "LAL" "@" "NOP" "L" -13 1 38.5166666666667 0.687 0.735 0 20.8 10.9 49.4 4.6 2.2 16.9 25.5 123 110 29.1 12.4
"60" "42" 2019-02-25 34.16 "LAL" "@" "MEM" "L" -5 1 39.7333333333333 0.438 0.348 7 21.3 14.1 43.8 3.6 0 15.4 34.1 96 102 19.6 3.2
"61" "43" 2019-02-27 34.16 "LAL" "" "NOP" "W" 6 1 37.3166666666667 0.6 0.625 2.9 13.7 8.5 39.9 2.4 1.9 6.8 32.8 117 109 28.5 11.1
"62" "44" 2019-03-01 34.17 "LAL" "" "MIL" "L" -11 1 38.8166666666667 0.662 0.605 5.2 14.4 9.5 36.8 1.2 0 11.4 28.9 131 129 28 9.9
"63" "45" 2019-03-02 34.17 "LAL" "@" "PHO" "L" -9 1 40.7666666666667 0.561 0.571 0 27.2 13.1 60.3 0 0 11.1 29 120 124 24.8 10.8
"64" "46" 2019-03-04 34.18 "LAL" "" "LAC" "L" -8 1 42.4 0.58 0.528 0 22.1 10.1 24.4 1.1 2.1 7.9 25.2 115 111 21.5 6.8
"65" "47" 2019-03-06 34.18 "LAL" "" "DEN" "L" -16 1 31.1166666666667 0.607 0.636 0 20 11.2 54.1 1.6 2.8 13.6 42.9 105 114 21.9 12
"66" "48" 2019-03-09 34.19 "LAL" "" "BOS" "L" -13 1 27.7666666666667 0.575 0.587 7.7 33.7 20.1 96.4 0 0 10.3 45.3 117 118 26.7 17.9
"67" "49" 2019-03-12 34.2 "LAL" "@" "CHI" "W" 16 1 33.4 0.714 0.696 3.8 27.5 16.9 22.6 2.9 0 16.6 40.3 120 103 27.9 7.1
"68" "50" 2019-03-14 34.2 "LAL" "@" "TOR" "L" -13 1 31.7833333333333 0.556 0.543 0 11.4 6.2 45.6 1.4 0 13.3 39.3 99 108 18.1 6
"69" "" 2019-03-15 34.21 "LAL" "@" "DET" "L" -14 NA NA NA NA NA NA NA NA NA NA NA NA NA NA NA NA
"70" "51" 2019-03-17 34.21 "LAL" "@" "NYK" "L" -1 1 35 0.52 0.423 5.5 18.3 10.3 34.4 0 2.7 5.9 38.8 119 128 24.5 3.2
"71" "" 2019-03-19 34.22 "LAL" "@" "MIL" "L" -14 NA NA NA NA NA NA NA NA NA NA NA NA NA NA NA NA
"72" "52" 2019-03-22 34.22 "LAL" "" "BRK" "L" -5 1 36.7 0.413 0.34 7.1 15.4 11.1 69 1.3 2.6 20.9 39.7 90 109 15.3 3.7
"73" "53" 2019-03-24 34.23 "LAL" "" "SAC" "W" 5 1 35.2666666666667 0.559 0.477 6.3 19.4 14.1 56 2.6 1.9 13.4 35.3 116 97 26.9 13.7
"74" "54" 2019-03-26 34.24 "LAL" "" "WAS" "W" 18 1 33.9 0.551 0.575 0 19.8 10.9 61.1 1.4 0 12.6 28.9 121 102 22.1 7.8
"75" "" 2019-03-27 34.24 "LAL" "@" "UTA" "L" -15 NA NA NA NA NA NA NA NA NA NA NA NA NA NA NA NA
"76" "55" 2019-03-29 34.24 "LAL" "" "CHO" "W" 14 1 31.9666666666667 0.679 0.684 0 11 5.6 39.2 0 0 23.2 35.2 115 123 18.5 2
"77" "" 2019-03-31 34.25 "LAL" "@" "NOP" "W" 28 NA NA NA NA NA NA NA NA NA NA NA NA NA NA NA NA
"78" "" 2019-04-02 34.25 "LAL" "@" "OKC" "L" -16 NA NA NA NA NA NA NA NA NA NA NA NA NA NA NA NA
"79" "" 2019-04-04 34.26 "LAL" "" "GSW" "L" -18 NA NA NA NA NA NA NA NA NA NA NA NA NA NA NA NA
"80" "" 2019-04-05 34.26 "LAL" "@" "LAC" "W" 5 NA NA NA NA NA NA NA NA NA NA NA NA NA NA NA NA
"81" "" 2019-04-07 34.27 "LAL" "" "UTA" "W" 4 NA NA NA NA NA NA NA NA NA NA NA NA NA NA NA NA
"82" "" 2019-04-09 34.27 "LAL" "" "POR" "L" -3 NA NA NA NA NA NA NA NA NA NA NA NA NA NA NA NA
"1" "1" 2019-10-22 34.81 "LAL" "@" "LAC" "L" -10 1 36 0.434 0.395 3.1 27.9 15.5 38.6 1.4 2.7 19.4 31.7 89 113 11.6 -1
"2" "2" 2019-10-25 34.82 "LAL" "" "UTA" "W" 9 1 30.5666666666667 0.627 0.568 6.5 23.1 13.4 100 1.6 0 3.8 37.7 138 95 30.9 25.7
"3" "3" 2019-10-27 34.82 "LAL" "" "CHO" "W" 19 1 35.0166666666667 0.617 0.536 3.3 13.7 8.9 41.7 1.4 0 19.8 24.7 123 105 20.6 6.2
"4" "4" 2019-10-29 34.83 "LAL" "" "MEM" "W" 29 1 28.3166666666667 0.636 0.6 0 5.9 3.4 51.3 0 2.8 24.9 33.7 104 92 15.8 6
"5" "5" 2019-11-01 34.84 "LAL" "@" "DAL" "W" 9 1 42.5333333333333 0.7 0.652 0 28.2 14.7 64.7 4.5 1.9 12.6 34.1 135 88 40.8 24.1
"6" "6" 2019-11-03 34.84 "LAL" "@" "SAS" "W" 7 1 37.3 0.383 0.348 2.8 27.4 15.2 52.8 2.5 2.2 15.4 36.8 85 89 15.8 3.1
"7" "7" 2019-11-05 34.85 "LAL" "@" "CHI" "W" 6 1 35.1833333333333 0.653 0.579 0 31 15 47.9 2.6 2.6 8 29 139 105 30.5 14.4
"8" "8" 2019-11-08 34.86 "LAL" "" "MIA" "W" 15 1 36.05 0.629 0.632 3.4 8.7 6.3 29.9 0 0 13.1 27.6 114 93 17.3 9.7
"9" "9" 2019-11-10 34.86 "LAL" "" "TOR" "L" -9 1 35.3333333333333 0.368 0.333 8.3 30.2 18.8 59.6 0 2.6 10.2 23.3 106 112 17.6 5.4
"10" "10" 2019-11-12 34.87 "LAL" "@" "PHO" "W" 8 1 37.0666666666667 0.451 0.472 0 21.6 10.9 35.1 0 0 4.5 25.2 106 116 16.4 0.2
"11" "11" 2019-11-13 34.87 "LAL" "" "GSW" "W" 26 1 26.4833333333333 0.536 0.548 10.1 15.1 12.9 77.5 1.8 3.4 15.7 39.8 118 93 20.6 11.3
"12" "12" 2019-11-15 34.88 "LAL" "" "SAC" "W" 2 1 38.6666666666667 0.628 0.55 8.7 3 5.9 63.3 4.1 0 8 30 137 109 29.7 17.5
"13" "13" 2019-11-17 34.88 "LAL" "" "ATL" "W" 21 1 33.1166666666667 0.77 0.762 0 24.7 12.8 61.8 1.4 2.5 0 27.7 172 101 35.3 24.4
"14" "14" 2019-11-19 34.89 "LAL" "" "OKC" "W" 5 1 37.1333333333333 0.539 0.524 0 35.5 16.7 43 2.7 0 23.2 34.4 99 108 18 2.2
"15" "15" 2019-11-22 34.9 "LAL" "@" "OKC" "W" 3 1 35.6166666666667 0.508 0.475 3.2 16.8 9.9 57.4 1.3 2.2 18.1 32.2 113 122 19.7 1
"16" "16" 2019-11-23 34.9 "LAL" "@" "MEM" "W" 1 1 38.8333333333333 0.556 0.556 2.7 15.1 8.5 23.9 2.5 0 15.6 35.1 100 111 18.3 0.6
"17" "17" 2019-11-25 34.9 "LAL" "@" "SAS" "W" 10 1 35.1333333333333 0.6 0.625 3.3 10.5 6.7 72.9 0 2.2 9.8 39.4 127 115 27.7 14.4
"18" "18" 2019-11-27 34.91 "LAL" "@" "NOP" "W" 4 1 37.5833333333333 0.635 0.611 7.1 8.9 8.1 45 2.6 2.9 18 32 120 111 25.7 11.1
"19" "19" 2019-11-29 34.92 "LAL" "" "WAS" "W" 22 1 24.6 0.681 0.688 0 11 6.4 78.2 3.7 3.3 26.2 38.1 114 94 19.9 15.6
"20" "20" 2019-12-01 34.92 "LAL" "" "DAL" "L" -14 1 36.4166666666667 0.586 0.55 0 22.8 12.4 41.3 5.3 0 22 32.4 99 103 20.5 6.7
"21" "21" 2019-12-03 34.93 "LAL" "@" "DEN" "W" 9 1 36.8833333333333 0.606 0.528 6.2 10.6 8.6 42.9 0 0 16.2 28.3 122 104 19.7 6.7
"22" "22" 2019-12-04 34.93 "LAL" "@" "UTA" "W" 25 1 29.4666666666667 0.466 0.452 0 14.2 7.6 62.4 1.7 0 4.5 33.8 116 104 17.3 4
"23" "23" 2019-12-06 34.93 "LAL" "@" "POR" "W" 23 1 33.75 0.594 0.565 4.3 18.6 12.6 37.5 0 2.7 10.3 35.8 118 108 23.9 4.4
"24" "24" 2019-12-08 34.94 "LAL" "" "MIN" "W" 17 1 27.85 0.766 0.75 4.9 14 9.6 65.3 1.7 0 19.3 39.5 141 124 27.9 16.6
"25" "25" 2019-12-11 34.95 "LAL" "@" "ORL" "W" 9 1 37.9166666666667 0.477 0.479 5.6 25.3 15.5 54.9 2.7 0 18.6 37.6 96 91 17.7 5.6
"26" "26" 2019-12-13 34.95 "LAL" "@" "MIA" "W" 3 1 37.4333333333333 0.589 0.591 6 21.9 13.7 53.3 1.3 0 25.2 35.1 107 113 20.3 6.5
"27" "27" 2019-12-15 34.96 "LAL" "@" "ATL" "W" 5 1 36.9333333333333 0.664 0.667 2.8 30.6 17.2 44.6 1.2 8.9 14.2 30.3 120 88 28.8 17.2
"28" "28" 2019-12-17 34.96 "LAL" "@" "IND" "L" -3 1 34.9 0.425 0.4 3.1 26.8 14.6 38.7 0 0 17.5 35.2 90 114 11.2 -3.8
"29" "29" 2019-12-19 34.97 "LAL" "@" "MIL" "L" -7 1 36.7333333333333 0.528 0.5 0 40.2 20.1 54.1 0 0 16.8 28.9 106 114 16.2 4.2
"30" "" 2019-12-22 34.98 "LAL" "" "DEN" "L" -24 NA NA NA NA NA NA NA NA NA NA NA NA NA NA NA NA
"31" "30" 2019-12-25 34.99 "LAL" "" "LAC" "L" -5 1 38.8333333333333 0.446 0.417 7.6 17.2 12.1 44.3 2.5 2.1 7.2 29 106 110 19.8 7.8
"32" "31" 2019-12-28 34.99 "LAL" "@" "POR" "W" 8 1 36.7333333333333 0.567 0.5 3.2 18.7 11 55.2 2.6 2.6 5.1 22.7 142 115 27.1 12.6
"33" "32" 2019-12-29 35 "LAL" "" "DAL" "W" 13 1 34.3166666666667 0.514 0.4 0 18.2 10 53.8 2.9 0 13.7 19.3 120 97 16.9 8.7
"34" "33" 2020-01-01 35.01 "LAL" "" "PHO" "W" 10 1 38.0666666666667 0.59 0.548 5.1 32.3 17.8 51.9 2.5 2 16 33.7 116 102 29.9 13.7
"35" "34" 2020-01-03 35.01 "LAL" "" "NOP" "W" 10 1 37.2166666666667 0.443 0.441 0 21.5 11.9 56.9 2.5 0 9.4 24.8 114 109 19.2 4.1
"36" "35" 2020-01-05 35.02 "LAL" "" "DET" "W" 7 1 35.0166666666667 0.48 0.476 8.6 33.5 20.6 53.3 0 0 12.1 29.6 106 104 19.2 4.3
"37" "36" 2020-01-07 35.02 "LAL" "" "NYK" "W" 30 1 31.4333333333333 0.702 0.632 0 13.4 8 28 3 2 15.3 36.8 122 86 24.2 12.3
"38" "37" 2020-01-10 35.03 "LAL" "@" "DAL" "W" 15 1 32.2666666666667 0.643 0.62 7.1 38.6 24.8 39.8 1.5 0 9.9 40.8 132 105 31.2 15.3
"39" "" 2020-01-11 35.03 "LAL" "@" "OKC" "W" 15 NA NA NA NA NA NA NA NA NA NA NA NA NA NA NA NA
"40" "38" 2020-01-13 35.04 "LAL" "" "CLE" "W" 29 1 32.7166666666667 0.812 0.781 0 6.7 3.5 38.6 1.5 0 13.6 29.6 147 102 27.6 11.5
"41" "39" 2020-01-15 35.04 "LAL" "" "ORL" "L" -1 1 36.25 0.448 0.421 0 8.3 4.1 65 1.3 0 19.1 29.4 108 119 17.5 1.9
"42" "40" 2020-01-18 35.05 "LAL" "@" "HOU" "W" 9 1 35.4 0.57 0.56 0 15.1 7.1 59.4 2.5 0 18.1 36.3 110 109 22.6 5.5
"43" "41" 2020-01-20 35.06 "LAL" "@" "BOS" "L" -32 1 29.1833333333333 0.528 0.417 10.7 17.3 13.7 69.5 0 0 22 25.6 114 141 16.6 5.6
"44" "42" 2020-01-22 35.06 "LAL" "@" "NYK" "W" 8 1 36.05 0.606 0.625 0 17.8 8.9 27.7 7.2 0 18.8 27.2 104 90 18.9 8.7
"45" "43" 2020-01-23 35.07 "LAL" "@" "BRK" "W" 15 1 33.6 0.679 0.658 6.5 26.2 16.9 45.7 1.4 3.2 20.1 30.2 126 107 25.9 11
"46" "44" 2020-01-25 35.07 "LAL" "@" "PHI" "L" -17 1 35.35 0.611 0.528 0 25.7 12.5 47.7 1.4 0 25.2 40.2 99 110 18.3 2.9
"47" "45" 2020-01-31 35.09 "LAL" "" "POR" "L" -8 1 37.9833333333333 0.463 0.477 4.8 15.5 9.9 37.6 0 2.1 17.4 28.8 99 124 14.1 -0.5
"48" "46" 2020-02-01 35.09 "LAL" "@" "SAC" "W" 16 1 33.5666666666667 0.46 0.433 0 29.8 15.9 44.4 2.8 0 10.9 23.4 117 106 16 0.3
"49" "47" 2020-02-04 35.1 "LAL" "" "SAS" "W" 27 1 34.1833333333333 0.751 0.75 4.3 15.9 11.4 38.1 1.5 0 7.7 33.1 156 107 33 19.6
"50" "48" 2020-02-06 35.1 "LAL" "" "HOU" "L" -10 1 36.6333333333333 0.463 0.447 7.1 24.1 15.7 56.9 2.6 0 23.6 29.5 97 117 17.9 2.8
"51" "49" 2020-02-08 35.11 "LAL" "@" "GSW" "W" 5 1 33.5666666666667 0.56 0.5 0 26.6 14.3 47.7 1.3 0 26.3 31.5 106 113 15.8 -1.4
"52" "50" 2020-02-10 35.12 "LAL" "" "PHO" "W" 25 1 30.0833333333333 0.479 0.469 0 27.7 14.5 38.4 1.6 0 31.1 34.8 87 102 8.3 -5.3
"53" "51" 2020-02-12 35.12 "LAL" "@" "DEN" "W" 4 1 41.5 0.52 0.534 2.6 33.4 16.8 64.2 0 0 8.9 36.9 114 115 26.1 6.4
"54" "52" 2020-02-21 35.15 "LAL" "" "MEM" "W" 12 1 35.5833333333333 0.718 0.618 0 7.6 4.1 34.3 0 3.5 4.3 26.7 152 108 29.9 14.1
"55" "53" 2020-02-23 35.15 "LAL" "" "BOS" "W" 2 1 35.4833333333333 0.597 0.579 0 25.2 12 45.4 0 0 7.6 30.8 126 112 22.4 9.2
"56" "54" 2020-02-25 35.16 "LAL" "" "NOP" "W" 9 1 34.2 0.717 0.722 5.3 19.6 11.7 39.8 0 2.4 20.1 38.5 114 104 28.2 13.1
"57" "" 2020-02-27 35.16 "LAL" "@" "GSW" "W" 30 NA NA NA NA NA NA NA NA NA NA NA NA NA NA NA NA
"58" "55" 2020-02-29 35.17 "LAL" "@" "MEM" "L" -17 1 34.3166666666667 0.503 0.5 5.7 17.9 11.7 56.4 1.6 2.2 20.9 31.4 97 114 15.7 7
"59" "56" 2020-03-01 35.17 "LAL" "@" "NOP" "W" 8 1 36.3833333333333 0.762 0.738 0 35.2 18 54.4 2.5 0 21.2 32.7 131 101 32.8 15.6
"60" "57" 2020-03-03 35.18 "LAL" "" "PHI" "W" 13 1 33.75 0.635 0.625 3.6 19 11.7 60 1.5 6.3 14.8 27 136 110 25.3 15.1
"61" "58" 2020-03-06 35.18 "LAL" "" "MIL" "W" 10 1 36.5 0.67 0.595 0 22.4 10.8 47.3 3.6 0 12.7 33.6 126 90 31.3 17.5
"62" "59" 2020-03-08 35.19 "LAL" "@" "LAC" "W" 9 1 34.5166666666667 0.604 0.471 6.5 16.4 11.8 42.8 0 5.1 7.9 31.4 131 105 25.8 14.5
"63" "60" 2020-03-10 35.19 "LAL" "" "BRK" "L" -2 1 34.8666666666667 0.599 0.636 3.4 29.1 17.8 52.8 1.4 0 11 35.2 118 105 24.7 13.2
"64" "61" 2020-07-30 35.58 "LAL" "" "LAC" "W" 2 1 34.3 0.402 0.368 6.5 33.1 19 41.5 1.4 3.7 20.1 30.5 83 98 9.6 0.4
"65" "62" 2020-08-01 35.59 "LAL" "@" "TOR" "L" -15 1 34.6 0.553 0.533 2.7 32 15.2 36 0 2.8 18.1 27 97 109 14.3 4
"66" "63" 2020-08-03 35.59 "LAL" "@" "UTA" "W" 8 1 34.8833333333333 0.652 0.625 3.5 23.5 13.8 43.3 2.6 3.4 19.2 26.2 117 100 21 8.8
"67" "64" 2020-08-05 35.6 "LAL" "" "OKC" "L" -19 1 30.2833333333333 0.422 0.368 2.7 39.6 17.8 31.9 1.6 0 0 31.9 95 102 14.4 6.9
"68" "" 2020-08-06 35.6 "LAL" "@" "HOU" "L" -16 NA NA NA NA NA NA NA NA NA NA NA NA NA NA NA NA
"69" "65" 2020-08-08 35.61 "LAL" "@" "IND" "L" -5 1 35.15 0.582 0.583 2.7 26.6 12.7 39.4 0 2.7 3.6 30.6 129 118 24 9.6
"70" "66" 2020-08-10 35.61 "LAL" "" "DEN" "W" 3 1 38.1 0.571 0.548 0 4.5 1.9 46.3 0 4.7 16.4 36.4 119 141 21.4 4.1
"71" "67" 2020-08-13 35.62 "LAL" "" "SAC" "L" -14 1 14.6 0.594 0.538 6.6 16 10.8 46.5 0 0 17.3 46.8 113 133 11.4 4.5
"1" "1" 2020-12-22 35.98 "LAL" "" "LAC" "L" -7 1 28.35 0.548 0.5 9.2 10.6 10 32.4 0 0 16.6 35.9 104 115 13.1 1.1
"2" "2" 2020-12-25 35.99 "LAL" "" "DAL" "W" 23 1 31.4 0.557 0.528 3.7 23.5 13.4 39.4 1.5 0 16.8 30.9 125 118 18.7 1.6
"3" "3" 2020-12-27 35.99 "LAL" "" "MIN" "W" 36 1 26.2 0.56 0.5 0 28.4 17.5 23.5 1.7 0 19.9 32 99 80 13.3 -3.2
"4" "4" 2020-12-28 36 "LAL" "" "POR" "L" -8 1 35.9166666666667 0.653 0.625 6.1 22.3 14 30.5 2.7 2.9 11.9 30.9 123 111 25.6 11.3
"5" "5" 2020-12-30 36 "LAL" "@" "SAS" "W" 14 1 35.2166666666667 0.516 0.5 0 14.5 7.9 35.2 1.4 2.2 7.4 34.4 112 106 19.9 1.9
"6" "6" 2021-01-01 36.01 "LAL" "@" "SAS" "W" 6 1 35.6833333333333 0.518 0.432 2.5 26.9 14.4 44.5 2.7 0 13.8 32.3 111 100 22.5 8.5
"7" "7" 2021-01-03 36.01 "LAL" "@" "MEM" "W" 14 1 32 0.635 0.656 0 38.2 19.7 43.6 1.6 0 10.4 27 126 93 21.3 10.3
"8" "8" 2021-01-05 36.02 "LAL" "@" "MEM" "W" 2 1 34.0833333333333 0.61 0.575 6.7 29.3 18.8 43.8 1.4 2.3 22 35.4 104 92 21.4 7.7
"9" "9" 2021-01-07 36.02 "LAL" "" "SAS" "L" -9 1 34.9 0.68 0.667 0 18.3 9.4 51.6 0 0 16.8 30.3 129 123 23.1 10.8
"10" "10" 2021-01-08 36.02 "LAL" "" "CHI" "W" 2 1 34.15 0.571 0.524 0 24 11.9 38.5 0 0 14 37.2 112 120 19.5 -1.9
"11" "11" 2021-01-10 36.03 "LAL" "@" "HOU" "W" 18 1 30.35 0.51 0.5 4 18.2 12 31.7 1.5 3.2 10.2 26.4 111 98 15.4 3
"12" "12" 2021-01-12 36.04 "LAL" "@" "HOU" "W" 17 1 29.1833333333333 0.597 0.6 3.8 21.3 13.6 32.2 0 2.9 18.7 38 104 100 17.2 3.1
"13" "13" 2021-01-13 36.04 "LAL" "@" "OKC" "W" 29 1 27.4833333333333 0.597 0.575 0 22.3 11.4 39.1 0 0 8.4 36.5 125 106 19.1 9.1
"14" "14" 2021-01-15 36.04 "LAL" "" "NOP" "W" 17 1 30.5 0.746 0.636 3.1 26.9 13.8 58.6 1.6 0 17.6 24.3 143 99 23 13.5
"15" "15" 2021-01-18 36.05 "LAL" "" "GSW" "L" -2 1 37.9666666666667 0.487 0.438 0 14.7 7.7 19.5 1.3 0 20.4 27.3 91 116 9.6 -5
"16" "16" 2021-01-21 36.06 "LAL" "@" "MIL" "W" 7 1 38.0666666666667 0.657 0.64 2.7 17 9 41 1.3 2.1 10.4 34.8 124 109 27.4 12.1
"17" "17" 2021-01-23 36.07 "LAL" "@" "CHI" "W" 11 1 28.5 0.435 0.375 0 39.4 21.3 39 3.3 0 23.5 38.8 76 79 10.1 -0.1
"18" "18" 2021-01-25 36.07 "LAL" "@" "CLE" "W" 7 1 38.1166666666667 0.856 0.865 0 25.2 12 41.8 2.7 3.9 10 33.5 156 107 41.6 30.3
"19" "19" 2021-01-27 36.08 "LAL" "@" "PHI" "L" -1 1 38.5333333333333 0.633 0.591 0 19.7 10 33.5 0 0 10.1 34.4 122 111 24.7 9.6
"20" "20" 2021-01-28 36.08 "LAL" "@" "DET" "L" -15 1 35.75 0.541 0.526 6 18.1 11.5 53.2 1.5 0 9 28.7 120 116 19.6 11.7
"21" "21" 2021-01-30 36.08 "LAL" "@" "BOS" "W" 1 1 37.35 0.547 0.529 2.8 18.8 10.3 32.1 0 2.1 20.7 29.2 101 105 13 3.9
"22" "22" 2021-02-01 36.09 "LAL" "@" "ATL" "W" 8 1 37.9666666666667 0.624 0.5 0 26.8 13.2 33.8 2.7 2.6 10.6 24.2 127 104 22.9 10.8
"23" "23" 2021-02-04 36.1 "LAL" "" "DEN" "W" 21 1 35.45 0.679 0.684 0 28.2 16.5 45.5 0 2.1 9.1 27.8 136 97 26.4 14.2
"24" "24" 2021-02-06 36.1 "LAL" "" "DET" "W" 6 1 46.4833333333333 0.576 0.558 0 15.2 8.2 39.5 4.4 0 19.6 35.2 106 110 24.2 3.6
"25" "25" 2021-02-08 36.11 "LAL" "" "OKC" "W" 7 1 42.5 0.579 0.545 0 27.3 15.3 49.4 2.2 3.5 17.1 29.7 109 93 26.4 8.3
"26" "26" 2021-02-10 36.12 "LAL" "" "OKC" "W" 1 1 41.05 0.574 0.525 0 17.6 8.7 29.7 2.4 0 18.7 29.9 101 103 17.5 1.9
"27" "27" 2021-02-12 36.12 "LAL" "" "MEM" "W" 10 1 34.1333333333333 0.662 0.633 3.5 28.1 15.8 37.1 2.8 0 19.1 31.3 120 103 24 10.4
"28" "28" 2021-02-14 36.13 "LAL" "@" "DEN" "L" -17 1 30.9333333333333 0.522 0.5 3.4 29.7 16.7 53.6 0 4.1 4.5 31.2 115 121 20.4 9.3
"29" "29" 2021-02-16 36.13 "LAL" "@" "MIN" "W" 8 1 37.8833333333333 0.689 0.675 0 38.3 21.7 34.7 0 2.1 18.7 32.5 120 104 24.9 4.5
"30" "30" 2021-02-18 36.14 "LAL" "" "BRK" "L" -11 1 32.9833333333333 0.624 0.63 0 31.5 14.9 51.9 0 0 10.5 39.6 120 121 24.2 10.9
"31" "31" 2021-02-20 36.14 "LAL" "" "MIA" "L" -2 1 37.45 0.417 0.357 2.8 21.8 12.5 48 1.3 2.2 18 33.7 84 96 12 -1
"32" "32" 2021-02-22 36.15 "LAL" "" "WAS" "L" -3 1 43.25 0.511 0.517 0 29 11.7 50 1 0 20.9 35.7 95 111 19.5 -0.9
"33" "33" 2021-02-24 36.15 "LAL" "@" "UTA" "L" -25 1 27.8166666666667 0.625 0.577 0 14.7 7 31.5 1.9 0 20.8 30.7 105 123 13.3 5.4
"34" "34" 2021-02-26 36.16 "LAL" "" "POR" "W" 9 1 35.5666666666667 0.571 0.571 2.7 28.7 15.3 42.6 5.8 8.8 7.5 32.7 117 83 28.4 20.9
"35" "35" 2021-02-28 36.16 "LAL" "" "GSW" "W" 26 1 24.4 0.69 0.708 8.6 16.1 12.4 30 3.7 7.6 12.7 25.7 132 78 18.6 16.6
"36" "36" 2021-03-02 36.17 "LAL" "" "PHO" "L" -10 1 37.6333333333333 0.725 0.729 0 18.8 9.2 39.1 2.7 2.7 10.3 37.8 133 120 31.8 15.9
"37" "" 2021-03-03 36.17 "LAL" "@" "SAC" "L" -3 NA NA NA NA NA NA NA NA NA NA NA NA NA NA NA NA
"38" "37" 2021-03-12 36.2 "LAL" "" "IND" "W" 5 1 34.35 0.504 0.423 0 8.7 4.8 51.7 1.4 0 14.4 26.9 105 104 13.6 1.7
"39" "38" 2021-03-15 36.21 "LAL" "@" "GSW" "W" 31 1 30.4833333333333 0.703 0.692 5.6 29.5 20.7 47.6 0 0 27.7 31.6 120 98 19.2 4.2
"40" "39" 2021-03-16 36.21 "LAL" "" "MIN" "W" 16 1 31.2 0.772 0.714 4.3 41.3 24 49 0 2.8 19.8 27.7 142 116 27.5 14.1
"41" "40" 2021-03-18 36.21 "LAL" "" "CHO" "W" 11 1 36.5 0.722 0.696 2.8 20.5 11.4 30.8 1.3 2.4 10.5 33.7 136 103 31 16.3
"42" "41" 2021-03-20 36.22 "LAL" "" "ATL" "L" -5 1 10.6 0.683 0.583 0 8.2 4.5 88.7 0 0 12 35 141 115 9.1 22.6
"43" "" 2021-03-21 36.22 "LAL" "@" "PHO" "L" -17 NA NA NA NA NA NA NA NA NA NA NA NA NA NA NA NA
"44" "" 2021-03-23 36.23 "LAL" "@" "NOP" "L" -17 NA NA NA NA NA NA NA NA NA NA NA NA NA NA NA NA
"45" "" 2021-03-25 36.23 "LAL" "" "PHI" "L" -8 NA NA NA NA NA NA NA NA NA NA NA NA NA NA NA NA
"46" "" 2021-03-26 36.24 "LAL" "" "CLE" "W" 14 NA NA NA NA NA NA NA NA NA NA NA NA NA NA NA NA
"47" "" 2021-03-28 36.24 "LAL" "" "ORL" "W" 3 NA NA NA NA NA NA NA NA NA NA NA NA NA NA NA NA
"48" "" 2021-03-31 36.25 "LAL" "" "MIL" "L" -15 NA NA NA NA NA NA NA NA NA NA NA NA NA NA NA NA
"49" "" 2021-04-02 36.25 "LAL" "@" "SAC" "W" 21 NA NA NA NA NA NA NA NA NA NA NA NA NA NA NA NA
"50" "" 2021-04-04 36.26 "LAL" "@" "LAC" "L" -18 NA NA NA NA NA NA NA NA NA NA NA NA NA NA NA NA
"51" "" 2021-04-06 36.27 "LAL" "@" "TOR" "W" 9 NA NA NA NA NA NA NA NA NA NA NA NA NA NA NA NA
"52" "" 2021-04-08 36.27 "LAL" "@" "MIA" "L" -6 NA NA NA NA NA NA NA NA NA NA NA NA NA NA NA NA
"53" "" 2021-04-10 36.28 "LAL" "@" "BRK" "W" 25 NA NA NA NA NA NA NA NA NA NA NA NA NA NA NA NA
"54" "" 2021-04-12 36.28 "LAL" "@" "NYK" "L" -15 NA NA NA NA NA NA NA NA NA NA NA NA NA NA NA NA
"55" "" 2021-04-13 36.28 "LAL" "@" "CHO" "W" 8 NA NA NA NA NA NA NA NA NA NA NA NA NA NA NA NA
"56" "" 2021-04-15 36.29 "LAL" "" "BOS" "L" -8 NA NA NA NA NA NA NA NA NA NA NA NA NA NA NA NA
"57" "" 2021-04-17 36.3 "LAL" "" "UTA" "W" 12 NA NA NA NA NA NA NA NA NA NA NA NA NA NA NA NA
"58" "" 2021-04-19 36.3 "LAL" "" "UTA" "L" -14 NA NA NA NA NA NA NA NA NA NA NA NA NA NA NA NA
"59" "" 2021-04-22 36.31 "LAL" "@" "DAL" "L" -5 NA NA NA NA NA NA NA NA NA NA NA NA NA NA NA NA
"60" "" 2021-04-24 36.32 "LAL" "@" "DAL" "L" -15 NA NA NA NA NA NA NA NA NA NA NA NA NA NA NA NA
"61" "" 2021-04-26 36.32 "LAL" "@" "ORL" "W" 11 NA NA NA NA NA NA NA NA NA NA NA NA NA NA NA NA
"62" "" 2021-04-28 36.33 "LAL" "@" "WAS" "L" -9 NA NA NA NA NA NA NA NA NA NA NA NA NA NA NA NA
"63" "42" 2021-04-30 36.33 "LAL" "" "SAC" "L" -4 1 31.85 0.563 0.542 4.1 24.5 15.1 32 3 2.8 26 25.6 100 107 14.2 2.5
"64" "43" 2021-05-02 36.34 "LAL" "" "TOR" "L" -7 1 27.55 0.675 0.636 0 24.4 13.1 34.2 0 0 26.2 29.5 104 118 13.4 -0.6
"65" "" 2021-05-03 36.34 "LAL" "" "DEN" "W" 4 NA NA NA NA NA NA NA NA NA NA NA NA NA NA NA NA
"66" "" 2021-05-06 36.35 "LAL" "@" "LAC" "L" -24 NA NA NA NA NA NA NA NA NA NA NA NA NA NA NA NA
"67" "" 2021-05-07 36.35 "LAL" "@" "POR" "L" -5 NA NA NA NA NA NA NA NA NA NA NA NA NA NA NA NA
"68" "" 2021-05-09 36.36 "LAL" "" "PHO" "W" 13 NA NA NA NA NA NA NA NA NA NA NA NA NA NA NA NA
"69" "" 2021-05-11 36.36 "LAL" "" "NYK" "W" 2 NA NA NA NA NA NA NA NA NA NA NA NA NA NA NA NA
"70" "" 2021-05-12 36.36 "LAL" "" "HOU" "W" 2 NA NA NA NA NA NA NA NA NA NA NA NA NA NA NA NA
"71" "44" 2021-05-15 36.37 "LAL" "@" "IND" "W" 7 1 28.45 0.524 0.523 12.7 16.1 14.4 60.1 0 0 14.9 39.5 109 117 16.7 2.2
"72" "45" 2021-05-16 36.38 "LAL" "@" "NOP" "W" 12 1 27.4666666666667 0.546 0.545 3.7 0 2 40.7 5.2 0 8 39 107 97 19.5 11.4
