"Rk" "G" "Date" "Age" "Tm" "H/A" "Opp" "W/L" "By Amt" "GS" "MP" "TS%" "eFG%" "ORB%" "DRB%" "TRB%" "AST%" "STL%" "BLK%" "TOV%" "USG%" "ORtg" "DRtg" "GmSc" "BPM"
"1" "1" 1979-10-16 23.12 "SEA" "@" "PHO" "L" -16 0 9 0.5 0.5 NA NA NA NA NA NA NA NA NA NA 1.6 NA
"2" "2" 1979-10-21 23.14 "SEA" "@" "LAL" "L" -9 0 18 0.463 0.333 NA NA NA NA NA NA NA NA NA NA 6.7 NA
"3" "3" 1979-10-24 23.15 "SEA" "" "KCK" "W" 13 0 13 0.714 0.5 NA NA NA NA NA NA NA NA NA NA 7.5 NA
"4" "4" 1979-10-28 23.16 "SEA" "" "CHI" "W" 11 0 2 NA NA NA NA NA NA NA NA NA NA NA NA 0 NA
"5" "5" 1979-11-02 23.17 "SEA" "" "SAS" "W" 10 0 6 0 0 NA NA NA NA NA NA NA NA NA NA -1.8 NA
"6" "6" 1979-11-04 23.18 "SEA" "@" "MIL" "W" 13 0 6 0 0 NA NA NA NA NA NA NA NA NA NA 0.9 NA
"7" "7" 1979-11-06 23.18 "SEA" "@" "CHI" "W" 17 0 1 1 1 NA NA NA NA NA NA NA NA NA NA 2.1 NA
"8" "8" 1979-11-07 23.18 "SEA" "@" "DEN" "L" -21 0 5 0.25 0.25 NA NA NA NA NA NA NA NA NA NA -1.4 NA
"9" "9" 1979-11-14 23.2 "SEA" "" "MIL" "W" 19 0 8 0.25 0.25 NA NA NA NA NA NA NA NA NA NA -0.1 NA
"10" "10" 1979-11-21 23.22 "SEA" "" "LAL" "W" 9 0 4 0.333 0.333 NA NA NA NA NA NA NA NA NA NA -0.7 NA
"11" "11" 1979-11-30 23.25 "SEA" "@" "KCK" "W" 5 0 4 0.5 0.5 NA NA NA NA NA NA NA NA NA NA 1 NA
"12" "12" 1979-12-01 23.25 "SEA" "@" "UTA" "L" -2 0 7 0.532 0 NA NA NA NA NA NA NA NA NA NA 1.6 NA
"13" "13" 1979-12-02 23.25 "SEA" "" "GSW" "W" 13 0 18 0.37 0.2 NA NA NA NA NA NA NA NA NA NA -0.6 NA
"14" "14" 1979-12-05 23.26 "SEA" "" "UTA" "W" 19 0 7 0.129 0 NA NA NA NA NA NA NA NA NA NA NA NA
"15" "15" 1979-12-08 23.27 "SEA" "@" "GSW" "W" 25 0 6 0.602 1 NA NA NA NA NA NA NA NA NA NA 3.5 NA
"16" "16" 1979-12-09 23.27 "SEA" "" "CHI" "L" -9 0 3 0 0 NA NA NA NA NA NA NA NA NA NA 1 NA
"17" "17" 1979-12-21 23.3 "SEA" "" "NYK" "W" 19 0 14 0 0 NA NA NA NA NA NA NA NA NA NA NA NA
"18" "18" 1979-12-26 23.32 "SEA" "" "SDC" "W" 20 0 3 0.5 0.5 NA NA NA NA NA NA NA NA NA NA 1 NA
"19" "19" 1979-12-28 23.32 "SEA" "" "POR" "W" 29 0 13 0.532 0 NA NA NA NA NA NA NA NA NA NA 1.6 NA
"20" "20" 1980-01-04 23.34 "SEA" "" "DET" "W" 18 0 10 0.8 0.8 NA NA NA NA NA NA NA NA NA NA NA NA
"21" "21" 1980-01-05 23.35 "SEA" "@" "GSW" "W" 9 0 6 NA NA NA NA NA NA NA NA NA NA NA NA NA NA
"22" "22" 1980-01-09 23.36 "SEA" "" "IND" "W" 9 0 13 0.515 0.333 NA NA NA NA NA NA NA NA NA NA NA NA
"23" "23" 1980-01-12 23.36 "SEA" "@" "DEN" "W" 3 0 3 NA NA NA NA NA NA NA NA NA NA NA NA 3.4 NA
"24" "24" 1980-01-13 23.37 "SEA" "" "GSW" "W" 8 0 7 0 0 NA NA NA NA NA NA NA NA NA NA -0.4 NA
"25" "25" 1980-01-15 23.37 "SEA" "@" "WSB" "W" 20 0 2 0.667 0.667 NA NA NA NA NA NA NA NA NA NA NA NA
"26" "26" 1980-01-26 23.4 "SEA" "@" "HOU" "L" -12 0 19 0.6 0.6 NA NA NA NA NA NA NA NA NA NA NA NA
"27" "27" 1980-01-30 23.41 "SEA" "" "KCK" "L" -2 0 5 0 0 NA NA NA NA NA NA NA NA NA NA -3.9 NA
"28" "28" 1980-02-07 23.44 "SEA" "@" "DET" "W" 17 0 3 0 0 NA NA NA NA NA NA NA NA NA NA NA NA
"29" "29" 1980-02-08 23.44 "SEA" "@" "PHI" "W" 15 0 8 0.667 0.667 NA NA NA NA NA NA NA NA NA NA 3.3 NA
"30" "30" 1980-02-10 23.44 "SEA" "@" "NJN" "W" 15 0 13 0.333 0.333 NA NA NA NA NA NA NA NA NA NA NA NA
"31" "31" 1980-02-13 23.45 "SEA" "" "ATL" "W" 7 0 5 0.5 0.5 NA NA NA NA NA NA NA NA NA NA NA NA
"32" "32" 1980-02-14 23.45 "SEA" "" "DEN" "W" 9 0 5 0 0 NA NA NA NA NA NA NA NA NA NA -1.4 NA
"33" "33" 1980-02-20 23.47 "SEA" "@" "KCK" "L" -2 0 12 0.563 0.5 NA NA NA NA NA NA NA NA NA NA -0.3 NA
"34" "34" 1980-03-14 23.53 "SEA" "@" "CHI" "W" 21 0 13 0.694 0.5 NA NA NA NA NA NA NA NA NA NA 9.7 NA
"35" "35" 1980-03-19 23.55 "SEA" "" "MIL" "L" -2 0 4 0 0 NA NA NA NA NA NA NA NA NA NA -0.4 NA
"36" "36" 1980-03-23 23.56 "SEA" "" "KCK" "W" 22 0 14 0.375 0.375 NA NA NA NA NA NA NA NA NA NA 2.5 NA
"37" "37" 1980-03-28 23.57 "SEA" "" "GSW" "W" 26 0 18 0.508 0.429 NA NA NA NA NA NA NA NA NA NA 8.8 NA
"38" "38" 1980-03-30 23.58 "SEA" "" "POR" "W" 31 0 18 0.773 0.667 NA NA NA NA NA NA NA NA NA NA 12.8 NA
"1" "1" 1980-10-10 24.11 "SEA" "" "LAL" "L" -1 1 31 0.697 0.625 NA NA NA NA NA NA NA NA NA NA 12.2 NA
"2" "2" 1980-10-12 24.11 "SEA" "@" "POR" "L" -11 1 32 0.581 0.5 NA NA NA NA NA NA NA NA NA NA 13.1 NA
"3" "3" 1980-10-14 24.12 "SEA" "@" "DAL" "W" 2 1 28 0.2 0.2 NA NA NA NA NA NA NA NA NA NA NA NA
"4" "4" 1980-10-15 24.12 "SEA" "@" "HOU" "L" -3 1 28 0.5 0.5 NA NA NA NA NA NA NA NA NA NA NA NA
"5" "5" 1980-10-18 24.13 "SEA" "@" "KCK" "W" 5 0 17 0.554 0.4 NA NA NA NA NA NA NA NA NA NA 3.8 NA
"6" "6" 1980-10-20 24.13 "SEA" "@" "UTA" "W" 6 0 32 0.625 0.615 NA NA NA NA NA NA NA NA NA NA NA NA
"7" "7" 1980-10-22 24.14 "SEA" "" "DAL" "L" -5 0 25 0.273 0.273 NA NA NA NA NA NA NA NA NA NA NA NA
"8" "8" 1980-10-24 24.15 "SEA" "@" "LAL" "L" -6 0 30 0.618 0.583 NA NA NA NA NA NA NA NA NA NA 12.5 NA
"9" "9" 1980-10-25 24.15 "SEA" "" "PHO" "L" -25 0 19 0.333 0.333 NA NA NA NA NA NA NA NA NA NA 0.6 NA
"10" "10" 1980-10-26 24.15 "SEA" "" "POR" "W" 13 1 44 0.602 0.455 NA NA NA NA NA NA NA NA NA NA 20.9 NA
"11" "11" 1980-10-28 24.16 "SEA" "" "GSW" "W" 17 1 37 0.719 0.556 NA NA NA NA NA NA NA NA NA NA 19.8 NA
"12" "12" 1980-10-31 24.16 "SEA" "" "SAS" "L" -16 1 38 0.202 0.111 NA NA NA NA NA NA NA NA NA NA 4.5 NA
"13" "13" 1980-11-01 24.17 "SEA" "@" "DEN" "L" -5 1 43 0.643 0.6 NA NA NA NA NA NA NA NA NA NA 17.4 NA
"14" "14" 1980-11-03 24.17 "SEA" "" "CLE" "W" 35 1 28 0.608 0.5 NA NA NA NA NA NA NA NA NA NA NA NA
"15" "15" 1980-11-05 24.18 "SEA" "" "DEN" "L" -8 1 38 0.607 0.611 NA NA NA NA NA NA NA NA NA NA 6.5 NA
"16" "16" 1980-11-07 24.18 "SEA" "" "SDC" "W" 19 1 25 0.776 0.75 NA NA NA NA NA NA NA NA NA NA 14.2 NA
"17" "17" 1980-11-12 24.2 "SEA" "" "UTA" "L" -8 1 41 0.44 0.364 NA NA NA NA NA NA NA NA NA NA NA NA
"18" "18" 1980-11-14 24.2 "SEA" "" "KCK" "W" 2 1 30 0.925 0.9 NA NA NA NA NA NA NA NA NA NA 20.8 NA
"19" "19" 1980-11-15 24.21 "SEA" "" "HOU" "W" 4 1 38 0.848 0.769 NA NA NA NA NA NA NA NA NA NA NA NA
"20" "20" 1980-11-18 24.21 "SEA" "@" "HOU" "L" -20 1 37 0.67 0.65 NA NA NA NA NA NA NA NA NA NA 25.7 NA
"21" "21" 1980-11-21 24.22 "SEA" "@" "DAL" "W" 10 1 35 0.656 0.556 NA NA NA NA NA NA NA NA NA NA NA NA
"22" "22" 1980-11-23 24.23 "SEA" "@" "SDC" "L" -11 1 34 0.336 0.286 NA NA NA NA NA NA NA NA NA NA NA NA
"23" "23" 1980-11-26 24.24 "SEA" "@" "PHO" "L" -10 1 25 0.364 0.364 NA NA NA NA NA NA NA NA NA NA 2.2 NA
"24" "24" 1980-11-28 24.24 "SEA" "" "SDC" "L" -1 1 20 0.273 0.167 NA NA NA NA NA NA NA NA NA NA 1.7 NA
"25" "25" 1980-11-30 24.25 "SEA" "" "NJN" "W" 24 1 34 0.683 0.667 NA NA NA NA NA NA NA NA NA NA NA NA
"26" "26" 1980-12-03 24.25 "SEA" "" "CHI" "W" 8 1 37 0.7 0.7 NA NA NA NA NA NA NA NA NA NA 8.1 NA
"27" "27" 1980-12-06 24.26 "SEA" "@" "UTA" "W" 10 1 38 0.644 0.545 NA NA NA NA NA NA NA NA NA NA NA NA
"28" "28" 1980-12-08 24.27 "SEA" "" "SAS" "W" 5 1 32 0.49 0.5 NA NA NA NA NA NA NA NA NA NA 10 NA
"29" "29" 1980-12-09 24.27 "SEA" "@" "POR" "L" -13 1 18 0.486 0.5 NA NA NA NA NA NA NA NA NA NA 3.3 NA
"30" "30" 1980-12-10 24.27 "SEA" "@" "GSW" "W" 5 1 24 0.444 0.444 NA NA NA NA NA NA NA NA NA NA 6.2 NA
"31" "31" 1980-12-12 24.28 "SEA" "" "LAL" "L" -6 1 34 0.51 0.5 NA NA NA NA NA NA NA NA NA NA 11.7 NA
"32" "32" 1980-12-14 24.28 "SEA" "@" "SDC" "L" -10 1 30 0.34 0.2 NA NA NA NA NA NA NA NA NA NA 1.9 NA
"33" "33" 1980-12-17 24.29 "SEA" "" "KCK" "W" 7 1 33 0.509 0.417 NA NA NA NA NA NA NA NA NA NA 4.8 NA
"34" "34" 1980-12-19 24.3 "SEA" "" "ATL" "W" 3 1 29 0.604 0.556 NA NA NA NA NA NA NA NA NA NA NA NA
"35" "35" 1980-12-22 24.31 "SEA" "" "PHO" "L" -11 1 33 0.685 0.714 NA NA NA NA NA NA NA NA NA NA 12.5 NA
"36" "36" 1980-12-26 24.32 "SEA" "" "POR" "L" -6 0 8 0.333 0.333 NA NA NA NA NA NA NA NA NA NA -0.5 NA
"37" "37" 1980-12-27 24.32 "SEA" "@" "GSW" "L" -6 0 26 0.595 0.6 NA NA NA NA NA NA NA NA NA NA 8.5 NA
"38" "38" 1980-12-30 24.33 "SEA" "@" "SAS" "L" -2 0 13 0.727 0.667 NA NA NA NA NA NA NA NA NA NA 4.7 NA
"39" "39" 1981-01-05 24.35 "SEA" "" "DAL" "W" 14 0 18 0.857 0.857 NA NA NA NA NA NA NA NA NA NA 9.1 NA
"40" "40" 1981-01-07 24.35 "SEA" "" "DET" "W" 5 0 27 0.589 0.4 NA NA NA NA NA NA NA NA NA NA NA NA
"41" "41" 1981-01-09 24.36 "SEA" "@" "LAL" "L" -5 0 22 0.519 0.5 NA NA NA NA NA NA NA NA NA NA 15.6 NA
"42" "42" 1981-01-10 24.36 "SEA" "" "DEN" "W" 3 0 26 0.527 0.5 NA NA NA NA NA NA NA NA NA NA 5.3 NA
"43" "43" 1981-01-11 24.36 "SEA" "" "GSW" "L" -8 0 18 0.4 0.4 NA NA NA NA NA NA NA NA NA NA 3.7 NA
"44" "44" 1981-01-13 24.37 "SEA" "@" "PHO" "L" -5 0 28 0.726 0.571 NA NA NA NA NA NA NA NA NA NA 12.7 NA
"45" "45" 1981-01-16 24.38 "SEA" "@" "IND" "W" 1 0 5 0.532 0 NA NA NA NA NA NA NA NA NA NA NA NA
"46" "46" 1981-01-18 24.38 "SEA" "@" "PHI" "L" -21 0 29 0.667 0.667 NA NA NA NA NA NA NA NA NA NA NA NA
"47" "47" 1981-01-20 24.39 "SEA" "@" "NYK" "L" -1 1 24 0.714 0.714 NA NA NA NA NA NA NA NA NA NA NA NA
"48" "48" 1981-01-21 24.39 "SEA" "@" "NJN" "L" -4 1 31 0.483 0.333 NA NA NA NA NA NA NA NA NA NA NA NA
"49" "49" 1981-01-23 24.39 "SEA" "@" "WSB" "L" -12 1 22 0.444 0.429 NA NA NA NA NA NA NA NA NA NA NA NA
"50" "50" 1981-01-25 24.4 "SEA" "@" "BOS" "L" -9 1 35 0.604 0.556 NA NA NA NA NA NA NA NA NA NA NA NA
"51" "51" 1981-01-28 24.41 "SEA" "" "MIL" "L" -9 1 32 0.758 0.727 NA NA NA NA NA NA NA NA NA NA 14.5 NA
"52" "52" 1981-02-04 24.43 "SEA" "" "WSB" "W" 9 1 26 0.662 0.556 NA NA NA NA NA NA NA NA NA NA NA NA
"53" "53" 1981-02-06 24.43 "SEA" "" "KCK" "L" -10 1 24 0.5 0.5 NA NA NA NA NA NA NA NA NA NA 6.3 NA
"54" "54" 1981-02-07 24.44 "SEA" "" "UTA" "W" 7 1 28 0.491 0.444 NA NA NA NA NA NA NA NA NA NA NA NA
"55" "55" 1981-02-08 24.44 "SEA" "" "DEN" "W" 21 1 22 0.645 0.5 NA NA NA NA NA NA NA NA NA NA 17.6 NA
"56" "56" 1981-02-10 24.44 "SEA" "" "BOS" "W" 1 1 32 0.69 0.636 NA NA NA NA NA NA NA NA NA NA NA NA
"57" "57" 1981-02-12 24.45 "SEA" "@" "POR" "W" 3 1 36 0.804 0.778 NA NA NA NA NA NA NA NA NA NA 16.5 NA
"58" "58" 1981-02-14 24.45 "SEA" "@" "CHI" "L" -17 1 29 0.615 0.615 NA NA NA NA NA NA NA NA NA NA 13 NA
"59" "59" 1981-02-15 24.46 "SEA" "@" "KCK" "L" -2 1 16 1.02 1 NA NA NA NA NA NA NA NA NA NA 11.5 NA
"60" "60" 1981-02-17 24.46 "SEA" "@" "UTA" "W" 3 1 33 0.533 0.5 NA NA NA NA NA NA NA NA NA NA NA NA
"61" "61" 1981-02-18 24.47 "SEA" "" "NYK" "L" -2 1 23 0.19 0.143 NA NA NA NA NA NA NA NA NA NA NA NA
"62" "62" 1981-02-20 24.47 "SEA" "" "PHO" "W" 1 1 29 0.512 0.375 NA NA NA NA NA NA NA NA NA NA 8.5 NA
"63" "63" 1981-02-22 24.48 "SEA" "" "HOU" "L" -15 1 38 0.563 0.5 NA NA NA NA NA NA NA NA NA NA 13.5 NA
"64" "64" 1981-02-24 24.48 "SEA" "@" "DAL" "W" 18 1 30 0.556 0.5 NA NA NA NA NA NA NA NA NA NA NA NA
"65" "65" 1981-02-26 24.49 "SEA" "@" "SAS" "L" -10 1 32 0.758 0.727 NA NA NA NA NA NA NA NA NA NA 13 NA
"66" "66" 1981-02-27 24.49 "SEA" "@" "HOU" "L" -4 1 32 0.627 0.636 NA NA NA NA NA NA NA NA NA NA 14.2 NA
"67" "67" 1981-03-01 24.5 "SEA" "@" "ATL" "L" -6 1 32 0.691 0.643 NA NA NA NA NA NA NA NA NA NA NA NA
"68" "68" 1981-03-04 24.5 "SEA" "" "IND" "W" 12 1 38 0.619 0.625 NA NA NA NA NA NA NA NA NA NA NA NA
"69" "69" 1981-03-06 24.51 "SEA" "" "SAS" "W" 8 1 21 0.47 0.429 NA NA NA NA NA NA NA NA NA NA 0.1 NA
"70" "70" 1981-03-07 24.51 "SEA" "@" "GSW" "L" -3 1 34 0.582 0.6 NA NA NA NA NA NA NA NA NA NA 20.6 NA
"71" "71" 1981-03-08 24.52 "SEA" "" "SDC" "L" -11 1 23 0.53 0.5 NA NA NA NA NA NA NA NA NA NA 7.3 NA
"72" "72" 1981-03-11 24.52 "SEA" "@" "CLE" "W" 6 1 24 0.406 0.364 NA NA NA NA NA NA NA NA NA NA 4.4 NA
"73" "73" 1981-03-13 24.53 "SEA" "@" "DET" "W" 2 1 27 0.727 0.727 NA NA NA NA NA NA NA NA NA NA NA NA
"74" "74" 1981-03-15 24.53 "SEA" "@" "MIL" "L" -24 1 26 0.666 0.6 NA NA NA NA NA NA NA NA NA NA 20.3 NA
"75" "75" 1981-03-17 24.54 "SEA" "@" "DEN" "L" -12 1 37 0.549 0.5 NA NA NA NA NA NA NA NA NA NA 19.7 NA
"76" "76" 1981-03-20 24.55 "SEA" "@" "LAL" "L" -14 1 31 0.663 0.6 NA NA NA NA NA NA NA NA NA NA 17.7 NA
"77" "77" 1981-03-22 24.55 "SEA" "@" "PHO" "L" -16 1 31 0.466 0.417 NA NA NA NA NA NA NA NA NA NA 5.5 NA
"78" "78" 1981-03-24 24.56 "SEA" "@" "SDC" "L" -5 1 26 0.699 0.727 NA NA NA NA NA NA NA NA NA NA NA NA
"79" "79" 1981-03-25 24.56 "SEA" "" "POR" "L" -9 1 23 0.253 0.182 NA NA NA NA NA NA NA NA NA NA 5.1 NA
"80" "80" 1981-03-27 24.57 "SEA" "" "LAL" "L" -7 1 23 0.125 0.125 NA NA NA NA NA NA NA NA NA NA NA NA
"81" "81" 1981-03-29 24.57 "SEA" "" "GSW" "W" 4 1 23 0.712 0.8 NA NA NA NA NA NA NA NA NA NA 9 NA
"1" "1" 1981-10-31 25.16 "SEA" "" "PHO" "W" 10 0 7 NA NA NA NA NA NA NA NA NA NA NA NA 0 NA
"2" "2" 1981-11-01 25.17 "SEA" "@" "POR" "L" -10 0 20 0.444 0.4 NA NA NA NA NA NA NA NA NA NA 4.1 NA
"3" "3" 1981-11-06 25.18 "SEA" "" "DEN" "L" -4 0 19 0.58 0.5 NA NA NA NA NA NA NA NA NA NA 8.6 NA
"4" "4" 1981-11-10 25.19 "SEA" "@" "GSW" "W" 10 0 20 0.521 0.25 NA NA NA NA NA NA NA NA NA NA 4.9 NA
"5" "5" 1981-11-11 25.19 "SEA" "" "DAL" "W" 28 0 26 0.5 0.5 NA NA NA NA NA NA NA NA NA NA NA NA
"6" "6" 1981-11-13 25.2 "SEA" "" "SAS" "L" -7 0 5 0.5 0.5 NA NA NA NA NA NA NA NA NA NA 1.3 NA
"7" "7" 1981-11-20 25.22 "SEA" "@" "DAL" "W" 1 0 7 0 0 NA NA NA NA NA NA NA NA NA NA NA NA
"8" "8" 1981-11-24 25.23 "DET" "@" "MIL" "L" -8 0 7 0.5 0.5 NA NA NA NA NA NA NA NA NA NA NA NA
"9" "9" 1981-11-25 25.23 "DET" "@" "KCK" "W" 7 0 10 0.129 0 NA NA NA NA NA NA NA NA NA NA NA NA
"10" "10" 1981-11-27 25.24 "DET" "" "ATL" "L" -2 0 5 0.512 0.5 NA NA NA NA NA NA NA NA NA NA NA NA
"11" "11" 1981-11-28 25.24 "DET" "@" "PHI" "L" -13 0 14 0.571 0.571 NA NA NA NA NA NA NA NA NA NA NA NA
"12" "12" 1981-12-01 25.25 "DET" "@" "NYK" "L" -12 0 6 NA NA NA NA NA NA NA NA NA NA NA NA NA NA
"13" "13" 1981-12-02 25.25 "DET" "@" "BOS" "L" -1 0 9 1.031 1 NA NA NA NA NA NA NA NA NA NA NA NA
"14" "14" 1981-12-04 25.26 "DET" "@" "IND" "L" -10 0 22 0.482 0.5 NA NA NA NA NA NA NA NA NA NA NA NA
"15" "15" 1981-12-05 25.26 "DET" "" "MIL" "L" -3 0 28 0.715 0.682 NA NA NA NA NA NA NA NA NA NA NA NA
"16" "16" 1981-12-10 25.27 "DET" "" "NYK" "L" -5 1 46 0.476 0.429 NA NA NA NA NA NA NA NA NA NA NA NA
"17" "17" 1981-12-12 25.28 "DET" "@" "SEA" "L" -6 1 32 0.489 0.462 NA NA NA NA NA NA NA NA NA NA NA NA
"18" "18" 1981-12-13 25.28 "DET" "@" "POR" "L" -6 1 20 0.473 0.333 NA NA NA NA NA NA NA NA NA NA 6.9 NA
"19" "19" 1981-12-15 25.29 "DET" "@" "GSW" "W" 4 1 24 0.769 0.769 NA NA NA NA NA NA NA NA NA NA 17.9 NA
"20" "20" 1981-12-17 25.29 "DET" "" "IND" "L" -4 1 33 0.436 0.333 NA NA NA NA NA NA NA NA NA NA NA NA
"21" "21" 1981-12-19 25.3 "DET" "" "NYK" "W" 28 1 35 0.605 0.571 NA NA NA NA NA NA NA NA NA NA NA NA
"22" "22" 1981-12-22 25.31 "DET" "@" "DAL" "W" 8 0 19 0.429 0.429 NA NA NA NA NA NA NA NA NA NA NA NA
"23" "23" 1981-12-23 25.31 "DET" "@" "DEN" "W" 5 0 23 0.333 0.333 NA NA NA NA NA NA NA NA NA NA 3.3 NA
"24" "24" 1981-12-26 25.32 "DET" "" "CHI" "W" 2 0 18 0.5 0.5 NA NA NA NA NA NA NA NA NA NA 4 NA
"25" "25" 1981-12-29 25.33 "DET" "@" "WSB" "L" -4 0 10 0.4 0.4 NA NA NA NA NA NA NA NA NA NA NA NA
"26" "26" 1981-12-30 25.33 "DET" "@" "NJN" "L" -11 0 17 0.676 0.625 NA NA NA NA NA NA NA NA NA NA NA NA
"27" "27" 1982-01-02 25.34 "DET" "@" "NYK" "L" -13 0 19 0.571 0.571 NA NA NA NA NA NA NA NA NA NA NA NA
"28" "28" 1982-01-05 25.35 "DET" "" "PHI" "W" 23 0 14 0.751 0.667 NA NA NA NA NA NA NA NA NA NA NA NA
"29" "29" 1982-01-07 25.35 "DET" "" "PHO" "L" -16 0 9 0.379 NA NA NA NA NA NA NA NA NA NA NA -1.3 NA
"30" "30" 1982-01-09 25.36 "DET" "" "LAL" "L" -3 0 3 0 0 NA NA NA NA NA NA NA NA NA NA NA NA
"31" "31" 1982-01-10 25.36 "DET" "@" "BOS" "L" -10 0 17 0.25 0.25 NA NA NA NA NA NA NA NA NA NA NA NA
"32" "32" 1982-01-12 25.36 "DET" "@" "CHI" "W" 11 0 11 0.714 0.714 NA NA NA NA NA NA NA NA NA NA 9.5 NA
"33" "33" 1982-01-14 25.37 "DET" "" "WSB" "L" -7 0 10 0.41 0.25 NA NA NA NA NA NA NA NA NA NA NA NA
"34" "34" 1982-01-17 25.38 "DET" "@" "MIL" "W" 5 0 14 0.515 0.333 NA NA NA NA NA NA NA NA NA NA NA NA
"35" "35" 1982-01-19 25.38 "DET" "@" "UTA" "L" -6 0 13 0.68 0.6 NA NA NA NA NA NA NA NA NA NA NA NA
"36" "36" 1982-01-21 25.39 "DET" "@" "SDC" "W" 10 0 9 0.6 0.6 NA NA NA NA NA NA NA NA NA NA NA NA
"37" "37" 1982-01-22 25.39 "DET" "@" "LAL" "L" -12 0 8 0.625 0.625 NA NA NA NA NA NA NA NA NA NA NA NA
"38" "38" 1982-01-23 25.39 "DET" "@" "PHO" "L" -23 0 22 0.666 0.636 NA NA NA NA NA NA NA NA NA NA 14.1 NA
"39" "39" 1982-02-02 25.42 "DET" "@" "ATL" "W" 1 0 4 1 1 NA NA NA NA NA NA NA NA NA NA NA NA
"40" "40" 1982-02-05 25.43 "DET" "@" "CHI" "W" 7 0 10 0.5 0.5 NA NA NA NA NA NA NA NA NA NA 0.9 NA
"41" "41" 1982-02-06 25.43 "DET" "" "NJN" "L" -5 0 21 0.666 0.6 NA NA NA NA NA NA NA NA NA NA NA NA
"42" "42" 1982-02-09 25.44 "DET" "" "CHI" "W" 5 0 17 0.387 0.333 NA NA NA NA NA NA NA NA NA NA 3.2 NA
"43" "43" 1982-02-10 25.44 "DET" "@" "NJN" "L" -7 0 24 0.727 0.667 NA NA NA NA NA NA NA NA NA NA NA NA
"44" "44" 1982-02-11 25.45 "DET" "" "CLE" "W" 10 0 15 0.167 0.167 NA NA NA NA NA NA NA NA NA NA 4.1 NA
"45" "45" 1982-02-13 25.45 "DET" "" "POR" "L" -8 0 21 0.643 0.6 NA NA NA NA NA NA NA NA NA NA 14.9 NA
"46" "46" 1982-02-16 25.46 "DET" "" "HOU" "W" 2 0 13 0.6 0.6 NA NA NA NA NA NA NA NA NA NA NA NA
"47" "47" 1982-02-17 25.46 "DET" "@" "SAS" "L" -14 0 24 0.617 0.5 NA NA NA NA NA NA NA NA NA NA NA NA
"48" "48" 1982-02-20 25.47 "DET" "" "IND" "W" 15 0 16 0.47 0.5 NA NA NA NA NA NA NA NA NA NA NA NA
"49" "49" 1982-02-27 25.49 "DET" "" "KCK" "W" 8 0 11 0 0 NA NA NA NA NA NA NA NA NA NA NA NA
"50" "50" 1982-02-28 25.49 "DET" "@" "IND" "L" -11 0 20 0.337 0.273 NA NA NA NA NA NA NA NA NA NA NA NA
"51" "51" 1982-03-02 25.5 "DET" "@" "MIL" "L" -10 0 12 0.41 0.25 NA NA NA NA NA NA NA NA NA NA NA NA
"52" "52" 1982-03-04 25.5 "DET" "" "CHI" "W" 25 1 31 0.588 0.545 NA NA NA NA NA NA NA NA NA NA NA NA
"53" "53" 1982-03-06 25.51 "DET" "@" "NYK" "W" 4 1 26 0.143 0.143 NA NA NA NA NA NA NA NA NA NA NA NA
"54" "54" 1982-03-08 25.52 "DET" "" "BOS" "L" -10 1 25 0.541 0.429 NA NA NA NA NA NA NA NA NA NA NA NA
"55" "55" 1982-03-10 25.52 "DET" "" "DEN" "L" -11 1 27 0.533 0.5 NA NA NA NA NA NA NA NA NA NA 5.6 NA
"56" "56" 1982-03-12 25.53 "DET" "" "GSW" "W" 4 1 34 0.463 0.455 NA NA NA NA NA NA NA NA NA NA 10.6 NA
"57" "57" 1982-03-14 25.53 "DET" "@" "CLE" "W" 6 1 33 0.545 0.545 NA NA NA NA NA NA NA NA NA NA NA NA
"58" "58" 1982-03-16 25.54 "DET" "" "SDC" "W" 4 1 21 0.415 0.375 NA NA NA NA NA NA NA NA NA NA NA NA
"59" "59" 1982-03-18 25.54 "DET" "" "SEA" "W" 4 1 26 0.558 0.444 NA NA NA NA NA NA NA NA NA NA 13.8 NA
"60" "60" 1982-03-19 25.55 "DET" "@" "HOU" "W" 9 1 20 0.269 0.286 NA NA NA NA NA NA NA NA NA NA NA NA
"61" "61" 1982-03-21 25.55 "DET" "@" "ATL" "L" -8 0 9 0.773 0.667 NA NA NA NA NA NA NA NA NA NA NA NA
"62" "62" 1982-03-25 25.56 "DET" "" "PHI" "W" 2 0 13 0.525 0.333 NA NA NA NA NA NA NA NA NA NA NA NA
"63" "63" 1982-03-26 25.56 "DET" "@" "BOS" "L" -21 0 22 0.509 0.455 NA NA NA NA NA NA NA NA NA NA NA NA
"64" "64" 1982-03-27 25.57 "DET" "@" "NJN" "W" 2 0 20 0.508 0.429 NA NA NA NA NA NA NA NA NA NA NA NA
"65" "65" 1982-03-30 25.58 "DET" "@" "WSB" "L" -29 0 21 0.81 0.667 NA NA NA NA NA NA NA NA NA NA NA NA
"66" "66" 1982-03-31 25.58 "DET" "@" "IND" "L" -2 0 17 0.181 0 NA NA NA NA NA NA NA NA NA NA NA NA
"67" "67" 1982-04-01 25.58 "DET" "" "DAL" "L" -1 0 9 0.25 0.25 NA NA NA NA NA NA NA NA NA NA NA NA
"68" "68" 1982-04-03 25.59 "DET" "" "IND" "W" 3 0 11 0.521 0.5 NA NA NA NA NA NA NA NA NA NA NA NA
"69" "69" 1982-04-07 25.6 "DET" "" "ATL" "W" 5 0 5 0.667 0.667 NA NA NA NA NA NA NA NA NA NA NA NA
"70" "70" 1982-04-09 25.6 "DET" "" "MIL" "L" -18 0 14 0.463 0.455 NA NA NA NA NA NA NA NA NA NA NA NA
"71" "71" 1982-04-11 25.61 "DET" "" "NYK" "W" 8 0 12 0.5 0.5 NA NA NA NA NA NA NA NA NA NA NA NA
"72" "72" 1982-04-14 25.62 "DET" "@" "PHI" "L" -8 0 14 0.652 0.625 NA NA NA NA NA NA NA NA NA NA NA NA
"73" "73" 1982-04-15 25.62 "DET" "" "CLE" "W" 10 0 23 0.761 0.714 NA NA NA NA NA NA NA NA NA NA 12.3 NA
"74" "74" 1982-04-17 25.62 "DET" "" "NJN" "L" -15 0 18 0.743 0.722 NA NA NA NA NA NA NA NA NA NA NA NA
"1" "1" 1982-10-29 26.16 "DET" "" "ATL" "W" 8 0 17 0.5 0.5 NA NA NA NA NA NA NA NA NA NA NA NA
"2" "2" 1982-10-31 26.16 "DET" "@" "IND" "W" 3 0 20 0.6 0.6 NA NA NA NA NA NA NA NA NA NA 6.9 NA
"3" "3" 1982-11-02 26.17 "DET" "@" "CLE" "W" 9 0 19 0.722 0.625 NA NA NA NA NA NA NA NA NA NA 15.4 NA
"4" "4" 1982-11-03 26.17 "DET" "" "CHI" "W" 8 0 19 0.571 0.571 NA NA 11.1 20.3 NA NA NA NA NA NA 6.5 NA
"5" "5" 1982-11-05 26.18 "DET" "" "PHI" "L" -11 0 20 0.59 0.625 NA NA 6.3 17.1 NA 0 NA NA NA NA NA NA
"6" "6" 1982-11-06 26.18 "DET" "@" "ATL" "L" -2 0 22 0.512 0.5 NA NA NA NA NA NA NA NA NA NA NA NA
"7" "7" 1982-11-09 26.19 "DET" "@" "WSB" "W" 3 0 23 0.51 0.4 NA NA NA 16.1 NA NA NA NA NA NA 5.5 NA
"8" "8" 1982-11-10 26.19 "DET" "" "IND" "W" 24 1 30 0.455 0.455 NA NA NA NA NA NA NA NA NA NA 7.2 NA
"9" "9" 1982-11-12 26.2 "DET" "" "MIL" "W" 11 1 38 0.519 0.5 NA NA 8.8 16.6 NA 1.3 6.5 NA NA NA NA NA
"10" "10" 1982-11-13 26.2 "DET" "@" "NYK" "L" -12 1 35 0.4 0.4 NA NA 6 29.5 NA NA NA NA NA NA NA NA
"11" "11" 1982-11-17 26.21 "DET" "@" "PHI" "L" -17 1 34 0.524 0.462 NA NA 6 21.1 NA 2.8 NA NA NA NA 13.6 NA
"12" "12" 1982-11-19 26.22 "DET" "" "GSW" "W" 4 1 40 0.603 0.5 NA NA NA NA NA NA NA NA NA NA 26.4 NA
"13" "13" 1982-11-20 26.22 "DET" "@" "CHI" "L" -3 1 41 0.734 0.694 NA NA 5.1 15 NA NA NA NA NA NA 24.6 NA
"14" "14" 1982-11-23 26.23 "DET" "@" "HOU" "W" 22 1 36 0.893 0.857 NA NA NA NA NA NA NA NA NA NA 15.5 NA
"15" "15" 1982-11-24 26.23 "DET" "@" "KCK" "L" -10 1 34 0.551 0.525 NA NA NA NA NA NA NA NA NA NA NA NA
"16" "16" 1982-11-26 26.24 "DET" "" "POR" "W" 14 1 43 0.514 0.45 NA NA NA 30.1 NA 3.9 11.6 NA NA NA 23.9 NA
"17" "17" 1982-11-30 26.25 "DET" "@" "BOS" "W" 7 1 37 0.691 0.615 NA NA NA NA NA NA NA NA NA NA 21 NA
"18" "18" 1982-12-01 26.25 "DET" "" "SAS" "W" 8 1 17 0.143 0.143 NA NA NA NA NA NA NA NA NA NA -1.7 NA
"19" "19" 1982-12-04 26.26 "DET" "" "BOS" "L" -7 1 39 0.696 0.607 NA NA NA NA NA NA NA NA NA NA NA NA
"20" "20" 1982-12-08 26.27 "DET" "" "NYK" "L" -11 1 36 0.576 0.538 NA NA NA NA NA NA NA NA NA NA NA NA
"21" "21" 1982-12-10 26.27 "DET" "" "DAL" "L" -1 1 28 0.465 0.444 NA NA NA NA NA NA NA NA NA NA NA NA
"22" "22" 1982-12-11 26.28 "DET" "@" "PHI" "L" -17 1 30 0.654 0.636 NA NA 5.5 15.1 NA 0 NA NA NA NA NA NA
"23" "23" 1982-12-14 26.28 "DET" "@" "NYK" "W" 5 1 36 0.691 0.615 NA NA NA NA NA NA NA NA NA NA 16.4 NA
"24" "24" 1982-12-15 26.29 "DET" "" "BOS" "L" -4 0 31 0.568 0.455 NA NA NA NA NA NA NA NA NA NA 8.5 NA
"25" "25" 1982-12-17 26.29 "DET" "" "WSB" "L" -9 0 30 0.593 0.5 NA NA NA NA NA NA NA NA NA NA NA NA
"26" "26" 1982-12-18 26.3 "DET" "@" "CLE" "W" 7 0 26 0.477 0.444 NA NA NA NA NA NA NA NA NA NA 9.9 NA
"27" "27" 1982-12-19 26.3 "DET" "@" "BOS" "W" 17 0 24 0.726 0.571 NA NA NA NA NA NA NA NA NA NA 13.3 NA
"28" "28" 1982-12-21 26.3 "DET" "@" "NJN" "W" 5 0 25 0.222 0.222 NA NA NA NA NA NA NA NA NA NA 1.9 NA
"29" "29" 1982-12-23 26.31 "DET" "" "DEN" "L" -8 0 27 0.563 0.563 NA NA NA NA NA NA NA NA NA NA NA NA
"30" "30" 1982-12-26 26.32 "DET" "@" "MIL" "L" -10 0 28 0.446 0.455 NA NA 9 16.9 NA 0 7.5 NA NA NA 6.7 NA
"31" "31" 1982-12-28 26.32 "DET" "@" "UTA" "L" -7 1 33 0.454 0.385 NA NA NA 9.5 NA 0 NA NA NA NA 10.2 NA
"32" "32" 1982-12-30 26.33 "DET" "@" "PHO" "L" -17 0 26 0.431 0.364 NA NA NA NA NA NA NA NA NA NA 4.9 NA
"33" "33" 1983-01-01 26.33 "DET" "@" "SDC" "W" 12 0 25 0.84 0.769 NA NA NA NA NA NA NA NA NA NA NA NA
"34" "34" 1983-01-02 26.34 "DET" "@" "LAL" "L" -15 0 25 0.436 0.417 NA NA 10.1 20 NA 2.1 17.9 26.2 NA NA 6.1 NA
"35" "35" 1983-01-04 26.34 "DET" "@" "CHI" "L" -9 0 37 0.676 0.65 NA NA 4.3 26.5 NA NA NA NA NA NA 24.8 NA
"36" "36" 1983-01-05 26.35 "DET" "" "CLE" "W" 14 0 35 0.677 0.647 NA NA NA NA NA NA NA NA NA NA 21.1 NA
"37" "37" 1983-01-07 26.35 "DET" "@" "MIL" "L" -17 0 21 0.462 0.462 NA NA 4.5 16.8 NA 0 13.3 NA NA NA NA NA
"38" "38" 1983-01-09 26.36 "DET" "@" "NJN" "L" -8 0 33 0.647 0.675 NA NA NA NA NA NA NA NA NA NA 21.4 NA
"39" "39" 1983-01-12 26.36 "DET" "" "WSB" "W" 16 0 27 0.767 0.692 NA NA 9.9 11.5 NA NA NA NA NA NA 21.3 NA
"40" "40" 1983-01-14 26.37 "DET" "" "PHI" "L" -10 0 28 0.513 0.455 NA NA 6.1 27.3 NA 2 NA NA NA NA NA NA
"41" "41" 1983-01-19 26.38 "DET" "" "MIL" "W" 1 0 29 0.429 0.429 NA NA 1.6 24.3 NA 1.7 22.2 NA NA NA 4 NA
"42" "42" 1983-01-22 26.39 "DET" "" "ATL" "W" 2 0 31 0.529 0.524 NA NA NA NA NA NA NA NA NA NA NA NA
"43" "43" 1983-01-24 26.4 "DET" "@" "ATL" "W" 4 0 29 0.482 0.455 NA NA NA NA NA NA NA NA NA NA 13.5 NA
"44" "44" 1983-01-26 26.4 "DET" "" "SEA" "L" -9 0 29 0.625 0.538 NA NA NA NA NA NA NA NA NA NA 14.4 NA
"45" "45" 1983-01-28 26.41 "DET" "" "CLE" "L" -1 0 27 0.509 0.417 NA NA NA NA NA NA NA NA NA NA 9.8 NA
"46" "46" 1983-01-29 26.41 "DET" "" "CHI" "W" 2 0 28 0.438 0.3 NA NA 9.2 12.3 NA NA NA NA NA NA NA NA
"47" "47" 1983-02-02 26.42 "DET" "@" "IND" "L" -6 0 17 0.25 0.25 NA NA 8.5 5.1 NA NA NA NA NA NA 1.1 NA
"48" "48" 1983-02-03 26.42 "DET" "" "SDC" "L" -7 0 37 0.556 0.556 NA NA NA NA NA NA NA NA NA NA 8.2 NA
"49" "49" 1983-02-05 26.43 "DET" "" "NJN" "W" 10 1 34 0.66 0.667 NA NA NA NA NA NA NA NA NA NA NA NA
"50" "50" 1983-02-08 26.44 "DET" "@" "SAS" "L" -4 1 38 0.586 0.529 NA NA NA NA NA NA NA NA NA NA 15.6 NA
"51" "51" 1983-02-09 26.44 "DET" "@" "DAL" "L" -9 1 32 0.498 0.5 NA NA NA NA NA NA NA NA NA NA 14.9 NA
"52" "52" 1983-02-16 26.46 "DET" "@" "MIL" "L" -5 1 35 0.542 0.542 NA NA 1.6 7.6 NA 0 20 NA NA NA 4.7 NA
"53" "53" 1983-02-17 26.46 "DET" "" "HOU" "W" 3 1 29 0.333 0.333 NA NA NA NA NA NA NA NA NA NA NA NA
"54" "54" 1983-02-19 26.47 "DET" "" "PHO" "W" 11 1 29 0.364 0.364 NA NA NA NA NA NA NA NA NA NA 5.2 NA
"55" "55" 1983-02-23 26.48 "DET" "" "NYK" "L" -13 1 31 0.495 0.444 NA NA NA NA NA NA NA NA NA NA 17.3 NA
"56" "56" 1983-02-24 26.48 "DET" "@" "ATL" "L" -9 1 29 0.455 0.444 NA NA NA NA NA NA NA NA NA NA 2.7 NA
"57" "57" 1983-02-26 26.49 "DET" "@" "CLE" "W" 20 1 31 0.554 0.571 NA NA NA NA NA NA NA NA NA NA 10.1 NA
"58" "58" 1983-03-01 26.5 "DET" "@" "GSW" "W" 11 1 34 0.528 0.528 NA NA 7.7 3.7 NA 0 NA NA NA NA 10.2 NA
"59" "59" 1983-03-03 26.5 "DET" "" "KCK" "L" -7 1 34 0.617 0.455 NA NA NA NA NA NA NA NA NA NA 13.3 NA
"60" "60" 1983-03-05 26.51 "DET" "" "LAL" "L" -14 1 33 0.462 0.462 NA NA 5 11.4 NA NA NA NA NA NA NA NA
"61" "61" 1983-03-07 26.51 "DET" "@" "PHI" "L" -9 1 36 0.37 0.357 NA NA 6.2 18.9 NA 0 NA NA NA NA 9 NA
"62" "62" 1983-03-08 26.52 "DET" "" "IND" "W" 6 1 37 0.543 0.5 NA NA 5.3 28.7 NA NA NA NA NA NA 9 NA
"63" "63" 1983-03-12 26.53 "DET" "" "ATL" "L" -1 1 29 0.333 0.333 NA NA NA NA NA NA NA NA NA NA NA NA
"64" "64" 1983-03-13 26.53 "DET" "@" "IND" "L" -4 1 32 0.455 0.444 NA NA 3.3 29.2 NA NA NA NA NA NA 4.8 NA
"65" "65" 1983-03-15 26.53 "DET" "@" "NJN" "L" -19 1 33 0.589 0.545 NA NA NA NA NA NA NA NA NA NA 11.6 NA
"66" "66" 1983-03-16 26.54 "DET" "" "UTA" "L" -10 1 32 0.589 0.545 NA NA 0 18.2 NA 0 NA NA NA NA 8.5 NA
"67" "67" 1983-03-18 26.54 "DET" "" "MIL" "W" 4 1 32 0.536 0.556 NA NA 4.8 18.6 NA 0 8.2 NA NA NA NA NA
"68" "68" 1983-03-20 26.55 "DET" "" "PHI" "L" -2 1 29 0.771 0.727 NA NA 6.7 4.6 NA 3.5 NA NA NA NA 16.6 NA
"69" "69" 1983-03-22 26.55 "DET" "@" "CHI" "W" 18 1 32 0.747 0.667 NA NA 8.9 13.6 NA NA NA NA NA NA 25.6 NA
"70" "70" 1983-03-23 26.56 "DET" "" "IND" "W" 13 1 28 0.595 0.5 NA NA 9.6 21.1 NA NA NA NA NA NA 12.5 NA
"71" "71" 1983-03-25 26.56 "DET" "@" "DEN" "L" -11 1 28 0.466 0.458 NA NA NA NA NA NA NA NA NA NA NA NA
"72" "72" 1983-03-29 26.57 "DET" "@" "POR" "L" -7 1 33 0.881 0.846 NA NA 3.8 5 NA 0 6.3 NA NA NA 20.4 NA
"73" "73" 1983-03-30 26.58 "DET" "@" "SEA" "L" -11 1 32 0.517 0.5 NA NA NA NA NA NA NA NA NA NA 16.3 NA
"74" "74" 1983-04-01 26.58 "DET" "" "CLE" "W" 9 1 37 0.498 0.4 NA NA NA NA NA NA NA NA NA NA 14.3 NA
"75" "75" 1983-04-03 26.59 "DET" "" "CHI" "W" 15 1 31 0.52 0.444 NA NA 8.8 17.9 NA NA NA NA NA NA 15.3 NA
"76" "76" 1983-04-05 26.59 "DET" "@" "NYK" "L" -3 1 42 0.468 0.462 NA NA NA NA NA NA NA NA NA NA 9.9 NA
"77" "77" 1983-04-06 26.59 "DET" "" "WSB" "W" 11 1 31 0.571 0.429 NA NA 12.8 0 NA NA NA NA NA NA 9 NA
"78" "78" 1983-04-08 26.6 "DET" "" "NJN" "W" 10 1 29 0.735 0.75 NA NA NA NA NA NA NA NA NA NA NA NA
"79" "79" 1983-04-10 26.61 "DET" "@" "BOS" "L" -2 1 30 0.699 0.676 NA NA NA NA NA NA NA NA NA NA 20.2 NA
"80" "80" 1983-04-13 26.61 "DET" "" "BOS" "W" 12 1 33 0.586 0.5 NA NA NA NA NA NA NA NA NA NA 16.4 NA
"81" "81" 1983-04-15 26.62 "DET" "" "NYK" "L" -17 1 34 0.586 0.55 NA NA NA NA NA NA NA NA NA NA NA NA
"82" "82" 1983-04-16 26.62 "DET" "@" "WSB" "L" -7 1 39 0.527 0.429 NA NA 8.1 24.1 NA NA NA NA NA NA NA NA
"1" "1" 1983-10-28 27.16 "DET" "" "BOS" "W" 6 0 21 0.205 0 4.4 5.9 5 16.3 4.1 0 0 8.3 86 107 3.5 NA
"2" "2" 1983-10-29 27.16 "DET" "@" "ATL" "L" -2 0 27 0.451 0.333 12.1 0 5.7 14.6 0 1.9 43.6 19.5 72 123 0.1 NA
"3" "3" 1983-11-01 27.17 "DET" "" "MIL" "W" 13 0 19 0 0 6.5 7.7 7 12.3 2.7 0 20 11 36 98 -1.2 NA
"4" "4" 1983-11-03 27.17 "DET" "@" "WSB" "L" -23 0 20 0.34 0.3 4.4 6.3 5.2 0 2.4 0 0 23.1 82 111 3.4 NA
"5" "5" 1983-11-04 27.18 "DET" "" "HOU" "L" -5 0 26 0.387 0.167 8 3.8 5.9 10.2 0 1.9 20.5 15.6 88 123 3.2 NA
"6" "6" 1983-11-09 27.19 "DET" "" "PHI" "W" 4 0 28 0.737 0.733 7.5 10.9 9.2 41.4 0 1.9 10.2 27.5 147 115 24.5 NA
"7" "7" 1983-11-11 27.19 "DET" "@" "BOS" "L" -8 0 18 0.81 0.778 0 8.6 3.7 18.8 0 0 9.2 23.9 145 126 12.8 NA
"8" "8" 1983-11-12 27.2 "DET" "" "KCK" "W" 25 0 27 0.059 0 4 3.6 3.7 21.8 0 1.9 26.2 14.6 45 97 -2.9 NA
"9" "9" 1983-11-15 27.21 "DET" "@" "CHI" "L" -2 0 19 0.381 0.286 0 0 0 20.5 0 0 27.6 23.1 70 117 -0.2 NA
"10" "10" 1983-11-16 27.21 "DET" "" "SEA" "W" 2 0 27 0.437 0.455 4.8 10.8 7.6 16.5 0 0 0 17.8 113 128 7.6 NA
"11" "11" 1983-11-18 27.21 "DET" "" "UTA" "W" 8 0 15 0.768 0.75 5.3 0 2.9 17.9 0 0 0 22 170 116 11.9 NA
"12" "12" 1983-11-19 27.22 "DET" "@" "NYK" "L" -3 0 16 0 0 5.4 8.5 6.6 8.5 0 0 20 12.5 20 104 -2.9 NA
"13" "13" 1983-11-22 27.22 "DET" "@" "PHI" "L" -4 0 25 0.618 0.583 13.4 4.5 8.9 7.2 1.9 2.3 17.9 27.1 108 114 12 NA
"14" "14" 1983-11-23 27.23 "DET" "@" "IND" "W" 2 0 14 0.5 0.5 0 15.9 7.4 0 0 0 0 17 103 114 2 NA
"15" "15" 1983-11-25 27.23 "DET" "" "WSB" "L" -9 0 18 0.477 0.444 8.2 0 4.8 16.5 0 3.2 17.5 23.3 90 115 4.2 NA
"16" "16" 1983-11-27 27.24 "DET" "@" "BOS" "L" -15 0 20 0.19 0.143 9.6 0 5.2 19.7 2.4 0 0 16.1 74 120 2.2 NA
"17" "17" 1983-11-29 27.24 "DET" "" "CLE" "W" 10 0 28 0.551 0.5 14.3 3.7 9.1 42.2 0 0 0 17.3 146 114 15 NA
"18" "18" 1983-12-02 27.25 "DET" "" "ATL" "W" 36 0 19 0.536 0.5 5.2 7.9 6.7 14.1 0 5.1 17.7 20.5 101 86 7.3 NA
"19" "19" 1983-12-03 27.25 "DET" "" "IND" "W" 18 0 15 0.444 0.429 0 6 3.4 24.4 0 3.6 11.3 23.1 99 99 5 NA
"20" "20" 1983-12-08 27.27 "DET" "@" "GSW" "L" -1 0 24 0.595 0.5 9.1 3.6 6.1 4.9 1.9 0 20.3 21.9 114 123 8.2 NA
"21" "21" 1983-12-09 27.27 "DET" "@" "POR" "L" -6 0 19 0.47 0.375 11.2 5.5 8.3 7.1 2.5 0 22 28.3 88 123 4 NA
"22" "22" 1983-12-11 27.28 "DET" "@" "SEA" "L" -4 0 25 0.644 0.615 3.5 5.3 4.2 36.7 3.5 0 0 20.2 158 121 19.8 NA
"23" "23" 1983-12-13 27.28 "DET" "@" "DEN" "W" 2 0 21 0.423 0.333 18.8 6.1 13.3 38.7 0 0 6.6 26 119 133 11.3 NA
"24" "24" 1983-12-17 27.29 "DET" "" "BOS" "L" -14 0 22 0.481 0.455 0 11.1 5.4 12.4 1.9 0 8 19.7 98 111 7.2 NA
"25" "25" 1983-12-20 27.3 "DET" "" "DAL" "W" 12 0 32 0.533 0.533 6.4 0 3.7 36.6 1.5 0 6.3 19.7 130 108 15.9 NA
"26" "26" 1983-12-21 27.3 "DET" "@" "CLE" "W" 7 0 15 0.2 0.2 6.8 0 3.5 15.3 0 0 0 13.4 79 118 0.2 NA
"27" "27" 1983-12-23 27.31 "DET" "" "PHI" "L" -2 0 20 0.342 0.286 0 24 12.2 43.4 0 0 25.5 24.6 71 110 3.1 NA
"28" "28" 1983-12-27 27.32 "DET" "" "POR" "W" 40 0 26 0.486 0.4 3.6 18.8 11.7 25 4.9 0 8.1 16.4 125 81 14.6 NA
"29" "29" 1983-12-28 27.32 "DET" "@" "NYK" "W" 3 0 22 0.413 0.333 6.8 0 2.9 13.5 2 0 7 25.8 93 106 5.1 NA
"30" "30" 1983-12-30 27.33 "DET" "" "CHI" "W" 7 0 28 0.551 0.5 4.1 6.7 5.5 26.4 0 2.3 21.6 20.9 100 102 7.9 NA
"31" "31" 1984-01-03 27.34 "DET" "@" "WSB" "L" -1 0 17 0.427 0.417 0 20.7 9.4 9.1 2.9 0 7.2 33.6 86 101 5 NA
"32" "32" 1984-01-04 27.34 "DET" "" "PHO" "W" 14 0 17 0.705 0.625 0 16.3 9.2 22.4 2.8 0 22 33.1 117 107 11.6 NA
"33" "33" 1984-01-06 27.35 "DET" "" "NYK" "W" 11 0 19 0.574 0.5 21.5 4.8 12.6 32.2 0 0 0 24 152 116 14.5 NA
"34" "34" 1984-01-08 27.35 "DET" "@" "MIL" "W" 11 0 13 0.291 0.167 17.6 0 7.5 0 0 0 22.5 26.9 70 113 -0.8 NA
"35" "35" 1984-01-11 27.36 "DET" "@" "IND" "W" 16 0 28 0.64 0.588 7 7.5 7.2 16.7 1.7 0 5.1 28.9 132 97 19.4 NA
"36" "36" 1984-01-13 27.37 "DET" "" "CHI" "W" 11 0 26 0.526 0.538 15.1 17.9 16.2 5.3 0 0 16.5 28.8 98 117 8.7 NA
"37" "37" 1984-01-14 27.37 "DET" "@" "CLE" "W" 1 0 21 0.5 0.5 5.9 5.4 5.6 13.7 0 0 7.7 25.8 104 125 6.2 NA
"38" "38" 1984-01-17 27.38 "DET" "@" "PHI" "L" -11 0 32 0.549 0.471 7.6 11.3 9.1 18.2 4 3.4 4.6 25.2 122 110 21.5 NA
"39" "39" 1984-01-18 27.38 "DET" "" "NJN" "L" -9 0 17 0.148 0 0 0 0 24 0 0 0 15 68 130 -0.3 NA
"40" "40" 1984-01-20 27.39 "DET" "" "ATL" "W" 22 0 32 0.444 0.357 2.8 5.7 4.2 14.1 0 0 0 18.6 119 99 9.1 NA
"41" "41" 1984-01-21 27.39 "DET" "@" "NJN" "L" -17 0 17 0.41 0.375 4.8 0 3.1 0 4.9 0 17 24.1 75 102 3.5 NA
"42" "42" 1984-01-24 27.4 "DET" "" "IND" "L" -7 0 20 0.709 0.667 0 6.5 2.9 32.4 0 0 16.8 23.5 132 119 10.4 NA
"43" "43" 1984-01-31 27.42 "DET" "@" "CLE" "L" -2 0 20 0.474 0.385 9.6 10.2 9.9 44.6 0 0 0 29.3 114 105 10.9 NA
"44" "44" 1984-02-02 27.42 "DET" "@" "WSB" "W" 10 0 29 0.684 0.615 4.6 4.1 4.4 25 0 0 5.2 25.9 145 128 20.1 NA
"45" "45" 1984-02-03 27.42 "DET" "" "SDC" "W" 15 0 27 0.472 0.467 13.2 0 6.8 8.6 0 0 15.9 25.7 93 109 6.5 NA
"46" "46" 1984-02-05 27.43 "DET" "@" "BOS" "L" -3 0 31 0.525 0.467 5.5 12 8.6 15.5 1.4 0 10 24.7 111 116 13.3 NA
"47" "47" 1984-02-07 27.44 "DET" "" "CLE" "W" 31 0 19 0.643 0.6 5.9 15.8 11.1 13 0 0 15.5 28.1 117 101 9.6 NA
"48" "48" 1984-02-10 27.44 "DET" "" "GSW" "W" 18 0 25 0.437 0.421 10.1 0 4.9 14.2 0 0 9.3 28 109 109 9.1 NA
"49" "49" 1984-02-11 27.45 "DET" "" "SAS" "L" -7 0 21 0.545 0.545 4.4 5.6 4.9 18.9 0 0 0 19.2 126 117 9.8 NA
"50" "50" 1984-02-14 27.45 "DET" "@" "HOU" "W" 7 0 26 0.44 0.385 0 0 0 28.2 0 0 16.9 25.2 96 117 4.8 NA
"51" "51" 1984-02-18 27.47 "DET" "@" "DAL" "W" 5 0 29 0.531 0.529 11.5 0 6 0 3.4 0 0 24.8 132 120 13.6 NA
"52" "52" 1984-02-19 27.47 "DET" "@" "SAS" "W" 2 0 33 0.672 0.643 0 3.7 1.4 27.1 0 0 0 15.5 155 120 17.8 NA
"53" "53" 1984-02-21 27.47 "DET" "@" "KCK" "L" -7 0 29 0.605 0.607 6.8 7.4 7 28.8 0 0 16.8 22.2 113 111 11.5 NA
"54" "54" 1984-02-22 27.48 "DET" "" "NYK" "W" 3 0 28 0.596 0.529 11.2 4 7.7 0 0 0 8.7 31 126 115 14.7 NA
"55" "55" 1984-02-24 27.48 "DET" "@" "IND" "L" -8 0 29 0.686 0.6 12 8.9 10.8 6.9 0 0 5 26.5 142 111 20.2 NA
"56" "56" 1984-02-26 27.49 "DET" "" "CLE" "W" 12 0 30 0.737 0.706 3.6 11.4 7.4 25.2 0 1.9 17.9 28.8 129 112 20.9 NA
"57" "57" 1984-02-28 27.49 "DET" "@" "ATL" "W" 5 0 24 0.421 0.364 5.4 0 2.4 0 0 0 25.2 28 69 106 -0.2 NA
"58" "58" 1984-02-29 27.5 "DET" "" "WSB" "W" 31 0 27 0.571 0.571 16.2 16.2 16.2 35.8 1.8 2 11.8 23.7 131 107 17.7 NA
"59" "59" 1984-03-02 27.5 "DET" "" "NYK" "L" -15 0 29 0.447 0.412 11.5 0 6.4 11.7 1.6 2.1 10.1 25.9 102 116 8.5 NA
"60" "60" 1984-03-04 27.51 "DET" "" "LAL" "L" -4 0 30 0.498 0.423 8.6 0 5.6 25.9 1.5 0 0 19.3 131 114 14.2 NA
"61" "61" 1984-03-06 27.51 "DET" "@" "CHI" "W" 16 0 23 0.71 0.706 0 14.6 7.5 24.1 2 0 5.2 33 139 103 20.7 NA
"62" "62" 1984-03-07 27.52 "DET" "" "ATL" "W" 14 0 22 0.574 0.5 5.9 8.7 7.5 29.4 4.6 0 7.6 26.4 132 95 12.8 NA
"63" "63" 1984-03-09 27.52 "DET" "" "NJN" "W" 4 0 28 0.418 0.333 4.2 8.2 6.2 17.2 0 0 21.8 19.2 83 111 3 NA
"64" "64" 1984-03-10 27.52 "DET" "" "WSB" "W" 15 0 29 0.464 0.417 0 7.7 3.6 39.3 0 0 11.7 21.7 105 103 9.4 NA
"65" "65" 1984-03-13 27.53 "DET" "@" "MIL" "L" -21 0 19 0.25 0.25 0 0 0 15.1 0 0 20 33.2 48 121 -3.2 NA
"66" "66" 1984-03-14 27.53 "DET" "" "DEN" "L" -4 0 27 0.494 0.467 11.1 10.5 10.8 16.9 0 0 10.4 26.7 107 120 10.9 NA
"67" "67" 1984-03-16 27.54 "DET" "" "NJN" "L" -9 0 20 0.564 0.625 5.6 0 2.8 15.5 0 0 0 24.1 125 128 9.1 NA
"68" "68" 1984-03-19 27.55 "DET" "@" "UTA" "L" -18 0 27 0.607 0.525 3.7 5.2 4.3 47.1 1.5 0 0 30.9 138 126 24.4 NA
"69" "69" 1984-03-21 27.55 "DET" "@" "SDC" "W" 9 0 23 0.638 0.643 12.6 11.6 12.1 20.8 2 0 16.8 30.2 119 117 14.8 NA
"70" "70" 1984-03-23 27.56 "DET" "@" "LAL" "W" 3 0 29 0.612 0.615 3.1 0 1.9 39.5 1.6 0 0 17.7 154 119 17.5 NA
"71" "71" 1984-03-24 27.56 "DET" "@" "PHO" "W" 11 0 27 0.503 0.471 22.2 10.5 15.6 5.4 0 0 14.4 29.9 104 110 10.6 NA
"72" "72" 1984-03-27 27.57 "DET" "@" "CHI" "W" 28 0 16 0.205 0.25 7.5 6.1 6.7 7.1 2.9 0 50.6 23.8 30 82 -4.7 NA
"73" "73" 1984-03-28 27.57 "DET" "" "CHI" "W" 7 0 20 0.705 0.625 13 5.9 9.2 24 5.2 0 8.6 26 144 104 15 NA
"74" "74" 1984-03-29 27.58 "DET" "@" "NJN" "L" -2 0 21 0.421 0.286 5.7 12 8.8 5.1 2.2 2.8 32.5 23.1 69 113 1.8 NA
"75" "75" 1984-03-31 27.58 "DET" "" "MIL" "W" 2 0 23 0.304 0.278 20.1 9.5 15.2 17.5 0 0 16.8 19 86 108 1.9 NA
"76" "76" 1984-04-03 27.59 "DET" "" "PHI" "W" 3 0 24 0.787 0.818 0 4.4 2 33.3 0 0 14.9 20.7 134 115 14.5 NA
"77" "77" 1984-04-06 27.6 "DET" "@" "NYK" "W" 8 0 21 0.649 0.583 7.4 0 3.1 0 4.2 0 17 32.8 112 99 11.1 NA
"78" "78" 1984-04-07 27.6 "DET" "@" "MIL" "L" -18 0 17 0.333 0.333 0 0 0 19.2 0 0 14.3 16.9 73 118 0.6 NA
"79" "79" 1984-04-10 27.61 "DET" "" "IND" "W" 2 0 17 0.512 0.417 17.6 0 10 0 3 0 6.4 38.4 117 105 9.9 NA
"80" "80" 1984-04-11 27.61 "DET" "@" "PHI" "W" 13 0 31 0.418 0.333 3.6 3.4 3.5 14 1.4 2.1 21.8 16.8 86 109 4.4 NA
"81" "81" 1984-04-13 27.62 "DET" "" "BOS" "W" 8 0 26 0.455 0.364 7.8 3.8 5.8 21 0 2 13.2 24.2 100 115 7.9 NA
"82" "82" 1984-04-14 27.62 "DET" "@" "ATL" "L" -8 0 18 0.417 0.417 10.9 0 5.7 8.4 0 2.9 14.3 30.7 88 129 3.2 NA
"1" "1" 1984-10-26 28.15 "DET" "" "BOS" "L" -7 0 27 0.4 0.4 8.5 0 4.9 0 0 0 11.8 23 83 127 2.4 -11
"2" "2" 1984-10-27 28.15 "DET" "@" "NYK" "L" -19 0 25 0.286 0.286 7.7 4.7 6.3 4.8 0 0 12.5 11.6 73 125 -0.3 -11.2
"3" "3" 1984-10-30 28.16 "DET" "" "CLE" "W" 17 0 18 0.461 0.375 8.7 4 6.3 29.6 0 2.6 9.3 20.3 111 96 7.5 2.4
"4" "4" 1984-11-01 28.17 "DET" "@" "ATL" "W" 4 0 20 0.342 0.286 13.6 6.3 10.5 13.3 0 0 25.5 20.9 75 114 0.7 -10.5
"5" "5" 1984-11-02 28.17 "DET" "@" "BOS" "L" -11 1 28 0.48 0.412 3.5 13.9 8 10.4 1.6 0 5.1 26.7 103 117 9.9 -1.5
"6" "6" 1984-11-05 28.18 "DET" "@" "CLE" "W" 9 1 37 0.272 0.25 7 5.3 6 21.6 0 0 13.4 16.8 82 103 3.1 -7.2
"7" "7" 1984-11-07 28.18 "DET" "" "CHI" "L" -4 0 23 0.17 0.2 4.5 4.2 4.3 10.5 5.5 0 25.4 12.7 46 104 0.3 -7.7
"8" "8" 1984-11-10 28.19 "DET" "" "MIL" "W" 4 0 26 0.563 0.5 3.8 0 2.2 19.1 3.9 0 12.3 25.6 114 104 12 7.1
"9" "9" 1984-11-14 28.2 "DET" "@" "PHI" "W" 4 0 31 0.531 0.429 3.2 6.6 4.8 39.7 4.1 0 5 22.5 130 106 20.2 11.3
"10" "10" 1984-11-16 28.21 "DET" "" "PHI" "L" -11 0 28 0.608 0.533 7.6 4.4 6.1 22.1 1.7 0 5.2 28 133 107 17.3 11.4
"11" "11" 1984-11-17 28.21 "DET" "@" "DAL" "W" 14 0 29 0.757 0.731 5.3 10 7.8 30 0 0 6.2 23.2 151 111 20.8 10.8
"12" "12" 1984-11-20 28.22 "DET" "@" "HOU" "L" -6 0 33 0.389 0.389 14.8 7.1 11.3 15.4 2.6 0 5.3 22.2 95 111 10.9 -1
"13" "13" 1984-11-21 28.22 "DET" "@" "SAS" "W" 13 0 26 0.705 0.636 0 0 0 22.3 5.4 0 19 25.8 123 96 15.1 7.4
"14" "14" 1984-11-23 28.23 "DET" "" "NYK" "L" -23 0 35 0.518 0.5 11.8 17.1 14 26.7 1.3 0 9.4 23.1 116 117 16.9 5.7
"15" "15" 1984-11-24 28.23 "DET" "@" "WSB" "L" -6 1 39 0.538 0.5 4.7 14.5 8.6 24.3 1.2 1.6 11.8 17.3 111 107 15 3
"16" "16" 1984-11-28 28.24 "DET" "" "POR" "W" 7 1 39 0.724 0.688 2.7 14 8.2 20.3 1.2 0 21.2 22.5 125 111 21 7
"17" "17" 1984-11-30 28.25 "DET" "" "WSB" "L" -8 1 36 0.382 0.353 7.1 13.3 9.7 25 1.3 0 14.1 22.5 90 117 8.8 -3.9
"18" "18" 1984-12-01 28.25 "DET" "@" "IND" "W" 22 1 34 0.661 0.643 7.2 6.1 6.6 32 2.6 0 15.3 21.3 129 101 20.4 6.8
"19" "19" 1984-12-04 28.26 "DET" "" "BOS" "W" 5 1 37 0.541 0.5 4.5 5.4 4.9 25.9 2.6 0 0 23.9 127 99 20.6 10.9
"20" "20" 1984-12-06 28.26 "DET" "@" "MIL" "L" -15 1 38 0.422 0.375 4.2 6.5 5.5 23.4 0 0 22 26.4 82 123 5.1 -7.9
"21" "21" 1984-12-07 28.27 "DET" "" "DEN" "W" 7 1 36 0.632 0.632 0 2.6 1.4 19 1.3 0 9.5 23.1 122 114 17.5 1.6
"22" "22" 1984-12-11 28.28 "DET" "@" "CHI" "W" 7 1 31 0.611 0.529 3.2 10.3 6.7 0 1.4 1.7 13.3 27 118 94 15.6 6.1
"23" "23" 1984-12-12 28.28 "DET" "" "CHI" "W" 7 1 33 0.471 0.471 0 12.4 6.5 22.1 0 0 10.5 23.4 94 95 8.1 -1.8
"24" "24" 1984-12-14 28.28 "DET" "" "IND" "W" 24 1 29 0.551 0.5 0 7 3.5 17.6 1.5 0 26.9 19.1 89 88 6.2 -4.5
"25" "25" 1984-12-19 28.3 "DET" "@" "DEN" "W" 19 1 30 0.656 0.6 0 8.7 5.2 19.4 1.3 0 10.7 22.9 130 106 18.8 3.7
"26" "26" 1984-12-20 28.3 "DET" "@" "UTA" "L" -1 1 37 0.504 0.538 2.5 5.5 3.9 10 1.2 1.5 12.6 16.7 98 110 9.2 -3.7
"27" "27" 1984-12-22 28.31 "DET" "@" "KCK" "L" -6 1 30 0.494 0.533 3.5 0 2 4 2.8 0 10.4 24.2 88 114 8.7 -4.1
"28" "28" 1984-12-25 28.32 "DET" "" "PHI" "L" -1 0 25 0.336 0.357 14 4.2 9.5 12.6 0 0 21.2 27.1 68 112 1.1 -10
"29" "29" 1984-12-26 28.32 "DET" "@" "NJN" "L" -15 0 17 0.286 0.286 0 0 0 0 2.6 0 12.5 36.2 57 108 -2.4 -17
"30" "30" 1984-12-28 28.32 "DET" "@" "IND" "W" 6 0 15 0.338 0.25 0 0 0 9.5 0 0 18.4 26 73 109 -0.5 -14.5
"31" "31" 1984-12-29 28.33 "DET" "" "NJN" "L" -2 0 10 0 0 0 12.3 5.6 11.2 0 5.7 0 11.8 23 114 -0.8 -11.8
"32" "32" 1985-01-02 28.34 "DET" "" "CLE" "W" 8 0 24 0.307 0.125 17.5 11.8 14.8 31.3 1.9 0 0 15.4 110 96 8.9 3.1
"33" "33" 1985-01-04 28.34 "DET" "" "ATL" "W" 23 0 27 0.563 0.5 0 0 0 7.9 0 1.9 0 10.8 150 106 6.9 -1.5
"34" "34" 1985-01-05 28.35 "DET" "@" "WSB" "W" 8 0 27 0.4 0.4 3.6 3.5 3.6 8.5 1.6 0 16.7 16.9 81 107 3.6 -6.4
"35" "35" 1985-01-09 28.36 "DET" "@" "PHI" "L" -4 0 34 0.581 0.5 6.4 13.8 10 15.9 2.7 0 6.4 18.6 129 120 16.9 3.1
"36" "36" 1985-01-11 28.36 "DET" "" "IND" "W" 11 0 26 0.372 0.333 8.4 7.7 8 26.7 3.3 0 8.5 17.6 97 99 8.5 -1.4
"37" "37" 1985-01-13 28.37 "DET" "" "LAL" "W" 23 0 17 0.376 0.25 16 0 8.5 6.1 2.6 0 9.7 23.4 95 93 4.2 -4.9
"38" "38" 1985-01-17 28.38 "DET" "@" "NYK" "W" 16 0 21 0.222 0.2 0 0 0 16.1 0 0 12.9 15.7 61 102 -1 -13.1
"39" "39" 1985-01-19 28.38 "DET" "@" "NJN" "W" 2 0 16 0 0 0 0 0 26.7 0 0 20 12 46 116 -1 -10.9
"40" "40" 1985-01-22 28.39 "DET" "@" "ATL" "W" 17 0 22 0.335 0.3 8.7 0 4.6 18 0 0 8.7 18.7 95 112 2.4 -11.1
"41" "41" 1985-01-24 28.4 "DET" "" "GSW" "W" 19 0 27 0.727 0.714 7.7 7 7.3 24.5 0 0 6.5 21.8 145 113 18.5 7.1
"42" "42" 1985-01-26 28.4 "DET" "" "SEA" "W" 19 0 29 0.678 0.615 0 4.5 2 26.5 3.2 0 0 20 157 110 20.9 9.6
"43" "43" 1985-01-27 28.41 "DET" "" "WSB" "W" 10 0 22 0.472 0.417 20.8 0 10.4 31.1 0 0 6.8 28.5 124 117 11.8 3.7
"44" "44" 1985-01-29 28.41 "DET" "@" "BOS" "L" -1 0 29 0.672 0.647 9.5 0 5 14.7 1.6 1.6 0 25.3 150 130 23.4 14.7
"45" "45" 1985-01-30 28.41 "DET" "" "KCK" "W" 4 0 22 0.551 0.5 4.7 0 2.6 18.7 2.1 0 8.4 20.7 119 115 8.6 -1.8
"46" "46" 1985-02-02 28.42 "DET" "" "ATL" "W" 8 0 28 0.563 0.5 4.4 4 4.2 20.7 0 0 6.6 23.7 120 107 11.6 1.5
"47" "47" 1985-02-04 28.43 "DET" "@" "MIL" "W" 2 0 22 0.528 0.455 4.1 0 2.1 36.6 0 0 7.5 23.6 118 109 10.1 6.6
"48" "48" 1985-02-05 28.43 "DET" "" "NJN" "L" -2 0 22 0.384 0.308 17.8 5.5 12.3 6.4 0 0 17.3 30.8 85 123 3.1 -12.8
"49" "49" 1985-02-07 28.44 "DET" "@" "WSB" "L" -2 0 14 0.667 0.667 7.3 0 3.6 25.5 3.4 0 25 11.4 119 104 3.9 -0.8
"50" "50" 1985-02-12 28.45 "DET" "@" "CHI" "L" -13 0 26 0.709 0.694 0 9.5 4.6 55.9 0 0 13.2 35.3 133 125 19.9 9.8
"51" "51" 1985-02-13 28.45 "DET" "" "DAL" "W" 5 0 19 0.298 0.308 20.2 9.5 14.7 15.8 0 0 6.9 29.1 85 118 3.8 -9
"52" "52" 1985-02-15 28.46 "DET" "@" "NJN" "L" -1 0 20 0.633 0.6 5.5 0 2.8 13.1 0 2.8 13.7 29.6 117 124 9.8 -1.4
"53" "53" 1985-02-16 28.46 "DET" "" "PHI" "L" -11 0 30 0.407 0.385 5.9 10 7.4 27.3 0 4 0 18.7 111 125 11.2 2.2
"54" "54" 1985-02-18 28.47 "DET" "" "PHO" "W" 19 0 24 0.458 0.417 8.2 4.1 6.1 46.2 2 0 12.3 27.2 107 103 12 4
"55" "55" 1985-02-20 28.47 "DET" "" "MIL" "L" -1 0 27 0.786 0.75 0 3.4 1.8 23.9 1.7 0 17 25.6 136 114 16.9 9.7
"56" "56" 1985-02-22 28.48 "DET" "@" "PHI" "L" -11 1 42 0.437 0.4 5.7 8.2 7 57.4 2.1 0 21.6 27.5 88 104 15 0.6
"57" "57" 1985-02-23 28.48 "DET" "" "NJN" "L" -8 0 21 0.371 0.333 0 9.3 4.4 13 0 2.8 0 16.8 93 108 2.2 -4.5
"58" "58" 1985-02-27 28.49 "DET" "" "CHI" "W" 9 0 21 0.383 0.3 5.3 6.2 5.7 37.9 0 6 20.3 28.5 92 101 6 -1
"59" "59" 1985-03-01 28.5 "DET" "" "SAS" "L" -10 0 25 0.253 0.182 9.8 12.3 10.9 0 0 2.2 7.8 20.6 66 117 1 -12.2
"60" "60" 1985-03-03 28.5 "DET" "@" "BOS" "L" -9 0 30 0.586 0.5 6.3 4 5.3 20.1 5.8 0 5.8 20.4 131 120 19 9.9
"61" "61" 1985-03-06 28.51 "DET" "" "NYK" "W" 24 0 30 0.763 0.75 3 11.4 6.7 38.1 0 0 6.8 18.4 158 93 21.2 13.9
"62" "62" 1985-03-07 28.51 "DET" "" "UTA" "L" -8 0 18 0.333 0.333 15.7 6.7 11.7 42.9 0 0 7.7 26.9 101 122 6 -1.1
"63" "63" 1985-03-09 28.52 "DET" "@" "ATL" "W" 2 0 24 0 0 7 4.9 6.1 4.7 1.9 0 37.5 12 20 114 -4.7 -19.7
"64" "64" 1985-03-11 28.52 "DET" "" "LAC" "W" 7 0 16 0.74 0.6 0 7.1 3.9 33.3 0 3.3 12.9 21.5 147 118 11.2 10.3
"65" "65" 1985-03-12 28.53 "DET" "@" "CHI" "L" -1 0 25 0.304 0.222 7 0 4 20.7 3.8 2.3 9.2 16.9 88 110 5.2 -2.1
"66" "66" 1985-03-17 28.54 "DET" "@" "SEA" "L" -8 0 21 0.46 0.4 0 5.3 2.7 20.9 0 2.6 21.6 27.1 84 107 3.9 -4.3
"67" "67" 1985-03-18 28.54 "DET" "@" "LAC" "L" -20 0 23 0.563 0.563 13 0 7.5 28 9.5 0 0 12.8 150 112 15.5 15
"68" "68" 1985-03-19 28.55 "DET" "@" "POR" "L" -20 0 25 0.152 0.111 11.1 4.9 8.4 11.7 3.6 1.9 28.8 20.2 49 131 -0.5 -13.2
"69" "69" 1985-03-21 28.55 "DET" "@" "GSW" "W" 9 0 22 0.509 0.545 10.4 0 4.7 17.7 0 0 7.3 23.5 112 111 7.8 -1.3
"70" "70" 1985-03-24 28.56 "DET" "@" "LAL" "L" -18 0 11 0.571 0.571 0 0 0 22.6 0 0 0 21.5 135 133 5.3 1.6
"71" "71" 1985-03-26 28.56 "DET" "@" "PHO" "W" 26 0 25 0.441 0.4 14.2 15.7 14.9 14.6 0 0 5.9 24.3 119 94 10.6 2.2
"72" "72" 1985-03-27 28.57 "DET" "" "HOU" "W" 17 0 21 0.543 0.5 17.3 6.3 12.8 34 0 0 7.2 24.6 138 118 14.3 8.9
"73" "73" 1985-03-31 28.58 "DET" "" "BOS" "W" 8 0 17 0.304 0.222 17.3 6.9 12.5 14 2.8 0 16.8 27.9 78 104 2.1 -10.1
"74" "74" 1985-04-01 28.58 "DET" "" "ATL" "L" -14 0 25 0.5 0.5 0 7.2 3.9 15 0 0 6.7 25.5 99 119 7.2 -3
"75" "75" 1985-04-02 28.58 "DET" "@" "IND" "W" 3 0 18 0.376 0.25 16.3 0 8.9 6.1 7.7 0 8.6 24.9 97 107 5.2 -1.9
"76" "76" 1985-04-04 28.59 "DET" "@" "MIL" "L" -9 0 15 0.375 0.375 7.4 8.2 7.8 7.2 0 0 20 26.1 78 132 0.1 -17.2
"77" "77" 1985-04-05 28.59 "DET" "" "CLE" "L" -1 0 35 0.58 0.417 5.5 3.3 4.5 19 1.2 1.5 0 16.8 136 109 17.3 4.5
"78" "78" 1985-04-07 28.6 "DET" "" "MIL" "W" 22 0 26 0.845 0.875 4.3 9.4 7.2 23 3.6 0 0 13.8 176 87 17 14.1
"79" "79" 1985-04-09 28.6 "DET" "@" "NYK" "W" 10 0 23 0.427 0.167 12.8 16.9 14.6 20.9 0 2.7 19.6 17.4 109 105 6.9 -1.7
"80" "80" 1985-04-10 28.61 "DET" "" "IND" "W" 2 0 18 0.506 0.444 5.6 6.2 5.9 13.9 2.3 0 16.8 23.6 97 101 5.5 -3.9
"81" "81" 1985-04-12 28.61 "DET" "" "WSB" "W" 6 0 20 0.5 0.5 0 4.1 2.1 19.8 2.3 0 11.1 18.1 98 94 6 1.1
"82" "82" 1985-04-14 28.62 "DET" "@" "CLE" "W" 3 0 19 0.738 0.7 0 5.4 2.7 29.9 2.5 0 7.6 28.1 141 111 15 13.7
"1" "1" 1985-10-25 29.15 "DET" "" "MIL" "W" 2 1 26 0.368 0.3 12.3 7 9.4 11 3.3 0 0 15.3 108 102 7.5 2.2
"2" "2" 1985-10-26 29.15 "DET" "@" "CHI" "L" -3 1 29 0.559 0.538 6.4 12.1 8.9 5.4 1.6 3.9 17.3 21.8 104 115 9.7 0.4
"3" "3" 1985-10-29 29.16 "DET" "" "NJN" "W" 17 1 25 0.463 0.455 3.5 10.7 7 23.7 1.7 0 7.8 19.5 101 97 7.7 0.3
"4" "4" 1985-10-30 29.16 "DET" "@" "PHI" "L" -7 1 34 0.544 0.522 6.2 0 2.9 18.7 0 2.9 0 26.3 130 118 18.7 6.5
"5" "5" 1985-11-01 29.17 "DET" "" "IND" "W" 8 1 22 0.576 0.538 0 4.5 2.2 0 0 0 6.7 24.5 120 114 8.2 -2.9
"6" "6" 1985-11-02 29.17 "DET" "@" "IND" "W" 11 1 13 0 0 9.2 0 4.1 0 0 0 0 12.9 27 125 -2.5 -20.6
"7" "7" 1985-11-12 29.2 "DET" "" "WSB" "W" 2 0 21 0.4 0.4 0 0 0 38.4 4.4 0 28.6 13.4 91 107 5 1.3
"8" "8" 1985-11-13 29.2 "DET" "@" "MIL" "L" -19 0 14 0.313 0.313 0 0 0 18.5 3 0 11.1 23 70 123 0.8 -7
"9" "9" 1985-11-15 29.21 "DET" "@" "ATL" "L" -4 0 20 0.222 0.222 0 11.4 5.5 18.4 0 0 10 18.5 64 118 0.2 -10.3
"10" "10" 1985-11-20 29.22 "DET" "" "NYK" "W" 11 0 26 0.771 0.667 0 0 0 26.7 1.9 0 0 16.2 171 107 15.1 10.9
"11" "11" 1985-11-22 29.22 "DET" "" "GSW" "W" 19 0 21 0.167 0.167 4 8 6 24.5 2.1 0 14.3 11.9 69 89 1.8 -5.2
"12" "12" 1985-11-23 29.23 "DET" "@" "PHI" "W" 5 0 25 0.704 0.688 15.2 0 8.5 38.6 2 0 5.3 31.6 147 121 23.7 16.3
"13" "13" 1985-11-26 29.24 "DET" "" "CLE" "W" 15 0 21 0.474 0.385 0 0 0 12.5 2.1 0 6.3 27.9 102 96 8.3 -1.6
"14" "14" 1985-11-27 29.24 "DET" "@" "BOS" "L" -8 0 36 0.646 0.583 6.8 14 10.4 34 5 0 6.9 31.8 134 117 32 15.6
"15" "15" 1985-11-29 29.24 "DET" "" "MIL" "W" 9 0 28 0.273 0.273 11.4 6.6 8.8 9.8 0 0 0 14.7 85 104 2.8 -4.1
"16" "16" 1985-11-30 29.25 "DET" "@" "WSB" "L" -14 0 31 0.593 0.556 3.3 7 5.1 23.8 4.3 4.9 12.5 29.7 111 116 21.7 8.2
"17" "17" 1985-12-03 29.25 "DET" "" "PHI" "L" -20 0 25 0.495 0.5 11.5 4.5 8.3 14.3 5.3 0 4.3 36.4 102 114 15.4 4
"18" "18" 1985-12-05 29.26 "DET" "" "NJN" "W" 2 0 18 0.539 0.5 5.1 0 2.9 7.3 0 0 8.9 24 110 117 5.4 -6.3
"19" "19" 1985-12-07 29.27 "DET" "" "SAC" "L" -10 0 12 0.429 0.429 0 16.3 7.5 24.2 3.6 0 12.5 24.4 87 106 3.9 -0.8
"20" "20" 1985-12-10 29.27 "DET" "@" "CLE" "W" 10 0 20 0.625 0.625 12 9.8 10.8 16.6 2.3 0 0 30.8 141 114 16.4 10.5
"21" "21" 1985-12-11 29.28 "DET" "" "WSB" "L" -8 0 25 0.605 0.571 8.2 4.1 6.1 6.9 2 0 0 23.3 146 116 13.6 8.9
"22" "22" 1985-12-13 29.28 "DET" "" "SAS" "L" -6 0 24 0.342 0.286 7.5 9.1 8.2 35.9 3.7 2.3 0 13.2 114 104 9.9 9
"23" "23" 1985-12-15 29.29 "DET" "@" "LAL" "L" -13 0 21 0.447 0.467 14.6 0 7.7 0 2 2.6 5.6 31 96 118 8.1 -3
"24" "24" 1985-12-17 29.29 "DET" "@" "SAC" "L" -11 0 23 0.627 0.5 8.9 15.7 12 12.9 0 0 11.1 28.5 130 124 14.5 4
"25" "25" 1985-12-19 29.3 "DET" "@" "SEA" "W" 2 0 29 0.592 0.563 12.1 7.5 9.7 13.2 1.8 1.8 0 26.1 132 107 17.8 11.7
"26" "26" 1985-12-21 29.3 "DET" "@" "NYK" "L" -2 0 17 0.21 0.182 5.8 16.1 10.1 8 0 0 0 27.3 67 118 -0.3 -16.1
"27" "27" 1985-12-26 29.32 "DET" "@" "NJN" "L" -8 1 37 0.5 0.5 2.4 6.5 4.1 19.8 1.2 0 0 22.5 120 116 15.5 1.4
"28" "28" 1985-12-27 29.32 "DET" "" "CLE" "L" -14 1 24 0.272 0.25 4 9.5 6.5 16.7 1.9 0 0 20.9 75 115 1.4 -10.9
"29" "29" 1985-12-30 29.33 "DET" "@" "MIL" "L" -11 0 17 0.506 0.444 26.9 7.2 17.4 10.2 0 0 9.2 24.4 115 119 7.3 0.6
"30" "30" 1986-01-02 29.34 "DET" "@" "CHI" "L" -9 0 17 0.484 0.25 6.6 0 3.7 18.3 2.6 0 0 15 126 125 5.8 -2.9
"31" "31" 1986-01-03 29.34 "DET" "@" "ATL" "L" -10 0 23 0.474 0.462 3.9 7.5 5.7 8.5 0 0 21.3 32.1 79 112 3.7 -8.6
"32" "32" 1986-01-07 29.35 "DET" "" "BOS" "W" 4 0 26 0.286 0.286 7.7 4.4 6.2 18.8 5.7 0 12.5 12.2 92 105 5.6 2.1
"33" "33" 1986-01-09 29.36 "DET" "" "ATL" "L" -11 0 27 0.417 0.364 7.9 3.6 5.7 29.7 1.8 0 13.2 23.5 100 116 7.1 -1.9
"34" "34" 1986-01-11 29.36 "DET" "" "PHI" "L" -1 0 31 0.45 0.438 10.6 9.1 9.9 47.8 3.2 0 10.1 26.8 108 105 14.6 7.4
"35" "35" 1986-01-15 29.37 "DET" "" "CHI" "W" 8 0 22 0.486 0.467 5.5 5 5.2 22.5 2 0 0 27.8 114 108 11.7 1.4
"36" "36" 1986-01-17 29.38 "DET" "" "DEN" "W" 16 0 25 0.487 0.471 0 0 0 5.5 1.7 0 10.3 27.4 99 105 7.6 -3.1
"37" "37" 1986-01-19 29.38 "DET" "" "LAL" "W" 3 0 25 0.5 0.5 4.3 0 2.4 14.6 5.8 0 0 22.9 118 110 12 4.9
"38" "38" 1986-01-20 29.39 "DET" "@" "IND" "L" -6 0 26 0.637 0.579 8 4.4 6.3 48.8 5.2 2.1 0 35.2 135 95 26.5 22.8
"39" "39" 1986-01-22 29.39 "DET" "@" "CLE" "W" 3 0 26 0.524 0.462 0 5.8 2.8 16.8 0 0 0 24 118 115 9.9 -0.2
"40" "40" 1986-01-24 29.4 "DET" "@" "DAL" "W" 9 0 23 0.538 0.538 5.1 5 5 16.3 2 2.5 7.1 23.4 118 113 11.1 3.3
"41" "41" 1986-01-25 29.4 "DET" "@" "HOU" "L" -5 0 17 0.556 0.556 0 12 6.1 9.4 2.7 0 10 22.4 104 108 5.4 -1.8
"42" "42" 1986-01-27 29.41 "DET" "@" "SAS" "W" 1 0 29 0.595 0.533 18.4 9.5 14 30.3 0 0 5.4 25.8 138 116 19.5 8.2
"43" "43" 1986-01-29 29.41 "DET" "" "ATL" "W" 13 0 27 0.578 0.526 8.1 0 4 13.1 1.8 0 4.6 32.1 124 102 17.1 7.7
"44" "44" 1986-01-31 29.42 "DET" "@" "ATL" "L" -13 0 25 0.36 0.308 0 4.4 2 16.3 1.9 0 17.8 25.8 80 119 1.3 -10.8
"45" "45" 1986-02-01 29.42 "DET" "" "WSB" "W" 15 0 22 0.595 0.5 13.9 4.5 9.2 16.7 4.4 2.7 14.5 25.1 124 100 13.4 10.1
"46" "46" 1986-02-04 29.43 "DET" "@" "CHI" "W" 2 0 18 0.788 0.75 0 6.2 3 16.2 0 0 18.4 23.6 124 114 9.7 2.9
"47" "47" 1986-02-06 29.43 "DET" "@" "WSB" "W" 2 0 25 0.412 0.357 11 4.2 7.9 33.8 2 0 0 25.2 111 104 10.5 5.6
"48" "48" 1986-02-11 29.45 "DET" "@" "NJN" "L" -8 0 29 0.286 0.286 9.5 0 5.3 28 1.6 0 0 18.7 96 130 5.8 -5.7
"49" "49" 1986-02-12 29.45 "DET" "" "NYK" "W" 14 0 27 0.547 0.545 4 3.5 3.7 34.4 1.7 4 7.8 18.5 126 97 15.3 9.2
"50" "50" 1986-02-14 29.45 "DET" "" "DAL" "W" 9 0 26 0.688 0.688 0 3.9 2.3 10.6 0 0 5.9 28.2 126 118 15.9 2.3
"51" "51" 1986-02-15 29.46 "DET" "" "PHI" "W" 1 0 27 0.662 0.667 3.8 5.3 4.4 5.9 3.4 0 5 28.3 125 114 18.7 7.5
"52" "52" 1986-02-17 29.46 "DET" "" "UTA" "W" 21 0 23 0.481 0.3 3.5 5.4 4.2 9.5 0 2.7 0 22.2 128 102 9.5 -0.5
"53" "53" 1986-02-19 29.47 "DET" "" "SEA" "W" 5 0 29 0.638 0.583 0 3.4 1.7 14.4 0 1.8 7 19.5 131 114 13.1 4.5
"54" "54" 1986-02-20 29.47 "DET" "@" "CLE" "W" 2 0 21 0.402 0.417 0 0 0 8.3 2.3 0 13.9 28.4 69 108 2.1 -10.8
"55" "55" 1986-02-22 29.48 "DET" "" "POR" "W" 7 0 29 0.688 0.688 8.1 0 3.4 0 1.6 3.3 0 22.6 137 103 18.6 10.6
"56" "56" 1986-02-24 29.48 "DET" "" "CHI" "W" 10 0 26 0.111 0.111 4.7 3.8 4.2 9.9 2 0 10 17 44 112 -1.9 -14.9
"57" "57" 1986-02-26 29.49 "DET" "" "LAC" "W" 7 0 24 0.542 0.462 4.3 0 2.2 32.3 0 0 0 25.6 133 118 13.1 3.4
"58" "58" 1986-02-28 29.49 "DET" "" "ATL" "W" 12 0 23 0.5 0.5 4.4 0 2.5 17.1 0 0 33.3 20.6 78 114 1.6 -9.8
"59" "59" 1986-03-02 29.5 "DET" "@" "BOS" "L" -20 0 21 0.506 0.5 5.9 0 2.9 6.3 2.2 0 21.6 28.6 82 127 4.2 -7.9
"60" "60" 1986-03-04 29.5 "DET" "" "NJN" "W" 17 0 29 0.523 0.467 9.2 10.3 9.9 9.1 1.5 0 14.9 26.4 103 97 11.5 -2.5
"61" "61" 1986-03-07 29.51 "DET" "@" "NJN" "W" 2 0 23 0.388 0.333 8 5.1 6.7 6.6 2.1 0 0 18 101 106 4.7 -3.4
"62" "62" 1986-03-10 29.52 "DET" "" "PHO" "L" -11 1 33 0.467 0.375 6.9 13.6 9.8 23.4 0 0 0 22.6 122 127 13.5 -0.6
"63" "63" 1986-03-12 29.53 "DET" "" "IND" "W" 10 0 22 0.53 0.5 4.4 3.9 4.1 31.1 4.2 0 8.1 22 115 98 11.3 8
"64" "64" 1986-03-14 29.53 "DET" "" "NYK" "W" 23 0 25 0.53 0.6 5.2 7.4 6.5 10.5 2 0 20.9 24.5 88 95 6.1 -5.2
"65" "65" 1986-03-16 29.54 "DET" "@" "POR" "L" -10 0 26 0.508 0.462 9.5 4.2 7.2 11.2 5.4 0 0 21 124 110 12.3 7.1
"66" "66" 1986-03-17 29.54 "DET" "@" "UTA" "L" -1 0 13 0.333 0.333 0 0 0 0 3.5 0 0 17.8 75 101 1.2 -4.6
"67" "67" 1986-03-19 29.55 "DET" "@" "DEN" "L" -16 0 31 0.41 0.4 11.5 15.5 13.2 26.7 2.9 0 14.1 17 97 104 10.4 3
"68" "68" 1986-03-21 29.55 "DET" "@" "PHO" "L" -2 0 22 0.143 0.143 8.6 5.9 7.4 16 0 5.9 0 12.1 71 103 1.1 -4.7
"69" "69" 1986-03-22 29.55 "DET" "@" "LAC" "W" 20 0 30 0.63 0.6 0 9.4 5.5 19.7 3.1 0 20.1 27.1 105 95 14.3 1.8
"70" "70" 1986-03-25 29.56 "DET" "@" "GSW" "L" -4 0 30 0.496 0.455 6.4 13.6 9.9 12.6 3 0 7.6 33.8 103 113 15.3 0
"71" "71" 1986-03-28 29.57 "DET" "" "HOU" "W" 9 0 31 0.472 0.417 7.7 14.4 11.2 16.2 1.4 0 12.7 19.8 102 98 9.8 0.7
"72" "72" 1986-03-29 29.57 "DET" "@" "MIL" "L" -9 1 36 0.563 0.5 7.2 3.8 5.6 32.1 1.3 0 5.3 22.1 131 132 19.2 3.8
"73" "73" 1986-04-01 29.58 "DET" "" "IND" "W" 8 1 37 0.207 0.188 5.2 6.3 5.7 24.6 0 0 0 17.9 79 115 3.4 -9.1
"74" "74" 1986-04-02 29.58 "DET" "@" "BOS" "L" -16 1 38 0.521 0.471 5.3 10.8 8 24 0 0 9.4 22.4 110 121 15.6 -0.5
"75" "75" 1986-04-04 29.59 "DET" "" "MIL" "L" -7 0 26 0.508 0.429 0 0 0 23.4 1.8 0 11.3 14 113 117 6.6 -1.1
"76" "76" 1986-04-05 29.59 "DET" "@" "IND" "W" 9 0 26 0.649 0.583 12.6 3.8 7.9 19 0 0 6.4 24.6 134 109 15.3 5
"77" "77" 1986-04-07 29.6 "DET" "" "CLE" "W" 24 0 20 0.598 0.6 5.3 11.7 8.4 35 2.3 0 5.9 33.4 122 98 14.2 6.7
"78" "78" 1986-04-08 29.6 "DET" "@" "PHI" "L" -4 0 30 0.566 0.526 13.3 7.8 10.8 10 1.6 7.4 9 28.5 118 109 19.9 12.4
"79" "79" 1986-04-11 29.61 "DET" "@" "NYK" "W" 13 0 27 0.276 0.2 7.4 7 7.2 37 0 0 21.6 20.4 78 100 3.2 -7.6
"1" "1" 1986-10-31 30.16 "DET" "" "MIL" "L" -16 0 29 0.625 0.538 6.2 4.2 5.4 23.2 0 0 0 20 147 126 16.1 8.3
"2" "2" 1986-11-01 30.17 "DET" "@" "IND" "L" -3 0 31 0.378 0.333 3.4 6.6 5 17 4.7 0 11.2 25 79 90 6.3 0
"3" "3" 1986-11-05 30.18 "DET" "" "WSB" "W" 24 0 25 0.666 0.647 4.2 8.2 6.2 42 5.9 0 17.6 35.8 119 83 20.5 18
"4" "4" 1986-11-07 30.18 "DET" "" "CHI" "W" 6 0 22 0.591 0.563 0 0 0 16.3 0 0 0 31.7 129 118 12.5 3.9
"5" "5" 1986-11-08 30.19 "DET" "@" "MIL" "L" -14 0 32 0.464 0.464 0 0 0 11.5 1.6 0 6.7 20.3 97 115 5.8 -1.7
"6" "6" 1986-11-12 30.2 "DET" "" "PHO" "W" 8 0 31 0.447 0.412 6.1 12.6 8.8 21.2 1.5 0 14.4 24.5 99 100 8.8 -1.2
"7" "7" 1986-11-14 30.2 "DET" "" "ATL" "L" -5 0 27 0.465 0.45 6.7 3.9 5.4 9.4 5.7 0 0 30.4 116 108 13.2 11
"8" "8" 1986-11-15 30.21 "DET" "" "BOS" "L" -7 0 18 0.25 0.25 0 6.7 3 25.2 5.4 0 20 11 76 115 2.9 -1.5
"9" "9" 1986-11-19 30.22 "DET" "@" "WSB" "L" -14 0 32 0.429 0.409 6.1 4.3 5.4 25.5 2.8 0 11.4 30.7 93 114 9.7 -1.5
"10" "10" 1986-11-21 30.22 "DET" "@" "PHI" "W" 10 0 28 0.651 0.588 13.2 6 8.9 16.1 0 0 13.5 32.7 122 113 18.9 3.5
"11" "11" 1986-11-22 30.22 "DET" "" "CLE" "W" 9 0 30 0.571 0.524 14.2 7.6 10.4 7.1 0 0 11.6 35.7 118 94 16.7 7.9
"12" "12" 1986-11-28 30.24 "DET" "" "MIL" "W" 21 0 26 0.488 0.5 13.2 2.9 7 29.2 5.2 2.1 23.1 27.2 95 90 12.5 6.4
"13" "13" 1986-12-03 30.25 "DET" "@" "NJN" "W" 1 0 35 0.559 0.529 3.4 10.8 7 23.9 2.7 0 0 22.3 123 98 17.7 7.5
"14" "14" 1986-12-04 30.26 "DET" "@" "CLE" "L" -8 0 27 0.417 0.417 3.7 3.6 3.7 17.7 0 0 20 22.4 79 114 2.5 -8.6
"15" "15" 1986-12-06 30.26 "DET" "" "DEN" "W" 15 0 30 0.563 0.563 5 12.9 10.2 17 2.9 1.6 5.9 22.3 124 100 16.7 6.3
"16" "16" 1986-12-10 30.27 "DET" "" "SAC" "W" 7 0 26 0.588 0.588 3.8 8.2 5.9 7.8 5.7 0 5.6 28 112 97 14.9 10.5
"17" "17" 1986-12-12 30.28 "DET" "" "WSB" "L" -1 0 29 0.47 0.429 7.7 13.1 10.2 18.9 0 0 6.3 21.2 117 116 9.9 -2.6
"18" "18" 1986-12-13 30.28 "DET" "" "LAL" "W" 5 0 26 0.722 0.75 8.8 13.2 11.3 29.9 0 0 22.4 34.1 112 111 17.7 5.3
"19" "19" 1986-12-16 30.29 "DET" "@" "ATL" "W" 11 0 11 0.571 0.571 17.8 0 8.5 81 0 0 0 26.2 142 115 8.9 17.6
"20" "20" 1986-12-20 30.3 "DET" "@" "PHI" "W" 10 0 27 0.556 0.5 3.6 3.4 3.5 12.5 0 0 5.8 26.8 118 100 12 4.1
"21" "21" 1986-12-23 30.31 "DET" "@" "IND" "L" -13 0 23 0.5 0.5 4.7 18.6 11.7 31.6 0 0 12.5 28.7 103 115 9.3 0.7
"22" "22" 1986-12-30 30.33 "DET" "@" "MIL" "W" 4 0 29 0.512 0.417 0 4.1 1.9 15.7 3.4 0 6.4 22.7 113 100 10.8 3.5
"23" "23" 1987-01-02 30.34 "DET" "" "NJN" "W" 1 0 32 0.583 0.556 3.3 0 1.7 35.5 2.8 0 0 23.2 141 123 21.2 6.8
"24" "24" 1987-01-03 30.34 "DET" "@" "CHI" "L" -5 0 21 0.3 0.3 0 21.8 11.6 15.5 2.2 2.6 23.1 27 56 116 1.8 -11.3
"25" "25" 1987-01-07 30.35 "DET" "" "NYK" "W" 11 0 30 0.429 0.4 20.4 10.7 15 15.8 1.5 0 10.9 23.6 107 109 12.3 -0.4
"26" "26" 1987-01-09 30.36 "DET" "" "LAC" "W" 8 0 27 0.556 0.5 5.1 4.3 4.7 21.4 1.7 2 5.8 26.5 121 121 15.4 -0.5
"27" "27" 1987-01-10 30.36 "DET" "" "BOS" "W" 17 0 29 0.385 0.385 8.1 2.9 5.1 46.5 1.7 0 13.3 19.7 119 108 11.2 2.4
"28" "28" 1987-01-13 30.37 "DET" "@" "CLE" "W" 2 0 27 0.326 0.313 12.5 8.1 10.6 11.4 1.7 0 10.6 25.4 79 101 4 -5.1
"29" "29" 1987-01-14 30.37 "DET" "" "CLE" "W" 17 0 23 0.465 0.333 0 4 2.3 22.7 3.9 0 15.7 22.7 93 83 6.8 1.3
"30" "30" 1987-01-16 30.38 "DET" "" "HOU" "L" -6 0 31 0.52 0.5 0 7.6 3.8 18.9 0 0 0 24.3 111 116 11.5 0.3
"31" "31" 1987-01-17 30.38 "DET" "@" "NJN" "W" 10 0 27 0.495 0.5 22.9 0 9.6 23.9 3.5 0 14.2 31.9 106 110 12.6 1.7
"32" "32" 1987-01-19 30.38 "DET" "" "ATL" "W" 10 0 29 0.588 0.588 9.2 3.2 5.6 29.5 1.7 3.8 10.5 28.3 118 103 16.6 10
"33" "33" 1987-01-21 30.39 "DET" "@" "UTA" "L" -4 0 28 0.547 0.471 15.2 0 7.2 18.2 0 0 13.5 30.5 111 110 13.8 2.2
"34" "34" 1987-01-23 30.39 "DET" "@" "LAC" "W" 3 0 25 0.389 0.389 0 6.3 3.6 21.7 1.9 0 18.2 32.5 78 97 1.9 -9.8
"35" "35" 1987-01-24 30.4 "DET" "@" "SAC" "L" -25 0 16 0.3 0.3 6.8 13.6 10.2 16.2 2.9 0 0 24 90 130 3.1 -7.5
"36" "36" 1987-01-26 30.4 "DET" "@" "PHO" "L" -2 0 29 0.288 0.231 10.3 14.3 12.3 13.2 1.7 0 6.7 20.5 84 110 4.3 -5.4
"37" "37" 1987-01-27 30.41 "DET" "@" "SAS" "L" -11 0 27 0.831 0.8 0 5.4 2.5 25.6 0 0 19.2 22.6 136 114 14.9 5.5
"38" "38" 1987-01-29 30.41 "DET" "" "WSB" "W" 11 0 29 0.453 0.467 0 2.8 1.7 38.5 1.6 0 11.5 24.5 94 103 10 -0.7
"39" "39" 1987-01-31 30.42 "DET" "@" "NYK" "W" 1 0 31 0.635 0.571 16 0 6.3 37.9 4.9 3.4 6 23.9 148 116 23 15.9
"40" "40" 1987-02-01 30.42 "DET" "" "CHI" "W" 2 0 27 0.545 0.545 8.7 10.1 9.5 21.9 0 1.9 8.3 19.7 114 99 8.8 2.2
"41" "41" 1987-02-05 30.43 "DET" "" "IND" "L" -5 0 26 0.311 0.25 3.4 4.3 3.8 5.9 0 0 7.2 21.7 73 107 1.1 -9
"42" "42" 1987-02-11 30.45 "DET" "@" "PHI" "W" 10 0 39 0.547 0.5 6.2 5.4 5.8 41.5 4.8 1.4 7.8 25.9 131 98 26.2 12.2
"43" "43" 1987-02-12 30.45 "DET" "@" "CLE" "W" 4 0 22 0.685 0.643 5.6 4.2 4.8 24.8 2.1 0 16.4 34.4 115 106 15.5 6.7
"44" "44" 1987-02-14 30.45 "DET" "" "PHI" "W" 18 0 27 0.551 0.5 14 4.4 9.1 21.4 5.2 0 8.4 35.2 125 100 19.8 8.3
"45" "45" 1987-02-17 30.46 "DET" "@" "ATL" "L" -4 0 32 0.411 0.381 3.3 6 4.7 18.8 3 1.7 0 28.1 99 107 12.6 4.4
"46" "46" 1987-02-19 30.47 "DET" "" "SEA" "W" 12 0 25 0.462 0.462 0 4.9 2.3 15 0 0 0 22.1 101 111 7.3 -2.3
"47" "47" 1987-02-21 30.47 "DET" "" "ATL" "W" 5 0 29 0.357 0.222 9.2 3.7 6.1 29.5 0 2.3 8.2 20 100 112 7.7 0
"48" "48" 1987-02-22 30.48 "DET" "" "NYK" "W" 12 0 23 0.454 0.385 16.5 20.4 18.5 11.7 2 0 17.3 27.8 102 105 7.4 -3.7
"49" "49" 1987-02-24 30.48 "DET" "@" "NJN" "W" 8 0 28 0.391 0.353 9.8 7.3 8.4 0 1.7 0 5.3 29.3 87 113 5.3 -12.3
"50" "50" 1987-02-25 30.48 "DET" "" "CLE" "W" 1 0 21 0.685 0.571 7.9 0 3.9 38.3 2.3 0 25.5 24.2 121 107 10.1 4.9
"51" "51" 1987-02-27 30.49 "DET" "" "POR" "L" -12 0 25 0.419 0.375 2.8 12.3 6.7 0 1.8 0 11.4 23.9 87 113 4.8 -3.1
"52" "52" 1987-03-01 30.5 "DET" "@" "BOS" "L" -10 0 27 0.507 0.467 0 14 6.3 19.4 0 0 10.7 30 98 119 8.7 -2
"53" "53" 1987-03-04 30.5 "DET" "" "CHI" "L" -5 0 17 0.218 0.167 6.4 0 3.2 12.5 0 0 12.7 19.3 64 120 -0.1 -12.1
"54" "54" 1987-03-06 30.51 "DET" "" "DAL" "W" 10 0 34 0.627 0.619 8.3 5 6.6 16.5 0 0 4.3 25.1 136 117 20.7 7.7
"55" "55" 1987-03-08 30.52 "DET" "" "BOS" "W" 3 0 33 0.424 0.389 2.7 14.3 7.7 20.7 3 0 0 23.3 109 110 12.4 1.2
"56" "56" 1987-03-10 30.52 "DET" "@" "NYK" "W" 23 0 29 0.622 0.625 0 3 2 31.6 0 0 19.2 31 109 99 13.5 1.1
"57" "57" 1987-03-11 30.52 "DET" "@" "IND" "W" 9 0 26 0.615 0.615 8.6 7.7 8.1 18.9 3.7 0 13.3 23.4 117 94 13.8 10.4
"58" "58" 1987-03-13 30.53 "DET" "@" "CHI" "W" 1 0 27 0.475 0.4 12.7 4.2 8.5 27 3.7 2.2 7.3 22.5 112 100 11.8 6.7
"59" "59" 1987-03-14 30.53 "DET" "" "PHI" "W" 3 0 27 0.313 0.313 4.4 11.6 8.3 15.5 1.9 0 27.3 18.3 65 101 1.9 -4.9
"60" "60" 1987-03-16 30.54 "DET" "" "IND" "W" 20 0 31 0.602 0.632 12.6 11.3 12 21.8 3.2 0 8.8 29.8 124 96 21.4 11.1
"61" "61" 1987-03-18 30.54 "DET" "" "NJN" "L" -1 0 23 0.273 0.273 0 5.6 2.4 38.2 6.4 0 26.7 26.2 61 110 3 -6
"62" "62" 1987-03-21 30.55 "DET" "@" "DAL" "L" -4 0 22 0.444 0.429 5.5 4.3 4.8 6.1 2.2 0 0 28.4 112 126 7.3 -1.8
"63" "63" 1987-03-23 30.56 "DET" "@" "HOU" "W" 4 0 25 0.474 0.438 4 9.8 6.6 6.3 2 4.4 5.6 29 108 110 9.8 2.2
"64" "64" 1987-03-25 30.56 "DET" "@" "GSW" "L" -12 0 22 0.383 0.3 0 9.5 4.5 11.7 4.2 0 7.8 22.3 88 118 5 -5.2
"65" "65" 1987-03-26 30.56 "DET" "@" "LAL" "L" -17 0 27 0.441 0.441 16.2 0 9.4 21.8 5.1 0 5.6 24.6 112 121 13.8 8.5
"66" "66" 1987-03-28 30.57 "DET" "@" "DEN" "W" 12 1 42 0.6 0.6 2.5 6.5 4.7 21.5 1.1 1.3 10.7 27 115 110 22.2 3.9
"67" "67" 1987-03-29 30.57 "DET" "@" "SEA" "W" 1 1 40 0.337 0.273 6.9 3.1 4.9 22.5 0 0 0 12.4 110 115 6.9 -0.9
"68" "68" 1987-03-31 30.58 "DET" "@" "POR" "L" -2 1 36 0.416 0.36 14.8 3.5 9 25.8 2.6 0 9.8 35.5 97 114 13.4 -1.9
"69" "69" 1987-04-02 30.58 "DET" "" "IND" "W" 46 1 32 0.671 0.625 10.2 7.4 8.6 22.2 0 0 5.1 25.3 146 83 21.4 9
"70" "70" 1987-04-03 30.59 "DET" "@" "BOS" "L" -4 1 45 0.381 0.333 6.2 6.7 6.5 22.4 2.4 0 0 24.1 106 119 13.8 0
"71" "71" 1987-04-05 30.59 "DET" "" "MIL" "W" 18 1 31 0.431 0.364 7.4 3.4 5.3 27.9 0 0 13.6 18.8 108 111 7.5 -2.6
"72" "72" 1987-04-07 30.6 "DET" "@" "CHI" "L" -30 1 24 0.467 0.467 4.4 0 2.4 0 2.1 0 11.8 30 83 122 5.2 -5.4
"73" "73" 1987-04-10 30.61 "DET" "@" "ATL" "L" -2 0 25 0.576 0.538 0 0 0 27.9 0 0 0 27.2 121 113 11.9 4.4
"74" "74" 1987-04-12 30.61 "DET" "@" "WSB" "L" -5 0 34 0.507 0.467 7.6 11.8 9.2 14.1 3 0 10.7 21 113 107 13.2 4.4
"75" "75" 1987-04-13 30.61 "DET" "@" "NYK" "W" 20 0 26 0.469 0.45 0 16.4 8.3 0 3.7 0 4.5 35.1 96 97 11 -2.9
"76" "76" 1987-04-15 30.62 "DET" "" "NYK" "W" 4 0 33 0.441 0.4 0 6.1 3.6 25.9 0 0 11.2 23.6 109 122 8.2 -6.8
"77" "77" 1987-04-17 30.62 "DET" "" "NJN" "W" 13 0 27 0.407 0.389 0 4.1 2.1 30.9 5.1 0 9.8 30.4 93 110 9.5 -5
"78" "78" 1987-04-18 30.63 "DET" "@" "MIL" "L" -14 1 22 0.25 0.25 5.3 0 2.7 19.1 0 0 15.8 34.8 59 126 -3.4 -21.4
"1" "1" 1987-11-06 31.18 "DET" "" "NYK" "W" 11 0 22 0.527 0.429 0 14.5 7.8 57.7 0 0 5.5 32.7 119 94 12.4 3.4
"2" "2" 1987-11-07 31.18 "DET" "@" "MIL" "L" -14 0 22 0.47 0.429 14.5 8.7 11.5 10.4 0 0 11.8 31 93 117 7.2 -2.5
"3" "3" 1987-11-10 31.19 "DET" "@" "IND" "L" -3 0 26 0.419 0.385 3.8 4.2 4 20.6 1.9 2 6.5 23.5 104 126 8.6 -0.2
"4" "4" 1987-11-13 31.2 "DET" "@" "PHI" "W" 19 0 29 0.694 0.684 11.8 8.7 10 20.3 3.4 1.9 4.9 28.5 145 94 24.1 17.3
"5" "5" 1987-11-14 31.2 "DET" "@" "CLE" "W" 15 0 21 0.508 0.429 0 18.5 11.1 25.2 0 2.6 11.3 36.1 106 108 11 -2.8
"6" "6" 1987-11-18 31.21 "DET" "" "PHI" "L" -4 0 28 0.518 0.5 3.2 7.6 5.2 18.7 1.7 0 9.4 29.6 106 114 11.8 2.7
"7" "7" 1987-11-20 31.22 "DET" "" "GSW" "W" 23 0 25 0.578 0.563 4.6 15.2 9.6 22.1 1.8 0 5.7 27.4 124 103 15.8 5.2
"8" "8" 1987-11-21 31.22 "DET" "@" "CHI" "W" 12 0 18 0.311 0.286 0 14 7.7 26.7 0 0 23.7 28.1 65 113 -0.1 -12.9
"9" "9" 1987-11-24 31.23 "DET" "@" "HOU" "W" 14 0 29 0.533 0.45 4.1 12 8.7 30 3.5 2.4 7.6 39.5 115 85 19.4 13
"10" "10" 1987-11-25 31.23 "DET" "@" "DAL" "L" -6 0 23 0.421 0.421 3.9 5 4.4 14.7 2 0 5 32.4 92 113 7.5 -1.4
"11" "11" 1987-11-27 31.24 "DET" "" "SAS" "W" 32 0 26 0.604 0.545 3.8 18.5 11.3 31.6 0 0 17.6 23.8 122 108 14.6 2.6
"12" "12" 1987-11-28 31.24 "DET" "@" "WSB" "L" -22 0 25 0.384 0.308 8.2 0 4.6 20.3 0 0 0 24.3 101 129 5.6 -5.2
"13" "13" 1987-12-01 31.25 "DET" "@" "NJN" "W" 9 0 28 0.465 0.45 7.7 3.9 5.8 15.4 5.1 0 0 30.3 107 103 14.2 2.7
"14" "14" 1987-12-02 31.25 "DET" "" "MIL" "W" 10 0 21 0.466 0.5 40.3 15.9 26.7 15.6 0 0 13.4 31.3 107 119 8.9 -1.7
"15" "15" 1987-12-04 31.26 "DET" "" "BOS" "W" 23 0 28 0.495 0.438 3.5 10.7 7.1 9 1.6 4 5.2 25.7 113 100 12.4 3
"16" "16" 1987-12-08 31.27 "DET" "" "POR" "W" 10 0 25 0.492 0.4 3.8 4.2 4 31 0 0 0 18.7 130 112 11.3 3.6
"17" "17" 1987-12-11 31.28 "DET" "" "WSB" "W" 6 0 19 0.315 0 0 5.9 3 16.8 0 0 0 10.7 103 120 2.1 -6.2
"18" "18" 1987-12-12 31.28 "DET" "" "NYK" "W" 28 0 31 0.437 0.455 4.1 0 2.1 12.1 3.2 0 20.8 18.5 91 101 4.5 -5.6
"19" "19" 1987-12-15 31.29 "DET" "" "CHI" "W" 4 0 23 0.333 0.333 4.9 4.6 4.8 37 0 0 25 14.6 88 120 3 -3.3
"20" "20" 1987-12-18 31.3 "DET" "" "DAL" "W" 5 0 26 0.507 0.5 0 8 3.8 57 0 0 10.1 15.5 131 122 11.1 6.6
"21" "21" 1987-12-25 31.32 "DET" "@" "NYK" "W" 4 0 33 0.4 0.429 3.1 14.2 8.3 30.3 1.5 0 25.5 14.5 83 91 6.1 0.1
"22" "22" 1987-12-26 31.32 "DET" "" "NJN" "W" 35 1 29 0.225 0.125 3.4 9 6.4 42.1 6.5 0 25.3 15.4 82 68 7.6 5.9
"23" "23" 1987-12-29 31.33 "DET" "" "HOU" "L" -10 0 16 0.23 0.2 5.5 5.8 5.6 0 0 0 0 29.1 60 115 -1 -13.3
"24" "24" 1987-12-30 31.33 "DET" "@" "IND" "W" 10 0 27 0.3 0.3 0 3.6 1.9 4.6 0 0 16.7 17.8 64 102 -1.2 -11.2
"25" "25" 1988-01-02 31.34 "DET" "" "DEN" "L" -9 0 30 0.632 0.632 12.3 4.2 8.3 12.4 0 0 9.5 26.2 125 138 16.8 -1.4
"26" "26" 1988-01-05 31.35 "DET" "@" "ATL" "L" -10 0 25 0.415 0.438 3.4 3.8 3.6 10.9 2.1 4.7 19.2 36.3 72 89 4.5 4
"27" "27" 1988-01-06 31.35 "DET" "" "ATL" "W" 3 0 20 0.312 0.286 4.7 0 2.5 11.2 0 0 12.2 33.3 73 101 -0.2 -9.3
"28" "28" 1988-01-08 31.35 "DET" "" "LAL" "L" -2 0 27 0.638 0.607 8.7 20.7 14.8 19.9 0 0 25.2 31.7 103 114 12 1.4
"29" "29" 1988-01-13 31.37 "DET" "@" "BOS" "L" -38 0 36 0.411 0.429 8.9 6.3 7.7 36.8 2.4 0 12.1 26.3 91 130 12.2 -0.2
"30" "30" 1988-01-15 31.37 "DET" "" "CLE" "W" 4 0 23 0.3 0.3 5.1 4.5 4.8 0 2.1 2.3 16.7 22.3 59 98 0.5 -7.8
"31" "31" 1988-01-16 31.38 "DET" "@" "CHI" "L" -16 0 31 0.527 0.5 0 3.7 1.8 18.9 0 0 0 28.9 114 124 13.2 2.1
"32" "32" 1988-01-18 31.38 "DET" "@" "DEN" "W" 7 0 22 0.625 0.6 5.5 8.7 7.3 12.5 3.8 0 17.2 29.1 111 100 13.5 6.8
"33" "33" 1988-01-20 31.39 "DET" "@" "UTA" "W" 3 0 28 0.625 0.615 0 10.5 5.4 32.6 0 0 0 21.8 139 119 16.3 6.6
"34" "34" 1988-01-22 31.39 "DET" "@" "SEA" "L" -3 0 23 0.337 0.273 4.1 5 4.5 25.6 0 0 20.2 26.4 76 114 2.2 -8.7
"35" "35" 1988-01-24 31.4 "DET" "@" "POR" "L" -8 0 30 0.63 0.6 12.3 6.7 9.2 15.7 1.6 0 15.9 25.3 119 117 15.1 5.4
"36" "36" 1988-01-27 31.41 "DET" "" "IND" "W" 17 0 31 0.54 0.538 7.6 3 5 30.8 1.5 1.8 17.8 22.6 104 86 12.5 5
"37" "37" 1988-01-29 31.41 "DET" "" "BOS" "W" 17 0 24 0.663 0.692 0 5.1 2.6 24.2 4 0 6.5 27.3 130 106 14.8 7.2
"38" "38" 1988-01-30 31.41 "DET" "@" "NJN" "L" -12 0 17 0.2 0.2 0 0 0 7.8 0 3.3 44.4 21 29 120 -3.7 -17.5
"39" "39" 1988-02-01 31.42 "DET" "@" "CLE" "L" -11 0 19 0.4 0.4 0 0 0 0 0 0 28.6 15.9 55 107 -1.5 -11.8
"40" "40" 1988-02-02 31.42 "DET" "@" "MIL" "W" 2 0 18 0.25 0.25 0 12.7 6.6 39.6 5.4 0 20 23.9 67 94 2.5 -3.1
"41" "41" 1988-02-04 31.43 "DET" "@" "NYK" "L" -7 0 21 0 0 9.3 20.8 13.9 19.6 2.3 0 40 9.5 43 99 0.9 -2.3
"42" "42" 1988-02-09 31.44 "DET" "@" "CHI" "W" 15 0 34 0.504 0.5 0 5.8 3.1 29.1 1.6 1.8 16.8 24.5 95 86 9.9 3.1
"43" "43" 1988-02-10 31.44 "DET" "" "NYK" "W" 11 0 25 0.407 0.385 0 0 0 25.3 2.1 2.5 6.3 29.1 91 96 7.2 0.9
"44" "44" 1988-02-12 31.45 "DET" "" "ATL" "W" 16 0 29 0.604 0.556 4.7 6.2 5.6 47.7 1.6 0 21.8 19.6 117 95 14.2 8.8
"45" "45" 1988-02-13 31.45 "DET" "" "CHI" "W" 9 0 21 0.379 0.364 5.1 16.7 10.6 26.5 2.4 0 7.8 25.3 90 78 5 2.9
"46" "46" 1988-02-15 31.46 "DET" "" "PHI" "W" 7 0 24 0.2 0.2 4.5 0 2.7 5.7 0 0 9.1 19.7 57 113 -2.2 -16.1
"47" "47" 1988-02-18 31.47 "DET" "" "SEA" "W" 13 0 30 0.724 0.656 16.4 4.7 11 19.2 0 0 17.7 33.7 130 104 19.8 8.4
"48" "48" 1988-02-19 31.47 "DET" "@" "MIL" "L" -11 0 22 0.346 0.313 8.1 0 4.5 14 0 0 10.4 34.7 79 125 2.8 -11.8
"49" "49" 1988-02-21 31.47 "DET" "@" "LAL" "L" -7 0 14 0.258 0.167 0 7.1 4.2 36.5 0 0 0 24.1 83 124 1.7 -10
"50" "50" 1988-02-23 31.48 "DET" "@" "SAC" "W" 16 0 25 0.43 0.412 6.9 3.4 4.6 20.4 0 0 10.3 32.9 104 118 6.1 -11.4
"51" "51" 1988-02-24 31.48 "DET" "@" "GSW" "W" 14 0 22 0.542 0.462 4.6 16.8 11 8.1 0 0 11.9 31.7 108 100 8.7 -4.3
"52" "52" 1988-02-26 31.49 "DET" "" "NJN" "W" 28 0 26 0.436 0.333 0 5.1 2.5 31.8 3.6 2.6 16.2 19.2 108 104 9.7 1.3
"53" "53" 1988-02-28 31.49 "DET" "" "BOS" "W" 5 0 16 0 0 0 7.5 4 14.3 0 0 28.6 20 19 114 -4.2 -20.4
"54" "54" 1988-03-01 31.5 "DET" "@" "ATL" "W" 13 0 27 0.597 0.533 9.6 7.7 8.6 22.4 1.8 0 0 26.7 141 109 17.3 7.6
"55" "55" 1988-03-02 31.5 "DET" "" "LAC" "W" 13 0 24 0.333 0.333 0 12.5 7 0 0 2.4 40 26.7 39 97 -4.3 -19.4
"56" "56" 1988-03-05 31.51 "DET" "@" "WSB" "L" -4 0 24 0.629 0.5 0 4.3 2.2 7.1 0 0 12.9 27 120 112 9.4 1
"57" "57" 1988-03-06 31.51 "DET" "" "MIL" "W" 10 0 12 0 0 0 0 0 20 0 0 40 17.5 23 112 -3.5 -21.2
"58" "58" 1988-03-08 31.52 "DET" "@" "IND" "L" -13 0 22 0.505 0.545 9.7 0 5.4 0 2.2 0 20.2 28.8 86 124 4.9 -6.4
"59" "59" 1988-03-09 31.52 "DET" "" "UTA" "W" 5 0 20 0.304 0.333 0 10 5.2 6.9 4.9 0 16.8 24.9 56 96 0.2 -8.7
"60" "60" 1988-03-11 31.53 "DET" "" "PHO" "W" 28 0 32 0.489 0.462 4.2 13.2 9.7 30.9 1.5 1.6 17.3 23.4 100 88 12.3 3.2
"61" "61" 1988-03-12 31.53 "DET" "" "CLE" "W" 4 0 18 0.381 0.429 0 0 0 24.2 0 0 0 18.8 88 107 3.2 -2.7
"62" "62" 1988-03-14 31.53 "DET" "" "SAC" "W" 12 0 26 0.538 0.538 0 9.5 5.5 20.5 1.9 0 0 21 131 102 11.6 3.5
"63" "63" 1988-03-17 31.54 "DET" "@" "CLE" "W" 3 0 23 0.515 0.417 15.3 11.9 13.7 0 0 0 11.4 33.8 109 115 8.7 -2.3
"64" "64" 1988-03-20 31.55 "DET" "" "WSB" "W" 8 0 22 0.383 0.4 26.4 10.9 17.9 32.8 0 0 20.3 28.7 95 124 5.5 -7.3
"65" "65" 1988-03-22 31.56 "DET" "" "IND" "W" 19 0 10 0.347 0.25 12 22.9 17.6 0 0 0 14.8 28.3 76 108 0.7 -16.5
"66" "66" 1988-03-25 31.56 "DET" "@" "SAS" "L" -1 0 12 0 0 16.3 10.8 14 19 3.8 0 25.4 24.1 27 99 -3 -16
"67" "67" 1988-03-26 31.57 "DET" "@" "PHO" "W" 5 0 7 0.34 0.2 20.2 0 9 0 0 0 0 38.2 90 114 1.2 -15.7
"68" "68" 1988-03-28 31.57 "DET" "@" "LAC" "L" -2 0 20 0.531 0.559 10.2 11.2 10.7 24.7 0 0 10.1 39.7 100 107 10.1 4.5
"69" "69" 1988-03-30 31.58 "DET" "" "ATL" "L" -1 0 20 0.666 0.625 17.6 5.9 11.7 36.9 2.7 0 17 26.3 129 118 13.2 13.9
"70" "70" 1988-04-01 31.58 "DET" "@" "BOS" "L" -11 0 24 0.504 0.5 4.5 12.1 7.8 21.4 4.2 0 6.3 29.6 104 123 11.6 3.8
"71" "71" 1988-04-03 31.59 "DET" "" "CHI" "L" -2 0 18 0.364 0.364 0 20 9.8 8 0 0 15.4 28.5 71 117 0.7 -12.2
"72" "72" 1988-04-05 31.59 "DET" "@" "NJN" "W" 12 0 21 0.3 0.3 6.2 0 3 13.8 4.4 0 16.7 24 61 91 1.1 -7.6
"73" "73" 1988-04-08 31.6 "DET" "@" "PHI" "W" 10 0 23 0.413 0.333 10.7 8 9.2 7 0 0 13.1 29.8 89 98 4.1 -7.2
"74" "74" 1988-04-09 31.61 "DET" "@" "ATL" "W" 13 0 23 0.615 0.542 6.5 0 2.8 34.2 4.7 0 12 33.8 127 115 14.2 8.1
"75" "75" 1988-04-11 31.61 "DET" "@" "NYK" "L" -3 0 20 0.45 0.45 0 0 0 7.9 2.6 0 9.1 25.1 91 115 3.5 -2.5
"76" "76" 1988-04-13 31.62 "DET" "" "CLE" "W" 17 0 30 0.601 0.583 0 7.4 4 24.4 1.6 0 13.1 21.3 117 102 12.7 5.8
"77" "77" 1988-04-15 31.62 "DET" "" "MIL" "W" 1 0 24 0.638 0.6 0 8.7 4.9 16.7 0 2.4 14.5 26.2 122 108 9.5 5.8
"78" "78" 1988-04-16 31.62 "DET" "" "NJN" "W" 18 0 21 0.583 0.583 0 24.8 14.8 16.9 2.5 2.8 25 36.7 84 99 7.8 -6.3
"79" "79" 1988-04-19 31.63 "DET" "@" "BOS" "L" -11 0 24 0.543 0.5 0 0 0 12.9 0 0 0 23.2 126 134 8.2 -1.6
"80" "80" 1988-04-21 31.64 "DET" "@" "WSB" "W" 12 0 23 0.4 0.333 13.5 12.8 13 13.6 2.2 0 12.7 31.2 86 91 5.3 -3.5
"81" "81" 1988-04-22 31.64 "DET" "" "IND" "L" -5 0 27 0.471 0.471 6.5 11.9 8.9 22.4 0 0 5.6 28 98 111 9.5 -0.1
"82" "82" 1988-04-24 31.65 "DET" "" "PHI" "W" 10 0 25 0.592 0.563 0 4 2.2 16.6 4 0 5.6 30.6 121 121 15 1.6
"1" "1" 1988-11-04 32.18 "DET" "@" "CHI" "W" 13 0 18 0.564 0.5 14 0 7.1 28.2 2.7 0 0 24.1 134 98 10.3 10.7
"2" "2" 1988-11-05 32.18 "DET" "" "CHH" "W" 9 0 16 0.143 0.143 9.4 0 3.4 17.1 0 0 12.5 22.9 55 109 -1.4 -15.6
"3" "3" 1988-11-08 32.19 "DET" "@" "PHI" "W" 7 0 24 0.543 0.615 5.6 4.2 4.8 26.7 2.1 0 16.1 32.5 101 115 9.7 0.1
"4" "4" 1988-11-09 32.19 "DET" "" "ATL" "W" 6 0 27 0.634 0.583 5.5 4 4.6 37.4 4.5 0 6.6 28 138 108 16.7 14.3
"5" "5" 1988-11-11 32.19 "DET" "@" "BOS" "W" 9 0 17 0.41 0.375 16.1 8.3 12.3 0 5.9 0 0 27.5 95 104 6.5 -0.9
"6" "6" 1988-11-15 32.21 "DET" "@" "DAL" "W" 9 0 21 0.387 0.333 6.7 0 2.9 21.4 0 0 0 8.4 129 111 4 -1.1
"7" "7" 1988-11-16 32.21 "DET" "@" "SAS" "W" 6 0 13 0.508 0.429 0 7.7 4.6 14.2 4 0 0 27 122 94 6.3 8.7
"8" "8" 1988-11-18 32.21 "DET" "@" "PHO" "W" 16 0 19 0.307 0.25 0 7 3.6 30.8 2.5 0 23.5 28.5 69 106 1.4 -10.5
"9" "9" 1988-11-19 32.22 "DET" "@" "HOU" "L" -11 0 16 0.84 0.667 12.5 14 13.2 27.3 0 0 38.7 18.3 116 107 6.6 4.4
"10" "10" 1988-11-22 32.22 "DET" "@" "CHH" "W" 6 0 28 0.373 0.353 0 17.1 9.2 6.2 1.8 0 5.4 27.7 84 96 5.3 -4.5
"11" "11" 1988-11-23 32.23 "DET" "" "NYK" "L" -22 0 20 0.81 0.778 6.9 0 3.1 27.7 0 0 0 20.1 173 135 14.8 13.8
"12" "12" 1988-11-26 32.24 "DET" "" "LAL" "W" 3 0 20 0.563 0.563 5 9.8 7.4 37 2.5 0 11.1 20 118 105 8.6 7.4
"13" "13" 1988-11-29 32.24 "DET" "@" "IND" "L" -9 1 37 0.47 0.472 9.6 7.4 8.7 23.5 1.3 0 0 21.7 115 115 15.1 2.9
"14" "14" 1988-11-30 32.25 "DET" "" "IND" "W" 3 0 29 0.385 0.385 12.1 10.3 11.3 12.8 0 0 18.8 22.2 84 114 3.9 -8.5
"15" "15" 1988-12-02 32.25 "DET" "@" "WSB" "W" 6 0 24 0.55 0.55 7.1 9.3 8.5 6.5 1.9 2.5 16.7 21.2 97 110 6.1 -1.6
"16" "16" 1988-12-04 32.26 "DET" "@" "NJN" "W" 3 0 16 0.2 0.2 7 5.7 6.3 30.8 3.2 0 0 13.6 93 107 3.7 0.2
"17" "17" 1988-12-06 32.26 "DET" "@" "MIL" "L" -25 0 33 0.474 0.469 3 0 1.9 20 5.7 0 5.6 23.1 95 103 12.2 6.2
"18" "18" 1988-12-07 32.27 "DET" "" "CHI" "W" 13 0 17 0 0 0 12.3 6.9 28.2 0 3.4 0 10.5 54 101 0.9 -5.4
"19" "19" 1988-12-09 32.27 "DET" "@" "ATL" "W" 10 0 23 0.388 0.333 0 9.1 4.3 25.4 0 0 7.2 26.2 85 93 4.5 -0.7
"20" "20" 1988-12-10 32.27 "DET" "" "PHI" "W" 6 0 14 0.444 0.429 0 8.2 4.5 10.8 0 0 20.2 31.7 81 113 1.1 -13.7
"21" "21" 1988-12-14 32.28 "DET" "" "MIL" "L" -9 0 16 0.286 0.286 7.7 20.9 14.6 26.5 0 0 12.5 20.9 82 122 1 -8.9
"22" "22" 1988-12-15 32.29 "DET" "@" "CLE" "L" -21 0 17 0.318 0.333 13.1 6.6 9.8 18.5 2.9 0 9.6 25.2 82 123 3.2 -3.9
"23" "23" 1988-12-17 32.29 "DET" "" "CHH" "W" 9 0 26 0.486 0.467 10 22.6 17.2 24 1.8 0 20.6 30.4 91 88 9.2 0.7
"24" "24" 1988-12-20 32.3 "DET" "" "MIA" "W" 16 0 22 0.604 0.563 14.5 5 8.8 0 0 0 0 37.6 138 117 14.1 -2
"25" "25" 1988-12-22 32.31 "DET" "@" "NYK" "L" -3 0 26 0.535 0.5 7.9 4.3 6.2 9.1 3.7 0 10.1 30.3 106 89 12.2 9.4
"26" "26" 1988-12-28 32.32 "DET" "" "PHO" "W" 6 0 23 0.432 0.385 4.2 3.7 3.9 27.3 2.1 0 12.6 28.5 95 103 7.3 0.9
"27" "27" 1988-12-30 32.33 "DET" "" "HOU" "W" 12 0 13 0.359 0.25 0 0 0 12.9 0 0 0 31.3 89 93 1.3 -9.1
"28" "28" 1989-01-03 32.34 "DET" "@" "ATL" "L" -19 0 22 0.669 0.6 4.8 16.8 10.4 29.3 0 0 5.5 35.1 138 126 18 12.8
"29" "29" 1989-01-06 32.35 "DET" "" "ATL" "W" 23 0 23 0.563 0.563 13.5 12.5 12.9 14.3 4.6 0 15.8 36.7 106 92 12.7 3.6
"30" "30" 1989-01-07 32.35 "DET" "@" "IND" "L" -14 0 18 0.421 0.364 9 8.9 9 0 5.6 0 14.4 29.1 91 111 4 -3.5
"31" "31" 1989-01-11 32.36 "DET" "" "NYK" "L" -7 0 17 0.25 0.25 5.6 0 3.2 0 6.4 0 11.1 23.1 59 111 0.5 -7.4
"32" "32" 1989-01-13 32.37 "DET" "" "WSB" "W" 16 1 34 0.49 0.467 5.9 9.6 7.9 13.2 6.4 1.4 0 18.3 116 85 16.3 8.5
"33" "33" 1989-01-15 32.37 "DET" "@" "MIL" "L" -8 1 36 0.5 0.5 0 0 0 19.4 2.7 0 9.1 13.6 111 119 8.6 -0.5
"34" "34" 1989-01-16 32.38 "DET" "" "BOS" "W" 9 1 39 0.624 0.583 0 14.8 7.8 25.2 2.7 0 5.6 20.4 126 92 19.3 9.7
"35" "35" 1989-01-18 32.38 "DET" "" "NJN" "W" 13 1 40 0.601 0.583 13 8.4 10.8 21.4 0 1.7 13.1 15.5 130 101 16.9 4.1
"36" "36" 1989-01-20 32.39 "DET" "" "IND" "W" 33 1 35 0.601 0.583 7.6 2.5 4.5 9.9 1.3 0 13.1 17.4 119 101 12.4 -0.2
"37" "37" 1989-01-22 32.39 "DET" "@" "BOS" "L" -13 1 40 0.51 0.45 0 9.2 4.3 9.2 1.2 0 11.3 28.9 97 119 11.9 -3.4
"38" "38" 1989-01-25 32.4 "DET" "" "GSW" "W" 1 1 38 0.551 0.5 7.2 8.9 8 12.7 1.2 0 4.8 21.9 124 104 17.8 5.6
"39" "39" 1989-01-27 32.41 "DET" "" "CLE" "L" -1 1 46 0.472 0.455 3.9 0 2.4 4.6 1.2 0 4.1 22.5 111 96 10.7 6.1
"40" "40" 1989-01-29 32.41 "DET" "" "SAC" "W" 25 1 38 0.648 0.625 0 15 7.9 35.7 1.2 0 5.3 20.1 140 95 23.9 8.9
"41" "41" 1989-01-31 32.42 "DET" "@" "CHI" "W" 6 1 39 0.349 0.308 3 2.4 2.7 8.6 2.7 1.7 6.5 17.8 79 102 5.4 -2.5
"42" "42" 1989-02-03 32.42 "DET" "@" "PHI" "W" 18 1 41 0.545 0.5 5.9 4.1 4.8 14.1 2.4 0 0 21 133 113 19.7 4.3
"43" "43" 1989-02-05 32.43 "DET" "" "CHI" "W" 11 1 38 0.658 0.588 10.8 10.8 10.8 12.5 2.7 1.9 8.9 26.6 135 106 23.3 8.9
"44" "44" 1989-02-08 32.44 "DET" "" "MIL" "W" 11 1 28 0.578 0.563 9.5 7.8 8.6 34.9 1.9 0 5.7 29.1 124 106 15.7 7.4
"45" "45" 1989-02-14 32.45 "DET" "@" "LAL" "W" 8 1 27 0.46 0.4 0 4.4 2 5.1 1.9 0 0 16.9 111 111 5.8 -2.1
"46" "46" 1989-02-16 32.46 "DET" "@" "SAC" "W" 11 0 28 0.521 0.471 3.9 14.3 9.3 18.8 3.6 0 0 29 121 87 16.5 11.4
"47" "47" 1989-02-18 32.47 "DET" "@" "GSW" "L" -2 0 20 0.091 0.091 9.6 18.6 14.2 0 2.4 2.8 0 21.2 38 103 -2.6 -13.2
"48" "48" 1989-02-20 32.47 "DET" "@" "DEN" "L" -2 0 30 0.531 0.5 4.3 6.7 5.6 6.3 1.7 0 9.2 32.6 104 111 11.8 -0.2
"49" "49" 1989-02-22 32.48 "DET" "" "POR" "W" 11 0 23 0.563 0.563 8.5 16.1 12.4 57.9 2.2 0 11.1 32.6 118 98 16.5 13.9
"50" "50" 1989-02-25 32.48 "DET" "@" "NJN" "W" 18 0 18 0.415 0.375 7.2 18.2 13.2 21.1 0 0 19.2 23.7 89 99 3.5 -6.8
"51" "51" 1989-02-26 32.49 "DET" "" "LAC" "W" 12 0 21 0.496 0.375 6 4.6 5.2 19 0 0 8.3 25.6 117 110 7.1 -2.3
"52" "52" 1989-02-28 32.49 "DET" "@" "CLE" "L" -16 0 22 0.354 0.333 4.4 5.9 5 6.9 0 2.9 9.2 19.5 77 119 2.5 -5
"53" "53" 1989-03-01 32.5 "DET" "" "UTA" "W" 11 0 31 0.693 0.619 5.2 3.7 4.3 17.3 1.8 2.3 10.9 41.5 138 104 25.6 17.2
"54" "54" 1989-03-03 32.5 "DET" "" "CLE" "W" 6 0 21 0.568 0.545 0 6 3 32.2 0 0 14.9 28.9 103 104 7.7 2.6
"55" "55" 1989-03-05 32.51 "DET" "@" "MIA" "W" 9 0 17 0.788 0.7 9.1 0 4 13.3 3 7.1 6.7 39.1 157 105 19 25.6
"56" "56" 1989-03-06 32.51 "DET" "" "DEN" "W" 17 0 22 0.388 0.333 0 8.7 4.6 17.1 0 0 0 23 107 113 5.5 -3.9
"57" "57" 1989-03-08 32.52 "DET" "" "SEA" "W" 16 0 15 0.364 0.364 21.8 0 9.8 9.4 0 0 8.3 32.2 92 107 2.9 -8
"58" "58" 1989-03-11 32.52 "DET" "@" "PHI" "W" 5 0 23 0.3 0.3 6 4.1 4.9 30 0 0 9.1 22.4 83 118 3.7 -7.1
"59" "59" 1989-03-12 32.53 "DET" "" "WSB" "W" 6 0 23 0.363 0.333 0 0 0 31 4.2 0 0 26.4 98 106 6.7 -1.7
"60" "60" 1989-03-14 32.53 "DET" "@" "IND" "W" 12 0 22 0.917 0.9 12.8 22.7 18.6 23.9 0 0 0 26 192 118 25.2 22.6
"61" "61" 1989-03-17 32.54 "DET" "" "BOS" "W" 8 0 23 0.663 0.6 17 8.7 12.9 13.1 4.1 0 4.2 41.5 136 93 25.1 22.7
"62" "62" 1989-03-18 32.54 "DET" "@" "MIL" "L" -17 0 30 0.394 0.375 4.7 3.8 4.2 17.5 0 1.8 5.3 26.5 100 132 6.4 -3.4
"63" "63" 1989-03-21 32.55 "DET" "@" "ATL" "W" 15 0 19 0.148 0 0 13.7 7 12 0 0 12.9 18.8 48 109 -1.7 -15.7
"64" "64" 1989-03-22 32.55 "DET" "" "SAS" "W" 21 0 20 0.694 0.5 18.5 5 11 19.4 9.1 0 34.2 17 114 79 11.1 13.2
"65" "65" 1989-03-24 32.56 "DET" "" "NJN" "W" 16 0 23 0.455 0.455 5.5 5.2 5.4 16.2 0 0 0 20.9 115 104 6.6 -2.4
"66" "66" 1989-03-25 32.56 "DET" "@" "CHH" "W" 12 0 28 0.349 0.321 14.7 3.6 8.3 16.7 0 0 0 25.3 110 121 6.8 -6.2
"67" "67" 1989-03-27 32.57 "DET" "" "DAL" "W" 13 0 13 0.205 0 0 7.2 4.1 12.3 0 4.8 0 18.8 56 85 -0.3 -9.7
"68" "68" 1989-03-29 32.57 "DET" "@" "UTA" "W" 4 0 33 0.619 0.625 3.5 0 2 0 1.7 0 14.5 29.4 108 104 11.5 5.6
"69" "69" 1989-03-31 32.58 "DET" "@" "SEA" "W" 3 0 9 0.255 0.2 0 0 0 18.6 0 0 0 29.4 77 126 -0.2 -16.3
"70" "70" 1989-04-02 32.58 "DET" "@" "LAC" "W" 16 0 26 0.493 0.476 15.4 4.6 9.7 11.3 3.8 2.2 11.8 38.5 111 100 13.2 1.7
"71" "71" 1989-04-04 32.59 "DET" "@" "POR" "L" -18 0 27 0.435 0.346 0 3.1 1.6 11.9 1.8 0 11.1 26.8 94 119 5.2 -4.3
"72" "72" 1989-04-06 32.59 "DET" "" "CHI" "W" 7 0 24 0.403 0.429 4.9 8.9 7 10.8 0 0 6.3 27.6 91 116 4.7 -7
"73" "73" 1989-04-07 32.6 "DET" "@" "CHI" "W" 2 0 38 0.556 0.522 6.6 7 6.8 43.5 0 0 3.6 34 130 124 22.9 8.2
"74" "74" 1989-04-09 32.6 "DET" "" "MIL" "W" 9 1 33 0.692 0.692 4.8 4 4.4 15.1 1.7 2.1 18.8 23.2 117 109 12.7 4.4
"75" "75" 1989-04-10 32.61 "DET" "@" "WSB" "W" 24 1 26 0.746 0.636 0 4.1 2.4 22.3 0 0 6.6 27.6 148 118 17.8 5.8
"76" "76" 1989-04-12 32.61 "DET" "" "CLE" "W" 12 1 39 0.629 0.636 0 3.1 1.5 17.6 1.4 1.8 0 30.3 134 114 23.6 12
"77" "77" 1989-04-14 32.62 "DET" "@" "NYK" "L" -4 1 23 0.396 0.3 9.1 14.6 11.7 17.5 2.3 2.7 7.3 25.1 102 113 8.5 3.4
"78" "78" 1989-04-16 32.62 "DET" "" "WSB" "W" 6 1 22 0.583 0.556 6.1 16.2 12.1 16.1 0 0 9.6 21.8 120 109 8.6 1.9
"79" "79" 1989-04-18 32.63 "DET" "@" "CLE" "W" 16 1 31 0.4 0.4 3.8 3.6 3.7 18.5 0 0 33.3 21 74 118 0.9 -11.2
"80" "80" 1989-04-19 32.63 "DET" "" "IND" "W" 10 0 28 0.474 0.438 15.6 9 12.5 40.6 3.6 0 10.6 27.2 124 107 17.3 10.5
"81" "81" 1989-04-21 32.64 "DET" "" "PHI" "W" 9 0 21 0.363 0.143 10.2 14.9 12.6 14 0 0 9.4 23.2 91 105 4 -7.3
"82" "82" 1989-04-23 32.64 "DET" "" "ATL" "W" 18 0 27 0.643 0.618 7 17.4 12.2 18.5 0 0 18.3 31.7 113 87 14.2 8.3
"1" "1" 1989-11-03 33.17 "DET" "" "NYK" "W" 3 0 14 0.307 0.25 0 8.6 4.1 40.9 7.2 0 29.1 21 74 100 3.3 0.1
"2" "2" 1989-11-04 33.18 "DET" "@" "WSB" "W" 2 0 22 0 0 0 5.5 2.8 12.8 0 0 0 7.8 27 111 -1.5 -10.4
"3" "3" 1989-11-07 33.18 "DET" "@" "CHI" "L" -3 0 19 0.583 0.583 6.5 8.1 7.2 49.9 5.3 0 14.3 30.7 117 117 11.7 9.1
"4" "4" 1989-11-08 33.19 "DET" "@" "IND" "L" -21 0 21 0 0 0 21.4 7.6 36.9 2.5 0 12.5 15.6 30 103 -1.3 -8.3
"5" "5" 1989-11-10 33.19 "DET" "@" "ORL" "W" 4 0 10 0.556 0.556 0 0 0 0 0 0 0 33.5 116 121 4.5 -5.1
"6" "6" 1989-11-11 33.19 "DET" "@" "MIA" "L" -4 0 22 0.222 0.222 0 0 0 7.1 0 0 10 19.9 54 111 -2.2 -13.5
"7" "7" 1989-11-15 33.21 "DET" "" "MIA" "W" 36 0 26 0.457 0.429 9.2 4 6.4 19 1.9 0 11.5 26.4 109 101 9.7 -1.4
"8" "8" 1989-11-17 33.21 "DET" "" "MIL" "W" 27 0 28 0.575 0.538 15.1 23.4 19.8 38.7 1.9 0 24.2 32.2 112 85 15.3 6.1
"9" "9" 1989-11-18 33.21 "DET" "" "BOS" "W" 17 0 26 0.417 0.417 0 4.9 2.3 16.4 1.9 0 14.3 24.3 80 95 5 -3.8
"10" "10" 1989-11-21 33.22 "DET" "" "ATL" "L" -7 0 17 0.129 0 5.9 7.6 6.6 16.1 0 0 11.4 22.4 45 116 -2.4 -16
"11" "11" 1989-11-24 33.23 "DET" "" "CLE" "W" 19 0 29 0.508 0.462 9.5 9.2 9.3 5.2 5.1 2.5 28.9 31.9 76 80 7.8 -4.1
"12" "12" 1989-11-26 33.24 "DET" "@" "POR" "L" -20 0 25 0.083 0.083 10.9 3.9 7.5 6 0 0 7.7 21 34 113 -4.3 -13.7
"13" "13" 1989-11-28 33.24 "DET" "@" "SAC" "W" 12 0 26 0.37 0.357 8.4 7.7 8 13.8 3.8 0 0 25.3 87 84 7.4 0.1
"14" "14" 1989-11-29 33.24 "DET" "@" "PHO" "W" 8 0 22 0.145 0.167 0 0 0 10 4.6 0 0 13.3 49 106 0 -6.8
"15" "15" 1989-12-01 33.25 "DET" "@" "LAL" "W" 11 0 14 0.102 0 9 10.2 9.6 0 0 0 29.1 22.6 28 109 -4.4 -24.8
"16" "16" 1989-12-02 33.25 "DET" "@" "SEA" "L" -25 0 26 0.416 0.385 3.6 18.9 10.3 22.4 3.6 0 11.3 27.4 88 112 7.9 -0.5
"17" "17" 1989-12-06 33.26 "DET" "" "WSB" "W" 8 0 27 0.68 0.633 0 5.2 2.3 12.3 0 0 14.5 30.8 119 113 13.8 1.4
"18" "18" 1989-12-08 33.27 "DET" "@" "PHI" "L" -6 0 24 0.4 0.4 8.3 5.6 7.1 22.9 2.2 0 9.1 20.1 97 118 5.9 -0.3
"19" "19" 1989-12-09 33.27 "DET" "" "IND" "W" 28 0 21 0.571 0.571 8.8 0 3.3 15.3 0 3 11.3 18.5 122 105 7.4 2.3
"20" "20" 1989-12-12 33.28 "DET" "@" "DEN" "W" 13 0 22 0.5 0.5 0 10.9 6.3 4.8 0 0 50 8.4 59 116 -0.9 -7.8
"21" "21" 1989-12-13 33.28 "DET" "@" "LAC" "L" -4 0 23 0.363 0.333 3.9 11 6.8 17.5 4.8 0 12.7 14.3 85 92 4.1 1.6
"22" "22" 1989-12-15 33.29 "DET" "@" "UTA" "L" -3 0 14 0 0 0 0 0 29.4 0 0 20.5 15.2 29 110 -3 -14.3
"23" "23" 1989-12-16 33.29 "DET" "@" "GSW" "L" -12 1 27 0.202 0.143 0 8.9 4.2 20.2 1.9 0 28.7 15.7 53 109 -0.5 -9
"24" "24" 1989-12-19 33.3 "DET" "" "SEA" "W" 17 0 21 0.19 0.143 0 18 8.2 31.1 2.6 0 11.3 18.9 66 85 2.1 -2.1
"25" "25" 1989-12-22 33.31 "DET" "@" "NJN" "W" 6 0 11 0.512 0.5 0 20.8 10.5 0 0 0 17 24.9 86 101 2.2 -4.8
"26" "26" 1989-12-23 33.31 "DET" "" "ORL" "W" 6 0 22 0.34 0.3 9.5 0 5 6.2 0 2.8 0 22.5 94 113 3.8 -6.1
"27" "27" 1989-12-27 33.32 "DET" "@" "CLE" "W" 17 0 18 0.463 0.455 15.2 19.4 17.8 43.5 5.7 3.4 33.6 41.8 82 74 7.7 6.9
"28" "28" 1989-12-29 33.33 "DET" "" "MIL" "L" -14 0 15 0.317 0.286 8 14.5 11.4 0 0 0 11.3 26.6 64 104 -0.4 -13.4
"29" "29" 1989-12-30 33.33 "DET" "" "NJN" "W" 11 0 26 0.538 0.5 12.3 4.9 8.9 11.2 1.9 0 16.8 28.3 106 113 10 -1.5
"30" "30" 1990-01-02 33.34 "DET" "@" "ORL" "W" 2 0 24 0.637 0.5 5.4 8.9 7.3 6.1 0 0 10.4 17.2 131 124 8.6 0.5
"31" "31" 1990-01-03 33.34 "DET" "" "LAC" "W" 4 0 18 0.34 0.4 10.9 16.3 13.6 10.4 0 0 25.4 19.8 63 93 1.1 -8.3
"32" "32" 1990-01-05 33.35 "DET" "" "IND" "W" 23 0 23 0.167 0.167 4.9 4.5 4.7 22.7 0 0 14.3 12.6 71 106 1.7 -7
"33" "33" 1990-01-06 33.35 "DET" "" "NYK" "W" 11 0 5 NA NA 0 0 0 0 0 0 NA 0 0 127 0 -3.8
"34" "34" 1990-01-09 33.36 "DET" "" "CHI" "W" 10 0 20 0.403 0.429 15 4.7 8.7 28.4 0 0 21.2 20.8 90 101 4.4 -0.5
"35" "35" 1990-01-10 33.36 "DET" "@" "BOS" "L" -7 0 14 0.644 0.625 0 0 0 45 3.7 0 0 29.8 143 114 10.7 18.1
"36" "36" 1990-01-12 33.36 "DET" "" "MIN" "W" 11 0 18 0.4 0.4 0 0 0 27 0 0 28.6 19.4 74 108 0.6 -8.7
"37" "37" 1990-01-13 33.37 "DET" "" "POR" "W" 5 0 10 0.773 0.667 0 0 0 14 0 0 0 16.4 170 116 5.4 7
"38" "38" 1990-01-17 33.38 "DET" "@" "PHI" "L" -4 0 21 0.5 0.5 7.6 12.4 10.2 22.4 0 0 9.1 23.8 103 117 6.2 -2.7
"39" "39" 1990-01-19 33.38 "DET" "" "GSW" "W" 7 0 26 0.511 0.444 11.3 9.5 10.5 4.7 0 0 21.8 20.5 100 123 5.5 -7.2
"40" "40" 1990-01-21 33.39 "DET" "" "LAL" "L" -10 0 17 0.583 0.611 0 6.9 3.3 40.6 0 0 0 24.7 129 127 7.9 8
"41" "41" 1990-01-23 33.39 "DET" "@" "CHI" "W" 12 0 21 0.635 0.571 0 16.3 9.1 39.3 4.9 0 0 17 159 95 12.6 15.4
"42" "42" 1990-01-26 33.4 "DET" "" "PHO" "W" 4 0 23 0.338 0.25 3.8 11.6 6.9 16.6 0 0 10.1 17.9 85 110 3.2 -6.3
"43" "43" 1990-01-27 33.41 "DET" "@" "MIN" "W" 2 0 16 0.145 0.167 8.1 0 3.8 29 3.4 0 22.5 26.5 46 95 -1.2 -9.8
"44" "44" 1990-01-30 33.41 "DET" "@" "ATL" "W" 17 0 27 0.535 0.4 4.2 13.4 9.4 28.9 0 0 18.7 24 115 103 10.5 -0.6
"45" "45" 1990-01-31 33.42 "DET" "" "WSB" "W" 24 0 32 0.648 0.692 5.2 0 2.1 14.5 3 0 0 18.7 140 109 16 5
"46" "46" 1990-02-03 33.42 "DET" "@" "CLE" "W" 5 0 23 0.563 0.5 0 0 0 17.1 0 0 25.3 23.3 95 122 3.5 -9.3
"47" "47" 1990-02-04 33.43 "DET" "" "UTA" "W" 32 0 31 0.49 0.5 10.8 3.2 6.7 12.8 0 0 11.5 23.6 107 98 9.3 -1.5
"48" "48" 1990-02-06 33.43 "DET" "" "CLE" "W" 9 0 23 0.359 0.25 15.3 27.2 21.6 5.5 2.3 0 0 18.7 113 103 7.4 -1.5
"49" "49" 1990-02-08 33.44 "DET" "@" "MIL" "W" 3 0 20 0.627 0.636 0 5.3 2.9 19 2.6 0 0 27.2 138 109 11.4 9.6
"50" "50" 1990-02-13 33.45 "DET" "" "DEN" "W" 10 0 25 0.621 0.583 8.7 8.3 8.5 14.5 3.9 2.6 0 20.1 146 93 16.1 14.1
"51" "51" 1990-02-17 33.46 "DET" "@" "MIA" "W" 18 0 25 0.45 0.417 0 3.8 2.2 29.1 0 4.8 7 26.9 104 99 8.7 2.8
"52" "52" 1990-02-19 33.47 "DET" "" "MIA" "W" 9 0 28 0.339 0.385 4.2 4.2 4.2 11.3 1.9 0 11.9 27.5 67 94 1.5 -8.8
"53" "53" 1990-02-21 33.47 "DET" "" "ORL" "W" 31 0 24 0.644 0.545 4.5 13.8 9.8 24.4 1.9 0 13.2 24.4 129 101 15.7 6.3
"54" "54" 1990-02-23 33.48 "DET" "@" "ATL" "L" -9 0 21 0.465 0.333 0 6.2 2.9 0 0 3.1 21.8 28.6 81 124 1.7 -12
"55" "55" 1990-02-25 33.48 "DET" "@" "NYK" "W" 11 0 20 0.521 0.375 0 0 0 7.3 5.4 0 0 26.7 117 97 9.5 7.8
"56" "56" 1990-02-27 33.49 "DET" "" "HOU" "W" 4 0 17 0.34 0.2 10.4 7.1 9 0 0 0 25.4 18.4 65 95 -0.2 -10.8
"57" "57" 1990-03-01 33.5 "DET" "@" "WSB" "W" 14 0 26 0.329 0.346 0 6.8 3.6 21.3 2 0 0 25 85 93 5.3 -0.8
"58" "58" 1990-03-02 33.5 "DET" "" "PHI" "W" 3 0 17 0.75 0.75 0 0 0 23.4 0 0 0 10.3 161 115 5 3.7
"59" "59" 1990-03-04 33.5 "DET" "" "IND" "W" 6 0 23 0.333 0.333 15.3 9.3 12.1 18 0 2.7 18.2 20.3 83 107 4 -3.8
"60" "60" 1990-03-06 33.51 "DET" "" "SAC" "W" 10 0 24 0.451 0.333 5.7 20 13.3 0 4.6 0 27.9 21.2 75 98 3.3 -7
"61" "61" 1990-03-09 33.52 "DET" "@" "NJN" "W" 4 0 28 0.506 0.5 6.7 10.9 8.7 23.3 3.6 0 15.5 19.5 103 98 9.9 3
"62" "62" 1990-03-11 33.52 "DET" "@" "CHH" "W" 10 0 25 0.4 0.4 0 18.7 10 17.3 0 0 0 19.6 97 103 5.5 -4.6
"63" "63" 1990-03-15 33.53 "DET" "" "SAS" "W" 12 0 24 0.381 0.429 10.5 4.9 7.6 14 2.1 0 20.2 17.9 84 108 4.3 -4.3
"64" "64" 1990-03-16 33.54 "DET" "@" "CHI" "W" 25 0 28 0.638 0.6 5.4 14.7 10.2 50.8 6.1 0 0 20.9 162 90 21.2 21.5
"65" "65" 1990-03-18 33.54 "DET" "" "DAL" "W" 30 0 28 0.523 0.542 0 9.5 5.3 24.7 3.5 0 7.4 21.4 103 86 11.6 4.3
"66" "66" 1990-03-20 33.55 "DET" "@" "MIL" "W" 21 0 28 0.571 0.5 4.1 15.6 10 19 0 2 11.3 26.2 124 103 13.2 2.4
"67" "67" 1990-03-22 33.55 "DET" "@" "HOU" "L" -5 0 20 0.5 0.5 6.3 0 3.2 67.8 2.5 0 20 21.1 121 122 9.9 9.2
"68" "68" 1990-03-24 33.56 "DET" "@" "SAS" "L" -7 0 21 0.607 0.556 10.2 12 11 46.5 2.5 0 0 20.4 154 114 14.2 16.1
"69" "69" 1990-03-25 33.56 "DET" "@" "DAL" "L" -2 1 40 0.444 0.417 9.7 0 4.5 5.4 1.4 0 12 20.6 92 109 5.2 -3.4
"70" "70" 1990-03-28 33.57 "DET" "" "CHH" "W" 9 1 40 0.592 0.563 3.5 14.6 9.6 33.3 0 1.5 0 18.7 139 102 20.2 6.9
"71" "71" 1990-03-30 33.58 "DET" "@" "BOS" "L" -12 1 39 0.474 0.438 12.7 9.2 11.3 19.8 2.5 0 5.6 17.4 125 125 16.3 6.3
"72" "72" 1990-04-03 33.59 "DET" "" "BOS" "W" 11 1 44 0.409 0.353 10.9 7.3 9.2 41.2 2.4 0 14.1 19.9 104 91 15.1 7.5
"73" "73" 1990-04-05 33.59 "DET" "@" "ATL" "W" 5 1 43 0.672 0.643 7.6 9.3 8.5 19.3 2.4 0 11.8 17.2 132 107 19.8 6.4
"74" "74" 1990-04-06 33.59 "DET" "" "MIL" "L" -8 1 38 0.622 0.594 11.2 3.5 7.8 12.9 0 2.1 10.6 23.6 127 122 15.4 6.1
"75" "75" 1990-04-08 33.6 "DET" "@" "CLE" "L" -3 1 45 0.557 0.545 12.1 9.1 10.8 12.7 2.4 0 8.2 24.1 114 111 19.3 4.8
"76" "76" 1990-04-10 33.61 "DET" "@" "NYK" "W" 10 1 37 0.571 0.571 15.8 6.7 11.4 19.9 0 1.8 20.2 22.9 113 114 14.1 2.3
"77" "77" 1990-04-11 33.61 "DET" "" "NJN" "W" 5 1 42 0.549 0.455 6.9 14 11.1 21.9 3.6 0 0 13.8 136 95 18.3 7.4
"78" "78" 1990-04-13 33.61 "DET" "" "ATL" "L" -4 1 29 0.442 0.4 26.8 10 18.9 14 1.8 0 20.9 22.1 102 126 7.9 -3.7
"79" "79" 1990-04-14 33.62 "DET" "" "ORL" "W" 4 1 19 0.167 0.167 5.9 5.7 5.8 14.2 2.5 0 0 13.2 63 106 0 -9.7
"80" "80" 1990-04-19 33.63 "DET" "" "PHI" "L" -10 0 28 0.418 0.333 0 7.5 3.6 5.6 3.6 0 5.6 27.4 88 111 7 -3.1
"81" "81" 1990-04-20 33.63 "DET" "@" "IND" "W" 6 0 23 0.46 0.4 0 4.9 2.3 12.9 6.1 0 15.5 21.8 94 96 5.3 0.1
"82" "82" 1990-04-22 33.64 "DET" "" "CHI" "W" 5 0 23 0.773 0.667 0 10.2 5.2 31 0 0 27.9 19.4 124 111 9.7 4.8
"1" "1" 1990-11-02 34.17 "DET" "" "MIL" "W" 11 0 21 0.5 0.5 5.9 11.1 8.6 16 2.5 0 0 22.1 124 111 8.6 3.7
"2" "2" 1990-11-03 34.17 "DET" "" "CLE" "W" 9 0 30 0.55 0.55 8.2 13.9 11.3 17.8 3.3 0 23.1 17.9 106 97 8.8 3.2
"3" "3" 1990-11-06 34.18 "DET" "@" "SEA" "L" -8 0 20 0.403 0.429 0 0 0 10.5 2.7 3.2 0 16.7 91 113 3.9 1.9
"4" "4" 1990-11-07 34.18 "DET" "@" "LAC" "W" 27 0 27 0.601 0.556 4 7.4 5.8 17.1 0 2.1 7.9 19.3 129 91 10.8 5
"5" "5" 1990-11-09 34.19 "DET" "@" "POR" "L" -12 0 28 0.75 0.75 3.6 11.1 6.6 13 0 0 6.7 22.3 144 122 15.7 12.6
"6" "6" 1990-11-13 34.2 "DET" "" "MIA" "W" 25 0 28 0.392 0.364 4.5 7.6 6.2 18 0 0 0 18.5 103 99 6.4 -6.3
"7" "7" 1990-11-16 34.21 "DET" "@" "NJN" "W" 9 0 23 0.41 0.375 0 4.2 2.2 13.6 2 0 17 22.1 75 98 3.1 -6.2
"8" "8" 1990-11-17 34.21 "DET" "" "ATL" "W" 8 0 33 0.431 0.455 5.8 8.1 6.8 15.2 6.3 0 0 16.6 107 84 11 6.1
"9" "9" 1990-11-20 34.22 "DET" "@" "MIA" "W" 16 0 25 0.222 0.222 0 9.8 4.9 16.4 0 0 10 17.1 60 102 -0.2 -10.4
"10" "10" 1990-11-21 34.22 "DET" "@" "IND" "W" 8 0 24 0.538 0.571 0 4.8 2.3 37.7 2.2 0 11.8 16 113 104 7.2 2.8
"11" "11" 1990-11-23 34.23 "DET" "" "WSB" "W" 9 0 24 0.279 0.231 0 10.5 5.8 18.8 0 0 0 25.3 75 96 1.9 -10.5
"12" "12" 1990-11-25 34.23 "DET" "" "SAC" "W" 13 0 29 0.727 0.727 0 7.7 4.4 20.9 0 0 0 18.2 147 109 13 4.2
"13" "13" 1990-11-27 34.24 "DET" "@" "ATL" "W" 23 0 20 0.364 0.364 0 30 15.4 11.1 2.5 0 26.7 32.8 62 98 1.4 -16.6
"14" "14" 1990-11-28 34.24 "DET" "" "NYK" "W" 7 0 22 0.5 0.5 6.1 7.5 6.7 0 5.7 0 33.3 13.9 74 104 2.6 -4.6
"15" "15" 1990-11-30 34.25 "DET" "" "PHI" "W" 2 0 29 0.387 0.333 8.1 29 18.4 36.1 1.9 0 0 12.9 122 108 11.5 5.4
"16" "16" 1990-12-01 34.25 "DET" "@" "WSB" "L" -11 0 27 0.338 0.313 3.6 10.2 6.3 40.2 1.9 0 10.1 30.9 78 102 5.4 -1.6
"17" "17" 1990-12-04 34.26 "DET" "@" "LAL" "L" -24 0 28 0.515 0.333 0 5.5 2.3 15.9 0 0 34 9.7 85 128 1.1 -8.8
"18" "18" 1990-12-05 34.26 "DET" "@" "UTA" "L" -21 0 22 0.511 0.444 0 5.9 3 17.3 0 0 0 22.7 118 124 7.6 2.7
"19" "19" 1990-12-07 34.27 "DET" "@" "GSW" "L" -3 0 22 0.169 0.125 8.7 7 8.1 14.6 2.2 0 0 16 74 117 0.6 -9.4
"20" "20" 1990-12-08 34.27 "DET" "@" "SAC" "W" 11 0 25 0.654 0.667 0 4.4 2.7 12.3 0 0 0 14 134 113 6.9 -0.4
"21" "21" 1990-12-11 34.28 "DET" "" "SAS" "L" -9 0 19 0.266 0 11.8 12 11.9 8.7 2.8 0 34.7 20.7 53 104 0 -10.1
"22" "22" 1990-12-14 34.28 "DET" "@" "BOS" "L" -8 0 25 0.384 0.385 4.5 9.4 6.9 18.9 0 2.4 0 24.7 93 117 6.8 -1.5
"23" "23" 1990-12-18 34.3 "DET" "@" "MIL" "L" -5 0 20 0.444 0.444 8.4 13.3 10.3 23.7 0 0 0 17.8 123 122 7 3.7
"24" "24" 1990-12-19 34.3 "DET" "" "CHI" "W" 21 0 29 0.333 0.333 4.2 2.9 3.4 17.1 1.8 1.9 0 9.2 104 95 5.7 2.5
"25" "25" 1990-12-21 34.3 "DET" "" "ATL" "W" 26 0 24 0.619 0.625 0 8.9 5.1 21.6 0 0 10.1 18.6 120 97 8.2 -0.2
"26" "26" 1990-12-22 34.31 "DET" "@" "PHI" "L" -7 0 22 0.4 0.286 4.5 5.5 4.9 6.5 4.7 0 25.5 23.7 71 112 2.8 -6.9
"27" "27" 1990-12-25 34.32 "DET" "@" "CHI" "L" -12 0 20 0.25 0.25 6 14.5 9.9 17.4 0 0 20 11.9 69 118 0.9 -6.3
"28" "28" 1990-12-26 34.32 "DET" "" "CHH" "W" 8 0 17 0.509 0.5 0 7.6 3.9 28.7 0 0 0 18.3 122 110 6 2.4
"29" "29" 1990-12-28 34.32 "DET" "@" "MIN" "W" 12 0 14 0.581 0.5 0 0 0 11.9 0 0 22.5 31.6 89 109 3.3 -8.6
"30" "30" 1990-12-29 34.33 "DET" "" "HOU" "W" 15 0 20 0 0 0 4.2 2.4 6.7 0 0 33.3 12.9 9 96 -3.8 -13.7
"31" "31" 1991-01-02 34.34 "DET" "" "DEN" "W" 11 0 32 0.332 0.333 9.2 6 7.6 11 2.9 0 11.7 20.1 81 101 5.6 -6.2
"32" "32" 1991-01-04 34.34 "DET" "@" "CLE" "W" 4 0 25 0.316 0.2 15.6 9.1 12.2 12.3 2.2 2.6 0 23.5 98 106 6.4 -1.1
"33" "33" 1991-01-05 34.35 "DET" "" "NJN" "W" 16 1 18 0 0 10.5 5.8 8.2 14.8 0 0 20.5 12 43 100 -1.2 -10.7
"34" "34" 1991-01-08 34.35 "DET" "@" "CHH" "W" 3 0 19 0.25 0.25 0 30.1 17.3 38.3 0 0 11.1 22 74 107 2.4 -8
"35" "35" 1991-01-11 34.36 "DET" "" "POR" "W" 2 0 15 0.222 0 7.4 0 3.8 18.6 3.7 0 0 21.1 75 102 1.8 -2.9
"36" "36" 1991-01-12 34.36 "DET" "" "MIA" "W" 6 1 49 0.44 0.375 4.6 0 2.3 20 2.1 1.3 14.2 18.8 98 104 10.5 -1.4
"37" "37" 1991-01-14 34.37 "DET" "@" "DAL" "W" 8 0 23 0.548 0.5 20.1 4 12 12.1 0 0 10.4 37.5 112 100 13.1 9.3
"38" "38" 1991-01-17 34.38 "DET" "@" "HOU" "W" 6 0 34 0.507 0.5 6.1 11.1 8.4 12.2 6.5 0 5.3 24.7 114 87 15.5 12.6
"39" "39" 1991-01-18 34.38 "DET" "@" "PHO" "L" -1 1 44 0.6 0.6 3.2 5.7 4.5 36.2 2.5 0 0 16.2 140 117 20.1 7.8
"40" "40" 1991-01-21 34.39 "DET" "" "BOS" "W" 11 1 31 0.902 0.889 8.1 11.9 10.1 44.9 5.6 0 7.9 19 176 102 26.2 24.1
"41" "41" 1991-01-23 34.39 "DET" "@" "BOS" "L" -17 1 37 0.611 0.611 5.4 11.1 7.8 28.5 2.9 0 10 23.1 123 123 19.2 8.5
"42" "42" 1991-01-25 34.4 "DET" "" "DAL" "W" 2 1 37 0.685 0.643 0 0 0 31.9 1.6 0 11.5 25.3 124 108 16.1 5.4
"43" "43" 1991-01-26 34.4 "DET" "@" "ORL" "W" 40 1 35 0.437 0.429 4.2 8.8 7.2 14.1 4.3 1.5 6.3 19.1 112 84 11.8 1.8
"44" "44" 1991-01-28 34.41 "DET" "" "WSB" "W" 6 1 25 0.304 0.222 4.7 4.6 4.6 13.6 0 0 23.3 24.8 64 105 -0.5 -11.9
"45" "45" 1991-01-30 34.41 "DET" "" "CLE" "W" 9 1 28 0.75 0.75 0 3.9 2.1 26.7 0 0 27.3 19 112 103 8.5 2.5
"46" "46" 1991-02-01 34.42 "DET" "@" "WSB" "W" 5 1 23 0.214 0.214 7.7 3.4 5.4 0 6.7 0 6.7 27.6 53 79 -0.1 -5.3
"47" "47" 1991-02-03 34.42 "DET" "" "PHO" "L" -15 1 36 0.222 0.222 5.3 18.2 11.3 4.4 0 0 25 13.5 51 121 -1 -11.2
"48" "48" 1991-02-05 34.43 "DET" "" "PHI" "W" 9 1 42 0.543 0.5 5.3 6.7 5.9 6.8 1.4 0 13.4 24.1 113 118 12.6 -3.9
"49" "49" 1991-02-07 34.44 "DET" "" "CHI" "L" -2 1 41 0.432 0.385 7.5 6.5 7.1 36.2 1.3 3.3 12.6 16.6 110 107 13.5 8.7
"50" "50" 1991-02-13 34.45 "DET" "" "IND" "L" -4 1 39 0.521 0.538 2.4 17.6 8.6 35.3 0 0 0 13.5 136 107 14.6 5.9
"51" "51" 1991-02-14 34.45 "DET" "@" "MIL" "W" 8 1 37 0.294 0.294 7.9 8.1 8 10.4 1.5 1.9 5.6 20.4 89 111 4.8 -5.9
"52" "52" 1991-02-17 34.46 "DET" "@" "NYK" "L" -28 1 36 0.664 0.688 6.5 5.9 6.2 32.9 1.5 0 10.4 25.3 129 127 19.8 7.8
"53" "53" 1991-02-18 34.47 "DET" "" "SEA" "W" 2 1 44 0.489 0.462 8.8 12.4 10.8 11.5 0 1.3 21.8 20.6 94 103 8.5 -3.4
"54" "54" 1991-02-20 34.47 "DET" "" "ATL" "W" 8 1 45 0.513 0.545 4.7 9.5 7.1 18 0 0 18 16.2 98 101 9.4 0
"55" "55" 1991-02-22 34.48 "DET" "@" "CHH" "L" -8 1 35 0.472 0.417 6.4 4.2 5.4 30.7 0 0 6.8 18.3 122 138 12 -2.1
"56" "56" 1991-02-24 34.48 "DET" "" "LAL" "L" -6 1 49 0.349 0.333 2.2 5.4 3.6 19.9 2.3 0 10.4 18.4 83 111 7.4 -0.9
"57" "57" 1991-02-26 34.49 "DET" "@" "CLE" "L" -3 1 40 0.68 0.667 3.4 3.2 3.3 16 3.9 0 24.5 23.3 109 113 15.1 2.7
"58" "58" 1991-02-28 34.49 "DET" "@" "MIA" "L" -2 0 35 0.649 0.591 2.7 11.9 7.1 0 3 0 0 28.3 149 107 24.9 15.2
"59" "59" 1991-03-01 34.5 "DET" "" "UTA" "L" -2 1 42 0.429 0.409 2.4 12.7 6.8 12.8 2.7 0 4.1 25.9 106 110 12.4 2.7
"60" "60" 1991-03-03 34.5 "DET" "" "LAC" "W" 9 1 40 0.482 0.474 8.8 7.1 7.8 23.1 1.3 0 8.8 24.1 112 105 14.5 0.8
"61" "61" 1991-03-06 34.51 "DET" "" "NYK" "L" -3 1 29 0.225 0.125 0 0 0 4.3 0 0 10.1 16.2 56 125 -1.5 -14.9
"62" "62" 1991-03-09 34.52 "DET" "@" "IND" "W" 2 1 33 0.505 0.478 10.8 3.8 7.9 16.8 1.6 0 0 30 129 125 17.1 4.5
"63" "63" 1991-03-11 34.52 "DET" "" "MIL" "L" -11 1 38 0.426 0.353 7 19.4 13.5 4.4 0 0 0 23.1 103 114 9.6 -3.6
"64" "64" 1991-03-13 34.53 "DET" "" "CHH" "W" 11 1 26 0.192 0.2 0 8.8 4.3 10.8 0 0 16.1 21.8 49 103 -3 -16.3
"65" "65" 1991-03-14 34.53 "DET" "@" "NJN" "L" -8 1 36 0.585 0.464 3.2 0 1.6 7.8 1.4 0 14.9 22.3 120 126 10.7 -2
"66" "66" 1991-03-16 34.54 "DET" "" "ORL" "W" 7 0 27 0.569 0.556 4.4 7.7 6.2 15.3 1.9 0 5.1 32.2 116 108 13.9 2.2
"67" "67" 1991-03-20 34.55 "DET" "@" "PHI" "L" -4 0 36 0.344 0.344 6.7 13.7 10.1 29.4 2.9 0 5.9 20.8 98 115 10.2 0.8
"68" "68" 1991-03-22 34.55 "DET" "" "NJN" "W" 16 0 29 0.639 0.615 7.4 6.5 6.9 21.5 1.7 2.1 0 22.7 144 98 18.6 11.8
"69" "69" 1991-03-24 34.56 "DET" "@" "SAS" "L" -7 0 29 0.3 0.3 8.7 10.1 9.4 5.9 1.8 0 28.6 19.2 55 93 -0.3 -8.1
"70" "70" 1991-03-25 34.56 "DET" "@" "DEN" "W" 24 0 32 0.765 0.733 0 2.5 1.6 21.1 1.5 0 18.5 29.6 128 99 20.2 7.8
"71" "71" 1991-03-27 34.57 "DET" "" "IND" "W" 9 0 35 0.392 0.364 6.4 20.2 12.5 7.3 1.5 2.2 7.3 16.8 100 100 6.5 -2.1
"72" "72" 1991-03-29 34.57 "DET" "" "GSW" "W" 6 0 37 0.545 0.5 6 5.9 6 14.2 0 0 4.7 23.9 129 114 14.5 2.4
"73" "73" 1991-04-02 34.58 "DET" "@" "CHH" "W" 5 0 35 0.346 0.333 6.9 3.2 5 16.4 0 1.7 23.9 29.3 66 98 0.8 -9.9
"74" "74" 1991-04-05 34.59 "DET" "" "MIN" "W" 19 0 28 0.286 0.286 0 3.8 2.2 4.8 0 0 30 17.2 47 99 -2.9 -15.2
"75" "75" 1991-04-06 34.59 "DET" "@" "NYK" "L" -13 0 26 0.333 0.333 12 0 6.6 12.8 2.1 0 6.3 25.7 94 118 4.2 -1.7
"76" "76" 1991-04-09 34.6 "DET" "@" "MIL" "L" -10 0 27 0.349 0.286 4.8 5.1 4.9 27.9 0 2.7 0 26.3 93 113 6.8 -2.1
"77" "77" 1991-04-10 34.61 "DET" "" "CLE" "L" -4 0 23 0.218 0.167 5.1 5.1 5.1 19.6 2.3 0 22.5 17 58 103 0.5 -5.4
"78" "78" 1991-04-12 34.61 "DET" "" "CHI" "W" 4 0 14 0.347 0 0 9 4.3 9.8 0 0 0 9.7 96 108 1.6 -1.9
"79" "79" 1991-04-14 34.62 "DET" "@" "IND" "L" -18 0 30 0.632 0.632 13.1 3.9 8.9 15.8 1.6 0 13.6 28.8 125 130 16.7 8.2
"80" "80" 1991-04-16 34.62 "DET" "" "BOS" "W" 28 0 29 0.607 0.538 7.4 7.9 7.6 27.2 6.8 0 6 23.5 137 87 19.2 12.8
"81" "81" 1991-04-19 34.63 "DET" "@" "ATL" "W" 6 0 16 0.458 0.4 9.1 18.8 14.8 7.9 0 0 20.7 25.3 87 119 1.8 -12.5
"82" "82" 1991-04-21 34.64 "DET" "@" "CHI" "L" -8 0 22 0.252 0.267 4.7 16.8 10.3 14.4 2.3 0 0 29.4 67 110 1.1 -9.6
"1" "1" 1991-12-13 35.28 "SAS" "" "PHO" "L" -5 0 19 0.073 0 11.5 16.8 14.2 0 0 0 12.7 17.9 34 121 -2.3 -16.9
"2" "2" 1991-12-14 35.28 "SAS" "@" "HOU" "W" 7 0 12 0.205 0 0 0 0 10.8 0 0 17 21.7 51 116 -1.9 -19.4
"3" "3" 1991-12-17 35.29 "SAS" "@" "DAL" "W" 11 0 15 0.671 0.5 10 6.5 7.9 22.5 3.7 0 10.9 30.1 135 102 10.4 10
"4" "4" 1991-12-18 35.3 "SAS" "" "WSB" "L" -3 0 17 0.387 0.333 7.4 6.4 6.9 9.1 2.9 0 0 10.3 104 101 3.2 -1
"5" "5" 1991-12-20 35.3 "SAS" "@" "PHO" "L" -25 0 17 0.143 0.143 0 18.8 9.7 0 0 0 30 24.3 23 120 -5.4 -24.5
"6" "6" 1991-12-23 35.31 "SAS" "" "SAC" "W" 11 0 17 0.125 0.125 16 6.3 11.5 17 2.8 3.7 11.1 21.3 54 89 0.5 -6.7
"7" "7" 1991-12-26 35.32 "SAS" "@" "NYK" "W" 29 0 19 0.451 0.333 6 6.8 6.4 23 2.7 0 0 16.6 135 100 6.8 2.6
"8" "8" 1991-12-27 35.32 "SAS" "@" "CLE" "L" -6 0 19 0.514 0.357 0 6.8 2.9 14.9 5.6 0 0 19.7 131 111 8.6 9.2
"9" "9" 1991-12-29 35.33 "SAS" "@" "ORL" "W" 9 0 11 0.2 0.2 0 0 0 0 0 0 16.7 25.9 34 104 -3.7 -29.1
"10" "10" 1991-12-30 35.33 "SAS" "@" "WSB" "L" -10 0 20 0.375 0.375 10.2 6 8.3 8.3 0 0 33.3 25.8 61 113 -1.2 -16.8
"11" "11" 1992-01-04 35.34 "SAS" "" "HOU" "L" -2 0 12 0.429 0.429 7.6 9.1 8.3 0 0 0 12.5 26.7 89 106 2.3 -5.4
"12" "12" 1992-01-06 35.35 "SAS" "" "DET" "W" 10 0 17 0.601 0.571 0 0 0 0 0 0 0 22.5 120 107 5.9 -1.6
"13" "13" 1992-01-08 35.35 "SAS" "" "LAL" "W" 16 0 19 0.429 0.429 0 0 0 20.3 2.7 0 0 15.7 109 101 4.6 0.1
"14" "14" 1992-01-10 35.36 "SAS" "@" "GSW" "W" 8 0 16 0.45 0.438 0 25 13.3 14.6 0 0 10.1 24.2 91 111 4 -5.8
"15" "15" 1992-01-11 35.36 "SAS" "@" "DEN" "W" 11 0 18 0.654 0.583 20.5 14 17.3 0 3 0 36.8 25.6 92 97 5.3 0
"16" "16" 1992-01-14 35.37 "SAS" "" "GSW" "L" -1 0 16 0.336 0.357 0 18.2 7.9 20.9 0 0 11.8 21.5 82 128 1.8 -8.7
"17" "17" 1992-01-16 35.38 "SAS" "@" "MIN" "W" 14 0 19 0.317 0.286 0 11 5.7 11.8 2.4 3.1 27.6 22.7 60 107 0.4 -14.3
"18" "18" 1992-01-17 35.38 "SAS" "@" "CHI" "L" -6 0 15 0.68 0.6 0 0 0 32.7 0 0 0 17.8 154 124 7.4 8.5
"19" "19" 1992-01-19 35.38 "SAS" "@" "BOS" "L" -9 0 20 0.3 0.3 0 5.2 2.7 16.1 0 0 0 22.3 75 117 1.5 -7.1
"20" "20" 1992-01-21 35.39 "SAS" "" "LAC" "W" 14 0 27 0.735 0.75 0 3.8 2.1 16.4 0 0 0 17.3 153 104 12.6 6.1
"21" "21" 1992-01-22 35.39 "SAS" "@" "UTA" "L" -2 0 21 0.506 0.5 0 9 4.7 15.3 2.4 0 0 20.1 111 105 7.5 4.3
"22" "22" 1992-01-24 35.4 "SAS" "" "MIL" "W" 29 0 20 0.371 0.333 11.7 4 7.1 19 4.7 0 9.6 20.5 100 85 5.5 -0.4
"23" "23" 1992-01-28 35.41 "SAS" "" "CHI" "W" 5 0 18 0.286 0.286 0 5.3 2.7 0 0 0 22.2 20.4 49 113 -1.8 -14.3
"24" "24" 1992-01-29 35.41 "SAS" "@" "DAL" "W" 15 0 25 0.575 0.6 3.9 11.5 7.8 16.2 2 0 16.1 20.8 104 98 8.5 -0.4
"25" "25" 1992-01-31 35.42 "SAS" "" "MIN" "W" 2 0 17 0.333 0.333 0 6.1 3.2 8.3 0 0 25 10.1 66 116 0.3 -9.5
"26" "26" 1992-02-04 35.43 "SAS" "" "POR" "W" 7 0 16 0.25 0.25 22.2 10.9 16.5 18.8 0 0 0 19.9 89 94 3.6 0.1
"27" "27" 1992-02-06 35.43 "SAS" "" "IND" "L" -11 0 18 0.636 0.636 6.8 15.7 11 19.8 5.3 4 0 25.1 141 109 14.1 19.3
"28" "28" 1992-02-11 35.45 "SAS" "" "BOS" "W" 16 0 21 0.35 0.35 5.6 10.6 8.2 19 4.8 3.1 9.1 23.9 82 84 5.9 1.7
"29" "29" 1992-02-13 35.45 "SAS" "@" "GSW" "L" -15 0 19 0.227 0.227 5.5 18 11.5 21.1 0 3.1 21.4 29.1 58 108 -1.3 -12.2
"30" "30" 1992-02-14 35.45 "SAS" "@" "SEA" "L" -17 0 24 0.507 0.5 8.2 10.3 9.1 28.6 2 0 10.1 16.5 115 113 9 3
"31" "31" 1992-02-16 35.46 "SAS" "@" "SAC" "W" 6 0 29 0.509 0.5 0 14.1 7.5 21.2 0 2.1 12.7 11.4 112 112 8 0.7
"32" "32" 1992-02-17 35.46 "SAS" "@" "LAC" "L" -14 0 34 0.423 0.25 5.9 0 3.2 18.5 0 0 8.6 14.4 113 135 6.9 -3.5
"33" "33" 1992-02-19 35.47 "SAS" "" "MIN" "W" 10 1 31 0.554 0.571 9.3 3.5 6.6 4.5 1.7 1.8 0 18.8 139 116 13.4 3.2
"34" "34" 1992-02-21 35.47 "SAS" "" "PHI" "W" 10 1 38 0.543 0.5 10.8 8.6 9.6 32.2 1.5 1.7 18.9 19.3 114 106 14.5 5.6
"35" "35" 1992-02-23 35.48 "SAS" "@" "HOU" "L" -7 1 31 0.353 0.273 6.5 19.9 12.5 26.4 0 0 0 19.3 95 105 7.7 -0.7
"36" "36" 1992-02-25 35.48 "SAS" "" "MIA" "W" 22 1 29 0.484 0.444 7.5 17 12 16.4 4.9 0 0 14.1 127 96 12.9 5.1
"37" "37" 1992-02-27 35.49 "SAS" "" "GSW" "W" 21 1 28 0.405 0.444 3.8 19.9 11.7 11.9 0 4.5 9.2 15.3 100 106 6.4 -0.3
"38" "38" 1992-02-29 35.5 "SAS" "" "DEN" "W" 3 1 33 0.45 0.5 0 23.7 12.5 36.2 0 0 18.4 13.4 99 105 8.3 -0.1
"39" "39" 1992-03-03 35.5 "SAS" "@" "MIN" "W" 1 1 23 0.557 0.556 14.6 13.6 14.1 7.6 0 0 9.2 21.8 113 117 8.2 -2.6
"40" "40" 1992-03-04 35.51 "SAS" "@" "UTA" "L" -9 1 27 0.5 0.5 9.5 4.9 7.7 12.6 2.1 0 20 23.9 96 121 6.6 -0.6
"41" "41" 1992-03-07 35.52 "SAS" "" "PHO" "W" 13 1 24 0.643 0.667 5 5.4 5.2 23.8 5.8 0 13.9 25.2 120 103 14.7 10.9
"42" "42" 1992-03-08 35.52 "SAS" "@" "DAL" "W" 12 1 25 0.507 0.5 0 8 4.3 13.6 2.3 0 25.3 22 85 102 3.8 -7.4
"43" "43" 1992-03-10 35.52 "SAS" "" "ATL" "W" 11 1 29 0.603 0.583 6.9 14.4 10.6 5.3 3.5 0 0 17.8 138 96 13.9 6.7
"44" "44" 1992-03-12 35.53 "SAS" "" "HOU" "W" 6 1 30 0.4 0.4 14.1 0 6.2 13.9 3.5 0 9.1 16.8 104 110 7.4 -0.3
"45" "45" 1992-03-14 35.53 "SAS" "" "UTA" "W" 7 1 24 0.46 0.5 0 13.3 6.2 0 0 0 35.5 16 55 121 -1.7 -14.8
"46" "46" 1992-03-16 35.54 "SAS" "" "CHH" "L" -5 1 18 0.253 0.222 6.5 7.2 6.8 14.2 0 0 9.2 24.2 78 131 0.5 -13.7
"47" "47" 1992-03-18 35.55 "SAS" "" "SAC" "W" 29 1 24 0.286 0.286 9.3 0 4.3 21.7 2.2 0 12.5 13.8 99 103 4.4 -1.8
"48" "48" 1992-03-21 35.55 "SAS" "" "SEA" "W" 5 1 25 0.457 0.429 5.5 8.5 7.2 25.4 0 2.3 10.2 17.6 109 109 6.9 1.8
"49" "49" 1992-03-23 35.56 "SAS" "@" "PHI" "L" -13 1 21 0.5 0.5 4.8 0 2.5 0 2.6 0 25 16.9 77 125 2.7 -6.9
"50" "50" 1992-03-25 35.56 "SAS" "@" "CHH" "L" -5 1 33 0.429 0.429 5.8 6.1 5.9 19.5 0 1.7 17.6 20 90 117 7 -3.7
"51" "51" 1992-03-27 35.57 "SAS" "@" "MIA" "L" -17 1 24 0.25 0.25 4.1 21.6 11.6 6.1 0 0 27.3 19.3 48 127 -1.6 -16.7
"52" "52" 1992-03-29 35.58 "SAS" "@" "DET" "L" -4 1 32 0.571 0.571 11 11.8 11.4 17.1 1.6 0 11.8 23.2 117 119 14 2.7
"53" "53" 1992-03-30 35.58 "SAS" "@" "NJN" "L" -8 1 28 0.5 0.5 0 16.7 7.5 18.6 0 0 0 10.2 134 127 7.3 -1.6
"54" "54" 1992-04-01 35.58 "SAS" "" "LAL" "W" 18 1 24 0.667 0.667 10.5 4.3 7.1 12.9 2.3 2.4 0 16.8 159 100 11.7 12.3
"55" "55" 1992-04-03 35.59 "SAS" "" "ORL" "L" -7 1 31 0.4 0.4 0 6.8 3.4 14.2 0 0 9.1 14.6 92 112 2.3 -8.1
"56" "56" 1992-04-12 35.61 "SAS" "@" "POR" "L" -26 0 17 0.381 0.286 6.1 6.4 6.3 0 0 0 20.2 23.9 72 138 0.5 -15.5
"57" "57" 1992-04-14 35.62 "SAS" "" "DAL" "W" 12 0 22 0.444 0.444 4.4 13.4 8.8 19.7 2.2 0 30.8 22.9 77 109 3.6 -8
"58" "58" 1992-04-16 35.62 "SAS" "@" "PHO" "L" -20 0 22 0.442 0.417 0 9.3 4.3 14.5 2 2.3 0 22.2 99 112 7.5 -0.5
"59" "59" 1992-04-17 35.63 "SAS" "" "DEN" "W" 14 0 30 0.519 0.429 0 7.1 3.6 9.6 3.5 0 0 14.2 124 103 8.3 -1
"60" "60" 1992-04-19 35.63 "SAS" "" "UTA" "L" -11 0 20 0.313 0.313 5.3 7.7 6.3 0 2.7 0 0 18 80 112 1.8 -4.6
