"Rk" "G" "Date" "Age" "Tm" "H/A" "Opp" "W/L" "By Amt" "GS" "MP" "TS%" "eFG%" "ORB%" "DRB%" "TRB%" "AST%" "STL%" "BLK%" "TOV%" "USG%" "ORtg" "DRtg" "GmSc" "BPM"
"1" "1" 2003-10-30 21.51 "LAC" "@" "SEA" "L" -9 0 5.98333333333333 1 1 19 13.8 16 0 8.4 0 66.7 20.1 57 97 0.5 -13.1
"2" "2" 2003-10-31 21.51 "LAC" "" "SEA" "L" -19 0 19.5666666666667 0.371 0.333 15.3 18.9 16.9 16.7 0 4 17.5 23.4 86 127 3 -11.6
"3" "3" 2003-11-07 21.53 "LAC" "@" "DEN" "W" 2 0 1.41666666666667 NA NA 0 0 0 100 0 0 100 42.6 39 98 -1.5 -42.8
"4" "4" 2003-11-11 21.54 "LAC" "" "ATL" "W" 12 0 2.88333333333333 0 0 34 0 21.3 0 0 0 66.7 40.1 17 120 -2 -53.6
"5" "5" 2003-11-14 21.55 "LAC" "@" "GSW" "W" 6 0 9.1 0.694 0.5 0 9.9 5.9 0 5.7 0 41 25.4 81 96 1.5 -6.9
"6" "6" 2003-11-15 21.55 "LAC" "" "ORL" "W" 3 0 31.8833333333333 0.45 0.375 9.4 23.1 15.5 15.3 0 4.4 25.3 16.7 90 101 6 -5
"7" "7" 2003-11-18 21.56 "LAC" "@" "CLE" "L" -8 1 13.4166666666667 0.171 0 17.1 16.7 17 0 0 9.7 0 24.4 64 103 0.2 -15.7
"8" "8" 2003-11-19 21.56 "LAC" "@" "IND" "L" -13 0 13.45 0.773 0.667 0 37.3 18.8 0 0 5.1 34 20.5 97 96 3.7 -2
"9" "9" 2003-11-22 21.57 "LAC" "@" "MIN" "L" -12 0 30.4 0.773 0.833 11.3 58.1 31.8 12.3 0 0 34 18.4 105 117 11.3 0.6
"10" "10" 2003-11-24 21.58 "LAC" "" "HOU" "L" -15 0 18.7666666666667 0.205 0.25 0 15.2 6.4 0 2.9 0 29.1 16.6 30 110 -3.2 -17.3
"11" "11" 2003-11-27 21.58 "LAC" "" "NJN" "L" -6 0 19.9666666666667 0.685 0.571 9.5 14 11.8 0 0 0 10.2 19 138 112 9.2 3.7
"12" "12" 2003-11-29 21.59 "LAC" "" "DEN" "L" -12 0 11.8333333333333 0.773 0.667 8.9 9.5 9.2 0 0 0 20.5 17.5 128 111 3.1 -4.2
"13" "13" 2003-12-01 21.59 "LAC" "" "SAS" "W" 8 0 31.8666666666667 0.48 0.462 10.5 23.7 18 6.8 1.6 4.1 20.4 26.5 88 81 9 0.3
"14" "14" 2003-12-03 21.6 "LAC" "" "CLE" "W" 10 0 36.8666666666667 0.526 0.5 11.3 28.4 19.9 11.1 0 5.9 18.4 21.1 95 82 12.7 1
"15" "15" 2003-12-05 21.61 "LAC" "@" "UTA" "L" -19 0 26.6666666666667 0.376 0.25 20.3 12.7 16.2 16.6 0 5.9 22 25.8 78 105 3.9 -5.4
"16" "16" 2003-12-07 21.61 "LAC" "" "MIN" "L" -2 1 34.6 0.51 0.5 6.9 26 16.1 10.9 1.5 0 20.3 18.9 97 105 7.9 -2.1
"17" "17" 2003-12-09 21.62 "LAC" "@" "SAC" "L" -10 1 36.5666666666667 0.394 0.375 5.8 39 21.5 11.1 0 2.2 0 21.2 99 111 10.7 -1.6
"18" "18" 2003-12-10 21.62 "LAC" "" "DAL" "W" 1 1 9.33333333333333 0.667 0.667 0 0 0 0 0 0 0 13.7 125 115 2.7 -0.4
"19" "19" 2003-12-13 21.63 "LAC" "" "PHO" "W" 15 0 33.3 0.625 0.625 6.9 18.6 13.1 9.2 0 2 27.3 14.1 101 97 7.5 0
"20" "20" 2003-12-15 21.63 "LAC" "" "NOH" "W" 29 1 29.9666666666667 0.5 0.5 0 26.1 14.5 17.7 0 2.5 14.3 11.1 108 87 6.3 0.2
"21" "21" 2003-12-17 21.64 "LAC" "" "MIL" "W" 10 1 27.4 0.317 0.286 7.7 15.9 12.2 6.3 1.8 0 47 22.7 42 83 -3.9 -15
"22" "22" 2003-12-19 21.64 "LAC" "@" "HOU" "L" -14 1 27.55 0.296 0.25 9.5 4.6 7.5 6 0 0 19.2 16 67 117 0.5 -12.1
"23" "23" 2003-12-20 21.65 "LAC" "@" "DAL" "W" 10 1 4.3 NA NA 0 42.9 23.8 0 0 17.9 NA 0 0 85 0.5 -2.5
"24" "24" 2003-12-23 21.65 "LAC" "@" "SAS" "L" -21 1 19.5333333333333 0.773 0.667 12.3 19.4 15.8 0 0 0 56.3 20.1 70 118 1.6 -9.8
"25" "25" 2003-12-26 21.66 "LAC" "" "PHI" "W" 3 0 18.0166666666667 0.554 0.6 7.6 41 25.2 0 0 4 0 15.7 119 102 5.9 -1.5
"26" "26" 2003-12-28 21.67 "LAC" "" "TOR" "L" -6 0 18.0333333333333 1.025 1 0 45.5 22.8 0 0 8.1 0 12.2 212 98 11.9 17.4
"27" "27" 2003-12-29 21.67 "LAC" "" "PHO" "L" -8 1 17.3333333333333 0.25 0.25 26.7 6.5 16.5 0 0 0 55.6 20.2 41 126 -3.5 -24.6
"28" "28" 2003-12-31 21.68 "LAC" "" "DEN" "W" 16 1 26.5833333333333 0.435 0.286 4.3 20.3 11.7 0 0 2.7 9.8 16.1 97 109 4.3 -9.4
"29" "29" 2004-01-03 21.68 "LAC" "" "SAC" "L" -7 1 13.5166666666667 0 0 8.2 38.2 20 0 0 0 40 16.2 15 124 -2.5 -20.4
"30" "30" 2004-01-04 21.69 "LAC" "" "LAL" "W" 3 1 21.3833333333333 0.5 0.5 0 31.5 19.5 6.8 0 2.8 60 10.2 45 93 0.6 -6.2
"31" "31" 2004-01-06 21.69 "LAC" "@" "NJN" "L" -17 1 28 0.619 0.625 8.4 23.4 16.1 17.6 0 7.9 18.4 17.1 108 99 10.9 8.6
"32" "32" 2004-01-07 21.7 "LAC" "@" "PHI" "L" -20 1 25.5833333333333 0.474 0.5 4.7 14.8 9.6 0 0 0 19.2 19.8 77 117 2 -10.3
"33" "33" 2004-01-09 21.7 "LAC" "@" "TOR" "W" 10 0 4.7 0.333 0.333 0 72 39.5 0 0 0 25 41.8 52 73 0.2 -17.2
"34" "34" 2004-01-11 21.71 "LAC" "" "MEM" "L" -1 1 37.0833333333333 0.506 0.5 3.8 31.9 17.4 0 0 2 21.6 16.9 85 115 5.2 -7.9
"35" "35" 2004-01-13 21.71 "LAC" "" "POR" "W" 7 1 31.4333333333333 0.571 0.571 13.2 25.6 18.6 21.3 1.9 5.2 22.2 13.9 112 102 11.7 2.6
"36" "36" 2004-01-16 21.72 "LAC" "" "MIA" "L" -2 0 27.85 0.6 0.6 0 21.4 11.8 13.3 0 5.2 28.6 12.2 83 101 5.9 1.2
"37" "37" 2004-01-17 21.72 "LAC" "@" "LAL" "L" -2 1 36.1333333333333 0.429 0.429 5.8 17.9 11.8 0 0 3.7 36.4 13.4 60 102 1.7 -9.5
"38" "38" 2004-01-19 21.73 "LAC" "" "SAC" "L" -25 1 19.0833333333333 0.4 0.4 20.9 13.3 17.6 20.5 2.5 6.9 28.6 15 95 123 6.8 2.3
"39" "39" 2004-01-21 21.73 "LAC" "" "GSW" "W" 4 1 16.1833333333333 0.5 0.5 0 21.4 9.2 8.3 0 0 0 5.1 134 116 1.8 -4.7
"40" "40" 2004-01-23 21.74 "LAC" "" "UTA" "W" 11 1 31.2333333333333 0.717 0.75 4.7 9.2 7.4 0 0 4.1 29.1 11.4 96 102 4 -5
"41" "41" 2004-01-24 21.74 "LAC" "@" "SEA" "L" -5 1 17.0333333333333 0.307 0.25 6.3 7.6 6.9 9.1 0 5.2 0 12.8 96 118 2.6 -3.3
"42" "42" 2004-01-26 21.75 "LAC" "@" "UTA" "L" -5 1 17.9666666666667 0.37 0.2 13.7 0 6.8 0 0 0 0 18.3 102 126 1.7 -12.4
"43" "43" 2004-01-27 21.75 "LAC" "" "CHI" "W" 10 1 25.9333333333333 0.5 0.5 6 17.1 12.5 5.6 0 2.6 0 11.4 120 103 4.7 -3.6
"44" "44" 2004-01-30 21.76 "LAC" "@" "MIA" "L" -9 0 3.95 0 0 0 0 0 0 0 0 0 11.3 0 118 -0.7 -14.1
"45" "45" 2004-01-31 21.76 "LAC" "@" "ORL" "W" 9 1 24.5 0.34 0.2 12.1 27.9 21.1 0 4.3 5.2 40.5 19.1 57 101 1.9 -12.9
"46" "46" 2004-02-02 21.77 "LAC" "@" "ATL" "W" 6 1 28.3333333333333 0.4 0.4 3.6 22.9 12.9 9.4 1.9 2.6 16.7 9.2 93 102 5.5 -2.2
"47" "47" 2004-02-04 21.77 "LAC" "@" "BOS" "W" 9 1 27.3333333333333 0.814 0.8 7.6 18.5 12.5 12.6 2 6.1 22.8 14.1 130 96 11.9 4.4
"48" "48" 2004-02-06 21.78 "LAC" "@" "WAS" "L" -12 1 28.5666666666667 0.333 0.333 10.1 23.2 15.6 5.7 1.9 7.7 40 7.2 70 117 4.5 -2.3
"49" "49" 2004-02-08 21.78 "LAC" "@" "NYK" "L" -6 1 24.9333333333333 0.41 0.25 19.2 6.4 13.7 7.6 0 0 0 18.5 125 140 5.4 -10
"50" "50" 2004-02-10 21.79 "LAC" "@" "MIN" "L" -12 1 20.7166666666667 0.571 0.571 21.5 30.1 25.5 0 0 3.2 11.3 22 111 105 8.1 1.2
"51" "51" 2004-02-11 21.79 "LAC" "@" "MEM" "L" -8 1 36.95 0.587 0.455 5.9 10.5 8 9.1 0 2.3 18 19 113 124 10.9 -0.4
"52" "52" 2004-02-18 21.81 "LAC" "@" "POR" "L" -15 1 35.6833333333333 0.509 0.417 13.1 13.1 13.1 6.5 0 2.1 22.5 23.4 97 125 8.2 -6.6
"53" "53" 2004-02-19 21.81 "LAC" "" "BOS" "W" 2 1 12.7666666666667 0.333 0.333 10.5 8.6 9.5 11.8 0 0 57.1 22.9 41 114 -2.8 -21
"54" "54" 2004-02-21 21.82 "LAC" "@" "MIL" "W" 2 1 20.8666666666667 1 1 9.1 29.3 18 0 0 0 66.7 12.1 65 110 0.7 -8.9
"55" "55" 2004-02-24 21.83 "LAC" "@" "DAL" "L" -25 1 12.4333333333333 0.798 0.5 0 9 4.5 0 0 0 21 17.3 131 134 3.9 -4.3
"56" "56" 2004-02-25 21.83 "LAC" "@" "NOH" "L" -6 1 6.66666666666667 0 0 0 20.2 8.5 0 0 0 0 6.4 0 118 -0.8 -15.7
"57" "57" 2004-02-27 21.84 "LAC" "" "NYK" "W" 2 1 11.5666666666667 0.5 0.5 0 22.2 10.3 0 0 0 33.3 11.2 65 110 -1 -14.1
"58" "58" 2004-02-29 21.84 "LAC" "" "DET" "L" -12 1 29.3 0.509 0.5 3.6 29.2 14.5 22 0 0 30.4 15.7 84 116 4.7 -2.4
"59" "59" 2004-03-02 21.85 "LAC" "@" "SAC" "L" -7 1 29.15 0.41 0.25 13.4 8.5 10.9 4.5 3.6 6.4 9.3 17 103 116 8.5 -1.2
"60" "60" 2004-03-03 21.85 "LAC" "" "IND" "L" -7 1 17.7166666666667 0 0 13.7 7.2 10.5 7.5 3.2 0 66.7 16.3 25 111 -2.4 -17.9
"61" "61" 2004-03-06 21.86 "LAC" "" "MEM" "L" -6 1 32.7 0.53 0.556 15.4 24.4 20.1 10.9 0 2.6 17.5 16.1 101 105 8.7 -1.8
"62" "62" 2004-03-07 21.86 "LAC" "" "POR" "W" 20 1 33.1 0.667 0.667 8.1 20.2 15.1 10.3 0 6.1 18.2 16 113 85 11.9 3.4
"63" "63" 2004-03-09 21.87 "LAC" "@" "HOU" "L" -5 1 28.65 0.739 0.714 0 4.4 2.2 6.7 3.6 5.3 11.8 14 125 94 9.1 4.5
"64" "64" 2004-03-10 21.87 "LAC" "@" "SAS" "L" -18 1 23.7833333333333 0 0 0 16 9.2 6.5 2.2 2.8 25.8 7.6 13 114 0 -5.6
"65" "65" 2004-03-12 21.87 "LAC" "@" "MEM" "L" -9 1 28.4666666666667 1.064 1 3.4 26.7 14.4 11.3 0 7.7 34.7 4.5 147 103 8.2 3.6
"66" "66" 2004-03-14 21.88 "LAC" "" "DAL" "L" -13 0 6.16666666666667 0 0 0 0 0 0 0 0 50 17.9 0 120 -2.1 -25.2
"67" "67" 2004-03-16 21.88 "LAC" "@" "PHO" "W" 12 1 18.9166666666667 0.41 0.25 11 33 22 7.3 2.7 9.8 45 19.9 63 88 3 -6.5
"68" "68" 2004-03-17 21.89 "LAC" "" "LAL" "L" -3 1 24.6666666666667 0 0 4.8 34.3 18.2 5.3 2.1 0 0 5.3 41 106 0.1 -7.9
"69" "69" 2004-03-19 21.89 "LAC" "@" "LAL" "L" -6 1 20.95 0.571 0.571 0 43.5 22.9 35.4 4.8 0 20.2 20 101 97 8.9 8.5
"70" "70" 2004-03-21 21.9 "LAC" "" "GSW" "L" -11 1 11.75 0 0 0 0 0 0 0 0 0 3.9 0 118 -1.1 -13.9
"71" "71" 2004-03-22 21.9 "LAC" "@" "DEN" "L" -22 1 18.4333333333333 1 1 0 19.4 9.6 10.8 0 0 66.7 7 58 118 0.9 -5.9
"72" "72" 2004-03-24 21.91 "LAC" "@" "POR" "L" -6 1 30.15 0.68 0.6 5.5 20.4 14.7 17 0 2.6 25.4 13.1 113 106 8.2 2.8
"73" "73" 2004-03-25 21.91 "LAC" "" "WAS" "L" -9 1 21.3166666666667 0 0 4.7 31.2 17.2 0 0 12.2 34.7 6.1 20 104 1.3 -7.3
"74" "74" 2004-03-27 21.92 "LAC" "" "MIN" "L" -16 1 33.2666666666667 0.591 0.538 10.9 33.6 22.1 15.5 0 0 11.1 26.7 116 112 14.9 3
"75" "75" 2004-03-28 21.92 "LAC" "@" "GSW" "L" -28 1 33.2666666666667 0.396 0.4 9.4 17.6 13.7 0 0 0 7.3 18.4 83 116 5.1 -7
"76" "76" 2004-03-31 21.93 "LAC" "@" "DET" "L" -9 1 34.7166666666667 0.619 0.625 4.3 24.1 15.3 4.4 0 2.4 18.4 14.3 104 114 7.2 -2.2
"77" "77" 2004-04-02 21.93 "LAC" "@" "CHI" "L" -4 1 34.6 0.546 0.5 0 15.9 8.1 10.3 0 1.8 29.1 12.6 82 109 3.5 -6.9
"78" "78" 2004-04-04 21.94 "LAC" "" "UTA" "L" -5 1 29.8666666666667 1.064 1 0 9.7 5.1 6.1 0 4.6 61.5 8.6 79 115 3.4 -2.3
"79" "79" 2004-04-07 21.95 "LAC" "" "HOU" "L" -23 1 25.4333333333333 0.085 0 11.3 16 13.2 13.7 0 0 25.4 14.5 42 121 -0.9 -14
"80" "80" 2004-04-11 21.96 "LAC" "" "SAS" "L" -9 1 28.55 0.636 0.636 10.1 15.6 12.2 0 0 0 21.4 21.6 101 110 8.7 0.9
"81" "81" 2004-04-13 21.96 "LAC" "@" "PHO" "W" 2 1 24.65 1 1 14 7.7 10.5 16.7 0 0 25 7.3 158 111 7.7 2.5
"82" "82" 2004-04-14 21.96 "LAC" "" "SEA" "L" -31 1 5.83333333333333 NA NA 0 23.5 11.3 0 0 0 NA 0 0 128 -0.1 -9.1
"1" "1" 2004-11-25 22.58 "LAC" "" "NJN" "W" 13 0 15.7833333333333 0.788 0.75 12 20.9 17.6 12.5 0 4.6 40.3 23.3 93 100 4.6 -1.6
"2" "2" 2004-11-26 22.58 "LAC" "@" "GSW" "W" 11 0 7.63333333333333 0 0 16.2 25.5 21.4 0 0 0 50 11.9 33 97 -0.4 -14.1
"3" "" 2004-11-28 22.59 "LAC" "" "GSW" "W" 12 NA NA NA NA NA NA NA NA NA NA NA NA NA NA NA NA
"4" "3" 2004-11-28 22.59 "LAC" "" "GSW" "W" 12 0 16 0.532 0 8.3 18.4 14.1 22 3.3 4.5 0 5.4 163 90 4.7 6.8
"5" "4" 2004-11-29 22.59 "LAC" "" "CLE" "W" 12 0 9.55 0 0 0 12.6 6.6 0 0 0 0 9.9 0 101 -1.5 -16.5
"6" "5" 2004-12-01 22.59 "LAC" "" "IND" "W" 12 0 7.15 0.5 0.5 22.1 21.4 21.8 0 8.6 0 33.3 22.6 77 82 1.2 -9.6
"7" "6" 2004-12-04 22.6 "LAC" "" "MIN" "L" -7 0 6.35 0 0 0 40.2 21.8 0 0 0 0 15.6 0 107 -0.8 -13.5
"8" "7" 2004-12-06 22.61 "LAC" "" "CHA" "W" 6 0 28.5333333333333 1 1 12.2 15.3 14.1 13.9 0 2.4 40 9.3 117 99 7 3.1
"9" "8" 2004-12-11 22.62 "LAC" "" "LAL" "L" -2 0 6.1 1.136 NA 16.3 0 9.3 24.2 9.6 0 0 6.5 236 98 4.4 22.6
"10" "" 2004-12-13 22.63 "LAC" "" "BOS" "L" -7 NA NA NA NA NA NA NA NA NA NA NA NA NA NA NA NA
"11" "9" 2004-12-14 22.63 "LAC" "@" "UTA" "L" -2 1 36.4333333333333 0.512 0.5 8.3 17.1 13.1 4.7 1.8 5.9 17 8.2 110 117 6.7 -1
"12" "10" 2004-12-17 22.64 "LAC" "@" "MIN" "L" -27 1 27.5666666666667 0.347 0.25 17.8 18.2 18 14.1 0 2.8 14.8 11.9 96 129 3.5 -5.4
"13" "11" 2004-12-19 22.64 "LAC" "" "MEM" "L" -10 1 20.8166666666667 0.6 0.6 13.9 14 13.9 9.9 2.6 7.6 28.6 15.9 92 98 6.3 2.9
"14" "12" 2004-12-21 22.65 "LAC" "" "NOH" "W" 9 1 26.8166666666667 0.644 0.667 15.1 20 17.8 0 4.4 8 34 11.3 98 89 7.8 0.7
"15" "13" 2004-12-26 22.66 "LAC" "@" "HOU" "L" -17 1 17.9 0.667 0.667 0 16.2 7.4 10.4 0 4.5 50 15.8 60 113 0.5 -10.1
"16" "14" 2004-12-27 22.67 "LAC" "@" "MEM" "L" -20 1 27.5 0.717 0.75 4.1 26.4 14.8 8.2 2 5.5 17 10.1 121 104 8 2.2
"17" "15" 2004-12-29 22.67 "LAC" "" "UTA" "W" 11 1 22 0.667 0.667 6 16.9 11.6 13.1 0 5.7 0 6.4 160 108 5.1 1.1
"18" "16" 2004-12-31 22.68 "LAC" "" "SAS" "L" -19 1 19.3666666666667 0.333 0.333 0 28.9 12.6 0 0 4.7 14.3 18 57 108 1.5 -4.9
"19" "17" 2005-01-02 22.68 "LAC" "" "PHI" "W" 6 1 27.0833333333333 0.697 0.625 13.7 32.3 26.3 0 0 0 24.4 21.6 107 83 8.8 -0.7
"20" "18" 2005-01-03 22.68 "LAC" "@" "DEN" "W" 4 1 17.0666666666667 0 0 0 12.5 6.8 8.8 0 0 50 10.8 13 113 -3.3 -15.6
"21" "19" 2005-01-05 22.69 "LAC" "" "POR" "W" 4 1 28.1 0.509 0.455 15.9 27.8 21.4 5.3 0 2.9 23.9 26.9 94 111 8.1 -7.9
"22" "20" 2005-01-08 22.7 "LAC" "" "PHO" "L" -17 0 20.65 0.636 0.667 0 27.2 12.4 0 2.4 0 0 18.6 123 110 9.4 4
"23" "21" 2005-01-11 22.71 "LAC" "@" "SEA" "L" -5 1 29.15 0.556 0.556 0 31.9 15.8 6.3 0 2.9 10 16.2 102 114 6.9 -3
"24" "22" 2005-01-12 22.71 "LAC" "" "SEA" "W" 11 1 15.8333333333333 0.222 0.222 7.3 15.4 11.3 0 0 5.5 18.2 33 46 108 -2.7 -25.7
"25" "23" 2005-01-14 22.72 "LAC" "" "MIA" "W" 2 1 27.4666666666667 0.507 0.5 4.8 30.7 19.9 6.1 2 3.1 18.4 20.1 86 95 6 -3.6
"26" "24" 2005-01-15 22.72 "LAC" "@" "SAC" "L" -4 1 36.9833333333333 0.659 0.647 8.8 14.4 11.4 5.5 0 0 18.7 25.1 112 113 14.7 1
"27" "25" 2005-01-17 22.72 "LAC" "" "SAC" "L" -6 1 37.3833333333333 0.405 0.35 14.7 23.5 18.4 11.9 1.4 5.7 8.3 26.4 93 92 15 4.8
"28" "26" 2005-01-19 22.73 "LAC" "@" "SAS" "L" -1 1 40.9 0.466 0.421 8 29.3 18.6 13.3 0 3.7 8.2 27.9 99 92 14.3 4.2
"29" "27" 2005-01-20 22.73 "LAC" "@" "DAL" "L" -22 1 35.85 0.4 0.4 2.8 10 6.1 11.8 0 2.1 0 12.6 105 122 4.7 -3.2
"30" "28" 2005-01-22 22.74 "LAC" "@" "NOH" "L" -3 1 36.95 0.505 0.5 3.8 9.7 7 0 1.6 4.5 13.4 21.3 85 106 7.4 -5.9
"31" "29" 2005-01-24 22.74 "LAC" "" "DAL" "W" 10 1 35.25 0.597 0.6 13.4 23.3 18.7 14.3 1.5 4.6 21.6 18.8 107 94 13.1 2.7
"32" "30" 2005-01-26 22.75 "LAC" "" "LAL" "W" 16 1 38.3333333333333 0.444 0.429 21.1 24.1 22.5 8 1.3 10.4 24.1 22.1 87 87 13.9 -1.2
"33" "31" 2005-01-28 22.75 "LAC" "@" "POR" "L" -4 1 23.75 0.5 0.5 14 17.4 15.7 0 2.4 0 40 19.9 67 105 2.5 -12
"34" "32" 2005-01-29 22.76 "LAC" "" "GSW" "W" 11 1 21.7166666666667 0.322 0.3 26 20.8 23.4 0 2.8 0 0 23.8 104 99 5.7 -7.4
"35" "33" 2005-01-31 22.76 "LAC" "" "NYK" "W" 7 1 34.5666666666667 0.648 0.615 15.7 20.2 17.6 4.6 0 0 17.8 22.9 117 111 14 -3.1
"36" "34" 2005-02-03 22.77 "LAC" "@" "MEM" "W" 3 1 23.4666666666667 0.635 0.714 13.8 20.5 17.6 0 0 3.4 20.2 21.1 103 118 5.6 -6.5
"37" "35" 2005-02-04 22.77 "LAC" "@" "MIL" "L" -2 1 35.2 0.267 0.267 6.7 13.4 10 0 1.7 0 0 21.7 67 112 1.5 -13.2
"38" "36" 2005-02-06 22.78 "LAC" "@" "PHI" "L" -2 1 35.1 0.682 0.636 5.1 4.6 4.8 10.8 0 0 13.2 20.4 119 122 11.5 -0.5
"39" "37" 2005-02-09 22.79 "LAC" "@" "BOS" "L" -5 1 27 0.429 0.429 8.5 10.5 9.4 28.8 2 0 30 16.8 82 111 5.1 -2.5
"40" "38" 2005-02-11 22.79 "LAC" "@" "WAS" "L" -3 1 15.4333333333333 0.5 0.5 0 21.4 10.7 0 0 5.4 20 14.3 76 105 1 -10.7
"41" "39" 2005-02-13 22.8 "LAC" "@" "TOR" "L" -3 1 19.9833333333333 0.353 0.3 10.9 32 21.6 0 0 0 0 25.3 88 115 3.8 -11.2
"42" "40" 2005-02-15 22.8 "LAC" "@" "ORL" "L" -5 1 31.6333333333333 0.651 0.667 0 13.7 5.5 0 1.6 0 21.8 18.8 97 106 7.4 -2.5
"43" "41" 2005-02-16 22.81 "LAC" "@" "MIA" "L" -18 1 24.2666666666667 0.506 0.444 5.1 28.6 16.2 0 2.3 0 9.2 20.1 106 124 6.3 -2.5
"44" "42" 2005-02-23 22.82 "LAC" "@" "PHO" "L" -17 0 22.3 0.425 0.4 11.7 18.2 14.2 0 0 0 7.8 23.4 94 124 4.2 -8.6
"45" "43" 2005-02-24 22.83 "LAC" "" "MIN" "W" 6 1 29.7833333333333 0.416 0.385 22.3 16.8 19.8 11.9 1.8 2.3 11.3 27 96 97 10.4 -1.7
"46" "44" 2005-02-27 22.84 "LAC" "" "ATL" "W" 7 1 30.6833333333333 0.709 0.667 13 28.7 21.1 18.2 0 0 28.8 21.9 110 118 12 -3.1
"47" "45" 2005-02-28 22.84 "LAC" "@" "UTA" "L" -1 1 31.1166666666667 0.394 0.375 11.3 9.7 10.6 6.1 0 7.1 36 22.2 63 111 1.5 -10.1
"48" "46" 2005-03-02 22.84 "LAC" "" "DAL" "W" 9 1 10.85 1 1 22.4 19.4 20.8 14.7 0 0 66.7 12.2 82 103 0.8 -7.8
"49" "47" 2005-03-05 22.85 "LAC" "" "DEN" "L" -16 1 29.95 0.597 0.6 0 27.1 12.9 6.3 0 0 21.6 20.2 89 117 7 -4.2
"50" "48" 2005-03-07 22.86 "LAC" "" "MEM" "L" -3 1 18.6333333333333 0 0 8.1 19.9 14.6 0 0 5.3 50 5.1 34 119 -1 -11.6
"51" "49" 2005-03-08 22.86 "LAC" "@" "LAL" "W" 9 1 29.6666666666667 0.545 0.545 8.4 21.1 14.7 15.8 2 0 0 18.6 129 122 11.9 1.9
"52" "50" 2005-03-11 22.87 "LAC" "@" "SAC" "L" -1 1 25.45 0.574 0.6 20 32.6 27.4 5.6 2.1 2.7 15 25.7 107 112 11 -1.3
"53" "51" 2005-03-13 22.87 "LAC" "" "CHI" "W" 5 1 24.35 0.286 0.286 9.6 7 8.1 14.7 0 0 12.5 15.4 73 99 0.7 -8.8
"54" "52" 2005-03-16 22.88 "LAC" "" "ORL" "W" 8 1 29.05 0.612 0.5 18.5 32.4 25.5 0 0 6.7 13.3 23.9 123 109 14 -0.8
"55" "53" 2005-03-18 22.89 "LAC" "@" "DEN" "L" -19 1 32.15 0.417 0.417 11.9 11.8 11.8 6.4 1.5 0 7.7 17.6 94 124 6.4 -7.3
"56" "54" 2005-03-19 22.89 "LAC" "" "SAC" "L" -4 1 36.8166666666667 0.431 0.364 10.6 15.1 13 4.7 0 6 7.3 17.6 99 108 8.3 -2
"57" "55" 2005-03-21 22.9 "LAC" "" "POR" "W" 7 1 36.5 0.85 0.8 10.5 17 14.3 8.7 0 3.7 0 7.5 182 98 14.3 5.7
"58" "56" 2005-03-23 22.9 "LAC" "" "MIL" "W" 8 1 31.4333333333333 0.63 0.667 17.6 19.1 18.5 12.5 0 2.2 16.2 17.8 123 123 11.7 -1.1
"59" "57" 2005-03-25 22.91 "LAC" "" "WAS" "W" 4 1 26.3333333333333 0.667 0.667 8.5 50.1 28.5 6.2 0 0 45.5 17.5 73 93 4.6 -4.8
"60" "58" 2005-03-27 22.91 "LAC" "@" "MIN" "L" -4 1 29.8 0.444 0.429 0 20.9 11.6 17.6 0 0 20.2 15.7 80 99 4 -1.4
"61" "59" 2005-03-29 22.92 "LAC" "@" "CLE" "L" -10 1 38.05 0.676 0.667 11.1 18.5 15.2 25.4 1.5 1.9 23.1 22.8 108 110 15.6 4.7
"62" "60" 2005-03-30 22.92 "LAC" "@" "NJN" "L" -17 1 8.08333333333333 1 1 0 16.7 8.7 57.1 0 0 50 12.7 115 112 2.4 8.8
"63" "" 2005-04-01 22.93 "LAC" "@" "DET" "L" -13 NA NA NA NA NA NA NA NA NA NA NA NA NA NA NA NA
"64" "" 2005-04-03 22.93 "LAC" "@" "ATL" "W" 20 NA NA NA NA NA NA NA NA NA NA NA NA NA NA NA NA
"65" "" 2005-04-05 22.94 "LAC" "@" "CHA" "W" 2 NA NA NA NA NA NA NA NA NA NA NA NA NA NA NA NA
"66" "" 2005-04-06 22.94 "LAC" "@" "SAS" "L" -9 NA NA NA NA NA NA NA NA NA NA NA NA NA NA NA NA
"67" "61" 2005-04-09 22.95 "LAC" "" "SAS" "L" -1 0 35.0333333333333 0.61 0.5 10.7 25.5 20 9.5 1.5 6.7 15.5 27.3 112 107 16.9 3.3
"68" "62" 2005-04-12 22.96 "LAC" "" "UTA" "W" 9 0 31.85 0.46 0.4 19.1 12.5 15.8 4.7 0 10.3 15.5 17.8 100 95 10.6 -2.7
"69" "63" 2005-04-15 22.96 "LAC" "@" "PHO" "L" -7 0 32.95 0.706 0.714 3.7 18 11.5 5.6 0 11.9 11.8 23.6 124 106 18.7 11.6
"70" "" 2005-04-16 22.97 "LAC" "" "NOH" "W" 5 NA NA NA NA NA NA NA NA NA NA NA NA NA NA NA NA
"71" "" 2005-04-18 22.97 "LAC" "@" "HOU" "L" -25 NA NA NA NA NA NA NA NA NA NA NA NA NA NA NA NA
"72" "" 2005-04-20 22.98 "LAC" "@" "NOH" "W" 11 NA NA NA NA NA NA NA NA NA NA NA NA NA NA NA NA
"1" "1" 2005-11-02 23.52 "LAC" "@" "SEA" "W" 8 1 18.9666666666667 1.064 1 13 32.4 22.7 0 0 14.3 72.7 16.2 61 93 2.9 -6.8
"2" "2" 2005-11-04 23.52 "LAC" "" "ATL" "W" 15 1 23.15 0.524 0.6 4.7 17.6 11.4 7.5 2.3 14.1 34.4 21.9 71 77 4.9 -1.7
"3" "3" 2005-11-05 23.52 "LAC" "" "MIN" "W" 1 1 34.0333333333333 0.53 0.5 10.6 13.8 12.2 0 0 0 8.1 17.7 110 110 6.9 -5
"4" "4" 2005-11-07 23.53 "LAC" "@" "MIN" "L" -15 1 20.3 0.46 0.4 0 27 13 9.4 2.7 0 15.5 15 85 102 3.4 -0.5
"5" "5" 2005-11-09 23.53 "LAC" "@" "WAS" "W" 5 1 25.0666666666667 0.225 0.125 19.6 11.3 14.9 0 2.1 2.5 18.4 20.2 65 105 0.6 -13.8
"6" "6" 2005-11-10 23.54 "LAC" "@" "ATL" "W" 7 1 26.2166666666667 0.846 0.75 5.2 23.7 16.5 12 3.9 4.5 36.1 14.2 114 89 10 5.8
"7" "7" 2005-11-13 23.55 "LAC" "@" "PHI" "L" -5 1 19.8 0.2 0.2 6.2 30.3 18.4 0 0 6.6 16.7 12.9 47 109 -0.1 -11.3
"8" "8" 2005-11-15 23.55 "LAC" "" "MIL" "W" 24 1 22.8 0.5 0.5 6 11.1 8.7 13.7 0 6 0 7.9 132 97 5.3 3.4
"9" "9" 2005-11-18 23.56 "LAC" "@" "LAL" "W" 6 1 36.3833333333333 0.644 0.5 11.6 21.1 17.3 9.4 0 7.4 20.5 13 121 96 12.5 5
"10" "10" 2005-11-20 23.56 "LAC" "" "GSW" "W" 12 1 27.1333333333333 0.424 0.444 15.2 17 16.3 0 0 2.9 24.1 20.7 77 104 3 -9.2
"11" "11" 2005-11-23 23.57 "LAC" "" "TOR" "W" 3 1 29.7166666666667 0.833 0.833 0 12.9 8.3 0 0 2.6 25 13.5 110 116 6.5 -2.5
"12" "12" 2005-11-25 23.58 "LAC" "@" "DEN" "L" -10 1 24.1833333333333 0.709 0.667 5.2 41.5 24.5 15.8 0 5.8 0 14.3 153 103 12.6 9.5
"13" "13" 2005-11-27 23.58 "LAC" "" "IND" "L" -5 1 34.9333333333333 0.639 0.545 4 29.1 19.2 0 0 6.4 22.1 25.1 100 100 12.8 0.2
"14" "14" 2005-11-29 23.59 "LAC" "@" "MIN" "W" 9 1 32.8666666666667 0.4 0.4 6.3 17.9 12.3 0 0 4.4 9.1 15.7 82 93 4.6 -5.9
"15" "15" 2005-11-30 23.59 "LAC" "@" "CLE" "L" -7 1 36 0.327 0 8.8 22.1 14.7 0 1.4 4.9 34.4 14.5 60 107 1 -9.5
"16" "16" 2005-12-03 23.6 "LAC" "" "CLE" "W" 12 1 39.5333333333333 0.711 0.75 6.9 35 24.5 7.2 0 3.5 0 10 152 88 15.7 8
"17" "17" 2005-12-05 23.61 "LAC" "" "MIA" "W" 10 1 33.4 0.58 0.5 0 12.8 7 4.3 0 4.7 11.4 12.5 105 95 6.3 -1.1
"18" "18" 2005-12-07 23.61 "LAC" "" "NYK" "W" 5 1 38.6166666666667 0.25 0.25 0 14.1 7.1 4.7 0 5.3 0 10.3 59 93 2.3 -5.5
"19" "19" 2005-12-10 23.62 "LAC" "" "PHO" "W" 10 1 36.4166666666667 0.615 0.625 3.3 27.6 15.9 0 0 2.1 23.5 16.1 92 100 7.1 -4.8
"20" "20" 2005-12-11 23.62 "LAC" "" "DET" "L" -8 1 36.0666666666667 0.667 0.667 7.2 20.7 14.6 4.2 0 0 14.3 18.8 119 127 11.8 -0.9
"21" "21" 2005-12-13 23.63 "LAC" "@" "SAS" "L" -8 1 39.9833333333333 0.493 0.417 8.8 20.2 14.5 5.4 0 0 0 17.1 115 100 11.4 0.7
"22" "22" 2005-12-14 23.63 "LAC" "@" "NOK" "L" -13 1 38.9 0.654 0.667 3.2 26.7 14.6 0 2.7 4 30.4 12.4 93 107 8.3 0.4
"23" "23" 2005-12-17 23.64 "LAC" "" "HOU" "W" 8 1 24.35 0.102 0 5.2 9.2 7.3 0 0 3.1 17 12.8 32 101 -2.8 -18
"24" "24" 2005-12-20 23.65 "LAC" "@" "NJN" "L" -14 1 24.5666666666667 0.2 0.2 0 16.3 7.1 0 0 7 28.6 13 28 104 -2.8 -13.5
"25" "25" 2005-12-21 23.65 "LAC" "@" "IND" "L" -22 1 35.6166666666667 0.346 0.353 20.9 25.5 22.7 5.4 1.5 0 13.8 27.2 78 107 7.8 -5.6
"26" "26" 2005-12-23 23.65 "LAC" "@" "CHA" "W" 9 1 41.6333333333333 0.652 0.625 8 43 27 9.1 0 1.7 15.1 20.3 120 88 20.1 6.3
"27" "27" 2005-12-27 23.67 "LAC" "" "SAC" "L" -17 1 31.4 0.778 0.778 6.6 37.2 20.3 0 1.6 10 25 16.4 106 104 14.2 3.7
"28" "28" 2005-12-31 23.68 "LAC" "" "BOS" "L" -19 1 44.7 0.63 0.556 2.9 21.5 11.9 13.6 1.2 4.4 22.5 13.4 111 119 13.6 0.7
"29" "29" 2006-01-01 23.68 "LAC" "@" "POR" "W" 6 1 32.5666666666667 0.509 0.417 14.7 33.1 24.8 0 0 0 12.7 23 108 103 10.5 -6.6
"30" "30" 2006-01-06 23.69 "LAC" "@" "SAC" "L" -4 1 37.9333333333333 0.655 0.563 10.5 35.6 20.6 8.5 1.3 5.2 20.8 25.8 116 115 20.4 2.2
"31" "31" 2006-01-07 23.7 "LAC" "" "LAL" "L" -3 1 34.3333333333333 0.589 0.545 4 26.6 16.3 8.8 0 2.2 14.4 18.9 109 118 9.5 -2.1
"32" "32" 2006-01-10 23.7 "LAC" "" "ORL" "W" 17 1 29.2666666666667 0.735 0.75 3.5 16.8 9.5 14.2 1.9 8.2 16.4 19.9 125 79 13 9
"33" "33" 2006-01-14 23.72 "LAC" "" "SEA" "W" 26 1 33.7166666666667 0.854 0.833 7.1 23.2 16 5.3 0 2.2 17 24 140 82 21.2 9.7
"34" "34" 2006-01-16 23.72 "LAC" "" "UTA" "W" 9 1 40.05 0.599 0.444 10.2 12.5 11.5 5 1.3 5.1 32.4 21.3 91 95 9.3 -3
"35" "35" 2006-01-18 23.73 "LAC" "" "PHO" "L" -10 1 35.7833333333333 0.558 0.444 16 36.6 26.5 3.8 0 2.1 25.6 18.4 101 115 12.4 -0.8
"36" "36" 2006-01-20 23.73 "LAC" "" "DAL" "L" -20 1 32.3333333333333 0.421 0.429 3.8 15.6 9.6 5.2 0 0 19.4 16.4 74 122 2.7 -9.2
"37" "37" 2006-01-22 23.74 "LAC" "" "GSW" "W" 13 1 37.1166666666667 0.638 0.583 13.6 37.4 25.5 0 0 10.1 18.4 18.1 114 92 16.5 4.1
"38" "38" 2006-01-23 23.74 "LAC" "@" "GSW" "W" 3 1 34.7833333333333 0.336 0.286 6.9 28.7 18.8 9.4 1.6 4.5 21.2 13.3 74 96 5.9 -3.1
"39" "39" 2006-01-25 23.75 "LAC" "" "NJN" "W" 13 1 32.5333333333333 0.73 0.667 3.9 24.6 15.4 5.4 0 4.3 20.5 21.4 115 81 13.3 4.1
"40" "40" 2006-01-27 23.75 "LAC" "@" "DEN" "W" 18 1 36.9666666666667 0.743 0.667 13 26.5 21.4 7.8 1.5 5.7 15.7 16.3 137 89 18.9 9.3
"41" "41" 2006-01-28 23.75 "LAC" "" "DEN" "W" 33 1 34.2666666666667 0.799 0.833 8.2 44.4 28 0 0 0 0 9.3 163 84 12.9 2.3
"42" "42" 2006-01-30 23.76 "LAC" "@" "MIA" "L" -4 1 14.0166666666667 0.5 0.5 32.1 0 16.6 0 0 0 0 13.2 135 129 1.7 -10.6
"43" "43" 2006-02-01 23.76 "LAC" "@" "ORL" "W" 12 1 29.55 0.625 0.625 9.6 22.2 16.7 0 1.7 4.8 0 12.9 133 96 10 3.3
"44" "44" 2006-02-03 23.77 "LAC" "@" "BOS" "W" 17 1 35.6833333333333 0.636 0.636 4.6 26.4 19 9.1 0 0 15.4 19.1 107 88 11.3 -0.5
"45" "45" 2006-02-05 23.78 "LAC" "@" "TOR" "W" 2 1 45.0333333333333 0.515 0.5 15.4 22.1 18.8 10.1 2.3 0 11.4 17.8 113 109 15.8 -0.8
"46" "46" 2006-02-07 23.78 "LAC" "@" "NYK" "W" 3 1 42.7166666666667 0.635 0.625 3 21.6 13.9 9.5 1.3 1.7 18.8 24.8 105 91 15.6 1.9
"47" "47" 2006-02-08 23.78 "LAC" "@" "DET" "L" -10 1 33.5666666666667 0.523 0.5 7.2 20.4 13.3 5 1.7 0 7.4 20 108 115 9.4 0.2
"48" "48" 2006-02-10 23.79 "LAC" "" "MEM" "W" 4 1 37.3666666666667 0.546 0.417 15.1 20 17.9 4.7 0 1.9 17 23.5 108 104 11.7 -2.1
"49" "49" 2006-02-12 23.79 "LAC" "" "CHI" "L" -6 1 39.9166666666667 0.431 0.417 4.6 22.2 12 8.3 0 0 6.2 17.1 92 102 8.1 -2.3
"50" "50" 2006-02-14 23.8 "LAC" "" "HOU" "L" -31 1 34.1666666666667 0.621 0.333 3.3 28.1 13.5 0 2.9 0 34.7 11.3 88 127 6 -5.7
"51" "51" 2006-02-15 23.8 "LAC" "@" "GSW" "L" -7 1 34.1 0.455 0.455 2.9 11.3 7.2 10.8 0 6.7 21.4 18.8 77 101 5.1 -4.4
"52" "52" 2006-02-21 23.82 "LAC" "@" "DAL" "L" -2 1 40.6833333333333 0.644 0.667 14 22.5 18.3 4.1 1.3 1.7 25.6 17.8 106 101 12.6 -1.2
"53" "53" 2006-02-22 23.82 "LAC" "@" "HOU" "L" -4 1 31.6166666666667 0.523 0.429 7.1 20 13.1 0 1.6 2.7 8.7 16.7 108 113 8.1 -4.5
"54" "54" 2006-02-24 23.83 "LAC" "" "LAL" "W" 19 1 9.46666666666667 0.4 0.4 26.7 35.4 31.3 37.8 11.1 0 0 25.3 114 66 6.6 16.7
"55" "" 2006-02-27 23.84 "LAC" "" "CHA" "W" 8 NA NA NA NA NA NA NA NA NA NA NA NA NA NA NA NA
"56" "" 2006-03-01 23.84 "LAC" "" "NOK" "W" 22 NA NA NA NA NA NA NA NA NA NA NA NA NA NA NA NA
"57" "55" 2006-03-03 23.85 "LAC" "@" "UTA" "L" -2 1 33.3 0.5 0.5 19.5 9.8 14.2 0 0 0 28.6 20.3 89 122 3.4 -11.3
"58" "56" 2006-03-05 23.85 "LAC" "" "MEM" "L" -16 1 36.1833333333333 0.507 0.467 17.7 26.5 20.8 5.8 1.5 0 15.2 26.1 100 121 11.7 -4.8
"59" "57" 2006-03-07 23.86 "LAC" "" "SAS" "W" 13 1 32.7833333333333 0.788 0.667 9.8 23.1 17.2 4.7 1.7 0 24 19.1 127 97 13.1 3.6
"60" "58" 2006-03-10 23.87 "LAC" "@" "CHI" "W" 11 1 29.25 0.364 0.364 7.5 10 8.8 0 1.8 0 0 17.3 90 106 4.4 -6.6
"61" "59" 2006-03-11 23.87 "LAC" "@" "MIL" "W" 8 1 33.15 0.793 0.769 7.8 21.2 14.9 11.8 0 6.9 12.6 22.4 139 102 19.2 7.5
"62" "60" 2006-03-13 23.87 "LAC" "" "MIN" "W" 8 1 44.2 0.592 0.467 10.3 54.3 31.2 4.3 4.9 5.3 4.7 22.3 131 84 28.2 11.3
"63" "61" 2006-03-15 23.88 "LAC" "@" "PHO" "L" -31 1 28.1 0.368 0.3 17.6 40.5 25.8 0 3.2 0 21.6 18.2 80 115 7.6 -5.6
"64" "62" 2006-03-17 23.88 "LAC" "" "PHI" "W" 10 1 39.75 0.444 0.444 6.2 24.6 16.5 10.6 1.4 7 0 11.3 111 94 12.8 1.4
"65" "63" 2006-03-20 23.89 "LAC" "@" "HOU" "W" 8 1 22.9666666666667 0.533 0.5 5.6 22.2 14.9 0 2.3 3.1 10.6 20.6 97 95 5.9 -3.6
"66" "64" 2006-03-21 23.9 "LAC" "@" "NOK" "L" -12 1 25.8166666666667 0.6 0.6 13.3 8.5 10.3 0 0 0 37.5 14.5 82 132 1.1 -11.2
"67" "65" 2006-03-23 23.9 "LAC" "@" "MEM" "L" -10 1 39.1166666666667 0.354 0.333 8.6 22.3 15.5 4 3.9 0 33.6 17 60 96 3.5 -3.8
"68" "66" 2006-03-25 23.91 "LAC" "" "WAS" "W" 15 1 39.25 0.648 0.571 20.4 15.6 17.5 16.7 0 3.4 23.6 23.7 116 105 18.7 2.1
"69" "67" 2006-03-26 23.91 "LAC" "@" "POR" "W" 14 1 33.6166666666667 0.5 0.5 17.3 18.2 17.8 5.4 0 2.7 27.3 16.3 92 96 6.6 -3.2
"70" "68" 2006-03-28 23.92 "LAC" "" "SAS" "L" -11 1 32.0833333333333 0.688 0.6 10.7 19.2 14.8 7.9 0 3.1 13.3 21.9 126 113 14.8 5.6
"71" "69" 2006-03-31 23.92 "LAC" "" "UTA" "W" 15 1 38.45 0.546 0.429 0 39.6 23.2 7.7 1.4 1.7 0 13.9 116 95 12.3 2.8
"72" "70" 2006-04-02 23.93 "LAC" "@" "SAC" "L" -10 1 34.7666666666667 0.727 0.667 6.4 26.3 16.2 0 0 2.5 26.7 22.6 111 114 13.1 1.3
"73" "71" 2006-04-04 23.93 "LAC" "" "DEN" "W" 2 1 42.2666666666667 0.709 0.667 8.5 18.3 12.8 6.1 0 1.9 37.8 16.3 92 114 9 -5.1
"74" "72" 2006-04-05 23.94 "LAC" "@" "PHO" "W" 14 1 28.0333333333333 0.511 0.444 4.8 24.9 16.9 4.4 0 2.7 8.5 18.3 107 104 7.8 -2.8
"75" "73" 2006-04-07 23.94 "LAC" "" "SAC" "L" -3 1 31.0833333333333 0.533 0.5 12.2 37.1 26.3 14.6 0 2.6 10.6 13.7 118 102 10.9 3.2
"76" "74" 2006-04-09 23.95 "LAC" "@" "LAL" "L" -17 1 27.9 0.4 0.4 4 42 22.5 0 0 3.2 16.7 20 69 103 3.8 -6.5
"77" "75" 2006-04-10 23.95 "LAC" "" "DAL" "L" -2 1 40.8666666666667 0.59 0.563 16 16.8 16.4 8.1 1.5 1.9 0 24.1 133 96 20.8 9.6
"78" "76" 2006-04-12 23.96 "LAC" "" "POR" "W" 4 1 27.5 0.632 0.5 16.4 35.8 27 0 0 2.8 21.3 24.9 110 101 10.2 -3.3
"79" "77" 2006-04-14 23.96 "LAC" "@" "SEA" "W" 4 1 36.6666666666667 0.689 0.636 3.5 32.7 19.4 4.9 2.9 4.9 21.6 23.8 110 97 16.8 3.3
"80" "" 2006-04-16 23.97 "LAC" "" "SEA" "L" -16 NA NA NA NA NA NA NA NA NA NA NA NA NA NA NA NA
"81" "" 2006-04-18 23.97 "LAC" "@" "MEM" "L" -6 NA NA NA NA NA NA NA NA NA NA NA NA NA NA NA NA
"82" "78" 2006-04-19 23.98 "LAC" "@" "DAL" "W" 14 1 27.15 0.709 0.667 4.5 18.4 12.2 0 0 2.7 16.8 22.3 118 86 10.2 3
"1" "1" 2006-11-01 24.51 "LAC" "@" "PHO" "L" -8 0 23.5833333333333 0.455 0.444 17 29.1 22.1 0 4.3 0 9.2 19.1 106 109 8.4 1.3
"2" "2" 2006-11-02 24.52 "LAC" "" "DEN" "W" 1 1 35.2666666666667 0.375 0.375 8.5 14.8 11.6 13.2 1.3 2.1 11.1 11 92 91 6.8 0.9
"3" "3" 2006-11-04 24.52 "LAC" "" "PHO" "W" 6 0 22.5 0.655 0.5 8.9 13.6 11.2 0 0 0 10.6 17.3 131 110 7.1 -2.2
"4" "4" 2006-11-06 24.53 "LAC" "" "POR" "W" 13 1 31.05 0.508 0.462 17.2 16.3 16.8 11.2 1.7 2.6 16.9 25.1 104 101 10.7 -4.7
"5" "5" 2006-11-08 24.53 "LAC" "" "DAL" "W" 18 1 10.8166666666667 0.222 0.222 10.8 9.9 10.3 0 0 0 18.2 46.8 46 99 -3.7 -35.6
"6" "6" 2006-11-12 24.54 "LAC" "" "NOK" "W" 16 1 26.8 0.42 0 8.7 22.4 14.7 0 0 3.3 17.4 10 96 90 4.2 -2.6
"7" "7" 2006-11-14 24.55 "LAC" "@" "UTA" "L" -22 1 18.9666666666667 0.521 0.5 0 19 10.5 0 0 7.1 41 12 58 113 -0.5 -9.3
"8" "8" 2006-11-18 24.56 "LAC" "" "PHI" "W" 6 1 23.2666666666667 0.51 0.4 6.3 14.9 11.1 7.5 0 0 14.5 13.6 107 103 3.8 -3.4
"9" "9" 2006-11-21 24.57 "LAC" "@" "LAL" "L" -4 1 31.85 0.45 0.417 13.7 16.7 15.4 0 1.6 8.7 27.3 24.6 78 103 6.2 -7.4
"10" "10" 2006-11-22 24.57 "LAC" "" "SEA" "L" -10 1 41.4833333333333 0.51 0.5 7.9 28.9 18.4 0 0 0 25.4 18.2 81 105 6.4 -6.9
"11" "" 2006-11-25 24.58 "LAC" "@" "MIN" "L" -8 NA NA NA NA NA NA NA NA NA NA NA NA NA NA NA NA
"12" "" 2006-11-26 24.58 "LAC" "@" "DEN" "L" -15 NA NA NA NA NA NA NA NA NA NA NA NA NA NA NA NA
"13" "" 2006-11-28 24.59 "LAC" "@" "SAC" "L" -13 NA NA NA NA NA NA NA NA NA NA NA NA NA NA NA NA
"14" "" 2006-11-29 24.59 "LAC" "" "MEM" "W" 15 NA NA NA NA NA NA NA NA NA NA NA NA NA NA NA NA
"15" "11" 2006-12-02 24.6 "LAC" "" "LAL" "L" -9 0 26.5166666666667 0.45 0.375 4.5 48.6 26.8 12.7 1.9 3.1 18.4 18.6 88 98 7.9 1.5
"16" "12" 2006-12-03 24.6 "LAC" "" "ORL" "W" 25 0 28.05 0.53 0.5 0 26.3 15.3 0 3.7 5.5 15 23.7 86 88 8.6 -3
"17" "13" 2006-12-05 24.61 "LAC" "" "MIA" "W" 4 1 18.5666666666667 0.254 0.286 12.3 21.5 17.2 0 0 7.8 11.3 21.4 60 96 0.9 -11.8
"18" "14" 2006-12-08 24.61 "LAC" "@" "SAS" "L" -29 1 31.8333333333333 0.349 0.357 3.4 31 15.3 15.9 0 0 11.3 27.3 72 127 3.7 -7.8
"19" "15" 2006-12-09 24.62 "LAC" "@" "MEM" "W" 7 1 35.9166666666667 0.581 0.556 3.4 23.4 13.5 5.3 4.4 0 22.5 17.7 91 86 8.8 -0.9
"20" "" 2006-12-11 24.62 "LAC" "" "SAS" "L" -22 NA NA NA NA NA NA NA NA NA NA NA NA NA NA NA NA
"21" "16" 2006-12-13 24.63 "LAC" "" "UTA" "L" -19 1 40.5333333333333 0.592 0.444 8.9 25.1 16.2 10.6 0 3.5 23.8 25.3 101 120 13.5 -1.9
"22" "17" 2006-12-15 24.63 "LAC" "@" "POR" "L" -10 1 35.4333333333333 0.364 0.364 0 15.9 8.6 3.9 0 2.2 15.4 19.4 63 131 1.3 -14
"23" "18" 2006-12-17 24.64 "LAC" "" "HOU" "L" -5 1 38.4166666666667 0.501 0.438 7.8 32.1 20.5 4.8 0 2.2 20 30.4 87 121 8.5 -10.1
"24" "19" 2006-12-20 24.65 "LAC" "" "TOR" "L" -2 1 30.0166666666667 0.417 0.417 3.8 33.7 18 10.7 0 5.5 7.7 20.1 91 108 7.3 -4.3
"25" "20" 2006-12-22 24.65 "LAC" "@" "DAL" "L" -32 1 31.2833333333333 0.583 0.556 4 19.7 12 7.5 1.7 0 24.1 20.8 88 129 6.4 -5.7
"26" "21" 2006-12-23 24.65 "LAC" "@" "HOU" "W" 5 1 32.6666666666667 0.55 0.455 15.9 24.5 20.5 11 3.4 5.4 6.8 21.7 125 97 16.8 6.9
"27" "22" 2006-12-26 24.66 "LAC" "@" "UTA" "L" -10 1 30.3666666666667 0.689 0.667 4.1 23.1 13.8 19.3 3.5 5 29.8 21.5 99 103 11.9 7.2
"28" "23" 2006-12-27 24.67 "LAC" "" "BOS" "W" 23 1 22.35 0.333 0.333 15.7 14 14.8 21.8 2.5 14.8 18.2 24.5 84 84 5.8 -3
"29" "24" 2006-12-29 24.67 "LAC" "" "SAC" "W" 9 1 31.6833333333333 0.709 0.667 9.5 22.7 16.8 0 0 7.5 16.8 17.4 121 100 11.8 2.5
"30" "25" 2006-12-31 24.68 "LAC" "" "NYK" "W" 10 1 26.9166666666667 0.444 0.444 23 35.7 30.5 13.8 2.1 2.6 18.2 21 96 83 7.5 -4.9
"31" "26" 2007-01-02 24.68 "LAC" "@" "ORL" "L" -5 1 41.2333333333333 0.462 0.462 8 15.7 12.3 0 0 1.8 13.3 18.1 90 112 5.7 -6.2
"32" "27" 2007-01-03 24.68 "LAC" "@" "MIA" "W" 15 1 42.8333333333333 0.776 0.75 3.9 12.7 9.2 3.1 1.2 3.4 23.7 18.9 116 105 14.5 -0.2
"33" "28" 2007-01-05 24.69 "LAC" "@" "WAS" "L" -11 1 39.15 0.704 0.556 8.2 20.4 14.1 3.8 1.2 1.8 14.2 14.4 137 113 15.7 1.5
"34" "29" 2007-01-06 24.69 "LAC" "@" "ATL" "L" -12 1 32.65 0.364 0.364 3.3 18.8 10.6 0 0 2.3 35.3 25.3 50 104 -2.4 -14.8
"35" "30" 2007-01-08 24.7 "LAC" "@" "NOK" "W" 10 1 21.6 0.4 0.4 22.2 17.1 19.7 0 2.5 3.6 16.7 12.6 100 98 4.9 -3.7
"36" "31" 2007-01-10 24.7 "LAC" "@" "MIN" "W" 1 1 26.0166666666667 0.644 0.625 9.2 18.4 13.8 0 0 5.8 17.7 21 107 98 8.8 -0.5
"37" "32" 2007-01-13 24.71 "LAC" "" "CLE" "L" -12 1 32.45 0.581 0.533 4.4 28.9 17.8 7 0 2.2 5.5 27.7 112 114 13.8 1
"38" "33" 2007-01-15 24.72 "LAC" "@" "GSW" "L" -15 1 24.3333333333333 0.307 0.25 11.8 33.4 23.5 5.3 0 0 45 14.6 52 98 0.8 -11.7
"39" "34" 2007-01-17 24.72 "LAC" "" "GSW" "W" 6 1 8.18333333333333 0 0 0 35.9 20.2 0 0 0 0 10.1 0 102 -1.3 -17.9
"40" "35" 2007-01-20 24.73 "LAC" "" "MEM" "W" 21 1 24.1166666666667 0.6 0.6 14.6 32.3 23 0 0 7.8 16.7 21.4 104 92 8.7 -3.9
"41" "36" 2007-01-23 24.74 "LAC" "" "MIL" "W" 19 1 27.7833333333333 0.557 0.556 0 45.2 23.2 9.5 0 14.6 0 15.4 121 87 13.6 5.7
"42" "37" 2007-01-25 24.75 "LAC" "" "NJN" "W" 1 1 26.1166666666667 0.511 0.444 14.1 22.3 17.9 0 0 9 27.1 25.8 83 109 5.7 -12.4
"43" "38" 2007-01-27 24.75 "LAC" "" "MIN" "L" -14 1 24.5666666666667 0.387 0.333 10.6 27.9 19.8 0 0 6.7 50.8 14.6 49 108 1.1 -6.6
"44" "39" 2007-01-28 24.75 "LAC" "@" "SEA" "W" 22 1 24.35 0.461 0.375 10.1 48.4 32.1 6.6 2.1 6.5 9.3 19.5 101 64 10 1.3
"45" "40" 2007-01-31 24.76 "LAC" "" "CHI" "W" 12 1 21.5333333333333 0.2 0.2 5.6 5.4 5.5 0 0 11.4 16.7 12.1 48 98 0.5 -8
"46" "41" 2007-02-02 24.77 "LAC" "@" "BOS" "W" 11 1 33.3666666666667 1 1 10.8 14.8 12.7 4.6 1.7 2.4 0 2.9 207 103 7.9 1.5
"47" "42" 2007-02-04 24.77 "LAC" "@" "TOR" "L" -12 1 20.7166666666667 0.091 0.091 15.8 32 22.2 0 0 4.2 0 23.9 45 132 -2.1 -24.3
"48" "43" 2007-02-06 24.78 "LAC" "@" "NYK" "L" -12 1 23.3666666666667 0.726 0.571 4.8 27.8 15.4 0 0 4.5 17.2 23.3 127 117 10.4 0.1
"49" "44" 2007-02-07 24.78 "LAC" "@" "CLE" "L" -17 1 28.5333333333333 0.347 0.167 0 13.5 7 0 0 0 10.4 16 70 112 0.8 -9.6
"50" "45" 2007-02-09 24.79 "LAC" "@" "PHI" "W" 1 1 38.95 0.582 0.583 14.3 12 13.2 9.7 1.4 3.6 18.9 19.4 109 105 12.5 0.5
"51" "46" 2007-02-11 24.79 "LAC" "@" "IND" "L" -14 1 31.7833333333333 0.317 0.214 24.6 24 24.3 0 3.5 0 16 26.6 77 101 6.2 -8.2
"52" "47" 2007-02-12 24.79 "LAC" "@" "DET" "L" -18 1 32.5833333333333 0.604 0.556 9 21 14.6 0 0 2.7 15.7 20 109 112 8.5 -3.2
"53" "48" 2007-02-14 24.8 "LAC" "" "ATL" "L" -3 1 37.1333333333333 0.622 0.615 6.8 31.6 20.2 17.9 1.4 10.3 5.9 22.3 123 95 21.9 8.5
"54" "" 2007-02-20 24.82 "LAC" "" "PHO" "L" -25 NA NA NA NA NA NA NA NA NA NA NA NA NA NA NA NA
"55" "" 2007-02-24 24.83 "LAC" "" "GSW" "W" 13 NA NA NA NA NA NA NA NA NA NA NA NA NA NA NA NA
"56" "49" 2007-02-26 24.83 "LAC" "" "CHA" "W" 7 0 12 0.672 0.714 0 40 21.1 0 0 6.5 11.8 32.8 103 93 6.4 2.6
"57" "50" 2007-02-28 24.84 "LAC" "" "SEA" "W" 5 0 30.15 0.644 0.5 4.1 22.7 12.9 4.9 0 2.9 11.4 13.9 128 107 8.4 0.2
"58" "51" 2007-03-01 24.84 "LAC" "@" "SEA" "L" -2 0 36.15 0.465 0.556 7.2 23.2 15.5 19.6 0 0 15.7 18.3 84 97 6.5 -3
"59" "52" 2007-03-03 24.85 "LAC" "" "IND" "W" 23 1 38.9666666666667 0.526 0.462 6 14.3 10.3 5.2 2.9 4.6 6.2 20.8 109 75 13.3 1.6
"60" "53" 2007-03-05 24.85 "LAC" "" "SAS" "L" -14 1 28.4 0.265 0.2 3.6 33.8 15.4 0 0 11 15 22.4 52 100 1.2 -10.1
"61" "54" 2007-03-09 24.86 "LAC" "@" "GSW" "L" -10 0 19.45 0.75 0.75 6.5 27.4 17.8 0 2.7 0 33.3 14.7 89 101 4.8 -2.7
"62" "55" 2007-03-11 24.87 "LAC" "" "DET" "L" -18 1 25.7833333333333 0.773 0.667 0 38.3 19.2 13.7 2.2 3.1 56.3 17.7 67 109 4.1 -3.5
"63" "56" 2007-03-13 24.87 "LAC" "@" "SAS" "L" -9 1 35.3333333333333 0.547 0.545 3.6 15.1 9.2 0 0 4.5 7.8 18.4 101 108 8.4 -2.2
"64" "57" 2007-03-14 24.88 "LAC" "@" "HOU" "L" -4 1 35.1833333333333 0.542 0.462 10.5 24.8 17.1 9.2 2.9 10.1 0 18.5 131 107 17.8 5.9
"65" "58" 2007-03-16 24.88 "LAC" "@" "CHA" "W" 9 1 13.05 0.776 0.833 9.7 17.1 13.6 34 0 12.5 13.4 26.5 131 98 9.7 15.1
"66" "59" 2007-03-18 24.89 "LAC" "@" "NJN" "L" -6 1 31.0333333333333 0.41 0.3 3.8 22.6 13.9 0 1.7 8 0 18.3 92 101 9.3 -0.7
"67" "60" 2007-03-20 24.89 "LAC" "@" "CHI" "W" 14 1 24.7833333333333 0.46 0.4 24.2 17.6 20.4 0 2.1 7.7 26.9 14.8 96 92 5.8 -1.9
"68" "61" 2007-03-21 24.9 "LAC" "@" "MIL" "W" 1 1 25.3666666666667 0.356 0.2 24.9 10.8 18.1 10.4 0 3 0 23.3 111 123 7.8 -7.1
"69" "62" 2007-03-23 24.9 "LAC" "" "UTA" "W" 32 1 28.2333333333333 0.455 0.455 10 45.3 30.1 5.6 1.8 2.8 8.3 20 93 70 9.5 -0.4
"70" "63" 2007-03-24 24.9 "LAC" "" "WAS" "W" 6 1 36.1833333333333 0.656 0.444 6.6 18.2 13.1 0 0 5.9 13.4 18.4 126 108 14.7 -0.2
"71" "64" 2007-03-28 24.92 "LAC" "" "HOU" "L" -5 1 17.35 0.34 0.2 0 14.6 6.8 9.5 0 4.3 14.5 20 66 105 0.3 -10.9
"72" "65" 2007-03-30 24.92 "LAC" "@" "SAC" "W" 4 1 21.5833333333333 0.833 0.833 12.4 48.3 32.5 0 0 3.9 25 16.9 119 95 8.5 1.8
"73" "66" 2007-03-31 24.92 "LAC" "@" "POR" "W" 13 1 40.4833333333333 0.571 0.571 12.7 22.4 18.2 26.6 0 0 27.6 14.4 116 107 9.4 1.7
"74" "67" 2007-04-04 24.93 "LAC" "" "LAL" "W" 8 1 38.45 0.453 0.412 16.4 26.8 21.8 10.3 3 7.3 0 23 118 88 18.7 4.8
"75" "68" 2007-04-07 24.94 "LAC" "" "DEN" "L" -3 1 43.4333333333333 0.384 0.308 2.6 28.4 14.2 14 1.2 9.4 6 16.5 94 99 11.4 0
"76" "69" 2007-04-09 24.95 "LAC" "@" "DAL" "L" -10 1 35.45 0.543 0.5 7.5 17.5 12.1 18.1 0 0 23.7 12.2 106 123 6.2 -1.9
"77" "70" 2007-04-10 24.95 "LAC" "@" "NOK" "L" -3 1 39.8 0.543 0.429 10.9 27.9 18.8 11.4 1.4 0 17.9 13.4 114 109 11.3 1.1
"78" "71" 2007-04-12 24.96 "LAC" "@" "LAL" "W" 8 1 21.3833333333333 0.394 0.375 9.8 15.7 12.6 0 0 3.5 10.1 19.2 86 114 3.4 -10.5
"79" "72" 2007-04-13 24.96 "LAC" "" "POR" "W" 18 1 31.75 0.644 0.545 15.6 8.4 11.6 6.1 0 9.3 23.3 27.2 109 102 11.9 -4.5
"80" "73" 2007-04-15 24.96 "LAC" "" "SAC" "L" -5 1 21.15 0.375 0.375 5.4 29.1 16.8 0 0 0 11.1 19.1 78 119 1.6 -12.7
"81" "74" 2007-04-17 24.97 "LAC" "@" "PHO" "W" 4 0 24.9166666666667 0.58 0.5 16.4 4.9 11.2 6 2.2 0 11.4 14.8 130 113 8.6 1.5
"82" "75" 2007-04-18 24.97 "LAC" "" "NOK" "L" -3 1 30.55 0.571 0.429 15.3 16.5 15.9 0 0 2.5 29.3 21.2 96 113 7.2 -6.8
"1" "1" 2007-11-02 25.52 "LAC" "" "GSW" "W" 6 1 36.7166666666667 0.566 0.474 26.1 26.7 26.4 13.4 1.3 2 8 27.5 131 109 25.1 3.5
"2" "2" 2007-11-04 25.52 "LAC" "" "SEA" "W" 14 1 33.3666666666667 0.506 0.444 5.9 40.7 22.7 4.1 1.4 6.2 0 12.3 119 91 12.8 -0.7
"3" "3" 2007-11-06 25.53 "LAC" "@" "CHI" "W" 6 1 31.35 0.8 0.8 11.2 27.2 19.6 0 0 4.1 9.1 16.1 144 97 15.5 4.4
"4" "4" 2007-11-07 25.53 "LAC" "@" "IND" "W" 15 1 44.25 0.422 0.375 7.4 42.1 25.7 11.8 1.1 3.4 10.1 18.7 96 83 14.5 1
"5" "5" 2007-11-09 25.53 "LAC" "@" "DET" "L" -24 1 39.3833333333333 0.713 0.643 5.2 15.6 9.9 16.2 0 0 22.2 27.9 113 116 16.5 3.9
"6" "6" 2007-11-11 25.54 "LAC" "" "CLE" "L" -8 1 37.9666666666667 0.68 0.667 0 25.3 13.9 0 0 5.4 11.5 21 118 105 16.9 4.7
"7" "7" 2007-11-14 25.55 "LAC" "" "NYK" "W" 3 1 38.5666666666667 0.391 0.353 6.9 36.6 21.3 5.3 0 7.3 14.4 24 76 72 10.4 -1.4
"8" "8" 2007-11-16 25.55 "LAC" "@" "GSW" "L" -17 1 41.0833333333333 0.48 0.313 12.2 17.4 14.8 8 0 8.2 16.1 26.6 98 123 15.3 -5.2
"9" "9" 2007-11-17 25.56 "LAC" "" "CHI" "L" -19 1 38.25 0.573 0.588 7 16.4 12.2 16.2 0 3.6 17.9 30.1 93 106 12.7 -1
"10" "10" 2007-11-21 25.57 "LAC" "" "DEN" "W" 11 1 37.1666666666667 0.776 0.714 10.5 43.9 30.1 9.7 1.3 7.9 31.3 18.8 113 78 19.8 7.9
"11" "11" 2007-11-23 25.57 "LAC" "@" "PHO" "L" -19 1 41.0666666666667 0.379 0.333 2.3 35.3 17.6 16.7 1.2 6.6 8.2 26 80 105 13.2 -0.2
"12" "12" 2007-11-24 25.58 "LAC" "" "NOH" "L" -9 1 32.2333333333333 0.575 0.538 13.2 30.5 21.3 22.8 0 4.6 16.1 27 109 108 15.4 4.3
"13" "13" 2007-11-26 25.58 "LAC" "" "HOU" "L" -17 1 44.2333333333333 0.451 0.35 8.7 26.4 16.2 6.2 1.2 0 22.3 33.7 77 99 8.6 -5.1
"14" "14" 2007-11-30 25.59 "LAC" "@" "DEN" "L" -16 1 34.3166666666667 0.913 0.857 11.7 20.5 16.3 0 0 6.5 31.3 16 125 114 13.5 -0.2
"15" "15" 2007-12-02 25.6 "LAC" "" "IND" "L" -6 1 40.4666666666667 0.598 0.5 19.8 37.1 29 4.6 0 8.6 24.6 27 102 93 19.8 0.7
"16" "16" 2007-12-04 25.6 "LAC" "" "MIL" "L" -9 1 40.8666666666667 0.437 0.429 3 33.6 17.5 10.7 0 10.8 16.8 22.7 75 94 10.7 -1.7
"17" "17" 2007-12-05 25.61 "LAC" "@" "SEA" "L" -7 1 42.3 0.498 0.438 4.5 35.8 18.1 29.8 0 8.7 17.3 24.5 90 91 17 3.2
"18" "18" 2007-12-07 25.61 "LAC" "@" "SAC" "W" 10 1 41.7833333333333 0.793 0.75 6.6 22.1 15.8 18.6 1.2 5.4 10.9 20.3 149 90 27.5 13.7
"19" "19" 2007-12-09 25.62 "LAC" "" "MIA" "L" -6 1 38.4166666666667 0.438 0.438 7.3 34.7 21.4 4.4 2.7 5.3 20 24.3 71 98 9.6 -5.8
"20" "20" 2007-12-11 25.62 "LAC" "@" "NJN" "W" 9 1 37.8166666666667 0.605 0.571 13.4 23.1 19.1 5.6 0 3.8 16.8 21.1 109 87 15.1 2
"21" "21" 2007-12-12 25.62 "LAC" "@" "CHA" "L" -5 1 40.5 0.529 0.462 10.8 27.4 18.6 4.2 2.5 0 19.9 22.5 96 112 12.9 -4.7
"22" "22" 2007-12-14 25.63 "LAC" "@" "MEM" "W" 7 1 41.7 0.632 0.563 7.3 35.6 20.7 9.3 2.3 6.1 9.9 20.6 122 85 22.9 6
"23" "23" 2007-12-16 25.64 "LAC" "@" "LAL" "L" -21 1 38.2333333333333 0.385 0.316 16 34.2 22.8 14.8 1.3 0 11.4 29.4 90 121 12.8 -4
"24" "24" 2007-12-18 25.64 "LAC" "" "TOR" "L" -3 1 41.5 0.378 0.333 5.4 32.4 19.9 14.3 0 5.3 15.9 22.2 76 85 8.3 -2.1
"25" "25" 2007-12-21 25.65 "LAC" "@" "DAL" "L" -13 1 43.1333333333333 0.621 0.611 13.4 51.7 27.1 22.5 1.3 6.3 23.7 27 104 112 22.5 5.5
"26" "26" 2007-12-22 25.65 "LAC" "@" "SAS" "L" -9 1 40.5 0.533 0.471 5.3 23.7 13.9 8.3 1.3 10.3 9.6 25.8 102 103 17.7 2.3
"27" "27" 2007-12-27 25.67 "LAC" "" "PHO" "L" -20 1 41.0666666666667 0.24 0.235 8.2 18.9 12 0 1.2 3.8 21 24 47 105 -1.6 -14
"28" "28" 2007-12-28 25.67 "LAC" "@" "PHO" "L" -6 1 42.9666666666667 0.446 0.409 12.2 34 22.1 4.9 0 5.7 7.5 25.9 98 96 17 2.4
"29" "29" 2007-12-31 25.68 "LAC" "" "MIN" "W" 9 1 45.1166666666667 0.76 0.714 8.4 27.1 19.1 7.7 0 7.1 16 13.3 135 84 19.6 4.2
"30" "30" 2008-01-02 25.68 "LAC" "" "NOH" "L" -14 1 44.9 0.313 0.1 0 30.9 14.9 16.7 0 5.5 6.5 18.1 73 105 7.5 -3.5
"31" "31" 2008-01-06 25.69 "LAC" "" "SAS" "L" -6 1 34.4166666666667 0.689 0.636 6.8 34.9 21.9 15.9 0 7.5 6.4 22.7 136 91 20.5 13.5
"32" "32" 2008-01-09 25.7 "LAC" "" "ORL" "L" -7 1 33.5666666666667 0.623 0.636 7 25 15.9 5.5 1.4 9.7 22.7 23.8 95 106 12.9 -1.7
"33" "33" 2008-01-12 25.71 "LAC" "" "DAL" "L" -1 1 40.1666666666667 0.597 0.6 0 28.3 14.9 8.3 0 10.5 8.4 15.8 107 106 13.8 3.5
"34" "34" 2008-01-15 25.72 "LAC" "" "PHO" "W" 7 1 39.2333333333333 0.286 0.214 15.7 36.1 26.5 0 0 4.1 16 21.6 68 90 5 -9
"35" "35" 2008-01-18 25.73 "LAC" "@" "UTA" "L" -18 1 35.2333333333333 0.81 0.778 18.4 37.5 28.3 5.8 0 5.5 23.3 18 129 113 18.7 5.1
"36" "36" 2008-01-19 25.73 "LAC" "" "NJN" "W" 13 1 44.4333333333333 0.313 0.313 10.8 19.1 15.2 3.2 0 13.6 20 20.9 66 102 7.4 -9
"37" "37" 2008-01-21 25.73 "LAC" "" "UTA" "L" -16 1 35.7833333333333 0.576 0.615 15.3 25.2 20 0 1.4 3.9 21.3 24.1 93 111 12.1 -2.5
"38" "38" 2008-01-23 25.74 "LAC" "" "SAC" "W" 26 1 37.4166666666667 0.72 0.692 18.3 40.1 29.9 8.7 2.7 4.7 22.4 20.3 119 78 23.2 8
"39" "39" 2008-01-25 25.75 "LAC" "@" "NOH" "L" -19 1 37.9 0.514 0.429 3.1 35.8 20.4 11.8 0 1.9 31.3 16.5 81 116 7.9 -4
"40" "" 2008-01-26 25.75 "LAC" "@" "MEM" "L" -5 NA NA NA NA NA NA NA NA NA NA NA NA NA NA NA NA
"41" "" 2008-01-28 25.75 "LAC" "" "CHA" "L" -7 NA NA NA NA NA NA NA NA NA NA NA NA NA NA NA NA
"42" "" 2008-01-30 25.76 "LAC" "" "ATL" "W" 7 NA NA NA NA NA NA NA NA NA NA NA NA NA NA NA NA
"43" "" 2008-02-01 25.76 "LAC" "@" "MIN" "L" -21 NA NA NA NA NA NA NA NA NA NA NA NA NA NA NA NA
"44" "" 2008-02-02 25.77 "LAC" "@" "CLE" "L" -14 NA NA NA NA NA NA NA NA NA NA NA NA NA NA NA NA
"45" "40" 2008-02-04 25.77 "LAC" "@" "NYK" "W" 9 0 35.3333333333333 0.555 0.4 7.2 26.4 16.5 4.3 0 8.2 6.9 19.2 120 103 13.3 -2
"46" "41" 2008-02-06 25.78 "LAC" "@" "BOS" "L" -11 1 34.1 0.63 0.5 3.6 32.2 17.1 16.4 3 13.4 34.4 19.8 91 106 12.6 0.1
"47" "42" 2008-02-08 25.78 "LAC" "@" "TOR" "W" 4 1 38.5333333333333 0.571 0.571 11.3 24.9 19.2 9.6 2.6 4.2 26.3 24 93 96 12 -1
"48" "43" 2008-02-09 25.79 "LAC" "@" "PHI" "L" -21 1 38.6166666666667 0.2 0.2 12.7 27.2 19.3 13.6 0 1.8 23.1 16.8 58 121 2.1 -10
"49" "44" 2008-02-11 25.79 "LAC" "@" "MIL" "W" 7 1 40.8 0.394 0.375 5.7 33.2 20.3 3.5 2.6 1.6 18.4 12.7 78 88 6.9 -5.5
"50" "45" 2008-02-13 25.8 "LAC" "" "WAS" "L" -2 1 37.6 0.564 0.5 14.2 19.4 17.1 13.7 1.5 3.5 9.3 14.5 125 102 13.4 3.4
"51" "46" 2008-02-20 25.82 "LAC" "" "MEM" "W" 14 1 28.2666666666667 0.539 0.5 8.7 20.4 15.3 0 1.8 14.9 22.7 20.8 87 82 9.3 -2.4
"52" "47" 2008-02-22 25.82 "LAC" "" "UTA" "W" 10 1 35.7833333333333 0.709 0.667 7.3 25.4 16.3 14.4 0 6.4 28.8 17.9 108 111 11.8 0.8
"53" "" 2008-02-23 25.82 "LAC" "" "LAL" "L" -18 NA NA NA NA NA NA NA NA NA NA NA NA NA NA NA NA
"54" "" 2008-02-25 25.83 "LAC" "" "BOS" "L" -28 NA NA NA NA NA NA NA NA NA NA NA NA NA NA NA NA
"55" "" 2008-02-27 25.84 "LAC" "" "POR" "L" -2 NA NA NA NA NA NA NA NA NA NA NA NA NA NA NA NA
"56" "" 2008-02-29 25.84 "LAC" "@" "DEN" "L" -6 NA NA NA NA NA NA NA NA NA NA NA NA NA NA NA NA
"57" "48" 2008-03-01 25.84 "LAC" "" "DET" "L" -30 1 33.45 0.346 0.294 18.7 32.8 24.8 0 0 2.1 5.1 29.2 82 116 8.6 -5.2
"58" "49" 2008-03-03 25.85 "LAC" "" "PHI" "L" -26 1 26.8166666666667 0.556 0.556 17.3 12.3 14.9 32.5 2.1 2.5 18.2 21.3 106 123 10.5 3.6
"59" "50" 2008-03-05 25.85 "LAC" "" "SAC" "W" 7 1 35.4166666666667 0.656 0.556 10.2 33.6 20.7 0 1.6 8.5 23.6 22.9 107 96 15 -0.6
"60" "51" 2008-03-07 25.86 "LAC" "@" "LAL" "L" -37 1 27.2833333333333 0.549 0.455 14.1 32.4 22 7.9 1.9 2.8 13.6 24 108 123 13.6 3.6
"61" "52" 2008-03-08 25.86 "LAC" "" "MIN" "L" -3 1 34.4666666666667 0.621 0.583 24.4 22 23.2 6.3 1.6 4.2 7.2 19 136 106 18 4.7
"62" "" 2008-03-10 25.87 "LAC" "@" "MIA" "W" 1 NA NA NA NA NA NA NA NA NA NA NA NA NA NA NA NA
"63" "" 2008-03-12 25.87 "LAC" "@" "ORL" "L" -22 NA NA NA NA NA NA NA NA NA NA NA NA NA NA NA NA
"64" "" 2008-03-14 25.88 "LAC" "@" "ATL" "L" -24 NA NA NA NA NA NA NA NA NA NA NA NA NA NA NA NA
"65" "" 2008-03-15 25.88 "LAC" "@" "WAS" "L" -10 NA NA NA NA NA NA NA NA NA NA NA NA NA NA NA NA
"66" "" 2008-03-17 25.89 "LAC" "@" "MIN" "L" -9 NA NA NA NA NA NA NA NA NA NA NA NA NA NA NA NA
"67" "" 2008-03-19 25.89 "LAC" "" "GSW" "L" -16 NA NA NA NA NA NA NA NA NA NA NA NA NA NA NA NA
"68" "" 2008-03-21 25.9 "LAC" "@" "POR" "L" -5 NA NA NA NA NA NA NA NA NA NA NA NA NA NA NA NA
"69" "" 2008-03-22 25.9 "LAC" "" "POR" "L" -11 NA NA NA NA NA NA NA NA NA NA NA NA NA NA NA NA
"70" "" 2008-03-25 25.91 "LAC" "@" "DAL" "L" -13 NA NA NA NA NA NA NA NA NA NA NA NA NA NA NA NA
"71" "53" 2008-03-26 25.91 "LAC" "@" "SAS" "L" -9 1 29.7833333333333 0.694 0.5 3.7 17 9.9 6.8 0 0 14.8 22 127 116 11 0.9
"72" "54" 2008-03-28 25.92 "LAC" "@" "UTA" "L" -20 1 37.5833333333333 0.687 0.556 0 22.9 13 27.8 0 0 20.5 19.3 123 137 13.4 0.6
"73" "55" 2008-03-29 25.92 "LAC" "" "MEM" "W" 13 1 27.9333333333333 0.714 0.714 10.1 53.2 33.9 15.4 0 10.4 12.5 12.9 137 90 14.3 6.8
"74" "56" 2008-03-31 25.93 "LAC" "" "DAL" "L" -7 1 11.5666666666667 0.644 0.667 0 34.6 16.4 0 0 7 0 15.1 132 98 4.5 5.4
"75" "" 2008-04-02 25.93 "LAC" "@" "SEA" "W" 18 NA NA NA NA NA NA NA NA NA NA NA NA NA NA NA NA
"76" "" 2008-04-03 25.93 "LAC" "@" "SAC" "L" -12 NA NA NA NA NA NA NA NA NA NA NA NA NA NA NA NA
"77" "" 2008-04-06 25.94 "LAC" "" "HOU" "L" -26 NA NA NA NA NA NA NA NA NA NA NA NA NA NA NA NA
"78" "" 2008-04-08 25.95 "LAC" "" "DEN" "L" -18 NA NA NA NA NA NA NA NA NA NA NA NA NA NA NA NA
"79" "" 2008-04-10 25.95 "LAC" "" "LAL" "L" -28 NA NA NA NA NA NA NA NA NA NA NA NA NA NA NA NA
"80" "" 2008-04-12 25.96 "LAC" "@" "GSW" "L" -6 NA NA NA NA NA NA NA NA NA NA NA NA NA NA NA NA
"81" "" 2008-04-16 25.97 "LAC" "@" "HOU" "L" -18 NA NA NA NA NA NA NA NA NA NA NA NA NA NA NA NA
"1" "1" 2008-10-29 26.5 "LAC" "" "LAL" "L" -38 1 30.2666666666667 0.388 0.333 6.7 13.2 9.6 12.6 0 2.6 27.9 21.4 66 129 0.9 -14.2
"2" "2" 2008-10-31 26.51 "LAC" "" "DEN" "L" -10 1 44.2333333333333 0.405 0.267 7.6 28 16.3 7.4 2.3 6.7 5.1 18.6 98 100 15.8 -0.3
"3" "3" 2008-11-01 26.51 "LAC" "@" "UTA" "L" -22 1 35.1166666666667 0.517 0.375 17.5 20.4 19.1 5.5 0 1.7 32 21.4 86 116 7.4 -7.4
"4" "4" 2008-11-03 26.52 "LAC" "" "UTA" "L" -16 1 39.2833333333333 0.69 0.75 11.4 18.8 14.9 6.8 1.4 5.5 26.7 23.2 99 99 15.6 4.3
"5" "5" 2008-11-05 26.52 "LAC" "@" "LAL" "L" -18 1 29.7333333333333 0.75 0.75 9.5 27.5 18.1 10.7 0 2.6 42.9 10 97 106 5.6 -5.1
"6" "6" 2008-11-07 26.53 "LAC" "" "HOU" "L" -9 1 41.85 0.609 0.611 12.7 16.8 14.7 14.7 2.6 3.6 9.6 23.9 121 103 22 8.1
"7" "7" 2008-11-09 26.53 "LAC" "" "DAL" "W" 11 1 32.2333333333333 0.683 0.667 3.8 25.9 15.8 9.3 1.5 6.5 35.3 15.9 92 88 9.4 1.2
"8" "8" 2008-11-12 26.54 "LAC" "" "SAC" "L" -5 1 27.7166666666667 0.546 0.5 8.7 23.1 14.8 0 0 2.6 35.3 19.2 76 121 3.1 -13.8
"9" "9" 2008-11-15 26.55 "LAC" "" "GSW" "L" -18 1 38.1333333333333 0.631 0.636 15.7 22 18.6 0 1.3 1.7 20.2 16.4 111 122 13.9 -4.3
"10" "10" 2008-11-17 26.56 "LAC" "" "SAS" "L" -3 1 38.1666666666667 0.632 0.615 11.2 29.8 19.7 4.8 1.4 6.2 6.9 17.4 128 94 19 4.3
"11" "11" 2008-11-19 26.56 "LAC" "@" "OKC" "W" 20 1 38.3333333333333 0.873 0.846 5.3 38.5 20.4 23.3 0 7.7 6.5 17 171 90 29.3 14.7
"12" "12" 2008-11-21 26.57 "LAC" "@" "PHI" "L" -1 1 41.9833333333333 0.521 0.467 8.2 14.9 11.7 13.2 0 1.6 23.5 22.2 95 99 9 -3.9
"13" "13" 2008-11-22 26.57 "LAC" "@" "NJN" "L" -17 1 44.15 0.875 0.875 2.9 11.4 7.2 7.7 2.4 0 0 8.9 175 123 14.9 1.7
"14" "14" 2008-11-24 26.58 "LAC" "" "NOH" "L" -12 1 40.0333333333333 0.504 0.462 7.1 14.1 9.9 9.3 1.3 5.4 12.6 18 100 109 11.5 -2.8
"15" "15" 2008-11-26 26.58 "LAC" "" "DEN" "L" -1 1 12 0.6 0.6 0 10.8 5.3 14.8 0 0 16.7 21.7 102 118 3.3 -3.2
"16" "" 2008-11-29 26.59 "LAC" "" "MIA" "W" 1 NA NA NA NA NA NA NA NA NA NA NA NA NA NA NA NA
"17" "" 2008-12-02 26.6 "LAC" "@" "DAL" "L" -2 NA NA NA NA NA NA NA NA NA NA NA NA NA NA NA NA
"18" "" 2008-12-03 26.6 "LAC" "@" "HOU" "L" -7 NA NA NA NA NA NA NA NA NA NA NA NA NA NA NA NA
"19" "" 2008-12-05 26.61 "LAC" "@" "MEM" "L" -12 NA NA NA NA NA NA NA NA NA NA NA NA NA NA NA NA
"20" "" 2008-12-06 26.61 "LAC" "@" "MIN" "W" 23 NA NA NA NA NA NA NA NA NA NA NA NA NA NA NA NA
"21" "" 2008-12-08 26.61 "LAC" "" "ORL" "L" -7 NA NA NA NA NA NA NA NA NA NA NA NA NA NA NA NA
"22" "" 2008-12-12 26.62 "LAC" "@" "POR" "W" 8 NA NA NA NA NA NA NA NA NA NA NA NA NA NA NA NA
"23" "" 2008-12-13 26.63 "LAC" "" "HOU" "W" 13 NA NA NA NA NA NA NA NA NA NA NA NA NA NA NA NA
"24" "" 2008-12-16 26.64 "LAC" "@" "OKC" "W" 10 NA NA NA NA NA NA NA NA NA NA NA NA NA NA NA NA
"25" "" 2008-12-17 26.64 "LAC" "@" "CHI" "L" -6 NA NA NA NA NA NA NA NA NA NA NA NA NA NA NA NA
"26" "" 2008-12-19 26.64 "LAC" "@" "IND" "W" 8 NA NA NA NA NA NA NA NA NA NA NA NA NA NA NA NA
"27" "" 2008-12-20 26.65 "LAC" "@" "MIL" "L" -34 NA NA NA NA NA NA NA NA NA NA NA NA NA NA NA NA
"28" "" 2008-12-22 26.65 "LAC" "" "TOR" "L" -22 NA NA NA NA NA NA NA NA NA NA NA NA NA NA NA NA
"29" "" 2008-12-28 26.67 "LAC" "" "DAL" "L" -22 NA NA NA NA NA NA NA NA NA NA NA NA NA NA NA NA
"30" "" 2008-12-30 26.67 "LAC" "@" "SAC" "L" -2 NA NA NA NA NA NA NA NA NA NA NA NA NA NA NA NA
"31" "" 2008-12-31 26.68 "LAC" "" "PHI" "L" -8 NA NA NA NA NA NA NA NA NA NA NA NA NA NA NA NA
"32" "" 2009-01-02 26.68 "LAC" "@" "PHO" "L" -8 NA NA NA NA NA NA NA NA NA NA NA NA NA NA NA NA
"33" "" 2009-01-04 26.69 "LAC" "" "DET" "L" -1 NA NA NA NA NA NA NA NA NA NA NA NA NA NA NA NA
"34" "" 2009-01-06 26.69 "LAC" "@" "DAL" "L" -5 NA NA NA NA NA NA NA NA NA NA NA NA NA NA NA NA
"35" "" 2009-01-08 26.7 "LAC" "@" "SAS" "L" -22 NA NA NA NA NA NA NA NA NA NA NA NA NA NA NA NA
"36" "" 2009-01-09 26.7 "LAC" "@" "NOH" "L" -27 NA NA NA NA NA NA NA NA NA NA NA NA NA NA NA NA
"37" "" 2009-01-11 26.71 "LAC" "" "PHO" "L" -6 NA NA NA NA NA NA NA NA NA NA NA NA NA NA NA NA
"38" "" 2009-01-14 26.72 "LAC" "" "ATL" "L" -17 NA NA NA NA NA NA NA NA NA NA NA NA NA NA NA NA
"39" "" 2009-01-17 26.72 "LAC" "" "MIL" "W" 9 NA NA NA NA NA NA NA NA NA NA NA NA NA NA NA NA
"40" "" 2009-01-19 26.73 "LAC" "" "MIN" "L" -8 NA NA NA NA NA NA NA NA NA NA NA NA NA NA NA NA
"41" "" 2009-01-21 26.73 "LAC" "" "LAL" "L" -11 NA NA NA NA NA NA NA NA NA NA NA NA NA NA NA NA
"42" "" 2009-01-23 26.74 "LAC" "" "OKC" "W" 3 NA NA NA NA NA NA NA NA NA NA NA NA NA NA NA NA
"43" "" 2009-01-25 26.75 "LAC" "@" "GSW" "L" -15 NA NA NA NA NA NA NA NA NA NA NA NA NA NA NA NA
"44" "" 2009-01-26 26.75 "LAC" "" "POR" "L" -25 NA NA NA NA NA NA NA NA NA NA NA NA NA NA NA NA
"45" "" 2009-01-28 26.75 "LAC" "" "CHI" "L" -20 NA NA NA NA NA NA NA NA NA NA NA NA NA NA NA NA
"46" "" 2009-01-30 26.76 "LAC" "@" "CLE" "L" -17 NA NA NA NA NA NA NA NA NA NA NA NA NA NA NA NA
"47" "" 2009-01-31 26.76 "LAC" "@" "WAS" "L" -12 NA NA NA NA NA NA NA NA NA NA NA NA NA NA NA NA
"48" "" 2009-02-02 26.77 "LAC" "@" "MIA" "L" -24 NA NA NA NA NA NA NA NA NA NA NA NA NA NA NA NA
"49" "" 2009-02-04 26.77 "LAC" "@" "ORL" "L" -29 NA NA NA NA NA NA NA NA NA NA NA NA NA NA NA NA
"50" "" 2009-02-06 26.78 "LAC" "@" "MEM" "W" 21 NA NA NA NA NA NA NA NA NA NA NA NA NA NA NA NA
"51" "" 2009-02-07 26.78 "LAC" "@" "ATL" "W" 24 NA NA NA NA NA NA NA NA NA NA NA NA NA NA NA NA
"52" "" 2009-02-09 26.79 "LAC" "@" "CHA" "L" -21 NA NA NA NA NA NA NA NA NA NA NA NA NA NA NA NA
"53" "" 2009-02-11 26.79 "LAC" "" "NYK" "W" 4 NA NA NA NA NA NA NA NA NA NA NA NA NA NA NA NA
"54" "" 2009-02-17 26.81 "LAC" "@" "PHO" "L" -40 NA NA NA NA NA NA NA NA NA NA NA NA NA NA NA NA
"55" "" 2009-02-18 26.81 "LAC" "" "PHO" "L" -23 NA NA NA NA NA NA NA NA NA NA NA NA NA NA NA NA
"56" "" 2009-02-22 26.82 "LAC" "@" "POR" "L" -29 NA NA NA NA NA NA NA NA NA NA NA NA NA NA NA NA
"57" "" 2009-02-23 26.82 "LAC" "" "GSW" "W" 13 NA NA NA NA NA NA NA NA NA NA NA NA NA NA NA NA
"58" "" 2009-02-25 26.83 "LAC" "" "BOS" "W" 2 NA NA NA NA NA NA NA NA NA NA NA NA NA NA NA NA
"59" "" 2009-02-27 26.84 "LAC" "@" "SAC" "L" -12 NA NA NA NA NA NA NA NA NA NA NA NA NA NA NA NA
"60" "" 2009-02-28 26.84 "LAC" "" "CHA" "L" -5 NA NA NA NA NA NA NA NA NA NA NA NA NA NA NA NA
"61" "" 2009-03-02 26.84 "LAC" "" "SAS" "L" -28 NA NA NA NA NA NA NA NA NA NA NA NA NA NA NA NA
"62" "" 2009-03-04 26.85 "LAC" "" "MEM" "L" -23 NA NA NA NA NA NA NA NA NA NA NA NA NA NA NA NA
"63" "" 2009-03-07 26.86 "LAC" "" "IND" "L" -1 NA NA NA NA NA NA NA NA NA NA NA NA NA NA NA NA
"64" "16" 2009-03-10 26.87 "LAC" "" "CLE" "L" -4 1 29.5833333333333 0.273 0.273 7.7 7.2 7.5 12.9 1.8 2.6 26.7 23.6 52 99 -1.4 -11.9
"65" "17" 2009-03-14 26.88 "LAC" "@" "DEN" "L" -13 1 25.1166666666667 0.508 0.429 8.7 22.8 15.6 0 3.9 0 33.7 21.3 71 102 2.8 -11.6
"66" "18" 2009-03-15 26.88 "LAC" "" "NJN" "W" 2 1 25.4333333333333 0.421 0.364 18.4 22.2 20.1 11.6 2 0 25.2 29.2 84 113 4.7 -12.6
"67" "19" 2009-03-17 26.88 "LAC" "@" "GSW" "L" -7 1 19.9166666666667 0.45 0.375 8.6 19 12.8 0 0 3.4 10.1 18.8 100 123 5.2 -6.4
"68" "20" 2009-03-18 26.89 "LAC" "" "WAS" "W" 15 0 21.4666666666667 0.873 0.9 14.4 21.3 18.4 25 0 0 35.5 36.5 105 119 13.1 -2.7
"69" "21" 2009-03-20 26.89 "LAC" "@" "DET" "L" -18 1 30.25 0.666 0.625 4.7 31.7 18.4 11.7 0 2.3 17 20.4 119 129 10.3 -1.8
"70" "22" 2009-03-22 26.9 "LAC" "@" "TOR" "L" -24 0 17.4666666666667 0.434 0.5 6.1 23.9 15.1 0 0 3.2 0 15.9 92 100 3.6 -4.1
"71" "23" 2009-03-23 26.9 "LAC" "@" "BOS" "L" -13 0 18.3333333333333 0.474 0.5 27.6 22.4 25.1 12.8 0 0 32.2 32.9 72 109 3.6 -10.9
"72" "24" 2009-03-25 26.91 "LAC" "@" "NYK" "W" 5 0 14.4166666666667 0.765 0.8 0 28.3 14 8.9 0 5.8 14.5 20.6 135 123 7.6 3.1
"73" "25" 2009-03-27 26.91 "LAC" "@" "SAS" "L" -13 0 18.85 0.286 0.286 6.4 22.5 13.8 7.3 0 0 30 26.5 53 136 -1.6 -22.5
"74" "26" 2009-03-28 26.92 "LAC" "@" "HOU" "L" -17 1 26.9666666666667 0.617 0.444 0 24.7 11.7 0 0 3 0 23.3 130 122 11.5 -0.4
"75" "27" 2009-04-01 26.93 "LAC" "" "NOH" "L" -6 1 35.2166666666667 0.5 0.5 22.1 14.7 18.4 0 1.5 6.1 33.3 23.3 77 107 7.3 -9.2
"76" "" 2009-04-04 26.93 "LAC" "@" "DEN" "L" -16 NA NA NA NA NA NA NA NA NA NA NA NA NA NA NA NA
"77" "" 2009-04-05 26.94 "LAC" "@" "LAL" "L" -3 NA NA NA NA NA NA NA NA NA NA NA NA NA NA NA NA
"78" "" 2009-04-07 26.94 "LAC" "" "MIN" "L" -10 NA NA NA NA NA NA NA NA NA NA NA NA NA NA NA NA
"79" "28" 2009-04-10 26.95 "LAC" "" "SAC" "W" 31 0 29.1833333333333 0.543 0.583 8.4 28.7 21 4.6 0 8.8 7.2 22.2 108 74 13.6 0.9
"80" "29" 2009-04-11 26.95 "LAC" "" "POR" "L" -15 0 21.1166666666667 0.444 0.444 0 43.3 21.6 0 0 4.1 18.2 25.8 69 96 4.4 -2.6
"81" "30" 2009-04-13 26.96 "LAC" "@" "UTA" "L" -21 1 28.4666666666667 0.416 0.429 7.7 20.1 13.7 33.9 0 2.4 12.2 26.9 86 117 7.3 -2.4
"82" "31" 2009-04-15 26.96 "LAC" "" "OKC" "L" -41 1 25.6333333333333 0.412 0.429 4.5 24 13.9 0 1.8 4.9 16 32.5 69 118 5.2 -8.3
"1" "1" 2009-10-27 27.5 "LAC" "@" "LAL" "L" -7 1 36.8833333333333 0.503 0.471 5.8 34.4 21.2 4.6 2.7 0 14.4 23.8 94 91 13.4 -0.8
"2" "2" 2009-10-28 27.5 "LAC" "" "PHO" "L" -2 1 41.8 0.615 0.588 3.5 24.2 14.6 0 0 3.5 21.9 25.3 92 116 11.6 -7.9
"3" "3" 2009-10-30 27.51 "LAC" "@" "UTA" "L" -13 1 41.7333333333333 0.677 0.667 0 10.5 5.5 9.3 1.2 4.3 11.4 20.6 119 116 16.7 1.3
"4" "4" 2009-10-31 27.51 "LAC" "" "DAL" "L" -9 1 43.5 0.664 0.632 5.1 23.1 14.1 17.6 1.2 3.2 12.9 25.2 116 96 23.7 9.8
"5" "5" 2009-11-02 27.52 "LAC" "" "MIN" "W" 3 1 39.15 0.691 0.667 3 26.1 15.3 6.2 1.4 3 18.1 25.3 113 96 20.1 3.6
"6" "6" 2009-11-06 27.53 "LAC" "@" "GSW" "W" 28 1 28 0.604 0.563 10.4 23.1 18.2 12 0 8.3 14.2 34.3 110 89 16.8 0.3
"7" "7" 2009-11-07 27.53 "LAC" "" "MEM" "W" 3 1 38.9166666666667 0.611 0.5 12.7 14.7 13.7 15.4 1.2 1.6 8.6 26 128 112 22.8 2.8
"8" "8" 2009-11-09 27.53 "LAC" "" "NOH" "L" -28 1 31.4333333333333 0.478 0.5 10.2 12.7 11.3 12.3 1.6 2.6 21.5 27.2 80 122 8.1 -7.7
"9" "9" 2009-11-11 27.54 "LAC" "" "OKC" "L" -4 1 41.1333333333333 0.366 0.346 9.7 19.9 14.4 13.3 0 1.7 12.8 35.9 75 98 8 -6.9
"10" "10" 2009-11-13 27.55 "LAC" "" "TOR" "L" -15 1 35.5833333333333 0.671 0.625 14.2 12.6 13.5 6.9 0 4.5 17.7 31.5 117 124 18 1.5
"11" "11" 2009-11-15 27.55 "LAC" "@" "OKC" "W" 8 1 36.65 0.727 0.667 6.2 13.6 10.2 5.3 0 2 14.9 25.6 129 109 19 4
"12" "12" 2009-11-17 27.56 "LAC" "@" "NOH" "L" -8 1 40.2833333333333 0.461 0.444 8.3 8.1 8.2 0 0 0 14 23.6 86 123 6.8 -11.4
"13" "13" 2009-11-18 27.56 "LAC" "@" "MEM" "L" -15 1 30.6666666666667 0.507 0.467 7.6 17.9 12.4 5.6 1.8 2.2 19.3 31.9 90 116 8.7 -6.6
"14" "14" 2009-11-20 27.56 "LAC" "" "DEN" "W" 7 1 34.15 0.481 0.4 4.3 24.8 14.7 27.8 1.5 8 22.8 24.5 92 104 11 -0.2
"15" "15" 2009-11-23 27.57 "LAC" "" "MIN" "W" 4 1 42.45 0.345 0.3 5 14.5 9.4 8 2.5 1.9 12.1 26.5 77 96 5.4 -9.6
"16" "16" 2009-11-25 27.58 "LAC" "@" "IND" "L" -13 1 39.9666666666667 0.241 0.158 2.1 21.6 11.2 0 0 1.8 19.4 28.1 45 95 -4.6 -15.4
"17" "17" 2009-11-27 27.58 "LAC" "@" "DET" "W" 8 1 36.1166666666667 0.831 0.846 9.5 13.3 11.9 17.8 0 1.8 11.3 26.8 146 115 23.4 6.6
"18" "18" 2009-11-29 27.59 "LAC" "" "MEM" "W" 10 1 26.4166666666667 0.368 0.3 13.3 40.4 26 5.4 2 3 26.9 25.5 73 94 3.5 -11.3
"19" "19" 2009-12-02 27.6 "LAC" "" "HOU" "L" -17 1 40.65 0.313 0.313 3.2 12.8 8 8.4 1.4 0 20 24 60 121 -0.5 -15.4
"20" "20" 2009-12-05 27.61 "LAC" "" "IND" "W" 16 1 29.5666666666667 0.587 0.455 9.9 30.2 19.4 7.8 0 6.4 22.7 24.3 104 75 10.9 1.8
"21" "21" 2009-12-08 27.61 "LAC" "" "ORL" "L" -11 1 36.9 0.364 0.364 8.5 21.7 14.3 5.5 4.3 3.5 8.3 29.6 74 101 8.1 -5.3
"22" "22" 2009-12-13 27.63 "LAC" "" "SAS" "L" -25 1 33.65 0.503 0.5 10 31.2 19 5.7 0 2.6 0 25.3 116 129 14.4 -0.4
"23" "23" 2009-12-14 27.63 "LAC" "" "WAS" "W" 2 1 39.6666666666667 0.531 0.579 10.5 17.6 14.2 22.3 2.5 5.3 8.5 25.2 107 95 20.7 5.6
"24" "24" 2009-12-16 27.64 "LAC" "@" "MIN" "W" 25 1 36.3 0.554 0.526 9.4 18.9 14.5 3.9 1.4 1.7 8.8 27 112 97 16.7 -3.3
"25" "25" 2009-12-18 27.64 "LAC" "@" "NYK" "L" -4 1 41.4833333333333 0.585 0.5 6.4 20.8 13.9 9.3 1.3 0 5.5 21.7 123 111 16.7 2.4
"26" "26" 2009-12-19 27.64 "LAC" "@" "PHI" "W" 5 1 36.3666666666667 0.655 0.647 19.7 17.5 18.4 19.5 0 3.6 5.2 26.1 141 111 22.2 7
"27" "27" 2009-12-21 27.65 "LAC" "@" "SAS" "L" -16 1 31.8 0.582 0.556 11 49 29 0 1.8 0 4.8 31.5 120 114 18.9 6
"28" "28" 2009-12-22 27.65 "LAC" "@" "HOU" "L" -9 1 41.5333333333333 0.625 0.619 10.5 11.6 11.1 13.9 0 3.8 20.5 33.3 103 121 17.9 -2.4
"29" "29" 2009-12-25 27.66 "LAC" "@" "PHO" "L" -31 1 28.4666666666667 0.607 0.538 17.6 22.8 19.8 20.1 0 2.9 24.2 29.9 105 130 13.5 -0.1
"30" "30" 2009-12-27 27.67 "LAC" "" "BOS" "W" 2 1 38.2333333333333 0.605 0.571 13 27.6 21.5 6.3 0 1.8 11.8 33.8 107 102 18.7 0
"31" "31" 2009-12-30 27.67 "LAC" "@" "POR" "L" -4 1 40.7833333333333 0.629 0.632 6.7 21.7 14.5 5.1 0 3.4 4.8 24.9 120 115 19.9 1.2
"32" "32" 2009-12-31 27.68 "LAC" "" "PHI" "W" 16 1 38.8833333333333 0.571 0.524 7.5 21.9 15.8 18 0 3.6 14.9 32 108 95 18.1 -0.9
"33" "33" 2010-01-04 27.69 "LAC" "" "POR" "W" 10 1 32.2666666666667 0.72 0.692 14.4 20.7 17.8 21.6 0 0 17.8 25.3 130 112 17.5 4.2
"34" "34" 2010-01-06 27.69 "LAC" "" "LAL" "W" 11 1 39.15 0.476 0.368 8.6 26.4 18.3 7.8 2.6 1.9 8.3 27.3 102 90 17.6 1.6
"35" "35" 2010-01-10 27.7 "LAC" "" "MIA" "W" 10 1 37.05 0.442 0.417 13 28.8 21.3 7.2 0 3.7 0 30.3 109 89 15.9 1.4
"36" "" 2010-01-12 27.71 "LAC" "@" "MEM" "L" -2 NA NA NA NA NA NA NA NA NA NA NA NA NA NA NA NA
"37" "" 2010-01-13 27.71 "LAC" "@" "NOH" "L" -14 NA NA NA NA NA NA NA NA NA NA NA NA NA NA NA NA
"38" "" 2010-01-15 27.72 "LAC" "@" "LAL" "L" -40 NA NA NA NA NA NA NA NA NA NA NA NA NA NA NA NA
"39" "" 2010-01-16 27.72 "LAC" "" "CLE" "L" -1 NA NA NA NA NA NA NA NA NA NA NA NA NA NA NA NA
"40" "36" 2010-01-18 27.73 "LAC" "" "NJN" "W" 11 1 30.3833333333333 0.604 0.625 5.9 24.3 16.8 6.5 0 6.8 18 34.5 97 104 14.1 -3
"41" "37" 2010-01-20 27.73 "LAC" "" "CHI" "W" 7 1 36.3166666666667 0.438 0.389 5.7 16.2 11.1 4.6 1.3 1.7 8.1 28.8 90 97 10.6 -5.4
"42" "38" 2010-01-21 27.73 "LAC" "@" "DEN" "L" -20 1 26.6333333333333 0.533 0.5 3.5 19.5 10.2 9.2 0 3.7 10.6 31.1 100 115 10.1 2
"43" "39" 2010-01-24 27.74 "LAC" "@" "WAS" "W" 14 1 35.4 0.765 0.7 8.8 3.2 6.1 4.9 1.5 2.2 18.7 20.8 127 95 15.6 1
"44" "40" 2010-01-25 27.75 "LAC" "@" "BOS" "L" -6 1 37.7333333333333 0.263 0.263 5.2 21.2 12.6 0 1.3 0 9.5 24.7 55 102 0 -12.8
"45" "41" 2010-01-27 27.75 "LAC" "@" "NJN" "L" -16 1 40.4 0.569 0.5 10.1 25.2 16.3 16.7 1.3 1.9 19.2 29.4 102 110 16.7 -0.4
"46" "" 2010-01-29 27.76 "LAC" "@" "MIN" "L" -14 NA NA NA NA NA NA NA NA NA NA NA NA NA NA NA NA
"47" "" 2010-01-31 27.76 "LAC" "@" "CLE" "L" -25 NA NA NA NA NA NA NA NA NA NA NA NA NA NA NA NA
"48" "42" 2010-02-02 27.77 "LAC" "@" "CHI" "W" 8 1 40.6 0.503 0.5 8.2 20.6 14.6 14.1 0 1.8 8.7 26.1 100 91 14.7 0.1
"49" "43" 2010-02-03 27.77 "LAC" "@" "ATL" "L" -6 1 36.9333333333333 0.373 0.333 7.8 22.2 14.3 8.7 0 6 14.9 31.6 77 109 6.8 -8.8
"50" "44" 2010-02-06 27.78 "LAC" "" "SAS" "L" -17 1 36.1666666666667 0.577 0.5 0 12.1 6.4 19.5 0 6.9 18 28.1 96 104 13.2 2.7
"51" "45" 2010-02-09 27.79 "LAC" "" "UTA" "L" -10 1 41.2333333333333 0.471 0.357 5.7 14.9 10.2 4.3 0 1.7 22.9 29.1 82 123 6.3 -11.5
"52" "46" 2010-02-10 27.79 "LAC" "@" "GSW" "L" -30 1 25.6333333333333 0.604 0.556 3.8 19.4 9.6 13.6 0 0 21.8 23.3 100 142 7.1 -7.8
"53" "47" 2010-02-16 27.81 "LAC" "@" "POR" "L" -22 1 27.35 0.291 0.167 9 31 19.2 0 0 0 50.4 23.7 38 125 -4 -21.4
"54" "48" 2010-02-17 27.81 "LAC" "" "ATL" "L" -18 1 35.7166666666667 0.573 0.588 0 37.3 19.8 17.1 0 1.9 14.1 28 100 117 14.7 0.6
"55" "49" 2010-02-20 27.82 "LAC" "" "SAC" "W" 10 1 35.6666666666667 0.533 0.5 14.5 40.4 28 5.9 0 4.3 16.2 29.5 98 87 15.5 0.3
"56" "50" 2010-02-22 27.82 "LAC" "" "CHA" "W" 4 1 31.75 0.541 0.5 11.6 35.2 24 11.9 0 0 19.4 29.7 99 105 11.9 -4.3
"57" "51" 2010-02-24 27.83 "LAC" "" "DET" "W" 6 1 35.7166666666667 0.498 0.444 14 25.8 20.2 0 0 2 12.5 30.1 105 101 15 -0.4
"58" "52" 2010-02-26 27.83 "LAC" "@" "PHO" "L" -13 1 19.3833333333333 0.4 0.4 11.8 23.2 16.7 17.6 2.6 0 6.3 37.6 91 128 7.2 -7.3
"59" "53" 2010-02-28 27.84 "LAC" "@" "SAC" "L" -5 1 33.95 0.523 0.467 3.3 28.9 16.9 0 0 0 14.9 25.6 94 101 9.8 -2.5
"60" "54" 2010-03-01 27.84 "LAC" "" "UTA" "W" 4 1 36.0833333333333 0.66 0.545 15.2 28.9 23 14.2 1.4 1.8 18 20.7 126 105 17.7 2.5
"61" "55" 2010-03-03 27.85 "LAC" "" "PHO" "L" -26 1 32.35 0.693 0.688 16.5 17 16.7 6.5 1.6 2.6 10.4 27.2 127 134 21.5 4.6
"62" "56" 2010-03-05 27.85 "LAC" "" "OKC" "L" -17 1 33.95 0.484 0.471 7.6 38.6 21.2 13.7 0 0 9.2 26.7 98 105 12.6 1.4
"63" "57" 2010-03-06 27.85 "LAC" "@" "UTA" "L" -22 1 34.0833333333333 0.328 0.294 9.6 28.7 19.7 0 0 3.6 21.4 29.9 60 109 2 -13.6
"64" "58" 2010-03-09 27.86 "LAC" "@" "ORL" "L" -26 1 26.1 0.545 0.545 8.4 17.1 12.7 0 0 2.8 21.4 25.8 86 124 6.2 -8.7
"65" "59" 2010-03-10 27.87 "LAC" "@" "MIA" "L" -11 1 27.1666666666667 0.471 0.471 3.6 17.2 9.8 7.4 0 0 5.6 29.5 97 124 6.9 -6.2
"66" "60" 2010-03-12 27.87 "LAC" "@" "CHA" "L" -8 1 34.5833333333333 0.568 0.545 4.2 42.1 23.1 4.1 1.5 0 25.9 21.4 87 111 8.7 -6.5
"67" "61" 2010-03-13 27.87 "LAC" "@" "SAS" "L" -30 1 20.45 0.333 0.333 0 22 9.3 0 0 0 10 22.9 61 130 0.4 -15.8
"68" "62" 2010-03-15 27.88 "LAC" "" "NOH" "L" -8 1 30.7666666666667 0.252 0.2 0 14.6 5.8 13.3 0 0 0 22.7 67 118 0.5 -13.4
"69" "63" 2010-03-17 27.88 "LAC" "" "MIL" "W" 8 1 36.2166666666667 0.678 0.615 4.4 18.5 12.7 0 0 6.6 21.3 25.6 101 102 13.1 -4
"70" "64" 2010-03-21 27.9 "LAC" "" "SAC" "L" -13 1 31.95 0.51 0.4 3.9 28.6 16.7 0 0 2.2 20.3 21.6 85 105 6.2 -7.6
"71" "65" 2010-03-23 27.9 "LAC" "@" "DAL" "L" -10 1 36.8833333333333 0.615 0.588 8.1 17 12.5 6.5 0 1.8 5.3 22.1 129 119 17.6 4.6
"72" "66" 2010-03-25 27.91 "LAC" "@" "HOU" "W" 6 1 24.5833333333333 0.222 0.222 0 46.9 23.9 12.2 0 6 30.8 22.8 41 88 0.1 -12
"73" "67" 2010-03-28 27.92 "LAC" "" "GSW" "L" -18 1 20.55 0.379 0.364 17.3 56.8 33.4 18.9 0 0 25.2 30.1 77 122 4.6 -10.1
"74" "68" 2010-03-30 27.92 "LAC" "@" "MIL" "L" -18 1 26.3833333333333 0.491 0.438 13.7 22.3 17.8 0 2.1 0 0 28.4 120 116 13.4 3.9
"75" "69" 2010-03-31 27.92 "LAC" "@" "TOR" "L" -22 1 35.4 0.486 0.5 19.4 26.2 22 16.6 0 6.6 15 34.2 96 124 15.3 -2.9
"76" "70" 2010-04-03 27.93 "LAC" "@" "DEN" "L" -8 1 25.1666666666667 0.438 0.438 21.2 28.4 25.3 16.8 0 3 0 30.1 103 104 10.6 -1.6
"77" "71" 2010-04-04 27.93 "LAC" "" "NYK" "L" -6 1 34.1833333333333 0.647 0.647 13.4 37.4 25.8 5.1 1.4 4.8 19 25.8 110 106 18.8 2.8
"78" "72" 2010-04-07 27.94 "LAC" "" "POR" "L" -8 1 29.6166666666667 0.47 0.5 8.8 26.3 17.5 6.1 0 0 6.3 26.9 94 109 8.7 -4.4
"79" "73" 2010-04-08 27.95 "LAC" "@" "SAC" "L" -22 1 33.4 0.664 0.625 0 22.1 10.9 0 1.6 3.5 0 25.2 133 123 18.8 4.6
"80" "74" 2010-04-10 27.95 "LAC" "" "GSW" "W" 3 1 35.2 0.687 0.647 10.2 17.7 14.5 10.1 0 2.3 20.3 30 113 104 18.4 0.1
"81" "75" 2010-04-12 27.96 "LAC" "" "DAL" "L" -23 1 33.0666666666667 0.494 0.4 3.6 24.2 13.4 0 3.2 5.2 25.9 32.2 77 119 8 -9.2
"82" "76" 2010-04-14 27.96 "LAC" "" "LAL" "W" 16 1 35.7833333333333 0.564 0.5 3.2 14.6 9.7 8.6 1.4 8.9 4.9 26.6 115 92 19.8 3.4
"1" "1" 2010-10-27 28.5 "LAC" "" "POR" "L" -10 1 35.7 0.217 0.222 9.2 22.4 16.1 5.1 3.1 2 9.8 25.6 55 103 2.1 -12.1
"2" "2" 2010-10-29 28.5 "LAC" "@" "GSW" "L" -18 1 30.1666666666667 0.412 0.357 9.4 18.2 13 6.6 0 2.8 11.3 25 87 116 7.5 -4.4
"3" "3" 2010-10-31 28.51 "LAC" "" "DAL" "L" -16 1 31.7166666666667 0.388 0.333 9.5 36.9 22.1 0 1.6 2.5 5.6 24.1 88 100 8.7 -1.3
"4" "4" 2010-11-01 28.51 "LAC" "" "SAS" "L" -9 1 34.6666666666667 0.529 0.529 3.3 26.2 14 27.1 1.5 2.4 15 26.1 97 102 13.9 3.1
"5" "5" 2010-11-03 28.52 "LAC" "" "OKC" "W" 15 1 23.5333333333333 0.222 0.222 5.4 20.4 13.9 10.8 0 6.4 10 19.6 61 96 1.7 -7.9
"6" "6" 2010-11-05 28.52 "LAC" "@" "DEN" "L" -7 1 34.6833333333333 0.278 0.278 3.5 25.5 14.2 11.5 0 2.2 5.3 24.6 69 120 3.2 -11.8
"7" "7" 2010-11-06 28.53 "LAC" "@" "UTA" "L" -2 1 41.5166666666667 0.617 0.563 3.5 15.5 10.4 5.7 0 5.3 9.7 23.6 123 108 16.3 3.8
"8" "8" 2010-11-09 28.53 "LAC" "@" "NOH" "L" -19 1 7.33333333333333 0.333 0.333 0 35.4 18.2 26.8 0 0 50 39.3 40 110 -1.8 -22.7
"9" "" 2010-11-10 28.54 "LAC" "@" "SAS" "L" -12 NA NA NA NA NA NA NA NA NA NA NA NA NA NA NA NA
"10" "" 2010-11-12 28.54 "LAC" "" "DET" "L" -6 NA NA NA NA NA NA NA NA NA NA NA NA NA NA NA NA
"11" "" 2010-11-15 28.55 "LAC" "" "NJN" "L" -14 NA NA NA NA NA NA NA NA NA NA NA NA NA NA NA NA
"12" "" 2010-11-17 28.56 "LAC" "@" "MIN" "L" -2 NA NA NA NA NA NA NA NA NA NA NA NA NA NA NA NA
"13" "" 2010-11-18 28.56 "LAC" "@" "IND" "L" -27 NA NA NA NA NA NA NA NA NA NA NA NA NA NA NA NA
"14" "" 2010-11-20 28.56 "LAC" "" "NYK" "L" -9 NA NA NA NA NA NA NA NA NA NA NA NA NA NA NA NA
"15" "" 2010-11-22 28.57 "LAC" "" "NOH" "W" 4 NA NA NA NA NA NA NA NA NA NA NA NA NA NA NA NA
"16" "" 2010-11-25 28.58 "LAC" "" "SAC" "W" 18 NA NA NA NA NA NA NA NA NA NA NA NA NA NA NA NA
"17" "" 2010-11-26 28.58 "LAC" "@" "PHO" "L" -8 NA NA NA NA NA NA NA NA NA NA NA NA NA NA NA NA
"18" "" 2010-11-28 28.59 "LAC" "" "UTA" "L" -12 NA NA NA NA NA NA NA NA NA NA NA NA NA NA NA NA
"19" "" 2010-12-01 28.59 "LAC" "" "SAS" "W" 5 NA NA NA NA NA NA NA NA NA NA NA NA NA NA NA NA
"20" "9" 2010-12-03 28.6 "LAC" "@" "DEN" "L" -5 0 12.65 0.85 0.8 16.9 35.3 25.9 47.8 0 8.8 14.5 22 156 103 10.5 17.2
"21" "10" 2010-12-05 28.61 "LAC" "@" "POR" "L" -9 0 13.35 0.4 0.4 0 24.5 12.4 0 4.1 5.5 0 17.5 87 102 2.3 -5.3
"22" "" 2010-12-06 28.61 "LAC" "" "SAC" "W" 7 NA NA NA NA NA NA NA NA NA NA NA NA NA NA NA NA
"23" "" 2010-12-08 28.61 "LAC" "" "LAL" "L" -1 NA NA NA NA NA NA NA NA NA NA NA NA NA NA NA NA
"24" "" 2010-12-11 28.62 "LAC" "" "MEM" "L" -1 NA NA NA NA NA NA NA NA NA NA NA NA NA NA NA NA
"25" "" 2010-12-12 28.62 "LAC" "" "ORL" "L" -9 NA NA NA NA NA NA NA NA NA NA NA NA NA NA NA NA
"26" "" 2010-12-15 28.63 "LAC" "@" "PHI" "L" -14 NA NA NA NA NA NA NA NA NA NA NA NA NA NA NA NA
"27" "" 2010-12-17 28.64 "LAC" "@" "DET" "W" 21 NA NA NA NA NA NA NA NA NA NA NA NA NA NA NA NA
"28" "" 2010-12-18 28.64 "LAC" "@" "CHI" "W" 1 NA NA NA NA NA NA NA NA NA NA NA NA NA NA NA NA
"29" "" 2010-12-20 28.65 "LAC" "" "MIN" "W" 23 NA NA NA NA NA NA NA NA NA NA NA NA NA NA NA NA
"30" "" 2010-12-22 28.65 "LAC" "" "HOU" "L" -5 NA NA NA NA NA NA NA NA NA NA NA NA NA NA NA NA
"31" "" 2010-12-26 28.66 "LAC" "" "PHO" "W" 5 NA NA NA NA NA NA NA NA NA NA NA NA NA NA NA NA
"32" "" 2010-12-27 28.67 "LAC" "@" "SAC" "W" 1 NA NA NA NA NA NA NA NA NA NA NA NA NA NA NA NA
"33" "" 2010-12-29 28.67 "LAC" "" "UTA" "L" -8 NA NA NA NA NA NA NA NA NA NA NA NA NA NA NA NA
"34" "" 2011-01-02 28.68 "LAC" "" "ATL" "L" -9 NA NA NA NA NA NA NA NA NA NA NA NA NA NA NA NA
"35" "" 2011-01-05 28.69 "LAC" "" "DEN" "W" 13 NA NA NA NA NA NA NA NA NA NA NA NA NA NA NA NA
"36" "" 2011-01-09 28.7 "LAC" "" "GSW" "W" 14 NA NA NA NA NA NA NA NA NA NA NA NA NA NA NA NA
"37" "" 2011-01-12 28.71 "LAC" "" "MIA" "W" 6 NA NA NA NA NA NA NA NA NA NA NA NA NA NA NA NA
"38" "" 2011-01-14 28.72 "LAC" "@" "GSW" "L" -10 NA NA NA NA NA NA NA NA NA NA NA NA NA NA NA NA
"39" "" 2011-01-16 28.72 "LAC" "" "LAL" "W" 7 NA NA NA NA NA NA NA NA NA NA NA NA NA NA NA NA
"40" "" 2011-01-17 28.72 "LAC" "" "IND" "W" 7 NA NA NA NA NA NA NA NA NA NA NA NA NA NA NA NA
"41" "" 2011-01-19 28.73 "LAC" "" "MIN" "W" 15 NA NA NA NA NA NA NA NA NA NA NA NA NA NA NA NA
"42" "" 2011-01-20 28.73 "LAC" "@" "POR" "L" -15 NA NA NA NA NA NA NA NA NA NA NA NA NA NA NA NA
"43" "" 2011-01-22 28.74 "LAC" "" "GSW" "W" 4 NA NA NA NA NA NA NA NA NA NA NA NA NA NA NA NA
"44" "" 2011-01-25 28.75 "LAC" "@" "DAL" "L" -7 NA NA NA NA NA NA NA NA NA NA NA NA NA NA NA NA
"45" "" 2011-01-26 28.75 "LAC" "@" "HOU" "L" -13 NA NA NA NA NA NA NA NA NA NA NA NA NA NA NA NA
"46" "" 2011-01-29 28.76 "LAC" "" "CHA" "W" 15 NA NA NA NA NA NA NA NA NA NA NA NA NA NA NA NA
"47" "" 2011-01-31 28.76 "LAC" "" "MIL" "W" 7 NA NA NA NA NA NA NA NA NA NA NA NA NA NA NA NA
"48" "" 2011-02-02 28.77 "LAC" "" "CHI" "L" -18 NA NA NA NA NA NA NA NA NA NA NA NA NA NA NA NA
"49" "" 2011-02-04 28.77 "LAC" "@" "ATL" "L" -1 NA NA NA NA NA NA NA NA NA NA NA NA NA NA NA NA
"50" "" 2011-02-06 28.78 "LAC" "@" "MIA" "L" -18 NA NA NA NA NA NA NA NA NA NA NA NA NA NA NA NA
"51" "" 2011-02-08 28.78 "LAC" "@" "ORL" "L" -16 NA NA NA NA NA NA NA NA NA NA NA NA NA NA NA NA
"52" "" 2011-02-09 28.79 "LAC" "@" "NYK" "W" 8 NA NA NA NA NA NA NA NA NA NA NA NA NA NA NA NA
"53" "" 2011-02-11 28.79 "LAC" "@" "CLE" "L" -7 NA NA NA NA NA NA NA NA NA NA NA NA NA NA NA NA
"54" "" 2011-02-13 28.8 "LAC" "@" "TOR" "L" -5 NA NA NA NA NA NA NA NA NA NA NA NA NA NA NA NA
"55" "" 2011-02-14 28.8 "LAC" "@" "MIL" "L" -24 NA NA NA NA NA NA NA NA NA NA NA NA NA NA NA NA
"56" "11" 2011-02-16 28.81 "LAC" "@" "MIN" "W" 8 0 9.51666666666667 0.5 0.5 11.7 49.4 32.2 0 0 26.1 20 23.9 84 70 4.5 2.1
"57" "12" 2011-02-22 28.82 "LAC" "@" "OKC" "L" -23 0 19.6833333333333 0.405 0.333 0 13.9 7.2 0 0 0 9.2 26.6 75 127 1.7 -12.5
"58" "13" 2011-02-23 28.82 "LAC" "@" "NOH" "L" -11 0 25.4833333333333 0.549 0.545 5.4 17.1 11.1 0 0 0 23.9 31.5 78 108 3.5 -11.5
"59" "14" 2011-02-25 28.83 "LAC" "@" "LAL" "L" -13 0 18.85 0.455 0.455 17.4 38.2 27.3 0 2.9 7.4 15.4 31.8 85 109 8.2 -3.8
"60" "15" 2011-02-26 28.83 "LAC" "" "BOS" "L" -7 0 26.7 0.667 0.667 13.8 27 20.5 26.2 2 8.4 14.3 24.6 119 102 17.5 11.7
"61" "16" 2011-02-28 28.84 "LAC" "@" "SAC" "L" -6 0 24.9166666666667 0.5 0.5 0 23.5 10.9 0 1.9 0 20 25.6 75 103 3.9 -9.7
"62" "17" 2011-03-02 28.84 "LAC" "" "HOU" "W" 3 0 23.0166666666667 0.602 0.588 9.9 30.4 20.9 10.4 0 3.5 5.4 35.6 117 107 17 7
"63" "18" 2011-03-05 28.85 "LAC" "" "DEN" "W" 6 0 22.9833333333333 0.375 0.375 5.5 22.8 15.7 14.5 0 7.1 27.3 21.9 66 93 4.2 -6.3
"64" "19" 2011-03-07 28.86 "LAC" "@" "CHA" "W" 5 0 30.6 0.542 0.462 0 39.2 20.6 0 0 2.3 0 23.4 111 95 12.6 0.4
"65" "20" 2011-03-09 28.86 "LAC" "@" "BOS" "W" 5 0 22.1833333333333 0.506 0.444 0 25.8 14.1 21.4 0 3.2 9.2 23.2 106 111 7.4 -1.1
"66" "21" 2011-03-11 28.87 "LAC" "@" "NJN" "L" -4 0 35.1666666666667 0.643 0.647 9.8 24 16.7 30.9 0 2.3 10.1 26.1 125 104 20.3 8.6
"67" "22" 2011-03-12 28.87 "LAC" "@" "WAS" "W" 21 0 21.9666666666667 0.678 0.667 5.3 4.6 5 14.6 2.2 0 16.2 23.8 120 104 9.1 -0.4
"68" "23" 2011-03-14 28.88 "LAC" "@" "MEM" "L" -23 0 21.75 0.538 0.538 14.1 13.4 13.8 13.3 2.4 0 0 26.7 122 113 11.3 7.5
"69" "24" 2011-03-16 28.88 "LAC" "" "PHI" "L" -10 0 19.2 0.333 0.333 0 16.7 8.3 0 0 7.5 14.3 31.5 57 104 0.7 -12.4
"70" "25" 2011-03-19 28.89 "LAC" "" "CLE" "W" 8 0 16.9166666666667 0.222 0.222 15.8 8.1 12 0 0 9.5 10 28.4 55 99 -0.2 -19.4
"71" "26" 2011-03-20 28.89 "LAC" "" "PHO" "L" -9 1 36.3333333333333 0.606 0.563 11 26.4 19.1 5.1 1.5 4.3 5.5 23.8 122 115 19.6 3.5
"72" "27" 2011-03-23 28.9 "LAC" "" "WAS" "W" 8 1 49.1333333333333 0.625 0.556 11.8 19.7 16.1 10.4 1 5.3 23.8 26.2 104 102 21.9 0.1
"73" "28" 2011-03-25 28.91 "LAC" "@" "LAL" "L" -8 1 25.35 0.5 0.5 10 25.6 17.7 5.5 0 3.2 27.3 19.3 82 115 4.5 -6.3
"74" "29" 2011-03-26 28.91 "LAC" "" "TOR" "W" 4 1 32.5666666666667 0.555 0.5 11.1 26 19.4 15.4 0 6.3 11.5 22.8 116 92 15.8 5.3
"75" "30" 2011-03-30 28.92 "LAC" "" "DAL" "L" -6 1 25.8666666666667 0.6 0.6 5.2 30.9 19 7.8 1.9 0 16.7 21.1 102 108 8.7 -0.8
"76" "" 2011-04-01 28.93 "LAC" "@" "PHO" "L" -13 NA NA NA NA NA NA NA NA NA NA NA NA NA NA NA NA
"77" "" 2011-04-02 28.93 "LAC" "" "OKC" "W" 6 NA NA NA NA NA NA NA NA NA NA NA NA NA NA NA NA
"78" "31" 2011-04-05 28.94 "LAC" "@" "MEM" "W" 1 1 32.4333333333333 0.583 0.583 6.9 14.8 11.1 20.5 3.2 1.9 7.7 18.2 119 84 13.9 10.9
"79" "32" 2011-04-06 28.94 "LAC" "@" "OKC" "L" -4 1 31.6166666666667 0.41 0.417 3.6 21.3 13.2 0 1.6 12 6.4 21.7 85 107 10.2 -2.3
"80" "" 2011-04-08 28.95 "LAC" "@" "DAL" "L" -11 NA NA NA NA NA NA NA NA NA NA NA NA NA NA NA NA
"81" "" 2011-04-09 28.95 "LAC" "@" "HOU" "L" -21 NA NA NA NA NA NA NA NA NA NA NA NA NA NA NA NA
"82" "" 2011-04-13 28.96 "LAC" "" "MEM" "W" 7 NA NA NA NA NA NA NA NA NA NA NA NA NA NA NA NA
"1" "1" 2011-12-26 29.66 "NOH" "@" "PHO" "W" 1 0 20.6333333333333 0.625 0.625 15.5 9.9 12.6 0 2.6 0 27.3 25.3 98 96 5.5 -3.2
"2" "2" 2011-12-28 29.67 "NOH" "" "BOS" "W" 19 0 27.2833333333333 0.4 0.4 14.7 21.5 18.6 6.9 2.1 8.7 6.3 28.4 96 86 9.4 -1.1
"3" "3" 2011-12-30 29.67 "NOH" "" "PHO" "L" -15 0 19.6 0.34 0.2 8 0 4.7 10.4 0 13.4 33.8 18.9 60 106 1.7 -6.2
"4" "4" 2012-01-01 29.68 "NOH" "@" "SAC" "L" -16 0 26.7833333333333 0.474 0.385 10.5 43 26.6 6.6 0 2.9 16.9 27.7 96 96 9.4 -0.4
"5" "5" 2012-01-02 29.68 "NOH" "@" "UTA" "L" -4 0 28.7333333333333 0.888 0.857 9.8 17.1 13.7 6.2 0 0 27.6 18.9 125 110 10.6 1.2
"6" "6" 2012-01-04 29.69 "NOH" "" "PHI" "L" -8 0 24.2 0.714 0.714 0 38.7 19.8 15.8 0 0 22.2 17.3 109 112 8.1 1.8
"7" "7" 2012-01-06 29.69 "NOH" "" "DEN" "L" -8 1 27.7 0.333 0.333 0 57.8 28.5 11.3 0 3 30.8 22.9 54 103 2.2 -9.2
"8" "8" 2012-01-07 29.7 "NOH" "@" "DAL" "L" -15 1 25.2166666666667 0.563 0.5 10.9 19.5 15.4 20.7 0 0 18.4 21.5 103 110 6.4 -3.3
"9" "9" 2012-01-09 29.7 "NOH" "@" "DEN" "W" 13 1 28.4666666666667 0.625 0.625 4.7 25.9 15.7 7.6 0 3.5 11.1 31.2 108 93 13.1 1.2
"10" "10" 2012-01-11 29.71 "NOH" "" "OKC" "L" -10 1 30.8833333333333 0.504 0.5 7.2 31.1 17.9 13.2 0 5.9 15.1 30.8 94 107 11.1 1.2
"11" "11" 2012-01-13 29.71 "NOH" "" "MIN" "L" -7 1 17.6666666666667 0.092 0 14.8 37 24.7 0 3.1 6 8.4 29.6 34 85 -0.8 -14
"12" "12" 2012-01-14 29.72 "NOH" "@" "MEM" "L" -9 1 16.2 0.509 0.5 7.6 6.7 7.1 22.7 3.3 4.4 12.7 22.5 106 117 5.1 0.8
"13" "13" 2012-01-16 29.72 "NOH" "" "POR" "L" -7 0 23.8333333333333 0.4 0.4 4.9 28 15.7 38 2.3 3.9 11.8 35.2 78 91 7.5 2.6
"14" "14" 2012-01-18 29.73 "NOH" "" "MEM" "L" -6 0 20.6666666666667 0.333 0.333 6.8 18.8 13.1 31.6 0 11.8 33.3 22.2 70 108 3.7 -1.2
"15" "15" 2012-01-19 29.73 "NOH" "@" "HOU" "L" -2 0 26.65 0.253 0.222 3.6 30.3 15.8 6 4.2 3.3 28.8 24.2 45 82 0.9 -8.9
"16" "16" 2012-01-21 29.73 "NOH" "" "DAL" "L" -2 0 7.16666666666667 0.615 0.5 13.1 0 7.4 0 0 12.6 45 28.6 72 96 1.4 -6.3
"17" "17" 2012-01-23 29.74 "NOH" "" "SAS" "L" -2 0 14.1666666666667 0.375 0.375 10 30.8 20.2 0 3.8 11.5 11.1 29.7 79 102 4.6 -4.5
"18" "" 2012-01-25 29.75 "NOH" "@" "OKC" "L" -10 NA NA NA NA NA NA NA NA NA NA NA NA NA NA NA NA
"19" "" 2012-01-27 29.75 "NOH" "" "ORL" "W" 26 NA NA NA NA NA NA NA NA NA NA NA NA NA NA NA NA
"20" "" 2012-01-29 29.76 "NOH" "" "ATL" "L" -22 NA NA NA NA NA NA NA NA NA NA NA NA NA NA NA NA
"21" "" 2012-01-30 29.76 "NOH" "@" "MIA" "L" -14 NA NA NA NA NA NA NA NA NA NA NA NA NA NA NA NA
"22" "" 2012-02-01 29.76 "NOH" "" "PHO" "L" -17 NA NA NA NA NA NA NA NA NA NA NA NA NA NA NA NA
"23" "" 2012-02-02 29.77 "NOH" "@" "SAS" "L" -12 NA NA NA NA NA NA NA NA NA NA NA NA NA NA NA NA
"24" "" 2012-02-04 29.77 "NOH" "@" "DET" "L" -2 NA NA NA NA NA NA NA NA NA NA NA NA NA NA NA NA
"25" "18" 2012-02-06 29.78 "NOH" "" "SAC" "L" -8 0 22.2666666666667 0.363 0.333 9.6 49 29.1 8.5 0 8 12.7 32.8 78 105 6.1 -6.9
"26" "19" 2012-02-08 29.78 "NOH" "" "CHI" "L" -23 0 30.8333333333333 0.443 0.353 6.6 26.6 15.9 16.7 0 6.8 17.2 35.9 80 96 10.5 4.6
"27" "" 2012-02-10 29.79 "NOH" "" "POR" "L" -8 NA NA NA NA NA NA NA NA NA NA NA NA NA NA NA NA
"28" "20" 2012-02-13 29.8 "NOH" "" "UTA" "W" 6 1 41.5333333333333 0.568 0.545 17.3 19.3 18.3 12.7 2.8 2 11.2 31.1 112 95 22.2 4.8
"29" "21" 2012-02-15 29.8 "NOH" "@" "MIL" "W" 3 1 36.8666666666667 0.363 0.348 13.4 15.9 14.8 10.2 0 1.9 13.9 35.8 81 105 6.6 -9.9
"30" "22" 2012-02-17 29.81 "NOH" "@" "NYK" "W" 4 1 37.3333333333333 0.41 0.25 3.1 20.9 12.2 27.4 0 0 12 21 95 97 8.6 -1.2
"31" "23" 2012-02-20 29.82 "NOH" "@" "OKC" "L" -8 1 27.8666666666667 0.32 0.235 3.2 29.4 14.5 19.8 0 0 13.8 32 71 105 3.2 -8.2
"32" "24" 2012-02-21 29.82 "NOH" "@" "IND" "L" -9 1 39.15 0.539 0.571 3.6 3.1 3.3 4.3 0 3.9 24.1 27 80 123 6.1 -9.7
"33" "25" 2012-02-22 29.82 "NOH" "@" "CLE" "W" 5 1 34.95 0.413 0.4 17.9 16.6 17.2 18.5 1.6 4.7 13.6 36.5 92 92 12.7 -0.3
"34" "26" 2012-02-28 29.84 "NOH" "@" "CHI" "L" -4 1 39.0833333333333 0.43 0.389 5.1 22.6 13.9 22.4 0 1.7 16.8 25.9 85 104 9.9 -2.1
"35" "27" 2012-02-29 29.84 "NOH" "" "TOR" "L" -11 1 25.6166666666667 0.511 0.429 13.1 31.2 22 10 0 6 5.7 32.4 112 104 13.7 6.3
"36" "28" 2012-03-02 29.85 "NOH" "" "DAL" "W" 5 1 38.6333333333333 0.518 0.5 9.1 28.9 19.2 12.9 0 0 4.9 23.7 119 106 15.6 2.5
"37" "29" 2012-03-03 29.85 "NOH" "" "IND" "L" -18 1 25.8 0.333 0.333 7.8 16.9 12.1 23.6 0 6.1 21.1 34.2 65 111 2.4 -9.7
"38" "30" 2012-03-05 29.85 "NOH" "@" "POR" "L" -12 1 26.9833333333333 0.349 0.308 8.3 43.3 24.5 0 2.1 3.6 21.8 34.8 60 93 3.9 -7.6
"39" "31" 2012-03-07 29.86 "NOH" "@" "SAC" "L" -1 1 45.9833333333333 0.556 0.5 9.8 22 16.4 24.1 0 3.9 19.8 20.6 113 111 17.3 3
"40" "32" 2012-03-09 29.87 "NOH" "@" "DEN" "L" -13 1 21.2833333333333 0.556 0.556 6.8 27.3 17.1 20.8 0 4.5 18.2 25.6 97 126 6.9 -2.3
"41" "33" 2012-03-10 29.87 "NOH" "@" "MIN" "W" 6 1 36.1666666666667 0.476 0.476 6.8 12.1 9.6 20.6 2.9 7 4.5 28.1 99 93 16.6 6.8
"42" "34" 2012-03-12 29.87 "NOH" "" "CHA" "L" -2 1 40.5666666666667 0.316 0.316 5.3 42.5 22.5 15.5 0 5.3 9.5 25.3 67 78 8.5 -2.8
"43" "35" 2012-03-14 29.88 "NOH" "" "LAL" "L" -6 1 45.3166666666667 0.483 0.45 6.2 29.2 18 10.5 1.2 0 21.6 30.7 81 105 9.7 -7.5
"44" "36" 2012-03-15 29.88 "NOH" "" "WAS" "L" -10 1 37.25 0.597 0.6 9.9 17.2 13.1 23 3 0 5.6 24 123 113 19 6.9
"45" "37" 2012-03-17 29.89 "NOH" "@" "NJN" "W" 8 1 28.7333333333333 0.72 0.692 4.6 3.7 4.1 12.9 1.9 5.3 22.4 30.3 109 109 14.1 1.7
"46" "38" 2012-03-21 29.9 "NOH" "" "GSW" "L" -9 1 33.4166666666667 0.44 0.385 12.3 19.2 16.2 22.6 0 9.6 21.3 26.6 89 107 10.5 -3.3
"47" "39" 2012-03-22 29.9 "NOH" "" "LAC" "W" 7 1 39.6 0.698 0.692 4.7 19.8 15 5.2 1.4 7.7 32.8 27.5 89 96 14.2 1.1
"48" "" 2012-03-24 29.91 "NOH" "" "SAS" "L" -3 NA NA NA NA NA NA NA NA NA NA NA NA NA NA NA NA
"49" "" 2012-03-26 29.91 "NOH" "@" "LAC" "L" -12 NA NA NA NA NA NA NA NA NA NA NA NA NA NA NA NA
"50" "" 2012-03-28 29.92 "NOH" "@" "GSW" "W" 15 NA NA NA NA NA NA NA NA NA NA NA NA NA NA NA NA
"51" "" 2012-03-29 29.92 "NOH" "@" "POR" "L" -6 NA NA NA NA NA NA NA NA NA NA NA NA NA NA NA NA
"52" "" 2012-03-31 29.93 "NOH" "@" "LAL" "L" -3 NA NA NA NA NA NA NA NA NA NA NA NA NA NA NA NA
"53" "40" 2012-04-01 29.93 "NOH" "@" "PHO" "L" -17 0 25.5 0.364 0.364 4.4 20.3 11.8 7.7 2.1 3.4 21.4 26.6 62 101 2 -8.4
"54" "41" 2012-04-04 29.94 "NOH" "" "DEN" "W" 2 1 33.3166666666667 0.568 0.545 13.9 24 19.7 10.9 1.7 11.4 14 21.3 114 98 15.2 6.5
"55" "42" 2012-04-06 29.94 "NOH" "@" "SAS" "L" -25 1 24.8666666666667 0.45 0.375 0 6 2.8 6.4 0 5.8 18.4 19.7 81 139 3.6 -7.8
"56" "43" 2012-04-07 29.95 "NOH" "" "MIN" "W" 9 1 30.6333333333333 0.928 0.9 8.5 28.5 19.3 24.2 1.8 11.2 15 20.2 158 93 25.2 20.2
"57" "44" 2012-04-09 29.95 "NOH" "" "LAL" "L" -2 1 28.6 0.576 0.538 4 12.9 8.3 20.8 2 13.3 12.6 29.2 107 105 13.9 4.6
"58" "45" 2012-04-11 29.96 "NOH" "" "SAC" "W" 9 1 34.9833333333333 0.405 0.333 0 28.6 16.9 4 0 6.7 9.2 14.7 84 99 7.3 -4.5
"59" "46" 2012-04-13 29.96 "NOH" "" "UTA" "W" 11 1 33.05 0.535 0.5 9.1 7.3 8.1 11 1.8 0 10.1 31.5 108 109 11.8 -4
"60" "47" 2012-04-15 29.97 "NOH" "" "MEM" "W" 13 1 19.9333333333333 0.694 0.5 0 16.4 9 0 2.8 0 51 14.6 65 86 1.1 -7.2
"61" "" 2012-04-16 29.97 "NOH" "@" "CHA" "W" 8 NA NA NA NA NA NA NA NA NA NA NA NA NA NA NA NA
"62" "" 2012-04-18 29.98 "NOH" "@" "MEM" "L" -12 NA NA NA NA NA NA NA NA NA NA NA NA NA NA NA NA
"63" "" 2012-04-19 29.98 "NOH" "" "HOU" "W" 6 NA NA NA NA NA NA NA NA NA NA NA NA NA NA NA NA
"64" "" 2012-04-22 29.99 "NOH" "@" "LAC" "L" -9 NA NA NA NA NA NA NA NA NA NA NA NA NA NA NA NA
"65" "" 2012-04-24 29.99 "NOH" "@" "GSW" "W" 2 NA NA NA NA NA NA NA NA NA NA NA NA NA NA NA NA
"66" "" 2012-04-26 30 "NOH" "@" "HOU" "L" -7 NA NA NA NA NA NA NA NA NA NA NA NA NA NA NA NA
"1" "" 2012-10-30 30.51 "DAL" "@" "LAL" "W" 8 NA NA NA NA NA NA NA NA NA NA NA NA NA NA NA NA
"2" "" 2012-10-31 30.51 "DAL" "@" "UTA" "L" -19 NA NA NA NA NA NA NA NA NA NA NA NA NA NA NA NA
"3" "1" 2012-11-03 30.52 "DAL" "" "CHA" "W" 27 0 20.45 0.889 0.889 7.6 14.1 11.6 15.5 0 0 18.2 23.8 141 107 13.1 4.6
"4" "2" 2012-11-05 30.52 "DAL" "" "POR" "W" 23 0 24.3333333333333 0.8 0.8 0 20.4 13.9 0 0 0 16.7 25.5 116 102 11.2 -3.4
"5" "3" 2012-11-07 30.53 "DAL" "" "TOR" "W" 5 1 33 0.594 0.533 6.6 21.3 13.7 15.9 0 2.5 9.7 27 124 115 16.3 2.6
"6" "4" 2012-11-09 30.53 "DAL" "@" "NYK" "L" -10 0 27.6333333333333 0.888 0.857 8.5 16.7 13.1 15.4 0 0 11.3 13.9 162 108 13.2 8.3
"7" "5" 2012-11-10 30.54 "DAL" "@" "CHA" "L" -4 0 27.05 0.51 0.4 0 21 12.2 0 0 5.2 14.5 12.1 89 98 4.7 -5.1
"8" "6" 2012-11-12 30.54 "DAL" "" "MIN" "L" -8 0 27.3 0.358 0.333 7.2 15.1 10.5 0 0 0 5.6 31.5 73 106 3.2 -9.7
"9" "7" 2012-11-14 30.55 "DAL" "" "WAS" "W" 6 1 32.1666666666667 0.863 0.833 3.8 29.8 16.1 18.6 1.7 2.8 13.1 21.7 153 108 23.2 14.3
"10" "8" 2012-11-16 30.55 "DAL" "@" "IND" "L" -20 1 26.9333333333333 0.333 0.333 8.1 31 19.8 0 0 2.7 14.3 24.2 64 108 2.9 -8.6
"11" "9" 2012-11-17 30.56 "DAL" "@" "CLE" "W" 8 1 32.2666666666667 0.545 0.5 4.5 22.2 14.9 5.1 1.6 12.6 17.9 24.3 94 91 13.5 0
"12" "10" 2012-11-19 30.56 "DAL" "" "GSW" "L" -4 1 35.4 0.602 0.455 9 38.1 24.2 5.1 1.4 4.5 0 19.9 133 90 20.5 5.9
"13" "11" 2012-11-21 30.57 "DAL" "" "NYK" "W" 3 1 27.5166666666667 0.479 0.5 4.1 19.4 11 5.2 0 3.8 22.3 21.9 80 118 3.3 -11
"14" "12" 2012-11-24 30.58 "DAL" "" "LAL" "L" -26 0 23.55 0.167 0.167 3.5 9.9 6.1 0 0 0 7.7 22.9 36 116 -5.7 -22.1
"15" "13" 2012-11-27 30.58 "DAL" "@" "PHI" "L" -2 1 28.9666666666667 0.72 0.692 4.6 12.1 8.6 0 0 0 17.8 26.5 112 114 11.9 -1.7
"16" "14" 2012-11-28 30.59 "DAL" "@" "CHI" "L" -23 1 21.0833333333333 0.336 0.286 15.2 7.9 12.3 12.1 0 0 21.2 41.4 63 122 0.5 -16.9
"17" "15" 2012-12-01 30.59 "DAL" "" "DET" "W" 15 1 18.7333333333333 0.455 0.455 25.6 20.1 22.8 10.2 0 12 26.7 35.1 78 80 6.2 -6.6
"18" "16" 2012-12-05 30.61 "DAL" "@" "LAC" "L" -22 1 28.6166666666667 0.504 0.462 3.5 20 11.2 7 1.7 0 22.4 26.2 81 110 6.4 -5.2
"19" "17" 2012-12-06 30.61 "DAL" "@" "PHO" "W" 3 0 20.5 0.582 0.583 17.6 20.4 19.1 22.7 2.6 0 13.4 33.3 113 100 11.5 5.6
"20" "18" 2012-12-08 30.61 "DAL" "@" "HOU" "W" 7 1 18.5833333333333 0.72 0.692 17.6 31.3 23.5 0 0 0 12.6 36 126 111 15 5.7
"21" "19" 2012-12-10 30.62 "DAL" "" "SAC" "W" 23 1 21.4666666666667 0.692 0.692 6.2 9.9 8.3 0 0 0 7.1 30 123 110 12.4 -1.6
"22" "20" 2012-12-12 30.62 "DAL" "@" "BOS" "L" -2 1 24.1 0.761 0.714 0 23.1 13.1 6.9 0 0 11.3 16.9 134 105 9.9 4.3
"23" "21" 2012-12-14 30.63 "DAL" "@" "TOR" "L" -21 1 26.7333333333333 0.397 0.389 4.9 15 10.6 0 0 3.7 13.7 40.9 66 107 3.6 -9
"24" "22" 2012-12-15 30.63 "DAL" "@" "MIN" "L" -8 1 25.8333333333333 0.427 0.417 4.9 21.8 13.8 0 4 5.8 13.4 26.8 78 103 6.6 -6
"25" "23" 2012-12-18 30.64 "DAL" "" "PHI" "W" 7 1 30.0666666666667 0.597 0.6 0 26 14.9 0 0 3.1 10.7 31.3 103 113 11.5 -6.7
"26" "24" 2012-12-20 30.65 "DAL" "" "MIA" "L" -15 1 18.95 0.4 0.4 4.9 8.2 6.1 0 0 0 16.7 26.6 69 124 1.6 -12.3
"27" "25" 2012-12-21 30.65 "DAL" "@" "MEM" "L" -10 1 17.9666666666667 0.333 0.333 13 22.3 18 0 0 0 29.4 43.1 51 100 -1.2 -20.6
"28" "26" 2012-12-23 30.65 "DAL" "@" "SAS" "L" -38 1 20.6666666666667 0.556 0.556 0 18.3 8.7 20.7 2.4 0 25 26.1 82 131 6 -3
"29" "27" 2012-12-27 30.67 "DAL" "@" "OKC" "L" -6 1 30.1 0.555 0.5 7.2 19.9 13.8 0 0 5.2 0 23.4 119 110 14.2 3.1
"30" "28" 2012-12-28 30.67 "DAL" "" "DEN" "L" -21 1 19.1 0.429 0.429 9 32.1 19.5 14 0 0 0 31.6 95 106 8.1 2.4
"31" "29" 2012-12-30 30.67 "DAL" "" "SAS" "L" -25 1 20.7333333333333 0.505 0.5 17.8 30.5 23.2 19.2 0 0 0 27 117 121 11.1 5.8
"32" "30" 2013-01-01 30.68 "DAL" "@" "WAS" "W" 9 1 26.05 0.545 0.545 0 28 15 6.2 2 10.4 8.3 22.2 99 92 10 1.5
"33" "31" 2013-01-02 30.68 "DAL" "@" "MIA" "L" -10 1 28.4666666666667 0.504 0.462 11.9 28.3 20 12.5 0 8.9 0 22.3 117 109 13 4.1
"34" "32" 2013-01-05 30.69 "DAL" "" "NOH" "L" -3 1 19.5666666666667 0.667 0.667 0 32.2 15.7 8.1 0 8.3 40 13.6 78 100 3.9 -2.3
"35" "33" 2013-01-07 30.7 "DAL" "@" "UTA" "L" -6 1 27.4333333333333 0.509 0.417 8.1 24.5 16.9 0 1.9 3 0 24.1 110 102 11.2 0.2
"36" "34" 2013-01-09 30.7 "DAL" "@" "LAC" "L" -6 1 24.3 0.349 0.333 9.4 10.1 9.8 0 2.2 0 0 24.2 83 109 4 -7.7
"37" "35" 2013-01-10 30.7 "DAL" "@" "SAC" "W" 5 1 17.3833333333333 0.276 0.2 12.4 13.9 13.1 0 0 5.6 0 26.9 78 106 2.1 -11.7
"38" "36" 2013-01-12 30.71 "DAL" "" "MEM" "W" 21 1 23.3666666666667 0.538 0.538 16.2 16.1 16.2 8.3 0 2.7 7.1 29.3 112 98 10.2 -2
"39" "37" 2013-01-14 30.72 "DAL" "" "MIN" "W" 15 1 15.2 0.833 0.833 0 19.3 12 20.9 0 0 0 20.4 164 108 8.5 6.8
"40" "38" 2013-01-16 30.72 "DAL" "" "HOU" "W" 5 1 21.4333333333333 0.5 0.5 4.1 24.9 13.6 8.5 0 3.9 25 15.6 79 99 4.6 -2.3
"41" "39" 2013-01-18 30.73 "DAL" "" "OKC" "L" -3 1 16.3833333333333 0.6 0.6 14.1 6.1 9.8 20.7 3 0 37.5 21.5 89 112 4 -1.8
"42" "40" 2013-01-20 30.73 "DAL" "@" "ORL" "W" 6 1 22.6833333333333 0.509 0.455 4.5 39 19.9 0 2.2 3.6 7.3 27.8 99 107 9.6 -5.6
"43" "41" 2013-01-25 30.75 "DAL" "" "SAS" "L" -6 0 12.0333333333333 0.68 0.6 0 26.6 12.9 0 3.9 6 14.5 24.3 115 99 6.9 5.9
"44" "42" 2013-01-27 30.75 "DAL" "" "PHO" "W" 15 0 11.0833333333333 0.615 0.5 20.6 32.5 26.4 0 0 0 29.1 27.4 100 99 3.5 -8.1
"45" "" 2013-01-29 30.76 "DAL" "@" "POR" "L" -2 NA NA NA NA NA NA NA NA NA NA NA NA NA NA NA NA
"46" "" 2013-01-31 30.76 "DAL" "@" "GSW" "L" -3 NA NA NA NA NA NA NA NA NA NA NA NA NA NA NA NA
"47" "" 2013-02-01 30.76 "DAL" "@" "PHO" "W" 10 NA NA NA NA NA NA NA NA NA NA NA NA NA NA NA NA
"48" "" 2013-02-04 30.77 "DAL" "@" "OKC" "L" -21 NA NA NA NA NA NA NA NA NA NA NA NA NA NA NA NA
"49" "" 2013-02-06 30.78 "DAL" "" "POR" "W" 6 NA NA NA NA NA NA NA NA NA NA NA NA NA NA NA NA
"50" "" 2013-02-09 30.79 "DAL" "" "GSW" "W" 25 NA NA NA NA NA NA NA NA NA NA NA NA NA NA NA NA
"51" "" 2013-02-11 30.79 "DAL" "" "ATL" "L" -4 NA NA NA NA NA NA NA NA NA NA NA NA NA NA NA NA
"52" "" 2013-02-13 30.8 "DAL" "" "SAC" "W" 23 NA NA NA NA NA NA NA NA NA NA NA NA NA NA NA NA
"53" "" 2013-02-20 30.82 "DAL" "" "ORL" "W" 15 NA NA NA NA NA NA NA NA NA NA NA NA NA NA NA NA
"54" "" 2013-02-22 30.82 "DAL" "@" "NOH" "W" 4 NA NA NA NA NA NA NA NA NA NA NA NA NA NA NA NA
"55" "43" 2013-02-24 30.83 "DAL" "" "LAL" "L" -4 0 8.28333333333333 0.694 0.5 11.6 44.6 26 0 0 0 25.8 20.9 114 109 2.4 -7.2
"56" "" 2013-02-26 30.83 "DAL" "" "MIL" "L" -5 NA NA NA NA NA NA NA NA NA NA NA NA NA NA NA NA
"57" "44" 2013-02-27 30.84 "DAL" "@" "MEM" "L" -6 1 21.8833333333333 0.6 0.6 0 21.9 10.8 24.9 0 6.9 0 10.4 130 95 8.4 11
"58" "45" 2013-03-01 30.84 "DAL" "@" "BRK" "W" 8 1 22.8 0.5 0.5 5.3 18 11.2 6.9 6.9 3.8 11.1 19.5 96 89 8.6 3.6
"59" "46" 2013-03-03 30.85 "DAL" "@" "HOU" "L" -33 1 12.75 0.6 0.6 8.6 11.4 9.8 0 0 8.2 28.6 24.3 85 139 2.6 -9.9
"60" "" 2013-03-06 30.85 "DAL" "" "HOU" "W" 4 NA NA NA NA NA NA NA NA NA NA NA NA NA NA NA NA
"61" "47" 2013-03-08 30.86 "DAL" "@" "DET" "W" 3 1 14.6166666666667 0.635 0.714 0 35.8 21.2 40.1 3.5 0 27.6 37 90 89 6.6 0.4
"62" "48" 2013-03-10 30.87 "DAL" "@" "MIN" "W" 23 1 16.1333333333333 0.4 0.4 31.7 11.4 21 0 3.2 8.5 0 27.4 108 75 8.3 1.9
"63" "49" 2013-03-12 30.87 "DAL" "@" "MIL" "W" 7 1 2.23333333333333 0 0 0 0 0 0 0 0 0 41.8 0 117 -1.4 -45.6
"64" "50" 2013-03-14 30.88 "DAL" "@" "SAS" "L" -1 1 14.25 0.5 0.5 7.7 0 4 12.5 3.7 9.5 33.3 30.8 71 97 2.6 -6
"65" "51" 2013-03-15 30.88 "DAL" "" "CLE" "W" 10 1 5.75 0.5 0.5 0 0 0 0 0 13.5 20 40.6 71 84 0.9 -12.9
"66" "52" 2013-03-17 30.88 "DAL" "" "OKC" "L" -6 0 4.53333333333333 0.333 0.333 25.2 55.7 39.7 0 11.2 0 0 30.5 88 85 2.6 3.7
"67" "53" 2013-03-18 30.89 "DAL" "@" "ATL" "W" 14 1 21.2166666666667 0.636 0.636 12.6 33.3 22.6 12.9 2.4 4.2 0 23.2 143 111 13.9 4.7
"68" "54" 2013-03-20 30.89 "DAL" "" "BRK" "L" -17 1 21.2333333333333 0.583 0.583 5.8 17 11.4 0 2.5 0 7.7 30.1 106 122 9.2 -0.8
"69" "55" 2013-03-22 30.9 "DAL" "" "BOS" "W" 10 0 16.65 0.333 0.333 0 19.2 10.1 8.9 0 0 33.3 24 50 106 -2 -17.4
"70" "56" 2013-03-24 30.9 "DAL" "" "UTA" "W" 5 0 8.3 0.667 0.667 0 29.7 16.1 0 0 8.9 50 33.5 53 108 0.6 -15.6
"71" "" 2013-03-26 30.91 "DAL" "" "LAC" "W" 7 NA NA NA NA NA NA NA NA NA NA NA NA NA NA NA NA
"72" "57" 2013-03-28 30.92 "DAL" "" "IND" "L" -25 0 3.95 0 0 0 28.9 13.7 0 0 0 0 12.1 0 109 -1.2 -24
"73" "" 2013-03-30 30.92 "DAL" "" "CHI" "W" 2 NA NA NA NA NA NA NA NA NA NA NA NA NA NA NA NA
"74" "58" 2013-04-02 30.93 "DAL" "@" "LAL" "L" -20 1 19.8166666666667 0.7 0.7 5.3 25.2 15.5 0 5.3 0 16.7 29.3 104 98 10 3.5
"75" "59" 2013-04-04 30.93 "DAL" "@" "DEN" "L" -1 1 24.0666666666667 0.547 0.545 14.6 23.9 19.7 13.7 0 2.8 7.8 25.1 112 103 11.1 3.7
"76" "60" 2013-04-05 30.94 "DAL" "@" "SAC" "W" 9 1 22.3 0.429 0.429 10.2 32.8 22 5.4 0 0 22.2 18 83 109 3.3 -10.3
"77" "61" 2013-04-07 30.94 "DAL" "@" "POR" "W" 5 1 24.75 0.594 0.571 25.3 23.7 24.5 10.4 2.1 6.7 8.4 43.2 117 93 22.5 12
"78" "62" 2013-04-10 30.95 "DAL" "" "PHO" "L" -11 1 20.6833333333333 0.167 0.167 9.3 29 18.9 7.3 0 3.7 0 13 64 108 2.4 -8.4
"79" "63" 2013-04-12 30.96 "DAL" "" "DEN" "W" 3 1 9.73333333333333 0.333 0.333 22.7 10.9 16.7 0 0 0 33.3 40.1 55 106 -0.7 -24.3
"80" "64" 2013-04-14 30.96 "DAL" "@" "NOH" "W" 18 1 21.8166666666667 0.739 0.714 18.3 16.9 17.5 6.5 5.2 0 21.2 21.3 126 95 11.3 4.4
"81" "65" 2013-04-15 30.96 "DAL" "" "MEM" "L" -6 1 17.0333333333333 0.167 0.167 6.7 32 19.7 0 0 0 0 16.6 48 109 -0.8 -15.2
"82" "66" 2013-04-17 30.97 "DAL" "" "NOH" "W" 12 1 13.0166666666667 0.6 0.6 0 33.5 19.4 0 4.1 0 28.6 26.4 75 77 3.8 -5.2
"1" "1" 2013-10-29 31.5 "LAL" "" "LAC" "W" 13 0 19.6666666666667 0.5 0.5 20.3 22.2 21.2 0 2.4 7.9 9.1 21.6 111 95 10 3.3
"2" "2" 2013-10-30 31.51 "LAL" "@" "GSW" "L" -31 0 17.7166666666667 0.557 0.556 10.8 14.6 12.5 0 0 0 0 23.4 116 126 7.9 -0.3
"3" "3" 2013-11-01 31.51 "LAL" "" "SAS" "L" -6 0 12.6666666666667 0.667 0.667 16.5 15.2 15.8 16.9 0 0 25 14.5 112 98 3.6 -1.2
"4" "4" 2013-11-03 31.52 "LAL" "" "ATL" "W" 2 0 16.05 0.714 0.714 0 26.2 14.2 13 0 4.4 30 26.6 85 95 5 -3.9
"5" "5" 2013-11-05 31.52 "LAL" "@" "DAL" "L" -19 0 17.2 0.714 0.714 11.4 38.8 23 0 0 4.2 30 25.2 96 121 6.9 -6
"6" "6" 2013-11-07 31.53 "LAL" "@" "HOU" "W" 1 1 19.65 0.6 0.6 10 46.5 26.8 8.5 4.6 9.8 44.4 17.9 70 76 6.4 1.7
"7" "7" 2013-11-08 31.53 "LAL" "@" "NOP" "L" -11 1 23.5166666666667 0.576 0.538 0 17.4 8.3 24.4 0 5.2 12.6 30.7 102 101 10.5 6.4
"8" "8" 2013-11-10 31.54 "LAL" "" "MIN" "L" -23 1 19.25 0.4 0.4 0 29.7 12.6 0 0 0 23.1 27.5 59 111 0.3 -15.1
"9" "9" 2013-11-12 31.54 "LAL" "" "NOP" "W" 21 0 21.4 0.444 0.444 14.5 29.6 24 38.4 2.3 0 25 25.1 100 92 7.8 1.5
"10" "10" 2013-11-13 31.55 "LAL" "@" "DEN" "L" -12 0 18.5833333333333 0.405 0.333 14.3 4.7 9.5 17.7 0 0 23.3 27.9 83 122 2.1 -11.5
"11" "11" 2013-11-15 31.55 "LAL" "" "MEM" "L" -3 0 15.6333333333333 0.3 0.3 0 20 10.1 0 0 4.3 0 32 56 99 1 -13.4
"12" "12" 2013-11-17 31.56 "LAL" "" "DET" "W" 15 0 5.4 0.25 0.25 25.4 0 11.5 0 0 0 0 33.1 72 116 0.3 -23.3
"13" "" 2013-11-22 31.57 "LAL" "" "GSW" "W" 7 NA NA NA NA NA NA NA NA NA NA NA NA NA NA NA NA
"14" "" 2013-11-24 31.58 "LAL" "" "SAC" "W" 14 NA NA NA NA NA NA NA NA NA NA NA NA NA NA NA NA
"15" "" 2013-11-26 31.58 "LAL" "@" "WAS" "L" -5 NA NA NA NA NA NA NA NA NA NA NA NA NA NA NA NA
"16" "" 2013-11-27 31.58 "LAL" "@" "BRK" "W" 5 NA NA NA NA NA NA NA NA NA NA NA NA NA NA NA NA
"17" "" 2013-11-29 31.59 "LAL" "@" "DET" "W" 4 NA NA NA NA NA NA NA NA NA NA NA NA NA NA NA NA
"18" "" 2013-12-01 31.59 "LAL" "" "POR" "L" -6 NA NA NA NA NA NA NA NA NA NA NA NA NA NA NA NA
"19" "" 2013-12-06 31.61 "LAL" "@" "SAC" "W" 6 NA NA NA NA NA NA NA NA NA NA NA NA NA NA NA NA
"20" "" 2013-12-08 31.61 "LAL" "" "TOR" "L" -12 NA NA NA NA NA NA NA NA NA NA NA NA NA NA NA NA
"21" "" 2013-12-10 31.62 "LAL" "" "PHO" "L" -6 NA NA NA NA NA NA NA NA NA NA NA NA NA NA NA NA
"22" "13" 2013-12-13 31.63 "LAL" "@" "OKC" "L" -25 0 12 0.726 0.75 7.4 8.7 8 16.7 0 5.4 13.9 24.1 126 124 7.2 6.3
"23" "" 2013-12-14 31.63 "LAL" "@" "CHA" "W" 3 NA NA NA NA NA NA NA NA NA NA NA NA NA NA NA NA
"24" "" 2013-12-16 31.64 "LAL" "@" "ATL" "L" -14 NA NA NA NA NA NA NA NA NA NA NA NA NA NA NA NA
"25" "" 2013-12-17 31.64 "LAL" "@" "MEM" "W" 4 NA NA NA NA NA NA NA NA NA NA NA NA NA NA NA NA
"26" "14" 2013-12-20 31.65 "LAL" "" "MIN" "W" 13 0 16.4 0.5 0.5 0 15.1 9.5 0 0 8 0 17 99 94 4.9 -2.1
"27" "15" 2013-12-21 31.65 "LAL" "@" "GSW" "L" -19 1 28.3166666666667 0.294 0.294 6.6 47.1 27.4 9.7 0 7.6 10.5 27.2 63 84 5.6 -3.3
"28" "16" 2013-12-23 31.65 "LAL" "@" "PHO" "L" -27 0 13.3166666666667 0.174 0 0 41 17.8 12 0 0 25.8 12.9 37 112 0.4 -9.5
"29" "" 2013-12-25 31.66 "LAL" "" "MIA" "L" -6 NA NA NA NA NA NA NA NA NA NA NA NA NA NA NA NA
"30" "17" 2013-12-27 31.67 "LAL" "@" "UTA" "L" -2 1 30.05 0.696 0.636 4 35.9 20 0 1.7 7.4 22.7 27.1 108 100 15.4 1.7
"31" "18" 2013-12-29 31.67 "LAL" "" "PHI" "L" -7 0 9.75 0.694 0.5 9.8 18.2 14.2 0 0 13.9 25.8 16.1 115 105 4.3 0.8
"32" "" 2013-12-31 31.68 "LAL" "" "MIL" "L" -15 NA NA NA NA NA NA NA NA NA NA NA NA NA NA NA NA
"33" "" 2014-01-03 31.68 "LAL" "" "UTA" "W" 11 NA NA NA NA NA NA NA NA NA NA NA NA NA NA NA NA
"34" "" 2014-01-05 31.69 "LAL" "" "DEN" "L" -22 NA NA NA NA NA NA NA NA NA NA NA NA NA NA NA NA
"35" "" 2014-01-07 31.7 "LAL" "@" "DAL" "L" -13 NA NA NA NA NA NA NA NA NA NA NA NA NA NA NA NA
"36" "19" 2014-01-08 31.7 "LAL" "@" "HOU" "L" -14 0 14.0333333333333 0.512 0.5 13.7 20.9 17.3 35.2 3.4 11.8 17 17.2 113 99 6.4 8.5
"37" "20" 2014-01-10 31.7 "LAL" "@" "LAC" "L" -36 0 19.4 0.436 0.333 4.6 25.2 14.4 0 0 0 36.8 22.9 58 118 -0.4 -14.1
"38" "21" 2014-01-14 31.72 "LAL" "" "CLE" "L" -2 0 11.7166666666667 0.5 0.5 10.8 18.2 14.8 12.9 0 0 14.3 27 94 128 3.2 -11.2
"39" "22" 2014-01-15 31.72 "LAL" "@" "PHO" "L" -7 0 16 0.934 0.857 0 29.4 15.6 24 0 0 17.2 29.5 153 109 16 16.7
"40" "23" 2014-01-17 31.72 "LAL" "@" "BOS" "W" 3 0 6.48333333333333 0.667 0.667 20 0 8.4 0 0 0 50 42.2 62 116 0 -25.1
"41" "" 2014-01-19 31.73 "LAL" "@" "TOR" "W" 6 NA NA NA NA NA NA NA NA NA NA NA NA NA NA NA NA
"42" "" 2014-01-20 31.73 "LAL" "@" "CHI" "L" -2 NA NA NA NA NA NA NA NA NA NA NA NA NA NA NA NA
"43" "" 2014-01-23 31.74 "LAL" "@" "MIA" "L" -7 NA NA NA NA NA NA NA NA NA NA NA NA NA NA NA NA
"44" "" 2014-01-24 31.74 "LAL" "@" "ORL" "L" -9 NA NA NA NA NA NA NA NA NA NA NA NA NA NA NA NA
"45" "" 2014-01-26 31.75 "LAL" "@" "NYK" "L" -7 NA NA NA NA NA NA NA NA NA NA NA NA NA NA NA NA
"46" "" 2014-01-28 31.75 "LAL" "" "IND" "L" -12 NA NA NA NA NA NA NA NA NA NA NA NA NA NA NA NA
"47" "" 2014-01-31 31.76 "LAL" "" "CHA" "L" -10 NA NA NA NA NA NA NA NA NA NA NA NA NA NA NA NA
"48" "24" 2014-02-04 31.77 "LAL" "@" "MIN" "L" -10 0 17.1 0.521 0.333 0 20.1 9.3 10.2 2.9 4.3 31.6 33.3 74 104 2.5 -11.2
"49" "25" 2014-02-05 31.78 "LAL" "@" "CLE" "W" 11 0 14.1 0.874 0.857 9.5 11.2 10.5 15.8 0 0 0 24.9 178 114 10.1 3.8
"50" "26" 2014-02-07 31.78 "LAL" "@" "PHI" "W" 14 0 25.2166666666667 0.539 0.5 12.7 21.2 16.9 18 1.9 10.4 11.3 30.2 106 91 15.2 1.1
"51" "27" 2014-02-09 31.79 "LAL" "" "CHI" "L" -6 0 27.6666666666667 0.545 0.565 0 39.4 20.2 38.7 0 6 10.8 45.9 93 92 18 10.2
"52" "28" 2014-02-11 31.79 "LAL" "" "UTA" "L" -17 1 36.7333333333333 0.494 0.458 10.5 29 19.3 28.1 1.5 5.8 10.6 36.4 97 98 20.1 7.2
"53" "29" 2014-02-13 31.8 "LAL" "" "OKC" "L" -4 1 35.05 0.591 0.538 9.8 21.8 15.9 27 0 2.3 11.1 21.6 122 105 18.2 6.9
"54" "30" 2014-02-19 31.81 "LAL" "" "HOU" "L" -26 1 22.0833333333333 0.393 0.364 0 18.1 9.9 13.5 0 3.2 8 24.7 77 127 4 -10.8
"55" "31" 2014-02-21 31.82 "LAL" "" "BOS" "W" 9 0 25.8833333333333 0.81 0.778 9.3 21 16 20.6 0 0 16.8 20.1 140 95 14.6 8
"56" "32" 2014-02-23 31.82 "LAL" "" "BRK" "L" -6 0 18.7833333333333 0.45 0.5 13.1 13.1 13.1 0 0 0 18.4 26.6 82 122 2.8 -12.6
"57" "33" 2014-02-25 31.83 "LAL" "@" "IND" "L" -20 0 14.4666666666667 0.5 0.5 0 25 12.8 0 0 7.8 14.3 20.2 81 109 3.8 -5.3
"58" "" 2014-02-26 31.83 "LAL" "@" "MEM" "L" -5 NA NA NA NA NA NA NA NA NA NA NA NA NA NA NA NA
"59" "34" 2014-02-28 31.84 "LAL" "" "SAC" "W" 4 0 3.86666666666667 0 0 0 0 0 0 0 15.9 33.3 35.8 0 117 -2.5 -47.5
"60" "" 2014-03-03 31.85 "LAL" "@" "POR" "W" 1 NA NA NA NA NA NA NA NA NA NA NA NA NA NA NA NA
"61" "" 2014-03-04 31.85 "LAL" "" "NOP" "L" -7 NA NA NA NA NA NA NA NA NA NA NA NA NA NA NA NA
"62" "" 2014-03-06 31.85 "LAL" "" "LAC" "L" -48 NA NA NA NA NA NA NA NA NA NA NA NA NA NA NA NA
"63" "" 2014-03-07 31.86 "LAL" "@" "DEN" "L" -8 NA NA NA NA NA NA NA NA NA NA NA NA NA NA NA NA
"64" "" 2014-03-09 31.86 "LAL" "" "OKC" "W" 4 NA NA NA NA NA NA NA NA NA NA NA NA NA NA NA NA
"65" "" 2014-03-13 31.87 "LAL" "@" "OKC" "L" -29 NA NA NA NA NA NA NA NA NA NA NA NA NA NA NA NA
"66" "" 2014-03-14 31.88 "LAL" "@" "SAS" "L" -34 NA NA NA NA NA NA NA NA NA NA NA NA NA NA NA NA
"67" "" 2014-03-19 31.89 "LAL" "" "SAS" "L" -16 NA NA NA NA NA NA NA NA NA NA NA NA NA NA NA NA
"68" "" 2014-03-21 31.9 "LAL" "" "WAS" "L" -10 NA NA NA NA NA NA NA NA NA NA NA NA NA NA NA NA
"69" "" 2014-03-23 31.9 "LAL" "" "ORL" "W" 9 NA NA NA NA NA NA NA NA NA NA NA NA NA NA NA NA
"70" "35" 2014-03-25 31.91 "LAL" "" "NYK" "W" 31 1 22.6666666666667 0.574 0.5 26.5 27.9 27.2 17 0 3.6 15 26.7 126 103 11.9 -2.3
"71" "36" 2014-03-27 31.91 "LAL" "@" "MIL" "L" -3 1 21.45 0.505 0.5 6 19.7 12.6 15.7 0 0 18.9 31.5 93 118 5.8 -7.1
"72" "37" 2014-03-28 31.92 "LAL" "@" "MIN" "L" -36 1 5.61666666666667 0.5 0.5 0 40.7 11.4 0 8.5 0 0 14.7 104 127 1.9 -3.4
"73" "38" 2014-03-30 31.92 "LAL" "" "PHO" "W" 16 1 32.0333333333333 0.704 0.684 18.7 36 28.3 36.7 0 0 13.1 32.2 131 96 26.2 10.2
"74" "39" 2014-04-01 31.93 "LAL" "" "POR" "L" -12 1 29.0666666666667 0.375 0.375 3.4 17.6 10.4 10.6 1.6 7.1 11.1 26.4 73 116 7.1 -9.1
"75" "" 2014-04-02 31.93 "LAL" "@" "SAC" "L" -5 NA NA NA NA NA NA NA NA NA NA NA NA NA NA NA NA
"76" "" 2014-04-04 31.93 "LAL" "" "DAL" "L" -12 NA NA NA NA NA NA NA NA NA NA NA NA NA NA NA NA
"77" "" 2014-04-06 31.94 "LAL" "@" "LAC" "L" -23 NA NA NA NA NA NA NA NA NA NA NA NA NA NA NA NA
"78" "" 2014-04-08 31.95 "LAL" "" "HOU" "L" -15 NA NA NA NA NA NA NA NA NA NA NA NA NA NA NA NA
"79" "" 2014-04-11 31.95 "LAL" "" "GSW" "L" -17 NA NA NA NA NA NA NA NA NA NA NA NA NA NA NA NA
"80" "" 2014-04-13 31.96 "LAL" "" "MEM" "L" -12 NA NA NA NA NA NA NA NA NA NA NA NA NA NA NA NA
"81" "" 2014-04-14 31.96 "LAL" "@" "UTA" "W" 15 NA NA NA NA NA NA NA NA NA NA NA NA NA NA NA NA
"82" "" 2014-04-16 31.97 "LAL" "@" "SAS" "W" 13 NA NA NA NA NA NA NA NA NA NA NA NA NA NA NA NA
"1" "1" 2014-10-29 32.5 "POR" "" "OKC" "W" 17 0 21.5 0.6 0.6 5.3 26 15.8 17.4 0 3.4 16.7 25.1 107 97 8.9 3.1
"2" "2" 2014-10-31 32.51 "POR" "@" "SAC" "L" -9 0 20.8166666666667 0.6 0.6 5.1 27.5 15.9 0 0 6.5 0 22.7 120 111 9.8 3.5
"3" "3" 2014-11-02 32.52 "POR" "" "GSW" "L" -5 0 20.8333333333333 0.2 0.2 4.5 30.1 16.6 6.6 0 0 28.6 13.8 45 99 -0.7 -8.9
"4" "4" 2014-11-04 32.52 "POR" "" "CLE" "W" 19 0 17.3833333333333 0.512 0.5 7.5 31.9 21.7 0 0 4.3 38.1 22.4 67 86 2 -8.5
"5" "5" 2014-11-06 32.53 "POR" "" "DAL" "W" 21 0 17.7166666666667 0.932 1 7.1 22.1 15.6 0 0 4 13.4 19.7 143 93 10.6 10.1
"6" "6" 2014-11-08 32.53 "POR" "@" "LAC" "L" -4 0 18.4666666666667 0.8 0.8 20.5 24.8 22.7 0 0 0 37.5 19.4 97 114 5.6 -2.1
"7" "7" 2014-11-09 32.53 "POR" "" "DEN" "W" 16 0 18.6833333333333 0.536 0.444 9.7 29.1 19.4 0 0 16.5 8.2 27 112 89 12.6 6.5
"8" "8" 2014-11-11 32.54 "POR" "" "CHO" "W" 2 0 17.9333333333333 0.6 0.6 17.1 34.3 24.9 22.4 0 9.1 9.1 26.3 123 100 11.6 9.3
"9" "9" 2014-11-12 32.54 "POR" "@" "DEN" "W" 17 0 21.6333333333333 0.784 0.75 10.1 22.6 16.7 14 2.2 6.6 16.4 23.6 139 106 15.9 7.8
"10" "10" 2014-11-15 32.55 "POR" "" "BRK" "W" 10 0 18.3 0.401 0.273 6 22.8 14.6 0 0 0 6.3 40.3 87 99 4.4 -12.3
"11" "11" 2014-11-17 32.56 "POR" "" "NOP" "W" 9 0 20.7666666666667 0.718 0.7 12.2 40.2 27.5 0 2.5 0 22.3 29.8 108 91 11 3.5
"12" "12" 2014-11-21 32.57 "POR" "" "CHI" "W" 18 0 16.7166666666667 0.406 0.364 0 16.9 9.2 0 0 9.4 7.5 36.2 73 87 3.6 -10.4
"13" "13" 2014-11-23 32.57 "POR" "@" "BOS" "W" 6 0 17.9333333333333 0.542 0.462 18.2 23.5 21.2 0 2.8 0 6.3 38.8 111 87 12.1 6.2
"14" "14" 2014-11-24 32.58 "POR" "@" "PHI" "W" 10 0 18.7833333333333 0.457 0.429 12.8 43.6 28.4 7 0 0 10.2 21.9 105 110 5.9 -5.9
"15" "15" 2014-11-26 32.58 "POR" "@" "CHO" "W" 8 0 17.6 0.466 0.417 5.8 32.7 19.7 21.5 0 0 0 32.3 107 101 8.7 2.6
"16" "16" 2014-11-28 32.59 "POR" "" "MEM" "L" -13 0 24.7833333333333 0.462 0.438 18.3 30.6 23.4 0 0 5.5 10.4 33.4 96 114 9.5 -5.8
"17" "17" 2014-11-30 32.59 "POR" "" "MIN" "W" 14 0 17.85 0.415 0.286 11.4 32.3 22.2 8 0 3.3 9.4 24.9 97 91 5.9 -4.6
"18" "18" 2014-12-02 32.6 "POR" "@" "DEN" "W" 2 0 16.8833333333333 0.333 0.333 0 7.1 3.6 0 0 4.7 25 21.6 47 108 -1.2 -15.8
"19" "19" 2014-12-04 32.6 "POR" "" "IND" "W" 6 0 17.8333333333333 0.436 0.333 0 34.9 19 39 0 0 12.7 20.2 92 82 6.5 7.3
"20" "20" 2014-12-07 32.61 "POR" "@" "NYK" "W" 4 0 17.1166666666667 0.5 0.5 11.4 17.5 13.8 11.3 0 0 11.1 23.6 105 114 4.9 -5
"21" "21" 2014-12-09 32.62 "POR" "@" "DET" "W" 12 0 20.6666666666667 0.7 0.7 5.8 8.6 7.4 18.8 0 6.2 9.1 25.4 130 100 11.7 9.8
"22" "22" 2014-12-10 32.62 "POR" "@" "MIN" "L" -8 0 17.7333333333333 0.424 0.444 11.5 28.8 20.2 26.8 0 15.7 34.6 37.1 63 87 4.6 -2.7
"23" "23" 2014-12-12 32.62 "POR" "@" "CHI" "L" -9 0 19.4166666666667 0.25 0.25 0 12.4 5.9 12.2 0 3.4 33.3 14.4 53 128 -0.5 -10.3
"24" "24" 2014-12-13 32.63 "POR" "@" "IND" "W" 10 0 17.8666666666667 0.437 0.455 11.2 22.9 17 10.1 0 0 14.9 33.7 82 94 4 -6.6
"25" "25" 2014-12-15 32.63 "POR" "" "SAS" "W" 13 0 19.6 0.709 0.667 5.6 11.1 8.3 0 0 0 0 17.3 151 105 8.5 3.8
"26" "26" 2014-12-17 32.64 "POR" "" "MIL" "W" 7 0 17.9333333333333 0.25 0.25 6.2 13.1 9.6 0 0 0 0 28.2 68 107 -0.7 -16.5
"27" "27" 2014-12-19 32.64 "POR" "@" "SAS" "W" 10 0 18.45 0.51 0.4 11.8 17.1 14.5 8.5 2.9 0 25.4 20.1 96 101 4.5 -2.8
"28" "28" 2014-12-20 32.65 "POR" "@" "NOP" "W" 26 0 22.2833333333333 0.707 0.8 5.7 19.6 13.9 0 2.3 0 15 26.2 111 90 11 2.6
"29" "29" 2014-12-22 32.65 "POR" "@" "HOU" "L" -15 0 15.4333333333333 0.571 0.571 15.6 33.6 24.2 14.4 3.1 0 27.6 31.9 89 105 6.6 -1.2
"30" "30" 2014-12-23 32.65 "POR" "@" "OKC" "W" 4 0 21.6 0.375 0.375 15 29.4 22.3 8 0 0 33.3 25.5 67 106 1 -14
"31" "" 2014-12-26 32.66 "POR" "" "PHI" "W" 21 NA NA NA NA NA NA NA NA NA NA NA NA NA NA NA NA
"32" "31" 2014-12-28 32.67 "POR" "" "NYK" "W" 22 0 19.8 0.604 0.556 17.7 26 22.5 18.7 0 3.7 0 26.8 140 84 13.9 8.1
"33" "32" 2014-12-30 32.67 "POR" "" "TOR" "W" 5 0 16.5833333333333 0.506 0.444 18.8 32.6 25.6 12.7 0 4.2 9.2 29.7 111 94 8.5 4.4
"34" "33" 2015-01-03 32.68 "POR" "" "ATL" "L" -8 0 14.9833333333333 0.25 0.25 0 52.2 24.9 24.8 0 0 42.9 19.3 51 110 0.4 -7.1
"35" "34" 2015-01-05 32.69 "POR" "" "LAL" "W" 4 1 27.3 0.45 0.375 18.3 22.9 20.6 19 0 7.1 18.4 18.7 106 98 10.3 1
"36" "35" 2015-01-08 32.7 "POR" "" "MIA" "W" 16 1 21.3166666666667 0.506 0.444 19.2 25 22 0 0 7.1 9.2 22.6 113 90 8.4 0.2
"37" "36" 2015-01-10 32.7 "POR" "" "ORL" "W" 11 1 19.5666666666667 0.625 0.625 12.9 4.5 8 0 0 6.9 38.5 29.7 74 97 2.5 -11.9
"38" "37" 2015-01-11 32.71 "POR" "@" "LAL" "W" 12 1 32.0166666666667 0.431 0.4 10.2 30.7 20.4 12.8 3.1 0 0 15 112 91 11.7 3
"39" "38" 2015-01-14 32.72 "POR" "" "LAC" "L" -6 1 26.5833333333333 0.656 0.636 11.3 32.8 21.6 8.1 1.9 0 20.8 24.2 105 102 11.7 4.2
"40" "39" 2015-01-16 32.72 "POR" "@" "SAS" "L" -14 1 24.4333333333333 0.51 0.4 10.9 13.1 12.1 11.9 0 6 14.5 13.7 109 117 6.2 -0.2
"41" "40" 2015-01-17 32.72 "POR" "@" "MEM" "L" -4 1 30.2666666666667 0.222 0.222 20.6 17.6 19.4 0 1.8 2.6 0 13.4 89 113 4.7 -9.2
"42" "41" 2015-01-19 32.73 "POR" "" "SAC" "W" 4 1 19.0166666666667 0.286 0.286 4.9 20.5 11.5 8.4 0 3.9 12.5 18 63 99 0.7 -10.3
"43" "42" 2015-01-21 32.73 "POR" "@" "PHO" "L" -5 1 21.1333333333333 0.709 0.778 13.9 15.1 14.5 0 0 3.5 16.8 23.8 115 117 11.4 1.6
"44" "43" 2015-01-22 32.74 "POR" "" "BOS" "L" -1 1 28.6333333333333 0.547 0.545 10.1 23.9 16.4 7.3 0 0 14.4 21.7 103 101 9.5 -1
"45" "44" 2015-01-24 32.74 "POR" "" "WAS" "W" 7 1 25.1666666666667 0.333 0.333 8.1 40.2 22.4 0 2 0 18.2 19.5 64 98 3.7 -8
"46" "45" 2015-01-28 32.75 "POR" "@" "CLE" "L" -5 1 28.2166666666667 0.595 0.6 7.9 44.6 26 5.7 0 3.5 0 10.5 139 107 9.2 1.6
"47" "46" 2015-01-30 32.76 "POR" "@" "ATL" "L" -6 1 25 0.5 0.5 17.5 17.5 17.5 0 2 0 20 17.6 94 107 6.6 -3.6
"48" "47" 2015-01-31 32.76 "POR" "@" "MIL" "L" -7 0 10.0833333333333 0.387 0.333 0 22.7 10.1 0 0 0 0 16.4 83 103 1.1 -6.7
"49" "48" 2015-02-03 32.77 "POR" "" "UTA" "W" 1 0 21.4 0 0 5.8 19.1 13 12.5 0 3.1 0 6.4 62 113 1.1 -4.6
"50" "" 2015-02-05 32.78 "POR" "" "PHO" "W" 21 NA NA NA NA NA NA NA NA NA NA NA NA NA NA NA NA
"51" "49" 2015-02-07 32.78 "POR" "@" "DAL" "L" -10 0 15.5333333333333 0.333 0.333 13.1 16.8 15.1 0 0 4.9 25 22.5 62 108 1.2 -11.6
"52" "50" 2015-02-08 32.78 "POR" "@" "HOU" "W" 11 0 13.5166666666667 1 1 12.2 14.2 13.5 10.8 0 7.6 33.3 11 142 109 4.3 4.1
"53" "" 2015-02-11 32.79 "POR" "" "LAL" "W" 16 NA NA NA NA NA NA NA NA NA NA NA NA NA NA NA NA
"54" "51" 2015-02-20 32.82 "POR" "@" "UTA" "L" -16 0 16.3666666666667 0.6 0.6 0 12.5 6.9 0 0 10.1 16.7 18.6 91 101 3.5 -0.4
"55" "52" 2015-02-22 32.82 "POR" "" "MEM" "L" -6 0 24.2166666666667 0.381 0.286 4.5 34.5 19.8 20.5 0 2.5 11.3 16.9 90 102 5.6 -0.5
"56" "53" 2015-02-25 32.83 "POR" "" "SAS" "W" 16 0 17.6666666666667 0.87 0.8 20.9 19 19.9 0 0 0 13.7 19 160 109 9.9 2.9
"57" "54" 2015-02-27 32.84 "POR" "" "OKC" "W" 3 0 13.8666666666667 0.667 0.667 15.1 39.3 26.9 0 0 0 0 18.6 144 112 8.3 4.5
"58" "55" 2015-03-01 32.84 "POR" "@" "SAC" "W" 11 0 18.0166666666667 0.6 0.6 0 20.5 10.5 8.1 0 0 0 12.2 134 105 4.9 1.6
"59" "56" 2015-03-04 32.85 "POR" "@" "LAC" "W" 5 0 16 0.667 0.667 6.4 33.1 20.7 0 0 0 25 23.1 92 88 5.5 2.3
"60" "57" 2015-03-05 32.85 "POR" "" "DAL" "W" 19 0 16.4166666666667 0.381 0.286 6.8 32.5 21.1 10.4 3 0 27.6 29.7 65 72 2.7 -4.9
"61" "58" 2015-03-07 32.86 "POR" "@" "MIN" "L" -8 0 18.5833333333333 0.68 0.6 17.6 20.9 19.1 7.3 2.8 0 40.5 24.2 98 125 6 -5.1
"62" "59" 2015-03-11 32.87 "POR" "" "HOU" "W" 5 0 16.55 0.5 0.5 26.4 31.1 29 0 0 0 25 19.8 93 99 5.2 -3.9
"63" "60" 2015-03-13 32.87 "POR" "" "DET" "W" 19 0 18.2 0.67 0.7 16.5 22.4 20 9.6 0 0 8.7 31 126 111 11.3 2.2
"64" "61" 2015-03-15 32.88 "POR" "@" "TOR" "W" 16 0 17.2666666666667 0.75 0.75 13.9 7.1 10.6 15.2 0 9.3 0 10.8 171 103 8.1 8
"65" "62" 2015-03-16 32.88 "POR" "@" "WAS" "L" -8 0 12.85 0.676 0.625 14.6 18.7 16.4 0 0 0 10.1 34.2 125 116 9 8
"66" "63" 2015-03-18 32.89 "POR" "@" "MIA" "L" -4 0 17.9 0.765 0.8 40.2 46.9 43.6 17.7 0 0 14.5 17.5 154 115 13.4 12.7
"67" "64" 2015-03-20 32.89 "POR" "@" "ORL" "L" -7 0 9.05 0.901 1 24.7 20.8 22.6 0 0 0 18.4 27.9 140 120 7 8.9
"68" "" 2015-03-21 32.9 "POR" "@" "MEM" "L" -11 NA NA NA NA NA NA NA NA NA NA NA NA NA NA NA NA
"69" "" 2015-03-24 32.9 "POR" "" "GSW" "L" -14 NA NA NA NA NA NA NA NA NA NA NA NA NA NA NA NA
"70" "" 2015-03-25 32.91 "POR" "@" "UTA" "W" 3 NA NA NA NA NA NA NA NA NA NA NA NA NA NA NA NA
"71" "65" 2015-03-27 32.91 "POR" "@" "PHO" "W" 6 0 18.2 0.25 0.25 15.2 42.2 28.4 0 2.9 0 11.1 21.6 65 74 2.5 -6.4
"72" "66" 2015-03-28 32.92 "POR" "" "DEN" "W" 6 0 17.1833333333333 0.583 0.583 31 29.1 29.9 19.6 0 8.2 20 38.5 106 109 11.7 -0.7
"73" "67" 2015-03-30 32.92 "POR" "" "PHO" "W" 23 0 16.4166666666667 0.857 0.857 7.5 38.1 24.1 0 0 4.1 12.5 22.4 139 87 11.7 9.9
"74" "68" 2015-04-01 32.93 "POR" "" "LAC" "L" -4 0 18.55 0.581 0.5 11.3 35 21.8 6.9 0 0 12.7 18.9 122 135 7.2 -2.5
"75" "69" 2015-04-03 32.93 "POR" "@" "LAL" "W" 30 0 16.3166666666667 0.333 0.333 0 22.2 12.3 0 0 0 0 8.8 67 87 1.5 -6.3
"76" "70" 2015-04-04 32.93 "POR" "" "NOP" "W" 9 0 21.4333333333333 0.735 0.7 30.5 26.7 28.6 11 5.3 0 0 23.4 170 95 20.2 22.3
"77" "" 2015-04-06 32.94 "POR" "@" "BRK" "L" -10 NA NA NA NA NA NA NA NA NA NA NA NA NA NA NA NA
"78" "71" 2015-04-08 32.95 "POR" "" "MIN" "W" 25 0 16.2666666666667 0.75 0.75 23.9 23.1 23.5 8.9 3.1 4 33.3 16.1 116 87 7.3 3.7
"79" "72" 2015-04-09 32.95 "POR" "@" "GSW" "L" -11 0 9.7 0.311 0.333 10.8 12.7 11.6 13.7 0 0 13.4 33.3 68 125 0.9 -13.4
"80" "73" 2015-04-11 32.95 "POR" "" "UTA" "L" -6 0 4.3 NA NA 0 0 0 0 0 0 100 10.3 0 124 -1.4 -23.2
"81" "74" 2015-04-13 32.96 "POR" "@" "OKC" "L" -11 0 15.7666666666667 0.778 0.778 7.1 18.3 13.1 18.2 0 0 18.2 33.8 115 106 9.6 7.9
"82" "" 2015-04-15 32.96 "POR" "@" "DAL" "L" -16 NA NA NA NA NA NA NA NA NA NA NA NA NA NA NA NA
"1" "" 2015-10-28 33.5 "POR" "" "NOP" "W" 18 NA NA NA NA NA NA NA NA NA NA NA NA NA NA NA NA
"2" "" 2015-10-30 33.51 "POR" "@" "PHO" "L" -18 NA NA NA NA NA NA NA NA NA NA NA NA NA NA NA NA
"3" "" 2015-10-31 33.51 "POR" "" "PHO" "L" -11 NA NA NA NA NA NA NA NA NA NA NA NA NA NA NA NA
"4" "" 2015-11-02 33.52 "POR" "@" "MIN" "W" 5 NA NA NA NA NA NA NA NA NA NA NA NA NA NA NA NA
"5" "" 2015-11-04 33.52 "POR" "@" "UTA" "W" 16 NA NA NA NA NA NA NA NA NA NA NA NA NA NA NA NA
"6" "1" 2015-11-05 33.52 "POR" "" "MEM" "W" 19 0 3.56666666666667 0 0 0 0 0 0 0 0 0 25.9 0 117 -1.4 -35.2
"7" "" 2015-11-08 33.53 "POR" "" "DET" "L" -17 NA NA NA NA NA NA NA NA NA NA NA NA NA NA NA NA
"8" "" 2015-11-09 33.53 "POR" "@" "DEN" "L" -4 NA NA NA NA NA NA NA NA NA NA NA NA NA NA NA NA
"9" "" 2015-11-11 33.54 "POR" "" "SAS" "L" -12 NA NA NA NA NA NA NA NA NA NA NA NA NA NA NA NA
"10" "2" 2015-11-13 33.55 "POR" "@" "MEM" "L" -1 1 23.6833333333333 0.667 0.667 6.5 12.9 10.4 24.4 0 0 33.3 17.6 102 118 4.9 -2.2
"11" "" 2015-11-15 33.55 "POR" "@" "CHO" "L" -12 NA NA NA NA NA NA NA NA NA NA NA NA NA NA NA NA
"12" "3" 2015-11-16 33.55 "POR" "@" "SAS" "L" -13 1 19.8833333333333 0.143 0.143 6.2 15.4 11.2 8.4 0 0 0 18.2 46 110 -1 -11.8
"13" "" 2015-11-18 33.56 "POR" "@" "HOU" "L" -5 NA NA NA NA NA NA NA NA NA NA NA NA NA NA NA NA
"14" "" 2015-11-20 33.56 "POR" "" "LAC" "W" 11 NA NA NA NA NA NA NA NA NA NA NA NA NA NA NA NA
"15" "" 2015-11-22 33.57 "POR" "@" "LAL" "W" 14 NA NA NA NA NA NA NA NA NA NA NA NA NA NA NA NA
"16" "" 2015-11-24 33.58 "POR" "" "CHI" "L" -5 NA NA NA NA NA NA NA NA NA NA NA NA NA NA NA NA
"17" "" 2015-11-28 33.59 "POR" "" "LAL" "W" 12 NA NA NA NA NA NA NA NA NA NA NA NA NA NA NA NA
"18" "" 2015-11-30 33.59 "POR" "@" "LAC" "L" -15 NA NA NA NA NA NA NA NA NA NA NA NA NA NA NA NA
"19" "" 2015-12-01 33.59 "POR" "" "DAL" "L" -3 NA NA NA NA NA NA NA NA NA NA NA NA NA NA NA NA
"20" "" 2015-12-03 33.6 "POR" "" "IND" "W" 12 NA NA NA NA NA NA NA NA NA NA NA NA NA NA NA NA
"21" "" 2015-12-05 33.61 "POR" "@" "MIN" "W" 6 NA NA NA NA NA NA NA NA NA NA NA NA NA NA NA NA
"22" "" 2015-12-07 33.61 "POR" "@" "MIL" "L" -2 NA NA NA NA NA NA NA NA NA NA NA NA NA NA NA NA
"23" "" 2015-12-08 33.61 "POR" "@" "CLE" "L" -5 NA NA NA NA NA NA NA NA NA NA NA NA NA NA NA NA
"24" "" 2015-12-11 33.62 "POR" "@" "PHO" "W" 10 NA NA NA NA NA NA NA NA NA NA NA NA NA NA NA NA
"25" "" 2015-12-12 33.62 "POR" "" "NYK" "L" -2 NA NA NA NA NA NA NA NA NA NA NA NA NA NA NA NA
"26" "" 2015-12-14 33.63 "POR" "" "NOP" "W" 4 NA NA NA NA NA NA NA NA NA NA NA NA NA NA NA NA
"27" "" 2015-12-16 33.64 "POR" "@" "OKC" "L" -16 NA NA NA NA NA NA NA NA NA NA NA NA NA NA NA NA
"28" "" 2015-12-18 33.64 "POR" "@" "ORL" "L" -8 NA NA NA NA NA NA NA NA NA NA NA NA NA NA NA NA
"29" "" 2015-12-20 33.65 "POR" "@" "MIA" "L" -7 NA NA NA NA NA NA NA NA NA NA NA NA NA NA NA NA
"30" "" 2015-12-21 33.65 "POR" "@" "ATL" "L" -9 NA NA NA NA NA NA NA NA NA NA NA NA NA NA NA NA
"31" "" 2015-12-23 33.65 "POR" "@" "NOP" "L" -26 NA NA NA NA NA NA NA NA NA NA NA NA NA NA NA NA
"32" "4" 2015-12-26 33.66 "POR" "" "CLE" "W" 29 0 5.96666666666667 0.5 0.5 18.7 0 8.8 0 0 0 20 38.2 84 93 1.3 -13.8
"33" "" 2015-12-27 33.67 "POR" "@" "SAC" "W" 4 NA NA NA NA NA NA NA NA NA NA NA NA NA NA NA NA
"34" "" 2015-12-30 33.67 "POR" "" "DEN" "W" 7 NA NA NA NA NA NA NA NA NA NA NA NA NA NA NA NA
"35" "" 2015-12-31 33.68 "POR" "@" "UTA" "L" -13 NA NA NA NA NA NA NA NA NA NA NA NA NA NA NA NA
"36" "" 2016-01-03 33.68 "POR" "@" "DEN" "W" 6 NA NA NA NA NA NA NA NA NA NA NA NA NA NA NA NA
"37" "" 2016-01-04 33.69 "POR" "" "MEM" "L" -13 NA NA NA NA NA NA NA NA NA NA NA NA NA NA NA NA
"38" "" 2016-01-06 33.69 "POR" "" "LAC" "L" -11 NA NA NA NA NA NA NA NA NA NA NA NA NA NA NA NA
"39" "" 2016-01-08 33.7 "POR" "" "GSW" "L" -20 NA NA NA NA NA NA NA NA NA NA NA NA NA NA NA NA
"40" "" 2016-01-10 33.7 "POR" "" "OKC" "W" 5 NA NA NA NA NA NA NA NA NA NA NA NA NA NA NA NA
"41" "5" 2016-01-13 33.71 "POR" "" "UTA" "W" 14 0 1.9 0.5 0.5 0 0 0 0 0 0 0 47 107 108 1 -1.4
"42" "" 2016-01-15 33.72 "POR" "@" "BRK" "W" 12 NA NA NA NA NA NA NA NA NA NA NA NA NA NA NA NA
"43" "" 2016-01-16 33.72 "POR" "@" "PHI" "L" -25 NA NA NA NA NA NA NA NA NA NA NA NA NA NA NA NA
"44" "" 2016-01-18 33.73 "POR" "@" "WAS" "W" 10 NA NA NA NA NA NA NA NA NA NA NA NA NA NA NA NA
"45" "" 2016-01-20 33.73 "POR" "" "ATL" "L" -6 NA NA NA NA NA NA NA NA NA NA NA NA NA NA NA NA
"46" "6" 2016-01-23 33.74 "POR" "" "LAL" "W" 18 0 3.71666666666667 0.5 0.5 0 0 0 37.9 0 0 0 23.3 130 117 1.7 3.4
"47" "7" 2016-01-26 33.75 "POR" "" "SAC" "W" 15 0 3.36666666666667 0.25 0.25 0 0 0 0 0 0 20 64.6 40 107 -1.4 -42.9
"48" "" 2016-01-29 33.76 "POR" "" "CHO" "W" 18 NA NA NA NA NA NA NA NA NA NA NA NA NA NA NA NA
"49" "" 2016-01-31 33.76 "POR" "" "MIN" "W" 3 NA NA NA NA NA NA NA NA NA NA NA NA NA NA NA NA
"50" "8" 2016-02-02 33.77 "POR" "" "MIL" "W" 12 0 1.83333333333333 0 0 0 0 0 0 0 0 0 23.6 0 107 -0.7 -27.8
"51" "" 2016-02-04 33.77 "POR" "" "TOR" "L" -7 NA NA NA NA NA NA NA NA NA NA NA NA NA NA NA NA
"52" "" 2016-02-06 33.78 "POR" "@" "HOU" "W" 17 NA NA NA NA NA NA NA NA NA NA NA NA NA NA NA NA
"53" "" 2016-02-08 33.78 "POR" "@" "MEM" "W" 6 NA NA NA NA NA NA NA NA NA NA NA NA NA NA NA NA
"54" "" 2016-02-10 33.79 "POR" "" "HOU" "W" 13 NA NA NA NA NA NA NA NA NA NA NA NA NA NA NA NA
"55" "9" 2016-02-19 33.81 "POR" "" "GSW" "W" 32 0 4.75 0 0 0 37.4 21.3 0 0 0 0 16.8 0 93 -1.2 -23.5
"56" "" 2016-02-21 33.82 "POR" "" "UTA" "W" 4 NA NA NA NA NA NA NA NA NA NA NA NA NA NA NA NA
"57" "" 2016-02-23 33.82 "POR" "" "BRK" "W" 8 NA NA NA NA NA NA NA NA NA NA NA NA NA NA NA NA
"58" "" 2016-02-25 33.83 "POR" "" "HOU" "L" -14 NA NA NA NA NA NA NA NA NA NA NA NA NA NA NA NA
"59" "" 2016-02-27 33.84 "POR" "@" "CHI" "W" 8 NA NA NA NA NA NA NA NA NA NA NA NA NA NA NA NA
"60" "" 2016-02-28 33.84 "POR" "@" "IND" "W" 9 NA NA NA NA NA NA NA NA NA NA NA NA NA NA NA NA
"61" "" 2016-03-01 33.84 "POR" "@" "NYK" "W" 19 NA NA NA NA NA NA NA NA NA NA NA NA NA NA NA NA
"62" "" 2016-03-02 33.85 "POR" "@" "BOS" "L" -23 NA NA NA NA NA NA NA NA NA NA NA NA NA NA NA NA
"63" "" 2016-03-04 33.85 "POR" "@" "TOR" "L" -2 NA NA NA NA NA NA NA NA NA NA NA NA NA NA NA NA
"64" "10" 2016-03-06 33.86 "POR" "@" "DET" "L" -20 0 2.9 1.5 1.5 0 43.6 21.8 89.7 0 0 0 16.4 285 126 3.7 47.7
"65" "" 2016-03-08 33.86 "POR" "" "WAS" "W" 7 NA NA NA NA NA NA NA NA NA NA NA NA NA NA NA NA
"66" "" 2016-03-11 33.87 "POR" "@" "GSW" "L" -16 NA NA NA NA NA NA NA NA NA NA NA NA NA NA NA NA
"67" "11" 2016-03-12 33.87 "POR" "" "ORL" "W" 37 0 7.9 0.5 0.5 0 22.9 13.5 29.7 0 0 0 11.7 142 85 2.6 4.8
"68" "12" 2016-03-14 33.88 "POR" "@" "OKC" "L" -34 0 9.58333333333333 0.727 0.667 0 28.6 11 23.9 5.2 0 22.5 19.5 116 122 4.6 6.3
"69" "13" 2016-03-17 33.89 "POR" "@" "SAS" "L" -8 0 14.9166666666667 0.872 0.833 20.5 16.5 18.7 14 0 4.6 12.7 22 158 120 12.1 13.4
"70" "14" 2016-03-18 33.89 "POR" "@" "NOP" "W" 5 0 1.35 NA NA 0 84.7 45 0 0 0 NA 0 0 109 -0.5 -25.2
"71" "" 2016-03-20 33.9 "POR" "@" "DAL" "L" -12 NA NA NA NA NA NA NA NA NA NA NA NA NA NA NA NA
"72" "" 2016-03-23 33.9 "POR" "" "DAL" "W" 6 NA NA NA NA NA NA NA NA NA NA NA NA NA NA NA NA
"73" "" 2016-03-24 33.91 "POR" "@" "LAC" "L" -2 NA NA NA NA NA NA NA NA NA NA NA NA NA NA NA NA
"74" "" 2016-03-26 33.91 "POR" "" "PHI" "W" 3 NA NA NA NA NA NA NA NA NA NA NA NA NA NA NA NA
"75" "" 2016-03-28 33.92 "POR" "" "SAC" "W" 12 NA NA NA NA NA NA NA NA NA NA NA NA NA NA NA NA
"76" "" 2016-03-31 33.93 "POR" "" "BOS" "W" 7 NA NA NA NA NA NA NA NA NA NA NA NA NA NA NA NA
"77" "15" 2016-04-02 33.93 "POR" "" "MIA" "W" 17 0 4.26666666666667 1 1 0 23 12.9 0 0 0 50 21.6 76 99 1 -5
"78" "" 2016-04-03 33.93 "POR" "@" "GSW" "L" -25 NA NA NA NA NA NA NA NA NA NA NA NA NA NA NA NA
"79" "16" 2016-04-05 33.94 "POR" "@" "SAC" "W" 8 0 2.18333333333333 NA NA 44 0 26.5 55 0 0 NA 0 229 112 0.6 1.8
"80" "" 2016-04-06 33.94 "POR" "" "OKC" "W" 5 NA NA NA NA NA NA NA NA NA NA NA NA NA NA NA NA
"81" "" 2016-04-09 33.95 "POR" "" "MIN" "L" -1 NA NA NA NA NA NA NA NA NA NA NA NA NA NA NA NA
"82" "" 2016-04-13 33.96 "POR" "" "DEN" "W" 8 NA NA NA NA NA NA NA NA NA NA NA NA NA NA NA NA
