"Rk" "G" "Date" "Age" "Tm" "H/A" "Opp" "W/L" "By Amt" "GS" "MP" "TS%" "eFG%" "ORB%" "DRB%" "TRB%" "AST%" "STL%" "BLK%" "TOV%" "USG%" "ORtg" "DRtg" "GmSc" "BPM"
"1" "1" 2008-10-29 20.58 "PHO" "@" "SAS" "W" 5 0 8.96666666666667 1.042 1 13.4 14.5 13.9 0 0 8.2 0 7.6 217 107 3.6 5.4
"2" "2" 2008-10-30 20.58 "PHO" "" "NOH" "L" -13 0 1.58333333333333 NA NA 0 0 0 0 0 0 100 29.9 0 119 -2.2 -70.2
"3" "" 2008-11-01 20.59 "PHO" "" "POR" "W" 11 NA NA NA NA NA NA NA NA NA NA NA NA NA NA NA NA
"4" "3" 2008-11-04 20.59 "PHO" "@" "NJN" "W" 28 0 19.7833333333333 0.225 0.25 0 5.1 3.2 0 2.6 11.9 0 11.1 46 89 1.4 -5.9
"5" "" 2008-11-05 20.6 "PHO" "@" "IND" "W" 10 NA NA NA NA NA NA NA NA NA NA NA NA NA NA NA NA
"6" "4" 2008-11-07 20.6 "PHO" "@" "CHI" "L" -17 1 30.3166666666667 0.625 0.667 11.3 16.7 13.9 0 0 5.2 8.2 19.4 116 110 12.6 4
"7" "5" 2008-11-08 20.61 "PHO" "@" "MIL" "W" 8 0 7.01666666666667 0.694 0.5 0 0 0 0 0 0 0 19.6 147 113 3 2.6
"8" "6" 2008-11-10 20.61 "PHO" "" "MEM" "W" 5 0 9.33333333333333 1.136 NA 0 0 0 0 0 7.2 53.2 9 108 106 0.5 -4.5
"9" "7" 2008-11-12 20.62 "PHO" "" "HOU" "L" -12 0 7.48333333333333 0 0 25.7 13.9 20 0 0 0 0 6.1 81 110 1 -5.5
"10" "" 2008-11-14 20.62 "PHO" "@" "SAC" "W" 2 NA NA NA NA NA NA NA NA NA NA NA NA NA NA NA NA
"11" "8" 2008-11-16 20.63 "PHO" "" "DET" "W" 18 0 14.3166666666667 0.521 0.5 28.7 7 16.2 0 3.8 0 18.8 36.3 101 98 5.4 -8.3
"12" "9" 2008-11-17 20.63 "PHO" "@" "UTA" "L" -12 0 1.38333333333333 NA NA 0 91.3 47.5 0 0 0 NA 0 0 85 -0.5 -26.4
"13" "10" 2008-11-20 20.64 "PHO" "" "LAL" "L" -13 0 3.06666666666667 0.5 0.5 0 0 0 0 0 0 0 29.1 100 121 1 -1.8
"14" "" 2008-11-22 20.64 "PHO" "" "POR" "W" 10 NA NA NA NA NA NA NA NA NA NA NA NA NA NA NA NA
"15" "11" 2008-11-25 20.65 "PHO" "@" "OKC" "W" 1 1 25.1833333333333 0.598 0.571 12.3 13.3 12.9 0 4.3 7.5 9.8 20 117 100 11.1 3.6
"16" "12" 2008-11-26 20.65 "PHO" "@" "MIN" "W" 8 0 1.78333333333333 1 1 86.8 0 31.7 0 0 0 0 27 205 113 2 11
"17" "" 2008-11-28 20.66 "PHO" "" "MIA" "L" -15 NA NA NA NA NA NA NA NA NA NA NA NA NA NA NA NA
"18" "13" 2008-11-30 20.67 "PHO" "" "NJN" "L" -8 0 7.23333333333333 1 1 0 35.9 19.8 0 0 22.9 0 6.3 200 105 3.3 9.9
"19" "14" 2008-12-03 20.67 "PHO" "@" "NOH" "L" -13 1 20.3833333333333 1 1 0 0 0 6.8 0 4.4 0 2.4 205 134 1.5 -3.7
"20" "15" 2008-12-04 20.68 "PHO" "@" "DAL" "L" -15 0 4.28333333333333 NA NA 0 0 0 0 0 0 NA 0 0 130 0 -7
"21" "16" 2008-12-06 20.68 "PHO" "" "UTA" "W" 2 0 1.56666666666667 0 0 74.7 0 33.7 0 0 0 0 27 64 116 0 -23.9
"22" "17" 2008-12-09 20.69 "PHO" "" "MIL" "W" 15 0 2.2 NA NA 0 0 0 0 0 0 NA 0 0 120 -0.4 -11.2
"23" "18" 2008-12-10 20.69 "PHO" "@" "LAL" "L" -5 1 32.3 0.694 0.75 0 10.6 5.4 3.8 0 2.6 0 7.9 143 123 7.1 -1.3
"24" "19" 2008-12-12 20.7 "PHO" "" "ORL" "W" 1 1 20.2833333333333 0.667 0.667 5.8 0 2.9 0 2.5 4.2 0 6.6 147 117 3.9 -0.2
"25" "" 2008-12-15 20.71 "PHO" "" "NYK" "W" 8 NA NA NA NA NA NA NA NA NA NA NA NA NA NA NA NA
"26" "20" 2008-12-18 20.72 "PHO" "@" "POR" "L" -5 0 7.31666666666667 0.333 0.333 24.3 0 9.8 0 0 0 0 19.5 96 145 0.2 -19.3
"27" "21" 2008-12-20 20.72 "PHO" "" "DEN" "W" 7 0 14.95 1.064 1 8.4 24.1 16.5 0 0 5.6 34.7 8.8 141 104 4.6 2.5
"28" "22" 2008-12-25 20.73 "PHO" "" "SAS" "L" -1 0 7.96666666666667 0 0 13.7 12.3 13 0 0 0 33.3 17.9 24 102 -2.2 -21.5
"29" "23" 2008-12-29 20.75 "PHO" "@" "OKC" "W" 8 0 3.18333333333333 NA NA 0 0 0 0 0 26.5 NA 0 0 98 0.3 0
"30" "24" 2008-12-30 20.75 "PHO" "@" "MEM" "W" 12 0 7.31666666666667 0 0 33.6 0 15.6 0 0 0 50 12.3 56 102 -1.1 -17.7
"31" "" 2009-01-02 20.76 "PHO" "" "LAC" "W" 8 NA NA NA NA NA NA NA NA NA NA NA NA NA NA NA NA
"32" "25" 2009-01-07 20.77 "PHO" "" "IND" "L" -3 1 5.31666666666667 0.568 NA 0 0 0 0 0 14.3 0 12.9 122 100 0.3 -6.7
"33" "26" 2009-01-09 20.78 "PHO" "" "DAL" "W" 28 0 13.0166666666667 0.667 0.667 13.2 23.5 19.7 0 0 5.7 0 10.7 155 110 5 3.1
"34" "" 2009-01-11 20.78 "PHO" "@" "LAC" "W" 6 NA NA NA NA NA NA NA NA NA NA NA NA NA NA NA NA
"35" "" 2009-01-13 20.79 "PHO" "" "ATL" "W" 5 NA NA NA NA NA NA NA NA NA NA NA NA NA NA NA NA
"36" "27" 2009-01-15 20.79 "PHO" "@" "DEN" "L" -6 1 22.3833333333333 0.4 0.4 5.4 4.6 5 0 2.1 0 37.5 15.2 54 110 -1.3 -11.6
"37" "" 2009-01-16 20.79 "PHO" "" "MIN" "L" -2 NA NA NA NA NA NA NA NA NA NA NA NA NA NA NA NA
"38" "" 2009-01-18 20.8 "PHO" "@" "TOR" "W" 4 NA NA NA NA NA NA NA NA NA NA NA NA NA NA NA NA
"39" "28" 2009-01-19 20.8 "PHO" "@" "BOS" "L" -17 0 12.4833333333333 0.798 1 10.7 17.1 14.2 12.8 0 4.9 0 6.9 174 105 5 10.7
"40" "" 2009-01-21 20.81 "PHO" "@" "NYK" "L" -5 NA NA NA NA NA NA NA NA NA NA NA NA NA NA NA NA
"41" "29" 2009-01-23 20.81 "PHO" "@" "CHA" "L" -22 0 12 0.5 0.5 0 0 0 17.4 0 0 0 7.2 124 115 1.3 -1.5
"42" "" 2009-01-25 20.82 "PHO" "@" "ATL" "W" 5 NA NA NA NA NA NA NA NA NA NA NA NA NA NA NA NA
"43" "" 2009-01-26 20.82 "PHO" "@" "WAS" "W" 16 NA NA NA NA NA NA NA NA NA NA NA NA NA NA NA NA
"44" "" 2009-01-29 20.83 "PHO" "" "SAS" "L" -10 NA NA NA NA NA NA NA NA NA NA NA NA NA NA NA NA
"45" "" 2009-01-31 20.84 "PHO" "" "CHI" "L" -11 NA NA NA NA NA NA NA NA NA NA NA NA NA NA NA NA
"46" "30" 2009-02-02 20.84 "PHO" "" "SAC" "W" 48 0 14.4333333333333 0.509 0.5 29.6 0 14.2 9.5 0 0 12.7 21.4 121 92 6.1 -2.8
"47" "31" 2009-02-04 20.85 "PHO" "@" "GSW" "L" -12 0 7.25 1 1 0 0 0 0 6.5 0 0 5.7 200 114 2.3 3.2
"48" "" 2009-02-06 20.85 "PHO" "" "GSW" "W" 10 NA NA NA NA NA NA NA NA NA NA NA NA NA NA NA NA
"49" "" 2009-02-08 20.86 "PHO" "@" "DET" "W" 10 NA NA NA NA NA NA NA NA NA NA NA NA NA NA NA NA
"50" "32" 2009-02-09 20.86 "PHO" "@" "PHI" "L" -17 0 6.38333333333333 NA NA 0 0 0 0 0 0 NA 0 0 129 -0.4 -8.9
"51" "33" 2009-02-11 20.87 "PHO" "@" "CLE" "L" -17 0 6.76666666666667 0 0 20.3 16.5 18.2 0 0 11.3 0 12.9 32 112 -0.1 -11.8
"52" "34" 2009-02-17 20.88 "PHO" "" "LAC" "W" 40 0 12 0.644 0.667 0 26.1 15.2 8.3 3.7 0 20.5 15.5 111 90 3.7 -0.8
"53" "35" 2009-02-18 20.88 "PHO" "@" "LAC" "W" 23 0 5.36666666666667 0.174 0 0 20.8 10.9 0 0 0 0 22.8 46 124 -0.5 -24.3
"54" "36" 2009-02-20 20.89 "PHO" "" "OKC" "W" 22 0 4.21666666666667 NA NA 0 46.5 26.2 0 0 0 NA 0 0 104 0.6 -3.1
"55" "37" 2009-02-22 20.9 "PHO" "" "BOS" "L" -20 0 1.98333333333333 0.266 0 62.1 89.6 73.3 0 0 0 0 41.2 89 124 0.9 -14.4
"56" "38" 2009-02-24 20.9 "PHO" "" "CHA" "W" 10 0 2.33333333333333 1 1 0 0 0 0 0 0 0 19.4 200 112 0.9 -2.4
"57" "39" 2009-02-26 20.91 "PHO" "@" "LAL" "L" -26 0 23.8833333333333 0.429 0.429 15.5 0 8.8 0 2 5.4 0 11.6 115 130 5.9 -6.5
"58" "40" 2009-02-27 20.91 "PHO" "" "TOR" "W" 20 0 1.86666666666667 NA NA 0 0 0 0 0 0 100 21.4 0 123 -1 -31.2
"59" "41" 2009-03-01 20.92 "PHO" "" "LAL" "W" 7 0 3.78333333333333 NA NA 0 0 0 0 0 18.7 100 11.5 0 114 -0.3 -7.5
"60" "42" 2009-03-03 20.92 "PHO" "@" "ORL" "L" -12 0 2.28333333333333 0.347 0 46.7 0 24.2 0 0 36.9 0 51.1 101 95 1.2 -11.2
"61" "" 2009-03-04 20.92 "PHO" "@" "MIA" "L" -6 NA NA NA NA NA NA NA NA NA NA NA NA NA NA NA NA
"62" "43" 2009-03-06 20.93 "PHO" "@" "HOU" "L" -4 0 2.91666666666667 0 0 0 100 56.7 0 0 0 0 14.5 0 98 -1 -27.5
"63" "" 2009-03-08 20.93 "PHO" "@" "SAS" "L" -5 NA NA NA NA NA NA NA NA NA NA NA NA NA NA NA NA
"64" "" 2009-03-10 20.94 "PHO" "" "DAL" "L" -5 NA NA NA NA NA NA NA NA NA NA NA NA NA NA NA NA
"65" "44" 2009-03-12 20.95 "PHO" "" "CLE" "L" -8 0 9.53333333333333 0.615 0.5 29.6 12.6 20.4 0 0 0 17 27.1 120 131 3.5 -7.8
"66" "45" 2009-03-14 20.95 "PHO" "" "OKC" "W" 11 0 8.91666666666667 1 1 12.8 0 6.8 0 0 7.9 50 9.9 98 107 1.7 -1.8
"67" "46" 2009-03-15 20.95 "PHO" "@" "GSW" "W" 24 0 5.75 0.521 0.5 23.2 0 10.6 0 0 0 0 19.5 132 132 1.5 -15.6
"68" "47" 2009-03-18 20.96 "PHO" "" "PHI" "W" 10 0 2.2 1.064 1 59 0 29.1 0 0 33.6 0 37.9 224 105 5.1 55.4
"69" "48" 2009-03-21 20.97 "PHO" "" "WAS" "W" 32 0 5.75 0.563 0.5 19.9 0 8.5 0 0 10.4 0 34.1 128 103 4.4 0.1
"70" "49" 2009-03-23 20.98 "PHO" "" "DEN" "W" 3 0 3.88333333333333 1.064 1 0 0 0 0 0 0 0 20 230 128 3.3 12
"71" "" 2009-03-25 20.98 "PHO" "" "UTA" "W" 4 NA NA NA NA NA NA NA NA NA NA NA NA NA NA NA NA
"72" "50" 2009-03-26 20.98 "PHO" "@" "POR" "L" -20 0 15.45 1.042 1 6.9 18.3 11.8 7.6 0 4.8 25.8 10.4 156 132 5.5 1.9
"73" "51" 2009-03-28 20.99 "PHO" "@" "UTA" "L" -5 0 6.71666666666667 0.5 0.5 12.7 35.1 22.1 0 0 0 33.3 18 74 96 1.3 -5.2
"74" "52" 2009-03-29 20.99 "PHO" "@" "SAC" "L" -8 0 2.73333333333333 0 0 0 0 0 0 0 0 0 14.5 0 133 -1.1 -29.2
"75" "53" 2009-04-01 21 "PHO" "" "HOU" "W" 5 0 0.766666666666667 NA NA 0 0 0 0 0 0 NA 0 0 121 -0.4 -29.6
"76" "54" 2009-04-03 21.01 "PHO" "" "SAC" "W" 28 0 21.0666666666667 0.645 0.5 9.9 10.4 10.1 0 2.2 11 24.4 15.2 114 104 7.1 -3
"77" "55" 2009-04-05 21.01 "PHO" "@" "DAL" "L" -24 0 18.45 0.5 0.5 6.7 0 3.6 0 0 8.7 0 4.6 130 146 2.3 -5.9
"78" "56" 2009-04-08 21.02 "PHO" "@" "NOH" "W" 5 0 10.8333333333333 0 0 12.7 29.5 22.2 0 0 0 0 13.5 31 108 -0.9 -16.2
"79" "57" 2009-04-10 21.02 "PHO" "@" "MEM" "L" -17 0 21.45 0.571 0.571 0 10.9 5.5 0 0 10.5 12.5 16.3 97 111 4.8 -4
"80" "58" 2009-04-11 21.03 "PHO" "@" "MIN" "W" 13 0 26.4666666666667 0.5 0.5 13.3 30.9 22.7 5.2 0 2.6 33.3 14 83 95 4.7 -5.2
"81" "59" 2009-04-13 21.03 "PHO" "" "MEM" "W" 9 0 17.7833333333333 0.799 0.714 26.3 9 19 0 0 4.2 18.6 25.6 139 114 11.3 1.2
"82" "60" 2009-04-15 21.04 "PHO" "" "GSW" "W" 4 0 16.7 0.735 0.667 0 42.8 20.3 0 3 7.6 0 11.4 161 99 9 7.8
"1" "" 2009-10-28 21.58 "PHO" "@" "LAC" "W" 2 NA NA NA NA NA NA NA NA NA NA NA NA NA NA NA NA
"2" "" 2009-10-30 21.58 "PHO" "" "GSW" "W" 22 NA NA NA NA NA NA NA NA NA NA NA NA NA NA NA NA
"3" "" 2009-11-01 21.59 "PHO" "" "MIN" "W" 8 NA NA NA NA NA NA NA NA NA NA NA NA NA NA NA NA
"4" "" 2009-11-03 21.59 "PHO" "@" "MIA" "W" 8 NA NA NA NA NA NA NA NA NA NA NA NA NA NA NA NA
"5" "" 2009-11-04 21.59 "PHO" "@" "ORL" "L" -22 NA NA NA NA NA NA NA NA NA NA NA NA NA NA NA NA
"6" "" 2009-11-06 21.6 "PHO" "@" "BOS" "W" 7 NA NA NA NA NA NA NA NA NA NA NA NA NA NA NA NA
"7" "" 2009-11-08 21.61 "PHO" "@" "WAS" "W" 12 NA NA NA NA NA NA NA NA NA NA NA NA NA NA NA NA
"8" "" 2009-11-09 21.61 "PHO" "@" "PHI" "W" 4 NA NA NA NA NA NA NA NA NA NA NA NA NA NA NA NA
"9" "" 2009-11-11 21.61 "PHO" "" "NOH" "W" 20 NA NA NA NA NA NA NA NA NA NA NA NA NA NA NA NA
"10" "" 2009-11-12 21.62 "PHO" "@" "LAL" "L" -19 NA NA NA NA NA NA NA NA NA NA NA NA NA NA NA NA
"11" "" 2009-11-15 21.62 "PHO" "" "TOR" "W" 1 NA NA NA NA NA NA NA NA NA NA NA NA NA NA NA NA
"12" "" 2009-11-17 21.63 "PHO" "@" "HOU" "W" 6 NA NA NA NA NA NA NA NA NA NA NA NA NA NA NA NA
"13" "" 2009-11-19 21.64 "PHO" "@" "NOH" "L" -7 NA NA NA NA NA NA NA NA NA NA NA NA NA NA NA NA
"14" "" 2009-11-22 21.64 "PHO" "" "DET" "W" 26 NA NA NA NA NA NA NA NA NA NA NA NA NA NA NA NA
"15" "" 2009-11-25 21.65 "PHO" "" "MEM" "W" 15 NA NA NA NA NA NA NA NA NA NA NA NA NA NA NA NA
"16" "1" 2009-11-27 21.66 "PHO" "@" "MIN" "W" 25 0 15.1833333333333 0.8 0.8 21.1 31.6 27.7 0 3.2 8.8 28.6 20.4 113 81 7.8 1.8
"17" "2" 2009-11-29 21.66 "PHO" "@" "TOR" "W" 19 0 6.45 NA NA 0 0 0 0 0 0 100 27.7 0 106 -4.8 -38
"18" "3" 2009-12-01 21.67 "PHO" "@" "NYK" "L" -27 0 12 0.902 1 27.9 17 22.2 0 0 0 0 14.4 185 133 7.6 5.5
"19" "4" 2009-12-02 21.67 "PHO" "@" "CLE" "L" -17 0 5.65 0.258 0 18.1 0 9.2 0 0 12 34 47.5 46 117 -0.7 -26.9
"20" "5" 2009-12-05 21.68 "PHO" "" "SAC" "W" 8 0 10.9333333333333 0.773 0.667 9.3 0 4.8 0 0 0 20.5 19.1 132 128 3.2 -5.6
"21" "6" 2009-12-06 21.68 "PHO" "@" "LAL" "L" -20 0 16.4833333333333 0.571 0.571 14.6 14.9 14.7 0 0 0 0 20 124 126 5.9 -1.1
"22" "7" 2009-12-08 21.69 "PHO" "@" "DAL" "L" -1 0 2.8 NA NA 47.6 100 83.6 0 0 0 NA 0 225 79 1.2 2
"23" "8" 2009-12-11 21.7 "PHO" "" "ORL" "W" 3 0 4.68333333333333 1 1 42.7 0 22 0 0 0 0 9.4 209 112 1.1 -10.7
"24" "9" 2009-12-12 21.7 "PHO" "@" "DEN" "L" -6 0 3.76666666666667 NA NA 0 0 0 0 0 0 NA 0 0 122 -1.2 -17.8
"25" "10" 2009-12-15 21.71 "PHO" "" "SAS" "W" 12 0 4.4 0.568 NA 0 0 0 22.3 0 0 0 8.5 148 121 1.3 7.9
"26" "" 2009-12-17 21.71 "PHO" "@" "POR" "L" -3 NA NA NA NA NA NA NA NA NA NA NA NA NA NA NA NA
"27" "11" 2009-12-19 21.72 "PHO" "" "WAS" "W" 26 0 12 0.512 0.5 9.8 15.1 12.8 0 4.1 0 29.1 23.7 80 90 2.1 -7.6
"28" "12" 2009-12-21 21.72 "PHO" "" "CLE" "L" -18 0 4.03333333333333 NA NA 0 35 16.3 0 0 0 NA 0 0 116 0.3 -0.5
"29" "" 2009-12-23 21.73 "PHO" "" "OKC" "L" -4 NA NA NA NA NA NA NA NA NA NA NA NA NA NA NA NA
"30" "13" 2009-12-25 21.73 "PHO" "" "LAC" "W" 31 0 10.0833333333333 0 0 12.9 9.9 11.2 0 0 0 25 17.3 23 104 -2.9 -26.2
"31" "" 2009-12-26 21.74 "PHO" "@" "GSW" "L" -5 NA NA NA NA NA NA NA NA NA NA NA NA NA NA NA NA
"32" "14" 2009-12-28 21.74 "PHO" "" "LAL" "W" 15 0 20.9833333333333 0.82 1 17.2 9.9 13.3 0 0 3.1 0 10.1 168 109 8.2 3.6
"33" "15" 2009-12-30 21.75 "PHO" "" "BOS" "W" 18 0 14.2333333333333 0.63 0.333 9.1 15.7 12.6 0 0 5.4 0 14.9 154 107 5.5 0
"34" "16" 2010-01-02 21.76 "PHO" "" "MEM" "L" -25 0 14.2166666666667 0 0 0 25.3 11.6 0 0 4.2 0 6.1 0 133 -0.2 -12.5
"35" "" 2010-01-05 21.76 "PHO" "@" "SAC" "W" 4 NA NA NA NA NA NA NA NA NA NA NA NA NA NA NA NA
"36" "17" 2010-01-06 21.77 "PHO" "" "HOU" "W" 8 0 10.85 0.266 0 24.6 17.7 20.6 0 0 28.1 0 15.7 94 100 4.2 0.4
"37" "18" 2010-01-08 21.77 "PHO" "" "MIA" "L" -4 0 4.13333333333333 NA NA 0 45.5 23.9 0 0 0 NA 0 0 102 0.2 -3.7
"38" "" 2010-01-11 21.78 "PHO" "" "MIL" "W" 4 NA NA NA NA NA NA NA NA NA NA NA NA NA NA NA NA
"39" "" 2010-01-13 21.79 "PHO" "@" "IND" "L" -8 NA NA NA NA NA NA NA NA NA NA NA NA NA NA NA NA
"40" "19" 2010-01-15 21.79 "PHO" "@" "ATL" "L" -1 0 30.55 0.564 0.625 14.3 6.7 10.4 0 0 14.1 9.3 15.6 112 114 10.8 1.3
"41" "20" 2010-01-16 21.79 "PHO" "@" "CHA" "L" -26 0 22.9 0.595 0.6 4.8 5.1 4.9 0 0 8.3 0 22.4 122 130 10.5 0.6
"42" "21" 2010-01-18 21.8 "PHO" "@" "MEM" "L" -7 1 28.7833333333333 0.779 0.8 10.6 16.3 13.3 0 1.6 7.1 7.6 18.3 148 116 17.4 4.4
"43" "22" 2010-01-20 21.81 "PHO" "" "NJN" "W" 24 1 33.6833333333333 0.791 0.8 15 8.9 11.6 0 0 2 13.7 19.5 141 105 17 1.9
"44" "23" 2010-01-22 21.81 "PHO" "" "CHI" "L" -11 1 22.4166666666667 0.781 0.75 4 11.3 7.1 0 2.3 3 0 10.6 169 119 8.8 3.3
"45" "24" 2010-01-23 21.81 "PHO" "" "GSW" "W" 9 1 30.35 0.84 0.667 21.1 9.5 15 0 0 0 0 13.3 191 112 18.1 5.3
"46" "25" 2010-01-25 21.82 "PHO" "@" "UTA" "L" -9 1 24.3 0.481 0.429 4.7 16 10 0 0 0 0 15.5 105 132 4.3 -7.5
"47" "26" 2010-01-26 21.82 "PHO" "" "CHA" "L" -5 1 25.5833333333333 0.888 0.8 0 21.1 11.6 6.7 0 5.8 22.8 16.1 137 115 10.5 5.2
"48" "27" 2010-01-28 21.83 "PHO" "" "DAL" "W" 6 1 21.3166666666667 0.4 0.4 6.4 31.3 19 0 0 0 28.6 15.5 66 116 0.7 -10.6
"49" "28" 2010-01-31 21.84 "PHO" "@" "HOU" "W" 4 1 27.3333333333333 0.717 0.75 15.7 9.1 11.5 0 0 8.1 9.3 18.2 133 108 12.5 3.6
"50" "29" 2010-02-01 21.84 "PHO" "@" "NOH" "W" 9 1 25.4833333333333 0.758 0.727 15.3 12.6 13.8 6.7 0 5.2 20.2 25.9 122 106 15.2 5
"51" "30" 2010-02-03 21.84 "PHO" "@" "DEN" "W" 12 1 17.75 0.442 0.417 18.9 25.2 22 0 0 0 0 31.9 108 107 6.3 -8.5
"52" "31" 2010-02-05 21.85 "PHO" "@" "SAC" "W" 12 1 18.65 0.635 0.571 19.8 21.9 20.9 9.3 0 7.6 0 19.3 151 105 10.1 5.6
"53" "32" 2010-02-10 21.86 "PHO" "" "POR" "L" -7 1 23.2666666666667 0.68 0.6 16.3 12.9 14.7 0 0 0 0 11.4 155 121 7.6 0.5
"54" "33" 2010-02-16 21.88 "PHO" "@" "MEM" "W" 14 1 28.9333333333333 0.602 0.545 12.1 21.1 17.3 0 0 0 11.8 26.1 115 99 12.1 -2.5
"55" "34" 2010-02-17 21.88 "PHO" "@" "DAL" "L" -10 1 29.7333333333333 0.709 0.667 3.9 13.5 9.1 0 0 6.7 16.8 17.8 117 113 10.9 2.7
"56" "35" 2010-02-19 21.89 "PHO" "" "ATL" "W" 8 1 30.8166666666667 0.47 0.455 7.6 24.2 16.3 0 1.7 0 7.3 20.5 101 88 8.6 1.7
"57" "36" 2010-02-21 21.89 "PHO" "" "SAC" "W" 16 1 27.0833333333333 0.678 0.667 11.3 4.7 8.3 0 0 0 8.8 18.5 135 107 10.7 0.3
"58" "37" 2010-02-23 21.9 "PHO" "@" "OKC" "W" 2 1 17.6166666666667 0.258 0 7.4 6.3 6.8 0 0 0 34 15 50 114 -1.9 -16
"59" "38" 2010-02-24 21.9 "PHO" "" "PHI" "W" 11 1 28.1666666666667 0.833 0.833 15 25.9 21.3 0 1.9 5.1 14.3 11.3 148 95 12.2 7.2
"60" "39" 2010-02-26 21.91 "PHO" "" "LAC" "W" 13 1 37.35 0.768 0.813 16.1 24.5 20.8 0 0 0 9.3 25.7 140 120 25.6 4.2
"61" "40" 2010-02-28 21.91 "PHO" "@" "SAS" "L" -3 1 25.2666666666667 0.45 0.375 13.9 24.4 19 0 2 13.4 0 15.9 114 107 10.9 3
"62" "41" 2010-03-01 21.92 "PHO" "" "DEN" "W" 16 1 16.2833333333333 0.387 0.333 14 7.4 10.8 0 0 16.4 0 10.8 112 94 4.3 2
"63" "42" 2010-03-03 21.92 "PHO" "@" "LAC" "W" 26 1 19.75 0.322 0.333 20.8 5.4 12.2 0 0 0 11.4 20 85 116 1.4 -18.3
"64" "43" 2010-03-04 21.92 "PHO" "" "UTA" "L" -8 1 23.5666666666667 0.833 0.833 12 21.7 17.6 6.4 0 6.9 25 15.8 126 120 9.6 5
"65" "44" 2010-03-06 21.93 "PHO" "" "IND" "W" 8 1 24.5833333333333 0.291 0.167 13 17.1 15.3 0 0 2.9 0 11.8 101 110 3.7 -5.6
"66" "45" 2010-03-12 21.95 "PHO" "" "LAL" "L" -6 1 18.45 0.5 0.5 0 0 0 0 5.9 0 0 15 109 109 4.2 -1
"67" "46" 2010-03-14 21.95 "PHO" "" "NOH" "W" 14 1 22.2833333333333 0.791 0.8 6.7 13.7 10.9 0 0 0 0 12.8 160 112 8.5 0.9
"68" "47" 2010-03-16 21.96 "PHO" "" "MIN" "W" 38 1 24.3666666666667 0.542 0.375 19.7 22.4 21.1 4 0 0 0 18.5 149 116 11.4 -5
"69" "48" 2010-03-19 21.96 "PHO" "" "UTA" "W" 10 1 34.05 0.816 0.778 18.1 13.3 15.3 0 1.4 7.1 0 14.8 175 98 21.9 10.9
"70" "49" 2010-03-21 21.97 "PHO" "" "POR" "W" 6 1 17.2333333333333 0.4 0.4 13.6 5.4 9 11 0 0 0 13.7 109 106 3.7 2.2
"71" "50" 2010-03-22 21.97 "PHO" "@" "GSW" "W" 2 1 13.4666666666667 0.6 0.6 18.8 30.3 25.2 0 0 0 28.6 20.3 93 118 2.7 -9.9
"72" "51" 2010-03-26 21.98 "PHO" "" "NYK" "W" 36 1 21.85 0.589 0.545 22 12.2 16.4 0 0 0 7.8 24.2 131 103 11 -2.2
"73" "" 2010-03-28 21.99 "PHO" "@" "MIN" "W" 6 NA NA NA NA NA NA NA NA NA NA NA NA NA NA NA NA
"74" "" 2010-03-30 21.99 "PHO" "@" "CHI" "W" 6 NA NA NA NA NA NA NA NA NA NA NA NA NA NA NA NA
"75" "" 2010-03-31 22 "PHO" "@" "NJN" "W" 11 NA NA NA NA NA NA NA NA NA NA NA NA NA NA NA NA
"76" "" 2010-04-02 22 "PHO" "@" "DET" "W" 15 NA NA NA NA NA NA NA NA NA NA NA NA NA NA NA NA
"77" "" 2010-04-03 22.01 "PHO" "@" "MIL" "L" -9 NA NA NA NA NA NA NA NA NA NA NA NA NA NA NA NA
"78" "" 2010-04-07 22.02 "PHO" "" "SAS" "W" 11 NA NA NA NA NA NA NA NA NA NA NA NA NA NA NA NA
"79" "" 2010-04-09 22.02 "PHO" "@" "OKC" "L" -5 NA NA NA NA NA NA NA NA NA NA NA NA NA NA NA NA
"80" "" 2010-04-11 22.03 "PHO" "" "HOU" "W" 10 NA NA NA NA NA NA NA NA NA NA NA NA NA NA NA NA
"81" "" 2010-04-13 22.03 "PHO" "" "DEN" "W" 22 NA NA NA NA NA NA NA NA NA NA NA NA NA NA NA NA
"82" "" 2010-04-14 22.04 "PHO" "@" "UTA" "W" 14 NA NA NA NA NA NA NA NA NA NA NA NA NA NA NA NA
"1" "1" 2010-10-26 22.57 "PHO" "@" "POR" "L" -14 1 24.8333333333333 0.512 0.5 15.7 14.1 14.9 0 0 2.6 17 11.4 107 119 5.3 -1.8
"2" "2" 2010-10-28 22.58 "PHO" "@" "UTA" "W" 16 1 19.7333333333333 0.4 0.4 11.3 21.2 16.4 7.6 2.6 6.9 0 11.2 113 91 4.6 -0.8
"3" "3" 2010-10-29 22.58 "PHO" "" "LAL" "L" -8 1 32.4833333333333 0.5 0.5 23 23.5 23.2 0 0 2.2 0 24.5 121 120 16.7 -0.4
"4" "4" 2010-11-03 22.59 "PHO" "" "SAS" "L" -2 1 12.4666666666667 0.291 0.167 23.1 0 13.6 0 0 6.1 0 23 94 116 1.8 -13.7
"5" "5" 2010-11-05 22.6 "PHO" "" "MEM" "W" 5 1 12.9166666666667 0 0 8.5 26.9 17.4 0 0 0 50 12.6 13 100 -3 -18.4
"6" "6" 2010-11-07 22.6 "PHO" "@" "ATL" "W" 4 1 19.25 0.788 0.75 0 6.7 3.3 0 2.7 0 18.4 13 121 123 4.9 -2.9
"7" "7" 2010-11-08 22.61 "PHO" "@" "MEM" "L" -10 1 14.2833333333333 0.25 0.25 8 7.6 7.8 0 0 9.7 33.3 18.1 44 115 -0.4 -12.6
"8" "8" 2010-11-12 22.62 "PHO" "" "SAC" "W" 14 1 18.85 0.667 0.667 6.1 10.2 8.3 0 0 3.6 0 15 142 108 7 2.1
"9" "9" 2010-11-14 22.62 "PHO" "@" "LAL" "W" 5 1 5.65 0 0 0 0 0 0 0 11.6 0 8.1 0 128 -0.8 -16.9
"10" "" 2010-11-15 22.62 "PHO" "" "DEN" "W" 6 NA NA NA NA NA NA NA NA NA NA NA NA NA NA NA NA
"11" "" 2010-11-17 22.63 "PHO" "@" "MIA" "L" -27 NA NA NA NA NA NA NA NA NA NA NA NA NA NA NA NA
"12" "" 2010-11-18 22.63 "PHO" "@" "ORL" "L" -16 NA NA NA NA NA NA NA NA NA NA NA NA NA NA NA NA
"13" "" 2010-11-20 22.64 "PHO" "@" "CHA" "L" -18 NA NA NA NA NA NA NA NA NA NA NA NA NA NA NA NA
"14" "" 2010-11-22 22.64 "PHO" "@" "HOU" "W" 7 NA NA NA NA NA NA NA NA NA NA NA NA NA NA NA NA
"15" "" 2010-11-24 22.65 "PHO" "" "CHI" "L" -8 NA NA NA NA NA NA NA NA NA NA NA NA NA NA NA NA
"16" "" 2010-11-26 22.65 "PHO" "" "LAC" "W" 8 NA NA NA NA NA NA NA NA NA NA NA NA NA NA NA NA
"17" "" 2010-11-28 22.66 "PHO" "@" "DEN" "L" -5 NA NA NA NA NA NA NA NA NA NA NA NA NA NA NA NA
"18" "" 2010-12-02 22.67 "PHO" "@" "GSW" "W" 6 NA NA NA NA NA NA NA NA NA NA NA NA NA NA NA NA
"19" "" 2010-12-03 22.67 "PHO" "" "IND" "W" 8 NA NA NA NA NA NA NA NA NA NA NA NA NA NA NA NA
"20" "" 2010-12-05 22.68 "PHO" "" "WAS" "W" 17 NA NA NA NA NA NA NA NA NA NA NA NA NA NA NA NA
"21" "" 2010-12-07 22.68 "PHO" "@" "POR" "L" -7 NA NA NA NA NA NA NA NA NA NA NA NA NA NA NA NA
"22" "" 2010-12-08 22.69 "PHO" "" "MEM" "L" -6 NA NA NA NA NA NA NA NA NA NA NA NA NA NA NA NA
"23" "" 2010-12-10 22.69 "PHO" "" "POR" "L" -7 NA NA NA NA NA NA NA NA NA NA NA NA NA NA NA NA
"24" "10" 2010-12-15 22.71 "PHO" "" "MIN" "W" 6 1 23.9666666666667 0.558 0.444 13.4 25 18.8 0 1.9 0 0 18.3 135 114 11.1 -3
"25" "11" 2010-12-17 22.71 "PHO" "@" "DAL" "L" -15 1 21.8666666666667 0.41 0.333 4.1 16.9 10.5 0 0 6.5 21.5 18.7 70 107 2.3 -9.5
"26" "12" 2010-12-19 22.72 "PHO" "@" "OKC" "W" 3 1 30.2166666666667 0.873 0.9 0 15.1 9.2 5.7 0 0 21.6 21 126 119 12.9 3.5
"27" "13" 2010-12-20 22.72 "PHO" "@" "SAS" "L" -8 1 23.7666666666667 0.972 1 11.2 24 18.1 0 0 3.4 12.2 15.6 172 124 13.1 5.5
"28" "14" 2010-12-23 22.73 "PHO" "" "MIA" "L" -12 1 26.7166666666667 0.652 0.571 8.2 13.8 10.8 0 0 2.8 30.3 23.2 90 107 6.9 -3.5
"29" "15" 2010-12-26 22.74 "PHO" "@" "LAC" "L" -5 1 9.8 0.333 0.333 24.5 0 13.4 0 5.2 0 40 23.1 62 109 -0.5 -18.8
"30" "16" 2010-12-29 22.75 "PHO" "" "PHI" "L" -13 1 13.2833333333333 0.68 0.6 16.4 0 9.4 0 0 5 0 20.5 150 137 6.6 -2.7
"31" "17" 2010-12-31 22.75 "PHO" "" "DET" "W" 17 1 12.5166666666667 0.41 0.25 21.9 8.9 14.7 0 0 0 17 23.5 91 94 1.5 -12.9
"32" "18" 2011-01-02 22.76 "PHO" "@" "SAC" "L" -5 1 12.25 0.4 0.4 7.7 9.6 8.5 0 0 0 16.7 23.6 71 114 0.5 -15.2
"33" "19" 2011-01-05 22.76 "PHO" "" "LAL" "L" -4 1 11.9333333333333 0.333 0.333 0 10.1 5.2 0 0 0 0 13.2 65 118 -0.6 -14.2
"34" "20" 2011-01-07 22.77 "PHO" "" "NYK" "L" -25 0 6.71666666666667 1 1 0 0 0 0 0 0 50 13.4 83 128 0.3 -10
"35" "21" 2011-01-09 22.78 "PHO" "" "CLE" "W" 8 1 28.5833333333333 0.689 0.7 8 11.4 10 6.2 1.7 6.7 8.4 17.6 130 100 14.2 3.7
"36" "22" 2011-01-11 22.78 "PHO" "@" "DEN" "L" -34 1 16.2 0.773 0.667 0 9 3.4 0 0 0 0 10 165 138 3.4 -4.2
"37" "23" 2011-01-12 22.78 "PHO" "" "NJN" "W" 9 1 20.9 0.652 0.625 0 12.1 6 0 0 0 19.2 22.7 96 109 4.8 -5.8
"38" "24" 2011-01-14 22.79 "PHO" "" "POR" "W" 4 1 21.6666666666667 0.694 0.6 12.7 5.2 8.5 0 0 3.5 29.4 21.3 106 118 5.1 -7
"39" "25" 2011-01-17 22.8 "PHO" "@" "NYK" "W" 8 1 16.6166666666667 0.545 0.545 0 13.1 6.7 10.4 2.9 9.5 0 27 119 109 9.2 2.9
"40" "26" 2011-01-19 22.8 "PHO" "@" "CLE" "W" 8 1 10.95 0.477 0.444 0 0 0 0 0 0 9.6 41.1 84 106 1.7 -16.5
"41" "27" 2011-01-21 22.81 "PHO" "@" "WAS" "W" 18 1 14.4333333333333 0.508 0.429 7.6 6.5 7 10.7 0 0 11.3 26.3 102 99 4.6 -3.7
"42" "28" 2011-01-22 22.81 "PHO" "@" "DET" "L" -1 1 14.4666666666667 0.5 0.5 8.1 13.8 11.2 0 0 4.7 0 14.4 107 93 4 1.7
"43" "29" 2011-01-24 22.82 "PHO" "@" "PHI" "L" -10 1 14.3833333333333 0.429 0.429 17.6 28.6 22.9 0 0 0 0 23.5 99 116 4.6 -5.2
"44" "30" 2011-01-26 22.82 "PHO" "" "CHA" "L" -7 1 15 0.5 0.5 7.3 8.9 8 0 0 0 20 15.6 90 139 0.8 -14.9
"45" "31" 2011-01-28 22.83 "PHO" "" "BOS" "W" 17 1 17.7833333333333 0.517 0.5 7.1 11.5 9.5 0 0 0 8.6 30.4 95 80 5.3 -1.5
"46" "32" 2011-01-30 22.83 "PHO" "" "NOH" "W" 2 1 16.7 0.571 0.429 22.7 16.6 19.2 0 0 0 10.2 28.6 119 112 7.5 -5.1
"47" "33" 2011-02-02 22.84 "PHO" "" "MIL" "W" 15 1 10.4166666666667 0.512 0.5 13.2 15.9 14.9 0 0 13.8 0 23.2 116 82 3.7 0
"48" "34" 2011-02-04 22.85 "PHO" "" "OKC" "L" -4 1 20.2 0.799 0.833 5.2 19.3 11.5 0 0 0 12.7 17.5 136 122 8.2 0.3
"49" "35" 2011-02-07 22.85 "PHO" "@" "GSW" "W" 12 1 14.6666666666667 0.525 0.333 7.3 0 3.6 0 7.2 0 0 15.3 123 97 5.6 1.7
"50" "36" 2011-02-10 22.86 "PHO" "" "GSW" "W" 24 1 15.4166666666667 0.542 0.375 35.6 14.2 23.6 0 0 4.4 0 32.2 139 94 10.9 0.5
"51" "37" 2011-02-11 22.87 "PHO" "@" "UTA" "W" 12 1 16.5833333333333 0.461 0.462 28.9 6.9 18.9 0 3.4 4.7 0 41.9 109 94 10.4 3.1
"52" "38" 2011-02-13 22.87 "PHO" "" "SAC" "L" -5 1 13.95 0.429 0.375 23.5 8 15.8 0 3.5 4.2 0 28.5 107 113 6.9 -2.6
"53" "39" 2011-02-15 22.88 "PHO" "" "UTA" "W" 1 1 11.45 0.205 0.25 0 0 0 0 0 0 29.1 28.7 28 113 -3.6 -27.1
"54" "40" 2011-02-17 22.88 "PHO" "" "DAL" "L" -6 1 24.8333333333333 0.658 0.667 18 44.6 30.6 0 2 7 9.2 19.9 128 105 14.8 6.4
"55" "41" 2011-02-23 22.9 "PHO" "" "ATL" "W" 8 1 15.5833333333333 0.621 0.667 9.6 15.8 13 0 7.1 4.6 0 20.9 125 96 9 8.6
"56" "42" 2011-02-25 22.9 "PHO" "@" "TOR" "W" 18 1 11.35 0.68 0.6 11.4 0 5.8 0 0 6.2 0 22.7 151 98 5.5 0.1
"57" "43" 2011-02-27 22.91 "PHO" "@" "IND" "W" 2 1 14.8 0.581 0.5 0 15.9 7.3 20.9 7 0 22.5 26.4 97 94 5.8 3.6
"58" "44" 2011-02-28 22.91 "PHO" "@" "NJN" "W" 1 1 23.05 0.751 0.75 4.9 15 9.9 0 2.3 0 0 19.4 147 101 11.8 4.9
"59" "45" 2011-03-02 22.92 "PHO" "@" "BOS" "L" -12 1 15.6 0.338 0.25 14.7 17.1 15.8 0 0 4.4 0 26.9 86 122 2.7 -13.5
"60" "46" 2011-03-04 22.92 "PHO" "@" "MIL" "W" 14 1 14.6666666666667 0.338 0.25 0 7.3 4 0 0 0 0 14.3 73 103 0.1 -10.7
"61" "47" 2011-03-06 22.93 "PHO" "@" "OKC" "L" -4 1 10.7333333333333 0.444 0.429 0 23 10.5 0 0 0 0 31.9 86 113 2.7 -8.4
"62" "48" 2011-03-08 22.93 "PHO" "" "HOU" "W" 3 1 12.05 0.6 0.6 0 0 0 0 0 0 28.6 25.6 77 122 0.9 -13.3
"63" "49" 2011-03-10 22.94 "PHO" "" "DEN" "L" -19 1 18.5166666666667 0.5 0.5 0 30.9 13.9 0 2.5 7.5 0 13 100 101 6.1 1.6
"64" "50" 2011-03-13 22.95 "PHO" "" "ORL" "L" -23 1 16.9333333333333 0.333 0.333 0 25.8 11.7 0 0 4.6 0 8 68 112 0.6 -9.5
"65" "51" 2011-03-14 22.95 "PHO" "@" "HOU" "L" -2 1 13.3833333333333 0.75 0.75 8.7 32.6 21.1 0 0 0 0 13.2 156 100 5.5 3
"66" "52" 2011-03-16 22.96 "PHO" "@" "NOH" "L" -5 1 12.1333333333333 0.205 0 0 33.9 15 0 4.4 12.6 45 17.3 24 91 0.5 -8
"67" "53" 2011-03-18 22.96 "PHO" "" "GSW" "W" 11 1 7.63333333333333 0.6 0.6 25.7 26.8 26.2 0 0 0 0 28.3 132 98 5.7 6.5
"68" "54" 2011-03-20 22.97 "PHO" "@" "LAC" "W" 9 1 12.3 0.205 0 0 10.8 5.1 0 0 12.2 29.1 13.4 32 103 -0.5 -12.7
"69" "55" 2011-03-22 22.97 "PHO" "@" "LAL" "L" -2 1 9.91666666666667 0.5 0.5 26.5 10.6 17.6 0 0 13.7 0 19.7 123 114 3.5 -3.5
"70" "56" 2011-03-23 22.98 "PHO" "" "TOR" "W" 8 1 14.8666666666667 0.571 0.571 7.3 34.3 21.3 0 0 3.8 0 20.6 116 104 7.6 0.3
"71" "57" 2011-03-25 22.98 "PHO" "" "NOH" "L" -6 1 3.9 NA NA 0 30.8 16.9 0 0 17.3 100 12.4 0 102 -1.6 -27.2
"72" "58" 2011-03-27 22.99 "PHO" "" "DAL" "L" -8 0 5.88333333333333 0.333 0.333 0 32.6 17.5 0 0 0 25 31 50 95 -0.5 -17.2
"73" "59" 2011-03-29 22.99 "PHO" "@" "SAC" "L" -3 0 4.88333333333333 0.25 0.25 39.3 25.2 33.1 0 0 0 0 34.7 82 114 0.9 -21.3
"74" "60" 2011-03-30 22.99 "PHO" "" "OKC" "L" -18 0 7.23333333333333 0.25 0.25 15.8 19 17.2 0 0 0 0 25.1 74 134 0.6 -14.2
"75" "61" 2011-04-01 23 "PHO" "" "LAC" "W" 13 0 6.96666666666667 0.5 0.5 0 49.2 24.6 20.2 0 12.8 33.3 19.4 77 88 1.9 0.7
"76" "62" 2011-04-03 23.01 "PHO" "@" "SAS" "L" -17 0 16.85 0.601 0.571 0 6.2 3.2 0 0 0 0 22.5 122 128 6.6 -1.5
"77" "63" 2011-04-05 23.01 "PHO" "@" "CHI" "L" -3 0 3.06666666666667 0 0 0 0 0 0 0 26.5 50 29.5 0 90 -2.6 -49.5
"78" "64" 2011-04-06 23.01 "PHO" "@" "MIN" "W" 10 0 6.2 0 0 0 16.8 9.4 0 0 0 0 21.9 0 106 -3 -34.7
"79" "65" 2011-04-08 23.02 "PHO" "@" "NOH" "L" -12 0 6.75 NA NA 18.7 20.3 19.5 0 0 10.8 100 7.3 57 111 -0.1 -11.6
"80" "66" 2011-04-10 23.02 "PHO" "@" "DAL" "L" -25 0 4.95 NA NA 0 0 0 0 0 0 NA 0 0 133 -0.4 -10.8
"81" "" 2011-04-11 23.03 "PHO" "" "MIN" "W" 8 NA NA NA NA NA NA NA NA NA NA NA NA NA NA NA NA
"82" "67" 2011-04-13 23.03 "PHO" "" "SAS" "W" 3 0 12.2166666666667 0.814 0.8 14.8 8.9 12.2 0 0 0 0 24 170 115 9.2 10.6
"1" "1" 2011-12-26 23.74 "PHO" "" "NOH" "L" -1 0 26.9166666666667 0.717 0.667 7.6 19.8 13.6 10.1 0 0 6.4 27 137 99 16.8 10.6
"2" "2" 2011-12-28 23.74 "PHO" "" "PHI" "L" -20 0 20.1666666666667 0.717 0.75 5.4 27.7 16.4 27.6 0 0 0 11.6 156 113 8.9 10.4
"3" "3" 2011-12-30 23.75 "PHO" "@" "NOH" "W" 15 0 17.45 0.34 0.2 6.4 0 2.6 0 0 0 14.5 19.4 72 103 -1 -16
"4" "4" 2011-12-31 23.75 "PHO" "@" "OKC" "L" -10 0 21.0333333333333 0.41 0.25 13.7 14.3 13.9 0 0 4.1 0 10.1 117 116 3.8 -7.6
"5" "5" 2012-01-02 23.76 "PHO" "" "GSW" "W" 11 0 12.2833333333333 0.333 0.333 0 39.1 18.4 0 0 7.1 40 18.2 40 95 -0.2 -12.8
"6" "6" 2012-01-04 23.76 "PHO" "@" "DAL" "L" -9 0 10.4166666666667 0.725 1 0 0 0 0 0 0 0 12.3 146 118 2.5 -0.2
"7" "7" 2012-01-06 23.77 "PHO" "" "POR" "W" 25 0 18.35 0.46 0.4 20.7 50.1 36.9 8.2 2.9 4.5 42.4 23.7 73 66 3.1 -7.5
"8" "8" 2012-01-08 23.77 "PHO" "" "MIL" "W" 16 0 19.3833333333333 0.25 0.25 0 16.2 9.5 0 0 0 33.3 15.1 33 106 -3.5 -21.4
"9" "9" 2012-01-10 23.78 "PHO" "@" "LAL" "L" -16 0 12.6833333333333 0 0 0 18.9 9 0 0 0 34.7 11.3 0 116 -2.7 -19.7
"10" "10" 2012-01-12 23.78 "PHO" "" "CLE" "L" -11 0 5.26666666666667 0.532 0 22.2 0 10.6 0 0 26 0 17.3 139 104 2.6 3.3
"11" "11" 2012-01-13 23.79 "PHO" "" "NJN" "L" -7 0 15.5 1.136 NA 8.6 18.2 13.3 7.6 0 0 36.2 8.6 163 126 4.2 -2.2
"12" "12" 2012-01-15 23.79 "PHO" "@" "SAS" "L" -11 0 11.2166666666667 0.129 0 8.6 11 9.6 0 0 0 0 15.2 45 111 -1.3 -14.8
"13" "13" 2012-01-17 23.8 "PHO" "@" "CHI" "L" -21 0 17.3 0.913 0.857 23.1 19.4 21.1 0 0 3.6 0 24 190 126 16.8 17.5
"14" "14" 2012-01-18 23.8 "PHO" "@" "NYK" "W" 3 0 9.75 0.425 0.4 25.2 0 10.7 0 5.1 13.9 0 28.6 99 84 4.1 0.6
"15" "15" 2012-01-20 23.81 "PHO" "@" "BOS" "W" 8 0 9.91666666666667 0.798 1 0 22.5 12.7 0 0 7.6 34.7 14.4 90 80 2.6 2.6
"16" "16" 2012-01-23 23.81 "PHO" "@" "DAL" "L" -6 0 10.6166666666667 0.5 0.5 0 0 0 0 0 8.1 33.3 12.1 62 106 -0.5 -11.9
"17" "17" 2012-01-24 23.82 "PHO" "" "TOR" "L" -3 0 3.76666666666667 0 0 0 0 0 0 0 0 0 12.2 0 114 -1.5 -26.2
"18" "" 2012-01-27 23.82 "PHO" "@" "POR" "L" -38 NA NA NA NA NA NA NA NA NA NA NA NA NA NA NA NA
"19" "" 2012-01-28 23.83 "PHO" "" "MEM" "W" 2 NA NA NA NA NA NA NA NA NA NA NA NA NA NA NA NA
"20" "18" 2012-01-30 23.83 "PHO" "" "DAL" "L" -23 0 12 0.25 0.25 9.8 11.1 10.4 12.9 0 13.3 0 15.9 80 128 2.7 -4.4
"21" "19" 2012-02-01 23.84 "PHO" "@" "NOH" "W" 17 0 3.63333333333333 0 0 0 36.7 19.4 0 0 0 50 25.6 0 113 -1.8 -36.2
"22" "20" 2012-02-03 23.84 "PHO" "@" "HOU" "L" -18 0 8.48333333333333 0.5 0.5 38.6 38.6 38.6 0 0 7.6 0 21.5 120 97 5.7 7.9
"23" "21" 2012-02-04 23.85 "PHO" "" "CHA" "W" 6 0 19.5833333333333 0.637 0.5 9.8 21.8 15.5 0 2.8 4.4 0 24.4 142 94 12.1 6.2
"24" "22" 2012-02-06 23.85 "PHO" "@" "ATL" "W" 9 0 12.5833333333333 0.5 0.5 22.4 24.9 23.8 0 0 0 14.3 27.5 99 105 3.5 -9.5
"25" "23" 2012-02-07 23.85 "PHO" "@" "MIL" "W" 2 0 11.0833333333333 0.333 0.333 19.2 0 10.3 0 0 7.1 0 35.6 89 118 2.6 -14.3
"26" "24" 2012-02-09 23.86 "PHO" "" "HOU" "L" -7 0 6.48333333333333 0 0 20 0 9.9 0 0 0 0 23.6 27 121 -1.4 -25.7
"27" "25" 2012-02-11 23.87 "PHO" "@" "SAC" "W" 14 0 7.1 NA NA 0 28.8 16.9 0 0 0 100 6.8 0 92 -0.8 -13.7
"28" "26" 2012-02-13 23.87 "PHO" "@" "GSW" "L" -6 0 5 0 0 24 62.6 44.7 0 0 0 0 18.4 37 97 -0.2 -19.9
"29" "27" 2012-02-14 23.87 "PHO" "@" "DEN" "L" -17 0 12.6 0.127 0 0 10 4.1 0 7.3 6 11.3 26.6 29 92 -2.1 -16.3
"30" "28" 2012-02-15 23.88 "PHO" "" "ATL" "L" -2 0 7.76666666666667 0.665 1 0 0 0 0 0 0 34.7 35.3 66 116 0 -18.4
"31" "29" 2012-02-17 23.88 "PHO" "@" "LAL" "L" -12 0 5.76666666666667 0.333 0.333 17 0 9.5 0 8 0 0 22.2 81 100 2 -2.6
"32" "30" 2012-02-19 23.89 "PHO" "" "LAL" "W" 12 0 5.2 0.532 0 20.1 0 10.7 0 9.8 15.4 0 16.5 140 72 2.9 7.7
"33" "31" 2012-02-20 23.89 "PHO" "" "WAS" "W" 16 0 5.1 0.568 NA 0 0 0 0 0 14.7 0 7.9 123 88 0.5 -3.9
"34" "32" 2012-02-22 23.9 "PHO" "" "GSW" "L" -2 0 7.4 1 1 13.8 29.5 21.4 0 0 10.1 0 17.9 201 113 7.1 23.5
"35" "33" 2012-03-01 23.92 "PHO" "" "MIN" "W" 9 0 13.3333333333333 0.725 0 22.5 29.4 26.7 8.6 0 9.9 26.6 13 139 95 5.4 4.4
"36" "34" 2012-03-02 23.92 "PHO" "" "LAC" "W" 3 0 12.6166666666667 1 1 0 0 0 0 0 0 0 3.6 200 102 1.3 -2.9
"37" "35" 2012-03-04 23.93 "PHO" "" "SAC" "W" 8 0 17.65 0.444 0.429 17.4 9.9 13.3 8.5 0 6.3 0 19.5 115 94 7.3 4.3
"38" "36" 2012-03-07 23.93 "PHO" "@" "OKC" "L" -11 0 8.23333333333333 0.543 0 25.9 12.4 19 0 0 0 0 13.8 146 120 3.2 -1.5
"39" "37" 2012-03-08 23.94 "PHO" "" "DAL" "W" 2 0 7.83333333333333 0.75 0.75 0 0 0 0 0 0 0 25 140 112 4.4 6.8
"40" "38" 2012-03-10 23.94 "PHO" "" "MEM" "W" 7 0 16.85 0.427 0.417 39.7 6.3 22.7 0 3.1 11.9 7.2 36.4 103 89 10.4 4.1
"41" "39" 2012-03-12 23.95 "PHO" "" "MIN" "L" -3 0 24.2166666666667 0.587 0.4 5.4 10.2 7.8 0 0 8.9 19 19.2 106 132 7.1 -7.3
"42" "40" 2012-03-14 23.95 "PHO" "" "UTA" "W" 9 0 13.6333333333333 0.727 0.667 0 17.2 9.3 0 0 4.6 0 11.6 141 112 3.8 -3
"43" "41" 2012-03-15 23.96 "PHO" "@" "LAC" "W" 4 0 18.6166666666667 0.667 0.667 13.6 0 6.4 11.9 0 3.7 0 15.9 147 113 7.8 4.9
"44" "42" 2012-03-16 23.96 "PHO" "" "DET" "W" 8 0 19.95 0.665 0.571 6.3 21.2 13.4 7.7 0 0 8.7 26.2 135 116 10 -0.7
"45" "43" 2012-03-18 23.96 "PHO" "" "HOU" "W" 13 0 15.55 0.68 0.6 14.4 7 10.6 0 3.4 8.7 14.5 20.7 125 91 8.4 7.3
"46" "44" 2012-03-20 23.97 "PHO" "@" "MIA" "L" -4 0 12.9166666666667 0.381 0.286 26.5 9.3 18.1 0 4.1 0 0 26.7 106 106 4.1 -5.2
"47" "45" 2012-03-21 23.97 "PHO" "@" "ORL" "L" -10 0 22.05 0.53 0.545 27.2 15.2 21 8.7 2.4 0 7 29.6 116 111 11.4 2
"48" "46" 2012-03-23 23.98 "PHO" "@" "IND" "W" 2 0 15.0166666666667 0.317 0.286 30.4 0 16.8 0 0 4.6 11.3 25.7 88 123 2.2 -13.7
"49" "47" 2012-03-25 23.98 "PHO" "@" "CLE" "W" 25 0 18.1166666666667 0.218 0.167 6.6 13.6 10.1 0 3 4.9 12.7 20 54 91 0 -15.7
"50" "48" 2012-03-27 23.99 "PHO" "" "SAS" "L" -7 0 11.2166666666667 0.387 0.333 10.4 9.5 10 0 0 0 20.5 20.8 76 123 0.5 -11.9
"51" "49" 2012-03-28 23.99 "PHO" "@" "LAC" "L" -17 0 17.8833333333333 0.543 0.429 11.4 13.1 12.2 0 0 0 9.8 26.3 108 117 6.1 -2.2
"52" "50" 2012-04-01 24 "PHO" "" "NOH" "W" 17 0 21.4 0.753 0.5 6.1 10.4 8.4 14.7 0 6.6 23.1 19.5 129 84 8.9 7.8
"53" "51" 2012-04-03 24.01 "PHO" "@" "SAC" "W" 9 0 14.05 0.63 0.333 15.2 22.8 19 9.3 0 4.6 17.4 17.1 129 100 6.2 2.8
"54" "52" 2012-04-04 24.01 "PHO" "@" "UTA" "W" 2 0 18.1 0.433 0.2 10.4 34.9 20.9 0 5.6 15.2 0 19.2 111 88 9.6 4.9
"55" "53" 2012-04-06 24.01 "PHO" "@" "DEN" "L" -6 0 13.75 0.333 0.333 16.2 26.9 22 0 0 5.4 25 12.6 75 107 2.2 -5.8
"56" "54" 2012-04-07 24.02 "PHO" "" "LAL" "W" 20 0 20.2333333333333 0.527 0.5 0 10.1 5.3 0 2.5 8.1 0 14.8 110 106 6.7 -1
"57" "55" 2012-04-09 24.02 "PHO" "@" "MIN" "W" 24 0 21.9 0.387 0.333 0 14.6 8.5 10.3 0 10.8 11.4 18.1 82 90 3.2 -3.7
"58" "56" 2012-04-11 24.03 "PHO" "@" "MEM" "L" -11 0 13.1833333333333 1 1 0 20.8 9.8 0 4.4 0 0 3.7 200 117 2.9 -0.1
"59" "57" 2012-04-13 24.03 "PHO" "@" "HOU" "W" 7 0 11.8166666666667 0.5 0.5 11.6 0 4.9 0 0 0 33.3 11.7 82 115 -0.9 -13.4
"60" "58" 2012-04-14 24.04 "PHO" "@" "SAS" "L" -14 0 19.7166666666667 0.571 0.571 34.2 6.8 23.6 8.6 2.5 0 22.2 18.9 114 111 10.3 2.6
"61" "59" 2012-04-16 24.04 "PHO" "" "POR" "W" 18 0 18.5666666666667 0.595 0.6 8.6 5.5 6.7 6 0 15.2 14.5 17.2 115 109 5.8 -2
"62" "60" 2012-04-18 24.05 "PHO" "" "OKC" "L" -12 0 14.1166666666667 0.814 0.8 0 16.2 7.6 0 0 5.3 0 20.7 165 113 9.2 12.6
"63" "61" 2012-04-19 24.05 "PHO" "" "LAC" "W" 3 0 11.6666666666667 0.644 0.667 10 9.8 9.9 0 0 0 0 16 137 109 3.5 -0.4
"64" "62" 2012-04-21 24.05 "PHO" "" "DEN" "L" -11 0 14.6833333333333 0.752 0.75 13.6 28 19.7 0 0 8.8 27.3 20.5 112 120 6.9 -0.1
"65" "63" 2012-04-24 24.06 "PHO" "@" "UTA" "L" -12 0 19.4333333333333 0.554 0.6 0 19.8 10.1 0 2.5 3.3 0 14.3 107 94 5.6 3.2
"66" "64" 2012-04-25 24.07 "PHO" "" "SAS" "L" -4 0 24.5833333333333 0.714 0.714 8.7 13.6 11.1 5.5 0 8.9 12.5 13.9 133 111 10.8 4.9
"1" "1" 2012-10-31 24.58 "NOH" "" "SAS" "L" -4 1 25.5333333333333 0.4 0.4 13.4 25.6 19.7 20.5 0 3.1 16.7 21.9 86 105 6.5 -2.5
"2" "2" 2012-11-02 24.59 "NOH" "" "UTA" "W" 2 1 35.8833333333333 0.578 0.563 10 11.6 10.9 0 0 2.3 5.7 23.5 116 105 13.2 -0.5
"3" "3" 2012-11-03 24.59 "NOH" "@" "CHI" "W" 7 1 32.75 0.68 0.7 4.2 17.6 12.1 0 1.6 8.3 20.3 21.4 107 87 14.3 6.9
"4" "4" 2012-11-07 24.6 "NOH" "" "PHI" "L" -15 1 31.6 0.429 0.429 3.4 10.1 6.8 8.2 3.5 9.8 0 11.1 95 81 9 4.5
"5" "5" 2012-11-09 24.61 "NOH" "" "CHA" "W" 8 1 26.0833333333333 0.75 0.75 0 30.7 15.9 4.9 0 3 0 7.3 157 110 7.5 -1.1
"6" "6" 2012-11-14 24.62 "NOH" "@" "HOU" "L" -4 1 21.4166666666667 0.425 0.4 0 6.2 2.9 7.6 2.5 4.4 14.5 14.9 80 109 2.4 -6
"7" "7" 2012-11-16 24.63 "NOH" "" "OKC" "L" -15 1 28.7 0.542 0.375 7.6 0 4.4 0 0 3.7 8.3 19.9 117 133 7.9 -5.9
"8" "8" 2012-11-17 24.63 "NOH" "@" "MIL" "L" -4 1 19.0666666666667 1 1 7.6 11.4 9.8 24.4 0 3.7 0 9.5 209 125 10.5 12
"9" "9" 2012-11-20 24.64 "NOH" "" "NYK" "L" -22 1 16.6 0.661 0.714 28.2 6.6 17 0 0 6.2 37.5 42.2 83 120 4.1 -11.8
"10" "10" 2012-11-21 24.64 "NOH" "@" "IND" "L" -8 1 33.45 0.429 0.176 23.1 19.4 21.2 4.6 3.4 9.8 7.6 37.2 107 111 18.5 3.1
"11" "11" 2012-11-23 24.65 "NOH" "@" "PHO" "L" -3 1 41.5166666666667 0.444 0.444 0 19.9 11.8 11 0 7.9 18.2 13.5 85 113 7.1 -4.5
"12" "12" 2012-11-25 24.65 "NOH" "@" "DEN" "L" -18 1 26.1666666666667 0.509 0.5 15.6 5.4 11.3 8.3 4.2 11.8 0 23.4 117 104 15.8 12.1
"13" "13" 2012-11-26 24.65 "NOH" "@" "LAC" "W" 7 1 21.3666666666667 0.333 0.333 0 12.1 6.6 0 0 5.3 0 14 71 114 1.1 -9.9
"14" "14" 2012-11-28 24.66 "NOH" "" "UTA" "L" -12 1 29.1833333333333 0.773 0.778 11 20.6 15 0 0 0 20.5 23.8 122 111 13.2 4.8
"15" "15" 2012-12-01 24.67 "NOH" "" "OKC" "L" -21 1 27.8166666666667 0.667 0.667 13.8 9.1 11.8 8.8 4 2.7 18.2 18.3 114 110 12.1 4.9
"16" "16" 2012-12-03 24.67 "NOH" "" "MIL" "W" 21 1 23.1 0.861 0.8 24.4 0 10.8 15.8 5.3 3.6 0 26.7 188 104 23.3 24.8
"17" "17" 2012-12-05 24.68 "NOH" "" "LAL" "L" -16 1 26.2833333333333 0.759 0.778 7.5 8.5 7.9 8.2 0 17.6 9.2 18.9 136 106 14.3 9
"18" "18" 2012-12-07 24.68 "NOH" "" "MEM" "L" -7 1 20.05 0.167 0.167 0 20.5 9.6 0 2.8 4.4 40 25.9 20 108 -4 -24.8
"19" "19" 2012-12-08 24.69 "NOH" "@" "MIA" "L" -16 1 30.2 0.791 0.7 11.9 29.4 19 0 0 2.7 0 19.9 170 116 19.3 10.4
"20" "20" 2012-12-11 24.7 "NOH" "" "WAS" "L" -7 1 22.4333333333333 0.333 0.333 21 20.6 20.8 9 0 17 57.1 14.3 55 75 5.1 -1.5
"21" "21" 2012-12-12 24.7 "NOH" "@" "OKC" "L" -4 1 19.85 0.375 0.375 20.2 25.5 22.5 9.4 0 17.3 0 19.3 105 98 9.1 7.2
"22" "22" 2012-12-14 24.7 "NOH" "" "MIN" "L" -11 1 25.4833333333333 0.5 0.5 5.7 0 2.7 0 0 2.7 9.1 21.5 94 132 4.6 -11.1
"23" "23" 2012-12-16 24.71 "NOH" "@" "POR" "L" -1 1 20 0.5 0.5 6.3 11.7 9.1 9.1 0 0 11.1 21.5 107 123 4.2 -6.7
"24" "24" 2012-12-18 24.72 "NOH" "@" "GSW" "L" -7 1 14.7 0.6 0.6 0 7.8 4.2 0 3.7 0 16.7 20.3 90 117 2.4 -9.2
"25" "25" 2012-12-19 24.72 "NOH" "@" "LAC" "L" -16 1 27.5833333333333 0.652 0.625 24.9 14.1 19.8 15 0 6.4 10.6 31.4 125 107 18.4 14.4
"26" "26" 2012-12-21 24.72 "NOH" "@" "SAS" "L" -5 1 25.5166666666667 0.714 0.714 8.4 21.5 14.1 6.4 2 3.2 12.5 14.3 132 102 11.1 7.7
"27" "27" 2012-12-22 24.73 "NOH" "" "IND" "L" -6 1 37.9666666666667 0.711 0.688 11 22.1 16.2 6.6 3.1 12.6 0 22 153 89 27.4 19.4
"28" "28" 2012-12-26 24.74 "NOH" "@" "ORL" "W" 3 1 32.9 0.949 0.9 4.2 7.5 5.9 0 0 8.9 6.1 25.6 183 114 27.2 15.9
"29" "29" 2012-12-28 24.74 "NOH" "" "TOR" "L" -7 1 27.9333333333333 0.441 0.375 13.2 19.4 16.5 6.1 0 0 16.4 21.3 90 111 5.7 -6.1
"30" "30" 2012-12-29 24.75 "NOH" "@" "CHA" "W" 3 1 26.1333333333333 0.571 0.571 17.1 14.9 16.1 6.6 0 10.6 12.5 13.7 120 105 10.5 1.6
"31" "31" 2013-01-01 24.75 "NOH" "" "ATL" "L" -9 1 25.5 0.556 0.556 12.8 9 10.9 7.1 0 0 10 18.8 115 120 7.7 -1.1
"32" "32" 2013-01-02 24.76 "NOH" "@" "HOU" "L" -12 1 17.5333333333333 0.5 0.5 21.1 25.5 23.1 12.7 0 0 0 30.2 116 113 10.3 6.4
"33" "33" 2013-01-05 24.76 "NOH" "@" "DAL" "W" 3 1 28.25 0.507 0.5 4.5 21.3 13.1 6 2 0 0 16.2 109 102 8.5 0
"34" "34" 2013-01-07 24.77 "NOH" "" "SAS" "W" 7 1 20.3666666666667 0.667 0.667 19.1 19.1 19.1 0 0 0 33.3 20.7 93 106 5 -6.6
"35" "35" 2013-01-09 24.78 "NOH" "" "HOU" "W" 9 1 22.4666666666667 0.709 0.667 14.2 0 7.5 0 2.4 8.9 16.8 23.7 120 91 11.4 5.7
"36" "36" 2013-01-11 24.78 "NOH" "" "MIN" "W" 12 1 26.7833333333333 0.667 0.667 4.8 23.6 14.3 8.9 0 7 0 5.4 161 101 6.5 2.2
"37" "37" 2013-01-13 24.79 "NOH" "@" "NYK" "L" -13 1 28.5333333333333 0.357 0.357 10.7 7.5 9.1 13.7 1.9 3.3 6.7 24.1 85 112 5.8 -2.6
"38" "38" 2013-01-15 24.79 "NOH" "@" "PHI" "W" 12 1 22.7333333333333 0.444 0.444 17.1 9.8 13.2 0 0 10.4 0 18.1 120 109 7.7 -2.4
"39" "39" 2013-01-16 24.79 "NOH" "@" "BOS" "W" 12 1 26.4166666666667 0.666 0.636 19.1 8.5 13.5 0 0 0 13.6 26.4 125 92 11.9 4.2
"40" "40" 2013-01-19 24.8 "NOH" "" "GSW" "L" -4 1 19.3666666666667 0.5 0.5 0 0 0 5.8 0 4.5 33.3 7.1 80 132 0.6 -9.6
"41" "41" 2013-01-21 24.81 "NOH" "" "SAC" "W" 9 1 27.0666666666667 0.477 0.444 16.1 4.3 10.4 4.9 2 0 17.5 17.9 106 118 6.3 -5.6
"42" "42" 2013-01-23 24.81 "NOH" "@" "SAS" "L" -4 1 14.5333333333333 0.47 0.429 7.7 0 3.9 11.8 0 6 0 23.6 110 117 5.4 -0.4
"43" "43" 2013-01-25 24.82 "NOH" "" "HOU" "L" -18 1 18.1333333333333 0.615 0.5 0 15.1 6.8 0 0 0 0 12.4 133 118 4.2 -2.2
"44" "44" 2013-01-27 24.82 "NOH" "@" "MEM" "W" 8 1 17.0166666666667 0.581 0.5 28.9 11.1 18.8 0 0 0 0 19 145 103 7.6 1.6
"45" "45" 2013-01-29 24.83 "NOH" "@" "LAL" "L" -5 1 33.3 0.707 0.7 17.7 11.4 14.9 10 1.5 0 20.9 18.7 125 115 14.3 1.9
"46" "46" 2013-01-30 24.83 "NOH" "@" "UTA" "L" -5 1 38.1833333333333 0.512 0.5 11.7 15.7 13.6 4.3 1.4 9 6.4 19.2 111 107 13.6 0.3
"47" "47" 2013-02-01 24.84 "NOH" "@" "DEN" "L" -15 1 14.5166666666667 0.888 0.833 0 17.4 9.7 15.4 0 10.7 0 23.7 182 114 12.7 19
"48" "48" 2013-02-02 24.84 "NOH" "@" "MIN" "L" -29 1 25.25 0.735 0.7 0 11.2 5.3 0 2 0 21.6 24.5 106 125 9.6 -0.3
"49" "49" 2013-02-06 24.85 "NOH" "" "PHO" "W" 9 1 28.7 0.698 0.714 22 14.3 18.3 5.5 2 5.3 11.3 15.9 138 98 13 3.6
"50" "50" 2013-02-08 24.86 "NOH" "@" "ATL" "W" 11 1 38.4333333333333 0.599 0.667 12.8 13.1 13 10.7 0 7.5 0 16.6 137 104 17.6 6
"51" "51" 2013-02-10 24.86 "NOH" "@" "TOR" "L" -13 1 26.55 0.575 0.538 0 18.5 10 0 0 2.9 5.7 32.7 110 118 11.6 0.2
"52" "52" 2013-02-11 24.87 "NOH" "@" "DET" "W" 19 1 37.6833333333333 0.757 0.692 13.8 14.4 14.2 0 1.4 4.1 6.2 20 151 94 23.1 7.3
"53" "53" 2013-02-13 24.87 "NOH" "" "POR" "W" 36 1 20.6333333333333 0.363 0.333 10.6 10.8 10.7 0 0 0 12.7 18.2 83 81 1.8 -11.2
"54" "54" 2013-02-19 24.89 "NOH" "" "CHI" "L" -9 1 21.1333333333333 0.266 0 5.2 16.2 10.6 6.5 0 6.4 34.7 6.1 64 105 2.6 -4.1
"55" "55" 2013-02-20 24.89 "NOH" "@" "CLE" "L" -5 1 15.55 0.644 0.556 28.1 0 12.7 0 0 0 20.5 45.8 114 128 7 -10.7
"56" "56" 2013-02-22 24.9 "NOH" "" "DAL" "L" -4 1 15.95 0.515 0.333 0 0 0 0 0 0 20.5 12.9 89 123 0.9 -10.4
"57" "57" 2013-02-24 24.9 "NOH" "" "SAC" "W" 15 1 26.75 0.545 0.545 12.8 17.1 15 5.2 0 5.6 0 18.9 130 109 11.7 0.3
"58" "58" 2013-02-26 24.91 "NOH" "" "BRK" "L" -4 1 28.15 0.625 0.556 8.3 22.4 15.1 5.4 2 6.1 0 19 142 115 14.9 6.6
"59" "59" 2013-02-27 24.91 "NOH" "@" "OKC" "L" -45 1 31.3166666666667 0.298 0.2 3.6 4.9 4.2 0 0 7.9 0 18.6 68 143 2.7 -9.7
"60" "60" 2013-03-01 24.92 "NOH" "" "DET" "W" 5 1 31.2 0.417 0.417 9.8 7.7 8.8 0 0 13 7.7 18.9 97 106 7.2 -4.8
"61" "61" 2013-03-04 24.92 "NOH" "" "ORL" "L" -3 1 10.7833333333333 0.846 0.75 33.4 11.1 22.3 18.8 0 0 27.3 31.8 135 122 6.9 1.5
"62" "62" 2013-03-06 24.93 "NOH" "" "LAL" "L" -6 1 40.3333333333333 0.416 0.308 13.2 16.6 14.9 0 1.3 4.8 6 17.4 102 112 10.6 -4.7
"63" "63" 2013-03-09 24.94 "NOH" "@" "MEM" "L" -11 1 21.9833333333333 0.255 0.2 5.5 0 2.6 0 0 0 0 13 69 121 -0.2 -9.9
"64" "64" 2013-03-10 24.94 "NOH" "" "POR" "W" 2 1 18.5166666666667 0.375 0.375 18.1 7.4 13.3 8 0 10.2 20 25.2 85 114 3.7 -10.1
"65" "65" 2013-03-12 24.95 "NOH" "@" "BRK" "L" -10 1 37.1666666666667 0.663 0.6 19 9.9 14.2 0 0 2 15 17.6 128 135 11.9 -4.4
"66" "66" 2013-03-15 24.95 "NOH" "@" "WAS" "L" -9 1 26.2833333333333 0.75 0.75 8.9 0 4.6 12.4 0 0 33.3 11 112 121 4.4 -2.4
"67" "67" 2013-03-17 24.96 "NOH" "@" "MIN" "L" -2 1 33.5 0.635 0.571 28.7 15.4 23.2 5.2 0 2.9 20.2 25.7 121 118 15.7 0.5
"68" "68" 2013-03-18 24.96 "NOH" "" "GSW" "L" -21 1 21.7666666666667 0.2 0.2 8.6 0 5.2 9.3 0 0 0 21.7 58 118 -0.5 -13.3
"69" "69" 2013-03-20 24.97 "NOH" "" "BOS" "W" 1 1 23.1166666666667 0.4 0.4 11.9 10.9 11.4 7.7 0 3.6 28.6 14.5 75 102 1.9 -7.8
"70" "70" 2013-03-22 24.97 "NOH" "" "MEM" "W" 7 1 29.8833333333333 0.763 0.75 25.4 14.6 19.6 0 2 10.2 11.7 27.7 143 94 23 16.7
"71" "71" 2013-03-25 24.98 "NOH" "" "DEN" "W" 24 1 22.3333333333333 0.463 0.455 22.6 16.5 19.5 14.2 2.6 12.9 20.2 30.9 98 97 8.9 -3
"72" "72" 2013-03-27 24.99 "NOH" "" "LAC" "L" -14 1 28.9833333333333 0.468 0.462 25.1 13.4 18.9 13.2 0 3.8 6.7 26.6 112 134 11 -0.4
"73" "73" 2013-03-29 24.99 "NOH" "" "MIA" "L" -19 1 18.4 0.615 0.5 7.5 20.1 12.8 0 0 6.2 29.1 17.8 94 126 4 -4.5
"74" "74" 2013-03-31 25 "NOH" "" "CLE" "W" 20 1 15.8166666666667 0.255 0.2 32.8 0 16 0 0 9.5 25.4 23.7 75 93 0.5 -17.1
"75" "75" 2013-04-03 25.01 "NOH" "@" "GSW" "L" -10 1 34 0.666 0.636 9.4 13.8 11.5 6.1 0 2.4 23.9 22.5 102 112 11.6 -0.2
"76" "76" 2013-04-05 25.01 "NOH" "@" "UTA" "L" -12 1 35.3 0.607 0.556 7 18.9 12.7 5.4 1.6 2.7 0 13.2 141 109 13 6.4
"77" "77" 2013-04-07 25.02 "NOH" "@" "PHO" "W" 3 1 17.6833333333333 0.383 0.3 6.2 19.4 12.6 0 0 9.2 0 29.6 95 98 5.4 -2.9
"78" "78" 2013-04-09 25.02 "NOH" "@" "LAL" "L" -8 1 29.1666666666667 0.635 0.571 4 8.9 6.3 0 1.7 6.1 20.2 15.2 101 108 7.2 -1.3
"79" "79" 2013-04-10 25.02 "NOH" "@" "SAC" "L" -11 1 22.3 0.903 0.875 15.7 11.6 13.8 9.4 0 3.3 31.1 31.4 123 128 14.3 2
"80" "80" 2013-04-12 25.03 "NOH" "" "LAC" "L" -3 1 38.3166666666667 0.535 0.5 20 12.8 16.9 5 0 2.4 5.3 21.5 124 109 17.4 5.2
"81" "81" 2013-04-14 25.04 "NOH" "" "DAL" "L" -18 1 32.2 0.46 0.4 14.3 33.1 22 11 0 2.3 8.4 16.9 114 124 11.2 -1.5
"82" "82" 2013-04-17 25.04 "NOH" "@" "DAL" "L" -12 1 32.7 0.589 0.545 18.7 22 20.1 0 0 0 14.4 17.7 122 113 12.6 1.2
"1" "1" 2013-10-30 25.58 "POR" "@" "PHO" "L" -13 1 33.5666666666667 0.26 0.25 3 3.7 3.3 9.1 3.1 4.5 14.8 9.2 66 109 3 -3.5
"2" "2" 2013-11-01 25.59 "POR" "@" "DEN" "W" 15 1 21.6833333333333 0.2 0.2 13 7.5 10.1 0 0 5.5 0 9.5 82 105 1 -9.8
"3" "3" 2013-11-02 25.59 "POR" "" "SAS" "W" 10 1 39.75 0.6 0.6 12.1 8.2 9.8 3.2 0 2.9 0 11.5 136 112 12.1 1
"4" "4" 2013-11-05 25.6 "POR" "" "HOU" "L" -15 1 17.5833333333333 0 0 22.7 18.8 21.3 15.2 2.8 15.5 25 9.6 73 109 2.8 -2.9
"5" "5" 2013-11-08 25.61 "POR" "" "SAC" "W" 13 1 31.4166666666667 0.564 0.5 13.5 3.5 7.8 4.6 0 2.4 9.3 15.7 122 104 7.8 -2.8
"6" "6" 2013-11-09 25.61 "POR" "@" "SAC" "W" 11 1 32.6333333333333 0.475 0.4 20.1 14.4 17.3 4.9 1.8 0 13.7 20.8 109 102 10.1 -3.5
"7" "7" 2013-11-11 25.61 "POR" "" "DET" "W" 6 1 32.9666666666667 0.751 0.7 15.7 17.8 16.9 4.6 1.7 0 15 18.7 141 115 16.7 3.4
"8" "8" 2013-11-13 25.62 "POR" "" "PHO" "W" 1 1 28.2166666666667 0.509 0.455 18.9 36.2 27.7 0 0 2.4 13.6 22.8 105 90 12.1 3.9
"9" "9" 2013-11-15 25.62 "POR" "@" "BOS" "W" 13 1 35.9333333333333 0.387 0.333 3.5 28 16.5 0 0 2.1 20.5 5.9 76 98 3.2 -3.5
"10" "10" 2013-11-17 25.63 "POR" "@" "TOR" "W" 8 1 23.7666666666667 0.798 0.5 8.7 14.5 11.5 0 0 5.8 21 8.6 145 104 5.3 -2
"11" "11" 2013-11-18 25.63 "POR" "@" "BRK" "W" 10 1 24.5666666666667 0.75 0.75 11.2 19.2 15.9 11.1 0 2.7 20 9.8 140 109 7.2 3.3
"12" "12" 2013-11-20 25.64 "POR" "@" "MIL" "W" 9 1 30.7166666666667 0.508 0.429 17 11.4 14.4 5.2 1.7 2.4 11.3 12.8 118 93 9.3 -1.8
"13" "13" 2013-11-22 25.64 "POR" "" "CHI" "W" 3 1 35.85 0.597 0.6 23.8 23.3 23.5 0 0 1.9 15.5 16.2 120 104 14.3 -0.7
"14" "14" 2013-11-23 25.65 "POR" "@" "GSW" "W" 12 1 34.5666666666667 0.571 0.571 11.3 21.4 15.8 0 1.4 11.6 12.5 9.5 116 91 12 2.7
"15" "15" 2013-11-25 25.65 "POR" "" "NYK" "W" 11 1 34.9833333333333 0.58 0.5 12.5 8.9 10.7 0 0 2 0 10.5 141 105 9.6 -0.8
"16" "16" 2013-11-27 25.66 "POR" "@" "PHO" "L" -14 1 22.6 0.506 0.444 37.8 11.5 25.9 13.9 0 0 28.8 27.2 102 137 7.7 -7.6
"17" "17" 2013-12-01 25.67 "POR" "@" "LAL" "W" 6 1 28.5666666666667 0.558 0.444 21.5 21.9 21.7 0 1.8 0 8.5 17.3 129 111 11.3 -3.6
"18" "18" 2013-12-02 25.67 "POR" "" "IND" "W" 4 1 31.9166666666667 0.515 0.333 3.9 21 12.8 9.1 0 2.3 11.4 12.6 109 104 6.6 0
"19" "19" 2013-12-04 25.68 "POR" "" "OKC" "W" 7 1 33.1166666666667 0.545 0.545 18.9 13.2 16.1 0 0 7.4 0 13.7 136 108 14.1 3
"20" "20" 2013-12-06 25.68 "POR" "" "UTA" "W" 32 1 22.65 0.581 0.5 11.2 12.5 11.9 5.3 0 2.6 0 12.7 155 105 8.3 -0.2
"21" "21" 2013-12-07 25.68 "POR" "" "DAL" "L" -2 1 33.9333333333333 0.709 0.667 24.6 21.2 23 4.6 0 4 9.2 13.6 152 112 17.8 5.5
"22" "22" 2013-12-09 25.69 "POR" "@" "UTA" "W" 11 1 34.1166666666667 0.727 0.667 9.8 25.6 17.8 0 0 1.9 16.2 16.5 128 103 14.3 1.8
"23" "23" 2013-12-12 25.7 "POR" "" "HOU" "W" 7 1 36.4666666666667 0.775 0.778 11 15.2 13.2 4.4 0 3.6 8.8 12.8 150 108 15.8 5.4
"24" "24" 2013-12-14 25.7 "POR" "@" "PHI" "W" 34 1 27.85 0.615 0.625 4.4 8.6 6.5 4 1.7 9.6 0 14 138 100 12.6 0.1
"25" "25" 2013-12-15 25.71 "POR" "@" "DET" "W" 2 1 38.6333333333333 0.676 0.625 16.5 19.2 17.8 12.1 1.4 0 0 10.1 162 107 16.2 4.4
"26" "26" 2013-12-17 25.71 "POR" "@" "CLE" "W" 3 1 20.0833333333333 1 1 19.5 9.4 14.3 0 2.4 0 42.9 14.3 109 116 6.2 -4.9
"27" "27" 2013-12-18 25.72 "POR" "@" "MIN" "L" -11 1 25.1833333333333 1.136 NA 3.7 16.2 9.7 0 0 2.6 0 1.5 244 119 4.2 -1.4
"28" "28" 2013-12-21 25.72 "POR" "" "NOP" "W" 3 1 30.7333333333333 0.589 0.545 19.1 3.5 11.8 9.3 0 2 14.4 19.2 124 120 12.9 1.6
"29" "29" 2013-12-26 25.74 "POR" "" "LAC" "W" 4 1 39.95 0.564 0.5 18.2 18.6 18.4 3.6 1.3 1.5 17 12.8 120 103 14.3 2.3
"30" "30" 2013-12-28 25.74 "POR" "" "MIA" "L" -1 1 32.7333333333333 0.723 0.7 4.1 14.3 9.5 0 0 2 20.3 21 107 116 10.8 -5.2
"31" "31" 2013-12-30 25.75 "POR" "@" "NOP" "L" -2 1 23.9 0.621 0.333 12.6 16.3 14.2 5.4 0 15.4 15.1 12.4 133 106 10.6 4.3
"32" "32" 2013-12-31 25.75 "POR" "@" "OKC" "W" 4 1 39.1166666666667 0.676 0.625 4.7 8.6 6.5 0 0 0 0 10.3 141 107 9.9 -0.5
"33" "33" 2014-01-02 25.76 "POR" "" "CHA" "W" 30 1 25.8333333333333 0.67 0.7 15.5 8.1 11.3 0 3.9 2.9 22.3 22.5 107 102 11.4 -2
"34" "34" 2014-01-04 25.76 "POR" "" "PHI" "L" -2 1 34.1166666666667 0.565 0.5 22.6 18.4 20.7 0 1.3 0 7.5 14.5 126 98 15.3 -0.1
"35" "35" 2014-01-07 25.77 "POR" "@" "SAC" "L" -4 1 35.6833333333333 0.575 0.538 10.8 8.2 9.5 4.5 0 3.8 0 17.3 133 121 14.7 1.3
"36" "36" 2014-01-08 25.77 "POR" "" "ORL" "W" 16 1 25.0166666666667 0.735 0.667 17.8 12.5 15.1 0 0 6.1 0 8.5 172 104 10 0.9
"37" "37" 2014-01-11 25.78 "POR" "" "BOS" "W" 8 1 34.0666666666667 0.493 0.385 27.6 11.5 19.3 4.3 0 1.7 6.2 19.8 131 118 15.4 -2
"38" "38" 2014-01-15 25.79 "POR" "" "CLE" "W" 12 1 33.1 0.8 0.8 6.7 6.2 6.4 0 0 2.2 28.6 9.1 111 103 6.8 -2
"39" "39" 2014-01-17 25.8 "POR" "@" "SAS" "W" 9 1 34.2 0.667 0.667 3.3 6.1 4.8 0 0 2.2 33.3 11.9 86 106 2.4 -5.3
"40" "40" 2014-01-18 25.8 "POR" "@" "DAL" "W" 16 1 26.0166666666667 0.576 0.538 18.4 32.8 26 11.2 0 7.7 0 21.8 142 102 17.6 7.6
"41" "41" 2014-01-20 25.81 "POR" "@" "HOU" "L" -13 1 27.5166666666667 0.697 0.625 10.7 0 5.9 0 1.8 3.3 9.7 15.3 138 135 11.4 -0.1
"42" "42" 2014-01-21 25.81 "POR" "@" "OKC" "L" -8 1 33.4166666666667 0.5 0.5 10 21.4 16 8.8 0 2 0 14.1 124 120 10.9 0.3
"43" "43" 2014-01-23 25.81 "POR" "" "DEN" "W" 5 1 39.1166666666667 0.403 0.357 22.3 4 14.7 7.7 0 4.4 0 16.3 120 116 11.7 -4
"44" "44" 2014-01-25 25.82 "POR" "" "MIN" "W" 11 1 34.0833333333333 0.663 0.6 9.4 21.9 15.6 11.3 0 2.1 8.1 14.8 139 106 16 6.5
"45" "45" 2014-01-26 25.82 "POR" "@" "GSW" "L" -15 1 23.5666666666667 0.635 0.571 7.7 27.4 17.5 0 0 6.2 11.3 16.2 118 100 10.6 6.5
"46" "46" 2014-01-28 25.83 "POR" "" "MEM" "L" -17 1 34.9333333333333 0.518 0.4 5.6 11.1 8 0 0 0 0 17.1 117 112 10.1 1.1
"47" "47" 2014-02-01 25.84 "POR" "" "TOR" "W" 3 1 28.6666666666667 0.5 0.5 12.6 16.7 14.7 5.9 0 5 11.1 14.3 109 107 6.8 -1
"48" "48" 2014-02-03 25.84 "POR" "@" "WAS" "L" -10 1 34.7166666666667 0.75 0.75 10.1 19.3 14.8 0 1.5 8.3 0 10.8 153 98 14.9 6.5
"49" "49" 2014-02-05 25.85 "POR" "@" "NYK" "W" 4 1 33.8166666666667 0.528 0.2 15.8 5.5 10.2 0 1.6 6.2 26 15.2 101 98 8.1 -2.3
"50" "50" 2014-02-07 25.85 "POR" "@" "IND" "L" -5 1 40.2166666666667 0.535 0.533 13.7 26.4 19.8 3.8 0 0 5.9 17.7 117 111 14.8 2
"51" "51" 2014-02-08 25.86 "POR" "@" "MIN" "W" 7 1 30.1166666666667 0.385 0.167 11.1 23.6 18.1 4.1 0 8 0 12.8 109 102 8.8 -2.2
"52" "52" 2014-02-11 25.87 "POR" "" "OKC" "L" -3 1 35.05 0.79 0.778 17.5 28.1 22.3 0 0 4 8.5 14.1 154 102 19.3 8.9
"53" "53" 2014-02-12 25.87 "POR" "@" "LAC" "L" -5 1 34.1833333333333 0.694 0.5 15.2 10 13 3.6 0 0 0 11.1 167 131 12.3 2.3
"54" "54" 2014-02-19 25.89 "POR" "" "SAS" "L" -2 1 34.35 0.431 0.364 19.1 27.3 23 3.8 0 4.4 13.6 17.5 101 109 10.4 -2
"55" "55" 2014-02-21 25.89 "POR" "" "UTA" "W" 8 1 36.7666666666667 0.676 0.625 18.2 37.3 27.6 4 1.4 7.6 0 10.6 161 91 18.7 7.3
"56" "56" 2014-02-23 25.9 "POR" "" "MIN" "W" 11 1 27.9166666666667 0.6 0.6 13.2 6.3 9.1 0 1.9 2.6 16.7 10.1 121 109 6.3 -1.9
"57" "57" 2014-02-25 25.9 "POR" "@" "DEN" "W" 5 1 38.4333333333333 0.492 0.4 11.4 12.3 11.9 5.4 1.3 10.5 7.6 15.6 110 95 14 1.6
"58" "58" 2014-02-26 25.91 "POR" "" "BRK" "W" 44 1 26.3 0.709 0.667 15.6 19.4 17.8 4.7 0 6.2 11.4 15 146 87 12.7 4.9
"59" "59" 2014-03-01 25.92 "POR" "" "DEN" "W" 6 1 31.6 0.719 0.556 11.7 17.2 14.9 10.3 0 2.5 7.4 19.5 149 100 16.7 6.5
"60" "60" 2014-03-03 25.92 "POR" "" "LAL" "L" -1 1 33.5166666666667 0.707 0.692 24.8 22.3 23.6 9.5 0 5.7 13 17.8 140 104 23.4 9.9
"61" "61" 2014-03-05 25.93 "POR" "" "ATL" "W" 24 1 23.5666666666667 0.888 0.8 11.3 11.3 11.3 0 2.2 0 22.8 17.1 139 83 10.6 5.5
"62" "62" 2014-03-07 25.93 "POR" "@" "DAL" "L" -5 1 30.3833333333333 0.347 0 7.3 10.8 9.1 8.3 0 4.8 41 6.9 79 111 2.9 -1.2
"63" "63" 2014-03-09 25.94 "POR" "@" "HOU" "L" -5 1 37.8833333333333 0.628 0.571 9.8 20.8 14.8 0 0 11.7 10.2 10.5 130 108 12.7 2.5
"64" "64" 2014-03-11 25.94 "POR" "@" "MEM" "L" -10 1 27.0666666666667 0.798 1 14.8 10.7 13.1 5.6 0 0 0 6.2 176 126 7.5 0.2
"65" "65" 2014-03-12 25.95 "POR" "@" "SAS" "L" -13 1 33.6166666666667 0.291 0.167 7.9 8.7 8.3 0 0 4.5 0 9.1 87 112 3.4 -4.1
"66" "66" 2014-03-14 25.95 "POR" "@" "NOP" "W" 8 1 33.6166666666667 0.707 0.692 6.8 7.3 7.1 0 0 5.7 18.2 22.2 111 106 13.4 0.1
"67" "67" 2014-03-16 25.96 "POR" "" "GSW" "L" -1 1 37.9333333333333 0.493 0.417 14.7 13.8 14.2 16.5 0 2.2 0 15.9 131 118 14.5 1.2
"68" "68" 2014-03-18 25.96 "POR" "" "MIL" "W" 5 1 37.35 0.603 0.583 19.1 20.7 19.9 8.9 0 5.3 7.4 15.3 133 100 17.7 3.8
"69" "69" 2014-03-20 25.97 "POR" "" "WAS" "W" 13 1 29.7166666666667 0.8 0.8 8.3 3.4 5.6 0 0 2.6 0 8 169 122 8.5 -1
"70" "70" 2014-03-22 25.97 "POR" "@" "CHA" "L" -30 1 25.6666666666667 0.68 0.6 12.2 9.4 10.9 0 0 0 14.5 12.5 130 139 6.6 -5.9
"71" "71" 2014-03-24 25.98 "POR" "@" "MIA" "L" -2 1 33.1 0.644 0.5 9.7 15.4 12.6 12.3 0 2.1 20.5 14 121 106 9.5 1.1
"72" "72" 2014-03-25 25.98 "POR" "@" "ORL" "L" -10 1 39.6833333333333 0.698 0.692 21.8 9.7 15.7 5.7 0 3.6 0 16 157 107 22.5 8.7
"73" "73" 2014-03-27 25.99 "POR" "@" "ATL" "W" 15 1 34.7 0.661 0.571 9.9 12.6 11.3 0 0 4.5 0 11.3 152 98 12 3.2
"74" "74" 2014-03-28 25.99 "POR" "@" "CHI" "W" 17 1 32.6 0.658 0.667 13.4 15 14.2 5.6 3.5 11 9.2 16.7 132 77 18.2 13.3
"75" "75" 2014-03-30 25.99 "POR" "" "MEM" "W" 7 1 35.6333333333333 0.615 0.5 19.2 15 16.8 3.9 0 5.6 12 11.3 136 107 12.8 3.8
"76" "76" 2014-04-01 26 "POR" "@" "LAL" "W" 12 1 34.05 0.85 0.8 9 20.6 14.8 3.5 0 4.2 0 7 186 110 13.6 0.9
"77" "77" 2014-04-04 26.01 "POR" "" "PHO" "L" -16 1 35.7166666666667 0.719 0.667 11 20.9 16.3 5 1.4 7.1 0 15.6 158 105 22.1 11.5
"78" "78" 2014-04-06 26.01 "POR" "" "NOP" "W" 6 1 22.8833333333333 1 1 5.4 4.3 4.8 11.4 0 0 60 9.7 85 110 0.8 -6.6
"79" "79" 2014-04-09 26.02 "POR" "" "SAC" "W" 1 1 36.8 0.674 0.571 7.2 17.6 13.3 0 0 1.6 0 12.2 144 103 13.1 2
"80" "80" 2014-04-11 26.03 "POR" "@" "UTA" "W" 12 1 35.2666666666667 0.432 0.385 12.7 12.1 12.4 8.2 0 1.9 12.6 20.5 97 110 8.2 -6.7
"81" "81" 2014-04-13 26.03 "POR" "" "GSW" "W" 2 1 45.2666666666667 0.627 0.545 9 13 11.2 9.8 0 0 7.3 14.1 133 117 14.6 1
"82" "82" 2014-04-16 26.04 "POR" "" "LAC" "W" 6 1 14.1333333333333 0.689 0.7 41 13.9 28.6 18.6 0 0 0 30.6 157 113 16.2 16.6
"1" "1" 2014-10-29 26.58 "POR" "" "OKC" "W" 17 1 32.4 0.431 0.364 24.7 10.3 17.4 0 1.7 4.6 0 17.7 120 100 11.9 -0.9
"2" "2" 2014-10-31 26.58 "POR" "@" "SAC" "L" -9 1 29.45 0.571 0.571 7.2 15.5 11.2 11.9 0 6.9 22.2 14.5 101 115 7.6 -0.3
"3" "3" 2014-11-02 26.59 "POR" "" "GSW" "L" -5 1 26.8333333333333 0.462 0.462 21 15.6 18.4 0 0 0 18.8 24.4 89 101 5.7 -6
"4" "4" 2014-11-04 26.59 "POR" "" "CLE" "W" 19 1 29.25 0.745 0.727 8.9 12.6 11.1 13.7 5.6 2.6 0 21.6 159 84 21.4 18.7
"5" "5" 2014-11-06 26.6 "POR" "" "DAL" "W" 21 1 24.2166666666667 0.581 0.5 20.9 16.2 18.2 0 0 8.9 22.5 17.2 112 90 7.9 0.2
"6" "6" 2014-11-08 26.61 "POR" "@" "LAC" "L" -4 1 32.4 0.726 0.7 11.7 14.1 13 11.6 0 2.1 13.3 20.9 133 114 16.2 7.5
"7" "7" 2014-11-09 26.61 "POR" "" "DEN" "W" 16 1 28.3666666666667 0.466 0.417 12.8 16 14.4 9.3 0 6.5 7.2 20.2 112 101 11.2 -1
"8" "8" 2014-11-11 26.61 "POR" "" "CHO" "W" 2 1 22.6 0.4 0.4 4.5 16.3 9.9 0 0 3.6 16.7 11.4 77 109 1.8 -8.6
"9" "9" 2014-11-12 26.62 "POR" "@" "DEN" "W" 17 1 21.0666666666667 0.771 0.727 10.4 13.9 12.2 0 0 0 7.5 26.4 145 118 15 1.4
"10" "10" 2014-11-15 26.62 "POR" "" "BRK" "W" 10 1 29.7 0.556 0.556 7.3 17.6 12.6 13 1.8 2.3 18.2 17.1 101 95 8.9 1.1
"11" "11" 2014-11-17 26.63 "POR" "" "NOP" "W" 9 1 27.2333333333333 0.752 0.75 9.3 15.3 12.6 5.4 1.9 2.7 15.8 10.7 138 100 9.2 6.5
"12" "12" 2014-11-21 26.64 "POR" "" "CHI" "W" 18 1 23.4333333333333 0.761 0.714 4.8 24.1 15.3 7.1 0 3.4 11.3 17.2 135 89 12 7.7
"13" "13" 2014-11-23 26.65 "POR" "@" "BOS" "W" 6 1 31 0.654 0.667 7 13.6 10.7 10.1 0 2.2 36.8 15.5 89 95 6.6 -0.4
"14" "14" 2014-11-24 26.65 "POR" "@" "PHI" "W" 10 1 29.2166666666667 0.615 0.5 16.4 16 16.2 13.2 0 8.6 17 16.9 131 105 13.3 3.7
"15" "15" 2014-11-26 26.65 "POR" "@" "CHO" "W" 8 1 30.6333333333333 0.663 0.6 16.7 15.7 16.2 10.6 0 6 8.1 17.7 141 99 16.3 6.5
"16" "16" 2014-11-28 26.66 "POR" "" "MEM" "L" -13 1 22.7666666666667 0.3 0.3 11.9 22.2 16.2 6.5 0 0 0 18.8 85 122 3.4 -8.8
"17" "17" 2014-11-30 26.67 "POR" "" "MIN" "W" 14 1 30.15 0.291 0.167 13.5 9.6 11.5 4.3 1.6 9.8 36.8 15.1 63 88 3.9 -6.3
"18" "18" 2014-12-02 26.67 "POR" "@" "DEN" "W" 2 1 31.1 0.935 1 8.1 3.9 5.9 4.4 0 0 0 8.6 191 113 11.1 3.2
"19" "19" 2014-12-04 26.68 "POR" "" "IND" "W" 6 1 29.6 0.296 0.2 7.2 15 11.5 0 1.6 0 22.8 13.5 59 85 0 -10.3
"20" "20" 2014-12-07 26.68 "POR" "@" "NYK" "W" 4 1 33.1 0.375 0.375 17.8 9.1 14.3 4.6 1.6 2.4 11.1 12.2 105 108 6.2 -6
"21" "21" 2014-12-09 26.69 "POR" "@" "DET" "W" 12 1 27.0333333333333 0.333 0.333 26.6 16.4 20.8 0 0 4.7 18.2 19.4 84 97 6 -6.7
"22" "22" 2014-12-10 26.69 "POR" "@" "MIN" "L" -8 1 26.35 0.5 0.5 15.5 15.5 15.5 23 0 0 27.3 19 92 101 5.5 -3.6
"23" "23" 2014-12-12 26.7 "POR" "@" "CHI" "L" -9 1 28.1166666666667 0.25 0.25 19.4 8.5 14.2 8.6 1.9 2.3 0 13.3 101 126 4.8 -6.1
"24" "24" 2014-12-13 26.7 "POR" "@" "IND" "W" 10 1 29.9 1 1 13.4 13.7 13.5 9.6 1.7 6.6 0 6 205 89 14.5 11.9
"25" "25" 2014-12-15 26.71 "POR" "" "SAS" "W" 13 1 19.4166666666667 0.254 0.143 0 28.1 14 0 0 0 11.3 20 52 102 0 -11.7
"26" "" 2014-12-17 26.71 "POR" "" "MIL" "W" 7 NA NA NA NA NA NA NA NA NA NA NA NA NA NA NA NA
"27" "" 2014-12-19 26.72 "POR" "@" "SAS" "W" 10 NA NA NA NA NA NA NA NA NA NA NA NA NA NA NA NA
"28" "" 2014-12-20 26.72 "POR" "@" "NOP" "W" 26 NA NA NA NA NA NA NA NA NA NA NA NA NA NA NA NA
"29" "" 2014-12-22 26.73 "POR" "@" "HOU" "L" -15 NA NA NA NA NA NA NA NA NA NA NA NA NA NA NA NA
"30" "" 2014-12-23 26.73 "POR" "@" "OKC" "W" 4 NA NA NA NA NA NA NA NA NA NA NA NA NA NA NA NA
"31" "" 2014-12-26 26.74 "POR" "" "PHI" "W" 21 NA NA NA NA NA NA NA NA NA NA NA NA NA NA NA NA
"32" "" 2014-12-28 26.74 "POR" "" "NYK" "W" 22 NA NA NA NA NA NA NA NA NA NA NA NA NA NA NA NA
"33" "" 2014-12-30 26.75 "POR" "" "TOR" "W" 5 NA NA NA NA NA NA NA NA NA NA NA NA NA NA NA NA
"34" "" 2015-01-03 26.76 "POR" "" "ATL" "L" -8 NA NA NA NA NA NA NA NA NA NA NA NA NA NA NA NA
"35" "" 2015-01-05 26.76 "POR" "" "LAL" "W" 4 NA NA NA NA NA NA NA NA NA NA NA NA NA NA NA NA
"36" "" 2015-01-08 26.77 "POR" "" "MIA" "W" 16 NA NA NA NA NA NA NA NA NA NA NA NA NA NA NA NA
"37" "" 2015-01-10 26.78 "POR" "" "ORL" "W" 11 NA NA NA NA NA NA NA NA NA NA NA NA NA NA NA NA
"38" "" 2015-01-11 26.78 "POR" "@" "LAL" "W" 12 NA NA NA NA NA NA NA NA NA NA NA NA NA NA NA NA
"39" "" 2015-01-14 26.79 "POR" "" "LAC" "L" -6 NA NA NA NA NA NA NA NA NA NA NA NA NA NA NA NA
"40" "" 2015-01-16 26.79 "POR" "@" "SAS" "L" -14 NA NA NA NA NA NA NA NA NA NA NA NA NA NA NA NA
"41" "" 2015-01-17 26.8 "POR" "@" "MEM" "L" -4 NA NA NA NA NA NA NA NA NA NA NA NA NA NA NA NA
"42" "" 2015-01-19 26.8 "POR" "" "SAC" "W" 4 NA NA NA NA NA NA NA NA NA NA NA NA NA NA NA NA
"43" "" 2015-01-21 26.81 "POR" "@" "PHO" "L" -5 NA NA NA NA NA NA NA NA NA NA NA NA NA NA NA NA
"44" "" 2015-01-22 26.81 "POR" "" "BOS" "L" -1 NA NA NA NA NA NA NA NA NA NA NA NA NA NA NA NA
"45" "" 2015-01-24 26.82 "POR" "" "WAS" "W" 7 NA NA NA NA NA NA NA NA NA NA NA NA NA NA NA NA
"46" "" 2015-01-28 26.83 "POR" "@" "CLE" "L" -5 NA NA NA NA NA NA NA NA NA NA NA NA NA NA NA NA
"47" "" 2015-01-30 26.83 "POR" "@" "ATL" "L" -6 NA NA NA NA NA NA NA NA NA NA NA NA NA NA NA NA
"48" "" 2015-01-31 26.84 "POR" "@" "MIL" "L" -7 NA NA NA NA NA NA NA NA NA NA NA NA NA NA NA NA
"49" "26" 2015-02-03 26.84 "POR" "" "UTA" "W" 1 1 25.2666666666667 0.533 0.556 14.6 12.1 13.3 0 0 5.3 16.2 22.3 100 114 7.1 -4.5
"50" "27" 2015-02-05 26.85 "POR" "" "PHO" "W" 21 1 30.9666666666667 0.506 0.5 21.1 16.9 18.8 0 0 9.5 8.4 16.1 116 85 12.2 2.6
"51" "28" 2015-02-07 26.85 "POR" "@" "DAL" "L" -10 1 36.5666666666667 0.619 0.625 13.9 7.1 10.3 0 0 2.1 36 16.5 84 114 5.1 -8.1
"52" "29" 2015-02-08 26.86 "POR" "@" "HOU" "W" 11 1 31.1333333333333 0.841 0.857 0 9.3 5.9 5 0 0 0 13.2 170 116 11.5 3.9
"53" "30" 2015-02-11 26.87 "POR" "" "LAL" "W" 16 1 26.5 0.49 0.375 14.8 17.8 16.3 12.3 0 7.1 8.9 19.1 117 93 12 4
"54" "31" 2015-02-20 26.89 "POR" "@" "UTA" "L" -16 1 28.9833333333333 0.515 0.333 8.7 7 7.8 0 0 2.9 0 13.6 116 109 5.7 -2.1
"55" "32" 2015-02-22 26.9 "POR" "" "MEM" "L" -6 1 37.0166666666667 0.333 0.333 17.7 2.8 10.1 8.9 1.4 3.2 10 12.5 96 105 8.2 -1.3
"56" "33" 2015-02-25 26.9 "POR" "" "SAS" "W" 16 1 25.8833333333333 0.773 0.667 4.8 17.3 11.3 4.7 0 5.8 0 6.9 177 105 8.3 4.3
"57" "34" 2015-02-27 26.91 "POR" "" "OKC" "W" 3 1 25.6 0.5 0.5 8.2 12.8 10.4 6 0 0 11.1 15.1 105 119 6 -4.4
"58" "35" 2015-03-01 26.92 "POR" "@" "SAC" "W" 11 1 29.6833333333333 0.794 0.778 17.5 16.6 17 0 0 2.2 9.6 15.5 153 104 14 4.3
"59" "36" 2015-03-04 26.92 "POR" "@" "LAC" "W" 5 1 31.25 0.709 0.667 19.6 2.8 10.6 6.2 0 2.6 0 11.5 162 94 12.7 7.1
"60" "37" 2015-03-05 26.93 "POR" "" "DAL" "W" 19 1 26.25 0.553 0.5 17 10.2 13.2 7.4 1.9 7.6 7.8 21.8 116 71 12.9 8.2
"61" "38" 2015-03-07 26.93 "POR" "@" "MIN" "L" -8 1 28.0833333333333 0.735 0.667 11.7 9.2 10.6 0 0 6.6 0 7.7 171 127 9.7 1.7
"62" "39" 2015-03-11 26.94 "POR" "" "HOU" "W" 5 1 30.2333333333333 0.707 0.7 14.4 17 15.9 0 0 2.6 0 15.3 155 102 15.9 7.3
"63" "40" 2015-03-13 26.95 "POR" "" "DET" "W" 19 1 25.5833333333333 0.652 0.625 17.6 4 9.5 5.1 2.1 5.7 10.6 18.2 133 107 11.5 3.6
"64" "41" 2015-03-15 26.95 "POR" "@" "TOR" "W" 16 1 29.0666666666667 0.564 0.625 8.3 16.9 12.5 4.5 0 8.3 9.3 17.2 111 102 10.2 0.3
"65" "42" 2015-03-16 26.96 "POR" "@" "WAS" "L" -8 1 29.5 0.546 0.5 3.2 12.2 7.2 0 0 0 21.5 14.1 90 117 3.4 -6.4
"66" "43" 2015-03-18 26.96 "POR" "@" "MIA" "L" -4 1 29.8833333333333 0.51 0.4 20.1 4 12 4.3 0 2.1 33.8 13.6 98 120 4.7 -6.4
"67" "44" 2015-03-20 26.97 "POR" "@" "ORL" "L" -7 1 26.4166666666667 0.868 0.75 12.7 0 5.8 0 0 0 14.8 11.9 162 130 9.1 0.2
"68" "45" 2015-03-21 26.97 "POR" "@" "MEM" "L" -11 1 32.0666666666667 0.571 0.571 11.5 12 11.8 5.5 1.6 2.1 12.5 12 114 104 9 2.6
"69" "46" 2015-03-24 26.98 "POR" "" "GSW" "L" -14 1 20.8666666666667 0.2 0.2 13.3 31.7 19.9 18.8 0 4 0 10.4 101 129 5 -2.7
"70" "47" 2015-03-25 26.98 "POR" "@" "UTA" "W" 3 1 21.7333333333333 0.333 0.333 20.5 9.8 15.1 0 0 3.5 25 17 75 103 2.3 -8.9
"71" "48" 2015-03-27 26.99 "POR" "@" "PHO" "W" 6 1 29.4666666666667 0.732 0.833 18.8 13 16 0 1.8 2.4 26.8 16.6 113 86 11.1 3.4
"72" "49" 2015-03-28 26.99 "POR" "" "DEN" "W" 6 1 29.7333333333333 0.694 0.5 13.5 16.8 15.4 3.7 0 4.7 10.4 14.3 145 115 12.9 0.7
"73" "50" 2015-03-30 26.99 "POR" "" "PHO" "W" 23 1 19.6333333333333 0.667 0.667 6.3 21.3 14.4 7.1 0 3.4 0 14.1 143 91 8.3 4.2
"74" "51" 2015-04-01 27 "POR" "" "LAC" "L" -4 1 27.0166666666667 0.354 0.333 11.6 24 17.1 0 0 3.1 0 16.3 98 134 5.4 -8.9
"75" "52" 2015-04-03 27.01 "POR" "@" "LAL" "W" 30 1 25.1333333333333 1.025 1 0 14.4 8 0 0 5.6 17 11.1 164 82 10 5.2
"76" "53" 2015-04-04 27.01 "POR" "" "NOP" "W" 9 1 26.0833333333333 0.508 0.429 25.1 26.3 25.7 0 0 2.7 11.3 15.7 124 103 9.2 -0.8
"77" "54" 2015-04-06 27.01 "POR" "@" "BRK" "L" -10 1 32.5166666666667 0.364 0.364 9.8 11.6 10.8 8.9 0 3.8 8.3 17.2 91 115 6.2 -5.2
"78" "55" 2015-04-08 27.02 "POR" "" "MIN" "W" 25 1 24.9 0.922 0.875 15.6 11.3 13.1 13.5 0 0 23.5 22.3 145 101 15.4 6.7
"79" "56" 2015-04-09 27.02 "POR" "@" "GSW" "L" -11 1 22.75 0.635 0.571 13.8 21.6 17.4 5.6 0 3.3 11.3 17 127 120 10 1
"80" "57" 2015-04-11 27.03 "POR" "" "UTA" "L" -6 1 32.1833333333333 0.615 0.571 17.8 3.3 10.3 5.1 0 2.4 5.5 24.8 129 122 17 1.4
"81" "58" 2015-04-13 27.03 "POR" "@" "OKC" "L" -11 1 25.0166666666667 1 1 0 0 0 5.6 0 2.6 0 3.9 203 115 4.8 2.4
"82" "59" 2015-04-15 27.04 "POR" "@" "DAL" "L" -16 1 19.6 0.5 0.5 0 5.4 2.5 0 0 4 33.3 6.2 62 116 0.6 -6
"1" "1" 2015-10-28 27.58 "NYK" "@" "MIL" "W" 25 1 19.8666666666667 0.68 0.6 10.1 0 5 0 0 7.1 25.4 15.9 111 114 5.3 -5.8
"2" "2" 2015-10-29 27.58 "NYK" "" "ATL" "L" -11 1 21.2833333333333 0.758 0.727 9.4 11.6 10.4 11.3 0 3.8 29.6 30.9 101 114 11.9 3.9
"3" "3" 2015-10-31 27.58 "NYK" "@" "WAS" "W" 7 1 30.9166666666667 0.368 0.3 15.1 14.8 15 12.8 0 4.6 21.6 18.2 86 106 5.1 -6
"4" "4" 2015-11-02 27.59 "NYK" "" "SAS" "L" -10 1 32.1666666666667 0.417 0.417 2.8 14.9 7.9 24.3 1.7 0 7.7 17.9 95 106 7.5 2
"5" "5" 2015-11-04 27.59 "NYK" "@" "CLE" "L" -10 1 28.3166666666667 0.333 0.333 3.5 12.7 7.7 12.1 0 0 25 19.8 61 109 -0.3 -11
"6" "6" 2015-11-06 27.6 "NYK" "" "MIL" "L" -7 1 22.2333333333333 0.667 0.667 0 10.3 5.1 0 0 3.2 10 19.9 115 112 7.2 0.8
"7" "7" 2015-11-08 27.61 "NYK" "" "LAL" "W" 4 1 31 0.651 0.556 17.6 22.9 20.5 24.5 0 2.3 15.7 18.7 131 98 15.9 4.7
"8" "8" 2015-11-10 27.61 "NYK" "@" "TOR" "W" 2 1 29 0.545 0.545 17.2 11 14.2 10.3 1.7 9.9 0 16.3 136 110 13.9 3.7
"9" "9" 2015-11-11 27.61 "NYK" "@" "CHO" "L" -2 1 30.9333333333333 0 0 8.4 22.6 16.4 7.4 1.7 2.5 40 7.4 43 101 2.1 -4.7
"10" "10" 2015-11-13 27.62 "NYK" "" "CLE" "L" -6 1 24.7166666666667 0.34 0.2 8.3 12.1 10.2 7.2 0 0 14.5 13.1 81 105 2.1 -7.2
"11" "11" 2015-11-15 27.62 "NYK" "" "NOP" "W" 8 1 14 0 0 8.2 39.2 22.3 27.1 3.7 13.7 0 9.8 63 77 3.9 7.8
"12" "12" 2015-11-17 27.63 "NYK" "" "CHO" "W" 8 1 17.75 0.41 0.25 24.6 18.9 21.8 8.1 2.9 0 38.1 19.7 82 99 2.8 -9.5
"13" "13" 2015-11-20 27.64 "NYK" "@" "OKC" "W" 3 1 32.9333333333333 0.673 0.333 8.6 14.3 12 9.2 0 6.9 53.6 16 79 100 4.1 -6.8
"14" "14" 2015-11-21 27.64 "NYK" "@" "HOU" "W" 5 1 24.8833333333333 0.633 0.6 17.1 9.2 13.3 13.7 0 0 13.7 13.3 139 126 7.9 -2.1
"15" "15" 2015-11-23 27.65 "NYK" "@" "MIA" "L" -17 1 29.5 0.436 0.417 17.8 6.5 12.4 8.2 0 0 12.7 23.9 93 116 7.5 -3.2
"16" "16" 2015-11-25 27.65 "NYK" "@" "ORL" "L" -9 1 23.4166666666667 0.5 0.5 22.8 28.7 25.9 27 0 5.9 0 15.6 134 104 12.7 9.4
"17" "17" 2015-11-27 27.66 "NYK" "" "MIA" "L" -19 1 13.7 0.167 0.167 8.5 26.3 17.3 12.3 0 0 14.3 24.1 43 109 -2.5 -19.3
"18" "18" 2015-11-29 27.66 "NYK" "" "HOU" "L" -5 1 14.55 0 0 0 19.9 13.3 16.2 0 5.2 50 6.8 53 112 0.1 -4.5
"19" "19" 2015-12-02 27.67 "NYK" "" "PHI" "W" 12 1 22.0833333333333 0.5 0.5 5.1 17.7 11.8 20.7 0 3.9 25 15.2 90 87 4.9 -0.3
"20" "20" 2015-12-04 27.68 "NYK" "" "BRK" "W" 17 1 30.3 0.543 0.5 10.8 6.5 8.5 13.9 0 5.9 13.4 10.8 123 97 9.9 2
"21" "21" 2015-12-05 27.68 "NYK" "@" "MIL" "L" -15 1 20.6666666666667 0.644 0.667 0 5.3 2.7 8.5 0 2.7 43.6 15.5 69 112 1.6 -7.4
"22" "22" 2015-12-07 27.68 "NYK" "" "DAL" "L" -7 1 15.6833333333333 0.6 0.6 0 14.9 7.7 9.9 0 6 0 15.2 118 110 4.5 -0.2
"23" "23" 2015-12-09 27.69 "NYK" "@" "UTA" "L" -21 1 18.75 0.347 0.5 0 0 0 0 0 4.3 0 7.4 64 121 0.1 -11.1
"24" "24" 2015-12-10 27.69 "NYK" "@" "SAC" "L" -2 1 19.9666666666667 0.51 0.4 10.2 23.6 17.2 8.5 0 0 25.4 16.7 93 103 3.3 -7.6
"25" "25" 2015-12-12 27.7 "NYK" "@" "POR" "W" 2 1 28.7166666666667 0.799 0.714 20.9 12.2 16 5.5 0 0 0 14.9 179 126 14.3 4.3
"26" "26" 2015-12-16 27.71 "NYK" "" "MIN" "W" 5 1 18.2 0.355 0.375 11 0 5.3 9.1 0 3.3 0 19.8 92 115 2 -11.5
"27" "27" 2015-12-18 27.72 "NYK" "@" "PHI" "W" 10 1 16.3 0.667 0.667 19.2 22.7 20.8 0 0 5.6 0 15.7 148 97 7.9 0.1
"28" "28" 2015-12-19 27.72 "NYK" "" "CHI" "W" 16 1 18.5166666666667 0.68 0.6 13.3 5.1 8.6 0 0 0 25.4 19.7 111 107 5 -4.7
"29" "29" 2015-12-21 27.72 "NYK" "" "ORL" "L" -8 1 34.45 1 1 8.2 22 15.5 9.1 0 4.4 0 8.5 204 120 16.2 7.4
"30" "30" 2015-12-23 27.73 "NYK" "@" "CLE" "L" -7 1 19.6166666666667 0.444 0.444 5.7 20 13.3 0 2.8 12 18.2 26.9 73 93 5.9 -0.6
"31" "31" 2015-12-26 27.74 "NYK" "@" "ATL" "L" -19 1 20.15 0.827 0.8 12.2 11.9 12.1 16.2 0 3.8 0 11.7 179 127 11.2 8.3
"32" "32" 2015-12-27 27.74 "NYK" "@" "BOS" "L" -9 1 29.55 0.508 0.429 9.4 10.4 9.8 11.6 0 2.5 20.2 14.3 99 109 6.6 -1.3
"33" "33" 2015-12-29 27.75 "NYK" "" "DET" "W" 12 1 36.3666666666667 0.619 0.625 13.2 11.7 12.3 7.3 1.5 12.8 25.3 16.3 108 104 11.9 1.2
"34" "34" 2016-01-01 27.75 "NYK" "@" "CHI" "L" -27 1 21.5833333333333 0.4 0.4 13.1 14.8 13.9 16.8 0 6.4 28.6 15.2 82 120 3.5 -6
"35" "35" 2016-01-03 27.76 "NYK" "" "ATL" "W" 14 1 29.5166666666667 0.735 0.7 22.6 23.2 22.9 24.9 0 8.4 31.5 23.4 118 99 16.1 5.7
"36" "36" 2016-01-05 27.76 "NYK" "@" "ATL" "W" 6 1 34.8 0.393 0.364 14.5 11.3 12.7 4 1.5 5.7 8 16.6 99 111 8.2 -4.7
"37" "37" 2016-01-06 27.77 "NYK" "@" "MIA" "W" 8 1 34.5166666666667 0.764 0.75 14.9 3.4 8.1 5.3 0 4.3 7.4 21 148 111 16.5 5.5
"38" "38" 2016-01-08 27.77 "NYK" "@" "SAS" "L" -1 1 34.3666666666667 0.462 0.462 0 9.1 4.5 14.1 0 0 0 17.1 104 111 8.3 1
"39" "39" 2016-01-10 27.78 "NYK" "" "MIL" "W" 12 1 27.3333333333333 0.637 0.5 17.6 19.5 18.6 11 0 2.6 16.4 20.8 127 100 11 -0.5
"40" "40" 2016-01-12 27.78 "NYK" "" "BOS" "W" 6 1 25.8333333333333 0.856 0.857 9.1 13.9 11.5 5.8 0 3.3 18.6 19 141 118 12.2 1.2
"41" "41" 2016-01-13 27.79 "NYK" "@" "BRK" "L" -6 1 30.6666666666667 0.507 0.5 21.1 19.6 20.4 0 0 2.3 18.4 14.9 107 115 8.5 -8
"42" "42" 2016-01-16 27.79 "NYK" "@" "MEM" "L" -8 1 15.0166666666667 0.5 0.5 0 14.9 8 0 0 8.9 14.3 23.4 80 114 2.4 -9.6
"43" "43" 2016-01-18 27.8 "NYK" "" "PHI" "W" 6 1 33.2333333333333 0.627 0.545 6.5 27.9 16.8 10.7 0 4.7 13.6 20.7 117 97 14.5 1.5
"44" "44" 2016-01-20 27.81 "NYK" "" "UTA" "W" 7 1 39.9666666666667 0.786 0.786 20.9 19.9 20.4 0 0 6.7 6.7 18.6 158 118 22.5 6.9
"45" "45" 2016-01-22 27.81 "NYK" "" "LAC" "L" -28 1 17.35 0.273 0.273 30.7 16.8 24.8 0 3 0 8.3 30 71 121 2.8 -12.2
"46" "46" 2016-01-23 27.81 "NYK" "@" "CHO" "L" -13 1 19.9833333333333 0.571 0.571 5.2 31.1 19.2 0 0 9.4 25.5 26.9 80 93 6.7 -1.6
"47" "47" 2016-01-26 27.82 "NYK" "" "OKC" "L" -6 1 21.8833333333333 0.519 0.429 18.6 9.9 14.4 0 0 3.1 9.4 22 114 126 8.6 -5.1
"48" "48" 2016-01-28 27.83 "NYK" "@" "TOR" "L" -10 1 24.9 0.595 0.6 16.4 17.9 17.1 0 0 5.9 25.4 14.5 103 114 6.9 -5.5
"49" "49" 2016-01-29 27.83 "NYK" "" "PHO" "W" 18 1 24.2166666666667 0.666 0.625 13.2 7.8 10.3 0 0 3.4 0 18.7 144 98 12 0.5
"50" "50" 2016-01-31 27.84 "NYK" "" "GSW" "L" -21 1 18.4666666666667 0.6 0.6 9.8 24.4 15.3 20.6 0 11.8 0 11.6 139 113 8.8 8.1
"51" "51" 2016-02-02 27.84 "NYK" "" "BOS" "L" -8 1 37.3666666666667 0.581 0.5 28.8 5.6 17.6 11 0 5.4 12 19.4 129 106 20 7.5
"52" "52" 2016-02-04 27.85 "NYK" "@" "DET" "L" -6 1 35.25 0.825 0.786 17.8 34.9 25.6 13 1.4 0 11.3 22.4 153 110 26.6 10.6
"53" "53" 2016-02-05 27.85 "NYK" "" "MEM" "L" -6 1 30.35 0.571 0.571 16.8 21.4 18.8 0 0 0 27.6 17 96 107 6.1 -5.6
"54" "54" 2016-02-07 27.85 "NYK" "" "DEN" "L" -5 1 29.95 0.317 0.286 6.8 10.2 8.5 0 0 7.4 0 12.3 82 108 3.3 -7.1
"55" "55" 2016-02-09 27.86 "NYK" "" "WAS" "L" -3 1 27.2166666666667 0.709 0.667 9.5 25.8 18.1 5.3 0 3.4 9.2 18.4 136 117 13.3 2.5
"56" "56" 2016-02-19 27.89 "NYK" "@" "BRK" "L" -11 1 30.7166666666667 0.506 0.444 10.9 14.5 12.7 0 0 0 0 14.6 117 121 8.2 -5.9
"57" "57" 2016-02-20 27.89 "NYK" "@" "MIN" "W" 8 1 36.0666666666667 0.825 0.786 30.4 22.7 26 0 0 5.5 24.1 26.1 132 99 23.7 6.5
"58" "58" 2016-02-22 27.9 "NYK" "" "TOR" "L" -27 1 27.8333333333333 0.727 0.714 26.2 25.2 25.8 0 1.9 0 0 24.4 156 131 22.1 11
"59" "59" 2016-02-24 27.9 "NYK" "@" "IND" "L" -3 1 25.2 0.667 0.667 9.1 24.4 16.5 6.1 0 7.5 40 9.4 99 110 5.6 -2
"60" "60" 2016-02-26 27.91 "NYK" "" "ORL" "W" 13 1 30.8333333333333 0.651 0.556 14.5 11.3 12.7 0 1.6 4.7 8.5 17.1 135 98 13.9 2.6
"61" "61" 2016-02-28 27.91 "NYK" "" "MIA" "L" -17 1 36.1166666666667 0.709 0.667 14.8 27.3 20 11.1 0 5.2 9.2 14 144 105 18.4 6.5
"62" "62" 2016-03-01 27.92 "NYK" "" "POR" "L" -19 1 19.3166666666667 0.8 0.8 9.2 0 4.9 10.8 0 0 16.7 14.3 139 120 6 -0.1
"63" "63" 2016-03-04 27.93 "NYK" "@" "BOS" "L" -1 1 32.1666666666667 0.492 0.4 12.4 24.9 18.7 0 0 4.3 7.6 18.2 109 107 11.4 -2
"64" "64" 2016-03-05 27.93 "NYK" "" "DET" "W" 13 1 32.1833333333333 0.788 0.75 16.6 14.1 15.1 10.4 0 2.3 23.1 26.7 128 101 17.8 5.9
"65" "65" 2016-03-08 27.94 "NYK" "@" "DEN" "L" -16 1 16.8 0.5 0.5 0 17.9 9.7 9.5 0 0 33.3 8.4 73 115 1.2 -6.6
"66" "66" 2016-03-09 27.94 "NYK" "@" "PHO" "W" 31 1 30.1333333333333 0.553 0.5 18.2 13.9 15.7 12.6 0 13.3 0 18.3 141 99 16.4 2.9
"67" "67" 2016-03-11 27.95 "NYK" "@" "LAC" "L" -7 1 44.35 0.63 0.6 22.5 22.1 22.4 8.9 1.2 1.9 23.9 20.9 109 108 20.5 2.6
"68" "68" 2016-03-13 27.95 "NYK" "@" "LAL" "W" 3 1 35.6666666666667 0.87 0.857 3.4 18.8 12 10.8 0 3.9 24.6 16.9 130 95 15.3 5
"69" "69" 2016-03-16 27.96 "NYK" "@" "GSW" "L" -36 1 14.1 0.25 0.25 12.8 17.5 14.8 0 3.7 0 33.3 19.6 49 126 0.6 -17.7
"70" "70" 2016-03-19 27.97 "NYK" "@" "WAS" "L" -10 1 33.9 0.58 0.5 16.5 6.9 11.8 10.2 0 7.3 0 10.4 145 107 12.8 3.8
"71" "71" 2016-03-20 27.97 "NYK" "" "SAC" "L" -8 1 37.6166666666667 0.498 0.45 16 34.6 24.5 0 1.4 4.1 8 28.7 107 89 20.2 6.5
"72" "72" 2016-03-23 27.98 "NYK" "@" "CHI" "W" 8 1 33.2833333333333 0.481 0.455 30.9 12.8 21.5 11.4 0 11.5 0 15.9 146 114 16.9 1.7
"73" "73" 2016-03-24 27.98 "NYK" "" "CHI" "W" 12 1 33.9833333333333 0.5 0.5 0 21 12.5 3.9 0 6.6 50 11.3 53 97 2.1 -6.2
"74" "74" 2016-03-26 27.99 "NYK" "" "CLE" "L" -14 1 25.7333333333333 0.5 0.5 7.8 16.2 11.9 0 0 0 0 15 110 124 5.4 -6
"75" "75" 2016-03-28 27.99 "NYK" "@" "NOP" "L" -8 1 30.0166666666667 0.638 0.667 10.2 7.6 9 13.8 0 5.7 18.4 24 103 104 13.1 1.9
"76" "76" 2016-03-30 28 "NYK" "@" "DAL" "L" -2 1 30.9 0.667 0.667 12.6 19.4 16.4 10.8 0 0 25 11.8 113 102 7.9 0
"77" "77" 2016-04-01 28 "NYK" "" "BRK" "W" 14 1 28.9333333333333 0.615 0.5 0 11.2 6.8 8.6 0 8.6 38.1 12.6 85 95 6.4 -1.3
"78" "78" 2016-04-03 28.01 "NYK" "" "IND" "L" -5 1 35.2333333333333 0.313 0.313 21.3 17 19.6 15.6 0 13.9 5.9 20.2 90 91 13.8 1.1
"79" "79" 2016-04-06 28.01 "NYK" "" "CHO" "L" -14 1 35.1166666666667 0.581 0.5 11.1 12.4 11.8 12.5 1.5 4.3 30.4 13.2 104 120 9 -2.4
"80" "80" 2016-04-08 28.02 "NYK" "@" "PHI" "W" 7 1 28.3833333333333 0.539 0.529 31.5 19.1 24.2 6.1 0 9.4 8.2 36.3 116 100 20.2 3.1
"81" "81" 2016-04-10 28.02 "NYK" "" "TOR" "L" -4 1 27.9 0.46 0.4 11.7 8.4 10.1 6.8 0 3 8.4 19.2 104 111 7.7 -1.3
"82" "82" 2016-04-12 28.03 "NYK" "@" "IND" "L" -12 1 22.25 0.5 0.5 10.5 23.3 16.6 23.6 0 3.5 11.1 19.6 107 113 8.4 0.5
"1" "1" 2016-10-27 28.57 "CHI" "" "BOS" "W" 6 1 27.4666666666667 0.41 0.375 20.6 8.7 15.4 5.7 0 0 9.3 16 105 109 6.5 -4.8
"2" "2" 2016-10-29 28.58 "CHI" "" "IND" "W" 17 1 18.7333333333333 0.761 0.714 13.5 24.4 19.2 15.9 0 7.3 0 18.8 170 104 13.3 9.3
"3" "3" 2016-10-31 28.58 "CHI" "@" "BRK" "W" 30 1 19.4166666666667 0.34 0.2 11.8 12.2 12 11.6 0 7.6 0 12.5 114 89 5.6 0.4
"4" "4" 2016-11-02 28.59 "CHI" "@" "BOS" "L" -7 1 14.1666666666667 0.515 0.5 23.1 15.4 19.3 0 0 12.3 20.5 29.1 94 109 5.9 -2.5
"5" "5" 2016-11-04 28.59 "CHI" "" "NYK" "L" -13 1 28.65 0.363 0.333 15.2 8.8 12.3 5 0 4.9 12.7 12.2 99 132 4.9 -5.9
"6" "6" 2016-11-05 28.6 "CHI" "@" "IND" "L" -17 1 27.0833333333333 0.75 0.75 13 20.3 16.3 0 0 5.9 11.1 15 138 122 12.1 3.1
"7" "7" 2016-11-07 28.6 "CHI" "" "ORL" "W" 32 1 24.3666666666667 0.571 0.571 12.3 16.8 14.5 0 0 3.6 0 12.5 133 87 7.9 -1.3
"8" "8" 2016-11-09 28.61 "CHI" "@" "ATL" "L" -8 1 29.75 0.75 0.75 3.8 17.9 10.2 4.5 0 0 0 5.7 158 120 5.8 -4
"9" "9" 2016-11-10 28.61 "CHI" "@" "MIA" "W" 3 1 37.55 0.4 0.4 20.3 5.1 12.2 0 0 2.2 4.8 24.9 96 110 9.2 -6.7
"10" "10" 2016-11-12 28.62 "CHI" "" "WAS" "W" 11 1 38 0.313 0.313 14.9 17.7 16.3 3.9 0 3.2 11.1 19.3 79 99 6 -8.1
"11" "11" 2016-11-15 28.62 "CHI" "@" "POR" "W" 25 1 29.3666666666667 0.421 0.4 9.3 20.8 15.5 5.2 0 2.7 0 21 109 89 10 -0.1
"12" "12" 2016-11-17 28.63 "CHI" "@" "UTA" "W" 8 1 38.2833333333333 0.313 0.313 16.9 14.9 16 0 0 4.7 0 19.1 89 92 7.8 -2.6
"13" "13" 2016-11-19 28.64 "CHI" "@" "LAC" "L" -7 1 25.5833333333333 0.833 0.833 13.4 15.2 14.2 0 2.2 0 0 11.3 177 120 10.6 4
"14" "14" 2016-11-20 28.64 "CHI" "@" "LAL" "W" 8 1 27.7333333333333 0.545 0.545 16.1 24.2 20.5 10 0 5.6 0 16.5 138 108 14.4 4.5
"15" "15" 2016-11-22 28.64 "CHI" "@" "DEN" "L" -3 1 35.35 0.5 0.5 11.3 9.9 10.5 3.9 1.4 10.4 0 15 118 109 15.1 2.5
"16" "16" 2016-11-25 28.65 "CHI" "@" "PHI" "W" 16 1 22.85 0.421 0.364 12.4 8.8 10.6 6.6 0 3.8 14.4 25.7 87 95 5.6 -7
"17" "17" 2016-11-30 28.67 "CHI" "" "LAL" "L" -6 1 32.3333333333333 0.388 0.333 10.6 14.8 12.6 5.7 1.5 16.3 13.4 18.8 82 90 11.6 1.3
"18" "18" 2016-12-02 28.67 "CHI" "" "CLE" "W" 6 1 26.2166666666667 0.5 0.5 17 4.7 11.2 0 0 0 9.1 17.4 110 115 6.3 -7.8
"19" "19" 2016-12-03 28.67 "CHI" "@" "DAL" "L" -25 1 25.7333333333333 0.582 0.583 23.3 8.3 15.4 0 0 3.3 13.4 27.7 113 123 10.2 -1.2
"20" "20" 2016-12-05 28.68 "CHI" "" "POR" "L" -2 1 33.3833333333333 0.451 0.333 23.4 22.4 22.9 9 0 4.2 11.4 11 125 117 12 -0.6
"21" "21" 2016-12-06 28.68 "CHI" "@" "DET" "L" -11 1 32.9 0.524 0.6 9.9 16.2 13.1 5.1 0 6.5 28.2 15.1 87 107 7.1 -1.7
"22" "22" 2016-12-08 28.69 "CHI" "" "SAS" "W" 4 1 27.8 0.667 0.667 8 10.2 9.2 0 0 2.5 10 15.4 118 98 10.1 3.9
"23" "23" 2016-12-10 28.69 "CHI" "" "MIA" "W" 5 1 30.6 0.286 0.286 15.3 19.2 17.4 4.5 0 6.6 0 10.1 99 104 6.9 -1.4
"24" "24" 2016-12-13 28.7 "CHI" "" "MIN" "L" -5 1 32.8833333333333 0.778 0.778 12.4 3.4 8.1 0 0 9 18.2 15.4 128 112 14 3.5
"25" "25" 2016-12-15 28.71 "CHI" "@" "MIL" "L" -11 1 25.4333333333333 0.5 0.5 5.4 15.7 11.4 12.9 0 2.5 0 11 116 115 6.2 0.4
"26" "26" 2016-12-16 28.71 "CHI" "" "MIL" "L" -26 1 28.3333333333333 0.368 0.3 16.7 4 11.5 7.4 0 3 21.6 21.3 75 115 5.1 -6.5
"27" "27" 2016-12-19 28.72 "CHI" "" "DET" "W" 31 1 25.6 0.7 0.7 18.1 12 14.4 0 0 0 9.1 21 133 100 10.6 -3.7
"28" "28" 2016-12-21 28.72 "CHI" "" "WAS" "L" -10 1 33.0666666666667 0.6 0.6 2.6 11.5 6.2 4.3 1.5 2.3 28.6 8.7 88 110 5.3 -3
"29" "29" 2016-12-23 28.73 "CHI" "@" "CHO" "L" -12 1 32.7333333333333 0.375 0.375 11.1 15.6 13.2 4.4 0 4.4 0 10.7 106 113 6.4 -4.1
"30" "30" 2016-12-25 28.73 "CHI" "@" "SAS" "L" -19 1 19.3333333333333 0.644 0.667 16.2 7.1 12.3 8.5 0 0 34 26.8 92 134 4.9 -7.8
"31" "31" 2016-12-26 28.74 "CHI" "" "IND" "W" 5 1 32.2833333333333 0.474 0.5 15.8 25.4 20.3 0 3.3 2.7 26.2 15.7 84 89 7.7 -2.2
"32" "32" 2016-12-28 28.74 "CHI" "" "BRK" "W" 2 1 30.8 0.676 0.625 3.5 13.6 8.6 5.7 0 5.8 10.1 13 132 106 11 2.3
"33" "33" 2016-12-30 28.75 "CHI" "@" "IND" "L" -10 1 18.75 1.136 NA 5.2 6.4 5.8 7.3 0 4.1 69.4 6.7 89 121 1.6 -5.7
"34" "34" 2016-12-31 28.75 "CHI" "" "MIL" "L" -20 1 30.7333333333333 0.545 0.545 9.8 35.3 19.8 6.6 0 2.6 8.3 17.6 111 130 10.5 -3.4
"35" "35" 2017-01-02 28.76 "CHI" "" "CHO" "W" 7 1 22.5166666666667 0.363 0.333 5.1 23 13.5 0 0 10 0 13 94 113 4.8 -6.5
"36" "36" 2017-01-04 28.76 "CHI" "@" "CLE" "W" 12 1 23.2166666666667 0.6 0.6 15.5 8.8 11.9 5.9 0 3.6 28.6 14 106 110 4.6 -5.3
"37" "37" 2017-01-07 28.77 "CHI" "" "TOR" "W" 5 1 27.0666666666667 0.429 0.429 3.8 16 9.7 0 0 0 0 10.7 101 114 3.4 -5.3
"38" "38" 2017-01-09 28.78 "CHI" "" "OKC" "L" -15 1 25.8 0.202 0.143 4.1 15.9 9.3 0 0 3.2 0 13.4 54 119 0 -11.8
"39" "39" 2017-01-10 28.78 "CHI" "@" "WAS" "L" -2 1 33.5666666666667 0.574 0.5 15.2 3.7 10 5.1 1.4 2.3 14.1 17.8 116 103 12 0.1
"40" "40" 2017-01-12 28.78 "CHI" "@" "NYK" "L" -15 1 23.5333333333333 0.5 0.5 9.1 22.2 15.7 0 0 5.9 9.1 20.4 99 111 7.9 -1.2
"41" "41" 2017-01-14 28.79 "CHI" "" "NOP" "W" 8 1 26.75 0.25 0.25 28.3 7.5 18.8 14.3 0 5.9 0 17.8 102 104 8.8 -2.5
"42" "42" 2017-01-15 28.79 "CHI" "@" "MEM" "W" 4 1 37 0.455 0.455 9.1 9.6 9.4 7.7 0 6.2 7 17.5 101 110 10.5 -1.2
"43" "43" 2017-01-17 28.8 "CHI" "" "DAL" "L" -1 1 35.7833333333333 0.68 0.667 16.4 0 8.5 0 0 2.7 16.3 23.6 117 114 14.9 0.3
"44" "44" 2017-01-20 28.81 "CHI" "@" "ATL" "L" -9 1 24.65 0.714 0.714 4.6 20 12 8 2 9.7 0 12 151 99 12 8.8
"45" "45" 2017-01-21 28.81 "CHI" "" "SAC" "W" 3 1 29.0666666666667 0.507 0.5 14.7 15.4 15 12.1 0 2.8 0 13.5 129 112 9.5 -0.8
"46" "46" 2017-01-24 28.82 "CHI" "@" "ORL" "W" 8 1 27.4833333333333 0.8 0.8 4.2 10.5 7.6 0 0 2.8 16.7 10.2 133 101 6.2 -2
"47" "47" 2017-01-25 28.82 "CHI" "" "ATL" "L" -5 1 28.1 0.2 0.2 3.8 24.4 12.8 8.3 0 3.2 16.7 9.2 64 125 1.4 -9
"48" "48" 2017-01-27 28.82 "CHI" "" "MIA" "L" -12 1 17.8 0.543 0.5 6.4 6.6 6.5 10.8 0 0 13.4 18.2 102 112 4.7 -1.3
"49" "49" 2017-01-29 28.83 "CHI" "" "PHI" "W" 13 1 31.3666666666667 0.733 0.692 14.6 15.3 15 9.8 0 6.5 0 19.7 159 106 22.5 8
"50" "50" 2017-02-01 28.84 "CHI" "@" "OKC" "W" 28 1 20.7 0.875 0.875 7.7 4.7 5.9 0 0 3.7 0 18 173 106 11.3 4.5
"51" "51" 2017-02-03 28.84 "CHI" "@" "HOU" "L" -4 1 40.5333333333333 0.394 0.375 9.7 19.5 14.2 5.9 0 4.8 0 9.5 112 113 9.1 -3.4
"52" "52" 2017-02-06 28.85 "CHI" "@" "SAC" "W" 5 1 31.8666666666667 0.618 0.583 15.4 8.4 12.1 9.3 1.6 0 17.9 24.6 115 121 13 -3.3
"53" "53" 2017-02-08 28.86 "CHI" "@" "GSW" "L" -31 1 29.05 0.45 0.444 21 14.6 18.6 27.8 1.7 0 5 28.7 106 127 15.4 3.8
"54" "54" 2017-02-10 28.86 "CHI" "@" "PHO" "L" -18 1 23.35 0.607 0.556 24.5 9.8 17.1 0 0 0 9.2 21 128 131 9.6 -4.5
"55" "55" 2017-02-12 28.87 "CHI" "@" "MIN" "L" -28 1 23.9666666666667 0.437 0.455 13.4 5.6 9.9 16 0 3.5 8 23.1 95 126 6.2 -5
"56" "56" 2017-02-14 28.87 "CHI" "" "TOR" "W" 11 1 21.15 0.333 0.333 13.8 23.9 19.2 0 0 8 20 32.3 62 98 1.8 -13.9
"57" "57" 2017-02-16 28.88 "CHI" "" "BOS" "W" 1 1 26.7833333333333 0.558 0.538 21.3 13.4 17.5 14.1 0 9 6.9 24.3 126 115 14.5 4.9
"58" "58" 2017-02-24 28.9 "CHI" "" "PHO" "W" 7 1 36.15 0.582 0.533 3.2 17 9.9 0 0 2.1 0 19.4 122 114 13.8 -4.1
"59" "59" 2017-02-25 28.9 "CHI" "@" "CLE" "W" 18 1 20.9333333333333 0.5 0.5 0 5.6 2.6 6.6 2.4 0 9.1 23.6 90 104 6 -4.9
"60" "60" 2017-02-28 28.91 "CHI" "" "DEN" "L" -18 1 26.15 0.357 0.357 11 0 6.9 21.1 0 7.3 6.7 24.5 91 129 6.3 -6.3
"61" "61" 2017-03-02 28.92 "CHI" "" "GSW" "W" 7 1 22.3666666666667 0.333 0.333 10.2 4.5 7.2 0 0 3.7 0 30.3 75 92 3.5 -8
"62" "62" 2017-03-04 28.92 "CHI" "" "LAC" "L" -10 1 26.7833333333333 0.429 0.429 17.9 8.5 13.1 14.8 0 0 12.5 25.9 93 116 6.2 -4.9
"63" "63" 2017-03-06 28.93 "CHI" "@" "DET" "L" -14 1 33.6166666666667 0.503 0.471 0 14.3 6.7 6.3 1.5 2 0 25 101 115 11.7 -1.6
"64" "64" 2017-03-08 28.93 "CHI" "@" "ORL" "L" -7 1 35.75 0.556 0.556 9.6 16.1 13.1 4.6 0 4.2 18.2 14.5 100 107 9.3 -3.2
"65" "65" 2017-03-10 28.94 "CHI" "" "HOU" "L" -21 1 19.5 0.333 0.333 4.6 15.1 9.6 0 0 11.7 33.3 18.3 48 107 -1 -13.9
"66" "66" 2017-03-12 28.95 "CHI" "@" "BOS" "L" -20 1 25.0666666666667 0.888 0.833 7.5 4.8 6.3 24.5 2 7.8 21.5 16.5 144 108 15 12.6
"67" "67" 2017-03-13 28.95 "CHI" "@" "CHO" "W" 6 1 30.1833333333333 0.429 0.429 0 9.7 5.1 8.8 0 2.5 12.5 11.4 87 118 3.5 -6.9
"68" "68" 2017-03-15 28.95 "CHI" "" "MEM" "L" -7 1 24.0333333333333 0.571 0.571 3.8 8.9 6.2 0 2.3 0 0 13.6 119 115 5.8 -4.1
"69" "69" 2017-03-17 28.96 "CHI" "@" "WAS" "L" -5 1 32.75 0.76 0.75 24.4 14.4 18.9 11.1 0 0 10.8 23.7 144 117 23.6 7.6
"70" "70" 2017-03-18 28.96 "CHI" "" "UTA" "W" 9 1 29.85 0.543 0.5 12.4 6.6 9.1 5.7 0 5.7 7.2 23.2 112 105 11 -1.2
"71" "71" 2017-03-21 28.97 "CHI" "@" "TOR" "L" -2 1 24.6166666666667 0.676 0.625 15 4.7 9.7 6.9 0 9 10.1 18.4 135 120 12.2 2.1
"72" "" 2017-03-22 28.97 "CHI" "" "DET" "W" 22 NA NA NA NA NA NA NA NA NA NA NA NA NA NA NA NA
"73" "72" 2017-03-24 28.98 "CHI" "" "PHI" "L" -10 1 18.0666666666667 0.073 0 0 7.6 3.1 0 0 4.6 0 15.4 19 122 -2.6 -19
"74" "73" 2017-03-26 28.98 "CHI" "@" "MIL" "W" 15 1 28.0666666666667 0.692 0.692 4.9 14.3 10.3 11.2 0 2.8 0 21.5 144 104 15.7 6.6
"75" "74" 2017-03-30 28.99 "CHI" "" "CLE" "W" 6 1 35.65 0.417 0.417 8.1 23.9 15.6 0 2.9 2.4 14.3 17.1 82 95 7.2 -6.3
"76" "75" 2017-04-01 29 "CHI" "" "ATL" "W" 2 1 36.2666666666667 0.444 0.444 3.3 8.8 6.2 3.8 0 0 18.2 14.1 79 114 2.8 -10
"77" "76" 2017-04-02 29 "CHI" "@" "NOP" "W" 7 1 26.3333333333333 0.457 0.429 4.2 11.9 8.2 0 0 0 0 14.4 102 116 4.7 -8
"78" "77" 2017-04-04 29.01 "CHI" "@" "NYK" "L" -9 1 33.1 0.442 0.417 8.9 3.5 6.4 5.9 1.6 4.4 13.9 19.2 87 111 8.1 -3.2
"79" "78" 2017-04-06 29.01 "CHI" "@" "PHI" "W" 12 1 31.65 0.324 0.308 9.1 10.6 9.9 9.2 1.5 7.8 17.8 22.4 68 86 5.5 -5.5
"80" "79" 2017-04-08 29.02 "CHI" "@" "BRK" "L" -1 1 26.9666666666667 0.673 0.636 7.9 20.9 14.8 0 0 2.9 14.4 21.6 121 105 11.4 0.1
"81" "80" 2017-04-10 29.02 "CHI" "" "ORL" "W" 47 1 29.4666666666667 0.643 0.643 12.5 15.7 14.3 4.9 0 2.9 12.5 24.1 118 83 14.4 -1
"82" "81" 2017-04-12 29.03 "CHI" "" "BRK" "W" 39 1 23.0666666666667 0.678 0.5 8 21.5 15.1 5.6 0 3.9 13.1 13.7 136 76 9.4 0.8
"1" "1" 2017-10-19 29.55 "CHI" "@" "TOR" "L" -17 1 31.7333333333333 0.537 0.467 13.2 14.4 13.8 11.5 1.5 0 5.6 23.2 117 118 14.5 1.4
"2" "2" 2017-10-21 29.56 "CHI" "" "SAS" "L" -10 1 29.55 0.621 0.625 10.6 12 11.4 24.8 0 6 23.7 26.1 99 90 13.1 8.4
"3" "3" 2017-10-24 29.56 "CHI" "@" "CLE" "L" -7 1 30.1166666666667 0.688 0.688 8.2 4.1 6.1 14.1 0 0 11.1 14 137 134 9.8 -2.2
"4" "4" 2017-10-26 29.57 "CHI" "" "ATL" "W" 5 1 36.1833333333333 0.421 0.421 18.2 2.6 10.4 26 0 5 9.5 24.9 101 99 12.1 0.3
"5" "5" 2017-10-28 29.58 "CHI" "" "OKC" "L" -32 1 25.3666666666667 0.506 0.444 3.6 8.2 5.7 26.2 0 7 9.2 19.5 101 113 8 1.2
"6" "6" 2017-11-01 29.59 "CHI" "@" "MIA" "L" -6 1 33.9666666666667 0.615 0.588 2.7 8.5 5.5 12.9 1.4 2.7 5.3 24.4 117 98 17.4 5.8
"7" "7" 2017-11-03 29.59 "CHI" "@" "ORL" "W" 22 1 28.8166666666667 0.481 0.455 12.5 25.3 19.4 10.5 0 3.3 14.9 21.5 100 87 8.8 -3.3
"8" "8" 2017-11-04 29.59 "CHI" "" "NOP" "L" -6 1 42.5333333333333 0.373 0.353 7.9 13.3 10.2 4.5 0 2.2 21 24.4 67 98 2.4 -11.7
"9" "9" 2017-11-07 29.6 "CHI" "@" "TOR" "L" -5 1 25.6666666666667 0.909 0.909 9.8 5.2 7.6 8.8 1.9 0 0 19.5 183 125 18.1 7.9
"10" "10" 2017-11-10 29.61 "CHI" "" "IND" "L" -18 1 27.5 0.202 0.143 6.3 13.4 9.3 14.9 0 6.3 21.2 15.1 57 108 1.5 -10.5
"11" "11" 2017-11-11 29.61 "CHI" "@" "SAS" "L" -39 1 27.5166666666667 0.715 0.727 8.5 11.3 9.7 13.4 0 3 20.2 24.8 114 142 12.4 -1.8
"12" "12" 2017-11-15 29.62 "CHI" "@" "OKC" "L" -13 1 22.2333333333333 0.436 0.333 5 5 5 10 0 0 0 15.3 102 113 3.1 -5.8
"13" "13" 2017-11-17 29.63 "CHI" "" "CHO" "W" 3 1 28.4333333333333 0.3 0.3 4.1 9.4 6.6 12.1 0 0 23.1 20.4 65 124 -1 -17.3
"14" "14" 2017-11-19 29.64 "CHI" "@" "PHO" "L" -8 1 30.9 0.587 0.545 18.3 14.1 16.4 0 0 0 6.8 19.2 126 114 12.7 -2.1
"15" "15" 2017-11-21 29.64 "CHI" "@" "LAL" "L" -9 1 32.6166666666667 0.636 0.636 2.6 5.8 4.1 11.5 0 2.9 8.3 15.4 121 109 9.5 -0.9
"16" "16" 2017-11-22 29.64 "CHI" "@" "UTA" "L" -30 1 24.8666666666667 0.697 0.667 8.6 9 8.8 11.1 0 0 15.7 24 119 123 11.4 4.8
"17" "17" 2017-11-24 29.65 "CHI" "@" "GSW" "L" -49 1 25.7166666666667 0.444 0.429 13.3 17 14.7 12.7 0 0 20.2 15.3 93 142 4.8 -9.7
"18" "18" 2017-11-26 29.65 "CHI" "" "MIA" "L" -7 1 27.4666666666667 0.417 0.417 10.3 17 13.3 21.6 1.8 0 14.3 22.4 86 105 8 -3.3
"19" "19" 2017-11-28 29.66 "CHI" "" "PHO" "L" -5 1 34 0.315 0.267 10.7 6.3 8.6 13.1 0 2.5 11.2 23.5 78 116 4.9 -12.9
"20" "20" 2017-11-30 29.67 "CHI" "@" "DEN" "L" -1 1 34.25 0.812 0.818 10.8 9.3 10 4.5 1.5 0 24.5 22.4 121 118 15 -0.2
"21" "21" 2017-12-01 29.67 "CHI" "" "SAC" "L" -1 1 29.2833333333333 0.538 0.538 11.4 8.6 10.1 21.5 1.8 0 0 20.5 126 116 14.2 1.6
"22" "22" 2017-12-04 29.68 "CHI" "" "CLE" "L" -22 1 25.5166666666667 0.761 0.714 11.1 9.9 10.6 15.3 0 8.4 0 17.1 166 124 15.8 9.5
"23" "23" 2017-12-06 29.68 "CHI" "@" "IND" "L" -2 1 33.8166666666667 0.673 0.636 9.9 6.8 8.3 4.9 0 2.7 14.4 18.6 124 107 13.2 2.1
"24" "24" 2017-12-08 29.69 "CHI" "@" "CHO" "W" 8 1 42.8 0.598 0.6 5.3 16.8 11.7 3.4 0 1.7 20.1 20.1 97 100 10.5 -4.1
"25" "25" 2017-12-09 29.69 "CHI" "" "NYK" "W" 2 1 30.5166666666667 0.854 0.833 3.9 7.9 5.9 9.2 0 4.7 38.3 15.5 101 109 7.3 -4.8
"26" "26" 2017-12-11 29.7 "CHI" "" "BOS" "W" 23 1 24.1833333333333 0.444 0.429 8.8 8.4 8.6 12 0 0 20.2 19.6 91 102 3.5 -9.1
"27" "27" 2017-12-13 29.7 "CHI" "" "UTA" "W" 3 1 36.3833333333333 0.4 0.4 7.6 3.1 5.6 21.7 0 6.5 9.1 26.1 89 98 11.2 0
"28" "28" 2017-12-15 29.71 "CHI" "@" "MIL" "W" 6 1 29.05 0.605 0.643 20.7 7.3 14.2 6.1 0 0 0 21.7 136 118 16.1 3.5
"29" "29" 2017-12-18 29.72 "CHI" "" "PHI" "W" 2 1 21.8 0.429 0.429 0 5.1 2.6 5.9 2 7.6 22.2 17.2 68 104 3.3 -6.7
"30" "30" 2017-12-20 29.72 "CHI" "" "ORL" "W" 18 1 26.9833333333333 0.455 0.455 9.4 18.5 14.5 5.1 0 5.7 0 18.8 106 97 8.9 -4
"31" "31" 2017-12-21 29.72 "CHI" "@" "CLE" "L" -3 1 27.2166666666667 0.636 0.636 5.3 9.5 7.6 15.3 1.9 0 0 19.3 135 123 12.3 0.7
"32" "32" 2017-12-23 29.73 "CHI" "@" "BOS" "L" -25 1 16.8666666666667 0.68 0.6 11.4 12.1 11.7 33.5 0 0 14.5 17.5 133 124 8.8 6.8
"33" "33" 2017-12-26 29.74 "CHI" "@" "MIL" "W" 9 1 23.65 0.417 0.417 7.8 11.3 9.2 11.6 0 3.9 7.7 22 95 106 5.9 -6
"34" "34" 2017-12-27 29.74 "CHI" "" "NYK" "W" 5 1 29.5166666666667 0.413 0.333 6.8 12.3 9.7 22.8 1.6 2.4 13.1 23.1 87 86 9.3 0.8
"35" "35" 2017-12-29 29.75 "CHI" "" "IND" "W" 12 1 23.8 0.667 0.667 0 18.3 9.7 6.5 2.1 0 18.2 20.8 100 108 7.8 -5.2
"36" "36" 2017-12-31 29.75 "CHI" "@" "WAS" "L" -4 1 20.85 0.901 0.875 5.1 4.8 5 8.9 0 0 0 18 184 123 14.5 11.3
"37" "37" 2018-01-01 29.75 "CHI" "" "POR" "L" -4 1 35.6666666666667 0.422 0.375 14 2.7 8.3 20.6 0 5.9 5.3 22.1 109 117 13.8 -0.3
"38" "38" 2018-01-03 29.76 "CHI" "" "TOR" "L" -9 1 23.6333333333333 0.505 0.455 4 0 2.2 37.1 0 0 14.4 24.7 106 127 8.4 -0.6
"39" "39" 2018-01-05 29.76 "CHI" "@" "DAL" "W" 3 1 21.7666666666667 0.551 0.6 0 16.1 8.7 14.3 0 3.7 21.6 27.9 88 123 6.6 -8.5
"40" "40" 2018-01-06 29.77 "CHI" "@" "IND" "L" -39 1 20.35 0.85 0.8 9.8 0 5.7 0 0 4.3 25.4 17.7 126 137 7.8 -1.4
"41" "41" 2018-01-08 29.77 "CHI" "" "HOU" "L" -9 1 14.65 0.205 0 0 7.3 3.7 8.2 0 10.2 17 18.4 45 118 -0.9 -15.9
"42" "42" 2018-01-10 29.78 "CHI" "@" "NYK" "W" 3 1 40.4666666666667 0.672 0.643 2.9 17.6 10.1 8.9 0 3.9 16.8 20.9 115 109 14.9 -0.6
"43" "43" 2018-01-13 29.79 "CHI" "" "DET" "W" 2 1 29.4666666666667 0.6 0.6 4.3 6.9 5.7 10.1 0 2.6 16.7 18.6 104 118 8.8 -5
"44" "44" 2018-01-15 29.79 "CHI" "" "MIA" "W" 8 1 23.65 0.833 0.833 0 29 14.3 6.4 0 0 25 15.2 113 112 7.9 -1.6
"45" "45" 2018-01-17 29.8 "CHI" "" "GSW" "L" -7 1 22.1 0.727 0.727 7.5 10.9 8.9 0 0 0 15.4 23 118 120 11.5 1.2
"46" "46" 2018-01-20 29.81 "CHI" "@" "ATL" "W" 16 1 25.1333333333333 0.72 0.692 4.8 14.4 10.3 16.7 0 0 6.7 27 132 99 15.6 3.2
"47" "47" 2018-01-22 29.81 "CHI" "@" "NOP" "L" -4 1 39.25 0.652 0.625 6.4 4.7 5.4 14.7 0 2.1 22.9 24.7 101 116 12.6 -2.8
"48" "48" 2018-01-24 29.82 "CHI" "@" "PHI" "L" -14 1 18.7666666666667 0.167 0.167 14.8 19.7 16.9 0 2.6 5.2 14.3 15.6 55 110 1.5 -10.6
"49" "49" 2018-01-26 29.82 "CHI" "" "LAL" "L" -5 1 19.3833333333333 0.444 0.444 18.3 0 9.8 9.9 0 3.7 25 25.5 83 113 4.1 -7.6
"50" "50" 2018-01-28 29.83 "CHI" "" "MIL" "L" -14 1 19.5333333333333 0.4 0.4 10.7 0 5.9 28.2 2.6 0 0 22.4 103 117 7.1 1.1
"51" "51" 2018-01-31 29.84 "CHI" "@" "POR" "L" -16 1 28.4166666666667 0.333 0.333 3.1 5.8 4 4.7 0 3.4 0 13.3 82 128 2.5 -12.3
"52" "52" 2018-02-03 29.84 "CHI" "@" "LAC" "L" -10 1 36.3 0.46 0.4 11.6 8.8 10.4 14.7 1.3 2.1 5.8 19.5 108 113 14.1 -0.2
"53" "53" 2018-02-05 29.85 "CHI" "@" "SAC" "L" -6 1 13.15 0.2 0.2 8.1 0 4 12.9 0 0 0 17.8 67 118 -0.9 -17.4
"54" "54" 2018-02-09 29.86 "CHI" "" "MIN" "W" 1 1 27.6166666666667 0.675 0.727 0 11.6 6.1 0 0 2.7 22.1 29.3 95 115 9.7 -4.8
"55" "55" 2018-02-10 29.86 "CHI" "" "WAS" "L" -11 1 27.5666666666667 0.667 0.667 0 16.6 8.1 14.8 0 4 30.8 22.4 86 113 7 -5.1
"56" "56" 2018-02-12 29.87 "CHI" "" "ORL" "W" 4 1 26.15 0.436 0.333 12.8 8.7 10.8 25.3 2 3.5 12.7 13.4 118 107 9.1 2.3
"57" "57" 2018-02-14 29.87 "CHI" "" "TOR" "L" -24 1 22.5666666666667 0.625 0.625 4.3 19.8 11.6 7.5 0 3.9 11.1 18.1 112 123 8.3 -0.5
"58" "" 2018-02-22 29.9 "CHI" "" "PHI" "L" -1 NA NA NA NA NA NA NA NA NA NA NA NA NA NA NA NA
"59" "" 2018-02-24 29.9 "CHI" "@" "MIN" "L" -18 NA NA NA NA NA NA NA NA NA NA NA NA NA NA NA NA
"60" "" 2018-02-26 29.91 "CHI" "@" "BRK" "L" -17 NA NA NA NA NA NA NA NA NA NA NA NA NA NA NA NA
"61" "" 2018-02-27 29.91 "CHI" "@" "CHO" "L" -15 NA NA NA NA NA NA NA NA NA NA NA NA NA NA NA NA
"62" "" 2018-03-02 29.92 "CHI" "" "DAL" "W" 8 NA NA NA NA NA NA NA NA NA NA NA NA NA NA NA NA
"63" "" 2018-03-05 29.93 "CHI" "" "BOS" "L" -16 NA NA NA NA NA NA NA NA NA NA NA NA NA NA NA NA
"64" "" 2018-03-07 29.93 "CHI" "" "MEM" "W" 9 NA NA NA NA NA NA NA NA NA NA NA NA NA NA NA NA
"65" "58" 2018-03-09 29.94 "CHI" "@" "DET" "L" -16 1 12 1.125 1.125 0 18.6 8.7 0 0 0 0 14.5 225 109 8 14.3
"66" "59" 2018-03-11 29.94 "CHI" "@" "ATL" "W" 7 1 12 0.333 0.333 16 0 9 10 0 9.5 0 21.6 102 124 3 -11.9
"67" "60" 2018-03-13 29.95 "CHI" "" "LAC" "L" -6 1 12 0.75 0.75 25.5 0 13.8 0 0 0 0 27.4 153 119 10.9 12.8
"68" "61" 2018-03-15 29.95 "CHI" "@" "MEM" "W" 1 1 12 0.833 0.833 9.1 0 4.5 29.6 0 0 25 14.9 137 123 4.8 4
"69" "" 2018-03-17 29.96 "CHI" "" "CLE" "L" -5 NA NA NA NA NA NA NA NA NA NA NA NA NA NA NA NA
"70" "" 2018-03-19 29.96 "CHI" "@" "NYK" "L" -18 NA NA NA NA NA NA NA NA NA NA NA NA NA NA NA NA
"71" "" 2018-03-21 29.97 "CHI" "" "DEN" "L" -33 NA NA NA NA NA NA NA NA NA NA NA NA NA NA NA NA
"72" "" 2018-03-23 29.98 "CHI" "" "MIL" "L" -13 NA NA NA NA NA NA NA NA NA NA NA NA NA NA NA NA
"73" "62" 2018-03-24 29.98 "CHI" "@" "DET" "L" -22 1 17.15 0.286 0.286 11 6.7 9 8.4 0 6.2 12.5 19.8 71 128 2 -11.1
"74" "" 2018-03-27 29.99 "CHI" "@" "HOU" "L" -32 NA NA NA NA NA NA NA NA NA NA NA NA NA NA NA NA
"75" "63" 2018-03-29 29.99 "CHI" "@" "MIA" "L" -11 1 30.8666666666667 0.505 0.5 6.1 14.5 9.9 6.6 0 8.5 18.9 20.7 87 101 7.4 -2.7
"76" "" 2018-03-30 29.99 "CHI" "@" "ORL" "W" 8 NA NA NA NA NA NA NA NA NA NA NA NA NA NA NA NA
"77" "64" 2018-04-01 30 "CHI" "" "WAS" "W" 19 1 16.5666666666667 0.75 0.75 0 29 15.1 25.3 0 0 33.3 16.6 111 100 5.7 2.1
"78" "" 2018-04-03 30.01 "CHI" "" "CHO" "W" 6 NA NA NA NA NA NA NA NA NA NA NA NA NA NA NA NA
"79" "" 2018-04-06 30.01 "CHI" "@" "BOS" "L" -7 NA NA NA NA NA NA NA NA NA NA NA NA NA NA NA NA
"80" "" 2018-04-07 30.02 "CHI" "" "BRK" "L" -28 NA NA NA NA NA NA NA NA NA NA NA NA NA NA NA NA
"81" "" 2018-04-09 30.02 "CHI" "@" "BRK" "L" -9 NA NA NA NA NA NA NA NA NA NA NA NA NA NA NA NA
"82" "" 2018-04-11 30.03 "CHI" "" "DET" "L" -32 NA NA NA NA NA NA NA NA NA NA NA NA NA NA NA NA
"1" "1" 2018-10-18 30.55 "CHI" "@" "PHI" "L" -19 0 17.7166666666667 0.25 0.25 5.5 0 2.9 19.7 2.5 4.8 33.3 13.7 63 116 1.3 -7.6
"2" "2" 2018-10-20 30.55 "CHI" "" "DET" "L" -2 0 25.2833333333333 0.543 0.5 0 7 4.2 14.9 0 3.1 31.8 16.4 83 123 2.8 -8.1
"3" "3" 2018-10-22 30.56 "CHI" "@" "DAL" "L" -6 0 9.5 0.5 0.5 0 12.6 6.7 14.1 0 0 33.3 14 81 122 -1 -14.9
"4" "" 2018-10-24 30.56 "CHI" "" "CHO" "W" 2 NA NA NA NA NA NA NA NA NA NA NA NA NA NA NA NA
"5" "" 2018-10-26 30.57 "CHI" "@" "CHO" "L" -29 NA NA NA NA NA NA NA NA NA NA NA NA NA NA NA NA
"6" "" 2018-10-27 30.57 "CHI" "@" "ATL" "W" 12 NA NA NA NA NA NA NA NA NA NA NA NA NA NA NA NA
"7" "" 2018-10-29 30.58 "CHI" "" "GSW" "L" -25 NA NA NA NA NA NA NA NA NA NA NA NA NA NA NA NA
"8" "" 2018-10-31 30.58 "CHI" "" "DEN" "L" -1 NA NA NA NA NA NA NA NA NA NA NA NA NA NA NA NA
"9" "4" 2018-11-02 30.59 "CHI" "" "IND" "L" -2 0 3.9 NA NA 55.9 0 29 29.3 0 41.7 NA 0 231 87 3.5 30.6
"10" "" 2018-11-03 30.59 "CHI" "" "HOU" "L" -8 NA NA NA NA NA NA NA NA NA NA NA NA NA NA NA NA
"11" "5" 2018-11-05 30.6 "CHI" "@" "NYK" "W" 1 0 17.3166666666667 0.333 0.333 19.3 11.5 15.2 0 0 8.4 25 10.5 87 105 3.4 -4.6
"12" "6" 2018-11-07 30.6 "CHI" "@" "NOP" "L" -9 0 10.6166666666667 0 0 17.7 0 9 11.9 0 14.1 50 7.9 69 102 1.8 -3.8
"13" "7" 2018-11-10 30.61 "CHI" "" "CLE" "W" 1 0 22.3666666666667 0.667 0.667 5 0 2.4 6.2 0 0 25 8.4 111 114 1.9 -8.8
"14" "8" 2018-11-12 30.62 "CHI" "" "DAL" "L" -5 0 18.4 0.563 0.5 5.2 5.9 5.6 17.5 0 5.7 18.4 12.3 109 103 4.7 0.4
"15" "9" 2018-11-14 30.62 "CHI" "@" "BOS" "L" -29 0 13.0166666666667 0.25 0.25 14.8 0 7.5 0 0 0 33.3 20.1 49 118 -1.4 -18
"16" "10" 2018-11-16 30.63 "CHI" "@" "MIL" "L" -19 0 19.9 0.425 0.4 5 0 2.7 6.7 0 4.8 14.5 14.9 85 123 2.6 -8.5
"17" "11" 2018-11-17 30.63 "CHI" "" "TOR" "L" -39 0 14.5166666666667 0.654 0.75 0 0 0 0 3.1 0 22.5 25 80 115 3.8 -3.6
"18" "12" 2018-11-21 30.64 "CHI" "" "PHO" "W" 8 0 11.5 0.5 0.5 0 10.2 5.6 24.9 0 6.5 14.3 26.9 94 109 4 -4.7
"19" "13" 2018-11-23 30.65 "CHI" "" "MIA" "L" -7 0 25.3 0.477 0.444 7.7 15.2 11.5 6.9 0 3.6 17.5 18.1 87 102 5.1 -5.8
"20" "14" 2018-11-24 30.65 "CHI" "@" "MIN" "L" -15 0 16.35 0.902 0.833 6.7 5.3 5.9 0 2.9 8.5 34 16 111 109 5.9 1.8
"21" "15" 2018-11-26 30.65 "CHI" "" "SAS" "L" -1 0 23.6 0.6 0.6 0 4.5 2.3 11.3 0 0 0 9.6 129 116 5 -4.1
"22" "16" 2018-11-28 30.66 "CHI" "@" "MIL" "L" -3 0 23.15 0.814 0.8 8.5 14.1 11.1 17.7 0 4 16.1 22.9 133 117 13.6 3.8
"23" "17" 2018-11-30 30.67 "CHI" "@" "DET" "L" -19 0 17.6666666666667 0.8 0.8 0 5.9 3 10.4 0 9.4 0 12.7 154 111 7.3 4.9
"24" "18" 2018-12-01 30.67 "CHI" "@" "HOU" "L" -16 0 8.21666666666667 0.5 0.5 0 0 0 0 0 0 33.3 15.7 63 126 -0.4 -15.3
"25" "" 2018-12-04 30.68 "CHI" "@" "IND" "L" -6 NA NA NA NA NA NA NA NA NA NA NA NA NA NA NA NA
"26" "19" 2018-12-07 30.68 "CHI" "" "OKC" "W" 2 0 23.4166666666667 0.506 0.5 4.9 17.1 11.4 12.5 0 0 15.5 23.5 93 110 5.7 -8.3
"27" "20" 2018-12-08 30.69 "CHI" "" "BOS" "L" -56 0 12.8666666666667 0.25 0.25 0 17.8 8.2 0 0 7.5 33.3 21.9 33 140 -1.9 -21.3
"28" "21" 2018-12-10 30.69 "CHI" "" "SAC" "L" -19 0 9.2 0.6 0.6 0 12.1 6.4 0 0 10.2 28.6 33.6 75 109 2.3 -6.3
"29" "22" 2018-12-13 30.7 "CHI" "@" "ORL" "L" -6 0 28.2333333333333 0.598 0.429 0 4.1 2.2 0 0 6.9 9.8 17.7 107 106 6.8 -3.2
"30" "23" 2018-12-15 30.71 "CHI" "@" "SAS" "W" 5 0 19.3833333333333 0.644 0.5 11.8 19 15.3 8.4 0 4.8 0 18.8 147 107 10.7 6.3
"31" "24" 2018-12-17 30.71 "CHI" "@" "OKC" "L" -25 0 16.95 0.667 0.667 6.3 12.6 9.4 0 2.8 4.2 62.5 19.7 47 116 -0.5 -14.6
"32" "25" 2018-12-19 30.72 "CHI" "" "BRK" "L" -3 0 14.9166666666667 0.333 0.333 13.7 8.7 11.5 8.7 0 6.6 25 12.4 83 108 2 -6.8
"33" "26" 2018-12-21 30.72 "CHI" "" "ORL" "W" 10 0 22.9 0.771 0.917 9.7 7.8 8.6 18.6 0 4 9.9 22.6 137 98 12.5 10.2
"34" "27" 2018-12-23 30.73 "CHI" "@" "CLE" "W" 20 0 19.8333333333333 0.583 0.556 7.8 11.3 9.8 0 0 4 24.1 31.2 88 103 5.3 -12.1
"35" "28" 2018-12-26 30.74 "CHI" "" "MIN" "L" -25 0 20.0333333333333 0.223 0.231 27.6 16 22.2 22.6 0 3.9 13 33 68 122 3.2 -10.6
"36" "29" 2018-12-28 30.74 "CHI" "@" "WAS" "W" 9 0 15.3 0.714 0.714 0 20 10.9 29.4 0 11.4 12.5 25.1 124 95 9 9.5
"37" "30" 2018-12-30 30.75 "CHI" "@" "TOR" "L" -6 0 14.3166666666667 0 0 8 18.6 14 0 0 0 33.3 19.4 12 104 -3.6 -22.2
"38" "31" 2019-01-02 30.76 "CHI" "" "ORL" "L" -28 0 15.6666666666667 0 0 14.6 9.9 12.6 0 0 0 0 3 91 125 0.6 -11.9
"39" "32" 2019-01-04 30.76 "CHI" "" "IND" "L" -3 0 7.48333333333333 1 1 0 0 0 0 0 0 80 31.1 26 123 -3.1 -33.9
"40" "33" 2019-01-06 30.77 "CHI" "" "BRK" "L" -17 0 13.6 0.75 0.75 0 18.1 8.6 0 3.8 0 20 16.6 110 120 4.6 -1.9
"41" "34" 2019-01-09 30.78 "CHI" "@" "POR" "L" -12 0 6.63333333333333 0.667 0.667 15.4 21.9 18.1 25.4 7.2 0 0 19.2 151 110 5.4 16.8
"42" "35" 2019-01-11 30.78 "CHI" "@" "GSW" "L" -37 0 13.3333333333333 0.625 0.625 0 10.3 4.6 0 0 0 0 13.6 119 150 2.5 -7.8
"43" "36" 2019-01-12 30.78 "CHI" "@" "UTA" "L" -8 0 13.4 0.5 0.5 20.7 7.6 14.5 21.8 0 8.3 0 12.6 136 113 6.1 3.3
"44" "" 2019-01-15 30.79 "CHI" "@" "LAL" "L" -7 NA NA NA NA NA NA NA NA NA NA NA NA NA NA NA NA
"45" "37" 2019-01-17 30.8 "CHI" "@" "DEN" "L" -30 0 19.0166666666667 0.781 0.8 15.8 18 16.8 0 0 4.5 8.4 27.3 142 142 15.1 7
"46" "38" 2019-01-19 30.8 "CHI" "" "MIA" "L" -14 1 20.9333333333333 0.5 0.5 18 18.1 18 0 0 0 0 10.1 131 123 6 -3.3
"47" "39" 2019-01-21 30.81 "CHI" "@" "CLE" "W" 16 1 23.7333333333333 0.444 0.444 28.9 15.3 20.7 29 2.1 3.4 10 19.5 121 88 10.3 2.6
"48" "40" 2019-01-23 30.81 "CHI" "" "ATL" "L" -20 1 15.05 0.868 1 15.2 6.9 10.9 0 0 6.4 51 17.7 87 127 2.2 -12.5
"49" "41" 2019-01-25 30.82 "CHI" "" "LAC" "L" -5 0 7.78333333333333 0 0 0 29.4 12.5 15.4 0 10.1 0 10.7 27 99 0.6 -5.9
"50" "42" 2019-01-27 30.82 "CHI" "" "CLE" "L" -3 1 26.4333333333333 0.627 0.636 15.1 10.7 12.8 0 0 12.5 13.6 25.4 114 108 14.4 1.8
"51" "43" 2019-01-29 30.83 "CHI" "@" "BRK" "L" -5 1 19.5166666666667 0.228 0.143 0 9.5 5.3 0 0 0 0 18.1 49 116 -1.1 -15.2
"52" "44" 2019-01-30 30.83 "CHI" "@" "MIA" "W" 16 1 23.5166666666667 0.77 0.75 5.5 0 2.3 0 2.2 8.7 10.6 19.4 131 99 11.5 5.5
"53" "45" 2019-02-02 30.84 "CHI" "@" "CHO" "L" -7 1 16.7333333333333 0.81 0.667 16.4 21.5 19.1 7.9 0 5.7 0 12.1 185 135 9 5.4
"54" "46" 2019-02-06 30.85 "CHI" "" "NOP" "L" -5 1 29.2 0.698 0.714 4 8 6 4.5 0 6.6 0 12.1 147 135 9.9 -4.6
"55" "47" 2019-02-08 30.86 "CHI" "@" "BRK" "W" 19 1 17.85 0.75 0.75 23 11.2 16.2 18 2.6 0 20 24.1 131 102 9.9 2.4
"56" "48" 2019-02-09 30.86 "CHI" "" "WAS" "L" -9 1 18.6166666666667 0.738 0.7 5.5 13.9 9.2 0 0 7.6 0 26.1 154 124 14.5 4.6
"57" "49" 2019-02-11 30.87 "CHI" "" "MIL" "L" -13 1 32.9166666666667 0.612 0.615 5.5 7.1 6.2 5.8 0 3.5 12.6 19.8 106 111 11.3 -0.2
"58" "50" 2019-02-13 30.87 "CHI" "" "MEM" "W" 12 1 31.9 0.709 0.667 8.6 10.5 9.6 5 0 5.2 10.2 27.7 132 112 19.7 2.9
"59" "51" 2019-02-22 30.9 "CHI" "@" "ORL" "W" 1 1 31.05 0.648 0.615 10.5 11.3 10.9 5.6 0 9.9 0 20.2 140 111 17.1 4.9
"60" "52" 2019-02-23 30.9 "CHI" "" "BOS" "W" 10 1 27.3333333333333 0.833 0.75 14.2 12 13 19.3 0 0 8.9 17.8 171 121 17.4 8
"61" "53" 2019-02-25 30.9 "CHI" "" "MIL" "L" -11 1 33.9166666666667 0.681 0.656 6.6 3.3 4.9 10.5 0 3.4 5 26.1 129 122 20.4 4.8
"62" "54" 2019-02-27 30.91 "CHI" "@" "MEM" "W" 2 1 39.65 0.286 0.286 3 5.2 4.1 3.3 0 9 22.2 10.1 58 110 2.2 -8.4
"63" "55" 2019-03-01 30.92 "CHI" "@" "ATL" "W" 7 1 39.65 0.619 0.625 14.1 17.2 15.6 3.6 1.2 8.2 10.1 10.9 134 109 13.9 -0.5
"64" "56" 2019-03-03 30.92 "CHI" "" "ATL" "L" -5 1 27.6666666666667 0.8 0.8 3.9 19.7 11.8 21 0 3.7 9.1 16.6 151 121 15.7 5
"65" "57" 2019-03-05 30.93 "CHI" "@" "IND" "L" -9 1 30.7333333333333 0.53 0.5 17.4 13.9 15.8 7.1 0 7.9 0 26.2 124 112 19.2 8.4
"66" "58" 2019-03-06 30.93 "CHI" "" "PHI" "W" 1 1 37.3166666666667 0.575 0.538 13.1 11.7 12.4 12.1 0 0 19.5 22.4 108 115 13.9 -2
"67" "59" 2019-03-08 30.93 "CHI" "" "DET" "L" -8 1 36.5 0.484 0.462 6.3 7.7 6.9 0 0 2.3 22.9 21.2 79 118 3 -12.6
"68" "60" 2019-03-10 30.94 "CHI" "@" "DET" "L" -23 1 23.5333333333333 0.654 0.667 20.4 9.9 15.1 0 0 3.6 12.7 15.5 131 138 8.3 -5.1
"69" "61" 2019-03-12 30.95 "CHI" "" "LAL" "L" -16 1 34.9333333333333 0.672 0.643 8.8 14.5 11.3 13.9 0 0 6.3 19.4 138 125 17.8 3.4
"70" "62" 2019-03-15 30.95 "CHI" "@" "LAC" "L" -7 1 33.75 0.799 0.75 15.8 11.2 13.1 14.6 1.4 5.4 0 17.7 175 123 25.6 11.7
"71" "63" 2019-03-17 30.96 "CHI" "@" "SAC" "L" -27 1 27.5166666666667 0.463 0.333 8.1 15.9 12 0 0 4.4 10.4 14.5 98 126 6.4 -7
"72" "64" 2019-03-18 30.96 "CHI" "@" "PHO" "W" 15 1 26.35 0.806 0.786 22.8 7.8 14.7 14 0 3.1 11.8 27.3 149 108 22.8 12.5
"73" "65" 2019-03-20 30.97 "CHI" "" "WAS" "W" 6 1 31.1166666666667 0.508 0.429 6.4 0 3.5 3.8 0 0 20.2 13.3 97 123 4.4 -10.2
"74" "66" 2019-03-23 30.98 "CHI" "" "UTA" "L" -31 1 21.9166666666667 0.421 0.455 7.7 9.5 8.5 9.9 0 0 14.4 26.9 77 120 4.2 -6.2
"75" "67" 2019-03-26 30.98 "CHI" "@" "TOR" "L" -9 1 25.9666666666667 0.727 0.667 4.2 13.9 8.8 17.5 0 0 22.5 14.6 122 113 9.1 -0.3
"76" "68" 2019-03-27 30.99 "CHI" "" "POR" "L" -20 1 28.1333333333333 0.519 0.5 16.4 18.4 17.3 25.2 0 0 6.5 24.5 120 132 13.3 0.7
"77" "69" 2019-03-30 30.99 "CHI" "" "TOR" "L" -23 1 23.45 0.25 0.25 3.5 0 2 15.8 0 4 20 8.7 77 128 2.1 -9.3
"78" "70" 2019-04-01 31 "CHI" "@" "NYK" "L" -8 1 30.0833333333333 0.674 0.667 19.1 4.2 12.7 14 0 4.4 4.4 32.6 139 124 24.8 9.2
"79" "71" 2019-04-03 31.01 "CHI" "@" "WAS" "W" 1 1 24.7666666666667 0.761 0.714 9.9 11.9 11 0 0 5.5 27.6 17.9 112 106 9.8 -0.8
"80" "72" 2019-04-06 31.01 "CHI" "" "PHI" "L" -20 1 24.6166666666667 0.667 0.667 3.8 9.5 6.4 12.9 0 0 0 11.3 141 124 8.1 -0.3
"81" "73" 2019-04-09 31.02 "CHI" "" "NYK" "L" -10 1 30.9666666666667 0.607 0.611 5.5 2.8 4.2 7 0 5.8 9.2 16.4 114 106 9.3 -0.6
"82" "74" 2019-04-10 31.02 "CHI" "@" "PHI" "L" -16 1 25.9333333333333 0.462 0.462 7.9 9.5 8.6 5.5 0 0 0 22.2 104 134 8 -8.1
"1" "1" 2019-10-24 31.56 "MIL" "@" "HOU" "W" 6 0 16.5833333333333 0.231 0.333 0 10.2 5.3 6.7 0 0 18.8 13.1 46 109 -1.8 -14.1
"2" "2" 2019-10-26 31.57 "MIL" "" "MIA" "L" -5 0 12.7666666666667 0.5 0.5 0 8.3 4.1 0 0 0 14.3 22.8 78 113 1.5 -9.3
"3" "3" 2019-10-28 31.58 "MIL" "" "CLE" "W" 17 0 17.4 0.5 0.5 0 5.3 2.8 6.1 0 9 50 9.6 58 108 0.2 -8.5
"4" "4" 2019-10-30 31.58 "MIL" "@" "BOS" "L" -11 0 13.5 0.5 0.5 0 15.8 7.9 0 3.5 0 0 9.9 95 108 2.1 0.2
"5" "5" 2019-11-01 31.59 "MIL" "@" "ORL" "W" 32 0 17.9833333333333 1.5 1.5 6.5 18.7 13.6 6.4 2.6 4.9 33.3 7 175 85 8.7 13.4
"6" "6" 2019-11-02 31.59 "MIL" "" "TOR" "W" 10 0 11.1833333333333 0.436 0.333 0 17.9 9.2 13.2 0 0 0 26.6 100 110 3.5 -4.8
"7" "7" 2019-11-04 31.59 "MIL" "@" "MIN" "W" 28 0 18.55 0.174 0 11.5 4.4 7.5 10.4 0 4.3 25.8 8.1 86 103 1.2 -4.6
"8" "8" 2019-11-06 31.6 "MIL" "@" "LAC" "W" 5 0 13.55 0.509 0.5 0 19.7 9.8 0 0 5.3 12.7 21.8 90 109 3.8 -4.5
"9" "9" 2019-11-08 31.61 "MIL" "@" "UTA" "L" -3 0 14.25 0.512 0.5 5.5 0 3.1 0 0 0 17 16.5 92 110 1.5 -6.2
"10" "10" 2019-11-10 31.61 "MIL" "@" "OKC" "W" 2 0 9.21666666666667 0 0 0 10.8 6.3 0 0 0 66.7 13.8 0 117 -2.4 -16.8
"11" "11" 2019-11-14 31.62 "MIL" "" "CHI" "W" 9 0 10.8666666666667 0.6 0.6 25.5 0 12.9 15.4 0 8.8 16.7 20.3 120 107 6.2 6.4
"12" "12" 2019-11-16 31.63 "MIL" "@" "IND" "W" 19 0 17.0833333333333 0.438 0.438 5.9 18.4 12.9 0 2.8 0 20 24.8 72 79 3.1 -4.6
"13" "13" 2019-11-18 31.63 "MIL" "@" "CHI" "W" 14 0 6.33333333333333 0.75 0.75 16.8 14.3 15.5 24.9 0 12 33.3 20.2 116 99 3.4 11.3
"14" "14" 2019-11-20 31.64 "MIL" "@" "ATL" "W" 8 0 19.8 0.9 0.9 11.5 10.3 10.9 0 0 0 28.6 14 125 120 5.1 -5.3
"15" "15" 2019-11-21 31.64 "MIL" "" "POR" "W" 8 0 14.0833333333333 0.51 0.4 13.6 27.8 20.7 0 0 0 14.5 18.1 110 123 4.1 -10.7
"16" "16" 2019-11-23 31.65 "MIL" "" "DET" "W" 14 0 12.8 1.5 1.5 0 0 0 0 0 6.7 75 13.3 40 92 0 -6.5
"17" "17" 2019-11-25 31.65 "MIL" "" "UTA" "W" 4 0 2.76666666666667 1 1 0 45.7 19.5 0 0 0 33.3 43.8 97 120 2.3 2.8
"18" "18" 2019-11-27 31.66 "MIL" "" "ATL" "W" 9 0 12.1 0.5 0.5 17.6 7.8 12.4 0 0 6.6 50 13.9 72 102 -0.2 -13.1
"19" "19" 2019-11-29 31.66 "MIL" "@" "CLE" "W" 9 0 14.4666666666667 0.82 0.875 22.6 15.1 18.9 18.9 0 0 29.1 20.5 130 116 6.9 2.7
"20" "20" 2019-11-30 31.67 "MIL" "" "CHO" "W" 41 1 23.5333333333333 0.722 0.722 4.5 16.7 11.5 18.6 0 10.9 18.2 20.5 123 92 13.8 9.6
"21" "21" 2019-12-02 31.67 "MIL" "" "NYK" "W" 44 1 22.6666666666667 0.34 0.2 11.1 3.5 6.4 0 2.1 4.1 0 11 102 91 2.7 -6.7
"22" "22" 2019-12-04 31.68 "MIL" "@" "DET" "W" 24 0 18.4833333333333 0.833 0.833 12.7 0 5.5 0 0 4.6 14.3 15.7 141 105 7.3 3.2
"23" "23" 2019-12-06 31.68 "MIL" "" "LAC" "W" 28 0 11.8166666666667 0.2 0.2 24.9 7.8 16.1 10.2 0 13.1 16.7 20.6 75 87 2.4 -2.8
"24" "24" 2019-12-09 31.69 "MIL" "" "ORL" "W" 9 0 14 0.25 0.25 0 6.5 3.5 19 0 0 0 24.4 69 106 0.1 -13
"25" "25" 2019-12-11 31.7 "MIL" "" "NOP" "W" 15 0 16.5 0.571 0.571 7.3 25.9 17.1 0 0 6.8 22.2 23.6 89 105 4.9 -7.8
"26" "26" 2019-12-13 31.7 "MIL" "@" "MEM" "W" 13 0 7.8 0.543 0 0 21.6 12.3 0 0 0 0 14.3 123 107 2.5 -1.5
"27" "27" 2019-12-14 31.7 "MIL" "" "CLE" "W" 17 0 20.8166666666667 0.766 0.75 11.2 20.5 16.1 7.7 2.3 4.2 16.1 26.5 129 106 14.4 5.3
"28" "28" 2019-12-16 31.71 "MIL" "" "DAL" "L" -4 0 2.7 NA NA 0 0 0 0 0 0 NA 0 0 123 0 -9.1
"29" "29" 2019-12-19 31.72 "MIL" "" "LAL" "W" 7 0 7.63333333333333 0 0 0 32.2 16.1 0 0 14 0 12.1 0 104 -0.5 -12.5
"30" "30" 2019-12-21 31.72 "MIL" "@" "NYK" "W" 21 0 16.7333333333333 0.174 0 0 0 0 7 0 4.3 0 6.9 61 101 0.2 -8
"31" "31" 2019-12-22 31.73 "MIL" "" "IND" "W" 28 0 17.7833333333333 0.813 0.813 10 4.9 7.4 19.4 2.7 0 0 17.9 169 93 13.5 14.6
"32" "32" 2019-12-25 31.73 "MIL" "@" "PHI" "L" -12 0 7.68333333333333 0.25 0.25 0 0 0 0 0 0 0 23 53 134 -0.8 -21.2
"33" "33" 2019-12-27 31.74 "MIL" "@" "ATL" "W" 26 0 20.7166666666667 0.536 0.625 0 4 2.3 6.7 0 9.3 0 18.8 103 84 7.6 0.8
"34" "34" 2019-12-28 31.74 "MIL" "" "ORL" "W" 11 0 23.2666666666667 0.871 0.938 9.6 4.2 6.7 7.2 0 0 17 21.1 135 107 12.6 4.4
"35" "35" 2019-12-30 31.75 "MIL" "@" "CHI" "W" 21 0 20.1666666666667 0.619 0.625 12.2 15.1 14 14 0 15.1 10.1 21.3 126 94 12.8 9.3
"36" "36" 2020-01-01 31.75 "MIL" "" "MIN" "W" 2 0 16.7 0.643 0.7 0 5.3 2.7 9.2 0 0 15.5 15.1 104 106 4.3 0
"37" "37" 2020-01-04 31.76 "MIL" "" "SAS" "W" 9 0 19.2333333333333 0.618 0.7 5.4 18.8 12.6 0 0 4.2 0 25.6 118 116 11.2 1.6
"38" "38" 2020-01-06 31.77 "MIL" "@" "SAS" "L" -22 0 14.4333333333333 0.167 0.167 24.6 26.3 25.3 0 0 6.3 0 18.3 76 129 2.2 -12.4
"39" "39" 2020-01-08 31.77 "MIL" "@" "GSW" "W" 9 0 10.6166666666667 0.667 0.667 0 16.7 9.1 0 0 0 0 12.3 123 102 3.3 -1.1
"40" "40" 2020-01-10 31.78 "MIL" "@" "SAC" "W" 21 0 9.3 0.773 0.667 0 10.1 5.3 0 0 0 0 16.8 157 103 4.6 1.4
"41" "41" 2020-01-11 31.78 "MIL" "@" "POR" "W" 21 0 14.6333333333333 0 0 0 17 9.1 7 0 5.6 0 5.4 32 93 0.9 -3.7
"42" "" 2020-01-14 31.79 "MIL" "" "NYK" "W" 26 NA NA NA NA NA NA NA NA NA NA NA NA NA NA NA NA
"43" "42" 2020-01-16 31.79 "MIL" "" "BOS" "W" 5 0 7.81666666666667 0 0 0 23.2 13.2 14.3 0 0 0 16.3 25 121 -0.8 -14.2
"44" "" 2020-01-18 31.8 "MIL" "@" "BRK" "W" 20 NA NA NA NA NA NA NA NA NA NA NA NA NA NA NA NA
"45" "" 2020-01-20 31.81 "MIL" "" "CHI" "W" 13 NA NA NA NA NA NA NA NA NA NA NA NA NA NA NA NA
"46" "" 2020-01-24 31.82 "MIL" "@" "CHO" "W" 13 NA NA NA NA NA NA NA NA NA NA NA NA NA NA NA NA
"47" "43" 2020-01-28 31.83 "MIL" "" "WAS" "W" 20 0 16.4333333333333 0.85 0.8 8.3 0 3.6 0 0 9.4 33.8 21.7 108 124 6.4 -2.8
"48" "44" 2020-01-31 31.84 "MIL" "" "DEN" "L" -12 0 8.15 0.625 0.625 11.8 0 6.1 0 0 0 0 19.7 123 125 3.7 1.4
"49" "45" 2020-02-02 31.84 "MIL" "" "PHO" "W" 21 0 12.5666666666667 0 0 7.6 25.9 17.5 23.9 3.6 0 0 3.1 143 93 4.3 8.4
"50" "46" 2020-02-04 31.85 "MIL" "@" "NOP" "W" 12 0 7.7 NA NA 0 11.8 6.1 0 0 12.5 NA 0 0 93 0.6 -2.1
"51" "47" 2020-02-06 31.85 "MIL" "" "PHI" "W" 11 0 19.9833333333333 0.654 0.667 5 7.7 6.6 6.5 0 8.9 12.7 16.3 121 97 8 8.3
"52" "48" 2020-02-08 31.86 "MIL" "@" "ORL" "W" 16 0 9.76666666666667 0 0 10.7 0 4.6 0 0 0 0 12.7 27 101 -1.4 -15
"53" "49" 2020-02-10 31.86 "MIL" "" "SAC" "W" 12 0 1.88333333333333 0 0 0 44.7 24.5 0 0 0 0 21.4 0 98 -0.4 -22.6
"54" "50" 2020-02-12 31.87 "MIL" "@" "IND" "L" -7 0 7.3 0.25 0.25 0 0 0 21.6 0 0 0 22.1 69 122 -0.1 -12
"55" "51" 2020-02-20 31.89 "MIL" "@" "DET" "W" 20 0 14.9 0.5 0.5 13.7 0 7.4 9.4 3.1 0 10 28.8 103 106 5.6 -4.3
"56" "52" 2020-02-22 31.9 "MIL" "" "PHI" "W" 21 0 18.25 0.75 0.75 0 0 0 7.5 0 4.3 11.1 20.8 121 100 7.6 4.3
"57" "53" 2020-02-24 31.9 "MIL" "@" "WAS" "W" 3 1 32.8833333333333 1.1 1.1 0 3.4 1.9 3.8 1.4 7.7 0 6.8 208 109 12 8.3
"58" "54" 2020-02-25 31.9 "MIL" "@" "TOR" "W" 11 0 13.55 0.375 0.375 0 0 0 0 0 9.1 20 15.7 57 103 0.3 -6.5
"59" "55" 2020-02-28 31.91 "MIL" "" "OKC" "W" 47 0 16.2166666666667 0.857 0.857 0 0 0 8.4 0 0 30 24 103 86 4.8 -1.6
"60" "56" 2020-03-01 31.92 "MIL" "@" "CHO" "W" 8 0 13.3 0.2 0.2 7.2 12.4 10 0 0 5.9 28.6 22.5 38 91 -1.5 -16.7
"61" "" 2020-03-02 31.92 "MIL" "@" "MIA" "L" -16 NA NA NA NA NA NA NA NA NA NA NA NA NA NA NA NA
"62" "57" 2020-03-04 31.93 "MIL" "" "IND" "W" 19 0 22.0666666666667 0.7 0.7 10.1 0 4.6 6 0 0 0 9.1 157 101 6 1.2
"63" "58" 2020-03-06 31.93 "MIL" "@" "LAL" "L" -10 0 7.98333333333333 0 0 12.8 36.1 24.8 0 0 0 75 20.4 18 100 -3.3 -24.6
"64" "59" 2020-03-08 31.94 "MIL" "@" "PHO" "L" -9 0 6.98333333333333 1 1 14.9 0 8.3 0 0 0 0 12 206 141 3.3 0.7
"65" "60" 2020-03-09 31.94 "MIL" "@" "DEN" "L" -14 1 31.6666666666667 0.5 0.5 0 17.6 7.9 16.3 1.5 2.9 15.4 17.1 90 106 7.4 -0.6
"66" "61" 2020-07-31 32.33 "MIL" "" "BOS" "W" 7 0 14.1333333333333 0.922 0.875 0 6.3 3.6 11.8 0 0 29.1 20.5 121 115 5.2 0.9
"67" "62" 2020-08-02 32.34 "MIL" "@" "HOU" "L" -4 0 3.91666666666667 1 1 0 0 0 0 0 0 0 9.9 200 122 1.7 5.9
"68" "63" 2020-08-04 32.34 "MIL" "" "BRK" "L" -3 1 20.05 0.25 0.25 5.7 4.4 5 6 0 10.4 50 16.5 40 108 -3.7 -17.2
"69" "" 2020-08-06 32.35 "MIL" "" "MIA" "W" 14 NA NA NA NA NA NA NA NA NA NA NA NA NA NA NA NA
"70" "" 2020-08-08 32.35 "MIL" "@" "DAL" "L" -4 NA NA NA NA NA NA NA NA NA NA NA NA NA NA NA NA
"71" "64" 2020-08-10 32.36 "MIL" "" "TOR" "L" -8 0 15.7 0.133 0 12.2 11.3 11.8 9.3 0 5.4 21 12.3 57 111 0.4 -7.8
"72" "65" 2020-08-11 32.36 "MIL" "@" "WAS" "W" 13 0 21.4166666666667 0.581 0.583 5.3 12.2 9.2 6 0 0 22.5 17.6 98 112 3.7 -7.2
"73" "66" 2020-08-13 32.37 "MIL" "@" "MEM" "L" -13 0 21.0166666666667 0.253 0.222 0 20.3 9.1 0 0 4 0 18.3 53 109 -0.2 -13.1
"1" "1" 2020-12-23 32.73 "WAS" "@" "PHI" "L" -6 0 16.5333333333333 0.5 0.5 6.9 12.9 10 0 0 4.9 40 12.7 64 108 -0.3 -11.1
"2" "2" 2020-12-26 32.74 "WAS" "" "ORL" "L" -10 0 17.9333333333333 0.532 0.5 5.4 11.4 8.3 0 0 4.2 0 8.3 121 119 3.8 -5.5
"3" "3" 2020-12-27 32.74 "WAS" "" "ORL" "L" -7 0 15.55 0.621 0.667 13.1 20.6 16.8 0 0 0 23.7 22.5 96 124 4.5 -9.6
"4" "4" 2020-12-29 32.75 "WAS" "" "CHI" "L" -8 0 13.55 0.75 0.75 8.9 40.3 25.3 0 0 0 20 15.5 112 110 4 -5.7
"5" "5" 2020-12-31 32.75 "WAS" "" "CHI" "L" -3 0 6.31666666666667 NA NA 0 20.5 9.4 0 0 0 NA 0 0 129 -0.5 -12.2
"6" "6" 2021-01-01 32.75 "WAS" "@" "MIN" "W" 21 0 19.6666666666667 0.583 0.556 12.2 21.2 17 13.3 0 14.1 9.6 22.3 120 97 9.8 -2.7
"7" "7" 2021-01-03 32.76 "WAS" "@" "BRK" "W" 1 0 20.3166666666667 0.602 0.625 8.3 16.5 11.8 6.2 2.2 0 0 12.5 137 113 8.4 1
"8" "8" 2021-01-06 32.77 "WAS" "@" "PHI" "L" -5 0 14.0833333333333 0.525 0.333 7.9 12.6 9.7 7.8 0 0 0 13.3 132 134 4.2 -3.9
"9" "9" 2021-01-08 32.77 "WAS" "@" "BOS" "L" -9 0 6.88333333333333 0.5 0.5 31 16.6 24 0 0 12.9 0 12.4 136 107 3.4 1.9
"10" "10" 2021-01-09 32.78 "WAS" "" "MIA" "L" -4 0 21.0166666666667 0.838 0.833 3.9 0 2.3 0 0 0 11.4 17.1 146 126 9.7 -2.2
"11" "11" 2021-01-11 32.78 "WAS" "" "PHO" "W" 21 1 25.9666666666667 0.671 0.833 27 15.7 21.4 9.5 0 0 0 13.6 161 113 13.9 3
"12" "12" 2021-01-24 32.82 "WAS" "@" "SAS" "L" -20 1 24.4166666666667 0.68 0.6 11.6 18.3 14.6 29.7 0 3 25.4 13.8 131 121 10.8 3.1
"13" "13" 2021-01-26 32.82 "WAS" "@" "HOU" "L" -19 1 29.8333333333333 0.625 0.625 10.1 3.5 6.8 19.3 1.6 0 0 11.2 142 109 11.1 3.5
"14" "14" 2021-01-27 32.82 "WAS" "@" "NOP" "L" -18 1 22.5333333333333 0.751 0.688 8.7 5.3 7.2 16.2 0 0 9.7 19.6 142 133 10.9 -1.4
"15" "15" 2021-01-29 32.83 "WAS" "" "ATL" "L" -16 1 20.1666666666667 0.6 0.6 9.9 10.3 10.1 0 0 0 28.6 14.7 93 123 3.3 -7.8
"16" "16" 2021-01-31 32.84 "WAS" "" "BRK" "W" 3 1 17.9333333333333 0.85 0.8 10.9 15.3 12.7 0 2.4 0 14.5 14.3 153 130 10.1 1.5
"17" "17" 2021-02-02 32.84 "WAS" "" "POR" "L" -11 1 12.5333333333333 1 1 0 8.1 4.6 0 0 7.8 0 3.7 200 137 1.9 -6.8
"18" "18" 2021-02-03 32.84 "WAS" "@" "MIA" "W" 3 1 18.2166666666667 0.75 0.75 10.8 12 11.3 0 0 11 14.3 16.5 128 103 8.4 4.5
"19" "19" 2021-02-05 32.85 "WAS" "@" "MIA" "L" -27 1 19.6666666666667 0.6 0.6 19.1 19.8 19.4 9.5 0 4.9 16.7 12.6 120 123 7 -3.1
"20" "20" 2021-02-07 32.85 "WAS" "@" "CHO" "L" -22 0 22.9666666666667 0.509 0.5 11.8 7.7 9.8 0 2.1 0 22.5 31.9 81 120 6.1 -10.1
"21" "21" 2021-02-08 32.86 "WAS" "@" "CHI" "W" 4 0 27.1 0.376 0.25 10.6 7.5 9.1 16.4 0 3.2 22 21 80 105 3.7 -8.3
"22" "22" 2021-02-10 32.86 "WAS" "" "TOR" "L" -22 0 18.5666666666667 0.742 0.714 15.8 12 14.1 8.9 0 4.2 0 19.3 162 133 13 5
"23" "23" 2021-02-12 32.87 "WAS" "" "NYK" "L" -18 0 20.6666666666667 0.363 0.333 7.9 8.9 8.4 0 2.3 0 12.7 16.4 75 108 2.8 -9.1
"24" "24" 2021-02-14 32.87 "WAS" "" "BOS" "W" 13 0 25.5333333333333 0.644 0.5 12.5 3.2 7.2 20.6 0 3.4 20.5 16 122 96 9.8 2.5
"25" "25" 2021-02-15 32.88 "WAS" "" "HOU" "W" 12 0 20.1333333333333 0.704 0.6 17 0 8.1 5.8 0 0 0 16.8 163 116 10.5 -1.4
"26" "26" 2021-02-17 32.88 "WAS" "" "DEN" "W" 2 0 26.7833333333333 0.699 0.667 13.1 3.9 8.2 0 1.8 0 13.4 11.7 133 129 8 -5.1
"27" "27" 2021-02-20 32.89 "WAS" "@" "POR" "W" 7 0 27.7666666666667 0.47 0.375 23 14.6 18.3 8.7 3.3 3.6 8.6 16.9 119 101 13.2 2.6
"28" "28" 2021-02-22 32.9 "WAS" "@" "LAL" "W" 3 0 30.0166666666667 0.697 0.625 4.6 3.2 3.8 0 1.5 5.9 24.4 17.2 105 105 8.6 -2.4
"29" "29" 2021-02-23 32.9 "WAS" "@" "LAC" "L" -19 0 16.95 0.317 0.286 6.3 15.3 10.4 0 2.8 0 11.3 23.3 64 130 1.8 -15.2
"30" "30" 2021-02-25 32.9 "WAS" "@" "DEN" "W" 2 0 25 0.714 0.714 9.1 4.4 6.7 0 0 0 12.5 14.2 127 122 7 -4.4
"31" "31" 2021-02-27 32.91 "WAS" "" "MIN" "W" 16 0 17.4 0.333 0.333 26 5.1 15.5 6.7 0 4.6 40 10.7 94 103 1.9 -9.2
"32" "32" 2021-02-28 32.91 "WAS" "@" "BOS" "L" -1 0 27.9166666666667 1.025 1 4 8.2 6.1 5.5 0 2.9 17 9.1 172 116 10.5 2.9
"33" "33" 2021-03-02 32.92 "WAS" "" "MEM" "L" -14 0 13.9 1.017 1 0 0 0 0 0 5.2 0 20.8 210 121 12.1 11.7
"34" "34" 2021-03-04 32.92 "WAS" "" "LAC" "W" 2 0 26.2166666666667 0.556 0.556 19.9 9.2 14.9 17.8 0 3.9 18.2 17.4 118 124 9.4 -2.3
"35" "35" 2021-03-10 32.94 "WAS" "@" "MEM" "L" -15 0 23.3666666666667 0.518 0.4 7.9 17.5 12.4 6.1 0 0 22.8 15.5 95 120 4 -10.2
"36" "36" 2021-03-12 32.95 "WAS" "" "PHI" "L" -26 0 26.3 0.563 0.5 8.1 15.2 11.3 5.6 0 0 10.1 16.4 112 130 7.2 -6
"37" "37" 2021-03-13 32.95 "WAS" "" "MIL" "L" -6 0 14.8833333333333 1.136 NA 6.5 6.7 6.6 0 2.9 0 69.4 7.8 88 113 1.2 -8.4
"38" "38" 2021-03-15 32.95 "WAS" "" "MIL" "L" -11 0 8.76666666666667 0.868 1 0 27.4 13.9 16.6 0 0 0 14.1 178 124 5.3 7.1
"39" "39" 2021-03-17 32.96 "WAS" "" "SAC" "L" -2 0 21.6166666666667 0.563 0.563 15.9 0 7.4 0 0 3.7 0 16.3 128 114 7.6 -0.9
"40" "40" 2021-03-18 32.96 "WAS" "" "UTA" "W" 9 0 27.6 0.431 0.364 12.1 7.4 9.7 0 1.6 0 0 19.2 104 114 7.4 -6.2
"41" "41" 2021-03-21 32.97 "WAS" "@" "BRK" "L" -7 0 19.1833333333333 0.667 0.667 28.6 5.8 16 9.3 0 4.1 10 23.5 133 122 11.2 4.8
"42" "42" 2021-03-23 32.98 "WAS" "@" "NYK" "L" -18 0 7.11666666666667 0.872 1 0 0 0 0 0 10.9 22.5 27.1 103 132 4 2.3
"43" "43" 2021-03-25 32.98 "WAS" "@" "NYK" "L" -4 0 25.3666666666667 0.833 0.833 8.4 6.8 7.5 0 0 2.9 14.3 11.9 136 111 9.1 0.3
"44" "44" 2021-03-27 32.99 "WAS" "" "DET" "W" 14 0 19.5166666666667 1.031 1 5.7 15.4 10.8 13.4 2.4 8.8 20.5 10.6 169 81 11.5 12.9
"45" "45" 2021-03-29 32.99 "WAS" "" "IND" "W" 8 0 10.8333333333333 0.333 0.333 21.1 17.7 19.3 0 0 7 25 14.2 81 109 1.6 -10.2
"46" "46" 2021-03-30 32.99 "WAS" "" "CHO" "L" -10 0 26.85 0.727 0.727 16 23.8 19.5 0 0 0 8.3 17.9 139 113 14.6 1.9
"47" "47" 2021-04-01 33 "WAS" "@" "DET" "L" -29 0 26.9166666666667 0.707 0.7 0 7.8 4.1 19.4 0 8.2 8.1 20.5 128 115 14.8 6.3
"48" "48" 2021-04-03 33.01 "WAS" "" "DAL" "L" -22 0 32.0166666666667 0.911 0.889 3.3 9.2 6.4 0 1.6 2.5 23.3 18.1 134 117 14.8 5.4
"49" "49" 2021-04-05 33.01 "WAS" "@" "TOR" "L" -2 0 8.78333333333333 0.568 NA 10.1 0 5.5 0 0 0 0 4.1 147 107 1.3 -6.3
"50" "50" 2021-04-07 33.02 "WAS" "@" "ORL" "W" 15 0 28.9 0.8 0.818 0 7.7 4.4 9.8 0 0 7.8 20.4 142 123 15.1 -1.5
"51" "51" 2021-04-09 33.02 "WAS" "@" "GSW" "W" 3 0 27.2166666666667 0.672 0.643 16 16 16 13 0 0 0 22.3 145 109 19.2 9.2
"52" "52" 2021-04-10 33.02 "WAS" "@" "PHO" "L" -28 0 15.2166666666667 0.75 0.75 0 0 0 0 0 0 20 14 102 130 3.4 -6.4
"53" "53" 2021-04-12 33.03 "WAS" "@" "UTA" "W" 4 0 14.1833333333333 1 1 8.1 7.5 7.8 11.3 0 0 28.6 21.7 130 126 7 -0.1
"54" "54" 2021-04-14 33.04 "WAS" "@" "SAC" "W" 12 0 13.75 0.798 1 26.9 14.9 20.3 0 0 0 34.7 16 111 106 4.9 -3.9
"55" "55" 2021-04-16 33.04 "WAS" "" "NOP" "W" 2 0 11.4166666666667 1 1 0 0 0 0 0 0 0 3.8 200 108 0.9 -5.7
"56" "56" 2021-04-17 33.04 "WAS" "" "DET" "W" 21 0 22.3333333333333 0.718 0.7 4.7 18.3 11.6 18.4 0 0 8.7 21.5 139 104 13 5.1
"57" "57" 2021-04-19 33.05 "WAS" "" "OKC" "W" 12 0 16.1166666666667 0.759 0.778 6.3 6.9 6.6 0 0 0 0 28.8 149 110 13.3 7.3
"58" "58" 2021-04-21 33.05 "WAS" "" "GSW" "W" 4 0 9.81666666666667 0 0 20 0 9.3 0 0 17.5 60 18.8 23 100 -1.6 -16.5
"59" "59" 2021-04-23 33.06 "WAS" "@" "OKC" "W" 20 0 18.0333333333333 0.4 0.4 0 5.1 3 6.2 0 8.9 16.7 13.3 82 108 2.3 -6.7
"60" "60" 2021-04-25 33.07 "WAS" "" "CLE" "W" 9 0 10.9166666666667 1.036 1 23.8 36.6 30.1 20.9 0 0 12.9 30.9 183 117 14.5 23.9
"61" "" 2021-04-26 33.07 "WAS" "" "SAS" "L" -3 NA NA NA NA NA NA NA NA NA NA NA NA NA NA NA NA
"62" "61" 2021-04-28 33.07 "WAS" "" "LAL" "W" 9 0 8.51666666666667 0.667 0.667 0 10.6 6.2 0 0 9.1 14.3 35.1 103 106 5.4 4.7
"63" "62" 2021-04-30 33.08 "WAS" "@" "CLE" "W" 29 0 6.3 NA NA 0 0 0 16.6 0 0 NA 0 217 103 0.7 -1.6
"64" "63" 2021-05-01 33.08 "WAS" "@" "DAL" "L" -1 0 17.9166666666667 0.727 0.667 12.5 13.7 13.1 0 0 0 22.5 10.4 129 131 4.3 -4.3
"65" "64" 2021-05-03 33.09 "WAS" "" "IND" "W" 13 0 15.75 0.698 0.714 0 6.2 3.4 6.4 0 0 0 18.5 137 127 8.3 -3.1
"66" "65" 2021-05-05 33.09 "WAS" "@" "MIL" "L" -1 0 17.4333333333333 0.667 0.667 18 19.7 18.8 0 0 15.9 25 18.1 110 117 7.3 -1.8
"67" "66" 2021-05-06 33.1 "WAS" "@" "TOR" "W" 2 0 23.35 0.847 0.75 31.7 4.2 16.4 0 0 10.2 6.6 27.3 173 121 25.6 17.7
"68" "67" 2021-05-08 33.1 "WAS" "@" "IND" "W" 1 0 16.3166666666667 0.286 0.286 5.8 18.4 11.9 0 0 0 12.5 18.8 62 115 -0.3 -16
"69" "68" 2021-05-10 33.11 "WAS" "@" "ATL" "L" -1 0 21.2666666666667 0.6 0.6 13.5 0 7 0 0 3.4 6.3 31.7 115 127 12.1 -3.7
"70" "69" 2021-05-12 33.11 "WAS" "@" "ATL" "L" -4 0 7.28333333333333 0.4 0.4 0 0 0 0 0 0 16.7 34 62 122 0.3 -17.6
"71" "70" 2021-05-14 33.12 "WAS" "" "CLE" "W" 15 0 15.9166666666667 0.636 0.636 12.3 21.5 16.6 15.2 0 0 8.3 31.4 119 109 10.3 1.6
"72" "71" 2021-05-16 33.12 "WAS" "" "CHO" "W" 5 0 26.5333333333333 0.818 0.818 17.2 6.8 11.4 6.5 1.8 0 15.4 20.6 141 109 16.2 6.6
