"Rk" "G" "Date" "Age" "Tm" "H/A" "Opp" "W/L" "By Amt" "GS" "MP" "TS%" "eFG%" "ORB%" "DRB%" "TRB%" "AST%" "STL%" "BLK%" "TOV%" "USG%" "ORtg" "DRtg" "GmSc" "BPM"
"1" "1" 2006-11-01 20.61 "MEM" "" "NYK" "L" -1 0 28.1666666666667 0.521 0.25 18.3 21.1 19.6 16.9 4 3.1 14.8 11 131 95 10.4 7.1
"2" "2" 2006-11-03 20.61 "MEM" "" "CHA" "W" 13 0 18.0333333333333 0 0 15.7 7.8 12.5 34.3 0 0 66.7 7.1 78 96 0.9 -9.4
"3" "3" 2006-11-04 20.61 "MEM" "@" "DET" "L" -9 0 8.66666666666667 0 0 0 15.4 7.3 0 0 0 33.3 16.5 0 114 -2.1 -23.4
"4" "" 2006-11-07 20.62 "MEM" "" "HOU" "L" -6 NA NA NA NA NA NA NA NA NA NA NA NA NA NA NA NA
"5" "4" 2006-11-11 20.63 "MEM" "@" "PHO" "L" -9 0 11.8166666666667 1.136 NA 0 8 4.3 13.1 0 0 69.4 10.9 78 105 0.6 -7.9
"6" "5" 2006-11-12 20.64 "MEM" "@" "LAL" "L" -10 0 10.2666666666667 0.63 0.333 0 0 0 40.1 15.2 0 17.4 26 122 76 7.3 21.4
"7" "6" 2006-11-15 20.64 "MEM" "@" "SAC" "L" -4 0 19.0166666666667 0.608 0.375 7.4 12 10 55.4 5.3 0 25.8 18.9 134 113 10.3 9
"8" "7" 2006-11-17 20.65 "MEM" "" "DAL" "L" -12 0 17.3833333333333 0.518 0.4 8.1 12.6 10.6 17 3.1 0 22.8 23.7 97 125 4.8 -3.4
"9" "8" 2006-11-18 20.65 "MEM" "@" "DAL" "L" -5 0 20.2666666666667 0.633 0.5 0 8.5 3 42.6 0 0 0 14.7 146 109 8 7.8
"10" "9" 2006-11-20 20.66 "MEM" "" "ORL" "W" 9 0 30.3166666666667 0.656 0.65 0 19.3 9.1 34.5 8.9 0 0 19.3 144 81 20.1 18.2
"11" "10" 2006-11-21 20.66 "MEM" "@" "CLE" "L" -3 0 11.4833333333333 0.41 0.25 22 13.9 18.4 28 5 0 17 24.9 106 111 4.7 3.8
"12" "" 2006-11-24 20.67 "MEM" "" "WAS" "W" 15 NA NA NA NA NA NA NA NA NA NA NA NA NA NA NA NA
"13" "" 2006-11-25 20.67 "MEM" "@" "HOU" "L" -9 NA NA NA NA NA NA NA NA NA NA NA NA NA NA NA NA
"14" "" 2006-11-28 20.68 "MEM" "@" "DEN" "W" 12 NA NA NA NA NA NA NA NA NA NA NA NA NA NA NA NA
"15" "" 2006-11-29 20.68 "MEM" "@" "LAC" "L" -15 NA NA NA NA NA NA NA NA NA NA NA NA NA NA NA NA
"16" "" 2006-12-02 20.69 "MEM" "" "MIA" "L" -1 NA NA NA NA NA NA NA NA NA NA NA NA NA NA NA NA
"17" "" 2006-12-04 20.7 "MEM" "@" "NYK" "L" -8 NA NA NA NA NA NA NA NA NA NA NA NA NA NA NA NA
"18" "" 2006-12-06 20.7 "MEM" "@" "BOS" "W" 2 NA NA NA NA NA NA NA NA NA NA NA NA NA NA NA NA
"19" "" 2006-12-08 20.71 "MEM" "@" "MIL" "L" -6 NA NA NA NA NA NA NA NA NA NA NA NA NA NA NA NA
"20" "" 2006-12-09 20.71 "MEM" "" "LAC" "L" -7 NA NA NA NA NA NA NA NA NA NA NA NA NA NA NA NA
"21" "" 2006-12-11 20.72 "MEM" "@" "NJN" "L" -13 NA NA NA NA NA NA NA NA NA NA NA NA NA NA NA NA
"22" "" 2006-12-13 20.72 "MEM" "" "POR" "L" -6 NA NA NA NA NA NA NA NA NA NA NA NA NA NA NA NA
"23" "" 2006-12-15 20.73 "MEM" "" "ATL" "L" -9 NA NA NA NA NA NA NA NA NA NA NA NA NA NA NA NA
"24" "" 2006-12-16 20.73 "MEM" "@" "MIA" "L" -8 NA NA NA NA NA NA NA NA NA NA NA NA NA NA NA NA
"25" "" 2006-12-18 20.73 "MEM" "" "SEA" "W" 8 NA NA NA NA NA NA NA NA NA NA NA NA NA NA NA NA
"26" "" 2006-12-20 20.74 "MEM" "@" "SAS" "L" -7 NA NA NA NA NA NA NA NA NA NA NA NA NA NA NA NA
"27" "" 2006-12-22 20.75 "MEM" "@" "NOK" "L" -3 NA NA NA NA NA NA NA NA NA NA NA NA NA NA NA NA
"28" "" 2006-12-23 20.75 "MEM" "" "UTA" "L" -3 NA NA NA NA NA NA NA NA NA NA NA NA NA NA NA NA
"29" "" 2006-12-26 20.76 "MEM" "@" "WAS" "L" -15 NA NA NA NA NA NA NA NA NA NA NA NA NA NA NA NA
"30" "" 2006-12-27 20.76 "MEM" "" "MIL" "L" -16 NA NA NA NA NA NA NA NA NA NA NA NA NA NA NA NA
"31" "" 2006-12-30 20.77 "MEM" "" "TOR" "W" 6 NA NA NA NA NA NA NA NA NA NA NA NA NA NA NA NA
"32" "" 2006-12-31 20.77 "MEM" "@" "HOU" "L" -2 NA NA NA NA NA NA NA NA NA NA NA NA NA NA NA NA
"33" "" 2007-01-03 20.78 "MEM" "" "GSW" "W" 9 NA NA NA NA NA NA NA NA NA NA NA NA NA NA NA NA
"34" "" 2007-01-05 20.78 "MEM" "" "BOS" "L" -9 NA NA NA NA NA NA NA NA NA NA NA NA NA NA NA NA
"35" "" 2007-01-07 20.79 "MEM" "" "SAS" "L" -14 NA NA NA NA NA NA NA NA NA NA NA NA NA NA NA NA
"36" "" 2007-01-09 20.79 "MEM" "" "LAL" "W" 10 NA NA NA NA NA NA NA NA NA NA NA NA NA NA NA NA
"37" "" 2007-01-12 20.8 "MEM" "" "MIN" "L" -6 NA NA NA NA NA NA NA NA NA NA NA NA NA NA NA NA
"38" "" 2007-01-13 20.81 "MEM" "@" "CHI" "L" -45 NA NA NA NA NA NA NA NA NA NA NA NA NA NA NA NA
"39" "" 2007-01-15 20.81 "MEM" "" "PHO" "L" -15 NA NA NA NA NA NA NA NA NA NA NA NA NA NA NA NA
"40" "" 2007-01-17 20.82 "MEM" "" "PHI" "W" 16 NA NA NA NA NA NA NA NA NA NA NA NA NA NA NA NA
"41" "" 2007-01-20 20.82 "MEM" "@" "LAC" "L" -21 NA NA NA NA NA NA NA NA NA NA NA NA NA NA NA NA
"42" "" 2007-01-22 20.83 "MEM" "@" "DEN" "L" -17 NA NA NA NA NA NA NA NA NA NA NA NA NA NA NA NA
"43" "" 2007-01-24 20.84 "MEM" "@" "UTA" "W" 2 NA NA NA NA NA NA NA NA NA NA NA NA NA NA NA NA
"44" "" 2007-01-26 20.84 "MEM" "@" "SAS" "L" -16 NA NA NA NA NA NA NA NA NA NA NA NA NA NA NA NA
"45" "" 2007-01-27 20.84 "MEM" "" "POR" "L" -3 NA NA NA NA NA NA NA NA NA NA NA NA NA NA NA NA
"46" "" 2007-01-29 20.85 "MEM" "" "SAC" "W" 7 NA NA NA NA NA NA NA NA NA NA NA NA NA NA NA NA
"47" "" 2007-01-31 20.85 "MEM" "" "DAL" "L" -1 NA NA NA NA NA NA NA NA NA NA NA NA NA NA NA NA
"48" "" 2007-02-03 20.86 "MEM" "" "IND" "L" -6 NA NA NA NA NA NA NA NA NA NA NA NA NA NA NA NA
"49" "" 2007-02-06 20.87 "MEM" "" "HOU" "L" -8 NA NA NA NA NA NA NA NA NA NA NA NA NA NA NA NA
"50" "" 2007-02-07 20.87 "MEM" "@" "DAL" "L" -16 NA NA NA NA NA NA NA NA NA NA NA NA NA NA NA NA
"51" "" 2007-02-09 20.88 "MEM" "" "MIN" "W" 8 NA NA NA NA NA NA NA NA NA NA NA NA NA NA NA NA
"52" "" 2007-02-10 20.88 "MEM" "@" "NOK" "L" -15 NA NA NA NA NA NA NA NA NA NA NA NA NA NA NA NA
"53" "" 2007-02-13 20.89 "MEM" "" "NOK" "W" 4 NA NA NA NA NA NA NA NA NA NA NA NA NA NA NA NA
"54" "" 2007-02-14 20.89 "MEM" "@" "IND" "L" -10 NA NA NA NA NA NA NA NA NA NA NA NA NA NA NA NA
"55" "" 2007-02-20 20.91 "MEM" "@" "SEA" "L" -16 NA NA NA NA NA NA NA NA NA NA NA NA NA NA NA NA
"56" "" 2007-02-21 20.91 "MEM" "@" "GSW" "L" -3 NA NA NA NA NA NA NA NA NA NA NA NA NA NA NA NA
"57" "" 2007-02-23 20.92 "MEM" "@" "POR" "W" 1 NA NA NA NA NA NA NA NA NA NA NA NA NA NA NA NA
"58" "" 2007-02-26 20.93 "MEM" "" "DEN" "L" -4 NA NA NA NA NA NA NA NA NA NA NA NA NA NA NA NA
"59" "" 2007-02-28 20.93 "MEM" "" "UTA" "L" -16 NA NA NA NA NA NA NA NA NA NA NA NA NA NA NA NA
"60" "" 2007-03-02 20.94 "MEM" "@" "PHI" "L" -5 NA NA NA NA NA NA NA NA NA NA NA NA NA NA NA NA
"61" "" 2007-03-03 20.94 "MEM" "" "DET" "L" -3 NA NA NA NA NA NA NA NA NA NA NA NA NA NA NA NA
"62" "" 2007-03-09 20.96 "MEM" "@" "ATL" "L" -1 NA NA NA NA NA NA NA NA NA NA NA NA NA NA NA NA
"63" "" 2007-03-10 20.96 "MEM" "@" "CHA" "W" 8 NA NA NA NA NA NA NA NA NA NA NA NA NA NA NA NA
"64" "" 2007-03-12 20.96 "MEM" "" "NJN" "L" -11 NA NA NA NA NA NA NA NA NA NA NA NA NA NA NA NA
"65" "" 2007-03-14 20.97 "MEM" "" "CLE" "L" -22 NA NA NA NA NA NA NA NA NA NA NA NA NA NA NA NA
"66" "" 2007-03-17 20.98 "MEM" "" "CHI" "W" 1 NA NA NA NA NA NA NA NA NA NA NA NA NA NA NA NA
"67" "" 2007-03-20 20.99 "MEM" "" "NOK" "L" -11 NA NA NA NA NA NA NA NA NA NA NA NA NA NA NA NA
"68" "" 2007-03-22 20.99 "MEM" "" "LAL" "L" -2 NA NA NA NA NA NA NA NA NA NA NA NA NA NA NA NA
"69" "" 2007-03-24 21 "MEM" "@" "UTA" "L" -10 NA NA NA NA NA NA NA NA NA NA NA NA NA NA NA NA
"70" "" 2007-03-26 21 "MEM" "@" "PHO" "L" -18 NA NA NA NA NA NA NA NA NA NA NA NA NA NA NA NA
"71" "" 2007-03-27 21.01 "MEM" "@" "LAL" "W" 2 NA NA NA NA NA NA NA NA NA NA NA NA NA NA NA NA
"72" "" 2007-03-29 21.01 "MEM" "@" "POR" "W" 4 NA NA NA NA NA NA NA NA NA NA NA NA NA NA NA NA
"73" "" 2007-03-30 21.01 "MEM" "@" "SEA" "L" -27 NA NA NA NA NA NA NA NA NA NA NA NA NA NA NA NA
"74" "" 2007-04-01 21.02 "MEM" "@" "GSW" "L" -5 NA NA NA NA NA NA NA NA NA NA NA NA NA NA NA NA
"75" "" 2007-04-03 21.02 "MEM" "" "PHO" "L" -5 NA NA NA NA NA NA NA NA NA NA NA NA NA NA NA NA
"76" "" 2007-04-06 21.03 "MEM" "" "GSW" "L" -12 NA NA NA NA NA NA NA NA NA NA NA NA NA NA NA NA
"77" "" 2007-04-07 21.04 "MEM" "@" "ORL" "L" -27 NA NA NA NA NA NA NA NA NA NA NA NA NA NA NA NA
"78" "" 2007-04-10 21.04 "MEM" "" "SAC" "L" -12 NA NA NA NA NA NA NA NA NA NA NA NA NA NA NA NA
"79" "" 2007-04-14 21.05 "MEM" "" "DEN" "W" 15 NA NA NA NA NA NA NA NA NA NA NA NA NA NA NA NA
"80" "" 2007-04-16 21.06 "MEM" "" "SAS" "W" 10 NA NA NA NA NA NA NA NA NA NA NA NA NA NA NA NA
"81" "" 2007-04-18 21.07 "MEM" "@" "MIN" "W" 22 NA NA NA NA NA NA NA NA NA NA NA NA NA NA NA NA
"1" "1" 2007-10-31 21.6 "MEM" "" "SAS" "L" -3 0 21.25 0.515 0.333 0 26.3 13.4 27 0 3.5 11.4 19.2 112 108 8.2 0.9
"2" "2" 2007-11-03 21.61 "MEM" "" "IND" "L" -10 0 25.45 0.886 0.8 5.2 9.2 7.3 46.3 3.5 0 35.9 27.3 126 110 15.8 5.6
"3" "3" 2007-11-07 21.62 "MEM" "@" "SEA" "W" 7 0 21.0333333333333 0.435 0.357 12.9 10.1 11.6 15 2.3 0 9.8 18.6 109 100 6.8 1.6
"4" "4" 2007-11-09 21.63 "MEM" "@" "POR" "L" -12 0 30.05 0.585 0.438 16 8.6 12.9 14.9 0 0 14.3 20 124 120 11.4 1
"5" "5" 2007-11-10 21.63 "MEM" "@" "UTA" "L" -24 0 13.2833333333333 0.363 0.333 0 17.2 8.9 29.2 3.6 0 42.1 39.9 50 113 -1.6 -21
"6" "6" 2007-11-13 21.64 "MEM" "" "HOU" "W" 6 0 32.4333333333333 0.598 0.25 0 26.9 14.8 13.2 0 0 0 10.6 144 108 10.3 0.7
"7" "7" 2007-11-14 21.64 "MEM" "@" "MIL" "L" -3 0 22.0166666666667 0.6 0.6 10.6 4.6 7.4 20.1 4.9 0 44.4 19.2 82 112 4.7 -5.4
"8" "8" 2007-11-16 21.65 "MEM" "" "NOH" "L" -2 0 31.0666666666667 0.414 0.4 4.2 7.4 5.9 34.8 0 2.4 8.4 18.3 112 122 7.4 -3.3
"9" "9" 2007-11-17 21.65 "MEM" "@" "DAL" "L" -3 0 27.6166666666667 0.7 0.7 0 12.1 6.1 36 1.8 2.3 28.6 10.9 122 109 9 4.7
"10" "10" 2007-11-19 21.65 "MEM" "" "SEA" "W" 17 0 25.6333333333333 0.622 0.571 0 8.7 4.5 9.2 1.9 2.4 9.4 17.9 121 113 10.2 -2.6
"11" "11" 2007-11-21 21.66 "MEM" "" "TOR" "L" -6 0 25.7666666666667 0.517 0.375 0 21.1 11.4 35.3 4.1 0 15.8 22.9 103 96 11.1 4.9
"12" "12" 2007-11-23 21.67 "MEM" "@" "SAS" "L" -13 0 21.75 0.429 0.375 0 26.3 12.7 15.6 2.3 2.9 24.4 26.6 71 98 4 -4.1
"13" "13" 2007-11-24 21.67 "MEM" "" "WAS" "W" 6 0 31.1333333333333 0.762 0.4 0 17.1 9.6 20.3 0 0 35 23.7 115 121 10.9 -7.2
"14" "14" 2007-11-27 21.68 "MEM" "@" "NJN" "W" 7 0 23.95 0.414 0.333 4.9 23.3 14.3 12.5 0 0 0 24.2 96 110 6.9 -8.2
"15" "15" 2007-11-28 21.68 "MEM" "@" "TOR" "L" -12 0 30.6666666666667 0.448 0.333 0 16.5 7.5 18.6 7.1 0 0 21.2 104 105 12.2 4.5
"16" "16" 2007-12-01 21.69 "MEM" "" "MIN" "W" 29 0 22.95 0.5 0.5 4.8 20.9 13.4 31.4 2.2 0 0 3.9 174 84 8 2
"17" "17" 2007-12-03 21.69 "MEM" "" "POR" "L" -1 0 20.9666666666667 0.169 0.125 0 11.4 5.7 18.2 5.1 3.7 10.1 21.3 56 109 1.8 -8.2
"18" "18" 2007-12-05 21.7 "MEM" "@" "HOU" "L" -13 0 18.6333333333333 0.258 0 0 0 0 7.6 0 0 20.5 12.6 58 129 -0.8 -15.2
"19" "19" 2007-12-07 21.7 "MEM" "@" "NOH" "L" -2 1 49.5 0.439 0.333 0 19.7 11.2 24.3 1 1.3 20 19.2 92 113 10.7 -5.5
"20" "20" 2007-12-08 21.71 "MEM" "@" "ATL" "L" -8 0 31.65 0.638 0.6 6.7 6.3 6.5 26.5 3.3 2.1 14.5 20.3 118 92 14.7 9.4
"21" "21" 2007-12-11 21.72 "MEM" "" "DET" "L" -10 0 32.9 0.654 0.583 3.6 7.5 5.5 10.3 0 2.2 26.7 25.9 103 125 8.8 -2.3
"22" "22" 2007-12-14 21.72 "MEM" "" "LAC" "L" -7 0 24.5 0.473 0.167 4.7 12.5 8.8 19.6 2 2.7 29.6 23.3 84 97 4.2 -5.2
"23" "23" 2007-12-15 21.73 "MEM" "@" "ORL" "W" 4 0 30.95 0.551 0.5 0 15.1 7.9 28 1.6 0 8.4 17.3 123 123 11.1 -1.5
"24" "24" 2007-12-17 21.73 "MEM" "" "GSW" "L" -8 0 26 0.688 0.7 8 13.5 10.6 16.8 1.8 0 13.3 24.5 127 121 14.4 4.7
"25" "25" 2007-12-19 21.74 "MEM" "" "SAS" "W" 3 0 14.4833333333333 0.5 0.5 0 15.1 7.9 22.3 0 0 0 6.7 133 103 2.6 -3.3
"26" "26" 2007-12-21 21.74 "MEM" "@" "DET" "L" -27 0 33.5166666666667 0.352 0 0 6.4 3.2 0 1.6 0 10.5 13.2 73 109 0.7 -7.7
"27" "27" 2007-12-22 21.75 "MEM" "" "PHI" "L" -2 0 14.1166666666667 0.5 0.5 0 8.5 4.4 10.1 7.6 0 0 9.9 125 100 3.5 5.2
"28" "28" 2007-12-26 21.76 "MEM" "" "NOH" "L" -18 0 32.45 0.845 0.813 3.9 24.7 14 39.3 3.3 0 25.3 16.8 143 124 17.3 8.9
"29" "29" 2007-12-28 21.76 "MEM" "" "HOU" "L" -20 0 21.1833333333333 0.625 0.625 9.2 5.4 7.5 0 2.5 0 11.1 19.1 109 112 7.7 6.4
"30" "30" 2007-12-30 21.77 "MEM" "@" "SAS" "L" -24 0 14.7833333333333 1 1 0 0 0 10.9 0 0 50 6.6 94 132 0.6 -11.8
"31" "31" 2008-01-02 21.78 "MEM" "@" "IND" "W" 18 0 13.3833333333333 0 0 9.4 5.9 7.2 29.9 0 5.7 20 17.3 43 85 -0.8 -10.7
"32" "32" 2008-01-04 21.78 "MEM" "@" "BOS" "L" -4 0 12.85 0.515 0.333 0 0 0 34.7 0 0 0 13.9 132 115 3.2 -2.4
"33" "33" 2008-01-06 21.79 "MEM" "" "MIA" "W" 7 0 13.2 0 0 0 15.8 9 0 0 0 25 14.1 0 106 -2.5 -21.1
"34" "34" 2008-01-08 21.79 "MEM" "" "LAL" "L" -16 0 10.3666666666667 0.25 0.25 0 11.9 5.1 0 4.6 0 20 19.2 46 111 -0.1 -11.6
"35" "35" 2008-01-10 21.8 "MEM" "@" "SAC" "L" -3 0 18.6833333333333 0.752 0.625 7.8 5.8 6.7 46.9 5.3 0 15.8 15.8 157 116 11.8 12.2
"36" "36" 2008-01-11 21.8 "MEM" "@" "GSW" "L" -12 0 28.85 0.37 0.3 0 16.2 7.9 21.7 1.6 2.7 30.7 13.9 74 113 3.3 -5.2
"37" "37" 2008-01-13 21.81 "MEM" "@" "LAL" "L" -1 0 23.5333333333333 0.444 0.357 8.2 0 4.3 33.1 4.3 0 0 14 134 106 10.1 7.5
"38" "38" 2008-01-15 21.81 "MEM" "" "CLE" "L" -8 0 14.4833333333333 0.5 0.5 0 9.4 4.6 16.1 0 0 0 9.6 126 133 2.6 -5.3
"39" "39" 2008-01-18 21.82 "MEM" "" "SEA" "W" 24 0 18.5 0.357 0.357 0 4.9 2.6 11.1 2.6 0 12.5 17.5 82 103 2.6 -9.2
"40" "40" 2008-01-19 21.82 "MEM" "@" "CHA" "L" -18 0 16.95 0.46 0.4 0 36.3 17.1 21.5 0 0 26.9 20.5 78 114 2.8 -9.2
"41" "41" 2008-01-21 21.83 "MEM" "" "CHI" "W" 14 0 15.3166666666667 0.362 0 0 11 7 33.9 0 0 0 8.8 129 106 2.3 -5.4
"42" "42" 2008-01-23 21.83 "MEM" "" "ORL" "L" -27 0 10.5166666666667 0.453 0 0 13.8 6.3 0 0 0 15.3 30.8 86 138 1.3 -12.7
"43" "43" 2008-01-25 21.84 "MEM" "@" "WAS" "L" -11 0 33.65 0.509 0.455 3.4 10.4 6.9 55.1 7.5 0 0 17.2 137 100 20.1 14.1
"44" "44" 2008-01-26 21.84 "MEM" "" "LAC" "W" 5 1 49.2333333333333 0.608 0.583 5.5 17 11.2 12.5 0 0 5.5 16.9 135 119 16.4 -1.8
"45" "45" 2008-01-28 21.85 "MEM" "" "DAL" "L" -19 1 42.3 0.444 0.423 0 16.7 7.1 18.7 3.9 0 0 23.4 97 113 12.8 0.4
"46" "46" 2008-01-30 21.85 "MEM" "" "DEN" "L" -4 1 46.1333333333333 0.519 0.471 0 9.7 4.6 3.1 2.1 0 24.7 20.8 84 106 6.6 -6.6
"47" "47" 2008-02-02 21.86 "MEM" "" "UTA" "L" -19 1 39.9333333333333 0.392 0.364 0 4.6 2.5 15.9 1.2 0 19 16.7 77 114 3.3 -8.1
"48" "48" 2008-02-05 21.87 "MEM" "" "MIL" "L" -5 1 40.2333333333333 0.595 0.5 0 0 0 24.8 0 0 14.5 8.3 132 121 7 -6.2
"49" "49" 2008-02-08 21.88 "MEM" "@" "DAL" "L" -11 1 14.3 0.322 0.167 0 21.9 10.6 12.6 0 5.5 11.4 29.1 66 101 1.7 -6.6
"50" "50" 2008-02-09 21.88 "MEM" "@" "NOH" "L" -13 0 14.9 0.515 0.333 9.2 0 4.4 28.6 0 0 0 12 143 132 4.7 -0.1
"51" "51" 2008-02-12 21.89 "MEM" "" "SAC" "W" 13 0 17 0 0 0 10.9 6.2 45.8 3 0 60 13.4 58 98 1 -5.5
"52" "52" 2008-02-13 21.89 "MEM" "@" "PHI" "L" -14 0 39.1 0.768 0.688 2.6 15 8.4 24.5 0 0 23.5 14.4 132 113 13.6 2.6
"53" "53" 2008-02-19 21.91 "MEM" "@" "SEA" "L" -7 0 18.9833333333333 0.336 0.286 0 18.5 8.1 35.2 7.5 0 0 16 98 97 8.3 4.8
"54" "54" 2008-02-20 21.91 "MEM" "@" "LAC" "L" -14 0 15.9666666666667 0.665 0.5 0 15.4 6.8 48.1 0 8.8 34.7 16.3 105 104 5.2 2.7
"55" "55" 2008-02-22 21.92 "MEM" "" "DAL" "L" -15 0 29.55 0.47 0.455 3.5 8.1 5.6 22.3 7.1 0 0 19.2 110 99 11.3 6.8
"56" "56" 2008-02-24 21.92 "MEM" "@" "CLE" "L" -20 0 27.5166666666667 0.509 0.455 0 10 4.4 21.6 1.8 0 19 26.1 90 115 7.2 -4.3
"57" "57" 2008-02-26 21.93 "MEM" "" "PHO" "L" -14 0 16.6833333333333 0.333 0.333 5.9 32.9 17.1 7.3 2.9 0 0 15.3 88 124 3.4 -7.9
"58" "58" 2008-02-29 21.93 "MEM" "@" "HOU" "L" -21 0 32.4166666666667 0.602 0.591 2.6 12.3 6.4 34 4.5 0 16.7 23 113 115 15.7 4.8
"59" "59" 2008-03-01 21.94 "MEM" "" "UTA" "L" -21 0 20 0.429 0.375 5.6 0 3.1 19.4 2.6 0 9.7 23.9 95 120 4.1 -5
"60" "60" 2008-03-04 21.95 "MEM" "@" "CHI" "L" -15 0 31.6166666666667 0.773 0.708 0 4.2 1.8 22.6 3.3 0 6.1 22.5 155 121 22.1 13.8
"61" "61" 2008-03-05 21.95 "MEM" "" "NJN" "W" 7 0 34.8 0.528 0.458 0 13.5 6.7 30.1 1.4 0 0 18.7 127 97 14.5 5.2
"62" "62" 2008-03-08 21.96 "MEM" "" "BOS" "L" -30 0 24.4333333333333 0.481 0.333 0 19 7.8 29.1 0 0 27.8 13.9 90 136 2.2 -11.2
"63" "63" 2008-03-11 21.96 "MEM" "@" "PHO" "L" -21 0 25.0166666666667 0.477 0.313 3.9 11 6.9 15.9 1.8 2.4 0 18.3 118 124 9.7 1.6
"64" "64" 2008-03-12 21.97 "MEM" "@" "DEN" "L" -22 0 23.4166666666667 0.51 0.6 0 8.4 4 39.6 0 3.1 25.4 14.3 89 110 4.9 -3
"65" "65" 2008-03-15 21.98 "MEM" "@" "GSW" "L" -3 1 42.65 0.51 0.5 0 2.6 1.2 16.4 5.8 1.9 20.3 14.6 95 109 10.7 -1.9
"66" "66" 2008-03-17 21.98 "MEM" "" "CHA" "W" 18 0 21.3666666666667 0.311 0.333 4.6 10.7 7.4 13.4 2.5 4.1 23.7 17.3 68 88 1.8 -4.8
"67" "67" 2008-03-19 21.99 "MEM" "@" "MIN" "L" -4 0 21.25 0.694 0.5 0 4.5 2.3 7.7 2.4 0 0 12.3 154 106 6.8 -0.3
"68" "68" 2008-03-21 21.99 "MEM" "@" "NYK" "W" 14 0 18.2666666666667 0.666 0.5 0 11.2 6.3 14.7 5.5 0 0 16.8 152 103 9.5 6.3
"69" "69" 2008-03-22 21.99 "MEM" "" "SAC" "W" 6 0 21.1333333333333 0.644 0.5 0 15.1 7.9 33.2 4.8 0 0 16.7 154 111 12.6 7.7
"70" "70" 2008-03-24 22 "MEM" "" "DEN" "L" -14 0 23.9666666666667 0.379 0.364 0 10.3 4.5 23.6 2 0 7.8 21.6 89 119 4.7 -6.9
"71" "71" 2008-03-26 22 "MEM" "@" "SAC" "L" -1 0 30.0333333333333 0.512 0.462 3.9 15.7 9.8 28.1 0 3 16.1 27.7 100 105 10 -1.6
"72" "72" 2008-03-28 22.01 "MEM" "@" "LAL" "W" 3 0 24.1833333333333 0.793 0.667 0 0 0 12.4 2 0 19.6 18 133 117 9.6 1
"73" "73" 2008-03-29 22.01 "MEM" "@" "LAC" "L" -13 0 22.4166666666667 0.772 0.778 0 12.6 5.6 27.9 0 0 7.2 27.5 148 118 15.8 10
"74" "74" 2008-03-31 22.02 "MEM" "" "ATL" "L" -17 0 31.0166666666667 0.73 0.889 4.3 10.7 7.1 10.3 0 0 7.9 19.5 136 131 11.6 0.1
"75" "75" 2008-04-02 22.02 "MEM" "" "NYK" "W" 16 0 27.6166666666667 0.652 0.625 0 6.2 3.9 26.5 1.7 0 19.2 17.2 126 114 10.4 -1
"76" "76" 2008-04-04 22.03 "MEM" "" "GSW" "L" -31 0 28.1666666666667 0.479 0.444 0 4.2 1.8 12.5 0 2.4 19.3 23.1 82 117 4.3 -7.9
"77" "77" 2008-04-06 22.03 "MEM" "@" "MIN" "W" 12 0 25.3166666666667 0.483 0.375 0 4.7 2.3 41.1 3.9 0 17.7 19.7 102 102 8.6 -2.2
"78" "78" 2008-04-08 22.04 "MEM" "" "PHO" "L" -14 0 23.1833333333333 0.838 0.917 0 0 0 12 4.4 0 0 15.4 173 131 13.4 10.5
"79" "79" 2008-04-11 22.05 "MEM" "@" "MIA" "W" 5 0 30.8166666666667 0.533 0.542 0 19.1 9.9 26.3 5.4 0 5.9 25.3 117 96 15.6 6.7
"80" "80" 2008-04-12 22.05 "MEM" "" "MIN" "L" -9 0 30.6833333333333 0.451 0.375 2.8 9 5.8 25 1.7 0 8.3 16.4 107 121 9.1 -3.3
"81" "81" 2008-04-15 22.06 "MEM" "@" "POR" "L" -22 0 23.3 0.571 0.643 0 10 4.5 30.8 7 0 0 16.8 128 118 11.9 9.9
"82" "82" 2008-04-16 22.06 "MEM" "@" "DEN" "L" -9 1 38.1333333333333 0.483 0.452 0 5.2 2.5 7.6 1.1 1.8 8.1 25.5 87 107 10.6 -5.4
"1" "1" 2008-10-29 22.6 "MEM" "@" "HOU" "L" -11 0 15.6666666666667 0 0 0 20.4 9.9 29.7 3.6 5.1 50 11.9 28 88 0.9 -4.3
"2" "2" 2008-10-31 22.6 "MEM" "" "ORL" "W" 2 0 23 0.98 1 0 20.9 9.7 29.9 2.3 5.2 0 8.6 210 90 13 14.9
"3" "3" 2008-11-01 22.61 "MEM" "@" "CHI" "L" -10 0 30.3333333333333 0.785 0.6 0 3.1 1.7 23.2 1.8 0 11.6 13.3 153 113 11.6 3.8
"4" "4" 2008-11-03 22.61 "MEM" "" "GSW" "W" 11 0 19.2333333333333 0.51 0.5 5.9 14.1 10.5 24.1 0 0 25.4 19.2 93 91 3.4 -5.8
"5" "5" 2008-11-05 22.62 "MEM" "@" "SAC" "L" -5 0 30.8166666666667 0.595 0.5 7.8 22.3 13.7 44 1.8 0 7.8 19.9 143 116 15.7 6.2
"6" "6" 2008-11-07 22.62 "MEM" "@" "GSW" "W" 5 0 15.8166666666667 0.509 0.417 0 0 0 26.1 0 0 22.5 23.4 100 112 2.1 -8.1
"7" "7" 2008-11-09 22.63 "MEM" "@" "DEN" "L" -10 0 27.8 0.524 0.2 0 3.8 1.9 13.7 6.6 2.8 28.2 16.7 84 90 7.5 1.2
"8" "8" 2008-11-10 22.63 "MEM" "@" "PHO" "L" -5 0 20.7 0.167 0.167 0 19.9 9 13 0 0 14.3 14.6 47 116 -1.7 -16.2
"9" "9" 2008-11-12 22.64 "MEM" "" "NYK" "L" -29 0 26.1166666666667 0.477 0.444 0 10.5 4.9 22.5 0 0 29.8 22.9 79 141 3.7 -14.6
"10" "10" 2008-11-14 22.64 "MEM" "" "MIL" "L" -5 0 18.9833333333333 0.347 0 0 0 0 32.8 2.9 0 0 7.4 114 111 3.6 -2.4
"11" "11" 2008-11-18 22.65 "MEM" "" "SAC" "W" 15 0 23.2 1.025 1 0 4.7 2.6 25.2 0 0 17 12.1 173 110 10.1 4.5
"12" "12" 2008-11-21 22.66 "MEM" "@" "DAL" "L" -15 0 15.25 0.4 0.4 6.2 7.3 6.7 25.5 0 0 28.6 21.2 71 107 0.9 -9.6
"13" "13" 2008-11-22 22.66 "MEM" "" "UTA" "L" -9 0 18.65 0.5 0.5 0 8.3 4 15.9 2.9 0 66.7 14.9 45 117 -1.1 -14.8
"14" "14" 2008-11-24 22.67 "MEM" "" "SAS" "L" -13 0 18.4333333333333 0.602 0.25 0 0 0 28.5 3 0 0 17.5 142 108 7.9 6.4
"15" "15" 2008-11-26 22.67 "MEM" "@" "UTA" "L" -17 0 29.6333333333333 0.222 0 0 0 0 19.8 7.1 2.4 22.8 13.6 66 121 4.1 -3
"16" "16" 2008-11-28 22.68 "MEM" "@" "SAS" "L" -11 0 24.3833333333333 0.333 0.333 0 17.9 8.7 9.8 2.3 0 25 8.3 73 124 2.2 -6.9
"17" "17" 2008-11-29 22.68 "MEM" "" "OKC" "L" -8 0 17.0666666666667 0.75 0.75 0 30.4 17 28.4 0 0 25 22.6 122 124 5.3 -5.4
"18" "18" 2008-12-03 22.69 "MEM" "@" "ATL" "L" -10 0 17.4333333333333 0.767 0.688 0 21.2 8.7 51.9 6.6 0 8.3 34.4 153 114 17 27.2
"19" "19" 2008-12-05 22.7 "MEM" "" "LAC" "W" 12 1 24 0.444 0.4 6.5 23.5 15.4 29.4 0 0 12.9 15.6 112 96 6.1 -2.9
"20" "20" 2008-12-06 22.7 "MEM" "@" "NOH" "L" -19 1 24.0666666666667 0.666 0.6 0 13.3 5.5 22.1 0 0 12.9 16 125 126 7.2 -2.8
"21" "21" 2008-12-08 22.71 "MEM" "" "HOU" "W" 12 1 23.6 0.698 0.714 0 6.2 2.9 32.9 4.7 0 11.3 18.8 141 108 11.7 9.7
"22" "22" 2008-12-10 22.71 "MEM" "@" "OKC" "W" 6 1 28.5333333333333 0.508 0.5 0 21.7 9.2 25.5 1.9 0 11.3 14.7 113 116 8.2 -3.6
"23" "23" 2008-12-12 22.72 "MEM" "" "CHI" "W" 7 1 20.7166666666667 0.233 0.167 0 11.6 5.7 18.4 2.5 0 23.7 18.4 56 104 0.5 -11.5
"24" "24" 2008-12-14 22.72 "MEM" "" "MIA" "W" 16 1 18.5166666666667 0.644 0.667 0 11 6.1 45 3.1 0 20.5 13.5 129 103 7 3.1
"25" "25" 2008-12-16 22.73 "MEM" "" "NOH" "L" -7 1 29.25 0.322 0.3 4.8 24.1 14.5 11.7 3.8 0 15.5 22.4 69 102 3.2 -7
"26" "26" 2008-12-19 22.74 "MEM" "" "CHA" "L" -29 1 22.3166666666667 0.68 0.6 0 16.5 6.7 8.8 0 0 14.5 15.7 118 135 6 -6.4
"27" "27" 2008-12-22 22.75 "MEM" "" "LAL" "L" -9 1 23.3833333333333 0.403 0.357 5.1 18.7 11.2 46.5 0 0 11.8 17 114 124 6.6 -2
"28" "28" 2008-12-23 22.75 "MEM" "@" "DAL" "L" -18 1 24.8666666666667 0.631 0.591 0 9.9 4.4 39.8 2.2 3.1 0 22.8 137 111 14 12.4
"29" "29" 2008-12-26 22.76 "MEM" "" "IND" "W" 3 1 20.7833333333333 0.61 0.5 5.8 18.2 11.8 40.7 2.6 4 19.6 22.7 122 111 11.7 7.7
"30" "30" 2008-12-27 22.76 "MEM" "@" "SAS" "L" -3 1 24.6166666666667 0.418 0.444 0 16.4 8.2 59.7 4.8 0 15.7 26.8 96 102 8.4 3
"31" "31" 2008-12-29 22.76 "MEM" "@" "MIN" "L" -10 1 34.05 0.665 0.429 3.4 11.1 7.1 59.6 1.6 0 16 17.8 139 113 17.7 6.6
"32" "32" 2008-12-30 22.77 "MEM" "" "PHO" "L" -12 1 28.8 0.532 0.333 3.7 0 2 36.6 3.5 0 26.2 12.4 105 109 7.6 -0.5
"33" "33" 2009-01-02 22.78 "MEM" "" "SAS" "L" -11 1 30.7 0.3 0.143 3.6 20.8 10.6 15.9 1.8 0 19.4 15.6 70 105 2.7 -6.1
"34" "34" 2009-01-04 22.78 "MEM" "" "DAL" "W" 20 1 24.75 0.765 0.7 0 14.2 7.6 29.2 0 0 33.8 17.6 117 105 7.7 0
"35" "35" 2009-01-06 22.79 "MEM" "" "MIN" "L" -7 1 27.7833333333333 0.589 0.4 4.4 4.8 4.6 30.3 2 6.6 20.7 16.2 116 109 10 4.4
"36" "36" 2009-01-07 22.79 "MEM" "@" "NJN" "L" -11 1 22.8833333333333 0.546 0.5 0 7.5 3 21.9 2.3 0 29.1 21.5 86 110 4.2 -7.1
"37" "37" 2009-01-09 22.79 "MEM" "@" "TOR" "L" -21 1 36.05 0.51 0.5 0 12.5 5.6 16.4 1.5 0 20.3 20.1 87 120 6 -8.1
"38" "38" 2009-01-13 22.81 "MEM" "" "CLE" "L" -15 1 30.4833333333333 0.693 0.455 3.7 9.3 6.2 52.2 1.8 0 10 32.3 140 119 23.3 16
"39" "39" 2009-01-16 22.81 "MEM" "" "UTA" "L" -10 1 18.75 0.254 0.143 0 26.5 11.3 17.4 2.9 0 20.2 24.4 58 113 -0.4 -15.3
"40" "40" 2009-01-19 22.82 "MEM" "" "DET" "L" -8 0 18.6833333333333 0.387 0.333 0 6.3 2.9 34.9 6.1 0 0 10.1 114 97 5.2 5.4
"41" "41" 2009-01-21 22.83 "MEM" "@" "CHA" "L" -15 0 18.1 0.496 0.357 0 15.2 7.4 22.4 8.8 0 22.9 35.6 84 100 7.1 2.2
"42" "42" 2009-01-23 22.83 "MEM" "@" "NYK" "L" -20 0 17.6166666666667 0.481 0.333 0 15.1 6.8 0 3.1 0 36.6 20.9 64 119 -0.5 -15.7
"43" "43" 2009-01-24 22.84 "MEM" "" "NJN" "L" -11 0 14.5333333333333 0.846 0.875 0 8.1 4 49.3 3.9 0 27.3 25.7 126 114 8.4 11.8
"44" "44" 2009-01-27 22.84 "MEM" "" "DEN" "L" -15 0 24.8166666666667 0.593 0.571 0 5 2.3 34.8 3.8 0 21.5 22.7 102 99 8.6 3.2
"45" "45" 2009-01-28 22.85 "MEM" "@" "OKC" "L" -12 0 13.4166666666667 0.424 0.389 0 9.2 4.6 15.7 0 0 9.6 37.8 82 121 2.9 -8.4
"46" "46" 2009-01-31 22.85 "MEM" "" "LAL" "L" -17 0 13.2333333333333 0.25 0.25 0 20.2 9.9 30.8 0 0 20 16.9 74 124 1.3 -9.6
"47" "47" 2009-02-02 22.86 "MEM" "@" "WAS" "W" 16 0 3.93333333333333 NA NA 0 0 0 0 0 0 NA 0 0 117 -0.4 -17.7
"48" "" 2009-02-04 22.87 "MEM" "" "HOU" "W" 11 NA NA NA NA NA NA NA NA NA NA NA NA NA NA NA NA
"49" "" 2009-02-06 22.87 "MEM" "" "LAC" "L" -21 NA NA NA NA NA NA NA NA NA NA NA NA NA NA NA NA
"50" "" 2009-02-07 22.87 "MEM" "" "TOR" "W" 8 NA NA NA NA NA NA NA NA NA NA NA NA NA NA NA NA
"51" "" 2009-02-09 22.88 "MEM" "" "NOH" "W" 5 NA NA NA NA NA NA NA NA NA NA NA NA NA NA NA NA
"52" "" 2009-02-11 22.88 "MEM" "@" "PHI" "L" -4 NA NA NA NA NA NA NA NA NA NA NA NA NA NA NA NA
"53" "48" 2009-02-17 22.9 "MEM" "@" "UTA" "L" -18 0 10.0333333333333 0.333 0.333 0 12.6 6.1 0 0 0 25 17.9 57 135 -0.8 -19.2
"54" "49" 2009-02-18 22.9 "MEM" "@" "POR" "L" -4 0 5.2 0.798 0.5 0 24.9 11.4 0 10.6 0 0 32.8 181 87 6.3 37.6
"55" "50" 2009-02-20 22.91 "HOU" "" "DAL" "W" 7 0 14.6 0.773 0.667 0 21.4 11.2 24.9 0 0 50.8 24.4 80 97 1.4 -11.8
"56" "51" 2009-02-22 22.92 "HOU" "" "CHA" "W" 21 0 19.95 0.347 0 6.5 17.6 12.3 13.4 2.7 4.3 41 12.4 77 86 1.7 -6.9
"57" "52" 2009-02-24 22.92 "HOU" "" "POR" "W" 4 0 15.2666666666667 0.5 0.5 0 23 11.8 42.3 0 0 0 12.4 131 104 4.5 1.4
"58" "53" 2009-02-26 22.93 "HOU" "" "CLE" "W" 19 0 19.6833333333333 0.5 0.5 0 15.2 9.1 61.7 5.9 0 14.3 18.8 117 81 8.6 12.2
"59" "54" 2009-02-28 22.93 "HOU" "@" "CHI" "L" -3 0 16 0.85 0.8 0 11.8 6.6 22.2 3.2 0 0 17.1 180 109 9.1 9.3
"60" "55" 2009-03-01 22.93 "HOU" "@" "MIN" "W" 11 0 25.0333333333333 0.55 0.55 6.6 0 2.7 18.9 0 0 0 20 128 119 8 -2.2
"61" "56" 2009-03-03 22.94 "HOU" "" "TOR" "W" 10 0 17.0166666666667 0.538 0.5 0 10.8 6.3 32.7 0 0 11.8 22.8 112 107 6.3 2.1
"62" "57" 2009-03-04 22.94 "HOU" "@" "UTA" "L" -7 0 21.9 0.726 0.643 0 19.9 8.7 0 2.4 0 17.2 24.8 119 108 9.8 4.2
"63" "58" 2009-03-06 22.95 "HOU" "" "PHO" "W" 4 0 22.5166666666667 0.615 0.5 5.2 13.9 9.8 17.4 2.1 0 0 9.4 149 113 8.3 1.9
"64" "59" 2009-03-08 22.95 "HOU" "" "MEM" "W" 10 0 28.0333333333333 0.82 0.75 0 3.7 2 49.9 1.9 0 29.1 11.5 139 95 11.2 7.7
"65" "60" 2009-03-09 22.96 "HOU" "@" "DEN" "W" 2 0 23.65 0.433 0.2 0 8.1 4.2 31.7 0 0 19.8 18.9 94 108 4.8 -3.5
"66" "61" 2009-03-11 22.96 "HOU" "" "LAL" "L" -6 0 26.1333333333333 0.444 0.4 10.8 0 5.3 26 0 2.4 30.7 17 92 117 3.9 -3.3
"67" "62" 2009-03-13 22.97 "HOU" "@" "CHA" "W" 5 0 20.25 0.654 0.583 0 0 0 16.4 0 0 30.4 24.9 94 106 3.6 -4.5
"68" "63" 2009-03-14 22.97 "HOU" "" "SAS" "L" -3 0 19.4166666666667 0.788 0.75 0 16.5 8.6 29 2.8 0 31.1 16.3 116 96 6.6 3.5
"69" "64" 2009-03-16 22.98 "HOU" "@" "NOH" "W" 11 0 22.5833333333333 0.824 1 13.3 14.8 14.2 21.3 5.1 0 21.6 10.2 151 95 9.5 9.6
"70" "65" 2009-03-18 22.98 "HOU" "" "DET" "W" 5 0 24.4833333333333 0.571 0.571 0 9.1 5.1 28.3 0 5.4 0 17.2 136 112 9.3 7.4
"71" "66" 2009-03-20 22.99 "HOU" "" "MIN" "W" 19 0 27.7166666666667 0.635 0.571 4.4 3.9 4.2 20.3 2 2.6 0 13.1 156 105 11 3.8
"72" "67" 2009-03-22 22.99 "HOU" "@" "SAS" "W" 2 0 22.7166666666667 0.557 0.556 0 18.8 10.3 27 2.5 2.9 9.2 23.9 111 95 9.1 5.7
"73" "68" 2009-03-24 23 "HOU" "@" "UTA" "L" -13 0 18.2333333333333 0.129 0 0 18.8 8.4 8.2 0 0 20.5 23.3 29 106 -3.8 -19.8
"74" "69" 2009-03-28 23.01 "HOU" "" "LAC" "W" 17 0 20.1 0.82 0.75 0 17.9 9.4 26.7 2.7 0 29.1 16.4 130 100 8.3 3.8
"75" "70" 2009-04-01 23.02 "HOU" "@" "PHO" "L" -5 0 17.2666666666667 0.5 0.5 6.8 12.9 9.9 8.7 8.7 0 10 26.2 101 103 7.1 4.3
"76" "71" 2009-04-03 23.02 "HOU" "@" "LAL" "L" -12 0 21.15 0.143 0.143 16.6 15.8 16.2 23.7 0 0 22.2 20.3 56 108 0.2 -10.1
"77" "72" 2009-04-05 23.03 "HOU" "" "POR" "W" 14 0 24.2666666666667 0.773 0.667 0 9 5.2 35.9 2.5 0 43.6 14.8 112 112 7.5 4.9
"78" "73" 2009-04-07 23.04 "HOU" "" "ORL" "W" 10 0 24.2833333333333 0.444 0.429 0 11.9 6.1 12.3 2.3 3.9 0 15.9 106 96 6.5 5.2
"79" "74" 2009-04-09 23.04 "HOU" "@" "SAC" "W" 17 0 21.7333333333333 0.68 0.6 0 5.4 2.9 10.9 2.4 0 14.5 14.6 131 110 6.2 -2.9
"80" "75" 2009-04-10 23.04 "HOU" "@" "GSW" "W" 4 0 19 0.574 0.5 0 12 6.7 46.2 2.8 3.7 15 29.8 131 118 11.8 9.8
"81" "76" 2009-04-13 23.05 "HOU" "" "NOH" "W" 20 0 25.1833333333333 0.4 0.4 0 8.1 4.6 18.9 2.4 2.9 0 10.3 110 84 5.7 3.5
"82" "77" 2009-04-15 23.06 "HOU" "@" "DAL" "L" -11 0 30.1166666666667 0.573 0.45 3.8 25.2 13.9 29.9 0 0 7.1 22.7 121 110 13 4.9
"1" "1" 2009-10-27 23.59 "HOU" "@" "POR" "L" -9 0 26.6 0.622 0.5 3.7 10.3 6.4 58.7 3.7 0 9.4 17.5 135 99 14.2 13.1
"2" "2" 2009-10-28 23.59 "HOU" "@" "GSW" "W" 1 0 16.9166666666667 0.34 0.2 13.8 6.9 10.4 15.3 0 0 25.4 19.8 82 118 0.4 -17.6
"3" "3" 2009-10-31 23.6 "HOU" "" "POR" "W" 4 0 32.4166666666667 0.509 0.417 0 13.9 6.4 0 1.7 0 12.7 11.3 99 121 3.3 -6.4
"4" "4" 2009-11-02 23.61 "HOU" "@" "UTA" "W" 17 0 24.45 0.85 0.9 4.4 5 4.7 28.7 2.1 0 14.5 12.3 156 105 11.8 9.3
"5" "5" 2009-11-04 23.61 "HOU" "" "LAL" "L" -1 0 24.4666666666667 0.463 0.333 4.5 8 6.4 18.7 0 0 18.8 19.9 97 112 4.8 -2.8
"6" "6" 2009-11-06 23.62 "HOU" "" "OKC" "W" 11 0 19.7833333333333 0.376 0.25 0 16.9 9.1 49 2.5 11.6 27.3 17.2 99 87 7.9 11
"7" "7" 2009-11-10 23.63 "HOU" "@" "DAL" "L" -18 0 25.9333333333333 0.685 0.786 3.9 15.9 8.9 35.9 1.9 0 36.3 23.2 95 127 7 -4.3
"8" "8" 2009-11-11 23.63 "HOU" "" "MEM" "W" 25 0 29.15 0.621 0.583 14.6 15 14.8 42.2 3.4 0 31.8 14.3 124 81 13.8 8.9
"9" "9" 2009-11-13 23.64 "HOU" "@" "SAC" "L" -9 0 21.6 0.372 0.222 4.7 21.2 12.5 20.5 2.3 0 8.5 24.3 88 112 5.3 -7.4
"10" "10" 2009-11-15 23.64 "HOU" "@" "LAL" "W" 10 0 22.55 0.338 0.25 9.5 16.1 13 47.5 0 3.5 18.4 9.8 118 92 7.7 4.2
"11" "11" 2009-11-17 23.65 "HOU" "" "PHO" "L" -6 0 16.9666666666667 0.41 0.25 0 15.7 6.7 7 0 0 0 12.6 103 117 1.7 -9.7
"12" "12" 2009-11-18 23.65 "HOU" "@" "MIN" "W" 13 0 21.7 0.786 0.786 10.5 11.1 10.8 31.7 2.4 0 22.2 17.3 138 94 11.9 10.7
"13" "13" 2009-11-20 23.66 "HOU" "@" "ATL" "L" -2 0 27.9833333333333 0.579 0.5 3.9 9.3 6.4 37.4 4 0 14.2 21.3 130 117 13.9 10.5
"14" "14" 2009-11-21 23.66 "HOU" "" "SAC" "W" 7 0 25.0333333333333 0.457 0.286 4.7 19.7 12 39.2 2 0 0 15.3 133 112 11.6 4.7
"15" "15" 2009-11-25 23.67 "HOU" "" "DAL" "L" -31 0 31.6833333333333 0.258 0.25 10.8 0 6.6 29.1 1.6 0 43.6 18.5 61 138 -0.6 -12.8
"16" "16" 2009-11-27 23.68 "HOU" "" "SAS" "L" -8 0 23.4166666666667 0.579 0.417 7.5 5.5 6.7 21.3 6.8 0 25.8 21.7 103 94 8 5.7
"17" "17" 2009-11-29 23.68 "HOU" "@" "OKC" "W" 9 0 18.5166666666667 0.63 0.333 20.7 16.7 19.2 22 0 0 38.7 17.2 108 108 6 -1.7
"18" "18" 2009-12-02 23.69 "HOU" "@" "LAC" "W" 17 0 23.1666666666667 0.557 0.5 11.2 5.6 8.4 13.9 2.4 0 16.8 24.5 112 98 6.8 -0.5
"19" "19" 2009-12-03 23.69 "HOU" "@" "GSW" "W" 2 0 28.95 0.523 0.286 0 10.8 5.8 18.1 1.6 2.4 27.5 20.4 94 109 7.1 -7.7
"20" "20" 2009-12-05 23.7 "HOU" "@" "POR" "L" -1 0 22.0833333333333 0.589 0.5 5.2 7.2 6 7.3 0 0 11.6 19.7 117 114 4.6 -2.5
"21" "21" 2009-12-09 23.71 "HOU" "" "CLE" "W" 10 0 19.1 0.258 0 0 0 0 31.4 2.7 0 0 9.2 96 94 2.9 -0.6
"22" "22" 2009-12-11 23.72 "HOU" "@" "PHI" "W" 5 0 21.0666666666667 0.814 0.8 0 4.7 2.5 19.1 2.5 0 12.9 17.6 145 102 9.2 5.1
"23" "23" 2009-12-13 23.72 "HOU" "@" "TOR" "L" -13 0 27.7 0.463 0.333 7.5 0 4.3 18.2 3.9 0 0 13.9 122 111 9.3 4.9
"24" "24" 2009-12-15 23.73 "HOU" "" "DET" "W" 11 0 26.5333333333333 0.478 0.333 5.2 17.1 12.3 14.5 4 0 12 15 108 98 7.3 -2.5
"25" "25" 2009-12-16 23.73 "HOU" "@" "DEN" "L" -10 0 26.55 0.347 0 4.9 3.8 4.3 30.1 3.8 0 51 9.7 85 115 4.4 -2.3
"26" "26" 2009-12-18 23.73 "HOU" "@" "DAL" "W" 8 0 38.9 0.767 0.731 8.7 8.5 8.6 41.2 6.7 1.8 10.5 21.6 153 98 32.6 23.8
"27" "27" 2009-12-19 23.74 "HOU" "" "OKC" "W" 5 0 25.2666666666667 0.276 0.2 0 9.5 4.1 26.3 2.2 0 15.5 11.4 85 106 2.8 -6.3
"28" "28" 2009-12-22 23.75 "HOU" "" "LAC" "W" 9 0 29.6 0.559 0.5 8.1 14.7 11.1 40.2 3.6 0 12.3 25.3 118 106 15.7 6.4
"29" "29" 2009-12-23 23.75 "HOU" "@" "ORL" "L" -15 0 25.0166666666667 0.472 0.458 4.3 18.7 11.2 17.1 2 0 6.8 28.2 95 106 8.7 2.6
"30" "30" 2009-12-26 23.76 "HOU" "@" "NJN" "W" 5 0 23.7 0.301 0.167 4.1 14.8 9 31.7 2.3 0 7.9 24.1 87 103 4.2 -6
"31" "31" 2009-12-27 23.76 "HOU" "@" "CLE" "L" -25 0 24.3333333333333 0.17 0 0 8.4 4.4 23.7 0 0 0 10.8 57 118 0 -11.4
"32" "32" 2009-12-29 23.76 "HOU" "" "NOH" "W" 8 0 27.9833333333333 0.931 1 0 22.6 10.7 35.8 0 0 51.5 13.3 112 113 7.2 -2.8
"33" "33" 2009-12-31 23.77 "HOU" "" "DAL" "W" 3 0 27.7833333333333 0.75 0.75 11.5 11.5 11.5 27.5 1.8 0 11.1 14.3 149 101 13.3 9
"34" "34" 2010-01-02 23.78 "HOU" "@" "NOH" "L" -4 0 25.3666666666667 0.588 0.438 21.6 9.2 14.9 38.7 0 0 0 19.8 154 115 13.2 8.5
"35" "35" 2010-01-05 23.78 "HOU" "@" "LAL" "L" -9 0 19.6 0.258 0.333 10.9 41.8 25.6 42.9 0 0 34 14.3 74 92 3.7 -3.8
"36" "36" 2010-01-06 23.79 "HOU" "@" "PHO" "L" -8 0 27.7833333333333 0.436 0.333 10.4 14.4 12.1 25.1 0 0 53.8 10.7 86 124 3.7 -6.2
"37" "37" 2010-01-09 23.79 "HOU" "" "NYK" "W" 9 0 31.2333333333333 0.687 0.611 11.5 19.2 14.9 13.4 5.2 2.8 7.9 18.8 147 100 18.6 11.8
"38" "38" 2010-01-12 23.8 "HOU" "@" "CHA" "L" -8 0 26.3166666666667 0.571 0.5 13.3 19.7 16.4 30.9 0 0 11.3 15.3 137 120 9.5 2.3
"39" "39" 2010-01-13 23.81 "HOU" "" "MIN" "W" 6 0 18.35 0.113 0 10.9 22.9 16.7 15.3 0 0 10.1 24.8 47 97 -1.4 -18.7
"40" "40" 2010-01-15 23.81 "HOU" "" "MIA" "L" -9 0 16.35 0.905 0.667 0 15.9 8 18.9 0 0 14.1 20.4 169 130 9.1 2.7
"41" "41" 2010-01-18 23.82 "HOU" "" "MIL" "W" 3 0 25.5 0.478 0.333 8.5 8.3 8.4 32.6 0 0 21.5 17.7 104 108 7.1 -1
"42" "42" 2010-01-22 23.83 "HOU" "@" "SAS" "W" 7 0 33.8833333333333 0.792 0.727 12.5 8.5 10.1 38.5 2.9 0 21.6 25 141 112 23 10.5
"43" "43" 2010-01-23 23.83 "HOU" "" "CHI" "L" -7 0 25.4333333333333 0.363 0.25 4.4 24.4 12.8 29.4 0 0 22.5 16.1 86 117 3 -6.9
"44" "44" 2010-01-25 23.84 "HOU" "" "ATL" "L" -7 0 24.6166666666667 0.61 0.583 4.2 9.7 6.8 28.7 0 0 10.9 17.1 126 118 7.3 0.4
"45" "45" 2010-01-27 23.84 "HOU" "" "DEN" "L" -5 0 36.0166666666667 0.43 0.333 2.8 7 4.7 29.2 1.4 0 25.6 19.4 86 104 6.1 -2
"46" "46" 2010-01-29 23.85 "HOU" "" "POR" "W" 4 0 10.9333333333333 0.751 0.667 11 22 16.5 25.2 0 0 12 34.8 141 112 9 13.5
"47" "" 2010-01-31 23.85 "HOU" "" "PHO" "L" -4 NA NA NA NA NA NA NA NA NA NA NA NA NA NA NA NA
"48" "" 2010-02-02 23.86 "HOU" "" "GSW" "W" 22 NA NA NA NA NA NA NA NA NA NA NA NA NA NA NA NA
"49" "47" 2010-02-05 23.87 "HOU" "@" "MEM" "W" 18 0 18.6666666666667 0.451 0.417 0 12.2 6.1 30.4 0 0 11.4 20.1 111 97 4.8 -1.7
"50" "48" 2010-02-06 23.87 "HOU" "" "PHI" "L" -7 0 19.1666666666667 0.81 0.667 0 24.2 9.4 31.3 0 5.2 10.4 22.4 159 114 14.1 15.3
"51" "" 2010-02-09 23.88 "HOU" "@" "MIA" "L" -33 NA NA NA NA NA NA NA NA NA NA NA NA NA NA NA NA
"52" "" 2010-02-16 23.9 "HOU" "" "UTA" "L" -9 NA NA NA NA NA NA NA NA NA NA NA NA NA NA NA NA
"53" "" 2010-02-17 23.9 "HOU" "@" "MIL" "W" 28 NA NA NA NA NA NA NA NA NA NA NA NA NA NA NA NA
"54" "" 2010-02-20 23.91 "HOU" "" "IND" "L" -10 NA NA NA NA NA NA NA NA NA NA NA NA NA NA NA NA
"55" "" 2010-02-21 23.91 "HOU" "@" "NOH" "L" -8 NA NA NA NA NA NA NA NA NA NA NA NA NA NA NA NA
"56" "" 2010-02-24 23.92 "HOU" "" "ORL" "L" -18 NA NA NA NA NA NA NA NA NA NA NA NA NA NA NA NA
"57" "" 2010-02-26 23.93 "HOU" "" "SAS" "W" 5 NA NA NA NA NA NA NA NA NA NA NA NA NA NA NA NA
"58" "" 2010-02-27 23.93 "HOU" "@" "UTA" "L" -23 NA NA NA NA NA NA NA NA NA NA NA NA NA NA NA NA
"59" "" 2010-03-01 23.93 "HOU" "" "TOR" "W" 24 NA NA NA NA NA NA NA NA NA NA NA NA NA NA NA NA
"60" "" 2010-03-03 23.94 "HOU" "" "SAC" "L" -3 NA NA NA NA NA NA NA NA NA NA NA NA NA NA NA NA
"61" "" 2010-03-06 23.95 "HOU" "@" "MIN" "W" 14 NA NA NA NA NA NA NA NA NA NA NA NA NA NA NA NA
"62" "" 2010-03-07 23.95 "HOU" "@" "DET" "L" -3 NA NA NA NA NA NA NA NA NA NA NA NA NA NA NA NA
"63" "49" 2010-03-09 23.96 "HOU" "@" "WAS" "W" 8 0 19.4166666666667 0.366 0.167 10.5 6.2 8.5 32.4 2.6 0 10.9 20.1 100 96 5.1 -0.8
"64" "50" 2010-03-13 23.97 "HOU" "" "NJN" "W" 8 0 18.5166666666667 0.434 0.25 0 14.4 7 29.9 0 0 14.8 15.5 112 118 4.1 -4.4
"65" "51" 2010-03-15 23.97 "HOU" "" "DEN" "W" 2 0 18.1166666666667 0.508 0.429 7.4 5.8 6.5 14.3 0 0 11.3 22.5 110 133 4.5 -8.7
"66" "52" 2010-03-17 23.98 "HOU" "" "MEM" "W" 13 0 12.15 0.906 1 0 7.7 4.8 45.1 0 0 52.1 22.1 109 103 3.6 -3
"67" "53" 2010-03-19 23.98 "HOU" "" "BOS" "L" -7 0 16.3166666666667 0.291 0.167 6.5 7.4 6.9 32.6 0 0 12.7 22.8 78 115 1.5 -9.2
"68" "54" 2010-03-21 23.99 "HOU" "@" "NYK" "W" 4 0 21.8333333333333 0.592 0.5 5.5 11.9 8.6 39.5 4.4 0 0 30.9 135 109 17.7 13.2
"69" "55" 2010-03-22 23.99 "HOU" "@" "CHI" "L" -10 0 28.1666666666667 0.425 0.3 3.4 12.2 7.4 20.5 1.8 0 0 18 104 104 8.1 0.3
"70" "56" 2010-03-24 24 "HOU" "@" "OKC" "L" -18 0 24.2333333333333 0.588 0.5 0 26.4 10.2 13.2 2.1 0 13.6 25.8 111 127 9.7 0.6
"71" "57" 2010-03-25 24 "HOU" "" "LAC" "L" -6 0 29.8833333333333 0.608 0.375 0 6.7 3.3 5.3 0 0 8 18.6 120 112 9.1 -4.6
"72" "58" 2010-03-27 24.01 "HOU" "" "LAL" "L" -8 0 24.2666666666667 0.193 0 8.6 0 5.3 10.4 2.2 0 0 14.6 74 123 1.8 -10.3
"73" "59" 2010-03-30 24.01 "HOU" "" "WAS" "W" 4 0 29.6166666666667 0.623 0.5 0 7 3.8 32.5 1.8 0 18 25.9 116 108 14.1 4.3
"74" "60" 2010-03-31 24.02 "HOU" "@" "SAS" "L" -17 0 23.55 0.568 0.455 12.2 20.9 16 36.6 4.1 0 6.3 27.4 132 116 17.1 12.7
"75" "61" 2010-04-02 24.02 "HOU" "@" "BOS" "W" 5 0 42.3666666666667 0.602 0.455 6.4 10.1 8.2 17.4 1.3 0 21.1 20.7 120 118 12.3 -1.8
"76" "62" 2010-04-04 24.03 "HOU" "@" "IND" "L" -31 0 24.1833333333333 0.538 0.536 15.9 0 9.2 22 2 0 6.3 27.9 117 138 12.3 3
"77" "63" 2010-04-06 24.03 "HOU" "@" "MEM" "W" 10 0 14.9666666666667 0.34 0.2 7.3 0 3.5 27.7 0 0 33.8 24.9 71 114 -0.5 -17.1
"78" "64" 2010-04-07 24.04 "HOU" "" "UTA" "W" 17 0 29.8 0.51 0.4 0 8.3 4 21.3 1.6 0 14.5 10 118 101 7.4 -1.9
"79" "65" 2010-04-09 24.04 "HOU" "" "CHA" "W" 7 0 22.2833333333333 0.592 0.4 5.1 5.3 5.2 19.2 0 0 12.9 15.8 125 107 5.8 -2.4
"80" "66" 2010-04-11 24.05 "HOU" "@" "PHO" "L" -10 0 20.6166666666667 0.5 0.5 11.6 10.8 11.2 37.5 2.3 0 45.5 22.8 79 116 4.1 -7.2
"81" "67" 2010-04-12 24.05 "HOU" "@" "SAC" "W" 10 0 25.1333333333333 0.643 0.6 0 5.3 2.7 66.6 0 0 15.5 23.4 134 115 14.2 5.6
"82" "68" 2010-04-14 24.05 "HOU" "" "NOH" "L" -8 0 19.7166666666667 0.333 0.333 5.9 8.7 7.1 40.4 7.6 0 0 13.5 118 118 8.3 4
"1" "" 2010-10-26 24.59 "HOU" "@" "LAL" "L" -2 NA NA NA NA NA NA NA NA NA NA NA NA NA NA NA NA
"2" "" 2010-10-27 24.59 "HOU" "@" "GSW" "L" -4 NA NA NA NA NA NA NA NA NA NA NA NA NA NA NA NA
"3" "1" 2010-10-30 24.6 "HOU" "" "DEN" "L" -13 0 20.4666666666667 0.063 0 16 19.5 17.8 19 0 0 27.6 23.4 40 110 -3.1 -17.6
"4" "2" 2010-11-03 24.61 "HOU" "" "NOH" "L" -8 0 20.7666666666667 0.571 0.571 0 0 0 21.6 0 0 20.2 20.2 100 120 3 -6.1
"5" "" 2010-11-06 24.62 "HOU" "@" "SAS" "L" -3 NA NA NA NA NA NA NA NA NA NA NA NA NA NA NA NA
"6" "" 2010-11-07 24.62 "HOU" "" "MIN" "W" 26 NA NA NA NA NA NA NA NA NA NA NA NA NA NA NA NA
"7" "3" 2010-11-10 24.63 "HOU" "@" "WAS" "L" -7 0 21.3166666666667 0.182 0.182 10 4.5 7.1 30.5 0 0 15.4 26.8 55 108 -2 -17
"8" "4" 2010-11-12 24.64 "HOU" "@" "IND" "W" 3 0 34.6166666666667 0.553 0.5 3.6 16.1 10.1 30.3 2.9 4.1 25.4 21 103 101 12.9 2.6
"9" "5" 2010-11-14 24.64 "HOU" "@" "NYK" "W" 8 1 35.7666666666667 0.368 0.167 0 20.9 10.6 23.2 4.1 0 34.4 17.7 68 93 5.1 -6
"10" "6" 2010-11-16 24.65 "HOU" "" "CHI" "L" -3 1 43.2 0.554 0.6 3 9.5 6.2 25.4 2.5 0 38.8 11.4 91 108 6.4 -1.6
"11" "7" 2010-11-17 24.65 "HOU" "@" "OKC" "L" -17 1 22.4833333333333 0.258 0 5.1 15.6 10.3 23.7 2.3 0 50.8 15.6 56 124 0.1 -12.1
"12" "8" 2010-11-19 24.65 "HOU" "@" "TOR" "L" -10 1 40.05 0.511 0.389 3 17.5 10.4 47.3 2.5 0 15.7 14.9 119 108 14.8 1.4
"13" "9" 2010-11-22 24.66 "HOU" "" "PHO" "L" -7 1 32.1333333333333 0.623 0.6 0 3.8 1.8 29.8 9.1 0 8.7 14.2 140 111 18.1 10.9
"14" "10" 2010-11-24 24.67 "HOU" "" "GSW" "W" 10 1 39.5666666666667 0.658 0.563 0 18.1 10.5 46.4 2.6 0 22 16.3 127 104 16.1 3
"15" "11" 2010-11-26 24.67 "HOU" "@" "CHA" "L" -10 1 38.3666666666667 0.403 0.429 2.8 5.8 4.3 25.7 1.3 1.8 21.2 11.5 89 108 6.3 -4.8
"16" "12" 2010-11-28 24.68 "HOU" "" "OKC" "W" 1 1 38.2666666666667 0.509 0.5 9.2 9.6 9.4 31.6 1.5 3.7 6.8 17.8 130 114 15.6 6.8
"17" "13" 2010-11-29 24.68 "HOU" "@" "DAL" "L" -10 1 25.6 0.429 0.429 0 5.1 2.2 40.1 0 0 22.2 15.9 84 118 3.7 -7.9
"18" "14" 2010-12-01 24.69 "HOU" "" "LAL" "W" 10 1 35.6166666666667 0.82 0.75 3.7 3.3 3.5 36.1 3 0 29.1 9.2 149 112 13.2 7.4
"19" "15" 2010-12-03 24.69 "HOU" "@" "MEM" "W" 16 1 39.15 0.882 0.867 4.9 7 6.1 48.2 2.7 0 15.9 23.8 165 123 29.8 14.1
"20" "16" 2010-12-04 24.7 "HOU" "@" "CHI" "L" -3 1 43.5333333333333 0.398 0.324 5.8 13.8 9.9 14.4 3.4 0 9.1 22.6 89 111 11.6 -3.6
"21" "17" 2010-12-07 24.7 "HOU" "" "DET" "W" 14 1 42.0333333333333 0.724 0.692 3.2 6.5 4.8 54.8 7.8 0 28.3 24.1 119 87 24.2 16
"22" "18" 2010-12-10 24.71 "HOU" "@" "MIL" "L" -6 1 32.8833333333333 0.346 0.333 3.2 7.3 5.2 16.1 1.6 0 11.2 24.9 73 107 3.3 -7
"23" "19" 2010-12-11 24.72 "HOU" "" "CLE" "W" 15 1 34.6 0.5 0.5 4 6 5.1 23.9 1.5 2.1 12.5 10.6 125 105 8.7 1.5
"24" "20" 2010-12-14 24.72 "HOU" "" "SAC" "W" 13 1 28.2333333333333 0.685 0.714 7.6 8.9 8.2 39 5.3 0 18.6 16.3 138 105 16.8 11
"25" "21" 2010-12-15 24.73 "HOU" "@" "OKC" "L" -12 1 34.6666666666667 0.588 0.5 0 20.5 8 13.4 4.6 0 7.3 18.3 120 125 12.6 -1.2
"26" "22" 2010-12-17 24.73 "HOU" "" "MEM" "W" 16 1 38.3666666666667 0.73 0.667 3.7 2.6 3 68.8 6.4 1.6 30 19.1 134 85 25 17.8
"27" "23" 2010-12-19 24.74 "HOU" "@" "SAC" "W" 9 1 33 0.597 0.6 14.9 5.9 9.9 34.3 0 0 31.5 20.5 105 109 10.1 -2
"28" "24" 2010-12-20 24.74 "HOU" "@" "GSW" "W" 9 1 36.3666666666667 0.683 0.667 3.4 6.4 4.9 27.8 5.6 0 17.4 13.2 141 112 17.3 7.5
"29" "25" 2010-12-22 24.75 "HOU" "@" "LAC" "W" 5 1 31.2833333333333 0.3 0.286 3.7 9.4 6.7 28.8 3.2 0 10.7 13 88 96 6.1 -3.3
"30" "26" 2010-12-27 24.76 "HOU" "" "WAS" "W" 7 1 31.6666666666667 0.508 0.5 0 12.9 7.1 28 1.7 3.9 33.7 17.2 86 99 6.1 -1.5
"31" "27" 2010-12-29 24.76 "HOU" "" "MIA" "L" -6 1 23.8666666666667 0.709 0.75 11.6 25.1 16.8 42.7 2 0 11.4 15.1 149 126 13.4 8.5
"32" "28" 2010-12-31 24.77 "HOU" "" "TOR" "W" 9 1 25.5 0.304 0.222 0 13.7 7.5 14 0 2.3 9.2 17.6 74 106 2.7 -11
"33" "29" 2011-01-02 24.78 "HOU" "@" "POR" "L" -15 1 21.8 0.436 0.417 0 5 2.5 33.1 0 6.6 0 15.1 111 116 6.7 4.6
"34" "30" 2011-01-03 24.78 "HOU" "@" "DEN" "L" -7 1 31.6666666666667 0.64 0.583 9.1 14.4 11.5 19.3 4.7 0 0 22.5 145 112 20.5 12.8
"35" "31" 2011-01-05 24.78 "HOU" "" "POR" "L" -3 1 39.2166666666667 0.457 0.357 0 11.1 6.4 28 0 1.9 18.6 13.3 104 115 6.3 -5.4
"36" "32" 2011-01-07 24.79 "HOU" "@" "ORL" "L" -15 1 21.2833333333333 0 0 4.7 0 2.7 33.2 2.4 0 0 8.4 66 118 0.7 -9.7
"37" "33" 2011-01-08 24.79 "HOU" "" "UTA" "L" -4 1 43.4166666666667 0.192 0.077 7.2 8.3 7.7 22.3 1.2 0 6 17.9 65 110 2.1 -9.8
"38" "34" 2011-01-10 24.8 "HOU" "@" "BOS" "W" 6 1 37.5166666666667 0.679 0.5 7.5 0 3.7 30.2 1.5 2.1 7.4 17.2 160 120 18.8 6.9
"39" "35" 2011-01-12 24.8 "HOU" "" "OKC" "L" -6 1 37.7833333333333 0.605 0.571 2.6 7.1 4.5 13.8 1.3 0 6.3 18 127 129 15.1 -0.2
"40" "36" 2011-01-14 24.81 "HOU" "" "NOH" "L" -5 1 44.5333333333333 0.618 0.55 7.8 8.3 8 33.2 3.7 0 8.1 26.5 132 112 24.9 11.3
"41" "37" 2011-01-15 24.81 "HOU" "@" "ATL" "W" 6 1 33.2833333333333 0.621 0.583 8 10.6 9.4 15 1.5 0 23.7 23.4 110 114 11.3 -1.8
"42" "38" 2011-01-17 24.82 "HOU" "" "MIL" "W" 9 1 34.2666666666667 0.222 0.222 2.6 13 7.2 26.1 3.1 0 0 11.2 79 92 6.2 -2.5
"43" "39" 2011-01-19 24.82 "HOU" "" "NYK" "W" 15 1 34.4833333333333 0.643 0.643 3.2 0 1.5 18.6 0 0 6.7 20.3 127 104 13.5 2.2
"44" "40" 2011-01-21 24.83 "HOU" "@" "MEM" "L" -5 1 25.3 0.313 0.313 4.3 5 4.6 44.4 0 0 11.1 15.6 101 127 5 -4.5
"45" "41" 2011-01-22 24.83 "HOU" "" "ORL" "L" -14 1 27.4833333333333 0.581 0.5 0 4.5 1.9 17.5 0 0 16.2 18.9 112 132 6.9 -4
"46" "42" 2011-01-24 24.84 "HOU" "@" "MIN" "W" 4 1 23.45 0.665 0.571 10 20 15 27.8 0 0 22.2 23.9 124 121 11.8 -0.4
"47" "43" 2011-01-26 24.84 "HOU" "" "LAC" "W" 13 1 32.3833333333333 0.658 0.615 0 16.2 9.5 46.3 0 2.1 6.2 22.5 139 90 19.2 11.9
"48" "44" 2011-01-27 24.84 "HOU" "@" "DAL" "L" -5 1 33.65 0.398 0.3 3.2 7.5 5.2 19.7 1.5 0 8.1 16.1 102 120 6.8 -2.3
"49" "45" 2011-01-29 24.85 "HOU" "@" "SAS" "L" -13 1 31.5166666666667 0.568 0.591 3.8 4.9 4.3 34.5 0 0 18.5 22.4 112 129 10.6 0.7
"50" "46" 2011-02-01 24.86 "HOU" "@" "LAL" "L" -8 1 34.4166666666667 0.273 0.273 5.7 7 6.3 20.1 1.6 0 8.3 15.8 82 119 3.8 -8.6
"51" "47" 2011-02-02 24.86 "HOU" "@" "UTA" "W" 1 1 32.0333333333333 0.8 0.8 7.7 13.6 10.8 30 1.8 0 16.7 18.5 144 112 14.9 8.2
"52" "48" 2011-02-05 24.87 "HOU" "" "MEM" "W" 2 1 38.6333333333333 0.455 0.444 6 16.1 11.3 27.5 0 1.7 23.3 16.1 94 101 7.4 -0.4
"53" "49" 2011-02-07 24.87 "HOU" "@" "DEN" "W" 5 1 37.6 0.41 0.167 3 0 1.5 18.4 5 0 6.9 16.7 99 98 9.9 0.1
"54" "50" 2011-02-08 24.88 "HOU" "" "MIN" "L" -4 1 33.2666666666667 0.583 0.583 0 7.8 3.5 17.8 1.5 0 14.3 18.7 106 123 9.2 -4.3
"55" "51" 2011-02-12 24.89 "HOU" "" "DAL" "L" -4 1 38.3 0.523 0.5 2.6 4 3.1 37.9 2.8 0 0 28.2 129 121 20.2 10.1
"56" "52" 2011-02-14 24.89 "HOU" "" "DEN" "W" 19 1 28.3 0.389 0.389 9.4 13.8 12 30.5 0 0 25 18.7 96 113 5.6 -7.9
"57" "53" 2011-02-16 24.9 "HOU" "" "PHI" "L" -9 1 43.15 0.976 1 0 11.4 4.9 27.5 1.2 0 5.1 19.8 180 122 33.9 17.9
"58" "54" 2011-02-22 24.92 "HOU" "@" "DET" "W" 8 1 23.1833333333333 0.781 0.75 0 8.1 4.5 31.5 0 0 25.8 14.8 131 120 7.1 -1.6
"59" "55" 2011-02-23 24.92 "HOU" "@" "CLE" "W" 5 1 28.0666666666667 0.092 0.1 0 16.3 7.3 15.1 3.5 5 8.4 16.6 47 113 0.2 -13.5
"60" "56" 2011-02-26 24.93 "HOU" "" "NJN" "W" 15 1 30.1833333333333 0.512 0.375 0 6 3.4 38.4 1.6 0 17 16.8 117 114 9.9 -2.7
"61" "57" 2011-02-27 24.93 "HOU" "@" "NOH" "W" 2 1 43.75 0.643 0.643 5.5 2.9 4.2 9.4 0 0 17.6 18.8 114 114 9.9 -0.6
"62" "58" 2011-03-01 24.93 "HOU" "@" "POR" "W" 16 1 39.7 0.602 0.618 0 11.8 7 40.2 2.8 0 14.7 26.6 118 99 19.8 8.8
"63" "59" 2011-03-02 24.94 "HOU" "@" "LAC" "L" -3 1 34.9 0.566 0.553 5.7 6.5 6.1 59 2.9 1.8 0 27.4 133 110 24.7 16
"64" "60" 2011-03-05 24.95 "HOU" "" "IND" "W" 17 1 28.5833333333333 0.773 0.722 3.7 6.3 5.1 28.3 3.3 1.9 20.5 20.5 135 95 18.5 13.8
"65" "61" 2011-03-07 24.95 "HOU" "@" "SAC" "W" 22 1 29.0833333333333 0.764 0.75 9.2 18.3 14.3 40.7 0 0 13.9 21.5 153 108 19.5 12.6
"66" "62" 2011-03-08 24.95 "HOU" "@" "PHO" "L" -3 1 36.2 0.81 0.806 3.2 7.6 5.2 21.7 1.4 0 4.8 25 157 121 26.3 14.9
"67" "63" 2011-03-12 24.96 "HOU" "" "SAS" "L" -8 1 35.4 0.574 0.5 0 9.5 4.9 37.5 0 0 34.6 21.7 93 121 7.6 -4.5
"68" "64" 2011-03-14 24.97 "HOU" "" "PHO" "W" 2 1 39.8333333333333 0.466 0.417 5.5 11.8 8.5 22.7 1.3 0 23.7 27.5 87 104 8.1 -6.2
"69" "65" 2011-03-16 24.98 "HOU" "" "CHA" "W" 16 1 38.4666666666667 0.468 0.35 5.4 20.8 12.8 23.2 0 0 14.5 16.3 109 92 10.1 -2.3
"70" "66" 2011-03-18 24.98 "HOU" "" "BOS" "W" 16 1 41.5666666666667 0.63 0.6 6.1 2.8 4.4 43.5 1.3 0 11.2 21 130 93 17.7 8.9
"71" "67" 2011-03-20 24.99 "HOU" "" "UTA" "W" 2 1 43.65 0.799 0.75 7.5 15.7 12.1 47.6 3.5 0 5.4 18.5 171 107 33.7 17.6
"72" "68" 2011-03-23 24.99 "HOU" "" "GSW" "W" 19 1 38.9333333333333 0.448 0.318 0 11.2 5.7 35 1.3 0 12.1 17.6 118 117 13.1 -3.6
"73" "69" 2011-03-27 25.01 "HOU" "@" "MIA" "L" -6 1 44 0.581 0.472 10.9 8 9.4 28.6 1.1 0 8.5 23 132 130 22.6 4.3
"74" "70" 2011-03-29 25.01 "HOU" "@" "NJN" "W" 25 1 28.9666666666667 0.595 0.577 3.5 19.5 11.8 46 1.8 0 13 22.8 131 92 17.8 11.1
"75" "71" 2011-03-30 25.01 "HOU" "@" "PHI" "L" -11 1 35.1333333333333 0.638 0.607 0 12.8 5.2 15.9 4.5 3.8 6.3 20.5 126 110 16.8 10.8
"76" "72" 2011-04-01 25.02 "HOU" "" "SAS" "W" 5 1 45.2666666666667 0.504 0.462 2.7 13.6 8.1 16.2 0 0 12.6 15.7 107 113 10.2 -2.3
"77" "73" 2011-04-03 25.02 "HOU" "" "ATL" "W" 5 1 40.6833333333333 0.581 0.458 0 10.1 5.4 25.4 1.3 0 6.4 18.1 131 119 16.3 2.4
"78" "74" 2011-04-05 25.03 "HOU" "" "SAC" "L" -3 1 41.5833333333333 0.425 0.333 2.2 9.6 5.2 29.4 2.3 1.6 14.5 20.3 95 103 12.5 0
"79" "75" 2011-04-06 25.03 "HOU" "@" "NOH" "L" -8 1 33.9833333333333 0.364 0.364 4 3.4 3.7 26.7 0 0 15.4 18.2 87 117 3.1 -6.2
"80" "" 2011-04-09 25.04 "HOU" "" "LAC" "W" 21 NA NA NA NA NA NA NA NA NA NA NA NA NA NA NA NA
"81" "" 2011-04-11 25.05 "HOU" "" "DAL" "L" -7 NA NA NA NA NA NA NA NA NA NA NA NA NA NA NA NA
"82" "" 2011-04-13 25.05 "HOU" "@" "MIN" "W" 19 NA NA NA NA NA NA NA NA NA NA NA NA NA NA NA NA
"1" "1" 2011-12-26 25.76 "HOU" "@" "ORL" "L" -9 1 36.4833333333333 0.61 0.458 3.3 21.9 12.1 53.7 1.5 2.2 15.5 25.6 127 115 20.8 8.4
"2" "2" 2011-12-29 25.76 "HOU" "" "SAS" "W" 20 1 27.3 0.68 0.6 0 28.8 17.2 41.1 6.1 0 7.8 22.1 154 79 20.9 20.6
"3" "3" 2011-12-30 25.77 "HOU" "@" "MEM" "L" -20 1 24.3833333333333 0.67 0.611 4.8 11.6 7.9 65.2 7.9 0 26.3 28.2 117 102 15.6 12.4
"4" "4" 2011-12-31 25.77 "HOU" "" "ATL" "W" 11 1 42.15 0.145 0 0 17.1 8 53.9 2.5 1.8 46.6 14.7 77 92 7.7 -1.8
"5" "5" 2012-01-03 25.78 "HOU" "@" "LAL" "L" -9 1 38.8333333333333 0.553 0.526 9.3 19.5 13.6 35.8 2.6 0 9.1 25.3 119 111 21.6 9.6
"6" "6" 2012-01-04 25.78 "HOU" "@" "LAC" "L" -28 1 26.5666666666667 0.871 0.813 0 11.3 5.5 34.8 0 0 23.5 22.5 140 127 13.3 8.1
"7" "" 2012-01-06 25.79 "HOU" "@" "OKC" "L" -15 NA NA NA NA NA NA NA NA NA NA NA NA NA NA NA NA
"8" "" 2012-01-07 25.79 "HOU" "" "OKC" "L" -3 NA NA NA NA NA NA NA NA NA NA NA NA NA NA NA NA
"9" "7" 2012-01-10 25.8 "HOU" "@" "CHA" "W" 12 1 41.3833333333333 0.361 0.286 7.6 16.9 12.6 31.3 2.5 3.1 41.9 14.8 70 71 7.8 -0.2
"10" "8" 2012-01-11 25.8 "HOU" "@" "SAS" "L" -6 1 43.5833333333333 0.53 0.5 5.5 10.6 8.1 27.2 3.9 0 16.2 26.8 107 106 17.6 9.3
"11" "9" 2012-01-13 25.81 "HOU" "" "SAC" "W" 14 1 41.0333333333333 0.675 0.567 4.9 13.6 9 33.1 2.6 0 9.7 21.9 148 99 25.3 12.5
"12" "10" 2012-01-14 25.81 "HOU" "" "POR" "W" 2 1 48.7833333333333 0.585 0.558 4.5 12.5 8.7 39.3 1.1 0 12.4 28.6 123 110 24.1 8.8
"13" "11" 2012-01-16 25.81 "HOU" "@" "WAS" "W" 8 1 31.8333333333333 0.481 0.357 6.7 11.3 8.9 25.2 4.9 0 5.7 24.3 121 109 14.7 4.1
"14" "12" 2012-01-17 25.82 "HOU" "" "DET" "W" 17 1 29.6833333333333 0.591 0.591 8.5 12.4 10.5 25.3 5.6 0 31.3 24.3 104 88 11.1 8.7
"15" "13" 2012-01-19 25.82 "HOU" "" "NOH" "W" 2 1 41.8833333333333 0.437 0.409 2.8 18.4 11.3 33.8 4 1.5 38 20.7 75 87 7.3 -2.7
"16" "14" 2012-01-21 25.83 "HOU" "" "SAS" "W" 3 1 39.4666666666667 0.589 0.545 0 13.8 8.1 25.7 0 0 20.2 18.6 111 114 11.2 -2.3
"17" "15" 2012-01-23 25.83 "HOU" "@" "MIN" "W" 15 1 42.8333333333333 0.484 0.346 2.7 25.2 13.7 32.5 3.4 0 19.5 20.8 102 89 16.7 3.3
"18" "16" 2012-01-25 25.84 "HOU" "" "MIL" "L" -6 1 42.6166666666667 0.225 0.188 0 19.6 9.5 31.5 0 1.8 10.1 19.6 73 112 4.1 -7.7
"19" "17" 2012-01-27 25.84 "HOU" "" "WAS" "W" 27 1 29.3 0.428 0.143 0 12.6 6.6 22.5 5 0 22.2 18.6 93 75 8.8 0.5
"20" "18" 2012-01-28 25.85 "HOU" "" "NYK" "W" 13 1 27.3833333333333 0.218 0.167 0 9.9 6 19.3 1.9 0 0 11.7 78 94 2.3 -6.6
"21" "19" 2012-01-30 25.85 "HOU" "" "MIN" "L" -12 1 25.6 0.527 0.5 8.5 12.5 10.1 18.4 3.9 0 16.1 21.4 104 122 9.3 -1.7
"22" "20" 2012-02-01 25.86 "HOU" "@" "SAS" "L" -8 1 34.5166666666667 0.512 0.458 0 7 3.4 33.5 3.1 2.4 17 23.4 106 107 11.4 4
"23" "21" 2012-02-03 25.86 "HOU" "" "PHO" "W" 18 1 23.9833333333333 0.512 0.375 9.1 27.3 18.2 48.7 4.2 3.1 17 10.5 137 78 13 15.9
"24" "22" 2012-02-04 25.87 "HOU" "@" "MIN" "L" -9 1 43.75 0.615 0.531 0 5.4 2.6 39.9 2.4 0 9.3 22 126 112 22.3 7.6
"25" "23" 2012-02-06 25.87 "HOU" "@" "DEN" "W" 9 1 33.15 0.842 0.864 3.4 9.7 6.7 34.9 1.5 0 25.2 21.4 125 94 16.3 10
"26" "24" 2012-02-08 25.88 "HOU" "@" "POR" "W" 7 1 25.2666666666667 0.6 0.6 0 10.6 5.6 30.2 6 3.4 37.5 28.1 85 92 8 1.9
"27" "25" 2012-02-09 25.88 "HOU" "@" "PHO" "W" 7 1 25.1166666666667 0.504 0.462 5 5.2 5.1 5.9 2.2 4.1 17.8 32.4 91 100 6.5 -2.3
"28" "26" 2012-02-12 25.89 "HOU" "@" "GSW" "L" -9 1 34.5333333333333 0.41 0.35 3.3 6.9 5.1 46.6 5.9 0 19.7 19.5 99 107 12 3.3
"29" "27" 2012-02-14 25.89 "HOU" "@" "MEM" "L" -10 1 38.65 0.601 0.469 0 8.6 3.5 35 4.3 0 13.1 26.8 124 107 19.2 11
"30" "28" 2012-02-15 25.9 "HOU" "" "OKC" "W" 1 1 35.3166666666667 0.458 0.458 3 9.9 6.3 40.5 2.8 0 14.3 17.6 105 101 11.3 2.3
"31" "29" 2012-02-17 25.9 "HOU" "" "MIN" "L" -13 1 38.1666666666667 0.504 0.469 0 12.2 5.4 24.2 0 0 5.6 22.2 112 128 11.5 -3.4
"32" "30" 2012-02-19 25.91 "HOU" "" "UTA" "W" 16 1 37.9166666666667 0.995 0.962 0 2.9 1.6 44.5 1.5 0 5.9 22.6 197 109 31.9 26.6
"33" "31" 2012-02-20 25.91 "HOU" "" "MEM" "W" 4 1 46.9666666666667 0.598 0.5 8.3 11 9.7 33 4.8 0 16.6 25.6 121 106 23.3 8.1
"34" "32" 2012-02-22 25.92 "HOU" "" "PHI" "W" 6 1 36.7666666666667 0.509 0.455 0 23.7 13.4 22.1 0 1.8 19 20.6 93 91 8.9 -0.5
"35" "33" 2012-02-28 25.93 "HOU" "" "TOR" "W" 3 1 38.1666666666667 0.862 0.833 0 9.9 4.5 33.2 0 0 16.6 22.7 145 99 20.2 12.2
"36" "34" 2012-02-29 25.93 "HOU" "@" "UTA" "L" -21 1 34.4166666666667 0.604 0.556 3 15.1 8.3 31.7 4.5 0 42.6 25.1 77 107 7.8 -3.7
"37" "35" 2012-03-02 25.94 "HOU" "" "DEN" "L" -12 1 29.3333333333333 0.623 0.5 12.3 14.9 13.6 27.8 0 0 12.8 24.9 133 128 13.7 3.1
"38" "36" 2012-03-04 25.95 "HOU" "" "LAC" "L" -2 1 41.1 0.549 0.545 0 15 7 8.4 1.4 0 19 18.7 92 112 6.8 -5.5
"39" "37" 2012-03-06 25.95 "HOU" "@" "BOS" "L" -5 1 44.2 0.421 0.294 0 17.9 8.8 30.9 2.4 1.8 21.9 28.9 81 94 8.6 -1.1
"40" "38" 2012-03-07 25.95 "HOU" "@" "TOR" "L" -18 1 24.6166666666667 0.722 0.563 4.6 13.9 8.4 36.8 0 0 21.3 25.8 127 128 11.9 2.9
"41" "" 2012-03-10 25.96 "HOU" "@" "NJN" "W" 6 NA NA NA NA NA NA NA NA NA NA NA NA NA NA NA NA
"42" "" 2012-03-11 25.96 "HOU" "@" "CLE" "L" -11 NA NA NA NA NA NA NA NA NA NA NA NA NA NA NA NA
"43" "" 2012-03-13 25.97 "HOU" "@" "OKC" "W" 1 NA NA NA NA NA NA NA NA NA NA NA NA NA NA NA NA
"44" "" 2012-03-14 25.97 "HOU" "" "CHA" "W" 20 NA NA NA NA NA NA NA NA NA NA NA NA NA NA NA NA
"45" "" 2012-03-17 25.98 "HOU" "@" "LAC" "L" -4 NA NA NA NA NA NA NA NA NA NA NA NA NA NA NA NA
"46" "" 2012-03-18 25.98 "HOU" "@" "PHO" "L" -13 NA NA NA NA NA NA NA NA NA NA NA NA NA NA NA NA
"47" "" 2012-03-20 25.99 "HOU" "" "LAL" "W" 3 NA NA NA NA NA NA NA NA NA NA NA NA NA NA NA NA
"48" "" 2012-03-22 25.99 "HOU" "" "GSW" "W" 26 NA NA NA NA NA NA NA NA NA NA NA NA NA NA NA NA
"49" "" 2012-03-24 26 "HOU" "" "DAL" "L" -2 NA NA NA NA NA NA NA NA NA NA NA NA NA NA NA NA
"50" "" 2012-03-26 26 "HOU" "" "SAC" "W" 7 NA NA NA NA NA NA NA NA NA NA NA NA NA NA NA NA
"51" "" 2012-03-27 26.01 "HOU" "@" "DAL" "L" -9 NA NA NA NA NA NA NA NA NA NA NA NA NA NA NA NA
"52" "" 2012-03-30 26.01 "HOU" "" "MEM" "W" 9 NA NA NA NA NA NA NA NA NA NA NA NA NA NA NA NA
"53" "" 2012-04-01 26.02 "HOU" "" "IND" "L" -2 NA NA NA NA NA NA NA NA NA NA NA NA NA NA NA NA
"54" "" 2012-04-02 26.02 "HOU" "@" "CHI" "W" 6 NA NA NA NA NA NA NA NA NA NA NA NA NA NA NA NA
"55" "" 2012-04-06 26.03 "HOU" "@" "LAL" "W" 5 NA NA NA NA NA NA NA NA NA NA NA NA NA NA NA NA
"56" "39" 2012-04-08 26.04 "HOU" "@" "SAC" "W" 17 0 17.75 0.129 0 0 0 0 45.1 0 0 0 9.7 107 107 3 -5
"57" "40" 2012-04-09 26.04 "HOU" "@" "POR" "W" 5 0 22.5833333333333 0.945 0.917 0 19.3 10.8 24.2 4.8 0 22.5 19.1 144 93 12.9 10.8
"58" "41" 2012-04-11 26.05 "HOU" "" "UTA" "L" -12 0 20.4666666666667 0.627 0.438 0 24.1 10.7 48.9 0 0 7.7 28.2 134 117 13.1 10.8
"59" "42" 2012-04-13 26.05 "HOU" "" "PHO" "L" -7 0 25.6 0.681 0.5 0 0 0 40.7 1.9 0 11 15 143 121 12 6.3
"60" "43" 2012-04-15 26.06 "HOU" "@" "DEN" "L" -15 0 13.65 0.25 0.25 0 18.5 8.2 49.4 0 0 14.3 21.8 72 109 0.8 -7.8
"61" "44" 2012-04-16 26.06 "HOU" "" "DEN" "L" -3 0 19.8 0.506 0.444 0 11.5 5.4 7.4 0 7.8 9.2 23.2 104 111 5.8 0.5
"62" "45" 2012-04-18 26.07 "HOU" "@" "DAL" "L" -7 0 18.5833333333333 0.583 0.556 0 0 0 39.5 0 0 9.6 25.8 130 137 6.8 -0.3
"63" "46" 2012-04-19 26.07 "HOU" "@" "NOH" "L" -6 0 17.2166666666667 0.237 0 0 7 3.2 16.6 0 0 0 17.7 68 113 0 -14.9
"64" "47" 2012-04-21 26.07 "HOU" "" "GSW" "W" 3 0 7.3 0 0 0 0 0 49.3 7.5 0 0 21.8 56 103 0.2 -9.1
"65" "" 2012-04-22 26.08 "HOU" "@" "MIA" "L" -9 NA NA NA NA NA NA NA NA NA NA NA NA NA NA NA NA
"66" "" 2012-04-26 26.09 "HOU" "" "NOH" "W" 7 NA NA NA NA NA NA NA NA NA NA NA NA NA NA NA NA
"1" "1" 2012-10-31 26.6 "TOR" "" "IND" "L" -2 1 36.2 0.746 0.636 2.5 22.1 10.5 42.4 7.3 0 12.4 19.5 147 90 25.6 18.9
"2" "2" 2012-11-03 26.61 "TOR" "@" "BRK" "L" -7 1 39.7 0.634 0.579 0 26.9 12.4 37 3.7 1.8 18.5 30.6 112 102 22.6 9.5
"3" "3" 2012-11-04 26.61 "TOR" "" "MIN" "W" 19 1 31.7666666666667 0.935 0.9 13.7 14.6 14.1 27.1 5.1 0 14.5 19.2 171 91 26 23.2
"4" "4" 2012-11-06 26.62 "TOR" "@" "OKC" "L" -20 1 16.75 0.25 0.25 0 8 3.5 42.2 2.9 5.8 20 12.8 69 106 3 -0.8
"5" "" 2012-11-07 26.62 "TOR" "@" "DAL" "L" -5 NA NA NA NA NA NA NA NA NA NA NA NA NA NA NA NA
"6" "" 2012-11-10 26.63 "TOR" "" "PHI" "L" -10 NA NA NA NA NA NA NA NA NA NA NA NA NA NA NA NA
"7" "" 2012-11-12 26.64 "TOR" "" "UTA" "L" -7 NA NA NA NA NA NA NA NA NA NA NA NA NA NA NA NA
"8" "" 2012-11-13 26.64 "TOR" "@" "IND" "W" 2 NA NA NA NA NA NA NA NA NA NA NA NA NA NA NA NA
"9" "" 2012-11-17 26.65 "TOR" "@" "BOS" "L" -18 NA NA NA NA NA NA NA NA NA NA NA NA NA NA NA NA
"10" "" 2012-11-18 26.65 "TOR" "" "ORL" "W" 11 NA NA NA NA NA NA NA NA NA NA NA NA NA NA NA NA
"11" "5" 2012-11-20 26.66 "TOR" "@" "PHI" "L" -8 0 29.85 0.371 0.357 3.7 21.4 12.6 38.9 0 0 10.2 29.7 86 117 6.6 -7.8
"12" "6" 2012-11-21 26.66 "TOR" "@" "CHA" "L" -1 1 35.7833333333333 0.581 0.533 0 11.2 5.5 37.1 2.9 6 14.2 27.5 115 100 18.1 9.3
"13" "7" 2012-11-23 26.67 "TOR" "@" "DET" "L" -1 1 31.9 0.473 0.412 0 21 10.9 32.8 5.2 0 9.1 33.2 98 94 13 4.4
"14" "8" 2012-11-25 26.67 "TOR" "" "SAS" "L" -5 1 45.45 0.563 0.5 4.1 15 9 15.8 1.1 1.7 5.3 18.1 122 100 15.9 6.2
"15" "9" 2012-11-27 26.68 "TOR" "@" "HOU" "L" -16 1 27.3666666666667 0.335 0.3 4 30.7 16.7 23.9 1.9 0 22.3 22 76 119 3.9 -10.5
"16" "10" 2012-11-28 26.68 "TOR" "@" "MEM" "L" -21 1 27.2166666666667 0.459 0.35 0 18.6 8.9 29.8 0 0 18.7 27.9 86 116 5.2 -3.9
"17" "11" 2012-11-30 26.68 "TOR" "" "PHO" "W" 4 1 23.6166666666667 0.644 0.611 10.2 29 19 14.1 2.2 0 14.7 26.7 119 104 12.4 4
"18" "12" 2012-12-03 26.69 "TOR" "@" "DEN" "L" -3 1 33.8 0.576 0.406 3.6 5.6 4.7 29.7 0 6.1 12.6 30.7 120 120 18.9 5.5
"19" "13" 2012-12-05 26.7 "TOR" "@" "SAC" "L" -7 1 38.0333333333333 0.672 0.55 0 15.8 7.3 58.7 1.3 0 10.6 32.6 132 111 28.8 12.5
"20" "14" 2012-12-07 26.7 "TOR" "@" "UTA" "L" -32 1 29.3333333333333 0.396 0.3 3.4 7.4 5.3 23.3 1.7 0 13.7 21.7 88 135 4.5 -9.6
"21" "15" 2012-12-09 26.71 "TOR" "@" "LAC" "L" -19 1 31.6833333333333 0.333 0.333 0 21.1 10.8 50.6 0 0 45.5 16.9 70 119 2.9 -9.8
"22" "16" 2012-12-10 26.71 "TOR" "@" "POR" "L" -18 1 17.2 0.092 0 0 41.6 21 21.5 9.4 0 26.9 21.4 26 79 0.8 -7.4
"23" "" 2012-12-12 26.72 "TOR" "" "BRK" "L" -6 NA NA NA NA NA NA NA NA NA NA NA NA NA NA NA NA
"24" "" 2012-12-14 26.72 "TOR" "" "DAL" "W" 21 NA NA NA NA NA NA NA NA NA NA NA NA NA NA NA NA
"25" "" 2012-12-16 26.73 "TOR" "" "HOU" "W" 7 NA NA NA NA NA NA NA NA NA NA NA NA NA NA NA NA
"26" "" 2012-12-18 26.73 "TOR" "@" "CLE" "W" 14 NA NA NA NA NA NA NA NA NA NA NA NA NA NA NA NA
"27" "" 2012-12-19 26.74 "TOR" "" "DET" "W" 6 NA NA NA NA NA NA NA NA NA NA NA NA NA NA NA NA
"28" "" 2012-12-21 26.74 "TOR" "" "ORL" "W" 3 NA NA NA NA NA NA NA NA NA NA NA NA NA NA NA NA
"29" "" 2012-12-26 26.76 "TOR" "@" "SAS" "L" -20 NA NA NA NA NA NA NA NA NA NA NA NA NA NA NA NA
"30" "17" 2012-12-28 26.76 "TOR" "@" "NOH" "W" 7 0 27.5166666666667 0.882 0.786 0 13.4 6.3 56.3 2 5.6 0 17.5 188 99 21.4 21.4
"31" "18" 2012-12-29 26.76 "TOR" "@" "ORL" "W" 35 0 22.7666666666667 0.621 0.583 0 18.7 10.7 37.9 2.4 0 7.2 29.5 135 96 14.2 6.4
"32" "19" 2013-01-02 26.78 "TOR" "" "POR" "W" 23 0 22.1166666666667 0 0 6.4 5.7 6 47.6 5.1 0 50 9.1 99 91 5.1 1
"33" "20" 2013-01-04 26.78 "TOR" "" "SAC" "L" -9 0 27.6166666666667 0.785 0.7 0 14.5 6.4 32.6 3.7 0 11.6 27.2 150 110 21.1 18.2
"34" "21" 2013-01-06 26.79 "TOR" "" "OKC" "L" -12 0 22.6833333333333 0.536 0.5 0 11.8 5.9 61.2 2.3 0 30 27.8 94 115 6.8 0.9
"35" "22" 2013-01-09 26.79 "TOR" "" "PHI" "W" 18 0 16.8166666666667 0.5 0.5 7.5 6.3 6.9 31.6 3.4 0 0 5.9 149 86 5.4 5.1
"36" "23" 2013-01-11 26.8 "TOR" "" "CHA" "W" 21 0 25.2333333333333 0.75 0.75 0 9.1 4.3 34.3 0 0 25 14.9 136 106 8.4 3.9
"37" "24" 2013-01-13 26.81 "TOR" "" "MIL" "L" -11 0 16.9 0 0 0 18.3 7.9 47.3 3.2 0 20 12.7 59 118 2 -5
"38" "25" 2013-01-15 26.81 "TOR" "@" "BRK" "L" -7 0 14.8166666666667 1.042 1 0 8.5 4.3 27.2 0 0 0 31.1 219 133 17.8 34.4
"39" "26" 2013-01-16 26.81 "TOR" "" "CHI" "L" -2 0 34.4833333333333 0.655 0.6 6.8 10.5 8.6 41.9 3.2 0 0 27.5 151 109 25.9 19.6
"40" "27" 2013-01-18 26.82 "TOR" "@" "PHI" "L" -7 0 35.7666666666667 0.446 0.364 3.8 14.1 9.1 45.8 0 0 28.9 23 94 115 6.7 -6.9
"41" "28" 2013-01-20 26.82 "TOR" "" "LAL" "W" 5 0 17.9166666666667 0.926 1 7.7 19.1 13.9 13.2 8.5 0 0 10.9 191 95 11.5 17.8
"42" "29" 2013-01-23 26.83 "TOR" "@" "MIA" "L" -7 0 28 0.528 0.455 4.3 15.3 9.3 5.2 2 0 14 26.1 97 128 6.2 -7.4
"43" "30" 2013-01-24 26.84 "TOR" "@" "ORL" "W" 2 0 21.4 0.5 0.5 0 21.9 11.4 36.6 0 0 57.1 16.3 71 108 2.3 -8.2
"44" "31" 2013-01-26 26.84 "TOR" "" "CLE" "L" -1 0 21.7 0.342 0.214 5.5 23.3 14.2 41 0 0 10.2 20.6 102 111 5.7 -2
"45" "" 2013-01-28 26.85 "TOR" "" "GSW" "L" -12 NA NA NA NA NA NA NA NA NA NA NA NA NA NA NA NA
"46" "32" 2013-01-30 26.85 "TOR" "@" "ATL" "L" -1 1 30 0.589 0.545 10 28 18.2 32 1.7 0 20.2 21.2 114 98 12.8 5.9
"47" "33" 2013-02-01 26.86 "TOR" "" "LAC" "W" 25 1 32.2666666666667 0.25 0.25 3.8 13.8 9.1 32.6 3.4 2.8 0 8.9 119 81 8.6 3.7
"48" "34" 2013-02-03 26.86 "TOR" "" "MIA" "L" -15 1 30.95 0.571 0.5 3.8 15 8.6 19.9 0 0 36.3 20.5 82 121 3 -8.9
"49" "35" 2013-02-06 26.87 "TOR" "" "BOS" "L" -4 1 37.8666666666667 0.638 0.625 5.4 17.1 10.6 38.4 5.5 0 23.1 20.2 112 101 17.1 8.5
"50" "36" 2013-02-08 26.88 "TOR" "@" "IND" "W" 2 1 34.4 0.25 0.25 0 4 1.8 22.8 1.6 5.5 33.3 7.8 72 104 3.3 -3.3
"51" "37" 2013-02-10 26.88 "TOR" "" "NOH" "W" 13 1 28.5 0.799 0.714 4.3 20.4 11.7 50.6 3.9 0 18.6 18.7 155 98 18.4 15.7
"52" "38" 2013-02-12 26.89 "TOR" "" "DEN" "W" 1 1 37.05 0.527 0.5 3.1 9.5 6.2 38.3 2.8 0 27.7 17 109 117 11 -0.5
"53" "39" 2013-02-13 26.89 "TOR" "@" "NYK" "W" 4 1 25.85 0.564 0.438 0 4 2.1 7.3 2.3 0 0 21.1 125 112 8.4 2.8
"54" "40" 2013-02-19 26.91 "TOR" "@" "WAS" "W" 8 1 31.6666666666667 0.709 0.583 3.8 16.5 10.6 49.8 1.6 0 34 17.3 120 97 13.4 5.2
"55" "41" 2013-02-20 26.91 "TOR" "" "MEM" "L" -6 1 36.4 0.492 0.4 9.9 10.3 10.1 23.9 0 0 19.7 20.8 100 111 7.7 -1.1
"56" "42" 2013-02-22 26.92 "TOR" "" "NYK" "W" 2 1 33.6166666666667 0.631 0.636 0 8.2 3.9 35.9 1.6 0 0 16.7 139 112 13.8 8.5
"57" "43" 2013-02-25 26.92 "TOR" "" "WAS" "L" -6 1 31.7333333333333 0.458 0.441 3.2 15.1 8.6 22.8 3.2 4.4 9.2 31.2 91 92 11.9 8.7
"58" "44" 2013-02-27 26.93 "TOR" "@" "CLE" "L" -11 1 33.6833333333333 0.387 0.375 4 17 11 38.9 1.6 0 0 19.5 104 113 10.2 0
"59" "45" 2013-03-01 26.93 "TOR" "" "IND" "L" -12 1 24.6666666666667 0.5 0.5 4.7 18.2 10.7 15.5 2.3 3.9 28.6 14.2 84 106 4.2 -1.6
"60" "46" 2013-03-02 26.94 "TOR" "@" "MIL" "L" -8 1 36.0166666666667 0.714 0.714 6.1 28 16.4 36.7 7 0 46.2 15.4 99 102 14.5 5.3
"61" "47" 2013-03-04 26.94 "TOR" "@" "GSW" "L" -7 1 32.7833333333333 0.455 0.278 5.7 38.8 18.9 34.6 2.9 2.3 14.2 16.8 119 118 14.2 4.6
"62" "48" 2013-03-06 26.95 "TOR" "@" "PHO" "W" 27 1 21.3666666666667 0.833 0.833 0 10.2 5.6 27.6 4.7 0 0 6.4 183 71 8.3 8.7
"63" "49" 2013-03-08 26.95 "TOR" "@" "LAL" "L" -2 1 34.8166666666667 0.805 0.813 0 12.2 6.8 37.7 0 2.9 24.4 16 133 117 15.3 5.2
"64" "50" 2013-03-10 26.96 "TOR" "" "CLE" "W" 4 1 32.3333333333333 0.593 0.5 6.7 21.6 14.5 27.4 4.5 0 7.3 18.4 128 91 16.2 7.3
"65" "51" 2013-03-13 26.97 "TOR" "@" "BOS" "L" -24 1 27.2166666666667 0.357 0.357 4.3 16 9.5 17.4 1.8 2.9 36.4 18.6 59 117 0.3 -12.1
"66" "52" 2013-03-15 26.97 "TOR" "" "CHA" "W" 14 1 26.7666666666667 0.35 0.35 5.8 17.6 13.1 13 4.1 3.1 9.1 19.9 85 82 4.5 -1.6
"67" "53" 2013-03-17 26.98 "TOR" "" "MIA" "L" -17 1 29.1 0 0 0 22.8 8.6 12.7 1.9 3.7 22.2 12.9 22 119 -3.5 -14.5
"68" "54" 2013-03-20 26.99 "TOR" "@" "CHA" "L" -6 1 37.6833333333333 0.592 0.5 11.6 8.9 10.2 23.3 1.4 2.2 24.8 23.3 108 120 14 -0.1
"69" "55" 2013-03-22 26.99 "TOR" "" "NYK" "L" -5 1 35.2 0.563 0.563 0 4.1 1.9 42.7 3.2 0 20 14 122 115 9.9 3.8
"70" "56" 2013-03-23 26.99 "TOR" "@" "NYK" "L" -26 1 31.5333333333333 0.474 0.462 3.5 13 7.7 24.5 1.7 0 16.9 26.5 92 125 8.1 -2.6
"71" "57" 2013-03-27 27.01 "TOR" "" "ATL" "L" -19 1 34.3166666666667 0.255 0.2 6.7 17.5 11.9 41.6 1.5 0 33.8 11.7 84 116 6.2 -4.2
"72" "58" 2013-03-29 27.01 "TOR" "@" "DET" "W" 17 1 29.5166666666667 0.5 0.5 0 7.6 4.3 43.9 3.8 0 42.9 11.9 106 96 8.9 3
"73" "59" 2013-03-31 27.02 "TOR" "@" "WAS" "L" -17 1 32.4666666666667 0.638 0.55 3.1 6.4 4.8 39.7 0 2.2 25.4 22.1 110 123 10.5 1.1
"74" "60" 2013-04-01 27.02 "TOR" "" "DET" "L" -10 1 30.4166666666667 0.5 0.5 0 0 0 31.8 0 0 18.2 18.2 106 135 6.4 -6.7
"75" "61" 2013-04-03 27.02 "TOR" "" "WAS" "W" 10 1 36.8833333333333 0.423 0.313 0 20.8 12.2 61.8 0 0 15.8 17 100 87 11.7 3.4
"76" "62" 2013-04-05 27.03 "TOR" "@" "MIN" "W" 2 1 32.6333333333333 0.5 0.5 3.3 4.1 3.7 31.5 3.3 0 21.4 19.6 99 103 8.6 1.2
"77" "63" 2013-04-06 27.03 "TOR" "@" "MIL" "L" -17 1 23.0333333333333 0.371 0.389 5.3 17.4 11.1 35.1 0 0 24.1 23.8 69 111 1.7 -8.9
"78" "64" 2013-04-09 27.04 "TOR" "@" "CHI" "W" 3 1 34.3666666666667 0.591 0.591 0 9.7 5.7 48.8 3.2 0 15.4 20 120 111 14.8 5.3
"79" "65" 2013-04-12 27.05 "TOR" "" "CHI" "W" 9 1 35.5666666666667 0.533 0.4 3.4 29.2 15.8 51.9 3.1 0 7.6 17.9 130 98 18.6 7.8
"80" "66" 2013-04-14 27.05 "TOR" "" "BRK" "W" 6 1 36.6166666666667 0.259 0.2 0 24.6 13.7 23.6 0 0 18.2 21 63 98 1.1 -11.2
"81" "67" 2013-04-16 27.06 "TOR" "@" "ATL" "W" 17 1 27.1666666666667 0.581 0.5 0 17.3 9.9 53.3 5.6 0 36.8 17.8 111 94 11.6 6.4
"82" "68" 2013-04-17 27.06 "TOR" "" "BOS" "W" 24 1 22.3666666666667 0.455 0.389 0 9.3 5.1 51.2 7.1 0 16.8 25.2 108 89 10.7 6.4
"1" "1" 2013-10-30 27.6 "TOR" "" "BOS" "W" 6 1 34.75 0.414 0.25 6.1 3.8 5.1 31.4 3 0 13.1 18.7 107 96 10.7 3
"2" "2" 2013-11-01 27.61 "TOR" "@" "ATL" "L" -7 1 33.6166666666667 0.83 0.929 0 11 5.4 17.4 0 0 29.3 18.3 119 114 10.8 1
"3" "3" 2013-11-02 27.61 "TOR" "@" "MIL" "W" 7 1 34.1333333333333 0.444 0.429 2.8 14.6 8.6 23.5 0 0 0 19.8 114 97 9.2 -1
"4" "4" 2013-11-05 27.62 "TOR" "" "MIA" "L" -9 1 35.45 0.528 0.455 6.6 3.7 5.2 26.5 1.6 0 7.5 17.8 125 122 10.5 2
"5" "5" 2013-11-06 27.62 "TOR" "@" "CHA" "L" -2 1 33.1833333333333 0.571 0.571 3.8 7.8 5.8 28.3 1.7 2.5 22.2 13.3 114 109 7.5 1.8
"6" "6" 2013-11-08 27.62 "TOR" "@" "IND" "L" -7 1 36.7166666666667 0.551 0.5 5.9 18.2 11.4 39.1 1.5 0 15.5 16.3 123 106 12.5 4.2
"7" "7" 2013-11-09 27.63 "TOR" "" "UTA" "W" 24 1 15.2166666666667 0.9 0.9 8.3 8.1 8.2 41.3 7.1 0 16.7 17.6 165 95 11.5 24.8
"8" "8" 2013-11-11 27.63 "TOR" "@" "HOU" "L" -6 1 47.7333333333333 0.5 0.5 1.8 2.8 2.2 7.9 1.1 0 11.1 15.7 103 105 6.2 -1.4
"9" "9" 2013-11-13 27.64 "TOR" "@" "MEM" "W" 16 1 34.8666666666667 0.777 0.75 0 10.6 5.4 36.3 3.1 0 12.9 22 147 100 19.9 10.9
"10" "10" 2013-11-15 27.64 "TOR" "" "CHI" "L" -16 1 37.8166666666667 0.2 0.2 2.6 5.9 4.2 40.3 4.1 0 6.3 18.9 64 103 4.4 -4.5
"11" "11" 2013-11-17 27.65 "TOR" "" "POR" "L" -8 1 45.2666666666667 0.392 0.318 0 16.1 8.4 30.4 4.5 0 0 12.1 117 105 15 5.3
"12" "12" 2013-11-20 27.66 "TOR" "@" "PHI" "W" 10 1 37.5166666666667 0.505 0.458 0 9.4 4.2 41.4 3.9 2.3 13.4 17.6 112 97 14.2 3.1
"13" "13" 2013-11-22 27.66 "TOR" "" "WAS" "W" 8 1 36.3 0.607 0.556 6.2 12.6 9.3 37.5 4.4 1.9 23.3 16.7 119 91 15.3 8.6
"14" "14" 2013-11-26 27.67 "TOR" "" "BRK" "L" -2 1 37.95 0.68 0.6 0 0 0 31.8 2.8 0 10.2 24.2 136 114 18.9 7.9
"15" "15" 2013-11-29 27.68 "TOR" "" "MIA" "L" -7 1 42.9833333333333 0.638 0.55 2.6 9.3 5.7 28.5 2.4 0 37.3 20.1 90 96 8.4 -1.9
"16" "16" 2013-12-01 27.69 "TOR" "" "DEN" "L" -14 1 38.6666666666667 0.507 0.433 0 8.9 4.2 30.2 2.6 0 23 24.2 94 120 10.1 -2.8
"17" "17" 2013-12-03 27.69 "TOR" "@" "GSW" "L" -9 1 37.8666666666667 0.678 0.615 0 13.3 6.9 36.7 2.8 0 16.9 21.9 132 120 18.2 6.8
"18" "18" 2013-12-06 27.7 "TOR" "@" "PHO" "L" -9 1 39.4166666666667 0.563 0.5 2.6 0 1.4 32.2 0 0 9.7 23.7 118 126 14.2 1.9
"19" "19" 2013-12-08 27.71 "TOR" "@" "LAL" "W" 12 1 36.6333333333333 0.735 0.654 3.4 13.1 8.4 35.5 4.1 0 16.1 23.5 135 96 23.8 10.9
"20" "20" 2013-12-10 27.71 "TOR" "" "SAS" "L" -13 1 32.4833333333333 0.55 0.55 3.8 25.3 14 32.2 1.6 0 28.6 19.1 99 123 8.8 -2
"21" "21" 2013-12-13 27.72 "TOR" "" "PHI" "W" 8 1 34 0.304 0.222 3.5 5.8 4.8 42.9 1.5 0 9.2 14.3 108 108 8.3 -3.9
"22" "22" 2013-12-14 27.72 "TOR" "@" "CHI" "W" 22 1 33.4166666666667 0.571 0.571 0 9.4 5.1 28.8 3.1 0 6.7 21.1 115 84 13.9 5.9
"23" "23" 2013-12-18 27.73 "TOR" "" "CHA" "L" -2 1 40.5166666666667 0.571 0.536 5.3 6.4 5.8 23.7 2.5 2 25.2 21.7 100 100 11.5 1.8
"24" "24" 2013-12-20 27.74 "TOR" "@" "DAL" "W" 1 1 40.85 0.577 0.531 5.4 9.1 7.1 23.6 1.3 0 14.8 23.1 119 114 15.3 3.2
"25" "25" 2013-12-22 27.75 "TOR" "@" "OKC" "W" 6 1 37.3 0.577 0.469 5.6 15 10.1 41 5.3 0 9.5 23.2 126 93 23.2 17
"26" "26" 2013-12-23 27.75 "TOR" "@" "SAS" "L" -13 1 39.2 0.607 0.467 2.7 8.2 5.4 37.2 1.3 0 5 23.3 138 121 22 9
"27" "27" 2013-12-27 27.76 "TOR" "@" "NYK" "W" 12 1 38.4666666666667 0.555 0.5 0 10.4 5.4 52.8 1.4 0 18.2 19.9 119 97 14.5 4.8
"28" "28" 2013-12-28 27.76 "TOR" "" "NYK" "W" 15 1 37.6166666666667 0.748 0.706 3 22.9 12.4 60.4 1.4 0 4.5 26.2 165 108 32.6 17.5
"29" "29" 2013-12-31 27.77 "TOR" "@" "CHI" "W" 6 1 32.25 0.553 0.55 3.5 9.7 6.7 38.7 3.2 0 7.8 19.5 116 85 12.8 10.6
"30" "30" 2014-01-01 27.77 "TOR" "" "IND" "W" 13 1 33.55 0.604 0.5 0 15.5 7.6 70.8 3 2.4 8.5 16 143 85 19.8 14.1
"31" "31" 2014-01-03 27.78 "TOR" "@" "WAS" "W" 13 1 35.25 0.684 0.692 3.8 14 9.1 49.2 4.8 0 12.6 22.4 140 98 22.1 15.7
"32" "32" 2014-01-05 27.78 "TOR" "@" "MIA" "L" -5 1 37.2166666666667 0.444 0.429 0 12.6 6.8 35.7 4.4 0 6 21.8 107 111 13.3 3.6
"33" "33" 2014-01-07 27.79 "TOR" "@" "IND" "L" -7 1 33.9 0.559 0.615 0 10.1 4.8 14.1 0 0 21.8 26.5 80 102 5.2 -4.4
"34" "34" 2014-01-08 27.79 "TOR" "" "DET" "W" 21 1 33.9666666666667 0.81 0.667 2.9 10.5 6.9 43.3 1.4 0 7.2 17.5 169 93 22.9 13.4
"35" "35" 2014-01-11 27.8 "TOR" "" "BRK" "W" 16 1 35.3666666666667 0.505 0.5 3 16.2 9.3 20.4 0 2.7 14.4 18.2 108 98 8 -0.6
"36" "36" 2014-01-13 27.81 "TOR" "" "MIL" "W" 22 1 29.9666666666667 1.038 1 3.9 3.6 3.7 26.4 7.1 2.5 0 16.7 220 97 27.8 28.4
"37" "37" 2014-01-15 27.81 "TOR" "@" "BOS" "L" -5 1 42.1166666666667 0.48 0.441 4.4 11.4 7.8 59 0 1.7 13.8 24.3 108 105 15.5 5.5
"38" "38" 2014-01-17 27.82 "TOR" "" "MIN" "W" 5 1 34.3 0.845 0.833 0 16.3 8 34.7 1.6 0 12.3 23.2 147 104 21.5 16
"39" "39" 2014-01-19 27.82 "TOR" "" "LAL" "L" -6 1 35.0166666666667 0.756 0.731 0 6.9 3.5 37.3 0 2.4 17.8 21.5 137 125 18.9 6.3
"40" "40" 2014-01-20 27.82 "TOR" "@" "CHA" "L" -5 1 37.5333333333333 0.468 0.477 0 14.2 5.6 18.6 0 0 8.2 28.1 98 116 8.8 -2.9
"41" "41" 2014-01-22 27.83 "TOR" "" "DAL" "W" 8 1 35.0166666666667 0.128 0 0 14.4 7.5 21.4 3 0 7.8 17 51 93 -0.3 -10.8
"42" "42" 2014-01-24 27.84 "TOR" "@" "PHI" "W" 9 1 35.5833333333333 0.731 0.773 12 16.2 14.2 57.4 0 0 14 17.8 149 104 22.8 12.3
"43" "43" 2014-01-25 27.84 "TOR" "" "LAC" "L" -8 1 39.35 0.394 0.25 9.4 3.5 6.6 43.6 1.4 2 17.7 19.8 118 141 11.9 -2.4
"44" "44" 2014-01-27 27.84 "TOR" "@" "BRK" "W" 1 1 35.2666666666667 0.72 0.667 0 17.9 8.6 40.7 7 0 15.7 32 130 95 27.4 17.1
"45" "45" 2014-01-29 27.85 "TOR" "" "ORL" "W" 15 1 37.45 0.715 0.7 9.2 10.1 9.6 61.6 0 0 14.8 32.5 138 99 28.4 19
"46" "46" 2014-01-31 27.85 "TOR" "@" "DEN" "W" 10 1 30.8166666666667 0.433 0.433 0 10.9 5.3 32 3.2 0 16.7 26 84 93 8.2 -0.9
"47" "47" 2014-02-01 27.86 "TOR" "@" "POR" "L" -3 1 43.7833333333333 0.636 0.567 0 13.7 6.9 27.1 2.3 0 10 20 127 109 20 7.2
"48" "48" 2014-02-03 27.86 "TOR" "@" "UTA" "W" 15 1 24.7333333333333 0.125 0.125 0 19.4 9.4 16.6 2.4 0 11.1 18 47 97 0.1 -13.1
"49" "49" 2014-02-05 27.87 "TOR" "@" "SAC" "L" -8 1 40.75 0.563 0.5 5.6 13.7 9.7 34 1.3 3.4 13.9 22.8 122 118 17.7 5.3
"50" "50" 2014-02-07 27.87 "TOR" "@" "LAC" "L" -13 1 40.8 0.46 0.389 6.9 9.3 7.9 13.1 0 0 12.7 24.9 97 130 8.5 -6.6
"51" "51" 2014-02-10 27.88 "TOR" "" "NOP" "W" 7 1 38.8 0.684 0.654 17.2 6.9 12 56.9 2.7 0 12.6 19.4 151 111 24.8 13.2
"52" "52" 2014-02-12 27.89 "TOR" "" "ATL" "W" 21 1 32.3666666666667 0.481 0.393 5.7 14.8 9.7 63 3.2 0 15.3 26.3 114 89 17.7 10.4
"53" "53" 2014-02-18 27.9 "TOR" "@" "WAS" "W" 10 1 35.0833333333333 0.555 0.474 5.3 3.2 4 48.5 3 0 12.2 35.3 115 106 20 6.4
"54" "54" 2014-02-19 27.91 "TOR" "" "CHI" "L" -2 1 34.45 0.498 0.346 3.3 19.2 9.8 33.1 1.6 0 11.1 24.4 112 110 11.9 2.3
"55" "55" 2014-02-21 27.91 "TOR" "" "CLE" "W" 7 1 35.25 0.474 0.423 6.5 11.6 9.2 36.9 4.6 0 11.9 21.4 111 98 14.8 6.2
"56" "56" 2014-02-23 27.92 "TOR" "" "ORL" "W" 15 1 36.8 0.785 0.692 0 10.4 6.4 31.5 0 0 28.2 31.2 119 101 18.5 3.5
"57" "57" 2014-02-25 27.92 "TOR" "@" "CLE" "W" 6 1 35.4166666666667 0.36 0.2 0 15.8 8.3 39.4 1.5 0 0 23.7 106 104 10.9 -3.4
"58" "58" 2014-02-27 27.93 "TOR" "" "WAS" "L" -5 1 54.3333333333333 0.427 0.361 7 12.2 9.8 30.5 2.9 1.3 8.7 20.1 106 111 17.2 0.8
"59" "59" 2014-03-02 27.94 "TOR" "" "GSW" "W" 6 1 31.4333333333333 0.44 0.346 9 3.3 5.7 36.6 3.5 0 11.9 26.1 109 112 10.8 1.7
"60" "60" 2014-03-07 27.95 "TOR" "" "SAC" "W" 12 1 38.8333333333333 0.413 0.227 0 9.3 4.9 27.4 1.4 0 21.6 23.5 86 99 6.3 -7.4
"61" "61" 2014-03-09 27.96 "TOR" "@" "MIN" "W" 7 1 36.3333333333333 0.575 0.423 15.5 20.3 18.4 47.8 2.8 0 18.7 26 132 105 22.2 8.9
"62" "62" 2014-03-10 27.96 "TOR" "@" "BRK" "L" -4 1 37.7666666666667 0.639 0.625 8.8 20.1 15.2 35.8 3 0 19.6 27.8 117 115 17.1 5.5
"63" "63" 2014-03-12 27.96 "TOR" "" "DET" "W" 14 1 34.0166666666667 0.607 0.577 3.1 8.8 6.1 29.7 0 0 20.4 24.1 112 98 12.5 3.1
"64" "64" 2014-03-14 27.97 "TOR" "" "MEM" "W" 13 1 38.8 0.644 0.571 4 18.6 12.2 51.9 1.4 1.9 0 21.9 158 98 25.6 17.4
"65" "65" 2014-03-16 27.98 "TOR" "" "PHO" "L" -8 1 40.3833333333333 0.61 0.526 3.2 14 8.4 49.4 2.4 2.3 11.6 28.8 124 122 26.6 8.2
"66" "66" 2014-03-18 27.98 "TOR" "@" "ATL" "L" -5 1 40.95 0.563 0.5 0 17.4 10.1 39.3 1.3 0 10.1 23.5 120 116 17.4 1.4
"67" "67" 2014-03-19 27.98 "TOR" "@" "NOP" "W" 7 1 37.2166666666667 0.513 0.417 7.6 20.8 12.6 22.8 3 0 21.1 33 102 115 14.7 0
"68" "68" 2014-03-21 27.99 "TOR" "" "OKC" "L" -1 1 46.4833333333333 0.626 0.531 2.4 12 7.2 14.9 3.2 0 9.1 20.5 129 103 20.2 8.9
"69" "69" 2014-03-23 27.99 "TOR" "" "ATL" "W" 10 1 27.0666666666667 0.623 0.618 4.2 4.3 4.3 39.3 7.7 0 4.7 34.5 130 87 21.5 23.3
"70" "70" 2014-03-25 28 "TOR" "@" "CLE" "L" -2 1 33.5 0.522 0.528 2.8 16.4 8.2 60.9 4.8 0 8.7 31.1 112 108 19.3 10.9
"71" "71" 2014-03-26 28 "TOR" "@" "BOS" "W" 9 1 34.1833333333333 0.628 0.588 3.6 25 15 22.7 0 0 9.8 27.5 127 102 17 7
"72" "72" 2014-03-28 28.01 "TOR" "" "BOS" "W" 2 1 33.6666666666667 0.324 0.308 7.5 17.8 12.2 20.8 0 0 17.8 22.8 78 120 3.4 -13.9
"73" "73" 2014-03-30 28.01 "TOR" "@" "ORL" "W" 5 1 35.5166666666667 0.424 0.389 0 14.5 6.4 21.7 3.1 0 24.1 34 74 106 4.3 -9.5
"74" "74" 2014-03-31 28.02 "TOR" "@" "MIA" "L" -10 1 25.8833333333333 0.446 0.409 5.3 0 2.8 26.9 0 0 28.9 36.3 77 119 2.2 -11.2
"75" "" 2014-04-02 28.02 "TOR" "" "HOU" "W" 4 NA NA NA NA NA NA NA NA NA NA NA NA NA NA NA NA
"76" "" 2014-04-04 28.03 "TOR" "" "IND" "W" 8 NA NA NA NA NA NA NA NA NA NA NA NA NA NA NA NA
"77" "" 2014-04-05 28.03 "TOR" "@" "MIL" "W" 4 NA NA NA NA NA NA NA NA NA NA NA NA NA NA NA NA
"78" "75" 2014-04-09 28.04 "TOR" "" "PHI" "W" 11 1 37.9666666666667 0.632 0.526 0 18.6 8.9 34.1 0 0 0 27.6 149 128 25.2 4
"79" "76" 2014-04-11 28.05 "TOR" "" "NYK" "L" -8 1 38.8833333333333 0.737 0.692 2.7 3.5 3 11.6 0 0 15 23.8 132 128 16.1 3.7
"80" "77" 2014-04-13 28.05 "TOR" "@" "DET" "W" 9 1 33.5333333333333 0.651 0.611 3.4 2.7 3 38.4 3 0 8.5 31.9 130 114 21.7 8.9
"81" "78" 2014-04-14 28.05 "TOR" "" "MIL" "W" 10 1 36.7 0.491 0.479 9.6 7.1 8.4 21 1.4 0 3.9 31.6 118 113 15.5 -0.6
"82" "79" 2014-04-16 28.06 "TOR" "@" "NYK" "L" -3 1 26.4 0.64 0.633 0 11.6 6.5 42.4 1.9 0 18.9 34.4 114 101 13.7 7.3
"1" "1" 2014-10-29 28.6 "TOR" "" "ATL" "W" 7 1 34.3 0.391 0.273 8.7 10 9.3 42.7 4.5 2.4 0 17.4 123 107 16.2 6.1
"2" "2" 2014-11-01 28.61 "TOR" "@" "ORL" "W" 13 1 32.8333333333333 0.624 0.5 0 10 4.9 28.5 1.6 0 0 22.2 148 102 18.4 10.5
"3" "3" 2014-11-02 28.61 "TOR" "@" "MIA" "L" -5 1 36.6 0.658 0.682 3.2 4.4 3.7 14.1 0 0 10.7 23.1 126 126 14.2 1.6
"4" "4" 2014-11-04 28.61 "TOR" "" "OKC" "W" 12 1 30.7166666666667 0.489 0.286 0 14.2 5.9 27.1 0 0 0 13.6 126 103 8.1 -2.7
"5" "5" 2014-11-05 28.62 "TOR" "@" "BOS" "W" 3 1 35.5 0.818 0.765 3.1 11.6 6.8 15.7 2.9 0 0 27.8 169 112 31.6 17
"6" "6" 2014-11-07 28.62 "TOR" "" "WAS" "W" 19 1 33.9 0.468 0.462 6.4 23.2 15.7 50.7 1.5 0 22.4 23.7 99 85 12 4.1
"7" "7" 2014-11-09 28.63 "TOR" "" "PHI" "W" 32 1 24.5333333333333 0.595 0.5 8.2 4.3 5.6 17.7 2 0 25.4 28.2 100 96 8.7 -5.7
"8" "8" 2014-11-11 28.63 "TOR" "" "ORL" "W" 4 1 36.3 0.563 0.531 0 19.4 10 37.9 4.1 0 15.1 25.7 107 99 17.3 4.8
"9" "9" 2014-11-13 28.64 "TOR" "" "CHI" "L" -7 1 34.2833333333333 0.492 0.5 2.9 25.8 13 47.1 0 0 9 27.8 108 108 13.5 4.1
"10" "10" 2014-11-15 28.64 "TOR" "" "UTA" "W" 18 1 33.1 0.658 0.643 0 11.2 5.4 18.5 1.7 0 12.2 23.3 129 109 13.1 2.6
"11" "11" 2014-11-19 28.65 "TOR" "" "MEM" "W" 4 1 37.1666666666667 0.533 0.5 0 9 4.6 31.2 3 0 5.6 23.9 113 106 15.2 3.2
"12" "12" 2014-11-21 28.66 "TOR" "" "MIL" "W" 42 1 25.5666666666667 0.765 0.75 10.1 26.3 19.4 27.8 0 0 13.3 25.2 152 91 19.2 13.6
"13" "13" 2014-11-22 28.66 "TOR" "@" "CLE" "W" 17 1 36.5166666666667 0.596 0.429 0 10.7 4.9 41.4 0 2 0 23.8 138 102 20.8 9.1
"14" "14" 2014-11-24 28.67 "TOR" "" "PHO" "W" 4 1 37.7 0.415 0.375 3.3 19.1 11.3 34.7 2.7 2.5 15.1 23.4 90 101 11 -1.1
"15" "15" 2014-11-26 28.67 "TOR" "@" "ATL" "W" 11 1 32.6166666666667 0.451 0.333 4.3 21.6 13 50.9 1.6 0 6.1 22.6 134 124 15.7 2.9
"16" "16" 2014-11-28 28.68 "TOR" "" "DAL" "L" -4 1 31.7 0.526 0.477 3.3 19.8 11.5 24.9 1.6 0 7.8 33.9 116 110 16.3 7.2
"17" "17" 2014-11-30 28.68 "TOR" "@" "LAL" "L" -7 1 41.3833333333333 0.436 0.375 4.6 10 7.2 35.8 3.6 0 5.7 36 101 117 19.3 1
"18" "18" 2014-12-02 28.69 "TOR" "@" "SAC" "W" 8 1 37.25 0.571 0.5 0 0 0 53.8 2.8 2 7.8 30 139 121 24.9 11.3
"19" "19" 2014-12-03 28.69 "TOR" "@" "UTA" "W" 19 1 37.5666666666667 0.751 0.682 8.5 9.1 8.9 18 1.5 0 7.2 36.2 154 123 32.5 13.3
"20" "20" 2014-12-05 28.7 "TOR" "" "CLE" "L" -14 1 39.5833333333333 0.511 0.444 2.6 8.9 5.5 41.2 1.4 0 15.7 29.2 104 120 15.5 2.9
"21" "21" 2014-12-08 28.71 "TOR" "" "DEN" "W" 5 1 41.25 0.393 0.231 3.4 4.7 4.1 45 0 1.7 19.5 24.5 99 115 11.4 -4
"22" "22" 2014-12-09 28.71 "TOR" "@" "CLE" "L" -4 1 40.1833333333333 0.424 0.389 3.9 10.2 7.2 48 1.4 0 0 22.2 134 126 16.2 5.2
"23" "23" 2014-12-12 28.72 "TOR" "" "IND" "W" 12 1 26.4333333333333 0.45 0.45 7.4 8.6 8 41.4 0 0 9.1 18 118 105 9.1 3.3
"24" "24" 2014-12-14 28.72 "TOR" "@" "NYK" "W" 5 1 38.6333333333333 0.506 0.447 0 9.1 4.8 60.3 8.4 0 30.2 37.5 87 83 14.5 3.5
"25" "25" 2014-12-15 28.73 "TOR" "" "ORL" "W" 13 1 31.3333333333333 0.66 0.667 3.6 18.6 10.2 44.1 3.5 2.6 23.7 25.7 114 89 15.6 11.1
"26" "26" 2014-12-17 28.73 "TOR" "" "BRK" "W" 16 1 31.6333333333333 0.678 0.615 0 10.1 5.4 59.9 3.5 0 11.9 26.1 144 100 21.4 14.6
"27" "27" 2014-12-19 28.74 "TOR" "@" "DET" "W" 10 1 24.6666666666667 0.476 0.393 0 18.7 10.1 42.2 4.1 0 16 34.3 97 97 11.8 3.1
"28" "28" 2014-12-21 28.74 "TOR" "" "NYK" "W" 10 1 30.7166666666667 0.751 0.667 0 17.9 8.3 45.3 5.2 0 21.5 27 139 112 22.5 13.2
"29" "29" 2014-12-22 28.75 "TOR" "@" "CHI" "L" -9 1 36.65 0.644 0.636 5.6 16.9 10.1 13.9 1.4 0 3.6 29.6 143 137 24.5 10.8
"30" "30" 2014-12-27 28.76 "TOR" "@" "LAC" "W" 12 1 35.7 0.651 0.618 2.9 6.7 4.7 32.6 4.5 0 13.5 28.9 126 105 22.5 12.8
"31" "31" 2014-12-28 28.76 "TOR" "@" "DEN" "W" 14 1 37.7166666666667 0.689 0.675 0 19.4 9.6 50.5 1.4 1.8 8.4 28 142 106 28.3 15.1
"32" "32" 2014-12-30 28.77 "TOR" "@" "POR" "L" -5 1 40.6833333333333 0.436 0.385 8 10.2 9.1 24.1 4 0 12.3 36.8 92 102 14.2 3.7
"33" "33" 2015-01-02 28.78 "TOR" "@" "GSW" "L" -21 1 35.1166666666667 0.56 0.529 6.5 10.3 8.3 37.6 2.9 0 13.3 28.2 116 132 17.8 4.9
"34" "34" 2015-01-04 28.78 "TOR" "@" "PHO" "L" -16 1 34.15 0.506 0.441 0 10 5 33.3 2.7 0 13.8 26.4 103 117 12.7 -0.6
"35" "35" 2015-01-08 28.79 "TOR" "" "CHO" "L" -8 1 36.1666666666667 0.478 0.409 5.9 15.4 10.6 39.2 0 1.8 10.7 34.5 100 109 16.1 5.5
"36" "36" 2015-01-10 28.8 "TOR" "" "BOS" "W" 13 1 38.3 0.531 0.5 2.6 11.9 6.9 27.2 3.9 0 14.4 23.3 111 98 15.9 3.9
"37" "37" 2015-01-12 28.8 "TOR" "" "DET" "L" -3 1 33.0166666666667 0.388 0.333 0 20.8 11.6 40.9 3 0 35.2 26 80 110 7.1 -5.6
"38" "38" 2015-01-14 28.81 "TOR" "" "PHI" "W" 16 1 34.2166666666667 0.567 0.533 0 19.6 10.4 56.9 4.4 0 20.1 25.7 111 82 18.2 11.8
"39" "39" 2015-01-16 28.81 "TOR" "" "ATL" "L" -21 1 31.5166666666667 0.396 0.385 3.8 11.3 6.8 27.8 3.4 0 12.6 22.7 90 121 7.1 -2.7
"40" "40" 2015-01-18 28.82 "TOR" "" "NOP" "L" -2 1 37.6166666666667 0.4 0.4 6.9 9.3 8.2 24.6 2.8 0 28.6 17.9 78 103 5.6 -6.3
"41" "41" 2015-01-19 28.82 "TOR" "@" "MIL" "W" 3 1 36.0166666666667 0.336 0.34 0 14.8 6.9 15.8 1.5 2.3 10.1 34.3 76 98 4 -5
"42" "42" 2015-01-21 28.83 "TOR" "@" "MEM" "L" -6 1 39.8 0.383 0.348 6.3 15.9 10.2 19.5 2.7 1.8 10.3 31 86 101 8.9 2.2
"43" "43" 2015-01-23 28.83 "TOR" "@" "PHI" "W" 5 1 36.1 0.599 0.464 2.9 12.1 7.4 25.2 4.5 0 5.4 23.6 133 95 20.6 12.3
"44" "44" 2015-01-25 28.84 "TOR" "" "DET" "W" 4 1 36.6666666666667 0.619 0.563 0 8.7 4.8 27.7 2.7 0 10.1 12.7 133 116 12.9 0.9
"45" "45" 2015-01-27 28.84 "TOR" "@" "IND" "W" 13 1 34.0833333333333 0.559 0.559 3.5 18.8 11.6 49.6 0 0 5.6 25.9 122 105 15.8 4.2
"46" "46" 2015-01-28 28.85 "TOR" "" "SAC" "W" 17 1 32.75 0.523 0.5 0 8.6 4.2 28.8 1.6 0 13.9 19.5 118 113 10.3 -2.9
"47" "47" 2015-01-30 28.85 "TOR" "@" "BRK" "W" 5 1 44.0666666666667 0.28 0.265 0 14.4 7.6 22.8 2.3 0 14.4 22 70 116 3.7 -10.5
"48" "48" 2015-01-31 28.85 "TOR" "@" "WAS" "W" 4 1 41.5666666666667 0.621 0.567 0 9.6 5.2 11.3 2.4 0 9.7 22.9 118 112 16.3 0.1
"49" "49" 2015-02-02 28.86 "TOR" "" "MIL" "L" -7 1 29.1 0.143 0.143 3.3 8.2 5.5 35.3 1.9 0 36.4 17.7 42 96 -0.7 -10.3
"50" "50" 2015-02-04 28.87 "TOR" "" "BRK" "L" -16 1 35.9833333333333 0.44 0.423 3.5 17.1 10.4 47.1 1.6 0 21.3 26.1 95 126 9.3 -5.2
"51" "51" 2015-02-06 28.87 "TOR" "" "LAC" "W" 16 1 38.1 0.902 0.833 0 3.2 1.7 3.9 1.4 0 7.9 15.6 170 122 17.3 4.7
"52" "52" 2015-02-08 28.88 "TOR" "" "SAS" "W" 5 1 36.7666666666667 0.378 0.367 0 10.5 6.5 35.9 2.9 0 20.1 26.3 74 92 6.7 -3.2
"53" "53" 2015-02-11 28.88 "TOR" "" "WAS" "W" 2 1 32.1833333333333 0.542 0.542 3.4 10.4 6.9 38 1.7 2.3 20 22.3 102 105 9.9 2.1
"54" "54" 2015-02-20 28.91 "TOR" "@" "ATL" "W" 25 1 25.1666666666667 0.479 0.45 0 10.6 5.5 48.5 0 0 16.1 21.1 112 92 8.2 -1.4
"55" "55" 2015-02-21 28.91 "TOR" "@" "HOU" "L" -22 1 36.6666666666667 0.316 0.154 0 3 1.4 23.4 0 0 28.7 28.4 53 105 -4.4 -15.4
"56" "56" 2015-02-23 28.92 "TOR" "@" "NOP" "L" -3 1 33.9166666666667 0.508 0.447 2.7 3.9 3.2 29.9 4.8 0 4.4 30.3 116 112 16.8 7.5
"57" "57" 2015-02-24 28.92 "TOR" "@" "DAL" "L" -7 1 33.8333333333333 0.346 0.333 0 14.9 7.4 26.3 0 0 5.9 22.4 85 109 5.3 -4.8
"58" "58" 2015-02-27 28.93 "TOR" "" "GSW" "L" -24 1 18.75 0.254 0.143 0 11.9 5.8 0 0 0 20.2 23.4 43 121 -2.3 -17.7
"59" "" 2015-02-28 28.93 "TOR" "@" "NYK" "L" -5 NA NA NA NA NA NA NA NA NA NA NA NA NA NA NA NA
"60" "" 2015-03-02 28.94 "TOR" "@" "PHI" "W" 11 NA NA NA NA NA NA NA NA NA NA NA NA NA NA NA NA
"61" "" 2015-03-04 28.94 "TOR" "" "CLE" "L" -8 NA NA NA NA NA NA NA NA NA NA NA NA NA NA NA NA
"62" "59" 2015-03-06 28.95 "TOR" "@" "CHO" "L" -9 1 38.2166666666667 0.546 0.523 0 16.5 7.1 24.4 0 0 4.2 29.2 106 112 15.6 3.3
"63" "60" 2015-03-08 28.95 "TOR" "@" "OKC" "L" -4 1 40.65 0.429 0.367 0 6.9 2.9 16.4 2.5 0 5.8 18.6 99 117 9.4 -4.7
"64" "61" 2015-03-10 28.96 "TOR" "@" "SAS" "L" -10 1 42.7166666666667 0.725 0.658 2.2 8.2 4.9 17.7 2.4 0 4.3 22.8 158 127 27.2 13.7
"65" "62" 2015-03-13 28.97 "TOR" "" "MIA" "W" 10 1 37.05 0.792 0.792 2.8 22.1 11.9 41.6 9.1 2.3 25 18.9 121 77 24.3 18.2
"66" "63" 2015-03-15 28.97 "TOR" "" "POR" "L" -16 1 34.5833333333333 0.406 0.318 0 13.9 7 25.4 1.5 0 24.5 22 79 121 4.3 -8.6
"67" "64" 2015-03-16 28.98 "TOR" "@" "IND" "W" 19 1 38.15 0.698 0.731 0 28.8 15.9 41.7 3.9 0 17.3 20.3 130 94 21.6 13.2
"68" "65" 2015-03-18 28.98 "TOR" "" "MIN" "W" 5 1 25.6666666666667 0.514 0.357 4.6 8.7 6.7 35.9 0 0 18.6 19.6 112 109 7.6 -3.8
"69" "" 2015-03-20 28.99 "TOR" "@" "CHI" "L" -16 NA NA NA NA NA NA NA NA NA NA NA NA NA NA NA NA
"70" "" 2015-03-22 28.99 "TOR" "" "NYK" "W" 17 NA NA NA NA NA NA NA NA NA NA NA NA NA NA NA NA
"71" "66" 2015-03-24 29 "TOR" "@" "DET" "L" -4 1 10.5333333333333 0.563 0.5 13.4 8.9 10.7 52.8 0 0 0 20.3 152 129 5.3 4.9
"72" "" 2015-03-25 29 "TOR" "" "CHI" "L" -13 NA NA NA NA NA NA NA NA NA NA NA NA NA NA NA NA
"73" "" 2015-03-27 29.01 "TOR" "" "LAL" "W" 11 NA NA NA NA NA NA NA NA NA NA NA NA NA NA NA NA
"74" "" 2015-03-30 29.01 "TOR" "" "HOU" "W" 3 NA NA NA NA NA NA NA NA NA NA NA NA NA NA NA NA
"75" "" 2015-04-01 29.02 "TOR" "@" "MIN" "W" 14 NA NA NA NA NA NA NA NA NA NA NA NA NA NA NA NA
"76" "" 2015-04-03 29.02 "TOR" "@" "BRK" "L" -5 NA NA NA NA NA NA NA NA NA NA NA NA NA NA NA NA
"77" "" 2015-04-04 29.03 "TOR" "" "BOS" "L" -1 NA NA NA NA NA NA NA NA NA NA NA NA NA NA NA NA
"78" "" 2015-04-08 29.04 "TOR" "@" "CHO" "W" 18 NA NA NA NA NA NA NA NA NA NA NA NA NA NA NA NA
"79" "67" 2015-04-10 29.04 "TOR" "@" "ORL" "W" 2 1 33.1666666666667 0.402 0.375 3 23.6 12.6 30.5 0 0 24.3 20.6 86 107 5.3 -7.7
"80" "68" 2015-04-11 29.05 "TOR" "@" "MIA" "W" 3 1 35.7 0.351 0.214 0 20.5 10 4.3 4.5 2.2 5.5 22.9 82 106 6.9 -4.7
"81" "69" 2015-04-14 29.05 "TOR" "@" "BOS" "L" -2 1 34.5666666666667 0.368 0.35 3.5 13.1 9 20.8 1.4 0 8.4 30.9 80 100 6.4 -5.4
"82" "70" 2015-04-15 29.06 "TOR" "" "CHO" "W" 5 1 37.0333333333333 0.776 0.733 3.9 11.1 7.6 32.8 4.8 0 15.2 28.5 135 104 24.8 16.7
"1" "1" 2015-10-28 29.59 "TOR" "" "IND" "W" 7 1 38.9666666666667 0.586 0.529 3 5 4.1 28.3 2.4 0 20.3 25.9 104 98 14.8 3.6
"2" "2" 2015-10-30 29.6 "TOR" "@" "BOS" "W" 10 1 34.2333333333333 0.455 0.273 3.5 16.5 10.8 39.7 3.9 4.8 16.3 21.8 105 88 15.3 5.6
"3" "3" 2015-11-01 29.61 "TOR" "" "MIL" "W" 19 1 29.3 0.638 0.55 7.4 14 10.4 35 7.4 0 7.8 18.7 152 89 19 16.3
"4" "4" 2015-11-03 29.61 "TOR" "@" "DAL" "W" 11 1 36.8 0.785 0.733 0 12.8 7.2 51.6 4.1 4.1 18.9 25.3 138 89 27.4 21.5
"5" "5" 2015-11-04 29.61 "TOR" "@" "OKC" "W" 5 1 33.85 0.511 0.464 0 12.9 6.6 5.5 3 0 23.1 27.9 84 104 5.7 -5.1
"6" "6" 2015-11-06 29.62 "TOR" "@" "ORL" "L" -5 1 31.7333333333333 0.491 0.469 3.1 17.3 9 21.7 1.7 0 14.8 28.5 96 104 8.6 1.8
"7" "7" 2015-11-08 29.62 "TOR" "@" "MIA" "L" -20 1 36.8666666666667 0.402 0.313 3.1 14.8 9.1 45.7 1.5 0 9.7 27.8 90 111 11 1.7
"8" "8" 2015-11-10 29.63 "TOR" "" "NYK" "L" -2 1 36.9833333333333 0.546 0.5 2.9 13.5 8.4 43.9 4.1 1.8 15.9 29 108 111 19 5.1
"9" "9" 2015-11-11 29.63 "TOR" "@" "PHI" "W" 16 1 28.95 0.701 0.583 0 9.9 5.3 40.1 3.6 0 10.9 27.6 148 110 22.3 13
"10" "10" 2015-11-13 29.64 "TOR" "" "NOP" "W" 19 1 34.6333333333333 0.605 0.462 0 18.5 9.7 24.4 6.2 2.3 10.8 24.7 129 80 20.1 15.2
"11" "11" 2015-11-15 29.64 "TOR" "@" "SAC" "L" -6 1 38.9166666666667 0.579 0.579 0 6.5 3.2 30.7 5.1 2.4 20.8 27.4 101 106 15.9 6.6
"12" "12" 2015-11-17 29.65 "TOR" "@" "GSW" "L" -5 1 38.6166666666667 0.69 0.533 10.1 10.1 10.1 13.2 2.5 2.4 9 24.3 145 114 23.7 9.9
"13" "13" 2015-11-18 29.65 "TOR" "@" "UTA" "L" -4 1 37.2166666666667 0.498 0.382 0 11.1 5 29.5 4.3 0 19.9 31.7 92 101 12.8 2.3
"14" "14" 2015-11-20 29.66 "TOR" "@" "LAL" "W" 11 1 36.2166666666667 0.704 0.656 0 17.4 8.1 26.8 4.5 0 5.3 24.7 145 98 22.8 15.2
"15" "15" 2015-11-22 29.66 "TOR" "@" "LAC" "W" 11 1 37.6 0.448 0.227 2.9 5.8 4.4 48.3 4.4 0 21.6 22.4 98 89 11.8 6
"16" "16" 2015-11-25 29.67 "TOR" "" "CLE" "W" 4 1 37.5833333333333 0.703 0.706 3.3 5.9 4.7 29.5 5.7 2.4 0 25.1 153 105 28.1 19.1
"17" "17" 2015-11-28 29.68 "TOR" "@" "WAS" "W" 2 1 33.9333333333333 0.65 0.632 3.7 16.3 11 23.2 3 2.4 22.4 37.8 100 84 16.2 9.3
"18" "18" 2015-11-29 29.68 "TOR" "" "PHO" "L" -5 1 33.5166666666667 0.555 0.5 3.2 20.9 12.3 23.2 1.5 0 16.4 25.1 105 112 11.9 -0.8
"19" "19" 2015-12-02 29.69 "TOR" "@" "ATL" "W" 10 1 37.25 0.696 0.588 0 11.7 6.9 26.4 2.8 0 8.2 30.8 139 94 25.3 13.7
"20" "20" 2015-12-03 29.69 "TOR" "" "DEN" "L" -1 1 36.65 0.419 0.344 2.9 18.2 9.7 31 5.7 4.9 13.6 27.4 92 103 15 5.1
"21" "21" 2015-12-05 29.7 "TOR" "" "GSW" "L" -3 1 38.4833333333333 0.694 0.654 2.7 7.1 4.6 38.7 5.4 2.9 3.3 35.1 144 115 37.1 27.6
"22" "22" 2015-12-07 29.7 "TOR" "" "LAL" "W" 9 1 37.9666666666667 0.65 0.605 3.1 17.2 10.4 33.5 0 0 8.8 30.3 128 109 21.6 7.8
"23" "23" 2015-12-09 29.71 "TOR" "" "SAS" "W" 3 1 37.2 0.696 0.591 0 15 9.4 35.3 1.5 0 22.7 24.3 120 108 17 4.4
"24" "24" 2015-12-11 29.72 "TOR" "" "MIL" "W" 7 1 35.2833333333333 0.375 0.375 0 22.7 12.1 25 1.5 3.9 23.8 29.7 69 91 4.6 -6.4
"25" "25" 2015-12-13 29.72 "TOR" "" "PHI" "W" 20 1 34.9833333333333 0.477 0.433 0 14.3 7.4 16.4 1.5 7.4 10.7 25.5 93 83 11.4 3.3
"26" "26" 2015-12-14 29.72 "TOR" "@" "IND" "L" -16 1 34.1333333333333 0.635 0.571 0 7 3.2 29.4 1.5 0 24.1 26.9 107 119 10.4 -1.2
"27" "27" 2015-12-17 29.73 "TOR" "@" "CHO" "L" -10 1 42.3833333333333 0.312 0.259 2.3 8.7 5.2 31.8 1.2 0 0 34.2 77 110 7.6 -3.3
"28" "28" 2015-12-18 29.73 "TOR" "@" "MIA" "W" 14 1 37.9 0.531 0.472 0 10.6 5.3 16.4 5.7 0 4.8 27.2 111 101 17.5 2.9
"29" "29" 2015-12-20 29.74 "TOR" "" "SAC" "L" -10 1 24.7 0.428 0.346 11.7 9.5 10.7 28.6 2 0 6.2 27.7 105 109 9.8 4.1
"30" "30" 2015-12-22 29.75 "TOR" "" "DAL" "W" 4 1 37.95 0.594 0.538 0 26.9 14.5 32.3 0 2 12.3 20.1 124 104 16.1 3.4
"31" "31" 2015-12-26 29.76 "TOR" "@" "MIL" "W" 21 1 31.6833333333333 0.504 0.467 0 6.9 3.7 41.4 1.7 0 20.1 30.9 101 106 11.4 -4.6
"32" "32" 2015-12-28 29.76 "TOR" "@" "CHI" "L" -7 1 40.1 0.756 0.7 0 15.6 7.6 39.6 3.8 0 13.9 24.4 138 107 28.8 15.5
"33" "33" 2015-12-30 29.77 "TOR" "" "WAS" "W" 3 1 34.95 0.387 0.25 0 8.6 4.2 32.6 2.9 0 29.7 24.1 70 96 3.7 -4.9
"34" "34" 2016-01-01 29.77 "TOR" "" "CHO" "W" 10 1 41.2833333333333 0.507 0.438 7.1 7.3 7.2 44.1 2.7 0 25.3 24.7 108 110 14.3 2.2
"35" "35" 2016-01-03 29.78 "TOR" "" "CHI" "L" -2 1 39.2333333333333 0.463 0.432 0 19.1 7.7 38 1.3 2 11.2 30.2 105 125 15.8 0
"36" "36" 2016-01-04 29.78 "TOR" "@" "CLE" "L" -22 1 35 0.735 0.654 0 18.9 8.3 51.9 3.2 3.3 0 22.6 165 140 27.2 17.9
"37" "37" 2016-01-06 29.79 "TOR" "@" "BRK" "W" 17 1 35.6 0.555 0.5 0 25.1 12.3 31.6 7.3 0 11.5 22.3 113 71 18.8 11.2
"38" "38" 2016-01-08 29.79 "TOR" "@" "WAS" "W" 9 1 41.15 0.556 0.528 3.4 21.9 14.2 18.9 4.6 2 24.1 26.8 93 82 15.7 5.2
"39" "39" 2016-01-09 29.79 "TOR" "@" "PHI" "W" 13 1 38.6666666666667 0.651 0.618 7.8 12.4 10.3 21.7 2.7 0 13.5 27.6 123 105 20.6 4.4
"40" "40" 2016-01-14 29.81 "TOR" "@" "ORL" "W" 3 1 46.7333333333333 0.459 0.3 2.2 18.9 9.8 21.7 1.1 1.5 7.1 28.1 102 103 17.1 -0.6
"41" "41" 2016-01-18 29.82 "TOR" "" "BRK" "W" 12 1 39.5666666666667 0.991 1.038 0 6.7 3.2 31.4 4.1 0 6 20.2 186 110 32.5 21.7
"42" "42" 2016-01-20 29.82 "TOR" "" "BOS" "W" 6 1 36.6 0.589 0.545 0 7.3 3.7 25.7 4.2 0 33.6 22.7 98 113 9.5 -1.7
"43" "43" 2016-01-22 29.83 "TOR" "" "MIA" "W" 20 1 38.0833333333333 0.563 0.5 0 10.3 6.1 26.4 2.9 2 13.1 20.1 115 92 14.3 4.9
"44" "44" 2016-01-24 29.84 "TOR" "" "LAC" "W" 18 1 36.3333333333333 0.648 0.607 3.8 9.2 6.8 25 0 0 15.6 23.2 125 105 15.2 4
"45" "45" 2016-01-26 29.84 "TOR" "" "WAS" "W" 17 1 36.35 0.828 0.75 3.4 9 6.4 21.6 2.8 0 14.6 25.1 148 96 24.2 15.6
"46" "46" 2016-01-28 29.85 "TOR" "" "NYK" "W" 10 1 41.1166666666667 0.666 0.594 8.1 7.5 7.8 42.2 3.9 0 13.3 24.4 139 104 26.8 13
"47" "47" 2016-01-30 29.85 "TOR" "" "DET" "W" 4 1 39.5833333333333 0.444 0.3 2.9 20.2 11.5 0 3.7 0 9 24.2 95 105 10.1 -3.7
"48" "48" 2016-02-01 29.86 "TOR" "@" "DEN" "L" -19 1 32 0.322 0.292 2.9 4.5 3.6 12.2 4.6 0 11.4 24.5 67 113 3.4 -8.1
"49" "49" 2016-02-02 29.86 "TOR" "@" "PHO" "W" 7 1 41.5833333333333 0.756 0.7 3 6.6 4.7 17.9 2.6 0 5.5 21 153 110 23.4 10.8
"50" "50" 2016-02-04 29.87 "TOR" "@" "POR" "W" 7 1 39.9333333333333 0.708 0.711 0 16.8 8.5 34.4 2.5 4.3 24.8 30.8 112 105 22.9 11.2
"51" "51" 2016-02-08 29.88 "TOR" "@" "DET" "W" 14 1 37.75 0.772 0.714 0 8.5 5.1 32.3 2.8 0 11 25 145 100 24.2 10.6
"52" "52" 2016-02-10 29.88 "TOR" "@" "MIN" "L" -5 1 38.6833333333333 0.378 0.3 5.6 6.1 5.8 25.5 1.4 2 5.1 22.8 100 129 9.5 -4.4
"53" "53" 2016-02-19 29.91 "TOR" "@" "CHI" "L" -10 1 37.0166666666667 0.627 0.556 2.6 5.8 4.1 39.4 1.3 1.7 4.4 26.3 134 121 24 9.2
"54" "54" 2016-02-21 29.91 "TOR" "" "MEM" "W" 13 1 39.8833333333333 0.592 0.538 0 10 5.3 32.7 1.3 0 11.6 19.4 120 93 15.2 7.6
"55" "55" 2016-02-22 29.92 "TOR" "@" "NYK" "W" 27 1 35.2666666666667 0.703 0.615 13.3 20.7 17.2 41 0 0 11.3 23.1 155 110 25.9 12
"56" "56" 2016-02-24 29.92 "TOR" "" "MIN" "W" 9 1 39.2333333333333 0.631 0.536 3.2 6.6 4.9 21.8 1.3 0 0 18.8 156 120 18.9 5.3
"57" "57" 2016-02-26 29.93 "TOR" "" "CLE" "W" 2 1 42.8166666666667 0.808 0.8 0 14.4 7.7 50 5.1 0 7 33.6 157 103 41.6 27.4
"58" "" 2016-02-28 29.93 "TOR" "@" "DET" "L" -13 NA NA NA NA NA NA NA NA NA NA NA NA NA NA NA NA
"59" "58" 2016-03-02 29.94 "TOR" "" "UTA" "W" 10 1 40.2166666666667 0.75 0.725 0 10.6 6.1 24.4 4.2 2.1 19 32 130 105 25.4 13.8
"60" "59" 2016-03-04 29.95 "TOR" "" "POR" "W" 2 1 36.65 0.648 0.633 3.7 13.4 8.8 33.4 2.8 0 12.2 31.1 128 120 22.2 8.3
"61" "60" 2016-03-06 29.95 "TOR" "" "HOU" "L" -6 1 38.2833333333333 0.697 0.7 3.5 8.7 6.3 36.7 4 0 19.7 18.3 127 117 17.9 6.3
"62" "61" 2016-03-08 29.96 "TOR" "" "BRK" "W" 5 1 41.95 0.576 0.563 3.3 10.1 6.6 35.5 1.3 0 20 27.2 111 113 16.9 0.6
"63" "62" 2016-03-10 29.96 "TOR" "" "ATL" "W" 8 1 37.95 0.542 0.464 0 2.9 1.6 29.1 2.7 0 14.6 24.1 112 101 13 2.8
"64" "63" 2016-03-12 29.97 "TOR" "" "MIA" "W" 8 1 44.5833333333333 0.429 0.313 3.1 14 9.4 7.4 2.3 0 17.7 23.7 81 103 6.3 -7.9
"65" "64" 2016-03-14 29.97 "TOR" "" "CHI" "L" -2 1 40.6 0.642 0.55 3 29.6 16.3 32.9 4 0 10.4 33.4 130 116 29.2 11.7
"66" "65" 2016-03-15 29.98 "TOR" "@" "MIL" "W" 18 1 28.1833333333333 0.849 0.778 4.3 11.4 8 61.5 0 0 12 28.6 171 111 26.8 23.7
"67" "66" 2016-03-17 29.98 "TOR" "@" "IND" "W" 7 1 43.4 0.561 0.476 0 19.2 9.3 22 3.6 0 24.3 33.9 93 87 15.1 4.9
"68" "67" 2016-03-18 29.98 "TOR" "" "BOS" "W" 14 1 36.9833333333333 0.794 0.821 3.5 9.7 6.7 25.6 2.8 2.1 13 30.1 144 100 27.8 16.5
"69" "68" 2016-03-20 29.99 "TOR" "" "ORL" "W" 5 1 40.1166666666667 0.464 0.367 0 15.7 7 28.9 3.8 0 13.4 24.2 99 105 14.3 1.3
"70" "" 2016-03-23 30 "TOR" "@" "BOS" "L" -12 NA NA NA NA NA NA NA NA NA NA NA NA NA NA NA NA
"71" "69" 2016-03-25 30 "TOR" "@" "HOU" "L" -3 1 41.6166666666667 0.327 0.289 0 5.4 2.5 26.8 1.2 2 0 22.9 93 118 7.6 -4.5
"72" "70" 2016-03-26 30 "TOR" "@" "NOP" "W" 24 1 28.4333333333333 0.342 0.231 5 3.4 4 39.8 3.7 0 5.9 29.3 100 100 8.3 -7.2
"73" "71" 2016-03-28 30.01 "TOR" "" "OKC" "L" -19 1 36.45 0.4 0.357 2.5 3.3 2.8 16.1 0 0 18.6 25.3 77 131 2.4 -10.6
"74" "72" 2016-03-30 30.01 "TOR" "" "ATL" "W" 8 1 40.0333333333333 0.377 0.263 0 15.3 8.2 42.3 2.6 0 18.2 31.9 85 105 11 -5.8
"75" "73" 2016-04-01 30.02 "TOR" "@" "MEM" "W" 4 1 36.4333333333333 0.586 0.529 0 8.2 4.8 12.7 1.5 1.8 21 30.8 100 111 10.3 -3.5
"76" "" 2016-04-02 30.02 "TOR" "@" "SAS" "L" -7 NA NA NA NA NA NA NA NA NA NA NA NA NA NA NA NA
"77" "74" 2016-04-05 30.03 "TOR" "" "CHO" "W" 6 1 39.7166666666667 0.606 0.594 0 9.5 5.4 29.8 0 2.3 18.8 25.1 104 106 13.1 1.5
"78" "75" 2016-04-07 30.04 "TOR" "@" "ATL" "L" -8 1 34.3166666666667 0.465 0.467 3.2 9.8 6.4 35.5 1.5 0 10.4 25.9 97 107 9.9 0.5
"79" "" 2016-04-08 30.04 "TOR" "" "IND" "W" 13 NA NA NA NA NA NA NA NA NA NA NA NA NA NA NA NA
"80" "76" 2016-04-10 30.04 "TOR" "@" "NYK" "W" 4 1 31.9333333333333 0.472 0.467 0 0 0 35.7 3.5 2.2 0 25.8 111 106 12.9 9
"81" "77" 2016-04-12 30.05 "TOR" "" "PHI" "W" 24 1 26.2666666666667 0.423 0.423 4.5 12.7 8.7 18 3.9 0 13.3 23.6 101 104 7.5 -1.8
"82" "" 2016-04-13 30.05 "TOR" "@" "BRK" "W" 7 NA NA NA NA NA NA NA NA NA NA NA NA NA NA NA NA
"1" "1" 2016-10-26 30.59 "TOR" "" "DET" "W" 18 1 37.7666666666667 0.349 0.269 2.8 11.3 7 27.3 1.3 0 12.3 18.9 92 98 7.8 -2.2
"2" "2" 2016-10-28 30.59 "TOR" "" "CLE" "L" -3 1 39.4166666666667 0.445 0.344 0 5.8 2.7 16.8 0 0 23.9 26.3 82 108 3.2 -7.8
"3" "3" 2016-10-31 30.6 "TOR" "" "DEN" "W" 3 1 35.6166666666667 0.594 0.525 0 15.7 7.6 34.3 4.4 0 10.9 34.8 118 108 23 10
"4" "4" 2016-11-02 30.61 "TOR" "@" "WAS" "W" 10 1 35.6166666666667 0.648 0.654 0 4.1 2 8 5.6 0 17.8 22.5 104 105 13.2 1.4
"5" "5" 2016-11-04 30.61 "TOR" "" "MIA" "W" 9 1 41.2666666666667 0.398 0.333 10.6 9.5 10 18 3.8 5.8 23.5 23.2 84 89 10.5 3.5
"6" "6" 2016-11-06 30.62 "TOR" "" "SAC" "L" -5 1 39.3666666666667 0.433 0.406 2.6 8.5 5.4 51 2.8 2 0 20.4 114 111 15.5 8.1
"7" "7" 2016-11-09 30.63 "TOR" "@" "OKC" "W" 10 1 42.7666666666667 0.455 0.425 6.4 20.1 13.7 40.2 0 2.8 19.3 28 101 113 14.1 -1.5
"8" "8" 2016-11-11 30.63 "TOR" "@" "CHO" "W" 2 1 35.5666666666667 0.548 0.5 2.9 17.2 10.6 24.1 2.8 2.6 0 22.3 126 112 18.3 6.1
"9" "9" 2016-11-12 30.64 "TOR" "" "NYK" "W" 11 1 40.8 0.504 0.467 8.2 7.1 7.6 22.9 0 0 11.2 19 114 116 12.3 -4
"10" "10" 2016-11-15 30.64 "TOR" "@" "CLE" "L" -4 1 39.7166666666667 0.586 0.565 7.6 6.4 7 33.3 4.9 0 4 26.9 134 119 27.1 11.3
"11" "11" 2016-11-16 30.65 "TOR" "" "GSW" "L" -6 1 37.5666666666667 0.539 0.441 6.2 9.6 7.9 21.8 3.8 0 15.2 29.4 111 123 16.9 2.6
"12" "12" 2016-11-18 30.65 "TOR" "@" "DEN" "W" 2 1 38.4333333333333 0.537 0.5 0 17.6 8 51.6 0 0 19.3 24.1 104 104 16 3.6
"13" "13" 2016-11-20 30.66 "TOR" "@" "SAC" "L" -3 1 35.9166666666667 0.584 0.471 2.7 26 12.6 32.5 2.8 0 24.6 34.3 102 105 15.5 2
"14" "14" 2016-11-21 30.66 "TOR" "@" "LAC" "L" -8 1 41.7 0.615 0.528 0 20.3 9.3 26.2 0 0 12 27.3 117 129 19.3 0.7
"15" "15" 2016-11-23 30.67 "TOR" "@" "HOU" "W" 13 1 35.7166666666667 0.507 0.467 3.1 0 1.7 34.6 1.4 0 15.2 23.9 114 118 12.3 -3
"16" "16" 2016-11-25 30.67 "TOR" "@" "MIL" "W" 6 1 37.0833333333333 0.615 0.6 3.1 15.2 8.5 26.8 3 0 11.5 22.7 127 112 17 7.8
"17" "17" 2016-11-28 30.68 "TOR" "" "PHI" "W" 27 1 31.5333333333333 1.071 1.111 0 13.2 7.6 38.9 1.7 0 21.1 21.1 170 108 24.9 17.7
"18" "18" 2016-11-30 30.68 "TOR" "" "MEM" "W" 15 1 37.1333333333333 0.833 0.769 0 8.6 5.3 37.4 2.8 0 10.3 24.7 170 115 27.6 12.3
"19" "19" 2016-12-02 30.69 "TOR" "" "LAL" "W" 33 1 30.5666666666667 0.932 0.917 0 11.2 7 33.9 1.7 0 23.7 26.9 142 90 21.5 15.3
"20" "20" 2016-12-03 30.69 "TOR" "" "ATL" "W" 44 1 31.1666666666667 0.86 0.833 4.2 22 14.3 28.2 0 2.6 9.2 15.4 176 91 19.6 10.8
"21" "21" 2016-12-05 30.7 "TOR" "" "CLE" "L" -4 1 40.2666666666667 0.703 0.643 2.6 6.6 4.4 36.2 1.3 0 10.5 21.3 142 130 22.4 7.8
"22" "22" 2016-12-08 30.71 "TOR" "" "MIN" "W" 14 1 38.3 0.751 0.75 2.9 3 2.9 41.8 1.4 0 10.7 21.3 156 126 24.9 12.9
"23" "23" 2016-12-09 30.71 "TOR" "@" "BOS" "W" 7 1 35.9 0.717 0.611 2.9 16 9.7 12.2 4.2 0 7.8 32.8 139 94 27.9 17.1
"24" "24" 2016-12-12 30.72 "TOR" "" "MIL" "W" 22 1 34.1833333333333 0.836 0.778 0 9.6 5.1 28.1 1.5 0 31.7 20.6 126 110 14.3 3.7
"25" "25" 2016-12-14 30.72 "TOR" "@" "PHI" "W" 9 1 36.8666666666667 0.751 0.708 3 10.3 6.4 27.5 0 0 0 15.5 175 128 19.7 7.7
"26" "26" 2016-12-16 30.73 "TOR" "" "ATL" "L" -4 1 36.9333333333333 0.724 0.75 0 7.4 3.6 22.1 0 0 13.9 26.4 132 137 18 3
"27" "27" 2016-12-18 30.73 "TOR" "@" "ORL" "W" 30 1 34.95 0.639 0.444 0 8.8 4.6 35.3 1.5 0 24.2 21.4 119 89 15.4 4.4
"28" "28" 2016-12-20 30.74 "TOR" "" "BRK" "W" 12 1 33.7333333333333 0.81 0.792 2.8 8.5 5.7 37.2 4.2 2.5 17.4 20.8 144 101 24.5 14.6
"29" "29" 2016-12-23 30.75 "TOR" "@" "UTA" "W" 6 1 33.2833333333333 0.844 0.85 0 14.4 7.6 33.7 3.1 0 15.8 37.4 144 107 29.5 19.5
"30" "30" 2016-12-26 30.76 "TOR" "@" "POR" "W" 4 1 40.2666666666667 0.64 0.583 2.1 12.2 6.7 21.2 2.4 0 12.5 24.4 120 94 19.6 8
"31" "31" 2016-12-28 30.76 "TOR" "@" "GSW" "L" -10 1 40.3 0.558 0.523 3.9 13.6 7.4 44.7 2.4 0 11 27.1 121 125 22.9 8.2
"32" "32" 2016-12-29 30.76 "TOR" "@" "PHO" "L" -8 1 38 0.633 0.567 0 13.7 7 29.9 2.6 2 17.4 27.4 114 101 17.6 7
"33" "33" 2017-01-01 30.77 "TOR" "@" "LAL" "W" 9 1 39.0333333333333 0.984 0.938 3.8 19.3 13.3 31.6 0 0 16.1 29.1 169 122 37.4 16.7
"34" "34" 2017-01-03 30.78 "TOR" "@" "SAS" "L" -28 1 29.1666666666667 0.304 0.222 0 18.8 7.7 11.9 0 0 9.2 17.1 70 126 0.9 -11.8
"35" "35" 2017-01-05 30.78 "TOR" "" "UTA" "W" 8 1 41.1333333333333 0.755 0.706 2.1 16.2 7.7 24 4.1 0 8.4 25.9 154 106 30.2 19.3
"36" "36" 2017-01-07 30.79 "TOR" "@" "CHI" "L" -5 1 44.2833333333333 0.583 0.471 4.9 16.1 10.7 50.2 3.4 1.7 11.5 27.5 122 112 28.1 10.1
"37" "37" 2017-01-08 30.79 "TOR" "" "HOU" "L" -7 1 39.7833333333333 0.526 0.357 0 13.4 7.7 18.3 4.6 0 20.8 16.1 104 117 12.2 0
"38" "38" 2017-01-10 30.8 "TOR" "" "BOS" "W" 8 1 42.2333333333333 0.773 0.792 2.6 8.7 5.5 31 2.3 2 20.5 19.1 141 109 22.6 11.1
"39" "39" 2017-01-13 30.81 "TOR" "" "BRK" "W" 19 1 35.5 0.672 0.679 6.1 13.5 9.7 19.7 2.7 5.4 16.8 21.2 129 109 19.8 7.5
"40" "40" 2017-01-15 30.81 "TOR" "" "NYK" "W" 15 1 28.45 0.707 0.7 0 15.7 8.1 44.8 1.8 3.1 8.1 19 150 105 18.8 14.1
"41" "" 2017-01-17 30.82 "TOR" "@" "BRK" "W" 10 NA NA NA NA NA NA NA NA NA NA NA NA NA NA NA NA
"42" "41" 2017-01-18 30.82 "TOR" "@" "PHI" "L" -5 1 39.8166666666667 0.599 0.5 6.8 3.3 5.4 17.2 6.4 0 20 28.7 106 92 17.7 8.1
"43" "42" 2017-01-20 30.82 "TOR" "@" "CHO" "L" -35 1 34.3833333333333 0.569 0.472 0 3.9 1.7 21.8 1.5 0 4.5 29.6 117 127 15.4 7.2
"44" "43" 2017-01-22 30.83 "TOR" "" "PHO" "L" -12 1 37.2833333333333 0.391 0.324 0 14.7 6.4 29.1 1.3 0 9.4 25.4 84 122 7.5 -8.2
"45" "44" 2017-01-24 30.84 "TOR" "" "SAS" "L" -2 1 41.75 0.53 0.413 0 8.4 4.3 8.3 0 1.9 15 35 100 114 13.5 -4.6
"46" "45" 2017-01-25 30.84 "TOR" "@" "MEM" "L" -2 1 39.8166666666667 0.65 0.619 4.9 5.9 5.4 37.5 1.3 2.2 0 24.8 150 115 27.6 19
"47" "46" 2017-01-27 30.84 "TOR" "" "MIL" "W" 16 1 38.75 0.662 0.583 5.8 2.6 4.1 28.7 1.3 0 7.6 30 138 99 26.3 12.2
"48" "47" 2017-01-29 30.85 "TOR" "" "ORL" "L" -1 1 38.3833333333333 0.709 0.667 3.2 13.5 8.2 40.4 1.3 0 14.7 32.2 133 123 26.5 9.8
"49" "48" 2017-01-31 30.85 "TOR" "" "NOP" "W" 2 1 44.85 0.685 0.667 0 8.8 4.7 39.4 0 0 11.1 27.9 137 113 25.9 11.7
"50" "49" 2017-02-01 30.86 "TOR" "@" "BOS" "L" -5 1 37.9 0.707 0.7 0 5.6 3.2 24.5 2.7 0 11.7 31.2 132 118 24.3 11.9
"51" "50" 2017-02-03 30.86 "TOR" "@" "ORL" "L" -8 1 42.2 0.398 0.3 2.4 10.8 6.3 28.1 0 1.7 8.1 26.1 96 115 9.5 -3.7
"52" "51" 2017-02-05 30.87 "TOR" "@" "BRK" "W" 8 1 39.35 0.48 0.385 0 27.7 14 39.6 1.3 0 11.3 20.1 108 97 15.6 0.3
"53" "52" 2017-02-06 30.87 "TOR" "" "LAC" "W" 9 1 38.4166666666667 0.703 0.607 0 11.1 5.8 29.8 0 0 10.5 22.5 144 120 20.2 6.6
"54" "53" 2017-02-08 30.88 "TOR" "@" "MIN" "L" -3 1 36.6166666666667 0.472 0.421 7.5 0 3.6 19.2 1.5 0 12.4 31.5 105 133 10.8 -4.7
"55" "54" 2017-02-12 30.89 "TOR" "" "DET" "L" -1 1 36.1 0.689 0.7 0 18.6 10.1 21.2 1.5 2.5 15.5 18 123 112 13 4
"56" "55" 2017-02-14 30.89 "TOR" "@" "CHI" "L" -11 1 37.7333333333333 0.615 0.588 0 11.6 5.4 20.5 1.3 0 21.9 28.1 101 114 11 0
"57" "56" 2017-02-15 30.9 "TOR" "" "CHO" "W" 5 1 40.6333333333333 0.514 0.5 0 16.5 7.9 31.4 1.3 0 4.7 23.8 107 94 15 4.9
"58" "" 2017-02-24 30.92 "TOR" "" "BOS" "W" 10 NA NA NA NA NA NA NA NA NA NA NA NA NA NA NA NA
"59" "" 2017-02-26 30.93 "TOR" "" "POR" "W" 6 NA NA NA NA NA NA NA NA NA NA NA NA NA NA NA NA
"60" "" 2017-02-27 30.93 "TOR" "@" "NYK" "W" 1 NA NA NA NA NA NA NA NA NA NA NA NA NA NA NA NA
"61" "" 2017-03-01 30.93 "TOR" "" "WAS" "L" -9 NA NA NA NA NA NA NA NA NA NA NA NA NA NA NA NA
"62" "" 2017-03-03 30.94 "TOR" "@" "WAS" "W" 8 NA NA NA NA NA NA NA NA NA NA NA NA NA NA NA NA
"63" "" 2017-03-04 30.94 "TOR" "@" "MIL" "L" -7 NA NA NA NA NA NA NA NA NA NA NA NA NA NA NA NA
"64" "" 2017-03-08 30.95 "TOR" "@" "NOP" "W" 7 NA NA NA NA NA NA NA NA NA NA NA NA NA NA NA NA
"65" "" 2017-03-10 30.96 "TOR" "@" "ATL" "L" -6 NA NA NA NA NA NA NA NA NA NA NA NA NA NA NA NA
"66" "" 2017-03-11 30.96 "TOR" "@" "MIA" "L" -15 NA NA NA NA NA NA NA NA NA NA NA NA NA NA NA NA
"67" "" 2017-03-13 30.97 "TOR" "" "DAL" "W" 22 NA NA NA NA NA NA NA NA NA NA NA NA NA NA NA NA
"68" "" 2017-03-16 30.98 "TOR" "" "OKC" "L" -21 NA NA NA NA NA NA NA NA NA NA NA NA NA NA NA NA
"69" "" 2017-03-17 30.98 "TOR" "@" "DET" "W" 12 NA NA NA NA NA NA NA NA NA NA NA NA NA NA NA NA
"70" "" 2017-03-19 30.98 "TOR" "" "IND" "W" 25 NA NA NA NA NA NA NA NA NA NA NA NA NA NA NA NA
"71" "" 2017-03-21 30.99 "TOR" "" "CHI" "W" 2 NA NA NA NA NA NA NA NA NA NA NA NA NA NA NA NA
"72" "" 2017-03-23 30.99 "TOR" "@" "MIA" "W" 17 NA NA NA NA NA NA NA NA NA NA NA NA NA NA NA NA
"73" "" 2017-03-25 31 "TOR" "@" "DAL" "W" 8 NA NA NA NA NA NA NA NA NA NA NA NA NA NA NA NA
"74" "" 2017-03-27 31.01 "TOR" "" "ORL" "W" 19 NA NA NA NA NA NA NA NA NA NA NA NA NA NA NA NA
"75" "" 2017-03-29 31.01 "TOR" "" "CHO" "L" -4 NA NA NA NA NA NA NA NA NA NA NA NA NA NA NA NA
"76" "" 2017-03-31 31.02 "TOR" "" "IND" "W" 11 NA NA NA NA NA NA NA NA NA NA NA NA NA NA NA NA
"77" "" 2017-04-02 31.02 "TOR" "" "PHI" "W" 8 NA NA NA NA NA NA NA NA NA NA NA NA NA NA NA NA
"78" "" 2017-04-04 31.03 "TOR" "@" "IND" "L" -18 NA NA NA NA NA NA NA NA NA NA NA NA NA NA NA NA
"79" "57" 2017-04-05 31.03 "TOR" "@" "DET" "W" 3 1 41.8166666666667 0.708 0.625 0 14 7.1 37.4 2.5 0 9.5 23.1 140 109 27.1 10
"80" "58" 2017-04-07 31.04 "TOR" "" "MIA" "W" 2 1 35.9333333333333 0.37 0.393 3.2 17.4 10.6 28.3 2.8 0 23.6 25.6 74 96 4.7 -5.7
"81" "59" 2017-04-09 31.04 "TOR" "@" "NYK" "W" 13 1 37.8666666666667 0.751 0.7 0 21.1 11.5 41.4 4.2 2.3 26.1 20 129 98 21.5 12.3
"82" "60" 2017-04-12 31.05 "TOR" "@" "CLE" "W" 15 1 17.15 0.611 0.563 0 12.2 6.2 38.9 0 0 27.3 40.6 99 100 7.2 -0.9
"1" "1" 2017-10-19 31.57 "TOR" "" "CHI" "W" 17 1 31.3333333333333 0.721 0.643 0 13.3 7 41.9 1.5 0 32.5 16.8 121 103 12.8 2.3
"2" "2" 2017-10-21 31.58 "TOR" "" "PHI" "W" 34 1 28.1 0.66 0.667 0 16.7 9.3 26.9 0 0 7.2 20 131 92 13.4 7
"3" "3" 2017-10-23 31.58 "TOR" "@" "SAS" "L" -4 1 34.9 0.364 0.364 0 5.9 3.1 13.8 0 0 8.3 15.8 77 111 2 -7
"4" "4" 2017-10-25 31.59 "TOR" "@" "GSW" "L" -5 1 38.2666666666667 0.362 0.306 0 16.2 6.4 30.7 1.3 4.9 9.4 22.6 96 121 9.7 -3
"5" "5" 2017-10-27 31.59 "TOR" "@" "LAL" "W" 9 1 36.3166666666667 0.393 0.393 0 33 14.9 45.7 2.6 0 6.7 17.4 100 89 14.8 7.3
"6" "6" 2017-10-30 31.6 "TOR" "@" "POR" "W" 14 1 34.4833333333333 0.603 0.536 3.5 27.8 16.4 27.3 0 0 16 25.2 115 97 15.8 5.3
"7" "7" 2017-11-01 31.61 "TOR" "@" "DEN" "L" -18 1 24.6666666666667 0.45 0.45 9.1 15.4 12 22.7 2 0 9.1 19.6 108 129 7.9 -1.8
"8" "8" 2017-11-03 31.61 "TOR" "@" "UTA" "W" 9 1 35.2833333333333 0.682 0.682 0 12.4 7.6 45.6 1.5 0 26.7 20.5 121 112 14.1 6.3
"9" "9" 2017-11-05 31.62 "TOR" "" "WAS" "L" -11 1 11.8 0.188 0 0 10.7 5 11 0 0 15.8 24.5 43 118 -2 -21.1
"10" "10" 2017-11-07 31.62 "TOR" "" "CHI" "W" 5 1 32.9333333333333 0.612 0.577 8.1 15.3 11.8 25.9 0 0 12.6 21.7 128 121 14.7 1.3
"11" "11" 2017-11-09 31.63 "TOR" "" "NOP" "W" 4 1 34.1666666666667 0.692 0.692 0 20.1 9.8 28 0 0 13.3 17.5 131 119 15.6 4.2
"12" "12" 2017-11-12 31.64 "TOR" "@" "BOS" "L" -1 1 30.5666666666667 0.779 0.7 0 3.5 1.9 45.5 1.8 0 19.7 24.8 135 113 15.6 9.7
"13" "13" 2017-11-14 31.64 "TOR" "@" "HOU" "W" 16 1 37.1 0.579 0.417 0 14.4 7.7 36.1 1.3 0 10.9 21.9 127 115 17.7 2.8
"14" "14" 2017-11-15 31.64 "TOR" "@" "NOP" "W" 9 1 35.7833333333333 0.751 0.667 9.6 29.4 21.4 32.7 0 0 25.5 24.9 134 120 20.6 4.4
"15" "15" 2017-11-17 31.65 "TOR" "" "NYK" "W" 23 1 31.9666666666667 0.884 0.875 0 23.6 14.5 46.9 0 0 13.9 22.9 154 94 23.4 17.5
"16" "16" 2017-11-19 31.65 "TOR" "" "WAS" "W" 9 1 33.25 0.46 0.45 0 16 7.9 25.3 3.1 0 15.5 18 97 97 8.7 -0.9
"17" "17" 2017-11-22 31.66 "TOR" "@" "NYK" "L" -8 1 35.7666666666667 0.675 0.6 5.8 25 15.1 24.3 2.8 1.9 21.3 28.7 117 107 20.7 9.4
"18" "18" 2017-11-24 31.67 "TOR" "@" "IND" "L" -3 1 39.7833333333333 0.796 0.708 3.2 24.1 14.5 29.5 3.7 0 16.6 20.2 146 105 26.2 14.1
"19" "19" 2017-11-25 31.67 "TOR" "@" "ATL" "W" 34 1 27.3833333333333 0.697 0.667 4.9 50.1 29.2 27 1.9 0 27.1 24.9 117 77 15 9
"20" "20" 2017-11-29 31.68 "TOR" "" "CHO" "W" 13 1 36.7 0.911 0.889 3.3 14.9 8.7 21.6 1.3 0 13.2 26.6 163 118 30.7 19
"21" "21" 2017-12-01 31.69 "TOR" "" "IND" "W" 5 1 35.1166666666667 0.5 0.5 3.2 16.4 10.3 25.7 0 0 21.4 16.2 104 116 9.2 -2.5
"22" "22" 2017-12-05 31.7 "TOR" "" "PHO" "W" 13 1 35.15 0.776 0.792 3.2 20.1 10.6 39.6 2.5 0 23.7 19.5 129 107 20.4 9.2
"23" "23" 2017-12-08 31.71 "TOR" "@" "MEM" "W" 9 1 36.7833333333333 0.538 0.5 0 21.2 11 34.3 2.9 0 6.3 20 130 113 16.6 6.8
"24" "24" 2017-12-10 31.71 "TOR" "@" "SAC" "W" 15 1 34.7333333333333 0.382 0.324 5.9 35.4 19.3 24.8 1.5 0 9.2 27.6 93 91 11.1 0.8
"25" "25" 2017-12-11 31.72 "TOR" "@" "LAC" "L" -5 1 35.2333333333333 0.424 0.308 0 7.6 4.1 25.7 1.4 0 23.2 28.1 74 103 5.7 -6.5
"26" "26" 2017-12-13 31.72 "TOR" "@" "PHO" "W" 6 1 34.1833333333333 0.436 0.333 0 6 3.3 27.5 1.4 0 0 17.3 114 115 10.5 0.7
"27" "27" 2017-12-15 31.73 "TOR" "" "BRK" "W" 33 1 30.9833333333333 0.556 0.556 11.1 27.1 18.9 38.9 6.4 0 10 14.2 144 80 20.5 17
"28" "28" 2017-12-17 31.73 "TOR" "" "SAC" "W" 15 1 32.5 0.673 0.636 0 18.5 9.5 36.1 3.2 0 14.4 18.8 136 101 16.3 9.7
"29" "29" 2017-12-20 31.74 "TOR" "@" "CHO" "W" 18 1 24.35 0.786 0.786 0 14.4 7.2 38.4 0 0 30 17.5 127 114 9.6 2.5
"30" "30" 2017-12-21 31.74 "TOR" "@" "PHI" "W" 5 1 36.0333333333333 0.621 0.5 11.6 17.1 14.1 19.7 4 0 27.4 28 109 108 17.6 4.1
"31" "31" 2017-12-23 31.75 "TOR" "" "PHI" "W" 16 1 29.6 0.652 0.5 0 11.3 5.8 26.9 4.7 0 30.3 18.9 103 83 10.1 3.2
"32" "32" 2017-12-26 31.76 "TOR" "@" "DAL" "L" -5 1 34.35 0.56 0.471 0 21.1 10.3 38.8 1.5 0 4.6 26.6 125 103 18.5 10.9
"33" "33" 2017-12-27 31.76 "TOR" "@" "OKC" "L" -17 1 30.1166666666667 0.533 0.4 7.2 7.6 7.4 51.1 4.9 0 19.7 22.5 114 123 15 7.6
"34" "34" 2017-12-29 31.76 "TOR" "" "ATL" "W" 13 1 30.2666666666667 0.4 0.4 3 13.8 8 20.8 0 0 6.3 21.2 104 108 7.5 -4.1
"35" "35" 2018-01-01 31.77 "TOR" "" "MIL" "W" 4 1 41.0666666666667 0.747 0.731 3.3 14.7 9.3 21.5 1.2 2 14.7 22.4 135 120 21.6 5.5
"36" "36" 2018-01-03 31.78 "TOR" "@" "CHI" "W" 9 1 31.85 0.508 0.429 7.4 8.9 8.2 16.1 2.9 0 24.1 28.1 92 112 9.5 -5.8
"37" "37" 2018-01-05 31.78 "TOR" "@" "MIL" "W" 19 1 26.9333333333333 0.689 0.7 5.1 24.8 15.1 18.2 3.8 0 8.4 19.4 145 114 14.8 9.3
"38" "38" 2018-01-08 31.79 "TOR" "@" "BRK" "W" 1 1 37.7833333333333 0.623 0.607 0 13 6.6 46.5 1.2 0 21.7 20.5 113 103 16.4 6.2
"39" "" 2018-01-09 31.79 "TOR" "" "MIA" "L" -1 NA NA NA NA NA NA NA NA NA NA NA NA NA NA NA NA
"40" "" 2018-01-11 31.8 "TOR" "" "CLE" "W" 34 NA NA NA NA NA NA NA NA NA NA NA NA NA NA NA NA
"41" "" 2018-01-13 31.81 "TOR" "" "GSW" "L" -2 NA NA NA NA NA NA NA NA NA NA NA NA NA NA NA NA
"42" "39" 2018-01-15 31.81 "TOR" "@" "PHI" "L" -6 1 37.45 0.349 0.219 2.6 18.3 9.8 15 3.6 0 17.7 23.6 73 104 6.1 -4.3
"43" "40" 2018-01-17 31.82 "TOR" "" "DET" "W" 5 1 32.3833333333333 0.556 0.5 10.3 18.5 14.7 27.9 1.6 0 15.6 25.8 111 96 14.4 6.5
"44" "41" 2018-01-19 31.82 "TOR" "" "SAS" "W" 3 1 34.65 0.659 0.625 0 7.2 3.9 18.1 1.5 2 9.9 26.9 122 93 17.1 13.4
"45" "42" 2018-01-20 31.82 "TOR" "@" "MIN" "L" -6 1 33.7666666666667 0.712 0.68 3.8 13.5 9 37.2 0 0 0 37.9 149 128 31.1 17.2
"46" "43" 2018-01-24 31.84 "TOR" "@" "ATL" "W" 15 1 27.9 0.431 0.45 3.7 13.2 8.7 20.3 1.7 2.4 27.7 21.2 77 93 4.8 -3.9
"47" "44" 2018-01-26 31.84 "TOR" "" "UTA" "L" -4 1 35.05 0.168 0.143 0 3 1.4 28 1.4 2.1 25.2 24 46 109 -3.7 -15.7
"48" "45" 2018-01-28 31.85 "TOR" "" "LAL" "W" 12 1 26.7666666666667 0.526 0.458 4.2 33.2 20.3 14.5 1.7 0 13.1 23.5 109 100 11.6 0.6
"49" "46" 2018-01-30 31.85 "TOR" "" "MIN" "W" 5 1 33.95 0.615 0.5 0 10.6 5.4 38.2 0 0 7.6 18.6 138 119 15.4 5.5
"50" "47" 2018-02-01 31.86 "TOR" "@" "WAS" "L" -3 1 35.4 0.657 0.632 10.2 7.5 8.9 22.3 4.1 2.5 8.3 29.3 134 118 25.2 12.5
"51" "48" 2018-02-02 31.86 "TOR" "" "POR" "W" 25 1 25.8 0.508 0.462 11.4 6.4 9.5 25.3 2 0 0 24 140 115 13.6 7.2
"52" "49" 2018-02-04 31.87 "TOR" "" "MEM" "W" 15 1 26.1666666666667 0.463 0.409 4.4 7.8 6.2 10.9 3.9 0 25.2 27.3 78 94 4.8 -6.3
"53" "50" 2018-02-06 31.87 "TOR" "" "BOS" "W" 20 1 25.1666666666667 0.715 0.692 11.2 26 19.6 26.7 4 0 5.9 31.8 140 89 22.1 20.6
"54" "51" 2018-02-08 31.88 "TOR" "" "NYK" "W" 25 1 25 0.322 0.3 0 8 4 14.7 3.9 0 8.4 20.9 74 89 3.3 -6.8
"55" "52" 2018-02-11 31.88 "TOR" "@" "CHO" "W" 20 1 27.3 0.667 0.667 4.8 7.8 6.4 29.3 0 0 0 15.3 155 114 13.1 6
"56" "53" 2018-02-13 31.89 "TOR" "" "MIA" "W" 3 1 32.6666666666667 0.6 0.588 6.1 6.8 6.5 38.9 3 0 5.2 26.3 129 112 20.3 11.3
"57" "54" 2018-02-14 31.89 "TOR" "@" "CHI" "W" 24 1 26.6833333333333 0.791 0.7 4.2 22 13.7 46.1 1.8 0 0 21.5 172 99 24.7 19.9
"58" "55" 2018-02-23 31.92 "TOR" "" "MIL" "L" -3 1 37.95 0.581 0.458 0 3.1 1.6 26.1 2.6 0 0 18 132 118 15 3.7
"59" "56" 2018-02-26 31.93 "TOR" "" "DET" "W" 29 1 24.5333333333333 0.919 0.9 5.6 18.1 13.2 25.9 0 0 15.5 23.3 148 99 17.6 13.3
"60" "57" 2018-02-28 31.93 "TOR" "@" "ORL" "W" 13 1 33.3666666666667 0.644 0.727 0 23.4 12 43.5 0 2.8 13.2 20.7 127 111 17.4 6.6
"61" "58" 2018-03-02 31.94 "TOR" "@" "WAS" "W" 7 1 32.85 0.46 0.45 0 24.9 12.6 24.2 1.7 0 8.4 17.5 103 105 8.6 -1.7
"62" "59" 2018-03-04 31.94 "TOR" "" "CHO" "W" 5 1 34.6666666666667 0.504 0.462 9 19.4 14.4 24.7 0 0 17.8 21.3 102 103 10 -0.4
"63" "60" 2018-03-06 31.95 "TOR" "" "ATL" "W" 16 1 22.7166666666667 0.333 0.333 8.6 0 4.7 49.7 2.3 0 0 11.1 127 103 6.3 0
"64" "61" 2018-03-07 31.95 "TOR" "@" "DET" "W" 2 1 41.35 0.735 0.688 2.4 17.1 9.2 48.2 4.9 0 8.9 12 161 107 25.4 13.7
"65" "62" 2018-03-09 31.96 "TOR" "" "HOU" "W" 3 1 33.15 0.952 0.964 0 11.7 5.6 32.8 1.5 0 16 25.3 160 113 26.1 21.1
"66" "63" 2018-03-11 31.96 "TOR" "@" "NYK" "W" 26 1 27.9833333333333 0.694 0.5 0 14.9 7.7 28.7 3.5 0 8 18.7 158 103 17.9 10.2
"67" "64" 2018-03-13 31.97 "TOR" "@" "BRK" "W" 14 1 32.5 0.396 0.346 3.5 6 4.9 42.6 1.6 0 0 18.4 126 113 12.7 3.3
"68" "65" 2018-03-15 31.97 "TOR" "@" "IND" "W" 7 1 32.4 0.553 0.45 10.8 5.9 8.1 29.1 0 2.1 25.4 21 116 111 9.2 1
"69" "" 2018-03-16 31.98 "TOR" "" "DAL" "W" 7 NA NA NA NA NA NA NA NA NA NA NA NA NA NA NA NA
"70" "66" 2018-03-18 31.98 "TOR" "" "OKC" "L" -7 1 27.1333333333333 0.972 0.95 5.4 14.3 10.1 52.6 0 2.6 26.1 24.6 154 130 20.7 15.1
"71" "67" 2018-03-20 31.99 "TOR" "@" "ORL" "W" 7 1 36.5333333333333 0.735 0.735 0 13.4 7.3 45.4 0 0 19 27.2 124 99 19.8 11
"72" "68" 2018-03-21 31.99 "TOR" "@" "CLE" "L" -3 1 32.6333333333333 1.02 1 0 21.8 8.9 28.1 0 0 0 16.6 207 146 24.3 14.2
"73" "69" 2018-03-23 31.99 "TOR" "" "BRK" "W" 4 1 37.1833333333333 0.916 0.864 0 30 15.6 48.5 0 0 6.8 17.4 181 114 28.9 16.3
"74" "70" 2018-03-25 32 "TOR" "" "LAC" "L" -11 1 37.6333333333333 0.55 0.55 5.7 10.9 8.3 28.4 1.3 0 28.6 15.9 107 120 9.6 -0.8
"75" "71" 2018-03-27 32.01 "TOR" "" "DEN" "W" 4 1 33.3333333333333 0.55 0.55 0 18.9 9.4 27.9 0 9.8 16.7 16.5 114 118 13.5 5.2
"76" "72" 2018-03-31 32.02 "TOR" "@" "BOS" "L" -11 1 33.9166666666667 0.396 0.385 0 9.4 4.9 40.6 0 0 12.6 21.5 94 120 7.5 -1.5
"77" "73" 2018-04-03 32.02 "TOR" "@" "CLE" "L" -6 1 28.7 0.227 0.227 0 21.4 9.5 13 1.7 0 21.4 21.1 48 113 -1.9 -15.2
"78" "74" 2018-04-04 32.03 "TOR" "" "BOS" "W" 18 1 32.4166666666667 0.547 0.545 3.2 13.5 8.1 22.7 1.6 2.8 20.2 20.9 101 87 9.8 3.3
"79" "75" 2018-04-06 32.03 "TOR" "" "IND" "W" 19 1 28.3166666666667 0.409 0.409 0 15.4 8.8 49.3 1.8 5.1 35.3 26.2 73 76 6.3 3
"80" "76" 2018-04-08 32.04 "TOR" "" "ORL" "W" 11 1 30.8333333333333 0.468 0.35 0 3.3 1.7 31.7 3.1 0 20.3 21.8 99 102 7.8 -5.1
"81" "77" 2018-04-09 32.04 "TOR" "@" "DET" "W" 10 1 26.0833333333333 0.688 0.688 0 25.1 13.6 42.9 0 3.8 20 18.8 134 111 12.6 9.1
"82" "78" 2018-04-11 32.05 "TOR" "@" "MIA" "L" -7 1 37.65 0.643 0.625 3.1 22.2 13.7 45.4 0 0 4.4 28 135 113 25.9 14.8
"1" "1" 2018-10-17 32.56 "TOR" "" "CLE" "W" 12 1 35.5833333333333 1.014 1.042 0 2.8 1.5 34.2 1.3 2 18.4 20 166 108 26.4 17.4
"2" "2" 2018-10-19 32.57 "TOR" "" "BOS" "W" 12 1 34.3166666666667 0.768 0.813 0 15.8 8.6 23.3 0 0 0 12.1 168 105 15.4 7.4
"3" "3" 2018-10-20 32.57 "TOR" "@" "WAS" "W" 4 1 34.7666666666667 0.615 0.571 3.3 5.9 4.7 65.8 1.4 2.8 14.9 30.6 128 113 24.3 13.4
"4" "4" 2018-10-22 32.58 "TOR" "" "CHO" "W" 21 1 31.8166666666667 0.775 0.722 0 5.5 3.5 49.7 3 2.2 8.8 16.1 168 107 23 14.2
"5" "5" 2018-10-24 32.58 "TOR" "" "MIN" "W" 7 1 34.9333333333333 0.604 0.5 0 16.8 9.4 33.9 5.6 0 35.8 20.9 102 99 13.5 1.7
"6" "6" 2018-10-26 32.59 "TOR" "" "DAL" "W" 9 1 35.7833333333333 0.672 0.679 0 11.2 5.7 48.4 0 2.2 0 17.9 159 111 22.5 11.5
"7" "7" 2018-10-29 32.6 "TOR" "@" "MIL" "L" -15 1 34.15 0.278 0.214 4.4 12.8 7.8 60.6 2.6 3 19.8 22.7 80 114 10.2 -2.5
"8" "8" 2018-10-30 32.6 "TOR" "" "PHI" "W" 17 1 37.45 0.635 0.607 0 7.5 4.3 40.4 1.2 0 24.1 22.3 115 111 16.7 1.7
"9" "9" 2018-11-02 32.61 "TOR" "@" "PHO" "W" 9 1 31.8833333333333 0.557 0.5 7 13.4 10.3 51.6 3.1 0 23.3 18.8 122 101 15.1 3.6
"10" "10" 2018-11-04 32.61 "TOR" "@" "LAL" "W" 14 1 33.3666666666667 0.528 0.5 3.2 17.1 9.9 57.6 2.8 2.4 4.8 25.9 133 101 24.9 14.3
"11" "11" 2018-11-05 32.62 "TOR" "@" "UTA" "W" 13 1 28.95 0.79 0.722 9.5 17.3 14 44.8 3.3 0 27.1 23.1 143 108 20.1 13.1
"12" "12" 2018-11-07 32.62 "TOR" "@" "SAC" "W" 9 1 35.2666666666667 0.559 0.538 3.6 3 3.2 33.2 4 0 21.8 20.9 112 101 13.3 4.5
"13" "13" 2018-11-10 32.63 "TOR" "" "NYK" "W" 16 1 26.6 0.683 0.583 0 7.2 3.9 39.5 0 0 0 11.8 174 118 12.8 4
"14" "14" 2018-11-12 32.64 "TOR" "" "NOP" "L" -16 1 33.1333333333333 0.202 0.111 0 6.6 3 42.4 0 0 16.8 14.8 80 131 4 -9.7
"15" "15" 2018-11-14 32.64 "TOR" "" "DET" "L" -2 1 38.4333333333333 0.643 0.65 2.8 17 9.9 23.3 0 0 31.5 16.6 100 106 11 -1.2
"16" "16" 2018-11-16 32.65 "TOR" "@" "BOS" "L" -7 1 42.5833333333333 0.451 0.292 0 6.1 2.8 22.8 2.3 0 20.5 19.8 90 117 8.7 -4.2
"17" "17" 2018-11-17 32.65 "TOR" "@" "CHI" "W" 39 1 29.3 0.364 0.364 0 21.6 13 30.4 4.6 0 15.4 18.1 96 75 9.4 -0.8
"18" "18" 2018-11-20 32.66 "TOR" "@" "ORL" "W" 2 1 32.4166666666667 0.5 0.5 0 12.3 6.4 30 1.5 0 25 16.7 91 97 6.8 -0.2
"19" "19" 2018-11-21 32.66 "TOR" "@" "ATL" "W" 16 1 31.8833333333333 0.763 0.708 7.7 30.1 20.3 68.3 0 0 12.7 20.3 166 108 29.3 19.8
"20" "20" 2018-11-23 32.67 "TOR" "" "WAS" "W" 18 1 30.2333333333333 0.644 0.556 3.7 6.2 5.1 36 3.1 0 20.5 20 131 106 15.3 5.6
"21" "21" 2018-11-25 32.67 "TOR" "" "MIA" "W" 10 1 34.65 0.5 0.5 0 5.2 3 34.6 0 0 7.7 16.4 126 127 10.6 -1.8
"22" "22" 2018-11-27 32.68 "TOR" "@" "MEM" "W" 8 1 37.05 0.761 0.75 0 6.8 3.9 24.6 0 0 16 25.2 135 129 18.4 1.6
"23" "23" 2018-11-29 32.68 "TOR" "" "GSW" "W" 3 1 40.7833333333333 0.357 0.357 0 22.1 12.5 37.3 3.7 0 6.7 17 108 114 14.2 2.4
"24" "" 2018-12-01 32.69 "TOR" "@" "CLE" "W" 11 NA NA NA NA NA NA NA NA NA NA NA NA NA NA NA NA
"25" "24" 2018-12-03 32.69 "TOR" "" "DEN" "L" -3 1 33.8 0.317 0.214 3.5 5.8 4.7 40.5 1.4 7 27.6 14.1 93 106 8.4 1.1
"26" "25" 2018-12-05 32.7 "TOR" "" "PHI" "W" 11 1 32.7333333333333 0.394 0.313 0 12.5 5.8 14.6 4.3 2.8 31.1 15.7 70 96 5.9 -3.7
"27" "26" 2018-12-07 32.7 "TOR" "@" "BRK" "L" -1 1 35.8 0.188 0.188 0 8.7 4.4 48.6 1.4 2.3 38.5 16.5 59 102 1.1 -8.6
"28" "27" 2018-12-09 32.71 "TOR" "" "MIL" "L" -5 1 33.5166666666667 0 0 0 16.7 8 25.7 0 3 37.5 10.6 48 115 -0.6 -13.1
"29" "28" 2018-12-11 32.72 "TOR" "@" "LAC" "W" 24 1 32.35 0.781 0.769 0 16.5 8.5 27.2 1.6 2.4 13 21.2 141 103 20 9.3
"30" "29" 2018-12-12 32.72 "TOR" "@" "GSW" "W" 20 1 38.0666666666667 0.582 0.556 0 14.7 7.2 46.3 3.8 0 9.2 24.9 125 92 24.1 11.1
"31" "" 2018-12-14 32.72 "TOR" "@" "POR" "L" -6 NA NA NA NA NA NA NA NA NA NA NA NA NA NA NA NA
"32" "" 2018-12-16 32.73 "TOR" "@" "DEN" "L" -9 NA NA NA NA NA NA NA NA NA NA NA NA NA NA NA NA
"33" "" 2018-12-19 32.74 "TOR" "" "IND" "W" 3 NA NA NA NA NA NA NA NA NA NA NA NA NA NA NA NA
"34" "" 2018-12-21 32.74 "TOR" "" "CLE" "W" 16 NA NA NA NA NA NA NA NA NA NA NA NA NA NA NA NA
"35" "30" 2018-12-22 32.75 "TOR" "@" "PHI" "L" -25 1 30.95 0.536 0.438 0 25.1 9.9 28 1.4 2.5 9.7 27 106 115 15.4 5.6
"36" "" 2018-12-26 32.76 "TOR" "@" "MIA" "W" 2 NA NA NA NA NA NA NA NA NA NA NA NA NA NA NA NA
"37" "" 2018-12-28 32.76 "TOR" "@" "ORL" "L" -29 NA NA NA NA NA NA NA NA NA NA NA NA NA NA NA NA
"38" "" 2018-12-30 32.77 "TOR" "" "CHI" "W" 6 NA NA NA NA NA NA NA NA NA NA NA NA NA NA NA NA
"39" "" 2019-01-01 32.77 "TOR" "" "UTA" "W" 6 NA NA NA NA NA NA NA NA NA NA NA NA NA NA NA NA
"40" "" 2019-01-03 32.78 "TOR" "@" "SAS" "L" -18 NA NA NA NA NA NA NA NA NA NA NA NA NA NA NA NA
"41" "" 2019-01-05 32.78 "TOR" "@" "MIL" "W" 7 NA NA NA NA NA NA NA NA NA NA NA NA NA NA NA NA
"42" "31" 2019-01-06 32.79 "TOR" "" "IND" "W" 16 1 31.5833333333333 0.551 0.5 0 10.1 5.4 32.1 4.6 2 26.9 21 104 100 11.6 2.1
"43" "32" 2019-01-08 32.79 "TOR" "" "ATL" "W" 3 1 32.3833333333333 0.581 0.542 0 6.4 3.3 30.1 5.7 2.5 17.9 22.6 104 95 14.9 5.4
"44" "33" 2019-01-11 32.8 "TOR" "" "BRK" "W" 17 1 22.9333333333333 0.515 0.5 0 8.2 3.8 36.5 1.9 0 0 6.5 152 99 7.5 0.9
"45" "34" 2019-01-13 32.81 "TOR" "@" "WAS" "W" 2 1 49.7 0.368 0.333 2.3 7.9 5.3 29 1.9 0 23.5 17.7 89 118 7.7 -7.3
"46" "35" 2019-01-16 32.81 "TOR" "@" "BOS" "L" -9 1 33.5333333333333 0.442 0.35 2.9 17 9.4 27.3 1.5 2.3 8.1 15.9 113 122 11.2 1.1
"47" "36" 2019-01-17 32.82 "TOR" "" "PHO" "W" 2 1 39.7 0.422 0.333 3 21.5 12.8 25.3 2.5 0 17.4 25 90 107 11 -4.8
"48" "37" 2019-01-19 32.82 "TOR" "" "MEM" "W" 29 1 29.0333333333333 0.588 0.438 4.1 12.7 8.4 29.6 3.4 3.2 8.9 17.3 138 95 15.4 3.9
"49" "38" 2019-01-22 32.83 "TOR" "" "SAC" "W" 15 1 34.1333333333333 0.582 0.533 3.1 9.6 6.3 40.1 0 2 19.7 23.3 115 106 14.3 3.2
"50" "39" 2019-01-23 32.83 "TOR" "@" "IND" "L" -4 1 36.5666666666667 0.639 0.577 5.7 8.4 7.1 30.5 0 2 24.2 24.4 109 119 13.4 0.3
"51" "40" 2019-01-25 32.84 "TOR" "@" "HOU" "L" -2 1 38.0166666666667 0.418 0.278 0 10.7 5.8 33.5 1.2 0 27.1 15.8 101 119 8.6 -2.7
"52" "41" 2019-01-27 32.84 "TOR" "@" "DAL" "W" 3 1 37.25 0.603 0.536 5.9 9 7.4 38 1.3 5 6 20.2 139 117 19.6 7.5
"53" "42" 2019-01-31 32.85 "TOR" "" "MIL" "L" -13 1 34.3333333333333 0.437 0.409 2.7 11 6.3 13.4 0 0 30.4 20 69 112 1.4 -9
"54" "" 2019-02-03 32.86 "TOR" "" "LAC" "W" 18 NA NA NA NA NA NA NA NA NA NA NA NA NA NA NA NA
"55" "43" 2019-02-05 32.87 "TOR" "@" "PHI" "W" 12 1 35.1166666666667 0.592 0.594 0 4.3 1.8 26.1 2.8 0 15.1 24 113 112 13.1 3.1
"56" "44" 2019-02-07 32.87 "TOR" "@" "ATL" "W" 18 1 36.2 0.416 0.346 8.6 14.4 11.5 47.9 0 2.9 11.3 21.4 116 106 14.5 2.1
"57" "45" 2019-02-09 32.88 "TOR" "@" "NYK" "W" 5 1 33.9166666666667 0.87 0.85 8.2 2.7 5.4 28.9 2.9 4.1 13.7 18.7 151 100 22.7 15.5
"58" "46" 2019-02-11 32.88 "TOR" "" "BRK" "W" 2 1 34 0.722 0.722 0 21.2 11.9 23 0 0 0 11.2 156 126 13.8 0.1
"59" "47" 2019-02-13 32.89 "TOR" "" "WAS" "W" 9 1 34.3 0.543 0.5 0 11.9 5.9 47.4 3.8 0 23.7 19.8 111 106 14.5 1.3
"60" "48" 2019-02-22 32.92 "TOR" "" "SAS" "W" 3 1 35.2666666666667 0.723 0.65 0 9.7 4.3 20.5 2.7 2.6 20.3 17.2 124 114 15.7 4.4
"61" "49" 2019-02-24 32.92 "TOR" "" "ORL" "L" -15 1 35.7333333333333 0.625 0.538 0 11.2 5.7 44.9 5.4 0 24.8 24.6 106 105 17.9 6.2
"62" "50" 2019-02-26 32.93 "TOR" "" "BOS" "W" 23 1 35.3333333333333 0.451 0.417 6 11.6 8.9 34.5 1.4 0 27.9 13.5 114 99 9.9 -1.2
"63" "51" 2019-03-01 32.93 "TOR" "" "POR" "W" 2 1 40.35 0.684 0.654 0 21.4 11.3 32.4 1.2 4.6 17.8 19.3 124 116 19.6 4.3
"64" "52" 2019-03-03 32.94 "TOR" "@" "DET" "L" -5 1 42.0666666666667 0.626 0.583 2.2 18.9 9.2 27.2 1.2 0 9.7 32.1 125 112 24.6 10.7
"65" "53" 2019-03-05 32.95 "TOR" "" "HOU" "L" -12 1 41.5333333333333 0.25 0.25 4.6 11.6 7.7 21.4 0 0 23.8 22.3 62 122 -1 -13.2
"66" "54" 2019-03-08 32.95 "TOR" "@" "NOP" "W" 23 1 34.45 0.505 0.458 3.2 24 15 35.3 2.5 0 7.2 16.3 127 92 19.3 5.4
"67" "55" 2019-03-10 32.96 "TOR" "@" "MIA" "W" 21 1 35.45 0.783 0.786 4.1 17.3 11.8 43.4 0 0 28.1 27.6 125 109 19.7 2.5
"68" "56" 2019-03-11 32.96 "TOR" "@" "CLE" "L" -25 1 29.5666666666667 0.875 0.875 0 16.9 8.6 30.6 1.6 3.1 27.3 16 131 120 13.2 5
"69" "" 2019-03-14 32.97 "TOR" "" "LAL" "W" 13 NA NA NA NA NA NA NA NA NA NA NA NA NA NA NA NA
"70" "" 2019-03-17 32.98 "TOR" "@" "DET" "L" -3 NA NA NA NA NA NA NA NA NA NA NA NA NA NA NA NA
"71" "57" 2019-03-18 32.98 "TOR" "" "NYK" "W" 36 1 26.35 0.603 0.625 0 21 12.7 36.5 0 0 13.9 23.6 119 92 13.6 4.8
"72" "" 2019-03-20 32.99 "TOR" "@" "OKC" "W" 9 NA NA NA NA NA NA NA NA NA NA NA NA NA NA NA NA
"73" "" 2019-03-22 32.99 "TOR" "" "OKC" "L" -7 NA NA NA NA NA NA NA NA NA NA NA NA NA NA NA NA
"74" "58" 2019-03-24 33 "TOR" "" "CHO" "L" -1 1 28.3 0.7 0.7 0 7.4 4.6 25.5 1.9 3.3 37.5 14.2 108 130 7.8 -2.9
"75" "59" 2019-03-26 33 "TOR" "" "CHI" "W" 9 1 21.1166666666667 0.778 0.778 0 10.3 5.4 44.5 2.2 0 35.7 29.5 101 103 10.5 3.1
"76" "60" 2019-03-28 33.01 "TOR" "@" "NYK" "W" 25 1 25.1333333333333 0.35 0.35 0 14.7 7.8 11.1 3.9 0 16.7 21.5 64 90 2.6 -11.1
"77" "61" 2019-03-30 33.01 "TOR" "@" "CHI" "W" 23 1 28.4166666666667 0.396 0.25 4 17.5 11.8 31.7 6.8 0 19.2 24.5 97 90 11.3 -2.8
"78" "62" 2019-04-01 33.02 "TOR" "" "ORL" "W" 12 1 26.9166666666667 0.773 0.75 4.3 20.3 12.6 34.1 5.4 3 0 12.9 176 100 18.2 15.3
"79" "63" 2019-04-03 33.02 "TOR" "@" "BRK" "W" 10 1 33.4333333333333 0.421 0.364 4.7 9.8 6.8 14.5 0 0 0 14.4 114 112 8.2 -4.4
"80" "64" 2019-04-05 33.03 "TOR" "@" "CHO" "L" -2 1 36.2666666666667 0.576 0.538 0 14.4 8 41.5 0 0 17.8 21.7 115 120 13.9 -0.3
"81" "65" 2019-04-07 33.04 "TOR" "" "MIA" "W" 8 1 42.45 0.256 0.125 0 20.4 11 16.5 3.6 0 17 13.4 67 99 5.8 -6.7
"82" "" 2019-04-09 33.04 "TOR" "@" "MIN" "W" 20 NA NA NA NA NA NA NA NA NA NA NA NA NA NA NA NA
"1" "1" 2019-10-22 33.58 "TOR" "" "NOP" "W" 8 1 44.9833333333333 0.531 0.367 2.2 8.3 5.4 19 2.1 0 16.2 21.5 109 110 14.8 0.5
"2" "2" 2019-10-25 33.59 "TOR" "@" "BOS" "L" -6 1 39.7 0.786 0.778 0 7.8 4.7 35.7 1.2 1.7 17.8 25 131 113 22.6 11.5
"3" "3" 2019-10-26 33.59 "TOR" "@" "CHI" "W" 24 1 34.4166666666667 0.5 0.5 0 16 9.4 34.4 1.3 2.2 15.4 16.2 110 83 11.5 3.3
"4" "4" 2019-10-28 33.59 "TOR" "" "ORL" "W" 9 1 38.1833333333333 0.58 0.472 2.8 9.3 6.3 31.2 0 0 8.2 26.9 117 98 19.1 6.4
"5" "5" 2019-10-30 33.6 "TOR" "" "DET" "W" 12 1 37.7833333333333 0.658 0.615 0 15.1 8.4 24.1 2.5 0 11.6 20.8 130 110 19.2 2.6
"6" "6" 2019-11-02 33.61 "TOR" "@" "MIL" "L" -10 1 38.0333333333333 0.82 0.75 0 11.2 5.4 37.6 0 2.5 21.5 32.7 126 120 27.1 12.7
"7" "7" 2019-11-06 33.62 "TOR" "" "SAC" "W" 4 1 39.9 0.716 0.7 0 5.1 3 21.6 2.4 0 26.4 26.1 106 121 15.1 -2.2
"8" "8" 2019-11-08 33.62 "TOR" "@" "NOP" "W" 18 1 16.2 0.6 0.6 0 10.4 5.6 42.2 2.7 0 16.7 14.7 128 96 7.4 8.5
"9" "" 2019-11-10 33.63 "TOR" "@" "LAL" "W" 9 NA NA NA NA NA NA NA NA NA NA NA NA NA NA NA NA
"10" "" 2019-11-11 33.63 "TOR" "@" "LAC" "L" -10 NA NA NA NA NA NA NA NA NA NA NA NA NA NA NA NA
"11" "" 2019-11-13 33.64 "TOR" "@" "POR" "W" 8 NA NA NA NA NA NA NA NA NA NA NA NA NA NA NA NA
"12" "" 2019-11-16 33.65 "TOR" "@" "DAL" "L" -8 NA NA NA NA NA NA NA NA NA NA NA NA NA NA NA NA
"13" "" 2019-11-18 33.65 "TOR" "" "CHO" "W" 36 NA NA NA NA NA NA NA NA NA NA NA NA NA NA NA NA
"14" "" 2019-11-20 33.66 "TOR" "" "ORL" "W" 16 NA NA NA NA NA NA NA NA NA NA NA NA NA NA NA NA
"15" "" 2019-11-23 33.67 "TOR" "@" "ATL" "W" 3 NA NA NA NA NA NA NA NA NA NA NA NA NA NA NA NA
"16" "" 2019-11-25 33.67 "TOR" "" "PHI" "W" 5 NA NA NA NA NA NA NA NA NA NA NA NA NA NA NA NA
"17" "" 2019-11-27 33.68 "TOR" "" "NYK" "W" 28 NA NA NA NA NA NA NA NA NA NA NA NA NA NA NA NA
"18" "" 2019-11-29 33.68 "TOR" "@" "ORL" "W" 7 NA NA NA NA NA NA NA NA NA NA NA NA NA NA NA NA
"19" "" 2019-12-01 33.69 "TOR" "" "UTA" "W" 20 NA NA NA NA NA NA NA NA NA NA NA NA NA NA NA NA
"20" "9" 2019-12-03 33.69 "TOR" "" "MIA" "L" -11 1 40.7666666666667 0.279 0.111 4.8 10.6 7.6 44.1 1.2 2.1 4.4 24.8 85 114 10 -3
"21" "10" 2019-12-05 33.7 "TOR" "" "HOU" "L" -10 1 41.8333333333333 0.893 0.813 2.5 8.7 5.8 28.5 1.1 0 27.3 14.5 139 123 18.7 2.6
"22" "11" 2019-12-08 33.71 "TOR" "@" "PHI" "L" -6 1 37.75 0.724 0.643 5.4 14.5 9.3 21.8 2.6 0 18.2 24.3 130 113 21.1 7.9
"23" "12" 2019-12-09 33.71 "TOR" "@" "CHI" "W" 1 1 38.5166666666667 0.32 0.233 0 17.8 8.8 28.8 0 2.9 10.4 20.5 80 98 6.2 -5.2
"24" "13" 2019-12-11 33.72 "TOR" "" "LAC" "L" -20 1 35.2 0.307 0.125 2.6 9.3 5.6 27.6 2.7 0 17 13.7 81 114 5.8 -4.9
"25" "14" 2019-12-14 33.72 "TOR" "" "BRK" "W" 8 1 38.9 0.511 0.429 0 9.1 4.5 23.3 3.4 0 10.7 19.2 105 94 14.4 1.4
"26" "15" 2019-12-16 33.73 "TOR" "" "CLE" "W" 20 1 36.6833333333333 0.605 0.577 0 11.9 6.5 32.6 0 0 5.7 22.2 138 122 18.4 0.6
"27" "16" 2019-12-18 33.73 "TOR" "@" "DET" "W" 13 1 39.4 0.487 0.382 7.3 19 12.8 37 2.5 2.3 12.8 25.2 112 98 19.8 5.6
"28" "17" 2019-12-20 33.74 "TOR" "" "WAS" "W" 4 1 40.7666666666667 0.69 0.607 0 10.7 5.8 35.6 1.1 0 21 24.5 121 115 19.7 2
"29" "18" 2019-12-22 33.75 "TOR" "" "DAL" "W" 3 1 41.55 0.646 0.63 0 18.1 8.9 49.9 0 0 3.9 25.3 138 111 26.7 10.3
"30" "19" 2019-12-23 33.75 "TOR" "@" "IND" "L" -5 1 43.7833333333333 0.635 0.595 0 14.2 7.6 35.3 1.2 0 17.5 28.8 115 119 22.2 5.2
"31" "20" 2019-12-25 33.75 "TOR" "" "BOS" "L" -16 1 37.3333333333333 0.474 0.423 3.3 9.6 6.5 31.3 2.6 2.2 25.3 23.8 90 120 11 -1.1
"32" "21" 2019-12-28 33.76 "TOR" "@" "BOS" "W" 16 1 38.65 0.764 0.735 0 11 5.9 27.5 2.5 0 23.4 28.1 127 100 22.2 9.7
"33" "22" 2019-12-29 33.76 "TOR" "" "OKC" "L" -1 1 38.6 0.639 0.538 0 8.9 4.4 22.6 1.3 2.8 27.7 26.3 100 105 11.4 -2.1
"34" "23" 2019-12-31 33.77 "TOR" "" "CLE" "W" 20 1 35.9 0.644 0.563 0 3.1 1.6 34.9 0 2.7 5.1 24.8 140 107 20.4 5.8
"35" "24" 2020-01-02 33.78 "TOR" "@" "MIA" "L" -8 1 40.1333333333333 0.402 0.313 2.2 8.2 4.9 41.2 0 2.7 5.1 22.1 97 99 10.3 3.1
"36" "25" 2020-01-04 33.78 "TOR" "@" "BRK" "W" 19 1 42.75 0.556 0.447 0 13.2 5.5 15.1 2.3 3.5 4.1 23.6 129 104 19.1 5.2
"37" "26" 2020-01-07 33.79 "TOR" "" "POR" "L" -2 1 38.05 0.46 0.391 2.3 8.1 4.9 48.2 0 2.4 7.1 30.2 112 110 16 5
"38" "27" 2020-01-08 33.79 "TOR" "@" "CHO" "W" 2 1 42.55 0.454 0.385 2.4 2.8 2.6 30.3 2.6 2.5 10.8 20.5 108 114 12.7 -1.9
"39" "28" 2020-01-12 33.8 "TOR" "" "SAS" "L" -1 1 38.8666666666667 0.504 0.467 0 8.1 3.9 56.4 2.5 0 11.2 19.7 118 105 17.7 7.3
"40" "29" 2020-01-15 33.81 "TOR" "@" "OKC" "W" 9 1 32.7666666666667 0.576 0.538 4.6 12.6 8.7 27.1 1.4 0 21.3 25.1 112 119 12.5 -4.7
"41" "30" 2020-01-17 33.82 "TOR" "" "WAS" "W" 29 1 21.65 0.583 0.556 6 9.4 7.9 41.1 4.1 0 9.6 19.8 142 101 12.6 5.1
"42" "31" 2020-01-18 33.82 "TOR" "@" "MIN" "W" 10 1 28.2666666666667 0.746 0.735 3.9 21.7 13.1 11.3 1.6 0 9.6 31.3 132 108 21.8 8.3
"43" "32" 2020-01-20 33.82 "TOR" "@" "ATL" "W" 5 1 29.15 0.392 0.273 3.1 11.8 6.9 34.9 1.5 3.3 19 20.8 90 108 7.1 -5.7
"44" "33" 2020-01-22 33.83 "TOR" "" "PHI" "W" 12 1 35.1833333333333 0.501 0.417 0 7.7 4.2 16.4 0 0 11.1 22.8 100 105 9.7 -4.4
"45" "34" 2020-01-24 33.84 "TOR" "@" "NYK" "W" 6 1 35.0833333333333 0.716 0.542 0 20.5 10.7 12 6 2.8 0 25.3 154 111 26.6 11.8
"46" "35" 2020-01-26 33.84 "TOR" "@" "SAS" "W" 4 1 36.9 0.522 0.464 0 12.1 5.3 15.7 1.3 0 11.5 19.8 103 112 10 -6
"47" "36" 2020-01-28 33.85 "TOR" "" "ATL" "W" 16 1 32.8333333333333 0.676 0.625 0 22.5 12.2 38.2 1.3 0 36 16.8 112 106 12.5 0.3
"48" "37" 2020-01-30 33.85 "TOR" "@" "CLE" "W" 6 1 36.9833333333333 0.617 0.563 5.6 9.1 7.3 21.2 3.9 0 13.9 25.7 119 110 18.8 3
"49" "38" 2020-01-31 33.85 "TOR" "@" "DET" "W" 13 1 31.3 0.339 0.278 0 6.4 3.5 22.5 1.6 0 16.2 18.2 82 103 3.7 -6.1
"50" "39" 2020-02-02 33.86 "TOR" "" "CHI" "W" 27 1 29.5166666666667 0.726 0.643 0 12.8 7.5 23.2 0 3.9 17.2 17.3 144 109 13.2 4.1
"51" "40" 2020-02-05 33.87 "TOR" "" "IND" "W" 1 1 37.5333333333333 0.69 0.643 9.4 16.8 13 46.2 2.6 0 11.5 31.4 137 120 30.5 11.8
"52" "41" 2020-02-07 33.87 "TOR" "@" "IND" "W" 9 1 28.0833333333333 0.699 0.682 3.9 0 2 59.2 1.7 0 14.9 20.6 144 111 17.3 11.3
"53" "" 2020-02-08 33.88 "TOR" "" "BRK" "W" 1 NA NA NA NA NA NA NA NA NA NA NA NA NA NA NA NA
"54" "42" 2020-02-10 33.88 "TOR" "" "MIN" "W" 11 1 40.1666666666667 0.724 0.688 3.2 17.1 10.6 32.7 1.1 5.2 30 27.2 118 117 22 2.3
"55" "43" 2020-02-12 33.89 "TOR" "@" "BRK" "L" -10 1 36.6666666666667 0.432 0.423 0 30 14.8 54.6 1.3 0 17.8 20.3 95 99 11.8 2.4
"56" "44" 2020-02-21 33.91 "TOR" "" "PHO" "W" 17 1 33.7833333333333 0.597 0.55 0 13.9 8.7 39.1 1.4 0 35.5 21.5 103 100 9.9 -0.9
"57" "45" 2020-02-23 33.92 "TOR" "" "IND" "W" 46 1 31.6833333333333 0.595 0.577 8.2 12.8 11 44 7.3 2.4 13 20 137 68 22.8 18.6
"58" "46" 2020-02-25 33.92 "TOR" "" "MIL" "L" -11 1 41.05 0.342 0.208 0 11.1 4.9 23.7 0 2.8 21.5 18.8 72 109 2.1 -7.3
"59" "47" 2020-02-28 33.93 "TOR" "" "CHO" "L" -3 1 38.2166666666667 0.571 0.464 4.1 12 7.3 28.2 2.7 5.2 9.8 22.7 119 103 18.6 8.4
"60" "48" 2020-03-01 33.94 "TOR" "@" "DEN" "L" -15 1 37.95 0.498 0.357 0 18.1 8.2 28.2 0 0 19 23.6 99 135 10.7 -6.8
"61" "49" 2020-03-03 33.94 "TOR" "@" "PHO" "W" 9 1 36.95 0.622 0.526 0 14.8 7.9 26.3 1.2 0 11.8 28.5 125 112 21.2 5.7
"62" "50" 2020-03-05 33.95 "TOR" "@" "GSW" "W" 8 1 33.45 0.707 0.571 0 14.3 7.9 45.7 2.7 0 14 28.3 133 107 24.5 9.3
"63" "51" 2020-03-08 33.96 "TOR" "@" "SAC" "W" 5 1 35.7333333333333 0.872 0.867 0 15.3 7.8 42 4.1 0 10.4 25.1 155 111 29.2 15.9
"64" "52" 2020-03-09 33.96 "TOR" "@" "UTA" "W" 9 1 42.6666666666667 0.52 0.5 0 12.5 6.5 28 3.7 0 12.9 24 110 98 15.6 3.8
"65" "53" 2020-08-01 34.35 "TOR" "" "LAL" "W" 15 1 35.0333333333333 0.73 0.656 3.5 34.3 21.1 34.2 1.4 0 15 33.3 131 87 28 16
"66" "54" 2020-08-03 34.36 "TOR" "@" "MIA" "W" 4 1 35.0666666666667 0.585 0.313 0 24.9 13.7 26.1 1.4 6.5 25.1 21 104 100 11.9 1.5
"67" "55" 2020-08-05 34.36 "TOR" "@" "ORL" "W" 10 1 37.55 0.388 0.333 3.4 20.9 13.2 36.1 1.3 2.8 27.9 17.2 89 95 8.3 -0.7
"68" "56" 2020-08-07 34.37 "TOR" "" "BOS" "L" -22 1 27.9666666666667 0.671 0.5 0 7.2 3.4 10.4 4.9 3.4 26.8 16.9 104 110 9.5 0.2
"69" "57" 2020-08-09 34.38 "TOR" "" "MEM" "W" 9 1 36.9833333333333 0.512 0.417 0 20.2 11.1 36 4.9 0 38.1 27.8 80 91 9.3 -4.6
"70" "" 2020-08-10 34.38 "TOR" "@" "MIL" "W" 8 NA NA NA NA NA NA NA NA NA NA NA NA NA NA NA NA
"71" "58" 2020-08-12 34.38 "TOR" "@" "PHI" "W" 4 1 24.9333333333333 0.635 0.591 0 4.3 2 20.3 3.7 0 0 24.1 138 114 15.3 4.5
"72" "" 2020-08-14 34.39 "TOR" "" "DEN" "W" 8 NA NA NA NA NA NA NA NA NA NA NA NA NA NA NA NA
"1" "1" 2020-12-23 34.75 "TOR" "" "NOP" "L" -14 1 38.5666666666667 0.6 0.6 2.8 0 1.6 42.5 1.2 0 28.6 22.9 99 115 11.8 -1.8
"2" "2" 2020-12-26 34.76 "TOR" "@" "SAS" "L" -5 1 35.4666666666667 0.504 0.467 0 0 0 37.7 2.6 0 11.2 21.3 112 118 12.9 -3.1
"3" "3" 2020-12-29 34.76 "TOR" "@" "PHI" "L" -7 1 37.2166666666667 0.633 0.5 4.7 16.8 10.2 47.8 1.2 0 17.4 25.7 122 101 20.8 6.8
"4" "4" 2020-12-31 34.77 "TOR" "" "NYK" "W" 17 1 36.8166666666667 0.683 0.667 2.7 14.8 9 19.9 2.6 0 21.5 22.5 112 83 15.3 3.9
"5" "5" 2021-01-02 34.78 "TOR" "@" "NOP" "L" -4 1 39.25 0.494 0.393 2.7 13.9 8.2 29.5 0 0 11 19.9 112 127 12.4 -3.5
"6" "6" 2021-01-04 34.78 "TOR" "" "BOS" "L" -12 1 32.8666666666667 0.545 0.423 0 17.8 7.9 25.4 2.8 0 5.7 21.9 116 120 14.9 -1.3
"7" "7" 2021-01-06 34.79 "TOR" "@" "PHO" "L" -8 1 38.4333333333333 0.735 0.7 5.8 21.9 13.5 27 1.3 0 19.7 24.2 131 132 20.2 2.4
"8" "" 2021-01-08 34.79 "TOR" "@" "SAC" "W" 21 NA NA NA NA NA NA NA NA NA NA NA NA NA NA NA NA
"9" "8" 2021-01-10 34.8 "TOR" "@" "GSW" "L" -1 1 33.5166666666667 0.498 0.464 2.8 24.4 13 27 1.4 0 5.5 22.4 114 106 13.7 1.6
"10" "9" 2021-01-11 34.8 "TOR" "@" "POR" "L" -1 1 35.5666666666667 0.469 0.382 0 27.6 14.3 8.1 0 0 17.2 28.7 82 116 7 -11.3
"11" "10" 2021-01-14 34.81 "TOR" "" "CHO" "W" 3 1 34.8666666666667 0.8 0.8 3.2 16.8 9.8 52 2.9 0 28.6 17.4 137 115 19.2 7.8
"12" "11" 2021-01-16 34.81 "TOR" "" "CHO" "W" 3 1 36.7 0.644 0.577 6.1 10.9 8.6 27.9 0 2.6 16.9 20.7 122 116 15.6 0.9
"13" "12" 2021-01-18 34.82 "TOR" "" "DAL" "W" 23 1 35.1166666666667 0.893 0.875 3.5 24.3 14.6 30.2 0 3 23.7 21 142 96 22.1 11.4
"14" "13" 2021-01-20 34.82 "TOR" "" "MIA" "L" -9 1 36.2166666666667 0.291 0.208 2.7 32.2 15.2 28.7 1.4 3.3 12.7 19.4 82 114 6.8 -7.6
"15" "" 2021-01-22 34.83 "TOR" "" "MIA" "W" 20 NA NA NA NA NA NA NA NA NA NA NA NA NA NA NA NA
"16" "" 2021-01-24 34.84 "TOR" "@" "IND" "W" 5 NA NA NA NA NA NA NA NA NA NA NA NA NA NA NA NA
"17" "14" 2021-01-25 34.84 "TOR" "@" "IND" "L" -15 1 32.95 0.426 0.227 0 8.8 3.5 4.2 1.5 0 12.4 20.4 86 133 3.4 -14
"18" "15" 2021-01-27 34.84 "TOR" "" "MIL" "L" -7 1 37.4 0.844 0.833 2.3 12.8 7.3 13.3 0 0 24.3 19.1 118 121 14.5 0.2
"19" "16" 2021-01-29 34.85 "TOR" "" "SAC" "L" -2 1 37.1666666666667 0.487 0.471 6.6 3.8 5.3 23.5 0 0 18.7 24 102 135 8.6 -9.1
"20" "17" 2021-01-31 34.85 "TOR" "" "ORL" "W" 13 1 36.6166666666667 0.432 0.385 0 17.5 8.7 55 2.7 0 17.8 20 107 104 14.2 2.8
"21" "18" 2021-02-02 34.86 "TOR" "@" "ORL" "W" 15 1 34.4166666666667 0.53 0.5 3.2 29.2 16.2 40.5 5.7 0 18.5 21.5 115 101 17.3 2.2
"22" "19" 2021-02-05 34.87 "TOR" "@" "BRK" "W" 6 1 37.6833333333333 0.833 0.833 5.8 10.3 7.9 26.4 2.6 0 18.2 24.8 144 119 26.2 12.9
"23" "20" 2021-02-06 34.87 "TOR" "@" "ATL" "L" -11 1 36.8833333333333 0.281 0.281 0 13.9 4.8 18.2 0 0 5.9 18.8 74 138 1.6 -14.1
"24" "21" 2021-02-08 34.88 "TOR" "@" "MEM" "W" 15 1 7.7 1 1 0 0 0 21.1 0 0 0 12.2 210 134 3.7 1.9
"25" "22" 2021-02-10 34.88 "TOR" "@" "WAS" "W" 22 1 32.7833333333333 0.75 0.75 0 12 6.4 19.6 2.8 2.8 6.7 19.1 146 108 20.8 10.8
"26" "23" 2021-02-11 34.88 "TOR" "@" "BOS" "L" -14 1 32.5166666666667 0.735 0.7 0 3.4 1.8 33.8 1.5 0 15.5 27.3 125 126 18 3.7
"27" "24" 2021-02-14 34.89 "TOR" "" "MIN" "L" -4 1 40.1 0.694 0.583 0 14.5 6.1 15.5 2.4 0 18.8 22 119 113 18 2
"28" "25" 2021-02-16 34.9 "TOR" "@" "MIL" "W" 11 1 21.95 0.723 0.708 0 32 15.4 42.7 4.2 0 13.9 27.4 135 102 17.2 14.5
"29" "" 2021-02-18 34.9 "TOR" "@" "MIL" "W" 14 NA NA NA NA NA NA NA NA NA NA NA NA NA NA NA NA
"30" "" 2021-02-19 34.91 "TOR" "@" "MIN" "W" 5 NA NA NA NA NA NA NA NA NA NA NA NA NA NA NA NA
"31" "" 2021-02-21 34.91 "TOR" "" "PHI" "W" 7 NA NA NA NA NA NA NA NA NA NA NA NA NA NA NA NA
"32" "" 2021-02-23 34.92 "TOR" "" "PHI" "L" -7 NA NA NA NA NA NA NA NA NA NA NA NA NA NA NA NA
"33" "26" 2021-02-24 34.92 "TOR" "@" "MIA" "L" -8 1 35.0166666666667 0.813 0.846 0 24 13 44.5 3 0 16.9 25.5 137 121 22.8 10.3
"34" "27" 2021-02-26 34.93 "TOR" "" "HOU" "W" 11 1 33.1166666666667 0.929 0.889 10.6 26.4 18.8 46.3 1.5 3.3 15.7 16.4 174 109 25.3 15.1
"35" "28" 2021-03-03 34.94 "TOR" "" "DET" "L" -24 1 35.1166666666667 0.702 0.591 3.1 10.5 6.6 30.2 1.4 2.7 6.3 20.9 147 134 19.8 5.9
"36" "29" 2021-03-04 34.94 "TOR" "@" "BOS" "L" -7 1 40.0833333333333 0.371 0.361 3.2 8.3 5.4 58.3 1.2 0 17.5 24.6 109 136 13.8 -2.4
"37" "30" 2021-03-11 34.96 "TOR" "" "ATL" "L" -1 1 38.7166666666667 0.453 0.382 0 15.2 7.2 41.6 0 0 32.4 28.7 83 120 6.7 -8.9
"38" "31" 2021-03-13 34.97 "TOR" "@" "CHO" "L" -10 1 30.9166666666667 0.563 0.531 8.3 14.8 11.1 47.5 0 4.9 5.6 23.1 129 112 18.4 7.5
"39" "32" 2021-03-14 34.97 "TOR" "@" "CHI" "L" -23 1 36.5833333333333 0.509 0.412 2.5 11.7 6.7 40.2 1.3 0 13.3 26.7 102 119 15.2 0.5
"40" "33" 2021-03-17 34.98 "TOR" "@" "DET" "L" -4 1 35.6 0.271 0.154 5.3 16.3 9.6 59 4.2 0 21.3 23 88 116 9.8 -3.5
"41" "34" 2021-03-19 34.98 "TOR" "" "UTA" "L" -3 1 34.9166666666667 0.778 0.778 3.3 14.9 8.7 33.2 0 0 30.8 18 121 128 11.6 -0.6
"42" "35" 2021-03-21 34.99 "TOR" "@" "CLE" "L" -11 1 40.1333333333333 0.571 0.5 2.1 23.9 10.5 15.4 1.1 0 11.3 18.1 111 112 13.2 -1.3
"43" "36" 2021-03-22 34.99 "TOR" "@" "HOU" "L" -18 1 36.6666666666667 0.594 0.538 0 11.4 5.8 35.9 0 4.8 6.5 18.5 128 120 17.5 6.1
"44" "37" 2021-03-24 35 "TOR" "" "DEN" "W" 24 1 33.4166666666667 0.8 0.8 3.8 10.8 7.9 31.8 0 2.6 37.5 10.6 139 118 10.8 1.9
"45" "38" 2021-03-26 35 "TOR" "" "PHO" "L" -4 1 34.8166666666667 0.458 0.458 0 17.2 8.1 26.3 0 0 14.3 18 93 112 6.3 -3.8
"46" "" 2021-03-28 35.01 "TOR" "" "POR" "L" -5 NA NA NA NA NA NA NA NA NA NA NA NA NA NA NA NA
"47" "39" 2021-03-29 35.01 "TOR" "@" "DET" "L" -14 1 23.8833333333333 0.49 0.375 0 5.4 2.5 13.9 2.1 0 0 18.4 115 123 7.1 -4.4
"48" "" 2021-03-31 35.02 "TOR" "@" "OKC" "L" -10 NA NA NA NA NA NA NA NA NA NA NA NA NA NA NA NA
"49" "" 2021-04-02 35.02 "TOR" "" "GSW" "W" 53 NA NA NA NA NA NA NA NA NA NA NA NA NA NA NA NA
"50" "" 2021-04-05 35.03 "TOR" "" "WAS" "W" 2 NA NA NA NA NA NA NA NA NA NA NA NA NA NA NA NA
"51" "" 2021-04-06 35.03 "TOR" "" "LAL" "L" -9 NA NA NA NA NA NA NA NA NA NA NA NA NA NA NA NA
"52" "" 2021-04-08 35.04 "TOR" "" "CHI" "L" -9 NA NA NA NA NA NA NA NA NA NA NA NA NA NA NA NA
"53" "" 2021-04-10 35.04 "TOR" "@" "CLE" "W" 20 NA NA NA NA NA NA NA NA NA NA NA NA NA NA NA NA
"54" "40" 2021-04-11 35.05 "TOR" "@" "NYK" "L" -6 1 37.35 0.703 0.6 0 19.6 10.5 29 3.9 0 27 22.9 111 100 16.7 4.3
"55" "" 2021-04-13 35.05 "TOR" "" "ATL" "L" -5 NA NA NA NA NA NA NA NA NA NA NA NA NA NA NA NA
"56" "" 2021-04-14 35.05 "TOR" "" "SAS" "W" 5 NA NA NA NA NA NA NA NA NA NA NA NA NA NA NA NA
"57" "" 2021-04-16 35.06 "TOR" "" "ORL" "W" 11 NA NA NA NA NA NA NA NA NA NA NA NA NA NA NA NA
"58" "" 2021-04-18 35.07 "TOR" "" "OKC" "W" 6 NA NA NA NA NA NA NA NA NA NA NA NA NA NA NA NA
"59" "41" 2021-04-21 35.07 "TOR" "" "BRK" "W" 11 1 35.05 0.509 0.458 0 18.8 9.8 20.4 0 0 6.8 18.5 112 108 10.6 -2.7
"60" "42" 2021-04-24 35.08 "TOR" "@" "NYK" "L" -17 1 36.4 0.184 0.1 0 28 12 34.2 0 3 8.4 15.9 77 131 3.9 -12
"61" "43" 2021-04-26 35.09 "TOR" "" "CLE" "W" 16 1 33.6666666666667 0.455 0.389 4.3 13 9.3 36.8 0 3.2 16.8 17 111 108 10.7 -1.1
"62" "44" 2021-04-27 35.09 "TOR" "" "BRK" "L" -13 1 37.0333333333333 0.806 0.786 0 6.6 2.9 30.3 0 3.4 21.2 21.8 129 129 18.5 9.1
"63" "45" 2021-04-29 35.1 "TOR" "@" "DEN" "L" -10 1 33.55 0.592 0.594 3.6 13.3 8.6 33.4 1.5 2.5 5.6 24.2 126 126 17.1 4.3
"64" "" 2021-05-01 35.1 "TOR" "@" "UTA" "L" -4 NA NA NA NA NA NA NA NA NA NA NA NA NA NA NA NA
"65" "46" 2021-05-02 35.1 "TOR" "@" "LAL" "W" 7 1 40.65 0.817 0.8 0 5.5 2.5 46.7 1.1 0 4.2 23.3 169 115 34.1 18
"66" "" 2021-05-04 35.11 "TOR" "@" "LAC" "L" -5 NA NA NA NA NA NA NA NA NA NA NA NA NA NA NA NA
"67" "" 2021-05-06 35.12 "TOR" "" "WAS" "L" -2 NA NA NA NA NA NA NA NA NA NA NA NA NA NA NA NA
"68" "" 2021-05-08 35.12 "TOR" "" "MEM" "L" -10 NA NA NA NA NA NA NA NA NA NA NA NA NA NA NA NA
"69" "" 2021-05-11 35.13 "TOR" "" "LAC" "L" -19 NA NA NA NA NA NA NA NA NA NA NA NA NA NA NA NA
"70" "" 2021-05-13 35.13 "TOR" "@" "CHI" "L" -12 NA NA NA NA NA NA NA NA NA NA NA NA NA NA NA NA
"71" "" 2021-05-14 35.14 "TOR" "@" "DAL" "L" -4 NA NA NA NA NA NA NA NA NA NA NA NA NA NA NA NA
"72" "" 2021-05-16 35.14 "TOR" "" "IND" "L" -12 NA NA NA NA NA NA NA NA NA NA NA NA NA NA NA NA
