"Rk" "G" "Date" "Age" "Tm" "H/A" "Opp" "W/L" "By Amt" "GS" "MP" "TS%" "eFG%" "ORB%" "DRB%" "TRB%" "AST%" "STL%" "BLK%" "TOV%" "USG%" "ORtg" "DRtg" "GmSc" "BPM"
"1" "" 1999-02-05 23.43 "HOU" "@" "LAL" "L" -8 NA NA NA NA NA NA NA NA NA NA NA NA NA NA NA NA
"2" "1" 1999-02-06 23.43 "HOU" "@" "GSW" "W" 2 0 30.7 0.825 0.786 0 3.5 1.9 14.9 0 0 11.3 14.4 149 106 9.6 6.5
"3" "2" 1999-02-08 23.44 "HOU" "" "DEN" "W" 19 0 21.4166666666667 0.521 0.313 0 0 0 0 2.6 0 8 26.7 119 97 6 -2.2
"4" "3" 1999-02-10 23.44 "HOU" "" "SAC" "W" 10 0 18 0.75 0.75 5.6 5.3 5.4 8 0 0 33.3 7.6 112 101 2.3 -2.6
"5" "4" 1999-02-11 23.45 "HOU" "@" "DAL" "W" 10 0 23.7333333333333 0.41 0.313 0 4.7 2.4 0 0 2.7 9.3 20.9 87 114 2 -9.1
"6" "5" 1999-02-16 23.46 "HOU" "" "PHO" "W" 17 0 25.3166666666667 0.47 0.429 0 3.6 2.1 0 4.1 2.4 21.2 16.6 79 100 3.1 -7.3
"7" "6" 1999-02-17 23.46 "HOU" "@" "MIN" "L" -14 0 26.65 0.565 0.25 0 5.1 2.8 11.4 0 0 22 16.5 103 133 3.3 -10.1
"8" "7" 1999-02-18 23.47 "HOU" "@" "NJN" "W" 1 0 12.0666666666667 0.333 0.333 0 0 0 14 4.6 0 0 10.5 102 95 1.6 -0.3
"9" "8" 1999-02-20 23.47 "HOU" "@" "MIA" "L" -10 0 25.15 0.324 0.308 9.4 4.1 6.5 19.9 2.5 3.3 6.7 31.8 79 106 3.7 -1.2
"10" "9" 1999-02-21 23.47 "HOU" "@" "ORL" "L" -26 1 28 0.825 0.786 0 9.5 4.8 18.8 0 0 11.3 15.6 152 125 11.4 4.5
"11" "10" 1999-02-23 23.48 "HOU" "" "SEA" "W" 12 1 39.2333333333333 0.575 0.423 0 16.4 9 22.1 0 0 15.4 22.3 116 99 13 0.2
"12" "11" 1999-02-25 23.48 "HOU" "" "ATL" "L" -6 1 30.35 0.591 0.591 0 7 4.1 17.8 0 0 26.7 25.9 87 116 5.2 -4.6
"13" "12" 1999-02-27 23.49 "HOU" "@" "VAN" "W" 12 0 29 0.619 0.563 0 13.8 7.9 5.8 1.8 2.2 25.3 19.5 92 82 7.6 -0.5
"14" "13" 1999-02-28 23.49 "HOU" "@" "LAL" "L" -16 0 19.4666666666667 0 0 0 0 0 0 2.7 0 25 9.4 0 115 -2.9 -13.7
"15" "14" 1999-03-02 23.5 "HOU" "" "SAS" "L" -17 0 19.6 0.7 0.7 6.9 10 8.7 20.2 5.3 0 37.5 18.7 94 105 6 5.5
"16" "15" 1999-03-04 23.5 "HOU" "" "LAC" "W" 19 0 29.2166666666667 0.707 0.643 0 7.7 4.3 17.5 3.8 0 24.6 20.1 113 90 10.6 2.4
"17" "16" 1999-03-06 23.51 "HOU" "@" "VAN" "W" 15 1 38.5166666666667 0.683 0.583 4.6 6.8 6.1 7.9 2.6 0 40.6 15 89 100 5.8 -4.7
"18" "17" 1999-03-07 23.51 "HOU" "@" "POR" "L" -40 1 23.6166666666667 0.508 0.429 0 0 0 35.3 2.3 3.3 20.2 19.1 94 125 4.9 -0.1
"19" "18" 1999-03-09 23.52 "HOU" "" "DEN" "W" 9 1 43.55 0.607 0.611 0 6.7 4 27.7 2.6 3.6 33.6 17.2 91 94 11.1 3.3
"20" "19" 1999-03-11 23.52 "HOU" "" "VAN" "W" 11 1 37.1666666666667 0.475 0.441 0 6 3.1 40 0 0 14.4 24.9 104 105 9.9 -2.4
"21" "20" 1999-03-13 23.53 "HOU" "" "CLE" "W" 11 1 31.95 0.47 0.429 5.4 15.8 11.4 13.4 3.4 4.4 11.8 12.9 110 97 8.5 2.3
"22" "21" 1999-03-14 23.53 "HOU" "@" "PHO" "L" -14 1 30.1333333333333 0.507 0.5 4 3.6 3.8 16.4 1.8 2.1 0 13.7 121 118 7.8 3.1
"23" "22" 1999-03-16 23.54 "HOU" "" "POR" "W" 8 1 35.9333333333333 0.391 0.2 3.1 8.9 6.1 8.7 1.4 0 30.9 15.8 67 105 0.7 -9.4
"24" "23" 1999-03-17 23.54 "HOU" "@" "DEN" "W" 5 1 24.6666666666667 0.571 0.5 0 10.1 4.9 5.3 0 3.6 11.3 15.4 113 124 6.3 -3.5
"25" "24" 1999-03-20 23.55 "HOU" "" "PHO" "W" 10 1 18.9333333333333 0.5 0.5 12.4 6.1 9.2 0 0 0 14.3 17.3 100 103 3.7 -1.5
"26" "25" 1999-03-22 23.55 "HOU" "" "SAC" "W" 10 1 30.9166666666667 0 0 0 0 0 22.1 1.5 0 44.4 11.6 40 106 -3.5 -12
"27" "26" 1999-03-24 23.56 "HOU" "@" "DAL" "W" 10 1 36 0.673 0.636 9.2 7 7.8 10 0 3.6 14.4 19.9 122 97 13.4 5.9
"28" "27" 1999-03-25 23.56 "HOU" "" "TOR" "W" 9 1 39.3333333333333 0.945 0.958 0 6.7 3.5 11.5 1.5 1.7 12.7 20.4 155 126 22 8.2
"29" "28" 1999-03-27 23.57 "HOU" "@" "GSW" "W" 1 1 23.5166666666667 0.34 0.2 10.4 11.8 11.2 7.2 0 0 14.5 15.4 85 108 2.1 -8.8
"30" "29" 1999-03-28 23.57 "HOU" "@" "SAC" "W" 14 1 44.5833333333333 0.709 0.667 0 3.9 2.2 8.7 2.3 0 9.2 11.2 133 106 12.6 1.2
"31" "30" 1999-03-30 23.58 "HOU" "@" "LAC" "W" 9 1 23.0333333333333 0.644 0.625 7.7 6.1 6.8 0 4.9 0 24.4 26.4 104 110 7.2 -1.7
"32" "31" 1999-04-01 23.58 "HOU" "@" "UTA" "L" -1 1 26.2666666666667 0.5 0.5 0 4.6 2.5 0 0 0 16.7 11.7 85 113 1.2 -6.6
"33" "32" 1999-04-04 23.59 "HOU" "@" "SEA" "L" -17 1 35 0.514 0.4 0 6.2 3.1 15.3 1.6 0 0 17.1 122 119 10.1 2.4
"34" "33" 1999-04-06 23.59 "HOU" "" "GSW" "W" 37 1 32.7 1.007 1 0 10.6 6.1 15.2 1.7 0 0 12.1 203 90 18 15.4
"35" "34" 1999-04-08 23.6 "HOU" "" "SAS" "L" -9 1 41.8 0.436 0.417 2.7 8.6 5.5 13.6 4 1.8 12.7 18.7 88 104 8.6 1.4
"36" "35" 1999-04-11 23.61 "HOU" "@" "UTA" "L" -9 1 21.35 0.363 0.25 0 0 0 8.9 0 0 22.5 21.8 61 109 -0.5 -8.2
"37" "36" 1999-04-12 23.61 "HOU" "@" "MIN" "W" 5 1 29.9833333333333 0.81 0.667 4.8 3.8 4.3 26 5.5 2.1 10.4 15 163 101 17.9 14.9
"38" "37" 1999-04-14 23.62 "HOU" "" "VAN" "W" 17 1 20.4666666666667 0.307 0.25 0 11.1 6.3 6.4 2.6 0 17 13.6 69 97 -0.1 -11.7
"39" "38" 1999-04-15 23.62 "HOU" "" "POR" "W" 10 1 23.3333333333333 0.313 0.313 0 5.6 2.8 7.2 0 0 0 18.2 68 100 0.8 -9.5
"40" "39" 1999-04-18 23.63 "HOU" "@" "SAS" "L" -3 1 30.6333333333333 0.667 0.667 0 6.9 3.8 6 0 0 25 13.2 97 109 3.9 -4.4
"41" "40" 1999-04-19 23.63 "HOU" "" "SEA" "W" 7 1 39.4666666666667 0.65 0.65 0 8.4 4.5 24.7 0 0 9.1 13.2 137 125 11.9 -0.3
"42" "41" 1999-04-21 23.64 "HOU" "" "DAL" "L" -14 1 32.9166666666667 0.581 0.5 3.1 4.3 3.6 9.2 3.2 0 0 9.5 138 120 9 -0.5
"43" "42" 1999-04-23 23.64 "HOU" "@" "LAC" "L" -5 1 31.2666666666667 0.375 0.375 0 3.8 1.9 5.5 0 2.2 7.7 19.9 80 118 0.9 -13.1
"44" "43" 1999-04-25 23.65 "HOU" "@" "PHO" "L" -24 1 27.4666666666667 0.25 0.25 0 4.8 2.2 17.2 2.1 5.9 7.7 24.1 55 114 1.1 -7.5
"45" "44" 1999-04-26 23.65 "HOU" "" "LAL" "W" 22 1 36.1666666666667 0.444 0.438 3.6 9.8 6.8 14.3 4.5 0 0 22.1 106 91 11.7 1.9
"46" "45" 1999-04-29 23.66 "HOU" "" "DAL" "L" -10 1 41.6166666666667 0.423 0.423 2.8 0 1.3 16.2 0 1.7 0 15.2 100 112 7.3 -0.3
"47" "46" 1999-04-30 23.66 "HOU" "" "UTA" "L" -13 1 24.4 0.143 0.143 0 10.3 4.9 8.3 2.4 6.2 12.5 17 34 104 -1 -7.6
"48" "47" 1999-05-02 23.67 "HOU" "" "LAC" "W" 26 1 24.0833333333333 0.46 0.4 5.7 10.5 8.2 18.2 4.5 3.1 21.6 26.6 91 89 6.5 -2.3
"49" "48" 1999-05-04 23.67 "HOU" "" "MIN" "W" 17 1 32.6666666666667 0.765 0.8 0 6.2 3.5 19.2 0 0 7.8 18.7 136 101 15 7.1
"50" "49" 1999-05-05 23.67 "HOU" "@" "DEN" "W" 7 1 45.2166666666667 0.533 0.5 2.3 7.6 5.2 19.7 0 0 0 16.9 125 105 15.7 1.3
"1" "1" 1999-11-02 24.17 "HOU" "" "MIL" "L" -5 0 37.6 0.464 0.464 9.7 0 5.1 0 0 1.8 12.5 19.6 94 119 5.6 -6.4
"2" "2" 1999-11-04 24.18 "HOU" "@" "UTA" "L" -16 0 33.1166666666667 0.66 0.625 4.3 14.1 9 6.8 3.1 0 18.9 23.4 102 106 11.5 3.1
"3" "3" 1999-11-05 24.18 "HOU" "" "SAS" "L" -10 0 32.0833333333333 0.41 0.321 0 7.3 3.4 5.6 3.2 0 10.5 25.3 87 104 5.5 -1.7
"4" "4" 1999-11-08 24.19 "HOU" "" "ORL" "L" -5 0 35.4833333333333 0.746 0.733 2.9 14.7 9.2 33.8 3.8 0 10.7 21 138 91 23.5 14.3
"5" "5" 1999-11-10 24.19 "HOU" "" "LAL" "L" -1 0 35.35 0.496 0.25 0 15.6 8 24 0 0 18.1 14.5 105 103 6.2 -3.1
"6" "6" 1999-11-12 24.2 "HOU" "@" "LAL" "W" 16 0 28.7833333333333 0.342 0.143 5 3.3 4 19.9 1.8 0 10.2 16 95 100 4.1 -5.6
"7" "7" 1999-11-13 24.2 "HOU" "@" "GSW" "W" 8 0 27.3166666666667 0.286 0.286 0 3.2 1.7 17.5 1.9 0 36.4 17.8 49 106 -0.7 -12.2
"8" "8" 1999-11-15 24.21 "HOU" "" "IND" "L" -9 0 32.6833333333333 0.23 0.2 3.3 6.3 4.8 4.3 1.5 0 8.4 15.8 56 106 -0.8 -10.5
"9" "9" 1999-11-16 24.21 "HOU" "@" "DAL" "L" -19 0 26.9666666666667 0.339 0.222 2.9 4.4 3.5 0 0 0 22.5 19 63 118 -1.7 -15.7
"10" "10" 1999-11-18 24.21 "HOU" "" "SAC" "L" -18 0 33.3666666666667 0.311 0.25 0 5.8 3.1 24.5 1.4 0 0 14.9 103 129 6.9 -4
"11" "11" 1999-11-20 24.22 "HOU" "@" "SEA" "L" -3 0 28.9833333333333 0.684 0.692 7.2 3.5 5.3 28.1 0 4.3 0 19.7 160 115 17.7 14.6
"12" "12" 1999-11-21 24.22 "HOU" "@" "SAC" "L" -5 0 32.3666666666667 0.568 0.5 0 3.1 1.5 12.7 4.5 1.9 0 15.8 134 107 14.4 8.1
"13" "13" 1999-11-23 24.23 "HOU" "" "DAL" "W" 20 0 26.1666666666667 0.545 0.458 9.5 0 4.3 14.3 1.8 2.3 26.7 29.2 97 103 7.2 -5.2
"14" "14" 1999-11-26 24.24 "HOU" "@" "POR" "L" -3 0 38.5666666666667 0.544 0.447 2.8 10.1 6.7 22.1 1.4 0 17.9 31.9 99 96 12.9 5.4
"15" "15" 1999-11-29 24.24 "HOU" "@" "VAN" "W" 8 0 35.4166666666667 0.564 0.458 3.7 3.2 3.4 12.1 4.6 0 11.7 22.5 121 111 13.9 2.3
"16" "16" 1999-12-01 24.25 "HOU" "@" "PHO" "L" -6 0 34 0.533 0.5 0 6.2 3.6 15 3 1.9 15.1 26.2 97 111 11.2 2
"17" "17" 1999-12-02 24.25 "HOU" "@" "LAC" "W" 13 0 27.4 0.537 0.3 4.3 9.4 6.8 16.3 5.4 2.7 12.5 25 115 92 13.5 4.1
"18" "18" 1999-12-04 24.26 "HOU" "" "PHO" "W" 10 0 24.15 0.53 0.45 0 4.5 2.5 36.4 2.1 3 0 21.4 129 103 12 7.5
"19" "19" 1999-12-06 24.26 "HOU" "" "VAN" "W" 3 0 29.5666666666667 0.514 0.4 0 4.2 2 5.1 3.6 4.4 0 19.6 121 110 11.6 2
"20" "20" 1999-12-08 24.27 "HOU" "@" "PHI" "L" -10 0 31.8166666666667 0.501 0.35 7.1 3.4 5.2 14 6.6 1.9 30.1 27.9 82 86 8 3.3
"21" "21" 1999-12-10 24.27 "HOU" "@" "BOS" "L" -4 0 32.3333333333333 0.621 0.567 7.9 12.8 10.6 33.3 3 0 9.7 27.2 127 102 20.9 9.7
"22" "22" 1999-12-11 24.28 "HOU" "@" "NJN" "L" -12 0 34.25 0.634 0.583 3.1 17.6 9.8 5.9 1.6 0 22 24.2 105 118 11.1 -1.4
"23" "23" 1999-12-14 24.28 "HOU" "" "NYK" "L" -11 1 44.95 0.426 0.406 2.9 3.7 3.2 11.6 1.2 0 15.4 21.8 82 118 5.9 -7.3
"24" "24" 1999-12-15 24.29 "HOU" "@" "SAS" "L" -6 0 24 0.169 0.125 4.4 15.8 9.6 7.1 2.3 0 31.1 24.7 34 94 -4.5 -16.7
"25" "25" 1999-12-18 24.3 "HOU" "" "BOS" "W" 6 0 33.4166666666667 0.529 0.467 0 9.7 5.1 11.5 1.6 2.2 9.2 29.5 109 105 12.5 1
"26" "26" 1999-12-21 24.3 "HOU" "" "POR" "L" -10 0 32.2166666666667 0.693 0.679 0 12.5 6.8 0 1.8 0 21.7 28.1 105 105 9.6 1.3
"27" "27" 1999-12-23 24.31 "HOU" "" "WAS" "W" 16 0 32.5 0.654 0.45 3.4 7.7 5.4 24.9 1.6 0 11.6 23 134 100 16.8 6.8
"28" "28" 1999-12-26 24.32 "HOU" "@" "WAS" "L" -11 0 25.4333333333333 0.409 0.409 0 5.6 2.2 7 2 0 15.4 20.9 82 113 2.1 -9.1
"29" "29" 1999-12-28 24.32 "HOU" "" "TOR" "L" -1 1 40.85 0.408 0.375 2.5 7.2 4.9 13.3 1.2 0 16.3 31.7 79 108 6.3 -7.8
"30" "30" 1999-12-30 24.33 "HOU" "" "LAC" "W" 22 1 34.85 0.639 0.5 6.4 16.3 11.3 33.9 5.5 0 7.4 16.2 150 94 24.1 13.5
"31" "31" 2000-01-04 24.34 "HOU" "" "SEA" "L" -7 1 38.6833333333333 0.189 0.167 2.6 15.1 9 11.7 0 0 15.9 20.7 48 111 -2.9 -15.1
"32" "32" 2000-01-06 24.35 "HOU" "@" "MIA" "L" -12 1 34.2666666666667 0.615 0.5 0 3.7 1.9 10.5 0 0 0 13.9 149 141 8.9 -2.4
"33" "33" 2000-01-08 24.35 "HOU" "" "UTA" "L" -16 0 29.85 0.483 0.333 0 3.7 1.8 15.5 1.8 0 6.1 25.5 104 118 9.1 0.4
"34" "34" 2000-01-11 24.36 "HOU" "@" "SAC" "L" -17 0 31.5 0.457 0.393 6 13.6 9.6 21.8 5.8 0 11.5 20.7 105 100 12.8 6.7
"35" "35" 2000-01-13 24.37 "HOU" "@" "GSW" "W" 8 0 28.7 0.496 0.452 0 7.5 3.4 0 1.6 2.5 7.9 32.7 100 101 11.8 0.8
"36" "36" 2000-01-15 24.37 "HOU" "@" "CHI" "W" 3 0 28.6166666666667 0.623 0.6 0 4 2.1 16.7 0 0 36.5 27.4 83 119 3.2 -10.6
"37" "37" 2000-01-17 24.38 "HOU" "@" "DAL" "W" 10 0 30.2833333333333 0.559 0.538 0 3.1 1.7 5.4 3 0 6.2 21.8 107 107 11.9 0
"38" "38" 2000-01-18 24.38 "HOU" "" "POR" "W" 1 0 22.55 0.25 0.25 0 0 0 0 2.3 0 25 15.9 40 104 -2.6 -13.8
"39" "39" 2000-01-20 24.39 "HOU" "" "DEN" "W" 7 0 26.25 0.715 0.682 0 12.3 6.3 11.5 2 0 14.4 22 130 121 13.4 2.7
"40" "40" 2000-01-23 24.39 "HOU" "" "MIA" "W" 13 0 25.0833333333333 0.758 0.727 0 7.1 4.3 7.3 0 0 7.8 25.4 128 105 12.2 6.3
"41" "41" 2000-01-25 24.4 "HOU" "" "MIN" "L" -8 0 27.15 0.827 0.8 0 14.4 6.8 9.7 0 0 15.5 22.6 131 104 12.2 10.1
"42" "42" 2000-01-27 24.41 "HOU" "" "GSW" "L" -5 0 25.7333333333333 0.595 0.5 7.4 4.5 6.1 6 0 0 7.8 20 133 128 8.8 -2.7
"43" "43" 2000-01-28 24.41 "HOU" "@" "DEN" "L" -6 0 30.3833333333333 0.442 0.45 0 24.9 12.6 31.4 0 0 20.9 19.6 88 109 5.9 -5.5
"44" "44" 2000-01-30 24.41 "HOU" "" "LAL" "W" 6 0 30.2166666666667 0.735 0.75 4.8 11.6 9.1 30.5 0 0 16.4 20.2 130 95 12.1 7.9
"45" "45" 2000-02-01 24.42 "HOU" "" "CHH" "W" 16 0 27.0333333333333 0.669 0.633 3.7 11.1 7.4 16.2 3.8 0 5.5 30.5 129 88 18.9 11.9
"46" "46" 2000-02-03 24.42 "HOU" "" "PHI" "W" 3 0 25.2166666666667 0.317 0.214 8.5 4.6 6.6 16.4 0 2.5 20.2 16.9 91 123 1.8 -10.3
"47" "47" 2000-02-04 24.43 "HOU" "@" "MIN" "L" -17 0 26.6 0.215 0.125 0 16.7 6.4 0 0 2.4 24.4 20.6 34 110 -3 -17.4
"48" "48" 2000-02-06 24.43 "HOU" "@" "DET" "L" -4 0 37.45 0.531 0.375 6.5 10.8 8.5 11.9 1.4 0 0 17.6 135 117 14.2 2.1
"49" "49" 2000-02-08 24.44 "HOU" "" "CLE" "W" 8 0 26.15 0.506 0.45 0 4.3 2 12.1 1.9 0 8.4 20.8 97 91 7.3 -0.1
"50" "50" 2000-02-09 24.44 "HOU" "@" "ATL" "L" -16 0 30.2166666666667 0.693 0.658 0 8.4 3.8 10.1 1.6 0 0 32.8 139 121 22.6 9.5
"51" "51" 2000-02-15 24.46 "HOU" "" "DET" "W" 5 0 35.7 0.677 0.542 0 12.7 6.5 16.5 2.7 3.8 20.5 23.2 119 100 16.8 7.4
"52" "52" 2000-02-18 24.47 "HOU" "@" "SAS" "L" -24 0 30.6333333333333 0.125 0.125 0 3.8 1.9 19.7 1.6 0 33.3 16.1 35 121 -3.5 -13.9
"53" "53" 2000-02-20 24.47 "HOU" "" "SAS" "L" -2 0 38.9 0.533 0.5 0 10.2 5 14 1.3 3.6 5.1 22.5 115 111 14.1 3
"54" "54" 2000-02-22 24.48 "HOU" "@" "CHH" "L" -5 0 23.8333333333333 0.5 0.5 0 15 7.1 7.4 0 0 0 30.7 105 124 7.3 -6.9
"55" "55" 2000-02-24 24.48 "HOU" "" "DEN" "L" -9 0 23.7333333333333 0.901 0.875 0 13.6 6.9 0 0 0 18.4 29.2 138 117 16.3 11.8
"56" "56" 2000-02-27 24.49 "HOU" "@" "LAL" "L" -16 0 32.6833333333333 0.651 0.5 0 11.5 5 7.7 3 0 8.2 33.3 123 106 20.3 12.2
"57" "57" 2000-02-28 24.49 "HOU" "@" "LAC" "W" 19 0 29.2333333333333 0.509 0.472 13.5 10.7 11.9 14.8 1.8 0 4.6 30.4 114 86 15.4 8.1
"58" "58" 2000-03-02 24.5 "HOU" "" "SAC" "W" 3 0 33.1 0.661 0.607 3.2 13.5 8.8 6 1.4 0 15.3 24.3 112 99 15.5 2.8
"59" "59" 2000-03-04 24.51 "HOU" "" "NJN" "W" 7 0 24.6 0.448 0.385 0 29.7 16.5 7.2 2.2 0 11.3 31.7 90 91 6.7 -4
"60" "60" 2000-03-07 24.52 "HOU" "" "PHO" "L" -7 0 33.2833333333333 0.461 0.385 3.4 10.6 6.9 12.6 4.7 2.1 20.8 25.7 87 112 9.1 -2.3
"61" "" 2000-03-09 24.52 "HOU" "@" "UTA" "L" -19 NA NA NA NA NA NA NA NA NA NA NA NA NA NA NA NA
"62" "61" 2000-03-11 24.53 "HOU" "" "MIN" "L" -14 0 19.8833333333333 0.661 0.571 5.1 5.5 5.3 24.7 2.8 0 10.7 20.8 129 115 10.1 9.5
"63" "62" 2000-03-14 24.53 "HOU" "@" "NYK" "L" -6 1 33.5333333333333 0.368 0.3 0 18.8 8.7 11 1.6 0 39.1 25.4 49 103 -2.4 -14.2
"64" "63" 2000-03-16 24.54 "HOU" "@" "MIL" "L" -10 0 33.9333333333333 0.622 0.5 3.4 16.1 9.3 18.5 0 0 15.7 25.6 118 121 13.5 2.5
"65" "64" 2000-03-17 24.54 "HOU" "@" "IND" "L" -9 0 32.1333333333333 0.772 0.75 0 15 7.7 24.5 3.2 0 15.6 27.7 134 115 20.6 12.8
"66" "65" 2000-03-19 24.55 "HOU" "@" "TOR" "L" -2 0 25.3166666666667 0.405 0.389 0 3.9 2.2 13.6 0 0 9.2 21.3 88 127 2 -10.8
"67" "66" 2000-03-20 24.55 "HOU" "@" "CLE" "L" -13 0 24.1 0.486 0.4 0 9.3 4.8 29.6 0 0 20.9 27 86 110 5.6 -6.3
"68" "67" 2000-03-23 24.56 "HOU" "" "LAC" "W" 15 0 44.3166666666667 0.595 0.609 3 15.2 9.7 13.3 1.1 0 24.1 33.4 88 97 15.8 -4.5
"69" "68" 2000-03-24 24.56 "HOU" "@" "ORL" "L" -16 1 37.5666666666667 0.407 0.364 3.1 9 6.5 25.1 5.3 0 14.6 32 78 111 9.9 -4.3
"70" "69" 2000-03-26 24.57 "HOU" "" "CHI" "W" 45 0 24.3666666666667 0.54 0.5 10.5 14.3 12.5 17.1 0 0 0 25.9 132 88 11.5 0.6
"71" "70" 2000-03-28 24.57 "HOU" "" "GSW" "W" 35 0 21.75 0.743 0.667 10.6 12.6 11.7 33 4.3 0 15.7 23.6 144 82 17.1 16.4
"72" "71" 2000-03-30 24.58 "HOU" "@" "MIN" "L" -32 0 25.2333333333333 0.465 0.333 0 12.8 5.1 0 2.1 5.1 0 19.5 105 126 7.5 0.4
"73" "72" 2000-04-01 24.58 "HOU" "" "ATL" "W" 22 0 26.0666666666667 0.703 0.607 4.5 12.1 9 24.4 0 6.1 5.5 29.6 151 97 21.2 15.1
"74" "73" 2000-04-04 24.59 "HOU" "@" "VAN" "L" -2 0 28.2166666666667 0.705 0.636 8.2 17.5 13.2 0 0 0 19 24.6 120 107 11.4 0.6
"75" "74" 2000-04-05 24.59 "HOU" "@" "POR" "W" 13 0 35.6833333333333 0.624 0.567 0 15.2 9.7 12 0 0 14.5 29.7 113 123 13.3 -6.8
"76" "75" 2000-04-07 24.6 "HOU" "@" "SEA" "W" 3 0 27.6 0.554 0.4 5.4 3.4 4.2 15.3 0 2.1 4.8 32.6 126 127 15.1 -1.7
"77" "76" 2000-04-09 24.61 "HOU" "" "UTA" "W" 9 0 31.15 0.522 0.5 0 9.5 5.7 15 0 0 6.1 25.8 105 108 8.3 -2.6
"78" "77" 2000-04-11 24.61 "HOU" "@" "DEN" "W" 10 0 32.7666666666667 0.463 0.429 3.5 12.1 8.2 10.7 1.6 6.3 5.8 22.8 104 96 11.4 3.1
"79" "78" 2000-04-13 24.62 "HOU" "" "DAL" "W" 9 0 29.85 0.727 0.708 0 24.9 13.8 11 0 0 12.7 24 128 111 15.5 4.4
"80" "79" 2000-04-16 24.62 "HOU" "" "SEA" "L" -9 1 46.25 0.691 0.667 5.4 14.9 10.7 4 0 3.6 13.6 26.8 119 119 24.1 2
"81" "80" 2000-04-18 24.63 "HOU" "@" "PHO" "W" 9 0 34.0166666666667 0.648 0.567 4 11.8 8.5 29.3 1.6 0 13.9 29.1 130 111 18.1 5.8
"82" "81" 2000-04-19 24.63 "HOU" "" "VAN" "L" -4 0 30.1 0.274 0.182 0 8.9 4.3 0 1.8 0 23.9 26 45 112 -3.9 -20.7
"1" "1" 2000-10-31 25.16 "HOU" "" "MIN" "L" -8 0 32.35 0.615 0.5 3.6 15 9.1 7.9 4.7 3.9 6.9 39.5 123 104 26.2 15.6
"2" "2" 2000-11-02 25.17 "HOU" "" "MIL" "W" 22 0 27.3833333333333 0.432 0.321 0 14 7.3 11.5 0 0 15.6 33.1 85 109 3.9 -12.3
"3" "3" 2000-11-04 25.18 "HOU" "@" "LAC" "L" -3 0 27.2 0.346 0.346 3.7 4.8 4.2 24.4 2 0 7.1 24.3 77 91 3.8 -1.8
"4" "4" 2000-11-05 25.18 "HOU" "@" "PHO" "L" -5 0 27.3833333333333 0.666 0.633 0 25.4 11.9 20.9 0 2.9 9 37.6 129 120 17.7 7.4
"5" "5" 2000-11-07 25.18 "HOU" "" "LAL" "W" 10 0 27.9166666666667 0.62 0.5 9 18 13.5 33.6 2 0 12.1 28.3 127 86 15.1 12.8
"6" "6" 2000-11-09 25.19 "HOU" "" "VAN" "W" 7 0 31.8166666666667 0.672 0.4 0 18.8 9 16.1 0 0 8.2 18.5 141 96 13 4.3
"7" "7" 2000-11-11 25.19 "HOU" "@" "POR" "L" -23 0 24.95 0.508 0.429 0 33.4 12 18.4 2.1 0 20.2 19.5 90 120 5.8 -3.2
"8" "8" 2000-11-12 25.2 "HOU" "@" "LAL" "L" -6 0 30.25 0.448 0.273 11.4 4 7.8 6.1 1.7 0 6.4 23.6 106 118 8.4 -2.1
"9" "9" 2000-11-14 25.2 "HOU" "" "CHI" "W" 27 0 28.8666666666667 0.883 0.9 10.7 13.2 12.3 6 1.9 0 20.9 23.7 135 94 16.3 9.5
"10" "10" 2000-11-16 25.21 "HOU" "" "CHH" "W" 4 1 45.0333333333333 0.664 0.625 3.2 9.3 6.8 8.8 4 0 5.5 21.9 130 97 21.1 7.9
"11" "11" 2000-11-18 25.21 "HOU" "" "PHO" "W" 5 0 24.0333333333333 0.529 0.462 10.3 18.2 14.5 26.1 0 0 15.7 35 105 102 9.6 1.6
"12" "12" 2000-11-21 25.22 "HOU" "@" "IND" "W" 12 0 26.1666666666667 0.431 0.4 0 9.5 4.9 22.6 2.3 0 8.7 22.3 100 109 7 -2.5
"13" "13" 2000-11-22 25.22 "HOU" "@" "BOS" "L" -15 0 32.2166666666667 0.443 0.353 0 7.5 3 14.6 4.7 0 5 26.4 95 98 9.1 2.8
"14" "14" 2000-11-25 25.23 "HOU" "@" "MIA" "W" 11 0 31.25 0.571 0.429 4.8 18.4 12.6 6.8 2 0 9.8 35.8 116 100 13.9 1
"15" "15" 2000-11-28 25.24 "HOU" "" "SAC" "L" -7 0 31.8 0.543 0.5 7.3 20 14 8.8 3.4 0 9.4 30.5 110 94 15.1 10.7
"16" "16" 2000-11-30 25.25 "HOU" "@" "DEN" "W" 4 0 37.3333333333333 0.554 0.567 3.2 12.2 7.8 5 2.9 3.5 9.2 26.9 104 103 15.5 4.8
"17" "17" 2000-12-02 25.25 "HOU" "" "POR" "L" -11 0 33.85 0.761 0.714 4 11.8 8 5 1.7 0 27.6 16.5 111 118 7.8 -1.2
"18" "18" 2000-12-05 25.26 "HOU" "" "DAL" "W" 7 0 40.5 0.435 0.308 0 12.3 6.3 18.7 1.3 0 11.1 21 102 118 9 -5
"19" "19" 2000-12-08 25.27 "HOU" "@" "SAC" "L" -13 0 32.95 0.484 0.412 7.1 14.5 10.8 6.1 1.5 4.3 4.8 28.1 103 119 13.8 0.4
"20" "20" 2000-12-09 25.27 "HOU" "@" "SEA" "W" 7 0 32.15 0.521 0.467 0 4.3 2 0 1.6 0 5.8 24.3 99 114 8 -4
"21" "21" 2000-12-11 25.28 "HOU" "@" "VAN" "W" 7 0 38.7666666666667 0.743 0.667 6 12.8 9.7 14.4 0 1.8 21.8 16.7 125 92 14.8 5.7
"22" "22" 2000-12-14 25.28 "HOU" "@" "GSW" "W" 3 0 38.8833333333333 0.509 0.441 0 11.2 6.8 18.7 1.3 0 4.8 24 111 105 14 -0.3
"23" "23" 2000-12-16 25.29 "HOU" "" "DEN" "L" -2 0 38.1333333333333 0.512 0.438 2.6 8.8 5.5 8 2.8 1.8 0 21.6 128 112 16.1 6.8
"24" "24" 2000-12-19 25.3 "HOU" "" "SAS" "L" -7 0 42.7 0.377 0.368 2.4 2.5 2.5 13.8 1.3 0 8.6 25.3 82 106 5.6 -2.3
"25" "25" 2000-12-21 25.3 "HOU" "" "LAL" "L" -5 0 29.35 0.396 0.423 4.4 4.2 4.3 11.5 1.9 2.6 12.6 25.8 85 114 4 -4.9
"26" "" 2000-12-23 25.31 "HOU" "" "GSW" "L" -8 NA NA NA NA NA NA NA NA NA NA NA NA NA NA NA NA
"27" "26" 2000-12-26 25.32 "HOU" "@" "SAS" "L" -8 0 33.8666666666667 0.491 0.531 0 6.7 3.1 0 0 0 5.5 23.2 99 123 6.6 -3
"28" "27" 2000-12-27 25.32 "HOU" "" "SEA" "L" -15 0 33.4333333333333 0.5 0.5 3.1 6.3 4.7 5.2 0 0 14.3 28.1 91 122 6 -6.9
"29" "28" 2000-12-30 25.33 "HOU" "@" "DAL" "W" 15 0 31.9166666666667 0.737 0.591 0 6.4 3.3 0 0 2.6 19.7 27.5 118 107 14 -0.2
"30" "29" 2001-01-01 25.33 "HOU" "@" "MIN" "L" -10 0 34.5333333333333 0.599 0.444 0 7.6 3.4 14.3 0 1.9 0 33.9 131 121 21.7 8.9
"31" "30" 2001-01-02 25.34 "HOU" "@" "CLE" "W" 5 0 33.9 0.513 0.409 0 5.3 2.8 17.5 0 0 12.8 21.8 103 115 8.1 -4.3
"32" "31" 2001-01-04 25.34 "HOU" "" "DET" "W" 10 0 33.0166666666667 0.44 0.395 0 6.8 3.7 5 4.7 0 7.7 34.7 95 102 9.2 -5.3
"33" "32" 2001-01-06 25.35 "HOU" "" "UTA" "L" -2 1 39.4 0.394 0.313 0 6 3.1 4.9 0 0 14.5 25.1 80 119 0.7 -11.7
"34" "33" 2001-01-09 25.36 "HOU" "@" "TOR" "W" 19 1 36.9666666666667 0.647 0.625 0 8.5 4.9 9 1.6 0 4.6 29.4 129 112 19.3 4.4
"35" "34" 2001-01-11 25.36 "HOU" "@" "NYK" "W" 1 1 48 0.44 0.375 0 8.2 4.5 5 2.3 0 14.2 22.6 76 89 5.3 -2.7
"36" "35" 2001-01-13 25.37 "HOU" "" "SAC" "L" -3 1 43.3166666666667 0.355 0.294 0 25.6 13.5 4.2 3.6 2.9 17.9 23.4 64 83 6.7 -2.3
"37" "36" 2001-01-15 25.37 "HOU" "@" "UTA" "L" -12 1 47.0333333333333 0.391 0.353 0 7 3.8 11.6 0 0 9.4 22.5 80 124 5.7 -7.2
"38" "37" 2001-01-16 25.38 "HOU" "" "TOR" "W" 15 1 36.1 0.697 0.625 3.7 12.4 8.4 9.2 1.5 0 5.1 25.4 142 109 20.9 8.1
"39" "38" 2001-01-18 25.38 "HOU" "@" "GSW" "W" 8 1 45.1833333333333 0.646 0.577 3 18.2 11.6 0 1.1 0 0 33 136 109 30.9 4.6
"40" "39" 2001-01-19 25.38 "HOU" "@" "LAL" "L" -13 1 38.2333333333333 0.456 0.214 6.5 3.1 4.7 16.7 0 0 4.8 26.2 108 132 11.3 -5.3
"41" "40" 2001-01-23 25.39 "HOU" "@" "DEN" "L" -5 1 42.05 0.384 0.326 4.9 21.8 12.8 7.1 1.3 3.8 7.5 28.5 86 113 10.9 -3.7
"42" "41" 2001-01-24 25.4 "HOU" "" "PHI" "L" -1 1 46.9666666666667 0.495 0.45 3.8 10.8 7.1 13.5 1.1 3.3 8.3 22.3 101 85 14.2 5.6
"43" "42" 2001-01-26 25.4 "HOU" "" "VAN" "W" 17 1 38.8666666666667 0.669 0.667 2.7 25.8 14 8 1.4 0 10.4 21.8 127 99 18.7 4.6
"44" "43" 2001-01-27 25.41 "HOU" "@" "CHH" "W" 13 1 42.1833333333333 0.648 0.594 4.1 14.7 9.7 24.5 1.3 0 14.5 25.5 125 116 19.4 1.9
"45" "44" 2001-01-30 25.41 "HOU" "" "MIA" "L" -18 1 37.9166666666667 0.598 0.429 0 15.8 7.2 0 1.4 0 5.2 22.6 130 116 15.7 5.9
"46" "45" 2001-02-01 25.42 "HOU" "" "LAC" "L" -17 1 39.9 0.514 0.4 3.2 11.4 7.6 0 0 1.6 13.7 19.2 96 125 7.4 -5.5
"47" "46" 2001-02-03 25.42 "HOU" "@" "SAS" "L" -2 1 46.8 0.565 0.522 0 12.8 5.4 22.5 1.2 0 7.5 24.7 121 106 19.9 8.2
"48" "47" 2001-02-05 25.43 "HOU" "" "NYK" "W" 14 1 43.2166666666667 0.461 0.429 6 7 6.5 11.6 2.6 0 23.5 32.5 83 103 6.6 -8.8
"49" "48" 2001-02-07 25.44 "HOU" "@" "PHI" "W" 25 1 40.6166666666667 0.54 0.344 5.1 20.5 12.3 14.1 6.4 0 8.6 25.2 124 87 21.9 8.2
"50" "49" 2001-02-08 25.44 "HOU" "@" "DET" "W" 13 1 41.3333333333333 0.828 0.857 0 16.1 9.5 13.9 0 0 5.4 23.2 151 100 24 8.8
"51" "50" 2001-02-13 25.45 "HOU" "" "WAS" "W" 10 1 43.7 0.383 0.375 3 4.1 3.7 15.4 1.1 0 4.6 22.5 90 102 8.1 -4.7
"52" "51" 2001-02-16 25.46 "HOU" "@" "ORL" "L" -15 1 40.2166666666667 0.773 0.654 8 6.5 7.3 9.8 4.8 1.7 20 26 131 106 26.5 12.7
"53" "52" 2001-02-17 25.46 "HOU" "" "CLE" "W" 12 1 43.65 0.589 0.526 5.3 8.4 6.8 4.9 1.3 1.5 8.3 25 124 98 18.2 5.2
"54" "53" 2001-02-20 25.47 "HOU" "" "BOS" "W" 17 1 41.4666666666667 0.487 0.471 0 30.9 14.1 17.9 0 0 14.7 20.5 98 95 11 -1.5
"55" "54" 2001-02-21 25.47 "HOU" "@" "MIN" "W" 6 1 42 0.311 0.192 0 8.5 5 7.4 1.2 1.4 15.7 21.6 61 93 1.4 -8.7
"56" "55" 2001-02-23 25.48 "HOU" "" "ORL" "W" 10 1 48 0.673 0.679 9.4 4.1 6.2 3.6 3.2 0 0 15.7 150 104 20.8 6.6
"57" "56" 2001-02-26 25.49 "HOU" "" "POR" "L" -6 1 43.1666666666667 0.488 0.458 5.4 9.1 7.2 7.9 1.2 0 23.1 19.1 84 107 5.7 -3.8
"58" "57" 2001-02-28 25.49 "HOU" "@" "CHI" "W" 17 1 30.3833333333333 0.551 0.5 0 6.3 3.6 28.6 0 2 8.4 19.1 113 92 10.8 2.8
"59" "" 2001-03-01 25.5 "HOU" "@" "MIL" "W" 17 NA NA NA NA NA NA NA NA NA NA NA NA NA NA NA NA
"60" "" 2001-03-03 25.5 "HOU" "@" "DAL" "L" -5 NA NA NA NA NA NA NA NA NA NA NA NA NA NA NA NA
"61" "58" 2001-03-07 25.51 "HOU" "@" "ATL" "W" 6 1 44.3166666666667 0.476 0.447 4.7 4.8 4.8 27 1.2 0 8.3 23.6 107 109 14.5 0.9
"62" "59" 2001-03-08 25.52 "HOU" "" "LAC" "W" 12 1 41.6666666666667 0.52 0.267 0 7.1 3.8 0 1.3 0 8.6 25.5 109 101 12.2 -2.8
"63" "60" 2001-03-10 25.52 "HOU" "" "GSW" "W" 5 1 40.5833333333333 0.611 0.438 2.9 8.6 5.7 15.9 1.3 0 36.1 18.4 90 95 7.6 -3.7
"64" "61" 2001-03-11 25.52 "HOU" "@" "PHO" "L" -2 1 45.55 0.483 0.425 2.8 13.3 8.7 4.2 0 0 12.1 25.2 97 106 9.2 -3.7
"65" "62" 2001-03-13 25.53 "HOU" "" "IND" "W" 9 1 58.4166666666667 0.421 0.362 2.3 15 9.7 0 1.8 0 5.9 27.5 86 97 11.7 -3.7
"66" "63" 2001-03-15 25.53 "HOU" "" "NJN" "W" 2 1 45.2666666666667 0.727 0.694 0 18.3 10.3 38.8 1.2 0 8.8 25 140 117 29.9 12.1
"67" "64" 2001-03-17 25.54 "HOU" "" "SAS" "W" 4 1 45.0666666666667 0.525 0.478 7.6 20.2 13.5 12.6 4.8 0 10.8 29.3 106 107 20.8 4.1
"68" "65" 2001-03-20 25.55 "HOU" "@" "SAC" "L" -16 1 37.7166666666667 0.81 0.8 3.8 25.3 13.1 17.4 1.3 0 13.9 24.9 140 129 25.3 9.1
"69" "66" 2001-03-22 25.55 "HOU" "@" "LAC" "L" -5 1 45.3166666666667 0.492 0.45 4.2 11.2 7.2 7.5 0 0 12.3 25.4 97 118 9.2 -3.3
"70" "67" 2001-03-24 25.56 "HOU" "@" "SEA" "L" -3 1 43.0833333333333 0.601 0.536 3.5 10.4 7.4 8.2 0 1.5 5.7 20.7 127 119 15.2 0.9
"71" "68" 2001-03-27 25.57 "HOU" "" "UTA" "W" 23 1 29.4666666666667 0.533 0.444 0 14.7 9.3 21.3 1.9 0 22.5 23.6 93 99 6.7 -3.6
"72" "69" 2001-03-29 25.57 "HOU" "" "PHO" "L" -5 1 39.2 0.406 0.406 0 14 7 8.6 2.7 0 15.8 23.3 71 99 6.1 -3.9
"73" "70" 2001-03-31 25.58 "HOU" "@" "WAS" "W" 10 1 32.2833333333333 0.573 0.35 11 5.8 8.1 5.3 1.7 2 0 22.2 140 103 14.3 4.8
"74" "71" 2001-04-01 25.58 "HOU" "@" "NJN" "L" -3 1 40.3333333333333 0.546 0.423 5.6 17.1 11.3 9.2 1.3 0 10.3 21.8 115 115 14.3 -1
"75" "72" 2001-04-03 25.59 "HOU" "" "DAL" "L" -12 1 48 0.546 0.5 8 9.8 8.8 8.7 0 0 10.5 25.3 111 119 17.1 1
"76" "73" 2001-04-05 25.59 "HOU" "" "SEA" "W" 3 1 40.7333333333333 0.573 0.559 0 9.8 4.8 7.6 0 0 0 22.4 120 112 13.4 2.3
"77" "74" 2001-04-07 25.6 "HOU" "" "ATL" "W" 13 1 40.8 0.581 0.467 9.2 7.6 8.4 14.3 1.3 1.5 5.2 19.1 139 105 19.7 3.8
"78" "75" 2001-04-09 25.6 "HOU" "@" "UTA" "L" -15 1 35.45 0.244 0.182 0 3.4 1.7 5 0 0 14 19.3 51 119 -3.1 -12.9
"79" "76" 2001-04-10 25.61 "HOU" "" "DEN" "L" -1 1 42.2333333333333 0.637 0.579 5.1 9.5 7.4 20.8 0 0 4.5 24.1 140 117 22.8 7.9
"80" "77" 2001-04-13 25.61 "HOU" "@" "POR" "W" 6 1 40.6666666666667 0.639 0.545 3.7 10 7.4 11 1.3 0 22.1 20.9 109 113 12.1 -1.8
"81" "78" 2001-04-14 25.62 "HOU" "@" "VAN" "W" 5 1 34.05 0.542 0.542 4.4 14.9 11.1 20.5 0 0 14.3 20.2 108 107 10.3 -0.6
"82" "79" 2001-04-17 25.62 "HOU" "" "MIN" "W" 27 1 35.4666666666667 0.504 0.467 10.3 18.8 15.1 16.9 2.8 0 15.9 22.6 106 87 13.9 2.8
"1" "1" 2001-10-30 26.16 "HOU" "" "ATL" "W" 5 1 46.6833333333333 0.685 0.679 4.4 11.7 8 14.1 2.3 0 24.6 20.4 106 88 14.8 3.6
"2" "2" 2001-11-01 26.17 "HOU" "" "LAC" "W" 6 1 51.4166666666667 0.362 0.375 5.2 12.3 8.7 17.7 3.1 1.4 0 21.3 91 91 14.6 3.5
"3" "3" 2001-11-03 26.17 "HOU" "" "MIN" "L" -2 1 39.0833333333333 0.806 0.786 2.7 2.9 2.8 11.8 2.8 0 16.8 20.9 130 103 19.2 12.1
"4" "4" 2001-11-04 26.18 "HOU" "@" "PHO" "W" 3 1 42.7666666666667 0.77 0.75 0 8.2 4.1 10.8 1.3 1.5 15.1 23.3 125 113 18.5 5
"5" "5" 2001-11-06 26.18 "HOU" "" "DEN" "W" 6 1 46.3333333333333 0.44 0.389 2.7 11.9 7.6 3.3 1.2 4.2 4.9 19.6 105 105 11.8 -1.4
"6" "6" 2001-11-08 26.19 "HOU" "" "PHI" "W" 5 1 38.8166666666667 0.423 0.423 2.9 12.3 7.4 22.5 1.5 1.9 23.5 22.5 74 91 5.5 -3.9
"7" "7" 2001-11-09 26.19 "HOU" "@" "DEN" "L" -27 1 29.1333333333333 0.144 0.15 3.8 13.1 8.1 20.4 3.8 2.2 0 17.5 51 118 1.6 -7.7
"8" "" 2001-11-13 26.2 "HOU" "@" "SAS" "L" -4 NA NA NA NA NA NA NA NA NA NA NA NA NA NA NA NA
"9" "8" 2001-11-15 26.21 "HOU" "" "LAL" "L" -1 1 53 0.454 0.385 6.5 8.3 7.4 0 2.2 1.3 3.4 26.2 110 109 14.8 0.6
"10" "9" 2001-11-17 26.21 "HOU" "" "DAL" "W" 37 1 34.9 0.929 0.889 0 21.3 12.2 18.8 1.5 1.9 0 14.1 199 93 23.4 15.9
"11" "10" 2001-11-19 26.22 "HOU" "@" "SAC" "L" -36 1 32.8333333333333 0.607 0.556 0 10.6 5 0 0 0 23.3 18.6 87 125 5.2 -5.3
"12" "11" 2001-11-20 26.22 "HOU" "@" "POR" "W" 7 1 43.8833333333333 0.379 0.364 2.9 10.6 7 17.8 1.3 1.7 14.4 15.8 86 102 6.8 -4.8
"13" "12" 2001-11-23 26.23 "HOU" "@" "SEA" "L" -18 1 38.55 0.587 0.559 7 15.4 11.5 19 1.5 0 18.3 27.9 105 116 12.7 2.5
"14" "13" 2001-11-25 26.23 "HOU" "@" "LAC" "L" -7 1 40.8833333333333 0.41 0.333 6.3 13.4 9.8 17.1 2.8 0 17 21.8 86 108 8 -4.7
"15" "" 2001-11-27 26.24 "HOU" "" "SAC" "L" -5 NA NA NA NA NA NA NA NA NA NA NA NA NA NA NA NA
"16" "" 2001-11-30 26.25 "HOU" "@" "MEM" "L" -17 NA NA NA NA NA NA NA NA NA NA NA NA NA NA NA NA
"17" "" 2001-12-01 26.25 "HOU" "" "SAS" "L" -10 NA NA NA NA NA NA NA NA NA NA NA NA NA NA NA NA
"18" "14" 2001-12-03 26.25 "HOU" "@" "NYK" "L" -3 1 34.3166666666667 0.333 0.333 3.5 16.6 9.5 9.6 5.1 0 14.3 21.2 68 102 4.7 -6
"19" "15" 2001-12-04 26.26 "HOU" "@" "CHI" "L" -28 1 23.1833333333333 0.357 0.357 5.2 5.6 5.4 15.6 4.7 0 12.5 16.6 78 114 3.9 -4.3
"20" "16" 2001-12-06 26.26 "HOU" "" "WAS" "L" -3 1 43.4666666666667 0.526 0.477 4.5 7.4 5.9 11.9 0 0 20.2 31.5 92 109 10.5 -3.7
"21" "17" 2001-12-08 26.27 "HOU" "@" "MIN" "L" -10 1 39 0.517 0.474 2.9 12.3 6.8 14.7 0 1.9 12.9 26.8 106 125 11.5 -1
"22" "18" 2001-12-09 26.27 "HOU" "@" "DET" "L" -28 1 34.4166666666667 0.535 0.533 0 15.7 6.7 23.4 3.2 0 20.1 26.3 94 117 10.2 0.2
"23" "19" 2001-12-11 26.28 "HOU" "" "CLE" "L" -5 1 48 0.559 0.481 7.1 3.7 5.8 16 2.3 1.6 6.3 31 122 123 23.9 2.7
"24" "20" 2001-12-13 26.28 "HOU" "@" "IND" "L" -2 1 44.9333333333333 0.472 0.375 0 8.8 3.7 11.4 1.2 1.5 13.6 22.2 90 110 7.7 -6.8
"25" "21" 2001-12-15 26.29 "HOU" "" "MIA" "L" -3 1 43.5833333333333 0.44 0.389 2.4 16.8 9 22.4 2.6 1.5 13.4 25.1 88 87 12.5 3.6
"26" "22" 2001-12-18 26.3 "HOU" "" "POR" "L" -9 1 41.0166666666667 0.364 0.339 0 6.3 3 22.1 2.9 0 9.4 37.6 83 123 6.9 -10.5
"27" "23" 2001-12-20 26.3 "HOU" "" "LAL" "L" -6 1 33.55 0.523 0.5 0 15 7.4 0 0 0 5.5 24.3 103 123 8 -8.1
"28" "24" 2001-12-22 26.31 "HOU" "" "MIL" "W" 5 1 48 0.712 0.63 2.3 2.9 2.6 21.4 0 0 6.8 27.9 148 129 30.1 8.4
"29" "25" 2001-12-26 26.32 "HOU" "" "PHO" "L" -6 1 44.8666666666667 0.574 0.537 2.3 10.7 6.2 4.8 1.2 0 9.4 31.1 119 114 19.1 4.8
"30" "26" 2001-12-28 26.32 "HOU" "@" "GSW" "W" 7 1 45.95 0.587 0.545 4.6 3.3 3.9 3.9 0 1.1 10.2 28.1 125 115 18.4 2.3
"31" "27" 2001-12-30 26.33 "HOU" "@" "LAL" "L" -24 1 40.4333333333333 0.404 0.176 3.3 21.6 12.7 30.7 1.4 3.4 4.3 28.3 106 130 15.2 -0.4
"32" "28" 2002-01-03 26.34 "HOU" "" "DET" "W" 2 1 36.6333333333333 0.38 0.361 0 6.5 3.5 4.1 7.7 2.1 16.8 30.5 73 105 5.4 -5.4
"33" "29" 2002-01-05 26.35 "HOU" "" "IND" "L" -2 1 40.4 0.432 0.423 0 11.7 5.7 19.2 4.1 3.4 22.4 21.3 75 88 8.5 1.5
"34" "30" 2002-01-08 26.35 "HOU" "" "NYK" "W" 2 1 45.7833333333333 0.357 0.357 6.5 8.3 7.6 6.8 1.2 0 22.2 20.4 67 105 2 -11.7
"35" "31" 2002-01-10 26.36 "HOU" "@" "UTA" "L" -4 1 42.4 0.492 0.5 2.9 0 1.4 18 1.3 0 17.2 28.2 88 105 6.6 -2.9
"36" "32" 2002-01-12 26.36 "HOU" "" "DEN" "W" 12 1 42.9166666666667 0.437 0.429 0 5 2.9 10.7 3.7 0 11.8 19.2 84 95 7.7 -1.9
"37" "33" 2002-01-15 26.37 "HOU" "@" "PHI" "L" -6 1 43.7666666666667 0.659 0.667 2.7 8 5.4 3.8 1.3 0 5 21.7 133 121 16.4 2.9
"38" "34" 2002-01-16 26.38 "HOU" "@" "TOR" "L" -6 1 44.2833333333333 0.635 0.594 0 7.3 3.4 10.8 1.2 0 18.8 22.8 111 124 11.7 -4.3
"39" "35" 2002-01-18 26.38 "HOU" "@" "BOS" "W" 3 1 41.3333333333333 0.525 0.525 3 2.5 2.7 16.9 0 0 9.1 24.3 105 119 11.6 -1.1
"40" "36" 2002-01-19 26.38 "HOU" "@" "NJN" "L" -9 1 44.8833333333333 0.405 0.361 5.6 0 2.7 7.5 0 0 9.2 23.4 93 124 5.4 -8.4
"41" "37" 2002-01-21 26.39 "HOU" "@" "ATL" "L" -4 1 39.95 0.62 0.559 3.1 11.7 7.5 10.3 0 0 12.5 27.6 116 110 15.2 -0.2
"42" "38" 2002-01-22 26.39 "HOU" "" "DAL" "L" -6 1 41.5166666666667 0.793 0.763 0 16.3 7.7 9.9 0 0 12 24.7 142 124 24.3 5.5
"43" "39" 2002-01-24 26.4 "HOU" "" "NJN" "L" -5 1 45.6166666666667 0.7 0.604 0 7.5 3.8 10.7 2.3 0 9.3 31.6 136 117 29.1 10.4
"44" "40" 2002-01-26 26.4 "HOU" "@" "CHH" "W" 7 1 46.7 0.588 0.474 2.7 8.7 5.6 11.3 2.4 0 11.6 26.6 122 115 18.4 0.9
"45" "41" 2002-01-29 26.41 "HOU" "" "GSW" "W" 4 1 50.15 0.409 0.367 0 2 1.1 6.9 2.1 2.7 15.9 17.8 80 100 6.2 -3.7
"46" "42" 2002-01-31 26.42 "HOU" "@" "DAL" "L" -4 1 45.35 0.395 0.395 0 7.5 4.3 13 0 0 5 20.7 89 114 4.4 -8.4
"47" "43" 2002-02-01 26.42 "HOU" "" "CHH" "L" -1 1 48 0.526 0.548 0 4.4 2.4 17.6 3.6 0 12.1 26.6 97 88 11.8 4.6
"48" "44" 2002-02-04 26.43 "HOU" "" "UTA" "W" 7 1 45.75 0.824 0.781 0 2 1.4 19.4 2.5 1.2 9.9 23.7 151 120 26.6 9.2
"49" "45" 2002-02-06 26.43 "HOU" "@" "CLE" "L" -2 1 43.95 0.637 0.595 0 11.5 5.6 15.6 1.2 1.4 11.6 26.7 118 121 21.4 1.7
"50" "46" 2002-02-12 26.45 "HOU" "" "MEM" "W" 7 1 43.5333333333333 0.405 0.362 2.2 0 1.2 11.4 4.9 0 11.1 35.8 84 89 9 -1.7
"51" "47" 2002-02-16 26.46 "HOU" "" "ORL" "L" -9 1 45.1666666666667 0.513 0.5 0 14.4 6.3 4.2 5.7 0 7.1 26.8 107 109 17.1 4.4
"52" "48" 2002-02-18 26.47 "HOU" "@" "WAS" "W" 13 1 45.0333333333333 0.789 0.735 6.7 8.4 7.7 11.3 2.5 1.4 4.8 23.1 157 104 29.1 14
"53" "49" 2002-02-20 26.47 "HOU" "@" "MIL" "L" -39 1 34.2333333333333 0.269 0.214 5.8 10.5 7.4 0 3.4 0 11.8 22.5 66 134 0.6 -13.7
"54" "50" 2002-02-21 26.47 "HOU" "" "MIN" "W" 6 1 43.85 0.586 0.55 0 15.2 7.4 0 1.3 1.6 4.3 26 116 99 17.3 2.4
"55" "51" 2002-02-23 26.48 "HOU" "" "BOS" "W" 10 1 41.6666666666667 0.658 0.577 5.4 18.4 11 5.7 3.8 2.2 11.6 36.1 130 97 29.9 12.5
"56" "52" 2002-02-26 26.49 "HOU" "" "LAC" "L" -10 1 41.35 0.596 0.525 0 3.4 1.7 0 1.4 0 11.7 31.2 111 120 13.7 -0.4
"57" "53" 2002-03-02 26.5 "HOU" "@" "PHO" "W" 7 1 45.75 0.51 0.45 4.6 13.9 9.3 14.1 0 0 4.1 24.5 119 114 17 -1.7
"58" "54" 2002-03-03 26.5 "HOU" "@" "LAL" "L" -16 1 40.3 0.317 0.167 0 9.4 4.9 10.6 1.4 0 6.6 18 73 109 3.2 -6.6
"59" "55" 2002-03-05 26.51 "HOU" "" "TOR" "W" 3 1 37.5333333333333 0.592 0.579 6.8 6.5 6.7 13 0 0 9.3 27.7 124 131 13.8 -3.8
"60" "56" 2002-03-07 26.51 "HOU" "@" "SAS" "L" -2 1 42.0166666666667 0.479 0.475 0 12.2 5.9 13.9 2.6 1.5 8.7 24.4 99 112 13.1 0.9
"61" "57" 2002-03-08 26.52 "HOU" "" "GSW" "L" -13 1 45 0.589 0.58 1.9 9.1 5.2 8.8 1.1 0 13.2 27.2 105 112 17 2.2
"62" "58" 2002-03-10 26.52 "HOU" "" "UTA" "W" 3 1 44.1166666666667 0.571 0.476 0 6.3 3.5 8.7 3.7 1.3 7.5 29 111 103 20.5 5.4
"63" "59" 2002-03-12 26.53 "HOU" "" "SEA" "W" 3 1 44.95 0.725 0.708 2.2 8.4 5 5.3 1.2 0 7.1 29.8 134 115 27.3 9.3
"64" "60" 2002-03-13 26.53 "HOU" "@" "MIN" "W" 1 1 39.5833333333333 0.667 0.667 3.1 3.6 3.3 0 1.3 1.9 21.1 22.5 97 104 11.4 -0.1
"65" "61" 2002-03-16 26.54 "HOU" "" "CHI" "L" -2 1 56.2666666666667 0.567 0.533 0 8.5 4.1 10.2 0 0 3 28.6 117 116 23.5 0.8
"66" "62" 2002-03-18 26.54 "HOU" "@" "LAC" "L" -7 1 41.3833333333333 0.503 0.475 2.9 0 1.5 12.8 1.4 0 19.3 30.8 87 116 8.6 -5.6
"67" "63" 2002-03-19 26.55 "HOU" "@" "SAC" "L" -23 1 36.6 0.453 0.412 4.6 8.5 6.3 5.2 0 0 0 20.9 110 123 9.3 -3.1
"68" "64" 2002-03-22 26.55 "HOU" "@" "SEA" "L" -30 1 40.3166666666667 0.51 0.438 2.6 4 3.2 20.2 1.4 0 5.1 22.9 112 130 12.4 -0.6
"69" "65" 2002-03-24 26.56 "HOU" "@" "GSW" "W" 12 1 32.9666666666667 0.429 0.429 0 10.1 5.7 11.9 0 2 12.5 21 98 114 4.3 -8.4
"70" "66" 2002-03-26 26.56 "HOU" "@" "UTA" "L" -4 1 38.65 0.618 0.55 3.5 8 6.1 23.5 4.4 6.5 4.2 30.5 135 121 25.9 15.6
"71" "67" 2002-03-28 26.57 "HOU" "" "SAC" "L" -27 1 40.9333333333333 0.422 0.342 2 4.7 3.3 6.2 1.3 0 15.1 27.2 81 113 5.5 -4.6
"72" "68" 2002-03-30 26.58 "HOU" "" "PHO" "L" -2 1 42.1333333333333 0.522 0.469 0 6.5 3.2 4.8 4 0 9.9 22.4 102 103 12.1 0.2
"73" "69" 2002-04-02 26.58 "HOU" "" "SEA" "W" 2 1 37.9166666666667 0.494 0.393 0 0 0 4.7 1.5 0 5.8 21.2 117 117 7.7 -5.4
"74" "70" 2002-04-04 26.59 "HOU" "" "SAS" "L" -24 1 43.15 0.548 0.524 2.8 7 4.7 16 2.8 0 4.4 28.2 115 130 16.9 6
"75" "71" 2002-04-05 26.59 "HOU" "@" "MEM" "L" -18 1 39.3333333333333 0.437 0.421 0 14.8 7.2 5.1 2.9 0 17.1 27.2 79 111 6.2 -7.9
"76" "" 2002-04-08 26.6 "HOU" "@" "ORL" "L" -9 NA NA NA NA NA NA NA NA NA NA NA NA NA NA NA NA
"77" "72" 2002-04-09 26.6 "HOU" "@" "MIA" "L" -3 1 51.0166666666667 0.635 0.571 0 8.1 3.9 7 1.1 1.5 11.3 25.2 120 119 19.1 1.3
"78" "73" 2002-04-11 26.61 "HOU" "@" "DAL" "W" 3 1 48.8 0.533 0.48 4.8 10.6 8.2 8.3 2.3 0 6.8 29.4 111 103 19.7 1.9
"79" "74" 2002-04-12 26.61 "HOU" "" "POR" "L" -1 1 39.8 0.496 0.477 0 10.9 5.3 17.8 4.3 1.9 4 30.7 102 93 16.6 8.5
"80" "" 2002-04-14 26.62 "HOU" "" "MEM" "L" -3 NA NA NA NA NA NA NA NA NA NA NA NA NA NA NA NA
"81" "" 2002-04-16 26.62 "HOU" "@" "DEN" "L" -31 NA NA NA NA NA NA NA NA NA NA NA NA NA NA NA NA
"82" "" 2002-04-17 26.62 "HOU" "@" "POR" "L" -13 NA NA NA NA NA NA NA NA NA NA NA NA NA NA NA NA
"1" "1" 2002-10-30 27.16 "HOU" "@" "IND" "L" -9 1 43.45 0.513 0.5 0 6.4 3.3 5.9 0 2.9 8.5 23.9 105 104 11.1 0.8
"2" "2" 2002-11-01 27.17 "HOU" "@" "DEN" "W" 9 1 47 0.668 0.531 2.4 2.3 2.3 20.6 1.2 2.8 18.7 26.7 119 92 20.2 5.8
"3" "3" 2002-11-02 27.17 "HOU" "" "TOR" "W" 12 1 41.6333333333333 0.46 0.4 7.8 7.1 7.5 8.5 2.6 0 12.1 27.6 95 88 11.8 0.3
"4" "4" 2002-11-05 27.18 "HOU" "" "SEA" "L" -7 1 44.7 0.541 0.526 0 2.9 1.3 10.9 0 1.7 9 23.6 106 122 11 -3.1
"5" "5" 2002-11-09 27.19 "HOU" "" "GSW" "W" 7 1 43.4 0.555 0.5 2.5 2.7 2.6 10.8 2.4 1.7 15.1 25.7 108 119 14.7 -1
"6" "6" 2002-11-12 27.2 "HOU" "" "POR" "W" 3 1 36.9166666666667 0.281 0.25 0 9.7 4.8 16.7 3.2 0 13.9 19.3 67 104 2.7 -8.2
"7" "7" 2002-11-15 27.21 "HOU" "@" "PHO" "L" -1 1 38.5333333333333 0.658 0.722 6.5 14.1 10.1 17.1 0 0 28.8 17 102 109 9.3 0.8
"8" "8" 2002-11-17 27.21 "HOU" "@" "LAL" "W" 4 1 44.45 0.454 0.346 2.7 18.2 11.2 7.4 1.2 2.9 10.8 19.3 95 96 10.8 0.5
"9" "9" 2002-11-19 27.22 "HOU" "" "CLE" "W" 17 1 44.1166666666667 0.545 0.529 0 2.6 1.5 15.5 0 0 14.7 22.6 107 102 9.2 -4.1
"10" "10" 2002-11-21 27.22 "HOU" "@" "DAL" "L" -13 1 35.9833333333333 0.154 0 3 14.2 8.7 12.1 1.4 0 17 14.8 47 111 -0.9 -11.6
"11" "" 2002-11-22 27.22 "HOU" "" "WAS" "W" 7 NA NA NA NA NA NA NA NA NA NA NA NA NA NA NA NA
"12" "" 2002-11-24 27.23 "HOU" "@" "LAC" "L" -1 NA NA NA NA NA NA NA NA NA NA NA NA NA NA NA NA
"13" "11" 2002-12-07 27.27 "HOU" "" "PHI" "W" 25 1 41.75 0.559 0.538 0 8.2 4.4 15.2 1.3 1.7 17.3 18.8 104 84 10.5 0
"14" "12" 2002-12-10 27.27 "HOU" "" "SAC" "W" 7 1 43.0666666666667 0.441 0.4 5 11.6 8.4 15.2 3.6 0 5.9 17.6 105 101 12 1.2
"15" "13" 2002-12-13 27.28 "HOU" "@" "MEM" "L" -5 1 48.6 0.529 0.5 0 0 0 11.5 1.1 0 4.1 23 115 125 14.4 -2.4
"16" "14" 2002-12-14 27.28 "HOU" "" "LAC" "L" -11 1 40.4333333333333 0.531 0.5 0 3 1.5 15.4 1.4 0 0 21.8 120 116 12.5 1.8
"17" "15" 2002-12-16 27.29 "HOU" "@" "MIA" "W" 5 1 50.15 0.596 0.525 0 11 5.6 3.7 2.3 0 4.2 21.7 140 111 17.8 3.4
"18" "16" 2002-12-18 27.3 "HOU" "" "IND" "W" 12 1 42.7833333333333 0.397 0.267 4.5 7.6 5.9 16.1 2.6 0 14.5 19.8 102 98 7.2 -0.6
"19" "17" 2002-12-20 27.3 "HOU" "" "ATL" "W" 19 1 42.05 0.619 0.594 0 15.1 9.1 25.5 0 6.2 5.3 22.1 122 92 21.3 9.8
"20" "18" 2002-12-21 27.3 "HOU" "@" "MIN" "L" -12 1 39 0.432 0.385 2.8 6.2 4.4 17.7 1.4 0 6.7 17.7 99 115 8.6 -2.6
"21" "19" 2002-12-23 27.31 "HOU" "" "UTA" "L" -5 1 40.85 0.421 0.364 0 8.1 4.3 0 0 0 14.4 17.4 74 120 1.3 -11.8
"22" "20" 2002-12-27 27.32 "HOU" "" "NYK" "L" -16 1 35.8 0.286 0.286 5.1 8.7 6.8 7.5 3 0 12.5 19.8 64 109 1.6 -7.6
"23" "21" 2002-12-29 27.33 "HOU" "" "NOH" "W" 12 1 41.8166666666667 0.644 0.563 2.5 17.8 10.2 13.3 3.7 4.5 17.7 24.7 113 85 21.2 10
"24" "22" 2002-12-31 27.33 "HOU" "" "MIL" "W" 23 1 36.7166666666667 0.684 0.654 3.4 5.3 4.5 9 1.5 0 17.8 21.8 115 98 12.6 1.9
"25" "23" 2003-01-04 27.34 "HOU" "" "GSW" "L" -2 1 39.15 0.617 0.595 2.4 20.5 10.6 6.3 2.9 0 15.5 29.6 111 99 17.4 7.6
"26" "24" 2003-01-07 27.35 "HOU" "" "MIN" "W" 8 1 37.7833333333333 0.575 0.5 0 2.7 1.5 25.9 5.4 0 15.4 24.3 105 90 15.9 7.1
"27" "25" 2003-01-08 27.35 "HOU" "@" "ORL" "W" 10 1 44.55 0.504 0.462 3.3 16.5 11.4 21.4 1.3 0 12.6 16.6 117 95 11.7 2.9
"28" "26" 2003-01-10 27.36 "HOU" "@" "ATL" "L" -9 1 40.05 0.468 0.462 4.8 5.7 5.2 5.5 2.8 0 12.6 18.2 94 100 6.6 0.1
"29" "27" 2003-01-11 27.36 "HOU" "" "DEN" "W" 2 1 43.1666666666667 0.474 0.438 2.8 4.8 3.8 12.7 2.6 0 5.6 20.2 101 102 10 -1.3
"30" "28" 2003-01-13 27.37 "HOU" "" "BOS" "W" 9 1 45 0.607 0.556 4.1 10.3 8.2 23.4 3.6 0 20.2 27.3 106 103 18.6 1.9
"31" "29" 2003-01-15 27.37 "HOU" "" "PHO" "W" 6 1 39.1833333333333 0.601 0.5 3.2 9 6.5 10.7 1.3 1.6 10.7 32.7 115 107 20.5 5.6
"32" "30" 2003-01-17 27.38 "HOU" "" "LAL" "W" 4 1 49.9666666666667 0.678 0.559 0 8.2 4.6 16 3.3 0 12.3 23.6 127 107 22.7 5.5
"33" "31" 2003-01-20 27.39 "HOU" "@" "SAS" "L" -5 1 48 0.357 0.357 4.2 10 6.8 10.3 1.2 0 12.5 23 79 107 5 -6.4
"34" "32" 2003-01-21 27.39 "HOU" "@" "DAL" "L" -21 1 33.9333333333333 0.573 0.4 10.3 13.4 11.9 0 0 0 17.7 21.8 114 124 8.9 -1.6
"35" "33" 2003-01-24 27.4 "HOU" "" "DET" "L" -24 1 37.05 0.373 0.294 3.2 5.5 4.5 24.1 0 0 13.8 30.6 78 127 4.4 -5.9
"36" "34" 2003-01-26 27.4 "HOU" "@" "CHI" "L" -2 1 41.9666666666667 0.654 0.591 5.2 0 2.6 16.2 0 0 6.4 16.3 137 115 16.1 4.7
"37" "35" 2003-01-27 27.41 "HOU" "@" "MEM" "W" 5 1 44.2333333333333 0.454 0.367 2.9 4.5 3.8 12.3 1.2 0 5.4 19.2 104 113 9.3 -4.5
"38" "36" 2003-01-29 27.41 "HOU" "" "DAL" "L" -23 1 38.7333333333333 0.528 0.455 3 6 4.5 15.5 4 0 19.6 18 93 113 9.1 -1.3
"39" "37" 2003-01-31 27.42 "HOU" "" "MIN" "W" 20 1 41.8 0.679 0.643 0 14.7 7.7 16.8 0 0 5.8 18.1 143 114 19.7 3.9
"40" "38" 2003-02-02 27.42 "HOU" "" "SAC" "W" 16 1 34.9 0.918 0.955 0 11.9 6.4 17.3 4.2 2 8 15.6 164 87 21.6 16.1
"41" "39" 2003-02-04 27.43 "HOU" "@" "MIN" "L" -14 1 41.7833333333333 0.504 0.469 5.6 11.4 8 4.4 1.3 0 5.6 20.4 106 120 10.8 -1.7
"42" "40" 2003-02-05 27.43 "HOU" "@" "CLE" "L" -3 1 38.8833333333333 0.604 0.605 9.7 9 9.3 0 1.3 3.3 13.1 26.5 110 115 15.5 0.9
"43" "41" 2003-02-11 27.45 "HOU" "" "UTA" "L" -2 1 45.0833333333333 0.18 0.154 0 7.1 2.9 13.2 3.8 1.6 6.7 16 55 109 2 -6.6
"44" "42" 2003-02-12 27.45 "HOU" "@" "UTA" "W" 30 1 39.4333333333333 0.368 0.3 7.2 8 7.7 6.8 2.7 1.8 15.5 15.2 87 86 5.4 -2.3
"45" "43" 2003-02-14 27.45 "HOU" "" "MIA" "L" -12 1 42.4166666666667 0.396 0.35 0 9.8 4 15.2 1.4 0 0 13.8 103 116 6.2 -3
"46" "44" 2003-02-18 27.47 "HOU" "@" "LAL" "L" -7 1 51.2833333333333 0.432 0.367 2.2 17.3 9.4 3.8 2.3 0 5.1 17.6 102 106 8.8 -2.3
"47" "45" 2003-02-19 27.47 "HOU" "@" "PHO" "W" 18 1 40.0333333333333 0.594 0.467 2.6 5.6 4 29.4 1.4 4.1 13.9 23.6 133 103 19.5 7.6
"48" "46" 2003-02-21 27.47 "HOU" "" "DAL" "L" -15 1 37.7166666666667 0.559 0.538 4.4 13 7.9 5.6 1.4 0 6.5 17.4 122 116 11.4 2.7
"49" "47" 2003-02-22 27.48 "HOU" "" "MEM" "W" 11 1 41.15 0.738 0.706 2.5 10.4 6.4 9 2.6 1.6 4.8 23 145 90 24.9 14.2
"50" "48" 2003-02-24 27.48 "HOU" "@" "BOS" "W" 6 1 48.7333333333333 0.712 0.675 8.3 14.3 11.8 16.1 0 1.9 12.1 26.4 126 105 24.6 7.7
"51" "49" 2003-02-25 27.48 "HOU" "@" "NYK" "L" -7 1 44.7 0.636 0.588 0 11.9 6.5 10 2.3 0 4.8 23.3 122 112 19.1 3.4
"52" "50" 2003-02-27 27.49 "HOU" "@" "WAS" "L" -2 1 44 0.548 0.548 2.8 8.3 5 13.9 2.6 0 4.4 26.2 116 108 16.1 6.4
"53" "51" 2003-03-02 27.5 "HOU" "" "SAS" "L" -9 1 36.6333333333333 0.311 0.25 0 10 5.1 4.2 0 2 0 17 77 117 1.5 -8.1
"54" "52" 2003-03-04 27.5 "HOU" "@" "DET" "L" -13 1 44.0333333333333 0.636 0.588 2.7 3 2.9 16.3 0 0 13.3 25.9 119 127 15.6 1.8
"55" "53" 2003-03-05 27.51 "HOU" "@" "TOR" "W" 2 1 45.05 0.415 0.375 7.6 7.8 7.7 2.9 1.2 1.6 10.6 18.8 96 114 7.4 -3.8
"56" "54" 2003-03-08 27.52 "HOU" "" "NJN" "W" 12 1 45.9666666666667 0.551 0.533 2.3 4.6 3.5 8.1 1.2 0 15.5 20.2 102 91 9.8 0.7
"57" "55" 2003-03-12 27.53 "HOU" "" "LAC" "W" 4 1 53 0.648 0.594 2.5 14.3 8 10.5 2.9 3.1 14.5 18.1 120 108 19.8 3.5
"58" "56" 2003-03-14 27.53 "HOU" "" "CHI" "W" 30 1 35.7833333333333 0.697 0.625 0 5.9 3.6 15 2.7 0 17.7 14.6 122 98 12 0.1
"59" "57" 2003-03-16 27.54 "HOU" "" "PHO" "W" 10 1 43 0.597 0.55 0 4.9 2.8 29.6 1.3 1.6 21.6 16.8 107 95 12.2 5.1
"60" "58" 2003-03-18 27.54 "HOU" "@" "SEA" "L" -6 1 40.35 0.45 0.406 0 3.4 1.7 13.4 1.3 0 14.5 24.7 86 115 5.6 -6.6
"61" "59" 2003-03-19 27.55 "HOU" "@" "POR" "L" -11 1 37.8833333333333 0.482 0.458 0 11.8 5.8 4.4 0 0 13.9 19.3 85 118 4.4 -7.4
"62" "60" 2003-03-21 27.55 "HOU" "@" "GSW" "W" 10 1 41.2 0.647 0.588 2.7 7.6 5.3 7.4 1.2 0 9.1 21.9 132 112 17.3 2.6
"63" "61" 2003-03-23 27.56 "HOU" "@" "SAC" "L" -1 1 40.1 0.564 0.438 0 0 0 3.5 3.8 0 23.5 13.8 92 118 5.7 -5.5
"64" "62" 2003-03-24 27.56 "HOU" "@" "LAC" "W" 18 1 35.7166666666667 0.558 0.538 0 9.5 5.8 16.2 0 0 13 20.9 111 107 9.2 -3.1
"65" "63" 2003-03-26 27.56 "HOU" "" "LAL" "L" -3 1 37.8333333333333 0.49 0.429 3.3 0 1.7 9.1 4.5 0 6.1 19.6 122 114 10.1 2.4
"66" "64" 2003-03-27 27.57 "HOU" "@" "SAS" "L" -13 1 36 0.509 0.444 0 10.3 5.2 10.4 1.5 0 8.8 30.1 103 113 11.7 2.2
"67" "65" 2003-03-29 27.57 "HOU" "" "DEN" "W" 13 1 44.2166666666667 0.436 0.333 0 13.1 7.2 3.4 2.4 1.4 17.9 17.7 78 98 5.8 -7.9
"68" "" 2003-03-31 27.58 "HOU" "@" "NJN" "L" -24 NA NA NA NA NA NA NA NA NA NA NA NA NA NA NA NA
"69" "66" 2003-04-02 27.58 "HOU" "@" "MIL" "L" -7 1 45.7 0.577 0.577 0 6.7 4 3.8 1.1 1.5 23.5 17.7 86 117 7.2 -2.9
"70" "67" 2003-04-04 27.59 "HOU" "@" "PHI" "W" 9 1 45 0.51 0.45 2.2 2.2 2.2 11.5 0 0 20.3 14.4 100 102 4.7 -4.3
"71" "68" 2003-04-06 27.59 "HOU" "" "ORL" "W" 21 1 40.6 0.792 0.682 0 17.6 9.5 14.2 1.2 6.2 25.6 20 129 96 19.6 6.9
"72" "69" 2003-04-08 27.6 "HOU" "" "POR" "L" -15 1 44.4666666666667 0.311 0.25 4.1 16 8.8 4.8 4.3 0 23.7 17.2 63 103 3 -6
"73" "70" 2003-04-09 27.6 "HOU" "@" "UTA" "L" -21 1 30.7166666666667 0.409 0.409 8 7.4 7.7 13.3 0 0 8.3 17.4 100 122 5.2 -1.7
"74" "71" 2003-04-12 27.61 "HOU" "" "SEA" "W" 15 1 36.7666666666667 0.66 0.625 0 10.2 5.3 12.2 0 0 7.2 17.7 129 102 12.2 0.9
"75" "72" 2003-04-15 27.62 "HOU" "" "MEM" "W" 11 1 41.6166666666667 0.643 0.643 3 0 1.4 16.9 1.3 0 17.6 18.6 114 108 12.1 0.7
"76" "73" 2003-04-16 27.62 "HOU" "@" "DEN" "W" 5 1 41.4333333333333 0.538 0.5 11.1 11.8 11.5 22.7 0 0 16.8 19.8 108 101 12.2 -0.1
"1" "1" 2003-10-30 28.16 "HOU" "" "DEN" "W" 17 1 42.1833333333333 0.538 0.438 0 20.3 11.1 7.6 3.7 0 13.3 23.6 109 87 15.2 3.2
"2" "2" 2003-11-01 28.17 "HOU" "" "MEM" "L" -8 1 38.7833333333333 0.5 0.5 6.7 5.5 6 19.4 1.5 0 25 14.7 89 103 6 -0.8
"3" "3" 2003-11-03 28.17 "HOU" "@" "CHI" "W" 32 1 31.6333333333333 0.595 0.55 0 11.7 7.5 10.1 5.1 2.4 7.8 21.2 109 70 13.5 7.7
"4" "4" 2003-11-04 28.18 "HOU" "@" "NJN" "W" 11 1 43.3333333333333 0.929 1 0 0 0 17.1 1.3 0 21.8 16.1 142 95 16.1 8.9
"5" "5" 2003-11-08 28.19 "HOU" "" "ORL" "W" 10 1 41.6666666666667 0.706 0.714 0 5.2 2.7 8.9 0 0 16.8 19.5 122 110 12.6 -0.6
"6" "6" 2003-11-11 28.19 "HOU" "" "MIA" "W" 20 1 40.7166666666667 0.672 0.643 0 13.6 7.5 12.9 4.2 0 0 28.2 134 82 25.6 16.5
"7" "7" 2003-11-13 28.2 "HOU" "@" "DAL" "L" -11 1 35.4666666666667 0.383 0.25 0 16.3 8 4.5 0 0 14.5 18.8 75 116 1.8 -10.4
"8" "8" 2003-11-14 28.2 "HOU" "" "PHO" "W" 5 1 41.9333333333333 0.303 0.231 2.3 5.6 3.8 30.9 2.5 0 0 17.1 93 96 8.6 1.7
"9" "9" 2003-11-16 28.21 "HOU" "@" "TOR" "L" -4 1 52.4333333333333 0.529 0.429 4.9 2.7 3.8 17.1 3.3 0 25 22.1 93 104 10.3 0.7
"10" "10" 2003-11-17 28.21 "HOU" "@" "PHI" "W" 8 1 42.2 0.563 0.563 0 7.6 3.6 19 0 0 19.2 22.7 95 84 7.6 2.4
"11" "11" 2003-11-19 28.22 "HOU" "" "GSW" "W" 2 1 40.5166666666667 0.318 0.318 2.9 7 4.8 12.2 4.4 0 15.4 16.7 72 98 3.3 -6
"12" "12" 2003-11-21 28.22 "HOU" "@" "POR" "L" -7 1 39.7666666666667 0.654 0.654 0 14.4 8.2 11.1 1.5 1.8 18.8 20.5 105 103 11 3.2
"13" "13" 2003-11-24 28.23 "HOU" "@" "LAC" "W" 15 1 38.25 0.407 0.4 3.6 21.1 13.7 26 0 0 0 24.7 110 99 11.1 -2.5
"14" "14" 2003-11-26 28.24 "HOU" "@" "UTA" "L" -7 1 41.0166666666667 0.636 0.636 0 2.9 1.4 18.9 1.4 1.7 26.7 17 101 109 7.2 1.9
"15" "15" 2003-11-28 28.24 "HOU" "@" "SAC" "L" -29 1 32.9833333333333 0.69 0.636 0 16.6 7.5 7.5 1.6 0 14 20.7 122 113 12.6 6.8
"16" "16" 2003-11-29 28.24 "HOU" "@" "SEA" "L" -7 1 40.5333333333333 0.436 0.333 0 22.3 11.1 4.4 2.7 0 0 12.4 104 107 7.8 0.3
"17" "17" 2003-12-03 28.25 "HOU" "" "UTA" "W" 6 1 51.4 0.759 0.694 0 17.8 9.9 21.1 0 1.6 8.7 22.1 154 110 26.6 9.7
"18" "18" 2003-12-05 28.26 "HOU" "@" "NOH" "W" 9 1 42.5333333333333 0.601 0.583 6.8 10.1 8.7 19.1 0 0 13.1 18.9 119 101 11.4 2.9
"19" "19" 2003-12-06 28.26 "HOU" "" "DET" "W" 6 1 35.8333333333333 0.521 0.5 0 3.7 1.7 4.6 4.7 2.3 18.2 22.2 90 90 7.8 1
"20" "20" 2003-12-09 28.27 "HOU" "" "POR" "W" 2 1 37.9833333333333 0.629 0.531 0 5.9 3.5 18.8 3.1 2 0 25.8 144 109 21.7 11.4
"21" "21" 2003-12-11 28.28 "HOU" "" "SAS" "L" -4 1 37.1666666666667 0.638 0.643 0 18.7 10.6 20.7 3.1 2.1 16.8 24.4 106 77 14.3 12
"22" "22" 2003-12-13 28.28 "HOU" "@" "SAS" "L" -13 1 36.35 0.5 0.5 0 20 9.2 6.5 1.7 0 22.2 12.2 80 109 3.2 -5.3
"23" "23" 2003-12-16 28.29 "HOU" "@" "MIN" "L" -17 1 32.3 0.25 0.25 0 14.2 7 11.6 3.3 2.1 33.3 18.3 38 101 0.5 -8.2
"24" "24" 2003-12-17 28.29 "HOU" "@" "CLE" "W" 4 1 41.6 0.563 0.563 0 16.1 9.2 25.4 1.3 1.6 5.9 20.9 113 96 16.6 5.4
"25" "25" 2003-12-19 28.3 "HOU" "" "LAC" "W" 14 1 34.9 0.693 0.667 7.4 12.7 10.5 10.3 1.5 1.9 15.9 25.4 121 95 16.5 4.6
"26" "26" 2003-12-20 28.3 "HOU" "@" "PHO" "L" -15 1 40.2666666666667 0.429 0.313 2.5 6.5 4.2 19.3 1.3 0 17.7 24.6 87 116 7.5 -5.2
"27" "27" 2003-12-23 28.31 "HOU" "" "IND" "L" -8 1 35.0166666666667 0.154 0.154 5.6 5.8 5.7 18.5 1.7 0 0 18.4 54 101 0 -7.7
"28" "28" 2003-12-25 28.32 "HOU" "@" "LAL" "W" 12 1 40.0666666666667 0.508 0.462 0 7.2 4.1 16.5 0 0 11.9 19.8 103 105 8 -1.6
"29" "29" 2003-12-26 28.32 "HOU" "@" "DEN" "L" -1 1 40.8333333333333 0.73 0.611 0 9.4 5.3 18.1 0 1.7 14.7 15.6 140 111 14.1 5.1
"30" "30" 2003-12-29 28.33 "HOU" "" "SEA" "L" -1 1 39.3166666666667 0.412 0.412 3 5.1 4.1 15.1 2.8 0 15 24 82 103 6.1 -4.1
"31" "31" 2003-12-31 28.33 "HOU" "" "PHI" "W" 8 1 41.75 0.769 0.769 2.5 16 9 20.5 2.7 0 18.8 18.4 130 83 17.2 12.6
"32" "32" 2004-01-03 28.34 "HOU" "" "UTA" "W" 21 1 39.9166666666667 0.558 0.444 0 8.8 4.9 4.4 3.1 0 7.9 16.5 119 82 10.1 3.2
"33" "33" 2004-01-05 28.35 "HOU" "" "GSW" "W" 18 1 38.1333333333333 0.485 0.464 3.8 16.1 11.1 9.2 3 2.3 12.2 21.5 93 72 10.8 5
"34" "34" 2004-01-07 28.35 "HOU" "@" "DET" "L" -19 1 34.8 0.311 0.25 0 6.4 3.1 6.7 0 2.2 18.9 23.5 57 110 -1.4 -8.4
"35" "35" 2004-01-08 28.35 "HOU" "@" "NYK" "W" 32 1 37.6333333333333 0.521 0.5 0 7.4 4.3 13.2 4.1 0 0 16.9 119 86 12.5 5.4
"36" "36" 2004-01-11 28.36 "HOU" "" "BOS" "L" -4 1 43.1833333333333 0.441 0.441 0 15.9 7.2 32.8 2.6 0 10.5 20.8 106 113 11.8 -0.9
"37" "37" 2004-01-13 28.37 "HOU" "@" "WAS" "W" 13 1 41.7166666666667 0.454 0.433 3.6 2.7 3 12.2 1.4 0 10.2 23 97 103 7.6 -6.9
"38" "38" 2004-01-14 28.37 "HOU" "@" "BOS" "W" 15 1 38.3333333333333 0.716 0.7 0 10.8 6.5 31.7 1.5 0 10.7 25.5 131 97 19.9 10.7
"39" "39" 2004-01-17 28.38 "HOU" "" "MIN" "W" 19 1 42.9166666666667 0.342 0.342 0 17.4 9.9 19.7 2.6 3.5 5 22.2 92 83 9.7 2.8
"40" "40" 2004-01-19 28.38 "HOU" "@" "MEM" "L" -5 1 43.1666666666667 0.437 0.429 0 5.1 2.6 24.4 2.7 0 6.3 18.5 101 109 9.8 1.9
"41" "41" 2004-01-21 28.39 "HOU" "" "NYK" "W" 15 1 35.4166666666667 0.333 0.333 0 16.3 8.7 20.4 1.5 0 20 21.1 68 85 3.4 -5.3
"42" "42" 2004-01-23 28.39 "HOU" "@" "IND" "W" 4 1 41.7333333333333 0.432 0.385 2.9 7.3 5.3 23.4 2.8 0 12.6 18.9 101 91 9.6 4.2
"43" "43" 2004-01-25 28.4 "HOU" "@" "ORL" "W" 12 1 32.9 0.53 0.5 0 10.1 5.6 4.5 1.7 0 15 20.2 94 104 5.2 -5.3
"44" "44" 2004-01-26 28.4 "HOU" "@" "MIA" "L" -14 1 37.8833333333333 0.435 0.346 0 14 6.5 6 0 0 11.1 24.6 85 120 4.8 -6
"45" "45" 2004-01-28 28.41 "HOU" "" "SAC" "L" -5 1 42.4333333333333 0.503 0.472 2.9 10.6 6.9 0 2.5 0 17.5 24 92 107 8.3 -1.9
"46" "46" 2004-01-31 28.42 "HOU" "" "NJN" "L" -11 1 38.7 0.674 0.571 3.4 4 3.7 20.3 3.1 0 34.2 20.6 95 110 8.1 0.2
"47" "47" 2004-02-02 28.42 "HOU" "@" "PHO" "L" -20 1 39.8333333333333 0.38 0.333 0 22.1 9.4 10.4 2.6 2.3 12.5 26.6 74 104 5.8 -3.8
"48" "48" 2004-02-04 28.43 "HOU" "" "MIL" "W" 14 1 37.6 0.745 0.682 0 13.7 7.6 12.5 0 0 0 16.7 155 107 16.5 5.8
"49" "49" 2004-02-06 28.43 "HOU" "" "CHI" "W" 2 1 40.6666666666667 0.468 0.423 0 16.1 9.5 18.6 1.3 0 0 17 100 89 11.8 2.5
"50" "50" 2004-02-07 28.44 "HOU" "@" "ATL" "W" 9 1 38.9666666666667 0.631 0.591 3.4 2.9 3.2 17.7 5.7 5.6 14.4 18.2 115 82 16.1 13.9
"51" "51" 2004-02-09 28.44 "HOU" "" "SAS" "L" -3 1 44.25 0.5 0.5 6.4 8.2 7.4 16.4 1.3 0 7.7 14.4 112 106 9.9 2.7
"52" "52" 2004-02-11 28.45 "HOU" "" "LAL" "W" 15 1 43.95 0.739 0.667 0 14.9 8.6 33.7 0 1.7 17.4 20.1 139 106 21.9 11.1
"53" "53" 2004-02-17 28.46 "HOU" "" "WAS" "W" 26 1 27.6333333333333 0.676 0.625 0 0 0 13.8 1.9 0 31.1 21.2 98 98 6.7 -3.2
"54" "54" 2004-02-21 28.47 "HOU" "@" "DAL" "L" -9 1 45.25 0.381 0.381 2.4 2.4 2.4 11.2 2.4 1.5 4.5 23.1 88 114 7.3 -1.6
"55" "55" 2004-02-22 28.48 "HOU" "" "ATL" "W" 2 1 60.2 0.618 0.575 4.6 9.9 7.5 10.2 0 0 4.2 19.2 133 114 20 1
"56" "56" 2004-02-24 28.48 "HOU" "@" "SAS" "L" -9 1 43.0166666666667 0.446 0.364 0 9.6 4.3 30.6 2.8 0 28.9 20.5 82 108 6.5 -1.2
"57" "57" 2004-02-25 28.48 "HOU" "" "CLE" "W" 6 1 40.3333333333333 0.718 0.714 2.4 13.5 8.2 14.4 2.7 0 11.5 19.9 129 95 20 9.3
"58" "58" 2004-02-27 28.49 "HOU" "" "POR" "W" 4 1 44.1833333333333 0.581 0.583 0 19.3 8.8 22.9 3.9 0 6.8 17.2 118 97 16.4 7.8
"59" "59" 2004-02-29 28.5 "HOU" "" "SEA" "L" -17 1 39.0166666666667 0.379 0.318 2.8 13 7.5 5.8 1.5 0 20.2 18.9 69 120 2.3 -9.3
"60" "60" 2004-03-03 28.5 "HOU" "" "LAL" "L" -3 1 34.85 0.192 0.192 3.9 14.8 9.5 17 1.5 0 18.8 23 50 107 -2.2 -13.7
"61" "61" 2004-03-05 28.51 "HOU" "@" "MIN" "W" 3 1 44.5333333333333 0.567 0.533 0 9.7 4.6 16.9 1.2 0 5.9 17.9 118 124 13.5 0
"62" "62" 2004-03-07 28.52 "HOU" "" "DAL" "W" 3 1 39.5 0.472 0.417 3.2 22.4 13.3 3.6 1.3 0 26.7 19.6 81 101 5.2 -4.8
"63" "63" 2004-03-09 28.52 "HOU" "" "LAC" "W" 5 1 29.7666666666667 0.484 0.444 4.2 12.6 8.4 13 0 0 22.5 20.4 82 98 4.5 -6
"64" "64" 2004-03-11 28.53 "HOU" "" "NOH" "W" 11 1 45.2333333333333 0.789 0.765 2.7 9.1 6.2 9.1 0 0 9.2 24.1 142 105 23.2 9.3
"65" "65" 2004-03-13 28.53 "HOU" "" "MEM" "W" 8 1 40.2666666666667 0.536 0.536 0 10.4 6.2 9.4 2.8 1.8 12.5 20.2 100 94 9.7 1.5
"66" "66" 2004-03-15 28.54 "HOU" "" "PHO" "L" -2 1 49.2666666666667 0.46 0.425 5.1 12.9 9.6 26.2 0 0 15.5 24.3 97 103 10.1 -2.5
"67" "67" 2004-03-19 28.55 "HOU" "@" "GSW" "L" -6 1 41.9166666666667 0.816 0.786 5.6 5.9 5.7 11.1 0 2 24.6 21.4 126 111 16.3 6.3
"68" "68" 2004-03-21 28.55 "HOU" "@" "SAC" "L" -5 1 40.9 0.533 0.533 2.9 9.5 6 8.1 2.6 2.3 16.7 20.6 97 111 9.8 -1.7
"69" "69" 2004-03-22 28.56 "HOU" "@" "POR" "W" 8 1 50.2666666666667 0.455 0.455 0 10.4 6 24.4 0 1.6 8.3 12.4 110 103 10.3 1
"70" "70" 2004-03-24 28.56 "HOU" "" "TOR" "W" 1 1 51.05 0.535 0.5 0 14.3 7.7 7.5 2.2 0 11.2 17.4 101 94 10.4 1.3
"71" "71" 2004-03-26 28.57 "HOU" "@" "MEM" "L" -23 1 30.2333333333333 0.222 0.222 0 15.2 8.2 10.7 1.8 0 25 19.2 43 120 -2.1 -13.9
"72" "72" 2004-03-28 28.57 "HOU" "@" "MIL" "W" 4 1 45.1333333333333 0.62 0.607 0 11 6.7 14.1 1.2 0 11.5 18.8 111 106 12.6 1.6
"73" "73" 2004-03-29 28.58 "HOU" "" "MIN" "L" -6 1 46.2166666666667 0.44 0.389 0 22.4 11.3 13.2 2.3 3 0 19.1 111 101 15.7 5.8
"74" "74" 2004-04-01 28.58 "HOU" "@" "LAL" "L" -8 1 44.9166666666667 0.565 0.565 0 6.7 3.4 5.3 2.2 1.6 8 25.4 98 100 16.6 5.4
"75" "75" 2004-04-02 28.59 "HOU" "@" "DEN" "L" -10 1 43.35 0.507 0.467 2.6 10.1 6.4 6.7 1.1 0 10.7 18.8 101 115 9.2 -2.9
"76" "76" 2004-04-04 28.59 "HOU" "" "SAC" "L" -5 1 37.1666666666667 0.625 0.625 0 19.1 9 0 2.7 2.2 20 18.3 88 101 9.8 1.6
"77" "77" 2004-04-06 28.6 "HOU" "@" "GSW" "L" -7 1 39.9333333333333 0.619 0.625 0 12 5.4 12.9 1.4 0 0 10.7 136 115 10.6 2.4
"78" "78" 2004-04-07 28.6 "HOU" "@" "LAC" "W" 23 1 35.35 0.547 0.5 3.7 7.8 6.1 17.6 3 0 13.5 29.4 109 92 14.5 0.7
"79" "79" 2004-04-09 28.61 "HOU" "" "DEN" "W" 3 1 43.5666666666667 0.615 0.588 0 9.4 4.6 8.3 1.2 2.9 5.3 19.8 121 114 17 4.1
"80" "80" 2004-04-10 28.61 "HOU" "@" "UTA" "L" -13 1 37.9166666666667 0.631 0.591 0 14.9 7.3 0 1.5 4.5 29.6 22.9 82 98 6.7 2.2
"81" "" 2004-04-12 28.61 "HOU" "@" "SEA" "W" 4 NA NA NA NA NA NA NA NA NA NA NA NA NA NA NA NA
"82" "" 2004-04-14 28.62 "HOU" "" "DAL" "L" -3 NA NA NA NA NA NA NA NA NA NA NA NA NA NA NA NA
"1" "1" 2004-11-03 29.17 "ORL" "" "MIL" "W" 1 1 33.4666666666667 0.45 0.375 0 2.7 1.5 8.3 1.4 0 13.1 19.7 85 97 5.1 -4.3
"2" "2" 2004-11-05 29.18 "ORL" "@" "NOH" "W" 1 1 34.3333333333333 0.547 0.5 3.3 17.2 10.1 12.3 4.8 2.3 14.4 18.6 109 93 11.4 4.5
"3" "3" 2004-11-06 29.18 "ORL" "@" "CHA" "L" -11 1 29.0666666666667 0.691 0.607 3 8.3 5.2 8.1 3.3 0 19.4 27.8 119 109 13.6 6.8
"4" "4" 2004-11-09 29.19 "ORL" "" "DAL" "W" 10 1 18.85 0.376 0.25 11.2 11.7 11.5 25.3 0 3 0 20.2 102 87 6.9 4.4
"5" "" 2004-11-10 29.19 "ORL" "@" "WAS" "L" -10 NA NA NA NA NA NA NA NA NA NA NA NA NA NA NA NA
"6" "" 2004-11-12 29.2 "ORL" "" "LAL" "W" 9 NA NA NA NA NA NA NA NA NA NA NA NA NA NA NA NA
"7" "" 2004-11-14 29.2 "ORL" "@" "PHI" "L" -9 NA NA NA NA NA NA NA NA NA NA NA NA NA NA NA NA
"8" "" 2004-11-17 29.21 "ORL" "" "UTA" "W" 15 NA NA NA NA NA NA NA NA NA NA NA NA NA NA NA NA
"9" "" 2004-11-20 29.22 "ORL" "@" "IND" "W" 3 NA NA NA NA NA NA NA NA NA NA NA NA NA NA NA NA
"10" "" 2004-11-24 29.23 "ORL" "" "POR" "L" -6 NA NA NA NA NA NA NA NA NA NA NA NA NA NA NA NA
"11" "" 2004-11-26 29.24 "ORL" "@" "ATL" "W" 18 NA NA NA NA NA NA NA NA NA NA NA NA NA NA NA NA
"12" "" 2004-11-27 29.24 "ORL" "" "PHI" "W" 6 NA NA NA NA NA NA NA NA NA NA NA NA NA NA NA NA
"13" "" 2004-11-29 29.24 "ORL" "" "BOS" "L" -16 NA NA NA NA NA NA NA NA NA NA NA NA NA NA NA NA
"14" "5" 2004-12-01 29.25 "ORL" "" "TOR" "W" 21 0 14.65 0.707 0.75 8.6 19.4 14.7 11.3 0 0 8.1 35.4 131 106 11.9 10.7
"15" "6" 2004-12-03 29.25 "ORL" "@" "NYK" "W" 6 0 35.5333333333333 0.669 0.619 7 14.8 10.8 12.3 5.8 2.1 7.3 34.8 135 95 28 18.5
"16" "7" 2004-12-04 29.26 "ORL" "" "MEM" "W" 5 1 37.0666666666667 0.409 0.385 0 3.3 1.6 18 2.7 4.3 13 18.6 86 99 7.6 -0.7
"17" "8" 2004-12-06 29.26 "ORL" "@" "DEN" "L" -13 1 38.6333333333333 0.638 0.708 0 9 4.5 9 0 0 0 15 129 122 11.7 2.5
"18" "9" 2004-12-08 29.27 "ORL" "@" "UTA" "W" 6 1 38.5833333333333 0.727 0.735 0 2.8 1.5 13.7 2.6 2.9 5.3 21.1 144 106 21.7 13.3
"19" "10" 2004-12-10 29.27 "ORL" "@" "GSW" "W" 4 1 36.55 0.417 0.417 3 3.6 3.3 0 1.4 0 14.3 25.3 83 119 3 -9.5
"20" "11" 2004-12-12 29.28 "ORL" "@" "LAL" "L" -7 1 35.6333333333333 0.382 0.382 3.5 2.6 3 15.5 0 0 5.6 23.9 90 130 3.9 -10.8
"21" "12" 2004-12-13 29.28 "ORL" "@" "PHO" "L" -21 1 33.4 0.444 0.438 3 6.2 4.5 5.3 0 0 0 20.6 106 130 7.4 -2.5
"22" "13" 2004-12-15 29.29 "ORL" "@" "SAS" "L" -3 1 40.15 0.591 0.531 2.7 19.5 10.4 10.6 2.6 0 10.1 22.5 114 101 16.1 8
"23" "14" 2004-12-18 29.3 "ORL" "" "DEN" "W" 22 1 25.2666666666667 1.019 1 0 10.1 6.1 0 1.9 0 30 22.9 122 99 12.5 5.1
"24" "15" 2004-12-19 29.3 "ORL" "@" "MIA" "L" -10 1 32.85 0.745 0.731 0 8.6 4.2 5.1 0 2.2 6.3 22.7 146 130 15.1 4.8
"25" "16" 2004-12-22 29.31 "ORL" "" "SAS" "W" 6 1 34.9166666666667 0.5 0.5 0 10.4 5.8 26.2 1.5 0 15.4 17.4 95 98 9 2.2
"26" "17" 2004-12-27 29.32 "ORL" "" "NYK" "L" -8 1 37.85 0.716 0.667 0 6.5 3.5 5.5 4.1 1.8 15.2 23.8 130 124 17.9 7
"27" "18" 2004-12-29 29.33 "ORL" "" "MIL" "L" -6 1 30.6833333333333 0.69 0.682 0 0 0 0 0 0 14 18.8 126 125 8.1 -1.7
"28" "19" 2005-01-01 29.33 "ORL" "@" "CHI" "L" -15 1 26.6333333333333 0.276 0.2 0 0 0 13.4 1.8 0 15.5 19.8 59 113 -1 -12.1
"29" "20" 2005-01-03 29.34 "ORL" "@" "TOR" "L" -11 1 29.6833333333333 0.468 0.4 0 0 0 5.5 0 0 7.8 20.7 92 129 4.1 -7.2
"30" "21" 2005-01-05 29.35 "ORL" "" "SEA" "W" 18 1 26.4666666666667 0.464 0.464 0 10.9 6.1 5.5 0 0 6.7 24.7 106 107 5.4 -7.2
"31" "22" 2005-01-07 29.35 "ORL" "" "CHA" "W" 20 1 22.0166666666667 0.291 0.25 0 17.8 10.6 0 0 0 22.5 18.4 52 101 -1.8 -16.5
"32" "23" 2005-01-08 29.35 "ORL" "" "NJN" "W" 3 1 35.3166666666667 0.575 0.462 0 3 1.6 18.2 0 0 15.4 26.3 109 123 11.2 -1.1
"33" "" 2005-01-10 29.36 "ORL" "@" "BOS" "L" -18 NA NA NA NA NA NA NA NA NA NA NA NA NA NA NA NA
"34" "" 2005-01-11 29.36 "SAC" "" "DEN" "W" 9 NA NA NA NA NA NA NA NA NA NA NA NA NA NA NA NA
"35" "" 2005-01-13 29.37 "SAC" "" "UTA" "W" 14 NA NA NA NA NA NA NA NA NA NA NA NA NA NA NA NA
"36" "24" 2005-01-15 29.37 "SAC" "" "LAC" "W" 4 1 36.5166666666667 0.464 0.464 3.7 3 3.3 12.1 1.5 6.8 17.6 23 82 108 8.7 -1.7
"37" "25" 2005-01-17 29.38 "SAC" "@" "LAC" "W" 6 1 37.5166666666667 0.579 0.5 0 10.8 6.3 18.9 4.2 2.9 19.6 26.6 98 86 14.9 6.8
"38" "26" 2005-01-18 29.38 "SAC" "" "POR" "W" 6 1 47.7833333333333 0.63 0.6 5 4.5 4.7 18.2 1.2 0 11.2 17.9 127 117 16.3 2.3
"39" "27" 2005-01-20 29.39 "SAC" "" "CLE" "W" 27 1 35.75 0.533 0.531 6.8 7.1 7 9.8 2.8 0 10.6 23.5 107 101 13.2 -0.5
"40" "28" 2005-01-23 29.39 "SAC" "" "SAS" "L" -30 1 32.45 0.467 0.286 0 6.8 3.4 0 0 0 23.7 19 76 119 1.3 -8.6
"41" "29" 2005-01-25 29.4 "SAC" "" "NJN" "W" 20 1 39.8166666666667 0.533 0.471 8.3 14 11.7 36.8 1.3 0 0 22.4 139 103 21 7.1
"42" "30" 2005-01-27 29.41 "SAC" "@" "SAS" "L" -10 1 42 0.358 0.267 0 3.3 1.6 12.1 1.3 0 15.2 22.4 72 113 2.7 -8.9
"43" "31" 2005-01-28 29.41 "SAC" "@" "HOU" "W" 6 1 48.1 0.664 0.6 2.7 5.3 4 0 0 0 5.2 19.5 128 118 14.2 -0.9
"44" "32" 2005-01-30 29.41 "SAC" "@" "MIN" "W" 10 1 39.5666666666667 0.498 0.525 4.8 9.2 6.7 16.4 0 0 4.2 27 105 98 14.3 2.7
"45" "33" 2005-02-01 29.42 "SAC" "" "SEA" "L" -5 1 42.05 0.507 0.438 2.3 6.3 4 17.8 1.3 0 10.1 20.8 109 123 12.2 -1.1
"46" "" 2005-02-02 29.42 "SAC" "@" "GSW" "W" 4 NA NA NA NA NA NA NA NA NA NA NA NA NA NA NA NA
"47" "" 2005-02-04 29.43 "SAC" "" "NYK" "W" 1 NA NA NA NA NA NA NA NA NA NA NA NA NA NA NA NA
"48" "34" 2005-02-05 29.43 "SAC" "@" "POR" "L" -6 1 25.3166666666667 0.214 0.214 0 21.3 7 19.9 2 0 12.5 12.4 72 124 1 -11.6
"49" "35" 2005-02-08 29.44 "SAC" "" "PHO" "L" -2 1 36.2333333333333 0.724 0.7 0 22.6 11.3 10.6 1.2 0 5.9 18.5 137 116 18.6 4.2
"50" "36" 2005-02-10 29.44 "SAC" "@" "SEA" "L" -8 1 41.3666666666667 0.551 0.55 0 8.6 4.4 7.4 0 0 8.7 27.8 94 130 10.5 -5.3
"51" "37" 2005-02-11 29.45 "SAC" "" "DAL" "L" -2 1 35.65 0.607 0.607 6.7 3.8 5.3 15.8 1.4 3.7 12.5 19.7 122 124 13.3 4
"52" "38" 2005-02-13 29.45 "SAC" "@" "BOS" "W" 4 1 40.3 0.663 0.583 5.9 9 7.4 19.5 3.9 0 21 21.3 117 106 16.8 3.4
"53" "39" 2005-02-15 29.46 "SAC" "@" "CHI" "L" -5 1 36.7333333333333 0.59 0.462 2.8 4.5 3.5 12.8 1.3 0 15 22.9 109 113 12.4 0
"54" "40" 2005-02-16 29.46 "SAC" "@" "NJN" "L" -11 1 44.0333333333333 0.538 0.5 0 15.6 7.7 16.6 1.2 0 6.3 17.7 102 110 13.2 -0.9
"55" "41" 2005-02-22 29.48 "SAC" "" "ATL" "W" 10 1 43.2666666666667 0.63 0.633 2.7 7 5 0 0 1.6 15.9 18.5 103 112 11.6 -6.2
"56" "42" 2005-02-24 29.48 "SAC" "@" "DAL" "L" -9 1 45.7666666666667 0.64 0.605 0 5.5 3.2 11.8 2.1 0 22.8 24 102 123 14.9 -2
"57" "43" 2005-02-26 29.49 "SAC" "@" "PHI" "W" 2 1 38.4833333333333 0.464 0.412 0 14.8 8.2 4.2 0 1.7 17.9 25 79 105 6.3 -8.4
"58" "44" 2005-02-27 29.49 "SAC" "@" "WAS" "W" 2 1 43.4166666666667 0.458 0.412 2.5 14.5 8.6 13 3.4 1.8 4.8 21.1 103 108 14.9 -1.1
"59" "45" 2005-03-01 29.5 "SAC" "@" "CHA" "L" -7 1 37.0666666666667 0.607 0.607 0 14.4 7.4 0 2.7 0 30 23 84 96 7.5 -2.6
"60" "46" 2005-03-02 29.5 "SAC" "@" "ORL" "L" -3 1 39.95 0.47 0.464 6.7 6.5 6.6 13.4 1.3 0 16.8 20.6 95 126 8.2 -6
"61" "47" 2005-03-04 29.5 "SAC" "@" "MIA" "L" -21 1 33.0166666666667 0.607 0.607 0 9.9 4.8 12.5 0 0 6.7 21.5 115 119 10.5 1.5
"62" "" 2005-03-06 29.51 "SAC" "" "DET" "W" 15 NA NA NA NA NA NA NA NA NA NA NA NA NA NA NA NA
"63" "" 2005-03-08 29.52 "SAC" "" "MEM" "W" 3 NA NA NA NA NA NA NA NA NA NA NA NA NA NA NA NA
"64" "48" 2005-03-11 29.52 "SAC" "" "LAC" "W" 1 1 41.95 0.706 0.679 2.7 11.4 6.3 3.1 0 2.8 11.8 18.3 126 120 14.9 0.8
"65" "49" 2005-03-13 29.53 "SAC" "" "HOU" "L" -15 1 42.7666666666667 0.409 0.417 4.1 14 7.7 11.5 1.3 0 3.9 24.5 101 129 10.3 -3.3
"66" "50" 2005-03-15 29.53 "SAC" "" "ORL" "W" 11 1 38.4166666666667 0.417 0.417 0 6 3.2 3.6 1.3 0 25 19.1 63 101 -0.1 -12.4
"67" "51" 2005-03-17 29.54 "SAC" "@" "GSW" "L" -3 1 41.5666666666667 0.882 0.867 0 22.4 10.9 8.3 1.3 5.3 15.9 20.4 140 108 24.5 13.2
"68" "52" 2005-03-19 29.55 "SAC" "@" "LAC" "W" 4 1 44.3666666666667 0.625 0.559 2.4 11.2 6.5 15.9 2.4 0 0 20 140 106 21.6 9.6
"69" "" 2005-03-20 29.55 "SAC" "" "GSW" "L" -10 NA NA NA NA NA NA NA NA NA NA NA NA NA NA NA NA
"70" "53" 2005-03-22 29.55 "SAC" "" "POR" "W" 19 1 39.8166666666667 0.63 0.5 2.4 0 1.4 14.1 2.6 0 6.2 18 133 105 16.3 2.1
"71" "54" 2005-03-24 29.56 "SAC" "" "DAL" "W" 8 1 38.6166666666667 0.474 0.438 0 12.9 7.4 27.9 2.7 1.6 15.1 24.8 95 106 12.2 -0.4
"72" "55" 2005-03-26 29.56 "SAC" "@" "DEN" "L" -14 1 40.1166666666667 0.62 0.5 5.5 6.2 5.8 17.1 1.3 0 12.1 18.3 123 124 15.3 0.9
"73" "56" 2005-03-28 29.57 "SAC" "" "PHI" "W" 9 1 41.5166666666667 0.714 0.714 4.7 4.8 4.7 16.7 3.5 4.5 8.7 22.5 145 108 27.5 14.3
"74" "57" 2005-03-30 29.58 "SAC" "@" "DET" "L" -17 1 40.1166666666667 0.368 0.3 0 13 6.1 20.5 1.4 1.7 15.5 15.7 75 112 5.1 -3.2
"75" "58" 2005-04-01 29.58 "SAC" "@" "CLE" "W" 19 1 44.0166666666667 0.854 0.833 0 9.3 4.9 17.1 0 0 13.4 15.3 157 126 18.3 3.7
"76" "59" 2005-04-03 29.59 "SAC" "" "MIN" "L" -12 1 41.7333333333333 0.444 0.444 1.9 6.5 3.6 3.8 3.8 0 10 19.6 98 120 8 -3.4
"77" "60" 2005-04-05 29.59 "SAC" "" "SEA" "W" 21 1 33.3333333333333 0.788 0.75 4.8 7.3 6.3 16.4 1.7 0 7 21.3 156 119 17.9 6.1
"78" "61" 2005-04-08 29.6 "SAC" "@" "POR" "W" 4 1 36.6333333333333 0.469 0.382 0 7.4 3.1 11.8 0 0 9.4 23.9 108 129 8.8 -8.2
"79" "62" 2005-04-10 29.61 "SAC" "" "LAL" "W" 19 1 27.85 0.433 0.433 3.9 6.9 5.5 24.8 1.8 0 6.3 22.3 130 112 8.8 0.1
"80" "63" 2005-04-15 29.62 "SAC" "@" "LAL" "W" 9 1 43.3166666666667 0.593 0.533 2.7 8.6 5.6 35.8 1.2 0 9.3 21.2 129 116 20.9 3.8
"81" "64" 2005-04-16 29.62 "SAC" "@" "PHO" "L" -18 1 24.5166666666667 0.311 0.25 0 4.5 1.9 0 1.9 0 0 20.6 70 117 1.7 -9.8
"82" "65" 2005-04-18 29.63 "SAC" "@" "UTA" "L" -10 1 35.7166666666667 0.133 0.133 0 6.9 3.1 5 3.2 0 0 19.3 38 107 -3.2 -14.6
"83" "66" 2005-04-20 29.63 "SAC" "" "PHO" "W" 25 1 28.1 0.578 0.563 3.5 3.4 3.4 17.5 3.2 0 15.4 27 109 103 13.4 0.6
"1" "1" 2005-11-02 30.17 "LAC" "@" "SEA" "W" 8 1 40.3666666666667 0.286 0.214 0 15.2 7.6 13.4 1.3 4.5 16 20.8 70 102 2.5 -9.4
"2" "2" 2005-11-04 30.18 "LAC" "" "ATL" "W" 15 1 29.6666666666667 0.752 0.65 0 17.2 8.9 13.3 1.8 5.5 19.2 23 129 84 15.9 10.9
"3" "3" 2005-11-05 30.18 "LAC" "" "MIN" "W" 1 1 42.8333333333333 0.558 0.545 2.8 30.2 16.7 23.2 1.3 0 7.6 29.8 113 104 19.3 7.5
"4" "4" 2005-11-07 30.18 "LAC" "@" "MIN" "L" -15 1 43.4333333333333 0.397 0.267 0 12.6 6.1 25.9 0 1.8 10.2 21.4 88 107 8 -1.4
"5" "5" 2005-11-09 30.19 "LAC" "@" "WAS" "W" 5 1 37.8333333333333 0.504 0.464 0 10 5.6 22.8 0 0 0 18.3 123 112 11.8 1.5
"6" "6" 2005-11-10 30.19 "LAC" "@" "ATL" "W" 7 1 32.6166666666667 0.482 0.5 0 10.9 6.6 10.3 3.1 0 19.4 21.2 84 99 5.6 -3.4
"7" "7" 2005-11-13 30.2 "LAC" "@" "PHI" "L" -5 1 31 0.81 0.833 0 7.7 3.9 12.6 3.1 0 12.3 22.2 133 114 16.6 8.8
"8" "8" 2005-11-15 30.21 "LAC" "" "MIL" "W" 24 1 32.3 0.619 0.563 4.2 15.6 10.2 9.7 0 0 25.3 16.6 102 99 5.3 -3.4
"9" "9" 2005-11-18 30.21 "LAC" "@" "LAL" "W" 6 1 42.35 0.727 0.667 3.3 6.8 5.4 18.8 1.2 0 12.7 18 133 104 16.6 6.4
"10" "10" 2005-11-20 30.22 "LAC" "" "GSW" "W" 12 1 44.3166666666667 0.768 0.731 0 16.7 10 10.7 0 0 12.3 16.6 136 106 17.4 4.7
"11" "11" 2005-11-23 30.23 "LAC" "" "TOR" "W" 3 1 43.9333333333333 0.421 0.364 0 10.9 7 6.3 0 1.7 7.8 14.7 86 117 5.3 -7.4
"12" "12" 2005-11-25 30.23 "LAC" "@" "DEN" "L" -10 1 39.3166666666667 0.537 0.467 0 14.2 7.5 15 1.3 3.6 15.2 22.5 97 107 11.7 0
"13" "13" 2005-11-27 30.24 "LAC" "" "IND" "L" -5 1 40.25 0.607 0.556 0 4.6 2.8 9.2 1.3 0 16.8 14.3 104 112 7.5 -2
"14" "14" 2005-11-29 30.24 "LAC" "@" "MIN" "W" 9 1 41.5166666666667 0.505 0.542 0 16.5 8.5 17.5 2.5 1.7 18.9 17.9 89 91 10.7 1.9
"15" "15" 2005-11-30 30.25 "LAC" "@" "CLE" "L" -7 1 44.6 0.233 0.233 7.1 5.9 6.6 17.8 0 0 6.3 16.1 73 118 1.7 -6.9
"16" "16" 2005-12-03 30.25 "LAC" "" "CLE" "W" 12 1 34.9666666666667 0.393 0.393 3.9 7 5.8 8 0 2 6.7 20.1 88 107 5.9 -2.9
"17" "17" 2005-12-05 30.26 "LAC" "" "MIA" "W" 10 1 39.95 0.6 0.6 0 10.7 5.9 11.3 0 0 33.3 17.9 77 100 4.5 -5.1
"18" "18" 2005-12-07 30.27 "LAC" "" "NYK" "W" 5 1 40.0166666666667 0.576 0.469 5.5 8.2 6.8 11 1.4 0 16.1 30.8 103 96 14.3 2.5
"19" "19" 2005-12-10 30.27 "LAC" "" "PHO" "W" 10 1 42.5 0.671 0.594 0 10.5 5.4 16.8 3.7 0 5.1 21.3 136 99 21.4 9.7
"20" "20" 2005-12-11 30.28 "LAC" "" "DET" "L" -8 1 42.0666666666667 0.426 0.406 0 12.7 7 6.5 1.3 0 0 18.9 100 126 7.1 -6.2
"21" "21" 2005-12-13 30.28 "LAC" "@" "SAS" "L" -8 1 44.05 0.25 0.25 2 8.2 5.1 8.8 0 0 5.9 18.5 58 105 -0.5 -8.4
"22" "22" 2005-12-14 30.28 "LAC" "@" "NOK" "L" -13 1 38.35 0.533 0.533 0 20.3 9.9 5.2 1.4 0 6.3 20.4 104 114 8.4 -1.4
"23" "23" 2005-12-17 30.29 "LAC" "" "HOU" "W" 8 1 42.7 0.533 0.531 0 13.1 6.9 12 0 1.8 0 20.9 109 101 13.5 0
"24" "24" 2005-12-20 30.3 "LAC" "@" "NJN" "L" -14 1 38.5166666666667 0.46 0.4 0 20.8 9.1 14.6 2.6 0 5.8 20.6 90 105 10.6 0.1
"25" "25" 2005-12-21 30.3 "LAC" "@" "IND" "L" -22 1 42.9333333333333 0.327 0.316 1.9 9.1 4.7 4.3 5 0 9.1 22.7 70 104 5.6 -2.5
"26" "26" 2005-12-23 30.31 "LAC" "@" "CHA" "W" 9 1 40.9833333333333 0.365 0.273 2.7 9.2 6.2 0 0 1.7 14 14.9 79 100 1.1 -9.1
"27" "27" 2005-12-27 30.32 "LAC" "" "SAC" "L" -17 1 39.4333333333333 0.405 0.391 2.6 9.9 5.9 17.4 2.5 0 11.3 28.8 80 115 8.7 -5.3
"28" "28" 2005-12-31 30.33 "LAC" "" "BOS" "L" -19 1 42.5333333333333 0.679 0.684 3.1 6.4 4.7 13.8 2.5 0 16.8 25.3 116 123 18.3 3.5
"29" "29" 2006-01-01 30.33 "LAC" "@" "POR" "W" 6 1 37.5 0.625 0.5 0 10.4 5.8 8.5 1.5 3.4 0 23.3 144 108 20.2 6.7
"30" "30" 2006-01-06 30.35 "LAC" "@" "SAC" "L" -4 1 40.5833333333333 0.474 0.385 0 11.1 4.4 23.6 4.8 0 0 14.8 126 117 16.3 4.7
"31" "31" 2006-01-07 30.35 "LAC" "" "LAL" "L" -3 1 45.9 0.788 0.722 3 5 4.1 7.6 1.1 1.6 8.1 25.3 150 126 28.2 9
"32" "32" 2006-01-10 30.36 "LAC" "" "ORL" "W" 17 1 43.0333333333333 0.402 0.278 0 8.6 3.9 8.1 2.6 0 0 24.9 100 88 10.1 -1.7
"33" "33" 2006-01-14 30.37 "LAC" "" "SEA" "W" 26 1 41.25 0.415 0.375 2.9 16.6 10.5 13.7 2.7 1.8 15.1 22.1 92 81 9.7 -2.3
"34" "34" 2006-01-16 30.38 "LAC" "" "UTA" "W" 9 1 49.2666666666667 0.609 0.45 0 2 1.2 15.5 2.2 0 26.4 17.7 99 101 9.7 -1.5
"35" "35" 2006-01-18 30.38 "LAC" "" "PHO" "L" -10 1 28.95 0.202 0.111 3.9 7.5 5.8 21.1 0 0 28.8 20.1 55 123 -2.7 -15
"36" "36" 2006-01-20 30.39 "LAC" "" "DAL" "L" -20 1 38.3666666666667 0.346 0.357 6.4 3.3 4.9 14 2.9 0 6.5 20.7 79 120 5.8 -5.7
"37" "37" 2006-01-22 30.39 "LAC" "" "GSW" "W" 13 1 43.3 0.488 0.395 5.8 11.7 8.8 29.1 2.3 0 8.2 23.3 118 100 18.4 5.8
"38" "38" 2006-01-23 30.39 "LAC" "@" "GSW" "W" 3 1 40.4166666666667 0.593 0.55 3 7.4 5.4 18.2 1.4 0 7.3 16.6 121 109 12.8 2.1
"39" "39" 2006-01-25 30.4 "LAC" "" "NJN" "W" 13 1 37.9166666666667 0.472 0.467 10 26.4 19.1 31.2 1.4 0 11.2 22.5 103 82 13.9 4.7
"40" "40" 2006-01-27 30.41 "LAC" "@" "DEN" "W" 18 1 37.8333333333333 0.484 0.5 4.2 10.4 8 24.7 0 1.9 22.5 16.6 98 101 8.6 0.6
"41" "41" 2006-01-28 30.41 "LAC" "" "DEN" "W" 33 1 34.2833333333333 0.764 0.75 0 10.2 5.6 20.1 2.9 4.7 24.3 22.1 114 78 17.2 9.3
"42" "42" 2006-01-30 30.41 "LAC" "@" "MIA" "L" -4 1 45.3 0.742 0.722 0 14.1 6.8 35 0 0 13.7 22.3 141 129 24.5 10.1
"43" "43" 2006-02-01 30.42 "LAC" "@" "ORL" "W" 12 1 44.8666666666667 0.494 0.5 0 4.9 2.7 3.1 0 0 15.6 20.4 84 110 4.5 -6.6
"44" "44" 2006-02-03 30.42 "LAC" "@" "BOS" "W" 17 1 45.5166666666667 0.592 0.5 0 9.4 6.2 12.9 2.4 1.4 0 17.5 124 92 17.5 4
"45" "45" 2006-02-05 30.43 "LAC" "@" "TOR" "W" 2 1 48.1 0.506 0.444 2.4 0 1.2 9.6 2.2 0 13.2 21.7 100 118 10.8 -4.5
"46" "46" 2006-02-07 30.44 "LAC" "@" "NYK" "W" 3 1 44.1666666666667 0.421 0.364 2.9 10.4 7.3 3.5 0 1.6 14.4 15.6 83 100 4.7 -6.8
"47" "47" 2006-02-08 30.44 "LAC" "@" "DET" "L" -10 1 45.35 0.548 0.5 2.6 15.1 8.5 8.3 0 0 0 27.2 122 119 17.2 2
"48" "48" 2006-02-10 30.44 "LAC" "" "MEM" "W" 4 1 42.9 0.508 0.429 0 14.9 8.5 11 1.3 0 38.8 14.9 70 104 3.4 -6.4
"49" "49" 2006-02-12 30.45 "LAC" "" "CHI" "L" -6 1 41.5666666666667 0.4 0.333 0 18.2 7.7 7.6 1.2 3 12.7 16.1 78 97 7 -2.4
"50" "50" 2006-02-14 30.45 "LAC" "" "HOU" "L" -31 1 32.75 0.621 0.5 0 14.7 6 17.8 3 2.2 9.7 27.9 117 128 17.4 4.5
"51" "51" 2006-02-15 30.46 "LAC" "@" "GSW" "L" -7 1 39.7333333333333 0.651 0.556 0 9.7 4.9 9 2.7 0 8.5 13.5 127 100 12.1 1.5
"52" "52" 2006-02-21 30.47 "LAC" "@" "DAL" "L" -2 1 38.8833333333333 0.648 0.615 0 8.8 4.4 14.2 2.6 5.4 17.8 20.1 112 100 14.6 5.3
"53" "53" 2006-02-22 30.48 "LAC" "@" "HOU" "L" -4 1 40.4 0.708 0.658 0 12.5 5.9 18.2 5.1 0 0 24 148 109 27.5 15.8
"54" "54" 2006-02-24 30.48 "LAC" "" "LAL" "W" 19 1 45.5666666666667 0.649 0.538 0 7.3 3.9 7.1 2.3 3.6 15 20.9 114 93 16.4 2.6
"55" "55" 2006-02-27 30.49 "LAC" "" "CHA" "W" 8 1 40.0166666666667 0.518 0.35 3.2 11.4 7.6 7.2 2.4 0 12.9 17 99 87 10.3 0.3
"56" "56" 2006-03-01 30.5 "LAC" "" "NOK" "W" 22 1 34.7166666666667 0.549 0.455 0 17.7 8.9 14.1 3.2 2.1 7.3 19.7 110 75 11.6 4.2
"57" "57" 2006-03-03 30.5 "LAC" "@" "UTA" "L" -2 1 36.7833333333333 0.482 0.5 0 8.9 4.8 4.6 1.5 0 24.3 21.6 74 119 1.8 -9.3
"58" "58" 2006-03-05 30.51 "LAC" "" "MEM" "L" -16 1 29.0166666666667 0.409 0.409 7.4 0 4.7 13 3.9 0 0 18.1 101 119 7.3 0.4
"59" "59" 2006-03-07 30.51 "LAC" "" "SAS" "W" 13 1 39.3666666666667 0.619 0.563 4.1 9.6 7.2 11.4 2.8 0 18.4 13.8 112 96 10.3 2.9
"60" "60" 2006-03-10 30.52 "LAC" "@" "CHI" "W" 11 1 39.5333333333333 0.43 0.333 0 7.4 3.9 12 0 1.6 7.9 14.7 95 110 6.4 -3.7
"61" "61" 2006-03-11 30.52 "LAC" "@" "MIL" "W" 8 1 35.25 0.325 0.222 0 3.3 1.7 11.3 2.9 0 15.7 16.9 69 105 3.1 -7
"62" "62" 2006-03-13 30.53 "LAC" "" "MIN" "W" 8 1 35.3 0.407 0.423 19.4 10.7 15.3 20.8 0 2.2 11.9 22 98 103 9.5 -0.1
"63" "63" 2006-03-15 30.53 "LAC" "@" "PHO" "L" -31 1 32.0666666666667 0.373 0.308 6.6 23.6 12.7 10.3 0 0 11.9 19.3 85 123 6 -5.2
"64" "64" 2006-03-17 30.54 "LAC" "" "PHI" "W" 10 1 32.2666666666667 0.776 0.75 0 9.1 5.1 5.5 0 0 0 20 152 108 16 4
"65" "65" 2006-03-20 30.55 "LAC" "@" "HOU" "W" 8 1 38.05 0.478 0.375 0 13.4 7.5 16.8 4.2 0 6.4 20.6 100 97 12.7 2.9
"66" "66" 2006-03-21 30.55 "LAC" "@" "NOK" "L" -12 1 40.2833333333333 0.607 0.556 0 21.7 13.2 3.4 0 0 16.8 13.8 104 128 6.8 -6.9
"67" "67" 2006-03-23 30.56 "LAC" "@" "MEM" "L" -10 1 17.3333333333333 0.25 0.25 0 6.3 3.2 0 0 0 0 10.3 59 110 -0.1 -6.3
"68" "" 2006-03-25 30.56 "LAC" "" "WAS" "W" 15 NA NA NA NA NA NA NA NA NA NA NA NA NA NA NA NA
"69" "" 2006-03-26 30.56 "LAC" "@" "POR" "W" 14 NA NA NA NA NA NA NA NA NA NA NA NA NA NA NA NA
"70" "68" 2006-03-28 30.57 "LAC" "" "SAS" "L" -11 0 16.3333333333333 0 0 0 22.6 10.9 10.5 3.3 0 14.3 20 7 107 -2.6 -15.3
"71" "69" 2006-03-31 30.58 "LAC" "" "UTA" "W" 15 0 21.1 0.508 0.429 0 5.5 3.2 0 2.6 0 0 19.9 97 104 4.4 -5.6
"72" "70" 2006-04-02 30.58 "LAC" "@" "SAC" "L" -10 1 28.4166666666667 0.219 0.227 7.9 8 7.9 15.5 0 0 20.8 21.3 61 119 -2 -11.9
"73" "71" 2006-04-04 30.59 "LAC" "" "DEN" "W" 2 1 18.9666666666667 0.444 0.2 12.7 0 7.1 6.1 0 0 0 15.5 120 117 3.8 -7.2
"74" "72" 2006-04-05 30.59 "LAC" "@" "PHO" "W" 14 0 28.8666666666667 0.5 0.5 4.6 0 1.8 0 0 2.6 0 18.2 108 112 7 -3.2
"75" "73" 2006-04-07 30.6 "LAC" "" "SAC" "L" -3 0 31.8333333333333 0.586 0.536 0 9 5.1 22 3.3 0 5.8 24.4 123 105 14.7 7.4
"76" "74" 2006-04-09 30.6 "LAC" "@" "LAL" "L" -17 0 29.9166666666667 0.381 0.286 0 15.7 7.6 0 5.1 3 27.6 16.9 56 98 2.6 -4.5
"77" "75" 2006-04-10 30.61 "LAC" "" "DAL" "L" -2 1 34.4 0.36 0.308 0 10 4.9 14.4 3.6 2.3 6.7 22.8 80 95 5.7 -1
"78" "76" 2006-04-12 30.61 "LAC" "" "POR" "W" 4 1 33.45 0.864 0.75 0 11 6.1 14 0 0 28.5 15.3 129 109 9.8 -0.7
"79" "77" 2006-04-14 30.62 "LAC" "@" "SEA" "W" 4 1 42.6166666666667 0.9 0.9 3 7.7 5.6 24 0 0 16.7 13.3 152 114 16.8 7.2
"80" "" 2006-04-16 30.62 "LAC" "" "SEA" "L" -16 NA NA NA NA NA NA NA NA NA NA NA NA NA NA NA NA
"81" "78" 2006-04-18 30.63 "LAC" "@" "MEM" "L" -6 1 32.9166666666667 0.417 0.417 0 11.5 6.2 10.2 1.7 0 0 18.4 98 120 6.5 -6.3
"82" "79" 2006-04-19 30.63 "LAC" "@" "DAL" "W" 14 1 21.25 0.385 0.385 11.6 4.7 7.8 19.9 8 3.5 7.1 33.5 87 74 8.3 8.3
"1" "1" 2006-11-01 31.17 "LAC" "@" "PHO" "L" -8 1 44.45 0.498 0.464 2.2 3.1 2.6 6.9 0 0 19 19.7 93 123 5.6 -5
"2" "2" 2006-11-02 31.17 "LAC" "" "DEN" "W" 1 1 28.2333333333333 0.387 0.222 3.5 3.7 3.6 0 0 0 14.7 20.8 72 99 0.9 -9.8
"3" "3" 2006-11-04 31.18 "LAC" "" "PHO" "W" 6 1 39.6166666666667 0.503 0.471 5 10.3 7.7 7.7 0 0 0 18.7 116 110 13.3 0.4
"4" "4" 2006-11-06 31.18 "LAC" "" "POR" "W" 13 1 31.9166666666667 0.66 0.625 3.3 7.9 5.4 11.4 1.7 5.1 7.2 19.1 134 103 14.3 5.8
"5" "5" 2006-11-08 31.19 "LAC" "" "DAL" "W" 18 1 37.9333333333333 0.774 0.733 3.1 16.9 10.3 13.9 5.5 2.1 0 21.9 165 85 30.4 23
"6" "6" 2006-11-12 31.2 "LAC" "" "NOK" "W" 16 1 29.2833333333333 0.458 0.458 0 5.1 2.2 6.9 1.9 0 25 25.5 71 93 2.2 -7.3
"7" "7" 2006-11-14 31.2 "LAC" "@" "UTA" "L" -22 1 40.6333333333333 0.654 0.667 0 5.9 3.3 11 2.5 0 17.9 19.3 104 118 11.8 0.7
"8" "8" 2006-11-18 31.21 "LAC" "" "PHI" "W" 6 1 34.1166666666667 0.394 0.375 4.3 16.9 11.4 15.4 4.7 0 31.1 17.3 69 93 4.7 -3.3
"9" "9" 2006-11-21 31.22 "LAC" "@" "LAL" "L" -4 1 31.9833333333333 0.5 0.5 0 5.6 3.1 19.7 1.6 0 42.9 9.4 81 114 2.5 -4.6
"10" "10" 2006-11-22 31.22 "LAC" "" "SEA" "L" -10 1 23.7166666666667 0.461 0.375 0 9.2 4.6 23.4 2.3 0 9.3 21.7 95 107 6.1 -0.4
"11" "11" 2006-11-25 31.23 "LAC" "@" "MIN" "L" -8 1 39.1333333333333 0.45 0.45 7 4 5.6 7.2 0 0 16.7 15 93 126 3.5 -8
"12" "12" 2006-11-26 31.24 "LAC" "@" "DEN" "L" -15 1 30.35 0.437 0.393 9.1 19.8 13.8 0 0 0 11.8 22.5 95 113 6.4 -3.9
"13" "13" 2006-11-28 31.24 "LAC" "@" "SAC" "L" -13 0 35.15 0.518 0.5 0 12.4 5.5 18.8 0 0 0 18.5 124 111 10 4.4
"14" "14" 2006-11-29 31.24 "LAC" "" "MEM" "W" 15 1 36 0.706 0.706 3.9 19.5 12.4 17.9 1.6 0 10.5 26.5 128 105 19.7 5.4
"15" "15" 2006-12-02 31.25 "LAC" "" "LAL" "L" -9 1 39.05 0.715 0.727 0 3 1.5 0 2.6 0 7.8 14.9 132 107 11.8 3.1
"16" "16" 2006-12-03 31.25 "LAC" "" "ORL" "W" 25 1 27.8333333333333 0.333 0.333 0 0 0 0 0 0 25 14.3 48 105 -2.2 -14.2
"17" "17" 2006-12-05 31.26 "LAC" "" "MIA" "W" 4 1 38.7666666666667 0.599 0.5 0 15.5 8.3 4.2 2.5 1.9 5.4 21.4 119 97 16.6 4.7
"18" "18" 2006-12-08 31.27 "LAC" "@" "SAS" "L" -29 1 29.3166666666667 0.438 0.438 0 4.8 2.1 5.3 0 0 0 13.4 94 132 2.4 -7.9
"19" "19" 2006-12-09 31.27 "LAC" "@" "MEM" "W" 7 1 30.0833333333333 0.61 0.5 0 16 8.1 5.5 0 0 10.9 14.6 113 98 7.1 -0.6
"20" "20" 2006-12-11 31.28 "LAC" "" "SAS" "L" -22 1 32.55 0.421 0.364 3.9 9.5 6.4 22.6 0 0 20.2 22.6 83 126 4.6 -6.9
"21" "21" 2006-12-13 31.28 "LAC" "" "UTA" "L" -19 1 37.8666666666667 0.463 0.409 0 7.7 3.5 23.1 2.9 1.9 0 15.3 112 119 10.6 2.6
"22" "22" 2006-12-15 31.29 "LAC" "@" "POR" "L" -10 1 24.25 1.25 1.25 0 0 0 16.5 0 0 33.3 6.5 155 136 4.3 -2.1
"23" "23" 2006-12-17 31.29 "LAC" "" "HOU" "L" -5 0 40.4666666666667 0.574 0.5 0 3.4 1.8 24.5 1.3 0 7.6 15.2 123 125 11.9 0.5
"24" "24" 2006-12-20 31.3 "LAC" "" "TOR" "L" -2 1 40.1833333333333 0.463 0.409 2.8 22 11.9 21.6 1.4 2.1 20.2 17.2 94 111 10.2 -2.1
"25" "25" 2006-12-22 31.31 "LAC" "@" "DAL" "L" -32 1 30.0166666666667 0.405 0.333 0 4.1 2.1 27.6 0 0 16.8 20.7 78 138 4 -8.2
"26" "26" 2006-12-23 31.31 "LAC" "@" "HOU" "W" 5 1 35.6333333333333 0.911 0.944 0 16 8.5 5.5 0 0 23.3 17.5 124 112 11.7 2.5
"27" "27" 2006-12-26 31.32 "LAC" "@" "UTA" "L" -10 1 40.8 0.509 0.409 0 5.7 2.9 16.1 0 0 0 15.2 116 120 9.5 -0.2
"28" "28" 2006-12-27 31.32 "LAC" "" "BOS" "W" 23 1 32.65 0.508 0.429 3.6 0 1.7 27.9 3.4 2.5 0 12 136 96 10.7 4.7
"29" "29" 2006-12-29 31.33 "LAC" "" "SAC" "W" 9 1 39.2333333333333 0.697 0.6 7.6 12.2 10.2 12.3 1.3 0 19.7 18 123 105 13.9 3.8
"30" "30" 2006-12-31 31.33 "LAC" "" "NYK" "W" 10 1 38.15 0.533 0.444 0 8.4 5 8.6 1.5 1.8 16.2 16.6 99 99 7.1 -3.6
"31" "31" 2007-01-02 31.34 "LAC" "@" "ORL" "L" -5 1 30.2166666666667 0.536 0.389 0 8.6 4.8 10.5 3.8 2.5 15.2 21.7 107 107 9.2 4
"32" "" 2007-01-03 31.34 "LAC" "@" "MIA" "W" 15 NA NA NA NA NA NA NA NA NA NA NA NA NA NA NA NA
"33" "32" 2007-01-05 31.35 "LAC" "@" "WAS" "L" -11 1 19.8333333333333 0.178 0.125 0 0 0 6.8 0 3.5 32.2 25 33 116 -5.6 -22.8
"34" "33" 2007-01-06 31.35 "LAC" "@" "ATL" "L" -12 0 27.8333333333333 0.347 0.167 11.8 0 6.2 6.6 2.1 0 10.4 16.8 87 108 2.6 -4.7
"35" "34" 2007-01-08 31.35 "LAC" "@" "NOK" "W" 10 1 47.4333333333333 0.506 0.444 0 13 6.4 6.8 0 0 9.2 20.7 109 107 9.9 -4.6
"36" "35" 2007-01-10 31.36 "LAC" "@" "MIN" "W" 1 1 26.2666666666667 0.255 0.2 4.6 18.3 11.4 5.5 4 0 0 10.8 72 95 3.3 -3.4
"37" "36" 2007-01-13 31.37 "LAC" "" "CLE" "L" -12 1 38.4833333333333 0.435 0.25 0 9.1 5 4.1 0 1.8 7.3 17.5 90 119 5.3 -5.7
"38" "37" 2007-01-15 31.37 "LAC" "@" "GSW" "L" -15 1 25.9666666666667 0.417 0.417 3.7 3.1 3.4 0 1.8 0 14.3 21.5 76 110 2.8 -8.2
"39" "38" 2007-01-17 31.38 "LAC" "" "GSW" "W" 6 1 42.4 0.543 0.393 3 16.2 10.4 12.5 0 3.2 0 18 122 107 18 0.3
"40" "39" 2007-01-20 31.39 "LAC" "" "MEM" "W" 21 1 27.8166666666667 0.533 0.444 0 4.7 2.2 22.1 5.4 0 0 15.9 129 91 11.9 5.8
"41" "40" 2007-01-23 31.39 "LAC" "" "MIL" "W" 19 1 35.0166666666667 0.656 0.667 0 19.6 10 8.8 2.9 0 10.7 23.2 116 101 17.5 1.2
"42" "41" 2007-01-25 31.4 "LAC" "" "NJN" "W" 1 1 35.8 0.723 0.65 0 8.1 3.7 15.5 2.9 4.4 7.8 16.3 138 110 16.3 4.8
"43" "42" 2007-01-27 31.41 "LAC" "" "MIN" "L" -14 1 35.7666666666667 0.268 0.111 3.6 9.6 6.8 15.7 4.5 0 21.1 18.1 64 108 1.4 -6
"44" "43" 2007-01-28 31.41 "LAC" "@" "SEA" "W" 22 1 39.2333333333333 0.455 0.455 6.3 6.9 6.6 19.7 1.3 0 8.3 13.5 109 90 9.3 -0.3
"45" "44" 2007-01-31 31.42 "LAC" "" "CHI" "W" 12 1 27.0666666666667 0.511 0.444 4.4 17.3 10.9 11.9 0 0 15.7 20.5 98 105 5.6 -6.6
"46" "45" 2007-02-02 31.42 "LAC" "@" "BOS" "W" 11 1 44.7833333333333 0.635 0.571 0 8.2 4.1 20.2 1.2 0 16 20.5 115 108 15 1.2
"47" "46" 2007-02-04 31.43 "LAC" "@" "TOR" "L" -12 1 42.3666666666667 0.693 0.656 0 0 0 7.6 1.2 0 10.4 20.5 128 136 16 1.6
"48" "47" 2007-02-06 31.43 "LAC" "@" "NYK" "L" -12 1 29.4333333333333 0 0 3.8 22 12.2 4.7 0 0 16.7 9.5 22 121 -2.8 -16.8
"49" "48" 2007-02-07 31.44 "LAC" "@" "CLE" "L" -17 1 34.5833333333333 0.414 0.35 0 11.1 5.8 11.6 1.6 2.2 0 14.9 95 109 7.1 0.6
"50" "49" 2007-02-09 31.44 "LAC" "@" "PHI" "W" 1 1 41.7833333333333 0.559 0.5 0 5.6 2.7 4.2 0 0 6.2 18.4 117 113 9.4 -2.9
"51" "50" 2007-02-11 31.45 "LAC" "@" "IND" "L" -14 1 43.5666666666667 0.73 0.714 0 7.5 3.8 12.2 0 1.4 24.1 21.5 108 112 12.8 2
"52" "51" 2007-02-12 31.45 "LAC" "@" "DET" "L" -18 1 35.7 0.507 0.5 0 6.4 3 25.3 1.7 0 0 24 113 115 11 5.3
"53" "52" 2007-02-14 31.45 "LAC" "" "ATL" "L" -3 1 47.3666666666667 0.821 0.806 0 6.8 3.7 15.3 3.4 0 17.5 23.4 123 108 24 7.2
"54" "" 2007-02-20 31.47 "LAC" "" "PHO" "L" -25 NA NA NA NA NA NA NA NA NA NA NA NA NA NA NA NA
"55" "53" 2007-02-24 31.48 "LAC" "" "GSW" "W" 13 1 42.1666666666667 0.663 0.6 0 5.2 2.7 14.5 1.1 0 20.9 14.4 109 97 10.2 -0.6
"56" "54" 2007-02-26 31.49 "LAC" "" "CHA" "W" 7 1 44.9333333333333 0.563 0.458 3 2.7 2.8 21.7 3.4 0 17.4 17.9 105 100 13.3 1.9
"57" "55" 2007-02-28 31.49 "LAC" "" "SEA" "W" 5 0 31.3166666666667 0.458 0.458 3.9 4.4 4.1 0 0 0 14.3 21.4 84 114 2.4 -10.1
"58" "56" 2007-03-01 31.5 "LAC" "@" "SEA" "L" -2 1 42.5666666666667 0.587 0.536 3 14.1 8.8 5.6 4.2 3.7 6.1 19.9 112 90 14.9 7.5
"59" "57" 2007-03-03 31.5 "LAC" "" "IND" "W" 23 1 28.3 0.421 0.357 0 3.9 2 30.7 0 0 32.5 21.7 71 88 1.5 -8.9
"60" "58" 2007-03-05 31.51 "LAC" "" "SAS" "L" -14 1 42.1666666666667 0.507 0.5 0 7.6 3 13.4 2.6 2.5 10.1 11.2 98 105 8.2 -0.3
"61" "59" 2007-03-09 31.52 "LAC" "@" "GSW" "L" -10 1 46.3166666666667 0.545 0.458 0 6.9 3.7 8.7 4.5 0 6.8 15.2 107 107 13.1 1.1
"62" "60" 2007-03-11 31.52 "LAC" "" "DET" "L" -18 0 35.0833333333333 0.558 0.5 0 16.1 8 5.4 4.9 0 0 15.7 119 111 11 2.8
"63" "61" 2007-03-13 31.53 "LAC" "@" "SAS" "L" -9 1 33.8166666666667 0.393 0.364 7.5 3.9 5.8 21.3 1.6 4.7 14.9 20.1 88 107 7.7 0.8
"64" "62" 2007-03-14 31.53 "LAC" "@" "HOU" "L" -4 1 30.7166666666667 0.46 0.4 0 0 0 14.8 5 0 8.4 17 102 115 8.3 -0.3
"65" "63" 2007-03-16 31.54 "LAC" "@" "CHA" "W" 9 1 39.9666666666667 0.643 0.65 6.3 14 10.4 11 1.3 0 21.6 16.1 108 104 10.8 -1.9
"66" "64" 2007-03-18 31.54 "LAC" "@" "NJN" "L" -6 1 43.6833333333333 0.62 0.575 2.7 11.4 7.4 4.6 1.2 0 18.7 28.5 98 111 14.3 -0.4
"67" "65" 2007-03-20 31.55 "LAC" "@" "CHI" "W" 14 1 43.3333333333333 0.687 0.625 0 5 2.9 9.6 1.2 0 18 25.2 113 104 15.2 1.7
"68" "66" 2007-03-21 31.55 "LAC" "@" "MIL" "W" 1 1 39.6666666666667 0.567 0.5 3.2 10.4 6.6 11.5 1.4 0 19.3 24.5 103 122 10.4 -6.2
"69" "67" 2007-03-23 31.56 "LAC" "" "UTA" "W" 32 1 32.4 0.508 0.423 0 6.6 3.8 9.4 1.6 0 21.3 27.3 84 83 6.5 -6.4
"70" "68" 2007-03-24 31.56 "LAC" "" "WAS" "W" 6 1 40.6166666666667 0.5 0.5 5.9 13.9 10.4 3.8 2.5 0 25 17.6 80 109 6.7 -5.3
"71" "69" 2007-03-28 31.57 "LAC" "" "HOU" "L" -5 1 41.6166666666667 0.51 0.5 0 12.1 5.7 4.2 0 0 14.5 16.6 82 110 4.5 -7
"72" "70" 2007-03-30 31.58 "LAC" "@" "SAC" "W" 4 1 36.1833333333333 0.586 0.55 0 0 0 0 0 0 0 28 120 111 13.2 0.6
"73" "71" 2007-03-31 31.58 "LAC" "@" "POR" "W" 13 1 43.2833333333333 0.655 0.625 0 9 5.1 12.3 1.4 0 13.6 27.4 116 108 16.4 0.3
"74" "72" 2007-04-04 31.59 "LAC" "" "LAL" "W" 8 1 40.65 0.787 0.773 9.3 5.6 7.4 33.4 2.8 3.5 8 14.4 160 99 22.3 15.8
"75" "73" 2007-04-07 31.6 "LAC" "" "DEN" "L" -3 1 41.9333333333333 0.385 0.406 2.7 9.8 5.9 23.6 3.7 0 5.6 18.3 93 105 10.4 -0.4
"76" "74" 2007-04-09 31.6 "LAC" "@" "DAL" "L" -10 1 42.7333333333333 0.417 0.417 0 7.2 3.4 3.8 1.4 0 20 17.9 71 122 0.9 -11.1
"77" "75" 2007-04-10 31.61 "LAC" "@" "NOK" "L" -3 1 43.3333333333333 0.283 0.267 7.5 5.7 6.6 7.2 1.3 0 15.9 20.7 66 113 -0.2 -12.6
"78" "76" 2007-04-12 31.61 "LAC" "@" "LAL" "W" 8 1 35.6333333333333 0.477 0.444 8.8 15.7 12.1 3.9 2.7 0 0 11 119 111 9 -2.8
"79" "77" 2007-04-13 31.61 "LAC" "" "POR" "W" 18 1 41.25 0.758 0.682 8 12.9 10.7 30.1 2.7 0 6.4 18.9 159 105 23.6 10.8
"80" "78" 2007-04-15 31.62 "LAC" "" "SAC" "L" -5 1 39.35 0.511 0.389 0 9.4 4.5 4.2 4.1 0 8.5 13.4 110 115 7.9 -2.8
"81" "" 2007-04-17 31.62 "LAC" "@" "PHO" "W" 4 NA NA NA NA NA NA NA NA NA NA NA NA NA NA NA NA
"82" "" 2007-04-18 31.63 "LAC" "" "NOK" "L" -3 NA NA NA NA NA NA NA NA NA NA NA NA NA NA NA NA
"1" "1" 2007-11-02 32.17 "LAC" "" "GSW" "W" 6 0 32.25 0.622 0.625 3.7 12.2 8.4 16.2 1.5 0 10.6 23.6 120 114 15.6 2.8
"2" "2" 2007-11-04 32.18 "LAC" "" "SEA" "W" 14 0 30.1833333333333 0.517 0.531 3.2 17.3 10 11.2 1.5 0 10.8 25.3 96 101 9.2 -6.2
"3" "3" 2007-11-06 32.18 "LAC" "@" "CHI" "W" 6 1 40.8 0.822 0.824 2.9 5.2 4.1 11.4 0 3.1 4.7 23.7 157 108 27.8 13.8
"4" "4" 2007-11-07 32.18 "LAC" "@" "IND" "W" 15 1 5.31666666666667 1 1 20.5 0 9.7 36.2 9.3 0 0 7.9 208 80 3.7 22.5
"5" "" 2007-11-09 32.19 "LAC" "@" "DET" "L" -24 NA NA NA NA NA NA NA NA NA NA NA NA NA NA NA NA
"6" "" 2007-11-11 32.19 "LAC" "" "CLE" "L" -8 NA NA NA NA NA NA NA NA NA NA NA NA NA NA NA NA
"7" "5" 2007-11-14 32.2 "LAC" "" "NYK" "W" 3 0 27.5833333333333 0.506 0.5 0 10.2 5 50.7 0 0 16.8 19.1 100 90 7.9 3.5
"8" "6" 2007-11-16 32.21 "LAC" "@" "GSW" "L" -17 0 35.3 0.546 0.458 2.8 5.8 4.3 19.3 1.4 0 0 18.2 126 129 13.9 0.6
"9" "7" 2007-11-17 32.21 "LAC" "" "CHI" "L" -19 1 45.0333333333333 0.414 0.35 0 9.3 5.2 21.5 1.2 4.6 0 12.5 102 106 11 2.2
"10" "8" 2007-11-21 32.22 "LAC" "" "DEN" "W" 11 0 31.4833333333333 0.579 0.5 0 0 0 28.3 3.1 0 24.9 22.3 100 95 8.8 1
"11" "9" 2007-11-23 32.23 "LAC" "@" "PHO" "L" -19 1 34.6166666666667 0.2 0.2 0 6.4 3 16.5 0 3.9 44.4 11.4 40 116 -0.7 -9.6
"12" "10" 2007-11-24 32.23 "LAC" "" "NOH" "L" -9 1 46.4 0.515 0.367 2.3 5.3 3.7 12.5 1.2 0 9.3 21.5 110 115 12.7 -1.8
"13" "11" 2007-11-26 32.24 "LAC" "" "HOU" "L" -17 0 34.9333333333333 0.286 0.286 2.7 7.4 4.7 6.2 1.5 0 12.5 10.9 60 103 1.1 -6.9
"14" "12" 2007-11-30 32.25 "LAC" "@" "DEN" "L" -16 0 28.2666666666667 0.272 0.25 0 4.1 2.2 0 1.6 2.6 18.9 24.1 45 117 -2 -15.2
"15" "13" 2007-12-02 32.25 "LAC" "" "IND" "L" -6 1 38.4333333333333 0.472 0.375 0 5.2 2.8 8.6 1.3 0 17.9 19.5 83 109 6.2 -5.3
"16" "14" 2007-12-04 32.26 "LAC" "" "MIL" "L" -9 0 26.3833333333333 0.333 0.333 0 15.6 7.4 14.3 0 0 10 19.7 64 108 1.8 -8.3
"17" "15" 2007-12-05 32.26 "LAC" "@" "SEA" "L" -7 0 28.8666666666667 0.34 0.25 3.3 13.1 7.6 21.1 3.4 0 0 18.3 82 96 5.5 -3
"18" "16" 2007-12-07 32.27 "LAC" "@" "SAC" "W" 10 0 21.3166666666667 0.857 0.857 6.4 8.7 7.8 19 0 0 22.2 19.5 129 102 8.2 4.4
"19" "17" 2007-12-09 32.27 "LAC" "" "MIA" "L" -6 0 34.85 0.441 0.4 0 0 0 24 1.5 0 5.9 22.6 94 111 8.6 -4.4
"20" "18" 2007-12-11 32.28 "LAC" "@" "NJN" "W" 9 0 27.2333333333333 0.436 0.417 4.6 6.4 5.7 12 1.9 0 22.5 14.5 84 95 3.1 -3.6
"21" "19" 2007-12-12 32.28 "LAC" "@" "CHA" "L" -5 1 44.4 0.492 0.4 0 5.5 2.6 13.6 0 3.2 7.6 13.5 108 119 8.8 -2.3
"22" "20" 2007-12-14 32.28 "LAC" "@" "MEM" "W" 7 1 42.05 0.525 0.5 2.4 5.4 3.8 24.3 2.3 0 23.6 21.4 90 99 10.1 -2
"23" "21" 2007-12-16 32.29 "LAC" "@" "LAL" "L" -21 0 22.6 0.3 0.3 7.7 6.4 7.2 8 2.3 3.8 9.1 20.7 73 119 2.9 -6.5
"24" "" 2007-12-18 32.3 "LAC" "" "TOR" "L" -3 NA NA NA NA NA NA NA NA NA NA NA NA NA NA NA NA
"25" "22" 2007-12-21 32.3 "LAC" "@" "DAL" "L" -13 0 30.2166666666667 0.658 0.667 0 5.7 2 0 1.8 0 0 15 133 122 8.8 0.3
"26" "23" 2007-12-22 32.31 "LAC" "@" "SAS" "L" -9 1 40.9833333333333 0.459 0.441 2.6 5.9 4.1 19.7 2.6 0 14.7 25.1 87 113 9.9 -3.6
"27" "24" 2007-12-27 32.32 "LAC" "" "PHO" "L" -20 1 33.3666666666667 0.504 0.462 0 18.6 6.5 5.7 0 0 6.7 18.5 98 111 7.8 -3.2
"28" "25" 2007-12-28 32.32 "LAC" "@" "PHO" "L" -6 0 37.6833333333333 0.45 0.429 0 16.6 7.6 5 0 4.3 17.2 19.3 80 100 5.3 -4.2
"29" "26" 2007-12-31 32.33 "LAC" "" "MIN" "W" 9 0 37.3 0.549 0.333 0 20.2 11.6 18.5 1.4 0 19.6 26.2 97 90 13 -2.6
"30" "27" 2008-01-02 32.34 "LAC" "" "NOH" "L" -14 0 29.9333333333333 0.597 0.6 0 4.2 2 19.3 1.8 2.8 0 19.2 115 109 11.3 6.7
"31" "28" 2008-01-06 32.35 "LAC" "" "SAS" "L" -6 0 28.0666666666667 0.5 0.5 4.2 3.6 3.8 0 0 0 10 17.9 90 110 3.5 -5.1
"32" "29" 2008-01-09 32.36 "LAC" "" "ORL" "L" -7 0 33.0166666666667 0.576 0.538 0 14.5 7.2 5.3 0 0 0 19.1 113 120 10.8 -2
"33" "30" 2008-01-12 32.36 "LAC" "" "DAL" "L" -1 0 44.8166666666667 0.563 0.5 0 11.3 6 22.5 0 0 0 21.2 120 119 16.2 1.9
"34" "31" 2008-01-15 32.37 "LAC" "" "PHO" "W" 7 0 26.0333333333333 0.5 0.5 4.7 12.6 8.9 11.9 0 3.1 7.7 22.6 103 97 7.5 -0.1
"35" "32" 2008-01-18 32.38 "LAC" "@" "UTA" "L" -18 0 35.4166666666667 0.363 0.333 0 6.8 3.5 22.4 1.5 1.8 22.5 12.4 76 121 4.6 -4.4
"36" "33" 2008-01-19 32.38 "LAC" "" "NJN" "W" 13 0 43.0666666666667 0.715 0.563 2.8 7.4 5.2 6.5 2.4 0 0 14.3 157 109 17.2 1.9
"37" "34" 2008-01-21 32.39 "LAC" "" "UTA" "L" -16 0 30.1333333333333 0.799 0.714 4.6 14.9 9.5 23.1 0 2.3 0 13.4 171 117 15.8 11.6
"38" "35" 2008-01-23 32.39 "LAC" "" "SAC" "W" 26 0 27.9666666666667 0.595 0.5 4.1 14.3 9.5 27.4 1.8 0 14.5 10.5 135 91 9.6 5.1
"39" "36" 2008-01-25 32.4 "LAC" "@" "NOH" "L" -19 0 37.4333333333333 0.588 0.588 0 16.7 8.8 0 0 0 5.6 23.6 105 126 11.7 -2.6
"40" "37" 2008-01-26 32.4 "LAC" "@" "MEM" "L" -5 1 46.8833333333333 0.536 0.536 3 2.9 2.9 19.3 1.1 0 17.6 16.9 104 128 10.4 -3.5
"41" "38" 2008-01-28 32.41 "LAC" "" "CHA" "L" -7 1 47.5666666666667 0.551 0.5 0 3.7 1.6 18.6 1.1 0 8.4 12 118 120 11.4 -3
"42" "39" 2008-01-30 32.41 "LAC" "" "ATL" "W" 7 1 41.1333333333333 0.429 0.429 2.8 10.9 6.9 18.8 0 1.6 17.6 20 86 106 7.7 -5.6
"43" "40" 2008-02-01 32.42 "LAC" "@" "MIN" "L" -21 1 39.05 0.533 0.533 2.9 5.7 4.3 6.1 1.3 0 11.8 20.7 96 118 7.3 -5.8
"44" "41" 2008-02-02 32.42 "LAC" "@" "CLE" "L" -14 1 45.35 0.51 0.438 2.4 13.2 7.5 4.1 1.2 4.1 0 20 109 112 15.1 2.1
"45" "42" 2008-02-04 32.43 "LAC" "@" "NYK" "W" 9 1 43.8833333333333 0.643 0.6 0 15.2 7.4 17.3 2.4 0 8.4 12.6 132 106 14.6 2.1
"46" "43" 2008-02-06 32.43 "LAC" "@" "BOS" "L" -11 0 38.7666666666667 0.442 0.3 6.3 7.1 6.7 14.1 1.3 0 0 21.7 109 124 11 -4.7
"47" "44" 2008-02-08 32.44 "LAC" "@" "TOR" "W" 4 1 40.85 0.649 0.542 0 10.4 6 7.8 2.5 0 6.4 18.6 127 103 15.4 4.8
"48" "45" 2008-02-09 32.44 "LAC" "@" "PHI" "L" -21 1 38.4333333333333 0.713 0.667 0 3.9 1.8 5.9 3 0 0 17.3 149 122 15.6 7.2
"49" "46" 2008-02-11 32.45 "LAC" "@" "MIL" "W" 7 0 27.5333333333333 0.5 0.5 0 7.6 4 6.6 1.9 0 0 20.8 103 101 7.9 -2
"50" "47" 2008-02-13 32.45 "LAC" "" "WAS" "L" -2 1 35.4666666666667 0.597 0.55 0 14.7 8.3 5.2 4.8 0 15.5 18.4 101 99 10.4 1.6
"51" "48" 2008-02-20 32.47 "LAC" "" "MEM" "W" 14 0 39.45 0.407 0.346 0 9.7 5.5 15.6 2.6 4.3 16.9 20.1 80 92 7.3 -3.8
"52" "49" 2008-02-22 32.48 "LAC" "" "UTA" "W" 10 1 34.7333333333333 0.568 0.545 0 7.5 3.7 10 1.5 0 7.5 17.7 112 117 9.1 -2.9
"53" "50" 2008-02-23 32.48 "LAC" "" "LAL" "L" -18 1 34.3 0.5 0.5 0 6.5 3.3 5.1 1.4 2.4 20 19.3 76 114 4.8 -6
"54" "51" 2008-02-25 32.48 "LAC" "" "BOS" "L" -28 1 33.1166666666667 0.318 0.318 6.6 15 9.9 28.3 3.3 0 15.4 18.8 74 116 5.9 -2
"55" "52" 2008-02-27 32.49 "LAC" "" "POR" "L" -2 1 36.4666666666667 0.25 0.25 2.7 7.1 4.6 17.7 1.5 0 16.7 15.3 58 101 0.4 -9.7
"56" "53" 2008-02-29 32.5 "LAC" "@" "DEN" "L" -6 1 38.4166666666667 0.287 0.25 0 10.2 5.2 10.3 3.9 3.4 8.7 13 68 110 6.1 -3.7
"57" "54" 2008-03-01 32.5 "LAC" "" "DET" "L" -30 1 28.3 0.286 0.286 0 0 0 16.5 0 0 12.5 14 60 123 -0.5 -10.9
"58" "55" 2008-03-03 32.5 "LAC" "" "PHI" "L" -26 0 30.55 0.75 0.75 0 0 0 0 1.8 0 11.1 15.3 119 127 8.4 -2.1
"59" "56" 2008-03-05 32.51 "LAC" "" "SAC" "W" 7 1 40.9333333333333 0.233 0.167 3 29.1 14.7 14.7 0 0 0 7.5 92 109 4.3 -8.1
"60" "57" 2008-03-07 32.52 "LAC" "@" "LAL" "L" -37 0 25.0833333333333 0.558 0.5 0 10.1 4.3 8.2 2.1 0 20.5 25.9 92 130 6 -3.7
"61" "58" 2008-03-08 32.52 "LAC" "" "MIN" "L" -3 1 37.8166666666667 0.505 0.458 0 6.7 3.3 24.7 1.4 0 7.2 17.3 113 113 9.9 0
"62" "59" 2008-03-10 32.52 "LAC" "@" "MIA" "W" 1 0 33.7333333333333 0.802 0.8 0 20.8 12.7 14 5 0 10 30.2 145 107 26.3 14.1
"63" "60" 2008-03-12 32.53 "LAC" "@" "ORL" "L" -22 1 43.1833333333333 0.66 0.625 5.1 13.9 9.3 4.2 2.4 0 7.2 15.7 126 118 15.2 1.6
"64" "61" 2008-03-14 32.53 "LAC" "@" "ATL" "L" -24 1 36.9166666666667 0.556 0.556 3 14.1 8 13.7 5.6 1.8 35.7 17.8 77 118 9 -3.8
"65" "62" 2008-03-15 32.54 "LAC" "@" "WAS" "L" -10 0 35.1 0.604 0.5 0 9.2 5 4.4 1.5 0 21.8 18.3 96 122 5.5 -7.8
"66" "63" 2008-03-17 32.54 "LAC" "@" "MIN" "L" -9 1 38.9333333333333 0.283 0.2 7.7 10.3 8.8 0 0 1.9 0 21.9 74 119 2.4 -13.4
"67" "64" 2008-03-19 32.55 "LAC" "" "GSW" "L" -16 0 33.3 0.375 0.375 3.8 6.7 5.3 4.7 1.5 0 11.1 11.7 80 123 2.8 -7.5
"68" "65" 2008-03-21 32.55 "LAC" "@" "POR" "L" -5 0 37.8833333333333 0.611 0.529 7.9 21.1 14.3 12.3 1.5 0 0 26.2 139 126 21.3 3.2
"69" "66" 2008-03-22 32.56 "LAC" "" "POR" "L" -11 0 34.2166666666667 0.396 0.385 0 8.4 4.4 6.4 3.5 2.1 6.7 22.7 77 100 5.6 -2.3
"70" "67" 2008-03-25 32.56 "LAC" "@" "DAL" "L" -13 1 37 0.463 0.455 12.4 2.9 7.5 4.7 1.5 2 20.2 18.8 88 120 6.6 -5.5
"71" "68" 2008-03-26 32.57 "LAC" "@" "SAS" "L" -9 0 32.3833333333333 0.421 0.364 0 11.7 5.5 6.2 3.4 2.7 14.4 20.8 77 107 4.6 -4.5
"72" "69" 2008-03-28 32.57 "LAC" "@" "UTA" "L" -20 1 33.1166666666667 0.454 0.385 4.8 11.1 8.4 10.8 0 0 6.5 22.9 99 141 6.7 -11.5
"73" "70" 2008-03-29 32.58 "LAC" "" "MEM" "W" 13 1 41.0833333333333 0.547 0.545 0 11.1 6.1 10 0 0 37.1 20.7 70 107 2 -14
"74" "71" 2008-03-31 32.58 "LAC" "" "DAL" "L" -7 1 32.4166666666667 0.387 0.167 7.4 16.5 11.7 12.6 1.6 0 20.5 13.6 88 104 4.8 -3.4
"75" "" 2008-04-02 32.59 "LAC" "@" "SEA" "W" 18 NA NA NA NA NA NA NA NA NA NA NA NA NA NA NA NA
"76" "" 2008-04-03 32.59 "LAC" "@" "SAC" "L" -12 NA NA NA NA NA NA NA NA NA NA NA NA NA NA NA NA
"77" "72" 2008-04-06 32.6 "LAC" "" "HOU" "L" -26 0 32.5666666666667 0.417 0.364 3.1 12 7 25.3 6.6 2.5 7 21.4 91 108 12.1 5.1
"78" "73" 2008-04-08 32.6 "LAC" "" "DEN" "L" -18 1 34.7666666666667 0.633 0.639 0 13.1 6 18.2 0 0 9.2 28.2 111 126 16.5 1.3
"79" "74" 2008-04-10 32.61 "LAC" "" "LAL" "L" -28 0 31.1333333333333 0.222 0.222 3.1 12.5 7.1 11.5 0 2.9 10 14.4 57 121 0.8 -10.1
"80" "75" 2008-04-12 32.61 "LAC" "@" "GSW" "L" -6 1 45.4833333333333 0.625 0.625 6.9 15.4 11.2 12.5 1 3.2 14.3 25.5 109 118 21.9 2.4
"81" "76" 2008-04-15 32.62 "LAC" "@" "NOH" "L" -22 1 33.65 0.409 0.409 0 3.6 1.9 0 0 0 8.3 17.4 71 132 1.4 -12.6
"82" "77" 2008-04-16 32.62 "LAC" "@" "HOU" "L" -18 1 37.1 0.375 0.375 0 10.6 5.6 5.4 0 0 11.1 12.1 75 115 2.1 -7
"1" "1" 2008-10-29 33.16 "LAC" "" "LAL" "L" -38 1 27.6166666666667 0.583 0.556 0 9.7 4.2 0 3.7 2.8 0 15.5 113 122 9.2 1
"2" "2" 2008-10-31 33.16 "LAC" "" "DEN" "L" -10 1 39.4 0.354 0.306 8.5 5.7 7.3 13.3 3.9 0 20.2 26.4 72 108 5.3 -7.8
"3" "3" 2008-11-01 33.17 "LAC" "@" "UTA" "L" -22 1 30.3 0.608 0.594 8.1 3.4 5.5 0 0 0 15.4 30.9 105 123 9.5 -2.7
"4" "4" 2008-11-03 33.17 "LAC" "" "UTA" "L" -16 1 37.0333333333333 0.333 0.333 6 0 3.2 5.4 0 0 16.7 23.6 64 112 -1 -10.9
"5" "5" 2008-11-05 33.18 "LAC" "@" "LAL" "L" -18 1 38.85 0.481 0.455 0 2.6 1.3 8.2 1.3 0 8 13.6 96 116 5 -4.4
"6" "6" 2008-11-07 33.18 "LAC" "" "HOU" "L" -9 1 21.3666666666667 0.333 0.333 0 5.5 2.6 0 0 0 25 17.9 51 115 -1.9 -17
"7" "7" 2008-11-09 33.19 "LAC" "" "DAL" "W" 11 1 33.0333333333333 0.539 0.5 0 6.3 3.4 4.3 0 0 8.9 15.3 101 102 5.3 -3.9
"8" "8" 2008-11-12 33.2 "LAC" "" "SAC" "L" -5 1 30.6 0.563 0.563 0 20.9 9 11.3 1.8 0 0 13.7 122 119 9.2 -0.9
"9" "9" 2008-11-15 33.21 "LAC" "" "GSW" "L" -18 1 35.85 0.531 0.5 2.8 6.7 4.6 10.6 1.4 0 5.3 22.1 112 128 12.6 -2.2
"10" "10" 2008-11-17 33.21 "LAC" "" "SAS" "L" -3 1 36.2 0.5 0.5 0 10.5 4.8 5.2 0 2.2 0 22.9 109 104 10.9 -1.2
"11" "11" 2008-11-19 33.22 "LAC" "@" "OKC" "W" 20 1 34.3666666666667 0.551 0.55 0 7.2 3.2 0 10.3 0 8.7 28.4 102 82 18.6 5.2
"12" "" 2008-11-21 33.22 "NYK" "@" "MIL" "L" -17 NA NA NA NA NA NA NA NA NA NA NA NA NA NA NA NA
"13" "" 2008-11-22 33.22 "NYK" "" "WAS" "W" 5 NA NA NA NA NA NA NA NA NA NA NA NA NA NA NA NA
"14" "" 2008-11-25 33.23 "NYK" "" "CLE" "L" -18 NA NA NA NA NA NA NA NA NA NA NA NA NA NA NA NA
"15" "" 2008-11-26 33.24 "NYK" "@" "DET" "L" -14 NA NA NA NA NA NA NA NA NA NA NA NA NA NA NA NA
"16" "" 2008-11-29 33.24 "NYK" "" "GSW" "W" 13 NA NA NA NA NA NA NA NA NA NA NA NA NA NA NA NA
"17" "" 2008-12-02 33.25 "NYK" "" "POR" "L" -7 NA NA NA NA NA NA NA NA NA NA NA NA NA NA NA NA
"18" "" 2008-12-03 33.25 "NYK" "@" "CLE" "L" -36 NA NA NA NA NA NA NA NA NA NA NA NA NA NA NA NA
"19" "" 2008-12-05 33.26 "NYK" "@" "ATL" "L" -3 NA NA NA NA NA NA NA NA NA NA NA NA NA NA NA NA
"20" "" 2008-12-07 33.27 "NYK" "" "DET" "W" 12 NA NA NA NA NA NA NA NA NA NA NA NA NA NA NA NA
"21" "" 2008-12-09 33.27 "NYK" "@" "CHI" "L" -5 NA NA NA NA NA NA NA NA NA NA NA NA NA NA NA NA
"22" "" 2008-12-10 33.27 "NYK" "@" "NJN" "W" 12 NA NA NA NA NA NA NA NA NA NA NA NA NA NA NA NA
"23" "" 2008-12-13 33.28 "NYK" "@" "SAC" "W" 24 NA NA NA NA NA NA NA NA NA NA NA NA NA NA NA NA
"24" "" 2008-12-15 33.29 "NYK" "@" "PHO" "L" -8 NA NA NA NA NA NA NA NA NA NA NA NA NA NA NA NA
"25" "" 2008-12-16 33.29 "NYK" "@" "LAL" "L" -2 NA NA NA NA NA NA NA NA NA NA NA NA NA NA NA NA
"26" "" 2008-12-19 33.3 "NYK" "" "MIL" "L" -24 NA NA NA NA NA NA NA NA NA NA NA NA NA NA NA NA
"27" "" 2008-12-21 33.3 "NYK" "@" "BOS" "L" -19 NA NA NA NA NA NA NA NA NA NA NA NA NA NA NA NA
"28" "" 2008-12-26 33.32 "NYK" "" "MIN" "L" -13 NA NA NA NA NA NA NA NA NA NA NA NA NA NA NA NA
"29" "" 2008-12-28 33.32 "NYK" "" "DEN" "L" -7 NA NA NA NA NA NA NA NA NA NA NA NA NA NA NA NA
"30" "" 2008-12-30 33.33 "NYK" "@" "CHA" "W" 4 NA NA NA NA NA NA NA NA NA NA NA NA NA NA NA NA
"31" "" 2009-01-02 33.34 "NYK" "" "IND" "L" -2 NA NA NA NA NA NA NA NA NA NA NA NA NA NA NA NA
"32" "" 2009-01-04 33.34 "NYK" "" "BOS" "W" 12 NA NA NA NA NA NA NA NA NA NA NA NA NA NA NA NA
"33" "" 2009-01-06 33.35 "NYK" "@" "OKC" "L" -8 NA NA NA NA NA NA NA NA NA NA NA NA NA NA NA NA
"34" "" 2009-01-08 33.35 "NYK" "@" "DAL" "L" -5 NA NA NA NA NA NA NA NA NA NA NA NA NA NA NA NA
"35" "" 2009-01-10 33.36 "NYK" "@" "HOU" "L" -20 NA NA NA NA NA NA NA NA NA NA NA NA NA NA NA NA
"36" "" 2009-01-12 33.36 "NYK" "@" "NOH" "W" 6 NA NA NA NA NA NA NA NA NA NA NA NA NA NA NA NA
"37" "" 2009-01-14 33.37 "NYK" "" "WAS" "W" 6 NA NA NA NA NA NA NA NA NA NA NA NA NA NA NA NA
"38" "" 2009-01-16 33.38 "NYK" "@" "WAS" "L" -7 NA NA NA NA NA NA NA NA NA NA NA NA NA NA NA NA
"39" "" 2009-01-17 33.38 "NYK" "" "PHI" "L" -10 NA NA NA NA NA NA NA NA NA NA NA NA NA NA NA NA
"40" "" 2009-01-19 33.38 "NYK" "" "CHI" "W" 4 NA NA NA NA NA NA NA NA NA NA NA NA NA NA NA NA
"41" "" 2009-01-21 33.39 "NYK" "" "PHO" "W" 5 NA NA NA NA NA NA NA NA NA NA NA NA NA NA NA NA
"42" "" 2009-01-23 33.39 "NYK" "" "MEM" "W" 20 NA NA NA NA NA NA NA NA NA NA NA NA NA NA NA NA
"43" "" 2009-01-24 33.4 "NYK" "@" "PHI" "L" -6 NA NA NA NA NA NA NA NA NA NA NA NA NA NA NA NA
"44" "" 2009-01-26 33.4 "NYK" "" "HOU" "W" 6 NA NA NA NA NA NA NA NA NA NA NA NA NA NA NA NA
"45" "" 2009-01-28 33.41 "NYK" "" "ATL" "W" 8 NA NA NA NA NA NA NA NA NA NA NA NA NA NA NA NA
"46" "" 2009-01-31 33.42 "NYK" "@" "IND" "W" 9 NA NA NA NA NA NA NA NA NA NA NA NA NA NA NA NA
"47" "" 2009-02-02 33.42 "NYK" "" "LAL" "L" -9 NA NA NA NA NA NA NA NA NA NA NA NA NA NA NA NA
"48" "" 2009-02-04 33.43 "NYK" "" "CLE" "L" -5 NA NA NA NA NA NA NA NA NA NA NA NA NA NA NA NA
"49" "" 2009-02-06 33.43 "NYK" "" "BOS" "L" -10 NA NA NA NA NA NA NA NA NA NA NA NA NA NA NA NA
"50" "" 2009-02-08 33.44 "NYK" "@" "POR" "L" -1 NA NA NA NA NA NA NA NA NA NA NA NA NA NA NA NA
"51" "" 2009-02-10 33.44 "NYK" "@" "GSW" "L" -17 NA NA NA NA NA NA NA NA NA NA NA NA NA NA NA NA
"52" "" 2009-02-11 33.45 "NYK" "@" "LAC" "L" -4 NA NA NA NA NA NA NA NA NA NA NA NA NA NA NA NA
"53" "" 2009-02-17 33.46 "NYK" "" "SAS" "W" 5 NA NA NA NA NA NA NA NA NA NA NA NA NA NA NA NA
"54" "" 2009-02-20 33.47 "NYK" "" "TOR" "W" 30 NA NA NA NA NA NA NA NA NA NA NA NA NA NA NA NA
"55" "" 2009-02-22 33.48 "NYK" "@" "TOR" "L" -11 NA NA NA NA NA NA NA NA NA NA NA NA NA NA NA NA
"56" "" 2009-02-23 33.48 "NYK" "" "IND" "W" 4 NA NA NA NA NA NA NA NA NA NA NA NA NA NA NA NA
"57" "" 2009-02-25 33.48 "NYK" "" "ORL" "L" -5 NA NA NA NA NA NA NA NA NA NA NA NA NA NA NA NA
"58" "" 2009-02-27 33.49 "NYK" "" "PHI" "L" -5 NA NA NA NA NA NA NA NA NA NA NA NA NA NA NA NA
"59" "" 2009-02-28 33.49 "NYK" "@" "MIA" "L" -5 NA NA NA NA NA NA NA NA NA NA NA NA NA NA NA NA
"60" "" 2009-03-04 33.5 "NYK" "" "ATL" "W" 4 NA NA NA NA NA NA NA NA NA NA NA NA NA NA NA NA
"61" "" 2009-03-07 33.51 "NYK" "" "CHA" "L" -9 NA NA NA NA NA NA NA NA NA NA NA NA NA NA NA NA
"62" "" 2009-03-08 33.52 "NYK" "@" "NJN" "L" -5 NA NA NA NA NA NA NA NA NA NA NA NA NA NA NA NA
"63" "" 2009-03-10 33.52 "NYK" "@" "MIL" "W" 8 NA NA NA NA NA NA NA NA NA NA NA NA NA NA NA NA
"64" "" 2009-03-11 33.52 "NYK" "@" "DET" "W" 5 NA NA NA NA NA NA NA NA NA NA NA NA NA NA NA NA
"65" "" 2009-03-13 33.53 "NYK" "@" "MIN" "W" 8 NA NA NA NA NA NA NA NA NA NA NA NA NA NA NA NA
"66" "" 2009-03-15 33.53 "NYK" "@" "CLE" "L" -5 NA NA NA NA NA NA NA NA NA NA NA NA NA NA NA NA
"67" "" 2009-03-18 33.54 "NYK" "" "NJN" "L" -26 NA NA NA NA NA NA NA NA NA NA NA NA NA NA NA NA
"68" "" 2009-03-20 33.55 "NYK" "" "SAC" "L" -27 NA NA NA NA NA NA NA NA NA NA NA NA NA NA NA NA
"69" "" 2009-03-21 33.55 "NYK" "@" "ORL" "L" -7 NA NA NA NA NA NA NA NA NA NA NA NA NA NA NA NA
"70" "" 2009-03-23 33.56 "NYK" "" "ORL" "L" -4 NA NA NA NA NA NA NA NA NA NA NA NA NA NA NA NA
"71" "" 2009-03-25 33.56 "NYK" "" "LAC" "L" -5 NA NA NA NA NA NA NA NA NA NA NA NA NA NA NA NA
"72" "" 2009-03-27 33.57 "NYK" "" "NOH" "W" 10 NA NA NA NA NA NA NA NA NA NA NA NA NA NA NA NA
"73" "" 2009-03-28 33.57 "NYK" "@" "CHA" "L" -11 NA NA NA NA NA NA NA NA NA NA NA NA NA NA NA NA
"74" "" 2009-03-30 33.58 "NYK" "@" "UTA" "L" -8 NA NA NA NA NA NA NA NA NA NA NA NA NA NA NA NA
"75" "" 2009-03-31 33.58 "NYK" "@" "DEN" "L" -7 NA NA NA NA NA NA NA NA NA NA NA NA NA NA NA NA
"76" "" 2009-04-04 33.59 "NYK" "" "TOR" "L" -7 NA NA NA NA NA NA NA NA NA NA NA NA NA NA NA NA
"77" "" 2009-04-05 33.59 "NYK" "@" "TOR" "W" 9 NA NA NA NA NA NA NA NA NA NA NA NA NA NA NA NA
"78" "" 2009-04-07 33.6 "NYK" "@" "CHI" "L" -7 NA NA NA NA NA NA NA NA NA NA NA NA NA NA NA NA
"79" "" 2009-04-08 33.6 "NYK" "" "DET" "L" -27 NA NA NA NA NA NA NA NA NA NA NA NA NA NA NA NA
"80" "" 2009-04-10 33.61 "NYK" "@" "ORL" "W" 10 NA NA NA NA NA NA NA NA NA NA NA NA NA NA NA NA
"81" "" 2009-04-12 33.61 "NYK" "@" "MIA" "L" -17 NA NA NA NA NA NA NA NA NA NA NA NA NA NA NA NA
"82" "" 2009-04-15 33.62 "NYK" "" "NJN" "W" 29 NA NA NA NA NA NA NA NA NA NA NA NA NA NA NA NA
