"Rk" "G" "Date" "Age" "Tm" "H/A" "Opp" "W/L" "By Amt" "GS" "MP" "TS%" "eFG%" "ORB%" "DRB%" "TRB%" "AST%" "STL%" "BLK%" "TOV%" "USG%" "ORtg" "DRtg" "GmSc" "BPM"
"1" "1" 1985-11-06 22.27 "GSW" "" "SEA" "W" 4 0 24 0.727 0.667 0 9.3 4.9 7.1 0 2.6 0 19.5 149 108 12.3 5.7
"2" "2" 1985-11-08 22.28 "GSW" "" "ATL" "W" 11 0 17 0.47 0.429 20.7 12.8 16.6 8.8 2.7 6.5 11.8 39.5 104 110 10.4 1.7
"3" "3" 1985-11-10 22.28 "GSW" "" "SAC" "W" 6 0 15 0.551 0.5 0 20.4 11.6 21.3 6.3 3.6 15.5 36.8 98 93 9.2 5.6
"4" "4" 1985-11-12 22.29 "GSW" "" "LAC" "W" 12 0 24 0.539 0.467 0 0 0 23.3 1.9 2.3 5.4 29.6 126 114 13.9 2.6
"5" "5" 1985-11-14 22.29 "GSW" "@" "SAC" "L" -9 0 19 0.51 0.4 0 5.6 2.6 0 0 0 0 25.7 112 114 5.7 -3.6
"6" "6" 1985-11-16 22.3 "GSW" "" "PHO" "W" 13 0 28 0.556 0.429 3.4 6.6 5 5.4 1.6 2 5.5 26 117 102 13.5 1.2
"7" "7" 1985-11-19 22.31 "GSW" "@" "CLE" "W" 6 0 17 0.3 0.3 0 6.9 3.3 0 0 0 16.7 28.7 54 112 -2.3 -23
"8" "8" 1985-11-20 22.31 "GSW" "@" "PHI" "L" -4 0 29 0.599 0.5 0 4.4 2.1 9.7 1.7 3.9 12.3 23.2 116 117 13.1 3.8
"9" "9" 1985-11-22 22.32 "GSW" "@" "DET" "L" -19 0 18 0.727 0.667 0 4.7 2.3 12.1 0 0 22.5 28.2 110 111 8.3 0.6
"10" "10" 1985-11-23 22.32 "GSW" "@" "CHI" "L" -27 0 21 0.547 0.5 4.8 0 2.8 0 6.6 0 7.8 25.1 112 123 9.6 2.1
"11" "11" 1985-11-26 22.33 "GSW" "@" "HOU" "L" -22 0 15 0.167 0.167 5.3 33.7 16.3 0 2.9 0 7.7 31.3 42 111 -1.7 -18.1
"12" "12" 1985-11-27 22.33 "GSW" "" "DEN" "W" 2 0 28 0.546 0.417 3.7 22.6 13.9 15.4 3.4 0 12 23 115 93 14.5 7
"13" "13" 1985-11-30 22.34 "GSW" "" "UTA" "L" -1 0 24 0 0 0 0 0 5.7 5.6 2.4 10 14.8 5 80 -4.1 -7.8
"14" "14" 1985-12-02 22.34 "GSW" "@" "UTA" "L" -3 0 18 0.804 0.6 0 14.5 8.4 16.2 2.5 0 11 21 156 95 11.8 8.8
"15" "15" 1985-12-03 22.35 "GSW" "" "DAL" "L" -7 0 23 0.478 0.333 0 11.9 5.2 17 0 0 0 13 120 113 5.5 -1.3
"16" "16" 1985-12-05 22.35 "GSW" "" "LAC" "W" 17 0 21 0.571 0.571 5.2 5.6 5.4 20.3 4.9 3 0 26.8 143 108 14.8 12.7
"17" "17" 1985-12-07 22.36 "GSW" "@" "DAL" "L" -10 0 25 0.573 0.4 0 5.8 2.6 11.5 7.4 0 7.1 22.8 122 106 12.7 4.6
"18" "18" 1985-12-08 22.36 "GSW" "@" "SAS" "L" -7 0 21 0.507 0.5 10.6 12 11.3 26.2 2.2 0 0 16 132 116 10.4 5.3
"19" "19" 1985-12-10 22.36 "GSW" "@" "POR" "L" -2 0 19 0.583 0.583 0 13 5.7 15.5 0 0 25 32.9 83 96 4.1 -5.2
"20" "20" 1985-12-11 22.37 "GSW" "" "PHO" "L" -10 0 29 0.391 0.353 7.5 11.3 9.4 4.9 0 0 0 25 102 124 6.3 -7.6
"21" "21" 1985-12-13 22.37 "GSW" "" "POR" "L" -3 1 28 0.685 0.571 0 11.6 5.9 9.1 1.7 2 0 13.2 154 112 11.1 4.2
"22" "22" 1985-12-15 22.38 "GSW" "" "SEA" "W" 7 1 28 0.539 0.375 0 12.2 4.7 14 1.8 0 8.9 16.7 123 115 8.9 -0.2
"23" "23" 1985-12-17 22.38 "GSW" "@" "DEN" "L" -8 1 22 0.429 0.429 0 12.1 5 12 0 0 30 16.7 68 114 0.9 -7.7
"24" "24" 1985-12-18 22.39 "GSW" "@" "LAC" "L" -4 1 36 0.639 0.538 3 0 1.6 13.5 5.2 1.6 6 19 133 99 19.4 8.9
"25" "25" 1985-12-21 22.39 "GSW" "@" "PHO" "L" -17 1 31 0.555 0.474 0 3.8 1.7 0 3 0 0 28.8 115 113 15.8 4
"26" "26" 1985-12-26 22.41 "GSW" "" "SAC" "W" 10 1 31 0.66 0.625 3.4 10.3 6.2 7.3 6.6 0 7.2 17.2 154 120 15.5 5.9
"27" "27" 1985-12-27 22.41 "GSW" "@" "SEA" "L" -12 1 23 0.527 0.5 0 0 0 12.4 2 0 0 19.4 108 112 7.6 -1.2
"28" "28" 1985-12-29 22.42 "GSW" "@" "LAL" "W" 8 1 33 0.693 0.688 0 8.6 3.9 14.5 2.7 0 0 21.5 144 116 21 5.4
"29" "29" 1986-01-02 22.43 "GSW" "" "HOU" "L" -5 1 35 0.587 0.455 0 3 1.5 20 1.3 1.5 6.8 16.7 129 114 15.1 4.2
"30" "30" 1986-01-04 22.43 "GSW" "" "SAS" "L" -6 1 36 0.563 0.525 10.3 0 6.1 4.1 3.6 0 22 27.8 96 109 13.3 -1.6
"31" "31" 1986-01-05 22.44 "GSW" "@" "POR" "L" -16 1 29 0.497 0.364 3.5 0 1.8 8 0 0 6.6 20.7 110 131 8.2 -7.3
"32" "32" 1986-01-07 22.44 "GSW" "@" "HOU" "L" -9 1 41 0.496 0.458 0 5.3 2.4 16.7 4 1.3 3.7 23.8 105 105 20.2 4.1
"33" "33" 1986-01-10 22.45 "GSW" "@" "SAS" "L" -27 1 21 0.422 0.364 11.1 0 6.9 18.4 2 0 20.6 32.4 79 113 3.8 -6.5
"34" "34" 1986-01-11 22.45 "GSW" "@" "DAL" "L" -4 1 26 0.631 0.591 3.5 0 2.2 0 0 0 7.8 18 128 116 9.4 1.7
"35" "35" 1986-01-13 22.46 "GSW" "" "IND" "W" 11 1 28 0.338 0.25 4.1 10.7 7.6 13 1.7 1.9 18.4 15.7 81 106 3.8 -4.2
"36" "36" 1986-01-15 22.46 "GSW" "" "UTA" "W" 46 1 23 0.597 0.333 10.7 4.3 7.2 3.7 1.8 0 13 24.2 129 97 11.5 -2.8
"37" "37" 1986-01-17 22.47 "GSW" "" "SAC" "L" -14 1 30 0.623 0.647 5.7 4.4 5.2 6.6 1.5 5.6 9.1 27.6 116 114 18.2 7.7
"38" "38" 1986-01-19 22.47 "GSW" "@" "MIL" "L" -13 1 33 0.658 0.643 3 0 1.5 0 2.8 1.5 0 17.1 139 118 14.6 6
"39" "39" 1986-01-21 22.48 "GSW" "@" "NYK" "L" -7 1 38 0.435 0.3 0 0 0 0 0 0 13.7 15.9 90 121 2 -10.2
"40" "40" 1986-01-24 22.49 "GSW" "@" "BOS" "L" -21 0 27 0.64 0.618 3.9 3.6 3.7 7.3 5.1 0 9.6 29.7 121 124 17.6 9.4
"41" "41" 1986-01-25 22.49 "GSW" "@" "IND" "L" -23 1 21 0.419 0.412 0 6.2 2.4 17.6 0 0 14.4 36.8 78 120 2.2 -11.2
"42" "42" 1986-01-28 22.5 "GSW" "" "NJN" "L" -4 0 20 0.286 0.286 0 6.2 2.6 14 0 0 12.5 16 64 116 -0.6 -11.5
"43" "43" 1986-01-30 22.5 "GSW" "" "MIL" "L" -12 1 28 0.533 0.385 3.6 3.9 3.7 27.3 1.6 1.9 5.3 25.8 119 112 14.7 6.5
"44" "44" 1986-02-01 22.51 "GSW" "" "PHI" "W" 4 1 33 0.632 0.462 0 9.3 4.6 21.9 1.4 1.7 10.3 21.6 141 117 17 2.7
"45" "45" 1986-02-04 22.52 "GSW" "@" "PHO" "L" -9 1 27 0.593 0.5 4.6 11.3 8.3 28.7 4.8 0 13.7 21.6 122 108 16 5.6
"46" "46" 1986-02-11 22.54 "GSW" "" "LAL" "W" 24 0 23 0.684 0.615 0 0 0 12.5 1.9 0 5.9 28.3 140 108 15.1 3.1
"47" "47" 1986-02-13 22.54 "GSW" "" "WSB" "W" 4 0 5 NA NA 0 0 0 0 0 0 100 8.2 0 117 -1.4 -21.7
"48" "48" 1986-02-15 22.55 "GSW" "@" "DEN" "L" -13 0 21 0.533 0.444 0 0 0 7.9 2.1 0 8.8 21.9 104 109 5.8 -2.2
"49" "49" 1986-02-17 22.55 "GSW" "" "HOU" "L" -6 1 26 0.501 0.3 8.2 6.8 7.5 4.6 0 0 12.5 24.4 107 117 7.7 -6.3
"50" "50" 1986-02-19 22.56 "GSW" "" "BOS" "L" -15 1 19 0.286 0.286 0 6 2.7 0 5.1 3.1 12.5 17.7 53 108 0.3 -8.2
"51" "51" 1986-02-21 22.56 "GSW" "@" "LAC" "W" 2 1 32 0.551 0.5 0 4.2 1.8 7.8 0 0 0 12.5 135 125 7.5 -3.2
"52" "52" 1986-02-23 22.57 "GSW" "@" "SAC" "L" -3 1 23 0.727 0.667 0 0 0 0 4 0 0 24.9 151 120 15.6 6.5
"53" "53" 1986-02-25 22.58 "GSW" "@" "NJN" "W" 7 1 28 0.615 0.5 7 0 3.6 10 3.1 0 24.7 21.7 103 104 10 -0.4
"54" "54" 1986-02-27 22.58 "GSW" "@" "WSB" "L" -12 1 30 0.333 0.333 10.2 4 7.4 4.3 3.3 2.2 0 11.6 106 116 4.7 -4.3
"55" "55" 1986-03-01 22.59 "GSW" "@" "DAL" "L" -9 1 14 0.388 0.333 20.2 0 12.7 25 0 0 0 17.9 124 126 5.4 1.2
"1" "1" 1986-10-31 23.25 "GSW" "@" "PHO" "L" -4 1 28 0.726 0.654 3.2 4.2 3.6 14.6 1.5 0 10.8 24.3 139 117 18.2 5.8
"2" "2" 1986-11-01 23.26 "GSW" "" "DEN" "W" 22 1 23 0.751 0.667 5.6 14.6 11.1 10.3 0 0 0 11.1 171 97 10.1 5.1
"3" "3" 1986-11-03 23.26 "GSW" "" "NYK" "W" 9 1 30 0.73 0.571 0 10.2 5.4 14.3 5.1 2.1 8.4 18.6 144 95 16.4 7.9
"4" "4" 1986-11-05 23.27 "GSW" "" "POR" "W" 10 1 32 0.44 0.375 3.2 13.3 8.2 9.1 1.6 0 5.2 24.1 106 97 8.9 -1.1
"5" "5" 1986-11-07 23.27 "GSW" "" "CLE" "L" -1 1 16 0.34 0.2 0 0 0 14 8.8 0 33.8 21.7 61 102 1.1 -8.6
"6" "6" 1986-11-11 23.28 "GSW" "@" "POR" "L" -18 1 33 0.581 0.5 0 12.5 5.3 8.4 2.8 1.8 0 21 131 117 14.9 4.3
"7" "7" 1986-11-13 23.29 "GSW" "" "PHI" "W" 8 1 35 0.713 0.708 2.9 5.6 4.3 9.1 1.3 0 13.1 17.6 123 101 15.1 3
"8" "8" 1986-11-15 23.3 "GSW" "" "SEA" "L" -6 1 30 0.617 0.571 0 3.6 1.8 5 3 0 15.6 25.2 106 116 13 0.1
"9" "9" 1986-11-18 23.3 "GSW" "@" "MIL" "L" -26 1 25 0.368 0.3 0 14.8 7.3 18.1 0 0 8.4 21 76 117 2.7 -8.8
"10" "10" 1986-11-19 23.31 "GSW" "@" "CLE" "W" 8 1 25 0.639 0.538 0 7.1 4.1 0 1.9 2 0 25.2 145 106 15.6 5.3
"11" "11" 1986-11-21 23.31 "GSW" "@" "BOS" "L" -15 1 31 0.612 0.458 3.2 0 2 8.1 3 0 16.2 22.8 116 130 12.1 -2
"12" "12" 1986-11-22 23.32 "GSW" "@" "NYK" "W" 4 1 31 0.49 0.467 4 11.6 7.8 23.7 3.1 0 10.9 24.1 101 91 10.3 1.3
"13" "13" 1986-11-25 23.32 "GSW" "" "UTA" "W" 5 1 29 0.683 0.583 8.9 4 6.4 11.3 3.3 2.1 25.5 29.1 109 105 14.8 2.7
"14" "14" 1986-11-28 23.33 "GSW" "@" "SAC" "W" 6 1 34 0.59 0.4 0 10.1 5.4 7.8 3.1 0 17.2 23 114 106 11.7 -3
"15" "15" 1986-11-29 23.33 "GSW" "" "CHI" "W" 7 1 25 0.958 0.857 0 4.9 2.7 31.5 0 0 0 19.2 204 115 20.7 17
"16" "16" 1986-12-02 23.34 "GSW" "" "HOU" "W" 5 1 32 0.671 0.5 4.1 2.8 3.3 30 3.2 0 10.9 24.7 136 108 20.1 10.5
"17" "17" 1986-12-04 23.35 "GSW" "" "LAL" "W" 10 1 34 0.608 0.567 0 16 8.2 18.7 1.4 0 10 24.8 118 106 16.3 1.4
"18" "18" 1986-12-06 23.35 "GSW" "" "DAL" "L" -5 1 21 0.139 0 4.2 5.1 4.6 18.5 4.6 0 15.7 23.9 45 108 -2.6 -16.3
"19" "19" 1986-12-07 23.36 "GSW" "@" "LAL" "L" -32 1 26 0.635 0.571 0 4.4 2 15.2 0 0 16 27.6 117 134 11.3 -0.3
"20" "20" 1986-12-09 23.36 "GSW" "" "PHO" "L" -15 1 36 0.495 0.471 0 0 0 23.5 1.3 0 5 22.3 106 112 13 1.2
"21" "21" 1986-12-11 23.37 "GSW" "@" "HOU" "W" 7 1 37 0.388 0.333 2.9 10.2 6.3 11.6 5.1 0 7.2 29.3 90 99 11.7 -2.9
"22" "22" 1986-12-13 23.37 "GSW" "@" "SAS" "W" 15 1 38 0.752 0.625 5.5 11.5 8.4 18.3 2.6 3.3 8.6 25.4 150 102 30.8 15.6
"23" "23" 1986-12-16 23.38 "GSW" "@" "LAC" "W" 2 1 33 0.477 0.444 0 0 0 18.1 2.9 0 17.5 14.6 99 121 7 -4.1
"24" "24" 1986-12-18 23.39 "GSW" "" "WSB" "L" -18 1 23 0.21 0 0 0 0 14.6 0 0 0 8.8 75 140 0.8 -11.4
"25" "25" 1986-12-20 23.39 "GSW" "@" "DEN" "L" -16 1 29 0.723 0.8 0 0 0 6.4 0 0 25.4 20.4 100 123 7.1 -4.6
"26" "26" 1986-12-21 23.39 "GSW" "@" "SEA" "W" 9 1 36 0.567 0.467 0 8.3 4.8 17.4 7 0 16.5 24 112 92 19 5.7
"27" "27" 1986-12-23 23.4 "GSW" "" "POR" "W" 1 1 28 0.665 0.5 0 3.5 1.9 4.9 1.6 2 27.5 19.5 106 108 7.4 -0.8
"28" "28" 1986-12-26 23.41 "GSW" "@" "DET" "L" -15 1 27 0.455 0.444 0 4.7 2 14.5 0 2 23.3 18.5 79 121 3.6 -6.7
"29" "29" 1986-12-27 23.41 "GSW" "@" "ATL" "L" -11 1 31 0.427 0.417 3.3 0 1.6 29.9 1.6 0 0 16.6 115 126 10.4 1.3
"30" "30" 1986-12-29 23.42 "GSW" "@" "WSB" "L" -20 1 29 0.504 0.462 3.4 0 1.8 4.7 4.7 0 17.8 21.5 96 117 7.5 -2.8
"31" "31" 1986-12-30 23.42 "GSW" "@" "CHI" "W" 3 1 38 0.537 0.412 2.6 3.1 2.8 13 5.2 1.5 8.5 25.8 113 100 18.5 7.5
"32" "32" 1987-01-02 23.43 "GSW" "" "SAC" "W" 6 1 30 0.598 0.567 0 11.4 5.7 24.1 1.6 0 11.2 24.8 118 110 13.5 2.6
"33" "33" 1987-01-04 23.43 "GSW" "" "PHO" "L" -3 1 34 0.631 0.571 2.9 3.3 3.1 11.9 1.5 1.6 0 20.4 148 112 18.1 9.7
"34" "34" 1987-01-06 23.44 "GSW" "" "HOU" "W" 18 1 25 0.519 0.5 8.9 4.5 6.7 17.2 1.8 0 17.2 26 99 100 9.4 -0.7
"35" "35" 1987-01-08 23.44 "GSW" "" "SEA" "L" -7 1 28 0.745 0.808 0 9.7 5 0 0 0 6.3 21.6 129 113 13.6 3.7
"36" "36" 1987-01-10 23.45 "GSW" "" "LAL" "W" 15 1 25 0.364 0.364 0 8.5 4.1 23.8 1.9 5.1 8.3 17.8 100 107 5.8 -0.3
"37" "37" 1987-01-13 23.46 "GSW" "" "SAS" "W" 2 1 31 0.625 0.615 0 10.9 6.3 24.5 1.5 0 16.5 23.8 109 106 14.2 0.9
"38" "38" 1987-01-15 23.46 "GSW" "@" "LAL" "L" -20 1 28 0.605 0.571 0 12.5 5.7 16 1.6 1.9 35 15.9 81 120 4.4 -5.4
"39" "39" 1987-01-16 23.47 "GSW" "" "LAC" "W" 12 1 27 0.276 0.3 0 12.7 6.1 17.9 0 2.2 15.5 18.4 67 104 -0.2 -13.1
"40" "40" 1987-01-18 23.47 "GSW" "@" "POR" "W" 13 1 35 0.453 0.421 3.7 5.2 4.6 4.4 1.2 1.6 13.1 25.9 83 96 8.2 -3.2
"41" "41" 1987-01-20 23.48 "GSW" "@" "SAC" "L" -9 1 16 0.333 0.333 0 23.7 11.5 16.7 0 0 25 19.9 65 120 0.5 -12.6
"42" "42" 1987-01-21 23.48 "GSW" "@" "DEN" "L" -17 1 29 0.669 0.583 0 3.2 1.9 11.3 1.5 0 17.4 24 111 117 11.9 -1.3
"43" "43" 1987-01-23 23.48 "GSW" "@" "UTA" "L" -23 1 26 0.513 0.364 0 3.8 1.8 6.5 1.6 2 6.8 21.1 107 113 8.8 -0.6
"44" "44" 1987-01-27 23.5 "GSW" "" "MIL" "L" -4 1 25 0.41 0.3 0 3.6 1.9 20.6 1.8 0 14.1 21.9 93 116 5.5 -4.6
"45" "45" 1987-01-28 23.5 "GSW" "@" "PHO" "L" -27 1 29 0.666 0.643 0 0 0 13.2 1.8 4.4 6 25.3 133 139 16 5.4
"46" "46" 1987-01-30 23.5 "GSW" "" "SEA" "W" 8 1 27 0.694 0.75 0 4.9 2.5 4 0 0 14.8 11 121 132 4.4 -7.9
"47" "47" 1987-02-01 23.51 "GSW" "" "NJN" "W" 3 1 49 0.704 0.688 2.2 8.2 5.3 13 2 1.1 10.1 16.9 131 110 21.6 3.8
"48" "48" 1987-02-03 23.52 "GSW" "@" "SAS" "L" -8 1 30 0.5 0.5 0 0 0 19.5 3.1 2 12.5 21 96 111 9.7 1.3
"49" "49" 1987-02-05 23.52 "GSW" "@" "HOU" "L" -10 1 31 0.635 0.571 3.6 0 1.8 14.2 0 0 0 20.7 149 137 15.4 2.8
"50" "50" 1987-02-10 23.53 "GSW" "" "IND" "L" -1 1 26 0.505 0.455 0 13.3 6.8 5.7 1.9 0 20.2 25.6 82 119 5.5 -9.4
"51" "51" 1987-02-12 23.54 "GSW" "" "BOS" "L" -22 1 29 0.504 0.462 3.3 8.1 5.5 24.3 3 0 17.8 22.8 93 120 10.3 -1.1
"52" "52" 1987-02-14 23.55 "GSW" "" "ATL" "W" 7 1 15 0.2 0.2 0 11.6 5.1 27.6 0 3.5 0 13 75 95 0.7 -6.8
"53" "53" 1987-02-16 23.55 "GSW" "@" "IND" "L" -19 1 28 0.654 0.75 0 0 0 0 0 2.1 12.7 12.1 103 123 4.9 -3.3
"54" "54" 1987-02-18 23.56 "GSW" "@" "PHI" "L" -11 1 22 0.298 0.2 4.3 18.2 10 18.4 2.4 0 14.5 26.4 75 123 1.9 -12.6
"55" "55" 1987-02-19 23.56 "GSW" "@" "NJN" "W" 4 1 34 0.672 0.643 6.9 7.4 7.2 29.9 0 0 6.3 20.5 140 116 18.1 4.4
"56" "56" 1987-02-21 23.56 "GSW" "@" "DAL" "L" -11 1 23 0.286 0.286 5 10.5 7.7 12 2.1 3.2 12.5 14.5 72 111 2.1 -3.5
"57" "57" 1987-02-23 23.57 "GSW" "" "DAL" "L" -26 1 28 0.2 0.2 3.8 5.2 4.4 5.4 1.8 0 16.7 18.3 46 127 -2.7 -15.4
"58" "58" 1987-02-26 23.58 "GSW" "" "LAC" "W" 21 1 25 0.76 0.571 0 3.9 2.1 24.4 1.8 0 8.7 17.4 163 102 14.9 5.4
"59" "59" 1987-02-27 23.58 "GSW" "@" "LAL" "L" -12 1 34 0.588 0.588 0 4.3 2 29.2 1.4 0 5.6 23.8 117 124 16.1 1.9
"60" "60" 1987-03-03 23.59 "GSW" "" "LAL" "L" -5 1 34 0.638 0.607 2.9 4.4 3.5 12.2 2.8 0 16.8 20.6 112 117 13.3 3.5
"61" "61" 1987-03-05 23.6 "GSW" "" "HOU" "W" 9 1 36 0.466 0.417 0 0 0 11.3 1.4 1.7 7.2 17.2 100 107 6.4 -3
"62" "62" 1987-03-08 23.61 "GSW" "" "SAS" "W" 26 1 28 0.735 0.7 0 3.7 2.2 23.5 0 0 0 15.9 169 118 17 5.9
"63" "63" 1987-03-10 23.61 "GSW" "" "SAC" "W" 11 1 26 0.79 0.778 0 3.6 2.3 10.2 1.9 0 15.7 20.9 135 119 12.6 2.5
"64" "64" 1987-03-11 23.61 "GSW" "@" "LAC" "W" 10 1 29 0.632 0.538 0 7 3.9 26.3 0 0 10.3 27.1 125 110 15.8 0.5
"65" "65" 1987-03-15 23.62 "GSW" "@" "POR" "L" -11 1 34 0.592 0.538 0 0 0 9.1 1.3 0 16.5 19.4 111 115 10.3 -1.1
"66" "66" 1987-03-17 23.63 "GSW" "@" "UTA" "L" -15 1 36 0.585 0.529 6.3 18.5 10.7 12.9 0 0 0 20.8 135 119 19.4 6.1
"67" "67" 1987-03-19 23.64 "GSW" "" "POR" "W" 1 1 26 0.607 0.556 0 4.5 2.1 21.9 0 0 9.2 15.8 134 127 8.2 -1.5
"68" "68" 1987-03-21 23.64 "GSW" "@" "PHO" "W" 3 1 35 0.825 0.769 0 6.4 3.3 14.9 4.3 1.7 5.6 23.9 159 104 26.3 15.7
"69" "69" 1987-03-25 23.65 "GSW" "" "DET" "W" 12 1 25 0.537 0.533 4.2 19.2 12 26.9 1.9 2 15.2 30 107 107 12.7 2.4
"70" "70" 1987-03-27 23.66 "GSW" "@" "SEA" "W" 1 1 34 0.735 0.75 3.4 12.5 8.2 20.7 2.9 0 26.9 18.5 112 106 13.6 3.5
"71" "71" 1987-03-28 23.66 "GSW" "" "UTA" "W" 6 1 30 0.678 0.694 7.3 7.1 7.2 27.8 3 1.7 0 23.2 156 100 23.4 17
"72" "72" 1987-04-02 23.67 "GSW" "@" "DEN" "L" -36 1 29 0.615 0.615 0 3.4 1.7 0 0 3.3 18.8 20.5 92 122 8.4 -2.8
"73" "73" 1987-04-03 23.68 "GSW" "@" "DAL" "L" -20 1 21 1.23 1.25 0 0 0 13.5 0 0 29.1 13.8 147 150 8.6 1.8
"74" "74" 1987-04-05 23.68 "GSW" "@" "SAS" "W" 1 1 43 0.56 0.529 2.5 13.1 7.7 30.1 3.3 1.5 21 22.9 100 104 17.9 2.3
"75" "75" 1987-04-07 23.69 "GSW" "" "DEN" "L" -3 1 32 0.5 0.5 0 11.3 5.3 31.8 1.5 1.8 33.3 7.7 105 114 7.4 1.4
"76" "76" 1987-04-09 23.69 "GSW" "" "DAL" "L" -25 1 23 0.644 0.688 0 0 0 7.1 2.1 0 9.7 18.8 116 128 7.1 -0.4
"77" "77" 1987-04-11 23.7 "GSW" "@" "SAC" "W" 6 1 22 0.481 0.429 0 4.7 2.4 13.9 0 2.5 5.7 32.8 102 110 8.4 -2.2
"78" "78" 1987-04-12 23.7 "GSW" "" "UTA" "L" -2 1 26 0.68 0.6 0 5.8 2.8 11 2 0 33.8 15.5 95 119 3.8 -6.1
"79" "79" 1987-04-14 23.71 "GSW" "@" "LAC" "W" 9 1 22 0.508 0.429 5 0 2.6 34 2.1 0 0 14.1 146 111 10.2 3.3
"80" "80" 1987-04-15 23.71 "GSW" "" "PHO" "L" -3 1 23 0.699 0.667 0 0 0 39.9 0 2.6 48.2 21.1 84 118 4 -5.3
"81" "81" 1987-04-18 23.72 "GSW" "@" "SEA" "W" 5 1 24 0.854 0.833 5.4 10.5 8 10 3.9 2.5 0 13.8 182 116 15.6 10.2
"82" "82" 1987-04-19 23.72 "GSW" "" "LAC" "W" 20 1 25 0.4 0.4 0 8.3 4.2 9.1 3.8 5 16.7 10.1 79 80 4.9 -0.9
"1" "1" 1987-11-06 24.27 "GSW" "@" "SAC" "L" -28 1 30 0.53 0.474 0 4 1.7 10.8 1.4 0 8.8 29.3 103 125 11.4 -2.5
"2" "2" 1987-11-07 24.27 "GSW" "" "DEN" "L" -4 1 33 0.425 0.3 3.3 28.5 16.8 15.8 1.4 1.7 25.4 19.2 77 94 7.3 -1.9
"3" "3" 1987-11-10 24.28 "GSW" "@" "PHO" "L" -14 1 42 0.517 0.455 5 16.8 10 7.5 4.4 0 4 23.4 113 114 19.7 1.6
"4" "4" 1987-11-11 24.28 "GSW" "" "PHO" "W" 15 1 38 0.647 0.618 3 0 1.6 22.1 1.2 0 9.1 22.4 134 114 19.6 3.7
"5" "5" 1987-11-13 24.29 "GSW" "@" "LAC" "L" -3 1 28 0.543 0.5 0 3.7 1.9 36.1 1.8 0 13.4 22.3 106 104 9.6 0
"6" "6" 1987-11-14 24.29 "GSW" "" "LAL" "L" -8 1 38 0.573 0.559 3.1 3.9 3.5 24.1 2.5 0 5.4 20.2 125 117 16.2 3.9
"7" "7" 1987-11-17 24.3 "GSW" "@" "MIL" "L" -12 1 34 0.643 0.6 0 2.8 1.4 27.1 1.4 1.6 0 18.4 144 121 20.3 8.5
"8" "8" 1987-11-18 24.3 "GSW" "@" "ATL" "L" -3 1 34 0.409 0.4 0 12 6.2 16.6 0 0 23.9 25 73 103 1.2 -10.2
"9" "9" 1987-11-20 24.31 "GSW" "@" "DET" "L" -23 1 31 0.648 0.615 4.1 0 1.9 29.4 0 0 6.7 19.3 132 130 15.6 2.9
"10" "10" 1987-11-21 24.31 "GSW" "@" "NYK" "L" -8 1 43 0.531 0.474 2.7 7.8 5.3 19.3 4.6 5.5 8.5 23.1 115 98 22.8 11.2
"11" "11" 1987-11-24 24.32 "GSW" "" "LAC" "L" -3 1 46 0.512 0.5 2.3 14.4 7 22.2 4.3 0 7.9 23.1 103 102 19.6 3.5
"12" "12" 1987-11-27 24.33 "GSW" "" "PHI" "W" 6 1 40 0.571 0.464 0 11.1 6.2 18.6 1.2 1.3 10.2 21.2 112 105 15.4 1.6
"13" "13" 1987-12-01 24.34 "GSW" "" "CHI" "L" -1 1 41 0.521 0.467 4.8 5.4 5.1 11 0 1.4 0 16.7 119 105 13.7 2.1
"14" "14" 1987-12-04 24.35 "GSW" "@" "DAL" "L" -21 1 26 0.688 0.688 0 4.4 2.1 37.3 4 0 0 14.2 145 124 11.6 6.9
"15" "15" 1987-12-05 24.35 "GSW" "@" "HOU" "L" -25 1 25 0.254 0.143 0 23 8.3 24.6 2 0 20.2 17.8 64 125 2.9 -8.6
"16" "16" 1987-12-09 24.36 "GSW" "" "CLE" "W" 1 1 32 0.444 0.357 7.1 4.3 5.8 29.5 0 2 16 22.8 101 111 9.4 -3.1
"17" "17" 1988-01-29 24.5 "GSW" "" "UTA" "W" 2 0 23 0.625 0.625 4.7 14.2 9.5 45.4 8.3 0 27.3 20.4 104 87 12.8 11.6
"18" "18" 1988-02-01 24.51 "GSW" "@" "IND" "L" -2 0 22 0.608 0.5 0 0 0 19.5 2.4 0 25.8 16.5 101 100 5.3 -1.4
"19" "19" 1988-02-03 24.52 "GSW" "@" "PHI" "L" -12 0 25 0.482 0.458 0 0 0 13.1 2 2.9 19.4 28.6 79 105 4.5 -4.6
"20" "20" 1988-02-04 24.52 "GSW" "@" "CLE" "W" 6 0 34 0.506 0.475 0 6.2 3.5 23.1 5.9 0 21.6 36.4 84 83 12.2 2
"21" "21" 1988-02-09 24.53 "GSW" "" "SAC" "W" 18 0 36 0.668 0.611 3.3 2.7 3 32 1.4 0 4.7 24.4 147 106 24.6 9
"22" "22" 1988-02-11 24.54 "GSW" "" "IND" "L" -1 1 39 0.727 0.667 9.1 11.4 10.6 38.3 2.5 1.4 26.7 21.2 127 110 22.3 8.2
"23" "23" 1988-02-13 24.54 "GSW" "" "SEA" "W" 14 1 42 0.788 0.65 0 11.4 6.6 26.8 4.5 1.5 26.4 19.6 128 90 23.5 9.6
"24" "24" 1988-02-15 24.55 "GSW" "@" "SAS" "W" 4 1 36 0.755 0.765 10.8 11.1 11 32.3 2.5 0 18.3 24.7 130 116 26 7.6
"25" "25" 1988-02-16 24.55 "GSW" "@" "HOU" "L" -5 1 33 0.553 0.553 3.9 3 3.4 12.3 4.3 1.8 17.4 26.8 109 118 12.5 0.2
"26" "26" 1988-02-19 24.56 "GSW" "@" "DAL" "L" -13 1 34 0.7 0.7 3.4 6 4.8 27.4 5.4 0 16.7 21.5 122 105 19.8 10.3
"27" "27" 1988-02-22 24.57 "GSW" "" "SAS" "W" 12 1 33 0.444 0.429 2.6 0 1.3 24.7 0 0 20.2 22.4 86 108 5.5 -10
"28" "28" 1988-02-24 24.57 "GSW" "" "DET" "L" -14 1 36 0.373 0.294 2.6 2.8 2.7 32 4.1 0 13.8 24.6 88 110 9.9 0.2
"29" "29" 1988-02-26 24.58 "GSW" "" "NYK" "L" -6 1 34 0.649 0.583 0 4.2 1.9 18 1.5 0 6.4 18 152 135 16 3.6
"30" "30" 1988-02-27 24.58 "GSW" "@" "SEA" "L" -3 1 36 0.591 0.563 3.6 3.2 3.4 19.6 0 0 14.5 23.9 112 120 13.7 -1.4
"31" "31" 1988-02-29 24.59 "GSW" "" "WSB" "L" -5 1 39 0.453 0.368 4.6 6.5 5.4 15.2 2.5 1.4 0 23.1 111 111 15.8 2.3
"32" "32" 1988-03-02 24.59 "GSW" "" "HOU" "L" -7 1 29 0.65 0.5 3.1 14.7 8.4 11.1 0 0 7.1 18.7 133 106 13.5 2.8
"33" "33" 1988-03-04 24.6 "GSW" "@" "LAL" "L" -13 1 20 0.286 0.286 5 12 8.2 20.5 4.5 0 12.5 15.7 74 109 3.9 -5.7
"34" "34" 1988-03-05 24.6 "GSW" "@" "POR" "L" -6 1 29 0.667 0.667 0 4.1 2.1 34.1 0 0 21.1 26.5 106 124 11.2 -1.9
"35" "35" 1988-03-08 24.61 "GSW" "" "SEA" "L" -5 1 45 0.445 0.348 2.6 8.6 5.5 21.7 4.6 2.7 6.9 28.7 103 113 18.7 1.9
"36" "36" 1988-03-10 24.61 "GSW" "" "NJN" "W" 16 1 34 0.888 0.833 4.4 10.3 7.7 16.7 0 1.9 6.4 19.2 168 110 23.8 6.5
"37" "37" 1988-03-11 24.62 "GSW" "@" "LAC" "W" 5 1 35 0.64 0.588 3.8 9.1 6.8 20.1 1.5 3.6 5.1 25.3 131 103 21.1 7
"38" "38" 1988-03-13 24.62 "GSW" "@" "HOU" "L" -13 1 23 0.4 0.4 0 8.3 4.3 0 1.9 0 9.1 18.6 80 115 2.4 -8.7
"39" "39" 1988-03-14 24.62 "GSW" "@" "DAL" "L" -20 1 32 0.54 0.538 0 14.7 7.6 14.3 5.9 1.9 12.6 19.8 101 108 14.2 3.6
"40" "40" 1988-03-16 24.63 "GSW" "" "PHO" "L" -6 1 40 0.69 0.646 2.6 3.2 2.9 25.7 3.4 0 9.8 30.5 130 112 31.2 11.7
"41" "41" 1988-03-18 24.64 "GSW" "" "POR" "L" -5 1 42 0.666 0.636 6.1 8.8 7.2 19.6 1.2 0 7.3 26 136 128 26.9 8.7
"42" "42" 1988-03-20 24.64 "GSW" "" "LAL" "L" -3 1 42 0.527 0.5 2.9 0 1.5 31.3 4.6 0 8.7 21.6 129 131 20.9 1.8
"43" "43" 1988-03-23 24.65 "GSW" "" "SAC" "W" 8 1 30 0.783 0.7 11.9 11.4 11.6 42.7 6.5 0 0 27.1 173 112 33.6 21.7
"44" "44" 1988-03-25 24.65 "GSW" "@" "LAC" "L" -15 1 23 0.74 0.563 0 27.6 13.9 32.5 4.2 0 7.2 23.6 157 101 20.1 18.1
"45" "45" 1988-03-26 24.66 "GSW" "" "DEN" "L" -23 1 35 0.581 0.533 3 16.6 8.8 24.2 4 0 14.2 24 111 120 19 5.5
"46" "46" 1988-03-30 24.67 "GSW" "@" "PHO" "L" -18 1 31 0.564 0.469 0 3.6 1.8 23.7 0 0 4.9 26.9 116 125 14.5 -0.1
"47" "47" 1988-03-31 24.67 "GSW" "@" "UTA" "L" -23 1 43 0.712 0.7 0 8.6 4.3 20.7 3.2 1.4 37.4 33 84 109 15 0.2
"48" "48" 1988-04-02 24.68 "GSW" "@" "DEN" "L" -16 1 40 0.525 0.5 11.3 9.5 10.5 30.2 1.2 0 7.5 24.6 122 121 22.1 6.6
"49" "49" 1988-04-05 24.68 "GSW" "" "SAS" "L" -13 1 36 0.607 0.583 7.8 8.1 7.9 19.8 2.9 3.7 13.2 24.7 126 127 20.8 8.9
"50" "50" 1988-04-06 24.69 "GSW" "@" "SEA" "L" -12 1 33 0.611 0.529 0 10.9 5.7 26.6 1.5 3.1 16.9 30.8 114 115 17.3 4.3
"51" "51" 1988-04-08 24.69 "GSW" "" "PHO" "W" 1 1 41 0.492 0.405 5.1 23.4 14.2 20.9 3.7 0 7.3 28.3 113 107 21.2 3.2
"52" "52" 1988-04-10 24.7 "GSW" "@" "SAC" "L" -6 1 30 0.625 0.5 0 6.8 3.5 15.2 4.3 4.4 4.3 30.1 128 105 23.1 9.8
"53" "53" 1988-04-11 24.7 "GSW" "" "UTA" "L" -11 1 30 0.607 0.467 0 14.5 7.3 19.5 0 0 20.9 32.6 108 116 13.1 -0.9
"54" "54" 1988-04-13 24.71 "GSW" "" "DAL" "W" 2 1 33 0.615 0.5 6.8 0 3.2 4.6 6.4 1.8 17 30.5 116 117 17.2 3.3
"55" "55" 1988-04-15 24.71 "GSW" "@" "POR" "L" -34 1 25 0.462 0.462 4.6 6.9 5.5 23.6 5.6 4.9 18.8 25.9 87 131 9.3 -1.5
"56" "56" 1988-04-16 24.72 "GSW" "" "LAC" "W" 3 1 25 0.494 0.393 7.4 16 12 17.8 0 0 27 34.7 84 103 4.8 -11.5
"57" "57" 1988-04-19 24.72 "GSW" "@" "PHO" "L" -15 1 34 0.722 0.688 3.4 3.4 3.4 23.2 5.2 0 10.4 22 135 108 23.9 11.8
"58" "58" 1988-04-20 24.73 "GSW" "" "POR" "L" -14 1 34 0.621 0.533 0 0 0 4.2 3.9 0 21.3 25.6 103 121 13.2 -3.6
"59" "59" 1988-04-22 24.73 "GSW" "" "SAC" "L" -8 1 42 0.573 0.529 2.5 2.5 2.5 25.2 2.2 3 16 23.4 108 118 18.6 1.2
"60" "60" 1988-04-24 24.74 "GSW" "@" "LAL" "L" -36 1 34 0.544 0.522 5.6 6.1 5.9 16.9 0 0 4 28 118 133 17.8 2.7
"1" "1" 1988-11-05 25.27 "GSW" "" "PHO" "W" 13 1 38 0.623 0.548 2.4 25.8 13.8 22.2 3.4 1.4 11.1 26 127 88 27.9 12.8
"2" "2" 1988-11-08 25.28 "GSW" "" "LAL" "L" -12 1 42 0.601 0.526 0 17.8 8.4 20 2.1 0 27 27 93 103 14.7 -0.5
"3" "3" 1988-11-09 25.28 "GSW" "@" "SEA" "W" 5 1 44 0.448 0.4 2.7 8.6 6 18.1 3.1 0 13 26 99 101 13.3 -0.2
"4" "4" 1988-11-11 25.28 "GSW" "@" "PHO" "L" -38 1 27 0.712 0.6 11.3 12.7 12 45.5 0 0 24 22.2 125 134 16.1 6.1
"5" "5" 1988-11-12 25.29 "GSW" "" "POR" "W" 7 1 46 0.674 0.56 7.5 3.3 4.9 9.3 2.9 1.2 6 28.3 139 96 35.5 12.6
"6" "6" 1988-11-14 25.29 "GSW" "@" "NJN" "W" 4 1 39 0.6 0.563 10.3 5.5 7.6 30.8 3.5 4.7 12.7 31.5 113 93 27.5 13.3
"7" "7" 1988-11-16 25.3 "GSW" "@" "BOS" "L" -3 1 43 0.495 0.417 2.6 5.2 3.9 44.4 3.4 0 19.8 24.1 106 111 18.5 5.1
"8" "8" 1988-11-18 25.3 "GSW" "@" "MIA" "W" 6 1 43 0.584 0.45 0 9.3 4.8 16 2.1 0 19.5 27.7 109 104 17.4 -1.1
"9" "9" 1988-11-19 25.31 "GSW" "@" "ATL" "L" -19 1 31 0.444 0.429 0 0 0 15.1 3.1 0 20.2 26.6 77 115 5.1 -6.3
"10" "10" 1988-11-23 25.32 "GSW" "" "SEA" "L" -8 1 40 0.569 0.5 5.9 2.6 4.1 5.2 1.3 1.5 15.4 27.8 106 108 14.5 3.1
"11" "11" 1988-11-26 25.33 "GSW" "" "HOU" "L" -10 1 37 0.598 0.567 2 3.1 2.4 11.9 3.6 0 11.2 16.4 120 111 15.4 3.6
"12" "12" 1988-11-27 25.33 "GSW" "@" "POR" "L" -15 1 39 0.405 0.333 3.3 3.2 3.3 10.2 0 0 44.7 20.1 55 119 -3.6 -17.5
"13" "13" 1988-11-29 25.33 "GSW" "" "CHI" "W" 10 1 43 0.525 0.48 2.3 9.1 5.7 33.6 2.1 0 6.7 27.7 111 94 22.2 5.8
"14" "14" 1988-12-02 25.34 "GSW" "@" "DEN" "L" -27 1 29 0.654 0.583 8.1 18.8 12.6 12.5 0 3.4 22.5 21.1 110 114 13.6 2.2
"15" "15" 1988-12-03 25.35 "GSW" "@" "SEA" "L" -30 1 39 0.703 0.647 3 3.1 3 17.2 2.1 0 23.8 24.7 109 116 17 0.6
"16" "16" 1988-12-06 25.35 "GSW" "" "UTA" "W" 11 1 43 0.623 0.604 3 2.5 2.7 29.4 3.5 0 13.9 28.5 126 109 25 7
"17" "17" 1988-12-09 25.36 "GSW" "@" "PHO" "L" -5 1 45 0.65 0.632 4.8 16.7 11.2 29.8 1 0 16.2 23 120 108 23.6 4.9
"18" "18" 1988-12-10 25.36 "GSW" "" "WSB" "W" 7 1 44 0.531 0.5 6.8 9.1 8.2 21.1 1.1 0 14.5 27.2 108 109 16.8 -2.2
"19" "19" 1988-12-13 25.37 "GSW" "@" "DAL" "L" -6 1 45 0.551 0.476 12.7 6.1 9.7 25.6 1.1 0 0 21.8 146 129 25.4 8
"20" "20" 1988-12-15 25.38 "GSW" "@" "HOU" "L" -9 1 50 0.618 0.55 4.8 2.1 3.4 9.9 3 0 15 22.5 116 110 20 3.3
"21" "21" 1988-12-17 25.38 "GSW" "@" "SAS" "W" 10 1 41 0.733 0.611 3.3 21.6 12.7 16.1 4.3 0 10.4 26.6 150 100 34.8 11.3
"22" "22" 1988-12-20 25.39 "GSW" "" "LAC" "W" 2 1 35 0.659 0.619 3.1 0 1.5 36.7 1.3 1.3 11.6 28.6 126 112 24.4 6.3
"23" "23" 1988-12-22 25.4 "GSW" "" "POR" "L" -8 1 42 0.455 0.409 6.7 7.6 7.1 29.6 1.1 0 19.9 26.9 96 117 12.1 -3.6
"24" "24" 1988-12-23 25.4 "GSW" "@" "POR" "L" -4 1 37 0.465 0.444 2.9 13.5 8.4 17.6 2.5 0 9.1 35.9 97 104 15.1 0.6
"25" "25" 1988-12-27 25.41 "GSW" "" "PHI" "W" 7 1 37 0.544 0.522 5.6 4.4 4.9 18.8 0 1.5 7.7 27.3 116 118 16.9 1.6
"26" "26" 1989-01-04 25.43 "GSW" "" "MIA" "W" 9 1 41 0.604 0.5 0 11.7 6.1 33.5 2.2 1.5 21.8 26.5 105 96 21.1 2.6
"27" "27" 1989-01-05 25.44 "GSW" "@" "DEN" "L" -2 1 39 0.663 0.568 0 20.9 10.8 16.8 1 1.4 21 29.9 111 108 23 1.9
"28" "28" 1989-01-07 25.44 "GSW" "" "SAS" "L" -2 1 42 0.574 0.475 3.9 15.4 8.4 28.9 5.8 1.4 17.5 25 115 99 23.9 10.3
"29" "29" 1989-01-09 25.45 "GSW" "" "PHO" "W" 6 1 38 0.72 0.667 5.1 22.3 13.8 49.5 2.2 0 3.6 27.1 156 106 38.6 17.6
"30" "30" 1989-01-11 25.45 "GSW" "" "DAL" "W" 1 1 43 0.683 0.652 3.3 6 5 26.5 2.3 1.3 16.3 32.7 115 111 27.6 4.8
"31" "31" 1989-01-13 25.46 "GSW" "@" "LAC" "W" 14 1 36 0.607 0.55 7.4 10.3 8.8 17.9 4.9 0 4.2 24.3 135 99 27 10
"32" "32" 1989-01-14 25.46 "GSW" "" "UTA" "W" 26 1 37 0.574 0.5 8.5 15.4 11.8 31.5 1.2 1.6 20.3 30.1 113 101 21.8 5.4
"33" "33" 1989-01-16 25.47 "GSW" "" "SEA" "W" 29 1 40 0.624 0.5 2.6 13.5 8.8 7.5 2.9 0 10.8 22.8 128 94 25.1 3.5
"34" "34" 1989-01-18 25.47 "GSW" "" "NYK" "W" 14 1 37 0.689 0.65 10.5 9.7 10 20.2 3.2 1.5 24.3 28.5 110 96 23 4.8
"35" "35" 1989-01-20 25.48 "GSW" "" "HOU" "W" 7 1 39 0.634 0.529 5.9 4 4.7 17.6 1.1 1.4 16.3 23.7 121 111 20.5 2.7
"36" "36" 1989-01-21 25.48 "GSW" "@" "SAC" "W" 25 1 27 0.685 0.643 0 26.3 14.5 50.8 3.2 0 6.1 22.7 152 93 26.2 15.2
"37" "37" 1989-01-23 25.48 "GSW" "@" "CLE" "L" -33 1 31 0.558 0.5 8 19 13 29.8 2.8 0 4 30.8 119 122 23.6 8.2
"38" "38" 1989-01-25 25.49 "GSW" "@" "DET" "L" -1 1 38 0.61 0.526 2.2 16.7 9.2 32.3 5 1.5 8 26 125 94 27.5 15.8
"39" "39" 1989-01-27 25.5 "GSW" "@" "PHI" "L" -1 1 43 0.554 0.5 8 5.6 6.7 21.9 5.2 0 10 26 117 105 27.8 7.7
"40" "40" 1989-01-28 25.5 "GSW" "@" "IND" "W" 2 1 43 0.679 0.611 9.3 11.9 10.6 23.2 4.2 0 18 25 123 102 29 8.7
"41" "41" 1989-01-30 25.5 "GSW" "@" "MIA" "W" 7 1 35 0.496 0.455 5.1 19.6 11.4 23.4 2.7 0 11 30.3 105 92 17.5 3.5
"42" "42" 1989-02-02 25.51 "GSW" "" "NJN" "W" 14 1 36 0.405 0.333 4.8 5 4.9 19.5 3.8 1.5 20.2 24.3 90 108 9.5 -4.4
"43" "43" 1989-02-04 25.52 "GSW" "" "LAC" "W" 9 1 34 0.533 0.474 7.2 9 8 32.9 0 1.6 11.8 27 116 104 19 3.2
"44" "44" 1989-02-08 25.53 "GSW" "@" "LAL" "W" 3 1 42 0.643 0.6 3.4 16.7 10.7 33.7 4.3 0 12.1 23.6 128 106 28.8 11.5
"45" "45" 1989-02-09 25.53 "GSW" "@" "SAC" "L" -25 1 29 0.41 0.25 13.2 8.3 11 25.2 5 0 17 30.9 100 138 12.2 -2.7
"46" "46" 1989-02-15 25.55 "GSW" "" "SAS" "W" 37 1 33 0.487 0.375 3.2 11.2 7.4 18.9 3.6 0 13.3 24.5 103 83 15.5 -2.7
"47" "47" 1989-02-16 25.55 "GSW" "@" "LAC" "W" 5 1 41 0.545 0.45 6.5 7.4 7.1 26.3 1.1 0 10.1 27 119 117 22.8 0.1
"48" "48" 1989-02-18 25.56 "GSW" "" "DET" "W" 2 1 47 0.55 0.476 2 10.3 6 14.2 3 1.2 22.8 25.4 94 106 15.8 0.3
"49" "49" 1989-02-21 25.56 "GSW" "@" "PHO" "L" -18 1 28 0.522 0.5 8.2 12 10.1 22 3.2 1.8 6.1 21.9 121 126 14.5 4.2
"50" "50" 1989-02-22 25.57 "GSW" "@" "SAS" "W" 11 1 38 0.52 0.409 7.7 12.6 10.4 10.6 1.2 0 16.1 30.7 101 100 15.6 -3.9
"51" "51" 1989-02-24 25.57 "GSW" "@" "DAL" "W" 35 1 35 0.657 0.66 6 15.8 11.2 19.9 5.3 2 10.4 31.5 129 82 29.7 16.7
"52" "52" 1989-02-27 25.58 "GSW" "" "DEN" "W" 9 1 39 0.617 0.609 6.7 12.3 9.9 21.7 1 1.4 7.6 25.2 127 114 26.2 2.3
"53" "53" 1989-03-01 25.59 "GSW" "@" "LAL" "L" -21 1 28 0.589 0.531 2.9 3.6 3.2 4.7 0 0 0 24.9 134 136 15.9 3.2
"54" "54" 1989-03-02 25.59 "GSW" "" "IND" "L" -4 1 47 0.416 0.404 6.2 6.9 6.5 5.8 0 0 13.1 24 94 124 6.6 -9.2
"55" "55" 1989-03-04 25.59 "GSW" "" "SAC" "W" 12 1 38 0.615 0.6 8.4 14.3 11.6 20 1 0 9.8 28 127 122 26.5 1.1
"56" "56" 1989-03-05 25.6 "GSW" "@" "SAC" "L" -14 1 33 0.375 0.354 11.4 12.8 12 5.5 0 0 10.6 32.1 84 112 6.5 -5.8
"57" "57" 1989-03-07 25.6 "GSW" "" "LAC" "W" 26 1 35 0.644 0.571 2.7 23.4 11.9 20.4 2.5 1.4 17.2 28.6 124 101 24.3 3.7
"58" "58" 1989-03-09 25.61 "GSW" "" "CLE" "W" 6 1 39 0.485 0.421 4.7 14 9 17 3.4 1.5 12.2 22 108 103 16.4 2.9
"59" "59" 1989-03-10 25.61 "GSW" "@" "UTA" "L" -14 1 36 0.362 0.263 11.9 5.2 8.3 20.9 2.5 0 4.3 25.3 98 121 12.9 -3
"60" "60" 1989-03-12 25.62 "GSW" "" "LAL" "L" -11 1 39 0.518 0.457 7.9 30 16.7 7.5 2.3 1.8 16.1 27.8 105 114 18.6 3.2
"61" "61" 1989-03-14 25.62 "GSW" "@" "POR" "L" -29 1 24 0.506 0.471 3.6 12.2 7.6 8.3 3.5 0 9.6 30.1 99 119 11.8 2
"62" "62" 1989-03-15 25.62 "GSW" "" "DAL" "W" 13 1 38 0.653 0.571 3.1 11.5 7.4 15.9 1.4 0 14 32 126 109 23.4 5.8
"63" "63" 1989-03-17 25.63 "GSW" "" "ATL" "W" 9 1 44 0.618 0.583 1.9 4 3 17.1 4.2 0 15.4 28.1 111 103 24.2 6.2
"64" "64" 1989-03-19 25.64 "GSW" "" "CHH" "W" 7 1 36 0.541 0.476 5.7 2.8 4.2 4.3 3.6 1.4 13.8 29.8 106 108 17.6 0.6
"65" "65" 1989-03-21 25.64 "GSW" "" "POR" "W" 24 1 32 0.54 0.452 0 16.4 9.8 12.6 1.2 0 17.2 31.1 103 105 15.5 -5.3
"66" "66" 1989-03-23 25.65 "GSW" "" "PHO" "L" -30 1 32 0.649 0.58 8.3 24.3 14.8 0 2.6 0 12.3 35.2 124 133 27 7.8
"67" "67" 1989-03-25 25.65 "GSW" "@" "HOU" "L" -40 1 26 0.182 0.182 10.4 4.3 8.1 14.8 1.5 0 26.7 18.8 47 123 -1.5 -13.9
"68" "68" 1989-03-27 25.66 "GSW" "@" "MIL" "L" -12 1 40 0.678 0.611 2.4 12.4 6 22 6.7 0 8.8 22.5 130 106 29.2 12.1
"69" "69" 1989-03-28 25.66 "GSW" "@" "CHI" "L" -9 1 40 0.637 0.605 4.4 11.1 7.8 31.2 2.2 1.3 0 20.6 142 107 28.1 12.8
"70" "70" 1989-03-30 25.67 "GSW" "@" "CHH" "W" 9 1 40 0.647 0.587 9.6 6.8 8.2 9.4 1.1 2.5 6.7 29.3 132 101 29.4 11.3
"71" "71" 1989-03-31 25.67 "GSW" "@" "NYK" "W" 20 1 39 0.587 0.52 9.7 11.4 10.6 10 3.6 3.8 17.2 34.5 113 111 25.1 2
"72" "72" 1989-04-02 25.67 "GSW" "@" "WSB" "L" -17 1 28 0.571 0.5 3.1 5.6 4.4 0 1.5 0 10.7 24.4 106 107 11.1 -0.1
"73" "73" 1989-04-04 25.68 "GSW" "" "MIL" "L" -6 1 44 0.582 0.548 2.4 11.8 6.7 17.6 2.2 0 4.3 21.6 130 122 20.9 3.4
"74" "74" 1989-04-06 25.68 "GSW" "" "BOS" "W" 14 1 40 0.627 0.556 4.2 6.9 5.5 22.5 2.2 4 8.4 31.4 133 109 33.3 12.6
"75" "75" 1989-04-08 25.69 "GSW" "" "LAL" "W" 6 1 40 0.68 0.579 3.1 15.7 9.9 14.2 5.5 0 17.1 28.3 122 99 28.6 10.3
"76" "76" 1989-04-11 25.7 "GSW" "" "MIA" "W" 16 1 35 0.659 0.533 3.3 4.9 4.2 23.6 0 1.4 13.7 23.4 128 98 20.2 5.4
"77" "77" 1989-04-13 25.7 "GSW" "@" "LAC" "L" -2 1 44 0.744 0.64 0 15.6 8.3 19.5 3.9 1.1 13.7 31.9 131 101 39.7 12
"78" "78" 1989-04-15 25.71 "GSW" "" "SAC" "L" -4 1 42 0.414 0.294 2.3 9 5.7 17.2 5.1 1.5 4.6 19.7 96 98 16.4 3.1
"79" "79" 1989-04-17 25.72 "GSW" "" "SEA" "L" -7 1 43 0.496 0.478 4.7 6.6 5.7 7.2 5.5 0 13.7 27.9 91 100 16.8 2.6
"80" "80" 1989-04-18 25.72 "GSW" "@" "SEA" "L" -4 1 41 0.634 0.542 2.3 15.4 7.8 8.4 0 0 3.4 27.4 139 124 27 5
"81" "81" 1989-04-21 25.73 "GSW" "" "DEN" "L" -18 1 23 0.806 0.727 4.1 9.5 6.6 25.8 3.6 0 30.5 30.7 114 117 17.2 5.9
"82" "82" 1989-04-22 25.73 "GSW" "@" "UTA" "L" -16 1 17 0.543 0.5 6 8.1 6.9 22.5 0 0 28 43 81 121 4.6 -10.9
"1" "1" 1989-11-03 26.26 "GSW" "@" "PHO" "L" -30 1 34 0.64 0.588 15 3.1 9.2 12.9 0 0 24.2 26.1 104 127 14.5 -0.6
"2" "2" 1989-11-04 26.27 "GSW" "" "HOU" "L" -27 1 38 0.593 0.525 2.1 14.4 7.3 16.9 0 0 7.3 25.6 118 117 20.7 5.1
"3" "3" 1989-11-07 26.27 "GSW" "" "LAC" "W" 24 1 34 0.775 0.722 10.1 6.1 7.6 31.3 5.3 0 16.2 28.9 141 87 30 15.4
"4" "4" 1989-11-09 26.28 "GSW" "" "LAL" "L" -11 1 46 0.554 0.542 2.2 9.5 6.1 17 0 1.2 3.6 26.7 110 111 21.2 5.9
"5" "5" 1989-11-11 26.28 "GSW" "" "CHH" "W" 11 1 35 0.71 0.65 8.6 7.2 7.8 21 1.3 2.2 20 33.8 123 102 24.9 8.7
"6" "6" 1989-11-14 26.29 "GSW" "@" "MIN" "L" -3 1 43 0.515 0.375 2.9 10.9 7 24 1.2 1.4 28.2 28.5 86 109 8.9 -6.1
"7" "7" 1989-11-15 26.3 "GSW" "@" "CLE" "L" -25 1 31 0.67 0.605 3.9 0 2.1 17.9 1.7 0 18.8 38.2 111 143 18.1 2
"8" "8" 1989-11-17 26.3 "GSW" "@" "CHH" "L" -1 1 39 0.76 0.719 0 5.4 2.9 25 5.3 1.5 18.4 24.4 130 103 23.1 12
"9" "9" 1989-11-18 26.3 "GSW" "@" "ATL" "L" -16 1 38 0.603 0.571 5.4 7 6.1 16.4 2.4 0 14.7 28.8 108 110 19 4.9
"10" "10" 1989-11-22 26.32 "GSW" "" "SAC" "W" 24 1 38 0.888 0.844 5.7 7.9 6.9 31.7 4.8 0 4.6 22.8 178 99 41 23.7
"11" "11" 1989-11-25 26.32 "GSW" "" "CHI" "L" -13 1 44 0.523 0.529 0 2.2 1.2 12 1.1 0 9.1 21.6 99 113 11.7 -1.3
"12" "12" 1989-11-28 26.33 "GSW" "@" "DEN" "L" -21 1 35 0.601 0.536 0 10.8 6.2 21.2 2.3 0 23.1 23.4 98 117 13.1 -0.4
"13" "13" 1989-11-29 26.33 "GSW" "" "NYK" "L" -18 1 40 0.546 0.458 2.9 4.9 4 7.3 3.5 0 9.6 33 102 124 19.7 0.3
"14" "14" 1989-12-01 26.34 "GSW" "@" "POR" "L" -13 1 34 0.635 0.571 0 14.4 7.8 16.2 2.7 0 24.1 25.9 96 115 12.8 -0.1
"15" "15" 1989-12-02 26.34 "GSW" "" "MIL" "W" 3 1 48 0.737 0.667 0 11.1 6.1 35.7 2.1 3.7 5.4 16.9 152 101 29.5 14.8
"16" "16" 1989-12-05 26.35 "GSW" "@" "DAL" "L" -19 1 34 0.658 0.559 0 8.1 3.2 0 4.4 0 12.8 29.3 115 108 17.7 7
"17" "17" 1989-12-06 26.35 "GSW" "@" "SAS" "L" -2 1 41 0.656 0.619 8 14.6 10.8 6.9 3.2 0 7.8 24.6 131 110 25.2 7.6
"18" "18" 1989-12-08 26.36 "GSW" "" "SAC" "L" -5 1 44 0.601 0.524 11.2 10.9 11 27.3 1.1 0 19.4 28.3 113 123 22.5 0.9
"19" "19" 1989-12-12 26.37 "GSW" "@" "SAC" "W" 15 1 32 0.519 0.471 7.1 16.4 12.4 29.6 0 1.6 21.4 28.4 102 101 13.7 1.6
"20" "20" 1989-12-13 26.37 "GSW" "" "DEN" "W" 20 1 38 0.658 0.636 9.7 27.9 21.2 3.9 1.1 0 10.7 27.3 122 94 26.9 3.8
"21" "21" 1989-12-15 26.38 "GSW" "@" "POR" "W" 5 1 36 0.641 0.526 6.2 16.7 12.1 0 3.9 1.5 7.9 28 129 101 25.9 9.4
"22" "22" 1989-12-16 26.38 "GSW" "" "DET" "W" 12 1 36 0.606 0.441 13.3 11.9 12.5 14 2.8 3.4 11.9 31 124 92 22.8 12
"23" "23" 1989-12-20 26.39 "GSW" "" "HOU" "W" 6 1 36 0.634 0.542 0 14 6.8 15.2 2.6 3.6 12.3 18.9 119 107 17 3.8
"24" "24" 1989-12-22 26.4 "GSW" "" "IND" "W" 26 1 32 0.799 0.714 4.1 10.2 7.4 23.6 1.3 0 5.4 21.1 165 111 26.7 10.2
"25" "25" 1989-12-26 26.41 "GSW" "@" "UTA" "L" -15 1 23 0.521 0.467 4.3 0 2.2 6.9 0 0 5.8 30.2 104 136 9.7 -4.2
"26" "26" 1989-12-28 26.41 "GSW" "@" "LAC" "L" -20 1 33 0.522 0.4 9.9 10.9 10.4 23.2 0 0 20 34.4 100 128 14.7 -3.7
"27" "27" 1989-12-29 26.42 "GSW" "@" "LAL" "L" -19 1 38 0.536 0.5 16.8 24.1 20.3 28.4 3.5 0 17.7 29.4 102 115 23.5 5.5
"28" "28" 1990-01-02 26.43 "GSW" "" "UTA" "W" 13 1 34 0.705 0.722 7.2 5.3 6.1 8.9 0 3.2 0 19.9 145 109 22.6 7.3
"29" "29" 1990-01-04 26.43 "GSW" "" "MIA" "W" 2 1 39 0.68 0.6 2.8 2.6 2.7 24.5 4.5 0 26.1 26.9 109 109 20.3 2.3
"30" "30" 1990-01-06 26.44 "GSW" "" "LAL" "W" 2 1 46 0.566 0.474 10.7 18.6 14.9 13.9 2 1.2 20.7 24.9 109 125 20.5 -0.6
"31" "31" 1990-01-08 26.44 "GSW" "" "DEN" "W" 17 1 40 0.824 0.781 6.3 16.8 12.6 11.8 0 1.3 14.2 18.8 145 102 26.7 8.5
"32" "32" 1990-01-10 26.45 "GSW" "" "DAL" "W" 4 1 40 0.629 0.605 6.2 20.6 13 14.2 1.2 0 4.8 21.9 142 119 22.1 5.7
"33" "33" 1990-01-13 26.46 "GSW" "" "ORL" "W" 11 1 33 0.652 0.6 7.3 20.8 14.7 21.8 2.5 1.5 14.5 22.8 122 107 20.4 5.1
"34" "34" 1990-01-15 26.46 "GSW" "@" "IND" "L" -39 1 29 0.609 0.545 6.8 23.2 15 23.6 1.6 1.8 7.5 18.4 126 130 16.7 4.7
"35" "35" 1990-01-16 26.47 "GSW" "@" "MIL" "L" -8 1 38 0.791 0.75 7.4 21.5 15.6 4.4 1.2 2.6 10.9 28.8 144 122 33.9 10.3
"36" "36" 1990-01-18 26.47 "GSW" "@" "CHI" "L" -25 1 26 0.484 0.346 16.2 5.1 11.9 0 0 2.3 5.7 26.7 113 142 11.6 -3
"37" "37" 1990-01-19 26.47 "GSW" "@" "DET" "L" -7 1 42 0.852 0.75 2.9 11.7 7.8 15 1.2 1.3 15.6 26.4 146 127 31.7 10.8
"38" "38" 1990-01-21 26.48 "GSW" "@" "BOS" "W" 5 1 44 0.631 0.591 3.2 12.6 8.9 23.2 3 0 17.4 27.4 109 107 23.6 2.5
"39" "39" 1990-01-23 26.48 "GSW" "" "MIN" "W" 7 1 39 0.734 0.583 12.8 10.5 11.7 42 4 0 14.5 23.5 147 109 29.8 15.6
"40" "40" 1990-01-24 26.49 "GSW" "@" "SAC" "L" -30 1 27 0.651 0.563 0 11.1 5.9 17.8 0 2 20.7 21.8 112 127 10.1 0.9
"41" "41" 1990-01-26 26.49 "GSW" "" "SEA" "W" 12 1 40 0.619 0.563 0 17.1 9.6 24.5 1.3 1.4 22 26.2 103 105 16.7 1.5
"42" "42" 1990-01-31 26.51 "GSW" "" "POR" "W" 5 1 36 0.534 0.333 3.2 12.3 8.3 14.5 4.8 0 5.6 18.9 123 110 18 3.7
"43" "43" 1990-02-02 26.51 "GSW" "" "NJN" "W" 19 1 29 0.745 0.682 7.2 12.2 10.2 8.8 1.5 3 7.3 18.5 145 100 19.8 7.4
"44" "44" 1990-02-04 26.52 "GSW" "@" "MIN" "W" 10 1 35 0.615 0.5 16.6 4.9 9.2 12.9 0 0 29.1 25.7 101 104 10.7 -3.5
"45" "45" 1990-02-05 26.52 "GSW" "@" "WSB" "L" -6 1 26 0.595 0.55 0 12.6 5.9 5.2 0 0 7.8 17.9 117 122 8.8 -3.9
"46" "46" 1990-02-07 26.53 "GSW" "@" "PHI" "W" 1 1 44 0.77 0.706 7.8 15.6 11.7 25.5 1.1 0 4.2 22.2 159 112 33.5 13
"47" "47" 1990-02-08 26.53 "GSW" "@" "NYK" "L" -4 1 32 0.605 0.462 2.5 19.1 9.9 8.8 2.7 0 10.8 21.5 118 110 17.2 1.5
"48" "48" 1990-02-15 26.55 "GSW" "" "WSB" "W" 6 1 38 0.564 0.438 3 19.2 11.5 22.4 4.8 2.9 16.4 26.1 105 92 21.5 8
"49" "49" 1990-02-16 26.55 "GSW" "@" "PHO" "L" -21 1 33 0.506 0.472 2.9 9.1 5.9 17.4 5.3 1.6 16.8 27.2 95 117 14.1 3
"50" "50" 1990-02-18 26.56 "GSW" "" "PHO" "L" -18 1 35 0.643 0.647 5.6 15.2 10.2 4 2.5 1.6 21.9 24.4 101 116 15.6 1.4
"51" "51" 1990-02-19 26.56 "GSW" "@" "DEN" "L" -5 1 35 0.478 0.417 5.8 13.3 10.1 12.8 2.5 1.3 17 18.7 95 101 11 0.6
"52" "52" 1990-02-21 26.56 "GSW" "" "PHI" "L" -1 1 37 0.477 0.433 2.5 18.5 10.4 14.3 0 0 15.2 24.5 91 108 9 -3.8
"53" "53" 1990-02-23 26.57 "GSW" "" "BOS" "L" -12 1 36 0.591 0.472 0 15.9 8.3 31.8 0 3.3 8.1 29.3 117 121 22.6 6.6
"54" "54" 1990-02-25 26.58 "GSW" "@" "SEA" "L" -8 1 38 0.999 0.95 0 7.9 4.5 14.2 0 0 0 16.9 207 121 25.8 12.2
"55" "55" 1990-02-28 26.58 "GSW" "" "SAS" "W" 9 1 49 0.705 0.682 4.4 10 7.6 21.6 2 0 13.6 24.3 133 120 31 9.5
"56" "56" 1990-03-02 26.59 "GSW" "@" "SAS" "L" -16 1 39 0.663 0.6 5.6 16.6 10.6 33.7 1.1 0 8.1 25 132 121 28.3 9.9
"57" "57" 1990-03-03 26.59 "GSW" "@" "HOU" "L" -20 1 32 0.724 0.733 0 11.5 5.6 20.7 1.3 0 0 18.1 147 116 20.3 8.9
"58" "58" 1990-03-05 26.6 "GSW" "" "CHH" "W" 21 1 33 0.604 0.563 0 9.9 6 29.9 1.3 1.9 14.2 26.2 115 108 18.8 2
"59" "59" 1990-03-08 26.61 "GSW" "" "CLE" "W" 40 1 23 0.531 0.5 5.2 20.9 13.9 20.7 1.9 5.2 25.1 39.1 88 92 10.5 -3.5
"60" "60" 1990-03-09 26.61 "GSW" "@" "LAL" "L" -16 1 33 0.637 0.458 5.5 7.3 6.3 13.3 2.7 0 5.5 21.3 139 124 19.1 6.1
"61" "61" 1990-03-11 26.61 "GSW" "" "SAC" "W" 7 1 38 0.681 0.5 3.7 12.9 9.1 24.3 2.3 1.7 11.3 28 136 106 28.1 9.2
"62" "62" 1990-03-12 26.62 "GSW" "@" "LAC" "W" 3 1 38 0.581 0.528 9.7 7.4 8.4 12.4 3.6 0 12.7 24.9 113 104 18.9 3.2
"63" "63" 1990-03-15 26.62 "GSW" "" "POR" "L" -7 1 34 0.611 0.5 6.6 3.1 4.8 17.1 2.8 1.7 12.4 28.5 124 126 20.6 7.1
"64" "64" 1990-03-18 26.63 "GSW" "" "SEA" "L" -5 1 40 0.771 0.625 6 19.5 13 10.4 0 1.5 9.9 20.4 148 117 25.9 5.3
"65" "65" 1990-03-29 26.66 "GSW" "" "UTA" "W" 5 1 33 0.621 0.4 3.8 22.4 13.2 11.1 2.9 0 4.1 31.2 135 116 24.2 6.7
"66" "66" 1990-03-30 26.67 "GSW" "@" "SEA" "L" -31 1 21 0.432 0.385 0 6.5 3 0 4.3 2.8 6.7 28.6 87 127 6.9 -2.8
"67" "67" 1990-04-01 26.67 "GSW" "" "ATL" "L" -26 1 37 0.639 0.587 7.5 29.1 18 23.6 1.2 0 0 28.1 139 123 32.4 12.7
"68" "68" 1990-04-03 26.68 "GSW" "@" "ORL" "W" 1 1 40 0.759 0.694 2.9 6.8 5.1 3.9 0 1.3 19.2 25.6 121 115 21 0.1
"69" "69" 1990-04-04 26.68 "GSW" "@" "MIA" "W" 14 1 36 0.884 0.808 3.7 12.3 9.2 4.2 4.8 1.3 5.6 20 170 98 31 12.5
"70" "70" 1990-04-06 26.68 "GSW" "@" "NJN" "W" 6 1 37 0.617 0.571 5.1 5.1 5.1 14.2 3.3 0 15.6 18.3 116 102 17.3 3.7
"71" "71" 1990-04-08 26.69 "GSW" "@" "CHH" "L" -1 1 32 0.509 0.458 3.3 7.5 5.7 18.5 4.3 1.6 12.7 19.7 105 103 12.5 3.8
"72" "72" 1990-04-10 26.7 "GSW" "" "SAS" "L" -10 1 38 0.724 0.643 6.5 6.2 6.3 13.8 1.1 0 14.3 20.9 133 123 21.8 4.5
"73" "73" 1990-04-12 26.7 "GSW" "" "DAL" "L" -7 1 40 0.52 0.444 2.8 5.2 4 18.9 0 0 12.9 21.3 111 130 12.8 -4.4
"74" "74" 1990-04-13 26.7 "GSW" "@" "LAL" "L" -12 1 23 0.712 0.65 0 4 1.9 0 0 0 7.3 22.3 143 132 11.1 1.9
"75" "75" 1990-04-16 26.71 "GSW" "" "PHO" "L" -12 1 36 0.872 0.853 8.9 7.2 8.1 16.8 1.2 1.4 9.1 23.7 162 128 32.3 14.9
"76" "76" 1990-04-18 26.72 "GSW" "" "LAC" "W" 13 1 34 0.58 0.444 0 8.6 5 29 1.3 0 30.9 18.6 101 113 10.7 -1.7
"77" "77" 1990-04-20 26.72 "GSW" "@" "PHO" "L" -17 1 48 0.604 0.523 5.9 6.1 6 10.7 2.6 0 19.9 26.7 103 110 21.7 3
"78" "78" 1990-04-22 26.73 "GSW" "" "SEA" "W" 2 1 45 0.533 0.447 8.2 14.9 12 24.1 2 0 15.1 24.4 110 114 20.1 -0.3
"1" "1" 1990-11-02 27.26 "GSW" "@" "DEN" "W" 4 1 41 0.666 0.64 2.4 12.5 8.5 13.2 4.2 1 12.3 25 121 108 33.6 6.5
"2" "2" 1990-11-04 27.27 "GSW" "@" "LAC" "L" -2 1 39 0.63 0.583 3.2 18.2 12 24 2.3 1.5 16.2 25.1 116 98 21.9 6.8
"3" "3" 1990-11-06 27.27 "GSW" "" "LAC" "W" 21 1 28 0.931 0.85 0 13.7 8.2 21.9 0 4.1 6.7 20.9 179 100 25.8 14.5
"4" "4" 1990-11-07 27.27 "GSW" "@" "PHO" "L" -7 1 39 0.8 0.794 3 20.5 11.9 3.7 5.6 4.3 13.8 22.3 132 105 29.7 11.6
"5" "5" 1990-11-09 27.28 "GSW" "" "ATL" "W" 15 1 41 0.847 0.824 4.9 5.3 5.1 14.8 3 4.5 11.3 22.7 157 104 39.7 17.2
"6" "6" 1990-11-10 27.28 "GSW" "@" "SEA" "W" 17 1 34 0.662 0.563 3.4 9.8 6.6 13.5 1.4 0 8.9 25.5 141 104 20.5 6.7
"7" "7" 1990-11-13 27.29 "GSW" "" "SAS" "W" 4 1 45 0.462 0.364 2.3 13.3 8.4 29.6 1.9 2.2 7.2 24.2 105 109 21.1 3.1
"8" "8" 1990-11-15 27.3 "GSW" "" "CHI" "W" 10 1 39 0.689 0.7 2.6 13.1 7.9 26.8 1.2 0 4.4 23.7 141 95 26.1 15.6
"9" "9" 1990-11-17 27.3 "GSW" "" "SAC" "W" 1 1 43 0.663 0.548 7.8 11.9 9.9 17.4 3.2 4.3 15.5 29.3 127 101 30.6 12.6
"10" "10" 1990-11-18 27.3 "GSW" "@" "LAL" "L" -22 1 32 0.44 0.389 6.1 11.3 8.4 11.3 1.5 0 4.9 26.9 93 118 10.5 -1.6
"11" "11" 1990-11-20 27.31 "GSW" "" "ORL" "W" 3 1 36 0.523 0.467 6.5 8.9 7.8 21.1 1.2 3.5 14.9 20.9 104 107 13.5 -0.2
"12" "12" 1990-11-23 27.32 "GSW" "@" "POR" "L" -24 1 30 0.592 0.5 3.2 3.9 3.5 15.2 0 0 12 29.5 117 132 14.7 -0.1
"13" "13" 1990-11-24 27.32 "GSW" "" "NJN" "L" -4 1 46 0.476 0.429 5.4 4.3 4.9 11.4 3.1 1.1 6 26.8 113 118 20.5 3.9
"14" "14" 1990-11-27 27.33 "GSW" "@" "WSB" "L" -2 1 41 0.533 0.5 0 7.3 3 11.5 1.1 1.4 12.7 22.8 100 109 13.2 -1.5
"15" "15" 1990-11-28 27.33 "GSW" "@" "CLE" "W" 2 1 39 0.429 0.344 6.8 6.2 6.5 19 3.8 1.5 0 20.6 110 107 15.9 5.2
"16" "16" 1990-11-30 27.34 "GSW" "@" "ORL" "W" 6 1 45 0.774 0.733 0 9.9 4.6 16 2 2.9 24.9 19.8 115 109 22.8 3.7
"17" "17" 1990-12-01 27.34 "GSW" "@" "MIA" "W" 26 1 32 1.061 1.045 0 9.8 5.4 22.4 4 1.8 23.3 20.5 158 97 27.6 14.6
"18" "18" 1990-12-05 27.35 "GSW" "" "WSB" "L" -6 1 37 0.344 0.361 7.2 8.5 7.8 4.6 1.3 0 5 20.7 83 105 4.9 -5.3
"19" "19" 1990-12-07 27.36 "GSW" "" "DET" "W" 3 1 40 0.799 0.731 15.5 4.8 8.9 17 3.7 2.5 11.3 19.6 155 110 27.6 14.3
"20" "20" 1990-12-11 27.37 "GSW" "@" "UTA" "L" -18 1 35 0.533 0.421 2.8 11.8 6.5 17.1 1.2 0 11.8 27.9 102 125 14.7 -2.1
"21" "21" 1990-12-13 27.37 "GSW" "" "SEA" "W" 23 1 37 0.563 0.5 7 14.1 10.9 12.5 1.2 1.6 14.5 21.1 111 97 15.2 0.3
"22" "22" 1990-12-15 27.38 "GSW" "" "LAL" "L" -2 1 48 0.617 0.595 0 8.3 4 22.9 0 0 12.1 22.1 116 118 20.2 3.5
"23" "23" 1990-12-18 27.39 "GSW" "@" "POR" "L" -28 1 29 0.519 0.5 12.5 3.1 7.8 14.1 1.6 0 12.2 22.6 105 122 10.7 0.6
"24" "24" 1990-12-20 27.39 "GSW" "" "POR" "W" 7 1 45 0.593 0.5 0 7.9 4.6 9.3 1 1.2 15.9 21.7 110 114 15.4 0.7
"25" "25" 1990-12-22 27.4 "GSW" "" "MIN" "W" 13 1 46 0.814 0.775 8.2 3.3 6 15.8 1.1 2.6 4 24.3 163 116 37.2 16.9
"26" "26" 1990-12-26 27.41 "GSW" "@" "MIL" "L" -7 1 46 0.807 0.75 2.3 5.4 3.7 12.4 3 0 5.3 16.2 164 122 28.1 10.2
"27" "27" 1990-12-27 27.41 "GSW" "@" "CHI" "L" -15 1 24 0.446 0.364 0 5.9 2.2 11.1 0 0 0 19.4 113 132 6.2 -4.3
"28" "28" 1990-12-29 27.42 "GSW" "@" "ATL" "L" -4 1 47 0.724 0.654 2.8 13.6 8.7 14.3 3.9 2.6 28.3 18.7 112 122 20.3 3.8
"29" "29" 1991-01-03 27.43 "GSW" "@" "SAC" "L" -18 1 40 0.488 0.457 7.8 6.9 7.4 17.8 2.3 0 10.5 27.5 106 129 15.8 -0.7
"30" "30" 1991-01-04 27.43 "GSW" "" "LAL" "W" 16 1 47 0.568 0.523 4.5 10.6 7.7 11.8 1.1 0 7.8 22.8 122 106 19.5 4.4
"31" "31" 1991-01-06 27.44 "GSW" "@" "LAL" "L" -27 1 36 0.561 0.441 2.4 11.1 5.8 4.3 3.8 0 8.2 26.4 114 127 18 1.8
"32" "32" 1991-01-08 27.44 "GSW" "" "DEN" "W" 22 1 37 0.821 0.692 3.2 5.2 4.3 23.1 2.2 0 9.9 20.2 160 108 30.3 8.3
"33" "33" 1991-01-10 27.45 "GSW" "@" "SEA" "W" 10 1 42 0.419 0.313 0 9 5.3 8.5 3.5 1.3 9.5 22.4 88 103 11.4 -1.2
"34" "34" 1991-01-12 27.45 "GSW" "" "PHO" "L" -9 1 45 0.625 0.571 0 12.4 6.3 29.8 2.9 3.7 4.1 22 131 112 30.6 11.1
"35" "35" 1991-01-15 27.46 "GSW" "@" "NJN" "W" 1 1 46 0.323 0.261 9.3 6.6 8.1 16 2.2 0 13.9 25.3 81 110 5.8 -9.2
"36" "36" 1991-01-16 27.47 "GSW" "@" "BOS" "W" 5 1 41 0.457 0.357 2.5 8.4 5.7 13.7 0 1.2 10.2 20 97 110 10 -2.7
"37" "37" 1991-01-18 27.47 "GSW" "@" "PHI" "W" 3 1 46 0.556 0.522 0 8 4.1 22.4 2 0 13.3 26.6 105 119 20.6 -2
"38" "38" 1991-01-19 27.47 "GSW" "@" "MIN" "L" -8 1 33 0.662 0.647 17.8 0 9.5 9.9 2.8 1.6 4.8 23.2 146 117 23.4 11.4
"39" "39" 1991-01-22 27.48 "GSW" "" "HOU" "W" 7 1 44 0.689 0.65 8.6 11.8 10.2 22 7.4 0 12.1 22.8 133 105 31.5 11.3
"40" "40" 1991-01-25 27.49 "GSW" "" "MIL" "W" 29 1 44 0.674 0.611 11.5 7 9 14 6.6 0 8.5 21.8 146 93 30 12.7
"41" "41" 1991-01-28 27.5 "GSW" "" "NYK" "W" 9 1 42 0.492 0.45 4.6 8.6 6.3 17.5 5.6 1.5 8.6 22.2 110 99 19.7 5.5
"42" "42" 1991-01-31 27.51 "GSW" "" "LAC" "W" 16 1 39 0.575 0.478 6 11.2 8.7 13.9 4.4 0 9.7 29.2 120 104 25.9 4.2
"43" "43" 1991-02-01 27.51 "GSW" "@" "POR" "L" -20 1 35 0.388 0.333 3 7 4.8 4.5 2.5 0 29.5 27.3 60 111 -0.5 -12.5
"44" "44" 1991-02-03 27.52 "GSW" "@" "HOU" "L" -8 1 56 0.702 0.652 1.9 13.5 7.2 2.9 2.6 0 3.8 20.2 144 117 28.3 5.6
"45" "45" 1991-02-05 27.52 "GSW" "@" "SAS" "W" 6 1 46 0.595 0.577 0 8.7 4.3 12.9 1.1 0 3.6 25.2 120 110 22.6 7.1
"46" "46" 1991-02-07 27.53 "GSW" "@" "DAL" "L" -1 1 40 0.526 0.5 0 13 6.5 3.6 1.3 3.2 23.1 19.2 83 108 7.4 -5.3
"47" "47" 1991-02-12 27.54 "GSW" "" "MIN" "W" 21 1 40 0.689 0.675 6.5 2.4 4.1 15.3 5.8 0 18.7 26.5 119 101 24.1 6.4
"48" "48" 1991-02-14 27.55 "GSW" "" "BOS" "L" -16 1 45 0.734 0.632 4.4 0 2.3 7.5 1 0 11.2 23.1 138 127 26.1 5.6
"49" "49" 1991-02-16 27.55 "GSW" "" "PHI" "W" 9 1 48 0.694 0.646 0 2.9 1.3 16.7 3 0 10.1 24.7 136 126 29.1 5.7
"50" "50" 1991-02-18 27.56 "GSW" "" "DAL" "L" -6 1 46 0.715 0.65 2.9 17.4 9.5 19 3.3 0 8 23.7 145 111 30.9 11.9
"51" "51" 1991-02-20 27.56 "GSW" "@" "MIN" "W" 3 1 43 0.723 0.591 5.6 2.5 4 29.5 0 2.8 12.1 16.7 148 118 21.6 8.2
"52" "52" 1991-02-22 27.57 "GSW" "" "UTA" "L" -5 1 40 0.523 0.375 2.7 12 7.1 30.4 1.2 1.8 16.8 30.1 103 112 17.9 4.1
"53" "53" 1991-02-23 27.57 "GSW" "@" "DEN" "L" -5 1 45 0.776 0.711 6.7 8.4 7.5 8.4 2.6 0 11.2 20.4 149 123 33.1 7.8
"54" "54" 1991-02-26 27.58 "GSW" "" "ORL" "L" -12 1 44 0.653 0.55 4.6 9.1 6.6 10.2 2.1 4.6 16.5 27.2 118 123 24.5 3.6
"55" "55" 1991-02-27 27.58 "GSW" "@" "UTA" "L" -15 1 44 0.577 0.474 0 6.2 2.5 8.7 2.1 0 11 23.9 113 116 17.7 2
"56" "56" 1991-03-02 27.59 "GSW" "" "CHH" "W" 13 1 45 0.68 0.55 7.4 10.5 9.1 15.1 4 0 13.5 24.3 138 98 31.8 10.7
"57" "57" 1991-03-04 27.59 "GSW" "" "SEA" "L" -6 1 48 0.501 0.4 11.5 9.1 10.4 15.4 2 0 25 25.6 91 104 13 -1.5
"58" "58" 1991-03-05 27.6 "GSW" "@" "SAC" "L" -8 1 43 0.527 0.389 7.4 14 10.8 5.8 0 4.5 14.4 25.2 106 101 16.7 2.9
"59" "59" 1991-03-07 27.6 "GSW" "" "CLE" "W" 30 1 38 0.769 0.769 3.5 11.7 8.4 25.5 2.4 3.1 23.5 18.1 126 88 20.5 10.2
"60" "60" 1991-03-10 27.61 "GSW" "" "SAC" "W" 10 1 45 0.828 0.765 5.6 0 2.8 14.5 4.7 2.9 16.3 24.3 142 98 32.2 15.6
"61" "61" 1991-03-12 27.62 "GSW" "" "IND" "W" 12 1 41 0.64 0.542 0 8.8 4.8 27.9 1.2 0 10.9 19.5 139 119 20.3 5
"62" "62" 1991-03-14 27.62 "GSW" "" "SAS" "L" -2 1 43 0.618 0.55 7.3 4.1 6.1 14.1 3.6 0 15 26.8 114 109 21.1 4.7
"63" "63" 1991-03-16 27.63 "GSW" "@" "DAL" "W" 12 1 46 0.658 0.611 2.9 18.8 12.1 17.6 1.1 0 13.2 22.1 124 107 23 2.8
"64" "64" 1991-03-17 27.63 "GSW" "@" "HOU" "L" -4 1 38 0.682 0.545 13.3 10.5 11.9 3.8 3.9 0 20.6 21.7 122 122 17.9 3.2
"65" "65" 1991-03-19 27.64 "GSW" "" "POR" "W" 10 1 32 0.634 0.529 4.3 8.6 6.4 4.5 2.8 0 8.9 27.1 136 117 18.5 1.6
"66" "66" 1991-03-21 27.64 "GSW" "" "DEN" "W" 20 1 38 0.765 0.667 0 9.7 5.2 21.5 1.2 1.4 9.5 20.6 150 108 25.7 8
"67" "67" 1991-03-23 27.65 "GSW" "" "LAC" "L" -3 1 44 0.552 0.533 2.4 2.2 2.3 3.5 1.1 2.9 28.9 23.6 80 114 6.8 -6.3
"68" "68" 1991-03-25 27.65 "GSW" "@" "ORL" "L" -9 1 44 0.599 0.5 8.9 9.1 9 7.5 5.4 0 15.8 28.2 114 110 24.4 6.9
"69" "69" 1991-03-26 27.65 "GSW" "@" "CHH" "L" -3 1 42 0.621 0.567 3.2 10.8 7.7 28.7 2.3 1.2 24.5 25.8 102 99 18.7 6.5
"70" "70" 1991-03-28 27.66 "GSW" "@" "NYK" "W" 2 1 44 0.53 0.429 4.2 21.8 12.8 10.8 2.2 0 7.5 24.9 115 101 20.2 3.4
"71" "71" 1991-03-29 27.66 "GSW" "@" "DET" "L" -6 1 39 0.626 0.6 2.8 14.3 8.5 8.8 0 1.6 5.6 19.4 124 118 16.2 3.2
"72" "72" 1991-03-31 27.67 "GSW" "@" "IND" "L" -7 1 52 0.525 0.412 3.8 10.5 6.6 13.5 0 0 12.5 19.5 116 128 13.6 -3.6
"73" "73" 1991-04-03 27.68 "GSW" "" "MIA" "W" 13 1 39 0.551 0.429 11.9 17.6 15.2 27 2.5 0 16.4 33.2 122 116 21.5 -4.4
"74" "74" 1991-04-05 27.68 "GSW" "" "PHO" "W" 17 1 32 0.588 0.474 7.3 10.5 8.9 4.6 4.4 0 4.2 29.3 135 97 21.5 8.2
"75" "75" 1991-04-06 27.68 "GSW" "@" "SAC" "L" -11 1 42 0.628 0.529 6.9 14.3 10.2 10.2 2.3 1.5 11.9 24.7 122 118 23.9 5.2
"76" "76" 1991-04-08 27.69 "GSW" "@" "SAS" "L" -10 1 34 0.581 0.533 10.3 9.1 9.8 20.9 4.4 1.9 18.9 25.8 110 116 17 4.1
"77" "77" 1991-04-09 27.69 "GSW" "@" "PHO" "L" -14 1 32 0.546 0.5 0 34.6 16.7 16.1 2.9 0 25.5 26.3 83 111 10.2 -2.9
"78" "78" 1991-04-11 27.7 "GSW" "" "HOU" "W" 12 1 39 0.756 0.7 8.6 17.2 13.2 9.6 1.2 1.6 14.9 20.5 139 99 23.4 11.7
"79" "79" 1991-04-13 27.7 "GSW" "" "DAL" "W" 18 1 25 0.81 0.778 5.3 8.7 7.2 13.9 0 0 9.2 16.5 154 113 14.5 4.1
"80" "80" 1991-04-17 27.72 "GSW" "" "LAL" "W" 7 1 42 0.625 0.571 5.9 18.2 12.4 18.9 1.2 0 7.9 26.5 132 116 24.3 6.1
"81" "81" 1991-04-19 27.72 "GSW" "@" "LAC" "W" 1 1 30 0.519 0.529 6.3 7.3 6.7 10.1 4.5 1.9 14.1 27.9 96 105 13.6 2.6
"82" "82" 1991-04-21 27.73 "GSW" "" "UTA" "W" 19 1 40 0.651 0.611 6.5 15.7 11.6 9.8 2.4 1.5 12.2 26.2 123 106 24 5.2
"1" "1" 1991-11-01 28.26 "GSW" "@" "DEN" "W" 3 1 38 0.424 0.444 5.7 4.7 5.2 8.2 2.5 0 5 22.1 94 106 9.4 -1.7
"2" "2" 1991-11-02 28.26 "GSW" "" "SAC" "W" 62 1 26 0.699 0.682 15 14.2 14.5 36.5 6.3 2.1 0 30 165 70 34.8 25.3
"3" "3" 1991-11-05 28.27 "GSW" "@" "CHI" "W" 8 1 44 0.579 0.536 4.5 14.4 8.9 14.2 2 0 5.7 30.7 120 103 27.3 7.2
"4" "4" 1991-11-06 28.27 "GSW" "@" "MIL" "W" 6 1 40 0.638 0.591 2.9 5.6 4.2 3.8 1.2 0 7.4 26.5 135 114 21.6 3.6
"5" "5" 1991-11-08 28.28 "GSW" "@" "PHI" "L" -10 1 44 0.475 0.471 3.1 5.2 4.3 17.1 3.1 1.4 0 16.9 114 122 15.5 -1
"6" "6" 1991-11-09 28.28 "GSW" "@" "WSB" "W" 8 1 48 0.607 0.538 0 21.7 11.5 20.7 0.9 0 3.1 25.7 137 111 31.4 7.7
"7" "7" 1991-11-12 28.29 "GSW" "" "PHO" "W" 3 1 45 0.373 0.294 4.6 19.2 12.2 15.7 1.9 2.6 17.6 18.9 85 102 10.2 -2.5
"8" "8" 1991-11-14 28.29 "GSW" "" "LAL" "L" -3 1 45 0.636 0.636 9.9 13.3 11.6 22.6 6.7 0 18.5 24.5 119 112 27.2 8.8
"9" "9" 1991-11-16 28.3 "GSW" "@" "LAC" "W" 18 1 32 0.559 0.529 0 17 9.4 22.4 3.9 1.8 10.1 23.5 107 88 18.3 6.5
"10" "10" 1991-11-20 28.31 "GSW" "" "CHI" "L" -4 1 48 0.455 0.389 6 24.3 13.8 5.7 3 5.3 9.2 18.3 100 105 17.8 6.3
"11" "11" 1991-11-22 28.32 "GSW" "@" "POR" "W" 4 1 41 0.531 0.5 0 12.7 5.8 14.1 3.1 0 11.3 23.3 104 99 16.5 3.9
"12" "12" 1991-11-23 28.32 "GSW" "" "MIL" "W" 5 1 38 0.69 0.636 4.2 4.5 4.4 20.3 0 0 14 17 134 130 13.8 -0.1
"13" "13" 1991-11-26 28.33 "GSW" "@" "SEA" "L" -6 1 49 0.871 0.885 2.5 9 5.9 8.7 3.7 1.2 19.9 17.2 138 117 24.8 6.2
"14" "14" 1991-11-29 28.33 "GSW" "@" "UTA" "L" -27 1 29 0.751 0.688 6.8 11.8 8.6 26.7 3.2 0 17.7 30.9 125 127 22.8 10.9
"15" "15" 1991-12-03 28.35 "GSW" "" "UTA" "W" 5 1 44 0.605 0.58 6.3 19.1 11.9 22.8 2.2 2.7 3.4 27 133 102 31.7 14.3
"16" "16" 1991-12-05 28.35 "GSW" "" "DAL" "W" 10 1 35 0.624 0.553 3.5 8.6 6.3 0 2.7 3.3 0 27.4 128 105 22.7 5.6
"17" "17" 1991-12-07 28.36 "GSW" "" "SAC" "W" 4 1 42 0.74 0.69 7.1 9.8 8.3 10.1 4.2 0 7.8 23.3 147 108 32.6 10.9
"18" "18" 1991-12-10 28.36 "GSW" "" "LAC" "L" -10 1 45 0.496 0.407 5.9 15.9 10.6 3.6 4.1 0 3 28.1 115 117 24.2 3.8
"19" "19" 1991-12-12 28.37 "GSW" "" "HOU" "L" -3 1 46 0.629 0.531 3.9 18.3 10.1 7.8 0 1.6 5 18.1 139 106 20.2 7.7
"20" "20" 1991-12-14 28.38 "GSW" "" "ORL" "W" 21 1 39 0.618 0.6 3.6 9.2 6.7 23.7 2.5 3.1 0 12.3 152 109 17.6 7
"21" "21" 1991-12-17 28.38 "GSW" "" "MIN" "W" 14 1 44 0.565 0.522 7.4 14.4 10.6 17.6 2.1 1.4 13.9 25.6 115 100 22.5 5.7
"22" "22" 1991-12-18 28.39 "GSW" "@" "LAC" "W" 4 1 44 0.428 0.404 4.8 8.7 6.9 15.5 1.1 0 6.9 26.8 91 103 12.4 -2.1
"23" "23" 1991-12-20 28.39 "GSW" "" "POR" "W" 5 1 47 0.609 0.536 0 9.6 5.3 11.5 2.8 1.2 17.6 32.7 106 110 25.5 2.5
"24" "24" 1991-12-21 28.39 "GSW" "@" "SEA" "L" -8 1 40 0.62 0.6 0 2.6 1.5 10.4 1.2 0 18.7 28.7 106 125 14.6 -2.2
"25" "25" 1991-12-26 28.41 "GSW" "@" "DEN" "W" 10 1 47 0.594 0.543 9.7 8.3 9 3.8 2.2 3.8 13.3 27.8 115 108 24.1 5.2
"26" "26" 1991-12-27 28.41 "GSW" "@" "MIN" "W" 4 1 46 0.687 0.667 2.1 12.8 7.3 8.6 5.3 4.5 16 28.1 116 87 30.7 14.6
"27" "27" 1991-12-30 28.42 "GSW" "@" "LAL" "W" 15 1 33 0.466 0.472 7.5 9.3 8.5 11.7 1.5 0 4.9 26.4 111 106 12.2 -0.5
"28" "28" 1992-01-02 28.43 "GSW" "" "DEN" "W" 14 1 39 0.62 0.529 3.1 7.5 5.1 15.4 1.2 0 8.7 23 130 110 19.6 2
"29" "29" 1992-01-04 28.43 "GSW" "" "IND" "W" 19 1 41 0.676 0.6 3.3 6.3 5.1 19.5 0 0 10.9 25.6 133 118 25.8 3
"30" "30" 1992-01-10 28.45 "GSW" "" "SAS" "L" -8 1 47 0.662 0.639 4.3 12.2 7.9 5.7 2.8 3.6 13.7 17.8 118 114 22 4.7
"31" "31" 1992-01-11 28.45 "GSW" "@" "PHO" "L" -12 1 37 0.39 0.35 6.2 12.7 9.4 3.6 2.4 1.6 8 26.8 82 119 8 -6
"32" "32" 1992-01-14 28.46 "GSW" "@" "SAS" "W" 1 1 46 0.675 0.587 9.5 14.6 12.4 8.6 3.1 0 0 26 147 118 34.7 11.9
"33" "33" 1992-01-16 28.47 "GSW" "@" "HOU" "W" 7 1 44 0.311 0.292 4.5 6.7 5.6 10.1 2.2 2.8 7.2 25.4 72 92 6.6 -2.3
"34" "34" 1992-01-18 28.47 "GSW" "@" "DAL" "W" 2 1 45 0.644 0.553 3.1 11.9 8.8 16.3 2.8 0 8.2 20.9 134 122 26.9 3.8
"35" "35" 1992-01-20 28.48 "GSW" "" "CHH" "W" 16 1 31 0.729 0.711 0 8.8 4.5 22.2 1.3 1.7 9.1 24.2 136 103 23.4 8.9
"36" "36" 1992-01-22 28.48 "GSW" "" "ATL" "W" 12 1 41 0.693 0.658 6 1.9 3.5 25.7 1.1 2.3 18.8 24.6 128 123 26.5 6.2
"37" "37" 1992-01-24 28.49 "GSW" "" "NYK" "L" -5 1 45 0.526 0.48 7.4 10.7 9 0 4.4 0 6.6 30.4 105 115 20.2 0.4
"38" "38" 1992-01-28 28.5 "GSW" "" "POR" "L" -8 1 53 0.543 0.542 3.8 9.3 6.6 13.5 3.7 1.2 10.4 22.5 109 111 22.1 4.9
"39" "39" 1992-01-29 28.5 "GSW" "@" "LAL" "L" -13 1 45 0.609 0.591 8.6 15.6 12.5 7.6 3.4 0 22.1 30.1 101 114 20.2 2
"40" "40" 1992-01-31 28.51 "GSW" "" "DEN" "W" 21 1 30 0.647 0.588 0 11.2 5.9 5.1 2.9 3.2 9.1 25.9 131 92 20.2 11.1
"41" "41" 1992-02-02 28.51 "GSW" "@" "NYK" "W" 7 1 48 0.371 0.304 7.5 15.6 11.8 10.5 1 0 3.6 25.2 96 116 11.3 -7.7
"42" "42" 1992-02-03 28.52 "GSW" "@" "ORL" "W" 8 1 46 0.623 0.625 4.3 12.8 8.6 6.1 2 0 0 21.2 136 112 26 3.4
"43" "43" 1992-02-05 28.52 "GSW" "@" "MIA" "L" -2 1 43 0.55 0.476 9.1 8.2 8.6 2.7 1 1.3 14.5 25.6 102 120 15.5 -3.7
"44" "44" 1992-02-06 28.52 "GSW" "@" "CHH" "L" -19 1 33 0.542 0.5 5.8 3.9 5 4.1 2.6 3.3 14.8 29.2 103 114 15.6 1.7
"45" "45" 1992-02-11 28.54 "GSW" "" "WSB" "W" 12 1 39 0.885 0.844 2.9 20 10.8 9.5 4.4 0 13.9 21.6 152 109 31 8.7
"46" "46" 1992-02-13 28.54 "GSW" "" "SAS" "W" 15 1 40 0.658 0.658 8.6 7.8 8.2 18.4 4.7 0 9.5 21.3 127 93 24.2 10.3
"47" "47" 1992-02-15 28.55 "GSW" "" "SEA" "W" 18 1 39 0.597 0.523 6 7.5 6.8 9.1 4.5 1.4 3.7 26.9 136 108 26.9 6.9
"48" "48" 1992-02-17 28.55 "GSW" "" "LAL" "W" 16 1 42 0.39 0.346 7.5 10.2 8.6 11.8 4.8 0 3.4 26.3 108 101 16 1.5
"49" "49" 1992-02-19 28.56 "GSW" "" "BOS" "W" 5 1 42 0.742 0.688 2.8 7.1 5.1 11.2 1.2 0 5.2 19.4 150 117 23.1 8.7
"50" "50" 1992-02-22 28.57 "GSW" "@" "LAL" "W" 2 1 43 0.694 0.667 0 13.3 7.6 18.4 1.1 0 8.2 23.7 136 119 25.4 5.5
"51" "51" 1992-02-24 28.57 "GSW" "@" "DAL" "W" 7 1 41 0.68 0.675 0 2.5 1.4 17.3 3.3 4.9 12.3 24.2 125 124 24.9 4.3
"52" "52" 1992-02-26 28.58 "GSW" "@" "HOU" "L" -2 1 43 0.556 0.556 0 6.6 3.5 14 5.8 0 13.7 23.7 105 118 17.7 -0.3
"53" "53" 1992-02-27 28.58 "GSW" "@" "SAS" "L" -21 1 44 0.709 0.694 2.5 12.1 7.4 19.5 0 0 13.2 22.1 132 129 21.7 7.4
"54" "54" 1992-02-29 28.59 "GSW" "" "MIA" "W" 26 1 33 0.711 0.654 3.5 10.8 7.7 14.1 1.3 0 16.9 21 125 104 17 2.3
"55" "55" 1992-03-02 28.59 "GSW" "@" "SAC" "W" 20 1 42 0.433 0.438 8.2 5.2 6.6 10.9 1.1 1.6 14.8 19.3 96 101 9.6 -3.4
"56" "56" 1992-03-03 28.59 "GSW" "" "UTA" "L" -22 1 39 0.508 0.425 2.7 17.6 9.2 7.9 2.5 0 0 24.5 114 121 17.8 3.5
"57" "57" 1992-03-05 28.6 "GSW" "" "CLE" "W" 8 1 39 0.477 0.472 7.5 5.1 6.3 15.7 3.7 1.5 5 20.7 113 109 16.3 3.8
"58" "58" 1992-03-07 28.61 "GSW" "" "HOU" "W" 10 1 41 0.911 0.889 2.9 6.3 4.6 16.4 1.2 0 9.2 22.4 162 108 30.9 15.6
"59" "59" 1992-03-08 28.61 "GSW" "@" "LAC" "L" -1 1 44 0.464 0.464 0 8 4.1 0 2.3 1.3 12.5 16.4 85 105 6.8 -3.5
"60" "60" 1992-03-10 28.61 "GSW" "" "NJN" "W" 7 1 39 0.426 0.382 3.5 8.8 6.4 16.8 5.6 0 17.6 22.8 90 108 10.6 -2.8
"61" "61" 1992-03-12 28.62 "GSW" "" "DET" "L" -7 1 48 0.651 0.625 4.3 6.5 5.4 2.9 0.9 2.2 16.7 20.4 112 114 17.4 2.9
"62" "62" 1992-03-17 28.63 "GSW" "@" "SEA" "W" 12 1 39 0.491 0.5 0 8 4.2 7 3.6 0 14.1 21.9 91 105 10 -3.1
"63" "63" 1992-03-18 28.64 "GSW" "" "MIN" "W" 3 1 32 0.597 0.567 3.4 10 6.7 18.2 0 0 0 21.3 138 121 16.7 2
"64" "64" 1992-03-20 28.64 "GSW" "@" "CLE" "L" -15 1 34 0.527 0.5 0 18.4 9.2 5.1 2.9 1.8 12.6 29.7 95 120 13.8 -0.3
"65" "65" 1992-03-22 28.65 "GSW" "@" "BOS" "L" -17 1 32 0.469 0.469 6 16.7 10.5 0 1.5 0 15.8 24.2 83 113 5.6 -5.6
"66" "66" 1992-03-23 28.65 "GSW" "@" "ATL" "L" -1 1 53 0.505 0.457 2.1 15.6 8.6 11.9 0 0 16.8 22.6 95 114 13.4 -4
"67" "67" 1992-03-25 28.65 "GSW" "@" "DET" "W" 4 1 47 0.658 0.591 2.6 17.4 10.2 4.1 2.2 2.9 3.8 24 139 103 27.1 10.7
"68" "68" 1992-03-27 28.66 "GSW" "@" "IND" "W" 8 1 46 0.495 0.45 4.5 9.5 6.6 7.9 2 0 11.9 21.2 104 116 13.4 -4.2
"69" "69" 1992-03-28 28.66 "GSW" "@" "NJN" "W" 5 1 48 0.464 0.4 6.4 9.2 7.7 7.9 0.9 0 11.7 19.4 104 124 11.2 -6.6
"70" "70" 1992-03-30 28.67 "GSW" "" "PHI" "W" 18 1 45 0.6 0.568 5.2 7.3 6.3 8 4.3 0 11.4 24.2 117 106 22.8 3.1
"71" "71" 1992-03-31 28.67 "GSW" "@" "SAC" "W" 12 1 51 0.824 0.806 2.4 6.8 4.6 8.1 2.7 0 4.6 17.4 162 111 29.9 8.7
"72" "72" 1992-04-02 28.68 "GSW" "@" "PHO" "L" -4 1 41 0.494 0.4 3.4 6.9 5.5 13.8 1.2 0 14.9 21.6 99 115 9.7 -1.8
"73" "73" 1992-04-03 28.68 "GSW" "" "SAC" "W" 8 1 50 0.454 0.429 2.1 6.8 4.7 5.7 0 1.2 11.8 26.3 86 104 10.6 -5.8
"74" "74" 1992-04-05 28.68 "GSW" "" "POR" "L" -8 1 48 0.662 0.604 2.4 6.5 4.6 15.2 2.9 0 9.7 25.4 129 125 29.7 8.2
"75" "75" 1992-04-07 28.69 "GSW" "@" "POR" "L" -9 1 45 0.776 0.778 0 5.2 2.7 4.2 1.2 1.8 17.2 23.8 127 124 20 5.8
"76" "76" 1992-04-08 28.69 "GSW" "" "DAL" "W" 19 1 31 0.552 0.405 9.7 11.9 10.8 6.3 1.5 0 7.1 36.5 122 95 20.1 5.5
"77" "77" 1992-04-11 28.7 "GSW" "" "PHO" "W" 9 1 40 0.762 0.711 2.6 6.3 4.3 17.4 1.2 0 15.6 23.6 142 124 24.7 7.8
"78" "78" 1992-04-13 28.71 "GSW" "@" "UTA" "L" -39 1 29 0.436 0.333 2.9 0 1.7 31.4 1.7 2 6.8 20.5 105 146 9.7 1.8
"79" "79" 1992-04-14 28.71 "GSW" "@" "MIN" "W" 22 1 35 0.581 0.533 0 16.1 8.1 25 1.3 3.1 10.4 21.4 126 98 18.6 7.1
"80" "80" 1992-04-17 28.72 "GSW" "" "LAC" "W" 12 1 39 0.586 0.5 10 5.9 7.8 18.6 1.2 1.6 20.3 26.4 110 108 15.6 1.4
"81" "81" 1992-04-19 28.72 "GSW" "" "SEA" "W" 2 1 30 0.526 0.542 0 8.9 5 27.2 4.7 5.6 13.1 20.3 109 98 14.3 12.9
"1" "1" 1992-11-06 29.27 "GSW" "@" "UTA" "W" 15 1 42 0.697 0.625 3.2 17.6 10.7 8.7 1.2 5.8 5.1 19.9 147 113 25.8 9
"2" "2" 1992-11-07 29.27 "GSW" "@" "MIN" "W" 2 1 39 0.477 0.472 0 6.2 3.1 3.5 6.4 0 20.9 25.9 80 107 9.1 -4.5
"3" "3" 1992-11-10 29.28 "GSW" "" "LAL" "L" -1 1 42 0.516 0.478 0 0 0 4.2 3.3 0 13.7 27.8 93 102 12.8 0.4
"4" "4" 1992-11-12 29.29 "GSW" "" "CLE" "L" -4 1 55 0.576 0.543 4.7 4.8 4.7 11 0 0 7.6 21.4 117 119 19.1 1.4
"5" "5" 1992-11-14 29.29 "GSW" "" "POR" "L" -14 1 38 0.752 0.722 0 0 0 18.8 1.2 1.6 11.4 28.3 133 124 26.3 9.6
"6" "6" 1992-11-15 29.3 "GSW" "@" "LAL" "L" -3 1 46 0.465 0.45 2.3 18.3 9.7 8.6 1 1.3 25.5 22.2 83 106 7 -5.1
"7" "7" 1992-11-17 29.3 "GSW" "@" "MIA" "W" 6 1 40 0.527 0.4 0 12 5.1 8.8 2.3 6.4 13.7 19.6 112 110 15.4 1.8
"8" "8" 1992-11-19 29.31 "GSW" "@" "ORL" "L" -24 1 33 0.477 0.433 2.7 20.3 10.6 9.6 1.4 0 19.3 24.7 84 121 7.2 -5.2
"9" "9" 1992-11-20 29.31 "GSW" "@" "CHH" "L" -7 1 53 0.632 0.594 3.8 7.7 5.8 11.1 1.9 2.3 5.2 31.3 126 112 34.5 12
"10" "10" 1992-11-22 29.32 "GSW" "@" "NJN" "W" 13 1 46 0.607 0.607 0 14.6 7.9 11.1 1.1 1.1 3.4 26.2 131 105 25.7 6.1
"11" "11" 1992-11-24 29.32 "GSW" "" "CHI" "L" -9 1 47 0.608 0.6 0 2.9 1.2 17.3 0 0 10.2 27.3 114 116 19 4.6
"12" "12" 1992-11-27 29.33 "GSW" "@" "PHO" "L" -14 1 42 0.486 0.462 14.3 19 16.5 11.3 0 0 3.5 27.3 125 129 19.2 3.5
"13" "13" 1992-11-28 29.33 "GSW" "" "PHO" "W" 3 1 43 0.679 0.609 3.2 7.8 5.7 20.1 1.1 1.5 3.6 26.7 142 128 30.8 5.2
"14" "14" 1992-12-02 29.34 "GSW" "" "CHH" "L" -1 1 40 0.62 0.529 2.6 3.5 3 11.8 2.3 0 12.5 22.9 120 106 18.6 6.9
"15" "15" 1992-12-04 29.35 "GSW" "@" "DEN" "L" -3 1 46 0.605 0.56 0 7.3 3.7 11.9 1 5.2 6.6 25.1 124 110 24.9 6.9
"16" "16" 1992-12-05 29.35 "GSW" "" "ORL" "W" 15 1 44 0.602 0.583 2.1 10.9 6.8 8.2 1 1.3 13.4 25.5 109 100 20.2 2.2
"17" "17" 1992-12-08 29.36 "GSW" "" "IND" "L" -10 1 38 0.555 0.526 0 6.3 3 8.3 0 0 8.5 24.6 116 131 12.7 -2.6
"18" "18" 1992-12-10 29.36 "GSW" "" "MIL" "W" 12 1 42 0.682 0.618 0 4.8 2.9 16.6 1.2 2.9 12.8 24.6 128 109 22.5 6.5
"19" "19" 1992-12-12 29.37 "GSW" "@" "SAC" "W" 4 1 46 0.615 0.587 2.7 10.2 6.6 18.2 2.1 3.7 10.6 26.5 124 120 25.7 5.5
"20" "20" 1992-12-15 29.38 "GSW" "" "LAC" "W" 19 1 42 0.588 0.526 2.6 6.7 4.8 25.3 2.3 4 11.6 25.5 120 92 24.1 10.3
"21" "21" 1992-12-16 29.38 "GSW" "@" "LAC" "W" 2 1 32 0.421 0.4 4.9 3.6 4.1 27.6 3.1 0 16.3 24.8 95 109 9.1 -0.1
"22" "22" 1992-12-19 29.39 "GSW" "" "MIN" "W" 6 1 49 0.501 0.433 1.8 14.6 7.7 14.9 2 0 8.1 30.3 107 107 21.2 1
"23" "23" 1992-12-20 29.39 "GSW" "@" "POR" "L" -16 1 41 0.505 0.478 6.2 9.6 8.1 17.6 2.2 2.7 3.9 23.9 122 120 20.6 6.3
"24" "24" 1992-12-22 29.4 "GSW" "@" "PHO" "L" -2 1 43 0.824 0.861 5.6 7.4 6.6 4.5 1.2 1.5 8.8 23.1 154 120 27.7 17
"25" "25" 1992-12-23 29.4 "GSW" "" "DAL" "W" 14 1 37 0.563 0.531 0 8.5 4.6 16.3 1.3 0 10.1 22.7 116 106 13.9 1.6
"26" "26" 1992-12-26 29.41 "GSW" "@" "DAL" "W" 14 1 36 0.531 0.5 3.3 10.9 7.8 4.2 4 1.4 9.2 24.8 106 93 15.4 1.5
"27" "27" 1992-12-28 29.41 "GSW" "@" "SAS" "W" 1 1 42 0.668 0.661 2.3 15 7.9 14.1 2.3 0 6 32.2 129 105 31.4 16.3
"28" "28" 1992-12-29 29.42 "GSW" "@" "HOU" "W" 20 1 42 0.68 0.675 0 15.6 9.4 14.6 0 0 19 25.7 115 111 20.1 0.3
"29" "29" 1993-01-02 29.43 "GSW" "" "HOU" "W" 6 1 37 0.692 0.692 0 13.2 7.2 28.1 2.7 1.7 18.8 18.7 117 108 18.2 8.2
"30" "30" 1993-01-05 29.44 "GSW" "@" "SEA" "L" -10 1 47 0.592 0.579 0 7.1 3.7 13.3 3.2 2.5 9.3 20.3 115 119 18.2 4.1
"31" "31" 1993-01-07 29.44 "GSW" "" "MIA" "W" 14 1 42 0.644 0.563 0 3.5 1.6 11.9 1.1 0 24.4 23.8 106 111 12.6 -2.2
"32" "32" 1993-01-09 29.45 "GSW" "@" "DET" "W" 4 1 48 0.658 0.696 0 9.5 6.1 20 2 0 3.9 22.5 128 103 25.4 11
"33" "33" 1993-01-12 29.45 "GSW" "@" "ATL" "L" -8 1 43 0.623 0.6 2.5 14.3 8.6 3.2 0 0 16.1 23 108 123 14.8 -2.7
"34" "34" 1993-01-13 29.46 "GSW" "@" "PHI" "L" -7 1 44 0.413 0.364 2.1 12.7 6.9 7.9 3.9 0 14.2 23.4 86 113 11.3 -5.5
"35" "35" 1993-01-15 29.46 "GSW" "@" "CHI" "L" -21 1 33 0.815 0.833 7.3 18.8 12.3 20.8 1.4 0 13.4 18.5 141 122 20.2 10.6
"36" "36" 1993-01-16 29.47 "GSW" "@" "IND" "L" -1 1 43 0.516 0.46 2.2 20.8 10.7 22.5 3.1 2.7 6.6 26.9 110 105 24.4 6.5
"37" "37" 1993-01-18 29.47 "GSW" "" "SAC" "L" -4 1 43 0.499 0.417 2.3 15.1 7.8 18.6 2.3 1.8 12.9 30 102 114 17 0.3
"38" "38" 1993-01-20 29.48 "GSW" "" "UTA" "W" 7 1 44 0.618 0.5 3.4 10.1 7.3 9.5 3.5 1.4 18.6 26.6 114 118 19.8 1.1
"39" "39" 1993-01-22 29.48 "GSW" "" "SEA" "L" -4 1 52 0.546 0.5 0 21.8 9.9 16.9 3.9 0 17.9 18.4 98 100 17.2 4
"40" "40" 1993-01-26 29.49 "GSW" "@" "POR" "L" -10 1 40 0.685 0.65 10 19.4 14.3 16.8 0 1.8 15 26.6 131 138 23.6 3.6
"41" "41" 1993-01-27 29.5 "GSW" "" "DEN" "W" 28 1 24 0.838 0.833 5.1 17.4 11.8 24.2 0 2.3 27.9 17.5 123 90 12 5.3
"42" "42" 1993-01-29 29.5 "GSW" "" "LAC" "L" -1 1 46 0.488 0.435 2.4 25.5 14.1 15.8 1.1 0 14.3 38.1 93 108 18.7 -3
"43" "43" 1993-02-01 29.51 "GSW" "@" "MIL" "L" -14 1 36 0.428 0.375 0 10 4.9 18 0 0 21.3 31.1 77 115 4.3 -9.2
"44" "44" 1993-02-02 29.51 "GSW" "@" "CLE" "L" -10 1 34 0.475 0.471 3.5 14.5 8.9 14.3 0 0 10.1 25.2 100 111 9.5 -0.9
"45" "45" 1993-02-04 29.52 "GSW" "@" "NYK" "L" -4 1 39 0.482 0.478 10.5 15 12.6 14.5 2.5 1.9 4 26.8 108 107 18.6 6.8
"46" "46" 1993-02-05 29.52 "GSW" "@" "WSB" "L" -27 1 21 0.225 0.125 0 0 0 5.8 0 0 25.3 22.8 45 141 -3.5 -22.2
"1" "1" 1993-12-17 30.38 "GSW" "@" "SAC" "W" 15 0 31 0.621 0.6 0 17.5 9.3 19.6 1.5 0 13.9 27.8 113 92 15.9 3.6
"2" "2" 1993-12-18 30.39 "GSW" "@" "SEA" "L" -15 1 35 0.495 0.227 3 25.7 14.7 11 0 3 18.9 23 103 117 10.6 -2.4
"3" "3" 1993-12-21 30.39 "GSW" "" "POR" "L" -2 0 33 0.209 0.133 3.9 12.4 8.7 18.1 3.1 0 15.2 26.9 61 106 0.5 -13
"4" "4" 1993-12-23 30.4 "GSW" "" "LAC" "W" 46 0 27 0.643 0.6 4.3 6.6 5.6 19.3 1.6 2 15.5 26.2 122 91 17.6 4.5
"5" "5" 1993-12-26 30.41 "GSW" "@" "POR" "W" 2 0 39 0.222 0.179 6.6 13.9 10.6 9.4 1.3 1.5 16 21.4 58 102 0.5 -10.4
"6" "6" 1993-12-28 30.41 "GSW" "" "PHI" "L" -17 1 37 0.421 0.421 2.6 6 4.2 4.5 3.8 0 17.4 25.5 72 105 4.9 -8.3
"7" "7" 1993-12-30 30.42 "GSW" "@" "DEN" "L" -5 0 41 0.51 0.4 0 9.4 4.9 16 3.4 3 20.3 14.5 93 98 11.2 1.8
"8" "8" 1994-01-04 30.43 "GSW" "" "SAC" "W" 3 1 44 0.582 0.533 2.3 6.2 4 21.6 3.2 1.6 10.9 17.5 117 109 18.8 2.4
"9" "9" 1994-01-06 30.44 "GSW" "" "SAS" "W" 4 0 32 0.384 0.385 0 5.2 2.8 4.8 1.6 3.7 6 23.6 75 108 5.6 -6.8
"10" "10" 1994-01-09 30.45 "GSW" "@" "PHO" "L" -15 0 33 0.687 0.667 3.5 7.1 5.3 8.9 1.5 1.7 7.9 17.2 132 128 13.1 2.5
"11" "11" 1994-01-11 30.45 "GSW" "@" "LAL" "W" 5 0 40 0.529 0.462 0 14.7 8.7 15.1 1.2 1.5 11.1 18 109 115 12.6 -2.8
"12" "12" 1994-01-12 30.45 "GSW" "" "MIA" "W" 8 1 46 0.563 0.563 9.5 12 10.9 9.9 1.3 0 5.9 17.4 123 110 16.3 1.6
"13" "13" 1994-01-14 30.46 "GSW" "" "SEA" "W" 21 1 45 0.388 0.357 13 16.6 14.9 26.3 1.1 0 7.9 22.8 116 106 16.1 -0.4
"14" "14" 1994-01-17 30.47 "GSW" "" "PHO" "W" 5 1 41 0.431 0.364 5.7 7.3 6.6 17.1 0 0 13.6 15.6 100 115 8.3 -6.1
"15" "15" 1994-01-19 30.47 "GSW" "@" "ATL" "W" 1 1 48 0.808 0.813 6.1 18.4 13.4 20.6 1.9 1.2 34.2 22.2 110 112 23.5 6.2
"16" "16" 1994-01-21 30.48 "GSW" "@" "BOS" "L" -8 1 43 0.569 0.528 4.4 25.1 13.5 9.3 1 0 19.8 22.6 98 117 14.6 -2.6
"17" "17" 1994-01-22 30.48 "GSW" "@" "NJN" "L" -26 1 40 0.327 0.316 4.8 10.2 7.4 10.3 0 1.4 16.8 23.9 71 130 2.7 -12.2
"18" "18" 1994-01-26 30.49 "GSW" "" "DET" "W" 16 1 43 0.636 0.636 5.2 4.9 5 35.9 2.2 0 8.3 11.7 140 95 19 7.3
"19" "19" 1994-01-28 30.5 "GSW" "@" "UTA" "L" -28 1 29 0.253 0.222 0 10.3 4.9 11.1 3.2 0 37.8 21.6 40 114 -3 -14.5
"20" "20" 1994-01-29 30.5 "GSW" "" "NJN" "L" -14 1 35 0.557 0.5 2.9 11.2 7.1 27 4.2 3 33.6 17.7 92 118 11.7 2.2
"21" "21" 1994-01-31 30.51 "GSW" "@" "LAC" "W" 14 0 32 0.506 0.444 0 22 10.3 18.8 2.8 0 16.8 14.7 99 91 9.5 -0.3
"22" "22" 1994-02-02 30.51 "GSW" "" "DEN" "W" 13 0 32 0.635 0.594 7.9 23.1 15.6 11.3 1.7 4.6 22.4 30.9 106 89 16.4 8.8
"23" "23" 1994-02-04 30.52 "GSW" "" "CHI" "L" -2 0 33 0.542 0.542 0 14.2 7.5 18.6 4.7 2 20 20.3 95 102 10.9 4.9
"24" "24" 1994-02-06 30.52 "GSW" "@" "WSB" "W" 22 0 37 0.603 0.571 0 8.3 4.5 17.7 2.8 1.7 0 18.9 138 91 17.9 7.3
"25" "25" 1994-02-07 30.53 "GSW" "@" "IND" "L" -5 0 34 0.438 0.438 0 12 6.9 11.5 1.6 1.8 27.3 15 81 118 4.6 -2.9
"26" "26" 1994-02-09 30.53 "GSW" "@" "CHH" "W" 10 0 30 0.25 0.25 0 22.3 10.9 9.6 1.5 2.1 14.3 18.8 61 111 2 -11
"27" "27" 1994-02-10 30.53 "GSW" "@" "NYK" "W" 8 0 42 0.517 0.5 6.2 6.9 6.6 13.6 6.8 0 12.9 23.5 102 96 17.8 5
"28" "28" 1994-02-15 30.55 "GSW" "" "SAC" "W" 10 0 31 0.656 0.6 0 10.1 5.4 23 1.4 1.9 29.1 22 100 109 11.3 -2.9
"29" "29" 1994-02-17 30.55 "GSW" "" "ATL" "W" 4 0 29 0.508 0.5 0 18 9.4 28.9 4.7 2.4 0 19.9 123 101 16.8 10.4
"30" "30" 1994-02-19 30.56 "GSW" "" "BOS" "W" 11 0 26 0.46 0.4 0 8.8 4.6 15.6 3.8 4.6 8.4 19.5 103 89 8.9 6.4
"31" "31" 1994-02-22 30.57 "GSW" "@" "MIL" "W" 4 0 42 0.643 0.6 2.9 16.7 10 20.6 1.1 1.4 12.1 24.8 121 112 22.6 1
"32" "32" 1994-02-23 30.57 "GSW" "@" "CHI" "L" -23 1 32 0.451 0.393 0 15.8 6 10.2 4.3 0 10.7 23.2 87 113 9.2 -0.4
"33" "33" 1994-02-25 30.58 "GSW" "@" "CLE" "L" -10 0 35 0.494 0.4 7.4 5.7 6.5 7.7 1.4 1.5 14.9 24.1 98 111 10.2 -1.6
"34" "34" 1994-02-27 30.58 "GSW" "@" "MIN" "L" -7 1 38 0.338 0.375 4.7 10.8 7.1 27.2 1.3 5.6 25.3 12.3 79 109 8 -2.9
"35" "35" 1994-03-01 30.59 "GSW" "" "LAC" "W" 5 0 35 0.509 0.455 2.6 14.9 8.3 20.5 4 1.7 13.6 15.7 110 102 13.4 1.8
"36" "36" 1994-03-03 30.59 "GSW" "" "PHO" "W" 13 0 42 0.962 0.962 3 11.6 8.2 23.8 2.3 2.7 27.8 18 133 105 25.2 10.9
"37" "37" 1994-03-05 30.6 "GSW" "" "CHH" "W" 17 0 33 0.743 0.667 3.3 9.3 6.4 13.6 1.4 1.7 15.7 15.1 135 108 15.4 3.1
"38" "38" 1994-03-07 30.6 "GSW" "@" "POR" "L" -29 1 32 0.648 0.633 3.9 17.4 11.1 5.7 0 1.7 16.3 22.6 104 127 12.9 -1.7
"39" "39" 1994-03-08 30.61 "GSW" "@" "SEA" "L" -15 1 30 0.75 0.75 3.6 12.6 7.8 11.7 3.2 0 16.7 16.9 122 112 12.6 5.5
"40" "40" 1994-03-10 30.61 "GSW" "" "POR" "W" 3 1 45 0.412 0.313 2.2 20.9 11.7 22.3 2 0 24.8 20.6 77 91 8.5 -2.5
"41" "41" 1994-03-13 30.62 "GSW" "@" "LAC" "L" -3 1 53 0.669 0.658 2 13.2 7.7 21.1 1.8 1.1 20.5 18.8 116 109 22.8 4.3
"42" "42" 1994-03-15 30.62 "GSW" "" "WSB" "W" 30 1 27 0.538 0.538 10.2 8.1 9 21.9 7 5.1 18.8 24.1 108 82 14.8 9.1
"43" "43" 1994-03-17 30.63 "GSW" "@" "HOU" "L" -13 1 41 0.472 0.432 4.1 12.7 8 3.6 0 0 7.9 24.9 97 117 10.6 -4.8
"44" "44" 1994-03-19 30.64 "GSW" "@" "DAL" "W" 9 1 43 0.625 0.625 0 24.5 11.8 25.5 5.7 1.4 11.1 16.8 139 100 23.6 11.6
"45" "45" 1994-03-22 30.64 "GSW" "" "ORL" "W" 1 1 43 0.54 0.5 0 11.2 6.3 29.7 1.1 2.7 22.4 16.7 108 113 15.9 2.6
"46" "46" 1994-03-24 30.65 "GSW" "" "MIL" "W" 2 1 48 0.64 0.563 10 9.8 9.9 19.4 2 1.4 23.5 22 114 116 21 1.2
"47" "47" 1994-03-26 30.65 "GSW" "" "SAS" "L" -11 1 48 0.638 0.607 0 13.2 8 38.2 1.1 0 11.8 16.4 128 119 20.6 6.8
"48" "48" 1994-03-29 30.66 "GSW" "@" "UTA" "W" 3 1 48 0.64 0.563 2.1 8.9 5.8 6.3 4.1 1.1 0 17.2 145 114 24.5 6.8
"49" "49" 1994-03-30 30.67 "GSW" "" "HOU" "L" -10 1 43 0.498 0.4 4.8 7.8 6.2 26 2.2 0 21.7 22.6 95 113 13.6 -0.8
"50" "50" 1994-04-01 30.67 "GSW" "" "MIN" "W" 37 1 25 0.515 0.444 0 16 9 29.4 3.7 7.4 14.7 21.8 118 98 14.6 6
"51" "51" 1994-04-02 30.67 "GSW" "@" "SEA" "L" -10 1 37 0.626 0.633 0 5 2.7 12.7 0 0 15.2 20 121 125 11.8 2
"52" "52" 1994-04-05 30.68 "GSW" "@" "SAS" "W" 5 1 47 0.41 0.375 0 6.2 2.7 11.6 1.1 0 23.5 12.4 85 119 4.5 -6
"53" "53" 1994-04-07 30.69 "GSW" "@" "HOU" "L" -32 1 35 0.481 0.5 2.8 19.6 9.8 21 1.3 0 4.8 24.3 103 132 14.1 -1.3
"54" "54" 1994-04-09 30.69 "GSW" "@" "MIN" "W" 12 1 41 0.556 0.5 6.7 19 13 11.7 3.5 1.6 10.3 28.7 117 102 22.1 3.4
"55" "55" 1994-04-11 30.7 "GSW" "" "DAL" "W" 14 1 32 0.53 0.5 0 23.9 11.9 22.5 4.3 1.9 17.5 13.7 110 98 12.9 2.6
"56" "56" 1994-04-12 30.7 "GSW" "@" "LAL" "W" 11 1 40 0.563 0.525 0 16 9 18 0 0 0 22.8 130 119 20.2 -2.3
"57" "57" 1994-04-14 30.71 "GSW" "" "POR" "W" 5 1 42 0.455 0.444 7.1 11.7 9.4 29.4 1.1 0 24.2 26.8 86 105 12.1 -1.9
"58" "58" 1994-04-16 30.71 "GSW" "" "UTA" "W" 4 1 47 0.713 0.706 2.4 14 8.7 34.3 2 2.5 13.3 19.2 135 101 29.5 14.4
"59" "59" 1994-04-18 30.72 "GSW" "@" "LAC" "W" 3 1 44 0.805 0.789 0 4.9 2.3 18.5 2.1 1.3 4.8 18.6 158 117 30 9.7
"60" "60" 1994-04-21 30.73 "GSW" "" "SAC" "W" 25 1 33 0.621 0.583 3.4 2.6 3 29.2 1.4 0 7.2 16.9 138 97 17 5.6
"61" "61" 1994-04-23 30.73 "GSW" "" "LAL" "W" 35 1 28 0.658 0.611 0 14.1 8.1 20.7 3.4 1.8 0 13.8 156 87 16.4 10.9
"62" "62" 1994-04-24 30.73 "GSW" "@" "SAC" "L" -8 1 27 0.2 0.2 3.4 6.8 5.1 14.5 1.7 2.1 21.1 27.4 46 105 -3 -15
"1" "1" 1995-01-10 31.45 "GSW" "" "SEA" "L" -10 1 43 0.664 0.625 0 13 7.5 27.9 3.3 0 14.8 20.4 117 112 21.3 6.4
"2" "2" 1995-01-11 31.45 "GSW" "@" "POR" "L" -12 1 35 0.437 0.393 3 0 1.4 5.1 0 1.7 21.2 22.3 75 117 2.9 -5.8
"3" "3" 1995-03-12 31.62 "GSW" "@" "PHO" "W" 7 0 38 0.661 0.633 0 13.4 7.3 20.2 2.6 0 15.9 23 112 107 16.9 3
"4" "4" 1995-03-13 31.62 "GSW" "" "DAL" "L" -5 0 30 0.447 0.4 0 12.5 6.7 15.8 1.5 0 23 28.2 80 123 4.5 -12.6
"5" "5" 1995-03-15 31.62 "GSW" "" "LAL" "W" 11 1 42 0.593 0.5 4.9 7.8 6.3 21.1 2.4 0 12.6 30.5 124 112 24.2 4.2
"6" "6" 1995-03-17 31.63 "GSW" "@" "SAC" "L" -18 1 35 0.539 0.5 3.3 3.9 3.6 4.5 2.7 0 16 21.5 99 128 9.5 -5.6
"7" "7" 1995-03-19 31.64 "GSW" "" "DET" "W" 2 1 47 0.678 0.611 2.1 4.3 3.2 3.4 2.1 0 19.5 21.4 116 119 17.6 -0.6
"8" "8" 1995-03-21 31.64 "GSW" "@" "MIL" "L" -6 1 26 0.685 0.571 4.9 0 2.6 15.6 1.9 0 36.3 22.5 98 121 6.3 -6.4
"9" "9" 1995-03-22 31.64 "GSW" "@" "PHI" "L" -17 1 29 0.709 0.667 3.6 25.7 14.6 25.3 5 0 16.8 16.7 139 108 16.6 9.5
"10" "10" 1995-03-24 31.65 "GSW" "@" "MIA" "L" -4 1 43 0.613 0.567 2.7 9.5 6.3 13.5 3.2 3.2 10.9 17.7 120 106 17.8 4.3
"11" "11" 1995-03-26 31.65 "GSW" "@" "ORL" "L" -34 1 34 0.353 0.273 8.5 14.5 11.1 22.2 0 0 23.9 19.4 78 132 4.5 -10.5
"12" "12" 1995-03-28 31.66 "GSW" "@" "NJN" "W" 14 1 41 0.854 0.792 3.2 5.1 4.2 18.1 0 6.7 12 17.5 166 121 24.5 12.2
"13" "13" 1995-03-30 31.67 "GSW" "" "ATL" "L" -28 1 27 0.333 0.333 3.5 17.4 10.5 15.4 3.6 0 11.8 26.7 69 103 4.7 -4.1
"14" "14" 1995-04-01 31.67 "GSW" "" "MIN" "L" -22 1 35 0.671 0.594 8.4 19 12.9 36.9 5.4 0 21.2 25.4 122 115 24.5 13.8
"15" "15" 1995-04-04 31.68 "GSW" "" "PHO" "W" 8 1 43 0.616 0.533 2.8 30.4 17.3 43.9 2.1 7.3 19.8 23.1 120 100 29.7 10.1
"16" "16" 1995-04-06 31.68 "GSW" "" "HOU" "L" -8 1 39 0.506 0.447 6 21.5 13.7 26 2.5 0 25.2 30 93 112 13.5 -3.6
"17" "17" 1995-04-08 31.69 "GSW" "" "SAS" "L" -13 1 37 0.504 0.469 2.1 4.8 2.9 17.9 0 0 5.6 18.1 122 121 11.3 1
"18" "18" 1995-04-10 31.7 "GSW" "@" "DAL" "W" 11 1 45 0.751 0.719 4.6 6.5 5.6 12.8 1 3 14.8 18.9 137 114 21.7 3.9
"19" "19" 1995-04-12 31.7 "GSW" "@" "MIN" "W" 14 1 27 1 1 4.7 8.1 6.5 21.7 0 2.4 21.4 21.9 153 119 17.7 13.6
"20" "20" 1995-04-13 31.7 "GSW" "@" "UTA" "L" -19 1 23 0.484 0.444 0 13.3 7.2 23.4 0 2.5 8.8 22 105 125 7.5 -3.5
"21" "21" 1995-04-15 31.71 "GSW" "" "SEA" "L" -16 1 30 1.034 1 0 5.8 3.2 39.8 1.6 0 48.4 14.5 115 120 10.8 3.6
"22" "22" 1995-04-18 31.72 "GSW" "" "POR" "W" 1 1 39 0.826 0.818 0 12.6 6.2 30.4 3.7 0 32.5 24.4 111 101 19.6 6
"23" "23" 1995-04-20 31.72 "GSW" "" "SAC" "L" -14 1 29 0.558 0.577 0 0 0 42.6 1.7 0 13 21.4 107 118 9.6 1.4
"24" "24" 1995-04-22 31.73 "GSW" "" "DEN" "L" -1 1 47 0.51 0.429 0 16 8.3 29.1 1 5.9 22.2 28 95 103 17.2 -0.1
"25" "25" 1995-04-23 31.73 "GSW" "@" "POR" "L" -33 1 26 0.48 0.385 7.2 4.9 6.2 26.9 3.7 0 16.1 29.9 93 113 9.9 4.9
"1" "1" 1995-11-03 32.26 "GSW" "@" "HOU" "L" -18 1 25 0.333 0.333 0 8.9 4.4 24.6 2 0 14.3 12.2 80 117 3.6 -4.7
"2" "2" 1995-11-04 32.27 "GSW" "@" "DAL" "L" -15 1 30 0.714 0.667 0 6.7 3.4 15 8.8 2.3 15.2 20.7 125 98 15.8 12.2
"3" "3" 1995-11-07 32.27 "GSW" "" "DEN" "W" 5 1 38 0.389 0.389 6.2 2.9 4.5 20.9 2.7 0 18.2 13.6 92 105 7.4 -3.3
"4" "4" 1995-11-09 32.28 "GSW" "" "ATL" "L" -4 1 31 0.457 0.286 0 11.1 4.6 22.2 1.7 0 25.5 17.3 95 135 5.1 -9
"5" "5" 1995-11-11 32.28 "GSW" "" "LAL" "W" 18 1 29 0.796 0.786 4.9 14.5 10.9 16.1 0 2.2 6.5 23.6 150 111 21.2 7.7
"6" "6" 1995-11-12 32.29 "GSW" "@" "PHO" "L" -3 1 40 0.769 0.583 0 5.7 2.8 24.5 3.6 0 16.1 13.2 144 110 16.8 6.2
"7" "7" 1995-11-14 32.29 "GSW" "" "LAC" "L" -12 1 33 0.472 0.375 6.2 8.8 7.3 24.9 4.5 2 12.7 19.7 111 118 11.8 2.3
"8" "8" 1995-11-16 32.3 "GSW" "" "NYK" "L" -23 1 26 0.557 0.5 5 9 7.1 22.5 5.9 2.6 16.8 20.8 107 118 10.2 6.2
"9" "9" 1995-11-18 32.3 "GSW" "" "DAL" "W" 13 1 28 0.836 0.792 6.9 12 10.1 30 3.7 0 6.8 24.2 163 113 22.3 11.9
"10" "10" 1995-11-20 32.31 "GSW" "@" "ORL" "L" -6 1 44 0.719 0.719 7.4 9.7 8.6 3.9 2.2 1.5 23.8 20.3 108 106 17.1 3.1
"11" "11" 1995-11-22 32.32 "GSW" "@" "MIA" "L" -10 1 35 0.473 0.353 0 6.5 2.9 13.9 1.5 2.4 4.7 24.8 104 114 11 2.1
"12" "12" 1995-11-24 32.32 "GSW" "@" "BOS" "W" 7 1 33 0.588 0.5 3.3 4.4 3.8 22.9 3 2.3 28.2 21.9 100 100 11.1 3
"13" "13" 1995-11-25 32.32 "GSW" "@" "PHI" "W" 18 1 33 0.618 0.542 3.8 6.1 5.1 12.4 4.7 0 26.7 25.2 101 96 11.6 -3.6
"14" "14" 1995-11-27 32.33 "GSW" "@" "TOR" "L" -3 1 41 0.536 0.417 11.9 24.2 16.5 13.6 2.6 2.2 4.3 23 130 109 21.3 8.5
"15" "15" 1995-11-29 32.33 "GSW" "" "POR" "L" -14 1 34 0.672 0.6 0 7.2 3.5 29.5 3 2.4 19.2 20.4 117 117 14.2 4.9
"16" "16" 1995-12-02 32.34 "GSW" "" "IND" "W" 3 1 31 0.528 0.417 0 4.1 2.1 24.5 1.8 7.6 22 28.1 95 111 9.2 -1.5
"17" "17" 1995-12-06 32.35 "GSW" "" "ORL" "L" -2 1 41 0.556 0.5 2.7 17.2 9 23.6 0 2.3 5.8 16.8 137 117 15.1 3
"18" "18" 1995-12-08 32.36 "GSW" "" "DET" "L" -7 1 38 0.601 0.531 3.8 0 1.6 20 3 0 16.7 30.2 116 132 15.1 -0.8
"19" "19" 1995-12-09 32.36 "GSW" "@" "UTA" "L" -14 1 28 0.53 0.45 0 8.2 4.8 13.6 3.7 0 0 19.5 122 131 10.6 0.5
"20" "20" 1995-12-12 32.37 "GSW" "" "MIA" "W" 25 0 32 0.888 0.917 7.1 17.9 12.5 31.3 8.1 0 17 25.3 134 77 27.6 24.8
"21" "21" 1995-12-15 32.38 "GSW" "@" "SEA" "L" -7 0 31 0.857 0.857 0 13.2 6.7 5.1 0 0 12.5 10.6 147 114 9.2 1.8
"22" "22" 1995-12-16 32.38 "GSW" "@" "VAN" "W" 31 0 24 0.827 0.8 0 9.8 5.1 19.4 2.2 0 15.5 22.3 147 96 14.7 9.4
"23" "23" 1995-12-19 32.39 "GSW" "" "CHH" "W" 3 0 34 0.644 0.75 0 9.4 4.9 25.7 0 0 9.7 13.3 122 113 10.1 0.8
"24" "24" 1995-12-20 32.39 "GSW" "@" "DEN" "L" -5 0 33 0.9 0.929 3.7 5.9 5 22.9 0 0 17.2 22.6 143 120 18.9 10.6
"25" "25" 1995-12-22 32.4 "GSW" "" "WSB" "W" 15 0 28 0.692 0.692 5.4 15.1 10.4 30.9 8.4 2.6 31.6 27.3 106 100 17.2 11.9
"26" "26" 1995-12-26 32.41 "GSW" "@" "DET" "L" -10 0 29 0.454 0.423 0 10.3 4.3 20.9 0 0 0 21.5 115 116 8.2 0.2
"27" "27" 1995-12-27 32.41 "GSW" "@" "WSB" "L" -21 0 22 0.357 0.357 0 14.5 7.4 13.8 2.2 0 41.7 22.3 53 116 -2 -12.2
"28" "28" 1995-12-29 32.42 "GSW" "@" "ATL" "W" 21 0 14 0.667 0.667 0 6.5 4 10 0 5.4 25 12.8 106 104 1.4 -5.6
"29" "29" 1995-12-30 32.42 "GSW" "@" "NJN" "W" 10 0 28 0.854 0.833 0 0 0 6.7 1.7 1.9 17 26.8 137 114 17.6 9.2
"30" "30" 1996-01-03 32.43 "GSW" "" "PHI" "W" 11 0 21 0 0 0 0 0 21.8 2.2 3.2 22.2 17 31 109 -2.8 -15.7
"31" "31" 1996-01-05 32.44 "GSW" "" "MIN" "W" 3 0 29 0.444 0.333 0 4.5 2.3 17.3 0 0 12 24.6 99 120 5.4 -9.4
"32" "32" 1996-01-06 32.44 "GSW" "@" "SAC" "L" -9 0 36 1.23 1.25 0 9.3 4.6 33.3 2.6 1.9 21.5 10.9 184 111 22.2 14.7
"33" "33" 1996-01-09 32.45 "GSW" "" "VAN" "W" 6 0 30 0.948 1 0 7.8 4 20.8 5.1 2.2 19.2 15.5 140 105 16.7 10.2
"34" "34" 1996-01-11 32.45 "GSW" "" "PHO" "L" -5 0 27 0.505 0.455 7.6 8.3 7.9 18.3 0 0 7.8 19 119 121 7.8 -3.5
"35" "35" 1996-01-12 32.45 "GSW" "@" "VAN" "W" 9 0 27 0.6 0.6 0 5.7 2.2 15.8 0 0 16.7 8.9 120 108 4.3 -5
"36" "36" 1996-01-15 32.46 "GSW" "" "SEA" "L" -9 0 30 0.372 0.346 3.5 10.2 6.9 16.2 1.7 5.1 18.2 22.9 78 111 5.2 -1.9
"37" "37" 1996-01-17 32.47 "GSW" "@" "MIN" "L" -10 0 27 0.387 0.292 6.5 4.2 5.5 13.9 1.8 0 22 25.8 79 105 2.3 -8
"38" "38" 1996-01-18 32.47 "GSW" "@" "MIL" "L" -4 0 25 1.126 1.125 4.6 4.2 4.4 0 4.3 2.6 10.1 18 188 107 19.5 21.3
"39" "39" 1996-01-20 32.48 "GSW" "@" "CHH" "W" 8 0 11 NA NA 0 0 0 20.8 0 0 100 3.7 70 120 0 -8.6
"40" "40" 1996-01-24 32.49 "GSW" "" "UTA" "L" -11 0 30 0.479 0.45 0 0 0 40.7 0 4.6 8.7 18.3 107 123 9.2 3.4
"41" "41" 1996-01-26 32.49 "GSW" "" "SAC" "W" 6 0 31 0.622 0.429 3.4 7.9 5.5 28.2 1.6 0 9.4 13.9 149 124 13 4.3
"42" "42" 1996-01-27 32.5 "GSW" "@" "UTA" "L" -17 0 29 1 1 0 4.4 2.2 31.4 0 2.3 44.4 14.9 106 128 7.8 2.1
"43" "43" 1996-01-30 32.5 "GSW" "@" "LAL" "L" -10 0 29 0.563 0.5 8.7 4.2 6.4 17.7 1.6 0 31.1 17.5 95 125 7.1 -4.1
"44" "44" 1996-02-02 32.51 "GSW" "" "TOR" "W" 3 0 22 0 0 0 16.2 7 15.6 2.4 6.5 33.3 6 59 119 2.3 -5.1
"45" "45" 1996-02-04 32.52 "GSW" "" "NJN" "W" 4 0 23 0.5 0.5 0 5.1 2.6 42.2 2.3 0 0 17 122 106 9.8 5.8
"46" "46" 1996-02-05 32.52 "GSW" "@" "LAC" "W" 4 0 23 0.667 0.667 5.2 0 2.9 16.2 2.2 0 14.3 12.9 138 134 6.2 -1.5
"47" "47" 1996-02-07 32.53 "GSW" "" "CHI" "L" -4 0 30 0.394 0.375 10.7 3.6 7.1 5.3 0 2.3 25.3 18.3 79 127 1 -12.4
"48" "48" 1996-02-13 32.54 "GSW" "@" "POR" "W" 1 0 31 0.727 0.667 4.1 9.1 6.5 18.5 4.8 0 18.9 29.8 122 100 20.5 11.5
"49" "49" 1996-02-14 32.55 "GSW" "" "BOS" "W" 3 0 26 0.308 0.308 3.9 17.8 11.2 20.7 0 0 18.8 26.3 72 110 2.1 -12.2
"50" "50" 1996-02-16 32.55 "GSW" "@" "SAS" "L" -18 0 28 0.407 0.346 8.4 11.2 9.9 27.5 1.7 0 11.9 25 92 111 7.7 -2.4
"51" "51" 1996-02-19 32.56 "GSW" "@" "DAL" "W" 12 0 29 0.506 0.444 0 10.3 5.8 0 1.7 7 9.2 16.4 107 104 7.1 -1.9
"52" "52" 1996-02-27 32.58 "GSW" "@" "CLE" "L" -12 0 32 0.836 0.833 0 11.5 6.7 15.4 1.8 0 8.5 19.6 147 114 16.4 10.7
"53" "53" 1996-02-29 32.59 "GSW" "@" "IND" "L" -9 0 30 0.458 0.458 3.6 8.4 5.9 5.9 3.7 0 20 23.7 81 109 5.6 -1.6
"54" "54" 1996-03-01 32.59 "GSW" "@" "CHI" "L" -23 0 27 0.441 0.313 6.8 8.7 7.6 27.9 3.7 2.6 16.4 18.1 102 112 8.9 3.4
"55" "55" 1996-03-03 32.59 "GSW" "@" "NYK" "L" -15 0 21 0.417 0.2 4.5 11.7 7.6 8.9 0 0 21.7 19 79 118 2.1 -9.5
"1" "1" 1996-11-01 33.26 "GSW" "" "LAC" "L" -12 1 31.7833333333333 0.4 0.4 0 3.5 1.7 21.4 3.2 0 9.1 15.3 85 105 5.6 -3.6
"2" "2" 1996-11-03 33.26 "GSW" "@" "VAN" "W" 10 1 39.2333333333333 0.708 0.615 3.1 14.2 9.4 29.3 2.6 0 22.8 23.9 123 97 21.3 6.9
"3" "3" 1996-11-05 33.27 "GSW" "" "POR" "L" -18 1 33.15 0.743 0.722 0 13.5 7.1 22.1 0 0 8.5 15.4 143 118 13.9 4.8
"4" "4" 1996-11-07 33.27 "GSW" "" "NYK" "L" -5 1 28.8333333333333 0.621 0.583 9.5 0 6 27.5 7.2 3.2 0 20.5 141 106 17.3 15.2
"5" "5" 1996-11-08 33.28 "GSW" "@" "DEN" "L" -3 1 35.6 0.405 0.333 0 9.1 5.2 4.6 0 3.8 9.2 13.9 81 102 4.1 -6.5
"6" "6" 1996-11-12 33.29 "GSW" "@" "SEA" "L" -19 1 35.6666666666667 0.68 0.667 3.9 16.6 10.1 20.6 0 0 31.2 28.4 98 132 10.2 -4.9
"7" "7" 1996-11-14 33.29 "GSW" "" "MIL" "W" 9 1 37.4666666666667 0.68 0.7 6.6 3.2 4.9 20.9 4.4 1.8 20.3 19 116 99 16.1 6.7
"8" "8" 1996-11-16 33.3 "GSW" "@" "HOU" "L" -12 1 40.6166666666667 0.72 0.692 2.2 7.8 4.2 18 4.7 0 22.4 17.5 118 114 18.5 4
"9" "9" 1996-11-17 33.3 "GSW" "@" "SAS" "W" 10 1 37.9333333333333 0.833 0.833 11.8 5.3 7.9 14 2.9 3.9 18.2 14.3 143 106 16.5 6.8
"10" "10" 1996-11-19 33.31 "GSW" "" "LAL" "L" -3 1 30.6666666666667 0.69 0.636 8.4 12.9 10.6 9.8 0 0 14 21.5 126 124 13 0.2
"11" "11" 1996-11-21 33.31 "GSW" "@" "UTA" "L" -5 1 39.3333333333333 0.568 0.5 2.8 2.9 2.8 15.7 2.6 0 18.5 18.2 106 109 10.2 1.5
"12" "12" 1996-11-23 33.32 "GSW" "" "HOU" "L" -5 1 46.4333333333333 0.881 0.893 0 11.3 7 17.8 0 0 6.1 17.7 159 123 23.2 4.6
"13" "13" 1996-11-26 33.33 "GSW" "" "MIA" "L" -19 1 39.55 0.618 0.542 2.5 3.6 3 25.9 6.9 2.3 12.7 16.9 130 117 18.7 9.7
"14" "14" 1996-11-28 33.33 "GSW" "" "NJN" "W" 6 1 35.85 0.742 0.722 0 7.7 4.3 20.2 1.4 0 17.5 13.2 132 125 12.7 1.8
"15" "15" 1996-11-29 33.33 "GSW" "@" "POR" "L" -26 1 34.4666666666667 0.788 0.75 3.4 0 1.8 19.8 0 2.2 0 12.3 168 144 13.9 2.2
"16" "16" 1996-12-01 33.34 "GSW" "" "POR" "W" 28 1 24.7 0.688 0.688 8.7 11.3 10.1 47.2 0 3.4 11.1 15.6 151 85 10.9 12.3
"17" "17" 1996-12-03 33.35 "GSW" "" "DEN" "W" 15 1 39.9833333333333 0.536 0.444 10.3 16.7 13.5 34.6 1.3 5 21.1 16 124 109 16.8 3.1
"18" "18" 1996-12-04 33.35 "GSW" "@" "PHO" "L" -31 1 31.7666666666667 0.508 0.429 2.9 4.1 3.4 20.5 3.1 4.5 11.3 23.7 100 119 12.7 4.2
"19" "19" 1996-12-06 33.35 "GSW" "" "IND" "L" -15 1 35.9166666666667 0.328 0.2 3 14.5 8.8 6.3 4.5 0 19.7 20.2 63 91 3.5 -5.2
"20" "20" 1996-12-08 33.36 "GSW" "" "SAS" "W" 26 1 25.45 0.773 0.773 0 9.4 5.2 31.3 2.2 3.1 21.4 25.8 127 102 15.3 9.8
"21" "21" 1996-12-10 33.36 "GSW" "@" "TOR" "W" 10 1 41.9666666666667 0.81 0.778 2.5 12 6.9 32 1.3 0 41.5 16.8 103 104 12.9 1.2
"22" "22" 1996-12-12 33.37 "GSW" "@" "NYK" "L" -11 1 34.3666666666667 0.472 0.433 2.8 5.6 4.2 36.1 1.6 0 15.9 25.2 90 105 8.9 -0.6
"23" "23" 1996-12-13 33.37 "GSW" "@" "CLE" "L" -14 1 44.1166666666667 0.723 0.682 3 11.8 7.5 22.3 2.5 2 21.6 20.1 121 115 17 5.8
"24" "24" 1996-12-15 33.38 "GSW" "" "WSB" "L" -8 1 38.8333333333333 0.583 0.583 3.3 11.5 7.1 7.6 1.3 2.2 33.3 9.9 89 116 4.5 -3.3
"25" "25" 1996-12-17 33.38 "GSW" "@" "SEA" "L" -40 1 29.5333333333333 0.55 0.55 3.9 16.8 10.1 16 1.6 2.7 16.7 17.5 95 123 7.4 -1.4
"26" "26" 1996-12-18 33.39 "GSW" "" "MIN" "W" 27 1 33.8 0.8 0.8 0 2.9 1.7 10.7 7.7 0 23.1 16.8 123 98 15 9.4
"27" "27" 1996-12-22 33.4 "GSW" "" "LAC" "W" 6 1 32.5166666666667 0.465 0.389 0 16.6 7.4 28.4 3.5 0 8.5 17 112 108 8.6 0.3
"28" "28" 1996-12-26 33.41 "GSW" "@" "DAL" "W" 5 1 39.3333333333333 0.727 0.727 0 26.4 14.4 21.5 5.2 0 8.3 13.7 148 106 20.2 7.2
"29" "29" 1996-12-28 33.41 "GSW" "@" "HOU" "L" -9 1 38.1 0.688 0.688 8.6 3 5.9 15.9 4.2 0 11.1 9.8 141 114 13.4 5.3
"30" "30" 1997-01-03 33.43 "GSW" "" "PHI" "W" 8 1 43.8166666666667 0.873 0.85 0 18.8 11.7 33.1 3.4 1.7 15.5 13 157 99 25.7 11.5
"31" "31" 1997-01-06 33.44 "GSW" "" "CHH" "L" -8 1 37.2666666666667 0.405 0.389 2.9 14.7 8.7 27.4 5.8 4.4 16.8 14.8 95 112 11.8 3.6
"32" "32" 1997-01-08 33.44 "GSW" "" "VAN" "L" -14 1 2.08333333333333 0.5 0.5 42.9 60 50 0 26.1 0 0 40.6 123 48 3 51.2
"33" "33" 1997-01-09 33.45 "GSW" "@" "VAN" "W" 16 1 39.2333333333333 0.708 0.708 11.5 9 10.1 11.1 1.4 0 7.7 16.4 144 103 16.1 2.3
"34" "34" 1997-01-12 33.45 "GSW" "@" "MIL" "L" -18 1 29.35 0.286 0.286 0 11.5 6.1 9.8 1.8 2.2 36.4 18 46 122 -1.3 -15.4
"35" "35" 1997-01-14 33.46 "GSW" "@" "BOS" "L" -8 1 39.75 0.5 0.5 3.1 16.2 9.5 18.8 2.4 0 40 10.3 84 112 6.6 -4
"36" "36" 1997-01-15 33.46 "GSW" "@" "PHI" "W" 17 1 35.8666666666667 0.85 0.8 10.5 13 11.8 29.5 2.6 0 14.5 15.8 165 111 24.6 12.6
"37" "" 1997-01-17 33.47 "GSW" "@" "IND" "W" 7 NA NA NA NA NA NA NA NA NA NA NA NA NA NA NA NA
"38" "37" 1997-01-18 33.47 "GSW" "@" "MIN" "L" -15 1 38.3666666666667 0.864 0.864 3.4 10.2 6.8 21.1 0 0 8.3 15.7 154 123 17.1 4.6
"39" "38" 1997-01-21 33.48 "GSW" "" "DAL" "W" 12 1 37.45 0.634 0.625 3 19 10.8 27.9 2.9 0 6.6 19.4 131 100 17.3 3.4
"40" "39" 1997-01-23 33.48 "GSW" "" "DET" "L" -15 1 36.8333333333333 0.636 0.636 3.6 10.5 7.1 11.2 3.1 2.4 15.4 18.3 105 109 12 4.5
"41" "40" 1997-01-24 33.49 "GSW" "@" "LAL" "L" -17 1 39 0.742 0.722 0 5.1 2.6 8 2.6 0 42.6 17.5 79 124 6.3 -7.3
"42" "41" 1997-01-27 33.5 "GSW" "" "VAN" "W" 25 1 33.3166666666667 0.556 0.556 0 20.3 12 30.2 8.1 0 0 12.4 143 92 16.6 9.7
"43" "42" 1997-01-29 33.5 "GSW" "" "SEA" "L" -25 1 36.35 0.697 0.688 0 6.2 2.9 22.6 2.8 0 17.7 27.4 111 118 18.3 6.3
"44" "43" 1997-01-31 33.51 "GSW" "" "CHI" "L" -23 1 36.7 0.597 0.55 0 15.8 7.5 16.5 1.4 0 15.5 15.4 115 124 10.9 -0.8
"45" "44" 1997-02-01 33.51 "GSW" "@" "LAC" "L" -12 1 39.1 0.472 0.417 0 11.5 5.1 19.6 5.6 0 6.8 18.8 105 117 11.3 0.4
"46" "45" 1997-02-04 33.52 "GSW" "" "ATL" "L" -22 1 37.7333333333333 0.55 0.55 2.9 6.3 4.5 25.5 0 0 16.7 15 107 134 9.5 -2.5
"47" "46" 1997-02-13 33.54 "GSW" "@" "DAL" "W" 8 1 38.7 0.788 0.75 3.2 9.3 6.8 17.2 1.4 1.9 10.1 11.7 160 114 15.7 5
"48" "47" 1997-02-14 33.55 "GSW" "@" "SAS" "W" 14 1 32.4 0.676 0.667 4.1 5.5 4.9 27.3 0 2.3 0 19.7 150 113 16.3 5.4
"49" "48" 1997-02-16 33.55 "GSW" "@" "SAC" "L" -20 1 35.4166666666667 0.414 0.4 0 11.7 6.2 24.9 0 1.8 8.4 15.6 95 115 7.6 -2
"50" "49" 1997-02-19 33.56 "GSW" "" "BOS" "W" 11 1 44.7666666666667 0.752 0.65 13.3 13.7 13.5 34 7.5 0 24 16.2 140 96 30 10.4
"51" "50" 1997-02-21 33.56 "GSW" "@" "MIN" "L" -19 1 35.9333333333333 0.506 0.444 0 0 0 9.9 0 0 9.2 11.9 116 113 4.5 -4.7
"52" "51" 1997-02-22 33.57 "GSW" "@" "CHI" "L" -33 1 31.1333333333333 0.265 0.222 2.7 3.8 3.1 14.1 0 0 9.6 13.3 73 130 1.2 -8.7
"53" "52" 1997-02-24 33.57 "GSW" "@" "ATL" "L" -6 1 42.6 1.01 1 0 18 9.6 20.8 2.5 0 29.6 19.6 137 118 21.9 10.9
"54" "53" 1997-02-26 33.58 "GSW" "@" "DET" "L" -33 1 35.2666666666667 0.588 0.5 8.9 9.5 9.1 28.4 0 0 13.6 19.6 126 145 12.7 1.5
"55" "54" 1997-02-28 33.58 "GSW" "@" "NJN" "W" 9 1 39.1666666666667 0.759 0.722 0 12.8 7.4 12.4 1.3 0 28.8 15.1 111 112 10.9 -0.2
"56" "55" 1997-03-01 33.59 "GSW" "@" "WSB" "L" -10 1 33.85 0.393 0.364 3.7 4 3.9 14.9 1.4 0 20.8 17.3 80 124 3.6 -6.1
"57" "56" 1997-03-03 33.59 "GSW" "" "UTA" "L" -7 1 40.6 0.902 0.833 0 16.7 8.5 13.9 1.4 0 11.4 21.7 164 131 24.3 7.2
"58" "57" 1997-03-05 33.6 "GSW" "" "HOU" "L" -5 1 35.7666666666667 0.635 0.455 3.1 14 8.2 11 0 0 16.7 22.1 120 103 12.4 1.9
"59" "58" 1997-03-07 33.6 "GSW" "" "ORL" "W" 7 1 37.5666666666667 0.921 0.889 3.6 8.5 6.3 23.9 4.3 2.4 32.6 18.6 125 109 20.4 9.9
"60" "59" 1997-03-09 33.61 "GSW" "" "SAC" "W" 4 1 32.3833333333333 0.785 0.6 9.7 18.8 14.3 15.8 8.2 0 51.2 21.1 86 96 11.4 3
"61" "60" 1997-03-10 33.61 "GSW" "@" "LAC" "L" -6 1 32.05 0.435 0.313 3.9 3.3 3.6 20 3.1 0 20.4 32.6 85 118 7.1 -8.4
"62" "61" 1997-03-12 33.62 "GSW" "@" "LAL" "L" -8 1 38.4833333333333 0.674 0.667 14.7 0 7.4 4.8 2.7 0 23.5 23.9 107 123 15.1 -0.1
"63" "" 1997-03-13 33.62 "GSW" "" "CLE" "W" 6 NA NA NA NA NA NA NA NA NA NA NA NA NA NA NA NA
"64" "" 1997-03-15 33.62 "GSW" "" "TOR" "W" 4 NA NA NA NA NA NA NA NA NA NA NA NA NA NA NA NA
"65" "62" 1997-03-17 33.63 "GSW" "" "PHO" "L" -21 0 36 0.388 0.333 5.9 0 3.2 18.5 1.4 0 0 12.9 114 129 6.9 -2.4
"66" "63" 1997-03-19 33.64 "GSW" "@" "MIA" "L" -2 0 35.8166666666667 0.17 0 0 12.3 6.4 0 4.8 0 25.4 11.1 29 95 -0.1 -5.3
"67" "64" 1997-03-20 33.64 "GSW" "@" "ORL" "L" -5 0 33.7833333333333 0.444 0.429 0 16 9 25.9 4.9 0 11.3 12.5 113 108 10.2 3.9
"68" "65" 1997-03-22 33.64 "GSW" "@" "CHH" "L" -7 0 37.9166666666667 0.751 0.667 0 7 3.3 11.1 0 2.3 6.4 19.2 154 114 17.7 11.3
"69" "66" 1997-03-25 33.65 "GSW" "" "SEA" "L" -37 0 26.65 0.571 0.5 0 24.9 12 14.5 0 0 0 15.4 130 136 8 -2
"70" "67" 1997-03-28 33.66 "GSW" "@" "PHO" "L" -7 0 35.8 0.738 0.708 0 15.7 8.3 18 1.4 2.3 18.9 19.2 121 114 15.2 4.9
"71" "68" 1997-03-30 33.67 "GSW" "" "MIN" "L" -11 0 37.7166666666667 0.72 0.692 3.1 19.7 10.4 13 1.3 0 26.5 21.7 106 120 12.8 1.6
"72" "69" 1997-04-01 33.67 "GSW" "@" "POR" "W" 9 0 28.6 0.833 0.833 0 6.5 4.1 23.9 0 0 25 6.5 140 98 6.1 4.7
"73" "70" 1997-04-03 33.68 "GSW" "" "DAL" "W" 16 0 28.0833333333333 0.444 0.429 8 5 6.7 20.3 2 6.3 33.7 17.6 84 103 4.6 -3.9
"74" "71" 1997-04-05 33.68 "GSW" "" "SAS" "W" 17 0 24.2333333333333 0.935 0.9 0 16.7 8.6 12.9 8.7 0 14.5 26.2 155 98 21.7 19.4
"75" "72" 1997-04-06 33.68 "GSW" "" "UTA" "L" -14 0 30.0666666666667 0.576 0.538 7.8 14.1 10.7 26.9 1.8 0 12.6 23.6 117 126 13.4 3.1
"76" "73" 1997-04-08 33.69 "GSW" "" "LAL" "L" -24 0 24.4666666666667 0.652 0.625 8 13.3 10 16.7 0 0 19.2 18.8 112 131 8.4 -1.5
"77" "74" 1997-04-10 33.7 "GSW" "" "DEN" "W" 2 0 32.1 0.884 0.909 0 13.3 5.9 17.3 3.1 0 14.4 18.5 140 100 19 11.1
"78" "75" 1997-04-11 33.7 "GSW" "@" "SAC" "L" -10 0 22.1666666666667 0.502 0.25 0 9.5 4.9 7.6 0 0 28.7 28.7 80 110 1.9 -11
"79" "76" 1997-04-13 33.7 "GSW" "" "PHO" "L" -8 0 30.5833333333333 0.583 0.556 0 11.9 5.2 20.5 1.7 2.9 17.5 15.5 112 114 10.1 2.8
"80" "77" 1997-04-14 33.71 "GSW" "@" "DEN" "W" 10 1 34.6666666666667 0.549 0.5 2.7 6.2 4.3 25.4 2.9 0 9.9 24.8 115 98 16 4.8
"81" "78" 1997-04-17 33.72 "GSW" "@" "UTA" "L" -13 0 24.6833333333333 0.848 0.778 0 12.8 5.1 9.3 4.2 3.4 15.2 22.1 148 111 17.1 13.5
"82" "79" 1997-04-19 33.72 "GSW" "" "SAC" "L" -2 1 20.3333333333333 0.827 0.8 4.6 0 2.8 20.2 0 0 15.5 13.1 151 129 8.5 1.4
"1" "1" 1997-10-31 34.25 "IND" "@" "NJN" "L" -2 1 26.2833333333333 0.125 0.125 0 12.1 7.3 10.8 0 0 33.3 19.5 33 111 -5.4 -17.4
"2" "2" 1997-11-01 34.26 "IND" "" "GSW" "W" 13 1 26.7833333333333 0.466 0.417 10.5 6.3 8.3 34 3.7 0 0 19.3 124 86 12.6 9.3
"3" "3" 1997-11-04 34.27 "IND" "@" "CLE" "L" -3 1 21.9333333333333 0.709 0.667 0 0 0 13.7 7.6 2.9 9.2 24 127 87 13.1 17.7
"4" "4" 1997-11-05 34.27 "IND" "@" "DET" "W" 12 1 23.4166666666667 0.62 0.5 16.5 6.3 11.8 34 7 0 6.4 33.1 133 90 18.3 18.9
"5" "5" 1997-11-07 34.27 "IND" "" "SEA" "L" -6 1 37.25 0.699 0.667 3.2 0 1.5 20.3 0 4.2 7.2 17 146 122 14.7 7.6
"6" "6" 1997-11-08 34.28 "IND" "@" "CHH" "L" -7 1 36.05 0.651 0.556 3.5 10.8 7.1 21.1 0 0 42.6 26.1 79 109 4.9 -6.3
"7" "7" 1997-11-12 34.29 "IND" "" "ATL" "L" -3 1 24.6333333333333 0.381 0.286 0 0 0 14.8 2.5 0 20.2 21.8 74 114 1.5 -7.6
"8" "8" 1997-11-14 34.29 "IND" "" "MIA" "W" 4 1 30.2 0.545 0.545 0 13.3 7.4 8.7 3.6 2.4 26.7 23.4 78 84 5.7 1
"9" "9" 1997-11-15 34.3 "IND" "@" "TOR" "W" 28 1 27.4 0.842 0.818 0 8.7 4.8 14.2 2.1 2.5 14.4 24.7 139 92 17.2 9.8
"10" "10" 1997-11-20 34.31 "IND" "@" "MIL" "W" 26 1 22.0666666666667 0.656 0.55 7 15.3 12.4 24.2 0 0 0 26.9 146 92 13.8 9.5
"11" "11" 1997-11-22 34.32 "IND" "" "CHH" "L" -1 1 20.5833333333333 0.581 0.5 0 11.7 6.6 10.3 0 0 12.7 19.1 110 114 3.3 -3.7
"12" "12" 1997-11-27 34.33 "IND" "" "VAN" "W" 21 1 30.55 0.711 0.711 5 4.4 4.7 6.1 5.1 0 9.5 32.1 123 93 19.6 8.8
"13" "13" 1997-11-28 34.33 "IND" "" "CHI" "W" 11 1 24.8333333333333 0.7 0.7 0 8.3 4.2 5.8 0 0 0 8.9 155 100 5.2 2.4
"14" "14" 1997-11-30 34.34 "IND" "" "PHI" "W" 12 1 25.3833333333333 0.875 0.875 0 20 13.2 7.8 4.5 2.6 11.1 18.6 146 95 14.3 11.1
"15" "15" 1997-12-03 34.35 "IND" "@" "MIN" "W" 4 1 25.4 0.5 0.5 5.1 0 2.5 25.4 0 0 11.1 17.2 105 112 5.3 -0.5
"16" "16" 1997-12-05 34.35 "IND" "@" "DEN" "W" 11 1 18.9166666666667 0.3 0.3 11.8 5.6 8.6 9.2 0 0 9.1 27.4 71 102 0.8 -11.5
"17" "17" 1997-12-07 34.36 "IND" "@" "PHO" "W" 2 1 24 0.732 0.688 0 8.3 4.5 22.9 2.2 0 18.4 20.8 121 98 10.3 9
"18" "18" 1997-12-08 34.36 "IND" "@" "UTA" "L" -9 1 28.8333333333333 0.51 0.4 0 0 0 5.8 1.8 2.2 0 19.3 113 119 7 -1.3
"19" "19" 1997-12-10 34.36 "IND" "@" "POR" "L" -8 1 25.65 0.778 0.778 4.1 0 2.5 9.3 2.2 0 10 18.5 133 116 11.1 10.4
"20" "20" 1997-12-12 34.37 "IND" "" "MIA" "W" 15 1 33.1166666666667 0.658 0.611 4.4 29.1 17.1 14.2 3.4 5.6 9.2 16.3 132 95 14.4 9.8
"21" "21" 1997-12-13 34.37 "IND" "" "WAS" "W" 17 1 24.6333333333333 0.371 0.333 0 13.4 7 12.7 0 0 0 16.8 98 107 3.4 -4.5
"22" "22" 1997-12-15 34.38 "IND" "@" "TOR" "W" 7 1 28.35 0.409 0.385 4.7 15.8 10.7 31 1.9 0 13 26 89 114 7.9 -6.2
"23" "23" 1997-12-17 34.38 "IND" "" "NYK" "W" 7 1 24.7666666666667 0.571 0.429 0 0 0 39.6 0 2.8 10.2 18.7 117 97 9.1 8.6
"24" "24" 1997-12-19 34.39 "IND" "" "DET" "W" 8 1 20.2166666666667 0.47 0.429 6.3 12 9.2 50 0 6.2 28.7 24 90 97 6.4 3.2
"25" "25" 1997-12-20 34.39 "IND" "@" "ORL" "W" 3 1 26.2833333333333 0.61 0.577 0 13.4 8.2 16 6.4 0 16.9 33.8 104 96 12.3 4.6
"26" "26" 1997-12-23 34.4 "IND" "@" "SAS" "L" -12 1 21.4333333333333 0.145 0 5.4 19 11.7 23.6 2.6 4 12.7 18.3 50 97 1 -3.7
"27" "27" 1997-12-26 34.41 "IND" "" "ORL" "W" 26 1 25.85 0.667 0.667 6.4 10.7 9.1 24.7 4.2 0 0 17.5 147 91 14.1 10.2
"28" "28" 1997-12-28 34.41 "IND" "@" "MIA" "L" -11 1 27.5333333333333 0.671 0.5 0 16.2 7.4 17.2 6.6 0 19.6 19.3 117 115 11.3 8.3
"29" "29" 1997-12-30 34.42 "IND" "" "NJN" "W" 18 1 33.85 0.763 0.708 10.1 0 3.6 22.8 4.5 0 11.7 24.4 141 98 21.6 12.2
"30" "30" 1998-01-02 34.43 "IND" "@" "WAS" "W" 18 1 29.8833333333333 0.429 0.429 5.2 6 5.7 33.1 3.6 6.7 22.2 14.4 102 93 9.4 8.6
"31" "31" 1998-01-03 34.43 "IND" "" "TOR" "W" 12 1 19.1333333333333 0.571 0.5 0 6.6 3.5 34.3 3 0 0 20.8 136 93 8.6 10
"32" "32" 1998-01-06 34.44 "IND" "" "PHO" "L" -1 1 25.3333333333333 0.539 0.375 0 14 6.8 0 0 2.9 8.9 20.3 113 94 7.2 5.7
"33" "33" 1998-01-08 34.44 "IND" "@" "HOU" "W" 7 1 21.4 0.727 0.667 0 10.6 5.5 7.8 7.5 3.9 36.8 12.6 88 77 5.5 2.9
"34" "34" 1998-01-10 34.45 "IND" "@" "DAL" "W" 5 1 24.1833333333333 0.415 0.375 0 15.7 8.8 8 2.2 0 0 16.5 94 87 5.1 -0.6
"35" "35" 1998-01-14 34.46 "IND" "" "DET" "W" 7 1 25.75 0.784 0.688 11.5 17.2 14.8 22.5 2.1 2.5 0 18.1 187 101 17.6 20.7
"36" "36" 1998-01-16 34.47 "IND" "" "SAC" "W" 25 1 24.05 1.09 1.083 0 4.9 2.6 10.3 0 0 0 13.3 216 110 12.9 11
"37" "37" 1998-01-18 34.47 "IND" "@" "BOS" "W" 7 1 21.6666666666667 0.666 0.563 13.6 21.8 18.2 7.5 0 0 17 26 122 110 9.9 2.1
"38" "38" 1998-01-21 34.48 "IND" "@" "NYK" "L" -8 1 35 0.743 0.667 0 7 3.7 24.8 3.3 0 0 17 155 117 16.3 10.4
"39" "39" 1998-01-23 34.48 "IND" "" "UTA" "W" 4 1 34.8 0.686 0.625 3.8 12.9 8.1 3.9 0 4 28.2 18.8 100 115 8.5 0.6
"40" "40" 1998-01-24 34.49 "IND" "" "BOS" "W" 7 1 36.2333333333333 0.581 0.458 3.8 10.9 7.9 16.4 1.5 0 0 19.8 133 102 14.8 7.7
"41" "41" 1998-01-27 34.5 "IND" "" "WAS" "W" 1 1 22.8333333333333 0.799 0.833 0 0 0 0 0 0 12.7 16.7 132 109 6.6 5.6
"42" "42" 1998-01-28 34.5 "IND" "@" "PHI" "W" 3 1 19.6 0.67 0.7 0 25.2 11.4 0 5.3 0 32.4 36.2 71 84 5.6 4
"43" "43" 1998-01-30 34.5 "IND" "" "CLE" "W" 6 1 25.65 0.68 0.6 4.9 0 2.5 11.8 2.3 6.4 25.4 15.9 114 102 7 7.3
"44" "44" 1998-02-01 34.51 "IND" "@" "LAC" "W" 7 1 15.2666666666667 1 1 0 0 0 18.4 6.9 5.2 0 3 201 93 4.2 7.6
"45" "45" 1998-02-03 34.52 "IND" "@" "SAC" "W" 22 1 21.9833333333333 0.615 0.5 0 14.2 7.3 6.4 2.4 2.9 7.6 26 128 100 11.5 6.8
"46" "46" 1998-02-04 34.52 "IND" "@" "SEA" "L" -7 1 26.1333333333333 0.618 0.542 4.1 4.4 4.2 6.9 2.1 0 0 24.6 137 122 11.3 6.9
"47" "47" 1998-02-10 34.53 "IND" "" "ORL" "W" 19 1 27.4 0.6 0.6 4 23.7 14 12.2 4.2 0 9.1 18.9 120 72 11.9 13.3
"48" "48" 1998-02-11 34.54 "IND" "@" "MIA" "W" 9 1 20.5333333333333 0.5 0.5 0 18 9.3 6.8 2.6 0 0 11.7 110 114 3.7 -0.6
"49" "49" 1998-02-13 34.54 "IND" "" "DAL" "L" -3 1 33.2 0.389 0.389 0 24.1 12.3 6.6 3.5 0 0 13.4 93 80 5.9 2.5
"50" "50" 1998-02-14 34.55 "IND" "@" "ATL" "W" 4 1 23.5833333333333 0.256 0.125 10.3 10.9 10.6 12.5 0 0 17 22.5 69 109 -0.1 -12.2
"51" "51" 1998-02-17 34.55 "IND" "@" "CHI" "L" -8 1 28.1833333333333 0.722 0.722 0 15.6 7.6 6.3 4.2 0 18.2 19.8 112 120 10.3 7.2
"52" "52" 1998-02-19 34.56 "IND" "" "PHI" "W" 5 1 24.5333333333333 0.444 0.2 0 23.1 12.6 0 4.8 5.4 12.9 15.4 93 75 5.9 5.3
"53" "53" 1998-02-20 34.56 "IND" "@" "ORL" "L" -2 1 27.4833333333333 0.688 0.688 0 4.3 2.3 5.6 2.2 0 0 15.7 137 119 8.6 4.2
"54" "54" 1998-02-22 34.57 "IND" "@" "PHI" "W" 5 1 29.6166666666667 0.856 0.786 4.3 13.3 8.8 24.5 0 0 10.2 15.7 167 115 15 11.5
"55" "55" 1998-02-25 34.58 "IND" "" "LAL" "L" -7 1 34.9 0.6 0.6 0 16.1 6.5 10.3 1.5 2 16.7 14.9 99 104 7.7 2.1
"56" "56" 1998-02-27 34.58 "IND" "" "POR" "W" 65 1 25.4833333333333 0.644 0.583 0 3.7 2.4 12.7 0 0 39.2 22.7 87 76 2.8 -8.2
"57" "57" 1998-03-01 34.59 "IND" "" "DEN" "W" 27 1 28.65 0.75 0.75 0 39.4 22.4 17.1 4.2 0 25 14.7 111 66 10.3 9.3
"58" "58" 1998-03-03 34.59 "IND" "@" "VAN" "W" 8 1 33.4166666666667 0.285 0.143 0 10.9 6 8.7 1.6 0 0 12.6 76 115 1.8 -8.2
"59" "59" 1998-03-04 34.59 "IND" "@" "LAL" "L" -9 1 20.4666666666667 0.563 0.5 0 9.6 3.4 15.9 2.7 0 18.4 12.4 102 115 3.1 -1.9
"60" "60" 1998-03-06 34.6 "IND" "@" "GSW" "W" 14 1 27.6333333333333 0.417 0.417 4 10.3 7.4 12.7 1.9 0 25 13.1 85 101 3.9 -4.4
"61" "61" 1998-03-08 34.61 "IND" "" "BOS" "W" 4 1 27.1833333333333 0.558 0.5 0 16.9 9.5 11.5 4.1 2.3 21.8 25.3 95 107 8 -2.4
"62" "62" 1998-03-11 34.61 "IND" "@" "DET" "L" -31 1 18.35 0.694 0.5 0 10.7 3.7 8.8 3 0 0 7 161 134 4.2 -0.5
"63" "63" 1998-03-13 34.62 "IND" "" "MIL" "W" 20 1 25.5166666666667 0.333 0.333 0 9.7 5.4 9.4 4.6 0 40 9.8 62 93 2.3 -2.8
"64" "64" 1998-03-15 34.62 "IND" "@" "NYK" "W" 5 1 25.7666666666667 0.699 0.667 0 4.9 2.6 13 4.5 0 31.8 19.9 93 103 6.3 3.3
"65" "65" 1998-03-17 34.63 "IND" "" "CHI" "L" -6 1 25.3833333333333 0.818 0.818 0 10.7 5.3 9.8 0 3.1 8.3 25.3 144 116 13.3 17.3
"66" "66" 1998-03-19 34.64 "IND" "@" "WAS" "W" 4 1 26.2333333333333 0.5 0.5 0 12.9 6.6 6.2 0 2.5 0 18.3 105 106 6.9 2.2
"67" "67" 1998-03-20 34.64 "IND" "" "NJN" "W" 7 1 30.2833333333333 0.698 0.654 0 17 9.9 32.3 1.9 2.1 6.5 25.3 142 107 17.5 13.3
"68" "68" 1998-03-22 34.64 "IND" "@" "MIL" "W" 2 1 36.2666666666667 0.365 0.273 0 14.7 7.3 19.9 4.5 2 7.5 18.3 84 91 8.4 1.7
"69" "69" 1998-03-25 34.65 "IND" "" "HOU" "L" -5 1 29.1166666666667 0.581 0.5 0 4.1 1.9 18.7 0 0 17.9 26.6 100 104 7.5 1.9
"70" "70" 1998-03-27 34.66 "IND" "" "CHH" "W" 37 1 20.3666666666667 0.833 0.833 0 8 5.2 12.8 2.6 0 0 21.7 165 105 12.5 9.9
"71" "71" 1998-03-29 34.66 "IND" "" "SAS" "L" -19 1 38.6333333333333 0.45 0.375 2.5 6.3 4.1 0 4.9 0 13.1 19.5 88 95 6.7 4.7
"72" "72" 1998-03-31 34.67 "IND" "" "LAC" "W" 22 1 21.4833333333333 1.215 1.222 0 6.1 2.9 13 4.7 0 0 20.5 235 113 23.8 31.4
"73" "73" 1998-04-02 34.67 "IND" "" "MIN" "W" 3 1 30.4666666666667 0.654 0.654 0 21.3 11.3 27.3 1.7 0 0 18.9 151 113 17.7 11.2
"74" "74" 1998-04-03 34.68 "IND" "@" "CHH" "L" -7 1 29.65 0.709 0.667 0 0 0 27.8 0 0 9.2 17.1 134 115 10.3 6.7
"75" "75" 1998-04-05 34.68 "IND" "" "MIL" "W" 1 1 25.3333333333333 0.621 0.583 4.7 20.6 11.1 10.4 2.2 0 7.2 26.6 127 107 11.5 8.9
"76" "76" 1998-04-07 34.69 "IND" "" "CLE" "W" 2 1 29.9166666666667 1.1 1.1 0 18.3 9.3 6.3 1.9 3 37.5 14.3 108 93 9.3 9
"77" "77" 1998-04-09 34.69 "IND" "@" "ATL" "W" 3 1 39.5166666666667 0.8 0.773 0 12.5 7 4.6 4.2 0 29.6 20.5 96 102 12.3 4.7
"78" "78" 1998-04-12 34.7 "IND" "@" "BOS" "W" 6 1 27.1 0.145 0 0 18.1 11.4 10.8 1.9 4.4 22.5 7.6 53 92 2.4 -3.4
"79" "79" 1998-04-13 34.7 "IND" "@" "CHI" "W" 9 1 18.1833333333333 0.466 0.417 0 7.6 4 16.3 0 0 0 17.1 114 128 3.5 -3.9
"80" "80" 1998-04-15 34.71 "IND" "" "ATL" "W" 12 1 24 0.333 0.333 4.8 4.5 4.7 0 0 0 33.3 19.6 50 98 -2.6 -16.5
"81" "81" 1998-04-17 34.72 "IND" "" "TOR" "W" 9 1 24.9666666666667 0.389 0.389 0 9.6 4.7 10.6 0 2.9 0 16.5 95 111 3.8 -4.3
"82" "82" 1998-04-18 34.72 "IND" "@" "CLE" "L" -4 1 24 0.506 0.444 0 11.8 5.8 20.7 4.6 5.8 9.2 22.8 102 104 9.6 9.8
"1" "1" 1999-02-05 35.52 "IND" "" "WAS" "W" 15 1 25.7666666666667 0.638 0.6 0 17.6 9.7 24.3 0 2.6 14.5 25.2 116 90 11.2 9.2
"2" "2" 1999-02-07 35.53 "IND" "@" "DET" "L" -9 1 19.5333333333333 0.666 0.5 0 5.7 3 41.4 0 0 12.9 18.1 133 124 8 6.4
"3" "3" 1999-02-08 35.53 "IND" "@" "CLE" "W" 6 1 36 0.604 0.563 7.2 7.4 7.3 15.4 0 0 9.9 27.1 113 110 14.6 5
"4" "4" 1999-02-10 35.53 "IND" "@" "POR" "L" -8 1 19.7666666666667 0.102 0 6.7 6.3 6.5 6.9 2.6 0 29.1 15.5 34 110 -1.9 -11.3
"5" "5" 1999-02-11 35.54 "IND" "@" "VAN" "W" 4 1 27 0.732 0.688 0 13.7 7 16.2 2.2 0 0 16.7 166 119 12.2 9.2
"6" "6" 1999-02-14 35.55 "IND" "@" "LAL" "W" 2 1 20.5833333333333 0.509 0.417 0 0 0 17.3 5.1 0 12.7 17.9 103 110 5.2 2.8
"7" "7" 1999-02-16 35.55 "IND" "" "MIA" "L" -11 1 26.0833333333333 0.649 0.591 8.8 24.3 16.2 8.8 0 0 14 27.4 122 111 12.3 11.4
"8" "8" 1999-02-18 35.56 "IND" "" "PHI" "W" 4 1 24.2 0.538 0.538 0 0 0 19 4.6 0 7.1 27.3 112 110 9.3 7.4
"9" "9" 1999-02-20 35.56 "IND" "@" "MIL" "W" 2 1 27.3333333333333 0.654 0.667 0 26.7 13.7 20.6 4.5 0 0 13.3 143 92 10.7 9.7
"10" "10" 1999-02-21 35.56 "IND" "" "NJN" "W" 1 1 28.3 0.756 0.731 0 25.1 11.8 36 3.9 2.8 17.8 28 120 83 17.5 20.1
"11" "11" 1999-02-24 35.57 "IND" "" "TOR" "W" 20 1 23.9833333333333 0.508 0.5 0 14.8 9.2 38.9 4.8 0 11.3 18.9 119 94 10.2 10.8
"12" "12" 1999-02-25 35.58 "IND" "@" "CLE" "W" 7 1 29.3833333333333 0.765 0.8 0 15.8 8.5 6.4 6.1 2.7 25.4 13.9 102 80 8.7 8.7
"13" "13" 1999-02-26 35.58 "IND" "@" "ORL" "L" -3 1 18.7833333333333 0.507 0.5 0 11.2 5.9 9.4 0 3.4 0 23.5 106 112 5.4 3.6
"14" "14" 1999-03-02 35.59 "IND" "" "DEN" "W" 7 1 26.6833333333333 1.066 1.063 3.9 13.2 8.3 10.3 4.4 0 19.2 17.8 161 92 15.5 21.1
"15" "15" 1999-03-03 35.59 "IND" "@" "WAS" "W" 11 1 19.6 0.5 0.5 7.5 22.9 16.2 0 0 0 16.7 14.5 92 108 2.8 -5.8
"16" "16" 1999-03-05 35.6 "IND" "" "GSW" "L" -19 1 20.4 0.63 0.333 5.6 6.3 5.9 33.6 2.9 0 17.4 13.8 135 122 7.7 5.3
"17" "17" 1999-03-07 35.6 "IND" "" "MIA" "W" 13 1 25.2833333333333 0.461 0.375 0 14.8 7.1 21.1 0 0 0 20.9 109 96 6.4 0.8
"18" "18" 1999-03-10 35.61 "IND" "" "NJN" "W" 11 1 24.55 0.79 0.722 4.4 14.6 9.3 25 6.7 6.3 21.8 25.4 128 78 17 22.4
"19" "19" 1999-03-12 35.62 "IND" "" "MIL" "W" 5 1 28.4 0.902 0.833 0 17.1 9.5 4.4 3.9 0 20.5 8.5 145 113 8.2 3.6
"20" "20" 1999-03-14 35.62 "IND" "" "BOS" "W" 3 1 24.7333333333333 0.917 0.917 0 9.6 4.7 21.9 2.2 0 14.3 13.1 156 108 10.3 11.7
"21" "21" 1999-03-16 35.63 "IND" "" "ATL" "L" -6 1 28.7166666666667 0.51 0.5 3.2 7 5 17.3 1.9 0 25.4 12.7 90 100 4.1 -1.6
"22" "22" 1999-03-17 35.63 "IND" "@" "PHI" "L" -4 1 30.6 0.75 0.75 5.2 21.4 13.1 5 1.8 2.3 25 25.3 107 131 11.5 2.3
"23" "23" 1999-03-19 35.64 "IND" "" "CHI" "W" 9 1 22.6833333333333 0.389 0.389 5.6 17.4 11.4 0 0 0 0 18.4 99 105 2.3 -6.5
"24" "24" 1999-03-20 35.64 "IND" "@" "MIA" "W" 5 1 28.35 0.824 0.778 0 38.1 20.4 6.9 0 0 8.8 20.4 147 98 15 10.2
"25" "25" 1999-03-22 35.64 "IND" "" "WAS" "W" 4 1 28.75 0.487 0.409 0 20.7 9.4 13 5.6 0 0 20 111 89 11.4 8.7
"26" "26" 1999-03-24 35.65 "IND" "@" "ATL" "L" -1 1 23.5333333333333 0.546 0.417 0 11.1 4.7 5.9 9 0 0 13.4 132 103 9.1 8.7
"27" "27" 1999-03-26 35.65 "IND" "@" "NJN" "W" 9 1 22.5666666666667 0.5 0.5 0 3.7 2.1 5.8 2.2 0 20 9.8 86 104 1.4 -5.8
"28" "28" 1999-03-28 35.66 "IND" "@" "BOS" "W" 8 1 23.75 0.81 0.778 0 0 0 24 2.2 0 23.3 25.5 122 106 10.6 6.7
"29" "29" 1999-03-29 35.66 "IND" "" "ATL" "L" -1 1 30.2166666666667 0.689 0.65 3.9 21.6 12.3 6.6 0 2.8 8.4 19.9 136 103 12.2 10.1
"30" "30" 1999-03-30 35.67 "IND" "@" "NYK" "L" -1 1 20.5666666666667 0.658 0.611 11.1 15.2 12.9 0 0 0 9.2 25.4 124 116 8.1 6
"31" "31" 1999-04-01 35.67 "IND" "@" "TOR" "L" -1 1 31.3666666666667 0.506 0.5 6.6 10.1 8.3 10.4 0 0 0 14.4 124 107 7.8 0.5
"32" "32" 1999-04-02 35.67 "IND" "@" "CHH" "W" 6 1 15.5166666666667 0.5 0.5 0 23.1 12.7 11.5 0 0 50 13 51 96 -0.6 -12
"33" "33" 1999-04-04 35.68 "IND" "" "NYK" "W" 13 1 33.2166666666667 0.718 0.7 0 16.2 9.1 4.4 0 0 16.1 18.4 120 114 9.4 -0.9
"34" "34" 1999-04-05 35.68 "IND" "@" "DET" "W" 2 1 30.4166666666667 0.291 0.25 0 4 2.1 5.4 0 0 22.5 15.7 53 117 -1.2 -12.5
"35" "35" 1999-04-07 35.69 "IND" "@" "CHI" "W" 17 1 18.0333333333333 0.727 0.667 0 13 6.8 7.7 0 0 0 9 149 88 4.2 0.3
"36" "36" 1999-04-09 35.69 "IND" "" "DET" "L" -1 1 26.8333333333333 0.595 0.5 0 13.2 6.2 23.4 4.2 0 14.5 12.7 128 118 7.9 3.7
"37" "37" 1999-04-10 35.7 "IND" "" "CHH" "L" -2 1 27.1166666666667 0.429 0.429 4 15.5 9.8 0 0 5.9 0 12.3 91 99 5.2 2.7
"38" "38" 1999-04-12 35.7 "IND" "@" "TOR" "W" 10 1 20.3333333333333 0.455 0.455 0 17.8 10.7 0 2.8 5.6 8.3 27.6 89 104 6.1 1.3
"39" "39" 1999-04-14 35.71 "IND" "" "ORL" "W" 3 1 16.8333333333333 0.461 0.313 6.4 27.7 17.8 12.6 6.6 0 23.5 36.2 84 77 4.5 0.4
"40" "40" 1999-04-16 35.71 "IND" "@" "PHI" "L" -10 1 18.6333333333333 0.5 0.5 6.3 0 2.8 0 5.7 0 0 7.8 110 103 3.2 0.9
"41" "41" 1999-04-18 35.72 "IND" "@" "MIA" "L" -4 1 20.2333333333333 0.313 0.313 0 5.9 2.9 9.2 0 0 11.1 22.8 67 120 -0.2 -11
"42" "42" 1999-04-19 35.72 "IND" "@" "BOS" "W" 16 1 21.8333333333333 0.671 0.577 5 5.3 5.1 7.1 2.4 0 11.3 36 128 118 13.8 5.5
"43" "43" 1999-04-21 35.73 "IND" "" "MIL" "W" 8 1 19.75 0.5 0.5 0 11 5.8 15.6 2.6 0 22.2 21.3 81 99 3.1 -3.8
"44" "44" 1999-04-24 35.73 "IND" "" "CHI" "W" 18 1 22.05 0.652 0.625 4.8 21 13.5 0 0 0 26.2 25 92 81 5.8 0
"45" "45" 1999-04-25 35.74 "IND" "@" "NJN" "L" -22 1 14.4833333333333 0.515 0.333 0 11.1 5.1 22.4 4.1 0 20.5 16.9 109 136 2.8 -1.4
"46" "46" 1999-04-27 35.74 "IND" "" "ORL" "L" -1 1 15.55 0.5 0.5 12.8 0 8.1 0 3.9 0 10 30.7 104 112 5.7 5.2
"47" "47" 1999-04-29 35.75 "IND" "" "CHH" "W" 5 1 15.7 0.712 0.7 6 0 3.3 0 0 0 0 17.1 155 116 6.6 5.6
"48" "48" 1999-04-30 35.75 "IND" "@" "ATL" "W" 2 1 16.2 0.512 0.375 0 14.4 7.7 10.1 3.8 0 0 16.1 121 99 4.5 4.3
"49" "49" 1999-05-02 35.76 "IND" "" "NYK" "W" 23 1 20.55 0.842 0.818 0 8.6 5.1 10.9 0 2.8 0 30.1 162 95 15.9 23.9
"50" "50" 1999-05-04 35.76 "IND" "" "CLE" "W" 22 1 16.7666666666667 1.5 1.5 0 0 0 8.5 0 0 0 3 268 114 2.2 -3
"1" "1" 1999-11-02 36.26 "IND" "@" "NJN" "W" 7 0 11.5666666666667 0.625 0.625 0 0 0 13.8 7.8 0 20 16.5 110 102 4.3 10.2
"2" "2" 1999-11-04 36.27 "IND" "@" "CHH" "L" -9 0 23.45 0.512 0.375 0 4 2.5 19.6 0 0 45 16.6 68 101 -0.6 -6.3
"3" "3" 1999-11-06 36.27 "IND" "" "BOS" "W" 7 0 15.15 0.781 0.625 0 0 0 0 3.4 0 0 17.3 171 114 7.6 8.4
"4" "4" 1999-11-09 36.28 "IND" "@" "MIA" "L" -12 0 6.46666666666667 0 0 0 0 0 0 0 0 0 13.4 0 121 -1.4 -16.6
"5" "5" 1999-11-11 36.28 "IND" "" "ORL" "W" 15 0 6.58333333333333 0.667 0.667 0 0 0 24.2 0 0 0 19.7 141 113 3.4 4.1
"6" "6" 1999-11-13 36.29 "IND" "" "WAS" "W" 22 0 4.76666666666667 0 0 0 0 0 0 0 0 0 9 0 101 -0.7 -14.4
"7" "7" 1999-11-15 36.3 "IND" "@" "HOU" "W" 9 0 10.5833333333333 0 0 10.4 21.8 16 14.5 5.1 0 0 27.2 22 85 -2 -16.9
"8" "8" 1999-11-16 36.3 "IND" "@" "SAS" "L" -3 0 0.0333333333333333 NA NA 0 0 0 0 0 0 NA 0 0 100 0 -4.6
"9" "" 1999-11-19 36.31 "IND" "" "ATL" "L" -6 NA NA NA NA NA NA NA NA NA NA NA NA NA NA NA NA
"10" "" 1999-11-20 36.31 "IND" "@" "CLE" "W" 9 NA NA NA NA NA NA NA NA NA NA NA NA NA NA NA NA
"11" "9" 1999-11-22 36.32 "IND" "@" "BOS" "L" -10 0 3.95 0.3 0.3 0 0 0 0 0 0 0 56.3 65 113 -0.5 -11.9
"12" "" 1999-11-25 36.32 "IND" "" "DET" "L" -8 NA NA NA NA NA NA NA NA NA NA NA NA NA NA NA NA
"13" "10" 1999-11-26 36.33 "IND" "" "VAN" "W" 19 0 17.5666666666667 1.025 1 0 20 11 7.8 3 0 17 15.3 162 94 9.6 13.4
"14" "11" 1999-11-28 36.33 "IND" "@" "SEA" "L" -11 0 24 0.607 0.556 3.7 27.9 14.4 8.3 2.1 0 0 17.1 135 100 10.7 8.5
"15" "" 1999-11-29 36.33 "IND" "@" "POR" "W" 2 NA NA NA NA NA NA NA NA NA NA NA NA NA NA NA NA
"16" "12" 1999-12-01 36.34 "IND" "@" "VAN" "W" 7 0 8.53333333333333 0.333 0.333 0 13 6.4 18.6 0 0 0 15.9 83 106 1.3 -5.4
"17" "" 1999-12-03 36.35 "IND" "@" "UTA" "W" 25 NA NA NA NA NA NA NA NA NA NA NA NA NA NA NA NA
"18" "" 1999-12-07 36.36 "IND" "" "SAS" "W" 6 NA NA NA NA NA NA NA NA NA NA NA NA NA NA NA NA
"19" "13" 1999-12-10 36.36 "IND" "" "CLE" "W" 48 0 13.8333333333333 1 1 0 10.4 6.9 8.9 0 3.7 20 15 145 90 6.6 9.4
"20" "" 1999-12-11 36.37 "IND" "" "LAC" "W" 18 NA NA NA NA NA NA NA NA NA NA NA NA NA NA NA NA
"21" "14" 1999-12-14 36.38 "IND" "@" "TOR" "L" -8 0 6.65 0.667 0.667 0 14.6 8.1 0 7.4 8.6 0 19.8 128 96 4.3 18.1
"22" "15" 1999-12-15 36.38 "IND" "" "CHI" "W" 11 0 10.5333333333333 0 0 0 26.7 12.5 0 0 13.2 0 9.3 0 91 0.2 -5.6
"23" "" 1999-12-17 36.38 "IND" "" "UTA" "W" 15 NA NA NA NA NA NA NA NA NA NA NA NA NA NA NA NA
"24" "" 1999-12-18 36.39 "IND" "@" "MIL" "L" -14 NA NA NA NA NA NA NA NA NA NA NA NA NA NA NA NA
"25" "" 1999-12-21 36.39 "IND" "" "SEA" "W" 10 NA NA NA NA NA NA NA NA NA NA NA NA NA NA NA NA
"26" "16" 1999-12-25 36.41 "IND" "" "NYK" "W" 11 0 12 0.84 0.833 8.9 11.1 9.9 0 0 0 0 18.6 175 102 6.1 9.1
"27" "17" 1999-12-27 36.41 "IND" "@" "CHI" "W" 12 0 6.8 0.338 0.25 17.6 0 8.1 20.7 7.9 0 0 31.6 95 98 3 3.6
"28" "18" 1999-12-29 36.42 "IND" "@" "ATL" "W" 27 0 7.03333333333333 0 0 0 14 7.7 0 0 0 0 6.2 0 97 -0.4 -11.8
"29" "19" 1999-12-30 36.42 "IND" "" "CHH" "W" 10 0 4.18333333333333 1.5 1.5 0 0 0 0 0 0 50 22.7 59 110 1.7 7.6
"30" "" 2000-01-04 36.43 "IND" "" "NJN" "W" 5 NA NA NA NA NA NA NA NA NA NA NA NA NA NA NA NA
"31" "20" 2000-01-06 36.44 "IND" "@" "DEN" "W" 15 0 13.8333333333333 1.5 1.5 0 21.9 12.1 9.9 7.8 4.9 0 3.5 276 80 6.2 17.6
"32" "21" 2000-01-08 36.44 "IND" "@" "LAC" "L" -13 0 8.96666666666667 0.375 0.375 0 0 0 0 0 0 0 20.2 85 119 -0.6 -11.4
"33" "" 2000-01-09 36.45 "IND" "@" "SAC" "L" -3 NA NA NA NA NA NA NA NA NA NA NA NA NA NA NA NA
"34" "22" 2000-01-12 36.45 "IND" "" "WAS" "W" 15 0 16.4166666666667 0.935 0.9 0 12.5 6.5 8.8 0 3.7 0 15.6 183 108 9.5 12.7
"35" "23" 2000-01-14 36.46 "IND" "" "LAL" "W" 9 0 12.1166666666667 0.827 0.8 0 16 8.9 14.3 0 0 15.5 24 139 114 6.2 9.4
"36" "24" 2000-01-15 36.46 "IND" "@" "ORL" "W" 7 0 18.2666666666667 0.643 0.643 0 15.7 8.4 0 0 3.2 0 18.1 133 98 6.9 10.5
"37" "25" 2000-01-17 36.47 "IND" "@" "MIN" "L" -1 0 15.65 0.357 0.357 8.1 12.8 10.7 20.7 3.4 0 0 20.8 95 110 4.2 1.3
"38" "26" 2000-01-19 36.47 "IND" "" "MIL" "W" 22 0 8.26666666666667 1.5 1.5 0 25.5 13.5 0 0 0 0 5.7 300 88 2.9 8.5
"39" "27" 2000-01-21 36.48 "IND" "@" "WAS" "L" -10 0 15.9166666666667 NA NA 7.1 0 4.3 7.5 0 3.6 100 5.5 44 139 -0.7 -11.9
"40" "28" 2000-01-22 36.48 "IND" "@" "PHI" "L" -6 0 9.83333333333333 0.75 0.75 0 25.3 11.9 0 0 0 33.3 13.6 82 110 0.8 -5.8
"41" "" 2000-01-24 36.49 "IND" "@" "CHI" "L" -1 NA NA NA NA NA NA NA NA NA NA NA NA NA NA NA NA
"42" "" 2000-01-25 36.49 "IND" "" "PHO" "W" 6 NA NA NA NA NA NA NA NA NA NA NA NA NA NA NA NA
"43" "29" 2000-01-29 36.5 "IND" "" "MIA" "W" 10 0 4.11666666666667 0 0 0 28.6 13.8 0 0 0 0 12.6 0 98 -0.4 -15.5
"44" "30" 2000-02-01 36.51 "IND" "" "BOS" "W" 3 0 12.1833333333333 0.333 0.333 10.3 0 4.5 12.5 4.3 0 0 12.1 97 103 2.3 -0.9
"45" "31" 2000-02-04 36.52 "IND" "" "SAC" "W" 10 0 14.8 0.563 0.625 0 5.9 3.3 10.1 3.2 0 0 12.6 115 93 4.2 5.4
"46" "32" 2000-02-05 36.52 "IND" "@" "ORL" "L" -5 0 8.6 0.357 0.357 13 0 5.8 0 10.3 0 12.5 36.6 71 90 1.8 -0.1
"47" "" 2000-02-07 36.53 "IND" "" "PHI" "W" 25 NA NA NA NA NA NA NA NA NA NA NA NA NA NA NA NA
"48" "" 2000-02-09 36.53 "IND" "@" "BOS" "W" 9 NA NA NA NA NA NA NA NA NA NA NA NA NA NA NA NA
"49" "" 2000-02-16 36.55 "IND" "" "TOR" "W" 8 NA NA NA NA NA NA NA NA NA NA NA NA NA NA NA NA
"50" "" 2000-02-17 36.55 "IND" "@" "MIL" "W" 2 NA NA NA NA NA NA NA NA NA NA NA NA NA NA NA NA
"51" "33" 2000-02-19 36.56 "IND" "@" "NYK" "L" -14 0 12 0.451 0.25 8 0 4.7 0 0 0 0 31 110 110 3.5 3.6
"52" "" 2000-02-21 36.56 "IND" "" "DAL" "W" 1 NA NA NA NA NA NA NA NA NA NA NA NA NA NA NA NA
"53" "" 2000-02-23 36.57 "IND" "@" "DET" "W" 7 NA NA NA NA NA NA NA NA NA NA NA NA NA NA NA NA
"54" "" 2000-02-24 36.57 "IND" "" "CHI" "W" 17 NA NA NA NA NA NA NA NA NA NA NA NA NA NA NA NA
"55" "34" 2000-02-26 36.58 "IND" "" "GSW" "W" 16 0 6.8 0.727 0.833 0 13.4 7 30.8 7.1 0 22.5 28.2 100 83 4.3 15.6
"56" "35" 2000-02-29 36.59 "IND" "" "DET" "W" 10 0 0.85 0 0 0 0 0 0 0 0 0 43.9 0 122 -0.7 -57.6
"57" "36" 2000-03-02 36.59 "IND" "@" "PHO" "L" -31 0 6.11666666666667 0.521 0.25 0 17 8.7 0 0 0 14.8 51.5 97 127 2.9 -5
"58" "" 2000-03-03 36.59 "IND" "@" "LAL" "L" -15 NA NA NA NA NA NA NA NA NA NA NA NA NA NA NA NA
"59" "37" 2000-03-05 36.6 "IND" "@" "GSW" "W" 19 0 24.3833333333333 0.638 0.55 0 4.7 2.1 18.2 7.8 0 0 19.3 148 88 15.6 14.1
"60" "" 2000-03-07 36.61 "IND" "" "DEN" "W" 1 NA NA NA NA NA NA NA NA NA NA NA NA NA NA NA NA
"61" "38" 2000-03-09 36.61 "IND" "" "POR" "W" 8 1 25.4333333333333 0.672 0.55 13.6 13.9 13.7 6.6 2 2.9 28.3 30.7 106 114 11.2 2.4
"62" "" 2000-03-12 36.62 "IND" "" "MIA" "L" -9 NA NA NA NA NA NA NA NA NA NA NA NA NA NA NA NA
"63" "39" 2000-03-14 36.62 "IND" "@" "DAL" "L" -21 0 10.45 0.425 0.3 0 20.9 9.4 0 0 0 0 22.6 107 115 2.5 -0.7
"64" "40" 2000-03-15 36.63 "IND" "@" "ATL" "W" 6 0 9.33333333333333 0 0 0 35.6 19.3 0 0 0 0 10.4 0 110 -0.9 -15.3
"65" "41" 2000-04-07 36.69 "IND" "" "CLE" "W" 1 0 7.06666666666667 0.5 0.5 16.3 0 7.9 0 0 0 50 26.7 57 113 -1.1 -21.7
"66" "42" 2000-04-09 36.7 "IND" "@" "CHH" "L" -16 0 17.75 0.8 0.8 0 18.6 8.4 11.6 0 0 0 13.2 146 110 6.1 7.6
"67" "43" 2000-04-10 36.7 "IND" "@" "NYK" "L" -2 0 12.1 0.901 1 0 9.8 4.8 50 0 0 0 18.2 173 98 6.9 20.8
"68" "44" 2000-04-12 36.7 "IND" "" "TOR" "W" 4 0 9.36666666666667 0 0 0 0 0 18.4 0 0 0 5.6 40 97 -0.8 -9
"69" "" 2000-04-14 36.71 "IND" "@" "MIA" "W" 4 NA NA NA NA NA NA NA NA NA NA NA NA NA NA NA NA
"70" "45" 2000-04-16 36.72 "IND" "@" "DET" "W" 11 0 23.2666666666667 1 1 0 5.1 2.9 22.7 4.5 0 20 10.2 157 108 10.1 11.8
"71" "46" 2000-04-17 36.72 "IND" "@" "PHI" "W" 2 1 38.2333333333333 0.808 0.808 3.2 11.2 7.4 9.1 2.9 0 27.8 22.7 108 102 13.8 6.2
"72" "47" 2000-04-19 36.72 "IND" "" "ATL" "W" 19 0 25.8833333333333 0.429 0.429 0 13.2 7.5 14.4 5.6 0 0 11.3 107 87 8.2 4.1
"1" "1" 2000-11-12 37.29 "GSW" "" "ORL" "L" -6 0 17.6166666666667 0.417 0.417 7.5 6 6.7 0 0 0 25 19.4 69 107 0.6 -8
"2" "2" 2000-11-14 37.29 "GSW" "@" "CLE" "L" -10 1 27.5 0.514 0.4 3.1 20.9 10.7 0 1.8 0 7.3 21 103 101 7 -3.5
"3" "3" 2000-11-15 37.3 "GSW" "@" "MIN" "L" -2 0 37.5 0.542 0.462 0 3.4 1.4 4.6 2.6 0 11.9 19.1 99 102 9.1 -3.3
"4" "4" 2000-11-17 37.3 "GSW" "@" "IND" "W" 2 0 13.7833333333333 0.515 0.333 0 7.1 3.8 44.9 4 4.6 34 19.2 92 101 4.7 7.4
"5" "5" 2000-11-19 37.31 "GSW" "@" "NYK" "L" -17 0 13.9833333333333 0.125 0.125 7.3 0 4.1 0 0 0 20 33.5 27 115 -4.5 -27
"6" "" 2000-11-21 37.31 "GSW" "" "CHI" "W" 12 NA NA NA NA NA NA NA NA NA NA NA NA NA NA NA NA
"7" "6" 2000-11-22 37.32 "GSW" "@" "LAL" "L" -20 0 19.5166666666667 0.82 0.75 0 21.8 8.3 0 0 0 0 9.7 177 115 6.5 2.9
"8" "7" 2000-11-24 37.32 "GSW" "@" "PHO" "L" -6 0 6.95 0 0 0 37.4 19.6 0 0 16.5 40 32.3 0 67 -2.2 -18.5
"9" "" 2000-11-25 37.32 "GSW" "" "MIN" "W" 21 NA NA NA NA NA NA NA NA NA NA NA NA NA NA NA NA
"10" "" 2000-11-29 37.33 "GSW" "@" "LAC" "L" -23 NA NA NA NA NA NA NA NA NA NA NA NA NA NA NA NA
"11" "" 2000-11-30 37.34 "GSW" "" "IND" "W" 4 NA NA NA NA NA NA NA NA NA NA NA NA NA NA NA NA
"12" "" 2000-12-02 37.34 "GSW" "" "DAL" "L" -19 NA NA NA NA NA NA NA NA NA NA NA NA NA NA NA NA
"13" "" 2000-12-03 37.35 "GSW" "@" "SEA" "L" -16 NA NA NA NA NA NA NA NA NA NA NA NA NA NA NA NA
"14" "" 2001-01-08 37.44 "GSW" "@" "MIA" "L" -10 NA NA NA NA NA NA NA NA NA NA NA NA NA NA NA NA
"15" "8" 2001-01-11 37.45 "GSW" "@" "ATL" "L" -11 0 19.4833333333333 0.727 0.75 0 15.3 6.3 0 2.8 3.3 0 15.5 153 114 8.9 6.8
"16" "9" 2001-01-13 37.46 "GSW" "@" "ORL" "L" -17 0 20.45 0.512 0.5 0 8.7 4.9 15.9 2.5 3.1 17 13 95 110 4.9 0.9
"17" "10" 2001-01-15 37.46 "GSW" "" "CLE" "L" -6 1 30.25 0.658 0.611 7.3 4.4 6 0 3.4 2.4 9.2 16.3 125 111 10.9 3.3
"18" "11" 2001-01-18 37.47 "GSW" "" "HOU" "L" -8 1 15.8333333333333 NA NA 0 0 0 7.3 3.2 5.4 100 2.7 40 116 1 -2.7
"19" "12" 2001-01-19 37.47 "GSW" "@" "PHO" "W" 8 1 15.3833333333333 0.5 0.5 7.8 7.8 7.8 0 3.3 0 25 11.6 85 99 1.9 -3.8
"20" "13" 2001-01-21 37.48 "GSW" "" "BOS" "W" 3 1 25.8166666666667 0.592 0.563 13.8 8.4 11 36.3 3.8 6.5 10.6 15.5 130 90 13 15
"21" "14" 2001-01-23 37.48 "GSW" "@" "UTA" "L" -22 1 22.4166666666667 0.727 0.667 0 28.2 9.7 0 0 0 12.7 15.1 127 107 6.4 -0.2
"22" "15" 2001-01-24 37.49 "GSW" "" "NJN" "W" 22 1 24.0666666666667 0.478 0.333 0 0 0 17.1 4 0 0 12.5 125 91 7.3 2.9
"23" "16" 2001-01-26 37.49 "GSW" "" "SEA" "L" -2 1 14.9666666666667 0.3 0.3 0 0 0 0 3.2 0 16.7 16.7 51 109 -0.5 -13.5
"24" "" 2001-01-29 37.5 "GSW" "" "CHH" "L" -8 NA NA NA NA NA NA NA NA NA NA NA NA NA NA NA NA
"25" "17" 2001-01-30 37.5 "GSW" "@" "SAC" "L" -26 0 19.1333333333333 0.073 0 3.7 11 6.6 7.9 0 3.5 0 13.8 33 115 -1.3 -12.5
"26" "18" 2001-02-03 37.52 "GSW" "@" "DAL" "L" -6 0 12.9 0.5 0.5 0 8.8 4.2 0 0 0 16.7 20.1 82 110 0 -11.5
"27" "19" 2001-02-05 37.52 "GSW" "@" "SAS" "L" -24 0 7.78333333333333 0 0 0 0 0 18.8 0 0 0 5.7 43 127 0 -9
"28" "20" 2001-02-07 37.53 "GSW" "" "LAC" "W" 1 0 7.58333333333333 NA NA 0 27.3 11.9 17.1 6.6 0 NA 0 214 87 2.3 5.2
"29" "" 2001-02-13 37.54 "GSW" "" "PHO" "L" -10 NA NA NA NA NA NA NA NA NA NA NA NA NA NA NA NA
"30" "" 2001-02-15 37.55 "GSW" "@" "VAN" "L" -10 NA NA NA NA NA NA NA NA NA NA NA NA NA NA NA NA
"31" "" 2001-02-16 37.55 "GSW" "" "VAN" "L" -13 NA NA NA NA NA NA NA NA NA NA NA NA NA NA NA NA
"32" "" 2001-02-18 37.56 "GSW" "" "ATL" "L" -7 NA NA NA NA NA NA NA NA NA NA NA NA NA NA NA NA
"33" "" 2001-02-20 37.56 "GSW" "@" "TOR" "L" -11 NA NA NA NA NA NA NA NA NA NA NA NA NA NA NA NA
"34" "" 2001-02-22 37.57 "GSW" "@" "CHH" "L" -2 NA NA NA NA NA NA NA NA NA NA NA NA NA NA NA NA
"35" "" 2001-02-23 37.57 "GSW" "@" "MIN" "L" -39 NA NA NA NA NA NA NA NA NA NA NA NA NA NA NA NA
"36" "" 2001-02-25 37.58 "GSW" "@" "MIL" "L" -27 NA NA NA NA NA NA NA NA NA NA NA NA NA NA NA NA
"37" "" 2001-02-26 37.58 "GSW" "@" "CHI" "W" 6 NA NA NA NA NA NA NA NA NA NA NA NA NA NA NA NA
