"Rk" "G" "Date" "Age" "Tm" "H/A" "Opp" "W/L" "By Amt" "GS" "MP" "TS%" "eFG%" "ORB%" "DRB%" "TRB%" "AST%" "STL%" "BLK%" "TOV%" "USG%" "ORtg" "DRtg" "GmSc" "BPM"
"1" "1" 1991-11-01 25.35 "DEN" "" "GSW" "L" -3 1 37 0.383 0.3 16.8 26.5 21.2 8.1 0 5.5 7.8 25.7 99 106 13.5 -1.9
"2" "2" 1991-11-02 25.36 "DEN" "" "HOU" "W" 8 1 48 0.534 0.4 18.4 21.6 20 14.6 1.1 7 13.7 25.9 116 93 26.2 6.4
"3" "3" 1991-11-05 25.36 "DEN" "" "SAS" "W" 1 1 44 0.455 0.35 9.9 20.3 14.5 4.3 1 5.3 17.8 25.5 86 91 13.6 -3.2
"4" "4" 1991-11-07 25.37 "DEN" "" "MIN" "W" 11 1 42 0.38 0.357 14.9 28 21.7 8.7 1.2 1.5 17.9 23.5 81 80 9.9 -3.5
"5" "5" 1991-11-08 25.37 "DEN" "@" "LAC" "L" -24 1 36 0.537 0.533 20.1 28.6 23.9 5.3 2.6 1.6 32.3 25.5 83 98 12 -1.1
"6" "6" 1991-11-12 25.38 "DEN" "@" "POR" "L" -38 1 40 0.687 0.667 5 22.7 12.7 0 3.5 6.1 20.5 15 114 109 16 3.1
"7" "7" 1991-11-16 25.39 "DEN" "" "POR" "W" 11 1 38 0.575 0.538 10 29.1 19.7 3.4 0 5.3 16.1 20.9 109 108 13.5 -2.7
"8" "8" 1991-11-19 25.4 "DEN" "" "DAL" "L" -3 1 43 0.528 0.417 14.3 34.3 23.4 3.2 1.3 2.9 12.3 16.3 119 103 16.3 2.5
"9" "9" 1991-11-20 25.41 "DEN" "@" "PHO" "L" -16 1 38 0.615 0.5 9 23 16.2 12.2 1.3 5.1 22.6 23.4 110 107 16.7 5.4
"10" "10" 1991-11-22 25.41 "DEN" "@" "UTA" "L" -25 1 41 0.572 0.471 12.3 28.6 19.1 4.4 0 1.6 17 28.9 105 114 18.9 -0.4
"11" "11" 1991-11-23 25.41 "DEN" "" "CHI" "L" -7 1 44 0.501 0.444 7.1 15.2 11 8.6 2.3 2.5 8.3 23.4 106 108 16.5 2.9
"12" "12" 1991-11-26 25.42 "DEN" "" "CHH" "W" 6 1 45 0.581 0.533 12.9 29.9 23.7 14 0 4.6 21.7 22.2 105 91 19.5 3.3
"13" "13" 1991-11-27 25.42 "DEN" "@" "MIN" "L" -9 1 42 0.451 0.409 11.6 35.9 20.7 4.1 0 0 10.5 26.6 101 109 13.2 -3.6
"14" "14" 1991-11-29 25.43 "DEN" "" "SEA" "W" 11 1 41 0.61 0.615 9.2 25.7 16.5 12.3 1.2 12.8 16.9 16.5 116 84 19.8 6.9
"15" "15" 1991-11-30 25.43 "DEN" "" "NJN" "W" 10 1 33 0.564 0.583 13.9 24.7 20.2 4.7 1.5 4.9 16.6 24 106 89 14.4 0.2
"16" "16" 1991-12-03 25.44 "DEN" "@" "HOU" "W" 10 1 41 0.579 0.556 3.3 20.8 13 12 0 6.9 33.2 19.9 86 102 10 -3.1
"17" "17" 1991-12-06 25.45 "DEN" "" "LAC" "L" -2 1 41 0.509 0.545 11 19.4 14.9 18.9 0 1.8 35.4 21.1 81 107 6.7 -4.5
"18" "18" 1991-12-09 25.46 "DEN" "@" "BOS" "L" -38 1 36 0.55 0.5 12.1 23.3 16.8 4.7 1.3 2.9 0 21 128 124 19.7 3.5
"19" "19" 1991-12-11 25.46 "DEN" "@" "PHI" "W" 10 1 43 0.523 0.467 13.3 18.2 15.9 9.8 0 5.8 10.4 19.9 117 96 17.1 2.2
"20" "20" 1991-12-12 25.47 "DEN" "@" "NJN" "L" -40 1 31 0.342 0.417 18.1 24.8 21.1 6.4 0 4.9 25.5 23.7 64 114 5.1 -7.2
"21" "21" 1991-12-14 25.47 "DEN" "@" "IND" "L" -21 1 41 0.614 0.533 13 23.4 17.4 7.4 0 4.8 24.9 27 103 126 19 -2.6
"22" "22" 1991-12-16 25.48 "DEN" "@" "DET" "L" -14 1 42 0.661 0.571 10.2 23.4 16.7 7.9 0 1.4 23.1 23.3 110 113 16.4 0.2
"23" "23" 1991-12-18 25.48 "DEN" "" "PHO" "W" 14 1 36 0.615 0.556 5 24 14.2 11.2 0 1.5 8.3 24.7 128 103 21.3 5.7
"24" "24" 1991-12-19 25.48 "DEN" "@" "SEA" "L" -13 1 30 0.414 0.4 12 11.4 11.7 16.6 1.6 0 42.4 25.7 65 120 0.4 -13.8
"25" "25" 1991-12-21 25.49 "DEN" "" "WSB" "L" -15 1 41 0.645 0.571 5.6 30.5 18.6 6.4 2.3 4.1 9 11.4 130 104 16.4 3.8
"26" "26" 1991-12-26 25.5 "DEN" "" "GSW" "L" -10 1 42 0.497 0.417 21 35.4 27.6 0 1.2 3.2 6.2 15 131 112 18.2 0.1
"27" "27" 1991-12-28 25.51 "DEN" "" "BOS" "W" 7 1 35 0.484 0.538 17.5 26.9 22 10 1.4 6.5 10.8 22.1 103 83 16.4 5.4
"28" "28" 1991-12-30 25.52 "DEN" "" "PHI" "W" 16 1 40 0.662 0.647 20 22.5 21.3 7.3 0 5.9 16.9 23.6 125 96 25.4 8.1
"29" "29" 1992-01-02 25.52 "DEN" "@" "GSW" "L" -14 1 45 0.788 0.786 19.4 24 21.9 6.4 0 2.8 27.6 22.4 118 120 23.5 1.7
"30" "30" 1992-01-04 25.53 "DEN" "" "ORL" "W" 2 1 37 0.431 0.364 0 22.1 10.8 5 1.4 7.2 13.6 18.9 80 94 6.7 -3.6
"31" "31" 1992-01-07 25.54 "DEN" "" "SEA" "L" -7 1 41 0.705 0.615 8.6 30.1 18.5 8.5 1.2 5.3 20.7 25.6 119 105 22.6 6.6
"32" "32" 1992-01-08 25.54 "DEN" "@" "PHO" "L" -21 1 37 0.615 0.625 8.3 17.5 12.4 7.6 1.2 1.5 17 23.9 109 122 15.9 0.1
"33" "33" 1992-01-10 25.55 "DEN" "@" "LAL" "L" -14 1 44 0.51 0.533 10.7 32.4 19.8 23.7 0 4.3 14.5 18.9 106 107 18.7 3.6
"34" "34" 1992-01-11 25.55 "DEN" "" "SAS" "L" -11 1 39 0.44 0.364 6.5 18.9 12.8 9.1 0 0 12.8 19.5 90 109 5.7 -7
"35" "35" 1992-01-13 25.55 "DEN" "" "SAC" "W" 2 1 44 0.637 0.583 7.6 20.3 14 20.2 1.1 7.3 10.4 18 131 105 24.4 6.9
"36" "36" 1992-01-14 25.56 "DEN" "@" "HOU" "L" -17 1 40 0.519 0.429 9.5 9 9.2 16.9 3.6 1.6 38.4 16.2 82 109 7.7 -3.4
"37" "37" 1992-01-16 25.56 "DEN" "@" "DAL" "W" 11 1 44 0.726 0.857 7.6 23.5 16.2 13.4 0 5.7 17.2 11.4 126 95 18.5 5.3
"38" "38" 1992-01-19 25.57 "DEN" "" "ATL" "L" -26 1 34 0.614 0.615 12.4 13.1 12.7 5.1 1.4 3.3 9.7 23.7 124 118 18.9 5.4
"39" "39" 1992-01-21 25.58 "DEN" "@" "SAC" "L" -9 1 41 0.385 0.316 17.9 39 25 9 0 3.4 12 23.7 92 99 13.2 -2.4
"40" "40" 1992-01-23 25.58 "DEN" "" "UTA" "W" 4 1 36 0.477 0.364 21.2 15.2 18.2 7.3 0 1.7 22.7 19.5 103 117 9 -6.6
"41" "41" 1992-01-25 25.59 "DEN" "" "MIL" "W" 7 1 38 0.517 0.625 8.9 30.7 20.1 11.9 0 8.3 32 17.1 78 90 9.4 -2
"42" "42" 1992-01-30 25.6 "DEN" "" "LAL" "L" -10 1 40 0.573 0.471 21.6 23.3 22.3 12.2 0 1.6 16.6 23.7 117 109 20.3 3.6
"43" "43" 1992-01-31 25.6 "DEN" "@" "GSW" "L" -21 1 35 0.432 0.5 14.4 21.1 17.6 4 1.2 10 33.1 24.4 66 105 8.6 -6.1
"44" "44" 1992-02-02 25.61 "DEN" "" "IND" "L" -6 1 40 0.614 0.556 4.1 15 9.1 3.2 1.2 1.9 17.8 18 109 129 10.1 -5.8
"45" "45" 1992-02-03 25.61 "DEN" "@" "MIN" "L" -15 1 45 0.645 0.571 25.7 25.1 25.5 18.4 1.2 2.7 6.2 28.6 148 124 40.2 15
"46" "46" 1992-02-06 25.62 "DEN" "@" "MIL" "L" -9 1 42 0.648 0.625 9.5 25.4 17.2 3.7 0 8.6 16.1 24.4 118 107 24.1 6.8
"47" "47" 1992-02-11 25.63 "DEN" "@" "POR" "L" -9 1 31 0.554 0.4 6.6 20.4 12.8 12.6 0 8.8 19.2 19.9 106 115 11.4 -0.4
"48" "48" 1992-02-12 25.64 "DEN" "" "CLE" "W" 6 1 44 0.501 0.444 8.2 13.2 10.8 2.8 1.1 6.3 12 21.4 107 101 16.5 -0.7
"49" "49" 1992-02-14 25.64 "DEN" "" "DAL" "W" 20 1 39 0.61 0.615 9.3 34.8 22.1 10.8 0 7.1 6.3 16.2 127 76 22.4 7.5
"50" "50" 1992-02-15 25.64 "DEN" "@" "UTA" "L" -13 1 37 0.556 0.556 13.8 20.8 17.4 11.6 0 3.2 18.2 12.4 113 110 12.3 1.3
"51" "51" 1992-02-19 25.65 "DEN" "@" "CHH" "L" -2 1 41 0.687 0.667 11.4 22.8 17.1 15 0 8.2 34 16.9 103 101 16.6 2.5
"52" "52" 1992-02-21 25.66 "DEN" "@" "WSB" "W" 7 1 39 0.465 0.385 18.6 14.8 16.3 19.5 0 5.8 9.9 23 113 104 16.6 1
"53" "53" 1992-02-22 25.66 "DEN" "@" "NYK" "L" -11 1 41 0.507 0.467 17.4 20.5 18.8 4.2 1.3 0 23 23.2 92 107 10.6 -6.2
"54" "54" 1992-02-24 25.67 "DEN" "@" "ATL" "L" -22 1 33 0.468 0.4 10.8 29.1 18.6 4 0 9.3 7.8 15.4 109 113 11.6 -3.3
"55" "55" 1992-02-26 25.67 "DEN" "" "MIA" "L" -7 1 43 0.406 0.455 8.6 19 13.5 10.7 2.2 4.4 7.5 12.5 97 101 12.3 -0.1
"56" "56" 1992-02-28 25.68 "DEN" "" "HOU" "L" -3 1 46 0.684 0.571 17.4 19.2 18.2 3.5 0 3.2 31.3 14.9 109 101 14.5 0.3
"57" "57" 1992-02-29 25.68 "DEN" "@" "SAS" "L" -3 1 33 0.363 0.429 5.9 16.5 10.9 18.8 1.4 8.9 17.2 13.5 84 103 8.2 1.5
"58" "58" 1992-03-03 25.69 "DEN" "@" "SEA" "L" -19 1 34 0.788 0.833 16.8 11.1 14.1 4.4 1.4 5.6 24 15.4 126 113 15.6 4.1
"59" "59" 1992-03-04 25.69 "DEN" "" "POR" "L" -29 1 29 0.38 0.143 9.9 33.1 18.6 15.8 0 2.2 43.2 24.2 59 122 -0.6 -13.6
"60" "60" 1992-03-06 25.7 "DEN" "" "DET" "L" -15 1 13 0.515 0.333 6.4 54.3 24.1 0 0 0 20.5 15 101 110 3.1 -5.8
"61" "61" 1992-03-08 25.7 "DEN" "" "UTA" "L" -24 1 32 0 0 6.8 25 15.7 3.9 0 10.6 50 8.3 25 113 1.3 -10.4
"62" "62" 1992-03-10 25.71 "DEN" "@" "ORL" "W" 7 1 42 0.514 0.5 7.3 15.4 10.9 3.8 0 16.6 24 16.3 89 83 12.5 1.6
"63" "63" 1992-03-13 25.72 "DEN" "@" "MIA" "L" -4 1 32 0.697 0.625 2.8 10.5 6.3 12.7 0 5.9 24.4 14.2 116 110 10.2 0.4
"64" "64" 1992-03-15 25.72 "DEN" "@" "CLE" "L" -9 1 29 0.26 0.25 6.4 13.8 9.9 0 1.7 4.4 25.8 10.8 51 100 0.8 -8.8
"65" "65" 1992-03-17 25.73 "DEN" "" "SAC" "W" 18 1 36 0.644 0.545 24.8 22.2 23.5 0 1.3 8.9 13.2 17.1 136 95 21.9 4.5
"66" "66" 1992-03-19 25.73 "DEN" "@" "UTA" "L" -15 1 29 0.285 0.286 11.3 11.8 11.5 4.3 0 4.2 31.3 18 55 121 -0.8 -14.3
"67" "67" 1992-03-21 25.74 "DEN" "" "LAC" "L" -27 1 28 0.347 0.333 11.2 20.2 15 0 0 2.2 25.8 16.6 63 111 0.4 -10.9
"68" "68" 1992-03-23 25.75 "DEN" "@" "MIN" "W" 5 1 40 0.512 0.462 2.4 27.4 15.7 11.7 2.5 6.3 11.3 18 103 85 17.1 4.6
"69" "69" 1992-03-24 25.75 "DEN" "@" "CHI" "L" -13 1 37 0.589 0.545 7.2 25.4 17.9 7.2 1.3 6 37.1 21.5 79 108 9.7 -3.6
"70" "70" 1992-03-26 25.75 "DEN" "" "NYK" "L" -2 1 41 0.571 0.429 9.4 18.6 13.7 6.4 1.2 3.1 23.7 12.3 107 107 10.6 -2.8
"71" "71" 1992-03-28 25.76 "DEN" "" "PHO" "L" -20 1 34 0.431 0.357 16.3 13.7 15.3 0 0 0 4.8 24.3 104 130 9.3 -6.8
"1" "1" 1992-11-07 26.37 "DEN" "" "SAS" "W" 4 1 42 0.513 0.545 16.1 20.1 18 20.4 1.2 4.8 12.8 15.1 116 101 17.3 4
"2" "2" 1992-11-08 26.37 "DEN" "@" "POR" "L" -19 1 30 0.524 0.2 3.2 13.7 7.5 9.9 1.5 5.8 34.4 14.5 84 112 5.4 -3.2
"3" "3" 1992-11-10 26.38 "DEN" "" "UTA" "L" -9 1 38 0.434 0.5 17.5 21.1 19.4 6.7 1.3 6.4 20.7 16.4 91 112 9.4 -2.4
"4" "4" 1992-11-14 26.39 "DEN" "@" "CHI" "L" -33 1 32 0.517 0.5 13.2 3.7 9.6 0 1.6 1.9 19.6 25.4 91 123 10 -3
"5" "5" 1992-11-15 26.39 "DEN" "@" "MIL" "L" -17 1 27 0.425 0.4 3.5 30.3 16.3 6 0 8.6 46 15.2 52 101 1.9 -7.9
"6" "6" 1992-11-17 26.4 "DEN" "@" "IND" "L" -30 1 39 0.561 0.444 2.4 25.3 11.4 15.8 2.3 4.6 28.4 20.7 88 113 12.8 -0.3
"7" "7" 1992-11-19 26.4 "DEN" "" "DET" "W" 12 1 40 0.652 0.6 16.2 24 20.5 7.9 0 4.2 25.4 27.1 107 95 18.6 2.6
"8" "8" 1992-11-21 26.41 "DEN" "" "MIN" "W" 13 1 39 0.62 0.5 7 27.7 18.1 12.6 0 9.6 12.7 16.9 132 114 18.1 4.6
"9" "9" 1992-11-22 26.41 "DEN" "@" "LAL" "L" -12 1 35 0.538 0.538 10 38.8 25.2 4.4 1.2 0 23.5 17.5 91 100 9.4 -1.9
"10" "10" 1992-11-25 26.42 "DEN" "" "SAC" "W" 15 1 35 0.623 0.545 20.2 19.9 20 11.5 0 10.5 30.5 21.8 104 88 17.4 4.7
"11" "11" 1992-11-27 26.42 "DEN" "@" "LAC" "W" 3 1 37 0.546 0.429 13 20.8 17.6 14 2.5 4.1 28.4 14.9 101 94 13.3 2.6
"12" "12" 1992-11-28 26.43 "DEN" "" "LAC" "L" -2 1 34 0.63 0.583 9 20.2 14.7 16.6 0 7.8 16.6 20.1 120 109 18.1 6.8
"13" "13" 1992-12-01 26.44 "DEN" "" "HOU" "W" 7 1 35 0.599 0.556 13.7 28.9 21.8 0 0 6.8 0 14.7 140 97 17.8 3.1
"14" "14" 1992-12-04 26.44 "DEN" "" "GSW" "W" 3 1 42 0.827 0.7 5.3 13.9 9.5 0 0 5.8 6 16 166 107 24.1 7.5
"15" "15" 1992-12-05 26.45 "DEN" "@" "UTA" "L" -30 1 25 0.602 0.75 21.3 14 17.9 7 0 12.6 31.1 16.4 95 115 8.8 1.2
"16" "16" 1992-12-09 26.46 "DEN" "@" "BOS" "L" -10 1 44 0.752 0.7 7.3 29.1 16 13.5 0 1.4 0 11.9 167 131 21.9 4.3
"17" "17" 1992-12-11 26.46 "DEN" "@" "ATL" "L" -5 1 41 0.515 0.444 3 33.6 19.5 9.7 0 3 7.9 14.3 107 103 12 -1
"18" "18" 1992-12-12 26.47 "DEN" "@" "CHH" "L" -9 1 24 0.689 0.667 8.2 61.9 27.8 20 0 5.1 24.1 17.7 113 90 14.4 10.3
"19" "19" 1992-12-14 26.47 "DEN" "@" "NYK" "L" -17 1 38 0.644 0.667 2.7 27.7 14.5 14.9 0 1.6 25.6 17.8 99 112 10.9 1.8
"20" "20" 1992-12-16 26.48 "DEN" "" "POR" "L" -1 1 43 0.549 0.455 5.6 18.6 13.1 6.5 1.1 8.7 41.4 21.7 70 94 9.1 -3.6
"21" "21" 1992-12-19 26.48 "DEN" "" "LAL" "L" -6 1 43 0.61 0.4 5.3 18.2 12.3 3.4 1.2 4.1 33.7 15.1 90 92 8.7 -0.5
"22" "22" 1992-12-22 26.49 "DEN" "@" "SAS" "L" -5 1 36 0.46 0.467 6.9 26.1 15.4 12.6 1.3 6.7 0 17 113 102 17.2 6.7
"23" "23" 1992-12-23 26.5 "DEN" "" "PHO" "L" -15 1 36 0.404 0.308 13.3 14.2 13.7 4.1 0 8.8 0 18.4 104 110 12.7 -0.8
"24" "24" 1992-12-26 26.5 "DEN" "@" "HOU" "L" -8 1 41 0.551 0.5 9.4 19.9 14.8 11.3 0 3.1 26.9 15.9 92 93 10.4 -1.3
"25" "25" 1992-12-27 26.51 "DEN" "@" "PHO" "L" -41 1 26 0.753 0.75 13.9 27.7 19.9 5.4 1.7 11.1 31.1 14.6 109 113 12.4 1.3
"26" "26" 1992-12-30 26.52 "DEN" "" "SAS" "L" -20 1 33 0.403 0.364 15.5 51.3 30.5 4.7 0 6.1 12.8 20.3 91 116 9.6 -4.7
"27" "27" 1993-01-02 26.52 "DEN" "@" "SEA" "L" -4 1 40 0.434 0.5 10.6 23.5 18 0 0 10.4 25.8 8.6 82 111 8 -0.5
"28" "28" 1993-01-05 26.53 "DEN" "@" "SAC" "L" -20 1 28 0.709 0.667 12.9 47.6 29.3 10 0 4.1 27.9 15.9 113 117 11.7 -1.1
"29" "29" 1993-01-08 26.54 "DEN" "" "HOU" "W" 25 1 35 0.571 0.571 19.6 30.5 25.7 6.8 1.4 1.9 20.2 11.8 119 86 13 2.3
"30" "30" 1993-01-09 26.54 "DEN" "" "SEA" "L" -12 1 37 0.444 0.429 6.5 9.3 7.9 7.6 0 5.7 27.6 13.6 80 118 4.5 -4.2
"31" "31" 1993-01-12 26.55 "DEN" "@" "POR" "L" -9 1 35 0.428 0.25 10.4 43.8 26.1 7 0 3.5 18.9 18.2 91 100 9.7 -2.9
"32" "32" 1993-01-13 26.55 "DEN" "" "NYK" "W" 16 1 42 0.592 0.5 8.2 29.1 19.7 6 1.2 7.3 12.9 16.2 119 86 19.6 5.6
"33" "33" 1993-01-15 26.56 "DEN" "@" "MIN" "L" -10 1 38 0.467 0.286 16.8 21.1 18.7 8.9 0 3.7 17.2 13.2 107 105 10.5 -0.9
"34" "34" 1993-01-16 26.56 "DEN" "" "DAL" "W" 15 1 40 0.606 0.5 14.6 30 22.6 3.9 1.3 4.1 11.9 18.5 124 89 18.9 2.5
"35" "35" 1993-01-19 26.57 "DEN" "@" "SAS" "L" -11 1 34 0.427 0.333 12.5 18.8 15.4 0 1.4 2 32.8 15.9 73 124 2.2 -11.1
"36" "36" 1993-01-21 26.58 "DEN" "@" "DAL" "W" 16 1 38 0.601 0.571 14.7 21.8 18.8 6 1.3 7.5 19.4 11.1 117 90 15.5 1.3
"37" "37" 1993-01-23 26.58 "DEN" "" "CLE" "W" 2 1 38 0.563 0.5 14 25.3 18.9 6.7 1.4 0 18.4 12.8 117 108 10.8 -0.8
"38" "38" 1993-01-25 26.59 "DEN" "" "MIN" "W" 5 1 39 0.654 0.583 6.3 27.7 17.1 0 0 8.9 0 15.1 141 95 18.4 4.4
"39" "39" 1993-01-27 26.59 "DEN" "@" "GSW" "L" -28 1 26 0.579 0.667 4 18.9 10.9 0 0 10.7 58.1 15.3 46 108 0.4 -10
"40" "40" 1993-01-28 26.59 "DEN" "" "NJN" "W" 10 1 35 0.519 0.444 10.3 29.8 20.7 6.9 1.4 3.4 7.4 16.1 118 94 14.2 4.5
"41" "41" 1993-01-30 26.6 "DEN" "" "CHI" "W" 7 1 45 0.675 0.643 17.4 31.4 25 0 1.1 3.6 8.5 21.7 139 96 29.3 8.4
"42" "42" 1993-02-03 26.61 "DEN" "@" "UTA" "L" -4 1 41 0.313 0.2 10 12.7 11.1 7.6 0 1.8 6.5 15.4 85 108 5.1 -3.7
"43" "43" 1993-02-05 26.62 "DEN" "" "SAC" "W" 13 1 28 0.625 0.625 9 23.9 16.9 4.6 0 6.9 0 11.4 135 93 10.4 1
"44" "44" 1993-02-06 26.62 "DEN" "" "DAL" "W" 18 1 35 0.521 0.5 10.5 25.5 18.4 9.1 2.6 1.7 34.2 10.1 90 86 8.4 0.3
"45" "45" 1993-02-09 26.63 "DEN" "@" "SEA" "W" 4 1 34 0.573 0.5 17.3 28.2 23.1 5.1 2.8 4.6 23.4 20.4 104 81 15.9 5.6
"46" "46" 1993-02-10 26.63 "DEN" "@" "LAL" "L" -9 1 41 0.44 0.462 10.5 20.7 14.3 3.3 0 4.6 0 13.8 114 119 11.6 -1.7
"47" "47" 1993-02-12 26.64 "DEN" "" "PHI" "W" 4 1 42 0.694 0.545 8.5 28.6 17.5 5.7 2.1 8.9 20.2 16.9 127 102 24.4 5.9
"48" "48" 1993-02-13 26.64 "DEN" "" "WSB" "W" 19 1 31 0.521 0.5 8.6 19.8 14.9 6.5 0 1.8 0 7.7 133 103 7.7 0.1
"49" "49" 1993-02-15 26.64 "DEN" "@" "MIA" "L" -1 1 45 0.504 0.5 20.2 17.5 18.7 6 0 5.2 16.8 17 108 111 15.2 -1.3
"50" "50" 1993-02-17 26.65 "DEN" "@" "ORL" "L" -12 1 44 0.524 0.462 17.4 21.8 19.5 6.3 0 5.5 6.5 14.3 127 115 16.8 1.3
"51" "51" 1993-02-23 26.67 "DEN" "" "SEA" "L" -4 1 35 0.342 0.308 19.6 29.8 24.5 0 0 1.7 5.9 19.1 91 98 9.1 -2.1
"52" "52" 1993-02-24 26.67 "DEN" "@" "DAL" "W" 21 1 40 0.704 0.8 14.5 18 16.8 3.1 0 4.1 0 9 154 87 16 3.6
"53" "53" 1993-02-27 26.68 "DEN" "@" "HOU" "L" -5 1 43 0.697 0.625 15.9 18.6 17.2 6.3 1.1 5.7 24.4 11.4 124 102 17 5.1
"54" "54" 1993-02-28 26.68 "DEN" "" "CHH" "W" 7 1 31 0.676 0.625 16.3 23.8 19.9 12.5 0 8.6 10.1 12.1 143 89 17.2 7.4
"55" "55" 1993-03-02 26.68 "DEN" "" "LAL" "W" 12 1 37 0.814 0.8 6.5 28.5 17.6 3 1.3 3.7 22.3 15.2 126 114 16.2 0.3
"56" "56" 1993-03-04 26.69 "DEN" "" "POR" "W" 15 1 34 0.635 0.571 0 44.4 24.7 0 0 5 20.2 12.6 101 76 9.9 1.4
"57" "57" 1993-03-06 26.7 "DEN" "@" "NJN" "L" -27 1 34 0.256 0.231 23.5 23.1 23.3 3.9 1.5 4.5 16.1 21.7 70 110 7.4 -7.4
"58" "58" 1993-03-08 26.7 "DEN" "@" "CLE" "L" -15 1 32 0.394 0.375 12.5 12.5 12.5 0 1.6 7.6 0 11.4 109 122 7.3 -5.8
"59" "59" 1993-03-10 26.71 "DEN" "@" "WSB" "W" 14 1 36 0.74 0.6 22.9 28.2 26.1 6.3 0 3 34.1 22.4 112 103 17.5 -0.5
"60" "60" 1993-03-11 26.71 "DEN" "@" "DET" "L" -8 1 38 0.771 0.714 21.1 24.2 22.5 14.4 0 2.9 28.5 24.9 117 112 25.1 6
"61" "61" 1993-03-15 26.72 "DEN" "" "MIA" "L" -3 1 50 0.457 0.286 7.4 33.6 20.8 3.1 1 1.2 18.6 8.8 98 90 11.2 -0.5
"62" "62" 1993-03-16 26.72 "DEN" "@" "MIN" "L" -3 1 37 0.588 0.545 10.2 13 11.6 8.9 0 10 7.3 16.8 123 108 17.1 5.2
"63" "63" 1993-03-18 26.73 "DEN" "" "BOS" "L" -4 1 41 0.403 0.357 12.5 34.8 22.3 7.3 1.2 0 11.8 17.3 96 109 9.8 -5.4
"64" "64" 1993-03-20 26.73 "DEN" "" "ORL" "L" -6 1 34 0.555 0.5 10.1 20.2 14.1 3.9 0 2.2 22.8 22.2 97 123 7.1 -8.1
"65" "65" 1993-03-22 26.74 "DEN" "" "UTA" "W" 14 1 43 0.481 0.471 12.4 13 12.7 3.8 0 10.1 0 21.7 116 93 19.6 3.1
"66" "66" 1993-03-23 26.74 "DEN" "@" "PHI" "L" -8 1 30 0.607 0.556 16 30.8 23.5 6.4 0 10.5 9.2 16 123 84 16.6 8.3
"67" "67" 1993-03-25 26.75 "DEN" "" "GSW" "W" 11 1 40 0.643 0.667 12 27.7 20.9 8.3 0 15.4 15.5 21.6 115 81 24.3 10.9
"68" "68" 1993-03-27 26.75 "DEN" "" "IND" "W" 17 1 40 0.584 0.455 12.8 21.4 17.5 8.8 1.2 11.6 10.9 17.9 130 97 23.7 7.7
"69" "69" 1993-03-29 26.76 "DEN" "@" "UTA" "W" 13 1 39 0.64 0.5 10.7 28.8 19.9 12.4 1.2 1.7 16.8 18.9 123 97 19.3 3.8
"70" "70" 1993-03-31 26.76 "DEN" "" "ATL" "L" -9 1 43 0.68 0.667 9.3 29.8 19.2 8.3 2.3 6.9 20.6 19.1 116 96 23.4 9.6
"71" "71" 1993-04-02 26.77 "DEN" "" "MIL" "W" 9 1 39 0.56 0.444 23.7 13.7 18.6 10.5 0 5.8 0 14.3 149 107 21.8 5.6
"72" "72" 1993-04-04 26.78 "DEN" "" "MIN" "W" 26 1 35 0.81 0.778 21.7 36.6 29.7 7.1 1.4 7.8 23.3 16 138 89 20.9 7.7
"73" "73" 1993-04-06 26.78 "DEN" "@" "SAC" "W" 1 1 41 0.543 0.375 14.3 35.4 25.1 0 1.1 11.9 20.1 14.4 106 86 16.5 3.9
"74" "74" 1993-04-09 26.79 "DEN" "@" "PHO" "L" -1 1 38 0.468 0.4 0 37.2 18.9 11.2 0 4.8 7.8 14.5 99 92 11.7 2.8
"75" "75" 1993-04-10 26.79 "DEN" "@" "LAC" "L" -17 1 30 0.722 0.625 14.8 30.3 21.1 0 0 5.9 15.3 16.9 135 110 16.5 3.8
"76" "76" 1993-04-12 26.8 "DEN" "@" "GSW" "W" 11 1 37 0.387 0.333 7.5 28.5 17.8 3.2 1.3 7.5 27.9 11.4 74 88 8.2 -4.5
"77" "77" 1993-04-14 26.8 "DEN" "" "HOU" "L" -11 1 45 0.573 0.5 21.9 24.6 23.2 9.8 1.2 4.7 28.8 20.1 101 115 16.7 0.7
"78" "78" 1993-04-16 26.81 "DEN" "@" "DAL" "L" -13 1 38 0.708 0.8 11.2 24.2 17.8 11.5 0 3.6 21.2 21.4 113 101 17.5 4.2
"79" "79" 1993-04-18 26.81 "DEN" "" "LAC" "W" 11 1 43 0.403 0.333 17.6 23.5 20.6 6.7 1.1 15.1 4.8 17.9 107 73 24 10
"80" "80" 1993-04-21 26.82 "DEN" "" "DAL" "W" 25 1 26 0.524 0.4 14.6 37.7 27.6 3.7 0 4.4 20.7 14.5 108 103 8.9 -5.6
"81" "81" 1993-04-22 26.82 "DEN" "@" "SAS" "L" -20 1 36 0.638 0.6 4.8 26.7 13.3 7.6 1.4 3.2 20.3 16.4 114 128 13.9 1.7
"82" "82" 1993-04-25 26.83 "DEN" "" "PHO" "W" 2 1 38 0.61 0.417 13.7 25.8 19.6 8.9 0 8.5 15.5 19.4 127 107 21.2 4.4
"1" "1" 1993-11-05 27.36 "DEN" "@" "SAC" "L" -9 1 38 0.681 0.688 11.9 38.9 23.3 5 2.6 6.2 0 17.3 150 102 27.2 12.3
"2" "2" 1993-11-07 27.37 "DEN" "" "LAC" "W" 2 1 29 0.515 0.333 9.2 21.1 14.7 0 3.2 11 47.4 19.1 63 85 6.2 -4.3
"3" "3" 1993-11-09 27.38 "DEN" "@" "SEA" "L" -32 1 28 0.651 0.667 14.9 27.9 21.2 23.7 0 2.2 0 16 143 118 16.6 10.8
"4" "4" 1993-11-12 27.38 "DEN" "@" "LAL" "W" 29 1 34 0.777 0.75 28.2 41.8 36 16.1 1.5 11.2 45.9 15.6 106 67 21.6 13.6
"5" "5" 1993-11-13 27.39 "DEN" "" "GSW" "L" -8 1 38 0.525 0.333 10.8 19.9 14.9 7.8 0 8.2 25.9 21.3 95 113 11.6 -2.8
"6" "6" 1993-11-16 27.39 "DEN" "" "SAS" "L" -12 1 28 0.376 0.25 13.4 26.7 19.6 6.1 1.9 10.1 36.1 13.4 69 83 6 -1.2
"7" "7" 1993-11-18 27.4 "DEN" "" "CLE" "W" 7 1 32 0.511 0.556 7.5 22.8 15.7 13.8 0 4.3 27.1 20.1 84 97 7.3 -1.6
"8" "8" 1993-11-20 27.41 "DEN" "@" "MIN" "W" 1 1 36 0.279 0.333 5.7 35.8 19.7 3.9 1.6 3.3 27.1 17.8 50 94 2.3 -11.4
"9" "9" 1993-11-23 27.41 "DEN" "@" "POR" "L" -15 1 24 0.3 0.3 18.6 20.4 19.6 5.9 0 4.7 16.7 21.1 73 111 3.8 -7.1
"10" "10" 1993-11-24 27.42 "DEN" "@" "PHO" "L" -33 1 23 0.61 0.667 4.2 19.6 10.2 6.4 0 2.9 26.8 18.7 90 130 5.8 -3.3
"11" "11" 1993-11-26 27.42 "DEN" "" "POR" "W" 11 1 39 0.435 0.438 19.6 14.2 16.7 3.9 0 17.1 13.3 22.8 94 95 17.1 3.2
"12" "12" 1993-11-27 27.42 "DEN" "" "NJN" "W" 22 1 32 0.678 0.667 4.2 42.1 27.4 16.7 0 5.2 22.5 18.2 111 76 15.9 6.3
"13" "13" 1993-11-30 27.43 "DEN" "@" "UTA" "L" -11 1 35 0.37 0.4 0 28.1 14.2 4.3 0 4.7 42.5 14.2 44 99 0 -8.9
"14" "14" 1993-12-03 27.44 "DEN" "" "CHH" "W" 8 1 43 0.457 0.429 12.4 25.3 18.8 10.7 1.1 11.5 0 14.1 122 85 22.6 9.7
"15" "15" 1993-12-05 27.45 "DEN" "" "DAL" "W" 5 1 41 0.47 0.545 22.7 36.9 31.7 3.3 0 12.1 13.6 15.6 104 94 17.8 2.7
"16" "16" 1993-12-07 27.45 "DEN" "@" "GSW" "L" -5 1 36 0.658 0.625 9.3 28.6 18.8 14.1 0 5.8 15.8 15.9 120 96 15.8 6.2
"17" "17" 1993-12-10 27.46 "DEN" "" "UTA" "W" 9 1 35 0.466 0.4 3.7 19.9 13.4 11.3 2.7 16.1 17.7 19.7 89 81 15.2 8
"18" "18" 1993-12-11 27.46 "DEN" "@" "SAS" "L" -5 1 32 0.833 0.833 7.9 28.6 18.8 9.2 0 0 45.5 15.6 89 114 5.6 -2.6
"19" "19" 1993-12-14 27.47 "DEN" "@" "NYK" "L" -9 1 27 0.563 0.5 12.7 32.3 22.7 7.8 0 4.5 25.3 18.8 96 93 8.4 2.9
"20" "20" 1993-12-15 27.47 "DEN" "@" "PHI" "L" -8 1 36 0.451 0.5 18.7 20.9 19.8 12 4.1 7 19.7 16.5 92 93 14.6 3.8
"21" "21" 1993-12-17 27.48 "DEN" "@" "CHH" "L" -3 1 38 0.631 0.636 6.8 32.3 21.1 0 1.3 6.5 14.4 15.1 114 93 14.5 5.1
"22" "22" 1993-12-18 27.48 "DEN" "@" "ATL" "L" -6 1 27 0.4 0.4 4.9 29.6 19 4.5 1.9 0 28.6 11.8 70 101 2.1 -4.6
"23" "23" 1993-12-21 27.49 "DEN" "" "PHO" "W" 26 1 28 0.463 0.333 12.2 36.5 25 0 1.7 6.5 10.4 13.9 106 82 9.4 0.6
"24" "24" 1993-12-23 27.5 "DEN" "@" "HOU" "W" 13 1 39 0.5 0.5 16.1 18.8 17.6 3.1 0 3.2 27.3 10.9 94 88 8.4 -1
"25" "25" 1993-12-26 27.5 "DEN" "" "MIN" "W" 3 1 40 0.45 0.5 5.6 25.3 14.8 9.4 1.3 4.7 18.4 11.7 89 99 8.6 -2.2
"26" "26" 1993-12-28 27.51 "DEN" "@" "DAL" "W" 12 1 31 0.525 0.667 15.1 22.9 19.6 11.1 3.3 12.5 17.4 16 101 78 16.5 10.9
"27" "27" 1993-12-30 27.52 "DEN" "" "GSW" "W" 5 1 21 0.658 0.75 0 39.8 19 19.6 0 17.1 8.6 23.1 119 80 15 16.2
"28" "28" 1994-01-02 27.52 "DEN" "" "PHI" "L" -16 1 29 0.68 0.8 10.8 38.9 22.8 11.7 0 5.5 40.5 15.4 84 100 7.8 -0.4
"29" "29" 1994-01-04 27.53 "DEN" "" "LAL" "L" -1 1 41 0.697 0.75 16.7 25.1 20.9 2.9 0 5.6 17.7 11 127 114 16.2 -0.4
"30" "30" 1994-01-05 27.53 "DEN" "@" "MIN" "L" -14 1 39 0.735 0.8 10.7 28.4 18.8 9.4 0 7.7 15.5 13.7 124 106 19 6.8
"31" "31" 1994-01-07 27.54 "DEN" "" "SAS" "L" -8 1 43 0.666 0.6 9.3 20 14.9 12.1 0 4.7 42.5 13.3 89 95 8.1 1.3
"32" "32" 1994-01-08 27.54 "DEN" "" "SAC" "W" 6 1 33 0.58 0.556 19.2 49.9 31.4 10.1 0 4.5 8.2 15.3 128 98 17 5.4
"33" "33" 1994-01-11 27.55 "DEN" "@" "DET" "W" 8 1 40 0.759 0.778 9.2 22.2 16.8 9 0 9.5 23.3 14 116 85 17.6 8.3
"34" "34" 1994-01-12 27.55 "DEN" "@" "IND" "L" -11 1 36 0.528 0.4 19.4 25.9 22.2 4.7 1.4 3.9 41.3 16.5 81 108 7.2 -6.2
"35" "35" 1994-01-14 27.56 "DEN" "@" "NJN" "L" -7 1 34 0.53 0.5 25.7 33.2 29.7 5 0 5 26.1 23.4 94 100 13.6 -0.3
"36" "36" 1994-01-16 27.56 "DEN" "@" "BOS" "L" -5 1 27 0.82 0.75 4.7 37.4 21.1 0 0 0 38.1 13.3 97 108 4.9 -5
"37" "37" 1994-01-18 27.57 "DEN" "" "POR" "L" -1 1 32 0.486 0.5 3.5 29.4 16.2 4.9 0 5.4 15 17.5 89 95 7.5 -1.5
"38" "38" 1994-01-20 27.57 "DEN" "" "HOU" "W" 5 1 52 0.586 0.571 14.9 20.3 17.5 12.4 1 5.7 5.8 15 131 96 22.6 8.9
"39" "39" 1994-01-22 27.58 "DEN" "" "SEA" "W" 7 1 37 0.688 0.7 10.8 25.9 18.8 9 4.4 9.7 23.4 22 111 89 19 9.7
"40" "40" 1994-01-27 27.59 "DEN" "" "IND" "W" 7 1 41 0.833 0.833 9 18 13.5 3.8 0 7.1 13.7 15.3 153 113 22.1 6.4
"41" "41" 1994-01-29 27.6 "DEN" "" "DET" "W" 18 1 33 0.517 0.364 24.2 31.2 28 3.5 1.5 4 17.1 22 115 108 14.3 -4.7
"42" "42" 1994-02-01 27.61 "DEN" "" "CHI" "L" -20 1 31 0.571 0.571 23.8 16 20.5 4.7 0 4.2 17.2 16.7 116 136 11.3 -1.1
"43" "43" 1994-02-02 27.61 "DEN" "@" "GSW" "L" -13 1 35 0.443 0.333 3.5 28.9 16 9.3 0 3.8 34.7 12 70 104 4.2 -4.8
"44" "44" 1994-02-04 27.61 "DEN" "@" "SAC" "W" 25 1 31 0.604 0.556 0 21.3 12 0 3.1 5.5 0 14.6 135 76 13.7 7.4
"45" "45" 1994-02-06 27.62 "DEN" "" "DAL" "W" 10 1 30 0.522 0.556 16 28.6 23.3 0 0 5.8 13 21.4 101 83 12.8 2.2
"46" "46" 1994-02-08 27.62 "DEN" "" "UTA" "L" -1 1 35 0.317 0.286 17.1 15.7 16.5 4.1 0 6.2 11.3 10.9 93 104 6.1 -5.3
"47" "47" 1994-02-10 27.63 "DEN" "@" "SAS" "L" -7 1 32 0.712 0.6 13.6 20 16.5 6.5 0 8.1 13.7 19.5 137 99 19 12.5
"48" "48" 1994-02-15 27.64 "DEN" "@" "CLE" "L" -12 1 24 0.926 1 5.4 28.6 16.7 12.1 0 5.5 18.8 9.5 151 117 9.1 5.7
"49" "49" 1994-02-16 27.65 "DEN" "@" "MIL" "W" 12 1 40 0.781 0.75 8 30 22.3 11.6 1.2 7.3 41 10.6 103 88 15.1 4.2
"50" "50" 1994-02-18 27.65 "DEN" "@" "CHI" "W" 25 1 33 0.666 0.6 7.3 33.3 21.5 15.5 0 7.4 12.9 10.7 137 83 14.8 8.7
"51" "51" 1994-02-20 27.66 "DEN" "" "ATL" "W" 5 1 38 0.564 0.5 14.7 30.1 22.3 4.1 0 10.7 20.7 16.1 107 92 15 4.4
"52" "52" 1994-02-22 27.66 "DEN" "@" "HOU" "L" -1 1 42 0.67 0.556 2.9 23.4 13.6 0 1.3 3.3 15.2 14.1 123 107 13.7 0.5
"53" "53" 1994-02-23 27.67 "DEN" "" "BOS" "W" 8 1 40 0.649 0.636 13.6 26.9 20.6 3.8 0 8.5 7.5 14.3 134 95 19.4 5.2
"54" "54" 1994-02-25 27.67 "DEN" "" "NYK" "W" 8 1 44 0.614 0.429 13.2 27.3 20.1 7.6 0 5.1 14.9 14.7 128 105 15 2.6
"55" "55" 1994-02-27 27.68 "DEN" "@" "POR" "L" -7 1 40 0.256 0.125 11.2 19.5 15.3 3.6 1.2 2.9 23.5 13.1 62 100 3.2 -6.7
"56" "56" 1994-03-04 27.69 "DEN" "" "ORL" "W" 9 1 35 0.521 0.5 7 19.9 14.6 0 0 8.3 10.4 11.6 103 84 9.5 0
"57" "57" 1994-03-06 27.7 "DEN" "" "MIN" "W" 20 1 30 0.735 0.667 4.2 16.3 11 0 1.6 18 38.7 11.2 93 88 10.2 4
"58" "58" 1994-03-08 27.7 "DEN" "@" "ORL" "L" -7 1 41 0.333 0.333 3.3 19.5 12.5 3.5 3.9 9.6 25 13.8 61 96 7.3 -2.4
"59" "59" 1994-03-09 27.7 "DEN" "@" "MIA" "L" -22 1 31 0.595 0.6 3.4 12.9 8.3 6.1 0 8 14.5 9.7 107 109 7.5 1
"60" "60" 1994-03-11 27.71 "DEN" "@" "WSB" "L" -7 1 28 0.511 0.444 20.2 20.4 20.3 11.8 0 7 27.1 24.2 94 107 7.7 -3.4
"61" "61" 1994-03-14 27.72 "DEN" "" "SAS" "W" 28 1 32 0.579 0.667 3.4 6.8 5.1 0 0 11.1 0 11.8 121 101 10.5 1.6
"62" "62" 1994-03-17 27.73 "DEN" "@" "LAC" "W" 3 1 38 0.784 0.778 16.1 20.6 18.2 17.3 2.6 8.1 23 19.7 132 93 25 13.3
"63" "63" 1994-03-18 27.73 "DEN" "" "SAC" "L" -12 1 20 0.638 0.4 15.7 0 8.2 0 0 6.5 17.5 22.7 123 123 9.2 -0.1
"64" "64" 1994-03-20 27.73 "DEN" "" "WSB" "W" 33 1 26 1.009 1 15.8 20.5 18.5 9 1.8 8.3 13.4 11.5 175 95 17.1 12.4
"65" "65" 1994-03-22 27.74 "DEN" "" "MIL" "W" 14 1 29 0.674 0.714 31.5 22.6 26.9 9.5 1.8 17.4 0 14.8 160 87 21.7 15.5
"66" "66" 1994-03-24 27.75 "DEN" "" "MIA" "W" 12 1 36 0.729 0.75 18 28.8 24.2 7.4 0 12.7 22.6 20.4 123 91 23.4 11
"67" "67" 1994-03-26 27.75 "DEN" "" "DAL" "W" 11 1 42 0.717 0.714 13.6 30.8 23.1 7.2 2.2 7.3 17.5 22.4 126 87 29.4 9.8
"68" "68" 1994-03-28 27.76 "DEN" "@" "SEA" "L" -14 1 41 0.473 0.333 17.1 30.8 25.1 6.8 1.2 5.4 9.5 10.8 118 101 16.5 4.5
"69" "69" 1994-04-02 27.77 "DEN" "@" "UTA" "L" -10 1 37 0.506 0.444 9.5 41.1 25.3 0 1.3 2 22.4 21.6 86 100 8.6 -3.7
"70" "70" 1994-04-03 27.77 "DEN" "@" "PHO" "L" -10 1 42 0.501 0.538 6.9 27.9 18.5 7.9 3.4 6.4 19.1 22.5 86 98 14.7 1.9
"71" "71" 1994-04-05 27.78 "DEN" "" "LAC" "L" -1 1 33 0.539 0.625 9.3 40.2 24.8 0 0 19.8 8.9 13.8 104 76 16.9 7.7
"72" "72" 1994-04-07 27.78 "DEN" "" "SEA" "W" 14 1 36 0.618 0.571 13.3 26.1 20.2 8.4 1.4 21 0 12.9 146 83 22.5 16.8
"73" "73" 1994-04-08 27.79 "DEN" "@" "LAL" "W" 13 1 41 0.644 0.556 22.1 26.8 24.4 6.9 1.3 8.6 7.9 13.1 150 103 21.7 6
"74" "74" 1994-04-10 27.79 "DEN" "" "HOU" "L" -1 1 35 0.672 0.714 7 18.8 13.7 0 0 9.1 28.7 13.9 92 100 8.7 0.1
"75" "75" 1994-04-12 27.8 "DEN" "" "PHO" "L" -5 1 43 0.833 0.875 2.8 18.1 10.1 3.4 0 9.8 22.7 13.3 126 113 17.7 4.7
"76" "76" 1994-04-13 27.8 "DEN" "@" "SAS" "W" 5 1 46 0.84 0.667 5.4 20.9 13.2 6.5 0 1.8 0 5.3 190 101 11.8 4.7
"77" "77" 1994-04-15 27.81 "DEN" "@" "DAL" "L" -2 1 44 0.463 0.444 9.9 15.6 12.9 14.9 2.4 8 7.2 14.2 112 102 17.7 5
"78" "78" 1994-04-17 27.81 "DEN" "@" "MIN" "W" 11 1 29 0.721 0.714 10 26.3 19.3 5.1 0 8.6 26.5 17.9 105 89 10.7 0.8
"79" "79" 1994-04-19 27.82 "DEN" "" "LAL" "W" 7 1 35 0.793 0.833 9.8 14.6 12.3 0 5.6 3.2 10.9 10.5 146 92 16.8 7.2
"80" "80" 1994-04-20 27.82 "DEN" "@" "LAC" "W" 15 1 42 0.57 0.714 8.3 26.7 16.8 3.5 6 8 27.5 13.6 86 72 16.4 4.6
"81" "81" 1994-04-22 27.82 "DEN" "" "UTA" "L" -7 1 33 0.788 0.667 9.4 23.6 17.1 0 0 5.6 34.4 20.1 108 115 10.7 -0.3
"82" "82" 1994-04-24 27.83 "DEN" "@" "HOU" "W" 8 1 26 0.704 0.6 13.8 28.7 21.7 4.7 1.9 2.6 19 17.4 128 105 12.3 1.3
"1" "1" 1994-11-04 28.36 "DEN" "" "MIN" "W" 22 1 34 0.579 0.5 8.6 28.2 19.3 7.3 0 6.8 10.4 12.3 126 107 11.7 0.3
"2" "2" 1994-11-05 28.36 "DEN" "" "GSW" "L" -4 1 46 0.461 0.375 9.9 25.4 17.2 5.2 1.1 9.2 17 10.8 102 110 12 -2.9
"3" "3" 1994-11-08 28.37 "DEN" "@" "DAL" "W" 8 1 46 0.661 0.667 10.7 15.6 13.8 5.7 2.2 13.5 18.1 10.8 126 103 21.9 14.6
"4" "4" 1994-11-11 28.38 "DEN" "@" "LAL" "W" 7 1 53 0.833 0.857 15.9 31.1 24.8 2.9 0 9.4 8.1 8.7 165 93 30.7 12
"5" "5" 1994-11-12 28.38 "DEN" "" "UTA" "W" 9 1 37 0.291 0.333 9.7 15.7 12.4 3 0 3.8 12.7 8.8 83 116 2.2 -7.8
"6" "6" 1994-11-15 28.39 "DEN" "" "SAS" "W" 13 1 26 0.262 0 7.9 37.8 22.3 5.1 3.8 5.4 0 12.6 83 88 5.5 -1.8
"7" "7" 1994-11-17 28.4 "DEN" "" "DET" "L" -2 1 43 0.532 0.429 21.4 31.5 26 7.5 1.3 9 13.2 14.8 118 97 20.2 6.4
"8" "8" 1994-11-19 28.4 "DEN" "" "HOU" "L" -8 1 42 0.592 0.6 6.7 20.8 13.6 6.1 0 1.6 30.7 10.3 95 119 6 -4.3
"9" "9" 1994-11-23 28.41 "DEN" "" "CHI" "W" 2 1 31 0.347 0 5.5 29.3 19.1 0 1.6 9.4 67.6 6.7 41 107 1.9 -3
"10" "10" 1994-11-25 28.42 "DEN" "@" "SAC" "L" -3 1 50 0.477 0.4 17.7 26.5 22.3 3.6 1 5.1 19.3 18.3 96 103 13.3 -1.7
"11" "11" 1994-11-26 28.42 "DEN" "" "DAL" "L" -1 1 29 0.63 0.333 13.4 11 12.1 0 0 4.3 17.4 8.8 132 121 5.3 -4.9
"12" "12" 1994-11-29 28.43 "DEN" "@" "HOU" "L" -15 1 35 0.333 0.333 10.5 19.6 15.6 4.9 0 2 33.3 11.9 63 104 1.6 -7.3
"13" "13" 1994-12-01 28.44 "DEN" "@" "DAL" "W" 9 1 44 0.587 0.5 10.1 17 14.3 11.4 0 5.5 26.5 14.6 103 79 13.7 5.2
"14" "14" 1994-12-03 28.44 "DEN" "" "CHH" "W" 11 1 45 0.619 0.625 10.7 42.2 30.1 0 0 3.4 18.4 12 110 91 13.4 4.3
"15" "15" 1994-12-06 28.45 "DEN" "@" "MIN" "W" 7 1 32 0.474 0.5 3.8 26.1 15.7 4.5 0 13.2 26.2 16.9 74 97 7 -3.2
"16" "16" 1994-12-10 28.46 "DEN" "" "WSB" "W" 22 1 37 0.507 0.5 11.4 34.6 24.6 0 1.4 9.9 25.3 14.7 90 86 11.3 -0.9
"17" "17" 1994-12-12 28.47 "DEN" "@" "BOS" "L" -10 1 45 0.539 0.5 11.4 16.8 14.5 0 1.2 1.5 24.4 13.2 95 126 6.2 -7
"18" "18" 1994-12-14 28.47 "DEN" "@" "ORL" "L" -24 1 25 0.333 0.333 10.3 9.8 10.1 6.4 1.9 2.5 14.3 10.9 82 116 3.1 -6.3
"19" "19" 1994-12-15 28.47 "DEN" "@" "MIA" "W" 2 1 40 0.574 0.5 14.3 27.3 20.9 0 1.2 8.6 29.1 17.3 94 94 13.4 0.7
"20" "20" 1994-12-17 28.48 "DEN" "@" "CHH" "L" -19 1 33 0.444 0.429 16.2 28.3 22.2 9.2 0 2.3 20.2 13.7 98 122 5.9 -3
"21" "21" 1994-12-19 28.48 "DEN" "" "BOS" "W" 19 1 32 0.666 0.75 18.8 12.8 15.2 10 0 13.5 29.1 19.3 100 89 12.9 4.2
"22" "22" 1994-12-21 28.49 "DEN" "" "SAS" "L" -14 1 39 0.698 0.714 10 16.4 12.9 4.4 0 9.8 20.2 12 119 118 12 3.5
"23" "23" 1994-12-23 28.5 "DEN" "@" "PHO" "L" -16 1 40 0.574 0.5 21.5 36.9 29.2 6.7 0 3.6 29.1 18.8 103 132 13.7 -5.2
"24" "24" 1994-12-25 28.5 "DEN" "" "SEA" "W" 9 1 38 0.457 0.417 6.3 33.7 18 0 0 2 10.9 22.4 96 108 7.9 -6.7
"25" "25" 1994-12-27 28.51 "DEN" "" "IND" "L" -4 1 41 0.532 0.6 10.9 20.1 15 7.9 0 8.5 0 11.3 130 111 13.2 3
"26" "26" 1994-12-29 28.51 "DEN" "@" "POR" "L" -11 1 39 0.63 0.556 5.1 20 12.2 3.7 1.3 6.8 16.2 13.9 114 107 13.1 1.2
"27" "27" 1994-12-30 28.52 "DEN" "" "POR" "W" 4 1 35 0.512 0.5 7 37.7 22.6 0 0 1.9 23.5 15.9 87 114 6 -6
"28" "28" 1995-01-03 28.53 "DEN" "@" "MIN" "W" 9 1 44 0.683 0.667 15.7 48.7 33 12.5 1.2 8.8 29.1 10.4 115 81 17.2 6.9
"29" "29" 1995-01-04 28.53 "DEN" "@" "CHI" "L" -6 1 45 0.625 0.5 8.4 24.4 17.4 4.9 0 9.3 21.7 19.2 111 95 16.9 7.8
"30" "30" 1995-01-07 28.54 "DEN" "" "PHO" "L" -9 1 36 0.868 0.833 14 18.2 16.3 0 1.4 9.7 18.8 13.5 146 112 18.3 6
"31" "31" 1995-01-08 28.54 "DEN" "" "MIL" "W" 6 1 47 0.888 0.8 8.5 25.5 18.2 0 1.1 4.7 12.9 7.9 162 90 17.1 5.9
"32" "32" 1995-01-11 28.55 "DEN" "@" "UTA" "L" -26 1 36 0.515 0.444 26.7 41.7 32.5 5.4 0 4.6 20.5 18.2 107 126 14 -3.4
"33" "33" 1995-01-12 28.55 "DEN" "" "DAL" "W" 16 1 36 0.582 0.583 3 34.9 18.4 0 1.5 13 13.4 18.8 104 73 15.7 5.5
"34" "34" 1995-01-14 28.56 "DEN" "" "HOU" "W" 14 1 31 0.8 0.8 4.4 29 16.2 7.6 1.7 2.5 0 7.3 172 109 9.7 2.1
"35" "35" 1995-01-16 28.56 "DEN" "@" "GSW" "L" -4 1 41 0.143 0.143 6.2 31.1 20.2 20.3 0 6.6 30 12.5 54 86 4.2 -2.5
"36" "36" 1995-01-17 28.56 "DEN" "@" "PHO" "L" -16 1 40 0.587 0.5 19.4 31.6 26.1 0 0 0 26.5 18 104 143 9.1 -12
"37" "37" 1995-01-20 28.57 "DEN" "" "ORL" "L" -4 1 41 0.504 0.5 15.5 19.7 17.5 4.2 0 6.9 6.3 16.9 114 107 14.4 -0.6
"38" "38" 1995-01-21 28.58 "DEN" "" "CLE" "L" -1 1 48 0.611 0.444 16.8 30.2 24.2 4 1.3 4.9 16.9 20.7 120 102 17.7 2.3
"39" "39" 1995-01-24 28.58 "DEN" "@" "SEA" "L" -22 1 37 0.461 0.375 20.6 32.4 25.9 12.5 0 10.5 17 14.4 108 118 14.2 2.3
"40" "40" 1995-01-27 28.59 "DEN" "" "NJN" "W" 6 1 43 0.451 0.5 19.1 26.8 23.3 7.1 0 9.4 6.1 18.4 108 94 17.5 2.4
"41" "41" 1995-01-28 28.59 "DEN" "@" "SAS" "L" -26 1 36 0.556 0.556 5 25 12.5 6.3 3 4 18.2 13.8 96 111 10.6 1.7
"42" "42" 1995-01-31 28.6 "DEN" "@" "HOU" "L" -12 1 34 0.628 0.571 15.7 26.9 21.1 0 0 2.3 31.3 16.5 93 96 8.3 -2.8
"43" "43" 1995-02-01 28.61 "DEN" "@" "UTA" "L" -41 1 22 0.557 0.4 14.9 24.2 19.1 0 0 2.7 11 18.3 115 134 7.3 -2.1
"44" "44" 1995-02-03 28.61 "DEN" "@" "LAL" "W" 14 1 48 0.85 0.8 12.2 32.7 23.3 0 1.2 11.6 33.8 8.7 119 72 19.6 9.5
"45" "45" 1995-02-07 28.62 "DEN" "" "LAL" "L" -2 1 46 0.45 0.5 14.9 30.5 22.6 10.9 1.2 3.7 18.4 11 100 98 12.7 0.3
"46" "46" 1995-02-09 28.63 "DEN" "" "GSW" "L" -8 1 34 0.604 0.667 7.1 26.7 16.5 4.3 0 5.9 21.8 17.6 97 121 8.9 -5.5
"47" "47" 1995-02-14 28.64 "DEN" "" "ATL" "L" -11 1 43 0.451 0.5 12.7 27.9 19.9 11.3 0 3.5 11.4 8.9 109 107 10.2 1.7
"48" "48" 1995-02-16 28.65 "DEN" "@" "NJN" "L" -6 1 43 0.407 0.385 14 33.2 21.6 6.9 1.3 9 11.9 16.8 96 106 15 -1.9
"49" "49" 1995-02-18 28.65 "DEN" "@" "PHI" "L" -6 1 47 0.761 0.714 15.5 30 21.7 3 1.2 3.3 20.2 9.2 135 104 16.5 3.1
"50" "50" 1995-02-19 28.65 "DEN" "@" "WSB" "W" 2 1 43 0.658 0.583 18.6 14.9 16.7 8.2 2.5 1.6 5.9 18.6 144 101 22.8 8.2
"51" "51" 1995-02-21 28.66 "DEN" "" "LAC" "W" 38 1 33 0.615 0.5 20.8 27.1 24.2 3.6 0 11 38.1 21.3 95 80 10.9 -0.9
"52" "52" 1995-02-23 28.67 "DEN" "" "PHI" "W" 30 1 32 0.581 0.5 7.1 10.7 9.2 0 0 11.4 36.8 15.3 80 86 7 -3.2
"53" "53" 1995-02-24 28.67 "DEN" "@" "SEA" "L" -4 1 42 0.37 0.2 11.1 25 17.2 3.5 1.3 10.2 12.9 8.5 98 102 7.9 -0.4
"54" "54" 1995-02-26 28.67 "DEN" "" "UTA" "L" -14 1 36 0.521 0.333 28.3 42.9 35 14.1 0 4.8 31.6 16.5 107 124 11.1 0.8
"55" "55" 1995-02-28 28.68 "DEN" "" "MIN" "W" 13 1 34 0.821 0.727 16.6 31.9 23.9 0 0 13.4 5.9 23.6 167 108 27.2 10.5
"56" "56" 1995-03-03 28.69 "DEN" "" "MIA" "W" 2 1 33 0.799 0.75 6.6 40.6 23.4 4.8 0 6.2 8.6 15.9 158 104 18.6 7.9
"57" "57" 1995-03-04 28.69 "DEN" "@" "LAC" "W" 12 1 42 0.823 0.818 22.2 24.5 23.4 10.8 1.3 5.4 7.3 15.1 163 97 27.5 11.9
"58" "58" 1995-03-07 28.7 "DEN" "@" "DAL" "W" 3 1 44 0.576 0.538 12.8 28.5 21.8 13.9 0 6.1 17.8 18.6 114 102 17.9 4.3
"59" "59" 1995-03-08 28.7 "DEN" "@" "ATL" "L" -11 1 28 0.615 0.5 4.5 14.6 10.1 16.4 0 7.9 62.1 10.9 68 111 2.9 -4.5
"60" "60" 1995-03-10 28.71 "DEN" "@" "DET" "W" 11 1 45 0.43 0.444 13.7 18.2 16.1 6.7 0 17.1 14.7 13.2 99 87 13.4 1.4
"61" "61" 1995-03-12 28.71 "DEN" "@" "MIL" "W" 16 1 44 0.651 0.556 6.4 33.3 20.3 0 2.4 9.7 15.7 13.6 117 94 17.9 3.4
"62" "62" 1995-03-14 28.72 "DEN" "@" "NYK" "L" -20 1 28 0.333 0.333 4 19 11.7 0 2 5 0 10.4 80 104 4 -2.4
"63" "63" 1995-03-16 28.72 "DEN" "" "SAC" "W" 22 1 31 1.017 1 26.7 24.6 25.5 4.2 1.7 18 30.4 15 143 97 21.3 11.4
"64" "64" 1995-03-18 28.73 "DEN" "" "POR" "W" 20 1 29 0.58 0.5 8.5 31.7 21.2 8.9 0 11.8 20.5 15.3 111 88 11 4.6
"65" "65" 1995-03-20 28.73 "DEN" "@" "SAC" "L" -2 1 31 0.549 0.5 16.7 11.3 13.9 5.5 0 4.8 37.9 20.2 81 109 4.4 -7.6
"66" "66" 1995-03-22 28.74 "DEN" "@" "UTA" "L" -12 1 42 0.628 0.714 3 19.6 11 8.1 1.3 3.6 10.2 11.7 117 116 11.4 2.8
"67" "67" 1995-03-23 28.74 "DEN" "" "NYK" "L" -3 1 31 0.496 0.5 15.1 18.4 16.8 0 0 12.1 18.1 16.5 96 106 8.2 -2.5
"68" "68" 1995-03-26 28.75 "DEN" "@" "POR" "W" 4 1 36 0.966 1 4.3 17.2 10.8 0 0 4.5 27.9 15.1 127 115 11.1 1.6
"69" "69" 1995-03-27 28.75 "DEN" "" "LAC" "W" 9 1 28 0.866 0.8 15.1 9.5 12.2 0 1.8 2.5 19.8 15.6 147 113 12.5 2.2
"70" "70" 1995-03-31 28.76 "DEN" "@" "IND" "W" 15 1 34 0.833 0.909 9.1 21 16.3 9.4 0 12.4 18.5 23.4 129 92 22.7 11
"71" "71" 1995-04-02 28.77 "DEN" "@" "CLE" "W" 3 1 47 0.634 0.583 10.8 36.7 23.9 3.3 0 16.5 12.3 17.4 125 106 23.9 6.4
"72" "72" 1995-04-04 28.78 "DEN" "" "LAL" "L" -3 1 30 0.5 0.5 12.3 45.1 28.7 9 0 12.7 27.3 16.9 91 104 9.3 -0.8
"73" "73" 1995-04-06 28.78 "DEN" "" "SEA" "L" -6 1 41 0.332 0.25 13.3 24.4 18.5 7 0 13.2 11.7 16.9 85 103 11.9 -0.4
"74" "74" 1995-04-09 28.79 "DEN" "" "HOU" "L" -3 1 36 0.489 0.5 17.5 34.3 25.6 6.6 1.4 8 7 17.8 116 124 14.3 -1.9
"75" "75" 1995-04-10 28.79 "DEN" "@" "MIN" "W" 7 1 34 0.735 0.5 31.4 26.7 29 0 1.6 16.9 24 16.3 137 105 21.4 7.4
"76" "76" 1995-04-13 28.8 "DEN" "@" "LAC" "W" 22 1 33 0.926 1 13.2 31.4 22.9 7.8 1.5 6.8 25.8 15.4 137 104 18.2 5.8
"77" "77" 1995-04-14 28.8 "DEN" "" "PHO" "W" 15 1 42 0.788 0.875 3.9 22.9 15.4 12.7 0 7.6 18.4 12.8 129 97 16.6 7.7
"78" "78" 1995-04-16 28.81 "DEN" "" "SAS" "L" -3 1 37 0.508 0.429 19.3 37.2 28.1 12 0 15.9 20.2 11.7 115 96 16.8 7.5
"79" "79" 1995-04-18 28.81 "DEN" "@" "SAS" "L" -11 1 39 0.666 0.636 13.3 38.9 26.3 4.8 0 5.6 23.9 17.9 109 107 15.3 3.4
"80" "80" 1995-04-19 28.82 "DEN" "" "MIN" "W" 25 1 27 0.781 0.75 9.4 13.7 11.5 5.1 0 13.9 25.8 12.8 122 84 10.7 4.9
"81" "81" 1995-04-22 28.82 "DEN" "@" "GSW" "W" 1 1 27 0.856 0.857 8 25.8 16.5 11.6 3.6 5.7 25.5 19 125 99 15.5 6.4
"82" "82" 1995-04-23 28.83 "DEN" "" "SAC" "W" 13 1 46 0.781 0.857 14.4 39.1 28.7 17 0 6.2 10.7 10.3 156 98 22.3 11.5
"1" "1" 1995-11-03 29.36 "DEN" "@" "LAL" "L" -2 1 43 0.4 0.286 14.7 27.9 21.5 0 0 7.3 44.4 15.6 59 96 3.2 -9.4
"2" "2" 1995-11-04 29.36 "DEN" "" "SAS" "L" -8 1 31 0.428 0.429 13.2 44.2 26.4 8.1 0 13.5 8.7 15.3 101 103 12.1 1.5
"3" "3" 1995-11-07 29.37 "DEN" "@" "GSW" "L" -5 1 37 0.678 0.667 8.8 19 13.7 4.6 0 9.3 8.8 13 131 102 15.6 5.6
"4" "4" 1995-11-08 29.37 "DEN" "" "SEA" "L" -5 1 30 0.637 0.5 0 13 6.4 0 0 2.6 18.8 14.9 109 131 5.2 -7.2
"5" "5" 1995-11-10 29.38 "DEN" "@" "UTA" "L" -23 1 27 0.579 0.5 15.5 22.8 18.8 6.7 0 9.5 0 14.7 138 113 12.4 4.9
"6" "6" 1995-11-12 29.38 "DEN" "@" "LAC" "L" -5 1 44 0.666 0.636 12.4 29.5 21.3 3.5 0 5.5 23.9 16.2 112 103 17.4 0.9
"7" "7" 1995-11-15 29.39 "DEN" "@" "PHO" "W" 10 1 38 0.484 0.444 6.4 16.3 11.3 3.6 1.5 5.1 16.2 15 95 109 6.5 -5.3
"8" "8" 1995-11-17 29.4 "DEN" "" "NYK" "L" -9 1 34 0.426 0.364 9.8 23.5 16.1 19.9 0 7.7 6.6 20 105 113 11.3 1.8
"9" "9" 1995-11-18 29.4 "DEN" "@" "HOU" "L" -4 1 39 0.563 0.583 14.3 19.4 16.7 3.9 3.9 9 7 15.8 123 98 18.5 5.9
"10" "10" 1995-11-21 29.41 "DEN" "" "ATL" "W" 8 1 38 0.452 0.25 20.1 25.9 22.8 3.6 1.3 6.4 18.4 18.3 102 97 12.5 -1.1
"11" "11" 1995-11-24 29.42 "DEN" "@" "DAL" "W" 3 1 47 0.4 0.4 11.7 22.2 17.6 2.8 1.2 10.8 16.7 5.8 111 102 14 2.6
"12" "12" 1995-11-25 29.42 "DEN" "" "UTA" "W" 3 1 27 0.725 0 4.1 21.7 12.7 6.1 2 2.6 26.6 13 124 97 7.6 2.1
"13" "13" 1995-11-28 29.43 "DEN" "@" "SAC" "L" -6 1 45 0.34 0.286 11.9 25 18 0 0 12.7 19.8 19 70 90 9.5 -2.5
"14" "14" 1995-12-02 29.44 "DEN" "" "MIN" "W" 4 1 46 0.764 0.7 7.6 33.1 20.4 7.5 1.1 15.1 17.2 16.6 133 94 28.2 10.1
"15" "15" 1995-12-04 29.44 "DEN" "" "DET" "W" 3 1 42 0.455 0.364 12 16.8 14.3 5.6 0 19.8 16.3 21.5 90 89 13 1.4
"16" "16" 1995-12-07 29.45 "DEN" "@" "UTA" "W" 5 1 44 0.735 0.667 3.6 21.4 14.8 8.9 2.4 8.4 29.6 7.2 126 120 13.7 4
"17" "17" 1995-12-08 29.45 "DEN" "" "PHO" "W" 5 1 42 0.697 0.75 6 26.6 16.9 3.6 1.2 9.5 30 14.1 93 95 14.4 2
"18" "18" 1995-12-11 29.46 "DEN" "@" "PHI" "W" 13 1 31 0.615 0.5 15.1 18.2 16.8 8.6 0 20.2 0 7.3 163 93 14.3 8.4
"19" "19" 1995-12-12 29.47 "DEN" "@" "IND" "L" -33 1 27 0.537 0.333 22.7 38.1 28.4 0 1.8 5.6 38 16.1 87 120 6.5 -4.4
"20" "20" 1995-12-14 29.47 "DEN" "@" "NYK" "W" 9 1 45 0.477 0.467 11.6 20.3 15.8 6.2 0 6.2 0 16.8 121 103 16 1.9
"21" "21" 1995-12-16 29.48 "DEN" "@" "ATL" "L" -9 1 46 0.413 0.417 9.7 32.7 22.2 7.5 0 8.7 27.3 17.8 72 92 10.8 -1.1
"22" "22" 1995-12-17 29.48 "DEN" "@" "CLE" "L" -13 1 42 0.523 0.429 18.6 23.5 20.8 5.1 0 6.1 22.2 15.7 102 114 11.7 -1.1
"23" "23" 1995-12-20 29.49 "DEN" "" "GSW" "W" 5 1 45 0.645 0.6 13.1 13.7 13.3 0 0 10 17.7 14.9 118 111 18.3 0.4
"24" "24" 1995-12-21 29.49 "DEN" "@" "SAS" "L" -18 1 36 0.492 0.455 12.6 37.6 23.2 4.4 0 6.8 23.3 20.4 89 112 11.6 -3
"25" "25" 1995-12-23 29.5 "DEN" "" "LAC" "L" -15 1 36 0.638 0.6 11.6 22.2 15.8 0 1.4 9.1 25.4 19.3 101 108 13.6 1
"26" "26" 1995-12-26 29.5 "DEN" "" "DAL" "W" 12 1 38 0.571 0.571 18.6 35.7 28.4 6.7 1.3 8.3 29.3 16.8 101 96 15 -0.7
"27" "27" 1995-12-27 29.51 "DEN" "@" "SEA" "L" -16 1 39 0.418 0.333 8.6 29.4 19.4 4.9 0 8.9 15.7 14.6 88 101 10.3 2.2
"28" "28" 1995-12-29 29.51 "DEN" "@" "PHO" "L" -11 1 30 0.85 0.8 0 56.8 25.9 0 1.7 5.1 14.5 10.9 139 103 12 5.9
"29" "29" 1995-12-30 29.52 "DEN" "" "PHI" "W" 8 1 42 0.622 0.571 13.1 21.1 17.2 10.6 1.3 8.5 9.4 11.5 140 107 16 3.8
"30" "30" 1996-01-02 29.52 "DEN" "" "IND" "L" -15 1 39 0.41 0.375 16.8 12.3 15 8.1 0 11.2 23.5 14.1 87 118 8.6 -4.2
"31" "31" 1996-01-04 29.53 "DEN" "@" "SAC" "L" -30 1 31 0.425 0.4 7.2 28.2 16.3 0 0 15.3 14.5 20.3 81 130 8.7 -6.4
"32" "32" 1996-01-06 29.53 "DEN" "" "MIA" "L" -2 1 28 0.441 0.25 3.4 20.4 11.1 13.4 0 12.2 16.4 19.4 90 90 7 1.3
"33" "33" 1996-01-07 29.54 "DEN" "@" "LAL" "W" 3 1 24 0.174 0 0 35 20.6 5.6 0 11.3 51 12.1 28 95 -0.6 -9
"34" "34" 1996-01-10 29.55 "DEN" "@" "VAN" "W" 6 1 41 0.608 0.5 12.7 29.3 21.7 11.6 1.3 1.6 14.8 15.4 124 89 15.5 3.9
"35" "35" 1996-01-12 29.55 "DEN" "" "CLE" "W" 7 1 35 0.683 0.5 19.6 21.4 20.6 23.7 0 6.9 17.4 17.5 141 100 16.3 10.9
"36" "36" 1996-01-13 29.55 "DEN" "" "POR" "L" -1 1 31 0.773 0.667 4.1 34.4 18.8 7.6 1.6 9.2 56.3 12.5 77 113 6.4 -1.4
"37" "37" 1996-01-16 29.56 "DEN" "@" "POR" "L" -18 1 40 0.533 0.444 5.3 22.3 13.6 0 1.4 3.6 16.2 14.9 94 94 9.7 1.1
"38" "38" 1996-01-17 29.56 "DEN" "" "HOU" "L" -8 1 34 0.75 0.75 7.4 43.4 25.7 0 3 9.4 20 6.6 124 114 11.2 -0.1
"39" "39" 1996-01-20 29.57 "DEN" "" "SAC" "L" -5 1 41 0.94 0.875 8.6 23.4 14.8 4.1 1.3 3.6 8.6 12.6 178 121 21.6 7.4
"40" "40" 1996-01-24 29.58 "DEN" "@" "SEA" "L" -7 1 27 0.82 0.75 10.8 52.9 33 31.4 0 14.5 0 9 181 84 14.7 17.2
"41" "41" 1996-01-25 29.59 "DEN" "@" "LAC" "L" -1 1 33 0.81 0.778 11.2 14.1 12.5 0 0 4.6 28.8 19.5 114 111 11.7 0.4
"42" "42" 1996-01-27 29.59 "DEN" "" "TOR" "W" 11 1 36 0.681 0.6 7 18.7 14 4.2 0 14.8 19.8 12.9 117 83 15.5 4.7
"43" "43" 1996-01-30 29.6 "DEN" "@" "MIN" "W" 2 1 44 0.773 0.667 7.1 31.8 19.7 3.4 0 12.6 20.5 9.7 131 80 19.5 5.8
"44" "44" 1996-02-01 29.61 "DEN" "@" "MIL" "L" -6 1 44 0.634 0.556 11.5 20.1 15.8 3.5 2.4 4.5 18.3 17 117 113 16.2 1.7
"45" "45" 1996-02-04 29.61 "DEN" "" "CHI" "W" 6 1 47 0.753 0.5 12.8 27.1 21.4 7.9 0 7.3 0 6.6 176 98 19.1 8.7
"46" "46" 1996-02-06 29.62 "DEN" "" "LAL" "L" -21 1 44 0.82 0.8 11.6 31.9 21.1 4.5 1.2 13.4 0 13.2 169 98 29.4 14.5
"47" "47" 1996-02-08 29.62 "DEN" "" "LAC" "W" 20 1 39 0.645 0.5 9.7 33.3 21.3 9.8 1.3 9.3 6.7 17 142 97 22.9 7.9
"48" "48" 1996-02-13 29.64 "DEN" "@" "ORL" "L" -28 1 31 0.635 0.714 10.6 34 21.9 4.7 0 4.1 11.3 12.8 115 117 11 -0.7
"49" "49" 1996-02-15 29.64 "DEN" "@" "MIA" "L" -6 1 27 0.607 0.556 7.6 19.8 13.5 12.6 1.9 4.9 16.8 20.1 111 99 11.6 5.4
"50" "50" 1996-02-22 29.66 "DEN" "@" "POR" "L" -29 1 32 0.178 0.125 3.2 18.8 9.5 10.5 0 14.8 26.2 16.6 39 111 0.3 -9.1
"51" "51" 1996-02-24 29.67 "DEN" "" "UTA" "W" 9 1 32 0.8 0.8 11.8 21.4 17.2 10 0 2.3 50 13.6 82 95 7 -0.9
"52" "52" 1996-02-27 29.68 "DEN" "" "WSB" "W" 4 1 25 0.628 0.571 17.9 14.8 16.2 7.6 2 14.4 0 15.7 144 87 16 13.7
"53" "53" 1996-02-29 29.68 "DEN" "" "DAL" "L" -17 1 23 0.563 0.625 26.6 26.6 26.6 23.5 0 3.9 18.4 18.4 120 130 11.1 1.3
"54" "54" 1996-03-02 29.69 "DEN" "" "VAN" "W" 26 1 29 0.353 0.25 0 41.4 25.3 4.7 0 12 36.1 17.1 51 69 3.5 -3.9
"55" "55" 1996-03-04 29.69 "DEN" "" "SAS" "L" -11 1 25 0.368 0.3 15.7 38.4 25.1 7 0 6.4 8.4 21.1 91 108 7.4 -3.2
"56" "56" 1996-03-06 29.7 "DEN" "@" "SAS" "L" -10 1 35 0.53 0.455 14.9 31.3 22 13.6 4.9 4 0 18.6 132 106 19.1 10.1
"57" "57" 1996-03-07 29.7 "DEN" "" "PHO" "W" 11 1 40 0.376 0.25 9.7 19.1 14.8 6.8 0 13.2 0 16.7 117 96 13.4 2
"58" "58" 1996-03-09 29.71 "DEN" "" "GSW" "W" 14 1 39 0.872 0.833 17.6 14.5 15.6 4 0 8.1 0 8 189 94 17.4 9.1
"59" "59" 1996-03-10 29.71 "DEN" "" "NJN" "L" -11 1 36 0.418 0.444 6.3 23.5 14 8.2 0 5.9 8.5 14.6 91 107 6.8 -3
"60" "60" 1996-03-12 29.72 "DEN" "" "ORL" "W" 17 1 37 0.81 0.833 3.7 20.8 13.7 7.7 0 8.9 0 10.3 172 96 17.1 9.7
"61" "61" 1996-03-15 29.72 "DEN" "@" "CHI" "L" -21 1 38 0.4 0.4 7 25.9 16.8 13.9 0 6.8 28.6 8.9 90 119 8.3 1.4
"62" "62" 1996-03-17 29.73 "DEN" "@" "DET" "L" -10 1 39 0.226 0 3 34.2 17.6 0 0 20.1 23.1 11.3 45 94 6.2 -2.8
"63" "63" 1996-03-18 29.73 "DEN" "@" "TOR" "W" 8 1 44 0.752 0.833 6.8 26.7 18.4 6.1 0 6.8 18.8 10.8 129 116 14.9 -0.1
"64" "64" 1996-03-21 29.74 "DEN" "@" "NJN" "L" -8 1 35 0.543 0.5 11.7 17.9 14.7 0 0 14.8 7.2 19 117 105 14.8 4
"65" "65" 1996-03-22 29.74 "DEN" "@" "BOS" "L" -1 1 32 0.515 0.333 26.3 17 21.4 12.2 1.7 8.2 11.4 12.8 134 107 13.6 3.7
"66" "66" 1996-03-24 29.75 "DEN" "@" "WSB" "L" -2 1 44 0.446 0.364 0 27.3 15.6 0 1.3 8 19.6 16.2 82 97 8.1 -1.9
"67" "67" 1996-03-26 29.75 "DEN" "" "CHH" "L" -7 1 51 0.639 0.556 14.7 44.3 29.1 0 1.1 9.1 0 11.3 151 94 26.6 7.1
"68" "68" 1996-03-28 29.76 "DEN" "@" "VAN" "W" 4 1 36 0.587 0.4 9.3 30.3 19.9 8.8 1.6 4.1 19 13.7 117 99 12.2 0.9
"69" "69" 1996-03-30 29.76 "DEN" "" "MIL" "W" 13 1 34 0.592 0.6 8.1 26.1 19 4.1 0 11.1 12.9 10.9 115 83 12.3 3.2
"70" "70" 1996-04-02 29.77 "DEN" "" "MIN" "W" 8 1 45 0.579 0.5 10.2 39.3 24 6.7 1.3 7.2 18.8 11.8 115 89 16 4.8
"71" "71" 1996-04-04 29.78 "DEN" "@" "GSW" "L" -8 1 32 0.676 0.625 13.6 14.6 14.1 18.4 0 0 25.3 16.2 115 111 9.5 0.1
"72" "72" 1996-04-05 29.78 "DEN" "" "POR" "L" -6 1 39 0.554 0.5 10 29.4 20.8 4.3 1.3 7 24 20.8 93 94 12.1 -0.8
"73" "73" 1996-04-09 29.79 "DEN" "" "LAL" "W" 7 1 34 0.437 0.429 13.8 36.8 24.7 5.1 0 6.9 0 18 120 96 13.9 4.3
"74" "74" 1996-04-15 29.81 "DEN" "" "SAC" "L" -4 1 30 0.357 0.25 7.8 19.4 13 0 2 11.2 10.6 15.9 79 103 5 -4.3
"1" "1" 1996-11-01 30.35 "ATL" "@" "MIA" "L" -13 1 38.6333333333333 0.514 0.429 23.3 25.8 24.6 5.8 0 2.2 31.3 15.4 92 105 8.7 -3.3
"2" "2" 1996-11-02 30.36 "ATL" "" "DET" "L" -12 1 36.5333333333333 0.441 0.167 21 15.1 17.8 9.4 0 4.7 24.8 15.9 97 109 8.1 0.1
"3" "3" 1996-11-04 30.36 "ATL" "@" "POR" "W" 18 1 40.8666666666667 0.44 0.385 8.8 12.3 10.5 0 2.7 11.9 0 17.3 106 83 13.1 9.7
"4" "4" 1996-11-05 30.36 "ATL" "@" "SEA" "W" 22 1 26.6166666666667 0.625 0.625 0 4.5 2.4 0 0 11.5 11.1 16 109 106 5.8 -3.1
"5" "5" 1996-11-07 30.37 "ATL" "@" "SAC" "W" 4 1 45.3333333333333 0.781 0.818 11.6 40 24.8 0 0 6.1 26.2 19 115 91 21.7 6.8
"6" "6" 1996-11-10 30.38 "ATL" "@" "LAL" "L" -7 1 37.8 0.502 0.375 5.4 18 10.8 4.8 0 6.2 14.3 17.4 97 106 8.5 -3.3
"7" "7" 1996-11-12 30.38 "ATL" "" "CLE" "W" 4 1 40.4666666666667 0.23 0.2 9.7 20.6 15 8.1 0 5.3 21.6 17.1 59 101 0.9 -9.4
"8" "" 1996-11-12 30.38 "IND" "@" "DAL" "L" -21 NA NA NA NA NA NA NA NA NA NA NA NA NA NA NA NA
"9" "8" 1996-11-13 30.39 "ATL" "@" "BOS" "L" -18 1 30.1833333333333 0.63 0.667 3.4 29.5 15.1 17.3 0 2.8 45.7 12.7 79 108 4.7 -5.6
"10" "9" 1996-11-15 30.39 "ATL" "" "MIA" "W" 8 1 29.3166666666667 0.542 0.5 24.2 40.5 32.7 21.5 2 12 15.3 22.1 116 77 15.9 10
"11" "10" 1996-11-16 30.39 "ATL" "@" "CHI" "L" -28 1 35.9833333333333 0.398 0.4 8 31.4 17.5 6.5 0 4.2 26.1 20.2 69 113 4.6 -5.3
"12" "11" 1996-11-19 30.4 "ATL" "@" "CLE" "L" -10 1 35.6666666666667 0.193 0.167 8.7 17.8 13.2 12.3 1.6 6 27.9 15.3 47 86 3 -3.7
"13" "12" 1996-11-21 30.41 "ATL" "@" "MIL" "W" 8 1 44.8666666666667 0.485 0.5 14.4 13.6 14 5.2 0 14 10.2 22 101 79 15.6 7.4
"14" "13" 1996-11-23 30.41 "ATL" "@" "TOR" "W" 3 1 40.2333333333333 0.882 0.875 8.6 22.1 16.4 0 0 2 16.4 15.3 147 103 15.8 4.3
"15" "14" 1996-11-26 30.42 "ATL" "" "VAN" "W" 21 1 34.0333333333333 0.595 0.6 12.8 48 31.5 8.7 0 5.9 14.5 18 115 75 17.6 5.6
"16" "15" 1996-11-27 30.42 "ATL" "@" "ORL" "L" -4 1 39.7 0.784 0.727 16.4 21.3 18.9 6.2 0 8.4 7.3 17.4 157 98 23.8 14.4
"17" "16" 1996-11-29 30.43 "ATL" "" "WSB" "W" 29 1 33.9666666666667 0.636 0.588 23.5 28.9 26.5 0 3 11.2 4.8 27.3 141 76 28.1 12.6
"18" "17" 1996-12-03 30.44 "ATL" "" "BOS" "W" 10 1 29.4333333333333 0.581 0.467 22.1 32.3 26.9 5.8 0 24 14.2 30.7 121 87 22.3 7.5
"19" "18" 1996-12-04 30.44 "ATL" "@" "DET" "L" -10 1 32.35 0.667 0.667 13.6 28.6 19.4 10.3 0 6.1 45.5 18.9 86 127 4.9 -6.8
"20" "" 1996-12-07 30.45 "ATL" "" "TOR" "W" 26 NA NA NA NA NA NA NA NA NA NA NA NA NA NA NA NA
"21" "19" 1996-12-10 30.46 "ATL" "" "DEN" "W" 1 1 37.5333333333333 0.4 0.4 6.2 26.2 17.5 0 1.5 5.5 28.6 9 72 92 6.3 -1.7
"22" "20" 1996-12-14 30.47 "ATL" "" "PHI" "W" 25 1 33.7 0.742 0.714 11.4 20.2 16.4 4.6 0 13.2 18.6 15.1 130 87 14.4 4.8
"23" "21" 1996-12-17 30.48 "ATL" "@" "DAL" "W" 36 1 32.9666666666667 0.556 0.556 11.2 26.7 19.8 8.9 1.7 16.7 18.2 16.2 113 68 15.4 7.2
"24" "22" 1996-12-20 30.49 "ATL" "" "NJN" "W" 14 1 38.85 0.482 0.364 21.1 30.1 26.4 3.7 1.3 6.9 17.1 19.5 106 91 15.2 0.1
"25" "23" 1996-12-21 30.49 "ATL" "@" "CHH" "L" -5 1 42.0833333333333 0.663 0.583 16.9 14.7 16 4.8 0 15.1 11.7 17.6 138 104 24.1 11.3
"26" "24" 1996-12-23 30.5 "ATL" "@" "NYK" "L" -6 1 41.4333333333333 0.517 0.375 5 12.3 8.3 0 1.5 2.2 0 13.3 123 107 10.1 0.8
"27" "25" 1996-12-26 30.5 "ATL" "" "CHI" "W" 5 1 32.7666666666667 0.518 0.4 10.1 26.4 18.4 0 0 2.2 30.7 13.1 91 116 4.9 -5.4
"28" "26" 1996-12-28 30.51 "ATL" "@" "WSB" "L" -11 1 35.6166666666667 0.41 0.333 9.8 11.3 10.6 4.5 0 1.6 21.5 12.2 85 112 3.7 -5.9
"29" "27" 1997-01-03 30.53 "ATL" "@" "NJN" "W" 10 1 41.3166666666667 0.615 0.5 16.7 15.3 16 13.6 1.4 7.8 10.5 21.8 136 98 22.7 9.8
"30" "28" 1997-01-04 30.53 "ATL" "" "NYK" "W" 17 1 39.3 0.674 0.714 9 32.1 21.2 9.9 1.4 5.7 29.3 17.8 104 73 13.9 5.7
"31" "29" 1997-01-07 30.54 "ATL" "" "PHO" "W" 2 1 50.3333333333333 0.879 0.778 11.5 33.9 23.2 7.4 0 7.9 28.5 15.7 133 96 25.5 8.5
"32" "30" 1997-01-09 30.54 "ATL" "@" "ORL" "W" 5 1 47.8 0.58 0.5 13 25.8 20.4 10.8 0 8.1 11.4 9.1 137 102 14.3 4.5
"33" "31" 1997-01-11 30.55 "ATL" "" "SAS" "W" 5 1 48.55 0.584 0.5 16.2 28.5 23.4 8.4 0 2.7 13.5 15.5 122 84 17.3 5.6
"34" "32" 1997-01-13 30.55 "ATL" "@" "CLE" "W" 14 1 40.8333333333333 0.775 0.778 4.5 37.1 24.5 13.6 0 4.4 22.5 19.2 124 98 16.4 6.9
"35" "33" 1997-01-14 30.56 "ATL" "" "MIN" "W" 2 1 36.2666666666667 0.473 0.333 5.8 25.6 13 9.2 1.5 5.7 14.7 16.7 103 105 8.6 1.1
"36" "34" 1997-01-16 30.56 "ATL" "" "ORL" "W" 11 1 41.1833333333333 0.513 0.455 11.7 27.5 20.6 0 0 10.1 12.8 18.4 108 76 13.4 3.2
"37" "35" 1997-01-18 30.57 "ATL" "" "MIL" "W" 23 1 41.0333333333333 0.4 0.417 10.2 25.1 17.3 3.8 0 12.4 17.9 17.7 80 72 10.3 -0.8
"38" "36" 1997-01-20 30.57 "ATL" "" "CHH" "W" 9 1 37.7333333333333 0.571 0.571 6.6 28.4 18.9 7.2 0 4.3 0 12.8 135 108 13.2 3.5
"39" "37" 1997-01-21 30.58 "ATL" "@" "MIA" "L" -3 1 42.1166666666667 0.729 0.667 6.5 33.1 20.4 9.4 0 4 7.1 17.5 150 112 19.3 8.1
"40" "38" 1997-01-24 30.58 "ATL" "" "WSB" "W" 12 1 49.5833333333333 0.71 0.643 10.3 23.6 17.3 0 0 6.2 15.6 19 128 107 21.9 2.5
"41" "39" 1997-01-25 30.59 "ATL" "" "BOS" "W" 5 1 28.5166666666667 0.858 0.875 44.7 20.2 31.8 19.5 1.9 2.4 39.2 24.2 114 102 17.1 6.2
"42" "40" 1997-01-28 30.59 "ATL" "@" "LAC" "W" 16 1 38.1166666666667 0.53 0.455 0 24.7 14.8 6.4 1.3 17.4 7 18 108 91 17.2 4.7
"43" "41" 1997-01-30 30.6 "ATL" "@" "UTA" "L" -6 1 46.0833333333333 0.635 0.571 0 29.8 13.3 4 0 4.8 11.3 10.2 119 126 9.3 0.6
"44" "42" 1997-01-31 30.6 "ATL" "@" "VAN" "W" 11 1 41.0666666666667 0.543 0.5 13 28.6 21.7 13 1.5 13.9 18.9 19.6 108 82 17.5 7.9
"45" "43" 1997-02-02 30.61 "ATL" "@" "DEN" "L" -11 1 26.2833333333333 0.205 0.167 7.2 38.9 20.7 5 0 2.8 21.5 15.7 54 122 0.4 -16.6
"46" "44" 1997-02-04 30.61 "ATL" "@" "GSW" "W" 22 1 33.7333333333333 0.4 0.286 7.1 9.6 8.4 3.6 1.7 4.3 10.2 13.7 99 101 5.3 -7.1
"47" "45" 1997-02-05 30.62 "ATL" "@" "PHO" "L" -18 1 25.2833333333333 0.84 0.667 0 27.4 13.2 7.1 2.2 0 38.7 13.8 103 105 5.6 -2.4
"48" "46" 1997-02-12 30.64 "ATL" "" "TOR" "W" 22 1 41.3333333333333 0.676 0.636 15 19 16.9 7.4 0 9 10.9 19.6 139 96 22.2 7.2
"49" "47" 1997-02-14 30.64 "ATL" "" "CHI" "L" -1 1 44.3666666666667 0.638 0.643 17.8 29.8 23.8 8.7 1.3 6.8 6.3 17.7 138 94 24.3 11.5
"50" "48" 1997-02-15 30.64 "ATL" "@" "SAS" "W" 20 1 28.0166666666667 0.436 0.333 5 35.9 22.3 12.7 4.1 13.4 30.4 16.2 89 87 9.8 1.3
"51" "49" 1997-02-17 30.65 "ATL" "@" "HOU" "L" -29 1 31.3333333333333 0.581 0.5 0 25.8 10.9 9.6 0 5.6 22.5 13 97 133 6.5 -4.7
"52" "50" 1997-02-19 30.65 "ATL" "" "IND" "W" 13 1 34.6 0.556 0.5 10.8 23.4 17.4 9.4 1.6 9.3 6.1 22.8 122 94 17.2 6.9
"53" "51" 1997-02-21 30.66 "ATL" "" "HOU" "W" 2 1 45.65 0.514 0.429 6.5 15.6 10.7 4 1.3 14.1 10.2 10.7 108 85 13.6 4.3
"54" "52" 1997-02-22 30.66 "ATL" "" "CHH" "L" -1 1 29.5833333333333 0.528 0.545 13.6 25.9 19 11.7 0 0 14 21.6 112 113 10.1 2.3
"55" "53" 1997-02-24 30.67 "ATL" "" "GSW" "W" 6 1 43.3833333333333 0.403 0.364 7.2 20.7 13.5 3.1 1.3 4.2 18 18.5 81 115 5.5 -9.2
"56" "54" 1997-02-26 30.67 "ATL" "@" "MIL" "W" 7 1 34.1166666666667 0.489 0.462 9.6 29 18.7 0 5.1 11.2 17.3 24.1 89 70 12.5 3.4
"57" "55" 1997-02-28 30.68 "ATL" "" "LAL" "W" 11 1 43.9333333333333 0.765 0.733 3 31.5 18.9 5 1.3 7.8 18.5 25.2 122 82 25.2 11.7
"58" "56" 1997-03-02 30.68 "ATL" "@" "DET" "L" -7 1 43.4666666666667 0.491 0.471 8.4 28.7 17.9 5.1 1.5 8 0 22.7 113 100 17 6.9
"59" "57" 1997-03-04 30.69 "ATL" "" "CLE" "W" 5 1 34.2 0.934 0.857 0 27.5 16.2 19.7 0 4.8 23.7 21.6 145 108 16.5 8
"60" "58" 1997-03-06 30.7 "ATL" "@" "PHI" "W" 13 1 33.4166666666667 0.694 0.5 10.6 31.9 21.3 7.9 3 10.7 0 11.1 166 95 19.9 9.4
"61" "59" 1997-03-07 30.7 "ATL" "" "MIL" "W" 10 1 39.6833333333333 0.436 0.421 17.1 27.9 22.6 0 1.4 3.6 8 30.4 92 88 13.5 -3.7
"62" "60" 1997-03-09 30.7 "ATL" "@" "BOS" "W" 24 1 25.9333333333333 0.628 0.714 13.2 40.6 28.1 5.2 1.7 11.7 18.6 16.7 107 72 14 5.5
"63" "61" 1997-03-11 30.71 "ATL" "" "UTA" "W" 7 1 44.2 0.6 0.375 11.7 38.7 25.9 0 2.5 0 17.5 19.2 118 109 13.8 0
"64" "62" 1997-03-12 30.71 "ATL" "@" "IND" "L" -10 1 32.75 0.926 0.833 12.8 26.1 19.9 7.4 1.8 7.4 18.8 16.4 157 104 19 12.8
"65" "63" 1997-03-14 30.72 "ATL" "" "SEA" "L" -6 1 39.4166666666667 0.514 0.429 12 21.5 16.7 0 4.3 6.2 18.6 24.8 98 102 13.8 2.5
"66" "64" 1997-03-15 30.72 "ATL" "@" "CHI" "L" -20 1 30.7166666666667 0.291 0.167 3.4 23.8 12.9 5.9 1.8 8.8 12.7 11.6 71 107 5.8 -1.3
"67" "" 1997-03-17 30.73 "ATL" "" "ORL" "W" 5 NA NA NA NA NA NA NA NA NA NA NA NA NA NA NA NA
"68" "65" 1997-03-19 30.73 "ATL" "" "IND" "W" 12 1 42.4 0.672 0.556 25.8 32.2 29.4 10.6 1.4 3.7 13 17.8 148 109 22.8 7.6
"69" "66" 1997-03-21 30.74 "ATL" "" "DAL" "W" 21 1 39.4333333333333 0.533 0.5 8.8 49.2 32.6 11.5 0 4.2 19.2 14.2 110 81 11.1 1
"70" "67" 1997-03-23 30.74 "ATL" "@" "TOR" "W" 11 1 38.2 0.533 0.5 14.4 29.1 22.2 0 0 6.2 33 23.7 80 95 8.4 -5.5
"71" "68" 1997-03-25 30.75 "ATL" "" "POR" "W" 7 1 43.3833333333333 0.652 0.571 6.8 26.6 17.9 4.3 1.3 5.2 17.9 26.9 112 99 19.2 2.1
"72" "69" 1997-03-27 30.75 "ATL" "" "LAC" "W" 15 1 27.3166666666667 0.707 0.714 4.8 11.1 8.4 7.4 0 5.6 9.8 17.3 135 105 10.8 4
"73" "70" 1997-03-29 30.76 "ATL" "" "SAC" "W" 14 1 36.6666666666667 0.645 0.75 20 25.9 23.2 10.7 1.5 8 32.6 22.8 92 79 14.9 3.4
"74" "71" 1997-04-02 30.77 "ATL" "@" "CHH" "L" -11 1 40.55 0.76 0.714 11.7 17.7 14.4 0 0 0 8.7 13.5 150 115 13.6 3.2
"75" "72" 1997-04-04 30.78 "ATL" "" "DET" "W" 14 1 45.6333333333333 0.473 0.444 23.5 19.4 21.4 3.4 1.3 7.6 7.9 13.6 126 109 15.3 0.3
"76" "73" 1997-04-05 30.78 "ATL" "" "NYK" "L" -5 1 38.4 0.746 0.714 7.2 15.8 11.3 5.1 0 5.6 30.5 21 108 118 10.2 -1.7
"77" "74" 1997-04-09 30.79 "ATL" "@" "PHI" "W" 15 1 26.0666666666667 0.387 0.167 3.6 33.6 19.2 4.3 0 13.7 20.5 13.8 81 84 7.6 -3.8
"78" "75" 1997-04-11 30.79 "ATL" "@" "IND" "W" 12 1 39.4666666666667 0.649 0.545 4.1 23.1 13.9 4 4.3 0 24.5 26.2 104 102 14.3 -0.5
"79" "76" 1997-04-12 30.8 "ATL" "@" "MIN" "W" 14 1 31.1666666666667 0.436 0.333 6.2 26.9 16.1 0 0 7.6 12.7 12.2 95 75 5.9 -1.6
"80" "77" 1997-04-15 30.81 "ATL" "" "NJN" "W" 8 1 40.55 0.671 0.667 9.5 27.9 19.3 18.7 0 5.4 26.8 13.3 122 113 13.7 1.7
"81" "78" 1997-04-16 30.81 "ATL" "@" "NYK" "L" -4 1 44.0833333333333 0.656 0.556 8.8 30.7 19 8.9 1.2 1.9 0 14.2 151 109 17.8 5.4
"82" "79" 1997-04-19 30.82 "ATL" "" "PHI" "W" 32 1 26.05 0.697 0.75 12.3 23.5 19.5 8.2 0 11.7 0 15.2 154 96 17 7.8
"83" "80" 1997-04-20 30.82 "ATL" "@" "NJN" "L" -16 1 14.6333333333333 0.266 0 11.2 35.6 22 8.6 3.4 0 0 10.6 93 104 4 -3.9
"1" "1" 1997-10-31 31.35 "ATL" "@" "ORL" "W" 6 1 27.9833333333333 0.707 0.571 10.7 42.9 28.6 0 0 2.5 30.3 22.7 107 108 9.6 -2.3
"2" "2" 1997-11-01 31.35 "ATL" "" "TOR" "W" 5 1 36.15 0.758 0.727 19 18.7 18.8 0 0 6.8 25.2 20.2 117 92 17.1 5.1
"3" "3" 1997-11-04 31.36 "ATL" "" "DET" "W" 11 1 39.75 0.709 0.667 10.3 26.1 19.3 9.2 0 5.2 20.5 12 127 81 13.8 9.8
"4" "4" 1997-11-05 31.36 "ATL" "@" "PHI" "W" 5 1 38.85 0.54 0.467 12.6 36 24.6 4.5 1.4 15.6 9.7 24.2 117 87 22 7.1
"5" "5" 1997-11-07 31.37 "ATL" "" "CHI" "W" 2 1 42.6833333333333 0.546 0.417 5.1 25.8 14.8 4.8 1.3 9.3 6.4 17.1 120 82 17 8.4
"6" "6" 1997-11-08 31.37 "ATL" "@" "CLE" "W" 2 1 43.4166666666667 0.515 0.417 8.5 26.1 19.8 4.3 0 11.1 27.9 26.1 83 97 12.7 -3
"7" "7" 1997-11-11 31.38 "ATL" "" "SEA" "W" 2 1 40.4 0.588 0.545 12.6 15.4 14 10.1 0 9.1 13.6 18 121 104 16.1 8
"8" "8" 1997-11-12 31.38 "ATL" "@" "IND" "W" 3 1 42.5 0.662 0.667 25.2 24.8 25 4.5 0 3.8 5 23.2 141 108 24 8.3
"9" "9" 1997-11-14 31.39 "ATL" "" "SAC" "W" 1 1 33.2666666666667 0.379 0.364 9.7 18.2 14.1 0 0 7.6 7.8 16.8 90 108 6.6 -5.4
"10" "10" 1997-11-16 31.39 "ATL" "" "LAC" "W" 6 1 39.6666666666667 0.554 0.364 17.1 25.8 21.8 0 0 2 5.5 22.4 126 94 16.8 2.1
"11" "11" 1997-11-18 31.4 "ATL" "" "WAS" "W" 9 1 39.0166666666667 0.397 0.333 10.5 19.4 14.8 0 0 10.2 5.4 21.3 97 93 12 0.9
"12" "12" 1997-11-20 31.41 "ATL" "" "NYK" "L" -21 1 39.8333333333333 0.551 0.5 8.8 26.3 17.6 5.5 0 0 8.4 14.6 115 117 10.3 -0.4
"13" "13" 1997-11-22 31.41 "ATL" "@" "DET" "L" -2 1 42.7 0.63 0.583 3.6 39.6 21.6 9.2 1.3 4.1 21 22.1 105 99 15.2 4.5
"14" "14" 1997-11-26 31.42 "ATL" "@" "TOR" "W" 5 1 54.5333333333333 0.518 0.5 18.7 21.9 20.4 0 0 6.9 15.4 32.1 96 94 23.1 -1.7
"15" "15" 1997-11-29 31.43 "ATL" "" "CHH" "W" 18 1 37.1333333333333 0.654 0.6 10 31.7 21.6 0 0 2 28.2 13.5 105 88 8.4 -1.2
"16" "16" 1997-11-30 31.43 "ATL" "" "SAS" "W" 12 1 36.4666666666667 0.729 0.833 8.1 35.4 22 4.1 0 5.9 6.2 21.4 135 111 20.3 6.4
"17" "17" 1997-12-02 31.44 "ATL" "@" "DAL" "W" 33 1 32.2833333333333 0.627 0.5 6.4 7.8 7.1 7.7 3.3 6.1 14.3 19.3 124 85 16 7.9
"18" "18" 1997-12-04 31.44 "ATL" "@" "HOU" "L" -7 1 39.5166666666667 0.633 0.6 9.7 15.4 12.6 0 1.4 1.7 7.3 16.9 125 108 14.5 1.5
"19" "19" 1997-12-09 31.46 "ATL" "" "MIA" "L" -16 1 37.1833333333333 0.593 0.5 6.5 15.7 10.7 4.9 0 2.1 17.7 14.8 109 119 7.4 -2
"20" "20" 1997-12-11 31.46 "ATL" "@" "PHO" "L" -16 1 28.8 0.41 0.25 3.4 24.2 13 0 0 4.9 9.3 16.2 89 102 4.5 -4.3
"21" "21" 1997-12-12 31.47 "ATL" "@" "LAC" "W" 9 1 43.1833333333333 0.612 0.636 8.6 34.3 21.5 8.9 1.2 9.6 20.8 15.8 102 76 16.1 5.4
"22" "22" 1997-12-14 31.47 "ATL" "@" "SAC" "W" 4 1 36.2 0.405 0.333 14.8 27.3 21.7 0 0 10.5 33.6 19.7 69 95 5.6 -7
"23" "23" 1997-12-15 31.47 "ATL" "@" "POR" "W" 9 1 40.8 0.552 0.6 19.5 6.9 13.9 8.8 0 4.1 5.5 21.3 125 115 15.4 0.6
"24" "24" 1997-12-17 31.48 "ATL" "" "CLE" "W" 11 1 33.6833333333333 0.392 0.25 8.6 13.4 11.3 0 1.7 11.3 22.7 19.8 73 93 6.4 -3.4
"25" "25" 1997-12-19 31.48 "ATL" "" "LAL" "L" -2 1 38.3666666666667 0.735 1 12 11.5 11.8 8.3 2.8 5.7 29.6 15.8 104 106 13.7 3.8
"26" "26" 1997-12-20 31.49 "ATL" "@" "MIA" "L" -7 1 38.55 0.715 0.5 17.6 29.8 22.5 4.9 0 11.5 27.4 20.5 121 112 21 7.8
"27" "27" 1997-12-22 31.49 "ATL" "" "UTA" "L" -2 1 39.1833333333333 0.815 0.857 3.7 22.4 14.4 10 0 3.4 0 12.1 170 117 16 7.2
"28" "28" 1997-12-26 31.5 "ATL" "@" "MIL" "L" -5 1 40.0166666666667 0.49 0.429 12.3 19.4 15.8 0 3 10.5 6.1 20.1 112 101 16.6 5.1
"29" "29" 1997-12-27 31.51 "ATL" "@" "CHI" "L" -7 1 36.7833333333333 0.495 0.4 3 27 15.7 9.8 0 4.8 0 10.3 118 105 9.7 2
"30" "30" 1998-01-02 31.52 "ATL" "@" "LAL" "L" -10 1 25.4 0.82 0.75 27.4 26.2 26.8 0 0 10.2 17 9.5 155 113 13.4 4.6
"31" "31" 1998-01-03 31.53 "ATL" "@" "UTA" "L" -15 1 39.5833333333333 0.379 0.273 19.1 28 22.7 17.5 1.4 5.4 0 16.1 113 112 15.2 4.9
"32" "32" 1998-01-07 31.54 "ATL" "@" "GSW" "W" 20 1 39.0166666666667 0.738 0.75 3.2 24.1 14.5 4.4 0 8.3 13.4 17.9 123 94 18.2 4.2
"33" "33" 1998-01-09 31.54 "ATL" "" "WAS" "W" 5 1 34.0166666666667 0.521 0.5 8.1 15.3 12.2 9.7 0 5.3 34.2 13 85 91 5 0.3
"34" "34" 1998-01-11 31.55 "ATL" "@" "WAS" "W" 5 1 29.6833333333333 0.676 0.625 15.1 32.4 25.2 13.5 1.9 2.4 40.3 24.9 90 102 8.3 -3.3
"35" "35" 1998-01-13 31.55 "ATL" "@" "NYK" "W" 2 1 13.5166666666667 0 0 0 0 0 0 0 5.8 50 13.9 0 116 -4.7 -24.5
"36" "36" 1998-01-14 31.56 "ATL" "" "DAL" "W" 26 1 34.2166666666667 0.636 0.538 18.1 38 29.5 5 0 2 5.7 22.6 137 81 20.8 3.2
"37" "37" 1998-01-16 31.56 "ATL" "" "GSW" "W" 13 1 23.5333333333333 0.463 0.167 26.7 17.9 21.8 0 0 2.4 0 15.2 150 100 9.8 -0.1
"38" "38" 1998-01-17 31.56 "ATL" "@" "NJN" "L" -16 1 38.2 0.622 0.571 6.3 22.7 15.4 0 1.5 6.3 9.4 14.1 124 107 13.6 5.7
"39" "39" 1998-01-20 31.57 "ATL" "" "MIL" "W" 10 1 32.0833333333333 0.687 0.667 22.7 21.4 22.1 0 0 2.7 7.9 17.5 144 111 14.8 2.7
"40" "40" 1998-01-21 31.58 "ATL" "@" "SAS" "L" -14 1 29.8 0.394 0.375 11.2 22.3 16.7 0 0 4.5 10.1 15.5 85 99 6.1 -1.4
"41" "41" 1998-01-23 31.58 "ATL" "" "BOS" "L" -4 1 30.4166666666667 0.671 0.667 8.6 32 20.8 0 0 7.9 19.6 15.1 116 94 9.9 3.1
"42" "42" 1998-01-24 31.58 "ATL" "" "POR" "L" -15 1 28.7666666666667 0.465 0.5 9.5 22.4 14.9 7 0 12 11.7 13.1 96 101 8.2 0.9
"43" "43" 1998-01-26 31.59 "ATL" "" "PHO" "L" -5 1 38.2 0.665 0.625 12 20.1 16.2 0 0 10.7 21 23 112 100 18.3 4.8
"44" "44" 1998-01-27 31.59 "ATL" "@" "MIN" "L" -17 1 29.15 0.37 0.2 7.4 22.4 14.1 0 1.8 4.2 22.8 13.4 73 116 3.6 -8.9
"45" "45" 1998-01-29 31.6 "ATL" "" "PHI" "W" 10 1 38.9666666666667 0.589 0.545 15.8 29.8 22.6 7.8 0 10.5 7.8 15.6 132 99 17.2 4.2
"46" "46" 1998-01-31 31.6 "ATL" "@" "CHH" "W" 20 1 33.0833333333333 0.825 0.857 14.9 29.1 22.5 4.5 0 4.3 11.3 13 153 94 14.7 6.7
"47" "47" 1998-02-02 31.61 "ATL" "@" "MIA" "L" -7 1 36.2666666666667 0.799 0.857 12.4 38.6 24.7 6.3 0 2.2 18.6 14.2 133 103 14.6 6.7
"48" "48" 1998-02-03 31.61 "ATL" "@" "ORL" "L" -1 1 32.1 0.394 0.375 0 33.3 17.4 9.2 0 4 0 13.7 92 101 6.8 -2.4
"49" "49" 1998-02-05 31.62 "ATL" "@" "CLE" "W" 14 1 42.9166666666667 0.547 0.429 11.2 21.1 16.7 8.7 1.3 11.7 15.4 14.9 114 100 15 3.2
"50" "50" 1998-02-10 31.63 "ATL" "@" "MIL" "W" 8 1 40.9166666666667 0.738 0.7 9.8 14.6 12.3 3.6 0 7.2 14.1 16.2 137 116 17.7 4.4
"51" "51" 1998-02-13 31.64 "ATL" "@" "CHI" "L" -2 1 39.7833333333333 0.685 0.643 18 30.9 24 4.3 0 5.1 10.2 22.2 139 122 23.5 6.5
"52" "52" 1998-02-14 31.64 "ATL" "" "IND" "L" -4 1 46.3333333333333 0.537 0.556 11.4 32.1 20 4.1 0 0 4.1 22.5 122 109 19.5 3.2
"53" "53" 1998-02-16 31.65 "ATL" "" "ORL" "L" -4 1 44.7833333333333 0.571 0.5 9.1 37.2 22.5 4.2 0 7.3 5.7 18 122 88 21.3 8.8
"54" "54" 1998-02-18 31.65 "ATL" "" "NJN" "W" 10 1 33.5 0.743 0.6 3.6 22.2 14.7 0 0 13.9 19.8 12.8 127 99 14.3 4.1
"55" "55" 1998-02-20 31.66 "ATL" "" "VAN" "W" 23 1 23.7833333333333 0.601 0.571 5 17 11.5 11.1 0 11.6 0 15.6 136 96 10.8 2.3
"56" "56" 1998-02-25 31.67 "ATL" "@" "DEN" "W" 24 1 24.9 0.595 0.6 5.6 37.6 24 0 2.1 13.3 33.8 16 82 79 8 -0.1
"57" "57" 1998-02-27 31.68 "ATL" "@" "SEA" "L" -2 1 29.6333333333333 0.405 0.333 19 46.5 30.7 6.1 1.9 12.3 16.8 18.7 95 95 10.8 2.5
"58" "58" 1998-03-01 31.68 "ATL" "@" "VAN" "W" 25 1 28.9666666666667 0.628 0.571 9.7 27.1 18.7 5.3 3.6 6.9 18.6 15.5 116 69 13.7 5.3
"59" "59" 1998-03-06 31.7 "ATL" "" "DEN" "W" 21 1 31.4666666666667 0.768 0.75 8.8 35.5 24.3 13.4 0 6.4 17 16.6 135 92 18.3 9
"60" "60" 1998-03-08 31.7 "ATL" "" "CLE" "W" 5 1 31.8333333333333 0.403 0.25 17 42 30.3 4.7 0 6.3 13.9 19.2 99 94 10.9 0.2
"61" "61" 1998-03-11 31.71 "ATL" "@" "BOS" "W" 5 1 36.2666666666667 0.743 0.778 11.1 26.7 18.8 5 0 6 31.7 18.7 104 112 12.9 1
"62" "62" 1998-03-13 31.72 "ATL" "@" "PHI" "L" -21 1 29.4 0.666 0.6 3.5 11.2 7.2 0 0 5.8 12.9 11.6 118 119 7 -4
"63" "63" 1998-03-15 31.72 "ATL" "" "BOS" "W" 16 1 35.75 0.763 0.75 8.3 24 17.9 6.1 1.5 10.3 12.7 20.5 136 76 23 14.1
"64" "64" 1998-03-17 31.73 "ATL" "@" "TOR" "W" 12 1 39.5 0.325 0.364 8 23.6 15.9 3.6 5.2 7.1 0 13.2 92 96 11.8 -0.4
"65" "65" 1998-03-19 31.73 "ATL" "" "MIL" "W" 3 1 40.4166666666667 0.753 0.75 10.9 22 17.3 5.3 0 12.5 7.7 15.5 149 84 24.6 13.8
"66" "66" 1998-03-20 31.73 "ATL" "@" "NYK" "L" -1 1 30.1666666666667 0.73 0.571 25 18.3 21.5 0 0 2.2 8.4 20.8 159 138 16.7 3.7
"67" "67" 1998-03-22 31.74 "ATL" "@" "DET" "L" -7 1 34.1833333333333 0.69 0.636 22.1 31.9 26.9 8.3 0 3.8 7.5 18.5 147 117 17.9 7.2
"68" "68" 1998-03-24 31.75 "ATL" "" "ORL" "W" 12 1 29.3666666666667 0.773 0.667 13.4 18.4 16.1 5.6 0 4.7 56.3 14.5 75 93 3.4 -7.3
"69" "69" 1998-03-27 31.75 "ATL" "" "CHI" "L" -15 1 34.5333333333333 0.45 0.5 8.3 25.5 18 5.8 4.9 4.3 13.1 23 84 94 10.1 3.1
"70" "70" 1998-03-29 31.76 "ATL" "" "DET" "W" 23 1 28.6 0.781 0.714 9.5 23.6 17.2 9.5 0 7.9 26.5 17.9 124 100 12.2 2.1
"71" "71" 1998-03-31 31.76 "ATL" "@" "NJN" "L" -15 1 36.6833333333333 0.604 0.556 3.4 31.4 16.4 4.4 1.5 6.7 21.8 18.1 98 112 10.2 -0.2
"72" "72" 1998-04-01 31.77 "ATL" "" "TOR" "W" 14 1 32.4166666666667 0.888 0.8 9.1 23.3 17.7 0 0 5.7 0 9.4 191 96 15.2 4.8
"73" "73" 1998-04-03 31.77 "ATL" "" "HOU" "W" 20 1 33.0666666666667 0.457 0.286 6.9 42.6 24.5 16.6 1.7 8.4 25.5 15.7 101 87 10.2 4.5
"74" "74" 1998-04-05 31.78 "ATL" "" "MIN" "L" -1 1 40.5666666666667 0.61 0.615 8.6 24 16.1 9.5 1.3 3.4 16.9 20 108 102 15.8 3
"75" "75" 1998-04-07 31.78 "ATL" "" "NYK" "W" 13 1 41.9166666666667 0.53 0.333 20.5 30.5 25.9 0 0 9.7 0 19.2 134 88 22.2 9.8
"76" "76" 1998-04-09 31.79 "ATL" "" "IND" "L" -3 1 41.45 0.598 0.545 24.4 44.1 33 8.8 2.7 6.9 10.7 19.1 131 99 25.8 10.3
"77" "77" 1998-04-10 31.79 "ATL" "@" "CHH" "W" 12 1 32.6 0.685 0.714 3.9 26.4 16.2 0 0 9.7 25.5 17.7 100 97 9.6 0.9
"78" "78" 1998-04-12 31.8 "ATL" "@" "WAS" "W" 10 1 33.7166666666667 0.232 0.222 10.3 33.8 22.7 5.2 0 2.3 27.1 21.1 51 87 -0.1 -10.5
"79" "79" 1998-04-14 31.8 "ATL" "" "PHI" "W" 1 1 40.2 0.332 0.25 6.5 9.2 7.9 3.4 0 9.9 21 11.6 71 113 4.2 -8.7
"80" "80" 1998-04-15 31.81 "ATL" "@" "IND" "L" -12 1 37.9833333333333 0.455 0.364 11.5 30.1 20.6 0 0 6 27.5 22.7 79 97 6.8 -2.6
"81" "81" 1998-04-17 31.81 "ATL" "" "CHH" "W" 17 1 28.2833333333333 0.496 0.5 18.5 40.6 29.7 12.3 0 2.6 18.1 17.3 115 117 9.1 -2.1
"82" "82" 1998-04-19 31.82 "ATL" "" "MIA" "W" 12 1 34.1 0.644 0.667 13.4 28.2 19.6 5.2 0 5 0 11.3 150 108 12.5 3.1
"1" "1" 1999-02-05 32.62 "ATL" "" "CLE" "W" 17 1 36.0666666666667 0.67 0.667 15.2 22.8 19.3 0 0 14.2 8.2 15.8 135 85 19 11.3
"2" "2" 1999-02-06 32.62 "ATL" "" "NJN" "W" 5 1 31.65 0.525 0.667 9.4 9.6 9.5 5.6 0 5.5 17.4 8 104 115 4.2 -1.6
"3" "3" 1999-02-07 32.62 "ATL" "@" "NJN" "L" -10 1 37.05 0.425 0.4 13.5 19.1 15.8 6.4 0 9.1 25.4 9.4 85 93 7.6 0.6
"4" "4" 1999-02-09 32.63 "ATL" "@" "CHI" "W" 16 1 37.7666666666667 0.661 0.571 19.1 22.7 21.3 13.6 0 5.1 19.4 13.2 131 84 16.1 9.3
"5" "5" 1999-02-11 32.63 "ATL" "" "CHH" "W" 12 1 28.4333333333333 0.436 0.333 21.4 51.8 37.2 9.6 0 4.8 22.5 14.8 102 89 10.4 1.6
"6" "6" 1999-02-14 32.64 "ATL" "@" "PHI" "L" -8 1 36.0833333333333 0.698 0.714 8.5 17.2 12 6.9 0 2.3 27.6 14 102 92 8.6 3.9
"7" "7" 1999-02-16 32.65 "ATL" "@" "CHI" "W" 16 1 39.4333333333333 0.68 0.6 5.5 14.5 10.3 5.1 0 3.8 25.4 9.6 113 81 8.6 3.6
"8" "8" 1999-02-19 32.65 "ATL" "" "ORL" "L" -5 1 41.3666666666667 0.527 0.25 9 20.2 13.8 14.5 0 5.6 13.1 9.2 130 110 11.3 3.9
"9" "9" 1999-02-20 32.66 "ATL" "@" "PHI" "W" 7 1 34.8166666666667 0.45 0.5 4.3 20.7 14.5 6.7 3.2 7 0 12.5 100 72 10.6 7.6
"10" "10" 1999-02-22 32.66 "ATL" "" "CHI" "L" -9 1 31.7 0.549 0.5 12.5 17.6 14.6 0 0 2.4 10.9 13.4 113 95 8.1 0.5
"11" "11" 1999-02-23 32.67 "ATL" "@" "DAL" "L" -4 1 42.2333333333333 0.508 0.4 7.1 25.7 15.6 3.8 0 8.2 9.2 11.4 111 98 12.5 1
"12" "12" 1999-02-25 32.67 "ATL" "@" "HOU" "W" 6 1 29.6833333333333 0.167 0.167 7 20 12.3 0 0 6.7 0 9.3 61 105 1 -12.4
"13" "13" 1999-02-27 32.68 "ATL" "@" "LAC" "W" 29 1 33.3666666666667 0.539 0.375 9.7 28.5 21.1 0 0 7.3 8.9 17.6 118 84 11.4 -0.1
"14" "14" 1999-03-01 32.68 "ATL" "@" "ORL" "L" -3 1 39.6666666666667 0.596 0.5 8.6 24.5 16.7 8.2 1.4 5.7 13.5 27.3 113 78 19.6 12.5
"15" "15" 1999-03-02 32.68 "ATL" "" "WAS" "L" -20 1 26.9666666666667 0.444 0.4 0 11.1 4.9 13 0 2.8 37.2 19.1 61 107 -0.4 -10
"16" "16" 1999-03-04 32.69 "ATL" "" "TOR" "L" -9 1 33.6 0.442 1 7.4 16.3 12.5 0 0 3.7 39.9 10.6 58 98 1.7 -4.4
"17" "17" 1999-03-08 32.7 "ATL" "@" "ORL" "W" 4 1 39.4833333333333 0.475 0.4 18.3 33.3 24.9 6.9 1.3 8.9 13.7 22.4 111 108 17.9 0.8
"18" "18" 1999-03-10 32.71 "ATL" "@" "MIA" "L" -10 1 24.6333333333333 0.202 0.111 16.3 14.4 15.4 6.4 0 3.4 16.8 22.9 59 108 -0.4 -14.3
"19" "19" 1999-03-11 32.71 "ATL" "" "BOS" "W" 14 1 34.7333333333333 0.564 0.417 31.2 14.3 22.4 0 0 1.7 15.8 23 122 97 16.2 0.2
"20" "20" 1999-03-13 32.72 "ATL" "" "TOR" "W" 11 1 34.1833333333333 0.893 0.8 17.6 29 23.2 20.8 0 2.1 18.2 15.2 158 87 19.2 12.1
"21" "21" 1999-03-14 32.72 "ATL" "@" "DET" "W" 13 1 27.5166666666667 0.512 0.5 8.5 31.6 20.4 15.2 0 12.5 17 10.7 108 76 7.6 4.5
"22" "22" 1999-03-16 32.72 "ATL" "@" "IND" "W" 6 1 38.6333333333333 0.556 0.556 13.1 35.5 24.9 0 2.8 3.6 25 14.4 97 76 12.5 2.6
"23" "23" 1999-03-17 32.73 "ATL" "" "MIA" "L" -1 1 38.85 0.645 0.429 17.2 24.6 20 4.9 0 9.7 9 13.2 151 108 18.1 9.7
"24" "24" 1999-03-19 32.73 "ATL" "" "PHO" "W" 8 1 32.4666666666667 0.752 0.75 4.1 41.5 25 0 1.7 7.3 36.1 12.1 93 84 9.1 2
"25" "25" 1999-03-20 32.73 "ATL" "" "MIL" "L" -6 1 39.0166666666667 0.887 1 12.3 35.6 23.7 6.1 1.5 1.9 13.9 8.6 156 96 15.7 11
"26" "26" 1999-03-22 32.74 "ATL" "@" "NYK" "W" 9 1 26.9666666666667 0.694 0.5 8.7 22.7 16.2 0 0 8.5 41 17.5 88 80 5.3 -2.2
"27" "27" 1999-03-24 32.75 "ATL" "" "IND" "W" 1 1 39 0.722 0.429 10.3 27.1 20 0 2.8 6.2 13.2 17.8 143 102 21.9 7.5
"28" "28" 1999-03-26 32.75 "ATL" "" "CHI" "W" 12 1 41.6333333333333 0.708 0.857 10.1 30.3 20.2 0 0 10.2 13.6 16.7 123 89 17.8 5.1
"29" "29" 1999-03-27 32.75 "ATL" "" "PHI" "W" 4 1 47.75 0.655 0.75 13.5 27.6 19.9 3.5 0 9.6 19.2 9.8 122 97 17.1 6
"30" "30" 1999-03-29 32.76 "ATL" "@" "IND" "W" 1 1 42.1 0.686 0.75 12.4 36.2 24.9 10.3 2.9 0 16.4 15.3 125 91 16.5 8.5
"31" "31" 1999-03-30 32.76 "ATL" "" "DET" "L" -16 1 34.25 0.798 0.667 10.9 23 17.2 11.2 0 6.8 15.1 9.4 153 111 11.6 3.7
"32" "32" 1999-04-01 32.77 "ATL" "@" "NJN" "L" -5 1 39.85 0.614 0.571 9 36.5 23.7 0 0 6.5 8.1 14.7 127 95 16.8 6.2
"33" "33" 1999-04-02 32.77 "ATL" "" "VAN" "W" 3 1 41.1166666666667 0.88 0.818 10.6 33 21.2 0 0 7.7 18 18.7 149 92 24.2 12.1
"34" "34" 1999-04-04 32.78 "ATL" "" "CHH" "W" 2 1 42.2 0.293 0.2 0 30.9 14.5 7.4 0 9.2 10.5 10.9 66 87 5.6 -0.4
"35" "35" 1999-04-05 32.78 "ATL" "@" "CHH" "W" 6 1 33.95 0.681 0.6 24.9 26.3 25.7 0 0 9.9 42.6 20.2 87 77 9.7 0.2
"36" "36" 1999-04-07 32.78 "ATL" "@" "DET" "L" -7 1 34.65 0.493 0.417 22.9 45.7 33.4 11.9 0 0 0 21.1 130 111 16.3 5
"37" "37" 1999-04-09 32.79 "ATL" "" "NYK" "L" -8 1 39.4666666666667 0.381 0.429 21 40.1 30.8 0 0 5.5 33.7 15 71 96 7.1 -3.7
"38" "38" 1999-04-10 32.79 "ATL" "@" "CLE" "L" -14 1 29.45 0.451 0.333 18.2 28.7 23.1 0 0 4.6 0 12.8 118 96 8.6 2.5
"39" "39" 1999-04-13 32.8 "ATL" "@" "MIL" "L" -7 1 41.7166666666667 0.987 1 13.9 20.2 16.8 13.3 0 4.2 8.6 13 184 111 25.6 14.8
"40" "40" 1999-04-14 32.8 "ATL" "@" "BOS" "W" 7 1 43.4666666666667 0.68 0.7 10.9 27.8 20.4 0 0 0 14.5 15.6 124 84 14.9 5.3
"41" "41" 1999-04-16 32.81 "ATL" "" "ORL" "W" 12 1 34.55 0.222 0 4.2 33.6 21.7 0 1.6 11.1 22.8 12.6 47 78 4.7 -2
"42" "42" 1999-04-20 32.82 "ATL" "@" "TOR" "W" 22 1 35.0833333333333 0.592 0.625 3.3 16.7 10 8 0 11.6 10.6 12.9 114 91 10.9 4
"43" "43" 1999-04-22 32.82 "ATL" "" "BOS" "W" 12 1 28.2666666666667 0.515 0.5 4.8 26.7 16.9 14.8 0 5.4 0 12.7 125 99 8.9 2.9
"44" "44" 1999-04-23 32.83 "ATL" "@" "WAS" "W" 11 1 41.9 0.535 0.4 13.6 21.9 18 4.1 0 5.9 16.3 14 110 86 12 -0.1
"45" "45" 1999-04-25 32.83 "ATL" "" "MIL" "W" 15 1 42.8 0.625 0.5 29.4 24.8 27.2 9.5 1.5 14.2 17.2 20.3 131 83 25 13.1
"46" "46" 1999-04-28 32.84 "ATL" "" "NYK" "W" 3 1 43.6666666666667 0.597 0.5 12.4 43 25.5 0 1.3 2.1 11.7 19.2 119 83 18.3 8.7
"47" "47" 1999-04-30 32.85 "ATL" "" "IND" "L" -2 1 50.9333333333333 0.558 0.4 15.8 33.8 24.2 3.6 0 3.1 18.2 10.2 119 100 14.2 3.7
"48" "48" 1999-05-02 32.85 "ATL" "@" "CLE" "W" 11 1 31.0833333333333 0.525 0.333 16.3 13.2 14.6 12.7 0 9.7 0 7.8 147 82 9.5 6.4
"49" "49" 1999-05-04 32.86 "ATL" "@" "MIA" "L" -14 1 42.45 0.399 0 6.9 20 14.1 4.8 0 2.1 11.7 10.6 92 114 5.1 -3.1
"50" "50" 1999-05-05 32.86 "ATL" "" "WAS" "W" 8 1 30.1166666666667 0.59 0.5 10 27.3 18 23.8 1.8 2.7 30 18.2 105 98 10.4 3.5
"1" "1" 1999-11-02 33.36 "ATL" "@" "WAS" "L" -7 1 37.1666666666667 0.489 0.286 11.3 22.6 16.9 9.1 0 8.3 19.6 17.4 98 92 12.6 3.1
"2" "2" 1999-11-04 33.36 "ATL" "" "MIL" "L" -10 1 38.15 0.61 0.8 14.7 33.9 24.1 7 0 6.4 0 10.2 139 110 18.3 7.6
"3" "3" 1999-11-06 33.37 "ATL" "" "CHI" "W" 16 1 35.7833333333333 0.707 0.7 19 23.2 21.4 3.8 0 5.9 0 14.1 161 104 19.3 6.5
"4" "4" 1999-11-08 33.37 "ATL" "@" "DEN" "L" -15 1 38.5166666666667 0.58 0.556 15.8 21.1 18.7 3.9 0 8.2 26.3 17.9 99 121 12.8 -1.5
"5" "5" 1999-11-10 33.38 "ATL" "@" "VAN" "L" -5 1 31.9666666666667 0.608 0.5 3.8 18 11 0 1.6 7.7 25.8 11 96 95 7 -2.4
"6" "6" 1999-11-13 33.39 "ATL" "@" "POR" "L" -36 1 27.3166666666667 0.399 0 3.6 32.3 15 0 0 2.7 11.7 13.1 85 127 4.2 -7
"7" "7" 1999-11-14 33.39 "ATL" "@" "LAL" "L" -5 1 40.1833333333333 0.484 0.375 17.1 20 18.6 0 2.6 4.8 13.9 15.1 106 93 13.7 1.9
"8" "8" 1999-11-16 33.39 "ATL" "" "CHH" "W" 5 1 44.35 0.635 0.636 9.9 32.2 21.1 6.7 0 0 11.8 16.6 126 105 18.2 3.3
"9" "9" 1999-11-19 33.4 "ATL" "@" "IND" "W" 6 1 42.0333333333333 0.587 0.545 16.7 25.1 20.5 6.3 0 8.2 18 16.6 119 105 17.8 5.2
"10" "10" 1999-11-20 33.41 "ATL" "" "ORL" "L" -4 1 42.45 0.641 0.636 11.9 35.9 24.2 3.3 0 7.5 22.6 22.1 106 97 22.1 2.7
"11" "11" 1999-11-23 33.41 "ATL" "" "MIA" "W" 7 1 30.2166666666667 0.658 0.5 21.6 41.9 32.4 3.8 0 9 27.3 10.8 127 104 11.3 1.5
"12" "12" 1999-11-24 33.42 "ATL" "@" "MIA" "L" -2 1 42.6 0.683 0.667 14.9 29.8 22.3 8.2 1.2 4.9 6.4 16.1 143 95 23.3 10.3
"13" "13" 1999-11-26 33.42 "ATL" "@" "DET" "L" -2 1 44.3 0.531 0.5 9.1 34.9 22.3 7.4 1.2 6.3 16.6 18 102 87 17.8 5.4
"14" "14" 1999-11-27 33.42 "ATL" "" "BOS" "W" 10 1 39.6833333333333 0.634 0.556 18.2 32.7 26.5 4.3 0 5.8 23 20.7 112 88 16.6 4.2
"15" "15" 1999-11-30 33.43 "ATL" "@" "TOR" "W" 18 1 38.1333333333333 1 1 6.6 20.7 14.9 10.3 0 6.7 28.6 8.5 141 97 14.3 5.1
"16" "16" 1999-12-02 33.44 "ATL" "" "SAC" "W" 10 1 43.3 0.733 0.778 4.8 31.3 19.3 6 0 2.8 13.4 15 131 92 19.3 5.3
"17" "17" 1999-12-04 33.44 "ATL" "" "DET" "W" 2 1 38.0333333333333 0.628 0.571 6.8 23.9 15.4 3.7 0 3.6 18.6 12.7 115 118 8.9 -3.1
"18" "18" 1999-12-08 33.45 "ATL" "" "LAC" "W" 18 1 44.3 0.82 0.75 0 29.4 16.4 2.9 0 4.7 0 10.2 174 83 18.2 5.8
"19" "19" 1999-12-10 33.46 "ATL" "" "GSW" "L" -8 1 34.8333333333333 0.536 0.5 17.5 26.1 21.6 4.3 0 3 37.3 15.9 85 106 7.1 -5.5
"20" "20" 1999-12-11 33.46 "ATL" "@" "CLE" "L" -11 1 29.8166666666667 0.539 0 19.5 30.5 25.1 4.8 0 15.8 30.1 8.6 114 108 12.2 3.2
"21" "21" 1999-12-14 33.47 "ATL" "" "MIN" "W" 11 1 41.0666666666667 0.959 1 28.6 39 34.3 12.5 0 8 26.2 19.2 143 87 36.5 17.4
"22" "22" 1999-12-16 33.48 "ATL" "" "LAL" "L" -7 1 38.7666666666667 0.72 0.6 8.2 18.9 14 0 0 6 34.4 13 102 99 9.2 0.1
"23" "23" 1999-12-18 33.48 "ATL" "" "UTA" "L" -10 1 44.2666666666667 0.77 0.727 10.9 20.6 15.6 4.7 0 6.9 12.8 16.2 144 116 22.8 8.5
"24" "24" 1999-12-19 33.48 "ATL" "@" "NJN" "L" -8 1 34.9166666666667 0.532 0.5 9.1 30.5 19.8 8.4 0 4 51.5 10 71 105 4.9 -4.3
"25" "25" 1999-12-22 33.49 "ATL" "@" "BOS" "L" -17 1 30.4666666666667 0.532 0.667 16.5 31.8 23.4 0 0 5 26.2 11.5 96 104 8.4 -1.9
"26" "26" 1999-12-23 33.5 "ATL" "" "CLE" "W" 18 1 39.0166666666667 0.939 0.8 18.3 35.2 26.9 10.2 0 14.4 31.9 13 140 83 26 13.7
"27" "27" 1999-12-27 33.51 "ATL" "@" "CHH" "L" -4 1 40.1666666666667 0.74 0.6 6 29.1 16.4 3.7 1.3 0 12.9 8.7 143 110 10.6 1.3
"28" "28" 1999-12-29 33.51 "ATL" "" "IND" "L" -27 1 22.5 0.515 0.333 8.9 38.2 22.1 6.6 0 3.1 50.8 14.9 64 115 2.4 -9.4
"29" "29" 1999-12-30 33.52 "ATL" "@" "DET" "L" -1 1 38.9833333333333 0.553 0.5 10.3 26.6 17.8 7.7 0 9.3 0 12.7 143 103 16.4 6
"30" "30" 2000-01-04 33.53 "ATL" "@" "MIL" "L" -3 1 39.55 0.602 0.5 7.2 28.1 17.8 5.7 0 0 37.6 12.6 92 129 5.6 -6.7
"31" "31" 2000-01-05 33.53 "ATL" "" "DET" "L" -12 1 39.7 0.599 0.556 7.3 21.2 14.3 3.3 1.4 3.2 19.3 19.1 106 131 10.8 -4.6
"32" "32" 2000-01-07 33.54 "ATL" "" "TOR" "W" 8 1 35.8333333333333 0.658 0.5 3.7 31.7 18.8 7 3.1 2 42.9 12.1 87 100 6.4 -1.9
"33" "33" 2000-01-08 33.54 "ATL" "@" "DAL" "L" -10 1 42.1 0.45 0.375 7.6 38.1 20.7 3.7 0 7.4 18.4 10.6 93 96 11.2 -1.6
"34" "34" 2000-01-14 33.56 "ATL" "@" "CHI" "W" 6 1 37.7 0.451 0.333 15.4 24.1 19.8 11.7 0 7.7 0 9.5 132 92 12 1.2
"35" "35" 2000-01-15 33.56 "ATL" "" "PHI" "L" -3 1 37.1166666666667 0.512 0.5 10.8 41.1 27 8.7 1.5 4.9 29.1 17.2 89 103 10.5 -1.1
"36" "36" 2000-01-17 33.56 "ATL" "" "MIL" "L" -6 1 22.05 0.525 0.333 17.2 19.4 18.4 0 0 5.8 17.4 11.7 114 118 5.8 -4.5
"37" "37" 2000-01-19 33.57 "ATL" "@" "PHI" "L" -18 1 24.9333333333333 0.387 0.333 10.3 45.5 24.5 0 1.9 4.8 34 9.6 70 97 5.7 -4
"38" "38" 2000-01-21 33.58 "ATL" "@" "MIA" "L" -22 1 37.7833333333333 0.207 0.091 15.5 40.1 25.8 0 1.4 0 12.1 18.6 59 107 3.7 -10.1
"39" "39" 2000-01-22 33.58 "ATL" "" "WAS" "W" 18 1 35.6 0.73 0.667 16.7 32.1 24.8 0 0 9.4 0 13.9 168 90 23.8 9.6
"40" "40" 2000-01-25 33.59 "ATL" "" "CHI" "W" 7 1 42.9 0.81 0.667 23.4 30.6 27.3 0 0 3.2 0 9.1 188 96 22.1 7.5
"41" "41" 2000-01-28 33.59 "ATL" "" "NYK" "W" 2 1 43.2666666666667 0.589 0.4 28.1 32.3 29.9 8.8 1.3 7.1 20.7 20 121 94 23.8 6.7
"42" "42" 2000-01-29 33.6 "ATL" "@" "ORL" "L" -16 1 37.8666666666667 0.815 0.5 5.1 30.1 16.5 4.6 1.3 5.5 15.3 7.6 153 99 13.2 3.2
"43" "43" 2000-02-02 33.61 "ATL" "@" "NJN" "W" 8 1 42.1166666666667 0.519 0.333 5.9 34.8 21.5 14 0 3.8 7.4 15.3 121 96 15.1 2
"44" "44" 2000-02-04 33.61 "ATL" "" "POR" "L" -7 1 47.15 0.526 0.5 3.9 25.5 13.8 7.6 0 3 0 12.4 124 107 13.5 0.5
"45" "45" 2000-02-05 33.62 "ATL" "@" "CLE" "W" 8 1 40.5333333333333 0.579 0.5 8.2 33.4 21.6 9.9 0 6.7 18.8 10.8 114 89 13.4 3.5
"46" "46" 2000-02-08 33.62 "ATL" "@" "TOR" "L" -21 1 34.3 0.965 0.857 0 47.1 25.5 0 0 0 14.9 18.8 167 113 20.8 9.1
"47" "47" 2000-02-09 33.63 "ATL" "" "HOU" "W" 16 1 25.3333333333333 0.601 0.571 4.9 24.1 15.4 0 0 12.1 19.4 16.7 104 93 8 0.5
"48" "48" 2000-02-15 33.64 "ATL" "" "NJN" "W" 17 1 37.65 0.574 0.538 12.6 20.7 17.3 4.1 1.4 17.4 0 21.2 135 83 27.2 14.6
"49" "49" 2000-02-18 33.65 "ATL" "@" "PHO" "L" -12 1 38.65 0.577 0.333 18.9 39.5 29.3 10 0 6 27.8 16.2 104 85 18.7 8.1
"50" "50" 2000-02-21 33.66 "ATL" "@" "UTA" "L" -2 1 47.4333333333333 0.676 0.625 10.8 31.4 21.2 0 0 5.6 18.4 11.3 124 104 14.4 2.1
"51" "51" 2000-02-23 33.67 "ATL" "@" "SAC" "W" 6 1 41.9 0.421 0.455 4.2 21.9 12.3 2.9 1.2 12.2 14.4 13.5 82 91 10.9 -1.5
"52" "52" 2000-02-25 33.67 "ATL" "@" "SEA" "W" 8 1 33.3833333333333 0.666 0.6 9.3 29.7 19.7 4.3 0 8.4 0 9.8 154 93 13.7 3.3
"53" "53" 2000-02-26 33.67 "ATL" "@" "LAC" "L" -1 1 40.1833333333333 0.25 0.25 15.7 26.4 21.3 7.6 1.4 12.3 11.1 10.5 82 75 12.5 2.9
"54" "54" 2000-02-28 33.68 "ATL" "@" "GSW" "L" -5 1 43.45 0.637 0.5 10.9 32.2 22.3 9.1 0 4.1 22.7 14.4 113 81 16.5 3.1
"55" "55" 2000-03-01 33.68 "ATL" "" "WAS" "L" -19 1 34.6333333333333 0.573 0.5 17.1 43.3 29.9 10.9 1.6 4.1 6.7 20.4 127 108 18.5 7.9
"56" "56" 2000-03-03 33.69 "ATL" "" "NYK" "W" 13 1 38.1 0.607 0.556 15.3 43 31.6 9.1 1.6 1.7 9.2 14 134 75 16.6 9
"57" "57" 2000-03-04 33.69 "ATL" "" "SEA" "L" -12 1 26.9666666666667 0.222 0.2 16.2 31.6 24 5.5 0 7.4 12.9 13.2 69 98 3.7 -6.7
"58" "58" 2000-03-06 33.7 "ATL" "@" "MIL" "L" -33 1 26.3833333333333 0.571 0.571 5 21.1 12.8 0 0 5.1 11.3 17.5 98 128 6.4 -7.1
"59" "59" 2000-03-07 33.7 "ATL" "@" "CHI" "L" -7 1 38.7666666666667 0.721 0.714 10.7 41.8 26.9 16 0 8.1 19.4 12.3 127 88 20.5 10
"60" "60" 2000-03-09 33.71 "ATL" "" "SAS" "L" -26 1 37.7 1.034 1 7 28.4 18.3 4.5 0 5.3 48.4 13.5 101 114 10.9 -1.3
"61" "61" 2000-03-11 33.71 "ATL" "" "VAN" "W" 5 1 34.1 0.512 0.5 0 38.2 21.1 0 0 6.5 38.1 11.4 61 93 3.5 -4.5
"62" "62" 2000-03-14 33.72 "ATL" "@" "SAS" "L" -15 1 43.8 0.709 0.667 7.4 26.5 16.2 7.4 1.2 0 23.3 13.6 115 106 12.3 0.5
"63" "63" 2000-03-15 33.72 "ATL" "" "IND" "L" -6 1 32.1166666666667 0.743 0.667 3.3 31.6 16.3 10.3 0 7.6 21.8 18.9 121 114 14.1 4.3
"64" "64" 2000-03-17 33.73 "ATL" "" "BOS" "L" -24 1 30.0166666666667 0.825 0.75 8.2 15.6 12 0 0 3.9 20.7 21.9 133 124 14.8 3.3
"65" "65" 2000-03-19 33.73 "ATL" "" "DAL" "L" -4 1 35.3666666666667 0.598 0.5 9.5 37.6 22.6 0 0 0 11.7 10.4 124 98 11 1.3
"66" "66" 2000-03-21 33.74 "ATL" "" "MIA" "W" 5 1 34.4333333333333 0.5 0.5 12 32.8 22 0 1.7 5.9 20 6.5 103 80 8.7 -0.1
"67" "67" 2000-03-22 33.74 "ATL" "@" "ORL" "L" -13 1 14.4166666666667 0.5 0.5 6.9 21.9 14.1 0 0 16.1 60 14.9 46 96 1.6 -7.5
"68" "68" 2000-03-24 33.75 "ATL" "@" "NYK" "L" -12 1 24 0.255 0.2 0 33.3 15.6 6.1 0 2.8 14.5 13.7 54 104 1.3 -7.1
"69" "69" 2000-03-25 33.75 "ATL" "" "CHH" "L" -16 1 34.7333333333333 0.652 0.625 18.1 40.5 28.3 0 0 3.7 19.2 13.5 116 89 15.2 4.3
"70" "70" 2000-03-28 33.76 "ATL" "" "DEN" "W" 5 1 42.3 0.917 0.9 15.4 29.2 22.9 0 0 11.1 31.4 19.2 122 111 23.9 4
"71" "71" 2000-03-30 33.76 "ATL" "" "PHO" "L" -44 1 30.35 1.054 1 10 27.3 18 0 0 7.8 37.6 7.7 132 117 11.4 1.8
"72" "72" 2000-04-01 33.77 "ATL" "@" "HOU" "L" -22 1 34.4666666666667 0.415 0.286 6.7 40.1 20.2 0 1.4 10.4 0 11.2 105 106 12.8 -0.4
"73" "73" 2000-04-04 33.78 "ATL" "@" "MIN" "L" -10 1 46.3 0.712 0.8 5.5 28.8 18.8 3.9 0 5.4 32.2 10.4 93 86 10.8 0.5
"74" "74" 2000-04-05 33.78 "ATL" "@" "PHI" "L" -21 1 39.6666666666667 0.51 0.5 15 30.7 23.1 21.4 0 1.5 7.8 15.2 120 116 15.8 3.8
"75" "75" 2000-04-07 33.79 "ATL" "" "TOR" "L" -20 1 40.9333333333333 0.661 0.571 7.8 39 21.7 12.4 1.4 1.9 19.4 12 124 116 14 1.3
"76" "76" 2000-04-08 33.79 "ATL" "@" "WAS" "L" -10 1 24.1 0.536 0.5 5.1 38.1 22.2 7.1 0 5.6 9.7 19.6 111 113 8.6 0.1
"77" "77" 2000-04-10 33.79 "ATL" "@" "BOS" "L" -5 1 42.3 0.773 0.833 7.1 40.2 24.8 12.6 0 6.6 34 13.2 107 103 14 4.3
"78" "78" 2000-04-12 33.8 "ATL" "@" "CHH" "L" -32 1 28.7333333333333 0.852 NA 8.1 25.9 15.9 13.8 0 0 63 7.4 91 128 3.4 -6.6
"79" "79" 2000-04-14 33.81 "ATL" "" "PHI" "L" -12 1 40.5333333333333 0.81 0.778 8.4 30.1 18.2 8.4 1.3 4.8 9.2 12.1 156 113 18.8 6.9
"80" "80" 2000-04-16 33.81 "ATL" "" "CLE" "W" 3 1 27.95 0.872 0.833 18.5 54.5 38.1 0 0 4.6 12.7 12.5 158 97 14.8 5.4
"81" "81" 2000-04-18 33.82 "ATL" "" "NJN" "W" 2 1 47.5833333333333 0.468 0.462 8.5 39.5 23.7 0 3.2 9.7 12.6 14.5 95 80 19.6 5.3
"82" "82" 2000-04-19 33.82 "ATL" "@" "IND" "L" -19 1 13.05 0.425 0.4 19.8 17.2 18.6 13.9 0 10.3 0 19.6 110 109 6.3 1.9
"1" "1" 2000-11-09 34.38 "ATL" "@" "PHO" "L" -9 1 34.3166666666667 0.558 0.538 12.3 38.2 25.5 0 1.5 3.9 6.9 18.9 113 83 16 5.1
"2" "2" 2000-11-10 34.38 "ATL" "@" "LAC" "L" -9 1 33.9333333333333 0.5 0.5 10.9 21.7 16.3 8.3 3.1 5 33.3 8.5 95 121 6.6 -2
"3" "3" 2000-11-14 34.39 "ATL" "" "POR" "W" 2 1 32.55 0.387 0.333 5 41.7 25 0 0 0 27.9 15.5 65 103 0.9 -9.3
"4" "4" 2000-11-15 34.39 "ATL" "@" "MIL" "L" -10 1 34.5833333333333 0.658 0.667 23.4 38.7 30.9 0 1.7 0 33 12.3 103 96 10.1 -0.6
"5" "5" 2000-11-17 34.4 "ATL" "@" "BOS" "L" -7 1 26.4833333333333 0.635 0.571 0 21.5 12.8 12.5 0 0 27.6 20.3 98 122 5.4 -5.8
"6" "6" 2000-11-18 34.4 "ATL" "" "MIN" "L" -10 1 31.8166666666667 0.465 0.444 7.7 15.5 11 0 0 2.9 15.7 19.2 87 110 4.3 -6
"7" "7" 2000-11-22 34.41 "ATL" "" "NYK" "W" 4 1 28.3333333333333 0.51 0.4 9.3 29.4 19 0 0 9.2 14.5 12.2 108 90 7.2 0.4
"8" "8" 2000-11-24 34.42 "ATL" "" "PHI" "L" -9 1 36.1666666666667 0.4 0.4 8.5 24.8 16.3 16.4 1.5 8.1 28.6 9.9 83 81 8.5 2.8
"9" "9" 2000-11-25 34.42 "ATL" "@" "ORL" "L" -22 1 21.6 0.615 0.667 5.3 28 17.4 0 0 3.1 29.1 21 82 111 5 -6.6
"10" "10" 2000-11-28 34.43 "ATL" "@" "WAS" "W" 27 1 24.2833333333333 0.538 0.571 4.5 31.8 18.2 6.5 0 8.1 21.2 16.5 92 73 6.3 2
"11" "11" 2000-11-30 34.43 "ATL" "" "CHI" "L" -9 1 31.9333333333333 0.322 0.333 11 34.6 22.5 0 0 4.3 20.5 14.2 67 99 3 -7.6
"12" "12" 2000-12-02 34.44 "ATL" "" "MIL" "W" 7 1 34.7833333333333 0.35 0.364 14.9 38.3 26.2 0 0 6.4 8 14.9 88 92 9.3 -0.7
"13" "13" 2000-12-05 34.45 "ATL" "" "MIA" "L" -8 1 32.0166666666667 1.011 1 12.5 25.7 19 5.3 0 0 26.9 11.6 149 120 9.7 0.8
"14" "14" 2000-12-08 34.45 "ATL" "@" "MIA" "L" -4 1 35.3 0.546 0.429 13.4 41.5 27.8 5.7 0 6.9 0 13.6 138 86 16 10.7
"15" "15" 2000-12-09 34.46 "ATL" "@" "CLE" "L" -7 1 37.55 0.468 0.4 18 28.9 23 11.5 1.4 5.4 7.8 15 115 103 14 1.1
"16" "16" 2000-12-12 34.47 "ATL" "" "SAC" "W" 8 1 39.8666666666667 0.4 0.4 5.2 35.3 21 0 1.2 8.5 28.6 7.7 73 89 8.5 0.8
"17" "17" 2000-12-13 34.47 "ATL" "@" "DET" "L" -23 1 19.2166666666667 0 0 4.9 30.1 16.1 10.1 2.6 3.6 66.7 14.3 13 89 -2.8 -15.9
"18" "18" 2000-12-15 34.47 "ATL" "@" "CHI" "W" 11 1 36.65 0.417 0.3 13.5 35.1 24.3 0 0 5.7 6.5 18.3 99 74 12.3 2.6
"19" "19" 2000-12-16 34.48 "ATL" "" "NJN" "L" -6 1 42.1833333333333 0.689 0.7 0 32.7 16.9 0 1.3 4.9 8.4 13.1 128 95 14.5 4.3
"20" "20" 2000-12-19 34.48 "ATL" "" "NYK" "W" 10 1 40.6 0.418 0.333 9.2 29.3 20.4 3.8 0 5.6 15.7 15.6 89 85 8.4 -1.3
"21" "21" 2000-12-22 34.49 "ATL" "@" "TOR" "W" 6 1 41.3166666666667 0.2 0.2 5.3 39 23.9 3.9 1.3 11 9.1 13 53 63 10.1 2.3
"22" "22" 2000-12-23 34.5 "ATL" "" "IND" "W" 4 1 39.6833333333333 0.622 0.429 20.5 28.6 24.6 10.8 1.5 2 9.4 12.8 149 100 17.4 6.7
"23" "23" 2000-12-26 34.5 "ATL" "@" "NJN" "W" 5 1 41.8 0.521 0.25 26.8 36.2 31.8 0 1.3 8.1 14.8 14.6 122 68 21.3 7.7
"24" "24" 2000-12-28 34.51 "ATL" "@" "MIN" "L" -7 1 41.2833333333333 0.84 0.667 11.7 41.6 27.5 12.3 1.4 1.7 29.6 7.7 137 93 14.9 6.5
"25" "25" 2000-12-29 34.51 "ATL" "" "CLE" "L" -12 1 40.2333333333333 0.515 0.333 21.5 45.9 32.9 7.1 0 3.5 50.8 9.1 87 106 8.7 -2.2
"26" "26" 2001-01-02 34.52 "ATL" "" "BOS" "W" 11 1 36.5 0.377 0 8.1 49 32 7.2 0 4.3 23.1 11.6 85 81 7.9 0
"27" "27" 2001-01-03 34.53 "ATL" "@" "PHI" "L" -18 1 29.55 0.222 0.222 10.2 22.9 16.2 0 0 0 10 15.5 57 111 0.6 -12.9
"28" "28" 2001-01-06 34.53 "ATL" "" "ORL" "W" 1 1 38.0833333333333 0.291 0.333 13 45.1 31.9 0 0 3.6 30.4 12.1 59 72 5.8 -1.5
"29" "29" 2001-01-09 34.54 "ATL" "" "SEA" "L" -9 1 27.7666666666667 0.51 0.6 14.6 29.1 22.3 0 0 5.3 33.8 14.3 77 97 5.2 -5.3
"30" "30" 2001-01-11 34.55 "ATL" "" "GSW" "W" 11 1 33.9833333333333 0.85 0.8 8.6 24 17.6 4.6 1.5 4.2 0 15.7 180 98 22.3 11.4
"31" "31" 2001-01-13 34.55 "ATL" "" "LAC" "W" 20 1 24.95 0.226 0 19.7 28.2 23.7 8.3 2.1 3.4 0 12 98 90 4.8 -3
"32" "32" 2001-01-15 34.56 "ATL" "" "NJN" "L" -6 1 35.4666666666667 0.571 0.429 18 44.4 33.3 0 0 9.7 29.3 17.8 95 78 14.2 4
"33" "33" 2001-01-18 34.57 "ATL" "@" "IND" "L" -8 1 43.2833333333333 0.618 0.6 8.1 28.6 17.1 4.4 0 5.9 8.1 13.3 122 91 16.9 6.3
"34" "34" 2001-01-21 34.58 "ATL" "@" "WAS" "L" -4 1 41.4666666666667 0.571 0.429 11.1 28.6 20.2 3.6 0 5.1 18.6 11.8 111 99 12.8 -0.2
"35" "35" 2001-01-23 34.58 "ATL" "@" "BOS" "L" -1 1 35.7666666666667 0.685 0.714 11.8 39.2 28.2 5.5 3 3.7 18.6 13.9 119 78 15.8 7.6
"36" "36" 2001-01-26 34.59 "ATL" "" "WAS" "L" -7 1 38.9833333333333 0.82 0.75 7.9 25.3 17 3.3 0 6.1 38.1 9.8 107 123 8.5 -4.6
"37" "37" 2001-01-27 34.59 "ATL" "@" "CLE" "W" 11 1 36.9666666666667 0.429 0.429 6.2 22.6 14.7 6.3 1.4 9 0 8.5 116 93 11.6 1.4
"38" "38" 2001-01-29 34.6 "ATL" "" "PHO" "L" -13 1 33.7333333333333 0.317 0.286 19.7 25.1 22.5 4.8 0 6.4 20.2 12.6 79 94 6.7 -2.3
"39" "39" 2001-01-31 34.6 "ATL" "" "TOR" "W" 5 1 41.3666666666667 0.717 0.667 29.3 39 34.3 0 1.3 9.5 6.4 16.3 159 92 32.3 13.4
"40" "40" 2001-02-02 34.61 "ATL" "" "MIA" "L" -11 1 36.0166666666667 0.515 0.667 9.1 20.7 15 0 1.5 4.4 0 5.2 121 99 7.3 -1
"41" "41" 2001-02-03 34.61 "ATL" "@" "ORL" "L" -12 1 36.95 0.511 0.444 13.5 23.2 18.7 14 0 11 0 12.8 129 95 17.5 9.7
"42" "42" 2001-02-05 34.62 "ATL" "" "DAL" "L" -10 1 43.5833333333333 0.355 0.375 14.7 36.4 24.4 3.8 0 3.2 32.2 12.3 69 99 7.2 -5.9
"43" "43" 2001-02-06 34.62 "ATL" "@" "NJN" "L" -6 1 31.8666666666667 0.685 0.571 15.8 21.9 19.2 19.6 0 6.6 25.5 15.8 118 92 13.2 7
"44" "44" 2001-02-08 34.62 "ATL" "@" "CHH" "L" -17 1 31.2833333333333 0.644 0.5 10.8 18 14.4 5.3 0 6.2 27.9 15.9 105 110 9.2 -0.8
"45" "45" 2001-02-13 34.64 "ATL" "@" "CHI" "L" -4 1 39.7666666666667 0.696 0.636 20 26.3 22.9 8.7 0 11.8 0 15.3 157 96 27.5 11.6
"46" "46" 2001-02-14 34.64 "ATL" "" "MIL" "L" -4 1 39.7333333333333 0.64 0.667 18.1 27.9 22.5 14.4 0 8.1 18.9 22.7 115 102 24.1 9.2
"47" "47" 2001-02-17 34.65 "ATL" "@" "SEA" "W" 7 1 35.6666666666667 0.658 0.667 18.5 37.6 28.4 4 0 3.4 16.8 15.2 122 99 14.8 1.8
"48" "48" 2001-02-18 34.65 "ATL" "@" "GSW" "W" 7 1 27.2166666666667 0.167 0.167 4 20.1 13.4 20.2 0 0 25 12.9 57 92 -0.6 -8.9
"49" "49" 2001-02-20 34.66 "ATL" "@" "SAC" "L" -14 1 37.6833333333333 0.506 0.5 2.9 30.5 18.6 0 0 13.5 15.5 15.5 88 87 14 5.3
"50" "50" 2001-02-23 34.67 "PHI" "@" "DET" "W" 21 1 36.1 0.618 0.583 9.5 20.8 16.4 4.3 1.4 7.9 12.7 19.2 117 73 18.5 9.3
"51" "51" 2001-02-24 34.67 "PHI" "@" "CHH" "L" -1 1 34.5833333333333 0.589 0.4 0 23.7 14.4 5 0 3.8 11.6 12.3 111 92 8.1 1.2
"52" "52" 2001-02-26 34.67 "PHI" "" "MIL" "L" -7 1 37.8166666666667 0.878 0.75 21.1 29.9 25.3 0 0 0 25.1 20.1 139 114 21 5.7
"53" "53" 2001-02-28 34.68 "PHI" "" "MIA" "W" 10 1 39.9 0.525 0.333 13.8 33.5 22.7 5.1 1.4 11.3 24 14.2 101 72 15 6.6
"54" "54" 2001-03-02 34.68 "PHI" "" "WAS" "W" 5 1 36.9 0.673 0.667 18.1 33.3 25.3 0 1.3 7.2 22.4 15.7 117 97 16.2 1.3
"55" "55" 2001-03-07 34.7 "PHI" "" "NJN" "W" 8 1 38.5666666666667 0.539 0.375 21.7 22.3 22 0 0 2.4 8.9 13.3 133 110 11.9 -3
"56" "56" 2001-03-09 34.7 "PHI" "" "ATL" "W" 5 1 39.2833333333333 0.553 0.5 13.7 21.4 17.6 3.3 0 14.8 7.8 14.2 125 105 19.1 4.4
"57" "57" 2001-03-11 34.71 "PHI" "@" "BOS" "W" 6 1 40.25 0.904 0.833 28.4 40 34.3 8.3 1.2 9.2 44.5 19.2 109 87 21.6 7.2
"58" "58" 2001-03-14 34.72 "PHI" "@" "CHI" "W" 18 1 31.0666666666667 0.599 0.556 22.8 22.6 22.7 5.9 0 8.8 7.4 23.6 128 79 17.2 8.5
"59" "59" 2001-03-16 34.72 "PHI" "" "SAC" "L" -21 1 30.45 0.34 0.2 13.3 14.5 13.8 10.9 1.9 5.7 33.8 14.1 72 113 4.6 -5.7
"60" "60" 2001-03-17 34.73 "PHI" "@" "MIL" "L" -9 1 31.7 0.375 0.375 9.1 31.6 21.1 0 1.8 5.7 27.3 18.2 62 98 4 -5.9
"61" "61" 2001-03-19 34.73 "PHI" "@" "SEA" "L" -4 1 37.0333333333333 0.658 0.625 11.4 23.3 17.8 9.8 0 8 15.8 16 127 107 14.8 7
"62" "62" 2001-03-20 34.73 "PHI" "@" "LAC" "L" -11 1 32.2333333333333 0.902 0.833 6.8 28.6 13.8 6.4 1.9 3.9 0 12.1 192 111 15.6 10.8
"63" "63" 2001-03-23 34.74 "PHI" "@" "PHO" "L" -13 1 29.3666666666667 0.423 0.25 15.4 38.2 26.2 7 0 2.5 32 26 72 96 4.5 -6.2
"64" "64" 2001-03-26 34.75 "PHI" "" "MIL" "W" 12 1 35.4833333333333 0.47 0.364 30.2 20.6 25.9 4.5 0 2.6 7.3 15.9 123 90 15 1.8
"65" "65" 2001-03-28 34.76 "PHI" "" "ORL" "L" -1 1 23.3333333333333 0.833 1 11.8 24.3 17.4 7.8 0 0 41.7 12 98 102 5.7 -1.3
"66" "66" 2001-03-30 34.76 "PHI" "" "GSW" "W" 13 1 27.55 0.418 0.333 10.7 18 15.4 0 0 4.1 8.5 19.9 92 97 5.9 -7.8
"67" "67" 2001-04-01 34.77 "PHI" "" "IND" "W" 11 1 22.3333333333333 0.539 0 7.3 32.9 23.7 6.1 0 0 0 9.3 142 98 5.8 1
"68" "68" 2001-04-03 34.77 "PHI" "@" "TOR" "L" -15 1 36.2 0.46 0.4 17 29.3 22.2 4.8 0 1.8 0 12.9 125 110 13.6 1.9
"69" "69" 2001-04-04 34.78 "PHI" "@" "DET" "W" 6 1 44.4166666666667 0.55 0.5 15.3 25.8 19.8 8.6 1.2 1.7 17.3 22 103 90 16.9 1.5
"70" "70" 2001-04-06 34.78 "PHI" "" "CLE" "W" 8 1 38.7833333333333 0.531 0.524 20.9 13.7 17.4 5 1.5 8.7 7.3 30.7 122 100 24.6 8.8
"71" "71" 2001-04-09 34.79 "PHI" "" "BOS" "W" 13 1 34.6166666666667 0.904 0.75 23.4 41.1 32.2 3.7 0 19.9 0 8.8 205 98 24.8 15.2
"72" "72" 2001-04-10 34.79 "PHI" "@" "MIA" "L" -2 1 40.5666666666667 0.342 0.333 7.5 23.9 15.4 4.1 0 1.7 0 8.5 94 94 5.4 -1.1
"73" "73" 2001-04-12 34.8 "PHI" "@" "ORL" "L" -24 1 19.2 0.475 0.4 6 15.8 10.2 0 0 0 32.2 22.6 68 118 -0.8 -17
"74" "74" 2001-04-15 34.81 "PHI" "" "NYK" "W" 7 1 35.4 0.515 0.5 23.4 30.1 26.8 0 0 4.3 11.4 11.9 119 94 10.6 -0.7
"75" "75" 2001-04-17 34.81 "PHI" "@" "IND" "W" 6 1 24 0.595 0.6 0 34.6 17.8 0 0 2.8 0 10.8 120 94 6.6 -0.2
"76" "" 2001-04-18 34.81 "PHI" "" "CHI" "L" -6 NA NA NA NA NA NA NA NA NA NA NA NA NA NA NA NA
"1" "1" 2001-10-30 35.35 "PHI" "@" "MIN" "L" -9 1 37.5166666666667 0.54 0.444 13 16.2 14.6 17.3 0 5.3 13.4 18.9 115 102 13 5.9
"2" "2" 2001-11-01 35.35 "PHI" "" "DAL" "L" -7 1 33.8333333333333 0.857 0.75 17.2 38.8 27.9 5.5 0 10.5 31.1 21.8 123 101 19.9 7.7
"3" "3" 2001-11-03 35.36 "PHI" "@" "WAS" "L" -14 1 37.5166666666667 0.388 0.333 15.4 28.7 22.3 0 0 1.9 18.9 20.2 80 102 5.8 -5.8
"4" "4" 2001-11-06 35.37 "PHI" "" "IND" "L" -10 1 24.9333333333333 0.307 0.25 15.2 16.5 15.8 6.8 0 0 50.6 19.5 46 110 -2.7 -19.4
"5" "5" 2001-11-08 35.37 "PHI" "@" "HOU" "L" -5 1 42.2833333333333 0.546 0.5 14.3 34.6 24.8 0 0 0 21.5 23 94 91 11.8 -1.4
"6" "6" 2001-11-10 35.38 "PHI" "@" "DAL" "W" 7 1 41.5166666666667 0.507 0.467 12.4 29.8 21.1 3.5 0 2 10.7 19.6 109 100 13.8 -1.6
"7" "7" 2001-11-13 35.39 "PHI" "@" "MIA" "W" 6 1 35.45 0.298 0.143 11.4 24.6 17.3 4.8 1.6 4.6 9 14.2 81 86 6.1 -2.7
"8" "8" 2001-11-14 35.39 "PHI" "" "CHH" "W" 14 1 42.7833333333333 0.405 0.333 0 20 9.6 0 2.5 7 10.4 10.2 79 92 7.9 -0.5
"9" "9" 2001-11-16 35.39 "PHI" "" "ATL" "W" 20 1 34.5666666666667 0.73 0.571 0 23.4 11.7 4.2 1.6 7 8.4 16.2 143 86 16 7.4
"10" "10" 2001-11-17 35.4 "PHI" "@" "NJN" "W" 12 1 34.1833333333333 0.368 0.3 22 13.6 17.5 8.4 3.1 5.6 8.4 15.2 103 85 11.5 2.1
"11" "11" 2001-11-21 35.41 "PHI" "" "DET" "W" 5 1 42.1 0.683 0.5 11.4 25.4 18.8 8.6 0 6.1 9.5 11.4 145 95 15.9 5.4
"12" "12" 2001-11-23 35.41 "PHI" "" "CLE" "W" 11 1 37.3 0.406 0.25 10.4 41.5 25.9 5.3 0 10.3 21.3 17.4 80 65 10.6 -0.3
"13" "13" 2001-11-25 35.42 "PHI" "@" "TOR" "L" -19 1 41.15 0.527 0.5 5.2 24 13.9 0 0 3.3 8.7 12.6 111 119 9.8 -1.4
"14" "14" 2001-11-28 35.43 "PHI" "" "WAS" "L" -7 1 33.15 0.444 0.4 14.2 3.6 9 0 0 6 37.2 14.8 70 107 3.3 -6.4
"15" "15" 2001-12-01 35.44 "PHI" "@" "CHI" "W" 17 1 39.0833333333333 0.531 0.5 9.2 39.4 26 0 0 17.6 11.7 18.9 105 66 19.5 7.1
"16" "16" 2001-12-02 35.44 "PHI" "" "MEM" "L" -6 1 39.5666666666667 0.526 0.5 18.1 18 18.1 4.3 0 17.1 13.1 16.5 111 102 19.2 4.2
"17" "17" 2001-12-04 35.44 "PHI" "@" "SAC" "L" -10 1 36.6166666666667 0.727 0.667 10.6 22.9 16.9 4.7 1.5 10.7 12.7 9.6 142 97 16.6 7.5
"18" "18" 2001-12-05 35.45 "PHI" "@" "GSW" "L" -6 1 30.15 0.515 0.444 8.9 20.9 15.6 5.4 0 11.3 20.5 23.1 91 100 8.5 -2.1
"19" "19" 2001-12-07 35.45 "PHI" "@" "SAS" "L" -10 1 44.1666666666667 0.467 0.467 2.1 25.8 12.1 9.3 0 4.5 0 16.5 107 101 11.7 2.7
"20" "20" 2001-12-08 35.45 "PHI" "@" "MEM" "L" -9 1 42.0833333333333 0.506 0.5 8.2 42.1 24.3 12.6 2.6 4.2 31.5 17.8 82 95 11.2 0.8
"21" "21" 2001-12-11 35.46 "PHI" "@" "ATL" "L" -2 1 43.7333333333333 0.45 0.375 9.9 29.3 19.3 6.5 0 4.7 10.1 10.5 110 99 11.8 -0.5
"22" "22" 2001-12-14 35.47 "PHI" "" "MIL" "L" -16 1 36.3333333333333 0.434 0.25 11.1 17.4 14.2 4.2 0 0 25.8 9.2 88 104 5.1 -5.7
"23" "23" 2001-12-15 35.47 "PHI" "@" "CLE" "W" 3 1 22.0333333333333 0.5 0.5 6.4 20.8 14.4 5.8 0 3.3 66.7 12.1 43 99 -1.7 -11.4
"24" "24" 2001-12-17 35.48 "PHI" "" "BOS" "W" 16 1 28.0166666666667 0.808 0.714 22.9 36.5 31.2 0 0 6.3 16 21.1 145 86 16.9 8.8
"25" "25" 2001-12-19 35.48 "PHI" "" "CHH" "L" -9 1 40.3 0.436 0.333 0 30 16 0 0 3 12.7 9.8 77 100 4.6 -6.8
"26" "26" 2001-12-21 35.49 "PHI" "" "ATL" "W" 11 1 34.5333333333333 0.637 0.5 6.9 31.2 19.6 9.8 3 9.1 10.4 12.6 133 80 16 9.1
"27" "27" 2001-12-25 35.5 "PHI" "@" "LAL" "L" -6 1 29.5333333333333 0.436 0.333 20.4 20.4 20.4 0 0 2.7 12.7 23.1 96 96 9.8 -0.9
"28" "28" 2001-12-26 35.5 "PHI" "@" "LAC" "W" 14 1 34.65 0.768 0.75 6.9 17.1 12 4.3 1.6 0 0 12.6 167 97 14.8 7.8
"29" "29" 2001-12-28 35.51 "PHI" "@" "DEN" "L" -3 1 44.2 0.674 0.571 16.4 21.2 18.7 6.9 1.2 7.6 17.2 12.2 131 101 18.3 6
"30" "30" 2001-12-29 35.51 "PHI" "@" "UTA" "L" -8 1 32.3 0.347 0.5 0 29.4 15.8 0 1.6 3.8 41 6.8 36 88 2.4 -3.5
"31" "31" 2002-01-02 35.52 "PHI" "@" "PHO" "W" 21 1 37.6333333333333 0.61 0.538 6.5 9.7 8.3 10 0 1.6 6.3 18.4 128 91 13.8 3.3
"32" "32" 2002-01-04 35.53 "PHI" "@" "SEA" "W" 10 1 30.7333333333333 0.815 1 0 26.4 14.1 5.2 0 11.7 42 14.4 90 82 8.6 1.4
"33" "33" 2002-01-05 35.53 "PHI" "@" "POR" "L" -8 1 35.5166666666667 0.615 0.5 3.4 18 10.5 4.3 0 0 0 6.4 138 112 6.5 -1.4
"34" "34" 2002-01-07 35.54 "PHI" "" "LAC" "W" 24 1 31 0.858 0.875 20.2 16.3 18 0 0 4.6 9.7 14.1 161 99 18 7.1
"35" "35" 2002-01-09 35.54 "PHI" "" "ORL" "L" -11 1 37.65 0.707 0.571 15 48.6 31.2 4.5 0 2 24.6 15.6 121 114 14.9 0.8
"36" "36" 2002-01-11 35.55 "PHI" "" "SAS" "W" 17 1 29.2333333333333 0.4 0.4 4.5 40.5 24.2 0 0 2.8 37.5 13.4 56 87 1 -10.2
"37" "37" 2002-01-15 35.56 "PHI" "" "HOU" "W" 6 1 36.35 0.45 0.375 16.4 26.8 21.5 0 0 2.2 0 11.8 124 110 8.2 -4.7
"38" "38" 2002-01-17 35.56 "PHI" "@" "CHH" "W" 5 1 37.5833333333333 0.41 0.333 9.2 9.7 9.5 3.8 0 5.6 0 8.7 114 101 7.2 -0.2
"39" "39" 2002-01-19 35.57 "PHI" "" "NYK" "W" 8 1 41.7666666666667 0.68 0.667 14.8 25.1 19.2 9.3 1.3 7.7 5.4 18.4 147 93 27.7 14.1
"40" "40" 2002-01-21 35.58 "PHI" "" "SEA" "L" -11 1 32.55 0.574 0.5 9.7 19 12.8 5.2 0 0 20.9 19.3 101 127 7.5 -6.6
"41" "41" 2002-01-22 35.58 "PHI" "@" "WAS" "W" 7 1 36.5 0.5 0.5 3.5 22.2 13.3 3.7 3.1 6.6 0 2.6 139 92 7.8 2.1
"42" "42" 2002-01-25 35.59 "PHI" "@" "BOS" "W" 16 1 38.8 0.88 0.8 2.9 30.1 17 0 0 14.8 0 10 190 92 20.9 11.6
"43" "43" 2002-01-27 35.59 "PHI" "" "LAL" "W" 6 1 40.3833333333333 0.732 0.75 10.4 33.6 22.5 0 0 3.5 0 10.3 156 92 16.6 7
"44" "44" 2002-01-29 35.6 "PHI" "@" "NYK" "L" -7 1 39.4333333333333 0.467 0.286 10.7 23.1 17 4.8 0 2 29.3 15.9 81 89 5.8 -4.4
"45" "45" 2002-01-30 35.6 "PHI" "" "MIN" "W" 5 1 37.9166666666667 0.512 0.5 5.5 22.3 14.3 8.2 0 3.1 17 13.4 100 98 8.9 -0.2
"46" "46" 2002-02-02 35.61 "PHI" "@" "MIL" "W" 5 1 41.0166666666667 0.417 0.364 17.1 27.4 22.2 4.6 0 0 7 16.1 105 92 11.2 -2.1
"47" "47" 2002-02-04 35.61 "PHI" "" "TOR" "L" -7 1 41.3 0.75 0.75 9.5 24.2 16 0 0 0 11.1 10.3 139 119 10.5 -1.1
"48" "48" 2002-02-05 35.62 "PHI" "@" "DET" "L" -4 1 40.4833333333333 0.511 0.429 7.7 17.9 12.8 6.1 0 7.5 19.4 22.5 94 93 11.7 0
"49" "49" 2002-02-07 35.62 "PHI" "@" "CHH" "W" 7 1 43.05 0.484 0.25 7.8 36.3 22.1 0 1.2 4.9 19.5 15.8 95 94 11.2 -2.6
"50" "50" 2002-02-14 35.64 "PHI" "" "UTA" "L" -7 1 34.6166666666667 1.064 1 3.4 17.6 10.4 5.4 0 7.7 34.7 8.1 140 117 9.1 1.8
"51" "51" 2002-02-17 35.65 "PHI" "@" "IND" "L" -10 1 31.75 0.58 0.444 5.9 26.3 14.8 6.5 0 4.8 0 16 132 98 13.1 3.5
"52" "52" 2002-02-18 35.65 "PHI" "" "DEN" "W" 27 1 28.1 1.012 1 16.7 19.8 18.4 6.2 0 2.4 16.8 18 159 89 21.3 13.6
"53" "53" 2002-02-20 35.66 "PHI" "" "GSW" "W" 7 1 42.35 0.773 0.667 12.4 8.8 10.5 16.7 1.1 4.7 14.7 13.2 148 109 21.4 4.9
"54" "54" 2002-02-23 35.67 "PHI" "@" "ORL" "L" -18 1 31.6 0.398 0.333 6.3 25.6 15.2 10.7 0 0 11.7 22.1 84 111 6.1 -5.6
"55" "55" 2002-02-25 35.67 "PHI" "" "POR" "L" -5 1 39.2166666666667 0.726 0.571 12.1 16.9 14.5 4.4 0 8.8 0 11.2 168 98 18.2 8.5
"56" "56" 2002-02-27 35.68 "PHI" "" "MIA" "W" 10 1 42.2166666666667 0.556 0.4 9.9 19.8 15.2 0 0 3.4 12.2 9.5 122 88 9.2 -0.1
"57" "57" 2002-03-01 35.68 "PHI" "" "NJN" "W" 8 1 38.0666666666667 0.81 0.833 0 16.8 10.5 3.8 1.4 10.5 25.8 15.3 114 104 13.8 3
"58" "58" 2002-03-03 35.69 "PHI" "@" "TOR" "W" 12 1 39.4 0.521 0.5 3.6 20 12.2 3.4 1.4 6.5 25.8 4.8 97 97 5.3 -0.4
"59" "59" 2002-03-04 35.69 "PHI" "" "BOS" "L" -6 1 33.0166666666667 0.798 0.667 11.2 13.5 12.4 0 0 0 26.2 10.1 128 116 6.6 -3.2
"60" "60" 2002-03-06 35.7 "PHI" "" "CLE" "W" 9 1 39.1833333333333 0.357 0.357 17.6 20.1 19 0 0 1.9 12.5 20.5 80 90 5.2 -7.6
"61" "61" 2002-03-08 35.7 "PHI" "" "IND" "W" 9 1 37.1833333333333 0.58 0.556 6.3 16.9 11.9 11.6 1.4 4.2 8.2 14.1 124 105 12.6 2.5
"62" "62" 2002-03-09 35.7 "PHI" "@" "ATL" "W" 21 1 36.3666666666667 1.022 1 4.6 25.4 16.9 4.1 4.7 6.2 0 11.1 210 94 23.4 15.7
"63" "63" 2002-03-12 35.71 "PHI" "@" "NYK" "W" 8 1 16.7833333333333 0.436 0.333 24.2 12.5 17.6 0 0 4.6 22.5 12 102 103 2.5 -7.7
"64" "64" 2002-03-13 35.72 "PHI" "" "SAC" "L" -4 1 42.6666666666667 0.568 0.545 9.9 29.6 20.2 3.9 1.2 6 7.5 14.4 117 94 18.1 6
"65" "65" 2002-03-17 35.73 "PHI" "" "ORL" "L" -2 1 36.2833333333333 0.902 0.833 12.4 16.7 14.2 11.7 0 4.6 20.5 12.2 153 116 15.7 4.5
"66" "66" 2002-03-19 35.73 "PHI" "@" "MIA" "W" 12 1 40.2833333333333 0.461 0.375 12 18.5 15.7 0 1.5 0 9.3 13.5 108 98 6.5 -3.4
"67" "67" 2002-03-20 35.73 "PHI" "" "MIA" "L" -5 1 24.7 0.218 0.167 12.8 18.3 15.4 0 0 0 12.7 15.8 61 104 -0.5 -13.8
"68" "68" 2002-03-22 35.74 "PHI" "@" "BOS" "W" 5 1 41.4833333333333 0.423 0.25 2.9 23.9 13.9 3.6 0 4.9 8.6 13 99 103 7.9 -2
"69" "69" 2002-03-24 35.75 "PHI" "" "NYK" "W" 8 1 39.2333333333333 0.528 0.333 6.3 13.4 10.1 4.7 0 3.9 20.9 24.7 96 105 9.5 -5.4
"70" "70" 2002-03-27 35.75 "PHI" "" "NJN" "L" -8 1 28.4666666666667 0.588 0.625 7.4 18 12.7 7.3 0 2.5 28.2 22.3 84 98 6.7 -1.5
"71" "71" 2002-03-28 35.76 "PHI" "@" "CHI" "W" 20 1 36.25 0.598 0.571 3.4 25.5 15.5 8.2 0 4.2 35.2 18 82 86 6.5 -4.1
"72" "72" 2002-03-30 35.76 "PHI" "@" "NJN" "L" -10 1 31.9833333333333 0.444 0.429 6.5 25 13.8 9.5 1.8 5.6 20.2 14 91 116 6 -4.2
"73" "73" 2002-03-31 35.76 "PHI" "" "TOR" "L" -2 1 41.0166666666667 0.637 0.625 16.3 16.3 16.3 5.5 0 3.3 32.9 18.6 92 91 9.4 -0.7
"74" "74" 2002-04-03 35.77 "PHI" "" "PHO" "W" 6 1 41.1 0.592 0.5 6.2 17.6 12 11 0 6.1 12.9 19.2 113 91 14.9 4
"75" "75" 2002-04-05 35.78 "PHI" "" "DET" "L" -4 1 40.9 0.465 0.333 20 23.4 21.6 7.2 0 2.4 15.7 15.5 112 118 11.2 -2.2
"76" "76" 2002-04-07 35.78 "PHI" "" "MIL" "W" 2 1 31.0833333333333 0.465 0.333 4.3 7.6 6 4.9 0 3 15.7 21.7 87 114 4.8 -8.1
"77" "77" 2002-04-09 35.79 "PHI" "@" "MIL" "W" 2 1 33.7333333333333 0.681 0.6 10.9 22.1 15.9 11.5 0 0 11 26.4 134 114 17.6 6.2
"78" "78" 2002-04-10 35.79 "PHI" "@" "WAS" "L" -13 1 34.2166666666667 0.521 0.333 10.3 9.8 10.1 5.6 1.7 10.5 31.6 18.4 84 104 8.2 -2.7
"79" "79" 2002-04-12 35.8 "PHI" "" "WAS" "W" 9 1 35.4166666666667 0.703 0.714 19.6 36.1 27.4 0 0 6.2 10.5 25 133 99 22.7 6.2
"80" "80" 2002-04-14 35.8 "PHI" "@" "ORL" "W" 6 1 32.5166666666667 0.571 0.5 12.8 28.5 21.8 5.4 0 4.7 11.3 26.3 119 103 15.5 2.8
"81" "" 2002-04-15 35.81 "PHI" "" "CHI" "L" -2 NA NA NA NA NA NA NA NA NA NA NA NA NA NA NA NA
"82" "" 2002-04-17 35.81 "PHI" "@" "IND" "L" -23 NA NA NA NA NA NA NA NA NA NA NA NA NA NA NA NA
"1" "1" 2002-10-30 36.35 "NJN" "" "ATL" "W" 11 1 25.8833333333333 0.514 0.4 18.5 9 13.7 0 0 8.1 7.3 21.5 122 100 10.9 -1.3
"2" "2" 2002-11-01 36.35 "NJN" "" "IND" "W" 11 1 25.2833333333333 0.717 0.625 4.7 26.2 15.8 0 0 10.7 29.1 23.6 101 86 10.5 4.4
"3" "3" 2002-11-02 36.36 "NJN" "@" "WAS" "W" 8 1 25.3666666666667 0.415 0.286 10.1 19.6 15.4 0 0 5.6 0 17.4 103 86 6.6 0.1
"4" "4" 2002-11-04 36.36 "NJN" "" "MIN" "W" 24 1 23.0666666666667 0.532 0 5 23.2 13.4 16.1 0 7 0 7.1 148 85 7.6 6.2
"5" "5" 2002-11-06 36.37 "NJN" "@" "MIL" "L" -6 1 27.35 0.568 0.455 11.6 25.4 17.6 0 0 6.5 6.6 25.9 121 115 13.9 2.9
"6" "6" 2002-11-08 36.37 "NJN" "" "LAC" "W" 14 1 28.8 0.6 0.6 4.1 14.2 8.8 8.7 0 0 28.6 11.1 95 101 3.1 -4.6
"7" "7" 2002-11-09 36.38 "NJN" "@" "CHI" "L" -7 1 22.7666666666667 0.4 0.4 13 17 15.1 0 0 3 16.7 11.4 86 107 3.5 -7.1
"8" "8" 2002-11-13 36.39 "NJN" "" "SAS" "W" 9 1 22.2333333333333 0.381 0.286 22.4 13.4 17.4 7.6 0 6.9 20.2 19.7 87 89 4.1 -2.5
"9" "9" 2002-11-15 36.39 "NJN" "@" "MIA" "W" 9 1 28.1 0.322 0.167 11.7 25 18.6 11.7 0 0 0 12.8 98 94 6 -1.3
"10" "10" 2002-11-16 36.39 "NJN" "" "DAL" "L" -8 1 24.1166666666667 0.363 0.333 22.7 13 17.8 0 0 2.5 22.5 16.4 80 106 3.5 -6.5
"11" "11" 2002-11-18 36.4 "NJN" "" "DEN" "W" 20 1 24.8666666666667 0.549 0 0 17.1 10.7 5.1 2 8.2 45.2 12.7 70 81 3.3 -2.8
"12" "12" 2002-11-20 36.41 "NJN" "@" "BOS" "L" -17 1 22.0833333333333 0.12 0.143 30.1 24.2 27.5 0 2.3 7.9 19.4 19.7 50 96 3.8 -9.1
"13" "13" 2002-11-22 36.41 "NJN" "" "CLE" "W" 41 1 23.1833333333333 0.676 0.625 5.5 29.8 18.3 6.2 0 3.1 18.4 20.1 113 79 9.9 1.1
"14" "14" 2002-11-23 36.41 "NJN" "@" "MIN" "W" 14 1 25.85 0.333 0.333 9.7 14.5 12.4 14.1 0 6.9 14.3 12.7 88 91 5.6 1.7
"15" "15" 2002-11-27 36.42 "NJN" "@" "PHO" "L" -7 1 20.85 0.6 0.6 3.9 23.8 12.8 35.8 2.4 6.4 28.6 14.4 93 81 6.8 6.6
"16" "16" 2002-11-28 36.43 "NJN" "@" "LAC" "L" -8 1 30.8333333333333 0.8 0.8 7.1 24.4 15.2 0 0 10.2 50 14.3 72 121 5.5 -7.5
"17" "" 2002-11-30 36.43 "NJN" "@" "POR" "W" 7 NA NA NA NA NA NA NA NA NA NA NA NA NA NA NA NA
"18" "" 2002-12-01 36.44 "NJN" "@" "SEA" "L" -1 NA NA NA NA NA NA NA NA NA NA NA NA NA NA NA NA
"19" "" 2002-12-03 36.44 "NJN" "" "ATL" "W" 15 NA NA NA NA NA NA NA NA NA NA NA NA NA NA NA NA
"20" "" 2002-12-07 36.45 "NJN" "" "ORL" "W" 33 NA NA NA NA NA NA NA NA NA NA NA NA NA NA NA NA
"21" "" 2002-12-09 36.46 "NJN" "" "PHO" "W" 13 NA NA NA NA NA NA NA NA NA NA NA NA NA NA NA NA
"22" "" 2002-12-11 36.46 "NJN" "" "POR" "W" 1 NA NA NA NA NA NA NA NA NA NA NA NA NA NA NA NA
"23" "" 2002-12-13 36.47 "NJN" "" "WAS" "W" 14 NA NA NA NA NA NA NA NA NA NA NA NA NA NA NA NA
"24" "" 2002-12-15 36.47 "NJN" "@" "DET" "L" -10 NA NA NA NA NA NA NA NA NA NA NA NA NA NA NA NA
"25" "" 2002-12-17 36.48 "NJN" "@" "NYK" "L" -2 NA NA NA NA NA NA NA NA NA NA NA NA NA NA NA NA
"26" "" 2002-12-19 36.48 "NJN" "" "LAL" "W" 27 NA NA NA NA NA NA NA NA NA NA NA NA NA NA NA NA
"27" "" 2002-12-21 36.49 "NJN" "" "DET" "W" 8 NA NA NA NA NA NA NA NA NA NA NA NA NA NA NA NA
"28" "" 2002-12-23 36.5 "NJN" "" "CHI" "W" 16 NA NA NA NA NA NA NA NA NA NA NA NA NA NA NA NA
"29" "" 2002-12-25 36.5 "NJN" "" "BOS" "W" 36 NA NA NA NA NA NA NA NA NA NA NA NA NA NA NA NA
"30" "" 2002-12-27 36.51 "NJN" "" "MIL" "W" 20 NA NA NA NA NA NA NA NA NA NA NA NA NA NA NA NA
"31" "" 2002-12-28 36.51 "NJN" "@" "MIL" "W" 8 NA NA NA NA NA NA NA NA NA NA NA NA NA NA NA NA
"32" "" 2002-12-30 36.52 "NJN" "" "CLE" "W" 14 NA NA NA NA NA NA NA NA NA NA NA NA NA NA NA NA
"33" "" 2003-01-04 36.53 "NJN" "@" "ORL" "W" 5 NA NA NA NA NA NA NA NA NA NA NA NA NA NA NA NA
"34" "" 2003-01-17 36.56 "NJN" "" "TOR" "W" 11 NA NA NA NA NA NA NA NA NA NA NA NA NA NA NA NA
"35" "" 2003-03-29 36.76 "NJN" "" "GSW" "W" 12 NA NA NA NA NA NA NA NA NA NA NA NA NA NA NA NA
"36" "17" 2003-03-29 36.76 "NJN" "" "GSW" "W" 12 0 5 0 0 0 24 11.7 0 0 0 0 17.3 0 105 -1.9 -29.2
"37" "18" 2003-03-31 36.76 "NJN" "" "HOU" "W" 24 0 15.65 0.333 0.333 24 25.5 24.7 0 0 4.8 14.3 19.1 92 96 2.7 -12.9
"38" "19" 2003-04-02 36.77 "NJN" "@" "NOH" "L" -9 0 14.3 0.347 0 7.6 29.4 17.1 10.4 0 5.4 0 9.7 111 119 2.8 -4
"39" "20" 2003-04-04 36.78 "NJN" "" "MIA" "W" 16 0 10.0333333333333 0.21 0 12 21.8 17.1 0 0 0 17.4 26.3 52 95 -1.4 -24.1
"40" "21" 2003-04-06 36.78 "NJN" "@" "TOR" "W" 9 0 17.8666666666667 0.4 0.4 7.2 32.5 20.5 8.4 0 0 0 13.8 101 101 3.4 -3.4
"41" "22" 2003-04-09 36.79 "NJN" "@" "ATL" "L" -5 0 18.6 0.307 0.25 5.4 12 8.5 0 2.9 0 0 12.2 81 111 2.5 -6.5
"42" "23" 2003-04-11 36.79 "NJN" "@" "CHI" "L" -9 0 16.5333333333333 0.333 0.333 7.5 22.5 15 0 0 4.8 50 17.8 39 101 -1.6 -15.9
"43" "24" 2003-04-12 36.8 "NJN" "" "TOR" "W" 8 0 15.85 0.269 0.286 28.6 47.7 38.4 9.4 0 9.5 11.8 22.9 78 82 3.9 -7
"44" "" 2003-04-14 36.8 "NJN" "" "NOH" "L" -13 NA NA NA NA NA NA NA NA NA NA NA NA NA NA NA NA
"1" "1" 2003-10-29 37.35 "NYK" "" "ORL" "L" -2 1 24.2333333333333 0.788 0.75 11 21.2 16.8 0 0 3.3 40.3 14.5 91 84 5.6 0.1
"2" "2" 2003-11-01 37.35 "NYK" "@" "SAS" "L" -12 1 22.65 0.375 0.375 16.1 16.9 16.5 9.2 2.5 4.6 0 17.4 94 97 6.2 3.9
"3" "3" 2003-11-03 37.36 "NYK" "@" "ORL" "W" 7 1 24.8333333333333 0.4 0.4 15.6 13 14 15.3 2.2 8.5 37.5 15.4 69 75 5.3 1.4
"4" "4" 2003-11-05 37.36 "NYK" "" "MIL" "L" -16 1 14.55 1.017 1 7.6 15.6 11.6 0 0 0 0 10.2 210 124 6.2 3.4
"5" "5" 2003-11-07 37.37 "NYK" "" "SAC" "W" 3 1 36.45 0.549 0.5 6.8 17.1 11.9 3.7 1.4 7.1 26.8 13.6 94 113 9.2 -0.1
"6" "6" 2003-11-08 37.37 "NYK" "@" "MIL" "L" -3 1 21.4333333333333 0.543 0.5 5.7 23.3 15.4 0 0 10.5 0 15.2 115 96 7.5 3.1
"7" "7" 2003-11-10 37.38 "NYK" "@" "CLE" "L" -14 1 22.55 0.333 0.333 5.2 16 10.5 15.1 2.5 0 0 6.9 101 104 3.5 -1.2
"8" "8" 2003-11-14 37.39 "NYK" "@" "NJN" "L" -5 1 4.05 NA NA 31.6 27.3 29.3 0 0 0 NA 0 224 93 0.2 -8.4
"9" "9" 2003-11-15 37.39 "NYK" "" "IND" "L" -1 1 34 0.468 0.462 18.6 31 25 0 1.7 2.6 12.6 21.7 103 107 11.4 -0.8
"10" "10" 2003-11-17 37.4 "NYK" "" "BOS" "W" 3 1 18.5 0.568 NA 5.2 15.8 10.4 0 0 3.8 0 2.1 142 98 1.3 -5.3
"11" "11" 2003-11-19 37.4 "NYK" "" "LAL" "L" -21 1 16.1666666666667 0.333 0.333 0 7.1 3.7 0 0 9.1 25 11.3 50 103 -0.6 -6.5
"12" "12" 2003-11-21 37.41 "NYK" "@" "DET" "L" -9 1 26.1333333333333 0.666 0.6 8 9.2 8.6 7 0 2.8 0 12 147 108 8.5 4.4
"13" "13" 2003-11-22 37.41 "NYK" "" "PHI" "W" 11 1 29.2333333333333 0.508 0.429 0 25.5 14.5 0 0 4.8 20.2 15.4 86 99 3.8 -8.3
"14" "14" 2003-11-24 37.42 "NYK" "@" "BOS" "W" 6 1 33.7166666666667 0.558 0.444 15.3 23.5 19.3 0 0 9.1 14.7 17.8 111 92 13.5 2.3
"15" "15" 2003-11-26 37.42 "NYK" "@" "MIN" "W" 5 1 39.05 0.634 0.667 14.9 45.6 30.7 9.8 1.5 3.6 6.6 21.2 126 100 19.9 6.2
"16" "16" 2003-11-27 37.42 "NYK" "@" "IND" "L" -23 1 23.0666666666667 0.68 0.6 24.6 20.9 22.6 0 0 6 25.4 17 113 107 7.5 1.6
"17" "17" 2003-11-29 37.43 "NYK" "" "NOH" "W" 5 1 37.3166666666667 0.593 0.571 11.2 17.4 14.7 9.7 2.8 9.9 0 14.1 135 76 19 11.8
"18" "18" 2003-12-01 37.44 "NYK" "" "DET" "L" -1 1 39.1166666666667 0.394 0.375 15.4 39.3 27.5 0 1.4 0 10.1 12.1 91 78 8.8 1.3
"19" "19" 2003-12-03 37.44 "NYK" "@" "SEA" "L" -8 1 21.9166666666667 0.798 0.5 0 36.4 19.8 15.7 0 9.9 21 10.4 142 98 7.6 6.9
"20" "20" 2003-12-05 37.45 "NYK" "@" "POR" "L" -7 1 18.2333333333333 0.25 0.25 16.7 12.7 14.4 0 0 0 0 12.2 81 112 1.6 -8
"21" "21" 2003-12-06 37.45 "NYK" "@" "GSW" "L" -12 1 21.4333333333333 0.735 0.8 0 6.3 3.5 14.3 0 0 0 12.8 147 124 7.4 5
"22" "22" 2003-12-09 37.46 "NYK" "@" "LAL" "L" -8 1 33.7666666666667 0 0 3.5 30.3 17.8 0 0 2.1 50 5.1 12 101 -0.6 -5.4
"23" "23" 2003-12-10 37.46 "NYK" "@" "UTA" "L" -22 1 26.3666666666667 0.512 0.5 11.8 4.7 8.6 7.6 0 2.8 17 10.5 105 119 3.8 -5.3
"24" "24" 2003-12-13 37.47 "NYK" "" "DEN" "W" 7 1 27.5833333333333 0.742 0.714 9.6 8.3 8.9 6.8 0 10.2 0 14.9 158 97 14 9.3
"25" "25" 2003-12-14 37.47 "NYK" "" "WAS" "W" 2 1 26.3166666666667 0.434 0.25 4 42.9 22.8 0 0 2.8 0 9.9 106 87 5.4 -0.8
"26" "26" 2003-12-16 37.48 "NYK" "" "GSW" "L" -18 1 25.3666666666667 0.726 0.714 8.2 32.9 18.7 0 0 5.6 0 17.3 155 108 14.9 11.8
"27" "27" 2003-12-19 37.48 "NYK" "@" "TOR" "L" -6 1 24.9666666666667 0.902 1 3.9 26.8 12.4 0 2.3 0 0 7.5 182 107 8.2 4.3
"28" "28" 2003-12-20 37.49 "NYK" "" "ATL" "W" 11 1 18.8833333333333 0.425 0.4 20.5 0 10.1 0 0 0 14.5 17.8 98 114 1.8 -12.1
"29" "29" 2003-12-23 37.5 "NYK" "" "MIN" "L" -6 1 25.05 0.2 0.2 16.7 21.3 18.7 6.4 2.3 5.4 16.7 11.2 77 111 5 -2.2
"30" "30" 2003-12-26 37.5 "NYK" "@" "MEM" "W" 4 1 12.7 0 0 11.5 20.1 17 0 0 4.8 0 7 38 96 0.1 -6.1
"31" "31" 2003-12-27 37.51 "NYK" "@" "MIA" "W" 20 1 16.6 0.333 0.333 0 20 11 0 3.5 4.8 0 9.2 73 85 2.9 0.7
"32" "32" 2003-12-29 37.51 "NYK" "@" "ORL" "W" 28 1 20.9833333333333 0.6 0.6 0 27.8 17 0 0 9 28.6 15.1 74 83 5.1 -3.6
"33" "33" 2003-12-30 37.52 "NYK" "" "MIA" "W" 29 1 30.75 1 1 0 27.6 15 4.1 0 6.4 40 8 105 87 6.9 4.7
"34" "34" 2004-01-02 37.52 "NYK" "" "CHI" "L" -5 1 42.8166666666667 0.889 0.875 16.3 27.2 21.8 3.6 1.2 10 26.2 12.1 134 106 21.1 5.3
"35" "35" 2004-01-04 37.53 "NYK" "" "NJN" "L" -10 1 41.7333333333333 0.286 0.286 0 12.2 6.4 0 0 17.1 22.2 9.9 46 92 5.2 -1.2
"36" "36" 2004-01-06 37.53 "NYK" "@" "CLE" "L" -11 1 20.8666666666667 0.399 0 15.7 14.1 15 6.9 0 9.9 34.7 12.5 84 112 3.5 -6.1
"37" "37" 2004-01-08 37.54 "NYK" "" "HOU" "L" -32 1 24.45 1.042 1 3.8 25.9 13.1 0 0 3.8 0 5.2 219 119 7.5 3.1
"38" "38" 2004-01-10 37.55 "NYK" "" "MIL" "W" 6 1 37.25 0.25 0.25 12.4 24.3 18.7 3.8 1.3 7.1 20 12 67 85 6 -2.6
"39" "39" 2004-01-12 37.55 "NYK" "" "DAL" "L" -6 1 12.8 0.174 0 37.1 9.1 22.9 0 0 5.7 25.8 13.7 87 122 1.2 -11.8
"40" "40" 2004-01-14 37.56 "NYK" "" "ORL" "W" 10 1 16.2166666666667 0.362 0 0 58.5 34.3 0 0 9.2 42 14 44 101 1.9 -5.3
"41" "41" 2004-01-16 37.56 "NYK" "" "SEA" "W" 20 1 23.9666666666667 0.714 0.714 16.5 37.6 28.5 0 0 3.9 0 13.5 153 86 11.8 5.9
"42" "42" 2004-01-17 37.56 "NYK" "@" "CHI" "W" 5 1 14 0.347 0 15.6 0 8.3 0 0 10.4 25.8 12.1 83 105 1.6 -9.5
"43" "43" 2004-01-19 37.57 "NYK" "" "TOR" "W" 11 1 14.5166666666667 0 0 8.4 7.1 7.7 0 0 9.4 33.3 9.9 25 88 -0.8 -10.8
"44" "44" 2004-01-21 37.58 "NYK" "@" "HOU" "L" -15 1 19.65 0.621 0.667 11.7 40 24.9 12.4 0 0 23.7 21.2 91 99 5.7 0.3
"45" "45" 2004-01-23 37.58 "NYK" "@" "ATL" "W" 2 1 31.9666666666667 0.694 0.75 13.2 17.4 15.6 0 0 4.8 25.8 13 115 114 7.4 -2.8
"46" "46" 2004-01-24 37.58 "NYK" "" "MIA" "L" -8 1 16.1166666666667 0.75 0.75 7.7 46.2 23.1 0 3.7 0 0 12.8 151 98 6.9 8
"47" "47" 2004-01-27 37.59 "NYK" "" "SAS" "L" -10 1 18.1333333333333 0.521 0.5 5.6 12.7 8.9 0 0 0 0 7.6 116 92 2.1 -1
"48" "48" 2004-01-30 37.6 "NYK" "@" "BOS" "W" 18 1 24.4333333333333 0.625 0.625 24 18.1 20.6 0 2.1 12.6 0 13.6 145 73 14 12.6
"49" "49" 2004-01-31 37.6 "NYK" "" "PHO" "W" 5 1 18.4833333333333 0.444 0.429 11.9 10.7 11.2 0 0 7.3 0 18.8 108 110 5.5 -5.3
"50" "50" 2004-02-03 37.61 "NYK" "" "IND" "W" 7 1 24.9833333333333 0.218 0.167 10 22.2 16.5 0 0 10.5 0 13.6 71 99 1.8 -7.9
"51" "51" 2004-02-07 37.62 "NYK" "@" "MIA" "W" 12 1 12.0666666666667 0.333 0.333 20.5 22.6 21.7 0 0 6 0 12.2 97 73 2.9 0.9
"52" "52" 2004-02-08 37.62 "NYK" "" "LAC" "W" 6 1 22.1333333333333 0.514 0.429 27.8 20.9 23.9 0 0 14.6 0 19.4 135 119 10.9 2.1
"53" "" 2004-02-10 37.63 "NYK" "@" "DAL" "L" -15 NA NA NA NA NA NA NA NA NA NA NA NA NA NA NA NA
"54" "53" 2004-02-11 37.63 "NYK" "@" "NOH" "L" -8 1 26.5666666666667 0.37 0.2 4 16.2 10 0 0 2.9 0 11.1 93 113 3.7 -6.1
"55" "54" 2004-02-17 37.65 "NYK" "" "DET" "W" 4 1 24.1666666666667 0.25 0.25 27.3 16 21.3 0 0 5.1 0 7.4 113 101 6 -1.2
"56" "55" 2004-02-20 37.66 "NYK" "" "UTA" "L" -14 1 21.4166666666667 0.725 0 11.4 38.1 24.1 0 0 15 26.6 8.9 128 98 7.5 3.7
"57" "56" 2004-02-22 37.66 "NYK" "" "CLE" "L" -6 1 30.1333333333333 0.359 0.375 14 20 16.8 0 0 6.4 0 14.1 96 98 7.2 -1.8
"58" "57" 2004-02-24 37.67 "NYK" "@" "SAC" "L" -8 0 13.0166666666667 0 0 26.4 0 13.8 0 0 0 0 3.5 118 127 0.6 -10.8
"59" "58" 2004-02-25 37.67 "NYK" "@" "PHO" "L" -18 0 6.61666666666667 0.347 0 0 16.7 8.2 0 0 0 25.8 26.7 54 123 -0.1 -18.1
"60" "59" 2004-02-27 37.68 "NYK" "@" "LAC" "L" -2 0 13.4333333333333 0.868 1 30.8 8.8 18.9 0 0 11.7 25.8 14.4 136 109 6.8 6.8
"61" "60" 2004-02-29 37.68 "NYK" "@" "DEN" "L" -11 0 14.0666666666667 0.4 0.4 16.7 16.7 16.7 0 0 5.1 28.6 20.9 68 109 0.8 -13.4
"62" "" 2004-04-03 37.78 "NYK" "@" "PHI" "W" 11 NA NA NA NA NA NA NA NA NA NA NA NA NA NA NA NA
"63" "61" 2004-04-06 37.78 "NYK" "@" "IND" "L" -21 0 9.96666666666667 0.615 0.5 16.2 13.7 14.8 0 0 7.6 0 12.7 144 120 3.7 4.2
"64" "62" 2004-04-07 37.79 "NYK" "" "CHI" "W" 14 0 30.0166666666667 0.554 0.4 24 26.7 25.5 5.2 0 11.4 13.7 11.2 130 84 12.6 4.6
"65" "63" 2004-04-10 37.79 "NYK" "@" "WAS" "W" 4 0 30.4666666666667 0.615 0.5 12.5 27.2 20.1 5.5 1.9 12.2 0 7.9 150 89 10.7 4.6
"66" "64" 2004-04-12 37.8 "NYK" "@" "NOH" "W" 4 0 3.11666666666667 NA NA 0 0 0 0 0 0 NA 0 0 114 0 -6.6
"67" "65" 2004-04-14 37.81 "NYK" "" "CLE" "L" -10 0 21.5666666666667 0 0 17.1 21.8 19.5 0 0 0 0 6.8 60 115 0.4 -9.7
"1" "1" 2004-11-02 38.36 "HOU" "@" "DET" "L" -8 0 14.8333333333333 0.644 0.667 18 8.6 13.2 0 0 6.3 20.5 17.3 114 108 4.7 4.1
"2" "" 2004-11-03 38.36 "HOU" "@" "TOR" "L" -7 NA NA NA NA NA NA NA NA NA NA NA NA NA NA NA NA
"3" "2" 2004-11-05 38.36 "HOU" "@" "MEM" "W" 8 0 25.5 0.667 0.667 14.6 16.4 15.6 0 2.1 19.8 50 11.2 76 82 6.2 3.2
"4" "3" 2004-11-06 38.37 "HOU" "" "SAC" "W" 3 0 12.6166666666667 0.5 0.5 8.7 8 8.3 0 4.4 10.1 50 15.3 58 100 1.6 -5.5
"5" "4" 2004-11-09 38.38 "HOU" "" "MEM" "W" 3 0 14.8166666666667 1.042 1 0 18.3 9.4 0 0 0 0 8.7 219 99 5.6 8.6
"6" "5" 2004-11-11 38.38 "HOU" "" "MIN" "L" -5 0 2.9 0 0 80 0 43.2 0 0 0 0 31.5 61 118 0 -28.5
"7" "6" 2004-11-13 38.39 "HOU" "" "LAL" "L" -5 0 3.23333333333333 1.136 NA 0 0 0 0 0 0 53.2 29.7 107 102 0.2 -16.6
"8" "7" 2004-11-15 38.39 "HOU" "@" "NJN" "W" 11 0 22.4 0.51 0.4 5.5 13.9 10 0 0 13.4 0 13.9 110 82 7.3 3.8
"9" "8" 2004-11-16 38.39 "HOU" "@" "ATL" "L" -4 0 6.56666666666667 NA NA 0 16.3 8.9 0 0 10.5 NA 0 0 91 1 1.3
"10" "9" 2004-11-18 38.4 "HOU" "" "NYK" "L" -1 0 15.1 0.4 0.4 21.8 20.4 21.1 0 0 10 0 16.4 106 101 5.7 -0.8
"11" "10" 2004-11-20 38.41 "HOU" "@" "LAC" "W" 5 0 15.9166666666667 NA NA 7.4 39 22.8 0 0 4.3 100 2.9 43 85 1.1 -1.6
"12" "11" 2004-11-21 38.41 "HOU" "@" "POR" "W" 4 0 21.25 0.615 0.5 37.1 27.2 31.8 0 0 3.6 0 28.8 153 114 15.6 6.3
"13" "12" 2004-11-23 38.41 "HOU" "@" "SAC" "L" -6 0 10.2 0.667 0.667 15.5 10.4 12.5 0 0 0 0 15.5 142 122 3.7 1.6
"14" "13" 2004-11-26 38.42 "HOU" "@" "UTA" "L" -10 0 16.95 0.615 0.5 17.3 16.6 17 0 0 4.3 0 14.2 149 116 7 2.2
"15" "14" 2004-11-27 38.42 "HOU" "" "DEN" "L" -6 0 8.93333333333333 0.5 0.5 0 24.2 12.7 24.6 0 7.5 0 11.5 108 88 2.6 9.4
"16" "15" 2004-11-30 38.43 "HOU" "" "DET" "L" -21 0 5.28333333333333 0 0 28.2 0 13 0 0 14.3 50 21 25 118 -0.7 -18.7
"17" "16" 2004-12-02 38.44 "HOU" "@" "DAL" "L" -7 0 2.03333333333333 NA NA 0 63.1 26 0 0 0 NA 0 0 107 0.3 -1.1
"18" "17" 2004-12-04 38.44 "HOU" "" "PHI" "W" 1 0 11.6833333333333 0.568 NA 0 43.5 22.7 0 0 6.6 0 3.5 123 79 2 -1.3
"19" "18" 2004-12-07 38.45 "HOU" "" "NOH" "W" 8 0 5.35 0 0 0 0 0 25 0 0 0 8.5 57 110 -0.4 -8.8
"20" "19" 2004-12-09 38.46 "HOU" "" "SAS" "W" 1 0 12.7 0.725 0 18.2 55.8 36.8 0 4.6 0 0 10.5 180 70 7.5 13.7
"21" "20" 2004-12-11 38.46 "HOU" "" "DAL" "L" -24 0 8.8 0.434 0.25 46.4 24.8 36 0 0 9.4 0 31.5 119 113 6.3 7.3
"22" "21" 2004-12-15 38.47 "HOU" "" "ATL" "W" 23 0 11.8 0.82 0.75 22.4 17.8 19.8 0 0 0 0 21.2 173 80 8 9.6
"23" "22" 2004-12-17 38.48 "HOU" "" "GSW" "W" 17 0 18.9 0.436 0.333 6.3 13.3 10.4 0 0 10.2 22.5 10.8 83 85 3.2 -2
"24" "23" 2004-12-18 38.48 "HOU" "@" "CHA" "L" -1 0 24.8 0.646 0.4 9.4 12.5 11 0 0 8.7 0 15.4 144 96 11.5 7.3
"25" "" 2004-12-20 38.49 "HOU" "" "TOR" "W" 12 NA NA NA NA NA NA NA NA NA NA NA NA NA NA NA NA
"26" "24" 2004-12-22 38.49 "HOU" "" "CHA" "L" -3 0 9.7 NA NA 0 54.7 25.4 0 0 7.6 NA 0 0 85 0.7 -2.5
"27" "25" 2004-12-26 38.5 "HOU" "" "LAC" "W" 17 0 13.6833333333333 1 1 22.4 18.9 20.5 0 0 0 0 7.1 206 94 5 5.5
"28" "26" 2004-12-28 38.51 "HOU" "@" "MIL" "L" -28 0 11.0333333333333 0 0 0 39.7 21 0 0 0 50 8.4 0 115 -0.9 -12
"29" "27" 2004-12-29 38.51 "HOU" "@" "CLE" "W" 11 0 21.35 0.509 0.5 9.3 37.3 22.3 0 0 0 12.7 17 98 91 5.3 -2.5
"30" "28" 2004-12-31 38.52 "HOU" "" "MIL" "W" 15 1 23.7833333333333 0.75 0.75 19.4 23.3 21.6 0 0 5.6 20 9.8 135 93 7.2 3.3
"31" "29" 2005-01-02 38.52 "HOU" "" "UTA" "W" 19 0 20.95 0.846 0.75 20.2 14.9 17.1 0 0 7.1 15.8 14 154 88 9.2 5.9
"32" "30" 2005-01-05 38.53 "HOU" "" "PHO" "L" -10 0 17.6833333333333 0.694 0.714 20.5 12.5 16.9 0 0 5.5 9 27.3 133 119 12.2 8.2
"33" "31" 2005-01-07 38.54 "HOU" "@" "LAL" "L" -7 0 8.61666666666667 0.5 0.5 0 52.9 24.3 0 0 0 33.3 17.8 60 124 0.1 -13.9
"34" "32" 2005-01-09 38.54 "HOU" "@" "DEN" "W" 18 0 12.7833333333333 0.75 0.75 10.5 9.2 9.8 0 0 12.3 0 13.9 153 103 5.2 2.2
"35" "33" 2005-01-12 38.55 "HOU" "@" "DAL" "W" 10 0 11.1666666666667 0.667 0.667 0 60.9 37.9 0 0 7 25 17.5 87 113 3.4 -5.6
"36" "34" 2005-01-13 38.55 "HOU" "" "NJN" "W" 9 0 21.4666666666667 1 1 0 21.4 11.3 0 0 3.6 25 9.1 128 87 4.8 2.9
"37" "35" 2005-01-15 38.56 "HOU" "" "SAS" "W" 6 0 20.0333333333333 0.25 0.25 32 50.2 40.9 0 0 9.2 33.3 14.2 68 67 5.1 0.3
"38" "36" 2005-01-17 38.56 "HOU" "@" "MEM" "L" -19 0 17.8833333333333 0 0 14.9 25.7 19.9 0 0 6.6 33.3 17.8 21 116 -2.2 -16.9
"39" "37" 2005-01-18 38.57 "HOU" "" "IND" "L" -13 0 6.68333333333333 0 0 0 41.6 20.2 0 0 0 50 14.2 0 102 -1.5 -17.7
"40" "38" 2005-01-20 38.57 "HOU" "@" "ORL" "W" 9 0 16.1333333333333 0.46 0.4 18.8 35.3 25.6 0 0 0 0 14.5 127 112 5.2 -1.3
"41" "39" 2005-01-21 38.58 "HOU" "@" "NYK" "W" 1 0 11.7666666666667 0.25 0.25 11.5 9.5 10.4 0 5 0 0 17.6 70 99 1.2 -5.2
"42" "40" 2005-01-24 38.58 "HOU" "" "ORL" "W" 11 0 10.8833333333333 0.945 1 9.9 17.5 13.9 0 0 0 0 20.7 195 87 9 17.9
"43" "41" 2005-01-26 38.59 "HOU" "@" "NOH" "W" 5 0 13.2166666666667 1.042 1 0 29.1 14 0 0 6 0 10.9 220 90 6.6 11
"44" "42" 2005-01-28 38.59 "HOU" "" "SAC" "L" -6 0 7.13333333333333 1 1 0 18.5 9.1 22.6 0 0 0 6.5 211 121 2.7 9.4
"45" "43" 2005-01-30 38.6 "HOU" "@" "MIA" "L" -9 0 9.41666666666667 0.5 0.5 12.3 0 6.6 0 0 0 0 9.4 122 123 0.5 -8.9
"46" "44" 2005-01-31 38.6 "HOU" "@" "BOS" "W" 3 0 19 0.694 0.5 7.4 47.8 28.5 16.1 2.9 8 0 7.5 171 95 9.2 11.8
"47" "45" 2005-02-02 38.61 "HOU" "@" "PHI" "W" 23 0 21.65 0.592 0.6 7.1 24.3 17.4 0 0 3.6 0 14.8 126 99 7 -0.6
"48" "46" 2005-02-04 38.61 "HOU" "@" "MIN" "W" 6 0 3.63333333333333 NA NA 0 0 0 0 0 0 NA 0 0 126 0 -6.6
"49" "47" 2005-02-06 38.62 "HOU" "" "LAL" "W" 1 0 10.2 NA NA 9.4 12.3 10.7 0 0 8.6 NA 0 221 117 1.7 -4.2
"50" "48" 2005-02-09 38.63 "HOU" "" "CHI" "W" 13 0 17.7666666666667 0.51 0.6 25.1 44.6 36 0 3 8.2 14.5 18.7 105 72 8.6 3.4
"51" "49" 2005-02-11 38.63 "HOU" "@" "IND" "W" 8 0 21.9333333333333 0.4 0.4 11.8 22.4 17.2 0 0 11.5 16.7 13.5 87 93 4.2 -0.6
"52" "50" 2005-02-13 38.64 "HOU" "" "POR" "W" 1 0 12.9 0.515 0.667 17.4 33.3 24.4 0 0 7.5 20.5 18.8 84 88 3.5 0.7
"53" "51" 2005-02-15 38.64 "HOU" "" "WAS" "W" 30 0 17 0.581 0.667 0 6.5 3.9 6.8 0 9.7 36.8 15.9 74 101 1.9 -5.4
"54" "52" 2005-02-22 38.66 "HOU" "" "SEA" "L" -2 0 13.2166666666667 0.521 0.5 18.6 27.3 23 0 4.6 6.7 0 11.6 129 86 4.4 1.8
"55" "53" 2005-02-23 38.67 "HOU" "@" "SAS" "L" -18 0 18.9666666666667 0.443 0 13.3 44.6 28.1 0 0 0 15.1 17.2 97 113 4.3 -4
"56" "54" 2005-02-27 38.68 "HOU" "" "UTA" "L" -7 0 13.8833333333333 0.362 0 22.1 17.6 19.6 0 0 9.1 42 17.8 67 118 1.9 -8.7
"57" "55" 2005-03-01 38.68 "HOU" "@" "CHI" "W" 30 0 19.5333333333333 0.25 0.25 15 4.8 8.8 5.6 0 3.9 20 12.1 81 105 0.1 -10.8
"58" "56" 2005-03-02 38.68 "HOU" "@" "WAS" "L" -3 0 19.5833333333333 0.399 0 11.5 24.1 17.6 7.4 0 4.7 0 9.1 121 109 4.8 0.6
"59" "57" 2005-03-06 38.7 "HOU" "" "DAL" "W" 21 0 18.8833333333333 0.333 0.333 16.5 22.5 19.4 0 0 15.8 25 9.3 80 64 5.4 5
"60" "58" 2005-03-08 38.7 "HOU" "@" "SEA" "W" 2 0 12.85 0.568 NA 0 34.3 17.1 0 4.5 0 0 3.7 123 102 2.5 0.8
"61" "59" 2005-03-11 38.71 "HOU" "@" "PHO" "W" 20 0 9.11666666666667 0.444 0.429 55.6 34.8 45.4 0 0 0 0 35.8 128 108 5.7 -10.5
"62" "60" 2005-03-13 38.72 "HOU" "@" "SAC" "W" 15 0 18.0666666666667 0.63 0.333 39.5 13.8 23.2 0 2.9 3.9 17.4 13.7 146 104 9 4
"63" "61" 2005-03-14 38.72 "HOU" "@" "GSW" "W" 3 0 18.3166666666667 0.694 0.5 15.5 31 23.8 7.5 0 19.1 41 11.4 107 89 7.9 7.5
"64" "62" 2005-03-16 38.72 "HOU" "" "POR" "W" 31 0 20.35 0.735 0.667 12.4 39 26.4 0 2.5 7.4 0 11.4 164 75 10.8 9.7
"65" "63" 2005-03-18 38.73 "HOU" "" "BOS" "L" -11 0 10.8333333333333 1 1 21.6 11.1 16.4 0 0 6.7 0 7.9 204 118 5.4 7.6
"66" "64" 2005-03-20 38.73 "HOU" "@" "MIN" "L" -8 0 15.6 0.443 0.333 30 33.3 31.4 0 3.7 0 0 17 124 105 6.2 0
"67" "65" 2005-03-22 38.74 "HOU" "" "MIA" "W" 2 0 25.15 0.709 0.667 30.7 32.8 31.6 0 0 0 0 10.6 169 93 12 4.6
"68" "66" 2005-03-24 38.75 "HOU" "" "CLE" "W" 19 0 22.4833333333333 0 0 0 33.4 19.6 0 0 8.5 0 6.1 0 81 1.9 -1.8
"69" "67" 2005-03-25 38.75 "HOU" "@" "NOH" "W" 13 0 21.6833333333333 0.515 0.333 4.8 30.8 18.3 0 2.6 6.8 34 13.1 77 63 4.3 0.2
"70" "68" 2005-03-27 38.75 "HOU" "@" "SAS" "L" -13 0 12.5833333333333 NA NA 0 32.1 18.7 0 4.5 6.2 100 8.3 0 81 -0.3 -4.1
"71" "69" 2005-03-28 38.76 "HOU" "@" "UTA" "W" 14 0 19.7166666666667 0.568 NA 15.3 21.7 18.6 0 3 0 53.2 5.1 102 99 0.9 -6.9
"72" "70" 2005-03-30 38.76 "HOU" "@" "POR" "W" 16 0 18.95 0.315 0 0 15.7 7 0 0 14.5 38.7 20.1 42 86 -0.6 -13.4
"73" "71" 2005-04-01 38.77 "HOU" "" "NOH" "L" -3 1 36.05 0.347 0.5 7.4 36.4 20.4 0 0 9 41 6.5 59 79 4.3 -3.7
"74" "72" 2005-04-03 38.77 "HOU" "" "PHO" "L" -13 0 13.7166666666667 1 1 11.6 30.5 19.8 0 0 12.7 0 3 205 88 4.9 4.3
"75" "73" 2005-04-05 38.78 "HOU" "@" "GSW" "L" -5 0 10.7166666666667 1.054 1 36.9 48 42.5 0 0 0 37.6 22.3 140 123 6.5 1
"76" "74" 2005-04-07 38.78 "HOU" "@" "LAL" "W" 14 0 16 0.595 0.6 53.3 26.7 39.1 9.3 0 5.5 14.5 20.2 140 106 10 3.9
"77" "75" 2005-04-09 38.79 "HOU" "@" "PHO" "W" 1 0 23.8333333333333 0.773 0.667 13.3 40.9 27.7 0 2.3 7 0 15.3 170 91 15.7 12.3
"78" "76" 2005-04-11 38.79 "HOU" "@" "SEA" "W" 12 0 15.4666666666667 0 0 0 12.5 7.5 0 0 20.6 0 3.6 0 86 2.7 6.5
"79" "77" 2005-04-13 38.8 "HOU" "" "MEM" "W" 8 0 9.28333333333333 0 0 24.8 12.1 18.4 0 0 8.1 50 10.5 57 109 0.7 -9.5
"80" "78" 2005-04-16 38.81 "HOU" "" "DEN" "W" 28 0 21.8166666666667 0.844 0.667 32.1 38.2 35.4 0 0 9.9 0 13.8 196 90 16.6 11.8
"81" "79" 2005-04-18 38.81 "HOU" "" "LAC" "W" 25 0 16.5333333333333 1.071 1 29 16.7 22.4 0 3.5 0 0 12.5 232 101 11.3 12.3
"82" "80" 2005-04-20 38.82 "HOU" "" "SEA" "W" 28 0 25.2333333333333 0.145 0 6.4 14.4 11 0 0 10.7 22.5 9.7 47 96 0.8 -8.2
"1" "1" 2005-11-02 39.36 "HOU" "" "SAC" "W" 9 0 11.0333333333333 1.064 1 18.5 39.5 28.7 0 0 6 34.7 11.8 148 88 5.6 7.1
"2" "2" 2005-11-05 39.36 "HOU" "" "NOK" "L" -7 0 10.5333333333333 NA NA 0 27.9 15.2 0 0 0 100 8.8 0 100 -2.7 -19.2
"3" "3" 2005-11-08 39.37 "HOU" "" "ORL" "L" -2 0 12.4333333333333 1.136 NA 10.2 19.8 15 0 0 12.7 0 3.8 242 88 4.3 5.8
"4" "4" 2005-11-10 39.38 "HOU" "@" "MIA" "L" -4 0 13.0333333333333 0.798 1 25.1 24.6 24.8 13 0 0 0 6.9 178 103 5.2 5.5
"5" "5" 2005-11-12 39.38 "HOU" "@" "NJN" "W" 8 0 14.3833333333333 0 0 9.8 8.1 8.9 0 0 0 50 7.1 37 116 -1.1 -11
"6" "6" 2005-11-13 39.39 "HOU" "@" "BOS" "L" -20 0 8.7 0 0 12.3 26.3 19 0 0 18.4 0 5.2 51 103 2 1.7
"7" "7" 2005-11-15 39.39 "HOU" "@" "MIN" "W" 5 0 20.2833333333333 0.525 0.333 14.8 11.8 13.1 0 0 4.6 17.4 14.1 109 108 3 -4.9
"8" "8" 2005-11-17 39.4 "HOU" "@" "SAS" "L" -6 0 3.23333333333333 NA NA 42.4 0 19.8 0 0 0 NA 0 220 108 0.3 -5.4
"9" "9" 2005-11-18 39.4 "HOU" "" "DET" "L" -8 0 7.71666666666667 0 0 0 24.4 13.8 0 0 8.9 0 12.9 0 86 -0.5 -8.1
"10" "10" 2005-11-20 39.41 "HOU" "@" "IND" "L" -11 0 4.96666666666667 NA NA 0 0 0 0 0 0 100 20.2 0 107 -2.4 -27.4
"11" "11" 2005-11-22 39.41 "HOU" "@" "DAL" "L" -9 0 9.66666666666667 1 1 0 34.6 18.9 0 0 0 0 10.8 200 117 3.9 7
"12" "" 2005-11-23 39.41 "HOU" "" "PHO" "L" -12 NA NA NA NA NA NA NA NA NA NA NA NA NA NA NA NA
"13" "12" 2005-11-25 39.42 "HOU" "@" "MEM" "L" -5 0 10.35 0 0 0 33.9 18.3 0 0 8.4 0 5.1 0 95 0.1 -6.3
"14" "13" 2005-11-26 39.42 "HOU" "" "CHI" "L" -5 0 9.91666666666667 0.568 NA 11.3 23.6 17.3 0 0 0 0 4.1 148 107 1.1 -5.2
"15" "14" 2005-11-29 39.43 "HOU" "" "ATL" "W" 15 0 14.4833333333333 0 0 17.9 28.2 23.7 0 3.5 0 0 6 62 82 1.8 -1.2
"16" "15" 2005-12-03 39.44 "HOU" "" "MEM" "L" -15 0 6.61666666666667 NA NA 0 22 10.8 0 8.9 36.3 NA 0 0 75 2.7 16.9
"17" "" 2005-12-06 39.45 "HOU" "" "BOS" "W" 18 NA NA NA NA NA NA NA NA NA NA NA NA NA NA NA NA
"18" "16" 2005-12-08 39.45 "HOU" "@" "SAC" "W" 11 0 9.28333333333333 NA NA 13.6 17.2 15.2 0 0 9.1 NA 0 216 102 1.3 0.7
"19" "17" 2005-12-11 39.46 "HOU" "@" "POR" "W" 14 0 17.8833333333333 0.833 0.5 25.6 28.6 27.1 0 3.2 0 0 11.3 193 92 10.9 7.9
"20" "18" 2005-12-14 39.47 "HOU" "@" "GSW" "W" 6 0 11.4666666666667 0.906 1 11.6 34.9 24.9 0 0 26.7 26.6 15.2 135 84 6.9 12.7
"21" "19" 2005-12-15 39.47 "HOU" "@" "SEA" "W" 6 0 11.1333333333333 0.5 0.5 14.4 9.6 11.5 0 0 0 0 9.4 126 124 0.8 -10
"22" "20" 2005-12-17 39.48 "HOU" "@" "LAC" "L" -8 0 11.0666666666667 0 0 0 11.4 5.4 0 5.2 6.4 0 4.5 0 94 1.3 -0.8
"23" "21" 2005-12-18 39.48 "HOU" "@" "LAL" "W" 2 1 31.8333333333333 0.2 0.2 3.8 29.4 16.8 0 0 8.9 0 8.1 56 87 2.9 -4.3
"24" "" 2005-12-21 39.49 "HOU" "" "TOR" "L" -13 NA NA NA NA NA NA NA NA NA NA NA NA NA NA NA NA
"25" "" 2005-12-23 39.5 "HOU" "@" "DEN" "L" -22 NA NA NA NA NA NA NA NA NA NA NA NA NA NA NA NA
"26" "22" 2005-12-27 39.51 "HOU" "" "UTA" "L" -8 1 20.5166666666667 0.174 0 14.3 16.3 15.3 0 0 0 0 6.5 79 100 0.6 -8.8
"27" "23" 2005-12-28 39.51 "HOU" "@" "NOK" "L" -2 1 21.1333333333333 1.136 NA 4.8 51.1 26.1 0 0 3.7 69.4 6.4 81 97 2.5 -3.4
"28" "24" 2005-12-31 39.52 "HOU" "" "GSW" "L" -5 1 10.45 1 1 21.9 0 10.8 0 0 0 0 14.1 203 118 5.7 9.4
"29" "25" 2006-01-03 39.53 "HOU" "@" "WAS" "W" 12 1 23.9666666666667 0.667 0.667 24.3 29.8 27.5 5.1 0 6.4 40 9.6 116 116 6.5 -1.9
"30" "26" 2006-01-05 39.53 "HOU" "@" "CLE" "W" 9 1 33.7166666666667 0.129 0 13.9 14.6 14.2 0 0 3 20.5 7.3 70 100 0.2 -11.4
"31" "27" 2006-01-06 39.53 "HOU" "@" "TOR" "L" -20 1 27.4333333333333 0.84 0.667 17.5 36.6 27.4 0 0 0 0 8.5 189 122 11.4 2.2
"32" "28" 2006-01-08 39.54 "HOU" "" "DEN" "L" -2 1 25.75 0.266 0 18.6 50.8 33.2 0 0 8.3 34.7 5.3 93 96 4.6 -4.3
"33" "29" 2006-01-10 39.55 "HOU" "@" "CHA" "L" -5 1 29.3 0.333 0.333 4.6 34.4 20 5.5 2 7.4 0 5.3 99 98 6 2.4
"34" "30" 2006-01-11 39.55 "HOU" "" "SAC" "L" -8 1 33.8833333333333 0.633 0.6 17.7 39 26.6 0 3.3 0 24 11 115 94 12.7 3.7
"35" "31" 2006-01-14 39.56 "HOU" "" "NOK" "L" -6 1 20.9 0.798 1 18.1 26.1 22.4 8.6 0 3.7 61.5 11.9 82 101 2.7 -6.7
"36" "32" 2006-01-16 39.56 "HOU" "@" "ATL" "L" -11 1 32.8833333333333 0.833 1 26.5 18.2 22.5 0 1.8 7.1 10.6 14.9 159 112 17.1 8
"37" "33" 2006-01-18 39.57 "HOU" "" "DAL" "L" -27 1 22.95 NA NA 0 7.2 3.1 0 0 4.1 NA 0 0 131 -0.6 -10
"38" "34" 2006-01-20 39.57 "HOU" "@" "CHI" "W" 1 1 26.6 0.615 0.5 9.1 21.8 15.6 0 0 5.5 29.1 6.6 109 103 3.7 -3.4
"39" "35" 2006-01-22 39.58 "HOU" "@" "DET" "L" -2 1 28.0166666666667 0.82 0.75 4.6 12.5 8.8 0 0 0 0 8.7 173 118 6.4 -0.5
"40" "36" 2006-01-23 39.58 "HOU" "@" "MIL" "W" 17 1 15.4833333333333 NA NA 0 27.6 14.1 0 3.6 4.9 NA 0 0 80 1.3 0.5
"41" "37" 2006-01-25 39.59 "HOU" "" "CHA" "W" 24 1 13.7833333333333 1 1 23.2 28.2 25.5 0 0 0 33.3 9.7 134 92 5 0.5
"42" "38" 2006-01-27 39.59 "HOU" "" "MIN" "L" -4 1 15.4333333333333 0.694 1 6.8 50.2 24.2 0 0 4.9 25.8 11.6 92 103 4.5 1.5
"43" "39" 2006-01-29 39.6 "HOU" "" "MIA" "L" -6 1 21.7666666666667 0.347 0 8.8 12.3 10.3 0 0 4.6 0 6 114 120 2.1 -6.3
"44" "" 2006-01-30 39.6 "HOU" "@" "MEM" "L" -9 NA NA NA NA NA NA NA NA NA NA NA NA NA NA NA NA
"45" "40" 2006-02-01 39.61 "HOU" "" "MIL" "W" 2 0 5.71666666666667 NA NA 0 37.3 19.5 0 0 0 NA 0 0 96 0.2 -6
"46" "" 2006-02-03 39.61 "HOU" "" "SEA" "W" 23 NA NA NA NA NA NA NA NA NA NA NA NA NA NA NA NA
"47" "41" 2006-02-05 39.62 "HOU" "@" "NYK" "W" 4 0 20.6 0.754 0.5 10.8 5.7 8.3 0 0 4.3 17.7 13.1 139 104 5.4 -4.1
"48" "" 2006-02-06 39.62 "HOU" "@" "PHI" "W" 6 NA NA NA NA NA NA NA NA NA NA NA NA NA NA NA NA
"49" "" 2006-02-08 39.62 "HOU" "" "LAL" "L" -11 NA NA NA NA NA NA NA NA NA NA NA NA NA NA NA NA
"50" "42" 2006-02-11 39.63 "HOU" "" "UTA" "W" 14 0 12.7833333333333 0.673 0.667 20.3 17.5 18.8 0 0 11.9 0 19.4 150 94 7.9 9.1
"51" "43" 2006-02-12 39.64 "HOU" "" "NYK" "W" 7 0 12.0666666666667 0.532 0 9.7 18.9 14.4 0 4.6 21.3 34.7 12.3 91 75 3.5 3.4
"52" "44" 2006-02-14 39.64 "HOU" "@" "LAC" "W" 31 0 7.68333333333333 NA NA 0 43.6 25.7 0 0 0 NA 0 0 100 0.9 0.5
"53" "" 2006-02-16 39.65 "HOU" "@" "PHO" "L" -34 NA NA NA NA NA NA NA NA NA NA NA NA NA NA NA NA
"54" "45" 2006-02-22 39.66 "HOU" "" "LAC" "W" 4 0 12.3166666666667 0.852 NA 10.3 36.3 24.1 0 0 0 0 6.3 192 109 4.1 2
"55" "46" 2006-02-24 39.67 "HOU" "" "GSW" "W" 3 0 9.85 1.136 NA 0 31.8 15.9 0 0 8 0 2 250 88 2.6 5.1
"56" "47" 2006-02-26 39.67 "HOU" "@" "ORL" "W" 5 0 11.8 NA NA 0 27.7 15.3 0 4.3 6.7 100 4 0 76 0.8 0.2
"57" "48" 2006-02-27 39.68 "HOU" "" "PHO" "L" -17 0 5.15 0.5 0.5 35.2 25.2 31.1 0 0 0 0 16.6 132 119 1.9 -5.1
"58" "49" 2006-03-01 39.68 "HOU" "" "PHI" "L" -5 0 8.95 1.136 NA 11.7 39.2 24.7 0 0 7.7 0 4.3 241 104 2.3 -1.9
"59" "" 2006-03-03 39.69 "HOU" "" "DEN" "W" 11 NA NA NA NA NA NA NA NA NA NA NA NA NA NA NA NA
"60" "" 2006-03-05 39.69 "HOU" "" "POR" "W" 18 NA NA NA NA NA NA NA NA NA NA NA NA NA NA NA NA
"61" "" 2006-03-07 39.7 "HOU" "@" "MIN" "W" 6 NA NA NA NA NA NA NA NA NA NA NA NA NA NA NA NA
"62" "50" 2006-03-08 39.7 "HOU" "" "IND" "W" 4 0 4.71666666666667 NA NA 0 0 0 0 11.6 0 NA 0 0 100 0.2 -2.7
"63" "" 2006-03-12 39.71 "HOU" "@" "SAS" "L" -7 NA NA NA NA NA NA NA NA NA NA NA NA NA NA NA NA
"64" "" 2006-03-13 39.72 "HOU" "" "NJN" "L" -13 NA NA NA NA NA NA NA NA NA NA NA NA NA NA NA NA
"65" "51" 2006-03-15 39.72 "HOU" "" "DAL" "L" -14 0 8.45 1 1 30.7 48.7 39.4 0 0 18 33.3 18.8 127 97 5.7 14.1
"66" "52" 2006-03-18 39.73 "HOU" "" "SAS" "L" -15 0 10.1166666666667 0.667 0.667 12.8 35.6 24.6 0 0 7.9 25 19.9 99 100 3.6 3.9
"67" "" 2006-03-20 39.73 "HOU" "" "LAC" "L" -8 NA NA NA NA NA NA NA NA NA NA NA NA NA NA NA NA
"68" "53" 2006-03-21 39.74 "HOU" "@" "DAL" "L" -16 0 4.38333333333333 NA NA 0 0 0 0 0 0 NA 0 0 119 -0.4 -8.7
"69" "" 2006-03-23 39.74 "HOU" "@" "NOK" "W" 1 NA NA NA NA NA NA NA NA NA NA NA NA NA NA NA NA
"70" "54" 2006-03-26 39.75 "HOU" "" "CLE" "L" -2 0 0.0333333333333333 NA NA 0 0 0 0 0 0 NA 0 0 118 0 -3.1
"71" "55" 2006-03-29 39.76 "HOU" "" "SEA" "W" 28 0 6.03333333333333 NA NA 0 0 0 0 0 15 NA 0 0 98 -0.1 -5
"72" "56" 2006-03-31 39.76 "HOU" "" "WAS" "W" 2 0 5.45 1.136 NA 0 40 23.5 0 0 0 53.2 16.6 108 107 1.6 0.1
"73" "" 2006-04-02 39.77 "HOU" "@" "LAL" "L" -16 NA NA NA NA NA NA NA NA NA NA NA NA NA NA NA NA
"74" "" 2006-04-04 39.78 "HOU" "@" "SEA" "L" -17 NA NA NA NA NA NA NA NA NA NA NA NA NA NA NA NA
"75" "57" 2006-04-05 39.78 "HOU" "@" "POR" "L" -1 0 16.8666666666667 0.694 0.5 31.6 16.7 24.4 0 3.4 5.6 0 8.8 171 89 6.9 3.6
"76" "58" 2006-04-07 39.78 "HOU" "@" "GSW" "W" 7 0 10.7833333333333 0.5 0.5 33.4 39.6 36.7 0 0 8.1 50 17.3 81 94 2.6 -7.3
"77" "59" 2006-04-09 39.79 "HOU" "@" "SAC" "L" -9 0 9.5 0 0 24.1 25.3 24.6 0 0 10.5 0 5.2 84 98 1.6 -3.4
"78" "60" 2006-04-10 39.79 "HOU" "@" "UTA" "L" -2 0 18.95 1.136 NA 12.4 32.7 21.1 0 0 0 0 2.3 231 106 4.2 0.5
"79" "61" 2006-04-12 39.8 "HOU" "" "MIN" "L" -3 1 15.6166666666667 0.333 0.333 15.8 15 15.4 0 3.8 4.8 25 11.6 72 97 2.2 -4.5
"80" "62" 2006-04-15 39.81 "HOU" "" "MEM" "L" -12 1 22.2 0.798 0.667 17.5 34.1 25.9 0 0 8 15.1 16 149 109 11.2 8.2
"81" "63" 2006-04-17 39.81 "HOU" "@" "DEN" "W" 3 1 23.3666666666667 0.676 0.75 4.7 13.7 9.2 0 2.3 0 31.1 13.2 86 89 2.6 -4.1
"82" "64" 2006-04-19 39.82 "HOU" "" "SAS" "L" -2 1 17.5333333333333 0.602 0.5 8.1 44.6 28.4 0 6.2 5.3 0 8.7 141 78 7.7 10.7
"1" "1" 2006-11-01 40.35 "HOU" "@" "UTA" "L" -10 0 9.65 0.315 0 32.4 13.4 24 0 5.4 0 0 23 103 109 3.5 -5.3
"2" "2" 2006-11-04 40.36 "HOU" "" "DAL" "W" 31 0 8.88333333333333 1 1 18 41.6 31.3 0 0 18.6 66.7 17 68 74 1.9 -0.8
"3" "3" 2006-11-05 40.36 "HOU" "@" "NOK" "L" -6 0 3.16666666666667 NA NA 0 34.4 17.6 0 0 0 NA 0 0 106 0.3 0
"4" "4" 2006-11-07 40.37 "HOU" "@" "MEM" "W" 6 0 2.88333333333333 NA NA 0 79.3 42.7 0 0 0 NA 0 0 72 0.2 -2.1
"5" "5" 2006-11-08 40.37 "HOU" "@" "MIL" "W" 4 0 13.0166666666667 0.727 0.667 39.9 37.8 38.8 0 0 0 0 25.3 163 105 11 10.8
"6" "6" 2006-11-10 40.38 "HOU" "" "NYK" "W" 9 0 9.38333333333333 0.667 0.667 31 22.7 26.2 0 0 8.3 0 15.4 154 101 4.2 1.6
"7" "7" 2006-11-12 40.38 "HOU" "@" "MIA" "W" 22 0 8.3 NA NA 0 38.6 21.4 0 0 0 NA 0 0 76 -0.3 -5
"8" "8" 2006-11-14 40.39 "HOU" "" "SAS" "L" -8 0 11.8166666666667 0.4 0.4 30.1 0 18.7 0 0 13.3 0 20.1 111 104 5.1 1.8
"9" "9" 2006-11-16 40.39 "HOU" "" "CHI" "W" 1 0 6.96666666666667 NA NA 17.7 31.3 24.9 0 0 0 100 19.1 19 106 -2.1 -21.6
"10" "10" 2006-11-18 40.4 "HOU" "@" "DET" "L" -12 0 10.55 1.136 NA 10.6 0 5.2 0 5.3 0 69.4 13.4 82 116 1.7 -2.1
"11" "11" 2006-11-20 40.41 "HOU" "@" "NYK" "W" 7 0 5.13333333333333 NA NA 0 18.7 11.5 0 0 0 NA 0 0 104 0.3 -0.5
"12" "12" 2006-11-22 40.41 "HOU" "" "WAS" "W" 4 0 11.6166666666667 NA NA 0 36.2 20.5 0 0 6 NA 0 0 78 1.4 1.5
"13" "13" 2006-11-25 40.42 "HOU" "" "MEM" "W" 9 0 7.58333333333333 0.798 1 0 41.3 21.8 0 0 11.1 0 12 155 75 3.5 10.5
"14" "14" 2006-11-28 40.43 "HOU" "" "MIN" "W" 7 0 3.88333333333333 NA NA 0 0 0 0 0 0 NA 0 0 101 0 -6.9
"15" "" 2006-11-29 40.43 "HOU" "@" "PHO" "L" -11 NA NA NA NA NA NA NA NA NA NA NA NA NA NA NA NA
"16" "15" 2006-12-02 40.44 "HOU" "" "CLE" "W" 18 0 11.45 0.852 NA 19.5 23.7 21.8 0 0 7.6 36.2 12 128 71 3.8 2.1
"17" "" 2006-12-05 40.45 "HOU" "" "GSW" "W" 28 NA NA NA NA NA NA NA NA NA NA NA NA NA NA NA NA
"18" "16" 2006-12-06 40.45 "HOU" "@" "MIN" "L" -6 0 3.9 0.174 0 49.2 0 28 0 12.9 0 0 31.2 70 75 1.6 -0.9
"19" "17" 2006-12-08 40.45 "HOU" "@" "CHA" "W" 30 0 16.6333333333333 0.667 0.667 20.6 36.7 29.8 0 0 8.2 0 8.2 156 54 6.7 7.7
"20" "18" 2006-12-09 40.46 "HOU" "@" "WAS" "W" 5 0 8.66666666666667 NA NA 0 22.2 14.6 0 5.9 17.9 NA 0 0 94 2.6 10.3
"21" "19" 2006-12-12 40.47 "HOU" "" "LAL" "L" -8 0 3.61666666666667 1.136 NA 33.2 33.2 33.2 0 0 0 0 11 240 105 2.2 5.7
"22" "20" 2006-12-14 40.47 "HOU" "@" "GSW" "L" -2 0 3.63333333333333 NA NA 0 32.2 15.4 0 0 0 100 10.6 0 107 -1.5 -25.3
"23" "21" 2006-12-15 40.47 "HOU" "@" "LAL" "L" -11 0 9.23333333333333 0.798 1 14.6 22.4 19 0 0 26.5 0 9.6 166 84 5.3 15.8
"24" "22" 2006-12-17 40.48 "HOU" "@" "LAC" "W" 5 0 7.45 0 0 0 40.3 19.2 0 0 0 0 6.7 0 112 -0.9 -13.5
"25" "23" 2006-12-20 40.49 "HOU" "@" "POR" "L" -2 0 4.08333333333333 NA NA 0 0 0 0 0 0 NA 0 0 118 -0.4 -11.3
"26" "24" 2006-12-22 40.49 "HOU" "@" "SAS" "W" 19 0 3.91666666666667 NA NA 0 0 0 0 0 0 NA 0 0 101 0 -2.6
"27" "25" 2006-12-23 40.5 "HOU" "" "LAC" "L" -5 0 25.0166666666667 0.532 0 13.7 25.9 19.4 6.4 2.2 13.5 0 3.6 172 99 9 10.2
"28" "26" 2006-12-26 40.5 "HOU" "@" "IND" "L" -5 1 18.6833333333333 0.4 0.4 10.1 15.4 12.7 0 0 8.2 0 12.2 97 90 5 0.6
"29" "27" 2006-12-27 40.51 "HOU" "@" "NJN" "W" 25 1 19.7833333333333 0.667 0.667 12.8 40.4 28.2 0 0 4.3 25 9 109 77 5.4 0.9
"30" "28" 2006-12-29 40.51 "HOU" "" "ATL" "W" 26 1 21.5833333333333 0.515 0.667 18.5 52 37.5 7 0 7.3 0 9.3 134 64 7.4 5.7
"31" "29" 2006-12-31 40.52 "HOU" "" "MEM" "W" 2 1 22.6833333333333 0.258 0.333 26.9 24.9 26.2 0 0 13.4 0 7.2 122 110 7.2 -2.3
"32" "30" 2007-01-03 40.53 "HOU" "" "SEA" "W" 7 1 28.2 0.752 0.75 20.8 37.2 28 0 2 3.3 15.8 10.5 146 106 10.7 2.5
"33" "31" 2007-01-05 40.53 "HOU" "" "UTA" "W" 14 1 35.6833333333333 0.781 0.75 22.4 34.4 28.1 9 3.1 2.1 0 7.7 189 88 18 10.7
"34" "32" 2007-01-07 40.54 "HOU" "@" "MIN" "L" -4 1 36.7833333333333 0.667 0.667 14.4 27.4 20.4 4 1.5 2.1 0 3.8 170 103 9.4 2.4
"35" "33" 2007-01-08 40.54 "HOU" "@" "CHI" "W" 7 1 27.15 1 1 11.3 46.9 29.5 0 0 2.6 66.7 5.1 83 79 6 -0.6
"36" "34" 2007-01-10 40.55 "HOU" "" "LAL" "W" 25 1 34.2333333333333 0.509 0.5 18.9 35.8 26.9 0 0 12.1 0 8.9 139 75 14.4 5.3
"37" "35" 2007-01-12 40.55 "HOU" "@" "DEN" "W" 4 1 31.35 0.902 1 10.9 21.4 16.6 0 1.6 9.6 0 6.2 189 85 12.5 6.8
"38" "36" 2007-01-13 40.55 "HOU" "@" "SAC" "W" 4 1 38.8833333333333 0.731 0.5 15.5 47.9 30.3 0 0 0 21 11.9 139 112 12 -1.1
"39" "37" 2007-01-16 40.56 "HOU" "@" "DAL" "L" -13 1 28.2 0.436 0.333 13.8 30.6 22.4 0 0 5.9 46.6 11.5 73 121 3.5 -6.2
"40" "38" 2007-01-17 40.56 "HOU" "" "PHO" "L" -9 1 26.9833333333333 0.5 0.5 7.4 28.1 16.5 5.7 3.8 4 33.3 10.2 84 100 5.4 -1.6
"41" "39" 2007-01-20 40.57 "HOU" "" "DEN" "L" -8 1 37.6833333333333 0.652 0.625 22.1 16 19.2 3.9 1.4 0 10.6 11 144 117 13.6 0.6
"42" "40" 2007-01-24 40.58 "HOU" "@" "SAS" "W" 5 1 30.7166666666667 0.333 0.333 4.3 26 16 0 0 2.2 40 8 50 94 1 -4.3
"43" "41" 2007-01-26 40.59 "HOU" "" "POR" "W" 30 1 28.4 0.962 1 8.7 38 23.5 0 0 5.5 35.5 9.3 130 74 7.8 1.9
"44" "42" 2007-01-29 40.6 "HOU" "" "PHI" "W" 21 1 24 1.064 1 17.1 23.1 20.7 0 0 5.2 34.7 5.6 158 87 7.2 1.7
"45" "43" 2007-01-31 40.6 "HOU" "" "SEA" "W" 10 1 23.8166666666667 1 1 5.2 39.2 21.5 13.9 0 2.9 16.7 12.9 164 109 11.6 5.9
"46" "44" 2007-02-03 40.61 "HOU" "" "NOK" "L" -13 1 14.5333333333333 0 0 14.1 34.8 23.3 0 0 6.4 0 6.9 52 96 0.7 -8
"47" "45" 2007-02-05 40.62 "HOU" "" "MIN" "W" 28 1 27.5666666666667 1 1 4 32.9 17.2 0 0 6.4 0 1.7 205 86 4.7 -0.5
"48" "46" 2007-02-06 40.62 "HOU" "@" "MEM" "W" 8 1 37.4 0.129 0 13.2 25.1 19.6 0 0 5.5 20.5 6.5 74 96 3.9 -3.3
"49" "47" 2007-02-09 40.63 "HOU" "@" "DAL" "L" -21 1 17.7166666666667 0.45 0.5 10.4 18.9 14.3 13.2 0 4.1 31.1 17.8 75 110 2.1 -4.8
"50" "48" 2007-02-10 40.63 "HOU" "" "CHA" "W" 21 1 37.3166666666667 0.709 0.667 13.7 32.2 21.7 0 5.4 2.1 9.2 13.1 141 80 20 6.2
"51" "49" 2007-02-13 40.64 "HOU" "" "SAC" "W" 5 1 27.2833333333333 1 1 4.3 36.1 19.9 0 2 2.9 0 1.7 208 101 5.3 0.2
"52" "50" 2007-02-15 40.64 "HOU" "" "DAL" "L" -3 1 27.5 0.5 0.5 13.1 26.2 19.6 0 2 5.9 20 9.3 101 86 5.7 3.2
"53" "51" 2007-02-21 40.66 "HOU" "" "MIA" "W" 10 1 38.55 0.47 0.25 10.1 27.7 19.7 0 0 0 15.8 7.3 109 104 4.7 -5.4
"54" "52" 2007-02-23 40.67 "HOU" "@" "ATL" "L" -6 1 33.4833333333333 0.765 0.8 14 28.7 21.2 0 0 6.2 14.5 9.9 143 113 11 1.9
"55" "53" 2007-02-25 40.67 "HOU" "@" "ORL" "W" 4 1 20.85 1 1 6.6 14.7 11.2 0 2.6 3.4 0 2.3 210 100 3.8 3.6
"56" "54" 2007-02-26 40.67 "HOU" "" "BOS" "L" -5 1 23.9 1 1 7.4 21.4 13.9 0 2.2 3.2 0 3.7 200 78 7.2 5.8
"57" "55" 2007-02-28 40.68 "HOU" "" "TOR" "L" -16 1 15.3666666666667 0 0 0 10.1 4.5 0 0 0 0 3.4 0 131 -1.2 -13.4
"58" "56" 2007-03-02 40.68 "HOU" "@" "DEN" "W" 11 1 33.4166666666667 0.37 0.2 21.7 52.9 34.7 3.6 0 2.3 0 8.3 133 97 11.5 -0.5
"59" "57" 2007-03-03 40.69 "HOU" "" "SAS" "L" -23 1 10.0833333333333 1 1 0 30.7 13.6 0 0 0 50 10.2 71 117 0.1 -9
"60" "58" 2007-03-05 40.69 "HOU" "@" "CLE" "L" -6 0 19.4666666666667 0.798 1 12.8 36.7 23.5 0 0 7.7 0 4.1 175 91 7.9 6.5
"61" "59" 2007-03-07 40.7 "HOU" "@" "BOS" "W" 31 0 22.6333333333333 0.725 1 11.5 23.6 18.1 5.6 0 6.1 0 5.5 168 87 6.3 3.4
"62" "60" 2007-03-09 40.7 "HOU" "" "NJN" "W" 21 0 5.23333333333333 0.568 NA 0 20.8 10.8 0 0 0 0 7.6 123 97 -0.3 -10.5
"63" "61" 2007-03-11 40.71 "HOU" "" "ORL" "W" 11 0 4.95 0.568 NA 0 0 0 0 0 0 53.2 18.6 54 112 -0.8 -18.6
"64" "62" 2007-03-12 40.71 "HOU" "@" "PHO" "L" -21 0 3.08333333333333 NA NA 0 0 0 0 0 0 NA 0 0 122 0 -4.6
"65" "63" 2007-03-14 40.72 "HOU" "" "LAC" "W" 4 0 14.7333333333333 0 0 0 16.7 9 8.4 0 4.8 0 3.2 58 115 0.9 -2.2
"66" "" 2007-03-16 40.72 "HOU" "@" "TOR" "W" 14 NA NA NA NA NA NA NA NA NA NA NA NA NA NA NA NA
"67" "64" 2007-03-18 40.73 "HOU" "@" "PHI" "W" 50 0 14 0.5 0.5 8.6 41.1 26.7 0 3.8 0 0 6.5 131 72 4.5 3.6
"68" "65" 2007-03-20 40.73 "HOU" "" "IND" "W" 10 0 9.65 0.532 0 33.9 29.8 31.7 0 0 0 0 8.9 157 81 3.5 0.9
"69" "66" 2007-03-22 40.74 "HOU" "" "DET" "W" 6 0 7.45 1 1 16.5 26.8 22.2 0 0 0 0 6.8 204 95 2.6 5.2
"70" "" 2007-03-25 40.75 "HOU" "@" "NOK" "L" -12 NA NA NA NA NA NA NA NA NA NA NA NA NA NA NA NA
"71" "" 2007-03-26 40.75 "HOU" "" "MIL" "W" 19 NA NA NA NA NA NA NA NA NA NA NA NA NA NA NA NA
"72" "67" 2007-03-28 40.76 "HOU" "@" "LAC" "W" 5 0 10.85 NA NA 23.3 20.6 21.8 0 0 0 NA 0 213 101 1.6 -3.1
"73" "68" 2007-03-30 40.76 "HOU" "@" "LAL" "W" 3 0 10.3166666666667 NA NA 0 37.4 20 0 0 7.1 NA 0 0 88 0.7 -0.4
"74" "69" 2007-04-01 40.77 "HOU" "" "UTA" "L" -3 0 6.2 NA NA 16.1 0 8.7 0 0 0 NA 0 211 104 -0.5 -12
"75" "" 2007-04-04 40.78 "HOU" "" "GSW" "L" -11 NA NA NA NA NA NA NA NA NA NA NA NA NA NA NA NA
"76" "70" 2007-04-06 40.78 "HOU" "" "POR" "L" -7 1 14.6666666666667 0.667 0.667 22.3 19.3 21 0 0 0 25 13.5 115 105 3.2 -3.1
"77" "71" 2007-04-08 40.79 "HOU" "@" "SAC" "W" 6 0 13.4833333333333 1.064 1 0 14.8 8.7 0 0 12.5 0 6.4 227 109 5.3 6.8
"78" "72" 2007-04-09 40.79 "HOU" "@" "SEA" "W" 5 0 16.2666666666667 0.102 0 44.9 19.7 32.4 0 0 0 17 16.4 78 100 2.2 -12
"79" "73" 2007-04-11 40.79 "HOU" "@" "POR" "W" 4 0 7.18333333333333 0 NA 31.1 15.2 23 0 0 9.5 0 5.9 104 97 0.8 -6.7
"80" "74" 2007-04-14 40.8 "HOU" "" "NOK" "W" 11 0 8.96666666666667 1 1 17.3 16.7 17 0 0 0 0 5.3 207 127 2.3 -1.4
"81" "75" 2007-04-16 40.81 "HOU" "" "PHO" "W" 3 0 9.5 0.667 0.667 47 0 26.2 0 0 0 0 13 172 130 5.1 2.1
"82" "" 2007-04-18 40.81 "HOU" "@" "UTA" "L" -10 NA NA NA NA NA NA NA NA NA NA NA NA NA NA NA NA
"1" "1" 2007-10-30 41.35 "HOU" "@" "LAL" "W" 2 0 6.63333333333333 NA NA 0 0 0 21.3 0 0 NA 0 218 107 -0.1 -1.3
"2" "2" 2007-11-01 41.35 "HOU" "@" "UTA" "W" 11 0 7.01666666666667 NA NA 18 14.6 16.1 0 0 0 100 6.4 55 102 -0.8 -12.3
"3" "" 2007-11-03 41.36 "HOU" "" "POR" "W" 9 NA NA NA NA NA NA NA NA NA NA NA NA NA NA NA NA
"4" "" 2007-11-05 41.36 "HOU" "@" "DAL" "L" -9 NA NA NA NA NA NA NA NA NA NA NA NA NA NA NA NA
"5" "3" 2007-11-06 41.37 "HOU" "" "SAS" "W" 8 0 4.88333333333333 0.5 0.5 40.1 0 23.7 0 11.7 0 0 17.6 139 79 3.4 14.8
"6" "" 2007-11-09 41.38 "HOU" "" "MIL" "W" 16 NA NA NA NA NA NA NA NA NA NA NA NA NA NA NA NA
"7" "" 2007-11-11 41.38 "HOU" "@" "CHA" "W" 3 NA NA NA NA NA NA NA NA NA NA NA NA NA NA NA NA
"8" "4" 2007-11-13 41.39 "HOU" "@" "MEM" "L" -6 0 12.45 NA NA 8.8 21.4 14.5 0 0 6.5 NA 0 207 112 1.6 -2.1
"9" "5" 2007-11-14 41.39 "HOU" "" "LAL" "L" -3 0 11.25 0.266 0 22.1 12.9 18.8 0 0 0 34.7 10.8 73 111 1.3 -9.4
"10" "" 2007-11-16 41.39 "HOU" "@" "SAS" "L" -6 NA NA NA NA NA NA NA NA NA NA NA NA NA NA NA NA
"11" "" 2007-11-17 41.4 "HOU" "" "PHO" "L" -10 NA NA NA NA NA NA NA NA NA NA NA NA NA NA NA NA
"12" "6" 2007-11-21 41.41 "HOU" "" "DAL" "L" -6 0 4.83333333333333 0.347 0 24.2 0 10.7 0 0 0 0 13.8 109 115 0.6 -9.8
"13" "7" 2007-11-23 41.41 "HOU" "@" "MIA" "L" -7 0 11.6833333333333 0.266 0 29.3 25.7 27.8 0 0 0 0 7.7 118 116 2.2 -6.4
"14" "" 2007-11-24 41.42 "HOU" "" "DEN" "W" 28 NA NA NA NA NA NA NA NA NA NA NA NA NA NA NA NA
"15" "8" 2007-11-26 41.42 "HOU" "@" "LAC" "W" 17 0 8.75 NA NA 14.8 32.9 25.2 0 0 0 100 11.2 28 78 -0.8 -11.5
"16" "" 2007-11-28 41.43 "HOU" "@" "PHO" "W" 6 NA NA NA NA NA NA NA NA NA NA NA NA NA NA NA NA
"17" "" 2007-11-29 41.43 "HOU" "@" "GSW" "L" -19 NA NA NA NA NA NA NA NA NA NA NA NA NA NA NA NA
"18" "" 2007-12-01 41.44 "HOU" "@" "SAC" "L" -8 NA NA NA NA NA NA NA NA NA NA NA NA NA NA NA NA
"19" "" 2007-12-05 41.45 "HOU" "" "MEM" "W" 13 NA NA NA NA NA NA NA NA NA NA NA NA NA NA NA NA
"20" "" 2007-12-07 41.45 "HOU" "@" "NJN" "W" 7 NA NA NA NA NA NA NA NA NA NA NA NA NA NA NA NA
"21" "" 2007-12-09 41.46 "HOU" "@" "TOR" "L" -13 NA NA NA NA NA NA NA NA NA NA NA NA NA NA NA NA
"22" "" 2007-12-10 41.46 "HOU" "@" "PHI" "L" -12 NA NA NA NA NA NA NA NA NA NA NA NA NA NA NA NA
"23" "" 2007-12-12 41.47 "HOU" "" "DET" "W" 3 NA NA NA NA NA NA NA NA NA NA NA NA NA NA NA NA
"24" "" 2007-12-15 41.47 "HOU" "" "DAL" "L" -13 NA NA NA NA NA NA NA NA NA NA NA NA NA NA NA NA
"25" "" 2007-12-19 41.48 "HOU" "" "ORL" "L" -5 NA NA NA NA NA NA NA NA NA NA NA NA NA NA NA NA
"26" "9" 2007-12-20 41.49 "HOU" "@" "DEN" "L" -1 0 3.58333333333333 NA NA 0 0 0 0 0 0 NA 0 0 114 0 -5.3
"27" "" 2007-12-22 41.49 "HOU" "@" "CHI" "W" 18 NA NA NA NA NA NA NA NA NA NA NA NA NA NA NA NA
"28" "10" 2007-12-23 41.5 "HOU" "@" "DET" "L" -12 0 18.4333333333333 0 0 6.7 26 16.5 0 0 0 0 2.6 56 107 0.4 -6.6
"29" "11" 2007-12-28 41.51 "HOU" "@" "MEM" "W" 20 0 3.96666666666667 NA NA 57.6 0 26.6 0 0 0 NA 0 217 101 1 -4.7
"30" "" 2007-12-29 41.51 "HOU" "" "TOR" "W" 12 NA NA NA NA NA NA NA NA NA NA NA NA NA NA NA NA
"31" "" 2007-12-31 41.52 "HOU" "" "GSW" "L" -17 NA NA NA NA NA NA NA NA NA NA NA NA NA NA NA NA
"32" "" 2008-01-02 41.52 "HOU" "@" "BOS" "L" -4 NA NA NA NA NA NA NA NA NA NA NA NA NA NA NA NA
"33" "" 2008-01-04 41.53 "HOU" "@" "ORL" "W" 2 NA NA NA NA NA NA NA NA NA NA NA NA NA NA NA NA
"34" "12" 2008-01-05 41.53 "HOU" "" "NYK" "W" 12 0 7.13333333333333 0 0 0 67.3 37.9 0 0 21.4 50 13.7 0 75 0.5 -7
"35" "13" 2008-01-08 41.54 "HOU" "@" "WAS" "W" 8 0 8.01666666666667 1.136 NA 18.1 0 8.1 0 13.9 0 0 5.3 243 78 4.3 15.2
"36" "" 2008-01-09 41.54 "HOU" "@" "NYK" "W" 9 NA NA NA NA NA NA NA NA NA NA NA NA NA NA NA NA
"37" "" 2008-01-11 41.55 "HOU" "" "MIN" "W" 31 NA NA NA NA NA NA NA NA NA NA NA NA NA NA NA NA
"38" "" 2008-01-13 41.55 "HOU" "" "NOH" "L" -5 NA NA NA NA NA NA NA NA NA NA NA NA NA NA NA NA
"39" "" 2008-01-15 41.56 "HOU" "" "PHI" "L" -4 NA NA NA NA NA NA NA NA NA NA NA NA NA NA NA NA
"40" "" 2008-01-19 41.57 "HOU" "" "SAS" "W" 2 NA NA NA NA NA NA NA NA NA NA NA NA NA NA NA NA
"41" "" 2008-01-21 41.58 "HOU" "" "SEA" "W" 7 NA NA NA NA NA NA NA NA NA NA NA NA NA NA NA NA
"42" "" 2008-01-23 41.58 "HOU" "@" "SEA" "W" 2 NA NA NA NA NA NA NA NA NA NA NA NA NA NA NA NA
"43" "" 2008-01-25 41.59 "HOU" "@" "POR" "W" 10 NA NA NA NA NA NA NA NA NA NA NA NA NA NA NA NA
"44" "" 2008-01-27 41.59 "HOU" "" "UTA" "L" -8 NA NA NA NA NA NA NA NA NA NA NA NA NA NA NA NA
"45" "" 2008-01-29 41.6 "HOU" "" "GSW" "W" 4 NA NA NA NA NA NA NA NA NA NA NA NA NA NA NA NA
"46" "" 2008-02-01 41.61 "HOU" "@" "IND" "W" 3 NA NA NA NA NA NA NA NA NA NA NA NA NA NA NA NA
"47" "14" 2008-02-02 41.61 "HOU" "@" "MIL" "W" 8 0 4.48333333333333 NA NA 0 0 0 0 0 15.1 NA 0 0 96 0.7 1.8
"48" "" 2008-02-04 41.61 "HOU" "@" "MIN" "W" 6 NA NA NA NA NA NA NA NA NA NA NA NA NA NA NA NA
"49" "" 2008-02-07 41.62 "HOU" "" "CLE" "W" 15 NA NA NA NA NA NA NA NA NA NA NA NA NA NA NA NA
"50" "" 2008-02-09 41.63 "HOU" "" "ATL" "W" 19 NA NA NA NA NA NA NA NA NA NA NA NA NA NA NA NA
"51" "" 2008-02-11 41.63 "HOU" "" "POR" "W" 12 NA NA NA NA NA NA NA NA NA NA NA NA NA NA NA NA
"52" "" 2008-02-13 41.64 "HOU" "" "SAC" "W" 2 NA NA NA NA NA NA NA NA NA NA NA NA NA NA NA NA
"53" "" 2008-02-19 41.65 "HOU" "@" "CLE" "W" 8 NA NA NA NA NA NA NA NA NA NA NA NA NA NA NA NA
"54" "" 2008-02-21 41.66 "HOU" "" "MIA" "W" 12 NA NA NA NA NA NA NA NA NA NA NA NA NA NA NA NA
"55" "" 2008-02-22 41.66 "HOU" "@" "NOH" "W" 20 NA NA NA NA NA NA NA NA NA NA NA NA NA NA NA NA
"56" "" 2008-02-24 41.67 "HOU" "" "CHI" "W" 13 NA NA NA NA NA NA NA NA NA NA NA NA NA NA NA NA
"57" "15" 2008-02-26 41.67 "HOU" "" "WAS" "W" 25 1 23.0666666666667 0.5 0.5 5.2 20 13.6 0 2.4 11.9 0 8.5 116 68 8 8.4
"58" "16" 2008-02-29 41.68 "HOU" "" "MEM" "W" 21 1 17.55 0.41 0.25 7.6 57.6 38.2 0 0 15 0 12.1 105 74 7.1 0.8
"59" "17" 2008-03-02 41.69 "HOU" "" "DEN" "W" 14 1 23.9833333333333 0.5 0.5 10 13.6 11.9 0 0 10.2 0 3.8 139 95 4.2 1.2
"60" "18" 2008-03-05 41.7 "HOU" "" "IND" "W" 18 1 7.75 1 1 15.1 0 7.6 0 0 0 0 5.6 209 115 2.4 0
"61" "19" 2008-03-06 41.7 "HOU" "@" "DAL" "W" 15 1 19.4 0.667 0.667 20.6 23 21.9 0 2.8 0 0 7.6 162 106 6.2 0.7
"62" "20" 2008-03-08 41.7 "HOU" "" "NOH" "W" 10 1 18.4833333333333 0.5 0.5 21.6 16.2 18.5 0 0 3.7 20 13.2 108 111 4.3 -6.1
"63" "21" 2008-03-10 41.71 "HOU" "" "NJN" "W" 18 1 17.8166666666667 0.5 0.5 7.5 23.6 17.4 0 0 18.5 0 5.5 120 70 6.3 8.5
"64" "22" 2008-03-12 41.72 "HOU" "@" "ATL" "W" 8 1 15.3333333333333 0.568 NA 15.7 19.6 17.4 0 0 0 0 5 146 90 4.2 0.4
"65" "23" 2008-03-14 41.72 "HOU" "" "CHA" "W" 9 1 31.2333333333333 0.568 NA 3.3 21 12 0 0 10.4 69.4 4.1 47 86 2.7 -2.6
"66" "24" 2008-03-16 41.73 "HOU" "" "LAL" "W" 12 1 16.3666666666667 0 0 13 50.1 30.7 0 0 4.6 0 2.8 104 95 3.1 1
"67" "25" 2008-03-18 41.73 "HOU" "" "BOS" "L" -20 1 16.4166666666667 0.333 0.333 28.5 15 21.9 0 0 3.8 40 15.6 70 115 2 -8.7
"68" "26" 2008-03-19 41.73 "HOU" "@" "NOH" "L" -21 1 34.0833333333333 0.644 0.667 5.5 33.7 18.9 0 0 4.5 0 10.2 137 94 11.9 7.6
"69" "" 2008-03-21 41.74 "HOU" "@" "GSW" "W" 3 NA NA NA NA NA NA NA NA NA NA NA NA NA NA NA NA
"70" "27" 2008-03-22 41.74 "HOU" "@" "PHO" "L" -9 1 27.5666666666667 0.615 0.5 3.5 13.4 6.9 0 1.8 3.2 0 7.4 143 129 5.4 -3.5
"71" "28" 2008-03-24 41.75 "HOU" "" "SAC" "W" 8 1 16.85 1.042 1 27.6 46.2 37.7 0 0 4.7 25.8 11.3 164 110 8.6 7.3
"72" "29" 2008-03-26 41.75 "HOU" "" "MIN" "W" 11 1 17.7 0.667 0.667 26.6 18.1 22.6 15.7 0 0 25 9.6 134 99 5.9 0.3
"73" "30" 2008-03-30 41.76 "HOU" "@" "SAS" "L" -21 1 20.7666666666667 1 1 9.6 18.7 13.6 0 5.5 3.1 0 2.3 204 116 6.3 4.8
"74" "31" 2008-04-01 41.77 "HOU" "@" "SAC" "L" -1 1 21.05 0.828 1 15.2 28.5 20.7 0 0 8 13.1 15.5 140 108 11.1 6
"75" "32" 2008-04-03 41.78 "HOU" "@" "POR" "W" 9 1 26.0166666666667 0.637 0.5 9.7 13.5 11.7 0 2.2 7.9 0 17.2 142 97 12.6 6.8
"76" "33" 2008-04-04 41.78 "HOU" "@" "SEA" "W" 13 1 16.2166666666667 0.868 1 13.8 11.6 12.6 0 3.6 3.8 0 8.8 179 76 6.1 6.3
"77" "34" 2008-04-06 41.78 "HOU" "@" "LAC" "W" 26 1 15.8333333333333 0.667 0.667 8.2 38.7 25.3 0 0 0 0 17.7 138 87 7.9 6.5
"78" "35" 2008-04-09 41.79 "HOU" "" "SEA" "W" 23 1 18.3833333333333 0.532 0 15.8 10.7 12.7 0 0 9.8 34.7 7.6 108 85 3.6 -1.2
"79" "36" 2008-04-11 41.8 "HOU" "" "PHO" "W" 11 1 30.1333333333333 1.031 1 3.8 26.5 15.2 0 0 7.7 20.5 7.7 160 98 10.2 5.8
"80" "37" 2008-04-13 41.8 "HOU" "@" "DEN" "L" -17 1 16.15 0.255 0.2 21.6 25.8 23.5 0 0 0 25.4 19.3 62 112 1.5 -11.5
"81" "38" 2008-04-14 41.81 "HOU" "@" "UTA" "L" -9 1 17.8666666666667 0 0 0 22.9 12.2 9.6 0 4.4 0 2.8 51 115 1.5 -1
"82" "39" 2008-04-16 41.81 "HOU" "" "LAC" "W" 18 1 19.9333333333333 0.68 0.6 9.8 39.2 23.6 7.8 2.9 10.8 0 13.7 156 70 12.6 15.4
"1" "" 2008-12-31 42.52 "HOU" "" "MIL" "W" 4 NA NA NA NA NA NA NA NA NA NA NA NA NA NA NA NA
"2" "" 2009-01-02 42.52 "HOU" "@" "TOR" "L" -21 NA NA NA NA NA NA NA NA NA NA NA NA NA NA NA NA
"3" "" 2009-01-03 42.53 "HOU" "@" "ATL" "L" -3 NA NA NA NA NA NA NA NA NA NA NA NA NA NA NA NA
"4" "" 2009-01-06 42.53 "HOU" "@" "PHI" "L" -8 NA NA NA NA NA NA NA NA NA NA NA NA NA NA NA NA
"5" "" 2009-01-07 42.54 "HOU" "@" "BOS" "W" 4 NA NA NA NA NA NA NA NA NA NA NA NA NA NA NA NA
"6" "" 2009-01-09 42.54 "HOU" "@" "OKC" "W" 2 NA NA NA NA NA NA NA NA NA NA NA NA NA NA NA NA
"7" "" 2009-01-10 42.55 "HOU" "" "NYK" "W" 20 NA NA NA NA NA NA NA NA NA NA NA NA NA NA NA NA
"8" "1" 2009-01-13 42.55 "HOU" "" "LAL" "L" -5 0 4.35 1 1 32.5 0 15.1 0 0 0 0 22.6 203 128 4.1 17.8
"9" "" 2009-01-17 42.56 "HOU" "" "MIA" "W" 7 NA NA NA NA NA NA NA NA NA NA NA NA NA NA NA NA
"10" "" 2009-01-19 42.57 "HOU" "" "DEN" "W" 2 NA NA NA NA NA NA NA NA NA NA NA NA NA NA NA NA
"11" "" 2009-01-21 42.58 "HOU" "" "UTA" "W" 9 NA NA NA NA NA NA NA NA NA NA NA NA NA NA NA NA
"12" "" 2009-01-23 42.58 "HOU" "@" "IND" "L" -5 NA NA NA NA NA NA NA NA NA NA NA NA NA NA NA NA
"13" "" 2009-01-25 42.59 "HOU" "@" "DET" "W" 3 NA NA NA NA NA NA NA NA NA NA NA NA NA NA NA NA
"14" "" 2009-01-26 42.59 "HOU" "@" "NYK" "L" -6 NA NA NA NA NA NA NA NA NA NA NA NA NA NA NA NA
"15" "" 2009-01-28 42.59 "HOU" "" "PHI" "L" -2 NA NA NA NA NA NA NA NA NA NA NA NA NA NA NA NA
"16" "" 2009-01-31 42.6 "HOU" "" "GSW" "W" 17 NA NA NA NA NA NA NA NA NA NA NA NA NA NA NA NA
"17" "" 2009-02-03 42.61 "HOU" "" "CHI" "W" 7 NA NA NA NA NA NA NA NA NA NA NA NA NA NA NA NA
"18" "2" 2009-02-04 42.61 "HOU" "@" "MEM" "L" -11 0 6.4 0 0 45 0 27.1 0 0 12.7 0 21.8 61 116 0.3 -20.6
"19" "3" 2009-02-07 42.62 "HOU" "" "MIN" "W" 17 0 5.05 NA NA 0 38.8 21.1 0 0 0 NA 0 0 96 0.6 -1.1
"20" "" 2009-02-09 42.63 "HOU" "@" "MIL" "L" -12 NA NA NA NA NA NA NA NA NA NA NA NA NA NA NA NA
"21" "" 2009-02-11 42.63 "HOU" "" "SAC" "W" 12 NA NA NA NA NA NA NA NA NA NA NA NA NA NA NA NA
"22" "" 2009-02-17 42.65 "HOU" "" "NJN" "W" 26 NA NA NA NA NA NA NA NA NA NA NA NA NA NA NA NA
"23" "" 2009-02-20 42.66 "HOU" "" "DAL" "W" 7 NA NA NA NA NA NA NA NA NA NA NA NA NA NA NA NA
"24" "4" 2009-02-22 42.66 "HOU" "" "CHA" "W" 21 0 4.2 NA NA 0 27.9 14.7 0 0 20.4 100 24.2 0 79 -1.4 -22.5
"25" "" 2009-02-24 42.67 "HOU" "" "POR" "W" 4 NA NA NA NA NA NA NA NA NA NA NA NA NA NA NA NA
"26" "" 2009-02-26 42.67 "HOU" "" "CLE" "W" 19 NA NA NA NA NA NA NA NA NA NA NA NA NA NA NA NA
"27" "" 2009-02-28 42.68 "HOU" "@" "CHI" "L" -3 NA NA NA NA NA NA NA NA NA NA NA NA NA NA NA NA
"28" "" 2009-03-01 42.68 "HOU" "@" "MIN" "W" 11 NA NA NA NA NA NA NA NA NA NA NA NA NA NA NA NA
"29" "" 2009-03-03 42.69 "HOU" "" "TOR" "W" 10 NA NA NA NA NA NA NA NA NA NA NA NA NA NA NA NA
"30" "" 2009-03-04 42.69 "HOU" "@" "UTA" "L" -7 NA NA NA NA NA NA NA NA NA NA NA NA NA NA NA NA
"31" "" 2009-03-06 42.7 "HOU" "" "PHO" "W" 4 NA NA NA NA NA NA NA NA NA NA NA NA NA NA NA NA
"32" "" 2009-03-08 42.7 "HOU" "" "MEM" "W" 10 NA NA NA NA NA NA NA NA NA NA NA NA NA NA NA NA
"33" "" 2009-03-09 42.7 "HOU" "@" "DEN" "W" 2 NA NA NA NA NA NA NA NA NA NA NA NA NA NA NA NA
"34" "" 2009-03-11 42.71 "HOU" "" "LAL" "L" -6 NA NA NA NA NA NA NA NA NA NA NA NA NA NA NA NA
"35" "" 2009-03-13 42.72 "HOU" "@" "CHA" "W" 5 NA NA NA NA NA NA NA NA NA NA NA NA NA NA NA NA
"36" "" 2009-03-14 42.72 "HOU" "" "SAS" "L" -3 NA NA NA NA NA NA NA NA NA NA NA NA NA NA NA NA
"37" "5" 2009-03-16 42.72 "HOU" "@" "NOH" "W" 11 1 24.6333333333333 0.266 0 12.2 18.1 15.6 0 0 8.7 51.5 7.8 56 99 2.2 -3.2
"38" "6" 2009-03-18 42.73 "HOU" "" "DET" "W" 5 0 4.35 NA NA 0 25.6 14.3 0 0 15.2 NA 0 0 96 0.6 2
"39" "" 2009-03-20 42.73 "HOU" "" "MIN" "W" 19 NA NA NA NA NA NA NA NA NA NA NA NA NA NA NA NA
"40" "" 2009-03-22 42.74 "HOU" "@" "SAS" "W" 2 NA NA NA NA NA NA NA NA NA NA NA NA NA NA NA NA
"41" "" 2009-03-24 42.75 "HOU" "@" "UTA" "L" -13 NA NA NA NA NA NA NA NA NA NA NA NA NA NA NA NA
"42" "" 2009-03-28 42.76 "HOU" "" "LAC" "W" 17 NA NA NA NA NA NA NA NA NA NA NA NA NA NA NA NA
"43" "7" 2009-04-01 42.77 "HOU" "@" "PHO" "L" -5 0 5.31666666666667 0.568 NA 0 21 10.7 0 0 13.1 0 7.5 123 109 1.2 1.2
"44" "" 2009-04-03 42.77 "HOU" "@" "LAL" "L" -12 NA NA NA NA NA NA NA NA NA NA NA NA NA NA NA NA
"45" "" 2009-04-05 42.78 "HOU" "" "POR" "W" 14 NA NA NA NA NA NA NA NA NA NA NA NA NA NA NA NA
"46" "8" 2009-04-07 42.78 "HOU" "" "ORL" "W" 10 0 7.46666666666667 NA NA 13.7 25.7 19.9 0 0 0 NA 0 211 96 0.5 -5.8
"47" "" 2009-04-09 42.79 "HOU" "@" "SAC" "W" 17 NA NA NA NA NA NA NA NA NA NA NA NA NA NA NA NA
"48" "9" 2009-04-10 42.79 "HOU" "@" "GSW" "W" 4 1 34.5333333333333 0.543 0.429 21.1 33.1 27.8 0 0 8.1 17.9 13.8 120 113 11.6 -0.9
"49" "" 2009-04-13 42.8 "HOU" "" "NOH" "W" 20 NA NA NA NA NA NA NA NA NA NA NA NA NA NA NA NA
"50" "" 2009-04-15 42.81 "HOU" "@" "DAL" "L" -11 NA NA NA NA NA NA NA NA NA NA NA NA NA NA NA NA
