"Rk" "G" "Date" "Age" "Tm" "H/A" "Opp" "W/L" "By Amt" "GS" "MP" "TS%" "eFG%" "ORB%" "DRB%" "TRB%" "AST%" "STL%" "BLK%" "TOV%" "USG%" "ORtg" "DRtg" "GmSc" "BPM"
"1" "1" 1999-02-05 20.63 "DAL" "@" "SEA" "L" -6 1 16.3333333333333 0.17 0 0 0 0 39 0 0 0 19.6 72 120 0.9 -5.6
"2" "2" 1999-02-07 20.64 "DAL" "@" "GSW" "W" 3 1 32.6166666666667 0.68 0.7 10.5 25.9 19 23.5 1.7 0 25.4 23.7 106 87 14.5 9.1
"3" "3" 1999-02-09 20.64 "DAL" "" "UTA" "L" -11 1 31.95 0.428 0.321 9.4 22 15.2 0 0 2.1 14.6 29 86 104 6.4 -5.3
"4" "4" 1999-02-11 20.65 "DAL" "" "HOU" "L" -10 1 24.3 0.424 0.389 4.7 20 12 0 0 7.1 24.1 23.4 74 118 3.2 -7.1
"5" "5" 1999-02-12 20.65 "DAL" "@" "DEN" "L" -6 1 18.95 0.5 0.5 4.8 22.5 12.9 0 2.6 4.7 20 21.4 81 98 5.2 -2.4
"6" "6" 1999-02-14 20.66 "DAL" "@" "VAN" "L" -4 1 11.8666666666667 0.381 0.286 0 9.8 4.9 0 4.7 0 11.3 33.3 86 108 2.2 -8.4
"7" "7" 1999-02-15 20.66 "DAL" "@" "POR" "L" -15 1 18.4 0.546 0.5 7.2 6.2 6.7 0 0 3.6 35.3 28.7 74 113 2.3 -6.7
"8" "8" 1999-02-17 20.67 "DAL" "@" "LAL" "L" -13 1 24.45 0.298 0.2 8.3 10 9.1 17.1 0 2.7 7.8 23.6 76 108 3.4 -6.3
"9" "9" 1999-02-19 20.67 "DAL" "@" "GSW" "L" -5 1 12.65 0.34 0.2 0 7.1 3.7 16.6 0 4.7 14.5 24.4 68 96 1.6 -4.1
"10" "10" 1999-02-20 20.67 "DAL" "@" "LAC" "W" 15 0 8.51666666666667 0 0 0 35.6 16.8 0 0 0 20 23.7 0 97 -3.3 -30.5
"11" "11" 1999-02-22 20.68 "DAL" "@" "PHO" "L" -18 0 18.9833333333333 0.533 0.444 0 7.9 3.2 11 0 4.3 0 25.7 119 118 8 4.7
"12" "12" 1999-02-23 20.68 "DAL" "" "ATL" "W" 4 0 5.16666666666667 1 1 0 20 10.9 0 0 0 0 9.7 200 97 1.6 2.8
"13" "13" 1999-02-25 20.69 "DAL" "" "DEN" "W" 9 0 4.5 0 0 0 17.8 9.5 0 0 0 0 27.1 0 94 -2.2 -33.6
"14" "14" 1999-02-26 20.69 "DAL" "@" "UTA" "L" -15 1 36.4666666666667 0.285 0.143 2.8 17 9.9 0 1.5 4.3 25.5 16.2 49 89 0 -7.3
"15" "" 1999-02-27 20.69 "DAL" "" "SAC" "W" 7 NA NA NA NA NA NA NA NA NA NA NA NA NA NA NA NA
"16" "15" 1999-03-02 20.7 "DAL" "" "LAC" "W" 13 0 4.61666666666667 0.773 0.667 0 41.7 22.6 46.2 0 0 0 37.2 172 105 4.8 13.1
"17" "16" 1999-03-04 20.71 "DAL" "" "SAS" "L" -16 0 26.1166666666667 0.446 0.409 4.2 26.4 14 7.5 2.2 6.3 19.6 28.1 80 103 5.2 -0.5
"18" "17" 1999-03-05 20.71 "DAL" "@" "UTA" "L" -11 0 24.1166666666667 0.484 0.444 13 5.6 9.8 8.3 4.3 0 8.8 20.2 108 110 7.4 1.1
"19" "18" 1999-03-07 20.72 "DAL" "@" "SAC" "L" -5 0 11.9166666666667 0.258 0 0 9.3 4.2 0 0 0 0 13.2 74 107 -0.6 -11.4
"20" "19" 1999-03-09 20.72 "DAL" "" "PHO" "L" -12 0 10.2 0.5 0.5 24.6 0 12.2 0 0 0 0 19.5 121 131 3 -4.9
"21" "20" 1999-03-11 20.73 "DAL" "" "ORL" "W" 17 0 9.13333333333333 0.565 0.5 13.7 11.3 12.4 0 6.1 0 13.9 37.5 106 81 4.4 2
"22" "21" 1999-03-13 20.73 "DAL" "" "VAN" "W" 17 0 12.0833333333333 0.41 0.25 0 20.5 9.6 0 0 0 38.1 29.9 55 89 -0.8 -18.4
"23" "22" 1999-03-15 20.74 "DAL" "" "POR" "L" -15 0 13.8166666666667 0.581 0.583 0 7.3 3.8 12.8 3.7 4.8 22.5 27.6 92 110 4.1 2.5
"24" "23" 1999-03-17 20.74 "DAL" "@" "NJN" "L" -1 0 17.65 0.611 0.611 5.3 5.1 5.2 13.6 3.2 3.8 0 22.4 139 106 8.9 14
"25" "24" 1999-03-19 20.75 "DAL" "@" "DET" "L" -7 0 7.56666666666667 0.25 0.25 0 0 0 0 0 20.2 0 29.7 49 106 0.2 -8.5
"26" "25" 1999-03-20 20.75 "DAL" "" "SAC" "W" 14 0 5.18333333333333 0.174 0 0 0 0 0 0 0 0 26.3 44 106 -0.8 -21.1
"27" "" 1999-03-22 20.76 "DAL" "" "LAL" "L" -3 NA NA NA NA NA NA NA NA NA NA NA NA NA NA NA NA
"28" "26" 1999-03-24 20.76 "DAL" "" "HOU" "L" -10 0 4.91666666666667 0 0 0 0 0 0 0 0 66.7 27.4 0 111 -3.5 -46.1
"29" "27" 1999-03-26 20.77 "DAL" "" "DEN" "W" 19 0 15.7 0.901 0.875 0 13.3 7.7 0 3.5 0 31.1 20.6 114 89 4.8 1.7
"30" "28" 1999-03-27 20.77 "DAL" "@" "SAS" "L" -22 0 12.5166666666667 0.333 0.333 0 9.7 4.5 26.1 0 5.3 40 19 54 118 0.7 -5.2
"31" "29" 1999-03-29 20.78 "DAL" "" "SEA" "L" -8 0 17.1333333333333 0.598 0.429 16.3 6.9 12.1 27.7 0 0 0 23.5 154 130 11 10.1
"32" "30" 1999-03-30 20.78 "DAL" "@" "MIN" "L" -20 0 9.81666666666667 0.515 0.333 12 0 6.3 0 5.6 0 20.5 24.3 93 110 2.6 -1.1
"33" "" 1999-04-01 20.78 "DAL" "" "LAC" "W" 9 NA NA NA NA NA NA NA NA NA NA NA NA NA NA NA NA
"34" "31" 1999-04-05 20.79 "DAL" "@" "MIN" "L" -7 0 24.5833333333333 0.773 0.667 11.3 18.3 15.2 7.3 0 2.5 0 14.6 171 113 11 5.8
"35" "32" 1999-04-07 20.8 "DAL" "@" "MIA" "L" -6 0 3.25 0 0 0 41 20.8 0 0 0 50 34.7 0 112 -1.4 -34.4
"36" "33" 1999-04-10 20.81 "DAL" "" "GSW" "L" -1 0 3.7 0 0 0 0 0 0 0 0 0 10.9 0 116 -0.7 -16.9
"37" "34" 1999-04-13 20.82 "DAL" "" "SAS" "W" 6 1 32.0333333333333 0.361 0.286 13.3 27.6 20.7 19.4 1.6 0 10.7 26 91 90 9.9 0
"38" "35" 1999-04-15 20.82 "DAL" "" "MIN" "W" 6 1 16.8666666666667 0.4 0.4 0 18.4 10.7 10.3 3.2 0 28.6 20.1 63 103 1.5 -9.2
"39" "36" 1999-04-16 20.82 "DAL" "@" "PHO" "L" -7 1 43.9166666666667 0.743 0.688 9.1 15.6 12.3 4.9 3.7 3.9 20.4 27 121 98 23.1 9.8
"40" "37" 1999-04-17 20.83 "DAL" "" "POR" "L" -8 1 40.2166666666667 0.644 0.636 3.2 6.7 4.9 9.3 2.8 1.7 27.5 21.9 98 118 9.7 0.6
"41" "38" 1999-04-20 20.84 "DAL" "" "PHO" "W" 4 1 39.5666666666667 0.422 0.273 3.4 21.9 13.7 13.6 1.3 1.8 20.6 23.4 83 106 6.5 -7.9
"42" "39" 1999-04-21 20.84 "DAL" "@" "HOU" "W" 14 1 40.9 0.846 0.846 0 7.5 4.3 10.2 1.3 5.7 7.1 16.3 154 108 20.8 9.7
"43" "40" 1999-04-22 20.84 "DAL" "@" "SAS" "L" -27 1 40.05 0.429 0.375 0 17.6 7.6 0 2.6 0 17.7 12.7 74 110 2.7 -5.2
"44" "41" 1999-04-24 20.85 "DAL" "@" "SAC" "L" -3 1 27.3166666666667 0.721 0.714 0 20.2 9.9 5.2 3.8 0 10.7 14.7 135 107 9.5 1.5
"45" "42" 1999-04-26 20.85 "DAL" "" "CHI" "W" 8 1 30.35 0.337 0.273 0 12 5.9 8.8 2 2.5 14.4 21.7 78 113 3.5 -7.9
"46" "43" 1999-04-27 20.85 "DAL" "" "VAN" "W" 9 1 35.3166666666667 0.451 0.4 6.1 8.6 7.4 10.3 1.5 2 7.6 18.2 98 89 7.6 -2.5
"47" "44" 1999-04-29 20.86 "DAL" "@" "HOU" "W" 10 1 34.45 0.624 0.533 6 17.2 11.2 6.2 0 0 0 25 137 100 17.5 5.6
"48" "45" 1999-05-01 20.87 "DAL" "" "GSW" "W" 11 1 31.3 0.508 0.462 0 10.6 5.7 10.1 0 0 16.9 26.7 96 113 6 -9.5
"49" "46" 1999-05-03 20.87 "DAL" "@" "LAL" "L" -13 1 14.6833333333333 0.515 0.5 0 9.4 4.7 0 0 0 11.4 26.5 95 126 1.1 -13.9
"50" "47" 1999-05-04 20.87 "DAL" "@" "SEA" "L" -10 1 33 0.288 0.154 5.7 13.2 8.7 4.4 2.9 0 16.1 24.5 60 110 -0.1 -14.9
"1" "1" 1999-11-02 21.37 "DAL" "" "GSW" "W" 12 1 22.1166666666667 0.557 0.4 9.9 22.7 16.6 18.9 2.2 0 0 15.6 137 94 9.9 4.3
"2" "2" 1999-11-04 21.38 "DAL" "@" "SEA" "L" -10 1 29.7666666666667 0.519 0.5 3.6 8.7 6.5 5.2 1.6 4.1 21.7 26.4 80 109 7.5 -4
"3" "3" 1999-11-06 21.38 "DAL" "@" "GSW" "W" 23 1 33.3 0.678 0.692 0 10.9 7.1 8.7 0 1.6 6.3 20.9 130 107 13.5 1
"4" "4" 1999-11-07 21.39 "DAL" "@" "LAL" "L" -8 1 31.5333333333333 0.791 0.7 3.4 26.4 15 0 0 2.3 13.7 21 139 105 15.2 7.4
"5" "5" 1999-11-09 21.39 "DAL" "" "LAL" "L" -22 1 22.5333333333333 0.276 0.2 12.3 16.9 14.2 12.3 4.1 2.9 8.4 21.4 76 112 5.1 -2.3
"6" "6" 1999-11-11 21.4 "DAL" "@" "MIA" "L" -23 1 40.4333333333333 0.58 0.467 6.9 20.6 12.4 19 0 0 4.8 22 125 125 19.7 2.5
"7" "7" 1999-11-13 21.4 "DAL" "" "ORL" "W" 8 1 25.1166666666667 0.752 0.667 0 15.2 6.9 15.9 0 0 10.4 15.3 146 113 10.4 0.8
"8" "8" 1999-11-16 21.41 "DAL" "" "HOU" "W" 19 1 26.8833333333333 0.651 0.429 0 8.7 5.3 8.7 1.7 0 14 23.2 119 96 10.8 -0.8
"9" "9" 1999-11-17 21.41 "DAL" "@" "CHH" "L" -5 1 44.8666666666667 0.508 0.429 4.2 9.7 6.7 3.5 1 1.5 16 17.3 91 106 9 -2.7
"10" "10" 1999-11-19 21.42 "DAL" "" "SAC" "L" -9 1 36.7666666666667 0.43 0.389 4.5 13.4 8.9 8.4 1.3 0 9.2 23.3 91 102 9.6 -0.4
"11" "11" 1999-11-20 21.42 "DAL" "@" "SAS" "L" -16 1 34.05 0.437 0.412 10.7 21.3 16 10.4 1.5 1.8 0 23.9 104 108 14 0.9
"12" "12" 1999-11-23 21.43 "DAL" "@" "HOU" "L" -20 1 42.85 0.716 0.684 4.9 8.6 6.6 7.8 2.2 0 12.2 24 131 120 24 7
"13" "13" 1999-11-24 21.43 "DAL" "@" "ORL" "L" -12 1 43.0666666666667 0.698 0.654 2.7 19.4 11.4 3.5 0 1.5 12.3 14.8 128 108 14.6 1
"14" "14" 1999-11-27 21.44 "DAL" "" "CHI" "W" 12 1 33.4333333333333 0.644 0.545 0 20.7 11 14.8 6.3 0 0 19.4 136 82 19.2 10.8
"15" "15" 1999-11-29 21.45 "DAL" "@" "NYK" "L" -25 1 34.5666666666667 0.556 0.556 0 17.6 7.6 32.3 0 0 10 12.4 117 118 10 2.6
"16" "16" 1999-11-30 21.45 "DAL" "@" "CLE" "L" -7 1 42.4166666666667 0.509 0.412 6.9 12.7 9.6 19.6 0 1.5 20.3 24.6 99 117 11.7 -2.1
"17" "17" 1999-12-02 21.45 "DAL" "@" "CHI" "W" 6 1 31.0333333333333 0.712 0.65 3.7 12.4 8.4 15.1 3.4 0 19.2 23.2 122 98 14 4.6
"18" "18" 1999-12-04 21.46 "DAL" "@" "MIN" "W" 19 1 42.9166666666667 0.607 0.5 0 16.2 9.5 10.7 0 0 6 17.4 133 95 14.2 3.7
"19" "19" 1999-12-05 21.46 "DAL" "@" "MIL" "L" -6 1 37.95 0.47 0.278 3.1 29.1 15.8 24.9 2.4 0 26.5 20.8 88 96 9.3 -1.4
"20" "20" 1999-12-07 21.47 "DAL" "" "VAN" "L" -9 1 39.9833333333333 0.572 0.542 2.7 16 9.4 10.2 1.3 0 6.9 32.7 111 111 18.7 2.3
"21" "21" 1999-12-08 21.47 "DAL" "@" "UTA" "L" -6 1 41.5666666666667 0.504 0.464 7.6 18 12.4 14 5.4 3.1 16.8 19.8 97 88 14 8
"22" "22" 1999-12-11 21.48 "DAL" "" "PHO" "W" 5 1 38.8666666666667 0.771 0.773 2.9 9.8 6.6 13.6 0 3.3 19.6 16.5 125 115 15.2 1.8
"23" "23" 1999-12-14 21.49 "DAL" "" "SAS" "L" -18 0 29.3166666666667 0.405 0.333 0 7.4 3.7 10.7 1.7 0 9.2 16.5 81 115 3.3 -7.9
"24" "24" 1999-12-16 21.49 "DAL" "" "NYK" "L" -7 1 43.2333333333333 0.543 0.474 0 20 9.1 11.9 1.2 1.6 4.3 23.9 111 104 16.4 4.9
"25" "25" 1999-12-18 21.5 "DAL" "" "MIN" "L" -4 1 38.65 0.551 0.5 0 20 8.9 0 0 0 8.4 12.9 107 114 5.4 -5.3
"26" "26" 1999-12-20 21.5 "DAL" "" "MIA" "L" -3 1 37.9666666666667 0.389 0.4 2.7 15.8 8.8 9.5 1.5 2.1 11.5 22.9 79 108 4.8 -5.2
"27" "27" 1999-12-23 21.51 "DAL" "@" "PHO" "W" 1 1 43.4833333333333 0.64 0.647 11.2 13.3 12.3 10.2 0 1.8 13.8 21.5 126 121 18.2 1
"28" "28" 1999-12-26 21.52 "DAL" "@" "SAC" "L" -7 1 34.75 0.498 0.4 5.5 17.7 10.2 14.5 0 2.1 18.1 24.9 99 120 10.4 -4.4
"29" "29" 1999-12-27 21.52 "DAL" "@" "LAL" "L" -2 1 38.0333333333333 0.824 0.781 7 8.1 7.5 4.5 1.3 1.5 0 20.5 170 111 26.2 14.5
"30" "30" 1999-12-30 21.53 "DAL" "" "TOR" "L" -5 1 48 0.853 0.824 2.2 11.6 6.8 20.7 2.1 3.6 13.8 20.1 146 114 30.8 12.7
"31" "31" 2000-01-04 21.55 "DAL" "@" "DEN" "L" -2 1 33.9 0.543 0.5 0 18.8 9.7 4.8 0 0 0 17.7 114 107 8.9 -2.5
"32" "32" 2000-01-06 21.55 "DAL" "" "UTA" "L" -13 1 43.2166666666667 0.524 0.545 7.1 9.9 8.5 13.5 1.2 1.4 0 23.7 113 111 17.3 5.1
"33" "33" 2000-01-08 21.56 "DAL" "" "ATL" "W" 10 1 39.2833333333333 0.514 0.393 0 12.3 7 9.5 0 1.5 5.4 22.6 106 95 11.9 -0.8
"34" "34" 2000-01-10 21.56 "DAL" "@" "POR" "L" -13 1 36.3166666666667 0.575 0.5 0 10.8 5 4.6 3.1 0 0 22.5 125 124 14.7 2.2
"35" "35" 2000-01-11 21.56 "DAL" "@" "GSW" "W" 7 1 40.0666666666667 0.552 0.364 0 10.2 5.5 3.6 2.6 3.4 24.5 23.2 91 112 9.6 -8.1
"36" "36" 2000-01-15 21.58 "DAL" "" "POR" "W" 8 1 36.0166666666667 0.335 0.344 3 6.2 4.6 0 0 6.6 15.4 23.8 65 121 -0.6 -15.9
"37" "37" 2000-01-17 21.58 "DAL" "" "HOU" "L" -10 1 32.2666666666667 0.339 0.231 0 24.4 11.1 0 0 5.3 6.3 19.8 72 113 3.4 -9.7
"38" "38" 2000-01-19 21.59 "DAL" "@" "WAS" "W" 18 1 38.55 0.718 0.679 0 24.1 11.9 7.2 2.8 1.8 6.1 18.5 141 89 20.8 11.6
"39" "39" 2000-01-22 21.59 "DAL" "@" "NJN" "L" -3 1 36.6 0.5 0.5 0 29.6 15.5 11.2 0 1.9 15.4 16.6 92 102 7.5 -0.1
"40" "40" 2000-01-23 21.6 "DAL" "@" "DET" "W" 8 1 32.9666666666667 0.444 0.393 0 12.1 6.4 23.7 0 0 20.2 26.5 81 99 4.5 -6.2
"41" "41" 2000-01-25 21.6 "DAL" "" "GSW" "W" 14 1 41.75 0.539 0.5 2.5 13.2 8.2 11.2 0 0 8.6 23 110 107 14.8 -2.9
"42" "42" 2000-01-27 21.61 "DAL" "" "LAC" "W" 9 1 39.9833333333333 0.708 0.654 2.9 8.4 5.7 3.8 1.3 0 5.6 19.7 137 96 18.4 5.2
"43" "43" 2000-01-29 21.61 "DAL" "" "DEN" "W" 11 1 30.6 0.421 0.364 7.2 6 6.5 4.4 0 0 20.2 21.1 80 105 2.4 -11.4
"44" "44" 2000-02-01 21.62 "DAL" "" "PHI" "L" -1 1 38.25 0.407 0.353 2.3 19.9 9.5 16.6 0 6.3 4.8 23 91 103 12 -1.8
"45" "45" 2000-02-03 21.63 "DAL" "" "CHH" "W" 10 1 22.6 0.595 0.5 0 15.8 9.4 7.1 0 3.2 7.8 25.7 111 100 9 0.6
"46" "46" 2000-02-05 21.63 "DAL" "@" "LAC" "W" 13 1 30.65 0.601 0.5 4.1 11.9 8.6 10.1 0 2.1 15.3 28 105 107 12.4 -3.6
"47" "47" 2000-02-06 21.64 "DAL" "@" "VAN" "W" 4 1 37.6166666666667 0.504 0.5 6.2 10.7 8.6 10 0 5.7 6.7 18.2 109 103 10.8 2.7
"48" "48" 2000-02-09 21.64 "DAL" "" "SEA" "L" -11 1 37.45 0.504 0.462 3 13.8 8.6 13.9 0 3.1 30.2 23.1 81 114 6.1 -6.1
"49" "49" 2000-02-15 21.66 "DAL" "" "MIL" "L" -13 1 41.2 0.56 0.462 0 5.1 2.7 7.1 0 0 5.9 18.9 120 131 11.5 -3.1
"50" "50" 2000-02-17 21.67 "DAL" "" "DET" "W" 9 1 39.65 0.619 0.625 5.3 27.3 16.2 18.5 1.3 1.9 10.1 21.3 124 100 19.2 8.8
"51" "51" 2000-02-20 21.67 "DAL" "@" "TOR" "W" 4 1 33.4833333333333 0.479 0.222 3.8 10.6 7.4 8.5 1.6 1.9 7.4 19.6 107 108 9.4 -2.1
"52" "52" 2000-02-21 21.68 "DAL" "@" "IND" "L" -1 1 38.8666666666667 0.757 0.769 0 26.6 12 21.1 1.3 1.9 16.5 20.6 126 99 20.5 13.1
"53" "53" 2000-02-24 21.68 "DAL" "" "UTA" "L" -7 1 41.3 0.346 0.346 2.4 21.8 11.6 3.9 2.5 1.6 18.8 17.1 64 94 4.2 -3.7
"54" "54" 2000-02-26 21.69 "DAL" "" "DEN" "W" 2 1 39.1833333333333 0.433 0.433 2.8 17.6 10.6 15.1 2.6 0 6.3 18.9 94 99 10.3 0.5
"55" "55" 2000-02-28 21.7 "DAL" "@" "BOS" "W" 8 1 30.1833333333333 0.756 0.733 3.9 3.5 3.7 21.8 3.3 2.1 5.5 25.7 146 102 23.5 18.1
"56" "56" 2000-02-29 21.7 "DAL" "@" "PHI" "L" -19 1 26.3833333333333 0.336 0.286 7.5 19.8 12 14.4 1.9 0 11.8 28.2 74 110 3.7 -6.8
"57" "57" 2000-03-02 21.7 "DAL" "" "NJN" "L" -1 1 42.1666666666667 0.656 0.656 2.2 9 5.6 10.5 0 5 5.9 17.2 134 112 17.3 5.7
"58" "58" 2000-03-04 21.71 "DAL" "@" "PHO" "L" -14 1 33.8833333333333 0.506 0.45 2.9 6.4 4.6 9 0 2 8.4 15 111 122 7.2 -1.4
"59" "59" 2000-03-06 21.72 "DAL" "@" "SAC" "L" -21 1 33.9 0.602 0.553 9.4 12.5 11 10 1.4 0 0 25.7 139 129 19.4 4.8
"60" "60" 2000-03-07 21.72 "DAL" "@" "SEA" "L" -15 1 43.5833333333333 0.446 0.386 4.5 7.6 5.9 22.5 0 0 3.9 24.7 100 109 13 0.2
"61" "61" 2000-03-09 21.72 "DAL" "" "MIN" "L" -21 1 41.9 0.447 0.4 8 13.4 10.4 4.5 1.4 1.6 10.7 22.1 96 119 9.4 -1
"62" "62" 2000-03-11 21.73 "DAL" "" "PHO" "W" 5 1 39.9833333333333 0.476 0.464 2.6 9.8 6.3 0 0 5.7 0 16.9 101 102 9.2 0.8
"63" "63" 2000-03-14 21.74 "DAL" "" "IND" "W" 21 1 29.2333333333333 0.949 0.923 3.6 11.8 8.1 11.2 0 0 0 21.4 191 96 25 19.4
"64" "64" 2000-03-16 21.74 "DAL" "@" "SAS" "W" 22 1 28.8 0.731 0.731 0 8.5 4.4 23.9 1.9 2.9 13.3 25.5 126 102 14.6 10.3
"65" "65" 2000-03-18 21.75 "DAL" "" "BOS" "L" -5 1 41.8666666666667 0.481 0.412 10.4 18.6 14.4 7.6 1.2 0 8.4 25.6 103 113 14.8 -1.9
"66" "66" 2000-03-19 21.75 "DAL" "@" "ATL" "W" 4 1 37.8833333333333 0.45 0.375 2.5 10.9 7 4.6 0 0 0 23.5 99 104 8.5 -4.5
"67" "67" 2000-03-21 21.76 "DAL" "" "SAS" "W" 1 1 27.4 0.497 0.3 8.3 30.7 17.3 5.1 0 3.1 0 23 120 110 9.5 1.7
"68" "68" 2000-03-23 21.76 "DAL" "" "CLE" "L" -6 1 22.4 0.594 0.538 7.8 16.4 11.4 0 0 0 6.5 28.7 121 110 10.4 5.4
"69" "69" 2000-03-25 21.77 "DAL" "" "WAS" "L" -7 1 40.65 0.503 0.5 2.7 25.1 13.6 5.1 1.5 0 10.1 24.6 97 107 10.8 -1.8
"70" "70" 2000-03-27 21.77 "DAL" "@" "UTA" "W" 8 1 47.5666666666667 0.699 0.682 7 35.6 24.1 24.1 1.2 4.7 25.9 16.3 122 110 20.5 10.6
"71" "71" 2000-03-28 21.78 "DAL" "@" "LAC" "W" 10 1 32.6666666666667 0.72 0.692 3.9 17.7 11.2 14.2 1.7 0 6.7 21.4 147 116 17.6 8.5
"72" "72" 2000-03-30 21.78 "DAL" "@" "POR" "L" -11 1 40.8833333333333 0.498 0.423 0 15.1 6.8 8.6 4.2 0 15.7 22.4 95 112 9.9 -0.2
"73" "73" 2000-04-02 21.79 "DAL" "@" "VAN" "W" 14 1 30.2166666666667 0.751 0.667 0 25.6 14.2 17.5 1.7 4.6 17 26.6 125 84 18.7 13.5
"74" "74" 2000-04-04 21.79 "DAL" "" "SAC" "W" 3 1 38.1666666666667 0.568 0.591 3.8 11 8 10.7 0 1.5 8 15.5 113 113 9.8 -2.6
"75" "75" 2000-04-06 21.8 "DAL" "@" "DEN" "W" 1 1 45.35 0.802 0.781 8 18.6 12.9 22.8 0 0 9.1 23 156 123 29.7 13.1
"76" "76" 2000-04-08 21.81 "DAL" "" "LAC" "W" 2 1 33.1166666666667 0.712 0.7 2.8 16.2 9 0 0 0 7.3 18.4 131 111 12.2 -0.4
"77" "77" 2000-04-11 21.81 "DAL" "" "POR" "W" 11 1 43.4833333333333 0.595 0.5 5.3 23.8 15.9 15.9 2.7 0 10.2 23.1 121 86 19.9 8
"78" "78" 2000-04-13 21.82 "DAL" "@" "HOU" "L" -9 1 30.25 0.536 0.536 3.6 22.2 11.9 18.6 0 2.5 0 21.2 121 122 11.4 1.7
"79" "79" 2000-04-14 21.82 "DAL" "" "SEA" "W" 14 1 24.1833333333333 0.437 0.409 4.5 33.3 20.4 9.8 0 2.7 8 21.2 111 98 7.2 -2.1
"80" "80" 2000-04-16 21.83 "DAL" "" "VAN" "W" 8 1 34.9833333333333 0.471 0.471 5.6 17.5 11.4 8 0 3.7 0 21.9 108 113 12.1 0
"81" "81" 2000-04-18 21.83 "DAL" "" "LAL" "W" 10 1 27.5333333333333 0.357 0.357 11.4 9.9 10.6 5.1 5.4 0 0 22 96 102 8.5 -1.5
"82" "82" 2000-04-19 21.84 "DAL" "@" "MIN" "W" 6 1 21.1 0.553 0.45 0 29.8 17.4 0 0 0 14.5 31.4 97 117 6.6 -11.3
"1" "1" 2000-10-31 22.37 "DAL" "" "MIL" "W" 4 1 34.05 0.621 0.583 2.6 17.3 9.6 10.1 3 0 7.2 16.8 131 96 12.9 7.3
"2" "2" 2000-11-02 22.37 "DAL" "" "IND" "W" 6 1 34.2833333333333 0.48 0.423 0 19.6 9.8 5.1 3.2 5.2 16.1 27.1 85 95 8.5 -1.6
"3" "3" 2000-11-04 22.38 "DAL" "" "UTA" "L" -6 1 33.7666666666667 0.714 0.714 3.6 24.2 13.4 6 0 2.3 6.7 20.2 136 123 14.7 7.7
"4" "4" 2000-11-06 22.38 "DAL" "@" "DEN" "W" 12 1 37.6666666666667 0.592 0.538 3.9 15.8 10.5 8.3 1.4 2 0 18.9 127 101 15 4.2
"5" "5" 2000-11-08 22.39 "DAL" "" "VAN" "L" -27 1 27.5833333333333 0.208 0.208 0 23.2 9.6 6.2 1.8 2.6 14.3 22.1 42 104 -0.7 -8.2
"6" "6" 2000-11-10 22.39 "DAL" "" "SAS" "W" 2 1 35.5166666666667 0.431 0.425 2.5 24 12.9 17.1 0 5.3 0 27 98 83 13.2 9.2
"7" "7" 2000-11-12 22.4 "DAL" "@" "SAC" "L" -25 1 29.6833333333333 0.633 0.5 3.2 24.2 11.6 11.4 1.7 2.9 13.7 22.4 117 115 13.9 6.6
"8" "8" 2000-11-13 22.4 "DAL" "@" "LAC" "W" 14 1 17.7166666666667 0.501 0.333 11.9 34.8 23.4 0 0 4 5.9 45.3 109 77 10.1 4.7
"9" "9" 2000-11-15 22.41 "DAL" "@" "PHO" "L" -21 1 35.3 0.422 0.344 6.7 14.8 10.5 12.4 0 1.9 18.4 28.1 77 105 5.7 -3.4
"10" "10" 2000-11-17 22.41 "DAL" "@" "SEA" "W" 4 1 38.1666666666667 0.647 0.605 0 33.4 18.8 17.8 1.4 2 8.5 27.9 130 92 25 13.7
"11" "11" 2000-11-18 22.42 "DAL" "@" "VAN" "W" 3 1 41.6666666666667 0.658 0.615 3.2 23.4 14.3 14.4 0 1.7 11.6 19.7 126 99 16.7 4.6
"12" "12" 2000-11-20 22.42 "DAL" "@" "UTA" "W" 9 1 34.7 0.733 0.682 4.3 35.7 23.4 4.6 1.5 0 12.8 21.9 127 97 18.2 7.2
"13" "13" 2000-11-21 22.42 "DAL" "" "SEA" "L" -6 1 34.1166666666667 0.652 0.571 6.9 13.4 10.2 0 0 1.8 17.9 15 116 126 8.8 -3.8
"14" "14" 2000-11-25 22.44 "DAL" "" "DEN" "W" 24 1 34.3666666666667 0.694 0.625 9.4 27.7 19.1 23.1 3.3 4.2 5.5 26.1 148 86 27.8 20.8
"15" "15" 2000-11-28 22.44 "DAL" "" "TOR" "W" 14 1 41.3 0.586 0.5 0 10.6 5.2 6.5 1.3 1.7 0 18.1 127 103 13.9 4.2
"16" "16" 2000-11-30 22.45 "DAL" "@" "POR" "L" -11 1 36.05 0.585 0.455 3.3 30.5 15.8 16.4 0 2.2 17.1 22.7 112 109 12.6 3.2
"17" "17" 2000-12-02 22.45 "DAL" "@" "GSW" "W" 19 1 34.8 0.611 0.618 6.2 8.6 7.6 16 0 0 13.3 28.2 110 91 15.4 4.6
"18" "18" 2000-12-03 22.46 "DAL" "@" "LAL" "L" -2 1 38.2333333333333 0.671 0.625 3.2 28.7 16.7 4 0 5.1 21.2 29.3 106 102 18.1 6.3
"19" "19" 2000-12-05 22.46 "DAL" "@" "HOU" "L" -7 1 41.8833333333333 0.738 0.667 3 34.9 18.5 9.4 0 0 11.2 29.6 138 120 26.8 10
"20" "20" 2000-12-06 22.47 "DAL" "" "NYK" "W" 9 1 32.2 0.872 0.833 15 32.4 25.9 13.8 0 2.2 36.8 17.6 122 93 12 5.9
"21" "21" 2000-12-08 22.47 "DAL" "" "CHI" "W" 19 1 23.5166666666667 0.513 0.409 9.3 23.3 16.3 11.4 0 3.1 12.8 28.2 109 93 9.7 0
"22" "22" 2000-12-10 22.48 "DAL" "@" "NJN" "W" 26 1 33.7333333333333 0.869 0.846 4.6 21.5 14.7 0 3.2 4.3 5.3 27.4 164 76 29.5 22.1
"23" "23" 2000-12-12 22.48 "DAL" "@" "CLE" "L" -5 1 38.6 0.375 0.375 0 11.2 5.6 4.4 0 4.9 0 20.2 78 109 5.2 -5
"24" "24" 2000-12-13 22.48 "DAL" "@" "IND" "L" -5 1 33.7833333333333 0.213 0.1 7.8 19.6 13.7 0 1.6 2.5 7.8 17.8 56 110 0 -11.3
"25" "25" 2000-12-15 22.49 "DAL" "@" "PHI" "W" 18 1 39.8166666666667 0.849 0.816 2.6 14.6 8.2 4.2 0 2 0 22.8 174 104 31.1 19.7
"26" "26" 2000-12-17 22.5 "DAL" "@" "DET" "W" 9 1 37.8333333333333 0.699 0.676 3.6 16.5 10.9 5.1 0 0 5.3 23.6 128 101 17.7 9.4
"27" "27" 2000-12-18 22.5 "DAL" "@" "BOS" "W" 8 1 39.2166666666667 0.812 0.781 0 12.3 6.5 9.6 0 0 9.5 26.6 142 120 22.8 9.8
"28" "28" 2000-12-20 22.5 "DAL" "" "POR" "W" 5 1 38.2333333333333 0.67 0.605 16.2 21.1 18.7 9.7 1.4 4 12.2 28.4 136 107 24.5 10.5
"29" "29" 2000-12-22 22.51 "DAL" "" "LAL" "L" -5 1 45.7 0.671 0.6 0 28.2 13 7.6 0 0 4.4 23.2 131 115 21.9 4.7
"30" "30" 2000-12-26 22.52 "DAL" "" "SEA" "W" 21 1 45.4666666666667 0.488 0.472 2.4 25.4 13.5 6.6 2.1 0 4.4 22.8 96 94 14.9 -2.2
"31" "31" 2000-12-28 22.53 "DAL" "" "LAC" "W" 9 1 36.35 0.435 0.281 7 32.1 21.7 15.8 2.8 3.6 9.3 27.9 101 90 16.1 3.2
"32" "32" 2000-12-30 22.53 "DAL" "" "HOU" "L" -15 1 33.2666666666667 0.446 0.333 0 27.1 12.9 0 0 0 4.3 31 91 117 8.4 -5.8
"33" "33" 2001-01-03 22.54 "DAL" "" "DET" "L" -3 1 39.9 0.762 0.75 5.6 22.6 15 0 0 1.4 26.8 25.9 107 110 15.3 0.7
"34" "34" 2001-01-05 22.55 "DAL" "@" "TOR" "W" 10 1 38.7666666666667 0.678 0.588 3.2 25.6 15.7 0 0 3.2 12.3 27.7 123 104 21.2 3.3
"35" "35" 2001-01-06 22.55 "DAL" "@" "WAS" "W" 18 1 42.2833333333333 0.717 0.656 0 22.4 13.3 0 1.2 0 9.3 24.1 127 88 21.2 7.1
"36" "36" 2001-01-08 22.56 "DAL" "@" "CHI" "W" 13 1 43.8666666666667 0.504 0.353 8.2 21.2 14.4 10.1 0 1.6 8.4 25.2 113 105 16.7 -2.1
"37" "37" 2001-01-10 22.56 "DAL" "@" "MIN" "W" 20 1 38.5333333333333 0.668 0.618 3.1 16.6 10.7 7.5 0 3 0 24 141 90 23.3 11.4
"38" "38" 2001-01-11 22.56 "DAL" "@" "MIL" "L" -8 1 38.9 0.542 0.474 5 29.1 15.6 13.6 0 0 12.4 27.5 107 111 14.5 2.4
"39" "39" 2001-01-13 22.57 "DAL" "" "PHO" "L" -17 1 34.7833333333333 0.46 0.4 6.4 28.6 18.1 5.8 0 1.8 10.9 22.1 92 102 9.1 -1.5
"40" "40" 2001-01-15 22.58 "DAL" "" "SAC" "L" -11 1 45.5 0.565 0.522 2.1 29.8 13.7 11.4 0 1.7 7.5 24.8 111 120 20 3.7
"41" "41" 2001-01-17 22.58 "DAL" "@" "CHH" "W" 1 1 41.4166666666667 0.658 0.559 0 17.6 8.9 15 1.4 1.7 8.9 27.6 124 105 20.3 6.3
"42" "42" 2001-01-18 22.58 "DAL" "" "ORL" "W" 9 1 47.2 0.575 0.481 12.3 20.1 16 13.8 1.1 3.2 13.1 30.3 121 97 28.8 10.6
"43" "43" 2001-01-20 22.59 "DAL" "" "DEN" "W" 18 1 37.55 0.541 0.429 13.1 14.6 13.8 25.6 0 4.2 3.9 28.5 132 91 24.6 11
"44" "44" 2001-01-23 22.6 "DAL" "" "PHI" "L" -16 1 42.4333333333333 0.483 0.417 10.2 30.7 19.9 10 1.1 1.7 11.4 17.9 105 113 12.9 -0.6
"45" "45" 2001-01-25 22.6 "DAL" "" "VAN" "W" 37 1 27.0666666666667 0.649 0.542 8.9 31.6 20.9 30.2 0 0 12 27.9 138 92 17.8 11.8
"46" "46" 2001-01-27 22.61 "DAL" "@" "DEN" "L" -2 1 43.25 0.428 0.333 5.7 31.9 19.3 23.8 2.5 3.1 7.5 29 95 102 18.5 2.6
"47" "47" 2001-02-01 22.62 "DAL" "" "MIA" "W" 4 1 43.6833333333333 0.25 0.25 2.5 7.4 4.9 7.1 0 1.9 9.1 25 57 105 -1.1 -12
"48" "48" 2001-02-03 22.63 "DAL" "" "GSW" "W" 6 1 43.35 0.549 0.441 2.7 19.8 11.5 14.8 1.2 3.5 16 26.1 102 97 15.8 0.5
"49" "49" 2001-02-05 22.63 "DAL" "@" "ATL" "W" 10 1 39.4666666666667 0.652 0.625 2.9 23.1 14 10 2.7 0 10.6 23.3 118 85 18.3 4.4
"50" "50" 2001-02-07 22.64 "DAL" "@" "NYK" "L" -3 1 51.0166666666667 0.377 0.289 0 19.9 9.4 7.3 3.4 0 0 22.2 84 95 10.4 -1.2
"51" "51" 2001-02-13 22.65 "DAL" "@" "SAS" "L" -12 1 42.0333333333333 0.697 0.611 4.9 26.1 13.9 9.7 1.2 6 8.5 25.2 140 110 26.9 14.6
"52" "52" 2001-02-15 22.66 "DAL" "" "CLE" "W" 21 1 36.05 0.475 0.471 13 33.3 23.5 8.2 1.5 5.6 14.4 25.6 100 81 14.3 2.9
"53" "53" 2001-02-17 22.67 "DAL" "" "WAS" "W" 7 1 37.5 0.737 0.654 14 17.3 15.8 9.1 2.9 0 10.5 23.5 145 111 23.1 7
"54" "54" 2001-02-20 22.67 "DAL" "" "LAL" "L" -10 1 41.0666666666667 0.647 0.611 2.5 20 10.8 0 1.2 3.3 4.9 22.5 122 123 19.4 4.3
"55" "55" 2001-02-22 22.68 "DAL" "" "BOS" "W" 7 1 31.8166666666667 0.624 0.611 0 16.7 8.8 5.7 3.3 2.8 14 31.1 103 97 13.9 5
"56" "56" 2001-02-24 22.68 "DAL" "" "SAS" "L" -3 1 39.85 0.687 0.611 2.8 25.3 13.3 14 0 2.1 7.9 15.1 144 121 14.9 5.2
"57" "57" 2001-02-26 22.69 "DAL" "@" "LAC" "W" 11 1 39.1 0.714 0.727 7.2 10 8.7 4.4 0 0 6.1 20.5 140 115 16.7 2.5
"58" "58" 2001-02-27 22.69 "DAL" "@" "VAN" "W" 4 1 39.6666666666667 0.818 0.733 3.9 21.4 12.2 13.6 5 3.9 13.7 26.4 144 109 30.7 14.3
"59" "59" 2001-03-03 22.7 "DAL" "" "HOU" "W" 5 1 42.9166666666667 0.673 0.639 0 31.5 16.7 7.7 0 8.5 4.9 21.9 126 95 24.4 10.7
"60" "60" 2001-03-05 22.71 "DAL" "@" "ORL" "L" -14 1 38.8166666666667 0.584 0.5 5 30.8 17.8 6.6 0 3.8 21 26.4 95 90 13.9 5
"61" "61" 2001-03-07 22.72 "DAL" "@" "MIA" "W" 7 1 43.7333333333333 0.778 0.781 0 11.4 7.1 8.7 1.2 1.5 9.7 25 135 100 23.2 10.6
"62" "62" 2001-03-09 22.72 "DAL" "" "GSW" "W" 29 1 35.9 0.681 0.563 2.6 16.7 9.9 5.1 4.2 0 4.1 28.1 143 71 27.9 15.6
"63" "63" 2001-03-11 22.73 "DAL" "" "LAC" "W" 18 1 27.9666666666667 0.854 0.833 0 20.4 10.5 34.8 1.8 0 13.4 23.6 146 100 20.3 16.5
"64" "64" 2001-03-13 22.73 "DAL" "" "NJN" "W" 24 1 31.3666666666667 0.868 0.75 3.7 21.1 12.6 8.9 6.1 2.3 12.2 22.5 157 86 25.4 16.1
"65" "65" 2001-03-15 22.74 "DAL" "" "MIN" "W" 20 1 37.7 0.441 0.4 6.5 26.6 18.4 8.8 2.7 1.8 5.9 20.5 99 81 12.4 3.7
"66" "66" 2001-03-17 22.74 "DAL" "" "PHO" "W" 10 1 46.25 0.723 0.65 8.9 20.9 14.7 3.9 1.1 5.9 7.8 24.4 144 102 31.2 12.3
"67" "67" 2001-03-20 22.75 "DAL" "" "POR" "L" -8 1 43.4 0.504 0.5 6.4 28.7 15.9 7.9 3.7 3.1 11.8 17.9 99 99 14.5 5.8
"68" "68" 2001-03-21 22.75 "DAL" "@" "MIN" "L" -12 1 39.45 0.663 0.6 6.3 7.2 6.7 5.7 0 1.6 4.2 26.8 135 125 22.4 8
"69" "69" 2001-03-24 22.76 "DAL" "" "CHH" "W" 3 1 39.8333333333333 0.648 0.594 2.7 13.6 8.6 9.4 2.5 0 4.6 24.5 129 103 21.5 9.4
"70" "70" 2001-03-26 22.77 "DAL" "@" "UTA" "W" 8 1 40.6 0.53 0.333 2.5 25.5 15.1 9 1.3 0 3.8 29.6 114 94 20.1 7.3
"71" "71" 2001-03-28 22.77 "DAL" "@" "POR" "W" 10 1 42.65 0.603 0.536 0 29.5 17.2 7.1 2.4 3.1 20.2 21.1 98 78 15 5.9
"72" "72" 2001-03-30 22.78 "DAL" "@" "LAL" "L" -9 1 40.4 0.656 0.654 10.3 20 15.2 12.2 2.8 1.8 0 23.5 139 110 23.6 12.8
"73" "73" 2001-04-01 22.78 "DAL" "@" "SAC" "W" 12 1 47.55 0.787 0.767 2.4 24.9 13.4 7.7 0 1.4 5.9 14.8 153 108 22 7
"74" "74" 2001-04-03 22.79 "DAL" "@" "HOU" "W" 12 1 33.2333333333333 0.577 0.594 0 26.2 14.4 4.7 1.5 2 0 23.9 119 95 15.1 6.3
"75" "75" 2001-04-05 22.79 "DAL" "" "ATL" "W" 14 1 34.4166666666667 0.634 0.542 2.9 13.1 7.8 9.8 7.1 0 6.6 19.6 124 87 18.5 10.9
"76" "76" 2001-04-07 22.8 "DAL" "" "UTA" "L" -13 1 43.0833333333333 0.577 0.469 0 27.2 15.9 8.9 0 4.9 17.3 25.7 97 121 13.8 -2.3
"77" "77" 2001-04-10 22.81 "DAL" "@" "SAS" "L" -12 1 38.1166666666667 0.577 0.531 0 20.1 9.5 0 0 5.7 14.8 24.1 97 99 11.2 4.2
"78" "78" 2001-04-11 22.81 "DAL" "@" "PHO" "L" -5 1 37.85 0.607 0.538 0 29.6 16.5 4.3 2.6 1.9 6 19.6 117 104 16.4 3.9
"79" "79" 2001-04-13 22.82 "DAL" "" "SAC" "W" 4 1 43.2333333333333 0.368 0.333 2.1 12.4 6.8 6.5 1.1 0 10.2 19.1 76 102 5.9 -4.4
"80" "80" 2001-04-15 22.82 "DAL" "@" "SEA" "W" 8 1 46.8666666666667 0.459 0.375 6.4 26 16.1 16 3.2 3.1 11.1 24.9 99 87 18.3 4.2
"81" "81" 2001-04-16 22.82 "DAL" "@" "GSW" "W" 9 1 34.1333333333333 0.51 0.25 8.8 6.3 7.3 17 0 1.8 6.8 19.6 122 110 10.1 -2.7
"82" "82" 2001-04-18 22.83 "DAL" "" "MIN" "W" 20 1 28.7 0.638 0.55 4.1 21.9 14.2 11.9 3.2 7.9 7.8 18.6 126 86 18.3 10.7
"1" "1" 2001-10-30 23.36 "DAL" "" "DET" "W" 7 1 42.3 0.538 0.438 0 17.4 8.8 8.4 2.6 0 4.9 22.6 113 97 15.9 4.5
"2" "2" 2001-11-01 23.37 "DAL" "@" "PHI" "W" 7 1 38.7833333333333 0.701 0.676 18.5 21 19.8 5.4 0 1.9 8.5 28.7 136 103 25 8.7
"3" "3" 2001-11-02 23.37 "DAL" "@" "TOR" "L" -17 1 6.28333333333333 0 0 0 17.8 10 0 0 0 33.3 22.7 0 119 -2.1 -26.4
"4" "" 2001-11-04 23.38 "DAL" "@" "MEM" "W" 9 NA NA NA NA NA NA NA NA NA NA NA NA NA NA NA NA
"5" "4" 2001-11-06 23.38 "DAL" "" "CHH" "W" 18 1 35.6 0.802 0.763 3.5 26.1 15.9 6.5 2.8 1.9 4.5 29 149 92 30.9 17.7
"6" "5" 2001-11-08 23.39 "DAL" "" "DEN" "W" 14 1 41.6666666666667 0.644 0.587 2.6 19.5 11.3 15.4 1.3 1.5 3.8 28.5 139 102 26 11.4
"7" "6" 2001-11-10 23.39 "DAL" "" "PHI" "L" -7 1 48 0.537 0.361 2.2 19.6 10.9 4 0 2.5 7.9 24.4 107 108 17.1 1.4
"8" "7" 2001-11-14 23.41 "DAL" "@" "CLE" "W" 13 1 31.9833333333333 0.769 0.781 0 23.7 12.9 15.3 1.7 0 5.2 29.3 148 106 23.5 16
"9" "8" 2001-11-15 23.41 "DAL" "@" "DET" "L" -26 1 32.25 0.309 0.214 2.9 23.1 11.7 0 0 0 5.8 25.3 69 126 2.1 -9.9
"10" "9" 2001-11-17 23.41 "DAL" "@" "HOU" "L" -37 1 29.1 0.707 0.643 0 29.2 12.6 10.9 0 0 9.8 16.5 132 135 10.3 0.6
"11" "10" 2001-11-20 23.42 "DAL" "" "SEA" "L" -8 1 34.2166666666667 0.337 0.289 8 15.7 11.1 25.7 1.6 0 0 26.5 104 120 8.8 -0.7
"12" "11" 2001-11-21 23.42 "DAL" "@" "CHH" "W" 11 1 34.2333333333333 0.409 0.368 11.8 25.3 17.8 16.6 1.6 0 0 28.6 101 87 12.5 5.1
"13" "12" 2001-11-23 23.43 "DAL" "@" "MIA" "W" 10 1 43.6666666666667 0.771 0.676 5.9 22.3 14.8 8.4 0 0 4.5 24.1 161 108 28 10.2
"14" "13" 2001-11-24 23.43 "DAL" "" "PHO" "W" 15 1 40.9 0.582 0.45 2.8 24 13 4 2.6 3.3 0 29.6 139 108 26.8 9.6
"15" "14" 2001-11-27 23.44 "DAL" "" "GSW" "W" 10 1 43.0333333333333 0.615 0.523 0 16.6 8.8 0 2.4 0 0 28 133 110 24.1 3.6
"16" "15" 2001-11-29 23.45 "DAL" "" "SAC" "L" -12 1 38.65 0.666 0.625 11.2 20.5 15.7 5.1 1.3 1.6 8.4 27.3 130 117 23.5 8.1
"17" "16" 2001-12-01 23.45 "DAL" "@" "GSW" "W" 29 1 24.85 0.556 0.528 0 17.5 9.8 13.9 2 0 5 35.6 108 82 13.7 4.1
"18" "17" 2001-12-02 23.45 "DAL" "@" "SAC" "W" 6 1 50.35 0.584 0.5 8.2 21.6 16 12.7 0 3.5 6.8 28.7 122 111 26.6 4.1
"19" "18" 2001-12-05 23.46 "DAL" "@" "LAL" "L" -4 1 42.5 0.702 0.675 8 25.1 17.2 16.1 0 5 4.1 27.2 137 99 30 16.4
"20" "" 2001-12-08 23.47 "DAL" "" "WAS" "L" -7 NA NA NA NA NA NA NA NA NA NA NA NA NA NA NA NA
"21" "19" 2001-12-10 23.48 "DAL" "@" "UTA" "L" -9 1 44.2666666666667 0.683 0.639 3.1 22.8 14 13.6 0 0 16.8 26 117 120 17.9 4.3
"22" "20" 2001-12-11 23.48 "DAL" "" "POR" "W" 2 1 14.95 0.484 0.444 0 25.3 10.9 0 0 9.6 0 30 107 109 6.8 2.8
"23" "21" 2001-12-13 23.48 "DAL" "" "CLE" "W" 20 1 32.45 0.447 0.433 10.2 21.4 15.7 5 0 0 0 23.9 107 92 9.9 -1.4
"24" "22" 2001-12-15 23.49 "DAL" "" "MIN" "W" 8 1 43.5333333333333 0.581 0.533 2.9 34.7 20.2 19 1.1 0 5.2 19.4 128 116 20.8 5.2
"25" "23" 2001-12-18 23.5 "DAL" "@" "MIN" "W" 4 1 44.7333333333333 0.546 0.444 15.7 26.7 21.6 11.6 1.2 0 15.4 26.4 113 111 17.4 1.4
"26" "24" 2001-12-20 23.5 "DAL" "" "MIL" "W" 12 1 32.5833333333333 0.269 0.25 6.6 24.7 16.9 14.3 1.5 3.8 21.2 25.1 64 96 2.6 -10.9
"27" "25" 2001-12-22 23.51 "DAL" "" "ORL" "W" 22 1 19.5666666666667 0.615 0.563 5.5 22.2 14.7 0 0 0 9.3 26.9 117 88 8 1
"28" "26" 2001-12-26 23.52 "DAL" "@" "SAS" "W" 3 1 50.95 0.647 0.588 5.8 22.3 14.7 8.3 4 0 13 20.5 125 111 22.5 5.2
"29" "27" 2001-12-27 23.52 "DAL" "" "CHI" "W" 15 1 30.1166666666667 0.773 0.708 3.3 17.8 10.3 6.5 1.7 2.3 20.5 29.4 119 80 17 10.4
"30" "28" 2001-12-29 23.53 "DAL" "" "ATL" "W" 16 1 43.4666666666667 0.853 0.794 2.5 23.2 13.8 3.9 2.2 3 4.6 21 165 92 34.2 15.3
"31" "29" 2002-01-02 23.54 "DAL" "@" "CHI" "W" 10 1 38.2 0.504 0.346 3.4 25.9 15 12.2 2.6 1.8 14.4 24.6 98 97 13.4 -0.2
"32" "30" 2002-01-03 23.54 "DAL" "@" "NYK" "L" -7 1 49.8333333333333 0.566 0.5 4.3 33.7 18.2 8 0 1.5 13.1 26.1 107 102 19.2 4.3
"33" "31" 2002-01-05 23.55 "DAL" "" "SAS" "L" -2 1 45.7166666666667 0.622 0.553 8.7 25.5 16.4 15.1 0 5.2 8.2 23.7 131 113 25.4 12.2
"34" "32" 2002-01-08 23.56 "DAL" "" "DEN" "W" 1 1 38.05 0.518 0.395 3.2 18 11.4 19.3 1.4 3.5 3.7 33.6 112 100 19.9 6.8
"35" "33" 2002-01-10 23.56 "DAL" "" "NYK" "W" 22 1 37.55 0.718 0.667 7 27.8 19.1 4.3 1.3 3.5 4.7 25.5 142 90 27.2 11.1
"36" "34" 2002-01-12 23.57 "DAL" "" "IND" "W" 9 1 48 0.59 0.524 2 22.7 11.7 13.8 0 0 7.1 24.5 122 105 22.8 5.5
"37" "35" 2002-01-14 23.57 "DAL" "@" "ORL" "L" -26 1 23.1 0.205 0.125 0 23.2 9.5 0 0 0 17 23.7 38 128 -3.6 -21.1
"38" "36" 2002-01-15 23.58 "DAL" "@" "ATL" "W" 9 1 48 0.722 0.682 0 25 12.6 3.7 1 1.4 0 26.1 145 110 33.1 8.4
"39" "37" 2002-01-17 23.58 "DAL" "@" "MEM" "W" 11 1 44.05 0.622 0.5 5.5 12.5 8.7 3.7 1.2 1.8 3.7 27.6 139 112 24 4.6
"40" "38" 2002-01-19 23.59 "DAL" "" "UTA" "W" 3 1 43.1 0.882 0.786 0 19 10.5 14 0 0 13.5 23.3 163 116 28.5 15
"41" "39" 2002-01-21 23.59 "DAL" "" "NJN" "W" 8 1 44 0.558 0.426 12.4 16.8 14.8 4.5 1.1 1.5 5.4 36.8 122 110 29.2 5.4
"42" "40" 2002-01-22 23.59 "DAL" "@" "HOU" "W" 6 1 39.2833333333333 0.633 0.583 0 23.6 12.4 17.6 0 9.9 9.2 23.5 131 105 22.6 12.1
"43" "41" 2002-01-24 23.6 "DAL" "@" "DEN" "W" 7 1 41.3666666666667 0.61 0.625 3 26.3 14.8 12.9 0 1.7 15.8 28.6 101 105 15.4 -0.1
"44" "42" 2002-01-26 23.61 "DAL" "@" "LAC" "W" 21 1 46.6666666666667 0.622 0.553 3.5 17.5 11.2 2.6 2.3 3.6 11.8 25 123 122 20.3 -0.6
"45" "43" 2002-01-29 23.61 "DAL" "" "LAC" "L" -17 1 39.3 0.656 0.6 5.5 9.5 7.3 12.3 0 1.9 19.3 23.9 114 127 14.2 -1.6
"46" "44" 2002-01-31 23.62 "DAL" "" "HOU" "W" 4 1 44.45 0.311 0.3 7.7 15.6 11 6.3 1.3 2 4.6 22.2 83 106 7.3 -4.8
"47" "45" 2002-02-03 23.63 "DAL" "" "LAL" "L" -7 1 42.3333333333333 0.444 0.353 4.7 26.5 16.3 4.5 3.6 1.6 4.5 24.3 94 94 15.8 3.3
"48" "46" 2002-02-05 23.63 "DAL" "@" "IND" "W" 1 1 52.3833333333333 0.664 0.545 4.8 31.6 19 3.1 2.8 0 14.9 28.6 119 113 29.6 2.8
"49" "47" 2002-02-06 23.64 "DAL" "@" "NJN" "W" 12 1 39.25 0.573 0.5 0 20.9 12.9 12.2 2.7 0 5 23.9 119 100 18.7 7.1
"50" "48" 2002-02-12 23.65 "DAL" "@" "SEA" "W" 6 1 37.2666666666667 0.626 0.6 0 27.8 14.4 11.9 1.3 3.9 15.2 23.9 112 104 16.3 3.8
"51" "49" 2002-02-13 23.65 "DAL" "@" "POR" "L" -11 1 38.15 0.627 0.528 0 27.3 14 9.5 1.3 1.8 4.4 27.4 119 114 20.9 4
"52" "50" 2002-02-16 23.66 "DAL" "@" "LAC" "L" -9 1 35.9666666666667 0.556 0.5 10.9 21.1 15.3 8.1 0 0 11 21.6 116 128 13.4 -0.8
"53" "51" 2002-02-17 23.67 "DAL" "@" "PHO" "W" 13 1 34.8333333333333 0.667 0.667 3.3 25.7 15.2 15.2 1.5 0 0 19.9 138 96 17.6 9.6
"54" "52" 2002-02-19 23.67 "DAL" "" "MIN" "L" -17 1 36.4833333333333 0.383 0.25 0 40 17.8 19.4 1.4 2.2 7.8 14.7 95 112 9.8 1.1
"55" "53" 2002-02-21 23.68 "DAL" "" "BOS" "W" 6 1 44.7 0.644 0.587 10.7 40 25 38.4 1.1 6.9 10.5 27 132 84 36.2 20.4
"56" "54" 2002-02-23 23.68 "DAL" "" "SAC" "W" 14 1 42.9666666666667 0.624 0.531 0 44.2 24.9 10.4 1.1 3.1 12.6 25.7 114 88 23.4 5.9
"57" "55" 2002-02-26 23.69 "DAL" "" "MEM" "W" 13 1 25.6833333333333 0.673 0.636 9 25.8 18.3 35.8 6.2 2.8 7.8 23.4 142 86 20.3 21.4
"58" "56" 2002-03-02 23.7 "DAL" "" "MIA" "L" -14 1 33.5166666666667 0.567 0.5 3.1 20.8 10.6 6.1 0 4 17.8 29.7 95 113 10.4 -2.4
"59" "57" 2002-03-03 23.7 "DAL" "@" "DEN" "W" 6 1 45.4333333333333 0.46 0.417 4.8 20 12.3 13.5 2.4 0 0 21.3 112 108 14.6 1.7
"60" "58" 2002-03-05 23.71 "DAL" "" "PHO" "W" 4 1 40.6833333333333 0.518 0.44 2.4 43.6 23.4 13.7 3.6 0 21.6 39.5 83 72 18.1 5.4
"61" "59" 2002-03-07 23.72 "DAL" "" "TOR" "W" 19 1 43.0166666666667 0.73 0.7 0 10.1 6.6 3.5 2.5 2.9 4 29.8 137 114 29.2 6.4
"62" "60" 2002-03-09 23.72 "DAL" "" "GSW" "W" 2 1 42.45 0.552 0.467 7.1 20.3 13.5 13.9 2.4 3.3 14.9 20.4 113 107 18.2 2.7
"63" "61" 2002-03-11 23.73 "DAL" "" "SEA" "W" 11 1 41.7166666666667 0.56 0.5 3.3 30.7 18 9.2 0 3.4 15 21.4 109 114 14.8 -0.9
"64" "62" 2002-03-14 23.73 "DAL" "@" "POR" "L" -26 1 23.8666666666667 0.607 0.5 0 16.2 9 6.7 4 0 24.2 38.3 94 128 9.7 -3.7
"65" "63" 2002-03-16 23.74 "DAL" "@" "GSW" "W" 17 1 34.2333333333333 0.716 0.618 6.9 24.7 15.7 17.5 4.4 0 4.6 28.1 154 98 28.8 17
"66" "64" 2002-03-17 23.74 "DAL" "@" "LAL" "L" -2 1 43.5666666666667 0.504 0.5 2.5 22.8 12.5 14.3 1.2 1.8 10.6 20.4 99 111 11.7 1.2
"67" "65" 2002-03-19 23.75 "DAL" "" "LAL" "W" 16 1 44.5 0.487 0.375 4 20 11.6 10.4 1.1 0 9.3 20.1 111 105 13 1.2
"68" "66" 2002-03-21 23.75 "DAL" "" "SAS" "L" -3 1 41.6666666666667 0.644 0.579 4.9 31.2 17.6 16.6 2.5 3.6 4.3 26.3 134 105 28.3 16.5
"69" "67" 2002-03-23 23.76 "DAL" "" "MEM" "W" 11 1 23.2833333333333 0.932 0.958 6.7 26.6 18.7 28.3 4.7 5.5 18.9 33.5 140 98 22.6 23.6
"70" "68" 2002-03-26 23.77 "DAL" "@" "MIL" "W" 6 1 48.9333333333333 0.45 0.417 6.6 29 16.8 12.2 1.1 3.7 13.7 21.4 94 102 13.6 -1.9
"71" "69" 2002-03-28 23.77 "DAL" "@" "MIN" "L" -2 1 40.65 0.73 0.667 6.7 20.1 13.4 8.6 1.3 1.6 4.1 29.1 144 123 29.1 10
"72" "70" 2002-03-29 23.78 "DAL" "@" "BOS" "W" 26 1 33.3166666666667 0.434 0.395 5.7 23.7 14.5 24.4 4.2 5.2 8.8 28 95 71 16 8.2
"73" "71" 2002-03-31 23.78 "DAL" "@" "WAS" "W" 7 1 44.4666666666667 0.691 0.607 5.8 24.8 16 3.3 0 0 15.3 21.1 126 119 17.3 -0.1
"74" "72" 2002-04-04 23.79 "DAL" "" "LAC" "W" 25 1 37.1666666666667 0.772 0.714 6 16.9 11.7 6.8 2.9 2.1 11 21.1 151 95 23.7 13.6
"75" "73" 2002-04-06 23.8 "DAL" "@" "SAS" "L" -2 1 46.6 0.571 0.548 7.1 41.8 24.7 12.9 1.1 0 4.2 23.5 120 91 23.7 12.8
"76" "74" 2002-04-08 23.8 "DAL" "@" "UTA" "W" 9 1 16 0.625 0.625 6.7 14.6 10.5 10.7 3.2 4.6 11.1 24.4 119 97 8.3 7.9
"77" "" 2002-04-09 23.81 "DAL" "" "POR" "W" 12 NA NA NA NA NA NA NA NA NA NA NA NA NA NA NA NA
"78" "" 2002-04-11 23.81 "DAL" "" "HOU" "L" -3 NA NA NA NA NA NA NA NA NA NA NA NA NA NA NA NA
"79" "" 2002-04-14 23.82 "DAL" "@" "SAC" "W" 13 NA NA NA NA NA NA NA NA NA NA NA NA NA NA NA NA
"80" "75" 2002-04-16 23.82 "DAL" "" "UTA" "W" 9 1 37.0833333333333 0.598 0.5 0 18.5 9.2 12 4.2 1.8 13 27.7 111 89 18.4 8
"81" "76" 2002-04-17 23.83 "DAL" "@" "PHO" "L" -13 1 13.2166666666667 0.773 0.667 0 8.6 4.1 16.3 0 6.1 0 14.1 166 106 5.6 5.6
"1" "1" 2002-10-30 24.36 "DAL" "@" "MEM" "W" 11 1 40.7333333333333 0.489 0.5 2.5 30 15 23.2 1.1 2.1 16.4 24.5 96 104 15.1 -0.2
"2" "2" 2002-11-02 24.37 "DAL" "" "PHO" "W" 14 1 40.8166666666667 0.564 0.469 0 16.7 8.5 13.6 3.9 0 4.9 23.5 117 88 17.9 7.5
"3" "3" 2002-11-04 24.38 "DAL" "" "GSW" "W" 7 1 43.6166666666667 0.619 0.567 7.4 21.5 15 10.4 2.3 3.8 13.4 21.9 120 97 21.9 8
"4" "4" 2002-11-06 24.38 "DAL" "@" "TOR" "W" 14 1 40.45 0.774 0.733 0 34.6 18.3 4 0 3.3 5.2 22.3 148 98 24.9 9.1
"5" "5" 2002-11-08 24.39 "DAL" "@" "CHI" "W" 27 1 24.5 0.685 0.679 5.3 34 22 8.3 2.1 0 0 32.7 139 86 20.9 14.1
"6" "6" 2002-11-09 24.39 "DAL" "" "DET" "W" 39 1 22.4333333333333 0.739 0.714 0 38.8 21.5 6.8 2.5 8.2 0 17.2 144 72 12.4 14.6
"7" "7" 2002-11-11 24.4 "DAL" "" "POR" "W" 9 1 43.4833333333333 0.547 0.5 2.5 31.3 18.8 21.3 7.6 0 4 26.9 121 64 26.3 18.5
"8" "8" 2002-11-13 24.4 "DAL" "@" "CLE" "W" 4 1 42.0333333333333 0.537 0.273 2.9 31.4 17.4 3.4 1.3 3.1 20.2 22.3 96 101 12.4 -2.4
"9" "9" 2002-11-15 24.41 "DAL" "@" "BOS" "W" 11 1 41.9166666666667 0.68 0.6 0 19.8 11.2 31.5 1.2 2 11.3 28.9 130 93 27.9 14
"10" "10" 2002-11-16 24.41 "DAL" "@" "NJN" "W" 8 1 42.8166666666667 0.436 0.333 0 30.4 14.9 13.8 2.4 1.9 19.5 26.7 82 86 9.9 0.5
"11" "11" 2002-11-19 24.42 "DAL" "" "LAL" "W" 26 1 35.2666666666667 0.434 0.395 5 34.3 20.3 0 0 0 8.8 27 87 68 9.4 -2.3
"12" "12" 2002-11-21 24.42 "DAL" "" "HOU" "W" 13 1 45.2833333333333 0.548 0.548 2.3 19 10.4 14.6 0 0 4.4 23.9 111 100 17.4 2
"13" "13" 2002-11-23 24.43 "DAL" "" "SEA" "W" 10 1 44.1833333333333 0.571 0.452 4.5 19 11.5 3.7 1.2 0 3.8 24.9 131 111 21.2 3.5
"14" "14" 2002-11-27 24.44 "DAL" "@" "DET" "W" 20 1 35 0.619 0.594 3 39.2 21.9 5.6 1.5 2.2 0 22.7 136 83 20.9 11.1
"15" "15" 2002-11-28 24.44 "DAL" "@" "IND" "L" -12 1 42.4333333333333 0.33 0.2 2.1 22.9 10.2 15.5 0 4.9 7.2 28 76 114 6.7 -5.9
"16" "16" 2002-11-30 24.45 "DAL" "" "CHI" "W" 13 1 34.7333333333333 0.618 0.55 3.3 24.9 15.7 8 0 0 20.9 18.5 103 92 10.3 -0.9
"17" "17" 2002-12-02 24.45 "DAL" "" "TOR" "W" 11 1 38.0833333333333 0.489 0.375 3.8 15.4 10.2 11.8 2.8 1.9 4.1 31.9 110 113 17.8 -1.6
"18" "18" 2002-12-04 24.46 "DAL" "@" "POR" "W" 15 1 43.1166666666667 0.597 0.575 7.8 24.8 17.3 18 3.7 3 8.4 24.2 132 85 26.4 16.2
"19" "19" 2002-12-06 24.47 "DAL" "@" "LAL" "L" -2 1 43.5166666666667 0.746 0.727 0 35.3 16.5 12.7 2.4 2 12.4 18.4 128 105 20.5 8.8
"20" "20" 2002-12-07 24.47 "DAL" "@" "GSW" "W" 5 1 45.65 0.708 0.605 0 17 9.2 14.6 2.2 3.1 13.9 27.2 128 115 29.5 9
"21" "21" 2002-12-10 24.48 "DAL" "" "LAC" "W" 27 1 9.03333333333333 0.258 0 0 21.3 12.3 0 0 0 0 20 66 105 0.5 -16.8
"22" "" 2002-12-11 24.48 "DAL" "@" "SAS" "L" -7 NA NA NA NA NA NA NA NA NA NA NA NA NA NA NA NA
"23" "" 2002-12-14 24.49 "DAL" "" "MEM" "W" 17 NA NA NA NA NA NA NA NA NA NA NA NA NA NA NA NA
"24" "22" 2002-12-17 24.5 "DAL" "" "IND" "W" 21 1 27.8166666666667 0.63 0.6 3.4 14.9 8.9 5.3 0 5.4 5.9 25 126 102 14.5 5.8
"25" "23" 2002-12-18 24.5 "DAL" "@" "DEN" "W" 5 1 32.4666666666667 0.305 0.192 0 10.5 5 6.3 5.1 0 6.3 23.6 65 82 2.3 -5.9
"26" "24" 2002-12-20 24.5 "DAL" "" "UTA" "L" -12 1 48 0.569 0.417 4.1 39.5 19.5 5.6 4.4 0 0 24.4 127 92 26.4 13.6
"27" "25" 2002-12-23 24.51 "DAL" "" "WAS" "W" 6 1 48 0.514 0.391 10.2 26.7 18.1 8.3 2.3 0 0 28.5 124 93 26.8 10.9
"28" "26" 2002-12-26 24.52 "DAL" "@" "NOH" "W" 2 1 46.7 0.523 0.523 2.1 13 7.4 4.5 2.3 6.3 0 21.7 106 86 20 10.5
"29" "27" 2002-12-28 24.53 "DAL" "" "NYK" "W" 25 1 35.1833333333333 0.528 0.528 3.5 20.7 13.4 29.4 3.1 1.9 0 25.1 120 85 20.3 10.4
"30" "28" 2002-12-30 24.53 "DAL" "" "MIL" "L" -3 1 47.8833333333333 0.624 0.52 7.5 24.4 14.9 17.2 2 1.5 5.9 28.5 133 109 36.1 13.9
"31" "29" 2003-01-02 24.54 "DAL" "" "LAC" "W" 10 1 39.4 0.501 0.438 2.5 22.2 12.3 8.4 1.2 6.2 4.8 23.4 103 88 15.7 3.4
"32" "30" 2003-01-04 24.55 "DAL" "" "PHI" "W" 19 1 40.1333333333333 0.563 0.542 0 23.4 12.3 14.1 1.4 5.3 3.7 31.5 127 93 22 10.6
"33" "31" 2003-01-06 24.55 "DAL" "" "DEN" "W" 15 1 44.1 0.469 0.412 2.3 16.8 8.9 9.3 1.3 1.8 5 22.5 100 87 12.7 0.9
"34" "32" 2003-01-08 24.56 "DAL" "@" "ATL" "W" 18 1 40.2833333333333 0.672 0.667 3.1 34.7 20 7.8 0 0 4.3 26.8 129 102 24.7 7
"35" "33" 2003-01-10 24.56 "DAL" "" "BOS" "W" 25 1 26.5 0.685 0.675 4.3 12.1 8.4 10.1 0 4 0 36 143 97 21 17.5
"36" "34" 2003-01-12 24.57 "DAL" "@" "LAC" "W" 6 1 40.7666666666667 0.586 0.559 2.9 13.6 8.4 9.2 1.4 0 4.8 24.3 120 108 16.3 3.4
"37" "35" 2003-01-15 24.58 "DAL" "@" "SAC" "L" -29 1 30.7666666666667 0.436 0.4 0 36.7 16.2 0 1.6 2.3 25.9 31.5 65 118 3.3 -10
"38" "36" 2003-01-17 24.58 "DAL" "@" "PHO" "L" -5 1 48 0.477 0.324 5.9 28.2 15.6 12.9 2.2 4.8 4.6 19.3 122 113 19.8 5.8
"39" "37" 2003-01-19 24.59 "DAL" "@" "SEA" "L" -4 1 44.8333333333333 0.422 0.344 0 48.2 19.6 25.9 0 1.7 5.3 19.9 100 95 13.1 6.4
"40" "38" 2003-01-21 24.59 "DAL" "" "HOU" "W" 21 1 31.8166666666667 0.67 0.533 0 29.3 14.5 11.8 6.8 2.5 0 27.1 153 80 25.2 18.9
"41" "39" 2003-01-23 24.6 "DAL" "@" "PHI" "W" 13 1 34.8833333333333 0.723 0.684 6.9 42.2 24.3 10.7 0 2.1 12.6 32.6 128 103 25.2 11
"42" "40" 2003-01-24 24.6 "DAL" "@" "NYK" "W" 11 1 37.4166666666667 0.604 0.5 6.8 20.6 14.2 11.2 4.2 0 3.9 32.9 127 94 25.7 12.1
"43" "41" 2003-01-26 24.61 "DAL" "" "POR" "L" -7 1 39.45 0.45 0.464 2.9 17.6 10.3 17.8 1.4 1.7 17.2 21.4 87 113 8 -2.7
"44" "42" 2003-01-29 24.61 "DAL" "@" "HOU" "W" 23 1 37.95 0.697 0.625 0 18.5 9.2 28.6 2.7 3.7 10.9 33 130 86 29.7 17.9
"45" "43" 2003-01-30 24.62 "DAL" "" "MIN" "W" 3 1 41.7333333333333 0.725 0.684 2.3 23.9 12.4 11.3 0 4.3 8.3 25.9 139 117 27.5 10.2
"46" "44" 2003-02-01 24.62 "DAL" "" "DEN" "W" 22 1 29.8166666666667 0.63 0.633 0 21.6 11 28.6 1.7 0 5.9 25.4 130 105 17.2 6.1
"47" "45" 2003-02-03 24.63 "DAL" "@" "UTA" "W" 2 1 44.85 0.505 0.457 0 14.4 6.9 12.2 3.8 6.6 7.5 29.4 100 102 20.3 7.2
"48" "46" 2003-02-04 24.63 "DAL" "" "SAC" "L" -1 1 43.0333333333333 0.522 0.409 4.5 38.1 19.6 20 1.1 2.9 3.6 29.7 113 107 25.5 5.4
"49" "47" 2003-02-11 24.65 "DAL" "@" "MIN" "L" -2 1 43.45 0.706 0.667 2.5 17.2 9.4 14.1 2.3 1.8 11.1 29 121 103 26.8 12.4
"50" "48" 2003-02-12 24.65 "DAL" "@" "MIL" "L" -6 1 36.2833333333333 0.565 0.565 0 43.2 18.8 13 2.8 2.5 7.7 31.5 110 116 20.5 4.7
"51" "49" 2003-02-14 24.66 "DAL" "@" "MEM" "W" 7 1 42.4333333333333 0.731 0.684 0 15.6 8.1 4.3 2.5 2.1 12.4 25.2 132 110 23.5 8.1
"52" "50" 2003-02-15 24.66 "DAL" "" "MIA" "W" 6 1 43.7333333333333 0.503 0.375 2.6 23.5 14.1 37.4 1.2 3.1 7.5 30.9 108 98 21.4 6.4
"53" "51" 2003-02-18 24.67 "DAL" "" "ATL" "W" 26 1 27.8666666666667 0.543 0.5 0 18.7 11.2 10.9 0 2.9 13.4 24.7 102 86 9.1 0.6
"54" "52" 2003-02-20 24.67 "DAL" "" "SAS" "W" 8 1 37.4166666666667 0.536 0.471 2.9 16.6 9.3 4.6 2.9 4.7 4.6 27.3 114 94 15.8 6.1
"55" "53" 2003-02-21 24.68 "DAL" "@" "HOU" "W" 15 1 40.3833333333333 0.684 0.6 6.2 18.9 13.8 9.7 1.4 0 3.9 32 136 93 29.1 12.9
"56" "54" 2003-02-23 24.68 "DAL" "@" "WAS" "W" 5 1 52.6 0.586 0.543 0 23.7 13.2 7.1 1.1 1.6 16.8 28.1 99 104 17.2 1.7
"57" "55" 2003-02-25 24.69 "DAL" "@" "ORL" "L" -5 1 41.2333333333333 0.56 0.548 0 27.3 12.1 0 2.6 6.4 7.9 29.4 103 104 17.1 5.3
"58" "56" 2003-02-27 24.69 "DAL" "" "SAC" "L" -2 1 46.6833333333333 0.631 0.56 0 28.7 14.7 11.2 4.3 2.9 12.3 31 112 105 29.5 8.1
"59" "57" 2003-03-01 24.7 "DAL" "" "MEM" "W" 27 1 31.0333333333333 0.581 0.5 3.4 20.6 11.9 19.9 3.3 0 4 35.5 125 89 22 12.7
"60" "58" 2003-03-04 24.71 "DAL" "" "NJN" "W" 9 1 42.2833333333333 0.543 0.447 5.2 27.9 16.7 13.8 0 0 15.3 30.6 101 88 15.9 3.3
"61" "59" 2003-03-07 24.72 "DAL" "@" "MIA" "W" 2 1 41.4166666666667 0.45 0.409 7.6 20.5 13.6 19 1.4 0 4.1 27.1 114 104 14.6 3.3
"62" "60" 2003-03-08 24.72 "DAL" "" "UTA" "W" 24 1 24.5 0.626 0.6 4.5 25.3 14.2 24.4 0 0 10.7 34.6 123 91 14.4 9.3
"63" "61" 2003-03-10 24.72 "DAL" "" "MIN" "L" -9 1 45.5833333333333 0.519 0.485 8.3 23.1 13.7 12.5 1.3 0 0 31.7 131 108 25.4 15.6
"64" "62" 2003-03-13 24.73 "DAL" "@" "SEA" "L" -7 1 43.3833333333333 0.574 0.525 2.7 38.4 18.3 14.4 1.2 0 14.5 30.5 107 114 17.2 3.4
"65" "63" 2003-03-14 24.73 "DAL" "@" "GSW" "W" 2 1 18.85 0.676 0.625 5.5 21.1 12.3 31.7 2.8 4.4 13.1 34.7 136 119 15.3 18.5
"66" "64" 2003-03-16 24.74 "DAL" "@" "SAC" "W" 6 1 49.7833333333333 0.641 0.565 2.1 34 18.3 11.6 0 2.7 7 24.3 128 107 28.7 9.7
"67" "65" 2003-03-18 24.75 "DAL" "" "CLE" "W" 21 1 32.1833333333333 0.726 0.643 3.8 21.9 13.6 20.7 4.6 4.5 9.4 30.1 138 86 27.8 15.7
"68" "66" 2003-03-20 24.75 "DAL" "" "SAS" "L" -2 1 51.15 0.564 0.438 2.3 26 14 7.3 0 1.6 14.2 32 110 116 19.9 0.8
"69" "67" 2003-03-22 24.76 "DAL" "" "PHO" "W" 7 1 40.7166666666667 0.724 0.719 2.9 27.9 15.5 17.2 0 1.7 17.7 25.3 120 104 20.2 8.1
"70" "68" 2003-03-24 24.76 "DAL" "@" "DEN" "W" 12 1 40.0833333333333 0.442 0.283 3.1 20 11.9 8.3 2.6 3.3 9.6 35.7 99 103 15.1 -3.8
"71" "69" 2003-03-26 24.77 "DAL" "@" "LAC" "W" 7 1 37.1166666666667 0.648 0.5 5.8 24.3 15.3 16.3 5.6 0 0 25.3 152 102 28.7 15
"72" "70" 2003-03-28 24.77 "DAL" "@" "POR" "L" -17 1 32.9333333333333 0.549 0.469 0 12.8 5.8 19.9 0 0 14.2 30.8 100 127 10.7 -0.2
"73" "71" 2003-03-30 24.78 "DAL" "@" "MIN" "W" 24 1 34.3 0.79 0.8 0 26.7 13.2 13.8 0 2 4.6 29.1 143 101 26.9 16.9
"74" "72" 2003-04-01 24.78 "DAL" "" "NOH" "W" 9 1 33.9 0.575 0.5 0 29.9 16.3 6.3 4.7 0 0 36.7 123 82 24.5 13.1
"75" "73" 2003-04-03 24.79 "DAL" "" "LAL" "L" -11 1 47.0333333333333 0.492 0.357 6.3 38.8 22.7 7.9 1.1 0 10.6 26.4 101 95 18.7 3.2
"76" "74" 2003-04-05 24.79 "DAL" "" "ORL" "W" 18 1 43.9666666666667 0.568 0.5 0 16.4 7.8 14 0 0 7.3 27.7 112 99 18.6 1.7
"77" "75" 2003-04-08 24.8 "DAL" "@" "LAL" "L" -9 1 40.15 0.553 0.45 0 27 13.2 10.3 1.2 0 11.3 30.4 100 111 16.9 1.4
"78" "76" 2003-04-09 24.81 "DAL" "@" "PHO" "L" -23 1 31.6666666666667 0.607 0.5 3.3 26.9 14.1 20.9 0 0 12.3 33.5 116 119 17.6 8.2
"79" "77" 2003-04-11 24.81 "DAL" "@" "UTA" "L" -3 1 43.0666666666667 0.644 0.545 0 26.3 12.2 10.2 2.5 1.7 3.6 32.1 126 102 26.5 13.7
"80" "78" 2003-04-12 24.81 "DAL" "" "GSW" "W" 9 1 39.8166666666667 0.647 0.523 0 26.2 14.3 22.2 1.2 0 6.5 31.9 128 101 30.5 11.3
"81" "79" 2003-04-14 24.82 "DAL" "" "SEA" "W" 3 1 45.6 0.73 0.667 2.5 18.4 11.2 27.7 1.1 1.8 10.1 28.8 140 112 34.9 14.5
"82" "80" 2003-04-16 24.82 "DAL" "@" "SAS" "W" 21 1 37.6833333333333 0.477 0.417 2.8 27.1 14.5 26.5 5.5 0 10.3 35.3 96 70 19.2 11
"1" "1" 2003-10-28 25.36 "DAL" "@" "LAL" "L" -16 1 33.1833333333333 0.426 0.294 8.7 34.6 20.6 5.9 1.5 2.1 11.9 33.7 87 106 11.6 -0.7
"2" "2" 2003-10-29 25.36 "DAL" "@" "GSW" "W" 8 1 45.4166666666667 0.688 0.611 4.5 25.7 15.8 4.8 3.4 6 12.5 24.5 124 81 28.4 12.5
"3" "3" 2003-11-01 25.37 "DAL" "" "UTA" "W" 25 1 25.2833333333333 0.889 0.875 0 12.3 6.6 16.7 2.1 5.6 10.6 16.5 163 108 14.6 11.8
"4" "4" 2003-11-03 25.38 "DAL" "" "MIA" "W" 10 1 43.0166666666667 0.631 0.591 3.2 12.7 8.5 13.1 0 0 7.8 30.1 117 106 20.5 0.3
"5" "5" 2003-11-05 25.38 "DAL" "@" "WAS" "L" -10 1 33.1166666666667 0.359 0.111 0 7.3 3.1 14.3 3.1 0 13.8 18.7 80 109 4.6 -5.7
"6" "6" 2003-11-06 25.38 "DAL" "@" "TOR" "L" -6 1 42.4166666666667 0.62 0.575 0 14.7 6.5 20.9 0 5.4 15.5 28.1 110 94 17.5 7.9
"7" "7" 2003-11-08 25.39 "DAL" "@" "SAS" "W" 3 1 40.3166666666667 0.397 0.417 0 27.5 14 14.1 4 0 20.9 27.1 69 77 7 0.4
"8" "8" 2003-11-11 25.4 "DAL" "" "NOH" "W" 28 1 29.9 0.723 0.708 0 20.5 10.7 15.5 1.7 2.7 13.9 20.6 136 104 16 6
"9" "9" 2003-11-13 25.4 "DAL" "" "HOU" "W" 11 1 37.9833333333333 0.617 0.563 0 14.4 7.3 5.1 0 2.1 5.1 25 122 105 16.5 3.9
"10" "10" 2003-11-15 25.41 "DAL" "@" "MEM" "L" -7 1 39.4833333333333 0.542 0.5 6.6 20.7 13 8.6 2.5 1.8 25.5 24.2 89 103 11 -2.2
"11" "11" 2003-11-17 25.41 "DAL" "" "POR" "W" 7 1 38.2666666666667 0.503 0.474 5.3 15.2 10.3 20.4 0 5.2 4.8 24.9 122 114 16.1 4.3
"12" "12" 2003-11-20 25.42 "DAL" "" "SAS" "W" 3 1 43.0333333333333 0.556 0.421 4.5 9.7 7 4.8 1.2 0 4.1 25.2 118 104 18 4.4
"13" "13" 2003-11-22 25.43 "DAL" "" "DEN" "W" 14 1 38.8666666666667 0.501 0.367 5.6 21.7 14.3 3.4 0 3.3 0 20.9 118 104 15.1 -1.8
"14" "14" 2003-11-25 25.44 "DAL" "" "CHI" "W" 26 1 28.3 0.709 0.5 3.8 29.4 16.9 4.1 0 2.3 0 20.3 162 99 18 6.9
"15" "15" 2003-11-26 25.44 "DAL" "@" "PHO" "L" -31 1 7.25 0 0 0 0 0 0 0 0 50 26 0 146 -3.8 -39.3
"16" "" 2003-11-28 25.44 "DAL" "@" "DEN" "L" -10 NA NA NA NA NA NA NA NA NA NA NA NA NA NA NA NA
"17" "" 2003-11-29 25.45 "DAL" "" "MIN" "W" 4 NA NA NA NA NA NA NA NA NA NA NA NA NA NA NA NA
"18" "" 2003-12-02 25.45 "DAL" "" "WAS" "W" 25 NA NA NA NA NA NA NA NA NA NA NA NA NA NA NA NA
"19" "" 2003-12-04 25.46 "DAL" "" "LAL" "L" -11 NA NA NA NA NA NA NA NA NA NA NA NA NA NA NA NA
"20" "" 2003-12-06 25.47 "DAL" "" "ORL" "W" 13 NA NA NA NA NA NA NA NA NA NA NA NA NA NA NA NA
"21" "16" 2003-12-10 25.48 "DAL" "@" "LAC" "L" -1 1 27.3333333333333 0.375 0.375 0 14.8 6.8 10.5 0 0 0 20.5 88 110 2.5 -8.8
"22" "17" 2003-12-12 25.48 "DAL" "@" "LAL" "W" 17 1 46.1333333333333 0.548 0.477 2.3 25.5 13.9 17.1 1.1 1.7 3.9 23.3 124 93 22.6 9.2
"23" "18" 2003-12-15 25.49 "DAL" "" "TOR" "W" 17 1 32.6333333333333 0.448 0.346 0 17.3 8.3 8 3.2 2.6 6 22 105 99 9.9 -1.6
"24" "19" 2003-12-17 25.5 "DAL" "@" "BOS" "L" -2 1 41.4166666666667 0.476 0.446 10.1 23.4 15.5 5.3 2.3 2.1 3.1 29.8 112 103 19.9 5.9
"25" "20" 2003-12-18 25.5 "DAL" "@" "MIN" "L" -5 1 40.5 0.466 0.346 2.6 18 9.8 3.4 0 0 11.1 19.3 99 123 6.7 -6.7
"26" "21" 2003-12-20 25.5 "DAL" "" "LAC" "L" -10 1 45.4333333333333 0.394 0.261 7.6 11.9 9.5 3.3 1.1 1.5 14.6 30.9 85 119 9.4 -9.6
"27" "22" 2003-12-23 25.51 "DAL" "@" "POR" "L" -9 1 42.1333333333333 0.25 0.25 2.7 27.7 13.5 7.7 0 1.8 29.4 19.3 47 114 -2.2 -13
"28" "23" 2003-12-25 25.52 "DAL" "@" "SAC" "W" 8 1 47.55 0.587 0.477 2.1 30.2 15.4 16.6 3.1 4.1 0 23.4 138 94 30.8 11.5
"29" "24" 2003-12-27 25.52 "DAL" "" "MEM" "W" 6 1 42.1166666666667 0.765 0.7 5.3 34.3 20.9 13.8 0 0 25.4 16.5 125 102 16.9 4.3
"30" "25" 2003-12-30 25.53 "DAL" "" "MIL" "W" 9 1 36.2333333333333 0.492 0.474 3 30.5 16.6 4.6 0 0 4.7 28.6 103 105 12.1 -0.6
"31" "26" 2004-01-02 25.54 "DAL" "@" "MIL" "L" -8 1 43.7 0.628 0.588 5.1 27.3 16.8 19.3 1.3 3.1 9.8 22.7 128 116 22 7.8
"32" "27" 2004-01-03 25.54 "DAL" "" "MIN" "W" 7 1 41.75 0.799 0.767 2.9 19.5 11.8 15 1.3 0 4.9 22.3 160 118 28.4 12.3
"33" "28" 2004-01-05 25.55 "DAL" "@" "UTA" "L" -14 1 37.9833333333333 0.664 0.6 5.7 21.6 13.4 5.5 1.3 7 0 21.6 140 112 23.5 10.5
"34" "29" 2004-01-07 25.55 "DAL" "" "GSW" "W" 6 1 41.0333333333333 0.542 0.474 8.4 20 14.5 3.8 1.3 1.8 8.6 25.4 111 103 16.2 0.5
"35" "30" 2004-01-09 25.56 "DAL" "" "IND" "L" -12 1 41.5333333333333 0.442 0.375 2.3 16.3 8.6 14.8 1.3 6.4 8.1 26.6 90 98 12.5 3.8
"36" "31" 2004-01-11 25.56 "DAL" "@" "DET" "L" -13 1 33.0333333333333 0.589 0.591 8.1 48.5 29.1 14 1.6 0 7.8 18.3 123 116 14.5 5
"37" "32" 2004-01-12 25.57 "DAL" "@" "NYK" "W" 6 1 47.05 0.602 0.563 2.5 23.1 12.7 3.1 1.1 0 7.2 26.7 116 118 21.3 -0.1
"38" "33" 2004-01-14 25.57 "DAL" "" "PHI" "W" 3 1 48.5 0.473 0.432 1.9 32.1 14.8 13 1.1 5.5 7 25.7 99 104 19.3 2.9
"39" "34" 2004-01-16 25.58 "DAL" "@" "DEN" "W" 3 1 38.75 0.545 0.472 0 16.4 8.8 11 1.4 3 16.5 29.2 95 96 13.3 1.3
"40" "35" 2004-01-17 25.58 "DAL" "@" "POR" "W" 4 1 40.5333333333333 0.714 0.611 2.7 25.1 11.5 24 1.3 2 8.2 27.1 144 116 29 12.9
"41" "36" 2004-01-20 25.59 "DAL" "" "NJN" "W" 13 1 38.35 0.638 0.607 0 28.7 14 24.3 0 1.9 6.3 19.8 138 107 17.3 10
"42" "37" 2004-01-22 25.59 "DAL" "" "LAL" "W" 19 1 42.2666666666667 0.462 0.406 0 25.1 11.8 20.7 0 4.2 10.4 21.6 104 99 12.7 0.9
"43" "38" 2004-01-23 25.6 "DAL" "@" "CHI" "W" 13 1 39.8833333333333 0.525 0.478 5.9 27 16.3 20.7 1.3 3.9 0 28 123 98 23.5 7.7
"44" "39" 2004-01-25 25.6 "DAL" "" "SAC" "W" 9 1 38.15 0.546 0.5 2.5 28.4 15.3 11.2 2.5 3.6 5.2 21.3 114 93 19.4 6.2
"45" "40" 2004-01-27 25.61 "DAL" "@" "SEA" "W" 2 1 40.9666666666667 0.888 0.909 2.8 10.3 6.2 9.6 2.6 2.1 17.1 30.3 141 129 33.5 18.4
"46" "41" 2004-01-28 25.61 "DAL" "@" "UTA" "L" -3 1 40.15 0.539 0.464 0 6.5 3.5 17.9 0 0 6 22.8 109 121 10.4 -3.4
"47" "42" 2004-01-31 25.62 "DAL" "" "DEN" "L" -5 1 42.3 0.348 0.348 0 17.6 8.2 13.5 1.1 3.3 11.5 25.9 75 109 6.3 -6.2
"48" "43" 2004-02-03 25.63 "DAL" "" "GSW" "W" 14 1 34.75 0.321 0.321 0 15.3 7.1 7.6 4.8 4.5 0 18.6 90 97 7.8 0.1
"49" "44" 2004-02-04 25.63 "DAL" "@" "NOH" "W" 9 1 37.75 0.634 0.553 3.3 30.8 17.6 16.6 4.2 2.1 8.3 28.7 131 103 25.7 10.2
"50" "45" 2004-02-07 25.64 "DAL" "" "DET" "W" 3 1 42.3833333333333 0.727 0.688 0 28.6 14.3 14.4 5.1 1.7 6.8 33.7 140 111 34.8 13.9
"51" "46" 2004-02-09 25.64 "DAL" "@" "ATL" "L" -6 1 41.5833333333333 0.518 0.5 2.1 23.4 11.7 8 1.2 1.7 11.9 24.6 100 103 14.1 0.1
"52" "47" 2004-02-10 25.65 "DAL" "" "NYK" "W" 15 1 36.7833333333333 0.588 0.526 5.6 24.5 15.7 12.4 1.4 1.8 4.2 29.5 127 96 22.9 8.6
"53" "48" 2004-02-17 25.67 "DAL" "@" "MEM" "L" -17 1 35.5166666666667 0.555 0.474 4.8 20.7 12 0 1.4 6.2 4.4 25.5 122 111 19.1 8
"54" "49" 2004-02-18 25.67 "DAL" "@" "CLE" "W" 16 1 39.2833333333333 0.486 0.333 5 22.4 13.2 12.7 2.7 1.6 0 20.4 128 103 18.4 3.1
"55" "50" 2004-02-21 25.68 "DAL" "" "HOU" "W" 9 1 40.7666666666667 0.651 0.618 7.8 23.9 15.8 13.3 1.3 4.4 9.4 23.2 131 95 22.4 12.2
"56" "51" 2004-02-24 25.68 "DAL" "" "LAC" "W" 25 1 36.6666666666667 0.405 0.333 6.3 22.1 14.2 18.4 2.9 10.6 9.2 25.4 102 88 15.1 4.5
"57" "52" 2004-02-26 25.69 "DAL" "" "SAS" "W" 24 1 35.2 0.686 0.633 0 17.6 9.7 23.8 1.5 0 0 22.7 155 98 21.2 12.8
"58" "53" 2004-02-28 25.7 "DAL" "" "POR" "W" 20 1 37.85 0.563 0.469 6.3 14.4 10.5 10.2 0 5.9 5.1 23.4 125 103 17.9 5
"59" "54" 2004-03-02 25.7 "DAL" "" "SEA" "W" 11 1 42.3833333333333 0.439 0.368 7.5 20.6 14.3 10.4 0 3.7 4.4 23.9 105 99 14.6 0.4
"60" "55" 2004-03-03 25.71 "DAL" "@" "MIN" "L" -24 1 27.9 0.493 0.385 0 13.5 4.9 22.5 3.6 0 0 20.8 121 122 12.4 5.5
"61" "56" 2004-03-05 25.71 "DAL" "@" "SAS" "L" -13 1 38.8166666666667 0.506 0.447 2.5 24 12.3 5.1 5 0 8.8 23.3 104 106 15.1 3.7
"62" "57" 2004-03-07 25.72 "DAL" "@" "HOU" "L" -3 1 44.4 0.453 0.421 2.4 0 1.3 3.9 9.8 3.3 9.1 20.7 91 94 16.5 5.1
"63" "58" 2004-03-08 25.72 "DAL" "" "PHO" "W" 13 1 27.4666666666667 0.881 0.846 3.3 22 11.3 8.1 0 0 6.3 24.1 172 108 21.6 15.7
"64" "59" 2004-03-11 25.73 "DAL" "@" "SAC" "L" -18 1 37.8333333333333 0.506 0.447 2.3 28.4 11.8 15.9 1.3 0 8.8 24.2 107 119 15.1 0.8
"65" "60" 2004-03-13 25.73 "DAL" "@" "PHO" "W" 23 1 27.8666666666667 0.311 0.25 6.1 31.2 18.6 17 0 0 7.2 19.1 90 91 5.8 -4.2
"66" "61" 2004-03-14 25.74 "DAL" "@" "LAC" "W" 13 1 44.7166666666667 0.601 0.522 2.8 27.7 17.4 12.7 2.4 1.6 3.4 30.2 126 89 30.2 11.4
"67" "62" 2004-03-17 25.75 "DAL" "" "ATL" "L" -1 1 42.4833333333333 0.568 0.523 2.5 23.4 12.7 3.3 0 0 3.9 25.7 116 115 18.1 -1.2
"68" "63" 2004-03-19 25.75 "DAL" "" "BOS" "W" 16 1 40.4 0.555 0.474 6.3 16.3 11.2 17 1.2 0 12.2 25.4 121 112 17.1 -0.8
"69" "64" 2004-03-21 25.76 "DAL" "@" "NJN" "W" 3 1 34.8166666666667 0.485 0.395 0 26.1 10.2 4.3 0 4.7 8.5 31.5 96 108 11.3 -3.5
"70" "65" 2004-03-22 25.76 "DAL" "@" "PHI" "L" -9 1 44.1333333333333 0.65 0.625 0 27.3 9.8 7.8 2.6 0 0 24.6 145 127 23.2 6.3
"71" "66" 2004-03-24 25.76 "DAL" "@" "IND" "L" -4 1 38.9833333333333 0.508 0.447 0 16.9 9.7 7.9 2.5 9.8 8.5 27.2 99 98 16.1 2.9
"72" "67" 2004-03-26 25.77 "DAL" "@" "MIA" "L" -1 1 43.0333333333333 0.531 0.45 2.7 26.6 15.4 3.5 0 1.8 14.5 27.3 103 114 13.2 -3.9
"73" "68" 2004-03-28 25.78 "DAL" "@" "ORL" "W" 30 1 34.2333333333333 0.643 0.658 3.5 20.2 13.2 8.2 4.5 3.7 0 25.7 135 85 23.8 11
"74" "69" 2004-03-30 25.78 "DAL" "" "CLE" "W" 17 1 42.85 0.683 0.63 5.2 39.8 22.9 13.9 1.2 1.3 3.8 26.2 150 103 33 9.7
"75" "70" 2004-04-01 25.79 "DAL" "" "SAC" "W" 10 1 40.1166666666667 0.58 0.472 2.9 22.5 13.3 11.3 2.4 1.6 11.4 27.2 118 111 20.7 2.2
"76" "71" 2004-04-03 25.79 "DAL" "" "PHO" "W" 21 1 33.9166666666667 0.729 0.705 0 19.4 11.9 18.7 1.5 2 4.1 32.9 145 106 29 10.5
"77" "72" 2004-04-06 25.8 "DAL" "" "SEA" "W" 10 1 35.1666666666667 0.613 0.559 7.6 18.6 13.7 7.4 0 8.3 9.6 26.7 124 117 19.3 3.5
"78" "73" 2004-04-08 25.81 "DAL" "" "UTA" "W" 23 1 33.9333333333333 0.91 0.8 3.6 11.8 7.5 13.6 1.8 5 0 22 199 116 27.7 19
"79" "74" 2004-04-10 25.81 "DAL" "@" "SEA" "L" -20 1 27.55 0.315 0.267 0 31.4 13.2 5.1 0 5.7 5.9 26.8 68 119 3.2 -8.8
"80" "75" 2004-04-11 25.81 "DAL" "@" "GSW" "L" -1 1 45.5 0.765 0.7 2.5 28.3 16.4 10.6 2.2 1.3 24 23 119 107 24.3 6.3
"81" "76" 2004-04-13 25.82 "DAL" "" "MEM" "W" 7 1 27 0.511 0.444 9.6 33.1 22.2 0 1.8 8.5 0 18.1 116 97 11.2 1.9
"82" "77" 2004-04-14 25.82 "DAL" "@" "HOU" "W" 3 1 22.6 0.396 0.3 4.5 23.7 13.9 8.4 0 3.6 7.3 29.1 81 98 4.8 -8.3
"1" "1" 2004-11-02 26.37 "DAL" "" "SAC" "W" 9 1 42.2166666666667 0.733 0.684 2.9 20.9 13 21 2.4 3.2 11.8 27.1 138 102 30.2 13.1
"2" "2" 2004-11-03 26.38 "DAL" "@" "NOH" "W" 15 1 38.55 0.603 0.571 7.2 14 11 18.4 2.8 6 16 23.9 116 99 17.9 7.4
"3" "3" 2004-11-06 26.38 "DAL" "" "MEM" "W" 24 1 30.6 0.58 0.533 4.1 36.4 22.6 0 1.6 2 13.7 30.1 111 84 15.3 1.4
"4" "4" 2004-11-08 26.39 "DAL" "" "GSW" "W" 3 1 40.6166666666667 0.537 0.444 0 23.2 12.4 12.4 2.6 5 4.1 27.5 116 88 19.9 8.9
"5" "5" 2004-11-09 26.39 "DAL" "@" "ORL" "L" -10 1 32.7666666666667 0.48 0.313 2.3 23.3 10.9 7.3 1.5 0 16.1 29.2 92 90 8.9 1.9
"6" "6" 2004-11-11 26.4 "DAL" "@" "MIA" "W" 20 1 42.35 0.69 0.583 3.5 20.6 13.8 16.8 0 3.4 6.3 34.7 146 102 33.8 16.9
"7" "7" 2004-11-13 26.4 "DAL" "@" "NJN" "W" 16 1 43.5833333333333 0.679 0.639 2.8 15.6 9.4 32.8 5.3 0 4.2 26.7 144 86 30.4 20.4
"8" "8" 2004-11-14 26.41 "DAL" "@" "WAS" "W" 9 1 37.9 0.806 0.767 14 25.3 20.3 20.8 1.3 0 26.1 30.6 126 115 26.5 7
"9" "9" 2004-11-16 26.41 "DAL" "" "PHO" "L" -6 1 35.1333333333333 0.467 0.353 10.5 38.5 23 9 0 4.5 12.3 30 98 101 13.9 0.4
"10" "10" 2004-11-19 26.42 "DAL" "" "NYK" "W" 2 1 40.4 0.612 0.571 8 25.1 16.4 0 2.5 1.9 16.9 32.2 109 101 20.6 3.5
"11" "11" 2004-11-21 26.42 "DAL" "@" "DEN" "L" -28 1 17.9 0.598 0.429 0 35.1 15.3 0 2.6 0 0 21.4 129 105 9.4 6.4
"12" "" 2004-11-22 26.43 "DAL" "" "MIN" "L" -1 NA NA NA NA NA NA NA NA NA NA NA NA NA NA NA NA
"13" "12" 2004-11-24 26.43 "DAL" "@" "SAS" "L" -14 1 33.55 0.524 0.417 3 29.8 16.6 7.5 1.5 0 4.4 31.3 107 97 15.6 8.9
"14" "13" 2004-11-26 26.44 "DAL" "" "POR" "W" 9 1 42.45 0.506 0.353 7.6 27.9 17.8 23.7 1.3 1.9 15 27.5 112 93 18.5 5.4
"15" "14" 2004-11-27 26.44 "DAL" "@" "MEM" "W" 13 1 41 0.489 0.37 9.2 36.7 24.5 10.4 4.1 2.1 5.8 39.2 111 81 25.2 12.2
"16" "15" 2004-11-30 26.45 "DAL" "" "SAS" "L" -18 1 40.75 0.535 0.441 0 35.5 19.3 20.3 1.3 0 20.3 27.6 97 108 13 4.2
"17" "16" 2004-12-02 26.45 "DAL" "" "HOU" "W" 7 1 49.6 0.636 0.5 10.3 21.6 17 9.9 3.3 6.5 2.3 41.9 140 97 48 19.5
"18" "17" 2004-12-04 26.46 "DAL" "" "UTA" "W" 23 1 40.4666666666667 0.666 0.579 3.1 20.7 11.4 9.3 1.2 7 11.8 27.1 129 90 24.6 8.2
"19" "18" 2004-12-06 26.47 "DAL" "" "DET" "L" -16 1 41.05 0.435 0.25 2.3 20 10.2 10.2 1.3 3.6 0 32.5 104 109 17.6 7.4
"20" "19" 2004-12-07 26.47 "DAL" "@" "MIN" "W" 10 1 44.1833333333333 0.576 0.538 4.3 14.4 8.6 5.2 1.3 0 3.3 29.3 134 103 22.6 10
"21" "20" 2004-12-09 26.47 "DAL" "" "SEA" "L" -5 1 38.5166666666667 0.631 0.529 3.2 16.8 10.5 14.7 0 4 8.5 27.4 126 117 21.1 7.5
"22" "21" 2004-12-11 26.48 "DAL" "@" "HOU" "W" 24 1 32.4833333333333 0.586 0.559 3.4 41.1 22.9 22.1 0 8.2 0 27.5 128 79 21.6 17.4
"23" "22" 2004-12-13 26.48 "DAL" "@" "CHI" "W" 1 1 42.5333333333333 0.398 0.222 5 23 12.7 7.6 0 1.9 7.1 29.1 91 105 10.4 -5
"24" "23" 2004-12-14 26.49 "DAL" "" "GSW" "L" -4 1 40.8666666666667 0.404 0.231 0 18.5 8.2 6.6 1.2 1.8 0 16.5 105 116 8 -3.9
"25" "24" 2004-12-18 26.5 "DAL" "" "ATL" "W" 22 1 32.4 0.457 0.417 0 33.3 17.6 17 3.2 2.1 10.9 24.7 94 65 11.8 4.4
"26" "25" 2004-12-21 26.51 "DAL" "@" "NYK" "W" 29 1 25.2 0.652 0.6 0 18.1 10.5 7 2 0 0 29.8 144 97 17.7 12.5
"27" "26" 2004-12-22 26.51 "DAL" "@" "ATL" "L" -13 1 41.6166666666667 0.511 0.421 0 19.1 9.5 14.2 1.2 1.6 11.8 26.5 104 115 12.6 -2.6
"28" "27" 2004-12-26 26.52 "DAL" "@" "DEN" "W" 14 1 43.9833333333333 0.631 0.58 0 19 10.1 8.8 1.3 1.6 3.4 29.8 144 102 27.4 14.1
"29" "28" 2004-12-28 26.53 "DAL" "" "BOS" "W" 19 1 39.7 0.647 0.528 0 30.1 17.1 15.9 2.3 2 8.2 26.9 125 88 26 8.5
"30" "29" 2005-01-02 26.54 "DAL" "" "MIL" "W" 19 1 45.3333333333333 0.673 0.64 2.7 9.7 6.4 19.3 1.1 2.7 12.1 31.5 128 117 30.4 11.1
"31" "30" 2005-01-05 26.55 "DAL" "" "LAL" "W" 14 1 38.6166666666667 0.466 0.364 0 20.5 12.3 13.6 2.7 0 13 36.6 92 107 14.3 -5.1
"32" "31" 2005-01-08 26.56 "DAL" "" "IND" "W" 20 1 38.0666666666667 0.723 0.65 0 38.2 22.2 15.3 1.4 0 4.1 29.9 148 101 30 15
"33" "32" 2005-01-12 26.57 "DAL" "" "HOU" "L" -10 1 44.9333333333333 0.709 0.694 2.5 8.2 4.6 0 2.3 0 4.8 21.2 135 137 19.7 3.4
"34" "33" 2005-01-14 26.57 "DAL" "@" "SAS" "L" -3 1 47.1333333333333 0.563 0.482 13.6 22.1 17.4 8.3 2.3 1.6 11.1 35.5 114 108 26.3 10.7
"35" "34" 2005-01-15 26.58 "DAL" "" "NJN" "W" 5 1 41.4333333333333 0.637 0.5 0 25.9 14.1 15.7 1.2 2.9 4.7 22.5 136 93 25.1 12.2
"36" "35" 2005-01-18 26.58 "DAL" "" "WAS" "W" 17 1 44.2 0.658 0.5 3.8 20.6 14.6 12 3.2 4.7 12.4 24.1 131 109 27 5
"37" "36" 2005-01-20 26.59 "DAL" "" "LAC" "W" 22 1 41.45 0.534 0.479 0 19.5 10.6 16.6 1.4 0 10.3 34.8 109 92 17.2 3.5
"38" "37" 2005-01-21 26.59 "DAL" "@" "CHA" "W" 6 1 39.9 0.406 0.318 3.2 20.4 12.9 8.1 0 4.4 10.9 33 82 106 10.6 -5.3
"39" "38" 2005-01-23 26.6 "DAL" "" "DEN" "W" 2 1 43.8666666666667 0.57 0.54 2.4 23.2 13 10 3.8 4.6 14 36.5 110 95 24.7 11.6
"40" "39" 2005-01-24 26.6 "DAL" "@" "LAC" "L" -10 1 43.0166666666667 0.573 0.588 2.4 27.2 14 20.3 0 5.2 20.7 25.7 94 107 14.5 3.1
"41" "40" 2005-01-26 26.61 "DAL" "@" "POR" "W" 7 1 39.7166666666667 0.52 0.45 3.2 32.9 20.2 28.6 2.6 3.5 4.2 28.5 111 85 23.1 8.4
"42" "41" 2005-01-29 26.61 "DAL" "" "PHI" "L" -4 1 44.3 0.401 0.28 4 16.2 9.7 17.2 2.3 8.6 11.4 34.6 84 92 16.4 3.6
"43" "42" 2005-02-01 26.62 "DAL" "" "MIA" "W" 5 1 39.2666666666667 0.582 0.533 0 20.5 9.9 14.8 1.3 5.8 5.8 19.9 120 103 17.5 6.7
"44" "43" 2005-02-02 26.62 "DAL" "@" "NOH" "W" 8 1 39.8 0.431 0.357 0 14.7 7.5 10.5 1.5 4 14.7 35.1 79 97 8.2 -4.7
"45" "44" 2005-02-04 26.63 "DAL" "@" "IND" "L" -1 1 40.2 0.589 0.476 2.6 16.4 9.3 19.8 2.7 0 3.6 32.3 131 106 25.6 15.3
"46" "45" 2005-02-06 26.64 "DAL" "@" "TOR" "W" 9 1 38.6333333333333 0.631 0.591 3.6 33.3 19.1 23.8 0 8.6 11.2 32 123 116 25.9 6.3
"47" "46" 2005-02-08 26.64 "DAL" "" "CHI" "L" -7 1 41.7833333333333 0.491 0.396 2.3 26.7 14.3 10 1.2 0 0 28.8 107 109 18.2 3.7
"48" "47" 2005-02-11 26.65 "DAL" "@" "SAC" "W" 2 1 40.35 0.596 0.525 0 21 11.2 28 0 3.6 11.7 29.1 120 121 22 7.5
"49" "48" 2005-02-13 26.65 "DAL" "@" "SEA" "W" 3 1 39.4666666666667 0.615 0.587 3.2 23.1 14.8 37.1 1.3 1.8 10.6 33.4 118 98 25.5 14.6
"50" "49" 2005-02-15 26.66 "DAL" "@" "GSW" "W" 7 1 38.4833333333333 0.702 0.588 7 23.6 16.5 18.3 1.2 3.6 10.7 31.1 137 103 32.1 11.6
"51" "50" 2005-02-17 26.67 "DAL" "@" "PHO" "W" 6 1 44.5166666666667 0.454 0.333 3.1 32.7 20.5 11 0 5 22.1 23.1 86 109 11.8 -4
"52" "51" 2005-02-23 26.68 "DAL" "@" "UTA" "W" 18 1 38.8166666666667 0.517 0.333 7 16.1 12.2 10 1.4 2.1 6.7 37.2 111 91 19.8 2.3
"53" "52" 2005-02-24 26.68 "DAL" "" "SAC" "W" 9 1 43.9666666666667 0.615 0.58 1.9 27.3 12.4 6.3 2.1 3.8 0 23.5 141 108 29.8 9.1
"54" "53" 2005-02-26 26.69 "DAL" "" "PHO" "L" -1 1 41.7666666666667 0.558 0.472 9.6 34.3 20.8 16 4.5 1.7 4.1 23.6 131 112 27.8 8.3
"55" "54" 2005-02-28 26.7 "DAL" "" "NOH" "W" 4 1 37.5166666666667 0.622 0.526 3.2 36 18.8 7.1 1.4 7.3 18.2 36.4 101 88 19.6 6.8
"56" "55" 2005-03-02 26.7 "DAL" "@" "LAC" "L" -9 1 37.0666666666667 0.63 0.567 0 16.6 7.7 21.1 2.8 2 16.8 30.5 107 108 18.3 8.1
"57" "56" 2005-03-04 26.71 "DAL" "@" "LAL" "L" -5 1 41.75 0.537 0.441 7.5 29.3 17.5 13.7 1.2 1.8 0 22.1 126 112 20 6.7
"58" "" 2005-03-06 26.71 "DAL" "@" "HOU" "L" -21 NA NA NA NA NA NA NA NA NA NA NA NA NA NA NA NA
"59" "" 2005-03-07 26.72 "DAL" "" "TOR" "W" 8 NA NA NA NA NA NA NA NA NA NA NA NA NA NA NA NA
"60" "57" 2005-03-10 26.72 "DAL" "" "LAL" "L" -5 1 41.0166666666667 0.488 0.316 6.7 20.3 13.1 17.5 0 1.6 3.8 27.4 118 111 19.5 5.7
"61" "58" 2005-03-11 26.73 "DAL" "@" "MIL" "W" 2 1 39.5333333333333 0.602 0.548 0 26.3 13.2 15 0 0 0 27.4 134 119 23 7.3
"62" "59" 2005-03-13 26.73 "DAL" "@" "MIN" "W" 9 1 41.3 0.45 0.409 4.5 24 12.9 4.1 1.3 0 0 26.1 99 100 13.5 -0.1
"63" "60" 2005-03-15 26.74 "DAL" "" "MIN" "L" -9 1 46.75 0.449 0.316 8.5 25 16.5 16.9 1.1 2.6 7.9 24.5 102 102 17 2.9
"64" "61" 2005-03-17 26.74 "DAL" "" "POR" "W" 4 1 36.3833333333333 0.374 0.265 0 29.3 13.3 9 0 6.3 4.7 25.3 89 99 8.7 -3.1
"65" "62" 2005-03-19 26.75 "DAL" "" "CHA" "W" 11 1 40.65 0.702 0.625 0 18 8.8 5.1 2.6 0 11.3 27.9 137 101 23.3 8.8
"66" "63" 2005-03-21 26.75 "DAL" "" "NOH" "W" 17 1 29.6 0.789 0.636 0 32 15.6 13.7 3.7 5.9 11.2 26.5 154 87 23.7 19.7
"67" "64" 2005-03-23 26.76 "DAL" "@" "GSW" "W" 12 1 39.8666666666667 0.788 0.714 6.3 20.5 14.1 9.9 2.6 0 24.6 28.4 121 97 23.2 9.7
"68" "65" 2005-03-24 26.76 "DAL" "@" "SAC" "L" -8 1 43.15 0.626 0.583 2.2 21.2 10.3 21.1 2.4 1.7 9.7 30.7 124 113 27 14.1
"69" "66" 2005-03-26 26.77 "DAL" "" "CLE" "W" 31 1 30.7833333333333 0.376 0.25 0 48.2 27.1 7.9 0 10.9 17 27.1 76 83 8.3 -6.3
"70" "67" 2005-03-28 26.77 "DAL" "@" "DET" "W" 7 1 36.9333333333333 0.628 0.5 3.5 25.9 15.8 15.6 3.3 1.9 0 23.9 148 100 22.4 12.3
"71" "68" 2005-03-30 26.78 "DAL" "@" "BOS" "W" 12 1 37.2833333333333 0.712 0.625 0 26.1 15 25.3 1.5 0 10.6 37.8 134 105 29 14.8
"72" "69" 2005-04-01 26.78 "DAL" "@" "PHI" "W" 17 1 34.55 0.626 0.441 3.2 17.6 10.7 24.4 3.1 2.3 7.9 34.5 130 88 25.1 15
"73" "70" 2005-04-03 26.79 "DAL" "@" "CLE" "L" -20 1 40.1666666666667 0.528 0.5 2.4 14.7 8.6 19.6 0 3.5 9.1 25.7 100 110 14.1 6.6
"74" "71" 2005-04-05 26.79 "DAL" "" "ORL" "W" 9 1 29.4666666666667 0.733 0.731 4.5 34.8 19.9 17.9 1.8 2.5 17.3 27.3 122 110 17 6.8
"75" "72" 2005-04-07 26.8 "DAL" "" "SAS" "W" 36 1 26.55 0.542 0.462 4.4 27.1 16.5 0 2 2.7 0 24.4 131 72 13.8 8.2
"76" "73" 2005-04-09 26.81 "DAL" "" "UTA" "W" 7 1 40.05 0.633 0.567 6.3 23.3 14.6 32.6 0 10.2 9.5 25 130 93 23.2 14.9
"77" "74" 2005-04-11 26.81 "DAL" "" "MEM" "W" 21 1 33.35 0.591 0.462 7.9 20.5 14.6 9.7 0 6.3 5.9 24.2 142 102 17.6 8.6
"78" "75" 2005-04-13 26.82 "DAL" "@" "SEA" "W" 5 1 35.6666666666667 0.76 0.688 0 23.9 12.4 12.5 1.6 0 8.9 32.5 141 107 24.7 14.2
"79" "" 2005-04-14 26.82 "DAL" "@" "POR" "W" 12 NA NA NA NA NA NA NA NA NA NA NA NA NA NA NA NA
"80" "76" 2005-04-17 26.83 "DAL" "@" "LAL" "W" 2 1 39.1333333333333 0.626 0.462 7.7 16.8 13 12.5 5.2 4.4 13.5 25.7 124 108 22.6 5.2
"81" "77" 2005-04-19 26.83 "DAL" "" "SEA" "W" 5 1 32.7666666666667 0.733 0.692 3.5 3.9 3.7 16.2 0 2.8 6.5 21.7 142 119 17.5 6.1
"82" "78" 2005-04-20 26.84 "DAL" "@" "MEM" "W" 20 1 25.6 0.491 0.273 11.9 29.1 21.4 28.4 2.2 0 5.8 32.1 128 102 14.6 5.6
"1" "1" 2005-11-01 27.37 "DAL" "@" "PHO" "W" 3 1 48.6833333333333 0.603 0.571 2.2 32.7 16.9 11.9 1.1 3.2 17.7 26.4 106 92 20.1 8
"2" "2" 2005-11-02 27.37 "DAL" "@" "UTA" "L" -11 1 36.2 0.407 0.324 2.6 15.4 8.5 0 1.5 6.2 4.8 25.9 91 103 9.2 0.7
"3" "3" 2005-11-05 27.38 "DAL" "" "SAS" "W" 19 1 42.35 0.751 0.7 0 23.9 11.8 8.9 0 1.8 0 25.5 165 101 28.9 16.4
"4" "4" 2005-11-09 27.39 "DAL" "@" "PHI" "L" -15 1 17.1666666666667 0.686 0.625 0 15.1 7.1 12.1 0 0 0 27.1 147 126 10.1 6.8
"5" "5" 2005-11-11 27.4 "DAL" "@" "CHA" "W" 10 1 40.2666666666667 0.475 0.432 3.3 39.7 23.5 20.5 2.6 0 11 31.1 98 88 17 4.9
"6" "6" 2005-11-12 27.4 "DAL" "@" "NOK" "W" 6 1 34.3166666666667 0.683 0.639 0 20.7 8.6 5.5 0 0 4.4 32.7 137 123 20.3 7.9
"7" "7" 2005-11-15 27.41 "DAL" "" "DEN" "W" 3 1 43.2666666666667 0.633 0.58 0 15.8 8.8 0 1.3 4.4 9.8 33.3 117 90 24.5 12.6
"8" "8" 2005-11-17 27.41 "DAL" "" "ATL" "W" 9 1 38.6666666666667 0.448 0.405 11.3 24.8 18.1 5.6 0 1.9 8.2 28.2 102 89 11.8 1
"9" "9" 2005-11-19 27.42 "DAL" "" "DET" "W" 37 1 31.6833333333333 0.56 0.471 10.4 20.7 16.6 9.2 0 2.2 4.6 32.3 141 99 18.2 5.6
"10" "10" 2005-11-22 27.43 "DAL" "" "HOU" "W" 9 1 40.4666666666667 0.702 0.658 2.8 19.8 10.5 11.3 0 2.2 4.3 27.4 149 116 24.1 11.2
"11" "11" 2005-11-25 27.44 "DAL" "@" "MIA" "W" 13 1 39.65 0.617 0.563 0 22 12.9 4.2 0 0 5.1 24.1 125 102 15.5 4.4
"12" "12" 2005-11-26 27.44 "DAL" "" "MEM" "L" -20 1 33.4333333333333 0.553 0.475 9.6 26.1 16.6 15.9 0 0 7.6 36.7 122 130 17.5 3.7
"13" "13" 2005-11-28 27.44 "DAL" "@" "TOR" "W" 2 1 40.4333333333333 0.485 0.466 2.5 29.7 14.8 24 1.4 0 0 34.9 114 104 21.3 10.2
"14" "14" 2005-11-29 27.45 "DAL" "@" "MIL" "L" -2 1 45.8833333333333 0.359 0.25 0 34.7 16.7 6.4 1.2 3.3 10.7 29.5 76 110 8.2 -6.6
"15" "15" 2005-12-01 27.45 "DAL" "" "SAS" "L" -2 1 41.6166666666667 0.424 0.269 2.3 23.1 11.4 25.1 0 0 0 18.6 111 107 11.4 3.5
"16" "16" 2005-12-03 27.46 "DAL" "" "NOK" "W" 9 1 31.7333333333333 0.716 0.647 4.3 26.5 16.1 7.2 1.7 0 0 31.6 156 99 25 16.7
"17" "17" 2005-12-05 27.46 "DAL" "@" "CHI" "W" 8 1 39.2166666666667 0.571 0.518 0 18.8 9.7 5.6 2.8 0 3.2 36.2 125 107 24.1 5.7
"18" "18" 2005-12-06 27.47 "DAL" "@" "IND" "W" 9 1 36.3833333333333 0.675 0.605 0 33 18.4 15.1 0 7.5 14.8 36.8 118 79 23.7 16.5
"19" "19" 2005-12-09 27.47 "DAL" "@" "MEM" "W" 7 1 38.4333333333333 0.531 0.466 3.3 20 12.8 7.4 1.5 0 10.8 44.7 107 94 17.9 4.5
"20" "20" 2005-12-10 27.48 "DAL" "" "BOS" "W" 9 1 38.1666666666667 0.492 0.35 0 33.3 15.7 20.8 1.5 2 3.9 33.3 114 110 18.2 1.1
"21" "21" 2005-12-12 27.48 "DAL" "" "LAL" "L" -3 1 41.95 0.534 0.45 2.7 40 20.9 9.7 0 1.8 13.7 32.7 108 122 16.8 -1.3
"22" "22" 2005-12-14 27.49 "DAL" "" "PHO" "W" 6 1 43.6833333333333 0.544 0.5 13.2 16 14.6 11.9 1.1 4.6 3.6 27.3 125 98 26.3 12.2
"23" "23" 2005-12-16 27.49 "DAL" "" "ORL" "W" 6 1 43.25 0.688 0.632 6.8 15.3 11.3 22.4 2.6 1.7 11.8 29.1 132 106 27.8 12.7
"24" "24" 2005-12-18 27.5 "DAL" "" "MIN" "W" 7 1 37.3833333333333 0.51 0.406 0 18.3 10.7 8.8 2.8 6.8 9.7 26.8 98 94 16.1 5.9
"25" "25" 2005-12-20 27.5 "DAL" "@" "LAL" "L" -22 1 27.3666666666667 0.455 0.444 13.2 38.4 22.7 26.4 0 3.2 4.8 31.1 104 112 13.3 7.2
"26" "26" 2005-12-22 27.51 "DAL" "@" "SAC" "W" 10 1 40.3166666666667 0.686 0.63 3.1 24.4 14.5 22.3 1.3 0 3.6 31.7 144 103 31.9 15.7
"27" "27" 2005-12-23 27.51 "DAL" "@" "SEA" "W" 3 1 39.8 0.639 0.475 3.1 32.2 18.7 38.1 1.4 0 3.6 32.7 141 102 32.4 18
"28" "28" 2005-12-26 27.52 "DAL" "" "IND" "W" 22 1 34.15 0.552 0.375 3.7 3.4 3.6 19.7 0 2.3 0 28.4 151 105 17.5 8.4
"29" "29" 2005-12-30 27.53 "DAL" "" "GSW" "L" -2 1 35.4833333333333 0.721 0.643 3.4 27.1 15.2 9.3 1.5 0 23.1 28.5 115 121 17.1 1
"30" "30" 2005-12-31 27.53 "DAL" "@" "NOK" "W" 5 1 44.55 0.501 0.375 5.7 22.7 14.2 19.6 1.3 1.7 0 25.7 127 105 21.8 9.2
"31" "31" 2006-01-03 27.54 "DAL" "" "POR" "W" 14 1 36.5666666666667 0.762 0.75 0 19.8 11.4 11 0 1.7 0 18.6 161 94 19.9 11.9
"32" "32" 2006-01-04 27.55 "DAL" "@" "MIN" "L" -13 1 37.7166666666667 0.531 0.447 2.8 23.1 11.3 13.5 1.6 0 18.8 33.4 101 113 11.2 3.6
"33" "33" 2006-01-06 27.55 "DAL" "@" "DEN" "W" 2 1 42.6 0.618 0.5 6.4 21.6 14.6 19.4 0 11.6 8.4 25.6 135 105 27.7 15.1
"34" "34" 2006-01-07 27.55 "DAL" "" "MIN" "W" 4 1 39.0666666666667 0.465 0.375 4.8 19.8 10.5 12.2 1.4 4.7 0 31.1 118 91 17.5 11.9
"35" "35" 2006-01-09 27.56 "DAL" "@" "BOS" "W" 2 1 32.7833333333333 0.624 0.594 4 20.9 13 24.6 1.7 0 4.6 30.9 134 117 19.8 8.3
"36" "36" 2006-01-11 27.56 "DAL" "@" "NYK" "L" -2 1 44.2333333333333 0.576 0.538 6.7 10.9 9.2 11.8 0 2.9 9.8 33.5 116 125 20.8 2.2
"37" "37" 2006-01-14 27.57 "DAL" "" "NJN" "W" 33 1 27.2666666666667 0.606 0.545 0 13.2 7 17.9 1.9 0 13.2 26.1 114 89 11.5 1.5
"38" "38" 2006-01-16 27.58 "DAL" "" "MIL" "W" 19 1 37.7 0.74 0.714 0 15.4 7 23 1.4 4.8 11.3 32.7 138 105 28.1 14.4
"39" "39" 2006-01-18 27.58 "DAL" "@" "HOU" "W" 27 1 26.6 0.895 0.857 0 19 10.8 0 2.2 0 5.8 32.1 165 93 23.6 20.4
"40" "40" 2006-01-20 27.59 "DAL" "@" "LAC" "W" 20 1 40.9 0.56 0.5 6.2 27.1 16.8 12.4 2.8 1.7 11.5 30.1 115 91 20.4 8.7
"41" "41" 2006-01-22 27.59 "DAL" "@" "POR" "W" 6 1 45.3166666666667 0.489 0.425 4.9 7.3 6.1 9.9 2.7 1.6 7.8 28 105 103 15.4 3.7
"42" "42" 2006-01-25 27.6 "DAL" "@" "GSW" "W" 9 1 35.85 0.455 0.417 0 16.4 8.3 19.4 0 2.3 4.8 25.7 104 106 11.3 2.3
"43" "43" 2006-01-26 27.61 "DAL" "@" "SEA" "W" 7 1 41.35 0.54 0.432 10.1 23.2 16.2 13.5 0 0 6.9 32.8 124 119 20.5 2.2
"44" "44" 2006-01-28 27.61 "DAL" "" "UTA" "W" 14 1 31.8 0.911 0.813 5.6 15.5 11.4 0 1.9 5.6 0 18.5 198 107 20.9 13.7
"45" "45" 2006-01-31 27.62 "DAL" "" "CHI" "W" 4 1 36.8 0.691 0.615 0 17.6 10 6.3 0 0 16.5 22.9 115 107 13.7 1.8
"46" "46" 2006-02-01 27.62 "DAL" "@" "MEM" "W" 1 1 37.1833333333333 0.455 0.389 3.1 32.3 18.2 6.2 0 2.3 16.8 32.2 83 94 9.2 -1.6
"47" "47" 2006-02-04 27.63 "DAL" "" "SEA" "W" 19 1 37.0166666666667 0.428 0.421 5.6 19 11.9 15.9 0 0 13.1 26.4 93 102 8.7 -3.9
"48" "48" 2006-02-07 27.64 "DAL" "" "LAL" "W" 15 1 36.8166666666667 0.637 0.531 7 29 19.1 11.1 0 0 12.8 30.1 126 101 19.6 6.1
"49" "49" 2006-02-09 27.64 "DAL" "" "MIA" "W" 36 1 31.35 0.76 0.75 0 19.1 9.6 5.4 0 5.4 0 27.8 154 88 22.3 13.6
"50" "50" 2006-02-10 27.65 "DAL" "@" "DEN" "L" -9 1 37.2166666666667 0.591 0.5 3.9 26.6 15.4 19.4 0 0 27.2 25.5 98 116 11.8 -2.6
"51" "51" 2006-02-13 27.65 "DAL" "" "NYK" "W" 28 1 28.9 0.624 0.417 4.6 21.7 14.2 16.1 2 0 0 27.9 146 83 19.1 11.4
"52" "52" 2006-02-15 27.66 "DAL" "" "WAS" "W" 6 1 37.3166666666667 0.679 0.607 6.1 14 10.2 17.9 0 0 14 25.8 130 110 19.9 8.4
"53" "53" 2006-02-21 27.68 "DAL" "" "LAC" "W" 2 1 36.2166666666667 0.44 0.389 3.2 28.4 15.8 11.2 1.4 2.1 9.4 25.7 92 94 10.5 1.1
"54" "54" 2006-02-23 27.68 "DAL" "" "MEM" "W" 10 1 39.85 0.615 0.565 0 18.1 9.4 20.5 1.5 7.9 3.8 33.5 133 104 26.7 17.1
"55" "55" 2006-02-25 27.69 "DAL" "" "TOR" "W" 2 1 42.45 0.613 0.587 7.3 28.5 16 15.1 2.7 9.6 10.3 32.1 121 109 27.1 11.3
"56" "56" 2006-02-27 27.69 "DAL" "" "PHI" "W" 12 1 33.3333333333333 0.693 0.625 11.4 41.1 25.6 14.3 0 0 4.2 33.7 149 109 27.9 17.4
"57" "57" 2006-03-02 27.7 "DAL" "@" "SAS" "L" -9 1 37.2666666666667 0.593 0.433 10.2 27.8 18.9 5.3 0 2.2 9.3 26.3 128 114 17.6 8.5
"58" "58" 2006-03-03 27.7 "DAL" "" "CHA" "W" 14 1 38.0833333333333 0.634 0.559 0 22.2 12.1 15.3 1.4 0 8.9 26.5 131 83 19.5 12
"59" "59" 2006-03-05 27.71 "DAL" "" "PHO" "L" -8 1 42.3666666666667 0.56 0.524 2.8 25.9 13.6 17.4 0 1.9 11.8 27.4 111 125 18.6 2.1
"60" "60" 2006-03-07 27.72 "DAL" "" "POR" "W" 6 1 38.6333333333333 0.616 0.467 3 29.4 15.7 24.5 1.4 0 4.7 26.7 134 98 22.3 9
"61" "61" 2006-03-09 27.72 "DAL" "@" "POR" "W" 17 1 37.7666666666667 0.659 0.5 6.1 33.6 23.1 14.8 1.6 2.1 3.8 36.6 142 108 28.6 10.9
"62" "62" 2006-03-11 27.73 "DAL" "@" "UTA" "W" 3 1 42.5333333333333 0.635 0.64 3.2 22 13.4 31 2.6 3.6 10.1 35.7 118 97 27.1 16.9
"63" "63" 2006-03-12 27.73 "DAL" "@" "SAC" "L" -5 1 42.3833333333333 0.456 0.42 7.4 27 16.7 27.4 0 1.7 0 28.7 111 98 19 10.6
"64" "64" 2006-03-14 27.73 "DAL" "" "CLE" "W" 4 1 44.7833333333333 0.497 0.446 2.2 29.2 15.1 27.8 0 3 3.2 32.4 112 97 24.1 13.1
"65" "65" 2006-03-15 27.74 "DAL" "@" "HOU" "W" 14 1 40.1333333333333 0.638 0.55 3.4 32.3 18.3 14.3 1.5 6.9 4.1 31.9 133 92 27.5 15.2
"66" "66" 2006-03-17 27.74 "DAL" "@" "WAS" "W" 10 1 43.2166666666667 0.59 0.526 6.2 27.8 18 7.7 0 4.4 12.4 26.7 124 109 20.5 2.3
"67" "67" 2006-03-19 27.75 "DAL" "@" "NJN" "L" -11 1 40.9666666666667 0.604 0.554 3.3 19.1 11.9 25.9 1.3 0 6.1 37 123 114 25.7 12.7
"68" "68" 2006-03-21 27.75 "DAL" "" "HOU" "W" 16 1 36.4666666666667 0.561 0.5 6 7.7 6.8 7.8 3.3 0 10.7 37.8 112 93 17.8 8.7
"69" "69" 2006-03-23 27.76 "DAL" "" "GSW" "L" -1 1 40.8333333333333 0.81 0.729 11.8 15.7 14.1 27.7 2.4 1.7 13.7 38.7 150 121 44.1 17.3
"70" "70" 2006-03-25 27.76 "DAL" "@" "ATL" "W" 15 1 41.2 0.515 0.458 3 27.4 16.8 10.1 0 0 0 31 113 91 19.5 3.7
"71" "71" 2006-03-28 27.77 "DAL" "@" "DET" "L" -7 1 43.25 0.479 0.391 7.2 22.7 16.3 4.4 0 1.6 13.3 36.7 95 119 14 -3.9
"72" "72" 2006-03-29 27.78 "DAL" "@" "CLE" "L" -13 1 38.6166666666667 0.623 0.556 4 12.4 8.8 20.9 3.1 0 7.9 33.1 132 131 22 9.7
"73" "73" 2006-03-31 27.78 "DAL" "@" "ORL" "L" -9 1 43.6 0.632 0.611 11.3 43.3 24.6 22.6 0 1.9 9.1 35 123 119 30.1 11.9
"74" "74" 2006-04-02 27.79 "DAL" "" "DEN" "W" 24 1 40.95 0.666 0.579 11.3 25.7 19.5 18.5 1.3 0 8.2 28.2 141 87 26.9 13.5
"75" "75" 2006-04-04 27.79 "DAL" "" "SAC" "W" 26 1 31.1333333333333 0.738 0.676 5.1 23.1 15.4 9.6 0 2.6 9.2 31.4 151 114 23.7 9.7
"76" "76" 2006-04-07 27.8 "DAL" "@" "SAS" "W" 6 1 41.95 0.545 0.479 0 26 15.5 9.8 0 3.7 0 35.5 115 100 22.6 8.4
"77" "77" 2006-04-08 27.8 "DAL" "" "NOK" "W" 24 1 28.9833333333333 0.644 0.542 9.2 23.7 17 28.5 3.9 2.4 6.1 26.8 149 83 21.2 18.3
"78" "78" 2006-04-10 27.81 "DAL" "@" "LAC" "W" 2 1 41.0166666666667 0.444 0.316 8.4 29.3 19.1 11.2 1.5 0 15.1 32.4 92 87 12.1 3
"79" "79" 2006-04-12 27.81 "DAL" "@" "GSW" "L" -12 1 35.5 0.588 0.545 6 28.5 16.3 23.4 5.7 0 3.9 31 128 110 26.4 15.7
"80" "80" 2006-04-13 27.82 "DAL" "@" "PHO" "L" -13 1 41 0.636 0.522 14.9 14.6 14.8 9.8 0 2 9.6 31.9 136 130 28.7 8.9
"81" "81" 2006-04-16 27.82 "DAL" "" "UTA" "W" 16 1 36.2333333333333 0.574 0.308 3.5 22.1 12.5 22.4 0 0 9.5 26.4 138 113 17.4 2.7
"82" "" 2006-04-19 27.83 "DAL" "" "LAC" "L" -14 NA NA NA NA NA NA NA NA NA NA NA NA NA NA NA NA
"1" "1" 2006-11-02 28.37 "DAL" "" "SAS" "L" -6 1 32.8 0.503 0.5 6.5 39.9 20.6 5.9 1.6 2.5 4.6 30.2 108 104 13.7 8.2
"2" "2" 2006-11-04 28.38 "DAL" "@" "HOU" "L" -31 1 33.95 0.621 0.583 3.6 14.1 8.2 9.5 0 0 9.4 30 119 125 14.9 8.9
"3" "3" 2006-11-06 28.38 "DAL" "" "GSW" "L" -3 1 43.15 0.851 0.75 2.7 30.1 15.7 22.1 1.2 0 16.4 19.4 153 116 26.5 10.1
"4" "4" 2006-11-08 28.39 "DAL" "@" "LAC" "L" -18 1 42.7833333333333 0.412 0.35 2.5 30.1 15.7 18.6 0 3 11.5 27.9 84 110 11.4 0.8
"5" "5" 2006-11-09 28.39 "DAL" "@" "PHO" "W" 7 1 43.4166666666667 0.721 0.605 0 25.8 12.5 15.9 1.2 0 14.1 29.1 142 125 26.8 6.7
"6" "6" 2006-11-12 28.4 "DAL" "@" "POR" "W" 7 1 39.65 0.651 0.563 4.5 31.1 19.5 12.8 0 2 0 25.9 152 112 23 8.7
"7" "7" 2006-11-14 28.41 "DAL" "" "CHI" "W" 12 1 37.7833333333333 0.65 0.526 0 24.9 14.8 4.7 0 1.7 7.7 33 131 107 23.3 5.5
"8" "8" 2006-11-17 28.41 "DAL" "@" "MEM" "W" 12 1 37.65 0.558 0.444 2.9 33.7 16.3 21.2 1.4 3.6 0 27.7 136 109 23.5 11
"9" "9" 2006-11-18 28.42 "DAL" "" "MEM" "W" 5 1 35.4333333333333 0.619 0.467 4.8 31.3 22 12.6 0 0 20.5 34.6 106 93 15.4 0
"10" "10" 2006-11-20 28.42 "DAL" "@" "CHA" "W" 8 1 40.6 0.622 0.5 5.1 36.4 19.5 19.9 0 3.9 4.9 21.9 138 93 23.2 12.4
"11" "11" 2006-11-21 28.42 "DAL" "" "WAS" "W" 27 1 38.1166666666667 0.693 0.632 11.7 24.6 17.6 25 1.4 4.2 12.2 26.9 140 82 29.8 20.4
"12" "12" 2006-11-24 28.43 "DAL" "@" "SAS" "W" 3 1 38.25 0.605 0.543 0 29.9 16.5 16.4 1.4 0 3.8 32.9 126 100 23.6 11
"13" "13" 2006-11-25 28.44 "DAL" "" "NOK" "W" 12 1 30.5833333333333 0.847 0.808 3.7 24.1 14.9 15.2 1.7 4.6 15.4 30 138 72 24.1 21.4
"14" "14" 2006-11-27 28.44 "DAL" "" "MIN" "W" 6 1 37.0166666666667 0.584 0.25 0 15.4 8.9 12.4 1.5 3.5 18.9 21 115 101 12.8 3.5
"15" "15" 2006-11-29 28.45 "DAL" "" "TOR" "W" 19 1 10.2333333333333 0.75 0.75 0 61.2 33.9 15.2 0 0 0 18.4 158 101 6.9 12.4
"16" "16" 2006-12-01 28.45 "DAL" "" "SAC" "W" 19 1 27.4 0.464 0.267 0 38.1 20.1 11.7 1.8 0 9.3 35.4 96 90 11.3 -4.3
"17" "17" 2006-12-04 28.46 "DAL" "@" "WAS" "L" -9 1 37.4333333333333 0.574 0.5 13.4 11.7 12.5 18.5 1.4 0 7.8 32.2 121 120 21.6 8.9
"18" "18" 2006-12-05 28.46 "DAL" "@" "NJN" "W" 17 1 40.2333333333333 0.535 0.421 5.5 27.9 17.2 21.3 0 1.9 7.6 31.2 112 86 19.7 6.8
"19" "19" 2006-12-07 28.47 "DAL" "" "DET" "L" -10 1 39.85 0.747 0.633 3.1 23.5 13.6 17.9 2.8 1.9 17.1 28.9 129 101 25.2 16.1
"20" "20" 2006-12-09 28.47 "DAL" "" "DEN" "W" 15 1 44.8166666666667 0.644 0.533 2.7 16.5 10.5 16.5 1.1 0 20.5 22.8 121 96 18.3 5
"21" "21" 2006-12-11 28.48 "DAL" "@" "UTA" "L" -22 1 36.4166666666667 0.556 0.5 9.9 33 19.4 9.3 0 3.7 17.6 38.6 97 112 16 5.4
"22" "22" 2006-12-13 28.48 "DAL" "" "LAL" "W" 9 1 41.1166666666667 0.625 0.571 13.5 29.2 23.3 31.5 2.6 2.2 14 25.4 129 105 25.1 9.7
"23" "23" 2006-12-15 28.49 "DAL" "" "PHI" "W" 14 1 37.7666666666667 0.424 0.357 3.9 3.4 3.6 23 0 0 16.4 24.9 89 102 6.7 -4.3
"24" "24" 2006-12-16 28.49 "DAL" "@" "NOK" "W" 11 1 40.7333333333333 0.479 0.475 5.2 21.4 13.2 22.3 0 0 8.7 26.7 101 92 14.1 5.3
"25" "25" 2006-12-18 28.5 "DAL" "@" "SAC" "W" 18 1 36.8833333333333 0.755 0.735 4.2 31.2 20.9 9.9 1.5 1.7 9.4 28 139 93 26.1 12.5
"26" "26" 2006-12-20 28.5 "DAL" "@" "SEA" "W" 8 1 9.91666666666667 0.436 0.333 0 42.7 21.7 38.2 0 0 12.7 36.3 105 108 3.5 -3
"27" "27" 2006-12-22 28.51 "DAL" "" "LAC" "W" 32 1 26.75 0.613 0.567 9.2 47.2 28 24.4 2 0 10.9 32.5 125 90 18.1 12.6
"28" "28" 2006-12-26 28.52 "DAL" "" "CHA" "W" 13 1 35.8 0.669 0.6 3.7 16.1 10.9 0 1.5 0 5.5 24.3 132 95 17.4 5.5
"29" "29" 2006-12-28 28.53 "DAL" "" "PHO" "W" 2 1 40.9 0.543 0.425 7.5 26.5 15 13.7 1.2 0 7.5 27.2 119 106 20.3 6.5
"30" "30" 2006-12-30 28.53 "DAL" "" "NOK" "W" 14 1 32.0833333333333 0.525 0.429 0 15 7.4 23 0 2.5 15.6 29.1 95 93 10.1 0.4
"31" "" 2006-12-31 28.53 "DAL" "@" "DEN" "W" 4 NA NA NA NA NA NA NA NA NA NA NA NA NA NA NA NA
"32" "31" 2007-01-02 28.54 "DAL" "" "SEA" "W" 24 1 33.5166666666667 0.679 0.583 20 28.6 24.4 13.9 0 0 0 30.9 169 108 30.3 19.7
"33" "32" 2007-01-04 28.55 "DAL" "" "IND" "W" 9 1 35.45 0.533 0.471 3 18.9 10.8 15 0 2 5.1 25.6 115 102 15.2 5
"34" "33" 2007-01-05 28.55 "DAL" "@" "SAS" "W" 5 1 41.4833333333333 0.702 0.652 0 23.7 12.5 12.3 2.8 0 13.5 35.8 125 99 25.3 15.3
"35" "34" 2007-01-07 28.55 "DAL" "@" "LAL" "L" -3 1 39.5 0.527 0.438 2.6 50.3 20.8 14.1 1.3 2.1 6.8 33.1 113 111 21.1 7.5
"36" "35" 2007-01-09 28.56 "DAL" "@" "UTA" "W" 3 1 39.9166666666667 0.772 0.694 0 26.3 13.8 10.7 1.3 0 10.9 31.2 146 109 29.3 12.8
"37" "36" 2007-01-10 28.56 "DAL" "" "POR" "W" 25 1 25.65 0.637 0.5 11.3 8.5 9.7 31.8 2.3 0 18.8 21.9 131 94 12.1 8.5
"38" "37" 2007-01-12 28.57 "DAL" "@" "IND" "W" 2 1 44.2333333333333 0.674 0.583 7.8 22 15.1 11.2 0 0 8.6 35.8 137 117 33 13.3
"39" "38" 2007-01-14 28.57 "DAL" "@" "TOR" "W" 1 1 46.4166666666667 0.559 0.517 4.7 30 15.2 25.2 2.3 5.4 2.9 34 126 103 32.1 17
"40" "39" 2007-01-16 28.58 "DAL" "" "HOU" "W" 13 1 39.15 0.641 0.526 3.1 29.8 16.1 24.5 1.4 0 4.1 28.9 149 111 27.9 15.2
"41" "40" 2007-01-18 28.58 "DAL" "" "LAL" "W" 19 1 36.9 0.699 0.667 10.5 20.7 16.1 11.6 1.4 2.2 9.4 24.4 149 103 24.8 11.8
"42" "41" 2007-01-21 28.59 "DAL" "@" "MIA" "W" 6 1 41.2666666666667 0.452 0.435 7.9 23.9 15.4 4 0 1.9 3.9 27.7 102 107 13.6 1
"43" "42" 2007-01-23 28.6 "DAL" "@" "ORL" "W" 16 1 39.0833333333333 0.771 0.706 0 32.3 18.6 34.8 0 0 4.5 29.6 157 112 31.9 16.4
"44" "43" 2007-01-25 28.6 "DAL" "@" "CHI" "L" -11 1 40.95 0.505 0.364 10.1 15.3 12.4 5.6 0 3.2 3.5 30.3 118 112 20.6 9.4
"45" "44" 2007-01-27 28.61 "DAL" "" "SAC" "W" 2 1 39.65 0.743 0.667 6.5 30.3 18.2 22.7 0 0 4.4 26.8 154 117 29.2 13.5
"46" "45" 2007-01-30 28.62 "DAL" "" "SEA" "W" 20 1 30.75 0.457 0.25 4.3 18.2 11.9 4.2 1.8 2.1 5.7 27.4 104 114 10.6 -8.5
"47" "46" 2007-01-31 28.62 "DAL" "@" "MEM" "W" 1 1 35.3 0.533 0.4 0 41.5 19.7 5.9 0 4.9 10.9 36.5 106 101 16.4 2.8
"48" "47" 2007-02-03 28.63 "DAL" "" "MIN" "W" 1 1 35.2666666666667 0.527 0.393 0 16.6 8 10.8 0 2.2 0 22.8 130 113 13.4 3.7
"49" "48" 2007-02-07 28.64 "DAL" "" "MEM" "W" 16 1 37.55 0.793 0.75 11.4 19.7 15.2 33.2 4.2 8.4 0 28 172 98 42.6 29.8
"50" "49" 2007-02-09 28.64 "DAL" "" "HOU" "W" 21 1 32.5166666666667 0.504 0.5 0 22.7 12.4 11.5 3.5 0 11.8 24.7 95 80 9.8 1.7
"51" "50" 2007-02-11 28.65 "DAL" "@" "PHI" "W" 17 1 39.0166666666667 0.569 0.528 6.5 24.6 16.3 30.8 4.1 0 4.5 28.5 124 93 24.4 10.6
"52" "51" 2007-02-13 28.65 "DAL" "@" "MIL" "W" 6 1 42.5666666666667 0.62 0.571 8.7 21.5 15.3 44.9 2.6 0 6.1 37.3 134 103 33.3 17.7
"53" "52" 2007-02-15 28.66 "DAL" "@" "HOU" "W" 3 1 40.6666666666667 0.591 0.591 0 23.6 11.8 7.5 1.4 4.4 12 30.9 105 87 16.7 10.4
"54" "53" 2007-02-22 28.68 "DAL" "" "MIA" "W" 12 1 37.5666666666667 0.74 0.647 11.6 21.3 17.4 30.7 1.4 4.1 12.5 30.3 142 103 30.8 15.4
"55" "54" 2007-02-24 28.68 "DAL" "" "DEN" "W" 20 1 34.4 0.587 0.477 6.5 31.4 18.5 36 0 2.1 13.2 36.2 119 94 25.2 11.9
"56" "55" 2007-02-26 28.69 "DAL" "" "ATL" "W" 23 1 37.4166666666667 0.687 0.618 7.3 22.6 14.9 0 1.5 6.1 4.8 26.7 142 98 23.2 10.1
"57" "56" 2007-02-27 28.69 "DAL" "@" "MIN" "W" 26 1 38.2166666666667 0.624 0.611 14.6 22.6 18.9 15.4 0 1.9 9.8 25.3 129 74 21 13.1
"58" "57" 2007-03-01 28.7 "DAL" "" "CLE" "W" 3 1 39.1166666666667 0.555 0.474 6 26.9 16.5 31.9 0 0 8.5 28.3 121 104 20.1 8.5
"59" "58" 2007-03-03 28.7 "DAL" "" "ORL" "W" 5 1 36.9666666666667 0.621 0.611 4.3 29.7 18 36.3 1.6 4.1 4.9 29.1 130 114 24 13.5
"60" "59" 2007-03-06 28.71 "DAL" "" "NJN" "W" 13 1 40.1166666666667 0.56 0.471 9.4 22.8 16.5 19.7 0 4.1 16.9 27.7 111 100 17.9 5.5
"61" "60" 2007-03-11 28.73 "DAL" "@" "LAL" "W" 36 1 29.2833333333333 0.591 0.462 4.7 14.9 10.4 11.6 1.8 3.2 11.1 28.7 120 81 14.9 6.4
"62" "61" 2007-03-12 28.73 "DAL" "@" "GSW" "L" -17 1 28.25 0.434 0.273 11.9 29.1 19.6 24.4 1.8 0 31.9 32.1 81 122 4.8 -9.7
"63" "62" 2007-03-14 28.73 "DAL" "" "PHO" "L" -2 1 56.7833333333333 0.451 0.393 7.6 31.4 17.6 17.1 0 1.4 8.3 27.3 116 121 20.7 2.5
"64" "63" 2007-03-16 28.74 "DAL" "" "BOS" "W" 5 1 36.9166666666667 0.632 0.5 12.2 27.2 20.8 20.6 0 4.5 7.8 33.3 133 110 26 9.9
"65" "64" 2007-03-18 28.75 "DAL" "@" "DET" "W" 4 1 43.3166666666667 0.631 0.6 7.6 27 19 11.2 0 1.7 8.3 29.2 124 102 21.3 9.1
"66" "65" 2007-03-20 28.75 "DAL" "@" "NYK" "W" 15 1 35.4333333333333 0.735 0.7 5.2 10 8.5 6.6 0 2.2 10.9 27.6 130 96 17.6 9.1
"67" "66" 2007-03-21 28.75 "DAL" "@" "CLE" "W" 8 1 44.3166666666667 0.454 0.417 0 21.2 12.5 23.8 1.2 1.6 13.6 31.9 84 95 13.2 1.8
"68" "67" 2007-03-23 28.76 "DAL" "@" "BOS" "W" 14 1 29.4833333333333 0.63 0.6 0 13.9 8.7 15.8 0 0 0 27.4 135 115 15.2 5
"69" "68" 2007-03-25 28.76 "DAL" "@" "ATL" "W" 7 1 41.1833333333333 0.682 0.618 3.4 8.1 6.1 9.6 0 0 4.6 25.8 133 112 20.1 3.4
"70" "69" 2007-03-27 28.77 "DAL" "@" "NOK" "W" 16 1 23.4333333333333 0.759 0.778 0 15 8.4 6.9 2.4 0 23.3 27 111 104 9.5 0.8
"71" "70" 2007-03-28 28.77 "DAL" "" "MIL" "W" 2 1 15.9 0.751 0.7 6.4 31.8 17.8 14.5 0 4.4 0 31.6 154 106 15.7 24.3
"72" "71" 2007-03-30 28.78 "DAL" "" "NYK" "W" 2 1 33.25 0.612 0.524 3.1 8.2 5.3 18.6 1.5 0 7.5 34.4 125 112 20.2 7.3
"73" "72" 2007-04-01 28.78 "DAL" "@" "PHO" "L" -22 1 38.9 0.478 0.333 12 12.3 12.1 25.9 0 0 4.4 28.7 124 150 16.2 0.4
"74" "" 2007-04-03 28.79 "DAL" "@" "SAC" "W" 4 NA NA NA NA NA NA NA NA NA NA NA NA NA NA NA NA
"75" "73" 2007-04-06 28.8 "DAL" "@" "DEN" "L" -4 1 36.1666666666667 0.452 0.413 0 32.4 15.2 29.4 0 1.9 19.8 38.8 77 82 9.1 4.7
"76" "74" 2007-04-07 28.8 "DAL" "" "POR" "W" 12 1 26.3833333333333 0.468 0.4 0 15.5 9.1 13.6 0 2.9 20.3 27.6 83 87 5.1 -4.7
"77" "75" 2007-04-09 28.81 "DAL" "" "LAC" "W" 10 1 40.3833333333333 0.617 0.556 3.8 16.5 10.6 5.6 1.5 0 12.5 31.2 114 108 17.9 1.3
"78" "" 2007-04-11 28.81 "DAL" "@" "MIN" "W" 17 NA NA NA NA NA NA NA NA NA NA NA NA NA NA NA NA
"79" "76" 2007-04-13 28.82 "DAL" "" "UTA" "L" -15 1 29.7666666666667 0.836 0.792 0 19 8.5 0 1.9 0 12.7 27.1 137 121 17.6 8.1
"80" "77" 2007-04-15 28.82 "DAL" "" "SAS" "W" 5 1 36.9833333333333 0.5 0.5 6.5 7 6.7 24.7 2.9 0 8.7 29.6 100 97 13.9 7.7
"81" "" 2007-04-17 28.83 "DAL" "@" "GSW" "L" -29 NA NA NA NA NA NA NA NA NA NA NA NA NA NA NA NA
"82" "78" 2007-04-18 28.83 "DAL" "@" "SEA" "W" 31 1 24.5666666666667 0.733 0.636 0 27.9 14.2 33.3 0 0 0 27.2 163 90 18.9 17.2
"1" "1" 2007-10-31 29.37 "DAL" "@" "CLE" "W" 18 1 37.1833333333333 0.436 0.4 3.6 19.2 12.4 30.7 0 4 10.4 26.4 95 85 11.3 1.1
"2" "2" 2007-11-02 29.37 "DAL" "@" "ATL" "L" -7 1 38.0666666666667 0.558 0.5 0 22.4 11.2 11.3 1.4 0 10.7 35.1 102 107 17.2 3.6
"3" "3" 2007-11-03 29.38 "DAL" "" "SAC" "W" 21 1 29.8666666666667 0.88 0.818 14 9.2 11.1 36.8 0 2.6 12.8 26.2 168 121 24.7 14.1
"4" "4" 2007-11-05 29.38 "DAL" "" "HOU" "W" 9 1 33.5166666666667 0.437 0.375 8.2 21.8 15.9 27.6 3.1 0 8.4 33.6 99 102 12.8 -0.9
"5" "5" 2007-11-08 29.39 "DAL" "@" "GSW" "W" 5 1 38.6833333333333 0.567 0.467 3.1 26.4 15.7 10.8 0 1.9 9.3 24.3 116 115 16.4 1.9
"6" "6" 2007-11-10 29.39 "DAL" "@" "POR" "L" -9 1 37.7 0.384 0.308 2.6 27.5 13.3 26.6 1.4 0 6.5 18.7 94 100 8.1 1.6
"7" "7" 2007-11-13 29.4 "DAL" "" "PHI" "W" 15 1 36.7666666666667 0.585 0.536 0 32.6 16.7 37.5 2.8 5.4 0 21.9 134 79 25.7 19.2
"8" "8" 2007-11-15 29.41 "DAL" "" "SAS" "W" 13 1 37.1166666666667 0.511 0.429 8.1 16.5 13.1 21.4 1.5 8 10.7 24.3 114 101 16.1 6.1
"9" "9" 2007-11-17 29.41 "DAL" "" "MEM" "W" 3 1 32.9833333333333 0.548 0.462 10.2 20.3 15.2 9.6 1.5 0 17.3 29.7 104 108 13.8 -0.9
"10" "10" 2007-11-20 29.42 "DAL" "" "TOR" "W" 6 1 36.5333333333333 0.771 0.737 3.5 18.3 11.4 6.2 0 2.2 8.8 31.4 141 116 25 13
"11" "11" 2007-11-21 29.42 "DAL" "@" "HOU" "W" 6 1 36.9166666666667 0.495 0.5 5 38.1 19.6 0 0 2.3 5.2 23 101 98 12.3 0.1
"12" "12" 2007-11-23 29.43 "DAL" "@" "IND" "L" -4 1 42.1666666666667 0.571 0.429 2.6 24.2 13.9 20.2 0 1.6 10.2 19.9 123 113 16.9 3.6
"13" "13" 2007-11-24 29.43 "DAL" "@" "MIL" "L" -2 1 33.8833333333333 0.601 0.571 0 12.1 5.3 15.1 0 2.3 5.7 25.1 120 118 13.7 3.4
"14" "14" 2007-11-26 29.44 "DAL" "" "WAS" "L" -12 1 34.9 0.679 0.556 6.1 22.9 13.6 42.9 1.5 2.5 4.2 30.1 146 116 28.5 18.1
"15" "15" 2007-11-28 29.44 "DAL" "" "MIN" "W" 6 1 34.65 0.721 0.538 3.7 29.5 18.1 19.6 0 1.8 5.1 26 155 108 26.5 13.8
"16" "16" 2007-11-30 29.45 "DAL" "" "POR" "W" 11 1 32.6 0.356 0.333 0 7 3.6 9.9 0 4.9 16.3 27.4 68 96 1.3 -8.6
"17" "17" 2007-12-01 29.45 "DAL" "@" "NOH" "L" -4 1 35.3166666666667 0.49 0.333 3.4 16 9.9 14.3 0 0 4.9 27.7 111 122 12.6 0.5
"18" "18" 2007-12-03 29.46 "DAL" "@" "CHI" "W" 5 1 34.4166666666667 0.623 0.529 0 16.1 9.8 11.9 0 0 9.1 31.4 117 110 17.1 1.7
"19" "19" 2007-12-05 29.46 "DAL" "@" "SAS" "L" -2 1 38.9666666666667 0.533 0.409 0 27.7 15.6 9.4 0 0 22.1 22.6 88 107 7.4 -3.6
"20" "20" 2007-12-06 29.47 "DAL" "" "DEN" "L" -13 1 38.1666666666667 0.656 0.55 5.1 26.8 15.7 26.8 0 1.6 14.1 29.8 126 118 25.8 11.2
"21" "21" 2007-12-08 29.47 "DAL" "" "UTA" "W" 8 1 36.7166666666667 0.471 0.471 4.4 26.1 16.1 12.1 1.5 1.9 5.6 23.4 114 128 12.5 -4.4
"22" "22" 2007-12-10 29.48 "DAL" "@" "NYK" "W" 10 1 39.2333333333333 0.69 0.674 0 20.9 11.7 25.9 3 0 13.3 41.5 121 104 27.6 11.7
"23" "23" 2007-12-12 29.48 "DAL" "@" "TOR" "L" -16 1 35.0666666666667 0.388 0.4 5.8 24.6 14.3 31.4 0 0 10.7 26.3 87 112 8.7 1.6
"24" "24" 2007-12-14 29.49 "DAL" "" "NOH" "W" 9 1 32.3 0.359 0.25 10.9 17.8 14.7 27.8 3.5 0 23.5 19 87 87 6.9 1.2
"25" "25" 2007-12-15 29.49 "DAL" "@" "HOU" "W" 13 1 39.8 0.536 0.438 3.8 16.3 10.5 35 1.5 0 5.1 26.1 127 105 18.6 6.5
"26" "26" 2007-12-17 29.5 "DAL" "" "ORL" "W" 3 1 40.1 0.582 0.521 3.3 28.5 16.9 17.3 0 0 10.1 35.8 112 121 21.3 1.1
"27" "27" 2007-12-19 29.5 "DAL" "" "PHO" "W" 3 1 40.8666666666667 0.635 0.55 7.5 19 12.6 8.3 1.2 3.1 17 30.3 120 109 21.7 4.9
"28" "28" 2007-12-21 29.51 "DAL" "" "LAC" "W" 13 1 39.2 0.747 0.676 0 14.7 9.4 15 0 0 16.6 31.7 127 106 21.2 3.2
"29" "29" 2007-12-26 29.52 "DAL" "@" "UTA" "L" -9 1 35.45 0.503 0.5 0 31.2 15.6 25.6 1.5 2.1 20.1 32.9 84 106 10.9 2.7
"30" "30" 2007-12-27 29.52 "DAL" "" "CLE" "L" -7 1 39.9166666666667 0.463 0.353 10.5 35 23.8 6.1 0 1.7 4.6 25.7 99 87 16.7 3.1
"31" "31" 2007-12-29 29.53 "DAL" "" "ATL" "W" 13 1 39.4666666666667 0.508 0.447 2.8 24.9 13.2 27.3 2.7 3.7 12.2 29 102 88 16.9 5.5
"32" "32" 2008-01-02 29.54 "DAL" "" "GSW" "W" 22 1 38.7 0.743 0.656 3.5 17.4 11.7 23.4 0 6.6 9.3 25.6 149 107 26.5 13.4
"33" "33" 2008-01-04 29.55 "DAL" "" "MIA" "W" 5 1 36.9666666666667 0.52 0.45 3.5 34.4 18.3 5.7 2.9 6.7 4.2 31.6 103 91 19.2 7.1
"34" "34" 2008-01-06 29.55 "DAL" "@" "MIN" "W" 23 1 32.2333333333333 0.676 0.625 3.3 12.8 7.4 7.4 1.8 5.3 11.9 36.9 122 92 21.3 9.6
"35" "35" 2008-01-09 29.56 "DAL" "" "DET" "W" 16 1 34.7833333333333 0.724 0.733 0 27.6 16.3 9.8 1.7 0 11.2 26.9 129 97 18 8.8
"36" "36" 2008-01-11 29.56 "DAL" "@" "SEA" "W" 20 1 27.3 0.694 0.5 3.7 19.1 11.3 13.9 2 0 0 24.5 160 80 18.8 16.9
"37" "37" 2008-01-12 29.57 "DAL" "@" "LAC" "W" 1 1 40.9166666666667 0.511 0.444 0 24.2 11.4 19.9 0 0 8.5 28.8 107 115 13.9 0
"38" "38" 2008-01-14 29.57 "DAL" "@" "SAC" "L" -2 1 37.1666666666667 0.777 0.65 0 13.6 7.3 14.3 1.4 0 18.2 19.9 138 129 17.6 3.3
"39" "39" 2008-01-19 29.59 "DAL" "" "SEA" "W" 15 1 34.5833333333333 0.608 0.625 0 29.1 14.2 25.9 4.3 1.9 5.7 21.8 126 91 20.8 10.8
"40" "40" 2008-01-21 29.59 "DAL" "@" "WAS" "L" -18 1 38.5833333333333 0.547 0.471 3.5 31.1 18 35.5 0 3.9 9.4 26.5 119 116 18.8 9.4
"41" "41" 2008-01-23 29.6 "DAL" "@" "CHA" "W" 7 1 40.3666666666667 0.444 0.316 2.9 18.9 11.2 18.7 0 5.7 0 27 109 107 16.3 3.8
"42" "42" 2008-01-25 29.6 "DAL" "" "LAL" "W" 7 1 35.5166666666667 0.624 0.5 3 36.9 17.3 14.4 0 2.7 12.6 30.4 122 115 19.6 6.1
"43" "43" 2008-01-27 29.61 "DAL" "" "DEN" "W" 5 1 34.3833333333333 0.815 0.765 10.2 25.4 18.1 30.6 0 4.8 13.3 31 146 94 28.6 20.5
"44" "44" 2008-01-28 29.61 "DAL" "@" "MEM" "W" 19 1 37.35 0.63 0.6 3.8 27.9 17.7 4.1 1.5 2.1 11.2 23.5 116 91 16.4 5.2
"45" "45" 2008-01-31 29.62 "DAL" "@" "BOS" "L" -6 1 41.65 0.61 0.5 3.2 28.1 16.5 35.5 0 5.2 10.6 34.3 124 111 25.7 12.6
"46" "46" 2008-02-03 29.63 "DAL" "@" "DET" "L" -23 1 34.1 0.342 0.167 9.2 22.4 15.6 15 1.7 0 4.4 33.8 82 105 8.8 2.9
"47" "47" 2008-02-04 29.63 "DAL" "@" "ORL" "W" 9 1 39.3333333333333 0.406 0.364 6.6 19.4 13.6 19.5 1.4 0 0 30.7 109 114 14.2 -0.9
"48" "48" 2008-02-06 29.64 "DAL" "" "MIL" "W" 11 1 41.55 0.651 0.559 8.9 19.3 14.3 48.5 0 1.8 8.2 27.3 142 111 30.4 15.4
"49" "49" 2008-02-08 29.64 "DAL" "" "MEM" "W" 11 1 26.4166666666667 0.803 0.7 4 18.5 11.5 15 2.1 0 7.1 26.5 155 90 19.6 15.2
"50" "50" 2008-02-10 29.65 "DAL" "@" "NJN" "L" -19 1 34.6666666666667 0.474 0.25 5.3 23.1 12.6 21.8 0 0 11.9 33.5 101 117 12.4 1.6
"51" "51" 2008-02-11 29.65 "DAL" "@" "PHI" "L" -8 1 38.1 0.387 0.267 0 25.2 12.7 40.2 2.9 0 17.1 29.4 80 91 9.3 1.1
"52" "52" 2008-02-13 29.65 "DAL" "" "POR" "W" 20 1 37.5666666666667 0.609 0.538 8.7 26.7 17.6 13.2 1.5 3.9 9 41 126 82 28 18.3
"53" "53" 2008-02-14 29.66 "DAL" "@" "PHO" "L" -12 1 39.8333333333333 0.484 0.387 14.8 21.9 17.6 22.4 0 0 9.7 43.5 113 128 21.9 6.5
"54" "54" 2008-02-20 29.67 "DAL" "@" "NOH" "L" -11 1 37.8333333333333 0.621 0.524 6.5 18.6 12.7 13.3 0 0 7.4 33.6 127 118 22.1 7.5
"55" "55" 2008-02-22 29.68 "DAL" "@" "MEM" "W" 15 1 37.3833333333333 0.945 0.944 3.2 13.7 8.9 13.9 0 0 12.3 19.9 166 97 24.2 10.7
"56" "56" 2008-02-24 29.68 "DAL" "@" "MIN" "W" 16 1 37.3666666666667 0.765 0.733 6.8 19.3 13.2 11.1 2.9 0 9.5 25.7 141 91 26.3 15.6
"57" "57" 2008-02-25 29.69 "DAL" "" "CHI" "W" 8 1 39.1666666666667 0.67 0.605 0 27.9 14.4 18.3 1.2 1.8 21.7 30.9 109 95 20 6.4
"58" "58" 2008-02-28 29.7 "DAL" "@" "SAS" "L" -3 1 39.9833333333333 0.578 0.367 0 16.8 9 9.2 0 1.9 4 30.7 125 113 20.4 8.5
"59" "59" 2008-02-29 29.7 "DAL" "" "SAC" "W" 9 1 41.0166666666667 0.632 0.615 7.6 17.8 12.7 12.3 0 4.9 0 28.4 141 112 28.6 11.8
"60" "60" 2008-03-02 29.7 "DAL" "@" "LAL" "L" -4 1 44.5166666666667 0.508 0.442 3.9 26.2 13.9 22.8 2.3 3.7 6.3 30.3 110 97 23.4 14.1
"61" "61" 2008-03-03 29.71 "DAL" "@" "UTA" "L" -6 1 38.1166666666667 0.586 0.5 3.6 23.6 13.2 4.7 0 0 23.4 31.4 93 126 9.5 -7.2
"62" "" 2008-03-06 29.72 "DAL" "" "HOU" "L" -15 NA NA NA NA NA NA NA NA NA NA NA NA NA NA NA NA
"63" "62" 2008-03-08 29.72 "DAL" "" "NJN" "W" 20 1 31.8666666666667 0.73 0.611 11 17.1 14.4 13.7 1.6 0 7.9 35.1 148 98 29.3 17.7
"64" "63" 2008-03-10 29.73 "DAL" "" "NYK" "W" 29 1 22.7666666666667 0.804 0.722 5.7 27.3 18.5 22.3 4.4 0 0 22.4 168 77 20.2 20.9
"65" "64" 2008-03-12 29.73 "DAL" "" "CHA" "W" 25 1 28.3666666666667 0.742 0.643 4.8 30.8 19.3 17.2 5.4 0 14.6 33.6 131 92 23 10.8
"66" "65" 2008-03-14 29.74 "DAL" "" "IND" "W" 19 1 27.9 0.547 0.5 5.4 16.9 12.4 10.4 0 0 9.4 35.6 108 107 12.3 -4.1
"67" "66" 2008-03-16 29.74 "DAL" "@" "MIA" "W" 25 1 25 0.746 0.727 0 20.2 10.4 23.5 4.3 0 0 27 158 79 20.2 21.8
"68" "67" 2008-03-18 29.75 "DAL" "" "LAL" "L" -2 1 42.75 0.619 0.543 2.8 23.4 14 5.7 0 8 3.4 32 126 105 28.2 12.5
"69" "68" 2008-03-20 29.75 "DAL" "" "BOS" "L" -4 1 37.9166666666667 0.486 0.4 0 44.5 24.1 5.5 0 3.6 20.9 33.4 78 87 12.6 0.9
"70" "69" 2008-03-23 29.76 "DAL" "" "SAS" "L" -7 1 26 0.384 0.308 0 23.1 13.3 28.8 0 7.7 0 29.1 88 94 9.7 7.6
"71" "" 2008-03-25 29.77 "DAL" "" "LAC" "W" 13 NA NA NA NA NA NA NA NA NA NA NA NA NA NA NA NA
"72" "" 2008-03-27 29.77 "DAL" "@" "DEN" "L" -13 NA NA NA NA NA NA NA NA NA NA NA NA NA NA NA NA
"73" "" 2008-03-30 29.78 "DAL" "@" "GSW" "L" -10 NA NA NA NA NA NA NA NA NA NA NA NA NA NA NA NA
"74" "" 2008-03-31 29.78 "DAL" "@" "LAC" "W" 7 NA NA NA NA NA NA NA NA NA NA NA NA NA NA NA NA
"75" "70" 2008-04-02 29.79 "DAL" "" "GSW" "W" 25 1 26.95 0.51 0.433 8.3 10.5 9.5 0 0 2.5 0 28 123 98 12.5 0.5
"76" "71" 2008-04-04 29.79 "DAL" "@" "LAL" "L" -4 1 31 0.711 0.711 4.1 12.6 8.3 20.3 0 0 9.5 32.3 136 134 19.4 10.3
"77" "72" 2008-04-06 29.8 "DAL" "@" "PHO" "W" 7 1 38.1666666666667 0.584 0.5 2.8 33.7 17.5 4.6 2.8 0 9.9 36.8 114 102 22 5.5
"78" "73" 2008-04-08 29.81 "DAL" "" "SEA" "W" 16 1 25.95 0.393 0.393 0 45.3 25.8 6.2 0 0 0 28.3 77 87 7.1 -5.1
"79" "74" 2008-04-10 29.81 "DAL" "" "UTA" "W" 3 1 34.1166666666667 0.635 0.609 0 7.6 3.7 8.7 1.7 4.4 3.8 40.5 120 115 22.2 13.1
"80" "75" 2008-04-12 29.82 "DAL" "@" "POR" "L" -3 1 40.1333333333333 0.697 0.618 3.3 12 7.2 17.1 0 0 9.1 26.9 134 128 22.5 7
"81" "76" 2008-04-13 29.82 "DAL" "@" "SEA" "L" -4 1 34.35 0.608 0.6 6.1 20.8 13.5 15.7 0 0 0 34.9 126 108 23 13.6
"82" "77" 2008-04-16 29.83 "DAL" "" "NOH" "W" 13 1 39.4666666666667 0.346 0.281 0 13.8 6.9 10.7 0 0 0 19.9 92 114 5.2 -5.8
"1" "1" 2008-10-30 30.36 "DAL" "" "HOU" "L" -10 1 38.65 0.639 0.5 5.3 16.3 10.2 0 0 3.8 6.6 35 125 121 25.7 7.4
"2" "2" 2008-11-01 30.37 "DAL" "@" "MIN" "W" 10 1 32.25 0.535 0.5 0 21.8 11.2 0 0 0 4.8 29.9 103 97 12.3 0.6
"3" "3" 2008-11-03 30.38 "DAL" "" "CLE" "L" -19 1 31.6833333333333 0.337 0.273 0 20.7 10.4 12.4 1.8 0 14.4 21.8 66 114 3.3 -5.3
"4" "4" 2008-11-04 30.38 "DAL" "@" "SAS" "W" 17 1 36.5833333333333 0.603 0.583 0 20.9 11.6 15.2 1.7 0 0 36.2 129 100 23.2 11.8
"5" "5" 2008-11-07 30.39 "DAL" "@" "DEN" "L" -3 1 39.4166666666667 0.508 0.45 0 25.9 12.8 12.5 0 3.2 0 23 123 108 17.1 4.6
"6" "6" 2008-11-09 30.39 "DAL" "@" "LAC" "L" -11 1 38.45 0.551 0.481 5.4 16 10.3 17.8 2.6 0 6.3 36.6 112 106 23 7.3
"7" "7" 2008-11-11 30.4 "DAL" "" "LAL" "L" -7 1 37.2 0.373 0.294 0 19.1 10.1 4.4 0 3.1 17.6 24.6 76 108 2.2 -11.2
"8" "8" 2008-11-13 30.4 "DAL" "@" "CHI" "L" -7 1 37.9833333333333 0.328 0.294 2.4 13.2 7.6 24.6 0 1.7 9.8 22.7 78 108 5.7 -2.4
"9" "9" 2008-11-14 30.41 "DAL" "" "ORL" "L" -2 1 35.1833333333333 0.621 0.583 8.5 7.7 8.1 5.6 1.4 0 0 23.3 141 111 18.1 5.9
"10" "10" 2008-11-16 30.41 "DAL" "@" "NYK" "W" 10 1 44.1666666666667 0.604 0.5 4.2 28.4 16.1 15.3 1.1 1.6 0 29.9 140 102 34.7 13.4
"11" "11" 2008-11-18 30.42 "DAL" "@" "CHA" "W" 17 1 36.7166666666667 0.619 0.524 3.5 22.3 14 10.5 0 1.9 3.7 33.5 135 91 23.9 10.4
"12" "12" 2008-11-19 30.42 "DAL" "@" "HOU" "W" 10 1 37.5166666666667 0.573 0.441 0 32 17.9 14.7 0 0 4.6 26.9 117 91 18.4 6.3
"13" "13" 2008-11-21 30.42 "DAL" "" "MEM" "W" 15 1 35.5 0.552 0.5 3.1 23.9 14.4 24.6 0 1.9 4.2 30.9 115 83 19.4 7.9
"14" "14" 2008-11-25 30.44 "DAL" "" "IND" "W" 3 1 39.3833333333333 0.579 0.433 0 31.1 16.1 10.9 2.6 3.4 8.8 25.8 117 103 20.6 4.5
"15" "15" 2008-11-28 30.44 "DAL" "@" "LAL" "L" -7 1 36.2 0.582 0.533 7.4 29.5 19.6 15.7 4.3 0 15.5 25.1 110 113 18.1 3.4
"16" "16" 2008-11-29 30.45 "DAL" "@" "SAC" "W" 23 1 31.7 0.595 0.458 3.3 20 12.2 5.3 1.6 0 11.1 25.5 116 82 13.5 2.6
"17" "17" 2008-12-02 30.45 "DAL" "" "LAC" "W" 2 1 43.2666666666667 0.482 0.407 2.4 25 12.9 8 2.4 3 3.2 33 107 102 20.5 2.4
"18" "18" 2008-12-04 30.46 "DAL" "" "PHO" "W" 15 1 37.7666666666667 0.741 0.72 6.4 20.7 13.8 10.9 0 2 7.1 32.5 145 106 30.7 13.2
"19" "19" 2008-12-06 30.47 "DAL" "" "ATL" "W" 2 1 35.4333333333333 0.611 0.529 6.3 27.7 17.1 14.6 0 0 16.9 29.3 113 104 16.7 3
"20" "20" 2008-12-09 30.47 "DAL" "" "SAS" "L" -7 1 52.1166666666667 0.497 0.485 0 23.7 12.4 7.4 0 1.5 5.4 35 97 123 20.6 -3.4
"21" "21" 2008-12-11 30.48 "DAL" "" "CHA" "W" 5 1 39.5166666666667 0.526 0.5 5.8 33.4 19.3 24.2 1.5 0 8.4 30.8 107 102 18.3 4.5
"22" "22" 2008-12-13 30.48 "DAL" "" "OKC" "W" 4 1 39.8333333333333 0.669 0.6 2.9 18.7 11.2 23.5 0 3.2 12.7 46.6 120 107 33 11.1
"23" "23" 2008-12-15 30.49 "DAL" "" "DEN" "L" -10 1 41.2166666666667 0.538 0.477 2.2 26.2 12.5 6.7 0 3.9 16.6 32.9 91 106 15.3 -0.2
"24" "24" 2008-12-17 30.5 "DAL" "@" "TOR" "W" 10 1 38.7166666666667 0.62 0.575 0 27 14.8 19.6 0 3.4 18.7 34.8 105 95 18.8 5.5
"25" "25" 2008-12-19 30.5 "DAL" "@" "NJN" "L" -24 1 36.9833333333333 0.485 0.368 3.2 15.1 9.3 17 0 2 3.9 32.2 104 131 16.3 -1.5
"26" "26" 2008-12-21 30.51 "DAL" "@" "WAS" "W" 11 1 35.3333333333333 0.512 0.5 6.2 22.1 14.1 10.8 0 0 11.8 32.6 103 102 13.1 -2.6
"27" "27" 2008-12-23 30.51 "DAL" "" "MEM" "W" 18 1 35.5333333333333 0.517 0.474 3.5 19.7 12.4 18.7 0 0 9 29.2 107 96 14.1 -0.5
"28" "28" 2008-12-25 30.52 "DAL" "@" "POR" "W" 8 1 34.75 0.727 0.694 0 19.7 9.3 11.8 3.3 0 12.7 31.7 134 106 21.7 11.7
"29" "29" 2008-12-26 30.52 "DAL" "@" "UTA" "L" -9 1 29.75 0.697 0.6 7.9 24.8 16.1 6.9 0 0 14.1 22.1 129 111 13.1 2.7
"30" "" 2008-12-28 30.53 "DAL" "@" "LAC" "W" 22 NA NA NA NA NA NA NA NA NA NA NA NA NA NA NA NA
"31" "30" 2008-12-30 30.53 "DAL" "" "MIN" "W" 7 1 38.95 0.536 0.5 5.2 37.7 19.3 12.8 2.9 1.8 8.2 29 113 109 20.5 1.2
"32" "31" 2009-01-02 30.54 "DAL" "" "PHI" "W" 10 1 39.15 0.515 0.444 3.1 9.2 6.2 27.2 5.6 3.8 0 38.1 114 89 26.2 14.3
"33" "32" 2009-01-04 30.55 "DAL" "@" "MEM" "L" -20 1 34.0666666666667 0.592 0.524 6.9 3.9 5.5 25.6 0 2.1 7.8 38.2 119 131 19 7.3
"34" "33" 2009-01-06 30.55 "DAL" "" "LAC" "W" 5 1 38.5333333333333 0.687 0.652 0 11.3 5.9 15.1 0 4.4 3.9 30.7 130 114 26.4 12
"35" "34" 2009-01-08 30.56 "DAL" "" "NYK" "W" 5 1 38.4166666666667 0.339 0.231 0 19.9 10.1 25.5 1.3 2.2 11.9 19.7 87 101 8.8 -3
"36" "35" 2009-01-09 30.56 "DAL" "@" "PHO" "L" -28 1 33.9 0.612 0.458 15.1 10.1 13.2 9.5 1.6 0 16.2 25 123 145 14.9 -0.9
"37" "36" 2009-01-11 30.56 "DAL" "@" "SAC" "L" -7 1 37.1 0.388 0.333 2.9 25.9 12.9 0 2.8 0 4.9 24.9 83 108 8.2 -6.4
"38" "37" 2009-01-13 30.57 "DAL" "@" "DEN" "L" -2 1 42.0833333333333 0.703 0.615 5 30.4 17.5 0 1.2 0 3.1 33 147 101 35.6 16
"39" "38" 2009-01-14 30.57 "DAL" "" "NOH" "L" -7 1 38.15 0.533 0.471 0 39.9 22.4 9.3 0 1.8 17.6 30.4 92 114 12.9 -3.6
"40" "39" 2009-01-17 30.58 "DAL" "" "UTA" "W" 7 1 39.7666666666667 0.829 0.8 3.1 25.6 13.4 10.2 0 2.1 17.5 31.2 135 120 30.1 8.8
"41" "40" 2009-01-19 30.59 "DAL" "@" "PHI" "W" 2 1 40.05 0.438 0.304 3.2 12.5 8.5 0 1.3 0 12.7 37.3 82 104 8.7 -9.2
"42" "41" 2009-01-21 30.59 "DAL" "@" "MIL" "L" -34 1 36.4333333333333 0.639 0.438 0 19.4 8.3 6.3 1.4 0 0 29.1 139 142 24.4 8.5
"43" "42" 2009-01-23 30.6 "DAL" "@" "DET" "W" 21 1 36.7833333333333 0.636 0.625 0 25.4 13.4 8.9 1.5 0 8.9 29.5 118 106 18.5 1.7
"44" "43" 2009-01-25 30.6 "DAL" "@" "BOS" "L" -24 1 37.1166666666667 0.404 0.235 3.2 21 11.8 0 0 0 18.3 33.3 77 138 3.6 -15.5
"45" "44" 2009-01-28 30.61 "DAL" "" "GSW" "W" 24 1 28.0666666666667 0.46 0.4 3.9 10.9 7.5 0 1.7 2.2 0 32 106 93 12.1 -1.7
"46" "45" 2009-01-31 30.62 "DAL" "@" "MIA" "W" 15 1 34.3333333333333 0.926 0.893 4.8 21 14.2 13.9 0 2.3 0 23 189 107 29.9 18.4
"47" "46" 2009-02-02 30.62 "DAL" "@" "ORL" "W" 10 1 39.85 0.613 0.571 7.3 11.5 9.6 14.7 0 0 7.8 31.2 121 108 21 4.5
"48" "47" 2009-02-04 30.63 "DAL" "" "POR" "W" 5 1 38 0.512 0.423 0 39.7 20.7 10.3 0 0 20.4 25.8 87 112 8.7 -7.4
"49" "48" 2009-02-05 30.63 "DAL" "@" "UTA" "L" -28 1 33.0833333333333 0.335 0.3 3 19.6 10.1 11.5 3 0 4.6 29.6 71 119 6.2 -7.2
"50" "49" 2009-02-07 30.64 "DAL" "" "CHI" "W" 1 1 44.25 0.566 0.485 4.8 17.8 11.1 4.6 2.3 4.7 4.9 41.9 117 107 32.1 8
"51" "50" 2009-02-10 30.65 "DAL" "" "SAC" "W" 18 1 35 0.595 0.533 0 28.1 14.6 7.6 0 2.1 10.2 24.8 116 106 15 -3.1
"52" "51" 2009-02-12 30.65 "DAL" "" "BOS" "L" -7 1 39.3333333333333 0.556 0.5 2.7 23.7 12.1 0 1.4 0 8.3 44.5 103 110 21 5.2
"53" "52" 2009-02-18 30.67 "DAL" "" "NJN" "W" 15 1 38.55 0.586 0.529 3.9 25.5 15.8 12.1 0 2 4.8 26.4 123 112 17.6 -2
"54" "53" 2009-02-20 30.67 "DAL" "@" "HOU" "L" -7 1 43.15 0.244 0.222 0 29.1 13.9 7.5 1.2 2 9.8 21.5 53 97 0.8 -9.7
"55" "54" 2009-02-21 30.68 "DAL" "" "SAC" "W" 21 1 25.5666666666667 0.446 0.462 0 20.4 11.4 11.5 1.9 3 6.9 24.2 89 94 7.3 -5.9
"56" "55" 2009-02-24 30.68 "DAL" "@" "SAS" "L" -17 1 40.4333333333333 0.418 0.333 0 29 12.8 5.6 0 2 10.7 21.8 83 105 6.7 -2.2
"57" "56" 2009-02-25 30.69 "DAL" "" "MIL" "W" 20 1 36.3 0.643 0.6 4.3 14.7 10.4 17 1.4 3.8 8.4 14.4 143 100 15.4 4.3
"58" "57" 2009-02-27 30.69 "DAL" "" "OKC" "W" 2 1 46.0333333333333 0.596 0.55 2.4 16.4 10 9.8 0 0 8 36.5 116 111 27.1 4.7
"59" "58" 2009-03-01 30.7 "DAL" "" "TOR" "W" 11 1 34.25 0.543 0.447 0 27 13.7 23.5 1.5 1.8 12 29.9 115 96 17.1 6.1
"60" "59" 2009-03-02 30.7 "DAL" "@" "OKC" "L" -9 1 42.65 0.571 0.5 2.9 12.5 7.5 29.7 1.3 1.8 10.9 31.6 115 112 20.9 6.4
"61" "60" 2009-03-04 30.71 "DAL" "" "SAS" "W" 5 1 42.0833333333333 0.68 0.633 11 24.4 18.7 21.3 0 3.5 10.2 24.9 136 120 24 7.2
"62" "61" 2009-03-05 30.71 "DAL" "@" "NOH" "L" -16 1 37.7333333333333 0.615 0.528 5.7 20.5 11.7 6.9 1.5 0 0 29 137 125 21.8 11.7
"63" "62" 2009-03-07 30.72 "DAL" "" "WAS" "W" 16 1 41.2166666666667 0.618 0.542 3.2 28.2 15.2 29.3 2.4 3.9 15.4 35.9 116 104 27.2 4.2
"64" "63" 2009-03-10 30.72 "DAL" "@" "PHO" "W" 5 1 38.0833333333333 0.557 0.481 19.4 20.5 20 16.5 1.3 3.7 8.9 38.5 126 119 28.4 5.1
"65" "64" 2009-03-11 30.73 "DAL" "@" "POR" "W" 4 1 39.6666666666667 0.553 0.542 6.1 21.5 14.2 5.7 2.9 4.1 7.1 35.4 108 99 21.3 7.5
"66" "65" 2009-03-13 30.73 "DAL" "@" "GSW" "L" -9 1 38.1166666666667 0.576 0.565 4.4 17 10.4 17.4 1.3 0 7.9 26.7 116 117 19.4 4.7
"67" "66" 2009-03-15 30.74 "DAL" "@" "LAL" "L" -7 1 38 0.403 0.3 5.3 9.2 7.1 9.9 1.4 2.2 7.5 31.6 90 120 9.4 -6.8
"68" "67" 2009-03-17 30.74 "DAL" "" "DET" "W" 2 1 38.2666666666667 0.638 0.625 0 10.9 6.6 5.5 0 1.5 0 33.2 125 123 22.2 3.5
"69" "68" 2009-03-19 30.75 "DAL" "@" "ATL" "L" -8 1 43.5166666666667 0.464 0.457 7.2 24.2 15.2 4.4 1.2 1.8 3.9 26.4 106 104 15.1 3.7
"70" "69" 2009-03-20 30.75 "DAL" "@" "IND" "W" 2 1 37.2333333333333 0.408 0.385 0 18.8 10.1 11.7 0 0 0 37.1 85 106 9.9 -4.9
"71" "70" 2009-03-25 30.76 "DAL" "" "GSW" "W" 22 1 32.5666666666667 0.815 0.708 5.5 13.7 10.5 20.4 0 0 11.1 24 157 114 23.4 9.2
"72" "71" 2009-03-27 30.77 "DAL" "" "DEN" "L" -2 1 36.15 0.453 0.304 7.8 36.6 18.3 6.1 3.1 0 0 35.5 118 118 18.3 1.4
"73" "72" 2009-03-29 30.78 "DAL" "@" "CLE" "L" -28 1 37.0666666666667 0.397 0.326 0 19.7 9.4 26 0 3.5 3.8 33.8 84 112 11.2 2.9
"74" "73" 2009-03-31 30.78 "DAL" "@" "MIN" "W" 20 1 32.15 0.592 0.579 8.3 31.1 21.3 0 1.6 0 9.3 31.7 110 93 17.1 0.2
"75" "74" 2009-04-01 30.78 "DAL" "" "MIA" "W" 2 1 38.8833333333333 0.701 0.588 3.4 15.4 9.7 5.6 0 0 4.5 29.3 139 118 22 5.7
"76" "75" 2009-04-03 30.79 "DAL" "@" "MEM" "L" -5 1 40.8666666666667 0.576 0.538 0 27.1 13.7 5.4 0 1.8 6.2 40.1 106 121 22.1 0.3
"77" "76" 2009-04-05 30.79 "DAL" "" "PHO" "W" 24 1 29.0666666666667 0.902 0.875 0 12.7 6.9 19.2 0 2.8 11.4 25.8 165 124 25.2 12.3
"78" "77" 2009-04-08 30.8 "DAL" "" "UTA" "W" 29 1 30.0833333333333 0.751 0.694 0 26 13.8 12.3 3.2 2.6 12.7 34.1 134 100 25.6 10.5
"79" "78" 2009-04-10 30.81 "DAL" "" "NOH" "W" 8 1 37.5833333333333 0.503 0.4 2.6 17.8 9.7 5.4 1.5 0 3.9 30.7 116 110 15.8 2.1
"80" "79" 2009-04-12 30.81 "DAL" "@" "NOH" "L" -10 1 42.9333333333333 0.596 0.565 2.3 50.1 20.3 14.9 1.3 0 0 27.5 130 121 25.4 9.9
"81" "80" 2009-04-13 30.82 "DAL" "" "MIN" "W" 2 1 39.95 0.642 0.474 0 25.1 13.5 16.1 1.4 2 10.2 37.7 123 106 26.6 7.9
"82" "81" 2009-04-15 30.82 "DAL" "" "HOU" "W" 11 1 41.1166666666667 0.585 0.565 0 41.7 21.9 10.7 2.6 0 3.8 32.3 112 86 24 10
"1" "1" 2009-10-27 31.36 "DAL" "" "WAS" "L" -11 1 38.9666666666667 0.553 0.44 2.6 24.6 12.6 7 0 3.5 8.9 41.6 107 114 21.5 5.2
"2" "2" 2009-10-30 31.36 "DAL" "@" "LAL" "W" 14 1 38.1833333333333 0.557 0.393 0 27.3 14.6 4.9 1.4 2.2 5 23.1 122 82 16.4 8
"3" "3" 2009-10-31 31.37 "DAL" "@" "LAC" "W" 9 1 41.7 0.533 0.474 0 24.1 12 14 2.5 2 18.2 30.1 89 89 15.6 0.4
"4" "4" 2009-11-03 31.38 "DAL" "" "UTA" "W" 11 1 39.1 0.689 0.568 5.6 25.7 15.5 31.9 2.6 8.6 0 32.1 159 83 41.3 30.6
"5" "5" 2009-11-04 31.38 "DAL" "@" "NOH" "L" -7 1 37.2666666666667 0.349 0.267 0 16.9 8.5 8.5 1.5 0 10.4 24.3 77 117 2.2 -11.1
"6" "6" 2009-11-07 31.39 "DAL" "" "TOR" "W" 28 1 36.85 0.694 0.675 0 24.4 14.5 13.9 2.7 2.2 12.6 30.1 122 101 25 7.6
"7" "7" 2009-11-10 31.39 "DAL" "" "HOU" "W" 18 1 33.9833333333333 0.593 0.433 0 17.7 10.2 15.1 1.5 2.4 4.9 26.9 130 105 19.4 5.6
"8" "8" 2009-11-11 31.4 "DAL" "@" "SAS" "L" -9 1 41.3666666666667 0.462 0.352 2.4 27.7 14.8 6.6 1.3 2.5 6 38 96 98 17.3 5.2
"9" "9" 2009-11-13 31.4 "DAL" "@" "MIN" "W" 12 1 28.55 0.597 0.567 6.7 26.1 17.1 16.4 0 7 0 25.2 127 74 19.1 14.2
"10" "10" 2009-11-15 31.41 "DAL" "@" "DET" "W" 5 1 38.5333333333333 0.441 0.407 2.9 16 9.1 27.9 1.4 3.6 3.4 37.2 99 105 16.8 1
"11" "11" 2009-11-16 31.41 "DAL" "@" "MIL" "W" 2 1 42.9333333333333 0.561 0.5 0 25.6 14.3 12.7 2.5 1.7 0 31.8 120 105 26.2 6.9
"12" "12" 2009-11-18 31.42 "DAL" "" "SAS" "W" 5 1 44.7833333333333 0.598 0.534 6 26.6 14.3 0 0 1.9 0 35.5 132 100 30.2 15.5
"13" "13" 2009-11-20 31.42 "DAL" "" "SAC" "W" 2 1 38.7166666666667 0.527 0.4 0 16.3 7 25.1 1.3 3.8 5 21.3 124 105 18.5 6.3
"14" "14" 2009-11-24 31.43 "DAL" "" "GSW" "L" -8 1 40.4666666666667 0.601 0.5 5.3 22.6 13.6 13 2.3 1.8 17.7 30.2 105 106 20.6 1
"15" "15" 2009-11-25 31.44 "DAL" "@" "HOU" "W" 31 1 36.35 0.671 0.625 9.8 18.9 15.3 3.2 2.8 4.2 0 24.1 146 102 24.3 4.1
"16" "16" 2009-11-27 31.44 "DAL" "@" "IND" "W" 21 1 30.3166666666667 0.786 0.714 0 14.4 7.3 12.6 1.7 5.9 9.2 29.3 153 94 27 19.5
"17" "17" 2009-11-28 31.44 "DAL" "@" "CLE" "L" -16 1 41.7 0.588 0.526 6.8 27.8 16.4 10.2 1.4 1.8 8 31.4 115 126 20.3 3
"18" "18" 2009-11-30 31.45 "DAL" "" "PHI" "W" 2 1 39.6333333333333 0.496 0.442 2.6 12.1 7.5 18.2 0 0 0 32.7 110 115 18.4 -1
"19" "19" 2009-12-02 31.45 "DAL" "@" "NJN" "W" 16 1 34.65 0.698 0.633 4.5 21.3 13.9 35.1 1.5 2.3 14.9 26.9 137 109 22.7 8.5
"20" "20" 2009-12-04 31.46 "DAL" "@" "MEM" "L" -16 1 37.9 0.35 0.318 5.1 24.1 13.8 5.5 1.4 0 8 28.5 79 108 5.7 -7.1
"21" "21" 2009-12-05 31.46 "DAL" "" "ATL" "L" -5 1 43.9333333333333 0.563 0.5 2.7 15.9 10.2 16.8 1.3 5.8 6.6 35.5 108 89 23.9 12.9
"22" "22" 2009-12-08 31.47 "DAL" "" "PHO" "W" 1 1 40.7666666666667 0.689 0.6 7.7 16.4 11.5 14.8 0 2 0 26.1 150 110 29.8 12.9
"23" "23" 2009-12-11 31.48 "DAL" "@" "MIA" "W" 13 1 38.4 0.647 0.611 0 13.3 7.1 4.7 0 1.8 9.4 26.9 110 104 15.3 1.2
"24" "24" 2009-12-12 31.48 "DAL" "" "CHA" "W" 1 1 46.5166666666667 0.469 0.412 4.5 10.6 7.3 10.8 3.6 2 7.2 40.2 105 104 19.7 3.9
"25" "25" 2009-12-14 31.49 "DAL" "" "NOH" "W" 4 1 35.0166666666667 0.421 0.364 4.6 19.1 13.1 12.6 3 2.1 14.4 19.5 88 93 8.4 -0.6
"26" "26" 2009-12-16 31.49 "DAL" "@" "OKC" "W" 14 1 38.7 0.813 0.778 0 28.4 16.1 12.5 2.8 1.9 12.2 31.5 140 88 30.8 17.9
"27" "27" 2009-12-18 31.5 "DAL" "" "HOU" "L" -8 1 10.25 0.512 0.5 0 22 10.9 17.4 0 0 0 20.5 121 116 3.9 2.9
"28" "" 2009-12-20 31.5 "DAL" "" "CLE" "W" 7 NA NA NA NA NA NA NA NA NA NA NA NA NA NA NA NA
"29" "28" 2009-12-22 31.51 "DAL" "" "POR" "L" -4 1 41.0666666666667 0.84 0.846 2.4 21.3 11.4 6.1 2.6 1.8 27.2 25.1 110 90 20.4 10.3
"30" "29" 2009-12-26 31.52 "DAL" "" "MEM" "W" 5 1 40.4833333333333 0.625 0.625 0 9.5 5.3 11.4 1.3 0 20 23.8 100 116 12.3 -3.7
"31" "30" 2009-12-27 31.52 "DAL" "@" "DEN" "W" 8 1 38.7166666666667 0.433 0.433 0 24.8 14.2 7.4 0 0 11.8 19.4 80 96 5.6 -5.6
"32" "31" 2009-12-31 31.53 "DAL" "@" "HOU" "L" -3 1 30.95 0.4 0.292 3.4 20.7 12.1 4.8 0 10 17.9 25.3 74 100 5.6 -4.7
"33" "32" 2010-01-02 31.54 "DAL" "@" "SAC" "W" 8 1 35.3333333333333 0.569 0.444 0 21.1 12.2 5.4 2.8 1.8 0 28.9 118 91 20.3 6
"34" "33" 2010-01-03 31.54 "DAL" "@" "LAL" "L" -35 1 31.5333333333333 0.491 0.389 8.3 26.2 14.5 6.5 0 0 8.2 33.1 104 143 13.3 -3.1
"35" "34" 2010-01-05 31.55 "DAL" "" "DET" "W" 5 1 44.6 0.506 0.45 4.9 24.5 14.7 15.2 1.2 0 12.1 26.1 102 103 16.8 0.7
"36" "35" 2010-01-08 31.56 "DAL" "@" "SAS" "W" 9 1 40.2166666666667 0.437 0.393 6.1 11.2 8.4 7.4 0 5.9 6.3 36.2 97 115 13 -4.2
"37" "36" 2010-01-09 31.56 "DAL" "" "UTA" "L" -18 1 42.0666666666667 0.54 0.409 0 23.4 10.6 15.1 0 0 10.1 33 109 130 17.1 -0.1
"38" "37" 2010-01-13 31.57 "DAL" "" "LAL" "L" -5 1 43.1333333333333 0.598 0.523 0 42.4 19.1 9.4 0 1.7 0 28.1 127 110 24.7 7.6
"39" "38" 2010-01-15 31.58 "DAL" "" "OKC" "W" 1 1 39.1166666666667 0.65 0.5 3.1 12.6 7.8 12.3 2.6 0 14 34.7 116 105 23.1 5
"40" "39" 2010-01-17 31.58 "DAL" "@" "TOR" "L" -22 1 35.7166666666667 0.567 0.6 0 9 4.7 22.5 1.5 1.8 5.6 24.6 110 123 13.3 1.7
"41" "40" 2010-01-18 31.58 "DAL" "@" "BOS" "W" 9 1 44.1666666666667 0.678 0.636 0 21.1 11.4 13.7 0 0 6.8 34.4 126 105 27 5.1
"42" "41" 2010-01-20 31.59 "DAL" "@" "WAS" "W" 1 1 40.45 0.66 0.605 3 11 7.2 4.6 0 3.5 12.4 28.1 118 112 18.1 1.2
"43" "42" 2010-01-22 31.59 "DAL" "@" "PHI" "L" -11 1 40.2333333333333 0.454 0.308 0 22.7 10.5 4.4 1.3 1.7 15.4 22.5 82 98 7.7 -4.3
"44" "43" 2010-01-24 31.6 "DAL" "@" "NYK" "W" 50 1 30.3666666666667 0.663 0.542 0 13.9 8.7 11.7 3.5 0 6.2 24.6 141 84 17.4 6.4
"45" "44" 2010-01-26 31.61 "DAL" "" "MIL" "W" 1 1 35.3666666666667 0.507 0.44 8.2 23.3 16 26 0 2.4 6.7 40 111 123 19.5 -0.9
"46" "45" 2010-01-28 31.61 "DAL" "@" "PHO" "L" -6 1 38.1333333333333 0.617 0.455 3.5 14.4 8.9 0 0 4.3 6.1 20.4 126 124 13.2 -2.1
"47" "46" 2010-01-30 31.62 "DAL" "" "POR" "L" -2 1 45.2333333333333 0.598 0.474 0 27 13 7.5 1.2 0 7.9 26.6 119 116 20.6 2.2
"48" "47" 2010-02-01 31.62 "DAL" "@" "UTA" "L" -12 1 40.8833333333333 0.678 0.611 0 24.7 12.2 5.1 1.3 1.8 4.6 25.2 133 115 22.8 7.4
"49" "48" 2010-02-03 31.63 "DAL" "" "GSW" "W" 9 1 30.9 0.71 0.636 9.7 19.9 15.3 9.7 0 0 6.6 22.7 141 111 18 4.6
"50" "49" 2010-02-05 31.63 "DAL" "" "MIN" "L" -9 0 37.1 0.541 0.4 2.8 25.9 12.6 19 0 0 4.9 23.7 123 125 15.5 -2
"51" "50" 2010-02-08 31.64 "DAL" "@" "GSW" "W" 10 1 28.9 0.621 0.444 0 30.2 16.8 5.5 0 0 0 18.7 133 117 11.4 -5.1
"52" "51" 2010-02-09 31.64 "DAL" "@" "DEN" "L" -36 1 30.6666666666667 0.423 0.294 0 19.6 8.3 7.4 0 0 13 35 78 138 5.2 -12.4
"53" "52" 2010-02-16 31.66 "DAL" "@" "OKC" "L" -13 1 36.0666666666667 0.487 0.409 7 17 11.5 44.3 0 0 7.5 30.8 106 108 17.5 8.4
"54" "53" 2010-02-17 31.67 "DAL" "" "PHO" "W" 10 1 40.6333333333333 0.517 0.458 7.4 11.5 9.3 12.7 1.3 2 6.9 31.3 113 108 19.5 1.9
"55" "54" 2010-02-19 31.67 "DAL" "@" "ORL" "W" 10 1 38.5166666666667 0.462 0.438 0 10.2 5.4 24.4 2.7 6 3.9 31.6 97 91 16.8 7.8
"56" "55" 2010-02-20 31.67 "DAL" "" "MIA" "W" 6 1 39.5333333333333 0.571 0.476 0 15.6 7.7 11.6 1.4 2 3.9 32.8 115 107 20.5 3.9
"57" "56" 2010-02-22 31.68 "DAL" "" "IND" "W" 9 1 31.8166666666667 0.64 0.5 3.1 18.1 10.7 7 0 2.5 10 27.5 118 82 16.7 6.5
"58" "57" 2010-02-24 31.68 "DAL" "" "LAL" "W" 5 1 41.7666666666667 0.65 0.526 2.7 26.3 13.4 4.9 1.2 0 4 26.6 137 106 24.7 6.4
"59" "58" 2010-02-26 31.69 "DAL" "@" "ATL" "W" 8 1 46.0833333333333 0.656 0.615 3 17.4 11.4 15 1.2 1.7 6.6 31.6 130 109 29.6 10.1
"60" "59" 2010-02-28 31.7 "DAL" "" "NOH" "W" 8 1 38.8166666666667 0.622 0.56 3.1 18.8 11.5 31.3 1.3 0 0 33.3 140 109 31.2 13.6
"61" "60" 2010-03-01 31.7 "DAL" "@" "CHA" "W" 5 1 42.35 0.555 0.522 2.9 34.9 18.9 4.8 1.2 4.1 3.9 29.1 107 88 20.9 5.8
"62" "61" 2010-03-03 31.7 "DAL" "" "MIN" "W" 3 1 39 0.598 0.429 5.7 10.3 7.8 10.4 1.3 0 5.2 22.5 131 119 17.4 -0.1
"63" "62" 2010-03-05 31.71 "DAL" "" "SAC" "W" 8 1 41.6 0.533 0.462 5.8 25.6 16.3 12.3 0 5.6 3.3 34.1 114 107 24.4 1.5
"64" "63" 2010-03-06 31.71 "DAL" "@" "CHI" "W" 6 1 37.4666666666667 0.548 0.5 3.9 13.9 9.2 7.3 1.4 3.5 10.9 35.6 102 124 17.1 -6.7
"65" "64" 2010-03-08 31.72 "DAL" "@" "MIN" "W" 13 1 29.8 0.619 0.533 3.4 17.5 10.3 13.8 1.5 2.4 0 27.1 134 103 20.3 5.5
"66" "65" 2010-03-10 31.72 "DAL" "" "NJN" "W" 9 1 40.35 0.314 0.188 0 13.2 7.1 16.2 0 1.9 20.8 28.7 62 103 0.4 -14
"67" "66" 2010-03-13 31.73 "DAL" "" "NYK" "L" -34 1 37.6666666666667 0.575 0.385 2.8 35.9 18 13.8 0 4.3 5.4 22 128 134 18.2 2.5
"68" "67" 2010-03-17 31.74 "DAL" "" "CHI" "W" 7 1 36.9666666666667 0.666 0.625 3.8 20 12.5 23.2 4.2 0 9.3 26.5 134 107 24.2 9.5
"69" "68" 2010-03-20 31.75 "DAL" "" "BOS" "L" -9 1 41.6666666666667 0.647 0.605 5.4 9.6 7.3 9.5 0 0 4.4 24.7 131 116 20.6 5.8
"70" "69" 2010-03-22 31.76 "DAL" "@" "NOH" "L" -16 1 34.95 0.667 0.667 3.4 16.6 9.4 13.3 0 0 29.4 22.3 97 130 8.6 -5.3
"71" "70" 2010-03-23 31.76 "DAL" "" "LAC" "W" 10 1 19.3 0.787 0.773 0 10.4 5.3 22.5 2.8 0 8 28.8 143 108 14.3 14.7
"72" "71" 2010-03-25 31.76 "DAL" "@" "POR" "L" -12 1 41.6666666666667 0.508 0.423 3.5 16.5 10.8 11.4 2.6 0 11.9 20.1 103 114 11.3 -0.3
"73" "72" 2010-03-27 31.77 "DAL" "@" "GSW" "W" 21 1 29.6833333333333 0.45 0.464 0 25.3 14.6 14.1 3.1 2.2 6.5 22.8 86 80 12 0.7
"74" "73" 2010-03-29 31.78 "DAL" "" "DEN" "W" 16 1 37.2666666666667 0.694 0.529 9.7 20 15.2 44.4 0 2.2 7.6 34.6 149 108 33.2 20.6
"75" "74" 2010-03-31 31.78 "DAL" "@" "MEM" "W" 4 1 45.8166666666667 0.537 0.457 0 12.3 6 25.2 2.2 1.6 13.3 29.5 106 100 18.3 4.9
"76" "75" 2010-04-01 31.78 "DAL" "" "ORL" "L" -15 1 35.95 0.487 0.409 0 20.5 9.4 0 1.5 2.8 0 33.4 106 111 14.5 5.5
"77" "76" 2010-04-03 31.79 "DAL" "" "OKC" "L" -5 1 43.85 0.641 0.526 9.1 29.6 19.5 10.2 0 0 17.6 27.8 120 126 21.7 -0.5
"78" "77" 2010-04-07 31.8 "DAL" "" "MEM" "W" 26 1 34.15 0.718 0.679 9.1 25.2 18.1 0 1.6 2.3 6.1 23.6 136 93 18.8 4.1
"79" "78" 2010-04-09 31.81 "DAL" "@" "POR" "W" 6 1 42.2333333333333 0.635 0.479 5.1 21.1 12.9 0 1.3 0 8.7 39.8 125 90 28.6 14.9
"80" "79" 2010-04-10 31.81 "DAL" "@" "SAC" "W" 18 1 37.2833333333333 0.758 0.65 7.6 15 11.7 9.7 0 0 7.2 34 148 119 31.7 6.8
"81" "80" 2010-04-12 31.81 "DAL" "@" "LAC" "W" 23 1 22.55 0.847 0.808 5.9 37.3 22.4 24.7 4.7 3.2 6.3 33.1 156 88 24.9 24.6
"82" "81" 2010-04-14 31.82 "DAL" "" "SAS" "W" 7 1 33.1 0.455 0.425 0 15.1 7.3 31 0 0 4.6 29.3 96 97 11.4 1.4
"1" "1" 2010-10-27 32.36 "DAL" "" "CHA" "W" 15 1 36.4166666666667 0.895 0.846 3.8 37.7 22.3 0 0 2.2 11.3 23.5 154 93 25.5 9.1
"2" "2" 2010-10-29 32.36 "DAL" "" "MEM" "L" -1 1 37.8333333333333 0.765 0.767 3.3 14.9 9.9 12.7 0 0 10.2 24.8 133 102 20.8 8.3
"3" "3" 2010-10-31 32.37 "DAL" "@" "LAC" "W" 16 1 30.6333333333333 0.508 0.5 0 22.9 12.3 6.3 0 7.7 11.3 26.8 89 86 9.5 -0.2
"4" "4" 2010-11-03 32.38 "DAL" "@" "DEN" "W" 1 1 39 0.52 0.484 6.5 26.8 17.6 18 1.4 0 5.6 41.6 112 109 23.2 4.2
"5" "5" 2010-11-06 32.38 "DAL" "" "DEN" "L" -11 1 36.85 0.607 0.467 0 17.8 9.3 0 0 2.1 27 31.2 92 113 10.8 -3.1
"6" "6" 2010-11-08 32.39 "DAL" "" "BOS" "W" 2 1 41.3 0.655 0.563 3.6 14.5 10.2 10.3 0 0 17.3 29.2 110 103 17.3 1.5
"7" "7" 2010-11-10 32.39 "DAL" "@" "MEM" "W" 15 1 29.85 0.429 0.429 4.1 28.9 18.1 8.8 0 2.3 0 22.8 102 100 10.1 -2.2
"8" "8" 2010-11-12 32.4 "DAL" "" "PHI" "W" 9 1 36.3166666666667 0.454 0.333 3 11.7 7.4 9.3 1.5 0 14.5 26.8 95 106 6.8 -7.4
"9" "9" 2010-11-15 32.41 "DAL" "" "NOH" "W" 3 1 37.2833333333333 0.705 0.625 10.2 21.5 16.1 15.5 0 0 14.5 27.8 132 109 20.3 6
"10" "10" 2010-11-17 32.41 "DAL" "@" "NOH" "L" -2 1 35.9 0.657 0.579 0 31.7 18.2 6.6 1.5 2 8.3 34.2 118 108 21.2 4
"11" "11" 2010-11-19 32.42 "DAL" "" "CHI" "L" -5 1 41.9666666666667 0.628 0.635 0 20.3 9.8 26.7 2.8 0 6.5 37.3 112 99 25.9 16.9
"12" "12" 2010-11-20 32.42 "DAL" "@" "ATL" "W" 5 1 38.9333333333333 0.419 0.364 3.1 20 11.2 12.7 0 0 7.4 32.7 89 107 10.2 -5.2
"13" "13" 2010-11-23 32.43 "DAL" "" "DET" "W" 4 1 39.9666666666667 0.699 0.63 13.3 19.6 16.4 8.3 0 3.7 3.2 38.1 142 98 35 20.9
"14" "14" 2010-11-24 32.43 "DAL" "@" "OKC" "W" 8 1 39.1 0.787 0.667 0 11.2 5.8 19.7 1.3 0 12.2 28 148 112 28.3 13.6
"15" "15" 2010-11-26 32.44 "DAL" "@" "SAS" "W" 9 1 39.8666666666667 0.929 0.929 3.2 22.8 12.8 24.5 0 0 12.5 19 156 109 23.7 13.2
"16" "16" 2010-11-27 32.44 "DAL" "" "MIA" "W" 11 1 34.2833333333333 0.452 0.413 0 19.5 9.4 20.4 4.5 0 7.6 34.2 95 96 13.5 3.7
"17" "17" 2010-11-29 32.45 "DAL" "" "HOU" "W" 10 1 29.3666666666667 0.625 0.625 0 33.4 19 7.2 0 8.5 15.8 30.3 100 89 14.8 5.7
"18" "18" 2010-12-01 32.45 "DAL" "" "MIN" "W" 14 1 23.6333333333333 0.421 0.364 0 4.1 2.1 7.3 2.1 0 0 21.7 95 94 5.5 -2.6
"19" "19" 2010-12-03 32.46 "DAL" "@" "UTA" "W" 12 1 35.3 0.705 0.694 4 14.8 10.2 11.5 3.1 2.3 5.1 28.2 128 89 22.3 11.6
"20" "20" 2010-12-04 32.46 "DAL" "@" "SAC" "W" 2 1 36.5 0.766 0.733 0 18.3 9 27.9 0 2.1 15.5 25.5 130 113 20.8 8.1
"21" "21" 2010-12-07 32.47 "DAL" "" "GSW" "W" 5 1 36.6666666666667 0.633 0.611 0 6.2 2.9 10.1 2.7 7.5 16.8 27.1 109 101 17.2 5.4
"22" "22" 2010-12-09 32.47 "DAL" "" "NJN" "W" 13 1 36.7333333333333 0.893 0.85 0 30.4 17.7 4.3 1.4 0 14.5 18.3 142 96 19.5 5.8
"23" "23" 2010-12-11 32.48 "DAL" "" "UTA" "W" 6 1 39 0.92 0.958 3.6 40.1 24 23.8 0 1.9 15.1 25.4 154 105 30.4 15.8
"24" "24" 2010-12-13 32.48 "DAL" "" "MIL" "L" -4 1 39.0333333333333 0.592 0.563 0 20 10.6 16.6 1.4 3.5 10.6 34.5 106 110 20 5.4
"25" "25" 2010-12-15 32.49 "DAL" "" "POR" "W" 5 1 37.05 0.615 0.5 0 15.1 8.9 12.6 4.4 3.6 14.9 27.6 111 104 18.6 6.6
"26" "26" 2010-12-17 32.5 "DAL" "" "PHO" "W" 15 1 29.3166666666667 0.615 0.5 0 15.4 7.8 10.6 0 0 0 22.1 131 98 13.3 4.1
"27" "27" 2010-12-20 32.5 "DAL" "@" "MIA" "W" 2 1 38.6833333333333 0.512 0.381 0 20.7 12.1 10.8 1.4 0 0 31.7 117 104 18 3.3
"28" "28" 2010-12-21 32.51 "DAL" "@" "ORL" "W" 6 1 37.25 0.515 0.346 0 22.9 13.2 19.6 1.4 0 10.8 24.3 106 105 13.2 1.2
"29" "29" 2010-12-27 32.52 "DAL" "@" "OKC" "W" 10 1 11.5333333333333 0.838 0.75 0 18.5 10.2 51.3 0 0 11.4 35.5 153 103 11.7 25.9
"30" "" 2010-12-28 32.53 "DAL" "" "TOR" "L" -8 NA NA NA NA NA NA NA NA NA NA NA NA NA NA NA NA
"31" "" 2010-12-30 32.53 "DAL" "" "SAS" "L" -6 NA NA NA NA NA NA NA NA NA NA NA NA NA NA NA NA
"32" "" 2011-01-01 32.54 "DAL" "@" "MIL" "L" -12 NA NA NA NA NA NA NA NA NA NA NA NA NA NA NA NA
"33" "" 2011-01-02 32.54 "DAL" "@" "CLE" "W" 9 NA NA NA NA NA NA NA NA NA NA NA NA NA NA NA NA
"34" "" 2011-01-04 32.55 "DAL" "" "POR" "W" 3 NA NA NA NA NA NA NA NA NA NA NA NA NA NA NA NA
"35" "" 2011-01-06 32.55 "DAL" "" "OKC" "L" -4 NA NA NA NA NA NA NA NA NA NA NA NA NA NA NA NA
"36" "" 2011-01-08 32.56 "DAL" "" "ORL" "L" -10 NA NA NA NA NA NA NA NA NA NA NA NA NA NA NA NA
"37" "" 2011-01-12 32.57 "DAL" "@" "IND" "L" -13 NA NA NA NA NA NA NA NA NA NA NA NA NA NA NA NA
"38" "" 2011-01-14 32.57 "DAL" "@" "SAS" "L" -12 NA NA NA NA NA NA NA NA NA NA NA NA NA NA NA NA
"39" "30" 2011-01-15 32.58 "DAL" "@" "MEM" "L" -19 1 14.8333333333333 0.421 0.357 0 44.9 20.2 18.5 0 0 0 27.7 94 103 3.9 3.4
"40" "31" 2011-01-17 32.58 "DAL" "@" "DET" "L" -14 1 31.0166666666667 0.78 0.706 0 25.8 12.1 41.8 1.9 0 16.3 39.7 132 122 24.9 20.8
"41" "32" 2011-01-19 32.59 "DAL" "" "LAL" "W" 9 1 37.0666666666667 0.407 0.333 0 28.8 14.8 10.4 0 0 0 24.3 97 119 9.2 -6.9
"42" "33" 2011-01-20 32.59 "DAL" "@" "CHI" "L" -5 1 38.25 0.487 0.375 0 5.1 2.7 27.2 0 1.8 0 25.3 111 106 13.5 6.9
"43" "34" 2011-01-22 32.59 "DAL" "@" "NJN" "W" 1 1 36.4666666666667 0.418 0.333 0 27.1 11.8 15.7 1.5 0 9.8 39.5 83 98 9.3 -1.8
"44" "35" 2011-01-25 32.6 "DAL" "" "LAC" "W" 7 1 29.8666666666667 0.54 0.467 0 26.8 12.6 0 1.8 0 9.7 32.6 107 114 10.8 -4.1
"45" "36" 2011-01-27 32.61 "DAL" "" "HOU" "W" 5 1 34.4833333333333 0.507 0.469 0 6.3 3.4 13.4 0 4.5 0 24.2 109 115 12.9 1.6
"46" "37" 2011-01-29 32.61 "DAL" "" "ATL" "W" 11 1 32.95 0.771 0.773 0 20.8 11.1 23.9 1.7 2.6 28.9 25.8 103 101 14.2 4.6
"47" "38" 2011-01-31 32.62 "DAL" "" "WAS" "W" 10 1 32.5333333333333 0.826 0.727 3.4 8.7 6.2 12.5 0 2 12.1 24.1 148 106 19.6 10.9
"48" "39" 2011-02-02 32.62 "DAL" "@" "NYK" "W" 16 1 32.8166666666667 0.76 0.688 3.8 29.9 18.3 16 0 2.3 5 27.1 153 98 26.5 15.4
"49" "40" 2011-02-04 32.63 "DAL" "@" "BOS" "W" 4 1 35.5333333333333 0.788 0.679 4 12.3 8.1 15.1 0 0 0 24.7 173 115 24.9 14.5
"50" "41" 2011-02-05 32.63 "DAL" "@" "CHA" "W" 9 1 34.4 0.602 0.553 7.2 6.2 6.6 10.7 0 10.3 0 28 141 111 20.6 11.2
"51" "42" 2011-02-07 32.64 "DAL" "" "CLE" "W" 3 1 31.05 0.505 0.455 3.3 16.4 9.9 5.9 0 0 29.6 23.5 76 105 3 -10.1
"52" "43" 2011-02-09 32.64 "DAL" "@" "SAC" "W" 2 1 34.2166666666667 0.326 0.286 0 20 9.7 8.7 0 0 11.5 23.7 66 111 0.6 -13.4
"53" "44" 2011-02-10 32.65 "DAL" "@" "DEN" "L" -1 1 36.2833333333333 0.592 0.5 0 27.9 14.1 20.7 0 0 0 16.9 145 131 15.6 3.3
"54" "45" 2011-02-12 32.65 "DAL" "@" "HOU" "W" 4 1 33.7166666666667 0.604 0.531 4.6 14.5 10.7 9 1.6 4.2 0 26 137 112 19.6 7.2
"55" "46" 2011-02-16 32.66 "DAL" "" "SAC" "W" 16 1 22.6166666666667 0.65 0.65 0 17.2 8.5 22.8 0 0 9.1 20.5 129 104 10.3 4.4
"56" "47" 2011-02-17 32.67 "DAL" "@" "PHO" "W" 6 1 37.2 0.848 0.806 0 3 1.6 19.7 1.3 0 8.8 28.1 152 114 28.9 14.6
"57" "48" 2011-02-23 32.68 "DAL" "" "UTA" "W" 19 1 31.25 0.669 0.633 0 25.6 14.1 5.1 1.6 0 10.4 27.5 122 100 17.5 3.9
"58" "49" 2011-02-26 32.69 "DAL" "@" "WAS" "W" 6 1 33.0833333333333 0.46 0.361 3.2 16.1 10.3 14.4 0 0 8.1 33.8 94 102 10.6 -4.4
"59" "50" 2011-02-27 32.69 "DAL" "@" "TOR" "W" 18 1 34.2333333333333 0.635 0.6 3.5 43.1 23.1 9.5 0 2 7.6 34.1 123 100 24.6 11.3
"60" "51" 2011-03-01 32.7 "DAL" "@" "PHI" "W" 8 1 36.5333333333333 0.64 0.6 0 17.5 10 9 0 0 10.4 24.6 114 100 15.1 2.6
"61" "52" 2011-03-04 32.71 "DAL" "" "IND" "W" 8 1 34.8 0.884 0.833 0 16.7 7.7 10.1 0 0 10.9 23.3 160 118 23.6 7.2
"62" "53" 2011-03-06 32.71 "DAL" "" "MEM" "L" -1 1 33.85 0.643 0.618 4.1 12.9 9 11.7 1.6 2 5.3 27.3 127 117 17.9 6.1
"63" "54" 2011-03-07 32.72 "DAL" "@" "MIN" "W" 3 1 27.0333333333333 0.762 0.625 0 22.2 12 13.9 0 2.7 5.7 28.4 154 110 20.7 9.3
"64" "55" 2011-03-09 32.72 "DAL" "@" "NOH" "L" -1 1 35.1 0.63 0.556 0 15.2 7.3 23.7 1.6 0 4.6 32.1 120 108 19.1 7.5
"65" "56" 2011-03-10 32.72 "DAL" "" "NYK" "W" 18 1 34.85 0.511 0.395 0 30.2 14.8 7.2 0 0 4.3 28 121 117 15.2 -2.2
"66" "57" 2011-03-12 32.73 "DAL" "" "LAL" "L" -5 1 36.8166666666667 0.59 0.526 2.8 26.1 14.3 32.6 1.5 3.7 8.6 28.6 124 103 22.5 14.1
"67" "58" 2011-03-15 32.74 "DAL" "@" "POR" "L" -3 1 35.2666666666667 0.78 0.679 0 35.6 22.3 9.8 0 0 5.3 29.4 154 120 24.7 7.2
"68" "59" 2011-03-16 32.74 "DAL" "@" "GSW" "W" 6 1 34.65 0.623 0.5 24.4 25.5 25 10.6 0 2.4 3.5 38.1 140 114 28.8 8.3
"69" "60" 2011-03-18 32.75 "DAL" "" "SAS" "L" -6 1 37.65 0.664 0.625 3.7 23.7 14.9 16.4 0 0 5.5 23.5 132 108 18.8 8.1
"70" "61" 2011-03-20 32.75 "DAL" "" "GSW" "W" 28 1 31.4166666666667 0.63 0.6 3.5 16.6 10.2 15.1 0 0 11.2 26 114 84 14.3 4.1
"71" "62" 2011-03-24 32.76 "DAL" "" "MIN" "W" 8 1 35.6666666666667 0.532 0.481 6.6 30.3 18.3 20.8 1.4 2.2 9.6 39.4 105 101 21.4 3.4
"72" "63" 2011-03-26 32.77 "DAL" "@" "UTA" "W" 17 1 30.1333333333333 0.595 0.417 5.9 18.1 13.5 0 0 0 11.1 29.8 113 92 12.4 -1
"73" "64" 2011-03-27 32.77 "DAL" "@" "PHO" "W" 8 1 39.2333333333333 0.377 0.342 9.8 8.5 9.2 19.8 0 0 0 22.5 103 98 9 -0.4
"74" "65" 2011-03-30 32.78 "DAL" "@" "LAC" "W" 6 1 36.9666666666667 0.543 0.5 0 21.6 10 13.3 1.4 0 15.3 31.5 92 107 14 -1.9
"75" "66" 2011-03-31 32.78 "DAL" "@" "LAL" "L" -28 1 34.4 0.596 0.525 5.5 32 18.3 17.4 0 2 15 35 104 112 18.2 8.5
"76" "67" 2011-04-02 32.79 "DAL" "@" "GSW" "L" -7 1 35.25 0.41 0.313 0 20.9 9.5 13.5 1.4 0 13.3 27.9 80 105 7.1 -3.6
"77" "68" 2011-04-03 32.79 "DAL" "@" "POR" "L" -8 1 35.25 0.531 0.417 0 21.3 10.5 10 0 0 6.2 23.2 107 120 10.7 -2.6
"78" "69" 2011-04-06 32.8 "DAL" "" "DEN" "L" -8 1 33.0666666666667 0.592 0.563 0 24.2 12 11.2 0 4.6 0 23.4 133 114 16.5 5.3
"79" "70" 2011-04-08 32.8 "DAL" "" "LAC" "W" 11 1 37.6333333333333 0.625 0.625 0 28.3 13.1 29.5 1.3 0 5.9 19 135 102 19.7 8.5
"80" "71" 2011-04-10 32.81 "DAL" "" "PHO" "W" 25 1 27.6833333333333 0.72 0.636 0 25.8 13.8 15.8 1.9 2.8 13.2 23.8 139 92 17.6 11.1
"81" "72" 2011-04-11 32.81 "DAL" "@" "HOU" "W" 7 1 39.5 0.451 0.364 6.5 22.4 15.9 14.8 2.6 0 7.3 33 93 84 16.1 4.3
"82" "73" 2011-04-13 32.82 "DAL" "" "NOH" "W" 32 1 31.7833333333333 0.609 0.5 4.2 18.4 11.8 12.1 0 0 10.2 43.4 114 99 20.7 -2.2
"1" "1" 2011-12-25 33.52 "DAL" "" "MIA" "L" -11 1 29.2166666666667 0.541 0.4 3.7 17.3 10 23.3 0 0 9.3 31.3 108 109 12.9 3
"2" "2" 2011-12-26 33.52 "DAL" "" "DEN" "L" -22 1 26.2 0.601 0.5 0 17.4 8.7 0 0 0 5.7 30.2 112 122 12.4 0.5
"3" "3" 2011-12-29 33.53 "DAL" "@" "OKC" "L" -2 1 38.8 0.678 0.559 5.4 33 16.3 18.4 0 0 15.7 28.2 125 114 21.3 5.1
"4" "4" 2011-12-30 33.53 "DAL" "" "TOR" "W" 13 1 31.1333333333333 0.495 0.438 0 16.2 7.9 29.1 6.8 2.7 9.9 31.5 97 85 15.9 8.1
"5" "5" 2012-01-01 33.54 "DAL" "@" "MIN" "L" -17 1 32.4833333333333 0.514 0.5 0 12.8 6.6 0 1.6 0 0 29.3 98 110 12 2
"6" "6" 2012-01-02 33.54 "DAL" "" "OKC" "W" 13 1 36.0166666666667 0.697 0.656 3.3 15.9 9.8 15.6 3.1 0 9.7 27.3 133 98 21.9 12.9
"7" "7" 2012-01-04 33.55 "DAL" "" "PHO" "W" 9 1 34.5333333333333 0.498 0.412 2.8 15.4 8.8 34.4 0 0 13 28.3 108 103 13.8 2.6
"8" "8" 2012-01-05 33.55 "DAL" "@" "SAS" "L" -22 1 23.6 0.262 0.273 4.6 20.3 13 0 2.3 3.8 14.9 27 51 101 1 -7.5
"9" "9" 2012-01-07 33.55 "DAL" "" "NOH" "W" 15 1 30.15 0.367 0.182 0 9.1 4.3 22.1 3.5 0 0 21.6 92 90 7.7 -0.7
"10" "10" 2012-01-10 33.56 "DAL" "@" "DET" "W" 14 1 27.9 0.862 0.9 0 33.5 18.5 7.6 0 3.1 16.1 22.6 126 97 14.5 3
"11" "11" 2012-01-11 33.56 "DAL" "@" "BOS" "W" 5 1 38.35 0.587 0.455 5.6 19 11.2 17.4 1.4 2.4 18 20 112 96 13.9 3.8
"12" "12" 2012-01-13 33.57 "DAL" "" "MIL" "W" 26 1 22.2166666666667 0.698 0.643 0 23 13.7 14.2 0 0 0 17 153 89 10.6 6.6
"13" "13" 2012-01-14 33.57 "DAL" "" "SAC" "W" 39 1 20.4166666666667 0.47 0.429 0 7.5 4.3 10.3 2.5 7.2 0 32.4 103 66 8.7 6
"14" "14" 2012-01-16 33.58 "DAL" "@" "LAL" "L" -3 1 32.5833333333333 0.535 0.471 3 20.1 11.1 9.1 0 0 13.3 32.7 96 87 11.7 5.2
"15" "15" 2012-01-18 33.58 "DAL" "@" "LAC" "L" -2 1 33.35 0.45 0.417 0 23.4 11.3 5.7 1.7 6.6 9.6 28.9 91 98 9.1 0.6
"16" "16" 2012-01-19 33.59 "DAL" "@" "UTA" "W" 3 1 37.4666666666667 0.466 0.417 3.9 11.6 8.3 4.2 0 0 7.2 18.8 92 109 6.8 -5.9
"17" "" 2012-01-21 33.59 "DAL" "@" "NOH" "W" 2 NA NA NA NA NA NA NA NA NA NA NA NA NA NA NA NA
"18" "" 2012-01-23 33.6 "DAL" "" "PHO" "W" 6 NA NA NA NA NA NA NA NA NA NA NA NA NA NA NA NA
"19" "" 2012-01-25 33.6 "DAL" "" "MIN" "L" -15 NA NA NA NA NA NA NA NA NA NA NA NA NA NA NA NA
"20" "" 2012-01-27 33.61 "DAL" "" "UTA" "W" 15 NA NA NA NA NA NA NA NA NA NA NA NA NA NA NA NA
"21" "17" 2012-01-29 33.61 "DAL" "" "SAS" "W" 1 1 37.9 0.357 0.357 2.6 31.7 17 3.8 1.5 0 0 17.3 88 100 7 -5.3
"22" "18" 2012-01-30 33.62 "DAL" "@" "PHO" "W" 23 1 28.4666666666667 0.46 0.4 4.7 12.3 8.8 16.3 0 0 0 17.5 123 113 9 -3.2
"23" "19" 2012-02-01 33.62 "DAL" "" "OKC" "L" -9 1 37.6666666666667 0.239 0.133 0 20.8 10.3 9.3 2.7 0 0 19.6 59 97 2.5 -6.4
"24" "20" 2012-02-03 33.63 "DAL" "" "IND" "L" -11 1 33.3833333333333 0.764 0.735 0 22.9 11.2 16.2 0 0 16.9 32.5 123 112 20.8 8.5
"25" "21" 2012-02-04 33.63 "DAL" "@" "CLE" "L" -3 1 35.2166666666667 0.698 0.667 4.1 18.3 12.8 20.7 0 3.9 22.5 30.3 105 100 17.6 7
"26" "22" 2012-02-08 33.64 "DAL" "@" "DEN" "W" 10 1 34.9333333333333 0.599 0.575 0 28.8 14.7 14.3 1.5 3 4.6 28.4 120 101 20.1 6.7
"27" "23" 2012-02-10 33.65 "DAL" "@" "MIN" "W" 7 1 35.0666666666667 0.705 0.684 3.3 9.5 6.4 17.2 1.3 7.3 4.1 28.3 137 96 27.5 17.2
"28" "24" 2012-02-11 33.65 "DAL" "" "POR" "W" 3 1 44.5 0.442 0.35 3 17.7 11.4 4.4 0 0 8.1 27.8 90 91 10.2 -1.6
"29" "25" 2012-02-13 33.65 "DAL" "" "LAC" "W" 4 1 31.8833333333333 0.509 0.367 0 27 12.3 11 3.3 0 4.4 33.3 105 95 15.2 5.3
"30" "26" 2012-02-15 33.66 "DAL" "" "DEN" "W" 18 1 24.95 0.466 0.417 0 11.3 6.1 28.1 2.2 3.4 13.4 28.2 96 95 7.8 -1.1
"31" "27" 2012-02-17 33.67 "DAL" "@" "PHI" "W" 7 1 37.3 0.568 0.5 0 29.1 15.6 14.2 0 0 0 30.5 121 82 21.6 14.5
"32" "28" 2012-02-19 33.67 "DAL" "@" "NYK" "L" -7 1 38.05 0.71 0.65 3.2 12.3 7.8 17.1 2.8 0 14.3 32.8 129 115 25.2 11.2
"33" "29" 2012-02-20 33.67 "DAL" "" "BOS" "W" 16 1 30.1 0.496 0.438 6.3 50.7 26.9 8 1.8 6.4 3.7 42 102 73 20.5 13.5
"34" "30" 2012-02-22 33.68 "DAL" "" "LAL" "L" -5 1 35.8666666666667 0.49 0.432 5.1 29.1 16.2 11.2 1.5 0 0 31.3 120 103 18 6
"35" "31" 2012-02-28 33.7 "DAL" "" "NJN" "L" -1 1 36.1833333333333 0.503 0.447 9.1 18.1 13 5.8 4.2 0 4 28.8 110 95 19.2 8.2
"36" "32" 2012-02-29 33.7 "DAL" "@" "MEM" "L" -11 1 9.65 0.266 0 12.1 42.6 26.2 14.2 0 0 51.5 18.7 50 104 0.2 -10.7
"37" "33" 2012-03-02 33.7 "DAL" "@" "NOH" "L" -5 1 35.4833333333333 0.5 0.5 9.4 19.8 14.5 9.8 1.6 0 24 34 80 111 8 -5.6
"38" "34" 2012-03-03 33.71 "DAL" "" "UTA" "W" 6 1 28.8333333333333 0.787 0.738 4.5 19.8 12.6 0 1.8 0 13.6 48.7 131 106 28.9 15.1
"39" "35" 2012-03-05 33.71 "DAL" "@" "OKC" "L" -4 1 37.8666666666667 0.579 0.545 0 15.5 7.8 0 0 0 11.4 33.2 102 115 12.9 -0.4
"40" "36" 2012-03-06 33.72 "DAL" "" "NYK" "W" 10 1 34.0666666666667 0.601 0.444 0 8.5 4.4 7.1 1.5 0 7.9 33.5 118 96 18.8 7.5
"41" "37" 2012-03-08 33.72 "DAL" "@" "PHO" "L" -2 1 35.5166666666667 0.567 0.533 3.2 21.3 11.8 9.9 1.5 0 5.9 22.2 113 106 13.4 1.8
"42" "38" 2012-03-09 33.72 "DAL" "@" "SAC" "L" -13 1 28.9333333333333 0.454 0.385 4 35.9 19.1 5.4 1.8 2.9 17.3 25.9 91 115 8 -5.6
"43" "39" 2012-03-10 33.73 "DAL" "@" "GSW" "L" -24 1 30.1666666666667 0.564 0.469 3.2 14 7.7 0 1.6 0 9.3 31.9 103 115 13.8 2.1
"44" "40" 2012-03-13 33.73 "DAL" "" "WAS" "W" 9 1 28.1166666666667 0.811 0.786 0 13.7 7.6 19 0 0 10.7 30.4 147 108 20.1 11.7
"45" "41" 2012-03-15 33.74 "DAL" "" "CHA" "W" 5 1 33.4 0.561 0.5 0 20.5 9.9 28.7 0 0 4 34.2 123 109 19 6.9
"46" "42" 2012-03-17 33.75 "DAL" "" "SAS" "W" 7 1 36.1 0.611 0.526 3.4 15.1 9.6 21.2 0 0 15.3 34.3 113 112 17.5 3.7
"47" "43" 2012-03-19 33.75 "DAL" "@" "DEN" "W" 17 1 31.35 0.733 0.711 4.4 34 21.1 34.5 0 2.5 11.8 37.4 130 98 28.5 15.7
"48" "44" 2012-03-21 33.76 "DAL" "" "LAL" "L" -16 1 35.8 0.516 0.478 9.1 30.3 17.9 24.8 3 0 3.8 35.6 111 122 20.7 8.5
"49" "45" 2012-03-23 33.76 "DAL" "@" "SAS" "L" -17 1 37.1166666666667 0.338 0.238 0 6.2 2.9 10.5 0 0 7.8 33.7 68 120 2.9 -10.8
"50" "46" 2012-03-24 33.76 "DAL" "@" "HOU" "W" 2 1 39 0.635 0.55 0 19.4 10.6 17.4 0 3.8 0 34 132 110 25 12.5
"51" "47" 2012-03-27 33.77 "DAL" "" "HOU" "W" 9 1 35.3666666666667 0.471 0.294 0 18.5 9.9 15 0 0 4.3 33.3 98 94 13.2 0.5
"52" "48" 2012-03-29 33.78 "DAL" "@" "MIA" "L" -21 1 34.3 0.566 0.474 3.6 20.6 11.5 20.6 1.6 2.2 12 35.6 105 116 17.1 5.8
"53" "49" 2012-03-30 33.78 "DAL" "@" "ORL" "W" 2 1 36.6833333333333 0.651 0.556 0 9.3 4.7 10 0 2.8 4.4 30 126 110 19.8 6.2
"54" "50" 2012-04-02 33.79 "DAL" "" "LAC" "L" -19 1 35.8 0.603 0.536 0 12.5 6.2 0 1.6 2.6 11.3 24.7 107 110 12.5 4.6
"55" "51" 2012-04-04 33.79 "DAL" "" "MEM" "W" 10 1 37.9166666666667 0.569 0.556 6.5 22 14.9 9.3 1.4 1.9 0 25.8 124 96 20.1 7.3
"56" "52" 2012-04-06 33.8 "DAL" "" "POR" "L" -2 1 42.5833333333333 0.648 0.594 2.7 33 18.3 8.1 0 1.7 5.3 21.9 129 100 20.7 7.6
"57" "53" 2012-04-07 33.8 "DAL" "@" "MEM" "L" -5 1 35.8 0.479 0.406 0 25.5 13.6 9.8 0 0 14.5 29.2 88 108 8.6 -3.6
"58" "54" 2012-04-10 33.81 "DAL" "" "SAC" "W" 10 1 29.3 0.451 0.321 6.7 20.9 13.7 0 0 2.4 5.7 24 105 100 8.1 -5.1
"59" "55" 2012-04-12 33.82 "DAL" "@" "GSW" "W" 9 1 36.5333333333333 0.518 0.457 0 3.1 1.5 12.8 1.4 0 7.1 34.5 107 121 13.9 -5.6
"60" "56" 2012-04-13 33.82 "DAL" "@" "POR" "W" 3 1 37.1833333333333 0.761 0.714 0 24.2 13.1 13.1 1.4 2.2 24.1 25 123 102 17.7 8.8
"61" "57" 2012-04-15 33.82 "DAL" "@" "LAL" "L" -4 1 42.8833333333333 0.409 0.375 0 33.9 18.4 4.1 0 1.6 6.4 38.5 79 113 11.6 -5.8
"62" "58" 2012-04-16 33.83 "DAL" "@" "UTA" "L" -2 1 52.95 0.639 0.538 2.6 19.8 11.4 26.9 0 0 8.8 32.9 126 114 29.7 7.8
"63" "59" 2012-04-18 33.83 "DAL" "" "HOU" "W" 7 1 38.5333333333333 0.752 0.639 0 11.9 6.2 8.7 1.4 0 0 28.3 163 123 28.8 12
"64" "60" 2012-04-20 33.84 "DAL" "" "GSW" "W" 10 1 27.15 0.538 0.5 4.3 15.4 10.2 13.8 0 0 21.2 30.2 93 105 7.1 -6.1
"65" "61" 2012-04-21 33.84 "DAL" "@" "CHI" "L" -10 1 32.7 0.494 0.433 3.1 21.5 11.5 0 0 0 0 25.4 107 108 9.8 1
"66" "62" 2012-04-26 33.85 "DAL" "@" "ATL" "L" -17 1 26.15 0.729 0.625 0 15.3 6.8 9.1 0 0 21 33.6 112 117 13.2 2.3
"1" "" 2012-10-30 34.36 "DAL" "@" "LAL" "W" 8 NA NA NA NA NA NA NA NA NA NA NA NA NA NA NA NA
"2" "" 2012-10-31 34.37 "DAL" "@" "UTA" "L" -19 NA NA NA NA NA NA NA NA NA NA NA NA NA NA NA NA
"3" "" 2012-11-03 34.38 "DAL" "" "CHA" "W" 27 NA NA NA NA NA NA NA NA NA NA NA NA NA NA NA NA
"4" "" 2012-11-05 34.38 "DAL" "" "POR" "W" 23 NA NA NA NA NA NA NA NA NA NA NA NA NA NA NA NA
"5" "" 2012-11-07 34.39 "DAL" "" "TOR" "W" 5 NA NA NA NA NA NA NA NA NA NA NA NA NA NA NA NA
"6" "" 2012-11-09 34.39 "DAL" "@" "NYK" "L" -10 NA NA NA NA NA NA NA NA NA NA NA NA NA NA NA NA
"7" "" 2012-11-10 34.39 "DAL" "@" "CHA" "L" -4 NA NA NA NA NA NA NA NA NA NA NA NA NA NA NA NA
"8" "" 2012-11-12 34.4 "DAL" "" "MIN" "L" -8 NA NA NA NA NA NA NA NA NA NA NA NA NA NA NA NA
"9" "" 2012-11-14 34.41 "DAL" "" "WAS" "W" 6 NA NA NA NA NA NA NA NA NA NA NA NA NA NA NA NA
"10" "" 2012-11-16 34.41 "DAL" "@" "IND" "L" -20 NA NA NA NA NA NA NA NA NA NA NA NA NA NA NA NA
"11" "" 2012-11-17 34.41 "DAL" "@" "CLE" "W" 8 NA NA NA NA NA NA NA NA NA NA NA NA NA NA NA NA
"12" "" 2012-11-19 34.42 "DAL" "" "GSW" "L" -4 NA NA NA NA NA NA NA NA NA NA NA NA NA NA NA NA
"13" "" 2012-11-21 34.42 "DAL" "" "NYK" "W" 3 NA NA NA NA NA NA NA NA NA NA NA NA NA NA NA NA
"14" "" 2012-11-24 34.43 "DAL" "" "LAL" "L" -26 NA NA NA NA NA NA NA NA NA NA NA NA NA NA NA NA
"15" "" 2012-11-27 34.44 "DAL" "@" "PHI" "L" -2 NA NA NA NA NA NA NA NA NA NA NA NA NA NA NA NA
"16" "" 2012-11-28 34.44 "DAL" "@" "CHI" "L" -23 NA NA NA NA NA NA NA NA NA NA NA NA NA NA NA NA
"17" "" 2012-12-01 34.45 "DAL" "" "DET" "W" 15 NA NA NA NA NA NA NA NA NA NA NA NA NA NA NA NA
"18" "" 2012-12-05 34.46 "DAL" "@" "LAC" "L" -22 NA NA NA NA NA NA NA NA NA NA NA NA NA NA NA NA
"19" "" 2012-12-06 34.47 "DAL" "@" "PHO" "W" 3 NA NA NA NA NA NA NA NA NA NA NA NA NA NA NA NA
"20" "" 2012-12-08 34.47 "DAL" "@" "HOU" "W" 7 NA NA NA NA NA NA NA NA NA NA NA NA NA NA NA NA
"21" "" 2012-12-10 34.48 "DAL" "" "SAC" "W" 23 NA NA NA NA NA NA NA NA NA NA NA NA NA NA NA NA
"22" "" 2012-12-12 34.48 "DAL" "@" "BOS" "L" -2 NA NA NA NA NA NA NA NA NA NA NA NA NA NA NA NA
"23" "" 2012-12-14 34.49 "DAL" "@" "TOR" "L" -21 NA NA NA NA NA NA NA NA NA NA NA NA NA NA NA NA
"24" "" 2012-12-15 34.49 "DAL" "@" "MIN" "L" -8 NA NA NA NA NA NA NA NA NA NA NA NA NA NA NA NA
"25" "" 2012-12-18 34.5 "DAL" "" "PHI" "W" 7 NA NA NA NA NA NA NA NA NA NA NA NA NA NA NA NA
"26" "" 2012-12-20 34.5 "DAL" "" "MIA" "L" -15 NA NA NA NA NA NA NA NA NA NA NA NA NA NA NA NA
"27" "" 2012-12-21 34.51 "DAL" "@" "MEM" "L" -10 NA NA NA NA NA NA NA NA NA NA NA NA NA NA NA NA
"28" "1" 2012-12-23 34.51 "DAL" "@" "SAS" "L" -38 0 20.0333333333333 0.82 0.875 0 37.8 18 0 2.4 0 0 11 155 127 8.4 3.1
"29" "2" 2012-12-27 34.52 "DAL" "@" "OKC" "L" -6 0 26.4833333333333 0.379 0.318 0 22.7 11.8 5.9 0 2.9 7.8 22.4 77 110 4.3 -5.8
"30" "3" 2012-12-28 34.53 "DAL" "" "DEN" "L" -21 0 18.1166666666667 0.25 0.25 0 5.6 2.6 9.6 2.7 0 0 23.8 60 112 0.8 -5.7
"31" "4" 2012-12-30 34.53 "DAL" "" "SAS" "L" -25 0 22.5 0.405 0.333 4.1 22.5 11.9 13.5 0 10.3 9.2 21 89 111 6.9 2.1
"32" "5" 2013-01-01 34.54 "DAL" "@" "WAS" "W" 9 0 16.9833333333333 0.786 0.786 0 12.3 6.6 10.5 0 0 12.5 22.7 127 109 7.6 3.8
"33" "6" 2013-01-02 34.54 "DAL" "@" "MIA" "L" -10 0 29.2333333333333 0.567 0.533 0 23.6 11.7 6.4 0 0 10.7 29.4 102 118 10.2 -0.2
"34" "7" 2013-01-05 34.55 "DAL" "" "NOH" "L" -3 1 34.0833333333333 0.536 0.5 0 22.2 10.8 11.1 1.7 0 9.7 32.2 98 107 12.2 0.1
"35" "8" 2013-01-07 34.55 "DAL" "@" "UTA" "L" -6 1 32.15 0.635 0.571 0 14.9 8 30.4 0 2.5 16 28.1 111 110 15.3 8
"36" "9" 2013-01-09 34.56 "DAL" "@" "LAC" "L" -6 1 33.0333333333333 0.48 0.423 6.9 14.9 10.8 20.2 1.6 2.6 20.4 27.2 90 108 9.4 0.1
"37" "10" 2013-01-10 34.56 "DAL" "@" "SAC" "W" 5 1 40.4 0.381 0.357 10.7 14.9 12.7 12.4 1.2 0 8.2 25.9 91 108 8.9 -4.7
"38" "11" 2013-01-12 34.57 "DAL" "" "MEM" "W" 21 1 27.75 0.767 0.813 0 20.3 11.7 17.1 0 2.3 0 19.5 160 97 16.4 14.4
"39" "12" 2013-01-14 34.57 "DAL" "" "MIN" "W" 15 1 33.3 0.417 0.417 0 5.9 3.6 22.3 0 0 0 18.6 103 117 8.4 -3.2
"40" "13" 2013-01-16 34.58 "DAL" "" "HOU" "W" 5 1 33.4333333333333 0.603 0.536 0 25.5 11.6 6.3 0 2.5 6 20.9 114 99 13.6 2.9
"41" "14" 2013-01-18 34.58 "DAL" "" "OKC" "L" -3 1 40.7 0.392 0.263 2.8 19.7 11.8 3.8 1.2 0 4.2 26 88 110 10.1 -5.2
"42" "15" 2013-01-20 34.59 "DAL" "@" "ORL" "W" 6 1 31.7333333333333 0.47 0.409 3.2 23.9 12.5 15.5 0 7.8 7.3 19.9 105 109 11.1 -1
"43" "16" 2013-01-25 34.6 "DAL" "" "SAS" "L" -6 1 34.3333333333333 0.49 0.429 2.9 9.3 6 16.6 0 0 11.5 21.4 100 116 9.6 -2.8
"44" "17" 2013-01-27 34.61 "DAL" "" "PHO" "W" 15 1 30.3333333333333 0.571 0.536 3.8 23.7 13.5 4.7 0 0 0 22.9 126 101 12.6 1.2
"45" "18" 2013-01-29 34.61 "DAL" "@" "POR" "L" -2 1 34.2833333333333 0.594 0.571 0 12.4 6.5 21.1 0 0 8.4 31.4 112 118 17.3 3.8
"46" "" 2013-01-31 34.62 "DAL" "@" "GSW" "L" -3 NA NA NA NA NA NA NA NA NA NA NA NA NA NA NA NA
"47" "" 2013-02-01 34.62 "DAL" "@" "PHO" "W" 10 NA NA NA NA NA NA NA NA NA NA NA NA NA NA NA NA
"48" "19" 2013-02-04 34.63 "DAL" "@" "OKC" "L" -21 1 26.7 0.392 0.273 0 12.8 6.1 17.6 0 2.9 7.3 22.5 82 116 5.8 -3.1
"49" "20" 2013-02-06 34.64 "DAL" "" "POR" "W" 6 1 34.5833333333333 0.402 0.395 3 23.1 12.6 8.9 1.5 0 0 27 93 110 9.9 -3.5
"50" "21" 2013-02-09 34.64 "DAL" "" "GSW" "W" 25 1 25.8 0.445 0.292 4.5 16.9 11.6 5.7 0 2.5 0 30.2 101 97 9.4 -4.7
"51" "22" 2013-02-11 34.65 "DAL" "" "ATL" "L" -4 1 35.75 0.721 0.679 2.8 21.8 11.1 9.9 2.8 2.6 0 20.5 146 104 22.8 13.2
"52" "23" 2013-02-13 34.65 "DAL" "" "SAC" "W" 23 1 30.4333333333333 0.79 0.722 3.4 23 13.3 28.2 4.8 2.5 15.7 17.4 149 94 21.4 14.7
"53" "24" 2013-02-20 34.67 "DAL" "" "ORL" "W" 15 1 30.0333333333333 0.407 0.308 0 30.6 16.5 18 1.7 2.3 0 22.5 98 97 11.3 -0.8
"54" "25" 2013-02-22 34.68 "DAL" "@" "NOH" "W" 4 1 32.7833333333333 0.682 0.647 6.7 16.3 11.5 23.1 1.6 0 5.2 27.1 140 112 21.6 7.9
"55" "26" 2013-02-24 34.68 "DAL" "" "LAL" "L" -4 1 38.7833333333333 0.708 0.684 0 41.3 18.1 4.9 4 0 8.6 26.7 129 102 25.9 14
"56" "27" 2013-02-26 34.69 "DAL" "" "MIL" "L" -5 1 35.25 0.591 0.531 8.7 48.2 28.7 16.3 2.8 0 14.5 24.7 114 90 20.9 11.7
"57" "28" 2013-02-27 34.69 "DAL" "@" "MEM" "L" -6 1 33.0666666666667 0.421 0.364 0 14.5 7.2 10.7 0 6.8 7.8 17.7 84 98 6.4 -0.2
"58" "29" 2013-03-01 34.7 "DAL" "@" "BRK" "W" 8 1 33.6166666666667 0.653 0.607 0 32.6 15.2 10.4 1.6 2.6 6.1 24 124 98 17.9 7.3
"59" "30" 2013-03-03 34.7 "DAL" "@" "HOU" "L" -33 1 26.5833333333333 0.41 0.25 8.2 10.9 9.4 21 1.8 3.9 23.5 21.2 89 137 5.9 -5.1
"60" "31" 2013-03-06 34.71 "DAL" "" "HOU" "W" 4 1 32.8 0.635 0.594 7.9 12.2 10 13.8 0 3.2 5.5 26.8 125 118 16.5 2
"61" "32" 2013-03-08 34.72 "DAL" "@" "DET" "W" 3 1 31.3666666666667 0.429 0.429 0 19.5 11.5 9.6 0 0 12.5 25.3 76 107 5.3 -11.4
"62" "33" 2013-03-10 34.72 "DAL" "@" "MIN" "W" 23 1 28.2666666666667 0.615 0.615 0 29.4 15.4 0 1.8 0 23.5 26.6 86 81 9 -0.3
"63" "34" 2013-03-12 34.73 "DAL" "@" "MIL" "W" 7 1 31.1166666666667 0.625 0.577 0 37.7 20.4 15.3 1.6 2.3 6.2 24.3 120 105 18.4 7.3
"64" "35" 2013-03-14 34.73 "DAL" "@" "SAS" "L" -1 1 34.5833333333333 0.563 0.469 0 38.2 18.2 14.5 6.1 2 5.1 27.7 112 86 19.7 12.2
"65" "36" 2013-03-15 34.74 "DAL" "" "CLE" "W" 10 1 32.5833333333333 0.382 0.382 7.4 29.5 19.1 18.3 3.1 2.4 10.5 27.2 84 84 10.7 0.6
"66" "37" 2013-03-17 34.74 "DAL" "" "OKC" "L" -6 1 33.8 0.978 0.95 3.4 22.4 12.4 5.3 1.5 0 7.8 17.4 178 114 21.2 12.6
"67" "38" 2013-03-18 34.75 "DAL" "@" "ATL" "W" 14 1 30.1666666666667 0.806 0.727 0 28.1 13.6 20 0 2.9 0 20.3 177 118 22.7 12.6
"68" "39" 2013-03-20 34.75 "DAL" "" "BRK" "L" -17 1 35.8 0.8 0.8 6.9 13.4 10.2 4.6 0 2 9.1 15.1 147 127 13.6 1.8
"69" "40" 2013-03-22 34.76 "DAL" "" "BOS" "W" 10 1 32.0666666666667 0.64 0.567 3.7 20 12.2 5.8 0 2.5 10.4 26.5 121 103 15.8 4.5
"70" "41" 2013-03-24 34.76 "DAL" "" "UTA" "W" 5 1 26.2833333333333 0.632 0.615 0 28.1 15.2 14.5 1.9 0 6.9 25.5 120 111 13.5 3.7
"71" "42" 2013-03-26 34.77 "DAL" "" "LAC" "W" 7 1 39.4 0.65 0.571 3.3 23.9 14.1 5.6 0 0 3.8 32.6 129 107 24.7 5.6
"72" "43" 2013-03-28 34.77 "DAL" "" "IND" "L" -25 1 32.7 0.503 0.5 0 24.5 11.5 8.5 1.6 2.1 12.6 35 84 110 11.3 1.6
"73" "44" 2013-03-30 34.78 "DAL" "" "CHI" "W" 2 1 33.7333333333333 0.979 0.971 0 24.3 12.8 7.1 0 2.4 10.1 28.9 162 111 29 20.9
"74" "45" 2013-04-02 34.79 "DAL" "@" "LAL" "L" -20 1 33.2833333333333 0.352 0.346 0 15 7.7 30.7 1.6 2.5 6 24.2 81 111 7.5 0.1
"75" "46" 2013-04-04 34.79 "DAL" "@" "DEN" "L" -1 1 35 0.65 0.65 0 16.5 9 0 1.5 5.7 23.1 17.4 89 103 10.3 1.6
"76" "47" 2013-04-05 34.79 "DAL" "@" "SAC" "W" 9 1 28.6 0.522 0.464 0 21.9 11.4 9.3 1.7 0 0 23.9 112 109 12 -0.5
"77" "48" 2013-04-07 34.8 "DAL" "@" "POR" "W" 5 1 23.7333333333333 0.381 0.286 4.4 19.7 11.6 16 6.5 0 11.3 16.7 92 90 7.5 1.8
"78" "49" 2013-04-10 34.81 "DAL" "" "PHO" "L" -11 1 33.9166666666667 0.498 0.389 8.5 14.7 11.6 16.6 0 0 4.5 29.1 114 117 14.7 2.2
"79" "50" 2013-04-12 34.81 "DAL" "" "DEN" "W" 3 1 40.4666666666667 0.615 0.588 0 26.2 13.4 16.8 0 0 14.4 22.3 112 101 15.7 2.8
"80" "51" 2013-04-14 34.82 "DAL" "@" "NOH" "W" 18 1 26.5333333333333 0.603 0.536 0 20.9 12.3 5.6 0 5.6 0 29.2 128 101 15.1 5.5
"81" "52" 2013-04-15 34.82 "DAL" "" "MEM" "L" -6 1 34.9 0.592 0.5 3.3 6.3 4.8 17.9 0 0 8.3 32.3 117 120 16 3.1
"82" "53" 2013-04-17 34.83 "DAL" "" "NOH" "W" 12 1 28.0666666666667 0.504 0.467 4.3 24.9 16.2 22.8 0 2.3 0 27.8 114 92 14.1 3.9
"1" "1" 2013-10-30 35.36 "DAL" "" "ATL" "W" 9 1 33 0.761 0.714 0 14.5 7.8 22.5 0 0 6 22.7 148 112 19.5 8.4
"2" "2" 2013-11-01 35.37 "DAL" "@" "HOU" "L" -8 1 29.7166666666667 0.554 0.4 6 8.1 6.9 11.4 0 0 4.8 26.9 124 116 13.5 2.2
"3" "3" 2013-11-02 35.37 "DAL" "" "MEM" "W" 12 1 32.3666666666667 0.615 0.531 0 18.5 9.3 6.9 3.1 0 9.3 28.7 118 101 16.5 5.3
"4" "4" 2013-11-05 35.38 "DAL" "" "LAL" "W" 19 1 28.1 0.557 0.5 4.7 24.4 16.1 16.2 3.4 0 9.2 16.6 124 100 12.5 2.4
"5" "5" 2013-11-06 35.38 "DAL" "@" "OKC" "L" -14 1 34.4 0.581 0.5 0 23.9 10.5 14.4 4.2 0 22.5 22.1 98 102 11.7 3.6
"6" "6" 2013-11-08 35.39 "DAL" "@" "MIN" "L" -8 1 31.4333333333333 0.568 0.5 0 10.9 5.5 4.2 1.6 2.2 24.5 21.9 92 123 6.8 -5.8
"7" "7" 2013-11-09 35.39 "DAL" "@" "MIL" "W" 8 1 32.3 0.454 0.333 0 19.4 10 0 1.6 0 5.4 26.1 97 91 8.9 -3.6
"8" "8" 2013-11-12 35.4 "DAL" "" "WAS" "W" 10 1 31.55 0.478 0.474 3.5 25.4 14.2 10.6 3.2 3.1 4.8 29.6 100 93 13.2 3
"9" "9" 2013-11-15 35.41 "DAL" "@" "MIA" "L" -6 1 35.65 0.854 0.792 0 25.2 11.9 15.4 2.7 2.2 23.4 26.9 129 110 22.8 9.7
"10" "10" 2013-11-16 35.41 "DAL" "@" "ORL" "W" 8 1 33.3 0.699 0.667 0 19.2 8.2 12.6 0 0 0 18.6 139 114 14.1 3.5
"11" "11" 2013-11-18 35.42 "DAL" "" "PHI" "W" 3 1 32.8333333333333 0.613 0.567 0 24 13.8 19.7 1.5 1.9 15.5 25.8 104 90 15.7 2.6
"12" "12" 2013-11-20 35.42 "DAL" "" "HOU" "W" 3 1 33.6333333333333 0.758 0.7 4.9 23.1 15.1 24.3 1.5 3.2 4.2 33.9 154 129 31 11.9
"13" "13" 2013-11-22 35.43 "DAL" "" "UTA" "W" 10 1 31.6666666666667 0.527 0.393 4.3 24.6 14.7 5 1.7 0 5.5 26.6 122 105 13 -0.6
"14" "14" 2013-11-23 35.43 "DAL" "@" "DEN" "L" -2 1 34.3666666666667 0.52 0.409 0 31.4 15.1 6.2 0 3 0 33.3 110 102 18.5 4.5
"15" "15" 2013-11-25 35.44 "DAL" "" "DEN" "L" -14 1 31.1 0.523 0.467 3.7 21.4 11.9 11.4 1.7 0 10.4 28.7 103 120 12.1 0.4
"16" "16" 2013-11-27 35.44 "DAL" "" "GSW" "W" 4 1 32.8833333333333 0.579 0.579 0 21.4 9.2 15.7 3 2.8 0 25.4 119 98 19.3 10.6
"17" "17" 2013-11-29 35.45 "DAL" "@" "ATL" "L" -1 1 31.3 0.559 0.5 3.5 7.1 5.3 7.7 0 0 6.5 22.5 111 103 8.7 -0.5
"18" "18" 2013-11-30 35.45 "DAL" "" "MIN" "L" -6 1 32.5833333333333 0.829 0.808 0 19.4 9.1 29.2 1.6 0 12.6 21.7 148 123 21.4 11.8
"19" "19" 2013-12-03 35.46 "DAL" "" "CHA" "W" 7 1 34.9833333333333 0.56 0.524 0 8.6 4.3 7.1 0 2.2 8.2 33.9 101 96 14.6 6.3
"20" "20" 2013-12-04 35.46 "DAL" "@" "NOP" "W" 3 1 32.1 0.512 0.441 0 21.8 10.9 16.9 3.2 8.3 4.6 31.3 104 93 18.7 9.2
"21" "21" 2013-12-07 35.47 "DAL" "@" "POR" "W" 2 1 35.8666666666667 0.64 0.63 3.3 14.5 9.3 32.8 0 2.3 0 30.2 137 114 25.7 14.2
"22" "22" 2013-12-09 35.47 "DAL" "@" "SAC" "L" -15 1 31.2333333333333 0.551 0.5 0 22.5 10.2 41 2.9 5.5 15.5 24.8 103 102 17.4 10.5
"23" "23" 2013-12-11 35.48 "DAL" "@" "GSW" "L" -2 1 34.7 0.648 0.607 0 19.8 10.4 10.1 1.5 4.8 11 23.9 114 97 16.7 8.2
"24" "" 2013-12-14 35.49 "DAL" "" "MIL" "W" 13 NA NA NA NA NA NA NA NA NA NA NA NA NA NA NA NA
"25" "24" 2013-12-18 35.5 "DAL" "" "MEM" "W" 14 1 27.0666666666667 0.63 0.6 5.5 16.7 12.5 36.9 4.1 2.4 11.2 32.3 127 98 18.3 9.6
"26" "25" 2013-12-20 35.5 "DAL" "" "TOR" "L" -1 1 42.8833333333333 0.49 0.5 5.7 18 12.2 18.4 0 0 0 25.1 114 117 15.6 -0.6
"27" "26" 2013-12-21 35.51 "DAL" "@" "PHO" "L" -15 1 30.0333333333333 0.535 0.441 3.7 21 11.8 4.9 0 2.9 4.8 29.4 115 131 13.7 -1.5
"28" "27" 2013-12-23 35.51 "DAL" "@" "HOU" "W" 7 1 35.2333333333333 0.706 0.639 0 25.5 11.8 16.3 1.5 5.3 4.4 31.2 143 115 27.7 12.2
"29" "28" 2013-12-26 35.52 "DAL" "" "SAS" "L" -9 1 35.5666666666667 0.666 0.618 0 16.9 7.8 10.6 2.7 0 5.1 23.7 130 115 19.4 6.7
"30" "29" 2013-12-28 35.53 "DAL" "@" "CHI" "W" 22 1 30.6166666666667 0.567 0.533 0 12.1 6.4 24.8 1.8 8.3 15.9 29.9 106 89 12.8 7
"31" "30" 2013-12-30 35.53 "DAL" "@" "MIN" "W" 2 1 33.3833333333333 0.437 0.412 0 17.1 8.5 13.9 0 0 0 25.5 95 112 8.9 -6
"32" "31" 2014-01-01 35.54 "DAL" "@" "WAS" "W" 9 1 31.65 0.294 0.214 3.5 12.9 8.4 23.8 1.7 0 11.5 25.5 72 91 3.3 -6.6
"33" "32" 2014-01-03 35.54 "DAL" "" "LAC" "L" -7 1 32.9166666666667 0.706 0.706 0 14.2 6.9 19.2 3.1 0 5.6 25 135 125 21.1 12.9
"34" "33" 2014-01-05 35.55 "DAL" "" "NYK" "L" -12 1 34.15 0.602 0.591 0 35.1 15.6 6 1.6 0 6.3 23.4 115 102 14.5 7.5
"35" "34" 2014-01-07 35.55 "DAL" "" "LAL" "W" 13 1 30.9833333333333 0.62 0.6 0 24.1 12.6 21.1 0 0 8.4 33.9 113 104 20.3 4.1
"36" "35" 2014-01-08 35.56 "DAL" "@" "SAS" "L" -22 1 27.3333333333333 0.269 0.214 0 25.1 10.1 10.4 1.9 3.1 6.3 26.9 59 119 2.2 -9.7
"37" "36" 2014-01-10 35.56 "DAL" "@" "NOP" "W" 17 1 28.2 0.632 0.632 0 15.8 8.8 35.5 5.9 4.7 0 33.3 139 93 23 19.9
"38" "37" 2014-01-11 35.56 "DAL" "" "NOP" "W" 3 1 33.45 0.74 0.625 0 15.1 7.4 36.7 3.1 0 3.6 39.9 145 114 33.8 19.5
"39" "38" 2014-01-13 35.57 "DAL" "" "ORL" "W" 19 1 28.1833333333333 0.593 0.45 0 21.8 11.1 10.3 0 3.3 19.2 27.3 105 101 9.4 -3
"40" "39" 2014-01-15 35.58 "DAL" "@" "LAC" "L" -2 1 32.7166666666667 0.529 0.432 0 28.6 13.8 11.2 0 0 0 32.5 130 133 17.7 -1.4
"41" "40" 2014-01-17 35.58 "DAL" "@" "PHO" "W" 3 1 34.9 0.622 0.625 0 12.7 7.6 8.7 1.4 1.9 5.6 22.9 119 109 16.6 5.2
"42" "41" 2014-01-18 35.58 "DAL" "" "POR" "L" -16 1 21.65 0.469 0.382 0 16.6 7.8 0 0 3.5 0 39.1 95 125 8.9 -2.7
"43" "42" 2014-01-20 35.59 "DAL" "@" "CLE" "W" 5 1 35 0.407 0.4 3.4 27.4 16.1 5.1 0 0 0 27.7 88 104 9.1 -4.9
"44" "" 2014-01-22 35.59 "DAL" "@" "TOR" "L" -8 NA NA NA NA NA NA NA NA NA NA NA NA NA NA NA NA
"45" "43" 2014-01-24 35.6 "DAL" "@" "BRK" "L" -1 1 35.7833333333333 0.475 0.333 8.9 16.3 12 14.7 0 0 13.7 27.4 104 119 11.1 -4.3
"46" "44" 2014-01-26 35.61 "DAL" "" "DET" "W" 10 1 32.1666666666667 0.769 0.719 0 27.4 16.8 21.3 1.6 0 5.2 27.7 152 105 25.1 13.1
"47" "45" 2014-01-29 35.61 "DAL" "" "HOU" "L" -2 1 35.0666666666667 0.735 0.643 12.2 46.8 28 18.5 0 0 7.2 32.9 149 117 34.9 18.2
"48" "46" 2014-01-31 35.62 "DAL" "" "SAC" "W" 4 1 34.1166666666667 0.713 0.605 0 20.1 9.3 12.5 3.3 0 4 35 146 117 27.4 13.4
"49" "47" 2014-02-03 35.63 "DAL" "" "CLE" "W" 17 1 29.5666666666667 0.681 0.656 0 28.9 17.1 11 0 0 10.6 29.3 125 116 16.4 2.6
"50" "48" 2014-02-05 35.63 "DAL" "@" "MEM" "W" 14 1 34.4666666666667 0.825 0.821 0 26.1 12.5 14.9 3.2 0 11.3 24.2 147 106 23.3 15.7
"51" "49" 2014-02-07 35.64 "DAL" "" "UTA" "W" 22 1 26.4666666666667 0.772 0.667 0 12.7 6.4 6.3 0 0 0 23.6 164 98 16.1 9.4
"52" "50" 2014-02-09 35.64 "DAL" "@" "BOS" "W" 11 1 31.9 0.563 0.5 3.6 12.3 8.3 22.7 0 0 5.3 28.3 121 106 15.3 5
"53" "51" 2014-02-11 35.65 "DAL" "@" "CHA" "L" -25 1 24.15 0.743 0.667 0 24.8 11.2 7.3 0 0 0 22.4 152 133 12.4 5.9
"54" "52" 2014-02-12 35.65 "DAL" "@" "IND" "W" 8 1 34.4666666666667 0.571 0.536 5.9 11.9 8.9 6.9 3 2.3 6 22 111 79 14.4 8.3
"55" "53" 2014-02-18 35.67 "DAL" "" "MIA" "L" -11 1 36.2666666666667 0.644 0.536 6.3 25.7 15.3 37.5 1.5 0 5.5 20.8 159 129 23 13.8
"56" "54" 2014-02-21 35.68 "DAL" "@" "PHI" "W" 12 1 27.05 0.97 0.958 6.3 19.7 15.1 22.2 0 2.6 13.4 23.8 156 108 24.2 16
"57" "55" 2014-02-22 35.68 "DAL" "@" "DET" "W" 11 1 30.6 0.578 0.526 0 14.6 7.1 5.2 0 0 4.6 30 119 112 13.6 -1.1
"58" "56" 2014-02-24 35.68 "DAL" "@" "NYK" "W" 2 1 32.4333333333333 0.524 0.462 3.6 0 2 13.8 3.3 0 6.5 22 115 120 11.3 -0.5
"59" "57" 2014-02-26 35.69 "DAL" "" "NOP" "W" 19 1 27.1333333333333 0.628 0.577 0 22.1 12 18.5 4 0 6.5 28.4 119 97 15.5 5
"60" "58" 2014-02-28 35.7 "DAL" "" "CHI" "L" -9 1 34.2666666666667 0.417 0.417 5.6 12.7 8.4 11.6 0 2.7 14.3 27.9 82 115 5.8 -6.6
"61" "59" 2014-03-02 35.7 "DAL" "@" "SAS" "L" -6 1 31.3333333333333 0.573 0.529 3.1 23 12 0 0 2.7 5 28.1 115 121 14.3 0.3
"62" "60" 2014-03-05 35.71 "DAL" "@" "DEN" "L" -5 1 34.35 0.675 0.675 0 23.9 12.9 0 0 0 4.8 27.7 125 123 17.7 1.7
"63" "61" 2014-03-07 35.72 "DAL" "" "POR" "W" 5 1 33.9833333333333 0.498 0.421 0 16.4 8.1 33 3 0 4.3 31.7 109 102 17.4 7.4
"64" "62" 2014-03-09 35.72 "DAL" "" "IND" "W" 11 1 35 0.41 0.25 3 25.9 13.2 4.3 3.1 0 14.9 26.3 85 102 7.9 -5.8
"65" "63" 2014-03-11 35.73 "DAL" "@" "GSW" "L" -23 1 30.3 0.47 0.364 0 25.7 11.1 6.7 1.6 0 0 17.9 104 111 9 -0.1
"66" "64" 2014-03-12 35.73 "DAL" "@" "UTA" "W" 7 1 33.3166666666667 1.012 1 0 25.6 14.6 0 0 0 11.5 25.7 162 108 26 15.1
"67" "65" 2014-03-16 35.74 "DAL" "@" "OKC" "W" 23 1 29.8333333333333 0.638 0.583 5.2 11 8.6 10.6 1.8 0 13.1 24.2 120 98 12.6 3.5
"68" "66" 2014-03-17 35.74 "DAL" "" "BOS" "W" 5 1 32.2 0.519 0.471 0 17.5 9.6 6.2 0 0 5.2 28.7 98 100 10.6 1.5
"69" "67" 2014-03-19 35.75 "DAL" "" "MIN" "L" -1 1 39.0666666666667 0.455 0.407 0 8.3 4.2 0 0 0 6.3 35.2 88 118 9.8 -9.7
"70" "68" 2014-03-21 35.75 "DAL" "" "DEN" "W" 16 1 28.9333333333333 0.643 0.633 0 23.1 12 5 3.5 3.3 5.8 25.5 129 105 16.3 3.6
"71" "69" 2014-03-23 35.76 "DAL" "" "BRK" "L" -3 1 38.4666666666667 0.342 0.167 0 23 11.1 8.5 0 0 12 19.5 79 112 2.6 -10.5
"72" "70" 2014-03-25 35.76 "DAL" "" "OKC" "W" 9 1 38.75 0.603 0.522 3.4 26.8 15.9 27.4 5 2.3 18.5 36.4 112 101 25 7.3
"73" "71" 2014-03-27 35.77 "DAL" "" "LAC" "L" -6 1 35.2 0.541 0.5 3.5 24.2 14.6 14.9 0 0 13.4 28.3 105 116 13.1 -1.3
"74" "72" 2014-03-29 35.78 "DAL" "" "SAC" "W" 3 1 30.2333333333333 0.66 0.5 0 25.8 13.6 42.6 0 2.2 12.2 26.7 130 107 17.7 7.2
"75" "73" 2014-04-01 35.78 "DAL" "" "GSW" "L" -2 1 39.6666666666667 0.739 0.762 2.7 35.2 16.9 13.5 2.8 2.2 0 26.9 153 122 31.2 18.7
"76" "74" 2014-04-03 35.79 "DAL" "@" "LAC" "W" 6 1 34.8 0.689 0.667 0 30.3 17.4 5.1 3 2.2 9.6 28.3 121 105 20.5 8.2
"77" "75" 2014-04-04 35.79 "DAL" "@" "LAL" "W" 12 1 33.7333333333333 0.833 0.821 9.9 18.2 14.2 25.1 0 0 11 22.6 154 103 26.2 15.8
"78" "76" 2014-04-06 35.8 "DAL" "@" "SAC" "W" 2 1 34.05 0.4 0.353 0 4 1.7 14.6 0 2.4 0 25.1 100 108 7.4 -2.4
"79" "77" 2014-04-08 35.8 "DAL" "@" "UTA" "W" 12 1 32.8666666666667 0.918 0.909 0 16.5 10.6 16.3 0 0 0 19.5 184 105 20.8 15.1
"80" "78" 2014-04-10 35.81 "DAL" "" "SAS" "L" -9 1 34.1833333333333 0.586 0.571 0 17.2 9.4 5.1 1.5 0 0 22.2 122 117 14.7 4
"81" "79" 2014-04-12 35.81 "DAL" "" "PHO" "W" 3 1 39.0833333333333 0.686 0.633 0 21.8 11.8 12.6 2.6 2 19.3 24.4 114 101 18.1 7
"82" "80" 2014-04-16 35.82 "DAL" "@" "MEM" "L" -1 1 45.9166666666667 0.643 0.614 0 13.1 6.6 7.7 0 6.8 7.9 26.6 128 117 22.7 9.6
"1" "1" 2014-10-28 36.36 "DAL" "@" "SAS" "L" -1 1 31.6666666666667 0.705 0.636 8 18.4 12.8 11.1 1.8 0 7.3 21.6 143 118 15.5 5.3
"2" "2" 2014-10-30 36.36 "DAL" "" "UTA" "W" 18 1 23.5166666666667 0.756 0.769 0 13.3 7.3 7.1 2.3 4.3 6.7 29.2 141 112 16.6 11.2
"3" "3" 2014-11-01 36.37 "DAL" "@" "NOP" "W" 5 1 29.7666666666667 0.428 0.421 0 20.6 10.6 14.6 0 2.3 16.8 35.2 78 106 5.1 -8.6
"4" "4" 2014-11-03 36.38 "DAL" "" "BOS" "W" 5 1 29.55 0.811 0.786 4.8 19.1 13.4 22.1 0 0 5.7 26.6 160 114 23.5 13.9
"5" "5" 2014-11-06 36.38 "DAL" "@" "POR" "L" -21 1 27.0666666666667 0.464 0.412 0 14 6.1 7.9 0 0 9.8 34.6 86 123 5.9 -3
"6" "6" 2014-11-07 36.39 "DAL" "@" "UTA" "W" 23 1 28.1333333333333 0.75 0.75 0 44.9 20.6 14.7 2 0 0 30.1 151 88 23 21.9
"7" "7" 2014-11-09 36.39 "DAL" "" "MIA" "L" -9 1 29.8666666666667 0.507 0.467 0 30.1 12.2 19 1.8 3 5.6 26.8 110 116 13.1 4.6
"8" "8" 2014-11-11 36.4 "DAL" "" "SAC" "W" 8 1 34.4166666666667 0.741 0.667 0 27.1 12.8 14.8 0 2.6 11.4 24.1 136 108 19.1 7.8
"9" "9" 2014-11-13 36.4 "DAL" "" "PHI" "W" 53 1 20.15 0.948 0.938 0 11.9 7.4 39.2 0 0 8.3 26 175 78 20.1 21.4
"10" "10" 2014-11-15 36.41 "DAL" "" "MIN" "W" 14 1 22.5833333333333 0.759 0.722 0 15.9 7.9 5.4 0 0 0 18.9 158 122 12.3 2.7
"11" "11" 2014-11-17 36.41 "DAL" "@" "CHO" "W" 27 1 25.35 0.464 0.464 0 20.1 11.1 6 0 3.3 6.7 29 89 92 6.3 -6.7
"12" "12" 2014-11-19 36.42 "DAL" "@" "WAS" "W" 3 1 27.7666666666667 0.505 0.458 0 16.1 8 12.8 1.8 0 0 20.9 114 108 8.6 3.1
"13" "13" 2014-11-21 36.42 "DAL" "" "LAL" "W" 34 1 21.4 0.91 0.9 0 10.9 6.2 13.6 0 3.1 0 27.4 189 119 21.5 17.5
"14" "14" 2014-11-22 36.43 "DAL" "@" "HOU" "L" -3 1 30.9666666666667 0.278 0.222 6.3 16.1 11.2 10.8 0 8.6 0 27.4 78 103 4.5 -3.9
"15" "15" 2014-11-24 36.43 "DAL" "" "IND" "L" -11 1 33.4 0.615 0.588 3.4 36.8 19.5 5.3 0 2.8 5.3 26.8 116 116 17.4 5.1
"16" "16" 2014-11-26 36.44 "DAL" "" "NYK" "W" 7 1 38.7833333333333 0.554 0.479 0 16.1 7.5 11.9 4 0 0 30.2 127 97 22.6 9.3
"17" "17" 2014-11-28 36.44 "DAL" "@" "TOR" "W" 4 1 32.2666666666667 0.369 0.342 0 25.9 12.9 4.8 0 2.6 0 29.2 76 105 6.7 -8.4
"18" "" 2014-11-29 36.45 "DAL" "@" "PHI" "W" 7 NA NA NA NA NA NA NA NA NA NA NA NA NA NA NA NA
"19" "18" 2014-12-02 36.45 "DAL" "@" "CHI" "W" 3 1 42.0333333333333 0.463 0.409 2.8 16.9 9.9 38.4 0 0 4 26.7 115 116 16.7 2.5
"20" "" 2014-12-03 36.46 "DAL" "@" "MIL" "W" 2 NA NA NA NA NA NA NA NA NA NA NA NA NA NA NA NA
"21" "19" 2014-12-05 36.46 "DAL" "" "PHO" "L" -12 1 31.6833333333333 0.382 0.2 0 17.3 7.1 0 0 0 7.1 19 85 129 2.8 -9.9
"22" "20" 2014-12-07 36.47 "DAL" "" "MIL" "W" 23 1 25.7333333333333 0.763 0.708 5.7 14.3 10.4 0 2 0 6.8 26.6 144 112 17 2.4
"23" "21" 2014-12-09 36.47 "DAL" "@" "MEM" "L" -9 1 32.2166666666667 0.3 0.235 0 20.8 10.6 18.6 0 2.1 9.8 28.3 77 127 3.2 -11.4
"24" "22" 2014-12-10 36.48 "DAL" "" "NOP" "W" 5 1 30.9166666666667 0.563 0.5 9.1 15.5 12.6 9.8 1.7 0 14.5 32.7 106 118 14 -0.6
"25" "23" 2014-12-13 36.48 "DAL" "" "GSW" "L" -7 1 32.6666666666667 0.551 0.55 13.9 9.8 12 7.4 1.5 0 12.6 29.9 108 111 15.7 5.3
"26" "24" 2014-12-16 36.49 "DAL" "@" "NYK" "W" 20 1 23.2666666666667 0.606 0.5 0 25.2 13.6 32.6 2.3 0 13.2 30.3 125 96 13.9 8
"27" "25" 2014-12-17 36.5 "DAL" "@" "DET" "W" 11 1 31.3333333333333 0.712 0.6 0 33.3 17.6 9.5 1.6 0 7.3 19.3 138 107 17 5.9
"28" "26" 2014-12-20 36.5 "DAL" "" "SAS" "W" 6 1 32.6333333333333 0.401 0.286 3 7.5 5 14.2 0 0 5.8 23.7 95 110 5.6 -6.5
"29" "27" 2014-12-22 36.51 "DAL" "" "ATL" "L" -3 1 30 0.542 0.462 3.2 20 10.7 10.9 0 2.6 16.9 25 99 108 10.6 -1.5
"30" "28" 2014-12-23 36.51 "DAL" "@" "PHO" "L" -9 1 28.8666666666667 0.729 0.667 0 17 8.9 5.7 1.6 0 11.7 23.5 134 116 16 6.8
"31" "29" 2014-12-26 36.52 "DAL" "" "LAL" "W" 4 1 24.4 0.474 0.385 0 27.1 15.3 0 2 0 0 27.2 97 90 9.9 -1.1
"32" "30" 2014-12-28 36.53 "DAL" "" "OKC" "W" 5 1 29.05 0.821 0.692 0 18.8 9.2 12.8 1.6 4.3 5.2 28.4 158 100 26.4 16.7
"33" "31" 2014-12-30 36.53 "DAL" "" "WAS" "W" 27 1 26.85 0.524 0.25 0 34.9 17.4 9.1 0 2.9 7.5 23.5 107 89 10.1 -1.3
"34" "32" 2015-01-02 36.54 "DAL" "@" "BOS" "W" 18 1 30.3333333333333 0.418 0.368 7 17.6 12.3 18.7 0 0 9 30.9 101 109 9.4 -5.7
"35" "33" 2015-01-04 36.55 "DAL" "@" "CLE" "W" 19 1 25.0333333333333 0.625 0.625 0 21.8 13 18.8 0 6.3 0 24.8 127 100 14.4 6.7
"36" "34" 2015-01-05 36.55 "DAL" "@" "BRK" "W" 8 1 34.7 0.456 0.438 5.2 17.4 10.4 0 1.6 2.6 10.8 25.1 85 90 8.4 -1.5
"37" "35" 2015-01-07 36.55 "DAL" "" "DET" "L" -13 1 28.8 0.458 0.421 0 16 8.1 13.5 1.7 2.2 4.6 33.3 90 108 11.7 0.3
"38" "36" 2015-01-10 36.56 "DAL" "@" "LAC" "L" -20 1 30.3666666666667 0.602 0.579 0 23.1 10.9 7.1 0 0 4.6 32.9 110 126 16.4 3.4
"39" "37" 2015-01-13 36.57 "DAL" "@" "SAC" "W" 4 1 38.4333333333333 0.508 0.423 2.3 9.4 5.4 0 2.6 2 0 16.9 109 98 10.6 -0.5
"40" "" 2015-01-14 36.57 "DAL" "@" "DEN" "L" -7 NA NA NA NA NA NA NA NA NA NA NA NA NA NA NA NA
"41" "38" 2015-01-16 36.58 "DAL" "" "DEN" "W" 8 1 30.0333333333333 0.619 0.556 3.3 23.2 13.8 7.9 1.7 0 0 30.5 126 90 19.6 13.5
"42" "39" 2015-01-19 36.59 "DAL" "@" "MEM" "W" 8 1 32.1333333333333 0.691 0.615 0 23 10.7 0 0 0 0 21.9 146 105 15.7 6.9
"43" "40" 2015-01-21 36.59 "DAL" "@" "MIN" "W" 23 1 24.7333333333333 0.81 0.778 0 33.6 20.5 0 0 0 9.2 22.9 135 81 13.8 8
"44" "41" 2015-01-23 36.6 "DAL" "" "CHI" "L" -4 1 34.3166666666667 0.756 0.733 0 27.2 12.7 0 0 2.3 15.9 25.9 122 114 17.3 4.6
"45" "42" 2015-01-25 36.6 "DAL" "@" "NOP" "L" -3 1 32.85 0.533 0.474 0 24.4 11.2 5.4 1.7 0 4.3 34 113 125 14.4 -1.5
"46" "43" 2015-01-27 36.61 "DAL" "" "MEM" "L" -19 1 29.3333333333333 0.427 0.417 8.4 13.6 10.9 22 0 2.8 0 21.4 108 124 10 1.3
"47" "44" 2015-01-28 36.61 "DAL" "@" "HOU" "L" -5 1 30.55 0.549 0.455 0 16.7 9.2 5.5 0 0 7.3 19.3 114 108 8.3 0.5
"48" "45" 2015-01-30 36.62 "DAL" "@" "MIA" "W" 21 1 27.4833333333333 0.338 0.281 0 19.8 10.4 25.9 0 0 0 30.8 88 85 6.2 -3
"49" "46" 2015-01-31 36.62 "DAL" "@" "ORL" "W" 15 1 27.0833333333333 0.661 0.643 5.2 12.1 9.1 20.3 1.9 0 26.5 21 110 104 9.3 0.8
"50" "47" 2015-02-02 36.62 "DAL" "" "MIN" "W" 6 1 30.6 0.766 0.8 0 23.4 12.2 11.2 1.7 2.3 16.1 18.3 119 100 13.8 4.7
"51" "48" 2015-02-04 36.63 "DAL" "@" "GSW" "L" -14 1 29.7166666666667 0.425 0.3 6.5 4.3 5.5 9.4 0 0 10.2 26.8 94 137 6 -7.7
"52" "" 2015-02-05 36.63 "DAL" "@" "SAC" "W" 23 NA NA NA NA NA NA NA NA NA NA NA NA NA NA NA NA
"53" "49" 2015-02-07 36.64 "DAL" "" "POR" "W" 10 1 34.9666666666667 0.658 0.658 2.5 5.8 4 5.8 0 0 5 23.9 131 107 16.3 7.3
"54" "50" 2015-02-09 36.64 "DAL" "" "LAC" "L" -17 1 26.6 0.682 0.636 7.2 18 12.6 0 0 0 7 24.1 132 126 13.4 3.6
"55" "51" 2015-02-11 36.65 "DAL" "" "UTA" "W" 5 1 33.1833333333333 0.451 0.357 6.4 38.6 22.5 13.9 3.2 0 10.7 27.7 91 79 12 1.1
"56" "52" 2015-02-19 36.67 "DAL" "@" "OKC" "L" -15 1 30.55 0.415 0.375 0 13.7 6.2 0 0 4.6 0 23 90 110 7.4 -0.8
"57" "53" 2015-02-20 36.67 "DAL" "" "HOU" "W" 11 1 26.6666666666667 0.462 0.462 4 17.3 11.1 10.8 1.7 0 0 19.8 107 96 8.7 0.8
"58" "54" 2015-02-22 36.68 "DAL" "" "CHO" "W" 11 1 24.5833333333333 0.481 0.429 0 41.8 24.4 0 0 0 0 16 98 79 6.7 -1.8
"59" "55" 2015-02-24 36.68 "DAL" "" "TOR" "W" 7 1 33.2833333333333 0.477 0.444 0 33.3 16.9 5.2 1.5 0 5 27.1 97 96 11.6 0.4
"60" "56" 2015-02-25 36.69 "DAL" "@" "ATL" "L" -17 1 24.55 0.286 0.286 0 23.8 11.5 26 0 0 0 13.3 88 115 3.4 -1.6
"61" "57" 2015-02-28 36.7 "DAL" "" "BRK" "L" -10 1 30.6 0.653 0.643 7.1 15.3 11.1 14 0 0 0 23.6 134 121 16.6 7
"62" "58" 2015-03-02 36.7 "DAL" "" "NOP" "W" 9 1 31.4666666666667 0.521 0.5 0 31.3 16.3 0 1.9 5.8 0 21.9 114 105 10.5 1.6
"63" "59" 2015-03-05 36.71 "DAL" "@" "POR" "L" -19 1 27.15 0.385 0.385 0 16.4 7.3 0 1.8 0 7.1 23.7 68 98 2.9 -5.5
"64" "60" 2015-03-06 36.71 "DAL" "@" "GSW" "L" -15 1 26.9666666666667 0.415 0.375 0 4.4 2.1 15.4 0 0 5.6 29.1 79 112 4.3 -3.5
"65" "61" 2015-03-08 36.72 "DAL" "@" "LAL" "W" 7 1 26.8833333333333 0.5 0.5 0 17 8.9 12.3 2 0 0 22.6 105 105 8 -1
"66" "62" 2015-03-10 36.72 "DAL" "" "CLE" "L" -33 1 28.95 0.497 0.35 6.3 8.5 7.2 5.9 1.7 3 13.3 22.4 101 132 7.6 -3.1
"67" "63" 2015-03-13 36.73 "DAL" "" "LAC" "W" 30 1 24.5333333333333 0.709 0.667 0 9.3 5.2 4.7 2.1 0 0 18.2 158 112 12 4.5
"68" "64" 2015-03-16 36.74 "DAL" "" "OKC" "W" 4 1 27.1666666666667 0.583 0.556 0 15.4 7.4 12.7 0 0 0 28.7 115 112 13.6 5
"69" "65" 2015-03-18 36.75 "DAL" "" "ORL" "W" 5 1 30.7 0.787 0.767 4.1 25.5 15.4 12.5 0 0 5.9 23.9 142 105 20.5 11.6
"70" "66" 2015-03-20 36.75 "DAL" "" "MEM" "L" -11 1 30.35 0.457 0.321 3.9 20.8 12 5.7 0 0 0 25.5 106 117 7.9 -3.1
"71" "67" 2015-03-22 36.76 "DAL" "@" "PHO" "L" -6 1 33.3 0.55 0.55 0 29.7 11.3 19.4 3 0 9.1 13.5 111 98 11.5 6.3
"72" "68" 2015-03-24 36.76 "DAL" "" "SAS" "W" 7 1 30.8666666666667 0.444 0.406 10.6 32.4 22 14.3 0 0 5.6 25.6 103 95 12 3
"73" "69" 2015-03-27 36.77 "DAL" "@" "SAS" "L" -18 1 28.7 0.371 0.389 0 18.6 8.6 25.7 0 2.9 9.6 16.4 85 107 3.9 0.6
"74" "70" 2015-03-29 36.78 "DAL" "@" "IND" "L" -5 1 33.7 0.625 0.577 0 19.8 8.5 0 0 0 11.6 22.2 109 109 10.6 -0.1
"75" "71" 2015-04-01 36.78 "DAL" "@" "OKC" "W" 4 1 32.0666666666667 0.529 0.529 0 13.3 7.5 10.2 0 0 5.6 25.1 100 135 11.2 -5.2
"76" "72" 2015-04-02 36.79 "DAL" "" "HOU" "L" -7 1 31.5166666666667 0.77 0.727 3.2 18.6 11.1 0 1.6 0 6.8 20.5 141 109 17 8.3
"77" "73" 2015-04-04 36.79 "DAL" "" "GSW" "L" -13 1 23.1 0.776 0.6 0 16.3 8.4 15 0 3.5 14.7 23.6 141 117 14.2 9.4
"78" "74" 2015-04-08 36.8 "DAL" "" "PHO" "W" 3 1 30.6833333333333 0.552 0.5 0 15.6 7.4 4.6 0 0 5.5 26.1 118 116 11.4 1.3
"79" "75" 2015-04-10 36.81 "DAL" "@" "DEN" "W" 1 1 37.5666666666667 0.59 0.526 0 21.4 12.6 14.9 1.3 5.6 8.6 26.2 116 112 21.5 4.2
"80" "76" 2015-04-12 36.81 "DAL" "@" "LAL" "W" 14 1 28.9 0.68 0.6 0 16.2 8.4 4.5 1.7 0 14.5 21.5 115 111 11.1 -1.9
"81" "" 2015-04-13 36.82 "DAL" "@" "UTA" "L" -17 NA NA NA NA NA NA NA NA NA NA NA NA NA NA NA NA
"82" "77" 2015-04-15 36.82 "DAL" "" "POR" "W" 16 1 27.35 0.508 0.429 0 16.3 8.9 0 1.7 0 11.3 27.1 96 96 7.9 -3.5
"1" "1" 2015-10-28 37.36 "DAL" "@" "PHO" "W" 16 1 20.7166666666667 0.55 0.55 5 33.7 20.6 24.5 2.3 3.7 0 21.7 120 82 12.1 10.2
"2" "2" 2015-10-29 37.36 "DAL" "@" "LAC" "L" -16 1 25.0333333333333 0.49 0.433 3.2 23.5 12.4 16.3 1.9 0 0 27.1 108 102 12.4 8.9
"3" "3" 2015-11-01 37.37 "DAL" "@" "LAL" "W" 10 1 29.9 0.901 0.885 0 29.5 15.9 6.7 1.7 0 6.7 22.7 155 92 22.1 14.5
"4" "4" 2015-11-03 37.38 "DAL" "" "TOR" "L" -11 1 35.1833333333333 0.795 0.75 2.7 20.5 10.5 11 1.4 2.1 15 16.2 136 104 16.6 10.7
"5" "5" 2015-11-05 37.38 "DAL" "" "CHO" "L" -14 1 27.7 0.478 0.333 3.6 19.7 11.3 0 0 0 0 23.7 104 114 9 -2.9
"6" "6" 2015-11-07 37.39 "DAL" "" "NOP" "W" 9 1 29.5666666666667 0.547 0.563 0 26.4 13.5 18 0 0 10.8 29.2 99 105 11.8 2.3
"7" "7" 2015-11-10 37.39 "DAL" "@" "NOP" "L" -15 1 19.8 0.628 0.577 0 21.5 10.5 22 0 0 6.5 33 119 121 13.3 8.3
"8" "8" 2015-11-11 37.4 "DAL" "" "LAC" "W" 10 1 33.3166666666667 0.957 0.964 8 26.5 18.6 5.5 0 0 11 25.7 164 114 26 13.3
"9" "9" 2015-11-13 37.4 "DAL" "" "LAL" "W" 8 1 28.65 0.335 0.346 0 15 8 7.2 0 2.7 6.9 22 63 86 1.4 -8
"10" "" 2015-11-14 37.41 "DAL" "@" "HOU" "W" 12 NA NA NA NA NA NA NA NA NA NA NA NA NA NA NA NA
"11" "10" 2015-11-16 37.41 "DAL" "@" "PHI" "W" 6 1 30.65 0.563 0.469 0 19.1 9.2 0 1.5 2.9 5.1 28.4 107 84 12.8 4.6
"12" "11" 2015-11-18 37.42 "DAL" "@" "BOS" "W" 4 1 34.05 0.73 0.679 0 21.5 12 5.8 1.5 0 11.3 24 127 104 17.4 4.3
"13" "12" 2015-11-20 37.42 "DAL" "" "UTA" "W" 9 1 32.0166666666667 0.792 0.792 0 13.6 7.3 11.1 1.7 7.5 7.7 19.8 139 105 16.9 11.7
"14" "13" 2015-11-22 37.43 "DAL" "@" "OKC" "L" -3 1 34.3 0.698 0.714 3.9 3.4 3.6 11.3 0 0 11.3 11.1 135 126 9.8 -0.9
"15" "14" 2015-11-24 37.43 "DAL" "@" "MEM" "L" -14 1 28.9833333333333 0.441 0.4 0 33.8 18.4 0 1.6 2.5 0 24.3 84 102 9.4 -0.5
"16" "15" 2015-11-25 37.44 "DAL" "@" "SAS" "L" -5 1 35.4 0.697 0.625 5.5 33.2 19.4 10 1.5 0 9.7 13.8 134 91 15 7.6
"17" "16" 2015-11-28 37.44 "DAL" "" "DEN" "W" 11 1 30.6 0.604 0.5 0 26.1 12.6 11.7 5.2 0 0 16.6 133 82 14.4 9.1
"18" "17" 2015-11-30 37.45 "DAL" "@" "SAC" "L" -14 1 28.7666666666667 0.388 0.333 4 25 14.2 0 0 7 0 25.5 86 113 6.8 -5.8
"19" "18" 2015-12-01 37.45 "DAL" "@" "POR" "W" 3 1 36.5166666666667 0.543 0.5 5.9 14.5 10.3 32.2 0 2.4 10.4 35.8 111 111 20 5.8
"20" "19" 2015-12-04 37.46 "DAL" "" "HOU" "L" -4 1 31.3333333333333 0.477 0.4 3.7 30 17.6 22 3.3 0 0 24 116 98 15.3 5.4
"21" "20" 2015-12-06 37.47 "DAL" "@" "WAS" "W" 12 1 28.1833333333333 0.766 0.688 5.5 17 12.6 23.1 0 2.7 7.5 22 157 109 19.3 10.4
"22" "21" 2015-12-07 37.47 "DAL" "@" "NYK" "W" 7 1 32.7666666666667 0.606 0.556 3.6 18.8 11 12.3 0 0 0 30.3 127 107 19.2 5.3
"23" "22" 2015-12-09 37.47 "DAL" "" "ATL" "L" -3 1 31.05 0.325 0.325 7.6 20.9 12.6 11.6 4.9 2.5 9.1 29 76 95 7.7 0.3
"24" "23" 2015-12-12 37.48 "DAL" "" "WAS" "L" -3 1 31.2666666666667 0.558 0.389 3.3 19.7 10.8 9.2 0 5.5 0 16 132 113 12.5 1.9
"25" "24" 2015-12-14 37.49 "DAL" "" "PHO" "W" 10 1 29.2833333333333 0.574 0.5 4.1 20.5 13 22 0 0 14.1 22.8 114 102 10.3 -0.1
"26" "25" 2015-12-16 37.49 "DAL" "@" "IND" "L" -26 1 25.55 0.406 0.406 0 32.1 14 0 0 6.3 11.1 32.1 72 106 5.7 -1.4
"27" "26" 2015-12-18 37.5 "DAL" "" "MEM" "W" 9 1 28.2666666666667 0.678 0.615 8.5 10.4 9.5 7.7 0 2.7 6.3 25.2 133 101 16 8.8
"28" "27" 2015-12-22 37.51 "DAL" "@" "TOR" "L" -4 1 28.1166666666667 0.588 0.588 3.6 25.6 13.7 0 0 7.1 5.6 29.9 102 108 13.8 6.2
"29" "28" 2015-12-23 37.51 "DAL" "@" "BRK" "W" 1 1 36.8166666666667 0.724 0.654 0 16.4 9.3 12.4 0 0 6.2 22.1 140 121 17.5 2.9
"30" "29" 2015-12-26 37.52 "DAL" "" "CHI" "W" 7 1 33.4 0.627 0.591 6.5 14.7 10.4 8.8 1.6 0 7.3 17.9 136 122 12.7 1.6
"31" "30" 2015-12-28 37.53 "DAL" "" "MIL" "W" 10 1 28.5666666666667 0.233 0.233 0 18.2 7.8 20.4 1.8 2.6 6.3 27 57 100 2.4 -8.6
"32" "31" 2015-12-30 37.53 "DAL" "" "GSW" "W" 23 1 28.3166666666667 0.537 0.467 0 28.3 15.2 10.7 1.8 2.7 10.7 30.1 109 92 12.6 2.6
"33" "32" 2016-01-01 37.54 "DAL" "@" "MIA" "L" -24 1 26.8666666666667 0.359 0.286 3.2 10.2 6 7.2 2 0 0 26.5 83 120 5.4 -5.4
"34" "33" 2016-01-02 37.54 "DAL" "" "NOP" "L" -7 1 32.9333333333333 0.489 0.429 0 14.9 6.8 18 0 0 0 34.2 101 109 14.6 1.6
"35" "34" 2016-01-05 37.55 "DAL" "" "SAC" "W" 1 1 42.9166666666667 0.531 0.474 0 13.2 6.5 11.9 0 0 4.4 24.5 113 109 13.9 -0.6
"36" "" 2016-01-06 37.55 "DAL" "@" "NOP" "W" 9 NA NA NA NA NA NA NA NA NA NA NA NA NA NA NA NA
"37" "35" 2016-01-08 37.56 "DAL" "@" "MIL" "L" -1 1 35.6333333333333 0.533 0.471 6.1 23 14.3 0 1.5 1.9 9.6 26.1 108 104 12.5 0.1
"38" "36" 2016-01-10 37.56 "DAL" "@" "MIN" "W" 6 1 31.7 0.646 0.636 4 23.3 13.8 8.5 1.7 0 0 34.2 134 97 22.2 15.3
"39" "37" 2016-01-12 37.57 "DAL" "" "CLE" "L" -3 1 38.2 0.567 0.567 3.9 25.7 17 14.2 0 0 16.7 23.9 99 114 11.7 -0.5
"40" "" 2016-01-13 37.57 "DAL" "@" "OKC" "L" -19 NA NA NA NA NA NA NA NA NA NA NA NA NA NA NA NA
"41" "38" 2016-01-15 37.58 "DAL" "@" "CHI" "W" 6 1 33.3833333333333 0.581 0.467 3.4 18 11.2 0 0 2.1 5.2 29.3 113 90 13.9 5.1
"42" "39" 2016-01-17 37.58 "DAL" "@" "SAS" "L" -29 1 24.1833333333333 0.2 0.2 0 21.6 10.3 23.8 0 0 9.1 20.8 47 115 0.4 -7.9
"43" "40" 2016-01-18 37.58 "DAL" "" "BOS" "W" 5 1 34.7666666666667 0.58 0.452 0 31.6 16.8 0 3 0 13 39.8 105 100 18.8 2.2
"44" "" 2016-01-20 37.59 "DAL" "" "MIN" "W" 12 NA NA NA NA NA NA NA NA NA NA NA NA NA NA NA NA
"45" "41" 2016-01-22 37.59 "DAL" "" "OKC" "L" -3 1 29.2833333333333 0.467 0.467 0 7.6 4.1 5.4 1.8 5.4 6.3 25.5 89 119 7.8 -3.5
"46" "42" 2016-01-24 37.6 "DAL" "@" "HOU" "L" -11 1 27.35 0.707 0.692 0 14.2 6.9 0 0 0 6.9 24.7 127 129 12.2 4.2
"47" "43" 2016-01-26 37.61 "DAL" "@" "LAL" "W" 2 1 30.4666666666667 0.424 0.357 0 24.9 11.5 6.3 0 0 0 25.8 87 104 5.7 -7.8
"48" "" 2016-01-27 37.61 "DAL" "@" "GSW" "L" -20 NA NA NA NA NA NA NA NA NA NA NA NA NA NA NA NA
"49" "44" 2016-01-29 37.61 "DAL" "" "BRK" "W" 12 1 28.9333333333333 0.462 0.462 3.8 23.7 14.3 0 3.8 11.4 7.1 23.6 88 75 11.1 4.5
"50" "" 2016-01-31 37.62 "DAL" "" "PHO" "W" 13 NA NA NA NA NA NA NA NA NA NA NA NA NA NA NA NA
"51" "45" 2016-02-01 37.62 "DAL" "@" "ATL" "L" -15 1 31.0833333333333 0.568 0.364 2.8 9.7 5.3 6.2 3.2 0 0 22.7 126 113 14.7 5.2
"52" "46" 2016-02-03 37.63 "DAL" "" "MIA" "L" -3 1 35.4666666666667 0.581 0.524 0 11 5.4 6.6 0 5.6 0 32.8 117 102 20.1 10.5
"53" "47" 2016-02-05 37.63 "DAL" "" "SAS" "L" -26 1 23.8666666666667 0.563 0.5 0 41.3 20.6 0 2.1 0 18.4 21.9 89 118 6.6 -3.2
"54" "48" 2016-02-06 37.64 "DAL" "@" "MEM" "W" 4 1 37.4166666666667 0.458 0.382 5.3 17.7 10.7 9.6 0 2.2 4.8 27.2 99 112 10.5 -5.3
"55" "49" 2016-02-09 37.64 "DAL" "" "UTA" "L" -2 1 39.7333333333333 0.539 0.464 0 27.9 15 0 1.4 0 6 21.5 101 120 10.7 -5.8
"56" "50" 2016-02-19 37.67 "DAL" "@" "ORL" "L" -6 1 38.9333333333333 0.318 0.313 0 7.7 3.8 4.3 1.3 2 5.5 21.7 62 108 2.1 -9.6
"57" "51" 2016-02-21 37.68 "DAL" "" "PHI" "W" 26 1 26.85 0.605 0.607 0 29.8 15.1 11.8 1.9 0 0 24 136 107 13.5 6
"58" "52" 2016-02-24 37.68 "DAL" "" "OKC" "L" -13 1 34.3833333333333 0.775 0.688 2.7 16.2 8.9 0 3 0 8.6 29.8 142 121 26 10.8
"59" "53" 2016-02-26 37.69 "DAL" "" "DEN" "W" 6 1 40.1666666666667 0.476 0.476 6.4 27.4 18.2 16.6 0 2.1 8.7 26.6 102 110 13.9 -2.9
"60" "54" 2016-02-28 37.7 "DAL" "" "MIN" "W" 27 1 17.2166666666667 0.625 0.625 0 19.2 11.6 7.8 0 8.3 11.1 23.6 106 100 6.7 -0.3
"61" "55" 2016-03-01 37.7 "DAL" "" "ORL" "W" 13 1 27.0333333333333 0.625 0.577 0 11.1 6.6 11.6 0 2.9 0 25.5 131 116 14.5 2.3
"62" "56" 2016-03-03 37.71 "DAL" "" "SAC" "L" -3 1 32.0333333333333 0.474 0.438 6.4 13.9 10 21.7 0 2.7 22.9 29.4 88 110 7.4 -4.3
"63" "57" 2016-03-06 37.72 "DAL" "@" "DEN" "L" -2 1 35.45 0.776 0.75 3.1 13.6 8.6 6.1 0 1.8 4.9 26.7 138 112 23.2 10
"64" "58" 2016-03-07 37.72 "DAL" "" "LAC" "L" -19 1 28.2 0.519 0.474 3.2 18.9 10.3 0 1.8 0 15.9 39 87 111 10.3 -0.6
"65" "59" 2016-03-09 37.72 "DAL" "" "DET" "L" -6 1 35.2333333333333 0.682 0.647 0 28.4 15 16.1 1.5 0 5.2 26.6 128 106 21.4 10.3
"66" "60" 2016-03-12 37.73 "DAL" "" "IND" "L" -7 1 35.3166666666667 0.768 0.719 0 16.2 8.3 9.9 2.8 0 0 25 152 113 26.5 14.5
"67" "61" 2016-03-14 37.74 "DAL" "@" "CHO" "W" 11 1 28 0.546 0.472 4.4 39.9 23 6.1 0 7.5 4.5 34.8 107 94 16.8 4.5
"68" "62" 2016-03-16 37.74 "DAL" "@" "CLE" "L" -1 1 34.7833333333333 0.509 0.441 0 13.5 6.9 15.1 0 8.1 4.8 29.3 100 108 14.5 2.6
"69" "63" 2016-03-18 37.75 "DAL" "" "GSW" "L" -18 1 33.1166666666667 0.693 0.656 3 29 14.8 20.7 0 7.6 0 21.9 147 121 23.6 13.3
"70" "64" 2016-03-20 37.75 "DAL" "" "POR" "W" 12 1 39.1833333333333 0.709 0.673 0 16.9 10.6 19.8 2.6 0 6.6 35.5 134 108 31.4 8.7
"71" "65" 2016-03-23 37.76 "DAL" "@" "POR" "L" -6 1 36.3666666666667 0.639 0.625 0 25.3 12.8 13.1 0 2.1 15.4 21.8 111 108 15.5 4.5
"72" "" 2016-03-25 37.77 "DAL" "@" "GSW" "L" -8 NA NA NA NA NA NA NA NA NA NA NA NA NA NA NA NA
"73" "66" 2016-03-27 37.77 "DAL" "@" "SAC" "L" -22 1 27.15 0.467 0.467 3.8 20.2 10.8 0 0 0 6.3 25.4 93 138 6.4 -8.2
"74" "67" 2016-03-28 37.78 "DAL" "@" "DEN" "W" 9 1 33 0.28 0.235 3.1 14.1 7.5 0 6.6 3.2 0 26.6 64 92 4.8 -9.9
"75" "68" 2016-03-30 37.78 "DAL" "" "NYK" "W" 2 1 32.7333333333333 0.239 0.239 0 15.9 6.9 10.6 1.6 0 4.2 32.7 58 97 -1.7 -12.4
"76" "69" 2016-04-01 37.79 "DAL" "@" "DET" "W" 9 1 37.4666666666667 0.503 0.472 0 12.3 6.7 13.4 1.4 0 5 25.2 103 100 12.8 2.2
"77" "70" 2016-04-03 37.79 "DAL" "@" "MIN" "W" 10 1 33.05 0.329 0.278 0 16.6 6.8 5.5 0 0 4.8 30 75 96 1.7 -9.8
"78" "71" 2016-04-06 37.8 "DAL" "" "HOU" "W" 2 1 32.6333333333333 0.376 0.25 7 15.1 10.9 4.9 1.8 0 0 14 103 104 5.3 -4.7
"79" "72" 2016-04-08 37.81 "DAL" "" "MEM" "W" 10 1 33.5833333333333 0.677 0.583 0 9.1 5.4 13.3 1.6 0 16.2 28.1 117 106 13.3 -0.9
"80" "73" 2016-04-10 37.81 "DAL" "@" "LAC" "L" -7 1 27.9 0.625 0.5 0 17.9 9.7 14.9 0 0 0 18.8 132 107 11.4 5.8
"81" "74" 2016-04-11 37.81 "DAL" "@" "UTA" "W" 9 1 31.6666666666667 0.799 0.75 3.6 35.3 19.6 17.9 1.7 3.4 6.8 22.4 156 100 22.9 19.2
"82" "75" 2016-04-13 37.82 "DAL" "" "SAS" "L" -5 1 33.8 0.444 0.324 9.5 14.9 12 5.9 1.6 0 4.5 32.4 101 111 11.5 -3.3
"1" "1" 2016-10-26 38.35 "DAL" "@" "IND" "L" -9 1 38.4 0.553 0.526 0 23.5 10.9 8.1 2.4 3.7 9.1 23.8 102 109 16.7 3.1
"2" "" 2016-10-28 38.36 "DAL" "" "HOU" "L" -8 NA NA NA NA NA NA NA NA NA NA NA NA NA NA NA NA
"3" "" 2016-10-30 38.36 "DAL" "@" "HOU" "L" -1 NA NA NA NA NA NA NA NA NA NA NA NA NA NA NA NA
"4" "2" 2016-11-02 38.37 "DAL" "@" "UTA" "L" -16 1 28.8 0.312 0.286 4.2 18 10.8 0 1.9 0 6.5 27.6 63 108 1.5 -11.3
"5" "3" 2016-11-04 38.38 "DAL" "" "POR" "L" -10 1 16.1166666666667 0.388 0.333 0 47.4 24.2 10.6 0 6.1 0 18.5 88 102 5.1 1.1
"6" "" 2016-11-06 38.38 "DAL" "" "MIL" "W" 11 NA NA NA NA NA NA NA NA NA NA NA NA NA NA NA NA
"7" "" 2016-11-08 38.39 "DAL" "@" "LAL" "W" 12 NA NA NA NA NA NA NA NA NA NA NA NA NA NA NA NA
"8" "" 2016-11-09 38.39 "DAL" "@" "GSW" "L" -21 NA NA NA NA NA NA NA NA NA NA NA NA NA NA NA NA
"9" "" 2016-11-14 38.41 "DAL" "@" "NYK" "L" -16 NA NA NA NA NA NA NA NA NA NA NA NA NA NA NA NA
"10" "" 2016-11-16 38.41 "DAL" "@" "BOS" "L" -7 NA NA NA NA NA NA NA NA NA NA NA NA NA NA NA NA
"11" "" 2016-11-18 38.42 "DAL" "" "MEM" "L" -16 NA NA NA NA NA NA NA NA NA NA NA NA NA NA NA NA
"12" "" 2016-11-19 38.42 "DAL" "@" "ORL" "L" -8 NA NA NA NA NA NA NA NA NA NA NA NA NA NA NA NA
"13" "" 2016-11-21 38.42 "DAL" "@" "SAS" "L" -5 NA NA NA NA NA NA NA NA NA NA NA NA NA NA NA NA
"14" "4" 2016-11-23 38.43 "DAL" "" "LAC" "L" -20 1 20.0166666666667 0.442 0.35 0 36 16.5 7.8 0 0 8.1 27.4 89 128 4.9 -8.7
"15" "5" 2016-11-25 38.44 "DAL" "@" "CLE" "L" -38 1 27.1833333333333 0.417 0.417 3.6 23.9 12.3 21.5 0 0 5.3 30.7 86 134 7.3 -5.7
"16" "" 2016-11-27 38.44 "DAL" "" "NOP" "W" 10 NA NA NA NA NA NA NA NA NA NA NA NA NA NA NA NA
"17" "" 2016-11-30 38.45 "DAL" "" "SAS" "L" -7 NA NA NA NA NA NA NA NA NA NA NA NA NA NA NA NA
"18" "" 2016-12-01 38.45 "DAL" "@" "CHO" "L" -10 NA NA NA NA NA NA NA NA NA NA NA NA NA NA NA NA
"19" "" 2016-12-03 38.46 "DAL" "" "CHI" "W" 25 NA NA NA NA NA NA NA NA NA NA NA NA NA NA NA NA
"20" "" 2016-12-05 38.46 "DAL" "" "CHO" "L" -8 NA NA NA NA NA NA NA NA NA NA NA NA NA NA NA NA
"21" "" 2016-12-07 38.47 "DAL" "" "SAC" "L" -31 NA NA NA NA NA NA NA NA NA NA NA NA NA NA NA NA
"22" "" 2016-12-09 38.47 "DAL" "" "IND" "W" 8 NA NA NA NA NA NA NA NA NA NA NA NA NA NA NA NA
"23" "" 2016-12-10 38.48 "DAL" "@" "HOU" "L" -22 NA NA NA NA NA NA NA NA NA NA NA NA NA NA NA NA
"24" "" 2016-12-12 38.48 "DAL" "" "DEN" "W" 20 NA NA NA NA NA NA NA NA NA NA NA NA NA NA NA NA
"25" "" 2016-12-14 38.49 "DAL" "" "DET" "L" -10 NA NA NA NA NA NA NA NA NA NA NA NA NA NA NA NA
"26" "" 2016-12-16 38.49 "DAL" "@" "UTA" "L" -3 NA NA NA NA NA NA NA NA NA NA NA NA NA NA NA NA
"27" "" 2016-12-18 38.5 "DAL" "" "SAC" "W" 20 NA NA NA NA NA NA NA NA NA NA NA NA NA NA NA NA
"28" "" 2016-12-19 38.5 "DAL" "@" "DEN" "L" -10 NA NA NA NA NA NA NA NA NA NA NA NA NA NA NA NA
"29" "" 2016-12-21 38.51 "DAL" "@" "POR" "W" 1 NA NA NA NA NA NA NA NA NA NA NA NA NA NA NA NA
"30" "6" 2016-12-23 38.51 "DAL" "@" "LAC" "W" 2 1 14.65 0.683 0.667 13.4 19.3 15.8 0 0 0 7.4 41.7 125 105 11.6 13.5
"31" "7" 2016-12-26 38.52 "DAL" "@" "NOP" "L" -7 1 16.9833333333333 0.556 0.556 0 17.1 7.7 44 0 0 0 26.9 120 129 8.3 8.7
"32" "8" 2016-12-27 38.52 "DAL" "" "HOU" "L" -16 1 14.9333333333333 0.359 0.25 6.6 17.9 11.3 0 0 0 9.3 32.3 77 135 2.1 -17.7
"33" "" 2016-12-29 38.53 "DAL" "@" "LAL" "W" 12 NA NA NA NA NA NA NA NA NA NA NA NA NA NA NA NA
"34" "9" 2016-12-30 38.53 "DAL" "@" "GSW" "L" -9 1 23.4333333333333 0.387 0.25 0 31 12.3 6.2 0 4 17.4 32.1 71 114 2.9 -12.5
"35" "10" 2017-01-03 38.54 "DAL" "" "WAS" "W" 8 1 24.1 0.557 0.5 0 39.8 22.4 0 0 0 0 19.6 107 106 8.2 -2.5
"36" "11" 2017-01-05 38.55 "DAL" "" "PHO" "L" -7 1 27.8 0.464 0.464 4.1 24.7 14.4 18.9 0 2.5 6.7 26.8 97 113 7.5 -2.1
"37" "12" 2017-01-07 38.55 "DAL" "" "ATL" "L" -15 1 30.2 0.486 0.4 0 11.6 5.4 12.4 3.5 3.1 20.9 22.7 81 102 6.8 -1.3
"38" "13" 2017-01-09 38.56 "DAL" "@" "MIN" "L" -9 1 31.2 0.681 0.656 0 26.5 11.5 26 0 0 0 30.6 137 114 19.5 14.6
"39" "14" 2017-01-12 38.57 "DAL" "@" "PHO" "W" 5 1 30 0.583 0.567 0 25.9 12.2 5 0 2.7 0 23.4 115 116 12.7 -0.5
"40" "15" 2017-01-15 38.58 "DAL" "" "MIN" "W" 11 1 28.0833333333333 0.607 0.607 0 22.8 12.1 14.2 0 8.7 6.7 26.6 111 95 13.9 8.6
"41" "16" 2017-01-17 38.58 "DAL" "@" "CHI" "W" 1 1 27.1166666666667 0.43 0.333 0 43.2 22.4 11.2 2 0 0 21 97 99 8.7 -0.8
"42" "17" 2017-01-19 38.59 "DAL" "@" "MIA" "L" -4 1 29.2166666666667 0.522 0.5 0 19.3 9 6.4 3.7 0 5.2 32.9 100 105 11.9 3.2
"43" "18" 2017-01-20 38.59 "DAL" "" "UTA" "L" -5 1 25.15 0.112 0.077 9 34.4 22 0 0 0 0 25.4 37 107 -3.1 -19.4
"44" "19" 2017-01-22 38.59 "DAL" "" "LAL" "W" 49 1 20.0833333333333 0.547 0.5 6 23.3 14.8 7.7 2.7 4.6 7.8 29.2 115 76 9.8 0.9
"45" "20" 2017-01-25 38.6 "DAL" "" "NYK" "W" 8 1 24.95 0.713 0.667 8.7 8.2 8.5 16.3 0 8.4 0 25.5 150 106 18.5 12.1
"46" "" 2017-01-26 38.61 "DAL" "@" "OKC" "L" -11 NA NA NA NA NA NA NA NA NA NA NA NA NA NA NA NA
"47" "21" 2017-01-29 38.61 "DAL" "@" "SAS" "W" 4 1 28.2166666666667 0.609 0.545 7.4 34 19.8 0 0 11.2 14 24.4 108 97 13.5 4.4
"48" "22" 2017-01-30 38.62 "DAL" "" "CLE" "W" 7 1 24.1166666666667 1 1 0 32.3 14.6 6 2.1 0 33.3 11.6 118 103 7.5 3.6
"49" "23" 2017-02-01 38.62 "DAL" "" "PHI" "W" 18 1 28.2333333333333 0.333 0.333 0 20.7 9.4 15.4 1.8 0 7.7 20.2 80 103 4.4 -7
"50" "24" 2017-02-03 38.63 "DAL" "@" "POR" "W" 4 1 32.4333333333333 0.5 0.5 0 16.1 9.2 9.4 0 0 0 14.8 106 118 6.4 -1.5
"51" "25" 2017-02-06 38.64 "DAL" "@" "DEN" "L" -23 1 24.0333333333333 0.507 0.5 0 33.3 15.4 0 6.5 0 10.1 20.5 82 105 6.8 -3.5
"52" "26" 2017-02-07 38.64 "DAL" "" "POR" "L" -1 1 30.1166666666667 0.655 0.563 0 17.3 9.4 18.5 0 5.5 0 31.7 134 122 20.8 10.5
"53" "27" 2017-02-09 38.64 "DAL" "" "UTA" "W" 7 1 37.1333333333333 0.521 0.471 3.8 20.4 12.5 8.8 2.8 0 9.4 27.8 101 103 13.2 -1.4
"54" "28" 2017-02-11 38.65 "DAL" "" "ORL" "W" 32 1 17.9166666666667 0.583 0.583 0 37.5 20.6 9.3 5.8 0 0 29.9 120 72 12.4 11
"55" "29" 2017-02-13 38.65 "DAL" "" "BOS" "L" -13 1 28.55 0.491 0.441 0 21 10.8 21.7 3.6 0 5.2 32.5 97 114 13.5 3.9
"56" "30" 2017-02-15 38.66 "DAL" "@" "DET" "L" -7 1 30.4 0.604 0.579 0 36.7 16.8 22.8 1.6 2.5 4.8 32.1 110 97 19.3 13.7
"57" "31" 2017-02-24 38.68 "DAL" "@" "MIN" "L" -13 1 29.35 0.286 0.286 3.8 27.3 14.5 17.2 3.6 5 6.7 24.1 69 98 6 -1.3
"58" "32" 2017-02-25 38.69 "DAL" "" "NOP" "W" 13 1 28.05 0.75 0.75 0 34.2 17.5 0 1.8 3.2 0 20.1 137 82 16.4 11
"59" "33" 2017-02-27 38.69 "DAL" "" "MIA" "W" 7 1 26.2333333333333 0.388 0.278 4.3 45.7 25.2 6.2 0 3.2 0 19.1 98 92 7.5 0.1
"60" "34" 2017-03-01 38.7 "DAL" "@" "ATL" "L" -5 1 27.5 0.442 0.417 8.7 51.7 26.1 6.6 0 0 24.3 27.9 76 114 3.5 -13.6
"61" "35" 2017-03-03 38.7 "DAL" "" "MEM" "W" 4 1 29.2833333333333 0.479 0.45 0 26.1 13.7 10.1 0 0 8.7 18.4 94 109 5.9 -3.5
"62" "36" 2017-03-05 38.71 "DAL" "" "OKC" "W" 15 1 30.1166666666667 0.516 0.5 0 46 24.1 16.3 0 0 5.4 29.1 100 86 12.7 2.3
"63" "37" 2017-03-07 38.72 "DAL" "" "LAL" "W" 11 1 24.45 0.847 0.808 0 46.9 25.4 7.2 0 3.3 11.9 31.2 141 106 21.4 11.7
"64" "38" 2017-03-10 38.72 "DAL" "" "BRK" "W" 9 1 22.7166666666667 0.542 0.542 0 14.4 7.7 0 2.2 0 0 24.1 107 99 7.3 1.5
"65" "39" 2017-03-11 38.73 "DAL" "" "PHO" "L" -2 1 30.9166666666667 0.751 0.75 3.5 36.1 19.4 24.9 0 0 6.1 24.6 139 106 20.1 11.2
"66" "40" 2017-03-13 38.73 "DAL" "@" "TOR" "L" -22 1 28.8666666666667 0.531 0.531 0 32.3 13.1 17.2 1.9 3.1 0 27.2 101 107 12.6 9.4
"67" "41" 2017-03-15 38.74 "DAL" "@" "WAS" "W" 5 1 32.05 0.581 0.567 0 15 7.3 10.1 0 2.9 10.4 28.8 103 113 12.8 1.4
"68" "42" 2017-03-17 38.74 "DAL" "@" "PHI" "L" -42 1 18.9 0.556 0.556 0 6.7 2.9 0 0 5 10 23.9 88 121 4.9 -3.9
"69" "43" 2017-03-19 38.75 "DAL" "@" "BRK" "W" 7 1 27.3333333333333 0.628 0.618 0 39.5 21.4 0 0 0 0 33.2 117 110 15.4 1.5
"70" "44" 2017-03-21 38.75 "DAL" "" "GSW" "L" -25 1 27.8833333333333 0.559 0.5 3.1 45.9 18.2 7.6 0 0 0 22.8 118 121 13.1 3.8
"71" "45" 2017-03-23 38.76 "DAL" "" "LAC" "W" 2 1 28.6166666666667 0.583 0.583 0 17.2 8.5 25.6 3.6 0 14.3 23.7 101 99 11.6 4.5
"72" "46" 2017-03-25 38.76 "DAL" "" "TOR" "L" -8 1 28.6666666666667 0.409 0.409 3.8 16.7 10 0 0 0 8.3 19.5 81 115 2.2 -10.7
"73" "47" 2017-03-27 38.77 "DAL" "" "OKC" "L" -1 1 25.3 0.405 0.389 0 36.1 17.4 13.9 0 3.1 23.3 23.9 67 97 2.8 -7.6
"74" "48" 2017-03-29 38.78 "DAL" "@" "NOP" "L" -3 1 31.1833333333333 0.673 0.571 3.8 22.5 13.1 9.3 0 2.9 0 25.4 145 130 19.4 6.3
"75" "49" 2017-03-31 38.78 "DAL" "@" "MEM" "L" -9 1 30.15 0.331 0.206 0 47.8 22.5 6.6 0 0 4.8 34.6 69 111 4.8 -10.5
"76" "50" 2017-04-02 38.79 "DAL" "@" "MIL" "W" 4 1 25.8333333333333 0.773 0.773 0 31 14.7 7.4 0 4.3 0 21.6 142 115 14.6 8.4
"77" "" 2017-04-04 38.79 "DAL" "@" "SAC" "L" -11 NA NA NA NA NA NA NA NA NA NA NA NA NA NA NA NA
"78" "51" 2017-04-05 38.79 "DAL" "@" "LAC" "L" -11 1 28.0333333333333 0.409 0.409 0 18 8.2 5.5 1.8 0 8.3 18.7 80 115 4.4 -4.3
"79" "52" 2017-04-07 38.8 "DAL" "" "SAS" "L" -13 1 16.2166666666667 0.667 0.667 0 16.4 8.7 11.3 0 13.1 14.3 20.6 105 101 7.3 5.3
"80" "53" 2017-04-09 38.81 "DAL" "@" "PHO" "L" -13 1 20.1 0.427 0.375 0 20.5 8.2 22.8 0 0 7.2 28.7 100 132 5.4 -6.4
"81" "54" 2017-04-11 38.81 "DAL" "" "DEN" "L" -18 1 27 0.503 0.475 3.5 28.3 15 9.4 1.9 12.7 4.6 36.8 95 103 15.4 4.9
"1" "1" 2017-10-18 39.33 "DAL" "" "ATL" "L" -6 1 24.4833333333333 0.346 0.357 4.4 21.3 12.9 0 0 0 0 25.7 74 119 2.4 -13.7
"2" "2" 2017-10-20 39.34 "DAL" "" "SAC" "L" -5 1 29.2166666666667 0.556 0.556 0 32.9 15.9 13.5 0 0 0 15.4 113 102 9 0.6
"3" "3" 2017-10-21 39.34 "DAL" "@" "HOU" "L" -16 1 17.9333333333333 0.125 0.125 5 26.1 14.1 9.5 0 0 0 20 41 112 -1.8 -16.4
"4" "4" 2017-10-23 39.35 "DAL" "" "GSW" "L" -30 1 28.9 0.4 0.333 6.2 21.9 12.6 10.6 1.6 0 17.9 23 79 130 5.7 -7.7
"5" "5" 2017-10-25 39.35 "DAL" "" "MEM" "W" 9 1 24.6 0.574 0.5 5.7 21.1 13.7 22.3 0 0 0 22.6 129 107 12 4.8
"6" "6" 2017-10-26 39.35 "DAL" "@" "MEM" "L" -5 1 28.2833333333333 0.504 0.462 0 27 12 0 5.4 0 17.8 24.5 86 92 7 -1.4
"7" "7" 2017-10-28 39.36 "DAL" "" "PHI" "L" -2 1 27.8333333333333 0.786 0.786 0 0 0 27.7 0 6.6 12.5 13.9 148 123 10.8 8.6
"8" "8" 2017-10-30 39.36 "DAL" "@" "UTA" "L" -15 1 24.7833333333333 0.787 0.818 0 24.8 12.6 9.5 0 0 14.9 24.8 125 113 11.7 9.5
"9" "9" 2017-11-01 39.37 "DAL" "@" "LAC" "L" -21 1 21.2833333333333 0.547 0.5 4.4 43.9 20.7 28.5 0 4.5 7.8 26 112 118 11.9 7.5
"10" "10" 2017-11-03 39.38 "DAL" "" "NOP" "L" -5 1 21.75 0.339 0.222 0 28.2 13.2 0 0 0 8.8 22.2 66 99 1.9 -8.4
"11" "11" 2017-11-04 39.38 "DAL" "@" "MIN" "L" -13 1 21.4 0.438 0.438 0 19.8 8.5 0 2.3 0 0 16.7 88 114 4.1 -3.3
"12" "12" 2017-11-07 39.39 "DAL" "@" "WAS" "W" 14 1 19.15 0.6 0.6 5.3 22.3 13.6 7.1 0 0 28.6 15.8 91 105 2.7 -8.4
"13" "13" 2017-11-11 39.4 "DAL" "" "CLE" "L" -7 1 25.1 0.778 0.778 3.7 17.8 10.1 0 1.9 3.8 0 15.5 150 107 13.7 9.4
"14" "14" 2017-11-12 39.4 "DAL" "@" "OKC" "L" -13 1 19.8333333333333 0.336 0.286 0 7.3 3.1 7.5 0 0 0 15.7 82 120 0.3 -11.3
"15" "15" 2017-11-14 39.41 "DAL" "" "SAS" "L" -6 1 28.95 0.711 0.688 3.8 23.1 13.3 40.3 0 3.1 10.6 15.1 141 103 14.4 12.9
"16" "16" 2017-11-17 39.41 "DAL" "" "MIN" "L" -24 1 24.4166666666667 0.582 0.542 0 33.6 15.5 9.7 0 0 0 24.2 121 120 11 5.2
"17" "17" 2017-11-18 39.42 "DAL" "" "MIL" "W" 32 1 24.8 0.438 0.438 5.2 23.2 15.6 24 2.1 0 11.1 16.9 106 83 6.7 2.5
"18" "18" 2017-11-20 39.42 "DAL" "" "BOS" "L" -8 1 32.4166666666667 0.583 0.583 0 46.7 20 11.9 0 3.4 7.7 18.4 108 102 12.7 4.5
"19" "19" 2017-11-22 39.43 "DAL" "@" "MEM" "W" 1 1 28.2 0.542 0.542 3.4 28.4 14.8 5.6 3.4 3.3 7.7 20.9 97 88 11.8 6.2
"20" "20" 2017-11-25 39.44 "DAL" "" "OKC" "W" 16 1 22.3 0.91 0.9 0 25 13.1 39.3 4.8 0 16.1 27.7 146 84 18.7 25.4
"21" "21" 2017-11-27 39.44 "DAL" "@" "SAS" "L" -7 1 25.6333333333333 0.698 0.643 0 18.7 9 11.2 0 0 11.3 16.1 125 122 8.1 -1
"22" "22" 2017-11-29 39.45 "DAL" "" "BRK" "L" -5 1 26.0666666666667 0.556 0.556 0 25.3 13.4 5.8 0 0 0 15.9 108 110 7.3 -1.9
"23" "23" 2017-12-02 39.45 "DAL" "" "LAC" "W" 26 1 24.8166666666667 1.242 1.25 0 11.6 6.3 7.3 2.1 3 13.4 13.6 186 90 15.7 20.7
"24" "24" 2017-12-04 39.46 "DAL" "" "DEN" "W" 17 1 20.8 0.58 0.417 0 26.6 15.2 10.4 0 0 0 17.8 130 111 8.4 0.1
"25" "25" 2017-12-06 39.47 "DAL" "@" "BOS" "L" -7 1 27.85 0.504 0.467 0 21.5 10.6 0 1.8 0 0 26.7 97 102 10.3 1.8
"26" "26" 2017-12-08 39.47 "DAL" "@" "MIL" "L" -7 1 28.2 0.486 0.4 0 21.8 11.2 5.7 3.7 0 15 23.3 85 112 6.6 -3
"27" "27" 2017-12-10 39.48 "DAL" "@" "MIN" "L" -5 1 25.3666666666667 0.625 0.625 0 26.3 12.1 6.4 2.1 3.6 11.1 17.9 105 104 7.7 1.9
"28" "28" 2017-12-12 39.48 "DAL" "" "SAS" "W" 6 1 26.7333333333333 0.307 0.125 3.8 3.5 3.7 9.9 0 0 0 17.5 83 105 2.8 -6.9
"29" "29" 2017-12-14 39.49 "DAL" "@" "GSW" "L" -15 1 26.7666666666667 0.592 0.538 0 59.8 22.4 13.7 0 0 0 27.1 122 123 14.2 4.5
"30" "30" 2017-12-16 39.49 "DAL" "@" "SAS" "L" -2 1 24.8 0.731 0.731 0 9 4.9 24.7 0 0 0 27.1 141 115 15 12.7
"31" "31" 2017-12-18 39.5 "DAL" "" "PHO" "L" -6 1 24.9833333333333 0.417 0.417 0 18.7 8.4 6.8 1.9 3.6 14.3 12.2 74 97 3.4 -4.7
"32" "32" 2017-12-20 39.5 "DAL" "" "DET" "W" 17 1 25.8333333333333 0.607 0.556 0 19.1 9.9 5.7 0 3.5 0 19.2 123 105 9.9 2.6
"33" "33" 2017-12-22 39.51 "DAL" "@" "MIA" "L" -12 1 32.4833333333333 0.588 0.588 0 28.1 10.4 16 0 0 10.5 32 99 139 12.2 -1.2
"34" "34" 2017-12-23 39.51 "DAL" "@" "ATL" "L" -5 1 26.9833333333333 0.787 0.773 4.6 30.7 15.7 23.3 0 3.5 8 21.8 144 122 17.4 11.6
"35" "35" 2017-12-26 39.52 "DAL" "" "TOR" "W" 5 1 26.8666666666667 0.67 0.654 6.7 16 11.5 6.9 1.9 9.2 13 24.2 121 93 15.6 11.5
"36" "36" 2017-12-27 39.52 "DAL" "@" "IND" "W" 4 1 26.3666666666667 0.75 0.75 0 33.5 17.2 20 2 3.4 0 19.4 147 99 16.3 12.8
"37" "37" 2017-12-29 39.53 "DAL" "@" "NOP" "W" 8 1 24.75 0.63 0.611 0 55.4 31.4 10.1 0 3.6 0 18.9 133 116 12.4 4.3
"38" "38" 2017-12-31 39.53 "DAL" "@" "OKC" "W" 3 1 23.4833333333333 0.542 0.542 4.9 15.7 10.1 0 0 0 0 24 111 124 8.2 -5.1
"39" "39" 2018-01-03 39.54 "DAL" "" "GSW" "L" -3 1 24.8333333333333 0.487 0.455 0 38.7 18 11.6 1.9 0 0 21.3 105 116 10.3 -1
"40" "40" 2018-01-05 39.55 "DAL" "" "CHI" "L" -3 1 23.25 0.864 0.864 0 17.7 8.1 12.7 2 0 0 20.2 163 125 16.2 9.6
"41" "41" 2018-01-07 39.55 "DAL" "" "NYK" "L" -4 1 22.5666666666667 0.3 0.143 3.7 20.8 10.7 6.5 0 3.2 10.7 18.1 67 103 2 -9.4
"42" "42" 2018-01-09 39.56 "DAL" "" "ORL" "W" 15 1 24.05 0.622 0.5 0 14.3 7.6 6.4 0 0 0 33.2 128 113 14.5 2.1
"43" "43" 2018-01-10 39.56 "DAL" "@" "CHO" "W" 4 1 22.4833333333333 0.594 0.594 0 10.7 5.2 19.5 4.2 0 0 33.1 112 107 14.2 7.6
"44" "44" 2018-01-13 39.57 "DAL" "" "LAL" "L" -6 1 23.95 0.342 0.214 0 38.5 18.1 0 2.1 3.2 0 17.6 70 93 5.2 -1.6
"45" "45" 2018-01-16 39.58 "DAL" "@" "DEN" "L" -3 1 23.0333333333333 0.6 0.6 0 18.5 10.2 0 2.1 0 0 10 117 106 5.1 -1.8
"46" "46" 2018-01-20 39.59 "DAL" "@" "POR" "L" -9 1 29 0.815 0.792 0 18.9 8.6 0 1.8 6.6 0 20.4 163 124 18.6 11.3
"47" "47" 2018-01-22 39.59 "DAL" "" "WAS" "W" 23 1 22.35 0.481 0.357 0 32.2 19.5 19.1 0 4 0 16.9 119 74 9.4 8
"48" "48" 2018-01-24 39.6 "DAL" "" "HOU" "L" -7 1 14.9166666666667 0.444 0.429 0 13.7 7 11.3 0 0 0 24.6 96 118 3.8 0.7
"49" "49" 2018-01-26 39.61 "DAL" "" "POR" "L" -14 1 21.05 0.295 0.227 0 29.2 12.5 7.5 2.5 0 7.8 28.9 60 113 1.5 -10.9
"50" "50" 2018-01-27 39.61 "DAL" "@" "DEN" "L" -2 1 25.1666666666667 0.5 0.5 3.7 17.3 9.9 7.2 2.1 0 0 20.7 105 100 7.3 2.1
"51" "51" 2018-01-29 39.61 "DAL" "" "MIA" "L" -7 1 26.8666666666667 0.421 0.364 4.4 22.3 13.2 6.5 2 4.1 0 20.2 101 105 6.9 0.4
"52" "52" 2018-01-31 39.62 "DAL" "@" "PHO" "L" -14 1 26.8333333333333 0.788 0.813 3.3 38.3 18.6 7.8 1.9 0 10.1 15.9 139 104 12.5 5.8
"53" "53" 2018-02-03 39.63 "DAL" "@" "SAC" "W" 7 1 25.5 0.759 0.722 0 38.8 19.4 6 0 0 9.2 20 136 109 12.5 5.6
"54" "54" 2018-02-05 39.63 "DAL" "@" "LAC" "L" -3 1 25.1333333333333 0.505 0.455 0 31.8 14.9 0 0 3.2 7.8 22.6 91 105 7 -1.7
"55" "55" 2018-02-08 39.64 "DAL" "@" "GSW" "L" -18 1 27.95 0.707 0.65 0 43.9 22.2 5.8 9.1 5.8 0 17.8 147 99 21.4 16.4
"56" "56" 2018-02-10 39.65 "DAL" "" "LAL" "W" 7 1 24.2166666666667 0.926 0.909 0 20.3 10.3 12.3 0 0 0 21.4 182 127 18.5 11.8
"57" "" 2018-02-11 39.65 "DAL" "@" "HOU" "L" -7 NA NA NA NA NA NA NA NA NA NA NA NA NA NA NA NA
"58" "57" 2018-02-13 39.65 "DAL" "" "SAC" "L" -5 1 31.7833333333333 0.53 0.45 0 23.8 12.1 14.2 0 2.6 8.1 18.2 105 119 9 -4.4
"59" "58" 2018-02-23 39.68 "DAL" "@" "LAL" "L" -22 1 20.1333333333333 0.786 0.786 0 24.5 10.5 8.7 0 11.9 12.5 17.9 118 117 9.1 4.2
"60" "59" 2018-02-24 39.68 "DAL" "@" "UTA" "L" -7 1 31.6333333333333 0.416 0.393 0 31.6 17.2 11.5 0 8.6 6.5 22.5 82 94 7.7 0.2
"61" "60" 2018-02-26 39.69 "DAL" "" "IND" "W" 6 1 24.8 0.35 0.35 0 29.5 14.4 11.3 2 0 0 18.3 81 103 4.9 -4.1
"62" "61" 2018-02-28 39.7 "DAL" "" "OKC" "L" -1 1 23.75 0.667 0.667 0 23.7 12.1 27.2 2.2 0 0 17.7 141 104 11.4 9.8
"63" "62" 2018-03-02 39.7 "DAL" "@" "CHI" "L" -8 1 27.1 0.862 0.85 3.8 20.1 11.7 14.5 0 5.7 16.1 20 140 110 15.2 11.8
"64" "63" 2018-03-04 39.71 "DAL" "" "NOP" "L" -17 1 25.7333333333333 0.779 0.731 0 33.5 14.5 7.4 0 2.9 11.9 27.7 130 121 17.8 9
"65" "64" 2018-03-06 39.71 "DAL" "" "DEN" "W" 11 1 22.4 0.773 0.773 0 16.2 8.6 7.1 2.1 0 8.3 22.3 132 102 12 9.4
"66" "65" 2018-03-10 39.72 "DAL" "" "MEM" "W" 34 1 15.7666666666667 0.111 0.111 0 11.7 6.5 9 0 0 0 26.8 33 92 -3 -23.9
"67" "66" 2018-03-11 39.73 "DAL" "" "HOU" "L" -23 1 22.1833333333333 0.547 0.5 3.9 25.8 13.2 9.8 0 5.5 0 23 119 111 10.9 7.9
"68" "67" 2018-03-13 39.73 "DAL" "@" "NYK" "W" 13 1 21.6 0.65 0.65 0 35.1 15.9 7.7 2.4 0 16.7 24.5 106 98 8.7 2.3
"69" "68" 2018-03-16 39.74 "DAL" "@" "TOR" "L" -7 1 24.4666666666667 0.667 0.667 0 25.8 13.4 5.5 0 7.1 0 11.9 134 117 8.6 2.6
"70" "69" 2018-03-17 39.74 "DAL" "@" "BRK" "L" -8 1 27.4666666666667 0.574 0.5 0 29.1 13.9 10.3 1.9 0 15 21.5 107 120 9.3 -1.7
"71" "70" 2018-03-20 39.75 "DAL" "@" "NOP" "L" -10 1 23.05 0.684 0.692 0 15.6 7.3 14.7 0 0 0 28.1 135 124 13.4 8.4
"72" "71" 2018-03-22 39.76 "DAL" "" "UTA" "L" -7 1 24.7 0.333 0.333 0 5.6 2.6 0 2.1 3.4 25 14.8 50 125 -0.2 -14.2
"73" "72" 2018-03-24 39.76 "DAL" "" "CHO" "L" -4 1 22.6333333333333 0.222 0.222 0 35.3 18.6 6.7 0 6.3 10 19 44 90 1.8 -9.7
"74" "73" 2018-03-27 39.77 "DAL" "@" "SAC" "W" 6 1 19.8833333333333 0.278 0.278 0 39.4 21.9 23.2 2.5 3.4 0 21.5 72 90 4.5 -5.1
"75" "74" 2018-03-28 39.77 "DAL" "@" "LAL" "L" -10 1 21.9166666666667 0.825 0.786 0 37.4 17.2 9 0 5 0 16.9 161 105 12.4 11
"76" "75" 2018-03-30 39.78 "DAL" "" "MIN" "L" -1 1 25.9333333333333 0.5 0.5 0 24.1 12.3 11.4 0 0 12.5 14.4 93 102 4.7 -3.4
"77" "76" 2018-04-01 39.78 "DAL" "@" "CLE" "L" -11 1 21.2166666666667 0.563 0.563 0 36 18 9.9 0 0 0 18.3 112 102 7.4 2.9
"78" "77" 2018-04-03 39.79 "DAL" "" "POR" "W" 6 1 24.65 0.47 0.464 0 19.5 8.8 6 1.9 4.1 0 26.9 95 106 9 -1.3
"79" "" 2018-04-04 39.79 "DAL" "@" "ORL" "L" -5 NA NA NA NA NA NA NA NA NA NA NA NA NA NA NA NA
"80" "" 2018-04-06 39.8 "DAL" "@" "DET" "L" -7 NA NA NA NA NA NA NA NA NA NA NA NA NA NA NA NA
"81" "" 2018-04-08 39.8 "DAL" "@" "PHI" "L" -12 NA NA NA NA NA NA NA NA NA NA NA NA NA NA NA NA
"82" "" 2018-04-10 39.81 "DAL" "" "PHO" "L" -27 NA NA NA NA NA NA NA NA NA NA NA NA NA NA NA NA
"1" "" 2018-10-17 40.33 "DAL" "@" "PHO" "L" -21 NA NA NA NA NA NA NA NA NA NA NA NA NA NA NA NA
"2" "" 2018-10-20 40.34 "DAL" "" "MIN" "W" 4 NA NA NA NA NA NA NA NA NA NA NA NA NA NA NA NA
"3" "" 2018-10-22 40.34 "DAL" "" "CHI" "W" 6 NA NA NA NA NA NA NA NA NA NA NA NA NA NA NA NA
"4" "" 2018-10-24 40.35 "DAL" "@" "ATL" "L" -7 NA NA NA NA NA NA NA NA NA NA NA NA NA NA NA NA
"5" "" 2018-10-26 40.35 "DAL" "@" "TOR" "L" -9 NA NA NA NA NA NA NA NA NA NA NA NA NA NA NA NA
"6" "" 2018-10-28 40.36 "DAL" "" "UTA" "L" -9 NA NA NA NA NA NA NA NA NA NA NA NA NA NA NA NA
"7" "" 2018-10-29 40.36 "DAL" "@" "SAS" "L" -5 NA NA NA NA NA NA NA NA NA NA NA NA NA NA NA NA
"8" "" 2018-10-31 40.37 "DAL" "@" "LAL" "L" -1 NA NA NA NA NA NA NA NA NA NA NA NA NA NA NA NA
"9" "" 2018-11-02 40.37 "DAL" "" "NYK" "L" -12 NA NA NA NA NA NA NA NA NA NA NA NA NA NA NA NA
"10" "" 2018-11-06 40.38 "DAL" "" "WAS" "W" 19 NA NA NA NA NA NA NA NA NA NA NA NA NA NA NA NA
"11" "" 2018-11-07 40.39 "DAL" "@" "UTA" "L" -15 NA NA NA NA NA NA NA NA NA NA NA NA NA NA NA NA
"12" "" 2018-11-10 40.39 "DAL" "" "OKC" "W" 15 NA NA NA NA NA NA NA NA NA NA NA NA NA NA NA NA
"13" "" 2018-11-12 40.4 "DAL" "@" "CHI" "W" 5 NA NA NA NA NA NA NA NA NA NA NA NA NA NA NA NA
"14" "" 2018-11-14 40.41 "DAL" "" "UTA" "W" 50 NA NA NA NA NA NA NA NA NA NA NA NA NA NA NA NA
"15" "" 2018-11-17 40.41 "DAL" "" "GSW" "W" 3 NA NA NA NA NA NA NA NA NA NA NA NA NA NA NA NA
"16" "" 2018-11-19 40.42 "DAL" "@" "MEM" "L" -10 NA NA NA NA NA NA NA NA NA NA NA NA NA NA NA NA
"17" "" 2018-11-21 40.42 "DAL" "" "BRK" "W" 6 NA NA NA NA NA NA NA NA NA NA NA NA NA NA NA NA
"18" "" 2018-11-24 40.43 "DAL" "" "BOS" "W" 9 NA NA NA NA NA NA NA NA NA NA NA NA NA NA NA NA
"19" "" 2018-11-28 40.44 "DAL" "@" "HOU" "W" 20 NA NA NA NA NA NA NA NA NA NA NA NA NA NA NA NA
"20" "" 2018-11-30 40.45 "DAL" "@" "LAL" "L" -11 NA NA NA NA NA NA NA NA NA NA NA NA NA NA NA NA
"21" "" 2018-12-02 40.45 "DAL" "" "LAC" "W" 4 NA NA NA NA NA NA NA NA NA NA NA NA NA NA NA NA
"22" "" 2018-12-04 40.46 "DAL" "" "POR" "W" 9 NA NA NA NA NA NA NA NA NA NA NA NA NA NA NA NA
"23" "" 2018-12-05 40.46 "DAL" "@" "NOP" "L" -26 NA NA NA NA NA NA NA NA NA NA NA NA NA NA NA NA
"24" "" 2018-12-08 40.47 "DAL" "" "HOU" "W" 3 NA NA NA NA NA NA NA NA NA NA NA NA NA NA NA NA
"25" "" 2018-12-10 40.48 "DAL" "" "ORL" "W" 25 NA NA NA NA NA NA NA NA NA NA NA NA NA NA NA NA
"26" "" 2018-12-12 40.48 "DAL" "" "ATL" "W" 7 NA NA NA NA NA NA NA NA NA NA NA NA NA NA NA NA
"27" "1" 2018-12-13 40.48 "DAL" "@" "PHO" "L" -10 0 6.16666666666667 0.5 0.5 0 15.3 8.4 0 0 0 0 13.5 111 105 0.9 -4.2
"28" "2" 2018-12-16 40.49 "DAL" "" "SAC" "L" -7 0 8.36666666666667 0.338 0.25 0 47.8 22.9 0 0 0 18.4 25.2 62 112 0.8 -13.5
"29" "3" 2018-12-18 40.5 "DAL" "@" "DEN" "L" -8 0 7.21666666666667 0.75 0.75 0 17.1 8.3 19.9 0 0 0 12.4 154 131 3 7
"30" "4" 2018-12-20 40.5 "DAL" "@" "LAC" "L" -4 0 5.78333333333333 0 0 0 0 0 0 0 0 0 7.1 0 135 -1.1 -17.4
"31" "5" 2018-12-22 40.51 "DAL" "@" "GSW" "L" -4 0 12.3166666666667 0.338 0.25 0 0 0 0 0 0 18.4 18.1 58 128 -0.4 -16
"32" "" 2018-12-23 40.51 "DAL" "@" "POR" "L" -3 NA NA NA NA NA NA NA NA NA NA NA NA NA NA NA NA
"33" "6" 2018-12-26 40.52 "DAL" "" "NOP" "W" 3 0 11.6833333333333 0.509 0.417 0 9.1 4.8 13.3 0 13 0 25.8 114 111 4.8 0.2
"34" "7" 2018-12-28 40.53 "DAL" "@" "NOP" "L" -2 0 11.35 0.698 0.643 0 8.8 4.8 0 0 0 11.3 34.6 121 126 6.2 -1.1
"35" "8" 2018-12-30 40.53 "DAL" "" "OKC" "W" 2 0 10.3166666666667 0.75 0.75 0 29.7 15.9 0 0 0 0 16.4 142 101 4.1 6.9
"36" "" 2018-12-31 40.53 "DAL" "@" "OKC" "L" -20 NA NA NA NA NA NA NA NA NA NA NA NA NA NA NA NA
"37" "9" 2019-01-02 40.54 "DAL" "@" "CHO" "W" 38 0 6.66666666666667 0.75 0.75 0 25.3 14 0 0 0 0 25.5 135 87 4.6 13.3
"38" "10" 2019-01-04 40.55 "DAL" "@" "BOS" "L" -21 0 16.1166666666667 0 0 0 11.5 5.8 0 0 0 9.1 29.7 0 124 -8.6 -35.9
"39" "" 2019-01-05 40.55 "DAL" "@" "PHI" "L" -6 NA NA NA NA NA NA NA NA NA NA NA NA NA NA NA NA
"40" "11" 2019-01-07 40.55 "DAL" "" "LAL" "L" -10 0 13.4666666666667 0.333 0.333 0 14.5 7.4 22 0 5.5 0 9.3 102 106 2.2 -0.7
"41" "" 2019-01-09 40.56 "DAL" "" "PHO" "W" 10 NA NA NA NA NA NA NA NA NA NA NA NA NA NA NA NA
"42" "12" 2019-01-11 40.56 "DAL" "@" "MIN" "W" 4 0 13.1833333333333 0 0 0 29.7 15.2 0 3.6 4.7 0 12.7 0 102 -0.7 -13.8
"43" "13" 2019-01-13 40.57 "DAL" "" "GSW" "L" -5 0 7.08333333333333 0.5 0.5 0 27.7 13.6 21.7 0 0 0 17.6 130 123 2.6 4.7
"44" "14" 2019-01-16 40.58 "DAL" "" "SAS" "L" -4 0 10.4833333333333 0.6 0.6 0 45.8 23.5 16.4 0 0 0 21.6 139 117 4.4 6.5
"45" "15" 2019-01-19 40.59 "DAL" "@" "IND" "L" -12 0 9.76666666666667 0 0 0 12 5.5 0 0 8.1 0 22.4 0 117 -2.5 -22.2
"46" "" 2019-01-21 40.59 "DAL" "@" "MIL" "L" -10 NA NA NA NA NA NA NA NA NA NA NA NA NA NA NA NA
"47" "16" 2019-01-22 40.59 "DAL" "" "LAC" "W" 8 0 10.3666666666667 0.667 0.667 0 8.7 5.2 0 0 8.4 0 26.5 128 107 4.8 6.3
"48" "17" 2019-01-25 40.6 "DAL" "" "DET" "W" 5 0 9.9 0 0 0 10.3 5.4 13.1 0 0 0 9.4 34 117 -0.4 -11
"49" "18" 2019-01-27 40.61 "DAL" "" "TOR" "L" -3 0 10.0666666666667 1.054 1.5 0 0 0 0 0 0 23.1 18.1 117 130 3.4 3.1
"50" "19" 2019-01-30 40.62 "DAL" "@" "NYK" "W" 24 0 11.5833333333333 0.888 0.857 0 0 0 0 0 0 0 30.6 168 98 10.7 16.4
"51" "20" 2019-01-31 40.62 "DAL" "@" "DET" "L" -4 0 13.15 0.389 0.389 0 15.2 7.6 0 0 0 0 31.5 81 106 2.1 -5.7
"52" "21" 2019-02-02 40.62 "DAL" "@" "CLE" "W" 13 0 8.96666666666667 NA NA 0 51.5 28.5 0 0 0 NA 0 0 94 0.7 -4.4
"53" "22" 2019-02-06 40.64 "DAL" "" "CHO" "W" 6 0 14.55 0.8 0.8 0 0 0 0 0 6.3 0 14.4 150 98 5.6 5.9
"54" "23" 2019-02-08 40.64 "DAL" "" "MIL" "L" -15 0 17.7166666666667 0.333 0.333 0 21.4 9.2 0 5.5 4.8 0 22.2 68 111 3.7 -4
"55" "24" 2019-02-10 40.65 "DAL" "" "POR" "W" 1 0 12.9333333333333 0.75 0.75 0 27.8 12.8 0 0 0 50 13.2 62 104 0.9 -4.9
"56" "25" 2019-02-11 40.65 "DAL" "@" "HOU" "L" -16 0 10.15 0.676 0.625 0 0 0 18.5 0 0 18.4 25 110 134 3.3 -0.3
"57" "26" 2019-02-13 40.65 "DAL" "" "MIA" "L" -11 0 16.5666666666667 0.429 0.429 0 16.6 6.8 0 3 0 0 37 83 113 5.4 -4.8
"58" "27" 2019-02-22 40.68 "DAL" "" "DEN" "L" -10 0 18.3833333333333 0.19 0.143 0 23.3 12.4 16.6 0 0 0 18.1 53 108 -0.2 -11.1
"59" "28" 2019-02-23 40.68 "DAL" "@" "UTA" "L" -16 1 25.3333333333333 0.536 0.536 0 9 4 6.4 1.9 0 0 24.6 104 128 8.3 -0.9
"60" "29" 2019-02-25 40.69 "DAL" "@" "LAC" "L" -9 1 25.85 0.51 0.4 0 19.8 10.9 5.9 0 3.4 0 20.8 110 123 8.7 -3.8
"61" "30" 2019-02-27 40.69 "DAL" "" "IND" "W" 9 1 21.8333333333333 0.55 0.55 0 28.9 13.7 21.1 0 0 0 20.7 124 112 8 2.5
"62" "31" 2019-03-02 40.7 "DAL" "" "MEM" "L" -30 1 22.8666666666667 0.322 0.25 3.6 37 15.8 9.6 0 0 0 20.9 77 120 2.8 -8
"63" "32" 2019-03-04 40.71 "DAL" "@" "BRK" "L" -39 1 19.4333333333333 0.154 0.154 0 29.1 11.8 19 0 0 7.1 31.5 36 127 -3.1 -19.6
"64" "33" 2019-03-06 40.71 "DAL" "@" "WAS" "L" -9 0 11.7666666666667 0.258 0 0 20.4 9.3 0 0 0 20.5 17.7 48 137 -0.5 -20.2
"65" "34" 2019-03-08 40.72 "DAL" "@" "ORL" "L" -5 0 18.5166666666667 0.609 0.591 0 30.1 14.4 9.8 0 0 0 29 125 114 10.7 4.5
"66" "35" 2019-03-10 40.72 "DAL" "" "HOU" "L" -1 0 7.18333333333333 0.493 0.333 0 24.7 14.5 27.5 0 18.6 0 39.5 115 94 4.7 7.9
"67" "36" 2019-03-12 40.73 "DAL" "" "SAS" "L" -7 1 18.4833333333333 0.735 0.8 0 21.6 10.3 0 0 0 0 13.1 137 119 6.2 3.8
"68" "37" 2019-03-14 40.73 "DAL" "@" "DEN" "L" -1 1 19.3833333333333 0.9 0.9 0 0 0 8.4 0 0 16.7 14.5 135 119 5.6 4
"69" "38" 2019-03-16 40.74 "DAL" "" "CLE" "W" 5 1 29.1333333333333 0.474 0.462 0 26.7 13.5 4.4 3.6 6.9 6.3 25.7 94 115 9.4 -6.7
"70" "39" 2019-03-18 40.75 "DAL" "" "NOP" "L" -4 1 12.3333333333333 0.581 0.5 7.8 0 4.1 26 0 0 0 22.3 136 122 7.1 5.3
"71" "40" 2019-03-20 40.75 "DAL" "@" "POR" "L" -8 1 14.25 0.436 0.333 0 16.4 8.1 0 0 6.1 22.5 13.7 68 126 1.2 -9.2
"72" "41" 2019-03-21 40.75 "DAL" "@" "SAC" "L" -16 0 12.6333333333333 0.3 0.3 0 16.5 7.5 11.8 3.9 0 0 17.4 70 113 1.4 -5.7
"73" "42" 2019-03-23 40.76 "DAL" "@" "GSW" "W" 35 1 26.3166666666667 0.75 0.75 0 18.6 10.7 6.2 0 6.1 0 25.1 140 93 17.2 10.2
"74" "43" 2019-03-26 40.77 "DAL" "" "SAC" "L" -4 1 10.9166666666667 0.654 0.583 13.7 10.2 11.7 0 0 0 22.5 38.2 101 137 4.2 -11.6
"75" "44" 2019-03-28 40.77 "DAL" "@" "MIA" "L" -6 1 27.6166666666667 0.5 0.5 0 10.4 5 6.4 0 0 0 20.1 98 109 7.1 -0.6
"76" "45" 2019-03-31 40.78 "DAL" "@" "OKC" "W" 3 1 26.5166666666667 0.309 0.25 4.1 38.1 23.3 0 0 3.3 0 18.6 75 95 4.6 -5.2
"77" "46" 2019-04-01 40.78 "DAL" "" "PHI" "W" 20 1 17.3833333333333 0.35 0.35 0 24.7 12.7 0 0 0 0 24 71 98 2.3 -10.7
"78" "47" 2019-04-03 40.79 "DAL" "" "MIN" "L" -2 1 22.0833333333333 0.375 0.375 0 20.7 10 12.7 0 0 7.7 24.5 80 115 3.8 -6.1
"79" "48" 2019-04-05 40.79 "DAL" "" "MEM" "L" -10 1 24.9833333333333 0.5 0.5 0 31.3 14.6 6.1 0 0 0 20.2 103 122 7.2 -6.4
"80" "49" 2019-04-07 40.8 "DAL" "@" "MEM" "W" 2 1 11.8666666666667 0.2 0.2 0 44.7 21.5 11 0 8.3 0 18.8 54 110 1.8 -9.3
"81" "50" 2019-04-09 40.81 "DAL" "" "PHO" "W" 11 1 32.7 0.464 0.435 2.9 20.1 11.5 17.7 0 2.8 5.8 40.7 103 104 15.1 -5.3
"82" "51" 2019-04-10 40.81 "DAL" "@" "SAS" "L" -11 1 31.55 0.457 0.429 0 35.4 16 6.1 1.6 0 0 32.2 89 106 12.4 -1
