"Rk" "G" "Date" "Age" "Tm" "H/A" "Opp" "W/L" "By Amt" "GS" "MP" "TS%" "eFG%" "ORB%" "DRB%" "TRB%" "AST%" "STL%" "BLK%" "TOV%" "USG%" "ORtg" "DRtg" "GmSc" "BPM"
"1" "1" 2001-10-30 20.29 "POR" "@" "LAL" "L" -11 0 1.01666666666667 0.266 0 100 0 55.2 0 0 0 34.7 100 57 114 -0.4 -67.7
"2" "" 2001-10-31 20.29 "POR" "" "GSW" "W" 5 NA NA NA NA NA NA NA NA NA NA NA NA NA NA NA NA
"3" "2" 2001-11-03 20.3 "POR" "" "SAS" "L" -16 0 2.53333333333333 NA NA 0 0 0 0 0 0 NA 0 0 123 -0.4 -12.5
"4" "3" 2001-11-04 20.3 "POR" "@" "GSW" "L" -10 0 18.0166666666667 0.286 0.286 17.4 4.8 10.5 19.3 2.8 3.3 0 17.9 88 104 4.6 -2.1
"5" "4" 2001-11-06 20.31 "POR" "" "UTA" "W" 18 0 3.26666666666667 1 1 0 0 0 0 0 0 50 32.2 64 103 -0.1 -19.5
"6" "5" 2001-11-08 20.32 "POR" "" "LAC" "W" 18 0 6 0.515 0.333 0 27.6 11.6 22.2 0 0 0 28.7 125 113 3.3 2.3
"7" "6" 2001-11-10 20.32 "POR" "@" "IND" "L" -9 0 1.78333333333333 1 1 0 0 0 0 27.1 0 0 24.2 200 69 2.7 53
"8" "7" 2001-11-11 20.32 "POR" "@" "DET" "W" 2 0 6.55 0.25 0.25 20 21.6 20.8 0 0 0 20 36.6 57 108 -0.8 -23.1
"9" "8" 2001-11-13 20.33 "POR" "@" "NYK" "L" -7 0 3.4 0 0 0 0 0 0 0 0 0 28.7 0 112 -1.8 -31
"10" "9" 2001-11-15 20.33 "POR" "@" "MEM" "W" 16 0 3.23333333333333 0 0 32.7 0 18.2 0 0 0 0 15.4 66 118 0 -19.9
"11" "10" 2001-11-17 20.34 "POR" "@" "CHH" "W" 10 0 2.25 1 1 0 0 0 0 0 0 50 49.5 65 113 0.7 -8.4
"12" "" 2001-11-20 20.35 "POR" "" "HOU" "L" -7 NA NA NA NA NA NA NA NA NA NA NA NA NA NA NA NA
"13" "11" 2001-11-21 20.35 "POR" "@" "SAC" "L" -12 0 13.75 0.833 0.833 0 21.4 11.4 0 0 4.6 25 27.9 103 102 6.6 5.4
"14" "12" 2001-11-23 20.36 "POR" "" "DEN" "W" 7 0 6.31666666666667 0.333 0.333 39 0 20 0 0 0 0 24.2 105 118 1.3 -12.3
"15" "13" 2001-11-27 20.37 "POR" "" "IND" "W" 6 0 16.5333333333333 0.533 0.5 15 23.7 19.2 13.6 0 0 19.2 29.8 93 99 5.6 -2.3
"16" "14" 2001-11-30 20.38 "POR" "" "MIL" "W" 6 0 4.48333333333333 0 0 0 33.3 15.4 0 0 0 50 23.3 0 118 -1.4 -29.1
"17" "15" 2001-12-01 20.38 "POR" "" "PHO" "L" -14 0 9.68333333333333 0.25 0.25 10.9 25.9 17.8 0 5.6 0 0 18.3 73 102 1.9 -3.8
"18" "16" 2001-12-06 20.39 "POR" "" "CHH" "L" -6 0 16.75 0.557 0.556 15.7 17.3 16.6 0 0 0 0 26.3 125 109 8.2 3.4
"19" "17" 2001-12-08 20.4 "POR" "" "SEA" "W" 21 0 10.0166666666667 0.41 0.5 13.7 34.3 24.9 23.9 0 7.5 45 20.4 72 95 1.1 -5.8
"20" "18" 2001-12-11 20.41 "POR" "@" "DAL" "L" -2 0 2.56666666666667 NA NA 0 0 0 0 0 0 100 15.2 0 123 -2.2 -48.2
"21" "19" 2001-12-14 20.41 "POR" "@" "UTA" "L" -8 0 6.5 1.017 1 20 40 30 0 0 0 0 27.9 208 102 6.7 27.2
"22" "" 2001-12-15 20.42 "POR" "" "ORL" "W" 11 NA NA NA NA NA NA NA NA NA NA NA NA NA NA NA NA
"23" "" 2001-12-18 20.42 "POR" "@" "HOU" "W" 9 NA NA NA NA NA NA NA NA NA NA NA NA NA NA NA NA
"24" "20" 2001-12-19 20.43 "POR" "@" "SAS" "L" -18 0 1.58333333333333 1 1 49 0 26.1 0 0 0 0 22.4 204 119 2.4 39.6
"25" "21" 2001-12-21 20.43 "POR" "" "DET" "W" 2 0 2.4 0 0 0 41 19 0 0 0 0 15 0 93 -0.4 -17.3
"26" "22" 2001-12-22 20.44 "POR" "@" "PHO" "L" -12 0 5.01666666666667 0.615 0.5 0 22.3 11.4 0 11 0 0 22.9 133 94 3.3 13.2
"27" "23" 2001-12-26 20.45 "POR" "@" "SAC" "L" -15 0 10.2833333333333 0.266 0 10.7 9.6 10.1 0 5.3 0 0 8.7 80 92 0.7 -5.3
"28" "24" 2001-12-27 20.45 "POR" "" "UTA" "L" -12 0 0.666666666666667 1 1 100 0 62.3 0 0 0 0 47 202 124 2.4 97.2
"29" "25" 2001-12-30 20.46 "POR" "" "MIN" "L" -2 0 1.9 0 0 0 0 0 0 0 0 0 26.1 0 124 -0.7 -34.4
"30" "26" 2002-01-13 20.5 "POR" "" "CLE" "W" 32 0 6.43333333333333 0.377 0 38.1 18.2 27.9 0 9.8 0 13.1 58.3 97 63 2.7 -12.3
"31" "27" 2002-01-16 20.5 "POR" "@" "PHO" "W" 9 0 1.01666666666667 NA NA 0 100 55.8 0 0 0 NA 0 0 77 0.3 2.7
"32" "" 2002-01-17 20.51 "POR" "" "MIA" "L" -2 NA NA NA NA NA NA NA NA NA NA NA NA NA NA NA NA
"33" "28" 2002-01-19 20.51 "POR" "" "LAC" "W" 20 0 3.65 0 0 37.5 22.6 28.2 26.7 0 0 0 23.3 68 100 0.3 -12.5
"34" "" 2002-01-22 20.52 "POR" "" "SAC" "W" 6 NA NA NA NA NA NA NA NA NA NA NA NA NA NA NA NA
"35" "29" 2002-01-24 20.53 "POR" "" "MEM" "W" 38 0 12 0.618 0.6 37.5 26.7 31.2 16.7 0 0 0 42.2 147 93 12.3 6.7
"36" "" 2002-01-29 20.54 "POR" "@" "SEA" "W" 6 NA NA NA NA NA NA NA NA NA NA NA NA NA NA NA NA
"37" "" 2002-01-31 20.55 "POR" "" "PHO" "W" 8 NA NA NA NA NA NA NA NA NA NA NA NA NA NA NA NA
"38" "" 2002-02-02 20.55 "POR" "@" "UTA" "L" -1 NA NA NA NA NA NA NA NA NA NA NA NA NA NA NA NA
"39" "" 2002-02-03 20.55 "POR" "" "CHI" "W" 5 NA NA NA NA NA NA NA NA NA NA NA NA NA NA NA NA
"40" "" 2002-02-05 20.56 "POR" "@" "DEN" "L" -1 NA NA NA NA NA NA NA NA NA NA NA NA NA NA NA NA
"41" "30" 2002-02-06 20.56 "POR" "@" "MIN" "L" -10 0 1.85 0 0 0 68.6 32.9 0 0 0 0 23.2 0 122 -0.4 -26.1
"42" "" 2002-02-13 20.58 "POR" "" "DAL" "W" 11 NA NA NA NA NA NA NA NA NA NA NA NA NA NA NA NA
"43" "" 2002-02-15 20.59 "POR" "" "BOS" "L" -3 NA NA NA NA NA NA NA NA NA NA NA NA NA NA NA NA
"44" "31" 2002-02-17 20.59 "POR" "" "LAL" "W" 6 0 0.0166666666666667 NA NA 0 0 0 0 0 0 NA 0 0 125 0 -6.2
"45" "32" 2002-03-01 20.62 "POR" "@" "TOR" "W" 10 0 1.23333333333333 NA NA 0 0 0 0 0 0 NA 0 0 105 0 -7.3
"46" "33" 2002-03-02 20.63 "POR" "@" "MIL" "W" 1 0 4.4 0.5 0.5 27.6 0 14.9 47.7 0 0 0 22.9 136 118 2.4 11.2
"47" "34" 2002-03-04 20.63 "POR" "" "SAC" "W" 12 0 0.133333333333333 NA NA 0 0 0 0 0 0 NA 0 0 118 0 -7.8
"48" "" 2002-03-06 20.64 "POR" "" "MIN" "W" 7 NA NA NA NA NA NA NA NA NA NA NA NA NA NA NA NA
"49" "" 2002-03-08 20.64 "POR" "" "NJN" "W" 9 NA NA NA NA NA NA NA NA NA NA NA NA NA NA NA NA
"50" "" 2002-03-09 20.65 "POR" "@" "DEN" "L" -3 NA NA NA NA NA NA NA NA NA NA NA NA NA NA NA NA
"51" "35" 2002-03-14 20.66 "POR" "" "DAL" "W" 26 0 12.0833333333333 0.286 0.286 10.8 0 6 19 0 0 12.5 27.6 80 116 0.6 -17.1
"52" "36" 2002-03-16 20.67 "POR" "" "WAS" "W" 15 0 0.483333333333333 1 1 0 0 0 0 0 0 0 46.9 200 105 1.7 94.2
"53" "" 2002-03-18 20.67 "POR" "@" "BOS" "W" 9 NA NA NA NA NA NA NA NA NA NA NA NA NA NA NA NA
"54" "37" 2002-03-20 20.68 "POR" "@" "NJN" "L" -15 0 2.36666666666667 1 1 0 0 0 0 0 0 0 23.3 200 121 1.7 18.1
"55" "38" 2002-03-22 20.68 "POR" "@" "CHI" "W" 16 0 2.65 0.266 0 0 82.1 41.6 0 0 0 0 30.1 63 94 0.1 -26.7
"56" "" 2002-03-23 20.68 "POR" "@" "MIN" "W" 9 NA NA NA NA NA NA NA NA NA NA NA NA NA NA NA NA
"57" "" 2002-03-25 20.69 "POR" "" "MEM" "L" -3 NA NA NA NA NA NA NA NA NA NA NA NA NA NA NA NA
"58" "" 2002-03-27 20.7 "POR" "" "SAS" "W" 5 NA NA NA NA NA NA NA NA NA NA NA NA NA NA NA NA
"59" "39" 2002-03-29 20.7 "POR" "@" "LAL" "L" -12 0 1.78333333333333 0.5 0.5 42.9 52.2 47.1 0 0 0 0 44.3 112 91 2 24.4
"60" "" 2002-03-30 20.7 "POR" "" "SEA" "L" -5 NA NA NA NA NA NA NA NA NA NA NA NA NA NA NA NA
"61" "40" 2002-04-02 20.71 "POR" "@" "GSW" "L" -16 0 2.71666666666667 0 0 0 45.7 19.3 44.4 18.5 0 0 30.2 31 79 0.6 6.7
"62" "" 2002-04-04 20.72 "POR" "" "NYK" "W" 8 NA NA NA NA NA NA NA NA NA NA NA NA NA NA NA NA
"63" "41" 2002-04-17 20.75 "POR" "" "HOU" "W" 13 0 27.9 0.595 0.6 17.1 20.9 19 6.2 0 2.7 7.8 22.6 120 94 12.5 1.1
"1" "1" 2002-10-30 21.29 "POR" "" "LAL" "W" 12 0 5.58333333333333 0 0 0 0 0 0 0 0 0 7.1 0 112 -0.7 -15.5
"2" "2" 2002-10-31 21.29 "POR" "@" "SAC" "L" -28 0 5.25 0 0 0 51.9 22.3 31 0 0 0 9 40 106 0.6 -0.9
"3" "3" 2002-11-02 21.3 "POR" "" "DEN" "L" -17 0 1.73333333333333 0 0 0 0 0 0 0 0 0 25.2 0 122 -0.7 -31.4
"4" "" 2002-11-03 21.3 "POR" "@" "LAL" "L" -3 NA NA NA NA NA NA NA NA NA NA NA NA NA NA NA NA
"5" "4" 2002-11-06 21.31 "POR" "" "MEM" "W" 6 0 12.3833333333333 0.515 0.333 20.5 0 10.4 11.1 9.5 0 20.5 19.3 111 95 5 4.4
"6" "5" 2002-11-08 21.32 "POR" "@" "PHO" "L" -11 0 20.1666666666667 0.556 0.556 16.7 17.1 16.9 0 5.7 3.4 0 22.5 118 91 9.8 8
"7" "6" 2002-11-09 21.32 "POR" "@" "SAS" "W" 19 0 20.55 0.543 0.5 15.2 26 21.6 0 0 4 0 30.3 118 88 10.8 2.6
"8" "7" 2002-11-11 21.32 "POR" "@" "DAL" "L" -9 0 21.55 0.444 0.429 3.8 24.8 13 10.2 5 0 20.2 20.2 78 83 5 1.7
"9" "8" 2002-11-12 21.33 "POR" "@" "HOU" "L" -3 0 8.38333333333333 0.5 0.5 0 29.3 14.8 23.1 14.8 0 0 12.8 120 72 4.3 19.9
"10" "9" 2002-11-15 21.33 "POR" "" "LAC" "W" 24 0 20.6833333333333 0.612 0.615 35.7 10.6 21.3 19.3 4.9 0 12.6 32.3 128 91 15.8 9.7
"11" "10" 2002-11-20 21.35 "POR" "" "ORL" "W" 14 0 11.6333333333333 0.403 0.429 22.2 17 19.3 14.8 0 6.2 0 29 99 87 4.5 -0.2
"12" "11" 2002-11-21 21.35 "POR" "@" "SEA" "W" 4 0 9.95 0.694 0.5 0 30.6 15.3 0 0 0 0 13.3 157 95 3.9 3.9
"13" "12" 2002-11-23 21.36 "POR" "" "SAC" "L" -1 0 9.01666666666667 0.674 0.571 0 14.8 7.5 0 0 0 0 51.2 143 111 8.4 11.4
"14" "13" 2002-11-26 21.36 "POR" "" "HOU" "W" 6 0 14.6833333333333 0.75 0.75 0 14.9 7.5 0 3.7 0 0 13.4 138 81 5.2 4.5
"15" "14" 2002-11-30 21.38 "POR" "" "NJN" "L" -7 0 17.7333333333333 0.405 0.333 16.7 0 10.1 0 5.8 0 0 24.4 100 98 5.4 -1.2
"16" "15" 2002-12-04 21.39 "POR" "" "DAL" "L" -15 0 4.63333333333333 0.46 0.4 22.2 27.9 24.7 0 0 0 0 57 109 112 3.3 7.8
"17" "16" 2002-12-06 21.39 "POR" "" "MIA" "W" 19 0 22.3 0.511 0.444 18.6 16 17.4 9.4 0 0 0 22 129 85 8.7 1.6
"18" "17" 2002-12-08 21.4 "POR" "@" "TOR" "W" 13 0 7.26666666666667 1 1 0 16.3 9.9 0 0 0 33.3 21.6 107 108 1.9 -4.7
"19" "18" 2002-12-10 21.4 "POR" "@" "WAS" "W" 19 0 12.2666666666667 0.51 0.4 11.8 19.5 16 0 0 0 14.5 27 99 95 2.8 -8.8
"20" "19" 2002-12-11 21.41 "POR" "@" "NJN" "L" -1 0 16.55 0.595 0.6 19.3 29 23.8 9.6 2.9 0 14.5 16.8 119 104 7.9 4.5
"21" "20" 2002-12-13 21.41 "POR" "@" "MIL" "L" -22 0 23.45 0.69 0.727 11 16.9 13.9 0 0 0 7.5 30.2 120 123 11.4 0.7
"22" "21" 2002-12-14 21.41 "POR" "@" "MIN" "W" 6 0 18.4833333333333 0.551 0.5 11.8 21 16.7 0 0 0 0 25.8 131 93 8.8 5
"23" "22" 2002-12-17 21.42 "POR" "" "NOH" "W" 9 0 10.5 0.178 0.125 24.6 25.3 24.9 15.4 5.5 0 0 41 68 100 1.1 -16.8
"24" "23" 2002-12-18 21.42 "POR" "@" "LAC" "W" 4 0 9.25 0.333 0.333 14.8 0 7.6 15.8 5.9 0 0 15.9 100 98 2.3 0.7
"25" "24" 2002-12-20 21.43 "POR" "@" "GSW" "W" 2 0 15.05 0.791 0.8 17.3 17.3 17.3 0 0 0 32.2 27.2 102 121 5.5 -7.8
"26" "25" 2002-12-21 21.43 "POR" "" "SEA" "W" 1 0 17.0666666666667 0.635 0.714 12 6.4 9.3 28.4 0 0 27.6 28.3 90 101 6.4 3.3
"27" "" 2002-12-27 21.45 "POR" "" "UTA" "W" 5 NA NA NA NA NA NA NA NA NA NA NA NA NA NA NA NA
"28" "26" 2002-12-28 21.45 "POR" "@" "SAC" "W" 6 0 9.96666666666667 0.41 0.25 21.2 0 11.4 0 4.9 0 0 20.4 115 105 4 -0.4
"29" "27" 2002-12-30 21.46 "POR" "@" "DET" "W" 11 0 12.3 0.51 0.4 12.1 32.7 24.4 0 0 0 25.4 33.9 82 83 2.8 -6.3
"30" "28" 2002-12-31 21.46 "POR" "@" "CHI" "L" -15 0 23.0333333333333 0.41 0.25 9.9 5.1 7.5 0 2.3 0 0 19.7 101 118 5.5 -5.2
"31" "29" 2003-01-03 21.47 "POR" "@" "BOS" "W" 5 0 20.5 0.564 0.375 52.2 5.4 26.7 7.1 0 5.1 8.6 24.3 147 122 13.1 1.7
"32" "30" 2003-01-05 21.47 "POR" "@" "NYK" "W" 3 0 12.2166666666667 0.317 0.286 0 9.3 4.8 0 0 0 11.3 35 61 105 -0.2 -14.4
"33" "31" 2003-01-07 21.48 "POR" "" "PHO" "L" -7 0 1.88333333333333 0.694 1 0 63.2 28.2 0 0 0 0 31.2 108 93 1.2 13.4
"34" "32" 2003-01-09 21.48 "POR" "" "SAS" "W" 3 0 13.1833333333333 0.167 0.167 28.4 10.9 20.2 0 0 6.4 14.3 26.3 59 109 -0.5 -18.9
"35" "33" 2003-01-10 21.49 "POR" "@" "DEN" "L" -1 0 18.3333333333333 0.392 0.25 23.2 7.4 16.3 0 3.1 3.7 0 25.3 108 95 7.2 2
"36" "34" 2003-01-13 21.5 "POR" "" "CLE" "W" 24 0 24.8166666666667 0.856 0.857 10.7 28 20.6 0 0 0 22.2 25.6 130 101 14 -1.7
"37" "35" 2003-01-15 21.5 "POR" "" "MEM" "W" 8 0 8.23333333333333 1 1 0 12.5 7.4 0 0 0 0 12.5 200 111 3.3 2.3
"38" "36" 2003-01-18 21.51 "POR" "" "MIN" "L" -6 1 22.7333333333333 0.5 0.5 4.5 9.7 7 0 0 0 20 9.6 85 115 0.7 -9.5
"39" "37" 2003-01-20 21.52 "POR" "@" "MEM" "W" 12 1 25.3166666666667 0.484 0.444 11 13.7 12.5 5.6 0 0 16.2 21.9 92 99 4.3 -8.7
"40" "38" 2003-01-22 21.52 "POR" "@" "ATL" "W" 2 1 35.55 0.592 0.563 3.1 19.8 11.8 0 3 0 0 21.4 130 99 15.6 4.5
"41" "39" 2003-01-24 21.53 "POR" "@" "NOH" "W" 1 1 32.2166666666667 0.49 0.429 15.3 25.9 19.3 6.6 3.6 0 0 22.9 120 102 14.1 4.4
"42" "40" 2003-01-26 21.53 "POR" "@" "DAL" "W" 7 1 28.2333333333333 0.581 0.5 12.2 12.2 12.2 12.8 2 3.2 6.8 23.1 135 108 13.5 5.6
"43" "41" 2003-01-28 21.54 "POR" "" "DEN" "W" 6 1 21.7 0.333 0.333 5.9 12.1 9 0 2.5 0 14.3 15.4 68 106 1.1 -11.4
"44" "42" 2003-01-29 21.54 "POR" "@" "UTA" "L" -24 1 36.1833333333333 0.713 0.571 8.7 10.3 9.4 0 1.6 0 0 13.5 164 113 14.1 6.3
"45" "43" 2003-01-31 21.55 "POR" "" "CHI" "W" 13 0 7.58333333333333 0.255 0.2 0 15.8 7.4 0 0 0 0 31.7 72 108 -0.6 -23.4
"46" "44" 2003-02-02 21.55 "POR" "@" "CLE" "W" 19 0 15.9833333333333 0.436 0.333 7.9 7.5 7.7 0 0 0 12.7 22 90 108 1.4 -16.5
"47" "45" 2003-02-04 21.56 "POR" "@" "ORL" "W" 7 0 0.65 NA NA 0 0 0 0 49.9 0 NA 0 0 -1 1 73.3
"48" "46" 2003-02-05 21.56 "POR" "@" "MIA" "W" 14 0 7.08333333333333 0 0 17.6 52.7 35.2 0 0 0 0 26.1 21 97 -1.3 -22.8
"49" "47" 2003-02-11 21.58 "POR" "" "SAS" "L" -5 0 5.31666666666667 0.798 1 22.6 0 12.9 0 0 0 0 16.8 166 128 2.6 2.9
"50" "48" 2003-02-13 21.58 "POR" "" "BOS" "L" -8 0 4.66666666666667 0.665 0.5 30 24.6 27 44.9 0 0 0 34.4 154 108 5.3 24.6
"51" "49" 2003-02-15 21.59 "POR" "" "SEA" "W" 5 0 6.53333333333333 0 0 0 0 0 0 0 0 0 13.2 0 116 -1.4 -19.2
"52" "50" 2003-02-17 21.59 "POR" "" "NYK" "W" 8 0 11.5833333333333 0.667 0.667 0 27.9 14.8 16.7 0 5.8 25 30.5 93 96 4.9 0.2
"53" "51" 2003-02-19 21.6 "POR" "" "GSW" "W" 27 0 15.35 0.4 0.4 24 18.3 21.3 8.8 0 4.4 9.1 31 97 103 5.3 -8.3
"54" "52" 2003-02-21 21.6 "POR" "@" "LAL" "L" -8 0 2.43333333333333 NA NA 0 58.5 31.2 0 0 0 NA 0 0 88 0.3 0.5
"55" "" 2003-02-22 21.61 "POR" "" "MIL" "L" -3 NA NA NA NA NA NA NA NA NA NA NA NA NA NA NA NA
"56" "53" 2003-02-25 21.61 "POR" "" "ATL" "W" 3 0 26.2833333333333 0.735 0.7 23.1 22.4 22.8 0 0 0 8.4 21.7 142 103 13.9 3.2
"57" "54" 2003-02-26 21.62 "POR" "@" "DEN" "W" 10 0 29.9 0.72 0.6 4.6 45 23.9 5.3 1.9 0 20.7 16.2 122 92 9.8 0.2
"58" "55" 2003-02-28 21.62 "POR" "" "LAC" "W" 6 1 32.5166666666667 0.661 0.667 11 39.7 24 10.3 1.7 0 0 21.5 150 112 20.5 7.8
"59" "56" 2003-03-02 21.63 "POR" "" "DET" "W" 17 0 21.5666666666667 0.429 0.429 0 26.6 15.8 6.5 0 0 12.5 19.6 84 108 1.9 -11
"60" "57" 2003-03-05 21.64 "POR" "@" "PHO" "L" -6 0 20.5833333333333 0.291 0.167 23.3 38.1 28.9 7.4 0 0 0 15.1 106 116 5.1 -5.3
"61" "58" 2003-03-06 21.64 "POR" "" "PHI" "L" -28 0 27.5666666666667 0.563 0.5 0 12.2 6.3 0 0 2.3 0 15.2 117 101 6.8 2.3
"62" "59" 2003-03-08 21.64 "POR" "" "IND" "W" 14 0 23.0666666666667 0.644 0.667 6.5 32.1 20.6 8.1 2.4 0 11.4 18.9 120 91 8.6 3.2
"63" "60" 2003-03-11 21.65 "POR" "@" "SEA" "W" 15 0 23.4166666666667 0.751 0.7 6.9 10.3 8.8 0 2.5 0 15 28.3 129 97 12.3 6.2
"64" "61" 2003-03-12 21.65 "POR" "" "TOR" "W" 22 0 23.5333333333333 0.805 0.75 0 9.3 5.7 15.8 0 0 17.7 23.7 135 121 11.7 0.1
"65" "62" 2003-03-14 21.66 "POR" "@" "PHI" "L" -11 0 14.7166666666667 0.75 0.75 0 7.1 3.9 0 3.5 0 20 15.7 110 99 4.3 3.6
"66" "63" 2003-03-16 21.67 "POR" "@" "MIN" "L" -16 0 14.5333333333333 0.563 0.5 7.8 0 4.2 0 0 4.7 0 13.8 133 138 2.4 -8.8
"67" "64" 2003-03-17 21.67 "POR" "@" "IND" "W" 7 0 18.1833333333333 0.508 0.571 0 13 6.6 0 0 0 11.3 24 85 112 3.5 -7
"68" "65" 2003-03-19 21.67 "POR" "" "HOU" "W" 11 0 19.7666666666667 0.709 0.667 30 7.3 18.5 0 2.8 0 16.8 30.1 125 99 11 2.1
"69" "66" 2003-03-22 21.68 "POR" "" "SAC" "L" -9 0 11.95 0.5 0.5 0 42.1 20 0 0 0 14.3 25.9 78 114 2.8 -7.4
"70" "67" 2003-03-25 21.69 "POR" "" "WAS" "L" -4 0 19.1666666666667 0.597 0.6 30.1 26.6 28.4 11.6 0 0 8.4 28.4 124 114 12 7
"71" "68" 2003-03-26 21.69 "POR" "@" "UTA" "L" -9 0 20.8833333333333 0.598 0.429 12.4 32.7 22.2 0 0 0 9.8 23.8 122 108 8.4 0.7
"72" "69" 2003-03-28 21.7 "POR" "" "DAL" "W" 17 0 22.9166666666667 0.825 0.857 24.6 25.5 25 19.9 4.6 0 20.2 19.3 141 96 16.1 15.5
"73" "70" 2003-04-01 21.71 "POR" "" "GSW" "W" 14 0 27.3333333333333 0.75 0.75 0 29 15.8 19.5 3.9 2.4 38.5 22 83 84 10.6 3.7
"74" "" 2003-04-03 21.72 "POR" "" "UTA" "L" -5 NA NA NA NA NA NA NA NA NA NA NA NA NA NA NA NA
"75" "" 2003-04-04 21.72 "POR" "@" "GSW" "W" 22 NA NA NA NA NA NA NA NA NA NA NA NA NA NA NA NA
"76" "71" 2003-04-06 21.72 "POR" "" "MIN" "L" -19 0 9.63333333333333 0.521 0.5 0 14.1 6.4 0 0 0 25.8 20.9 75 127 0.9 -10.3
"77" "72" 2003-04-08 21.73 "POR" "@" "HOU" "W" 15 0 9.15 0.4 0.4 47.1 10.1 24.5 0 0 0 0 29.8 112 94 3.7 0
"78" "73" 2003-04-09 21.73 "POR" "@" "SAS" "L" -5 0 12.3666666666667 0.473 0.333 26.1 29.3 27.6 0 4.8 6.7 20.5 57.9 89 88 6 -1.8
"79" "74" 2003-04-11 21.74 "POR" "@" "MEM" "L" -3 1 39.4666666666667 0.543 0.52 25.1 27 25.9 6.2 1.4 2 0 31 131 108 29.1 9.7
"80" "75" 2003-04-13 21.74 "POR" "" "LAL" "W" 2 0 11.2 0.286 0.286 11.8 13.6 12.6 0 0 0 0 30.9 74 118 0.5 -17.9
"81" "76" 2003-04-15 21.75 "POR" "" "PHO" "W" 18 1 36.1333333333333 0.755 0.765 15.2 7.6 11.4 8.7 2.7 0 10.1 24 139 104 22.7 5.1
"82" "77" 2003-04-16 21.75 "POR" "@" "LAC" "L" -14 1 25.3833333333333 0.515 0.5 8.5 35.4 20.8 6.1 2.1 0 11.4 15.4 105 110 6.8 -3.2
"1" "1" 2003-10-29 22.29 "POR" "@" "UTA" "L" -7 1 35.3666666666667 0.528 0.375 13 23.8 17.4 0 0 0 12.6 29.4 117 126 13.3 -4
"2" "2" 2003-11-01 22.3 "POR" "" "CLE" "W" 19 1 33.3666666666667 0.691 0.615 15.7 34.4 25.2 22.1 3.2 0 11.6 24.6 135 87 21.4 9.7
"3" "3" 2003-11-03 22.3 "POR" "" "PHI" "L" -11 1 33.55 0.527 0.5 10.6 37.6 22.2 11.8 3.1 0 22.3 17.2 95 102 9.3 -1.5
"4" "4" 2003-11-05 22.31 "POR" "" "MEM" "W" 6 1 35.75 0.495 0.444 22.9 27.4 25.2 21.9 1.6 2.1 22.9 34.8 96 97 15.1 0.2
"5" "5" 2003-11-07 22.31 "POR" "@" "SEA" "L" -18 1 36.0833333333333 0.548 0.563 16.7 12.4 14.5 16.7 1.5 0 25.7 29.5 93 114 11.6 -1.1
"6" "6" 2003-11-08 22.32 "POR" "" "ATL" "W" 7 1 41.4666666666667 0.588 0.545 8 16.7 12.3 10.2 0 2 0 28.7 127 99 24 6.4
"7" "7" 2003-11-11 22.32 "POR" "" "TOR" "W" 3 1 43.45 0.455 0.389 12.8 20 16.6 11.9 1.5 0 9.2 25.5 110 103 13 -0.5
"8" "8" 2003-11-13 22.33 "POR" "" "SAC" "W" 2 1 47.1166666666667 0.651 0.556 14.1 24.2 19.3 15.8 3.3 5 4.4 22.1 144 102 32 11.6
"9" "9" 2003-11-15 22.33 "POR" "@" "NOH" "L" -22 1 38.7333333333333 0.45 0.429 7.1 14.5 10 10.9 2.9 2 25.7 22.7 76 117 6.8 -6.1
"10" "10" 2003-11-17 22.34 "POR" "@" "DAL" "L" -7 1 41.1 0.742 0.75 23.4 22 22.7 24.7 1.4 0 22.9 23.2 129 119 26.9 9.6
"11" "11" 2003-11-19 22.35 "POR" "" "MIA" "W" 1 1 39.0833333333333 0.66 0.667 0 26.8 15.2 10.2 0 1.8 18.9 19.3 107 103 12.7 -0.2
"12" "12" 2003-11-21 22.35 "POR" "" "HOU" "W" 7 1 42.25 0.44 0.316 6.7 14.7 10.1 15.7 1.4 0 7.7 27.9 101 98 12.8 0.1
"13" "13" 2003-11-23 22.36 "POR" "@" "GSW" "L" -6 1 34.8 0.555 0.571 2.7 20.6 11.3 0 0 0 20.7 26.1 83 89 6.4 -2.7
"14" "14" 2003-11-25 22.36 "POR" "" "WAS" "L" -1 1 40.7333333333333 0.578 0.526 12 35.8 23.4 0 0 0 19.4 29 103 98 14.2 -2.7
"15" "15" 2003-11-28 22.37 "POR" "" "NJN" "W" 4 1 37.4833333333333 0.607 0.588 14.4 15.8 15.2 18.5 3 0 0 27.8 138 106 24 10
"16" "16" 2003-12-03 22.38 "POR" "" "IND" "W" 2 1 47.6833333333333 0.611 0.565 7.5 17.3 12.1 4.8 1.2 0 9.7 31.1 119 107 23.7 4.8
"17" "17" 2003-12-05 22.39 "POR" "" "NYK" "W" 7 1 40.3 0.465 0.429 5.9 26.9 15 4.9 0 0 11.3 33.8 92 102 10.1 -5.4
"18" "18" 2003-12-07 22.39 "POR" "@" "MEM" "L" -14 1 35 0.637 0.619 19.6 19.2 19.4 8 0 1.5 8.1 36.9 124 106 22.4 7.6
"19" "19" 2003-12-09 22.4 "POR" "@" "HOU" "L" -2 1 46.1333333333333 0.552 0.48 11.9 20.2 15.3 5.1 1.2 3.4 12.5 33.5 109 110 21.5 1
"20" "20" 2003-12-10 22.4 "POR" "@" "SAS" "L" -25 1 42.95 0.506 0.45 10.1 10.9 10.5 5.9 1.3 0 12.1 25.9 100 117 13.4 0.1
"21" "21" 2003-12-13 22.41 "POR" "" "LAL" "W" 4 1 35.7 0.498 0.476 12.7 22.8 17.7 21.1 0 0 11.1 33.5 108 118 15.9 -1.6
"22" "22" 2003-12-16 22.42 "POR" "" "MIL" "L" -7 1 40.6666666666667 0.62 0.591 9.2 56.6 30.5 16.9 0 1.7 4 28.6 127 115 26.9 6.9
"23" "23" 2003-12-18 22.42 "POR" "" "PHO" "W" 7 1 39.4166666666667 0.529 0.435 24.7 34.7 30.4 13.8 2.7 0 15.4 38.1 108 101 22.8 1.1
"24" "24" 2003-12-20 22.43 "POR" "" "SAS" "L" -10 1 40.4666666666667 0.647 0.611 5.3 15.4 10 10.6 1.4 0 8.2 28.9 127 124 22.1 7.5
"25" "25" 2003-12-21 22.43 "POR" "@" "SAC" "L" -19 1 44.4666666666667 0.439 0.37 11.2 30.7 20 10.5 0 2 11.9 35.9 92 131 13.8 -6.4
"26" "26" 2003-12-23 22.44 "POR" "" "DAL" "W" 9 1 37.25 0.687 0.706 11.8 18.1 15.4 26.5 3.1 2.1 9.2 29.2 132 101 25.6 13.4
"27" "27" 2003-12-26 22.45 "POR" "" "MIN" "W" 9 1 37.7 0.414 0.4 13.3 25.3 19.4 0 0 0 12.1 30.6 92 109 7.4 -10.3
"28" "28" 2003-12-28 22.45 "POR" "@" "CLE" "L" -12 1 41.6166666666667 0.419 0.391 9.8 15 12.1 13.4 1.4 1.6 14.3 32.5 80 102 10.5 -2.7
"29" "29" 2003-12-29 22.45 "POR" "@" "NJN" "W" 4 1 45.6333333333333 0.478 0.333 6.3 29.4 18.8 15 1.3 0 21.5 20.5 99 104 11.6 -1
"30" "30" 2003-12-31 22.46 "POR" "@" "DET" "L" -7 1 41.7166666666667 0.333 0.333 11.7 30.1 20.8 12.1 0 0 7.7 34.1 74 100 7.2 -6.2
"31" "31" 2004-01-02 22.47 "POR" "" "DEN" "L" -10 1 40.35 0.463 0.353 9.7 37.7 23.3 8.3 1.4 1.7 8.9 26.9 100 116 15.6 -2
"32" "32" 2004-01-05 22.47 "POR" "@" "SEA" "L" -11 1 46.0666666666667 0.634 0.579 5.1 31.1 16.9 17.8 0 0 18.5 27.6 118 130 20 0.3
"33" "33" 2004-01-08 22.48 "POR" "@" "MIN" "L" -21 1 36.75 0.478 0.474 3 20.5 11.1 0 0 3.8 16.8 31.9 80 110 8 -2.6
"34" "34" 2004-01-09 22.48 "POR" "@" "CHI" "W" 9 1 30.95 0.272 0.25 12.2 8.8 10.2 0 0 4.2 31.8 27.9 47 93 -3.4 -18.6
"35" "35" 2004-01-11 22.49 "POR" "@" "TOR" "L" -11 1 39.35 0.28 0.294 5.6 14.1 9.3 12.4 1.6 0 18.3 26.8 60 109 0.3 -10.1
"36" "36" 2004-01-13 22.5 "POR" "@" "LAC" "L" -7 1 41.3333333333333 0.316 0.316 9.7 24.9 18.3 13.3 0 1.7 13.6 26.5 76 110 5.2 -8.6
"37" "37" 2004-01-15 22.5 "POR" "" "PHO" "L" -9 1 40.8333333333333 0.459 0.455 21.5 15.8 18.7 10 0 1.7 23.4 33.9 86 121 9.1 -11.9
"38" "38" 2004-01-17 22.51 "POR" "" "DAL" "L" -4 1 36.8833333333333 0.694 0.556 0 30.2 18.3 17 1.5 0 31.6 23.7 105 116 12.9 -0.4
"39" "39" 2004-01-18 22.51 "POR" "@" "PHO" "L" -4 1 41.7333333333333 0.522 0.4 11.7 21.1 16.3 4.6 3.5 3.4 20 31.1 93 95 17.4 -0.9
"40" "40" 2004-01-20 22.52 "POR" "@" "SAC" "W" 5 1 33.5333333333333 0.424 0.444 18.9 14.1 16.4 0 0 0 17.5 31.6 83 108 6.3 -10
"41" "41" 2004-01-24 22.53 "POR" "" "GSW" "L" -18 1 37.2 0.526 0.524 3.5 20 11.9 5.5 4.4 0 4.4 29.6 104 112 17.1 3.3
"42" "42" 2004-01-26 22.53 "POR" "@" "WAS" "W" 11 1 37.8833333333333 0.533 0.533 0 29.1 16 18.1 1.4 0 11.8 22.7 96 91 12 -1.1
"43" "43" 2004-01-28 22.54 "POR" "@" "MEM" "W" 12 1 23.9 0.823 0.818 4.7 29.1 18.4 28.6 0 0 19 30.4 126 80 16.4 12.9
"44" "44" 2004-01-29 22.54 "POR" "@" "ATL" "W" 8 1 42.0166666666667 0.491 0.389 8.2 25.8 16.7 4 1.3 0 4.3 24.8 113 95 16.5 1.6
"45" "45" 2004-01-31 22.55 "POR" "" "CHI" "W" 7 1 40.7333333333333 0.653 0.643 3.3 21.6 13.4 9.4 0 1.8 11.5 21.8 113 98 15 1.4
"46" "46" 2004-02-02 22.55 "POR" "@" "DEN" "L" -19 1 38.6833333333333 0.549 0.5 14 20 16.7 14.8 1.2 0 16.4 31.2 106 118 17.6 2.1
"47" "47" 2004-02-04 22.56 "POR" "@" "PHO" "W" 4 1 40.9166666666667 0.545 0.529 6.9 26 16.7 7.7 0 2.2 14.7 23.9 101 109 12.8 -4.3
"48" "48" 2004-02-06 22.56 "POR" "@" "UTA" "W" 14 1 42.2166666666667 0.571 0.5 12.1 27.2 20 11.1 1.3 3.3 10.7 22.1 115 83 17.6 4.4
"49" "49" 2004-02-08 22.57 "POR" "" "SEA" "W" 10 1 38.05 0.619 0.556 6.3 37.6 23.2 11.3 1.4 2.6 9 27.5 117 89 21.9 6.1
"50" "50" 2004-02-10 22.57 "POR" "" "UTA" "L" -5 1 43.7333333333333 0.454 0.4 5.9 17.2 11.6 4.9 6.7 1.7 18.5 25.9 81 95 10.7 -2.7
"51" "51" 2004-02-12 22.58 "POR" "" "DEN" "L" -9 1 32.4 0.457 0.286 0 35.3 15.8 8.3 1.6 0 40.7 20 62 113 1.9 -10.9
"52" "52" 2004-02-17 22.59 "POR" "@" "LAL" "L" -3 1 26.8833333333333 0.4 0.4 4.1 18.2 10.8 13.2 0 0 9.1 20.7 83 107 4.5 -5
"53" "53" 2004-02-18 22.59 "POR" "" "LAC" "W" 15 0 30.8166666666667 0.581 0.5 14.7 22.1 18.4 15.6 1.9 0 12 24.4 128 101 14.7 1.5
"54" "54" 2004-02-20 22.6 "POR" "@" "GSW" "W" 1 1 30.1333333333333 0.522 0.5 3.2 17.4 10 0 0 7.6 9.9 30.7 102 111 10.9 -1.4
"55" "55" 2004-02-21 22.6 "POR" "" "BOS" "W" 21 1 37.65 0.611 0.579 3.6 39.3 23.7 10.5 2.8 0 8.3 30.1 117 81 22 4.3
"56" "56" 2004-02-23 22.61 "POR" "@" "MIA" "W" 8 1 35.25 0.647 0.647 12.1 30.1 21.9 14.5 3.3 2 5.6 26.1 132 88 21.6 12.7
"57" "57" 2004-02-24 22.61 "POR" "@" "ORL" "W" 3 1 41.5666666666667 0.573 0.529 3.3 25.9 16.5 5.1 0 0 8.7 27.9 112 94 16.8 2.9
"58" "58" 2004-02-27 22.62 "POR" "@" "HOU" "L" -4 1 42.4 0.482 0.4 6.7 42.9 26.3 4.5 2.7 0 14.5 24.9 92 99 13.3 -1.9
"59" "59" 2004-02-28 22.62 "POR" "@" "DAL" "L" -20 1 30.0666666666667 0.712 0.6 10.9 32 21 0 0 2.2 32.2 29.1 98 120 10.6 -4.7
"60" "60" 2004-03-03 22.63 "POR" "" "MEM" "L" -9 1 29.1 0.311 0.3 16.3 13.7 15.2 6.6 0 0 8.7 32 77 114 3.3 -10.3
"61" "61" 2004-03-04 22.64 "POR" "" "DET" "L" -15 1 26.7333333333333 0.557 0.556 4 23.1 12.9 0 0 3.2 9.2 21.6 102 103 7.8 2.6
"62" "62" 2004-03-06 22.64 "POR" "" "UTA" "W" 21 1 32 0.599 0.529 9.1 13.6 11.7 7.3 1.9 0 9.4 34.7 111 89 16.2 2.3
"63" "" 2004-03-07 22.64 "POR" "@" "LAC" "L" -20 NA NA NA NA NA NA NA NA NA NA NA NA NA NA NA NA
"64" "63" 2004-03-10 22.65 "POR" "" "MIN" "W" 13 1 32.35 0.507 0.5 17.3 19.4 18.4 0 0 0 10.1 28.8 106 102 12.1 -4.2
"65" "64" 2004-03-12 22.66 "POR" "" "SAC" "W" 2 1 37.2166666666667 0.379 0.364 16.2 26.5 21.6 15.2 1.5 0 8.2 31.3 93 97 11.3 -1.5
"66" "65" 2004-03-14 22.66 "POR" "@" "MIN" "W" 9 1 36.0833333333333 0.557 0.429 17.3 13 15 5.4 0 1.7 14.3 27.2 121 109 15.5 0.7
"67" "66" 2004-03-16 22.67 "POR" "@" "MIL" "W" 1 1 35.8833333333333 0.444 0.444 3.5 34.2 19 8.5 1.5 2.1 5.3 24.8 97 109 11.2 -2.4
"68" "67" 2004-03-17 22.67 "POR" "@" "IND" "L" -9 1 37.5666666666667 0.667 0.667 3.4 16.6 10.1 0 1.6 0 20 21.1 104 104 11 0.9
"69" "68" 2004-03-20 22.68 "POR" "" "ORL" "W" 19 1 32.75 0.571 0.571 0 21.5 13.9 15.9 0 0 12.5 23.3 104 80 11 -0.8
"70" "69" 2004-03-22 22.68 "POR" "" "HOU" "L" -8 1 42.3333333333333 0.389 0.35 9.9 23.2 15.6 11.9 1.4 0 13.5 36.2 80 106 8.5 -5.5
"71" "70" 2004-03-24 22.69 "POR" "" "LAC" "W" 6 1 33.05 0.44 0.385 3.2 25.9 11.8 17 3.5 2.4 16.9 26.7 86 95 7.5 -3.5
"72" "71" 2004-03-27 22.7 "POR" "" "SEA" "W" 7 1 45.2333333333333 0.644 0.533 2.7 26.9 13.4 4 1.3 0 13.4 24.1 120 120 17.9 -2.8
"73" "72" 2004-03-29 22.7 "POR" "@" "NYK" "L" -1 1 32.4833333333333 0.578 0.563 8.8 17.9 13.8 7.3 0 0 15.4 32 100 113 11.6 -3.9
"74" "73" 2004-03-31 22.71 "POR" "@" "BOS" "W" 7 1 40.2166666666667 0.6 0.6 12.9 20.9 17.8 14 1.3 0 25 23.2 105 111 13.2 -3
"75" "74" 2004-04-01 22.71 "POR" "@" "PHI" "W" 6 1 38.8666666666667 0.551 0.533 6.8 17.9 13.2 5.1 1.5 0 15.5 26.2 98 101 11.3 -4.4
"76" "75" 2004-04-03 22.72 "POR" "" "NOH" "L" -13 1 35.05 0.571 0.571 5.9 21.6 13 0 0 0 16.8 23.7 100 121 8.6 -6.1
"77" "76" 2004-04-06 22.73 "POR" "@" "LAL" "W" 11 1 32.0666666666667 0.583 0.556 9.4 22.3 17.1 32.6 1.7 2.5 9.6 31.7 119 89 19.3 9.5
"78" "77" 2004-04-07 22.73 "POR" "" "GSW" "W" 6 1 37.4 0.581 0.533 7 8.1 7.6 5.5 0 0 5.5 26.9 113 105 13.9 -2.6
"79" "78" 2004-04-09 22.73 "POR" "@" "SAS" "L" -10 1 35.6666666666667 0.553 0.553 13.1 14.1 13.5 17.9 1.8 0 13.6 32.8 109 109 13.1 3
"80" "79" 2004-04-10 22.74 "POR" "@" "DEN" "L" -10 1 42.6166666666667 0.511 0.421 6.3 24.7 16.1 8.8 0 1.5 11.8 29.6 102 114 14.5 -2.8
"81" "80" 2004-04-12 22.74 "POR" "" "SAS" "L" -12 1 38.0833333333333 0.412 0.429 5.6 27.6 14.8 7.7 3 2.3 11.3 22.4 79 89 8.1 2.2
"82" "81" 2004-04-14 22.75 "POR" "" "LAL" "L" -1 1 42.15 0.434 0.409 12.9 31.9 24 4.5 1.4 0 17.1 35 82 93 10.5 -6.1
"1" "1" 2004-11-03 23.3 "POR" "@" "GSW" "W" 3 1 43.1 0.349 0.313 5.3 17.2 11.9 4.2 3.8 1.6 5.1 22.4 77 80 9 -1.8
"2" "2" 2004-11-05 23.31 "POR" "" "LAC" "W" 13 1 38.5833333333333 0.438 0.438 15.4 29.3 23.3 4.1 0 0 15.8 23.5 91 98 9.1 -9.1
"3" "3" 2004-11-07 23.31 "POR" "@" "TOR" "L" -4 1 40.05 0.639 0.571 12.7 25.5 19.1 20.4 0 0 10.4 31.4 132 112 27.4 9.8
"4" "4" 2004-11-09 23.32 "POR" "@" "NJN" "L" -4 1 39.7333333333333 0.512 0.385 0 24.6 11.7 9.6 4.2 1.9 11.3 21.4 93 67 13.2 4.8
"5" "5" 2004-11-10 23.32 "POR" "@" "BOS" "L" -2 1 37.3 0.511 0.444 10.2 15.8 13.1 24 0 0 8.5 32.2 106 109 15 2.4
"6" "6" 2004-11-13 23.33 "POR" "" "TOR" "W" 3 1 40.15 0.599 0.526 20 26.3 23.1 17.8 2.7 0 11.8 28 129 108 25.9 7.4
"7" "7" 2004-11-17 23.34 "POR" "" "MEM" "L" -19 1 32.75 0.39 0.294 14.5 15.6 15 6.7 1.7 2.5 8.9 31.6 87 116 9.4 -3.8
"8" "8" 2004-11-19 23.35 "POR" "" "MIL" "W" 12 1 42.15 0.455 0.278 16.7 27.4 22.6 19.5 1.2 0 11 27.1 120 102 18.3 -2
"9" "9" 2004-11-21 23.35 "POR" "" "HOU" "L" -4 1 38.8333333333333 0.568 0.5 26.4 16.6 21.8 6 0 0 0 32.3 142 125 25.1 8.3
"10" "10" 2004-11-23 23.36 "POR" "@" "MIA" "W" 12 1 37.45 0.517 0.524 14.4 9.5 11.8 6 0 10.8 11.5 32.8 108 105 16.6 4.4
"11" "11" 2004-11-24 23.36 "POR" "@" "ORL" "W" 6 1 36.5666666666667 0.501 0.435 5.3 14.4 9.7 5.6 0 0 6.9 34.6 106 96 14.5 0.8
"12" "12" 2004-11-26 23.36 "POR" "@" "DAL" "L" -9 1 36.4833333333333 0.581 0.583 5.8 20.2 13 10.8 3 0 12.7 20.5 105 100 12.9 1.5
"13" "13" 2004-11-28 23.37 "POR" "" "NJN" "W" 12 1 41.1833333333333 0.428 0.364 7.6 31.2 19.3 12.6 1.4 0 10.1 33.4 93 82 12.7 0
"14" "14" 2004-11-30 23.38 "POR" "" "SEA" "W" 6 1 31.6333333333333 0.579 0.417 11.5 8.8 10 5.9 0 0 15.5 29.4 113 116 9.9 -4.3
"15" "15" 2004-12-04 23.39 "POR" "@" "SEA" "L" -10 1 41.1166666666667 0.481 0.357 9.8 27.7 19 14.5 0 2.3 19.4 23.2 94 112 9.4 -4.7
"16" "16" 2004-12-05 23.39 "POR" "" "PHO" "L" -22 1 29.1666666666667 0.636 0.611 29.4 11 20.2 17.6 0 0 0 26.7 151 136 22.9 11.9
"17" "17" 2004-12-09 23.4 "POR" "" "BOS" "W" 2 1 38.2666666666667 0.398 0.32 19.1 23.7 21.3 16.6 1.4 1.8 12.6 33.5 99 96 15.8 2.4
"18" "18" 2004-12-10 23.4 "POR" "@" "UTA" "L" -5 1 40.7333333333333 0.459 0.409 3.3 15.8 9.7 13.2 4.2 0 13.8 35 89 93 11 -0.9
"19" "19" 2004-12-12 23.41 "POR" "" "UTA" "W" 10 1 36.5 0.712 0.5 0 24.5 12.8 5.3 1.5 0 11 23.7 137 100 18.2 3.5
"20" "20" 2004-12-14 23.41 "POR" "@" "MIN" "L" -11 1 43.7 0.444 0.444 11.6 23.9 17.4 3.7 1.2 0 10 21.1 92 110 12.5 -7
"21" "21" 2004-12-15 23.42 "POR" "@" "CLE" "L" -24 1 32.0666666666667 0.388 0.417 3.3 25 13 5.1 0 0 18.9 21.4 68 121 3 -10.5
"22" "22" 2004-12-17 23.42 "POR" "@" "ATL" "W" 16 1 42.2833333333333 0.625 0.571 4.6 18.7 14.3 10.8 0 0 24.6 26.4 99 89 13.5 -3.3
"23" "23" 2004-12-18 23.42 "POR" "@" "DET" "W" 1 1 39.1666666666667 0.261 0.261 10 16.6 13.8 5.7 1.5 1.6 17.9 37.4 51 89 -0.9 -15.2
"24" "24" 2004-12-20 23.43 "POR" "@" "CHI" "L" -5 1 40.2333333333333 0.55 0.476 12 21.5 16.2 12 0 0 14.5 30.8 108 107 16.7 1.1
"25" "25" 2004-12-22 23.44 "POR" "@" "MIL" "W" 9 1 41.5333333333333 0.698 0.643 3.2 26 15.7 24.7 1.3 0 20.2 22 128 105 19.9 4.5
"26" "26" 2004-12-27 23.45 "POR" "" "PHI" "L" -7 1 40.2333333333333 0.578 0.526 5.7 17.9 12.1 12.4 1.2 0 15.6 26.9 107 114 16.3 -1.7
"27" "27" 2004-12-30 23.46 "POR" "" "SAS" "L" -34 1 33.85 0.556 0.556 3.1 16.8 9.6 12.3 1.6 0 18.2 15.4 94 128 7.9 -2.1
"28" "" 2005-01-01 23.46 "POR" "" "GSW" "W" 9 NA NA NA NA NA NA NA NA NA NA NA NA NA NA NA NA
"29" "28" 2005-01-02 23.47 "POR" "@" "PHO" "L" -19 1 41.15 0.615 0.588 17.6 21.8 19.7 3.7 4.8 1.7 18.3 21.9 116 112 20.5 6.1
"30" "29" 2005-01-05 23.47 "POR" "@" "LAC" "L" -4 1 29.8166666666667 0.36 0.308 8.6 26 18 10.1 0 2 6.7 22.6 93 114 6.7 -7.2
"31" "30" 2005-01-07 23.48 "POR" "" "MIA" "L" -11 1 31.9666666666667 0.687 0.625 4.2 21.4 12.7 13.6 3.3 0 14.2 31.5 118 111 18 5.8
"32" "31" 2005-01-09 23.48 "POR" "@" "NYK" "L" -8 1 43.6166666666667 0.672 0.647 9.9 29.4 18.5 0 0 0 16.6 25.9 120 134 17.7 -4.3
"33" "32" 2005-01-10 23.49 "POR" "@" "PHI" "W" 9 1 38.25 0.495 0.438 12.6 12 12.3 9 0 0 21.6 28.2 92 114 8 -11
"34" "33" 2005-01-12 23.49 "POR" "@" "WAS" "L" -4 1 16.3 0.51 0.4 7.1 18.4 13.2 12 0 0 0 33.6 126 119 8.9 1.4
"35" "" 2005-01-14 23.5 "POR" "@" "NOH" "L" -6 NA NA NA NA NA NA NA NA NA NA NA NA NA NA NA NA
"36" "" 2005-01-15 23.5 "POR" "@" "MIN" "L" -8 NA NA NA NA NA NA NA NA NA NA NA NA NA NA NA NA
"37" "" 2005-01-18 23.51 "POR" "@" "SAC" "L" -6 NA NA NA NA NA NA NA NA NA NA NA NA NA NA NA NA
"38" "" 2005-01-19 23.51 "POR" "" "CLE" "L" -6 NA NA NA NA NA NA NA NA NA NA NA NA NA NA NA NA
"39" "" 2005-01-22 23.52 "POR" "" "MIN" "L" -9 NA NA NA NA NA NA NA NA NA NA NA NA NA NA NA NA
"40" "" 2005-01-24 23.53 "POR" "" "SAS" "W" 8 NA NA NA NA NA NA NA NA NA NA NA NA NA NA NA NA
"41" "34" 2005-01-26 23.53 "POR" "" "DAL" "L" -7 0 22.35 0.525 0.467 8.6 11.5 9.8 23.3 0 0 5.2 38.3 107 108 12.9 7.8
"42" "35" 2005-01-28 23.54 "POR" "" "LAC" "W" 4 0 25.2166666666667 0.468 0.462 16.7 26.8 21.6 7.3 0 0 22.4 32.2 86 102 5.6 -9
"43" "36" 2005-02-01 23.55 "POR" "@" "LAL" "L" -13 0 28.65 0 0 3.6 8.3 5.8 0 0 0 0 19.5 6 111 -7.1 -23.3
"44" "37" 2005-02-02 23.55 "POR" "" "DEN" "W" 3 0 28.5 0.466 0.313 8.8 27.3 18.6 20.2 0 0 4.7 37.2 115 111 14 0.3
"45" "38" 2005-02-04 23.56 "POR" "" "CHA" "W" 12 0 23.4166666666667 0.384 0.231 10.6 40.4 27.6 41.2 2.2 0 11.3 35.1 90 76 9 0.8
"46" "39" 2005-02-05 23.56 "POR" "" "SAC" "W" 6 0 32.9166666666667 0.686 0.563 16.8 24.7 22.1 9.7 0 1.9 8.9 31.1 140 112 25.3 6.5
"47" "40" 2005-02-09 23.57 "POR" "" "NOH" "L" -11 0 19.1666666666667 0.25 0.25 6.2 6.6 6.4 0 0 0 11.1 25.3 53 121 -0.8 -18.6
"48" "41" 2005-02-11 23.58 "POR" "@" "MEM" "L" -6 0 36.5 0.617 0.611 11.8 19.2 15.9 14.6 1.4 2.2 15.9 30.2 108 95 19.7 7.2
"49" "42" 2005-02-13 23.58 "POR" "@" "HOU" "L" -1 0 30.3666666666667 0.274 0.182 4.6 21.6 14.1 6.2 1.9 0 7.3 25.6 62 92 0.5 -13.4
"50" "" 2005-02-14 23.58 "POR" "@" "CHA" "W" 3 NA NA NA NA NA NA NA NA NA NA NA NA NA NA NA NA
"51" "" 2005-02-16 23.59 "POR" "@" "IND" "L" -8 NA NA NA NA NA NA NA NA NA NA NA NA NA NA NA NA
"52" "43" 2005-02-23 23.61 "POR" "" "LAL" "L" -3 1 32.3833333333333 0.378 0.333 12.4 19.7 15.6 12.8 3.4 0 0 21.8 108 99 11.2 2.8
"53" "44" 2005-02-25 23.61 "POR" "" "ATL" "W" 1 1 31.7666666666667 0.789 0.765 12.9 30.7 22.8 6.4 0 1.8 0 28.5 166 108 29.3 14.2
"54" "45" 2005-02-27 23.62 "POR" "" "MIN" "L" -8 1 30.6333333333333 0.539 0.5 16.4 17.8 17.1 0 0 2.3 11.3 28.5 107 109 10.6 -1.7
"55" "46" 2005-03-01 23.62 "POR" "" "DET" "L" -10 1 29.4833333333333 0.535 0.533 8.4 14.5 11.3 0 0 0 5.9 26.3 107 123 9.8 -3
"56" "" 2005-03-04 23.63 "POR" "" "IND" "L" -9 NA NA NA NA NA NA NA NA NA NA NA NA NA NA NA NA
"57" "" 2005-03-05 23.64 "POR" "@" "PHO" "L" -13 NA NA NA NA NA NA NA NA NA NA NA NA NA NA NA NA
"58" "" 2005-03-07 23.64 "POR" "@" "DEN" "L" -13 NA NA NA NA NA NA NA NA NA NA NA NA NA NA NA NA
"59" "" 2005-03-09 23.65 "POR" "" "CHI" "L" -13 NA NA NA NA NA NA NA NA NA NA NA NA NA NA NA NA
"60" "" 2005-03-12 23.65 "POR" "" "MEM" "W" 14 NA NA NA NA NA NA NA NA NA NA NA NA NA NA NA NA
"1" "1" 2005-11-02 24.3 "POR" "@" "MIN" "L" -4 1 40.95 0.395 0.381 15 18.6 16.7 4.4 2.6 0 8.1 27.7 89 100 12.3 -3.7
"2" "2" 2005-11-04 24.3 "POR" "@" "DEN" "L" -39 1 29.8333333333333 0.419 0.385 7.9 18.7 12.4 7.7 0 0 6.5 21.7 88 114 7.4 -4.7
"3" "3" 2005-11-05 24.31 "POR" "" "ATL" "W" 1 1 36.5166666666667 0.526 0.438 24.2 21.9 23.1 5.5 0 0 20 30.4 102 110 12.2 -4.9
"4" "4" 2005-11-09 24.32 "POR" "" "NYK" "W" 12 1 39.9 0.644 0.579 7.7 25.2 16 15.2 4.1 1.8 4.3 26.3 142 85 27.7 14.6
"5" "5" 2005-11-11 24.32 "POR" "" "DET" "L" -3 1 43.4333333333333 0.47 0.429 6.5 22.7 15.1 5 0 0 11.8 31 97 110 11 -4
"6" "6" 2005-11-16 24.34 "POR" "" "CHI" "W" 3 1 40.9333333333333 0.58 0.533 4 22 15.2 4.8 2.8 0 5 24.6 118 103 18.2 1.9
"7" "7" 2005-11-18 24.34 "POR" "" "GSW" "L" -11 1 30.7833333333333 0.424 0.357 28.4 22.3 24.7 23.2 3.6 0 11.5 27.1 102 97 12 2.8
"8" "8" 2005-11-20 24.35 "POR" "@" "NYK" "L" -11 1 39.5166666666667 0.594 0.615 0 7.8 4.2 15.7 0 0 12.3 20.9 108 125 9.8 -4.4
"9" "9" 2005-11-22 24.35 "POR" "@" "MEM" "W" 8 1 37.9 0.498 0.412 13.7 22.3 18.7 15.1 0 0 9.1 28.1 111 101 15.7 0.2
"10" "10" 2005-11-23 24.36 "POR" "@" "MIA" "L" -21 1 33.1166666666667 0.494 0.429 7.4 23.5 15.3 6.2 0 0 5.8 26.4 100 117 10.3 -2.9
"11" "11" 2005-11-25 24.36 "POR" "@" "ORL" "L" -15 1 34.6333333333333 0.286 0.286 0 7.3 3.6 9.7 1.7 0 26.3 26.6 48 126 -3 -19.2
"12" "12" 2005-11-27 24.37 "POR" "@" "ATL" "W" 2 1 45.2333333333333 0.756 0.8 5.3 34.5 19.9 5.5 0 1.7 15.9 21.7 124 89 20 6.4
"13" "13" 2005-11-29 24.37 "POR" "@" "PHI" "L" -24 1 39.2833333333333 0.581 0.556 2.8 20.8 12.2 6.2 2.7 0 8.8 28.4 105 110 17.6 1.5
"14" "14" 2005-11-30 24.38 "POR" "@" "WAS" "L" -7 1 43.5666666666667 0.424 0.389 7.5 10.8 9.4 18.2 0 1.3 17.5 23.2 86 102 10.3 -2.2
"15" "15" 2005-12-02 24.38 "POR" "" "IND" "L" -20 1 31.05 0.375 0.375 3.4 4.3 3.8 7.1 0 0 0 25.6 89 129 4.5 -6.2
"16" "16" 2005-12-04 24.39 "POR" "" "UTA" "L" -5 1 39.4166666666667 0.491 0.471 13.8 14.1 13.9 10.9 0 0 5.2 22.9 119 121 12.5 -3.1
"17" "17" 2005-12-06 24.39 "POR" "@" "PHO" "L" -45 1 25.5833333333333 0.422 0.375 7.4 9.9 8.4 7.3 0 0 10.1 32.9 89 147 6.1 -8.4
"18" "18" 2005-12-07 24.39 "POR" "" "MIN" "L" -10 1 39.9833333333333 0.436 0.4 11.7 17.6 14.6 0 0 0 14.9 25.5 84 105 7.3 -5.3
"19" "19" 2005-12-09 24.4 "POR" "" "NOK" "W" 3 0 28.5 0.379 0.364 4.4 5.5 4.9 0 0 3 7.8 22.2 81 106 2 -8.5
"20" "20" 2005-12-11 24.41 "POR" "" "HOU" "L" -14 1 31.9333333333333 0.31 0.273 9.6 35.8 22 14.3 1.8 0 11 38.7 73 109 4.9 -8.7
"21" "21" 2005-12-14 24.41 "POR" "@" "UTA" "L" -5 1 33.2666666666667 0.545 0.462 8 19.1 14.6 18.8 0 0 15.4 31.8 103 103 10.4 -2.5
"22" "22" 2005-12-16 24.42 "POR" "" "SEA" "L" -12 1 37.3666666666667 0.741 0.792 4.9 29 18 37.5 0 2.3 20.5 26.3 128 129 20.5 5.5
"23" "23" 2005-12-18 24.42 "POR" "" "WAS" "W" 5 1 27.1 0.305 0.231 4.3 18.6 11.2 11.9 0 0 11.9 28.6 73 109 1.6 -13.6
"24" "24" 2005-12-20 24.43 "POR" "@" "DET" "L" -4 1 37.75 0.627 0.558 11.2 24.2 18.4 0 0 0 6.3 41.1 130 115 25.3 8.5
"25" "25" 2005-12-21 24.43 "POR" "@" "MEM" "L" -10 1 35.2 0.419 0.412 11.1 16.2 13.8 0 0 2 18.3 32.4 84 121 4.2 -13.6
"26" "26" 2005-12-23 24.44 "POR" "@" "MIN" "W" 8 1 30.3666666666667 0.491 0.412 18.1 22.6 20.5 7.9 0 0 4.5 35.2 111 100 13.8 -0.1
"27" "27" 2005-12-26 24.45 "POR" "@" "SAC" "W" 13 1 33.8666666666667 0.586 0.529 8.3 21.6 15.9 4.7 3.2 0 9.6 29.6 115 98 17.1 1.8
"28" "28" 2005-12-28 24.45 "POR" "" "PHI" "W" 4 1 37.85 0.477 0.464 19.1 19 19.1 20.5 2.6 1.9 9.3 33.6 103 91 21.6 8.8
"29" "29" 2005-12-30 24.46 "POR" "" "MEM" "L" -3 1 37.7833333333333 0.507 0.5 10.6 20.6 15.7 15.3 1.6 0 10.1 27.1 106 112 13.4 -0.1
"30" "30" 2006-01-01 24.46 "POR" "" "LAC" "L" -6 1 34.3166666666667 0.411 0.429 11.4 24.5 17.3 4.8 0 0 0 28.5 97 113 11.7 -3
"31" "31" 2006-01-03 24.47 "POR" "@" "DAL" "L" -14 1 39.0166666666667 0.415 0.409 16.2 12.6 14.7 6.2 1.4 0 0 27.4 102 113 13.8 1.3
"32" "32" 2006-01-04 24.47 "POR" "@" "SAS" "L" -31 1 27.7 0.159 0.071 7.7 8.3 8 7.1 2.1 0 0 29.1 46 126 -1.5 -15.3
"33" "" 2006-01-06 24.48 "POR" "@" "NOK" "L" -10 NA NA NA NA NA NA NA NA NA NA NA NA NA NA NA NA
"34" "33" 2006-01-08 24.48 "POR" "" "MIA" "L" -29 1 24.9833333333333 0.651 0.667 8 10.7 9.1 19.7 0 0 8.5 22.2 123 129 11.3 2.9
"35" "34" 2006-01-11 24.49 "POR" "" "LAL" "W" 10 0 44.35 0.372 0.364 8.5 32.2 20.2 15.8 0 0 4.2 24.7 98 113 11.9 -4.2
"36" "35" 2006-01-13 24.5 "POR" "" "ORL" "W" 5 1 32.4833333333333 0.481 0.444 9.9 14.8 12.7 19.6 0 0 0 30.8 116 129 13.4 -5.8
"37" "36" 2006-01-15 24.5 "POR" "" "CLE" "W" 2 1 37.35 0.45 0.375 3.5 20.3 12 0 0 0 5.3 24 103 108 7.9 -4.8
"38" "37" 2006-01-18 24.51 "POR" "" "TOR" "W" 2 1 40.6166666666667 0.619 0.563 10.1 21.9 15.2 30.2 2.7 0 18.4 25.9 116 108 20.1 5.6
"39" "38" 2006-01-22 24.52 "POR" "" "DAL" "L" -6 1 41.5333333333333 0.496 0.476 10.6 18.6 14.6 28.7 1.5 0 11.5 30.9 108 104 16.7 7.2
"40" "39" 2006-01-25 24.53 "POR" "" "DEN" "L" -3 1 37.6666666666667 0.429 0.429 10.9 18.6 15.1 16.7 0 0 4.5 27.6 106 113 12.6 -1.5
"41" "40" 2006-01-27 24.53 "POR" "" "NJN" "W" 5 1 36.6833333333333 0.455 0.444 4.7 3 3.7 4.9 4.5 0 28.8 19.2 70 96 3 -8.3
"42" "41" 2006-01-28 24.54 "POR" "@" "GSW" "L" -15 1 21.3833333333333 0.281 0.25 5.2 15.7 10.4 0 0 3.4 19.4 34.4 50 113 -2.9 -22.1
"43" "42" 2006-01-30 24.54 "POR" "@" "SEA" "W" 5 1 36.0166666666667 0.591 0.583 12.7 17.5 15 0 1.5 2 15.6 38.1 110 120 19.4 -3.3
"44" "43" 2006-02-01 24.55 "POR" "" "SAS" "L" -4 1 36.9166666666667 0.436 0.365 10.4 14.8 12.4 14.2 0 0 3.4 37.9 97 104 13.1 2
"45" "44" 2006-02-03 24.55 "POR" "" "MIN" "W" 4 1 34.5 0.389 0.375 15.8 30.1 22.3 6.2 1.7 0 7.6 36.6 92 101 11 -2.8
"46" "45" 2006-02-04 24.56 "POR" "@" "DEN" "L" -1 1 41.6666666666667 0.618 0.55 9.1 25.9 17.7 12.2 0 0 15 28.3 117 113 18.9 -0.8
"47" "46" 2006-02-08 24.57 "POR" "@" "IND" "L" -32 1 31.4166666666667 0.48 0.316 25 0 13.9 14.1 3.6 0 10.3 42.7 104 125 18.1 8.6
"48" "47" 2006-02-10 24.57 "POR" "@" "BOS" "L" -32 1 26.7333333333333 0.543 0.5 6.2 29 18 16.9 4.2 0 18.9 28.9 94 122 10.2 1
"49" "48" 2006-02-12 24.58 "POR" "@" "TOR" "L" -33 1 27.2 0.425 0.4 0 33.1 13.2 14.2 2 0 14.5 24.4 76 126 5.2 -7.8
"50" "49" 2006-02-13 24.58 "POR" "@" "CHA" "W" 8 1 32.0166666666667 0.478 0.444 11 23.7 17.1 24 0 0 8.3 34.4 100 93 13.9 1.3
"51" "50" 2006-02-15 24.59 "POR" "@" "NOK" "L" -16 1 27.3 0.47 0.364 3.8 24.5 13.8 0 0 0 13.6 26 88 115 5.2 -8.6
"52" "51" 2006-02-21 24.6 "POR" "@" "LAL" "L" -17 1 28.2166666666667 0.254 0.25 6.5 38.9 19.6 6.3 5.5 2.8 12.7 25.2 55 93 3.6 -6
"53" "" 2006-02-22 24.61 "POR" "" "CHA" "L" -4 NA NA NA NA NA NA NA NA NA NA NA NA NA NA NA NA
"54" "52" 2006-02-24 24.61 "POR" "" "BOS" "L" -6 1 41.05 0.484 0.412 6 19 12.3 26.6 0 1.9 9.2 26 111 123 15.5 -1.2
"55" "53" 2006-02-26 24.62 "POR" "" "NOK" "L" -13 1 39.4666666666667 0.621 0.667 9.1 15.6 12.3 12.3 3 0 13.9 28.9 111 106 17.3 6.1
"56" "54" 2006-02-27 24.62 "POR" "@" "SAC" "L" -24 1 20.1666666666667 0.167 0.167 0 10.1 5.8 7.5 0 0 14.3 17.3 37 128 -2.3 -17.7
"57" "55" 2006-03-01 24.62 "POR" "" "LAL" "W" 6 1 30.2833333333333 0.509 0.471 4.1 30 16.7 5.5 0 0 13.3 33.3 96 101 8.6 -4.6
"58" "56" 2006-03-04 24.63 "POR" "@" "SAS" "L" -20 1 37.3833333333333 0.56 0.548 7.3 20.3 12.7 0 3 0 8.5 28.9 111 114 15.6 3.3
"59" "57" 2006-03-05 24.64 "POR" "@" "HOU" "L" -18 1 29.8 0.545 0.5 0 29.3 15.3 0 0 0 17.9 27.3 90 114 6.8 -8.3
"60" "58" 2006-03-07 24.64 "POR" "@" "DAL" "L" -6 1 41.6333333333333 0.588 0.56 3 19.7 11.7 12.2 0 0 6.6 34.7 113 108 21.3 5.6
"61" "59" 2006-03-09 24.65 "POR" "" "DAL" "L" -17 1 42.2333333333333 0.666 0.625 13.4 5.4 10.3 5.3 0 0 4.4 28.3 137 140 21 4.3
"62" "60" 2006-03-12 24.65 "POR" "" "PHO" "W" 10 0 43.4333333333333 0.563 0.5 18.4 22.7 20.6 6.5 2.5 2.1 9.6 33.1 123 111 25.7 1.4
"63" "61" 2006-03-14 24.66 "POR" "@" "CHI" "L" -29 1 32.5166666666667 0.56 0.548 13.1 16 14.4 0 1.7 0 4.3 34.6 112 112 17.1 9
"64" "62" 2006-03-15 24.66 "POR" "@" "NJN" "L" -13 1 34.4 0.489 0.429 4 18.6 12.2 41.5 3.3 0 10.9 43.5 91 89 15.2 6.2
"65" "63" 2006-03-17 24.67 "POR" "@" "CLE" "L" -15 1 32.5833333333333 0.407 0.4 3.6 17.5 10.6 6.9 1.7 2.3 16.1 37.6 70 110 5.6 -8.9
"66" "" 2006-03-18 24.67 "POR" "@" "MIL" "L" -4 NA NA NA NA NA NA NA NA NA NA NA NA NA NA NA NA
"67" "64" 2006-03-20 24.68 "POR" "" "MIL" "L" -7 1 35.0833333333333 0.531 0.5 12.4 23.5 17.3 28.4 1.6 0 8.5 31.5 116 117 18.4 8.9
"68" "65" 2006-03-23 24.68 "POR" "@" "PHO" "L" -17 1 21.15 0.333 0.333 4.7 10.6 7.5 12.1 0 0 25 15.4 74 133 -0.7 -13.1
"69" "66" 2006-03-24 24.69 "POR" "" "SAS" "L" -19 1 30.8 0.328 0.267 12.3 16.8 14.5 6.3 1.9 0 5.6 30 77 117 4.9 -9
"70" "67" 2006-03-26 24.69 "POR" "" "LAC" "L" -14 1 21.55 0.254 0.143 0 13.5 5.6 10.2 2.5 0 11.3 19.3 58 111 -0.8 -12.4
"71" "68" 2006-03-29 24.7 "POR" "" "SAC" "L" -16 1 34.7833333333333 0.438 0.438 7.7 20.3 13.8 11.3 0 2.3 11.1 27.1 91 133 7.4 -9.5
"72" "69" 2006-04-01 24.71 "POR" "" "UTA" "L" -13 1 40.1833333333333 0.552 0.438 5.7 19.9 12.3 9.7 0 0 8.4 29.9 111 119 15 -2.2
"73" "70" 2006-04-02 24.71 "POR" "@" "SEA" "L" -39 1 14.1666666666667 0.23 0.2 0 0 0 14.6 0 0 8.4 40.9 47 141 -2.7 -25.3
"74" "71" 2006-04-05 24.72 "POR" "" "HOU" "W" 1 1 43.8666666666667 0.393 0.316 3.2 21.3 12.5 10.2 2.6 0 18.8 31.3 73 91 6.5 -6.8
"75" "72" 2006-04-07 24.73 "POR" "" "SEA" "L" -13 1 27.3166666666667 0.707 0.571 0 16 7.3 10 1.9 0 9.8 16.6 140 130 12 0.9
"76" "73" 2006-04-08 24.73 "POR" "@" "UTA" "L" -17 1 43.9 0.512 0.474 11.9 14.1 12.8 14.2 3.7 0 18 35.5 96 121 16.9 -0.4
"77" "74" 2006-04-10 24.73 "POR" "" "DEN" "L" -12 1 24.65 0.367 0.367 4.5 17.2 10.1 16.1 4.2 0 16.7 30.8 75 114 3.7 -9.9
"78" "" 2006-04-12 24.74 "POR" "@" "LAC" "L" -4 NA NA NA NA NA NA NA NA NA NA NA NA NA NA NA NA
"79" "" 2006-04-14 24.75 "POR" "@" "LAL" "L" -11 NA NA NA NA NA NA NA NA NA NA NA NA NA NA NA NA
"80" "" 2006-04-15 24.75 "POR" "" "GSW" "L" -5 NA NA NA NA NA NA NA NA NA NA NA NA NA NA NA NA
"81" "" 2006-04-17 24.75 "POR" "@" "GSW" "L" -14 NA NA NA NA NA NA NA NA NA NA NA NA NA NA NA NA
"82" "" 2006-04-19 24.76 "POR" "" "PHO" "L" -10 NA NA NA NA NA NA NA NA NA NA NA NA NA NA NA NA
"1" "1" 2006-11-01 25.3 "POR" "@" "SEA" "W" 4 1 33.5666666666667 0.61 0.444 9.9 25.4 19.3 10 0 0 3.9 35.7 140 115 23.6 5.1
"2" "2" 2006-11-03 25.3 "POR" "@" "GSW" "L" -13 1 38.4666666666667 0.557 0.5 9.6 25 17.4 0 1.4 0 13.2 27 104 109 13.5 -2.1
"3" "3" 2006-11-04 25.3 "POR" "" "MIN" "W" 2 1 37.2333333333333 0.487 0.471 5.6 17.4 10.9 20.9 0 2.1 14.7 26.4 95 103 10.5 -1.4
"4" "4" 2006-11-06 25.31 "POR" "@" "LAC" "L" -13 1 37.7333333333333 0.742 0.647 20.1 19.8 19.9 7.1 2.9 5.2 14.5 34.3 137 106 32.6 18.7
"5" "5" 2006-11-08 25.32 "POR" "" "LAL" "W" 11 1 38.2833333333333 0.636 0.543 13 25.1 19.6 18.9 4.4 0 6.6 38.5 139 99 30 12.7
"6" "6" 2006-11-10 25.32 "POR" "" "NOK" "W" 1 1 40.5166666666667 0.645 0.471 9.1 26 17.8 0 1.4 0 7.7 31.9 130 103 24.9 6.3
"7" "7" 2006-11-12 25.33 "POR" "" "DAL" "L" -7 1 38.0666666666667 0.421 0.386 10.8 28 18.3 5.1 1.5 0 17.4 36 83 123 6.8 -9.9
"8" "8" 2006-11-14 25.33 "POR" "@" "MIN" "L" -12 1 34.6666666666667 0.599 0.5 9.2 23.1 15.4 6.9 0 0 8.4 31.7 114 108 19.4 4.5
"9" "9" 2006-11-15 25.33 "POR" "@" "CLE" "L" -13 1 36.8833333333333 0.546 0.467 6.5 34.4 19.3 6.2 0 0 22.7 37 91 108 10.9 -4
"10" "10" 2006-11-17 25.34 "POR" "@" "BOS" "L" -28 1 33.2833333333333 0.583 0.429 7.6 38 22.8 11.8 1.6 2.6 23.3 35.6 97 120 15.1 0.1
"11" "11" 2006-11-18 25.34 "POR" "@" "NJN" "W" 18 1 32.3666666666667 0.498 0.412 4.4 44.5 28.2 14.4 1.9 2.6 13 40.2 91 69 15 2.1
"12" "12" 2006-11-20 25.35 "POR" "" "SAS" "L" -9 1 35.9333333333333 0.628 0.588 17.8 17.8 17.8 10.8 1.5 0 5.2 25.1 139 124 19.7 6.6
"13" "13" 2006-11-22 25.35 "POR" "" "NJN" "W" 3 1 30.9 0.544 0.421 15.5 21.4 18 6.3 0 0 0 37.4 132 123 18.8 4.8
"14" "14" 2006-11-25 25.36 "POR" "@" "SAC" "L" -20 1 33.1333333333333 0.659 0.625 0 38.6 17.3 16.5 0 0 9.9 31.6 120 122 17 5.1
"15" "15" 2006-11-26 25.36 "POR" "" "PHO" "L" -18 1 27.65 0.495 0.5 17.4 24.1 20.6 13.3 1.9 0 14.2 36 97 125 11.7 -4
"16" "16" 2006-11-28 25.37 "POR" "" "IND" "L" -8 1 37.9 0.491 0.407 18.9 14.9 17.2 6.3 1.5 0 14.1 41.2 107 125 16.7 -2.6
"17" "17" 2006-12-01 25.38 "POR" "" "ORL" "L" -2 1 36.6666666666667 0.469 0.4 19.5 21.8 20.5 20.8 1.6 0 6.3 41.2 109 108 21.1 7.2
"18" "18" 2006-12-03 25.38 "POR" "" "ATL" "L" -11 1 32.5666666666667 0.683 0.639 8.7 17.9 13.2 0 0 0 18.5 38.7 109 121 16.6 -3.2
"19" "19" 2006-12-05 25.39 "POR" "@" "DET" "W" 3 1 39.7833333333333 0.543 0.48 8.8 30.2 19.4 20.7 0 0 3.4 36.8 123 108 23.7 10.6
"20" "20" 2006-12-06 25.39 "POR" "@" "MIL" "L" -8 1 41.45 0.453 0.368 13.1 33.6 23.2 0 2.8 0 12 30.3 92 106 12.3 -5.2
"21" "21" 2006-12-08 25.4 "POR" "@" "IND" "L" -13 1 30.4833333333333 0.616 0.55 4.3 12.8 8.5 9.4 1.7 0 0 34.8 135 120 19.9 6.7
"22" "" 2006-12-10 25.4 "POR" "@" "TOR" "W" 10 NA NA NA NA NA NA NA NA NA NA NA NA NA NA NA NA
"23" "22" 2006-12-11 25.41 "POR" "@" "PHI" "W" 2 1 27.9333333333333 0.56 0.462 21.5 27.1 24.5 0 0 0 11.1 33 111 91 11.9 0
"24" "23" 2006-12-13 25.41 "POR" "@" "MEM" "W" 6 1 33.4666666666667 0.515 0.375 4.3 36.8 21.9 19.2 0 2.6 16.4 37.2 102 93 12.3 -2.6
"25" "24" 2006-12-15 25.42 "POR" "" "LAC" "W" 10 1 36.3666666666667 0.53 0.452 7.8 22.8 14.7 23.5 0 0 0 34.8 124 119 20.5 3.6
"26" "25" 2006-12-20 25.43 "POR" "" "HOU" "W" 2 1 36.3666666666667 0.501 0.4 10.4 33.8 22.3 5.6 0 0 11.1 35.1 106 104 15.6 0
"27" "26" 2006-12-22 25.44 "POR" "" "TOR" "L" -1 1 27.3666666666667 0.635 0.571 5.1 28.3 17.2 37.8 0 0 24.1 34.6 104 102 11.7 3.1
"28" "27" 2006-12-26 25.45 "POR" "@" "PHO" "L" -23 1 30.7 0.48 0.412 26.1 26.1 26.1 0 0 0 21 32.7 93 121 10.5 -5.4
"29" "28" 2006-12-27 25.45 "POR" "" "NOK" "W" 15 1 33.7 0.505 0.458 9.9 24.8 17.6 29.5 1.7 0 10.4 38.9 109 97 18.5 4.5
"30" "29" 2006-12-29 25.45 "POR" "" "PHI" "L" -3 1 31.5833333333333 0.514 0.4 13 37 25.3 15.2 0 0 13.7 22.9 112 112 10.9 -1
"31" "30" 2006-12-30 25.46 "POR" "@" "UTA" "L" -10 1 42.7166666666667 0.646 0.64 2.7 35.5 18.5 26.4 1.3 0 7.1 32.8 125 108 28.2 13.1
"32" "31" 2007-01-01 25.46 "POR" "" "BOS" "L" -8 1 30.4 0.365 0.364 7.7 32.4 19.7 0 0 0 14 22.8 70 101 3.1 -9.1
"33" "32" 2007-01-03 25.47 "POR" "" "NYK" "L" -18 1 26.55 0.718 0.7 0 39.7 19.8 20.8 0 0 27.7 28.3 96 109 10.1 0.5
"34" "33" 2007-01-06 25.48 "POR" "@" "SAC" "W" 5 1 44.9833333333333 0.541 0.435 11 30.1 20.6 14.6 1.1 0 11.9 33 109 102 22.7 4.1
"35" "34" 2007-01-07 25.48 "POR" "" "MIA" "L" -3 1 26.8333333333333 0.472 0.467 0 15.8 7.1 13.5 4.3 0 11.2 31 95 108 7.6 -0.2
"36" "35" 2007-01-09 25.48 "POR" "@" "SAS" "L" -14 1 36.9333333333333 0.51 0.429 14.4 20.3 17.2 19.2 0 0 10.9 36.6 113 126 16.5 3.7
"37" "36" 2007-01-10 25.49 "POR" "@" "DAL" "L" -25 1 29.7 0.696 0.667 3.7 19.6 10.5 10.7 0 0 11.7 29.2 126 125 14.8 8.5
"38" "37" 2007-01-12 25.49 "POR" "" "SAC" "W" 8 1 42.45 0.469 0.429 5.5 35.3 18.6 12.2 3.7 0 10.9 29.3 97 91 16.4 2
"39" "38" 2007-01-14 25.5 "POR" "" "DEN" "L" -16 1 22.6 0.155 0.083 5.1 25 14 6.5 0 0 13.4 29.5 41 121 -4.6 -25.7
"40" "39" 2007-01-17 25.51 "POR" "" "CLE" "W" 18 1 38.25 0.442 0.4 16.1 20.4 18.4 20.5 2.9 0 16.9 42.6 91 86 13.7 -1
"41" "40" 2007-01-19 25.51 "POR" "@" "PHO" "L" -5 1 41.7666666666667 0.633 0.625 18.1 33.4 25 4.9 2.7 0 15 35.9 120 122 26.2 6.7
"42" "41" 2007-01-21 25.52 "POR" "" "MIL" "W" 4 1 37.1 0.439 0.368 10.5 25.9 18.9 10 0 0 15.6 33.4 89 109 9.5 -8.2
"43" "42" 2007-01-24 25.53 "POR" "" "MIN" "W" 3 1 43.0666666666667 0.444 0.391 17.2 23.4 20.1 4.1 0 0 19.5 31.9 89 102 9.9 -6
"44" "43" 2007-01-26 25.53 "POR" "@" "HOU" "L" -30 1 29.25 0.398 0.333 0 25.2 12.5 9.2 1.9 0 5.8 29.2 81 111 6.6 -0.4
"45" "44" 2007-01-27 25.53 "POR" "@" "MEM" "W" 3 1 46.8666666666667 0.468 0.413 9.3 21.5 15 7.9 2.2 0 8.2 45.3 99 116 22.6 -4.4
"46" "45" 2007-01-29 25.54 "POR" "@" "NOK" "L" -12 1 39.7333333333333 0.429 0.455 14.5 22.3 17.8 22 3 1.8 0 28.4 112 119 18.4 4.2
"47" "46" 2007-01-31 25.55 "POR" "" "DEN" "W" 9 1 38.9333333333333 0.525 0.478 14.9 42.2 29.5 5 4.1 0 13.9 33.1 106 89 19.5 3.5
"48" "47" 2007-02-02 25.55 "POR" "@" "DEN" "L" -7 1 40.2333333333333 0.519 0.429 6.4 25.6 15.4 0 1.3 0 14.2 32.1 96 115 13.2 -5.2
"49" "48" 2007-02-03 25.55 "POR" "" "CHI" "L" -2 1 41.9333333333333 0.509 0.5 2.6 20.2 10.3 5.6 0 0 10.2 33.7 95 105 13.1 0.4
"50" "49" 2007-02-06 25.56 "POR" "" "PHO" "L" -7 1 41.6166666666667 0.87 0.8 12.1 17.8 15 6.1 1.3 0 27 29.7 129 113 25 7.9
"51" "50" 2007-02-09 25.57 "POR" "@" "CHA" "W" 8 1 46.2333333333333 0.595 0.5 2.3 18 10.3 18 0 1.4 8.2 34.2 119 96 26.8 8.4
"52" "51" 2007-02-11 25.58 "POR" "@" "WAS" "W" 21 1 28.6166666666667 0.336 0.286 4.9 30.1 18.4 22.9 0 0 32 35.8 62 85 -0.4 -14.4
"53" "52" 2007-02-13 25.58 "POR" "@" "MIA" "L" -19 1 36.0333333333333 0.456 0.375 13.3 8.9 11.4 10.7 0 0 13.9 28.9 103 133 8 -6.7
"54" "53" 2007-02-14 25.58 "POR" "@" "ORL" "L" -12 1 38.25 0.487 0.444 12.5 19.6 15.3 13.3 1.5 0 3.4 37.1 112 120 19.5 5.2
"55" "54" 2007-02-20 25.6 "POR" "" "UTA" "W" 3 1 35.5666666666667 0.533 0.5 14.2 29.2 21.6 5.2 4.5 0 8.8 30.2 110 101 17.5 1.6
"56" "55" 2007-02-21 25.6 "POR" "@" "LAL" "W" 4 1 42.3166666666667 0.619 0.563 9.5 21.5 16.7 3.5 1.3 1.8 14.5 24.6 111 120 16.9 -2.5
"57" "56" 2007-02-23 25.61 "POR" "" "MEM" "L" -1 1 38.9833333333333 0.488 0.457 10.3 13 11.6 4.3 2.9 0 7.2 33 107 120 14.5 -4.1
"58" "57" 2007-02-26 25.62 "POR" "@" "SEA" "L" -24 1 27.5666666666667 0.396 0.385 0 31 15.3 20.7 0 0 17.8 28.9 69 105 4.2 -5
"59" "58" 2007-03-01 25.62 "POR" "" "CHA" "W" 37 1 29.15 0.617 0.536 0 22.5 13 26.4 1.8 0 11 28.5 131 97 17.6 6.2
"60" "59" 2007-03-03 25.63 "POR" "" "SAC" "L" -8 1 37.4666666666667 0.53 0.525 8.7 28.8 18.3 18.1 0 0 20.9 33.1 94 115 12.1 -1.5
"61" "60" 2007-03-06 25.64 "POR" "" "SAS" "L" -5 1 32.1833333333333 0.47 0.464 15.3 33.1 23.9 9.6 1.8 0 6.3 24.5 110 117 12 0
"62" "61" 2007-03-11 25.65 "POR" "" "GSW" "W" 19 1 33.45 0.56 0.548 21.5 19.3 20.3 0 1.5 2.5 11.8 32.6 110 90 18.9 3.5
"63" "62" 2007-03-13 25.66 "POR" "@" "DEN" "L" -8 1 38.8 0.426 0.37 7.7 12.9 10.3 9 2.5 0 14.1 36.2 87 110 11.5 -4.1
"64" "63" 2007-03-14 25.66 "POR" "" "DET" "L" -12 1 35.6166666666667 0.554 0.4 6.7 37.9 20.6 13.5 0 2.1 9.5 29.9 115 105 17.1 7.5
"65" "64" 2007-03-16 25.67 "POR" "@" "LAL" "L" -5 1 37.5333333333333 0.659 0.575 5.3 18.6 10.9 29.8 1.4 0 11.3 31.8 132 119 24.5 10.3
"66" "65" 2007-03-18 25.67 "POR" "" "SEA" "L" -18 1 31.4 0.447 0.412 3.4 26.1 14.2 28.7 0 3 21.9 36.3 78 109 7.4 -1
"67" "" 2007-03-20 25.68 "POR" "" "WAS" "W" 2 NA NA NA NA NA NA NA NA NA NA NA NA NA NA NA NA
"68" "" 2007-03-22 25.68 "POR" "@" "NYK" "W" 6 NA NA NA NA NA NA NA NA NA NA NA NA NA NA NA NA
"69" "" 2007-03-23 25.68 "POR" "@" "ATL" "W" 2 NA NA NA NA NA NA NA NA NA NA NA NA NA NA NA NA
"70" "66" 2007-03-25 25.69 "POR" "@" "MIN" "L" -1 0 33.6666666666667 0.607 0.538 10.7 26.7 17.8 31.7 0 0 16.1 26.1 125 114 16.2 7.4
"71" "67" 2007-03-26 25.69 "POR" "@" "CHI" "L" -11 1 35.1833333333333 0.573 0.4 0 25.4 15.2 25.7 1.6 0 32.1 31.4 89 110 9.1 -3.9
"72" "68" 2007-03-29 25.7 "POR" "" "MEM" "L" -4 1 39.9 0.651 0.615 18.7 31.7 24.6 35.9 0 3.6 5.7 39.9 131 102 39.2 22.7
"73" "" 2007-03-31 25.71 "POR" "" "LAC" "L" -13 NA NA NA NA NA NA NA NA NA NA NA NA NA NA NA NA
"74" "" 2007-04-04 25.72 "POR" "" "UTA" "W" 5 NA NA NA NA NA NA NA NA NA NA NA NA NA NA NA NA
"75" "" 2007-04-06 25.72 "POR" "@" "HOU" "W" 7 NA NA NA NA NA NA NA NA NA NA NA NA NA NA NA NA
"76" "" 2007-04-07 25.73 "POR" "@" "DAL" "L" -12 NA NA NA NA NA NA NA NA NA NA NA NA NA NA NA NA
"77" "" 2007-04-09 25.73 "POR" "@" "SAS" "L" -16 NA NA NA NA NA NA NA NA NA NA NA NA NA NA NA NA
"78" "" 2007-04-11 25.74 "POR" "" "HOU" "L" -4 NA NA NA NA NA NA NA NA NA NA NA NA NA NA NA NA
"79" "" 2007-04-13 25.74 "POR" "@" "LAC" "L" -18 NA NA NA NA NA NA NA NA NA NA NA NA NA NA NA NA
"80" "" 2007-04-14 25.75 "POR" "" "SEA" "W" 6 NA NA NA NA NA NA NA NA NA NA NA NA NA NA NA NA
"81" "" 2007-04-16 25.75 "POR" "@" "UTA" "L" -37 NA NA NA NA NA NA NA NA NA NA NA NA NA NA NA NA
"82" "" 2007-04-18 25.76 "POR" "" "GSW" "L" -22 NA NA NA NA NA NA NA NA NA NA NA NA NA NA NA NA
"1" "1" 2007-11-02 26.3 "NYK" "@" "CLE" "L" -4 1 40.7 0.44 0.435 14.4 25.9 20.1 11.7 2.6 2 14.3 29.3 95 112 14.3 -3.1
"2" "2" 2007-11-04 26.3 "NYK" "" "MIN" "W" 4 1 33.5833333333333 0.371 0.333 12.3 25 19.1 0 0 0 9 33 79 106 4.6 -14.7
"3" "3" 2007-11-06 26.31 "NYK" "" "DEN" "W" 7 1 37.65 0.608 0.6 11.3 37.7 24.4 0 0 0 14.2 22.1 115 109 16 -1.3
"4" "4" 2007-11-09 26.32 "NYK" "" "ORL" "L" -10 1 33.35 0.478 0.429 11.1 32.7 22.5 19.6 2.8 0 7.7 33.1 100 105 16.7 1.4
"5" "" 2007-11-11 26.32 "NYK" "" "MIA" "L" -3 NA NA NA NA NA NA NA NA NA NA NA NA NA NA NA NA
"6" "" 2007-11-13 26.33 "NYK" "@" "PHO" "L" -11 NA NA NA NA NA NA NA NA NA NA NA NA NA NA NA NA
"7" "5" 2007-11-14 26.33 "NYK" "@" "LAC" "L" -3 1 38.2333333333333 0.372 0.278 17.2 27.9 22.7 0 0 0 18.9 28.8 77 87 7.7 -5.1
"8" "" 2007-11-16 26.34 "NYK" "@" "SAC" "L" -5 NA NA NA NA NA NA NA NA NA NA NA NA NA NA NA NA
"9" "6" 2007-11-17 26.34 "NYK" "@" "DEN" "L" -32 1 30.9166666666667 0.341 0.348 21.7 13.2 17.6 7.9 3.4 0 11.3 37.2 76 121 7.3 -7.6
"10" "7" 2007-11-20 26.35 "NYK" "" "GSW" "L" -26 1 29.65 0.528 0.417 15.8 43.2 30.1 7.1 0 0 33 29.6 82 106 7.5 -4.2
"11" "8" 2007-11-21 26.35 "NYK" "@" "DET" "L" -12 1 29.7666666666667 0.547 0.545 4.4 16.1 10.5 12.3 0 0 25.2 25.8 87 122 5.8 -7.8
"12" "9" 2007-11-24 26.36 "NYK" "" "CHI" "W" 7 1 31.3333333333333 0.46 0.438 3.6 14.7 9.8 26.6 3.3 0 21.6 39.9 79 81 8.3 -0.2
"13" "10" 2007-11-26 26.36 "NYK" "" "UTA" "W" 4 1 34.1 0.727 0.733 24.1 28.9 26.6 0 1.6 0 14.9 27.2 134 116 21.5 3.2
"14" "11" 2007-11-29 26.37 "NYK" "@" "BOS" "L" -45 1 17.6833333333333 0.184 0.1 11.6 7 9.5 0 0 0 0 30.3 48 128 -2.5 -16.8
"15" "12" 2007-11-30 26.38 "NYK" "" "MIL" "W" 3 1 40.6 0.671 0.656 6.4 19.2 12.8 0 1.4 1.9 17.7 27.3 112 101 16.7 2
"16" "13" 2007-12-02 26.38 "NYK" "" "PHO" "L" -11 1 38.0166666666667 0.439 0.421 13.7 21 16.6 21.1 0 0 12.2 28.3 99 125 11.6 -3.5
"17" "14" 2007-12-05 26.39 "NYK" "@" "NJN" "W" 7 1 42.75 0.727 0.667 3.9 16 10.5 21.6 3.9 0 5.5 22.1 143 103 24.3 9.8
"18" "15" 2007-12-07 26.39 "NYK" "@" "PHI" "L" -11 1 27.2166666666667 0.182 0.182 7.3 13.9 10.3 10.5 0 0 8.3 20.5 58 118 -1.4 -16.2
"19" "16" 2007-12-08 26.4 "NYK" "" "PHI" "L" -28 1 14 0.333 0.333 0 20.8 9.3 31.8 0 0 25 13.8 68 121 0.5 -7.8
"20" "17" 2007-12-10 26.4 "NYK" "" "DAL" "L" -10 1 33.85 0.621 0.583 13.8 31 21.4 0 1.7 0 13.4 31.1 118 117 17.1 6.3
"21" "18" 2007-12-12 26.41 "NYK" "" "SEA" "L" -7 1 42.3666666666667 0.654 0.611 14.5 31.5 21.8 13.9 0 0 12.7 22.7 134 124 23.8 4.5
"22" "19" 2007-12-14 26.41 "NYK" "@" "CHI" "L" -5 1 40.4333333333333 0.571 0.5 7.6 33.9 20 24.6 0 0 11.3 29.2 115 108 21.3 4.1
"23" "20" 2007-12-15 26.42 "NYK" "" "NJN" "W" 8 1 41.0166666666667 0.54 0.467 2.7 34.3 17.9 24.6 2.7 1.8 21.3 26.5 99 90 15.8 4.6
"24" "21" 2007-12-17 26.42 "NYK" "" "IND" "L" -27 1 38.6166666666667 0.623 0.6 7.5 21.9 13.3 22.8 2.6 2 19.3 28.5 106 120 19.7 4.7
"25" "22" 2007-12-19 26.43 "NYK" "" "CLE" "W" 18 1 28.8833333333333 0.576 0.538 0 22.7 13.5 5.7 1.9 0 16.9 29.8 102 101 10 -4.8
"26" "23" 2007-12-21 26.43 "NYK" "@" "CHA" "L" -10 1 26.5666666666667 0.528 0.417 3.3 29.3 13.9 6.7 2 0 12.3 24.9 111 110 9.2 -1.1
"27" "24" 2007-12-23 26.44 "NYK" "" "LAL" "L" -5 1 20.9833333333333 0.517 0.5 29.2 21.3 25.4 11 2.5 0 15.8 26.4 109 99 10.1 6.9
"28" "25" 2007-12-26 26.45 "NYK" "@" "ORL" "L" -14 0 33.1166666666667 0.488 0.421 3.1 33.1 15.9 6.2 0 0 8.2 32.7 98 119 12.1 -3.2
"29" "26" 2007-12-30 26.46 "NYK" "" "CHI" "L" -17 1 38.2166666666667 0.37 0.348 9.9 27.2 17.1 11.4 0 0 3.9 28.7 97 118 8.7 -5.4
"30" "27" 2008-01-02 26.47 "NYK" "" "SAC" "L" -10 1 16.8166666666667 0.425 0.4 0 19.9 9.2 9.7 0 0 40.5 24.3 52 106 -2.1 -15.6
"31" "" 2008-01-04 26.47 "NYK" "@" "SAS" "L" -4 NA NA NA NA NA NA NA NA NA NA NA NA NA NA NA NA
"32" "28" 2008-01-05 26.47 "NYK" "@" "HOU" "L" -12 1 39.1833333333333 0.434 0.368 18.4 63.2 38 4.6 1.4 0 22.4 31.3 86 111 11.8 -5.5
"33" "29" 2008-01-08 26.48 "NYK" "@" "CHI" "W" 5 1 25.9333333333333 0.455 0.444 15.4 22.2 19.4 5.9 2.1 0 28.8 25.8 78 108 3.5 -14.8
"34" "30" 2008-01-09 26.48 "NYK" "" "HOU" "L" -9 1 29.5 0.46 0.4 3.6 41.7 21.3 0 1.8 0 15.5 20 86 104 5.7 -5.7
"35" "31" 2008-01-11 26.49 "NYK" "" "TOR" "L" -9 1 9.85 0 0 0 12.8 6.4 26.3 0 0 33.3 15.1 35 116 -1.1 -10.5
"36" "32" 2008-01-13 26.5 "NYK" "" "DET" "W" 24 1 31.3166666666667 0.662 0.639 4 23.8 14.8 26.8 1.9 0 5 33.9 126 76 20.5 16.2
"37" "33" 2008-01-15 26.5 "NYK" "" "WAS" "W" 12 1 34.1833333333333 0.438 0.438 8.3 27.5 19.3 8.7 0 0 5.9 24.6 103 107 8.9 -6.9
"38" "34" 2008-01-16 26.5 "NYK" "@" "NJN" "W" 6 1 36.8666666666667 0.648 0.533 7.4 25.5 17.7 20.4 0 2 9.7 25.1 135 108 20.3 4.9
"39" "35" 2008-01-18 26.51 "NYK" "@" "WAS" "L" -13 1 33.95 0.494 0.429 6.6 23.6 13.6 5.5 1.5 0 15.6 25.9 91 117 9 -7.2
"40" "36" 2008-01-19 26.51 "NYK" "@" "MIA" "W" 4 1 37.2333333333333 0.447 0.412 9.2 34.6 21.7 10.8 2.8 2 14.4 26 88 85 12.6 1.2
"41" "37" 2008-01-21 26.52 "NYK" "" "BOS" "L" -16 1 40.8333333333333 0.558 0.444 8.8 37.1 22.6 10.4 5.1 0 15.7 28.7 104 107 20.9 6.4
"42" "38" 2008-01-25 26.53 "NYK" "" "PHI" "W" 8 1 39.0166666666667 0.643 0.667 3.2 39.1 22.5 14.7 0 0 13.9 18.2 117 92 13.8 3.5
"43" "39" 2008-01-27 26.53 "NYK" "@" "GSW" "L" -2 1 32.9666666666667 0.379 0.364 6.3 14.6 10.6 25.6 1.5 0 7.8 16.4 97 109 8.4 -0.7
"44" "40" 2008-01-29 26.54 "NYK" "@" "LAL" "L" -11 1 37.8166666666667 0.383 0.35 10.8 27.6 19.1 8.2 5.3 0 12.6 27.3 85 113 12.2 -5.2
"45" "41" 2008-01-30 26.54 "NYK" "@" "UTA" "L" -11 1 44.8 0.688 0.636 0 22.6 12.1 8.4 2.4 0 19.3 22 114 110 16.7 2
"46" "42" 2008-02-01 26.55 "NYK" "@" "POR" "L" -6 1 47.7333333333333 0.523 0.5 2.3 28.3 15 0 0 0 7.7 25.7 109 105 14 1.6
"47" "43" 2008-02-02 26.55 "NYK" "@" "SEA" "L" -1 1 36.9666666666667 0.708 0.692 0 13 7.3 25.6 1.5 0 5.6 25 136 100 20.4 10.4
"48" "44" 2008-02-04 26.56 "NYK" "" "LAC" "L" -9 1 32.3 0.694 0.583 4.1 31.3 18.1 14.6 0 2.1 18.8 15.9 126 111 11.7 2.7
"49" "45" 2008-02-06 26.56 "NYK" "" "IND" "L" -3 1 35.6166666666667 0.636 0.625 0 27.6 14.6 21.1 0 0 12.8 30.3 118 116 17.8 5.9
"50" "46" 2008-02-08 26.57 "NYK" "" "SAS" "L" -6 1 39.8 0.331 0.235 8.7 24.5 15.9 10.4 1.5 0 16.9 29.3 74 112 4.1 -11.2
"51" "47" 2008-02-09 26.57 "NYK" "@" "MIL" "W" 1 1 24.9333333333333 0.432 0.385 18.8 26.3 22.6 7.3 2.1 2.9 12.6 28.3 96 99 9.5 -2.5
"52" "48" 2008-02-13 26.58 "NYK" "@" "BOS" "L" -8 1 26.2 0.639 0.538 14.5 48.2 31.3 8.3 1.9 0 20.4 33.6 109 110 14.1 -0.1
"53" "49" 2008-02-19 26.6 "NYK" "@" "WAS" "W" 13 1 37.65 0.581 0.528 0 30.6 16.2 12.1 1.5 2.1 12.7 30.9 105 99 15.7 -1
"54" "50" 2008-02-20 26.6 "NYK" "@" "PHI" "L" -40 1 19.4666666666667 0.601 0.571 13 6.8 10 30.6 0 0 26.5 26.9 99 137 6.3 -3.5
"55" "51" 2008-02-22 26.61 "NYK" "" "TOR" "W" 4 1 43.5833333333333 0.566 0.5 7.7 31.9 19 16.9 2.3 0 8 25.6 121 102 22.9 7.5
"56" "52" 2008-02-24 26.61 "NYK" "@" "TOR" "L" -23 1 28.55 0.244 0.154 0 20 9.7 18.2 1.9 0 17.3 29 52 124 -0.5 -14.8
"57" "53" 2008-02-27 26.62 "NYK" "" "CHA" "W" 24 1 29.6333333333333 0.461 0.438 7 20.2 13.8 14 0 0 4.9 29.7 103 95 11.5 -2.7
"58" "54" 2008-02-29 26.62 "NYK" "@" "ATL" "L" -6 1 45.1833333333333 0.591 0.524 9.4 29.4 19.6 21 0 1.5 10.9 26.9 119 105 25 7.3
"59" "" 2008-03-01 26.63 "NYK" "@" "ORL" "L" -26 NA NA NA NA NA NA NA NA NA NA NA NA NA NA NA NA
"60" "" 2008-03-03 26.63 "NYK" "" "NOH" "L" -12 NA NA NA NA NA NA NA NA NA NA NA NA NA NA NA NA
"61" "" 2008-03-05 26.64 "NYK" "" "CLE" "L" -14 NA NA NA NA NA NA NA NA NA NA NA NA NA NA NA NA
"62" "" 2008-03-07 26.64 "NYK" "" "DET" "L" -4 NA NA NA NA NA NA NA NA NA NA NA NA NA NA NA NA
"63" "" 2008-03-08 26.65 "NYK" "" "POR" "L" -6 NA NA NA NA NA NA NA NA NA NA NA NA NA NA NA NA
"64" "55" 2008-03-10 26.65 "NYK" "@" "DAL" "L" -29 1 33.1666666666667 0.52 0.5 8 43 22.3 8.1 1.5 0 12.9 32.4 94 110 14.1 2.5
"65" "56" 2008-03-12 26.66 "NYK" "@" "MIA" "W" 3 1 35.6166666666667 0.5 0.5 6 28.1 17.4 17.7 1.5 4.2 9.5 29.1 99 91 15.4 4.2
"66" "57" 2008-03-16 26.67 "NYK" "" "ATL" "L" -11 1 25.15 0.528 0.455 10.8 27.3 17.4 18.8 0 0 7.5 22 121 119 11.2 2.5
"67" "58" 2008-03-17 26.67 "NYK" "@" "IND" "L" -12 1 28.7333333333333 0.531 0.472 11.5 38.8 23.2 0 3.2 0 16.8 33.1 99 100 14.2 1.9
"68" "" 2008-03-21 26.68 "NYK" "" "MEM" "L" -14 NA NA NA NA NA NA NA NA NA NA NA NA NA NA NA NA
"69" "" 2008-03-22 26.68 "NYK" "@" "MIN" "L" -21 NA NA NA NA NA NA NA NA NA NA NA NA NA NA NA NA
"70" "59" 2008-03-24 26.69 "NYK" "" "NJN" "L" -15 1 33.3333333333333 0.45 0.444 8.5 21.8 13.7 5.7 0 0 0 25.2 104 122 9.9 -5.4
"71" "60" 2008-03-26 26.7 "NYK" "" "MIA" "W" 7 1 27.2666666666667 0.421 0.421 13.4 36.7 24.5 8 0 0 5 31.1 107 99 11 -1.7
"72" "" 2008-03-28 26.7 "NYK" "@" "TOR" "L" -8 NA NA NA NA NA NA NA NA NA NA NA NA NA NA NA NA
"73" "" 2008-03-30 26.71 "NYK" "@" "ATL" "L" -5 NA NA NA NA NA NA NA NA NA NA NA NA NA NA NA NA
"74" "61" 2008-04-01 26.71 "NYK" "@" "MIL" "L" -4 1 29.45 0.455 0.45 10.8 28 18.9 23.4 0 2.4 12.6 35.2 92 110 12.5 -2.5
"75" "62" 2008-04-02 26.72 "NYK" "@" "MEM" "L" -16 1 27.1166666666667 0.708 0.656 15.8 26.8 19.9 14.6 1.8 0 13.6 32.8 131 129 22.6 7.1
"76" "63" 2008-04-04 26.72 "NYK" "@" "NOH" "L" -8 1 38.9333333333333 0.583 0.556 14.5 24.7 20 3.9 2.7 1.9 17.5 26.9 107 122 16.8 -1.1
"77" "64" 2008-04-06 26.73 "NYK" "" "ORL" "W" 10 1 27.05 0.482 0.421 15.3 21.7 18.2 0 3.7 0 0 31.9 113 88 15.6 6
"78" "65" 2008-04-08 26.73 "NYK" "@" "DET" "W" 4 1 24 0.473 0.333 0 16.1 10.4 5.7 0 0 14.7 26.3 89 100 4.9 -8.2
"79" "66" 2008-04-09 26.73 "NYK" "" "CHA" "W" 2 1 26.1166666666667 0.5 0.5 14.7 28.6 21.3 15.8 2 0 7.1 22.6 122 109 12.9 4.6
"80" "67" 2008-04-11 26.74 "NYK" "" "ATL" "L" -12 1 30.8833333333333 0.567 0.567 9.3 27.4 16.7 4.8 0 2.5 25 26.4 97 122 9.2 -3.2
"81" "68" 2008-04-14 26.75 "NYK" "" "BOS" "L" -6 1 22.95 0.476 0.429 13.4 24.9 18.8 9.8 2.3 0 16 36.4 90 104 7.9 -5.6
"82" "69" 2008-04-16 26.75 "NYK" "@" "IND" "L" -9 1 32.7333333333333 0.493 0.455 8.5 42.9 23.7 15.3 1.3 2.2 7.9 28.6 106 115 17.1 0
"1" "1" 2008-10-29 27.29 "NYK" "" "MIA" "W" 5 1 30.4666666666667 0.553 0.467 6.6 24.5 15.2 10.2 3.1 0 5.2 25.4 120 105 17 3.7
"2" "2" 2008-10-31 27.29 "NYK" "@" "PHI" "L" -29 1 29.85 0.302 0.263 9.9 12.1 10.7 13.4 0 0 4.8 28.6 74 120 4.4 -9.7
"3" "3" 2008-11-02 27.3 "NYK" "" "MIL" "L" -8 1 33.6333333333333 0.4 0.382 11.7 32.1 20.8 20 3.1 2 9.6 28.2 89 93 11.8 2.4
"4" "4" 2008-11-05 27.31 "NYK" "" "CHA" "W" 3 1 32.35 0.727 0.667 12.7 33 24.1 6.4 3.3 0 14.9 28.8 129 96 21.3 6
"5" "5" 2008-11-07 27.31 "NYK" "@" "WAS" "W" 6 1 37.0666666666667 0.577 0.531 2.9 37.9 19.6 7.3 1.3 0 9.5 25.2 105 104 17.1 -0.6
"6" "6" 2008-11-09 27.32 "NYK" "" "UTA" "W" 8 1 33.6833333333333 0.552 0.5 22.2 24.9 23.5 0 1.4 0 18.1 34 102 102 16.8 -1.5
"7" "7" 2008-11-11 27.32 "NYK" "@" "SAS" "L" -12 1 33.6333333333333 0.388 0.389 8.7 33.2 20.2 7.1 1.6 2.3 9.4 30 79 95 8.7 -2.5
"8" "8" 2008-11-12 27.33 "NYK" "@" "MEM" "W" 29 1 35.8333333333333 0.592 0.5 7.7 26.8 17.9 3 4.1 0 16.5 23.5 108 100 15.8 -2.7
"9" "9" 2008-11-14 27.33 "NYK" "" "OKC" "W" 10 1 38.4 0.552 0.429 14.7 33.2 23.8 0 1.2 0 10.2 30.3 112 96 22.4 -0.3
"10" "10" 2008-11-16 27.34 "NYK" "" "DAL" "L" -10 1 47.0666666666667 0.585 0.55 14.3 21.7 18.1 6.7 0 0 0 20.6 134 113 23.8 4.3
"11" "11" 2008-11-18 27.34 "NYK" "@" "BOS" "L" -9 1 35.8333333333333 0.475 0.333 3.2 24 13.2 4.4 0 2 5 25.1 99 114 11.1 -3
"12" "" 2008-11-21 27.35 "NYK" "@" "MIL" "L" -17 NA NA NA NA NA NA NA NA NA NA NA NA NA NA NA NA
"13" "" 2008-11-22 27.35 "LAC" "@" "NJN" "L" -17 NA NA NA NA NA NA NA NA NA NA NA NA NA NA NA NA
"14" "" 2008-11-24 27.36 "LAC" "" "NOH" "L" -12 NA NA NA NA NA NA NA NA NA NA NA NA NA NA NA NA
"15" "12" 2008-11-26 27.36 "LAC" "" "DEN" "L" -1 0 25.8166666666667 0.284 0.273 0 20.1 9.9 5.6 1.9 0 14 24 57 111 0.2 -14.2
"16" "13" 2008-11-29 27.37 "LAC" "" "MIA" "W" 1 1 41.1 0.608 0.575 16.7 20.4 18.5 15.8 0 0 8.3 25.6 127 108 22.2 5.7
"17" "14" 2008-12-02 27.38 "LAC" "@" "DAL" "L" -2 1 41.5666666666667 0.755 0.735 0 25.1 13.4 11.9 0 0 18.3 24.2 122 111 19.8 3.6
"18" "15" 2008-12-03 27.38 "LAC" "@" "HOU" "L" -7 1 44.2 0.456 0.435 6.3 20.7 12.7 7.5 0 0 13.7 29.1 90 116 10.4 -7.3
"19" "16" 2008-12-05 27.39 "LAC" "@" "MEM" "L" -12 1 41.65 0.656 0.656 6.8 11.2 8.9 0 0 3.6 23.8 25.5 93 109 10.9 -4.2
"20" "17" 2008-12-06 27.39 "LAC" "@" "MIN" "W" 23 1 34.4666666666667 0.567 0.533 12.7 14.5 13.6 10.4 0 2.1 13.9 26.7 115 95 14.3 -0.6
"21" "18" 2008-12-08 27.4 "LAC" "" "ORL" "L" -7 1 42.9166666666667 0.477 0.477 16.3 11.5 14.3 17.3 3.5 0 15.4 25.3 97 96 17 4.2
"22" "19" 2008-12-12 27.41 "LAC" "@" "POR" "W" 8 1 47.8 0.582 0.533 13.5 13.2 13.3 4.2 2.4 0 5.8 35.5 124 110 27.4 5.8
"23" "20" 2008-12-13 27.41 "LAC" "" "HOU" "W" 13 1 41.15 0.585 0.565 10.1 22.3 16.3 14 3.9 0 10.5 31.7 118 87 24.7 10.6
"24" "21" 2008-12-16 27.42 "LAC" "@" "OKC" "W" 10 1 41.1833333333333 0.506 0.475 10.8 23.3 17.2 16.4 0 0 12.1 26.7 106 95 15.7 0.3
"25" "22" 2008-12-17 27.42 "LAC" "@" "CHI" "L" -6 1 44.2166666666667 0.533 0.455 9.6 10.9 10.2 24.8 0 1.6 12.4 31 114 117 19.9 2.4
"26" "23" 2008-12-19 27.43 "LAC" "@" "IND" "W" 8 1 49.6666666666667 0.596 0.54 10.8 26.2 18.1 18.1 2 0 17.4 30.9 107 93 24.9 3
"27" "24" 2008-12-20 27.43 "LAC" "@" "MIL" "L" -34 1 24.6166666666667 0.182 0.182 7.6 19.5 12.9 0 0 0 8.3 21.1 44 122 -2.1 -16.7
"28" "25" 2008-12-22 27.44 "LAC" "" "TOR" "L" -22 1 27.8166666666667 0.531 0.5 7.3 26.5 16.1 30.8 1.9 0 14.4 34.9 93 103 11.7 5
"29" "" 2008-12-28 27.45 "LAC" "" "DAL" "L" -22 NA NA NA NA NA NA NA NA NA NA NA NA NA NA NA NA
"30" "" 2008-12-30 27.46 "LAC" "@" "SAC" "L" -2 NA NA NA NA NA NA NA NA NA NA NA NA NA NA NA NA
"31" "" 2008-12-31 27.46 "LAC" "" "PHI" "L" -8 NA NA NA NA NA NA NA NA NA NA NA NA NA NA NA NA
"32" "" 2009-01-02 27.47 "LAC" "@" "PHO" "L" -8 NA NA NA NA NA NA NA NA NA NA NA NA NA NA NA NA
"33" "" 2009-01-04 27.47 "LAC" "" "DET" "L" -1 NA NA NA NA NA NA NA NA NA NA NA NA NA NA NA NA
"34" "" 2009-01-06 27.48 "LAC" "@" "DAL" "L" -5 NA NA NA NA NA NA NA NA NA NA NA NA NA NA NA NA
"35" "" 2009-01-08 27.48 "LAC" "@" "SAS" "L" -22 NA NA NA NA NA NA NA NA NA NA NA NA NA NA NA NA
"36" "" 2009-01-09 27.48 "LAC" "@" "NOH" "L" -27 NA NA NA NA NA NA NA NA NA NA NA NA NA NA NA NA
"37" "" 2009-01-11 27.49 "LAC" "" "PHO" "L" -6 NA NA NA NA NA NA NA NA NA NA NA NA NA NA NA NA
"38" "" 2009-01-14 27.5 "LAC" "" "ATL" "L" -17 NA NA NA NA NA NA NA NA NA NA NA NA NA NA NA NA
"39" "" 2009-01-17 27.51 "LAC" "" "MIL" "W" 9 NA NA NA NA NA NA NA NA NA NA NA NA NA NA NA NA
"40" "" 2009-01-19 27.51 "LAC" "" "MIN" "L" -8 NA NA NA NA NA NA NA NA NA NA NA NA NA NA NA NA
"41" "" 2009-01-21 27.52 "LAC" "" "LAL" "L" -11 NA NA NA NA NA NA NA NA NA NA NA NA NA NA NA NA
"42" "" 2009-01-23 27.52 "LAC" "" "OKC" "W" 3 NA NA NA NA NA NA NA NA NA NA NA NA NA NA NA NA
"43" "" 2009-01-25 27.53 "LAC" "@" "GSW" "L" -15 NA NA NA NA NA NA NA NA NA NA NA NA NA NA NA NA
"44" "" 2009-01-26 27.53 "LAC" "" "POR" "L" -25 NA NA NA NA NA NA NA NA NA NA NA NA NA NA NA NA
"45" "" 2009-01-28 27.54 "LAC" "" "CHI" "L" -20 NA NA NA NA NA NA NA NA NA NA NA NA NA NA NA NA
"46" "" 2009-01-30 27.54 "LAC" "@" "CLE" "L" -17 NA NA NA NA NA NA NA NA NA NA NA NA NA NA NA NA
"47" "" 2009-01-31 27.55 "LAC" "@" "WAS" "L" -12 NA NA NA NA NA NA NA NA NA NA NA NA NA NA NA NA
"48" "26" 2009-02-02 27.55 "LAC" "@" "MIA" "L" -24 0 26 0.581 0.467 5 18.9 12.1 16.7 0 0 0 32.2 124 129 15.4 2.7
"49" "27" 2009-02-04 27.56 "LAC" "@" "ORL" "L" -29 0 22.3 0.337 0.273 4.8 30.7 16.1 0 0 0 7.8 26.6 71 136 1.9 -15.5
"50" "28" 2009-02-06 27.56 "LAC" "@" "MEM" "W" 21 1 35.7666666666667 0.734 0.789 12.2 25.4 19.2 14.1 1.4 0 7.7 33.9 140 113 28.6 8.9
"51" "29" 2009-02-07 27.56 "LAC" "@" "ATL" "W" 24 1 36.2 0.662 0.639 6.8 24.4 15.5 11.1 1.5 0 0 25.2 138 107 22.2 5.1
"52" "30" 2009-02-09 27.57 "LAC" "@" "CHA" "L" -21 1 37.2333333333333 0.474 0.5 14.6 19.5 16.7 28 2.9 0 15.9 31.5 89 105 13.2 1.9
"53" "31" 2009-02-11 27.58 "LAC" "" "NYK" "W" 4 1 43.2833333333333 0.538 0.525 11.1 24.1 18.4 6.5 0 1.6 16.4 24.7 97 111 14.6 -6.7
"54" "32" 2009-02-17 27.59 "LAC" "@" "PHO" "L" -40 1 11.4666666666667 0.4 0.4 0 25.4 10.6 15.2 0 0 0 18.7 85 131 2.2 -8.4
"55" "" 2009-02-18 27.59 "LAC" "" "PHO" "L" -23 NA NA NA NA NA NA NA NA NA NA NA NA NA NA NA NA
"56" "" 2009-02-22 27.61 "LAC" "@" "POR" "L" -29 NA NA NA NA NA NA NA NA NA NA NA NA NA NA NA NA
"57" "33" 2009-02-23 27.61 "LAC" "" "GSW" "W" 13 1 35.3166666666667 0.518 0.478 13.3 21.1 17.4 4.5 2.6 4.1 3.7 31.5 114 97 21.7 -0.2
"58" "34" 2009-02-25 27.61 "LAC" "" "BOS" "W" 2 1 43.2833333333333 0.447 0.4 14.8 19 16.6 14 0 0 0 35.9 110 106 20.3 3.3
"59" "35" 2009-02-27 27.62 "LAC" "@" "SAC" "L" -12 1 30.0333333333333 0.337 0.333 13.3 31.2 21.5 18.4 1.7 0 10.9 26.6 78 101 7.6 -4.6
"60" "36" 2009-02-28 27.62 "LAC" "" "CHA" "L" -5 1 38.0833333333333 0.65 0.595 15.8 14.7 15.1 11 0 1.9 10.6 37.1 125 122 24.9 3.7
"61" "" 2009-03-02 27.63 "LAC" "" "SAS" "L" -28 NA NA NA NA NA NA NA NA NA NA NA NA NA NA NA NA
"62" "" 2009-03-04 27.63 "LAC" "" "MEM" "L" -23 NA NA NA NA NA NA NA NA NA NA NA NA NA NA NA NA
"63" "37" 2009-03-07 27.64 "LAC" "" "IND" "L" -1 0 28.7333333333333 0.549 0.5 12.5 28.5 20.6 12.5 1.8 2.5 0 28 129 108 17.7 5.3
"64" "38" 2009-03-10 27.65 "LAC" "" "CLE" "L" -4 1 35.9833333333333 0.512 0.469 6.4 29.6 18.4 38.7 3 2.2 17 30.5 96 88 16.5 10.3
"65" "" 2009-03-14 27.66 "LAC" "@" "DEN" "L" -13 NA NA NA NA NA NA NA NA NA NA NA NA NA NA NA NA
"66" "" 2009-03-15 27.66 "LAC" "" "NJN" "W" 2 NA NA NA NA NA NA NA NA NA NA NA NA NA NA NA NA
"67" "39" 2009-03-17 27.67 "LAC" "@" "GSW" "L" -7 0 28.65 0.567 0.5 12 30.9 19.6 0 0 0 10.2 25.9 117 123 13.6 -1.6
"68" "40" 2009-03-18 27.67 "LAC" "" "WAS" "W" 15 1 30.45 0.427 0.417 5.1 26.3 17.3 4 1.7 0 13.4 22.7 83 114 5.5 -15.4
"69" "41" 2009-03-20 27.68 "LAC" "@" "DET" "L" -18 1 31.8166666666667 0.252 0.235 13.3 0 6.6 10.4 0 2.2 10.1 32.8 67 139 -0.3 -20.7
"70" "42" 2009-03-22 27.68 "LAC" "@" "TOR" "L" -24 1 31.35 0.588 0.588 0 23.3 11.8 0 0 0 0 26.1 108 103 13.8 3.5
"71" "43" 2009-03-23 27.68 "LAC" "@" "BOS" "L" -13 1 38.1166666666667 0.521 0.533 9.9 39.6 24.2 6 1.4 0 15.5 24.6 90 104 11.4 -3.3
"72" "44" 2009-03-25 27.69 "LAC" "@" "NYK" "W" 5 1 37.9666666666667 0.754 0.738 10.5 10.7 10.6 11.9 2.6 0 12.1 28.3 144 125 28 6.9
"73" "45" 2009-03-27 27.7 "LAC" "@" "SAS" "L" -13 1 24.55 0.722 0.75 4.9 28.8 15.9 13.8 0 3.4 8.3 24.6 140 131 14.1 6.3
"74" "46" 2009-03-28 27.7 "LAC" "@" "HOU" "L" -17 1 34.55 0.47 0.455 6.9 23.2 14.6 18.5 0 0 7.3 19.3 104 125 9.3 -3
"75" "47" 2009-04-01 27.71 "LAC" "" "NOH" "L" -6 1 40.85 0.648 0.567 6.4 38.1 22.2 12.3 1.3 0 13.9 24 123 111 21.4 4.7
"76" "48" 2009-04-04 27.72 "LAC" "@" "DEN" "L" -16 1 35.4166666666667 0.527 0.525 15.4 25 19.8 5.3 1.4 2.3 12.6 29.9 104 127 15.4 -4
"77" "49" 2009-04-05 27.72 "LAC" "@" "LAL" "L" -3 1 33.6833333333333 0.483 0.438 9.5 25.6 17 21.3 1.6 0 13.9 28.6 100 97 11.5 3.7
"78" "" 2009-04-07 27.73 "LAC" "" "MIN" "L" -10 NA NA NA NA NA NA NA NA NA NA NA NA NA NA NA NA
"79" "" 2009-04-10 27.73 "LAC" "" "SAC" "W" 31 NA NA NA NA NA NA NA NA NA NA NA NA NA NA NA NA
"80" "50" 2009-04-11 27.74 "LAC" "" "POR" "L" -15 1 29.3166666666667 0.352 0.333 7.8 15.6 11.7 8.1 1.9 0 5.1 32.9 75 102 5.3 -3.1
"81" "" 2009-04-13 27.74 "LAC" "@" "UTA" "L" -21 NA NA NA NA NA NA NA NA NA NA NA NA NA NA NA NA
"82" "" 2009-04-15 27.75 "LAC" "" "OKC" "L" -41 NA NA NA NA NA NA NA NA NA NA NA NA NA NA NA NA
"1" "1" 2009-10-28 28.28 "MEM" "" "DET" "L" -22 1 30.15 0.474 0.462 17.3 15.2 16.3 19.4 0 0 11.9 26.8 103 118 9 0.1
"2" "2" 2009-10-30 28.29 "MEM" "" "TOR" "W" 8 1 35.9666666666667 0.659 0.619 20.5 3.2 11.5 16.2 0 2 8.1 28.9 142 123 24.2 5.4
"3" "3" 2009-11-01 28.3 "MEM" "@" "DEN" "L" -10 1 32.6333333333333 0.545 0.545 19.6 7.4 12.6 26.3 0 0 26.7 19.1 110 135 9.4 -2.8
"4" "4" 2009-11-02 28.3 "MEM" "@" "SAC" "L" -11 1 42.0166666666667 0.623 0.571 10.1 32.2 20.8 4.2 0 1.9 14.2 26.9 121 115 21.1 2.2
"5" "5" 2009-11-04 28.3 "MEM" "@" "GSW" "L" -8 1 38.1166666666667 0.639 0.556 6.1 25.2 15.5 11.6 2.6 1.7 19.3 17.3 116 111 15.7 2.7
"6" "6" 2009-11-06 28.31 "MEM" "@" "LAL" "L" -16 1 37.9333333333333 0.573 0.529 20.1 24.1 22.1 10.3 0 1.6 17.9 27.5 112 128 17.3 0.2
"7" "7" 2009-11-07 28.31 "MEM" "@" "LAC" "L" -3 1 36.2 0.453 0.353 22.1 17 19.6 20.1 0 0 8.7 25.4 113 119 16.2 -0.2
"8" "8" 2009-11-10 28.32 "MEM" "" "POR" "L" -14 1 34.5833333333333 0.37 0.357 25.8 15 20.8 6.3 1.6 0 11.8 22.9 90 112 8.9 -1.9
"9" "9" 2009-11-11 28.32 "MEM" "@" "HOU" "L" -25 1 35.4166666666667 0.6 0.6 6.2 24.1 15.2 0 1.4 0 11.8 21.3 104 107 12.7 1.1
"10" "10" 2009-11-14 28.33 "MEM" "" "MIN" "W" 10 1 29.1666666666667 0.372 0.222 11.8 16.5 14 4.6 1.7 0 15.7 19.1 85 90 5.5 -5.4
"11" "11" 2009-11-18 28.34 "MEM" "" "LAC" "W" 15 1 32.6666666666667 0.648 0.571 8.4 21.5 15.5 4.6 0 2 5.8 24.9 133 103 16.4 2.1
"12" "12" 2009-11-20 28.35 "MEM" "@" "PHI" "W" 5 1 37.95 0.517 0.474 22.3 15.1 18.3 4.3 4.2 0 9 25.7 123 103 17.5 0.8
"13" "13" 2009-11-21 28.35 "MEM" "" "MIL" "L" -5 1 35.6 0.836 0.778 2.9 16.1 9.2 4.9 1.4 4.6 15.7 15.8 142 104 17.4 6.3
"14" "14" 2009-11-23 28.36 "MEM" "" "SAC" "W" 11 1 29.3333333333333 0.568 0.545 0 13.3 6.7 10.5 1.6 0 6.6 22.3 116 107 10.6 -0.6
"15" "15" 2009-11-25 28.36 "MEM" "@" "PHO" "L" -15 1 32.0833333333333 0.548 0.524 34 13.2 24.9 5.2 0 0 12.1 31.3 125 139 18.9 1.9
"16" "16" 2009-11-27 28.37 "MEM" "@" "POR" "W" 10 1 35.2166666666667 0.503 0.5 11.7 18.6 15.5 0 1.6 0 4.6 30.6 108 111 13.3 -4.9
"17" "17" 2009-11-29 28.37 "MEM" "@" "LAC" "L" -10 1 40.35 0.235 0.125 3.3 14.5 9.3 13.3 1.3 0 22 16.2 57 112 0.8 -10.9
"18" "18" 2009-11-30 28.38 "MEM" "@" "UTA" "L" -27 1 34.5333333333333 0.508 0.462 14.3 26.7 19.2 5 1.5 0 16.9 23.5 98 130 10.1 -4.8
"19" "19" 2009-12-02 28.38 "MEM" "@" "MIN" "W" 2 1 37.2166666666667 0.521 0.471 9.9 26.6 17.7 5.4 1.4 0 0 25.2 116 109 16 -1.6
"20" "20" 2009-12-04 28.39 "MEM" "" "DAL" "W" 16 1 38.8666666666667 0.575 0.55 26.5 14.8 20.1 14.6 0 0 12.6 27.9 123 97 20.4 5.2
"21" "21" 2009-12-08 28.4 "MEM" "" "CLE" "W" 2 1 47.3666666666667 0.671 0.553 17 18.2 17.6 7.8 4.5 1.7 4 23 152 103 33.2 13.6
"22" "22" 2009-12-11 28.41 "MEM" "" "OKC" "L" -8 1 40.15 0.409 0.381 24.4 24.5 24.4 4.2 0 0 7.9 26.3 103 111 15.4 -0.9
"23" "23" 2009-12-13 28.41 "MEM" "@" "MIA" "W" 28 1 31.0333333333333 0.385 0.344 18.7 11 14.4 3.9 0 2.3 10.6 25.6 100 102 5.7 -8.4
"24" "24" 2009-12-14 28.41 "MEM" "" "BOS" "L" -5 1 41.9166666666667 0.601 0.5 9.5 6.4 8 6.7 2.6 0 23.1 24.4 106 127 12.9 -2.8
"25" "25" 2009-12-16 28.42 "MEM" "@" "ATL" "L" -13 1 30.7166666666667 0.506 0.444 0 32.6 18.4 4.9 5.1 0 16.8 17.6 95 105 9.2 -1.3
"26" "26" 2009-12-18 28.42 "MEM" "" "IND" "W" 13 1 40.6333333333333 0.586 0.55 8.4 32 21 12.2 0 5.5 18.4 28.1 106 94 20 3.1
"27" "27" 2009-12-20 28.43 "MEM" "" "DEN" "W" 6 1 43.2 0.69 0.643 20.8 36.2 28.4 11.7 1.2 1.8 7.9 24 150 95 33.9 16.1
"28" "28" 2009-12-22 28.44 "MEM" "" "GSW" "W" 13 1 39.9833333333333 0.711 0.667 15.7 37.9 25.7 7.2 1.2 0 11.5 26.6 136 105 29.9 7.3
"29" "29" 2009-12-26 28.45 "MEM" "@" "DAL" "L" -5 1 42.3666666666667 0.637 0.632 15.9 20.3 17.8 8.9 1.3 0 4.5 22.5 142 118 25.3 10.2
"30" "30" 2009-12-28 28.45 "MEM" "" "WAS" "W" 5 1 43.5 0.549 0.412 17.8 29.3 24.4 6.9 1.2 1.7 12.5 24.1 119 100 20.1 1.6
"31" "31" 2009-12-30 28.46 "MEM" "@" "IND" "W" 11 1 36.9 0.579 0.545 18.6 24.2 21.7 4.7 0 0 7.6 30.3 121 113 20 -2.9
"32" "32" 2010-01-02 28.47 "MEM" "@" "PHO" "W" 25 1 31.55 0.563 0.563 7.6 29.1 19.2 12.2 0 2.2 0 21.4 138 107 16.5 4.3
"33" "33" 2010-01-05 28.47 "MEM" "@" "POR" "W" 4 1 40.8666666666667 0.692 0.625 14.3 32 22.2 12 4.1 0 4.9 23 151 113 28.9 13.1
"34" "34" 2010-01-06 28.48 "MEM" "@" "UTA" "L" -23 1 30.5833333333333 0.537 0.467 18.2 9.8 14.6 7.5 1.6 0 0 22.8 129 120 14.9 4.8
"35" "35" 2010-01-08 28.48 "MEM" "" "UTA" "W" 2 1 44.0166666666667 0.507 0.409 14.3 24.8 19.9 0 0 1.5 6.5 33.1 108 101 19.6 -0.9
"36" "36" 2010-01-09 28.48 "MEM" "@" "CHA" "L" -2 1 38.65 0.443 0.412 5.8 30.3 17.7 4.7 0 2.1 5 23.5 93 95 11.1 -1.7
"37" "37" 2010-01-12 28.49 "MEM" "" "LAC" "W" 2 1 43.3333333333333 0.474 0.389 12 9 10.5 14.6 0 0 8.7 23.5 115 120 12.3 -4.6
"38" "38" 2010-01-15 28.5 "MEM" "" "MIN" "W" 25 1 29.7833333333333 0.727 0.708 4.6 37.7 23.6 19.1 0 0 12.7 23.1 140 112 19.9 5.5
"39" "39" 2010-01-16 28.5 "MEM" "" "SAS" "W" 6 1 34.8333333333333 0.567 0.533 11.2 33 21.8 5.5 4.5 0 12.9 29.2 111 83 19.7 8
"40" "40" 2010-01-18 28.51 "MEM" "" "PHO" "W" 7 1 42.9166666666667 0.52 0.455 8.2 19 14 0 0 1.7 10.4 27.4 103 115 16.2 -6.4
"41" "41" 2010-01-20 28.52 "MEM" "@" "NOH" "L" -2 1 40.1666666666667 0.633 0.611 18.4 19.4 18.9 7.5 1.3 0 9.2 23.9 131 123 22 2.3
"42" "42" 2010-01-22 28.52 "MEM" "" "OKC" "W" 2 1 38.6666666666667 0.503 0.45 11.3 8.5 9.9 27.9 1.4 0 3.9 31.2 112 100 18.7 7.8
"43" "43" 2010-01-25 28.53 "MEM" "" "ORL" "W" 5 1 40.3166666666667 0.496 0.452 28.2 27.1 27.6 13.1 0 0 4.1 25.9 125 102 20.7 5.8
"44" "44" 2010-01-27 28.53 "MEM" "@" "DET" "W" 6 1 42.35 0.524 0.5 13 21.3 17.8 15.8 1.3 3 11.6 29 110 104 18.4 2
"45" "45" 2010-01-29 28.54 "MEM" "@" "SAS" "L" -7 1 38.9666666666667 0.649 0.583 8.2 33.9 22.9 4.3 1.4 0 6.4 19.8 129 110 18 3.2
"46" "46" 2010-01-30 28.54 "MEM" "" "NOH" "L" -7 1 44.8166666666667 0.615 0.605 6.7 24.2 14.6 19.7 1.2 0 12.9 22.8 125 114 20.8 6.8
"47" "47" 2010-02-01 28.55 "MEM" "" "LAL" "W" 2 1 41.6666666666667 0.545 0.5 7.5 38.4 22.3 4.9 0 0 4.7 23 116 101 17 2.9
"48" "48" 2010-02-02 28.55 "MEM" "@" "CLE" "L" -16 1 30.15 0.261 0.214 3.5 12.9 7.7 0 6.5 0 24.6 27.9 46 101 -1.2 -13.6
"49" "49" 2010-02-05 28.56 "MEM" "" "HOU" "L" -18 1 34.85 0.438 0.438 6.6 19.2 13 5.7 0 4.3 5.9 21.3 93 112 9.5 -1.3
"50" "50" 2010-02-06 28.56 "MEM" "@" "MIN" "L" -7 1 43.8333333333333 0.38 0.389 6.8 32.6 20.6 17.6 1.2 1.6 0 19.7 99 119 14 -0.9
"51" "51" 2010-02-09 28.57 "MEM" "" "ATL" "L" -14 1 37.8833333333333 0.546 0.529 20.5 31.7 25.7 13.3 1.5 0 17.9 29.1 105 123 16.2 -1.9
"52" "52" 2010-02-16 28.59 "MEM" "" "PHO" "L" -14 1 39.4333333333333 0.469 0.412 6.6 35.6 19 0 1.2 0 9.4 22 95 110 12 -2.4
"53" "53" 2010-02-17 28.59 "MEM" "@" "TOR" "W" 7 1 46.9833333333333 0.46 0.435 14.1 13.8 13.9 19.6 1.2 1.6 7.1 29.7 103 106 17.2 -0.8
"54" "54" 2010-02-19 28.6 "MEM" "" "MIA" "L" -13 1 50.1666666666667 0.391 0.375 6.8 41.1 22.9 13.4 1.1 0 19.7 25.2 71 92 7.8 -4.3
"55" "55" 2010-02-21 28.6 "MEM" "@" "NJN" "W" 10 1 34.7666666666667 0.556 0.5 19.7 12.6 16.1 4.4 1.5 0 5.8 20.9 132 108 15.9 0.4
"56" "56" 2010-02-23 28.61 "MEM" "" "LAL" "L" -1 1 38.8 0.727 0.667 13 30.2 21.9 12.8 5.1 6.3 30.4 22.5 110 90 21.6 10.1
"57" "57" 2010-02-24 28.61 "MEM" "@" "WAS" "W" 5 1 37.5166666666667 0.624 0.567 8.3 17.9 12.9 16.1 1.5 1.8 10.2 23.9 128 106 19.5 7.1
"58" "58" 2010-02-26 28.62 "MEM" "" "CHA" "L" -4 1 40.5 0.68 0.667 9.4 21.8 15.6 5.4 2.7 0 18.5 26.5 114 104 18.8 2.3
"59" "59" 2010-02-27 28.62 "MEM" "@" "NYK" "W" 11 1 38.9333333333333 0.522 0.417 27.4 47.4 36.7 7.5 2.7 2.5 6.3 35.4 127 109 29.8 4.1
"60" "60" 2010-03-01 28.62 "MEM" "" "POR" "L" -10 1 40.95 0.666 0.538 0 19.5 10.4 0 1.3 1.8 5.7 18.8 138 110 17.7 5.5
"61" "61" 2010-03-03 28.63 "MEM" "@" "NOH" "W" 4 1 41.7 0.625 0.536 9.3 25.6 17.3 0 1.2 0 9.8 21.2 125 105 18.3 1.1
"62" "62" 2010-03-04 28.63 "MEM" "@" "CHI" "W" 9 1 39.7833333333333 0.72 0.667 13.8 40.2 28.2 4.7 1.3 0 8.5 27 145 101 28.7 9.8
"63" "63" 2010-03-06 28.64 "MEM" "" "SAS" "L" -10 1 36.05 0.497 0.375 6.7 17.5 11.9 0 0 0 11.7 21.1 108 120 7.9 -4.4
"64" "" 2010-03-08 28.64 "MEM" "" "NJN" "W" 6 NA NA NA NA NA NA NA NA NA NA NA NA NA NA NA NA
"65" "64" 2010-03-10 28.65 "MEM" "@" "BOS" "W" 20 1 33.2 0.385 0.375 9 25.7 18.8 0 3.1 0 5.6 25 87 93 7.4 -6
"66" "65" 2010-03-12 28.65 "MEM" "" "NYK" "W" 7 1 35.7 0.483 0.35 6.6 25.7 16.8 0 0 2.1 3.9 30.6 111 114 15 -4.4
"67" "66" 2010-03-13 28.66 "MEM" "" "DEN" "L" -17 1 36.2 0.56 0.5 7.4 41.4 23.4 0 0 0 9.2 28.4 110 138 13.7 -5.7
"68" "67" 2010-03-16 28.67 "MEM" "" "CHI" "W" 7 1 34.6666666666667 0.51 0.467 13.5 29.1 21 10.5 1.4 0 14.5 25.5 102 99 12.5 -4
"69" "68" 2010-03-17 28.67 "MEM" "@" "HOU" "L" -13 1 38.2333333333333 0.58 0.571 12.3 39.2 22.7 10.5 0 2.3 13.4 32.2 112 114 21.9 5.8
"70" "69" 2010-03-20 28.68 "MEM" "" "GSW" "W" 16 1 31.0333333333333 0.577 0.531 13.4 30.9 22.1 16.9 1.5 0 5.5 23.2 135 102 19.9 7
"71" "70" 2010-03-22 28.68 "MEM" "@" "SAC" "W" 17 1 37.6833333333333 0.572 0.529 11.8 21.2 16.8 14.4 1.4 0 0 25.5 135 92 22.6 7.9
"72" "71" 2010-03-24 28.69 "MEM" "@" "GSW" "L" -18 1 30.6333333333333 0.498 0.385 9.8 8.2 9.1 0 1.5 0 19.9 25.5 93 127 7.4 -9.7
"73" "72" 2010-03-28 28.7 "MEM" "@" "MIL" "L" -5 1 44.65 0.605 0.587 16.2 23.2 19.8 4.5 1.2 0 13.5 28.9 113 106 21.9 4.1
"74" "73" 2010-03-31 28.71 "MEM" "" "DAL" "L" -4 1 39.9833333333333 0.472 0.405 14.1 18.9 16.6 14.5 0 2.2 3.8 28.8 111 104 16.3 4.5
"75" "74" 2010-04-02 28.71 "MEM" "" "NOH" "W" 11 1 22.3666666666667 0.318 0.333 4.6 21.5 13.3 0 0 0 0 17.4 82 102 1.5 -10.5
"76" "75" 2010-04-04 28.72 "MEM" "@" "ORL" "L" -15 1 42.9333333333333 0.583 0.5 13 31.6 22.6 5 4.8 0 4.6 22.6 128 104 24.1 8.1
"77" "76" 2010-04-06 28.72 "MEM" "" "HOU" "L" -10 1 37.4166666666667 0.511 0.444 5.5 14.6 9.9 3.7 2.7 2.1 8.5 26.2 107 114 14.1 -1.3
"78" "77" 2010-04-07 28.73 "MEM" "@" "DAL" "L" -26 1 36.2333333333333 0.485 0.429 13.6 38.5 24.6 15.9 0 0 10.2 25.7 104 123 11.6 -0.5
"79" "78" 2010-04-09 28.73 "MEM" "@" "SAS" "W" 8 1 44 0.566 0.474 11.4 28 18.8 0 2.4 0 7.5 26.7 121 106 22.4 1.6
"80" "79" 2010-04-10 28.73 "MEM" "" "PHI" "L" -19 1 38.6 0.654 0.591 7.1 26.9 17.3 9.4 4 0 21.6 22.4 110 121 15.9 0.4
"81" "80" 2010-04-12 28.74 "MEM" "@" "DEN" "L" -22 1 26.65 0.407 0.308 14.1 12.3 13.3 0 0 0 0 22 103 129 6.2 -8.1
"82" "81" 2010-04-14 28.75 "MEM" "@" "OKC" "L" -9 1 41.1333333333333 0.55 0.5 8.1 24.6 15.8 0 1.3 0 5 21.6 116 122 16.3 -0.9
"1" "1" 2010-10-27 29.28 "MEM" "" "ATL" "L" -15 1 15.4333333333333 0.291 0.167 7.1 8 7.5 0 0 0 0 19.3 75 126 0.8 -12.9
"2" "" 2010-10-29 29.29 "MEM" "@" "DAL" "W" 1 NA NA NA NA NA NA NA NA NA NA NA NA NA NA NA NA
"3" "" 2010-10-30 29.29 "MEM" "" "MIN" "W" 20 NA NA NA NA NA NA NA NA NA NA NA NA NA NA NA NA
"4" "" 2010-11-02 29.3 "MEM" "@" "LAL" "L" -19 NA NA NA NA NA NA NA NA NA NA NA NA NA NA NA NA
"5" "" 2010-11-03 29.3 "MEM" "@" "GSW" "L" -6 NA NA NA NA NA NA NA NA NA NA NA NA NA NA NA NA
"6" "2" 2010-11-05 29.31 "MEM" "@" "PHO" "L" -5 1 41.1333333333333 0.426 0.273 8.5 29.3 19.2 10.4 2.4 0 22.1 18.6 87 99 9 -3.8
"7" "3" 2010-11-06 29.31 "MEM" "@" "SAC" "W" 9 1 29.4333333333333 0.581 0.533 16.7 25.4 21.4 12.1 0 0 18.9 32 109 98 13.8 1.9
"8" "4" 2010-11-08 29.32 "MEM" "" "PHO" "W" 10 1 41.0166666666667 0.617 0.563 21.3 33.4 27.2 7.9 3.7 0 5.1 20.8 142 96 26.4 8.3
"9" "5" 2010-11-10 29.32 "MEM" "" "DAL" "L" -15 1 34.6333333333333 0.632 0.625 11.1 17.8 14 23 1.6 0 0 24.2 140 118 22.7 13.2
"10" "6" 2010-11-13 29.33 "MEM" "" "BOS" "L" -6 1 40.4333333333333 0.706 0.714 10.3 32.8 20.6 4.2 0 0 11.8 20 129 122 16.8 2.1
"11" "7" 2010-11-15 29.33 "MEM" "@" "ORL" "L" -17 1 37.4 0.268 0.267 9.7 19.4 13.4 10.8 1.5 2.7 10.7 22.5 64 102 3.5 -4.9
"12" "8" 2010-11-16 29.34 "MEM" "" "POR" "L" -1 1 40.3333333333333 0.612 0.583 16.1 26.8 21.6 0 0 0 16.2 21 113 110 15 -1.3
"13" "9" 2010-11-19 29.35 "MEM" "@" "WAS" "L" -3 1 40.4 0.563 0.563 18.3 16.6 17.4 9.4 0 0 15.1 21.7 110 106 14.6 1.5
"14" "10" 2010-11-20 29.35 "MEM" "" "MIA" "W" 2 0 27.2166666666667 0.615 0.571 26.5 31.7 29 7.4 0 3.1 10.5 32.4 127 109 18.5 9.2
"15" "11" 2010-11-24 29.36 "MEM" "" "DET" "W" 21 1 27.6333333333333 0.591 0.563 21.7 35.5 29 5.9 2 0 0 31 135 90 20.5 10.5
"16" "12" 2010-11-26 29.36 "MEM" "" "GSW" "W" 5 1 37.75 0.595 0.6 0 22.3 11.6 14.8 1.3 2 20.3 17.9 101 115 11 -2.9
"17" "13" 2010-11-27 29.37 "MEM" "@" "CLE" "L" -6 1 31.7333333333333 0.406 0.406 10.8 26.3 18.9 5.6 1.6 2.5 20 28.9 71 94 6.7 -5.6
"18" "14" 2010-11-30 29.38 "MEM" "" "LAL" "W" 2 1 39.1833333333333 0.44 0.346 7.2 19.9 13.8 14.4 0 0 6.3 20.8 103 114 9.7 -2.6
"19" "15" 2010-12-01 29.38 "MEM" "@" "ATL" "L" -3 1 43.3 0.487 0.375 24.2 37 31 5.9 0 3.3 0 20.1 132 120 19.5 0.1
"20" "16" 2010-12-03 29.38 "MEM" "" "HOU" "L" -16 1 36.2166666666667 0.509 0.5 3.8 37.1 17.7 0 0 2.6 0 17.4 112 141 10.3 -5.1
"21" "17" 2010-12-05 29.39 "MEM" "@" "DEN" "L" -1 1 38.0333333333333 0.403 0.381 17.5 20.5 19.2 3.6 0 0 21.2 32.4 76 113 4.8 -14
"22" "18" 2010-12-06 29.39 "MEM" "@" "UTA" "L" -9 1 40.25 0.464 0.471 14.5 26.8 20.6 0 1.4 4 5.2 22.3 103 102 14.7 2.1
"23" "19" 2010-12-08 29.4 "MEM" "@" "PHO" "W" 6 1 43.3166666666667 0.819 0.816 14.6 28.2 22.1 0 0 0 8.8 25.4 151 99 29.8 11.4
"24" "20" 2010-12-11 29.41 "MEM" "@" "LAC" "W" 1 1 40.0333333333333 0.45 0.45 12.6 30 21.1 10.8 1.3 0 4.8 24.2 98 93 12.9 0
"25" "21" 2010-12-13 29.41 "MEM" "" "POR" "W" 13 1 40.7 0.486 0.4 20.5 29.5 25.1 10.9 4.1 0 0 28.5 125 74 25.8 12.9
"26" "22" 2010-12-15 29.42 "MEM" "" "CHA" "W" 33 1 32.4833333333333 0.548 0.5 12.3 23.3 18 4.7 1.6 0 5.5 25.6 112 88 15.2 -0.1
"27" "23" 2010-12-17 29.42 "MEM" "@" "HOU" "L" -16 1 29.7833333333333 0.404 0.308 13.2 23.7 17.5 0 0 2.7 15.7 27.3 81 111 6.3 -7.3
"28" "24" 2010-12-18 29.42 "MEM" "@" "SAS" "L" -6 1 45.6 0.493 0.478 24.2 31.2 27.4 4 1.2 0 7.6 26.1 113 114 21.5 0.7
"29" "25" 2010-12-21 29.43 "MEM" "" "NJN" "L" -7 1 32.3166666666667 0.362 0.308 13.8 39.3 23.6 25.6 0 0 6.2 22.1 95 112 11 -0.6
"30" "26" 2010-12-26 29.45 "MEM" "@" "IND" "W" 14 1 34.9833333333333 0.472 0.438 2.7 37.4 20.9 4.7 0 0 9.5 26 88 85 11.1 -2.5
"31" "27" 2010-12-27 29.45 "MEM" "" "TOR" "W" 11 1 37 0.691 0.615 4.2 25.2 15.5 15.8 1.4 0 20.8 24.3 115 92 15.8 3
"32" "28" 2010-12-29 29.45 "MEM" "@" "SAC" "L" -2 1 36.9166666666667 0.59 0.556 26 28.9 27.3 21.1 2.7 0 0 33.7 137 99 33.3 18.4
"33" "29" 2011-01-01 29.46 "MEM" "@" "UTA" "L" -6 1 39.35 0.603 0.556 15.2 35.3 25 5.9 0 0 8.2 27.6 125 110 22.3 6.1
"34" "30" 2011-01-02 29.47 "MEM" "@" "LAL" "W" 19 1 34.2333333333333 0.56 0.529 6.5 22.1 13.8 4.9 1.5 0 5.1 25.7 113 96 15 0.7
"35" "31" 2011-01-04 29.47 "MEM" "" "OKC" "W" 5 1 40.6333333333333 0.635 0.55 17.7 35.8 25.9 0 2.4 0 3.9 27 138 108 28.4 7.7
"36" "32" 2011-01-07 29.48 "MEM" "" "UTA" "W" 11 1 35.6666666666667 0.617 0.556 10.6 33.6 21.1 9.4 1.4 0 4.5 26.9 135 106 21.7 4
"37" "33" 2011-01-08 29.48 "MEM" "@" "OKC" "L" -9 1 42 0.571 0.571 20.6 21.6 21 4.3 1.2 3.8 11.3 25.8 115 113 23.2 5.1
"38" "34" 2011-01-10 29.49 "MEM" "@" "CHA" "L" -14 1 33.8833333333333 0.409 0.412 17.7 33.6 24.7 5.9 0 0 9.8 25.5 92 109 9.1 -3.7
"39" "35" 2011-01-12 29.49 "MEM" "@" "DET" "W" 8 1 39.4 0.694 0.588 18.5 34 27.3 9.8 2.7 2 10.9 32.8 138 100 32.7 12
"40" "36" 2011-01-15 29.5 "MEM" "" "DAL" "W" 19 1 35.05 0.569 0.5 19 46.7 34.2 11.6 0 0 12.9 33.6 111 76 18.8 4.8
"41" "37" 2011-01-17 29.51 "MEM" "" "CHI" "L" -12 1 33.4166666666667 0.415 0.35 28.7 16.9 23.6 0 0 0 3.8 36.2 103 117 13.9 1.7
"42" "38" 2011-01-19 29.51 "MEM" "@" "NOH" "L" -1 1 41.8166666666667 0.416 0.4 9.3 20.2 14.9 8 1.4 0 4.7 24.8 94 109 10.6 -2.7
"43" "39" 2011-01-21 29.52 "MEM" "" "HOU" "W" 5 1 43.5 0.57 0.56 20.3 30.1 25.6 0 1.2 1.8 10.5 28 119 112 23.9 1.8
"44" "40" 2011-01-22 29.52 "MEM" "@" "MIL" "W" 13 1 33.4166666666667 0.68 0.7 13.9 21.3 18.6 10.7 1.7 0 25.4 22.4 109 90 13.1 4
"45" "41" 2011-01-24 29.53 "MEM" "@" "TOR" "W" 2 1 35.0833333333333 0.348 0.333 14 24.6 18.7 0 0 0 3.9 31.4 89 110 6.8 -10.6
"46" "42" 2011-01-26 29.53 "MEM" "@" "NJN" "L" -5 1 38.4166666666667 0.421 0.364 19.2 30.5 25 5 0 0 4 31.2 102 110 13.5 -4.6
"47" "43" 2011-01-28 29.54 "MEM" "@" "PHI" "W" 5 1 30.6166666666667 0.694 0.545 21.2 29.7 25.4 11.4 1.8 0 11.2 26 145 107 21.1 8.4
"48" "44" 2011-01-29 29.54 "MEM" "" "WAS" "W" 14 1 37.0666666666667 0.527 0.476 28.4 37.5 32.8 12.9 0 0 4.2 29 127 103 23.6 5.4
"49" "45" 2011-01-31 29.55 "MEM" "" "ORL" "W" 3 1 32.8833333333333 0.392 0.364 17.7 19.2 18.5 0 0 0 13.6 21.7 85 112 4.2 -10.8
"50" "46" 2011-02-02 29.55 "MEM" "@" "MIN" "W" 18 1 34.1 0.575 0.575 11.1 29.9 21.5 10.2 1.5 2.1 9.1 28.2 111 86 18.4 3.9
"51" "47" 2011-02-04 29.56 "MEM" "" "CLE" "W" 7 1 44.1333333333333 0.684 0.632 15.5 24.2 19.9 7.8 0 0 22.1 27.3 117 117 20.6 -2
"52" "48" 2011-02-05 29.56 "MEM" "@" "HOU" "L" -2 1 45.2166666666667 0.644 0.571 16.1 25.5 20.5 4.4 0 5.2 14.9 21.2 123 100 21.9 7.1
"53" "49" 2011-02-07 29.56 "MEM" "" "LAL" "L" -9 1 40.1166666666667 0.254 0.143 8.3 23.9 16.3 15.6 1.4 0 20.2 22.4 63 104 2 -8.4
"54" "50" 2011-02-08 29.57 "MEM" "@" "OKC" "W" 4 1 46.7666666666667 0.675 0.605 9.9 23.6 16.9 18.5 0 0 8 26.4 133 102 27.5 9.5
"55" "" 2011-02-11 29.58 "MEM" "" "MIL" "W" 3 NA NA NA NA NA NA NA NA NA NA NA NA NA NA NA NA
"56" "51" 2011-02-13 29.58 "MEM" "" "DEN" "W" 8 1 34.2333333333333 0.489 0.462 21.9 40.6 32 3.9 1.5 0 12.3 21.8 109 113 12.2 -3.2
"57" "52" 2011-02-15 29.59 "MEM" "" "PHI" "W" 11 1 42.9333333333333 0.512 0.412 10.6 17.2 13.8 22.9 2.5 1.8 0 22.2 130 103 22.9 8.6
"58" "53" 2011-02-22 29.61 "MEM" "@" "DEN" "L" -13 1 28.1333333333333 0.551 0.6 22.4 15.1 19 0 3.5 0 31.5 24.1 84 120 6.4 -7.9
"59" "54" 2011-02-23 29.61 "MEM" "@" "MIN" "W" 9 1 37.3 0.629 0.625 5.8 19.4 13.3 25.6 0 0 0 22.5 137 101 21.7 8.3
"60" "55" 2011-02-26 29.62 "MEM" "" "SAC" "W" 28 1 29.7833333333333 0.686 0.667 19.7 25.6 22.8 4.5 0 0 0 24.1 154 97 21.2 6.7
"61" "56" 2011-02-27 29.62 "MEM" "@" "SAS" "L" -7 1 43.4166666666667 0.395 0.288 21.3 25.8 22.9 21.9 0 2.5 0 31 112 114 21.1 5.7
"62" "57" 2011-03-01 29.62 "MEM" "" "SAS" "W" 16 1 36.4 0.517 0.474 12.9 19.8 16.3 18.8 5.8 0 12.9 28.5 113 94 20 7.3
"63" "58" 2011-03-04 29.63 "MEM" "" "NOH" "L" -7 1 35.8 0.515 0.4 10.3 31.5 20.2 15.5 3.1 0 9.3 28.1 111 108 16.5 2.4
"64" "59" 2011-03-06 29.64 "MEM" "@" "DAL" "W" 1 1 42.4833333333333 0.776 0.769 10.3 16.1 12.9 3.8 5 2.2 14.7 21.2 136 108 26.6 10.3
"65" "60" 2011-03-07 29.64 "MEM" "" "OKC" "W" 6 1 36.4666666666667 0.73 0.667 3.2 20.6 10.8 14.6 4.5 0 14.7 17.4 137 111 17.5 7.3
"66" "61" 2011-03-09 29.65 "MEM" "" "NYK" "L" -2 1 38.0333333333333 0.622 0.538 5 35.1 22.8 13.9 2.7 0 19.9 25.8 108 117 15.9 -2.1
"67" "62" 2011-03-12 29.65 "MEM" "@" "MIA" "L" -33 1 26.7 0.505 0.5 15.3 29 20.7 8.1 0 3.6 13.4 24.8 98 131 9.5 -0.8
"68" "63" 2011-03-14 29.66 "MEM" "" "LAC" "W" 23 1 36.9 0.727 0.694 23.7 16.6 19.5 4.4 0 0 4.6 27.1 151 97 26.3 7.4
"69" "64" 2011-03-17 29.67 "MEM" "@" "NYK" "L" -21 1 29.85 0.589 0.545 8.5 16.9 12.7 6.3 1.8 0 14.4 22.5 108 134 10.2 -4.1
"70" "65" 2011-03-19 29.67 "MEM" "" "IND" "W" 21 1 34.1333333333333 0.715 0.727 7 28.1 17.6 12.9 1.5 6 25.2 21.4 109 84 15.6 4.2
"71" "66" 2011-03-21 29.68 "MEM" "" "UTA" "W" 18 1 34.2833333333333 0.567 0.533 18.4 35 26 20.7 1.6 0 10.7 25.7 124 99 18.9 5.9
"72" "67" 2011-03-23 29.68 "MEM" "@" "BOS" "W" 3 1 32.5666666666667 0.484 0.462 16.7 12.3 14.7 10.5 0 0 13 21.6 103 103 9.3 -1.1
"73" "68" 2011-03-25 29.69 "MEM" "@" "CHI" "L" -3 1 34.3166666666667 0.568 0.545 0 16.7 9.1 20.3 1.6 2.2 22.1 26.3 93 113 10.7 -0.4
"74" "69" 2011-03-27 29.7 "MEM" "" "SAS" "W" 7 1 31.9333333333333 0.64 0.571 25.1 24.4 24.7 15 0 0 0 25.7 158 122 22.2 8.2
"75" "70" 2011-03-30 29.7 "MEM" "" "GSW" "W" 19 1 32.4333333333333 0.784 0.727 7.6 35.4 22.6 24.6 1.7 0 7.3 20.7 158 100 23.6 13.5
"76" "71" 2011-04-01 29.71 "MEM" "@" "NOH" "W" 12 1 39.5333333333333 0.647 0.605 16.2 20.2 18.4 35.9 1.5 0 12.2 31 134 103 24.6 13.3
"77" "72" 2011-04-02 29.71 "MEM" "" "MIN" "W" 17 1 30.9166666666667 0.698 0.643 14.1 18.3 15.9 9.7 0 0 20.2 27.2 122 102 16.8 1.9
"78" "73" 2011-04-05 29.72 "MEM" "" "LAC" "L" -1 1 36.0833333333333 0.418 0.4 0 21.7 10 10.2 0 0 10.7 23.1 84 95 5.4 -4
"79" "74" 2011-04-08 29.73 "MEM" "" "SAC" "W" 5 1 42.5 0.603 0.556 12.8 24 18.6 16.9 4.7 0 4.3 24.6 130 92 28.7 11.2
"80" "75" 2011-04-10 29.73 "MEM" "" "NOH" "W" 22 1 25 0.686 0.625 13.2 12.5 12.8 36.7 0 0 8.9 22.3 147 104 14.3 8.8
"81" "" 2011-04-12 29.74 "MEM" "@" "POR" "L" -13 NA NA NA NA NA NA NA NA NA NA NA NA NA NA NA NA
"82" "" 2011-04-13 29.74 "MEM" "@" "LAC" "L" -7 NA NA NA NA NA NA NA NA NA NA NA NA NA NA NA NA
"1" "1" 2011-12-26 30.45 "MEM" "@" "SAS" "L" -13 1 28.8833333333333 0.434 0.375 14.7 11.1 12.6 5.7 1.8 0 20.7 22.9 82 104 4.5 -4
"2" "2" 2011-12-28 30.45 "MEM" "" "OKC" "L" -3 1 39.9 0.475 0.375 10 22.9 16 0 0 2.3 3.8 27.8 115 111 15.7 2.3
"3" "3" 2011-12-30 30.46 "MEM" "" "HOU" "W" 20 1 33.2666666666667 0.751 0.786 4.2 28.2 17.3 14.9 4.3 0 16.4 23.9 124 89 21.2 10.3
"4" "4" 2012-01-01 30.46 "MEM" "@" "CHI" "L" -40 1 11.0666666666667 0.2 0.2 8.3 20.2 13.7 0 4.8 6.1 0 20.4 53 104 1.5 -2.8
"5" "" 2012-01-03 30.47 "MEM" "" "SAC" "W" 17 NA NA NA NA NA NA NA NA NA NA NA NA NA NA NA NA
"6" "" 2012-01-04 30.47 "MEM" "@" "MIN" "W" 4 NA NA NA NA NA NA NA NA NA NA NA NA NA NA NA NA
"7" "" 2012-01-06 30.48 "MEM" "@" "UTA" "L" -9 NA NA NA NA NA NA NA NA NA NA NA NA NA NA NA NA
"8" "" 2012-01-08 30.48 "MEM" "@" "LAL" "L" -8 NA NA NA NA NA NA NA NA NA NA NA NA NA NA NA NA
"9" "" 2012-01-10 30.49 "MEM" "" "OKC" "L" -5 NA NA NA NA NA NA NA NA NA NA NA NA NA NA NA NA
"10" "" 2012-01-12 30.49 "MEM" "" "NYK" "W" 11 NA NA NA NA NA NA NA NA NA NA NA NA NA NA NA NA
"11" "" 2012-01-14 30.5 "MEM" "" "NOH" "W" 9 NA NA NA NA NA NA NA NA NA NA NA NA NA NA NA NA
"12" "" 2012-01-16 30.5 "MEM" "" "CHI" "W" 16 NA NA NA NA NA NA NA NA NA NA NA NA NA NA NA NA
"13" "" 2012-01-18 30.51 "MEM" "@" "NOH" "W" 6 NA NA NA NA NA NA NA NA NA NA NA NA NA NA NA NA
"14" "" 2012-01-20 30.52 "MEM" "@" "DET" "W" 17 NA NA NA NA NA NA NA NA NA NA NA NA NA NA NA NA
"15" "" 2012-01-21 30.52 "MEM" "" "SAC" "W" 33 NA NA NA NA NA NA NA NA NA NA NA NA NA NA NA NA
"16" "" 2012-01-23 30.52 "MEM" "@" "GSW" "W" 1 NA NA NA NA NA NA NA NA NA NA NA NA NA NA NA NA
"17" "" 2012-01-24 30.53 "MEM" "@" "POR" "L" -13 NA NA NA NA NA NA NA NA NA NA NA NA NA NA NA NA
"18" "" 2012-01-26 30.53 "MEM" "@" "LAC" "L" -7 NA NA NA NA NA NA NA NA NA NA NA NA NA NA NA NA
"19" "" 2012-01-28 30.54 "MEM" "@" "PHO" "L" -2 NA NA NA NA NA NA NA NA NA NA NA NA NA NA NA NA
"20" "" 2012-01-30 30.54 "MEM" "" "SAS" "L" -10 NA NA NA NA NA NA NA NA NA NA NA NA NA NA NA NA
"21" "" 2012-01-31 30.55 "MEM" "" "DEN" "W" 3 NA NA NA NA NA NA NA NA NA NA NA NA NA NA NA NA
"22" "" 2012-02-02 30.55 "MEM" "@" "ATL" "W" 19 NA NA NA NA NA NA NA NA NA NA NA NA NA NA NA NA
"23" "" 2012-02-03 30.55 "MEM" "@" "OKC" "L" -7 NA NA NA NA NA NA NA NA NA NA NA NA NA NA NA NA
"24" "" 2012-02-05 30.56 "MEM" "@" "BOS" "L" -18 NA NA NA NA NA NA NA NA NA NA NA NA NA NA NA NA
"25" "" 2012-02-06 30.56 "MEM" "" "SAS" "L" -5 NA NA NA NA NA NA NA NA NA NA NA NA NA NA NA NA
"26" "" 2012-02-08 30.57 "MEM" "" "MIN" "W" 5 NA NA NA NA NA NA NA NA NA NA NA NA NA NA NA NA
"27" "" 2012-02-10 30.57 "MEM" "" "IND" "W" 6 NA NA NA NA NA NA NA NA NA NA NA NA NA NA NA NA
"28" "" 2012-02-12 30.58 "MEM" "" "UTA" "L" -10 NA NA NA NA NA NA NA NA NA NA NA NA NA NA NA NA
"29" "" 2012-02-14 30.58 "MEM" "" "HOU" "W" 10 NA NA NA NA NA NA NA NA NA NA NA NA NA NA NA NA
"30" "" 2012-02-15 30.59 "MEM" "@" "NJN" "W" 5 NA NA NA NA NA NA NA NA NA NA NA NA NA NA NA NA
"31" "" 2012-02-17 30.59 "MEM" "" "DEN" "W" 1 NA NA NA NA NA NA NA NA NA NA NA NA NA NA NA NA
"32" "" 2012-02-18 30.59 "MEM" "" "GSW" "W" 1 NA NA NA NA NA NA NA NA NA NA NA NA NA NA NA NA
"33" "" 2012-02-20 30.6 "MEM" "@" "HOU" "L" -4 NA NA NA NA NA NA NA NA NA NA NA NA NA NA NA NA
"34" "" 2012-02-21 30.6 "MEM" "" "PHI" "W" 13 NA NA NA NA NA NA NA NA NA NA NA NA NA NA NA NA
"35" "" 2012-02-29 30.62 "MEM" "" "DAL" "W" 11 NA NA NA NA NA NA NA NA NA NA NA NA NA NA NA NA
"36" "" 2012-03-02 30.63 "MEM" "@" "TOR" "W" 3 NA NA NA NA NA NA NA NA NA NA NA NA NA NA NA NA
"37" "" 2012-03-03 30.63 "MEM" "" "DET" "W" 17 NA NA NA NA NA NA NA NA NA NA NA NA NA NA NA NA
"38" "" 2012-03-07 30.64 "MEM" "@" "GSW" "W" 18 NA NA NA NA NA NA NA NA NA NA NA NA NA NA NA NA
"39" "" 2012-03-10 30.65 "MEM" "@" "PHO" "L" -7 NA NA NA NA NA NA NA NA NA NA NA NA NA NA NA NA
"40" "" 2012-03-11 30.65 "MEM" "@" "DEN" "W" 3 NA NA NA NA NA NA NA NA NA NA NA NA NA NA NA NA
"41" "" 2012-03-13 30.66 "MEM" "" "LAL" "L" -5 NA NA NA NA NA NA NA NA NA NA NA NA NA NA NA NA
"42" "5" 2012-03-16 30.67 "MEM" "" "TOR" "L" -4 0 24.5833333333333 0.62 0.643 28.7 16.6 23.1 12.3 4.1 0 0 35.5 137 105 23.4 16.7
"43" "6" 2012-03-18 30.67 "MEM" "" "WAS" "W" 5 0 24.2166666666667 0.558 0.444 15.5 23.6 19.2 0 2.1 3.3 14.7 23.5 113 94 10.7 1.1
"44" "7" 2012-03-20 30.68 "MEM" "@" "SAC" "L" -9 1 29 0.409 0.4 14.7 12.7 13.8 0 3.3 0 11.2 25.7 86 115 7 -7.7
"45" "8" 2012-03-22 30.68 "MEM" "@" "POR" "L" -4 1 26.65 0.551 0.5 4.2 25 13.7 0 2 0 8.4 20.6 108 108 8.8 -0.7
"46" "9" 2012-03-24 30.69 "MEM" "@" "LAC" "L" -16 1 37.75 0.415 0.375 9.3 19.9 13.9 10 3 0 0 21.4 106 117 11.4 -1.1
"47" "10" 2012-03-25 30.69 "MEM" "@" "LAL" "W" 6 0 27.6 0.556 0.556 17.4 34.8 26.1 14.8 2 0 0 15.1 143 104 12.4 4.8
"48" "11" 2012-03-27 30.7 "MEM" "" "MIN" "W" 7 0 22.5 0.581 0.5 10.2 13.6 12 7.7 0 0 30.4 19.6 92 104 4.2 -6.3
"49" "12" 2012-03-30 30.71 "MEM" "@" "HOU" "L" -9 0 25.4 0.381 0.429 6.5 13 8.7 0 2.2 0 0 13.2 97 116 4.1 -5.4
"50" "13" 2012-03-31 30.71 "MEM" "@" "MIL" "W" 4 0 23.4833333333333 0.689 0.667 21.3 8.3 14.8 16.5 0 0 24.1 21.7 118 103 10.4 4.4
"51" "14" 2012-04-02 30.72 "MEM" "@" "OKC" "W" 6 0 26.6 0.414 0.222 3.8 9.5 6.3 17.8 0 0 7.6 22.4 99 104 6.1 -0.4
"52" "15" 2012-04-03 30.72 "MEM" "" "GSW" "W" 4 0 15.2333333333333 0.615 0.5 14.7 16.2 15.4 20.5 0 0 0 14.8 153 110 6.6 2.7
"53" "16" 2012-04-04 30.72 "MEM" "@" "DAL" "L" -10 0 22.75 0.291 0.333 4.6 21.6 12.4 6.9 0 0 22.5 18.9 55 111 0.4 -12.1
"54" "17" 2012-04-06 30.73 "MEM" "@" "MIA" "W" 15 0 28.8833333333333 0.391 0.353 21.9 34 28.4 11.9 2 0 0 29.9 108 89 12.7 1.4
"55" "18" 2012-04-07 30.73 "MEM" "" "DAL" "W" 5 0 28.5166666666667 0.472 0.433 8 40.9 23.4 32.2 1.9 0 5.9 27.9 103 98 13.8 7.3
"56" "19" 2012-04-09 30.73 "MEM" "" "LAC" "W" 9 0 29.8166666666667 0.392 0.364 13.1 30.8 23 5.3 0 0 23.9 26.8 76 96 3.4 -10.4
"57" "20" 2012-04-11 30.74 "MEM" "" "PHO" "W" 11 0 26.4 0.599 0.583 15.6 28 22.1 12.4 2.2 0 12.3 28.2 124 108 13.7 3.5
"58" "21" 2012-04-12 30.74 "MEM" "@" "SAS" "L" -10 0 28.1166666666667 0.46 0.4 11.9 35 22.9 17.6 3.6 0 0 16.6 120 105 12.8 8.8
"59" "22" 2012-04-14 30.75 "MEM" "" "UTA" "W" 5 0 29.5 0.509 0.5 8.3 16.3 12.4 11.2 0 0 12.7 13.2 112 115 5.4 -4.2
"60" "23" 2012-04-15 30.75 "MEM" "@" "NOH" "L" -13 0 22.9 0.5 0.5 9.5 64 34.1 27.5 2.5 0 0 4.2 152 88 7.2 6.5
"61" "24" 2012-04-17 30.76 "MEM" "@" "MIN" "W" 7 0 31.7833333333333 0.533 0.533 12.9 25.8 18.9 5.4 0 3 11.8 24 105 98 11.8 -0.5
"62" "25" 2012-04-18 30.76 "MEM" "" "NOH" "W" 12 0 23.5333333333333 0.556 0.556 5.7 34 18.5 19.2 0 0 10 20.5 120 109 8.2 -1.2
"63" "26" 2012-04-20 30.76 "MEM" "@" "CHA" "W" 5 0 21.35 0.643 0.6 5.8 28.1 17.1 43.8 0 0 15.5 28 122 90 11.6 9.8
"64" "" 2012-04-21 30.77 "MEM" "" "POR" "W" 4 NA NA NA NA NA NA NA NA NA NA NA NA NA NA NA NA
"65" "27" 2012-04-23 30.77 "MEM" "" "CLE" "W" 8 0 19.2333333333333 0.255 0.2 12.5 19.7 16 7 0 0 33.8 20.2 56 119 -1.7 -21.5
"66" "28" 2012-04-26 30.78 "MEM" "" "ORL" "W" 12 1 26.0833333333333 0.505 0.5 31.5 25.1 28 24 0 0 18.9 30.5 103 93 11.3 1.9
"1" "1" 2012-10-31 31.29 "MEM" "@" "LAC" "L" -9 1 39.5166666666667 0.396 0.333 17.7 31.2 23.4 13.5 1.2 2.1 17.4 23.8 86 104 11.1 -2.8
"2" "2" 2012-11-02 31.3 "MEM" "@" "GSW" "W" 10 1 36.15 0.615 0.5 14.8 33.2 24.5 0 1.4 2.2 29.1 21.8 97 97 10.9 -3.3
"3" "3" 2012-11-05 31.31 "MEM" "" "UTA" "W" 9 1 38.05 0.421 0.421 25.2 23.7 24.4 4.5 1.3 0 0 21.2 113 99 15.8 -1.2
"4" "4" 2012-11-07 31.31 "MEM" "@" "MIL" "W" 18 1 36.2666666666667 0.634 0.583 14.7 22.1 19.1 3.8 1.4 0 17.4 21.6 116 96 15.8 1.2
"5" "5" 2012-11-09 31.32 "MEM" "" "HOU" "W" 8 1 41.3166666666667 0.48 0.385 11.4 34.9 20.1 4 1.3 7.1 11.3 18.1 106 93 15.1 1.5
"6" "6" 2012-11-11 31.32 "MEM" "" "MIA" "W" 18 1 32.4833333333333 0.533 0.5 18.9 22 20.6 5.6 0 0 10.6 26.1 110 95 12.7 -1.9
"7" "7" 2012-11-14 31.33 "MEM" "@" "OKC" "W" 10 1 36.3333333333333 0.635 0.571 9.4 28.6 18.4 0 3 2.2 11.3 21.9 122 101 17.4 5.9
"8" "8" 2012-11-16 31.34 "MEM" "" "NYK" "W" 10 1 35.0166666666667 0.71 0.636 30.5 29.1 29.8 0 0 0 6.6 19.9 154 114 20.2 6.7
"9" "9" 2012-11-17 31.34 "MEM" "@" "CHA" "W" 7 1 40.1833333333333 0.523 0.467 11.1 20.3 15.9 0 0 1.7 10.4 21 106 95 13.4 -1.5
"10" "10" 2012-11-19 31.35 "MEM" "" "DEN" "L" -5 1 39.3 0.4 0.4 9.6 29.1 19.8 12.8 0 0 11.8 20.3 91 107 8.7 -3.7
"11" "11" 2012-11-23 31.36 "MEM" "" "LAL" "W" 8 1 33.95 0.473 0.429 23.6 26.7 25.3 9.6 3.3 0 10 27.3 112 107 14.2 -1.6
"12" "12" 2012-11-26 31.36 "MEM" "" "CLE" "W" 6 1 36.15 0.696 0.727 10.8 17.9 14.4 5.9 1.6 2.2 26.8 26.6 103 96 13.5 1.1
"13" "13" 2012-11-28 31.37 "MEM" "" "TOR" "W" 21 1 30.9666666666667 0.723 0.7 16.3 34 25.5 34.3 1.7 0 14.5 20.4 141 89 19.1 10.8
"14" "14" 2012-11-30 31.38 "MEM" "" "DET" "W" 12 1 29.8666666666667 0.41 0.375 7 12.4 9.5 11 0 0 9.3 16.3 91 94 4.3 -4.6
"15" "15" 2012-12-01 31.38 "MEM" "@" "SAS" "L" -4 1 39.1166666666667 0.353 0.238 17.9 23.1 20.3 9.3 0 0 11.1 28.7 85 100 8.8 -4
"16" "16" 2012-12-04 31.39 "MEM" "" "PHO" "W" 10 1 44.2666666666667 0.745 0.682 22.1 40.8 32.1 0 1.2 5.3 10.5 29 148 95 37.3 15.3
"17" "17" 2012-12-07 31.39 "MEM" "@" "NOH" "W" 7 1 32.9166666666667 0.508 0.538 16.7 10.9 13.6 0 1.7 2.5 11.9 25 99 105 10.1 -6.2
"18" "18" 2012-12-08 31.4 "MEM" "" "ATL" "L" -10 1 39.2333333333333 0.654 0.667 11.9 25.6 18.9 0 0 2 6.8 17.9 130 106 16.4 4.1
"19" "19" 2012-12-12 31.41 "MEM" "@" "PHO" "L" -2 1 34.0666666666667 0.643 0.643 16.1 17.3 16.8 0 0 0 12.5 24.2 116 103 13.2 0.4
"20" "20" 2012-12-14 31.41 "MEM" "@" "DEN" "L" -5 1 32.3833333333333 0.417 0.417 10.1 10.6 10.3 4.7 0 5 7.7 16.8 96 113 6.2 -4.5
"21" "21" 2012-12-15 31.42 "MEM" "@" "UTA" "W" 13 1 37.5333333333333 0.687 0.625 13.9 38 24.7 5.1 4.3 2.2 18 26.4 124 87 23.4 10.4
"22" "22" 2012-12-17 31.42 "MEM" "" "CHI" "W" 9 1 32.4 0.336 0.286 22.1 27.6 24.7 6.2 1.7 0 11.8 23.5 86 80 8.4 -0.5
"23" "23" 2012-12-19 31.43 "MEM" "" "MIL" "W" 10 1 31.35 0.422 0.375 12.2 39.8 26 11.4 1.6 0 5.3 25.6 100 79 13.5 2.6
"24" "24" 2012-12-21 31.43 "MEM" "" "DAL" "W" 10 1 35.3166666666667 0.551 0.533 17 23.2 19.9 5.4 1.5 0 16.3 22.2 105 91 14.7 1.7
"25" "25" 2012-12-22 31.44 "MEM" "@" "HOU" "L" -25 1 26.3 0.625 0.625 9.9 38.4 24.3 16.7 0 3.4 11.1 15.8 124 123 11.2 3.5
"26" "26" 2012-12-26 31.45 "MEM" "" "PHI" "L" -10 1 32.55 0.609 0.583 16.4 19.7 17.7 0 6.7 0 9.6 27.9 118 103 19.5 8.5
"27" "27" 2012-12-29 31.45 "MEM" "" "DEN" "W" 9 1 29.1166666666667 0.462 0.462 10.3 15.7 12.8 12.6 0 0 13.3 24.7 96 95 7.6 -0.5
"28" "28" 2012-12-31 31.46 "MEM" "@" "IND" "L" -5 1 41.2 0.488 0.389 12.9 31.5 21.3 15.3 1.4 0 12.2 26.3 108 101 17 4.5
"29" "29" 2013-01-02 31.47 "MEM" "@" "BOS" "W" 10 1 30.1166666666667 0.338 0.375 10 28.1 19.3 10.9 0 3.3 10.1 16.8 83 101 4.7 -4.5
"30" "" 2013-01-04 31.47 "MEM" "" "POR" "L" -2 NA NA NA NA NA NA NA NA NA NA NA NA NA NA NA NA
"31" "30" 2013-01-06 31.48 "MEM" "@" "PHO" "W" 11 1 35.95 0.795 0.818 0 23.2 14.4 0 1.5 0 13.2 21.4 130 94 16.3 4.3
"32" "31" 2013-01-07 31.48 "MEM" "@" "SAC" "W" 32 1 34.4833333333333 0.618 0.542 3.8 19 12 18.2 3.2 0 6.8 20.6 133 91 16.1 5.5
"33" "32" 2013-01-09 31.48 "MEM" "@" "GSW" "W" 7 1 37.3 0.663 0.615 11.4 28.6 19.1 0 2.9 0 6.5 18.8 132 96 18.1 4.7
"34" "33" 2013-01-11 31.49 "MEM" "" "SAS" "W" 3 1 42.7833333333333 0.567 0.533 16.7 18.8 17.7 8.2 1.3 0 11.2 20.5 117 107 14.5 2.2
"35" "34" 2013-01-12 31.49 "MEM" "@" "DAL" "L" -21 1 19.8166666666667 0.429 0.429 9.5 12.7 10.9 19.6 0 0 12.5 18.9 93 127 4.7 -3.3
"36" "35" 2013-01-14 31.5 "MEM" "" "LAC" "L" -26 1 35.7 0.376 0.313 23.6 7.7 17.5 6.6 0 0 4.8 25.5 99 125 10.3 -2.8
"37" "36" 2013-01-16 31.5 "MEM" "@" "SAS" "L" -21 1 33.0166666666667 0.446 0.364 0 24.2 11.2 12.5 0 0 7.5 20.5 91 120 5.6 -2.6
"38" "" 2013-01-18 31.51 "MEM" "" "SAC" "W" 16 NA NA NA NA NA NA NA NA NA NA NA NA NA NA NA NA
"39" "37" 2013-01-19 31.51 "MEM" "@" "CHI" "W" 3 1 41.9 0.299 0.3 21.9 27.5 24.5 0 1.4 0 4.4 26.6 80 88 8.7 -4.8
"40" "38" 2013-01-21 31.52 "MEM" "" "IND" "L" -1 1 37.15 0.424 0.357 6.6 21.5 13.1 4.5 1.6 0 6.1 20.9 100 101 8.8 -0.3
"41" "39" 2013-01-23 31.52 "MEM" "" "LAL" "W" 13 1 28.5166666666667 0.462 0.462 7.8 31.3 19.6 9.1 1.8 0 27.8 27 79 99 5.3 -7.2
"42" "40" 2013-01-25 31.53 "MEM" "" "BRK" "W" 24 1 39.45 0.462 0.462 2.8 25 13.4 6.1 1.4 2.3 18.8 18.4 86 86 7.3 -1.9
"43" "41" 2013-01-27 31.53 "MEM" "" "NOH" "L" -8 1 33.8666666666667 0.592 0.563 19.5 21.8 20.5 7.4 1.7 0 10.6 24.1 123 107 18 5.2
"44" "42" 2013-01-28 31.54 "MEM" "@" "PHI" "W" 3 1 32.4666666666667 0.286 0.286 14.8 38 27.3 8 1.7 0 22.2 13.5 79 112 4.3 -8.1
"45" "43" 2013-01-31 31.55 "MEM" "@" "OKC" "L" -17 1 36.6666666666667 0.252 0.235 19.6 42.2 27.3 9.1 4.2 2.3 10.1 21.8 73 106 9.9 -2.4
"46" "44" 2013-02-01 31.55 "MEM" "" "WAS" "W" 9 1 36.1333333333333 0.322 0.3 11.1 25.9 19 12.8 0 2.1 21.6 17.8 72 88 4.7 -4.4
"47" "45" 2013-02-05 31.56 "MEM" "" "PHO" "L" -6 1 39.0666666666667 0.591 0.563 20 23.8 21.6 9.9 0 0 10.1 23 125 109 18.3 4.9
"48" "46" 2013-02-06 31.56 "MEM" "@" "ATL" "L" -11 1 35.8 0.542 0.556 5.5 19.2 11.2 10.9 0 2.7 0 25 110 117 16 2.8
"49" "47" 2013-02-08 31.57 "MEM" "" "GSW" "W" 6 1 36.4833333333333 0.484 0.308 7.3 32.1 20.5 4.3 1.5 2.3 10.8 24.1 102 99 12.1 -2.2
"50" "48" 2013-02-10 31.57 "MEM" "" "MIN" "W" 17 1 31.45 0.504 0.467 17 18.5 17.7 10.1 3.5 0 5.9 25.3 118 100 13.9 0
"51" "49" 2013-02-12 31.58 "MEM" "" "SAC" "W" 7 1 35.6166666666667 0.528 0.545 4.3 24.5 16.2 0 0 0 7.5 17.2 102 106 7.8 -4.2
"52" "50" 2013-02-19 31.6 "MEM" "@" "DET" "W" 14 1 26.5333333333333 0.588 0.545 25.8 23.8 24.8 15.9 0 0 7.3 23.8 133 106 15 3
"53" "51" 2013-02-20 31.6 "MEM" "@" "TOR" "W" 6 1 33.2333333333333 0.367 0.235 19.8 39.7 28.6 18.7 0 0 4.1 33.2 101 95 12.8 -1.2
"54" "52" 2013-02-22 31.61 "MEM" "" "ORL" "W" 6 1 37.35 0.498 0.462 11.4 26.2 19.1 19.6 0 1.9 15.7 23.9 100 93 14 1.4
"55" "53" 2013-02-24 31.61 "MEM" "@" "BRK" "W" 4 1 41.1 0.462 0.438 10.3 28.5 20.7 0 0 2.1 18.8 28.5 81 88 8.5 -5.6
"56" "54" 2013-02-27 31.62 "MEM" "" "DAL" "W" 6 1 38.4333333333333 0.539 0.438 6.2 24.4 15.4 24.7 3.9 0 12.8 27.1 107 84 18.6 8.6
"57" "55" 2013-03-01 31.62 "MEM" "@" "MIA" "L" -7 1 37.0166666666667 0.394 0.375 13 19.6 16 5.1 1.5 0 14.5 26.7 80 114 5.8 -7.3
"58" "" 2013-03-03 31.63 "MEM" "@" "ORL" "W" 26 NA NA NA NA NA NA NA NA NA NA NA NA NA NA NA NA
"59" "" 2013-03-06 31.64 "MEM" "" "POR" "W" 6 NA NA NA NA NA NA NA NA NA NA NA NA NA NA NA NA
"60" "" 2013-03-08 31.64 "MEM" "@" "CLE" "W" 11 NA NA NA NA NA NA NA NA NA NA NA NA NA NA NA NA
"61" "" 2013-03-09 31.65 "MEM" "" "NOH" "W" 11 NA NA NA NA NA NA NA NA NA NA NA NA NA NA NA NA
"62" "56" 2013-03-12 31.65 "MEM" "@" "POR" "W" 5 1 28 0.663 0.615 16.7 24.5 20.7 6.8 1.9 0 6.5 26.1 131 105 17.2 4.4
"63" "57" 2013-03-13 31.66 "MEM" "@" "LAC" "W" 11 1 39.6333333333333 0.509 0.455 15.6 14.2 14.9 3.9 1.6 0 7.3 18.7 119 114 10 -2.1
"64" "58" 2013-03-15 31.66 "MEM" "@" "DEN" "L" -7 1 38.9833333333333 0.514 0.429 25.1 24.6 24.9 5.4 1.5 0 10.2 22.4 118 100 17.3 4.2
"65" "59" 2013-03-16 31.67 "MEM" "@" "UTA" "L" -6 1 39.2166666666667 0.675 0.636 5.8 22.5 13.8 5 3 0 12.4 20.1 125 106 15.5 5.4
"66" "60" 2013-03-18 31.67 "MEM" "" "MIN" "W" 15 1 34.8 0.636 0.636 6.6 21.2 14.7 0 3.1 2.2 8.3 16.6 121 82 13.4 4.5
"67" "61" 2013-03-20 31.68 "MEM" "" "OKC" "W" 1 1 42.2 0.303 0.261 17.2 28.2 22.6 0 0 0 22 33.6 63 91 0.9 -11.2
"68" "62" 2013-03-22 31.68 "MEM" "@" "NOH" "L" -7 1 27.8166666666667 0.485 0.5 27.5 9.1 18.9 0 0 0 6.5 28 108 118 9.9 -3.6
"69" "63" 2013-03-23 31.68 "MEM" "" "BOS" "W" 4 0 31.2166666666667 0.48 0.385 16.7 26.4 20.9 8.7 0 0 0 21.4 126 119 13 -2.3
"70" "64" 2013-03-25 31.69 "MEM" "@" "WAS" "L" -13 1 28.1833333333333 0.563 0.5 0 27.1 14 0 1.8 0 31.1 21.4 75 113 3.9 -8.4
"71" "65" 2013-03-27 31.7 "MEM" "@" "NYK" "L" -7 1 25.2666666666667 0.387 0.333 0 24.5 11.7 18.3 0 0 56.3 16.6 49 128 -2 -10.8
"72" "66" 2013-03-29 31.7 "MEM" "" "HOU" "W" 9 1 33.7166666666667 0.64 0.5 25.9 19.4 22.2 13.6 0 0 10.9 25.6 140 112 19.1 4.6
"73" "67" 2013-03-30 31.7 "MEM" "@" "MIN" "W" 13 1 28.7833333333333 0.549 0.455 0 30.7 16.7 5.8 1.9 0 0 22.7 114 96 10.9 0.4
"74" "68" 2013-04-01 31.71 "MEM" "" "SAS" "W" 2 1 28.45 0.431 0.364 11.8 31.9 21.1 0 3.8 0 0 21.6 104 97 10.7 1.2
"75" "69" 2013-04-03 31.72 "MEM" "@" "POR" "W" 18 1 27.7833333333333 0.679 0.556 6 31.8 20.6 13.6 2 0 7.4 25.6 136 87 15.3 6.2
"76" "70" 2013-04-05 31.72 "MEM" "@" "LAL" "L" -2 1 32.0166666666667 0.43 0.412 7 20.8 13.3 0 0 2.8 0 27.2 91 101 8.7 -4.4
"77" "71" 2013-04-07 31.73 "MEM" "@" "SAC" "W" 2 1 35.8166666666667 0.324 0.308 6.9 14.3 10.9 0 0 0 6.7 20 71 102 1.4 -11.8
"78" "72" 2013-04-09 31.73 "MEM" "" "CHA" "W" 19 1 26.3166666666667 0.359 0.357 24.3 27.2 25.8 12.2 2.2 2.8 16.4 34.5 84 83 8.4 -4.2
"79" "73" 2013-04-12 31.74 "MEM" "@" "HOU" "W" 4 1 28.9166666666667 0.528 0.417 13.8 14.1 14 8 1.9 4 0 23.3 124 91 14.2 7.4
"80" "74" 2013-04-13 31.74 "MEM" "" "LAC" "L" -4 1 38.65 0.437 0.412 13.8 20.2 16.9 4.9 1.5 3.9 14.1 26 89 105 11.4 -1.1
"81" "75" 2013-04-15 31.75 "MEM" "@" "DAL" "W" 6 1 19.9166666666667 0.514 0.429 5.5 34.4 19.6 15.7 0 0 18.6 24.2 101 108 6.4 -2.1
"82" "76" 2013-04-17 31.75 "MEM" "" "UTA" "W" 16 1 30.6333333333333 0.542 0.5 19.2 37 28.6 17.1 0 0 4.2 36.4 123 74 21.9 13.8
"1" "1" 2013-10-30 32.29 "MEM" "@" "SAS" "L" -7 1 25.7333333333333 0.167 0.167 7.9 25.2 15.5 5 0 3.3 14.3 11.5 53 105 1.1 -8.3
"2" "2" 2013-11-01 32.3 "MEM" "" "DET" "W" 3 1 36.15 0.621 0.583 4.6 28.1 18.6 9.9 2.9 0 23.7 22.5 97 102 13.2 -0.9
"3" "3" 2013-11-02 32.3 "MEM" "@" "DAL" "L" -12 1 34.7 0.56 0.529 14.4 25.9 20.2 11.3 1.5 0 9.6 24.9 117 112 17.3 5.1
"4" "4" 2013-11-04 32.3 "MEM" "" "BOS" "W" 7 1 32 0.609 0.545 16.2 14.5 15.4 5.6 0 0 28.9 25.6 95 102 7.9 -5.8
"5" "5" 2013-11-06 32.31 "MEM" "" "NOP" "L" -15 1 7.88333333333333 1 1 0 0 0 21.8 0 0 66.7 19.2 67 125 0 -10
"6" "6" 2013-11-09 32.32 "MEM" "" "GSW" "W" 18 1 34.7 0.521 0.474 13 24.6 19.8 14 1.4 0 15.3 34 101 93 14.1 -2.3
"7" "7" 2013-11-11 32.32 "MEM" "@" "IND" "L" -16 1 27.05 0.5 0.5 8.3 20.9 13.8 8.7 0 0 14.3 26.6 88 115 6.9 -3.7
"8" "8" 2013-11-13 32.33 "MEM" "" "TOR" "L" -16 1 30.25 0.506 0.444 4.1 37.6 20.6 11.1 1.8 0 23.3 19.2 87 111 7.3 -3.4
"9" "9" 2013-11-15 32.33 "MEM" "@" "LAL" "W" 3 1 35.7333333333333 0.678 0.611 8.8 23.9 16.2 12.1 0 0 4.6 29 134 100 23.5 8.5
"10" "10" 2013-11-17 32.34 "MEM" "@" "SAC" "W" 11 1 33.8333333333333 0.709 0.75 9.2 21.4 16.9 10.4 0 0 16.2 27.4 117 98 16.6 2.3
"11" "11" 2013-11-18 32.34 "MEM" "@" "LAC" "W" 4 1 36.4 0.681 0.625 16.5 25.4 21.5 10.2 2.9 0 0 24.4 152 104 26.7 11.3
"12" "12" 2013-11-20 32.35 "MEM" "@" "GSW" "W" 7 1 46.1333333333333 0.45 0.409 6.6 26.5 15.1 4.9 0 1.8 0 26.2 106 95 14.2 0.2
"13" "13" 2013-11-22 32.35 "MEM" "" "SAS" "L" -16 1 39.5833333333333 0.432 0.333 5.8 26.2 15.3 12.6 1.4 0 17.8 26.9 86 114 8.4 -4.5
"14" "14" 2013-11-25 32.36 "MEM" "" "HOU" "L" -7 1 34.85 0.472 0.417 3 21.5 10.6 10.2 0 0 22.5 23.3 81 113 4.6 -8.9
"15" "15" 2013-11-27 32.37 "MEM" "@" "BOS" "W" 7 1 35.2 0.366 0.313 10.8 13.9 12.5 9.3 1.5 0 10.1 26.5 82 104 5.8 -9.7
"16" "" 2013-11-30 32.38 "MEM" "" "BRK" "L" -9 NA NA NA NA NA NA NA NA NA NA NA NA NA NA NA NA
"17" "" 2013-12-03 32.38 "MEM" "" "PHO" "W" 19 NA NA NA NA NA NA NA NA NA NA NA NA NA NA NA NA
"18" "16" 2013-12-05 32.39 "MEM" "" "LAC" "L" -20 1 30.5833333333333 0.395 0.308 7.7 42.4 24.1 13.8 0 0 31.5 33.4 63 110 1.7 -12
"19" "17" 2013-12-07 32.39 "MEM" "" "GSW" "L" -26 1 33.7166666666667 0.508 0.462 2.9 18.7 9.8 25.4 1.7 2 0 20.5 124 127 13.4 5.1
"20" "18" 2013-12-09 32.4 "MEM" "" "ORL" "W" 9 1 29.6166666666667 0.539 0.467 7.5 36.8 22.4 13.1 0 0 14.5 31.1 102 94 12.5 0.9
"21" "19" 2013-12-11 32.41 "MEM" "" "OKC" "L" -16 1 30.8166666666667 0.492 0.417 3.6 34.1 16.6 5.9 3.2 0 10.4 27.8 96 116 11.3 -1.3
"22" "20" 2013-12-13 32.41 "MEM" "@" "NOP" "L" -6 1 27.65 0.505 0.5 5 41.1 23.8 17.6 0 0 23.7 29.8 88 123 6.5 -8
"23" "21" 2013-12-15 32.42 "MEM" "" "MIN" "L" -8 1 38.9833333333333 0.444 0.368 13.1 19.6 16.2 21.7 1.4 0 11.8 31.2 100 115 13.8 -0.5
"24" "22" 2013-12-17 32.42 "MEM" "" "LAL" "L" -4 1 34.8833333333333 0.379 0.318 16.2 39.3 25.6 25.1 3 0 4 30.3 102 102 15.9 3.2
"25" "23" 2013-12-18 32.42 "MEM" "@" "DAL" "L" -14 1 31.5 0.339 0.278 17.3 14.3 16.1 15.6 0 0 8.8 30.2 91 127 6.6 -8.4
"26" "24" 2013-12-21 32.43 "MEM" "@" "NYK" "W" 8 1 38.0166666666667 0.558 0.5 10.5 30.9 22.3 4.6 0 0 18.2 32.5 103 98 14.2 -1.3
"27" "25" 2013-12-23 32.44 "MEM" "" "UTA" "W" 10 1 36.2333333333333 0.661 0.571 3.2 32.2 17 32.6 1.6 0 10.7 25.2 136 111 22.7 9.9
"28" "26" 2013-12-26 32.45 "MEM" "@" "HOU" "L" -8 1 42.7166666666667 0.455 0.4 16.6 28.1 21.2 19.4 0 0 10.6 28.7 105 116 17.8 3.1
"29" "27" 2013-12-28 32.45 "MEM" "" "DEN" "W" 21 1 30.5666666666667 0.597 0.533 4.1 23.8 13.3 22.8 1.8 0 0 24.1 156 117 18.6 7.9
"30" "28" 2013-12-30 32.46 "MEM" "" "CHI" "L" -4 1 32.6166666666667 0.315 0.267 18.4 21.6 19.9 15.2 0 0 23.9 27.9 68 108 2 -11.8
"31" "29" 2014-01-02 32.47 "MEM" "@" "PHO" "W" 8 1 38.4 0.5 0.5 13.6 23.6 18.9 0 0 2.1 13 25.4 103 97 13.8 -0.4
"32" "30" 2014-01-03 32.47 "MEM" "@" "DEN" "L" -3 1 38.0666666666667 0.593 0.556 15.8 28 21.6 10.3 0 0 4.5 26.3 127 122 21.5 1.8
"33" "31" 2014-01-05 32.47 "MEM" "@" "DET" "W" 28 1 33.0333333333333 0.434 0.444 11.6 33.5 22.8 23.2 0 0 5.1 25.3 109 87 13.9 1.5
"34" "32" 2014-01-07 32.48 "MEM" "" "SAS" "L" -2 1 40.8 0.43 0.389 8.3 17.6 12.4 3.5 0 0 4.8 23.1 97 113 8.5 -5.4
"35" "33" 2014-01-10 32.49 "MEM" "" "PHO" "W" 5 1 37.1333333333333 0.448 0.429 17.6 17.1 17.3 29.8 0 2.1 8.2 30.2 111 112 18 3.3
"36" "34" 2014-01-12 32.49 "MEM" "" "ATL" "W" 7 1 34.3833333333333 0.645 0.5 7.5 34 21.5 11.6 0 0 6.7 20.3 137 111 16.9 1.3
"37" "35" 2014-01-14 32.5 "MEM" "" "OKC" "W" 3 1 39.8 0.438 0.333 13.7 21.9 17.8 20.5 0 2 13.2 34.8 93 95 14.1 0.5
"38" "36" 2014-01-15 32.5 "MEM" "@" "MIL" "W" 5 1 26.4833333333333 0.276 0.2 3.9 11.6 7.7 6.2 0 0 15.5 23.6 58 98 -0.7 -15.6
"39" "37" 2014-01-17 32.51 "MEM" "" "SAC" "W" 1 1 35.9 0.466 0.417 3.6 24.9 15 9.1 0 7.6 13.4 20.7 88 96 10.5 -0.4
"40" "38" 2014-01-20 32.52 "MEM" "" "NOP" "L" -3 1 37.5333333333333 0.554 0.526 32.8 32.8 32.8 21.1 0 0 12.6 29.4 120 109 21.6 6.3
"41" "39" 2014-01-24 32.53 "MEM" "@" "HOU" "W" 1 1 34.3833333333333 0.391 0.353 12 18.4 15.3 15.2 0 0 13.5 31 86 104 6.6 -5
"42" "40" 2014-01-25 32.53 "MEM" "" "HOU" "W" 18 1 30.8666666666667 0.433 0.438 24.7 33.8 29.4 15.5 0 0 18.8 31.5 93 90 10.6 -3.4
"43" "41" 2014-01-28 32.54 "MEM" "@" "POR" "W" 17 1 36.1333333333333 0.512 0.5 18 13.6 15.4 14 1.5 0 0 29.7 120 91 18.1 4.8
"44" "42" 2014-01-29 32.54 "MEM" "@" "SAC" "W" 10 1 36.1833333333333 0.533 0.5 13.3 15.2 14.3 8.7 6.5 0 5.6 25.2 118 101 16.5 2.3
"45" "43" 2014-01-31 32.55 "MEM" "@" "MIN" "W" 4 1 40.0833333333333 0.563 0.55 10.4 25.2 17.1 19.3 1.3 0 4.2 29.2 120 103 22.8 7.3
"46" "44" 2014-02-01 32.55 "MEM" "" "MIL" "W" 9 1 33.6666666666667 0.511 0.421 21.4 12.4 16.6 16.1 0 0 4.3 33.3 123 109 18.6 1.9
"47" "45" 2014-02-03 32.55 "MEM" "@" "OKC" "L" -9 1 37.6 0.409 0.4 11.3 33.8 21 5.2 2.9 0 11.2 23.1 85 93 9.9 -0.6
"48" "46" 2014-02-05 32.56 "MEM" "" "DAL" "L" -14 1 40.1 0.64 0.625 7.5 23.9 16.1 19.1 0 2 9.3 26.9 126 126 20.4 2.5
"49" "47" 2014-02-08 32.57 "MEM" "@" "ATL" "W" 3 1 38.15 0.625 0.625 5.5 13.6 9.1 5.2 2.8 7.5 23.8 25.1 92 82 14.4 3.5
"50" "48" 2014-02-09 32.57 "MEM" "@" "CLE" "L" -8 1 36.95 0.404 0.375 6.1 18.3 12.2 11.8 0 0 14.8 27.2 76 100 4.8 -7
"51" "49" 2014-02-11 32.58 "MEM" "" "WAS" "W" 3 1 34.7833333333333 0.477 0.364 7.5 30.7 18.9 5 0 0 26.8 26 80 105 4.4 -10.6
"52" "50" 2014-02-12 32.58 "MEM" "@" "ORL" "W" 5 1 36.8833333333333 0.617 0.571 3.7 12.1 8.3 10.2 0 0 11 25.5 116 105 13.9 1.4
"53" "51" 2014-02-18 32.59 "MEM" "" "NYK" "W" 5 1 34.2666666666667 0.547 0.545 8 20 14.6 14.7 0 0 20.2 21.1 101 109 8 -4.1
"54" "52" 2014-02-21 32.6 "MEM" "" "LAC" "W" 6 1 30.8333333333333 0.56 0.529 0 34.9 19.2 11.1 1.6 0 5.1 29.4 106 94 15.8 4.9
"55" "53" 2014-02-22 32.61 "MEM" "@" "CHA" "L" -3 1 33.3166666666667 0.436 0.417 14.4 22.9 18.9 0 0 0 17.9 23.3 82 101 4.7 -8
"56" "54" 2014-02-26 32.62 "MEM" "" "LAL" "W" 5 1 28.2333333333333 0.437 0.429 12.1 18.4 15.1 14.7 1.8 0 11.8 25.3 96 110 9.2 -2.9
"57" "55" 2014-02-28 32.62 "MEM" "@" "OKC" "L" -6 1 25.2666666666667 0.412 0.357 23 29.2 26.4 6 2.2 0 0 29.7 107 122 10.3 -6.5
"58" "56" 2014-03-01 32.62 "MEM" "" "CLE" "W" 14 1 37.0833333333333 0.643 0.647 25.2 27.5 26.3 13 6 0 10.1 26.3 135 103 26.2 9
"59" "57" 2014-03-03 32.63 "MEM" "@" "WAS" "W" 6 1 36.9166666666667 0.462 0.438 7.9 26.7 18.1 3.8 1.4 0 5.5 23.5 98 112 10.1 -7.1
"60" "" 2014-03-05 32.64 "MEM" "@" "BRK" "L" -9 NA NA NA NA NA NA NA NA NA NA NA NA NA NA NA NA
"61" "58" 2014-03-07 32.64 "MEM" "@" "CHI" "W" 8 1 36.3 0.385 0.385 6.2 29.8 17.5 9.3 0 0 7.1 18.7 87 93 7 -3.2
"62" "59" 2014-03-08 32.64 "MEM" "" "CHA" "W" 22 1 30.6666666666667 0.76 0.714 16.5 8.9 12 13 1.7 0 8.7 16.6 157 97 16.9 8.5
"63" "60" 2014-03-11 32.65 "MEM" "" "POR" "W" 10 1 37.5666666666667 0.443 0.421 27.1 13.3 18.9 13.9 1.4 0 4.7 27 114 113 15.1 -2.7
"64" "61" 2014-03-12 32.65 "MEM" "@" "NOP" "W" 2 1 32.9833333333333 0.44 0.385 24.3 7.5 16.2 11.8 0 2.6 16.9 25.9 97 108 8.9 -5.4
"65" "62" 2014-03-14 32.66 "MEM" "@" "TOR" "L" -13 1 32.6166666666667 0.542 0.538 7.4 28.5 16.6 6.5 1.7 2.7 11.9 24.2 104 111 12.5 2.9
"66" "63" 2014-03-15 32.66 "MEM" "@" "PHI" "W" 26 1 26.05 0.53 0.455 0 7.7 4.4 19.2 3.8 0 7 24.7 109 81 10.4 2.7
"67" "64" 2014-03-19 32.67 "MEM" "" "UTA" "W" 10 1 36.0666666666667 0.55 0.5 16.6 17.7 17.2 15.7 1.5 0 13.6 28.3 110 97 17.2 3.4
"68" "65" 2014-03-21 32.68 "MEM" "@" "MIA" "L" -5 1 37.2 0.599 0.6 16.5 30.6 23.5 25.2 0 0 19.3 32.9 109 108 17.4 5.3
"69" "66" 2014-03-22 32.68 "MEM" "" "IND" "W" 11 1 35.6 0.455 0.389 14.6 27 21.4 5.7 0 0 4.8 29.6 105 89 12.6 1.6
"70" "67" 2014-03-24 32.69 "MEM" "" "MIN" "W" 17 1 27.9833333333333 0.715 0.682 7.8 6.6 7.1 9.5 0 0 7.8 20 145 106 13.7 7.3
"71" "68" 2014-03-26 32.69 "MEM" "@" "UTA" "W" 4 1 36.1833333333333 0.533 0.444 20.4 25.1 22.7 15.7 0 0 12.7 32.7 111 105 17.2 1.8
"72" "69" 2014-03-28 32.7 "MEM" "@" "GSW" "L" -7 1 35.1666666666667 0.622 0.625 9.7 16.1 12.6 15 1.6 0 0 23.7 133 118 18.6 6.5
"73" "70" 2014-03-30 32.7 "MEM" "@" "POR" "L" -7 1 35.7833333333333 0.587 0.588 11.9 11.5 11.7 14.6 3 0 18.3 27.5 103 116 14.9 -0.1
"74" "71" 2014-03-31 32.71 "MEM" "@" "DEN" "W" 2 1 34.15 0.54 0.533 5.7 34.2 18 15.8 1.6 0 9.7 27.2 111 102 14.7 4.1
"75" "72" 2014-04-02 32.71 "MEM" "@" "MIN" "L" -14 1 26.9 0.225 0.125 7.9 13.7 10.6 14 0 2.7 18.4 17.9 61 113 1.1 -8.4
"76" "73" 2014-04-04 32.72 "MEM" "" "DEN" "W" 8 1 41.65 0.406 0.318 8.2 32.9 20.6 19.3 2.4 6.1 3.9 26.7 96 85 17.4 5.3
"77" "74" 2014-04-06 32.72 "MEM" "@" "SAS" "L" -20 1 23.6 0.388 0.333 13 20.3 15.8 0 2.2 0 27.9 27.1 67 121 1.3 -13.9
"78" "75" 2014-04-09 32.73 "MEM" "" "MIA" "W" 5 1 42.0666666666667 0.81 0.833 10.4 26.1 18.5 7.8 1.3 2.4 16.3 20.8 137 119 22.7 6.7
"79" "76" 2014-04-11 32.74 "MEM" "" "PHI" "W" 22 1 29.4166666666667 0.388 0.333 17.2 24.3 21.1 17.4 1.6 4.7 13.4 21.9 98 91 10.5 -1.2
"80" "77" 2014-04-13 32.74 "MEM" "@" "LAL" "W" 12 1 30.9333333333333 0.512 0.5 3.6 18.9 11.1 17.3 3.3 0 29.1 19.3 87 97 7.4 -3.1
"81" "78" 2014-04-14 32.75 "MEM" "@" "PHO" "W" 6 1 38.7666666666667 0.618 0.6 11.6 18.6 15.5 11.6 1.4 0 3.7 33.1 131 102 24.6 9.3
"82" "79" 2014-04-16 32.75 "MEM" "" "DAL" "W" 1 1 46.05 0.548 0.5 23.5 13.4 18.5 3.8 1.2 0 10.9 27.4 121 115 20.1 0.1
"1" "1" 2014-10-29 33.29 "MEM" "" "MIN" "W" 4 1 34.6166666666667 0.76 0.75 21.9 23.1 22.5 5.3 1.4 1.9 23.3 27.6 120 101 21.1 4.5
"2" "2" 2014-10-31 33.29 "MEM" "@" "IND" "W" 8 1 32.75 0.598 0.5 19.1 25.6 22.2 5.9 5 0 5.2 28.5 131 94 22 8.4
"3" "3" 2014-11-01 33.3 "MEM" "@" "CHO" "W" 2 1 28.8 0.5 0.5 3.5 44.7 22.5 0 0 0 7.7 20.9 91 73 7.8 2.9
"4" "4" 2014-11-03 33.3 "MEM" "" "NOP" "W" 12 1 33.3666666666667 0.512 0.417 6.5 22.7 15.7 24.2 3.1 0 6.4 21.8 112 80 14.5 7.9
"5" "5" 2014-11-05 33.31 "MEM" "@" "PHO" "W" 11 1 29.4333333333333 0.484 0.444 0 28.8 13.6 0 3.6 0 22.5 21 73 95 4.9 -6.3
"6" "6" 2014-11-07 33.31 "MEM" "@" "OKC" "W" 2 1 34.55 0.45 0.375 3.2 21.4 11.9 10.8 3.2 0 5.3 27 96 99 10.9 -2.6
"7" "7" 2014-11-08 33.32 "MEM" "@" "MIL" "L" -1 1 35.9166666666667 0.644 0.536 19.1 26.1 22.5 6.8 0 0 5.5 22 144 104 19.3 7.6
"8" "8" 2014-11-11 33.32 "MEM" "" "LAL" "W" 5 1 29.5833333333333 0.468 0.4 18.5 23.7 21.3 0 0 0 7.8 20.2 111 116 7.6 -8.6
"9" "9" 2014-11-13 33.33 "MEM" "" "SAC" "W" 1 1 34.25 0.515 0.462 0 32 15.2 9.2 0 0 0 22.9 111 122 11.7 -4
"10" "10" 2014-11-15 33.33 "MEM" "" "DET" "W" 7 1 37.0666666666667 0.345 0.318 32.4 26.5 29.7 22.6 0 0 3.9 30.6 101 102 16 1.5
"11" "11" 2014-11-17 33.34 "MEM" "" "HOU" "W" 26 1 25.9666666666667 0.513 0.364 10.6 24.3 17.7 4.8 3.9 0 6.8 25.6 116 96 11.3 -2.9
"12" "12" 2014-11-19 33.35 "MEM" "@" "TOR" "L" -4 1 38.0333333333333 0.455 0.389 23.5 30 26.7 0 2.9 0 13.2 27.5 101 106 15 -2.3
"13" "13" 2014-11-21 33.35 "MEM" "" "BOS" "W" 17 1 27.2833333333333 0.621 0.583 9.3 49.3 32 19.7 0 0 13.4 23.6 121 96 16.8 7
"14" "14" 2014-11-23 33.36 "MEM" "" "LAC" "W" 16 1 29.3 0.455 0.455 12.6 18.2 15.6 4.8 1.7 0 26.7 21.9 80 95 4.8 -4.4
"15" "15" 2014-11-26 33.36 "MEM" "@" "LAL" "W" 6 1 27.6166666666667 0.68 0.7 17.4 18.5 18 0 0 0 20.3 24.4 109 107 12.3 -0.6
"16" "16" 2014-11-28 33.37 "MEM" "@" "POR" "W" 13 1 31.6666666666667 0.461 0.538 12 28.6 21.7 4.4 3.2 0 11.6 25 89 96 10.3 -4.5
"17" "17" 2014-11-30 33.38 "MEM" "@" "SAC" "W" 12 1 34.4 0.539 0.5 6.8 38.8 21.7 20.8 4.5 0 0 27.3 122 83 21.4 11
"18" "18" 2014-12-03 33.38 "MEM" "@" "HOU" "L" -9 1 19.4833333333333 0.524 0.4 12.6 19 16.2 0 0 0 11.6 19.7 107 110 6.1 -5.3
"19" "19" 2014-12-05 33.39 "MEM" "" "SAS" "L" -6 1 29.6666666666667 0.421 0.364 8.3 23.1 16 0 1.8 0 20.2 23.7 76 114 3.9 -9.9
"20" "20" 2014-12-07 33.39 "MEM" "" "MIA" "W" 16 1 23.75 0.551 0.533 22.5 14.8 17.8 15.1 2.5 0 0 34.7 129 105 15.1 3.4
"21" "21" 2014-12-09 33.4 "MEM" "" "DAL" "W" 9 1 32.1666666666667 0.412 0.333 31.2 14.6 23.1 0 1.7 0 4.6 31.4 110 118 12.7 -8.5
"22" "22" 2014-12-12 33.41 "MEM" "" "CHO" "W" 6 1 42.6166666666667 0.627 0.583 3.2 25.7 15.6 4.6 0 1.7 11.1 20.1 115 98 14.7 1.1
"23" "23" 2014-12-13 33.41 "MEM" "@" "PHI" "W" 5 1 32.8 0.761 0.714 7.3 33.8 20.4 5.6 3.1 0 16 25.5 125 105 21.6 6.6
"24" "24" 2014-12-16 33.42 "MEM" "" "GSW" "W" 7 1 26 0.66 0.667 16.8 20.9 19 0 0 0 18.9 26.1 109 102 12.6 1.2
"25" "25" 2014-12-17 33.42 "MEM" "@" "SAS" "W" 1 1 48.4333333333333 0.506 0.474 14.5 30.5 23.1 3.6 2.4 0 4.6 22.6 112 98 20.1 1.6
"26" "26" 2014-12-19 33.43 "MEM" "" "CHI" "L" -6 1 22.4333333333333 0.364 0.364 18.8 38.4 26.7 7.5 0 0 0 21.7 101 114 7.4 -1.7
"27" "" 2014-12-21 33.43 "MEM" "@" "CLE" "L" -14 NA NA NA NA NA NA NA NA NA NA NA NA NA NA NA NA
"28" "" 2014-12-22 33.44 "MEM" "" "UTA" "L" -6 NA NA NA NA NA NA NA NA NA NA NA NA NA NA NA NA
"29" "" 2014-12-26 33.45 "MEM" "" "HOU" "L" -6 NA NA NA NA NA NA NA NA NA NA NA NA NA NA NA NA
"30" "" 2014-12-27 33.45 "MEM" "@" "MIA" "W" 8 NA NA NA NA NA NA NA NA NA NA NA NA NA NA NA NA
"31" "" 2014-12-30 33.46 "MEM" "" "SAS" "W" 8 NA NA NA NA NA NA NA NA NA NA NA NA NA NA NA NA
"32" "" 2015-01-02 33.47 "MEM" "@" "LAL" "W" 3 NA NA NA NA NA NA NA NA NA NA NA NA NA NA NA NA
"33" "" 2015-01-03 33.47 "MEM" "@" "DEN" "L" -29 NA NA NA NA NA NA NA NA NA NA NA NA NA NA NA NA
"34" "" 2015-01-05 33.47 "MEM" "" "NYK" "W" 22 NA NA NA NA NA NA NA NA NA NA NA NA NA NA NA NA
"35" "" 2015-01-07 33.48 "MEM" "@" "ATL" "L" -10 NA NA NA NA NA NA NA NA NA NA NA NA NA NA NA NA
"36" "27" 2015-01-09 33.48 "MEM" "@" "NOP" "L" -11 1 30.8833333333333 0.511 0.444 23.1 14.1 18.8 10.4 3.6 0 15.7 19.5 115 118 13 1.7
"37" "28" 2015-01-11 33.49 "MEM" "" "PHO" "W" 12 1 42.35 0.724 0.688 14.3 31.6 23.3 16.6 0 4.2 27.3 26.1 113 90 21.7 6.3
"38" "29" 2015-01-14 33.5 "MEM" "@" "BRK" "W" 11 1 32.4166666666667 0.689 0.727 16.8 40.4 26.9 16.4 1.7 0 0 20.5 154 103 22.4 12.2
"39" "30" 2015-01-16 33.5 "MEM" "@" "ORL" "W" 10 1 34.9666666666667 0.498 0.4 16 22.3 19.2 13 0 0 5.2 23.6 114 103 16.2 1
"40" "31" 2015-01-17 33.51 "MEM" "" "POR" "W" 4 1 37.75 0.575 0.462 10.6 28.3 21.2 8.1 0 0 22.3 28 103 106 13 -3.5
"41" "32" 2015-01-19 33.51 "MEM" "" "DAL" "L" -8 1 40.15 0.648 0.615 12.3 29.2 21.3 9 1.3 0 22.4 19.9 109 109 16.2 2.9
"42" "33" 2015-01-21 33.52 "MEM" "" "TOR" "W" 6 1 36.4166666666667 0.571 0.571 10.4 23.1 18 0 0 4.6 10.7 24.6 109 91 14.5 2.9
"43" "34" 2015-01-24 33.53 "MEM" "" "PHI" "W" 18 1 27.25 0.773 0.773 8.4 39.9 26 30.8 0 0 21.4 22.8 122 79 16.5 9.4
"44" "35" 2015-01-26 33.53 "MEM" "" "ORL" "W" 9 1 33.65 0.726 0.615 11.3 22.2 17.2 34.8 1.5 2.2 15.4 27.2 136 100 24 10.8
"45" "36" 2015-01-27 33.53 "MEM" "@" "DAL" "W" 19 1 33.6333333333333 0.656 0.667 7.9 29.3 19 10.3 0 0 23 30.8 104 101 13.7 -1.5
"46" "37" 2015-01-29 33.54 "MEM" "" "DEN" "W" 30 1 30.3333333333333 0.476 0.429 15.8 35.2 25.9 10.7 1.7 0 6 24.4 110 67 14.9 5.9
"47" "38" 2015-01-31 33.55 "MEM" "" "OKC" "W" 11 1 36.6666666666667 0.464 0.4 23.8 22.8 23.3 16.7 0 2.3 11.7 30.7 105 87 17.4 4.7
"48" "39" 2015-02-02 33.55 "MEM" "@" "PHO" "W" 1 1 31.8666666666667 0.513 0.4 10.5 22 16.1 5.6 1.6 0 9.7 27.6 112 109 13.3 -1.2
"49" "40" 2015-02-04 33.56 "MEM" "@" "UTA" "W" 10 1 33.4666666666667 0.541 0.464 13.7 27.9 20.2 19.5 0 0 5.7 25.6 123 107 15.7 4.1
"50" "41" 2015-02-06 33.56 "MEM" "@" "MIN" "L" -1 1 29.3166666666667 0.429 0.429 0 40.9 22.4 0 3.6 2.6 41.7 20.5 45 87 2.2 -8.5
"51" "42" 2015-02-08 33.57 "MEM" "" "ATL" "W" 6 1 33.15 0.326 0.313 14.2 35.3 23.6 10.1 3.1 0 5.6 23.1 86 91 9.5 -0.1
"52" "43" 2015-02-10 33.57 "MEM" "" "BRK" "W" 9 1 34.4333333333333 0.559 0.559 3.2 20.8 12.3 5.9 4.6 0 5.6 24.1 108 90 15.4 3.3
"53" "44" 2015-02-11 33.58 "MEM" "@" "OKC" "L" -16 1 29.7166666666667 0.454 0.333 19.8 19.2 19.5 27 1.7 0 14.5 29.7 98 109 12.8 4.9
"54" "45" 2015-02-22 33.61 "MEM" "@" "POR" "W" 6 1 37.2833333333333 0.388 0.389 5.6 20.5 12.9 15.6 2.8 0 9.4 27.3 83 100 10.3 -2.5
"55" "46" 2015-02-23 33.61 "MEM" "@" "LAC" "W" 3 1 31.85 0.239 0.167 3.5 34.8 18.4 10.1 0 2.9 0 21.5 62 97 2.5 -8.2
"56" "47" 2015-02-25 33.61 "MEM" "@" "SAC" "L" -12 1 30.4166666666667 0.791 0.75 0 21.3 9.3 6.9 0 0 19.2 22.2 123 112 13 2.3
"57" "48" 2015-02-27 33.62 "MEM" "" "LAC" "L" -18 1 36.15 0.556 0.556 5.4 27.2 15.1 6.7 1.4 0 10 24.7 101 105 14.1 5.5
"58" "49" 2015-02-28 33.62 "MEM" "@" "MIN" "W" 4 1 33.3166666666667 0.47 0.429 5.8 27.2 20.3 0 0 2.1 48.5 20.6 51 101 -0.5 -13.9
"59" "" 2015-03-03 33.63 "MEM" "" "UTA" "L" -11 NA NA NA NA NA NA NA NA NA NA NA NA NA NA NA NA
"60" "50" 2015-03-04 33.63 "MEM" "@" "HOU" "W" 2 1 33 0.603 0.583 8.3 20.3 14.9 27.4 4.9 2.5 7.4 19.7 128 105 19.1 12.4
"61" "51" 2015-03-06 33.64 "MEM" "" "LAL" "W" 7 1 37.05 0.676 0.625 8.4 32.4 19.6 18.5 1.4 0 14.5 27 121 98 20.8 7.5
"62" "52" 2015-03-07 33.64 "MEM" "@" "NOP" "L" -6 1 29.25 0.298 0.3 0 8.6 4.1 18.2 5.3 0 20.3 24 56 101 1.9 -8.9
"63" "53" 2015-03-09 33.65 "MEM" "@" "CHI" "W" 10 1 30.2166666666667 0.601 0.583 7.6 26.5 17 5.1 0 0 7 22.2 116 104 11.6 -2.4
"64" "54" 2015-03-11 33.65 "MEM" "@" "BOS" "L" -3 1 33.6333333333333 0.601 0.444 4.2 23.2 14.8 22.8 0 0 20.5 20 115 106 11.4 1.8
"65" "" 2015-03-12 33.65 "MEM" "@" "WAS" "L" -20 NA NA NA NA NA NA NA NA NA NA NA NA NA NA NA NA
"66" "55" 2015-03-14 33.66 "MEM" "" "MIL" "W" 13 1 34.3666666666667 0.555 0.4 7.5 15.5 11.5 17.8 3.2 2.6 27 26.1 96 92 11.1 0.1
"67" "56" 2015-03-16 33.67 "MEM" "" "DEN" "W" 11 1 38.65 0.483 0.45 21.1 21.1 21.1 11.4 2.7 0 8.4 26.5 115 87 18.4 4.5
"68" "57" 2015-03-17 33.67 "MEM" "@" "DET" "L" -10 1 34.75 0.484 0.462 3.5 13.8 8.6 20.7 3.1 0 13 20.6 98 116 10.2 -1.8
"69" "58" 2015-03-20 33.68 "MEM" "@" "DAL" "W" 11 1 33.6833333333333 0.671 0.615 0 13.9 7.2 24.1 0 0 11.3 23.7 129 107 16.2 6.8
"70" "59" 2015-03-21 33.68 "MEM" "" "POR" "W" 11 1 30.6666666666667 0.425 0.425 9.4 4 7 19.2 0 0 4.8 31 95 100 8.5 -1.9
"71" "60" 2015-03-23 33.68 "MEM" "@" "NYK" "W" 21 1 34.5 0.786 0.75 11 14.6 12.8 24.4 0 0 12 23.8 150 96 21 10.9
"72" "61" 2015-03-25 33.69 "MEM" "" "CLE" "L" -22 1 20.4833333333333 0.282 0.25 0 20.7 8.7 7.3 0 0 0 20.8 65 126 1.4 -10.3
"73" "62" 2015-03-27 33.7 "MEM" "" "GSW" "L" -23 1 26.9833333333333 0.46 0.4 4.8 7.7 6.4 19.9 1.9 0 21.6 24.3 84 119 5.6 -2.5
"74" "63" 2015-03-29 33.7 "MEM" "@" "SAS" "L" -14 1 33.2166666666667 0.577 0.563 7 38.8 22.9 0 0 0 5.5 27.2 107 112 14.9 2.5
"75" "64" 2015-03-30 33.7 "MEM" "" "SAC" "W" 14 1 29.5 0.512 0.417 7.6 18.9 13.2 16.3 1.9 0 17 27.7 102 96 9.6 -3.2
"76" "65" 2015-04-03 33.72 "MEM" "" "OKC" "W" 8 1 30.1333333333333 0.589 0.591 7.2 16.6 12.1 11.2 1.6 2.2 20.2 22.5 101 94 10.1 2.8
"77" "66" 2015-04-04 33.72 "MEM" "" "WAS" "L" -9 1 31.5333333333333 0.6 0.6 3.5 36.1 18.8 5.2 0 0 37.5 11.7 74 99 4 -4.5
"78" "67" 2015-04-08 33.73 "MEM" "" "NOP" "W" 36 1 29.7166666666667 0.524 0.462 19.7 25.8 23.1 27.4 3.8 0 0 22.6 143 77 19.6 14.8
"79" "68" 2015-04-10 33.73 "MEM" "@" "UTA" "W" 1 1 38.05 0.448 0.385 6.8 26.6 16.8 8.5 2.9 0 11.3 23.3 91 98 10.1 -1.9
"80" "69" 2015-04-11 33.74 "MEM" "@" "LAC" "L" -8 1 38.5666666666667 0.485 0.421 11.9 25.5 18.8 25.9 4 0 15.6 30.2 96 93 16.9 5.2
"81" "70" 2015-04-13 33.74 "MEM" "@" "GSW" "L" -4 1 21.0166666666667 0.571 0.429 17.9 7.1 13.8 26.8 2.3 0 18.6 19.8 121 114 10.8 6.7
"82" "71" 2015-04-15 33.75 "MEM" "" "IND" "W" 12 1 35.3166666666667 0.654 0.583 3.5 24.2 14.6 0 0 0 17.9 22.9 117 104 11.3 -1.3
"1" "1" 2015-10-28 34.28 "MEM" "" "CLE" "L" -30 1 30.9 0.47 0.455 8.8 18.9 13.2 0 1.6 0 13.6 21.3 88 110 7.7 -2.3
"2" "2" 2015-10-29 34.29 "MEM" "@" "IND" "W" 9 1 29.5333333333333 0.403 0.273 8.1 24.4 16.3 9 0 0 12.8 23.4 92 112 5.5 -10.3
"3" "3" 2015-10-31 34.29 "MEM" "" "BRK" "W" 10 1 29.6333333333333 0.545 0.5 10.6 41.5 24.8 6.7 0 0 17.9 26.8 97 101 10.6 -4.8
"4" "4" 2015-11-02 34.3 "MEM" "@" "GSW" "L" -50 1 19.1833333333333 0.222 0.222 3.8 11.6 6.9 0 0 0 0 19.4 49 124 -0.6 -12.7
"5" "5" 2015-11-03 34.3 "MEM" "@" "SAC" "W" 14 1 29.1333333333333 0.672 0.643 12.7 28.7 21.3 13.1 0 0 21.2 28.3 111 95 14.9 3.8
"6" "6" 2015-11-05 34.31 "MEM" "@" "POR" "L" -19 1 32.5333333333333 0.667 0.667 7.4 27.4 17.8 11.7 1.7 0 20 23.5 109 127 13.6 -0.5
"7" "7" 2015-11-07 34.31 "MEM" "@" "UTA" "L" -10 1 38.0166666666667 0.417 0.417 7.1 18.9 12.2 10.7 1.4 0 14.3 15.9 84 96 6.7 -1.9
"8" "8" 2015-11-09 34.32 "MEM" "@" "LAC" "L" -2 1 39.5166666666667 0.654 0.632 5.8 22.4 13.7 23.8 3.9 0 0 22.6 139 97 25.6 14.6
"9" "9" 2015-11-11 34.32 "MEM" "" "GSW" "L" -16 1 30.4666666666667 0.591 0.462 4 24.9 14.3 21.7 1.6 0 27.2 32.6 91 106 9.2 -2.8
"10" "10" 2015-11-13 34.33 "MEM" "" "POR" "W" 1 1 28.55 0.422 0.375 14.3 21.7 17.2 19.5 3.8 0 14.5 33 91 106 10.1 -1.9
"11" "11" 2015-11-15 34.33 "MEM" "@" "MIN" "W" 8 1 27.95 0.788 0.75 6.1 30.8 20.5 5.8 1.9 2.6 10.1 17.3 145 110 14.6 4.6
"12" "12" 2015-11-16 34.34 "MEM" "" "OKC" "W" 8 1 29.4333333333333 0.338 0.25 18.5 24 20.9 10.7 0 0 5.3 27.5 94 121 7.4 -12.2
"13" "" 2015-11-20 34.35 "MEM" "" "HOU" "W" 12 NA NA NA NA NA NA NA NA NA NA NA NA NA NA NA NA
"14" "" 2015-11-21 34.35 "MEM" "@" "SAS" "L" -10 NA NA NA NA NA NA NA NA NA NA NA NA NA NA NA NA
"15" "" 2015-11-24 34.36 "MEM" "" "DAL" "W" 14 NA NA NA NA NA NA NA NA NA NA NA NA NA NA NA NA
"16" "" 2015-11-25 34.36 "MEM" "@" "HOU" "W" 9 NA NA NA NA NA NA NA NA NA NA NA NA NA NA NA NA
"17" "" 2015-11-27 34.37 "MEM" "" "ATL" "L" -15 NA NA NA NA NA NA NA NA NA NA NA NA NA NA NA NA
"18" "13" 2015-11-29 34.37 "MEM" "" "PHI" "W" 8 1 32 0.433 0.353 21.9 14.3 18.3 0 1.5 0 9.2 27.3 98 89 11.8 -1.8
"19" "14" 2015-12-01 34.38 "MEM" "@" "NOP" "W" 9 1 26.1833333333333 0.47 0.429 17.9 8.1 12.8 0 0 0 0 25.4 118 118 9.2 -4.5
"20" "15" 2015-12-03 34.38 "MEM" "" "SAS" "L" -20 1 28.7333333333333 0.414 0.4 10.7 13.2 11.8 7.2 0 0 8.4 19.5 88 118 5.1 -6.1
"21" "16" 2015-12-06 34.39 "MEM" "" "PHO" "W" 2 1 36.7166666666667 0.313 0.313 10.3 15.6 12.7 13.3 0 0 5.9 19.7 82 104 5.4 -7.1
"22" "17" 2015-12-08 34.4 "MEM" "" "OKC" "L" -37 1 31.3166666666667 0.383 0.3 9.8 33.5 19.4 0 0 0 7.8 18.5 87 135 4.8 -9.5
"23" "18" 2015-12-09 34.4 "MEM" "@" "DET" "W" 1 1 35.1166666666667 0.531 0.556 20.8 24.6 22.8 5 0 0 4.8 25.6 117 99 17.3 3.4
"24" "19" 2015-12-11 34.41 "MEM" "" "CHO" "L" -24 1 29.1666666666667 0.604 0.556 14.6 13.7 14.2 6.9 1.7 0 0 16.4 139 132 13.7 2.2
"25" "20" 2015-12-13 34.41 "MEM" "@" "MIA" "L" -3 0 26.3 0.636 0.667 0 31.3 16.1 25.1 0 0 0 17.9 135 117 11.9 5.6
"26" "21" 2015-12-14 34.41 "MEM" "" "WAS" "W" 17 0 20.75 0.571 0.571 7.2 16.1 12.3 6.7 2.4 0 22.2 20.5 95 100 5.2 -5.2
"27" "22" 2015-12-16 34.42 "MEM" "@" "CHI" "L" -13 0 29.85 0.506 0.444 0 39.3 20.6 31.4 0 0 9.2 17.3 103 100 9.9 1.6
"28" "23" 2015-12-18 34.42 "MEM" "@" "DAL" "L" -9 0 26.3333333333333 0.322 0.3 11.2 22.8 16.4 7.4 0 0 8.4 21.1 78 109 2.5 -10
"29" "24" 2015-12-19 34.43 "MEM" "" "IND" "W" 12 0 14.3833333333333 0.75 0.75 0 13.3 7.3 0 0 0 0 13.2 145 99 4.6 0.4
"30" "25" 2015-12-22 34.44 "MEM" "@" "PHI" "W" 14 0 24.65 0.643 0.6 19 21.1 20 20.6 2 0 0 19.7 147 96 15.7 8.4
"31" "26" 2015-12-23 34.44 "MEM" "@" "WAS" "L" -9 0 25.8333333333333 0.687 0.556 9.8 13.6 11.8 0 0 3.3 7.9 25 135 120 13.3 1.8
"32" "27" 2015-12-26 34.45 "MEM" "@" "CHO" "L" -6 0 32.9333333333333 0.416 0.421 22.4 14.9 19.2 5.8 1.6 0 4.4 29.4 99 110 13 -0.7
"33" "28" 2015-12-27 34.45 "MEM" "" "LAL" "W" 16 0 20.4833333333333 0.901 0.875 0 13.5 8.1 0 2.6 0 18.4 25.6 131 105 12.3 2.6
"34" "29" 2015-12-29 34.45 "MEM" "" "MIA" "W" 9 1 33.1333333333333 0.751 0.7 7 21 13.3 17.9 0 0 15 20.5 135 106 15.4 7
"35" "30" 2016-01-02 34.47 "MEM" "@" "UTA" "L" -5 0 24.45 0.34 0.4 4.6 21.1 12.3 26.7 2.3 0 7.8 26.7 75 98 4.2 -1.9
"36" "31" 2016-01-04 34.47 "MEM" "@" "POR" "W" 13 0 31.4333333333333 0.658 0.611 17.6 43.6 29.2 25.2 1.6 0 13.2 30.6 124 80 25.7 18
"37" "32" 2016-01-06 34.48 "MEM" "@" "OKC" "L" -18 0 24.5333333333333 0.432 0.385 12.2 13.7 12.9 0 4.1 0 6.7 26.8 91 112 8.5 -2.4
"38" "33" 2016-01-08 34.48 "MEM" "" "DEN" "W" 7 0 28.15 0.533 0.474 10 10 10 11.6 0 7.5 0 37.6 117 98 18.5 10.8
"39" "34" 2016-01-10 34.49 "MEM" "" "BOS" "W" 3 0 38.05 0.609 0.5 20.6 13.1 16.9 12.1 1.3 3.8 8.9 23.2 139 100 24.4 11.3
"40" "35" 2016-01-12 34.49 "MEM" "" "HOU" "L" -16 0 32.6666666666667 0.5 0.5 15.9 20.4 18.1 0 0 0 16.7 17.7 97 133 5.7 -10.2
"41" "36" 2016-01-14 34.5 "MEM" "" "DET" "W" 2 1 29.75 0.574 0.6 5 10.1 7.6 17.7 1.8 0 8.1 19.5 115 115 9.8 -0.9
"42" "37" 2016-01-16 34.5 "MEM" "" "NYK" "W" 8 1 21.7666666666667 0.526 0.5 20.5 11.9 16.5 0 0 0 0 29 123 113 11 -0.2
"43" "38" 2016-01-18 34.51 "MEM" "" "NOP" "W" 2 1 24.4333333333333 0.405 0.333 15.1 28.1 21.2 6.7 4.5 0 0 19.8 109 106 8 -3.2
"44" "39" 2016-01-21 34.52 "MEM" "@" "DEN" "W" 1 1 29.45 0.742 0.714 9.6 15.2 12.7 0 0 3.3 25.5 19.8 111 115 8.8 -4.6
"45" "40" 2016-01-23 34.52 "MEM" "@" "MIN" "L" -5 1 22.0166666666667 0.354 0.333 10.9 27.3 18.2 7.2 0 0 0 21.2 93 122 4 -10.2
"46" "41" 2016-01-25 34.53 "MEM" "" "ORL" "W" 6 1 33.8666666666667 0.507 0.5 11.2 32 20.3 5.1 0 0 10.1 25.6 103 105 12.6 -2.8
"47" "42" 2016-01-28 34.54 "MEM" "" "MIL" "W" 20 1 20.05 0.45 0.375 6.1 10.9 8.7 0 2.8 0 10.1 23.7 89 96 4.5 -7
"48" "43" 2016-01-30 34.54 "MEM" "" "SAC" "W" 4 1 24.65 0.625 0.625 5.6 16.2 11.7 12.5 1.9 0 27.3 19.8 95 114 6.5 -6.2
"49" "44" 2016-02-01 34.55 "MEM" "@" "NOP" "W" 15 1 32.8 0.674 0.667 11.3 28.7 22.8 5.2 0 0 15.5 30.4 113 103 16.8 -2.2
"50" "45" 2016-02-05 34.56 "MEM" "@" "NYK" "W" 6 1 28.9833333333333 0.5 0.5 4.5 10.6 7.9 6.7 1.9 0 9.1 19.1 94 101 6.1 -3.5
"51" "46" 2016-02-06 34.56 "MEM" "" "DAL" "L" -4 1 35.6 0.439 0.429 18.6 25.3 22.4 9.7 1.5 0 11.6 35.1 91 112 11.7 -7.1
"52" "47" 2016-02-08 34.57 "MEM" "" "POR" "L" -6 1 40.0666666666667 0.654 0.632 3.9 25.2 15.7 19.5 0 0 4.8 25.3 131 112 21.6 7.6
"53" "48" 2016-02-10 34.57 "MEM" "@" "BRK" "W" 19 1 27 0.582 0.542 4.8 10.8 7.6 31.1 6 3.6 7.2 24.4 130 95 16.4 12
"54" "49" 2016-02-19 34.6 "MEM" "" "MIN" "W" 5 1 33.75 0.571 0.571 6.8 20.3 13.5 5 0 0 11.8 22.2 109 115 10.7 -4.5
"55" "50" 2016-02-21 34.6 "MEM" "@" "TOR" "L" -13 1 35.7 0.61 0.538 2.8 15.6 8.9 14.5 0 0 6.3 20.6 122 109 13.5 4
"56" "51" 2016-02-24 34.61 "MEM" "" "LAL" "W" 9 1 29.0333333333333 0.478 0.417 8.5 22.3 16.4 12.5 1.7 0 6.4 24.2 111 122 11.2 -6.1
"57" "52" 2016-02-26 34.62 "MEM" "@" "LAL" "W" 17 1 25.0166666666667 0.582 0.542 0 40 22.6 30.5 0 0 7.2 25.5 127 102 14.1 7
"58" "53" 2016-02-27 34.62 "MEM" "@" "PHO" "L" -5 1 27.9333333333333 0.525 0.4 3.7 12 7.6 7.9 0 0 5.2 30.8 107 122 11.8 -3.7
"59" "54" 2016-02-29 34.62 "MEM" "@" "DEN" "W" 7 1 32.8833333333333 0.586 0.529 4.1 14.1 8.7 38.3 0 2.9 5.1 29.2 118 109 18 5.8
"60" "55" 2016-03-02 34.63 "MEM" "" "SAC" "W" 6 1 34.8666666666667 0.591 0.462 13.1 14.1 13.6 10.3 0 0 11.1 22.1 125 109 14.1 -0.8
"61" "56" 2016-03-04 34.64 "MEM" "" "UTA" "W" 6 1 34.8333333333333 0.606 0.528 6.6 18.4 12.7 5.6 0 0 8.8 31.1 119 101 17.1 4.3
"62" "57" 2016-03-06 34.64 "MEM" "" "PHO" "L" -9 1 31.2166666666667 0.3 0.3 3.1 29.9 14.5 16.8 0 0 0 14.7 85 123 4.7 -6.9
"63" "" 2016-03-07 34.64 "MEM" "@" "CLE" "W" 3 NA NA NA NA NA NA NA NA NA NA NA NA NA NA NA NA
"64" "" 2016-03-09 34.65 "MEM" "@" "BOS" "L" -20 NA NA NA NA NA NA NA NA NA NA NA NA NA NA NA NA
"65" "" 2016-03-11 34.65 "MEM" "" "NOP" "W" 7 NA NA NA NA NA NA NA NA NA NA NA NA NA NA NA NA
"66" "" 2016-03-12 34.66 "MEM" "@" "ATL" "L" -12 NA NA NA NA NA NA NA NA NA NA NA NA NA NA NA NA
"67" "" 2016-03-14 34.66 "MEM" "@" "HOU" "L" -49 NA NA NA NA NA NA NA NA NA NA NA NA NA NA NA NA
"68" "" 2016-03-16 34.67 "MEM" "" "MIN" "L" -6 NA NA NA NA NA NA NA NA NA NA NA NA NA NA NA NA
"69" "" 2016-03-17 34.67 "MEM" "@" "MIL" "L" -10 NA NA NA NA NA NA NA NA NA NA NA NA NA NA NA NA
"70" "58" 2016-03-19 34.68 "MEM" "" "LAC" "W" 11 1 35.8 0.622 0.526 9.1 35.8 19.9 50.4 0 0 8.2 29.7 142 117 26.6 12.4
"71" "59" 2016-03-21 34.68 "MEM" "@" "PHO" "W" 6 1 30.1666666666667 0.467 0.467 0 47 23 11.4 1.6 3.3 11.8 24.3 88 91 10.5 -0.7
"72" "60" 2016-03-22 34.68 "MEM" "@" "LAL" "L" -7 1 37.8166666666667 0.426 0.412 9.1 12.3 10.4 20.4 4 2.2 9.6 23.9 99 111 12.7 -1
"73" "" 2016-03-25 34.69 "MEM" "@" "SAS" "L" -6 NA NA NA NA NA NA NA NA NA NA NA NA NA NA NA NA
"74" "" 2016-03-28 34.7 "MEM" "" "SAS" "L" -14 NA NA NA NA NA NA NA NA NA NA NA NA NA NA NA NA
"75" "61" 2016-03-30 34.71 "MEM" "" "DEN" "L" -4 1 33.5333333333333 0.574 0.525 8.4 11.6 9.8 10.7 1.6 0 11.7 31.4 117 121 18 4.9
"76" "62" 2016-04-01 34.71 "MEM" "" "TOR" "L" -4 1 29.4333333333333 0.405 0.333 6.8 9.3 7.9 18 1.8 0 9.2 31.5 97 119 7.3 -5.4
"77" "63" 2016-04-03 34.72 "MEM" "@" "ORL" "L" -12 1 31.6666666666667 0.425 0.367 7.2 16.1 11.9 31.7 0 0 5.4 24.7 109 123 11.3 0.1
"78" "64" 2016-04-05 34.72 "MEM" "" "CHI" "W" 16 1 35.0833333333333 0.599 0.526 16.7 15.9 16.3 21.6 3 0 8.2 30.7 130 99 24.3 9.3
"79" "65" 2016-04-08 34.73 "MEM" "@" "DAL" "L" -10 1 32.0166666666667 0.318 0.3 9.6 13.6 11.2 11.5 0 0 12.8 31.5 72 121 1.2 -13
"80" "66" 2016-04-09 34.73 "MEM" "" "GSW" "L" -1 1 26.5666666666667 0.316 0.316 9.3 16.4 12.4 6.9 0 3.5 5 32.6 76 109 4 -10.3
"81" "67" 2016-04-12 34.74 "MEM" "@" "LAC" "L" -26 1 24.95 0.453 0.467 4.2 17.5 9.7 17.9 2.2 0 6.1 29.2 96 124 8.1 1.2
"82" "68" 2016-04-13 34.75 "MEM" "@" "GSW" "L" -21 1 25.6833333333333 0.548 0.524 18 4.8 12.3 34.9 3.8 0 15.5 41 104 126 17.9 6.1
"1" "1" 2016-10-26 35.28 "MEM" "" "MIN" "W" 4 0 24.55 0.649 0.625 4.8 39.9 23.9 8.8 0 0 12 31 118 101 14.6 4.6
"2" "2" 2016-10-29 35.29 "MEM" "@" "NYK" "L" -7 0 21.1166666666667 0.437 0.393 9.9 45.5 25.3 17.7 0 0 6.3 33 98 113 7.9 -1.3
"3" "3" 2016-10-30 35.29 "MEM" "" "WAS" "W" 9 0 25.4333333333333 0.635 0.625 4.8 33.2 19.2 11.5 6.3 0 18.8 39.2 100 91 15.7 5.6
"4" "4" 2016-11-01 35.3 "MEM" "@" "MIN" "L" -36 0 10.0666666666667 0.167 0.167 0 28 11.6 0 0 0 14.3 31 30 125 -3 -27.8
"5" "5" 2016-11-02 35.3 "MEM" "" "NOP" "W" 6 0 19.5833333333333 0.271 0.278 21.2 43.1 31.3 0 0 0 9.8 46.2 60 84 0.7 -14.7
"6" "6" 2016-11-04 35.3 "MEM" "" "LAC" "L" -11 0 28.3666666666667 0.568 0.545 3.5 29.4 16 16.2 0 0 23.3 26.1 88 103 8.6 -1.4
"7" "7" 2016-11-06 35.31 "MEM" "" "POR" "L" -6 0 19.95 0.631 0.591 5.5 39 20.8 29.1 0 0 7.8 28.7 126 113 12.2 10.8
"8" "8" 2016-11-08 35.32 "MEM" "" "DEN" "W" 1 0 22.5666666666667 0.595 0.615 20.8 28.4 24 0 0 0 6.9 28.3 115 115 11.9 -2.8
"9" "9" 2016-11-12 35.33 "MEM" "@" "MIL" "L" -10 0 22.9666666666667 0.462 0.462 6.3 36.9 21.8 9.3 6.8 0 0 27.1 94 104 11.1 4.5
"10" "10" 2016-11-14 35.33 "MEM" "@" "UTA" "W" 6 0 22.7833333333333 0.61 0.538 28.5 29.3 28.9 0 0 0 11.9 34.1 127 115 13.1 1.7
"11" "11" 2016-11-16 35.34 "MEM" "@" "LAC" "W" 4 0 26.45 0.61 0.538 10.1 21.6 16.3 6.6 0 0 6.3 27.1 126 117 14.3 2.1
"12" "12" 2016-11-18 35.34 "MEM" "@" "DAL" "W" 16 0 21.7 0.388 0.333 10.5 26 19 30 0 0 7.2 32.6 90 73 7.5 3.8
"13" "13" 2016-11-19 35.35 "MEM" "" "MIN" "W" 22 0 20.9166666666667 0.705 0.682 5.5 36.2 20.1 0 0 0 0 28.8 146 88 14.4 15.2
"14" "14" 2016-11-21 35.35 "MEM" "@" "CHO" "W" 15 0 20.8166666666667 0.5 0.5 6.2 38.4 23.4 9.7 0 0 0 31.8 103 100 9.7 -1.5
"15" "15" 2016-11-23 35.36 "MEM" "@" "PHI" "W" 5 0 27.1333333333333 0.37 0.357 3.8 23.8 12.6 7.8 1.9 7.5 0 25.5 80 83 6.1 -2.7
"16" "" 2016-11-25 35.36 "MEM" "" "MIA" "L" -9 NA NA NA NA NA NA NA NA NA NA NA NA NA NA NA NA
"17" "" 2016-11-26 35.36 "MEM" "@" "MIA" "W" 3 NA NA NA NA NA NA NA NA NA NA NA NA NA NA NA NA
"18" "" 2016-11-28 35.37 "MEM" "" "CHO" "L" -19 NA NA NA NA NA NA NA NA NA NA NA NA NA NA NA NA
"19" "" 2016-11-30 35.38 "MEM" "@" "TOR" "L" -15 NA NA NA NA NA NA NA NA NA NA NA NA NA NA NA NA
"20" "" 2016-12-01 35.38 "MEM" "" "ORL" "W" 1 NA NA NA NA NA NA NA NA NA NA NA NA NA NA NA NA
"21" "" 2016-12-03 35.38 "MEM" "" "LAL" "W" 3 NA NA NA NA NA NA NA NA NA NA NA NA NA NA NA NA
"22" "" 2016-12-05 35.39 "MEM" "@" "NOP" "W" 2 NA NA NA NA NA NA NA NA NA NA NA NA NA NA NA NA
"23" "16" 2016-12-06 35.39 "MEM" "" "PHI" "W" 5 0 21.9 0.338 0.313 27.4 35.1 31.3 9.9 0 0 0 34 90 93 9.3 -1.9
"24" "17" 2016-12-08 35.4 "MEM" "" "POR" "W" 2 0 16.9333333333333 0.277 0.2 21 25.3 23.2 22.4 0 0 7.3 34.5 76 89 2.7 -7.2
"25" "18" 2016-12-10 35.4 "MEM" "" "GSW" "W" 21 0 20.5 0.612 0.591 10.9 25.5 18.4 9.8 0 0 0 24.4 133 95 11.9 6.4
"26" "19" 2016-12-13 35.41 "MEM" "@" "CLE" "L" -17 1 31.25 0.6 0.6 3.3 14.6 8.6 14.5 3.2 3.1 6.3 22.8 116 106 15.7 6.2
"27" "20" 2016-12-14 35.41 "MEM" "" "CLE" "W" 8 0 19.4833333333333 0.253 0.182 16.1 20.5 18.3 32.8 0 0 0 28.1 91 99 4.8 -4.9
"28" "21" 2016-12-16 35.42 "MEM" "" "SAC" "L" -4 0 27.0666666666667 0.506 0.444 11.8 22.6 17.3 40.5 0 0 9.2 18.2 119 108 10.1 3.7
"29" "22" 2016-12-18 35.42 "MEM" "" "UTA" "L" -9 0 23.05 0.432 0.385 11.2 49 25.5 11.8 2.5 0 6.7 28.4 98 91 8.9 7
"30" "23" 2016-12-20 35.43 "MEM" "" "BOS" "L" -3 0 20.9666666666667 0.302 0.286 10.1 17.6 13.6 18.1 0 5.7 0 31.8 86 117 4 -8.1
"31" "24" 2016-12-21 35.43 "MEM" "@" "DET" "W" 12 0 19.2833333333333 0.231 0.231 5.8 18.2 11.9 36.2 2.7 0 7.1 35.4 64 93 1.7 -9.9
"32" "25" 2016-12-23 35.44 "MEM" "" "HOU" "W" 6 0 19.8 0.727 0.727 6.2 24.9 15.5 44.9 2.6 0 15.4 30.9 131 114 14.8 12.1
"33" "26" 2016-12-26 35.45 "MEM" "@" "ORL" "L" -10 0 23.15 0.433 0.433 5.5 20.7 13.3 27.6 2.3 3.5 0 33 96 118 10.2 0.6
"34" "27" 2016-12-27 35.45 "MEM" "@" "BOS" "L" -10 0 28.5 0.542 0.462 18.3 22.2 20.1 12.5 1.8 0 16.9 26.8 108 121 13.3 -2.6
"35" "28" 2016-12-29 35.45 "MEM" "" "OKC" "W" 34 0 24.7 0.618 0.618 10.8 27.8 19.9 16.5 0 0 5.6 34 127 88 15.9 4.2
"36" "29" 2016-12-31 35.46 "MEM" "@" "SAC" "W" 14 0 24.2 0.438 0.438 9.9 20.3 15.1 19.8 0 0 11.1 36.4 98 120 6.7 -12.6
"37" "30" 2017-01-03 35.47 "MEM" "@" "LAL" "L" -14 0 27.7 0.4 0.292 13.3 24.2 19 7 1.8 0 0 23.3 98 121 9 -4.6
"38" "31" 2017-01-04 35.47 "MEM" "@" "LAC" "L" -9 0 18.85 0.505 0.5 0 19.6 8.7 0 0 0 13.4 35.1 82 124 5.1 -10.5
"39" "32" 2017-01-06 35.48 "MEM" "@" "GSW" "W" 9 0 35 0.755 0.735 11.9 26.5 18.3 28.5 0 0 5.3 23.2 157 115 26.4 14.7
"40" "33" 2017-01-08 35.48 "MEM" "" "UTA" "W" 9 0 27.3 0.395 0.375 9.5 36.8 24.2 7.5 6 3.6 10.8 33.4 78 72 10.3 2.8
"41" "34" 2017-01-11 35.49 "MEM" "@" "OKC" "L" -8 0 26.7833333333333 0.489 0.462 13 24.2 17.5 6.6 0 0 21.8 29.5 87 112 7.1 -6.5
"42" "35" 2017-01-13 35.5 "MEM" "@" "HOU" "W" 5 0 23.3833333333333 0.474 0.469 21.2 39.3 32.4 15.4 4.2 0 10.6 35.3 100 95 12.2 1.4
"43" "36" 2017-01-15 35.5 "MEM" "" "CHI" "L" -4 0 32.55 0.395 0.395 21.8 27.4 24.3 9.9 0 0 5 26.6 100 113 11.7 -4.4
"44" "37" 2017-01-18 35.51 "MEM" "@" "WAS" "L" -3 0 20.4166666666667 0.214 0.214 14.1 35.3 23.5 0 0 0 0 29.9 65 115 0.9 -17
"45" "38" 2017-01-20 35.52 "MEM" "" "SAC" "W" 16 0 23.8333333333333 0.617 0.571 9 33.6 21.7 16.9 0 0 5.8 31.8 132 99 16 9.7
"46" "39" 2017-01-21 35.52 "MEM" "" "HOU" "L" -24 0 24.1833333333333 0.417 0.364 3.7 42.1 18.3 7.9 0 0 0 23.1 97 128 7.2 -4.3
"47" "40" 2017-01-25 35.53 "MEM" "" "TOR" "W" 2 1 38.4166666666667 0.68 0.75 3 17.8 11.1 13.8 0 0 7.8 16.3 131 112 14.1 3.3
"48" "41" 2017-01-27 35.53 "MEM" "@" "POR" "L" -3 0 30.5833333333333 0.715 0.727 17.9 35.3 27.2 19.3 1.7 0 7.8 19.7 146 120 19.3 8
"49" "42" 2017-01-28 35.54 "MEM" "@" "UTA" "W" 7 0 33.65 0.643 0.6 12.6 30.6 20.7 6 1.7 0 4.4 35.5 134 116 23 8.2
"50" "43" 2017-01-30 35.54 "MEM" "@" "PHO" "W" 19 0 23.3833333333333 0.692 0.692 0 21.8 11.9 0 2.2 0 13.3 28.6 108 100 12.2 2.3
"51" "44" 2017-02-01 35.55 "MEM" "@" "DEN" "W" 20 0 21.4333333333333 0.583 0.583 5 24.3 14.8 15.3 0 0 25 32.9 89 102 7.2 -6.8
"52" "45" 2017-02-03 35.55 "MEM" "@" "OKC" "L" -12 0 29.2833333333333 0.508 0.429 12.6 31 21.6 16.3 1.7 0 6 26.2 113 115 13.3 0.4
"53" "46" 2017-02-04 35.56 "MEM" "@" "MIN" "W" 8 1 31.05 0.262 0.2 14.7 20.6 17.8 11.3 1.8 2.7 5.5 27.3 78 109 3.2 -12.5
"54" "47" 2017-02-06 35.56 "MEM" "" "SAS" "W" 15 0 23.4 0.524 0.462 12.8 13.4 13.1 0 0 0 6.5 29.9 111 89 9.1 -0.6
"55" "" 2017-02-08 35.57 "MEM" "" "PHO" "W" 19 NA NA NA NA NA NA NA NA NA NA NA NA NA NA NA NA
"56" "48" 2017-02-10 35.57 "MEM" "" "GSW" "L" -15 0 24.7 0.656 0.556 24.8 40 31.2 8 0 0 13.4 24 133 126 16.5 7.2
"57" "49" 2017-02-13 35.58 "MEM" "@" "BRK" "W" 9 0 18.7666666666667 0.359 0.25 8.3 12.2 10.5 7.5 2.7 0 17 29.8 73 108 2.4 -14
"58" "50" 2017-02-15 35.59 "MEM" "" "NOP" "L" -4 0 25.3833333333333 0.587 0.455 20.1 19.4 19.8 0 2 0 12.8 25.7 116 100 12 1
"59" "51" 2017-02-24 35.61 "MEM" "@" "IND" "L" -10 0 25.85 0.362 0.308 6.9 31.8 16.7 0 0 3.6 6.2 28.6 78 114 5.6 -9.4
"60" "52" 2017-02-26 35.62 "MEM" "@" "DEN" "W" 7 0 26.1333333333333 0.53 0.5 17.5 28 23 18.9 0 0 5 34.4 118 109 16.3 3.8
"61" "53" 2017-02-28 35.62 "MEM" "" "PHO" "W" 18 0 26.5833333333333 0.724 0.7 15 25.8 20.3 12.1 1.9 0 11.2 29.7 140 116 19.3 5.8
"62" "54" 2017-03-03 35.63 "MEM" "@" "DAL" "L" -4 0 29.05 0.761 0.786 18.8 20.7 19.7 16.7 1.8 0 0 25.6 161 110 24.4 17.4
"63" "55" 2017-03-04 35.63 "MEM" "@" "HOU" "L" -15 0 23.65 0.405 0.389 8.1 20.8 13.7 5.5 0 0 0 16.8 105 131 5 -6.3
"64" "56" 2017-03-06 35.64 "MEM" "" "BRK" "L" -13 0 15.9333333333333 0.363 0.333 14.3 41.8 27 41.2 0 0 12.7 43.5 81 125 5 -9.4
"65" "57" 2017-03-09 35.65 "MEM" "" "LAC" "L" -16 0 25.0833333333333 0.567 0.567 20.8 32.8 26 0 2 4 15.9 35.5 99 114 13.9 1.8
"66" "58" 2017-03-11 35.65 "MEM" "" "ATL" "L" -17 0 18.35 0.571 0.571 4.9 7.7 6 11.1 0 0 33.7 27.5 74 120 1.8 -11.9
"67" "59" 2017-03-13 35.66 "MEM" "" "MIL" "W" 20 0 21.3666666666667 0.489 0.462 19.3 26.4 22.8 8.2 0 0 0 31.8 119 114 10.5 -4.7
"68" "60" 2017-03-15 35.66 "MEM" "@" "CHI" "W" 7 0 24.9 0.286 0.286 17.1 18.5 17.9 20.4 0 0 0 26 91 106 5.8 -4.9
"69" "61" 2017-03-16 35.67 "MEM" "@" "ATL" "W" 12 0 17.8833333333333 0.308 0.308 11.7 20.1 15.6 9.5 0 0 7.1 33.9 75 103 2.1 -13.1
"70" "62" 2017-03-18 35.67 "MEM" "" "SAS" "W" 8 0 26.3666666666667 0.634 0.625 9.1 24.6 16.5 18.9 0 0 6.6 27.8 125 110 14.5 7.1
"71" "63" 2017-03-21 35.68 "MEM" "@" "NOP" "L" -13 0 19.1666666666667 0.182 0.182 17.5 30.7 24.5 9.3 0 0 21.4 35.2 45 100 -1.3 -16.9
"72" "64" 2017-03-23 35.68 "MEM" "@" "SAS" "L" -7 0 27.5833333333333 0.415 0.286 4.5 27.5 15.8 11.4 0 0 9.4 19 95 116 5.2 -3.7
"73" "65" 2017-03-26 35.69 "MEM" "@" "GSW" "L" -12 1 29.15 0.472 0.467 0 26.6 11.1 18.7 3.7 0 5.9 26.6 102 116 11.5 3.2
"74" "66" 2017-03-27 35.7 "MEM" "@" "SAC" "L" -1 1 31.65 0.395 0.278 22.6 35.7 28.1 13 0 3.6 4.4 31.1 107 107 14 3.6
"75" "67" 2017-03-29 35.7 "MEM" "" "IND" "W" 13 0 24.7333333333333 0.551 0.533 4.9 21.1 13.5 22.9 2.1 0 16.3 34.4 100 105 11.2 -0.5
"76" "68" 2017-03-31 35.71 "MEM" "" "DAL" "W" 9 0 31.5 0.661 0.571 7.6 33.9 21.5 20 1.7 0 10.7 29.3 128 99 19.7 7.9
"77" "69" 2017-04-02 35.71 "MEM" "@" "LAL" "L" -5 0 30.1 0.375 0.375 8.2 14.2 11.4 5.2 1.7 0 14.8 32.4 70 117 3.5 -17.8
"78" "70" 2017-04-04 35.72 "MEM" "@" "SAS" "L" -6 0 35.2333333333333 0.381 0.333 12 39.2 25.1 12.3 3.1 0 0 31.8 92 92 14.7 4.1
"79" "71" 2017-04-05 35.72 "MEM" "" "OKC" "L" -3 0 26.3833333333333 0.581 0.567 4.7 33.8 20 8.1 2 0 10.4 34.8 105 106 13.9 0.9
"80" "72" 2017-04-07 35.73 "MEM" "" "NYK" "W" 13 0 14.8 0.125 0.125 9.8 21.2 16.4 9.3 0 0 20 35.1 38 107 -3.3 -31.5
"81" "" 2017-04-09 35.73 "MEM" "" "DET" "L" -13 NA NA NA NA NA NA NA NA NA NA NA NA NA NA NA NA
"82" "73" 2017-04-12 35.74 "MEM" "" "DAL" "L" -7 0 19.5666666666667 0.519 0.5 5.5 24.5 14.4 31 0 0 12.2 37.5 102 114 8.5 0.5
"1" "" 2017-10-18 36.26 "SAC" "" "HOU" "L" -5 NA NA NA NA NA NA NA NA NA NA NA NA NA NA NA NA
"2" "1" 2017-10-20 36.26 "SAC" "@" "DAL" "W" 5 1 30.3166666666667 0.388 0.367 10.6 9.9 10.2 5.4 3.6 0 5.6 26.3 94 99 8 -2.5
"3" "2" 2017-10-21 36.27 "SAC" "@" "DEN" "L" -17 1 20.0166666666667 0.423 0.423 18.4 26.6 22.2 0 5.4 0 13.3 34.7 83 91 7 0.8
"4" "3" 2017-10-23 36.27 "SAC" "@" "PHO" "L" -2 1 15.45 0 0 6 31.1 15.2 7.2 0 0 20 12.9 27 119 -3.1 -22
"5" "4" 2017-10-26 36.28 "SAC" "" "NOP" "L" -8 1 29.0166666666667 0.488 0.458 3.9 33.9 18.4 16.7 0 3.1 13.1 24.4 92 115 10.1 -2.7
"6" "" 2017-10-29 36.29 "SAC" "" "WAS" "L" -27 NA NA NA NA NA NA NA NA NA NA NA NA NA NA NA NA
"7" "5" 2017-10-31 36.29 "SAC" "@" "IND" "L" -18 1 23.0166666666667 0.6 0.6 8.7 12.5 10.6 0 0 0 23.1 25.1 92 112 5.5 -6.1
"8" "6" 2017-11-01 36.3 "SAC" "@" "BOS" "L" -27 1 22.7833333333333 0.554 0.536 9.8 18.1 13.5 20.8 0 5.1 6.5 32.1 106 130 12 4.3
"9" "7" 2017-11-04 36.3 "SAC" "@" "DET" "L" -9 1 29.8666666666667 0.658 0.643 0 17.4 9.6 23.7 0 0 21.7 30 103 119 11.2 -0.8
"10" "8" 2017-11-07 36.31 "SAC" "" "OKC" "W" 8 1 26.5333333333333 0.567 0.533 4.5 24.8 15.9 24.1 3.6 0 27.4 36.9 85 80 10.8 1.7
"11" "9" 2017-11-09 36.32 "SAC" "" "PHI" "W" 1 1 29.2 0.601 0.571 6.4 16.4 11.4 11.5 3.2 0 10.7 26.8 110 101 16.1 5.3
"12" "10" 2017-11-11 36.32 "SAC" "@" "NYK" "L" -27 1 19.8333333333333 0.51 0.4 0 18.6 8.9 19.2 0 0 33.8 20.2 76 128 2.6 -10.2
"13" "11" 2017-11-13 36.33 "SAC" "@" "WAS" "L" -18 1 22.7 0.423 0.333 16.9 30.2 22.4 8.3 2.4 0 6.6 31.5 98 119 9.8 -2.8
"14" "12" 2017-11-15 36.33 "SAC" "@" "ATL" "L" -46 1 24.5 0.649 0.636 10.7 7.3 9.6 22.7 0 0 7.5 24 125 142 13.5 4.1
"15" "13" 2017-11-17 36.34 "SAC" "" "POR" "W" 4 1 14.35 0 0 0 31.9 15.4 9.3 0 0 20 16 11 92 -2.7 -18.5
"16" "14" 2017-11-18 36.34 "SAC" "@" "POR" "L" -12 1 21.7833333333333 0.644 0.591 13.8 13.8 13.8 0 0 0 7 29 127 117 12.6 7.2
"17" "15" 2017-11-20 36.35 "SAC" "" "DEN" "L" -16 1 25.7166666666667 0.5 0.5 4.7 21.7 13.5 18.8 6 0 14.3 25.6 95 112 10.5 0.8
"18" "16" 2017-11-22 36.35 "SAC" "" "LAL" "W" 11 1 30.2 0.688 0.688 0 29.3 14.6 35.8 4.9 0 11.1 26.5 134 99 21.6 14.8
"19" "17" 2017-11-25 36.36 "SAC" "" "LAC" "L" -2 1 30.6666666666667 0.571 0.536 8 22.4 14.8 17.4 1.7 0 0 22.2 130 106 15.2 5.4
"20" "18" 2017-11-27 36.37 "SAC" "@" "GSW" "W" 4 1 21.8166666666667 0.431 0.364 11.6 25.9 18.3 13.3 2.5 0 7.3 29.9 102 117 8.1 -7.5
"21" "19" 2017-11-28 36.37 "SAC" "" "MIL" "L" -25 1 19.2666666666667 0.556 0.556 0 38.9 16 13.4 0 5.1 18.2 25.9 89 116 6.2 -0.5
"22" "20" 2017-12-01 36.38 "SAC" "@" "CHI" "W" 1 1 31.6833333333333 0.643 0.632 8 38.8 24.3 16.9 0 2.8 4.9 30 127 112 22.6 4.5
"23" "21" 2017-12-02 36.38 "SAC" "@" "MIL" "L" -5 0 33.6 0.693 0.667 4.3 23.8 14.5 12.6 0 0 5.9 23.8 134 120 16.8 2.6
"24" "22" 2017-12-06 36.39 "SAC" "@" "CLE" "L" -6 1 31.9166666666667 0.45 0.45 6.7 28 17.1 33.5 4.8 0 0 29 107 103 16.6 6.3
"25" "23" 2017-12-08 36.4 "SAC" "@" "NOP" "W" 7 1 33.9 0.765 0.75 12 37.2 25.1 12.5 1.5 0 11.6 33.7 140 104 28.1 15
"26" "24" 2017-12-10 36.4 "SAC" "" "TOR" "L" -15 1 33.6666666666667 0.8 0.864 3.7 30.3 18.2 6.4 1.5 0 20.2 21.2 121 105 16.1 5.3
"27" "25" 2017-12-12 36.41 "SAC" "" "PHO" "W" 7 1 27.5666666666667 0.555 0.5 12.1 14.8 13.5 33.7 1.9 0 6.1 26.4 124 101 15.6 7.5
"28" "26" 2017-12-14 36.41 "SAC" "@" "MIN" "L" -23 1 24.3666666666667 0.631 0.591 12.8 33.8 21.9 8.1 2.2 0 20.2 27.6 108 128 10.7 -1.2
"29" "" 2017-12-17 36.42 "SAC" "@" "TOR" "L" -15 NA NA NA NA NA NA NA NA NA NA NA NA NA NA NA NA
"30" "27" 2017-12-19 36.43 "SAC" "@" "PHI" "W" 6 1 28.4 0.65 0.658 3.4 15.7 9.2 0 0 3.7 12.6 35.5 107 102 16.9 5.3
"31" "28" 2017-12-20 36.43 "SAC" "@" "BRK" "W" 5 1 26.4666666666667 0.823 0.773 9.8 22.2 16.9 21.3 0 4.5 19 27.8 143 112 18.3 13
"32" "29" 2017-12-23 36.44 "SAC" "" "SAS" "L" -9 1 31.0666666666667 0.5 0.5 3.4 19.3 10.8 20.1 0 0 18.8 24.5 93 119 7.1 -4.5
"33" "30" 2017-12-26 36.45 "SAC" "@" "LAC" "L" -27 1 21.05 0.302 0.286 9.1 19 13.3 22.2 2.4 0 0 30.8 79 128 5.4 -7.7
"34" "31" 2017-12-27 36.45 "SAC" "" "CLE" "W" 14 1 19.75 0.435 0.308 26.3 18.2 22.1 15.5 2.8 0 0 39.9 113 108 11.8 -2.8
"35" "32" 2017-12-29 36.45 "SAC" "" "PHO" "L" -10 1 24.5666666666667 0.549 0.455 0 13 7 21.5 2.2 0 13.6 29.1 104 124 9.1 -3.1
"36" "33" 2017-12-31 36.46 "SAC" "" "MEM" "L" -18 1 18.4666666666667 0.254 0.286 10.4 28.9 18.1 8.2 2.7 0 11.3 20.4 64 113 2 -9.7
"37" "34" 2018-01-02 36.47 "SAC" "" "CHO" "L" -20 1 25.1333333333333 0.636 0.611 18.6 31.8 24.8 0 0 0 5 34.5 135 141 18.6 2.9
"38" "" 2018-01-06 36.48 "SAC" "" "DEN" "W" 8 NA NA NA NA NA NA NA NA NA NA NA NA NA NA NA NA
"39" "35" 2018-01-08 36.48 "SAC" "" "SAS" "L" -7 1 24.9666666666667 0.375 0.375 5.2 25.6 16.4 0 2 0 14.3 25.1 70 107 2.1 -11
"40" "36" 2018-01-09 36.48 "SAC" "@" "LAL" "L" -13 1 22.3666666666667 0.254 0.167 15.3 40.9 26.3 8.3 0 0 17.9 31.3 58 99 1.1 -14.1
"41" "37" 2018-01-11 36.49 "SAC" "" "LAC" "L" -6 1 26.6833333333333 0.504 0.467 4.4 25.7 15.2 6.1 1.8 0 11.2 28.6 96 117 9.7 -6
"42" "38" 2018-01-13 36.5 "SAC" "@" "LAC" "L" -21 1 19.2666666666667 0.368 0.3 5.7 7.8 6.6 0 0 0 21.6 31.2 64 133 -0.2 -21.7
"43" "" 2018-01-15 36.5 "SAC" "@" "OKC" "L" -7 NA NA NA NA NA NA NA NA NA NA NA NA NA NA NA NA
"44" "39" 2018-01-17 36.51 "SAC" "" "UTA" "L" -15 1 22.4666666666667 0.551 0.5 0 25.1 13.1 14.5 4.7 0 31.5 34 82 126 5.4 -8.4
"45" "40" 2018-01-19 36.51 "SAC" "@" "MEM" "L" -18 1 18.9 0.4 0.4 11 21.6 16.4 9.4 0 0 44.4 21 57 114 -1 -18.8
"46" "" 2018-01-22 36.52 "SAC" "@" "CHO" "L" -5 NA NA NA NA NA NA NA NA NA NA NA NA NA NA NA NA
"47" "" 2018-01-23 36.52 "SAC" "@" "ORL" "W" 6 NA NA NA NA NA NA NA NA NA NA NA NA NA NA NA NA
"48" "41" 2018-01-25 36.53 "SAC" "@" "MIA" "W" 1 1 28.3 0.385 0.385 3.9 38.2 20.2 5.7 0 3.5 7.1 23.7 77 90 5.5 -4.4
"49" "42" 2018-01-28 36.54 "SAC" "@" "SAS" "L" -15 1 31.9666666666667 0.3 0.3 3.3 22 12.2 31.1 5.1 0 16.7 28.2 73 117 6 -6.4
"50" "43" 2018-01-30 36.54 "SAC" "@" "NOP" "W" 11 1 32.25 0.544 0.543 9.3 36.2 21 10 1.5 0 14.3 35.4 102 103 16.3 1.9
"51" "44" 2018-02-02 36.55 "SAC" "" "GSW" "L" -15 1 28.4333333333333 0.583 0.567 6.8 24.8 14.1 11.8 3.3 0 16.3 27.9 100 114 13.2 -0.1
"52" "45" 2018-02-03 36.55 "SAC" "" "DAL" "L" -7 1 20.7166666666667 0.7 0.7 20.4 13.6 17 23.9 0 0 33.3 34.5 101 124 7.6 -3.7
"53" "46" 2018-02-05 36.56 "SAC" "" "CHI" "W" 6 1 28.5833333333333 0.409 0.385 7.3 26.1 16.6 23.5 1.8 7.6 6.9 22.9 97 97 11.6 2.3
"54" "47" 2018-02-09 36.57 "SAC" "" "POR" "L" -18 1 26.6833333333333 0.69 0.636 7.5 31.5 18.4 13.2 0 0 0 19.9 149 123 15 6
"55" "48" 2018-02-11 36.58 "SAC" "@" "MIN" "L" -5 1 28.6333333333333 0.545 0.545 0 27.9 12.6 0 0 0 15.4 19.2 98 121 5.3 -6.4
"56" "49" 2018-02-13 36.58 "SAC" "@" "DAL" "W" 5 1 25.7833333333333 0.733 0.733 4.9 30.2 17.4 19.7 0 0 16.7 33.1 117 117 16.7 4.5
"57" "" 2018-02-14 36.58 "SAC" "@" "HOU" "L" -9 NA NA NA NA NA NA NA NA NA NA NA NA NA NA NA NA
"58" "50" 2018-02-22 36.61 "SAC" "" "OKC" "L" -3 1 40 0.619 0.609 9.8 21.8 15.5 8.7 0 0 4.1 27.5 126 118 22.5 4.7
"59" "51" 2018-02-24 36.61 "SAC" "" "LAL" "L" -5 1 19.8333333333333 0.583 0.583 0 11.3 5.3 20.9 0 0 25 17.2 100 126 3.9 -5.9
"60" "" 2018-02-26 36.62 "SAC" "" "MIN" "L" -18 NA NA NA NA NA NA NA NA NA NA NA NA NA NA NA NA
"61" "52" 2018-02-27 36.62 "SAC" "@" "POR" "L" -17 1 28.25 0.563 0.531 11.9 12.7 12.3 13.4 0 0 14.5 33.1 103 127 12.2 -3.8
"62" "" 2018-03-01 36.62 "SAC" "" "BRK" "W" 5 NA NA NA NA NA NA NA NA NA NA NA NA NA NA NA NA
"63" "53" 2018-03-03 36.63 "SAC" "" "UTA" "L" -7 1 25.6 0.381 0.321 3.6 15.6 9.4 0 0 0 6 28.7 79 108 3.5 -8.5
"64" "" 2018-03-04 36.63 "SAC" "" "NYK" "W" 3 NA NA NA NA NA NA NA NA NA NA NA NA NA NA NA NA
"65" "54" 2018-03-07 36.64 "SAC" "" "NOP" "L" -13 1 26.3666666666667 0.531 0.5 3.7 24.3 11.5 14.9 0 0 5.3 31.4 112 124 12.2 0.9
"66" "" 2018-03-09 36.65 "SAC" "" "ORL" "W" 6 NA NA NA NA NA NA NA NA NA NA NA NA NA NA NA NA
"67" "55" 2018-03-11 36.65 "SAC" "@" "DEN" "L" -26 1 21.9666666666667 0.429 0.429 0 28 12.3 25.3 0 0 12.5 33.2 78 135 5 -9.2
"68" "56" 2018-03-12 36.65 "SAC" "@" "OKC" "L" -5 1 23.4333333333333 0.278 0.278 0 25 11.1 14.8 4.3 0 0 33.2 68 107 4.3 -7.2
"69" "57" 2018-03-14 36.66 "SAC" "" "MIA" "W" 4 1 33.05 0.619 0.625 3.5 25.7 15 19.1 0 2.9 14.5 28.7 111 112 15.2 1.7
"70" "58" 2018-03-16 36.67 "SAC" "@" "GSW" "W" 5 1 19.3666666666667 0.357 0.357 0 16.5 8.5 31.9 2.8 0 12.5 19.2 90 103 4.6 0.3
"71" "" 2018-03-17 36.67 "SAC" "@" "UTA" "L" -6 NA NA NA NA NA NA NA NA NA NA NA NA NA NA NA NA
"72" "59" 2018-03-19 36.67 "SAC" "" "DET" "L" -16 1 15.1666666666667 0.25 0.25 6.9 8.6 7.6 28.2 0 0 0 24.1 75 122 1.9 -7
"73" "" 2018-03-22 36.68 "SAC" "" "ATL" "W" 15 NA NA NA NA NA NA NA NA NA NA NA NA NA NA NA NA
"74" "" 2018-03-25 36.69 "SAC" "" "BOS" "L" -11 NA NA NA NA NA NA NA NA NA NA NA NA NA NA NA NA
"75" "" 2018-03-27 36.7 "SAC" "" "DAL" "L" -6 NA NA NA NA NA NA NA NA NA NA NA NA NA NA NA NA
"76" "" 2018-03-29 36.7 "SAC" "" "IND" "L" -3 NA NA NA NA NA NA NA NA NA NA NA NA NA NA NA NA
"77" "" 2018-03-31 36.71 "SAC" "" "GSW" "L" -16 NA NA NA NA NA NA NA NA NA NA NA NA NA NA NA NA
"78" "" 2018-04-01 36.71 "SAC" "@" "LAL" "W" 1 NA NA NA NA NA NA NA NA NA NA NA NA NA NA NA NA
"79" "" 2018-04-03 36.72 "SAC" "@" "PHO" "L" -3 NA NA NA NA NA NA NA NA NA NA NA NA NA NA NA NA
"80" "" 2018-04-06 36.72 "SAC" "@" "MEM" "W" 1 NA NA NA NA NA NA NA NA NA NA NA NA NA NA NA NA
"81" "" 2018-04-09 36.73 "SAC" "@" "SAS" "L" -13 NA NA NA NA NA NA NA NA NA NA NA NA NA NA NA NA
"82" "" 2018-04-11 36.74 "SAC" "" "HOU" "W" 13 NA NA NA NA NA NA NA NA NA NA NA NA NA NA NA NA
