"Rk" "G" "Date" "Age" "Tm" "H/A" "Opp" "W/L" "By Amt" "GS" "MP" "TS%" "eFG%" "ORB%" "DRB%" "TRB%" "AST%" "STL%" "BLK%" "TOV%" "USG%" "ORtg" "DRtg" "GmSc" "BPM"
"1" "1" 1993-11-05 22.85 "UTA" "" "DAL" "W" 16 0 1 NA NA 0 0 0 0 0 0 NA 0 0 109 0 -6
"2" "2" 1993-11-06 22.85 "UTA" "@" "MIN" "W" 10 0 16 0 0 13.6 14.3 14 0 2.9 7.8 0 7.8 46 88 1.1 -3.9
"3" "3" 1993-11-08 22.85 "UTA" "" "SEA" "L" -1 0 3 NA NA 0 47.1 21.3 0 0 0 NA 0 0 110 -0.1 -16.7
"4" "4" 1993-11-10 22.86 "UTA" "" "ATL" "W" 3 0 12 0.725 1 6.9 0 4.2 0 9.3 6.5 0 9.2 147 90 5.9 16.2
"5" "5" 1993-11-12 22.87 "UTA" "" "DET" "W" 20 1 28 0.563 0.5 4.1 8.8 6.3 0 3.7 5.4 25.3 19.1 87 91 6.1 -1.9
"6" "6" 1993-11-13 22.87 "UTA" "@" "DAL" "W" 1 1 18 0.4 0.4 8.9 0 4 7.7 6.2 0 16.7 16.3 87 114 2.5 -5.7
"7" "7" 1993-11-16 22.88 "UTA" "@" "ORL" "L" -18 1 19 0 0 0 0 0 7.9 2.6 0 0 8.7 13 119 -2 -10.9
"8" "8" 1993-11-17 22.88 "UTA" "@" "MIA" "W" 4 1 17 0.515 0.333 8.1 7.2 7.6 7.8 3.1 0 0 10.4 138 120 4.2 0.1
"9" "9" 1993-11-19 22.88 "UTA" "@" "PHI" "L" -9 1 26 0.845 0.875 4.3 17.3 9.8 21.1 3.8 0 0 15.1 172 126 17 9.5
"10" "10" 1993-11-20 22.89 "UTA" "@" "NYK" "W" 14 1 22 0 0 5.2 26.7 16.8 7.3 2.6 0 50 8.5 25 76 -0.4 -4.5
"11" "11" 1993-11-24 22.9 "UTA" "" "HOU" "L" -2 1 16 0.167 0.167 0 6.4 3.3 10.1 6.8 0 25 23.8 32 90 -2 -12
"12" "12" 1993-11-26 22.9 "UTA" "" "NJN" "W" 3 1 22 0.515 0.333 0 22.3 13 0 2.3 0 43.6 14.8 57 101 0.6 -9.9
"13" "13" 1993-11-27 22.91 "UTA" "@" "PHO" "L" -22 1 26 0.7 0.7 8.6 13.5 11 14.2 0 0 23.1 21 107 126 8.9 -1.3
"14" "14" 1993-11-30 22.92 "UTA" "" "DEN" "W" 11 1 23 0.654 0.667 0 19.4 9.6 0 0 5.9 22.5 15.5 95 93 5.8 0.6
"15" "15" 1993-12-02 22.92 "UTA" "" "IND" "W" 16 1 26 0.525 0.333 8.6 23.6 16.4 0 2 0 0 7.7 139 92 5.1 -0.6
"16" "16" 1993-12-04 22.93 "UTA" "" "CHH" "W" 14 1 24 0.589 0.545 16.3 10 13.5 10.8 6.1 0 0 19.8 145 103 15.3 10.1
"17" "17" 1993-12-06 22.93 "UTA" "" "NYK" "W" 7 1 25 0.429 0.429 4.9 5.6 5.3 0 4 6 12.5 14.5 84 94 4.5 0.1
"18" "18" 1993-12-08 22.94 "UTA" "" "WSB" "W" 22 1 21 0.429 0.429 6.5 11.4 9.1 5.8 2.4 0 0 14.7 105 99 4.9 -1.8
"19" "19" 1993-12-10 22.94 "UTA" "@" "DEN" "L" -9 1 17 0 0 5.1 7.6 6.1 0 2.8 0 25 9.4 15 105 -3.1 -14.7
"20" "20" 1993-12-11 22.95 "UTA" "@" "GSW" "L" -3 1 22 0.6 0.6 9.8 5.9 8 12.1 2.3 0 16.7 12 117 112 6.4 1.6
"21" "21" 1993-12-13 22.95 "UTA" "" "SAS" "W" 15 1 19 0.788 0.875 0 14.4 6.7 14.7 5.8 0 18.4 13.3 121 92 6 7.2
"22" "22" 1993-12-15 22.96 "UTA" "@" "MIN" "W" 2 1 25 0.619 0.625 0 20.8 10.1 28 0 5.1 0 15.6 125 92 11.2 8.3
"23" "23" 1993-12-17 22.96 "UTA" "@" "BOS" "W" 1 1 22 0.42 0.333 10.6 18.2 14.7 0 0 0 0 9.4 108 103 4.1 -2.4
"24" "24" 1993-12-18 22.96 "UTA" "@" "WSB" "W" 6 1 27 0.727 0.667 3.7 5.6 4.4 0 1.8 0 12.7 12.3 129 100 7.2 0.3
"25" "25" 1993-12-21 22.97 "UTA" "@" "CLE" "L" -15 1 17 0.75 0.75 0 0 0 31.7 9.3 0 0 17.3 150 112 9.9 15.1
"26" "26" 1993-12-23 22.98 "UTA" "@" "SAS" "W" 8 1 20 0.6 0.6 0 20 10.4 14.6 0 0 28.6 17.5 90 107 3.6 -2.3
"27" "27" 1993-12-27 22.99 "UTA" "" "MIN" "W" 4 1 11 0.5 0.5 0 27.9 13.9 0 9.8 0 33.3 11.9 62 79 1.3 -5.6
"28" "28" 1993-12-29 22.99 "UTA" "" "BOS" "W" 3 1 21 0.773 0.667 0 11.5 5.6 0 2.4 3.4 20.5 10.1 120 99 5.6 0.9
"29" "29" 1994-01-02 23.01 "UTA" "@" "POR" "W" 2 1 22 0.773 0.667 0 26 13.8 6.3 2.3 0 34 12.5 101 93 5.1 0.9
"30" "30" 1994-01-03 23.01 "UTA" "" "DAL" "W" 30 1 16 0.556 0.556 0 11.5 6.5 0 6.1 0 10 25.3 100 81 6.1 -1.1
"31" "31" 1994-01-05 23.01 "UTA" "" "PHO" "L" -16 1 14 0.167 0.167 15.2 50.4 30.4 9.6 3.7 0 0 19 64 101 2.4 -5.9
"32" "32" 1994-01-07 23.02 "UTA" "" "MIA" "L" -6 1 17 0.525 0.333 0 20.7 10.3 8.8 0 0 0 11.9 128 118 4.1 -2.4
"33" "33" 1994-01-08 23.02 "UTA" "@" "SEA" "L" -21 1 19 0.444 0.429 0 0 0 0 5.5 0 20.2 24.5 71 116 2.1 -6.4
"34" "34" 1994-01-13 23.04 "UTA" "@" "MIL" "W" 18 1 22 0.667 0.667 6.6 3.4 4.5 16.2 0 0 10 21.5 122 96 8.3 2.2
"35" "35" 1994-01-14 23.04 "UTA" "@" "CHI" "L" -16 1 21 0.483 0.5 4.9 11.1 7.8 0 7.6 0 0 20.1 104 108 6.5 1.3
"36" "36" 1994-01-16 23.04 "UTA" "@" "NJN" "L" -5 1 23 1 1 6.3 12 9.8 12.3 2.4 0 50 4.1 119 111 3.1 -0.4
"37" "37" 1994-01-17 23.05 "UTA" "@" "DET" "W" 15 1 24 0.405 0.333 0 4.8 2.7 16.2 4.3 0 0 16.2 107 98 6 -0.8
"38" "38" 1994-01-19 23.05 "UTA" "" "CLE" "W" 12 1 26 0.6 0.6 6 8.4 7.4 0 2.2 2.7 16.7 11.8 105 109 4.5 -1.3
"39" "39" 1994-01-21 23.06 "UTA" "" "SAC" "W" 29 1 25 0.304 0.333 11.5 11.3 11.4 15.9 4.1 3 0 16.6 99 85 7.6 2.8
"40" "40" 1994-01-22 23.06 "UTA" "@" "HOU" "L" -5 1 23 0.333 0.333 15.7 6.5 11.6 11 2.2 0 25 8 100 116 2.9 -4.3
"41" "41" 1994-01-24 23.07 "UTA" "" "SEA" "W" 5 1 14 0.174 0 8.4 7.8 8.1 18.5 3.9 5 51 18.6 42 99 -0.1 -6.3
"42" "42" 1994-01-26 23.07 "UTA" "@" "MIN" "L" -2 1 18 1.087 1 6.5 12.7 9.6 0 8.4 3.9 42 11.3 126 89 7.5 9.5
"43" "43" 1994-01-28 23.08 "UTA" "" "GSW" "W" 28 1 22 0.666 0.6 0 0 0 5 2.1 0 12.9 13.5 124 99 6.2 -1.6
"44" "44" 1994-02-01 23.09 "UTA" "" "HOU" "W" 16 1 18 0.5 0.5 15.7 5.9 10.1 8.6 5.9 0 25 20.8 91 93 4.6 0.7
"45" "45" 1994-02-03 23.09 "UTA" "" "CHI" "L" -9 1 12 0.5 0.5 0 0 0 0 0 0 0 16.1 99 111 0.8 -6.7
"46" "46" 1994-02-05 23.1 "UTA" "" "POR" "W" 14 1 6 0.25 0.25 0 32.7 20.3 0 8.1 0 0 29 56 94 0.8 -15.7
"47" "47" 1994-02-06 23.1 "UTA" "@" "LAL" "L" -17 1 12 0.167 0.167 15.1 0 8.9 14.3 4.4 0 14.3 25.5 53 117 -0.1 -11.8
"48" "48" 1994-02-09 23.11 "UTA" "" "LAL" "L" -7 0 9 0.399 0 0 12.4 5.9 0 0 0 21 23.3 76 119 -0.3 -18.2
"49" "49" 1994-02-16 23.13 "UTA" "@" "LAC" "W" 4 1 24 0.475 0.4 4.3 9.8 6.9 11.8 4.1 0 24 14.1 89 99 4.8 -1
"50" "50" 1994-02-18 23.13 "UTA" "@" "SAC" "L" -9 1 18 0.735 0.667 9 0 4.9 0 0 0 0 10.7 162 104 5.5 1.3
"51" "51" 1994-02-19 23.14 "UTA" "" "LAC" "W" 7 1 14 0.333 0.333 18.7 38.8 28.6 0 3.5 0 25 12 82 85 3.4 -2.9
"52" "52" 1994-02-21 23.14 "UTA" "" "PHI" "W" 27 1 23 0.5 0.5 6.1 19.9 13.7 4.8 4.2 0 0 14.6 118 89 7.8 -0.1
"53" "53" 1994-02-23 23.15 "UTA" "" "SAS" "W" 4 1 11 0.258 0.333 27.8 10.1 17.6 0 5.5 0 20.5 23.3 64 100 0.8 -8.1
"54" "54" 1994-02-25 23.15 "UTA" "" "PHO" "W" 20 0 6 1 1 0 0 0 29.6 0 0 0 15 201 112 4.1 18.5
"55" "55" 1994-03-05 23.18 "UTA" "@" "DAL" "W" 13 0 10 0 NA 0 9.2 5.7 0 0 6.7 0 4 0 103 -0.2 -2.9
"56" "56" 1994-03-08 23.18 "UTA" "" "MIN" "W" 14 0 17 0.25 0.25 11.5 15.3 13.1 0 3.1 0 0 10.1 84 94 1.8 -4.7
"57" "57" 1994-03-09 23.19 "UTA" "@" "POR" "L" -23 0 7 1 1 0 18 10.1 20.1 0 0 50 13.3 94 135 1.7 -0.2
"58" "58" 1994-03-23 23.22 "UTA" "" "ORL" "L" -5 0 7 NA NA 0 0 0 0 0 0 NA 0 0 120 -0.4 -7.8
"59" "59" 1994-03-25 23.23 "UTA" "" "MIL" "W" 7 0 1 0 0 0 0 0 0 0 0 0 48.2 0 114 -0.7 -53.4
"60" "60" 1994-04-07 23.27 "UTA" "" "DAL" "W" 17 0 5 0.315 0.333 34.3 0 19.8 0 10.1 0 0 37.5 85 78 2.1 3.3
"61" "61" 1994-04-09 23.27 "UTA" "" "LAC" "W" 24 0 16 0.726 0.75 16.2 14.6 15.4 0 0 10.7 24.4 20.9 114 99 7.2 2.9
"62" "62" 1994-04-12 23.28 "UTA" "" "SAC" "W" 35 0 17 0.602 0.5 0 5.4 3.3 6.7 0 0 0 16.8 131 101 5.8 -0.5
"63" "63" 1994-04-16 23.29 "UTA" "@" "GSW" "L" -4 0 11 0.906 1 8.6 20.3 13.9 0 0 0 42 17.7 104 110 3.6 -1.4
"64" "64" 1994-04-19 23.3 "UTA" "@" "SAC" "W" 7 0 5 0.568 NA 0 0 0 0 0 0 0 8.4 123 125 0.6 -6.2
"65" "65" 1994-04-21 23.3 "UTA" "" "POR" "W" 11 0 4 0.5 0.5 25 0 11.9 0 0 0 0 20.6 123 120 1.7 -0.1
"66" "66" 1994-04-22 23.31 "UTA" "@" "DEN" "W" 7 0 9 0.615 0.5 0 34.4 15.7 13.4 5.6 0 29.1 17.4 96 103 2.1 -3.1
"67" "67" 1994-04-24 23.31 "UTA" "@" "LAL" "W" 6 0 7 0.644 0.667 30.5 29.2 29.8 0 7.1 0 20.5 29.1 108 86 5.3 11.9
"1" "1" 1994-11-04 23.84 "UTA" "" "MIA" "W" 11 0 26 0.258 0 9.5 11.2 10.3 4.7 1.9 0 0 6.1 110 112 2.4 -3.4
"2" "2" 1994-11-05 23.85 "UTA" "@" "SEA" "L" -7 0 11 0.266 0 0 10.6 5.5 0 0 0 0 14.1 61 111 -0.3 -7.4
"3" "3" 1994-11-07 23.85 "UTA" "" "ATL" "W" 18 0 19 0.25 0.25 18 32.3 25.5 7 2.8 4 20 22.7 67 86 2.7 -6.5
"4" "4" 1994-11-09 23.86 "UTA" "@" "SAS" "L" -8 0 13 0.347 0.5 8.4 16.1 12.3 11.4 7.5 0 0 9.7 94 99 3.4 6
"5" "5" 1994-11-11 23.86 "UTA" "" "GSW" "L" -8 0 14 0.291 0.333 16.7 19 17.8 9.6 6.8 6.7 22.5 12.9 75 98 3.5 2.1
"6" "6" 1994-11-12 23.87 "UTA" "@" "DEN" "L" -9 0 13 0.868 1 0 9.2 5.1 0 0 0 0 9.8 171 128 3.5 0.5
"7" "7" 1994-11-14 23.87 "UTA" "" "NYK" "W" 13 0 17 1 1 9.7 8.6 9.1 0 0 0 33.3 8.4 123 111 2.2 -1
"8" "8" 1994-11-18 23.88 "UTA" "" "DET" "W" 25 0 23 0.451 0.5 10.4 14.2 12.4 12.4 4.2 3.2 11.4 15.9 100 92 7 1.1
"9" "9" 1994-11-19 23.88 "UTA" "@" "GSW" "L" -4 0 13 0 0 7.7 9.5 8.5 0 0 0 25 11.5 17 126 -2.5 -16.6
"10" "10" 1994-11-23 23.9 "UTA" "" "SEA" "W" 10 0 4 NA NA 0 0 0 0 0 0 100 22.4 0 109 -2 -23.4
"11" "11" 1994-11-25 23.9 "UTA" "" "CHI" "W" 30 0 18 0.654 0.583 7.8 13.7 11 13.7 2.9 0 12.7 19.8 133 102 7.9 3.2
"12" "12" 1994-11-27 23.91 "UTA" "@" "SAC" "W" 5 0 12 1.125 1.125 12.5 17.4 15.4 21.1 0 0 33.3 23.3 124 106 7.8 17.5
"13" "13" 1994-11-29 23.91 "UTA" "@" "POR" "W" 11 0 7 0.333 0.333 0 18 9.5 0 0 0 0 21.1 75 114 -0.2 -16.8
"14" "14" 1994-12-01 23.92 "UTA" "" "MIN" "L" -2 0 15 0.735 0.667 0 0 0 0 0 0 0 16 155 122 5.3 0.2
"15" "15" 1994-12-03 23.92 "UTA" "@" "DAL" "W" 25 0 18 0.583 0.583 16.2 21.1 18.8 7.2 0 0 14.3 17.8 119 99 4.4 -1.6
"16" "16" 1994-12-06 23.93 "UTA" "" "CHH" "L" -9 0 5 1.136 NA 0 0 0 0 0 0 0 8.2 250 134 1.6 1.6
"17" "17" 1994-12-08 23.94 "UTA" "@" "SAS" "W" 3 0 37 0.509 0.455 3.3 13.9 8.5 8.9 1.4 2.4 0 15.9 114 105 11.5 5.1
"18" "18" 1994-12-10 23.94 "UTA" "" "LAL" "L" -7 0 18 0.46 0.45 7.4 0 3.6 16.5 8 0 31.5 36.5 71 111 3.1 -8.7
"19" "19" 1994-12-12 23.95 "UTA" "" "POR" "W" 12 0 21 0.644 0.667 0 9.3 5.4 0 5 0 0 8.6 128 95 5.1 2.5
"20" "20" 1994-12-14 23.95 "UTA" "@" "MIN" "W" 8 0 7 0 0 20.2 0 10.5 0 0 0 41 33.7 15 121 -3.5 -39.8
"21" "21" 1994-12-17 23.96 "UTA" "@" "CHI" "W" 8 0 12 0.667 0.667 0 10.3 5.4 0 0 0 0 12.1 135 107 1.4 -2.9
"22" "22" 1994-12-18 23.96 "UTA" "@" "MIL" "W" 3 0 13 0.333 0.333 10.5 11.9 11.2 23.4 3.8 0 14.3 24.6 79 100 2.6 -3.9
"23" "23" 1994-12-20 23.97 "UTA" "@" "PHI" "W" 3 0 18 0.333 0.333 8.9 0 3.9 0 0 4.6 14.3 18.1 69 103 0.2 -7.6
"24" "24" 1994-12-22 23.98 "UTA" "@" "ATL" "W" 9 1 27 0.517 0.5 11.5 12.4 12 5.4 4.1 0 8.6 21.2 106 104 8.6 -0.2
"25" "25" 1994-12-28 23.99 "UTA" "" "IND" "W" 22 1 16 0.417 0.2 8.6 26.5 17.4 0 0 0 0 19.5 101 101 2.9 -11
"26" "26" 1994-12-30 24 "UTA" "" "HOU" "L" -8 1 36 0.492 0.45 3.2 17.5 10 0 7.3 0 19.7 18.6 84 110 8.8 0.4
"27" "27" 1995-01-03 24.01 "UTA" "" "MIL" "W" 32 1 26 0.723 0.65 5.1 6 5.5 4.9 5.8 0 0 19.4 163 94 16.3 8
"28" "28" 1995-01-05 24.01 "UTA" "" "SAS" "L" -1 1 27 0.902 0.833 0 4.8 2.3 5 0 3.4 0 6.5 183 116 7 5.8
"29" "29" 1995-01-07 24.02 "UTA" "" "PHI" "W" 21 1 22 0.652 0.625 11.8 0 5.5 0 0 4 10.6 19.4 121 105 6.5 -0.4
"30" "30" 1995-01-09 24.02 "UTA" "" "DAL" "W" 16 1 22 0.5 0.5 6.6 4.2 5.1 0 2.3 0 0 8.3 115 100 2.4 -2.2
"31" "31" 1995-01-11 24.03 "UTA" "" "DEN" "W" 26 1 31 0.651 0.667 9.7 18.6 15.1 0 3.5 0 15.7 19.4 111 94 11.3 1
"32" "32" 1995-01-13 24.04 "UTA" "@" "BOS" "W" 2 1 27 0.592 0.6 15.7 14.8 15.2 0 8.2 0 12.9 14.3 116 97 9.7 5.7
"33" "33" 1995-01-14 24.04 "UTA" "@" "NYK" "W" 5 1 23 0.63 0.333 5.2 31.3 18.3 0 2.4 0 0 10.5 144 90 6.6 3.5
"34" "34" 1995-01-16 24.04 "UTA" "@" "IND" "W" 1 1 31 0.291 0.167 4.4 19 12.2 8.7 1.9 0 30.4 15.3 62 106 0.6 -5.9
"35" "35" 1995-01-18 24.05 "UTA" "@" "DET" "W" 13 1 24 0.625 0.625 4.2 10.8 7.1 0 4.3 0 11.1 16.5 106 91 7.9 0.8
"36" "36" 1995-01-20 24.05 "UTA" "" "CLE" "W" 10 1 14 NA NA 0 15.6 9.4 0 0 0 100 3.9 0 106 -0.8 -8.2
"37" "37" 1995-01-23 24.06 "UTA" "" "DAL" "W" 5 1 13 0.4 0.4 0 23.1 10.7 9.8 4 0 16.7 21.2 76 115 1.4 -9.5
"38" "38" 1995-01-25 24.07 "UTA" "" "SAC" "W" 42 1 17 0.403 0.429 0 6 3.5 15.5 2.9 4.3 0 19.3 93 91 4.5 -1.3
"39" "39" 1995-01-26 24.07 "UTA" "@" "SEA" "W" 12 0 6 1.042 1 25 0 11.1 0 0 0 58.1 25.8 82 125 1.4 -4.8
"40" "40" 1995-01-28 24.08 "UTA" "" "NJN" "W" 17 0 4 0 0 0 0 0 0 0 0 0 11.9 0 116 -0.7 -18.9
"41" "41" 1995-01-30 24.08 "UTA" "" "MIN" "W" 35 0 9 0.525 0.333 0 10.7 6.9 0 6 0 0 25.8 118 83 3.8 -0.5
"42" "42" 1995-02-01 24.09 "UTA" "" "DEN" "W" 41 0 12 0.167 0.167 11.1 45.5 30 8.5 0 0 0 21.7 76 85 -0.5 -18.3
"43" "43" 1995-02-02 24.09 "UTA" "@" "HOU" "L" -20 0 3 1 1 0 48.5 21.9 88.9 17.5 0 0 14.6 201 95 3.3 41.7
"44" "44" 1995-02-04 24.1 "UTA" "@" "DAL" "L" -21 0 10 0.5 0.5 0 0 0 59.6 5.2 0 0 8.6 153 131 4.8 13.6
"45" "45" 1995-02-08 24.11 "UTA" "" "PHO" "L" -4 0 8 0.5 0.5 0 0 0 0 0 0 0 11.2 100 117 1 -4.1
"46" "46" 1995-02-14 24.12 "UTA" "@" "SAS" "L" -16 0 3 0 0 0 0 0 0 0 0 0 29.7 0 126 -1.4 -31
"47" "47" 1995-02-18 24.13 "UTA" "" "BOS" "W" 10 0 1 NA NA 0 0 0 0 0 0 NA 0 0 118 0 -4.8
"48" "48" 1995-02-24 24.15 "UTA" "@" "POR" "L" -13 0 4 1.025 1 0 0 0 0 12.7 0 0 55.6 215 104 9.4 75.1
"49" "49" 1995-02-27 24.16 "UTA" "@" "LAL" "W" 6 0 9 0.5 0.5 31.4 16.2 23.9 15 0 0 0 10.7 146 114 2.6 -0.1
"50" "50" 1995-03-01 24.16 "UTA" "@" "GSW" "W" 13 0 5 NA NA 0 19.6 11.4 0 0 0 100 9.5 0 97 -0.7 -14.1
"51" "51" 1995-03-07 24.18 "UTA" "@" "SAC" "W" 7 0 5 0.568 NA 0 0 0 0 9.5 0 53.2 17.2 54 77 0.2 -2.5
"52" "52" 1995-03-08 24.18 "UTA" "" "DAL" "W" 27 0 3 0.515 0.5 0 0 0 0 33.7 0 0 56.6 106 33 3.5 33.5
"53" "53" 1995-03-10 24.19 "UTA" "" "SAC" "W" 17 0 3 0 0 0 0 0 0 0 0 50 29.2 0 110 -2.9 -54.1
"54" "54" 1995-03-25 24.23 "UTA" "@" "DAL" "L" -7 0 15 0.6 0.6 9.1 14.9 12.3 0 3.3 5.5 0 14.9 129 116 5.1 1.3
"55" "55" 1995-03-27 24.24 "UTA" "" "WSB" "W" 26 0 5 1 1 0 20 11.9 0 0 0 50 17.3 66 106 1 -6
"56" "56" 1995-03-28 24.24 "UTA" "@" "PHO" "W" 9 0 1 NA NA 0 0 0 0 0 0 NA 0 0 118 0 -1.3
"57" "57" 1995-04-01 24.25 "UTA" "@" "LAC" "L" -18 0 3 0 0 0 0 0 0 0 0 0 32.5 0 133 -1.8 -43
"58" "58" 1995-04-04 24.26 "UTA" "" "SEA" "W" 22 0 3 0.333 0.333 0 0 0 57.1 0 0 0 45.3 97 113 1 -10.8
"59" "59" 1995-04-07 24.27 "UTA" "@" "LAL" "L" -23 0 13 0.26 0 8.2 17.6 12.7 0 0 5.5 14.8 21.2 63 115 0.8 -8.7
"60" "60" 1995-04-13 24.28 "UTA" "" "GSW" "W" 19 0 6 0.333 0.333 17 0 9.2 0 0 0 0 18.8 102 112 0.6 -12.3
"61" "61" 1995-04-15 24.29 "UTA" "" "LAC" "W" 22 0 12 0.658 0.333 0 43.6 27 11.4 0 5.7 0 23.9 148 76 8.7 8.4
"62" "62" 1995-04-18 24.3 "UTA" "@" "MIN" "W" 19 0 5 0 0 0 22.9 12.3 23.4 10.6 0 0 19.2 29 85 0.6 -3
"63" "63" 1995-04-19 24.3 "UTA" "" "HOU" "W" 19 0 2 0.75 0.75 0 0 0 0 0 0 0 42.4 148 112 2 25.2
"1" "1" 1995-11-03 24.84 "UTA" "" "SEA" "W" 18 0 2 1.5 1.5 0 70.6 31.6 0 0 0 0 21.9 300 101 3 54.8
"2" "2" 1995-11-05 24.85 "UTA" "@" "POR" "L" -4 0 10 0.5 0.5 0 13 6.5 0 5.1 0 0 12.8 116 112 2.6 5.6
"3" "3" 1995-11-10 24.86 "UTA" "" "DEN" "W" 23 0 3 0.868 1 0 0 0 0 0 0 25.8 57.4 104 106 3 9.8
"4" "4" 1995-11-13 24.87 "UTA" "@" "TOR" "W" 3 0 6 0.266 0 0 0 0 0 9 0 34.7 22.9 38 103 -0.9 -17
"5" "5" 1995-11-15 24.87 "UTA" "@" "BOS" "W" 12 0 8 0.266 0 15.4 14.3 14.8 16.2 0 0 0 10.6 104 101 1.6 -0.6
"6" "6" 1995-11-17 24.88 "UTA" "@" "DET" "W" 5 0 4 0 0 0 0 0 0 0 0 0 12.7 0 106 -0.7 -15.2
"7" "7" 1995-11-18 24.88 "UTA" "@" "MIN" "W" 24 0 5 0.387 0.333 0 0 0 0 10.2 0 20.5 41.9 70 96 0.9 -14.9
"8" "8" 1995-11-20 24.89 "UTA" "" "NJN" "W" 26 0 3 0 0 0 32 17.8 44.4 0 0 0 42 28 81 -1.1 -30.9
"9" "9" 1995-11-24 24.9 "UTA" "" "CHI" "L" -5 0 5 0.667 0.667 0 0 0 75 0 0 0 27.2 134 110 3 15.4
"10" "10" 1995-11-25 24.9 "UTA" "@" "DEN" "L" -3 0 16 0.532 0.333 7.3 7 7.1 10.7 3.4 5.6 0 16.1 130 104 5.7 6.5
"11" "11" 1995-11-27 24.91 "UTA" "@" "PHO" "W" 9 1 16 0.875 0.875 16.7 5.7 10.1 9.1 0 0 0 11.1 182 115 7 9.3
"12" "12" 1995-11-30 24.92 "UTA" "@" "HOU" "W" 7 1 32 0.903 0.786 4.8 14 10.1 5.3 4.8 2.6 0 15.5 189 105 20.8 16.8
"13" "13" 1995-12-05 24.93 "UTA" "" "HOU" "L" -3 1 39 0.563 0.563 2.8 11.7 7.2 4.4 1.3 2.5 11.1 9.6 111 110 6.7 0.8
"14" "14" 1995-12-07 24.93 "UTA" "" "DEN" "L" -5 1 21 0.563 0.563 4.5 0 2.8 12.7 0 0 18.4 20.8 109 146 5.7 -5.4
"15" "15" 1995-12-09 24.94 "UTA" "" "GSW" "W" 14 1 21 0.643 0.643 10.9 7.9 9.7 0 0 5.2 12.5 15.9 123 122 5.5 -1.9
"16" "16" 1995-12-11 24.95 "UTA" "" "CHH" "W" 10 1 21 0.174 0 0 7.4 3.5 10.6 4.7 0 0 6.1 78 98 1.7 0
"17" "17" 1995-12-15 24.96 "UTA" "@" "ORL" "L" -12 1 16 1.167 1.167 6.8 7.1 7 0 7.1 0 0 8.8 230 121 8.3 14.5
"18" "18" 1995-12-16 24.96 "UTA" "@" "MIA" "W" 9 1 13 1.064 1 0 9.5 5.4 0 0 0 51.5 16.1 91 102 0.8 -8.3
"19" "19" 1995-12-18 24.96 "UTA" "@" "NJN" "W" 7 1 7 0.568 NA 0 16.3 8.8 0 0 0 36.2 18.2 74 115 0.5 -8.8
"20" "20" 1995-12-23 24.98 "UTA" "@" "CHI" "L" -14 0 13 0.515 0.333 0 27.7 12.9 0 4.3 0 20.5 16.8 93 107 1.6 -5.5
"21" "21" 1995-12-28 24.99 "UTA" "" "MIN" "W" 16 0 20 0 0 0 12 6.2 6.3 2.6 0 12.5 18.7 8 92 -4.4 -19.3
"22" "22" 1995-12-30 25 "UTA" "" "LAL" "W" 17 0 3 NA NA 0 0 0 0 0 0 NA 0 0 102 0 -5.5
"23" "23" 1996-01-02 25.01 "UTA" "@" "DAL" "W" 10 0 4 0 0 0 0 0 0 0 0 0 23.9 0 114 -1.4 -29.4
"24" "24" 1996-01-03 25.01 "UTA" "@" "SAS" "L" -14 0 7 0 0 17.6 21.4 19.3 18.5 0 0 0 11.9 56 120 -0.2 -7.6
"25" "25" 1996-01-05 25.01 "UTA" "@" "LAL" "L" -16 0 7 0 0 15.6 19.6 17.4 55.6 0 0 33.3 18.6 61 127 0.3 -6.5
"26" "26" 1996-01-08 25.02 "UTA" "" "MIA" "W" 2 0 4 1 1 30 0 15.4 0 0 0 66.7 37.4 57 114 0 -19.1
"27" "27" 1996-01-15 25.04 "UTA" "@" "HOU" "L" -8 0 8 0 0 0 34.3 14.8 0 6.4 0 60 28 0 104 -2.8 -23.7
"28" "28" 1996-01-19 25.05 "UTA" "" "ORL" "W" 12 0 7 0.5 0.5 0 19 10.2 0 7.7 0 0 13.3 105 99 1.9 1.5
"29" "29" 1996-01-20 25.05 "UTA" "@" "LAC" "W" 24 0 2 NA NA 0 0 0 0 0 0 100 22 0 104 -1.8 -46.6
"30" "30" 1996-01-23 25.06 "UTA" "" "POR" "W" 24 0 2 1.025 1 0 0 0 0 0 0 0 58.3 208 89 4.4 56.3
"31" "31" 1996-01-24 25.07 "UTA" "@" "GSW" "W" 11 0 5 0 0 0 25.3 13.3 23.4 0 0 66.7 28.5 18 105 -1.7 -26.5
"32" "32" 1996-01-27 25.07 "UTA" "" "GSW" "W" 17 0 5 0.174 0 25.3 0 12.6 0 0 0 0 25.8 69 112 -0.5 -22
"33" "33" 1996-01-29 25.08 "UTA" "" "DET" "W" 9 0 4 NA NA 0 0 0 0 0 0 100 12.1 0 116 -1 -16.1
"34" "34" 1996-02-02 25.09 "UTA" "" "LAC" "W" 9 0 4 1.136 NA 0 30 16.9 0 24.6 0 69.4 31.4 68 60 2.3 13.6
"35" "35" 1996-02-04 25.1 "UTA" "@" "LAL" "L" -7 0 2 NA NA 0 0 0 68.6 0 0 NA 0 211 139 0.7 17.1
"36" "36" 1996-02-07 25.1 "UTA" "" "VAN" "W" 23 0 8 0.6 0.6 18.8 14.6 16.4 0 0 0 0 29 130 95 4.7 3.4
"37" "37" 1996-02-08 25.11 "UTA" "@" "DAL" "L" -3 0 22 0.377 0 0 48.6 21.5 0 0 5.2 13.1 16.3 77 121 2.8 -7.7
"38" "38" 1996-02-15 25.13 "UTA" "" "DAL" "W" 3 0 19 0.868 1 0 5.7 3 0 8.1 4.9 0 6.8 170 100 8 9.8
"39" "39" 1996-02-20 25.14 "UTA" "" "BOS" "W" 14 0 12 0 0 11.4 37.2 25.6 0 0 0 0 7.4 42 102 0.5 -9.1
"40" "40" 1996-02-22 25.15 "UTA" "" "TOR" "W" 16 0 2 0 0 0 100 64.9 0 0 0 50 48.8 0 95 -1.5 -60.4
"41" "41" 1996-02-26 25.16 "UTA" "" "PHO" "W" 23 0 3 0.5 0.5 0 43.2 20.3 0 0 0 0 30.6 107 102 1.3 -4.7
"42" "42" 1996-02-28 25.16 "UTA" "" "WSB" "W" 22 0 19 0.174 0 0 16.5 8.8 18.9 2.6 4.1 0 6.3 98 94 3.1 2.3
"43" "43" 1996-03-01 25.17 "UTA" "" "NYK" "W" 11 0 17 0.34 0.3 14.1 14.5 14.3 0 0 0 14.5 19.1 80 108 0.7 -9.3
"44" "44" 1996-03-05 25.18 "UTA" "@" "SAC" "W" 15 0 1 NA NA 0 0 0 0 0 0 NA 0 0 120 0 -5.9
"45" "45" 1996-03-06 25.18 "UTA" "" "IND" "W" 7 0 4 NA NA 0 0 0 38.7 0 0 NA 0 219 117 0.3 2.8
"46" "46" 1996-03-08 25.19 "UTA" "" "HOU" "W" 20 0 6 0.75 0.75 0 0 0 0 0 0 0 15.6 138 104 0.4 -8.2
"47" "47" 1996-03-10 25.19 "UTA" "@" "MIN" "W" 8 0 7 0 0 0 31.9 15.2 19 7.3 0 0 12.1 32 88 0.5 -4.1
"48" "48" 1996-03-12 25.2 "UTA" "@" "ATL" "L" -26 0 9 0 0 0 0 0 0 0 0 0 19 0 131 -2.8 -22.4
"49" "49" 1996-03-13 25.2 "UTA" "@" "CHH" "L" -6 0 6 0.568 NA 0 0 0 0 0 0 0 7 122 106 -0.2 -9.3
"50" "50" 1996-03-18 25.21 "UTA" "@" "MIL" "W" 17 0 1 0 0 0 100 67.6 0 0 0 0 45.6 0 73 -0.4 -42.7
"51" "51" 1996-03-20 25.22 "UTA" "" "PHI" "W" 23 0 7 0.694 0.5 0 14.6 8.5 20.1 7.6 0 25.8 24.6 116 83 4 9.8
"52" "52" 1996-03-25 25.23 "UTA" "" "DAL" "W" 17 0 6 0.333 0.333 22.2 0 8.3 0 0 0 40 37.8 50 107 -1.4 -30.4
"53" "53" 1996-03-29 25.24 "UTA" "" "VAN" "W" 14 0 14 0.25 0.25 8.4 0 3.9 10.2 0 0 0 12.8 89 111 0.2 -10
"54" "54" 1996-04-04 25.26 "UTA" "@" "PHO" "L" -7 0 3 0 0 37.2 0 20.3 0 0 0 50 29.8 30 125 -1 -27.5
"55" "55" 1996-04-07 25.27 "UTA" "@" "SAC" "W" 15 0 1 1 1 0 0 0 0 0 0 0 49.9 200 119 1.7 39.1
"56" "56" 1996-04-10 25.28 "UTA" "" "PHO" "W" 24 0 3 1 1 0 0 0 0 0 0 50 32.1 64 94 0.3 -13.1
"57" "57" 1996-04-16 25.29 "UTA" "" "LAC" "W" 23 0 16 0.781 0.625 16.2 13.3 14.6 9.1 3.3 4.6 14.8 19 150 91 9.6 12.9
"58" "58" 1996-04-18 25.3 "UTA" "@" "VAN" "W" 15 0 27 0.625 0.625 20.7 16.2 18.4 0 6.1 0 20 8.5 127 83 9.3 7.7
"59" "59" 1996-04-20 25.3 "UTA" "" "SAC" "W" 12 0 19 0.828 0.75 0 0 0 20.5 2.9 0 23.1 20 140 109 8.5 8.9
"1" "1" 1996-11-01 25.84 "UTA" "" "SEA" "W" 8 1 34.4333333333333 0.615 0.563 0 6.4 3.2 9.5 0 2.5 9.3 15 116 110 7.3 1.5
"2" "2" 1996-11-02 25.84 "UTA" "@" "LAC" "W" 5 1 36.1 0.702 0.571 3.3 10.8 6.9 9.6 3.1 0 8.1 16.3 144 103 14.7 6.5
"3" "3" 1996-11-04 25.85 "UTA" "" "HOU" "L" -3 1 32.35 0.372 0.333 0 11.8 5.2 5.7 0 3.3 8.5 17.7 75 90 1.8 -4.2
"4" "4" 1996-11-09 25.86 "UTA" "@" "HOU" "L" -6 1 38.1 0.222 0.222 2.9 5.5 4.3 4.3 5.6 0 10 12.2 51 99 3.1 -1.7
"5" "5" 1996-11-13 25.87 "UTA" "" "SAC" "W" 31 1 24 0.744 0.714 0 17 9.2 6.7 2.1 3.2 0 18.6 155 78 13.7 12.8
"6" "6" 1996-11-15 25.88 "UTA" "" "VAN" "W" 8 1 22.2 0.512 0.5 5.3 4.2 4.7 6 0 0 17 11.7 101 110 1.7 -9
"7" "7" 1996-11-16 25.88 "UTA" "@" "DAL" "W" 1 1 41.3333333333333 0.631 0.591 9.8 24.5 16.7 10.6 2.6 6.1 20.2 16.5 110 86 16.1 9.8
"8" "8" 1996-11-20 25.89 "UTA" "@" "LAL" "W" 16 1 37.5833333333333 0.776 0.833 4.2 12.4 9.4 3.6 4.1 0 23.7 10.6 103 102 9.3 2.1
"9" "9" 1996-11-21 25.89 "UTA" "" "GSW" "W" 5 1 27.25 0.322 0.167 4.4 20.4 12.7 5.2 3.9 3.2 20.5 15.9 70 95 2 -5.5
"10" "10" 1996-11-23 25.9 "UTA" "" "CHI" "W" 5 1 33.4833333333333 0.86 0.889 3.9 10.4 7.4 0 0 0 16.8 18.1 129 120 11.1 2.3
"11" "11" 1996-11-25 25.9 "UTA" "" "NJN" "W" 16 1 19.7833333333333 0.833 0.833 6 7.9 7.1 14.5 2.6 0 14.3 14.5 144 101 8.9 4.9
"12" "12" 1996-11-27 25.91 "UTA" "" "DEN" "W" 4 1 32.6 0.601 0.571 12.6 13.6 13.1 13.2 0 3.5 32.5 16.6 98 118 7.2 -5.5
"13" "13" 1996-11-29 25.92 "UTA" "" "LAC" "W" 17 1 31.5 0.644 0.625 0 3.7 2 13.2 3.3 0 0 13.6 143 106 10.4 4.7
"14" "14" 1996-12-01 25.92 "UTA" "@" "SEA" "W" 6 1 27.4333333333333 0.5 0.5 0 16.9 8.7 10.6 4.1 0 0 10.6 116 99 6.4 5.5
"15" "15" 1996-12-02 25.92 "UTA" "" "CHH" "W" 10 1 30.3166666666667 0.742 0.857 0 12.6 7.3 13.7 0 0 10.2 15.5 130 117 10.1 3.3
"16" "16" 1996-12-04 25.93 "UTA" "" "LAL" "W" 26 1 26.2666666666667 0.781 0.625 12.3 9.9 10.7 11.4 2.1 0 14.8 12.9 150 87 9.9 7.5
"17" "17" 1996-12-06 25.93 "UTA" "" "MIN" "W" 11 1 35.1166666666667 0.63 0.417 10 12.1 11 3.9 1.6 0 17.4 14.9 125 110 9.3 -0.3
"18" "18" 1996-12-07 25.94 "UTA" "@" "DEN" "W" 13 1 26.5166666666667 0.806 0.875 9.9 23.4 16.8 0 0 2.8 0 11.6 168 107 10 4.3
"19" "19" 1996-12-10 25.95 "UTA" "" "IND" "W" 24 1 29.0833333333333 0.644 0.5 3.8 9.9 7.1 4.7 1.7 0 20.5 7.1 122 95 5.2 2
"20" "20" 1996-12-12 25.95 "UTA" "" "PHO" "L" -8 1 36 0.761 0.714 9.8 13.3 11.5 14 1.4 0 27.6 14 115 107 10.5 2.7
"21" "21" 1996-12-14 25.96 "UTA" "" "ORL" "W" 33 1 24 0.205 0.25 0 4.1 2.3 5.1 2.3 3.4 38.1 14.8 32 83 -2.7 -11.4
"22" "22" 1996-12-17 25.96 "UTA" "@" "NYK" "L" -5 1 26.8166666666667 0.717 0.625 13.7 11.5 12.7 17.5 4 0 17 9.8 144 106 10 10.5
"23" "23" 1996-12-19 25.97 "UTA" "@" "MIA" "W" 7 1 35.7 0.524 0.2 3.9 8.7 6.6 0 6 0 44 18.8 64 85 2.9 -4
"24" "24" 1996-12-20 25.97 "UTA" "@" "ORL" "W" 5 1 33.8833333333333 0.81 0.833 0 11.4 6.7 0 1.6 0 9.2 16.7 126 108 11.4 2.9
"25" "25" 1996-12-22 25.98 "UTA" "@" "CLE" "L" -6 1 39.3833333333333 0.742 0.714 0 11.5 5.7 18.6 2.7 2.2 10.2 12.3 136 109 13.8 8.5
"26" "26" 1996-12-23 25.98 "UTA" "@" "MIN" "L" -9 1 40.3333333333333 0.5 0.5 13.7 24.7 19.1 0 1.4 0 6.3 20.2 109 125 10.2 -2.4
"27" "27" 1996-12-26 25.99 "UTA" "" "POR" "W" 5 1 36.5166666666667 0.887 1 4.2 7.6 6 10.1 5.8 2.5 0 17.5 172 99 24.5 18.7
"28" "28" 1996-12-28 25.99 "UTA" "" "PHI" "W" 26 1 27.2 0.304 0.278 4.3 10.9 7.9 4.4 5.9 0 0 16.6 82 88 4.6 -4.8
"29" "29" 1996-12-30 26 "UTA" "@" "LAC" "L" -14 1 37.4166666666667 0.665 0.571 4.3 15.7 10.3 9.6 1.5 2.2 16 15.5 128 129 11.3 3.4
"30" "30" 1997-01-02 26.01 "UTA" "@" "SAS" "L" -3 1 6.68333333333333 0 0 0 18.5 9 0 0 0 0 7 0 97 -0.4 -9.8
"31" "31" 1997-01-04 26.01 "UTA" "" "MIA" "W" 3 1 29.8333333333333 0.828 0.875 0 15.2 7.7 6.6 3.6 0 13.1 12.9 136 90 11.1 8.8
"32" "32" 1997-01-06 26.02 "UTA" "@" "CHI" "L" -13 1 34.35 0.116 0.083 3.5 12.3 8.2 0 0 0 7.2 19.4 32 124 -6.5 -19.2
"33" "33" 1997-01-08 26.02 "UTA" "@" "MIL" "L" -7 1 26.1666666666667 0.3 0.3 0 0 0 10.5 0 0 0 17.3 85 126 -0.8 -12.9
"34" "34" 1997-01-09 26.02 "UTA" "@" "TOR" "L" -14 1 36.9 0.5 0.5 0 3.9 2 12.8 2.9 0 8.3 16.1 96 126 7.5 -4
"35" "35" 1997-01-11 26.03 "UTA" "@" "DET" "L" -10 1 34.1 0.667 0.667 0 22.3 11.1 15.3 1.8 0 25 12.1 99 106 5.9 2.8
"36" "36" 1997-01-13 26.04 "UTA" "@" "PHI" "W" 1 1 41.3166666666667 0.606 0.591 3.3 12.9 8.2 8.5 2.8 0 13.2 17.7 112 104 12 2.1
"37" "37" 1997-01-16 26.04 "UTA" "" "PHO" "W" 4 1 23.8833333333333 0.286 0.286 3.9 23.5 11.8 11.8 0 0 12.5 14 70 99 0.6 -8.8
"38" "" 1997-01-17 26.05 "UTA" "@" "VAN" "W" 38 NA NA NA NA NA NA NA NA NA NA NA NA NA NA NA NA
"39" "38" 1997-01-19 26.05 "UTA" "@" "POR" "L" -6 1 33.2666666666667 0.615 0.615 0 12.8 6.5 12 0 0 7.1 20.9 113 122 9 2.1
"40" "39" 1997-01-20 26.05 "UTA" "" "CLE" "W" 20 1 30.3166666666667 0.509 0.5 0 23.4 14.1 5.5 3.8 3 12.7 13.6 94 83 6.6 0.5
"41" "40" 1997-01-22 26.06 "UTA" "@" "PHO" "W" 12 1 33.55 0.625 0.625 4.2 17.6 10.7 0 3 0 11.1 12.2 110 107 7.7 -0.6
"42" "41" 1997-01-25 26.07 "UTA" "@" "HOU" "W" 5 1 46.3 0.477 0.467 7.2 7.7 7.4 6.9 2.4 0 5.6 18 106 106 11.7 1.9
"43" "42" 1997-01-28 26.08 "UTA" "" "DEN" "W" 15 1 38.35 0.547 0.545 0 8.1 4.5 0 2.6 2 7.8 14.9 105 104 8.3 -2.3
"44" "43" 1997-01-30 26.08 "UTA" "" "ATL" "W" 6 1 33.45 0.583 0.556 5.2 12.5 9.2 4 0 0 9.6 16.6 127 124 6.4 -0.3
"45" "44" 1997-02-01 26.09 "UTA" "@" "DAL" "L" -3 1 35.0166666666667 0.615 0.625 10.8 21.8 15.9 9 4.8 4.8 9.3 13.1 134 103 16.1 11.8
"46" "45" 1997-02-03 26.09 "UTA" "" "WSB" "W" 22 1 38.15 0.697 0.611 0 18 11.3 7.7 2.7 0 8.5 14.5 135 93 14 3.7
"47" "46" 1997-02-05 26.1 "UTA" "@" "SEA" "W" 4 1 32.65 0.381 0.286 0 9.1 4.8 13.6 6.4 0 27.6 16.3 68 100 4.4 -0.6
"48" "47" 1997-02-11 26.12 "UTA" "@" "SAC" "W" 22 1 24.2166666666667 0.51 0.4 0 15.8 7.6 5.3 4.3 0 0 11 121 102 5.7 -0.9
"49" "48" 1997-02-13 26.12 "UTA" "" "POR" "W" 24 1 29.8666666666667 0.82 0.875 0 12.5 7.5 5.1 1.6 4.4 9.3 15.7 139 89 14.5 9.5
"50" "49" 1997-02-15 26.13 "UTA" "" "DAL" "W" 15 1 28.95 0.605 0.643 0 11.5 6.2 0 1.9 0 0 11.5 125 96 6.8 1.7
"51" "50" 1997-02-18 26.13 "UTA" "" "SAS" "W" 8 1 31.4166666666667 0.583 0.611 4.6 9.1 6.8 8.8 1.7 0 9.6 15.8 110 120 7.8 -3.9
"52" "51" 1997-02-20 26.14 "UTA" "" "BOS" "W" 17 1 34.2333333333333 0.765 0.7 0 6.6 3.6 7.6 1.4 0 0 14.1 173 112 15.2 3.3
"53" "52" 1997-02-23 26.15 "UTA" "" "SEA" "L" -2 1 34.6833333333333 0.307 0.313 0 7.4 3.7 16.8 4.9 0 9.3 16.1 67 95 3.5 -1
"54" "53" 1997-02-25 26.15 "UTA" "" "NYK" "W" 11 1 39.7333333333333 0.515 0.444 0 10.9 4.3 3.8 3.7 0 0 12 112 104 10.3 0.2
"55" "54" 1997-02-27 26.16 "UTA" "" "TOR" "W" 4 1 25.5833333333333 0.924 1 0 14.4 8.2 0 4 3.3 17.9 20.7 132 114 14.1 4.7
"56" "55" 1997-02-28 26.16 "UTA" "@" "POR" "L" -10 1 26.3 0.625 0.625 6.4 6.6 6.5 4.8 6.2 0 33.3 11.1 90 123 4.5 -0.9
"57" "56" 1997-03-02 26.17 "UTA" "@" "VAN" "W" 7 1 28.8333333333333 0.63 0.633 4.5 7.7 6.2 12.9 3.8 0 5.9 27.7 125 99 14.8 8.5
"58" "57" 1997-03-03 26.17 "UTA" "@" "GSW" "W" 7 1 33.75 0.571 0.5 0 26.1 12.8 8.1 0 0 0 13.3 128 127 6.8 -6.3
"59" "58" 1997-03-05 26.18 "UTA" "" "DAL" "W" 31 1 26.2833333333333 0.583 0.583 0 4.2 2.4 10.4 7.3 0 25 16 98 83 5.9 1.7
"60" "59" 1997-03-07 26.18 "UTA" "" "DET" "W" 7 1 27.3166666666667 0.399 0 11.9 4.3 7.5 0 4.3 0 0 7.1 118 105 3.7 -0.9
"61" "60" 1997-03-09 26.19 "UTA" "@" "MIN" "W" 9 1 40.1333333333333 1.006 1 11.6 15 13.5 3.4 2.6 2.4 9.6 12 176 115 19.9 10.6
"62" "61" 1997-03-11 26.19 "UTA" "@" "ATL" "L" -7 1 33.35 0.389 0.389 4.7 10.4 7.4 4.3 1.7 0 10 14.6 82 126 1.9 -6.2
"63" "62" 1997-03-12 26.19 "UTA" "@" "NJN" "W" 15 1 35.6 1.09 1.167 2.7 14 8.3 8.8 3 0 12.7 9.4 172 109 16.6 11.6
"64" "63" 1997-03-14 26.2 "UTA" "@" "IND" "W" 9 1 28.3 0.588 0.545 5.9 0 2.5 6.3 6.1 0 0 22.5 132 110 12.5 6.5
"65" "64" 1997-03-15 26.2 "UTA" "@" "WSB" "W" 7 1 36.15 0.717 0.688 4.6 7.6 6.3 0 1.5 0 9.3 14.5 133 108 10.1 5.7
"66" "65" 1997-03-17 26.21 "UTA" "@" "CHH" "W" 21 1 33.9166666666667 0.768 0.75 3.8 4 3.9 4.2 1.6 2.8 9.3 14.3 144 105 11.8 7
"67" "66" 1997-03-19 26.21 "UTA" "@" "BOS" "W" 13 1 27.85 0.379 0.318 9 3.8 6.2 25.8 3.8 0 14.4 20.7 109 112 7.2 -1.3
"68" "67" 1997-03-22 26.22 "UTA" "" "LAC" "W" 13 1 28.4166666666667 0.709 0.583 4.4 10.3 7.7 0 3.9 0 11.4 13.9 143 103 9.4 3.9
"69" "68" 1997-03-23 26.22 "UTA" "@" "DEN" "W" 17 1 28.4 0.286 0.286 0 16.7 10.1 11 1.8 0 22.2 15.3 64 111 0.6 -10.3
"70" "69" 1997-03-28 26.24 "UTA" "" "MIL" "W" 5 1 33.95 0.654 0.5 3.7 9.1 6.1 9.4 4.6 2.5 20.7 13.5 116 99 10.5 5.7
"71" "70" 1997-03-29 26.24 "UTA" "@" "SAS" "W" 13 1 40.5666666666667 0.856 0.857 9.4 6.3 7.6 0 0 2 0 11.6 180 117 15.4 5.3
"72" "71" 1997-04-02 26.25 "UTA" "" "SAC" "W" 31 1 24 0.731 0.731 12.9 3.8 7.2 14.3 2.1 0 0 23.4 160 98 16.4 12.2
"73" "72" 1997-04-04 26.26 "UTA" "" "VAN" "W" 27 1 24 0.778 0.778 0 17 10.1 0 6.8 0 18.2 22.1 105 81 11.9 7.5
"74" "73" 1997-04-06 26.26 "UTA" "@" "GSW" "W" 14 1 39.2833333333333 0.444 0.444 7.2 15 11.5 16.6 6.9 2.1 10 11.4 117 102 13.6 5.1
"75" "74" 1997-04-07 26.27 "UTA" "" "SAS" "W" 23 1 25.5166666666667 0.342 0.214 4.6 4.4 4.5 5.1 0 3 10.2 15.9 85 103 1.3 -8.3
"76" "75" 1997-04-09 26.27 "UTA" "" "LAL" "W" 12 1 31.9666666666667 0.465 0.389 0 27 16.5 0 0 2.7 8.5 17.5 88 96 5.7 -4.3
"77" "76" 1997-04-11 26.28 "UTA" "" "HOU" "W" 21 1 32.0166666666667 0.72 0.727 0 8 4.3 6.1 6.5 0 0 17.9 143 85 18.1 15.9
"78" "77" 1997-04-13 26.28 "UTA" "@" "LAL" "L" -2 1 30.95 0.68 0.7 11.1 9.9 10.3 5.5 1.8 0 25.4 13.1 107 117 5.7 -0.1
"79" "78" 1997-04-15 26.29 "UTA" "@" "PHO" "W" 5 1 37.45 0.651 0.5 3.8 10.2 7.2 12.6 1.4 0 8 15 139 131 13.8 1.9
"80" "79" 1997-04-17 26.29 "UTA" "" "GSW" "W" 13 1 15.5333333333333 0.51 0.5 0 7.1 4.3 0 7 0 14.5 21.3 86 97 4.2 -1.8
"81" "80" 1997-04-19 26.3 "UTA" "" "MIN" "W" 12 1 24 0.554 0.417 14.6 25.6 20 12.5 4.2 0 15.6 24 112 93 11.6 2.9
"82" "81" 1997-04-20 26.3 "UTA" "@" "SAC" "W" 4 1 12 0.515 0.333 0 0 0 10.3 9.3 0 0 15.9 127 114 4.6 5.4
"1" "1" 1997-10-31 26.83 "UTA" "@" "LAL" "L" -17 1 26.25 0.333 0.333 3.6 8.8 5.9 6.6 0 0 25 6.4 71 121 -1.1 -9.9
"2" "2" 1997-11-01 26.84 "UTA" "" "DEN" "W" 18 1 21.1333333333333 0.608 0.5 0 4.9 2.7 6.8 2.7 0 0 11.7 155 102 5.4 -1.3
"3" "3" 1997-11-03 26.84 "UTA" "" "WAS" "L" -4 1 33.3 0.354 0.333 0 6.2 3.2 17 0 0 0 13.6 85 105 2.6 -4.7
"4" "4" 1997-11-04 26.84 "UTA" "@" "PHO" "L" -22 1 30.9833333333333 0.25 0.25 0 25.8 11.1 5.6 3.3 0 25 11.3 45 110 0.1 -6.3
"5" "5" 1997-11-07 26.85 "UTA" "@" "DEN" "W" 2 1 27.2 0.628 0.5 0 0 0 0 1.9 4.5 18.6 19 104 102 6.5 -0.2
"6" "6" 1997-11-08 26.85 "UTA" "@" "SAS" "L" -7 1 30.7 0.425 0.3 7.6 8.4 7.9 8.9 5.4 0 14.5 10.8 93 96 5 3.2
"7" "7" 1997-11-12 26.87 "UTA" "" "VAN" "W" 18 0 26.3333333333333 0.372 0.333 3.8 12.6 7.9 0 2.1 0 0 18 94 92 3.9 -6.3
"8" "8" 1997-11-14 26.87 "UTA" "" "SEA" "W" 6 0 24.85 0.924 0.857 0 20.2 10.7 7 2.3 0 0 17.8 195 119 16.2 15.8
"9" "9" 1997-11-15 26.87 "UTA" "@" "DAL" "W" 8 0 24 0.338 0.25 5.1 9.8 7.5 0 4.7 0 0 17.9 86 89 4.1 -3
"10" "10" 1997-11-18 26.88 "UTA" "" "LAL" "L" -5 0 25.4 0 0 4.8 19.2 12 5.6 0 0 20 9.7 26 117 -2 -12.4
"11" "11" 1997-11-20 26.89 "UTA" "@" "SAC" "L" -2 0 32.4166666666667 0.369 0.3 7.9 20.2 13.9 4.9 0 0 0 17.1 92 112 4.4 -7.6
"12" "12" 1997-11-22 26.89 "UTA" "" "SAS" "W" 29 0 21.95 0.907 0 7.3 10.1 9 0 2.5 3.5 28.7 15.2 144 84 8.5 6.8
"13" "13" 1997-11-24 26.9 "UTA" "" "MIN" "W" 9 0 29.1 0.893 1 0 9.6 6.9 10.5 1.8 0 9.5 17.2 156 121 14.3 6.2
"14" "14" 1997-11-28 26.91 "UTA" "" "GSW" "W" 29 0 24 0.291 0.167 6.3 17.5 13.5 4.9 0 4.9 0 12.4 86 85 4.5 -4.2
"15" "15" 1997-11-29 26.91 "UTA" "@" "LAC" "W" 3 0 19.8833333333333 0.37 0.2 10.7 27.9 19.1 7.4 8 0 12.9 16.8 92 86 6.3 1.7
"16" "16" 1997-12-01 26.92 "UTA" "" "NJN" "W" 5 0 24 0.37 0.2 0 18.8 8.7 6.3 6.5 0 0 12.5 96 95 4.9 1.1
"17" "17" 1997-12-03 26.92 "UTA" "" "TOR" "W" 17 0 28.1666666666667 0.696 0.682 8.6 11.2 10 24.7 3.8 2.4 0 20 177 104 20.2 17.7
"18" "18" 1997-12-05 26.93 "UTA" "@" "POR" "L" -17 0 29.6 0.25 0.25 0 9.4 4.4 6.7 5.7 0 20 15.6 47 106 0.7 -7.1
"19" "19" 1997-12-08 26.94 "UTA" "" "IND" "W" 9 0 26.55 0.473 0.333 8.6 5.8 7.4 10.8 2 0 9.5 17 111 108 6.3 0.4
"20" "20" 1997-12-09 26.94 "UTA" "@" "SAC" "L" -12 0 31.2666666666667 0.515 0.389 15 15.2 15.1 10.5 1.6 1.7 7.9 17.8 120 115 10.6 2.4
"21" "21" 1997-12-12 26.95 "UTA" "" "DAL" "W" 2 0 29.7666666666667 0.366 0.167 5.9 17.3 12.5 0 6.9 7.3 19.6 20 73 79 4.5 -0.1
"22" "22" 1997-12-15 26.96 "UTA" "@" "WAS" "L" -2 0 29.9666666666667 0.625 0.625 0 8.9 5.3 10.4 1.7 2 20 7.5 102 95 4 1.9
"23" "23" 1997-12-16 26.96 "UTA" "@" "MIA" "W" 8 0 32.8166666666667 0.479 0.333 0 9.7 5.7 17.3 0 0 13.8 21.1 97 112 7 -3.5
"24" "24" 1997-12-18 26.96 "UTA" "@" "ORL" "W" 12 0 24.9666666666667 0.347 0.25 4.9 25.9 15.2 19.1 0 0 34.2 17 65 92 2.1 -6
"25" "25" 1997-12-21 26.97 "UTA" "@" "CLE" "L" -5 0 22.35 0.597 0.55 16.8 5.7 11.3 15.5 0 7.4 8.4 23.8 126 115 11.8 10.2
"26" "26" 1997-12-22 26.98 "UTA" "@" "ATL" "W" 2 0 24.25 0.455 0.389 4.5 18.2 10.4 0 7.1 0 0 19 114 106 7.3 3.2
"27" "27" 1997-12-25 26.98 "UTA" "" "HOU" "W" 4 0 28.1166666666667 0.515 0.333 5.9 27.1 17.9 8.7 2 0 20.5 8.4 114 114 5 -0.4
"28" "28" 1997-12-27 26.99 "UTA" "" "POR" "L" -11 0 26.25 0.196 0.125 0 10.3 4.5 5.7 2 0 8.9 19.6 44 112 -2.7 -14.2
"29" "29" 1997-12-28 26.99 "UTA" "@" "VAN" "W" 1 0 24.05 0.414 0.4 5 5.4 5.2 6.7 4.5 0 8.4 23.9 85 99 5.1 -3.3
"30" "30" 1997-12-30 27 "UTA" "@" "DEN" "W" 33 0 20.65 0.717 0.625 16.3 25.4 21.9 5.3 0 0 29.1 13.9 119 102 5 -2.2
"31" "31" 1998-01-03 27.01 "UTA" "" "ATL" "W" 15 0 24 0.75 0.75 0 13.6 8.1 12.9 0 0 0 12.3 157 104 7.9 5.1
"32" "32" 1998-01-06 27.02 "UTA" "" "PHI" "W" 3 0 24.15 0.444 0.429 11.9 4.7 7.9 0 2.4 0 27.6 22.3 71 111 1.4 -12.4
"33" "33" 1998-01-08 27.02 "UTA" "" "MIL" "W" 7 0 24 0.871 0.875 0 0 0 6.7 2.1 2.4 17 23.4 133 120 12.6 6.9
"34" "34" 1998-01-10 27.03 "UTA" "@" "HOU" "W" 27 0 20.0666666666667 0.512 0.5 0 28.6 16.9 11.1 2.7 0 0 11.4 128 89 5.3 0
"35" "35" 1998-01-12 27.03 "UTA" "" "CLE" "W" 7 0 24.1166666666667 0.945 0.917 0 5.1 3 0 0 0 30.4 20 102 115 6.1 -1.2
"36" "36" 1998-01-16 27.04 "UTA" "@" "POR" "L" -10 0 31.4 0.571 0.429 0 4.3 2 16.1 3.5 0 9.4 15.6 121 109 7.5 4.2
"37" "37" 1998-01-17 27.05 "UTA" "" "ORL" "W" 14 0 31 0.592 0.7 0 12.9 7.9 9.6 0 2.3 12.9 12.5 110 117 6.4 -0.1
"38" "38" 1998-01-19 27.05 "UTA" "" "DET" "W" 9 1 27.65 0.694 0.625 4 3.7 3.9 6 4.2 0 0 9.8 158 104 7.7 6.2
"39" "39" 1998-01-21 27.06 "UTA" "" "GSW" "W" 13 0 21.05 0.405 0.389 0 19.9 10.2 14.2 0 0 9.2 23.5 91 99 2.9 -8.6
"40" "40" 1998-01-23 27.06 "UTA" "@" "IND" "L" -4 0 26.3333333333333 0.666 0.5 5.8 20.5 13.6 0 2 0 0 12.6 150 117 8 1.8
"41" "41" 1998-01-25 27.07 "UTA" "@" "CHI" "W" 7 0 23.3833333333333 0.509 0.417 0 19.2 11.6 6.5 6.8 0 12.7 15.8 100 92 6.6 5.5
"42" "42" 1998-01-28 27.08 "UTA" "" "SEA" "L" -8 0 27.7333333333333 0.51 0.5 11.4 8 9.4 15.8 0 0 25.4 13.4 97 117 3.8 -0.9
"43" "43" 1998-01-30 27.08 "UTA" "" "DAL" "W" 10 0 21.65 0.3 0.3 5.7 34.4 20.1 11.9 2.3 0 28.6 14 65 99 2.4 -5.2
"44" "44" 1998-02-01 27.09 "UTA" "@" "GSW" "W" 27 0 24 0.556 0.4 5.7 6.7 6.3 5 0 0 12.2 14.8 117 101 4.3 -7.7
"45" "45" 1998-02-03 27.09 "UTA" "@" "LAC" "L" -9 0 24 0.592 0.6 6.1 5.6 5.8 0 0 0 12.9 16.5 107 138 4.1 -8.8
"46" "46" 1998-02-04 27.1 "UTA" "" "CHI" "W" 8 0 32.9166666666667 0.825 0.857 0 11.5 6.1 4.7 1.7 2.1 11.3 13.5 128 109 10.4 6.1
"47" "47" 1998-02-10 27.11 "UTA" "" "LAC" "W" 8 0 24 0.58 0.5 4.9 4.5 4.7 5.6 0 0 11.4 15.4 118 112 5.5 -5.1
"48" "48" 1998-02-12 27.12 "UTA" "" "BOS" "W" 18 0 24.85 0.776 0.643 6.4 9.6 8.2 12.3 4 0 15.4 23.3 138 102 14.8 9.3
"49" "49" 1998-02-14 27.12 "UTA" "@" "SEA" "W" 20 0 36.8666666666667 0.935 1 0 11.4 6 0 3 2.8 0 7.8 179 104 11.5 8.5
"50" "50" 1998-02-16 27.13 "UTA" "" "CHH" "W" 6 0 32.0333333333333 0.563 0.563 3.8 15 9.4 0 3.4 0 18.4 15.4 98 97 5.5 -0.3
"51" "51" 1998-02-18 27.13 "UTA" "" "NYK" "W" 16 0 32.95 0.545 0.545 3.5 13.9 8.8 11.8 3.3 0 15.4 19.2 98 89 8 0
"52" "52" 1998-02-21 27.14 "UTA" "@" "SAS" "W" 2 0 29.7833333333333 0.46 0.4 14.1 13.3 13.7 0 3.9 0 0 9 117 92 6.9 5.3
"53" "53" 1998-02-24 27.15 "UTA" "" "MIA" "L" -2 0 27.9333333333333 0.415 0.286 4 13.2 8.4 9.9 3.8 0 0 15.4 107 113 7.7 0.1
"54" "54" 1998-02-26 27.16 "UTA" "" "PHO" "W" 11 0 22.05 0.425 0.4 13.2 5 8.5 6.1 0 0 0 12.7 115 118 3.5 -4.5
"55" "55" 1998-03-01 27.16 "UTA" "@" "HOU" "W" 6 0 30.3 0.83 0.786 8.4 22.9 16 0 0 7.6 0 15 179 108 17.2 15.1
"56" "56" 1998-03-03 27.17 "UTA" "@" "TOR" "W" 15 0 29.2166666666667 0.987 1 4.6 22.6 14.5 0 3.5 0 22 20.3 140 93 17.7 11.1
"57" "57" 1998-03-04 27.17 "UTA" "@" "BOS" "W" 16 0 29.7 0.916 1 4.4 4.2 4.3 0 1.7 0 20.7 13.7 141 106 10.1 6.5
"58" "58" 1998-03-06 27.18 "UTA" "@" "NJN" "W" 7 0 27.35 0.61 0.583 13.2 17.8 15.9 0 6.1 2.5 10.9 15.7 133 119 10.7 5.7
"59" "59" 1998-03-07 27.18 "UTA" "@" "MIL" "W" 18 0 31.6666666666667 0.654 0.583 5.4 15 11 5.3 0 0 22.5 13.2 110 109 6.6 -0.2
"60" "60" 1998-03-09 27.19 "UTA" "" "HOU" "W" 7 0 28.4333333333333 0.418 0.278 7.3 10.4 8.6 10.5 4 0 0 17.4 119 105 7.7 0.7
"61" "61" 1998-03-11 27.19 "UTA" "" "SAC" "W" 15 0 24.6 1.095 1.083 7.4 20.2 15 12.2 0 0 0 15.8 216 114 16.9 15.2
"62" "62" 1998-03-13 27.2 "UTA" "" "VAN" "W" 9 0 24.7 0.678 0.625 0 11.8 6.9 17.9 2.2 0 13.1 14.1 130 114 7.6 0.8
"63" "63" 1998-03-15 27.2 "UTA" "@" "DET" "W" 11 0 29.3333333333333 0.563 0.563 4.9 16.1 11 5.3 1.8 0 18.4 18.4 95 108 6.4 -1.7
"64" "64" 1998-03-16 27.21 "UTA" "@" "MIN" "W" 6 0 24 0.4 0.4 9.5 12.2 11 17.6 2.1 5.2 0 9.5 115 99 7.3 5.3
"65" "65" 1998-03-18 27.21 "UTA" "@" "CHH" "L" -26 0 31.9666666666667 0.43 0.333 11.3 22.7 15.7 5.3 3.2 0 0 14.9 112 115 10.7 4.2
"66" "66" 1998-03-20 27.22 "UTA" "@" "PHI" "W" 12 0 26.3666666666667 0.518 0.3 0 9 5 0 2.1 3 12.9 14.9 99 91 3.6 -3
"67" "67" 1998-03-22 27.22 "UTA" "@" "NYK" "W" 5 0 43.3666666666667 0.875 0.875 4.2 14.1 10.1 3.5 0 0 27.3 12.7 110 115 8.3 1.4
"68" "68" 1998-03-24 27.23 "UTA" "" "PHO" "W" 19 0 24 0.417 0.417 5.9 17 12.3 12.5 2.4 0 0 12.8 112 88 5.5 3.1
"69" "69" 1998-03-27 27.24 "UTA" "@" "DAL" "W" 9 0 24.15 0.643 0.643 0 9.1 5.6 7.1 0 3.3 0 13.9 129 97 6.5 2.9
"70" "70" 1998-03-28 27.24 "UTA" "" "LAL" "W" 15 0 35.2 0.714 0.714 4.6 7.8 6.3 8.4 1.6 3 12.5 11.1 140 107 8.5 6.1
"71" "71" 1998-03-31 27.25 "UTA" "@" "SEA" "L" -2 0 28.2666666666667 0.512 0.375 5.2 13.2 9.5 6.3 4.3 0 0 9.3 127 106 5.3 0.5
"72" "72" 1998-04-01 27.25 "UTA" "" "POR" "W" 9 0 23.45 0 0 5.5 15.3 10.6 0 2.5 0 12.5 16.8 11 105 -4.5 -20.3
"73" "73" 1998-04-03 27.25 "UTA" "" "DEN" "W" 22 0 25.1666666666667 0.814 0.7 0 26.4 15.8 0 0 0 0 13.4 168 87 10 4.4
"74" "74" 1998-04-05 27.26 "UTA" "@" "VAN" "W" 6 0 24 0.602 0.5 5 10 7.5 5.9 0 0 0 13.1 141 119 6 -3.5
"75" "75" 1998-04-07 27.27 "UTA" "@" "GSW" "W" 2 0 24.25 0.51 0.4 0 21.1 11.4 8.3 2.4 0 7.8 26.8 105 115 7.3 -7.7
"76" "76" 1998-04-08 27.27 "UTA" "" "SAS" "W" 10 0 15.0666666666667 0.945 0.833 0 25.9 13.3 13 4 6.2 0 16.1 206 99 10.2 21.5
"77" "77" 1998-04-10 27.27 "UTA" "" "LAC" "W" 17 0 31.9666666666667 0.57 0.429 0 5 2.1 0 3.3 5.7 0 14.2 140 116 10.4 -2
"78" "78" 1998-04-11 27.28 "UTA" "@" "MIN" "L" -7 0 25.05 0.167 0.167 5.1 10.1 7.6 10.4 2.1 0 14.3 12.2 59 120 -0.7 -10.9
"79" "79" 1998-04-14 27.28 "UTA" "" "MIN" "W" 17 0 34.1166666666667 1.022 1 4.4 6.9 5.8 8.4 2.9 0 10.7 11.4 180 115 17 10.3
"80" "80" 1998-04-16 27.29 "UTA" "" "SAC" "W" 13 0 22.15 0.579 0.417 8.9 4.9 7 0 0 9.5 10.4 19 119 96 8.2 2.8
"81" "81" 1998-04-17 27.29 "UTA" "@" "PHO" "W" 3 0 29.7333333333333 0.869 0.833 5.2 17.8 11.9 5.6 0 0 24.9 25.7 125 114 14.5 3.2
"82" "82" 1998-04-19 27.3 "UTA" "@" "LAL" "L" -4 0 36.4666666666667 0.435 0.286 6.1 7.4 6.7 11.7 3 0 9.8 13.1 107 115 7.4 1
"1" "1" 1999-02-05 28.1 "UTA" "" "CHI" "W" 8 1 26.9 0.815 0.786 0 12.4 7.7 7.1 2 0 9.8 18.8 145 110 11.7 3.1
"2" "2" 1999-02-07 28.1 "UTA" "@" "LAL" "W" 9 1 40.6666666666667 0.605 0.438 9.8 11.5 10.8 12.8 2.6 0 13.9 16.7 122 99 14.3 5.3
"3" "3" 1999-02-09 28.11 "UTA" "@" "DAL" "W" 11 1 32.1166666666667 0.654 0.583 3.7 18.8 11.8 4.6 5.1 2.6 12.7 11.8 124 81 10.3 6.7
"4" "4" 1999-02-11 28.12 "UTA" "@" "PHO" "W" 8 1 33.35 0.515 0.5 7.5 6.8 7.1 9.8 1.7 0 0 11.9 120 94 7.4 1.3
"5" "5" 1999-02-12 28.12 "UTA" "@" "GSW" "W" 16 1 28.3 0.167 0.167 0 7.6 3.9 5 0 0 0 9.5 48 94 -1.7 -10.1
"6" "6" 1999-02-15 28.13 "UTA" "" "SAC" "W" 8 1 35.4833333333333 0.861 0.818 11.3 18 15.1 0 4.3 2.1 12.1 20.4 152 103 24.5 13.2
"7" "7" 1999-02-16 28.13 "UTA" "@" "SEA" "L" -15 1 34.1 0.436 0.333 6 9.8 7.8 8.4 1.7 0 8.8 16.8 90 90 6.5 0.4
"8" "8" 1999-02-18 28.13 "UTA" "" "DEN" "W" 11 1 38.8333333333333 0.803 0.75 3.8 8.6 6.6 13.5 1.4 0 0 15.6 173 102 19.5 10.5
"9" "9" 1999-02-20 28.14 "UTA" "" "SEA" "W" 30 1 35.6166666666667 0.508 0.5 15.7 12.4 13.9 3.6 3 0 0 18.9 130 91 13.4 0.7
"10" "10" 1999-02-22 28.15 "UTA" "" "LAC" "W" 15 1 27.9166666666667 0.145 0 10.1 3.7 6.4 13.9 0 0 22.5 14.7 58 104 -1.2 -13.2
"11" "11" 1999-02-24 28.15 "UTA" "@" "DEN" "L" -10 1 37.8333333333333 0.547 0.5 0 10.8 6 0 4.6 0 14.4 17.8 101 113 8.4 0
"12" "12" 1999-02-26 28.16 "UTA" "" "DAL" "W" 15 1 32.1833333333333 0.623 0.591 6.4 16 11.2 8.8 3.5 0 12.8 22.4 114 74 14.1 10.6
"13" "13" 1999-02-28 28.16 "UTA" "@" "SAS" "W" 14 1 19.1 0.714 0.714 7.7 5.3 6.2 11.3 0 0 12.5 20 122 105 6.6 1.7
"14" "14" 1999-03-02 28.17 "UTA" "@" "POR" "L" -2 1 43.45 0.371 0.333 6.9 9.4 8.2 0 0 3.7 5 22.9 80 105 5.3 -4.5
"15" "15" 1999-03-03 28.17 "UTA" "" "VAN" "W" 23 1 24.65 0.781 0.75 0 13.4 7.6 0 4.3 0 8.4 22.3 135 92 12.7 7.2
"16" "16" 1999-03-05 28.18 "UTA" "" "DAL" "W" 11 1 44.7833333333333 0.509 0.455 3 11.6 7.8 14.4 1.1 0 23.9 17.3 86 105 8.1 -4.6
"17" "17" 1999-03-07 28.18 "UTA" "" "LAL" "L" -8 1 38.15 0.387 0.333 0 0 0 0 2.9 2.5 11.4 11.2 73 111 1.1 -3.7
"18" "18" 1999-03-09 28.19 "UTA" "" "CLE" "W" 13 1 34.6333333333333 0.508 0.429 0 23.4 13.3 5.7 3.1 5 20.2 13.8 86 81 6.5 1.7
"19" "19" 1999-03-11 28.19 "UTA" "" "DEN" "W" 5 1 34.8666666666667 0.429 0.429 8.1 18.5 13.5 4.7 1.7 0 22.2 13.4 81 108 3.7 -9.5
"20" "20" 1999-03-12 28.19 "UTA" "@" "POR" "W" 14 1 38.4166666666667 0.594 0.594 9.7 19.1 14 4.4 3 0 11.1 22.2 118 91 14.5 6.3
"21" "21" 1999-03-13 28.2 "UTA" "" "MIN" "W" 27 1 27.8833333333333 0.761 0.714 0 9 5.2 6 7.6 0 20.2 15.7 117 72 11.5 8.5
"22" "22" 1999-03-15 28.2 "UTA" "@" "MIN" "W" 7 1 35.2666666666667 0.51 0.4 3.6 13.4 9.2 10.6 1.6 0 7.8 16.9 115 94 9 2.8
"23" "23" 1999-03-18 28.21 "UTA" "@" "WAS" "W" 8 1 23.8666666666667 0.311 0.333 5.9 18.5 13.6 6.7 0 0 13.4 15.6 71 102 0.5 -12.4
"24" "24" 1999-03-19 28.21 "UTA" "@" "CHH" "L" -1 1 38.7 0.38 0.143 8.3 8 8.2 0 0 0 24.6 14.4 74 96 2.1 -6.6
"25" "25" 1999-03-21 28.22 "UTA" "@" "DET" "L" -3 1 38.4833333333333 0.727 0.778 3.4 24 15.5 6.2 1.5 0 8.8 14.1 124 99 12.3 5.9
"26" "26" 1999-03-23 28.22 "UTA" "" "MIA" "W" 3 1 38.5666666666667 0.638 0.583 0 23.3 11.2 5.6 3 2.5 0 16.6 139 92 15.7 13.2
"27" "27" 1999-03-26 28.23 "UTA" "@" "VAN" "W" 5 1 31.6666666666667 0.333 0.333 3.6 22.1 11.8 16.4 1.8 0 10 15 76 95 3.6 -6.4
"28" "28" 1999-03-27 28.24 "UTA" "@" "LAC" "L" -26 1 27.4833333333333 0.436 0.417 0 13.3 6.7 0 6 0 12.7 13.6 81 107 3.9 -1.8
"29" "29" 1999-03-30 28.24 "UTA" "@" "SAC" "L" -3 1 33.7333333333333 0.4 0.4 8.9 23.7 17.3 4.4 3.3 0 28.6 18.8 70 104 3.6 -7.4
"30" "30" 1999-04-01 28.25 "UTA" "" "HOU" "W" 1 1 37.9666666666667 0.629 0.605 12.6 14.4 13.5 0 4.5 0 20.1 31.2 103 100 16.5 5.6
"31" "31" 1999-04-02 28.25 "UTA" "@" "GSW" "W" 7 1 41.4666666666667 0.678 0.654 3.8 11.2 8.5 4.4 2.7 0 16.9 22.3 108 102 14 -0.3
"32" "32" 1999-04-06 28.26 "UTA" "@" "LAL" "W" 13 1 31.2166666666667 0.461 0.375 4.2 3.8 4 9.6 0 2.2 23.5 19.5 87 117 2.7 -7.2
"33" "33" 1999-04-08 28.27 "UTA" "" "GSW" "W" 7 1 36.6 0.966 0.917 7.9 6.5 7.1 32.7 3.2 0 20.5 13.5 155 103 17.1 14
"34" "34" 1999-04-09 28.27 "UTA" "" "PHO" "W" 1 1 34.7166666666667 1 1 0 10.3 6 4.9 3.2 0 0 7 200 107 10.9 6.7
"35" "35" 1999-04-11 28.28 "UTA" "" "HOU" "W" 9 1 40 0.552 0.467 7.7 16.2 11.4 5.5 4.2 0 0 20.1 130 88 17 9.5
"36" "36" 1999-04-12 28.28 "UTA" "" "VAN" "W" 18 1 38.6833333333333 0.629 0.45 0 21.9 13.9 8.5 2.9 0 12.9 20.7 119 91 13.8 -0.6
"37" "37" 1999-04-13 28.28 "UTA" "@" "SAC" "W" 5 1 40.7833333333333 0.671 0.676 5.7 5.7 5.7 4.4 4 0 10.1 22.3 120 104 17 6.9
"38" "38" 1999-04-15 28.29 "UTA" "@" "LAC" "W" 14 1 38.4 0.617 0.455 12.6 11.5 12 9.5 2.9 0 0 17.9 156 102 18.7 6.2
"39" "39" 1999-04-17 28.29 "UTA" "" "LAL" "W" 16 1 41.35 1.054 1 0 22.8 12.2 7.7 1.3 3.4 13.1 8.8 178 97 16.1 9.9
"40" "40" 1999-04-18 28.3 "UTA" "@" "MIN" "W" 21 1 36.55 0.771 0.667 0 16.6 9.6 8.3 1.5 3.3 18.1 14.6 133 88 12.6 6.5
"41" "41" 1999-04-20 28.3 "UTA" "" "SAS" "L" -14 1 39.6333333333333 0.34 0.3 2.6 5.7 4.1 4.7 2.8 0 14.5 15.7 70 100 1.8 -4.1
"42" "42" 1999-04-21 28.3 "UTA" "@" "PHO" "L" -9 1 36.9833333333333 0 0 0 3.7 1.7 13.9 0 2 20.5 13 16 114 -6.3 -13.8
"43" "43" 1999-04-23 28.31 "UTA" "" "POR" "W" 11 1 43.1333333333333 0.799 0.75 3.6 14.3 9.6 14.3 2.6 0 15.8 14.7 138 99 16.9 10.5
"44" "44" 1999-04-25 28.32 "UTA" "" "SEA" "W" 17 1 31.5333333333333 0.571 0.571 0 26.7 14.6 4.3 1.7 2.7 22.2 12.9 90 88 5.9 1.1
"45" "45" 1999-04-26 28.32 "UTA" "" "PHO" "L" -14 1 38.1 0.468 0.5 9.2 3.7 6.7 10.3 0 0 12.6 20.4 90 121 6.9 -3.7
"46" "46" 1999-04-27 28.32 "UTA" "@" "SEA" "L" -5 1 41.1 0.339 0.231 3.3 18.5 11.1 12.3 0 0 11.9 20 82 111 3.1 -7.7
"47" "47" 1999-04-29 28.33 "UTA" "" "GSW" "W" 11 1 29.5666666666667 0.85 0.9 0 13.3 7.6 10.8 2 0 0 10.5 173 109 10.6 5.8
"48" "48" 1999-04-30 28.33 "UTA" "@" "HOU" "W" 13 1 38.45 0.508 0.464 3.2 12 7.8 14.3 3 0 6 22.2 107 95 12 3.6
"49" "49" 1999-05-02 28.33 "UTA" "@" "SAS" "L" -6 1 38.7833333333333 0.363 0.333 9 0 4.9 0 1.5 0 0 9.1 94 111 1.9 -5.2
"50" "50" 1999-05-04 28.34 "UTA" "" "LAC" "W" 17 1 34.9 0.765 0.7 0 11 7.3 9 5 0 14.5 20.7 131 95 16.6 6.2
"1" "1" 1999-11-02 28.84 "UTA" "" "LAL" "L" -7 0 34.15 0.579 0.333 0 18.4 10.2 10.2 3.3 0 0 6.3 137 100 6.9 2.3
"2" "2" 1999-11-04 28.84 "UTA" "" "HOU" "W" 16 0 28.3166666666667 0.22 0.167 5.5 15.1 10.5 4.6 0 0 5.9 27.7 56 95 -1.8 -14.5
"3" "3" 1999-11-06 28.85 "UTA" "@" "SEA" "L" -5 0 36.85 0.635 0.571 3.2 11.4 7 0 3.1 2 0 20.3 142 113 15.7 7.3
"4" "4" 1999-11-08 28.85 "UTA" "@" "LAC" "W" 15 0 31.45 0.666 0.688 0 3.2 1.9 10.2 4.9 0 9.3 15.8 120 85 11.1 7.8
"5" "5" 1999-11-09 28.86 "UTA" "" "POR" "W" 5 0 37.4166666666667 0.595 0.5 3.5 28 15.8 6.1 1.6 2.2 0 22.1 129 102 17.7 8.8
"6" "6" 1999-11-12 28.87 "UTA" "@" "SAC" "L" -13 0 20 0.688 0.688 4.8 14.7 9.7 0 2.5 0 11.1 18.8 121 107 6.6 2.6
"7" "7" 1999-11-15 28.87 "UTA" "" "SAS" "W" 6 0 35.8166666666667 0.962 0.944 3.6 10 6.9 5.4 0 0 9.2 14.6 175 103 15.6 11.4
"8" "8" 1999-11-17 28.88 "UTA" "" "NYK" "W" 8 0 34.0666666666667 0.388 0.375 7.4 3.4 5.4 0 0 0 13.4 19.7 79 106 2.1 -8.7
"9" "9" 1999-11-19 28.88 "UTA" "@" "MIN" "L" -5 0 35.3 0.558 0.5 3.5 3.5 3.5 6.1 3.1 0 7.9 16.7 114 102 8.2 2
"10" "10" 1999-11-20 28.89 "UTA" "@" "MIL" "W" 11 0 36.6166666666667 0.816 0.833 4.3 18.1 12.4 3.7 1.4 0 7.9 16.2 148 107 16.7 5.3
"11" "11" 1999-11-22 28.89 "UTA" "" "MIN" "W" 15 0 31.85 0.538 0.538 5.2 13.6 9.7 8.3 1.7 2.3 7.1 21.4 106 102 9.8 2
"12" "12" 1999-11-24 28.9 "UTA" "@" "LAL" "L" -8 0 31.6333333333333 0.502 0.333 3.4 18.8 10.7 0 5.1 0 0 18.5 114 96 10.7 4.3
"13" "13" 1999-11-26 28.9 "UTA" "" "TOR" "L" -13 1 36.7 0.282 0.25 5.5 14.8 9.5 0 4.4 0 0 12.8 72 107 3.6 -5.6
"14" "14" 1999-11-29 28.91 "UTA" "" "GSW" "W" 16 1 29 0.538 0.538 10.7 9.5 10 5.2 1.9 0 7.1 23 119 119 8.8 -8.3
"15" "15" 1999-12-03 28.92 "UTA" "" "IND" "L" -25 1 33.25 0.444 0.444 9.5 11.2 10.3 6 0 2.3 0 12.9 105 118 6.9 -2.1
"16" "16" 1999-12-04 28.93 "UTA" "@" "GSW" "W" 12 1 37.5 0.781 0.75 3.8 7.9 6.3 5.7 3 0 8.4 15.7 142 93 14.5 7.3
"17" "17" 1999-12-06 28.93 "UTA" "" "WAS" "W" 6 1 36.9166666666667 0.472 0.458 0 26.7 13.4 12.8 0 0 6.8 19.2 99 111 7.8 -4.9
"18" "18" 1999-12-08 28.94 "UTA" "" "DAL" "W" 6 1 39.8 0.388 0.333 0 20.9 11.3 4 2.8 0 5.6 20.4 92 89 7.4 -3.2
"19" "19" 1999-12-10 28.94 "UTA" "" "SEA" "W" 18 1 41.0166666666667 0.36 0.346 5.6 20 12.7 3.4 1.3 2.1 6.7 15.6 90 95 5.8 -6.3
"20" "20" 1999-12-12 28.95 "UTA" "@" "TOR" "W" 15 1 40.5333333333333 0.882 0.786 6.5 0 2.8 12.1 1.3 0 0 11.5 189 108 16.6 8.7
"21" "21" 1999-12-14 28.95 "UTA" "@" "WAS" "W" 21 1 38.5 0.556 0.556 0 10.3 5.1 13.7 2.7 2.1 10 11.9 113 89 9.9 3.7
"22" "22" 1999-12-15 28.96 "UTA" "@" "BOS" "W" 10 1 42.2666666666667 0.396 0.346 3.3 11.9 8.3 19.4 2.7 0 6.7 17.4 102 102 9 -1.6
"23" "23" 1999-12-17 28.96 "UTA" "@" "IND" "L" -15 1 36.95 0.353 0.273 2.8 16.9 9.8 0 3 2.4 19 19.8 64 97 2.7 -5
"24" "24" 1999-12-18 28.96 "UTA" "@" "ATL" "W" 10 1 37.5 0.62 0.571 3.4 12.6 8.2 7.4 5.7 0 0 19.1 136 104 17.7 6.5
"25" "25" 1999-12-20 28.97 "UTA" "@" "ORL" "L" -2 1 40.1 0.481 0.417 10 11.4 10.8 10.4 2.6 0 27.8 15.8 88 110 6.8 -2.1
"26" "26" 1999-12-22 28.98 "UTA" "@" "MIA" "L" -2 1 32.4166666666667 0.6 0.6 4.3 7.5 6 12.8 1.8 0 9.1 17.4 111 93 9.3 7.1
"27" "27" 1999-12-27 28.99 "UTA" "" "PHO" "W" 1 1 35.7666666666667 0.418 0.367 6.3 23 13.1 20.3 6 0 5.6 23 96 96 12.2 3.1
"28" "28" 1999-12-29 28.99 "UTA" "" "VAN" "W" 11 1 37.9333333333333 0.551 0.5 0 7 4 4.1 1.4 0 8.4 15.8 103 108 7.1 -6.1
"29" "29" 2000-01-03 29.01 "UTA" "" "DEN" "W" 20 1 29 0.708 0.708 0 34 17.2 10.8 1.8 0 7.7 20.1 128 93 14.4 6.5
"30" "30" 2000-01-05 29.01 "UTA" "" "CHH" "W" 22 1 32.6166666666667 0.545 0.545 5.2 3.2 3.9 10.2 1.5 0 0 15.7 122 108 9.6 -1.1
"31" "31" 2000-01-06 29.02 "UTA" "@" "DAL" "W" 13 1 33.1 0.672 0.643 0 3.1 1.6 6.1 1.5 0 6.3 20.8 124 101 13.6 3.4
"32" "32" 2000-01-08 29.02 "UTA" "@" "HOU" "W" 16 1 33.6666666666667 0.829 0.75 6.6 25.7 16.2 10.4 0 0 6.2 21.5 165 99 22 14.3
"33" "33" 2000-01-10 29.03 "UTA" "@" "SAS" "L" -7 1 36.8666666666667 0.609 0.545 9.5 15.7 12.3 5.3 0 2.2 14 18.2 112 108 11.2 2.8
"34" "34" 2000-01-13 29.04 "UTA" "" "MIA" "W" 10 1 39.8666666666667 0.696 0.591 0 15 7.3 4.8 0 0 6.8 17.1 132 98 13.7 2.7
"35" "35" 2000-01-15 29.04 "UTA" "" "LAC" "W" 37 1 35.1 0.623 0.545 0 19.2 10.4 17.5 5.8 0 0 17 143 73 20.1 12.4
"36" "36" 2000-01-19 29.05 "UTA" "" "MIN" "L" -3 1 41.4666666666667 0.336 0.324 6.5 10.4 8.7 11.7 4 0 10.1 23.5 76 100 5.4 -3.7
"37" "37" 2000-01-20 29.05 "UTA" "@" "VAN" "W" 5 1 36.9666666666667 0.663 0.679 3.5 8.8 6.4 5.6 0 0 5 26.6 123 106 16.9 1.6
"38" "38" 2000-01-22 29.06 "UTA" "@" "SAC" "W" 3 1 37.4166666666667 0.566 0.553 3.6 20.6 13 12.8 4.2 0 8.6 28.3 114 103 18.2 6.1
"39" "39" 2000-01-24 29.07 "UTA" "" "LAL" "W" 4 1 41.6833333333333 0.444 0.292 6 8.5 7.3 0 1.3 1.6 17 19.6 87 94 4.4 -1.9
"40" "40" 2000-01-26 29.07 "UTA" "" "VAN" "L" -17 1 32.9833333333333 0.512 0.5 3.8 9.1 6.2 4.7 1.7 2.1 0 22.9 110 132 11 -0.6
"41" "41" 2000-01-27 29.07 "UTA" "@" "POR" "L" -10 1 36.65 0.118 0.094 10.4 12.2 11.1 10.9 1.5 0 5.6 23.1 42 102 -3.3 -11.1
"42" "42" 2000-01-29 29.08 "UTA" "@" "MIN" "L" -2 1 34.0333333333333 0.512 0.438 3.7 12.8 8.6 8.9 0 0 0 13 121 110 6.5 -0.7
"43" "43" 2000-02-01 29.09 "UTA" "" "SEA" "L" -8 1 37.7166666666667 0.625 0.577 3.5 14.4 8.9 8.3 2.9 4.7 6.2 20 128 114 16.4 8
"44" "44" 2000-02-03 29.09 "UTA" "" "MIL" "L" -3 1 26.45 0.568 0.5 13.5 18 15.8 24.1 0 0 14 24.2 119 116 10.8 4
"45" "45" 2000-02-04 29.1 "UTA" "@" "LAL" "L" -46 1 10.1 0.5 0.5 0 0 0 0 5.1 0 0 8.6 101 115 0.4 -5.6
"46" "46" 2000-02-06 29.1 "UTA" "" "SAS" "W" 3 1 44.4666666666667 0.702 0.643 0 11.2 6.1 3.9 1.3 1.5 8.1 14.2 134 108 13.3 3.1
"47" "47" 2000-02-09 29.11 "UTA" "" "CHI" "W" 27 1 29.5166666666667 0.34 0.2 5.2 0 2.7 22.9 9.4 3.5 25.4 12.7 97 83 8.7 6.2
"48" "48" 2000-02-15 29.13 "UTA" "" "BOS" "L" -2 1 35.6666666666667 0.598 0.5 6.2 16.7 11.2 9.5 5.7 2.1 24.6 14.6 104 98 10.9 4
"49" "49" 2000-02-17 29.13 "UTA" "" "SAC" "W" 11 1 29.3166666666667 0.799 0.714 0 14.7 8.3 23.4 1.7 0 10.2 15 152 110 13 8.2
"50" "50" 2000-02-19 29.14 "UTA" "" "DET" "W" 4 1 42.6166666666667 0.373 0.324 2.5 14 7.9 14.2 2.6 0 5.1 21.3 93 101 7.8 1.1
"51" "51" 2000-02-21 29.14 "UTA" "" "ATL" "W" 2 1 39.2166666666667 0.504 0.462 9.5 3.2 6.4 3.7 1.4 0 0 16.9 119 110 10.2 0
"52" "52" 2000-02-24 29.15 "UTA" "@" "DAL" "W" 7 1 35.5833333333333 0.799 0.769 0 8.3 4.4 0 4.3 0 6 20.6 148 92 20.8 13.3
"53" "53" 2000-02-25 29.15 "UTA" "" "ORL" "W" 8 1 35.3666666666667 0.545 0.458 3 11.1 6.6 10.1 3.1 0 17.9 21.8 99 103 9 -2.5
"54" "54" 2000-02-27 29.16 "UTA" "@" "POR" "L" -9 1 41.7166666666667 0.691 0.679 0 19 8.2 17.7 4.1 0 10.7 21.1 125 114 19.7 12
"55" "55" 2000-02-28 29.16 "UTA" "" "NJN" "W" 5 1 40.9666666666667 0.549 0.455 0 16 8.8 3.4 2.6 0 13.6 16.8 103 112 9.6 -5
"56" "56" 2000-03-01 29.17 "UTA" "@" "DET" "W" 13 1 29.55 0.25 0.25 4.4 8.1 6.3 12.2 3.6 0 20 15.5 64 101 1.4 -7.5
"57" "57" 2000-03-03 29.17 "UTA" "@" "CHH" "W" 2 1 37.1 0.568 0.545 3 10 6.3 8.9 0 3.9 0 14.4 128 103 11.7 4.3
"58" "58" 2000-03-05 29.18 "UTA" "@" "NYK" "W" 9 1 42.2 0.617 0.545 6.3 16.7 11.9 9 4 1.8 11.5 20.4 122 85 17.2 10.3
"59" "59" 2000-03-07 29.18 "UTA" "" "CLE" "W" 18 1 37.6 0.631 0.636 3.9 29.9 18 9.7 0 0 14.4 16.6 115 104 12 -2.3
"60" "60" 2000-03-09 29.19 "UTA" "" "HOU" "W" 19 1 36.8833333333333 0.576 0.577 4.6 6.8 5.9 7.8 1.6 0 6.7 21.1 112 105 10 -2.8
"61" "61" 2000-03-10 29.19 "UTA" "@" "PHO" "W" 3 1 37.9166666666667 0.594 0.5 0 26.8 13.8 17.3 4.4 0 17.8 29.8 106 104 15.8 2.7
"62" "62" 2000-03-13 29.2 "UTA" "@" "CHI" "W" 8 1 36.9833333333333 0.391 0.313 2.7 13 7.4 10.2 1.4 0 0 13.9 95 92 5.3 -4.5
"63" "63" 2000-03-16 29.21 "UTA" "@" "CLE" "W" 21 1 36.9166666666667 0.556 0.464 10.5 34.6 23.7 17.8 1.4 0 5.5 21.4 126 87 18.5 6.9
"64" "64" 2000-03-17 29.21 "UTA" "@" "PHI" "L" -2 1 37.0166666666667 0.611 0.5 3.2 0 1.6 8.6 0 0 15.8 15.6 117 117 7.5 -1.8
"65" "65" 2000-03-19 29.22 "UTA" "@" "NJN" "W" 4 1 42.3166666666667 0.593 0.5 3.1 15.4 9.3 4 1.3 0 19.2 18.5 99 103 8.9 -1.8
"66" "66" 2000-03-21 29.22 "UTA" "" "DEN" "W" 13 1 33.7333333333333 0.542 0.5 0 10.1 5.3 9.9 4.6 0 11.9 24 95 88 10.2 1.2
"67" "67" 2000-03-24 29.23 "UTA" "@" "SEA" "W" 3 1 42.9 0.472 0.438 0 19.1 8.6 11.5 7.3 0 5 21 99 96 16.1 3.4
"68" "68" 2000-03-25 29.23 "UTA" "@" "VAN" "W" 9 1 40.3 0.595 0.55 13 7.3 10.1 0 0 0 20.3 17.8 107 101 9.2 -2.5
"69" "69" 2000-03-27 29.24 "UTA" "" "DAL" "L" -8 1 42.1 0.758 0.727 2.7 11.8 6.3 7.6 0 0 0 15 160 134 16.5 2.8
"70" "70" 2000-03-29 29.24 "UTA" "" "PHI" "W" 14 1 29.3166666666667 0.545 0.545 0 7 4.2 21.5 5.7 0 0 18.3 125 92 11.1 8.6
"71" "71" 2000-03-31 29.25 "UTA" "" "GSW" "W" 17 1 25.1833333333333 0.571 0.5 0 23.2 14.8 11.9 4.1 0 11.3 16.1 117 91 8.2 2.2
"72" "72" 2000-04-01 29.25 "UTA" "@" "DEN" "L" -20 1 40.6 0.535 0.533 0 10.3 4.7 13.5 1.4 0 0 18.9 112 130 10.9 1.1
"73" "73" 2000-04-04 29.26 "UTA" "@" "LAC" "W" 10 1 43.1 0.818 0.818 12.1 16.7 14.5 0 2.5 0 15.4 14 137 102 16.9 5.5
"74" "74" 2000-04-06 29.27 "UTA" "" "PHO" "W" 20 1 32.65 0.37 0.321 0 11.5 5.1 12.8 3.2 4.6 0 19.8 101 92 8.4 -0.1
"75" "75" 2000-04-07 29.27 "UTA" "@" "GSW" "W" 21 1 31.4166666666667 0.618 0.583 4.8 16.5 11.8 5.4 5 2.2 17.9 24.9 103 83 13.4 4.4
"76" "76" 2000-04-09 29.27 "UTA" "@" "HOU" "L" -9 1 34.7166666666667 0.454 0.4 11.2 24.9 16.7 22.1 1.6 0 0 22.4 116 115 13.9 3.3
"77" "77" 2000-04-10 29.28 "UTA" "" "POR" "L" -4 1 42.7666666666667 0.504 0.385 10.5 6.2 8.2 5.4 1.4 2 0 21.2 123 111 12.8 4.3
"78" "78" 2000-04-12 29.28 "UTA" "" "LAC" "W" 9 1 35.4166666666667 0.576 0.615 4 12.7 8.9 10.4 0 2.4 22.4 23.1 89 109 8.9 -2.5
"79" "79" 2000-04-15 29.29 "UTA" "@" "SAS" "L" -23 1 30.9166666666667 0.222 0.222 7.2 8.6 7.8 10.7 0 0 18.2 15.9 57 128 -0.9 -12.5
"80" "80" 2000-04-16 29.29 "UTA" "@" "PHO" "W" 14 1 34.3666666666667 0.913 1 10.1 18.6 14.1 10.3 3.2 0 25.5 15.8 127 92 14.7 9.1
"81" "81" 2000-04-18 29.3 "UTA" "@" "DEN" "L" -1 1 19.85 0.625 0.625 6.3 16.6 11.8 9.9 5.5 0 11.1 20.1 117 101 9.7 8.3
"82" "82" 2000-04-19 29.3 "UTA" "" "SAC" "W" 9 1 25.1666666666667 0.421 0.364 0 12.8 6.5 0 2 0 14.4 23.5 80 92 2.2 -9.7
"1" "1" 2000-10-31 29.84 "UTA" "" "LAC" "W" 13 1 31.3 0.779 0.75 3.6 13.7 8 4.6 1.6 0 0 17.1 157 101 16.1 8.1
"2" "2" 2000-11-01 29.84 "UTA" "@" "LAL" "W" 5 1 39.25 0.745 0.722 0 10.9 6.4 4.8 0 0 0 15.2 152 108 14 4.5
"3" "3" 2000-11-04 29.85 "UTA" "@" "DAL" "W" 6 1 37.4333333333333 0.674 0.571 11.1 16.6 14 16.3 1.4 2.4 0 12.4 160 117 17.4 8.7
"4" "4" 2000-11-06 29.85 "UTA" "" "MIN" "W" 6 1 34.0333333333333 0.505 0.455 4.9 10.3 8.1 14.6 0 0 7.8 17.5 110 104 8.6 1.1
"5" "5" 2000-11-08 29.86 "UTA" "@" "LAC" "W" 6 1 33.7666666666667 0.677 0.625 12.6 14.8 13.8 13.4 1.7 0 0 15.9 152 95 14.3 9.4
"6" "6" 2000-11-10 29.86 "UTA" "" "MIA" "L" -7 1 30.0833333333333 0.717 0.688 8.6 4.8 6.9 34.8 3.9 0 17 20.2 129 104 13.6 10.8
"7" "7" 2000-11-14 29.87 "UTA" "@" "SAS" "L" -7 1 31.1833333333333 0.435 0.4 7.7 16.1 12.3 12.2 0 0 13.7 21.7 89 102 5.1 -1.3
"8" "8" 2000-11-16 29.88 "UTA" "" "ORL" "W" 15 1 30.75 0.625 0.536 12.9 17.6 15.5 14 3.1 2.5 14 30.1 115 83 18.3 9.4
"9" "9" 2000-11-18 29.88 "UTA" "" "CHI" "W" 45 1 29.0666666666667 0.656 0.636 17.1 12.3 14 20 1.9 0 14.9 22 130 77 13.6 6.3
"10" "10" 2000-11-20 29.89 "UTA" "" "DAL" "L" -9 1 34.5333333333333 0.594 0.615 5.6 0 3.4 5.4 4.5 0 6.5 19.1 116 111 12.8 5.4
"11" "11" 2000-11-22 29.9 "UTA" "" "DEN" "W" 38 1 25.4833333333333 0.742 0.857 5.6 12.3 9.5 10.3 0 0 10.2 18 129 92 9.7 3.7
"12" "12" 2000-11-24 29.9 "UTA" "" "NJN" "W" 12 1 26.55 0.514 0.357 0 14 7.1 10.6 2 0 10.2 17.4 105 98 6 -3.6
"13" "13" 2000-11-26 29.91 "UTA" "@" "DET" "W" 15 1 32.9166666666667 0.672 0.7 3.9 9.3 6.9 9.9 4.7 0 13.7 20.2 113 81 13.6 7.5
"14" "14" 2000-11-28 29.91 "UTA" "@" "NJN" "W" 6 1 28.15 0.589 0.636 9 7.8 8.4 11.4 1.8 2.6 0 19.1 122 99 12.6 6.7
"15" "15" 2000-11-29 29.92 "UTA" "@" "ORL" "W" 2 1 31.9166666666667 0.465 0.389 0 8.3 4.3 19 8.3 0 21.8 20.1 86 84 7.9 4.4
"16" "16" 2000-12-01 29.92 "UTA" "@" "MIA" "W" 2 1 40.8333333333333 0.48 0.471 8.8 27 16 10.7 8.1 0 9.6 23.1 102 94 15.8 8.5
"17" "17" 2000-12-02 29.92 "UTA" "@" "CHH" "L" -5 1 29.2833333333333 0.88 0.864 0 10.7 5.1 8.1 1.9 0 0 22.7 170 111 19 17.9
"18" "18" 2000-12-05 29.93 "UTA" "" "TOR" "W" 14 1 41.7666666666667 0.568 0.409 3.5 13.6 9.1 12.2 2.6 0 6.3 18.8 127 99 15.3 2.7
"19" "19" 2000-12-07 29.94 "UTA" "" "VAN" "W" 11 1 33.5666666666667 0.658 0.615 4 4 4 14.1 6.1 5.3 6.2 22.2 128 90 19.6 13.6
"20" "20" 2000-12-09 29.94 "UTA" "" "GSW" "W" 11 1 31.9666666666667 0.726 0.636 12.5 14.3 13.5 9 1.5 2.1 5.9 21.9 156 118 21.9 6.7
"21" "21" 2000-12-11 29.95 "UTA" "" "SAS" "L" -8 1 31.55 0.563 0.583 0 4.8 1.9 7.1 5.1 0 7.4 18.8 107 103 8.2 5.8
"22" "22" 2000-12-13 29.95 "UTA" "" "MIL" "L" -9 1 33.3666666666667 0.564 0.542 3.6 12.8 7.9 16.3 0 2.7 16.6 25.5 102 130 8.8 -2.3
"23" "23" 2000-12-15 29.96 "UTA" "@" "NYK" "W" 31 1 23.4166666666667 1.125 1.125 6.7 10.7 8.9 24.4 0 0 20 10.8 171 77 10.2 13.6
"24" "" 2000-12-16 29.96 "UTA" "@" "CLE" "L" -7 NA NA NA NA NA NA NA NA NA NA NA NA NA NA NA NA
"25" "24" 2000-12-19 29.97 "UTA" "@" "TOR" "L" -8 1 22.8833333333333 0.25 0.25 4.5 9.5 7 0 2.3 3.1 0 7.7 71 115 2.2 -5.8
"26" "25" 2000-12-20 29.97 "UTA" "@" "PHI" "W" 2 1 36.0833333333333 0.383 0.3 3.4 0 1.6 9.9 1.5 0 0 15.2 96 108 5.1 -2.3
"27" "26" 2000-12-22 29.98 "UTA" "@" "IND" "W" 8 1 34.5666666666667 0.862 0.818 0 9.1 4.1 4.4 0 0 0 17.2 177 125 16.4 8.2
"28" "27" 2000-12-23 29.98 "UTA" "@" "MIN" "W" 6 1 31.6833333333333 0.63 0.333 0 17.4 10.3 10.2 4.8 0 21.9 27 107 92 14.4 3.6
"29" "28" 2000-12-26 29.99 "UTA" "" "PHI" "L" -6 1 38.5666666666667 0.623 0.591 0 16.4 7.6 12.8 4.3 0 12.8 19.6 112 112 13.2 2.9
"30" "29" 2000-12-28 29.99 "UTA" "" "POR" "L" -1 1 46.3166666666667 0.533 0.5 9.3 11.8 10.6 16.5 2.4 0 5.1 21.7 119 108 15.6 5
"31" "30" 2000-12-29 30 "UTA" "@" "GSW" "L" -11 1 37.05 0.638 0.607 5.6 10.2 7.7 10 0 0 11.8 21.1 117 119 12.9 2.7
"32" "31" 2001-01-03 30.01 "UTA" "@" "LAL" "L" -11 1 41.1666666666667 0.538 0.536 8.6 16.3 12.2 7 2.8 2.1 6.3 19.1 109 96 14.2 9.9
"33" "32" 2001-01-05 30.01 "UTA" "@" "DEN" "L" -13 1 37.4666666666667 0.232 0.111 0 25.9 12.8 4.4 0 0 15.7 14.8 50 108 -1.4 -13.4
"34" "33" 2001-01-06 30.02 "UTA" "@" "HOU" "W" 2 1 34.8666666666667 0.781 0.8 3.3 10.5 6.9 21.6 1.6 0 21.6 18 121 116 12.8 4.3
"35" "" 2001-01-09 30.02 "UTA" "" "IND" "W" 4 NA NA NA NA NA NA NA NA NA NA NA NA NA NA NA NA
"36" "" 2001-01-13 30.04 "UTA" "" "LAL" "W" 8 NA NA NA NA NA NA NA NA NA NA NA NA NA NA NA NA
"37" "" 2001-01-15 30.04 "UTA" "" "HOU" "W" 12 NA NA NA NA NA NA NA NA NA NA NA NA NA NA NA NA
"38" "34" 2001-01-17 30.05 "UTA" "" "MIN" "L" -8 0 31.7666666666667 0.255 0.3 4.3 17.9 11.7 9.5 1.6 0 46 15.1 39 97 -2.1 -7.8
"39" "35" 2001-01-21 30.06 "UTA" "" "PHO" "W" 11 0 27.6 0.638 0.55 4.9 4.4 4.6 0 0 0 0 18.6 134 107 9.8 0
"40" "36" 2001-01-23 30.06 "UTA" "" "GSW" "W" 22 0 23.85 0.317 0.286 12.9 20.3 17.8 22.2 6.2 0 0 14.2 107 69 9.5 8.8
"41" "37" 2001-01-25 30.07 "UTA" "" "DEN" "W" 2 0 31.4333333333333 0.564 0.375 0 14.7 7.3 0 3.5 0 22 20 93 107 6.2 -6.8
"42" "38" 2001-01-27 30.07 "UTA" "" "SAS" "L" -13 0 32.5 0.601 0.5 3.2 12.9 7.3 12 3.7 0 14.7 19.9 116 118 10.7 6.6
"43" "39" 2001-01-29 30.08 "UTA" "@" "DEN" "W" 6 0 30.9166666666667 0.543 0.438 0 7 4 0 3.5 0 0 19.2 112 106 9.2 -1.8
"44" "40" 2001-01-30 30.08 "UTA" "@" "SEA" "W" 14 0 22.9333333333333 0.623 0.6 6.5 10.2 8.6 0 9.2 0 8.7 23.3 113 86 11.1 10.4
"45" "41" 2001-02-01 30.09 "UTA" "" "CHH" "W" 11 0 29.8333333333333 0.167 0.167 0 11.2 5.5 4.9 1.8 2.8 0 14.1 42 86 0 -6.5
"46" "42" 2001-02-03 30.09 "UTA" "" "SEA" "W" 20 1 36.8833333333333 0.861 0.8 10.2 10.8 10.5 24.4 4.4 0 7.6 16.8 172 103 24.8 15.5
"47" "43" 2001-02-07 30.1 "UTA" "@" "VAN" "W" 10 1 37.1666666666667 0.286 0.286 3.3 9.5 6.5 25.3 4.2 2.3 12.5 20.1 71 87 6.1 -1.6
"48" "44" 2001-02-13 30.12 "UTA" "" "SAC" "L" -3 0 37.6666666666667 0.738 0.563 8.2 5.3 6.7 4.9 0 0 20.7 16.5 132 110 12.6 4.6
"49" "45" 2001-02-14 30.12 "UTA" "" "NYK" "W" 16 0 30.65 0.418 0.278 11.1 17.7 14.1 11.1 3.6 0 15.7 18.5 99 100 7.4 0.7
"50" "46" 2001-02-18 30.13 "UTA" "@" "SAC" "W" 4 0 35.55 0.317 0.214 11.9 10 11 0 0 0 11.3 11.2 91 112 1.6 -7.9
"51" "47" 2001-02-19 30.14 "UTA" "" "BOS" "W" 15 0 35.7666666666667 0.79 0.722 6.7 9.3 8 14.1 4.2 3.1 27.1 17.1 122 101 16 8
"52" "48" 2001-02-22 30.15 "UTA" "@" "POR" "W" 6 0 31.2 0.3 0.3 3.5 20.6 10.5 10.2 0 0 23.1 18.8 60 100 -1.5 -11.8
"53" "49" 2001-02-23 30.15 "UTA" "@" "SEA" "W" 12 0 27.0166666666667 0.282 0.188 8.3 0 4.7 10.4 0 0 10.1 16.6 79 108 0.4 -9.2
"54" "50" 2001-02-25 30.15 "UTA" "@" "PHO" "L" -10 0 26.8 0.381 0.286 8.3 11.6 10 0 3.8 5 11.3 14.5 81 92 5 -0.1
"55" "51" 2001-02-26 30.16 "UTA" "" "ATL" "W" 17 0 33.2166666666667 0.604 0.5 0 12.1 6.8 9.3 0 2.2 8.5 16.2 121 93 9.8 -0.9
"56" "52" 2001-02-28 30.16 "UTA" "" "VAN" "W" 18 0 20.6833333333333 0.58 0.5 0 17.1 10.4 12.5 2.8 0 11.4 20.8 129 100 5.9 0
"57" "53" 2001-03-02 30.17 "UTA" "@" "BOS" "L" -4 0 34.25 0.73 0.667 3.5 9.6 6.7 25.6 1.6 2.6 25.6 20.1 116 116 13.9 4
"58" "54" 2001-03-04 30.17 "UTA" "@" "WAS" "W" 20 0 19.7333333333333 0.607 0.556 0 8.7 5.6 0 2.6 0 0 23.2 118 106 7.3 -3.4
"59" "55" 2001-03-05 30.18 "UTA" "@" "ATL" "W" 7 0 34.0166666666667 0.285 0 0 11.1 6 14.9 0 2.4 8.7 15.3 82 117 2.5 -8.5
"60" "56" 2001-03-07 30.18 "UTA" "" "SEA" "W" 4 0 25.3666666666667 0.571 0.571 5.2 0 2.4 7 0 0 22.2 17.3 92 106 2.9 -7.5
"61" "57" 2001-03-09 30.19 "UTA" "" "PHO" "W" 12 0 23.7 1.036 1 0 10.3 6.2 6.9 0 0 12.9 15.8 170 107 10.4 5.9
"62" "58" 2001-03-11 30.19 "UTA" "@" "SAC" "L" -15 0 33.3 0.58 0.5 4.3 26.8 16.2 9.2 0 0 20.5 13.3 104 116 6.6 -3
"63" "59" 2001-03-14 30.2 "UTA" "@" "GSW" "W" 19 0 28.8166666666667 0.836 0.778 9.2 6.6 7.7 16 0 2.4 8.5 18.1 168 103 17.1 15
"64" "60" 2001-03-16 30.21 "UTA" "@" "POR" "L" -3 0 30.6166666666667 0.635 0.571 4.2 5.3 4.7 11.8 0 0 27.6 16.4 98 113 4.1 -2.6
"65" "61" 2001-03-18 30.21 "UTA" "@" "LAC" "W" 15 0 34.5166666666667 0.394 0.375 4.4 8.8 6.6 3.3 1.7 0 10.1 14.6 89 120 3.4 -7.2
"66" "62" 2001-03-20 30.22 "UTA" "" "DET" "W" 5 0 35.3 0.5 0.5 6.7 15.2 11.5 11.2 1.6 0 9.1 15.3 105 93 8 0.3
"67" "63" 2001-03-22 30.22 "UTA" "" "POR" "L" -2 0 29.5166666666667 0.556 0.556 4.4 11.4 7.5 10.5 3.8 0 10 16.8 113 120 8.2 1.7
"68" "64" 2001-03-24 30.23 "UTA" "" "WAS" "W" 26 0 12.2833333333333 0.615 0.5 14.3 0 6.1 24.2 0 0 17 23.2 127 113 4.3 -4.5
"69" "65" 2001-03-26 30.23 "UTA" "" "DAL" "L" -8 0 32.2166666666667 0.325 0.278 2.7 9.8 5.9 0 0 2.2 0 15.3 76 111 1.8 -6.4
"70" "66" 2001-03-27 30.24 "UTA" "@" "HOU" "L" -23 0 11.9666666666667 0.532 0 0 15.4 5.6 0 0 0 0 7.4 129 129 1.2 -8.2
"71" "67" 2001-03-29 30.24 "UTA" "@" "SAS" "L" -18 0 28.4166666666667 0 0 8 21.4 13.7 4.9 0 0 33.3 9.6 26 130 -2.3 -14.5
"72" "68" 2001-03-30 30.24 "UTA" "" "CLE" "W" 7 1 35.4166666666667 0.184 0.1 6.9 3.4 5.1 8.4 2.9 0 8.4 15.1 57 96 -0.1 -9.9
"73" "69" 2001-04-01 30.25 "UTA" "@" "VAN" "W" 19 1 34.7166666666667 0.5 0.5 7.2 3 4.9 17.4 4.9 0 20 13.9 101 88 7.9 0.8
"74" "70" 2001-04-03 30.25 "UTA" "" "LAL" "L" -8 1 36 0.438 0.438 3.7 9.8 6.9 4.6 0 2.2 11.1 12.2 89 112 3.4 -4.7
"75" "71" 2001-04-05 30.26 "UTA" "" "SAC" "L" -6 1 45.5666666666667 0.6 0.6 2.5 9.7 6.2 3.8 1.1 0 16.7 11.9 100 106 7 -0.5
"76" "72" 2001-04-07 30.27 "UTA" "@" "DAL" "W" 13 1 41.1 0.589 0.55 0 18 7.4 9.9 3.7 0 16.4 20 108 108 12.7 2.3
"77" "73" 2001-04-09 30.27 "UTA" "" "HOU" "W" 15 1 35.45 0.46 0.4 0 19.6 10 14.4 0 0 0 14.6 116 98 7.3 -2.1
"78" "74" 2001-04-12 30.28 "UTA" "@" "MIL" "L" -22 1 19.25 0.571 0.571 0 5.9 3 17.5 0 0 20.2 24.8 90 136 3.8 -8.1
"79" "75" 2001-04-13 30.28 "UTA" "@" "CHI" "W" 11 1 34.5666666666667 0.381 0.286 9.1 15.7 12.6 7.8 0 0 20.2 14.2 89 106 2.7 -8.5
"80" "76" 2001-04-15 30.29 "UTA" "@" "MIN" "L" -7 1 33.4166666666667 0.425 0.3 0 14.9 7.2 8.4 1.7 0 25.4 10.6 83 121 3.1 -3.9
"81" "77" 2001-04-17 30.29 "UTA" "" "LAC" "W" 5 1 37.4833333333333 0.51 0.45 0 5.9 3.5 4.4 0 0 14.5 17.9 91 108 4.3 -5.3
"82" "78" 2001-04-18 30.3 "UTA" "@" "PHO" "L" -5 1 21 0.833 0.833 0 23.6 10.2 14.5 0 0 40 11 96 111 3.2 -1.8
"1" "1" 2001-10-30 30.83 "UTA" "" "MIL" "L" -7 0 35.1833333333333 0.55 0.55 0 11.4 6.3 16.4 3.1 0 0 13.5 131 122 10.1 2.6
"2" "2" 2001-11-01 30.84 "UTA" "" "LAL" "L" -4 0 27.75 0.765 0.7 8.2 29.2 19.3 11.5 0 0 14.5 10.4 142 109 8.9 1.9
"3" "3" 2001-11-03 30.84 "UTA" "@" "SEA" "W" 17 0 28.2666666666667 0.511 0.5 4.9 13.2 9.3 6.3 2 0 8.5 18.8 111 89 7 1.6
"4" "4" 2001-11-04 30.84 "UTA" "@" "LAL" "L" -4 0 28.9 0.3 0.3 0 10.3 4.8 29.8 0 0 50 15.1 56 109 -2.3 -8.7
"5" "5" 2001-11-06 30.85 "UTA" "@" "POR" "L" -18 0 28.8666666666667 0.7 0.7 11.4 23.6 17.4 8.7 3.8 0 16.7 20.5 111 110 10.3 5.4
"6" "6" 2001-11-07 30.85 "UTA" "" "ATL" "W" 7 0 26.75 0.429 0.313 4.3 12.7 8.6 15.9 3.9 2.8 17.7 18.3 89 95 6.4 -1
"7" "7" 2001-11-10 30.86 "UTA" "" "TOR" "L" -21 1 29.15 0.127 0 0 15 8.5 20.1 0 0 11.3 13.5 54 126 -0.7 -10
"8" "8" 2001-11-12 30.87 "UTA" "" "ORL" "W" 7 0 34.7166666666667 0.765 0.7 0 14.2 8.2 4.2 1.4 0 25.4 9.7 112 106 7.8 -2.6
"9" "9" 2001-11-14 30.87 "UTA" "@" "ATL" "L" -32 0 21.95 0.615 0.5 5 15 9 8.9 0 0 29.1 14.1 94 126 2.8 -8.8
"10" "10" 2001-11-16 30.88 "UTA" "@" "WAS" "W" 9 0 9.23333333333333 0 0 0 10.3 6.3 0 0 0 0 15.8 0 114 -2.2 -24.2
"11" "11" 2001-12-21 30.97 "UTA" "@" "BOS" "L" -6 0 20 0.625 0.625 0 0 0 18.2 0 0 20 23 96 118 4.2 -2.9
"12" "" 2001-12-21 30.97 "UTA" "@" "BOS" "L" -6 NA NA NA NA NA NA NA NA NA NA NA NA NA NA NA NA
"13" "12" 2001-12-22 30.98 "UTA" "@" "NJN" "W" 14 0 23.8166666666667 0.357 0.357 11.8 6.1 9 12.5 0 0 12.5 15.2 93 110 1.8 -6.6
"14" "13" 2001-12-26 30.99 "UTA" "" "BOS" "W" 13 0 27.2666666666667 0.675 0.545 5.1 19.8 13.3 19 2 0 12.4 28.1 131 100 15.4 6.2
"15" "14" 2001-12-27 30.99 "UTA" "@" "POR" "W" 12 0 26.9833333333333 0.583 0.567 0 14 6.9 0 8.3 0 6.1 28.6 111 90 12.6 5.4
"16" "15" 2001-12-29 30.99 "UTA" "" "PHI" "W" 8 0 25.8166666666667 0.328 0.2 0 8.4 3.9 6.3 2 0 7.6 21.4 76 92 1.1 -8.5
"17" "16" 2002-01-04 31.01 "UTA" "@" "MIN" "L" -7 0 32.75 0.607 0.556 0 11.8 5.4 9.6 1.7 0 16.8 17.6 100 109 7 -1.2
"18" "17" 2002-01-05 31.01 "UTA" "@" "CHI" "W" 2 0 35 0.372 0.389 0 22.3 10.2 14.4 1.5 0 8.5 15.4 82 113 4.9 -5
"19" "18" 2002-01-08 31.02 "UTA" "" "PHO" "W" 14 0 26.2 0.709 0.583 0 24.1 13.2 6.5 0 0 11.4 14.2 145 95 8.7 0.8
"20" "19" 2002-01-10 31.03 "UTA" "" "HOU" "W" 4 0 26.0333333333333 0.125 0.125 9.2 13.8 11.5 0 0 4.5 11.1 16.6 40 97 -1.6 -13.3
"21" "20" 2002-01-12 31.03 "UTA" "" "MEM" "L" -2 0 36.2333333333333 0.463 0.409 3.1 7 4.9 10.2 1.6 0 0 15.9 116 101 6.6 -2.3
"22" "21" 2002-01-14 31.04 "UTA" "" "DEN" "W" 9 0 32.1333333333333 0.708 0.708 9.7 10.2 10 9.5 0 2.3 7.7 19.8 136 116 13.2 3.9
"23" "22" 2002-01-16 31.04 "UTA" "" "SEA" "W" 15 0 29.2 0.526 0.458 4.6 12.4 8.7 11.5 3.9 0 7 23.3 123 94 11.2 4
"24" "23" 2002-01-17 31.05 "UTA" "@" "SAS" "L" -4 0 27.3833333333333 0.145 0 4.6 9.6 7 4.8 0 3 30.4 17.2 37 125 -3.7 -18.1
"25" "24" 2002-01-19 31.05 "UTA" "@" "DAL" "L" -3 0 34.1 0.169 0.125 0 18.6 8.3 7.7 1.6 0 0 11.7 55 119 -0.3 -12.6
"26" "25" 2002-01-21 31.06 "UTA" "@" "GSW" "W" 2 0 27.5666666666667 0.439 0.143 15.6 13.2 14.5 28.3 0 0 8.1 19.4 122 118 9.3 -2.8
"27" "26" 2002-01-23 31.06 "UTA" "" "SAS" "L" -6 0 22.5166666666667 0.113 0.125 10.4 26.2 16.3 6.5 0 0 18.4 23.9 37 120 -4.6 -21.9
"28" "27" 2002-01-24 31.07 "UTA" "@" "SAC" "L" -33 1 27.2 0.381 0.286 10.7 18.9 14.7 18.8 3.7 0 20.2 16.3 83 111 7.2 1.2
"29" "28" 2002-01-26 31.07 "UTA" "" "SAC" "L" -24 1 35.8166666666667 0.473 0.278 2.8 19.5 10.6 17 2.9 0 7.9 15.4 111 119 11 1.2
"30" "29" 2002-01-28 31.08 "UTA" "" "MIA" "W" 12 1 36.9666666666667 0.772 0.722 0 10.8 6.6 16.6 4.8 0 7.2 20.5 146 105 18.7 10.8
"31" "30" 2002-01-30 31.08 "UTA" "" "CHI" "W" 12 1 35.1833333333333 0.658 0.625 0 15.2 8.3 11.2 1.6 0 8.6 16 126 97 11 2.4
"32" "31" 2002-02-02 31.09 "UTA" "" "POR" "W" 1 1 38.6166666666667 0.41 0.25 7 20.5 13.9 13.9 1.4 0 29.1 16.7 84 113 4.2 -9.6
"33" "32" 2002-02-04 31.1 "UTA" "@" "HOU" "L" -7 1 30.4833333333333 0.385 0.385 18.2 6.5 14.5 22 3.7 0 7.1 19.7 110 125 9.9 -1.5
"34" "33" 2002-02-05 31.1 "UTA" "@" "MEM" "L" -7 1 14.85 0.5 0.5 0 25.3 10 0 3.7 6.8 50 11.4 45 90 0.8 -5.9
"35" "34" 2002-02-12 31.12 "UTA" "@" "IND" "W" 16 1 38.7 0.423 0.423 5.6 12.3 8.8 12.8 1.3 2.1 7.1 15.6 101 93 7.7 -3.2
"36" "35" 2002-02-14 31.12 "UTA" "@" "PHI" "W" 7 1 42.6833333333333 0.467 0.467 5.7 8.4 7.1 3.7 1.3 0 16.7 18.6 100 112 5.7 -5
"37" "36" 2002-02-15 31.13 "UTA" "@" "TOR" "W" 9 1 40.4333333333333 0.735 0.7 12 23.2 17.7 9 2.9 2.1 15.5 16.4 134 101 15.8 5.9
"38" "37" 2002-02-17 31.13 "UTA" "@" "NYK" "W" 3 1 21.5 0.5 0.5 5 6.1 5.5 29.6 0 0 0 13.5 132 106 5.1 1.8
"39" "38" 2002-02-18 31.13 "UTA" "@" "CLE" "W" 11 1 42.3833333333333 0.709 0.667 3.6 5.7 4.8 15 1.3 0 11.4 10 139 113 10.5 1
"40" "39" 2002-02-20 31.14 "UTA" "@" "DEN" "W" 11 1 35.75 0.558 0.389 12.9 15.2 14.2 15.7 0 4 7.9 16.5 132 115 13.5 -0.2
"41" "40" 2002-02-26 31.16 "UTA" "@" "SAC" "L" -26 1 22.0166666666667 0.307 0.25 0 4.4 2.5 8.1 0 0 17 11.8 60 115 -0.6 -9.4
"42" "41" 2002-02-28 31.16 "UTA" "" "MEM" "W" 44 1 24.6333333333333 0.813 0.813 10.7 7.7 8.9 16.7 2.2 0 11.1 16.9 149 85 13.1 6.7
"43" "42" 2002-03-02 31.17 "UTA" "" "MIN" "L" -11 1 43.5166666666667 0.584 0.471 0 10.1 4.3 13.3 1.2 1.8 8.5 23.9 118 125 17 1.4
"44" "43" 2002-03-04 31.17 "UTA" "" "DEN" "W" 18 1 24.75 0.291 0.333 0 9.4 5.5 20.5 4.2 3.2 12.7 14.9 66 89 3.8 -1.2
"45" "44" 2002-03-06 31.18 "UTA" "" "LAL" "W" 8 1 30.2333333333333 0.182 0.182 8.6 4.1 6.3 6.2 5.4 0 15.4 20.4 47 93 -0.7 -8.5
"46" "45" 2002-03-08 31.18 "UTA" "" "NYK" "L" -6 1 34.9833333333333 0.815 0.792 5.7 26.7 14.7 0 4.4 0 31.8 22.4 98 85 14.3 8.8
"47" "46" 2002-03-10 31.19 "UTA" "@" "HOU" "L" -3 1 38.9166666666667 0.409 0.409 4.7 14.7 9.2 7.4 0 0 8.3 13.8 91 110 5.4 -6.2
"48" "47" 2002-03-11 31.19 "UTA" "@" "MEM" "L" -1 1 28.9 0.188 0.188 11.3 15.4 13.3 0 2 0 20 16.2 49 95 -1.1 -13.5
"49" "48" 2002-03-14 31.2 "UTA" "@" "CHH" "L" -18 1 24.25 0.253 0.227 4.3 18.2 11 8 0 0 20.2 25.8 60 116 -1.7 -13.5
"50" "49" 2002-03-15 31.2 "UTA" "@" "DET" "W" 3 1 25.5 0.17 0 4.8 0 2.8 9.6 2.2 0 25.4 14.6 53 117 -2.4 -14.6
"51" "50" 2002-03-17 31.21 "UTA" "@" "MIN" "W" 7 1 30.5 0.357 0.357 9.1 17.7 13.5 15 0 0 22.2 13.8 82 105 1.6 -5.8
"52" "51" 2002-03-19 31.21 "UTA" "" "DET" "L" -7 1 18.7666666666667 0.571 0.5 5.7 6.2 5.9 11.3 0 0 33.7 28.1 79 113 2.2 -8.3
"53" "52" 2002-03-21 31.22 "UTA" "" "WAS" "W" 15 1 30.1333333333333 0.611 0.611 0 11.9 6.6 11.6 1.8 2.4 30.8 20.3 80 94 5 -3.7
"54" "53" 2002-03-23 31.22 "UTA" "" "GSW" "W" 9 1 32.2166666666667 0.833 0.833 0 17 9.3 7.3 0 0 25 5.4 120 111 4.8 -3.8
"55" "54" 2002-03-25 31.23 "UTA" "@" "SEA" "L" -14 1 40.35 0.627 0.545 5.9 13 9.2 4.8 0 1.7 0 13.9 161 123 13.9 4.1
"56" "55" 2002-03-26 31.23 "UTA" "" "HOU" "W" 4 1 36.15 0.427 0.375 14.5 11.4 13.2 3.7 0 0 13.4 17.7 109 128 6.1 -7.3
"57" "56" 2002-03-28 31.24 "UTA" "" "CLE" "W" 21 1 34.7333333333333 0.581 0.556 0 12.1 5.4 14.2 2.9 2.5 16.2 15.6 104 98 10.1 0
"58" "57" 2002-03-30 31.24 "UTA" "@" "LAC" "W" 13 1 44.3333333333333 0.582 0.533 3.6 3.1 3.4 3.3 1.3 1.7 0 18.5 133 115 13.5 -0.6
"59" "58" 2002-04-02 31.25 "UTA" "@" "DEN" "L" -8 1 22.2666666666667 0.286 0.286 0 11.5 6.3 0 4.5 0 41.7 24.2 33 97 -4.5 -18.4
"60" "59" 2002-04-03 31.25 "UTA" "" "LAC" "W" 12 1 34.7666666666667 0.742 0.857 4.7 10 8.2 9 1.4 0 18.6 14.5 110 93 9.6 5.3
"61" "60" 2002-04-05 31.26 "UTA" "" "SAC" "L" -8 1 38.65 0.769 0.769 2.7 11.5 6.4 15.3 1.3 0 13.3 15.7 144 123 16.3 7.2
"62" "61" 2002-04-08 31.27 "UTA" "" "DAL" "L" -9 1 39.6166666666667 0.504 0.462 2.9 13.3 8.4 4.4 1.3 1.6 0 15.1 115 113 9.9 0.8
"63" "62" 2002-04-09 31.27 "UTA" "@" "LAL" "L" -30 1 28.3833333333333 0.563 0.563 3.1 5.7 4 0 1.9 0 20 15.9 88 126 3.4 -4.1
"64" "63" 2002-04-11 31.28 "UTA" "@" "PHO" "W" 1 1 18.3666666666667 0.34 0.2 0 15.2 6.8 13.6 3 4.6 33.8 22.8 57 103 0.4 -11.4
"65" "64" 2002-04-13 31.28 "UTA" "@" "GSW" "W" 8 1 30.0166666666667 0.5 0.5 3 3.8 3.3 11.2 1.7 0 9.1 15.1 107 111 6.6 -2.9
"66" "65" 2002-04-16 31.29 "UTA" "@" "DAL" "L" -9 1 24 0.318 0.318 0 18.6 9.4 14.3 2.1 3 8.3 21.7 73 101 1.8 -4.5
"67" "66" 2002-04-17 31.29 "UTA" "" "SAS" "L" -2 1 33.3 0.3 0.3 9.3 21.8 15 6 3.3 2.5 11.8 23.7 66 95 3.8 -5.3
"1" "1" 2002-10-30 31.83 "WAS" "@" "TOR" "L" -6 1 18.7333333333333 0.17 0.2 4.7 0 2.5 35.3 0 0 14.5 16.7 49 93 -0.9 -7.9
"2" "2" 2002-10-31 31.83 "WAS" "" "BOS" "W" 45 1 20.3833333333333 0.265 0.222 25.3 13.8 18.7 0 5.3 0 9.6 23.1 83 72 4.2 -5.1
"3" "3" 2002-11-02 31.84 "WAS" "" "NJN" "L" -8 1 30.8333333333333 0.364 0.364 0 8.1 3.6 6.2 3.4 0 15.4 18.9 66 96 1.6 -5.4
"4" "4" 2002-11-05 31.85 "WAS" "@" "MIN" "L" -4 1 25.7666666666667 0.435 0.286 3.8 8.2 6 0 6.1 0 0 16.2 101 93 7 1.7
"5" "5" 2002-11-06 31.85 "WAS" "" "CLE" "W" 7 1 25.45 0.833 0.833 6.2 9.1 7.9 12.3 2 0 40 8.9 107 105 4.6 -0.2
"6" "6" 2002-11-08 31.85 "WAS" "" "LAL" "W" 1 1 27.8 0.333 0.333 4.4 26.4 15.4 15 3.9 0 0 5 114 105 5.3 2.6
"7" "7" 2002-11-09 31.86 "WAS" "@" "CLE" "W" 14 1 23.75 0.615 0.5 0 12.2 6.7 6.7 0 2.6 29.1 13.3 92 92 3.5 -4.9
"8" "8" 2002-11-12 31.87 "WAS" "" "SEA" "L" -6 1 39.85 0.714 0.714 3.3 24 13.5 16.1 1.4 0 22.2 10.6 122 114 10 1.2
"9" "9" 2002-11-14 31.87 "WAS" "" "UTA" "W" 3 1 32.1166666666667 0.82 0.75 4.4 0 2.2 11.5 1.6 0 0 14.1 173 116 14.3 12
"10" "10" 2002-11-16 31.88 "WAS" "" "MIA" "W" 30 1 28.9333333333333 0.551 0.5 0 14.1 8.1 5.8 1.9 0 15.5 22.6 97 78 7.5 1.2
"11" "11" 2002-11-17 31.88 "WAS" "@" "PHI" "L" -16 1 28.1666666666667 0.25 0.25 11.1 13.9 12.6 6.1 1.9 2.6 33.3 15.8 51 112 -0.7 -8.6
"12" "12" 2002-11-22 31.89 "WAS" "@" "HOU" "L" -7 1 25 0.375 0.375 4.5 11 7.4 11.6 4.8 3.1 0 8.2 108 108 5.6 3.2
"13" "13" 2002-11-23 31.9 "WAS" "@" "MEM" "L" -11 1 17.1666666666667 0.375 0.375 11.8 9.7 11 0 10.3 0 0 11.1 104 88 4.9 8.4
"14" "14" 2002-11-26 31.9 "WAS" "" "IND" "L" -4 1 20.2333333333333 0.521 0.25 0 12.3 5.7 0 0 0 14.8 15.7 98 110 2.4 -9.6
"15" "15" 2002-11-29 31.91 "WAS" "@" "IND" "L" -16 0 31.2333333333333 0.543 0.5 3.5 11.3 7.3 11.8 1.7 0 13.4 10.7 109 116 5.8 -0.6
"16" "16" 2002-11-30 31.92 "WAS" "" "PHI" "L" -1 0 15.6166666666667 0.255 0.2 23.7 10 17.6 26.5 0 0 25.4 23.5 80 121 1.6 -7.8
"17" "17" 2002-12-03 31.92 "WAS" "" "MIL" "W" 25 0 27.2833333333333 0.667 0.667 8.1 14.2 11.3 20.9 1.9 0 7.7 21.1 131 85 14.7 11.6
"18" "18" 2002-12-04 31.93 "WAS" "@" "DET" "W" 5 0 16.1 0.375 0.375 0 7.9 3.8 0 3.4 0 20 15 62 95 0.1 -6.9
"19" "19" 2002-12-06 31.93 "WAS" "@" "ORL" "L" -10 0 25.3833333333333 0.4 0.4 0 5.3 2.3 30.5 0 0 0 9.1 104 103 4 2
"20" "20" 2002-12-07 31.93 "WAS" "" "NYK" "W" 3 0 22.15 0.225 0.125 6.8 28 18.4 0 0 0 10.1 21.7 54 111 0 -16.7
"21" "21" 2002-12-10 31.94 "WAS" "" "POR" "L" -19 0 13.1 0 0 0 10.9 4.9 21.7 4.2 0 20 18.5 20 108 -1.5 -12.9
"22" "22" 2002-12-13 31.95 "WAS" "@" "NJN" "L" -14 0 8.83333333333333 NA NA 0 0 0 0 6.1 0 NA 0 0 89 1 3.1
"23" "23" 2002-12-15 31.96 "WAS" "@" "TOR" "W" 13 0 18.4333333333333 1 1 0 6.8 3.4 0 0 0 0 8.2 194 109 5 2.5
"24" "24" 2002-12-17 31.96 "WAS" "@" "ATL" "W" 10 0 16.1333333333333 0.41 0.375 0 0 0 0 0 0 0 14.9 91 121 0 -11.7
"25" "25" 2002-12-18 31.96 "WAS" "" "MEM" "W" 18 0 16.3833333333333 1.5 1.5 0 16.2 9.7 0 3.5 0 0 6.2 300 113 6.6 9.2
"26" "26" 2002-12-21 31.97 "WAS" "@" "SAS" "L" -11 0 20.0333333333333 1 1 5.9 22.5 13.2 8.5 0 0 0 7.9 189 115 5.4 4.8
"27" "27" 2002-12-23 31.98 "WAS" "@" "DAL" "L" -6 0 23.15 0 0 0 4.3 2.2 0 0 0 40 10.6 0 113 -4.6 -14.7
"28" "28" 2002-12-26 31.99 "WAS" "" "DET" "L" -5 0 14.8333333333333 0.75 0.75 0 21.8 11.9 13.4 0 0 0 7 169 110 2.8 3.7
"29" "29" 2002-12-28 31.99 "WAS" "" "ATL" "W" 8 0 19.0666666666667 0.375 0.375 0 11.8 5.9 9.9 0 0 0 11.2 83 100 1.1 -7.4
"30" "30" 2002-12-30 32 "WAS" "@" "ORL" "L" -17 0 27.8333333333333 0.68 0.6 5 11.1 7.9 6 0 0 14.5 12 120 125 4.7 -1.5
"31" "31" 2002-12-31 32 "WAS" "" "SAS" "W" 2 0 13.6666666666667 0.798 0.75 0 15.2 8.5 0 0 0 0 12.6 169 115 5.2 5.3
"32" "32" 2003-01-02 32.01 "WAS" "@" "CHI" "W" 25 0 16.1333333333333 NA NA 0 5.7 3.5 15.8 0 0 100 5.7 40 92 -1.1 -5.4
"33" "33" 2003-01-04 32.01 "WAS" "" "IND" "W" 3 0 9.5 0.75 0.75 0 0 0 0 5.7 0 33.3 14.5 87 101 1.2 -1.4
"34" "34" 2003-01-06 32.02 "WAS" "@" "BOS" "W" 5 0 3.6 NA NA 0 58.5 30.4 0 0 0 100 11.8 0 94 -0.4 -15.8
"35" "35" 2003-01-08 32.02 "WAS" "" "CHI" "W" 3 0 10.8166666666667 0 0 0 30.4 14.1 0 0 0 0 7.7 0 103 -0.9 -11.5
"36" "36" 2003-01-10 32.03 "WAS" "" "GSW" "L" -5 0 8.41666666666667 0 0 0 12.8 7.3 0 6.9 0 0 5.9 0 108 0.6 -3.7
"37" "" 2003-01-11 32.03 "WAS" "@" "NYK" "W" 5 NA NA NA NA NA NA NA NA NA NA NA NA NA NA NA NA
"38" "37" 2003-01-14 32.04 "WAS" "" "TOR" "L" -9 1 19.7333333333333 0.34 0.2 4.5 25.3 13.2 0 2.8 0 14.5 15.9 72 95 1.6 -9.4
"39" "38" 2003-01-16 32.04 "WAS" "" "ORL" "W" 15 1 36.1833333333333 0.5 0.5 3.3 14 8.4 9.9 6.4 0 20 6.4 112 102 7 2.1
"40" "39" 2003-01-18 32.05 "WAS" "" "PHI" "L" -8 1 15.6 0.75 0.75 0 7.6 4 37.5 0 0 0 12.3 171 109 5.6 9.9
"41" "40" 2003-01-20 32.05 "WAS" "" "DEN" "W" 15 1 25.7833333333333 0.806 0.875 4.7 23.7 14.2 13.4 4.3 0 24.4 15.6 123 80 10 7.5
"42" "41" 2003-01-22 32.06 "WAS" "@" "NOH" "L" -9 0 6.83333333333333 0.333 0.333 0 0 0 0 7.5 0 25 27.3 49 108 -0.1 -13.8
"43" "" 2003-01-24 32.07 "WAS" "@" "CHI" "L" -7 NA NA NA NA NA NA NA NA NA NA NA NA NA NA NA NA
"44" "" 2003-01-25 32.07 "WAS" "" "MIN" "L" -8 NA NA NA NA NA NA NA NA NA NA NA NA NA NA NA NA
"45" "42" 2003-01-27 32.07 "WAS" "" "PHO" "W" 5 0 23.9 0 0 0 30 15.2 0 4.2 0 28.6 13.7 0 91 -2.1 -11.7
"46" "43" 2003-01-29 32.08 "WAS" "@" "NJN" "L" -8 0 20.45 0.167 0.167 0 10.2 5.5 0 0 0 0 14.8 36 102 -2 -12.7
"47" "44" 2003-01-30 32.08 "WAS" "@" "MIL" "L" -7 0 30.9 0.571 0.571 3.7 20.4 11.6 4.9 1.9 0 41.7 17.8 69 117 1.2 -9.3
"48" "45" 2003-02-01 32.09 "WAS" "" "NOH" "W" 5 1 33.7333333333333 0.825 0.786 3.4 8.3 5.6 16 4.6 0 0 10.5 177 111 15.6 11.4
"49" "46" 2003-02-04 32.1 "WAS" "" "CLE" "W" 9 1 34.5 0.77 0.75 0 13.1 6.6 0 4.8 0 19.2 14.8 111 91 11.6 2.7
"50" "47" 2003-02-11 32.12 "WAS" "@" "SAC" "L" -19 1 27.3333333333333 0.313 0.313 0 30.3 13.2 0 1.9 0 0 12.3 70 98 2.8 -4.4
"51" "48" 2003-02-12 32.12 "WAS" "@" "LAC" "W" 4 1 34.9 0.845 0.875 7.4 18 12.8 12.8 0 0 10.1 13.3 158 124 14.6 5.8
"52" "49" 2003-02-14 32.12 "WAS" "@" "UTA" "L" -32 1 27.15 0.3 0.3 0 10.2 4.4 0 4.3 0 0 9.2 69 129 1.3 -6.8
"53" "50" 2003-02-19 32.14 "WAS" "@" "NOH" "L" -12 0 16.9666666666667 0 0 0 34.4 16.4 19.5 3.4 0 0 8.7 28 90 1 -5.1
"54" "51" 2003-02-21 32.14 "WAS" "" "NJN" "W" 3 0 5.03333333333333 0 0 0 19.6 11.2 0 0 0 0 20.8 0 104 -1.5 -25.7
"55" "52" 2003-02-23 32.15 "WAS" "" "DAL" "L" -5 0 10.9666666666667 0 0 11.2 0 6.3 12 5 0 0 13.5 43 108 -0.1 -8.5
"56" "" 2003-02-25 32.15 "WAS" "@" "IND" "W" 5 NA NA NA NA NA NA NA NA NA NA NA NA NA NA NA NA
"57" "" 2003-02-27 32.16 "WAS" "" "HOU" "W" 2 NA NA NA NA NA NA NA NA NA NA NA NA NA NA NA NA
"58" "53" 2003-03-01 32.16 "WAS" "" "CHI" "W" 8 0 15.2 0.5 0.5 0 21.8 11.9 0 7 0 33.3 9.5 62 90 2.9 0.3
"59" "54" 2003-03-02 32.17 "WAS" "@" "MIA" "L" -10 0 22.05 0.661 0.643 0 5.5 2.6 0 5.3 0 0 18.7 136 109 7.2 3.5
"60" "55" 2003-03-04 32.17 "WAS" "" "TOR" "L" -3 0 21.4833333333333 0.571 0.571 6.5 21.8 14.8 0 5.2 0 12.5 17.7 105 94 6.8 3.1
"61" "56" 2003-03-05 32.18 "WAS" "" "LAC" "W" 19 0 21.5666666666667 1.017 1 0 8.9 4.9 24.7 2.5 3.2 22.5 9 155 88 8.7 12.5
"62" "57" 2003-03-07 32.18 "WAS" "" "MIL" "L" -3 0 8.83333333333333 0 0 13 0 6.5 0 5.8 0 20 27 14 89 -2.5 -21.5
"63" "58" 2003-03-09 32.19 "WAS" "@" "NYK" "L" -1 0 24.6833333333333 0.25 0.25 4.6 13.7 9.1 6.2 6.6 0 0 7.5 84 102 4.5 1.5
"64" "59" 2003-03-11 32.19 "WAS" "" "ORL" "W" 1 0 23.2 0.532 0 0 23.9 13.3 0 4.6 0 0 7.7 127 108 4.6 -1.6
"65" "60" 2003-03-14 32.2 "WAS" "@" "DET" "L" -10 0 18.15 0.61 0.5 5.4 6.8 6.1 0 3 0 0 21.9 131 105 8.2 7.4
"66" "61" 2003-03-15 32.2 "WAS" "" "MIA" "W" 7 0 20.9666666666667 0.443 0.333 11.1 26 18.8 0 5.4 3.5 0 13.5 111 86 6.9 3.1
"67" "62" 2003-03-18 32.21 "WAS" "" "DET" "L" -4 0 14.6166666666667 0 0 0 15.7 7.7 0 3.9 0 0 10 0 99 -0.5 -8.5
"68" "63" 2003-03-21 32.22 "WAS" "@" "PHO" "L" -26 0 17.35 0.225 0.188 6.7 7.8 7.2 19.4 0 4 10.1 27.1 59 125 -1.1 -14.3
"69" "" 2003-03-23 32.22 "WAS" "@" "GSW" "L" -6 NA NA NA NA NA NA NA NA NA NA NA NA NA NA NA NA
"70" "" 2003-03-25 32.23 "WAS" "@" "POR" "W" 4 NA NA NA NA NA NA NA NA NA NA NA NA NA NA NA NA
"71" "64" 2003-03-26 32.23 "WAS" "@" "SEA" "W" 6 0 8.25 0 0 30 0 14.6 0 0 0 0 6.4 90 105 0.3 -7.3
"72" "65" 2003-03-28 32.24 "WAS" "@" "LAL" "L" -14 0 7.4 1.042 1 0 0 0 42.7 0 0 41 16.2 132 130 2.7 4.8
"73" "66" 2003-03-30 32.24 "WAS" "@" "DEN" "L" -16 0 5.9 0 0 18.6 20.5 19.5 0 0 0 66.7 24.2 14 113 -1.7 -28.5
"74" "" 2003-04-02 32.25 "WAS" "" "SAC" "L" -6 NA NA NA NA NA NA NA NA NA NA NA NA NA NA NA NA
"75" "67" 2003-04-03 32.25 "WAS" "@" "ATL" "L" -2 0 14.2166666666667 0 0 8.2 9.5 8.8 18 4 5.8 16.7 19.5 28 100 -1.6 -12.3
"76" "" 2003-04-06 32.26 "WAS" "@" "BOS" "W" 1 NA NA NA NA NA NA NA NA NA NA NA NA NA NA NA NA
"77" "" 2003-04-08 32.27 "WAS" "@" "CLE" "W" 9 NA NA NA NA NA NA NA NA NA NA NA NA NA NA NA NA
"78" "68" 2003-04-09 32.27 "WAS" "" "BOS" "L" -4 0 13.6166666666667 0 0 0 15.6 8.3 22.9 4.2 0 0 3.8 77 102 1.5 0.2
"79" "69" 2003-04-11 32.28 "WAS" "@" "MIA" "W" 4 0 12.9 0.129 0 0 41 19.7 0 4.3 0 0 14.1 32 88 -0.5 -13
"80" "70" 2003-04-12 32.28 "WAS" "" "ATL" "L" -1 0 7.33333333333333 1 1 0 16.7 7.7 0 7.7 0 50 12.7 71 102 2 -0.7
"81" "" 2003-04-14 32.28 "WAS" "" "NYK" "L" -14 NA NA NA NA NA NA NA NA NA NA NA NA NA NA NA NA
"82" "" 2003-04-16 32.29 "WAS" "@" "PHI" "L" -20 NA NA NA NA NA NA NA NA NA NA NA NA NA NA NA NA
"1" "1" 2003-10-28 32.82 "LAL" "" "DAL" "W" 16 0 20.7833333333333 0.601 0.5 0 0 0 0 4.7 0 10.7 19.8 105 96 5.7 -1.6
"2" "2" 2003-11-01 32.84 "LAL" "@" "PHO" "W" 4 0 10.0333333333333 0 0 10.7 21.3 16 0 5 0 50 8.6 31 96 0.6 -5.4
"3" "3" 2003-11-02 32.84 "LAL" "" "GSW" "W" 15 0 12.45 0 0 0 16.7 8.7 35.3 0 0 0 7.6 66 87 1.3 -0.9
"4" "4" 2003-11-04 32.84 "LAL" "@" "MIL" "W" 6 0 6.58333333333333 1 1 0 32.7 16 25 0 0 50 13.9 96 106 0.8 -7.7
"5" "5" 2003-11-06 32.85 "LAL" "@" "SAS" "W" 3 0 14.7333333333333 0 0 6 27.4 16 0 0 0 18.4 14 12 105 -3.5 -18.5
"6" "6" 2003-11-07 32.85 "LAL" "@" "NOH" "L" -19 0 13.9166666666667 0.51 0.5 0 0 0 13.4 4.2 0 0 21.2 110 124 3.4 -1.2
"7" "7" 2003-11-10 32.86 "LAL" "@" "MEM" "L" -10 0 12.8166666666667 0.105 0 8.8 8.6 8.7 11.2 0 0 17.4 18.9 39 116 -2.8 -19.2
"8" "8" 2003-11-12 32.87 "LAL" "" "TOR" "W" 15 0 15.4333333333333 0.333 0.333 24.5 7.1 16.5 0 0 0 0 8.3 116 92 2.2 -4.7
"9" "9" 2003-11-14 32.87 "LAL" "" "DET" "W" 5 0 8.7 NA NA 14.8 0 6.9 0 0 0 NA 0 201 110 -0.5 -8.8
"10" "10" 2003-11-16 32.88 "LAL" "" "MIA" "W" 22 0 15.45 0.515 0.333 0 7.3 3.9 11.6 3.4 0 34 18.1 74 78 1.5 -2.3
"11" "11" 2003-11-18 32.88 "LAL" "@" "DET" "L" -10 0 7.66666666666667 0.521 0.5 0 18.8 8.2 0 0 0 0 17.4 107 124 1.1 -9.1
"12" "12" 2003-11-19 32.88 "LAL" "@" "NYK" "W" 21 0 8.53333333333333 0.833 0.833 0 0 0 0 0 0 0 14.7 153 96 3.7 8.9
"13" "13" 2003-11-21 32.89 "LAL" "" "CHI" "W" 7 0 12.2166666666667 1.293 1.5 17.8 8.3 12.9 14.3 0 4.9 0 16.6 253 102 14.1 34.9
"14" "14" 2003-11-23 32.9 "LAL" "" "MEM" "W" 32 0 22.1 1.017 1 0 18.2 10.1 12.8 2.3 7.3 12.7 16.8 166 86 13.9 15.4
"15" "15" 2003-11-26 32.9 "LAL" "" "WAS" "W" 21 0 21.0666666666667 0.85 0.8 18.2 5 9.6 23.9 4.4 0 14.5 14.2 158 101 13.2 14.9
"16" "16" 2003-11-28 32.91 "LAL" "" "SAS" "W" 16 0 18.8333333333333 0.75 0.75 0 9.4 5.3 6.1 0 0 0 4.7 153 101 2.9 0.4
"17" "17" 2003-11-30 32.92 "LAL" "" "IND" "W" 22 0 20.6833333333333 0.583 0.583 5.9 12.7 9.1 31.4 0 0 14.3 15.9 117 90 5.9 5.1
"18" "18" 2003-12-03 32.92 "LAL" "@" "SAS" "W" 4 0 11.25 0.174 0 0 0 0 0 0 0 0 12.1 39 105 -1.2 -11.4
"19" "19" 2003-12-04 32.93 "LAL" "@" "DAL" "W" 11 0 23.6333333333333 0.6 0.6 0 32.4 18.2 6.2 0 0 16.7 10.6 101 97 5.3 0.5
"20" "20" 2003-12-07 32.93 "LAL" "" "UTA" "W" 2 0 16.0333333333333 0.3 0.3 7.1 6.3 6.6 28.1 3.2 3.8 0 14.4 96 101 4.7 6
"21" "21" 2003-12-09 32.94 "LAL" "" "NYK" "W" 8 0 28.15 0.685 0.571 0 19.7 9.2 0 7.1 0 10.2 15.2 122 84 12.4 8.4
"22" "22" 2003-12-12 32.95 "LAL" "" "DAL" "L" -17 0 30.2833333333333 0.611 0.611 3.6 3.6 3.6 5.8 1.7 2.1 18.2 15.8 100 118 6.1 0.8
"23" "23" 2003-12-13 32.95 "LAL" "@" "POR" "L" -4 0 14.3666666666667 0.8 0.8 8.4 0 4.1 12.1 7.5 5 0 16.5 164 111 9.8 17.2
"24" "24" 2003-12-19 32.97 "LAL" "" "DEN" "W" 2 0 20.3166666666667 0.2 0.2 0 15.6 8.6 11.8 0 0 0 10 66 103 -0.4 -7.9
"25" "25" 2003-12-21 32.97 "LAL" "" "PHO" "W" 6 0 28.8 0.643 0.65 4.1 10.7 7.6 15.9 1.9 0 21.6 21.4 109 111 9.5 2.8
"26" "26" 2003-12-23 32.98 "LAL" "@" "GSW" "L" -9 0 20.7666666666667 0.515 0.333 0 41 20.3 6.2 2.5 0 20.5 10.7 93 109 4.7 -2.2
"27" "27" 2003-12-25 32.98 "LAL" "" "HOU" "L" -12 0 12.4 1.5 1.5 15.7 10.5 13.5 28.6 0 0 66.7 11.1 96 116 2.6 -0.6
"28" "28" 2003-12-28 32.99 "LAL" "" "BOS" "W" 23 0 16.3333333333333 0.375 0.375 6 13.1 9.4 41.3 6 0 33.3 13.8 95 81 4.6 7.5
"29" "29" 2004-01-02 33.01 "LAL" "@" "SEA" "L" -2 0 19.4666666666667 0.583 0.583 0 12.6 6.2 0 0 0 0 13 122 121 3.8 -4.3
"30" "30" 2004-01-04 33.01 "LAL" "@" "LAC" "L" -3 0 24.2166666666667 0.833 0.833 3.6 11.6 6.7 24.7 0 3.3 0 5.3 188 113 7.3 1.4
"31" "31" 2004-01-06 33.02 "LAL" "@" "MIN" "L" -16 0 11.0166666666667 0 0 0 32.4 13.8 11.1 0 0 66.7 11.1 13 116 -1.5 -16.6
"32" "32" 2004-01-07 33.02 "LAL" "@" "DEN" "L" -22 0 13.1166666666667 0 0 0 33.3 16.5 12.5 3.9 0 0 7.1 22 101 1.5 -6
"33" "33" 2004-01-09 33.02 "LAL" "" "ATL" "W" 46 0 19.0333333333333 1.375 1.375 0 15.5 6.5 25.7 2.8 0 20 11.3 188 82 13.2 24.9
"34" "34" 2004-01-12 33.03 "LAL" "" "CLE" "W" 10 0 15.4666666666667 0.255 0.2 0 10.9 5.4 10 0 0 14.5 17.7 55 88 -0.6 -9.7
"35" "35" 2004-01-14 33.04 "LAL" "" "DEN" "W" 26 0 19.1166666666667 0.41 0.25 9 12.6 11.1 7.8 0 0 17 15.5 94 91 1 -9.3
"36" "36" 2004-01-16 33.04 "LAL" "@" "SAC" "L" -20 0 16.2166666666667 0.644 0.5 0 0 0 9.4 3.4 0 20.5 14.6 109 116 4 0.2
"37" "37" 2004-01-17 33.05 "LAL" "" "LAC" "W" 2 0 18.1666666666667 0.63 0.333 5.8 22.7 14.3 15.5 3 0 0 12.3 155 92 7 3.8
"38" "38" 2004-01-19 33.05 "LAL" "" "PHO" "L" -3 1 29.7 0.697 0.65 3.3 8.2 5.5 13.9 0 0 0 19.3 146 106 12.7 6.4
"39" "39" 2004-01-21 33.06 "LAL" "@" "MEM" "L" -6 0 21.6 0.506 0.5 4.1 14.9 9 21.5 2.4 0 9.2 21.9 102 94 7.1 6.5
"40" "40" 2004-01-22 33.06 "LAL" "@" "DAL" "L" -19 0 21.95 0.111 0.111 0 19 10 8.1 0 0 0 20.7 30 124 -2.8 -18.6
"41" "41" 2004-01-24 33.07 "LAL" "@" "UTA" "W" 7 0 13.9 0 0 0 0 0 19.6 0 0 0 10.5 49 117 -1.5 -14.6
"42" "42" 2004-01-28 33.08 "LAL" "" "SEA" "W" 14 0 14 0.4 0.4 7.6 9.3 8.4 10.3 0 0 16.7 20.3 83 104 0.8 -11.9
"43" "43" 2004-01-30 33.08 "LAL" "" "MIN" "L" -13 0 14.65 0.205 0 7 0 4 10.3 0 0 17 18.7 57 120 -1.2 -15.6
"44" "44" 2004-02-01 33.09 "LAL" "@" "TOR" "W" 1 0 2.96666666666667 1.5 1.5 0 0 0 0 0 0 0 15.6 300 103 1.9 22.3
"45" "45" 2004-02-02 33.09 "LAL" "@" "IND" "L" -13 0 18.2666666666667 0.333 0.333 0 38.1 18 11.9 0 9.2 0 8.5 77 94 3.4 -1
"46" "46" 2004-02-04 33.1 "LAL" "@" "CLE" "W" 5 0 3.98333333333333 0.5 0.5 0 0 0 0 0 0 50 33.2 43 117 -1 -32.7
"47" "47" 2004-02-05 33.1 "LAL" "@" "PHI" "L" -23 0 17.4 0.5 0.5 0 28.8 12.1 11.8 0 0 0 12.8 106 111 3.4 -2.2
"48" "" 2004-02-08 33.11 "LAL" "@" "ORL" "W" 2 NA NA NA NA NA NA NA NA NA NA NA NA NA NA NA NA
"49" "" 2004-02-10 33.11 "LAL" "@" "MIA" "W" 15 NA NA NA NA NA NA NA NA NA NA NA NA NA NA NA NA
"50" "48" 2004-02-11 33.12 "LAL" "@" "HOU" "L" -15 0 1.65 1 1 0 0 0 0 0 0 0 24.4 200 129 1.7 27.1
"51" "" 2004-02-17 33.13 "LAL" "" "POR" "W" 3 NA NA NA NA NA NA NA NA NA NA NA NA NA NA NA NA
"52" "" 2004-02-18 33.13 "LAL" "@" "GSW" "W" 1 NA NA NA NA NA NA NA NA NA NA NA NA NA NA NA NA
"53" "49" 2004-02-20 33.14 "LAL" "" "PHI" "W" 28 0 16.8833333333333 0.515 0.333 16.9 21.7 19 0 0 4.3 0 9 148 96 5.2 0
"54" "50" 2004-02-22 33.15 "LAL" "@" "PHO" "W" 12 0 5.71666666666667 1 1 0 25.8 11.1 29.6 0 0 0 15.6 202 105 4 13.6
"55" "51" 2004-02-25 33.15 "LAL" "@" "DEN" "W" 1 0 14.6666666666667 0.625 0.625 0 0 0 9.4 6.4 0 0 22.7 124 107 7.9 8.3
"56" "52" 2004-02-26 33.16 "LAL" "" "SAC" "L" -2 0 5.78333333333333 0 0 0 0 0 20.5 8.6 0 0 7.2 52 97 0.6 2
"57" "53" 2004-02-28 33.16 "LAL" "@" "WAS" "W" 12 0 5.5 NA NA 0 0 0 16 0 0 NA 0 214 128 0.3 -5.8
"58" "54" 2004-02-29 33.16 "LAL" "@" "NJN" "W" 17 0 8.68333333333333 0.5 0.5 0 0 0 0 0 0 33.3 15.5 61 98 -0.8 -14
"59" "55" 2004-03-02 33.17 "LAL" "@" "ATL" "L" -1 0 4.5 NA NA 0 26.7 13.2 31.6 0 0 NA 0 211 105 0.6 -1.6
"60" "56" 2004-03-03 33.17 "LAL" "@" "HOU" "W" 3 0 6.13333333333333 0.5 0.5 0 0 0 0 0 0 33.3 23.7 59 112 -0.4 -15.4
"61" "57" 2004-03-05 33.18 "LAL" "" "SEA" "W" 8 0 14.45 0 0 0 16.7 8.3 0 0 5.4 0 13.6 0 103 -1.9 -15.7
"62" "58" 2004-03-07 33.18 "LAL" "" "NJN" "W" 6 0 5.41666666666667 0 0 0 34 16.8 0 0 11 0 7.7 0 84 0.2 -5
"63" "59" 2004-03-08 33.19 "LAL" "@" "UTA" "L" -5 0 13.0333333333333 0.615 0.625 0 33.3 15.4 0 0 0 17 22.5 96 94 2.7 -0.1
"64" "60" 2004-03-10 33.19 "LAL" "@" "BOS" "W" 8 0 14.6666666666667 0.902 1 7 15.2 10.9 9.8 3.4 0 0 10.6 185 111 7.5 12.1
"65" "61" 2004-03-12 33.2 "LAL" "@" "MIN" "L" -10 0 5.35 1 1 0 0 0 0 0 0 0 7.8 200 111 1.7 5.1
"66" "62" 2004-03-13 33.2 "LAL" "@" "CHI" "W" 7 0 4.16666666666667 1.5 1.5 0 35.6 19 47.1 0 0 50 17.5 118 79 2.6 19.1
"67" "63" 2004-03-15 33.21 "LAL" "" "ORL" "W" 3 0 5.75 0.451 0.333 0 0 0 0 0 0 0 57.1 111 122 3.2 -3.2
"68" "" 2004-03-17 33.21 "LAL" "@" "LAC" "W" 3 NA NA NA NA NA NA NA NA NA NA NA NA NA NA NA NA
"69" "" 2004-03-19 33.22 "LAL" "" "LAC" "W" 6 NA NA NA NA NA NA NA NA NA NA NA NA NA NA NA NA
"70" "" 2004-03-21 33.22 "LAL" "" "MIL" "W" 1 NA NA NA NA NA NA NA NA NA NA NA NA NA NA NA NA
"71" "64" 2004-03-24 33.23 "LAL" "" "SAC" "W" 24 0 2.5 0.5 0.5 0 0 0 0 25 0 0 41.2 113 52 2 20.8
"72" "65" 2004-03-26 33.24 "LAL" "" "MIN" "W" 17 0 2.53333333333333 0 0 0 0 0 0 16.4 0 0 13.5 0 55 0.3 6
"73" "66" 2004-03-28 33.24 "LAL" "" "UTA" "W" 7 0 3.4 0 0 0 36.4 17.8 0 0 0 0 30.6 0 94 -1.1 -26
"74" "67" 2004-03-30 33.25 "LAL" "" "NOH" "W" 19 0 2.05 NA NA 0 0 0 0 26.2 0 NA 0 0 52 1 23.9
"75" "" 2004-04-01 33.25 "LAL" "" "HOU" "W" 8 NA NA NA NA NA NA NA NA NA NA NA NA NA NA NA NA
"76" "68" 2004-04-02 33.25 "LAL" "@" "SEA" "W" 11 0 5.78333333333333 0 0 0 0 0 0 0 0 0 8.7 0 118 -0.7 -15.9
"77" "69" 2004-04-04 33.26 "LAL" "" "SAS" "L" -6 0 0.05 NA NA 0 0 0 0 0 0 NA 0 0 107 0 -3
"78" "70" 2004-04-06 33.27 "LAL" "" "POR" "L" -11 0 2.1 0.75 0.75 51.1 0 30.4 0 0 0 0 44.6 154 113 2.7 47.6
"79" "71" 2004-04-09 33.27 "LAL" "" "MEM" "W" 8 0 1.53333333333333 0.568 NA 0 0 0 0 0 0 0 20.1 123 111 0.6 -1.3
"80" "72" 2004-04-11 33.28 "LAL" "@" "SAC" "L" -17 0 4.06666666666667 0 0 0 27.3 12.8 0 0 0 0 43.5 0 112 -2.9 -42
"81" "" 2004-04-13 33.28 "LAL" "" "GSW" "W" 5 NA NA NA NA NA NA NA NA NA NA NA NA NA NA NA NA
"82" "" 2004-04-14 33.29 "LAL" "@" "POR" "W" 1 NA NA NA NA NA NA NA NA NA NA NA NA NA NA NA NA
"1" "" 2004-11-02 33.84 "DEN" "@" "LAL" "L" -11 NA NA NA NA NA NA NA NA NA NA NA NA NA NA NA NA
"2" "" 2004-11-04 33.85 "DEN" "" "MIN" "W" 2 NA NA NA NA NA NA NA NA NA NA NA NA NA NA NA NA
"3" "1" 2004-11-06 33.85 "DEN" "" "UTA" "L" -24 0 13.1 0.621 0.667 8.2 0 4.4 15.6 0 0 15.1 23.5 112 131 4.1 -1.2
"4" "2" 2004-11-08 33.86 "DEN" "@" "UTA" "L" -11 0 22.1 0.765 0.8 4.9 23.2 13.2 17.6 7.1 0 0 12.3 160 104 11 14.8
"5" "3" 2004-11-09 33.86 "DEN" "" "SEA" "L" -20 0 13.8 0 0 8.8 0 4.6 9.5 0 0 0 6.7 55 127 -1.2 -10.9
"6" "" 2004-11-11 33.87 "DEN" "" "DET" "W" 8 NA NA NA NA NA NA NA NA NA NA NA NA NA NA NA NA
"7" "4" 2004-11-14 33.87 "DEN" "@" "SAC" "L" -12 0 12 1.125 1.125 0 20.5 8.8 0 4.2 0 20 17.9 138 102 7.6 19
"8" "5" 2004-11-17 33.88 "DEN" "" "TOR" "W" 6 0 13.6833333333333 1.136 NA 7.8 7.8 7.8 8.6 3.7 0 69.4 8.7 89 113 1.9 -3.9
"9" "6" 2004-11-19 33.89 "DEN" "" "CHI" "W" 18 0 17.1 0.595 0.6 0 6.7 3.5 9.3 0 0 0 15.4 119 91 4.9 4.8
"10" "7" 2004-11-21 33.89 "DEN" "" "DAL" "W" 28 0 10.5833333333333 0.75 0.75 0 8.9 5 35.7 4.3 0 0 7.6 171 81 5 16
"11" "8" 2004-11-23 33.9 "DEN" "" "NJN" "W" 2 0 12.1333333333333 0.868 0.75 0 27.9 15.6 0 4.4 0 0 12 171 91 5.5 8.9
"12" "9" 2004-11-26 33.91 "DEN" "" "SAS" "L" -14 0 11.4 0 0 0 23 10 0 5 0 0 4.1 0 94 0.5 -4.7
"13" "10" 2004-11-27 33.91 "DEN" "@" "HOU" "W" 6 0 18.0666666666667 0 0 0 20 9.5 0 0 0 0 2.6 0 93 -1 -9.9
"14" "11" 2004-11-29 33.92 "DEN" "" "NOH" "W" 9 0 23 0.667 0.667 0 16.7 8.3 10 2.4 0 10 21.5 108 84 8.1 7.3
"15" "12" 2004-12-02 33.92 "DEN" "" "CLE" "L" -19 0 17.1666666666667 0.532 0 0 19.3 10.2 10.5 0 0 0 10.1 134 102 3 -0.6
"16" "13" 2004-12-04 33.93 "DEN" "" "MIA" "W" 9 0 8.98333333333333 0.75 0.75 0 27.4 13.5 15.8 0 0 0 9.6 154 101 3.3 6.9
"17" "14" 2004-12-06 33.93 "DEN" "" "ORL" "W" 13 0 9.35 0 0 0 33.5 16.9 22.9 4.9 0 0 4.1 90 92 1.8 3.3
"18" "" 2004-12-08 33.94 "DEN" "@" "WAS" "W" 6 NA NA NA NA NA NA NA NA NA NA NA NA NA NA NA NA
"19" "15" 2004-12-10 33.95 "DEN" "@" "TOR" "W" 14 0 24 0.5 0.5 5.4 16.7 11.8 17.6 0 0 11.1 16.6 103 93 5.8 1.5
"20" "16" 2004-12-12 33.95 "DEN" "@" "NYK" "L" -11 0 14.3666666666667 0.727 0.833 19.6 0 8.7 0 0 0 0 10.7 153 120 3.9 3.3
"21" "" 2004-12-14 33.96 "DEN" "@" "PHI" "L" -8 NA NA NA NA NA NA NA NA NA NA NA NA NA NA NA NA
"22" "17" 2004-12-15 33.96 "DEN" "@" "BOS" "W" 1 0 21.95 0.75 0.75 6.1 8.4 7.4 12.5 0 0 33.3 6.3 119 111 2.9 -2.2
"23" "18" 2004-12-17 33.96 "DEN" "@" "MIA" "L" -7 0 19.5333333333333 0.868 0.75 6.2 13.3 9.6 7.4 2.7 0 14.8 15.9 158 115 9.6 9.4
"24" "19" 2004-12-18 33.97 "DEN" "@" "ORL" "L" -22 0 12.2166666666667 0 0 7 10.5 8.4 10.8 0 0 20 16.6 22 126 -2.5 -20.9
"25" "20" 2004-12-20 33.97 "DEN" "" "PHO" "L" -2 0 26.4833333333333 0.643 0.6 5 9.7 7.4 31.1 2.1 2.8 0 20.1 147 119 14.6 13.2
"26" "21" 2004-12-22 33.98 "DEN" "@" "SEA" "L" -15 0 20.5666666666667 0.6 0.6 0 16.3 8.3 8 0 0 0 11.4 127 114 4.1 1.8
"27" "22" 2004-12-26 33.99 "DEN" "" "DAL" "L" -14 0 6.48333333333333 NA NA 0 0 0 24.2 0 0 100 8 35 128 -0.7 -13.3
"28" "23" 2004-12-27 33.99 "DEN" "@" "GSW" "L" -3 0 11.2 0 0 10.4 9.7 10 19.8 4.5 0 0 3.9 105 102 1.5 -0.7
"29" "24" 2004-12-31 34 "DEN" "" "PHI" "W" 5 0 18.6833333333333 0.421 0.357 10.3 26.7 17.4 8.2 8 4.3 0 18.8 108 78 8.3 7.4
"30" "25" 2005-01-02 34.01 "DEN" "@" "LAL" "L" -8 0 15.5666666666667 0.25 0.25 17 6.3 11.9 20 0 0 20 12.9 78 109 1.6 -4.2
"31" "26" 2005-01-03 34.01 "DEN" "" "LAC" "L" -4 0 18.5166666666667 0.608 0.375 0 7 3.2 17 3 0 0 14.9 140 115 6.5 4.6
"32" "27" 2005-01-08 34.02 "DEN" "@" "SAS" "L" -9 0 17.75 0.5 0.5 0 21.6 11.1 17 3 0 25 10.7 92 110 2.8 2.1
"33" "28" 2005-01-09 34.02 "DEN" "" "HOU" "L" -18 0 10.85 0.532 0 0 24.9 11.6 0 4.7 0 0 8 124 117 2.5 -1.9
"34" "29" 2005-01-11 34.03 "DEN" "@" "SAC" "L" -9 0 11.8833333333333 0.6 0.6 9.9 19.4 14.7 0 0 0 28.6 27.3 84 114 0.6 -9.9
"35" "30" 2005-01-12 34.03 "DEN" "" "LAL" "W" 12 0 10.5166666666667 0 0 0 22.2 12.3 14 5.9 0 0 10.6 27 80 0.1 -5.6
"36" "31" 2005-01-14 34.04 "DEN" "" "MIN" "L" -10 0 16.9666666666667 0.399 0 0 16.6 7.2 8.3 3.3 0 0 11.1 97 107 2.7 -3.6
"37" "32" 2005-01-17 34.05 "DEN" "@" "GSW" "L" -10 0 14.8333333333333 0.333 0.333 0 0 0 9.5 0 4.6 0 8.9 91 120 0.9 -4.2
"38" "33" 2005-01-18 34.05 "DEN" "@" "SEA" "W" 6 0 27.95 0.394 0.313 3.9 11.8 7.8 0 3.9 0 0 14.5 98 109 5.4 -2.5
"39" "34" 2005-01-21 34.06 "DEN" "" "MEM" "W" 10 0 23.2166666666667 0.635 0.643 17.6 30.8 24.7 0 2.5 0 0 16.5 149 100 10.4 7.9
"40" "35" 2005-01-23 34.06 "DEN" "@" "DAL" "L" -2 0 13.9833333333333 0.25 0.25 7.3 15.2 11.2 10.5 0 0 33.3 19.8 50 111 -1.6 -17
"41" "36" 2005-01-25 34.07 "DEN" "@" "CHI" "L" -4 0 14.5166666666667 0.266 0 0 9.3 4.6 9.3 3.5 0 0 12 70 113 1 -7.1
"42" "37" 2005-01-26 34.07 "DEN" "@" "DET" "L" -17 0 11.8666666666667 0 0 0 10.3 4.5 0 0 0 0 3.9 0 110 -0.8 -11.1
"43" "38" 2005-01-28 34.08 "DEN" "@" "MIL" "W" 6 0 18.2666666666667 0.444 0.429 18.9 11.5 15 21.4 2.8 0 0 19.2 122 111 8.3 4.9
"44" "39" 2005-01-29 34.08 "DEN" "@" "IND" "W" 7 0 21.2166666666667 1.128 1.125 0 19.9 11.4 0 2.6 0 14.8 15.6 183 97 12.6 13.2
"45" "40" 2005-02-01 34.09 "DEN" "" "NYK" "W" 20 0 16.1666666666667 0.34 0.2 0 14.3 7.6 0 0 0 0 17.1 83 91 0.3 -11.4
"46" "41" 2005-02-02 34.09 "DEN" "@" "POR" "L" -3 0 24.6 0.625 0.625 13.6 10.3 12 12.1 0 0 0 15.6 155 126 8.9 3.9
"47" "" 2005-02-05 34.1 "DEN" "" "GSW" "W" 16 NA NA NA NA NA NA NA NA NA NA NA NA NA NA NA NA
"48" "42" 2005-02-08 34.11 "DEN" "" "UTA" "W" 10 0 11.6333333333333 0.25 0.25 8.9 0 4.3 0 0 0 20 18.4 54 110 -1.5 -19.8
"49" "43" 2005-02-09 34.11 "DEN" "@" "MIN" "L" -6 0 4.8 NA NA 0 0 0 0 0 0 NA 0 0 119 -0.4 -10.4
"50" "44" 2005-02-11 34.12 "DEN" "@" "CLE" "W" 5 0 10.4333333333333 0.667 0.667 13.7 13.3 13.5 0 5.2 7.2 25 18.3 103 101 4 5.6
"51" "45" 2005-02-13 34.12 "DEN" "@" "NJN" "L" -15 0 7.23333333333333 0.5 0.5 0 0 0 0 0 12.9 50 27.9 43 106 -0.7 -13.9
"52" "46" 2005-02-15 34.13 "DEN" "@" "ATL" "W" 4 0 8.15 0.798 1 13.6 0 7.6 0 7 0 0 10.4 164 108 3.2 4.5
"53" "47" 2005-02-16 34.13 "DEN" "@" "CHA" "L" -6 0 16.3 0.694 0.5 7.7 0 3.6 0 3.2 0 0 8.4 158 105 4.3 1.8
"54" "48" 2005-02-23 34.15 "DEN" "" "BOS" "W" 21 0 20.1166666666667 0.375 0.375 0 9.6 4.9 28.6 0 0 0 7.8 112 92 4 1.2
"55" "49" 2005-02-25 34.15 "DEN" "@" "MEM" "W" 3 0 33.9166666666667 0.444 0.357 3.5 22.7 13.6 14.2 0 0 20.2 13.2 89 100 3.9 -2.5
"56" "50" 2005-02-27 34.16 "DEN" "@" "NOH" "W" 1 0 27.9 0.615 0.5 9.3 17.1 13.4 7.2 3.8 0 17 19.6 116 100 10.1 3
"57" "51" 2005-03-01 34.16 "DEN" "" "ATL" "W" 23 0 15.6166666666667 0.5 0.5 7.9 0 3.8 0 6.9 0 16.7 16.5 96 85 3.2 -1
"58" "52" 2005-03-03 34.17 "DEN" "" "IND" "W" 9 0 16.1166666666667 0.625 0.5 6.8 20.5 13.6 36 6.1 5.5 12.2 22.7 125 77 10.1 17.3
"59" "53" 2005-03-05 34.18 "DEN" "@" "LAC" "W" 16 0 16.0166666666667 0.935 0.9 15 6.8 10.7 19.4 3.3 0 0 17 194 99 12 22.7
"60" "54" 2005-03-07 34.18 "DEN" "" "POR" "W" 13 0 9.55 0.375 0.375 0 29.6 12.1 0 0 0 0 17.9 83 102 1.2 -9.2
"61" "" 2005-03-12 34.19 "DEN" "@" "SAS" "W" 3 NA NA NA NA NA NA NA NA NA NA NA NA NA NA NA NA
"62" "55" 2005-03-13 34.2 "DEN" "" "PHO" "L" -5 0 17.5333333333333 0.5 0.5 5.5 17.6 11.4 8.3 0 4 0 5.1 129 109 2.4 -4.7
"63" "56" 2005-03-16 34.21 "DEN" "" "CHA" "W" 19 0 12.6166666666667 0.607 0.556 0 23.6 13.2 0 0 0 9.2 36.7 113 110 6.8 -5.7
"64" "" 2005-03-18 34.21 "DEN" "" "LAC" "W" 19 NA NA NA NA NA NA NA NA NA NA NA NA NA NA NA NA
"65" "" 2005-03-20 34.22 "DEN" "" "MIL" "W" 11 NA NA NA NA NA NA NA NA NA NA NA NA NA NA NA NA
"66" "57" 2005-03-22 34.22 "DEN" "" "WAS" "W" 29 0 10.4333333333333 0.595 0.6 12.3 39.2 27.3 11.9 0 0 0 23.3 137 92 6.1 6.8
"67" "58" 2005-03-24 34.23 "DEN" "" "LAL" "W" 21 1 22.7833333333333 0.291 0.25 9.1 4.3 6.6 10 2 0 12.7 13.7 83 103 0.9 -8.4
"68" "" 2005-03-26 34.23 "DEN" "" "SAC" "W" 14 NA NA NA NA NA NA NA NA NA NA NA NA NA NA NA NA
"69" "59" 2005-03-28 34.24 "DEN" "@" "PHO" "L" -9 1 20.5833333333333 0.667 0.667 0 6.3 2.9 0 4.7 3.9 14.3 13.8 116 122 5.8 0.8
"70" "60" 2005-03-30 34.24 "DEN" "@" "UTA" "W" 11 0 1.13333333333333 0 0 0 0 0 0 0 0 0 45.5 0 113 -0.7 -45
"71" "61" 2005-04-01 34.25 "DEN" "" "SAS" "W" 18 0 7.48333333333333 NA NA 0 24 13.2 17.6 6.9 0 100 5.8 37 78 0.5 -1
"72" "62" 2005-04-02 34.25 "DEN" "@" "POR" "W" 6 0 10.6166666666667 0.875 0.875 60 22.9 38.9 0 0 0 0 17.8 184 107 7.6 13
"73" "63" 2005-04-05 34.26 "DEN" "@" "MEM" "W" 3 0 4.93333333333333 0 0 0 0 0 24 10.4 0 66.7 29.4 17 85 -1.4 -15.9
"74" "64" 2005-04-06 34.26 "DEN" "@" "NOH" "W" 11 0 11.05 NA NA 0 0 0 43.6 10.4 6.8 NA 0 209 75 4.4 19.5
"75" "" 2005-04-08 34.27 "DEN" "@" "MIN" "W" 3 NA NA NA NA NA NA NA NA NA NA NA NA NA NA NA NA
"76" "65" 2005-04-09 34.27 "DEN" "" "SEA" "W" 16 0 6.83333333333333 NA NA 0 0 0 17.1 0 19 100 6.7 48 108 -0.1 -0.1
"77" "66" 2005-04-11 34.28 "DEN" "" "GSW" "W" 16 0 9.68333333333333 0.3 0.3 0 19.2 10.7 23.3 0 0 0 21.1 80 104 1.5 -6.9
"78" "67" 2005-04-13 34.28 "DEN" "" "NOH" "W" 14 0 9.26666666666667 0.75 0.75 0 0 0 0 0 0 0 9.3 150 115 1.6 -4.2
"79" "" 2005-04-15 34.29 "DEN" "" "MEM" "W" 9 NA NA NA NA NA NA NA NA NA NA NA NA NA NA NA NA
"80" "68" 2005-04-16 34.29 "DEN" "@" "HOU" "L" -28 0 4.18333333333333 0 0 0 0 0 0 0 0 0 23.3 0 136 -1.8 -29.6
"81" "69" 2005-04-18 34.3 "DEN" "@" "PHO" "L" -14 0 3.63333333333333 0 0 23.5 0 13.8 0 0 0 33.3 28.5 21 131 -1.7 -33.7
"82" "70" 2005-04-19 34.3 "DEN" "" "POR" "W" 4 0 9.1 0.25 0.25 11.9 11.3 11.6 0 0 0 0 17.5 75 115 -0.6 -18.1
"1" "" 2005-11-02 34.84 "DEN" "" "LAL" "L" -2 NA NA NA NA NA NA NA NA NA NA NA NA NA NA NA NA
"2" "" 2005-11-04 34.84 "DEN" "" "POR" "W" 39 NA NA NA NA NA NA NA NA NA NA NA NA NA NA NA NA
"3" "" 2005-11-06 34.85 "DEN" "@" "LAL" "L" -20 NA NA NA NA NA NA NA NA NA NA NA NA NA NA NA NA
"4" "" 2005-11-09 34.86 "DEN" "" "SAC" "W" 16 NA NA NA NA NA NA NA NA NA NA NA NA NA NA NA NA
"5" "" 2005-11-11 34.86 "DEN" "@" "SAC" "L" -16 NA NA NA NA NA NA NA NA NA NA NA NA NA NA NA NA
"6" "" 2005-11-13 34.87 "DEN" "" "MIN" "W" 11 NA NA NA NA NA NA NA NA NA NA NA NA NA NA NA NA
"7" "" 2005-11-15 34.87 "DEN" "@" "DAL" "L" -3 NA NA NA NA NA NA NA NA NA NA NA NA NA NA NA NA
"8" "" 2005-11-16 34.88 "DEN" "@" "NOK" "W" 10 NA NA NA NA NA NA NA NA NA NA NA NA NA NA NA NA
"9" "" 2005-11-18 34.88 "DEN" "" "NYK" "W" 9 NA NA NA NA NA NA NA NA NA NA NA NA NA NA NA NA
"10" "" 2005-11-20 34.89 "DEN" "" "MEM" "W" 16 NA NA NA NA NA NA NA NA NA NA NA NA NA NA NA NA
"11" "" 2005-11-22 34.89 "DEN" "@" "WAS" "W" 3 NA NA NA NA NA NA NA NA NA NA NA NA NA NA NA NA
"12" "" 2005-11-23 34.9 "DEN" "@" "DET" "L" -25 NA NA NA NA NA NA NA NA NA NA NA NA NA NA NA NA
"13" "" 2005-11-25 34.9 "DEN" "" "LAC" "W" 10 NA NA NA NA NA NA NA NA NA NA NA NA NA NA NA NA
"14" "" 2005-11-28 34.91 "DEN" "" "NJN" "L" -9 NA NA NA NA NA NA NA NA NA NA NA NA NA NA NA NA
"15" "" 2005-11-30 34.92 "DEN" "" "NOK" "L" -7 NA NA NA NA NA NA NA NA NA NA NA NA NA NA NA NA
"16" "" 2005-12-02 34.92 "DEN" "@" "PHO" "L" -5 NA NA NA NA NA NA NA NA NA NA NA NA NA NA NA NA
"17" "" 2005-12-03 34.92 "DEN" "" "MIA" "W" 2 NA NA NA NA NA NA NA NA NA NA NA NA NA NA NA NA
"18" "" 2005-12-06 34.93 "DEN" "" "ATL" "W" 9 NA NA NA NA NA NA NA NA NA NA NA NA NA NA NA NA
"19" "" 2005-12-09 34.94 "DEN" "@" "MIA" "W" 8 NA NA NA NA NA NA NA NA NA NA NA NA NA NA NA NA
"20" "" 2005-12-10 34.94 "DEN" "@" "ORL" "L" -11 NA NA NA NA NA NA NA NA NA NA NA NA NA NA NA NA
"21" "" 2005-12-13 34.95 "DEN" "@" "CHA" "W" 16 NA NA NA NA NA NA NA NA NA NA NA NA NA NA NA NA
"22" "" 2005-12-15 34.96 "DEN" "@" "CLE" "L" -9 NA NA NA NA NA NA NA NA NA NA NA NA NA NA NA NA
"23" "" 2005-12-16 34.96 "DEN" "@" "NJN" "L" -9 NA NA NA NA NA NA NA NA NA NA NA NA NA NA NA NA
"24" "" 2005-12-18 34.96 "DEN" "@" "ATL" "L" -3 NA NA NA NA NA NA NA NA NA NA NA NA NA NA NA NA
"25" "" 2005-12-21 34.97 "DEN" "" "WAS" "L" -6 NA NA NA NA NA NA NA NA NA NA NA NA NA NA NA NA
"26" "" 2005-12-23 34.98 "DEN" "" "HOU" "W" 22 NA NA NA NA NA NA NA NA NA NA NA NA NA NA NA NA
"27" "" 2005-12-26 34.99 "DEN" "@" "GSW" "W" 6 NA NA NA NA NA NA NA NA NA NA NA NA NA NA NA NA
"28" "" 2005-12-27 34.99 "DEN" "" "PHI" "L" -2 NA NA NA NA NA NA NA NA NA NA NA NA NA NA NA NA
"29" "" 2005-12-29 34.99 "DEN" "" "SEA" "L" -7 NA NA NA NA NA NA NA NA NA NA NA NA NA NA NA NA
"30" "" 2005-12-31 35 "DEN" "" "SAS" "L" -10 NA NA NA NA NA NA NA NA NA NA NA NA NA NA NA NA
"31" "" 2006-01-02 35.01 "DEN" "" "BOS" "W" 10 NA NA NA NA NA NA NA NA NA NA NA NA NA NA NA NA
"32" "" 2006-01-04 35.01 "DEN" "" "IND" "W" 20 NA NA NA NA NA NA NA NA NA NA NA NA NA NA NA NA
"33" "" 2006-01-06 35.02 "DEN" "" "DAL" "L" -2 NA NA NA NA NA NA NA NA NA NA NA NA NA NA NA NA
"34" "" 2006-01-08 35.02 "DEN" "@" "HOU" "W" 2 NA NA NA NA NA NA NA NA NA NA NA NA NA NA NA NA
"35" "" 2006-01-10 35.03 "DEN" "" "PHO" "W" 2 NA NA NA NA NA NA NA NA NA NA NA NA NA NA NA NA
"36" "" 2006-01-13 35.04 "DEN" "@" "MIN" "L" -14 NA NA NA NA NA NA NA NA NA NA NA NA NA NA NA NA
"37" "" 2006-01-14 35.04 "DEN" "@" "MIL" "W" 7 NA NA NA NA NA NA NA NA NA NA NA NA NA NA NA NA
"38" "" 2006-01-16 35.04 "DEN" "@" "CHI" "W" 3 NA NA NA NA NA NA NA NA NA NA NA NA NA NA NA NA
"39" "" 2006-01-18 35.05 "DEN" "" "CLE" "W" 1 NA NA NA NA NA NA NA NA NA NA NA NA NA NA NA NA
"40" "" 2006-01-20 35.05 "DEN" "" "UTA" "W" 30 NA NA NA NA NA NA NA NA NA NA NA NA NA NA NA NA
"41" "" 2006-01-22 35.06 "DEN" "@" "SAS" "W" 4 NA NA NA NA NA NA NA NA NA NA NA NA NA NA NA NA
"42" "" 2006-01-23 35.06 "DEN" "" "TOR" "W" 6 NA NA NA NA NA NA NA NA NA NA NA NA NA NA NA NA
"43" "" 2006-01-25 35.07 "DEN" "@" "POR" "W" 3 NA NA NA NA NA NA NA NA NA NA NA NA NA NA NA NA
"44" "" 2006-01-27 35.07 "DEN" "" "LAC" "L" -18 NA NA NA NA NA NA NA NA NA NA NA NA NA NA NA NA
"45" "" 2006-01-28 35.08 "DEN" "@" "LAC" "L" -33 NA NA NA NA NA NA NA NA NA NA NA NA NA NA NA NA
"46" "" 2006-01-31 35.08 "DEN" "@" "SAC" "L" -7 NA NA NA NA NA NA NA NA NA NA NA NA NA NA NA NA
"47" "" 2006-02-01 35.09 "DEN" "@" "UTA" "L" -13 NA NA NA NA NA NA NA NA NA NA NA NA NA NA NA NA
"48" "" 2006-02-04 35.1 "DEN" "" "POR" "W" 1 NA NA NA NA NA NA NA NA NA NA NA NA NA NA NA NA
"49" "" 2006-02-06 35.1 "DEN" "@" "GSW" "L" -8 NA NA NA NA NA NA NA NA NA NA NA NA NA NA NA NA
"50" "" 2006-02-08 35.11 "DEN" "" "CHI" "L" -3 NA NA NA NA NA NA NA NA NA NA NA NA NA NA NA NA
"51" "" 2006-02-10 35.11 "DEN" "" "DAL" "W" 9 NA NA NA NA NA NA NA NA NA NA NA NA NA NA NA NA
"52" "" 2006-02-12 35.12 "DEN" "@" "SEA" "W" 8 NA NA NA NA NA NA NA NA NA NA NA NA NA NA NA NA
"53" "1" 2006-02-15 35.13 "DEN" "" "PHO" "L" -15 0 2.56666666666667 NA NA 0 44.5 20.8 44.5 0 0 NA 0 200 112 1 8.2
"54" "" 2006-02-21 35.14 "DEN" "" "CHA" "W" 16 NA NA NA NA NA NA NA NA NA NA NA NA NA NA NA NA
"55" "" 2006-02-24 35.15 "SEA" "@" "ORL" "L" -13 NA NA NA NA NA NA NA NA NA NA NA NA NA NA NA NA
"56" "" 2006-02-25 35.15 "SEA" "@" "MIA" "L" -9 NA NA NA NA NA NA NA NA NA NA NA NA NA NA NA NA
"57" "" 2006-02-28 35.16 "SEA" "" "NOK" "W" 10 NA NA NA NA NA NA NA NA NA NA NA NA NA NA NA NA
