"Rk" "G" "Date" "Age" "Tm" "H/A" "Opp" "W/L" "By Amt" "GS" "MP" "TS%" "eFG%" "ORB%" "DRB%" "TRB%" "AST%" "STL%" "BLK%" "TOV%" "USG%" "ORtg" "DRtg" "GmSc" "BPM"
"1" "1" 1981-10-30 22.47 "UTA" "" "DAL" "W" 16 0 10 0.347 0.5 NA NA NA NA NA NA NA NA NA NA NA NA
"2" "2" 1981-10-31 22.48 "UTA" "@" "GSW" "L" -15 0 28 0.461 0.375 NA NA NA NA NA NA NA NA NA NA NA NA
"3" "3" 1981-11-05 22.49 "UTA" "" "GSW" "W" 9 0 18 0.84 0.667 NA NA NA NA NA NA NA NA NA NA 9.9 NA
"4" "4" 1981-11-06 22.49 "UTA" "@" "POR" "L" -10 0 19 0.714 0.714 NA NA NA NA NA NA NA NA NA NA 10.3 NA
"5" "5" 1981-11-07 22.5 "UTA" "" "PHO" "W" 8 0 28 1.031 1 NA NA NA NA NA NA NA NA NA NA 7.1 NA
"6" "6" 1981-11-10 22.5 "UTA" "@" "SDC" "W" 9 0 20 0.68 0.6 NA NA NA NA NA NA NA NA NA NA NA NA
"7" "7" 1981-11-13 22.51 "UTA" "" "DEN" "W" 7 0 27 0.671 0.667 NA NA NA NA NA NA NA NA NA NA 12.8 NA
"8" "8" 1981-11-14 22.52 "UTA" "@" "HOU" "L" -4 0 34 0.667 0.667 NA NA NA NA NA NA NA NA NA NA NA NA
"9" "9" 1981-11-18 22.53 "UTA" "" "LAL" "L" -3 0 20 0.5 0.5 NA NA NA NA NA NA NA NA NA NA NA NA
"10" "10" 1981-11-20 22.53 "UTA" "@" "CHI" "W" 2 0 27 0.363 0.333 NA NA NA NA NA NA NA NA NA NA 0.7 NA
"11" "11" 1981-11-21 22.53 "UTA" "@" "DET" "L" -9 0 28 0.487 0.455 NA NA NA NA NA NA NA NA NA NA NA NA
"12" "12" 1981-11-25 22.55 "UTA" "" "SDC" "W" 2 1 27 0.444 0.429 NA NA NA NA NA NA NA NA NA NA NA NA
"13" "13" 1981-11-27 22.55 "UTA" "" "POR" "L" -10 1 27 0.8 0.8 NA NA NA NA NA NA NA NA NA NA 6.4 NA
"14" "14" 1981-11-28 22.55 "UTA" "@" "DEN" "L" -7 1 14 0 0 NA NA NA NA NA NA NA NA NA NA -2.3 NA
"15" "15" 1981-12-01 22.56 "UTA" "@" "LAL" "L" -31 1 15 0.512 0.5 NA NA NA NA NA NA NA NA NA NA NA NA
"16" "16" 1981-12-02 22.56 "UTA" "" "DAL" "W" 11 1 18 0.333 0.333 NA NA NA NA NA NA NA NA NA NA NA NA
"17" "17" 1981-12-04 22.57 "UTA" "" "CHI" "L" -4 1 24 0.67 0.7 NA NA NA NA NA NA NA NA NA NA 8.5 NA
"18" "18" 1981-12-05 22.57 "UTA" "@" "PHO" "L" -2 1 25 0.814 0.8 NA NA NA NA NA NA NA NA NA NA 9.8 NA
"19" "19" 1981-12-08 22.58 "UTA" "@" "DAL" "L" -25 1 28 0.387 0.167 NA NA NA NA NA NA NA NA NA NA NA NA
"20" "20" 1981-12-09 22.58 "UTA" "@" "IND" "L" -36 1 28 0.524 0.4 NA NA NA NA NA NA NA NA NA NA NA NA
"21" "21" 1981-12-11 22.59 "UTA" "" "KCK" "W" 20 0 18 0.509 0.5 NA NA NA NA NA NA NA NA NA NA NA NA
"22" "22" 1981-12-12 22.59 "UTA" "@" "SAS" "L" -14 0 17 0.336 0.286 NA NA NA NA NA NA NA NA NA NA NA NA
"23" "23" 1981-12-15 22.6 "UTA" "" "SAS" "W" 5 0 26 0.7 0.7 NA NA NA NA NA NA NA NA NA NA NA NA
"24" "24" 1981-12-18 22.61 "UTA" "@" "KCK" "L" -5 0 23 0.833 0.833 NA NA NA NA NA NA NA NA NA NA NA NA
"25" "25" 1981-12-19 22.61 "UTA" "" "SEA" "L" -12 0 23 0.625 0.625 NA NA NA NA NA NA NA NA NA NA NA NA
"26" "26" 1981-12-23 22.62 "UTA" "@" "SEA" "L" -14 0 20 0.056 0 NA NA NA NA NA NA NA NA NA NA NA NA
"27" "27" 1981-12-26 22.63 "UTA" "" "HOU" "L" -11 0 14 0.571 0.571 NA NA NA NA NA NA NA NA NA NA NA NA
"28" "28" 1981-12-29 22.64 "UTA" "@" "LAL" "L" -7 0 19 0.5 0.5 NA NA NA NA NA NA NA NA NA NA NA NA
"29" "29" 1981-12-30 22.64 "UTA" "" "BOS" "L" -11 0 20 0.281 0.25 NA NA NA NA NA NA NA NA NA NA NA NA
"30" "30" 1982-01-02 22.65 "UTA" "" "PHI" "L" -2 0 3 NA NA NA NA NA NA NA NA NA NA NA NA NA NA
"31" "31" 1982-01-06 22.66 "UTA" "" "SAS" "W" 15 0 5 1 1 NA NA NA NA NA NA NA NA NA NA NA NA
"32" "32" 1982-01-08 22.67 "UTA" "" "IND" "W" 6 0 7 NA NA NA NA NA NA NA NA NA NA NA NA NA NA
"33" "33" 1982-01-09 22.67 "UTA" "@" "SDC" "L" -7 0 21 0.846 0.75 NA NA NA NA NA NA NA NA NA NA NA NA
"34" "34" 1982-01-12 22.68 "UTA" "" "NYK" "L" -8 0 22 0.304 0.222 NA NA NA NA NA NA NA NA NA NA NA NA
"35" "35" 1982-01-15 22.68 "UTA" "@" "SEA" "L" -12 0 16 0.515 0.333 NA NA NA NA NA NA NA NA NA NA NA NA
"36" "36" 1982-01-16 22.69 "UTA" "" "CLE" "L" -5 0 12 0.515 0.333 NA NA NA NA NA NA NA NA NA NA 0.5 NA
"37" "37" 1982-01-19 22.7 "UTA" "" "DET" "W" 6 0 23 0.505 0.5 NA NA NA NA NA NA NA NA NA NA NA NA
"38" "38" 1982-01-21 22.7 "UTA" "@" "SAS" "L" -19 0 18 0.5 0.5 NA NA NA NA NA NA NA NA NA NA NA NA
"39" "39" 1982-01-22 22.7 "UTA" "@" "HOU" "L" -18 0 25 0.506 0.5 NA NA NA NA NA NA NA NA NA NA NA NA
"40" "40" 1982-01-23 22.71 "UTA" "@" "DAL" "L" -12 0 19 0.751 0.667 NA NA NA NA NA NA NA NA NA NA NA NA
"41" "41" 1982-01-26 22.72 "UTA" "" "NJN" "L" -9 0 14 0.773 0.667 NA NA NA NA NA NA NA NA NA NA NA NA
"42" "42" 1982-01-28 22.72 "UTA" "" "MIL" "L" -18 0 14 0.581 0.5 NA NA NA NA NA NA NA NA NA NA NA NA
"43" "43" 1982-02-03 22.74 "UTA" "" "POR" "W" 4 0 16 0.387 0.167 NA NA NA NA NA NA NA NA NA NA 2.8 NA
"44" "44" 1982-02-05 22.74 "UTA" "@" "POR" "L" -21 0 19 0.475 0.4 NA NA NA NA NA NA NA NA NA NA 0.3 NA
"45" "45" 1982-02-06 22.75 "UTA" "@" "SEA" "L" -26 0 22 0.521 0.467 NA NA NA NA NA NA NA NA NA NA NA NA
"46" "46" 1982-02-09 22.75 "UTA" "" "GSW" "W" 16 0 16 0.689 0.7 NA NA NA NA NA NA NA NA NA NA 13.9 NA
"47" "47" 1982-02-10 22.76 "UTA" "@" "DEN" "W" 3 0 5 1.064 1 NA NA NA NA NA NA NA NA NA NA 2 NA
"48" "48" 1982-02-12 22.76 "UTA" "@" "KCK" "W" 15 0 11 0.5 0.5 NA NA NA NA NA NA NA NA NA NA NA NA
"49" "49" 1982-02-13 22.76 "UTA" "" "PHO" "W" 5 0 14 0.333 0.333 NA NA NA NA NA NA NA NA NA NA 3.8 NA
"50" "50" 1982-02-15 22.77 "UTA" "" "DEN" "L" -11 0 15 0.388 0.333 NA NA NA NA NA NA NA NA NA NA 2.8 NA
"51" "51" 1982-02-17 22.78 "UTA" "" "ATL" "L" -8 0 15 0.595 0.5 NA NA NA NA NA NA NA NA NA NA NA NA
"52" "52" 1982-02-19 22.78 "UTA" "@" "PHI" "L" -15 0 19 0.685 0.571 NA NA NA NA NA NA NA NA NA NA NA NA
"53" "53" 1982-02-20 22.78 "UTA" "@" "NJN" "L" -17 0 29 0.602 0.538 NA NA NA NA NA NA NA NA NA NA NA NA
"54" "54" 1982-02-23 22.79 "UTA" "@" "WSB" "W" 7 0 4 NA NA NA NA NA NA NA NA NA NA NA NA NA NA
"55" "55" 1982-02-24 22.79 "UTA" "@" "BOS" "L" -42 0 30 0.607 0.556 NA NA NA NA NA NA NA NA NA NA NA NA
"56" "56" 1982-02-26 22.8 "UTA" "" "SEA" "L" -1 0 18 0.714 0.714 NA NA NA NA NA NA NA NA NA NA NA NA
"57" "57" 1982-03-02 22.81 "UTA" "" "KCK" "L" -8 0 15 0 0 NA NA NA NA NA NA NA NA NA NA NA NA
"58" "58" 1982-03-03 22.81 "UTA" "@" "PHO" "L" -13 0 19 0.564 0.5 NA NA NA NA NA NA NA NA NA NA 6.8 NA
"59" "59" 1982-03-04 22.82 "UTA" "" "HOU" "L" -4 0 27 0.653 0.643 NA NA NA NA NA NA NA NA NA NA NA NA
"60" "60" 1982-03-06 22.82 "UTA" "" "WSB" "L" -14 0 17 0.363 0.333 NA NA NA NA NA NA NA NA NA NA NA NA
"61" "61" 1982-03-09 22.83 "UTA" "@" "NYK" "L" -14 0 22 0.417 0.3 NA NA NA NA NA NA NA NA NA NA NA NA
"62" "62" 1982-03-11 22.84 "UTA" "@" "ATL" "L" -16 0 33 0.476 0.429 NA NA NA NA NA NA NA NA NA NA NA NA
"63" "63" 1982-03-13 22.84 "UTA" "@" "CLE" "L" -6 0 27 0.735 0.667 NA NA NA NA NA NA NA NA NA NA 8.5 NA
"64" "64" 1982-03-14 22.84 "UTA" "@" "MIL" "L" -29 1 35 0.301 0.222 NA NA NA NA NA NA NA NA NA NA NA NA
"65" "65" 1982-03-16 22.85 "UTA" "@" "DEN" "L" -16 0 18 0.326 0.286 NA NA NA NA NA NA NA NA NA NA 1.9 NA
"66" "66" 1982-03-17 22.85 "UTA" "" "LAL" "L" -8 0 9 0.307 0.25 NA NA NA NA NA NA NA NA NA NA NA NA
"67" "67" 1982-03-19 22.86 "UTA" "" "POR" "L" -2 0 27 0.571 0.571 NA NA NA NA NA NA NA NA NA NA 3.1 NA
"68" "68" 1982-03-21 22.86 "UTA" "@" "GSW" "L" -11 0 13 0 0 NA NA NA NA NA NA NA NA NA NA -0.1 NA
"69" "69" 1982-03-23 22.87 "UTA" "" "HOU" "L" -2 0 7 0 0 NA NA NA NA NA NA NA NA NA NA NA NA
"70" "70" 1982-03-25 22.87 "UTA" "" "GSW" "L" -2 0 18 0.25 0.25 NA NA NA NA NA NA NA NA NA NA -0.7 NA
"71" "71" 1982-03-27 22.88 "UTA" "" "SAS" "L" -4 0 10 0.333 0.333 NA NA NA NA NA NA NA NA NA NA 1.8 NA
"72" "72" 1982-03-29 22.88 "UTA" "" "PHO" "L" -11 0 15 0.6 0.6 NA NA NA NA NA NA NA NA NA NA 3.4 NA
"73" "73" 1982-04-02 22.9 "UTA" "" "KCK" "W" 9 1 30 0.511 0.444 NA NA NA NA NA NA NA NA NA NA NA NA
"74" "74" 1982-04-03 22.9 "UTA" "@" "SDC" "W" 9 1 32 0.49 0.5 NA NA NA NA NA NA NA NA NA NA NA NA
"75" "75" 1982-04-06 22.91 "UTA" "" "DAL" "W" 15 1 28 0.571 0.571 NA NA NA NA NA NA NA NA NA NA NA NA
"76" "76" 1982-04-07 22.91 "UTA" "@" "DAL" "L" -14 1 28 0.671 0.5 NA NA NA NA NA NA NA NA NA NA NA NA
"77" "77" 1982-04-09 22.92 "UTA" "@" "KCK" "L" -16 1 11 0 0 NA NA NA NA NA NA NA NA NA NA NA NA
"78" "78" 1982-04-10 22.92 "UTA" "" "DEN" "W" 15 1 18 0.571 0.571 NA NA NA NA NA NA NA NA NA NA 7.3 NA
"79" "79" 1982-04-12 22.92 "UTA" "" "SDC" "W" 5 1 33 0.644 0.545 NA NA NA NA NA NA NA NA NA NA NA NA
"80" "80" 1982-04-14 22.93 "UTA" "@" "LAL" "L" -13 1 26 0.625 0.556 NA NA NA NA NA NA NA NA NA NA NA NA
"81" "81" 1982-04-16 22.93 "UTA" "@" "HOU" "L" -7 1 15 0.773 0.667 NA NA NA NA NA NA NA NA NA NA NA NA
"82" "82" 1982-04-18 22.94 "UTA" "@" "SAS" "W" 8 1 13 0.5 0.5 NA NA NA NA NA NA NA NA NA NA NA NA
"1" "1" 1982-10-29 23.47 "UTA" "" "SAS" "L" -6 1 22 0.25 0.25 NA NA NA NA NA NA NA NA NA NA NA NA
"2" "2" 1982-10-30 23.47 "UTA" "@" "DAL" "W" 5 1 20 0.68 0.6 NA NA NA NA NA NA NA NA NA NA NA NA
"3" "3" 1982-11-02 23.48 "UTA" "" "SEA" "L" -28 1 29 0.353 0.3 NA NA 3 12.2 NA NA NA NA NA NA 1.5 NA
"4" "4" 1982-11-04 23.49 "UTA" "@" "PHO" "L" -15 1 29 0.333 0.333 NA NA 17.7 30.2 NA 4 NA NA NA NA 1.4 NA
"5" "5" 1982-11-06 23.49 "UTA" "" "LAL" "L" -3 1 41 0.693 0.667 NA NA NA NA NA NA NA NA NA NA NA NA
"6" "6" 1982-11-09 23.5 "UTA" "@" "SAS" "L" -14 1 31 0.563 0.5 NA NA 9.7 4.4 NA 3.6 NA NA NA NA 8.2 NA
"7" "7" 1982-11-10 23.5 "UTA" "" "DEN" "W" 6 1 35 0.418 0.333 NA NA 12.3 18.3 NA 9.1 NA NA NA NA 8.7 NA
"8" "8" 1982-11-12 23.51 "UTA" "" "ATL" "L" -8 1 22 0.387 0.333 NA NA 9 6 NA 2.8 NA NA NA NA NA NA
"9" "9" 1982-11-17 23.52 "UTA" "" "NJN" "W" 4 1 39 0.615 0.5 NA NA 9.2 10.1 NA 0 NA NA NA NA 1.6 NA
"10" "10" 1982-11-19 23.53 "UTA" "@" "CHI" "L" -16 1 36 0.218 0.167 NA NA 13.6 16 NA 2.7 NA NA NA NA 2.5 NA
"11" "11" 1982-11-23 23.54 "UTA" "@" "CLE" "W" 22 1 38 0.504 0.467 NA NA 9.4 0 NA 1.6 NA NA NA NA 10.6 NA
"12" "12" 1982-11-24 23.54 "UTA" "@" "MIL" "L" -13 1 30 0.272 0.25 NA NA 15.6 7.8 NA 0 13.4 NA NA NA NA NA
"13" "13" 1982-11-26 23.55 "UTA" "@" "BOS" "L" -34 1 30 0.313 0.182 NA NA 9.2 4 NA 1.5 NA NA NA NA 0.7 NA
"14" "14" 1982-11-27 23.55 "UTA" "@" "PHI" "L" -13 1 19 0.2 0.2 NA NA 9.7 11.1 NA 0 NA NA NA NA NA NA
"15" "15" 1982-11-30 23.56 "UTA" "@" "NYK" "L" -31 1 28 0.5 0.5 NA NA 14.1 15.5 NA 0 NA NA NA NA 6.2 NA
"16" "16" 1982-12-02 23.56 "UTA" "" "POR" "W" 7 1 26 0.515 0.5 NA NA 24.2 36.5 NA 1.9 21.3 NA NA NA 13.4 NA
"17" "17" 1982-12-04 23.57 "UTA" "" "CHI" "W" 7 1 31 0.186 0.111 NA NA NA NA NA NA NA NA NA NA 0.1 NA
"18" "18" 1982-12-05 23.57 "UTA" "@" "GSW" "L" -8 1 39 0.785 0.769 NA NA 13 NA NA 2.5 NA NA NA NA 24 NA
"19" "19" 1982-12-07 23.58 "UTA" "@" "POR" "L" -16 1 40 0.614 0.4 NA NA 9.9 10.7 NA 0 15.9 NA NA NA 17.9 NA
"20" "20" 1982-12-08 23.58 "UTA" "" "HOU" "W" 8 1 34 0.523 0.5 NA NA 18.7 4.9 NA 3.4 NA NA NA NA 11.2 NA
"21" "21" 1982-12-10 23.59 "UTA" "" "LAL" "L" -6 1 28 0.643 0.6 NA NA 6.6 9.1 NA 0 NA NA NA NA NA NA
"22" "22" 1982-12-11 23.59 "UTA" "@" "HOU" "W" 7 1 30 0.535 0.4 NA NA NA NA NA NA NA NA NA NA NA NA
"23" "23" 1982-12-15 23.6 "UTA" "" "SDC" "W" 6 1 29 0.717 0.625 NA NA 19 7.7 NA 1.6 NA NA NA NA 8.2 NA
"24" "24" 1982-12-17 23.61 "UTA" "@" "SAS" "L" -7 1 33 0.5 0.5 NA NA 9.3 23.4 NA 3 NA NA NA NA NA NA
"25" "25" 1982-12-18 23.61 "UTA" "" "HOU" "W" 19 1 42 0.615 0.583 NA NA NA NA NA NA NA NA NA NA NA NA
"26" "26" 1982-12-20 23.61 "UTA" "" "KCK" "W" 2 1 45 0.636 0.615 NA NA 16.5 18.6 NA 1.2 NA NA NA NA 21.3 NA
"27" "27" 1982-12-22 23.62 "UTA" "@" "LAL" "L" -24 1 38 0.484 0.462 NA NA 16 37.1 NA 0 NA NA NA NA 14.2 NA
"28" "28" 1982-12-25 23.63 "UTA" "" "PHO" "L" -10 1 44 0.455 0.444 NA NA NA NA NA NA NA NA NA NA 13.5 NA
"29" "29" 1982-12-26 23.63 "UTA" "@" "KCK" "L" -2 1 42 0.655 0.444 NA NA NA NA NA NA NA NA NA NA 22.4 NA
"30" "30" 1982-12-28 23.64 "UTA" "" "DET" "W" 7 1 30 0.475 0.4 NA NA 12.6 5.1 NA 1.7 NA NA NA NA 5.4 NA
"31" "31" 1982-12-29 23.64 "UTA" "@" "SEA" "L" -17 1 37 0.564 0.5 NA NA 15.9 23.1 NA 3.3 NA NA NA NA 16.4 NA
"32" "32" 1982-12-30 23.64 "UTA" "" "IND" "L" -1 1 48 0.808 0.8 NA NA 17.1 27.1 NA 2.4 NA NA NA NA NA NA
"33" "33" 1983-01-01 23.65 "UTA" "" "BOS" "L" -15 1 31 0.496 0.25 NA NA NA NA NA NA NA NA NA NA NA NA
"34" "34" 1983-01-04 23.65 "UTA" "@" "GSW" "W" 12 1 33 0.421 0.364 NA NA 17.2 16.1 NA 4.6 NA NA NA NA 8.9 NA
"35" "35" 1983-01-05 23.66 "UTA" "" "SDC" "L" -7 1 36 0.524 0.4 NA NA 10.3 11.7 NA 5.4 NA NA NA NA 3.6 NA
"36" "36" 1983-01-07 23.66 "UTA" "@" "KCK" "L" -22 1 25 0.5 0.5 NA NA 18.6 9.1 NA 5.6 NA NA NA NA NA NA
"37" "37" 1983-01-08 23.67 "UTA" "@" "HOU" "W" 5 1 44 0.511 0.444 NA NA NA NA NA NA NA NA NA NA NA NA
"38" "38" 1983-01-11 23.67 "UTA" "" "KCK" "W" 8 1 35 0.505 0.5 NA NA 16.8 12.9 NA 1.4 NA NA NA NA 12.3 NA
"39" "39" 1983-01-12 23.68 "UTA" "@" "DEN" "L" -8 1 32 0.486 0.4 NA NA NA 7.3 NA 1.5 NA NA NA NA 2.8 NA
"40" "40" 1983-01-15 23.68 "UTA" "" "DAL" "W" 2 1 33 0.51 0.4 NA NA NA NA NA NA NA NA NA NA NA NA
"41" "41" 1983-01-16 23.69 "UTA" "@" "SDC" "W" 4 1 40 0.688 0.6 NA NA 8.5 16.8 NA 0 NA NA NA NA 16.2 NA
"42" "42" 1983-01-19 23.7 "UTA" "" "GSW" "L" -8 1 22 0.145 0 NA NA 14.1 5.1 NA 7 NA NA NA NA 1.3 NA
"43" "43" 1983-01-21 23.7 "UTA" "" "NYK" "W" 15 1 32 0.571 0.429 NA NA NA NA NA NA NA NA NA NA NA NA
"44" "44" 1983-01-22 23.7 "UTA" "@" "DAL" "L" -38 1 31 0.437 0.429 NA NA NA NA NA NA NA NA NA NA NA NA
"45" "45" 1983-01-25 23.71 "UTA" "" "SAS" "L" -10 1 40 0.454 0.385 NA NA 12.1 3.3 NA 2.6 NA NA NA NA 9.5 NA
"46" "46" 1983-01-27 23.72 "UTA" "@" "POR" "L" -14 1 25 0.487 0.455 NA NA 20.5 18.3 NA 0 24.5 NA NA NA 8.3 NA
"47" "47" 1983-01-29 23.72 "UTA" "" "PHI" "L" -17 1 35 0.444 0.2 NA NA 7.7 23.1 NA 2.8 NA NA NA NA NA NA
"48" "48" 1983-02-02 23.73 "UTA" "@" "PHO" "L" -16 1 40 0.676 0.625 NA NA NA NA NA NA NA NA NA NA 19.6 NA
"49" "49" 1983-02-04 23.74 "UTA" "" "MIL" "L" -12 1 20 0.364 0.364 NA NA 5.7 9.1 NA 0 31.3 NA NA NA NA NA
"50" "50" 1983-02-05 23.74 "UTA" "@" "DEN" "L" -7 1 28 0.563 0.5 NA NA 18.8 4.6 NA 0 NA NA NA NA NA NA
"51" "51" 1983-02-08 23.75 "DEN" "@" "SDC" "L" -27 0 20 0.282 0.25 NA NA NA NA NA NA NA NA NA NA -1 NA
"52" "52" 1983-02-09 23.75 "DEN" "" "SEA" "W" 9 0 28 0.41 0.333 NA NA NA NA NA NA NA NA NA NA 7.5 NA
"53" "53" 1983-02-16 23.77 "DEN" "@" "PHI" "L" -21 0 20 0.286 0.286 NA NA 5.9 12.2 NA 0 NA NA NA NA -1.3 NA
"54" "54" 1983-02-17 23.78 "DEN" "@" "NJN" "W" 9 0 15 0.307 0.25 NA NA NA NA NA NA NA NA NA NA -1.4 NA
"55" "55" 1983-02-19 23.78 "DEN" "@" "NYK" "L" -9 0 18 0.66 0.636 NA NA NA NA NA NA NA NA NA NA NA NA
"56" "56" 1983-02-22 23.79 "DEN" "@" "CHI" "L" -11 0 21 0.286 0.286 NA NA 14.6 4.4 NA NA NA NA NA NA 0.5 NA
"57" "57" 1983-02-24 23.79 "DEN" "" "SEA" "W" 9 0 23 0.773 0.778 NA NA NA NA NA NA NA NA NA NA 12.8 NA
"58" "58" 1983-02-26 23.8 "DEN" "" "WSB" "W" 14 0 19 0.51 0.5 NA NA 16 6.9 NA NA NA NA NA NA NA NA
"59" "59" 1983-02-27 23.8 "DEN" "@" "LAL" "W" 15 0 25 0.672 0.7 NA NA 23.2 9 NA NA NA NA NA NA 16.8 NA
"60" "60" 1983-03-01 23.81 "DEN" "" "CLE" "W" 11 0 26 0.689 0.667 NA NA NA NA NA NA NA NA NA NA 16.3 NA
"61" "61" 1983-03-02 23.81 "DEN" "@" "GSW" "W" 20 0 20 0.5 0.5 NA NA 12.9 10.4 NA 0 NA NA NA NA 3 NA
"62" "62" 1983-03-04 23.82 "DEN" "@" "POR" "W" 4 0 15 0.744 0.571 NA NA 22.2 8.2 NA 3.5 0 NA NA NA 14.2 NA
"63" "63" 1983-03-05 23.82 "DEN" "" "MIL" "W" 6 0 28 0.759 0.667 NA NA 12.8 16.4 NA 0 15.2 NA NA NA NA NA
"64" "64" 1983-03-08 23.83 "DEN" "" "SAS" "W" 11 0 18 0.638 0.6 NA NA NA NA NA NA NA NA NA NA 12.1 NA
"65" "65" 1983-03-09 23.83 "DEN" "@" "UTA" "W" 13 0 25 0.21 0 NA NA 18.8 7.1 NA 5.6 NA NA NA NA 3 NA
"66" "66" 1983-03-13 23.84 "DEN" "" "UTA" "W" 13 0 12 0.676 0.625 NA NA 15.7 13.3 NA 0 NA NA NA NA 9.5 NA
"67" "67" 1983-03-15 23.85 "DEN" "" "GSW" "W" 24 0 20 0.325 0.222 NA NA 9.3 4.6 NA 4.2 NA NA NA NA 0.4 NA
"68" "68" 1983-03-18 23.85 "DEN" "@" "SEA" "L" -30 0 26 0.75 0.75 NA NA NA NA NA NA NA NA NA NA 9.3 NA
"69" "69" 1983-03-20 23.86 "DEN" "" "POR" "L" -12 0 23 0.627 0.5 NA NA 19.2 6 NA 2.5 7.7 NA NA NA 13.6 NA
"70" "70" 1983-03-22 23.87 "DEN" "" "PHO" "W" 13 0 20 0.304 0.222 NA NA NA NA NA NA NA NA NA NA 4.7 NA
"71" "71" 1983-03-25 23.87 "DEN" "" "DET" "W" 11 0 14 0.25 0.25 NA NA NA NA NA NA NA NA NA NA NA NA
"72" "72" 1983-03-26 23.88 "DEN" "@" "PHO" "L" -14 0 27 0.666 0.625 NA NA NA NA NA NA NA NA NA NA 9.2 NA
"73" "73" 1983-03-29 23.88 "DEN" "@" "SAS" "L" -7 0 13 0.694 0.75 NA NA NA NA NA NA NA NA NA NA 10.9 NA
"74" "74" 1983-03-31 23.89 "DEN" "" "LAL" "L" -6 0 13 0.769 0.667 NA NA NA 18.6 NA NA NA NA NA NA 7.4 NA
"75" "75" 1983-04-02 23.9 "DEN" "" "SDC" "W" 8 0 25 0.2 0.2 NA NA NA NA NA NA NA NA NA NA NA NA
"76" "76" 1983-04-06 23.91 "DEN" "@" "KCK" "L" -17 0 23 0.556 0.556 NA NA NA NA NA NA NA NA NA NA 2.3 NA
"77" "77" 1983-04-08 23.91 "DEN" "@" "DAL" "W" 17 0 24 0.418 0.333 NA NA NA NA NA NA NA NA NA NA NA NA
"78" "78" 1983-04-09 23.92 "DEN" "@" "HOU" "W" 18 0 14 0.5 0.5 NA NA NA NA NA NA NA NA NA NA NA NA
"79" "79" 1983-04-12 23.92 "DEN" "@" "UTA" "L" -9 0 17 0.205 0.25 NA NA 18.8 13.4 NA 0 NA NA NA NA 1.6 NA
"80" "80" 1983-04-13 23.93 "DEN" "" "HOU" "W" 19 0 10 0 0 NA NA NA NA NA NA NA NA NA NA -0.1 NA
"81" "81" 1983-04-15 23.93 "DEN" "" "DAL" "W" 11 0 22 0.398 0.3 NA NA NA NA NA NA NA NA NA NA NA NA
"82" "82" 1983-04-17 23.94 "DEN" "" "KCK" "W" 9 0 22 0.26 0 NA NA NA NA NA NA NA NA NA NA 2 NA
"1" "1" 1983-10-28 24.47 "DEN" "" "UTA" "W" 14 0 5 0 0 20.9 0 10.3 34.9 0 0 0 7.4 120 122 1 NA
"2" "2" 1983-10-29 24.47 "DEN" "@" "SDC" "L" -13 0 8 0.532 0 0 16.2 7.2 0 0 0 34.7 13.7 74 127 0.2 NA
"3" "3" 1983-11-01 24.48 "DEN" "" "DAL" "L" -6 0 4 NA NA 0 0 0 0 0 0 100 18.1 0 124 -2.8 NA
"4" "4" 1983-11-03 24.48 "DEN" "@" "KCK" "W" 3 1 15 0.945 1 10.8 9.7 10.4 7.4 2.6 0 17.4 13.1 156 105 8.5 NA
"5" "5" 1983-11-05 24.49 "DEN" "" "SDC" "W" 6 0 16 0.451 0.333 13 13.3 13.2 13.3 0 0 0 18.4 116 111 6.6 NA
"6" "6" 1983-11-08 24.5 "DEN" "" "LAL" "L" -9 0 13 0.258 0 8.2 14.2 11.4 8.4 3.1 7.2 34 15.7 55 107 0.7 NA
"7" "7" 1983-11-12 24.51 "DEN" "@" "SAS" "L" -19 0 10 1.136 NA 0 30 10.7 0 4.6 6.2 53.2 7.5 106 108 1.7 NA
"8" "8" 1983-11-15 24.52 "DEN" "" "BOS" "L" -16 0 26 0.836 0.778 13.4 24.9 18.1 5 1.7 0 8.5 16.4 161 125 17.9 NA
"9" "9" 1983-11-17 24.52 "DEN" "@" "GSW" "W" 11 0 11 0.75 0.75 10.1 15.3 13.1 0 0 0 20 16.9 114 108 2.7 NA
"10" "10" 1983-11-18 24.53 "DEN" "" "HOU" "W" 7 0 13 0.521 0.5 9.5 35.5 24.3 0 0 3.6 0 8 123 100 2.1 NA
"11" "11" 1983-11-19 24.53 "DEN" "" "MIL" "W" 7 0 21 0.532 0.5 0 20.3 9.6 15 0 0 21 8.3 102 111 2.9 NA
"12" "12" 1983-11-22 24.54 "DEN" "@" "POR" "L" -40 0 15 0.41 0.25 7.6 36.6 20.8 0 0 0 29.1 19.1 69 145 1.1 NA
"13" "13" 1983-11-23 24.54 "DEN" "" "SDC" "W" 19 0 13 0.25 0.25 16.4 29 23.1 0 3.3 0 0 11.6 86 93 1.2 NA
"14" "14" 1983-11-25 24.55 "DEN" "@" "UTA" "L" -2 0 10 0.752 0.75 25.3 19.2 22.4 15.2 0 0 0 18.2 167 109 8.6 NA
"15" "15" 1983-11-26 24.55 "DEN" "" "PHO" "W" 3 0 14 1.042 1 7.5 22.4 14.9 10.7 3.4 0 41 13.6 117 96 5.1 NA
"16" "16" 1983-11-29 24.56 "DEN" "@" "ATL" "W" 9 0 7 NA NA 12.5 0 6.1 0 0 0 100 5.7 49 103 -0.7 NA
"17" "17" 1983-11-30 24.56 "DEN" "@" "MIL" "L" -17 0 15 0.508 0.429 29.6 13.1 21.7 8.1 0 2.9 0 18.3 137 124 8.6 NA
"18" "18" 1983-12-03 24.57 "DEN" "" "SEA" "W" 10 0 16 0.51 0.4 6.1 22.6 14.7 6.4 0 3.3 0 14.6 121 106 6.2 NA
"19" "19" 1983-12-06 24.58 "DEN" "@" "NYK" "W" 5 1 15 0.266 0 8 0 3.8 0 0 3.6 51.5 10.5 44 108 -2.7 NA
"20" "20" 1983-12-07 24.58 "DEN" "@" "PHI" "L" -5 1 11 0.5 0.5 0 15.9 8.9 0 0 0 0 7 103 120 -0.4 NA
"21" "21" 1983-12-09 24.58 "DEN" "@" "BOS" "L" -29 0 23 0.654 0.667 14.6 11.9 13.4 0 2.2 0 30.4 18.6 91 122 5.9 NA
"22" "22" 1983-12-11 24.59 "DEN" "@" "NJN" "L" -11 0 12 0.868 1 9.1 28.6 18.6 0 3.5 4 25.8 12.2 123 114 5.5 NA
"23" "23" 1983-12-13 24.59 "DEN" "" "DET" "L" -2 0 24 0.876 0 10.7 20.5 16.3 7.7 1.8 3.9 13.7 11.6 174 120 14 NA
"24" "24" 1983-12-16 24.6 "DEN" "" "POR" "L" -4 0 13 0.387 0.333 7.9 0 4.4 8.1 3.5 4.4 20.5 14.7 83 109 1.4 NA
"25" "25" 1983-12-18 24.61 "DEN" "" "NJN" "W" 4 1 15 0.515 0.333 6.2 21.8 13.3 15.8 0 3.9 11.4 21.5 111 107 5.3 NA
"26" "26" 1983-12-20 24.61 "DEN" "@" "KCK" "L" -17 1 20 0.733 0.556 18.5 0 10.7 15.5 0 0 0 23.2 169 124 18.1 NA
"27" "27" 1983-12-22 24.62 "DEN" "" "IND" "L" -1 0 16 0.51 0.4 24.2 45 32.4 6.5 0 6.3 0 12 144 108 9.1 NA
"28" "28" 1983-12-23 24.62 "DEN" "@" "UTA" "L" -2 1 20 0.25 0.25 4.1 30 16.7 0 0 0 20 8.9 54 102 -0.2 NA
"29" "29" 1983-12-26 24.63 "DEN" "@" "PHO" "L" -7 1 11 0.521 0.5 0 20.9 9.7 0 3.6 0 41 15.4 58 101 -0.4 NA
"30" "30" 1983-12-27 24.63 "DEN" "@" "LAL" "L" -2 1 14 0.563 0.5 0 9 3.9 9.2 0 0 18.4 15.1 95 115 1.4 NA
"31" "31" 1983-12-29 24.64 "DEN" "" "PHI" "W" 12 0 15 0.47 0.429 28.4 6.3 16.7 21.1 3.3 0 11.8 23 111 92 6.6 NA
"32" "32" 1983-12-30 24.64 "DEN" "" "UTA" "W" 5 0 17 0.549 0 0 41.3 20.4 11.8 2.5 0 52.4 15.9 64 108 1.1 NA
"33" "33" 1984-01-03 24.65 "DEN" "" "SEA" "L" -1 0 12 NA NA 0 36.4 17.8 8.9 0 0 NA 0 202 106 1.5 NA
"34" "34" 1984-01-06 24.66 "DEN" "@" "POR" "L" -15 0 14 0.387 0.333 8.6 7.6 8.1 0 3.1 3.2 20.5 13.4 77 124 1 NA
"35" "35" 1984-01-07 24.66 "DEN" "" "DAL" "W" 24 0 19 0.444 0.4 15.8 20.7 18.5 0 0 2.6 12.9 14.5 101 97 4.2 NA
"36" "36" 1984-01-11 24.67 "DEN" "" "SAS" "W" 8 0 24 0.615 0.5 6.7 31.6 16.3 0 0 4 0 9.2 149 118 9.4 NA
"37" "37" 1984-01-13 24.68 "DEN" "" "LAL" "L" -7 0 17 0.541 0.429 14.4 49.8 27.3 19.5 0 0 41.9 30 79 122 3.3 NA
"38" "38" 1984-01-15 24.68 "DEN" "@" "DAL" "L" -19 0 23 0.5 0.5 0 13.3 6.6 9.5 0 2 50 6.9 60 116 0 NA
"39" "39" 1984-01-17 24.69 "DEN" "@" "HOU" "L" -9 0 9 0 0 0 30.2 15.1 0 0 0 0 3.9 0 101 -2.2 NA
"40" "40" 1984-01-18 24.69 "DEN" "@" "SAS" "L" -21 0 27 0.486 0.4 0 12.4 5.4 17.4 0 0 15 16.7 96 127 5.3 NA
"41" "41" 1984-01-20 24.7 "DEN" "" "KCK" "W" 2 0 29 0.631 0.636 15 9.5 12.6 14.4 3.4 0 14.4 20.1 121 115 14 NA
"42" "42" 1984-01-21 24.7 "DEN" "" "GSW" "W" 11 1 27 0.644 0.556 9.1 32.3 21.4 18.2 0 8.4 7.9 17.6 139 99 16.3 NA
"43" "43" 1984-01-25 24.71 "DEN" "@" "IND" "L" -5 1 15 0.4 0.4 5.9 23.7 14.8 8.7 0 0 28.6 16.6 68 100 0.7 NA
"44" "44" 1984-01-26 24.72 "DEN" "@" "CHI" "W" 1 0 13 0.539 0.5 17.6 27 22.2 0 0 4.5 30.1 19.6 88 111 1.8 NA
"45" "45" 1984-02-01 24.73 "DEN" "" "LAL" "L" -8 0 10 0.568 NA 0 10 4.9 0 0 5.6 53.2 14.2 53 108 -0.6 NA
"46" "46" 1984-02-03 24.74 "DEN" "@" "DAL" "W" 3 0 12 0.307 0.25 21.6 22.6 22.2 9.3 0 0 17 20.9 79 105 1 NA
"47" "47" 1984-02-04 24.74 "DEN" "@" "KCK" "L" -7 0 21 0.5 0.5 11.4 8.8 9.9 5.9 0 2.6 33.3 11.5 82 109 2.6 NA
"48" "48" 1984-02-07 24.75 "DEN" "@" "SEA" "L" -10 1 15 0.205 0 12.5 12.8 12.7 14.5 0 0 17 15.1 68 107 0 NA
"49" "49" 1984-02-08 24.75 "DEN" "" "DAL" "L" -6 0 16 0.5 0.5 0 15.4 7.3 0 2.9 3.4 0 5 110 113 1.7 NA
"50" "50" 1984-02-10 24.76 "DEN" "@" "POR" "L" -6 1 36 0.502 0.333 10.7 20.2 14.5 7.2 1.2 1.6 23.6 16.7 96 107 8.5 NA
"51" "51" 1984-02-11 24.76 "DEN" "" "NYK" "L" -26 0 17 0.815 0.5 6.4 13.4 9.8 16.5 2.6 0 26.6 17.6 133 122 8.1 NA
"52" "52" 1984-02-14 24.77 "DEN" "" "WSB" "L" -12 1 8 0 0 0 30.8 13.8 0 0 0 66.7 14.8 0 108 -3.3 NA
"53" "53" 1984-02-16 24.77 "DEN" "" "ATL" "W" 15 0 21 0.726 0.75 12 40.3 28.3 10.8 0 4.6 32.6 18.2 105 88 8.9 NA
"54" "54" 1984-02-17 24.78 "DEN" "@" "LAL" "W" 3 0 13 0 0 0 7.9 3.8 0 0 7.1 0 2.7 0 112 -1 NA
"55" "55" 1984-02-19 24.78 "DEN" "@" "SEA" "L" -12 0 15 0.732 0.667 16.6 20 17.8 0 3 7 10.9 21.5 142 110 11.9 NA
"56" "56" 1984-02-21 24.79 "DEN" "@" "GSW" "L" -2 0 14 0.45 0.375 43.6 11.1 31.9 7.5 3.1 3.8 0 22.7 136 116 9.2 NA
"57" "57" 1984-02-22 24.79 "DEN" "" "SAS" "W" 6 0 19 0.452 0.25 5.7 18 11.8 11.1 2.3 0 31.1 19.4 78 108 1.8 NA
"58" "58" 1984-02-24 24.79 "DEN" "@" "PHO" "W" 17 0 31 0.827 0.6 24.1 32.3 28.3 8.1 0 1.8 22.6 16.7 147 92 19.3 NA
"59" "59" 1984-02-25 24.8 "DEN" "" "KCK" "W" 12 0 30 0.869 0.818 26.7 41.1 34.5 3.6 0 4 6.3 20.1 175 117 27.2 NA
"60" "60" 1984-02-28 24.81 "DEN" "@" "GSW" "L" -3 0 24 0.579 0.5 19.2 19.7 19.5 0 0 2.2 31.6 20.3 94 115 5.2 NA
"61" "61" 1984-03-01 24.81 "DEN" "" "CLE" "W" 6 0 19 0.924 0.857 11.2 29.7 19.2 0 2.4 5.9 9.8 21.6 168 99 17.3 NA
"62" "62" 1984-03-03 24.82 "DEN" "" "UTA" "W" 9 0 18 0.483 0.5 17 46.7 30.7 5.8 0 3.2 9.7 21.3 105 107 7.2 NA
"63" "63" 1984-03-06 24.82 "DEN" "" "HOU" "W" 2 0 14 0.525 0.333 7.6 30.6 20.4 0 0 0 0 13.2 126 113 2.7 NA
"64" "64" 1984-03-09 24.83 "DEN" "@" "SDC" "L" -8 0 12 0.59 0.5 14.8 39 25.3 10.5 0 0 17.7 35.9 105 117 6.3 NA
"65" "65" 1984-03-11 24.84 "DEN" "" "POR" "W" 26 0 22 0.658 0.625 0 31.8 17.4 13.1 0 9.3 22 22.1 108 98 12 NA
"66" "66" 1984-03-13 24.84 "DEN" "@" "WSB" "L" -5 0 15 NA NA 0 14.9 7.4 16 0 3.7 100 5.6 39 101 -1.7 NA
"67" "67" 1984-03-14 24.85 "DEN" "@" "DET" "W" 4 0 20 0.661 0.571 14.1 10 11.7 6.4 0 2.6 26.5 22.2 107 114 6.1 NA
"68" "68" 1984-03-16 24.85 "DEN" "@" "CLE" "W" 16 0 18 0.798 0.5 0 20.9 12.5 0 0 0 21 11.9 131 104 4.8 NA
"69" "69" 1984-03-18 24.86 "DEN" "" "CHI" "W" 3 0 23 0.37 0.4 14.9 41.7 28 5.7 0 2.6 42.5 21.6 58 100 0 NA
"70" "70" 1984-03-20 24.86 "DEN" "@" "PHO" "L" -26 0 23 0.704 0.6 14.2 7.2 11.4 6 0 2.5 26 19.2 115 131 7.7 NA
"71" "71" 1984-03-21 24.87 "DEN" "" "HOU" "W" 9 0 18 0.681 0.6 17.8 23.2 20.5 7.2 0 2.8 19.8 20.8 123 105 8.6 NA
"72" "72" 1984-03-23 24.87 "DEN" "" "KCK" "W" 10 0 21 0.767 0.667 9.7 22 16.2 0 0 7.6 23.5 15.6 125 101 9.3 NA
"73" "73" 1984-03-24 24.87 "DEN" "@" "DAL" "L" -18 0 20 0.333 0.333 5.9 30 17.8 7.4 4.8 0 40 10.6 58 108 2 NA
"74" "74" 1984-03-27 24.88 "DEN" "@" "HOU" "L" -3 0 17 0.658 0.625 6.6 22.3 13.9 20.7 2.5 0 8.6 25.1 134 121 11.3 NA
"75" "75" 1984-03-30 24.89 "DEN" "" "SAS" "W" 9 0 15 0.773 0.667 17.8 28.6 24.3 0 2.9 3.2 20.5 12.2 138 110 6.3 NA
"76" "76" 1984-04-01 24.9 "DEN" "" "SDC" "W" 26 0 21 0.654 0.4 4.9 16 11 0 0 0 11.6 14.9 135 96 6.2 NA
"77" "77" 1984-04-03 24.9 "DEN" "" "SEA" "W" 11 0 21 0.429 0.429 4.7 24.3 14.3 0 0 2.5 0 13.5 97 107 3.6 NA
"78" "78" 1984-04-05 24.91 "DEN" "" "GSW" "L" -4 0 25 0.639 0.556 11.1 14.8 12.7 18.6 0 4.9 24.2 25.3 114 123 12.1 NA
"79" "79" 1984-04-08 24.92 "DEN" "" "PHO" "L" -5 0 15 0.315 0 0 7.1 3.6 0 0 0 29.6 18.2 48 120 -1.6 NA
"80" "80" 1984-04-10 24.92 "DEN" "@" "UTA" "L" -15 0 23 0.496 0.286 13.5 23.2 17.6 20.4 1.9 2.5 9 16.6 126 119 12.5 NA
"81" "81" 1984-04-11 24.92 "DEN" "@" "HOU" "W" 20 1 24 0.6 0.6 15.8 20.8 18.6 13.3 1.8 0 16.7 9.8 127 97 7.4 NA
"82" "82" 1984-04-15 24.93 "DEN" "@" "SAS" "L" -3 1 27 0.569 0.5 3.6 45.5 22.9 15.8 4.2 1.7 0 25.6 128 116 22.9 NA
"1" "1" 1984-11-01 25.48 "DEN" "" "CHI" "W" 16 0 3 0.852 NA 0 0 0 34.8 0 0 0 21.7 188 113 2.9 19
"2" "2" 1984-11-06 25.49 "DEN" "@" "LAL" "W" 16 0 4 0.5 0.5 0 30.8 14.6 23.1 0 0 33.3 27.1 79 118 1 -6.2
"3" "3" 1984-11-13 25.51 "DEN" "" "PHO" "W" 12 0 8 0 0 0 0 0 11.8 5.5 0 0 4.7 49 98 0.6 -3
"4" "4" 1984-11-16 25.52 "DEN" "" "HOU" "W" 17 0 4 1.136 NA 0 0 0 0 0 12.9 0 7.4 250 99 2.7 14.4
"5" "5" 1984-11-20 25.53 "DEN" "@" "SEA" "W" 10 0 2 NA NA 0 0 0 0 0 0 100 38.8 0 120 -2 -53.6
"6" "6" 1984-11-24 25.54 "DEN" "" "PHI" "W" 4 0 3 NA NA 0 0 0 0 15.4 0 100 12.8 0 84 -0.4 -9.9
"7" "7" 1984-11-27 25.55 "DEN" "" "LAC" "W" 29 0 12 0.68 0.6 19.5 33.3 27 9.3 0 0 14.5 20.1 132 95 7.6 2.9
"8" "8" 1984-12-05 25.57 "DEN" "@" "BOS" "L" -16 0 2 1.136 NA 0 51.1 26.4 0 0 0 53.2 37.1 106 109 1.3 -0.2
"9" "9" 1984-12-08 25.58 "DEN" "@" "CLE" "W" 6 0 13 0 0 0 28.4 13 0 0 0 66.7 8.8 0 103 -1.8 -13
"10" "10" 1984-12-11 25.59 "DEN" "" "POR" "W" 1 0 17 0.628 0.571 15.4 12.3 14 16.8 2.5 3.2 18.6 21.7 121 104 8.7 3.8
"11" "11" 1984-12-12 25.59 "DEN" "@" "SAS" "L" -21 0 27 0.644 0.545 0 23.4 11 6.3 3.4 0 23.3 25.1 99 116 10.7 -1.2
"12" "12" 1984-12-14 25.6 "DEN" "" "KCK" "L" -6 0 3 NA NA 0 0 0 0 0 0 100 12 0 114 -1 -17
"13" "13" 1984-12-18 25.61 "DEN" "@" "GSW" "W" 4 0 4 NA NA 0 27.6 13.8 0 0 0 100 10.4 0 112 -0.7 -16.1
"14" "14" 1984-12-19 25.61 "DEN" "" "DET" "L" -19 0 12 0.625 0.5 14.5 31.6 21.5 12.1 0 0 16.1 33.5 118 123 9.4 3.5
"15" "15" 1984-12-21 25.62 "DEN" "" "DAL" "W" 23 0 17 0.47 0.429 18.8 22.1 20.6 0 2.7 3.6 0 16.8 124 83 7.5 2.7
"16" "16" 1984-12-22 25.62 "DEN" "@" "HOU" "L" -18 0 9 1 1 0 17.8 7.8 0 0 6.7 50 8.5 88 112 1.7 -1.7
"17" "17" 1984-12-28 25.64 "DEN" "" "LAL" "L" -12 0 5 NA NA 0 26.7 11 0 0 0 NA 0 0 128 -0.1 -12.3
"18" "18" 1984-12-29 25.64 "DEN" "@" "SEA" "W" 7 0 13 0 0 0 7.2 4.3 15.7 0 4.1 33.3 9.6 37 107 -0.8 -7.9
"19" "19" 1985-01-04 25.65 "DEN" "@" "UTA" "L" -10 0 10 1.087 1 9.8 44.7 26.1 0 4.2 6 26.6 13.4 162 91 6.7 9.7
"20" "20" 1985-01-05 25.66 "DEN" "" "LAC" "L" -12 0 22 0.457 0.286 4.2 12.8 7.6 5.1 0 2.6 0 14.7 115 123 5 -7.8
"21" "21" 1985-01-08 25.67 "DEN" "@" "LAL" "W" 2 0 1 NA NA 0 0 0 0 0 0 NA 0 0 122 0 -7.4
"22" "22" 1985-01-09 25.67 "DEN" "" "NYK" "W" 5 0 9 0.515 0.333 24.8 34.8 30 15.4 0 0 20.5 22.9 109 96 3.9 -1.1
"23" "23" 1985-01-11 25.67 "DEN" "" "KCK" "W" 22 0 12 0.568 NA 7.7 44.4 22.7 0 3.5 10.5 53.2 5.5 78 92 3.5 1.1
"24" "24" 1985-01-13 25.68 "DEN" "@" "MIL" "L" -24 0 7 1 1 12.7 0 7.1 20.7 6.2 0 50 10.3 105 120 2.3 1.3
"25" "25" 1985-01-14 25.68 "DEN" "@" "CHI" "L" -9 0 12 0.667 0.667 7.8 36.4 16.4 0 0 0 0 10 146 124 3.6 -2.5
"26" "26" 1985-01-16 25.69 "DEN" "" "GSW" "W" 8 0 5 0.667 0.667 15.7 0 9.6 0 0 0 0 21.7 148 111 3 4.7
"27" "27" 1985-01-19 25.7 "DEN" "@" "POR" "W" 3 0 15 0.554 0.4 13.1 31.2 21.3 14.3 0 0 0 16.3 144 113 7.1 2.4
"28" "28" 1985-01-24 25.71 "DEN" "" "NJN" "W" 9 0 9 0 0 0 18.7 10.5 0 0 0 0 9.1 0 106 -2 -18.2
"29" "29" 1985-01-26 25.72 "DEN" "" "CLE" "W" 17 0 3 NA NA 0 34 16.3 0 0 0 NA 0 0 105 -0.5 -13.5
"30" "30" 1985-01-29 25.72 "DEN" "" "PHO" "W" 28 0 23 0.129 0 20.9 23.7 22.4 0 0 0 0 6.6 95 98 1.2 -7.6
"31" "31" 1985-02-02 25.73 "DEN" "@" "HOU" "L" -3 0 11 0.5 0.5 9.6 20.7 14.9 13 0 0 0 15.6 119 111 4 0.1
"32" "32" 1985-02-03 25.74 "DEN" "@" "DAL" "L" -8 0 20 0.635 0.571 5.2 16 10.5 7.9 0 2.7 27.6 22.9 91 111 5.1 -5
"33" "33" 1985-02-05 25.74 "DEN" "@" "PHO" "L" -5 0 5 0 0 0 24.6 10.5 0 0 10.5 0 8 0 98 -0.1 -10.6
"34" "34" 1985-02-06 25.75 "DEN" "" "SEA" "W" 19 0 8 0.174 0 0 0 0 13 0 0 0 15.4 58 114 -0.9 -14.2
"35" "35" 1985-02-12 25.76 "DEN" "" "ATL" "W" 24 0 13 0.266 0 0 32.8 17.4 34.8 0 0 34.7 8.6 95 97 1.6 1.6
"36" "36" 1985-02-14 25.77 "DEN" "@" "KCK" "W" 15 0 14 0.84 0.667 0 18.5 8.7 6.8 0 7.6 0 12.4 186 105 7.4 3.9
"37" "37" 1985-02-22 25.79 "DEN" "@" "SEA" "L" -10 0 8 0.5 0.5 13.3 0 6.8 29.3 5.2 0 0 9.4 139 111 3.3 4.4
"38" "38" 1985-02-24 25.79 "DEN" "" "PHO" "W" 10 0 11 0 0 36.4 0 20.1 0 8.8 0 0 3.6 133 101 3.3 -1.6
"39" "39" 1985-02-26 25.8 "DEN" "@" "ATL" "W" 12 0 1 NA NA 0 0 0 0 0 0 NA 0 0 104 0 -6.7
"40" "40" 1985-02-27 25.8 "DEN" "@" "WSB" "W" 13 0 1 0.568 NA 0 85.7 48 0 0 0 0 34.5 122 74 0.9 9.1
"41" "41" 1985-03-01 25.81 "DEN" "@" "DAL" "W" 1 0 3 NA NA 0 0 0 0 0 0 NA 0 0 128 0 -6
"42" "42" 1985-03-02 25.81 "DEN" "" "MIL" "W" 1 0 3 NA NA 0 0 0 0 0 0 100 11.5 0 115 -1 -18.6
"43" "43" 1985-03-07 25.82 "DEN" "@" "KCK" "L" -2 0 3 NA NA 0 0 0 0 0 0 NA 0 0 132 -0.4 -13.7
"44" "44" 1985-03-09 25.83 "DEN" "" "IND" "W" 10 0 4 NA NA 0 0 0 0 0 0 100 9.5 0 110 -1 -18.2
"45" "45" 1985-03-15 25.85 "DEN" "@" "DAL" "L" -19 0 12 0 0 8.3 44.4 25.8 18.6 0 4.7 33.3 10.4 52 121 1.5 -6.5
"46" "46" 1985-03-17 25.85 "DEN" "@" "SAS" "L" -5 0 16 0.687 0 0 7.5 3.8 0 2.9 6.6 45.2 16.8 78 114 2 -8.3
"47" "47" 1985-03-22 25.87 "DEN" "@" "NJN" "W" 12 0 13 0.563 0.5 8 15.4 11.8 0 3.4 3.9 0 12.5 132 97 5.2 1.7
"48" "48" 1985-03-24 25.87 "DEN" "@" "PHI" "L" -21 0 7 0.266 0 0 14.6 6.9 17.1 5.9 0 34.7 15.5 49 99 0.9 -1.7
"49" "49" 1985-03-26 25.88 "DEN" "" "UTA" "W" 15 0 4 1 1 0 0 0 0 0 13.2 0 9.9 200 82 2 7.3
"50" "50" 1985-03-28 25.88 "DEN" "" "KCK" "W" 18 0 1 NA NA 0 0 0 0 0 0 NA 0 0 112 0 -7.7
"51" "51" 1985-04-05 25.9 "DEN" "" "SAS" "W" 9 0 5 NA NA 0 0 0 0 0 0 100 8.1 0 111 -1.8 -22
"52" "52" 1985-04-07 25.91 "DEN" "" "GSW" "W" 5 0 7 1 1 14.9 28.6 21.9 0 0 0 33.3 15.5 113 111 2.9 -4.9
"53" "53" 1985-04-09 25.92 "DEN" "@" "LAL" "L" -29 0 22 0.58 0.444 23.2 15.2 19.4 21.1 0 9 26.3 24.8 108 125 12.3 0.5
"54" "54" 1985-04-10 25.92 "DEN" "@" "LAC" "L" -2 0 32 0.753 0.7 7.9 35.5 18.9 7.2 3.8 1.8 11.6 19.3 141 103 23.9 7.4
"55" "55" 1985-04-13 25.93 "DEN" "@" "GSW" "W" 7 0 17 0.725 0.5 22.6 20.9 21.7 0 0 6.1 15.3 14.3 145 108 9 2
"56" "56" 1985-04-14 25.93 "DEN" "@" "POR" "L" -5 0 20 0.518 0.4 11.2 17.1 13.5 17.1 4.8 0 0 13.1 144 112 7.6 2.2
"1" "1" 1985-10-25 26.46 "DEN" "@" "GSW" "W" 14 0 12 0.25 0.25 9.5 24.5 17.6 0 0 4.6 33.3 18.6 45 87 -2.1 -17
"2" "2" 1985-10-26 26.46 "DEN" "" "SAC" "W" 11 0 18 0.602 0.5 5 7.8 6.1 11.7 4.9 6.6 13.1 15.7 121 98 8.4 4
"3" "3" 1985-10-29 26.47 "DEN" "@" "PHO" "W" 15 0 10 0.532 0 8.9 23.4 15.2 0 0 0 0 5.6 155 100 1 -7.6
"4" "4" 1985-10-31 26.48 "DEN" "" "SEA" "W" 17 0 21 0.588 0.5 21.3 40 30.3 8.8 4.8 3.6 16.4 24.6 114 62 13.1 12.8
"5" "5" 1985-11-05 26.49 "DEN" "" "ATL" "W" 15 0 19 0.84 0.667 20.6 25.3 22.7 0 2.3 6.4 17.4 10.4 158 94 10.9 6.3
"6" "6" 1985-11-07 26.5 "DEN" "" "DAL" "W" 32 0 17 0.635 0.571 0 18.5 10 0 5.1 0 0 16.6 141 79 7.9 1.5
"7" "7" 1985-11-08 26.5 "DEN" "@" "LAL" "L" -29 0 28 0.615 0.5 0 18 6.7 9.4 1.5 1.9 0 6.1 138 109 7.5 -1.8
"8" "8" 1985-11-12 26.51 "DEN" "@" "HOU" "L" -8 1 30 0.564 0.5 12.5 17 14.7 0 0 1.7 14.8 16.6 113 117 8.4 -4.7
"9" "9" 1985-11-14 26.52 "DEN" "" "SAS" "W" 3 1 33 0.306 0.273 9.5 17.7 13.4 7.3 1.4 1.8 30.4 18.8 63 105 0.6 -12
"10" "10" 1985-11-19 26.53 "DEN" "" "HOU" "W" 14 0 16 0.859 0.5 5.8 11.3 8.6 13.6 0 0 13.5 17.1 165 108 10.5 8.5
"11" "11" 1985-11-21 26.53 "DEN" "" "LAL" "W" 1 0 23 0.563 0.5 17.8 5.8 12.6 0 1.9 6.7 0 7.5 145 108 8.4 1.1
"12" "12" 1985-11-23 26.54 "DEN" "" "SAC" "W" 4 0 15 0.258 0 30.8 34 32.3 7.4 0 3.3 20.5 12 99 106 4.9 -4.4
"13" "13" 1985-11-24 26.54 "DEN" "@" "SEA" "L" -26 0 25 0.444 0.429 4.7 17.1 11.2 21.1 2 0 20.2 17.1 84 110 5.5 -1.8
"14" "14" 1985-11-26 26.55 "DEN" "" "CHI" "L" -5 0 13 0.938 1 0 16.8 8.2 0 3.3 0 23.8 12.1 143 109 4.7 0.7
"15" "15" 1985-11-27 26.55 "DEN" "@" "GSW" "L" -2 0 17 0.717 0.75 10.7 18.4 14.3 0 2.8 0 17 13.5 121 99 5.7 -1
"16" "16" 1985-11-29 26.56 "DEN" "@" "UTA" "W" 15 0 19 0.665 0.5 7 30.1 19.4 16.1 4.4 5.9 11.7 16.7 136 88 12.3 10.1
"17" "17" 1985-11-30 26.56 "DEN" "" "SEA" "L" -8 0 27 0.654 0.6 3.8 16.5 9.9 0 0 0 20.7 15.7 107 115 4.8 -5.5
"18" "18" 1985-12-03 26.57 "DEN" "@" "NYK" "L" -17 0 25 0.59 0.625 11.8 25.3 17.7 7 2 2.3 17.7 18.8 104 111 9.4 0.6
"19" "19" 1985-12-04 26.57 "DEN" "@" "IND" "W" 14 0 21 0.906 1 15.9 12.7 14.5 0 0 0 0 5.3 194 109 6.2 -2.5
"20" "20" 1985-12-06 26.58 "DEN" "@" "PHI" "W" 2 0 25 0.527 0.5 9.8 3.9 6.5 8 1.8 0 31.1 15.7 90 116 2.5 -10
"21" "21" 1985-12-07 26.58 "DEN" "@" "CLE" "L" -10 0 14 0.58 0.5 24.9 8.2 17.7 20.3 3 3.7 27.9 28 102 107 7.6 2.6
"22" "22" 1985-12-11 26.59 "DEN" "" "LAC" "W" 39 0 24 0.458 0.2 4.4 40.7 25 14.3 3.5 4.4 11.6 13.4 110 69 11.8 5.3
"23" "23" 1985-12-13 26.59 "DEN" "" "LAL" "W" 4 0 10 0.338 0.25 9.6 0 5.3 0 4.6 0 0 16.5 96 114 0.3 -13.3
"24" "24" 1985-12-14 26.6 "DEN" "@" "DAL" "L" -27 0 7 0.798 0.5 21.1 33.4 25.9 0 0 0 34.7 29.9 114 117 4.2 -2.3
"25" "25" 1985-12-17 26.61 "DEN" "" "GSW" "W" 8 0 17 0.625 0.625 15.7 11.1 13 0 5.1 6.2 11.1 21.4 113 93 8.4 0.8
"26" "26" 1985-12-19 26.61 "DEN" "" "POR" "W" 5 0 23 0.727 0.667 4.9 12.3 8.9 5.1 3.8 6.7 46.6 10.6 84 100 5.5 1.8
"27" "27" 1985-12-21 26.62 "DEN" "" "SAS" "L" -10 0 27 0.706 0.5 3.7 20.9 10.8 0 0 4.1 22 12.4 121 118 7.3 -2.5
"28" "28" 1985-12-22 26.62 "DEN" "@" "POR" "L" -7 1 27 0.429 0.429 0 24 11.4 9.7 1.6 4.2 41.7 17.7 53 108 0.6 -9.9
"29" "29" 1985-12-28 26.64 "DEN" "@" "SAS" "L" -4 1 28 0.663 0.615 12.2 22.6 16.4 11.3 0 2.1 0 18.8 147 109 17.1 4.9
"30" "30" 1985-12-30 26.64 "DEN" "" "HOU" "W" 3 0 30 0.612 0.364 6 11.4 8.4 0 0 0 0 21.6 141 114 15.6 -0.5
"31" "31" 1986-01-03 26.65 "DEN" "@" "SEA" "L" -10 0 16 0.806 0.75 33.3 6.7 20 0 3.1 0 24.4 22 134 120 8.4 -1.8
"32" "32" 1986-01-04 26.65 "DEN" "@" "SAC" "L" -5 0 17 1.064 1 0 26.3 12 6.9 2.6 0 0 4.2 224 101 5.4 3
"33" "33" 1986-01-07 26.66 "DEN" "" "DAL" "W" 22 0 19 0.608 0.5 9.9 21.8 16.2 11 0 12 0 10.5 152 89 10.1 7.8
"34" "34" 1986-01-09 26.67 "DEN" "" "SEA" "W" 4 0 26 0.258 0 0 11.2 4.9 5.1 0 0 43.6 11.6 38 102 -3.8 -14.8
"35" "35" 1986-01-11 26.67 "DEN" "" "UTA" "W" 8 0 19 0.947 NA 5.7 14 10.3 12.6 0 2.8 27.5 7.6 154 103 5.7 2
"36" "36" 1986-01-13 26.68 "DEN" "@" "MIL" "W" 4 0 6 1.042 1 0 0 0 0 0 0 41 15.7 107 109 1.3 -2.7
"37" "37" 1986-01-15 26.68 "DEN" "@" "BOS" "L" -23 0 23 0.571 0.429 14.6 4.7 10.3 5.5 0 2.2 9.4 18 122 115 9.2 0.1
"38" "38" 1986-01-17 26.69 "DEN" "@" "DET" "L" -16 0 15 0.644 0.667 6.5 6.4 6.5 8.3 0 0 0 9.8 143 122 4.2 -1.5
"39" "39" 1986-01-18 26.69 "DEN" "@" "NJN" "L" -11 0 14 0.68 0.6 14.6 27.1 20.2 8.4 0 0 25.4 22.8 112 110 4.7 -4.9
"40" "40" 1986-01-21 26.7 "DEN" "@" "UTA" "L" -3 0 13 0.347 0 7.8 9.1 8.4 0 0 0 41 16.1 56 115 -2.4 -21.5
"41" "41" 1986-01-22 26.7 "DEN" "" "NJN" "W" 13 0 15 0.333 0.333 7.3 7 7.1 0 0 0 25 9.5 66 113 -1.3 -13.4
"42" "42" 1986-01-24 26.71 "DEN" "" "SAS" "L" -15 0 29 0.538 0.538 9 17.9 12.6 10.2 0 0 0 17.4 120 109 10.4 1
"43" "43" 1986-01-25 26.71 "DEN" "@" "LAL" "W" 12 0 22 0.962 1 14.9 5.3 10.3 21.8 2 2.7 0 12 197 108 16.4 13
"44" "44" 1986-01-27 26.72 "DEN" "" "CLE" "W" 21 0 15 0.532 0 6.8 20.9 13.8 0 0 0 51.5 10.2 68 101 0.5 -10.7
"45" "45" 1986-01-28 26.72 "DEN" "@" "SAC" "L" -5 0 6 0 0 44.4 20 34 0 7.3 0 0 5.9 114 103 1.9 -5.5
"46" "46" 1986-01-30 26.73 "DEN" "" "NYK" "W" 5 0 21 0 0 5.4 16.3 10.9 16.7 0 5.8 40 10.7 41 107 -1.4 -9.7
"47" "47" 1986-02-01 26.73 "DEN" "" "MIL" "W" 3 0 19 0.82 0.833 6.2 14 9.8 7.8 2.5 3.2 12 18.7 142 110 11.3 7.7
"48" "48" 1986-02-03 26.74 "DEN" "@" "HOU" "L" -2 1 26 0.508 0.429 10.4 28.4 19.3 5.1 0 4.1 11.3 13.8 107 95 8.7 0
"49" "49" 1986-02-06 26.75 "DEN" "@" "SAS" "W" 5 1 21 0.851 0.8 8.2 27.4 17.3 7 0 0 17.5 21.6 146 92 14 7.8
"50" "50" 1986-02-12 26.76 "DEN" "@" "DAL" "L" -7 0 27 0.654 0.545 12.7 22.2 17.3 4.9 1.8 0 17.1 26.3 121 119 13.6 -0.1
"51" "51" 1986-02-14 26.77 "DEN" "@" "PHO" "L" -17 1 32 0.509 0.5 5.6 25.7 13.5 4.3 1.3 3.7 12.7 9.2 98 98 7.3 -2.4
"52" "52" 1986-02-15 26.77 "DEN" "" "GSW" "W" 13 1 35 0.307 0.125 2.9 18.3 8.9 6.1 0 0 17 13.6 69 99 0.5 -10.5
"53" "53" 1986-02-18 26.78 "DEN" "" "WSB" "W" 11 0 6 0.347 0 16.3 41 27.3 0 0 0 0 18.8 100 89 1.1 -9.3
"54" "54" 1986-02-20 26.78 "DEN" "" "BOS" "W" 2 0 20 0.102 0 24 24.6 24.3 0 2.4 2.9 0 10.1 77 96 3.4 -6.6
"55" "55" 1986-02-22 26.79 "DEN" "" "DAL" "W" 7 0 27 0.7 0.7 4.4 19.3 12.4 0 0 2 16.7 18.4 107 103 9.1 -2.7
"56" "56" 1986-02-24 26.79 "DEN" "@" "POR" "W" 6 0 25 0.727 0.667 4.2 20.9 12.5 0 0 2.3 0 10.5 162 108 8.3 -1
"57" "57" 1986-02-25 26.8 "DEN" "" "PHO" "W" 13 0 14 0 0 0 44.7 22.4 8 0 4.4 0 8 19 84 -0.5 -9.6
"58" "58" 1986-02-27 26.8 "DEN" "@" "HOU" "L" -6 0 27 0.833 1 0 28.8 12.7 0 0 2 21.7 13.7 113 108 7.8 -2.8
"59" "59" 1986-03-01 26.81 "DEN" "" "PHI" "L" -11 0 19 0.333 0.333 5.6 23 14.2 0 5 0 14.3 15.1 67 103 1.9 -7.3
"60" "60" 1986-03-04 26.82 "DEN" "" "HOU" "W" 13 0 19 0.775 0.778 14.6 14.9 14.7 0 0 0 0 18.9 167 106 13.9 9.2
"61" "61" 1986-03-07 26.82 "DEN" "" "IND" "W" 17 0 14 0.521 0.5 7.3 7.3 7.3 7.5 0 3.4 25.8 10.6 97 112 1 -9.4
"62" "62" 1986-03-09 26.83 "DEN" "@" "LAC" "W" 2 0 20 0.615 0.5 6 40.8 25.8 5.7 0 7.3 17 11.7 117 98 7.6 1.8
"63" "63" 1986-03-11 26.84 "DEN" "@" "ATL" "L" -12 0 21 0.347 0 9.1 8.5 8.8 0 2.2 4.3 51 10.6 53 118 0 -11.6
"64" "64" 1986-03-13 26.84 "DEN" "@" "CHI" "L" -10 0 23 0.605 0.571 0 27.8 14.1 19.2 0 2.5 28.7 19 91 108 5.7 -1.7
"65" "65" 1986-03-14 26.84 "DEN" "@" "WSB" "W" 10 1 22 0.658 0.5 16 33.1 23.6 6.1 0 3.2 15.8 12.5 136 98 7.8 2
"66" "66" 1986-03-16 26.85 "DEN" "" "SAC" "W" 6 0 21 0.496 0.286 10.6 34.3 22 16.6 0 0 0 18.9 140 113 8.8 1.3
"67" "67" 1986-03-18 26.85 "DEN" "@" "SAC" "L" -4 0 19 0.625 0.556 9.5 7.2 8.6 7.8 2.6 0 0 20.9 151 118 10.7 5.2
"68" "68" 1986-03-19 26.86 "DEN" "" "DET" "W" 16 0 25 0.597 0.556 4.8 28.4 18.4 0 0 0 23 27.9 94 88 8.4 -4
"69" "69" 1986-03-21 26.86 "DEN" "" "LAC" "W" 11 1 36 0.696 0.643 16.7 23.7 20.1 0 0 1.5 10 21.2 138 103 22.1 2.1
"70" "70" 1986-03-23 26.87 "DEN" "@" "GSW" "L" -2 1 25 0.5 0.5 3.6 12.8 8.4 9.5 0 0 14.3 11.1 103 112 3.3 -6.7
"71" "71" 1986-03-25 26.87 "DEN" "" "LAL" "L" -6 0 23 0.713 0.714 8 32.1 18.3 0 1.9 0 16 21 121 107 11.1 1.2
"72" "72" 1986-03-26 26.88 "DEN" "@" "UTA" "L" -15 0 8 0 0 0 0 0 0 0 0 50 9.9 0 119 -2.1 -18.4
"73" "73" 1986-03-28 26.88 "DEN" "" "UTA" "W" 8 0 8 0 0 11.8 0 6.7 27.9 0 0 0 9.4 81 123 -0.5 -8.8
"74" "74" 1986-04-01 26.89 "DEN" "@" "POR" "L" -17 0 29 0.488 0.5 10.6 8.4 9.4 9.4 1.6 5 18.4 21.8 92 121 8.3 -3.5
"75" "75" 1986-04-03 26.9 "DEN" "@" "DAL" "L" -1 0 24 0.25 0.25 3.9 8.7 6.2 8.9 0 2.3 20 8.2 66 109 0 -9.2
"76" "76" 1986-04-06 26.91 "DEN" "@" "SAS" "W" 18 0 21 0.654 0.6 12 25.4 19.3 0 0 0 0 14.6 141 99 7.8 -2.9
"77" "77" 1986-04-07 26.91 "DEN" "@" "PHO" "W" 8 0 20 0.272 0.143 17.5 6.2 12.8 4.9 0 0 0 16.6 92 115 2.3 -12.5
"78" "78" 1986-04-09 26.92 "DEN" "@" "LAC" "L" -5 0 27 0.806 0.786 10.5 18.2 13.8 5.5 1.8 0 0 20.2 177 129 22.4 10.2
"79" "79" 1986-04-10 26.92 "DEN" "" "PHO" "W" 2 1 26 0.59 0.625 10.1 16.4 12.9 4.6 0 2.1 24.4 17 95 101 6.7 -4.2
"80" "80" 1986-04-12 26.92 "DEN" "" "UTA" "L" -18 1 28 0.49 0.375 16.2 14.3 15.3 10.2 0 1.7 12.8 32.7 102 112 13 -2.6
"1" "1" 1986-10-31 27.48 "DEN" "" "SAS" "W" 30 0 18 0.644 0.556 21.6 15.7 18.2 6.4 0 6.1 14.7 28.8 131 102 12.6 1.3
"2" "2" 1986-11-01 27.48 "DEN" "@" "GSW" "L" -22 1 8 0.615 0.5 10.5 32.4 19.1 0 0 6.6 17 25.4 114 110 4.2 -0.5
"3" "3" 1986-11-14 27.52 "DEN" "" "DAL" "W" 4 0 12 0.6 0.6 8.3 11.8 9.8 10 0 0 16.7 18.5 111 130 4 -5.1
"4" "4" 1986-11-18 27.53 "DEN" "" "NJN" "W" 13 0 16 0.37 0.2 0 26.3 13.9 7 0 3.2 22.8 20.6 70 99 0.4 -13.9
"5" "5" 1986-11-20 27.53 "DEN" "" "POR" "W" 14 0 24 0.752 0.667 12 21.1 15.9 0 0 0 0 12.1 165 108 12.5 0.9
"6" "6" 1986-11-22 27.54 "DEN" "" "PHO" "W" 12 0 10 0.673 0.333 9.2 20 14.4 0 4 0 16.1 21.9 129 97 5.4 -1.9
"7" "7" 1986-11-26 27.55 "DEN" "" "CHI" "W" 2 0 25 0.489 0.429 6.3 9.8 7.7 10 0 4.6 0 14 120 108 8.1 1.4
"8" "8" 1986-11-28 27.55 "DEN" "@" "IND" "L" -24 0 18 1.071 1 8.6 24.6 16.8 0 0 4.8 19.2 10.7 177 104 10 2.7
"9" "9" 1986-11-29 27.56 "DEN" "@" "MIL" "L" -32 0 15 1.042 1 0 42.1 19.8 9.2 3.2 0 25.8 10.4 150 120 6.4 3.9
"10" "10" 1986-12-02 27.56 "DEN" "@" "ATL" "L" -16 1 27 0.699 0.667 3.6 14.4 8.3 5.9 1.8 0 23.7 13.2 111 116 7.3 1.6
"11" "11" 1986-12-03 27.57 "DEN" "@" "BOS" "L" -6 1 26 0.614 0.429 3.6 15.4 8.4 5.4 0 0 14.9 20.1 119 122 8.2 -4.4
"12" "12" 1986-12-05 27.57 "DEN" "@" "NJN" "W" 13 1 10 0.667 0.667 12.6 10.9 11.7 0 0 0 0 13 144 109 2.5 -5.1
"13" "13" 1986-12-06 27.58 "DEN" "@" "DET" "L" -15 1 23 0.579 0.5 13.5 13 13.3 5.4 0 2.6 18.8 16.8 111 122 9 -2.1
"14" "14" 1986-12-09 27.58 "DEN" "@" "CHI" "L" -6 1 38 0.556 0.4 13.2 21.6 17 19.8 1.3 3.1 0 15.6 142 109 19.7 7.9
"15" "15" 1986-12-10 27.59 "DEN" "" "UTA" "L" -2 0 6 0 0 12.3 22.2 15.8 0 0 0 0 6.1 56 107 -0.5 -15.6
"16" "16" 1986-12-12 27.59 "DEN" "" "PHO" "W" 12 0 24 0.887 0.857 9.1 29.3 18.8 5.7 0 7.5 14.5 22.2 156 106 20.9 12.7
"17" "17" 1986-12-13 27.59 "DEN" "@" "PHO" "L" -13 0 23 0.418 0.333 19.3 12.6 16.8 5.1 4 0 15.7 19.6 98 115 7.1 -6.5
"18" "18" 1986-12-16 27.6 "DEN" "@" "SAC" "W" 1 1 30 0.496 0.25 3.2 17.8 9.3 10.7 0 2 0 14.1 127 115 8.5 -2.6
"19" "19" 1986-12-19 27.61 "DEN" "@" "DAL" "L" -23 1 24 0.888 0.833 4.5 17.4 11.1 10.8 0 0 29.1 17.4 123 133 9.1 -3
"20" "20" 1986-12-20 27.61 "DEN" "" "GSW" "W" 16 1 15 0.717 0.75 19.2 0 10.1 0 0 4.1 29.1 16.7 109 109 4.6 -5.2
"21" "21" 1986-12-23 27.62 "DEN" "@" "SEA" "L" -11 1 15 0.525 0.333 11.9 31.2 20.2 7.5 0 3.7 29.6 16.3 95 116 2.9 -7.4
"22" "22" 1986-12-26 27.63 "DEN" "" "DAL" "L" -2 1 29 0.757 0.692 19.1 13.8 16.6 4.9 1.6 0 15.4 25 138 116 21.6 6.1
"23" "23" 1986-12-27 27.63 "DEN" "@" "SAS" "W" 2 1 28 0.817 0.667 7.6 21 14.6 4.7 0 5.6 27.8 21.7 122 101 14.4 1.7
"24" "24" 1986-12-30 27.64 "DEN" "" "PHI" "L" -3 1 17 0.773 0.667 5.9 44.9 24.6 0 0 6.8 34 13 103 90 4.9 -0.4
"25" "25" 1987-01-02 27.65 "DEN" "" "HOU" "L" -3 1 33 0.594 0.533 8.1 37.2 21 9.9 1.3 1.8 5.1 21.9 125 100 19.4 6.3
"26" "26" 1987-01-03 27.65 "DEN" "@" "POR" "L" -8 1 26 0.773 0.667 0 23.1 11.4 0 0 0 39.2 18.6 86 107 3.9 -8.2
"27" "27" 1987-01-06 27.66 "DEN" "@" "SAC" "L" -8 1 13 0.644 0.667 0 24.1 11.9 0 0 0 0 12.2 127 105 3 -4.4
"28" "28" 1987-01-07 27.66 "DEN" "@" "LAL" "L" -38 1 27 0.571 0.429 9.2 14.4 11.2 4.3 0 3.7 18.6 14.3 108 130 8.2 -6
"29" "29" 1987-01-09 27.67 "DEN" "@" "DAL" "W" 3 1 38 0.825 0.75 0 20.1 9.2 15.1 0 3.2 20.7 15.4 132 109 16.7 2.9
"30" "30" 1987-01-10 27.67 "DEN" "" "PHO" "W" 7 1 23 0.916 0.8 5.8 25.6 16.3 0 2 2.8 11.6 15.3 166 101 13 5.4
"31" "31" 1987-01-13 27.68 "DEN" "" "SEA" "W" 8 1 16 0.607 0.556 9.4 13.6 11.1 0 0 0 0 22.9 138 108 7.7 -1.4
"32" "32" 1987-01-14 27.68 "DEN" "@" "LAC" "L" -18 1 23 0.46 0.4 15.3 9.9 12.6 0 0 0 35.5 14 75 127 1.2 -10.9
"33" "33" 1987-01-16 27.69 "DEN" "@" "SEA" "L" -34 1 21 0.333 0.333 9 50.8 26.3 14.7 0 2.6 25 22.1 65 115 3 -8.7
"34" "34" 1987-01-19 27.7 "DEN" "" "POR" "W" 2 1 24 0.587 0.4 10.9 5.1 8.5 9.8 1.8 9.3 10.5 14.1 132 107 11.5 5
"35" "35" 1987-01-21 27.7 "DEN" "" "GSW" "W" 17 1 19 0.639 0.636 14.9 21.1 17.4 7 2.3 0 12.4 31.6 117 98 13 1.9
"36" "36" 1987-01-24 27.71 "DEN" "" "MIL" "W" 10 1 31 0.65 0.6 7.2 30.2 18.4 11.7 0 3.5 13.3 19.5 123 114 16.1 1.4
"37" "37" 1987-01-26 27.72 "DEN" "@" "POR" "L" -4 1 18 0.255 0.2 0 22.1 9.5 5.1 0 3 0 11.9 73 121 -0.2 -11.6
"38" "38" 1987-01-29 27.72 "DEN" "" "DAL" "L" -30 1 25 0.484 0.462 10.5 22.9 15.8 0 0 6.4 6.9 21.9 98 117 10.6 -2
"39" "39" 1987-01-31 27.73 "DEN" "" "SAC" "W" 29 1 25 0.45 0.375 13.4 18.7 16 3.7 1.7 2.3 25.3 17.1 88 99 4.7 -7.9
"40" "40" 1987-02-02 27.73 "DEN" "" "LAC" "W" 28 1 19 0.421 0.286 6.3 32.7 21.5 0 0 3 10.7 16.9 100 95 3.8 -12.1
"41" "41" 1987-02-03 27.74 "DEN" "@" "HOU" "W" 2 1 31 0.425 0.4 9.5 28.8 18.5 15.6 0 1.7 20.3 19.8 85 101 7.2 -6.3
"42" "42" 1987-02-05 27.74 "DEN" "@" "PHO" "L" -13 1 14 0.399 0 0 0 0 9.5 3.2 0 21 12.5 78 108 0.3 -8.5
"43" "43" 1987-02-10 27.76 "DEN" "" "BOS" "L" -14 1 17 0.333 0.333 4.6 21.7 11.2 0 8.1 0 33.3 20.1 50 100 0.6 -11.8
"44" "44" 1987-02-12 27.76 "DEN" "" "WSB" "L" -6 1 25 0.419 0.417 6.9 23.4 13.9 5.9 0 4.3 0 22.9 98 116 7.2 -6.6
"45" "45" 1987-02-14 27.77 "DEN" "" "IND" "W" 16 1 29 0 0 6.2 11.8 9.1 12.7 0 0 17 7.4 57 103 -0.8 -9.9
"46" "46" 1987-02-17 27.78 "DEN" "@" "SAS" "L" -5 1 14 0.387 0.333 0 9.2 4.4 8 0 0 0 11.6 93 119 -0.5 -12.9
"47" "47" 1987-02-18 27.78 "DEN" "" "LAL" "L" -6 1 31 0.528 0.4 9.9 9.1 9.6 0 0 3.4 0 11.1 129 124 8 -7
"48" "48" 1987-02-20 27.78 "DEN" "@" "LAC" "L" -14 1 25 0.41 0.25 0 10.9 5.9 0 0 2 17 9.5 77 119 0.6 -12.1
"49" "49" 1987-02-23 27.79 "DEN" "@" "HOU" "L" -16 0 13 0.25 0.25 8.2 11.2 9.5 9.4 0 0 20 16.1 62 127 -0.9 -17.7
"50" "50" 1987-02-24 27.79 "DEN" "" "HOU" "W" 29 0 5 0.25 0.25 0 0 0 0 0 0 0 29.6 69 108 -0.4 -22.4
"51" "51" 1987-02-26 27.8 "DEN" "@" "SEA" "L" -6 0 4 NA NA 0 0 0 0 0 0 NA 0 0 122 0 -9.3
"52" "52" 1987-02-28 27.81 "DEN" "" "CLE" "L" -2 0 12 0.798 1 9.1 19.5 14.1 9.3 0 4.7 0 5.9 171 108 4.2 3.1
"53" "53" 1987-03-02 27.81 "DEN" "" "SAC" "L" -3 1 26 0.726 0.571 0 4 1.9 4.8 0 4.1 0 14.5 159 115 12.3 2.2
"54" "54" 1987-03-04 27.82 "DEN" "@" "DAL" "L" -8 1 15 0.525 0.333 6.3 12.8 9.5 0 0 0 17.4 14.8 100 110 2 -8.2
"55" "55" 1987-03-05 27.82 "DEN" "" "SAS" "W" 17 1 17 0.25 0.25 7.4 29.7 20.8 18 0 3.1 33.3 14 67 91 1.3 -7.3
"56" "56" 1987-03-10 27.83 "DEN" "@" "LAL" "L" -36 1 23 0.5 0.5 8.7 5.6 7.4 15.3 0 2.4 60 8.1 69 133 0.9 -9.5
"57" "57" 1987-03-11 27.84 "DEN" "" "UTA" "W" 6 0 16 0.568 NA 7.1 27.9 17.6 0 0 8 0 4.3 137 101 2.1 -4.5
"58" "58" 1987-03-15 27.85 "DEN" "" "ATL" "L" -4 0 20 0.532 0 0 18.5 8 6.5 0 3.2 34.7 5.9 85 107 1 -7.4
"59" "59" 1987-03-17 27.85 "DEN" "@" "NYK" "W" 22 0 30 0.846 0.875 9.6 12.6 10.9 4.1 0 2.1 15.8 15.5 144 115 16 2
"60" "60" 1987-03-18 27.85 "DEN" "@" "CLE" "W" 4 0 22 1 1 4.7 11.5 7.8 10.5 0 8.2 33.3 5.8 134 105 5.6 1
"61" "61" 1987-03-20 27.86 "DEN" "@" "PHI" "L" -10 0 20 0.735 0.667 0 14.7 7.2 0 2.7 5.6 0 10.2 160 121 6.6 -1.5
"62" "62" 1987-03-21 27.86 "DEN" "@" "WSB" "W" 10 0 16 0.42 0.333 12.8 0 6.8 6.5 0 0 17.4 14.6 95 112 1 -9.9
"63" "63" 1987-03-23 27.87 "DEN" "@" "UTA" "L" -4 0 10 0.266 0 8.7 10.7 9.6 11.2 0 0 34.7 10.2 65 117 -0.6 -11.2
"64" "64" 1987-03-24 27.87 "DEN" "" "LAC" "W" 9 0 10 1 1 10.4 10.9 10.7 0 0 0 0 4 201 117 2.3 -6
"65" "65" 1987-03-26 27.88 "DEN" "" "SEA" "W" 10 0 11 0.699 0.667 11.8 32.7 22.7 0 0 0 23.7 30.8 104 108 4.8 -6.2
"66" "66" 1987-03-28 27.88 "DEN" "" "DET" "L" -12 0 19 0.714 0.714 4.8 11.2 7.7 8.9 0 5.6 12.5 16.7 126 119 8.3 3.3
"67" "67" 1987-03-31 27.89 "DEN" "" "SAS" "W" 5 0 21 0.714 0.5 0 48.4 24.2 17.8 2.2 5.3 0 15.4 166 87 15.4 13.5
"68" "68" 1987-04-02 27.9 "DEN" "" "GSW" "W" 36 0 24 0.665 0.571 4.2 19.2 12 13 3.6 2.3 16 19.1 124 82 13.3 4
"69" "69" 1987-04-03 27.9 "DEN" "@" "SAS" "W" 10 0 21 0.856 0.857 5.6 29.2 18.2 7.5 0 0 0 16.2 174 98 13.7 7.8
"70" "70" 1987-04-05 27.9 "DEN" "" "LAL" "L" -8 0 33 0.694 0.5 9.1 9.9 9.5 5.9 0 6.5 0 6.9 167 124 12 0.7
"71" "71" 1987-04-07 27.91 "DEN" "@" "GSW" "W" 3 0 26 0.762 0.8 4.6 8.3 6.6 10.2 0 0 0 16.3 161 118 11.8 2.1
"72" "72" 1987-04-10 27.92 "DEN" "@" "UTA" "L" -3 0 12 0.532 0 0 9.1 4.4 10 0 9.3 34.7 9.4 86 102 1.1 -3.8
"73" "73" 1987-04-11 27.92 "DEN" "@" "HOU" "L" -10 0 30 0.678 0.5 13.9 11.4 12.7 0 0 1.6 23.1 12.8 123 117 7.8 -3.9
"74" "74" 1987-04-14 27.93 "DEN" "" "POR" "W" 28 0 15 0.872 1 7.6 11.6 9.9 13.2 0 0 0 8.4 177 104 5.4 2.2
"75" "75" 1987-04-16 27.93 "DEN" "@" "SAC" "L" -6 0 20 0.521 0.25 5.6 5.9 5.7 0 0 2.8 14.8 13.2 105 117 2.7 -8.1
"76" "76" 1987-04-18 27.94 "DEN" "" "HOU" "W" 9 0 17 0.615 0.5 12.3 21.7 17.3 16.6 0 0 29.1 7.4 126 108 3.7 -3.8
"1" "1" 1987-11-06 28.49 "DEN" "" "LAC" "W" 46 0 14 0.525 0.333 9.3 36.1 25.5 0 0 0 0 12 130 78 4.2 -5.1
"2" "2" 1987-11-07 28.5 "DEN" "@" "GSW" "W" 4 0 24 0.595 0.571 0 27.3 12.6 0 5.8 2.6 28.4 23.8 83 83 7.8 0.2
"3" "3" 1987-11-10 28.5 "DEN" "@" "SAC" "L" -11 0 15 0 0 0 0 0 6.3 0 10.2 66.7 7 15 118 -1.1 -10.8
"4" "4" 1987-11-12 28.51 "DEN" "" "POR" "W" 13 0 18 0.867 0.714 25.4 31.4 28.7 0 2.5 2.9 21.5 30.1 144 92 17.8 11.7
"5" "5" 1987-11-14 28.52 "DEN" "" "SAC" "W" 21 0 18 0.62 0.5 5.6 71.5 36 12.6 4.6 0 12.7 31.5 119 82 15.6 8
"6" "6" 1987-11-17 28.52 "DEN" "@" "UTA" "L" -10 0 16 0.928 1 5.6 16.4 11 10.7 0 3 11 21.2 161 108 12.7 10.5
"7" "7" 1987-11-18 28.53 "DEN" "" "IND" "L" -11 0 33 0.385 0.313 20.8 33.1 25.8 4.4 4.2 3.9 14.2 23.2 92 100 13.8 -1.9
"8" "8" 1987-11-20 28.53 "DEN" "" "SAS" "W" 14 1 28 0.686 0.6 17.9 24.5 21.4 11.3 0 1.8 5 23.9 154 117 25.6 6.4
"9" "9" 1987-11-21 28.53 "DEN" "@" "LAC" "W" 6 1 27 0.614 0.429 7.9 17.3 12.4 5.3 1.8 0 30.5 24.4 94 93 7.2 -5.2
"10" "10" 1987-11-24 28.54 "DEN" "" "NJN" "W" 28 1 11 0.563 0.5 17.1 0 8.3 0 0 0 10.1 31.4 113 105 4 -14.8
"11" "11" 1987-11-27 28.55 "DEN" "@" "LAL" "L" -8 1 42 0.495 0.444 9.9 29.3 18.8 13.7 2.3 1.4 12.9 21.4 110 121 17.2 -0.6
"12" "12" 1987-11-28 28.55 "DEN" "" "DAL" "W" 8 1 40 0.561 0.385 7.1 35.1 19.6 10.9 0 1.6 14.4 21.3 114 98 16.4 2.1
"13" "13" 1987-12-01 28.56 "DEN" "@" "HOU" "L" -5 1 14 0.51 0.4 6.5 53.3 28 10 3.3 0 40.5 26.2 69 91 2.2 -9
"14" "14" 1987-12-02 28.56 "DEN" "" "SAC" "W" 27 1 29 0.599 0.444 3.4 25.2 14.1 6.2 1.4 0 19.3 19.1 108 103 10.9 -5.1
"15" "15" 1987-12-04 28.57 "DEN" "" "CHI" "W" 16 1 23 0.735 0.7 0 30.9 16.9 0 0 4.9 21.6 24 110 81 10.6 3.1
"16" "16" 1987-12-05 28.57 "DEN" "@" "DAL" "L" -13 1 13 0 0 0 10 4.3 9.7 0 4.6 50 6.1 22 108 -1.6 -12.4
"17" "17" 1987-12-09 28.58 "DEN" "@" "BOS" "W" 5 1 33 0.481 0.455 9.7 12.5 10.7 3.4 0 0 14.9 14.7 100 115 5.3 -8.5
"18" "18" 1987-12-10 28.59 "DEN" "@" "NYK" "L" -16 1 17 0.525 0.333 0 6.4 3 8 0 0 29.6 16.1 81 114 0.7 -9.1
"19" "19" 1987-12-16 28.6 "DEN" "" "HOU" "W" 19 1 22 0.254 0.143 5.1 17.1 11.6 8.9 2.1 0 20.2 17 66 105 1 -10.3
"20" "20" 1987-12-18 28.61 "DEN" "@" "SAS" "L" -19 1 12 0.564 0.5 7.7 20 13 0 0 0 0 16.6 124 117 3.3 -7
"21" "21" 1987-12-19 28.61 "DEN" "@" "HOU" "W" 4 1 28 0.436 0.333 3.3 14 8.5 3.8 1.6 0 12.7 10.6 94 110 2.8 -8.2
"22" "22" 1987-12-22 28.62 "DEN" "" "PHO" "W" 15 1 22 0.664 0.667 9.5 34.9 22.7 0 6.1 2.4 10 35.9 117 80 20.6 10.6
"23" "23" 1987-12-23 28.62 "DEN" "@" "GSW" "L" -12 1 32 0.612 0.5 7.3 24.3 15.4 12.2 1.4 4.9 11.4 21.5 125 118 18.2 2.7
"24" "24" 1987-12-26 28.63 "DEN" "" "SEA" "W" 4 1 26 0.556 0.4 7.2 17.8 12.5 5.2 0 4.2 17.2 25.2 108 108 9.8 -3.6
"25" "25" 1987-12-28 28.64 "DEN" "@" "SEA" "L" -8 1 40 0.74 0.667 11.2 17.9 14.7 3.8 0 2.5 19.8 15.6 128 108 16.6 1.9
"26" "26" 1987-12-29 28.64 "DEN" "" "UTA" "L" -1 1 35 0.739 0.615 16.1 15.9 16 6 1.3 3.6 9.9 21.3 148 91 25.9 12.9
"27" "27" 1988-01-01 28.65 "DEN" "@" "WSB" "W" 15 1 31 0.577 0.333 0 25.8 13.7 0 0 5.4 12 22.3 113 103 11.3 -5
"28" "28" 1988-01-02 28.65 "DEN" "@" "DET" "W" 9 1 26 0.702 0.545 9.7 4.7 7.2 0 0 2.1 16.7 26.1 127 129 13.9 -4.4
"29" "29" 1988-01-04 28.65 "DEN" "@" "CLE" "L" -21 1 22 0.373 0.333 8.6 45.1 21.8 12.7 2.1 0 19.9 26.7 72 112 3.3 -8.9
"30" "30" 1988-01-06 28.66 "DEN" "@" "NJN" "W" 5 1 26 0.5 0.5 6.8 32.8 18.6 0 0 2.6 25 12.5 83 92 3.9 -8.8
"31" "31" 1988-01-07 28.66 "DEN" "@" "CHI" "L" -4 1 33 0.563 0.5 11.4 17.5 14.4 13.6 3 3.3 10.1 12.7 124 99 14.3 4.8
"32" "32" 1988-01-09 28.67 "DEN" "@" "ATL" "L" -8 1 27 0.615 0.5 16.5 20.3 18 0 0 0 19.7 22.3 112 113 10.1 -2
"33" "33" 1988-01-11 28.67 "DEN" "@" "PHO" "L" -12 1 17 0.42 0.333 17.3 26.5 20.9 7.2 5.4 6.8 17.4 13.1 100 108 6 0.2
"34" "34" 1988-01-14 28.68 "DEN" "" "ATL" "W" 3 1 29 0.716 0.6 14.7 28.8 21.8 0 1.6 2.1 22.3 24.6 119 104 15.5 1
"35" "35" 1988-01-16 28.69 "DEN" "" "GSW" "W" 21 1 17 0.602 0.5 6.4 22.1 15.7 0 2.7 0 0 22.8 136 81 9 2.1
"36" "36" 1988-01-18 28.69 "DEN" "" "DET" "L" -7 1 27 1.087 1 3.6 26.7 13.8 4 1.6 0 64.4 10.5 79 107 2.5 -7.8
"37" "37" 1988-01-21 28.7 "DEN" "" "LAL" "W" 2 1 22 0.781 0.8 11.7 22.4 16.1 13.4 2.1 9 8.4 20.2 151 101 18 17.1
"38" "38" 1988-01-22 28.7 "DEN" "@" "POR" "L" -20 1 21 0.753 0.5 10.2 17.9 14.3 11 0 0 47.5 21.9 87 111 4.4 -7.8
"39" "39" 1988-01-28 28.72 "DEN" "" "MIL" "W" 9 1 21 0.644 0.667 0 34.3 18 0 4.7 8.6 20.5 10 97 100 6.2 -0.8
"40" "40" 1988-01-30 28.73 "DEN" "" "LAC" "W" 18 1 32 0.758 0.727 8.8 36.7 22.5 7.1 0 3.7 25.2 18.2 115 94 16 1.2
"41" "41" 1988-02-03 28.74 "DEN" "" "DAL" "W" 10 1 28 0.583 0.556 7.3 19 13.6 13.4 4.9 0 17.5 16.8 109 91 10.6 2.2
"42" "42" 1988-02-04 28.74 "DEN" "@" "SAS" "W" 6 1 23 1.078 1 9.5 20.4 14.7 7.9 0 0 17.7 9 185 114 10.4 2.1
"43" "43" 1988-02-09 28.75 "DEN" "" "SAS" "W" 28 1 26 0.591 0.538 10.3 32.6 23.3 27 0 4.3 11.1 26.4 122 93 18.4 6.2
"44" "44" 1988-02-11 28.76 "DEN" "" "LAL" "L" -12 1 21 0.74 0.6 9.5 12 10.6 12.3 0 0 12.9 14.5 146 122 7.7 -0.7
"45" "45" 1988-02-12 28.76 "DEN" "@" "POR" "L" -15 1 16 0.5 0.5 0 16.7 8 0 0 3.1 20 11.5 78 109 0.6 -10.4
"46" "46" 1988-02-14 28.77 "DEN" "" "UTA" "W" 14 1 30 0.612 0.6 3.8 18.2 11.2 12.1 5.1 4.5 7.1 21.2 118 88 15.6 9.5
"47" "47" 1988-02-17 28.78 "DEN" "" "BOS" "W" 13 1 14 0.25 0.25 25.4 54.9 44.5 0 3.4 0 42.9 22.2 55 98 -0.6 -18.5
"48" "48" 1988-02-20 28.78 "DEN" "@" "PHO" "L" -20 1 28 0.759 0.667 34.3 38.7 36.2 5.1 0 0 7.4 19.8 159 130 20.9 7.1
"49" "49" 1988-02-22 28.79 "DEN" "" "WSB" "W" 13 1 38 0.691 0.615 4.5 16.7 10.4 0 0 1.4 6.2 16.3 140 87 17.1 3.7
"50" "50" 1988-02-24 28.79 "DEN" "@" "UTA" "W" 3 1 14 0.654 0.4 6.9 28.6 17.5 0 0 15.2 11.6 23 129 96 9 3.6
"51" "51" 1988-02-26 28.8 "DEN" "" "PHI" "W" 16 1 32 0.751 0.7 8.6 17.6 14 3.6 0 0 15 17.6 132 103 13.9 1.2
"52" "52" 1988-02-28 28.81 "DEN" "" "NYK" "W" 9 1 21 0.822 0.6 8.5 24.3 15.8 13 2.3 0 0 17 181 95 15 10.9
"53" "53" 1988-02-29 28.81 "DEN" "@" "DAL" "L" -27 1 43 0.444 0.381 5.8 3.1 4.8 8.6 1.1 1.4 7.8 24.7 90 126 11.4 -3.9
"54" "54" 1988-03-02 28.81 "DEN" "" "CLE" "W" 18 1 32 0.574 0.5 10.7 23.7 16 0 3.1 4.6 15 16.9 112 80 12.4 1.5
"55" "55" 1988-03-04 28.82 "DEN" "" "PHO" "W" 8 1 35 0.586 0.5 13.7 18.9 15.6 7.5 1.4 3.6 11 21.2 126 109 16.9 1.8
"56" "56" 1988-03-05 28.82 "DEN" "@" "SEA" "W" 13 1 12 0.847 0.75 0 19.5 10.4 12.9 7.9 0 12.4 29.8 152 88 10.7 15
"57" "57" 1988-03-07 28.83 "DEN" "@" "SAC" "L" -2 1 40 0.846 0.75 8.5 18.4 12.2 7.4 3.5 1.5 15.8 12.3 151 100 20.6 5.7
"58" "58" 1988-03-08 28.83 "DEN" "" "HOU" "L" -10 1 39 0.648 0.5 8.8 18 12.7 4.3 0 1.4 4.9 20.1 142 114 21.4 4.2
"59" "59" 1988-03-11 28.84 "DEN" "@" "MIL" "L" -39 1 27 0.622 0.429 6.6 0 3.9 0 0 0 0 14.5 142 139 8.1 -5.5
"60" "60" 1988-03-13 28.84 "DEN" "@" "IND" "W" 8 1 27 0.791 0.8 4.2 24.2 14.5 4.8 1.8 2.3 13.7 11.9 137 97 10.4 2.5
"61" "61" 1988-03-14 28.85 "DEN" "" "UTA" "L" -1 1 42 0.686 0.667 9.9 22.2 14.6 6.3 0 0 15.8 17.4 127 114 18.9 1.5
"62" "62" 1988-03-17 28.85 "DEN" "" "POR" "W" 1 1 33 0.468 0.4 5.4 15.7 10.2 9.3 0 1.7 14.5 16.9 93 104 5.8 -4.6
"63" "63" 1988-03-18 28.86 "DEN" "@" "UTA" "L" -7 1 19 0.712 0.6 9.9 28.1 18.4 21.4 0 0 13.7 15 140 113 9.5 5.8
"64" "64" 1988-03-20 28.86 "DEN" "" "SEA" "W" 13 1 30 0.614 0.571 9.2 13 10.8 0 1.6 4.7 8.1 17.1 124 97 11.9 0.4
"65" "65" 1988-03-22 28.87 "DEN" "" "SAS" "W" 27 1 26 0.515 0.333 5.8 39.3 25.7 6.2 0 4.4 34 9.2 96 96 6 -1.9
"66" "66" 1988-03-23 28.87 "DEN" "@" "LAC" "W" 10 1 29 0.709 0.667 7.4 36.3 21.2 0 3.2 1.9 27.9 15.4 106 96 10.2 -2.6
"67" "67" 1988-03-25 28.88 "DEN" "@" "LAL" "W" 1 1 26 0.571 0.429 12.6 34.6 21.9 8.9 1.8 7 9.4 16.2 131 111 12.7 2
"68" "68" 1988-03-26 28.88 "DEN" "@" "GSW" "W" 23 1 36 0.571 0.429 12.1 29.6 22.2 2.6 2.6 6.1 31.3 14.5 97 94 11.7 -2.3
"69" "69" 1988-03-29 28.89 "DEN" "@" "SAC" "W" 4 1 34 0.479 0.333 8.1 25.7 16.2 12.9 0 1.9 13.8 16.2 102 98 10.2 -1.8
"70" "70" 1988-03-31 28.89 "DEN" "" "SAC" "W" 10 1 31 0.799 0.889 10.8 15.9 13.2 8 1.5 2 7.4 17.6 149 102 19.1 7.1
"71" "71" 1988-04-02 28.9 "DEN" "" "GSW" "W" 16 1 35 0.688 0.6 7.2 20.7 15.1 3.4 0 4.2 13.3 17.8 127 100 15.6 1.2
"72" "72" 1988-04-05 28.91 "DEN" "@" "HOU" "W" 13 1 41 0.617 0.444 12.1 23.9 17.5 3.2 0 2.7 23.6 15.4 112 88 14.6 1.3
"73" "73" 1988-04-08 28.92 "DEN" "@" "SAS" "W" 5 1 33 0.727 0.714 14.6 38.2 24.8 0 0 1.8 0 16.6 158 108 20 4.8
"74" "74" 1988-04-09 28.92 "DEN" "@" "DAL" "L" -26 1 24 0.81 0.778 8.3 11.1 9.5 6.3 1.9 0 0 21.7 167 130 18.4 8.2
"75" "75" 1988-04-11 28.92 "DEN" "@" "PHO" "W" 4 1 28 0.888 0.8 0 32.7 15.1 4.5 0 4.3 22.8 12.3 132 110 11.4 -1.9
"76" "76" 1988-04-13 28.93 "DEN" "" "LAL" "W" 14 1 22 0.694 0.5 4.7 32.5 18.8 9.6 2.1 2.6 0 10.7 160 95 10.3 4.8
"77" "77" 1988-04-15 28.93 "DEN" "" "HOU" "W" 7 1 32 0.846 0.636 16.3 26.5 20.6 0 1.4 0 13.7 25.7 160 113 29.2 9.9
"78" "78" 1988-04-17 28.94 "DEN" "" "DAL" "W" 11 1 23 0.678 0.667 21.7 17.4 19.6 10.1 2 0 0 17.8 157 114 14.8 7.5
"79" "79" 1988-04-19 28.95 "DEN" "" "SEA" "W" 20 1 26 0.701 0.5 6.2 26.9 18.9 17.7 0 3.8 0 20.9 159 108 19.4 9.7
"80" "80" 1988-04-22 28.95 "DEN" "@" "POR" "L" -6 1 37 0.705 0.538 11.5 25.5 18.1 4.1 1.3 4 13.5 24 138 119 24.7 5.9
"81" "81" 1988-04-23 28.96 "DEN" "" "LAC" "W" 25 1 30 0.689 0.545 12.3 13.8 13.1 11.1 0 5.2 0 17.1 156 96 22 5.8
"1" "1" 1988-11-04 29.49 "DEN" "" "HOU" "W" 3 1 23 0.665 0.571 4.1 13 8.4 0 1.8 0 16 19.5 121 101 8.5 -0.3
"2" "2" 1988-11-05 29.49 "DEN" "@" "SEA" "L" -1 1 37 0.576 0.333 5.5 10.5 7.7 5.8 0 1.6 21 14.1 108 121 8.2 -3.4
"3" "3" 1988-11-09 29.5 "DEN" "@" "LAL" "L" -18 1 30 0.611 0.588 8.6 38.6 18.8 5 2.9 4 9.2 27.2 116 110 20.8 7.1
"4" "4" 1988-11-10 29.5 "DEN" "" "POR" "W" 20 1 32 0.781 0.667 10.7 22.3 16.9 14.6 1.4 1.7 25.4 23.8 128 100 20 6
"5" "5" 1988-11-12 29.51 "DEN" "" "SEA" "W" 12 1 32 0.59 0.4 19.2 25 22.4 9 0 4.8 17.2 20 123 113 16.3 1.7
"6" "6" 1988-11-13 29.51 "DEN" "@" "POR" "W" 11 1 30 0.767 0.625 11.7 18.5 15.5 0 1.3 3.2 26.5 18.8 120 107 13.3 -0.9
"7" "7" 1988-11-15 29.52 "DEN" "" "LAL" "L" -2 1 45 0.869 0.818 7.2 19.3 12.3 2.9 0 2.7 11.8 14.3 159 114 23.5 4.8
"8" "8" 1988-11-17 29.52 "DEN" "" "SAS" "W" 27 1 25 0.818 0.8 16 51.5 34.9 12.4 0 6.7 5 30.7 165 98 30.8 17
"9" "9" 1988-11-19 29.53 "DEN" "" "LAC" "W" 27 1 22 0.425 0.4 0 16.8 7.7 0 0 0 14.5 11.2 74 96 0.2 -10.6
"10" "10" 1988-11-22 29.54 "DEN" "" "NJN" "W" 35 1 11 0.727 0.667 0 41.2 23.7 24.1 0 9.2 22.5 15.3 129 81 6.1 7.2
"11" "11" 1988-11-23 29.54 "DEN" "@" "DAL" "L" -19 1 32 0.218 0.167 2.6 48.4 18.5 3.4 2.9 7.7 22.5 10.7 47 110 4 -8.1
"12" "12" 1988-11-26 29.55 "DEN" "" "CHI" "W" 5 1 30 0.571 0.429 3.6 31.2 16.7 14.5 1.5 0 18.6 14.2 110 110 9.2 -0.8
"13" "13" 1988-11-29 29.56 "DEN" "" "NYK" "W" 20 1 27 0.746 0.571 4 15.9 10.7 7.4 0 1.8 26 20 119 102 11.6 -2.7
"14" "14" 1988-12-01 29.56 "DEN" "@" "SAC" "W" 7 1 25 0.509 0.5 3.8 16.7 9 0 1.9 2.6 0 10.9 116 111 4.5 -6.4
"15" "15" 1988-12-02 29.56 "DEN" "" "GSW" "W" 27 1 18 0.727 0.667 12.1 8.7 10.2 10.5 0 0 46.6 13.6 94 97 2.5 -8
"16" "16" 1988-12-04 29.57 "DEN" "@" "CLE" "L" -19 1 34 0.505 0.455 6 13.4 9.5 7.3 0 0 20.2 17.3 96 123 6.1 -5.1
"17" "17" 1988-12-06 29.58 "DEN" "@" "NYK" "L" -1 1 37 0.608 0.5 10.7 5.5 7.8 11.9 1.2 1.4 46.5 11.5 88 107 5.2 -3.5
"18" "18" 1988-12-07 29.58 "DEN" "@" "PHI" "L" -25 1 16 0 0 4.4 35.7 16.4 6.5 0 0 50 4.2 40 114 -0.4 -12.4
"19" "19" 1988-12-09 29.58 "DEN" "@" "MIA" "W" 11 1 32 0.694 0.5 13.6 7.9 10.7 19.8 2.9 4.4 18.8 12.6 143 106 18.5 7.7
"20" "20" 1988-12-10 29.59 "DEN" "@" "ATL" "W" 3 1 17 0.888 0.833 11.1 21.2 15.5 7.1 2.5 3.3 35.3 24.3 112 113 9.9 1.9
"21" "21" 1988-12-13 29.59 "DEN" "" "HOU" "W" 25 1 25 0.466 0.417 6.9 7.4 7.1 4.5 3.5 8.2 0 19.3 114 89 11.9 1.9
"22" "22" 1988-12-16 29.6 "DEN" "@" "LAC" "L" -3 1 20 0.484 0.444 14.8 18.9 16.3 5.9 0 2.7 16.2 19.9 100 108 6.4 -7.5
"23" "23" 1988-12-17 29.61 "DEN" "" "LAC" "W" 15 1 22 0.615 0.5 7.8 28.5 17.1 10.5 2 2.7 29.1 11 106 84 6.3 -0.3
"24" "24" 1988-12-20 29.61 "DEN" "" "POR" "L" -3 1 37 0.615 0.5 0 18.9 10.9 5.8 0 2.6 21.5 9.7 106 115 7.6 -2.5
"25" "25" 1988-12-22 29.62 "DEN" "" "PHO" "L" -8 1 15 0.633 0.6 4.8 16.6 10.2 9.3 0 0 0 14.6 139 110 6 0.5
"26" "26" 1988-12-23 29.62 "DEN" "@" "PHO" "L" -12 1 15 0.872 0.833 0 25.9 10.9 13.9 0 0 12.7 20.9 148 119 8 4.9
"27" "27" 1988-12-27 29.63 "DEN" "" "BOS" "W" 21 1 27 0.867 0.714 4 35.6 21.5 4 1.5 1.9 15.4 17.3 154 86 19.3 6.9
"28" "28" 1988-12-30 29.64 "DEN" "" "MIA" "W" 26 1 20 0.721 0.714 0 20 11.5 26.7 0 0 19.4 20 119 79 8.3 3.1
"29" "29" 1989-01-03 29.65 "DEN" "@" "SAS" "L" -24 1 21 0.699 0.5 8 16.3 11.5 0 0 0 14.1 24.8 131 119 11.5 0.7
"30" "30" 1989-01-05 29.66 "DEN" "" "GSW" "W" 2 1 25 0.45 0.375 0 23 11.2 0 0 2.1 18.4 14.9 79 108 2.1 -9.1
"31" "31" 1989-01-07 29.66 "DEN" "" "DAL" "W" 21 1 22 0.571 0.571 21.8 10.9 15.9 15.9 0 0 22.2 15.8 113 93 8 -0.3
"32" "32" 1989-01-10 29.67 "DEN" "@" "WSB" "L" -3 1 26 0.571 0.571 13.4 17.3 15.5 0 1.6 4.7 20.2 27.5 92 99 12.3 -2.6
"33" "33" 1989-01-11 29.67 "DEN" "@" "MIL" "L" -17 1 13 0.307 0.25 0 9 4.4 0 0 0 29.1 21.3 46 125 -3.5 -24.6
"34" "34" 1989-01-13 29.68 "DEN" "@" "CHI" "L" -5 0 21 0.665 0.5 4.6 13.4 8.2 12.8 0 2.9 57.1 17.3 67 100 1.2 -7.9
"35" "35" 1989-01-14 29.68 "DEN" "" "CLE" "L" -12 1 36 0.529 0.167 8.3 27.5 15 12.2 1.3 3.5 22.4 13.7 109 113 11.9 -0.3
"36" "36" 1989-01-16 29.69 "DEN" "" "SAC" "W" 6 1 32 0.498 0.389 8.3 22.8 15 9.5 1.4 1.8 8.7 26 111 101 14.9 0.3
"37" "37" 1989-01-18 29.69 "DEN" "@" "DAL" "L" -10 1 29 0.533 0.5 3.2 15.8 8.8 0 0 2.1 13.8 31.9 95 108 8.5 -3.6
"38" "38" 1989-01-21 29.7 "DEN" "" "MIL" "L" -9 1 23 0.291 0.167 0 40.7 17.6 15.7 0 0 12.7 13.3 74 107 2.1 -6.1
"39" "39" 1989-01-23 29.71 "DEN" "@" "IND" "L" -15 1 17 0.525 0.5 8.7 24.8 16.2 8.7 0 3.3 9.5 24 105 104 7.5 0.6
"40" "40" 1989-01-24 29.71 "DEN" "@" "NJN" "L" -2 0 18 0.452 0.25 5.2 18.2 11.2 0 0 0 0 14.1 106 109 3.6 -7.6
"41" "41" 1989-01-28 29.72 "DEN" "" "PHO" "W" 4 1 17 0.764 0.6 8.8 0 3.9 6.1 2.6 3 21.7 20.9 131 130 7.4 -3.1
"42" "42" 1989-01-30 29.73 "DEN" "@" "PHO" "L" -26 1 17 1.099 1 6 10.5 7.6 7.8 0 0 21.6 11.1 182 122 6.8 1.3
"43" "43" 1989-01-31 29.73 "DEN" "@" "SAS" "L" -6 0 7 0.5 0.5 14 0 6.7 0 0 7.7 33.3 16.7 78 103 -0.6 -18.1
"44" "44" 1989-02-02 29.73 "DEN" "" "ATL" "W" 9 1 16 0.667 0.667 0 29.4 16.3 18.2 3 3.4 40 12.9 84 93 3.3 -0.5
"45" "45" 1989-02-04 29.74 "DEN" "" "UTA" "W" 1 1 41 0.634 0.522 8 15.8 11.6 15.1 0 1.5 12.1 31.6 125 124 27.2 4.1
"46" "46" 1989-02-05 29.74 "DEN" "@" "HOU" "L" -12 1 11 0.727 0.833 0 19 8.6 0 4 0 12.7 26.5 106 111 7.2 6.7
"47" "47" 1989-02-09 29.75 "DEN" "" "MIA" "W" 25 1 19 0.381 0.286 19.8 0 10.8 0 0 0 33.7 22.7 69 99 -1.3 -21.7
"48" "48" 1989-02-14 29.77 "DEN" "@" "UTA" "L" -14 1 33 0.43 0.222 13.4 15.7 14.3 4.1 0 1.8 20.5 16 93 116 7.1 -7.9
"49" "49" 1989-02-15 29.77 "DEN" "" "WSB" "W" 11 1 36 0.696 0.667 6.1 17.1 11.2 3.5 2.5 7.2 16.6 19.8 117 93 18.4 4.9
"50" "50" 1989-02-17 29.78 "DEN" "@" "HOU" "L" -10 1 27 0.601 0.5 6.8 25.4 15.1 0 0 2.2 5.7 26.1 127 118 13.9 -0.5
"51" "51" 1989-02-20 29.78 "DEN" "" "DET" "W" 2 1 38 0.539 0.3 10.5 6.8 8.9 7.2 0 0 6.3 18.5 123 113 12.4 -2.1
"52" "52" 1989-02-22 29.79 "DEN" "" "DAL" "W" 3 1 28 0.752 0.625 8.6 29.3 19 10.3 0 4.3 15.8 20.1 135 109 15.1 3.8
"53" "53" 1989-02-24 29.79 "DEN" "" "UTA" "W" 19 1 20 0.825 0.75 11.2 15 13.2 0 0 3.2 14.8 26.9 145 100 14.4 5
"54" "54" 1989-02-26 29.8 "DEN" "" "PHI" "W" 7 1 27 0.47 0.455 0 13.7 6.9 0 0 4.6 0 20.5 99 118 5.4 -8.8
"55" "55" 1989-02-27 29.8 "DEN" "@" "GSW" "L" -9 1 26 0.843 0.714 0 39.9 17 4.6 0 4.5 16.6 15.7 144 119 15 2.2
"56" "56" 1989-03-02 29.81 "DEN" "" "HOU" "W" 10 1 27 0.475 0.4 0 13.3 7.1 0 3.5 0 13.7 22.9 86 99 5.1 -6.7
"57" "57" 1989-03-04 29.82 "DEN" "@" "SAS" "L" -17 1 17 0.4 0.4 0 6.7 2.9 0 2.7 6.4 28.6 15.3 61 100 -0.4 -10.4
"58" "58" 1989-03-06 29.82 "DEN" "@" "DET" "L" -17 1 36 0.578 0.417 10.7 27.3 18.4 0 1.3 1.7 5.2 22.6 124 121 17.6 -0.2
"59" "59" 1989-03-08 29.83 "DEN" "@" "CHH" "W" 13 1 30 0.605 0.571 0 22.4 11.4 0 0 3.8 28.7 14.4 79 96 4.2 -8.1
"60" "60" 1989-03-10 29.83 "DEN" "@" "MIA" "L" -1 1 50 0.601 0.563 11.8 40.9 23.8 10.4 3.9 2.6 13.1 19.9 119 103 25.1 2.6
"61" "61" 1989-03-12 29.84 "DEN" "@" "BOS" "L" -6 1 41 0.762 0.75 5.2 29.3 16.5 12.6 0 1.4 17.2 17.5 126 118 19.9 3.3
"62" "62" 1989-03-14 29.84 "DEN" "" "CHH" "W" 23 1 20 0.816 0.778 5.7 18.8 12.9 28.9 2.3 5.5 0 22 180 92 21.8 23.3
"63" "63" 1989-03-16 29.85 "DEN" "" "SAS" "W" 17 1 23 0.735 0.625 15.2 16.1 15.6 0 5.6 4.5 8.9 17.2 148 82 16.8 6.9
"64" "64" 1989-03-18 29.85 "DEN" "" "MIA" "W" 6 1 28 0.421 0.364 8 27.1 16.9 14.2 1.7 2.6 14.4 20.3 93 103 6.9 -6.9
"65" "65" 1989-03-24 29.87 "DEN" "@" "DAL" "W" 9 0 17 0.893 0.833 19.3 27.5 23.3 10.1 2.9 0 0 23.7 192 105 17.8 19.4
"66" "66" 1989-03-25 29.87 "DEN" "@" "UTA" "L" -22 0 21 0.599 0.444 9 31.7 18.4 0 0 0 13.8 29 111 111 9.6 1.8
"67" "67" 1989-04-01 29.89 "DEN" "" "LAL" "W" 6 0 33 0.448 0.364 2.8 19.3 10.5 4.3 1.4 0 17.1 21.8 81 95 4.5 -6.7
"68" "68" 1989-04-04 29.9 "DEN" "" "SAC" "W" 4 0 25 0.568 0.455 12.8 19.2 16.2 5.3 0 4.5 11.8 26.5 115 113 12.2 -3.9
"69" "69" 1989-04-06 29.91 "DEN" "" "IND" "W" 14 0 14 0.885 0 0 23.9 11.6 0 0 0 18.1 14.8 162 108 5.6 -1.4
"70" "70" 1989-04-08 29.91 "DEN" "" "UTA" "W" 4 0 23 0.693 0.444 4.3 23.9 12.6 0 0 0 16.5 31.6 125 108 13.2 2.1
"71" "71" 1989-04-09 29.92 "DEN" "@" "POR" "L" -6 0 30 0.425 0.4 0 24.2 12 7.3 0 0 40.5 13 56 107 0.1 -10.8
"72" "72" 1989-04-12 29.92 "DEN" "@" "UTA" "L" -5 0 24 0.558 0.5 7.1 21.1 12.8 6.3 0 5.6 15.7 21.1 103 103 8 -0.7
"73" "73" 1989-04-13 29.93 "DEN" "@" "SAC" "L" -9 1 22 0.491 0.444 3.7 26.6 13.1 0 0 0 0 19.9 107 117 5.7 -7
"74" "74" 1989-04-15 29.93 "DEN" "@" "SEA" "L" -33 0 17 0.307 0.25 11.1 17.6 14.3 16.5 0 0 45 20.7 52 126 -0.9 -13.9
"75" "75" 1989-04-18 29.94 "DEN" "@" "LAL" "L" -24 1 21 0.788 0.875 18.4 0 11.8 0 0 0 10.1 16.6 136 136 10.9 -2.2
"76" "76" 1989-04-20 29.95 "DEN" "" "SAS" "W" 23 1 17 0.633 0.6 5.2 21.3 13.2 6.1 4.7 2.8 38.8 19.5 81 87 5.8 -3.3
"1" "1" 1989-11-03 30.48 "DEN" "@" "UTA" "L" -9 1 32 0.505 0.3 3 26.5 12.5 8 4 5.8 6.3 18.7 107 99 15.6 6.6
"2" "2" 1989-11-04 30.49 "DEN" "" "PHO" "W" 3 1 12 0.931 1 0 23.5 10.3 9.5 0 5.7 0 12.3 194 124 6.8 6.7
"3" "3" 1989-11-08 30.5 "DEN" "" "SAC" "W" 18 1 24 0.394 0.375 14.8 37.2 24.7 5 3.8 3 18.4 16.7 85 71 7.2 -1.8
"4" "4" 1989-11-09 30.5 "DEN" "@" "HOU" "W" 1 1 22 0.658 0.583 12.2 13.6 12.9 0 2 0 11.1 31.6 122 105 14.6 2.7
"5" "5" 1989-11-11 30.51 "DEN" "@" "SAS" "L" -14 1 16 0.167 0.167 10.5 14.6 12.2 8.6 0 0 14.3 15.5 53 111 -2.1 -14.8
"6" "6" 1989-11-14 30.52 "DEN" "@" "LAC" "L" -8 1 39 0.483 0.333 7.7 15.7 11.7 6.3 3.3 4 20.5 19 92 110 11.8 -4.6
"7" "7" 1989-11-15 30.52 "DEN" "" "WSB" "W" 11 1 14 0.333 0.333 5.4 16.7 9.9 8.2 0 4.2 0 8 99 94 1.4 -6.5
"8" "8" 1989-11-17 30.52 "DEN" "@" "LAL" "L" -14 1 16 0.17 0.2 15.8 23.7 18.9 24.3 0 3.8 14.5 16.2 68 118 1.3 -6.3
"9" "9" 1989-11-24 30.54 "DEN" "" "SEA" "W" 13 0 7 0.665 0.5 0 16.3 8.7 0 0 0 21 28.6 108 110 2.5 -6.5
"10" "10" 1989-11-30 30.56 "DEN" "" "MIL" "W" 1 0 12 0.532 0 0 10.5 4.9 19.5 4.3 0 0 6.8 152 107 1.6 -3.7
"11" "11" 1989-12-02 30.56 "DEN" "" "POR" "W" 33 0 15 0.84 0.667 17.8 25.6 22.3 0 0 3.3 17.4 14.3 154 98 6.6 -2.3
"12" "12" 1989-12-05 30.57 "DEN" "@" "CHI" "L" -20 0 2 0 0 0 50 24 0 0 26.1 50 39.7 0 90 -0.7 -27.4
"13" "13" 1990-01-20 30.7 "DEN" "" "SAS" "W" 27 0 11 0.984 1 9.5 32.9 22 20.2 7.9 14.4 28.2 23.9 147 62 13.2 27.2
"14" "14" 1990-01-22 30.7 "DEN" "@" "HOU" "L" -12 0 23 0.665 0.429 8 8.9 8.4 0 2 0 16 21.2 123 111 10.9 1.8
"15" "15" 1990-01-27 30.72 "DEN" "" "NYK" "L" -14 0 18 0.085 0 11.9 28.8 19.5 7.4 5.4 3.5 33.8 20.8 31 98 -1.5 -15.6
"16" "16" 1990-02-01 30.73 "DEN" "" "NJN" "W" 11 0 18 0.41 0.25 5.2 30.2 17.9 0 0 0 0 10.1 103 95 2.5 -8.4
"17" "17" 1990-02-04 30.74 "DEN" "" "ATL" "W" 12 0 25 0.541 0.429 9.4 9.6 9.5 12.2 1.9 0 0 13.8 143 115 9.2 1.3
"18" "18" 1990-02-06 30.75 "DEN" "" "IND" "L" -8 0 34 0.564 0.45 10.9 22.3 15.2 11.1 2.7 4.2 7.5 30.1 120 111 24.2 8
"19" "19" 1990-02-08 30.75 "DEN" "" "CHI" "W" 25 0 23 0.714 0.714 12.3 4.3 7.6 4.7 0 0 12.5 15.1 127 100 6.9 -3.2
"20" "20" 1990-02-13 30.76 "DEN" "@" "DET" "L" -10 0 24 0.955 1 4.3 9.1 6.7 13.3 2 2.4 25.8 14.5 138 106 10.2 5.9
"21" "21" 1990-02-14 30.77 "DEN" "@" "MIL" "L" -10 0 14 0.205 0 6 21.9 13.2 0 3 7.6 0 12.3 64 101 2.8 -5.8
"22" "22" 1990-02-16 30.77 "DEN" "@" "CHH" "L" -6 0 23 0.753 0.5 17.4 17.9 17.6 6.2 0 0 37.6 18.2 109 118 6 -8.4
"23" "23" 1990-02-17 30.78 "DEN" "@" "NJN" "W" 9 0 13 1.064 1 0 14.2 7.7 0 0 0 0 5.8 226 108 3.5 -0.8
"24" "24" 1990-02-21 30.79 "DEN" "" "LAL" "L" -2 0 24 0.558 0.4 7 12.5 9 5.3 0 0 10 15.9 118 120 6.2 -4.5
"25" "25" 1990-02-23 30.79 "DEN" "" "LAC" "W" 9 0 22 0.784 0.667 10.6 10.1 10.4 0 2.2 2.7 0 25.7 169 108 18 7.9
"26" "26" 1990-02-25 30.8 "DEN" "" "BOS" "L" -8 0 28 0.71 0.727 9.5 13.2 11.1 17 1.7 2.4 12.4 23.6 129 116 18.3 8.7
"27" "27" 1990-02-27 30.8 "DEN" "@" "PHO" "L" -19 0 22 0.666 0.625 4.1 26.6 13.9 13.2 2.1 2.5 9.3 19.4 125 109 11.3 4.1
"28" "28" 1990-03-01 30.81 "DEN" "" "CLE" "W" 6 1 34 0.581 0.467 0 32.6 16.5 7 1.4 0 0 22.1 127 118 16 -1.9
"29" "29" 1990-03-03 30.81 "DEN" "" "DAL" "W" 17 1 26 0.604 0.556 23.6 30.8 27 0 1.9 2.5 39.4 27.5 82 86 7.7 -7.4
"30" "30" 1990-03-06 30.82 "DEN" "" "CHH" "W" 26 1 27 1.049 1 11.3 35.6 23.2 4.7 1.7 6.8 0 15.7 219 84 28.7 19.5
"31" "31" 1990-03-07 30.82 "DEN" "@" "MIN" "W" 13 1 33 0.668 0.571 22.4 23 22.7 0 1.6 1.7 0 23.8 152 75 24.4 14.5
"32" "32" 1990-03-10 30.83 "DEN" "@" "SAS" "L" -7 1 27 0.738 0.5 3.8 19.8 12.3 19 0 0 22.8 20.1 128 108 11.7 2.7
"33" "33" 1990-03-11 30.84 "DEN" "" "UTA" "L" -1 1 22 0.5 0.5 5.6 11.2 8.4 0 0 0 20 10.2 89 120 0.3 -11.3
"34" "34" 1990-03-13 30.84 "DEN" "" "HOU" "W" 3 1 18 0.798 0.5 14.5 12.1 13.5 6.6 2.3 0 21 9.5 149 100 6.8 0.1
"35" "35" 1990-03-14 30.84 "DEN" "@" "PHO" "L" -30 1 32 0.697 0.667 8 18.8 11.9 9.1 5.5 0 21.8 15.8 116 120 14.8 2.8
"36" "36" 1990-03-16 30.85 "DEN" "@" "DAL" "L" -7 1 22 0.532 0 3.9 21.8 11.4 0 2.2 0 0 7.1 132 103 3.9 -5.2
"37" "37" 1990-03-18 30.85 "DEN" "" "MIN" "W" 5 1 31 0.613 0 6.7 38.7 22.4 4.1 0 0 0 9.1 158 101 9.7 1.1
"38" "38" 1990-03-20 30.86 "DEN" "" "LAC" "W" 7 1 24 0.5 0.5 17.8 28.6 23 4.4 3.8 6.8 33.3 4.9 118 96 7.8 -0.5
"39" "39" 1990-03-22 30.87 "DEN" "@" "SEA" "L" -7 1 28 0.608 0.375 11.2 25.7 17.9 0 0 1.9 14.8 19.6 121 122 10.2 -4.1
"40" "40" 1990-03-24 30.87 "DEN" "" "POR" "L" -14 1 22 0.579 0.556 12.8 12.1 12.5 5.6 2 2.4 14.2 23.4 113 129 9.6 -3.5
"41" "41" 1990-03-26 30.88 "DEN" "@" "ATL" "L" -11 1 38 0.551 0.5 12.3 16.2 14.2 0 0 0 15.5 14 106 116 7.3 -5.6
"42" "42" 1990-03-28 30.88 "DEN" "@" "WSB" "L" -14 0 31 0.446 0.286 10 18.4 13.4 0 1.4 1.7 28.4 16.4 78 104 5.7 -7.7
"43" "43" 1990-03-30 30.89 "DEN" "@" "PHI" "L" -18 0 17 0.773 0.667 10.9 6.4 8.8 12.7 0 0 20.5 10.3 140 133 5.6 -3.7
"44" "44" 1990-03-31 30.89 "DEN" "@" "NYK" "W" 3 0 23 0.694 0.571 0 28.1 12.8 16.6 0 7.2 9 17.1 140 101 14 8.5
"45" "45" 1990-04-04 30.9 "DEN" "" "CHH" "L" -4 0 18 0.673 0.333 5.9 17.4 11.7 0 2.5 2.9 16.1 13.7 128 105 6.8 -0.6
"46" "46" 1990-04-06 30.91 "DEN" "" "SEA" "W" 16 0 12 0.5 0.5 29.6 9.3 20.6 20.5 0 4.8 0 18.9 139 100 6.2 3.3
"47" "47" 1990-04-08 30.91 "DEN" "" "LAL" "L" -7 0 26 0.581 0.5 8.2 17.2 12.6 4.9 0 0 22.5 13.7 104 117 4.3 -5.2
"48" "48" 1990-04-10 30.92 "DEN" "@" "SAC" "W" 8 0 20 0.868 0.833 9.1 22.3 15 8.6 0 0 10.4 18.6 161 112 13.1 5.6
"49" "49" 1990-04-12 30.92 "DEN" "@" "SEA" "L" -10 0 21 0.683 0.5 10.9 34.8 23.4 0 0 5.2 0 19.4 154 103 13.7 9.5
"50" "50" 1990-04-14 30.93 "DEN" "@" "POR" "W" 9 0 32 0.59 0.4 15.3 33.7 24.5 7.1 1.3 0 12.2 18.5 126 105 16.8 1
"51" "51" 1990-04-17 30.94 "DEN" "@" "MIN" "W" 10 0 25 0.41 0.25 9.4 32.7 21.8 15.5 0 0 17 10.2 105 90 4.9 -1.7
"52" "52" 1990-04-19 30.94 "DEN" "@" "HOU" "W" 3 0 35 0.722 0.625 17.5 10.8 14.5 3.6 1.3 4.9 21.3 16.4 129 110 16.3 1.4
"53" "53" 1990-04-20 30.95 "DEN" "" "SAS" "L" -4 0 16 0.769 0.667 0 19.4 10.9 7.9 2.8 0 0 12.6 167 99 7.6 5.5
"1" "1" 1990-11-02 31.48 "MIL" "@" "DET" "L" -11 0 12 0.266 0 0 10.3 5 0 0 0 61.5 17.7 21 127 -4.8 -27.5
"2" "2" 1990-11-03 31.48 "MIL" "" "MIN" "W" 18 0 18 0.387 0.333 9.5 13.3 11.8 12.3 0 9.6 20.5 12.3 93 97 3.5 -1.1
"3" "3" 1990-11-06 31.49 "MIL" "@" "MIA" "W" 12 0 13 0.333 0.333 17.6 12.7 14.8 0 6.7 0 25 12.2 74 80 2.9 -4.4
"4" "4" 1990-11-08 31.5 "MIL" "" "PHI" "W" 30 0 19 0.635 0.571 14 25.9 20.2 16.2 0 3.4 11.3 18.4 138 105 10.7 4.4
"5" "5" 1990-11-09 31.5 "MIL" "@" "WSB" "W" 8 0 15 0.595 0.6 17.3 28.2 22.5 0 0 9.1 14.5 19.5 115 98 6.2 2.5
"6" "6" 1990-11-13 31.51 "MIL" "" "BOS" "W" 28 0 19 0.532 0 5.2 19.4 12.5 0 0 0 34.7 6 92 91 0.6 -11.1
"7" "7" 1990-11-14 31.52 "MIL" "@" "NJN" "L" -17 0 25 0.676 0.625 16.6 4.2 11.1 0 0 0 18.4 16.2 127 123 8.6 -2.5
"8" "8" 1990-11-16 31.52 "MIL" "@" "CLE" "L" -5 0 20 0.4 0.4 12.2 38.7 21.3 7.4 0 0 16.7 23.9 84 108 4.5 -5.7
"9" "9" 1990-11-17 31.52 "MIL" "" "NJN" "W" 12 0 20 0.571 0.429 11.2 16.4 13.8 0 4.7 3.1 10.2 19.4 122 89 8.3 1.1
"10" "10" 1990-11-19 31.53 "MIL" "" "UTA" "W" 10 0 15 0.532 0.5 7.3 10.3 8.5 8 3.2 0 0 10.8 129 106 4.1 -0.9
"11" "11" 1990-11-21 31.53 "MIL" "" "ATL" "W" 12 0 14 0.332 0 13.4 18.4 16 0 0 4.1 0 20 95 89 4 -3.6
"12" "12" 1990-11-24 31.54 "MIL" "@" "NYK" "W" 10 0 24 0.41 0.25 11.8 16.2 14.1 0 0 0 17 10.8 96 109 1.3 -9.3
"13" "13" 1990-11-27 31.55 "MIL" "" "IND" "W" 14 0 23 0.571 0.571 0 10.4 5 0 2.1 6 12.5 14.7 95 97 4.7 -3.3
"14" "14" 1990-11-28 31.55 "MIL" "@" "CHH" "L" -7 0 13 0.75 0.75 9.7 10.2 9.9 0 0 5.2 20 16.5 114 119 4.3 -1.4
"15" "15" 1990-11-30 31.56 "MIL" "" "NYK" "W" 6 0 22 0.763 0.6 12.8 36.4 25.8 12.7 0 2.9 19 21.3 136 96 12.3 6.4
"16" "16" 1990-12-02 31.56 "MIL" "@" "IND" "L" -4 0 13 0.727 0.667 19.4 7.7 12.9 0 0 0 0 11.4 159 117 5 1.7
"17" "17" 1990-12-04 31.57 "MIL" "@" "PHI" "L" -1 0 21 0.571 0.571 5.9 30.9 19.2 7.9 2.5 3 22.2 19.7 91 98 6.8 0.7
"18" "18" 1990-12-05 31.57 "MIL" "" "CLE" "W" 4 0 16 0.615 0.5 7.7 0 3.9 0 3.2 0 17 16 115 106 4.7 -0.3
"19" "19" 1990-12-07 31.58 "MIL" "@" "ATL" "W" 1 0 21 0.667 0.667 5.9 16.7 11.4 6.5 0 0 0 6.2 158 116 3 -3.9
"20" "20" 1990-12-09 31.58 "MIL" "" "SEA" "W" 6 0 28 0.784 0.5 5.7 20.9 14.5 0 1.8 2.2 15.6 21.2 145 106 14.7 2.6
"21" "21" 1990-12-11 31.59 "MIL" "" "CHI" "W" 12 0 24 0.75 0.75 9.8 23.5 16 6.1 2.2 2.7 20 9.3 130 95 7.2 3.5
"22" "22" 1990-12-12 31.59 "MIL" "@" "BOS" "L" -18 0 20 0.712 0.6 10.2 8.6 9.6 0 0 0 24 17.5 119 145 6 -5.4
"23" "23" 1990-12-15 31.6 "MIL" "" "LAC" "W" 6 0 12 0.515 0.333 0 8.5 4.8 0 0 0 0 16.1 110 106 1.4 -9.6
"24" "24" 1990-12-18 31.61 "MIL" "" "DET" "W" 5 0 25 0.753 0.5 5.3 20.2 14.5 11.6 2.1 0 0 12.3 177 104 11.7 9
"25" "25" 1990-12-21 31.62 "MIL" "@" "DAL" "L" -14 0 21 0.671 0.667 5.6 24.7 14.7 17.7 0 5.9 0 18.5 144 114 11.5 9.6
"26" "26" 1990-12-22 31.62 "MIL" "@" "SAS" "W" 16 0 23 0.563 0.5 33.7 21.4 26.8 12.4 4.9 0 18.4 23.3 124 104 10.1 0.1
"27" "27" 1990-12-26 31.63 "MIL" "" "GSW" "W" 7 0 16 0.41 0.25 15.4 26.7 21.4 0 0 3.8 0 12 123 111 3.7 -4.8
"28" "28" 1990-12-29 31.64 "MIL" "@" "NYK" "W" 9 0 25 0.51 0.4 16 14.4 15.2 5.2 2.1 0 0 10.7 140 109 6 -1.9
"29" "29" 1990-12-30 31.64 "MIL" "" "POR" "W" 5 0 19 0.532 0 18 28.1 22.7 13 0 0 26.2 17.1 115 120 5 -4.9
"30" "30" 1991-01-02 31.65 "MIL" "@" "CHH" "W" 15 0 21 0.59 0.5 6.7 35.2 21.9 6.4 2.5 0 24.4 26 98 94 6.2 -5.6
"31" "31" 1991-01-03 31.65 "MIL" "" "DAL" "W" 10 0 19 1.042 1 13.7 7.7 10.8 19.7 0 0 58.1 8.5 115 106 3.7 -0.1
"32" "32" 1991-01-05 31.66 "MIL" "" "PHO" "W" 2 0 24 1.087 1 4.9 17.1 10.5 6.7 0 0 26.6 7.4 165 107 7 3.8
"33" "33" 1991-01-08 31.67 "MIL" "" "WSB" "W" 3 0 18 0.333 0.333 7 7.6 7.3 0 0 0 0 15.1 79 111 1.2 -10
"34" "34" 1991-01-09 31.67 "MIL" "@" "BOS" "L" -8 0 22 0.598 0.429 11.1 29.8 19.1 0 0 2.7 0 16.5 148 112 11.5 5.7
"35" "35" 1991-01-11 31.67 "MIL" "" "PHI" "L" -15 0 21 0.694 0.5 0 19 9.4 16.1 4.6 0 25.8 8 125 115 5.8 2.6
"36" "36" 1991-01-12 31.68 "MIL" "@" "IND" "L" -8 0 10 1.136 NA 11.2 16.6 13.3 0 0 0 69.4 11.8 82 120 -0.6 -13.9
"37" "37" 1991-01-14 31.68 "MIL" "@" "CHI" "L" -13 0 37 0.727 0.667 14.8 7.4 11.1 16.9 4.3 0 0 17.4 161 119 22.4 11.7
"38" "38" 1991-01-16 31.69 "MIL" "" "IND" "W" 7 0 28 0.694 0.556 12.9 38.1 24.8 4.3 0 2.6 0 18.9 165 117 17.6 5.2
"39" "39" 1991-01-18 31.69 "MIL" "" "ORL" "W" 19 0 23 0.81 0.667 11.3 31.3 21.7 6 2.1 0 25.8 20.9 128 103 10.9 -0.7
"40" "40" 1991-01-20 31.7 "MIL" "@" "POR" "L" -4 0 33 0.968 1 18.6 25.7 21.9 7.8 0 2.2 32.6 11.5 138 116 12.8 4
"41" "41" 1991-01-22 31.7 "MIL" "@" "SEA" "L" -31 0 25 0.82 0.75 0 5.1 2.6 6.1 5.4 2.3 29.1 11.6 114 119 8.3 2.9
"42" "42" 1991-01-23 31.71 "MIL" "@" "SAC" "L" -4 0 29 0.637 0.5 4.7 36.2 19.8 0 1.9 0 0 16.1 142 103 10.8 1.2
"43" "43" 1991-01-25 31.71 "MIL" "@" "GSW" "L" -29 0 34 0.753 0.6 30 11.1 21.6 6.3 4.3 0 23.1 25.3 129 123 25 8.4
"44" "44" 1991-01-26 31.72 "MIL" "@" "LAC" "L" -1 0 33 0.581 0.556 6.8 20.3 13.5 5.1 1.6 1.7 22.5 17.4 98 103 8.3 -1.3
"45" "45" 1991-01-29 31.72 "MIL" "" "DEN" "L" -4 1 29 0.228 0 9.5 22.3 15.9 0 0 3.6 31.3 16.1 51 115 -0.9 -16.9
"46" "46" 1991-02-01 31.73 "MIL" "" "SAC" "W" 5 1 37 0.598 0.5 6.2 20.9 12.4 0 0 1.9 0 8.6 142 117 8.2 -1.9
"47" "47" 1991-02-03 31.74 "MIL" "" "CHH" "W" 9 1 38 0.548 0.417 5.6 29.9 16.7 14.2 1.3 1.7 0 16.5 135 109 16.8 2.3
"48" "48" 1991-02-04 31.74 "MIL" "@" "CLE" "W" 7 1 34 0.368 0.3 14.4 17.6 15.9 0 1.5 3.6 8.4 14.9 94 101 7 -7.9
"49" "49" 1991-02-06 31.75 "MIL" "" "HOU" "L" -2 1 40 0.615 0.5 8.6 8.2 8.3 2.7 0 0 17 7.2 126 128 3.6 -8.6
"50" "50" 1991-02-14 31.77 "MIL" "" "DET" "L" -8 1 31 0.778 0.714 4.8 19 13.4 0 0 3.4 9.4 17 144 115 13.4 4.5
"51" "51" 1991-02-15 31.77 "MIL" "@" "CHH" "W" 3 1 39 0.727 0.667 10.5 25 18.5 11.3 1.3 1.7 12.7 17.6 138 94 18.7 6.8
"52" "52" 1991-02-17 31.78 "MIL" "@" "ORL" "W" 8 1 43 0.561 0.412 6.7 13.7 10.2 4.5 1.2 4 7.9 23.7 120 99 20.2 2.5
"53" "53" 1991-02-19 31.78 "MIL" "" "MIA" "W" 26 1 32 0.804 0.778 9.6 15 11.7 13 4.8 0 0 15 174 94 21 11
"54" "54" 1991-02-21 31.79 "MIL" "@" "HOU" "L" -2 1 35 0.581 0.5 3 21.3 12.1 4 0 0 12.7 9.9 111 100 6.7 -3
"55" "55" 1991-02-23 31.79 "MIL" "" "CLE" "W" 15 1 38 0.688 0.632 12.6 30.6 20.8 14.9 2.5 1.8 0 24.4 151 99 31.6 11.6
"56" "56" 1991-02-26 31.8 "MIL" "@" "MIA" "W" 13 1 36 0.752 0.643 11.1 19 15 12.9 1.3 0 0 22.1 170 109 27.9 9.2
"57" "57" 1991-02-28 31.81 "MIL" "@" "NJN" "L" -5 1 31 0.291 0.167 3.9 13.2 8.9 8.3 3.4 10.3 22.5 12.5 67 100 5.4 -0.7
"58" "58" 1991-03-01 31.81 "MIL" "" "WSB" "W" 1 1 36 0.692 0.625 13 27.4 20 8 2.7 1.6 17.9 19.8 125 103 18.5 3.3
"59" "59" 1991-03-03 31.81 "MIL" "" "ATL" "L" -9 1 41 0.573 0.529 10.9 13.6 12.3 7 0 1.6 8.7 23.8 116 119 16.5 -1.1
"60" "60" 1991-03-05 31.82 "MIL" "@" "CHI" "L" -18 1 40 0.33 0.273 12.8 21 16.6 3.9 1.3 1.5 37 22.9 54 109 -0.7 -13
"61" "61" 1991-03-07 31.82 "MIL" "" "LAL" "W" 5 1 38 0.509 0.5 7.7 31.6 18.5 4.3 0 0 4.6 24.5 109 104 14.8 -1.1
"62" "62" 1991-03-09 31.83 "MIL" "" "CHH" "L" -9 1 38 0.507 0.5 9.7 30.5 17.2 0 4.1 1.7 18.4 23.8 90 106 12.6 -3
"63" "63" 1991-03-11 31.84 "MIL" "@" "DET" "W" 11 1 37 0.799 0.75 16.6 18 17.3 5.1 0 0 0 18.4 169 101 20.9 8.1
"64" "64" 1991-03-13 31.84 "MIL" "" "CHI" "L" -1 1 45 0.759 0.667 8.9 28.1 18.7 10.5 0 1.4 19.3 15.8 133 114 18.8 4.6
"65" "65" 1991-03-14 31.84 "MIL" "@" "CLE" "L" -2 1 35 0.524 0.4 3 32.5 16.3 11.3 1.5 1.8 11.6 10.7 114 108 9.1 -2.7
"66" "66" 1991-03-17 31.85 "MIL" "" "NYK" "W" 1 1 34 0.284 0.182 7.3 14.6 9.7 4 0 2.2 0 15.2 87 113 4.1 -8.4
"67" "67" 1991-03-19 31.86 "MIL" "" "MIA" "W" 13 1 25 0.509 0.5 4.7 32 18.5 10.9 0 2.7 12.7 14.2 99 90 5.9 -4
"68" "68" 1991-03-22 31.87 "MIL" "@" "LAL" "W" 7 1 29 0.305 0.167 0 23.6 11.7 4.3 0 0 0 13.1 74 104 2.2 -7.2
"69" "69" 1991-03-23 31.87 "MIL" "@" "DEN" "W" 4 1 37 0.741 0.667 3.8 21.3 13.5 3.7 1.2 1.9 20.5 21.7 118 114 18.2 -0.6
"70" "70" 1991-03-25 31.87 "MIL" "@" "UTA" "L" -11 1 37 0.505 0.455 3 3.8 3.4 3.8 0 0 14.4 17.3 93 127 4.4 -9.1
"71" "71" 1991-03-28 31.88 "MIL" "@" "PHO" "L" -14 1 34 0.34 0.3 3.6 8.8 6.5 9.5 0 0 7.8 16.6 77 109 3 -3.1
"72" "72" 1991-03-30 31.89 "MIL" "" "ATL" "W" 8 1 33 0.5 0.5 9.7 19 14.4 7.8 1.6 2.2 0 10.8 126 103 9.8 -0.7
"73" "73" 1991-04-02 31.9 "MIL" "@" "PHI" "W" 17 1 26 0.603 0.571 9.2 30.8 18.5 19.3 0 5.9 0 24.4 148 106 17.9 7
"74" "74" 1991-04-04 31.9 "MIL" "" "SAS" "L" -4 1 31 0.298 0.2 0 12.9 5.4 9.4 0 2 0 16.3 75 115 1 -10.7
"75" "75" 1991-04-06 31.91 "MIL" "" "NJN" "W" 19 1 28 0.667 0.667 0 12.9 6.9 3.5 1.6 2.1 40 7.1 81 111 2 -6.4
"76" "76" 1991-04-09 31.92 "MIL" "" "DET" "W" 10 1 37 0.576 0.538 3.7 7 5.4 13 1.4 1.8 12.6 20 108 103 11.2 -0.1
"77" "77" 1991-04-11 31.92 "MIL" "" "BOS" "W" 19 1 31 0.363 0.333 4.4 20.9 12.9 7.8 3.2 0 0 9.7 100 95 5.2 -2.9
"78" "78" 1991-04-13 31.93 "MIL" "@" "ATL" "L" -6 1 27 0.508 0.429 8.3 32.7 19.8 0 0 2.5 0 13.3 116 103 6.9 -2.7
"79" "79" 1991-04-15 31.93 "MIL" "@" "CHI" "L" -9 1 37 0.563 0.5 7 13 9.7 0 0 2 10.1 12.4 115 118 6.8 -2.2
"80" "80" 1991-04-16 31.93 "MIL" "@" "WSB" "L" -6 1 34 0.715 0.615 19.1 27.1 23 0 1.5 5.4 11.1 23.5 140 104 24 10.7
"81" "81" 1991-04-19 31.94 "MIL" "@" "MIN" "L" -18 1 32 0.2 0.2 3.8 18.8 11.3 9.1 0 0 0 13.8 65 117 0.6 -10.2
"82" "82" 1991-04-20 31.95 "MIL" "" "IND" "W" 33 1 10 0.644 0.667 0 20.9 10.9 0 0 0 0 15.6 132 99 2.3 -7.3
"1" "1" 1991-11-01 32.48 "MIL" "@" "DET" "W" 10 0 16 0.188 0.25 25.5 0 13.5 0 0 4.1 15.8 15.3 62 110 -0.3 -13.1
"2" "2" 1991-11-02 32.48 "MIL" "" "CHI" "W" 2 0 19 0.82 0.75 8.7 21.7 15.8 6.9 2.9 0 17 14 148 118 7.5 5.6
"3" "3" 1991-11-05 32.49 "MIL" "@" "NYK" "L" -28 0 20 0.387 0.333 0 20.4 10.4 8.1 2.5 0 20.5 10.7 70 110 0.8 -6.2
"4" "4" 1991-11-06 32.49 "MIL" "" "GSW" "L" -6 0 12 0.87 0.8 37.2 9.5 23.5 13.3 0 5.1 32.2 28.6 121 120 10.2 9
"5" "5" 1991-11-08 32.5 "MIL" "@" "CHH" "W" 3 0 27 0.25 0.25 0 18.7 9.7 4.1 3.4 0 11.1 13.7 54 103 2.1 -7.4
"6" "6" 1991-11-09 32.5 "MIL" "" "DAL" "W" 16 0 15 0.51 0.4 0 25.3 14.3 0 6.8 0 0 17.5 117 91 4.6 -1.1
"7" "7" 1991-11-11 32.51 "MIL" "@" "PHI" "L" -3 0 17 0.694 0.5 20.2 21.7 20.9 19.2 0 4.5 14.8 16.8 143 112 8.5 4.2
"8" "8" 1991-11-12 32.51 "MIL" "@" "CLE" "L" -6 0 11 0.333 0.333 0 15 5.6 0 4.3 0 0 10.3 84 116 0.8 -10.3
"9" "9" 1991-11-15 32.52 "MIL" "@" "CHI" "L" -13 0 20 0.683 0.5 25.3 8 17.6 0 0 0 0 20.8 157 126 11.5 3.2
"10" "10" 1991-11-16 32.52 "MIL" "" "MIA" "L" -4 0 16 0.518 0.4 14.1 22.1 18 19.9 3.2 0 22.8 22.3 103 111 5.4 -3
"11" "11" 1991-11-19 32.53 "MIL" "" "CHH" "W" 23 0 16 0.436 0.333 7.3 5.5 6.3 23.5 0 6.1 46.6 15.7 81 103 2.7 -2.6
"12" "12" 1991-11-21 32.53 "MIL" "" "WSB" "W" 25 0 20 0.68 0.8 14.4 28.8 21.6 0 0 0 14.5 13.2 115 89 7 -2.5
"13" "13" 1991-11-23 32.54 "MIL" "@" "GSW" "L" -5 0 14 0.6 0.6 12.2 0 5.9 9.9 0 5.4 16.7 19.7 117 130 4.8 1.6
"14" "14" 1991-11-24 32.54 "MIL" "@" "LAL" "L" -5 0 10 NA NA 0 26.7 13.2 12 0 0 NA 0 210 119 -0.7 -10
"15" "15" 1991-11-26 32.55 "MIL" "@" "POR" "L" -9 0 28 0.514 0.429 8.2 30.8 19.1 6 3.6 0 18.6 15.9 99 94 8.7 3.4
"16" "16" 1991-11-30 32.56 "MIL" "" "IND" "W" 18 1 27 0.789 0.727 4.7 26 15.8 4.7 3.4 2.3 11.2 26.1 145 107 22 6.5
"17" "17" 1991-12-03 32.57 "MIL" "" "LAL" "W" 32 1 24 0.506 0.444 13.3 4.9 8.5 0 2.2 0 9.2 19.4 124 107 5.8 -7.5
"18" "18" 1991-12-05 32.57 "MIL" "" "NJN" "L" -8 1 21 0.376 0.25 0 5.1 2.4 0 0 0 0 17.6 95 119 2.1 -10.1
"19" "19" 1991-12-06 32.58 "MIL" "@" "IND" "L" -20 1 9 0.315 0 0 23.2 11.1 13.3 0 0 17.4 23.4 73 118 -0.4 -17.9
"20" "20" 1991-12-08 32.58 "MIL" "" "SAS" "W" 19 0 17 0.74 0.8 13.1 13.4 13.3 12.4 0 0 0 16.1 156 92 8.8 6.2
"21" "21" 1991-12-10 32.59 "MIL" "@" "ATL" "L" -14 0 11 0.521 0.5 0 30.4 15.8 11.9 4.7 0 25.8 14.9 90 112 2.8 -0.6
"22" "22" 1991-12-12 32.59 "MIL" "@" "WSB" "W" 12 0 15 0.17 0 13.1 14.5 13.8 0 3.3 0 0 16.3 66 98 -0.1 -16.7
"23" "23" 1991-12-14 32.6 "MIL" "" "MIN" "W" 11 0 11 0.258 0 10.4 8.6 9.4 0 0 5.3 34 23.2 50 101 -0.8 -18.2
"24" "24" 1991-12-18 32.61 "MIL" "@" "BOS" "L" -14 0 17 0 0 0 8.8 3.8 11.8 0 3.5 0 2.6 92 139 1.3 -4.9
"25" "25" 1991-12-19 32.61 "MIL" "@" "ORL" "W" 8 0 21 0.347 0 12.7 14.9 13.9 16.9 2.5 6.1 25.8 8.1 98 88 5.3 7.3
"26" "26" 1991-12-21 32.62 "MIL" "" "PHI" "W" 13 0 12 0.8 0.8 19.5 30 24.7 0 0 0 28.6 24.9 107 108 4.8 -4.7
"27" "27" 1991-12-26 32.63 "MIL" "" "CLE" "L" -17 0 14 0.388 0.333 7.6 33.4 19.9 11 0 0 13.4 22.7 84 115 2.4 -8
"28" "28" 1991-12-29 32.64 "MIL" "" "HOU" "W" 10 0 13 0 0 0 0 0 8.6 0 0 0 3.5 64 120 -0.4 -9.1
"29" "29" 1992-01-02 32.65 "MIL" "@" "MIN" "W" 1 0 15 0.571 0.571 19.6 36.6 26.7 0 0 4.2 11.3 25.7 112 98 7.9 3.2
"30" "30" 1992-01-03 32.65 "MIL" "" "CHI" "W" 5 0 23 0.644 0.667 11.6 25.3 18.1 5.5 2.3 0 11.4 17.5 130 117 8.7 1.1
"31" "31" 1992-01-08 32.67 "MIL" "" "UTA" "W" 1 0 15 0.615 0.5 8 24 16 0 0 0 29.1 18.9 92 99 2.4 -6.7
"32" "32" 1992-01-10 32.67 "MIL" "@" "NJN" "L" -7 0 16 0 0 13 14.6 13.8 8.1 0 7.9 0 7.9 58 117 0.8 -8.5
"33" "33" 1992-01-11 32.67 "MIL" "" "SAC" "L" -1 0 21 0.25 0.25 9.3 13.6 11.1 6.2 0 3.2 33.3 12.1 58 108 0.2 -11.2
"34" "34" 1992-01-14 32.68 "MIL" "@" "ATL" "L" -5 0 32 0.477 0.364 2.5 13.6 7.1 5.6 0 0 12.8 19.2 101 105 5.9 -4.4
"35" "35" 1992-01-15 32.68 "MIL" "@" "MIA" "L" -19 0 17 0.376 0.25 7.4 23.5 15.3 7.4 0 0 8.6 29 87 133 1.7 -18.4
"36" "36" 1992-01-17 32.69 "MIL" "" "NYK" "W" 5 0 15 0.347 0 7.4 20 14.1 0 0 0 25.8 11.6 72 97 1.2 -6.3
"37" "37" 1992-01-19 32.7 "MIL" "" "ORL" "W" 10 0 15 0.333 0.333 5.4 27.8 15.2 0 0 4.2 0 7.6 93 96 2.5 -5.6
"38" "38" 1992-01-21 32.7 "MIL" "@" "HOU" "L" -10 0 16 0.4 0.4 11.8 9.1 10.7 8.1 3.4 0 0 12.6 124 130 4.3 -4
"39" "39" 1992-01-22 32.7 "MIL" "@" "DAL" "L" -2 0 19 0.698 0.714 11.5 30.8 20.8 8.1 0 0 0 16.8 161 127 10.1 3.2
"40" "40" 1992-01-24 32.71 "MIL" "@" "SAS" "L" -29 0 18 0.347 0 0 32.5 13.2 15.2 2.6 6.6 41 10.8 56 103 3.5 -1.7
"41" "41" 1992-01-25 32.71 "MIL" "@" "DEN" "L" -7 0 10 0 0 0 11.3 5.5 0 0 5.9 0 18.4 0 106 -2.6 -22.4
"42" "42" 1992-01-29 32.72 "MIL" "" "ATL" "L" -10 0 17 0.34 0.2 10.5 6.1 8.5 0 0 0 14.5 16.8 78 117 0.8 -15
"43" "43" 1992-02-02 32.73 "MIL" "" "SEA" "W" 16 0 4 NA NA 0 0 0 0 0 0 NA 0 0 116 0 -7
"1" "1" 1992-11-06 33.49 "MIL" "@" "DET" "W" 5 0 3 NA NA 0 27.1 17 0 0 0 100 16.1 0 81 -0.7 -16.8
"2" "2" 1992-11-07 33.5 "MIL" "" "BOS" "W" 36 0 19 0.509 0.5 0 9.7 5.8 0 0 13.3 0 14.9 109 89 5.4 -2.3
"3" "3" 1992-11-10 33.5 "MIL" "@" "SAS" "L" -6 0 21 0.347 0 6.2 18 12.2 12.4 0 7 25.8 8 93 112 2.8 -1.9
"4" "4" 1992-11-11 33.51 "MIL" "@" "DAL" "W" 8 0 2 NA NA 0 0 0 0 0 0 NA 0 0 120 0 -5.8
"5" "5" 1992-11-13 33.51 "MIL" "" "CHI" "L" -5 0 8 0 0 0 13.6 6.3 0 0 0 33.3 14.8 0 104 -2.1 -18.7
"6" "6" 1992-11-15 33.52 "MIL" "" "DEN" "W" 17 1 16 0.712 0.6 0 35.3 18.4 8.8 0 0 13.7 17.5 130 88 6.6 0.5
"7" "7" 1992-11-17 33.52 "MIL" "@" "ATL" "W" 8 0 1 NA NA 0 0 0 0 0 0 NA 0 0 114 0 -4.7
"8" "8" 1992-11-21 33.53 "MIL" "" "IND" "W" 10 0 4 0.5 0.5 0 24 13.6 0 0 0 0 21 102 93 0.9 -5.3
"9" "9" 1992-11-27 33.55 "MIL" "@" "PHI" "W" 4 0 9 0.532 0 0 36.4 20.3 0 0 0 51.5 17.8 55 111 -0.2 -17.1
"10" "10" 1992-12-02 33.56 "MIL" "" "MIA" "W" 3 0 4 0 0 0 0 0 0 0 0 0 10.6 0 109 -0.7 -14.9
"11" "11" 1992-12-03 33.57 "MIL" "@" "WSB" "L" -18 0 11 0.543 0 9.5 14.5 11.5 13.6 4 5.8 42 16.6 80 100 2.9 -1
"12" "12" 1992-12-05 33.57 "MIL" "@" "NYK" "L" -13 0 26 0.488 0.333 7.9 9.2 8.5 14.8 2.1 2.2 26.8 19.3 93 125 6.2 -3.2
"13" "13" 1992-12-06 33.58 "MIL" "" "PHO" "L" -10 0 12 0 0 21.6 34 28.6 33.3 0 4.8 20 17.3 67 108 1.9 -3.4
"14" "14" 1992-12-08 33.58 "MIL" "@" "POR" "L" -29 0 7 NA NA 0 0 0 0 0 0 100 5.4 0 123 -1.4 -15.5
"15" "15" 1992-12-12 33.59 "MIL" "@" "UTA" "L" -26 0 30 0.444 0.444 12.8 24.2 17.3 0 3.4 2.2 0 12.5 118 109 8.3 -0.4
"16" "16" 1992-12-13 33.59 "MIL" "@" "LAL" "L" -18 0 10 0 0 12 13 12.5 0 0 0 0 8.8 35 124 -1.6 -19.1
"17" "17" 1992-12-15 33.6 "MIL" "@" "SEA" "L" -8 0 15 0.773 0.667 10.7 0 4.6 9.8 0 0 0 11.6 173 123 5.3 3.2
"18" "18" 1992-12-17 33.61 "MIL" "" "NJN" "L" -1 0 5 NA NA 0 23.4 13.5 0 0 0 100 10 0 114 -1.5 -22
"19" "19" 1992-12-19 33.61 "MIL" "" "DET" "L" -13 0 11 0 0 12.1 23 17.7 0 0 0 0 8.3 33 121 -0.1 -13.2
"20" "20" 1992-12-22 33.62 "MIL" "" "SAC" "L" -3 0 31 0.463 0.333 6.6 15.5 10.7 19.8 0 2.3 0 11.7 127 107 8.3 1.8
"21" "21" 1992-12-26 33.63 "MIL" "" "NYK" "W" 2 0 20 0.5 0.5 6.8 27.9 17.2 15.3 0 0 33.3 14.5 84 106 2.1 -4.2
"22" "22" 1992-12-28 33.64 "MIL" "@" "ORL" "L" -16 0 22 0.42 0 0 22.4 9.6 6.2 4.6 0 17.4 11.1 84 105 4 -3.5
"23" "23" 1993-01-02 33.65 "MIL" "@" "ATL" "W" 13 0 30 0.722 0.625 4.7 14.5 10.3 14.5 1.7 2.3 21.3 21.1 125 101 13.1 4.3
"24" "24" 1993-01-03 33.65 "MIL" "" "LAL" "W" 8 0 26 0.429 0.429 0 18.9 9.6 17.8 2.1 0 0 13.1 111 113 5.7 -3.5
"25" "25" 1993-01-05 33.66 "MIL" "" "MIN" "W" 14 0 28 0.609 0.545 18 49.6 33.8 9.9 1.7 2.4 19.6 23.1 114 97 14.7 0.9
"26" "26" 1993-01-07 33.66 "MIL" "" "ATL" "L" -6 0 24 0.637 0.5 11.4 5.1 8.1 12.5 2.2 0 18.8 21.3 116 117 9.3 -0.2
"27" "27" 1993-01-08 33.67 "MIL" "@" "CHI" "L" -25 0 21 0 0 5.7 17.1 11.4 10.9 0 0 33.3 6.2 49 125 0.6 -8
"28" "28" 1993-01-10 33.67 "MIL" "" "LAC" "L" -5 0 15 0.258 0.333 0 17.3 8.8 0 3.4 4.7 0 11.6 54 105 0.6 -8.1
"29" "29" 1993-01-12 33.68 "MIL" "@" "WSB" "L" -23 0 16 0 0 0 7.9 3.6 24.3 3.1 0 0 5.4 64 123 1.6 -2.8
"30" "30" 1993-01-14 33.68 "MIL" "" "SAS" "L" -15 0 8 0.286 0.286 37.5 18.8 30 21.4 0 0 0 36.6 87 118 2.6 -6.1
"31" "31" 1993-01-16 33.69 "MIL" "" "BOS" "L" -11 0 12 0.6 0.6 0 41 21.1 0 0 0 28.6 26.2 77 111 2.1 -12.3
"32" "32" 1993-01-19 33.7 "MIL" "" "POR" "L" -27 1 27 0.767 0.667 8.7 16.2 12.5 5.5 1.7 0 13.3 11.5 145 118 10.8 1.4
"33" "33" 1993-01-21 33.7 "MIL" "@" "IND" "W" 2 1 24 0.167 0.167 11.4 13 12.3 0 2.1 0 25 15.6 47 114 -2.1 -16.6
"34" "34" 1993-01-23 33.71 "MIL" "" "PHI" "L" -9 0 6 0.667 0.667 0 22.9 9.9 0 8.3 23.5 0 20.2 142 89 4.6 18.5
"35" "35" 1993-01-26 33.72 "MIL" "" "HOU" "W" 14 0 17 0.347 0 0 11.3 6.7 0 0 8.1 25.8 10.4 60 93 0.4 -5.9
"36" "36" 1993-01-28 33.72 "MIL" "@" "MIA" "W" 22 0 5 0 0 0 16.6 9.4 0 0 0 33.3 26.4 0 92 -2.5 -34.1
"37" "37" 1993-02-03 33.74 "MIL" "" "CLE" "L" -8 0 6 0.5 0.5 18.6 21.1 19.8 0 0 0 0 15.1 121 119 0.8 -12.5
"38" "38" 1993-02-05 33.74 "MIL" "@" "CHH" "L" -7 0 13 0.563 0.5 7.5 9 8.2 0 0 4.4 18.4 16.8 101 123 3.3 -5.8
"39" "39" 1993-02-07 33.75 "MIL" "" "NJN" "L" -3 0 11 0.6 0.6 9.9 0 5.2 15.6 0 0 0 20.3 131 119 5.1 2.6
"40" "40" 1993-02-09 33.75 "MIL" "@" "BOS" "L" -12 0 14 0 0 0 21.4 9.3 0 3.8 0 0 6.8 0 109 -0.6 -10.7
"41" "41" 1993-02-12 33.76 "MIL" "@" "CLE" "L" -22 0 11 0.333 0.333 0 0 0 13 0 5.4 0 11.4 85 126 1.3 -5.3
"42" "42" 1993-02-13 33.76 "MIL" "" "IND" "W" 2 0 15 0.436 0.333 8 20.9 14.9 20.9 0 0 30.4 27.1 79 118 0.6 -17.3
"43" "43" 1993-02-15 33.77 "MIL" "" "CHH" "W" 6 0 22 0.592 0.4 6.1 16.4 11.5 27.5 0 2.9 12.9 14.3 138 120 10 4.5
"44" "44" 1993-02-16 33.77 "MIL" "@" "NJN" "L" -12 0 19 0.436 0.333 16.5 14.3 15.3 17.5 5.3 5.4 12.7 18 101 96 8.6 7
"45" "45" 1993-02-18 33.78 "MIL" "" "UTA" "L" -11 0 28 0.781 0.714 5.2 10.4 7.8 5.8 3.8 5 19.4 18.4 124 112 12.7 5.1
"46" "46" 1993-02-23 33.79 "MIL" "@" "CHI" "L" -4 0 11 0.129 0 9.5 47.4 28.5 0 0 0 0 15.2 48 98 0.3 -12.2
"47" "47" 1993-02-24 33.79 "MIL" "" "NYK" "L" -1 0 30 0.605 0.5 14.9 34.8 25.2 5.8 0 2.4 0 18.3 138 90 15 5.8
"48" "48" 1993-02-26 33.8 "MIL" "@" "PHI" "L" -3 0 17 0.286 0.286 0 27.3 11 14.3 2.9 0 0 17.1 80 116 2 -9.7
"49" "49" 1993-02-27 33.8 "MIL" "@" "DET" "W" 2 0 27 0.852 NA 9.4 31.1 20.5 4.6 2 0 53.2 6.6 104 101 5 -1.8
"50" "50" 1993-03-02 33.81 "MIL" "" "DAL" "W" 34 0 17 0.622 0.571 19.3 10.1 14.1 0 0 0 0 22.5 146 93 9.8 1.5
"51" "51" 1993-03-05 33.82 "MIL" "" "ORL" "W" 18 0 21 0.363 0.333 13.7 10.6 12.3 12.5 7.3 0 36.8 21.2 67 89 2.3 -9.4
"52" "52" 1993-03-07 33.82 "MIL" "" "DET" "L" -7 1 30 0.46 0.4 10.7 22.4 16.8 9.5 1.8 0 35.5 12.5 81 101 5.1 -3.5
"53" "53" 1993-03-09 33.83 "MIL" "" "ATL" "L" -14 1 21 0.2 0.2 0 12 6.1 6.2 0 0 0 10.9 56 130 -0.6 -14.3
"54" "54" 1993-03-11 33.84 "MIL" "" "SEA" "L" -11 0 6 1.136 NA 0 38.1 20.5 0 0 0 36.2 20.2 150 112 3.6 4.3
"55" "55" 1993-03-12 33.84 "MIL" "@" "BOS" "W" 6 0 8 0.532 0 21.4 13.6 16.7 0 0 0 0 11.2 143 121 1.5 -9.4
"56" "56" 1993-03-16 33.85 "MIL" "@" "NYK" "L" -3 0 34 0.488 0.333 7.2 10.3 8.8 11.7 4.1 2.2 19.6 12.6 101 97 9.9 4.2
"57" "57" 1993-03-17 33.85 "MIL" "@" "IND" "L" -23 0 25 0.254 0.143 8.2 7.2 7.7 6.2 0 0 11.3 16.4 67 132 -0.4 -15.9
"58" "58" 1993-03-19 33.86 "MIL" "@" "NJN" "L" -14 0 23 0.455 0.444 7.9 14.6 10.9 16.9 4.5 5.8 9.2 20.8 98 99 9.2 5.7
"59" "59" 1993-03-20 33.86 "MIL" "" "PHI" "W" 26 0 29 0.758 0.727 7.7 17.9 12.4 15.6 0 0 7 21.2 155 102 17.6 7.5
"60" "60" 1993-03-24 33.87 "MIL" "@" "LAC" "L" -11 0 12 0 0 0 19.5 10.8 9.1 0 0 0 3.8 54 120 -0.6 -10
"61" "61" 1993-03-26 33.88 "MIL" "@" "PHO" "L" -6 1 29 0.709 0.667 0 8.5 3.9 4.8 1.6 4.4 20.5 13.5 112 107 7.3 0.1
"62" "62" 1993-03-27 33.88 "MIL" "@" "SAC" "W" 20 1 12 NA NA 9.3 25.5 17.8 30.8 0 0 100 3.3 121 106 2.6 3
"63" "63" 1993-03-29 33.88 "MIL" "" "WSB" "L" -7 0 4 0.694 0.5 53.3 0 30 0 0 0 0 30.8 169 131 4.4 11.5
"64" "64" 1993-04-01 33.89 "MIL" "@" "HOU" "L" -6 0 11 NA NA 9.3 24.2 15.8 9.1 4.7 0 NA 0 210 123 2.2 -0.3
"65" "65" 1993-04-02 33.9 "MIL" "@" "DEN" "L" -9 0 13 0.387 0.333 0 21.3 10.4 0 3.7 0 0 11.6 91 104 0.8 -7.6
"66" "66" 1993-04-06 33.91 "MIL" "" "CHI" "W" 4 0 27 0.851 0.8 9.6 24.8 17.8 5.4 1.9 4.2 28.2 17.1 125 108 12.8 3.7
"67" "67" 1993-04-08 33.91 "MIL" "" "MIA" "L" -25 0 13 0 0 0 10 4.7 0 0 11.4 66.7 10.5 0 130 -1.8 -16.8
"68" "68" 1993-04-10 33.92 "MIL" "" "ORL" "W" 11 0 13 0.347 0 8.4 26.4 17.2 9 3.8 0 0 9.6 110 94 2.7 -3
"69" "69" 1993-04-12 33.92 "MIL" "@" "MIA" "L" -11 0 3 0.532 0 0 0 0 0 0 0 21 70.4 99 125 1.2 -20
"70" "70" 1993-04-13 33.93 "MIL" "@" "ORL" "L" -19 0 3 1.136 NA 0 0 0 43.2 0 21.9 0 12.7 242 122 3.4 38.6
"1" "1" 1993-11-06 34.49 "MIL" "" "CHH" "L" -17 0 5 0 0 0 0 0 24 9.6 0 0 15.1 28 109 0.3 -2.6
"2" "2" 1993-11-08 34.5 "MIL" "@" "BOS" "L" -8 0 2 NA NA 0 0 0 0 0 0 NA 0 0 121 0 -5.6
"3" "3" 1993-11-10 34.5 "MIL" "" "CHI" "L" -1 0 16 0.725 0 6.5 0 4.1 0 3.3 0 26.6 10.2 125 103 3.6 -1.3
"4" "4" 1993-11-11 34.51 "MIL" "@" "MIA" "L" -13 0 5 NA NA 0 22.9 10.9 0 0 0 NA 0 0 127 -0.1 -11
"5" "5" 1993-11-16 34.52 "MIL" "" "MIN" "L" -4 0 3 0 0 0 0 0 0 0 0 0 15 0 116 -1.1 -27.2
"6" "6" 1993-11-24 34.54 "MIL" "" "ATL" "L" -4 0 4 NA NA 0 0 0 0 0 18.2 NA 0 0 90 0.7 3.5
"7" "7" 1993-11-26 34.55 "MIL" "@" "CHH" "L" -11 1 22 0.436 0.333 11.1 35.5 21.4 7.7 0 0 16.2 22.1 90 107 5.2 -6.1
"8" "8" 1993-11-27 34.55 "MIL" "" "BOS" "W" 4 1 23 0.523 0.286 4.5 26.1 14.6 8.4 0 0 22.2 25.7 95 98 6 -5.8
"9" "9" 1993-11-29 34.56 "MIL" "@" "SAS" "L" -7 1 17 0.671 0.5 27.7 6.9 18.4 0 0 0 10.9 23.1 141 119 9.6 0.2
"10" "10" 1993-11-30 34.56 "MIL" "@" "HOU" "L" -11 1 16 0.25 0.25 5.6 8.1 6.6 0 3.1 0 0 9.9 72 107 0.8 -8.9
"11" "11" 1993-12-03 34.57 "MIL" "@" "DAL" "W" 1 1 17 0 0 8.6 14.5 11.8 0 0 11.4 0 2.7 71 114 2.7 0.8
"12" "12" 1993-12-05 34.57 "MIL" "" "PHO" "L" -19 0 7 0 0 0 0 0 0 0 0 66.7 17.7 0 132 -3.1 -28.8
"13" "13" 1993-12-08 34.58 "MIL" "" "LAC" "L" -3 0 1 NA NA 0 0 0 0 0 0 NA 0 0 112 0 -8.4
"14" "14" 1993-12-10 34.59 "MIL" "@" "DET" "W" 2 0 1 NA NA 0 0 0 0 0 0 NA 0 0 111 0 -6.5
"15" "15" 1994-01-15 34.68 "MIL" "" "ORL" "L" -8 0 7 1 1 0 20.8 9.1 0 0 0 0 6.5 200 130 1.6 -5
"16" "16" 1994-01-22 34.7 "MIL" "@" "CHH" "L" -11 0 10 0.5 0.5 0 11.7 5.8 0 0 6.4 0 9.4 93 96 1.2 -1.5
"17" "17" 1994-01-24 34.71 "MIL" "@" "IND" "W" 8 0 4 NA NA 0 31.6 15.8 0 0 0 100 11.1 0 99 -1.1 -20
"18" "18" 1994-01-29 34.72 "MIL" "@" "PHI" "L" -5 0 5 NA NA 0 19.2 10.8 27.4 0 0 NA 0 203 102 0.6 0.4
"19" "19" 1994-02-01 34.73 "MIL" "" "MIA" "L" -6 0 8 0 0 0 13.3 6.6 0 0 0 75 23.3 0 105 -3.8 -32.3
"20" "20" 1994-02-04 34.74 "MIL" "@" "ORL" "W" 6 0 11 0 0 10.6 18.6 14.9 0 0 0 0 3.9 58 97 -0.6 -10.8
"21" "21" 1994-02-08 34.75 "MIL" "" "HOU" "W" 8 0 16 0.532 0 9.7 7.7 8.6 0 3.2 0 0 5.5 139 104 2.5 -3.6
"22" "22" 1994-02-15 34.77 "MIL" "@" "MIN" "L" -7 0 1 NA NA 0 100 60 0 0 0 NA 0 0 65 0.3 -2
"23" "23" 1994-02-16 34.77 "MIL" "" "DEN" "L" -12 1 29 0.375 0.375 5.9 16.6 9.6 5.7 1.7 6.7 11.1 12.5 84 109 5.9 -3.7
"24" "24" 1994-03-04 34.82 "LAL" "@" "BOS" "L" -10 0 8 1 1 0 14 6.3 0 0 0 50 10.5 77 119 0.2 -10.3
"25" "25" 1994-03-05 34.82 "LAL" "@" "WSB" "L" -6 0 5 NA NA 22.9 0 12.2 0 0 0 NA 0 205 130 -0.1 -13
"26" "26" 1994-03-07 34.82 "LAL" "@" "MIL" "W" 22 0 12 0.41 0.5 8 9.8 8.8 20 0 0 29.1 11.4 86 95 1.2 -6.4
"27" "27" 1994-03-16 34.85 "LAL" "" "WSB" "W" 35 0 12 0.4 0.4 25.5 0 13.5 8.7 4.1 0 16.7 18.8 108 97 2.9 -8.2
"28" "28" 1994-04-03 34.9 "LAL" "" "ATL" "W" 13 0 7 0.5 0.5 15.6 68.6 40.8 0 7.6 0 33.3 18.4 77 64 2.5 -0.6
"29" "29" 1994-04-12 34.92 "LAL" "" "GSW" "L" -11 0 7 0 0 15.2 39.2 25.7 25.9 0 0 0 5.8 116 126 1.6 -0.5
"30" "30" 1994-04-13 34.93 "LAL" "@" "PHO" "L" -29 0 18 0.557 0.556 14.3 11.3 12.9 31.2 0 0 9.2 23.9 116 122 9.7 7.7
"31" "31" 1994-04-15 34.93 "LAL" "" "POR" "L" -5 0 7 0.532 0 0 16.7 9 0 0 0 0 12 132 117 0.8 -8
"32" "32" 1994-04-16 34.93 "LAL" "@" "LAC" "L" -5 0 7 0.25 0.25 26.4 18 22.9 0 0 0 20 28.2 67 121 -0.5 -26.2
"33" "33" 1994-04-19 34.94 "LAL" "@" "DEN" "L" -7 0 12 0 0 0 28.6 13.5 0 4.1 0 25 13.7 0 97 -1.2 -11.6
"34" "34" 1994-04-20 34.95 "LAL" "" "SEA" "L" -22 0 3 NA NA 0 43.2 18 0 0 0 100 13.2 0 108 -0.7 -19.6
"35" "35" 1994-04-23 34.95 "LAL" "@" "GSW" "L" -35 0 17 0.478 0.333 13.9 12.5 13.3 0 0 0 12 19.4 103 129 4.9 -7
"36" "36" 1994-04-24 34.96 "LAL" "" "UTA" "L" -6 0 18 0.41 0.25 0 5.9 2.9 0 5.5 6.8 0 11.3 101 99 4.9 3.2
"1" "1" 1994-11-04 35.49 "PHO" "@" "SAC" "L" -18 0 10 0.556 0.4 0 10.4 5.1 0 0 12.8 12.2 34.3 105 111 4.8 5
"2" "2" 1994-11-06 35.49 "PHO" "" "MIA" "W" 12 0 3 NA NA 0 0 0 41 0 0 100 14.1 42 114 -1.1 -18.9
"3" "3" 1994-11-09 35.5 "PHO" "" "ATL" "W" 4 0 6 1 1 0 0 0 0 0 0 0 23.1 200 124 4.7 11.5
"4" "4" 1994-11-12 35.51 "PHO" "@" "LAC" "W" 7 0 12 0 0 18.6 24.5 21.7 0 0 5.6 66.7 9.9 34 94 -0.1 -10.5
"5" "5" 1994-11-15 35.52 "PHO" "@" "POR" "W" 3 0 8 0.615 0.5 0 13.3 6.9 0 0 0 17 31.6 99 94 1.7 -9.1
"6" "6" 1994-11-16 35.52 "PHO" "" "MIN" "W" 15 0 22 0.41 0.25 5 33.6 18.4 18.3 4.4 0 38.1 14.9 74 83 4.4 -1.3
"7" "7" 1994-11-18 35.53 "PHO" "" "POR" "W" 13 0 17 1 1 0 41.5 20.2 0 2.7 4.1 66.7 7.6 46 99 2.1 -5.1
"8" "8" 1994-11-21 35.53 "PHO" "@" "UTA" "L" -15 0 17 0.5 0.5 0 35.3 14.9 27 3 0 33.3 16 82 108 3.1 -0.2
"9" "9" 1994-11-23 35.54 "PHO" "" "LAC" "W" 31 0 26 0.759 0.778 11.2 27.5 20.8 23 0 2.7 8.2 19.4 153 103 18.2 7.4
"10" "10" 1994-11-26 35.55 "PHO" "" "SAS" "W" 3 0 5 0 0 22.3 25.3 23.7 0 0 0 0 17 40 116 -0.8 -22.2
"11" "11" 1994-11-27 35.55 "PHO" "" "NJN" "W" 5 0 12 0.5 0.5 26.7 8.9 17.8 11.4 4 0 20 17.6 111 108 3.9 -4.9
"12" "12" 1994-11-29 35.56 "PHO" "@" "MIL" "W" 17 0 8 NA NA 0 27.9 16.2 0 0 7.9 100 15.7 0 100 -2.5 -20.6
"13" "13" 1994-12-02 35.56 "PHO" "@" "BOS" "W" 5 1 7 0 0 0 20.2 8.9 0 0 10.4 33.3 17.5 0 103 -1.8 -21
"14" "14" 1994-12-03 35.57 "PHO" "@" "DET" "L" -10 0 5 0 0 22.3 0 11.6 0 0 16 50 17.2 29 108 -0.7 -18
"15" "15" 1994-12-08 35.58 "PHO" "@" "NJN" "W" 27 0 4 NA NA 0 0 0 0 0 0 NA 0 0 121 0 -6.5
"16" "16" 1994-12-12 35.59 "PHO" "" "GSW" "W" 6 0 7 0 NA 0 0 0 0 0 0 0 6.2 0 113 -0.8 -15.5
"17" "17" 1994-12-14 35.6 "PHO" "" "SEA" "W" 18 0 1 NA NA 0 0 0 100 0 0 NA 0 228 102 0.7 43
"18" "18" 1994-12-16 35.6 "PHO" "" "NYK" "W" 21 0 10 0.387 0.333 10 33.5 21.1 0 0 0 34 24.2 60 90 -0.7 -18.9
"19" "19" 1994-12-26 35.63 "PHO" "" "DAL" "W" 26 0 5 1 1 0 0 0 0 0 0 0 16.2 200 115 2.6 -0.5
"20" "20" 1995-01-03 35.65 "PHO" "@" "SAC" "W" 8 1 16 0.286 0.286 12.2 6.5 9.5 0 0 0 0 17 85 109 0.4 -11.6
"21" "21" 1995-01-04 35.65 "PHO" "" "PHI" "W" 5 1 9 0.333 0.333 0 0 0 0 0 0 0 15 77 137 -0.1 -15.6
"22" "22" 1995-01-07 35.66 "PHO" "@" "DEN" "W" 9 1 3 0 0 0 0 0 0 0 0 0 28.6 0 114 -2.2 -45.5
"23" "23" 1995-01-09 35.67 "PHO" "" "MIL" "W" 17 1 15 0.735 0.8 16 23.3 20.2 24.5 0 11.7 0 16 160 100 11.7 16
"24" "24" 1995-01-11 35.67 "PHO" "@" "LAL" "W" 10 1 12 0.68 0.6 0 49 27.3 32.4 0 0 0 20.2 157 99 8.4 11.7
"25" "25" 1995-01-12 35.68 "PHO" "" "CLE" "L" -11 1 7 0.25 0.25 60.5 0 30.7 22.7 0 0 33.3 40.6 68 136 0 -24
"26" "26" 1995-01-14 35.68 "PHO" "@" "LAC" "W" 26 1 11 0.833 0.833 18.2 11.8 15.4 17.3 4.1 0 0 20.8 176 101 10.8 14.8
"27" "27" 1995-01-17 35.69 "PHO" "" "DEN" "W" 16 1 7 0 0 0 44.2 19.9 41.1 0 0 0 19.5 70 126 0.2 -8.8
"28" "28" 1995-01-19 35.7 "PHO" "@" "POR" "W" 7 1 12 0.922 0.875 0 0 0 25.8 0 0 0 18.7 195 137 6.8 9.6
"29" "29" 1995-01-22 35.7 "PHO" "" "ORL" "W" 1 1 16 0.429 0.429 6.9 0 3.7 8.9 0 5.9 12.5 22.9 86 115 1.4 -10.6
"30" "30" 1995-01-24 35.71 "PHO" "@" "MIN" "W" 15 1 13 0.551 0.6 0 27.7 12.7 15.4 0 0 0 18.5 109 92 3.7 -0.6
"31" "31" 1995-01-26 35.72 "PHO" "@" "IND" "W" 6 1 14 0.571 0.571 24.5 21 22.6 0 0 4.3 20.2 32.3 96 92 5.4 -3.2
"32" "32" 1995-01-27 35.72 "PHO" "@" "PHI" "W" 1 1 2 0 0 0 0 0 0 0 0 0 44.9 0 129 -1.4 -52.8
"33" "33" 1995-01-29 35.72 "PHO" "@" "NYK" "L" -19 1 12 0.75 0.75 7.4 0 4.1 80 0 0 33.3 22.1 117 121 4.7 7.6
"34" "34" 1995-02-01 35.73 "PHO" "" "LAL" "W" 9 0 9 0 0 0 26 12 25.4 0 0 50 9.2 47 117 -0.5 -8.3
"35" "35" 1995-02-03 35.74 "PHO" "" "CHI" "W" 10 1 3 NA NA 0 39 19.3 0 0 0 100 14.4 0 100 -1.5 -30.5
"36" "36" 1995-02-05 35.74 "PHO" "" "HOU" "L" -24 1 18 1 1 11.3 13.3 12.3 32.7 2.8 4.2 33.3 6.7 153 122 7.7 8.4
"37" "37" 1995-02-07 35.75 "PHO" "@" "DAL" "W" 1 0 9 0.5 0.5 0 0 0 27.6 0 6.7 33.3 15.7 92 127 1.7 1.1
"38" "38" 1995-02-08 35.75 "PHO" "@" "UTA" "W" 4 0 15 0.667 0.667 0 33.7 17.1 9.5 3.3 10.3 25 12.1 100 93 5.6 6.6
"39" "39" 1995-02-15 35.77 "PHO" "" "POR" "W" 7 0 8 1 1 0 13.5 6.8 0 0 0 50 11.3 72 114 0.2 -12.2
"40" "40" 1995-02-17 35.78 "PHO" "" "GSW" "L" -11 0 10 0.799 0.833 21.2 28.6 24.4 47.1 0 0 0 28.6 170 133 10.2 17.4
"41" "41" 1995-02-19 35.78 "PHO" "" "UTA" "W" 3 1 9 0.4 0.4 0 14.4 7.5 18.8 0 7.6 28.6 35.9 64 117 -0.2 -17.4
"42" "42" 1995-02-21 35.79 "PHO" "" "BOS" "L" -8 1 21 0.6 0.6 5.7 16.3 11.1 17.5 0 6.6 28.6 13.6 104 127 5.6 0.6
"43" "43" 1995-02-24 35.79 "PHO" "" "LAC" "W" 12 0 10 0.615 0.5 11.7 25.3 19.6 0 9.4 0 0 19.8 144 82 6.8 6.4
"44" "44" 1995-02-26 35.8 "PHO" "" "CHH" "W" 11 1 14 0.347 0.5 9.3 29.2 20.4 9.1 0 5.7 25.8 12.3 71 94 1.3 -5.8
"45" "45" 1995-02-28 35.81 "PHO" "@" "LAC" "L" -11 0 2 NA NA 0 0 0 0 0 0 NA 0 0 120 0 -6.7
"46" "46" 1995-03-01 35.81 "PHO" "@" "LAL" "W" 8 0 29 0.45 0.417 19.7 38.7 29.8 10.8 1.7 5.4 7 20.9 107 86 13.6 3.9
"47" "47" 1995-03-03 35.81 "PHO" "" "SEA" "W" 4 0 4 0.532 0 0 61.6 31.9 0 0 0 0 22.3 126 112 1.5 -4.6
"48" "48" 1995-03-05 35.82 "PHO" "@" "GSW" "W" 10 0 13 0.333 0.333 17.2 16.1 16.6 9.2 0 0 40 16.4 74 115 -0.6 -15.9
"49" "49" 1995-03-07 35.82 "PHO" "@" "HOU" "W" 11 0 17 0.798 0.5 0 18 10 0 0 9.3 0 10.1 177 108 5.3 1.8
"50" "50" 1995-03-10 35.83 "PHO" "" "IND" "L" -15 0 14 0.868 0.75 22.1 19.6 20.8 11.9 0 0 34.2 29.7 121 135 6.5 -1.2
"51" "51" 1995-03-12 35.84 "PHO" "" "GSW" "L" -7 1 14 0.509 0.5 7.3 25.8 15.8 0 0 6.6 12.7 24.6 91 111 3.3 -8.6
"52" "52" 1995-03-14 35.84 "PHO" "" "DET" "W" 7 1 25 0.635 0.571 15.6 19.7 17.7 0 2.1 3.5 11.3 15.8 129 114 8.7 -3.6
"53" "53" 1995-03-16 35.85 "PHO" "@" "CHH" "W" 3 1 17 0.571 0.571 0 7.6 3.9 18.4 0 5 0 20 121 119 5.5 0.2
"54" "54" 1995-03-18 35.85 "PHO" "@" "ATL" "L" -5 1 14 0.5 0.5 0 33 18 0 0 0 20 14.5 78 116 1.3 -9.3
"55" "55" 1995-03-19 35.86 "PHO" "@" "MIA" "W" 4 1 18 0.5 0.5 11.3 19.6 15.2 58.7 2.8 0 20 11.8 136 108 8.3 14.7
"56" "56" 1995-03-21 35.86 "PHO" "@" "ORL" "L" -24 1 16 0 0 0 41.9 20.5 30 0 0 14.3 18.4 35 121 -2.2 -14.7
"57" "57" 1995-03-24 35.87 "PHO" "" "HOU" "L" -2 1 24 0.262 0 9.1 22.2 15 12.5 2.3 8.9 11.6 15.9 79 102 3.5 -4.4
"58" "58" 1995-03-28 35.88 "PHO" "" "UTA" "L" -9 0 6 1.136 NA 0 19.5 8.4 25.8 0 0 0 6.2 243 116 2.2 7.1
"59" "59" 1995-03-30 35.89 "PHO" "@" "SAC" "W" 17 0 24 0.658 0.667 5 20 12.5 22.2 2.1 3.9 16.8 22.6 120 98 11.5 6.8
"60" "60" 1995-03-31 35.89 "PHO" "" "MIN" "W" 10 0 10 0.276 0.2 10.2 38.9 22.9 29.8 0 0 0 23.5 88 97 2.9 -2.6
"61" "61" 1995-04-02 35.9 "PHO" "@" "SAS" "L" -3 0 4 0 0 0 29.3 14.6 0 0 17.9 0 11.8 0 102 -0.5 -14.5
"62" "62" 1995-04-04 35.9 "PHO" "@" "GSW" "L" -8 0 15 1 1 0 40 19 16.9 0 4.8 66.7 8.5 76 111 2.1 -4.3
"63" "63" 1995-04-06 35.91 "PHO" "@" "WSB" "W" 4 0 9 0.82 0.75 0 0 0 35.6 0 0 0 22.7 176 129 7 12.3
"64" "64" 1995-04-09 35.92 "PHO" "@" "POR" "W" 10 0 15 0.644 0.667 0 7.1 3.8 9.8 0 4 20.5 15.1 104 106 2.8 0.4
"65" "65" 1995-04-12 35.92 "PHO" "" "SAS" "W" 4 0 15 0.8 0.8 6.4 25.9 14.7 10.3 0 4.7 28.6 18.6 106 112 5.9 1
"66" "66" 1995-04-14 35.93 "PHO" "@" "DEN" "L" -15 0 10 0.333 0.333 10.7 16.6 13 23.5 5.5 0 14.3 32.1 72 110 1.5 -6.9
"67" "67" 1995-04-15 35.93 "PHO" "" "LAL" "W" 5 0 9 0.5 0.5 22.7 34.8 28.7 17.6 0 0 0 18.3 134 111 3 -6.4
"68" "68" 1995-04-18 35.94 "PHO" "" "SAC" "W" 10 0 26 0.686 0.625 0 15.8 8 25.7 7.6 0 22.7 22.1 113 94 13.9 10.4
"69" "69" 1995-04-21 35.95 "PHO" "" "DAL" "W" 11 0 13 1 1 18.5 15.1 16.6 9.4 0 11 66.7 9.7 89 96 2.2 -3
"1" "1" 1995-12-12 36.59 "MIA" "@" "GSW" "L" -25 0 20 0.406 0.25 17.1 11.4 14.3 0 0 0 8.3 28.7 90 119 4.3 -9.3
"2" "2" 1995-12-14 36.6 "MIA" "@" "LAC" "L" -5 0 21 0.205 0 19.6 22.1 20.8 0 0 0 17 13.5 65 100 -0.8 -12.6
"3" "3" 1995-12-16 36.6 "MIA" "" "UTA" "L" -9 1 26 0.581 0.5 9.5 19.1 13.6 0 2.3 0 22.5 17.1 101 103 4.3 -3
"4" "4" 1995-12-19 36.61 "MIA" "@" "NYK" "L" -19 1 33 0.59 0.5 2.7 22.7 10.3 7.2 1.7 0 24.4 17.1 97 104 6.7 -0.7
"5" "5" 1995-12-20 36.61 "MIA" "@" "NJN" "W" 8 1 41 0.511 0.429 17.2 24.9 21.3 7.8 1.3 3.3 0 19.4 128 99 18.2 0.1
"6" "6" 1995-12-22 36.62 "MIA" "" "DET" "L" -9 1 21 0 0 5.9 7.4 6.5 0 0 4.7 0 4.7 28 105 0.3 -2.9
"7" "7" 1995-12-23 36.62 "MIA" "@" "CHH" "L" -12 1 3 NA NA 0 0 0 0 0 0 100 15.6 0 109 -1.8 -35.9
"8" "8" 1995-12-26 36.63 "MIA" "" "NJN" "W" 3 0 19 0.512 0.5 7.9 18.5 13.8 0 6.2 3.8 0 12.7 125 100 5.3 1.7
"9" "9" 1995-12-28 36.64 "MIA" "@" "IND" "L" -14 1 22 0 0 0 42.4 21.5 0 0 0 66.7 6.7 0 103 -2.2 -9.6
"10" "10" 1995-12-30 36.64 "MIA" "" "LAC" "W" 9 0 11 0.694 0.5 0 20.3 11.6 0 0 7.3 41 20.9 84 106 0.3 -13.2
"11" "11" 1996-01-04 36.65 "MIA" "" "SEA" "L" -3 0 4 NA NA 0 0 0 0 0 0 NA 0 0 109 -0.4 -9.2
"12" "12" 1996-01-06 36.66 "MIA" "@" "DEN" "W" 2 0 10 0.667 0.667 11.4 9.4 10.3 22.4 5.3 0 0 14.4 141 89 5.4 14.7
"13" "13" 1996-01-08 36.67 "MIA" "@" "UTA" "L" -2 0 16 0.266 0 0 30 15.4 0 0 0 34.7 9 37 107 -0.7 -7.1
"14" "14" 1996-01-10 36.67 "MIA" "@" "POR" "L" -1 0 10 0.5 0.5 14.1 20.9 18 0 0 0 33.3 14.4 79 97 1.3 -3
"15" "15" 1996-01-15 36.68 "MIA" "@" "LAL" "L" -8 0 14 0 0 0 19.6 8.7 0 0 5.5 0 6.3 0 105 -1.3 -11.3
"16" "16" 1996-01-17 36.69 "MIA" "" "WSB" "W" 7 0 5 0.174 0 0 0 0 0 9.8 14.5 0 25.1 40 68 0.9 1
"17" "17" 1996-01-20 36.7 "MIA" "@" "ATL" "L" -20 0 7 0.347 0 0 17.6 8.5 0 0 0 0 18.8 84 114 0.9 -7.2
"18" "18" 1996-01-26 36.72 "MIA" "@" "CHI" "L" -22 0 10 0.699 0.667 33.5 10.2 21.3 0 0 7.3 13.4 32.5 124 106 7.7 13.8
"19" "19" 1996-01-30 36.73 "MIA" "" "PHO" "L" -15 0 9 0.543 0 24.2 12.7 18.6 0 0 6.8 0 13.5 144 121 3.9 2.2
"20" "20" 1996-02-23 36.79 "MIA" "" "CHI" "W" 9 0 7 1 1 0 0 0 20.7 0 0 0 6.4 211 115 1.2 3.4
"21" "21" 1996-02-25 36.8 "MIA" "" "PHI" "W" 7 0 19 0.255 0.2 6.2 6.6 6.4 0 5.5 4.3 14.5 14.8 67 103 1.8 -5.6
"22" "22" 1996-02-27 36.8 "MIA" "@" "NJN" "W" 3 0 10 0.333 0.333 0 9.4 5.9 15.4 0 0 40 24.8 50 110 -1.5 -17.7
"23" "23" 1996-02-28 36.81 "MIA" "@" "ORL" "L" -4 0 1 NA NA 0 0 0 0 0 0 NA 0 0 128 0 -2.2
"24" "24" 1996-03-01 36.81 "MIA" "" "POR" "L" -14 0 12 0.434 0.25 15.4 9.1 12.5 0 0 6.5 0 21.8 112 117 4.2 -2.5
"25" "25" 1996-03-03 36.82 "MIA" "@" "MIN" "L" -2 0 9 0.25 0.25 0 0 0 0 5.7 0 20 24.9 40 95 -0.8 -13.7
"26" "26" 1996-03-05 36.82 "MIA" "" "MIN" "W" 41 0 7 0 0 0 27.4 15.6 0 0 0 0 6.1 0 77 -0.1 -5.7
"27" "27" 1996-03-22 36.87 "MIA" "@" "MIL" "W" 16 0 5 1.136 NA 24 0 11 0 0 0 0 7.4 243 111 2.3 3.5
"28" "28" 1996-03-29 36.89 "MIA" "" "WSB" "W" 19 0 9 0 0 0 29.6 14.2 13 0 25 25 20.4 17 77 -1.3 -11
"29" "29" 1996-04-10 36.92 "MIA" "@" "CHH" "W" 21 0 2 NA NA 0 0 0 52.2 0 0 100 46.1 29 117 -1.3 -27.8
"30" "30" 1996-04-15 36.93 "MIA" "" "NJN" "W" 20 0 4 0 0 0 26.7 14.3 0 0 0 0 23.6 0 100 -1.5 -32.6
"31" "31" 1996-04-19 36.95 "MIA" "@" "MIL" "W" 6 0 1 0 0 0 0 0 0 0 0 0 45.8 0 117 -0.7 -52.6
"32" "32" 1996-04-21 36.95 "MIA" "" "ATL" "L" -12 0 11 1.054 1 9.5 43.6 25.4 16.6 4.3 13.2 23.1 15.4 163 85 9.6 22.8
"1" "" 1996-11-01 37.48 "ORL" "" "WSB" "L" -4 NA NA NA NA NA NA NA NA NA NA NA NA NA NA NA NA
"2" "1" 1996-11-07 37.5 "ORL" "@" "NJN" "W" 13 0 2.33333333333333 1.136 NA 0 0 0 0 0 0 0 18.2 250 114 1.6 5.9
"3" "" 1996-11-08 37.5 "ORL" "" "NJN" "W" 4 NA NA NA NA NA NA NA NA NA NA NA NA NA NA NA NA
"4" "" 1996-11-14 37.52 "ORL" "" "CHH" "W" 7 NA NA NA NA NA NA NA NA NA NA NA NA NA NA NA NA
"5" "" 1996-11-16 37.52 "ORL" "" "TOR" "W" 5 NA NA NA NA NA NA NA NA NA NA NA NA NA NA NA NA
"6" "" 1996-11-19 37.53 "ORL" "" "NYK" "L" -4 NA NA NA NA NA NA NA NA NA NA NA NA NA NA NA NA
"7" "" 1996-11-21 37.53 "ORL" "" "MIN" "W" 4 NA NA NA NA NA NA NA NA NA NA NA NA NA NA NA NA
"8" "" 1996-11-23 37.54 "ORL" "@" "IND" "W" 3 NA NA NA NA NA NA NA NA NA NA NA NA NA NA NA NA
"9" "2" 1996-11-25 37.55 "ORL" "" "MIL" "L" -12 0 5.38333333333333 NA NA 0 0 0 0 0 0 NA 0 0 120 0 -5.3
"10" "" 1996-11-27 37.55 "ORL" "" "ATL" "W" 4 NA NA NA NA NA NA NA NA NA NA NA NA NA NA NA NA
"11" "" 1996-11-29 37.56 "ORL" "@" "PHI" "L" -9 NA NA NA NA NA NA NA NA NA NA NA NA NA NA NA NA
"12" "" 1996-11-30 37.56 "ORL" "@" "CLE" "W" 4 NA NA NA NA NA NA NA NA NA NA NA NA NA NA NA NA
"13" "3" 1996-12-02 37.56 "ORL" "" "DAL" "L" -6 0 7.3 NA NA 0 0 0 0 0 0 NA 0 0 114 -0.4 -8.1
"14" "" 1996-12-04 37.57 "ORL" "" "CLE" "L" -27 NA NA NA NA NA NA NA NA NA NA NA NA NA NA NA NA
"15" "4" 1996-12-06 37.58 "ORL" "@" "LAL" "L" -11 0 14.1666666666667 0 0 7.1 0 3.7 10.7 0 10.4 0 9.5 34 108 -0.1 -6
"16" "5" 1996-12-08 37.58 "ORL" "@" "SAC" "L" -7 0 8.2 0.333 0.333 24 0 13 0 0 0 25 21.8 68 106 -0.1 -18.1
"17" "6" 1996-12-10 37.59 "ORL" "@" "POR" "W" 6 0 8.61666666666667 0.347 0 14 15.2 14.6 0 0 0 0 16.2 103 116 1.6 -7.9
"18" "7" 1996-12-13 37.59 "ORL" "@" "VAN" "L" -2 0 3.8 NA NA 0 0 0 0 0 0 NA 0 0 114 -0.4 -11
"19" "8" 1996-12-14 37.6 "ORL" "@" "UTA" "L" -33 0 10.2333333333333 0 0 9.8 12.6 11 0 0 0 0 14.3 17 118 -1.1 -14.3
"20" "9" 1996-12-18 37.61 "ORL" "" "IND" "L" -7 0 4.6 NA NA 0 20 10.4 0 0 0 NA 0 0 100 0.3 -1.8
"21" "" 1996-12-20 37.61 "ORL" "" "UTA" "L" -5 NA NA NA NA NA NA NA NA NA NA NA NA NA NA NA NA
"22" "" 1996-12-21 37.62 "ORL" "@" "MIL" "L" -18 NA NA NA NA NA NA NA NA NA NA NA NA NA NA NA NA
"23" "" 1996-12-23 37.62 "ORL" "" "CLE" "W" 5 NA NA NA NA NA NA NA NA NA NA NA NA NA NA NA NA
"24" "" 1996-12-26 37.63 "ORL" "@" "MIA" "L" -20 NA NA NA NA NA NA NA NA NA NA NA NA NA NA NA NA
"25" "" 1996-12-28 37.64 "ORL" "@" "NYK" "L" -11 NA NA NA NA NA NA NA NA NA NA NA NA NA NA NA NA
"26" "10" 1996-12-30 37.64 "ORL" "@" "DET" "L" -12 0 13.6333333333333 1 1 9.3 9.3 9.3 24 0 0 50 7.2 124 123 2.7 2.3
"27" "11" 1997-01-02 37.65 "ORL" "" "TOR" "W" 2 0 17.7166666666667 0.644 0.5 22.6 20.1 21.3 0 0 4.3 11.4 24.6 135 104 8.5 -0.5
"28" "12" 1997-01-03 37.65 "ORL" "@" "CHI" "L" -21 0 18.5666666666667 0.296 0.25 11.2 14 12.5 7.9 0 0 0 20.9 84 131 1.3 -12.2
"29" "13" 1997-01-07 37.66 "ORL" "" "PHI" "W" 21 0 2.23333333333333 NA NA 0 50 28.2 0 0 0 NA 0 0 88 0.3 -0.2
"30" "" 1997-01-09 37.67 "ORL" "" "ATL" "L" -5 NA NA NA NA NA NA NA NA NA NA NA NA NA NA NA NA
"31" "" 1997-01-12 37.68 "ORL" "@" "TOR" "W" 3 NA NA NA NA NA NA NA NA NA NA NA NA NA NA NA NA
"32" "" 1997-01-13 37.68 "ORL" "@" "NJN" "W" 3 NA NA NA NA NA NA NA NA NA NA NA NA NA NA NA NA
"33" "14" 1997-01-15 37.68 "ORL" "@" "DAL" "W" 12 1 26.1333333333333 0.291 0.333 18 20.5 19.3 0 0 3 22.5 17 65 80 0.8 -10.9
"34" "15" 1997-01-16 37.69 "ORL" "@" "ATL" "L" -11 1 24.4 0.425 0.4 7.8 0 4.4 0 0 0 40.5 20 55 112 -2.3 -15.2
"35" "16" 1997-01-19 37.7 "ORL" "@" "MIA" "W" 12 0 15.7666666666667 0.515 0.333 8.6 23.7 16.4 0 0 6.5 0 12.1 124 98 3 -4
"36" "17" 1997-01-21 37.7 "ORL" "" "WSB" "W" 5 0 12.5833333333333 0.667 0.667 15.7 27 21 0 0 5.1 0 10.1 156 95 4.9 4
"37" "18" 1997-01-23 37.71 "ORL" "" "MIL" "W" 4 0 15.3833333333333 0 0 0 0 0 0 3.7 0 50 6.5 0 114 -1.9 -10.1
"38" "" 1997-01-24 37.71 "ORL" "@" "BOS" "W" 4 NA NA NA NA NA NA NA NA NA NA NA NA NA NA NA NA
"39" "19" 1997-01-28 37.72 "ORL" "@" "WSB" "L" -20 0 4.35 NA NA 0 30.8 13.3 0 0 0 NA 0 0 109 0.3 -4.2
"40" "20" 1997-01-29 37.72 "ORL" "" "PHO" "W" 7 0 14.7666666666667 0.25 0.25 19.6 0 9.4 9.4 3.8 0 0 12.7 103 117 1.9 -6.9
"41" "21" 1997-01-31 37.73 "ORL" "@" "PHI" "W" 10 0 2.41666666666667 NA NA 0 0 0 0 0 40.7 NA 0 0 84 0.7 9
"42" "22" 1997-02-02 37.73 "ORL" "" "HOU" "W" 13 0 2.58333333333333 0 0 51.1 0 26.4 0 0 0 0 21.6 63 106 0 -17.7
"43" "23" 1997-02-04 37.74 "ORL" "" "IND" "W" 24 0 4.75 1 1 25.3 0 11.7 0 0 0 0 18 204 107 3.7 11.8
"44" "24" 1997-02-06 37.75 "ORL" "" "BOS" "W" 8 0 6 0.5 0.5 0 20 10.4 0 0 0 0 14 106 112 0.9 -7.3
"45" "25" 1997-02-11 37.76 "ORL" "" "NJN" "L" -6 0 3.91666666666667 NA NA 0 26.1 15.6 0 0 0 NA 0 0 113 0.3 -1.7
"46" "" 1997-02-12 37.76 "ORL" "@" "DET" "L" -9 NA NA NA NA NA NA NA NA NA NA NA NA NA NA NA NA
"47" "" 1997-02-14 37.77 "ORL" "@" "MIN" "L" -4 NA NA NA NA NA NA NA NA NA NA NA NA NA NA NA NA
"48" "26" 1997-02-16 37.77 "ORL" "@" "CHI" "L" -21 0 3.7 NA NA 0 0 0 0 0 0 NA 0 0 137 -0.4 -11.2
"49" "" 1997-02-17 37.78 "ORL" "@" "CHH" "L" -14 NA NA NA NA NA NA NA NA NA NA NA NA NA NA NA NA
"50" "" 1997-02-19 37.78 "ORL" "" "POR" "W" 11 NA NA NA NA NA NA NA NA NA NA NA NA NA NA NA NA
"51" "" 1997-02-21 37.79 "ORL" "" "DEN" "W" 13 NA NA NA NA NA NA NA NA NA NA NA NA NA NA NA NA
"52" "" 1997-02-23 37.79 "ORL" "@" "IND" "W" 9 NA NA NA NA NA NA NA NA NA NA NA NA NA NA NA NA
"53" "" 1997-02-24 37.79 "ORL" "" "DET" "W" 9 NA NA NA NA NA NA NA NA NA NA NA NA NA NA NA NA
"54" "27" 1997-02-26 37.8 "ORL" "" "MIA" "W" 12 0 2.88333333333333 0 0 0 0 0 0 0 0 0 15.3 0 111 -0.7 -20.9
"55" "28" 1997-02-28 37.81 "ORL" "" "SAS" "W" 21 0 9.71666666666667 0.725 0 0 13 6.5 0 0 8.3 0 13.5 176 90 3.5 0.3
"56" "" 1997-03-02 37.81 "ORL" "" "SEA" "L" -8 NA NA NA NA NA NA NA NA NA NA NA NA NA NA NA NA
"57" "" 1997-03-04 37.82 "ORL" "@" "SEA" "W" 12 NA NA NA NA NA NA NA NA NA NA NA NA NA NA NA NA
"58" "" 1997-03-06 37.82 "ORL" "@" "LAC" "W" 1 NA NA NA NA NA NA NA NA NA NA NA NA NA NA NA NA
"59" "" 1997-03-07 37.82 "ORL" "@" "GSW" "L" -7 NA NA NA NA NA NA NA NA NA NA NA NA NA NA NA NA
"60" "" 1997-03-09 37.83 "ORL" "@" "PHO" "L" -36 NA NA NA NA NA NA NA NA NA NA NA NA NA NA NA NA
"61" "29" 1997-03-11 37.84 "ORL" "@" "DEN" "W" 5 1 19.0166666666667 0.51 0.6 0 30.6 14 0 0 0 14.5 17.6 80 104 2.3 -8.5
"62" "30" 1997-03-12 37.84 "ORL" "@" "HOU" "W" 1 1 18.7666666666667 0.174 0 0 17.6 8.7 7.4 2.9 0 25.8 10 41 107 -0.8 -11.7
"63" "" 1997-03-14 37.84 "ORL" "" "CHH" "W" 5 NA NA NA NA NA NA NA NA NA NA NA NA NA NA NA NA
"64" "31" 1997-03-16 37.85 "ORL" "" "VAN" "W" 11 0 6.81666666666667 0.5 0.5 31.9 19.6 26.4 0 0 0 20 33.2 98 110 2.3 -10.2
"65" "" 1997-03-17 37.85 "ORL" "@" "ATL" "L" -5 NA NA NA NA NA NA NA NA NA NA NA NA NA NA NA NA
"66" "" 1997-03-20 37.86 "ORL" "" "GSW" "W" 5 NA NA NA NA NA NA NA NA NA NA NA NA NA NA NA NA
"67" "32" 1997-03-21 37.86 "ORL" "@" "BOS" "W" 5 0 8.43333333333333 1 1 0 53.3 26.1 0 0 0 50 11.2 73 91 0.7 -9.9
"68" "33" 1997-03-23 37.87 "ORL" "" "LAL" "W" 26 0 2.91666666666667 NA NA 0 0 0 0 0 0 100 15.3 0 103 -1 -21.1
"69" "" 1997-03-25 37.87 "ORL" "" "SAC" "W" 11 NA NA NA NA NA NA NA NA NA NA NA NA NA NA NA NA
"70" "" 1997-03-27 37.88 "ORL" "@" "SAS" "L" -4 NA NA NA NA NA NA NA NA NA NA NA NA NA NA NA NA
"71" "34" 1997-03-30 37.89 "ORL" "" "NYK" "L" -15 0 5.26666666666667 NA NA 0 0 0 0 0 16.3 NA 0 0 113 0.3 -0.6
"72" "35" 1997-04-01 37.89 "ORL" "" "PHI" "L" -12 0 8.83333333333333 0 0 0 0 0 0 0 0 50 8.9 0 118 -2.1 -19
"73" "36" 1997-04-03 37.9 "ORL" "" "LAC" "L" -19 0 11.8 0.5 0.5 8.9 36.4 20.5 0 4.6 0 33.3 11.7 80 120 1.8 -7.5
"74" "37" 1997-04-04 37.9 "ORL" "@" "NYK" "W" 9 1 39.85 0.589 0.462 5.5 24 14.8 10.5 8.1 0 18.3 25.8 105 80 19.4 6
"75" "38" 1997-04-06 37.91 "ORL" "" "CHI" "L" -16 0 12.1833333333333 0.387 0.333 0 23.5 11.6 0 0 7.7 20.5 19.3 66 124 1.2 -6.6
"76" "39" 1997-04-08 37.91 "ORL" "@" "MIL" "W" 15 0 17.75 0.51 0.4 12.7 25.4 19 9 3.1 0 0 16 127 91 6.4 0.7
"77" "40" 1997-04-10 37.92 "ORL" "@" "TOR" "W" 36 0 21.5 0.678 0.75 5.3 28.6 19.2 0 0 3.9 13.1 17.2 116 67 7.4 -1.3
"78" "41" 1997-04-12 37.92 "ORL" "" "BOS" "W" 23 0 12.0333333333333 0.773 0.667 0 31.4 18 0 0 0 0 13.1 169 97 5.5 0.7
"79" "42" 1997-04-14 37.93 "ORL" "" "DET" "W" 9 0 15.6333333333333 0.615 0.5 8.4 19.4 13.5 12 3.7 0 0 15.1 147 102 6.2 5
"80" "43" 1997-04-16 37.93 "ORL" "@" "CLE" "L" -15 0 19.6833333333333 0.481 0.429 5.6 38.2 22.1 0 5.8 4.2 19.4 26.3 79 71 6.2 5
"81" "44" 1997-04-18 37.94 "ORL" "@" "WSB" "L" -11 0 9.2 0 0 11.6 11.3 11.5 0 0 0 0 5 59 118 -0.1 -8.7
"82" "45" 1997-04-19 37.94 "ORL" "" "MIA" "L" -14 1 45.2666666666667 0.335 0.3 15.6 19.6 17.6 14.3 1.2 7.6 16.1 12 92 112 11.3 -0.9
"1" "1" 1997-10-31 38.48 "ORL" "" "ATL" "L" -6 0 2.01666666666667 1.136 NA 0 75 33.3 0 0 0 0 20.9 250 109 2.3 26.4
"2" "" 1997-11-02 38.48 "ORL" "@" "BOS" "W" 11 NA NA NA NA NA NA NA NA NA NA NA NA NA NA NA NA
"3" "2" 1997-11-04 38.49 "ORL" "@" "MIL" "L" -34 0 7.21666666666667 0.521 0.5 14.3 20.8 16.9 0 0 0 0 18.1 120 125 1.8 -2.7
"4" "" 1997-11-05 38.49 "ORL" "@" "CHI" "L" -13 NA NA NA NA NA NA NA NA NA NA NA NA NA NA NA NA
"5" "3" 1997-11-07 38.5 "ORL" "@" "DET" "W" 5 0 2.78333333333333 NA NA 0 0 0 0 0 0 NA 0 0 107 -1.2 -27.5
"6" "4" 1997-11-08 38.5 "ORL" "" "TOR" "W" 9 0 2 1 1 54.5 0 28.2 0 0 0 0 22.3 201 105 2.4 26.2
"7" "5" 1997-11-22 38.54 "ORL" "@" "PHI" "W" 14 0 7.83333333333333 0 0 0 12 6.9 0 0 7.8 0 11.3 0 99 -1.2 -14.8
"8" "6" 1997-11-24 38.54 "ORL" "" "WAS" "W" 8 0 6.61666666666667 0.266 0 0 12 7.4 38.1 0 0 0 13.1 98 105 1.6 6.1
"9" "7" 1997-11-26 38.55 "ORL" "" "MIA" "L" -24 0 19.5166666666667 0.592 0.4 4.9 11.2 7.8 0 5.9 8.3 37.2 26.5 77 91 4 -0.3
"10" "8" 1997-11-28 38.55 "ORL" "" "MIL" "W" 4 0 17.6166666666667 0.5 0.5 6.7 0 3.4 0 0 0 50 10.3 56 117 -1.5 -13.7
"11" "9" 1997-11-30 38.56 "ORL" "@" "SEA" "L" -22 0 13.0333333333333 0.25 0.25 9.2 0 4.9 0 4.2 0 20 18.2 51 116 -0.9 -15.1
"12" "10" 1997-12-02 38.56 "ORL" "@" "POR" "W" 1 0 17.2166666666667 0.5 0.5 0 42.8 19.6 0 0 0 0 5.5 105 102 1.7 -5.7
"13" "11" 1997-12-03 38.57 "ORL" "@" "VAN" "W" 4 0 18.55 0.658 0.667 0 15.2 7.1 11.6 0 3.8 0 25.5 134 112 8.7 1.3
"14" "12" 1997-12-05 38.57 "ORL" "@" "GSW" "L" -15 0 11.9666666666667 0 0 0 0 0 0 0 0 0 10.9 0 117 -2.9 -20
"15" "13" 1997-12-06 38.58 "ORL" "@" "LAC" "W" 4 1 33.15 0.444 0.444 9.9 30.6 19.5 10.7 0 0 25 17.2 81 94 4.6 -7.8
"16" "14" 1997-12-08 38.58 "ORL" "" "PHI" "W" 9 0 14.8833333333333 0.354 0.333 8.4 20.4 15.1 0 7.2 8.8 16.8 36.6 69 78 2.9 -8.4
"17" "15" 1997-12-10 38.59 "ORL" "" "CHI" "W" 8 0 10.5666666666667 0.41 0.333 9.9 10.9 10.4 0 0 6.6 12 33.2 92 116 2.5 -8.9
"18" "16" 1997-12-11 38.59 "ORL" "@" "DAL" "W" 10 0 14.5833333333333 0.5 0.5 14.5 8.2 11.6 0 0 0 33.3 9.2 92 117 0.5 -12.4
"19" "17" 1997-12-13 38.59 "ORL" "@" "SAS" "L" -29 0 13.4166666666667 0.581 0.5 7.7 13.2 9.7 0 0 0 0 23.8 130 125 5.6 2
"20" "18" 1997-12-18 38.61 "ORL" "" "UTA" "L" -12 0 7.98333333333333 0.5 0.5 0 15.4 7.9 0 0 0 0 12.7 97 107 0.9 -5
"21" "19" 1997-12-20 38.61 "ORL" "" "IND" "L" -3 0 3.6 0 0 0 0 0 0 0 0 0 10.3 0 121 -0.7 -16.9
"22" "20" 1997-12-22 38.62 "ORL" "" "NJN" "L" -11 0 7.75 0.333 0.333 0 0 0 0 0 0 0 17.8 80 127 -0.5 -17.2
"23" "21" 1997-12-26 38.63 "ORL" "@" "IND" "L" -26 1 22.4166666666667 0.429 0.429 0 15 5.4 0 2.5 0 22.2 18.2 66 121 -0.1 -13.4
"24" "22" 1997-12-27 38.63 "ORL" "" "CHH" "W" 9 0 6.1 0 0 0 0 0 0 0 0 50 17 0 112 -2.5 -27.6
"25" "23" 1997-12-30 38.64 "ORL" "" "NYK" "L" -5 0 5.48333333333333 0 0 0 0 0 0 0 0 0 9.4 0 105 -1.5 -18.8
"26" "24" 1998-01-02 38.65 "ORL" "" "CLE" "L" -10 0 18.05 0.25 0.25 6.1 6.3 6.2 0 0 0 50 21 30 104 -4.6 -21.7
"27" "25" 1998-01-03 38.65 "ORL" "@" "NYK" "L" -4 0 10.0166666666667 0.26 0 13 14.5 13.7 0 6 0 0 28.6 76 103 1 -11.8
"28" "26" 1998-01-05 38.66 "ORL" "" "SAS" "L" -5 0 17.75 0.102 0 5.3 6.5 5.9 19 3.2 0 17 15.4 40 91 -1 -9.3
"29" "27" 1998-01-07 38.66 "ORL" "@" "TOR" "W" 2 0 7.21666666666667 0.5 0.5 0 31.9 15.8 26.2 7.9 0 50 26.9 54 76 0.9 -5.9
"30" "28" 1998-01-08 38.67 "ORL" "@" "NJN" "L" -2 0 4.38333333333333 0.5 0.5 21.3 24.6 22.9 0 0 0 0 18.6 122 103 1.2 -5.2
"31" "29" 1998-01-10 38.67 "ORL" "" "BOS" "W" 8 0 4.38333333333333 NA NA 0 22.6 13.8 0 13.2 0 NA 0 0 62 1.3 10.9
"32" "30" 1998-01-13 38.68 "ORL" "@" "DEN" "W" 14 0 21.15 0.74 0.6 7.9 23.6 15.8 0 2.8 0 12.9 19 140 104 7.3 -4.3
"33" "31" 1998-01-14 38.68 "ORL" "@" "SAC" "L" -12 0 15.5666666666667 0.712 0.6 7.1 13.3 10.3 0 3.3 0 0 17.9 153 114 9 6.6
"34" "32" 1998-01-16 38.69 "ORL" "@" "PHO" "L" -25 0 13.2666666666667 0 0 0 11.5 5.2 10.9 4.4 0 50 7.2 23 125 -0.5 -9.2
"35" "33" 1998-01-17 38.69 "ORL" "@" "UTA" "L" -14 0 16.5333333333333 0.515 0.333 11.8 9.4 10.9 0 6.9 4.7 0 10.6 137 117 4.7 1.4
"36" "34" 1998-01-19 38.7 "ORL" "@" "LAL" "L" -3 0 17.35 0.598 0.571 8.3 6.1 7.1 0 0 5 9.8 25.3 117 104 6 1.6
"37" "35" 1998-01-21 38.7 "ORL" "" "MIL" "L" -7 0 12.0666666666667 0 0 0 0 0 14.8 0 0 50 7.8 23 117 -1 -9
"38" "36" 1998-01-23 38.71 "ORL" "@" "MIA" "L" -12 0 6.56666666666667 1 1 13.7 0 8.9 27.3 8.2 0 0 6.4 204 113 3.7 18.4
"39" "37" 1998-01-28 38.72 "ORL" "@" "DET" "L" -5 0 4.15 0 0 32.4 35.3 33.8 0 0 0 0 11.7 56 100 -0.1 -13.3
"40" "38" 1998-01-29 38.72 "ORL" "@" "HOU" "W" 7 1 24.6333333333333 0.678 0.5 9.1 18.3 13.7 6.4 0 3 31.1 16.4 106 101 5.6 -4.7
"41" "39" 1998-01-31 38.73 "ORL" "" "PHO" "L" -2 0 2.16666666666667 NA NA 0 0 0 0 0 0 NA 0 0 116 -0.4 -14.9
"42" "40" 1998-02-03 38.74 "ORL" "" "ATL" "W" 1 0 6.21666666666667 0.333 0.333 17.8 0 9.3 0 0 0 0 22.8 96 114 0.2 -14.4
"43" "41" 1998-02-05 38.74 "ORL" "" "WAS" "W" 10 0 17.4 0.5 0.5 7.1 6.1 6.6 0 0 11.8 33.3 8.1 76 95 1.9 -2.5
"44" "42" 1998-02-10 38.76 "ORL" "@" "IND" "L" -19 0 15.7 0.307 0.25 20 13.6 16.9 0 3.5 4 0 14.8 89 96 4.2 2.8
"45" "" 1998-02-11 38.76 "ORL" "@" "MIN" "W" 7 NA NA NA NA NA NA NA NA NA NA NA NA NA NA NA NA
"46" "43" 1998-02-13 38.76 "ORL" "" "NYK" "L" -16 0 17.7166666666667 0.765 0.8 6.5 16.7 11 0 3.2 4.7 0 30.6 152 114 15.6 23.6
"47" "44" 1998-02-16 38.77 "ORL" "@" "ATL" "W" 4 1 36.0333333333333 0.425 0.3 15.5 22.7 19.3 8.9 0 3.7 7.8 16.4 104 90 10.7 1.9
"48" "45" 1998-02-18 38.78 "ORL" "" "MIN" "W" 13 1 22.3166666666667 0.468 0.4 12.1 13.1 12.7 6.4 0 0 7.8 24.8 105 107 6 -7.7
"49" "46" 1998-02-20 38.78 "ORL" "" "IND" "W" 2 1 29.45 0.605 0.571 20.2 18.9 19.6 7 2 0 6.3 25.6 135 111 15.6 6.9
"50" "47" 1998-02-22 38.79 "ORL" "" "LAL" "W" 2 1 23.9833333333333 0.615 0.5 5.1 14 9.8 29.6 0 0 17 22.2 125 114 8.4 1.9
"51" "48" 1998-02-25 38.8 "ORL" "" "DAL" "W" 21 1 31.4 0.508 0.429 24.4 24.4 24.4 4.9 0 2.5 0 11.4 146 93 10.5 1.4
"52" "49" 1998-02-27 38.8 "ORL" "" "TOR" "L" -8 1 29.3833333333333 0.305 0.231 17.8 16.7 17.3 6 0 2.6 6.3 24 85 103 4.6 -8
"53" "50" 1998-02-28 38.81 "ORL" "@" "CHH" "L" -10 1 30.6166666666667 0.5 0.5 17.2 5.3 12.6 6.7 0 2.6 9.1 16.3 112 115 7.6 -1.6
"54" "51" 1998-03-04 38.82 "ORL" "" "SEA" "W" 13 1 27.7166666666667 0.518 0.4 21.4 4.6 13.4 15.8 0 2.9 12.9 13.5 132 112 8.7 2.5
"55" "52" 1998-03-06 38.82 "ORL" "" "CLE" "W" 2 1 24.9 0.333 0.333 6.6 16.3 11.9 7.1 2.3 0 50 12.2 48 98 -1.4 -9.7
"56" "53" 1998-03-09 38.83 "ORL" "@" "PHI" "W" 10 1 26.4166666666667 0.47 0.455 10.9 28.4 18.5 0 2.2 3.2 7.3 23.2 103 88 8.1 -1.3
"57" "54" 1998-03-10 38.83 "ORL" "@" "NYK" "L" -7 1 17.1166666666667 0 0 0 0 0 18.8 3.5 0 25 11.6 24 105 -1.1 -7.3
"58" "55" 1998-03-13 38.84 "ORL" "" "CHH" "L" -18 1 34.1666666666667 0.521 0.467 8.6 22.9 14.8 6.1 1.6 0 0 22.3 118 109 13.7 2.7
"59" "56" 1998-03-15 38.85 "ORL" "" "MIA" "L" -3 1 38.0333333333333 0.595 0.5 7.4 8.8 8.2 16 3.1 0 14.5 17.2 122 98 12.2 7.5
"60" "57" 1998-03-17 38.85 "ORL" "" "VAN" "W" 7 1 25.4333333333333 0.579 0.444 12.8 9.1 11 6.8 2.3 2.8 0 22 144 109 12 3.1
"61" "58" 1998-03-19 38.86 "ORL" "@" "NJN" "L" -6 1 24.6 0.307 0.25 0 8.9 4.9 5.6 0 2.6 17 11.3 62 113 0 -9.1
"62" "59" 1998-03-20 38.86 "ORL" "" "POR" "W" 15 1 18.1 0.788 0.75 6.7 13 9.9 11.6 0 4.4 10.1 25.2 145 98 10.9 9.7
"63" "60" 1998-03-22 38.87 "ORL" "" "GSW" "W" 9 1 24.7833333333333 0.41 0.3 4 12.8 8.3 0 0 2.6 0 22.3 100 102 4.5 -10
"64" "61" 1998-03-24 38.87 "ORL" "@" "ATL" "L" -12 1 31.2666666666667 0.442 0.417 6.9 8.4 7.6 20.9 3.9 0 13.9 22.7 93 108 7.9 1.1
"65" "62" 1998-03-25 38.87 "ORL" "" "CHI" "L" -15 1 19.95 0.51 0.4 0 25.3 11.6 0 0 0 14.5 16.5 96 105 2.7 -4.5
"66" "63" 1998-03-27 38.88 "ORL" "" "HOU" "W" 25 1 28.45 0.714 0.714 17.4 26.7 21.6 0 1.9 3.1 22.2 14 117 87 11.1 1.8
"67" "64" 1998-03-29 38.88 "ORL" "@" "TOR" "W" 27 1 29.9166666666667 0.551 0.5 4.2 21.5 14.2 5 0 7 8.4 17.4 122 77 10.4 2.4
"68" "65" 1998-03-31 38.89 "ORL" "@" "CLE" "L" -7 1 25.1166666666667 0.481 0.429 0 19.7 8.9 0 0 3.4 0 15.2 101 109 5 -4
"69" "66" 1998-04-01 38.89 "ORL" "" "BOS" "L" -11 1 17.5833333333333 0.5 0.5 16 0 8.6 10.4 3 0 0 9.8 134 113 5 3.6
"70" "67" 1998-04-05 38.9 "ORL" "@" "WAS" "L" -3 1 27.9666666666667 0.338 0.25 10.5 18.5 14 5.4 0 2.4 18.4 17.9 75 99 3.1 -7.4
"71" "68" 1998-04-06 38.91 "ORL" "" "PHI" "W" 21 1 19.8166666666667 0.417 0.2 0 12.6 6.2 0 0 0 0 15.9 106 107 1.9 -12.5
"72" "69" 1998-04-08 38.91 "ORL" "" "DET" "W" 8 1 16.8666666666667 0.4 0.4 7.2 12.8 10.2 8.5 6.7 4 28.6 19.3 71 92 3.6 -0.7
"73" "70" 1998-04-10 38.92 "ORL" "@" "BOS" "L" -2 0 12 NA NA 9.2 0 4.4 14.7 0 0 NA 0 208 99 0.2 -4.8
"74" "71" 1998-04-11 38.92 "ORL" "@" "CHI" "L" -9 1 14.25 0 0 8.8 0 4.3 0 0 0 0 6.8 29 110 -0.7 -6.9
"75" "72" 1998-04-15 38.93 "ORL" "@" "MIA" "W" 12 1 21.1833333333333 0.338 0.25 5.7 6.7 6.2 0 2.6 0 0 20 82 102 1.6 -9.2
"76" "73" 1998-04-17 38.94 "ORL" "" "NJN" "W" 12 1 10.15 0.667 0.667 0 0 0 0 0 0 0 13.6 142 126 1.9 -7.2
"77" "74" 1998-04-19 38.94 "ORL" "@" "CHH" "L" -13 1 13.9 0.25 0.25 0 18 8.2 0 3.8 0 33.3 19.8 34 96 -1.6 -15.1
"1" "1" 1999-02-05 39.74 "ORL" "" "NYK" "W" 8 0 10.3 0.665 0.5 0 0 0 0 0 0 21 20.7 109 100 2.2 -2.6
"2" "2" 1999-02-06 39.75 "ORL" "@" "PHI" "L" -20 0 6.01666666666667 NA NA 0 0 0 0 0 0 NA 0 0 114 -1.2 -14.1
"3" "3" 1999-02-08 39.75 "ORL" "" "BOS" "W" 17 0 3.8 NA NA 0 0 0 0 0 17.4 NA 0 0 95 -0.1 -2.8
"4" "4" 1999-02-10 39.76 "ORL" "@" "NJN" "W" 8 0 6.61666666666667 NA NA 0 0 0 0 0 0 NA 0 0 111 0 -10.8
"5" "5" 1999-02-11 39.76 "ORL" "@" "DET" "W" 6 0 9.03333333333333 0 0 9.9 14.8 11.9 16.2 0 0 0 4.8 82 99 0.2 -4.4
"6" "" 1999-02-14 39.77 "ORL" "" "MIL" "W" 3 NA NA NA NA NA NA NA NA NA NA NA NA NA NA NA NA
"7" "6" 1999-02-16 39.77 "ORL" "@" "CLE" "L" -12 0 4.13333333333333 1 1 0 0 0 0 0 0 50 21.7 64 112 0.3 -9.1
"8" "" 1999-02-17 39.78 "ORL" "" "WAS" "W" 11 NA NA NA NA NA NA NA NA NA NA NA NA NA NA NA NA
"9" "" 1999-02-19 39.78 "ORL" "@" "ATL" "W" 5 NA NA NA NA NA NA NA NA NA NA NA NA NA NA NA NA
"10" "" 1999-02-21 39.79 "ORL" "" "HOU" "W" 26 NA NA NA NA NA NA NA NA NA NA NA NA NA NA NA NA
"11" "" 1999-02-22 39.79 "ORL" "" "SAC" "W" 11 NA NA NA NA NA NA NA NA NA NA NA NA NA NA NA NA
"12" "" 1999-02-24 39.79 "ORL" "@" "BOS" "L" -32 NA NA NA NA NA NA NA NA NA NA NA NA NA NA NA NA
"13" "7" 1999-02-26 39.8 "ORL" "" "IND" "W" 3 0 2.01666666666667 0 0 53 60.2 56.4 0 0 0 0 43.9 32 100 -0.8 -42.5
"14" "8" 1999-02-28 39.81 "ORL" "@" "MIA" "L" -6 0 2.45 0 0 0 0 0 0 0 0 0 24.4 0 113 -1.1 -30.8
"15" "" 1999-03-01 39.81 "ORL" "" "ATL" "W" 3 NA NA NA NA NA NA NA NA NA NA NA NA NA NA NA NA
"16" "" 1999-03-03 39.81 "ORL" "" "CHH" "W" 17 NA NA NA NA NA NA NA NA NA NA NA NA NA NA NA NA
"17" "" 1999-03-15 39.85 "ORL" "" "PHI" "W" 1 NA NA NA NA NA NA NA NA NA NA NA NA NA NA NA NA
"18" "" 1999-03-17 39.85 "ORL" "" "CHI" "W" 9 NA NA NA NA NA NA NA NA NA NA NA NA NA NA NA NA
"19" "" 1999-03-18 39.85 "ORL" "@" "NYK" "W" 8 NA NA NA NA NA NA NA NA NA NA NA NA NA NA NA NA
"20" "" 1999-03-21 39.86 "ORL" "" "LAL" "L" -11 NA NA NA NA NA NA NA NA NA NA NA NA NA NA NA NA
"21" "" 1999-03-23 39.87 "ORL" "" "CHH" "W" 8 NA NA NA NA NA NA NA NA NA NA NA NA NA NA NA NA
"22" "" 1999-03-25 39.87 "ORL" "" "CLE" "W" 10 NA NA NA NA NA NA NA NA NA NA NA NA NA NA NA NA
"23" "9" 1999-03-26 39.88 "ORL" "@" "CHH" "L" -8 0 22.3 0.667 0.667 0 23 10.6 0 0 0 25 8 100 108 1.7 -3.9
"24" "" 1999-03-28 39.88 "ORL" "" "MIA" "W" 7 NA NA NA NA NA NA NA NA NA NA NA NA NA NA NA NA
"25" "10" 1999-03-30 39.89 "ORL" "" "NJN" "W" 2 0 3.56666666666667 0 0 0 0 0 0 0 0 0 14.2 0 111 -0.7 -15.2
"26" "11" 1999-03-31 39.89 "ORL" "@" "WAS" "L" -11 0 9.31666666666667 0 0 0 14.8 7.4 20.5 0 0 50 10.5 21 104 -1.5 -12.3
"27" "12" 1999-04-02 39.9 "ORL" "@" "CHI" "W" 47 0 7.08333333333333 0.333 0.333 0 14 8.9 0 0 0 0 20.2 82 81 0.2 -15.7
"28" "" 1999-04-03 39.9 "ORL" "@" "DET" "W" 15 NA NA NA NA NA NA NA NA NA NA NA NA NA NA NA NA
"29" "" 1999-04-05 39.9 "ORL" "" "BOS" "W" 7 NA NA NA NA NA NA NA NA NA NA NA NA NA NA NA NA
"30" "" 1999-04-06 39.91 "ORL" "@" "NYK" "W" 9 NA NA NA NA NA NA NA NA NA NA NA NA NA NA NA NA
"31" "13" 1999-04-08 39.91 "ORL" "@" "CLE" "W" 4 0 1.76666666666667 0 0 0 0 0 0 0 0 0 22.5 0 96 -0.7 -25.4
"32" "" 1999-04-09 39.92 "ORL" "" "MIL" "W" 12 NA NA NA NA NA NA NA NA NA NA NA NA NA NA NA NA
"33" "" 1999-04-14 39.93 "ORL" "@" "IND" "L" -3 NA NA NA NA NA NA NA NA NA NA NA NA NA NA NA NA
"34" "14" 1999-04-16 39.93 "ORL" "@" "ATL" "L" -12 1 15.6333333333333 0.2 0.2 0 9.7 3.9 11.9 3.8 0 0 15.6 58 106 0.5 -5.3
"35" "" 1999-04-18 39.94 "ORL" "" "DET" "W" 7 NA NA NA NA NA NA NA NA NA NA NA NA NA NA NA NA
"36" "" 1999-04-19 39.94 "ORL" "@" "TOR" "L" -18 NA NA NA NA NA NA NA NA NA NA NA NA NA NA NA NA
"37" "" 1999-04-20 39.95 "ORL" "@" "MIL" "L" -12 NA NA NA NA NA NA NA NA NA NA NA NA NA NA NA NA
"38" "" 1999-04-22 39.95 "ORL" "" "MIA" "L" -5 NA NA NA NA NA NA NA NA NA NA NA NA NA NA NA NA
"39" "15" 1999-04-23 39.95 "ORL" "" "TOR" "L" -7 0 0.333333333333333 NA NA 0 0 0 0 0 0 NA 0 0 121 0 -5.8
"40" "16" 1999-04-25 39.96 "ORL" "@" "PHI" "L" -17 0 6.81666666666667 0.5 0.5 0 17.1 8.9 0 0 0 33.3 19.7 58 112 0.3 -9.7
"41" "17" 1999-04-27 39.96 "ORL" "@" "IND" "W" 1 0 23.1666666666667 0.773 0.667 7.7 4.4 5.6 6 0 0 34 13.8 112 121 3.2 -2.6
"42" "18" 1999-04-28 39.97 "ORL" "" "WAS" "W" 7 0 7.6 0.521 0.5 0 0 0 0 0 7.9 25.8 23 76 99 0.5 -9
"43" "" 1999-04-30 39.97 "ORL" "" "NJN" "W" 12 NA NA NA NA NA NA NA NA NA NA NA NA NA NA NA NA
"44" "19" 1999-05-05 39.99 "ORL" "@" "CHI" "W" 20 0 1.86666666666667 1 1 0 0 0 0 0 0 0 22.2 200 99 1.7 18.4
