"Rk" "G" "Date" "Age" "Tm" "H/A" "Opp" "W/L" "By Amt" "GS" "MP" "TS%" "eFG%" "ORB%" "DRB%" "TRB%" "AST%" "STL%" "BLK%" "TOV%" "USG%" "ORtg" "DRtg" "GmSc" "BPM"
"1" "1" 1997-10-31 20.68 "PHI" "" "MIL" "L" -15 0 12.85 0.368 0.4 0 11.5 4.8 0 0 0 15.5 22.2 61 120 -0.6 -15.8
"2" "2" 1997-11-01 20.68 "PHI" "@" "CHI" "L" -20 0 18.7333333333333 0.398 0.4 0 28.7 14 13.4 5.4 0 8.1 27.8 84 90 5.6 3.6
"3" "3" 1997-11-05 20.69 "PHI" "" "ATL" "L" -5 0 19.35 0.357 0.357 0 0 0 16.9 2.9 0 12.5 19.6 75 111 2.3 -3.5
"4" "4" 1997-11-06 20.69 "PHI" "@" "MIL" "L" -7 0 1.46666666666667 1 1 0 0 0 0 0 0 0 46.3 200 126 1.7 29.7
"5" "5" 1997-11-09 20.7 "PHI" "" "SEA" "L" -7 0 10.5333333333333 0.761 0.786 0 0 0 0 0 0 20.2 39.2 105 120 6.3 1.2
"6" "6" 1997-11-12 20.71 "PHI" "@" "HOU" "W" 14 0 0.933333333333333 NA NA 0 0 0 0 0 0 NA 0 0 125 0 -7.1
"7" "" 1997-11-13 20.71 "PHI" "@" "DAL" "W" 1 NA NA NA NA NA NA NA NA NA NA NA NA NA NA NA NA
"8" "7" 1997-11-15 20.72 "PHI" "" "BOS" "L" -6 0 6.2 0.643 0.7 35.6 15.1 24.5 66.7 0 11 0 36.8 136 101 7 28.8
"9" "8" 1997-11-19 20.73 "PHI" "" "WAS" "W" 11 0 13.0166666666667 0.258 0 18.5 7.2 12.2 11.2 3.9 9.7 0 13.4 93 84 3.9 5.4
"10" "9" 1997-11-22 20.74 "PHI" "" "ORL" "L" -14 0 21.6166666666667 0.509 0.417 13.1 11.8 12.5 0 0 0 12.7 33 98 123 7.9 -6.4
"11" "10" 1997-11-26 20.75 "PHI" "" "CLE" "L" -6 0 12.5833333333333 0.425 0.4 0 8.8 4.5 32.7 0 0 0 19.5 100 105 3.6 -0.1
"12" "11" 1997-11-28 20.75 "PHI" "" "LAL" "W" 10 0 13.9166666666667 0.637 0.667 15.6 32.7 23.9 13 3.8 0 0 26.5 141 98 11.1 14.6
"13" "12" 1997-11-30 20.76 "PHI" "@" "IND" "L" -12 0 19.8666666666667 0.87 0.8 0 19.2 6.6 8.8 0 4.3 0 14.2 185 121 9.5 7.7
"14" "13" 1997-12-03 20.77 "PHI" "@" "MIA" "L" -4 0 9.75 0.509 0.5 13 12.6 12.8 18.2 5.2 8.4 0 30.6 121 91 5.8 18.5
"15" "14" 1997-12-05 20.77 "PHI" "@" "NJN" "L" -19 1 27.1 0.784 0.813 9.9 10.2 10 0 1.9 0 16.4 19.3 134 115 12.6 8.5
"16" "15" 1997-12-07 20.78 "PHI" "" "NYK" "W" 15 0 12.9333333333333 0.5 0.5 21.7 15.7 18.2 0 0 0 0 14.6 119 92 3.2 -2.1
"17" "16" 1997-12-08 20.78 "PHI" "@" "ORL" "L" -9 0 8.81666666666667 0.643 0.643 45.4 14 31.4 0 0 0 0 33.2 147 112 8.4 24.3
"18" "17" 1997-12-10 20.79 "PHI" "" "TOR" "L" -7 0 14.4166666666667 0.417 0.417 7 0 3.9 22.7 7.4 4.8 14.3 21.2 95 105 5.4 6.1
"19" "18" 1997-12-12 20.79 "PHI" "" "DEN" "W" 15 0 18.8333333333333 0.786 0.786 0 25.3 14.7 10.8 2.7 0 12.5 19.6 122 91 8.7 3.2
"20" "19" 1997-12-13 20.79 "PHI" "@" "NYK" "L" -12 0 18.8333333333333 0.688 0.688 5.7 20.6 13.6 0 0 0 27.3 27.5 98 110 6.3 1.4
"21" "20" 1997-12-15 20.8 "PHI" "@" "BOS" "L" -17 0 24.5833333333333 0.694 0.643 9.4 14 11.7 0 0 2.8 9 19.2 130 105 10.7 5.7
"22" "21" 1997-12-17 20.81 "PHI" "" "MIN" "L" -4 0 15.2333333333333 0.381 0.286 0 20 9.8 11.6 0 0 11.3 26.5 78 104 1.3 -10.7
"23" "22" 1997-12-19 20.81 "PHI" "" "MIA" "L" -7 1 34.7833333333333 0.515 0.423 7.8 7.2 7.5 27.2 1.6 2.5 15.4 26.2 103 110 12.5 4.9
"24" "23" 1997-12-20 20.81 "PHI" "@" "DET" "L" -37 1 26.8333333333333 0.451 0.4 3.9 18.9 11.5 16.2 0 0 7.6 22.3 92 124 5 -6.1
"25" "24" 1997-12-22 20.82 "PHI" "" "DET" "L" -4 1 28.3166666666667 0.523 0.467 3.7 14.3 8.4 10.1 1.9 0 5.5 30.5 102 105 10.2 0.8
"26" "25" 1997-12-27 20.83 "PHI" "@" "GSW" "W" 7 1 33.8 0.576 0.538 10.3 5.8 8.1 0 1.6 0 6.3 20.6 122 95 12.5 2.4
"27" "26" 1997-12-28 20.84 "PHI" "@" "SAC" "L" -2 1 25.7333333333333 0.398 0.333 10.3 0 6.1 0 3.9 6.3 15.5 31 78 96 5.8 -4.1
"28" "27" 1997-12-30 20.84 "PHI" "@" "POR" "L" -10 1 21.35 0.648 0.654 5.1 10.4 7.7 15.2 2.6 0 6.7 30.8 123 110 11.3 9.9
"29" "28" 1998-01-01 20.85 "PHI" "@" "VAN" "W" 11 1 26.4166666666667 0.952 1 5.3 17.2 11.8 11.2 0 0 38.8 22.2 105 122 8.4 -4.3
"30" "29" 1998-01-02 20.85 "PHI" "@" "SEA" "L" -17 1 31.8 0.571 0.5 6.8 22.1 13.5 7.3 0 0 33.7 16.6 85 107 4.1 -3.9
"31" "" 1998-01-04 20.85 "PHI" "@" "LAL" "W" 6 NA NA NA NA NA NA NA NA NA NA NA NA NA NA NA NA
"32" "" 1998-01-06 20.86 "PHI" "@" "UTA" "L" -3 NA NA NA NA NA NA NA NA NA NA NA NA NA NA NA NA
"33" "30" 1998-01-13 20.88 "PHI" "" "VAN" "W" 18 0 25.85 0.673 0.607 9 3.6 6 26.2 1.9 0 10.5 32.4 133 102 18.3 7.6
"34" "31" 1998-01-15 20.88 "PHI" "" "CHI" "W" 10 0 24.0333333333333 0.667 0.667 12.5 14.3 13.3 0 0 2.7 10 18.6 132 112 8.8 2.2
"35" "32" 1998-01-17 20.89 "PHI" "" "GSW" "W" 28 0 30.8333333333333 0.588 0.545 4 11.9 8.5 29.3 3.4 2.1 0 18.1 144 91 17.3 8.7
"36" "33" 1998-01-19 20.9 "PHI" "" "SAC" "W" 13 0 25.95 0.394 0.375 4.3 10.9 7.9 0 2.1 0 10.1 17.8 79 100 2.6 -11.9
"37" "34" 1998-01-21 20.9 "PHI" "@" "MIA" "L" -5 0 30.9666666666667 0.678 0.654 0 12.6 6.5 7.3 0 0 11.9 26.9 119 111 12.5 4.7
"38" "35" 1998-01-23 20.91 "PHI" "" "POR" "W" 11 0 28.3333333333333 0.37 0.25 4.4 7.8 6.2 16.8 1.8 0 0 21.6 96 97 5.8 -1.4
"39" "36" 1998-01-24 20.91 "PHI" "@" "CLE" "L" -19 0 22.4833333333333 0.431 0.5 8.9 6 7.6 8.5 0 0 23.9 30.9 72 130 1.7 -9.9
"40" "37" 1998-01-26 20.92 "PHI" "@" "TOR" "L" -4 1 31.8 0.543 0.5 6.5 3.8 5.3 16.7 1.7 5.8 31.8 26.1 80 102 7.4 -3
"41" "38" 1998-01-28 20.92 "PHI" "" "IND" "L" -3 1 37.9333333333333 0.406 0.318 0 2.7 1.5 0 1.4 0 7.5 16.1 83 101 3 -3.4
"42" "39" 1998-01-29 20.92 "PHI" "@" "ATL" "L" -10 1 34.9166666666667 0.808 0.75 3.7 10.6 7.2 5.6 0 0 14.5 19.2 137 119 13.9 6.4
"43" "40" 1998-01-31 20.93 "PHI" "" "HOU" "L" -16 1 25.1833333333333 0.643 0.643 11 15.6 13.3 13.1 0 0 0 13.4 148 123 7.8 -0.7
"44" "41" 1998-02-02 20.93 "PHI" "" "PHO" "L" -9 0 17.9 0.512 0.375 22.2 15.2 18.8 17.8 3.1 0 0 25.8 141 124 10.3 5.2
"45" "42" 1998-02-04 20.94 "PHI" "" "MIA" "L" -14 0 31.0833333333333 0.202 0.111 3.6 7.9 5.7 12.2 1.9 0 9.2 17.2 57 123 -0.4 -12.9
"46" "43" 1998-02-11 20.96 "PHI" "" "DAL" "W" 1 1 23.3166666666667 0.643 0.625 0 13.3 7.7 12.7 4.7 0 7.4 27.5 123 96 12.2 7.8
"47" "44" 1998-02-13 20.96 "PHI" "@" "CHH" "L" -7 1 20.05 0.51 0.4 0 12 6.8 7.7 2.9 0 0 15 117 123 4.8 -3.7
"48" "45" 1998-02-14 20.97 "PHI" "" "NJN" "L" -7 1 36.8833333333333 0.742 0.688 2.8 12.2 7.9 0 1.4 0 9.9 22.9 138 113 19.8 6
"49" "46" 1998-02-17 20.98 "PHI" "" "CLE" "W" 1 1 29.6 0.435 0.3 10.7 5 8.3 17 1.8 0 13.7 21.5 102 116 7.5 -3.1
"50" "47" 1998-02-19 20.98 "PHI" "@" "IND" "L" -5 1 33.5333333333333 0.396 0.306 8.1 16.4 11.9 0 3.4 2.2 0 25.7 114 95 10.5 6.4
"51" "48" 1998-02-21 20.99 "PHI" "@" "NJN" "W" 9 1 31.8166666666667 0.462 0.462 11.3 3 6.7 0 0 0 18.8 22.5 89 110 3.9 -6.3
"52" "49" 1998-02-22 20.99 "PHI" "" "IND" "L" -5 1 31.9833333333333 0.543 0.542 0 8.1 4.1 5.4 3.6 0 7.2 22.3 103 117 9.1 -0.6
"53" "50" 1998-02-24 20.99 "PHI" "@" "PHO" "W" 1 1 23.7166666666667 0.359 0.313 4.9 25 14.8 7.1 8.5 0 9.3 19.4 77 77 6.1 3.2
"54" "51" 1998-02-25 21 "PHI" "@" "LAC" "L" -9 1 24.4833333333333 0.511 0.5 11.3 25.8 16.7 0 4.1 0 15.7 21.6 99 113 7.6 -1.1
"55" "52" 1998-02-27 21 "PHI" "@" "DEN" "W" 1 1 31.8833333333333 0.786 0.786 3.4 11 7.1 6.4 0 0 22.2 13.7 122 109 7.2 -1.1
"56" "53" 1998-02-28 21.01 "PHI" "@" "SAS" "L" -12 1 3.2 NA NA 0 47.1 18.8 47.1 0 0 NA 0 212 115 1 5.1
"57" "" 1998-03-04 21.02 "PHI" "" "MIL" "W" 7 NA NA NA NA NA NA NA NA NA NA NA NA NA NA NA NA
"58" "" 1998-03-06 21.02 "PHI" "" "NYK" "W" 9 NA NA NA NA NA NA NA NA NA NA NA NA NA NA NA NA
"59" "54" 1998-03-08 21.03 "PHI" "@" "WAS" "L" -9 1 22.5333333333333 0.549 0.417 0 16.4 9.5 16.8 2.4 5.4 0 17.1 124 107 8.6 8
"60" "55" 1998-03-09 21.03 "PHI" "" "ORL" "L" -10 1 31.05 0.384 0.25 11.9 12.1 12 13.3 0 0 13.3 36.5 84 108 4.7 -7.5
"61" "56" 1998-03-11 21.04 "PHI" "" "WAS" "W" 2 1 14.5 0.571 0.643 14.5 29.1 21.8 0 0 0 11.3 27 102 95 5.7 1.8
"62" "57" 1998-03-13 21.04 "PHI" "" "ATL" "W" 21 1 29.9333333333333 0.727 0.708 3.7 17.4 10.8 0 1.8 0 17.9 23.4 121 95 13.8 4.3
"63" "58" 1998-03-14 21.04 "PHI" "@" "MIL" "W" 4 1 28.05 0.564 0.375 4.8 19.6 12.1 5.2 1.9 0 20.7 24 103 102 7.6 -4.4
"64" "59" 1998-03-17 21.05 "PHI" "@" "NYK" "L" -4 1 35.6833333333333 0.7 0.6 0 16.2 6.7 5.5 1.4 0 11.3 22 128 111 14.7 1.9
"65" "60" 1998-03-18 21.05 "PHI" "@" "DET" "W" 8 1 23.0833333333333 0.34 0.2 14.6 14.2 14.4 6.4 2.4 0 14.5 25.8 87 111 3.7 -9.5
"66" "61" 1998-03-20 21.06 "PHI" "" "UTA" "L" -12 1 20.5 0.676 0.625 5.6 13.9 9.3 17.3 0 0 31.1 15.4 100 111 3.9 -1.4
"67" "62" 1998-03-22 21.07 "PHI" "@" "BOS" "L" -18 1 26.15 0.531 0.458 16.8 10.3 13.8 24.3 4 0 16.6 31 105 114 12.9 5.4
"68" "63" 1998-03-23 21.07 "PHI" "" "DET" "L" -15 1 19.7333333333333 0.563 0.563 5.2 0 2.8 14.6 0 0 0 22.1 119 122 4.6 -1.3
"69" "64" 1998-03-25 21.07 "PHI" "" "NJN" "L" -5 1 34.0166666666667 0.421 0.364 4 3.5 3.8 4.8 1.6 0 7.8 17.3 97 108 3.6 -6.2
"70" "65" 1998-03-27 21.08 "PHI" "" "SAS" "L" -25 1 33.1666666666667 0.364 0.353 10.6 8.8 9.8 5.7 0 0 14.4 28.9 76 127 1.1 -11.8
"71" "66" 1998-03-29 21.08 "PHI" "" "BOS" "W" 5 1 20.8333333333333 0.654 0.667 5.7 5.9 5.8 0 0 0 30.4 20.8 83 109 3.2 -9
"72" "67" 1998-03-31 21.09 "PHI" "@" "CHH" "L" -8 1 28.9 0.679 0.679 7.2 5.5 6.5 6.4 0 0 6.7 23.7 129 120 12.6 4.1
"73" "68" 1998-04-01 21.09 "PHI" "@" "WAS" "W" 21 1 20.4833333333333 0.111 0.111 0 15 8.4 5.9 0 0 25 25.6 25 99 -6.1 -24.6
"74" "69" 1998-04-03 21.1 "PHI" "" "LAC" "W" 15 1 23.0166666666667 0.509 0.5 11.8 10.8 11.3 0 4.5 0 0 13 121 80 7 0.8
"75" "70" 1998-04-05 21.1 "PHI" "" "TOR" "W" 12 1 17.1 0.564 0.563 14.5 12.5 13.4 17.3 0 0 9.3 28.2 119 119 7.4 -3.4
"76" "71" 1998-04-06 21.11 "PHI" "@" "ORL" "L" -21 1 35 0.46 0.444 3.6 10.5 7.1 5 3 0 16.2 31.5 84 123 7.1 -6.3
"77" "72" 1998-04-08 21.11 "PHI" "" "CHH" "W" 8 1 15.1833333333333 0.444 0.2 8.4 0 4.2 19.5 0 0 30.7 30.5 82 120 2 -12.7
"78" "73" 1998-04-10 21.12 "PHI" "@" "MIN" "L" -5 1 9.33333333333333 0.694 0.5 0 0 0 16.3 0 0 41 22.5 87 117 0.9 -9
"79" "74" 1998-04-11 21.12 "PHI" "@" "CLE" "L" -11 1 20.9166666666667 0.477 0.444 0 12.7 6.1 0 0 0 24.1 26.5 74 121 0.7 -12.6
"80" "75" 1998-04-14 21.13 "PHI" "@" "ATL" "L" -1 1 26.2833333333333 0.7 0.7 14.2 20 17 19.1 2.1 0 16.7 20.4 134 107 12.2 9.8
"81" "76" 1998-04-17 21.14 "PHI" "" "CHI" "L" -7 1 24.4166666666667 0.509 0.5 0 10 5.3 0 2.3 0 12.7 15.9 88 103 3 -4.5
"82" "77" 1998-04-19 21.14 "PHI" "@" "TOR" "W" 29 1 27.8666666666667 0.423 0.188 6.1 10.5 8.2 19.8 0 0 22 19.3 95 91 6.6 -4.3
"1" "1" 1999-02-05 21.94 "PHI" "@" "CHH" "W" 12 0 15.2333333333333 0.595 0.5 0 27.2 13.6 62.5 0 0 0 18.3 148 80 8.2 17.8
"2" "2" 1999-02-06 21.95 "PHI" "" "ORL" "W" 20 0 14.4333333333333 0.666 0.563 8.2 22.4 15.6 16.9 3.8 0 9.3 34.6 137 79 10.5 16
"3" "3" 1999-02-09 21.95 "PHI" "" "DET" "W" 4 0 14.7666666666667 0.833 0.833 7.3 0 3.8 0 3.8 5.3 33.3 26.6 97 107 6.8 8.1
"4" "4" 1999-02-12 21.96 "PHI" "" "SAS" "L" -4 0 19.1166666666667 0.387 0.333 17.2 5.7 11.5 9.2 0 0 0 9.3 122 118 2.8 -4.4
"5" "5" 1999-02-14 21.97 "PHI" "" "ATL" "W" 8 0 12.1666666666667 0.4 0.4 0 8.5 5.1 23.5 0 6.9 16.7 24.3 76 88 1.2 -1.6
"6" "6" 1999-02-16 21.97 "PHI" "" "MIL" "L" -1 0 8.18333333333333 0.667 0.667 0 12.8 7.7 52.2 0 0 25 25 111 115 3.4 6.1
"7" "7" 1999-02-18 21.98 "PHI" "@" "IND" "L" -4 0 8.23333333333333 0.25 0.25 0 0 0 0 0 0 0 22.2 65 126 -0.4 -13.6
"8" "8" 1999-02-19 21.98 "PHI" "" "NYK" "L" -11 0 8.35 0 0 0 19.4 7.9 0 7.2 0 40 30.1 0 86 -2.8 -22.4
"9" "" 1999-02-20 21.98 "PHI" "" "ATL" "L" -7 NA NA NA NA NA NA NA NA NA NA NA NA NA NA NA NA
"10" "" 1999-02-22 21.99 "PHI" "@" "CLE" "W" 9 NA NA NA NA NA NA NA NA NA NA NA NA NA NA NA NA
"11" "9" 1999-02-24 21.99 "PHI" "" "SAC" "W" 13 0 9.91666666666667 0 0 9.4 20 14.5 11.7 0 0 0 12.2 36 87 -0.1 -7.9
"12" "10" 1999-02-25 22 "PHI" "@" "CHI" "W" 18 0 9.3 0.5 0.5 0 26 13.5 0 0 0 33.3 15.1 64 91 -0.2 -14.2
"13" "11" 1999-02-28 22.01 "PHI" "@" "MIL" "W" 11 0 5.6 0 0 0 52.2 28.2 50 0 0 50 15.1 41 76 0.6 -2.8
"14" "12" 1999-03-01 22.01 "PHI" "@" "WAS" "W" 13 0 10.8666666666667 0.436 0.5 0 12.1 5.7 15.1 0 0 12.7 31.6 79 103 1 -11.9
"15" "13" 1999-03-03 22.01 "PHI" "" "CHI" "W" 16 0 19.25 0.785 0.7 0 18.9 10 7.8 0 0 28.2 24.3 117 99 5.9 -2.5
"16" "14" 1999-03-05 22.02 "PHI" "" "MIA" "L" -11 0 8.41666666666667 0.725 0 0 20.7 7.3 0 0 13.3 0 14.8 185 107 4.3 13.1
"17" "15" 1999-03-07 22.02 "PHI" "" "WAS" "L" -8 0 14.2666666666667 0.45 0.375 0 18 8.1 0 0 0 10.1 29.7 90 105 2.4 -5.1
"18" "16" 1999-03-08 22.03 "PHI" "@" "MIA" "L" -2 0 3.61666666666667 0 0 26.7 0 15.6 0 0 0 0 33.3 22 112 -1.4 -30.8
"19" "17" 1999-03-10 22.03 "PHI" "" "CHH" "W" 15 0 7.73333333333333 0.798 1 0 11.5 6.4 0 0 0 0 10 157 85 2.6 3.4
"20" "18" 1999-03-12 22.04 "MIL" "@" "IND" "L" -5 0 6.2 0.5 0.5 0 0 0 0 0 0 0 14.9 115 133 1 -6.4
"21" "19" 1999-03-14 22.04 "MIL" "@" "WAS" "L" -12 0 18.7166666666667 0.333 0.333 6.6 0 2.9 0 0 3.6 0 7.5 90 122 0.9 -6.3
"22" "20" 1999-03-15 22.05 "MIL" "" "NYK" "L" -6 0 7.58333333333333 0.868 0.75 0 0 0 0 0 0 0 16.3 195 131 3.6 7.9
"23" "21" 1999-03-16 22.05 "MIL" "" "PHO" "L" -18 0 23.5 0.882 1 0 12.9 5.7 27.3 2.3 0 9.4 21.7 155 128 15.2 15.7
"24" "22" 1999-03-18 22.05 "MIL" "" "BOS" "W" 16 1 21.8666666666667 0.732 0.688 5.6 5 5.3 0 4.8 0 0 19.4 147 92 10.8 7.3
"25" "23" 1999-03-20 22.06 "MIL" "@" "ATL" "W" 6 1 15.8166666666667 0.518 0.4 15.8 0 7.7 24 3.7 0 0 21.8 130 102 7.3 9.1
"26" "24" 1999-03-21 22.06 "MIL" "" "CHH" "L" -7 1 4.81666666666667 1 1 21.8 0 11.7 0 0 0 0 9.1 202 117 1.6 1.3
"27" "25" 1999-03-22 22.07 "MIL" "" "DET" "W" 29 1 22.9166666666667 0.678 0.75 12.6 21.3 17.8 0 0 0 0 13.6 147 91 7.1 0.5
"28" "26" 1999-03-24 22.07 "MIL" "" "MIA" "L" -8 1 14.3166666666667 0.643 0.643 8 7.8 7.9 0 3.9 6.7 0 24.8 123 91 7.6 17.9
"29" "27" 1999-03-26 22.08 "MIL" "@" "DET" "L" -5 1 11.4833333333333 0.174 0.25 0 32.4 16.4 0 0 0 25.8 31.3 25 101 -5.5 -34.7
"30" "28" 1999-03-28 22.08 "MIL" "@" "MIN" "W" 9 1 16.5 0.4 0.4 17.6 0 7.7 10.7 0 0 0 15.5 108 110 3 -3.9
"31" "29" 1999-03-30 22.09 "MIL" "" "WAS" "W" 2 1 17.3833333333333 0.676 0.625 8.1 0 3.6 0 3 0 10.1 26.3 124 118 8.7 4.5
"32" "30" 1999-03-31 22.09 "MIL" "@" "CHH" "W" 8 1 19.4166666666667 0.667 0.667 9.7 12.3 11.3 13.9 2.9 9.4 14.3 17.9 132 101 8.7 13.3
"33" "31" 1999-04-02 22.1 "MIL" "@" "BOS" "W" 1 1 16.8333333333333 0.333 0.333 12.3 6.1 9.2 0 3.3 0 0 17.6 87 100 2.9 -3.9
"34" "32" 1999-04-04 22.1 "MIL" "@" "CLE" "L" -24 1 24.3166666666667 0.504 0.533 8.9 5 7.1 13.3 0 0 5.9 35.6 94 121 7.3 -2.4
"35" "33" 1999-04-06 22.11 "MIL" "@" "PHI" "L" -8 1 16.2333333333333 0.444 0.2 20.5 8.6 15.2 0 0 5.2 22.8 25.8 92 121 2 -11.8
"36" "34" 1999-04-07 22.11 "MIL" "" "CLE" "W" 8 1 13.0666666666667 0.515 0.333 0 21.1 12.3 10.8 4.6 0 34 24.4 82 105 2.2 -6.6
"37" "35" 1999-04-09 22.12 "MIL" "@" "ORL" "L" -12 1 19.45 0.571 0.571 0 25.3 13 0 2.9 4.4 0 17.6 120 100 7.2 5
"38" "36" 1999-04-11 22.12 "MIL" "@" "MIA" "L" -3 1 17.4 0.532 0.5 17.1 0 9.1 8.3 0 0 21 14.2 108 124 2.5 -6.1
"39" "37" 1999-04-13 22.13 "MIL" "" "ATL" "W" 7 1 20.35 0.509 0.5 7.1 5.9 6.4 8.1 2.9 0 0 18.2 114 106 5.9 -0.5
"40" "38" 1999-04-14 22.13 "MIL" "" "MIA" "W" 12 0 10.35 0.645 0.5 11.7 0 6.4 36.4 6.2 0 13.9 36.5 131 107 7.3 16.7
"41" "39" 1999-04-16 22.13 "MIL" "" "CHH" "L" -1 0 18.2166666666667 0.654 0.6 0 18.6 9.9 9.5 2.9 0 0 19.8 141 105 8.3 4.7
"42" "40" 1999-04-18 22.14 "MIL" "@" "CHI" "L" -2 0 17.0666666666667 0.773 0.667 26.3 14.5 20.7 0 6.6 0 34 16.4 111 85 6.5 3.7
"43" "41" 1999-04-20 22.15 "MIL" "" "ORL" "W" 12 1 26.5833333333333 0.46 0.45 5.2 7 6.3 11.1 4.1 2.9 15.5 24.6 87 94 6.4 0.2
"44" "42" 1999-04-21 22.15 "MIL" "@" "IND" "L" -8 1 31.2 0.567 0.533 14.2 4 9.4 0 1.7 0 13.9 31.7 107 111 12 2.1
"45" "43" 1999-04-23 22.15 "MIL" "" "CLE" "W" 4 1 20.6833333333333 0.615 0.5 6 5.3 5.6 9.8 0 0 0 11.5 153 102 4.9 3.2
"46" "44" 1999-04-25 22.16 "MIL" "@" "ATL" "L" -15 1 24.5666666666667 0.564 0.563 0 10.1 5.2 21 5.1 3.5 0 22.4 122 106 10.3 15.8
"47" "45" 1999-04-26 22.16 "MIL" "" "WAS" "W" 8 1 15.8833333333333 0.512 0.5 0 7.1 3.4 0 0 0 17 16.6 89 110 0.7 -11
"48" "46" 1999-04-28 22.17 "MIL" "" "TOR" "W" 13 1 24.25 0.784 0.833 7.1 18.6 14.1 0 0 3.5 13 30.7 131 112 14.5 2
"49" "47" 1999-04-30 22.17 "MIL" "" "DET" "L" -5 1 23.8 0.349 0.333 15 25 19.4 34.8 0 0 7.2 29.8 86 102 4.5 -4
"50" "48" 1999-05-01 22.18 "MIL" "@" "BOS" "W" 9 1 22.1833333333333 0.212 0.222 4.8 5.5 5.1 7.9 2.5 0 24.1 26.1 44 97 -3.4 -17
"51" "49" 1999-05-04 22.18 "MIL" "" "TOR" "W" 13 1 33.1 0.458 0.458 7.5 3.2 5.2 21 1.6 0 25 21.6 84 97 4.9 -3.4
"52" "50" 1999-05-05 22.19 "MIL" "@" "NJN" "L" -8 1 27.7833333333333 0.673 0.682 10.1 21.4 16.2 10.4 1.9 0 7.8 21.5 134 123 13.4 4
"1" "1" 1999-11-02 22.68 "MIL" "@" "HOU" "W" 5 0 18.2333333333333 0.619 0.563 7.2 0 3.5 0 0 0 10.1 26.5 117 116 5.9 -1.7
"2" "2" 1999-11-04 22.69 "MIL" "@" "ATL" "W" 10 0 25.25 0.543 0.462 18.7 17.9 18.3 13 3.8 0 11.3 29 115 104 14.5 1.2
"3" "3" 1999-11-06 22.69 "MIL" "" "DET" "W" 10 0 14.2166666666667 0.357 0.357 9.3 8.8 9 9 6.8 5.4 0 22 89 98 4.5 -0.1
"4" "" 1999-11-08 22.7 "MIL" "@" "NYK" "L" -10 NA NA NA NA NA NA NA NA NA NA NA NA NA NA NA NA
"5" "" 1999-11-10 22.7 "MIL" "@" "CHH" "L" -6 NA NA NA NA NA NA NA NA NA NA NA NA NA NA NA NA
"6" "4" 1999-11-12 22.71 "MIL" "" "PHO" "W" 15 0 24.5 0.541 0.429 0 4.2 2.4 11.4 4.3 0 10.7 18.6 106 99 6.8 1.1
"7" "5" 1999-11-13 22.71 "MIL" "@" "CLE" "L" -5 0 15.6333333333333 0.82 1 0 6.8 3.6 0 2.9 8.3 45 10.9 65 108 1.7 -4.5
"8" "6" 1999-11-16 22.72 "MIL" "" "LAC" "W" 8 0 22.2833333333333 0.41 0.25 5.9 14.5 11.2 11.9 2.4 0 17 12.6 93 97 4.1 -3.6
"9" "7" 1999-11-18 22.73 "MIL" "" "SAS" "W" 11 0 20.9666666666667 0.583 0.583 5.2 5.7 5.4 14.7 2.5 0 25 17.3 100 99 5 2.8
"10" "8" 1999-11-20 22.73 "MIL" "" "UTA" "L" -11 0 25.5 0.73 0.722 4.5 6.4 5.3 0 0 0 0 21.4 148 126 12.1 4.4
"11" "9" 1999-11-21 22.73 "MIL" "@" "DET" "L" -19 0 28.05 0.222 0.2 0 10.7 4.8 9.2 1.9 0 12.9 13.1 54 124 -0.5 -11.5
"12" "10" 1999-11-24 22.74 "MIL" "" "CHI" "W" 7 0 22.5833333333333 0.581 0.5 0 18.4 8.7 37.6 0 0 12.7 16.1 126 114 8 2.5
"13" "11" 1999-11-26 22.75 "MIL" "@" "BOS" "W" 2 0 28.1833333333333 1.095 1.083 0 15.2 8.3 0 0 0 11.4 14.4 191 127 13.8 4
"14" "12" 1999-11-27 22.75 "MIL" "" "PHI" "L" -3 0 26.95 0.3 0.3 19.3 10.9 15 0 2 2.2 9.1 17.7 79 91 3.7 -4.9
"15" "13" 1999-12-02 22.76 "MIL" "" "NYK" "L" -4 1 35.0166666666667 0.451 0.357 6.2 17.1 11.4 0 1.7 2 10.7 25.6 97 102 8.2 0.4
"16" "14" 1999-12-04 22.77 "MIL" "@" "CHI" "W" 1 0 10.6166666666667 NA NA 0 9.3 5.6 0 0 0 100 4.5 0 107 -2.7 -20.7
"17" "15" 1999-12-05 22.77 "MIL" "" "DAL" "W" 6 0 27.9166666666667 0.528 0.455 4.4 12.5 8.6 5.1 0 0 7.5 19.5 107 102 8.2 -2.8
"18" "16" 1999-12-07 22.78 "MIL" "" "DET" "L" -4 0 23.6166666666667 0.533 0.5 10.8 17.6 14.1 9.8 0 0 0 14.7 141 127 7.5 -0.7
"19" "17" 1999-12-08 22.78 "MIL" "@" "NJN" "L" -17 0 22.8833333333333 0.376 0.375 0 28.5 14.9 0 0 0 8.6 22.8 76 115 0.4 -12.5
"20" "18" 1999-12-10 22.79 "MIL" "@" "TOR" "W" 16 0 26.9 0.545 0.545 4.9 8.3 6.8 16 0 3 15.4 22 105 107 8.4 -0.5
"21" "19" 1999-12-11 22.79 "MIL" "" "DEN" "L" -2 0 29.6 0.651 0.667 7.8 19.2 14.1 5.4 0 2.5 8.5 17 125 105 12.1 4
"22" "20" 1999-12-15 22.8 "MIL" "@" "ORL" "W" 17 0 21.5166666666667 0.429 0.429 14.9 0 7.4 0 4.7 0 0 27.3 108 103 7.9 -2.3
"23" "21" 1999-12-16 22.8 "MIL" "@" "MIA" "W" 1 0 23.15 0.394 0.375 0 21.7 11.9 13.6 0 0 0 17.9 94 106 4.3 -3.7
"24" "22" 1999-12-18 22.81 "MIL" "" "IND" "W" 14 0 25.55 0.712 0.6 4.3 20 11.5 10.1 2 3.7 24 14.4 120 101 8.5 2
"25" "23" 1999-12-20 22.81 "MIL" "@" "PHO" "L" -7 0 29.6666666666667 0.847 0.833 4.3 13.3 9.4 5.4 3.2 0 24.1 18.3 123 107 12.9 4.7
"26" "24" 1999-12-21 22.82 "MIL" "@" "SAC" "L" -13 0 29.5833333333333 0.346 0.346 3.8 10.2 7.2 20.3 0 0 7.1 20.5 82 117 4.1 -4.7
"27" "25" 1999-12-23 22.82 "MIL" "@" "SAS" "W" 3 0 21.55 0.5 0.5 14.5 5.2 10 15.9 0 0 14.3 14.4 113 113 4.2 -2.1
"28" "26" 1999-12-26 22.83 "MIL" "" "MIA" "W" 8 0 19.0833333333333 0.563 0.563 0 21.1 9.1 9.8 0 0 11.1 20.8 104 98 5.2 0.8
"29" "27" 1999-12-29 22.84 "MIL" "@" "CHH" "L" -4 0 19.4833333333333 0.649 0.583 5.6 8 6.6 0 0 0 12 36.1 120 127 10 -3.5
"30" "28" 1999-12-30 22.84 "MIL" "" "CLE" "W" 1 0 31.9833333333333 0.683 0.667 7.1 3.7 5.4 6 0 2.2 9.5 15.1 132 102 10.5 2.1
"31" "29" 2000-01-03 22.85 "MIL" "@" "PHI" "L" -4 0 30.95 0.699 0.708 3.6 4.5 4 0 3.3 0 23.7 22.3 105 116 9.4 2.2
"32" "30" 2000-01-04 22.85 "MIL" "" "ATL" "W" 3 0 29.3 0.697 0.625 14.2 4.9 9.6 12.2 0 0 17.7 18.1 132 131 11.1 -1.9
"33" "31" 2000-01-06 22.86 "MIL" "@" "DET" "L" -6 0 26.7833333333333 0.592 0.45 4.2 8.3 6.3 6.9 7.9 0 12.9 26.9 113 102 12.2 5.7
"34" "32" 2000-01-08 22.87 "MIL" "" "WAS" "W" 1 0 35.3333333333333 0.444 0.469 3.7 9.7 6.9 13.7 3 4.4 0 21.4 105 113 12.1 1.9
"35" "33" 2000-01-10 22.87 "MIL" "" "CHH" "W" 50 0 27.7333333333333 1.182 1.25 0 22.9 14.1 19.9 0 0 18.4 18 163 99 20.7 18.5
"36" "34" 2000-01-12 22.88 "MIL" "" "LAL" "L" -9 0 33.6 0.509 0.417 3.4 7.4 5.4 0 2.9 0 46.6 16.9 55 107 -0.3 -9
"37" "35" 2000-01-14 22.88 "MIL" "@" "TOR" "L" -5 0 18.45 0.75 0.75 7.2 7.2 7.2 8 0 7.8 33.3 22.6 100 126 5.7 0.5
"38" "36" 2000-01-15 22.88 "MIL" "" "TOR" "W" 21 0 28.3 0.635 0.607 10.7 14.1 12.9 13.7 1.8 2.1 6 27.5 125 99 15.6 5.9
"39" "37" 2000-01-17 22.89 "MIL" "@" "ATL" "W" 6 0 23.2166666666667 0.557 0.5 13.9 22 17.6 6.6 2.3 0 9.2 20.7 125 109 9.5 2.4
"40" "38" 2000-01-19 22.9 "MIL" "@" "IND" "L" -22 0 30.9666666666667 0.486 0.4 3.3 14.7 8.7 0 1.6 2.8 26.1 21.1 75 110 4 -5.1
"41" "39" 2000-01-20 22.9 "MIL" "" "SEA" "L" -8 0 24.55 0.678 0.667 4.4 4.7 4.5 0 0 0 8.8 20.7 124 125 8.5 -1.2
"42" "40" 2000-01-26 22.92 "MIL" "" "SAC" "W" 8 0 27.8833333333333 0.444 0.429 3.4 17.4 11 9.8 1.7 0 20.2 13.9 85 100 4.6 -4.1
"43" "41" 2000-01-28 22.92 "MIL" "@" "LAL" "L" -28 0 31.1333333333333 0.357 0.357 0 12.2 5.6 5 3.2 0 30 13.4 55 117 0.3 -7
"44" "42" 2000-01-29 22.92 "MIL" "@" "SEA" "W" 2 0 31.7 0.522 0.464 7 3.2 5 5.2 0 0 0 21.1 121 113 9.4 -1.2
"45" "43" 2000-01-31 22.93 "MIL" "@" "VAN" "W" 5 0 22.1833333333333 0.429 0.429 5.3 9.9 7.7 23 2.4 0 22.2 18.8 82 99 3.9 -4.8
"46" "44" 2000-02-02 22.93 "MIL" "@" "DEN" "L" -23 0 25.1 0.327 0.25 0 24.8 9.8 15.1 0 3.2 6.8 23.8 86 143 2.8 -12.2
"47" "45" 2000-02-03 22.94 "MIL" "@" "UTA" "W" 3 0 21.3 0.368 0.3 5.6 5.6 5.6 15.2 0 12.5 8.4 27 85 111 5.6 -2.8
"48" "46" 2000-02-05 22.94 "MIL" "" "TOR" "L" -3 0 30.6666666666667 0.448 0.308 3.2 20.5 12.3 16.1 1.6 2.1 18.3 29.2 88 98 8.7 -0.5
"49" "47" 2000-02-07 22.95 "MIL" "" "POR" "L" -4 0 19 0.4 0.4 0 21.7 11.1 0 0 0 28.6 17.2 57 129 -1 -16
"50" "48" 2000-02-09 22.95 "MIL" "" "NYK" "L" -6 0 28.3333333333333 0.673 0.636 0 21.4 9.9 11.5 0 0 7.8 21.7 122 122 11.9 1.4
"51" "49" 2000-02-15 22.97 "MIL" "@" "DAL" "W" 13 0 23.55 0.286 0.286 4.3 4.8 4.5 5.3 0 0 12.5 14.3 73 116 0.2 -11.5
"52" "50" 2000-02-17 22.98 "MIL" "" "IND" "L" -2 0 20.3333333333333 0.307 0.25 0 22.5 9 0 0 0 17 13.5 58 112 -1.5 -13.4
"53" "51" 2000-02-19 22.98 "MIL" "" "VAN" "L" -11 0 25.4666666666667 0.557 0.556 15.8 0 7.9 0 0 0 9.2 18.7 113 127 5 -6.4
"54" "52" 2000-02-22 22.99 "MIL" "@" "WAS" "L" -25 0 26.1166666666667 0.284 0.182 0 28 11.4 9.9 1.9 0 14 22.6 65 129 1.6 -11.7
"55" "53" 2000-02-23 22.99 "MIL" "" "GSW" "L" -5 0 21.8833333333333 0.353 0.3 0 7.9 4.3 8.2 2.3 0 8.1 26.4 69 99 1.9 -8.5
"56" "54" 2000-02-25 23 "MIL" "" "PHI" "L" -14 0 34.3333333333333 0.463 0.409 6.9 4.4 5.8 18.6 3.1 2.2 20.2 18.8 93 108 8.7 4.6
"57" "55" 2000-02-27 23 "MIL" "" "ORL" "W" 7 0 27.3166666666667 0.59 0.45 4 12.4 8.2 6.2 0 0 12.2 26.4 120 106 9.9 0
"58" "56" 2000-03-02 23.01 "MIL" "@" "NYK" "L" -15 0 30.2333333333333 0.876 0.8 4 26.7 12.5 9 1.9 3.3 0 23.6 183 123 24.9 19.8
"59" "57" 2000-03-04 23.02 "MIL" "" "MIN" "L" -7 0 27.85 0.468 0.462 0 18 8.7 14.5 0 0 6.7 25.4 95 113 6.3 -2.1
"60" "58" 2000-03-06 23.02 "MIL" "" "ATL" "W" 33 0 25.9166666666667 0.913 0.929 5.3 10 7.7 4.8 0 0 0 15.1 200 95 14.7 13.8
"61" "59" 2000-03-08 23.03 "MIL" "@" "BOS" "L" -11 0 26.3666666666667 0.742 0.714 0 9.9 5.4 5.8 0 2.3 10.2 16.4 129 119 8.6 -0.3
"62" "60" 2000-03-10 23.04 "MIL" "" "NJN" "L" -28 0 35.4833333333333 0.452 0.452 8.7 13 10.7 5.7 1.4 1.9 8.7 27.7 91 117 10.8 1.7
"63" "61" 2000-03-12 23.04 "MIL" "" "CLE" "W" 31 0 24.65 0.902 0.85 4.7 18.7 11.7 15 2.1 3.4 14.1 25.1 153 75 19.6 22
"64" "62" 2000-03-14 23.05 "MIL" "@" "MIA" "L" -4 0 28.5833333333333 0.575 0.5 8.9 9.5 9.2 11.4 0 2.8 6 26.8 134 134 13.2 3.1
"65" "63" 2000-03-16 23.05 "MIL" "" "HOU" "W" 10 0 22.7666666666667 0.683 0.667 17.9 5.1 11 6.4 2.3 0 12 17 136 110 7.7 -0.1
"66" "64" 2000-03-18 23.06 "MIL" "@" "NJN" "L" -2 0 30.5666666666667 0.741 0.708 0 19.2 9.4 14.3 0 0 11.4 26.6 136 98 16.7 14.6
"67" "65" 2000-03-19 23.06 "MIL" "@" "MIN" "L" -27 0 32.1666666666667 0.694 0.667 10.5 18.8 14 12.2 3.4 0 18.8 15.4 125 119 12.9 6
"68" "66" 2000-03-23 23.07 "MIL" "@" "IND" "W" 21 0 25.7166666666667 0.763 0.708 0 16.8 8.9 0 4 0 22.5 30 112 90 13.4 4.3
"69" "67" 2000-03-24 23.07 "MIL" "" "MIA" "L" -12 0 25.1833333333333 0.167 0.167 5.1 12.4 8.3 6 0 3.2 25 32.2 36 126 -6.1 -27.2
"70" "68" 2000-03-26 23.08 "MIL" "" "BOS" "W" 15 0 26.2666666666667 0.4 0.333 5 11.2 7.9 5.5 0 0 0 24.6 95 100 5.4 -5.2
"71" "69" 2000-03-30 23.09 "MIL" "@" "LAC" "W" 19 0 22.6833333333333 0.353 0.273 0 27.8 14.6 0 4.3 0 7.3 26.7 69 83 3.3 -10.6
"72" "70" 2000-04-01 23.1 "MIL" "@" "POR" "L" -34 0 29.8833333333333 0.261 0.214 11.4 4.2 8 6.1 0 0 16.4 27.9 57 133 -2.1 -16.8
"73" "71" 2000-04-02 23.1 "MIL" "@" "GSW" "W" 4 0 34.65 0.727 0.727 0 3 1.6 17.5 1.4 0 21.4 16.8 119 121 10.2 0.1
"74" "72" 2000-04-04 23.1 "MIL" "" "CHI" "W" 19 0 25.4833333333333 0.484 0.462 4.4 18.7 11.3 7.5 2.2 0 6.9 27.2 98 85 6.9 -3
"75" "73" 2000-04-06 23.11 "MIL" "@" "CHI" "L" -2 0 27.55 0.376 0.25 17.1 31.1 23.2 16.4 2.1 0 0 15.3 117 99 8.9 0.8
"76" "74" 2000-04-08 23.12 "MIL" "" "NJN" "W" 8 0 19.75 0.751 0.75 12.3 12.6 12.5 9 2.7 0 13.1 33.6 135 115 15.7 13.1
"77" "75" 2000-04-10 23.12 "MIL" "" "ORL" "W" 17 0 26.2666666666667 0.619 0.563 9.7 12 11 5.8 3.8 0 36 22.6 84 89 5 -4.2
"78" "76" 2000-04-12 23.13 "MIL" "@" "CLE" "W" 1 0 27.6166666666667 0.506 0.45 12.2 17.9 15.2 5.7 1.8 2.5 21.6 21.8 93 102 7 -3.1
"79" "77" 2000-04-14 23.13 "MIL" "" "CHH" "L" -3 0 30.5666666666667 0.595 0.55 11.3 24.1 17.5 0 1.8 0 7.8 19.5 118 109 10.9 3.2
"80" "78" 2000-04-15 23.13 "MIL" "@" "WAS" "W" 4 0 35.45 0.571 0.571 7.6 2.9 4.9 8.7 0 0 18.6 13.9 109 118 5.8 -5.6
"81" "79" 2000-04-17 23.14 "MIL" "@" "ORL" "W" 2 0 32.4 0.501 0.412 3.4 12.8 8.2 7.3 0 0 8.7 30.6 104 94 10.9 0.8
"82" "80" 2000-04-19 23.15 "MIL" "" "WAS" "W" 5 0 23.2 0.638 0.55 0 8.9 4.9 19.8 4.6 5.7 7.8 26.6 127 109 13.9 9.9
"1" "1" 2000-10-31 23.68 "MIL" "@" "DAL" "L" -4 0 22.65 0.45 0.375 4.3 7.7 6.1 0 4.4 0 7 26.6 99 99 5.1 -1.2
"2" "2" 2000-11-02 23.68 "MIL" "@" "HOU" "L" -22 0 22.15 0.47 0.429 0 24.9 12 7.9 2.4 0 11.8 18.3 93 124 4 -4.8
"3" "3" 2000-11-04 23.69 "MIL" "" "DET" "W" 9 0 30.15 0.625 0.556 8.4 18.6 13.8 22.1 0 0 15.2 19.5 120 96 12.6 4.5
"4" "4" 2000-11-07 23.7 "MIL" "" "NYK" "L" -14 1 42.7333333333333 0.442 0.417 2.6 19.1 10 19.6 1.3 0 0 14.6 108 116 11.2 0.2
"5" "5" 2000-11-08 23.7 "MIL" "@" "IND" "L" -11 1 38.55 0.366 0.357 7.5 12 9.6 16.2 1.4 2 8.4 27.2 88 122 7.9 -5.2
"6" "6" 2000-11-11 23.71 "MIL" "" "MIN" "L" -11 0 28.3833333333333 0.694 0.667 0 3.9 2.1 0 5.7 0 10.4 15.8 128 116 10.5 4.4
"7" "7" 2000-11-15 23.72 "MIL" "" "ATL" "W" 10 0 21.6 0.625 0.625 0 21.3 10.9 9 5.3 0 20 23.8 97 80 7.1 4.5
"8" "8" 2000-11-17 23.73 "MIL" "" "CLE" "W" 13 0 24.4666666666667 0.506 0.444 0 0 0 26.3 2.1 5.9 0 18.6 115 84 10.1 12.2
"9" "9" 2000-11-18 23.73 "MIL" "@" "TOR" "L" -9 0 22.3666666666667 0.463 0.409 13.9 5.7 10.3 0 0 7.3 14.4 27.9 95 126 4.3 -5.9
"10" "10" 2000-11-22 23.74 "MIL" "" "POR" "L" -9 0 33.15 0.444 0.438 6.9 18.2 11.8 0 0 0 19.2 30.6 75 115 2.8 -10.4
"11" "11" 2000-11-24 23.75 "MIL" "" "CHH" "L" -16 1 30.6833333333333 0.335 0.167 5.8 9.7 7.3 5.2 0 0 5.7 25.1 87 133 2.7 -12.9
"12" "12" 2000-11-25 23.75 "MIL" "@" "WAS" "L" -7 1 41.3833333333333 0.336 0.324 5.6 10.6 8.2 17.3 1.2 3.3 0 18.5 91 113 7.9 -2.5
"13" "13" 2000-11-27 23.75 "MIL" "@" "ORL" "W" 9 1 33.1 0.436 0.361 10.9 6.1 8.3 25.7 0 2.5 0 27.9 110 104 11.9 -1.7
"14" "14" 2000-11-28 23.76 "MIL" "@" "MIA" "W" 1 0 24.25 0.381 0.286 4.7 10 7.2 6.3 2.3 0 38.8 24.2 58 116 -0.9 -13.9
"15" "15" 2000-11-30 23.76 "MIL" "" "BOS" "W" 11 0 30.4 0.623 0.636 15 4.2 9.1 9.5 3.5 0 12.8 25 118 107 13.1 -0.6
"16" "16" 2000-12-02 23.77 "MIL" "@" "ATL" "L" -7 0 25.0166666666667 0.634 0.556 4.5 8.3 6.5 14.1 0 2.8 27.2 32.4 97 109 8.3 -0.1
"17" "17" 2000-12-03 23.77 "MIL" "" "IND" "W" 12 1 32.7166666666667 0.546 0.458 6.3 39.3 21 0 1.6 3.2 12 21.8 107 85 12.5 3.9
"18" "18" 2000-12-06 23.78 "MIL" "@" "NJN" "W" 22 0 20.75 0.396 0.2 13.4 10.6 11.9 5.9 2.6 3.6 38.8 21.9 69 94 -0.1 -14.6
"19" "19" 2000-12-07 23.78 "MIL" "" "PHO" "L" -8 0 29.3833333333333 0.506 0.5 0 9.7 4.3 0 1.9 2.7 15.5 21 92 123 4.7 -4.4
"20" "20" 2000-12-09 23.79 "MIL" "" "WAS" "W" 8 0 24.9166666666667 0.512 0.438 4.9 13.1 9.3 0 0 5.2 17 21.5 89 98 5 -3.8
"21" "21" 2000-12-12 23.79 "MIL" "@" "LAL" "W" 4 0 20.4166666666667 0.254 0.143 5.9 0 2.6 13.1 0 0 20.2 22.9 62 121 -0.8 -15.8
"22" "22" 2000-12-13 23.8 "MIL" "@" "UTA" "W" 9 0 25.65 0.618 0.357 0 18.5 10 0 6.3 3.2 8.7 20.4 133 104 12 8.2
"23" "23" 2000-12-15 23.8 "MIL" "" "TOR" "W" 7 0 25.8666666666667 0.465 0.333 4.2 5.1 4.6 11.4 4.1 0 0 18.9 116 106 8.5 2.8
"24" "24" 2000-12-17 23.81 "MIL" "@" "NYK" "L" -3 0 31.65 0.666 0.591 6.1 7.7 6.8 0 1.7 0 7.3 20.3 132 107 11.7 4.6
"25" "25" 2000-12-21 23.82 "MIL" "" "NJN" "W" 2 0 28.4333333333333 0.714 0.722 0 6.6 3.6 0 3.6 2.6 15.2 21.1 115 84 11.4 7.8
"26" "26" 2000-12-23 23.82 "MIL" "" "BOS" "W" 5 0 29.5166666666667 0.722 0.625 5.5 10.4 8.5 5.6 1.7 4.8 21.3 22 119 104 11.3 4.2
"27" "27" 2000-12-26 23.83 "MIL" "" "ORL" "W" 12 0 27.6166666666667 0.438 0.438 4.4 15.6 10.9 12.8 1.8 4.8 27.3 18.9 71 79 4.8 -0.2
"28" "28" 2000-12-28 23.84 "MIL" "@" "CLE" "W" 18 0 25.0333333333333 0.709 0.667 9.1 18.3 13.7 27.3 6.2 0 0 9.9 170 88 13.8 13.9
"29" "29" 2000-12-30 23.84 "MIL" "@" "DEN" "L" -7 0 24.1666666666667 0.288 0.231 8 5.3 6.8 0 0 13 6.7 24.7 70 118 1.7 -9.7
"30" "30" 2001-01-02 23.85 "MIL" "@" "CHI" "W" 34 1 34.7166666666667 0.733 0.682 0 11 5.7 18 3 2.1 6.8 18.7 145 79 18.8 9.6
"31" "31" 2001-01-03 23.85 "MIL" "" "CLE" "W" 5 1 33.0666666666667 0.402 0.417 6.2 28.4 16.5 17.3 4.8 0 0 15.8 107 85 11.3 5.4
"32" "32" 2001-01-05 23.86 "MIL" "@" "POR" "L" -4 1 38.3 0.825 0.81 0 4.9 1.9 21.4 1.3 0 4.1 29.1 163 127 30.2 17.8
"33" "33" 2001-01-07 23.87 "MIL" "@" "VAN" "L" -3 1 20.45 0.333 0.333 0 0 0 5.3 2.3 3.7 25 15.3 62 116 -1 -11.4
"34" "34" 2001-01-09 23.87 "MIL" "" "WAS" "W" 4 1 40.85 0.405 0.333 9.8 19.9 15.5 20.4 1.3 1.6 16.8 13.7 101 99 10.1 -0.5
"35" "35" 2001-01-11 23.88 "MIL" "" "DAL" "W" 8 1 30.5 0.571 0.5 4.1 12.6 8.9 11 0 2.2 11.3 26 112 104 11 3.1
"36" "36" 2001-01-13 23.88 "MIL" "" "NJN" "W" 34 0 23.0666666666667 0.915 0.833 0 13.6 7.3 5.9 0 0 19.6 20.7 142 94 12 7.4
"37" "37" 2001-01-15 23.89 "MIL" "@" "WAS" "W" 6 0 30.8 0.625 0.556 11.3 11.1 11.2 14.6 1.7 0 15.2 19.4 126 109 13 6.8
"38" "38" 2001-01-16 23.89 "MIL" "" "LAC" "W" 21 0 7.98333333333333 0 0 0 0 0 12.8 0 0 0 17.5 24 106 -1.8 -21.1
"39" "39" 2001-01-19 23.9 "MIL" "@" "CHH" "W" 7 0 31.5166666666667 0.732 0.75 0 9.3 5.2 10.4 3.5 0 10.1 15.4 132 109 11.1 2.2
"40" "40" 2001-01-21 23.9 "MIL" "@" "DET" "W" 4 0 29.9166666666667 0.418 0.4 3.3 13.3 7.6 4.9 1.8 2.7 10.7 27.8 84 107 6.7 -4.3
"41" "41" 2001-01-23 23.91 "MIL" "" "NYK" "W" 14 0 21.6166666666667 0.381 0.429 0 12.8 5.9 18.4 2.5 4.3 0 16.9 96 99 4.7 2.5
"42" "42" 2001-01-27 23.92 "MIL" "" "DET" "L" -5 0 28.4666666666667 0.524 0.538 7.5 11.7 9.5 6.2 0 0 29.5 30.4 74 120 2.1 -13.3
"43" "43" 2001-01-29 23.93 "MIL" "@" "MIN" "L" -3 0 26.2333333333333 0.575 0.577 4 8.2 6.1 8.4 2 0 0 27 122 108 12.7 8.4
"44" "44" 2001-01-31 23.93 "MIL" "" "DEN" "W" 5 0 32.5166666666667 0.615 0.615 7.5 23.7 15.4 9.2 3.2 0 7.1 20 122 114 14.5 3
"45" "45" 2001-02-03 23.94 "MIL" "" "IND" "W" 19 0 29.1333333333333 0.385 0.385 3.4 5.2 4.1 4.8 0 0 7.1 21.9 83 102 3.2 -7.2
"46" "46" 2001-02-06 23.95 "MIL" "" "SAC" "W" 3 0 20.5333333333333 0.417 0.417 5.9 10.2 8.2 5.8 0 0 0 12.3 102 114 3.2 -4.5
"47" "47" 2001-02-07 23.95 "MIL" "@" "BOS" "L" -3 0 34.3166666666667 0.591 0.594 0 20.9 10.5 6.4 0 2.2 14.5 26.2 100 99 11.4 4.8
"48" "48" 2001-02-13 23.97 "MIL" "" "PHI" "L" -3 0 25.4 0.609 0.545 0 11.3 6.3 18.9 4 5.2 19.6 26.3 104 105 11.5 6.9
"49" "49" 2001-02-14 23.97 "MIL" "@" "ATL" "W" 4 0 21.0666666666667 0.25 0.25 15.9 12.9 14.3 19.9 0 2.8 11.1 18.9 80 107 3.2 -5.5
"50" "50" 2001-02-17 23.98 "MIL" "" "CHH" "L" -10 0 26.1166666666667 0.54 0.538 0 5 2.3 6.4 0 0 0 25.3 115 126 8.1 -0.8
"51" "51" 2001-02-19 23.98 "MIL" "" "SAS" "W" 4 0 28.7166666666667 0.638 0.643 4.1 4.5 4.3 16.3 1.8 0 11.8 28.1 117 113 13.3 6.8
"52" "52" 2001-02-20 23.99 "MIL" "@" "CHI" "W" 9 0 25.6833333333333 0.753 0.625 4.1 4.2 4.1 16.6 1.9 0 31.1 16 114 100 7.5 1.5
"53" "53" 2001-02-23 23.99 "MIL" "" "VAN" "W" 12 1 31.9333333333333 0.421 0.364 3.1 21.9 12.4 9.7 3.3 0 14.4 18.9 87 84 6.9 -3.4
"54" "54" 2001-02-25 24 "MIL" "" "GSW" "W" 27 0 6.01666666666667 0.25 0.25 17.8 0 8.2 0 8.6 0 20 34.3 61 94 0.3 -15.9
"55" "55" 2001-02-26 24 "MIL" "@" "PHI" "W" 7 0 22.05 0.667 0.667 0 5.2 2.7 6.6 0 0 0 13.8 137 114 6 0.2
"56" "56" 2001-02-28 24.01 "MIL" "@" "IND" "L" -13 1 29.7333333333333 0.45 0.45 0 10.3 4.2 6.3 5.7 0 0 16.4 100 111 6.3 -0.9
"57" "" 2001-03-01 24.01 "MIL" "" "HOU" "L" -17 NA NA NA NA NA NA NA NA NA NA NA NA NA NA NA NA
"58" "" 2001-03-03 24.01 "MIL" "" "CHI" "W" 4 NA NA NA NA NA NA NA NA NA NA NA NA NA NA NA NA
"59" "57" 2001-03-05 24.02 "MIL" "@" "NJN" "W" 7 0 24.4666666666667 0.902 0.833 0 14 6.8 12.5 2.2 0 11.4 16.3 164 112 13.3 10.1
"60" "58" 2001-03-07 24.02 "MIL" "@" "BOS" "W" 7 0 30.7833333333333 0.666 0.654 10.1 24.1 17 18.5 0 0 0 23.3 146 101 19.6 13
"61" "59" 2001-03-10 24.03 "MIL" "@" "CHH" "L" -10 0 19.65 0.318 0.318 9.8 10.4 10.1 8.6 0 0 8.3 27.5 69 110 1.8 -10.3
"62" "60" 2001-03-11 24.04 "MIL" "@" "CLE" "L" -14 0 25.15 0.799 0.75 0 5.3 2.5 0 0 0 12.7 14.7 129 136 6.9 -4.6
"63" "61" 2001-03-13 24.04 "MIL" "@" "TOR" "W" 4 0 28.7 0.803 0.808 3.8 13 8.8 6 1.8 2.4 6.5 24.1 149 105 18.8 16.5
"64" "62" 2001-03-15 24.05 "MIL" "" "SEA" "L" -6 0 23.4166666666667 0.704 0.708 0 14.2 7.7 7.6 2.4 2.9 6.6 32.8 127 120 14.7 8.9
"65" "63" 2001-03-17 24.05 "MIL" "" "PHI" "W" 9 0 28.8166666666667 0.739 0.75 4.4 10 7 23.5 6.1 2.6 6.3 28.1 135 87 21.1 23.3
"66" "64" 2001-03-18 24.05 "MIL" "@" "DET" "W" 4 0 26.85 0.496 0.313 4.4 16.8 11.5 10.6 3.8 0 21.3 23.6 93 96 6.8 -0.8
"67" "65" 2001-03-21 24.06 "MIL" "" "LAL" "W" 7 0 24.2166666666667 0.388 0.333 10.3 4.2 6.9 0 0 0 13.4 27.8 78 113 1.3 -10.6
"68" "66" 2001-03-23 24.07 "MIL" "" "ORL" "W" 12 0 31.75 0.605 0.462 7.5 18.8 13.6 15 1.6 2.1 5.7 23.8 133 104 17.7 5.5
"69" "67" 2001-03-25 24.07 "MIL" "" "ATL" "W" 7 0 31.6333333333333 0.623 0.545 0 25 12.7 20.3 3.4 0 0 19.7 147 105 17 9.8
"70" "68" 2001-03-26 24.08 "MIL" "@" "PHI" "L" -12 0 24.9666666666667 0.291 0.167 0 15.4 8.5 6.8 6.3 2.3 36.8 19.8 45 88 1 -3.9
"71" "69" 2001-03-29 24.08 "MIL" "" "MIA" "W" 8 0 21.05 0.902 0.833 0 19.9 10.5 17 0 3.8 0 17.3 194 109 14.3 16.2
"72" "70" 2001-03-31 24.09 "MIL" "@" "SAS" "W" 9 0 17.8 0.515 0.5 0 26.1 13.7 0 0 0 20.5 24.6 82 84 2.1 -3.3
"73" "71" 2001-04-01 24.09 "MIL" "@" "PHO" "L" -7 1 39.0833333333333 0.953 1.091 0 14.9 7.7 4.4 1.4 3.8 12.8 19.4 151 117 22.2 12.7
"74" "72" 2001-04-03 24.1 "MIL" "@" "SAC" "W" 6 0 26.3166666666667 0.597 0.55 0 16.5 8.8 5.3 0 0 8.4 18.8 120 105 8.8 2.6
"75" "73" 2001-04-04 24.1 "MIL" "@" "GSW" "W" 30 0 23.3 0.357 0.357 5.4 11.2 8.8 10.5 2.3 2.5 12.5 16 86 84 2.6 -6.2
"76" "74" 2001-04-06 24.11 "MIL" "@" "LAC" "L" -3 0 32.1666666666667 0.477 0.318 6.3 11 8.5 4.9 4.8 0 6.8 19.8 107 105 10.7 2.2
"77" "75" 2001-04-08 24.11 "MIL" "@" "SEA" "L" -13 0 33.4833333333333 0.619 0.563 0 7.8 4 14.9 1.6 3.7 10.1 14.6 118 114 10.7 4.3
"78" "76" 2001-04-10 24.12 "MIL" "" "CHI" "W" 21 1 22.8666666666667 0.644 0.5 6.1 0 2.7 26.8 2.4 3.2 20.5 10.5 137 98 7.8 7.2
"79" "" 2001-04-12 24.12 "MIL" "" "UTA" "W" 22 NA NA NA NA NA NA NA NA NA NA NA NA NA NA NA NA
"1" "1" 2001-10-30 24.67 "MIL" "@" "UTA" "W" 7 0 21.65 0.457 0.286 6 0 3.3 12.6 0 3.7 10.2 21.8 105 122 4.1 -8.5
"2" "2" 2001-11-01 24.68 "MIL" "@" "DEN" "W" 1 0 31.5833333333333 0.63 0.611 0 22.7 11 20.3 0 2.5 8.8 18.1 123 120 11.1 -1.4
"3" "3" 2001-11-03 24.68 "MIL" "" "BOS" "W" 6 0 26.5333333333333 0.414 0.4 10.2 6.6 8 0 0 2.9 15.5 22.5 81 121 3.1 -12.2
"4" "4" 2001-11-08 24.7 "MIL" "" "MIA" "W" 4 0 21.25 0.307 0.25 5.1 26 15.4 0 2.6 6.5 17 13 63 82 3.4 -1.2
"5" "5" 2001-11-10 24.7 "MIL" "" "MIN" "L" -16 0 22.1166666666667 0.394 0.375 0 16 7.5 0 0 3 10.1 22.1 74 115 2 -6.5
"6" "6" 2001-11-14 24.72 "MIL" "@" "WAS" "W" 9 0 23.9333333333333 0.857 0.857 6.5 11.4 9.1 8 2.3 0 12.5 16.6 138 112 10.3 6
"7" "7" 2001-11-17 24.72 "MIL" "" "UTA" "W" 11 0 24.2166666666667 0.519 0.5 4.9 20 12.3 7.7 2.3 6 12.2 31 101 103 10.6 3.5
"8" "8" 2001-11-21 24.73 "MIL" "" "CHI" "W" 4 0 22.25 0.2 0.2 5.9 10.9 8.5 0 0 0 28.6 16.2 40 110 -2.2 -18.2
"9" "9" 2001-11-22 24.74 "MIL" "@" "TOR" "W" 3 0 23 0.5 0.5 0 26.6 16.4 9.2 0 2.9 10 21.8 90 81 6 2.2
"10" "10" 2001-11-24 24.74 "MIL" "" "ATL" "W" 7 0 20.15 0.799 0.833 5.6 10.7 8.2 8.5 2.5 0 0 14.9 158 94 9.4 7.5
"11" "11" 2001-11-27 24.75 "MIL" "@" "LAL" "L" -19 0 23.2 0.944 0.944 0 8 4.5 0 0 0 25 25.9 112 124 9.1 6
"12" "12" 2001-11-28 24.75 "MIL" "@" "PHO" "L" -20 0 27.6833333333333 0.417 0.417 0 27.3 13.3 12.5 3.8 0 20 25 72 106 5.7 -4.2
"13" "13" 2001-11-30 24.76 "MIL" "@" "POR" "L" -6 0 28.6333333333333 0.421 0.455 9.2 23.6 17 5.3 4.1 2.4 7.8 22.4 94 113 7.5 -1.3
"14" "14" 2001-12-02 24.76 "MIL" "@" "SEA" "L" -14 1 38.8666666666667 0.619 0.556 3.2 17.6 10.1 17.6 1.4 2.2 9 27.6 125 114 18.8 7.2
"15" "15" 2001-12-04 24.77 "MIL" "" "NYK" "L" -14 1 29.4166666666667 0.477 0.409 3 23.6 11.9 17.1 1.9 0 6.8 22.6 101 96 9.2 5
"16" "16" 2001-12-06 24.78 "MIL" "" "TOR" "W" 6 0 20.8333333333333 0.658 0.611 5.7 15.6 10.9 0 0 0 23.3 28.9 99 103 5.7 -2.9
"17" "17" 2001-12-08 24.78 "MIL" "" "NJN" "W" 16 0 28.3333333333333 0.466 0.417 0 8.7 5.1 15.9 1.9 0 7.2 22.5 104 90 7.4 -0.7
"18" "18" 2001-12-11 24.79 "MIL" "@" "MIA" "L" -2 0 27.7666666666667 0.56 0.462 0 9.3 4.5 7.3 0 0 5.9 29.3 109 118 9.2 -3.5
"19" "19" 2001-12-14 24.8 "MIL" "@" "PHI" "W" 16 0 29.7833333333333 0.656 0.65 0 10 5.1 5.6 1.7 0 0 18.2 133 89 12 3.1
"20" "20" 2001-12-15 24.8 "MIL" "" "IND" "W" 20 0 31.15 0.5 0.5 3.9 11.3 8.1 4 0 1.9 35.7 18.2 66 97 1 -10
"21" "21" 2001-12-18 24.81 "MIL" "@" "MEM" "W" 9 0 21.3 0.666 0.625 20.2 15.9 17.8 14.3 0 0 0 21.6 163 120 11.4 4
"22" "22" 2001-12-20 24.81 "MIL" "@" "DAL" "L" -12 0 26.05 0.436 0.389 3.1 8.4 5.4 5.9 0 8.9 8.8 17.5 96 116 5.8 -2.6
"23" "23" 2001-12-22 24.82 "MIL" "@" "HOU" "L" -5 0 32.3833333333333 0.458 0.458 8.8 14 11.7 15.6 3.4 0 7.7 18.9 111 126 10.2 -1.7
"24" "24" 2001-12-23 24.82 "MIL" "@" "SAS" "W" 10 0 29.0333333333333 0.368 0.35 0 28.6 17.9 8.7 1.8 0 8.4 20.4 76 95 4.7 -5.1
"25" "25" 2001-12-26 24.83 "MIL" "" "ATL" "W" 10 0 34.0166666666667 0.687 0.667 3.6 23 14.4 8.3 4.6 2 20.5 20.2 112 96 15.7 4.9
"26" "26" 2001-12-28 24.84 "MIL" "@" "CHH" "W" 16 0 25.6333333333333 0.628 0.654 12 7.5 9.7 6.3 0 2.3 17.3 29.3 110 102 10.8 2.9
"27" "27" 2001-12-29 24.84 "MIL" "" "SAS" "W" 3 0 38.5666666666667 0.604 0.579 3.4 21.5 13.5 0 0 0 9.1 27.3 103 101 15 0.9
"28" "28" 2001-12-31 24.84 "MIL" "@" "CHI" "L" -7 1 40.3833333333333 0.513 0.467 6.9 10 8.5 4.8 1.4 0 13.9 27.8 91 106 8.3 -6.2
"29" "29" 2002-01-02 24.85 "MIL" "@" "MIN" "L" -18 1 33.45 0.388 0.354 2.8 11.4 7.1 26.7 0 0 3.7 38.6 86 113 7.8 -1.9
"30" "30" 2002-01-05 24.86 "MIL" "@" "LAC" "L" -3 1 40.0666666666667 0.407 0.389 0 8.6 4.7 4.2 0 2.1 5.1 23.6 85 102 5.3 -3.6
"31" "31" 2002-01-06 24.86 "MIL" "@" "SAC" "L" -14 1 39.7166666666667 0.503 0.474 3.2 18 10.8 16.9 0 0 4.8 23.5 116 127 13 -1.6
"32" "32" 2002-01-08 24.87 "MIL" "@" "GSW" "W" 16 1 27.85 0.984 0.917 0 14 7.9 4.7 1.8 0 25.8 19.4 139 103 11.9 4
"33" "33" 2002-01-11 24.87 "MIL" "" "WAS" "W" 19 1 34.7333333333333 0.873 0.846 11.4 8.9 10 17.3 0 2 6.5 20.7 170 107 23.4 15
"34" "34" 2002-01-12 24.88 "MIL" "@" "NYK" "W" 5 1 34.1333333333333 0.383 0.3 0 14.5 7.5 10.2 3 0 25.4 21.5 66 104 2.2 -10.5
"35" "35" 2002-01-15 24.88 "MIL" "@" "IND" "W" 4 1 37.4166666666667 0.581 0.528 5.6 5.5 5.6 10.5 0 2 8.5 27.3 119 114 16.1 2.7
"36" "36" 2002-01-16 24.89 "MIL" "" "IND" "W" 5 1 36.7333333333333 0.594 0.594 3.2 7.2 5.1 15.2 3.1 2.4 11.1 22.6 116 118 14.7 3.8
"37" "37" 2002-01-18 24.89 "MIL" "" "ORL" "W" 5 1 38.35 0.644 0.571 3.8 18 12.3 16.4 1.4 1.7 5.5 22.2 134 117 20.1 3.6
"38" "38" 2002-01-19 24.9 "MIL" "@" "ATL" "W" 9 1 26.4333333333333 0.317 0.214 4.7 28.1 17.4 4.7 0 0 11.3 15.7 80 116 1.8 -13.4
"39" "39" 2002-01-21 24.9 "MIL" "@" "DET" "W" 18 1 26.9666666666667 0.533 0.444 0 20.9 11.5 6 1.9 0 32.6 25.3 76 85 3.2 -4.9
"40" "40" 2002-01-22 24.9 "MIL" "" "PHO" "L" -11 1 34.1833333333333 0.222 0.143 3 5.4 4.3 5.2 1.6 0 16 27.1 45 110 -3.6 -16.4
"41" "41" 2002-01-24 24.91 "MIL" "" "SEA" "L" -11 1 33.2166666666667 0.535 0.533 13.9 3.5 8.8 24.4 0 0 11.2 26.8 114 126 11.6 1.5
"42" "42" 2002-01-26 24.92 "MIL" "" "NYK" "L" -2 1 24.6666666666667 0.337 0.273 4.8 4.5 4.7 0 2.1 0 0 21.2 83 121 1.9 -12.1
"43" "43" 2002-01-29 24.92 "MIL" "" "BOS" "W" 19 1 29.9333333333333 0.618 0.6 0 14.8 9.3 5 3.4 0 8.1 19 111 94 10.6 0.8
"44" "44" 2002-01-31 24.93 "MIL" "@" "NJN" "L" -25 1 27.9333333333333 0.55 0.55 4.1 4.9 4.5 7.3 6.9 0 23.1 19.4 87 119 7.9 0.7
"45" "45" 2002-02-02 24.93 "MIL" "" "PHI" "L" -5 0 12 0.5 0.5 0 0 0 0 4.7 0 33.3 11.2 64 103 0.2 -7.4
"46" "" 2002-02-07 24.95 "MIL" "" "MEM" "W" 4 NA NA NA NA NA NA NA NA NA NA NA NA NA NA NA NA
"47" "" 2002-02-12 24.96 "MIL" "@" "CHI" "L" -4 NA NA NA NA NA NA NA NA NA NA NA NA NA NA NA NA
"48" "46" 2002-02-13 24.96 "MIL" "" "CLE" "L" -8 0 31.5666666666667 0.663 0.615 0 7.4 4.1 11.2 1.7 0 12.3 24.8 119 130 13.3 -1.2
"49" "47" 2002-02-15 24.97 "MIL" "" "MIA" "L" -2 0 33.3333333333333 0.564 0.438 0 9.1 5 0 3.4 0 38.1 23.5 67 96 1.9 -9.4
"50" "48" 2002-02-17 24.98 "MIL" "@" "TOR" "W" 5 0 26.4833333333333 0.651 0.438 14.6 12.3 13.3 23.6 2.1 2.6 14.8 25.8 130 95 14.2 8.5
"51" "49" 2002-02-18 24.98 "MIL" "" "CHH" "L" -9 0 27.95 0.745 0.682 0 8.8 4.5 0 2 2.6 7.3 23.2 142 116 13 6
"52" "50" 2002-02-20 24.98 "MIL" "" "HOU" "W" 39 0 15.3833333333333 0.5 0.5 0 6.5 4.2 8.3 3.8 0 22.2 30.9 80 92 2.9 -11
"53" "51" 2002-02-22 24.99 "MIL" "" "GSW" "W" 4 0 21.7166666666667 0.556 0.556 0 0 0 14.4 0 0 18.2 20.8 106 133 3.5 -8.3
"54" "52" 2002-02-24 24.99 "MIL" "" "DET" "W" 7 0 23.95 0.389 0.389 4.2 21.3 12.6 0 2.4 0 10 18.9 83 92 2.9 -4.8
"55" "53" 2002-02-26 25 "MIL" "" "LAL" "L" -10 0 30.8 0.529 0.462 4.7 14.7 10.3 0 1.8 2.5 15.7 32 92 113 8.9 -3
"56" "54" 2002-02-27 25 "MIL" "@" "BOS" "W" 3 0 26.9333333333333 0.394 0.375 4.9 10.9 8.4 0 2 5.5 18.4 20 71 103 3.8 -6.6
"57" "55" 2002-03-02 25.01 "MIL" "" "POR" "L" -1 0 29.1166666666667 0.346 0.346 0 0 0 25.6 7.7 0 7.1 23.2 87 102 6.8 2.2
"58" "56" 2002-03-03 25.01 "MIL" "@" "CLE" "W" 10 0 31.4 0.687 0.667 4.2 10.6 7.6 10.2 0 0 20.5 24.1 111 110 10.9 0.1
"59" "57" 2002-03-05 25.02 "MIL" "@" "NYK" "L" -13 0 24.9666666666667 0.356 0.333 4.5 24 13.9 0 8.9 0 6.1 31.8 79 102 6.1 -5.7
"60" "58" 2002-03-06 25.02 "MIL" "" "LAC" "W" 6 0 21.3 0.575 0.6 6.3 11.7 9.1 0 5 0 22.3 31.1 82 91 7.3 0.6
"61" "59" 2002-03-08 25.03 "MIL" "" "CLE" "L" -6 0 33.1666666666667 0.627 0.545 11 16.5 13.5 8.9 3.4 0 0 18.7 146 120 16.2 5.5
"62" "60" 2002-03-10 25.03 "MIL" "" "SAC" "L" -25 0 4.31666666666667 0 0 0 27.9 14.1 0 0 0 0 12.2 0 109 -0.8 -17.4
"63" "" 2002-03-12 25.04 "MIL" "" "CHI" "W" 29 NA NA NA NA NA NA NA NA NA NA NA NA NA NA NA NA
"64" "" 2002-03-16 25.05 "MIL" "" "DET" "L" -8 NA NA NA NA NA NA NA NA NA NA NA NA NA NA NA NA
"65" "" 2002-03-18 25.05 "MIL" "@" "CHH" "L" -3 NA NA NA NA NA NA NA NA NA NA NA NA NA NA NA NA
"66" "" 2002-03-19 25.06 "MIL" "@" "ORL" "L" -10 NA NA NA NA NA NA NA NA NA NA NA NA NA NA NA NA
"67" "" 2002-03-22 25.07 "MIL" "@" "NJN" "L" -24 NA NA NA NA NA NA NA NA NA NA NA NA NA NA NA NA
"68" "" 2002-03-24 25.07 "MIL" "" "ORL" "W" 25 NA NA NA NA NA NA NA NA NA NA NA NA NA NA NA NA
"69" "61" 2002-03-26 25.08 "MIL" "" "DAL" "L" -6 1 41.8833333333333 0.508 0.447 3.1 12.9 8.4 8.7 0 0 21.7 31.6 81 118 6.3 -11.5
"70" "62" 2002-03-28 25.08 "MIL" "" "DEN" "W" 7 1 28.4666666666667 0.237 0.188 8.2 0 3.4 19.9 1.9 0 5.6 29.4 68 107 1.1 -12.9
"71" "63" 2002-03-29 25.08 "MIL" "@" "WAS" "L" -9 0 29.8 0.583 0.583 4.1 12.6 8.3 18.7 0 1.9 14.3 10.4 122 118 6.5 -0.7
"72" "64" 2002-03-31 25.09 "MIL" "@" "BOS" "L" -30 1 18.9 0 0 0 11.2 5.5 0 0 0 14.3 16.3 0 113 -5.8 -21.5
"73" "65" 2002-04-02 25.1 "MIL" "@" "ATL" "L" -8 0 21.2833333333333 0.778 0.778 4.9 20.8 12.6 0 2.5 0 10 21.5 133 107 10 7.4
"74" "66" 2002-04-03 25.1 "MIL" "" "WAS" "W" 15 0 18.4833333333333 0.357 0.357 0 0 0 14.1 2.9 0 12.5 20.2 78 106 0.7 -10.9
"75" "67" 2002-04-05 25.1 "MIL" "@" "MIA" "L" -5 0 10.2333333333333 0.904 0.75 0 12 6.4 0 5.4 0 0 16.6 185 108 6.3 13.9
"76" "68" 2002-04-07 25.11 "MIL" "@" "PHI" "L" -2 0 18.7 0.917 0.917 0 28.1 13.1 10.6 0 0 0 16.1 184 111 9.1 12.9
"77" "69" 2002-04-09 25.12 "MIL" "" "PHI" "L" -2 0 24.9166666666667 0.338 0.25 0 4.9 2.7 19.8 2.4 2.7 10.1 20.4 82 113 3.5 -3.4
"78" "70" 2002-04-10 25.12 "MIL" "@" "CLE" "L" -25 0 18.0166666666667 0.167 0.167 0 0 0 9.8 0 7.6 14.3 17.5 37 115 -1.1 -12.1
"79" "71" 2002-04-12 25.12 "MIL" "@" "IND" "L" -5 0 19.4166666666667 0.7 0.7 13 39.8 25 8.3 5.8 0 28.6 18.4 108 109 6.7 1.7
"80" "72" 2002-04-14 25.13 "MIL" "" "CHH" "W" 7 0 18.8333333333333 0 0 6.6 0 3.1 0 2.9 0 30 25.4 8 113 -8.2 -33.4
"81" "73" 2002-04-16 25.13 "MIL" "" "TOR" "W" 16 0 21.3 0.5 0.5 0 16.3 9.1 6.1 2.7 0 33.3 13.9 75 104 2.6 -5.3
"82" "74" 2002-04-17 25.14 "MIL" "@" "DET" "L" -34 0 11.5166666666667 0.515 0.333 0 0 0 0 0 7.8 0 16.2 115 134 1.4 -7.8
"1" "1" 2002-10-30 25.67 "MIL" "@" "PHI" "L" -2 1 33.35 0.457 0.357 0 19.2 10.9 20 4.6 2.1 0 12.1 111 88 10.9 5.8
"2" "2" 2002-11-02 25.68 "MIL" "" "ORL" "L" -10 1 30.1833333333333 0.589 0.545 7.3 14.9 11 13.1 1.8 2.7 20.2 22.1 104 113 9.8 -1.2
"3" "3" 2002-11-04 25.69 "MIL" "@" "NYK" "W" 9 1 30.2833333333333 0.51 0.5 4.2 7 5.7 10.3 3.6 4.4 20.3 23.7 90 97 8.5 0.4
"4" "4" 2002-11-06 25.69 "MIL" "" "NJN" "W" 6 1 25.8333333333333 0.313 0.313 0 0 0 0 6.6 2.8 27.3 21.6 46 106 -1.5 -14.4
"5" "5" 2002-11-07 25.7 "MIL" "@" "MIN" "L" -4 1 35.5666666666667 0.333 0.333 0 16.3 8 13.5 0 0 7.7 16.2 80 120 4.1 -7.1
"6" "6" 2002-11-09 25.7 "MIL" "" "PHI" "W" 5 1 30.35 0.591 0.563 10.4 19.2 15.5 0 1.8 0 10.1 32.4 110 106 13.3 -1.2
"7" "7" 2002-11-13 25.71 "MIL" "" "CHI" "W" 7 1 34 0.488 0.458 6.7 11.1 8.8 8.1 0 4.4 7 18.7 108 112 8.7 -4.4
"8" "8" 2002-11-15 25.72 "MIL" "@" "IND" "L" -3 1 21.65 0.654 0.75 0 5.6 2.8 0 2.4 0 22.5 19.7 89 103 3.7 -2.4
"9" "9" 2002-11-16 25.72 "MIL" "" "BOS" "W" 19 1 26.3333333333333 0.542 0.542 8.5 33.1 20.9 21.1 1.9 0 29.4 27.8 85 89 8.1 -2.3
"10" "10" 2002-11-19 25.73 "MIL" "" "MIA" "L" -4 1 24.25 0.455 0.455 4 15 8.9 16.7 0 0 8.3 22.6 94 111 5.5 -3.1
"11" "11" 2002-11-22 25.74 "MIL" "@" "GSW" "W" 4 1 33.8166666666667 0.3 0.3 0 22.5 10.6 4.4 3.3 0 9.1 14.7 69 98 3.2 -5.3
"12" "12" 2002-11-24 25.74 "MIL" "@" "LAL" "L" -12 1 23.35 0.813 0.813 0 4.5 2.2 8.2 0 0 11.1 17.1 133 126 8.6 3.6
"13" "13" 2002-11-25 25.75 "MIL" "@" "PHO" "L" -5 1 20.8166666666667 0.338 0.25 0 8.5 4.8 0 2.5 2.9 18.4 25.6 57 94 1.1 -7.6
"14" "14" 2002-11-27 25.75 "MIL" "" "CLE" "W" 32 1 30.4166666666667 0.5 0.5 4.2 6.3 5.4 5.2 0 6.2 7.7 19.6 106 97 7.9 -1.8
"15" "15" 2002-11-29 25.76 "MIL" "@" "DET" "L" -5 1 31.9666666666667 0.367 0.367 2.9 17.1 8.7 5.1 3.5 0 6.3 22.6 82 106 4.1 -5.6
"16" "16" 2002-11-30 25.76 "MIL" "" "DET" "W" 23 1 29.5666666666667 0.803 0.8 0 17.8 10 10.3 0 2.5 0 21.4 168 101 18.8 10.3
"17" "17" 2002-12-03 25.77 "MIL" "@" "WAS" "L" -25 1 28.9666666666667 0.612 0.615 0 30.1 14.1 8.5 1.8 0 6.7 23.7 109 106 12.2 4.9
"18" "18" 2002-12-05 25.77 "MIL" "@" "ATL" "L" -18 1 30.5 0.576 0.5 0 4.3 2.1 7.5 3.8 0 21.3 30.9 93 116 8.1 -3.2
"19" "19" 2002-12-07 25.78 "MIL" "" "NOH" "L" -6 1 37.35 0.4 0.4 0 17.5 9.1 9.4 3.1 0 21.1 26.2 66 109 2.8 -9.7
"20" "20" 2002-12-09 25.78 "MIL" "@" "CLE" "W" 7 1 34.3166666666667 0.628 0.571 10.2 21.8 15.8 5 3 1.9 14.6 27.7 115 113 16.5 -4.2
"21" "21" 2002-12-11 25.79 "MIL" "" "IND" "L" -7 1 39.6333333333333 0.47 0.389 0 20.9 10.6 3.8 1.3 2 12.9 25.4 92 123 9.2 -7.9
"22" "22" 2002-12-13 25.79 "MIL" "" "POR" "W" 22 1 30.9166666666667 0.787 0.767 8.4 20.4 14.5 0 0 0 5.9 26.5 147 96 18.8 11
"23" "23" 2002-12-14 25.8 "MIL" "@" "CHI" "L" -2 1 27.5833333333333 0.44 0.385 3.5 19 10.9 7.6 0 0 0 23.7 97 107 6.4 -5.5
"24" "24" 2002-12-17 25.81 "MIL" "" "TOR" "L" -5 1 30.7333333333333 0.506 0.45 7.6 23.5 16 10.3 0 2.3 8.4 18.4 109 120 9 -3
"25" "25" 2002-12-20 25.81 "MIL" "@" "MEM" "L" -11 1 34.3833333333333 0.431 0.425 2.7 11.4 6.3 13.6 3.1 0 19.3 35.7 70 103 5.6 -8
"26" "26" 2002-12-21 25.82 "MIL" "" "NYK" "W" 4 1 28.5166666666667 0.438 0.438 0 4.4 2.1 7.5 2 0 15.8 32.4 78 107 3.4 -10.9
"27" "27" 2002-12-23 25.82 "MIL" "@" "ORL" "W" 5 1 34.2166666666667 0.311 0.25 3.7 22.6 14.4 9.2 0 1.8 13.4 19.7 68 103 3.2 -9.3
"28" "28" 2002-12-27 25.83 "MIL" "@" "NJN" "L" -20 1 29.9333333333333 0.432 0.385 0 18.8 8.9 5.9 1.8 5.2 12.6 26.4 81 121 6 -7.9
"29" "29" 2002-12-28 25.84 "MIL" "" "NJN" "L" -8 1 35.0833333333333 0.403 0.393 0 13.7 7.5 5.5 0 0 16.8 25.4 66 119 2.3 -11.4
"30" "30" 2002-12-30 25.84 "MIL" "@" "DAL" "W" 3 1 34.45 0.576 0.538 6.7 12.9 10.2 4.1 0 0 21.3 23 96 113 8.3 -4.8
"31" "31" 2002-12-31 25.84 "MIL" "@" "HOU" "L" -23 1 30.2333333333333 0.542 0.542 0 12.6 5.5 0 1.8 0 7.7 20.6 100 117 6.3 -3.6
"32" "32" 2003-01-03 25.85 "MIL" "" "UTA" "L" -3 1 26.55 0.854 0.833 19.8 4.7 10.9 20.5 0 2.5 18.9 26.4 143 134 17 7.9
"33" "33" 2003-01-06 25.86 "MIL" "@" "CLE" "W" 12 1 35.1333333333333 0.622 0.5 11.1 12.5 11.9 9.5 3 0 15.7 25.1 114 100 16.5 1.1
"34" "34" 2003-01-07 25.86 "MIL" "" "SAC" "L" -25 1 32.5 0.357 0.281 3.1 19.2 10.2 0 1.7 2.3 9.9 30.6 71 112 3.7 -8.5
"35" "35" 2003-01-10 25.87 "MIL" "" "CHI" "W" 8 1 30.3166666666667 0.553 0.5 16.4 11 13.6 13 0 0 7.8 19.9 117 91 9.3 0.9
"36" "36" 2003-01-11 25.87 "MIL" "@" "DET" "W" 2 1 35.4333333333333 0.856 0.857 9.5 26.7 19 0 0 3 10.2 13.9 155 104 12.9 5.8
"37" "37" 2003-01-14 25.88 "MIL" "" "ATL" "W" 9 1 35.25 0.604 0.5 0 16.6 8 13.1 1.6 4.7 8.5 17.4 121 103 12.6 1.8
"38" "38" 2003-01-15 25.88 "MIL" "@" "TOR" "W" 12 1 30.1833333333333 0.676 0.688 0 6.5 3.9 5.3 1.9 2.3 0 16.3 134 105 9 3.1
"39" "39" 2003-01-17 25.89 "MIL" "@" "PHI" "W" 4 1 32.6833333333333 0.527 0.5 9.9 20.8 15.2 28.9 0 0 0 15.2 130 109 11 3
"40" "40" 2003-01-18 25.89 "MIL" "" "BOS" "L" -2 1 28.6166666666667 0.624 0.6 0 14.1 7.4 9.5 0 5.6 10.2 31.6 105 102 12.4 4.7
"41" "41" 2003-01-22 25.9 "MIL" "@" "BOS" "W" 9 1 11.8333333333333 0.357 0.357 12.1 19 16 0 0 0 0 30 79 112 1.8 -14
"42" "" 2003-01-25 25.91 "MIL" "" "DEN" "W" 13 NA NA NA NA NA NA NA NA NA NA NA NA NA NA NA NA
"43" "" 2003-01-27 25.92 "MIL" "@" "NOH" "W" 15 NA NA NA NA NA NA NA NA NA NA NA NA NA NA NA NA
"44" "42" 2003-01-28 25.92 "MIL" "" "PHI" "L" -27 0 30.3 0.579 0.5 0 4 2.1 0 5.6 2.2 7.6 23.3 105 121 9.9 0.7
"45" "43" 2003-01-30 25.93 "MIL" "" "WAS" "W" 7 1 29.55 0.535 0.5 12.6 11.4 12 12.1 2 2.3 5.9 29.7 115 109 13.6 3.8
"46" "44" 2003-02-01 25.93 "MIL" "" "NYK" "W" 7 1 29.6 0.595 0.55 7.3 4.3 5.9 16 1.8 0 0 18.3 138 109 11.4 3.3
"47" "45" 2003-02-04 25.94 "MIL" "" "TOR" "L" -3 1 20.7 0.167 0.167 0 16.3 8.7 0 2.7 0 33.3 20.3 25 110 -3.7 -19.7
"48" "46" 2003-02-06 25.95 "MIL" "" "SEA" "W" 6 1 33.4833333333333 0.607 0.5 14.5 11.1 12.8 18.8 0 2.3 11.3 26.2 131 117 15.2 2.4
"49" "47" 2003-02-12 25.96 "MIL" "" "DAL" "W" 6 1 36.1833333333333 0.715 0.694 10.8 11.1 11 4.5 0 5.5 5 25 137 119 22.7 7.8
"50" "48" 2003-02-14 25.97 "MIL" "" "DET" "W" 10 1 29.55 0.803 0.75 4 7.4 5.8 0 1.8 0 18.7 26.4 126 101 14.1 6.7
"51" "49" 2003-02-16 25.97 "MIL" "" "MEM" "L" -6 1 26.3833333333333 0.524 0.545 4.9 15.4 10 0 0 0 8 23.9 96 113 4.9 -6
"52" "50" 2003-02-18 25.98 "MIL" "@" "SAC" "L" -9 1 28.6666666666667 0.288 0.231 0 8.7 3.6 0 3.6 0 6.7 21.5 67 110 1.3 -8.9
"53" "51" 2003-02-19 25.98 "MIL" "@" "LAC" "L" -6 1 32.2833333333333 0.533 0.533 0 10.7 5.3 5.1 0 0 0 22.3 112 127 7.5 -6.2
"54" "52" 2003-02-21 25.99 "MIL" "@" "SEA" "L" -30 1 40 0.447 0.447 2.9 10.3 6.2 8.3 0 0 9.5 27.7 83 115 6 -3.7
"55" "53" 2003-02-22 25.99 "MIL" "@" "POR" "W" 3 1 26.3833333333333 0.69 0.625 4.7 20.5 12.3 14.8 2.2 0 17.9 32.5 113 107 13.5 7.6
"56" "54" 2003-02-24 25.99 "MIL" "" "MIN" "L" -3 1 29.1833333333333 0.536 0.536 6.6 11.8 8.5 0 1.7 0 12.5 23.5 99 123 7 -5.9
"57" "55" 2003-02-26 26 "MIL" "" "PHO" "L" -6 1 31.25 0.563 0.542 0 19.4 8.7 5 3.3 6.9 18.4 24.3 89 115 9.2 -0.7
"58" "56" 2003-02-28 26.01 "MIL" "@" "IND" "L" -9 1 27.8 0.508 0.5 8.4 16.1 11.7 11.1 4.1 0 11.3 14.5 112 122 7 -1.6
"59" "57" 2003-03-02 26.01 "MIL" "" "ATL" "W" 27 1 36.95 0.563 0.563 5.6 15.4 10.3 9.8 2.9 4.4 0 19.5 131 102 17.6 4.7
"60" "58" 2003-03-04 26.02 "MIL" "@" "MIA" "W" 9 1 33.85 0.545 0.545 0 16.9 9.6 5.1 0 0 0 15.6 107 99 7.2 -0.6
"61" "59" 2003-03-05 26.02 "MIL" "@" "ORL" "L" -12 1 35.85 0.545 0.5 0 13.9 6.9 0 4 1.9 6.8 17.5 101 104 11.2 2.6
"62" "60" 2003-03-07 26.02 "MIL" "@" "WAS" "W" 3 1 28.9833333333333 0.427 0.417 0 16.1 8.1 0 1.8 0 13.4 24.3 72 91 3.6 -5.8
"63" "61" 2003-03-08 26.03 "MIL" "" "GSW" "W" 5 1 36.95 0.468 0.477 14.3 11.3 13.2 0 0 2 0 23.9 112 124 13.4 -6.2
"64" "62" 2003-03-11 26.04 "MIL" "" "SAS" "L" -3 1 22.0666666666667 0 0 11.5 17.7 14.5 5.7 0 0 50 8.8 47 125 -1.6 -14.7
"65" "63" 2003-03-12 26.04 "MIL" "@" "ATL" "L" -19 1 31.6333333333333 0.3 0.3 5.7 20.7 11 0 1.7 2.4 9.1 14.5 76 123 2.7 -8.9
"66" "64" 2003-03-15 26.05 "MIL" "" "LAL" "L" -4 1 23.8 0.739 0.786 4.9 22.9 13.2 6.9 4.4 0 21.2 18.9 108 99 8.7 4.3
"67" "65" 2003-03-16 26.05 "MIL" "@" "NYK" "L" -9 1 39.6 0.724 0.692 3.2 23.3 13 0 0 0 16.5 21 122 135 13.5 -1.5
"68" "66" 2003-03-19 26.06 "MIL" "@" "NJN" "W" 19 1 24.6833333333333 0.225 0.125 8.9 17.1 13.1 5.2 0 2.8 10.1 18.5 64 94 -0.2 -14.5
"69" "67" 2003-03-21 26.06 "MIL" "@" "NOH" "L" -15 1 29.75 0.477 0.444 3.9 9.4 6.4 11.2 0 0 9.6 15.5 102 130 5.2 -6.6
"70" "68" 2003-03-22 26.07 "MIL" "" "NOH" "W" 8 1 27.1833333333333 0.409 0.423 5.1 14.8 10.7 12.6 0 0 6.9 26 92 101 5 -4.7
"71" "69" 2003-03-25 26.07 "MIL" "@" "SAS" "L" -13 1 31.2166666666667 0.603 0.583 0 18.8 8 18.8 1.7 0 7.4 20.5 119 118 10.7 4.2
"72" "70" 2003-03-26 26.08 "MIL" "@" "DEN" "L" -5 1 6.83333333333333 0 0 0 0 0 0 7.4 0 20 32.4 0 110 -3.2 -34.8
"73" "71" 2003-03-28 26.08 "MIL" "@" "UTA" "L" -13 0 28.75 0.419 0.385 10.8 13.4 12 6 2 0 12.3 27 90 120 4.8 -6.3
"74" "72" 2003-03-30 26.09 "MIL" "" "MIA" "W" 22 0 21.4166666666667 0.421 0.364 13.4 5.4 9 7.2 2.8 3.6 20.2 33.1 90 105 3.8 -13.7
"75" "73" 2003-03-31 26.09 "MIL" "@" "MIA" "W" 5 0 16.2 0.3 0.3 6.1 0 3.2 0 0 4.9 9.1 33.2 61 106 -0.2 -16.3
"76" "74" 2003-04-02 26.1 "MIL" "" "HOU" "W" 7 0 23.3 0.7 0.7 4.4 13.5 8 7.9 0 4 9.1 20.6 127 109 9.1 5.9
"77" "75" 2003-04-04 26.1 "MIL" "" "CLE" "W" 2 0 18.8166666666667 0.338 0.313 0 5.7 2.6 7.4 2.7 0 0 20.6 78 101 2 -5.7
"78" "76" 2003-04-05 26.1 "MIL" "@" "CHI" "L" -2 0 32.7 0.436 0.389 10.5 15.7 12.6 9.3 1.6 2.3 8.8 26.9 106 117 12.1 -2.1
"79" "77" 2003-04-09 26.12 "MIL" "" "LAC" "W" 20 0 23.8333333333333 0.81 0.778 15.8 33.3 25 18.8 0 0 33.6 28.2 113 98 11.4 3
"80" "78" 2003-04-11 26.12 "MIL" "@" "TOR" "W" 2 0 31.4166666666667 0.824 0.833 4.2 7.9 6.1 5 1.7 4.8 0 15.5 169 115 15.9 7
"81" "79" 2003-04-13 26.13 "MIL" "" "IND" "W" 9 0 18.3333333333333 0.589 0.4 0 19.5 10.8 18 0 3.9 20.7 24.7 105 107 6.1 -0.2
"82" "80" 2003-04-16 26.13 "MIL" "" "ORL" "W" 6 1 37.1333333333333 0.622 0.594 10 13 11.5 4.9 5.7 1.9 0 20.8 136 90 21.3 7.5
"1" "1" 2003-10-29 26.67 "MIL" "@" "MIN" "L" -6 1 29.1 0.336 0.294 3.6 7.1 5.4 17.8 0 2 10.1 30.9 74 112 3.4 -7.6
"2" "2" 2003-10-31 26.68 "MIL" "@" "IND" "W" 14 1 33.0166666666667 0.704 0.667 9.7 14 12.2 0 1.7 2.2 26 29 109 93 11.7 1.1
"3" "3" 2003-11-01 26.68 "MIL" "" "CHI" "W" 30 1 28.05 0.49 0.467 3.8 9 6.7 11.4 1.8 0 15.5 29.4 91 79 6.9 -1.3
"4" "4" 2003-11-04 26.69 "MIL" "" "LAL" "L" -6 1 39.15 0.432 0.267 5.2 22.3 13.9 16.3 1.3 0 5.1 21.4 110 116 13.2 -1.1
"5" "5" 2003-11-05 26.69 "MIL" "@" "NYK" "W" 16 1 38.5166666666667 0.574 0.385 3 17.6 10.4 11.5 0 0 0 23.2 135 105 17.1 2.6
"6" "6" 2003-11-07 26.7 "MIL" "@" "DET" "L" -6 1 27.15 0.333 0.333 3.6 23.7 13.1 6.2 0 0 29.4 27.3 53 113 -1.4 -16.5
"7" "7" 2003-11-08 26.7 "MIL" "" "NYK" "W" 3 1 38.4333333333333 0.609 0.639 0 13 5.8 22.5 3 6.6 0 23.7 130 92 21.3 15
"8" "8" 2003-11-12 26.71 "MIL" "" "SEA" "L" -5 1 38.6333333333333 0.441 0.433 11.6 24 17 4.3 1.4 1.9 15.9 20.1 91 111 9.6 -2.4
"9" "9" 2003-11-15 26.72 "MIL" "" "UTA" "W" 5 1 32.0833333333333 0.715 0.727 4.1 19.2 11.8 0 1.6 0 7.8 19 124 101 11.9 2.7
"10" "10" 2003-11-18 26.73 "MIL" "" "ATL" "L" -8 1 33.8 0.623 0.5 0 6.7 3.2 12.9 0 2 12.8 20.3 118 117 11.2 1
"11" "11" 2003-11-19 26.73 "MIL" "@" "DEN" "L" -8 1 35.4333333333333 0.873 0.885 3.3 2.7 3 7.9 4.6 0 17.3 22 124 105 18.8 12.4
"12" "12" 2003-11-21 26.73 "MIL" "@" "UTA" "L" -9 1 30.05 0.573 0.5 0 9.1 4.7 0 0 0 9.4 34 109 119 9.5 -3.6
"13" "13" 2003-11-23 26.74 "MIL" "@" "TOR" "W" 20 1 35.5166666666667 0.717 0.688 3.8 14.3 9.8 5.7 0 0 9.3 15.4 139 83 11.5 4.6
"14" "14" 2003-11-25 26.75 "MIL" "" "PHI" "W" 4 1 30.1833333333333 0.466 0.5 0 7 4 17.5 0 0 13.4 23.6 87 107 4.7 -6.3
"15" "" 2003-11-28 26.75 "MIL" "@" "BOS" "L" -10 NA NA NA NA NA NA NA NA NA NA NA NA NA NA NA NA
"16" "" 2003-11-29 26.76 "MIL" "" "BOS" "W" 6 NA NA NA NA NA NA NA NA NA NA NA NA NA NA NA NA
"17" "" 2003-12-01 26.76 "MIL" "@" "CHI" "L" -10 NA NA NA NA NA NA NA NA NA NA NA NA NA NA NA NA
"18" "" 2003-12-02 26.76 "MIL" "@" "ATL" "W" 12 NA NA NA NA NA NA NA NA NA NA NA NA NA NA NA NA
"19" "" 2003-12-05 26.77 "MIL" "@" "NJN" "L" -7 NA NA NA NA NA NA NA NA NA NA NA NA NA NA NA NA
"20" "" 2003-12-06 26.78 "MIL" "" "WAS" "L" -5 NA NA NA NA NA NA NA NA NA NA NA NA NA NA NA NA
"21" "" 2003-12-08 26.78 "MIL" "@" "NOH" "L" -6 NA NA NA NA NA NA NA NA NA NA NA NA NA NA NA NA
"22" "" 2003-12-10 26.79 "MIL" "" "GSW" "W" 5 NA NA NA NA NA NA NA NA NA NA NA NA NA NA NA NA
"23" "" 2003-12-12 26.79 "MIL" "" "CHI" "W" 14 NA NA NA NA NA NA NA NA NA NA NA NA NA NA NA NA
"24" "15" 2003-12-14 26.8 "MIL" "@" "SEA" "L" -6 1 39.9833333333333 0.458 0.421 2.5 9.8 5.7 7.6 1.2 0 8.8 23 96 113 7.7 -4
"25" "16" 2003-12-16 26.8 "MIL" "@" "POR" "W" 7 1 29.7833333333333 0.978 1 0 16.3 9 27.6 1.7 4.4 14.5 22 156 104 23 20
"26" "17" 2003-12-17 26.81 "MIL" "@" "LAC" "L" -10 1 28.8166666666667 0.506 0.5 3 7.2 4.9 18.1 3.3 0 9.2 16.1 99 93 8.1 4.2
"27" "18" 2003-12-20 26.81 "MIL" "" "NJN" "W" 5 1 39.8666666666667 0.602 0.618 0 7.5 4.4 18.3 2.6 0 10.3 24.3 101 98 14.8 4
"28" "19" 2003-12-23 26.82 "MIL" "" "DET" "W" 5 1 26.0166666666667 0.643 0.643 0 19.8 10.8 22.5 2.3 5.1 12.5 15 123 86 10.6 13.7
"29" "20" 2003-12-26 26.83 "MIL" "" "IND" "W" 5 1 28.85 0.375 0.375 0 10.3 5.3 5.3 0 0 0 14.6 77 115 2.1 -8.3
"30" "21" 2003-12-28 26.84 "MIL" "@" "SAS" "L" -15 1 32.1 0.5 0.5 0 15 7.6 7.1 1.7 2.3 13.3 21.8 87 96 6.6 1.4
"31" "22" 2003-12-30 26.84 "MIL" "@" "DAL" "L" -9 1 31.8333333333333 0.381 0.357 0 13 6.6 0 1.7 0 6.5 24 71 116 3.6 -10.4
"32" "23" 2004-01-02 26.85 "MIL" "" "DAL" "W" 8 1 31.5166666666667 0.618 0.583 0 13.6 6.5 9.1 1.7 0 0 19.2 138 118 12.6 2.9
"33" "24" 2004-01-04 26.85 "MIL" "@" "WAS" "W" 6 1 37.5833333333333 0.669 0.633 3 11.8 7.5 17.4 2.8 0 18.9 26.4 111 100 16.1 3.8
"34" "25" 2004-01-05 26.86 "MIL" "@" "PHI" "W" 12 1 28.9333333333333 0.388 0.333 7.2 17.2 12.3 13 3.5 0 7.2 21.2 89 78 8.1 2
"35" "26" 2004-01-07 26.86 "MIL" "" "PHO" "W" 8 1 28.9 0.405 0.333 4.1 18 10.7 5.4 3.7 2.6 28.8 21.2 69 91 2.6 -7.3
"36" "27" 2004-01-09 26.87 "MIL" "" "MIA" "W" 9 1 36.45 0.735 0.75 3.3 7.3 5.6 17 3.2 0 22.7 17.8 121 111 12.8 4.8
"37" "28" 2004-01-10 26.87 "MIL" "@" "NYK" "L" -6 1 31.05 0.417 0.417 3.2 11.1 6.9 16.4 1.6 0 29.4 23.4 67 101 1.7 -8.2
"38" "29" 2004-01-13 26.88 "MIL" "" "BOS" "W" 8 1 23.45 0.394 0.313 5.3 21.1 13.2 18.8 0 0 25.3 20.7 80 105 2.4 -7.4
"39" "30" 2004-01-15 26.88 "MIL" "" "NJN" "W" 3 1 25.5333333333333 0.274 0.182 9.6 17.5 13.7 15.9 2.3 0 0 25.6 79 95 3.1 -6.4
"40" "31" 2004-01-17 26.89 "MIL" "" "DET" "L" -5 1 37.1333333333333 0.597 0.611 0 20.3 8.4 4.9 2.9 0 5.1 24.7 115 110 15 5.6
"41" "32" 2004-01-19 26.9 "MIL" "@" "ORL" "L" -7 1 38 0.529 0.423 0 17.1 7.8 8.8 1.3 0 0 18.8 113 110 11.4 0.1
"42" "33" 2004-01-21 26.9 "MIL" "" "ORL" "W" 11 1 30.65 0.409 0.409 10.7 12 11.4 9 0 0 8.3 18.5 109 122 4.8 -9.2
"43" "34" 2004-01-23 26.91 "MIL" "" "TOR" "W" 12 1 24.4166666666667 0.508 0.429 0 28 18.2 6.3 2.2 0 11.3 17.8 100 94 5.1 -3.7
"44" "35" 2004-01-26 26.92 "MIL" "" "SAS" "W" 1 1 43.4666666666667 0.775 0.75 10.4 11.2 10.8 13.4 2.5 0 6.6 16.9 151 103 22.7 10.2
"45" "36" 2004-01-28 26.92 "MIL" "@" "NOH" "L" -1 1 18.9666666666667 0.41 0.333 10.3 26.6 17.4 0 0 4.8 0 16.5 104 107 4.3 -3.9
"46" "37" 2004-01-30 26.93 "MIL" "" "CLE" "W" 6 1 34.9666666666667 0.403 0.393 0 10.1 5.6 24 0 0 6.3 20.1 91 105 7.8 -1.6
"47" "38" 2004-01-31 26.93 "MIL" "@" "ATL" "L" -10 1 21.3166666666667 0.254 0.143 4.7 6.2 5.3 17.8 0 3.4 20.2 21.4 58 109 -0.2 -9
"48" "39" 2004-02-04 26.94 "MIL" "@" "HOU" "L" -14 1 38.1666666666667 0.381 0.357 0 16.6 7.4 9.5 1.4 0 6 19.1 86 118 5.1 -5.7
"49" "40" 2004-02-06 26.95 "MIL" "@" "MEM" "L" -20 1 36.1333333333333 0.503 0.5 0 21.1 8.8 0 2.8 0 10.1 23.8 89 108 9.5 -0.1
"50" "41" 2004-02-07 26.95 "MIL" "" "NOH" "W" 10 1 29.2 0.55 0.55 8.3 20.1 13.6 13.5 1.9 0 0 16.2 137 112 11.7 4.9
"51" "42" 2004-02-10 26.96 "MIL" "" "SAC" "L" -7 1 22.15 0.25 0.25 0 0 0 16.2 0 0 20 21.4 59 139 -2.3 -18.6
"52" "43" 2004-02-17 26.98 "NYK" "" "DET" "W" 4 0 9.05 0.333 0.333 24.2 21.3 22.7 0 0 0 40 24.8 57 100 -0.1 -16.1
"53" "44" 2004-02-20 26.98 "NYK" "" "UTA" "L" -14 1 32.4833333333333 0.552 0.455 3.8 12.5 7.9 16.7 1.8 0 6.1 25.4 115 114 10.7 1.9
"54" "45" 2004-02-22 26.99 "NYK" "" "CLE" "L" -6 1 35.1833333333333 0.425 0.4 2.3 13.9 7.6 4.2 0 0 7.8 15.4 91 106 4.5 -5.4
"55" "46" 2004-02-24 26.99 "NYK" "@" "SAC" "L" -8 1 39.2333333333333 0.754 0.738 0 6.5 3.1 9.9 2.7 0 4.4 26.5 146 119 24.5 11.2
"56" "47" 2004-02-25 27 "NYK" "@" "PHO" "L" -18 1 3.46666666666667 0.333 0.333 0 78 38.1 0 0 0 0 48.3 62 97 0.9 -11.1
"57" "48" 2004-02-27 27 "NYK" "@" "LAC" "L" -2 1 39.0833333333333 0.551 0.406 0 11.7 6.3 10.4 0 0 4.8 25.9 119 115 12.8 -2.3
"58" "49" 2004-02-29 27.01 "NYK" "@" "DEN" "L" -11 1 33.25 0.643 0.667 0 17.7 8.9 18.9 0 0 0 15.8 136 112 12.7 3.3
"59" "50" 2004-03-03 27.02 "NYK" "" "PHI" "W" 11 1 38.9166666666667 0.487 0.469 8.6 22.6 16.1 0 4.3 0 5.7 20.1 115 81 13.2 4.3
"60" "51" 2004-03-05 27.02 "NYK" "@" "TOR" "W" 6 1 29.95 0.542 0.542 6.7 16.8 11.2 9 0 0 14.3 19.8 110 120 7.8 -3
"61" "52" 2004-03-07 27.03 "NYK" "@" "WAS" "W" 13 1 39.9166666666667 0.966 1 0 16.7 8.1 3.9 1.4 0 0 10.8 194 102 17.2 7.5
"62" "53" 2004-03-09 27.03 "NYK" "" "BOS" "L" -3 1 32.6666666666667 0.581 0.542 0 13.2 6.7 0 3.4 5.6 25.5 27.5 85 97 9.4 1.6
"63" "54" 2004-03-12 27.04 "NYK" "@" "PHI" "L" -5 1 12 0.25 0.25 9.3 11.8 10.4 48.1 4.8 0 0 16.7 89 96 3.3 5.7
"64" "55" 2004-03-14 27.05 "NYK" "@" "MIL" "W" 3 1 36.15 0.71 0.591 0 23.2 12 4.3 1.5 2 17.6 22.7 118 111 14.5 -1.2
"65" "56" 2004-03-16 27.05 "NYK" "" "WAS" "W" 4 1 42.1166666666667 0.584 0.522 2.2 13.3 6.6 8.7 1.2 0 9.9 30.3 119 111 18.8 2
"66" "57" 2004-03-19 27.06 "NYK" "" "NJN" "W" 14 1 37.1166666666667 0.402 0.395 14.1 5.8 10 10.4 1.6 0 0 24.5 111 86 10.8 6
"67" "58" 2004-03-20 27.06 "NYK" "@" "CHI" "L" -6 1 12 0.45 0.438 16.7 30.8 23 40 0 0 10.1 37.1 96 98 5.5 7.8
"68" "" 2004-03-22 27.07 "NYK" "" "ATL" "W" 12 NA NA NA NA NA NA NA NA NA NA NA NA NA NA NA NA
"69" "" 2004-03-24 27.07 "NYK" "" "MEM" "L" -14 NA NA NA NA NA NA NA NA NA NA NA NA NA NA NA NA
"70" "" 2004-03-26 27.08 "NYK" "" "TOR" "W" 7 NA NA NA NA NA NA NA NA NA NA NA NA NA NA NA NA
"71" "" 2004-03-27 27.08 "NYK" "@" "DET" "L" -15 NA NA NA NA NA NA NA NA NA NA NA NA NA NA NA NA
"72" "59" 2004-03-29 27.09 "NYK" "" "POR" "W" 1 1 40.4 0.568 0.545 2.9 17.6 9.5 9.7 5.7 0 11.6 31.4 107 102 18 6.7
"73" "60" 2004-04-02 27.1 "NYK" "@" "NJN" "L" -25 1 28.3666666666667 0.409 0.367 4.1 0 2.6 0 2 0 5.9 28 92 137 4.4 -8.5
"74" "61" 2004-04-03 27.1 "NYK" "@" "PHI" "W" 11 1 42.6333333333333 0.408 0.214 2.9 7.8 5.5 12.1 0 1.8 17.9 26.3 82 98 5.2 -7.8
"75" "62" 2004-04-06 27.11 "NYK" "@" "IND" "L" -21 1 29.8666666666667 0.633 0.55 0 8.2 4.4 0 0 0 24 26 97 126 5.2 -7.6
"76" "63" 2004-04-07 27.11 "NYK" "" "CHI" "W" 14 1 30.8 0.424 0.231 3.9 22.6 14.1 15.8 0 2.8 15.4 29 88 92 7.1 -6.8
"77" "64" 2004-04-10 27.12 "NYK" "@" "WAS" "W" 4 1 37.35 0.545 0.472 3.2 8.9 6.1 10.8 4.3 0 4.7 26.1 114 99 17.2 5.8
"78" "65" 2004-04-12 27.13 "NYK" "@" "NOH" "W" 4 1 25.2833333333333 0.588 0.545 12.6 24.3 18 0 2 0 19 27.1 100 106 9.7 -0.1
"79" "66" 2004-04-14 27.13 "NYK" "" "CLE" "L" -10 1 37.5166666666667 0.547 0.591 0 3.1 1.6 0 3 0 20.2 19.1 88 114 5.8 -3.8
"1" "1" 2004-11-03 27.69 "NYK" "@" "MIN" "L" -6 1 22.6666666666667 0.269 0.269 3.9 16.1 9.1 0 2.1 0 7.1 26.1 56 101 -0.9 -13.5
"2" "2" 2004-11-06 27.7 "NYK" "" "BOS" "L" -34 1 24.6833333333333 0.333 0.333 0 12 5.1 8.3 0 5.8 30.8 25.1 48 123 -1.6 -14
"3" "3" 2004-11-09 27.7 "NYK" "" "PHI" "W" 8 1 24.2 0.394 0.375 0 0 0 6.1 0 3.3 10.1 17.5 79 103 1.8 -8.1
"4" "4" 2004-11-12 27.71 "NYK" "" "LAC" "W" 14 1 22.85 0.845 0.813 0 21.4 11.1 0 0 0 10.1 19.3 150 108 10.4 2.8
"5" "5" 2004-11-13 27.72 "NYK" "@" "IND" "L" -6 1 20.35 0.276 0.2 0 18.9 7.9 0 0 0 15.5 26.6 56 114 -3.7 -20.7
"6" "6" 2004-11-16 27.72 "NYK" "@" "SAS" "L" -18 1 33.2666666666667 0.46 0.4 10.1 21.4 15.1 0 0 0 23.5 31.1 77 115 3.9 -6.2
"7" "7" 2004-11-18 27.73 "NYK" "@" "HOU" "W" 1 1 12.1666666666667 0.2 0.2 0 8.4 4.1 0 4.2 0 28.6 24.8 30 101 -2.2 -20.7
"8" "8" 2004-11-19 27.73 "NYK" "@" "DAL" "L" -2 1 25.35 0.2 0.2 4.3 32.8 18.9 0 1.9 5.1 9.1 18.3 47 99 2.3 -6.9
"9" "9" 2004-11-21 27.74 "NYK" "" "CLE" "W" 10 1 26.0833333333333 0.507 0.5 0 18.9 10.4 10.7 0 0 10.1 18.6 99 103 5.4 -1.8
"10" "10" 2004-11-23 27.74 "NYK" "" "ATL" "W" 16 1 22.1166666666667 0.373 0.111 5.1 9.1 7.2 6.5 0 3 7.6 25.3 90 92 4 -7.9
"11" "11" 2004-11-24 27.75 "NYK" "@" "TOR" "L" -23 1 21.9833333333333 0.4 0.4 0 15.6 7 0 0 0 28.6 13.7 58 124 -0.6 -13.3
"12" "12" 2004-11-27 27.75 "NYK" "" "TOR" "W" 6 1 38.9833333333333 0.607 0.607 3 10.9 7.2 3.5 3.9 0 17.6 19.5 102 103 11 -0.2
"13" "13" 2004-11-30 27.76 "NYK" "@" "ATL" "W" 1 1 23.0833333333333 0.507 0.5 0 0 0 17.2 0 0 10.1 19.5 100 122 4.2 -7
"14" "14" 2004-12-01 27.76 "NYK" "" "MEM" "W" 8 1 16.8666666666667 0.4 0.4 0 12.5 6.2 10 3.4 0 0 13.8 100 96 2.4 -2.6
"15" "15" 2004-12-03 27.77 "NYK" "" "ORL" "L" -6 1 32.3666666666667 0.537 0.5 7.9 11.2 9.6 0 1.5 0 15.2 25.2 103 113 8.6 -2.8
"16" "16" 2004-12-04 27.77 "NYK" "@" "CHA" "L" -6 1 29.25 0.505 0.455 0 15.4 8 5.1 0 2.1 7.8 19.9 109 116 6.7 -2.3
"17" "17" 2004-12-07 27.78 "NYK" "@" "MEM" "L" -8 1 33.7833333333333 0.621 0.583 2.9 11.1 6.6 27.5 0 0 13.4 19 121 115 11.6 5.1
"18" "18" 2004-12-08 27.78 "NYK" "@" "NOH" "W" 7 1 27.6833333333333 0.661 0.643 0 20.6 11.3 13.6 2 2.4 0 14.3 140 87 11 8.9
"19" "19" 2004-12-10 27.79 "NYK" "@" "WAS" "L" -2 1 23.45 0.444 0.444 0 3.6 2.2 15 2.2 0 18.2 20.4 94 119 3.1 -4.3
"20" "20" 2004-12-12 27.79 "NYK" "" "DEN" "W" 11 1 21.6333333333333 0.571 0.571 0 0 0 0 2.3 6.8 20.2 19.9 91 101 4.1 -1.4
"21" "21" 2004-12-14 27.8 "NYK" "@" "NJN" "W" 8 1 11.6 0.143 0.143 21.3 0 9.5 20.2 0 0 22.2 37.3 42 99 -3.2 -25.3
"22" "22" 2004-12-15 27.8 "NYK" "" "DET" "L" -1 1 30.15 0.564 0.438 4.1 11.4 7.9 0 0 0 0 18 123 116 8 -2.1
"23" "23" 2004-12-17 27.81 "NYK" "@" "PHI" "W" 6 1 24.3833333333333 0.922 0.875 4.9 8.5 6.8 6.9 2.1 0 17 10.4 154 107 9 4.2
"24" "24" 2004-12-19 27.81 "NYK" "" "UTA" "W" 1 1 31.4333333333333 0.505 0.5 0 3.9 2.1 6.1 5.4 0 7.8 20.4 96 108 8.9 2.2
"25" "25" 2004-12-21 27.82 "NYK" "" "DAL" "L" -29 1 21.8333333333333 0.505 0.455 4.1 23 12 0 2.3 0 20.2 27.8 86 124 3.8 -6.9
"26" "26" 2004-12-22 27.82 "NYK" "@" "BOS" "L" -5 1 33.45 0.713 0.708 0 7.9 3.6 0 0 0 0 16.9 154 125 12 0.9
"27" "27" 2004-12-26 27.83 "NYK" "" "CHA" "W" 9 1 35.7 0.733 0.682 0 7.6 4.7 23.4 3.1 0 18 23 127 96 17 7.9
"28" "28" 2004-12-27 27.84 "NYK" "@" "ORL" "W" 8 1 39.5666666666667 0.472 0.433 0 14.1 6.6 18.6 1.3 0 15.9 20.5 99 123 8.7 -5.5
"29" "29" 2004-12-29 27.84 "NYK" "" "MIN" "W" 13 1 37.5166666666667 0.644 0.667 0 16.5 9.4 3.6 0 1.7 20.5 14 102 109 7.4 -2
"30" "30" 2005-01-01 27.85 "NYK" "" "NJN" "L" -6 1 37.75 0.444 0.357 3.4 10.8 7 10.6 0 0 16 23.4 85 109 4.2 -7.6
"31" "31" 2005-01-04 27.86 "NYK" "" "SAC" "L" -7 1 35.5833333333333 0.396 0.385 2.9 25.9 13 4.5 0 0 0 17.7 89 113 6.6 -5.5
"32" "32" 2005-01-05 27.86 "NYK" "@" "MIA" "L" -8 1 29.6166666666667 0.455 0.389 4.3 12.3 8.4 0 0 2.2 9.2 17.5 93 119 5.2 -4.1
"33" "33" 2005-01-08 27.87 "NYK" "@" "CLE" "L" -25 1 22.8666666666667 0.535 0.5 5.5 0 2.7 13.6 2.2 0 20.1 39.3 82 114 6.9 -1.7
"34" "" 2005-01-09 27.87 "NYK" "" "POR" "W" 8 NA NA NA NA NA NA NA NA NA NA NA NA NA NA NA NA
"35" "" 2005-01-11 27.88 "NYK" "" "NOH" "L" -6 NA NA NA NA NA NA NA NA NA NA NA NA NA NA NA NA
"36" "" 2005-01-15 27.89 "NYK" "@" "CHI" "L" -2 NA NA NA NA NA NA NA NA NA NA NA NA NA NA NA NA
"37" "34" 2005-01-17 27.89 "NYK" "" "CHI" "L" -2 0 4.28333333333333 0 0 0 0 0 37.5 0 0 0 35.3 16 114 -1.5 -22.3
"38" "35" 2005-01-19 27.9 "NYK" "@" "TOR" "L" -17 1 32.1333333333333 0.324 0.2 3.1 12.2 7 5.1 3.3 0 5.1 26.9 76 105 3.6 -4.5
"39" "36" 2005-01-21 27.9 "NYK" "" "HOU" "L" -1 1 14.7 0.25 0.25 0 18 8.2 0 0 0 0 13.2 61 111 -1 -14.1
"40" "" 2005-01-23 27.91 "NYK" "" "MIL" "L" -5 NA NA NA NA NA NA NA NA NA NA NA NA NA NA NA NA
"41" "37" 2005-02-04 27.94 "NYK" "@" "SAC" "L" -1 0 22.3333333333333 0.669 0.667 5.8 9.1 7.6 0 0 0 10.4 37 124 122 13 0.1
"42" "38" 2005-02-05 27.95 "NYK" "@" "PHO" "L" -8 0 30.3166666666667 0.37 0.321 3.2 18.2 10.2 0 0 0 11.8 23.2 79 118 1.4 -10.7
"43" "39" 2005-02-07 27.95 "NYK" "@" "UTA" "W" 3 1 16.3 0.383 0 0 10.1 4.8 10.4 0 0 0 20.7 93 102 0.3 -10
"44" "40" 2005-02-09 27.96 "NYK" "" "MIA" "L" -6 1 39.4 0.825 0.857 2.8 12.6 7.4 26 0 2 0 9.3 182 124 15.2 10.4
"45" "41" 2005-02-11 27.96 "NYK" "@" "BOS" "L" -17 1 18.5333333333333 1 1 6.2 0 3.5 22.2 2.9 0 20 13 143 121 6.1 4.3
"46" "42" 2005-02-13 27.97 "NYK" "" "CHA" "W" 3 1 33.4833333333333 0.583 0.583 8.3 11.8 10.1 18.4 0 0 40 14.6 89 124 3.5 -6.8
"47" "43" 2005-02-14 27.97 "NYK" "@" "PHI" "L" -1 1 27.7666666666667 0.563 0.563 4.5 9.3 6.9 10 0 3 11.1 14.9 110 116 6.6 -1.7
"48" "44" 2005-02-16 27.98 "NYK" "" "MIL" "W" 18 1 32.5666666666667 0.564 0.438 0 6.3 3.7 3.9 0 0 9.3 15.9 114 110 5.3 -7.5
"49" "45" 2005-02-22 27.99 "NYK" "@" "DET" "L" -9 1 21.1833333333333 0.682 0.682 8.6 11.1 9.7 12 2.5 0 8.3 24.5 130 106 10.8 11.1
"50" "46" 2005-02-24 28 "NYK" "" "PHI" "W" 12 1 33.4 0.857 0.857 4 3.3 3.6 15.9 4.8 0 20.2 26.9 129 108 21.3 13.1
"51" "47" 2005-02-26 28 "NYK" "" "IND" "W" 11 1 35.1166666666667 0.688 0.688 7 11.4 9.1 14.1 1.6 0 0 11.1 154 97 11.6 6.2
"52" "48" 2005-02-28 28.01 "NYK" "" "LAL" "W" 2 1 40.9166666666667 0.793 0.789 2.9 8.6 5.8 4.9 1.3 0 4.3 27.4 147 121 26.8 8.1
"53" "49" 2005-03-04 28.02 "NYK" "@" "ORL" "L" -22 1 19.7833333333333 0.563 0.5 0 14.5 6 26.5 0 0 0 10.8 133 130 4.5 -2.3
"54" "50" 2005-03-06 28.02 "NYK" "" "GSW" "W" 16 1 34.4333333333333 0.829 0.833 5 24.2 16.4 8.6 0 0 16.6 26.4 135 114 19.8 5.4
"55" "51" 2005-03-08 28.03 "NYK" "" "WAS" "W" 10 1 30.7333333333333 0.497 0.333 0 11.1 6.1 11.3 1.7 0 0 17.7 114 91 8.1 0.3
"56" "52" 2005-03-13 28.04 "NYK" "" "SEA" "L" -10 1 34.9666666666667 0.559 0.529 0 23.5 10.5 10 1.7 0 18.3 30.5 93 104 9.2 2.6
"57" "53" 2005-03-15 28.05 "NYK" "" "MIA" "L" -2 1 37.7166666666667 0.592 0.594 7.6 13 10.1 14.6 0 0 5.6 23.5 120 116 13.4 2.5
"58" "54" 2005-03-18 28.05 "NYK" "@" "ATL" "W" 14 1 40.6333333333333 0.863 0.833 0 5 2.8 19.1 0 0 18.4 19.6 144 116 17.3 6.5
"59" "55" 2005-03-19 28.06 "NYK" "@" "MIA" "L" -15 1 31.6833333333333 0.353 0.3 3.3 9.7 6.5 10.9 1.7 0 8.1 17.8 82 109 3.6 -4.1
"60" "56" 2005-03-21 28.06 "NYK" "" "SAS" "W" 13 1 33.1 0.373 0.324 0 21.7 11.8 0 1.7 0 5.1 28.6 75 84 4.6 -4.3
"61" "57" 2005-03-23 28.07 "NYK" "" "BOS" "W" 25 1 18.35 0.666 0.563 0 15.8 9.2 9.1 0 0 17 28.2 127 97 6.6 -3.7
"62" "58" 2005-03-25 28.07 "NYK" "@" "SEA" "L" -8 1 46.5833333333333 0.406 0.289 5 5.5 5.2 0 2.4 0 11.4 27.4 83 116 6.3 -7.7
"63" "59" 2005-03-26 28.08 "NYK" "@" "POR" "L" -7 1 31.4 0.704 0.675 3.6 7 5.3 16.7 0 4.5 8.6 33.9 130 116 20.9 12.2
"64" "60" 2005-03-28 28.08 "NYK" "@" "GSW" "L" -8 1 31.8333333333333 0.597 0.65 0 13.2 6.6 5.2 1.7 0 15.5 18.2 100 116 6.9 -2.9
"65" "61" 2005-03-29 28.08 "NYK" "@" "LAL" "L" -10 1 23.7333333333333 0.313 0.313 0 0 0 13.5 2.4 0 20 20.1 66 133 -1 -15.3
"66" "62" 2005-04-01 28.09 "NYK" "" "NJN" "L" -2 1 27.7333333333333 0.167 0.167 8.4 9 8.7 20.9 3.8 0 7.7 20.7 60 100 -0.5 -9
"67" "63" 2005-04-03 28.1 "NYK" "@" "MIL" "L" -4 1 30.4333333333333 0.735 0.654 0 16 6.2 22.8 0 2.5 6 21.8 155 118 18.1 12.5
"68" "64" 2005-04-05 28.1 "NYK" "" "IND" "L" -18 1 31.2 0.547 0.5 3.6 15.8 9.4 0 0 0 7.8 20.1 107 124 7.4 -2.5
"69" "65" 2005-04-07 28.11 "NYK" "@" "NJN" "L" -12 1 13.6 0.51 0.4 0 0 0 0 0 0 14.5 23.1 95 130 1.9 -10.3
"70" "" 2005-04-08 28.11 "NYK" "" "CHI" "L" -8 NA NA NA NA NA NA NA NA NA NA NA NA NA NA NA NA
"71" "" 2005-04-10 28.12 "NYK" "@" "IND" "W" 1 NA NA NA NA NA NA NA NA NA NA NA NA NA NA NA NA
"72" "66" 2005-04-12 28.12 "NYK" "" "TOR" "L" -12 1 28.7 0.393 0.393 4.5 10 7.1 6.7 0 0 12.5 25 75 114 1.2 -11
"73" "67" 2005-04-14 28.13 "NYK" "@" "CLE" "W" 6 1 18.85 0.8 0.8 0 5.1 2.7 16.6 2.9 0 16.7 15.2 133 102 6.6 7.8
"74" "68" 2005-04-16 28.13 "NYK" "@" "CHA" "W" 2 1 28.0166666666667 0.394 0.375 0 3.6 2 21.5 1.9 0 25.3 20.5 78 114 1.3 -11.6
"75" "69" 2005-04-17 28.14 "NYK" "" "ATL" "L" -4 1 34.0666666666667 0.722 0.722 4.3 16 10.4 41 0 0 10 26.5 147 138 20.9 9.3
"76" "70" 2005-04-19 28.14 "NYK" "@" "CHI" "L" -1 1 8.08333333333333 0.333 0.333 0 14 7.1 0 0 0 25 23.1 52 107 -1.2 -20.9
"77" "71" 2005-04-20 28.15 "NYK" "" "WAS" "W" 8 1 8.35 0.46 0.4 0 0 0 0 0 0 0 30.7 100 115 1.9 -10.3
"1" "1" 2005-11-02 28.68 "CHI" "" "CHA" "W" 4 0 16.4166666666667 0.375 0.375 0 6.7 3.3 22 0 4 11.1 23.5 77 105 3 -3.3
"2" "2" 2005-11-05 28.69 "CHI" "@" "NJN" "L" -1 0 7.86666666666667 0.333 0.333 0 14.2 6.9 0 0 0 0 16.9 70 107 0.6 -6.6
"3" "" 2005-11-07 28.7 "CHI" "" "SAS" "L" -9 NA NA NA NA NA NA NA NA NA NA NA NA NA NA NA NA
"4" "" 2005-11-09 28.7 "CHI" "" "GSW" "W" 1 NA NA NA NA NA NA NA NA NA NA NA NA NA NA NA NA
"5" "" 2005-11-12 28.71 "CHI" "" "UTA" "W" 5 NA NA NA NA NA NA NA NA NA NA NA NA NA NA NA NA
"6" "3" 2005-11-14 28.72 "CHI" "@" "GSW" "L" -18 0 7.35 0.5 0.5 0 34.4 14 0 0 0 0 26.9 106 104 2.5 5.5
"7" "" 2005-11-16 28.72 "CHI" "@" "POR" "L" -3 NA NA NA NA NA NA NA NA NA NA NA NA NA NA NA NA
"8" "" 2005-11-18 28.73 "CHI" "@" "SEA" "L" -14 NA NA NA NA NA NA NA NA NA NA NA NA NA NA NA NA
"9" "" 2005-11-20 28.73 "CHI" "@" "LAL" "W" 3 NA NA NA NA NA NA NA NA NA NA NA NA NA NA NA NA
"10" "" 2005-11-25 28.75 "CHI" "@" "SAS" "W" 7 NA NA NA NA NA NA NA NA NA NA NA NA NA NA NA NA
"11" "" 2005-11-26 28.75 "CHI" "@" "HOU" "W" 5 NA NA NA NA NA NA NA NA NA NA NA NA NA NA NA NA
"12" "" 2005-11-29 28.76 "CHI" "" "ORL" "W" 9 NA NA NA NA NA NA NA NA NA NA NA NA NA NA NA NA
"13" "" 2005-11-30 28.76 "CHI" "@" "NYK" "L" -8 NA NA NA NA NA NA NA NA NA NA NA NA NA NA NA NA
"14" "" 2005-12-02 28.76 "CHI" "@" "BOS" "W" 4 NA NA NA NA NA NA NA NA NA NA NA NA NA NA NA NA
"15" "" 2005-12-03 28.77 "CHI" "" "DET" "L" -13 NA NA NA NA NA NA NA NA NA NA NA NA NA NA NA NA
"16" "" 2005-12-05 28.77 "CHI" "" "DAL" "L" -8 NA NA NA NA NA NA NA NA NA NA NA NA NA NA NA NA
"17" "" 2005-12-07 28.78 "CHI" "@" "ORL" "W" 9 NA NA NA NA NA NA NA NA NA NA NA NA NA NA NA NA
"18" "" 2005-12-09 28.78 "CHI" "" "LAL" "L" -13 NA NA NA NA NA NA NA NA NA NA NA NA NA NA NA NA
"19" "" 2005-12-10 28.79 "CHI" "@" "WAS" "W" 7 NA NA NA NA NA NA NA NA NA NA NA NA NA NA NA NA
"20" "" 2005-12-13 28.79 "CHI" "" "MIA" "L" -3 NA NA NA NA NA NA NA NA NA NA NA NA NA NA NA NA
"21" "" 2005-12-14 28.8 "CHI" "@" "TOR" "W" 11 NA NA NA NA NA NA NA NA NA NA NA NA NA NA NA NA
"22" "" 2005-12-16 28.8 "CHI" "@" "DET" "L" -28 NA NA NA NA NA NA NA NA NA NA NA NA NA NA NA NA
"23" "" 2005-12-17 28.81 "CHI" "" "BOS" "W" 32 NA NA NA NA NA NA NA NA NA NA NA NA NA NA NA NA
"24" "" 2005-12-20 28.81 "CHI" "" "CHA" "L" -13 NA NA NA NA NA NA NA NA NA NA NA NA NA NA NA NA
"25" "" 2005-12-22 28.82 "CHI" "" "CLE" "L" -8 NA NA NA NA NA NA NA NA NA NA NA NA NA NA NA NA
"26" "" 2005-12-23 28.82 "CHI" "@" "MEM" "L" -18 NA NA NA NA NA NA NA NA NA NA NA NA NA NA NA NA
"27" "" 2005-12-26 28.83 "CHI" "@" "CLE" "L" -11 NA NA NA NA NA NA NA NA NA NA NA NA NA NA NA NA
"28" "" 2005-12-28 28.84 "CHI" "@" "CHA" "L" -13 NA NA NA NA NA NA NA NA NA NA NA NA NA NA NA NA
"29" "" 2005-12-31 28.84 "CHI" "" "PHO" "L" -9 NA NA NA NA NA NA NA NA NA NA NA NA NA NA NA NA
"30" "" 2006-01-02 28.85 "CHI" "" "MIL" "L" -1 NA NA NA NA NA NA NA NA NA NA NA NA NA NA NA NA
"31" "" 2006-01-04 28.85 "CHI" "" "SEA" "L" -4 NA NA NA NA NA NA NA NA NA NA NA NA NA NA NA NA
"32" "" 2006-01-06 28.86 "CHI" "@" "MIL" "W" 14 NA NA NA NA NA NA NA NA NA NA NA NA NA NA NA NA
"33" "" 2006-01-07 28.86 "CHI" "" "MEM" "W" 29 NA NA NA NA NA NA NA NA NA NA NA NA NA NA NA NA
"34" "" 2006-01-09 28.87 "CHI" "" "TOR" "W" 9 NA NA NA NA NA NA NA NA NA NA NA NA NA NA NA NA
"35" "" 2006-01-11 28.87 "CHI" "@" "MIN" "L" -6 NA NA NA NA NA NA NA NA NA NA NA NA NA NA NA NA
"36" "" 2006-01-14 28.88 "CHI" "" "IND" "L" -2 NA NA NA NA NA NA NA NA NA NA NA NA NA NA NA NA
"37" "" 2006-01-16 28.89 "CHI" "" "DEN" "L" -3 NA NA NA NA NA NA NA NA NA NA NA NA NA NA NA NA
"38" "" 2006-01-18 28.89 "CHI" "" "NYK" "W" 2 NA NA NA NA NA NA NA NA NA NA NA NA NA NA NA NA
"39" "" 2006-01-20 28.9 "CHI" "" "HOU" "L" -1 NA NA NA NA NA NA NA NA NA NA NA NA NA NA NA NA
"40" "" 2006-01-21 28.9 "CHI" "@" "IND" "W" 12 NA NA NA NA NA NA NA NA NA NA NA NA NA NA NA NA
"41" "" 2006-01-25 28.91 "CHI" "@" "TOR" "W" 16 NA NA NA NA NA NA NA NA NA NA NA NA NA NA NA NA
"42" "" 2006-01-27 28.92 "CHI" "" "WAS" "W" 11 NA NA NA NA NA NA NA NA NA NA NA NA NA NA NA NA
"43" "" 2006-01-28 28.92 "CHI" "" "ATL" "W" 12 NA NA NA NA NA NA NA NA NA NA NA NA NA NA NA NA
"44" "" 2006-01-31 28.93 "CHI" "@" "DAL" "L" -4 NA NA NA NA NA NA NA NA NA NA NA NA NA NA NA NA
"45" "" 2006-02-01 28.93 "CHI" "@" "NOK" "L" -5 NA NA NA NA NA NA NA NA NA NA NA NA NA NA NA NA
"46" "" 2006-02-04 28.94 "CHI" "@" "PHO" "L" -17 NA NA NA NA NA NA NA NA NA NA NA NA NA NA NA NA
"47" "" 2006-02-06 28.95 "CHI" "@" "UTA" "L" -2 NA NA NA NA NA NA NA NA NA NA NA NA NA NA NA NA
"48" "" 2006-02-08 28.95 "CHI" "@" "DEN" "W" 3 NA NA NA NA NA NA NA NA NA NA NA NA NA NA NA NA
"49" "" 2006-02-09 28.95 "CHI" "@" "SAC" "L" -18 NA NA NA NA NA NA NA NA NA NA NA NA NA NA NA NA
"50" "" 2006-02-12 28.96 "CHI" "@" "LAC" "W" 6 NA NA NA NA NA NA NA NA NA NA NA NA NA NA NA NA
"51" "" 2006-02-14 28.97 "CHI" "" "SAC" "L" -4 NA NA NA NA NA NA NA NA NA NA NA NA NA NA NA NA
"52" "" 2006-02-16 28.97 "CHI" "" "PHI" "W" 33 NA NA NA NA NA NA NA NA NA NA NA NA NA NA NA NA
"53" "" 2006-02-22 28.99 "CHI" "" "MIL" "W" 6 NA NA NA NA NA NA NA NA NA NA NA NA NA NA NA NA
"54" "" 2006-02-24 28.99 "CHI" "" "DET" "L" -8 NA NA NA NA NA NA NA NA NA NA NA NA NA NA NA NA
"55" "" 2006-02-25 29 "CHI" "@" "PHI" "L" -6 NA NA NA NA NA NA NA NA NA NA NA NA NA NA NA NA
"56" "" 2006-02-28 29.01 "CHI" "" "MIN" "W" 11 NA NA NA NA NA NA NA NA NA NA NA NA NA NA NA NA
"57" "" 2006-03-03 29.01 "CHI" "@" "NYK" "W" 7 NA NA NA NA NA NA NA NA NA NA NA NA NA NA NA NA
"58" "4" 2006-03-03 29.01 "PHO" "" "ORL" "W" 5 0 19.6 0.72 0.731 0 0 0 0 0 0 0 30.8 137 127 11.7 3.6
"59" "5" 2006-03-05 29.02 "PHO" "@" "DAL" "W" 8 0 26.7833333333333 0.388 0.333 5.1 26.9 16.7 4.5 1.9 2.5 8.8 19.8 86 111 6 -5.1
"60" "6" 2006-03-06 29.02 "PHO" "@" "NOK" "W" 13 1 31.5666666666667 0.45 0.45 0 19.8 10 4.6 1.8 2.4 0 15 103 99 6.2 -1.4
"61" "7" 2006-03-09 29.03 "PHO" "" "SAS" "L" -24 1 28.9833333333333 0.427 0.417 7.7 24.8 16 0 0 0 7.2 22.1 90 129 5.6 -7.7
"62" "8" 2006-03-11 29.04 "PHO" "" "MIN" "W" 8 1 35.8333333333333 0.669 0.708 4.1 9.8 7.2 4.1 0 0 12.3 20.9 127 120 10.9 1.2
"63" "9" 2006-03-12 29.04 "PHO" "@" "POR" "L" -10 1 35.7 0.611 0.611 6.9 3.7 5.4 3.8 6.1 0 10 13.8 117 121 9.7 -0.3
"64" "10" 2006-03-14 29.04 "PHO" "@" "SEA" "W" 9 0 20.4333333333333 1.045 1.045 5.6 18.5 11.7 23.1 0 0 0 23.3 208 128 21.4 24.5
"65" "11" 2006-03-15 29.05 "PHO" "" "LAC" "W" 31 0 20.8166666666667 0.533 0.5 6.1 23.7 17.4 22.6 0 0 22.5 27.7 98 85 6.5 -3.1
"66" "12" 2006-03-17 29.05 "PHO" "@" "SAS" "L" -6 0 14.35 0.5 0.5 17.2 7.1 11.7 0 0 0 30 34 77 125 0.4 -17.5
"67" "13" 2006-03-21 29.06 "PHO" "@" "UTA" "L" -8 0 19.65 0.387 0.167 5.1 17.9 11 0 0 0 0 17.9 92 119 3 -8.6
"68" "14" 2006-03-23 29.07 "PHO" "" "POR" "W" 17 0 21.2833333333333 0.868 0.833 10.5 32.9 22.3 6.6 0 0 25.8 23 132 106 12.4 4.9
"69" "15" 2006-03-25 29.07 "PHO" "" "DEN" "W" 11 0 26.1333333333333 0.5 0.5 0 26.2 12.5 0 0 2.6 16.7 19.1 79 95 3.5 -5.6
"70" "16" 2006-03-27 29.08 "PHO" "@" "NJN" "L" -38 0 24.6666666666667 0 0 5.9 22.1 12.4 0 2 0 25 13.8 11 110 -3.1 -17.6
"71" "17" 2006-03-28 29.08 "PHO" "@" "MIL" "L" -22 0 16.8666666666667 0.402 0.417 19.9 36.7 26.9 9.3 0 0 19.4 40.9 75 136 3 -17
"72" "18" 2006-03-30 29.09 "PHO" "@" "IND" "W" 10 0 25.95 0.504 0.464 0 19 9.4 0 1.9 0 6.3 28.3 90 106 8 -5.8
"73" "19" 2006-03-31 29.09 "PHO" "@" "TOR" "W" 14 0 17.95 0.948 0.938 0 12.7 6.9 24.9 0 0 0 20.9 192 133 15.5 12.8
"74" "20" 2006-04-02 29.1 "PHO" "@" "DET" "L" -7 0 21.0666666666667 0.41 0.313 0 10.4 5.7 0 0 3.2 0 23.1 87 124 3.7 -6
"75" "21" 2006-04-05 29.1 "PHO" "" "LAC" "L" -14 0 25.7 0.4 0.4 0 25.9 10.3 0 0 0 9.1 18.3 74 121 1.1 -9
"76" "22" 2006-04-07 29.11 "PHO" "" "LAL" "W" 11 0 13.3666666666667 0.167 0.167 0 0 0 8.7 0 0 0 20.7 47 110 -1.5 -14.6
"77" "23" 2006-04-09 29.12 "PHO" "@" "SEA" "L" -2 0 21.55 0.438 0.438 0 22.3 11 6.1 2.2 3.4 11.1 18.2 79 112 3.6 -7
"78" "24" 2006-04-11 29.12 "PHO" "@" "SAC" "W" 13 1 34.55 0.722 0.722 0 24.9 13.9 0 4.3 0 0 11.5 145 109 12.2 5.7
"79" "25" 2006-04-13 29.13 "PHO" "" "DAL" "W" 13 1 32.5166666666667 0.846 0.846 3.7 12.6 8.5 0 4.8 0 13.3 21.7 133 107 17.8 10.3
"80" "26" 2006-04-14 29.13 "PHO" "@" "GSW" "L" -8 1 29.8666666666667 0.376 0.313 3.5 21 12.2 0 1.6 0 0 12.3 92 108 4.9 -5.2
"81" "27" 2006-04-16 29.13 "PHO" "@" "LAL" "L" -20 1 22.5333333333333 0.239 0.167 3.8 14.2 8.4 0 0 0 0 28.6 56 115 -1 -14.9
"82" "28" 2006-04-17 29.14 "PHO" "" "NOK" "W" 37 1 22.9 0.556 0.556 0 19.4 12 0 0 2.8 18.2 24.6 79 86 3.9 -10.1
"83" "29" 2006-04-19 29.14 "PHO" "@" "POR" "W" 10 1 22.9833333333333 0.667 0.667 4.3 23.7 13.5 0 0 0 30.8 22.9 85 102 3.5 -6.1
"1" "1" 2006-11-01 29.68 "LAC" "@" "PHO" "L" -8 1 29.55 0.461 0.313 0 37.1 15.7 4.7 0 0 9.3 15.1 104 117 4.3 -4
"2" "2" 2006-11-02 29.68 "LAC" "" "DEN" "W" 1 0 30.6666666666667 0.602 0.618 0 13.6 6.7 20.9 1.5 0 10.3 27.3 103 93 13 8.7
"3" "3" 2006-11-04 29.69 "LAC" "" "PHO" "W" 6 1 32.3 0.333 0.333 9.3 31.6 20.3 21.2 0 4.6 7.7 16.7 92 102 9 1.4
"4" "4" 2006-11-06 29.69 "LAC" "" "POR" "W" 13 0 22.0666666666667 0.357 0.357 0 17.2 7.9 13.3 2.5 7.4 12.5 15.9 83 96 3 -3.8
"5" "5" 2006-11-08 29.7 "LAC" "" "DAL" "W" 18 0 15.4833333333333 0.4 0.4 7.6 13.8 10.8 9.2 0 0 16.7 17.8 85 98 1.1 -8.5
"6" "6" 2006-11-12 29.71 "LAC" "" "NOK" "W" 16 0 29.4833333333333 0.6 0.6 4 30.5 15.6 19.2 1.9 0 9.1 17.4 124 85 9.6 8.3
"7" "7" 2006-11-14 29.72 "LAC" "@" "UTA" "L" -22 0 30.6333333333333 0.475 0.45 4.9 31.3 19.6 12.7 0 4.4 13.7 22.3 88 114 8.1 0
"8" "8" 2006-11-18 29.73 "LAC" "" "PHI" "W" 6 0 26.5666666666667 0.667 0.667 11.1 17.3 14.6 36.9 0 0 14.3 12.1 135 102 8.5 4.2
"9" "9" 2006-11-21 29.73 "LAC" "@" "LAL" "L" -4 0 23.4333333333333 0.438 0.438 4.7 26.6 16.7 11.8 0 0 20 18.2 87 104 3.2 -5.9
"10" "10" 2006-11-22 29.74 "LAC" "" "SEA" "L" -10 0 33.6833333333333 0.536 0.536 0 6.5 3.2 18.2 0 0 0 19.9 111 113 9.1 3
"11" "11" 2006-11-25 29.75 "LAC" "@" "MIN" "L" -8 0 19.3166666666667 0.133 0 7.1 16 11.3 0 0 0 34.7 14.6 31 124 -3.5 -20.3
"12" "12" 2006-11-26 29.75 "LAC" "@" "DEN" "L" -15 0 27.0666666666667 0.439 0.333 3.4 0 1.9 6.2 5.7 0 7.4 20.2 103 107 7.7 4.4
"13" "13" 2006-11-28 29.75 "LAC" "@" "SAC" "L" -13 1 31.3833333333333 0.311 0.25 2.7 17.4 9.2 6.4 1.8 0 0 25.9 82 106 4.1 -2.6
"14" "14" 2006-11-29 29.76 "LAC" "" "MEM" "W" 15 0 29.25 0.5 0.5 0 16 8.8 5.7 0 2.6 14.3 24.1 89 108 5.4 -7.4
"15" "15" 2006-12-02 29.76 "LAC" "" "LAL" "L" -9 0 13.5166666666667 0.19 0.143 0 26 13.2 11.7 0 0 20.2 33.1 39 108 -3.1 -22.8
"16" "16" 2006-12-03 29.77 "LAC" "" "ORL" "W" 25 1 34.3666666666667 0.842 0.864 0 17.9 10.4 8.2 0 2.3 7.8 18.7 143 100 16.9 9.7
"17" "17" 2006-12-05 29.77 "LAC" "" "MIA" "W" 4 0 25.4333333333333 0.509 0.417 4.5 23.6 14.7 11.4 1.9 2.9 42.1 20.9 68 95 2.2 -7
"18" "18" 2006-12-08 29.78 "LAC" "@" "SAS" "L" -29 0 16.5166666666667 0.773 0.667 0 8.5 3.7 0 0 0 20.5 14.5 121 131 2.8 -7.1
"19" "19" 2006-12-09 29.78 "LAC" "@" "MEM" "W" 7 0 20.0333333333333 0.532 0.5 0 24 12.1 16.2 0 4.8 34.7 13.8 79 91 2.3 -4.3
"20" "20" 2006-12-11 29.79 "LAC" "" "SAS" "L" -22 0 4.03333333333333 0 0 0 38.4 17.2 0 0 0 0 24.5 0 123 -1.1 -24.9
"21" "21" 2006-12-13 29.79 "LAC" "" "UTA" "L" -19 1 41 0.445 0.357 2.9 21.3 11.2 15.7 1.3 0 5.3 22.5 101 120 9.2 -3.1
"22" "22" 2006-12-15 29.8 "LAC" "@" "POR" "L" -10 1 30.35 0.556 0.6 0 37.2 20.1 4.5 0 5 21.7 16 86 124 5.8 -6.2
"23" "23" 2006-12-17 29.81 "LAC" "" "HOU" "L" -5 1 3.88333333333333 NA NA 0 35.3 18.4 0 0 21.7 NA 0 0 102 0.6 3.9
"24" "" 2006-12-20 29.81 "LAC" "" "TOR" "L" -2 NA NA NA NA NA NA NA NA NA NA NA NA NA NA NA NA
"25" "24" 2006-12-22 29.82 "LAC" "@" "DAL" "L" -32 0 20.6 0.417 0.417 0 23.9 12.1 10 2.7 4.2 14.3 17.8 72 123 4.2 -1.4
"26" "25" 2006-12-23 29.82 "LAC" "@" "HOU" "W" 5 1 42.3 0.626 0.6 3.1 13.5 8.6 8.7 2.6 0 10.7 21.5 119 107 14.1 3.1
"27" "26" 2006-12-26 29.83 "LAC" "@" "UTA" "L" -10 1 30.1333333333333 0.414 0.35 0 27.2 13.9 16.4 0 0 15.5 20.7 80 113 3 -6.7
"28" "27" 2006-12-27 29.83 "LAC" "" "BOS" "W" 23 1 35.65 0.675 0.633 3.3 17.6 10.8 21.3 3.1 0 5.1 27.3 138 89 22.8 12.4
"29" "28" 2006-12-29 29.84 "LAC" "" "SAC" "W" 9 1 24.3 0.619 0.625 0 19.8 11 14.1 0 0 0 17 132 106 7.6 3.2
"30" "29" 2006-12-31 29.84 "LAC" "" "NYK" "W" 10 1 36.2166666666667 0.508 0.429 0 11.8 7 17.5 1.6 1.9 11.3 12.6 111 97 8.2 1
"31" "30" 2007-01-02 29.85 "LAC" "@" "ORL" "L" -5 1 30.6 0.623 0.6 0 12.7 7.1 30.7 1.9 0 22.3 21.8 109 109 8.8 2.3
"32" "31" 2007-01-03 29.85 "LAC" "@" "MIA" "W" 15 0 16.2833333333333 0.922 1 0 13.4 8.1 7.9 0 0 17 17.3 144 110 6.9 6.5
"33" "32" 2007-01-05 29.86 "LAC" "@" "WAS" "L" -11 0 27.7833333333333 0.543 0.542 7.7 16.5 11.9 5.9 1.7 0 7.2 19.9 117 114 9.7 1.8
"34" "33" 2007-01-06 29.86 "LAC" "@" "ATL" "L" -12 1 43.9166666666667 0.47 0.464 0 16.8 7.9 4.9 0 0 6.3 17.6 100 107 6.1 -1.3
"35" "34" 2007-01-08 29.87 "LAC" "@" "NOK" "W" 10 1 17.8 0.857 0.857 0 13.8 6.8 11.5 3.1 0 0 17.8 178 100 9.8 13.7
"36" "35" 2007-01-10 29.87 "LAC" "@" "MIN" "W" 1 0 30.9666666666667 0.55 0.55 0 7.8 3.9 17.1 1.7 4.8 9.1 17.1 103 98 9.3 4.6
"37" "36" 2007-01-13 29.88 "LAC" "" "CLE" "L" -12 0 15.1666666666667 0.5 0.5 0 15.4 8.4 0 0 0 50 19.5 43 119 -1.9 -15.8
"38" "" 2007-01-15 29.88 "LAC" "@" "GSW" "L" -15 NA NA NA NA NA NA NA NA NA NA NA NA NA NA NA NA
"39" "" 2007-01-17 29.89 "LAC" "" "GSW" "W" 6 NA NA NA NA NA NA NA NA NA NA NA NA NA NA NA NA
"40" "37" 2007-01-20 29.9 "LAC" "" "MEM" "W" 21 0 14.5166666666667 0.563 0.5 0 26.8 12.7 8.4 0 0 0 13.1 126 99 3.8 -3.1
"41" "38" 2007-01-23 29.91 "LAC" "" "MIL" "W" 19 0 20.9833333333333 0.571 0.5 17.2 16.3 16.7 12 0 0 11.3 18.4 125 108 8.3 -0.9
"42" "39" 2007-01-25 29.91 "LAC" "" "NJN" "W" 1 0 26.0833333333333 0.551 0.5 0 27.9 12.8 20.7 8 6 8.4 20.8 110 95 14.2 11.5
"43" "40" 2007-01-27 29.92 "LAC" "" "MIN" "L" -14 0 29.6833333333333 0.327 0.208 0 23.1 12.3 13.6 1.8 0 6.8 22.7 83 110 2.6 -6.3
"44" "41" 2007-01-28 29.92 "LAC" "@" "SEA" "W" 22 0 21.0166666666667 0.765 0.7 0 17.2 9.9 31.3 4.9 0 25.4 16.5 124 77 9.9 10
"45" "42" 2007-01-31 29.93 "LAC" "" "CHI" "W" 12 0 31.4666666666667 0.575 0.538 11.4 26 18.8 16.4 1.6 0 11.3 24.4 116 100 14.2 3.6
"46" "43" 2007-02-02 29.93 "LAC" "@" "BOS" "W" 11 0 33.9833333333333 0.618 0.583 7.1 7.2 7.2 22.1 3.3 0 0 19.8 140 103 16.2 8.9
"47" "44" 2007-02-04 29.94 "LAC" "@" "TOR" "L" -12 0 30.0833333333333 0.818 0.818 7.3 33 17.5 17.2 1.7 0 8.3 18 155 133 16.8 10.1
"48" "45" 2007-02-06 29.95 "LAC" "@" "NYK" "L" -12 0 32.3833333333333 0.733 0.733 6.9 8 7.4 19.2 0 3.2 0 21.6 157 123 18.3 14.5
"49" "46" 2007-02-07 29.95 "LAC" "@" "CLE" "L" -17 0 24.55 0.188 0.188 12.8 19.6 16.3 7.5 0 0 11.1 17.3 56 108 -0.9 -12.4
"50" "" 2007-02-09 29.95 "LAC" "@" "PHI" "W" 1 NA NA NA NA NA NA NA NA NA NA NA NA NA NA NA NA
"51" "47" 2007-02-11 29.96 "LAC" "@" "IND" "L" -14 0 23.3833333333333 0.394 0.313 4.8 4.7 4.7 0 0 0 0 17.1 103 113 1.6 -7.2
"52" "48" 2007-02-12 29.96 "LAC" "@" "DET" "L" -18 1 34.75 0.346 0.346 5.6 13.2 9.1 7 0 0 7.1 20.6 79 117 2.2 -6.7
"53" "49" 2007-02-14 29.97 "LAC" "" "ATL" "L" -3 1 38.3166666666667 0.336 0.357 6.6 16.7 12.1 27.8 0 0 11.8 21.3 80 111 4.8 -8.2
"54" "50" 2007-02-20 29.98 "LAC" "" "PHO" "L" -25 1 37.2833333333333 0.373 0.382 5.4 12.9 8.8 16.8 5.5 0 14.7 24.2 78 117 7.5 -1.4
"55" "51" 2007-02-24 29.99 "LAC" "" "GSW" "W" 13 1 31.4333333333333 0.612 0.615 11.7 24.3 18.4 11.6 1.5 0 22.4 24.1 96 93 12.1 1.6
"56" "52" 2007-02-26 30 "LAC" "" "CHA" "W" 7 1 30.1333333333333 0.721 0.643 8.8 27.9 18.9 13.5 3.4 2.6 26.5 17.5 113 92 11.7 5
"57" "53" 2007-02-28 30.01 "LAC" "" "SEA" "W" 5 1 20.9333333333333 0.597 0.55 11.8 6.6 9.3 0 2.7 0 15.5 29.5 107 108 6.7 -2
"58" "54" 2007-03-01 30.01 "LAC" "@" "SEA" "L" -2 1 27.1 0.3 0.3 0 17.7 9.2 24.5 4.4 0 16.7 23 61 90 1.9 -7.4
"59" "55" 2007-03-03 30.01 "LAC" "" "IND" "W" 23 0 25.65 0.387 0.333 0 34.8 17.8 34.3 0 3.5 0 15.1 104 77 8 4.7
"60" "56" 2007-03-05 30.02 "LAC" "" "SAS" "L" -14 0 30.7666666666667 0.313 0.313 6.6 10.4 8.1 21.1 1.8 0 5.9 26.4 72 108 3.7 -5.1
"61" "57" 2007-03-09 30.03 "LAC" "@" "GSW" "L" -10 1 39.7333333333333 0.426 0.406 3.2 21.5 13.1 11.1 2.6 0 19.6 24.5 72 104 6.5 -6.7
"62" "58" 2007-03-11 30.04 "LAC" "" "DET" "L" -18 0 25.6 0.601 0.583 0 5.5 2.8 17.3 0 0 13.1 30.7 103 123 7.7 1
"63" "59" 2007-03-13 30.04 "LAC" "@" "SAS" "L" -9 0 27.9833333333333 0.75 0.75 0 9.5 4.6 6 0 2.8 9.1 19.8 127 111 10.6 7.2
"64" "60" 2007-03-14 30.04 "LAC" "@" "HOU" "L" -4 0 25.1166666666667 0.658 0.611 0 23.2 10.6 12.6 2.1 0 28.8 24.3 95 118 7.1 -0.8
"65" "61" 2007-03-16 30.05 "LAC" "@" "CHA" "W" 9 0 39.6 0.965 0.958 3.2 14.1 9 25 0 2.1 13.9 16.9 161 106 22.3 13.1
"66" "62" 2007-03-18 30.05 "LAC" "@" "NJN" "L" -6 0 29.9833333333333 0.545 0.545 3.9 16.7 10.8 24.6 3.4 0 8.3 18.6 111 104 10.3 4.6
"67" "63" 2007-03-20 30.06 "LAC" "@" "CHI" "W" 14 0 20.6833333333333 0.4 0.286 7.3 21.1 15.3 8.5 2.5 3.1 10.2 23.2 87 93 5.4 -2.1
"68" "" 2007-03-21 30.06 "LAC" "@" "MIL" "W" 1 NA NA NA NA NA NA NA NA NA NA NA NA NA NA NA NA
"69" "64" 2007-03-23 30.07 "LAC" "" "UTA" "W" 32 0 22.2166666666667 0.571 0.571 6.4 14.4 10.9 33.2 2.3 0 20.2 21 107 77 7 4.5
"70" "65" 2007-03-24 30.07 "LAC" "" "WAS" "W" 6 0 26.45 0.505 0.458 0 10.7 6 30.5 0 0 7.2 23.4 110 115 9.2 2.4
"71" "66" 2007-03-28 30.08 "LAC" "" "HOU" "L" -5 0 29.3333333333333 0.615 0.615 0 25.8 12.1 29.5 1.9 0 7.1 24 109 103 13.1 10.2
"72" "67" 2007-03-30 30.09 "LAC" "@" "SAC" "W" 4 0 25.7333333333333 0.858 0.813 15.5 12.2 13.6 26 0 0 9.7 18.3 166 108 15.2 13.8
"73" "68" 2007-03-31 30.09 "LAC" "@" "POR" "W" 13 0 28.8333333333333 0.874 0.857 0 22.5 12.8 18 0 0 11.8 15.7 152 107 11.1 5.7
"74" "69" 2007-04-04 30.1 "LAC" "" "LAL" "W" 8 0 22.8 0.322 0.25 0 15 7.9 7.3 2.5 0 15.5 26.6 70 98 0.6 -13.1
"75" "70" 2007-04-07 30.11 "LAC" "" "DEN" "L" -3 0 9.13333333333333 0.75 0.75 0 0 0 35.1 5.7 0 25 37.7 98 103 5.7 12.4
"76" "71" 2007-04-10 30.12 "LAC" "@" "NOK" "L" -3 0 23.7833333333333 0.35 0.35 4.5 20.7 12.1 6.9 0 7.4 16.7 24 71 107 2 -7.1
"77" "72" 2007-04-12 30.12 "LAC" "@" "LAL" "W" 8 0 29.8666666666667 0.571 0.571 0 15 7.2 4.6 3.2 0 11.3 12.4 105 110 6.2 -2.4
"78" "73" 2007-04-13 30.13 "LAC" "" "POR" "W" 18 0 26.7 0.709 0.5 0 20 11.1 5.6 0 2.8 15.1 12.5 133 106 6.3 -2
"79" "74" 2007-04-15 30.13 "LAC" "" "SAC" "L" -5 0 28.4333333333333 0.484 0.5 4 17.3 10.4 6.9 0 0 6.9 22.8 101 122 6.3 -4
"80" "75" 2007-04-17 30.14 "LAC" "@" "PHO" "W" 4 1 38.5 0.5 0.5 5.3 19.2 11.6 8.5 0 0 5.3 20.8 121 114 10.6 1.4
"81" "76" 2007-04-18 30.14 "LAC" "" "NOK" "L" -3 0 27.1 0.667 0.667 8.6 14 11.2 26.1 4.6 0 0 21 166 106 14.8 18.3
"1" "1" 2007-11-02 30.68 "LAC" "" "GSW" "W" 6 0 21.0666666666667 0.828 0.722 0 23.2 12.8 7.7 0 3.5 7.6 25.1 163 111 16.4 12.7
"2" "2" 2007-11-04 30.69 "LAC" "" "SEA" "W" 14 1 33.0666666666667 0.667 0.667 0 15.8 7.6 14.8 1.4 4.1 0 18.8 137 98 17.9 8.4
"3" "3" 2007-11-06 30.69 "LAC" "@" "CHI" "W" 6 1 32.7166666666667 0.5 0.5 3.6 26.1 15.4 13.9 0 0 40 21 68 100 1.1 -10.2
"4" "4" 2007-11-07 30.7 "LAC" "@" "IND" "W" 15 1 34.7166666666667 0.656 0.682 3.1 14.1 8.9 5.4 0 0 8 15 125 96 10 2.2
"5" "5" 2007-11-09 30.7 "LAC" "@" "DET" "L" -24 1 32.4666666666667 0.324 0.269 0 19 8.6 13.7 0 2.1 0 20.9 73 113 3.9 -3.5
"6" "6" 2007-11-11 30.71 "LAC" "" "CLE" "L" -8 1 37.6166666666667 0.364 0.364 6.9 8.5 7.8 17.1 0 0 8.3 14.6 91 113 3.6 -6.2
"7" "7" 2007-11-14 30.72 "LAC" "" "NYK" "W" 3 1 33.5333333333333 0.462 0.462 2.7 11.2 6.8 6 0 0 7.1 18.5 90 89 4.5 -3.8
"8" "8" 2007-11-16 30.72 "LAC" "@" "GSW" "L" -17 1 37.9166666666667 0.549 0.524 2.6 16.2 9.3 15.3 0 0 0 26.4 115 129 15.7 1.5
"9" "9" 2007-11-17 30.72 "LAC" "" "CHI" "L" -19 1 37.5 0.426 0.406 3.6 19.5 12.5 17.8 0 0 10.8 25.4 83 108 6.5 -4.4
"10" "10" 2007-11-21 30.73 "LAC" "" "DEN" "W" 11 1 24.6666666666667 0.825 0.786 0 11 6.5 0 0 6 11.3 15.7 138 92 9.4 7
"11" "11" 2007-11-23 30.74 "LAC" "@" "PHO" "L" -19 1 33.75 0.557 0.5 0 3.3 1.5 19.4 1.4 0 9.2 14.1 112 117 7.8 -1.3
"12" "12" 2007-11-24 30.74 "LAC" "" "NOH" "L" -9 1 37.2166666666667 0.484 0.462 5.7 33.1 18.4 32.9 1.5 0 18.2 20.6 98 108 11.3 2.2
"13" "13" 2007-11-26 30.75 "LAC" "" "HOU" "L" -17 1 42.35 0.476 0.464 2.3 18.4 9.1 11.7 2.5 0 0 17.7 102 98 11.5 5.3
"14" "14" 2007-11-30 30.76 "LAC" "@" "DEN" "L" -16 1 33.8333333333333 0.468 0.423 0 20.8 11.1 4.5 0 0 17.8 21.4 79 120 4.6 -7.2
"15" "15" 2007-12-02 30.76 "LAC" "" "IND" "L" -6 1 36.1666666666667 0.468 0.423 0 16.6 8.8 9.7 0 0 6.7 18.4 93 107 6.5 -5
"16" "16" 2007-12-04 30.77 "LAC" "" "MIL" "L" -9 1 41.2666666666667 0.576 0.538 0 13.3 6.3 21.1 2.7 1.8 6.7 18.7 109 101 13.4 3.8
"17" "17" 2007-12-05 30.77 "LAC" "@" "SEA" "L" -7 1 35.25 0.235 0.179 8.2 14.3 10.8 11.2 2.8 0 11.8 21.5 57 97 1.5 -9.9
"18" "18" 2007-12-07 30.78 "LAC" "@" "SAC" "W" 10 1 30.7166666666667 0.576 0.5 0 21 12.6 30.5 1.7 0 11.9 25.2 115 93 13.7 5.4
"19" "19" 2007-12-09 30.78 "LAC" "" "MIA" "L" -6 1 30.7166666666667 0.506 0.5 4.6 8.7 6.7 19.3 1.7 0 16.8 18 93 109 7.2 -0.5
"20" "20" 2007-12-11 30.79 "LAC" "@" "NJN" "W" 9 1 37.4666666666667 0.523 0.5 3.4 2.3 2.8 21.3 0 0 14.9 24 102 102 8.7 -1.9
"21" "21" 2007-12-12 30.79 "LAC" "@" "CHA" "L" -5 1 39.1166666666667 0.426 0.353 5.6 15.7 10.3 21.3 0 0 9.6 24.1 97 119 8.9 -5.5
"22" "22" 2007-12-14 30.8 "LAC" "@" "MEM" "W" 7 1 12.6 0.347 0 0 0 0 10.9 0 0 25.8 13.1 67 106 -0.1 -11.7
"23" "" 2007-12-16 30.8 "LAC" "@" "LAL" "L" -21 NA NA NA NA NA NA NA NA NA NA NA NA NA NA NA NA
"24" "23" 2007-12-18 30.81 "LAC" "" "TOR" "L" -3 1 38.9833333333333 0.421 0.409 0 12.3 6.6 29.5 0 0 7.8 16.2 95 97 6.6 -0.3
"25" "24" 2007-12-21 30.82 "LAC" "@" "DAL" "L" -13 1 25.1 0.368 0.3 15.3 0 9.8 12.2 4.4 0 15.5 23.6 86 117 5.6 -4.9
"26" "25" 2007-12-22 30.82 "LAC" "@" "SAS" "L" -9 0 2.08333333333333 0 NA 0 57.6 27.1 0 0 0 0 21.3 0 101 -0.5 -22.4
"27" "" 2007-12-27 30.83 "LAC" "" "PHO" "L" -20 NA NA NA NA NA NA NA NA NA NA NA NA NA NA NA NA
"28" "" 2007-12-28 30.84 "LAC" "@" "PHO" "L" -6 NA NA NA NA NA NA NA NA NA NA NA NA NA NA NA NA
"29" "" 2007-12-31 30.84 "LAC" "" "MIN" "W" 9 NA NA NA NA NA NA NA NA NA NA NA NA NA NA NA NA
"30" "" 2008-01-02 30.85 "LAC" "" "NOH" "L" -14 NA NA NA NA NA NA NA NA NA NA NA NA NA NA NA NA
"31" "26" 2008-01-06 30.86 "LAC" "" "SAS" "L" -6 0 15.15 0.5 0.5 0 0 0 35.9 3.7 0 0 23.3 112 104 6 11.8
"32" "27" 2008-01-09 30.87 "LAC" "" "ORL" "L" -7 0 29.6333333333333 0.727 0.667 11.9 0 6 35.1 0 0 0 21.1 156 122 19.2 8.7
"33" "28" 2008-01-12 30.88 "LAC" "" "DAL" "L" -1 1 43.4166666666667 0.587 0.588 6.5 5.8 6.1 26.6 2.7 0 5.3 23.2 119 115 18.3 4.7
"34" "29" 2008-01-15 30.88 "LAC" "" "PHO" "W" 7 1 39 0.583 0.556 0 8.4 4.4 17.2 2.6 2.1 17.5 13.3 109 93 10.2 4
"35" "30" 2008-01-18 30.89 "LAC" "@" "UTA" "L" -18 1 34.3 0.511 0.5 0 17.5 9.1 5.1 0 1.9 21.8 19.8 79 121 3.8 -8.9
"36" "31" 2008-01-19 30.9 "LAC" "" "NJN" "W" 13 1 33.6666666666667 0.349 0.308 7.2 12.6 10 30 3.1 0 6.5 21.1 95 105 8.6 -3
"37" "32" 2008-01-21 30.9 "LAC" "" "UTA" "L" -16 1 28.5833333333333 0.363 0.333 0 21 10 5.5 0 0 22.5 14.3 62 118 0.7 -10
"38" "33" 2008-01-23 30.91 "LAC" "" "SAC" "W" 26 1 22.2666666666667 0.66 0.667 5.1 13.5 9.6 25 0 0 7.2 26.5 129 94 12.1 7.2
"39" "34" 2008-01-25 30.91 "LAC" "@" "NOH" "L" -19 1 31.9166666666667 0.385 0.385 3.7 16.3 10.4 15.8 0 0 7.1 21.5 83 126 5.4 -7.3
"40" "35" 2008-01-26 30.92 "LAC" "@" "MEM" "L" -5 1 45.2166666666667 0.803 0.846 6.2 18 12.2 7.5 0 4.3 25.9 20 117 124 15.7 -0.2
"41" "36" 2008-01-28 30.92 "LAC" "" "CHA" "L" -7 1 43.8833333333333 0.563 0.542 6.3 44.6 22.9 19 0 2.1 10.4 31.6 107 117 21.7 -0.9
"42" "37" 2008-01-30 30.93 "LAC" "" "ATL" "W" 7 1 38.9666666666667 0.526 0.5 9 17.2 13.2 16.1 2.8 1.7 18.4 20.2 102 97 12.4 -0.1
"43" "38" 2008-02-01 30.93 "LAC" "@" "MIN" "L" -21 1 31.5 0.53 0.55 3.6 10.6 7.2 6.8 1.7 0 20.9 21.7 86 116 5.7 -4.8
"44" "39" 2008-02-02 30.93 "LAC" "@" "CLE" "L" -14 1 38.75 0.508 0.462 0 15.5 7.3 14.5 0 2.4 11.9 21 95 114 9 -2.6
"45" "40" 2008-02-04 30.94 "LAC" "@" "NYK" "W" 9 1 14.6833333333333 0.635 0.571 0 9.1 4.4 0 7.2 0 0 25 133 96 7.4 7
"46" "" 2008-02-06 30.95 "LAC" "@" "BOS" "L" -11 NA NA NA NA NA NA NA NA NA NA NA NA NA NA NA NA
"47" "41" 2008-02-08 30.95 "LAC" "@" "TOR" "W" 4 1 12 0.375 0.375 12.1 8.9 10.3 0 0 0 0 16.2 90 109 1.6 -4.3
"48" "" 2008-02-09 30.95 "LAC" "@" "PHI" "L" -21 NA NA NA NA NA NA NA NA NA NA NA NA NA NA NA NA
"49" "" 2008-02-11 30.96 "LAC" "@" "MIL" "W" 7 NA NA NA NA NA NA NA NA NA NA NA NA NA NA NA NA
"50" "42" 2008-02-13 30.96 "LAC" "" "WAS" "L" -2 0 27.35 0.484 0.389 4.9 11.4 8.6 19 2.1 0 22.5 24.7 88 107 5.8 -3.5
"51" "43" 2008-02-20 30.98 "LAC" "" "MEM" "W" 14 0 27.1 0.759 0.722 9.1 14.2 11.9 34.9 3.8 0 8.2 20.1 150 90 19 15.5
"52" "44" 2008-02-22 30.99 "LAC" "" "UTA" "W" 10 1 30.2166666666667 0.402 0.278 12.9 12.9 12.9 19.4 3.5 5 8.2 18.6 109 109 9.7 2.9
"53" "45" 2008-02-23 30.99 "LAC" "" "LAL" "L" -18 1 40.1166666666667 0.597 0.567 2.8 16.7 9.9 22.6 0 2.1 5.6 19.5 120 115 16 3.7
"54" "46" 2008-02-25 31 "LAC" "" "BOS" "L" -28 1 34.0833333333333 0.402 0.344 12.8 24.3 17.4 12.3 1.6 0 5.1 27.7 91 119 8.7 -2.8
"55" "47" 2008-02-27 31 "LAC" "" "POR" "L" -2 1 39.2666666666667 0.56 0.5 2.5 33 15.6 22.3 1.4 0 13.8 25.7 103 94 14.9 4.8
"56" "48" 2008-02-29 31.01 "LAC" "@" "DEN" "L" -6 1 34.6666666666667 0.358 0.367 5.9 11.3 8.7 12.9 1.4 1.9 10.7 23.6 77 115 5.5 -8.3
"57" "" 2008-03-01 31.01 "LAC" "" "DET" "L" -30 NA NA NA NA NA NA NA NA NA NA NA NA NA NA NA NA
"58" "" 2008-03-03 31.02 "LAC" "" "PHI" "L" -26 NA NA NA NA NA NA NA NA NA NA NA NA NA NA NA NA
"59" "" 2008-03-05 31.02 "LAC" "" "SAC" "W" 7 NA NA NA NA NA NA NA NA NA NA NA NA NA NA NA NA
"60" "49" 2008-03-07 31.03 "LAC" "@" "LAL" "L" -37 0 14.7833333333333 0 0 0 25.6 11.1 10.5 7.1 0 14.3 21 8 115 -2 -14.9
"61" "50" 2008-03-08 31.03 "LAC" "" "MIN" "L" -3 0 25.9833333333333 0.4 0.214 4.6 14.6 9.5 18.4 0 0 10.2 17.7 101 114 4 -5.3
"62" "51" 2008-03-10 31.04 "LAC" "@" "MIA" "W" 1 0 32.35 0.45 0.375 0 21.7 13.3 9.4 0 0 10.1 15.5 96 117 4.6 -8.7
"63" "52" 2008-03-12 31.04 "LAC" "@" "ORL" "L" -22 1 23.05 0.444 0.429 4.7 20.8 12.4 8.8 0 0 6 35.4 88 122 5.4 -5.1
"64" "53" 2008-03-14 31.05 "LAC" "@" "ATL" "L" -24 1 33.5166666666667 0.643 0.643 3.3 15.5 8.8 24.3 1.5 3.9 12.5 22.4 117 124 15.3 3.8
"65" "54" 2008-03-15 31.05 "LAC" "@" "WAS" "L" -10 1 37.6833333333333 0.482 0.433 0 20.1 10.8 8.9 0 2.3 14.5 25.5 87 119 6.9 -8.4
"66" "55" 2008-03-17 31.05 "LAC" "@" "MIN" "L" -9 1 38.9666666666667 0.624 0.6 2.6 17.1 8.8 17.5 0 5.7 5.4 23.1 126 114 18.1 6.6
"67" "56" 2008-03-19 31.06 "LAC" "" "GSW" "L" -16 0 27.3666666666667 0.776 0.75 0 20.4 10.8 9.1 1.8 2.5 13.4 23.5 130 116 16.3 8.6
"68" "57" 2008-03-21 31.07 "LAC" "@" "POR" "L" -5 1 12 0.75 0.75 0 26.7 12.9 12.1 0 0 33.3 25.3 93 128 2.9 -4
"69" "" 2008-03-22 31.07 "LAC" "" "POR" "L" -11 NA NA NA NA NA NA NA NA NA NA NA NA NA NA NA NA
"70" "58" 2008-03-25 31.08 "LAC" "@" "DAL" "L" -13 1 35.6 0.412 0.357 9.6 6.1 7.8 4.7 0 2.1 16 24.7 83 122 4.3 -8.9
"71" "59" 2008-03-26 31.08 "LAC" "@" "SAS" "L" -9 1 35.3166666666667 0 0 3.2 10.7 6.7 13.6 3.1 0 20 6.9 38 110 0.3 -7.3
"72" "60" 2008-03-28 31.08 "LAC" "@" "UTA" "L" -20 0 10.2833333333333 0.5 0.5 0 0 0 0 0 0 0 9.6 101 145 0.6 -11.3
"73" "" 2008-03-29 31.09 "LAC" "" "MEM" "W" 13 NA NA NA NA NA NA NA NA NA NA NA NA NA NA NA NA
"74" "" 2008-03-31 31.09 "LAC" "" "DAL" "L" -7 NA NA NA NA NA NA NA NA NA NA NA NA NA NA NA NA
"75" "" 2008-04-03 31.1 "LAC" "@" "SAC" "L" -12 NA NA NA NA NA NA NA NA NA NA NA NA NA NA NA NA
"76" "" 2008-04-06 31.11 "LAC" "" "HOU" "L" -26 NA NA NA NA NA NA NA NA NA NA NA NA NA NA NA NA
"77" "61" 2008-04-08 31.12 "LAC" "" "DEN" "L" -18 0 21.2 0.322 0.25 0 27 12.3 13.5 0 0 8.4 25.2 70 122 1.9 -11.3
"78" "62" 2008-04-10 31.12 "LAC" "" "LAL" "L" -28 1 33.4833333333333 0.136 0.136 0 23.2 9.9 20.1 1.6 8.1 21.4 18.8 37 111 -1.2 -9.6
"79" "63" 2008-04-12 31.13 "LAC" "@" "GSW" "L" -6 1 20.5666666666667 0.5 0.5 5.1 14.6 9.9 0 0 0 0 14.1 108 123 4.1 -7.2
"80" "" 2008-04-15 31.13 "LAC" "@" "NOH" "L" -22 NA NA NA NA NA NA NA NA NA NA NA NA NA NA NA NA
"81" "" 2008-04-16 31.14 "LAC" "@" "HOU" "L" -18 NA NA NA NA NA NA NA NA NA NA NA NA NA NA NA NA
"1" "1" 2008-10-29 31.67 "LAC" "" "LAL" "L" -38 1 19.5333333333333 0.407 0.45 15.7 34.1 23.7 0 0 0 12.9 35.9 75 123 3.6 -11.3
"2" "2" 2008-10-31 31.68 "LAC" "" "DEN" "L" -10 1 40.4666666666667 0.524 0.5 0 19.5 8.3 4.7 0 0 13.6 23 95 112 8.2 -6.2
"3" "3" 2008-11-01 31.68 "LAC" "@" "UTA" "L" -22 1 30.0666666666667 0.551 0.364 4.1 20.4 13 14.1 0 2 12.1 26.4 113 116 12.5 2.9
"4" "4" 2008-11-03 31.69 "LAC" "" "UTA" "L" -16 1 29.7666666666667 0.372 0.333 3.8 8.3 5.9 20 1.9 0 8.5 19.2 85 106 3.9 -2.9
"5" "5" 2008-11-05 31.69 "LAC" "@" "LAL" "L" -18 0 32.6666666666667 0.477 0.472 8.6 25 16.5 6.3 0 0 13.7 28.6 88 109 9.6 -3.5
"6" "6" 2008-11-07 31.7 "LAC" "" "HOU" "L" -9 0 4.43333333333333 NA NA 0 0 0 0 0 0 NA 0 0 117 0 -8.6
"7" "" 2008-11-09 31.7 "LAC" "" "DAL" "W" 11 NA NA NA NA NA NA NA NA NA NA NA NA NA NA NA NA
"8" "7" 2008-11-12 31.71 "LAC" "" "SAC" "L" -5 0 21.2833333333333 0.761 0.714 5.6 7.5 6.4 9 2.6 0 0 17.4 158 120 9.8 5.2
"9" "8" 2008-11-15 31.72 "LAC" "" "GSW" "L" -18 1 11.7166666666667 0.51 0.4 0 20.5 9.3 14.7 4.2 0 14.5 24.7 98 117 3 -6.6
"10" "9" 2008-11-17 31.73 "LAC" "" "SAS" "L" -3 0 12.0166666666667 0.143 0.143 26.6 0 14.4 0 0 0 22.2 34.4 42 108 -3.2 -31.8
"11" "10" 2008-11-19 31.73 "LAC" "@" "OKC" "W" 20 0 17.6 0.134 0.143 11.6 7 9.5 6.3 0 0 0 18 57 105 -1.3 -19.5
"12" "" 2008-11-21 31.74 "NYK" "@" "MIL" "L" -17 NA NA NA NA NA NA NA NA NA NA NA NA NA NA NA NA
"13" "" 2008-11-22 31.74 "NYK" "" "WAS" "W" 5 NA NA NA NA NA NA NA NA NA NA NA NA NA NA NA NA
"14" "11" 2008-11-25 31.75 "NYK" "" "CLE" "L" -18 0 23.7833333333333 0.714 0.667 0 28.8 13.3 28.9 2.1 0 21.1 25.4 121 118 12.3 10.7
"15" "12" 2008-11-26 31.75 "NYK" "@" "DET" "L" -14 0 25.45 0.545 0.545 4.1 21.4 12.6 16 2 2.4 8.3 20.8 109 113 9.8 3.4
"16" "13" 2008-11-29 31.76 "NYK" "" "GSW" "W" 13 0 33.8833333333333 0.5 0.5 8.3 15.2 11.9 6.4 1.3 1.7 21.1 20.4 94 112 9.1 -5.6
"17" "14" 2008-12-02 31.77 "NYK" "" "POR" "L" -7 0 22.4333333333333 0.595 0.55 4.7 4.9 4.8 0 2.4 0 7.8 27.2 108 117 9.2 4.6
"18" "15" 2008-12-03 31.77 "NYK" "@" "CLE" "L" -36 0 29.5166666666667 0.233 0.167 0 8.8 3.7 5.4 1.6 0 31.8 13.5 40 121 -2.3 -12.5
"19" "16" 2008-12-05 31.78 "NYK" "@" "ATL" "L" -3 0 15.9666666666667 0.583 0.583 0 8.8 3.8 10 0 0 25 22.1 88 107 1.4 -7.5
"20" "17" 2008-12-07 31.78 "NYK" "" "DET" "W" 12 0 20.1666666666667 0.475 0.4 0 18.7 10.9 7.9 0 0 13.7 16.9 94 100 2.2 -7.1
"21" "18" 2008-12-09 31.79 "NYK" "@" "CHI" "L" -5 0 21.65 0.291 0.167 4.2 0 2.3 0 2.2 3.2 0 13.1 76 104 1.4 -7.7
"22" "19" 2008-12-10 31.79 "NYK" "@" "NJN" "W" 12 0 31.05 0.888 0.875 0 17.2 8.6 5.6 1.6 2.8 12 23.3 152 109 20 10.8
"23" "20" 2008-12-13 31.8 "NYK" "@" "SAC" "W" 24 0 25.4 0.688 0.688 0 16.6 9.4 5.3 0 0 0 13.7 141 92 8.4 3.5
"24" "21" 2008-12-15 31.8 "NYK" "@" "PHO" "L" -8 0 27.9666666666667 0.362 0.333 0 3.4 1.7 4.9 0 0 13.9 20.8 68 117 0 -9.6
"25" "22" 2008-12-16 31.81 "NYK" "@" "LAL" "L" -2 0 27.1333333333333 0.781 0.714 0 11.8 6.1 5.9 0 2.5 0 13.7 156 121 11.2 3.9
"26" "23" 2008-12-19 31.81 "NYK" "" "MIL" "L" -24 0 6.66666666666667 0.725 1 0 0 0 0 7.5 0 26.6 25.3 98 101 2.9 6.7
"27" "24" 2008-12-21 31.82 "NYK" "@" "BOS" "L" -19 0 16.3333333333333 0.25 0.25 0 0 0 19.5 2.9 0 11.1 24.8 55 123 -0.6 -14.1
"28" "25" 2008-12-26 31.83 "NYK" "" "MIN" "L" -13 0 26.6333333333333 0.638 0.6 0 26.5 10.7 13.9 0 0 0 17.7 148 126 10.9 3.5
"29" "26" 2008-12-28 31.84 "NYK" "" "DEN" "L" -7 1 18.05 0.605 0.643 0 44.3 19 9.7 0 0 21.2 22.9 88 120 5.8 -3
"30" "27" 2008-12-30 31.84 "NYK" "@" "CHA" "W" 4 0 9.31666666666667 0.625 0.625 0 0 0 60.2 0 0 20 23.4 121 106 4.1 11.5
"31" "" 2009-01-02 31.85 "NYK" "" "IND" "L" -2 NA NA NA NA NA NA NA NA NA NA NA NA NA NA NA NA
"32" "" 2009-01-04 31.86 "NYK" "" "BOS" "W" 12 NA NA NA NA NA NA NA NA NA NA NA NA NA NA NA NA
"33" "28" 2009-01-06 31.86 "NYK" "@" "OKC" "L" -8 0 16.35 1.205 1.25 0 8.6 3.6 10.1 6.1 0 23.1 11.5 183 104 9 14
"34" "29" 2009-01-08 31.87 "NYK" "@" "DAL" "L" -5 0 31.25 0.417 0.417 3.5 10.7 7.1 5 3.2 0 7.7 17.6 90 102 5.7 -0.5
"35" "30" 2009-01-10 31.87 "NYK" "@" "HOU" "L" -20 0 27.65 0.699 0.667 0 15.4 7.1 0 1.9 3 13.4 26.2 111 106 11.3 8.2
"36" "31" 2009-01-12 31.88 "NYK" "@" "NOH" "W" 6 0 17.4166666666667 0.643 0.643 0 10.8 5.7 9.9 0 4.4 12.5 20.7 107 110 5.5 1
"37" "32" 2009-01-14 31.88 "NYK" "" "WAS" "W" 6 0 15.1666666666667 0.25 0.25 8.8 12.2 10.2 15.9 0 0 0 12.2 122 152 1.6 -13.2
"38" "" 2009-01-16 31.89 "NYK" "@" "WAS" "L" -7 NA NA NA NA NA NA NA NA NA NA NA NA NA NA NA NA
"39" "" 2009-01-17 31.89 "NYK" "" "PHI" "L" -10 NA NA NA NA NA NA NA NA NA NA NA NA NA NA NA NA
"40" "33" 2009-01-19 31.9 "NYK" "" "CHI" "W" 4 0 14.4166666666667 0.615 0.625 7.1 19.2 13.5 0 3.4 4.3 29.1 21.5 88 92 4.5 0.4
"41" "34" 2009-01-21 31.9 "NYK" "" "PHO" "W" 5 0 18.7333333333333 0.727 0.667 0 10.9 5.6 7.7 0 0 22.5 19.7 114 108 3.9 -4.3
"42" "35" 2009-01-23 31.91 "NYK" "" "MEM" "W" 20 0 23.2333333333333 0.799 0.714 5.7 4.7 5.2 22.4 0 6.8 10.2 19.8 157 104 13 10.5
"43" "36" 2009-01-24 31.91 "NYK" "@" "PHI" "L" -6 0 31.2833333333333 0.949 0.9 7.9 0 4.1 21.7 1.7 0 24 24.4 146 131 18.6 9.4
"44" "37" 2009-01-26 31.92 "NYK" "" "HOU" "W" 6 0 29.0166666666667 0.564 0.438 3.9 13 8.9 0 0 0 9.3 17.3 108 107 5.9 -4.2
"45" "38" 2009-01-28 31.92 "NYK" "" "ATL" "W" 8 0 16.8 0.34 0.4 6.6 25.4 16.2 0 2.9 0 14.5 17.2 68 100 1.6 -8.3
"46" "39" 2009-01-31 31.93 "NYK" "@" "IND" "W" 9 0 19.0166666666667 0.333 0.333 5.6 13.3 9.9 11.6 2.4 0 0 6.6 115 107 3.9 -2.3
"47" "40" 2009-02-02 31.94 "NYK" "" "LAL" "L" -9 0 22.9166666666667 0.556 0.556 11.9 5.2 9 19.3 2 0 10 17.4 122 125 9 5.1
"48" "41" 2009-02-04 31.94 "NYK" "" "CLE" "L" -5 0 23.95 0.666 0.5 4.6 19.1 11.7 6.1 2.2 0 22.8 16.8 114 113 5.5 -0.6
"49" "42" 2009-02-06 31.95 "NYK" "" "BOS" "L" -10 0 19.3166666666667 0.387 0.333 0 0 0 7 0 0 20.5 10.7 72 120 -0.2 -9.4
"50" "43" 2009-02-08 31.95 "NYK" "@" "POR" "L" -1 0 23.8166666666667 0.944 0.944 0 10.9 5.6 7 2.3 0 10 20.3 147 120 13.2 12.1
"51" "44" 2009-02-10 31.96 "NYK" "@" "GSW" "L" -17 0 9.48333333333333 0.5 0.5 0 49.4 25 13 0 0 0 17.2 117 134 3.9 -2
"52" "45" 2009-02-11 31.96 "NYK" "@" "LAC" "L" -4 0 4.58333333333333 0.75 0.75 20.6 0 11.6 0 10.6 0 0 17.8 162 101 3.7 21.2
"53" "46" 2009-02-17 31.98 "NYK" "" "SAS" "W" 5 0 27.3333333333333 0.405 0.389 0 20.2 10.3 4.9 0 0 9.2 18.1 81 107 2.1 -8.5
"54" "" 2009-02-20 31.99 "CHI" "" "DEN" "W" 17 NA NA NA NA NA NA NA NA NA NA NA NA NA NA NA NA
"55" "47" 2009-02-22 31.99 "CHI" "@" "IND" "L" -7 0 7.88333333333333 0.625 0.625 0 11.5 6.4 0 0 0 0 23.4 120 112 2.9 3.3
"56" "48" 2009-02-24 32 "CHI" "" "ORL" "W" 18 0 24.0833333333333 0.871 0.875 0 8.7 4.9 10.5 2.1 0 0 18.4 177 107 15.6 15.9
"57" "49" 2009-02-25 32 "CHI" "@" "NJN" "L" -12 0 16.7333333333333 0.25 0.25 0 21.5 9.8 8.9 0 0 25 21.8 47 129 -2 -17.7
"58" "50" 2009-02-27 32 "CHI" "@" "WAS" "L" -23 0 12.0833333333333 0.37 0.3 0 9 4.4 0 0 0 12.9 30.3 70 135 0.4 -14.2
"59" "51" 2009-02-28 32.01 "CHI" "" "HOU" "W" 3 0 7.25 0.333 0.333 13 33.1 21.8 0 7.1 0 0 17.4 95 96 2.2 -0.5
"60" "" 2009-03-03 32.01 "CHI" "@" "CHA" "L" -16 NA NA NA NA NA NA NA NA NA NA NA NA NA NA NA NA
"61" "" 2009-03-04 32.02 "CHI" "" "GSW" "W" 22 NA NA NA NA NA NA NA NA NA NA NA NA NA NA NA NA
"62" "52" 2009-03-06 32.02 "CHI" "" "MIL" "W" 15 0 13.9333333333333 0 0 0 18.8 11.1 0 0 0 0 6.2 0 103 -1.7 -13.2
"63" "" 2009-03-09 32.03 "CHI" "@" "MIA" "L" -3 NA NA NA NA NA NA NA NA NA NA NA NA NA NA NA NA
"64" "" 2009-03-11 32.04 "CHI" "@" "ORL" "L" -28 NA NA NA NA NA NA NA NA NA NA NA NA NA NA NA NA
"65" "53" 2009-03-13 32.04 "CHI" "@" "PHI" "L" -3 0 17.5166666666667 0.45 0.45 0 26.7 12.9 34.5 3 0 16.7 30.2 92 107 5 2.5
"66" "54" 2009-03-14 32.04 "CHI" "" "NOH" "W" 18 0 20.5666666666667 0.581 0.667 0 10.6 5.7 0 0 0 0 16.6 118 105 4.8 0.7
"67" "55" 2009-03-17 32.05 "CHI" "" "BOS" "W" 6 0 10.1833333333333 0.643 0.7 13.1 11 11.9 15.8 4.8 0 15.5 27.6 112 117 5.6 6.8
"68" "56" 2009-03-18 32.05 "CHI" "@" "OKC" "W" 7 0 4.65 0.5 0.5 0 24 13.8 0 0 0 33.3 28.3 71 107 0.3 -11.6
"69" "" 2009-03-21 32.06 "CHI" "" "LAL" "L" -8 NA NA NA NA NA NA NA NA NA NA NA NA NA NA NA NA
"70" "57" 2009-03-23 32.07 "CHI" "@" "WAS" "W" 2 0 19.9 0.563 0.563 11 9.6 10.3 8.5 0 0 0 19.1 124 116 6.1 -1.3
"71" "58" 2009-03-24 32.07 "CHI" "" "DET" "W" 8 0 4.75 0 0 23 25.3 24.1 27.3 0 0 0 19.1 58 106 0.3 -8.6
"72" "" 2009-03-26 32.08 "CHI" "" "MIA" "W" 19 NA NA NA NA NA NA NA NA NA NA NA NA NA NA NA NA
"73" "59" 2009-03-28 32.08 "CHI" "" "IND" "W" 6 0 5.96666666666667 0 0 0 17.1 9.2 0 0 0 0 22.5 0 112 -2.6 -32.8
"74" "60" 2009-03-29 32.08 "CHI" "@" "TOR" "L" -5 0 13.1166666666667 0.417 0.417 0 0 0 0 0 0 14.3 24.4 73 136 0.2 -16
"75" "61" 2009-03-31 32.09 "CHI" "@" "IND" "L" -2 0 29.55 0.799 0.75 9 12.2 10.7 4.6 0 0 12.7 12.5 144 116 10 1.3
"76" "62" 2009-04-04 32.1 "CHI" "" "NJN" "W" 9 0 14.8833333333333 1.042 1 7.3 15 11.1 0 3.6 0 14.8 20.8 173 101 10.5 16.9
"77" "" 2009-04-07 32.11 "CHI" "" "NYK" "W" 7 NA NA NA NA NA NA NA NA NA NA NA NA NA NA NA NA
"78" "" 2009-04-09 32.12 "CHI" "" "PHI" "W" 14 NA NA NA NA NA NA NA NA NA NA NA NA NA NA NA NA
"79" "" 2009-04-11 32.12 "CHI" "" "CHA" "W" 7 NA NA NA NA NA NA NA NA NA NA NA NA NA NA NA NA
"80" "63" 2009-04-13 32.13 "CHI" "@" "DET" "W" 3 0 11.9666666666667 0.396 0.2 0 42.7 23.1 0 4.5 0 0 26.4 86 81 3.2 -4.9
"81" "64" 2009-04-15 32.13 "CHI" "" "TOR" "L" -11 0 18.8833333333333 0.5 0.5 0 0 0 7.5 0 0 0 11.7 107 125 2.6 -4.9
"1" "" 2009-10-27 32.67 "DAL" "" "WAS" "L" -11 NA NA NA NA NA NA NA NA NA NA NA NA NA NA NA NA
"2" "" 2009-10-30 32.67 "DAL" "@" "LAL" "W" 14 NA NA NA NA NA NA NA NA NA NA NA NA NA NA NA NA
"3" "" 2009-10-31 32.68 "DAL" "@" "LAC" "W" 9 NA NA NA NA NA NA NA NA NA NA NA NA NA NA NA NA
"4" "" 2009-11-03 32.68 "DAL" "" "UTA" "W" 11 NA NA NA NA NA NA NA NA NA NA NA NA NA NA NA NA
"5" "" 2009-11-04 32.69 "DAL" "@" "NOH" "L" -7 NA NA NA NA NA NA NA NA NA NA NA NA NA NA NA NA
"6" "" 2009-11-07 32.7 "DAL" "" "TOR" "W" 28 NA NA NA NA NA NA NA NA NA NA NA NA NA NA NA NA
"7" "" 2009-11-10 32.7 "DAL" "" "HOU" "W" 18 NA NA NA NA NA NA NA NA NA NA NA NA NA NA NA NA
"8" "" 2009-11-11 32.71 "DAL" "@" "SAS" "L" -9 NA NA NA NA NA NA NA NA NA NA NA NA NA NA NA NA
"9" "" 2009-11-13 32.71 "DAL" "@" "MIN" "W" 12 NA NA NA NA NA NA NA NA NA NA NA NA NA NA NA NA
"10" "" 2009-11-15 32.72 "DAL" "@" "DET" "W" 5 NA NA NA NA NA NA NA NA NA NA NA NA NA NA NA NA
"11" "" 2009-11-16 32.72 "DAL" "@" "MIL" "W" 2 NA NA NA NA NA NA NA NA NA NA NA NA NA NA NA NA
"12" "1" 2009-11-18 32.73 "DAL" "" "SAS" "W" 5 0 13.3833333333333 0.25 0.25 13.4 0 8 0 0 0 0 13.9 82 107 0.2 -9.5
"13" "2" 2009-11-20 32.73 "DAL" "" "SAC" "W" 2 0 24.1833333333333 0.527 0.5 11.9 20.9 15.8 12.4 2.1 0 0 17.8 129 105 10.9 3
"14" "3" 2009-11-24 32.74 "DAL" "" "GSW" "L" -8 0 14.05 1.16 1.167 0 8.1 3.9 0 3.3 0 34 18.1 123 108 6.6 4.5
"15" "4" 2009-11-25 32.75 "DAL" "@" "HOU" "W" 31 0 24.5 0.856 0.846 7.3 14 11.4 15.7 6.2 3.1 18.2 31.5 137 95 19.5 13.4
"16" "5" 2009-11-27 32.75 "DAL" "@" "IND" "W" 21 0 10.75 0.625 0.625 0 10.1 5.1 0 0 0 0 15.2 141 103 2.9 1.1
"17" "6" 2009-11-28 32.75 "DAL" "@" "CLE" "L" -16 0 10.1833333333333 0 0 0 0 0 13.9 0 0 0 15.4 21 136 -1.8 -18
"18" "" 2009-11-30 32.76 "DAL" "" "PHI" "W" 2 NA NA NA NA NA NA NA NA NA NA NA NA NA NA NA NA
"19" "7" 2009-12-02 32.76 "DAL" "@" "NJN" "W" 16 0 22.5166666666667 0.714 0.714 0 16.4 9.1 0 4.6 0 0 14.3 144 105 7.6 0.8
"20" "8" 2009-12-04 32.77 "DAL" "@" "MEM" "L" -16 0 15.75 0.51 0.4 6.1 7.3 6.6 11.8 0 0 0 16.2 128 117 3.8 -2.8
"21" "9" 2009-12-05 32.77 "DAL" "" "ATL" "L" -5 0 21.6333333333333 0.357 0.357 10.8 20.2 16.2 21.6 0 0 36.4 26.1 59 93 0.8 -8.8
"22" "" 2009-12-08 32.78 "DAL" "" "PHO" "W" 1 NA NA NA NA NA NA NA NA NA NA NA NA NA NA NA NA
"23" "" 2009-12-11 32.79 "DAL" "@" "MIA" "W" 13 NA NA NA NA NA NA NA NA NA NA NA NA NA NA NA NA
"24" "10" 2009-12-12 32.79 "DAL" "" "CHA" "W" 1 0 6.5 0.452 0 0 0 0 0 0 0 23.1 30 84 117 0.2 -16.1
"25" "" 2009-12-14 32.8 "DAL" "" "NOH" "W" 4 NA NA NA NA NA NA NA NA NA NA NA NA NA NA NA NA
"26" "" 2009-12-16 32.8 "DAL" "@" "OKC" "W" 14 NA NA NA NA NA NA NA NA NA NA NA NA NA NA NA NA
"27" "11" 2009-12-18 32.81 "DAL" "" "HOU" "L" -8 0 12.1333333333333 0.563 0.5 0 0 0 0 0 0 10.1 35.1 111 123 3.4 -3
"28" "12" 2009-12-20 32.81 "DAL" "" "CLE" "W" 7 1 36.0166666666667 0.644 0.571 3.4 18.6 11.4 9.3 0 0 5.5 25.4 126 109 16.7 4.6
"29" "13" 2009-12-22 32.82 "DAL" "" "POR" "L" -4 0 6.08333333333333 0 0 0 0 0 0 0 0 0 23.1 0 104 -2.1 -22.8
"30" "14" 2009-12-26 32.83 "DAL" "" "MEM" "W" 5 0 11.3333333333333 0.512 0.625 21.7 16.9 19 0 0 0 17 25 95 114 2.4 -8.3
"31" "" 2009-12-27 32.83 "DAL" "@" "DEN" "W" 8 NA NA NA NA NA NA NA NA NA NA NA NA NA NA NA NA
"32" "" 2009-12-31 32.84 "DAL" "@" "HOU" "L" -3 NA NA NA NA NA NA NA NA NA NA NA NA NA NA NA NA
"33" "" 2010-01-02 32.85 "DAL" "@" "SAC" "W" 8 NA NA NA NA NA NA NA NA NA NA NA NA NA NA NA NA
"34" "15" 2010-01-03 32.85 "DAL" "@" "LAL" "L" -35 0 20.0666666666667 0.773 0.667 0 0 0 0 2.6 0 0 16.5 166 139 10 6.8
"35" "" 2010-01-05 32.86 "DAL" "" "DET" "W" 5 NA NA NA NA NA NA NA NA NA NA NA NA NA NA NA NA
"36" "16" 2010-01-08 32.87 "DAL" "@" "SAS" "W" 9 0 9.35 0.5 0.5 0 0 0 15.2 5.7 0 0 19.6 117 110 3.7 5.3
"37" "17" 2010-01-09 32.87 "DAL" "" "UTA" "L" -18 0 17.4333333333333 0.2 0.2 0 14.1 6.4 0 3.2 4.4 16.7 16 37 120 0.2 -9
"38" "" 2010-01-13 32.88 "DAL" "" "LAL" "L" -5 NA NA NA NA NA NA NA NA NA NA NA NA NA NA NA NA
"39" "" 2010-01-15 32.88 "DAL" "" "OKC" "W" 1 NA NA NA NA NA NA NA NA NA NA NA NA NA NA NA NA
"40" "" 2010-01-17 32.89 "DAL" "@" "TOR" "L" -22 NA NA NA NA NA NA NA NA NA NA NA NA NA NA NA NA
"41" "" 2010-01-18 32.89 "DAL" "@" "BOS" "W" 9 NA NA NA NA NA NA NA NA NA NA NA NA NA NA NA NA
"42" "" 2010-01-20 32.9 "DAL" "@" "WAS" "W" 1 NA NA NA NA NA NA NA NA NA NA NA NA NA NA NA NA
"43" "" 2010-01-22 32.9 "DAL" "@" "PHI" "L" -11 NA NA NA NA NA NA NA NA NA NA NA NA NA NA NA NA
"44" "18" 2010-01-24 32.91 "DAL" "@" "NYK" "W" 50 0 9.36666666666667 0.75 0.75 15.1 0 5.6 29.6 0 0 0 19.8 172 102 6.5 13.6
"45" "" 2010-01-26 32.92 "DAL" "" "MIL" "W" 1 NA NA NA NA NA NA NA NA NA NA NA NA NA NA NA NA
"46" "" 2010-01-28 32.92 "DAL" "@" "PHO" "L" -6 NA NA NA NA NA NA NA NA NA NA NA NA NA NA NA NA
"47" "" 2010-01-30 32.93 "DAL" "" "POR" "L" -2 NA NA NA NA NA NA NA NA NA NA NA NA NA NA NA NA
"48" "" 2010-02-01 32.93 "DAL" "@" "UTA" "L" -12 NA NA NA NA NA NA NA NA NA NA NA NA NA NA NA NA
"49" "" 2010-02-03 32.94 "DAL" "" "GSW" "W" 9 NA NA NA NA NA NA NA NA NA NA NA NA NA NA NA NA
"50" "" 2010-02-05 32.94 "DAL" "" "MIN" "L" -9 NA NA NA NA NA NA NA NA NA NA NA NA NA NA NA NA
"51" "" 2010-02-08 32.95 "DAL" "@" "GSW" "W" 10 NA NA NA NA NA NA NA NA NA NA NA NA NA NA NA NA
"52" "" 2010-02-09 32.95 "DAL" "@" "DEN" "L" -36 NA NA NA NA NA NA NA NA NA NA NA NA NA NA NA NA
"53" "" 2010-02-16 32.97 "DAL" "@" "OKC" "L" -13 NA NA NA NA NA NA NA NA NA NA NA NA NA NA NA NA
"54" "" 2010-02-17 32.98 "DAL" "" "PHO" "W" 10 NA NA NA NA NA NA NA NA NA NA NA NA NA NA NA NA
"55" "" 2010-02-19 32.98 "DAL" "@" "ORL" "W" 10 NA NA NA NA NA NA NA NA NA NA NA NA NA NA NA NA
"56" "" 2010-02-20 32.98 "DAL" "" "MIA" "W" 6 NA NA NA NA NA NA NA NA NA NA NA NA NA NA NA NA
"57" "" 2010-02-22 32.99 "DAL" "" "IND" "W" 9 NA NA NA NA NA NA NA NA NA NA NA NA NA NA NA NA
"58" "" 2010-02-24 32.99 "DAL" "" "LAL" "W" 5 NA NA NA NA NA NA NA NA NA NA NA NA NA NA NA NA
"59" "" 2010-02-26 33 "DAL" "@" "ATL" "W" 8 NA NA NA NA NA NA NA NA NA NA NA NA NA NA NA NA
"60" "" 2010-02-28 33.01 "DAL" "" "NOH" "W" 8 NA NA NA NA NA NA NA NA NA NA NA NA NA NA NA NA
"61" "" 2010-03-01 33.01 "DAL" "@" "CHA" "W" 5 NA NA NA NA NA NA NA NA NA NA NA NA NA NA NA NA
"62" "" 2010-03-03 33.01 "DAL" "" "MIN" "W" 3 NA NA NA NA NA NA NA NA NA NA NA NA NA NA NA NA
"63" "" 2010-03-05 33.02 "DAL" "" "SAC" "W" 8 NA NA NA NA NA NA NA NA NA NA NA NA NA NA NA NA
"64" "" 2010-03-06 33.02 "DAL" "@" "CHI" "W" 6 NA NA NA NA NA NA NA NA NA NA NA NA NA NA NA NA
"65" "" 2010-03-08 33.03 "DAL" "@" "MIN" "W" 13 NA NA NA NA NA NA NA NA NA NA NA NA NA NA NA NA
"66" "" 2010-03-10 33.03 "DAL" "" "NJN" "W" 9 NA NA NA NA NA NA NA NA NA NA NA NA NA NA NA NA
"67" "" 2010-03-13 33.04 "DAL" "" "NYK" "L" -34 NA NA NA NA NA NA NA NA NA NA NA NA NA NA NA NA
"68" "" 2010-03-17 33.05 "DAL" "" "CHI" "W" 7 NA NA NA NA NA NA NA NA NA NA NA NA NA NA NA NA
"69" "" 2010-03-20 33.06 "DAL" "" "BOS" "L" -9 NA NA NA NA NA NA NA NA NA NA NA NA NA NA NA NA
"70" "" 2010-03-22 33.07 "DAL" "@" "NOH" "L" -16 NA NA NA NA NA NA NA NA NA NA NA NA NA NA NA NA
"71" "" 2010-03-23 33.07 "DAL" "" "LAC" "W" 10 NA NA NA NA NA NA NA NA NA NA NA NA NA NA NA NA
"72" "" 2010-03-25 33.07 "DAL" "@" "POR" "L" -12 NA NA NA NA NA NA NA NA NA NA NA NA NA NA NA NA
"73" "" 2010-03-27 33.08 "DAL" "@" "GSW" "W" 21 NA NA NA NA NA NA NA NA NA NA NA NA NA NA NA NA
"74" "" 2010-03-29 33.08 "DAL" "" "DEN" "W" 16 NA NA NA NA NA NA NA NA NA NA NA NA NA NA NA NA
"75" "" 2010-03-31 33.09 "DAL" "@" "MEM" "W" 4 NA NA NA NA NA NA NA NA NA NA NA NA NA NA NA NA
"76" "" 2010-04-01 33.09 "DAL" "" "ORL" "L" -15 NA NA NA NA NA NA NA NA NA NA NA NA NA NA NA NA
"77" "" 2010-04-03 33.1 "DAL" "" "OKC" "L" -5 NA NA NA NA NA NA NA NA NA NA NA NA NA NA NA NA
"78" "" 2010-04-07 33.11 "DAL" "" "MEM" "W" 26 NA NA NA NA NA NA NA NA NA NA NA NA NA NA NA NA
"79" "" 2010-04-09 33.12 "DAL" "@" "POR" "W" 6 NA NA NA NA NA NA NA NA NA NA NA NA NA NA NA NA
"80" "" 2010-04-10 33.12 "DAL" "@" "SAC" "W" 18 NA NA NA NA NA NA NA NA NA NA NA NA NA NA NA NA
"81" "" 2010-04-12 33.12 "DAL" "@" "LAC" "W" 23 NA NA NA NA NA NA NA NA NA NA NA NA NA NA NA NA
"82" "" 2010-04-14 33.13 "DAL" "" "SAS" "W" 7 NA NA NA NA NA NA NA NA NA NA NA NA NA NA NA NA
