"Rk" "G" "Date" "Age" "Tm" "H/A" "Opp" "W/L" "By Amt" "GS" "MP" "TS%" "eFG%" "ORB%" "DRB%" "TRB%" "AST%" "STL%" "BLK%" "TOV%" "USG%" "ORtg" "DRtg" "GmSc" "BPM"
"1" "1" 1982-11-20 21.41 "KCK" "@" "DAL" "W" 7 0 4 1.042 1 NA NA NA NA NA NA NA NA NA NA NA NA
"2" "2" 1982-11-24 21.42 "KCK" "" "DET" "W" 10 0 3 NA NA NA NA NA NA NA NA NA NA NA NA NA NA
"3" "3" 1982-11-25 21.42 "KCK" "@" "HOU" "W" 9 0 6 0.347 0.5 NA NA NA NA NA NA NA NA NA NA 0.5 NA
"4" "4" 1982-11-28 21.43 "KCK" "@" "CLE" "L" -8 0 5 0 0 NA NA NA NA NA NA NA NA NA NA -1.1 NA
"5" "5" 1982-11-30 21.44 "KCK" "@" "NJN" "L" -9 0 11 0 0 NA NA NA NA NA NA NA NA NA NA -2.5 NA
"6" "6" 1982-12-01 21.44 "KCK" "" "CHI" "W" 11 0 7 0.5 0.5 NA NA 22.4 0 NA NA NA NA NA NA -0.7 NA
"7" "7" 1982-12-03 21.45 "KCK" "" "GSW" "L" -16 0 4 1 1 NA NA NA NA NA NA NA NA NA NA NA NA
"8" "8" 1982-12-05 21.45 "KCK" "" "SEA" "W" 3 0 21 0.503 0.5 NA NA NA NA NA NA NA NA NA NA 9.6 NA
"9" "9" 1982-12-08 21.46 "KCK" "" "SAS" "L" -1 0 6 NA NA NA NA NA NA NA NA NA NA NA NA 1.3 NA
"10" "10" 1982-12-10 21.47 "KCK" "" "SDC" "W" 12 0 15 0.512 0.5 NA NA NA NA NA NA NA NA NA NA NA NA
"11" "11" 1982-12-11 21.47 "KCK" "@" "SAS" "W" 12 0 4 0 0 NA NA NA NA NA NA NA NA NA NA NA NA
"12" "12" 1982-12-15 21.48 "KCK" "" "NJN" "W" 1 0 23 0.87 1 NA NA NA NA NA NA NA NA NA NA 11.7 NA
"13" "13" 1982-12-17 21.48 "KCK" "@" "SEA" "L" -3 0 12 NA NA NA NA NA NA NA NA NA NA NA NA 0.7 NA
"14" "14" 1982-12-18 21.49 "KCK" "@" "GSW" "W" 16 0 17 0.34 0.2 NA NA NA NA NA NA NA NA NA NA -0.3 NA
"15" "15" 1982-12-20 21.49 "KCK" "@" "UTA" "L" -2 0 19 0.788 0.75 NA NA 13.9 7 NA 0 NA NA NA NA 3.4 NA
"16" "16" 1982-12-22 21.5 "KCK" "" "DEN" "W" 44 0 28 0.8 0.8 NA NA NA NA NA NA NA NA NA NA 14.2 NA
"17" "17" 1982-12-26 21.51 "KCK" "" "UTA" "W" 2 0 12 0.255 0.2 NA NA NA NA NA NA NA NA NA NA 0.6 NA
"18" "18" 1982-12-28 21.52 "KCK" "" "BOS" "W" 5 0 8 0 0 NA NA NA NA NA NA NA NA NA NA -0.9 NA
"19" "19" 1982-12-30 21.52 "KCK" "" "POR" "L" -6 0 11 0.868 1 NA NA 10.3 0 NA 5.6 25.8 NA NA NA 4.9 NA
"20" "20" 1983-01-02 21.53 "KCK" "@" "ATL" "W" 4 0 18 0.349 0.286 NA NA 37.7 0 NA 3.3 NA NA NA NA 9.8 NA
"21" "21" 1983-01-04 21.53 "KCK" "@" "DEN" "L" -16 0 18 0.694 0.714 NA NA 22.9 0 NA 2.5 16.6 NA NA NA 11.9 NA
"22" "22" 1983-01-05 21.54 "KCK" "" "DEN" "W" 20 0 9 0.5 0.5 NA NA 26 0 NA 12.5 NA NA NA NA 0.6 NA
"23" "23" 1983-01-07 21.54 "KCK" "" "UTA" "W" 22 0 13 0.8 0.8 NA NA 43.7 0 NA 4 NA NA NA NA NA NA
"24" "24" 1983-01-08 21.55 "KCK" "@" "PHI" "L" -12 0 14 0.781 0.75 NA NA 27.6 22.3 NA 3.8 NA NA NA NA NA NA
"25" "25" 1983-01-11 21.55 "KCK" "@" "UTA" "L" -8 0 8 0.2 0.2 NA NA 34 0 NA 0 NA NA NA NA -0.5 NA
"26" "26" 1983-01-12 21.56 "KCK" "" "SAS" "W" 5 0 15 0.518 0.4 NA NA 22.2 0 NA 3.5 NA NA NA NA 5.3 NA
"27" "27" 1983-01-14 21.56 "KCK" "@" "SDC" "L" -7 0 13 0.667 0.667 NA NA 23.7 11.1 NA NA NA NA NA NA NA NA
"28" "28" 1983-01-15 21.56 "KCK" "@" "POR" "L" -11 0 15 0.6 0.6 NA NA 25.6 0 NA 0 28.6 NA NA NA 4.3 NA
"29" "29" 1983-01-16 21.57 "KCK" "@" "SEA" "L" -15 0 9 1.031 1 NA NA 0 0 NA 6.2 NA NA NA NA 7.4 NA
"30" "30" 1983-01-19 21.58 "KCK" "" "NYK" "W" 3 0 10 0.133 0 NA NA 35.1 0 NA 6.5 NA NA NA NA 2.5 NA
"31" "31" 1983-01-21 21.58 "KCK" "" "HOU" "W" 7 0 26 0.636 0.667 NA NA 16.2 0 NA 5.9 NA NA NA NA NA NA
"32" "32" 1983-01-23 21.59 "KCK" "" "PHO" "L" -10 0 15 0.17 0.2 NA NA 21.7 17.4 NA 3.7 NA NA NA NA -1.9 NA
"33" "33" 1983-01-25 21.59 "KCK" "@" "DEN" "L" -7 0 20 0.644 0.667 NA NA 4.2 0 NA 9.1 NA NA NA NA 10.3 NA
"34" "34" 1983-01-26 21.59 "KCK" "" "DAL" "L" -10 0 20 0.521 0.5 NA NA 21.4 6.3 NA 2.8 NA NA NA NA 3.7 NA
"35" "35" 1983-01-28 21.6 "KCK" "" "PHI" "L" -15 0 19 1 1 NA NA 15.3 13.9 NA 0 NA NA NA NA NA NA
"36" "36" 1983-01-29 21.6 "KCK" "@" "IND" "L" -11 0 3 0.515 0.333 NA NA 71.9 0 NA NA NA NA NA NA NA NA
"37" "37" 1983-01-31 21.61 "KCK" "@" "NYK" "L" -17 0 16 0.25 0.25 NA NA NA NA NA NA NA NA NA NA -0.7 NA
"38" "38" 1983-02-02 21.61 "KCK" "@" "WSB" "W" 2 0 22 0.34 0.2 NA NA 34.3 4.9 NA NA NA NA NA NA 7.9 NA
"39" "39" 1983-02-04 21.62 "KCK" "" "LAL" "L" -18 0 13 0.698 0.714 NA NA NA 12.5 NA NA NA NA NA NA NA NA
"40" "40" 1983-02-06 21.62 "KCK" "@" "LAL" "L" -10 0 20 0.637 0.5 NA NA 32.2 6.8 NA NA NA NA NA NA 17.1 NA
"41" "41" 1983-02-08 21.63 "KCK" "@" "HOU" "L" -1 1 24 0.625 0.625 NA NA NA NA NA NA NA NA NA NA 10.3 NA
"42" "42" 1983-02-09 21.63 "KCK" "" "GSW" "W" 5 1 20 0.515 0.333 NA NA 19.1 0 NA 3.2 NA NA NA NA 3.3 NA
"43" "43" 1983-02-16 21.65 "KCK" "" "PHO" "L" -9 0 6 NA NA NA NA NA NA NA NA NA NA NA NA -0.7 NA
"44" "44" 1983-02-18 21.66 "KCK" "" "LAL" "W" 6 0 14 0.362 0 NA NA 18 12.5 NA NA NA NA NA NA NA NA
"45" "45" 1983-02-20 21.66 "KCK" "" "HOU" "W" 22 0 18 0.887 1 NA NA NA NA NA NA NA NA NA NA NA NA
"46" "46" 1983-02-23 21.67 "KCK" "" "WSB" "W" 6 0 11 0.6 0.6 NA NA 20.8 0 NA NA NA NA NA NA 2.1 NA
"47" "47" 1983-02-25 21.68 "KCK" "" "SAS" "L" -6 0 7 0 0 NA NA NA NA NA NA NA NA NA NA NA NA
"48" "48" 1983-02-26 21.68 "KCK" "@" "DAL" "L" -11 0 27 0.579 0.667 NA NA NA NA NA NA NA NA NA NA NA NA
"49" "49" 1983-03-01 21.69 "KCK" "@" "BOS" "L" -18 0 14 0.694 1 NA NA NA NA NA NA NA NA NA NA 5.9 NA
"50" "50" 1983-03-04 21.7 "KCK" "" "IND" "W" 17 0 22 0.325 0.222 NA NA 18.8 0 NA NA NA NA NA NA NA NA
"51" "51" 1983-03-06 21.7 "KCK" "" "SDC" "W" 39 0 8 0.8 0.8 NA NA 23.1 0 NA 0 NA NA NA NA 8.8 NA
"52" "52" 1983-03-09 21.71 "KCK" "" "DAL" "W" 16 0 8 1.042 1 NA NA NA NA NA NA NA NA NA NA 5.2 NA
"53" "53" 1983-03-11 21.72 "KCK" "@" "MIL" "L" -8 0 10 0.258 0 NA NA 18.2 0 NA 0 0 NA NA NA NA NA
"54" "54" 1983-03-13 21.72 "KCK" "" "SEA" "L" -5 0 4 0.568 NA NA NA NA NA NA NA NA NA NA NA -0.2 NA
"55" "55" 1983-03-15 21.73 "KCK" "@" "POR" "L" -17 0 19 0.694 0.5 NA NA 15.6 0 NA 2.9 58.1 NA NA NA 3.8 NA
"56" "56" 1983-03-16 21.73 "KCK" "@" "SEA" "L" -8 0 17 0.581 0.667 NA NA NA NA NA NA NA NA NA NA 3.4 NA
"57" "57" 1983-03-18 21.73 "KCK" "@" "LAL" "L" -13 0 6 0.205 0 NA NA 17 0 NA NA NA NA NA NA NA NA
"58" "58" 1983-03-20 21.74 "KCK" "" "GSW" "W" 14 0 16 0.51 0.4 NA NA 10.2 0 NA NA NA NA NA NA 3.4 NA
"59" "59" 1983-03-22 21.75 "KCK" "" "CLE" "W" 23 0 9 0.333 0.333 NA NA NA NA NA NA NA NA NA NA 0.8 NA
"60" "60" 1983-03-24 21.75 "KCK" "@" "PHO" "L" -17 0 15 0.727 0.667 NA NA NA NA NA NA NA NA NA NA 9.4 NA
"61" "61" 1983-03-27 21.76 "KCK" "" "POR" "W" 15 0 3 0 0 NA NA 0 0 NA 0 0 NA NA NA -0.7 NA
"62" "62" 1983-03-29 21.76 "KCK" "@" "HOU" "W" 16 0 15 0.436 0.333 NA NA NA NA NA NA NA NA NA NA 4.1 NA
"63" "63" 1983-04-01 21.77 "KCK" "@" "SDC" "W" 16 0 12 0.532 0.5 NA NA NA NA NA NA NA NA NA NA NA NA
"64" "64" 1983-04-02 21.78 "KCK" "@" "GSW" "W" 10 0 7 0 0 NA NA NA NA NA NA NA NA NA NA -2.5 NA
"65" "65" 1983-04-05 21.78 "KCK" "@" "SAS" "L" -17 0 16 1.031 1 NA NA NA NA NA NA NA NA NA NA 11 NA
"66" "66" 1983-04-08 21.79 "KCK" "" "UTA" "W" 15 0 20 0.59 0.5 NA NA 32.8 0 NA 2.6 NA NA NA NA NA NA
"67" "67" 1983-04-09 21.79 "KCK" "@" "UTA" "W" 6 1 41 0.535 0.4 NA NA 11.2 3 NA 1.5 NA NA NA NA NA NA
"68" "68" 1983-04-12 21.8 "KCK" "@" "CHI" "W" 10 0 12 0.8 0.8 NA NA 18.4 0 NA 14.1 NA NA NA NA 8.2 NA
"69" "69" 1983-04-13 21.81 "KCK" "" "ATL" "W" 11 0 19 0.478 0.5 NA NA NA NA NA NA NA NA NA NA 3.3 NA
"70" "70" 1983-04-15 21.81 "KCK" "" "HOU" "W" 15 0 23 0.676 0.625 NA NA NA NA NA NA NA NA NA NA NA NA
"71" "71" 1983-04-17 21.82 "KCK" "@" "DEN" "L" -9 0 10 0.852 NA NA NA NA NA NA NA NA NA NA NA 3.6 NA
"1" "1" 1983-10-28 22.35 "KCK" "" "LAL" "L" -10 0 26 0.731 0.727 14.8 44.8 26.7 6.1 1.8 2.1 19.6 22.6 125 106 16.5 NA
"2" "2" 1983-10-30 22.35 "KCK" "" "SEA" "L" -5 0 20 0.415 0.375 0 45.7 23.1 13.8 0 11.9 0 16.8 101 100 7.6 NA
"3" "3" 1983-11-01 22.36 "KCK" "" "GSW" "W" 2 1 23 0.827 0.8 17.9 45 34 18.1 0 4.7 47.9 18.1 92 97 8.6 NA
"4" "4" 1983-11-03 22.36 "KCK" "" "DEN" "L" -3 1 25 0.603 0.583 11.6 42.3 31.3 5.7 0 12.6 24.3 23.2 91 91 15.5 NA
"5" "5" 1983-11-05 22.37 "KCK" "" "HOU" "W" 17 1 26 0.583 0.556 49.2 22 36.1 13.9 0 0 13.7 31.4 124 102 20.5 NA
"6" "6" 1983-11-08 22.38 "KCK" "@" "CHI" "L" -3 1 25 0.333 0.333 4.4 19.7 11.6 10.6 1.9 9.3 33.3 14.1 59 93 2.7 NA
"7" "7" 1983-11-09 22.38 "KCK" "@" "MIL" "L" -2 1 20 0.568 NA 6.9 21.2 13.9 0 0 3.4 77.3 8.6 39 99 -1.3 NA
"8" "8" 1983-11-11 22.39 "KCK" "@" "PHI" "L" -8 1 15 0.667 0.667 16.8 9.4 13.3 0 3.3 4.3 25 11.6 108 109 5.1 NA
"9" "9" 1983-11-17 22.4 "KCK" "@" "SAS" "W" 1 1 14 0.683 0.833 35.2 0 18.3 11.1 3.5 4.2 12 23.5 124 129 8.8 NA
"10" "10" 1983-11-22 22.42 "KCK" "" "SDC" "W" 19 1 30 0.429 0.429 3.6 45.1 23.1 7.1 7.2 3.8 36.4 14.2 63 73 8.1 NA
"11" "11" 1983-11-25 22.42 "KCK" "@" "DAL" "L" -2 1 18 0 0 16.7 17 16.8 21.6 0 0 20 11.1 53 99 0.5 NA
"12" "12" 1983-11-26 22.43 "KCK" "" "UTA" "W" 1 1 34 0.662 0.5 7.4 37.2 22.3 7.8 0 3.7 18.9 18 124 106 14.8 NA
"13" "13" 1983-11-28 22.43 "KCK" "" "POR" "W" 9 1 22 0.625 0.625 6.2 16 11.5 0 0 0 11.1 17.4 112 107 5.4 NA
"14" "14" 1983-11-30 22.44 "KCK" "@" "PHO" "W" 2 1 17 0 0 7.6 16.1 11.8 0 5.5 3.3 0 7.6 32 106 0.3 NA
"15" "15" 1983-12-01 22.44 "KCK" "@" "GSW" "L" -11 1 20 0.5 0.5 15 42.4 29.1 9.8 2.3 4.8 0 16.3 118 86 10.7 NA
"16" "16" 1983-12-03 22.45 "KCK" "@" "UTA" "L" -5 0 26 0.581 0.5 0 27 15.2 0 7.3 2.3 12.7 13.2 100 98 9.3 NA
"17" "17" 1983-12-06 22.45 "KCK" "" "DAL" "W" 9 1 24 1 1 25.6 25 25.3 5.6 2.1 7.2 50 10.2 103 101 9.3 NA
"18" "18" 1983-12-08 22.46 "KCK" "@" "LAL" "L" -23 1 25 0.398 0.4 8.9 27.4 18.1 6.1 3.4 3.9 30.6 24.5 62 106 3.9 NA
"19" "19" 1983-12-10 22.47 "KCK" "" "IND" "W" 16 1 31 0.398 0.3 28.2 23.8 26.1 3.9 2.9 3.6 15 16.4 104 89 10.7 NA
"20" "20" 1983-12-14 22.48 "KCK" "@" "SEA" "W" 6 1 18 0.635 0.571 40.6 36.6 38.5 8.8 0 6.1 20.2 22.9 123 92 12.2 NA
"21" "21" 1983-12-15 22.48 "KCK" "@" "GSW" "L" -3 1 27 0.658 0.625 25.4 16.9 21.5 4.5 0 2.2 32 20.9 102 110 10.1 NA
"22" "22" 1983-12-17 22.48 "KCK" "@" "PHO" "L" -20 1 26 1 1 8.2 8.8 8.5 0 1.6 8.2 60 7.1 72 101 3.8 NA
"23" "23" 1983-12-20 22.49 "KCK" "" "DEN" "W" 17 1 16 0.8 0.8 0 23.1 13.3 0 0 0 28.6 16.8 98 102 2.9 NA
"24" "24" 1983-12-23 22.5 "KCK" "" "SAS" "W" 4 1 13 0.425 0.4 9.5 15.7 12.9 17.7 0 3.9 0 18.1 119 118 4.1 NA
"25" "25" 1983-12-27 22.51 "KCK" "" "PHI" "L" -3 1 15 0.595 0.6 13.9 45.7 27.7 18.6 6.1 7.7 25.4 22.1 101 88 8 NA
"26" "26" 1983-12-29 22.52 "KCK" "@" "SAS" "L" -11 0 12 0.34 0.2 12.5 25.5 18 0 0 4.2 0 16 99 113 2.7 NA
"27" "27" 1983-12-30 22.52 "KCK" "" "SDC" "L" -3 1 17 0.436 0.333 23 12.3 17.8 8.7 3.2 3.4 22.5 23.1 92 107 4.4 NA
"28" "28" 1984-01-03 22.53 "KCK" "@" "POR" "L" -19 1 19 0.51 0.4 0 21.5 11.5 0 0 10.6 33.8 20.1 65 114 2.7 NA
"29" "29" 1984-01-04 22.53 "KCK" "@" "SDC" "L" -1 1 30 0.625 0.625 24.6 34.6 30.5 4.3 3 1.9 20 13.2 118 108 11.4 NA
"30" "30" 1984-01-06 22.54 "KCK" "@" "UTA" "L" -20 1 19 0.417 0.417 14.3 14.4 14.4 0 6.7 6.4 7.7 24.4 92 101 7.3 NA
"31" "31" 1984-01-07 22.54 "KCK" "" "PHO" "W" 2 0 18 0.532 0.333 11.1 37.2 23.4 0 0 3.4 15.1 15.7 109 95 4.8 NA
"32" "32" 1984-01-10 22.55 "KCK" "" "DAL" "W" 10 0 20 0.851 0.8 5.6 17.5 12.2 0 2.5 7.4 28.2 22.7 119 98 11.1 NA
"33" "33" 1984-01-12 22.56 "KCK" "" "LAL" "L" -6 0 31 0.814 0.8 29.2 41.8 34.4 0 1.6 3.9 10.4 24.5 151 92 30.7 NA
"34" "34" 1984-01-14 22.56 "KCK" "@" "HOU" "L" -5 0 17 0.333 0.333 5.5 34.2 16.8 0 0 7.3 0 7.1 90 104 1.6 NA
"35" "35" 1984-01-15 22.56 "KCK" "" "SDC" "W" 13 0 22 0.58 0.5 5.3 48 28.8 6.3 4.4 5.1 20.5 19.1 100 76 10.1 NA
"36" "36" 1984-01-17 22.57 "KCK" "" "BOS" "L" -9 0 33 0.752 0.7 17.3 22 19.4 19.2 2.6 5.4 17.7 20.1 136 105 23.6 NA
"37" "37" 1984-01-20 22.58 "KCK" "@" "DEN" "L" -2 0 27 0.685 0.571 20.3 36.4 29.3 0 1.8 1.9 10.2 15.7 145 111 13.7 NA
"38" "38" 1984-01-21 22.58 "KCK" "@" "POR" "L" -20 0 19 0.714 0.714 8.1 30.1 20.8 0 2.6 8.4 30 22.6 90 104 7.8 NA
"39" "39" 1984-01-24 22.59 "KCK" "" "NJN" "W" 9 0 33 0.676 0.625 19 35.6 27.6 4.8 2.9 4.9 10.1 23.8 134 90 25.4 NA
"40" "40" 1984-01-26 22.59 "KCK" "" "SEA" "L" -8 0 32 0.701 0.583 34.4 38.6 36.1 4.8 1.5 0 0 20.1 171 112 28.3 NA
"41" "41" 1984-01-31 22.61 "KCK" "" "HOU" "L" -15 0 32 0.682 0.636 23.1 30.9 26.2 4.9 0 5.4 0 18.4 159 119 23 NA
"42" "42" 1984-02-01 22.61 "KCK" "@" "BOS" "L" -9 0 22 0.636 0.636 9.7 16 12.7 6.9 0 0 8.3 21.9 122 118 9.1 NA
"43" "43" 1984-02-03 22.62 "KCK" "@" "NJN" "W" 2 0 29 0.745 0.769 8.1 18.4 13.5 10.5 1.7 3.9 6.3 22.5 145 111 20.2 NA
"44" "44" 1984-02-04 22.62 "KCK" "" "DEN" "W" 7 0 30 0.504 0.462 24.6 32 27.8 0 1.6 0 12.6 20.8 113 94 13.1 NA
"45" "45" 1984-02-07 22.63 "KCK" "" "MIL" "L" -2 0 20 0.709 0.667 18.5 27.6 23.3 7.7 0 6 27.9 23.5 109 102 8.7 NA
"46" "46" 1984-02-08 22.63 "KCK" "@" "SAS" "W" 8 0 25 0.129 0 0 40.4 17.5 8 1.8 0 20.5 7.8 43 100 0.3 NA
"47" "47" 1984-02-10 22.64 "KCK" "@" "DAL" "L" -19 0 25 0.678 0.667 8.3 9.1 8.7 7.3 2.1 4.1 8.8 20.1 127 121 12.6 NA
"48" "48" 1984-02-11 22.64 "KCK" "" "WSB" "W" 3 0 21 0.6 0.6 10.9 47.1 27.1 7.6 0 6.5 28.6 15.1 94 88 5.3 NA
"49" "49" 1984-02-14 22.65 "KCK" "" "NYK" "L" -6 0 20 0.47 0.25 0 29.1 14.5 0 0 3.3 27.3 16.1 72 108 0.5 NA
"50" "50" 1984-02-16 22.65 "KCK" "" "UTA" "W" 22 1 23 0.222 0.222 10.7 23.2 17.4 9.5 1.9 8.1 30.8 22.5 50 85 -0.5 NA
"51" "51" 1984-02-18 22.66 "KCK" "" "ATL" "W" 5 1 34 0.779 0.8 16.8 39.9 28.9 13.8 0 7.4 24.7 20.4 120 100 21.1 NA
"52" "52" 1984-02-21 22.67 "KCK" "" "DET" "W" 7 1 21 0.333 0.333 5.1 9.3 7.3 0 0 8 35.7 25.3 46 98 -2.7 NA
"53" "53" 1984-02-23 22.67 "KCK" "" "PHO" "L" -12 1 23 0.425 0.4 0 11 5.4 7.5 0 2.4 25.4 15.2 65 112 0.3 NA
"54" "54" 1984-02-25 22.68 "KCK" "@" "DEN" "L" -12 0 29 0.436 0.5 4.7 16.6 10.2 0 0 3.6 36.8 14.1 58 134 0 NA
"55" "55" 1984-02-28 22.68 "KCK" "" "CLE" "W" 5 0 28 0.595 0.5 15.9 25.4 21.6 14.9 5.2 1.9 14.5 21.4 122 101 15 NA
"56" "56" 1984-03-01 22.69 "KCK" "@" "HOU" "W" 7 0 14 0.421 0.429 8.6 39.9 24.8 0 0 7.9 19.4 31 72 93 2.9 NA
"57" "57" 1984-03-02 22.69 "KCK" "@" "DAL" "L" -14 0 21 0.387 0.333 6.5 32.7 19.6 14.9 0 2.7 20.5 11.1 88 110 3 NA
"58" "58" 1984-03-03 22.7 "KCK" "" "DAL" "W" 2 0 21 0.705 0.625 32.7 38.9 36 7.7 0 5.6 27.3 27.9 115 94 13.7 NA
"59" "59" 1984-03-06 22.7 "KCK" "" "POR" "W" 18 0 23 0.587 0.545 22 40 31.9 0 0 2.3 12.8 27.5 113 92 12.5 NA
"60" "60" 1984-03-08 22.71 "KCK" "" "CHI" "W" 5 0 29 0.6 0.6 14.2 30.1 21.9 5.7 3.2 3.8 0 22.1 126 100 17.5 NA
"61" "61" 1984-03-11 22.72 "KCK" "" "GSW" "L" -6 0 31 0.49 0.429 21.1 34 27.3 8.9 1.5 1.9 16.4 23.1 105 107 13.4 NA
"62" "62" 1984-03-14 22.73 "KCK" "@" "ATL" "W" 8 0 29 0.721 0.643 28.8 18 23.4 0 0 5.8 5.7 25.8 155 97 24.4 NA
"63" "63" 1984-03-15 22.73 "KCK" "@" "IND" "W" 1 0 32 0.51 0.5 18.3 34.3 25.7 8.2 1.6 3.8 14.5 18.2 109 107 13.1 NA
"64" "64" 1984-03-17 22.73 "KCK" "@" "NYK" "L" -14 0 18 0.25 0.25 7.8 14.8 11.4 6.5 2.5 0 33.3 13.8 52 115 -1.4 NA
"65" "65" 1984-03-18 22.74 "KCK" "@" "CLE" "W" 11 0 30 0.344 0.364 7.3 40 22 4.4 0 6.4 17.1 25.8 66 92 3 NA
"66" "66" 1984-03-20 22.74 "KCK" "@" "HOU" "W" 13 0 22 0.387 0.333 21 34.9 27.8 6.3 6.1 14.4 7.9 21.5 97 72 13.5 NA
"67" "67" 1984-03-21 22.75 "KCK" "" "LAL" "L" -7 0 22 0.486 0.5 22.3 44.9 31.5 12.8 2 0 15 22.2 101 106 10 NA
"68" "68" 1984-03-23 22.75 "KCK" "@" "DEN" "L" -10 0 24 0.375 0.375 15.4 12.8 14.1 9.5 1.8 0 27.3 16.1 79 115 2.7 NA
"69" "69" 1984-03-24 22.75 "KCK" "" "SAS" "W" 7 0 24 0.5 0.5 15 11.4 13.3 20 0 4.9 16.7 19.4 110 112 8.7 NA
"70" "70" 1984-03-27 22.76 "KCK" "@" "UTA" "L" -4 0 31 0.478 0.333 10.3 18.4 14.2 4.3 4.7 1.9 12 10.7 115 103 9 NA
"71" "71" 1984-03-28 22.76 "KCK" "@" "SEA" "L" -17 0 17 0.735 0.667 0 34.2 14.1 0 0 3.4 29.6 16.7 100 116 3.6 NA
"72" "72" 1984-03-29 22.77 "KCK" "@" "POR" "L" -7 0 24 0.4 0.4 15.1 6.7 12 0 2 4.9 23.1 20.1 81 117 3.1 NA
"73" "73" 1984-03-31 22.77 "KCK" "" "UTA" "W" 2 1 23 0.818 0.818 9.9 22 15.7 0 2.1 7.8 21.4 23.8 119 99 14.6 NA
"74" "74" 1984-04-03 22.78 "KCK" "@" "PHO" "L" -4 1 17 0.291 0.167 12 7.4 10 7 2.7 3.7 0 16.1 90 106 3.5 NA
"75" "75" 1984-04-04 22.78 "KCK" "@" "SDC" "W" 5 1 30 0.398 0.4 11.7 19.4 15.1 11.8 1.6 1.9 15 18 90 113 6.3 NA
"76" "76" 1984-04-06 22.79 "KCK" "@" "LAL" "L" -15 1 22 0.581 0.5 13.1 26 19 6.7 2.1 8 30.4 17.4 92 97 7 NA
"77" "77" 1984-04-07 22.79 "KCK" "@" "GSW" "L" -9 1 25 0.585 0.5 4.9 4 4.4 0 4 2.3 0 21.7 128 100 10.9 NA
"78" "78" 1984-04-10 22.8 "KCK" "" "SEA" "L" -12 1 34 0.463 0.455 17.2 26.7 21.7 8.6 0 1.5 14.4 17.7 103 123 8.6 NA
"79" "79" 1984-04-12 22.81 "KCK" "" "SAS" "W" 12 1 30 0.482 0.273 24.2 27.7 25.9 9.1 0 1.7 17.1 21.1 109 92 13.3 NA
"80" "80" 1984-04-14 22.81 "KCK" "" "HOU" "W" 12 1 35 0.511 0.556 18.5 28.7 23.1 0 2.7 6.4 31.7 17 81 87 12.1 NA
"1" "1" 1984-10-27 23.35 "KCK" "" "POR" "L" -21 1 30 0.282 0.25 10.4 30.3 19.3 9 0 3.4 10.1 24.4 72 126 2.6 -11.3
"2" "2" 1984-10-30 23.35 "KCK" "" "CHI" "L" -5 1 21 0.5 0.5 0 19.6 9.5 12.1 2.3 6 50 8.2 66 103 1.7 -2.3
"3" "3" 1984-11-01 23.36 "KCK" "" "HOU" "L" -3 1 36 0.556 0.4 6.8 21.6 14 8.5 6.7 1.6 21.7 10.5 105 98 12 4.7
"4" "4" 1984-11-03 23.36 "KCK" "" "DEN" "L" -14 0 26 0.699 0.667 8.6 31.5 19.8 5 1.9 2 38.3 15.2 92 117 7.1 -2
"5" "5" 1984-11-06 23.37 "KCK" "@" "HOU" "L" -14 0 24 0.478 0.5 22.7 18.6 20.7 6.9 2 9 0 12.7 121 101 10.8 3.6
"6" "6" 1984-11-09 23.38 "KCK" "@" "NJN" "W" 2 0 25 0.592 0.625 4.2 11.1 7.8 6.8 3.7 2.1 19.2 17.3 100 92 8.2 3.9
"7" "7" 1984-11-10 23.38 "KCK" "@" "NYK" "L" -13 0 14 1 1 15.6 47.8 31.5 0 0 4 62.5 22.1 64 100 2.8 -6.6
"8" "8" 1984-11-16 23.4 "KCK" "@" "LAL" "L" -12 1 26 0.41 0.375 11.3 42.6 22.2 4.1 0 0 0 14.3 108 122 5.4 -6.8
"9" "9" 1984-11-17 23.4 "KCK" "@" "LAC" "L" -8 1 33 0.542 0.538 29.8 28.4 29.1 4.3 0 3 11.9 19.4 120 115 16.1 -0.8
"10" "10" 1984-11-20 23.41 "KCK" "" "UTA" "W" 7 1 33 0.59 0.571 7.3 32.7 21.2 7.4 3.8 0 23.9 18 100 94 12.8 2.9
"11" "11" 1984-11-21 23.41 "KCK" "@" "WSB" "L" -5 1 36 0.333 0.333 6.7 44.4 25.3 3.8 0 1.7 40 16 47 86 0 -8.1
"12" "12" 1984-11-23 23.42 "KCK" "@" "IND" "W" 17 1 28 0.767 0.75 12.2 40.7 28.9 9.6 3.2 7.3 21.3 19.4 126 78 20.9 11.7
"13" "13" 1984-11-24 23.42 "KCK" "" "BOS" "L" -11 1 35 0.684 0.571 11.7 29 20.8 0 2.5 1.3 15.4 14.1 130 114 16.1 1.8
"14" "14" 1984-11-27 23.43 "KCK" "@" "SEA" "L" -8 1 36 0.476 0.5 27.4 26 26.7 5 5.3 1.7 11.3 19.2 100 91 16.2 4.9
"15" "15" 1984-11-29 23.44 "KCK" "@" "GSW" "L" -3 1 33 0.571 0.571 0 21.2 12 3.8 0 6.1 36.4 13.6 70 103 4.7 -4.5
"16" "16" 1984-11-30 23.44 "KCK" "@" "LAL" "L" -9 1 29 0.425 0.4 23.6 40.4 31.9 4.1 3 6.8 18.5 27.8 90 105 12.4 -3.8
"17" "17" 1984-12-05 23.45 "KCK" "" "ATL" "W" 21 1 35 0.501 0.3 16.3 25.5 21 10.3 1.3 3.3 12.5 17.1 122 91 15 4
"18" "18" 1984-12-07 23.46 "KCK" "@" "PHO" "L" -8 1 35 0.659 0.647 21.5 27.4 23.9 5.1 3.8 1.7 10.3 21.4 131 106 23.6 7.5
"19" "19" 1984-12-09 23.46 "KCK" "@" "UTA" "L" -3 1 34 0.47 0.333 9.7 25.3 16 12.7 2.5 7.1 5.9 16.7 118 100 16.6 5.1
"20" "20" 1984-12-11 23.47 "KCK" "" "SAS" "W" 1 1 20 0.644 0.5 16 17.1 16.6 6.9 4.4 0 27.9 20 110 104 7.7 1.5
"21" "21" 1984-12-12 23.47 "KCK" "@" "DAL" "L" -9 1 31 0.726 0.7 11.3 28.2 20 4.5 0 3.4 13.3 20.3 132 113 17.4 5.2
"22" "22" 1984-12-14 23.48 "KCK" "@" "DEN" "W" 6 1 33 0.676 0.625 8.3 41.6 26.4 12.2 2.5 4.7 18.4 12.9 121 92 15.6 7.4
"23" "23" 1984-12-15 23.48 "KCK" "" "SEA" "W" 5 1 28 0.694 0.667 15.1 13.5 14.3 5.3 3.5 0 25.8 17 115 102 8.9 1
"24" "24" 1984-12-18 23.49 "KCK" "" "PHO" "W" 11 1 32 0.523 0.429 6.7 26.5 17.2 7.6 0 1.7 16 14.8 106 105 9.5 -2.5
"25" "25" 1984-12-20 23.49 "KCK" "@" "POR" "W" 5 1 27 0.742 0.714 12.7 14.5 13.7 4.8 1.8 3.9 0 12.8 166 107 13.7 6.8
"26" "26" 1984-12-22 23.5 "KCK" "" "DET" "W" 6 1 36 0.81 0.778 7.8 23.2 16.7 6.3 0 0 23.3 13.2 124 109 13.9 2.6
"27" "27" 1984-12-26 23.51 "KCK" "@" "UTA" "L" -11 1 35 0.46 0.5 10 44.7 27.8 3.8 0 6 26.9 15.8 80 113 8.8 -3.1
"28" "28" 1984-12-27 23.51 "KCK" "" "HOU" "W" 4 1 37 0.509 0.455 14.1 16.9 15.5 5.1 5.4 1.6 28.2 20.2 85 88 11.4 -0.4
"29" "29" 1984-12-29 23.52 "KCK" "" "IND" "L" -8 1 34 0.821 0.714 12 38.5 24.8 22.8 2.6 5 21.5 15.3 139 100 23.7 11.7
"30" "30" 1985-01-02 23.53 "KCK" "" "PHO" "L" -8 1 35 0.538 0.5 14.6 18.3 16.4 8 0 3.1 11.8 17.1 119 111 13.1 0.5
"31" "31" 1985-01-04 23.53 "KCK" "" "LAC" "W" 20 1 31 0.429 0.429 6.2 18 11.7 6.7 7.5 1.8 22.2 10.7 90 96 8.3 -0.8
"32" "32" 1985-01-05 23.54 "KCK" "@" "DAL" "L" -28 1 33 0.425 0.4 3.5 40.4 20.5 7.1 0 3.4 40.5 12.4 62 126 3.2 -7.7
"33" "33" 1985-01-07 23.54 "KCK" "" "GSW" "W" 9 1 37 0.612 0.615 10 32.4 22.4 4.2 2.4 3.1 22.4 19.1 95 86 15.3 2.2
"34" "34" 1985-01-08 23.55 "KCK" "@" "HOU" "L" -2 1 30 0.5 0.5 4.2 27.2 16.9 12.4 3.1 4.8 20 13.5 97 99 9.7 2.6
"35" "35" 1985-01-10 23.55 "KCK" "" "DAL" "L" -7 1 36 0.854 0.833 9.4 25.5 17.8 0 0 0 43.7 13.1 90 114 7 -5.4
"36" "36" 1985-01-11 23.55 "KCK" "@" "DEN" "L" -22 1 31 0.444 0.444 8.6 29.8 21.1 16.8 0 4.4 25 14.6 87 119 8.8 -1.9
"37" "37" 1985-01-13 23.56 "KCK" "@" "SEA" "L" -5 1 33 0.528 0.545 3.3 23.6 12.6 3.8 1.4 1.9 7.5 16.1 101 112 8.8 -2.9
"38" "38" 1985-01-15 23.56 "KCK" "" "CLE" "L" -4 1 38 0.644 0.556 10 25.3 18.7 7.1 0 1.3 14.7 15 121 108 14.3 -0.1
"39" "39" 1985-01-17 23.57 "KCK" "" "SAS" "L" -11 1 26 0.5 0.5 8.8 5.8 7.5 0 0 0 0 17.5 112 134 6.1 -9.8
"40" "40" 1985-01-19 23.58 "KCK" "" "WSB" "W" 5 1 24 0.455 0.455 30.4 25.9 28 0 2 0 15.4 22.5 98 93 8.7 -3.6
"41" "41" 1985-01-22 23.58 "KCK" "@" "SAS" "L" -4 1 29 0.564 0.5 3.7 20.7 12.5 9.6 0 0 17 17.1 103 115 7.3 -3.7
"42" "42" 1985-01-24 23.59 "KCK" "" "MIL" "L" -1 1 28 0.694 0.5 8.8 17.9 13.8 0 0 1.9 14.8 9.4 139 116 7 -1.4
"43" "43" 1985-01-26 23.59 "KCK" "" "GSW" "W" 9 1 19 0.75 0.75 18 37 27.4 6.9 2.4 6.2 20 10.6 133 94 8.4 4.2
"44" "44" 1985-01-29 23.6 "KCK" "@" "CHI" "L" -6 1 36 0.571 0.571 12.1 29.2 19.3 10.9 2.8 6.9 20.2 11.7 110 98 13.5 5.3
"45" "45" 1985-01-30 23.61 "KCK" "@" "DET" "L" -4 1 39 0.475 0.4 18.9 26.8 23.2 2.9 0 2.6 7.3 13.9 115 110 12.1 -1.3
"46" "46" 1985-02-01 23.61 "KCK" "@" "BOS" "L" -19 1 31 0.605 0.571 12.6 26.5 18.4 6.5 2.7 1.7 28.7 12 104 121 10.2 0
"47" "47" 1985-02-02 23.61 "KCK" "@" "CLE" "L" -18 1 29 0.457 0.286 7.9 29 18.2 9.8 0 3.7 10.2 13.6 110 120 7.2 -2.8
"48" "48" 1985-02-05 23.62 "KCK" "" "SAS" "W" 19 1 23 0.5 0.5 7.2 29.8 20.6 8.9 0 2.5 71.4 12.1 46 109 -1.4 -10.3
"49" "49" 1985-02-07 23.63 "KCK" "" "UTA" "L" -18 1 39 0.5 0.5 7.7 36 20.7 7.8 1.3 0 17.6 18.4 92 112 10.5 -2.8
"50" "50" 1985-02-12 23.64 "KCK" "@" "SAS" "L" -18 1 29 0.571 0.571 3.4 21.8 11.5 0 0 3.6 30 13.3 78 117 4.1 -8
"51" "51" 1985-02-14 23.65 "KCK" "" "DEN" "L" -15 1 28 0.509 0.5 4.6 20.4 13 11.2 3 6.5 12.7 10.7 107 113 9.7 2
"52" "52" 1985-02-16 23.65 "KCK" "@" "SEA" "W" 5 1 23 0.652 0.625 14.9 33.8 23.8 0 0 2.7 10.6 15.8 128 103 9 -0.3
"53" "53" 1985-02-17 23.65 "KCK" "@" "POR" "L" -19 1 32 0.454 0.308 20.5 26.9 23.5 14.5 1.5 3.8 15.4 24 101 107 13.3 1.8
"54" "54" 1985-02-19 23.66 "KCK" "" "POR" "W" 20 1 30 0.498 0.5 22.9 28 25.2 16.9 7.6 8 14.9 25.4 106 73 21.8 12.1
"55" "55" 1985-02-21 23.67 "KCK" "" "LAL" "L" -6 1 30 0.574 0.5 24 18.6 21.2 4.3 8.1 1.8 29.1 22 98 109 13.7 -1.3
"56" "56" 1985-02-23 23.67 "KCK" "" "DAL" "L" -23 1 22 0.336 0.286 13.1 41.3 25.1 18.9 0 2.6 28.7 19.2 71 115 3.7 -7.8
"57" "57" 1985-02-26 23.68 "KCK" "" "PHO" "W" 7 1 26 0.5 0.5 0 31.5 16.4 4.2 1.8 2.4 33.3 4.7 74 93 2.9 -3
"58" "58" 1985-02-28 23.68 "KCK" "" "PHI" "L" -8 1 17 0.906 1 7.2 29 18.1 6.7 2.8 3.1 35.2 20.3 118 116 7.9 2.1
"59" "59" 1985-03-02 23.69 "KCK" "@" "PHO" "L" -3 1 29 0.45 0.375 9.9 40.5 24.4 8.5 1.5 0 36 18.3 73 99 4.4 -5.9
"60" "60" 1985-03-03 23.69 "KCK" "@" "LAC" "W" 4 1 39 0.509 0.545 10.1 17.7 13.6 8.9 1.2 0 7.3 14.2 112 105 11.6 -0.4
"61" "61" 1985-03-05 23.7 "KCK" "" "NJN" "W" 21 1 39 0.694 0.538 17.6 16.4 16.8 2.8 0 2.3 9.7 20.3 149 106 24.1 3.4
"62" "62" 1985-03-07 23.7 "KCK" "" "DEN" "W" 2 1 22 1.083 1 25.2 36.4 32.7 22 0 2.2 44.1 15.5 137 117 13.4 8.7
"63" "63" 1985-03-08 23.71 "KCK" "@" "MIL" "L" -13 1 34 0.752 0.75 3.6 18.2 10.1 9 1.4 1.7 15.8 15.6 128 122 13.8 3.6
"64" "64" 1985-03-10 23.71 "KCK" "" "LAC" "W" 18 1 31 0.82 0.75 13.3 20.6 17.4 10.9 6 4.5 23.5 17.1 135 95 19.6 8.8
"65" "65" 1985-03-12 23.72 "KCK" "" "POR" "W" 6 1 34 0.513 0.455 25.3 36.3 30.5 3.4 3 1.8 6.8 18.3 128 111 15.9 -0.7
"66" "66" 1985-03-13 23.72 "KCK" "@" "DAL" "L" -18 1 35 0.465 0.444 20.9 25.7 22.9 11.6 0 3.6 8.5 14.4 115 121 13.3 0.2
"67" "67" 1985-03-15 23.73 "KCK" "@" "UTA" "L" -3 1 36 0.435 0.4 19.5 16.7 18.1 0 4.1 3.2 13.7 16.5 100 109 11.3 -2
"68" "68" 1985-03-17 23.73 "KCK" "" "UTA" "W" 6 1 24 0.579 0.556 5.4 36 23 6.5 0 4.6 18.8 26.6 98 91 9.6 -1.8
"69" "69" 1985-03-20 23.74 "KCK" "@" "PHI" "W" 1 1 15 0.68 0.6 17.2 62.8 41.1 20 0 0 0 17.6 160 105 9.7 10.7
"70" "70" 1985-03-22 23.75 "KCK" "@" "ATL" "W" 19 1 34 0.81 0.833 14.1 29.4 23.5 0 1.5 5 18.8 14.5 136 98 16.4 6.7
"71" "71" 1985-03-23 23.75 "KCK" "" "NYK" "W" 8 1 36 0.553 0.6 10.3 23.7 17.5 7.2 1.4 0 7.8 15.1 117 104 11.5 0.6
"72" "72" 1985-03-25 23.75 "KCK" "" "SEA" "W" 15 1 16 0.532 0 13.6 20.9 17.2 0 3 3.4 34.7 7.3 105 99 2.3 -8.5
"73" "73" 1985-03-26 23.76 "KCK" "@" "HOU" "L" -22 1 23 0.505 0.455 28.1 27.5 27.8 7.3 2.2 0 14.4 25.3 107 115 12 0.2
"74" "74" 1985-03-28 23.76 "KCK" "@" "DEN" "L" -18 1 32 0.53 0.5 22.6 27 24.8 12.7 1.3 7.3 13.7 23.8 112 108 21.7 6.8
"75" "75" 1985-03-30 23.77 "KCK" "" "GSW" "W" 16 1 29 0.698 0.714 9.2 31 19.5 7.7 0 1.9 38.8 17.8 88 112 5.6 -8.1
"76" "76" 1985-04-03 23.78 "KCK" "@" "LAC" "L" -2 1 34 0.875 0.875 9.8 19.6 14.3 6.5 0 3.4 20 12.1 142 122 14.4 2.2
"77" "77" 1985-04-05 23.78 "KCK" "@" "LAL" "L" -7 1 19 0.816 0.778 7 9 7.9 14.7 2.3 0 7.9 27 154 123 15.5 7.9
"78" "78" 1985-04-06 23.79 "KCK" "@" "GSW" "L" -16 1 26 0.581 0.5 9.2 5.3 7.4 4 3.6 2.3 36.8 16.6 83 136 4.1 -7.6
"79" "79" 1985-04-09 23.79 "KCK" "" "DAL" "W" 12 1 33 0.847 0.75 19.7 23.7 21.8 0 2.9 3.7 7.5 16.7 171 97 23.4 11.5
"80" "80" 1985-04-11 23.8 "KCK" "" "HOU" "L" -2 1 31 0.501 0.364 22.1 13.8 17.4 3.6 2.9 1.6 16.7 23 106 113 10.8 -7
"81" "81" 1985-04-12 23.8 "KCK" "@" "SAS" "L" -5 0 29 0.588 0.545 21.8 18 19.7 4.7 0 0 0 18.5 137 118 13 -1.2
"82" "82" 1985-04-14 23.81 "KCK" "" "LAL" "L" -6 1 32 0.828 0.75 12.9 24 19.4 6.9 0 3.1 54.6 17.6 81 106 6.3 -5.5
"1" "1" 1985-10-25 24.34 "SAC" "" "LAC" "L" -4 1 28 0.517 0.5 10.1 44 24.8 10.7 0 0 22 18.6 96 101 7.3 -1.2
"2" "2" 1985-10-26 24.34 "SAC" "@" "DEN" "L" -11 1 21 0.694 0.5 0 17.3 10.5 5.7 4.2 2.3 46.5 20.1 80 106 4.8 -2.5
"3" "3" 1985-10-31 24.36 "SAC" "" "HOU" "W" 6 0 29 0.716 0.733 19.1 20.3 19.7 0 0 0 15.2 24.1 121 101 18 2.3
"4" "4" 1985-11-02 24.36 "SAC" "@" "DAL" "L" -6 0 27 0.667 0.667 4.1 30.4 16.9 4 0 4.2 14.3 10.2 116 110 7.3 -3.6
"5" "5" 1985-11-07 24.38 "SAC" "" "CLE" "L" -1 0 18 0.451 0.333 5.8 34.2 18.8 0 0 3.5 0 16.9 109 90 5.7 0.8
"6" "6" 1985-11-09 24.38 "SAC" "" "SEA" "W" 5 0 24 0.579 0.333 21.1 16.7 18.9 8 0 0 18.8 28.6 114 99 9.7 -0.1
"7" "7" 1985-11-10 24.38 "SAC" "@" "GSW" "L" -6 0 25 0.73 0.667 20.4 26.7 23.1 0 1.9 2.5 14.7 21.2 137 111 15.4 4.1
"8" "8" 1985-11-12 24.39 "SAC" "@" "POR" "L" -11 0 30 0.379 0.364 14.2 30.2 22.9 8.5 0 5.3 14.4 17.6 92 114 8.6 -3.9
"9" "9" 1985-11-14 24.39 "SAC" "" "GSW" "W" 9 0 29 0.533 0.533 18.4 18.7 18.6 0 0 0 11.8 23.4 106 101 10 -3.6
"10" "10" 1985-11-16 24.4 "SAC" "" "UTA" "L" -4 0 31 0.505 0.545 18.4 31 24.9 5.6 4.7 4 7.8 17.5 106 89 14.2 5
"11" "11" 1985-11-19 24.41 "SAC" "@" "SAS" "W" 4 0 35 0.344 0.333 15.7 41.1 29.3 16.2 1.4 7 20.5 17.5 81 90 10.1 1.3
"12" "12" 1985-11-21 24.41 "SAC" "" "MIL" "L" -34 0 21 0.376 0.375 10.4 24.1 16.7 7.6 0 4.9 15.8 24.4 74 119 3.5 -8.2
"13" "13" 1985-11-23 24.42 "SAC" "@" "DEN" "L" -4 0 27 0.574 0.5 18.9 34.2 26.9 9.1 0 1.9 15 18.8 120 106 12.2 1
"14" "14" 1985-11-24 24.42 "SAC" "" "NJN" "L" -15 0 17 0.681 0.4 0 9.4 3.3 19.9 0 3.7 28 29.1 107 111 7.3 0.9
"15" "15" 1985-11-26 24.43 "SAC" "" "PHO" "W" 4 1 34 0.574 0.5 15.7 22.9 19.3 17.1 0 1.6 15 16.8 122 111 12.1 0.3
"16" "16" 1985-11-29 24.44 "SAC" "@" "DAL" "L" -22 1 25 0.51 0.4 8.3 21.3 14 9.3 3.5 2.3 14.5 10.6 110 117 7.8 -0.8
"17" "17" 1985-11-30 24.44 "SAC" "@" "HOU" "L" -17 1 10 0.8 0.8 25.3 0 12.3 20.2 4.8 11.2 0 20.6 168 121 10.6 23.6
"18" "18" 1985-12-07 24.46 "SAC" "@" "DET" "W" 10 0 22 0.6 0.6 0 22.6 12.2 6 2 6.8 28.6 11.3 88 92 5.3 0.1
"19" "19" 1985-12-08 24.46 "SAC" "@" "WSB" "L" -22 0 12 0.5 0.5 9.3 0 5.3 36.4 0 0 60 17.5 64 120 0.4 -5.1
"20" "20" 1985-12-10 24.47 "SAC" "@" "NJN" "L" -6 0 18 0.266 0 6.8 6.7 6.8 6.7 2.6 0 61.5 11.3 41 102 -2.4 -10.8
"21" "21" 1985-12-11 24.47 "SAC" "@" "BOS" "L" -17 0 18 0.509 0.5 12.7 26.7 19.5 0 2.5 0 12.7 17.9 99 108 5.4 -3.6
"22" "22" 1985-12-14 24.48 "SAC" "@" "CHI" "W" 5 1 38 0.651 0.75 22.5 20.5 21.6 10.7 1.3 3.3 8 12.9 136 105 19.5 8
"23" "23" 1985-12-15 24.48 "SAC" "@" "MIL" "L" -58 1 19 0.174 0 0 21.1 7.3 0 0 3.2 63.5 16.2 13 138 -4.9 -21
"24" "24" 1985-12-17 24.48 "SAC" "" "DET" "W" 11 1 35 0.8 0.818 6.9 20.4 14.2 10.9 2.5 1.5 14.4 15.7 136 107 19.2 6.3
"25" "25" 1985-12-19 24.49 "SAC" "@" "PHO" "L" -1 1 27 0.387 0.167 4.8 22.2 13.9 9.6 1.7 2.2 43.6 20.5 57 102 -0.5 -12.2
"26" "26" 1985-12-21 24.5 "SAC" "" "LAC" "L" -1 1 30 0.611 0.625 13 20.5 16.8 14.1 0 2.1 15.8 18.2 118 116 10.6 0
"27" "27" 1985-12-26 24.51 "SAC" "@" "GSW" "L" -10 1 21 0.644 0.5 30.5 20.3 24.4 5 0 0 11.4 18.6 143 134 8.3 -6.7
"28" "28" 1985-12-28 24.52 "SAC" "" "LAL" "L" -22 1 32 0.591 0.563 14 20.5 16.2 15.3 4.2 3.6 5.3 23.8 124 117 21.4 7.7
"29" "29" 1985-12-30 24.52 "SAC" "" "PHI" "L" -3 1 25 0.462 0.462 26.2 29.5 27.8 8.5 0 7.7 7.1 23.7 111 96 11.1 2
"30" "30" 1986-01-02 24.53 "SAC" "" "SAS" "W" 8 1 32 0.581 0.583 9.1 39.7 24.6 4.2 1.5 2.1 17.9 21.7 99 99 11.5 -2
"31" "31" 1986-01-04 24.53 "SAC" "" "DEN" "W" 5 1 36 0.429 0.429 6.2 23.5 15.6 22.9 0 1.5 30 22.6 74 100 6.8 -4.6
"32" "32" 1986-01-06 24.54 "SAC" "" "WSB" "W" 19 1 35 0.61 0.615 17.5 17.5 17.5 17.1 0 3.3 11.9 19.4 124 90 18.6 8.1
"33" "33" 1986-01-08 24.55 "SAC" "@" "IND" "W" 1 1 39 0.421 0.4 14.2 45 27.8 12.5 2.5 1.8 20.6 20.3 83 80 13.2 2.4
"34" "34" 1986-01-10 24.55 "SAC" "@" "PHI" "L" -11 1 38 0.673 0.636 15.8 19.8 18 11.8 4.9 0 25.2 16.4 111 99 17.5 4.3
"35" "35" 1986-01-11 24.55 "SAC" "@" "CLE" "L" -4 1 38 0.603 0.571 13.7 31.6 22.5 16.9 2.7 0 0 17.3 142 106 20.7 10.1
"36" "36" 1986-01-13 24.56 "SAC" "@" "NYK" "L" -18 1 33 0.51 0.467 16.5 33.2 23.1 9.8 1.4 0 10.2 23.4 113 112 14.9 0.3
"37" "37" 1986-01-14 24.56 "SAC" "@" "ATL" "L" -11 1 26 0.484 0.308 22.6 36.1 29.1 17 4 2.1 5.7 28.8 123 104 18 9.6
"38" "38" 1986-01-17 24.57 "SAC" "@" "GSW" "W" 14 1 36 0.622 0.429 0 26.2 15.9 14.8 1.3 8.7 17.2 13.8 117 97 17.1 6.3
"39" "39" 1986-01-18 24.57 "SAC" "" "SEA" "W" 2 1 39 0.466 0.417 18.9 24.5 22.1 13.1 1.4 3.1 13.4 18.5 106 93 11.9 0.5
"40" "40" 1986-01-21 24.58 "SAC" "" "DAL" "W" 9 1 35 0.392 0.273 6.4 33.6 20.9 3.1 0 7.6 0 13.9 108 96 11.9 -0.8
"41" "41" 1986-01-23 24.59 "SAC" "@" "HOU" "L" -17 1 30 0.724 0.692 10.4 44 26 18 0 0 11.6 22.8 141 125 20 9.3
"42" "42" 1986-01-25 24.59 "SAC" "" "POR" "L" -4 1 23 0.506 0.444 19 17.9 18.6 14.7 0 0 23.3 19.1 109 122 6.4 -4.3
"43" "43" 1986-01-26 24.59 "SAC" "@" "POR" "W" 5 1 35 0.658 0.615 14.4 35.1 25.4 3.7 2.6 3.4 6.2 18 137 99 21.3 5.7
"44" "44" 1986-01-28 24.6 "SAC" "" "DEN" "W" 5 1 31 0.43 0.333 7.7 25.8 18.1 17.1 1.4 1.7 14.7 16.5 104 102 9.8 1.5
"45" "45" 1986-01-30 24.61 "SAC" "" "HOU" "L" -2 1 33 0.308 0.294 17.5 41 27.8 3.5 4.6 5 18.3 26.1 74 102 9.2 -8.8
"46" "46" 1986-01-31 24.61 "SAC" "@" "UTA" "L" -12 1 31 0.51 0.5 15 20.2 18.1 10.6 1.5 1.9 7.8 17.1 110 109 10.2 0.2
"47" "47" 1986-02-03 24.62 "SAC" "" "NYK" "W" 4 1 36 0.541 0.526 14.4 19.4 17.3 15.6 1.4 3 12.9 27.9 107 91 18.3 6.5
"48" "48" 1986-02-06 24.62 "SAC" "" "SEA" "W" 9 1 30 0.523 0.5 16 30.3 22.9 4.4 0 2.4 13.9 19.3 106 106 9.7 -3.7
"49" "49" 1986-02-11 24.64 "SAC" "" "BOS" "W" 5 1 36 0.777 0.7 14 13.6 13.7 4.3 2.7 1.4 6.9 17.2 154 96 21.4 9.7
"50" "50" 1986-02-13 24.64 "SAC" "" "ATL" "L" -9 1 28 0.568 0.545 17.6 32.7 25.4 17.9 0 0 23.3 24.4 102 114 10.2 -1.9
"51" "51" 1986-02-16 24.65 "SAC" "@" "SAS" "L" -19 1 34 0.45 0.375 5 20.7 11.6 3.9 1.3 0 25.3 13.1 77 101 4.3 -5.9
"52" "52" 1986-02-18 24.66 "SAC" "" "HOU" "W" 10 1 35 0.538 0.5 14.1 28.6 22.1 21.8 2.8 0 16.8 21.1 112 100 16.1 4.4
"53" "53" 1986-02-20 24.66 "SAC" "" "SAS" "W" 2 1 31 0.542 0.375 12.6 19.4 16 0 2.9 3.6 21.3 18.3 101 93 9.8 -3.5
"54" "54" 1986-02-21 24.67 "SAC" "@" "PHO" "W" 8 1 33 0.255 0.2 11.8 18.6 15.3 10 5.6 1.7 33.8 11.1 69 98 5.7 -2.6
"55" "55" 1986-02-23 24.67 "SAC" "" "GSW" "W" 3 1 29 0.618 0.6 19.5 22.4 21 3.8 1.6 0 26.1 21.8 103 120 8.6 -7.8
"56" "56" 1986-02-25 24.68 "SAC" "@" "SEA" "W" 2 1 34 0.875 0.875 3.9 36.1 21.4 0 2.9 3.3 27.3 14.7 108 92 14 4.1
"57" "57" 1986-02-28 24.68 "SAC" "" "IND" "W" 21 1 35 0.799 0.833 7.6 19.1 13.9 13.7 1.3 3.2 12.7 9.9 147 95 14.6 6.7
"58" "58" 1986-03-01 24.69 "SAC" "@" "UTA" "L" -16 1 26 0.524 0.545 11.5 29.1 19.3 6.9 0 2.4 8 19.6 106 107 9 -0.1
"59" "59" 1986-03-04 24.7 "SAC" "" "UTA" "W" 2 1 38 0.599 0.5 11 10.3 10.6 0 0 1.6 17.4 18.6 107 97 11.9 -1.8
"60" "60" 1986-03-06 24.7 "SAC" "@" "HOU" "L" -11 1 35 0.457 0.286 15.9 26.1 21 0 1.4 3.3 10.2 11.7 113 115 9.2 -5.4
"61" "61" 1986-03-08 24.71 "SAC" "@" "LAL" "L" -1 1 40 0.325 0.273 3 32.5 19 13.6 1.2 2.9 28.9 18.5 61 96 3.5 -5.5
"62" "62" 1986-03-09 24.71 "SAC" "" "DAL" "L" -15 1 26 0.509 0.5 4.7 15.4 9.8 4.6 1.8 2.3 30.4 16.9 76 112 3 -8
"63" "63" 1986-03-11 24.72 "SAC" "" "SAS" "W" 12 1 31 0.593 0.5 11.9 27.6 21.2 3.2 0 6.5 19.2 19.8 111 105 14 -2.6
"64" "64" 1986-03-12 24.72 "SAC" "@" "DAL" "W" 7 1 42 0.595 0.556 6.5 22.1 15.8 6.3 2.3 2.6 20.6 24.3 101 102 16.6 -1
"65" "65" 1986-03-14 24.72 "SAC" "@" "LAC" "L" -1 1 25 0.506 0.444 4.8 24.6 14.6 15 0 2.6 0 16.3 119 104 8.3 -0.6
"66" "66" 1986-03-16 24.73 "SAC" "@" "DEN" "L" -6 1 28 0.583 0.556 4.3 15.9 10.3 21.1 0 3.7 0 14.3 134 119 11.2 4.9
"67" "67" 1986-03-18 24.73 "SAC" "" "DEN" "W" 4 1 34 0.556 0.556 4 13.3 9.6 3.6 1.4 2.6 10 13.1 106 112 9.6 -0.5
"68" "68" 1986-03-19 24.74 "SAC" "@" "PHO" "L" -4 1 27 0.579 0.5 10.5 44.4 26.9 14.2 3.4 4.7 18.8 17.3 110 94 11.9 6
"69" "69" 1986-03-22 24.75 "SAC" "" "LAL" "L" -2 1 39 0.492 0.364 16.2 16.6 16.4 16.6 1.3 0 23.3 19.2 103 119 11.6 0
"70" "70" 1986-03-23 24.75 "SAC" "@" "POR" "L" -10 1 32 0.666 0.727 0 7.3 3.4 27.3 0 3.4 0 16.8 140 112 15.5 7.6
"71" "71" 1986-03-25 24.75 "SAC" "" "POR" "W" 17 1 29 0.75 0.75 16 28.1 23.6 4.1 3 3.7 20 13.9 121 83 14.9 6.7
"72" "72" 1986-03-27 24.76 "SAC" "@" "SEA" "W" 2 1 44 0.558 0.538 8.2 12.4 10.4 13.1 3.4 2.7 6.9 14.5 116 100 16.9 3.3
"73" "73" 1986-03-29 24.76 "SAC" "" "LAC" "L" -9 1 34 0.492 0.474 24 15.3 20.4 12.3 0 5 9 26.2 117 119 18.4 1
"74" "74" 1986-04-01 24.77 "SAC" "@" "SAS" "W" 10 1 23 0.583 0.556 9.5 19 14.2 0 0 2.4 29.8 23.5 82 96 5.2 -6.3
"75" "75" 1986-04-03 24.78 "SAC" "@" "LAL" "L" -30 1 23 0.58 0.556 7.9 31.3 18 6.4 1.9 2.5 8.2 20.5 111 118 11.7 0.8
"76" "76" 1986-04-05 24.78 "SAC" "" "PHO" "W" 19 1 31 0.799 0.75 7.6 6 6.9 8.7 0 2.2 32 20.5 109 104 10.6 -2.8
"77" "77" 1986-04-07 24.79 "SAC" "" "DAL" "W" 7 1 27 0.709 0.667 4.7 32.3 19.5 4.6 0 2.3 0 16 153 114 14.2 4.4
"78" "78" 1986-04-09 24.79 "SAC" "@" "UTA" "W" 5 1 21 0.5 0.5 4.8 18.7 11.8 5.8 0 5.4 33.3 17.1 74 106 2 -8.9
"79" "79" 1986-04-10 24.8 "SAC" "" "UTA" "L" -11 1 28 0.652 0.643 26.7 15.2 21 14 1.6 2.1 5.2 27 138 112 22.4 9.9
"80" "80" 1986-04-12 24.8 "SAC" "" "LAL" "L" -13 1 35 0.574 0.6 12.5 14.4 13.3 39.1 0 0 18.7 29 100 104 17 5
"1" "1" 1986-10-31 25.36 "SAC" "" "LAC" "W" 1 1 34 0.463 0.455 11.1 35.3 24.6 4.3 2.8 4.9 14.4 15.7 102 94 11.8 0.8
"2" "2" 1986-11-01 25.36 "SAC" "@" "SEA" "L" -11 1 32 0.465 0.444 8.2 16.3 11.9 14.1 1.4 3.1 8.5 14.4 104 106 9.6 -0.5
"3" "3" 1986-11-04 25.37 "SAC" "" "HOU" "L" -16 1 27 0.168 0.182 25.4 21.2 23.3 0 1.8 4.4 33.6 27 38 96 -2.4 -15.9
"4" "4" 1986-11-06 25.37 "SAC" "" "NYK" "L" -11 1 29 0.508 0.429 6.5 20.7 12.7 5.5 1.7 9.3 27.6 14.5 85 102 7.1 -2.1
"5" "5" 1986-11-08 25.38 "SAC" "@" "HOU" "L" -12 1 29 0.538 0.444 7.9 10.8 9.4 5.4 5 0 14.2 20.1 103 98 10.3 1.5
"6" "6" 1986-11-11 25.39 "SAC" "" "CLE" "W" 5 1 36 0.482 0.364 21.4 30.8 25.3 10.1 2.5 8.9 12.1 16.3 119 100 19.7 3.6
"7" "7" 1986-11-12 25.39 "SAC" "@" "DEN" "W" 2 1 30 0.595 0.5 9.1 13.9 11.9 9.1 0 0 33.8 24.3 86 109 6.2 -6.7
"8" "8" 1986-11-16 25.4 "SAC" "@" "LAL" "L" -2 1 17 0.381 0.286 13.4 6.4 9.8 7 2.7 0 20.2 23.6 81 110 1.7 -11.5
"9" "9" 1986-11-18 25.41 "SAC" "@" "SEA" "L" -14 1 24 0.563 0.583 9.3 20.5 14.6 14.8 1.9 0 13.9 24.9 100 110 8.6 -2.5
"10" "10" 1986-11-20 25.41 "SAC" "" "IND" "W" 9 1 25 0.333 0.333 8.2 25.4 17.3 6.6 0 4.8 40 16.8 52 80 0.2 -9.6
"11" "11" 1986-11-22 25.42 "SAC" "" "MIL" "L" -8 1 26 0.393 0.364 12.6 24.6 18.7 5.5 1.8 4.3 14.9 19.9 89 100 6.3 -2.3
"12" "12" 1986-11-25 25.42 "SAC" "" "PHO" "W" 21 1 29 0.676 0.625 20.7 26.3 24 24.4 0 3.6 10.1 13.7 151 96 16.3 11.3
"13" "13" 1986-11-26 25.43 "SAC" "@" "DAL" "L" -12 1 40 0.81 0.778 0 23.1 13 6.4 0 2.5 16.8 12.1 131 121 14.3 1.7
"14" "14" 1986-11-28 25.43 "SAC" "" "GSW" "L" -6 1 25 0.444 0.333 9.1 10.4 9.7 26.2 2.1 5.2 12 28.1 102 109 9.8 2.4
"15" "15" 1986-11-30 25.44 "SAC" "" "ATL" "L" -4 0 25 0.509 0.5 9.1 21.9 15 5.4 4.1 0 0 11.1 131 113 7.3 1.3
"16" "16" 1986-12-02 25.44 "SAC" "" "DAL" "L" -3 0 42 0.694 0.684 19.5 25.4 22.6 6.2 1.1 0 17.1 21.6 130 121 24.4 3.2
"17" "17" 1986-12-04 25.45 "SAC" "" "POR" "L" -4 1 36 0.45 0.429 13.1 17.5 15 8.1 1.3 3.4 6.5 17.4 104 102 11.8 0.4
"18" "18" 1986-12-06 25.45 "SAC" "" "UTA" "L" -3 1 43 0.681 0.625 15.6 39.2 26.5 27.2 0 1.5 13.6 20.6 135 110 28.6 9.5
"19" "19" 1986-12-09 25.46 "SAC" "@" "NJN" "W" 13 1 34 0.47 0.429 18.3 34.6 26 4.2 5.5 6.3 11.8 18.8 111 87 19.8 5.9
"20" "20" 1986-12-10 25.47 "SAC" "@" "DET" "L" -7 1 37 0.745 0.769 25.9 21.2 23.5 5.9 1.3 1.4 6.3 18.2 149 106 24.6 9.5
"21" "21" 1986-12-12 25.47 "SAC" "@" "ATL" "L" -10 1 37 0.69 0.636 11.3 28.2 19.7 10.3 0 6.5 0 13.1 159 122 21.6 8.8
"22" "22" 1986-12-13 25.47 "SAC" "@" "HOU" "L" -13 1 38 0.435 0.286 12 12.3 12.2 22.6 0 2.7 0 10.3 127 121 11.9 1.3
"23" "23" 1986-12-16 25.48 "SAC" "" "DEN" "L" -1 1 42 0.631 0.455 0 22.9 13.3 3.1 1 2.3 5.9 16.2 132 103 17.8 1.2
"24" "24" 1986-12-18 25.49 "SAC" "@" "LAC" "W" 4 1 30 0.383 0.4 11.2 27.2 20 4.1 1.6 6.9 14.5 18.6 85 104 7.7 -5.5
"25" "25" 1986-12-20 25.49 "SAC" "" "PHO" "W" 8 1 37 0.644 0.692 16.2 12.7 14.4 11.7 0 3.1 11.9 18.8 126 116 17.3 2.8
"26" "26" 1986-12-23 25.5 "SAC" "" "LAL" "L" -10 1 40 0.622 0.538 9.1 15.9 12.3 7.9 3.7 5.6 11.1 18.4 124 111 21.9 7.3
"27" "27" 1986-12-27 25.51 "SAC" "" "PHI" "L" -4 1 30 0.698 0.714 12.6 14.5 13.7 5 5 5.9 33.7 17.5 95 94 11.2 4.4
"28" "28" 1986-12-29 25.52 "SAC" "" "BOS" "L" -17 1 24 0.363 0.333 17.9 11.4 15.4 5.9 4.4 2.5 0 23.3 104 122 8.7 -1.5
"29" "29" 1987-01-02 25.53 "SAC" "@" "GSW" "L" -6 1 28 0.727 0.667 4.1 16.3 10.2 5.2 0 0 32.6 22.8 96 118 7.1 -5.5
"30" "30" 1987-01-04 25.53 "SAC" "@" "POR" "L" -17 1 27 0.387 0.333 13.7 8.7 11.1 14.1 3.5 2.1 12.3 24.2 93 122 6.5 -6.2
"31" "31" 1987-01-06 25.54 "SAC" "" "DEN" "W" 8 1 27 0.463 0.455 15.5 45.4 30.6 5.1 5 0 20.2 20.5 89 84 10 1.1
"32" "32" 1987-01-09 25.55 "SAC" "@" "BOS" "L" -10 1 29 0.314 0.231 6.8 17.9 11.5 4.4 1.7 0 6.5 22.1 79 115 3.6 -11.2
"33" "33" 1987-01-10 25.55 "SAC" "@" "NYK" "L" -4 1 29 0.611 0.5 15.5 23 19.5 4.5 1.7 4.2 15.8 19.8 119 117 11.3 -2.9
"34" "34" 1987-01-12 25.56 "SAC" "@" "WSB" "L" -4 1 35 0.538 0.5 15.6 20.7 18.4 3.6 2.9 5.7 11.8 19.8 118 108 16 0.6
"35" "35" 1987-01-13 25.56 "SAC" "@" "MIL" "L" -24 1 28 0.72 0.818 3.6 18.5 10.1 0 0 1.8 23.3 24.7 94 115 11.1 0.1
"36" "36" 1987-01-15 25.56 "SAC" "" "POR" "W" 2 1 29 0.551 0.5 7.9 18.8 13.5 20.9 3.1 0 21.6 17.6 102 108 9.3 0.8
"37" "37" 1987-01-17 25.57 "SAC" "" "SEA" "W" 10 1 23 0.338 0.25 16.1 37.1 27.3 4.8 0 2.6 10.1 16.7 95 106 4.1 -9
"38" "38" 1987-01-20 25.58 "SAC" "" "GSW" "W" 9 1 30 0.465 0.444 21.1 20 20.5 7.5 4.6 5.9 27.1 19.9 91 100 9.6 -3.8
"39" "39" 1987-01-23 25.59 "SAC" "@" "POR" "L" -20 1 26 0.431 0.364 21.9 12.3 17.8 6.7 0 2.2 7.3 20.5 107 107 9.5 -0.3
"40" "40" 1987-01-24 25.59 "SAC" "" "DET" "W" 25 1 24 0.568 0.545 18.2 13.6 15.9 15.8 1.9 4.3 8 19 137 107 14.5 8
"41" "41" 1987-01-27 25.6 "SAC" "" "NJN" "W" 3 1 31 0.515 0.444 11.9 27.2 19.9 0 4.1 6.3 14.7 16.8 103 88 14.9 3
"42" "42" 1987-01-29 25.6 "SAC" "" "SAS" "L" -6 1 34 0.517 0.5 15.7 21.4 18.1 8.9 1.5 1.9 5.7 21 122 115 15.3 1.5
"43" "43" 1987-01-31 25.61 "SAC" "@" "DEN" "L" -29 1 13 0.592 0.4 9 25.8 17.6 11 3.3 0 0 19.8 144 120 7 1.4
"44" "44" 1987-02-01 25.61 "SAC" "" "UTA" "L" -8 1 26 0.45 0.375 12.3 32.3 21.7 9.9 0 0 0 13.8 125 118 8.4 -2.7
"45" "45" 1987-02-03 25.62 "SAC" "@" "UTA" "L" -6 1 34 0.309 0.3 5.2 31.1 17.6 0 2.7 4.8 8.1 14.3 67 86 6.6 -2.1
"46" "46" 1987-02-04 25.62 "SAC" "@" "LAL" "L" -36 1 25 0.333 0.333 4.9 25.3 15 20.5 0 4.4 25 6.8 80 127 3.4 -3.3
"47" "47" 1987-02-10 25.64 "SAC" "" "LAL" "L" -16 1 31 0.402 0.222 14.7 38.7 24.1 0 1.6 4.2 15.2 16.4 94 107 8.7 -4.4
"48" "48" 1987-02-12 25.64 "SAC" "" "DAL" "W" 4 1 35 0.63 0.667 4 18.8 12.9 4 0 5.1 20.1 23.4 94 117 13.1 -3.5
"49" "49" 1987-02-14 25.65 "SAC" "" "WSB" "W" 25 1 24 0.63 0.556 21.3 21.4 21.4 9.8 3.7 0 8.8 17 146 96 15.2 6.3
"50" "50" 1987-02-16 25.65 "SAC" "@" "CHI" "W" 4 1 30 0.533 0.5 4.3 7.7 6.1 13.2 0 2 14.1 20.3 105 113 7.3 -1.9
"51" "51" 1987-02-18 25.66 "SAC" "@" "CLE" "L" -10 1 28 0.6 0.6 17.6 8.4 12.9 0 1.7 5.7 9.1 16.5 123 128 10.9 -2.3
"52" "52" 1987-02-20 25.66 "SAC" "@" "PHI" "L" -32 1 22 0.5 0.5 4.4 17.7 10 0 0 2.5 0 7.4 112 120 3.9 -3.2
"53" "53" 1987-02-22 25.67 "SAC" "@" "IND" "L" -2 1 14 0.276 0.2 8.2 7.5 7.8 0 0 8.1 35.5 26 46 109 -1.9 -19.6
"54" "54" 1987-02-24 25.67 "SAC" "@" "SAS" "W" 6 0 13 0.5 0.5 17.2 15.1 16.1 0 0 0 25 25.8 82 106 2.2 -12.5
"55" "55" 1987-02-25 25.68 "SAC" "@" "DAL" "L" -7 0 21 0.417 0.417 9.9 19.9 14.9 13.2 0 2.6 7.7 26.6 90 106 6.5 -2.1
"56" "56" 1987-02-28 25.68 "SAC" "@" "LAC" "L" -5 0 25 0.638 0.6 11.1 30.7 20.7 0 0 0 14.5 21.4 115 102 10.9 -1.1
"57" "57" 1987-03-02 25.69 "SAC" "@" "DEN" "W" 3 0 13 0.205 0.25 8 36.9 23.1 0 0 3.9 17 17 46 98 -0.9 -14.5
"58" "58" 1987-03-04 25.7 "SAC" "" "HOU" "L" -6 0 25 0.438 0.438 7.7 46.5 24.3 0 4 0 5.9 29.1 92 92 9.5 1
"59" "59" 1987-03-06 25.7 "SAC" "@" "SAS" "L" -11 0 13 0.333 0.333 20 24.6 22.5 0 0 0 0 9.2 105 122 1.8 -10.2
"60" "60" 1987-03-07 25.7 "SAC" "@" "PHO" "L" -3 0 22 0.51 0.4 5.6 25.4 16 7.6 0 2.5 0 11.2 136 107 5.7 0.3
"61" "61" 1987-03-10 25.71 "SAC" "@" "GSW" "L" -11 0 24 0.58 0.5 3.9 20 9.9 0 2 0 0 12 144 124 6.2 -3.2
"62" "62" 1987-03-12 25.72 "SAC" "" "UTA" "L" -4 0 23 0.357 0.444 14.2 25.5 19.6 0 0 4.6 15.2 22.9 72 113 3.1 -11.5
"63" "63" 1987-03-14 25.72 "SAC" "@" "UTA" "L" -7 0 21 0.751 0.667 6.2 30.5 19.5 13.1 2.2 2.8 0 14.8 162 110 12 8.2
"64" "64" 1987-03-15 25.73 "SAC" "" "SEA" "W" 1 0 30 0.417 0.3 11.6 24.6 17 0 0 2.4 17.2 22.5 86 107 5.3 -9.8
"65" "65" 1987-03-17 25.73 "SAC" "" "SAS" "L" -2 0 28 0.663 0.583 4.2 10.9 7.8 11.1 1.8 7.8 6.2 23.9 138 104 18.2 9.9
"66" "66" 1987-03-19 25.74 "SAC" "" "DAL" "L" -1 0 20 0.784 0.75 18.9 39.1 29.6 32.4 0 2.9 8.9 24 155 105 17.9 18.1
"67" "67" 1987-03-21 25.74 "SAC" "" "CHI" "L" -15 0 16 0.581 0.5 22 26.5 24 9.4 0 4.1 22.5 24.9 107 121 6.6 -1.1
"68" "68" 1987-03-22 25.75 "SAC" "@" "LAL" "L" -8 0 19 0.644 0.625 19.4 16.5 18 0 0 2.7 24.4 23.8 104 118 8.6 -2.1
"69" "69" 1987-03-24 25.75 "SAC" "" "POR" "W" 12 0 13 0.463 0.333 0 29 17.6 15.9 0 0 31.6 19.2 79 106 1.3 -9
"70" "70" 1987-03-26 25.76 "SAC" "" "PHO" "W" 9 0 18 0.87 0.8 6.5 24.2 15.7 13.9 0 3.2 13.7 16.5 161 118 10.5 7.2
"71" "71" 1987-03-28 25.76 "SAC" "" "LAC" "W" 22 0 14 1 1 0 30.5 15.8 8.5 3.4 4.5 66.7 8.2 60 81 1.3 -4.3
"72" "72" 1987-03-31 25.77 "SAC" "@" "SEA" "L" -3 0 18 0.4 0.4 13.7 21.6 17.5 0 0 6.3 0 10.8 120 126 4.2 -6.1
"73" "73" 1987-04-02 25.78 "SAC" "@" "LAC" "W" 10 0 24 0.856 0.714 5.4 31.4 20.5 5.3 0 9.3 8.7 19.9 166 101 20.6 10.8
"74" "74" 1987-04-04 25.78 "SAC" "" "HOU" "W" 12 0 20 0.551 0.5 18.8 22.3 20.4 0 2.4 2.9 0 21.5 141 102 11.5 3.7
"75" "75" 1987-04-06 25.79 "SAC" "@" "UTA" "W" 6 0 17 0.296 0.25 6.1 21.3 14.3 17.5 0 3.1 19.2 23.4 67 100 1 -8.4
"76" "76" 1987-04-08 25.79 "SAC" "@" "SAS" "W" 1 0 15 0.45 0.375 31.2 57.4 44 0 0 0 0 24.5 120 101 6.9 -6.3
"77" "77" 1987-04-09 25.79 "SAC" "@" "HOU" "L" -10 0 22 0.41 0.3 0 21.8 9.1 19.6 2.1 0 0 21.1 100 106 6.9 3.1
"78" "78" 1987-04-11 25.8 "SAC" "" "GSW" "L" -6 0 17 0.347 0 0 19.5 9.4 0 0 3.2 51 13.2 38 108 -2 -13.5
"79" "79" 1987-04-13 25.81 "SAC" "" "SAS" "W" 5 0 19 0.425 0.4 6.2 26.3 17 12 0 0 25.4 16.2 82 110 1.5 -8.4
"80" "80" 1987-04-14 25.81 "SAC" "@" "PHO" "L" -9 0 22 0.444 0.429 15.2 16.4 15.8 0 0 7 0 14.4 112 120 7.2 -4.6
"81" "81" 1987-04-16 25.81 "SAC" "" "DEN" "W" 6 1 22 0.696 0.636 16 15.2 15.6 0 0 0 12.8 27.2 129 111 13.1 0.4
"82" "82" 1987-04-18 25.82 "SAC" "@" "DAL" "L" -4 1 32 0.431 0.4 11.3 19.1 15.5 10.7 2.7 6.2 22.3 15.5 90 104 11 1.6
"1" "1" 1987-11-06 26.37 "SAC" "" "GSW" "W" 28 1 27 0.672 0.643 8.9 36.9 24.9 5.2 0 3.4 16.8 25 122 91 16.4 3.9
"2" "2" 1987-11-07 26.38 "SAC" "@" "UTA" "L" -21 1 20 0.429 0.429 23.4 0 12.2 16.1 0 0 36.4 20.8 74 119 2.1 -8.7
"3" "3" 1987-11-10 26.38 "SAC" "" "DEN" "W" 11 1 12 0.717 0.75 20.5 36.4 29.8 10 3.5 3.6 29.1 21.2 111 93 7.5 6.1
"4" "4" 1987-11-12 26.39 "SAC" "" "HOU" "L" -2 1 8 0 0 0 12.5 7.4 0 0 0 33.3 15.9 0 124 -3.3 -29
"5" "5" 1987-11-14 26.39 "SAC" "@" "DEN" "L" -21 1 12 0.743 0.778 19.5 25 22.5 0 0 7.9 31.7 49.6 90 104 8.8 0
"6" "6" 1987-11-17 26.4 "SAC" "" "IND" "L" -15 1 14 0.5 0.5 0 50 27 9.4 3.1 0 50 11 56 103 2 -4.1
"7" "7" 1987-11-19 26.41 "SAC" "" "MIL" "L" -4 1 13 0.129 0 0 7 3.6 0 0 0 0 11.9 35 111 -2 -16.5
"8" "8" 1987-11-21 26.41 "SAC" "" "DAL" "L" -7 1 16 0.506 0.444 6.3 26.7 16.1 22.2 3.1 0 9.2 28.5 104 98 8.2 8.1
"9" "9" 1987-11-24 26.42 "SAC" "@" "POR" "L" -4 0 19 0.375 0.375 13 35.3 24.6 28.7 0 3.1 20 20.6 78 92 4.4 0.3
"10" "10" 1987-11-26 26.43 "SAC" "" "NJN" "W" 8 0 11 0.667 0.667 13.2 48.5 33.6 0 4.4 5.1 40 19.9 82 83 3.4 -2
"11" "11" 1987-11-28 26.43 "SAC" "" "PHI" "W" 1 0 16 0.515 0.333 8.5 25.1 18.9 0 0 5.8 20.5 12.8 98 94 3.3 -5.7
"12" "12" 1987-12-01 26.44 "SAC" "" "LAL" "L" -5 0 13 0.827 0.9 0 45.3 22.4 0 0 4.6 15.5 22.5 111 109 7.1 4.8
"13" "13" 1987-12-02 26.44 "SAC" "@" "DEN" "L" -27 0 23 0.581 0.5 0 30.4 15.5 6 1.8 0 30.4 15.8 84 124 5 -6.4
"14" "14" 1987-12-04 26.45 "SAC" "@" "LAC" "L" -14 0 16 0.51 0.4 20 26.7 24 10.7 0 3.5 33.8 23.5 80 95 3.5 -4.7
"15" "15" 1987-12-05 26.45 "SAC" "" "UTA" "L" -9 0 18 0.225 0.25 17.4 16.7 17.1 0 2.6 0 10.1 20.7 66 122 -0.5 -18.1
"16" "16" 1987-12-08 26.46 "SAC" "@" "HOU" "L" -9 0 18 0.286 0.286 13.7 10.9 12.1 0 0 5.7 12.5 20.6 66 111 1.1 -12.5
"17" "17" 1987-12-09 26.46 "SAC" "@" "DAL" "L" -27 0 14 0.59 0.625 0 0 0 14.4 10.6 0 0 27.4 123 115 9.5 10.5
"18" "18" 1987-12-11 26.47 "SAC" "" "CLE" "L" -2 0 20 0.717 0.625 16.7 0 8.8 0 5 0 9.3 21.2 150 117 11.5 2.9
"19" "19" 1987-12-13 26.47 "SAC" "" "ATL" "L" -6 0 26 0.634 0.583 19.2 42 30.1 0 0 2.1 6.6 24.3 133 104 16.6 4.5
"20" "20" 1987-12-15 26.48 "SAC" "" "LAC" "W" 20 0 21 0.525 0.5 30.9 35.2 33.4 19 4.5 2.7 15.6 35.5 109 92 15.7 1.9
"21" "21" 1987-12-17 26.48 "SAC" "@" "SEA" "L" -5 0 16 0.42 0.333 0 18.4 10 0 0 0 38.7 19.7 52 112 -2.2 -17.6
"22" "22" 1987-12-20 26.49 "SAC" "" "PHO" "L" -11 1 34 0.651 0.556 13.6 26.3 19.3 7.4 1.3 4.3 27.1 16.4 107 107 14.5 -1
"23" "23" 1987-12-22 26.5 "SAC" "" "SAS" "W" 24 0 17 0.615 0.5 18.4 36.8 27.6 6.5 0 7 29.1 15.3 110 87 6.4 -0.9
"24" "24" 1987-12-23 26.5 "SAC" "@" "LAL" "L" -14 0 22 0.621 0.556 22.7 27.9 25.3 22.5 0 4.5 0 21.4 149 112 17.1 12.9
"25" "25" 1987-12-26 26.51 "SAC" "@" "PHO" "W" 2 0 15 0.6 0.6 0 7.6 4.2 0 0 3.5 16.7 17.1 98 119 1.7 -10.3
"26" "26" 1987-12-27 26.51 "SAC" "" "BOS" "L" -12 0 17 0.326 0.286 11.1 30.5 19.3 0 0 0 9.8 24.4 73 115 0.7 -15
"27" "27" 1987-12-29 26.52 "SAC" "@" "DAL" "L" -9 0 19 0.615 0.5 18.9 23 21.1 23 0 5.8 0 20.4 155 122 13.6 10.6
"28" "28" 1987-12-30 26.52 "SAC" "@" "SAS" "L" -32 0 23 0.601 0.583 26.6 33.8 29.5 14.7 0 2.3 7 23.2 133 131 16.2 4.3
"29" "29" 1988-01-02 26.53 "SAC" "" "UTA" "W" 2 0 15 0.571 0.429 14.2 15.2 14.7 10.9 3.1 0 0 22.9 145 100 8.8 5.7
"30" "30" 1988-01-07 26.54 "SAC" "" "SAS" "L" -5 0 22 0.543 0.571 9.3 46.8 27 21.1 0 8.2 9.8 18.5 120 112 11.5 5.7
"31" "31" 1988-01-08 26.55 "SAC" "@" "POR" "L" -7 0 20 0.256 0.25 5.2 18.5 12.2 0 0 2.7 23.5 24.7 44 92 -3.4 -16
"32" "32" 1988-01-10 26.55 "SAC" "" "SEA" "W" 1 0 14 0.592 0.4 23.9 14 18.6 9.5 0 12.2 22.8 25.5 114 105 7.6 1.1
"33" "33" 1988-01-14 26.56 "SAC" "@" "NJN" "L" -3 0 15 0.4 0.4 0 17.8 9.7 0 3.4 10.8 28.6 20.8 55 80 2.1 -3.8
"34" "34" 1988-01-15 26.56 "SAC" "@" "BOS" "L" -36 0 14 0.286 0.286 7.5 36.7 18.5 0 3.6 0 0 20.8 75 125 0.9 -13
"35" "35" 1988-01-17 26.57 "SAC" "@" "WSB" "L" -17 0 19 0.541 0.429 0 25.3 12.2 13.5 2.5 5.3 19.4 22.7 98 119 7.9 1.7
"36" "36" 1988-01-19 26.58 "SAC" "" "HOU" "W" 3 0 25 0.418 0.333 14.5 13.7 14.1 11.9 3.8 0 8.5 17.8 108 101 8 -0.8
"37" "37" 1988-01-23 26.59 "SAC" "" "NYK" "W" 3 0 15 0.667 0.667 16.4 14.2 15.2 12.2 3.5 8.3 14.3 21.2 123 95 9.1 10.6
"38" "38" 1988-01-26 26.59 "SAC" "" "SEA" "L" -16 0 27 0.727 0.722 15.5 28.1 21.2 0 0 2.6 0 16.1 155 122 15.2 6.3
"39" "39" 1988-01-28 26.6 "SAC" "" "LAL" "L" -21 0 16 0.333 0.333 20 48.8 34.1 0 6.1 7.6 0 15.8 92 96 5.8 -2.3
"40" "40" 1988-01-30 26.61 "SAC" "@" "PHO" "W" 6 0 14 0.667 0.667 0 16.7 9 8.5 0 0 50 18.1 64 119 -1 -14.8
"41" "41" 1988-02-01 26.61 "SAC" "" "CHI" "W" 2 0 25 0.354 0.333 14 38.4 27.4 5.8 0 2.3 0 17.7 93 93 7.2 -3
"42" "42" 1988-02-03 26.62 "SAC" "@" "UTA" "L" -32 0 14 0.333 0.333 12.9 27.1 18.8 0 0 0 25 11 72 127 0.8 -12.6
"43" "43" 1988-02-04 26.62 "SAC" "" "DAL" "W" 17 0 21 0.47 0.25 19.9 21.2 20.6 0 4.8 5.1 36.1 16.4 87 92 5.7 -6.4
"44" "44" 1988-02-09 26.63 "SAC" "@" "GSW" "L" -18 0 21 0 0 14 39 25.4 12 0 0 33.3 5.7 66 115 1.6 -10.4
"45" "45" 1988-02-11 26.64 "SAC" "" "POR" "W" 10 0 19 0.375 0.375 0 21.5 12.3 0 0 5.7 11.1 19.6 66 105 2.8 -9
"46" "46" 1988-02-13 26.64 "SAC" "" "PHO" "L" -2 0 25 0.651 0.571 12.8 32.8 22.3 0 1.8 2.4 7.5 21.4 133 105 14.4 2
"47" "47" 1988-02-15 26.65 "SAC" "@" "CLE" "L" -9 0 9 0 0 12.1 11.1 11.6 0 0 13.5 16.7 28 12 91 -4.1 -29.6
"48" "48" 1988-02-16 26.65 "SAC" "@" "ATL" "W" 3 0 7 1 1 0 0 0 0 0 0 0 5.8 200 121 0.1 -12.2
"49" "49" 1988-02-18 26.66 "SAC" "@" "NYK" "L" -4 0 17 0.556 0.556 12.3 20.7 16.2 10.9 0 3.5 18.2 27.1 100 110 6.2 -1.9
"50" "50" 1988-02-19 26.66 "SAC" "@" "CHI" "L" -21 0 14 0.667 0.667 0 9.5 4.5 0 7 0 40 15.9 63 103 2.6 -3.5
"51" "51" 1988-02-21 26.67 "SAC" "@" "IND" "L" -18 0 15 0.5 0.5 18.5 23.4 20.6 8.3 3 0 20 12.4 109 119 5.3 -2
"52" "52" 1988-02-23 26.67 "SAC" "" "DET" "L" -16 0 17 0.363 0.333 15.1 30.3 20.2 22.7 3 0 0 16.4 115 121 6.5 1.8
"53" "53" 1988-02-25 26.68 "SAC" "" "WSB" "L" -19 0 10 0.84 0.667 19.2 21.8 20.4 14.8 0 0 0 19.8 190 134 9 13.7
"54" "54" 1988-02-26 26.68 "SAC" "@" "SEA" "L" -3 0 19 0.574 0.5 28.9 13 20.5 0 2.5 3.2 7.6 27.6 126 128 11.1 -4.2
"55" "55" 1988-02-29 26.69 "SAC" "" "UTA" "L" -5 0 20 0.683 0.5 8.3 8 8.2 13.8 12 7.3 9.5 19.8 147 91 16.5 18.5
"56" "56" 1988-03-02 26.69 "SAC" "@" "DAL" "L" -25 0 14 0 0 7.6 26.4 17.7 0 3.6 3.5 50 12.6 15 105 -1.4 -17.6
"57" "57" 1988-03-04 26.7 "SAC" "@" "SAS" "W" 2 0 18 0.574 0.5 7.2 15.2 11.1 7.1 0 6.5 8.1 27.6 124 127 8.8 -3.8
"58" "58" 1988-03-05 26.7 "SAC" "@" "HOU" "L" -11 0 28 0.392 0.429 3 46.8 19 0 5 0 6.1 22.9 78 95 8 -1.1
"59" "59" 1988-03-07 26.71 "SAC" "" "DEN" "W" 2 0 24 0.507 0.5 12.3 21.4 18 11.9 5.8 2.3 10.1 17.2 108 88 10.3 5.1
"60" "60" 1988-03-09 26.71 "SAC" "" "SEA" "L" -9 0 26 0.744 0.714 20.5 15.4 17.6 6.9 2 6.4 33.2 24.2 103 110 12.5 2.1
"61" "61" 1988-03-11 26.72 "SAC" "@" "PHI" "L" -6 0 21 0.643 0.6 5 11.7 8.1 19.4 2.2 6 0 20.2 145 116 13.6 8.9
"62" "62" 1988-03-14 26.73 "SAC" "@" "DET" "L" -12 0 17 0 0 4.9 19.7 11.2 7.1 2.9 6.2 40 11.6 19 104 -0.2 -10.3
"63" "63" 1988-03-15 26.73 "SAC" "@" "MIL" "L" -11 0 21 0.457 0.286 14.3 29.8 21.9 6.6 2.3 2.4 25.5 22.7 86 100 5.6 -5.7
"64" "64" 1988-03-19 26.74 "SAC" "" "HOU" "W" 17 0 18 0.506 0.444 24.2 38.1 31 15.5 0 3.1 9.2 24.3 120 99 9.4 1.1
"65" "65" 1988-03-20 26.74 "SAC" "@" "LAC" "L" -4 0 16 0.333 0.333 6.4 46.2 24.4 7.7 0 0 0 21.8 85 110 2.9 -10.7
"66" "66" 1988-03-23 26.75 "SAC" "@" "GSW" "L" -8 0 18 0.665 0.5 0 9.9 3.9 0 5.4 0 34.7 12.8 90 122 3.1 -6
"67" "67" 1988-03-24 26.75 "SAC" "@" "UTA" "L" -20 0 22 0.396 0.3 4.4 30.1 13.8 14.8 4.7 0 13.7 29.8 83 119 5.1 -7.4
"68" "68" 1988-03-26 26.76 "SAC" "" "LAL" "W" 22 0 26 0.766 0.8 16.4 20.5 18.5 12.2 4 6.8 32.4 24.4 103 90 15.8 7.7
"69" "69" 1988-03-29 26.77 "SAC" "" "DEN" "L" -4 0 19 0 0 0 38.9 21.1 12.6 2.3 5.9 71.4 14.7 14 87 -1.4 -9.5
"1" "1" 1988-11-05 27.37 "SAC" "@" "POR" "L" -18 1 36 0.639 0.545 15.9 14.8 15.4 4.3 1.3 1.5 12.4 17.4 129 116 15.4 0.8
"2" "2" 1988-11-08 27.38 "SAC" "" "SEA" "L" -22 1 34 0.484 0.385 10.7 26.5 16.6 8.3 1.7 6 0 22.3 119 108 15.3 5.4
"3" "3" 1988-11-09 27.38 "SAC" "@" "UTA" "L" -24 1 35 0.6 0.6 9.5 40.3 20.9 0 0 0 37.5 18.2 75 104 4.8 -8.6
"4" "4" 1988-11-12 27.39 "SAC" "@" "DAL" "L" -40 1 31 0.381 0.357 9.8 32.3 19.5 0 0 0 24.1 28.3 63 108 3 -10.9
"5" "5" 1988-11-13 27.39 "SAC" "@" "HOU" "L" -2 1 34 0.779 0.818 13.4 24.7 18.9 0 2.7 1.7 20.6 22.3 126 118 19.5 1.4
"6" "6" 1988-11-15 27.4 "SAC" "" "PHO" "L" -30 1 30 0.125 0.125 3.2 32.9 15.2 0 1.6 1.9 11.1 13.3 31 113 -1.7 -13.4
"7" "7" 1988-11-16 27.4 "SAC" "@" "LAC" "L" -11 1 44 0.576 0.5 13.6 42 25.3 8 4.1 2.7 19.3 21.5 107 98 24.4 3.8
"8" "8" 1988-11-19 27.41 "SAC" "" "IND" "W" 11 1 35 0.444 0.333 0 29 16.2 4.6 2.6 0 6.4 19.2 90 86 8.8 -2.1
"9" "9" 1988-11-22 27.42 "SAC" "" "CHI" "L" -16 1 36 0.654 0.583 6.2 20.5 11.6 11.2 2.8 1.8 17.9 20.3 116 116 15.2 1.5
"10" "10" 1988-11-26 27.43 "SAC" "" "NJN" "L" -1 1 35 0.693 0.667 10.5 30.1 20.6 0 4.4 2.1 23.9 26.4 103 95 18.2 2.7
"11" "11" 1988-11-29 27.44 "SAC" "" "LAC" "W" 28 1 24 0.545 0.462 20.5 31.1 26.2 0 1.9 5.1 10.8 31.5 114 85 15.4 -2.7
"12" "12" 1988-12-01 27.44 "SAC" "" "DEN" "L" -7 1 39 0.472 0.375 3.6 24.3 15.9 3.6 2.4 2.8 13.6 23.8 92 110 12 -5.4
"13" "13" 1988-12-03 27.45 "SAC" "" "UTA" "L" -34 1 29 0.492 0.364 11 35.8 20.5 17.1 3.5 0 13.2 21.1 104 104 11.9 3.8
"14" "14" 1988-12-06 27.45 "SAC" "@" "ATL" "L" -10 1 34 0.704 0.688 7.4 14.5 11 0 1.5 0 10.1 25.1 127 125 17.8 0.3
"15" "15" 1988-12-07 27.46 "SAC" "@" "MIA" "W" 2 1 32 0.552 0.364 6.8 8.7 7.8 0 0 1.7 6.1 23.1 118 105 10.1 -5.4
"16" "16" 1988-12-09 27.46 "SAC" "@" "IND" "L" -7 1 28 0.585 0.5 15.2 33.2 22.6 6.3 3.5 2.2 14.9 28.5 115 107 17.2 3.9
"17" "17" 1988-12-15 27.48 "SAC" "" "MIA" "W" 4 1 33 0.508 0.462 9.7 24.2 16.2 0 0 0 11.9 21.3 101 96 8.6 -4.5
"18" "18" 1988-12-21 27.5 "SAC" "@" "SAS" "L" -18 0 14 0.455 0.444 0 44 21.2 0 12.3 3.9 33.6 40.5 59 82 2.7 -11.3
"19" "19" 1988-12-23 27.5 "SAC" "@" "LAL" "L" -18 1 9 0.551 0.6 13 0 6.8 21.3 0 0 15.5 31 97 126 3.7 -1.6
"20" "20" 1989-01-03 27.53 "SAC" "" "DAL" "W" 27 1 28 0.515 0.5 17.1 29.1 24 5.6 0 4.4 5.1 27.4 122 92 15.8 2.7
"21" "21" 1989-01-05 27.54 "SAC" "@" "SEA" "L" -14 1 30 0.51 0.4 0 7.4 4.1 4.6 0 1.8 25.4 22.9 82 131 3.8 -11.8
"22" "22" 1989-01-06 27.54 "SAC" "@" "POR" "L" -5 1 46 0.669 0.529 6.5 31 21 10 1 1.3 23.2 26.1 113 109 23.9 2.9
"23" "23" 1989-01-10 27.55 "SAC" "" "LAL" "W" 9 1 37 0.576 0.5 10.4 17.1 13.9 12.3 2.5 6 16.7 26.3 109 89 20 4.5
"24" "24" 1989-01-11 27.55 "SAC" "@" "LAC" "W" 2 1 30 0.488 0.417 6.4 26.7 16.3 0 1.6 6.5 13.1 20.6 98 98 11 -4.6
"25" "25" 1989-01-13 27.56 "SAC" "@" "PHO" "L" -21 1 25 0.273 0.235 10.9 13.1 11.9 0 3.6 0 14.1 33.3 57 100 0.1 -11.8
"26" "26" 1989-01-14 27.56 "SAC" "" "SEA" "L" -9 1 31 0.494 0.429 13.2 40.7 25.5 0 0 2 27 29.3 80 99 7.1 -6.4
"27" "27" 1989-01-16 27.57 "SAC" "@" "DEN" "L" -6 1 22 0.538 0.538 4.7 0 2.2 15.2 0 6.4 31.6 34.1 75 116 3.9 -10
"28" "28" 1989-01-17 27.57 "SAC" "" "HOU" "W" 14 1 25 0.533 0.5 13.1 16.3 14.9 5.5 1.8 2.4 0 26.3 129 101 14.4 2.7
"29" "29" 1989-01-19 27.58 "SAC" "" "NYK" "W" 6 1 32 0.685 0.643 12.5 14.7 13.8 14.3 1.6 10.1 24.6 28.2 111 106 19.1 5
"30" "30" 1989-01-21 27.58 "SAC" "" "GSW" "L" -25 1 21 0.354 0.333 8.5 20.8 14 0 0 2.5 9.2 18.6 81 121 3.4 -10
"31" "31" 1989-01-24 27.59 "SAC" "" "MIL" "L" -4 1 31 0.517 0.364 7.9 18.9 13.5 4.2 0 1.9 29.2 28.6 84 115 5.6 -11.6
"32" "32" 1989-01-26 27.59 "SAC" "@" "NJN" "W" 3 1 30 0.364 0.364 7.1 28.4 17.8 9 0 2 8.3 15.7 93 107 6 -4.3
"33" "33" 1989-01-27 27.6 "SAC" "@" "BOS" "L" -12 1 31 0.612 0.5 7 18.9 12.8 4.9 1.5 5.7 0 21.5 131 121 17.3 0.7
"34" "34" 1989-01-29 27.6 "SAC" "@" "DET" "L" -25 1 27 0.505 0.455 16.9 9.4 13.3 5.9 1.7 2.1 25.2 23.3 87 116 5.7 -7.1
"35" "35" 1989-01-31 27.61 "SAC" "@" "MIL" "L" -13 1 35 0.521 0.471 22.9 24.6 23.7 14.7 2.8 0 13.5 26 111 113 18.2 2.2
"36" "36" 1989-02-02 27.61 "SAC" "@" "CHI" "L" -11 1 39 0.576 0.538 0 11.4 5.5 11.1 2.5 1.6 6.7 16.5 113 108 13.5 2.7
"37" "37" 1989-02-03 27.62 "SAC" "@" "CLE" "L" -16 1 24 0.338 0.25 10.5 21.7 16.7 0 0 0 0 16.5 87 112 1.7 -10.4
"38" "38" 1989-02-05 27.62 "SAC" "@" "MIA" "L" -4 1 19 0.429 0.375 34.1 11.5 21.8 16.1 0 3.2 17.7 26 105 116 7 -4.5
"39" "39" 1989-02-07 27.63 "SAC" "" "SAS" "W" 15 1 24 0.598 0.6 20.4 42.6 31.3 12.9 0 2.5 11.2 28.1 125 93 16.7 5.5
"40" "40" 1989-02-09 27.63 "SAC" "" "GSW" "W" 25 1 23 0.333 0.333 15.7 25 20.9 0 0 4.8 18.2 18.6 82 115 3.4 -16.9
"41" "41" 1989-02-14 27.65 "SAC" "" "WSB" "L" -8 1 26 0.291 0.167 0 25.8 12.4 5.1 1.9 4.2 12.7 12.7 68 105 2.1 -7.7
"42" "42" 1989-02-16 27.65 "SAC" "" "DET" "L" -11 1 25 0.32 0.294 16 26.2 20.9 8.2 2 0 9.6 34.3 77 97 4.4 -6
"43" "43" 1989-02-18 27.66 "SAC" "" "PHO" "L" -19 1 23 0.545 0.5 3.6 35.6 16.9 0 4.1 2.7 6.8 25.2 108 105 11.5 3.7
"44" "44" 1989-02-21 27.67 "IND" "@" "MIL" "L" -26 1 28 0.256 0.125 4.8 10.7 8.2 5.3 0 2 23.5 18.8 50 118 -3 -13.5
"45" "45" 1989-02-23 27.67 "IND" "@" "ATL" "L" -3 1 39 0.4 0.4 7.2 20.2 15.5 6.6 0 2.7 33.3 16.5 70 104 3.6 -5
"46" "46" 1989-02-24 27.67 "IND" "" "SAS" "W" 19 1 31 0.571 0.571 13.3 40.3 29.1 9.7 4.5 4.1 30 13 94 75 11.1 3.2
"47" "47" 1989-02-26 27.68 "IND" "" "UTA" "W" 39 1 27 0.833 0.833 0 35.6 21.2 8.6 2 2.8 25 14.1 121 89 9.3 4.5
"48" "48" 1989-02-28 27.68 "IND" "@" "SEA" "W" 2 1 37 0.41 0.25 10.5 20.2 15.8 10.3 0 3.5 45 10.3 77 105 3.7 -3.4
"49" "49" 1989-03-02 27.69 "IND" "@" "GSW" "W" 4 0 18 0.51 0.4 6 10.7 8.5 0 0 0 14.5 15.9 99 118 1.6 -13.2
"50" "50" 1989-03-03 27.69 "IND" "@" "LAL" "L" -22 1 36 0.733 0.692 19.4 24.6 21.7 0 2.5 3.6 17.3 18.1 131 125 21.3 3.3
"51" "51" 1989-03-05 27.7 "IND" "@" "POR" "W" 3 1 39 0.385 0.385 12.6 23.6 18.3 6.8 3.8 1.7 27.8 18.7 75 100 5.8 -4.9
"52" "52" 1989-03-07 27.7 "IND" "" "SEA" "L" -18 1 32 0.567 0.533 15.6 17.4 16.5 13 0 3.8 5.6 23.1 128 118 16.9 7.8
"53" "53" 1989-03-10 27.71 "IND" "" "PHO" "W" 5 0 33 0.917 0.9 11.6 10.4 10.9 0 3.2 5.3 13.3 21.1 158 119 22.6 8.8
"54" "54" 1989-03-11 27.72 "IND" "@" "NYK" "L" -19 1 34 0.512 0.375 9.8 15 12.5 0 2.7 1.8 29.1 15.7 83 104 6.3 -4.2
"55" "55" 1989-03-13 27.72 "IND" "@" "CHI" "L" -32 1 30 0.322 0.3 14.2 11.2 12.7 4.7 1.7 0 21.6 20.5 68 129 2 -14.1
"56" "56" 1989-03-14 27.72 "IND" "" "DET" "L" -12 1 34 0.487 0.455 20.6 20.8 20.7 0 1.5 0 7.5 15.7 121 132 10.7 -5.2
"57" "57" 1989-03-16 27.73 "IND" "" "BOS" "L" -12 1 25 0.335 0.3 12.5 13.1 12.8 5.6 0 0 16.1 20.4 74 114 0.5 -13.4
"58" "58" 1989-03-18 27.73 "IND" "" "CHI" "W" 11 1 26 0.775 0.778 16.8 31.4 24.3 17.3 0 2.4 8.8 18.2 154 105 17.9 13.1
"59" "59" 1989-03-21 27.74 "IND" "@" "NJN" "W" 3 1 33 0.455 0.444 5.4 30.4 20.8 4.7 0 1.9 0 14.4 99 91 7.9 -1.1
"60" "60" 1989-03-22 27.75 "IND" "" "WSB" "W" 9 1 17 0.5 0.5 27.5 15.4 20.6 19.1 3 7.2 14.3 18.4 116 89 7.5 4.3
"61" "61" 1989-03-25 27.75 "IND" "@" "WSB" "L" -3 1 33 0.739 0.667 11.5 28.8 22.1 5.2 1.6 1.5 17.4 22.8 129 96 18.5 5.4
"62" "62" 1989-03-27 27.76 "IND" "" "CLE" "W" 2 0 28 0.414 0.4 10.1 30.8 19 0 1.8 2.9 8.4 16.8 99 105 5.7 -5.1
"63" "63" 1989-03-29 27.76 "IND" "" "MIA" "W" 7 1 39 0.435 0.286 2.7 16.9 10.3 3.8 4.2 2.8 9.8 11.7 99 92 8.8 -1.3
"64" "64" 1989-03-31 27.77 "IND" "" "DAL" "L" -3 0 32 0.706 0.727 26.9 23.4 25.4 0 3.5 2.5 5.8 25 146 114 23.8 9.5
"65" "65" 1989-04-02 27.78 "IND" "" "ATL" "L" -23 1 34 0.589 0.545 18.8 23 21.3 4.8 1.4 3.1 14.4 17.3 120 129 13.5 1.2
"66" "66" 1989-04-04 27.78 "IND" "" "HOU" "L" -2 1 31 0.359 0.25 6.1 14.7 10 0 0 0 9.3 14.7 83 100 1.4 -8.1
"67" "67" 1989-04-06 27.79 "IND" "@" "DEN" "L" -14 1 31 1.042 1 7.2 13.5 10.4 8.4 0 1.8 14.8 8.5 182 124 12.9 3.2
"68" "68" 1989-04-08 27.79 "IND" "@" "SAS" "W" 2 1 40 0.711 0.688 17.3 19.7 18.5 7.7 0 0 0 17.7 163 119 23.3 5
"69" "69" 1989-04-10 27.8 "IND" "@" "DAL" "W" 7 1 43 0.63 0.556 20.3 25.8 23.3 4.1 1.2 3 22.5 13.2 121 103 16 0.6
"70" "70" 1989-04-11 27.8 "IND" "@" "HOU" "L" -9 1 31 0.465 0.333 7.6 37.8 22.7 0 0 0 21.8 18.7 87 108 4.7 -7.4
"71" "71" 1989-04-13 27.81 "IND" "" "CHI" "W" 4 1 38 0.653 0.643 12.6 28.9 21.5 13.7 2.7 2.9 6.1 18.6 139 101 23.6 12.3
"72" "72" 1989-04-15 27.81 "IND" "" "CHH" "W" 10 1 34 0.505 0.5 3.1 28.8 16.3 7.3 3 4.8 7.2 17.2 106 100 13.6 0.2
"73" "73" 1989-04-18 27.82 "IND" "" "ATL" "L" -7 1 16 0.6 0.6 7.7 6.4 7 10.3 0 0 0 13.1 138 123 5 2
"74" "74" 1989-04-19 27.82 "IND" "@" "DET" "L" -10 1 33 0.718 0.7 3.8 29.8 17.7 0 4.6 1.7 16.1 16.9 114 107 15.5 3.8
"75" "75" 1989-04-21 27.83 "IND" "" "BOS" "W" 10 1 38 0.72 0.692 10 31.6 20.5 0 0 3 0 16.1 153 111 18.7 2.7
"76" "76" 1989-04-22 27.83 "IND" "@" "MIL" "W" 7 1 33 0.714 0.667 10.8 16.9 14.5 3.6 1.5 0 8.2 17.5 138 115 13.7 0.9
"1" "1" 1989-11-03 28.36 "IND" "@" "ATL" "W" 23 1 38 0.74 0.6 9.7 32.1 23.2 14.6 0 4.3 42.5 12.7 105 90 13.3 3.6
"2" "2" 1989-11-04 28.37 "IND" "" "CLE" "W" 8 1 15 0 0 15.2 13.1 14.1 0 6.3 0 28.6 19.9 22 89 -1.5 -16.4
"3" "3" 1989-11-08 28.38 "IND" "" "DET" "W" 21 0 18 0.45 0.375 25 9.2 14.8 9.2 8.8 0 25.3 30.5 86 70 5.4 -2.2
"4" "4" 1989-11-10 28.38 "IND" "" "MIA" "W" 4 1 32 0.521 0.333 3.9 22.5 13.5 27.3 0 0 10.4 13.1 120 101 9.3 3
"5" "5" 1989-11-15 28.4 "IND" "@" "LAL" "L" -23 1 25 0.25 0.25 0 14.8 8.4 14.7 3.5 2 55.6 15.2 36 102 -0.2 -5.4
"6" "6" 1989-11-17 28.4 "IND" "@" "UTA" "L" -14 1 24 1 1 15.8 27.8 21.6 15.4 3.9 4.9 40 9.1 131 102 9.9 7.5
"7" "7" 1989-11-18 28.41 "IND" "@" "SAC" "L" -5 1 31 0.868 0.75 12.2 29.2 22.1 9 0 0 25.8 10.5 140 104 11.7 4.1
"8" "8" 1989-11-21 28.41 "IND" "" "BOS" "W" 8 1 28 0.564 0.5 8.6 31.2 21.7 0 0 1.7 9.3 17.3 111 103 8.7 -3.7
"9" "9" 1989-11-24 28.42 "IND" "@" "BOS" "W" 7 1 23 0.378 0.333 22.2 15.8 18.8 6 0 0 5.9 30.3 98 114 5.9 -13.2
"10" "10" 1989-11-25 28.42 "IND" "" "PHI" "L" -8 0 23 0.5 0.5 6.7 39.8 25.7 7.2 0 0 50 16.7 58 119 -0.2 -11.5
"11" "11" 1989-11-27 28.43 "IND" "@" "MIL" "W" 4 1 22 0.37 0.2 7 18.6 14 0 2.3 0 37.2 21.1 56 98 -0.4 -11.2
"12" "12" 1989-11-29 28.44 "IND" "" "UTA" "W" 12 1 26 0.51 0.4 16.3 24.6 21 10.5 2 0 25.4 14.4 102 94 6 -2.7
"13" "13" 1989-12-01 28.44 "IND" "" "ORL" "W" 15 1 25 0.25 0.25 8.5 10.7 9.7 12.8 1.8 2 42.9 10.9 65 102 1.1 -5.8
"14" "14" 1989-12-06 28.45 "IND" "" "DEN" "W" 19 1 27 0.81 0.667 4.8 31.7 21 3.5 1.6 3.9 48.1 12.2 90 96 6.1 -1.2
"15" "15" 1989-12-08 28.46 "IND" "" "CHI" "W" 2 1 35 0.444 0.2 12.8 40.1 26.1 0 1.5 1.8 37.2 13.1 78 104 5.8 -5
"16" "16" 1989-12-09 28.46 "IND" "@" "DET" "L" -28 0 16 0.508 0.429 13.6 0 8.6 13.6 6.2 0 11.3 24 104 118 6.2 1.1
"17" "17" 1989-12-12 28.47 "IND" "" "MIN" "W" 1 1 21 0.333 0.333 8.1 24.6 17.5 0 2.6 3 40 11.6 54 107 -0.1 -8.5
"18" "18" 1989-12-14 28.48 "IND" "@" "NJN" "W" 24 1 26 0.4 0.4 4.6 23.1 14.7 0 0 4.6 0 8.6 95 79 3.6 -2.4
"19" "19" 1989-12-15 28.48 "IND" "" "MIL" "L" -5 1 23 0.676 0.625 17.9 19.9 19 0 2.2 2.5 10.1 19.6 129 105 10 -0.7
"20" "20" 1989-12-17 28.48 "IND" "@" "POR" "L" -8 1 36 0.84 0.667 0 38.7 17.9 9.4 0 0 38.7 9.6 111 120 6.5 -2.1
"21" "21" 1989-12-19 28.49 "IND" "@" "LAC" "L" -26 1 11 0.399 0 9.9 29.1 17.7 11.5 4.4 0 34.7 21.1 72 122 1 -9.6
"22" "22" 1989-12-20 28.49 "IND" "@" "PHO" "W" 1 0 36 0.394 0.375 7 19.9 13 2.8 1.3 0 36 15.8 62 112 -0.6 -10.3
"23" "23" 1989-12-22 28.5 "IND" "@" "GSW" "L" -26 0 16 0.4 0.4 0 32.4 14.8 7.5 2.6 3.1 28.6 16.2 63 122 2.5 -6.1
"24" "24" 1989-12-23 28.5 "IND" "@" "SEA" "W" 3 1 40 0.429 0.429 0 33.5 19.7 3.5 0 0 46.2 15.9 47 98 -1.8 -9.1
"25" "25" 1989-12-26 28.51 "IND" "" "ORL" "W" 8 1 41 0.438 0.438 14.6 22.9 18.4 11.4 3.7 2.8 15.8 19.4 96 87 15.1 1.1
"26" "26" 1989-12-27 28.51 "IND" "@" "ORL" "W" 5 1 41 0.576 0.538 14.3 19.5 16.7 13.1 0 2.9 17.8 17.3 118 110 15 -0.5
"27" "27" 1989-12-29 28.52 "IND" "" "HOU" "W" 6 1 37 0.533 0.444 12.6 15.1 14 7.2 4.6 0 22.5 16.7 104 105 10.5 0.4
"28" "28" 1989-12-30 28.52 "IND" "" "ATL" "W" 7 1 30 0.676 0.625 19.2 31 25.7 5 0 0 31.1 21.2 101 112 7.4 -5.5
"29" "29" 1990-01-02 28.53 "IND" "@" "DAL" "L" -4 1 38 0.474 0.438 6.8 27.3 14.9 0 2.7 0 19.2 11.2 92 113 6.1 -5.5
"30" "30" 1990-01-03 28.53 "IND" "@" "HOU" "L" -14 1 15 0.725 0 0 29.1 13.8 7.8 3.1 0 26.6 10.1 121 106 3.2 -2.6
"31" "31" 1990-01-05 28.54 "IND" "@" "DET" "L" -23 0 17 0.643 0.6 6.1 26.3 15.9 11.1 0 0 0 12.7 147 119 6.9 5.6
"32" "32" 1990-01-06 28.54 "IND" "@" "CHH" "L" -6 1 34 0.451 0.4 16 34 25.9 14.7 1.4 1.5 14.1 17 107 106 12.7 1.3
"33" "33" 1990-01-08 28.55 "IND" "@" "PHI" "L" -4 1 37 1 1 0 21.6 12.6 6.3 0 0 33.3 4.2 139 136 3.6 -2.8
"34" "34" 1990-01-10 28.55 "IND" "" "CHI" "W" 7 1 25 0.607 0.556 5.2 26.9 17.7 0 2 0 23.3 22.8 96 108 7.3 -3.9
"35" "35" 1990-01-12 28.56 "IND" "" "NYK" "L" -5 1 31 0.5 0.5 8.7 38 21.4 13.3 3.3 4.7 0 16.9 115 86 15.1 9.4
"36" "36" 1990-01-13 28.56 "IND" "" "MIL" "W" 2 0 20 0.307 0.25 12 44.2 27.7 12.4 7.4 7.4 17 12.4 88 90 8.5 9
"37" "37" 1990-01-15 28.56 "IND" "" "GSW" "W" 39 0 17 1 1 5.6 34.6 20 24.2 0 6.4 20 11 163 92 12.1 16.4
"38" "38" 1990-01-17 28.57 "IND" "@" "MIA" "L" -10 0 26 0.425 0.4 28.4 9.7 19.2 0 0 0 25.4 13.1 98 133 2.7 -14.8
"39" "39" 1990-01-19 28.58 "IND" "@" "BOS" "L" -5 1 37 0.455 0.455 2.9 23.9 12.7 3.6 1.4 0 15.4 16.1 80 114 5.2 -8
"40" "40" 1990-01-24 28.59 "IND" "" "LAL" "L" -9 1 20 1.042 1 0 31 15 0 0 0 58.1 8.3 75 134 0.3 -7.8
"41" "41" 1990-01-26 28.59 "IND" "" "MIA" "W" 10 1 21 NA NA 0 41.6 20.2 11.7 2.3 3 100 4.2 45 99 0.9 -1.5
"42" "42" 1990-01-27 28.6 "IND" "" "CLE" "L" -7 1 22 0.333 0.333 23.6 23 23.3 0 2.6 3.3 14.3 15 84 99 4.1 -4.8
"43" "43" 1990-01-30 28.61 "IND" "@" "ORL" "L" -18 1 22 0.75 0.75 4.8 16.8 10.4 5.7 2.1 2.5 20 9.1 121 122 6.2 -1.2
"44" "44" 1990-01-31 28.61 "IND" "" "PHI" "L" -4 1 36 0.512 0.5 3.5 10 6.8 10.9 1.5 3 9.3 14.4 111 125 8.7 -1.4
"45" "45" 1990-02-02 28.61 "IND" "" "SEA" "L" -1 1 33 0.21 0.333 0 25.2 15.2 10.2 1.6 5.4 38.7 11.7 35 87 0.5 -4.4
"46" "46" 1990-02-03 28.62 "IND" "@" "NYK" "L" -14 1 26 0.316 0.4 9 17.2 13.2 15.7 1.9 2.6 32.2 15.6 65 111 1.1 -6.9
"47" "47" 1990-02-06 28.62 "IND" "@" "DEN" "W" 8 1 21 1 1 0 17.7 11 7.3 0 0 28.6 14.1 128 112 7.6 4.1
"48" "48" 1990-02-08 28.63 "IND" "@" "SAS" "W" 5 1 21 0.255 0.2 14.6 24.3 19.5 6.1 4.7 3 33.8 17.8 59 91 1.5 -7.1
"49" "49" 1990-02-13 28.64 "IND" "" "CHH" "W" 23 1 31 0.727 0.667 6.5 35.2 25 4 1.6 2.1 22.5 13.1 119 101 9.5 0
"50" "50" 1990-02-14 28.65 "IND" "@" "CLE" "W" 2 1 17 0.75 0.75 23.4 20.8 22 14 0 0 0 10.2 175 124 6.8 3.6
"51" "51" 1990-02-16 28.65 "IND" "@" "MIN" "L" -6 1 28 0.375 0.375 24.5 23.8 24.1 0 0 8.6 20 16.8 89 123 5.8 -8.3
"52" "52" 1990-02-18 28.66 "IND" "@" "WSB" "L" -19 1 21 0.25 0.25 10.6 31.2 21 6.6 0 5.2 20 9.9 68 110 2.7 -4.2
"53" "53" 1990-02-21 28.67 "IND" "" "ATL" "W" 27 1 20 0.4 0.4 24 0 10.1 5.3 0 0 0 11.5 126 111 3.3 -7.7
"54" "54" 1990-02-23 28.67 "IND" "" "DAL" "L" -11 1 34 0.581 0.5 10.6 32.1 21.8 0 1.6 2 0 9.7 135 106 9.4 0.7
"55" "55" 1990-02-25 28.68 "IND" "" "POR" "W" 5 1 35 0.6 0.6 3.1 30.5 18.2 21.2 0 4.9 16.7 7.2 126 102 10.9 5.6
"56" "56" 1990-02-27 28.68 "IND" "" "NJN" "W" 5 1 34 0.571 0.429 14.1 22.6 18.8 0 2.9 3.3 23.7 15.9 107 107 11.3 -1.6
"57" "57" 1990-02-28 28.68 "IND" "@" "ATL" "L" -3 1 27 0.6 0.6 4 8.9 6.3 11.6 0 0 0 8 139 112 4.4 -1.6
"58" "58" 1990-03-03 28.69 "IND" "" "LAC" "L" -2 1 28 0.444 0.429 0 27.1 14.9 0 1.8 2.1 11.3 15.1 79 107 3.8 -4.9
"59" "59" 1990-03-04 28.7 "IND" "@" "DET" "L" -6 1 18 0.667 0.667 0 26 12.4 0 0 0 0 7.4 129 113 1.9 -4.7
"60" "60" 1990-03-06 28.7 "IND" "" "WSB" "W" 15 1 27 0.563 0.5 7.9 34.9 22.9 4.7 0 1.9 31.1 10.2 96 94 6.3 -2.5
"61" "61" 1990-03-09 28.71 "IND" "" "PHO" "L" -4 1 19 0.51 0.6 16.8 18 17.4 6 0 3.5 14.5 15.7 106 140 4.1 -7.3
"62" "62" 1990-03-10 28.71 "IND" "@" "CHI" "L" -12 1 25 0.387 0.167 28.1 20.2 24.3 16.4 2 2.6 0 13.1 130 116 9.8 2.5
"63" "63" 1990-03-13 28.72 "IND" "" "SAS" "L" -1 0 17 0.375 0.375 16 12 14.1 0 0 3.4 11.1 21.1 83 99 2.8 -5.8
"64" "64" 1990-03-16 28.73 "IND" "" "ATL" "L" -2 1 30 0.571 0.571 12.6 23 18.1 0 1.8 0 20.2 15 101 106 5.8 -4
"65" "65" 1990-03-17 28.73 "IND" "@" "CLE" "L" -16 1 27 0.3 0.3 15.8 21.2 18.4 0 1.9 0 0 15.1 89 122 4.3 -7.6
"66" "66" 1990-03-20 28.74 "IND" "@" "MIA" "W" 14 1 19 0.4 0.4 5.6 14 10.2 0 0 0 28.6 15.7 64 101 -1.5 -16.8
"67" "67" 1990-03-21 28.74 "IND" "" "MIL" "W" 16 0 13 0.41 0.25 12.7 25 21 0 3.9 4.4 38.1 27.1 62 85 1.8 -10.3
"68" "68" 1990-03-23 28.75 "IND" "" "NJN" "W" 16 1 23 1.042 1 12.6 29.2 22.6 0 0 7.2 18.8 9.6 170 102 10.7 6.6
"69" "69" 1990-03-27 28.76 "IND" "" "BOS" "W" 5 1 29 0.635 0.571 11.5 24.1 18.2 10.5 0 0 27.6 16.2 104 97 6.9 -1.4
"70" "70" 1990-03-29 28.76 "IND" "" "SAC" "W" 10 1 32 0.5 0.5 10.5 31.6 20.4 7.3 3.1 0 20 6.7 116 99 6.9 -1.1
"71" "71" 1990-04-01 28.77 "IND" "@" "CLE" "L" -30 1 29 0.514 0.429 10.6 25.7 18 0 0 0 0 13.2 122 126 7.9 -4.8
"72" "72" 1990-04-03 28.78 "IND" "@" "CHI" "L" -7 0 23 0.347 0 0 20.2 10.4 11.3 2.4 0 0 6 119 123 3.1 -0.4
"73" "73" 1990-04-04 28.78 "IND" "@" "MIL" "L" -5 0 26 0.507 0.5 13.9 16.5 15.1 18.1 0 0 10.1 16.7 118 124 6.7 -3.4
"74" "74" 1990-04-06 28.79 "IND" "@" "ORL" "W" 8 0 22 0.667 0.667 6.1 4.8 5.4 0 2.1 2.5 40 9.7 84 111 1.8 -4.7
"75" "75" 1990-04-08 28.79 "IND" "" "NYK" "W" 2 0 27 0.712 0.6 14.8 14.8 14.8 5.1 0 2.7 32.2 15.9 112 115 6.5 -2.1
"76" "76" 1990-04-10 28.8 "IND" "" "WSB" "W" 2 0 22 0.77 0.75 19.3 25.4 22.7 9.1 0 2.4 10.6 19.8 146 113 12.6 7
"77" "77" 1990-04-12 28.8 "IND" "@" "NYK" "L" -8 0 15 0.51 0.4 7.6 8.4 8 0 3.4 0 14.5 19.7 99 113 3.5 -4.8
"78" "78" 1990-04-14 28.81 "IND" "@" "NJN" "W" 11 0 27 0.5 0.5 4.2 15.1 10 0 1.7 6.9 0 6 119 105 5.8 -1.7
"79" "79" 1990-04-16 28.81 "IND" "" "CHI" "W" 9 0 16 1 1 30 33.3 31.8 0 0 0 0 5.8 205 114 5.5 3.7
"80" "80" 1990-04-18 28.82 "IND" "@" "PHI" "L" -11 0 31 0.45 0.375 12.2 11.3 11.8 4.1 3.1 5.6 10.1 13.8 104 118 8.8 -2.3
"81" "81" 1990-04-20 28.82 "IND" "" "DET" "L" -6 0 20 0.333 0.333 0 20.4 10.7 0 4.7 5.8 25 8.6 50 95 1.9 -1.9
"82" "82" 1990-04-22 28.83 "IND" "@" "WSB" "W" 10 0 29 0.841 0.857 21.2 11.3 16 4.2 0 1.6 26.5 16.1 130 120 13.1 1
"1" "1" 1990-11-02 29.36 "IND" "" "NJN" "W" 19 1 31 0.413 0.417 21.1 37.4 30.4 11.4 1.6 1.8 18.4 21.2 89 71 11.5 1.5
"2" "2" 1990-11-03 29.36 "IND" "@" "ATL" "L" -1 1 37 0.545 0.545 3.3 14 8.5 10.7 1.3 0 15.4 14.2 102 118 7.3 -3.1
"3" "3" 1990-11-06 29.37 "IND" "" "MIN" "W" 2 1 42 0.203 0.154 8.2 20 13.9 0 0 2.8 0 16.5 63 110 1.3 -12.9
"4" "4" 1990-11-09 29.38 "IND" "" "CLE" "W" 15 1 18 0.6 0.6 8.1 32.5 21.6 0 5.5 0 16.7 14.4 110 98 4.9 -2
"5" "5" 1990-11-10 29.38 "IND" "@" "MIA" "L" -15 1 25 0.581 0.5 17.1 35.4 25.4 0 0 2.2 22.5 14.5 108 111 7.4 -1
"6" "6" 1990-11-13 29.39 "IND" "" "PHI" "L" -8 1 30 0.5 0.5 3.3 9.1 5.8 5.9 0 0 16.7 16.9 88 116 4.2 -7.5
"7" "7" 1990-11-14 29.39 "IND" "@" "CLE" "L" -18 1 29 0.25 0.25 10.6 9.2 10 0 0 2.2 27.3 15.9 52 122 -2.8 -16.3
"8" "8" 1990-11-16 29.4 "IND" "" "MIA" "W" 26 1 21 0.509 0.5 0 16 9.5 14.7 4.4 13.1 0 13.9 113 65 10.1 11.4
"9" "9" 1990-11-17 29.4 "IND" "@" "ORL" "L" -7 1 31 0.2 0.2 3.3 19.4 11.4 9.5 3.2 6 28.6 9.5 49 93 2.9 -3.3
"10" "10" 1990-11-21 29.41 "IND" "" "DET" "L" -8 1 34 0.8 0.773 6.8 35 21.3 0 1.6 0 20.2 21.3 117 102 15.6 4.6
"11" "11" 1990-11-23 29.42 "IND" "" "HOU" "W" 1 1 40 0.5 0.5 3.2 14.5 8.6 0 3.7 3.5 16.7 13.3 83 110 7.7 -4.5
"12" "12" 1990-11-24 29.42 "IND" "@" "WSB" "L" -2 1 31 0.145 0 0 30.5 16.3 4.4 1.6 1.8 12.7 11 37 94 0.6 -7.6
"13" "13" 1990-11-27 29.43 "IND" "@" "MIL" "L" -14 1 25 0.625 0.625 9.6 30.5 20.6 7.6 1.9 4.7 20 16.6 104 103 10.6 5.2
"14" "14" 1990-11-28 29.43 "IND" "@" "PHI" "L" -10 1 40 0.556 0.556 8.8 40 23.4 16.2 1.3 0 10 11 124 116 13.3 4.8
"15" "15" 1990-11-30 29.44 "IND" "@" "CHI" "L" -29 1 17 0 0 0 52.9 22.6 0 0 3.3 0 5 0 119 0.7 -8.3
"16" "16" 1990-12-02 29.44 "IND" "" "MIL" "W" 4 1 33 0.489 0.429 24.2 26.8 25.4 9.5 4.5 2.1 30.3 16.4 96 98 11.3 0.6
"17" "17" 1990-12-04 29.45 "IND" "@" "MIN" "L" -2 1 26 0.255 0.2 4.6 30.8 17 12.2 2.2 4.7 25.4 14.9 58 92 2.6 -3.2
"18" "18" 1990-12-05 29.45 "IND" "" "PHO" "W" 5 1 13 0 0 34.3 54.3 43.2 0 0 0 25 12 63 116 -0.8 -17.5
"19" "19" 1990-12-07 29.46 "IND" "" "POR" "L" -22 1 15 0.512 0.5 17.3 41 29.5 0 3.1 4.2 29.1 19.3 85 110 3.6 -4.8
"20" "20" 1990-12-08 29.46 "IND" "" "CLE" "W" 15 1 32 0.25 0.25 10.7 19.2 15.7 16.5 6.3 0 50 11.5 70 96 4.4 -0.1
"21" "21" 1990-12-11 29.47 "IND" "@" "POR" "L" -26 1 24 0 0 0 30.4 15.9 12.1 0 2.4 0 6.9 28 115 1.4 -5.1
"22" "22" 1990-12-12 29.47 "IND" "@" "SEA" "L" -9 1 24 0.296 0.25 17.1 27.8 22.5 0 0 2.6 0 16.6 89 111 4.1 -6.8
"23" "23" 1990-12-15 29.48 "IND" "@" "UTA" "W" 8 1 25 0.322 0.3 9.1 21.9 15 14 3.9 0 0 18.3 97 114 5.9 -5.8
"24" "24" 1990-12-16 29.48 "IND" "@" "LAL" "L" -3 1 25 0.645 0.5 10.4 25.3 17.9 0 2 0 13.9 12.6 126 114 7.7 -0.2
"25" "25" 1990-12-19 29.49 "IND" "" "WSB" "L" -2 0 17 0.25 0.25 0 26.5 14 8 3.1 0 33.3 16.1 43 100 -1.9 -14.7
"26" "26" 1990-12-21 29.5 "IND" "" "CHH" "W" 23 1 26 0.714 0.714 6.6 34 22.4 12.7 3.4 0 41.7 19.4 87 100 7 -2.8
"27" "27" 1990-12-22 29.5 "IND" "@" "CHI" "L" -10 1 30 0.59 0.625 7 7.6 7.3 4.4 1.6 2 24.4 16.9 93 129 6.8 -4.6
"28" "28" 1990-12-26 29.51 "IND" "@" "BOS" "L" -20 0 16 0.425 0.4 5.7 22.5 12.9 0 2.6 0 0 13.4 102 129 2.9 -9.1
"29" "29" 1990-12-29 29.52 "IND" "" "NJN" "W" 9 1 22 0.375 0.375 24.2 21.4 22.6 5.5 0 2.6 11.1 16.6 101 103 5.1 -5.5
"30" "30" 1991-01-02 29.53 "IND" "" "SAS" "W" 12 1 23 0.85 0.8 16.1 8.7 11.3 25.7 0 0 40.5 18.8 115 117 7.6 1.4
"31" "31" 1991-01-04 29.53 "IND" "@" "ATL" "L" -15 1 25 0.643 0.6 0 17.9 9.3 0 4.1 0 42.4 17.3 65 112 2.3 -8.8
"32" "32" 1991-01-05 29.54 "IND" "@" "HOU" "L" -13 1 26 0.667 0.667 9.5 20.9 16.1 5.8 1.7 4.1 53.8 19.7 63 101 3.9 -5.7
"33" "33" 1991-01-08 29.55 "IND" "" "LAC" "L" -15 1 23 0.581 0.5 4.7 20.4 12.3 16.2 3.9 0 0 12.2 136 110 9.4 3.9
"34" "34" 1991-01-10 29.55 "IND" "@" "NYK" "W" 7 1 23 0.643 0.6 16.5 17.8 17.2 30.9 2.2 0 8.4 21.2 147 122 15.3 9.8
"35" "35" 1991-01-12 29.56 "IND" "" "MIL" "W" 8 1 24 0.8 0.8 6.9 14 11.1 16.7 2 0 16.7 11.2 140 109 9 5.4
"36" "36" 1991-01-15 29.56 "IND" "" "ATL" "L" -11 1 24 0.429 0.429 9.3 18.2 13.8 21.1 2 2.5 22.2 16 92 115 5.8 -0.9
"37" "37" 1991-01-16 29.57 "IND" "@" "MIL" "L" -7 1 24 0.563 0.5 11.1 15 13.2 15 0 0 40.3 12.9 94 129 2.4 -6.4
"38" "38" 1991-01-19 29.58 "IND" "" "UTA" "W" 13 1 26 0.661 0.571 9.7 30.8 20 10.4 0 2.4 32.5 19.1 100 105 7.8 -2.1
"39" "39" 1991-01-21 29.58 "IND" "" "LAL" "L" -6 1 29 0.557 0.556 11 25.5 19.2 9.5 1.8 0 28.8 21 92 123 6.3 -5.6
"40" "40" 1991-01-23 29.59 "IND" "@" "PHI" "W" 1 1 25 0.5 0.5 4.9 21.3 12.8 9.8 0 5.6 20 17.4 90 109 4.7 -6.3
"41" "41" 1991-01-25 29.59 "IND" "@" "WSB" "W" 6 1 23 0.666 0.625 10.2 25.5 17.8 13.7 0 0 0 17 151 101 12.9 7.9
"42" "42" 1991-01-30 29.61 "IND" "" "CHH" "W" 18 1 21 0.5 0.5 12.4 27.9 20.5 0 0 2.9 11.1 18.7 101 107 4.6 -9.6
"43" "43" 1991-02-01 29.61 "IND" "@" "MIA" "L" -3 1 27 0.697 0.667 20.9 8.7 14.2 12.1 0 2 15.7 19.8 132 120 12.6 1.8
"44" "44" 1991-02-02 29.61 "IND" "" "SEA" "W" 6 1 31 0.444 0.444 11.9 18.4 15.9 18.9 3.1 5.9 18.2 15.5 98 92 9.5 4.1
"45" "45" 1991-02-05 29.62 "IND" "@" "DAL" "L" -5 1 17 0.773 0.667 0 35.3 21.2 7.8 0 0 34 16.2 103 112 4 -4.8
"46" "46" 1991-02-07 29.63 "IND" "@" "SAS" "L" -10 1 25 0.727 0.667 0 10.4 4.7 17.8 0 0 0 11.3 155 119 8.9 4.6
"47" "47" 1991-02-12 29.64 "IND" "" "NYK" "L" -4 1 22 0.597 0.6 0 23.6 13.2 26.5 6.9 0 8.4 25.7 117 107 12.4 7.9
"48" "48" 1991-02-13 29.64 "IND" "@" "DET" "W" 4 1 28 0.508 0.429 4.9 23.5 15.9 16.7 1.7 0 16 29.5 94 95 9.9 -0.6
"49" "49" 1991-02-17 29.65 "IND" "" "SAC" "W" 3 1 23 0.512 0.5 5 9.5 7.3 11.7 0 0 17 11.1 105 118 1.9 -7.1
"50" "50" 1991-02-19 29.66 "IND" "@" "CHH" "W" 13 1 18 0.667 0.667 0 17 9.6 13.1 5.7 6.9 25 9.3 108 95 6.6 7.4
"51" "51" 1991-02-20 29.66 "IND" "" "ORL" "W" 2 1 27 0.547 0.545 12.5 12 12.3 12.2 3.6 2 25.2 24.6 92 105 9.6 -1.1
"52" "52" 1991-02-22 29.67 "IND" "@" "CLE" "W" 8 1 13 0.4 0.4 0 15.7 9.2 9.8 0 0 16.7 19 76 101 0.4 -11.9
"53" "53" 1991-02-24 29.67 "IND" "" "BOS" "W" 6 0 9 0.667 0.667 12.4 41 26 33 0 0 40 24 94 109 3.7 2.2
"54" "54" 1991-02-26 29.68 "IND" "@" "NJN" "L" -25 1 17 0.317 0.286 5 32.1 16.8 0 0 0 20.2 21.3 63 121 -0.5 -15.9
"55" "55" 1991-02-27 29.68 "IND" "" "DAL" "L" -4 1 20 0.333 0.333 12.6 15 14 41.1 0 3.2 14.3 15 96 116 5.7 3.6
"56" "56" 1991-03-01 29.69 "IND" "" "CLE" "W" 3 1 18 0.615 0.615 18.2 11.6 14.8 19.3 2.7 6.8 27.8 42.1 91 111 10.8 -1
"57" "57" 1991-03-02 29.69 "IND" "" "CHI" "W" 21 1 27 0.874 0.857 0 24.8 14 13.2 1.7 4.2 21.2 14.7 137 106 14 8
"58" "58" 1991-03-04 29.7 "IND" "@" "BOS" "L" -25 0 9 0.387 0.333 0 29.6 13.9 0 0 0 34 28.5 50 125 -1.3 -23
"59" "59" 1991-03-05 29.7 "IND" "" "CHH" "W" 11 1 25 0.507 0.5 8.5 21.8 15.1 10.6 0 4.6 18.4 18.7 98 105 6.3 -6.3
"60" "60" 1991-03-07 29.7 "IND" "" "DEN" "W" 20 1 9 0 0 27.6 15 20.7 0 0 9.4 25 42 19 94 -6.4 -44.2
"61" "61" 1991-03-09 29.71 "IND" "" "DET" "L" -2 1 14 0.5 0.5 18 25.4 22.4 33 3.7 0 33.3 19.3 96 109 3.7 -0.4
"62" "62" 1991-03-12 29.72 "IND" "@" "GSW" "L" -12 0 4 0 0 0 0 0 0 0 0 0 9.9 0 137 -0.7 -16.2
"63" "63" 1991-03-14 29.72 "IND" "@" "SAC" "W" 4 1 25 0.425 0.4 11.3 30.7 22.9 0 0 2.5 46 19.7 56 105 0.6 -11.3
"64" "64" 1991-03-15 29.73 "IND" "@" "LAC" "W" 12 1 19 0.6 0.6 17.2 16.8 17 7.3 0 0 0 11.2 150 115 5.4 -3.4
"65" "65" 1991-03-17 29.73 "IND" "@" "DEN" "W" 38 1 13 0.25 0.25 7.9 42.2 28.4 0 3.3 0 20 14.5 57 62 1.5 -8.3
"66" "66" 1991-03-18 29.73 "IND" "@" "PHO" "L" -8 1 13 0.581 0.5 20.5 41 28.7 23.9 0 10.1 12.7 22.3 123 98 10.1 14.5
"67" "67" 1991-03-20 29.74 "IND" "" "MIA" "W" 10 1 34 0.492 0.455 16.6 22.5 19.3 7.3 1.4 5.3 13.2 17.4 108 100 13.7 -0.4
"68" "68" 1991-03-22 29.75 "IND" "" "BOS" "W" 12 1 30 0.649 0.727 33.8 34.8 34.3 27.3 1.7 0 7.5 18 146 106 24.4 14.2
"69" "69" 1991-03-23 29.75 "IND" "@" "CHI" "L" -14 1 27 0.615 0.615 5.6 11.1 8.3 19.9 0 2.5 18.8 25.3 102 138 9.2 -4.4
"70" "70" 1991-03-26 29.76 "IND" "" "ATL" "W" 10 1 29 0.667 0.667 5 20 14.6 5.4 0 1.9 25 22.5 94 108 9 -4.4
"71" "71" 1991-03-27 29.76 "IND" "@" "DET" "L" -9 1 24 0.667 0.667 5.9 18.6 13 17.6 2.2 0 57.1 13.9 74 107 2.9 -0.6
"72" "72" 1991-03-31 29.77 "IND" "" "GSW" "W" 7 1 18 0.399 0 7.5 21.8 15.8 0 2.9 0 34.7 14.5 69 111 1.3 -9.4
"73" "73" 1991-04-03 29.78 "IND" "" "PHI" "L" -3 1 29 0.5 0.5 3.8 37.9 21.6 26.1 1.7 3.8 14.3 10.1 115 99 11.8 7.6
"74" "74" 1991-04-05 29.78 "IND" "" "WSB" "W" 14 1 12 0.4 0.4 8.2 15.4 11.9 10.3 0 0 0 17.3 107 108 3.3 -5.5
"75" "75" 1991-04-06 29.79 "IND" "@" "ATL" "L" -27 1 25 0.4 0.4 0 28.1 12.9 10.1 0 2.2 37.5 12.9 58 130 0.6 -8.2
"76" "76" 1991-04-09 29.79 "IND" "@" "CHH" "W" 2 1 15 1 1 0 8.2 3.7 0 3 0 33.3 7.6 109 114 2.9 -3.2
"77" "77" 1991-04-10 29.8 "IND" "" "CHI" "L" -5 1 31 0.63 0.556 13.5 32.6 22.1 16.4 0 0 8.8 15.9 139 118 13.4 4.6
"78" "78" 1991-04-12 29.8 "IND" "@" "NYK" "L" -4 1 26 0.414 0.4 8.6 17.2 12.9 11 1.8 0 35.5 27.8 62 110 1 -13.2
"79" "79" 1991-04-14 29.81 "IND" "" "DET" "W" 18 1 30 0.648 0.615 15.6 32.7 24.9 10.3 0 0 17.8 24.3 118 104 14.7 -0.4
"80" "80" 1991-04-16 29.81 "IND" "@" "NJN" "W" 6 1 27 0.833 0.833 4.8 33.5 21.7 0 1.6 1.8 40 14.8 93 105 8.4 -0.8
"81" "81" 1991-04-19 29.82 "IND" "" "NYK" "W" 12 1 23 0.354 0.333 11.6 14.6 13.2 9.8 0 0 23.3 23.7 76 124 0.6 -16.3
"82" "82" 1991-04-20 29.82 "IND" "@" "MIL" "L" -33 1 13 0.5 0.5 16.1 17.6 16.8 0 0 4.7 60 14.8 50 126 0.3 -14.7
"1" "1" 1991-11-02 30.36 "IND" "" "UTA" "W" 15 1 24 0.444 0.2 4.2 29.8 16.8 20 1.9 0 12.9 13.2 108 102 7.3 0.7
"2" "2" 1991-11-05 30.37 "IND" "@" "PHO" "W" 6 1 17 0.085 0 12.3 13.7 13.1 0 2.8 6.3 14.5 16.9 38 97 -0.4 -12.6
"3" "3" 1991-11-06 30.37 "IND" "@" "SAC" "L" -10 1 15 0.667 0.667 0 34 17.4 0 0 3.7 50 15.7 56 101 1.9 -5.4
"4" "4" 1991-11-08 30.38 "IND" "@" "POR" "L" -25 1 15 0.5 0.5 7.4 6.3 6.8 0 0 0 60 13.2 43 122 -2.2 -16.1
"5" "5" 1991-11-09 30.38 "IND" "@" "SEA" "L" -7 1 13 0.429 0.429 42.2 18 29.1 13.2 0 0 12.5 28.6 107 128 5 -6.5
"6" "6" 1991-11-11 30.39 "IND" "@" "LAC" "L" -9 1 15 0.82 0.75 24 8 16 31.6 6.4 4.1 29.1 18.7 131 97 10.8 19.1
"7" "7" 1991-11-13 30.39 "IND" "" "NYK" "W" 3 1 23 0.258 0 0 17.8 9.9 9.9 2.1 0 0 7.4 83 107 1.9 -4.6
"8" "8" 1991-11-15 30.4 "IND" "" "SEA" "L" -16 1 20 0.571 0.571 5.2 11.2 8.1 19.8 2.4 0 22.2 18.9 97 126 5.5 -2.9
"9" "9" 1991-11-16 30.4 "IND" "@" "CLE" "L" -10 1 17 0 0 5.6 20.2 12.3 6 0 0 0 6.9 47 134 -0.6 -11.4
"10" "10" 1991-11-18 30.41 "IND" "" "DET" "W" 17 0 6 0 0 0 18.6 10.1 36.4 0 0 0 22.8 39 111 -0.4 -13.2
"11" "11" 1991-11-20 30.41 "IND" "@" "BOS" "L" -15 0 11 1.136 NA 9.5 20.8 14.9 0 0 5.4 53.2 6.9 122 110 2.2 -2
"12" "12" 1991-11-22 30.42 "IND" "@" "CHH" "L" -2 0 13 0.644 0.667 8 37.7 23.3 18.6 3.6 12 20.5 14.8 118 89 8.2 15.3
"13" "13" 1991-11-23 30.42 "IND" "" "MIA" "W" 36 0 10 1 1 0 46.2 27.6 0 0 6.6 0 8.7 200 68 4.4 8
"14" "14" 1991-11-27 30.43 "IND" "@" "DAL" "L" -7 1 29 0.533 0.444 8.1 16.2 12.6 5.1 3.3 1.9 22.5 18.6 96 109 7.6 -2.6
"15" "15" 1991-11-29 30.44 "IND" "" "HOU" "W" 20 0 9 0.68 0.6 15.7 23.2 20 24.2 0 0 14.5 29.7 137 115 6.6 2.6
"16" "16" 1991-11-30 30.44 "IND" "@" "MIL" "L" -18 0 12 0.307 0.25 29.3 10.5 20.3 0 0 0 29.1 22 70 134 -0.2 -17.8
"17" "17" 1991-12-03 30.45 "IND" "@" "DET" "W" 9 0 7 1 1 0 13.7 8.1 20.7 0 0 0 6.7 202 109 1.1 -1.8
"18" "18" 1991-12-04 30.45 "IND" "" "PHO" "L" -6 0 6 0 0 17.8 31.4 25 36.4 0 0 20 34 35 112 -1.5 -21.1
"19" "19" 1991-12-06 30.45 "IND" "" "MIL" "W" 20 0 15 0.773 0.667 7 32 20 7.2 8.9 0 43.6 17.3 91 77 6 0.1
"20" "20" 1991-12-07 30.46 "IND" "" "POR" "L" -3 0 10 0.333 0.333 0 0 0 0 0 12.6 0 13.2 65 114 0.9 -5.1
"21" "21" 1991-12-10 30.47 "IND" "" "SAS" "W" 7 0 16 0 0 7 34.9 20.9 27.3 3 4.1 25 10.1 47 94 1.7 -1.6
"22" "22" 1991-12-13 30.47 "IND" "" "DAL" "W" 16 0 13 NA NA 0 37.7 20.7 8 0 0 NA 0 215 106 1.4 -2.7
"23" "23" 1991-12-14 30.48 "IND" "" "DEN" "W" 21 0 13 0.68 0.6 0 27.4 15.7 10.9 0 0 0 18.5 149 104 6.4 -0.6
"24" "24" 1991-12-17 30.48 "IND" "@" "ATL" "L" -4 0 15 0.667 0.667 8.2 19.6 14.5 0 0 3.4 0 8.4 148 120 4.6 1.3
"25" "25" 1991-12-18 30.49 "IND" "@" "MIA" "L" -6 0 19 0.429 0.429 6.2 24.5 16.4 15.7 0 3.2 30 21.3 70 102 2.8 -5.3
"26" "26" 1991-12-21 30.5 "IND" "" "NJN" "W" 9 0 8 0 0 0 38.2 20.3 14.4 0 0 33.3 16 19 96 -1.6 -17.4
"27" "27" 1991-12-26 30.51 "IND" "" "PHI" "L" -3 0 18 0.8 0.8 7.6 20.5 14.4 8.8 0 3.4 28.6 17.1 106 119 5.9 -2.2
"28" "28" 1991-12-28 30.52 "IND" "@" "NYK" "L" -9 0 13 0.143 0.143 7.8 8.9 8.3 13.2 7.2 0 12.5 26.3 39 93 -0.6 -9.8
"29" "29" 1991-12-30 30.52 "IND" "" "CHI" "L" -5 0 15 0.694 0.5 7 18.3 11.9 8.9 0 4.8 0 7.8 167 113 4.5 2.1
"30" "30" 1992-01-03 30.53 "IND" "@" "LAL" "W" 27 0 15 0.592 0.4 9.7 11.4 10.8 17.5 3.3 0 12.9 22.4 132 91 7.2 3.2
"31" "31" 1992-01-04 30.53 "IND" "@" "GSW" "L" -19 0 10 0.868 1 8.6 13.3 10.4 0 4.4 0 25.8 13.8 122 124 4.6 3.5
"32" "32" 1992-01-06 30.54 "IND" "@" "UTA" "L" -16 0 22 0.75 0.75 6.4 15.6 11.5 18 2.1 0 42.9 13.1 92 120 4.9 -2.1
"33" "33" 1992-01-08 30.55 "IND" "" "LAC" "L" -2 0 25 0.568 0.545 0 30.7 17.3 13.5 0 0 7.5 23.5 109 107 9.1 -1.6
"34" "34" 1992-01-11 30.55 "IND" "" "ATL" "W" 23 0 9 0.887 0.667 40 16.2 25.2 12.9 0 0 26.2 33.7 147 106 8.5 2.9
"35" "35" 1992-01-14 30.56 "IND" "@" "WSB" "L" -9 0 10 0.4 0.4 11.4 26.4 18.3 0 0 0 0 22.7 94 117 1.4 -10.6
"36" "36" 1992-01-15 30.56 "IND" "" "DET" "L" -14 0 14 0.2 0.2 8.2 28.6 17.6 0 0 0 0 15.6 63 127 -0.7 -17.8
"37" "37" 1992-01-17 30.57 "IND" "" "ORL" "L" -7 0 17 0.307 0.25 7.4 20.2 14.1 6.3 0 4 29.1 16 64 123 0 -12.3
"38" "38" 1992-01-18 30.57 "IND" "" "MIA" "W" 24 0 6 0.25 0.25 0 0 0 0 7.9 0 0 28 56 96 -0.2 -21.2
"39" "39" 1992-01-20 30.58 "IND" "@" "NYK" "L" -8 0 9 0.798 1 11.9 11.3 11.6 0 0 0 34.7 13.8 101 112 1.5 -6.8
"40" "40" 1992-01-22 30.58 "IND" "@" "CLE" "L" -4 0 10 0 0 32.4 25.9 29.4 0 0 0 33.3 12.6 52 119 -0.1 -15.4
"41" "41" 1992-01-24 30.59 "IND" "" "CLE" "L" -2 0 14 0.5 0.5 0 6.5 4.1 17.3 11.7 0 33.3 10.8 87 100 3.9 6.1
"42" "42" 1992-01-29 30.6 "IND" "@" "PHI" "W" 25 1 24 0.85 0.8 17.6 34 27.6 5.7 2.1 2.5 25.4 14.5 133 83 12.5 8
"43" "43" 1992-01-31 30.61 "IND" "" "ATL" "W" 9 1 27 0.429 0.429 7.5 18.5 13.1 15.1 0 2.4 30 15.3 78 101 3.8 -6
"44" "44" 1992-02-02 30.61 "IND" "@" "DEN" "W" 6 1 26 0.8 0.8 7.7 38.2 24.4 13.1 3.7 0 16.7 20.8 130 116 14.9 4.8
"45" "45" 1992-02-03 30.62 "IND" "@" "HOU" "L" -11 1 17 0.387 0.333 22.4 21.2 21.9 0 2.7 3.5 0 16.6 112 109 7.9 1.9
"46" "46" 1992-02-06 30.62 "IND" "@" "SAS" "W" 11 1 15 1 1 9.4 16.4 13.2 0 9.6 0 33.3 8.8 126 92 6.3 7.3
"47" "47" 1992-02-11 30.64 "IND" "@" "ORL" "W" 2 1 17 0.667 0.667 6.9 31.4 19.7 27 2.9 3.9 25 9.7 122 91 6.1 8.2
"48" "48" 1992-02-12 30.64 "IND" "" "NYK" "L" -7 1 25 0.667 0.667 15.6 3.8 8.8 8.1 4 2.4 20 26.3 106 115 11.6 2.6
"49" "49" 1992-02-14 30.65 "IND" "" "MIL" "W" 7 1 15 0.25 0.25 16.8 18.5 17.8 16.1 3.3 3.9 42.9 20 58 95 1.6 -5.2
"50" "50" 1992-02-15 30.65 "IND" "@" "MIN" "W" 16 1 15 0.5 0.5 20.6 27.2 24.6 21.2 0 0 27.3 32.6 90 105 3.8 -11.5
"51" "51" 1992-02-17 30.65 "IND" "" "CHH" "W" 11 1 14 0.615 0.5 0 38.1 23.6 14.9 0 0 0 14.3 150 110 7.2 4.3
"52" "52" 1992-02-19 30.66 "IND" "" "SAC" "W" 14 1 11 0 0 0 25.2 14.5 0 0 5.3 0 14.6 0 104 -1.6 -18.9
"53" "53" 1992-02-21 30.67 "IND" "@" "NJN" "L" -4 1 10 1 1 8.7 20.9 14.3 0 4.6 0 50 15.5 89 94 2.5 -2.4
"54" "54" 1992-02-23 30.67 "IND" "" "BOS" "W" 7 1 16 0.667 0.667 7.5 29.4 19.8 8.8 3.2 0 25 11.1 105 93 4.4 -0.2
"55" "55" 1992-02-26 30.68 "IND" "@" "BOS" "L" -21 1 17 0 0 12.8 27.5 19.9 7.4 2.7 0 40 11.1 32 119 -0.6 -9.2
"56" "56" 1992-02-28 30.68 "IND" "" "ORL" "W" 5 1 26 0.5 0.5 5.6 32.3 20.2 0 1.8 0 14.3 11.7 92 109 3.8 -10
"57" "57" 1992-02-29 30.69 "IND" "@" "CHH" "L" -2 1 19 0.788 0.75 13.7 12 12.8 17.5 0 0 31.1 26.7 110 123 9 -0.8
"58" "58" 1992-03-03 30.7 "IND" "@" "CHI" "W" 2 1 13 0.338 0.25 0 0 0 19.8 8 0 0 14.5 103 103 3.6 5.9
"59" "59" 1992-03-04 30.7 "IND" "@" "DET" "L" -3 1 11 0.333 0.333 25.4 17.5 20.7 30.7 0 0 0 26.1 100 109 2.8 -3.7
"60" "60" 1992-03-06 30.7 "IND" "@" "ATL" "W" 2 1 19 0.6 0.6 0 10.9 5.6 0 2.6 3 9.1 25.4 106 100 6.7 -0.3
"61" "61" 1992-03-07 30.71 "IND" "" "MIN" "W" 11 1 29 0.658 0.667 11.8 38.2 26.4 15.5 1.8 0 0 14.2 154 95 15.9 7.2
"62" "62" 1992-03-10 30.72 "IND" "" "WSB" "W" 10 1 22 0.5 0.5 5.2 28.8 18.4 17.4 0 0 0 8.5 129 96 6.5 3.7
"63" "63" 1992-03-11 30.72 "IND" "@" "PHI" "L" -18 1 18 0.5 0.5 6.2 51.9 27 16.8 0 0 20 12 98 112 4.8 1.6
"64" "64" 1992-03-13 30.72 "IND" "@" "ORL" "L" -1 1 18 0.333 0.333 0 16.3 10 8.5 0 0 40 13.1 47 105 -1.3 -11.7
"65" "65" 1992-03-16 30.73 "IND" "" "LAL" "W" 13 1 21 0.75 0.75 5.7 24.9 16.8 14.2 2.5 5.5 0 8.4 165 80 8.7 11
"66" "66" 1992-03-18 30.74 "IND" "@" "MIA" "W" 5 1 24 0.773 0.667 11 15.1 13.1 14 0 0 43.6 12.8 102 109 4.2 -1.6
"67" "67" 1992-03-20 30.74 "IND" "" "MIL" "W" 5 1 24 0.129 0 0 26 13.4 6.3 4.5 0 43.6 12.9 24 90 -1.2 -8.9
"68" "68" 1992-03-22 30.75 "IND" "" "PHI" "W" 8 1 15 0.333 0.333 6.8 31.2 18.2 8.5 7 5.2 0 8.4 107 92 4.8 5.8
"69" "69" 1992-03-24 30.75 "IND" "@" "CLE" "L" -15 1 11 0.4 0.4 11.5 12.8 12.1 0 0 5.9 28.6 28.7 64 133 -0.6 -23.2
"70" "70" 1992-03-25 30.76 "IND" "@" "WSB" "W" 22 1 19 0.667 0.667 0 0 0 6.5 2.6 0 10 24 118 114 8.4 -2.1
"71" "71" 1992-03-27 30.76 "IND" "" "GSW" "L" -8 1 14 0.615 0.5 0 37.3 21.7 16.1 3.3 0 29.1 10.2 111 111 3.7 1.1
"72" "72" 1992-04-01 30.78 "IND" "" "ATL" "W" 20 1 21 0.4 0.4 5.3 25.4 15.6 9.2 0 0 0 9.5 119 118 3.7 -6.3
"73" "73" 1992-04-03 30.78 "IND" "" "BOS" "W" 4 1 17 0.282 0.25 10.7 27.7 19 9 0 3.1 10.1 24.4 72 96 2.7 -7.2
"74" "74" 1992-04-05 30.79 "IND" "" "NJN" "L" -8 1 19 0 0 14.9 47.4 27.4 5.7 2.4 3.4 50 4.1 85 116 3.4 -2.4
"75" "75" 1992-04-08 30.79 "IND" "@" "MIL" "W" 15 1 16 0.167 0.167 5.9 39.1 21.6 12.5 0 0 14.3 17.4 60 100 -0.5 -13.9
"76" "76" 1992-04-10 30.8 "IND" "" "CHI" "L" -12 1 19 0.563 0.5 10.8 30.8 20.1 8.2 0 3.4 31.1 15.7 92 112 3.7 -4.1
"77" "77" 1992-04-11 30.8 "IND" "@" "CHI" "L" -2 1 18 0.6 0.6 23.5 20 21.6 8.6 0 0 28.6 17.4 104 119 4.6 -1.2
"78" "78" 1992-04-14 30.81 "IND" "" "CHH" "W" 27 1 20 0.571 0.571 10.9 15 13 11.3 0 0 12.5 15.5 118 100 5.8 -4
"79" "79" 1992-04-16 30.82 "IND" "@" "NJN" "W" 6 1 17 0.608 0.5 12.8 24.6 18.8 7.2 2.8 0 25.8 18.6 107 106 5.7 -1.8
"80" "80" 1992-04-17 30.82 "IND" "" "CLE" "L" -5 1 22 0.4 0.4 4.8 24.8 14.7 12.2 4.5 2.8 0 9.6 113 100 6 2.5
"1" "1" 1992-11-07 31.38 "IND" "" "DET" "L" -2 0 10 0.51 0.4 20.4 36 27.6 0 5.5 0 0 26.6 126 87 5.8 8.6
"2" "2" 1992-11-09 31.38 "IND" "@" "CHI" "L" -5 0 14 0.5 0.5 13.2 14.6 13.9 0 0 0 33.3 18.4 78 117 1.6 -8.7
"3" "3" 1992-11-11 31.39 "IND" "" "PHI" "W" 6 0 6 0.4 0.4 25 14 18 0 0 9.1 0 35.4 94 106 3 -7.9
"4" "4" 1992-11-13 31.39 "IND" "" "CHH" "W" 1 0 18 0.661 0.714 5.7 29 17.2 11.3 7.9 3.4 10.7 21.2 114 90 12.5 13.9
"5" "5" 1992-11-14 31.39 "IND" "@" "DET" "W" 4 0 21 0.307 0.25 0 23.8 13.9 5.9 4.8 0 17 12.3 65 94 1.8 -4.7
"6" "6" 1992-11-17 31.4 "IND" "" "DEN" "W" 30 0 16 0.8 0.8 8.8 11.5 10.5 0 0 0 28.6 17.4 103 96 4.2 -4.5
"7" "7" 1992-11-20 31.41 "IND" "" "UTA" "L" -2 0 16 0.25 0.25 11.8 20.3 16.4 0 0 3 0 10.5 81 97 0.9 -8.7
"8" "8" 1992-11-21 31.41 "IND" "@" "MIL" "L" -10 0 14 0.307 0.25 0 18 7.8 0 0 0 29.1 19 48 107 -2 -14.1
"9" "9" 1992-11-24 31.42 "IND" "" "MIA" "W" 32 0 7 0.644 0.667 0 12.9 7.1 0 0 0 0 23.2 134 92 2.8 -2.2
"10" "10" 1992-11-25 31.42 "IND" "@" "MIA" "L" -17 0 9 0.333 0.333 0 14.4 6.5 0 0 0 25 20 49 120 -0.8 -15.8
"11" "11" 1992-11-27 31.43 "IND" "" "ORL" "L" -14 0 12 0.5 0.5 0 50 20.5 20 0 0 0 13.5 128 132 4.2 1.3
"12" "12" 1992-11-28 31.43 "IND" "@" "CHH" "W" 12 0 11 0 0 21.8 10.6 16.2 26.7 0 0 25 14.7 73 128 -0.1 -11.6
"13" "13" 1992-12-01 31.44 "IND" "@" "ATL" "L" -12 0 6 0.667 0.667 20.5 14.8 17.2 34.8 0 0 40 33.8 86 110 0.4 -15.2
"14" "14" 1992-12-02 31.44 "IND" "" "POR" "L" -9 0 15 0.6 0.6 6.7 32 18.2 21.8 3.3 0 0 14.2 134 105 6 6.4
"15" "15" 1992-12-04 31.45 "IND" "" "ATL" "W" 16 0 18 0.8 0.8 0 11.9 6.8 7.3 2.8 3.5 0 11.8 167 108 7.9 6.9
"16" "16" 1992-12-05 31.45 "IND" "@" "WSB" "W" 2 0 2 NA NA 0 55.8 28.2 0 0 0 NA 0 0 102 -0.1 -10.7
"17" "17" 1992-12-10 31.47 "IND" "@" "SAC" "W" 7 0 11 0.515 0.333 0 18.6 10.1 0 0 0 0 15 119 103 1.7 -5.7
"18" "18" 1992-12-11 31.47 "IND" "@" "POR" "W" 10 0 9 0 0 0 21.8 12.2 11.9 0 13.6 0 4.6 55 94 2 6.2
"19" "19" 1992-12-13 31.47 "IND" "@" "LAC" "L" -11 0 5 NA NA 0 0 0 0 0 0 NA 0 0 112 -0.4 -8.3
"20" "20" 1992-12-16 31.48 "IND" "" "BOS" "W" 23 0 10 1 1 10.2 16 13.5 0 0 5.5 33.3 12 115 91 4.4 5.4
"21" "21" 1992-12-18 31.49 "IND" "@" "DET" "L" -16 0 3 NA NA 0 0 0 0 16 0 NA 0 0 97 1 10.4
"22" "22" 1992-12-19 31.49 "IND" "" "NJN" "W" 14 0 10 0.512 0.5 0 20.9 10.2 0 0 0 29.1 27.2 69 113 0.4 -15.9
"23" "23" 1992-12-21 31.5 "IND" "@" "PHI" "L" -12 0 4 0.333 0.333 25 25 25 0 0 0 0 30 88 113 1.3 -7.2
"24" "24" 1992-12-23 31.5 "IND" "@" "CLE" "L" -14 0 10 0.6 0.6 0 0 0 0 0 7.7 16.7 25.4 101 133 2.2 -7.2
"25" "25" 1992-12-26 31.51 "IND" "" "CHI" "L" -11 0 5 0 0 0 0 0 0 11.2 0 0 8.9 0 96 -0.1 -7.7
"26" "26" 1992-12-29 31.52 "IND" "@" "NYK" "L" -6 0 14 0.4 0.4 0 17.1 8.2 14.2 0 0 16.7 19.2 71 102 0 -7.6
"27" "27" 1992-12-30 31.52 "IND" "" "NYK" "L" -4 0 15 0.363 0.333 20.9 14.9 18 11.6 7.4 0 12.7 23.4 90 98 4.8 0.3
"28" "28" 1993-01-02 31.53 "IND" "@" "CHI" "L" -9 0 17 0.333 0.333 7.2 10.7 9.2 9 0 0 25 21.6 64 125 -1 -16.9
"29" "29" 1993-01-06 31.54 "IND" "@" "BOS" "L" -9 0 17 0.436 0.333 7.1 14.1 10.6 0 0 0 22.5 11.6 81 115 0.8 -9.1
"30" "30" 1993-01-09 31.55 "IND" "@" "ORL" "W" 16 0 1 NA NA 0 0 0 0 0 0 NA 0 0 101 0 -5.6
"31" "31" 1993-01-23 31.59 "IND" "" "HOU" "L" -13 0 13 0 0 15.7 27 21 9.7 0 0 42.9 22.3 24 117 -3.6 -23
"32" "32" 1993-01-24 31.59 "IND" "@" "CHH" "W" 7 0 7 0 0 0 31.9 15.2 0 0 8.9 0 5.5 0 97 0.2 -5.6
"33" "33" 1993-01-27 31.6 "IND" "@" "PHI" "W" 2 0 5 0 0 0 32.1 12.5 0 0 0 0 16.9 0 123 -1.5 -26.8
"34" "34" 1993-02-02 31.61 "IND" "@" "HOU" "L" -11 0 14 0.667 0.667 0 33 17.5 10.7 0 4.5 40 15.2 76 109 2 -6
"35" "35" 1993-02-04 31.62 "IND" "@" "SAS" "L" -18 0 7 1 1 0 20.8 8.3 0 0 0 0 16.5 200 132 4.2 5.2
"36" "36" 1993-02-05 31.62 "IND" "@" "DAL" "L" -1 0 21 0.34 0.4 12.4 4.3 7.6 0 0 2.6 0 12.5 91 121 2.1 -7.7
"37" "37" 1993-02-28 31.68 "IND" "" "DAL" "W" 14 0 16 0.286 0.286 13 38.9 27 30 0 0 0 19.1 100 94 4.3 -3.1
"38" "38" 1993-03-02 31.69 "IND" "" "SAS" "W" 14 0 3 0.568 NA 0 31.4 18.2 0 0 0 53.2 31.4 53 97 -1.3 -39.1
"39" "39" 1993-03-04 31.7 "IND" "" "ATL" "W" 25 0 13 0.615 0.5 9.5 13.2 11.7 0 0 9.6 29.1 10.8 104 112 2.5 -3.7
"40" "40" 1993-03-07 31.7 "IND" "@" "MIA" "L" -15 0 3 0.5 0.5 0 0 0 0 0 0 0 33 100 145 1 -7.3
"41" "41" 1993-03-08 31.71 "IND" "" "SEA" "W" 6 0 4 0 0 0 0 0 0 0 0 0 10.5 0 113 -1.5 -23.5
"42" "42" 1993-03-10 31.71 "IND" "@" "ORL" "L" -13 0 10 0.333 0.333 0 25.9 13 13.3 0 0 25 18 61 127 -0.6 -13.9
"43" "43" 1993-03-14 31.72 "IND" "@" "NYK" "L" -31 0 11 1 1 0 35.4 16.2 0 0 0 0 15.4 200 119 6.5 9.7
"44" "44" 1993-03-17 31.73 "IND" "" "MIL" "W" 23 0 6 0.2 0.2 30.2 0 16 20.5 0 11.4 0 31.5 105 103 0.9 -12.5
"45" "45" 1993-03-19 31.74 "IND" "" "CHH" "W" 4 0 7 1.017 1 16.3 40.3 27.1 0 8 0 12.7 50 166 103 12.3 38.6
"46" "46" 1993-03-21 31.74 "IND" "@" "PHO" "W" 1 0 28 0.625 0.625 9 8.4 8.7 5.1 3.6 5.2 20 14.9 108 109 9.3 3.1
"47" "47" 1993-03-23 31.75 "IND" "@" "UTA" "L" -18 0 20 0 0 5.2 6.5 5.8 6.5 2.6 0 0 6.5 43 128 -0.2 -10.8
"48" "48" 1993-03-25 31.75 "IND" "@" "SEA" "W" 3 0 18 0.5 0.5 0 16.7 11.1 6.3 0 6.5 33.3 8 79 120 1.8 -1.2
"49" "49" 1993-03-27 31.76 "IND" "@" "DEN" "L" -17 0 7 0.5 0.5 12.2 0 6.7 0 6.8 7.5 33.3 17.2 78 113 1.6 -3.8
"50" "50" 1993-03-28 31.76 "IND" "@" "LAL" "L" -2 0 14 1.136 NA 8.8 40.8 25.4 9.8 0 5.4 82 15.4 53 94 0.8 -6.3
"51" "51" 1993-03-31 31.77 "IND" "" "WSB" "W" 19 0 7 0.5 0.5 0 0 0 32.5 7.6 0 0 12.4 144 96 3 13.9
"52" "52" 1993-04-02 31.78 "IND" "" "ORL" "W" 16 0 16 0.4 0.4 6.7 25 16.1 8.3 12.7 0 28.6 18.3 73 81 4.3 1
"53" "53" 1993-04-04 31.78 "IND" "" "PHO" "L" -10 0 18 1 1 4.8 16.7 9.2 0 3 10.3 0 2.5 203 116 4.6 3.3
"54" "54" 1993-04-06 31.79 "IND" "@" "NJN" "W" 13 0 25 0.6 0.6 16 14.8 15.3 0 2.1 0 0 8.9 141 92 6.8 0.8
"55" "55" 1993-04-07 31.79 "IND" "@" "MIN" "W" 8 0 15 0.615 0.5 18.3 11 15 0 0 0 17 17.6 124 124 3.5 -8.6
"56" "56" 1993-04-10 31.8 "IND" "" "CHI" "L" -5 0 4 0.333 0.333 70.6 47.1 56.5 0 14 0 0 37.2 100 63 2.5 2.3
"57" "57" 1993-04-13 31.81 "IND" "@" "BOS" "L" -6 0 11 0.532 0 0 9.5 5.4 14.5 0 0 0 8 140 114 1.5 0.3
"58" "58" 1993-04-14 31.81 "IND" "" "NJN" "W" 19 0 19 1.02 1 10.1 8.9 9.4 0 8 0 0 12.9 210 85 14.7 18.9
"59" "59" 1993-04-16 31.81 "IND" "" "NYK" "W" 6 0 17 0.581 0.5 23 6.6 15.3 0 0 4.6 12.7 21.3 122 107 6.6 0.5
"60" "60" 1993-04-18 31.82 "IND" "@" "MIL" "W" 10 0 9 0.515 0.333 14 35.6 23.5 15 0 0 20.5 26.8 108 116 2.5 -9
"61" "61" 1993-04-20 31.82 "IND" "@" "ATL" "L" -9 0 12 0.727 0.667 18.2 18.2 18.2 0 0 5.1 30.4 36.1 99 114 5.9 -2.7
"62" "62" 1993-04-21 31.83 "IND" "" "CLE" "L" -16 0 8 0.5 0.5 0 52.9 22.8 0 0 0 0 10.9 110 114 1.5 -5.2
"63" "63" 1993-04-23 31.83 "IND" "@" "DET" "L" -5 0 16 0.5 0.5 13.6 17.1 15.2 31 3.3 0 20 13.8 114 112 5.3 6.4
"1" "1" 1993-11-05 32.37 "IND" "@" "ATL" "L" -6 0 18 0.4 0.4 0 31.4 14.6 6.6 0 0 0 11.8 103 119 1.2 -6.1
"2" "2" 1993-11-06 32.37 "IND" "" "DET" "L" -6 1 20 0.553 0 10.7 12 11.3 13.3 4.8 0 0 9.2 145 107 6.1 3.5
"3" "3" 1993-11-09 32.38 "IND" "@" "ORL" "L" -6 0 4 0.266 0 0 0 0 0 12.3 0 34.7 31.2 39 88 -0.5 -16.4
"4" "4" 1993-11-12 32.39 "IND" "" "NYK" "L" -19 0 8 0.5 0.5 0 17.1 8.5 0 0 0 60 30.4 32 119 -1.7 -22.6
"5" "5" 1993-11-16 32.4 "IND" "" "CHH" "L" -9 0 6 0.4 0.4 13.3 64.9 33 30.8 16.9 0 16.7 40.6 83 67 4.2 12.6
"6" "6" 1993-11-18 32.41 "IND" "" "HOU" "L" -16 0 12 0.258 0.333 6.7 22.2 12.5 12.1 0 0 20.5 16.6 57 111 -0.7 -11.4
"7" "7" 1993-11-20 32.41 "IND" "" "BOS" "W" 6 0 18 0.316 0.2 6.2 11.3 8.9 0 0 0 24 19.4 63 103 -1.8 -17.3
"8" "8" 1993-11-22 32.42 "IND" "@" "BOS" "W" 31 0 14 0.2 0.2 0 15.2 8.3 9.9 0 4.6 0 15.5 63 74 -0.7 -10
"9" "9" 1993-11-24 32.42 "IND" "" "PHI" "L" -11 0 4 0 0 0 35.3 17.1 0 0 0 50 23.2 0 118 -1.8 -32.5
"10" "10" 1993-11-26 32.43 "IND" "" "LAL" "L" -2 0 7 0.266 0 32.7 0 16.3 18 0 0 34.7 17.6 78 113 0.6 -9.7
"11" "11" 1993-12-02 32.44 "IND" "@" "UTA" "L" -16 0 10 0.41 0.5 20.4 11.2 16 24.7 0 0 17 25.6 82 116 1.4 -7.4
"12" "12" 1994-01-11 32.55 "IND" "@" "MIL" "W" 6 0 9 0.694 0.5 24.8 45.4 35.6 0 0 0 25.8 20.1 119 77 3.8 1.5
"13" "13" 1994-01-12 32.56 "IND" "" "DEN" "W" 11 0 14 0.5 0.5 0 21.4 12.2 0 3.5 4.5 50 12.9 43 91 0.8 -3.8
"14" "14" 1994-01-15 32.56 "IND" "" "ATL" "W" 3 0 10 0.4 0.4 24 9.6 16 39.3 5.3 6.3 0 22.5 113 92 4.9 10.1
"15" "15" 1994-01-19 32.58 "IND" "" "MIA" "W" 17 0 19 0.5 0.5 0 33.7 17.6 6.7 2.6 7.3 50 9.2 55 86 3.1 -0.4
"16" "16" 1994-01-21 32.58 "IND" "@" "CHI" "L" -1 0 13 0.5 0.5 25.5 16.4 20 23.4 0 0 20 19.2 113 115 4 3.6
"17" "17" 1994-01-22 32.58 "IND" "" "CHI" "L" -9 0 12 0.521 0.5 0 34.3 16.7 0 0 0 0 12.1 106 104 2.1 -1.8
"18" "18" 1994-01-24 32.59 "IND" "" "MIL" "L" -8 0 7 0 0 18 36.1 27.1 0 0 0 0 6.5 57 102 -0.2 -12.3
"19" "19" 1994-01-26 32.59 "IND" "@" "LAL" "L" -4 0 4 0.25 0.25 24 29.3 26.4 0 0 0 0 39.4 80 111 0.6 -17.9
"20" "20" 1994-01-27 32.6 "IND" "@" "DEN" "L" -7 0 5 0.568 NA 24.6 0 12.3 0 0 0 0 7.5 146 128 0.5 -7.1
"21" "21" 1994-01-29 32.6 "IND" "@" "HOU" "W" 11 0 13 0.266 0 13.2 9.5 11 0 4 0 34.7 10.4 64 116 -0.3 -12.9
"22" "22" 1994-02-04 32.62 "IND" "" "MIN" "W" 21 0 2 0 0 0 0 0 0 0 0 50 46.9 0 110 -2.1 -65.7
"23" "23" 1994-04-05 32.78 "IND" "" "DET" "W" 16 0 3 NA NA 0 0 0 39 0 0 NA 0 200 110 0.7 9.8
"24" "24" 1994-04-06 32.79 "IND" "@" "CHH" "L" -39 0 10 0.425 0.4 25.7 0 17.8 0 0 7.2 14.5 28 90 134 2.5 -10
"25" "25" 1994-04-11 32.8 "IND" "" "BOS" "W" 13 0 1 0 0 0 0 0 0 0 0 0 44.8 0 120 -0.7 -55.2
"26" "26" 1994-04-13 32.81 "IND" "@" "PHI" "W" 28 0 4 0.5 0.5 27.9 0 12 0 0 0 0 21.7 125 99 1.3 -8.4
"27" "27" 1994-04-19 32.82 "IND" "@" "WSB" "W" 1 0 5 NA NA 34.3 0 13.2 0 0 12.8 100 8.9 62 113 0.4 -3.3
"28" "28" 1994-04-20 32.82 "IND" "" "CLE" "W" 11 0 4 0.436 0.333 0 0 0 0 0 0 0 42.1 96 123 0.9 -21.6
"29" "29" 1994-04-22 32.83 "IND" "" "PHI" "W" 45 0 14 0.4 0.4 0 40 23.1 7.1 3.2 4.2 16.7 15.7 81 66 3.6 -1.4
"30" "30" 1994-04-23 32.83 "IND" "" "MIA" "W" 33 0 12 0.5 0.5 20 8.3 13.6 10.8 0 0 20 18 109 96 2.2 -6.7
"1" "1" 1994-11-04 33.37 "IND" "@" "ATL" "W" 2 0 13 0.333 0.333 0 14.8 7.5 0 0 0 0 10.1 81 102 -0.3 -8.1
"2" "2" 1994-11-05 33.37 "IND" "" "BOS" "W" 9 0 5 1 1 0 0 0 0 9.2 0 0 8 200 91 2.7 16.1
"3" "3" 1994-11-09 33.38 "IND" "" "HOU" "L" -5 0 7 0.333 0.333 0 15.9 7.1 0 0 0 25 23.7 54 114 -1.6 -21.6
"4" "4" 1994-11-15 33.4 "IND" "@" "MIL" "L" -1 0 4 NA NA 0 0 0 0 0 0 100 11.9 0 110 -1 -18.3
"5" "5" 1994-11-18 33.41 "IND" "" "SEA" "W" 7 0 2 1 1 0 0 0 0 27 0 0 22.8 200 53 2.3 39.3
"6" "6" 1994-11-19 33.41 "IND" "@" "CHH" "W" 13 0 11 1 1 0 9.3 5 0 0 0 16.7 24.4 142 97 6.6 10.1
"7" "7" 1994-11-24 33.42 "IND" "" "GSW" "W" 27 0 5 1 1 0 39.2 24.3 47.5 0 0 50 17.1 117 94 2.3 11.5
"8" "8" 1994-11-27 33.43 "IND" "@" "POR" "L" -10 0 8 0.333 0.333 0 28.6 16.7 0 0 0 0 18.7 68 108 0.9 -7.8
"9" "9" 1994-11-28 33.43 "IND" "@" "SEA" "L" -19 0 11 0.667 0.667 0 36.4 16 0 4.6 0 25 15.8 91 113 2.8 -0.5
"10" "10" 1994-12-01 33.44 "IND" "@" "LAC" "W" 9 0 14 0.5 0.5 31.2 7.8 17.8 11.8 0 0 33.3 18.4 89 102 1.9 -6.5
"11" "11" 1994-12-03 33.45 "IND" "@" "GSW" "W" 11 0 23 0.4 0.4 11 12.6 11.8 0 6.3 0 28.6 12.7 74 102 2.3 -7.8
"12" "12" 1994-12-06 33.45 "IND" "" "DET" "W" 7 1 21 0.444 0.444 9.9 15.9 12.8 0 2.4 3.6 30.8 26.1 66 84 1.7 -8
"13" "13" 1994-12-09 33.46 "IND" "@" "PHI" "W" 6 1 31 0.437 0.429 4 8.1 6 0 1.8 2.6 11.8 24.7 84 105 4.6 -9.3
"14" "14" 1994-12-10 33.47 "IND" "" "MIA" "W" 14 0 16 0.6 0.6 10.3 37.5 26.1 10.3 0 4.5 16.7 18.3 108 108 5.5 -1.9
"15" "15" 1994-12-13 33.47 "IND" "@" "CLE" "L" -7 0 9 0 0 0 0 0 0 0 0 0 10.8 0 116 -2.6 -20
"16" "16" 1994-12-14 33.48 "IND" "" "ATL" "W" 2 0 9 0.667 0.667 13.7 26 20 0 0 0 25 21.8 103 99 2.6 0.5
"17" "17" 1994-12-16 33.48 "IND" "" "CHH" "W" 2 0 9 0 0 0 0 0 0 6 0 0 20.9 0 101 -2.2 -20.2
"18" "18" 1994-12-20 33.49 "IND" "@" "CHH" "L" -4 0 15 0.25 0.25 15.2 18.8 16.8 0 0 0 33.3 18.2 53 111 -1.6 -17
"19" "19" 1994-12-21 33.5 "IND" "" "CHI" "W" 8 0 5 0 0 35.6 24 28.7 28.2 0 0 50 18.5 58 108 -0.4 -11.7
"20" "20" 1994-12-23 33.5 "IND" "@" "CHI" "L" -24 0 12 1 1 10.3 12.5 11.3 16 4.3 0 0 7.4 203 120 4.9 10
"21" "21" 1994-12-27 33.51 "IND" "@" "DEN" "W" 4 0 11 0.5 0.5 0 20.3 11.2 13.8 0 0 0 8.5 133 110 1.1 -1.3
"22" "22" 1994-12-28 33.52 "IND" "@" "UTA" "L" -22 0 12 0.387 0.333 11.8 0 5.8 26.7 0 0 20.5 17.9 88 124 1.6 -3.3
"23" "23" 1994-12-30 33.52 "IND" "" "NJN" "W" 17 0 16 0.5 0.5 6.7 24.5 16 0 3.4 0 25 23.4 78 82 3.1 -6.2
"24" "24" 1995-01-03 33.53 "IND" "@" "NJN" "L" -11 0 16 0 0 12 22.5 16.7 7.9 0 10 25 10.9 45 121 0.5 -7.8
"25" "25" 1995-01-04 33.53 "IND" "" "WSB" "W" 4 0 11 0.258 0 19.8 19.8 19.8 13.2 0 0 20.5 19.3 76 101 1.2 -8.8
"26" "26" 1995-01-06 33.54 "IND" "@" "DAL" "L" -11 0 15 0.532 0 0 14.5 7.5 9.1 10.6 0 0 5.9 136 93 4.4 9
"27" "27" 1995-01-07 33.54 "IND" "@" "HOU" "W" 5 0 19 0.286 0.286 6.6 19.4 13.1 17.5 3 16.1 0 17.4 84 88 4.8 3.2
"28" "28" 1995-01-10 33.55 "IND" "@" "NYK" "L" -12 0 13 0.5 0.5 0 39.6 22.2 10.2 0 0 0 7.7 122 134 2.6 1.3
"29" "29" 1995-01-11 33.55 "IND" "@" "BOS" "L" -3 0 6 NA NA 0 41 20.3 0 0 0 NA 0 0 105 0.2 -3.2
"30" "30" 1995-01-13 33.56 "IND" "@" "WSB" "W" 14 0 21 0.8 0.8 13.4 10.6 11.9 0 5 3.4 16.7 12.7 130 104 8.2 1.6
"31" "31" 1995-01-14 33.56 "IND" "" "MIL" "L" -2 0 10 0 0 11.2 0 5.9 13 5.2 0 50 8.8 48 104 -0.5 -8.1
"32" "32" 1995-01-16 33.57 "IND" "" "UTA" "L" -1 0 3 NA NA 0 0 0 0 0 0 100 17.1 0 118 -1.8 -37.2
"33" "33" 1995-01-18 33.57 "IND" "" "LAL" "W" 1 1 28 0.457 0.286 8.6 13.5 11 4.8 0 0 18.6 18.5 95 125 3.7 -10.5
"34" "34" 1995-01-22 33.58 "IND" "" "SAS" "W" 5 0 11 0 0 9.7 17.1 13.6 12.8 0 0 0 9.2 62 108 -1 -12.6
"35" "35" 1995-01-24 33.59 "IND" "@" "MIA" "L" -11 0 12 0.532 0 0 25 11.3 0 0 0 34.7 11.3 74 122 0.9 -6.7
"36" "36" 1995-01-26 33.59 "IND" "" "PHO" "L" -6 0 3 0 0 0 0 0 0 0 0 0 14.7 0 111 -0.7 -16.6
"37" "37" 1995-01-28 33.6 "IND" "" "PHI" "W" 3 0 8 NA NA 18.9 0 8.8 0 0 0 100 12.6 29 120 -1.7 -16.9
"38" "38" 1995-02-03 33.62 "IND" "" "ORL" "W" 12 0 8 0.532 0 0 16.7 7.7 0 0 9.7 0 10.2 138 114 2.3 1.4
"1" "1" 1996-01-12 34.56 "PHI" "@" "NJN" "W" 27 0 24 0.205 0 5.1 21.8 14.9 4.8 2.1 0 45 16.1 38 80 -3 -14
"2" "2" 1996-01-13 34.56 "PHI" "" "CHI" "L" -27 0 22 0.568 NA 5.7 37.1 23.1 0 2.3 2.7 69.4 5.9 52 113 2.2 -5.3
"3" "3" 1996-01-16 34.57 "PHI" "@" "CHI" "L" -12 0 19 0.75 0.75 6.2 11.8 9 0 2.8 0 20 11.6 120 122 4.1 -3.1
"4" "4" 1996-01-17 34.57 "PHI" "" "MIL" "L" -11 0 15 1 1 21.3 9.7 15.2 0 3.5 0 33.3 9.4 134 120 2.7 -5.4
"5" "5" 1996-01-19 34.58 "PHI" "" "ATL" "L" -5 0 11 1.136 NA 0 29.8 14.7 0 0 0 0 3.7 250 94 2.9 4
"6" "6" 1996-01-21 34.58 "PHI" "" "SAS" "L" -30 0 20 0.667 0.667 7.4 0 4.8 0 0 0 0 6.1 151 134 2.5 -10.8
"7" "7" 1996-01-23 34.59 "PHI" "@" "ORL" "L" -15 1 38 0.375 0.375 25.3 27.3 26.1 0 1.4 0 20 11.2 96 117 9.2 -6.1
"8" "8" 1996-01-24 34.59 "PHI" "" "CLE" "L" -3 1 26 1 1 10.5 23.1 16.5 6.8 0 3.7 33.3 6.2 141 114 4.8 0.2
"9" "9" 1996-01-26 34.59 "PHI" "" "LAL" "L" -12 1 31 0.25 0.25 0 19.4 9.8 18.5 3.5 0 20 8.2 74 106 3.7 -1.9
"10" "10" 1996-01-27 34.6 "PHI" "@" "CHH" "L" -5 0 7 0 0 30.5 0 15.6 0 0 0 0 6.5 104 129 0.3 -13.4
"11" "11" 1996-01-29 34.6 "PHI" "" "VAN" "W" 11 0 9 NA NA 30.5 65 49.1 28.1 0 0 100 15.5 58 96 0.9 -8.5
"12" "12" 1996-02-01 34.61 "PHI" "@" "MIA" "L" -20 1 20 0.347 0 5.9 20 12.5 8 0 8.4 0 6.6 112 129 2.3 -4.9
"13" "13" 1996-02-03 34.62 "PHI" "" "POR" "L" -11 1 34 0.25 0.25 5.9 29.5 17.1 0 0 2.1 33.3 7.9 50 101 0 -9.7
"14" "14" 1996-02-07 34.63 "PHI" "" "IND" "W" 1 0 28 1 1 0 36.5 20.7 5 2 4.8 66.7 5.2 60 102 3.8 -3.1
"15" "15" 1996-02-13 34.64 "PHI" "@" "MIL" "W" 3 0 16 0.665 0.5 0 27.8 15 10.7 0 0 21 13.1 116 97 2.8 -4.3
"16" "16" 1996-02-14 34.65 "PHI" "" "DET" "L" -19 0 28 0.868 1 3.1 25.2 11.6 6.7 1.9 0 0 4.7 179 111 6.3 -1.2
"17" "17" 1996-02-16 34.65 "PHI" "@" "NYK" "L" -32 0 4 NA NA 25.5 0 14.6 0 0 0 100 11.6 53 133 -0.3 -18.9
"18" "18" 1996-02-20 34.66 "PHI" "@" "ORL" "L" -19 0 20 0.868 1 19.6 54.9 34.3 6.8 2.5 0 25.8 8.2 146 116 8.7 4.2
"19" "19" 1996-02-21 34.67 "PHI" "" "MIA" "L" -9 0 7 0 0 26.9 15.6 21.7 0 0 0 0 14.1 37 83 -0.1 -12.3
"20" "20" 1996-02-23 34.67 "PHI" "@" "IND" "L" -7 1 40 0.25 0.25 9.5 6.5 8 7.8 1.4 3.4 20 5.9 89 121 2.7 -4.3
"21" "21" 1996-02-29 34.69 "PHI" "@" "HOU" "L" -14 0 12 NA NA 8.3 19 13.3 0 0 0 NA 0 214 120 -0.7 -14
"22" "22" 1996-03-02 34.69 "PHI" "@" "SAS" "L" -14 0 1 NA NA 0 0 0 0 0 0 NA 0 0 127 0 -5.2
"23" "23" 1996-03-04 34.7 "PHI" "" "ORL" "L" -13 0 16 0.266 0 12.8 40 26.1 0 0 0 0 5 104 113 2.7 -5.8
"24" "24" 1996-03-06 34.7 "PHI" "" "MIN" "L" -13 0 5 0 0 18.1 0 9.6 0 0 0 0 8.3 51 119 0 -13
"25" "25" 1996-03-08 34.71 "PHI" "" "NYK" "W" 8 0 5 NA NA 0 0 0 0 0 0 NA 0 0 115 0 -7
"26" "26" 1996-03-10 34.72 "PHI" "" "LAC" "L" -2 0 7 1 1 15.9 17.1 16.5 50.5 0 0 0 6.4 206 117 3.3 11.7
"27" "27" 1996-03-13 34.72 "PHI" "@" "BOS" "L" -10 0 5 NA NA 0 21.3 10.4 0 0 0 NA 0 0 113 -0.9 -15.2
"28" "28" 1996-03-15 34.73 "PHI" "" "PHO" "L" -26 0 5 0.5 0.5 0 0 0 0 0 0 0 16.3 106 137 1 -7.5
"29" "29" 1996-03-16 34.73 "PHI" "@" "NYK" "L" -6 0 10 NA NA 0 0 0 15 0 8 NA 0 213 109 0.6 4.9
"30" "30" 1996-03-18 34.74 "PHI" "" "CHI" "L" -4 0 11 1 1 18.6 31.9 24.8 0 0 0 50 8.5 111 109 2.2 -3.6
"31" "31" 1996-03-20 34.74 "PHI" "@" "UTA" "L" -23 0 19 NA NA 5.4 14.9 9.4 0 0 0 100 2.3 34 121 -1.3 -11.4
"32" "32" 1996-03-22 34.75 "PHI" "@" "LAC" "L" -14 0 7 NA NA 15.2 18 16.5 0 0 0 100 6 35 120 -0.8 -15.5
"33" "33" 1996-03-23 34.75 "PHI" "@" "SEA" "L" -40 0 3 1 1 37.2 0 21.9 0 0 0 50 28.7 85 147 1.4 -4.7
"34" "34" 1996-03-25 34.76 "PHI" "@" "POR" "L" -23 1 28 1 1 7.1 19.9 13.2 0 0 0 33.3 5 125 109 4.1 -5.3
"35" "35" 1996-03-30 34.77 "PHI" "@" "WSB" "L" -2 0 25 0.5 0.5 5.1 16 10.4 0 0 0 33.3 5.5 81 125 0 -10.5
"36" "36" 1996-04-03 34.78 "PHI" "" "IND" "L" -15 0 30 0.25 0.25 0 0 0 0 1.9 2.1 0 6.8 53 127 0.1 -8.7
"37" "37" 1996-04-05 34.79 "PHI" "" "DET" "L" -21 0 17 0 0 0 25.7 10.9 18.8 0 0 0 5.5 53 127 -0.7 -10.1
"38" "38" 1996-04-06 34.79 "PHI" "@" "ATL" "W" 1 0 4 0 0 0 0 0 33.3 0 0 0 12 62 123 -0.4 -7.8
"39" "39" 1996-04-08 34.79 "PHI" "" "NJN" "W" 3 1 38 0 0 10.3 27.1 18 17.4 1.5 5.3 75 5 70 85 6.5 -0.8
"40" "40" 1996-04-10 34.8 "PHI" "@" "DET" "L" -16 1 7 0.347 0 0 17.6 8.2 0 8.2 0 0 21.4 79 96 1.5 -3.1
"41" "41" 1996-04-12 34.81 "PHI" "@" "CHI" "L" -30 0 10 NA NA 13.3 43.6 27.8 0 0 0 NA 0 203 128 0.8 -6.5
"42" "42" 1996-04-17 34.82 "PHI" "" "MIA" "W" 4 1 33 0.2 0.2 4.2 28.3 16.4 0 3.3 10 16.7 9 45 88 3.5 -5.2
"43" "43" 1996-04-19 34.82 "PHI" "" "ORL" "L" -20 1 30 0.644 0.5 13.9 10 12.3 0 3.6 0 20.5 15.1 118 124 9.2 -3.9
"44" "44" 1996-04-21 34.83 "PHI" "@" "TOR" "W" 4 0 26 0 0 8.7 13 10.8 4.6 2 5.7 33.3 10 29 104 -1.8 -16
"1" "1" 1996-11-01 35.36 "DEN" "" "DAL" "L" -1 0 3.53333333333333 NA NA 0 0 0 0 12.5 34.3 100 10.3 0 67 1 10.7
"2" "" 1996-11-03 35.36 "DEN" "@" "SAS" "W" 9 NA NA NA NA NA NA NA NA NA NA NA NA NA NA NA NA
"3" "2" 1996-11-05 35.37 "DEN" "" "LAC" "L" -4 0 12.0166666666667 0 0 0 26.1 14.3 0 0 5.6 50 15.6 0 87 -2.6 -16.1
"4" "3" 1996-11-07 35.38 "DEN" "" "HOU" "L" -2 0 14.45 0.25 0.25 0 23.7 11.6 0 0 11.3 20 15.1 48 103 -0.7 -12.5
"5" "4" 1996-11-08 35.38 "DEN" "" "GSW" "W" 3 0 5.95 0.5 0.5 0 48.5 20.8 0 0 0 0 14.4 102 96 1.6 -0.5
"6" "5" 1996-11-10 35.38 "DEN" "@" "CLE" "L" -15 0 4.71666666666667 0 0 0 48 25.6 0 0 0 0 9.4 0 109 -0.5 -15.2
"7" "" 1996-11-10 35.38 "NYK" "@" "VAN" "W" 19 NA NA NA NA NA NA NA NA NA NA NA NA NA NA NA NA
"8" "6" 1996-11-11 35.39 "DEN" "@" "TOR" "W" 11 0 1.6 NA NA 0 49 30.8 0 0 0 NA 0 0 80 -0.1 -6.6
"9" "" 1996-11-13 35.39 "DEN" "@" "DET" "L" -1 NA NA NA NA NA NA NA NA NA NA NA NA NA NA NA NA
"10" "" 1996-11-15 35.4 "DEN" "@" "BOS" "W" 2 NA NA NA NA NA NA NA NA NA NA NA NA NA NA NA NA
"11" "" 1996-11-16 35.4 "DEN" "@" "NJN" "L" -7 NA NA NA NA NA NA NA NA NA NA NA NA NA NA NA NA
"12" "7" 1996-11-19 35.41 "DEN" "" "MIA" "L" -18 0 13.9166666666667 0.333 0.333 8.8 18.5 13.5 0 0 5.9 0 9.5 96 111 0.3 -8.3
"13" "8" 1996-11-21 35.41 "DEN" "" "CHI" "L" -18 0 3.51666666666667 NA NA 0 34 17 0 0 0 100 13.7 0 109 -1.1 -22.5
"14" "9" 1996-11-23 35.42 "DEN" "@" "POR" "L" -40 0 8.43333333333333 0.266 0 0 18.2 7.6 0 6.4 0 34.7 16.6 36 103 -0.2 -9.4
"15" "" 1996-11-26 35.43 "DEN" "" "PHO" "W" 9 NA NA NA NA NA NA NA NA NA NA NA NA NA NA NA NA
"16" "" 1996-11-27 35.43 "DEN" "@" "UTA" "L" -4 NA NA NA NA NA NA NA NA NA NA NA NA NA NA NA NA
"17" "" 1996-11-29 35.44 "DEN" "" "MIN" "L" -5 NA NA NA NA NA NA NA NA NA NA NA NA NA NA NA NA
"18" "10" 1996-12-01 35.44 "DEN" "@" "LAL" "L" -8 0 7.58333333333333 NA NA 0 33.4 16.3 0 0 0 NA 0 0 102 -0.6 -9.2
"19" "" 1996-12-03 35.45 "DEN" "@" "GSW" "L" -15 NA NA NA NA NA NA NA NA NA NA NA NA NA NA NA NA
"20" "11" 1996-12-05 35.45 "DEN" "" "POR" "L" -11 0 6.3 NA NA 0 0 0 0 0 0 NA 0 0 134 -0.4 -8
"21" "" 1996-12-07 35.46 "DEN" "" "UTA" "L" -13 NA NA NA NA NA NA NA NA NA NA NA NA NA NA NA NA
"22" "" 1996-12-10 35.47 "DEN" "@" "ATL" "L" -1 NA NA NA NA NA NA NA NA NA NA NA NA NA NA NA NA
"23" "" 1996-12-11 35.47 "DEN" "@" "CHH" "L" -4 NA NA NA NA NA NA NA NA NA NA NA NA NA NA NA NA
"24" "" 1996-12-13 35.47 "DEN" "@" "WSB" "L" -4 NA NA NA NA NA NA NA NA NA NA NA NA NA NA NA NA
"25" "" 1996-12-14 35.48 "DEN" "@" "NYK" "L" -7 NA NA NA NA NA NA NA NA NA NA NA NA NA NA NA NA
"26" "12" 1996-12-18 35.49 "DEN" "" "SAC" "W" 16 0 3.1 0 0 36.4 32.7 34.4 0 0 0 0 15.7 63 86 -0.1 -20
"27" "" 1996-12-20 35.49 "DEN" "" "VAN" "W" 15 NA NA NA NA NA NA NA NA NA NA NA NA NA NA NA NA
"28" "13" 1996-12-23 35.5 "DEN" "@" "PHO" "W" 3 0 2.55 NA NA 0 0 0 0 0 0 NA 0 0 113 0 -5.3
"29" "" 1996-12-26 35.51 "DEN" "" "PHI" "L" -29 NA NA NA NA NA NA NA NA NA NA NA NA NA NA NA NA
"30" "" 1996-12-28 35.52 "DEN" "@" "MIN" "L" -7 NA NA NA NA NA NA NA NA NA NA NA NA NA NA NA NA
"31" "" 1996-12-30 35.52 "DEN" "" "BOS" "L" -2 NA NA NA NA NA NA NA NA NA NA NA NA NA NA NA NA
"32" "" 1997-01-03 35.53 "DEN" "" "SAS" "L" -2 NA NA NA NA NA NA NA NA NA NA NA NA NA NA NA NA
"33" "14" 1997-01-07 35.54 "DEN" "@" "SAC" "W" 13 0 3.26666666666667 0 0 0 29.6 17.6 0 0 0 50 31.2 0 95 -2.2 -45.6
"34" "" 1997-01-08 35.55 "DEN" "" "SEA" "L" -10 NA NA NA NA NA NA NA NA NA NA NA NA NA NA NA NA
"35" "15" 1997-01-10 35.55 "DEN" "" "IND" "L" -19 0 8.83333333333333 0 0 29.6 26.7 28.4 0 0 0 0 4.7 103 117 1.6 -10.3
"36" "" 1997-01-11 35.55 "DEN" "@" "DAL" "L" -5 NA NA NA NA NA NA NA NA NA NA NA NA NA NA NA NA
"37" "16" 1997-01-13 35.56 "DEN" "" "CHH" "L" -2 0 1.68333333333333 NA NA 0 0 0 0 0 0 NA 0 0 121 -0.4 -19.2
"38" "" 1997-01-14 35.56 "DEN" "@" "PHO" "L" -9 NA NA NA NA NA NA NA NA NA NA NA NA NA NA NA NA
"39" "" 1997-01-16 35.57 "DEN" "" "CLE" "W" 1 NA NA NA NA NA NA NA NA NA NA NA NA NA NA NA NA
"40" "" 1997-01-18 35.57 "DEN" "" "DAL" "L" -3 NA NA NA NA NA NA NA NA NA NA NA NA NA NA NA NA
"41" "" 1997-01-20 35.58 "DEN" "" "NJN" "W" 9 NA NA NA NA NA NA NA NA NA NA NA NA NA NA NA NA
"42" "" 1997-01-22 35.58 "DEN" "" "VAN" "W" 10 NA NA NA NA NA NA NA NA NA NA NA NA NA NA NA NA
"43" "" 1997-01-24 35.59 "DEN" "@" "LAC" "L" -3 NA NA NA NA NA NA NA NA NA NA NA NA NA NA NA NA
"44" "" 1997-01-25 35.59 "DEN" "@" "VAN" "W" 1 NA NA NA NA NA NA NA NA NA NA NA NA NA NA NA NA
"45" "" 1997-01-28 35.6 "DEN" "@" "UTA" "L" -15 NA NA NA NA NA NA NA NA NA NA NA NA NA NA NA NA
"46" "" 1997-01-30 35.61 "DEN" "@" "HOU" "W" 4 NA NA NA NA NA NA NA NA NA NA NA NA NA NA NA NA
"47" "" 1997-02-01 35.61 "DEN" "" "SAC" "L" -6 NA NA NA NA NA NA NA NA NA NA NA NA NA NA NA NA
"48" "" 1997-02-02 35.61 "DEN" "" "ATL" "W" 11 NA NA NA NA NA NA NA NA NA NA NA NA NA NA NA NA
"49" "" 1997-02-05 35.62 "DEN" "" "WSB" "W" 2 NA NA NA NA NA NA NA NA NA NA NA NA NA NA NA NA
"50" "17" 1997-02-11 35.64 "DEN" "@" "SEA" "L" -27 0 3.65 NA NA 0 0 0 0 13.1 0 NA 0 0 101 0.6 3.6
"51" "" 1997-02-13 35.64 "DEN" "" "LAL" "L" -15 NA NA NA NA NA NA NA NA NA NA NA NA NA NA NA NA
"52" "" 1997-02-15 35.65 "DEN" "@" "MIL" "L" -5 NA NA NA NA NA NA NA NA NA NA NA NA NA NA NA NA
"53" "" 1997-02-16 35.65 "DEN" "@" "PHI" "W" 15 NA NA NA NA NA NA NA NA NA NA NA NA NA NA NA NA
"54" "" 1997-02-18 35.66 "DEN" "@" "CHI" "L" -11 NA NA NA NA NA NA NA NA NA NA NA NA NA NA NA NA
"55" "" 1997-02-20 35.66 "IND" "" "DEN" "W" 24 NA NA NA NA NA NA NA NA NA NA NA NA NA NA NA NA
"56" "18" 1997-02-23 35.67 "IND" "" "ORL" "L" -9 0 4.08333333333333 0 0 0 35.3 14 37.5 0 0 0 21.6 29 110 -1.2 -18.3
"57" "19" 1997-02-25 35.68 "IND" "@" "WSB" "L" -21 0 4.53333333333333 NA NA 0 25.3 12.3 0 0 0 NA 0 0 112 -0.1 -5.5
"58" "20" 1997-02-26 35.68 "IND" "" "SEA" "W" 14 0 2.45 NA NA 0 39 21.6 0 0 0 NA 0 0 91 0.3 2.5
"59" "21" 1997-02-28 35.68 "IND" "" "MIL" "W" 19 0 8.35 NA NA 15.4 34.3 24.3 14.6 0 0 100 5.9 81 96 0.2 -3.6
"60" "22" 1997-03-02 35.69 "IND" "" "LAL" "W" 16 0 1.68333333333333 0.568 NA 0 0 0 0 0 0 0 20.9 123 110 0.6 -0.5
"61" "" 1997-03-04 35.7 "IND" "" "BOS" "W" 3 NA NA NA NA NA NA NA NA NA NA NA NA NA NA NA NA
"62" "23" 1997-03-05 35.7 "IND" "@" "CLE" "L" -7 0 2.33333333333333 0 0 0 0 0 0 0 0 0 26.6 0 115 -0.7 -23.9
"63" "24" 1997-03-07 35.7 "IND" "@" "CHI" "L" -8 0 0.333333333333333 NA NA 0 0 0 0 0 0 NA 0 0 124 0 -3.4
"64" "" 1997-03-08 35.71 "IND" "" "SAS" "L" -4 NA NA NA NA NA NA NA NA NA NA NA NA NA NA NA NA
"65" "" 1997-03-12 35.72 "IND" "" "ATL" "W" 10 NA NA NA NA NA NA NA NA NA NA NA NA NA NA NA NA
"66" "" 1997-03-14 35.72 "IND" "" "UTA" "L" -9 NA NA NA NA NA NA NA NA NA NA NA NA NA NA NA NA
"67" "25" 1997-03-16 35.73 "IND" "@" "MIL" "L" -4 0 7.51666666666667 1.136 NA 20.7 17.1 18.8 0 0 0 53.2 11.1 123 120 1.2 -7.5
"68" "" 1997-03-18 35.73 "IND" "" "MIN" "W" 18 NA NA NA NA NA NA NA NA NA NA NA NA NA NA NA NA
"69" "" 1997-03-19 35.74 "IND" "@" "ATL" "L" -12 NA NA NA NA NA NA NA NA NA NA NA NA NA NA NA NA
"70" "" 1997-03-21 35.74 "IND" "" "CHI" "L" -19 NA NA NA NA NA NA NA NA NA NA NA NA NA NA NA NA
"71" "26" 1997-03-25 35.75 "IND" "@" "TOR" "W" 14 0 1.65 NA NA 0 0 0 0 0 0 NA 0 0 103 0 -3
"72" "" 1997-03-26 35.76 "IND" "" "DAL" "W" 24 NA NA NA NA NA NA NA NA NA NA NA NA NA NA NA NA
"73" "" 1997-03-28 35.76 "IND" "@" "CHH" "W" 1 NA NA NA NA NA NA NA NA NA NA NA NA NA NA NA NA
"74" "" 1997-03-30 35.77 "IND" "" "LAC" "W" 7 NA NA NA NA NA NA NA NA NA NA NA NA NA NA NA NA
"75" "" 1997-04-01 35.77 "IND" "" "WSB" "L" -4 NA NA NA NA NA NA NA NA NA NA NA NA NA NA NA NA
