"Rk" "G" "Date" "Age" "Tm" "H/A" "Opp" "W/L" "By Amt" "GS" "MP" "TS%" "eFG%" "ORB%" "DRB%" "TRB%" "AST%" "STL%" "BLK%" "TOV%" "USG%" "ORtg" "DRtg" "GmSc" "BPM"
"1" "1" 2004-11-03 22.33 "SAS" "" "SAC" "W" 16 0 14.9 0 0 0 0 0 17.3 0 0 40 14.6 24 105 -3.1 -17.4
"2" "2" 2004-11-05 22.34 "SAS" "@" "LAL" "W" 9 0 10.25 0.667 0.667 0 0 0 63.2 0 0 0 13.3 164 118 5.5 9.9
"3" "3" 2004-11-07 22.34 "SAS" "@" "SEA" "L" -19 0 7.81666666666667 NA NA 0 38.7 17.6 0 0 0 100 5.4 0 126 -1.2 -18.2
"4" "4" 2004-11-10 22.35 "SAS" "" "GSW" "W" 20 0 12.4333333333333 0.417 0.417 0 7 4 0 4.1 0 14.3 26.2 70 79 0.7 -6.9
"5" "5" 2004-11-12 22.36 "SAS" "" "MIA" "W" 9 0 9.75 0 0 0 0 0 0 11.1 0 0 9.9 0 86 -0.2 -8.2
"6" "6" 2004-11-13 22.36 "SAS" "@" "ATL" "W" 15 0 14.6666666666667 0.654 0.667 0 0 0 14.5 3.6 0 22.5 28.2 94 95 4.9 3.1
"7" "7" 2004-11-16 22.37 "SAS" "" "NYK" "W" 18 0 13.0666666666667 0.666 0.5 0 0 0 0 8.4 0 0 25.3 141 85 8.3 15.4
"8" "8" 2004-11-18 22.37 "SAS" "@" "PHI" "W" 8 0 15.2333333333333 0.625 0.625 0 7.3 3.5 0 3.6 4.3 20 14.8 91 87 3.2 4
"9" "9" 2004-11-19 22.38 "SAS" "@" "BOS" "W" 8 0 10.65 0 0 0 23.6 12 0 0 0 50 27.3 0 99 -5.3 -37.5
"10" "10" 2004-11-21 22.38 "SAS" "@" "TOR" "L" -5 0 11.5166666666667 0.515 0.5 0 0 0 15.8 10.2 0 0 15.9 126 99 4.6 14
"11" "11" 2004-11-22 22.38 "SAS" "@" "MEM" "L" -3 0 10.95 0.583 0.583 0 12.8 5.7 0 0 0 14.3 27.7 112 112 3.3 2.1
"12" "12" 2004-11-24 22.39 "SAS" "" "DAL" "W" 14 0 14.5 0.5 0.5 0 22.9 11.3 39.3 0 0 0 16.1 119 89 4.5 4.9
"13" "13" 2004-11-26 22.39 "SAS" "@" "DEN" "W" 14 0 11.9333333333333 0.5 0.5 0 0 0 0 4.5 0 25 31.2 71 89 1.6 -4.6
"14" "14" 2004-11-27 22.4 "SAS" "" "UTA" "W" 33 0 21.2 0.654 0.667 0 12.5 7.2 14.8 2.6 0 0 15.6 152 91 7.8 6.1
"15" "15" 2004-11-30 22.41 "SAS" "@" "DAL" "W" 18 0 19.1333333333333 0.76 0.643 0 0 0 33.8 0 0 8.7 25.8 150 105 13.3 13.2
"16" "16" 2004-12-01 22.41 "SAS" "" "PHI" "W" 33 0 16.3666666666667 1 1 0 6 3.5 35.5 3 0 16.7 16.6 161 81 10.5 13.4
"17" "17" 2004-12-03 22.41 "SAS" "" "DET" "W" 3 0 8.03333333333333 0 0 0 12.5 6.7 58.1 0 0 75 22.8 32 89 -1.3 -13
"18" "18" 2004-12-04 22.42 "SAS" "@" "MIL" "W" 21 0 14.25 0.689 0.667 0 11.2 6.1 17.7 4.3 0 24.1 47.8 96 94 7.7 0.3
"19" "19" 2004-12-06 22.42 "SAS" "@" "CHI" "W" 16 0 15.9 0.25 0.25 7 6.5 6.7 30 0 0 20 14 79 89 0.9 -6.2
"20" "20" 2004-12-08 22.43 "SAS" "" "SEA" "L" -6 0 13.0166666666667 0.333 0.333 0 0 0 12.6 0 0 25 13.7 63 124 -0.8 -13.1
"21" "21" 2004-12-09 22.43 "SAS" "@" "HOU" "L" -1 0 9.61666666666667 0.667 0.667 0 0 0 0 0 0 25 20.6 85 107 1.7 -4.2
"22" "22" 2004-12-11 22.44 "SAS" "" "CLE" "W" 19 0 16 1.02 1.1 0 8.3 4.9 29 0 0 14.5 21.9 158 115 11.1 15.1
"23" "23" 2004-12-15 22.45 "SAS" "" "ORL" "W" 3 0 19.0166666666667 0.68 0.6 6.8 0 3.1 57.1 0 0 14.5 16.8 149 110 9.1 11.8
"24" "24" 2004-12-17 22.45 "SAS" "@" "NOH" "W" 16 0 19.0166666666667 0.676 0.688 6.8 6 6.4 26.1 3.4 0 10.1 26.3 128 91 9.2 11.7
"25" "25" 2004-12-18 22.45 "SAS" "" "GSW" "W" 19 0 14.75 0.814 0.7 8.4 6.8 7.5 28.7 3.5 0 12.9 23.3 155 94 11.4 18.1
"26" "26" 2004-12-22 22.47 "SAS" "@" "ORL" "L" -6 0 14.1166666666667 0.436 0.5 0 8.2 3.6 21.7 3.7 0 22.5 13.7 84 98 2.2 0.4
"27" "27" 2004-12-23 22.47 "SAS" "" "MIN" "W" 14 0 9.68333333333333 0.667 0.667 0 0 0 0 12.4 0 25 21.5 88 80 2.9 5.1
"28" "28" 2004-12-26 22.48 "SAS" "" "BOS" "W" 17 0 12.6666666666667 0.174 0 0 0 0 17.6 0 0 25.8 14.1 59 110 -0.4 -13.3
"29" "29" 2004-12-28 22.48 "SAS" "" "PHO" "W" 21 0 17 0.254 0.143 12.3 0 6.2 38.3 6.1 4.3 0 19.7 114 95 7 9.5
"30" "30" 2004-12-30 22.49 "SAS" "@" "POR" "W" 34 0 21.3 1.02 1 0 9.9 5.2 60.4 0 0 0 12.9 213 98 17.7 24
"31" "31" 2004-12-31 22.49 "SAS" "@" "LAC" "W" 19 0 13.4333333333333 0.595 0.5 0 0 0 24.9 0 0 0 23.9 127 100 5.7 5.4
"32" "32" 2005-01-02 22.5 "SAS" "@" "SAC" "L" -5 0 18.4 0.286 0.286 5.3 19.5 11.7 18.6 0 0 0 17.1 79 101 2.1 -6.4
"33" "33" 2005-01-04 22.5 "SAS" "" "LAL" "W" 17 0 18.3166666666667 0.643 0.643 0 12.3 5.9 16.9 0 4.1 0 17.5 135 96 7.6 6.1
"34" "34" 2005-01-06 22.51 "SAS" "" "IND" "W" 13 0 17.2833333333333 0.694 0.625 0 25.7 12.8 27 3.4 0 0 15.8 177 114 9.6 14.5
"35" "35" 2005-01-08 22.51 "SAS" "" "DEN" "W" 9 0 13.15 0.525 0.333 0 0 0 22.9 0 0 0 17.7 127 112 3.5 -1.2
"36" "36" 2005-01-10 22.52 "SAS" "@" "UTA" "L" -1 0 10.9166666666667 0.5 0.5 0 0 0 0 0 0 20 27.7 81 131 0.6 -13.5
"37" "37" 2005-01-12 22.52 "SAS" "" "MIL" "W" 15 0 14.4 0.68 0.6 0 8.8 4.3 35.8 3.8 0 14.5 22.9 128 88 7.3 7.8
"38" "38" 2005-01-14 22.53 "SAS" "" "DAL" "W" 3 0 13.4 0.5 0.5 0 24.6 13.5 12.1 0 5.4 33.3 22.4 72 104 2.3 -3.6
"39" "39" 2005-01-15 22.53 "SAS" "@" "HOU" "L" -6 0 19.3166666666667 0.286 0.286 0 5.6 2.9 13.3 3 0 12.5 21.8 55 90 0.5 -4.4
"40" "40" 2005-01-17 22.54 "SAS" "" "WAS" "W" 28 0 12.2666666666667 0.75 0.75 0 0 0 0 0 0 33.3 12.9 92 107 1 -6
"41" "41" 2005-01-19 22.54 "SAS" "" "LAC" "W" 1 0 12.2333333333333 0.25 0.25 0 0 0 59.3 0 0 0 16.7 85 106 2.4 0.5
"42" "42" 2005-01-21 22.55 "SAS" "@" "PHO" "W" 5 0 25.25 0.507 0.438 0 5.4 2.4 19.9 3.8 0 18.4 17.9 102 113 7.3 0.4
"43" "43" 2005-01-23 22.55 "SAS" "@" "SAC" "W" 30 0 16.35 0.654 0.583 0 6.2 3.1 7.8 0 0 0 17.6 141 89 5.8 3.9
"44" "44" 2005-01-24 22.56 "SAS" "@" "POR" "L" -8 0 8.36666666666667 0 0 0 0 0 15.7 0 0 0 16.6 22 138 -1.4 -21.7
"45" "45" 2005-01-27 22.56 "SAS" "" "SAC" "W" 10 0 12.5333333333333 0.512 0.5 0 10.5 5.5 0 9.3 6 0 19.5 115 78 5.2 12.7
"46" "" 2005-01-29 22.57 "SAS" "" "NOH" "W" 10 NA NA NA NA NA NA NA NA NA NA NA NA NA NA NA NA
"47" "46" 2005-01-31 22.58 "SAS" "@" "SEA" "W" 19 0 11.4833333333333 0.2 0.2 20.5 0 10.3 22.9 4.7 0 0 20 92 99 2.7 0.2
"48" "47" 2005-02-03 22.58 "SAS" "@" "LAL" "W" 12 0 9.96666666666667 0.25 0.25 0 0 0 29.9 6.2 0 0 20.6 87 103 1.2 -7.5
"49" "48" 2005-02-08 22.6 "SAS" "@" "CHA" "W" 19 0 16.0833333333333 0.68 0.6 0 12.2 6.9 0 0 0 33.8 25 86 98 2.5 -12.1
"50" "49" 2005-02-09 22.6 "SAS" "@" "WAS" "L" -8 0 10.7666666666667 0.515 0.5 0 10.4 4.9 27.6 0 0 0 16 130 117 3.2 0.9
"51" "50" 2005-02-11 22.61 "SAS" "@" "NJN" "W" 10 0 12.1333333333333 0.515 0.333 0 9.5 4.9 0 0 0 0 14.8 117 103 2.6 -3.1
"52" "51" 2005-02-13 22.61 "SAS" "@" "MIA" "L" -4 0 11.3333333333333 0.75 0.75 0 0 0 16.4 4.8 0 33.3 12.8 99 104 2.3 1.8
"53" "52" 2005-02-16 22.62 "SAS" "@" "NOH" "W" 23 0 19.35 0.75 0.75 0 6.8 3.1 8.5 6.1 0 0 14.4 162 89 8.2 8.3
"54" "" 2005-02-23 22.64 "SAS" "" "HOU" "W" 18 NA NA NA NA NA NA NA NA NA NA NA NA NA NA NA NA
"55" "53" 2005-02-26 22.65 "SAS" "" "MEM" "L" -2 0 5.76666666666667 0 0 0 0 0 100 0 0 0 7.9 117 101 1.7 7.4
"56" "54" 2005-02-28 22.65 "SAS" "@" "CLE" "W" 2 0 10.2666666666667 0 0 0 0 0 38.9 0 0 0 8.9 74 110 0.7 -4.4
"57" "55" 2005-03-02 22.66 "SAS" "" "TOR" "W" 6 0 11.0166666666667 0.5 0.5 0 0 0 15.4 0 0 37.5 36.6 66 114 0 -14.5
"58" "56" 2005-03-04 22.66 "SAS" "" "CHI" "W" 3 0 6.66666666666667 1.215 1.5 0 0 0 76.2 0 0 25.8 28.1 175 110 6.4 32.6
"59" "57" 2005-03-06 22.67 "SAS" "" "UTA" "W" 7 0 14.35 0.786 0.786 0 17.3 8.6 56.5 0 4.9 12.5 27.2 131 112 10.1 15.4
"60" "58" 2005-03-08 22.67 "SAS" "" "NJN" "W" 16 0 16.2 0.205 0.25 0 5.8 3.3 20 0 0 17 17.2 51 91 -0.9 -11.6
"61" "59" 2005-03-09 22.68 "SAS" "@" "PHO" "L" -6 0 10.7666666666667 0.5 0.5 0 11.2 4.8 0 4.4 0 20 20.1 77 106 2.3 -3.5
"62" "60" 2005-03-12 22.68 "SAS" "" "DEN" "L" -3 0 10.4666666666667 0.625 0.625 0 20 11 41 5.5 0 50 37.6 68 94 2 -2.8
"63" "61" 2005-03-14 22.69 "SAS" "" "NOH" "W" 23 1 32.2666666666667 0.822 0.808 8.8 6.3 7.3 21.8 1.7 0 11.6 26.5 152 106 21.3 8.4
"64" "62" 2005-03-16 22.7 "SAS" "" "MIN" "W" 16 0 10.6166666666667 0.387 0.333 0 12.3 5.7 0 0 7.9 0 19.2 85 88 1.1 -4.9
"65" "63" 2005-03-18 22.7 "SAS" "" "CHA" "W" 17 0 16.3166666666667 0.143 0.143 0 0 0 50 6.4 0 22.2 23.5 56 82 0.9 -6.4
"66" "64" 2005-03-20 22.71 "SAS" "@" "DET" "L" -9 0 19.2666666666667 0.577 0.577 0 20 9.4 21.6 2.8 4.1 0 31 123 120 11.5 10.3
"67" "65" 2005-03-21 22.71 "SAS" "@" "NYK" "L" -13 0 14.3 0.417 0.417 0 0 0 0 0 0 33.3 28.9 54 109 -1.8 -15.1
"68" "66" 2005-03-23 22.72 "SAS" "@" "IND" "L" -7 0 22.1333333333333 0.431 0.4 0 6.6 2.9 0 0 3.8 0 24.3 92 128 2.6 -6.7
"69" "67" 2005-03-25 22.72 "SAS" "" "ATL" "W" 16 0 16.1166666666667 0.75 0.75 0 6.7 3.7 37.5 0 0 33.3 17.8 114 106 5.1 1.6
"70" "68" 2005-03-27 22.73 "SAS" "" "HOU" "W" 13 0 6.46666666666667 0 0 17.4 24.2 20.3 27.6 0 0 0 24.6 38 91 -0.4 -12.4
"71" "69" 2005-03-30 22.73 "SAS" "" "SEA" "W" 13 0 14.2833333333333 0.615 0.625 0 0 0 0 0 5.2 0 16.9 127 99 4.3 6.3
"72" "70" 2005-04-01 22.74 "SAS" "@" "DEN" "L" -18 0 14.0666666666667 0.417 0.417 0 9 4.1 0 0 0 0 19.4 99 124 0.7 -8.3
"73" "71" 2005-04-02 22.74 "SAS" "" "LAL" "W" 1 0 10.1 0.694 0.75 0 9.8 5.3 28.1 5.1 0 25.8 17.6 115 94 3.9 7.8
"74" "72" 2005-04-06 22.75 "SAS" "" "LAC" "W" 9 0 22.0833333333333 0.442 0.35 5.3 5.6 5.4 43.7 0 0 8.1 28.7 110 105 6.9 -2.1
"75" "73" 2005-04-07 22.76 "SAS" "@" "DAL" "L" -36 0 22.55 0.218 0.167 0 0 0 16.8 0 0 22.5 17.6 44 123 -2.2 -14.2
"76" "74" 2005-04-09 22.76 "SAS" "@" "LAC" "W" 1 0 0.933333333333333 NA NA 0 0 0 0 0 0 NA 0 0 118 -0.4 -32.4
"77" "75" 2005-04-10 22.76 "SAS" "@" "GSW" "W" 2 0 10.5833333333333 0.2 0.2 0 9.9 4.5 12.1 0 0 28.6 26.3 41 124 -2.9 -27.1
"78" "76" 2005-04-12 22.77 "SAS" "" "POR" "W" 6 0 16.3666666666667 0.799 0.833 12 6.7 9.5 0 3.3 0 12.7 20.7 139 103 9.3 13.8
"79" "77" 2005-04-13 22.77 "SAS" "@" "UTA" "L" -2 0 14.1333333333333 0 0 0 0 0 35.5 0 0 50 6.8 57 120 0 -8.5
"80" "78" 2005-04-16 22.78 "SAS" "" "MEM" "W" 22 0 19.35 0.788 0.75 0 5.3 3.2 20.3 0 0 25.3 29.5 111 94 7.9 6.3
"81" "79" 2005-04-18 22.79 "SAS" "@" "MEM" "L" -2 1 28.3666666666667 0.75 0.75 3.7 12.9 8 19.5 2.1 0 0 13.7 164 114 12.3 8.9
"82" "80" 2005-04-20 22.79 "SAS" "@" "MIN" "L" -22 0 24 0.545 0.5 0 0 0 13.4 0 0 17.9 36.2 86 119 5.9 -2.9
"1" "" 2005-11-01 23.33 "SAS" "" "DEN" "W" 11 NA NA NA NA NA NA NA NA NA NA NA NA NA NA NA NA
"2" "1" 2005-11-04 23.33 "SAS" "" "CLE" "W" 26 0 5.75 0.798 1 0 15.5 9.5 46.8 8.8 0 51.5 31.9 93 65 3 11.3
"3" "2" 2005-11-05 23.34 "SAS" "@" "DAL" "L" -19 0 4.3 0 0 0 0 0 36 0 0 33.3 32.6 19 129 -1.7 -28.6
"4" "" 2005-11-07 23.34 "SAS" "@" "CHI" "W" 9 NA NA NA NA NA NA NA NA NA NA NA NA NA NA NA NA
"5" "3" 2005-11-09 23.35 "SAS" "@" "CHA" "W" 8 0 4.55 0 0 0 0 0 28.5 0 0 33.3 30.5 20 101 -1.7 -25.2
"6" "4" 2005-11-11 23.35 "SAS" "@" "BOS" "W" 21 0 3.88333333333333 0.25 0.25 0 0 0 0 0 0 0 51.1 52 98 -0.4 -27.6
"7" "5" 2005-11-12 23.36 "SAS" "@" "WAS" "L" -15 0 3.26666666666667 1 1 0 0 0 0 0 0 50 27.5 75 124 0.7 -7
"8" "6" 2005-11-15 23.36 "SAS" "" "ATL" "W" 24 0 9.1 0.363 0.333 28.5 0 13.4 63.1 0 0 0 35.8 124 109 5 7.1
"9" "7" 2005-11-17 23.37 "SAS" "" "HOU" "W" 6 0 7.03333333333333 0 0 0 19.5 9.1 19.5 0 0 0 7.1 48 99 -0.1 -10.9
"10" "8" 2005-11-19 23.38 "SAS" "" "PHO" "W" 6 0 6.55 0.347 0 27.7 16.3 22.4 62.8 7.6 0 0 18.3 129 85 4.6 20.5
"11" "" 2005-11-21 23.38 "SAS" "@" "SAC" "W" 3 NA NA NA NA NA NA NA NA NA NA NA NA NA NA NA NA
"12" "9" 2005-11-23 23.39 "SAS" "@" "GSW" "W" 24 0 14.7166666666667 0.726 0.5 0 7.2 4.1 25.4 0 0 24.4 25.5 128 105 7 -0.4
"13" "" 2005-11-25 23.39 "SAS" "" "CHI" "L" -7 NA NA NA NA NA NA NA NA NA NA NA NA NA NA NA NA
"14" "" 2005-11-29 23.4 "SAS" "" "LAL" "W" 6 NA NA NA NA NA NA NA NA NA NA NA NA NA NA NA NA
"15" "" 2005-12-01 23.41 "SAS" "@" "DAL" "W" 2 NA NA NA NA NA NA NA NA NA NA NA NA NA NA NA NA
"16" "10" 2005-12-03 23.41 "SAS" "" "PHI" "W" 9 0 1.8 0.5 0.5 0 0 0 0 0 0 33.3 76.6 58 108 -0.4 -38.6
"17" "11" 2005-12-05 23.42 "SAS" "@" "ORL" "W" 25 0 7.9 0.81 0.833 0 12.4 7.3 22.6 0 0 0 26.3 165 98 5.9 14.3
"18" "12" 2005-12-07 23.42 "SAS" "" "MIA" "W" 14 0 0.75 NA NA 0 0 0 0 0 0 NA 0 0 104 0 -7.3
"19" "13" 2005-12-09 23.43 "SAS" "" "BOS" "W" 12 0 1.3 1 1 0 0 0 0 0 0 0 35.9 200 112 1.7 31.8
"20" "14" 2005-12-10 23.43 "SAS" "@" "ATL" "L" -10 0 9.58333333333333 0 0 10 0 5.6 0 0 0 0 19.7 18 111 -2.5 -21.1
"21" "" 2005-12-13 23.44 "SAS" "" "LAC" "W" 8 NA NA NA NA NA NA NA NA NA NA NA NA NA NA NA NA
"22" "" 2005-12-15 23.45 "SAS" "@" "MIN" "W" 2 NA NA NA NA NA NA NA NA NA NA NA NA NA NA NA NA
"23" "" 2005-12-17 23.45 "SAS" "" "SAC" "W" 1 NA NA NA NA NA NA NA NA NA NA NA NA NA NA NA NA
"24" "15" 2005-12-18 23.45 "SAS" "@" "NOK" "L" -13 0 4.7 0 0 0 0 0 34 0 0 50 21.2 26 107 -1 -17.6
"25" "16" 2005-12-21 23.46 "SAS" "@" "NYK" "W" 13 0 12 0.518 0.4 11.8 0 5.7 23.5 0 0 30.7 39.2 87 109 2.6 -11.2
"26" "17" 2005-12-23 23.47 "SAS" "" "TOR" "W" 5 0 0.2 NA NA 0 0 0 0 0 0 NA 0 0 108 0 -8.2
"27" "18" 2005-12-25 23.47 "SAS" "@" "DET" "L" -15 0 1.3 NA NA 0 0 0 100 0 0 NA 0 207 120 1.4 47.4
"28" "19" 2005-12-27 23.48 "SAS" "" "IND" "W" 13 0 0.883333333333333 NA NA 0 0 0 0 0 0 NA 0 0 104 0 -6.9
"29" "20" 2005-12-29 23.48 "SAS" "" "NOK" "W" 27 0 14.9833333333333 0.8 0.8 0 23.4 13.7 28.8 3.5 0 28.6 23.1 117 90 7.3 5.8
"30" "21" 2005-12-31 23.49 "SAS" "@" "DEN" "W" 10 0 12.5333333333333 0.5 0.5 0 0 0 29.1 0 0 0 15.4 113 108 1.4 -8.5
"31" "22" 2006-01-04 23.5 "SAS" "" "POR" "W" 31 0 5.78333333333333 0.694 0.5 0 18.4 9.5 71.8 0 0 25.8 30.4 134 92 4.4 15.5
"32" "" 2006-01-06 23.51 "SAS" "" "MIN" "W" 6 NA NA NA NA NA NA NA NA NA NA NA NA NA NA NA NA
"33" "" 2006-01-07 23.51 "SAS" "@" "PHO" "L" -5 NA NA NA NA NA NA NA NA NA NA NA NA NA NA NA NA
"34" "" 2006-01-10 23.52 "SAS" "" "NJN" "W" 5 NA NA NA NA NA NA NA NA NA NA NA NA NA NA NA NA
"35" "23" 2006-01-12 23.52 "SAS" "" "DET" "L" -15 0 1.88333333333333 0 0 0 0 0 94.4 0 0 50 58.9 19 113 -1 -34.9
"36" "" 2006-01-14 23.53 "SAS" "" "MEM" "W" 1 NA NA NA NA NA NA NA NA NA NA NA NA NA NA NA NA
"37" "24" 2006-01-16 23.53 "SAS" "@" "MEM" "W" 10 0 1.06666666666667 NA NA 0 0 0 0 0 0 NA 0 0 110 0 -6.4
"38" "" 2006-01-18 23.54 "SAS" "" "MIL" "W" 3 NA NA NA NA NA NA NA NA NA NA NA NA NA NA NA NA
"39" "" 2006-01-20 23.55 "SAS" "@" "MIA" "W" 7 NA NA NA NA NA NA NA NA NA NA NA NA NA NA NA NA
"40" "" 2006-01-22 23.55 "SAS" "" "DEN" "L" -4 NA NA NA NA NA NA NA NA NA NA NA NA NA NA NA NA
"41" "25" 2006-01-24 23.56 "SAS" "" "CHA" "W" 28 0 24.1166666666667 0.715 0.682 6.2 8.5 7.6 53 2.3 0 14.4 28.4 137 90 17.2 13
"42" "26" 2006-01-25 23.56 "SAS" "@" "NOK" "W" 16 0 7.8 0.515 0.333 25.1 14.3 20.1 53.9 0 0 20.5 31.3 114 89 4 11.2
"43" "27" 2006-01-28 23.57 "SAS" "" "MIN" "W" 14 0 1.4 0 0 0 0 0 87.9 0 0 0 32.9 63 111 0 -10.8
"44" "28" 2006-01-30 23.57 "SAS" "@" "UTA" "W" 9 0 15.4833333333333 0.556 0.556 0 0 0 19.9 3.8 0 18.2 36.8 88 90 4.6 6.3
"45" "29" 2006-02-01 23.58 "SAS" "@" "POR" "W" 4 0 13.9 0.4 0.4 0 6.9 3.7 15.6 0 0 0 17.7 94 102 1.9 -5.3
"46" "30" 2006-02-02 23.58 "SAS" "@" "GSW" "W" 3 0 16.4833333333333 0.25 0.25 0 13.9 7.3 56.2 0 0 33.3 17.7 70 100 2 -4.9
"47" "31" 2006-02-08 23.6 "SAS" "@" "TOR" "W" 7 0 10.05 0.667 0.667 17.6 12.9 14.9 27.4 5.5 0 25 20.3 124 114 4.7 6.3
"48" "" 2006-02-10 23.6 "SAS" "@" "NJN" "W" 10 NA NA NA NA NA NA NA NA NA NA NA NA NA NA NA NA
"49" "" 2006-02-12 23.61 "SAS" "@" "IND" "W" 4 NA NA NA NA NA NA NA NA NA NA NA NA NA NA NA NA
"50" "32" 2006-02-13 23.61 "SAS" "@" "CLE" "L" -14 0 9.35 1.128 1.375 0 0 0 0 0 0 27.3 40.2 104 128 8 26
"51" "" 2006-02-15 23.62 "SAS" "@" "PHI" "L" -3 NA NA NA NA NA NA NA NA NA NA NA NA NA NA NA NA
"52" "33" 2006-02-21 23.63 "SAS" "" "SEA" "W" 25 0 12.7 0.875 0.875 8 7.6 7.8 25.5 4.5 0 20 17.4 146 93 7.4 13.6
"53" "34" 2006-02-24 23.64 "SAS" "@" "MEM" "W" 3 0 13.9 0.282 0.25 6.8 0 4 31.3 0 0 10.1 31.5 70 101 0.5 -6.5
"54" "35" 2006-02-25 23.64 "SAS" "" "GSW" "W" 17 0 2.48333333333333 0 0 0 0 0 0 0 0 0 34.5 0 97 -1.4 -33.8
"55" "36" 2006-02-27 23.65 "SAS" "" "NYK" "W" 28 0 14.7 0.571 0.571 0 0 0 9.3 3.6 0 12.5 26.3 103 105 4.2 -3.7
"56" "" 2006-03-02 23.66 "SAS" "" "DAL" "W" 9 NA NA NA NA NA NA NA NA NA NA NA NA NA NA NA NA
"57" "37" 2006-03-04 23.66 "SAS" "" "POR" "W" 20 0 17.6333333333333 0.611 0.611 0 5.1 3 29.8 0 0 0 24.5 139 101 8.7 6.5
"58" "" 2006-03-06 23.67 "SAS" "@" "LAL" "W" 7 NA NA NA NA NA NA NA NA NA NA NA NA NA NA NA NA
"59" "38" 2006-03-07 23.67 "SAS" "@" "LAC" "L" -13 0 25.7333333333333 0.6 0.6 0 12.4 5.5 16.4 2.1 0 0 19.3 119 112 10 4.7
"60" "39" 2006-03-09 23.68 "SAS" "@" "PHO" "W" 24 0 23.0666666666667 0.65 0.65 0 4.8 2.5 23.4 0 0 0 20.3 140 109 10.3 1.9
"61" "40" 2006-03-10 23.68 "SAS" "" "LAL" "L" -8 0 18.1666666666667 0.714 0.714 0 12.9 6.8 24.7 3.1 0 0 20.2 139 115 9.3 10.9
"62" "41" 2006-03-12 23.68 "SAS" "" "HOU" "W" 7 0 16.2666666666667 0.672 0.714 0 8.2 3.7 0 0 0 0 22.9 130 107 6.2 6.2
"63" "42" 2006-03-14 23.69 "SAS" "" "NOK" "W" 15 0 18.0166666666667 0.644 0.583 7 8.3 7.6 21.3 3.1 4 34 31.6 91 94 6.3 1.2
"64" "43" 2006-03-17 23.7 "SAS" "" "PHO" "W" 6 0 15.15 0.375 0.375 6.7 0 3.7 8.9 0 0 20 27.2 83 120 -1 -18
"65" "44" 2006-03-18 23.7 "SAS" "@" "HOU" "W" 15 1 29.5833333333333 0.507 0.438 0 13.2 6.3 15.1 0 0 18.4 18.6 95 96 5.2 -3.6
"66" "45" 2006-03-21 23.71 "SAS" "" "GSW" "W" 11 0 14.7666666666667 0.732 0.688 8.6 7.4 7.9 0 3.5 0 0 27.2 154 104 10.6 14.4
"67" "46" 2006-03-22 23.71 "SAS" "@" "DEN" "L" -12 0 12.85 0 0 15.2 0 8.8 58.4 0 0 0 14.4 77 121 1.3 -5.6
"68" "47" 2006-03-24 23.72 "SAS" "@" "POR" "W" 19 0 18.95 0.667 0.667 0 13.3 6.8 17 0 0 25 22.3 100 101 5 -6.1
"69" "48" 2006-03-26 23.72 "SAS" "@" "SEA" "L" -4 0 11.15 0.357 0.357 0 0 0 0 0 7.3 22.2 38.4 56 123 -1.2 -19.3
"70" "49" 2006-03-28 23.73 "SAS" "@" "LAC" "W" 11 1 13.1333333333333 0.4 0.4 0 8.7 4.5 38.2 0 0 28.6 26.3 76 106 0.9 -12.7
"71" "" 2006-03-30 23.73 "SAS" "@" "LAL" "W" 11 NA NA NA NA NA NA NA NA NA NA NA NA NA NA NA NA
"72" "" 2006-04-01 23.74 "SAS" "" "WAS" "W" 7 NA NA NA NA NA NA NA NA NA NA NA NA NA NA NA NA
"73" "" 2006-04-04 23.75 "SAS" "@" "UTA" "W" 9 NA NA NA NA NA NA NA NA NA NA NA NA NA NA NA NA
"74" "" 2006-04-05 23.75 "SAS" "" "SAC" "L" -10 NA NA NA NA NA NA NA NA NA NA NA NA NA NA NA NA
"75" "" 2006-04-07 23.76 "SAS" "" "DAL" "L" -6 NA NA NA NA NA NA NA NA NA NA NA NA NA NA NA NA
"76" "" 2006-04-09 23.76 "SAS" "" "MEM" "W" 2 NA NA NA NA NA NA NA NA NA NA NA NA NA NA NA NA
"77" "50" 2006-04-11 23.77 "SAS" "" "SEA" "W" 9 0 4.3 0 0 0 0 0 53.2 0 0 66.7 29.9 37 112 -1.7 -30.8
"78" "51" 2006-04-13 23.77 "SAS" "" "ORL" "L" -12 0 5.61666666666667 0 0 0 0 0 0 0 0 33.3 26.7 0 118 -2.4 -33.9
"79" "52" 2006-04-16 23.78 "SAS" "@" "MIN" "W" 13 0 21.6 0.697 0.667 0 5.6 3 30.8 2.5 0 27.1 31.5 109 101 8.8 1.7
"80" "53" 2006-04-17 23.78 "SAS" "" "UTA" "W" 33 0 14.5166666666667 0.635 0.571 10.7 0 4.5 10.7 0 0 11.3 29.9 130 110 7.1 -1.8
"81" "54" 2006-04-19 23.79 "SAS" "@" "HOU" "W" 2 1 27.6166666666667 0.467 0.286 0 5.1 2.3 13.1 2 0 17.2 19.8 92 105 4.8 -8.4
"1" "1" 2006-11-02 24.33 "SAS" "@" "DAL" "W" 6 0 13.6 0.862 0.5 0 0 0 46.3 0 0 0 16.8 194 112 9.8 17.4
"2" "2" 2006-11-03 24.33 "SAS" "" "CLE" "L" -7 0 12.7166666666667 0.357 0.357 0 0 0 0 4.2 0 0 27.5 68 95 1.5 -0.3
"3" "3" 2006-11-05 24.34 "SAS" "@" "TOR" "W" 9 0 15.2166666666667 0.45 0.438 0 0 0 32 0 0 18.4 33.3 87 110 2.5 -7.1
"4" "4" 2006-11-06 24.34 "SAS" "@" "NYK" "W" 12 0 16.2333333333333 0.508 0.429 0 6.9 3.7 10.9 3.1 0 0 23.2 106 97 5.1 -1.7
"5" "5" 2006-11-08 24.35 "SAS" "" "PHO" "W" 5 0 16.0333333333333 0 0 0 0 0 7.9 0 0 0 13.4 12 109 -3.2 -16.3
"6" "6" 2006-11-11 24.35 "SAS" "" "NYK" "W" 8 0 16.2333333333333 0.571 0.571 0 7 3.5 0 0 0 22.2 24.5 81 100 2.2 -8.1
"7" "7" 2006-11-14 24.36 "SAS" "@" "HOU" "W" 8 0 18.3666666666667 0.917 0.917 0 14.5 9 20.5 0 0 25 21.7 132 99 8.3 12
"8" "8" 2006-11-15 24.36 "SAS" "" "CHA" "L" -3 0 12.7333333333333 0 0 0 8.5 4 0 0 0 20 16.8 0 102 -3.9 -22.7
"9" "9" 2006-11-17 24.37 "SAS" "" "CHI" "W" 17 0 23.9 0.5 0.5 0 0 0 58.4 4.3 0 33.3 17.5 104 90 7.5 4.9
"10" "10" 2006-11-19 24.38 "SAS" "@" "SAC" "W" 9 0 15.9 0.41 0.25 0 0 0 25.9 0 0 17 16.5 95 116 1.9 -6.7
"11" "11" 2006-11-20 24.38 "SAS" "@" "POR" "W" 9 0 16.2666666666667 0.457 0.286 9.8 0 4.9 0 0 0 0 27.3 108 122 4.2 -11.5
"12" "12" 2006-11-22 24.38 "SAS" "" "MIA" "W" 20 0 25.2 0.547 0.5 0 19.5 9.9 18.2 4.1 0 25.2 28.2 90 90 8.2 -0.8
"13" "13" 2006-11-24 24.39 "SAS" "" "DAL" "L" -3 0 1.51666666666667 1.136 NA 0 0 0 0 0 0 53.2 58.3 107 112 1 -1
"14" "14" 2006-11-26 24.39 "SAS" "@" "SEA" "W" 20 0 11.9833333333333 0.25 0.25 0 23.6 14.7 21.7 0 0 33.3 24.1 58 91 -0.1 -14.2
"15" "15" 2006-11-27 24.4 "SAS" "@" "GSW" "L" -9 0 14.6 0.511 0.389 0 18.8 8.7 25.2 0 0 8.5 34.7 111 124 5.7 -4.5
"16" "16" 2006-11-29 24.4 "SAS" "@" "UTA" "L" -8 0 16.7166666666667 0.481 0.455 7 6.7 6.8 16.4 0 0 0 36.8 102 111 5.8 5.5
"17" "17" 2006-12-02 24.41 "SAS" "" "SAC" "W" 2 0 8.28333333333333 0.5 0.5 0 16.1 7.3 49.5 0 0 28.6 38.4 82 108 1.6 -8.5
"18" "18" 2006-12-04 24.42 "SAS" "" "GSW" "W" 40 0 23.8166666666667 0.775 0.722 0 12.9 7.1 15.5 2 0 16.2 21.7 132 91 13.7 8.6
"19" "19" 2006-12-06 24.42 "SAS" "@" "CHA" "W" 20 0 22.2166666666667 0.5 0.5 6 6 6 22 2.6 0 0 15.4 124 94 6.2 4
"20" "20" 2006-12-08 24.43 "SAS" "" "LAC" "W" 29 0 17.9 0.405 0.333 7.9 0 3.4 29 0 0 16.8 32.5 92 101 3.6 -10.9
"21" "21" 2006-12-10 24.43 "SAS" "@" "LAL" "L" -7 0 14.95 0 0 0 0 0 17.4 3.4 0 20 16.1 28 114 -1.4 -12.6
"22" "22" 2006-12-11 24.44 "SAS" "@" "LAC" "W" 22 0 20.4833333333333 0.307 0.25 0 30.8 17 44.7 2.8 0 0 12.3 115 90 6.4 3.1
"23" "23" 2006-12-13 24.44 "SAS" "" "MIN" "W" 13 0 9.7 0.5 0.5 0 0 0 0 0 0 0 15.6 100 105 1.3 -3.5
"24" "24" 2006-12-14 24.44 "SAS" "@" "NOK" "W" 26 0 21.95 0.506 0.5 6.4 5.1 5.7 0 0 0 23.3 27.2 80 95 2.9 -8.9
"25" "25" 2006-12-16 24.45 "SAS" "" "PHI" "W" 5 0 13.0833333333333 0.3 0.3 9.4 17.5 13.6 21.4 0 0 16.7 21.3 82 114 1.6 -7.2
"26" "" 2006-12-20 24.46 "SAS" "" "MEM" "W" 7 NA NA NA NA NA NA NA NA NA NA NA NA NA NA NA NA
"27" "26" 2006-12-22 24.47 "SAS" "" "HOU" "L" -19 0 7.78333333333333 0 0 0 0 0 0 7.1 0 0 12.6 0 105 -0.4 -7.8
"28" "27" 2006-12-23 24.47 "SAS" "@" "NOK" "W" 35 0 8.06666666666667 0.5 0.5 0 0 0 0 7 0 0 13.3 92 90 2 -0.8
"29" "28" 2006-12-26 24.48 "SAS" "" "MIL" "L" -7 0 12.9 0 0 0 10.6 4.7 19.6 4 0 0 10.4 44 118 0.2 -9.1
"30" "29" 2006-12-28 24.48 "SAS" "" "UTA" "W" 23 0 9.31666666666667 0.417 0.417 0 11.7 6 17.3 0 0 25 39.1 70 97 0.2 -14.9
"31" "30" 2006-12-31 24.49 "SAS" "" "ATL" "W" 14 0 7.85 0.5 0.5 0 0 0 19.8 0 0 33.3 16.8 78 98 0.3 -7.5
"32" "31" 2007-01-02 24.5 "SAS" "@" "CLE" "L" -4 0 13.5166666666667 0.333 0.333 8.5 0 4 14.5 4 0 25 14.4 70 94 0.9 -1.9
"33" "32" 2007-01-03 24.5 "SAS" "@" "MIN" "L" -2 0 15.4833333333333 0.6 0.6 0 19 8.6 12.8 0 0 0 16.8 129 121 5 0.8
"34" "33" 2007-01-05 24.5 "SAS" "" "DAL" "L" -5 0 12.3666666666667 0 0 0 11.1 5.2 12.9 0 6.2 0 25.4 10 111 -3.3 -20.3
"35" "34" 2007-01-07 24.51 "SAS" "@" "MEM" "W" 14 1 23.2166666666667 0.583 0.583 0 0 0 39 0 0 25 16.1 112 111 4.2 -5.6
"36" "35" 2007-01-09 24.52 "SAS" "" "POR" "W" 14 0 23.8833333333333 0.508 0.429 0 11.2 5.9 52.2 2.5 0 20.2 21.3 120 107 8.8 3.7
"37" "36" 2007-01-10 24.52 "SAS" "@" "DEN" "W" 9 0 10.2666666666667 0.25 0.25 0 11.1 5.4 0 0 0 20 22.9 42 99 -1.5 -19.9
"38" "37" 2007-01-13 24.53 "SAS" "" "WAS" "W" 13 0 17.6666666666667 0.405 0.333 7.5 13.4 11.2 10.1 2.8 0 9.2 26.7 90 83 4.8 -1.1
"39" "38" 2007-01-15 24.53 "SAS" "@" "CHI" "L" -12 0 17.4333333333333 0.8 0.8 0 7.1 3.1 21.4 0 0 16.7 15.2 135 116 4.8 2.9
"40" "39" 2007-01-17 24.54 "SAS" "" "LAL" "L" -4 0 10.3333333333333 0 0 0 11.9 5.9 0 0 0 0 16.8 0 107 -3.7 -22.6
"41" "40" 2007-01-19 24.54 "SAS" "" "NOK" "W" 13 0 14.2666666666667 0.615 0.625 0 7.5 3.9 35.7 0 0 17 18.7 118 101 4.6 3
"42" "41" 2007-01-21 24.55 "SAS" "@" "PHI" "W" 14 0 13.6333333333333 0.6 0.6 0 7.2 3.9 12.8 4.2 0 0 18.1 128 98 5.3 3.7
"43" "42" 2007-01-22 24.55 "SAS" "@" "BOS" "W" 4 0 16.0333333333333 0.25 0.25 0 13.3 8 27.2 0 0 33.3 17.9 58 106 0.3 -9.5
"44" "43" 2007-01-24 24.56 "SAS" "" "HOU" "L" -5 0 7.86666666666667 0 0 0 16.9 7.8 16.5 0 0 0 11.6 25 103 -0.4 -10.5
"45" "44" 2007-01-26 24.56 "SAS" "" "MEM" "W" 16 0 13.8 0.643 0.6 0 0 0 50.3 0 0 0 18.9 156 115 7.4 4.5
"46" "45" 2007-01-28 24.57 "SAS" "@" "LAL" "W" 2 0 6.95 0.258 0 0 18.2 7.9 0 0 0 20.5 31.9 48 99 -1.6 -25.5
"47" "46" 2007-01-31 24.58 "SAS" "@" "UTA" "L" -4 0 6.4 0.387 0.333 0 17.9 9.1 0 0 0 0 31 82 116 1.2 -9.7
"48" "47" 2007-02-01 24.58 "SAS" "@" "PHO" "L" -16 0 7.65 0 0 0 0 0 0 6.7 0 0 17.2 0 105 -1.5 -12.4
"49" "48" 2007-02-07 24.59 "SAS" "@" "WAS" "W" 27 0 4.28333333333333 NA NA 0 0 0 0 0 0 NA 0 0 110 0 -6.5
"50" "" 2007-02-09 24.6 "SAS" "@" "ORL" "L" -2 NA NA NA NA NA NA NA NA NA NA NA NA NA NA NA NA
"51" "" 2007-02-11 24.61 "SAS" "@" "MIA" "L" -15 NA NA NA NA NA NA NA NA NA NA NA NA NA NA NA NA
"52" "49" 2007-02-13 24.61 "SAS" "@" "NJN" "W" 25 0 8.1 1 1 0 0 0 77.5 0 0 0 24.8 203 101 8.2 23
"53" "" 2007-02-14 24.61 "SAS" "@" "DET" "W" 9 NA NA NA NA NA NA NA NA NA NA NA NA NA NA NA NA
"54" "50" 2007-02-20 24.63 "SAS" "" "DEN" "W" 15 0 12 0.694 0.5 0 10 4.8 11.8 0 0 0 11.3 159 99 4 3.1
"55" "51" 2007-02-21 24.63 "SAS" "@" "ATL" "W" 7 0 1.03333333333333 0 0 0 0 0 0 0 0 0 43 0 112 -0.7 -42.4
"56" "52" 2007-02-24 24.64 "SAS" "" "SEA" "W" 31 0 12 0.47 0.429 0 9.5 5.3 0 4.8 0 11.8 35.7 83 84 3.6 -8.1
"57" "53" 2007-02-26 24.65 "SAS" "" "TOR" "W" 16 0 7.56666666666667 1 1 0 0 0 17.8 6.9 0 50 13 100 93 2 3.6
"58" "54" 2007-03-02 24.66 "SAS" "" "ORL" "W" 24 0 2.91666666666667 0 0 0 44.5 21.1 0 0 0 0 33.6 0 89 -1.1 -34.5
"59" "55" 2007-03-03 24.66 "SAS" "@" "HOU" "W" 23 0 27.0833333333333 0.761 0.714 5.7 13.6 10.1 18.4 2.1 0 0 15.2 159 90 12.6 10.9
"60" "56" 2007-03-05 24.67 "SAS" "@" "LAC" "W" 14 0 22.2333333333333 0.888 0.857 0 9.2 5.6 33.7 2.5 0 33.7 27.3 106 87 10.8 11
"61" "57" 2007-03-06 24.67 "SAS" "@" "POR" "W" 5 0 15.9833333333333 0.8 0.8 0 7.7 4 10.4 3.6 0 0 16 158 111 7.7 13.2
"62" "" 2007-03-08 24.67 "SAS" "@" "SAC" "W" 7 NA NA NA NA NA NA NA NA NA NA NA NA NA NA NA NA
"63" "58" 2007-03-10 24.68 "SAS" "" "NJN" "W" 16 0 7.4 0.5 0.5 15.4 0 7.5 47.2 0 0 50 25.9 78 94 0.7 -7.9
"64" "" 2007-03-13 24.69 "SAS" "" "LAC" "W" 9 NA NA NA NA NA NA NA NA NA NA NA NA NA NA NA NA
"65" "59" 2007-03-15 24.69 "SAS" "@" "MIL" "L" -11 0 5.76666666666667 0.667 0.667 0 0 0 0 0 0 0 26.8 121 128 2.7 2.2
"66" "60" 2007-03-17 24.7 "SAS" "" "BOS" "L" -6 0 7.88333333333333 0.333 0.333 0 0 0 27.8 0 0 0 17.9 79 110 1 -5
"67" "61" 2007-03-21 24.71 "SAS" "" "IND" "W" 18 0 6.4 0 0 0 30.6 18.3 0 0 0 0 23.4 0 80 -1.5 -23.5
"68" "62" 2007-03-23 24.72 "SAS" "" "DET" "W" 1 0 4.85 0 0 0 0 0 0 0 0 0 19.6 0 112 -1.4 -21.1
"69" "63" 2007-03-25 24.72 "SAS" "@" "SEA" "W" 41 0 6.73333333333333 0.644 0.5 0 0 0 42.1 8.2 0 0 27.8 160 86 5.7 22.6
"70" "64" 2007-03-26 24.72 "SAS" "@" "GSW" "W" 37 0 10.0166666666667 0 0 0 9 6.1 22.3 4.8 0 0 18.2 37 85 -0.5 -12.4
"71" "65" 2007-03-28 24.73 "SAS" "" "NOK" "W" 4 0 5.18333333333333 0 0 0 0 0 0 0 0 0 19.7 0 106 -1.4 -22.7
"72" "66" 2007-03-30 24.73 "SAS" "" "UTA" "W" 9 0 1.03333333333333 NA NA 0 0 0 0 0 0 NA 0 0 116 0 -6.4
"73" "" 2007-04-01 24.74 "SAS" "@" "IND" "L" -1 NA NA NA NA NA NA NA NA NA NA NA NA NA NA NA NA
"74" "67" 2007-04-03 24.75 "SAS" "" "SEA" "W" 19 0 15.3 0.167 0.167 0 17 10 0 0 0 14.3 23.1 38 114 -3 -28
"75" "" 2007-04-05 24.75 "SAS" "" "PHO" "W" 7 NA NA NA NA NA NA NA NA NA NA NA NA NA NA NA NA
"76" "68" 2007-04-07 24.76 "SAS" "" "GSW" "W" 13 0 0.733333333333333 1 1 0 0 0 0 0 0 0 62 200 115 1.7 52.5
"77" "69" 2007-04-09 24.76 "SAS" "" "POR" "W" 16 0 3.41666666666667 0 0 0 0 0 0 0 0 0 15.4 0 120 -1.1 -28.3
"78" "70" 2007-04-11 24.77 "SAS" "" "SAC" "W" 9 0 1.58333333333333 NA NA 0 0 0 0 0 0 NA 0 0 120 0 -6.9
"79" "71" 2007-04-13 24.77 "SAS" "@" "MIN" "W" 19 0 21.7833333333333 0.509 0.417 0 24 13.8 12.7 0 0 0 15.2 120 101 6.5 -1.4
"80" "" 2007-04-15 24.78 "SAS" "@" "DAL" "L" -5 NA NA NA NA NA NA NA NA NA NA NA NA NA NA NA NA
"81" "72" 2007-04-16 24.78 "SAS" "@" "MEM" "L" -10 0 28.7666666666667 0.462 0.462 3.7 5.1 4.3 54.3 1.9 0 0 21 127 119 12.8 5.9
"82" "73" 2007-04-18 24.79 "SAS" "" "DEN" "L" -23 0 31.7666666666667 0.44 0.423 0 7 3.2 21.1 1.6 0 11.9 25.5 83 111 6 -5.1
"1" "" 2007-11-02 25.33 "SAC" "@" "SAS" "L" -16 NA NA NA NA NA NA NA NA NA NA NA NA NA NA NA NA
"2" "" 2007-11-03 25.33 "SAC" "@" "DAL" "L" -21 NA NA NA NA NA NA NA NA NA NA NA NA NA NA NA NA
"3" "" 2007-11-06 25.34 "SAC" "" "SEA" "W" 6 NA NA NA NA NA NA NA NA NA NA NA NA NA NA NA NA
"4" "" 2007-11-09 25.35 "SAC" "" "CLE" "L" -2 NA NA NA NA NA NA NA NA NA NA NA NA NA NA NA NA
"5" "1" 2007-11-10 25.35 "SAC" "" "MIN" "W" 7 0 26.0333333333333 0.418 0.333 4.6 18 11.4 15.1 2.1 0 8.5 20.3 99 103 5.6 -5.1
"6" "2" 2007-11-12 25.36 "SAC" "@" "UTA" "L" -24 0 29.4666666666667 0.413 0.375 0 4.4 2.2 11.4 1.8 0 27.3 28.6 68 128 1.5 -11.7
"7" "3" 2007-11-14 25.36 "SAC" "@" "MIN" "L" -5 1 38.9166666666667 0.715 0.682 3.6 11.2 7.4 19.5 3.9 0 7.8 15.9 138 113 18.4 6.6
"8" "4" 2007-11-16 25.37 "SAC" "" "NYK" "W" 5 1 43.8333333333333 0.417 0.417 0 2.5 1.3 19.2 1.2 0 14.3 14.8 91 116 5.2 -5.5
"9" "5" 2007-11-18 25.37 "SAC" "" "DET" "W" 10 1 38.7833333333333 0.757 0.692 4 9.3 7 31.1 0 2 6.2 20.1 153 109 22.2 10.4
"10" "6" 2007-11-20 25.38 "SAC" "" "PHO" "L" -2 1 22.9833333333333 0.34 0.2 0 4.9 2.5 27.1 2.1 0 0 22.5 88 101 5.5 -0.6
"11" "" 2007-11-21 25.38 "SAC" "@" "PHO" "L" -16 NA NA NA NA NA NA NA NA NA NA NA NA NA NA NA NA
"12" "7" 2007-11-23 25.39 "SAC" "@" "POR" "L" -3 1 34.45 0.423 0.423 0 13.3 7.5 33.4 0 0 23.5 24.2 77 101 4.9 -4.5
"13" "8" 2007-11-26 25.39 "SAC" "" "SAS" "W" 13 1 44.5166666666667 0.846 0.75 3.1 6.5 5.1 15.7 1.2 1.7 15.8 20.8 150 113 25.2 8.1
"14" "9" 2007-11-28 25.4 "SAC" "" "GSW" "L" -7 1 40.6 0.402 0.368 6.8 4.7 5.8 5.4 0 0 13.1 22.2 87 111 4.3 -7.2
"15" "10" 2007-12-01 25.41 "SAC" "" "HOU" "W" 8 1 33.8666666666667 0.856 0.857 0 16.1 7.9 23.2 1.6 0 18.6 14.4 144 110 15.3 5.4
"16" "11" 2007-12-04 25.42 "SAC" "" "UTA" "W" 10 1 33.1 0.46 0.45 3.6 3.6 3.6 13.5 5.9 0 15.5 17 95 104 7.3 0.5
"17" "12" 2007-12-07 25.42 "SAC" "" "LAC" "L" -10 1 34.6666666666667 0.454 0.423 2.7 7.9 4.8 18 3 0 12.3 21.2 92 105 8.5 -0.7
"18" "13" 2007-12-08 25.43 "SAC" "@" "DEN" "L" -4 1 40.5666666666667 0.522 0.522 0 12.1 6 30.7 3.4 0 14.8 27.1 94 98 15.8 2.2
"19" "14" 2007-12-10 25.43 "SAC" "" "MIL" "W" 3 1 30.8833333333333 0.543 0.5 4.1 18.5 11.7 16.5 0 0 18.9 24 103 112 8.1 -6.2
"20" "15" 2007-12-12 25.44 "SAC" "@" "BOS" "L" -12 1 37.3 0.621 0.583 0 13.9 7.6 16.6 0 0 18.9 21.4 109 119 9.9 1.7
"21" "16" 2007-12-14 25.44 "SAC" "@" "PHI" "W" 10 1 36.1666666666667 0.447 0.367 3.9 11.1 7.6 21.9 0 0 19.3 25.5 97 111 7.9 -7.7
"22" "17" 2007-12-15 25.45 "SAC" "@" "WAS" "L" -13 1 34.4666666666667 0.466 0.417 0 12.4 6.6 59.4 1.6 0 13.4 21.6 107 106 11.6 4.5
"23" "18" 2007-12-18 25.45 "SAC" "@" "NJN" "W" 5 1 29.0833333333333 0 0 4.2 0 2.2 37.7 0 0 11.1 14.4 62 117 -1.1 -14.1
"24" "19" 2007-12-19 25.46 "SAC" "@" "MIL" "W" 13 1 36.5 0.923 0.923 0 8 3.7 15.7 3.1 0 13.3 19.9 146 105 20.8 12.5
"25" "20" 2007-12-23 25.47 "SAC" "" "DEN" "L" -1 1 38.4666666666667 0.466 0.5 2.4 10.4 6.3 7.9 0 0 18.9 17 79 109 3.9 -10.1
"26" "21" 2007-12-26 25.48 "SAC" "" "BOS" "L" -20 1 37.6833333333333 0.3 0.3 3.4 11.8 7.9 28.7 1.5 0 23.1 17 65 109 2.4 -5.9
"27" "22" 2007-12-28 25.48 "SAC" "" "PHI" "L" -12 1 37.8 0.864 0.864 0 20.5 8.9 34.9 1.5 0 26.7 18.6 133 108 15.6 9.6
"28" "23" 2007-12-30 25.49 "SAC" "" "PHO" "L" -15 1 33.1 0.3 0.3 0 11.6 6.3 17.2 1.5 0 9.1 14.4 78 125 3 -9.7
"29" "24" 2008-01-02 25.5 "SAC" "@" "NYK" "W" 10 1 41.7 0.387 0.25 5.4 6.9 6.2 22.6 3.4 1.9 20.5 19.7 84 95 9.4 -4.1
"30" "25" 2008-01-04 25.5 "SAC" "@" "CLE" "L" -4 1 43.2166666666667 0.458 0.458 3.4 4.4 4 27.4 0 0 25 17.4 94 115 7 -3.8
"31" "26" 2008-01-05 25.5 "SAC" "@" "CHI" "L" -1 1 37.35 0.325 0.306 0 9.3 5.6 29 2.7 0 14 26.4 72 99 5.4 -4.3
"32" "27" 2008-01-08 25.51 "SAC" "" "ORL" "W" 4 1 41.0666666666667 0.571 0.571 0 13.8 6.6 21.9 1.3 0 25.2 22.7 96 116 9.5 -5.3
"33" "28" 2008-01-10 25.52 "SAC" "" "MEM" "W" 3 1 42.0333333333333 0.682 0.647 2.6 10.4 5.9 10.8 2.4 0 14.1 21.5 126 118 18.6 1.8
"34" "29" 2008-01-12 25.52 "SAC" "" "IND" "L" -6 1 33.5833333333333 0.875 0.875 0 6.8 3.7 15.1 1.5 0 33.3 15.9 113 116 9.7 0.8
"35" "30" 2008-01-14 25.53 "SAC" "" "DAL" "W" 2 1 36.35 0.355 0.313 3.5 16 9.3 17.7 4.2 0 5.6 21.4 95 121 9.8 -4.4
"36" "31" 2008-01-16 25.53 "SAC" "@" "TOR" "L" -25 1 18.2166666666667 0.3 0.3 0 15.1 7.4 58.8 5.8 0 37.5 21.2 79 120 3.6 -2
"37" "32" 2008-01-18 25.54 "SAC" "@" "DET" "W" 7 1 25.0666666666667 0.761 0.714 5.8 18.4 13.5 21.7 2.2 0 20.2 20 127 103 11.6 5
"38" "33" 2008-01-19 25.54 "SAC" "@" "IND" "W" 6 1 23.3666666666667 0.969 0.944 0 8.1 4.7 27.2 2 3.1 16.2 22.1 157 101 18.5 18.4
"39" "34" 2008-01-22 25.55 "SAC" "" "NJN" "W" 34 0 17.5833333333333 1.19 1.2 0 13 7.8 25.3 0 4.4 14.5 18.3 196 107 14.5 17.3
"40" "35" 2008-01-23 25.55 "SAC" "@" "LAC" "L" -26 0 15.5833333333333 0 0 6.4 14.7 10.3 9.9 0 0 20 14.1 23 121 -2.2 -18.3
"41" "36" 2008-01-25 25.56 "SAC" "@" "UTA" "L" -14 0 17.0166666666667 0.621 0.5 0 0 0 9 0 0 15.1 18.6 116 144 3.8 -5.8
"42" "37" 2008-01-27 25.56 "SAC" "@" "SEA" "W" 2 0 18.9333333333333 0.512 0.438 0 5.6 3.1 8.6 0 7.5 9.3 25.4 97 110 5.8 -0.7
"43" "38" 2008-01-30 25.57 "SAC" "" "CHA" "W" 14 0 14.95 0.41 0.25 7.1 6.6 6.8 8.5 3.3 0 29.1 19.2 75 94 1.9 -7.7
"44" "39" 2008-02-01 25.58 "SAC" "" "NOH" "W" 9 0 18.6333333333333 0.515 0.333 0 27.1 12.9 31.9 5.4 0 20.5 11.6 121 100 7.2 4.8
"45" "40" 2008-02-02 25.58 "SAC" "" "CHI" "W" 4 0 20.3666666666667 0.507 0.438 0 24.2 11.5 0 2.4 0 0 17.9 113 101 6 -0.1
"46" "" 2008-02-06 25.59 "SAC" "" "SEA" "L" -13 NA NA NA NA NA NA NA NA NA NA NA NA NA NA NA NA
"47" "41" 2008-02-08 25.6 "SAC" "" "UTA" "W" 13 0 24.8166666666667 0.4 0.4 0 9.7 5.1 12.8 0 0 0 8.6 110 113 2.9 -4.8
"48" "42" 2008-02-09 25.6 "SAC" "@" "GSW" "L" -3 0 17.6333333333333 0.429 0.429 0 20.2 10.8 8 0 0 12.5 18.2 87 104 2 -8.4
"49" "43" 2008-02-12 25.61 "SAC" "@" "MEM" "L" -13 0 18.1333333333333 0.278 0.278 0 6.8 2.9 18.4 2.8 0 10 23.9 61 111 0.4 -10.4
"50" "44" 2008-02-13 25.61 "SAC" "@" "HOU" "L" -2 0 22.7833333333333 0.5 0.5 0 28.7 15.6 8.5 0 0 25 17.3 76 99 3.5 -5.8
"51" "45" 2008-02-19 25.63 "SAC" "@" "POR" "W" 11 1 39.15 0.409 0.409 0 0 0 21.6 1.4 0 21.4 17 87 113 4.3 -7.4
"52" "46" 2008-02-20 25.63 "SAC" "" "ATL" "W" 12 1 36.1333333333333 0.551 0.5 0 10.8 5.2 43.3 1.4 0 0 19 148 118 18 5.2
"53" "47" 2008-02-22 25.64 "SAC" "@" "CHA" "W" 1 1 39.8333333333333 0.715 0.727 5.7 17 11.3 26 0 2.3 25.2 17.3 119 115 13.4 -0.1
"54" "48" 2008-02-24 25.64 "SAC" "@" "ORL" "L" -19 1 35.9333333333333 0.167 0.167 0 9.8 4.8 23.8 0 0 40 12.4 48 123 -1.1 -11.9
"55" "49" 2008-02-26 25.65 "SAC" "@" "MIA" "L" -21 1 29.15 0.286 0.286 0 9.1 4.3 17.2 1.8 0 0 11.2 78 116 3.2 -5.4
"56" "50" 2008-02-27 25.65 "SAC" "@" "ATL" "L" -6 1 37.6666666666667 0.602 0.579 5.2 6.9 5.9 34 1.3 0 4.6 23.8 135 128 22.1 4.5
"57" "51" 2008-02-29 25.65 "SAC" "@" "DAL" "L" -9 1 39.6 0.671 0.625 0 13.2 6.6 22.5 0 1.5 5.1 22.3 138 126 20.9 4.7
"58" "52" 2008-03-02 25.66 "SAC" "" "MIA" "W" 11 1 39.2333333333333 0.863 0.833 0 16.3 7.6 36.7 4.1 0 0 16.6 188 117 27.9 15
"59" "53" 2008-03-04 25.67 "SAC" "" "LAL" "L" -12 1 35.9666666666667 0.395 0.395 2.9 3 2.9 11.9 2.6 0 9.5 24.1 86 118 5.6 -4.7
"60" "54" 2008-03-05 25.67 "SAC" "@" "LAC" "L" -7 1 46.5666666666667 0.602 0.579 3.2 7.8 5.7 17 0 0 16.2 27.1 105 119 14.5 -3.7
"61" "55" 2008-03-07 25.67 "SAC" "" "MIN" "L" -8 1 40.3833333333333 0.611 0.5 3.4 8.5 6.2 30.5 0 0 27.3 17 108 129 9.9 -6.3
"62" "56" 2008-03-09 25.68 "SAC" "@" "LAL" "W" 1 1 43.95 0.671 0.594 0 5.5 3 32 1.1 0 9.7 20.4 139 119 24 6.1
"63" "57" 2008-03-13 25.69 "SAC" "" "POR" "W" 11 1 40.4833333333333 0.589 0.545 3.4 18.4 11.9 30.9 0 0 33.6 21.1 91 96 10 -3.4
"64" "58" 2008-03-15 25.7 "SAC" "@" "PHO" "L" -28 1 26.4333333333333 0.383 0.3 3.6 4.8 4.1 11.5 0 0 14.5 22.2 80 134 2.8 -10.8
"65" "59" 2008-03-16 25.7 "SAC" "" "TOR" "W" 6 1 37.6833333333333 0.46 0.433 3.2 0 1.5 27.6 0 1.7 26.9 24.4 83 101 5.6 -4.5
"66" "" 2008-03-18 25.7 "SAC" "" "GSW" "W" 17 NA NA NA NA NA NA NA NA NA NA NA NA NA NA NA NA
"67" "" 2008-03-21 25.71 "SAC" "@" "SAS" "L" -13 NA NA NA NA NA NA NA NA NA NA NA NA NA NA NA NA
"68" "" 2008-03-22 25.72 "SAC" "@" "MEM" "L" -6 NA NA NA NA NA NA NA NA NA NA NA NA NA NA NA NA
"69" "60" 2008-03-24 25.72 "SAC" "@" "HOU" "L" -8 1 10.0666666666667 0.25 0.25 0 15.4 7 13.5 0 0 0 19.9 68 130 0.6 -13.1
"70" "" 2008-03-26 25.73 "SAC" "" "MEM" "W" 1 NA NA NA NA NA NA NA NA NA NA NA NA NA NA NA NA
"71" "" 2008-03-28 25.73 "SAC" "" "WAS" "L" -6 NA NA NA NA NA NA NA NA NA NA NA NA NA NA NA NA
"72" "" 2008-03-30 25.74 "SAC" "@" "SEA" "W" 13 NA NA NA NA NA NA NA NA NA NA NA NA NA NA NA NA
"73" "" 2008-04-01 25.74 "SAC" "" "HOU" "W" 1 NA NA NA NA NA NA NA NA NA NA NA NA NA NA NA NA
"74" "" 2008-04-03 25.75 "SAC" "" "LAC" "W" 12 NA NA NA NA NA NA NA NA NA NA NA NA NA NA NA NA
"75" "" 2008-04-05 25.75 "SAC" "@" "DEN" "W" 3 NA NA NA NA NA NA NA NA NA NA NA NA NA NA NA NA
"76" "" 2008-04-06 25.76 "SAC" "" "LAL" "L" -22 NA NA NA NA NA NA NA NA NA NA NA NA NA NA NA NA
"77" "61" 2008-04-08 25.76 "SAC" "@" "GSW" "L" -8 0 23.3 0.556 0.556 5.3 10.3 7.8 17.3 1.9 0 25 20.7 95 132 5.9 -6.6
"78" "62" 2008-04-11 25.77 "SAC" "" "POR" "W" 17 1 23.7333333333333 0.619 0.625 0 12.1 7.1 18.4 0 0 25.3 24.1 99 98 6.2 -4.9
"79" "63" 2008-04-12 25.77 "SAC" "" "NOH" "W" 3 1 25.7833333333333 0.418 0.333 0 11.4 6.3 5.7 0 0 0 19.5 91 98 3.5 -7.1
"80" "64" 2008-04-14 25.78 "SAC" "" "SAS" "L" -3 1 31.4833333333333 0.592 0.4 4.1 6.1 4.9 14.3 0 0 12.9 23.9 120 121 10.9 -4.1
"81" "65" 2008-04-15 25.78 "SAC" "@" "LAL" "L" -23 1 35.3833333333333 0.762 0.75 0 12.3 6.3 33.3 0 0 17.2 20.8 130 127 17.8 2.9
"1" "1" 2008-10-29 26.32 "SAC" "@" "MIN" "L" -2 1 35.4 0.506 0.444 3.6 11.5 8 22.2 0 0 33.6 19 82 107 4.9 -9.1
"2" "2" 2008-10-31 26.32 "SAC" "@" "MIA" "L" -26 1 21.5166666666667 0.143 0.143 0 5 2.7 16.7 2.3 0 41.7 24.4 25 110 -5.2 -19.4
"3" "3" 2008-11-01 26.33 "SAC" "@" "ORL" "L" -18 1 36.4333333333333 0.59 0.563 0 10.7 5.8 19.5 0 0 17.7 15.4 111 140 7.8 -6.6
"4" "4" 2008-11-03 26.33 "SAC" "@" "PHI" "L" -34 1 19.2833333333333 0.8 0.8 0 15.6 8 38.2 0 0 37.5 19.3 102 139 5.3 -7.8
"5" "5" 2008-11-05 26.34 "SAC" "" "MEM" "W" 5 1 27.4833333333333 0.222 0.222 0 4.4 2.6 29.5 0 0 30.8 22.5 60 118 -2.2 -19.2
"6" "6" 2008-11-07 26.34 "SAC" "" "MIN" "W" 12 1 32.8 0.631 0.591 0 3.3 1.9 3.9 1.6 0 0 16.7 139 125 11.3 -1.2
"7" "7" 2008-11-09 26.35 "SAC" "" "GSW" "W" 17 1 25.2833333333333 0.364 0.364 4.4 7.3 6 22.1 3.7 0 0 17.7 102 94 7.2 -0.6
"8" "8" 2008-11-11 26.35 "SAC" "" "DET" "L" -8 1 37.2833333333333 0.605 0.607 3.3 17.6 10.9 13.5 1.5 0 11.8 21.8 114 114 13.4 0.3
"9" "9" 2008-11-12 26.36 "SAC" "@" "LAC" "W" 5 1 38.0666666666667 0.689 0.65 12.6 6.3 9 34.5 2.9 0 4.4 29.3 150 112 28.2 10.5
"10" "10" 2008-11-14 26.36 "SAC" "" "PHO" "L" -2 1 40.7666666666667 0.533 0.531 9.3 2.8 5.9 20.9 0 0 10.6 21.9 108 105 10.8 -0.9
"11" "11" 2008-11-16 26.37 "SAC" "" "SAS" "L" -2 1 35.0166666666667 0.587 0.455 0 17.6 9 21 4.7 0 26.8 25.7 96 98 11.8 -0.5
"12" "12" 2008-11-18 26.37 "SAC" "@" "MEM" "L" -15 1 27.2333333333333 0.935 0.9 0 10.1 4.5 30.4 7.8 0 25.4 13.9 142 110 15.2 11.6
"13" "13" 2008-11-19 26.38 "SAC" "@" "NOH" "W" 9 1 33.9166666666667 0.54 0.333 4.4 12.5 8.6 27 1.7 0 27.8 25.6 104 115 11 -4.4
"14" "14" 2008-11-21 26.38 "SAC" "" "POR" "L" -21 1 23.2666666666667 0.394 0.375 0 6.4 3.1 36.6 4.8 0 10.1 20.5 99 132 7.3 -2.5
"15" "15" 2008-11-23 26.39 "SAC" "@" "LAL" "L" -10 1 22.5833333333333 0.508 0.429 0 0 0 36.6 4.2 0 11.3 17.2 116 117 9 0.9
"16" "16" 2008-11-24 26.39 "SAC" "@" "POR" "L" -1 1 34.55 0.708 0.708 3.9 6.3 5.2 50.8 3 0 33.3 24.6 104 99 12.3 2.3
"17" "17" 2008-11-26 26.39 "SAC" "" "NJN" "L" -2 1 43.4 0.531 0.417 0 2.7 1.4 37.1 0 0 16.6 18.7 114 122 11.5 -5.1
"18" "18" 2008-11-28 26.4 "SAC" "@" "UTA" "L" -26 1 28.0166666666667 0.611 0.611 4.3 12.2 8.4 32.7 0 2.6 25 19.5 104 127 9.8 -1.1
"19" "19" 2008-11-29 26.4 "SAC" "" "DAL" "L" -23 1 29.55 0.472 0.417 12.3 17.7 14.8 47.6 3.5 0 17.9 23.7 100 105 14 8.4
"20" "20" 2008-12-02 26.41 "SAC" "" "UTA" "L" -5 1 36.0166666666667 0.66 0.625 2.8 8.1 5 23.5 2.7 0 28 22 98 102 10.5 -2
"21" "21" 2008-12-06 26.42 "SAC" "" "DEN" "L" -33 1 35.4333333333333 0.559 0.333 6.7 3.7 5.5 21.7 0 0 32.4 19.5 93 127 7.7 -6.3
"22" "22" 2008-12-09 26.43 "SAC" "" "LAL" "W" 12 1 29.6 0.407 0.385 0 19.9 11.1 22.6 1.7 0 11.9 24.9 90 101 6.8 -5.7
"23" "23" 2008-12-12 26.44 "SAC" "@" "LAL" "L" -9 1 34.4666666666667 0.594 0.615 0 3.4 1.6 35.8 1.4 0 6.5 19.6 120 117 13.5 2.6
"24" "24" 2008-12-13 26.44 "SAC" "" "NYK" "L" -24 1 27.35 0.523 0.5 3.1 8.2 5.3 41.3 7 2.9 0 18.4 123 102 16.8 13.3
"25" "25" 2008-12-15 26.45 "SAC" "" "MIN" "W" 15 1 27.7833333333333 0.5 0.5 0 0 0 13.1 0 0 33.3 9.4 83 112 0.9 -11.7
"26" "26" 2008-12-16 26.45 "SAC" "@" "POR" "L" -32 1 28.9666666666667 0.2 0.2 0 13.8 6.8 32 3.5 0 33.3 23.5 37 112 -1.6 -13.8
"27" "27" 2008-12-19 26.46 "SAC" "@" "HOU" "L" -11 1 27.3333333333333 0.2 0.2 0 5 2.4 15.8 0 0 28.6 12 53 126 -1.9 -15
"28" "" 2008-12-20 26.46 "SAC" "@" "NOH" "L" -9 NA NA NA NA NA NA NA NA NA NA NA NA NA NA NA NA
"29" "28" 2008-12-22 26.47 "SAC" "@" "SAS" "L" -16 1 36.2333333333333 0.509 0.455 2.9 11.7 6.6 21.7 8.9 0 19 20.1 95 102 13.9 4.5
"30" "29" 2008-12-26 26.48 "SAC" "" "TOR" "L" -6 1 32.25 0.635 0.643 0 0 0 19.8 1.8 0 11.3 13 130 130 8.3 -2.5
"31" "30" 2008-12-28 26.48 "SAC" "" "BOS" "L" -45 1 22 0.333 0.333 4.5 6.1 5.2 44.7 2.4 0 14.3 15.6 73 118 2.5 -4.3
"32" "31" 2008-12-30 26.49 "SAC" "" "LAC" "W" 2 1 27.55 0.623 0.65 0 7 3.6 16.2 1.9 0 8.7 17.7 122 103 9.2 2.6
"33" "32" 2009-01-02 26.5 "SAC" "@" "DET" "L" -6 1 20.1666666666667 0.205 0 0 0 0 25.5 0 0 29.1 14.2 51 111 -2.3 -16
"34" "33" 2009-01-03 26.5 "SAC" "@" "IND" "L" -5 1 12.4666666666667 0.583 0.583 9.2 9.6 9.4 0 3.9 0 14.3 24.3 100 120 3.4 -6.5
"35" "34" 2009-01-05 26.5 "SAC" "@" "NJN" "L" -8 1 21 0.45 0.375 0 5.3 2.5 16.2 0 0 10.1 23.2 89 118 2.7 -13.5
"36" "35" 2009-01-06 26.51 "SAC" "@" "CHI" "L" -5 1 28.7833333333333 0.5 0.5 5.6 10.6 8.7 26.9 0 0 14.3 11.6 113 111 6.7 -0.6
"37" "36" 2009-01-09 26.52 "SAC" "" "MIA" "L" -4 1 15.9833333333333 0.333 0.333 0 0 0 24.5 0 0 25 31.6 57 117 -1.5 -18.3
"38" "37" 2009-01-11 26.52 "SAC" "" "DAL" "W" 7 1 35.4833333333333 0.538 0.5 3.9 12 8.5 24.7 2.9 0 0 19.6 125 100 16.3 6
"39" "38" 2009-01-13 26.53 "SAC" "" "ORL" "L" -32 1 17.1666666666667 0.571 0.571 6.5 10 7.9 32.5 5.8 0 22.2 23.4 101 135 7 -0.6
"40" "39" 2009-01-14 26.53 "SAC" "@" "GSW" "W" 2 1 56.05 0.381 0.333 7.6 3.4 5.4 21.2 1 0 8.2 19.4 100 117 11.2 -4.7
"41" "40" 2009-01-16 26.53 "SAC" "" "MIL" "L" -7 1 38.4333333333333 0.618 0.6 4.2 0 1.8 9.1 0 0 30.6 18.6 93 140 4.9 -10.9
"42" "41" 2009-01-20 26.55 "SAC" "@" "DEN" "L" -19 1 20.6333333333333 0.375 0.375 0 14.1 6.3 41.5 2.3 0 20 21.2 81 117 3.5 -6.6
"43" "42" 2009-01-21 26.55 "SAC" "" "WAS" "L" -3 1 39 0.88 0.864 0 10.9 4.7 14.7 2.7 0 12.8 18.5 153 118 22.1 8.7
"44" "43" 2009-01-24 26.56 "SAC" "@" "MIL" "L" -2 1 35.7166666666667 0.505 0.455 3.3 3.1 3.2 22.7 3 0 7.8 16.9 113 118 10.2 -0.1
"45" "44" 2009-01-25 26.56 "SAC" "@" "TOR" "L" -16 1 29.8333333333333 0.429 0.429 0 15.1 6.4 24.5 1.8 0 22.2 14.1 90 125 4.1 -6.2
"46" "45" 2009-01-27 26.56 "SAC" "@" "CLE" "L" -7 1 33.45 0.571 0.571 0 0 0 21.9 1.6 2.8 12.5 11.9 117 138 7.7 -2.3
"47" "46" 2009-01-28 26.57 "SAC" "@" "BOS" "L" -19 1 20.4166666666667 0.667 0.667 0 6.7 3.2 24.9 0 0 25 9.2 118 135 1.7 -8.9
"48" "47" 2009-01-30 26.57 "SAC" "" "CHI" "L" -21 1 25.3333333333333 0.333 0.333 0 14.2 7 15.7 0 0 40 16.8 51 121 -1.5 -14
"49" "" 2009-02-01 26.58 "SAC" "" "OKC" "W" 4 NA NA NA NA NA NA NA NA NA NA NA NA NA NA NA NA
"50" "48" 2009-02-02 26.58 "SAC" "@" "PHO" "L" -48 1 23.5166666666667 0.286 0.286 0 4.5 2.2 7.6 4 0 30 17.3 45 124 -2.1 -14.6
"51" "49" 2009-02-06 26.59 "SAC" "" "UTA" "L" -4 1 16.1833333333333 0.5 0.5 0 0 0 35.9 9.1 0 0 5.3 148 103 4.8 3.2
"52" "50" 2009-02-08 26.6 "SAC" "@" "OKC" "L" -3 1 38.05 0.92 0.929 3.5 16.2 10.1 12.6 2.7 1.7 0 20.1 185 121 29.4 14.2
"53" "51" 2009-02-10 26.6 "SAC" "@" "DAL" "L" -18 1 36.9 0.427 0.417 0 7.2 3.5 22.8 4 0 7.2 17.2 92 119 9.1 -4
"54" "52" 2009-02-11 26.61 "SAC" "@" "HOU" "L" -12 1 34.45 0.714 0.714 4.2 3.7 3.9 16.7 0 2.7 22.2 13 114 114 7.3 -2
"55" "53" 2009-02-18 26.62 "SAC" "" "ATL" "L" -5 1 43.7666666666667 0.587 0.536 0 10.5 5.8 15 1.1 1.6 11.5 17.4 113 109 13.8 0.2
"56" "54" 2009-02-20 26.63 "SAC" "@" "MEM" "W" 9 1 34.2166666666667 0.856 0.714 0 5.1 3 29.6 1.4 1.8 0 13.7 185 112 19.6 7.2
"57" "55" 2009-02-21 26.63 "SAC" "@" "DAL" "L" -21 1 37.9666666666667 0.648 0.615 0 10.5 4.6 34.2 1.2 0 12.6 18.7 122 117 15.7 -0.1
"58" "56" 2009-02-23 26.64 "SAC" "" "NOH" "L" -7 1 30.5333333333333 0.363 0.333 7.7 3.9 5.8 9.3 0 0 22.5 13.3 80 128 0.7 -13.8
"59" "57" 2009-02-25 26.64 "SAC" "" "CHA" "L" -7 1 1.28333333333333 0 0 0 0 0 0 0 0 0 35.5 0 120 -0.7 -38
"60" "" 2009-02-27 26.65 "SAC" "" "LAC" "W" 12 NA NA NA NA NA NA NA NA NA NA NA NA NA NA NA NA
"61" "" 2009-02-28 26.65 "SAC" "@" "UTA" "L" -13 NA NA NA NA NA NA NA NA NA NA NA NA NA NA NA NA
"62" "" 2009-03-03 26.66 "SAC" "" "IND" "L" -8 NA NA NA NA NA NA NA NA NA NA NA NA NA NA NA NA
"63" "" 2009-03-08 26.67 "SAC" "" "DEN" "W" 8 NA NA NA NA NA NA NA NA NA NA NA NA NA NA NA NA
"64" "" 2009-03-10 26.68 "SAC" "" "OKC" "L" -1 NA NA NA NA NA NA NA NA NA NA NA NA NA NA NA NA
"65" "" 2009-03-13 26.69 "SAC" "" "CLE" "L" -3 NA NA NA NA NA NA NA NA NA NA NA NA NA NA NA NA
"66" "58" 2009-03-15 26.69 "SAC" "@" "WAS" "L" -2 0 28.8166666666667 0.563 0.563 0 17.5 8 38.4 0 0 18.4 16.6 115 119 8.5 -3.3
"67" "59" 2009-03-17 26.7 "SAC" "@" "ATL" "L" -22 1 36.5166666666667 0.311 0.25 0 14.6 6.4 29.1 0 0 7.2 17.6 84 132 5.2 -10.3
"68" "60" 2009-03-18 26.7 "SAC" "@" "CHA" "L" -16 1 42.2666666666667 0.321 0.321 4.8 3.4 4.3 23.1 3.9 0 22.2 19.9 71 120 4.9 -8.3
"69" "61" 2009-03-20 26.71 "SAC" "@" "NYK" "W" 27 1 41.75 0.613 0.6 3.3 13 9.1 22 1.2 0 10.9 18.6 128 98 17.9 1.4
"70" "62" 2009-03-22 26.71 "SAC" "" "PHI" "L" -12 1 36.2 0.615 0.5 0 13.3 5.4 26.8 1.4 0 29.1 16.5 105 121 8.5 -6.1
"71" "63" 2009-03-27 26.73 "SAC" "" "MEM" "L" -18 1 32.1666666666667 0.425 0.4 0 0 0 26.6 0 4.8 25.4 12.7 85 131 3.6 -7.3
"72" "64" 2009-03-29 26.73 "SAC" "" "PHO" "W" 8 1 31.8166666666667 0.656 0.6 3.4 18.9 11.5 26.4 3 2.3 14.1 18 135 112 17.9 4.9
"73" "65" 2009-03-31 26.74 "SAC" "" "NOH" "L" -1 1 34.4166666666667 0.5 0.5 4 23.9 13.9 26.6 0 1.9 20 14.5 110 126 8.2 -4.5
"74" "66" 2009-04-01 26.74 "SAC" "@" "GSW" "L" -2 1 51.2666666666667 0.436 0.333 0 13.2 6.1 25.3 0.9 0 8.8 17.2 103 123 13.3 -6.6
"75" "67" 2009-04-03 26.75 "SAC" "@" "PHO" "L" -28 1 28.1833333333333 0.255 0.2 3.9 11.1 7.6 37.5 0 0 33.8 13.3 81 139 2.5 -11.3
"76" "68" 2009-04-05 26.75 "SAC" "" "GSW" "L" -5 1 36.6166666666667 0.707 0.7 5.8 10.7 8.4 29.3 0 1.8 8.1 14 146 112 16.3 3.6
"77" "69" 2009-04-07 26.76 "SAC" "" "LAL" "L" -18 1 31.4166666666667 0.554 0.5 3 10.4 6.4 26.7 0 0 19.2 20.7 106 129 10.2 -4.2
"78" "70" 2009-04-09 26.76 "SAC" "" "HOU" "L" -17 1 31.75 0.5 0.5 0 16.8 7.9 27.1 0 0 7.7 18.5 111 128 9.3 -4.9
"79" "71" 2009-04-10 26.76 "SAC" "@" "LAC" "L" -31 1 43.25 0.6 0.6 0 14.2 5.4 21.1 2.4 0 16.7 17.3 108 117 13.6 -1.4
"80" "72" 2009-04-12 26.77 "SAC" "" "SAS" "L" -3 1 28.3666666666667 0.083 0.083 0 15.7 8 31.4 4 0 0 20.8 50 106 0.2 -12.6
"81" "" 2009-04-13 26.77 "SAC" "@" "DEN" "L" -20 NA NA NA NA NA NA NA NA NA NA NA NA NA NA NA NA
"82" "73" 2009-04-15 26.78 "SAC" "@" "MIN" "W" 7 1 31.6666666666667 0.436 0.333 0 7.1 3.7 24.5 1.7 0 22.5 13.4 94 106 4.9 -6.1
"1" "" 2009-10-28 27.32 "SAC" "@" "OKC" "L" -13 NA NA NA NA NA NA NA NA NA NA NA NA NA NA NA NA
"2" "1" 2009-10-30 27.32 "SAC" "@" "NOH" "L" -5 0 17.5666666666667 0.375 0.375 0 0 0 32.9 0 0 33.3 14.3 78 119 0.2 -13
"3" "2" 2009-10-31 27.32 "SAC" "@" "SAS" "L" -19 0 19.1 0.615 0.625 5.8 8.4 6.9 9 2.7 4.3 29.1 16.2 96 119 3.8 -2.4
"4" "3" 2009-11-02 27.33 "SAC" "" "MEM" "W" 11 0 28.5833333333333 0.667 0.667 3.9 11.1 7.6 34.7 1.7 0 20 22.8 119 108 13.8 2.7
"5" "4" 2009-11-04 27.33 "SAC" "" "ATL" "L" -8 0 24.1333333333333 0.589 0.545 0 0 0 6.6 2.1 0 7.8 22.3 121 125 8.6 0.4
"6" "5" 2009-11-07 27.34 "SAC" "@" "UTA" "W" 5 1 32.6 0.582 0.542 0 10.8 5.8 24.4 0 0 0 20.8 128 118 12.3 -1.1
"7" "6" 2009-11-08 27.35 "SAC" "" "GSW" "W" 13 1 34.6833333333333 0.653 0.643 6.6 3.1 4.8 27.2 0 0 11.5 20.4 133 113 16.5 1.7
"8" "7" 2009-11-10 27.35 "SAC" "" "OKC" "W" 3 1 39.8666666666667 0.505 0.455 0 10.9 5.5 12.9 2.5 0 25.2 16.9 86 103 5.6 -5.8
"9" "8" 2009-11-13 27.36 "SAC" "" "HOU" "W" 9 1 39.9833333333333 0.733 0.733 2.9 5.1 4 17 0 0 11.8 18.3 143 113 16 4.1
"10" "9" 2009-11-17 27.37 "SAC" "" "CHI" "L" -14 1 32.6333333333333 0.468 0.423 0 7.4 3.6 26.6 1.6 0 12.6 21.2 101 113 8.6 -1.3
"11" "10" 2009-11-20 27.38 "SAC" "@" "DAL" "L" -2 1 41.9833333333333 0.648 0.633 3 6.9 5.2 17.5 0 1.5 16.3 19.5 120 113 15.1 0.9
"12" "11" 2009-11-21 27.38 "SAC" "@" "HOU" "L" -7 1 37.2666666666667 0.5 0.5 0 3.1 1.6 31.5 2.7 0 5.3 23 113 121 15.1 2
"13" "12" 2009-11-23 27.39 "SAC" "@" "MEM" "L" -11 1 28.75 0.375 0.375 0 4.6 2.3 9.3 1.7 0 20 14.6 72 119 1.5 -9.2
"14" "" 2009-11-25 27.39 "SAC" "" "NYK" "W" 14 NA NA NA NA NA NA NA NA NA NA NA NA NA NA NA NA
"15" "13" 2009-11-27 27.4 "SAC" "" "NJN" "W" 13 0 33.4666666666667 0.893 0.85 5.1 2.6 3.4 26.1 1.5 0 14.5 19.2 159 106 19.5 6.7
"16" "14" 2009-11-29 27.4 "SAC" "" "NOH" "W" 16 0 25.3 1.105 1.2 0 0 0 5.5 6.4 0 14.5 12.6 179 102 13.4 14
"17" "15" 2009-12-02 27.41 "SAC" "" "IND" "W" 5 0 25.4333333333333 0.563 0.563 0 14.8 8.6 22.6 0 0 20 17 103 109 6.6 -4
"18" "16" 2009-12-05 27.42 "SAC" "@" "PHO" "L" -8 0 24.1833333333333 0.644 0.563 0 8.4 4.4 19.2 2.2 0 17.7 19.9 124 129 9.3 0.5
"19" "17" 2009-12-06 27.42 "SAC" "" "MIA" "L" -13 0 23.5833333333333 0.739 0.714 0 29.1 12.2 21.2 0 4 21.2 17.5 125 125 9.7 5
"20" "18" 2009-12-08 27.43 "SAC" "@" "NOH" "L" -2 0 29.3833333333333 0.65 0.65 0 8.6 4.1 20.9 1.9 0 9.1 18.3 122 112 10.2 -0.7
"21" "19" 2009-12-09 27.43 "SAC" "@" "SAS" "L" -12 0 36.4 0.682 0.682 0 14.7 6.7 21.5 1.3 0 8.3 14.4 135 120 13.9 1.3
"22" "20" 2009-12-12 27.44 "SAC" "" "MIN" "W" 20 0 25.3 0.667 0.667 0 7.4 3.9 36.2 1.9 0 7.7 20.6 140 101 15.1 6.8
"23" "21" 2009-12-15 27.45 "SAC" "@" "POR" "L" -7 0 31.35 0.551 0.533 4 0 2 32.9 3.6 0 0 24 131 113 14.3 10.1
"24" "22" 2009-12-16 27.45 "SAC" "" "WAS" "W" 3 0 30.5 0.313 0.222 3.7 9.3 6.8 12.8 1.6 0 0 15.9 89 114 4.6 -8.7
"25" "23" 2009-12-18 27.45 "SAC" "@" "MIN" "L" -16 0 32.3666666666667 0.643 0.643 3.1 12.4 7.1 10.9 0 0 12.5 20 111 111 12 -0.3
"26" "24" 2009-12-19 27.46 "SAC" "@" "MIL" "W" 1 0 34.9333333333333 0.627 0.545 0 2.9 1.5 15.4 1.5 0 13.6 19.5 118 112 11.3 -0.6
"27" "25" 2009-12-21 27.46 "SAC" "@" "CHI" "W" 4 0 23.1166666666667 0.649 0.591 4.7 15.2 9.8 24.3 4.4 0 7.5 25.5 135 99 14.6 13.7
"28" "26" 2009-12-23 27.47 "SAC" "" "CLE" "L" -13 0 32.9166666666667 0.444 0.444 0 8.3 3.8 9.3 1.7 0 0 13.1 103 127 5.9 -6.6
"29" "27" 2009-12-26 27.48 "SAC" "" "LAL" "L" -9 1 46.5 0.605 0.605 2.1 8.5 4.8 25.3 1.2 0 9.5 20.2 123 111 17.3 5.5
"30" "28" 2009-12-28 27.48 "SAC" "" "DEN" "W" 5 1 40.2 0.453 0.412 0 10.5 6.4 29.2 2.5 0 21 25.4 88 103 10.1 -3.4
"31" "29" 2009-12-30 27.49 "SAC" "" "PHI" "L" -10 1 35.8833333333333 0.379 0.364 3 7.9 5.1 7 1.4 2.1 20.2 18.1 74 124 3.1 -10.9
"32" "30" 2010-01-01 27.49 "SAC" "@" "LAL" "L" -1 1 33.6 0.684 0.654 0 3.2 1.9 58.8 3.1 0 6.7 21.5 148 117 23.1 12.4
"33" "31" 2010-01-02 27.5 "SAC" "" "DAL" "L" -8 1 30.65 0.455 0.455 3.5 4.7 4 5.4 0 0 15.4 17.9 85 107 2.4 -8.9
"34" "32" 2010-01-05 27.5 "SAC" "" "PHO" "L" -4 0 25.0833333333333 0.405 0.333 0 8.7 4.3 21.1 0 0 16.8 19 88 120 3.1 -11.4
"35" "33" 2010-01-08 27.51 "SAC" "@" "GSW" "L" -7 0 36.2666666666667 0.485 0.464 2.8 17.4 9.2 18.2 1.4 0 6.5 18.6 106 112 10.4 -3.8
"36" "34" 2010-01-09 27.52 "SAC" "" "DEN" "W" 2 1 31.3 0.598 0.5 0 11.2 6 13.8 1.7 2.5 9.8 15 128 110 9.4 2.3
"37" "35" 2010-01-12 27.52 "SAC" "" "ORL" "L" -21 0 32.9833333333333 0.609 0.545 0 15.3 6.4 12.8 0 0 14 19.1 109 122 9.5 -0.5
"38" "36" 2010-01-15 27.53 "SAC" "@" "PHI" "L" -12 0 25.35 0.643 0.643 0 4.6 2.4 10.3 0 0 12.5 14.6 110 114 4.9 -4.2
"39" "37" 2010-01-16 27.53 "SAC" "@" "WAS" "L" -10 0 22.95 0.5 0.5 5.1 0 2.6 31.2 0 3.1 0 9.8 134 115 6.1 1.5
"40" "38" 2010-01-18 27.54 "SAC" "@" "CHA" "L" -2 0 24.0666666666667 0.592 0.625 0 13.6 7.5 30.2 0 0 26.2 20.1 105 116 6.2 -3.1
"41" "39" 2010-01-20 27.55 "SAC" "@" "ATL" "L" -11 0 30.15 0.571 0.571 3.9 4.5 4.2 36.8 1.7 0 30 15.1 104 120 7.7 -2.8
"42" "40" 2010-01-22 27.55 "SAC" "@" "ORL" "L" -16 0 24.2666666666667 0.225 0.125 0 9.9 4 6.8 0 0 10.1 16.4 51 104 -1.3 -11.4
"43" "41" 2010-01-23 27.55 "SAC" "@" "MIA" "L" -31 0 12.9833333333333 0.338 0.25 0 21.1 10 26.1 0 0 0 16.4 91 131 1.8 -9.7
"44" "42" 2010-01-26 27.56 "SAC" "" "GSW" "W" 3 0 30.8666666666667 0.648 0.533 3 7.2 5.3 34.5 3 0 17.8 27.9 121 95 18.6 7.8
"45" "43" 2010-01-29 27.57 "SAC" "@" "UTA" "L" -7 0 17.1333333333333 0 0 7 0 3.6 8.5 0 4.7 0 13.5 27 114 -2.6 -15.6
"46" "44" 2010-01-30 27.57 "SAC" "" "CHA" "L" -7 0 17.1166666666667 0.625 0.625 0 7.2 3.3 8.4 2.9 0 20 13 101 109 3.2 -5
"47" "45" 2010-02-01 27.58 "SAC" "@" "DEN" "L" -3 1 31.6333333333333 0.371 0.333 0 14.9 8.3 24 3.2 0 34.6 21.7 65 104 2.8 -9.3
"48" "" 2010-02-03 27.58 "SAC" "" "SAS" "L" -2 NA NA NA NA NA NA NA NA NA NA NA NA NA NA NA NA
"49" "46" 2010-02-05 27.59 "SAC" "" "PHO" "L" -12 0 22.8666666666667 0.388 0.333 0 5.4 2.4 0 2.3 0 0 12.3 91 124 2.1 -6.2
"50" "47" 2010-02-07 27.59 "SAC" "@" "TOR" "L" -11 0 21.4333333333333 0.556 0.6 4.7 0 2.6 29.6 7.1 3.4 0 14.3 136 111 10.9 10.8
"51" "48" 2010-02-09 27.6 "SAC" "@" "NYK" "W" 4 1 5.75 0.5 0.5 0 0 0 0 0 0 0 29.9 111 116 2 -3.6
"52" "49" 2010-02-10 27.6 "SAC" "@" "DET" "W" 6 0 35.4333333333333 0.935 0.9 3.7 6 5 28.9 4.5 1.8 25.4 20.7 141 105 21.8 11.8
"53" "50" 2010-02-16 27.62 "SAC" "" "BOS" "L" -3 0 20.4833333333333 0.563 0.563 0 15.6 7.6 20.7 0 0 27.3 23.6 81 106 3.9 -6.8
"54" "51" 2010-02-17 27.62 "SAC" "@" "GSW" "L" -32 0 17.9833333333333 0.333 0.333 0 6.1 2.7 32.7 0 0 14.3 15.9 81 133 1.9 -12
"55" "52" 2010-02-20 27.63 "SAC" "@" "LAC" "L" -10 0 36.45 0.45 0.375 0 3.6 1.7 17 1.3 0 18.4 13.6 86 105 4.5 -7.1
"56" "53" 2010-02-21 27.63 "SAC" "@" "PHO" "L" -16 0 24.4 0.86 0.944 5.2 12.6 9.3 46.3 0 0 9.2 21.4 159 121 16 16.3
"57" "54" 2010-02-23 27.64 "SAC" "" "DET" "L" -12 0 20.35 0.507 0.438 0 13.9 6.9 0 2.7 0 0 21.6 108 116 5.8 -2.3
"58" "55" 2010-02-26 27.65 "SAC" "" "UTA" "W" 4 1 41.6666666666667 0.687 0.688 0 2.5 1.4 15.7 2.5 0 5.2 23 130 109 20.3 3.6
"59" "56" 2010-02-28 27.65 "SAC" "" "LAC" "W" 5 1 36.85 0.409 0.409 2.7 6.1 4.2 23.8 2.7 0 21.4 17 84 100 6.2 -4.9
"60" "57" 2010-03-02 27.66 "SAC" "@" "OKC" "L" -6 1 35.9666666666667 0.689 0.667 0 16.3 8.9 16.2 0 0 17.5 15.3 122 128 10.6 -3.6
"61" "58" 2010-03-03 27.66 "SAC" "@" "HOU" "W" 3 1 37.7666666666667 0.409 0.367 6.3 2.8 4.8 14.9 1.5 0 0 17.3 111 99 9.2 1.1
"62" "59" 2010-03-05 27.67 "SAC" "@" "DAL" "L" -8 1 38.1666666666667 0.72 0.692 2.8 6.3 4.4 25.8 1.4 0 12.6 18.6 141 120 17 6.7
"63" "60" 2010-03-07 27.67 "SAC" "" "OKC" "L" -6 1 35.3166666666667 0.536 0.438 3.6 0 1.7 18.4 1.5 0 17.7 15 110 124 8.8 -2.3
"64" "61" 2010-03-09 27.68 "SAC" "@" "POR" "L" -7 1 28.7333333333333 0.65 0.65 0 12.9 6.2 20.9 1.9 0 9.1 18.6 123 103 9.8 3.3
"65" "62" 2010-03-10 27.68 "SAC" "" "TOR" "W" 23 1 34.9833333333333 0.806 0.786 0 12.2 6.5 33 0 0 11.8 20.7 151 101 22.2 10
"66" "63" 2010-03-12 27.68 "SAC" "" "POR" "L" -16 1 29.8666666666667 0.65 0.65 0 4.5 2.4 32.8 1.8 0 9.1 16.8 134 127 12.1 5.8
"67" "64" 2010-03-14 27.69 "SAC" "" "MIN" "W" 14 1 26.8666666666667 0.125 0.125 0 3.4 1.7 4 1.7 0 20 14.9 28 101 -4 -18.1
"68" "65" 2010-03-16 27.7 "SAC" "" "LAL" "L" -7 1 32.2833333333333 0.286 0.286 0 6.5 3.2 36 1.6 0 12.5 11.3 90 117 4.5 -6.4
"69" "66" 2010-03-19 27.7 "SAC" "" "MIL" "L" -6 1 44.9166666666667 0.505 0.5 2.7 5.4 4.1 45.1 4.7 0 7.2 29.6 107 101 22.4 9.7
"70" "67" 2010-03-21 27.71 "SAC" "@" "LAC" "W" 13 1 39.0666666666667 0.533 0.5 2.9 9.5 6.1 64.9 2.5 0 5.1 22.6 129 93 24.2 9.8
"71" "68" 2010-03-22 27.71 "SAC" "" "MEM" "L" -17 1 43.5833333333333 0.6 0.6 2.3 15.4 8.5 42.2 2.4 0 25 20.4 104 111 17.6 2.3
"72" "69" 2010-03-24 27.72 "SAC" "@" "NJN" "L" -14 1 39.95 0.731 0.731 0 19.6 9.7 31 1.4 0 23.5 19.3 112 105 14.4 2.5
"73" "70" 2010-03-26 27.72 "SAC" "@" "BOS" "L" -8 1 42.05 0.49 0.433 0 6.2 3.6 56.7 6.1 0 19.7 22.4 97 94 17 7
"74" "71" 2010-03-28 27.73 "SAC" "@" "CLE" "L" -7 1 47.5166666666667 0.458 0.353 2.3 24.6 12.6 54.2 2.2 0 16.9 23.2 105 104 19.6 2.4
"75" "72" 2010-03-30 27.73 "SAC" "@" "IND" "L" -7 1 38.7333333333333 0.491 0.471 2.7 6.5 4.4 17 2.6 0 5.2 20.9 111 106 13.2 1.6
"76" "73" 2010-03-31 27.74 "SAC" "@" "MIN" "L" -9 1 36.5666666666667 0.3 0.3 2.9 11.9 6.6 31.9 1.4 0 9.1 13.8 95 118 7.3 -8.3
"77" "74" 2010-04-03 27.75 "SAC" "" "POR" "L" -11 1 40.95 0.652 0.656 2.9 20.1 10.8 30.2 4.1 2.2 19.2 24.8 113 108 20 9.5
"78" "75" 2010-04-06 27.75 "SAC" "" "SAS" "L" -9 1 34.3833333333333 0.502 0.286 3.3 8 5.4 21 0 0 8.4 16.9 113 114 9.5 -1.3
"79" "76" 2010-04-08 27.76 "SAC" "" "LAC" "W" 22 1 33.45 0.6 0.6 0 7.2 3.6 13.9 4.8 0 9.1 14.8 127 100 11.6 1.4
"80" "77" 2010-04-10 27.76 "SAC" "" "DAL" "L" -18 1 37.0166666666667 0.506 0.444 3 7.6 5.1 18.6 2.7 0 0 11.6 133 132 11.7 0
"81" "78" 2010-04-12 27.77 "SAC" "" "HOU" "L" -10 1 35.2833333333333 0.627 0.545 0 7.8 3.8 24.9 2.8 0 13.6 18.5 122 120 14.3 -0.2
"82" "79" 2010-04-13 27.77 "SAC" "@" "LAL" "L" -6 1 45.1333333333333 0.666 0.607 2.7 2.7 2.7 33.9 2.4 0 0 15.5 162 121 24.3 7.3
"1" "1" 2010-10-27 28.31 "SAC" "@" "MIN" "W" 1 1 38.85 0.537 0.467 2.5 2.9 2.7 24.4 3.6 0 5.6 18.5 120 113 16.3 0.3
"2" "2" 2010-10-29 28.32 "SAC" "@" "NJN" "L" -6 1 36.2166666666667 0.397 0.333 2.8 20.4 9 16.4 1.3 0 0 20.1 96 106 9.6 -2.2
"3" "3" 2010-10-30 28.32 "SAC" "@" "CLE" "W" 3 1 33.15 0.667 0.667 4 6.9 5.6 50.9 1.6 2.4 25 17.1 130 114 14.2 3.3
"4" "4" 2010-11-01 28.33 "SAC" "" "TOR" "W" 3 1 30.2833333333333 0.66 0.625 0 11.6 5.8 5.1 0 0 13.4 21.3 125 123 10.2 -2.9
"5" "5" 2010-11-03 28.33 "SAC" "" "LAL" "L" -12 1 41.9 0.715 0.682 0 13 6.2 28.7 0 0 0 12.5 160 123 18 4.3
"6" "6" 2010-11-06 28.34 "SAC" "" "MEM" "L" -9 1 32.6166666666667 0.276 0.2 0 7.5 3.5 19 0 0 8.4 16 77 116 2.2 -9.8
"7" "7" 2010-11-10 28.35 "SAC" "" "MIN" "L" -9 1 40.2833333333333 0.581 0.542 3.2 15.9 10.2 43.2 1.2 0 22.5 20.1 105 104 14.2 -0.2
"8" "8" 2010-11-12 28.36 "SAC" "@" "PHO" "L" -14 1 35.75 0.567 0.567 2.7 3.2 2.9 10.6 0 0 6.3 20 123 125 9.5 -2.6
"9" "9" 2010-11-14 28.36 "SAC" "" "DET" "L" -6 1 22.15 0.388 0.333 0 6.8 2.8 56.3 2.5 0 13.4 15 114 119 7.4 2.6
"10" "10" 2010-11-17 28.37 "SAC" "" "NYK" "L" -7 0 26.25 0.628 0.577 8.3 0 4.8 26.9 2 0 12.3 26.1 131 124 14.1 7.3
"11" "11" 2010-11-19 28.38 "SAC" "" "NJN" "W" 5 0 21.8166666666667 0.667 0.667 5 11 7.9 20 0 0 0 19.4 158 106 10 9.8
"12" "12" 2010-11-21 28.38 "SAC" "" "NOH" "L" -4 0 22.6 0.429 0.429 0 3.9 2.1 18.8 0 0 0 14.5 101 94 3.6 -2
"13" "13" 2010-11-22 28.38 "SAC" "@" "UTA" "L" -11 0 18.05 0.233 0.167 0 12.4 6 20.2 0 0 23.7 20.8 52 111 -1.6 -16.9
"14" "14" 2010-11-25 28.39 "SAC" "@" "LAC" "L" -18 0 23.8666666666667 0.481 0.429 0 16.8 7.5 17.5 2.3 0 19.4 21.4 83 112 5.2 -5.5
"15" "15" 2010-11-27 28.4 "SAC" "" "CHI" "L" -11 0 26.7166666666667 0.336 0.286 0 8.8 4.1 18.3 2 2.7 11.8 14.7 78 108 2.3 -7.8
"16" "16" 2010-11-30 28.41 "SAC" "" "IND" "L" -9 0 29.7833333333333 0.845 0.833 3.3 12.4 7.3 6.6 1.7 0 0 20.4 175 110 20.1 13.8
"17" "17" 2010-12-03 28.41 "SAC" "@" "LAL" "L" -33 0 29.6833333333333 0.333 0.333 0 13.9 6.1 5.8 0 0 0 9 81 123 1.4 -9.2
"18" "18" 2010-12-04 28.42 "SAC" "" "DAL" "L" -2 1 39.3 0.649 0.636 0 9.9 5 22.4 1.3 0 7.5 16.1 131 115 13 0.6
"19" "19" 2010-12-06 28.42 "SAC" "@" "LAC" "L" -7 1 27.75 0.1 0.1 0 7.9 3.9 17.7 1.9 0 16.7 18.7 32 111 -4.1 -17.9
"20" "20" 2010-12-08 28.43 "SAC" "" "WAS" "W" 25 1 25.7833333333333 0.858 0.833 4.8 12.4 8.9 33 5.8 0 23 28.8 142 90 22.7 17.9
"21" "21" 2010-12-11 28.44 "SAC" "" "MIA" "L" -21 1 32.9166666666667 0.51 0.45 2.5 4.3 3.2 37.6 0 0 20.3 19.5 98 120 8.7 -0.4
"22" "22" 2010-12-14 28.44 "SAC" "@" "HOU" "L" -13 1 28.8 0.625 0.625 0 7.4 4 29.7 5.2 0 27.3 17 106 117 10.4 1.6
"23" "23" 2010-12-15 28.45 "SAC" "@" "NOH" "L" -3 1 39.8833333333333 0.63 0.6 3.1 13.4 8.6 17.1 4 0 5.9 19.5 129 100 19.7 9.7
"24" "24" 2010-12-17 28.45 "SAC" "@" "OKC" "L" -15 1 34.2333333333333 0.764 0.792 0 3.3 1.6 0 0 0 7.4 17.6 139 116 11.1 1.9
"25" "25" 2010-12-19 28.46 "SAC" "" "HOU" "L" -9 1 36.8166666666667 0.311 0 0 13.4 5.9 26.1 4.2 0 0 11.2 105 107 9.4 -1.7
"26" "26" 2010-12-21 28.46 "SAC" "" "GSW" "L" -8 1 43.4333333333333 0.79 0.722 4.4 12.5 8.2 4.8 1.1 1.9 18.9 24.6 131 108 23.7 7.2
"27" "27" 2010-12-23 28.47 "SAC" "" "MIL" "L" -5 1 32.3 0.666 0.636 0 23.1 11.1 33.6 0 0 23.9 21.4 112 92 11.3 5.1
"28" "28" 2010-12-27 28.48 "SAC" "" "LAC" "L" -1 1 37.5 0.5 0.5 8.2 3.7 6.2 27.1 3 2.1 0 17.3 134 118 15.1 3.9
"29" "29" 2010-12-29 28.48 "SAC" "" "MEM" "W" 2 1 39.3833333333333 0.773 0.667 0 10.8 6 27.6 0 0 11.4 19.5 151 108 21.4 7.8
"30" "30" 2011-01-01 28.49 "SAC" "@" "DEN" "L" -18 1 31.8666666666667 0.25 0.25 2.9 14.7 8.1 17.2 3 0 9.1 15 64 104 3.7 -7.1
"31" "31" 2011-01-02 28.5 "SAC" "" "PHO" "W" 5 1 15.4833333333333 0 0 7.6 12.2 10.1 18.2 0 0 40 14 30 105 -3 -21
"32" "32" 2011-01-04 28.5 "SAC" "" "ATL" "L" -6 1 26.3333333333333 0.307 0.25 3.6 10.1 6.4 8.9 0 0 29.1 11 64 118 0.5 -13.3
"33" "33" 2011-01-06 28.51 "SAC" "" "DEN" "W" 20 1 35.4666666666667 0.629 0.45 9.3 4 6.4 7 2.8 0 6.9 18.5 138 108 14.5 1.7
"34" "34" 2011-01-09 28.52 "SAC" "@" "TOR" "L" -6 1 44.3333333333333 0.636 0.618 2.4 9.3 5.4 10.7 4.5 0 9.2 20.4 126 118 20.4 3.6
"35" "35" 2011-01-11 28.52 "SAC" "@" "WAS" "L" -3 1 42.45 0.855 0.808 2.4 8.9 5.3 18.5 2.2 1.6 16.5 17.3 146 120 25.2 5.1
"36" "36" 2011-01-12 28.52 "SAC" "@" "BOS" "L" -24 1 30.4833333333333 0.926 0.917 0 3.7 2.1 28 0 0 0 12.9 193 127 17.2 7.7
"37" "37" 2011-01-14 28.53 "SAC" "@" "NYK" "W" 10 1 39.8166666666667 0.871 0.857 0 9.9 5.5 18.7 4.7 0 10.7 18.8 159 82 28.3 16.8
"38" "38" 2011-01-15 28.53 "SAC" "@" "DET" "L" -4 1 37.7833333333333 0.563 0.563 5.8 12.3 8.5 13.4 1.4 0 20 11.5 117 123 8.3 -4.4
"39" "39" 2011-01-17 28.54 "SAC" "@" "ATL" "L" -2 1 40.0166666666667 0.521 0.533 0 12.6 5.6 7.6 0 0 5.8 19.1 110 116 10.1 -4.8
"40" "40" 2011-01-19 28.54 "SAC" "" "POR" "L" -4 1 51.35 0.751 0.75 0 11.7 5.9 15.4 1.1 0 13.1 14.3 131 101 17.3 3.6
"41" "41" 2011-01-21 28.55 "SAC" "@" "GSW" "L" -7 1 46.6166666666667 0.546 0.286 0 10.8 5.1 20 3 0 33.2 13.2 92 106 10.2 -3.4
"42" "42" 2011-01-24 28.56 "SAC" "@" "POR" "W" 15 1 41.4 0.504 0.5 3.1 7.6 5.6 11.2 1.4 1.6 12.6 18.1 109 100 9.5 -1.2
"43" "43" 2011-01-25 28.56 "SAC" "" "CHA" "L" -5 1 35.8 0.231 0.231 0 13.8 5.7 9.6 0 0 18.8 19.4 46 109 -3.5 -17.3
"44" "44" 2011-01-28 28.57 "SAC" "@" "LAL" "W" 5 1 38.6166666666667 0.375 0.375 3.5 5.9 4.8 22.7 2.9 0 11.1 10.6 112 112 8.4 -0.3
"45" "45" 2011-01-29 28.57 "SAC" "" "NOH" "W" 6 1 39.85 0.761 0.643 0 16.3 8.1 16.6 0 0 17.9 13.1 137 110 13.7 1
"46" "46" 2011-02-01 28.58 "SAC" "" "BOS" "L" -5 1 33 0.43 0.2 0 21.8 11 31.1 4.6 0 6.7 21.2 102 97 12.2 1.1
"47" "47" 2011-02-04 28.59 "SAC" "" "SAS" "L" -13 1 40.0333333333333 0.758 0.773 0 6.5 2.8 15.8 2.5 0 7.8 13.4 145 116 17.1 5.2
"48" "48" 2011-02-07 28.59 "SAC" "" "UTA" "L" -3 1 39.65 0.698 0.643 0 5.9 2.9 11 0 1.5 20.2 10.5 123 112 8.7 -1.3
"49" "49" 2011-02-09 28.6 "SAC" "" "DAL" "L" -2 1 32.6 0.394 0.313 0 0 0 4.1 4.9 0 0 12.7 96 109 4.7 -3.1
"50" "50" 2011-02-12 28.61 "SAC" "" "OKC" "L" -2 1 42.7166666666667 0.553 0.5 0 12.8 6.6 24.3 1.2 0 14.5 13.5 115 104 12.2 2.8
"51" "51" 2011-02-13 28.61 "SAC" "@" "PHO" "W" 5 1 42.8333333333333 0.432 0.385 0 7.6 3.9 20.4 1.2 0 17.8 15.8 101 115 7.1 -4.8
"52" "52" 2011-02-15 28.62 "SAC" "@" "OKC" "L" -30 1 27.3166666666667 0.388 0.333 3.3 0 2 18.8 0 0 7.2 20.9 90 133 4.6 -7.6
"53" "53" 2011-02-16 28.62 "SAC" "@" "DAL" "L" -16 1 32.3333333333333 0.707 0.65 0 3.9 2 39.8 3 0 15 17.7 135 119 16.6 4.5
"54" "54" 2011-02-22 28.64 "SAC" "@" "MIA" "L" -20 1 30.4 0.571 0.571 0 9.6 4.1 18.8 1.7 0 20.2 14.9 102 124 6.5 -4.2
"55" "55" 2011-02-23 28.64 "SAC" "@" "ORL" "W" 6 1 40.8833333333333 0.628 0.577 3.4 5.5 4.5 34.8 3.5 0 17.3 18.3 125 107 19.6 4.7
"56" "56" 2011-02-25 28.64 "SAC" "@" "CHA" "L" -12 1 36.9333333333333 0.628 0.5 0 6.2 3.2 52.6 1.4 0 31.3 15 118 123 12.8 1.2
"57" "57" 2011-02-26 28.65 "SAC" "@" "MEM" "L" -28 1 33.2833333333333 0.813 0.808 3.3 10.6 6.8 30.6 0 0 6.3 20.4 155 126 22.2 10.4
"58" "58" 2011-02-28 28.65 "SAC" "" "LAC" "W" 6 1 40.65 0.62 0.571 2.9 10 6.7 27.8 0 0 24.6 21 109 104 12.2 -1.9
"59" "59" 2011-03-02 28.66 "SAC" "" "POR" "L" -5 1 40.05 0.454 0.385 0 5.8 3.2 26.6 1.3 0 17.3 20.3 100 121 9.7 -2.8
"60" "60" 2011-03-05 28.67 "SAC" "@" "UTA" "L" -7 1 43.0666666666667 0.5 0.5 0 2.6 1.3 26.2 1.2 1.6 5.9 16.8 111 108 11.6 -0.9
"61" "61" 2011-03-07 28.67 "SAC" "" "HOU" "L" -22 1 32.2833333333333 0.805 0.75 3.3 12.4 7.3 16.5 1.6 0 17.7 14.5 143 131 15.2 2.7
"62" "" 2011-03-09 28.68 "SAC" "" "ORL" "L" -4 NA NA NA NA NA NA NA NA NA NA NA NA NA NA NA NA
"63" "" 2011-03-11 28.68 "SAC" "@" "SAS" "L" -5 NA NA NA NA NA NA NA NA NA NA NA NA NA NA NA NA
"64" "" 2011-03-12 28.68 "SAC" "@" "NOH" "L" -12 NA NA NA NA NA NA NA NA NA NA NA NA NA NA NA NA
"65" "62" 2011-03-14 28.69 "SAC" "" "GSW" "W" 10 1 31.65 0.507 0.5 0 11.7 6.5 33.3 0 0 31.1 16.8 101 120 6.2 -8.8
"66" "63" 2011-03-16 28.7 "SAC" "" "CLE" "L" -4 1 37.9333333333333 0.538 0.538 0 6.5 2.8 33.3 0 1.9 7.1 14.8 124 105 12 1.4
"67" "64" 2011-03-18 28.7 "SAC" "" "PHI" "L" -22 1 31.0833333333333 0.5 0.5 0 5.8 2.9 39.1 1.5 0 13.3 19.7 97 104 8.2 1
"68" "65" 2011-03-20 28.71 "SAC" "@" "MIN" "W" 32 1 32.8166666666667 0.707 0.692 0 7.1 4 18.6 2.8 0 13 19.3 135 91 16.4 4.5
"69" "66" 2011-03-21 28.71 "SAC" "@" "CHI" "L" -40 1 36.9833333333333 0.574 0.5 3.3 15.7 9 25.4 2.8 0 20.9 17.2 107 141 12.4 -1.1
"70" "67" 2011-03-23 28.72 "SAC" "@" "MIL" "W" 7 1 43.2833333333333 0.6 0.5 0 17.1 8.4 23.7 1.3 0 4.6 22 139 104 22.2 6
"71" "68" 2011-03-25 28.72 "SAC" "@" "IND" "W" 17 1 38.8166666666667 0.667 0.667 0 8.7 4.6 17.7 0 0 0 9.6 153 102 12.3 -0.2
"72" "69" 2011-03-27 28.73 "SAC" "@" "PHI" "W" 3 1 35.35 0.698 0.643 0 19.4 11.2 23.4 2.9 0 20.2 12.4 129 103 11.3 1.3
"73" "70" 2011-03-29 28.73 "SAC" "" "PHO" "W" 3 1 42.15 0.69 0.708 2.9 2.3 2.6 14.6 1.1 0 22.5 17.5 112 113 13.3 -3.2
"74" "71" 2011-03-30 28.73 "SAC" "@" "DEN" "L" -14 1 40.5 0.652 0.5 3 9.1 6.1 36.5 2.5 0 30.3 14.9 114 109 13.3 2.4
"75" "72" 2011-04-01 28.74 "SAC" "" "DEN" "L" -9 0 32.45 0.451 0.3 5.9 4.1 5.2 15.5 4.5 0 7.6 17.1 103 99 10.2 1.9
"76" "73" 2011-04-03 28.75 "SAC" "" "UTA" "W" 9 0 29.2333333333333 0.761 0.786 0 7.8 4.6 15 1.8 0 20.2 16 120 112 9.6 -1.7
"77" "74" 2011-04-05 28.75 "SAC" "@" "HOU" "W" 3 0 26.9833333333333 0.625 0.625 0 10.1 6 10.1 1.8 0 0 13.3 131 103 9.3 1.6
"78" "75" 2011-04-06 28.75 "SAC" "@" "SAS" "L" -32 0 25.6333333333333 0.446 0.364 3.5 6 4.4 31.7 0 0 0 21.2 114 140 8.2 -2.9
"79" "76" 2011-04-08 28.76 "SAC" "@" "MEM" "L" -5 0 26.3666666666667 0.581 0.5 0 8.3 4 26.4 0 0 0 10.5 146 110 7.5 1.4
"80" "77" 2011-04-10 28.76 "SAC" "@" "GSW" "W" 1 0 31.6333333333333 0.778 0.778 0 8.1 4.8 32.6 4.7 0 18.2 14.4 138 103 16.2 11.3
"81" "78" 2011-04-11 28.77 "SAC" "" "OKC" "L" -8 1 42.6333333333333 0.61 0.533 2.4 20.5 9.9 30.3 4.7 0 10.4 18.9 128 120 21.5 3.9
"82" "79" 2011-04-13 28.77 "SAC" "" "LAL" "L" -8 0 34.3166666666667 0.557 0.5 2.8 15.1 8 23.9 1.5 0 9.2 14.1 126 113 11.6 1.2
"1" "1" 2011-12-26 29.48 "MIL" "@" "CHA" "L" -1 0 22.6666666666667 0.472 0.458 0 4.6 2.3 27.1 0 0 6.8 29.5 95 108 6.4 -3.8
"2" "2" 2011-12-27 29.48 "MIL" "" "MIN" "W" 3 0 15.9666666666667 0.667 0.667 0 6.7 3 10.7 0 0 0 15.7 137 107 6 0.4
"3" "3" 2011-12-30 29.49 "MIL" "" "WAS" "W" 21 0 22.8833333333333 0.571 0.571 17.5 0 7.4 13.7 0 0 30 20.2 96 96 4.8 -5.6
"4" "4" 2012-01-02 29.5 "MIL" "@" "DEN" "L" -5 0 12.6666666666667 0.583 0.583 0 9 4.4 59.1 0 0 25 28.4 101 105 5.1 4.1
"5" "" 2012-01-03 29.5 "MIL" "@" "UTA" "L" -12 NA NA NA NA NA NA NA NA NA NA NA NA NA NA NA NA
"6" "5" 2012-01-05 29.5 "MIL" "@" "SAC" "L" -3 0 25.05 0.5 0.5 0 8.2 4.5 0 2 0 11.1 16.4 84 111 3.4 -9.9
"7" "" 2012-01-07 29.51 "MIL" "@" "LAC" "L" -6 NA NA NA NA NA NA NA NA NA NA NA NA NA NA NA NA
"8" "" 2012-01-08 29.51 "MIL" "@" "PHO" "L" -16 NA NA NA NA NA NA NA NA NA NA NA NA NA NA NA NA
"9" "" 2012-01-10 29.52 "MIL" "" "SAS" "W" 3 NA NA NA NA NA NA NA NA NA NA NA NA NA NA NA NA
"10" "" 2012-01-12 29.52 "MIL" "" "DET" "W" 9 NA NA NA NA NA NA NA NA NA NA NA NA NA NA NA NA
"11" "" 2012-01-13 29.53 "MIL" "@" "DAL" "L" -26 NA NA NA NA NA NA NA NA NA NA NA NA NA NA NA NA
"12" "6" 2012-01-16 29.53 "MIL" "@" "PHI" "L" -12 0 20.4666666666667 0.868 0.75 0 5.9 2.9 25.2 0 0 25.8 18.7 136 115 8.8 3.9
"13" "7" 2012-01-17 29.54 "MIL" "" "DEN" "L" -10 0 19.85 0.25 0.25 0 31.8 14.2 20.4 0 0 50 16.8 42 112 -2 -19.3
"14" "8" 2012-01-20 29.55 "MIL" "@" "NYK" "W" 14 0 10.95 0.4 0.4 0 9.3 4.9 14.5 0 0 0 20 97 96 1.9 -5.8
"15" "9" 2012-01-22 29.55 "MIL" "@" "MIA" "W" 9 0 13.1666666666667 0.521 0.5 8.1 0 4.3 29.9 8.2 0 25.8 13 100 86 2.7 2.1
"16" "10" 2012-01-23 29.55 "MIL" "" "ATL" "L" -5 0 8.45 0.333 0.333 11.1 0 6.1 44.3 0 0 14.3 35.4 76 109 1.3 -7.6
"17" "11" 2012-01-25 29.56 "MIL" "@" "HOU" "W" 6 0 14.7 0.466 0.417 0 6.7 3.4 70.4 3.4 0 0 19.4 135 106 8.4 10.7
"18" "12" 2012-01-27 29.56 "MIL" "@" "CHI" "L" -7 0 18.7833333333333 0.2 0.2 0 0 0 28 2.8 0 16.7 13.4 69 119 1.7 -5.1
"19" "13" 2012-01-28 29.57 "MIL" "" "LAL" "W" 11 0 15.6333333333333 0.4 0.4 0 13.6 7.8 63.5 0 0 0 16.2 124 108 6.4 4
"20" "14" 2012-01-30 29.57 "MIL" "" "DET" "W" 21 0 23.7166666666667 0.266 0 0 7.9 4.9 33.7 4.6 2.7 51.5 8.1 92 90 3.8 0.2
"21" "15" 2012-02-01 29.58 "MIL" "" "MIA" "W" 8 0 6.23333333333333 0.75 0.75 0 0 0 0 8.3 0 20 34.7 101 96 4.4 12.9
"22" "16" 2012-02-03 29.58 "MIL" "@" "DET" "L" -8 0 12.35 0 0 0 0 0 44.8 0 0 50 15 28 107 -2.1 -17.2
"23" "17" 2012-02-04 29.59 "MIL" "" "CHI" "L" -23 0 25.9666666666667 0.415 0.375 3.4 0 2 29.4 0 0 10.6 16 96 130 5.8 -3.9
"24" "18" 2012-02-07 29.59 "MIL" "" "PHO" "L" -2 0 18.8 0.5 0.5 6.5 11.3 9.1 32.6 2.8 0 25 19.9 99 116 5.3 -3.7
"25" "19" 2012-02-08 29.6 "MIL" "@" "TOR" "W" 6 0 13.7333333333333 0 0 0 14.9 7.9 42.4 0 0 25 13 60 112 -0.5 -16.3
"26" "20" 2012-02-10 29.6 "MIL" "@" "CLE" "W" 1 0 9.58333333333333 0.833 0.833 10.4 24 16.8 57.3 0 0 0 13.2 186 108 6.7 14.5
"27" "21" 2012-02-11 29.61 "MIL" "" "ORL" "L" -5 0 17.6166666666667 0.667 0.667 0 19.9 8.9 29.1 0 0 25 20.4 105 114 5.6 -3.8
"28" "22" 2012-02-13 29.61 "MIL" "" "MIA" "L" -18 0 19.55 0.751 0.75 0 0 0 21.2 0 0 29.1 23.5 103 135 5.6 -5.4
"29" "23" 2012-02-15 29.62 "MIL" "" "NOH" "L" -3 0 8.95 0 0 10.9 0 6.1 48.8 0 0 0 10 85 118 1 -7.3
"30" "24" 2012-02-17 29.62 "MIL" "@" "ORL" "L" -9 0 17.1166666666667 0.571 0.571 5.4 13.7 9 25.7 3 0 12.5 20.3 108 100 7 5.8
"31" "25" 2012-02-19 29.63 "MIL" "@" "NJN" "W" 7 0 17.1666666666667 0.2 0.2 0 0 0 9.3 0 0 37.5 19.7 35 108 -3.8 -20.4
"32" "26" 2012-02-20 29.63 "MIL" "" "ORL" "L" -3 0 7.58333333333333 NA NA 0 32.5 13.6 0 0 0 100 5.8 0 107 -0.8 -19.3
"33" "27" 2012-02-22 29.64 "MIL" "@" "CHI" "L" -19 0 24.9833333333333 0.633 0.6 0 0 0 24.6 6.4 0 0 11.6 143 118 10.7 6.8
"34" "28" 2012-02-28 29.65 "MIL" "" "WAS" "W" 1 0 17.35 0.381 0.286 5.5 0 3.1 70.2 0 0 0 18.4 136 136 8.5 1.3
"35" "29" 2012-02-29 29.65 "MIL" "@" "BOS" "L" -6 0 22.3833333333333 0.4 0.4 0 0 0 28.2 0 0 9.1 20.5 91 116 4 -5.3
"36" "30" 2012-03-02 29.66 "MIL" "@" "ATL" "L" -5 0 28.7166666666667 0.625 0.625 3.3 11.4 7.1 21.2 0 0 20 14.8 105 103 7.7 -1.4
"37" "31" 2012-03-03 29.66 "MIL" "@" "ORL" "L" -16 0 22.3333333333333 0.25 0.25 5.1 5.8 5.4 26.3 4.4 0 27.3 21.3 60 116 2 -7.6
"38" "32" 2012-03-05 29.67 "MIL" "" "PHI" "W" 4 0 24.4333333333333 0.375 0.375 0 10.7 5.9 27 0 0 0 14.1 99 104 4.5 -4.1
"39" "33" 2012-03-07 29.67 "MIL" "" "CHI" "L" -2 0 24.8333333333333 0.814 0.8 9 0 5 39.5 2.2 0 12.9 14.1 161 128 14.2 9.2
"40" "34" 2012-03-09 29.68 "MIL" "" "NYK" "W" 5 0 23.8833333333333 0.429 0.429 0 6.3 2.7 25.8 4.2 0 12.5 13.7 111 115 6.7 -1.3
"41" "35" 2012-03-11 29.68 "MIL" "@" "TOR" "W" 6 0 25.05 0.731 0.5 5 0 2.4 24.6 2.1 0 11.7 16.4 149 114 11.7 4.4
"42" "36" 2012-03-12 29.69 "MIL" "@" "NJN" "W" 6 0 32.5666666666667 0.631 0.636 3.4 8.4 5.7 30.2 1.5 0 14.4 18.8 120 104 13.7 2.4
"43" "37" 2012-03-14 29.69 "MIL" "" "CLE" "W" 10 0 22.35 0.255 0.2 5.5 4.9 5.2 39.2 2.3 0 25.4 15.4 96 115 4.7 -7.6
"44" "38" 2012-03-16 29.7 "MIL" "@" "GSW" "W" 22 0 20.1666666666667 0.417 0.417 0 0 0 53.2 2.6 0 25 17.2 109 112 5.3 -3.6
"45" "39" 2012-03-20 29.71 "MIL" "@" "POR" "W" 29 0 19 0.625 0.625 0 5.5 3.2 33.3 10.9 0 7.7 32.3 120 80 15.5 16.6
"46" "40" 2012-03-22 29.72 "MIL" "" "BOS" "L" -9 0 14.4333333333333 0.436 0.333 0 7.6 3.5 34 0 0 22.5 26 80 107 3 -6.1
"47" "41" 2012-03-23 29.72 "MIL" "@" "CHA" "W" 20 0 21.8333333333333 0.75 0.75 0 9.8 5.2 44.9 0 0 14.3 14.2 150 105 11.2 6.4
"48" "42" 2012-03-24 29.72 "MIL" "" "IND" "L" -21 0 14.4666666666667 0 0 0 8.5 3.9 33.2 0 0 22.2 26.9 28 136 -3.8 -26.9
"49" "43" 2012-03-26 29.73 "MIL" "@" "NYK" "L" -9 0 21.0333333333333 0.625 0.6 0 15.2 7.2 28.3 0 0 0 14.7 137 96 8.9 7.1
"50" "44" 2012-03-27 29.73 "MIL" "" "ATL" "W" 7 0 15.8 0.4 0.4 0 7.8 3.9 40.1 0 0 0 14.3 118 113 4.7 -2.9
"51" "45" 2012-03-30 29.74 "MIL" "@" "CLE" "W" 37 0 25.2666666666667 0.509 0.5 0 10.6 6.1 42.9 0 0 22.5 16.6 120 100 8.3 -3.6
"52" "46" 2012-03-31 29.74 "MIL" "" "MEM" "L" -4 0 15.3333333333333 0.4 0.4 0 6.5 3.2 45.1 3.2 0 16.7 17.2 88 104 4 -0.9
"53" "" 2012-04-02 29.75 "MIL" "@" "WAS" "W" 14 NA NA NA NA NA NA NA NA NA NA NA NA NA NA NA NA
"54" "47" 2012-04-04 29.75 "MIL" "" "CLE" "W" 9 0 18.65 0.799 0.75 0 10.1 6.1 20.5 2.7 0 12.7 18.9 151 106 10.7 7.9
"55" "48" 2012-04-06 29.76 "MIL" "" "CHA" "W" 5 0 14.2166666666667 0.644 0.667 0 6.6 3.3 44.6 0 0 0 11.7 148 102 6 1.2
"56" "49" 2012-04-07 29.76 "MIL" "" "POR" "W" 22 0 26.85 0.7 0.7 4.4 8.7 6.5 34.7 0 0 6.3 25.1 149 109 18.2 10.5
"57" "50" 2012-04-09 29.76 "MIL" "" "OKC" "L" -20 0 17.9 0.25 0.25 0 0 0 31.3 2.8 0 33.3 14.7 61 118 1.4 -8.5
"58" "51" 2012-04-11 29.77 "MIL" "" "NYK" "L" -4 0 14.6333333333333 0.6 0.6 0 18.2 8.1 30.6 0 0 28.6 20.6 98 119 4 -5.2
"59" "52" 2012-04-13 29.78 "MIL" "@" "DET" "W" 16 0 16.5166666666667 0.2 0.2 15.3 14.9 15.1 13.8 9.2 0 16.7 16.7 73 89 3.9 -1.4
"60" "53" 2012-04-14 29.78 "MIL" "" "IND" "L" -6 0 7.7 0 0 0 12.2 6.4 16.8 0 0 0 17.7 22 120 -1.5 -22.1
"61" "54" 2012-04-18 29.79 "MIL" "@" "WAS" "L" -9 0 6.11666666666667 0 0 16.7 18.7 17.6 18.7 0 0 0 20.5 45 128 -0.4 -17.9
"62" "55" 2012-04-19 29.79 "MIL" "@" "IND" "L" -9 0 16.2333333333333 0.625 0.625 6.6 12.6 9.6 9.5 6.1 0 20 12.8 115 113 5.6 5.6
"63" "56" 2012-04-21 29.8 "MIL" "" "NJN" "W" 11 0 10.15 0 0 0 0 0 0 0 0 0 8.4 0 104 -1.4 -16.4
"64" "57" 2012-04-23 29.8 "MIL" "" "TOR" "W" 6 0 19.45 0 0 4.9 5.9 5.4 25.5 0 0 50 4.7 72 101 1 -9
"65" "58" 2012-04-25 29.81 "MIL" "" "PHI" "L" -5 0 26.15 0.5 0.5 4.2 12.4 8.9 57.6 1.9 0 30.8 22.5 92 95 9.5 -0.2
"66" "59" 2012-04-26 29.81 "MIL" "@" "BOS" "L" -13 0 29.6333333333333 0.4 0.357 3.3 14.7 8.7 37.7 3.3 0 36.3 20.1 66 88 5.2 -2.9
"1" "1" 2012-11-02 30.33 "MIL" "@" "BOS" "W" 11 0 21.25 0.683 0.583 0 27.5 13.8 13.6 0 0 29.1 21.3 101 98 6.5 -3.3
"2" "2" 2012-11-03 30.33 "MIL" "" "CLE" "W" 3 0 16.7666666666667 0.55 0.55 0 13.3 7.2 53.6 2.9 0 0 27.7 119 103 10.7 7.5
"3" "" 2012-11-07 30.34 "MIL" "" "MEM" "L" -18 NA NA NA NA NA NA NA NA NA NA NA NA NA NA NA NA
"4" "3" 2012-11-09 30.35 "MIL" "@" "WAS" "W" 10 0 17.6333333333333 0.571 0.571 0 0 0 28.1 5.6 4.5 12.5 20.3 111 89 8.1 9.1
"5" "4" 2012-11-10 30.35 "MIL" "" "BOS" "L" -4 0 16.7333333333333 0.2 0.2 5.9 16.4 10.2 8.9 3.2 0 37.5 20.8 38 103 -1.9 -15.7
"6" "5" 2012-11-12 30.36 "MIL" "@" "PHI" "W" 9 0 13.5166666666667 0.75 0.75 10.8 15.4 13.5 23.4 0 0 42.9 22.4 92 100 4.1 -3.4
"7" "6" 2012-11-14 30.36 "MIL" "" "IND" "W" 14 0 27.1833333333333 0.541 0.429 6.9 14.7 10.7 54 5.7 0 0 13.6 146 86 17.1 15.6
"8" "7" 2012-11-17 30.37 "MIL" "" "NOH" "W" 4 0 13.65 0.581 0.5 0 21.3 9.1 9.8 7.4 0 36.8 33.4 78 107 3.5 -4.8
"9" "8" 2012-11-19 30.38 "MIL" "@" "CHA" "L" -4 0 16.1 0.425 0.4 0 21.8 10.8 54.9 3 0 14.5 18.3 104 100 6.9 3.9
"10" "9" 2012-11-21 30.38 "MIL" "@" "MIA" "L" -7 0 17.3166666666667 0.5 0.5 0 14.2 6.1 24.9 0 0 14.3 17.1 102 115 4.7 -0.4
"11" "10" 2012-11-24 30.39 "MIL" "" "CHI" "L" -7 0 15.8666666666667 0.524 0.5 6.9 0 3.2 13.2 0 4.6 14.9 40.1 93 118 5.6 0.2
"12" "11" 2012-11-26 30.39 "MIL" "@" "CHI" "W" 1 0 28.0333333333333 0.446 0.5 4.4 13.9 9 33.8 0 0 0 20 114 111 9.5 2
"13" "12" 2012-11-28 30.4 "MIL" "" "NYK" "L" -14 0 24.6833333333333 0.699 0.667 0 10 5.3 11.1 0 0 7.2 27.5 122 120 12.7 2.6
"14" "13" 2012-11-30 30.41 "MIL" "@" "MIN" "L" -10 0 14.8833333333333 0.25 0.25 6.1 19.4 12.5 10.5 0 0 0 11.6 76 105 1.9 -9
"15" "" 2012-12-01 30.41 "MIL" "" "BOS" "W" 3 NA NA NA NA NA NA NA NA NA NA NA NA NA NA NA NA
"16" "" 2012-12-03 30.41 "MIL" "@" "NOH" "L" -21 NA NA NA NA NA NA NA NA NA NA NA NA NA NA NA NA
"17" "" 2012-12-05 30.42 "MIL" "@" "SAS" "L" -11 NA NA NA NA NA NA NA NA NA NA NA NA NA NA NA NA
"18" "" 2012-12-07 30.42 "MIL" "" "CHA" "W" 15 NA NA NA NA NA NA NA NA NA NA NA NA NA NA NA NA
"19" "" 2012-12-09 30.43 "MIL" "@" "BRK" "W" 9 NA NA NA NA NA NA NA NA NA NA NA NA NA NA NA NA
"20" "" 2012-12-12 30.44 "MIL" "" "SAC" "W" 13 NA NA NA NA NA NA NA NA NA NA NA NA NA NA NA NA
"21" "" 2012-12-14 30.44 "MIL" "@" "CLE" "W" 4 NA NA NA NA NA NA NA NA NA NA NA NA NA NA NA NA
"22" "" 2012-12-15 30.45 "MIL" "" "LAC" "L" -26 NA NA NA NA NA NA NA NA NA NA NA NA NA NA NA NA
"23" "" 2012-12-18 30.45 "MIL" "" "IND" "W" 5 NA NA NA NA NA NA NA NA NA NA NA NA NA NA NA NA
"24" "" 2012-12-19 30.46 "MIL" "@" "MEM" "L" -10 NA NA NA NA NA NA NA NA NA NA NA NA NA NA NA NA
"25" "" 2012-12-21 30.46 "MIL" "@" "BOS" "W" 5 NA NA NA NA NA NA NA NA NA NA NA NA NA NA NA NA
"26" "" 2012-12-22 30.47 "MIL" "" "CLE" "L" -12 NA NA NA NA NA NA NA NA NA NA NA NA NA NA NA NA
"27" "14" 2012-12-26 30.48 "MIL" "" "BRK" "W" 15 0 15.5833333333333 0.4 0.4 0 0 0 9.1 0 0 28.6 19.5 65 111 -1.6 -19.7
"28" "15" 2012-12-29 30.48 "MIL" "" "MIA" "W" 19 0 12.7 0.333 0.333 0 0 0 41.7 4.1 0 0 10.3 113 97 3.7 0.5
"29" "16" 2012-12-30 30.49 "MIL" "@" "DET" "L" -2 0 16.5333333333333 0 0 7.1 7.4 7.3 16.1 0 0 66.7 9 52 119 -0.3 -13.4
"30" "" 2013-01-02 30.5 "MIL" "" "SAS" "L" -7 NA NA NA NA NA NA NA NA NA NA NA NA NA NA NA NA
"31" "17" 2013-01-04 30.5 "MIL" "" "HOU" "L" -14 0 24.3833333333333 0.764 0.8 0 19.7 9.4 25.3 0 0 29.4 16.4 114 119 8.9 -0.5
"32" "18" 2013-01-05 30.5 "MIL" "@" "IND" "L" -15 0 22.1666666666667 0.571 0.571 0 0 0 48.5 0 0 12.5 16.8 116 120 6.8 0.1
"33" "19" 2013-01-08 30.51 "MIL" "" "PHO" "W" 9 0 18.5166666666667 0.833 0.833 0 11.8 5.4 17.9 0 0 25 18.8 119 111 7.8 -0.1
"34" "20" 2013-01-09 30.52 "MIL" "@" "CHI" "W" 8 0 15.9166666666667 0.625 0.625 7.5 0 3.2 50.4 0 0 20 27.6 116 111 7.9 1.7
"35" "21" 2013-01-11 30.52 "MIL" "" "DET" "L" -16 0 26.9333333333333 0.718 0.7 0 7.3 3.6 22.7 0 0 16.1 19.9 123 115 10.7 0.2
"36" "22" 2013-01-13 30.53 "MIL" "@" "TOR" "W" 11 0 16.2833333333333 0.5 0.5 9.5 7.2 8.2 60.5 0 0 28.6 20.8 113 115 6.2 4.1
"37" "23" 2013-01-15 30.53 "MIL" "@" "LAL" "L" -16 0 26.3666666666667 0.543 0.542 6.2 0 3.6 55.2 0 0 7.2 21.8 127 121 12.5 8.8
"38" "24" 2013-01-17 30.54 "MIL" "@" "PHO" "W" 4 0 19.5 0 0 0 25.6 13 37.9 0 0 33.3 6.2 76 93 3.3 -4.6
"39" "25" 2013-01-19 30.54 "MIL" "@" "POR" "W" 6 0 13.1166666666667 0.75 0.75 0 17.9 8.2 52.2 0 0 0 12.6 164 107 7.8 8.2
"40" "26" 2013-01-22 30.55 "MIL" "" "PHI" "W" 8 0 13.4333333333333 0.347 0 0 7.9 4.3 17.4 0 0 25.8 13.1 83 119 0.9 -12.3
"41" "27" 2013-01-25 30.56 "MIL" "@" "CLE" "L" -5 0 21.9 0.7 0.7 0 0 0 48.1 2.2 0 16.7 11.5 147 113 10.3 6.6
"42" "28" 2013-01-26 30.56 "MIL" "" "GSW" "W" 7 0 20.8833333333333 0.417 0.417 7.7 9.6 8.5 36.1 0 0 7.7 24.5 109 112 7.3 1
"43" "29" 2013-01-29 30.57 "MIL" "@" "DET" "W" 27 0 26.4333333333333 0.354 0.333 3.6 11.3 7.3 49.3 3.9 0 16.8 18.3 109 96 10.4 2.8
"44" "30" 2013-01-30 30.57 "MIL" "" "CHI" "L" -16 0 22.2666666666667 0.333 0.333 0 10.5 5 14.5 0 0 33.3 17.9 56 120 -1.6 -15.3
"45" "31" 2013-02-01 30.58 "MIL" "@" "NYK" "L" -10 0 15.85 0.788 0.75 0 14.4 6.7 25.3 0 0 18.4 15.9 133 114 5.6 1.8
"46" "32" 2013-02-02 30.58 "MIL" "" "ORL" "W" 9 0 15.15 0.625 0.625 0 0 0 8.9 0 0 20 13.8 103 111 2.3 -6.2
"47" "33" 2013-02-05 30.59 "MIL" "@" "DEN" "L" -8 0 13.8833333333333 0.875 0.875 0 7.2 3.6 18.4 0 0 0 11.4 177 112 5.9 4.4
"48" "34" 2013-02-06 30.59 "MIL" "@" "UTA" "L" -14 0 26.05 0.45 0.375 4.4 4.1 4.2 15.7 1.9 0 18.4 18.1 86 111 5 -4.8
"49" "35" 2013-02-09 30.6 "MIL" "" "DET" "L" -5 0 20.4166666666667 0.143 0.143 0 11.5 5.3 22.3 2.4 0 12.5 16.9 47 110 0.2 -12.5
"50" "36" 2013-02-11 30.61 "MIL" "" "WAS" "L" -12 0 20.7 0.375 0.375 4.1 0 2.6 24 0 0 0 16.3 99 119 4 -6.2
"51" "37" 2013-02-13 30.61 "MIL" "" "PHI" "W" 2 0 7.41666666666667 0.174 0 0 0 0 52.5 0 0 0 16.9 85 116 0.9 -7.1
"52" "38" 2013-02-19 30.63 "MIL" "@" "BRK" "L" -2 0 9.11666666666667 0 0 0 0 0 12.6 0 0 50 10.4 27 126 -1 -16.8
"53" "39" 2013-02-20 30.63 "MIL" "" "BRK" "L" -3 0 13.7333333333333 0.5 0.5 0 0 0 12.5 0 0 33.3 19.9 67 110 0.3 -11.4
"54" "" 2013-02-22 30.64 "ORL" "@" "MEM" "L" -6 NA NA NA NA NA NA NA NA NA NA NA NA NA NA NA NA
"55" "40" 2013-02-23 30.64 "ORL" "" "CLE" "L" -24 0 26.9666666666667 0.543 0.429 8.9 4.1 6.4 38.2 4 0 9.8 17.5 129 130 13.5 4.8
"56" "41" 2013-02-26 30.65 "ORL" "@" "PHI" "W" 14 0 26.8333333333333 0.333 0.333 0 7.6 4.4 43 0 0 25 14.9 93 99 3.9 -8.7
"57" "42" 2013-02-27 30.65 "ORL" "" "SAC" "L" -24 0 32.4666666666667 0.579 0.389 3.6 4 3.8 36.3 2.9 0 24.9 21.2 107 122 12.7 -0.3
"58" "43" 2013-03-01 30.65 "ORL" "" "HOU" "L" -8 0 33.4333333333333 0.286 0.286 0 4.2 2.2 24.4 1.6 0 22.2 13 84 133 3.3 -11.3
"59" "44" 2013-03-03 30.66 "ORL" "" "MEM" "L" -26 0 16.6833333333333 0.37 0.2 14.4 0 7.3 44.1 3.4 0 22.8 25.6 86 127 4.7 -2.9
"60" "45" 2013-03-04 30.66 "ORL" "@" "NOH" "W" 3 0 11.5 0.25 0.25 0 0 0 53.8 0 0 20 20.5 86 124 1.7 -11
"61" "46" 2013-03-06 30.67 "ORL" "@" "MIA" "L" -1 0 4.85 0.5 0.5 0 0 0 32.9 0 0 0 17.8 127 115 1.3 -2.3
"62" "47" 2013-03-08 30.67 "ORL" "" "IND" "L" -29 0 17.8 0.761 0.714 0 0 0 100 0 0 0 19.3 172 134 14 17.3
"63" "48" 2013-03-10 30.68 "ORL" "" "PHI" "W" 8 0 26.3 0.868 0.875 0 4.1 2.3 30.8 1.9 0 34.2 15.7 127 100 9.7 0.7
"64" "49" 2013-03-12 30.68 "ORL" "" "LAL" "L" -9 0 16.6333333333333 0.676 0.625 6.1 0 3.4 22.7 0 0 18.4 27.4 120 117 6.5 3.6
"65" "50" 2013-03-15 30.69 "ORL" "@" "OKC" "L" -13 0 6.05 0.2 0.2 15.6 0 9.3 0 7.8 0 16.7 42.8 46 105 -0.8 -15.6
"66" "51" 2013-03-17 30.7 "ORL" "@" "MIL" "L" -6 0 18.05 0.5 0.5 6 0 3 14.6 0 0 0 19.1 118 127 5.7 -4.6
"67" "52" 2013-03-19 30.7 "ORL" "@" "IND" "L" -22 0 16.5 0.58 0.5 0 12.4 5.5 15.1 0 0 11.4 23.8 107 107 5.5 0.1
"68" "53" 2013-03-20 30.71 "ORL" "@" "NYK" "L" -12 0 24 0.697 0.625 0 15.8 7.9 57.1 0 0 17.7 22 139 129 13.1 5.9
"69" "54" 2013-03-22 30.71 "ORL" "" "OKC" "L" -8 0 36.35 0.574 0.55 0 9.2 4.3 21 2.8 0 15 15.9 108 103 10.4 1
"70" "55" 2013-03-25 30.72 "ORL" "" "MIA" "L" -14 0 36.9333333333333 0.301 0.111 3 8.9 6 18.2 2.8 0 7.9 15.5 84 120 6.8 -7.2
"71" "56" 2013-03-27 30.73 "ORL" "@" "CHA" "L" -6 0 17.8333333333333 0.571 0.5 0 7.1 3.5 37.5 0 0 27.6 28.7 97 128 6.1 -8.2
"72" "57" 2013-03-29 30.73 "ORL" "" "WAS" "W" 5 0 30.9333333333333 0.47 0.313 3.1 10.1 6.5 41.2 1.8 0 8.6 17.3 119 108 11.5 1.6
"73" "58" 2013-03-30 30.73 "ORL" "@" "ATL" "L" -9 1 41.2333333333333 0.411 0.391 6.7 10.3 8.4 37.7 1.2 0 7.6 26.4 101 105 13.8 2.7
"74" "59" 2013-04-01 30.74 "ORL" "@" "HOU" "L" -8 1 36.8666666666667 0.781 0.75 0 2.4 1.3 41.7 1.4 0 8.4 13.9 159 124 18.9 6.5
"75" "60" 2013-04-03 30.75 "ORL" "@" "SAS" "L" -14 1 39.5166666666667 0.589 0.545 0 7.3 3.6 33.6 3.8 0 25.2 18 98 102 12.2 -2
"76" "61" 2013-04-05 30.75 "ORL" "@" "CHI" "L" -1 1 36.1333333333333 0.72 0.676 3.5 12.1 8.1 44.9 3 0 17.6 30.1 127 99 23.5 14
"77" "62" 2013-04-07 30.76 "ORL" "@" "CLE" "L" -6 1 42.65 0.458 0.333 2.1 6.6 4.3 22.9 2.4 0 12.3 16 103 103 10.4 -4
"78" "63" 2013-04-10 30.76 "ORL" "" "MIL" "W" 10 1 46.7166666666667 0.295 0.295 1.9 5.8 3.8 28.2 2.1 0 18.5 23.8 74 98 5.1 -8.5
"79" "64" 2013-04-13 30.77 "ORL" "" "BOS" "L" -32 1 35.1 0.394 0.313 0 19.5 8.8 33.9 0 2.1 25.3 14.8 87 128 6.6 -7.2
"80" "65" 2013-04-15 30.78 "ORL" "" "CHI" "L" -18 1 23.4 0.357 0.357 0 0 0 7.6 0 0 22.2 18 66 128 -1.2 -17.2
"81" "66" 2013-04-17 30.78 "ORL" "@" "MIA" "L" -12 1 36.05 0.666 0.688 3.7 6.8 5.3 55.9 1.5 0 29.1 18.1 119 116 15.1 3.5
"1" "1" 2013-10-30 31.32 "NYK" "" "MIL" "W" 7 0 10.55 0.25 0.25 0 13.8 7 28.9 0 0 33.3 27.2 50 96 -1.5 -20.3
"2" "" 2013-10-31 31.32 "NYK" "@" "CHI" "L" -1 NA NA NA NA NA NA NA NA NA NA NA NA NA NA NA NA
"3" "" 2013-11-03 31.33 "NYK" "" "MIN" "L" -9 NA NA NA NA NA NA NA NA NA NA NA NA NA NA NA NA
"4" "2" 2013-11-05 31.34 "NYK" "" "CHA" "L" -5 0 3.6 0 NA 0 0 0 38.1 0 0 0 11.1 48 122 -0.5 -15.2
"5" "3" 2013-11-08 31.35 "NYK" "@" "CHA" "W" 10 0 3.93333333333333 0 0 0 0 0 29.1 0 0 0 11.5 60 111 -0.8 -22.5
"6" "4" 2013-11-10 31.35 "NYK" "" "SAS" "L" -31 0 19.7166666666667 0.333 0.333 4.8 0 2.9 10.3 2.6 0 10 23.2 69 130 1.1 -10.3
"7" "" 2013-11-13 31.36 "NYK" "@" "ATL" "W" 4 NA NA NA NA NA NA NA NA NA NA NA NA NA NA NA NA
"8" "" 2013-11-14 31.36 "NYK" "" "HOU" "L" -3 NA NA NA NA NA NA NA NA NA NA NA NA NA NA NA NA
"9" "" 2013-11-16 31.37 "NYK" "" "ATL" "L" -20 NA NA NA NA NA NA NA NA NA NA NA NA NA NA NA NA
"10" "5" 2013-11-19 31.38 "NYK" "@" "DET" "L" -6 1 18.4666666666667 0 0 7 0 3.6 31.5 0 0 40 13.4 49 120 -0.6 -13.4
"11" "6" 2013-11-20 31.38 "NYK" "" "IND" "L" -7 1 37.8333333333333 0.633 0.633 5.1 18.3 11.1 21.7 0 0 11.8 19.4 124 105 14.1 5
"12" "7" 2013-11-23 31.39 "NYK" "@" "WAS" "L" -9 1 25.0166666666667 0.143 0.143 4.3 14.4 9 28.1 0 0 22.2 17.7 60 119 -0.2 -16.2
"13" "8" 2013-11-25 31.39 "NYK" "@" "POR" "L" -11 1 31 0.929 0.929 0 17.6 8.6 25.6 1.7 0 12.5 12.4 158 114 14.7 8.2
"14" "9" 2013-11-27 31.4 "NYK" "@" "LAC" "L" -13 0 3.48333333333333 NA NA 0 0 0 43.1 0 0 100 26.6 18 109 -2.1 -41.4
"15" "10" 2013-11-29 31.4 "NYK" "@" "DEN" "L" -2 0 5.43333333333333 0 0 18.8 0 10.3 26 0 0 50 17 50 112 -0.3 -13.6
"16" "" 2013-12-01 31.41 "NYK" "" "NOP" "L" -4 NA NA NA NA NA NA NA NA NA NA NA NA NA NA NA NA
"17" "11" 2013-12-05 31.42 "NYK" "@" "BRK" "W" 30 0 6.75 0.5 0.5 0 0 0 19.3 0 0 33.3 22.7 84 112 0.3 -16.4
"18" "12" 2013-12-06 31.42 "NYK" "" "ORL" "W" 38 0 6.55 0.5 0.5 0 18.8 9.6 60 0 0 33.3 21.7 112 102 2.4 -1.3
"19" "13" 2013-12-08 31.43 "NYK" "" "BOS" "L" -41 0 12.5666666666667 0.5 0.5 0 13.2 5.3 0 4.2 0 0 19.7 93 123 3.6 1.1
"20" "" 2013-12-10 31.43 "NYK" "@" "CLE" "L" -15 NA NA NA NA NA NA NA NA NA NA NA NA NA NA NA NA
"21" "14" 2013-12-11 31.44 "NYK" "" "CHI" "W" 5 0 17.4666666666667 0.8 0.8 0 12.2 6.3 27.5 3.2 0 44.4 25.4 82 93 4.7 -4.3
"22" "15" 2013-12-13 31.44 "NYK" "@" "BOS" "L" -4 0 9.31666666666667 0.333 0.333 0 0 0 19.2 0 0 40 27.3 46 111 -1.8 -24.8
"23" "16" 2013-12-14 31.44 "NYK" "" "ATL" "W" 5 0 18.0333333333333 0.571 0.429 0 23.1 8.1 7.4 5.9 0 10.2 24.5 119 111 8.6 2.3
"24" "17" 2013-12-16 31.45 "NYK" "" "WAS" "L" -1 0 29.6666666666667 0.622 0.5 0 10.1 4.3 28.7 1.8 0 0 15.3 145 116 12.6 2.7
"25" "18" 2013-12-18 31.45 "NYK" "@" "MIL" "W" 6 1 39.75 0.875 0.875 0 11.7 5.6 27.7 2.8 0 7.7 15.6 159 98 19.5 10.3
"26" "19" 2013-12-21 31.46 "NYK" "" "MEM" "L" -8 1 30.6 0.333 0.333 0 8.7 3.7 31.5 3.5 2.1 25 13.1 75 106 4.9 -5.3
"27" "20" 2013-12-23 31.47 "NYK" "@" "ORL" "W" 5 0 22.55 0.887 0.667 0 4.3 2.3 36.8 0 0 15.1 13.7 172 112 11.8 6.5
"28" "21" 2013-12-25 31.47 "NYK" "" "OKC" "L" -29 1 29.8833333333333 0.167 0.167 3.2 12.7 7.3 26.5 0 0 25 11.6 64 132 1.6 -11.8
"29" "22" 2013-12-27 31.48 "NYK" "" "TOR" "L" -12 1 37.7333333333333 0.631 0.591 0 11.6 5.5 56.9 5.8 0 7.8 15.7 141 102 18.5 10.8
"30" "23" 2013-12-28 31.48 "NYK" "@" "TOR" "L" -15 1 20.6333333333333 0.833 0.833 0 0 0 20.3 2.5 0 57.1 15.8 75 129 2 -9.4
"31" "24" 2014-01-02 31.5 "NYK" "@" "SAS" "W" 4 1 32.2833333333333 0.506 0.444 4.4 3.7 4 31.5 1.7 0 16.8 18.1 115 121 10.2 0.2
"32" "25" 2014-01-03 31.5 "NYK" "@" "HOU" "L" -2 1 34.2 0.385 0.385 2.8 11.4 6.4 32.8 3.2 0 0 17 112 115 10.2 0.1
"33" "26" 2014-01-05 31.5 "NYK" "@" "DAL" "W" 12 1 32.9 0.333 0.333 0 9.7 5.4 34.2 3.4 0 33.3 13.5 81 92 5.3 -2
"34" "27" 2014-01-07 31.51 "NYK" "" "DET" "W" 4 0 7.93333333333333 0 0 0 13.4 6.6 36.7 0 0 25 23.5 27 99 -1.4 -20.8
"35" "" 2014-01-09 31.52 "NYK" "" "MIA" "W" 10 NA NA NA NA NA NA NA NA NA NA NA NA NA NA NA NA
"36" "" 2014-01-11 31.52 "NYK" "@" "PHI" "W" 10 NA NA NA NA NA NA NA NA NA NA NA NA NA NA NA NA
"37" "" 2014-01-13 31.53 "NYK" "" "PHO" "W" 2 NA NA NA NA NA NA NA NA NA NA NA NA NA NA NA NA
"38" "28" 2014-01-14 31.53 "NYK" "@" "CHA" "L" -10 0 12.7166666666667 0.773 0.833 10.5 11.4 10.9 60 4.2 6.2 20.5 18.8 147 111 9.5 22.7
"39" "29" 2014-01-16 31.53 "NYK" "@" "IND" "L" -28 0 16.2333333333333 0 0 0 0 0 34.8 0 4.7 25 11.1 43 128 0.4 -8.2
"40" "" 2014-01-17 31.54 "NYK" "" "LAC" "L" -14 NA NA NA NA NA NA NA NA NA NA NA NA NA NA NA NA
"41" "30" 2014-01-20 31.55 "NYK" "" "BRK" "L" -23 0 3.58333333333333 0 0 0 34.3 14.9 55.8 0 0 50 25.9 23 116 -0.7 -22.5
"42" "" 2014-01-22 31.55 "NYK" "" "PHI" "L" -4 NA NA NA NA NA NA NA NA NA NA NA NA NA NA NA NA
"43" "31" 2014-01-24 31.56 "NYK" "" "CHA" "W" 29 0 7.3 0.5 0.5 0 0 0 30.3 0 0 0 20 141 121 2.3 -1
"44" "" 2014-01-26 31.56 "NYK" "" "LAL" "W" 7 NA NA NA NA NA NA NA NA NA NA NA NA NA NA NA NA
"45" "" 2014-01-28 31.57 "NYK" "" "BOS" "W" 26 NA NA NA NA NA NA NA NA NA NA NA NA NA NA NA NA
"46" "" 2014-01-30 31.57 "NYK" "" "CLE" "W" 31 NA NA NA NA NA NA NA NA NA NA NA NA NA NA NA NA
"47" "" 2014-02-01 31.58 "NYK" "" "MIA" "L" -15 NA NA NA NA NA NA NA NA NA NA NA NA NA NA NA NA
"48" "" 2014-02-03 31.58 "NYK" "@" "MIL" "L" -3 NA NA NA NA NA NA NA NA NA NA NA NA NA NA NA NA
"49" "" 2014-02-05 31.59 "NYK" "" "POR" "L" -4 NA NA NA NA NA NA NA NA NA NA NA NA NA NA NA NA
"50" "" 2014-02-07 31.59 "NYK" "" "DEN" "W" 27 NA NA NA NA NA NA NA NA NA NA NA NA NA NA NA NA
"51" "" 2014-02-09 31.6 "NYK" "@" "OKC" "L" -12 NA NA NA NA NA NA NA NA NA NA NA NA NA NA NA NA
"52" "" 2014-02-12 31.61 "NYK" "" "SAC" "L" -5 NA NA NA NA NA NA NA NA NA NA NA NA NA NA NA NA
"53" "" 2014-02-18 31.62 "NYK" "@" "MEM" "L" -5 NA NA NA NA NA NA NA NA NA NA NA NA NA NA NA NA
"54" "" 2014-02-19 31.63 "NYK" "@" "NOP" "W" 7 NA NA NA NA NA NA NA NA NA NA NA NA NA NA NA NA
"55" "" 2014-02-21 31.63 "NYK" "@" "ORL" "L" -8 NA NA NA NA NA NA NA NA NA NA NA NA NA NA NA NA
"56" "" 2014-02-22 31.64 "NYK" "@" "ATL" "L" -9 NA NA NA NA NA NA NA NA NA NA NA NA NA NA NA NA
"57" "" 2014-02-28 31.65 "MEM" "@" "OKC" "L" -6 NA NA NA NA NA NA NA NA NA NA NA NA NA NA NA NA
"58" "" 2014-03-01 31.65 "MEM" "" "CLE" "W" 14 NA NA NA NA NA NA NA NA NA NA NA NA NA NA NA NA
"59" "" 2014-03-03 31.66 "MEM" "@" "WAS" "W" 6 NA NA NA NA NA NA NA NA NA NA NA NA NA NA NA NA
"60" "32" 2014-03-05 31.67 "MEM" "@" "BRK" "L" -9 0 10.1 1 1 0 14.4 6 32.5 5.2 0 66.7 12.8 76 108 2 -1.6
"61" "" 2014-03-07 31.67 "MEM" "@" "CHI" "W" 8 NA NA NA NA NA NA NA NA NA NA NA NA NA NA NA NA
"62" "33" 2014-03-08 31.67 "MEM" "" "CHA" "W" 22 0 3.73333333333333 0.75 0.75 0 0 0 70.3 0 0 0 47.3 159 104 4.7 40.7
"63" "" 2014-03-11 31.68 "MEM" "" "POR" "W" 10 NA NA NA NA NA NA NA NA NA NA NA NA NA NA NA NA
"64" "" 2014-03-12 31.68 "MEM" "@" "NOP" "W" 2 NA NA NA NA NA NA NA NA NA NA NA NA NA NA NA NA
"65" "34" 2014-03-14 31.69 "MEM" "@" "TOR" "L" -13 0 0.85 1.136 NA 0 0 0 0 0 0 0 48.8 250 123 2 65.9
"66" "35" 2014-03-15 31.69 "MEM" "@" "PHI" "W" 26 0 6.08333333333333 0.532 0 0 0 0 0 0 0 0 14 123 93 1.3 -4.6
"67" "" 2014-03-19 31.7 "MEM" "" "UTA" "W" 10 NA NA NA NA NA NA NA NA NA NA NA NA NA NA NA NA
"68" "" 2014-03-21 31.71 "MEM" "@" "MIA" "L" -5 NA NA NA NA NA NA NA NA NA NA NA NA NA NA NA NA
"69" "36" 2014-03-22 31.71 "MEM" "" "IND" "W" 11 0 1.86666666666667 0.568 NA 0 0 0 0 0 43.6 53.2 51.2 53 57 0.3 10.2
"70" "37" 2014-03-24 31.72 "MEM" "" "MIN" "W" 17 0 6.25 0.667 0.667 0 0 0 0 0 0 25 27.7 92 109 1.3 -7.6
"71" "" 2014-03-26 31.72 "MEM" "@" "UTA" "W" 4 NA NA NA NA NA NA NA NA NA NA NA NA NA NA NA NA
"72" "" 2014-03-28 31.73 "MEM" "@" "GSW" "L" -7 NA NA NA NA NA NA NA NA NA NA NA NA NA NA NA NA
"73" "38" 2014-03-30 31.73 "MEM" "@" "POR" "L" -7 0 7.71666666666667 0 0 0 17.8 7.8 0 0 0 0 5.8 0 121 -1.2 -20.2
"74" "" 2014-03-31 31.74 "MEM" "@" "DEN" "W" 2 NA NA NA NA NA NA NA NA NA NA NA NA NA NA NA NA
"75" "" 2014-04-02 31.74 "MEM" "@" "MIN" "L" -14 NA NA NA NA NA NA NA NA NA NA NA NA NA NA NA NA
"76" "" 2014-04-04 31.75 "MEM" "" "DEN" "W" 8 NA NA NA NA NA NA NA NA NA NA NA NA NA NA NA NA
"77" "39" 2014-04-06 31.75 "MEM" "@" "SAS" "L" -20 0 12.25 0.5 0.5 0 0 0 29.9 0 0 0 21.9 115 128 4.4 2.2
"78" "" 2014-04-09 31.76 "MEM" "" "MIA" "W" 5 NA NA NA NA NA NA NA NA NA NA NA NA NA NA NA NA
"79" "40" 2014-04-11 31.77 "MEM" "" "PHI" "W" 22 0 5.5 1 1 0 0 0 32.9 0 0 33.3 23.6 120 104 3.1 4.9
"80" "41" 2014-04-13 31.77 "MEM" "@" "LAL" "W" 12 0 0.883333333333333 NA NA 0 0 0 0 0 0 NA 0 0 107 0 -10.4
"81" "" 2014-04-14 31.78 "MEM" "@" "PHO" "W" 6 NA NA NA NA NA NA NA NA NA NA NA NA NA NA NA NA
"82" "" 2014-04-16 31.78 "MEM" "" "DAL" "W" 1 NA NA NA NA NA NA NA NA NA NA NA NA NA NA NA NA
"1" "1" 2014-10-29 32.32 "MEM" "" "MIN" "W" 4 0 14.0166666666667 0.333 0.333 0 8.2 4.3 8.7 0 0 25 12.7 64 112 -0.5 -13.8
"2" "2" 2014-10-31 32.32 "MEM" "@" "IND" "W" 8 0 16.8333333333333 0.75 0.75 0 21.4 9.9 24.2 0 0 14.3 20 127 106 7.7 5
"3" "3" 2014-11-01 32.33 "MEM" "@" "CHO" "W" 2 0 21.2 0.375 0.375 0 11 5.1 51 2.4 0 20 21.8 76 74 3.9 2.3
"4" "4" 2014-11-03 32.33 "MEM" "" "NOP" "W" 12 0 17.3833333333333 0.563 0.563 0 9.7 5.5 55.4 3 0 11.1 24.1 110 87 8 10.4
"5" "5" 2014-11-05 32.34 "MEM" "@" "PHO" "W" 11 0 18.7833333333333 0.5 0.5 0 15 7.1 23.7 0 0 25 19.8 88 106 2.5 -8.4
"6" "6" 2014-11-07 32.34 "MEM" "@" "OKC" "W" 2 0 13 0.5 0.5 0 9.5 4.5 41.6 0 0 0 19.1 121 109 4.3 1.4
"7" "7" 2014-11-08 32.35 "MEM" "@" "MIL" "L" -1 0 18.9666666666667 0.41 0.25 0 0 0 9.6 0 0 29.1 15.8 70 116 -0.1 -11.6
"8" "8" 2014-11-11 32.35 "MEM" "" "LAL" "W" 5 0 18.05 0.727 0.727 0 6.5 3.5 40.4 3 0 15.4 33.7 126 116 12.5 9.1
"9" "9" 2014-11-13 32.36 "MEM" "" "SAC" "W" 1 0 9.26666666666667 0.667 0.667 0 14.8 7 0 0 0 25 20.5 87 127 0.8 -15.4
"10" "10" 2014-11-15 32.36 "MEM" "" "DET" "W" 7 0 18.6333333333333 0.68 0.6 0 5.9 2.7 10.6 3 0 33.8 21.1 89 101 3.9 -3.6
"11" "11" 2014-11-17 32.37 "MEM" "" "HOU" "W" 26 0 24.7833333333333 0.697 0.625 0 5.1 2.7 32 0 0 24.4 22.6 121 110 9.7 -2.4
"12" "" 2014-11-19 32.38 "MEM" "@" "TOR" "L" -4 NA NA NA NA NA NA NA NA NA NA NA NA NA NA NA NA
"13" "12" 2014-11-21 32.38 "MEM" "" "BOS" "W" 17 0 25.7166666666667 0.455 0.444 4.9 3.7 4.2 13.8 1.9 3.1 9.2 18.3 101 100 7.3 -1.7
"14" "13" 2014-11-23 32.39 "MEM" "" "LAC" "W" 16 0 20.3 0.619 0.563 6.1 10.5 8.4 36.3 0 0 0 18.7 153 100 11 12.1
"15" "14" 2014-11-26 32.39 "MEM" "@" "LAL" "W" 6 0 17.9666666666667 0.333 0.333 0 0 0 43.6 0 0 0 15.3 102 114 4.1 -2.6
"16" "15" 2014-11-28 32.4 "MEM" "@" "POR" "W" 13 0 10.3666666666667 0.403 0.429 0 8.7 5.1 14.9 4.9 0 0 33 87 101 3.5 -3.9
"17" "16" 2014-11-30 32.41 "MEM" "@" "SAC" "W" 12 0 16.9833333333333 0.543 0.5 0 0 0 19.1 3.1 0 0 17.4 122 96 5.6 1.3
"18" "17" 2014-12-03 32.41 "MEM" "@" "HOU" "L" -9 0 20.6666666666667 0.945 1 0 13.4 7.7 29 2.4 0 38.7 16.7 117 108 9.4 3.4
"19" "18" 2014-12-05 32.42 "MEM" "" "SAS" "L" -6 0 19.0333333333333 0.773 0.667 0 6 3.1 23.7 0 0 0 9.6 171 124 7.1 3.8
"20" "19" 2014-12-07 32.42 "MEM" "" "MIA" "W" 16 0 18.8666666666667 0.667 0.667 0 12.4 7.5 40.3 0 0 50 17 102 111 4.5 -2.8
"21" "20" 2014-12-09 32.43 "MEM" "" "DAL" "W" 9 0 16.25 0.635 0.643 0 28.8 14.1 40.5 0 0 11.3 25.5 128 117 9.3 7
"22" "21" 2014-12-12 32.44 "MEM" "" "CHO" "W" 6 0 16.3333333333333 0.726 0.5 0 20.1 11.1 66.8 3.2 0 24.4 23.9 131 94 10.7 14
"23" "22" 2014-12-13 32.44 "MEM" "@" "PHI" "W" 5 0 19.8833333333333 0.46 0.5 0 0 0 26.9 2.6 0 0 12.2 117 113 3.7 -3.8
"24" "23" 2014-12-16 32.45 "MEM" "" "GSW" "W" 7 0 15.7833333333333 0.75 0.75 0 5.7 3.1 74 3.1 0 0 10.8 175 102 11.3 19.8
"25" "24" 2014-12-17 32.45 "MEM" "@" "SAS" "W" 1 0 16.4 0 0 0 6 3.3 48 0 5.5 20 15.3 59 113 1.4 -4.5
"26" "25" 2014-12-19 32.46 "MEM" "" "CHI" "L" -6 0 19.6833333333333 0.735 0.625 0 0 0 9.8 5.5 0 8.9 25.2 140 111 13.1 15.8
"27" "26" 2014-12-21 32.46 "MEM" "@" "CLE" "L" -14 0 19.0666666666667 0.25 0.25 0 8.4 3.5 34.5 0 0 20 12.4 78 124 1.6 -10
"28" "27" 2014-12-22 32.47 "MEM" "" "UTA" "L" -6 0 19.4166666666667 0 0 5.6 12.7 8.9 19.5 0 0 0 7.9 64 116 0.9 -10.7
"29" "28" 2014-12-26 32.48 "MEM" "" "HOU" "L" -6 0 20.85 0.638 0.625 0 18.2 7.8 20.2 0 0 0 28.2 129 120 12.1 6.4
"30" "29" 2014-12-27 32.48 "MEM" "@" "MIA" "W" 8 0 18.95 0.619 0.563 0 16.9 7.8 31.8 5.8 0 0 22 139 104 11.7 13.1
"31" "30" 2014-12-30 32.49 "MEM" "" "SAS" "W" 8 0 15.05 0.233 0.167 0 15.2 8.4 10 3.5 0 0 20.2 61 94 1.1 -9.5
"32" "31" 2015-01-02 32.5 "MEM" "@" "LAL" "W" 3 0 15.65 0.82 0.75 0 8.1 3.7 40.7 0 0 9.3 30.1 154 116 14.2 13.3
"33" "" 2015-01-03 32.5 "MEM" "@" "DEN" "L" -29 NA NA NA NA NA NA NA NA NA NA NA NA NA NA NA NA
"34" "32" 2015-01-05 32.5 "MEM" "" "NYK" "W" 22 0 15.4666666666667 0.421 0.357 0 7.6 3.8 25.3 3.3 0 10.7 26.9 96 91 4.9 -2.7
"35" "33" 2015-01-07 32.51 "MEM" "@" "ATL" "L" -10 0 18.45 0.41 0.25 0 20 10.3 16.1 5.7 0 29.1 17.1 73 97 3.1 -2.8
"36" "34" 2015-01-09 32.52 "MEM" "@" "NOP" "L" -11 0 15.2833333333333 0.643 0.643 0 7.1 3.5 13.4 0 0 0 21.6 135 128 6.3 3.5
"37" "35" 2015-01-11 32.52 "MEM" "" "PHO" "W" 12 0 16.3833333333333 0.75 0.75 14.8 6.8 10.6 20.9 3 0 25 21 120 92 7.7 9.3
"38" "36" 2015-01-14 32.53 "MEM" "@" "BRK" "W" 11 0 17.9166666666667 0.436 0.333 0 24.4 10.4 15.9 3 0 0 17.6 112 103 5.5 -1.2
"39" "37" 2015-01-16 32.53 "MEM" "@" "ORL" "W" 10 1 28.8333333333333 0.582 0.542 0 3.9 1.9 27.7 0 3 7.2 20.9 117 102 10.9 1.2
"40" "38" 2015-01-17 32.54 "MEM" "" "POR" "W" 4 1 29.4333333333333 0.97 1 0 21.1 12.7 17.7 0 2.9 25.5 18.9 139 108 16 8.5
"41" "39" 2015-01-19 32.54 "MEM" "" "DAL" "L" -8 0 16.6666666666667 0.4 0.4 0 0 0 9.5 0 0 16.7 16 74 121 -0.2 -12.4
"42" "40" 2015-01-21 32.55 "MEM" "" "TOR" "W" 6 0 18.55 0.51 0.4 0 4.5 2.7 0 0 0 14.5 17.8 92 107 1.8 -7.9
"43" "41" 2015-01-24 32.56 "MEM" "" "PHI" "W" 18 0 27.4666666666667 0.333 0.333 8.3 6.6 7.4 27.5 3.6 0 10 16.2 91 87 7 -1.2
"44" "42" 2015-01-26 32.56 "MEM" "" "ORL" "W" 9 0 26.05 0.845 0.813 4.8 4.1 4.4 36.9 7.9 0 10.1 17.8 158 94 18.9 17.8
"45" "43" 2015-01-27 32.56 "MEM" "@" "DAL" "W" 19 1 20.6833333333333 0.667 0.667 0 11.9 6.2 35.5 0 0 25 18.4 119 104 7.5 2.3
"46" "44" 2015-01-29 32.57 "MEM" "" "DEN" "W" 30 1 22.95 0.55 0.55 0 7.7 4 22 0 0 9.1 21.1 110 81 7.7 3.3
"47" "45" 2015-01-31 32.58 "MEM" "" "OKC" "W" 11 0 18.2833333333333 0.25 0.25 4.8 11.4 7.8 33.5 3 0 0 9.6 100 87 4.7 3.1
"48" "46" 2015-02-02 32.58 "MEM" "@" "PHO" "W" 1 0 17.0833333333333 0.42 0.333 0 0 0 16.9 3 0 17.4 14.5 89 110 1.7 -7.5
"49" "47" 2015-02-04 32.59 "MEM" "@" "UTA" "W" 10 0 17.5 0.7 0.7 0 7.6 3.5 18.4 6.4 0 0 13.9 147 99 8 11.2
"50" "48" 2015-02-06 32.59 "MEM" "@" "MIN" "L" -1 0 11.9333333333333 0.5 0.5 0 30.2 16.5 57.6 4.4 0 33.3 25.2 87 91 4.7 4.6
"51" "49" 2015-02-08 32.6 "MEM" "" "ATL" "W" 6 0 19.45 0.381 0.286 4.8 0 2.7 23.8 0 0 20.2 21.7 82 102 2.7 -5.4
"52" "50" 2015-02-10 32.6 "MEM" "" "BRK" "W" 9 0 20.3666666666667 0.658 0.611 0 10 5.2 29.2 2.6 6.8 16.8 26.9 114 93 11.4 10.9
"53" "51" 2015-02-11 32.61 "MEM" "@" "OKC" "L" -16 0 18.9666666666667 0.446 0.409 0 6 2.8 0 0 0 7.5 30 87 117 3.4 -2.8
"54" "52" 2015-02-22 32.64 "MEM" "@" "POR" "W" 6 0 16.2333333333333 0.429 0.429 0 0 0 8.9 0 0 12.5 23.5 78 112 2 -10.1
"55" "53" 2015-02-23 32.64 "MEM" "@" "LAC" "W" 3 0 7.58333333333333 0.4 0.4 0 0 0 0 0 0 0 30.9 77 105 1.3 -6.9
"56" "54" 2015-02-25 32.64 "MEM" "@" "SAC" "L" -12 0 5.63333333333333 0.25 0.25 0 0 0 0 0 0 0 30.7 57 118 -0.8 -20.2
"57" "55" 2015-02-27 32.65 "MEM" "" "LAC" "L" -18 0 23.9833333333333 0.429 0.429 0 5.1 2.3 14.8 2.2 0 22.2 16.7 72 108 2.2 -5.1
"58" "56" 2015-02-28 32.65 "MEM" "@" "MIN" "W" 4 0 12.7 0.68 0.6 0 7.1 4.8 14.2 4.1 0 14.5 25.8 122 103 5.9 2
"59" "" 2015-03-03 32.66 "MEM" "" "UTA" "L" -11 NA NA NA NA NA NA NA NA NA NA NA NA NA NA NA NA
"60" "57" 2015-03-04 32.66 "MEM" "@" "HOU" "W" 2 0 15.2333333333333 0.25 0.25 0 0 0 0 0 0 0 25.3 53 125 -0.8 -19.6
"61" "58" 2015-03-06 32.67 "MEM" "" "LAL" "W" 7 0 8.65 0 0 0 0 0 0 0 0 0 11.2 0 105 -1.4 -17.2
"62" "59" 2015-03-07 32.67 "MEM" "@" "NOP" "L" -6 0 15 0.751 0.667 0 33.7 16 50 0 0 0 23.2 159 108 11.3 11.6
"63" "60" 2015-03-09 32.68 "MEM" "@" "CHI" "W" 10 0 18.7 0.2 0.2 6.1 30.6 18.3 39.1 2.8 0 16.7 15 83 97 5.3 -0.9
"64" "61" 2015-03-11 32.68 "MEM" "@" "BOS" "L" -3 0 15 0.5 0.5 9.4 0 4.2 10.5 6.9 0 37.5 24.4 71 99 2.3 -2.7
"65" "62" 2015-03-12 32.68 "MEM" "@" "WAS" "L" -20 1 25.8666666666667 0.457 0.286 0 10 4.5 34 0 0 18.6 17.5 97 119 6 -2.5
"66" "63" 2015-03-14 32.69 "MEM" "" "MIL" "W" 13 1 31.0833333333333 0.7 0.7 0 12.9 6.3 11.1 1.7 0 16.7 18.7 113 97 10.3 2.2
"67" "64" 2015-03-16 32.7 "MEM" "" "DEN" "W" 11 1 24.2 0.563 0.563 8.4 12.7 10.6 15.8 2.2 0 20 17.8 108 92 7.7 3.6
"68" "65" 2015-03-17 32.7 "MEM" "@" "DET" "L" -10 1 30.15 0.571 0.5 4 11.9 8 47.4 0 3.2 20.2 15.2 124 121 11.1 2.1
"69" "66" 2015-03-20 32.71 "MEM" "@" "DAL" "W" 11 0 23.2666666666667 0.644 0.625 0 5 2.6 20.2 2.1 0 17.7 22 113 105 8.2 1.1
"70" "67" 2015-03-21 32.71 "MEM" "" "POR" "W" 11 0 13.7 0.347 0.25 7 0 3.9 20.9 3.8 0 14.8 22.3 82 92 1.7 -5.7
"71" "68" 2015-03-23 32.72 "MEM" "@" "NYK" "W" 21 0 19.2833333333333 0.5 0.5 0 13.1 6.6 25.9 2.8 0 33.3 7.7 109 90 4.4 1.8
"72" "69" 2015-03-25 32.72 "MEM" "" "CLE" "L" -22 0 21.6333333333333 0.718 0.7 0 13.1 5.5 10.3 0 0 16.1 27.6 115 128 10.1 1.5
"73" "70" 2015-03-27 32.73 "MEM" "" "GSW" "L" -23 0 19.4333333333333 0.286 0.286 6.7 0 3 17 0 0 12.5 19.4 69 126 0.6 -10.4
"74" "71" 2015-03-29 32.73 "MEM" "@" "SAS" "L" -14 0 19.35 0.765 0.7 0 12.1 6.1 34.7 0 0 0 15 160 118 9.3 8.9
"75" "72" 2015-03-30 32.73 "MEM" "" "SAC" "W" 14 0 16.7333333333333 0.583 0.583 0 13.3 6.7 29.3 0 4.4 0 16.6 140 99 7 6.8
"76" "73" 2015-04-03 32.75 "MEM" "" "OKC" "W" 8 0 17.65 0.425 0.4 0 11.3 5.9 0 0 0 14.5 17.8 74 101 1.1 -9.2
"77" "74" 2015-04-04 32.75 "MEM" "" "WAS" "L" -9 0 17.6333333333333 0.381 0.286 0 21.5 10.1 19.1 0 0 20.2 25.9 70 102 1.8 -8
"78" "75" 2015-04-08 32.76 "MEM" "" "NOP" "W" 36 0 18.8833333333333 0.717 0.625 0 0 0 15.7 0 0 9.3 26.8 141 97 10 4.5
"79" "76" 2015-04-10 32.76 "MEM" "@" "UTA" "W" 1 1 34.9833333333333 0.769 0.769 3.7 10.8 7.3 5.8 0 0 7.1 20.1 136 110 15.8 6.7
"80" "77" 2015-04-11 32.77 "MEM" "@" "LAC" "L" -8 1 28.5333333333333 0.709 0.667 0 7.6 3.9 21.1 1.8 0 28.8 22.1 98 105 9.4 0.8
"81" "78" 2015-04-13 32.77 "MEM" "@" "GSW" "L" -4 1 25.3333333333333 0.281 0.25 7.4 11.8 9.1 10.7 1.9 0 0 19 84 114 3.8 -6.3
"82" "79" 2015-04-15 32.78 "MEM" "" "IND" "W" 12 1 16.1833333333333 0.333 0.333 0 6.6 3.5 0 3.6 0 25 11.9 57 104 0.6 -7.5
"1" "1" 2015-10-28 33.32 "MEM" "" "CLE" "L" -30 0 14.7333333333333 0.46 0.4 0 0 0 29 0 0 42.4 28.6 58 119 -0.7 -15.7
"2" "2" 2015-10-29 33.32 "MEM" "@" "IND" "W" 9 0 17.8 0.945 0.917 0 13.5 6.7 58.8 2.8 0 12.7 19.5 173 109 15.2 18.2
"3" "3" 2015-10-31 33.32 "MEM" "" "BRK" "W" 10 0 15.3 0.5 0.5 0 16.1 7.4 38.3 0 4.8 0 24.8 113 102 7 7.7
"4" "4" 2015-11-02 33.33 "MEM" "@" "GSW" "L" -50 0 15.1166666666667 0 0 0 14.8 5.8 61.1 3.1 0 0 13.7 31 116 1.2 -7.7
"5" "5" 2015-11-03 33.33 "MEM" "@" "SAC" "W" 14 0 21.2 0.429 0.429 0 0 0 20.5 2.4 0 30 20.6 72 96 0.4 -11.1
"6" "6" 2015-11-05 33.34 "MEM" "@" "POR" "L" -19 0 15.85 0.9 0.9 0 0 0 73 0 0 0 16.1 191 139 10.5 12.4
"7" "7" 2015-11-07 33.34 "MEM" "@" "UTA" "L" -10 0 7.61666666666667 0.667 0.667 0 0 0 0 0 0 25 22.7 86 105 1.7 -2.3
"8" "8" 2015-11-09 33.35 "MEM" "@" "LAC" "L" -2 0 12.7333333333333 0.143 0.143 18 9.9 14.1 12.1 0 0 22.2 31.8 42 109 -2.5 -21.3
"9" "" 2015-11-10 33.35 "MIA" "" "LAL" "W" 13 NA NA NA NA NA NA NA NA NA NA NA NA NA NA NA NA
"10" "9" 2015-11-12 33.36 "MIA" "" "UTA" "W" 1 0 17.3666666666667 0.333 0.333 0 16.6 9.3 8.3 0 0 25 10.7 62 101 0.9 -7.8
"11" "" 2015-11-17 33.37 "MIA" "" "MIN" "L" -12 NA NA NA NA NA NA NA NA NA NA NA NA NA NA NA NA
"12" "" 2015-11-19 33.38 "MIA" "" "SAC" "W" 7 NA NA NA NA NA NA NA NA NA NA NA NA NA NA NA NA
"13" "10" 2015-11-21 33.38 "MIA" "" "PHI" "W" 5 0 6.08333333333333 1 1 0 17.2 9 0 0 0 50 15.1 75 103 1 -7.4
"14" "" 2015-11-23 33.39 "MIA" "" "NYK" "W" 17 NA NA NA NA NA NA NA NA NA NA NA NA NA NA NA NA
"15" "11" 2015-11-25 33.39 "MIA" "@" "DET" "L" -23 0 9.66666666666667 0.5 0.5 0 0 0 73.5 0 0 0 10 145 131 3.4 4.3
"16" "12" 2015-11-27 33.4 "MIA" "@" "NYK" "W" 19 0 4.18333333333333 NA NA 0 0 0 34.8 0 0 100 11.4 41 94 -0.7 -14.2
"17" "" 2015-11-30 33.41 "MIA" "" "BOS" "L" -10 NA NA NA NA NA NA NA NA NA NA NA NA NA NA NA NA
"18" "" 2015-12-03 33.41 "MIA" "" "OKC" "W" 2 NA NA NA NA NA NA NA NA NA NA NA NA NA NA NA NA
"19" "13" 2015-12-05 33.42 "MIA" "" "CLE" "W" 15 0 3.71666666666667 1 1 0 0 0 0 0 0 0 13.5 200 100 1.7 6.2
"20" "" 2015-12-07 33.42 "MIA" "" "WAS" "L" -11 NA NA NA NA NA NA NA NA NA NA NA NA NA NA NA NA
"21" "14" 2015-12-09 33.43 "MIA" "@" "CHO" "L" -18 0 7.33333333333333 0.521 0.5 0 16.8 7.9 29.1 0 0 41 31.1 66 109 0.2 -13.9
"22" "15" 2015-12-11 33.44 "MIA" "@" "IND" "L" -13 0 14.2 0.5 0.5 0 15.4 7.5 10.7 3.5 0 50 12.8 56 97 1.3 -4.5
"23" "16" 2015-12-13 33.44 "MIA" "" "MEM" "W" 3 0 10.5166666666667 0.436 0.333 0 41.5 20.1 16.4 5.2 0 0 32.3 100 100 4.4 -1.3
"24" "17" 2015-12-14 33.44 "MIA" "@" "ATL" "W" 12 0 19.2166666666667 0.765 0.7 5.6 5.4 5.5 7.7 0 0 25.4 17.8 117 101 5.6 -0.7
"25" "18" 2015-12-16 33.45 "MIA" "@" "BRK" "W" 6 0 6.36666666666667 1 1 0 0 0 0 0 0 0 7.7 200 117 1.3 -4.3
"26" "19" 2015-12-18 33.45 "MIA" "" "TOR" "L" -14 0 21.7333333333333 0.625 0.625 0 18.4 9.2 14.4 0 0 20 11.7 106 125 3.5 -4.7
"27" "20" 2015-12-20 33.46 "MIA" "" "POR" "W" 7 0 20.25 0.258 0 0 6.8 3.3 11 0 0 20.5 11.9 68 126 0.6 -13.9
"28" "21" 2015-12-22 33.47 "MIA" "" "DET" "L" -1 1 33.9666666666667 0.636 0.636 3.4 6.9 5.1 29.1 0 0 0 15.8 147 118 13 2
"29" "22" 2015-12-25 33.47 "MIA" "" "NOP" "W" 6 0 12.8666666666667 0.694 0.5 0 15.5 8.1 53.4 4 0 41 17.2 104 82 5.4 8.4
"30" "23" 2015-12-26 33.48 "MIA" "@" "ORL" "W" 7 0 12.65 0.5 0.5 0 0 0 44.4 0 0 0 12 148 128 4.1 3.8
"31" "24" 2015-12-28 33.48 "MIA" "" "BRK" "L" -6 0 13.7333333333333 0.2 0.2 0 0 0 21.5 0 0 0 16.6 67 132 0.3 -13.5
"32" "25" 2015-12-29 33.48 "MIA" "@" "MEM" "L" -9 0 11.65 0 0 0 9.9 5.4 26 0 0 50 9 50 119 -0.8 -14
"33" "26" 2016-01-01 33.49 "MIA" "" "DAL" "W" 24 0 21.2666666666667 0.5 0.5 0 12.3 7.5 10.3 0 0 33.3 6.9 92 96 1.9 -4.1
"34" "27" 2016-01-03 33.5 "MIA" "@" "WAS" "W" 22 0 17.15 0.5 0.5 0 15 8.5 58.7 0 0 0 10.8 145 87 6.6 4.4
"35" "28" 2016-01-04 33.5 "MIA" "" "IND" "W" 3 0 7.7 0 0 0 27 12.9 40.5 0 0 0 18.1 33 102 -0.5 -13.3
"36" "29" 2016-01-06 33.51 "MIA" "" "NYK" "L" -8 0 12.2666666666667 0 0 0 28 11.3 10.6 0 0 50 15.4 13 118 -2.1 -18.2
"37" "" 2016-01-08 33.51 "MIA" "@" "PHO" "W" 8 NA NA NA NA NA NA NA NA NA NA NA NA NA NA NA NA
"38" "30" 2016-01-09 33.52 "MIA" "@" "UTA" "L" -15 0 19.9833333333333 0.417 0.417 0 33.1 12.6 32.9 2.7 0 25 18 86 109 4.2 -0.8
"39" "" 2016-01-11 33.52 "MIA" "@" "GSW" "L" -8 NA NA NA NA NA NA NA NA NA NA NA NA NA NA NA NA
"40" "31" 2016-01-13 33.53 "MIA" "@" "LAC" "L" -14 1 28.4333333333333 0.571 0.571 0 0 0 19.5 0 0 22.2 14.4 90 116 3.6 -5.6
"41" "32" 2016-01-15 33.53 "MIA" "@" "DEN" "W" 3 1 37.0166666666667 0.55 0.55 0 10 4.9 42.6 1.4 0 0 12.7 138 107 14.8 5.4
"42" "" 2016-01-17 33.54 "MIA" "@" "OKC" "L" -25 NA NA NA NA NA NA NA NA NA NA NA NA NA NA NA NA
"43" "" 2016-01-19 33.54 "MIA" "" "MIL" "L" -12 NA NA NA NA NA NA NA NA NA NA NA NA NA NA NA NA
"44" "" 2016-01-20 33.55 "MIA" "@" "WAS" "L" -19 NA NA NA NA NA NA NA NA NA NA NA NA NA NA NA NA
"45" "" 2016-01-22 33.55 "MIA" "@" "TOR" "L" -20 NA NA NA NA NA NA NA NA NA NA NA NA NA NA NA NA
"46" "33" 2016-01-25 33.56 "MIA" "@" "CHI" "W" 5 1 20.6 0.25 0.25 0 9 4.9 6.7 5 0 33.3 21.1 37 86 -1.3 -11.6
"47" "34" 2016-01-26 33.56 "MIA" "@" "BRK" "W" 4 1 30.1833333333333 0.75 0.75 0 22.7 11.5 16.5 1.7 0 0 9.6 155 108 11.3 1.8
"48" "35" 2016-01-29 33.57 "MIA" "@" "MIL" "W" 4 0 16.3833333333333 0.625 0.625 0 7.5 4 18.8 6.2 0 42.9 19.5 74 104 3.7 -2.2
"49" "36" 2016-01-31 33.58 "MIA" "" "ATL" "W" 18 0 25.0166666666667 0.429 0.429 4.9 0 2.5 11.5 2 0 36.4 19.1 66 92 0.2 -9.3
"50" "37" 2016-02-02 33.58 "MIA" "@" "HOU" "L" -13 0 24.5166666666667 0.4 0.4 0 19.1 9.2 28.7 0 0 16.7 10.3 99 121 4.2 -6.2
"51" "38" 2016-02-03 33.58 "MIA" "@" "DAL" "W" 3 0 14.7166666666667 0.571 0.571 0 19.2 9.8 27.2 0 0 22.2 27.9 91 104 4.6 -2.3
"52" "39" 2016-02-05 33.59 "MIA" "@" "CHO" "W" 3 0 15.4833333333333 0.333 0.333 0 14.4 7 16.8 0 0 14.3 19.7 68 106 1.6 -8.4
"53" "40" 2016-02-07 33.59 "MIA" "" "LAC" "L" -7 0 13.2666666666667 0.615 0.5 7.5 0 3.8 28.1 0 0 17 19.6 121 111 4.7 3.6
"54" "41" 2016-02-09 33.6 "MIA" "" "SAS" "L" -18 0 18.8333333333333 0.781 0.714 7.7 0 3.4 28.1 0 0 10.7 24.3 146 131 11.5 6.3
"55" "42" 2016-02-19 33.63 "MIA" "@" "ATL" "W" 4 0 14.6833333333333 0.25 0.25 0 0 0 24.1 0 0 25 22.9 58 117 -1.1 -16.7
"56" "43" 2016-02-20 33.63 "MIA" "" "WAS" "W" 20 0 18.0666666666667 0.394 0.375 5.1 13.3 9.5 13.6 0 0 25.3 27.4 74 99 1.8 -12.1
"57" "44" 2016-02-22 33.64 "MIA" "" "IND" "W" 8 0 6.23333333333333 NA NA 0 0 0 0 0 0 NA 0 0 97 -0.4 -11.2
"58" "" 2016-02-24 33.64 "MIA" "" "GSW" "L" -6 NA NA NA NA NA NA NA NA NA NA NA NA NA NA NA NA
"59" "" 2016-02-27 33.65 "MIA" "@" "BOS" "L" -12 NA NA NA NA NA NA NA NA NA NA NA NA NA NA NA NA
"60" "" 2016-02-28 33.65 "MIA" "@" "NYK" "W" 17 NA NA NA NA NA NA NA NA NA NA NA NA NA NA NA NA
"1" "1" 2016-10-26 34.31 "DET" "@" "TOR" "L" -18 0 14.75 0.37 0.2 0 7.1 3.6 20.5 0 0 0 20.6 91 120 2.8 -5.3
"2" "2" 2016-10-28 34.32 "DET" "" "ORL" "W" 26 0 19.5333333333333 0.65 0.65 0 8.5 5.1 36.9 0 0 0 22.4 144 95 11.7 7.5
"3" "3" 2016-10-30 34.32 "DET" "" "MIL" "W" 15 0 16.85 0.6 0.6 0 16.4 8.7 56.1 0 0 50 25.5 77 93 3 -8.9
"4" "4" 2016-11-01 34.33 "DET" "" "NYK" "W" 13 0 16.3833333333333 0.333 0.333 0 6.4 3.2 9.1 0 0 18.2 29.8 60 102 -1.3 -19
"5" "5" 2016-11-02 34.33 "DET" "@" "BRK" "L" -8 0 16.9666666666667 0.506 0.444 5.7 0 3.4 44.1 2.9 0 0 25.4 122 115 9.8 6.1
"6" "6" 2016-11-05 34.34 "DET" "" "DEN" "W" 17 0 19.7 0.583 0.583 0 13.5 7.7 44.7 0 0 25 18.3 109 96 7.1 0.4
"7" "7" 2016-11-07 34.34 "DET" "@" "LAC" "L" -32 0 24.35 0.282 0.188 3.6 6.6 4.6 14.1 2.1 0 0 16.8 76 123 2.4 -6.2
"8" "8" 2016-11-09 34.35 "DET" "@" "PHO" "L" -7 0 15.7 0.092 0 0 7.3 3.4 28.7 3 0 26.9 19.9 33 107 -1.9 -18.1
"9" "9" 2016-11-11 34.35 "DET" "@" "SAS" "L" -10 0 18.1333333333333 0.721 0.643 0 12.3 6.1 0 0 0 10.7 25.6 128 115 7.9 5.4
"10" "10" 2016-11-12 34.36 "DET" "@" "DEN" "W" 11 0 17.5166666666667 0.643 0.643 0 0 0 39.1 0 0 0 18.2 150 118 9.2 8.1
"11" "11" 2016-11-14 34.36 "DET" "" "OKC" "W" 16 0 17.9 0.714 0.714 0 19.2 10.9 36.2 0 0 12.5 19.9 129 90 10.1 5.6
"12" "12" 2016-11-16 34.37 "DET" "@" "NYK" "L" -3 0 12.9333333333333 0.47 0.429 0 0 0 12 0 0 0 27.5 104 127 4 -5.2
"13" "13" 2016-11-18 34.37 "DET" "@" "CLE" "L" -23 0 16.5166666666667 0.381 0.286 0 15.3 6.1 37.6 0 0 0 21 91 113 3.8 -5.8
"14" "14" 2016-11-19 34.38 "DET" "" "BOS" "L" -2 0 15.3666666666667 0.68 0.6 0 13 6.5 45.2 0 0 0 18.7 155 114 9.1 8.5
"15" "15" 2016-11-21 34.38 "DET" "" "HOU" "L" -3 0 16.3833333333333 0.75 0.75 0 15 6.9 62 3.2 0 33.3 7.9 143 105 7.5 10.9
"16" "16" 2016-11-23 34.39 "DET" "" "MIA" "W" 23 0 29.8666666666667 0.505 0.5 8 3.5 5.6 25.1 1.7 0 7.8 19.7 116 96 10.7 1.9
"17" "17" 2016-11-25 34.39 "DET" "" "LAC" "W" 11 0 13.8166666666667 0.333 0.333 0 17.8 9.3 0 0 0 0 20.2 73 110 1.2 -11.8
"18" "18" 2016-11-26 34.39 "DET" "@" "OKC" "L" -18 0 17.1666666666667 1 1 7.2 7.8 7.5 19.5 0 0 0 8.6 201 124 7.5 5.7
"19" "19" 2016-11-29 34.4 "DET" "@" "CHO" "W" 23 0 20.0666666666667 0.7 0.7 0 6 2.8 44.3 2.5 0 16.7 13.3 145 95 9.1 7.5
"20" "20" 2016-11-30 34.41 "DET" "@" "BOS" "W" 7 0 12.0666666666667 0 0 0 8.3 4.7 16.6 0 0 25 14.8 36 130 -1.4 -21.1
"21" "21" 2016-12-02 34.41 "DET" "@" "ATL" "W" 36 0 15.5166666666667 0.854 0.833 0 12.6 7.2 28.5 0 0 13.4 21.1 156 93 10.1 7.4
"22" "" 2016-12-04 34.42 "DET" "" "ORL" "L" -6 NA NA NA NA NA NA NA NA NA NA NA NA NA NA NA NA
"23" "" 2016-12-06 34.42 "DET" "" "CHI" "W" 11 NA NA NA NA NA NA NA NA NA NA NA NA NA NA NA NA
"24" "" 2016-12-07 34.42 "DET" "@" "CHO" "L" -10 NA NA NA NA NA NA NA NA NA NA NA NA NA NA NA NA
"25" "22" 2016-12-09 34.43 "DET" "@" "MIN" "W" 27 0 4.03333333333333 1.136 NA 0 0 0 28.3 0 0 0 10.4 246 107 2.7 12.3
"26" "" 2016-12-11 34.44 "DET" "" "PHI" "L" -18 NA NA NA NA NA NA NA NA NA NA NA NA NA NA NA NA
"27" "" 2016-12-14 34.44 "DET" "@" "DAL" "W" 10 NA NA NA NA NA NA NA NA NA NA NA NA NA NA NA NA
"28" "23" 2016-12-16 34.45 "DET" "@" "WAS" "L" -14 0 6.2 1.33 1.5 0 0 0 67.8 0 0 0 14 260 138 6.8 30.9
"29" "" 2016-12-17 34.45 "DET" "" "IND" "L" -15 NA NA NA NA NA NA NA NA NA NA NA NA NA NA NA NA
"30" "24" 2016-12-19 34.46 "DET" "@" "CHI" "L" -31 0 5.88333333333333 1 1 0 0 0 63.1 0 0 0 8.2 203 136 3.1 6
"31" "" 2016-12-21 34.46 "DET" "" "MEM" "L" -12 NA NA NA NA NA NA NA NA NA NA NA NA NA NA NA NA
"32" "" 2016-12-23 34.47 "DET" "" "GSW" "L" -6 NA NA NA NA NA NA NA NA NA NA NA NA NA NA NA NA
"33" "" 2016-12-26 34.48 "DET" "" "CLE" "W" 16 NA NA NA NA NA NA NA NA NA NA NA NA NA NA NA NA
"34" "" 2016-12-28 34.48 "DET" "" "MIL" "L" -25 NA NA NA NA NA NA NA NA NA NA NA NA NA NA NA NA
"35" "" 2016-12-30 34.49 "DET" "@" "ATL" "L" -7 NA NA NA NA NA NA NA NA NA NA NA NA NA NA NA NA
"36" "" 2017-01-01 34.49 "DET" "@" "MIA" "W" 9 NA NA NA NA NA NA NA NA NA NA NA NA NA NA NA NA
"37" "" 2017-01-03 34.5 "DET" "" "IND" "L" -5 NA NA NA NA NA NA NA NA NA NA NA NA NA NA NA NA
"38" "" 2017-01-05 34.5 "DET" "" "CHO" "W" 1 NA NA NA NA NA NA NA NA NA NA NA NA NA NA NA NA
"39" "" 2017-01-08 34.51 "DET" "@" "POR" "W" 1 NA NA NA NA NA NA NA NA NA NA NA NA NA NA NA NA
"40" "" 2017-01-10 34.52 "DET" "@" "SAC" "L" -6 NA NA NA NA NA NA NA NA NA NA NA NA NA NA NA NA
"41" "25" 2017-01-12 34.52 "DET" "@" "GSW" "L" -20 0 11.3833333333333 0.34 0.2 0 0 0 43.5 4 0 14.5 25.1 88 118 3.7 -1.6
"42" "26" 2017-01-13 34.53 "DET" "@" "UTA" "L" -33 0 20.8333333333333 0.563 0.563 0 5.9 2.8 77.6 0 0 27.3 26.4 97 127 6.8 0
"43" "27" 2017-01-15 34.53 "DET" "@" "LAL" "W" 5 0 0.0166666666666667 NA NA 0 0 0 0 0 0 NA 0 0 109 0 -13.7
"44" "" 2017-01-18 34.54 "DET" "" "ATL" "W" 23 NA NA NA NA NA NA NA NA NA NA NA NA NA NA NA NA
"45" "" 2017-01-21 34.55 "DET" "" "WAS" "W" 1 NA NA NA NA NA NA NA NA NA NA NA NA NA NA NA NA
"46" "" 2017-01-23 34.55 "DET" "" "SAC" "L" -5 NA NA NA NA NA NA NA NA NA NA NA NA NA NA NA NA
"47" "" 2017-01-28 34.57 "DET" "@" "MIA" "L" -13 NA NA NA NA NA NA NA NA NA NA NA NA NA NA NA NA
"48" "28" 2017-01-30 34.57 "DET" "@" "BOS" "L" -4 0 0.133333333333333 NA NA 0 0 0 0 0 0 NA 0 0 122 0 -12.3
"49" "" 2017-02-01 34.58 "DET" "" "NOP" "W" 20 NA NA NA NA NA NA NA NA NA NA NA NA NA NA NA NA
"50" "29" 2017-02-03 34.58 "DET" "" "MIN" "W" 8 0 0.133333333333333 NA NA 0 0 0 0 0 0 NA 0 0 120 0 -12.6
"51" "" 2017-02-04 34.59 "DET" "@" "IND" "L" -21 NA NA NA NA NA NA NA NA NA NA NA NA NA NA NA NA
"52" "" 2017-02-06 34.59 "DET" "" "PHI" "W" 17 NA NA NA NA NA NA NA NA NA NA NA NA NA NA NA NA
"53" "30" 2017-02-08 34.6 "DET" "" "LAL" "W" 19 0 3.98333333333333 0 0 0 0 0 47.3 0 0 33.3 29.7 37 104 -1 -24.5
"54" "" 2017-02-10 34.6 "DET" "" "SAS" "L" -11 NA NA NA NA NA NA NA NA NA NA NA NA NA NA NA NA
"55" "" 2017-02-12 34.61 "DET" "@" "TOR" "W" 1 NA NA NA NA NA NA NA NA NA NA NA NA NA NA NA NA
"56" "" 2017-02-13 34.61 "DET" "@" "MIL" "L" -13 NA NA NA NA NA NA NA NA NA NA NA NA NA NA NA NA
"57" "" 2017-02-15 34.62 "DET" "" "DAL" "W" 7 NA NA NA NA NA NA NA NA NA NA NA NA NA NA NA NA
"58" "" 2017-02-23 34.64 "DET" "" "CHO" "W" 6 NA NA NA NA NA NA NA NA NA NA NA NA NA NA NA NA
"59" "" 2017-02-26 34.65 "DET" "" "BOS" "L" -6 NA NA NA NA NA NA NA NA NA NA NA NA NA NA NA NA
"60" "" 2017-02-28 34.65 "DET" "" "POR" "W" 7 NA NA NA NA NA NA NA NA NA NA NA NA NA NA NA NA
"61" "" 2017-03-01 34.65 "DET" "@" "NOP" "L" -23 NA NA NA NA NA NA NA NA NA NA NA NA NA NA NA NA
"62" "" 2017-03-04 34.66 "DET" "@" "PHI" "W" 30 NA NA NA NA NA NA NA NA NA NA NA NA NA NA NA NA
"63" "" 2017-03-06 34.67 "DET" "" "CHI" "W" 14 NA NA NA NA NA NA NA NA NA NA NA NA NA NA NA NA
"64" "" 2017-03-08 34.67 "DET" "@" "IND" "L" -17 NA NA NA NA NA NA NA NA NA NA NA NA NA NA NA NA
"65" "" 2017-03-09 34.68 "DET" "" "CLE" "W" 5 NA NA NA NA NA NA NA NA NA NA NA NA NA NA NA NA
"66" "" 2017-03-11 34.68 "DET" "" "NYK" "W" 20 NA NA NA NA NA NA NA NA NA NA NA NA NA NA NA NA
"67" "" 2017-03-14 34.69 "DET" "@" "CLE" "L" -32 NA NA NA NA NA NA NA NA NA NA NA NA NA NA NA NA
"68" "" 2017-03-15 34.69 "DET" "" "UTA" "L" -14 NA NA NA NA NA NA NA NA NA NA NA NA NA NA NA NA
"69" "" 2017-03-17 34.7 "DET" "" "TOR" "L" -12 NA NA NA NA NA NA NA NA NA NA NA NA NA NA NA NA
"70" "" 2017-03-19 34.7 "DET" "" "PHO" "W" 17 NA NA NA NA NA NA NA NA NA NA NA NA NA NA NA NA
"71" "" 2017-03-21 34.71 "DET" "@" "BRK" "L" -2 NA NA NA NA NA NA NA NA NA NA NA NA NA NA NA NA
"72" "31" 2017-03-22 34.71 "DET" "@" "CHI" "L" -22 0 3.01666666666667 NA NA 0 45.5 19.9 0 0 0 NA 0 0 128 0.3 -11
"73" "32" 2017-03-24 34.72 "DET" "@" "ORL" "L" -28 0 12 0 0 0 18.2 8.2 23.5 0 0 66.7 10.6 23 119 -1.1 -20.9
"74" "33" 2017-03-27 34.73 "DET" "@" "NYK" "L" -14 0 12.9666666666667 0.75 0.75 0 32.7 14.1 44.6 3.8 0 55.6 29.9 72 107 3.4 -5.5
"75" "34" 2017-03-28 34.73 "DET" "" "MIA" "L" -1 0 16.9166666666667 0.436 0.333 0 18.5 9 37.4 3.2 0 0 18.4 122 104 6.5 2
"76" "35" 2017-03-30 34.73 "DET" "" "BRK" "W" 1 0 16.0666666666667 0.51 0.4 0 17.9 9.1 49.8 3.1 0 14.5 18.8 113 89 7.3 4.3
"77" "36" 2017-03-31 34.74 "DET" "@" "MIL" "L" -3 0 21.05 0.735 0.7 0 5 2.5 76.4 5 0 8.4 25.8 150 104 18.3 21.7
"78" "37" 2017-04-05 34.75 "DET" "" "TOR" "L" -3 0 18.3833333333333 0.508 0.429 0 19.6 9.7 61.1 0 0 11.3 22.5 127 116 9.4 3.9
"79" "38" 2017-04-07 34.76 "DET" "@" "HOU" "W" 5 0 18.5 0.286 0.286 4.5 0 2.5 31.8 2.6 0 12.5 17.1 86 111 3.3 -5.6
"80" "39" 2017-04-09 34.76 "DET" "@" "MEM" "W" 13 0 21.2166666666667 0.786 0.786 0 12.2 6 40.9 0 0 22.2 19 139 107 9.8 4.5
"81" "" 2017-04-10 34.76 "DET" "" "WAS" "L" -4 NA NA NA NA NA NA NA NA NA NA NA NA NA NA NA NA
"82" "" 2017-04-12 34.77 "DET" "@" "ORL" "L" -4 NA NA NA NA NA NA NA NA NA NA NA NA NA NA NA NA
