"Rk" "G" "Date" "Age" "Tm" "H/A" "Opp" "W/L" "By Amt" "GS" "MP" "TS%" "eFG%" "ORB%" "DRB%" "TRB%" "AST%" "STL%" "BLK%" "TOV%" "USG%" "ORtg" "DRtg" "GmSc" "BPM"
"1" "1" 1993-11-05 21.94 "LAL" "" "PHO" "W" 8 1 31 0.779 0.769 0 11.9 5.2 36.4 0 0 16.9 21.3 136 109 19 8.2
"2" "2" 1993-11-06 21.94 "LAL" "@" "SEA" "L" -28 1 36 0.546 0.385 5.8 4.2 5.1 21.1 4.1 0 5.4 21.4 130 131 18.3 6
"3" "3" 1993-11-09 21.95 "LAL" "" "POR" "L" -7 1 37 0.362 0.375 0 13.2 7.1 34.3 3.9 0 19.4 16.7 89 104 8.7 -0.4
"4" "4" 1993-11-10 21.95 "LAL" "@" "SAC" "L" -11 1 43 0.444 0.357 0 13.6 6.1 31 1.2 0 6 15.9 118 120 13.2 -1.4
"5" "5" 1993-11-12 21.96 "LAL" "" "DEN" "L" -29 1 40 0.355 0.313 0 3 1.3 20.9 1.3 0 0 17.4 93 124 6.9 -5.9
"6" "6" 1993-11-14 21.96 "LAL" "" "CLE" "W" 7 1 41 0.353 0.273 0 17.1 9.2 19.3 1.3 0 7.3 15.5 93 111 7.7 -5.2
"7" "7" 1993-11-16 21.97 "LAL" "" "LAC" "W" 2 1 44 0.361 0.361 9.8 8.1 9.1 31.1 1.1 0 0 15.6 118 103 14.1 1.1
"8" "8" 1993-11-18 21.98 "LAL" "@" "GSW" "L" -27 1 34 0.458 0.458 2.8 5.3 4.1 29.8 3 0 25 19.5 81 110 5.5 -3
"9" "9" 1993-11-19 21.98 "LAL" "" "CHI" "L" -2 1 38 0.324 0.269 5.3 9.4 7.4 36.4 1.4 0 17.8 19.5 84 101 7.2 -4.9
"10" "10" 1993-11-21 21.98 "LAL" "@" "NJN" "L" -3 1 33 0.5 0.5 6.9 4.9 5.8 4.2 2.9 0 0 14.7 115 107 9.2 0.1
"11" "11" 1993-11-23 21.99 "LAL" "@" "ATL" "L" -9 1 41 0.527 0.55 2.1 0 1.1 20 0 0 16.1 24.8 98 116 11.4 -2.1
"12" "12" 1993-11-24 21.99 "LAL" "@" "CHH" "L" -17 1 23 0.813 0.813 0 5.1 2.1 25.1 1.9 0 11.1 15 149 130 12 5.7
"13" "13" 1993-11-26 22 "LAL" "@" "IND" "W" 2 1 26 0.5 0.5 0 4.4 2.2 20.7 0 0 0 13.6 114 114 5.5 -6.4
"14" "14" 1993-11-27 22 "LAL" "@" "MIN" "W" 4 1 27 0.5 0.5 0 12.7 6.8 29.7 2 0 20 17.3 97 108 7 -4.2
"15" "15" 1993-12-01 22.01 "LAL" "" "DAL" "W" 33 1 32 0.722 0.722 0 0 0 38.8 1.5 0 25 15.9 131 99 14 2.8
"16" "16" 1993-12-04 22.02 "LAL" "@" "LAC" "W" 7 1 21 0.333 0.333 0 26.9 15.1 41.6 0 0 0 13.2 111 105 6.9 -3.1
"17" "17" 1993-12-05 22.02 "LAL" "" "MIN" "L" -2 1 25 0.342 0.286 5.8 13.7 9.4 40.5 0 0 0 17.1 108 123 6.1 -5.4
"18" "18" 1993-12-07 22.03 "LAL" "" "NYK" "L" -14 1 41 0.402 0.333 0 7.6 3.6 24.9 0 0 8.2 13.3 89 103 5.3 -5.5
"19" "19" 1993-12-10 22.04 "LAL" "@" "POR" "L" -18 1 35 0.189 0.133 8.8 7 8 11.7 1.4 0 11.2 21.3 56 120 -1.1 -13.5
"20" "20" 1993-12-12 22.04 "LAL" "" "GSW" "L" -3 1 41 0.508 0.429 0 2.8 1.7 20.1 0 0 11.3 20.7 100 117 10.3 -6.2
"21" "21" 1993-12-14 22.05 "LAL" "@" "DET" "W" 6 1 34 0.576 0.538 0 16 7.9 13.4 3.1 0 0 18.8 125 99 13.7 3.7
"22" "22" 1993-12-16 22.05 "LAL" "@" "NYK" "L" -23 1 37 0.385 0.344 2.4 5.2 3.8 34.3 0 0 5.6 20.3 92 118 8.2 -2.3
"23" "23" 1993-12-17 22.05 "LAL" "@" "PHI" "L" -11 1 30 0.26 0.231 3.4 3.9 3.6 42.4 1.7 0 13 22.6 76 119 4.3 -8.7
"24" "24" 1993-12-19 22.06 "LAL" "@" "CLE" "L" -30 1 40 0.581 0.542 2.8 4.1 3.3 32.2 2.5 0 6.8 16.9 123 129 16.8 3.4
"25" "25" 1993-12-21 22.07 "LAL" "@" "ORL" "W" 7 1 27 0.417 0.417 4.6 3.7 4.1 23.1 3.9 0 0 9.9 135 110 7.7 2.4
"26" "26" 1993-12-23 22.07 "LAL" "@" "MIA" "L" -17 1 27 0.563 0.5 0 3.6 1.9 30.5 3.8 0 0 23.7 127 116 14.3 8.6
"27" "27" 1993-12-26 22.08 "LAL" "" "HOU" "L" -25 1 25 0.714 0.714 0 9.8 4.3 19 1.9 0 12.5 13.3 125 115 8.2 1.8
"28" "28" 1993-12-29 22.09 "LAL" "" "SEA" "L" -7 1 18 0.143 0.143 0 7 2.7 8.2 0 0 0 15.6 44 109 -1.5 -13.7
"29" "29" 1994-01-02 22.1 "LAL" "@" "SAS" "L" -2 1 19 0 0 5.9 0 3.2 6.8 0 0 33.3 15.2 21 115 -4.2 -20.8
"30" "30" 1994-01-04 22.1 "LAL" "@" "DEN" "W" 1 1 23 0.752 0.7 0 0 0 6.1 0 0 7.3 24.4 144 124 12.9 3
"31" "31" 1994-01-05 22.11 "LAL" "@" "SAC" "L" -8 1 26 0.5 0.5 0 8.6 3.9 15.2 2 0 22.2 13.9 99 115 4.6 -3.6
"32" "32" 1994-01-07 22.11 "LAL" "" "LAC" "W" 3 1 22 0.509 0.409 0 9.7 5 30.9 0 0 7.3 26.6 112 112 9.3 -2.7
"33" "33" 1994-01-09 22.12 "LAL" "" "SAS" "L" -6 1 27 0.607 0.577 0 5.2 2.2 0 0 0 11.3 28.9 105 111 9.4 2.1
"34" "34" 1994-01-11 22.12 "LAL" "" "GSW" "L" -5 1 37 0.794 0.767 0 0 0 31 1.3 1.8 14.5 21.3 145 123 22.7 9.2
"35" "35" 1994-01-14 22.13 "LAL" "" "CHH" "L" -8 1 34 0.69 0.69 3.2 3.7 3.4 24.9 2.9 0 12.5 27.8 133 135 22.9 9.3
"36" "36" 1994-01-18 22.14 "LAL" "@" "SEA" "L" -15 1 33 0.519 0.5 0 3.1 1.5 14.3 0 1.7 12.4 28.8 107 121 10.1 3.1
"37" "37" 1994-01-20 22.15 "LAL" "" "PHO" "W" 5 1 32 0.506 0.55 0 10.5 5.2 23.7 1.5 0 15.5 16.5 98 106 8.5 -2.1
"38" "38" 1994-01-21 22.15 "LAL" "@" "POR" "L" -18 1 42 0.433 0.433 0 10.1 3.9 37.9 1.1 1.5 16.7 16.7 90 111 10.3 -1.7
"39" "39" 1994-01-26 22.16 "LAL" "" "IND" "W" 4 1 33 0.504 0.5 0 5.8 3.2 24 0 0 11.2 23 110 118 8.8 -4.2
"40" "40" 1994-01-28 22.17 "LAL" "" "DET" "W" 8 1 41 0.571 0.571 0 13 6.2 26.2 3.7 0 12.5 15.6 128 102 16.3 3.1
"41" "41" 1994-02-01 22.18 "LAL" "@" "SAS" "L" -15 1 36 0.607 0.556 2.6 10.9 6.6 20.5 1.5 0 4.8 26.1 127 127 18.9 5.4
"42" "42" 1994-02-03 22.19 "LAL" "@" "HOU" "L" -11 1 34 0.253 0.167 2.4 4.2 3 8.9 0 0 0 23.5 78 116 -1 -12.1
"43" "43" 1994-02-04 22.19 "LAL" "@" "DAL" "W" 8 1 42 0.325 0.306 0 10.4 4.9 14.2 2.5 0 9.8 19.8 83 99 4.2 -8.9
"44" "44" 1994-02-06 22.19 "LAL" "" "UTA" "W" 17 1 4 0 0 0 0 0 30 0 0 50 21.3 26 109 -2.6 -42.6
"45" "45" 1994-02-08 22.2 "LAL" "" "PHO" "W" 3 1 20 0.457 0.357 0 5.7 2.7 25.1 0 0 10.2 20.3 109 117 5.6 -3.5
"46" "46" 1994-02-09 22.2 "LAL" "@" "UTA" "W" 7 1 37 0.396 0.2 0 11 5.8 23.3 1.5 0 19.2 18.8 90 109 6.4 -4.3
"47" "47" 1994-02-10 22.21 "LAL" "" "SAC" "L" -19 1 44 0.393 0.316 4.2 2.8 3.6 18.5 1.2 0 15.6 24.6 84 118 7.1 -7.6
"48" "48" 1994-02-15 22.22 "LAL" "" "LAC" "L" -11 1 35 0.381 0.429 2.2 11.7 6.3 32.4 2.8 0 33.7 13.3 72 104 7 -5.9
"49" "49" 1994-02-18 22.23 "LAL" "@" "PHO" "L" -17 1 37 0.504 0.5 0 5 3 16.3 0 0 21.2 23.2 94 130 5.8 -10.2
"50" "50" 1994-02-20 22.23 "LAL" "" "PHI" "W" 12 1 32 0.446 0.4 0 21.9 11.1 24.3 6 0 4.5 28.6 100 86 17.5 5.2
"51" "51" 1994-02-24 22.24 "LAL" "@" "SAC" "L" -12 1 40 0.296 0.25 0 3.2 1.4 19.9 1.3 0 15.1 22.3 64 114 2.2 -9.8
"52" "52" 1994-02-25 22.25 "LAL" "" "SAS" "L" -16 1 42 0.431 0.4 0 0 0 20 2.4 0 0 20.5 107 136 12.5 -3.6
"53" "53" 1994-02-27 22.25 "LAL" "" "BOS" "W" 3 1 35 0.375 0.375 3.2 12.9 7.3 42.7 1.4 0 7.7 16.5 102 103 11.4 0.5
"54" "54" 1994-03-02 22.26 "LAL" "@" "CHI" "W" 8 1 41 0.557 0.528 2.5 7.5 5 17.5 0 0 4.8 23.7 130 115 14.8 4.2
"55" "55" 1994-03-04 22.27 "LAL" "@" "BOS" "L" -10 1 38 0.673 0.667 4.9 11.8 8 22.9 2.7 0 13.4 24.6 126 115 20.9 12
"56" "56" 1994-03-05 22.27 "LAL" "@" "WSB" "L" -6 1 42 0.481 0.444 0 9.3 4.3 19.5 3.4 0 13.2 21.9 100 123 13.4 -3
"57" "57" 1994-03-07 22.27 "LAL" "@" "MIL" "W" 22 1 34 0.606 0.5 2.8 13.8 7.8 19.1 2.9 0 0 15.5 153 89 17.3 5.8
"58" "58" 1994-03-10 22.28 "LAL" "" "DAL" "W" 5 1 34 0.715 0.727 0 9.4 5.4 27.8 1.6 0 14.4 18.5 135 115 16.1 4.4
"59" "59" 1994-03-13 22.29 "LAL" "@" "MIN" "W" 2 1 27 0.571 0.5 0 3.6 2 25.7 4 0 10.2 17.5 114 101 10 3.8
"60" "60" 1994-03-14 22.29 "LAL" "@" "UTA" "L" -1 1 36 0.656 0.633 0 7.6 3.3 0 0 0 10.7 23.4 120 118 12.1 1.8
"61" "61" 1994-03-16 22.3 "LAL" "" "WSB" "W" 35 1 34 0.671 0.577 6 10.1 7.9 34.1 0 0 11.3 19.5 160 105 22.3 9.2
"62" "62" 1994-03-18 22.3 "LAL" "" "NJN" "L" -12 1 34 0.267 0.267 0 10.3 4.7 41.1 0 0 0 18.4 87 118 6.2 -5.3
"63" "63" 1994-03-20 22.31 "LAL" "" "ORL" "W" 6 1 44 0.458 0.447 2.3 20 11.4 23.7 1.2 0 4.6 20.9 114 96 14.8 1.1
"64" "64" 1994-03-21 22.31 "LAL" "" "MIA" "W" 3 1 37 0.091 0.091 2.9 10.4 6.9 21.8 0 0 26.7 18 39 97 -4 -16.5
"65" "65" 1994-03-23 22.32 "LAL" "@" "DAL" "W" 3 1 37 0.914 0.929 3.6 3.2 3.4 25.1 0 0 11.5 20.9 162 123 24.6 10.5
"66" "66" 1994-03-24 22.32 "LAL" "@" "HOU" "L" -6 1 34 0.405 0.405 6.1 12.5 8.8 24.4 0 0 4.5 27.6 96 121 9.8 -3.5
"67" "67" 1994-03-27 22.33 "LAL" "" "MIL" "W" 9 1 33 0.33 0.273 0 2.7 1.5 29 2.9 1.9 12.8 19.6 91 106 6.7 -3.6
"68" "68" 1994-03-29 22.33 "LAL" "" "MIN" "W" 2 1 33 0.412 0.393 6.8 6.3 6.5 35.6 4.9 0 16 24.3 95 99 11.2 3.7
"69" "69" 1994-03-31 22.34 "LAL" "@" "SEA" "L" -3 1 33 0.722 0.722 0 8.8 4.3 21 0 0 25 18.2 110 118 6.7 -4.1
"70" "70" 1994-04-01 22.34 "LAL" "" "HOU" "W" 13 1 39 0.681 0.643 0 8.6 3.8 22.9 1.3 1.9 8.1 26 137 97 22.5 12
"71" "71" 1994-04-03 22.35 "LAL" "" "ATL" "W" 13 1 37 0.571 0.571 2.9 9.7 6.2 33.9 4.3 0 17.6 19.7 118 97 16.8 9.4
"72" "72" 1994-04-06 22.36 "LAL" "" "SAC" "W" 5 1 34 0.393 0.393 0 7.3 3.8 26.4 0 0 0 18.7 108 125 8.6 -6
"73" "73" 1994-04-08 22.36 "LAL" "" "DEN" "L" -13 1 41 0.333 0.333 3.3 6.3 4.9 35.3 3.8 0 21.1 20.4 83 122 8 -6.6
"74" "74" 1994-04-09 22.36 "LAL" "@" "POR" "L" -8 1 26 0.282 0.25 3.7 8.6 6 19.8 0 0 18.4 17.2 69 119 1.5 -9.5
"75" "75" 1994-04-12 22.37 "LAL" "" "GSW" "L" -11 1 39 0.375 0.375 0 0 0 30.5 1.2 3 9.1 22.8 97 127 9.9 -6.3
"76" "76" 1994-04-13 22.38 "LAL" "@" "PHO" "L" -29 1 28 0.619 0.563 0 3.6 1.7 42.7 3.5 0 10.1 13.9 133 118 13.1 7.7
"77" "77" 1994-04-15 22.38 "LAL" "" "POR" "L" -5 1 44 0.621 0.583 3.1 10.6 7.2 32.6 2.4 0 18.9 16.1 123 116 17.1 5.5
"78" "78" 1994-04-16 22.38 "LAL" "@" "LAC" "L" -5 1 36 0.576 0.543 0 10.5 4.4 25 3 1.7 3.9 27.8 144 119 21.6 13
"79" "79" 1994-04-20 22.39 "LAL" "" "SEA" "L" -22 0 6 0 0 0 0 0 22.9 0 0 60 32.9 8 122 -4.1 -40.4
"80" "80" 1994-04-23 22.4 "LAL" "@" "GSW" "L" -35 1 24 0.125 0.125 0 13.3 5.7 27.8 0 0 11.1 14.9 49 129 -0.6 -15.3
"81" "81" 1994-04-24 22.41 "LAL" "" "UTA" "L" -6 1 41 0.434 0.386 2.5 7.8 5.1 42.5 2.4 0 19.9 30.6 89 108 10.7 -2.1
"1" "1" 1994-11-04 22.94 "LAL" "@" "DET" "W" 17 1 39 0.968 0.933 0 4.3 2.6 21 1.2 0 14.2 24.1 160 106 29.5 14.5
"2" "2" 1994-11-05 22.94 "LAL" "@" "MIL" "L" -1 1 42 0.524 0.462 0 0 0 7.1 2.4 0 17.3 19.4 92 110 8.3 -4.3
"3" "3" 1994-11-08 22.95 "LAL" "@" "NYK" "L" -4 1 37 0.724 0.679 0 0 0 32.5 1.3 0 21.8 22.5 126 122 17.9 6.6
"4" "4" 1994-11-09 22.95 "LAL" "@" "MIN" "W" 23 1 29 0.436 0.389 0 7.2 3.6 20.7 8.3 0 22.5 18.2 89 91 8.4 -0.6
"5" "5" 1994-11-11 22.96 "LAL" "" "DEN" "L" -7 1 35 0.626 0.633 0 10.3 4.3 47.7 1.3 0 5.6 19.8 135 114 21.1 8.1
"6" "6" 1994-11-12 22.96 "LAL" "@" "GSW" "L" -22 1 37 0.47 0.364 0 2.9 1.2 40.4 1.2 0 13.6 14.5 110 121 11.8 -0.6
"7" "7" 1994-11-15 22.97 "LAL" "@" "LAC" "W" 10 1 32 0.304 0.278 0 6 3.7 30.8 0 0 33.6 21.6 65 105 0.9 -14.1
"8" "8" 1994-11-16 22.97 "LAL" "" "NYK" "L" -21 1 25 0.085 0 0 5.2 2 27.4 1.9 0 14.5 10.7 49 118 0.5 -12.6
"9" "9" 1994-11-18 22.98 "LAL" "" "CLE" "W" 2 1 42 0.635 0.688 0 12.7 5.1 46.2 3.8 0 10.4 21 124 89 22 12.9
"10" "10" 1994-11-23 22.99 "LAL" "" "DAL" "W" 12 1 32 0.75 0.75 0 6 3.4 30 4.6 0 23.1 18 125 108 16.2 6.7
"11" "11" 1994-11-25 22.99 "LAL" "@" "ATL" "W" 5 1 33 0.6 0.6 0 3.4 1.7 21 3.1 0 33.3 19.9 84 98 7.1 -2.4
"12" "12" 1994-11-26 23 "LAL" "@" "WSB" "W" 16 1 39 0.569 0.556 2.7 8.8 6.1 45.5 2.5 0 4.9 20.7 141 98 23.8 12.8
"13" "13" 1994-11-29 23.01 "LAL" "@" "NJN" "W" 9 1 47 0.386 0.364 2 10.6 6.2 32.5 4.2 0 17.7 24.2 89 99 14.5 0.2
"14" "14" 1994-11-30 23.01 "LAL" "@" "CLE" "L" -38 1 33 0.472 0.375 0 0 0 24.1 0 0 0 20.1 110 139 8.6 -2.2
"15" "15" 1994-12-02 23.01 "LAL" "" "HOU" "W" 18 1 29 0.34 0.25 0 3.7 1.7 25 5.2 0 20.3 21.9 77 92 4.7 -7
"16" "16" 1994-12-06 23.02 "LAL" "" "GSW" "W" 12 1 42 0.495 0.5 0 9.7 4.4 42.1 2.3 0 22.9 24.5 103 104 14.8 -0.5
"17" "17" 1994-12-09 23.03 "LAL" "" "LAC" "L" -25 1 31 0.437 0.447 3 11.3 6.7 41.1 1.6 1.9 9.3 26.2 103 112 10.8 4.8
"18" "18" 1994-12-13 23.04 "LAL" "@" "DAL" "W" 7 1 43 0.691 0.667 0 11.8 5.2 35.3 3.4 0 3.8 25.1 154 113 32.8 14.6
"19" "19" 1994-12-15 23.05 "LAL" "@" "HOU" "W" 3 1 35 0.363 0.292 3 11 7.1 29.2 2.9 0 17.9 20.6 85 100 8.2 -1.3
"20" "20" 1994-12-17 23.05 "LAL" "@" "SAS" "L" -14 1 37 0.513 0.4 2.4 17.1 8.6 23.9 0 1.9 9.7 23.5 115 124 14.8 2.8
"21" "21" 1994-12-20 23.06 "LAL" "" "MIN" "W" 13 1 41 0.515 0.333 8.4 3.5 5.8 36.5 1.4 0 34 13.6 121 122 12 -1.6
"22" "22" 1994-12-23 23.07 "LAL" "" "SAC" "W" 11 1 29 0.856 0.857 0 3.4 1.8 35.8 3.7 0 18.6 16.3 144 101 15 9.3
"23" "23" 1994-12-27 23.08 "LAL" "@" "GSW" "L" -24 1 27 0.551 0.55 3.2 18.9 10.4 57.3 1.6 0 8.4 15.8 127 116 16.1 4.8
"24" "24" 1994-12-29 23.09 "LAL" "" "SEA" "W" 1 1 37 0.504 0.469 3 0 1.4 31.4 0 0 5.6 21.3 111 111 11.2 -1.3
"25" "25" 1994-12-30 23.09 "LAL" "@" "PHO" "W" 15 1 46 0.583 0.583 2.1 8.3 5.3 43.2 1.1 0 10 17.6 140 119 23.3 6.8
"26" "26" 1995-01-03 23.1 "LAL" "" "DET" "W" 9 1 48 0.599 0.5 0 6.1 3.8 33.3 3.1 0 22.2 21.5 112 103 17.2 -0.1
"27" "27" 1995-01-06 23.11 "LAL" "" "MIL" "W" 8 1 41 0.557 0.556 0 10.6 5.7 21.3 0 0 22.5 30.3 89 114 10.7 -8.9
"28" "28" 1995-01-08 23.12 "LAL" "" "MIA" "W" 17 1 34 0.604 0.455 0 12.8 7.2 37.8 0 0 6.6 19.9 147 117 17.7 0.4
"29" "29" 1995-01-09 23.12 "LAL" "@" "POR" "L" -46 1 13 0.5 0.5 8.4 0 4.5 34.3 0 0 0 6.7 142 142 3.4 -6.2
"30" "30" 1995-01-11 23.12 "LAL" "" "PHO" "L" -10 1 43 0.813 0.806 0 8.6 3.8 32.9 1.1 0 12.2 24 146 121 29.4 11.5
"31" "31" 1995-01-13 23.13 "LAL" "" "GSW" "W" 11 1 39 0.671 0.676 0 5.5 2.9 52.7 4.9 0 14.4 21.5 136 101 25.5 12.3
"32" "32" 1995-01-16 23.14 "LAL" "" "LAC" "W" 8 1 44 0.566 0.5 0 2.3 1.2 23.1 0 0 15.9 24.2 119 107 12.8 -1.8
"33" "33" 1995-01-18 23.14 "LAL" "@" "IND" "L" -1 1 42 0.635 0.595 0 11.4 5.9 35.1 2.6 0 7.8 27.1 144 121 25.5 11.3
"34" "34" 1995-01-20 23.15 "LAL" "@" "BOS" "W" 2 1 43 0.575 0.543 0 18.1 9.2 31.3 1.2 0 19.2 31.7 111 123 20.3 -0.6
"35" "35" 1995-01-21 23.15 "LAL" "@" "PHI" "L" -4 1 43 0.458 0.412 0 7 4 32.1 0 0 20.3 25.3 95 122 9.1 -7.9
"36" "36" 1995-01-23 23.16 "LAL" "@" "CHH" "W" 6 1 40 0.617 0.556 0 6 2.7 34.4 2.6 0 8.7 25.3 129 109 21.9 9.4
"37" "37" 1995-01-25 23.16 "LAL" "" "NJN" "W" 4 1 46 0.5 0.5 0 4.3 2.1 46.6 1 0 27.3 19.6 94 112 12.9 -0.4
"38" "38" 1995-01-28 23.17 "LAL" "@" "SEA" "W" 7 1 34 0.658 0.643 0 7.6 3.8 8 1.5 0 17.2 22.1 114 118 11.6 -2.3
"39" "39" 1995-01-31 23.18 "LAL" "" "CHI" "L" -4 1 41 0.631 0.588 0 5.6 2.7 57.7 1.3 0 4.5 23.4 150 134 28.1 10
"40" "40" 1995-02-01 23.18 "LAL" "@" "PHO" "L" -9 1 40 0.52 0.5 0 7.5 4 38.2 1.3 0 0 23.3 120 128 17.7 1.4
"41" "41" 1995-02-03 23.19 "LAL" "" "DEN" "L" -14 1 33 0.364 0.324 0 7.1 3.2 36.8 1.7 0 14.4 30.7 74 107 5.1 -5.7
"42" "42" 1995-02-04 23.19 "LAL" "@" "LAC" "W" 3 1 36 0.526 0.526 0 9.5 4.4 26.4 0 0 9.5 25.1 122 130 13 -4.4
"43" "43" 1995-02-07 23.2 "LAL" "@" "DEN" "W" 2 1 36 0.526 0.462 0 3.2 1.6 22.9 1.6 0 16.5 25.7 98 104 8.4 -0.7
"44" "44" 1995-02-08 23.2 "LAL" "" "SAS" "W" 16 1 35 0.393 0.409 0 8.8 4.8 33.9 0 0 14.9 17.4 104 113 6.8 -8.7
"45" "45" 1995-02-15 23.22 "LAL" "" "SEA" "W" 6 1 36 0.726 0.65 0 4.8 2.8 43.9 4.2 0 13.3 18.5 144 101 20.3 11.9
"46" "46" 1995-02-16 23.22 "LAL" "@" "SAC" "L" -16 1 41 0.388 0.333 0 4.5 2.3 17.1 2.5 1.6 18.9 16.7 76 106 5.9 -5.9
"47" "47" 1995-02-19 23.23 "LAL" "" "POR" "W" 10 1 42 0.563 0.458 2.7 10.6 7.1 50.7 3.6 0 26 20.5 106 88 18.5 6.1
"48" "48" 1995-02-20 23.23 "LAL" "@" "SEA" "W" 3 1 46 0.855 0.816 0 16.2 9.5 17.1 3.6 1.6 11.4 27.2 160 116 36.3 19.3
"49" "49" 1995-02-22 23.24 "LAL" "" "PHI" "W" 12 1 39 0.592 0.563 0 6 2.9 23.2 2.6 0 5.6 19.2 136 111 18.1 0.6
"50" "50" 1995-02-24 23.24 "LAL" "" "CHH" "W" 2 1 49 0.326 0.357 0 5.9 3.2 19.3 2.2 0 24.6 19 65 101 1.5 -11.1
"51" "51" 1995-02-25 23.25 "LAL" "@" "LAC" "L" -2 1 40 0.357 0.364 2.6 3.3 2.9 27.3 1.4 0 15.1 29.3 81 99 5.2 -4
"52" "52" 1995-02-27 23.25 "LAL" "" "UTA" "L" -6 1 41 0.537 0.467 0 6.9 3.5 30.4 0 0 15.2 24.9 102 122 10.8 -6.4
"53" "53" 1995-03-01 23.26 "LAL" "" "PHO" "L" -8 1 43 0.405 0.405 0 5.3 2.5 38.4 2.3 0 16 25 89 108 9.9 -4.7
"54" "54" 1995-03-03 23.26 "LAL" "" "SAC" "W" 5 1 56 0.442 0.367 0 5.5 2.9 35.8 1 0 24.9 19.4 86 102 9.5 -5.1
"55" "55" 1995-03-05 23.27 "LAL" "" "MIN" "W" 3 1 39 0.463 0.455 0 13.3 6.9 59.6 1.4 0 20.2 17.4 121 121 14.8 -1.6
"56" "56" 1995-03-07 23.27 "LAL" "@" "MIA" "L" -6 1 38 0.476 0.464 2.9 0 1.5 28.1 0 0 27.6 23.9 85 120 5.2 -9.1
"57" "57" 1995-03-08 23.28 "LAL" "@" "ORL" "L" -4 1 29 0.427 0.375 0 12.4 6.4 41 0 0 0 20.1 139 134 11.7 -0.6
"58" "58" 1995-03-10 23.28 "LAL" "@" "MIN" "L" -6 1 22 0 0 0 0 0 23.6 0 0 25 8.8 56 129 -0.3 -15.8
"59" "59" 1995-03-13 23.29 "LAL" "" "IND" "W" 2 1 35 0.338 0.375 0 9.8 5.1 20.6 0 0 31.1 16.9 67 111 -0.4 -12.3
"60" "60" 1995-03-15 23.3 "LAL" "@" "GSW" "L" -11 1 39 0.208 0.208 0 5.2 2.7 33.9 0 0 0 13.1 98 130 5.6 -9.6
"61" "61" 1995-03-17 23.3 "LAL" "" "BOS" "L" -26 1 32 0.276 0.2 3.7 3.4 3.5 30 1.6 0 8.4 16.9 84 127 5.3 -9
"62" "62" 1995-03-19 23.31 "LAL" "" "SAC" "W" 5 1 41 0.738 0.639 6.3 12.7 9.9 31.8 0 0 7.8 28.5 149 125 30.5 6.7
"63" "63" 1995-03-22 23.32 "LAL" "" "POR" "W" 7 1 33 0.705 0.727 0 3.3 1.8 44.3 0 1.9 0 17.4 161 134 19.1 6.3
"64" "64" 1995-03-24 23.32 "LAL" "" "WSB" "W" 10 1 36 0.72 0.692 2.8 14.5 8.6 44.9 0 0 26.5 21.1 127 112 18.5 5.2
"65" "65" 1995-03-26 23.33 "LAL" "" "HOU" "W" 11 1 33 0.498 0.385 0 0 0 37.2 3.1 0 15.7 24.4 110 109 12.6 0.7
"66" "66" 1995-03-28 23.33 "LAL" "@" "HOU" "W" 10 1 30 0.505 0.455 7.1 7.6 7.4 41.6 0 0 14.4 19.5 124 107 12.2 3.3
"67" "67" 1995-03-29 23.33 "LAL" "@" "SAS" "L" -23 1 33 0.353 0.3 0 5.9 2.6 35.6 1.4 1.9 30.6 19.9 64 108 3.6 -7.5
"68" "68" 1995-03-31 23.34 "LAL" "" "ATL" "W" 14 1 34 0.776 0.792 0 9 5 29.2 0 0 13.4 19.5 143 119 17.7 1.7
"69" "69" 1995-04-02 23.35 "LAL" "" "ORL" "W" 7 1 35 0.621 0.583 6.5 20.2 12.6 32.7 2.8 0 13.4 17.7 131 114 18.8 7
"70" "70" 1995-04-04 23.35 "LAL" "@" "DEN" "W" 3 1 40 0.535 0.5 0 15.4 7.7 16.3 0 0 10.1 23.2 107 116 11.7 -3.7
"71" "71" 1995-04-05 23.35 "LAL" "@" "DAL" "L" -19 1 32 0.68 0.6 0 0 0 19.7 3.2 0 10.2 25.7 137 142 17.9 5.1
"72" "72" 1995-04-07 23.36 "LAL" "" "UTA" "W" 23 1 32 0.628 0.588 7.1 10 8.6 43.6 3 0 17.9 29 120 93 19.4 9.4
"73" "73" 1995-04-09 23.36 "LAL" "" "SAS" "L" -14 1 35 0.37 0.321 0 10.3 4.5 21.8 1.3 0 11.8 20.2 79 102 5 -4.4
"74" "74" 1995-04-11 23.37 "LAL" "@" "UTA" "L" -7 1 24 0.45 0.375 5.3 0 2.6 29.6 2.3 0 47.4 31.3 66 118 -1.1 -13.1
"75" "75" 1995-04-12 23.37 "LAL" "@" "SAC" "L" -10 1 37 0.476 0.393 3 5.9 4.5 36.7 1.5 0 0 19.4 130 126 15 3.7
"76" "76" 1995-04-15 23.38 "LAL" "@" "PHO" "L" -5 1 40 0.52 0.531 0 5.1 2.6 65.2 1.2 0 14.8 22.2 119 126 16.7 0.6
"77" "77" 1995-04-16 23.38 "LAL" "" "DAL" "W" 14 1 35 0.405 0.389 0 7.8 4.3 42.8 1.3 0 16.8 14.2 114 112 11.4 -3.3
"78" "78" 1995-04-18 23.39 "LAL" "" "SEA" "L" -16 1 32 0.517 0.313 3.2 4.7 3.8 18.8 0 0 0 14.5 128 126 9.2 -4.3
"79" "79" 1995-04-20 23.39 "LAL" "@" "POR" "L" -14 1 29 0.361 0.25 0 4.1 2 39.9 0 0 5.7 26.9 91 123 6.8 -5.7
"80" "80" 1995-04-22 23.4 "LAL" "" "POR" "L" -5 1 36 0.607 0.538 0 8.7 4.4 33.3 1.4 0 6 19.6 137 119 16.9 1.4
"1" "1" 1995-11-03 23.93 "LAL" "" "DEN" "W" 2 1 38 0.716 0.667 0 10 4.9 35.5 1.3 0 32.3 26.6 105 103 15.1 3.6
"2" "2" 1995-11-04 23.94 "LAL" "@" "SEA" "L" -14 1 32 0.288 0 0 0 0 12.5 0 0 16.1 18.3 64 127 -1.2 -11.9
"3" "3" 1995-11-07 23.95 "LAL" "@" "MIN" "L" -1 1 43 0.456 0.375 0 6.2 3.3 38.1 0 1.7 9.7 23.4 102 108 12.9 -3
"4" "4" 1995-11-08 23.95 "LAL" "@" "UTA" "L" -10 1 36 0.53 0.5 3.7 3.8 3.8 33.7 0 0 20.9 31.9 97 131 9.9 -5
"5" "5" 1995-11-10 23.95 "LAL" "" "SEA" "W" 3 1 24 0.342 0.167 0 8.5 4.7 18.2 0 0 35.3 19.8 63 110 -0.5 -14.8
"6" "6" 1995-11-11 23.96 "LAL" "@" "GSW" "L" -18 1 34 0.231 0.231 2.5 4.2 3.1 23.7 1.5 0 0 15.2 89 131 3.5 -8.7
"7" "7" 1995-11-14 23.96 "LAL" "@" "SAC" "W" 6 1 40 0.364 0.364 0 5.5 3 16.9 3.9 2 8.3 13.5 88 108 7.9 -1.5
"8" "8" 1995-11-15 23.97 "LAL" "" "DAL" "W" 17 1 36 0.333 0.333 0 5.4 2.6 39.7 0 2 18.2 12.2 99 109 7.4 -4.8
"9" "9" 1995-11-17 23.97 "LAL" "@" "VAN" "W" 23 1 33 0.741 0.719 0 3.9 1.9 25.6 1.6 0 15.1 25.9 133 109 19.2 7.8
"10" "10" 1995-11-19 23.98 "LAL" "" "LAC" "W" 21 1 35 0.559 0.559 3.3 8.6 6.1 41.1 2.9 0 14.4 25 119 95 17 5.9
"11" "11" 1995-11-21 23.98 "LAL" "" "POR" "L" -1 1 42 0.535 0.469 0 3 1.4 51.9 3.4 0 31.1 24.8 97 109 15.2 0.5
"12" "12" 1995-11-24 23.99 "LAL" "" "SAC" "L" -1 1 35 0.344 0.344 0 3 1.6 36.4 1.4 0 0 19.5 99 111 8.3 -1.5
"13" "13" 1995-11-25 23.99 "LAL" "@" "PHO" "L" -1 1 34 0.335 0.313 0 6.9 3.3 27.2 5.4 0 15.4 24 75 106 6.7 -4.7
"14" "14" 1995-11-29 24.01 "LAL" "" "PHO" "W" 11 1 30 0.25 0.25 0 9.8 4.8 24.7 1.6 0 20 14 68 103 2.9 -9.3
"15" "15" 1995-12-01 24.01 "LAL" "" "VAN" "W" 13 1 34 0.47 0.429 3.6 14.9 9.2 55.7 1.5 0 25.2 24.5 115 113 15.7 -1.2
"16" "16" 1995-12-03 24.02 "LAL" "" "IND" "W" 8 1 40 0.655 0.5 3.5 3.3 3.4 21.6 1.3 0 9.2 25.5 136 110 21.4 6
"17" "17" 1995-12-05 24.02 "LAL" "@" "SAS" "L" -28 1 29 0.413 0.417 0 4 1.9 6.4 1.6 0 7 21.8 78 120 4.8 -7
"18" "18" 1995-12-06 24.02 "LAL" "@" "HOU" "L" -13 1 36 0.464 0.464 0 2.7 1.4 20.6 0 0 12.5 19.5 95 127 6.2 -6.7
"19" "19" 1995-12-08 24.03 "LAL" "" "TOR" "W" 17 1 42 0.63 0.6 0 2.9 1.5 24.7 2.3 0 15.9 18.9 123 108 16.8 1.5
"20" "20" 1995-12-10 24.04 "LAL" "" "DET" "W" 5 1 35 0.285 0.143 0 7.2 3.2 27.8 0 0 18.6 14.2 73 104 2.5 -9.7
"21" "21" 1995-12-12 24.04 "LAL" "@" "NYK" "L" -15 1 36 0.339 0.231 5.2 13 8.7 40 0 0 6.3 19.6 94 113 9.6 -0.3
"22" "22" 1995-12-13 24.04 "LAL" "@" "DET" "W" 3 1 42 0.666 0.632 3 11.1 7.2 32.6 1.3 0 4.3 26.7 139 111 26.3 11.6
"23" "23" 1995-12-15 24.05 "LAL" "@" "WSB" "L" -8 1 36 0.781 0.781 6.5 11.1 8.7 37.9 1.4 0 20 23.6 137 125 22.2 11.3
"24" "24" 1995-12-16 24.05 "LAL" "@" "CHI" "L" -20 1 18 0.313 0.313 0 5.7 2.9 18 2.8 0 33.3 29.2 50 117 -2.7 -16
"25" "25" 1995-12-19 24.06 "LAL" "@" "MIL" "W" 4 1 41 0.52 0.5 2.9 14.6 8.7 29.7 1.3 0 4.2 26.7 119 114 18.7 2.4
"26" "26" 1995-12-20 24.06 "LAL" "@" "IND" "L" -11 1 36 0.581 0.533 0 3.6 1.6 35.9 1.6 0 10.4 25.8 122 129 15.3 5.4
"27" "27" 1995-12-22 24.07 "LAL" "" "SAC" "W" 33 1 25 0.424 0.389 0 8 4.5 41.9 4 0 9.6 17.4 116 89 10.8 4.3
"28" "28" 1995-12-23 24.07 "LAL" "@" "POR" "W" 3 1 26 0.474 0.438 0 10.7 5.6 22.1 1.9 0 19.2 17.1 91 101 5.5 -3.9
"29" "29" 1995-12-26 24.08 "LAL" "" "BOS" "W" 11 1 34 0.612 0.591 3.5 3.1 3.3 34.8 0 0 20.8 18.4 113 107 13 0.3
"30" "30" 1995-12-28 24.08 "LAL" "" "SAS" "L" -8 1 30 0.636 0.636 0 0 0 36.8 3.6 0 15.4 20.8 120 122 12.8 5.6
"31" "31" 1995-12-30 24.09 "LAL" "@" "UTA" "L" -17 1 29 0.698 0.643 3.9 0 2.1 29.6 0 0 20.2 16.4 118 120 9.2 1.4
"32" "32" 1996-01-02 24.1 "LAL" "" "PHI" "L" -1 1 37 0.593 0.548 0 6.5 2.9 47.2 1.5 0 8.1 29.9 126 108 21 8.2
"33" "33" 1996-01-05 24.11 "LAL" "" "UTA" "W" 16 1 41 0.61 0.6 6.7 8 7.4 29.9 0 0 4.5 24.4 133 113 21.3 4.6
"34" "34" 1996-01-07 24.11 "LAL" "" "DEN" "L" -3 1 41 0.495 0.441 2.9 4.2 3.4 43.7 1.4 0 17.2 26.5 101 115 13.7 0.4
"35" "35" 1996-01-09 24.12 "LAL" "" "MIN" "W" 2 1 29 0.313 0.313 0 4 2.3 38.5 1.8 0 27.3 17.7 84 121 4.8 -7.1
"36" "36" 1996-01-12 24.13 "LAL" "" "HOU" "W" 1 1 39 0.526 0.526 3.1 6 4.6 50.7 0 0 9.5 24.3 121 118 16.1 0.5
"37" "37" 1996-01-15 24.13 "LAL" "" "MIA" "W" 8 1 36 0.553 0.5 0 3 1.7 28.9 0 0 25.4 19.7 98 106 6.9 -4.7
"38" "38" 1996-01-19 24.15 "LAL" "@" "LAC" "W" 6 1 33 0.554 0.526 0 20.8 9.1 20.1 3.2 0 8.8 31.3 110 107 16.8 2.4
"39" "39" 1996-01-20 24.15 "LAL" "" "CLE" "L" -11 1 35 0.618 0.542 0 4.3 2.1 30.1 1.7 0 0 20.7 138 121 14.6 6.2
"40" "40" 1996-01-24 24.16 "LAL" "@" "BOS" "W" 17 1 27 0.6 0.6 3.9 8.3 6 23.5 3.4 0 6.3 24.1 124 101 16.1 7.6
"41" "41" 1996-01-26 24.16 "LAL" "@" "PHI" "W" 12 1 35 0.586 0.536 6.9 7 6.9 17.8 3.1 0 15.6 24.4 122 98 14.6 5.1
"42" "42" 1996-01-27 24.17 "LAL" "@" "NJN" "W" 2 1 39 0.426 0.364 2.7 9.1 6.2 43.2 1.3 0 6.6 17.6 113 111 14.5 -0.2
"43" "43" 1996-01-30 24.18 "LAL" "" "GSW" "W" 10 1 29 0.707 0.65 0 4.4 2.1 21.7 0 0 30.6 22.8 104 119 9.7 -5.2
"44" "44" 1996-02-02 24.18 "LAL" "" "CHI" "L" -15 1 38 0.563 0.563 0 7.2 3.5 48 1.5 0 20 13.3 120 123 12.3 3.2
"45" "45" 1996-02-04 24.19 "LAL" "" "UTA" "W" 7 1 41 0.5 0.5 0 0 0 42.8 0 0 13.6 25.8 105 134 11 -4.3
"46" "46" 1996-02-06 24.19 "LAL" "@" "DEN" "W" 21 1 31 0.458 0.458 0 6.6 3.5 35.2 0 2.2 7.7 19.9 101 93 9.4 3.6
"47" "47" 1996-02-07 24.2 "LAL" "" "NJN" "W" 10 1 35 0.444 0.357 0 17.1 8.6 35 0 0 20.2 12.9 109 110 6.7 -6.1
"48" "48" 1996-02-14 24.22 "LAL" "" "ATL" "W" 1 1 26 0.3 0.3 0 6.3 3.8 34.4 0 2.4 28.6 13.1 76 103 3 -4.1
"49" "49" 1996-02-16 24.22 "LAL" "" "DAL" "W" 5 1 36 0.519 0.447 0 10.9 6.1 34.8 0 2 8.6 26.7 127 125 18 -2.2
"50" "50" 1996-02-20 24.23 "LAL" "" "LAC" "W" 17 1 31 0.588 0.588 0 3.5 2 44.1 0 0 10.5 27.5 132 123 17.3 3.1
"51" "51" 1996-02-21 24.24 "LAL" "@" "LAC" "W" 4 1 36 0.6 0.588 0 0 0 28 0 0 5.2 25.2 138 134 16.8 3.3
"52" "52" 1996-02-23 24.24 "LAL" "@" "DAL" "W" 26 1 33 0.417 0.417 2.9 4.3 3.7 43.7 0 1.6 0 21.5 118 97 13.8 3.5
"53" "53" 1996-02-24 24.24 "LAL" "@" "HOU" "L" -2 1 42 0.61 0.577 0 0 0 27.5 0 0 16.9 20.1 115 115 12.4 0.7
"54" "54" 1996-02-26 24.25 "LAL" "" "NYK" "W" 18 1 29 0.643 0.6 0 7.5 4.2 37.5 0 0 21.6 21.9 121 110 12.1 -0.6
"55" "55" 1996-03-01 24.26 "LAL" "" "WSB" "W" 5 1 36 0.521 0.5 3 0 1.6 20.3 3.1 0 13 19.4 113 114 9.6 1.6
"56" "56" 1996-03-03 24.27 "LAL" "" "HOU" "L" -4 1 40 0.671 0.615 0 20 8.9 16.1 2.6 0 11.3 19.8 131 120 18.5 4
"57" "57" 1996-03-07 24.28 "LAL" "@" "SAC" "W" 13 1 30 0.329 0.125 0 16 8.4 26.4 3.6 0 15.8 19.1 87 99 6 -3.9
"58" "58" 1996-03-08 24.28 "LAL" "@" "PHO" "W" 22 1 37 0.751 0.719 0 6 3.2 49.6 4.1 0 5.1 23.2 166 104 30.9 16.4
"59" "59" 1996-03-12 24.29 "LAL" "" "POR" "L" -6 1 32 0.3 0.25 0 7.5 3.6 40.7 0 0 13.1 21.3 81 122 3.8 -8.5
"60" "60" 1996-03-14 24.3 "LAL" "@" "GSW" "W" 3 1 35 0.628 0.615 0 12.2 7 31.6 3.2 4.4 17.3 24.7 118 115 17.4 5.8
"61" "61" 1996-03-15 24.3 "LAL" "" "MIL" "W" 22 1 26 0.722 0.722 0 0 0 25.8 2 0 25 21.3 115 105 9.8 1.7
"62" "62" 1996-03-17 24.3 "LAL" "" "ORL" "L" -1 1 46 0.488 0.421 0 6.7 2.9 17 2.3 0 8.2 24.7 105 113 14 2.2
"63" "63" 1996-03-19 24.31 "LAL" "" "SEA" "W" 23 1 33 0.551 0.5 0 13.2 6.7 28.9 1.6 0 15.5 17.9 107 85 10.2 2.5
"64" "64" 1996-03-21 24.32 "LAL" "@" "SEA" "L" -11 1 38 0.634 0.588 0 9.5 5.1 11.5 1.5 0 4.6 27.1 132 125 17.6 6.5
"65" "65" 1996-03-24 24.32 "LAL" "" "CHH" "L" -9 1 34 0.424 0.389 0 3.3 1.9 31.1 1.6 0 0 13.6 109 120 8.3 0
"66" "66" 1996-03-26 24.33 "LAL" "@" "ORL" "W" 22 1 35 0.615 0.588 0 22.2 11.4 17.3 1.5 0 5.3 25.4 126 99 17.5 2.7
"67" "67" 1996-03-27 24.33 "LAL" "@" "MIA" "W" 11 1 34 0.77 0.818 0 12.8 7.8 25.1 4.6 0 0 20.5 156 98 22.5 16.8
"68" "68" 1996-03-29 24.34 "LAL" "@" "ATL" "W" 13 1 25 0.25 0.25 0 8.2 4.6 30.9 0 0 0 23.2 87 115 3.6 -9
"69" "69" 1996-03-31 24.34 "LAL" "@" "TOR" "W" 5 1 29 0.592 0.625 7.4 0 3.7 18.2 0 0 10.6 14 128 116 7.6 0.4
"70" "70" 1996-04-02 24.35 "LAL" "@" "CHH" "L" -5 1 32 0.44 0.385 0 11 4.9 5.8 0 0 0 20.7 96 117 5.9 -5.1
"71" "71" 1996-04-03 24.35 "LAL" "@" "CLE" "L" -16 1 26 0.481 0.455 4.7 6.2 5.4 65.3 2.4 3.6 0 21.8 135 134 13.2 14.4
"72" "72" 1996-04-05 24.36 "LAL" "" "VAN" "W" 10 1 24 0.75 0.75 4.7 9.8 7.1 10.3 0 0 50 15.7 75 111 1.9 -12.8
"73" "73" 1996-04-07 24.36 "LAL" "" "SAS" "W" 10 1 32 0.34 0.3 7.5 4.2 5.9 21.1 7 0 0 16.4 114 106 10.6 4.8
"74" "74" 1996-04-09 24.37 "LAL" "@" "DEN" "L" -7 1 29 0.635 0.571 0 3.2 1.7 23.6 0 0 0 13.4 140 123 9 -1.8
"1" "1" 1996-11-01 24.93 "LAL" "" "PHO" "W" 14 1 25 0.2 0.2 0 14 8.8 52.8 4.2 0 28.6 13 86 85 4.5 -2.1
"2" "2" 1996-11-03 24.94 "LAL" "" "MIN" "W" 6 1 35.1333333333333 0.395 0.375 3.5 6.1 4.9 50.7 0 0 29.9 29.9 81 101 5.8 -6.6
"3" "3" 1996-11-05 24.94 "LAL" "@" "NYK" "W" 6 1 31.8666666666667 0.462 0.318 0 7 3.9 43.6 0 0 6.6 23.4 118 114 11.3 -0.3
"4" "4" 1996-11-06 24.95 "LAL" "@" "CHH" "L" -10 1 35.9666666666667 0.588 0.5 0 5.7 3.3 35.4 1.6 0 7.3 19.8 130 110 13.6 4.9
"5" "5" 1996-11-08 24.95 "LAL" "@" "TOR" "L" -1 1 35.7833333333333 0.101 0.071 2.7 7 4.5 16.3 2.9 0 21.2 22.1 33 102 -5.5 -16.7
"6" "6" 1996-11-10 24.96 "LAL" "" "ATL" "W" 7 1 35.4833333333333 0.714 0.714 0 8.8 5 22.5 0 0 0 9.4 161 106 11.1 3.2
"7" "7" 1996-11-12 24.96 "LAL" "@" "HOU" "W" 11 1 53.5 0.497 0.444 0 4.5 2.3 42.6 2.1 0 0 24.6 139 114 26.5 11
"8" "8" 1996-11-13 24.96 "LAL" "@" "SAS" "L" -12 1 34.0666666666667 0.125 0.125 0 7.8 3.7 39.5 0 0 42.9 18.3 45 115 -3.8 -17.7
"9" "9" 1996-11-15 24.97 "LAL" "" "LAC" "W" 7 1 40.4 0.17 0.1 3.2 14.6 9.2 50.3 2.5 0 25.4 17.1 81 105 7.3 -6
"10" "10" 1996-11-17 24.98 "LAL" "@" "PHO" "W" 14 1 38.1 0.615 0.5 0 8.1 4.7 39.3 2.7 0 29.1 20.8 106 95 13.8 2.8
"11" "11" 1996-11-19 24.98 "LAL" "@" "GSW" "W" 3 1 45.1333333333333 0.8 0.781 0 0 0 37.4 1.2 0 15.1 20.6 145 126 26.2 5.7
"12" "12" 1996-11-20 24.98 "LAL" "" "UTA" "L" -16 1 36.25 0.605 0.538 0 4.4 1.6 52.4 0 0 10.8 22.3 133 127 17.7 7.5
"13" "13" 1996-11-22 24.99 "LAL" "" "SAS" "W" 10 1 36.35 0.589 0.545 0 0 0 40.9 1.5 0 7.8 16.7 138 107 14.6 4.6
"14" "14" 1996-11-24 24.99 "LAL" "" "HOU" "L" -5 1 37.5333333333333 0.583 0.583 3.5 3.4 3.5 72.5 0 0 10 25.8 131 118 18.6 13.2
"15" "15" 1996-11-26 25 "LAL" "@" "PHI" "W" 12 1 21.4166666666667 0.143 0.143 0 0 0 43.2 0 0 41.7 24.2 43 104 -4.1 -21.3
"16" "16" 1996-11-27 25 "LAL" "@" "BOS" "L" -16 1 35.25 0.682 0.682 0 6.9 3.1 19.1 1.4 0 21.4 17.9 109 119 10.7 -2.5
"17" "17" 1996-11-29 25.01 "LAL" "@" "DET" "W" 8 1 37.3 0.35 0.364 0 8.3 5 44.6 1.6 0 0 16 113 97 10 5.3
"18" "18" 1996-12-01 25.01 "LAL" "" "DEN" "W" 8 1 35.9666666666667 0.767 0.692 6.5 12.4 9.5 30.4 1.4 0 16.1 22.2 140 102 22.8 10.4
"19" "19" 1996-12-03 25.02 "LAL" "" "SEA" "W" 4 1 37.3833333333333 0.592 0.538 0 6.7 3.3 22.7 0 2.1 16.5 22 114 125 12.6 -2.5
"20" "20" 1996-12-04 25.02 "LAL" "@" "UTA" "L" -26 1 26.35 0.182 0.182 9.9 6.2 8.6 7.6 0 0 0 18.6 61 124 0.2 -10.9
"21" "21" 1996-12-06 25.02 "LAL" "" "ORL" "W" 11 1 40.55 0.597 0.533 0 10 5.2 58.4 0 0 15.2 22.8 121 102 17.4 3.1
"22" "22" 1996-12-08 25.03 "LAL" "" "MIN" "W" 24 1 29.9333333333333 0.943 0.9 0 3.5 1.9 37.6 1.7 0 19.7 22.6 152 99 21.6 12.1
"23" "23" 1996-12-10 25.04 "LAL" "@" "SAC" "W" 2 1 17.6833333333333 1.008 1 0 0 0 50.8 0 0 0 19.3 201 111 15.3 22.8
"24" "24" 1996-12-11 25.04 "LAL" "" "IND" "W" 3 1 44.8 0.379 0.364 2.4 2.1 2.2 33.1 2.5 0 20.2 16.2 82 96 7.3 -2.3
"25" "25" 1996-12-13 25.04 "LAL" "" "POR" "W" 1 1 48.3166666666667 0.547 0.5 2.5 13.4 7.1 47.2 2.2 1.8 14.4 26.3 118 120 24.9 4.7
"26" "26" 1996-12-17 25.05 "LAL" "@" "CHI" "L" -6 1 42.2166666666667 0.776 0.786 0 6.6 3.6 25 1.2 0 20.5 29.4 129 127 25 10.7
"27" "27" 1996-12-18 25.06 "LAL" "@" "MIL" "W" 6 1 36.15 0.676 0.667 0 11.3 6.8 46.3 0 0 18.4 20.7 129 112 15.9 2.7
"28" "28" 1996-12-21 25.07 "LAL" "@" "MIN" "L" -15 1 42.3 0.548 0.441 2.5 9.5 5.6 42.6 1.3 0 13 23.9 127 119 18 6.4
"29" "29" 1996-12-25 25.08 "LAL" "@" "PHO" "W" 21 1 37.1 0.436 0.333 0 7.5 4.2 40.5 1.4 0 27.9 17.2 97 96 8.2 -1.7
"30" "30" 1996-12-27 25.08 "LAL" "" "BOS" "W" 7 1 30.9333333333333 0.4 0.375 0 4.3 1.8 26 1.6 0 6.8 20.1 101 113 7.2 -5.8
"31" "31" 1996-12-29 25.09 "LAL" "" "PHI" "W" 13 1 33.1333333333333 0.265 0.222 0 3.5 1.8 38 0 0 24.1 16.1 84 118 4.1 -12.2
"32" "32" 1997-01-02 25.1 "LAL" "@" "SAC" "W" 7 1 34.35 0.385 0.385 0 0 0 28.9 0 0 0 18.2 110 106 5.9 -1.6
"33" "33" 1997-01-03 25.1 "LAL" "" "SAC" "W" 7 1 27.5666666666667 0.592 0.563 0 3.6 1.9 34.1 0 0 26.2 17.2 107 116 6.8 -2.8
"34" "34" 1997-01-05 25.11 "LAL" "@" "VAN" "W" 13 1 43.5333333333333 0.311 0.25 2.5 13.9 8.9 74.4 1.2 0 13.4 15.3 113 93 18.7 5
"35" "35" 1997-01-06 25.11 "LAL" "@" "POR" "L" -4 1 44 0.458 0.458 0 5.2 2.7 33.2 0 0 29.4 18.8 82 109 6.1 -4
"36" "36" 1997-01-08 25.12 "LAL" "" "CHH" "W" 4 1 35.5833333333333 0.623 0.591 0 3 1.5 38.8 1.4 0 18 19.2 120 106 15.8 6.5
"37" "37" 1997-01-10 25.12 "LAL" "" "MIA" "W" 9 1 38.5 0.267 0.25 7 5 6 32.4 1.3 0 5.6 19.8 84 95 6.1 -2.3
"38" "38" 1997-01-14 25.13 "LAL" "" "VAN" "W" 10 1 35.2166666666667 0.66 0.667 0 5.7 2.8 27.6 0 0 28 21.6 103 98 10 -1.6
"39" "39" 1997-01-16 25.14 "LAL" "" "POR" "L" -4 1 43.4166666666667 0.306 0.233 0 7.2 2.9 30.1 0 0 5.8 17.6 92 121 5.5 -5.9
"40" "40" 1997-01-18 25.14 "LAL" "" "DET" "L" -3 1 41.6333333333333 0.295 0.273 2.4 10.4 6.3 34.7 0 0 7.8 14.8 96 113 6.1 -4.5
"41" "41" 1997-01-20 25.15 "LAL" "" "DAL" "W" 10 1 37.55 0.838 0.808 0 0 0 40.6 0 2 12.3 19.4 151 116 20.4 8.6
"42" "42" 1997-01-24 25.16 "LAL" "" "GSW" "W" 17 1 40.3 0.615 0.6 0 13.3 6.5 41.9 0 0 24.5 19.9 118 107 15.8 -0.1
"43" "43" 1997-01-26 25.16 "LAL" "@" "SEA" "W" 1 1 41.3166666666667 0.583 0.571 8.8 8.8 8.8 24.8 0 0 12.3 26.5 123 124 17.3 3.3
"44" "44" 1997-01-28 25.17 "LAL" "@" "DAL" "W" 19 1 32.9833333333333 0.731 0.731 3.5 12.1 8.1 29.7 6.5 0 18.8 22.2 130 87 20.2 15.1
"45" "45" 1997-01-29 25.17 "LAL" "@" "SAS" "W" 7 1 43.5833333333333 0.426 0.406 0 14.9 7.5 44.2 1.2 0 5.7 17.7 115 104 15.4 1.5
"46" "46" 1997-02-02 25.18 "LAL" "" "WSB" "W" 30 1 27.15 0.623 0.545 8.7 3.4 5.7 26.1 0 0 18 24.5 126 105 12.6 3.8
"47" "47" 1997-02-04 25.19 "LAL" "@" "LAC" "L" -22 1 34.1666666666667 0.487 0.382 0 0 0 28.9 0 0 16.3 30.8 89 122 8.5 -6.1
"48" "48" 1997-02-05 25.19 "LAL" "" "CHI" "W" 16 1 46.4666666666667 0.6 0.6 0 18.6 10.1 44.4 2.4 0 4.8 20.2 144 103 26.1 11.5
"49" "49" 1997-02-12 25.21 "LAL" "@" "MIN" "W" 16 1 30.25 0.355 0.313 0 6.8 3.4 13 1.7 2.5 32.2 18.1 62 97 0.4 -11.9
"50" "50" 1997-02-13 25.21 "LAL" "@" "DEN" "W" 15 1 29.2833333333333 0.839 0.824 3.5 11.3 7.3 52.4 1.6 2.6 5.3 26.3 164 115 30.7 22.3
"51" "51" 1997-02-16 25.22 "LAL" "" "SEA" "L" -11 1 45.95 0.385 0.342 2.7 0 1.4 44.5 1.2 1.7 19.4 25.9 91 125 9.4 -1.2
"52" "52" 1997-02-19 25.23 "LAL" "" "CLE" "L" -19 1 40.3666666666667 0.563 0.563 0 10.6 5.6 39.6 0 0 0 11.3 143 143 10 0.1
"53" "53" 1997-02-21 25.24 "LAL" "" "VAN" "W" 8 1 43.1833333333333 0.581 0.583 3.4 6 4.8 28.4 2.7 0 12 19.2 122 114 16.3 1.3
"54" "54" 1997-02-23 25.24 "LAL" "" "NYK" "L" -6 1 53.65 0.324 0.269 0 6 2.9 44.3 1.8 0 12.6 12.9 97 114 12.4 -3.1
"55" "55" 1997-02-25 25.25 "LAL" "@" "HOU" "L" -4 1 28.4666666666667 0.111 0.111 0 9.3 4.3 55 0 0 18.2 17.7 63 111 2 -9.2
"56" "56" 1997-02-27 25.25 "LAL" "@" "WSB" "W" 15 1 43.1833333333333 0.612 0.583 6.8 6 6.4 39.9 3.4 1.6 3.8 27.3 139 109 31.7 14.1
"57" "57" 1997-02-28 25.25 "LAL" "@" "ATL" "L" -11 1 25.3666666666667 0.25 0.25 4.3 10.7 7.1 34.7 2.3 0 27.3 22 55 104 1.3 -7.4
"58" "58" 1997-03-02 25.26 "LAL" "@" "IND" "L" -16 1 42.05 0.326 0.281 2.3 20.2 9.6 42.1 2.7 0 15.1 22.6 82 117 8.8 -5.5
"59" "59" 1997-03-04 25.27 "LAL" "@" "DAL" "W" 10 1 43.6166666666667 0.802 0.75 0 7.6 3.7 9.5 1.1 0 20.6 27.7 132 100 23.9 9.1
"60" "60" 1997-03-07 25.27 "LAL" "" "HOU" "L" -21 1 34.4833333333333 0.37 0.357 3.1 4 3.5 29.9 0 0 6.3 21.6 91 133 6.6 -7.3
"61" "61" 1997-03-09 25.28 "LAL" "" "NJN" "W" 10 1 33.6333333333333 0.505 0.455 0 6.1 3.5 19.4 0 1.9 7.8 15.6 118 114 9.7 -1.8
"62" "62" 1997-03-12 25.29 "LAL" "" "GSW" "W" 8 1 43.3166666666667 0.286 0.286 2.7 5.3 4 40.6 2.5 0 6.7 14.3 113 115 11.5 -2.6
"63" "63" 1997-03-14 25.29 "LAL" "" "LAC" "L" -2 1 40.95 0.352 0.316 4.8 9.5 6.8 52.2 0 2 13.1 23.3 105 116 11.4 0
"64" "64" 1997-03-16 25.3 "LAL" "" "TOR" "W" 8 1 40.5 0.35 0.318 0 5.4 2.8 39.2 1.4 0 20.8 17.2 76 101 4.9 -6
"65" "65" 1997-03-17 25.3 "LAL" "@" "DEN" "W" 19 1 33.9833333333333 0.794 0.778 0 6 3.6 48 0 2.4 17.5 31.2 145 108 25 13.5
"66" "66" 1997-03-20 25.31 "LAL" "@" "CLE" "W" 13 1 42.2666666666667 0.553 0.579 0 7.1 3.2 35 5.7 0 4.8 25.1 122 90 19.2 13.7
"67" "67" 1997-03-21 25.31 "LAL" "@" "MIA" "L" -1 1 39.1166666666667 0.503 0.5 7 11.2 9.3 56.1 1.5 0 20.1 31.1 105 119 14.6 0.8
"68" "68" 1997-03-23 25.32 "LAL" "@" "ORL" "L" -26 1 30.5333333333333 0.472 0.375 0 0 0 36.1 0 0 17.9 25.5 92 129 7.4 -5
"69" "69" 1997-03-24 25.32 "LAL" "@" "NJN" "W" 25 1 31.3 0.554 0.5 0 5 2.9 45.8 1.6 0 4.6 30.4 135 96 18.7 6.2
"70" "70" 1997-03-26 25.33 "LAL" "" "MIL" "W" 22 1 37.0166666666667 0.563 0.563 2.8 7.8 5.3 18.8 1.4 0 15.8 21.6 108 94 11.6 -0.1
"71" "71" 1997-03-27 25.33 "LAL" "@" "VAN" "W" 4 1 46.8 0.47 0.429 2.2 5.1 3.5 31.7 1.2 0 11.8 16.8 108 113 10.9 -2.2
"72" "72" 1997-04-01 25.34 "LAL" "@" "SEA" "W" 2 1 42.9166666666667 0.469 0.411 8 7.1 7.5 25.9 6.4 0 5.9 36 114 106 22.2 10.9
"73" "73" 1997-04-02 25.35 "LAL" "" "DEN" "W" 25 1 38.2166666666667 0.533 0.5 0 6.5 3.8 43.1 1.3 0 5.6 21.2 127 98 18.9 2.4
"74" "74" 1997-04-04 25.35 "LAL" "" "SAS" "L" -11 1 38 0.37 0.357 5.6 3.3 4.6 25.3 2.9 0 32 25 68 108 1 -9.8
"75" "" 1997-04-06 25.36 "LAL" "" "DAL" "W" 7 NA NA NA NA NA NA NA NA NA NA NA NA NA NA NA NA
"76" "" 1997-04-08 25.36 "LAL" "@" "GSW" "W" 24 NA NA NA NA NA NA NA NA NA NA NA NA NA NA NA NA
"77" "" 1997-04-09 25.36 "LAL" "@" "UTA" "L" -12 NA NA NA NA NA NA NA NA NA NA NA NA NA NA NA NA
"78" "75" 1997-04-11 25.37 "LAL" "" "PHO" "W" 16 1 41.1666666666667 0.667 0.667 0 5 2.6 30.7 1.3 0 10 20.1 145 115 20.5 7
"79" "76" 1997-04-13 25.38 "LAL" "" "UTA" "W" 2 1 35.4333333333333 0.506 0.5 2.9 0 1.8 33.7 3.2 0 16.8 15.5 110 118 8.9 -0.4
"80" "77" 1997-04-17 25.39 "LAL" "" "SAC" "W" 9 1 34.15 0.5 0.5 0 0 0 27.3 1.5 0 44.4 12 83 115 3.4 -9.8
"81" "78" 1997-04-18 25.39 "LAL" "@" "LAC" "W" 28 1 28.4666666666667 0.759 0.722 0 15.6 8.9 49.8 1.8 0 41.5 27.5 108 102 12.1 1.9
"82" "79" 1997-04-20 25.39 "LAL" "@" "POR" "L" -4 1 42.8833333333333 0.509 0.5 0 6.4 3 27.5 2.5 0 12.7 17.2 108 117 12.6 0.2
"1" "1" 1997-10-31 25.93 "LAL" "" "UTA" "W" 17 1 30.0666666666667 0.768 0.769 0 3.1 1.7 51.4 1.8 0 0 21.8 160 103 20.7 18.2
"2" "2" 1997-11-04 25.94 "LAL" "@" "SAC" "W" 3 1 34.2666666666667 0.516 0.393 0 12.1 5.8 29.3 1.5 0 5.2 25.4 119 107 15.1 3.2
"3" "3" 1997-11-07 25.95 "LAL" "" "NYK" "W" 5 1 32.75 0.468 0.35 0 13.2 6.7 32.8 3.1 0 7.8 16.9 110 102 10.8 3
"4" "4" 1997-11-09 25.95 "LAL" "" "GSW" "W" 35 1 23.5 0.685 0.714 0 3.2 2 9.8 0 0 0 14.6 146 104 8.8 -2.2
"5" "5" 1997-11-11 25.96 "LAL" "@" "DAL" "W" 22 1 17.0166666666667 0.698 0.643 0 26.3 13.9 32.5 2.8 0 20.2 25.2 123 94 10.3 5.2
"6" "6" 1997-11-13 25.96 "LAL" "@" "SAS" "W" 9 1 37.8 0.493 0.375 3.2 3.7 3.4 16.2 0 0 6.6 18.8 111 111 10 -0.8
"7" "7" 1997-11-14 25.96 "LAL" "@" "HOU" "W" 10 1 43.7833333333333 0.643 0.6 0 7.6 3.8 31.4 0 0 3.5 31.7 136 111 25.2 11.6
"8" "8" 1997-11-16 25.97 "LAL" "" "VAN" "W" 26 1 27.8333333333333 1.333 1.333 0 10.9 6.1 49.7 5.2 0 25 19.3 178 92 27.4 27.1
"9" "9" 1997-11-18 25.98 "LAL" "@" "UTA" "W" 5 1 35.8 0.546 0.346 0 6.7 3.3 27 0 0 5.4 25.2 129 119 14.2 1.1
"10" "10" 1997-11-19 25.98 "LAL" "" "MIN" "W" 25 1 31.6 0.551 0.533 0 10 5.6 31.2 1.4 0 0 20.1 125 93 15.6 3.7
"11" "11" 1997-11-23 25.99 "LAL" "" "LAC" "W" 17 1 28.75 0.225 0.125 0 8.5 4.5 45.1 0 0 18.4 15 91 108 4.7 -6.5
"12" "12" 1997-11-25 25.99 "LAL" "@" "MIA" "L" -17 1 32.8333333333333 0.535 0.5 3.4 10.4 6.8 26.7 0 0 16.9 31.7 97 117 10.7 0.2
"13" "13" 1997-11-26 26 "LAL" "@" "BOS" "W" 15 1 38.6166666666667 0.46 0.4 0 13.4 8.1 30.1 1.2 0 5.8 19.2 116 103 13.1 -0.1
"14" "14" 1997-11-28 26 "LAL" "@" "PHI" "L" -10 1 34.1 0.453 0.433 0 16 8.2 31.9 0 1.8 16.3 25.9 88 120 8.5 -8.4
"15" "15" 1997-11-30 26.01 "LAL" "" "TOR" "W" 6 1 36.0166666666667 0.623 0.545 0 7 3.7 41.2 2.8 0 6.8 18.4 141 105 17.9 5.7
"16" "16" 1997-12-03 26.02 "LAL" "@" "DEN" "W" 18 1 33.95 0.864 0.864 0 10.3 5.4 18.1 1.6 2.3 15.4 18.1 149 100 17.1 10.9
"17" "17" 1997-12-05 26.02 "LAL" "" "SAS" "W" 10 1 32.75 0.655 0.563 0 3.7 1.9 38.2 0 0 9.5 29.4 139 107 17.9 8.8
"18" "18" 1997-12-07 26.03 "LAL" "" "CLE" "L" -10 1 31.4833333333333 0.15 0.15 3.3 0 1.7 24.5 0 0 16.7 17.2 44 110 -2.9 -11.5
"19" "19" 1997-12-08 26.03 "LAL" "@" "POR" "L" -6 1 39.7333333333333 0.651 0.639 2.4 3.4 2.9 52.9 0 0 5.1 20.5 145 121 22.2 10.1
"20" "20" 1997-12-10 26.04 "LAL" "@" "GSW" "L" -1 1 33.6 0.284 0.227 3.2 12.8 8 37.4 1.5 0 19.6 19.5 77 102 4.4 -5.8
"21" "21" 1997-12-12 26.04 "LAL" "" "HOU" "W" 17 1 27.7166666666667 0.375 0.375 0 14.3 7.5 33.6 1.8 0 11.1 14 109 112 7.6 -3.4
"22" "22" 1997-12-14 26.05 "LAL" "" "DAL" "W" 30 1 27.9333333333333 0.429 0.429 5.4 7.6 6.7 28.7 0 0 12.5 13 117 103 6.7 -4.3
"23" "23" 1997-12-16 26.05 "LAL" "@" "MIN" "W" 13 1 33.5833333333333 0.423 0.292 0 14.4 7.4 55.3 2.9 0 17.4 21.7 103 97 13.9 3.6
"24" "24" 1997-12-17 26.05 "LAL" "@" "CHI" "L" -21 1 32.2166666666667 0.393 0.393 0 16.2 6.7 33.3 1.8 0 6.7 20.7 93 122 7.5 -1.4
"25" "25" 1997-12-19 26.06 "LAL" "@" "ATL" "W" 2 1 38.1 0.424 0.417 8.6 12 10.3 30.3 1.4 0 5 23.7 109 111 14 2.4
"26" "26" 1997-12-20 26.06 "LAL" "@" "CHH" "W" 9 1 38.15 0.611 0.618 3.5 7.4 5.4 46.9 2.8 0 0 24.8 146 112 24.7 12.9
"27" "27" 1997-12-22 26.07 "LAL" "@" "HOU" "W" 11 1 42.3666666666667 0.333 0.333 0 8 4.1 36.5 3.9 2.1 11.8 19.1 89 94 10.7 2.2
"28" "28" 1997-12-26 26.08 "LAL" "" "LAC" "W" 4 1 46.1 0.689 0.675 0 7.9 3.8 47.1 1.2 1.6 4.4 22.7 149 122 29.6 10.5
"29" "29" 1997-12-28 26.08 "LAL" "" "BOS" "L" -6 1 37.1166666666667 0.539 0.607 0 6.7 3.2 42.4 1.3 0 20.2 22.3 99 117 12.6 0.3
"30" "30" 1997-12-30 26.09 "LAL" "" "SAC" "W" 13 1 33.3833333333333 0.368 0.3 0 14.5 8.3 55 0 0 21.6 19.2 91 91 7.6 -1.6
"31" "31" 1998-01-02 26.1 "LAL" "" "ATL" "W" 10 1 34.5166666666667 0.624 0.6 16 0 8.2 50 2.9 0 14.5 25.1 137 116 25.1 11.9
"32" "32" 1998-01-04 26.1 "LAL" "" "PHI" "L" -6 1 36.55 0.335 0.3 2.4 18.5 9.6 30.6 2.7 0 8.7 12.3 106 116 9 -2.9
"33" "33" 1998-01-06 26.11 "LAL" "@" "VAN" "W" 13 1 36.7 0.563 0.563 2.7 5.1 3.9 29.2 4 0 20 11.8 111 91 11.8 3.6
"34" "34" 1998-01-07 26.11 "LAL" "" "MIL" "W" 12 1 25.0833333333333 0.6 0.6 0 5.1 2.6 98.1 0 0 44.4 15.1 117 111 11.8 4.5
"35" "35" 1998-01-09 26.12 "LAL" "@" "LAC" "W" 10 1 33.2 0.507 0.467 3.7 7.9 5.7 20.9 0 0 5.6 23 118 127 10.3 -2.2
"36" "36" 1998-01-11 26.12 "LAL" "" "CHH" "L" -5 1 36.1333333333333 0.605 0.643 0 5.9 3.2 32.4 0 0 16.8 23.9 99 111 11.6 0.4
"37" "" 1998-01-14 26.13 "LAL" "" "DEN" "W" 18 NA NA NA NA NA NA NA NA NA NA NA NA NA NA NA NA
"38" "37" 1998-01-17 26.14 "LAL" "" "MIA" "W" 9 1 33.1666666666667 0.792 0.773 3.7 17.7 10.9 29.4 1.5 0 6.4 20.4 161 105 20.7 13
"39" "38" 1998-01-19 26.15 "LAL" "" "ORL" "W" 3 1 40.4166666666667 0.377 0.368 0 24.1 10.2 12.9 2.6 0 0 21.6 92 95 7.5 -3.7
"40" "39" 1998-01-21 26.15 "LAL" "@" "PHO" "W" 10 1 38.7 0.468 0.462 2.8 13.4 8.2 21.7 0 0 0 15.5 120 116 10.7 0.6
"41" "40" 1998-01-24 26.16 "LAL" "@" "SEA" "L" -6 1 45.4833333333333 0.359 0.35 0 0 0 28.8 3.4 0 12.6 23.2 78 112 7 -2.6
"42" "41" 1998-01-28 26.17 "LAL" "" "NJN" "L" -11 1 31.4166666666667 0.111 0.111 0 3.2 1.6 33.1 3.2 2 25 15.9 53 114 1.3 -7.8
"43" "" 1998-01-30 26.18 "LAL" "" "MIN" "W" 7 NA NA NA NA NA NA NA NA NA NA NA NA NA NA NA NA
"44" "" 1998-02-01 26.18 "LAL" "" "CHI" "W" 25 NA NA NA NA NA NA NA NA NA NA NA NA NA NA NA NA
"45" "42" 1998-02-04 26.19 "LAL" "" "POR" "W" 7 1 34.5166666666667 0.836 0.833 0 12 6.5 51.3 2.8 0 0 17.2 181 114 28.3 16.8
"46" "43" 1998-02-10 26.21 "LAL" "@" "POR" "L" -12 1 24.35 0.383 0.25 6.1 4.8 5.6 11.8 2 0 14.5 21.6 89 124 4.9 -6.9
"47" "44" 1998-02-11 26.21 "LAL" "" "GSW" "W" 6 1 35.55 0.864 0.864 0 8 4.4 63.6 0 0 8.3 14.8 172 115 23 12.5
"48" "45" 1998-02-13 26.21 "LAL" "" "SEA" "L" -5 1 33.9333333333333 0.333 0.333 3 11.7 6.8 21.5 4.8 0 14.3 17.6 85 112 5.7 -2.4
"49" "46" 1998-02-15 26.22 "LAL" "" "HOU" "L" -2 1 33.8 0.101 0 0 6.6 3.2 37.4 1.6 0 9.2 14.5 66 109 2.2 -6.8
"50" "" 1998-02-18 26.23 "LAL" "@" "PHO" "L" -7 NA NA NA NA NA NA NA NA NA NA NA NA NA NA NA NA
"51" "" 1998-02-19 26.23 "LAL" "" "DEN" "W" 39 NA NA NA NA NA NA NA NA NA NA NA NA NA NA NA NA
"52" "" 1998-02-22 26.24 "LAL" "@" "ORL" "L" -2 NA NA NA NA NA NA NA NA NA NA NA NA NA NA NA NA
"53" "" 1998-02-24 26.24 "LAL" "@" "MIL" "W" 17 NA NA NA NA NA NA NA NA NA NA NA NA NA NA NA NA
"54" "" 1998-02-25 26.25 "LAL" "@" "IND" "W" 7 NA NA NA NA NA NA NA NA NA NA NA NA NA NA NA NA
"55" "47" 1998-03-15 26.3 "LAL" "@" "VAN" "W" 9 0 18 0.82 0.875 0 0 0 43.2 5.7 0 17 14.5 154 115 10.4 10.1
"56" "48" 1998-03-16 26.3 "LAL" "@" "SEA" "L" -12 0 21.6 0.579 0.5 11.5 13.6 12.5 8.9 0 0 0 18.8 137 125 7.7 1.2
"57" "49" 1998-03-18 26.3 "LAL" "" "PHO" "W" 6 0 27.2 0.515 0.417 0 17.8 9.5 38.4 3.8 0 11.4 13.7 124 95 10.4 6.8
"58" "50" 1998-03-20 26.31 "LAL" "" "SEA" "W" 13 0 24.4333333333333 0.726 0.5 0 19 10.5 35.7 0 3.5 13.9 13.9 153 93 9.8 5.3
"59" "51" 1998-03-22 26.32 "LAL" "@" "SAC" "W" 3 0 30.15 0.591 0.5 0 5.6 3.2 30.8 3.5 0 11.1 25.5 128 100 14.4 10.3
"60" "52" 1998-03-23 26.32 "LAL" "@" "DEN" "W" 21 0 23.6833333333333 0.6 0.6 0 0 0 34.3 2.3 0 0 9.8 152 105 8.5 2.7
"61" "53" 1998-03-25 26.32 "LAL" "" "SAC" "W" 23 0 28.9666666666667 0.667 0.667 0 0 0 29.4 1.8 0 25 18.1 117 103 9.9 1.2
"62" "54" 1998-03-28 26.33 "LAL" "@" "UTA" "L" -15 0 35.0333333333333 0.504 0.464 0 0 0 34.1 1.6 0 11.8 25.1 101 133 10 -1.3
"63" "55" 1998-03-29 26.33 "LAL" "" "WAS" "W" 27 0 20.6333333333333 0.417 0.417 0 0 0 30.9 2.2 0 25 16.1 93 97 4.8 -0.9
"64" "56" 1998-03-31 26.34 "LAL" "@" "TOR" "W" 9 0 28.5333333333333 0.393 0.364 0 9.7 5.4 14.9 1.6 0 20.8 20.8 76 108 3.1 -11.5
"65" "57" 1998-04-02 26.35 "LAL" "@" "NJN" "W" 11 0 25.1333333333333 0.551 0.55 4.8 7.5 6.3 34.5 2 0 8.4 20.4 127 113 11.3 5
"66" "58" 1998-04-03 26.35 "LAL" "@" "CLE" "W" 12 0 32.25 0.75 0.75 0 11 6 26.9 3.4 0 20 14.4 133 103 13.5 8.6
"67" "59" 1998-04-05 26.35 "LAL" "@" "DET" "W" 2 0 37.7 0.638 0.607 0 9.3 4.3 19.1 0 0 6.3 18.8 138 115 14.3 4.4
"68" "60" 1998-04-08 26.36 "LAL" "" "VAN" "W" 11 0 25.5833333333333 0.286 0.286 0 8 3.8 28.2 0 0 22.2 13.9 80 111 2.7 -11.6
"69" "61" 1998-04-10 26.37 "LAL" "" "PHO" "L" -9 0 26.9666666666667 0.421 0.364 3.4 14.4 7.9 39.3 1.9 0 0 17.6 127 124 11 4.7
"70" "62" 1998-04-11 26.37 "LAL" "@" "GSW" "W" 12 0 23.2 0.357 0.357 9.1 0 5 6.8 0 0 36.4 20.6 60 102 -1.4 -13.4
"71" "63" 1998-04-13 26.38 "LAL" "@" "SAS" "W" 24 0 22.8666666666667 0.654 0.654 6.3 13.5 11 9.3 2.4 0 13.3 33.8 108 86 11.9 7.6
"72" "" 1998-04-14 26.38 "LAL" "@" "DAL" "W" 16 NA NA NA NA NA NA NA NA NA NA NA NA NA NA NA NA
"73" "" 1998-04-17 26.39 "LAL" "" "DAL" "W" 29 NA NA NA NA NA NA NA NA NA NA NA NA NA NA NA NA
"74" "64" 1998-04-19 26.39 "LAL" "" "UTA" "W" 4 0 30.75 0.791 0.75 4.3 3.5 3.9 39.9 0 0 13.7 22.6 150 119 17.3 8.3
"1" "1" 1999-02-05 27.19 "DEN" "" "MIN" "L" -18 1 35.0666666666667 0.482 0.433 3.1 8.6 6 63 1.4 0 18.5 25.1 101 116 13.3 3
"2" "2" 1999-02-07 27.2 "DEN" "@" "PHO" "L" -7 1 38.1833333333333 0.506 0.5 0 7.7 3.3 32.7 2.6 0 13.2 25.6 104 120 15 2
"3" "3" 1999-02-08 27.2 "DEN" "@" "HOU" "L" -19 1 29.3666666666667 0.23 0.154 0 3.7 1.6 16.7 1.9 0 11.6 26.3 54 121 -0.7 -14.3
"4" "4" 1999-02-10 27.21 "DEN" "" "LAL" "L" -5 1 38.3333333333333 0.226 0.184 2.5 6.8 4.4 36.9 0 0 20.1 26.3 74 120 -0.2 -12.4
"5" "5" 1999-02-12 27.21 "DEN" "" "DAL" "W" 6 1 38.15 0.683 0.667 0 11.9 6.4 39.1 3.9 0 13.2 26.1 124 94 22.9 11.9
"6" "6" 1999-02-13 27.21 "DEN" "@" "SEA" "L" -13 1 34.2166666666667 0.576 0.538 0 16 9.2 17.3 3.2 0 22.4 25.9 94 115 9.3 -4.9
"7" "7" 1999-02-15 27.22 "DEN" "" "PHO" "L" -9 1 36.45 0.523 0.471 0 14 6.3 46.8 0 0 0 23.4 125 126 17.8 3.6
"8" "8" 1999-02-17 27.22 "DEN" "@" "POR" "L" -15 1 33.9 0.373 0.308 0 3.9 1.6 44.2 1.5 0 6.3 19.7 95 112 7.9 -2.1
"9" "9" 1999-02-18 27.23 "DEN" "@" "UTA" "L" -11 1 35.9833333333333 0.458 0.421 6.2 8.3 7.1 54.2 1.5 0 12.6 31.6 101 114 12.5 1
"10" "10" 1999-02-22 27.24 "DEN" "" "LAL" "W" 4 1 39.0833333333333 0.384 0.25 0 8.5 4.3 61.1 2.7 0 16.1 29.5 98 113 11.6 -3.6
"11" "11" 1999-02-24 27.24 "DEN" "" "UTA" "W" 10 1 32.1666666666667 0.617 0.594 4.3 21.4 11.9 47.7 1.8 0 13.9 32.7 126 106 18.6 11.5
"12" "12" 1999-02-25 27.25 "DEN" "@" "DAL" "L" -9 1 36.3833333333333 0.533 0.533 0 2.8 1.3 11.8 1.5 0 6.3 19.3 111 110 8.8 -1
"13" "13" 1999-02-26 27.25 "DEN" "" "MIL" "W" 1 1 29.5333333333333 0.631 0.591 0 0 0 35.6 1.9 0 20.2 23.6 121 115 11.1 2.8
"14" "14" 1999-02-28 27.25 "DEN" "" "VAN" "W" 4 1 29.85 0.515 0.333 0 0 0 55.2 3.3 0 27.9 15.5 121 117 10.4 -1.5
"15" "15" 1999-03-02 27.26 "DEN" "@" "IND" "L" -7 1 47.2 0.528 0.457 2.4 6.5 4.6 48.3 0 1.6 7 28.7 120 113 19.5 5.8
"16" "16" 1999-03-04 27.27 "DEN" "@" "MIA" "L" -8 1 42.8833333333333 0.331 0.25 2.8 7.4 4.8 35.1 1.3 0 4.2 25.3 96 116 8.3 -1.6
"17" "17" 1999-03-05 27.27 "DEN" "@" "BOS" "L" -8 1 44.2166666666667 0.371 0.278 4.4 2.3 3.3 20.5 1.1 0 16.5 22.1 84 110 6.2 -6.7
"18" "18" 1999-03-07 27.27 "DEN" "" "SAS" "L" -10 1 42.8166666666667 0.488 0.5 0 0 0 44.7 0 0 5.1 22.5 111 131 14.4 -3
"19" "19" 1999-03-09 27.28 "DEN" "@" "HOU" "L" -9 1 38.5333333333333 0.338 0.25 0 15.4 6.1 36 0 0 10.1 11.4 93 105 4.4 -6.4
"20" "20" 1999-03-11 27.28 "DEN" "@" "UTA" "L" -5 1 29.7 0.571 0.5 0 0 0 15.4 1.9 0 33.7 19.3 85 118 4 -6.7
"21" "21" 1999-03-13 27.29 "DEN" "@" "SAS" "L" -31 1 35.2 0.462 0.438 0 8.1 3.4 48.1 0 0 18.8 28.1 83 109 6.6 -0.4
"22" "22" 1999-03-15 27.3 "DEN" "" "VAN" "W" 26 1 25.3666666666667 0.563 0.563 0 4.4 2.5 27.2 2 2.7 11.1 17.2 114 97 9.5 -2.5
"23" "23" 1999-03-17 27.3 "DEN" "" "HOU" "L" -5 1 26.0833333333333 0.689 0.7 0 4.5 2.3 44.7 0 2.5 0 20 158 129 15.5 9
"24" "24" 1999-03-19 27.31 "DEN" "" "MIN" "L" -4 1 34.0833333333333 0.512 0.382 0 3.5 1.6 66.7 0 0 0 26.1 133 120 19.7 7.4
"25" "25" 1999-03-21 27.31 "DEN" "" "SEA" "W" 4 1 33.9833333333333 0.492 0.447 0 5.3 3.2 20.1 1.6 0 9 30.7 103 114 9.2 -6.8
"26" "26" 1999-03-23 27.32 "DEN" "@" "SAS" "L" -30 1 27.7333333333333 0.537 0.467 0 5.4 2.1 45.3 0 0 19.3 33.4 102 134 10 0.9
"27" "27" 1999-03-25 27.32 "DEN" "" "SAS" "L" -21 1 32.3833333333333 0.576 0.538 0 14.3 6.9 32.1 1.7 0 6.7 22 113 99 12.6 6.8
"28" "28" 1999-03-26 27.33 "DEN" "@" "DAL" "L" -19 1 35.45 0.168 0.182 0 4 1.7 43.9 0 0 14.4 17.5 61 118 0.5 -11.1
"29" "29" 1999-03-27 27.33 "DEN" "" "WAS" "L" -12 1 38.3666666666667 0.681 0.688 0 3.6 1.9 53.5 1.4 0 15.1 25.8 127 130 19.5 5.6
"30" "30" 1999-03-29 27.33 "DEN" "" "LAC" "W" 12 1 40.6 0.569 0.528 0 5.1 2.7 23.9 1.3 0 9.4 22.7 115 99 14.9 1.5
"31" "31" 1999-03-30 27.34 "DEN" "@" "VAN" "L" -14 1 45.1666666666667 0.532 0.409 2.7 2.9 2.8 46.2 1.2 0 0 29.9 128 121 24.5 7.5
"32" "32" 1999-04-01 27.34 "DEN" "" "SEA" "W" 3 1 37.5333333333333 0.637 0.609 0 6.2 3.4 28.6 0 0 3.9 31.4 131 125 21.6 6
"33" "33" 1999-04-02 27.35 "DEN" "@" "MIN" "L" -19 1 35.9666666666667 0.352 0.333 0 7.6 3.8 32 0 0 24.5 32 68 125 1.2 -16.5
"34" "34" 1999-04-04 27.35 "DEN" "" "LAC" "W" 2 1 6.4 0 0 0 0 0 82.8 0 0 0 24.3 47 108 0 -13.4
"35" "35" 1999-04-05 27.35 "DEN" "@" "LAL" "L" -13 1 45.4166666666667 0.646 0.577 0 20.3 10.8 43.5 0 0 5.9 34.8 135 126 33.1 9
"36" "36" 1999-04-07 27.36 "DEN" "@" "VAN" "W" 3 1 40.9833333333333 0.45 0.432 0 6 2.8 14.3 2.7 0 23.1 34 78 101 5.3 -6
"37" "37" 1999-04-10 27.37 "DEN" "@" "SAC" "L" -6 1 41.9666666666667 0.548 0.538 2.2 2.7 2.5 37.7 0 0 7 27.3 121 120 20.5 4.6
"38" "38" 1999-04-12 27.37 "DEN" "" "GSW" "L" -8 1 28.3166666666667 0 0 4.5 4.5 4.5 38.7 0 0 36.4 19.2 41 125 -4.2 -21.4
"39" "39" 1999-04-14 27.38 "DEN" "" "NJN" "W" 23 1 34.2666666666667 0.458 0.458 4 5.8 5 44.4 3 0 14.3 18.5 119 103 12.4 1.2
"40" "40" 1999-04-15 27.38 "DEN" "@" "GSW" "L" -6 1 40.4 0.252 0.192 0 2.5 1.2 46.6 1.3 0 12.6 17.5 77 102 5.3 -4.6
"41" "41" 1999-04-17 27.39 "DEN" "@" "SAC" "L" -22 1 37.35 0.382 0.382 0 6.5 2.7 44.3 1.4 0 5.6 19.4 106 127 11.8 -1.1
"42" "42" 1999-04-18 27.39 "DEN" "@" "LAC" "W" 2 1 44.35 0.631 0.565 0 0 0 34.9 0 0 10 32.8 127 123 23.4 5.4
"43" "43" 1999-04-23 27.4 "DEN" "" "GSW" "W" 12 1 38.75 0.324 0.269 0 15.8 7.8 54.6 1.4 0 12.6 20.4 92 101 10.7 -5
"44" "44" 1999-04-24 27.41 "DEN" "@" "GSW" "L" -19 1 30.8166666666667 0.184 0.1 0 6.2 2.9 38 1.7 0 21.6 20.5 47 104 0.2 -11.7
"45" "45" 1999-04-26 27.41 "DEN" "@" "POR" "L" -16 1 37.4 0.389 0.389 2.4 9.1 5.3 18.4 1.6 0 0 11.1 108 119 5.8 -4.1
"46" "46" 1999-04-29 27.42 "DEN" "" "PHO" "L" -11 1 40.8333333333333 0.37 0.357 0 4.9 2.8 43.9 0 0 25.2 23.7 86 127 5.3 -8.5
"47" "47" 1999-04-30 27.42 "DEN" "@" "SEA" "L" -10 1 39.0166666666667 0.567 0.533 0 3.3 1.6 46.1 1.4 0 20.1 23.2 112 127 14.5 -0.1
"48" "48" 1999-05-02 27.43 "DEN" "" "POR" "L" -8 1 31.5333333333333 0.454 0.423 0 0 0 36.9 1.7 0 12.3 23.4 108 130 9.3 -4.3
"49" "49" 1999-05-03 27.43 "DEN" "" "SAC" "L" -8 1 40.1333333333333 0.678 0.654 0 10 4.6 21.6 1.2 0 11.9 17.6 132 118 17.4 2.2
"50" "50" 1999-05-05 27.44 "DEN" "" "HOU" "L" -7 1 43.8166666666667 0.703 0.708 0 4.7 2.1 41.2 1.2 0 7.4 26.5 137 111 27.9 11.6
"1" "1" 1999-11-02 27.93 "DEN" "" "PHO" "W" 5 1 45.55 0.706 0.69 4.6 12.8 9.2 39.6 0 0 11.1 26.3 135 103 29.7 10.9
"2" "2" 1999-11-05 27.94 "DEN" "@" "POR" "L" -12 1 35.3666666666667 0.487 0.469 0 9.8 5.1 55.1 3 0 19.6 27.1 95 102 12.4 3.1
"3" "3" 1999-11-06 27.94 "DEN" "@" "VAN" "L" -15 1 35.7666666666667 0.25 0.25 0 15.7 7.4 31.8 0 0 27.3 14.6 69 132 1.5 -13.3
"4" "4" 1999-11-08 27.95 "DEN" "" "ATL" "W" 15 1 42.5666666666667 0.557 0.5 0 11.2 5.1 61.9 2.5 0 12.7 23.2 136 113 27 9
"5" "5" 1999-11-12 27.96 "DEN" "" "POR" "L" -15 1 38.7166666666667 0.524 0.5 2.6 10.5 6.5 20.6 1.4 0 25.9 22.4 87 110 7.8 -3.3
"6" "6" 1999-11-14 27.96 "DEN" "@" "SAC" "L" -10 1 39.8166666666667 0.594 0.571 2.7 5.7 4.2 24.6 0 0 8.4 25 120 127 18.7 0.8
"7" "7" 1999-11-16 27.97 "DEN" "" "NYK" "L" -7 1 36.0833333333333 0.396 0.385 0 14.8 6 35 0 0 17.8 20.9 84 112 5.1 -5.7
"8" "8" 1999-11-18 27.98 "DEN" "" "LAL" "W" 11 1 41 0.578 0.553 0 11.1 5.9 41.7 0 1.9 0 22 134 98 20.4 10.1
"9" "9" 1999-11-20 27.98 "DEN" "" "CHI" "W" 9 1 34.4666666666667 0.3 0.3 0 3.3 1.8 37 1.6 0 16.7 8.4 108 109 5.4 -4.2
"10" "10" 1999-11-24 27.99 "DEN" "" "TOR" "W" 25 1 28.4 0.663 0.615 0 22 8.8 30.5 0 0 6.5 21.8 140 93 16.6 8.8
"11" "11" 1999-11-26 28 "DEN" "" "MIN" "W" 9 1 42.6166666666667 0.603 0.462 2.6 9.7 6.3 30.7 2.2 0 14.7 19.3 129 107 21 6
"12" "12" 1999-11-27 28 "DEN" "@" "SAS" "L" -19 1 35.2666666666667 0.184 0.2 3 13.7 8.1 28.9 1.6 0 15.5 18.4 61 125 2.8 -11.3
"13" "13" 1999-11-30 28.01 "DEN" "@" "MIN" "L" -17 1 33.5666666666667 0.467 0.467 3.4 7.3 5.3 45.7 1.5 0 25 25.4 87 113 6.9 -1.7
"14" "14" 1999-12-01 28.01 "DEN" "" "DET" "W" 4 1 16.4833333333333 0.643 0.6 0 14.6 8 44.4 0 0 15.5 18.2 133 108 5.5 -0.7
"15" "15" 1999-12-03 28.02 "DEN" "" "ORL" "L" -12 1 40.5333333333333 0.206 0.206 2 0 1.2 37.3 1.2 0 19 19 67 119 0.5 -11.5
"16" "16" 1999-12-05 28.02 "DEN" "@" "NYK" "W" 2 1 36.9 0.397 0.37 0 14.4 6.8 34.8 3 0 3.8 33.2 89 88 11.1 4.7
"17" "17" 1999-12-06 28.02 "DEN" "@" "PHI" "W" 17 1 39.65 0.702 0.682 0 19.7 11.4 47.9 0 0 7.6 32.8 130 84 28.3 14
"18" "18" 1999-12-08 28.03 "DEN" "@" "BOS" "L" -25 1 25.9 0.512 0.375 0 13.2 6.3 15.7 0 0 41.8 27.1 62 114 0.5 -15.3
"19" "19" 1999-12-10 28.04 "DEN" "@" "CHH" "L" -7 1 37.35 0.4 0.4 0 20.5 8.6 20.5 0 0 3.8 29.9 95 114 8.8 -3.4
"20" "20" 1999-12-11 28.04 "DEN" "@" "MIL" "W" 2 1 43.55 0.493 0.413 0 8 3.6 33.3 1.1 0 12.7 31.2 101 107 17.2 0.1
"21" "21" 1999-12-14 28.05 "DEN" "@" "SEA" "L" -25 1 28.7 0.2 0.2 6.5 0 3.6 58 1.6 0 23.1 18.5 63 111 2.3 -8.5
"22" "22" 1999-12-16 28.05 "DEN" "" "SAC" "W" 10 1 43.6166666666667 0.572 0.532 2.2 13.6 7.8 36.9 5.6 0 8.3 30.9 134 101 33.4 15.3
"23" "23" 1999-12-18 28.06 "DEN" "" "SAS" "W" 2 1 40.6833333333333 0.2 0.2 0 8.6 3.9 34.6 3.9 0 16.7 19.2 63 93 3.9 -4.9
"24" "24" 1999-12-20 28.06 "DEN" "" "POR" "W" 9 1 42.4166666666667 0.581 0.5 0 18.2 9.3 40.8 0 0 16.2 13.5 127 103 15.7 1.9
"25" "25" 1999-12-23 28.07 "DEN" "@" "VAN" "L" -2 1 43.0833333333333 0.376 0.313 0 7.4 3.9 35.5 2.5 0 13.9 24.6 87 107 10.5 -3.8
"26" "26" 1999-12-26 28.08 "DEN" "" "VAN" "W" 23 1 33.3833333333333 0.619 0.563 0 14.8 8.5 66.7 1.5 0 25.3 32.9 110 93 19.2 4.7
"27" "27" 1999-12-28 28.08 "DEN" "" "LAC" "W" 23 1 34.9666666666667 0.742 0.643 0 17.1 9.2 44 0 0 0 10.9 179 110 20.6 6.4
"28" "28" 1999-12-30 28.09 "DEN" "" "BOS" "L" -8 1 38.2833333333333 0.186 0.154 0 19.6 9.2 64.4 0 0 13 17.5 72 109 5.8 -5.8
"29" "29" 2000-01-03 28.1 "DEN" "@" "UTA" "L" -20 1 35.55 0.722 0.688 0 10.5 5.2 50.6 2.9 0 31.1 20.3 113 118 15.3 4.8
"30" "30" 2000-01-04 28.1 "DEN" "" "DAL" "W" 2 1 42.5 0.447 0.447 2.5 10.6 6.4 46.7 0 0 9.5 21.4 112 109 15.1 0.3
"31" "31" 2000-01-06 28.11 "DEN" "" "IND" "L" -15 1 37.85 0.416 0.393 0 16.6 7.4 46.4 0 0 17.2 21 92 122 9.6 -3.1
"32" "32" 2000-01-08 28.12 "DEN" "" "CHH" "W" 5 1 40.6666666666667 0.735 0.725 5.2 10.6 7.9 46.5 2.5 0 8.4 25.7 140 99 29.8 18.9
"33" "33" 2000-01-10 28.12 "DEN" "@" "LAL" "L" -35 1 28.3666666666667 0.599 0.5 0 0 0 19.3 0 1.9 17.4 26 104 136 10.8 -1.7
"34" "34" 2000-01-12 28.13 "DEN" "" "SEA" "L" -10 1 42.0666666666667 0.182 0.182 0 7.1 3 33.3 1.3 0 8.3 13.6 77 120 3.8 -11.1
"35" "" 2000-01-14 28.13 "DEN" "" "MIA" "L" -5 NA NA NA NA NA NA NA NA NA NA NA NA NA NA NA NA
"36" "35" 2000-01-16 28.14 "DEN" "@" "PHO" "L" -13 1 30.9833333333333 0.324 0.308 3.2 4 3.6 28.3 4.9 0 0 19.2 95 117 9.3 -1.4
"37" "36" 2000-01-20 28.15 "DEN" "@" "HOU" "L" -7 1 36.65 0.561 0.52 5.8 6 5.9 45.8 1.4 0 3.5 32.6 131 132 27.2 9.6
"38" "37" 2000-01-21 28.15 "DEN" "" "PHO" "L" -2 1 37.4166666666667 0.36 0.346 0 6.5 3.2 31.5 1.4 0 26.5 22.6 72 114 1.6 -12.3
"39" "38" 2000-01-24 28.16 "DEN" "" "VAN" "W" 12 1 33.75 0.556 0.464 3.1 13.1 8 39.1 0 0 19.8 24.5 115 109 13.6 -1.8
"40" "39" 2000-01-28 28.17 "DEN" "" "HOU" "W" 6 1 35 0.581 0.5 0 21.8 10.8 34.5 2.8 4 14.2 26.4 111 93 19.4 8.8
"41" "40" 2000-01-29 28.17 "DEN" "@" "DAL" "L" -11 1 27.0666666666667 0.4 0.4 0 4.1 1.9 23 0 0 16.7 17.8 86 116 3.3 -8
"42" "41" 2000-01-31 28.18 "DEN" "" "PHI" "W" 3 1 45.7833333333333 0.441 0.4 2.3 12.8 7.7 18.2 1.1 1.3 20.1 18.4 84 84 9.2 -3.9
"43" "42" 2000-02-02 28.18 "DEN" "" "MIL" "W" 23 1 34.7333333333333 0.783 0.765 4.4 2.9 3.5 38.4 4.3 0 0 23.3 175 119 30.6 16.6
"44" "43" 2000-02-04 28.19 "DEN" "@" "GSW" "L" -2 1 34.3833333333333 0.389 0.4 3 10.3 6.4 35.4 0 0 6.1 21.1 96 113 8.9 -4.7
"45" "" 2000-02-05 28.19 "DEN" "" "MIN" "L" -8 NA NA NA NA NA NA NA NA NA NA NA NA NA NA NA NA
"46" "44" 2000-02-07 28.2 "DEN" "@" "LAL" "L" -8 1 40.2 0.375 0.375 2.4 5.5 3.8 23.5 0 0 7.7 28.6 87 121 7.1 -5.4
"47" "45" 2000-02-09 28.2 "DEN" "" "SAS" "L" -9 1 16.3 0 0 0 20.5 10 47.4 0 4.2 50 10 63 108 2 -4.8
"48" "" 2000-02-10 28.21 "DEN" "@" "SAC" "L" -12 NA NA NA NA NA NA NA NA NA NA NA NA NA NA NA NA
"49" "46" 2000-02-15 28.22 "DEN" "@" "MIN" "W" 3 1 47.05 0.485 0.458 0 14.5 7 28.4 1.1 0 21.4 30.6 92 107 13.6 -2.8
"50" "47" 2000-02-17 28.22 "DEN" "@" "CLE" "L" -18 1 35.9833333333333 0.346 0.346 0 16.7 7.7 65.2 2.7 0 18.8 19.4 88 120 12.5 0.8
"51" "48" 2000-02-18 28.23 "DEN" "@" "TOR" "W" 4 1 40.3166666666667 0.485 0.321 3.2 11.5 8 26.5 1.3 0 28.5 27.6 86 100 7.6 -5.4
"52" "49" 2000-02-21 28.24 "DEN" "" "SAC" "W" 6 1 47.3166666666667 0.637 0.632 0 2.2 1.1 47.3 1.1 0 12.4 21.5 132 119 24.9 4.9
"53" "50" 2000-02-22 28.24 "DEN" "@" "PHO" "L" -19 1 29.3833333333333 0.3 0.3 0 11.5 5.2 23.6 0 0 23.1 19.9 57 100 -1 -11.9
"54" "51" 2000-02-24 28.24 "DEN" "@" "HOU" "W" 9 1 42.3333333333333 0.484 0.432 0 2.7 1.3 40.9 2.4 0 17.4 28.6 103 109 16.2 0.3
"55" "52" 2000-02-26 28.25 "DEN" "@" "DAL" "L" -2 1 42.2666666666667 0.388 0.357 0 5.2 2.5 44 0 0 4.4 23.5 101 110 12.3 -0.2
"56" "53" 2000-03-01 28.26 "DEN" "" "NJN" "L" -13 1 43.9333333333333 0.111 0.111 1.8 12.1 6.2 40.1 0 1.6 25 11.7 55 107 3.3 -11.2
"57" "54" 2000-03-03 28.27 "DEN" "" "GSW" "W" 34 1 33.5166666666667 0.5 0.5 0 11.6 6.7 45.9 2.7 0 60 11.3 91 85 10.7 0.2
"58" "55" 2000-03-05 28.27 "DEN" "" "CLE" "L" -8 1 42.4666666666667 0.556 0.556 0 14.6 6.7 55.7 1.2 0 18.2 20.8 110 106 16.9 4.5
"59" "56" 2000-03-07 28.28 "DEN" "@" "IND" "L" -1 1 37.7833333333333 0.336 0.321 0 5.1 2.5 29.8 0 0 16.8 19.4 84 105 3.8 -4.9
"60" "57" 2000-03-08 28.28 "DEN" "@" "DET" "L" -14 1 34.7833333333333 0.731 0.731 0 3.3 1.8 33.6 0 0 23.5 20.5 121 134 15 -0.5
"61" "58" 2000-03-10 28.28 "DEN" "@" "MIA" "L" -8 1 37.9333333333333 0.126 0.091 3 13.3 7.9 48.7 0 0 14.4 16.9 68 112 3.5 -6.5
"62" "59" 2000-03-11 28.29 "DEN" "@" "ORL" "L" -3 1 13.1333333333333 0 0 11.9 0 4.9 65.2 0 0 0 7.1 119 121 3.1 0.3
"63" "60" 2000-03-13 28.29 "DEN" "" "LAL" "L" -10 1 34.65 0.517 0.5 0 7.8 3.3 70 2.9 0 10.8 23 120 124 19.3 10.1
"64" "61" 2000-03-14 28.3 "DEN" "@" "LAC" "L" -4 1 29.3666666666667 0.571 0.571 5.7 15 10.7 20.4 0 0 17.6 27.1 108 123 9.6 -5.5
"65" "62" 2000-03-17 28.3 "DEN" "" "LAC" "W" 27 1 33.3833333333333 0.563 0.5 3.1 12.1 8.2 31.8 1.4 0 18.4 14 119 90 11.6 -1.6
"66" "63" 2000-03-18 28.31 "DEN" "@" "SAS" "L" -20 1 28.8666666666667 0.338 0.25 0 7.5 3.6 37.2 0 0 10.1 14.9 82 115 4.2 -5.9
"67" "64" 2000-03-21 28.32 "DEN" "@" "UTA" "L" -13 1 38.5333333333333 0.282 0.167 0 9.7 4.6 54.2 0 0 12.3 19.1 83 108 7.2 -3
"68" "65" 2000-03-23 28.32 "DEN" "" "WAS" "L" -14 1 38.4166666666667 0.545 0.462 2.3 8.6 5.1 48.9 0 0 15.4 22.1 107 112 12.3 -0.7
"69" "66" 2000-03-24 28.32 "DEN" "@" "CHI" "L" -2 1 44.05 0.381 0.321 0 11.1 5.4 21.1 2.3 0 30.8 22.4 60 77 1.9 -5.5
"70" "67" 2000-03-26 28.33 "DEN" "@" "NJN" "W" 2 1 45.8833333333333 0.64 0.619 2.5 8.3 5.7 38.5 0 1.4 18.6 25.5 125 125 22.5 3.4
"71" "68" 2000-03-28 28.33 "DEN" "@" "ATL" "L" -5 1 39.3666666666667 0.508 0.476 0 3.3 1.5 42.4 2.6 0 7.8 28.1 120 127 19.7 3.6
"72" "69" 2000-03-29 28.34 "DEN" "@" "WAS" "W" 8 1 42.8833333333333 0.488 0.417 3.3 12.9 9.1 40.7 0 0 18.4 35.4 95 104 13.7 -5
"73" "70" 2000-04-01 28.35 "DEN" "" "UTA" "W" 20 1 44.6833333333333 0.561 0.5 0 18.2 10 49.1 1.2 0 0 25.6 143 106 27.6 9.4
"74" "71" 2000-04-04 28.35 "DEN" "@" "SEA" "L" -13 1 37.7666666666667 0.178 0.188 0 6.2 2.8 39.2 0 0 5.6 21 66 122 0.6 -14
"75" "72" 2000-04-06 28.36 "DEN" "" "DAL" "L" -1 1 43.8 0.44 0.417 0 8.2 4.4 41.8 1.3 0 9.4 22.9 116 125 13.9 -3
"76" "73" 2000-04-08 28.36 "DEN" "" "SEA" "W" 8 1 37.05 0.418 0.333 2.7 19.7 11 51.5 1.4 0 8.5 26.6 112 107 15.6 -0.5
"77" "74" 2000-04-09 28.37 "DEN" "@" "GSW" "L" -14 1 31.4333333333333 0.431 0.318 0 9.7 5 33.5 1.6 0 13.6 19.7 106 118 7.7 -4.9
"78" "75" 2000-04-11 28.37 "DEN" "" "HOU" "L" -10 1 44.8833333333333 0.531 0.52 2.2 10.4 6 48.5 0 1.7 10.5 28.2 105 115 20.4 4.2
"79" "76" 2000-04-14 28.38 "DEN" "" "GSW" "W" 8 1 45.0833333333333 0.479 0.368 2.5 7.9 5.6 26 1.1 1.4 14.8 24.8 104 106 13.6 -2.6
"80" "77" 2000-04-15 28.38 "DEN" "@" "LAC" "W" 1 1 49.4 0.612 0.578 0 5.9 3.3 33.7 0 0 7.7 34.9 125 109 28.7 5.2
"81" "78" 2000-04-18 28.39 "DEN" "" "UTA" "W" 1 1 41.8833333333333 0.4 0.353 0 3 1.4 41.1 5.2 0 9.6 22.9 98 109 13.2 -1.5
"82" "79" 2000-04-19 28.39 "DEN" "@" "POR" "W" 1 1 35.1833333333333 0.579 0.579 0 9.6 4.9 43.1 0 1.8 5 28.6 121 113 18.8 8.8
"1" "1" 2000-11-01 28.93 "DEN" "@" "SEA" "L" -13 1 32.5333333333333 0.516 0.522 0 9.1 3.6 41.6 0 0 3.8 33.9 111 118 17.2 5.5
"2" "2" 2000-11-02 28.93 "DEN" "" "GSW" "W" 4 1 33.8666666666667 0.557 0.5 6.4 8.6 7.6 54.5 0 1.7 4.6 27.8 122 102 20.8 8.8
"3" "3" 2000-11-04 28.94 "DEN" "" "PHO" "L" -3 1 29.7666666666667 0.448 0.346 0 4.8 2.1 54.1 1.6 0 11.3 24.2 107 110 11.3 0.9
"4" "4" 2000-11-06 28.95 "DEN" "" "DAL" "L" -12 1 30.6666666666667 0.547 0.591 0 4.8 2.2 42.3 0 0 14.4 19.8 112 122 10 2.2
"5" "5" 2000-11-08 28.95 "DEN" "" "MIN" "W" 2 1 37.25 0.388 0.333 3.1 5.8 4.5 38.6 1.5 0 4.9 25.3 106 118 12.4 -2.3
"6" "6" 2000-11-09 28.95 "DEN" "@" "POR" "L" -16 1 35.15 0.652 0.6 0 11.8 5.3 34.2 0 0 5.4 23.8 141 123 17.9 7.7
"7" "7" 2000-11-12 28.96 "DEN" "" "LAC" "W" 16 1 33.0333333333333 0.651 0.611 0 5.7 2.9 42.6 1.5 0 21.8 18.3 113 90 13.4 2.4
"8" "8" 2000-11-14 28.97 "DEN" "@" "LAL" "L" -16 1 38.45 0.372 0.364 0 13.3 5.9 46.1 0 1.8 14.9 30.2 87 129 8.8 -7.8
"9" "9" 2000-11-16 28.97 "DEN" "" "CHI" "W" 4 1 33.0666666666667 0.721 0.583 0 3.3 1.8 32.8 0 0 16.1 17.3 139 105 13.3 3.9
"10" "10" 2000-11-18 28.98 "DEN" "" "LAL" "W" 1 1 42.3666666666667 0.357 0.357 2.7 4.3 3.6 50.3 1.4 1.7 16 27.2 90 106 8.6 -1.2
"11" "11" 2000-11-20 28.98 "DEN" "@" "VAN" "W" 3 1 42.15 0.417 0.35 5.1 0 2.5 55.2 3.7 0 11.1 29.6 103 102 18.4 3.1
"12" "12" 2000-11-22 28.99 "DEN" "@" "UTA" "L" -38 1 23.2333333333333 0.389 0.389 4.4 0 2.6 30.2 2.3 0 18.2 22.7 77 128 3.3 -5.4
"13" "13" 2000-11-24 28.99 "DEN" "" "SAS" "W" 10 1 38.5333333333333 0.794 0.794 4.4 23.5 15.8 58.4 1.5 0 5.6 24.1 163 105 31.7 19.1
"14" "14" 2000-11-25 29 "DEN" "@" "DAL" "L" -24 1 33.2 0.312 0.286 2.9 3.2 3 33.3 3.4 0 6.5 21.8 84 124 6.6 -3.8
"15" "15" 2000-11-29 29.01 "DEN" "@" "MIN" "W" 7 1 40.8666666666667 0.689 0.675 0 2.9 1.4 31.4 1.2 0 8.4 26.2 127 106 23.4 8
"16" "16" 2000-11-30 29.01 "DEN" "" "HOU" "L" -4 1 40.15 0.371 0.278 0 0 0 27 1.3 0 4.7 23.5 98 113 7.7 -5.4
"17" "17" 2000-12-02 29.01 "DEN" "" "SEA" "W" 11 1 38.9166666666667 0.336 0.286 2.2 10.5 6 62.3 1.3 3.9 21.2 9.9 121 100 16.4 5.4
"18" "18" 2000-12-04 29.02 "DEN" "" "PHI" "W" 7 1 34.2333333333333 0.494 0.4 0 5.9 3.2 52.4 1.4 0 14.9 24.8 107 104 12.1 1.8
"19" "19" 2000-12-06 29.02 "DEN" "@" "MIA" "L" -17 1 28.7333333333333 0.359 0.286 7 11.8 9.3 28.3 1.8 0 6.1 25.2 87 105 7.5 -0.6
"20" "20" 2000-12-07 29.03 "DEN" "@" "ORL" "L" -10 1 42.3833333333333 0.492 0.444 2.4 8.4 5.1 27.6 1.2 0 4.9 21.4 111 117 15 1.9
"21" "21" 2000-12-09 29.03 "DEN" "@" "NYK" "L" -8 1 38.75 0.611 0.559 0 24 10.7 38.9 1.4 0 4.8 25.4 132 110 21 9.7
"22" "22" 2000-12-10 29.04 "DEN" "@" "BOS" "L" -2 1 43.2 0.231 0.231 2.5 6.2 4.5 40.7 1.1 0 23.5 17.3 64 99 2.5 -7.6
"23" "23" 2000-12-12 29.04 "DEN" "" "MIA" "L" -11 1 39.25 0.55 0.55 2.6 7.2 4.6 31.8 2.7 0 9.1 13.3 114 104 12 3.2
"24" "24" 2000-12-14 29.05 "DEN" "@" "SAS" "W" 6 1 37.4833333333333 0.48 0.441 2.8 8.6 5.6 56.6 1.4 0 9.6 25 108 106 16 5.2
"25" "25" 2000-12-16 29.05 "DEN" "@" "HOU" "W" 2 1 42.3833333333333 0.606 0.595 2.7 7 5 32.2 3.8 1.6 12.3 26.8 123 110 22.4 10
"26" "26" 2000-12-20 29.06 "DEN" "" "DET" "W" 2 1 37.2 0.447 0.447 0 0 0 36.4 4.1 0 13.6 26.1 96 112 12.3 -3.4
"27" "27" 2000-12-22 29.07 "DEN" "" "POR" "W" 20 1 37.3333333333333 0.738 0.706 0 8.6 4.6 44.6 1.4 1.8 9.2 26.6 147 112 28.2 15.4
"28" "28" 2000-12-23 29.07 "DEN" "@" "PHO" "L" -9 1 36.6166666666667 0.405 0.333 7.8 3.5 6 19.8 0 0 4.8 24.2 94 111 9.6 -3.1
"29" "29" 2000-12-26 29.08 "DEN" "" "LAC" "W" 1 1 39.75 0.45 0.429 2.6 16 9.2 45.7 0 0 17.2 18 112 118 14.5 -2.1
"30" "30" 2000-12-28 29.08 "DEN" "" "TOR" "L" -1 1 43.2 0.368 0.333 2.4 2.3 2.4 14.2 1.3 2.8 19.7 21.6 71 111 4.9 -8.5
"31" "31" 2000-12-30 29.09 "DEN" "" "MIL" "W" 7 1 40.4833333333333 0.662 0.286 0 9.6 5.5 32.4 0 0 12.8 16.8 139 120 17.1 -1.3
"32" "32" 2001-01-03 29.1 "DEN" "@" "GSW" "W" 11 1 42.2 0.346 0.346 4.6 6.7 5.7 32.6 2.3 0 7.1 13.8 108 103 12.1 0.1
"33" "33" 2001-01-05 29.11 "DEN" "" "UTA" "W" 13 1 39.95 0.658 0.658 3 17.6 10.4 37.2 5.1 0 13.6 24.5 120 87 24 10.5
"34" "34" 2001-01-07 29.11 "DEN" "" "CHH" "W" 7 1 43.0666666666667 0.092 0 2.6 7 4.9 23.5 0 4.3 15.5 14 54 104 0.7 -10.7
"35" "35" 2001-01-09 29.12 "DEN" "@" "VAN" "W" 7 1 42.3 0.457 0.452 7.7 9.3 8.3 34.1 0 1.7 4.4 21.3 124 114 18.8 5.2
"36" "36" 2001-01-10 29.12 "DEN" "@" "LAC" "L" -6 1 43.7666666666667 0.677 0.618 0 5.3 2.8 28.2 1.2 0 17.2 25.1 118 106 19.5 5.3
"37" "37" 2001-01-12 29.13 "DEN" "" "SAC" "W" 13 1 43.6333333333333 0.536 0.5 2.1 0 1.1 33 0 1.6 14.6 24.8 110 100 18 4.1
"38" "38" 2001-01-15 29.13 "DEN" "" "SEA" "W" 11 1 37.7666666666667 0.664 0.658 0 8.6 5.1 34.1 1.4 1.9 9 28.8 134 127 23.4 4.3
"39" "39" 2001-01-17 29.14 "DEN" "" "VAN" "W" 24 1 28.75 0.763 0.708 0 3.3 1.7 32 0 2 6.8 21.7 154 107 19.2 11.5
"40" "40" 2001-01-19 29.15 "DEN" "" "CLE" "W" 3 1 39.8333333333333 0.571 0.536 0 8.4 4.8 46.5 1.3 0 15.3 23.3 109 98 16.6 4.5
"41" "41" 2001-01-20 29.15 "DEN" "@" "DAL" "L" -18 1 33.55 0.462 0.469 2.7 17 10.3 22.9 0 0 0 23.2 103 106 10.9 4.5
"42" "42" 2001-01-23 29.16 "DEN" "" "HOU" "W" 5 1 38.1666666666667 0.765 0.654 0 10.8 5.7 29 0 0 4.9 25 158 115 26.5 8.4
"43" "43" 2001-01-25 29.16 "DEN" "@" "UTA" "L" -2 1 42.85 0.478 0.447 2.7 13 7.9 24.6 0 0 16.8 26.4 99 116 10.5 -3.6
"44" "44" 2001-01-27 29.17 "DEN" "" "DAL" "W" 2 1 25.6833333333333 0.623 0.607 0 18.9 9.1 71.5 0 0 6.5 26 140 113 17.9 13.5
"45" "45" 2001-01-29 29.17 "DEN" "" "UTA" "L" -6 1 38.0666666666667 0.528 0.5 5.7 18.6 11.3 44.1 1.4 0 0 23.8 130 112 19.6 11.2
"46" "46" 2001-01-31 29.18 "DEN" "@" "MIL" "L" -5 1 41.7 0.426 0.381 6 8.6 7.3 31.2 2.4 0 21.2 29.1 92 123 11.3 -4.5
"47" "47" 2001-02-02 29.18 "DEN" "@" "IND" "L" -9 1 43.15 0.603 0.536 0 3.1 1.4 39.4 0 0 6 18.4 133 124 16.7 3.2
"48" "48" 2001-02-03 29.19 "DEN" "@" "WAS" "W" 5 1 41.2166666666667 0.613 0.559 0 7.6 4.6 43.5 3.8 0 9.6 23.3 127 106 23.8 8.7
"49" "49" 2001-02-05 29.19 "DEN" "@" "PHI" "L" -19 1 34.9 0.322 0.292 0 10.8 4.7 22.9 1.5 0 24.3 21.3 63 109 -0.2 -13.1
"50" "50" 2001-02-06 29.19 "DEN" "@" "DET" "L" -11 1 37.7 0.751 0.667 2.9 5.7 4.4 35.4 0 0 6.4 19.6 155 113 20.1 9.6
"51" "51" 2001-02-08 29.2 "DEN" "@" "TOR" "L" -7 1 42.9166666666667 0.523 0.5 0 8.4 4.2 38.7 0 0 7.7 29.3 110 119 17.3 4.4
"52" "52" 2001-02-13 29.21 "DEN" "" "NYK" "W" 19 1 39.85 0.698 0.7 0 5.1 2.8 62.1 0 0 10.4 23.4 137 94 22.9 10.8
"53" "53" 2001-02-16 29.22 "DEN" "@" "SAC" "L" -33 1 33.4666666666667 0.278 0.278 0 8.6 3.6 48.4 0 0 18.2 14.1 83 131 5.1 -6.1
"54" "54" 2001-02-18 29.23 "DEN" "" "WAS" "L" -3 1 42.7333333333333 0.447 0.412 0 5.3 2.7 51.8 1.3 0 21.9 24.5 98 120 13.2 -3.7
"55" "55" 2001-02-20 29.23 "DEN" "@" "POR" "L" -10 1 40.5333333333333 0.547 0.545 0 3 1.6 30.4 0 0 25.2 18.7 96 130 7.7 -7.6
"56" "56" 2001-02-21 29.24 "DEN" "@" "SEA" "L" -29 1 30.4833333333333 0.405 0.333 0 9.4 4 33.5 1.7 0 9.2 15.4 103 139 8 -5.4
"57" "57" 2001-02-24 29.24 "DEN" "" "ATL" "W" 3 1 42.8666666666667 0.451 0.375 0 6.1 3.3 47.9 1.2 0 20 25.9 87 94 11.1 -5
"58" "58" 2001-02-26 29.25 "DEN" "" "ORL" "L" -7 1 36.1166666666667 0.505 0.5 0 5.3 2.8 45.6 1.5 1.9 37.1 24.5 77 111 6.7 -4.8
"59" "59" 2001-02-28 29.25 "DEN" "" "LAL" "W" 6 1 47.6333333333333 0.606 0.471 2.6 10.4 6.9 35.3 1.1 0 8.2 25.4 131 116 24.4 3
"60" "60" 2001-03-02 29.26 "DEN" "" "MIN" "L" -18 1 32.8666666666667 0.36 0.346 0 7.5 3.5 52.5 1.7 0 6.7 21.6 86 107 7.5 -0.3
"61" "61" 2001-03-03 29.26 "DEN" "@" "PHO" "L" -15 1 35.8166666666667 0.541 0.526 0 9.5 4.3 24.2 0 1.8 22.8 33.6 86 109 9.5 -0.8
"62" "62" 2001-03-05 29.27 "DEN" "@" "LAC" "L" -13 1 40.7666666666667 0.376 0.313 6 12.1 8.6 21.6 0 0 24.4 28.8 77 124 3.4 -12.4
"63" "" 2001-03-06 29.27 "DEN" "" "PHO" "L" -11 NA NA NA NA NA NA NA NA NA NA NA NA NA NA NA NA
"64" "" 2001-03-09 29.28 "DEN" "@" "SAC" "L" -6 NA NA NA NA NA NA NA NA NA NA NA NA NA NA NA NA
"65" "63" 2001-03-12 29.29 "DEN" "@" "GSW" "W" 5 1 36.1666666666667 0.391 0.325 2.4 7.5 4.9 40.6 0 0 8.4 27.4 104 97 9.1 0.3
"66" "64" 2001-03-14 29.29 "DEN" "" "IND" "W" 12 1 42.6333333333333 0.674 0.685 0 16.4 6.9 48.9 0 0 3.5 30.4 136 99 29.8 15.4
"67" "65" 2001-03-16 29.3 "DEN" "" "BOS" "L" -4 1 44.5 0.393 0.316 0 2.4 1.2 62.5 2.4 0 4.4 23.5 103 103 17.5 5.5
"68" "66" 2001-03-18 29.3 "DEN" "" "NJN" "W" 14 1 32.5666666666667 0.333 0.333 0 8.6 5.2 38.9 3.2 0 25 11.5 103 92 8.8 -0.4
"69" "67" 2001-03-23 29.32 "DEN" "@" "MIN" "L" -11 1 26.85 0.333 0.333 0 10.7 5.4 22.5 0 0 25 20.6 58 114 0.9 -13
"70" "68" 2001-03-24 29.32 "DEN" "@" "CLE" "L" -12 1 43.5 0.507 0.435 2.5 5.2 3.9 32.2 2.3 0 7.2 27.4 111 125 20.4 2.2
"71" "" 2001-03-26 29.33 "DEN" "@" "CHI" "W" 5 NA NA NA NA NA NA NA NA NA NA NA NA NA NA NA NA
"72" "" 2001-03-28 29.33 "DEN" "@" "NJN" "L" -3 NA NA NA NA NA NA NA NA NA NA NA NA NA NA NA NA
"73" "69" 2001-03-30 29.34 "DEN" "@" "CHH" "W" 7 1 41.1666666666667 0.724 0.722 0 9 4.2 64.1 2.5 0 3.4 31.7 149 103 37 23.5
"74" "70" 2001-03-31 29.34 "DEN" "@" "ATL" "L" -11 1 43.0833333333333 0.515 0.528 0 12.4 5.9 23 1.2 0 14 21.9 100 110 12.9 0.2
"75" "" 2001-04-03 29.35 "DEN" "" "POR" "W" 2 NA NA NA NA NA NA NA NA NA NA NA NA NA NA NA NA
"76" "71" 2001-04-05 29.35 "DEN" "" "SAS" "L" -21 0 27.4333333333333 0.286 0.286 3.5 9.1 5.9 33.9 0 0 22.2 14.8 74 119 2.6 -9.3
"77" "" 2001-04-07 29.36 "DEN" "" "VAN" "W" 1 NA NA NA NA NA NA NA NA NA NA NA NA NA NA NA NA
"78" "" 2001-04-10 29.37 "DEN" "@" "HOU" "W" 1 NA NA NA NA NA NA NA NA NA NA NA NA NA NA NA NA
"79" "" 2001-04-13 29.38 "DEN" "" "GSW" "W" 16 NA NA NA NA NA NA NA NA NA NA NA NA NA NA NA NA
"80" "" 2001-04-14 29.38 "DEN" "@" "SAS" "L" -16 NA NA NA NA NA NA NA NA NA NA NA NA NA NA NA NA
"81" "" 2001-04-17 29.39 "DEN" "@" "LAL" "L" -17 NA NA NA NA NA NA NA NA NA NA NA NA NA NA NA NA
"82" "" 2001-04-18 29.39 "DEN" "" "SAC" "W" 10 NA NA NA NA NA NA NA NA NA NA NA NA NA NA NA NA
"1" "1" 2001-10-30 29.92 "DEN" "@" "PHO" "W" 3 1 38.4 0.538 0.477 0 6.6 2.7 48.1 0 0 13.8 31.6 111 108 16.5 3.2
"2" "2" 2001-11-01 29.93 "DEN" "" "MIL" "L" -1 1 40.7166666666667 0.627 0.594 0 23.4 12.1 54.2 0 2.2 10.2 44.6 124 118 31.6 13.6
"3" "3" 2001-11-03 29.93 "DEN" "" "SAC" "L" -12 1 39.0666666666667 0.57 0.5 5.2 20.5 12.4 47.3 0 0 9.7 33.9 120 115 23.9 11.7
"4" "4" 2001-11-06 29.94 "DEN" "@" "HOU" "L" -6 1 43.6333333333333 0.517 0.455 5.1 5.7 5.4 25.4 1.2 0 14.2 30.1 104 117 16.3 0
"5" "5" 2001-11-08 29.95 "DEN" "@" "DAL" "L" -14 1 34.9666666666667 0.5 0.5 0 6.2 3 35.9 0 0 13.3 19.9 104 126 9.8 -1.3
"6" "6" 2001-11-09 29.95 "DEN" "" "HOU" "W" 27 1 39.6333333333333 0.627 0.619 0 8.2 4.4 33.1 0 0 11.8 28.4 129 101 20.7 4
"7" "7" 2001-11-11 29.96 "DEN" "" "TOR" "W" 11 1 46.2833333333333 0.503 0.478 0 8.2 4.5 34.1 0 0 4 22.9 124 104 18 4.4
"8" "8" 2001-11-13 29.96 "DEN" "" "CHI" "W" 8 1 40.25 0.475 0.432 0 5.9 3 27.5 0 0 11 33.2 100 114 12.6 -4.9
"9" "9" 2001-11-15 29.97 "DEN" "" "ORL" "L" -19 1 35.8833333333333 0.32 0.342 0 17.5 7.2 23.2 1.5 0 4.7 25.5 76 117 4.8 -4.6
"10" "10" 2001-11-17 29.97 "DEN" "@" "SEA" "W" 10 1 39 0.592 0.534 0 9.7 4.6 17.4 1.4 0 5.9 38.9 129 112 23.7 12.1
"11" "11" 2001-11-19 29.98 "DEN" "" "NJN" "W" 3 1 47.2833333333333 0.466 0.45 0 8.3 3.8 35.4 1.2 0 8.5 36.3 98 109 16.7 0.2
"12" "12" 2001-11-21 29.98 "DEN" "" "LAL" "L" -21 1 38.3166666666667 0.442 0.386 0 12.6 5.3 42.4 1.5 0 4 31.5 98 109 13 6.4
"13" "13" 2001-11-23 29.99 "DEN" "@" "POR" "L" -7 1 37 0.516 0.46 3.3 6.3 4.9 25 0 0 0 40.7 113 126 19.2 2.7
"14" "14" 2001-11-25 29.99 "DEN" "@" "LAL" "L" -7 1 38.3166666666667 0.675 0.652 0 3.3 1.7 47.4 0 0 7.4 33.5 138 128 26.2 11.5
"15" "15" 2001-11-28 30 "DEN" "" "IND" "L" -14 1 40.9833333333333 0.411 0.391 0 9 3.7 46.6 1.3 1.8 3.9 26.1 99 113 14.2 2.8
"16" "16" 2001-11-30 30.01 "DEN" "" "LAC" "W" 3 1 40.1666666666667 0.416 0.316 0 5.6 2.5 23.1 1.4 0 8.5 25.4 108 115 10.1 -1
"17" "17" 2001-12-04 30.02 "DEN" "@" "IND" "L" -8 1 43.5 0.508 0.462 0 0 0 49.4 1.2 0 0 30.5 117 115 22.6 6.3
"18" "18" 2001-12-05 30.02 "DEN" "@" "BOS" "L" -15 1 29 0.4 0.4 0 3.5 1.8 21.8 0 0 13 36.3 76 114 3.8 -8.3
"19" "19" 2001-12-07 30.03 "DEN" "@" "TOR" "L" -2 1 48.1666666666667 0.524 0.479 0 11.3 5.5 28.6 2.3 0 18.9 30.3 95 104 15.8 3.4
"20" "20" 2001-12-08 30.03 "DEN" "@" "CLE" "L" -10 1 29.9333333333333 0.336 0.321 0 20.5 9.2 23.2 0 2.5 0 22.4 84 120 6.4 -6.5
"21" "21" 2001-12-11 30.04 "DEN" "" "CHH" "L" -3 1 43.4666666666667 0.379 0.341 2.3 15.2 8.5 59.4 0 0 0 23.9 118 114 17.6 2.8
"22" "22" 2001-12-13 30.04 "DEN" "" "MEM" "W" 3 1 41.5833333333333 0.442 0.4 2.2 4.7 3.4 55.2 0 1.6 8.1 24.3 111 101 17 4.5
"23" "23" 2001-12-15 30.05 "DEN" "" "PHO" "W" 8 1 39.7333333333333 0.489 0.452 2.7 2.4 2.6 38.2 2.6 0 10.9 29.6 114 110 17.5 4.9
"24" "24" 2001-12-18 30.06 "DEN" "" "SAS" "L" -9 1 41.1166666666667 0.483 0.46 4.4 7.3 5.5 60 1.3 0 10.4 29.6 117 123 21.2 9.8
"25" "25" 2001-12-21 30.07 "DEN" "@" "SAS" "L" -35 1 28.4333333333333 0.423 0.423 0 10.7 4.5 64 5.6 0 27.8 28.9 77 113 7.3 0.3
"26" "26" 2001-12-22 30.07 "DEN" "" "GSW" "L" -4 1 39.75 0.325 0.325 4.7 17.9 11 54.5 1.3 0 9.1 22.9 100 111 12.9 -2.4
"27" "27" 2001-12-26 30.08 "DEN" "" "MIN" "L" -3 1 44.8666666666667 0.593 0.571 2.5 10.2 6.3 45.1 0 0 20.9 31 103 115 18.1 1.4
"28" "28" 2001-12-28 30.08 "DEN" "" "PHI" "W" 3 1 44.9666666666667 0.497 0.484 0 8 4.2 46.8 1.2 1.4 5.7 34.8 117 106 24 9.4
"29" "29" 2001-12-29 30.09 "DEN" "@" "PHO" "L" -17 1 41.4833333333333 0.443 0.417 0 5.3 2.7 22.2 0 0 10 32.5 89 124 10.7 -5.8
"30" "30" 2002-01-02 30.1 "DEN" "" "LAL" "L" -1 1 34.1333333333333 0.578 0.553 0 3.1 1.7 58.5 0 0 15.6 36.3 108 108 16 6.9
"31" "31" 2002-01-04 30.1 "DEN" "" "LAC" "L" -2 1 19.0666666666667 0 0 0 0 0 38.3 0 3.8 0 7 69 99 2.1 -5.6
"32" "32" 2002-01-07 30.11 "DEN" "@" "CHH" "L" -14 1 41.9166666666667 0.416 0.411 0 9.7 4.8 50 0 0 6.5 34 88 112 13.5 2.3
"33" "33" 2002-01-08 30.12 "DEN" "@" "DAL" "L" -1 1 42.5333333333333 0.497 0.448 0 8.4 3.8 27.2 1.2 0 16.1 37.1 101 107 15.2 1.8
"34" "34" 2002-01-10 30.12 "DEN" "" "CLE" "W" 5 1 42.95 0.488 0.458 2.7 7.1 5.1 42.6 2.6 0 10.1 33.9 107 110 20.7 2.9
"35" "35" 2002-01-12 30.13 "DEN" "@" "HOU" "L" -12 1 32.9 0.143 0.143 0 17.6 7.5 33.8 1.6 0 17.6 24.5 45 111 -1.3 -15.1
"36" "36" 2002-01-14 30.13 "DEN" "@" "UTA" "L" -9 1 45.85 0.49 0.457 2.4 26.9 12.5 22.1 0 0 7 29.6 105 124 16.1 -1.9
"37" "" 2002-01-16 30.14 "DEN" "" "SAC" "L" -5 NA NA NA NA NA NA NA NA NA NA NA NA NA NA NA NA
"38" "37" 2002-01-18 30.14 "DEN" "" "SEA" "W" 6 1 34.15 0.376 0.25 0 16.4 8 23.4 1.6 0 17.7 14.6 94 103 4.6 -6.7
"39" "38" 2002-01-19 30.15 "DEN" "@" "SEA" "L" -27 1 31.9166666666667 0.674 0.658 0 11.5 5.4 28.6 0 0 12.6 34.8 114 121 17.6 10.2
"40" "39" 2002-01-21 30.15 "DEN" "@" "LAC" "L" -13 1 43.3833333333333 0.415 0.386 4.5 13.6 8.6 38.2 0 0 4.2 25.6 110 123 14.5 2.7
"41" "40" 2002-01-22 30.15 "DEN" "@" "LAL" "W" 16 1 37.4333333333333 0.612 0.577 4.2 5.5 5 48.2 1.4 0 17.8 21.4 131 105 18 7.7
"42" "41" 2002-01-24 30.16 "DEN" "" "DAL" "L" -7 1 42.8333333333333 0.45 0.45 0 17.2 8.5 47.1 3.6 1.7 0 11.1 126 106 18.4 5.6
"43" "42" 2002-01-29 30.17 "DEN" "" "MIA" "L" -6 1 41.95 0.504 0.464 0 15 7.6 31.1 2.7 0 32 25.8 82 107 8.2 -6.1
"44" "43" 2002-02-01 30.18 "DEN" "@" "SAC" "L" -36 1 24.8333333333333 0.512 0.5 3.3 4.4 3.8 37.2 0 0 0 7.7 147 143 7.3 -2.3
"45" "44" 2002-02-05 30.19 "DEN" "" "POR" "W" 1 1 41.0666666666667 0.658 0.577 0 14.3 8.6 60.8 1.3 0 31.5 25 113 107 20.3 4.4
"46" "45" 2002-02-12 30.21 "DEN" "" "BOS" "L" -17 0 26.2 0.325 0.333 0 10.5 4.7 38.8 0 0 9.8 33.1 81 130 2.3 -8.1
"47" "" 2002-02-14 30.22 "DEN" "@" "MEM" "W" 15 NA NA NA NA NA NA NA NA NA NA NA NA NA NA NA NA
"48" "" 2002-02-15 30.22 "DEN" "@" "MIN" "W" 1 NA NA NA NA NA NA NA NA NA NA NA NA NA NA NA NA
"49" "" 2002-02-17 30.22 "DEN" "@" "NJN" "L" -21 NA NA NA NA NA NA NA NA NA NA NA NA NA NA NA NA
"50" "" 2002-02-18 30.23 "DEN" "@" "PHI" "L" -27 NA NA NA NA NA NA NA NA NA NA NA NA NA NA NA NA
"51" "" 2002-02-20 30.23 "DEN" "" "UTA" "L" -11 NA NA NA NA NA NA NA NA NA NA NA NA NA NA NA NA
"52" "" 2002-02-21 30.24 "DAL" "" "BOS" "W" 6 NA NA NA NA NA NA NA NA NA NA NA NA NA NA NA NA
"53" "46" 2002-02-23 30.24 "DAL" "" "SAC" "W" 14 0 30.1166666666667 0.405 0.333 0 12.1 6.8 35.4 1.6 0 23.3 19.9 91 102 7.3 -2.2
"54" "47" 2002-02-26 30.25 "DAL" "" "MEM" "W" 13 0 27.5833333333333 0.676 0.625 0 13.7 7.5 14.6 1.9 0 10.1 16.7 130 103 11.3 2.9
"55" "48" 2002-03-02 30.26 "DAL" "" "MIA" "L" -14 0 27.3333333333333 0.171 0 0 10.5 4.4 16.2 0 0 10.2 16.2 49 119 -0.6 -12.2
"56" "49" 2002-03-03 30.26 "DAL" "@" "DEN" "W" 6 0 42.5333333333333 0.484 0.444 2.5 7.9 5.1 23 0 0 4.6 23.3 111 117 13.8 -1.9
"57" "50" 2002-03-05 30.27 "DAL" "" "PHO" "W" 4 0 29.7166666666667 0.143 0.143 0 12.5 6.4 16.9 1.7 4.2 0 10.2 48 80 2 -2.4
"58" "51" 2002-03-07 30.27 "DAL" "" "TOR" "W" 19 0 25.8166666666667 0.423 0.5 0 6.7 4.3 28.7 0 0 8.6 23 100 123 6.8 -7
"59" "52" 2002-03-09 30.28 "DAL" "" "GSW" "W" 2 0 18.1333333333333 0.38 0.143 0 11.9 5.7 20.9 0 0 0 21.7 108 116 4.4 -6.9
"60" "53" 2002-03-11 30.28 "DAL" "" "SEA" "W" 11 0 25.15 0.66 0.625 11 9.4 10.1 23.6 0 0 13.4 26.8 132 123 13.8 6.4
"61" "54" 2002-03-14 30.29 "DAL" "@" "POR" "L" -26 0 25.1666666666667 0.6 0.6 0 5.2 2.9 6.7 0 0 23.1 23.2 89 139 5 -10.2
"62" "55" 2002-03-16 30.3 "DAL" "@" "GSW" "W" 17 0 25.2166666666667 0.338 0.25 0 9.6 4.7 14 6 0 18.4 18.9 77 100 4.9 -3.8
"63" "56" 2002-03-17 30.3 "DAL" "@" "LAL" "L" -2 0 30.3 0.608 0.594 0 14.9 7.4 33.1 0 0 0 26 130 117 16.3 8.6
"64" "57" 2002-03-19 30.31 "DAL" "" "LAL" "W" 16 0 23.1 0.339 0.278 0 13 6.2 19.7 0 0 8.8 20.7 86 109 3.1 -4.8
"65" "58" 2002-03-21 30.31 "DAL" "" "SAS" "L" -3 1 38.5666666666667 0.083 0.083 2.6 8.4 5.4 6.5 0 0 14.3 16.9 31 120 -6.6 -17.5
"66" "59" 2002-03-23 30.32 "DAL" "" "MEM" "W" 11 0 6.3 0.643 0.6 0 34 20.5 42.1 0 0 0 44 136 108 6 8.6
"67" "60" 2002-03-26 30.33 "DAL" "@" "MIL" "W" 6 0 29.3333333333333 0.475 0.441 3.7 26.7 14.2 17.1 0 0 0 29.5 109 109 11.7 1.2
"68" "61" 2002-03-28 30.33 "DAL" "@" "MIN" "L" -2 0 30.4666666666667 0.769 0.769 0 4.6 2.3 52.9 0 0 13.3 24.6 139 130 17.5 10.7
"69" "62" 2002-03-29 30.33 "DAL" "@" "BOS" "W" 26 0 25.9666666666667 0.604 0.556 3.6 15.1 9.2 39.6 0 0 27.1 23 104 86 10.3 3.9
"70" "63" 2002-03-31 30.34 "DAL" "@" "WAS" "W" 7 0 26 0.673 0.636 0 4.3 2.3 34.1 2.1 0 7.8 24 141 121 14.5 6.6
"71" "64" 2002-04-04 30.35 "DAL" "" "LAC" "W" 25 1 22.8666666666667 0.5 0.5 4.9 9.1 7 21.1 0 3.4 7.7 24.2 122 103 9.4 6.2
"72" "65" 2002-04-06 30.36 "DAL" "@" "SAS" "L" -2 0 37.15 0.658 0.588 0 14.7 7.5 22.2 1.4 0 12.8 29.5 122 98 18.6 12
"73" "66" 2002-04-08 30.36 "DAL" "@" "UTA" "W" 9 0 32.7833333333333 0.639 0.538 0 7.1 3.4 34 1.5 2.2 11.3 23.2 137 104 18.4 11.6
"74" "67" 2002-04-09 30.36 "DAL" "" "POR" "W" 12 0 31.3166666666667 0.626 0.567 0 10.1 5.4 18.5 0 0 10.7 28.6 119 111 13.1 3.1
"75" "68" 2002-04-11 30.37 "DAL" "" "HOU" "L" -3 0 34.15 0.296 0.25 2.6 10.4 5.9 14.3 1.7 0 5.6 23.5 79 108 3.7 -6.8
"76" "69" 2002-04-13 30.38 "DAL" "@" "SEA" "W" 17 0 26.3166666666667 0.826 0.792 0 12 6.6 24.3 0 0 13.1 26.6 148 116 18.9 10.8
"77" "70" 2002-04-14 30.38 "DAL" "@" "SAC" "W" 13 0 33.3166666666667 0.593 0.548 3.2 12.6 8 19.1 1.6 0 4.2 31.7 136 110 19.8 9.8
"78" "71" 2002-04-16 30.38 "DAL" "" "UTA" "W" 9 0 25.8833333333333 0.379 0.182 0 8.8 4.3 32.6 2 0 12.1 28.2 87 98 6.4 -3
"79" "72" 2002-04-17 30.39 "DAL" "@" "PHO" "L" -13 0 28.15 0.409 0.409 0 8 3.8 20.7 4 0 15.4 22 79 103 5.2 -0.9
"1" "1" 2002-10-30 30.92 "DAL" "@" "MEM" "W" 11 0 28.4333333333333 0.542 0.462 0 8.8 4 17.8 1.7 0 16.9 26.1 102 107 9.5 -2.7
"2" "2" 2002-11-02 30.93 "DAL" "" "PHO" "W" 14 0 19.3333333333333 0.732 0.688 0 18 9.1 31.7 0 0 31.1 31.8 101 96 8 5.8
"3" "3" 2002-11-04 30.94 "DAL" "" "GSW" "W" 7 0 18.8166666666667 0.571 0.571 0 14.6 7.8 7.6 0 0 27.6 24.1 86 108 3.1 -4.8
"4" "4" 2002-11-06 30.94 "DAL" "@" "TOR" "W" 14 0 22.4 0.444 0.444 5.6 5 5.3 19 2.4 0 10 21.8 100 105 5.6 -1.4
"5" "5" 2002-11-08 30.95 "DAL" "@" "CHI" "W" 27 0 9.38333333333333 0.595 0.5 0 0 0 36.4 0 0 0 29.3 138 102 5.3 4.6
"6" "6" 2002-11-09 30.95 "DAL" "" "DET" "W" 39 0 24.1833333333333 0.291 0.167 0 4.4 2.5 35.9 2.3 0 12.7 16.7 91 91 3.8 -3.4
"7" "7" 2002-11-30 31.01 "DAL" "" "CHI" "W" 13 0 29.2 0.612 0.577 0 9 5.2 37.3 0 0 6.7 23.2 128 101 14.3 7.5
"8" "8" 2002-12-02 31.01 "DAL" "" "TOR" "W" 11 0 33.4666666666667 0.607 0.607 8.8 0 3.9 28.3 3.3 0 6.7 22.4 132 119 16.6 6.4
"9" "9" 2002-12-04 31.02 "DAL" "@" "POR" "W" 15 0 31.45 0.654 0.654 3.5 8.3 6.2 34.4 0 0 7.1 19.2 147 103 15.8 10.4
"10" "10" 2002-12-06 31.02 "DAL" "@" "LAL" "L" -2 0 35 0.699 0.676 0 14.4 6.8 26.6 0 0 10.1 27.9 122 116 17.5 6.5
"11" "11" 2002-12-07 31.03 "DAL" "@" "GSW" "W" 5 0 35.5 0.525 0.433 0 5.6 3 21.6 2.8 0 10 25 108 122 13.4 -0.3
"12" "12" 2002-12-10 31.04 "DAL" "" "LAC" "W" 27 0 32.5 0.865 0.846 3.9 8.7 6.7 23.2 0 0 0 19.5 182 111 22 13.1
"13" "13" 2002-12-11 31.04 "DAL" "@" "SAS" "L" -7 1 44.4166666666667 0.471 0.471 0 2.7 1.3 25.4 0 1.9 19 20.9 89 120 9.1 -3.2
"14" "14" 2002-12-14 31.05 "DAL" "" "MEM" "W" 17 0 32.0333333333333 0.444 0.444 0 7.3 3.3 28.8 0 2.5 10 13.4 115 104 7.3 0.3
"15" "15" 2002-12-17 31.05 "DAL" "" "IND" "W" 21 0 31.3166666666667 0.469 0.425 0 6.7 3.2 46.1 0 0 4.5 29.8 118 108 15.4 3
"16" "16" 2002-12-18 31.06 "DAL" "@" "DEN" "W" 5 0 31.9333333333333 0.364 0.364 3.2 10.5 6.7 40 0 0 8.3 18 86 94 5.9 -1.1
"17" "17" 2002-12-20 31.06 "DAL" "" "UTA" "L" -12 0 23.1833333333333 0 0 0 0 0 0 4.6 0 28.6 14.5 0 101 -5.9 -16.5
"18" "18" 2002-12-23 31.07 "DAL" "" "WAS" "W" 6 0 23.3666666666667 0.143 0.143 4.3 32.5 17.8 40.5 2.4 0 30 20.4 52 92 1.7 -5.6
"19" "19" 2002-12-26 31.08 "DAL" "@" "NOH" "W" 2 0 27.95 0.385 0.375 10.5 29.2 19.6 20.2 3.8 0 0 27.9 91 80 11.2 9.5
"20" "20" 2002-12-28 31.08 "DAL" "" "NYK" "W" 25 0 24.4333333333333 0.519 0.5 9.8 7.2 8.3 28.7 0 0 6.5 30.1 113 101 12.1 2.6
"21" "21" 2002-12-30 31.09 "DAL" "" "MIL" "L" -3 0 20.2833333333333 0.273 0.273 0 5.9 2.6 35.5 0 0 8.3 24.1 72 120 1.5 -10.9
"22" "22" 2003-01-02 31.1 "DAL" "" "LAC" "W" 10 0 18.3666666666667 0.313 0.313 0 16 8 8.2 0 4.4 20 24.2 54 95 0.5 -8.9
"23" "23" 2003-01-04 31.1 "DAL" "" "PHI" "W" 19 0 24 0.533 0.556 5.4 9.8 7.7 26.7 2.4 0 8.8 22.2 119 100 10 5.6
"24" "24" 2003-01-06 31.11 "DAL" "" "DEN" "W" 15 0 32.4166666666667 0.292 0.292 0 15.4 7 28.3 3.6 0 7.7 19.9 74 84 5.5 -1.4
"25" "25" 2003-01-08 31.12 "DAL" "@" "ATL" "W" 18 0 25.65 0.636 0.636 0 8.2 4.4 21.8 0 0 15.4 23 112 112 9.7 -0.6
"26" "26" 2003-01-10 31.12 "DAL" "" "BOS" "W" 25 0 20.1666666666667 0.167 0.167 5.9 16.4 11.3 26.2 2.9 0 14.3 16.7 73 92 2.2 -7.5
"27" "27" 2003-01-12 31.13 "DAL" "@" "LAC" "W" 6 0 17.8 0.2 0.2 0 0 0 17.4 0 0 9.1 29.5 51 117 -2.2 -20.5
"28" "28" 2003-01-15 31.13 "DAL" "@" "SAC" "L" -29 0 31.5166666666667 0.63 0.6 6.5 4.1 5.4 23.3 1.6 0 5.9 22.9 131 127 17.2 10.3
"29" "29" 2003-01-17 31.14 "DAL" "@" "PHO" "L" -5 0 26.65 0.367 0.367 0 18.2 7.9 26.2 1.9 0 6.3 25 93 120 5.3 -3.6
"30" "30" 2003-01-19 31.15 "DAL" "@" "SEA" "L" -4 0 35.8166666666667 0.549 0.545 0 4.3 1.8 17.1 0 0 7.3 18.3 112 106 8.5 3.1
"31" "31" 2003-01-21 31.15 "DAL" "" "HOU" "W" 21 0 13.9833333333333 0.304 0.278 0 8.4 4.1 23.5 3.9 0 0 31.6 83 97 2 -7.4
"32" "32" 2003-01-23 31.16 "DAL" "@" "PHI" "W" 13 0 21.9666666666667 0.901 0.875 0 11.2 5.5 21.1 2.5 0 10.1 21.6 161 107 13.9 15.5
"33" "33" 2003-01-24 31.16 "DAL" "@" "NYK" "W" 11 0 32.3833333333333 0.607 0.607 0 10.5 5.6 6 1.7 0 12.5 24.2 102 104 10.2 2.5
"34" "34" 2003-01-26 31.16 "DAL" "" "POR" "L" -7 0 33.4666666666667 0.697 0.75 3.5 3.5 3.5 21 0 0 30 19.4 101 125 8.4 -1.2
"35" "35" 2003-01-29 31.17 "DAL" "@" "HOU" "W" 23 0 23.8 0.405 0.333 0 9.8 4.9 26.7 2.2 0 16.8 22.6 86 93 5.3 -4.9
"36" "36" 2003-01-30 31.18 "DAL" "" "MIN" "W" 3 0 39.4333333333333 0.422 0.406 2.5 5.7 4 23.5 1.4 0 0 20.6 112 123 11.4 -3
"37" "37" 2003-02-01 31.18 "DAL" "" "DEN" "W" 22 0 25.9833333333333 1.116 1.115 0 10 5.1 46.7 0 0 13 26.8 182 111 28.8 28.4
"38" "38" 2003-02-03 31.19 "DAL" "@" "UTA" "W" 2 0 29.25 0.545 0.545 4.1 13.4 8.6 10.9 0 0 0 18.8 119 114 8.5 1.5
"39" "39" 2003-02-04 31.19 "DAL" "" "SAC" "L" -1 0 36.25 0.453 0.441 8 13 10.3 17.8 0 0 9.6 26.5 95 116 10.8 -3.4
"40" "40" 2003-02-11 31.21 "DAL" "@" "MIN" "L" -2 0 30.5666666666667 0.365 0.409 0 7.9 3.7 26 4.8 0 19.6 22.7 71 102 5.8 -2.5
"41" "41" 2003-02-12 31.21 "DAL" "@" "MIL" "L" -6 0 31.4666666666667 0.461 0.375 3.2 12.6 7.3 7.1 0 0 0 13.8 115 129 5.6 -8.4
"42" "42" 2003-02-14 31.22 "DAL" "@" "MEM" "W" 7 0 23.3333333333333 0.3 0.3 0 9.5 4.9 22 0 0 0 9.5 112 119 3.3 -2.9
"43" "43" 2003-02-15 31.22 "DAL" "" "MIA" "W" 6 0 29.7666666666667 0.656 0.556 0 15.7 8.6 13.9 0 0 0 21.9 138 107 14 2
"44" "44" 2003-02-18 31.23 "DAL" "" "ATL" "W" 26 0 17.5 NA NA 0 5.1 3.1 21.2 0 0 100 5.5 63 96 0.4 -6.1
"45" "45" 2003-02-20 31.23 "DAL" "" "SAS" "W" 8 0 23.8 0.25 0.25 4.4 20.5 11.9 17.1 0 0 0 11.7 89 104 2.8 -4.5
"46" "46" 2003-02-21 31.24 "DAL" "@" "HOU" "W" 15 0 28.65 0.484 0.462 0 11.6 6.9 39 3.8 0 18.2 28.1 93 94 11 4.6
"47" "47" 2003-02-23 31.24 "DAL" "@" "WAS" "W" 5 0 34.4833333333333 0.427 0.417 0 14.1 7.9 13.4 1.6 0 18.9 22.3 78 107 4.3 -5.1
"48" "48" 2003-02-25 31.25 "DAL" "@" "ORL" "L" -5 0 30.7833333333333 0.45 0.45 8.1 10.3 9.1 17.5 0 0 4.8 32.4 97 119 10.3 -0.1
"49" "49" 2003-02-27 31.25 "DAL" "" "SAC" "L" -2 0 36.5666666666667 0.4 0.353 6 5.8 5.9 36.6 1.4 0 0 23.3 110 124 14.4 0.4
"50" "50" 2003-03-01 31.26 "DAL" "" "MEM" "W" 27 0 22.7166666666667 0.5 0.5 4.5 4.6 4.6 32.3 0 0 14.3 13.4 120 101 7.2 1.5
"51" "51" 2003-03-04 31.27 "DAL" "" "NJN" "W" 9 0 22.2333333333333 0 0 0 4.8 2.5 25.7 2.5 0 0 11.2 41 94 -0.6 -8
"52" "52" 2003-03-07 31.27 "DAL" "@" "MIA" "W" 2 0 12.4166666666667 0.3 0.3 0 0 0 13.3 0 0 37.5 30.5 47 112 -2.4 -20.7
"53" "53" 2003-03-08 31.28 "DAL" "" "UTA" "W" 24 0 20.1666666666667 0.506 0.444 0 25.3 11.9 24.5 0 0 28.8 32 83 91 4.2 -8.7
"54" "54" 2003-03-10 31.28 "DAL" "" "MIN" "L" -9 0 31.2333333333333 0.322 0.25 4.8 4.2 4.6 20.7 1.8 0 15.5 16.6 85 111 4.3 -2.6
"55" "55" 2003-03-13 31.29 "DAL" "@" "SEA" "L" -7 0 32.8 0.751 0.719 0 4.5 2 5.5 1.6 0 5.5 26.5 143 121 19.4 11.8
"56" "56" 2003-03-14 31.29 "DAL" "@" "GSW" "W" 2 0 26.0333333333333 0.667 0.667 4 5.1 4.5 4.9 0 0 18.2 18.2 115 133 7.4 -3.6
"57" "57" 2003-03-16 31.3 "DAL" "@" "SAC" "W" 6 0 35.5 0.403 0.333 0 8.3 4.2 15.4 0 0 15.9 29.7 79 115 5.3 -10.4
"58" "58" 2003-03-18 31.3 "DAL" "" "CLE" "W" 21 0 24.1666666666667 0.583 0.583 0 4.2 2.3 28.6 2 0 25 15.1 104 103 6.8 -1.4
"59" "59" 2003-03-20 31.31 "DAL" "" "SAS" "L" -2 0 42.7 0.626 0.583 2.7 8.4 5.5 25.5 1.3 0 6.7 32.3 133 120 26.3 13.3
"60" "60" 2003-03-22 31.32 "DAL" "" "PHO" "W" 7 0 28.2666666666667 0.338 0.313 4.2 8.2 6.2 9.6 0 0 18.4 17.8 72 110 1.5 -9.3
"61" "61" 2003-03-24 31.32 "DAL" "@" "DEN" "W" 12 0 28 0.64 0.588 0 8.2 4.2 33.3 0 0 13.8 35.5 122 114 15.7 3
"62" "62" 2003-03-26 31.33 "DAL" "@" "LAC" "W" 7 0 31.4166666666667 0.663 0.643 0 9.7 5 27.6 0 0 4.4 33.1 133 120 20.6 7
"63" "63" 2003-03-28 31.33 "DAL" "@" "POR" "L" -17 0 22.4833333333333 0.658 0.611 0 0 0 16.1 0 0 0 21.5 136 131 9.7 2.9
"64" "64" 2003-03-30 31.34 "DAL" "@" "MIN" "W" 24 0 28.8833333333333 0.738 0.708 0 8.9 4.4 39.8 0 0 18.9 24.8 132 107 16.9 9.2
"65" "65" 2003-04-01 31.34 "DAL" "" "NOH" "W" 9 0 23.3833333333333 0.17 0.1 0 8 4.4 34.9 0 0 20.3 30.7 49 104 -2 -18.1
"66" "66" 2003-04-03 31.35 "DAL" "" "LAL" "L" -11 0 35.8333333333333 0.478 0.447 0 8 4 23.9 1.4 0 13.1 27.7 92 108 9.4 0
"67" "67" 2003-04-05 31.35 "DAL" "" "ORL" "W" 18 0 25.9 0.333 0.333 0 13.8 6.6 40.5 0 0 25 20.4 82 100 4 -6.5
"68" "68" 2003-04-08 31.36 "DAL" "@" "LAL" "L" -9 0 31.45 0.314 0.231 0 15.5 7.6 27.3 1.6 2.5 6.5 22.7 78 110 6.1 -4.5
"69" "69" 2003-04-09 31.36 "DAL" "@" "PHO" "L" -23 0 29.6 0.729 0.708 3.6 8.5 5.8 24.3 0 0 28.5 32 103 123 13 3.4
"70" "70" 2003-04-11 31.37 "DAL" "@" "UTA" "L" -3 0 29.4666666666667 0.444 0.444 0 14.6 6.8 11.8 1.9 0 25 20.9 70 107 2.4 -5.3
"71" "71" 2003-04-12 31.37 "DAL" "" "GSW" "W" 9 0 32.1333333333333 0.511 0.393 0 10.9 5.9 33.3 1.4 0 10.7 24.3 107 106 13.5 0.5
"72" "72" 2003-04-14 31.38 "DAL" "" "SEA" "W" 3 0 34.6166666666667 0.451 0.429 0 10.8 5.9 29.3 2.9 0 10.7 23.7 98 112 12.5 0.9
"73" "73" 2003-04-16 31.38 "DAL" "@" "SAS" "W" 21 0 27.3166666666667 0.7 0.7 0 12.7 6.1 30.3 1.9 0 9.1 18.7 129 81 13.4 10.8
"1" "" 2003-10-29 31.92 "GSW" "" "DAL" "L" -8 NA NA NA NA NA NA NA NA NA NA NA NA NA NA NA NA
"2" "" 2003-11-01 31.93 "GSW" "" "PHI" "W" 14 NA NA NA NA NA NA NA NA NA NA NA NA NA NA NA NA
"3" "" 2003-11-02 31.93 "GSW" "@" "LAL" "L" -15 NA NA NA NA NA NA NA NA NA NA NA NA NA NA NA NA
"4" "1" 2003-11-05 31.94 "GSW" "" "ATL" "W" 27 1 27.1666666666667 0.463 0.333 0 3.6 1.9 33.7 1.9 0 0 20.8 122 84 10.8 5
"5" "2" 2003-11-07 31.95 "GSW" "" "UTA" "W" 6 1 33.2333333333333 0.587 0.455 0 3.1 1.7 60.3 0 0 12.8 21.6 125 105 14.5 4.7
"6" "3" 2003-11-10 31.95 "GSW" "" "PHO" "L" -3 1 35.5166666666667 0.375 0.406 0 3.1 1.6 27.3 0 0 10.4 25 79 117 4.3 -8.2
"7" "4" 2003-11-12 31.96 "GSW" "" "DET" "W" 2 1 45.7 0.239 0.2 0 12 6.5 34 1.2 0 10.7 20.3 63 89 4.3 -4.5
"8" "5" 2003-11-14 31.96 "GSW" "" "LAC" "L" -6 1 43.4 0.325 0.306 0 12.1 4.9 34.4 0 0 9.8 19.7 88 113 7.2 -4.7
"9" "" 2003-11-16 31.97 "GSW" "@" "SAC" "L" -2 NA NA NA NA NA NA NA NA NA NA NA NA NA NA NA NA
"10" "6" 2003-11-18 31.98 "GSW" "@" "SAS" "L" -13 1 28.3166666666667 0.446 0.462 4.4 13.5 8.9 28.9 0 0 22.9 30.5 80 117 4.9 -5.6
"11" "" 2003-11-19 31.98 "GSW" "@" "HOU" "L" -2 NA NA NA NA NA NA NA NA NA NA NA NA NA NA NA NA
"12" "" 2003-11-21 31.98 "GSW" "" "MIA" "W" 10 NA NA NA NA NA NA NA NA NA NA NA NA NA NA NA NA
"13" "" 2003-11-23 31.99 "GSW" "" "POR" "W" 6 NA NA NA NA NA NA NA NA NA NA NA NA NA NA NA NA
"14" "7" 2003-11-28 32 "GSW" "@" "PHO" "W" 9 0 22.2 0.75 0.75 0 0 0 16.7 2.4 0 20 20.8 121 96 8.4 7
"15" "8" 2003-11-29 32.01 "GSW" "" "SAS" "W" 2 0 32.1333333333333 0.684 0.658 5.9 6.4 6.1 19.4 1.7 0 0 29.3 154 101 24.1 22.8
"16" "9" 2003-12-03 32.02 "GSW" "" "DEN" "L" -8 0 34.15 0.598 0.6 3.2 5.2 4 34.5 3.1 2.5 15.9 23.6 124 127 16.8 7.9
"17" "10" 2003-12-05 32.02 "GSW" "@" "DEN" "L" -7 1 39.15 0.469 0.469 0 5.7 2.7 40.4 1.4 0 11.1 21.3 102 110 12.1 1.3
"18" "11" 2003-12-06 32.02 "GSW" "" "NYK" "W" 12 1 27.1666666666667 0.689 0.65 0 5.9 2.7 16 0 0 21.6 24.6 110 110 9.4 -3
"19" "12" 2003-12-09 32.03 "GSW" "@" "MIN" "W" 3 1 34.5 0.398 0.292 0 7.2 3.5 18.4 1.6 0 0 21.4 97 111 8.4 -2.3
"20" "13" 2003-12-10 32.04 "GSW" "@" "MIL" "L" -5 1 47.3166666666667 0.553 0.553 6.6 9.6 8.1 18.9 0 0 13.6 22 105 105 14 2.5
"21" "14" 2003-12-12 32.04 "GSW" "" "NOH" "L" -11 1 45.5166666666667 0.462 0.462 2.3 9.7 5.9 32.4 1.2 0 23.5 17.7 89 115 8.6 -4.4
"22" "15" 2003-12-16 32.05 "GSW" "@" "NYK" "W" 18 1 23.55 0.707 0.714 0 8.9 5.1 33.1 0 0 0 19.6 151 100 12.6 6.9
"23" "16" 2003-12-17 32.05 "GSW" "@" "ATL" "W" 13 1 27.9 0.5 0.5 0 7.2 3.6 39 0 0 20 23.4 97 102 7.7 -4
"24" "17" 2003-12-19 32.06 "GSW" "@" "ORL" "L" -26 1 29.2666666666667 0.337 0.273 0 3.8 1.9 31 0 0 0 19.2 87 133 5.6 -7.2
"25" "18" 2003-12-21 32.07 "GSW" "@" "MIA" "L" -11 1 35.8166666666667 0.599 0.542 3.6 7.4 5.5 14.8 1.5 0 26 25.5 96 120 9.6 -3.1
"26" "19" 2003-12-23 32.07 "GSW" "" "LAL" "W" 9 1 36.2166666666667 0.44 0.423 0 10 5.1 22 0 0 16.9 23.1 87 111 6.1 -6.2
"27" "20" 2003-12-26 32.08 "GSW" "" "SAC" "W" 7 1 31.7833333333333 0.644 0.556 0 3.3 1.6 28.8 1.7 0 0 15.8 161 108 13.5 8
"28" "21" 2003-12-28 32.08 "GSW" "@" "DEN" "L" -24 1 25.4833333333333 0.403 0.393 0 15.7 8 35.9 0 0 6.3 28.8 82 108 6.8 -0.8
"29" "22" 2003-12-29 32.09 "GSW" "" "BOS" "L" -9 1 35.4 0.364 0.364 0 5.8 2.9 25.8 0 0 21.4 17 76 110 2.1 -7.4
"30" "23" 2003-12-31 32.09 "GSW" "@" "NJN" "L" -18 1 17.75 0 0 0 6.7 3.5 38.1 0 0 0 14.4 40 114 -0.8 -11.9
"31" "24" 2004-01-02 32.1 "GSW" "@" "WAS" "L" -18 1 33.9 0.281 0.281 0 11.1 6 42.2 1.5 0 23.8 29.1 62 107 0.6 -10.8
"32" "25" 2004-01-03 32.1 "GSW" "@" "DET" "L" -6 1 41.4833333333333 0.455 0.389 3.1 0 1.6 45.4 1.3 0 23.3 30.6 89 117 10.5 -5.4
"33" "26" 2004-01-05 32.11 "GSW" "@" "HOU" "L" -18 1 32.7 0.5 0.5 0 0 0 53.1 1.7 0 9.1 17.6 101 102 8.7 4
"34" "27" 2004-01-07 32.11 "GSW" "@" "DAL" "L" -6 1 43.6 0.5 0.5 0 15.6 7.4 30.2 1.2 0 11.8 17.4 111 113 13.2 -0.2
"35" "28" 2004-01-10 32.12 "GSW" "" "SEA" "W" 3 1 42.0333333333333 0.381 0.321 2.5 14.5 8.5 37.6 1.2 0 10.5 20.3 104 111 12.8 -0.3
"36" "29" 2004-01-12 32.13 "GSW" "" "MEM" "L" -2 1 41.6666666666667 0.43 0.4 2.4 2.7 2.5 14.1 0 0 10.1 32.3 100 120 8.4 -3.8
"37" "30" 2004-01-13 32.13 "GSW" "@" "UTA" "L" -17 1 31.7666666666667 0.563 0.563 3.1 4.3 3.6 6 0 0 20 14.9 95 122 4.3 -6.6
"38" "31" 2004-02-02 32.18 "GSW" "@" "MEM" "L" -5 0 14.0666666666667 0.347 0.25 0 0 0 10.2 0 0 14.8 21.8 70 126 -0.3 -16.4
"39" "32" 2004-02-03 32.19 "GSW" "@" "DAL" "L" -14 0 20.7333333333333 0.5 0.5 6.5 11.4 9.1 19.2 2.7 0 8.3 29.6 100 119 7.2 1.2
"40" "" 2004-02-06 32.19 "GSW" "" "DEN" "W" 9 NA NA NA NA NA NA NA NA NA NA NA NA NA NA NA NA
"41" "" 2004-02-08 32.2 "GSW" "" "TOR" "L" -3 NA NA NA NA NA NA NA NA NA NA NA NA NA NA NA NA
"42" "" 2004-02-10 32.21 "GSW" "@" "SEA" "W" 9 NA NA NA NA NA NA NA NA NA NA NA NA NA NA NA NA
"43" "" 2004-02-11 32.21 "GSW" "" "PHO" "W" 11 NA NA NA NA NA NA NA NA NA NA NA NA NA NA NA NA
"44" "33" 2004-02-18 32.23 "GSW" "" "LAL" "L" -1 0 26.4833333333333 0.553 0.5 0 7.4 4.1 23.6 0 0 14.5 24.3 110 119 7.8 -2.3
"45" "34" 2004-02-20 32.23 "GSW" "" "POR" "L" -1 0 29.1833333333333 0.769 0.769 0 0 0 0 2 0 7.1 23.3 138 118 12.9 8.6
"46" "35" 2004-02-21 32.24 "GSW" "" "SEA" "W" 2 0 33.3666666666667 0.316 0.2 0 21.3 9.8 26.8 0 2.5 19.2 21.5 72 108 2.8 -8.1
"47" "36" 2004-02-24 32.24 "GSW" "@" "IND" "L" -11 0 29.5833333333333 0.505 0.455 0 8 3.9 18.8 1.8 0 20.2 23.5 88 123 6.6 -3.7
"48" "37" 2004-02-25 32.25 "GSW" "@" "MEM" "W" 7 0 10.65 0.532 0 0 0 0 43.6 0 0 34.7 12.2 104 113 2.4 -0.4
"49" "38" 2004-02-27 32.25 "GSW" "@" "MIN" "L" -10 1 32.1 0.46 0.4 3.5 19.7 11.1 40.4 1.8 0 8.4 18.7 110 110 10.5 2.7
"50" "39" 2004-02-28 32.25 "GSW" "@" "CHI" "L" -6 1 35.25 0.233 0.233 2.2 13.2 6.5 20.2 0 0 0 18.6 63 94 0.9 -8.2
"1" "1" 2004-11-03 32.94 "POR" "@" "GSW" "W" 3 0 24.85 0.625 0.625 0 20.1 11.1 54.5 0 0 15.8 40.4 103 88 12.5 10.4
"2" "2" 2004-11-05 32.94 "POR" "" "LAC" "W" 13 0 22.25 0.46 0.45 0 5.2 2.9 14.4 5.1 0 8.4 26.1 101 96 6.1 -2.8
"3" "3" 2004-11-07 32.95 "POR" "@" "TOR" "L" -4 0 24.8833333333333 0.364 0.364 0 8.3 4.2 6.1 0 0 15.4 23.2 74 118 0 -11.9
"4" "4" 2004-11-09 32.95 "POR" "@" "NJN" "L" -4 0 16.1166666666667 0.291 0.167 0 13.3 6.3 0 0 0 0 20.3 63 82 0.4 -9.5
"5" "5" 2004-11-10 32.96 "POR" "@" "BOS" "L" -2 0 27.4833333333333 0.291 0.167 0 8.4 4.3 11.3 0 0 0 12.4 77 112 1.4 -9.3
"6" "6" 2004-11-13 32.96 "POR" "" "TOR" "W" 3 0 21.3166666666667 0.417 0.417 0 5.6 2.8 0 0 0 14.3 14.6 82 121 0.5 -11.5
"7" "7" 2004-11-17 32.98 "POR" "" "MEM" "L" -19 0 16.6333333333333 0.254 0.143 0 10.7 4.4 23.1 0 0 0 22.8 72 123 1.2 -10.4
"8" "8" 2004-11-19 32.98 "POR" "" "MIL" "W" 12 0 10.6166666666667 0.75 0.75 0 0 0 0 10.4 0 0 8.4 178 95 3.6 9.6
"9" "9" 2004-11-21 32.99 "POR" "" "HOU" "L" -4 0 19.7833333333333 0.37 0.2 0 13 6.1 22.8 0 0 12.9 19.8 91 127 3.2 -6.7
"10" "10" 2004-11-23 32.99 "POR" "@" "MIA" "W" 12 0 29.2666666666667 0.697 0.611 0 15.6 8.3 10.8 1.9 0 21.8 21.3 124 103 9.7 4.5
"11" "11" 2004-11-24 32.99 "POR" "@" "ORL" "W" 6 0 17.15 0.375 0.375 5.4 0 2.8 9.5 5.9 0 0 19.7 95 90 5 3.7
"12" "12" 2004-11-26 33 "POR" "@" "DAL" "L" -9 0 20.6833333333333 0 0 0 10.2 5.1 13.9 2.6 0 14.3 16.1 16 107 -2.6 -16.5
"13" "13" 2004-11-28 33 "POR" "" "NJN" "W" 12 0 22.4 0.41 0.25 0 4.8 2.4 25.4 2.6 0 17 12.3 94 89 4 -1
"14" "14" 2004-11-30 33.01 "POR" "" "SEA" "W" 6 0 24.7333333333333 0.543 0.542 0 16.5 9.3 23.6 2.2 0 0 24.2 127 109 11.2 9.4
"15" "15" 2004-12-04 33.02 "POR" "@" "SEA" "L" -10 0 20.75 0.6 0.6 6.3 6 6.2 12.3 0 0 0 21.9 126 119 8.7 6.3
"16" "16" 2004-12-05 33.02 "POR" "" "PHO" "L" -22 0 11.5 0 0 0 0 0 11.8 0 0 0 7.4 30 141 -1.1 -15.4
"17" "" 2004-12-09 33.03 "POR" "" "BOS" "W" 2 NA NA NA NA NA NA NA NA NA NA NA NA NA NA NA NA
"18" "" 2004-12-10 33.04 "POR" "@" "UTA" "L" -5 NA NA NA NA NA NA NA NA NA NA NA NA NA NA NA NA
"19" "" 2004-12-12 33.04 "POR" "" "UTA" "W" 10 NA NA NA NA NA NA NA NA NA NA NA NA NA NA NA NA
"20" "17" 2004-12-14 33.05 "POR" "@" "MIN" "L" -11 0 23.4666666666667 0.53 0.556 0 4.8 2.2 45.2 2.2 0 0 17.9 129 116 10.7 6.3
"21" "18" 2004-12-15 33.05 "POR" "@" "CLE" "L" -24 0 23.4333333333333 0.409 0.409 0 5.6 2.5 13.8 0 0 21.4 25.1 71 124 1.2 -12.3
"22" "19" 2004-12-17 33.05 "POR" "@" "ATL" "W" 16 1 30.1333333333333 0.333 0.333 0 5.6 3.9 29.8 1.6 0 25 17.6 78 93 2.8 -7.4
"23" "20" 2004-12-18 33.06 "POR" "@" "DET" "W" 1 1 35.1 0.554 0.5 0 15.8 9.2 46.7 1.7 0 7.3 20.3 119 90 14.4 9.4
"24" "21" 2004-12-20 33.06 "POR" "@" "CHI" "L" -5 1 41.95 0.397 0.3 4.6 8.8 6.4 29.2 1.3 0 18.5 23 88 108 8.1 -3.3
"25" "22" 2004-12-22 33.07 "POR" "@" "MIL" "W" 9 1 30.2333333333333 0.727 0.706 0 10.9 6 20.3 1.8 0 18.3 34.1 123 109 17.3 7.3
"26" "23" 2004-12-27 33.08 "POR" "" "PHI" "L" -7 1 32.3666666666667 0.318 0.318 3.5 9.3 6.5 11.9 1.5 0 31.3 20.3 58 116 -1.4 -15.5
"27" "24" 2004-12-30 33.09 "POR" "" "SAS" "L" -34 1 30.7666666666667 0.536 0.444 3.4 11.1 7 36.6 0 0 0 17.2 131 133 11.9 4.8
"28" "25" 2005-01-01 33.1 "POR" "" "GSW" "W" 9 1 23.0833333333333 0.205 0 0 13.6 8 35.3 2.2 0 17 11.3 79 95 3.4 -4.8
"29" "26" 2005-01-02 33.1 "POR" "@" "PHO" "L" -19 1 34.1166666666667 0.581 0.583 0 19.1 9.9 7.1 1.4 0 30.4 11.6 91 121 5.8 -2.7
"30" "27" 2005-01-05 33.11 "POR" "@" "LAC" "L" -4 1 34.65 0.464 0.464 11.1 9.6 10.3 13.2 1.6 0 12.5 20.9 105 120 8.9 -2.5
"31" "28" 2005-01-07 33.11 "POR" "" "MIA" "L" -11 1 32.1166666666667 0.5 0.5 0 4.2 2 29.9 1.6 0 16.7 8.6 111 120 7.5 0.3
"32" "29" 2005-01-09 33.12 "POR" "@" "NYK" "L" -8 1 24.7333333333333 0.625 0.625 0 0 0 17.6 0 0 0 15.8 154 139 6.9 -1.2
"33" "30" 2005-01-10 33.12 "POR" "@" "PHI" "W" 9 1 36.6166666666667 0.737 0.737 0 12.4 6.3 27 1.4 0 13.6 27.5 127 111 20.6 10
"34" "31" 2005-01-12 33.13 "POR" "@" "WAS" "L" -4 1 35.1333333333333 0.684 0.654 0 8.4 4.5 14.3 0 0 12.6 20.7 131 123 12.9 2.2
"35" "32" 2005-01-14 33.13 "POR" "@" "NOH" "L" -6 1 40.9666666666667 0.605 0.605 6.5 5.9 6.2 43.5 1.4 0 0 23.1 151 140 22.8 10.8
"36" "33" 2005-01-15 33.13 "POR" "@" "MIN" "L" -8 1 44.8833333333333 0.5 0.5 0 18.3 8.4 32.2 2.6 0 9.5 23.5 104 109 15.9 3.8
"37" "34" 2005-01-18 33.14 "POR" "@" "SAC" "L" -6 1 47.45 0.6 0.6 4.5 5 4.7 29.7 2.3 0 21.9 29.2 113 119 19.5 4.7
"38" "35" 2005-01-19 33.15 "POR" "" "CLE" "L" -6 1 38.7833333333333 0.788 0.781 0 6.2 3 21.7 2.7 0 5.3 21.1 160 117 23.6 12.3
"39" "36" 2005-01-22 33.15 "POR" "" "MIN" "L" -9 1 44.3 0.396 0.346 0 5.5 2.7 29.4 0 0 26.5 20.4 80 115 3.9 -8.2
"40" "37" 2005-01-24 33.16 "POR" "" "SAS" "W" 8 1 14.85 0.556 0.556 0 24 13.9 32.9 0 0 10 34.1 116 121 6.1 -1.6
"41" "38" 2005-01-26 33.16 "POR" "" "DAL" "L" -7 1 40.2833333333333 0.265 0.278 2.4 12.6 6.7 19 0 0 17.5 12.6 65 108 2.5 -8.3
"42" "39" 2005-01-28 33.17 "POR" "" "LAC" "W" 4 1 37.7833333333333 0.375 0.375 0 9.1 4.4 23.7 1.5 0 7.7 15.8 101 106 6.5 -3.3
"43" "40" 2005-02-01 33.18 "POR" "@" "LAL" "L" -13 1 39.45 0.453 0.421 0 6.2 2.9 31.6 1.4 0 9.1 26.4 93 108 11.3 -0.6
"44" "41" 2005-02-02 33.18 "POR" "" "DEN" "W" 3 1 38.7 0.689 0.694 0 8.4 4.4 22.7 3 0 0 23.6 151 114 22.3 13.7
"45" "42" 2005-02-04 33.19 "POR" "" "CHA" "W" 12 1 33.1 0 0 0 16.2 9.2 0 0 0 20 6.6 0 94 -2.4 -12.3
"46" "43" 2005-02-05 33.19 "POR" "" "SAC" "W" 6 1 44.1333333333333 0.56 0.471 4.2 8.2 6.9 25.5 2.3 0 16.3 25.5 114 118 18.6 -1.4
"47" "44" 2005-02-09 33.2 "POR" "" "NOH" "L" -11 1 39.9333333333333 0.115 0.115 0 9.5 4.6 20.8 4.4 0 0 17.3 45 110 1.3 -9.7
"48" "45" 2005-02-11 33.21 "POR" "@" "MEM" "L" -6 1 41.6833333333333 0.237 0.15 0 10.8 6 41.8 0 0 19.2 17 73 105 4 -6
"49" "46" 2005-02-13 33.21 "POR" "@" "HOU" "L" -1 1 32.7666666666667 0.286 0.286 0 15.8 8.9 32.2 1.7 0 30 16.3 67 96 3.6 -6.6
"50" "47" 2005-02-14 33.22 "POR" "@" "CHA" "W" 3 1 36.8833333333333 0.409 0.409 3.2 11 7.3 13.6 1.6 0 21.4 18.7 76 101 4.9 -7.2
"51" "48" 2005-02-16 33.22 "POR" "@" "IND" "L" -8 1 38.3833333333333 0.533 0.533 0 5.2 2.8 19.3 0 0 6.3 19.9 114 121 10.7 -0.4
"52" "49" 2005-02-23 33.24 "POR" "" "LAL" "L" -3 1 41.8333333333333 0.292 0.292 5 15.8 9.8 30.9 4.2 0 7.7 14.4 94 99 8.8 0.5
"53" "50" 2005-02-25 33.25 "POR" "" "ATL" "W" 1 1 37.7333333333333 1 1 0 8.8 4.9 19.9 1.4 0 42.9 8.8 116 115 9.5 -1.3
"54" "51" 2005-02-27 33.25 "POR" "" "MIN" "L" -8 1 43.7 0.673 0.639 0 9.7 5.2 41 1.3 0 13.4 24.4 131 111 21 13
"55" "52" 2005-03-01 33.26 "POR" "" "DET" "L" -10 1 33.9166666666667 0.571 0.571 3.7 4.3 4 25.1 0 0 22.2 12.4 111 124 5.9 -3.2
"56" "" 2005-03-04 33.27 "POR" "" "IND" "L" -9 NA NA NA NA NA NA NA NA NA NA NA NA NA NA NA NA
"57" "53" 2005-03-05 33.27 "POR" "@" "PHO" "L" -13 0 8.21666666666667 0 0 15.8 0 8.1 13 0 0 33.3 29.4 22 132 -3.4 -29
"58" "" 2005-03-07 33.27 "POR" "@" "DEN" "L" -13 NA NA NA NA NA NA NA NA NA NA NA NA NA NA NA NA
"59" "" 2005-03-09 33.28 "POR" "" "CHI" "L" -13 NA NA NA NA NA NA NA NA NA NA NA NA NA NA NA NA
"1" "1" 2005-11-01 33.93 "SAS" "" "DEN" "W" 11 0 14.1833333333333 0.5 0.5 0 0 0 19.8 0 0 28.6 22.5 87 110 0.5 -9.5
"2" "2" 2005-11-04 33.94 "SAS" "" "CLE" "W" 26 0 17.95 0.6 0.6 0 29.7 18.2 6.9 0 0 16.7 15.8 98 78 4.8 2.6
"3" "3" 2005-11-05 33.94 "SAS" "@" "DAL" "L" -19 0 13.25 0.751 0.667 0 9.3 4.7 0 0 0 21.5 32.8 121 125 4.7 2.6
"4" "4" 2005-11-07 33.95 "SAS" "@" "CHI" "W" 9 0 14.75 0.25 0.25 0 7.2 3.7 60.9 0 0 0 12.9 103 99 4.1 3
"5" "5" 2005-11-09 33.95 "SAS" "@" "CHA" "W" 8 1 25.5333333333333 0.721 0.643 0 8.2 4.6 12.8 4 0 0 15.1 160 91 12.3 12.8
"6" "6" 2005-11-11 33.96 "SAS" "@" "BOS" "W" 21 0 14.7333333333333 0.509 0.583 0 7.1 4.4 10.8 0 0 22.5 29.9 79 96 2.2 -7
"7" "7" 2005-11-12 33.96 "SAS" "@" "WAS" "L" -15 0 25.0666666666667 0.574 0.5 0 11.3 4.8 14.5 2.1 0 8.1 22.1 119 118 9.2 4.5
"8" "8" 2005-11-15 33.97 "SAS" "" "ATL" "W" 24 0 20.0666666666667 0.6 0.6 6.5 5.7 6.1 19.5 0 0 0 11.8 153 107 6.4 1.7
"9" "9" 2005-11-17 33.97 "SAS" "" "HOU" "W" 6 0 19.7 0.25 0.25 0 13.9 6.5 24.3 0 4.6 0 20.3 71 98 2.6 -3.2
"10" "10" 2005-11-19 33.98 "SAS" "" "PHO" "W" 6 0 7.66666666666667 0.333 0.333 0 0 0 0 0 0 0 16.3 77 104 -0.5 -12.9
"11" "11" 2005-11-21 33.98 "SAS" "@" "SAC" "W" 3 0 15.6166666666667 0.694 0.5 0 0 0 19.9 3.2 0 25.8 11.3 119 102 4 3.8
"12" "12" 2005-11-23 33.99 "SAS" "@" "GSW" "W" 24 0 15.0166666666667 0.5 0.5 0 21.3 12.1 16.6 0 0 20 15.3 99 102 2.9 -6.1
"13" "13" 2005-11-25 33.99 "SAS" "" "CHI" "L" -7 0 20.4166666666667 0.75 0.75 5.2 15.7 10.4 32.2 0 0 16.7 27.4 124 115 12.1 11.7
"14" "14" 2005-11-29 34.01 "SAS" "" "LAL" "W" 6 0 14.4666666666667 0.694 0.75 0 11.6 6.8 10.2 0 0 25.8 12.5 109 96 2.9 2.1
"15" "15" 2005-12-01 34.01 "SAS" "@" "DAL" "W" 2 0 14.8833333333333 0.773 0.667 0 6.3 3.5 22.6 0 0 20.5 16.1 132 109 5.4 5.8
"16" "16" 2005-12-03 34.02 "SAS" "" "PHI" "W" 9 0 17.6 0.429 0.438 0 7.4 3.3 8.3 0 0 0 24.3 95 108 3.8 -5
"17" "17" 2005-12-05 34.02 "SAS" "@" "ORL" "W" 25 0 11.8333333333333 0.399 0 11.9 8.3 9.8 0 8.8 0 0 15.3 107 81 4.2 5.9
"18" "18" 2005-12-07 34.03 "SAS" "" "MIA" "W" 14 0 12.2666666666667 0 0 0 45.5 24.2 10.3 0 0 0 7.3 29 85 0.8 -6.2
"19" "19" 2005-12-09 34.03 "SAS" "" "BOS" "W" 12 0 20.6833333333333 0.521 0.375 0 6.4 3 39 0 0 25.8 17.5 109 111 5.7 -0.1
"20" "" 2005-12-10 34.04 "SAS" "@" "ATL" "L" -10 NA NA NA NA NA NA NA NA NA NA NA NA NA NA NA NA
"21" "20" 2005-12-13 34.04 "SAS" "" "LAC" "W" 8 0 17.0666666666667 0.5 0.5 0 5.2 2.6 10.5 0 0 11.1 26.3 91 99 4 -2.1
"22" "21" 2005-12-15 34.05 "SAS" "@" "MIN" "W" 2 0 14.2 0.167 0.167 0 24.7 12.5 21.4 0 0 0 21.9 55 105 -0.3 -14.8
"23" "22" 2005-12-17 34.05 "SAS" "" "SAC" "W" 1 0 10.4333333333333 0.436 0.333 0 10.2 5.2 14.7 0 6.3 0 15.9 106 98 2.2 0.4
"24" "23" 2005-12-18 34.06 "SAS" "@" "NOK" "L" -13 0 11.7166666666667 0.085 0 0 0 0 13.7 0 0 0 25.1 30 107 -2.6 -18.3
"25" "24" 2005-12-20 34.06 "SAS" "@" "MIL" "L" -2 0 20.7 0.364 0.364 0 11.6 5.9 15.2 5.5 0 8.3 27.7 83 110 4.1 -4.7
"26" "25" 2005-12-21 34.07 "SAS" "@" "NYK" "W" 13 0 17.1333333333333 0.375 0.375 0 7.8 4 21.4 0 0 42.9 19.7 63 107 -0.8 -11.3
"27" "26" 2005-12-23 34.07 "SAS" "" "TOR" "W" 5 0 14.75 0.654 0.75 0 0 0 26.1 0 0 12.7 25.9 114 107 5.6 3.5
"28" "27" 2005-12-25 34.08 "SAS" "@" "DET" "L" -15 0 18.4166666666667 0.333 0.333 0 6.2 3 31.5 0 0 14.3 20.5 70 116 1.6 -5.7
"29" "28" 2005-12-27 34.08 "SAS" "" "IND" "W" 13 0 13.4166666666667 0.5 0.5 0 9.2 4.6 0 0 0 0 18.4 101 102 2.2 -3.2
"30" "29" 2005-12-29 34.09 "SAS" "" "NOK" "W" 27 0 5.78333333333333 1.25 1.25 0 0 0 94.3 0 0 0 17.1 241 102 5.7 28.5
"31" "" 2005-12-31 34.09 "SAS" "@" "DEN" "W" 10 NA NA NA NA NA NA NA NA NA NA NA NA NA NA NA NA
"32" "30" 2006-01-04 34.1 "SAS" "" "POR" "W" 31 0 20.15 0 0 0 10.6 5.5 11.1 0 0 28.6 15.7 22 95 -3.9 -19.6
"33" "31" 2006-01-06 34.11 "SAS" "" "MIN" "W" 6 0 11.0333333333333 0.512 0.625 0 0 0 0 0 0 17 26.8 81 102 0.8 -6.1
"34" "32" 2006-01-07 34.11 "SAS" "@" "PHO" "L" -5 0 15.5166666666667 0.357 0.357 0 0 0 0 0 0 0 20.4 88 110 0.1 -7
"35" "33" 2006-01-10 34.12 "SAS" "" "NJN" "W" 5 0 8.66666666666667 0.75 0.75 0 12 7.2 58.5 0 0 20 28.1 119 101 4.3 12.5
"36" "34" 2006-01-12 34.13 "SAS" "" "DET" "L" -15 0 21.9666666666667 0.429 0.429 0 5 2.5 21.4 0 0 0 17.7 93 110 3.2 -1.7
"37" "35" 2006-01-14 34.13 "SAS" "" "MEM" "W" 1 0 15.3166666666667 0.25 0.25 0 9.2 4.4 12.1 0 0 20 17.3 52 106 -0.8 -12.9
"38" "36" 2006-01-16 34.14 "SAS" "@" "MEM" "W" 10 0 17.6666666666667 0.5 0.5 0 6.2 3.5 10.1 3.3 0 14.3 21.7 86 100 3.2 -2.4
"39" "37" 2006-01-18 34.14 "SAS" "" "MIL" "W" 3 0 11.0166666666667 0.7 0.7 0 0 0 46 0 0 28.6 31.1 96 111 4.1 2.5
"40" "38" 2006-01-20 34.15 "SAS" "@" "MIA" "W" 7 0 13.1333333333333 0.75 0.75 0 19.2 9.7 13.7 0 0 20 17.9 120 104 3.9 4.9
"41" "39" 2006-01-22 34.15 "SAS" "" "DEN" "L" -4 0 19.25 0.563 0.563 0 11.9 6 12.5 0 0 11.1 22.1 96 103 4.9 -0.2
"42" "40" 2006-01-24 34.16 "SAS" "" "CHA" "W" 28 1 17.0166666666667 NA NA 0 6 3.6 19.2 0 0 100 2.9 95 95 1.4 -4.1
"43" "41" 2006-01-25 34.16 "SAS" "@" "NOK" "W" 16 0 19.3166666666667 0.597 0.6 5.1 17.3 10.8 13 0 0 15.5 33.3 108 88 7.5 11.5
"44" "42" 2006-01-28 34.17 "SAS" "" "MIN" "W" 14 0 12.05 0 0 0 10.5 5 10.2 0 0 33.3 11.5 21 108 -1.4 -15
"45" "" 2006-01-30 34.18 "SAS" "@" "UTA" "W" 9 NA NA NA NA NA NA NA NA NA NA NA NA NA NA NA NA
"46" "" 2006-02-01 34.18 "SAS" "@" "POR" "W" 4 NA NA NA NA NA NA NA NA NA NA NA NA NA NA NA NA
"47" "" 2006-02-02 34.18 "SAS" "@" "GSW" "W" 3 NA NA NA NA NA NA NA NA NA NA NA NA NA NA NA NA
"48" "43" 2006-02-08 34.2 "SAS" "@" "TOR" "W" 7 0 4.66666666666667 0.5 0.5 0 0 0 0 0 0 0 21.8 102 131 1 -9
"49" "44" 2006-02-10 34.21 "SAS" "@" "NJN" "W" 10 0 17.5666666666667 0.5 0.5 0 21 10.6 49.6 0 0 0 17.3 139 96 6.6 8.8
"50" "45" 2006-02-12 34.21 "SAS" "@" "IND" "W" 4 0 11.75 0.333 0.333 0 11.3 5 15.8 0 0 0 24.2 81 109 1.6 -5.9
"51" "46" 2006-02-13 34.21 "SAS" "@" "CLE" "L" -14 0 18.7166666666667 0.5 0.5 0 0 0 27.6 0 0 0 13.7 124 128 4.4 1.5
"52" "47" 2006-02-15 34.22 "SAS" "@" "PHI" "L" -3 0 18.85 0.5 0.5 0 6 3 29.5 5.4 0 11.1 21.4 105 95 6.2 7.4
"53" "48" 2006-02-21 34.24 "SAS" "" "SEA" "W" 25 0 6.73333333333333 0 0 0 14.3 7.3 17.4 0 0 0 19.7 32 97 -1.9 -28
"54" "49" 2006-02-24 34.24 "SAS" "@" "MEM" "W" 3 0 8.15 0.75 0.75 0 0 0 25.5 0 0 33.3 16.3 102 100 1.3 1.8
"55" "50" 2006-02-25 34.25 "SAS" "" "GSW" "W" 17 0 15.8166666666667 0.833 0.833 0 0 0 19.6 0 0 40 13.5 100 97 3.1 -0.7
"56" "51" 2006-02-27 34.25 "SAS" "" "NYK" "W" 28 0 15.05 0.875 0.875 0 7.6 4.4 24.7 0 0 11.1 28.9 145 109 10.7 9.1
"57" "52" 2006-03-02 34.26 "SAS" "" "DAL" "W" 9 0 9.43333333333333 0 0 0 0 0 29.9 5.9 0 0 32.2 22 101 -2.2 -20
"58" "" 2006-03-04 34.27 "SAS" "" "POR" "W" 20 NA NA NA NA NA NA NA NA NA NA NA NA NA NA NA NA
"59" "53" 2006-03-06 34.27 "SAS" "@" "LAL" "W" 7 0 14.5833333333333 0.417 0.417 0 0 0 18.1 0 0 25 26.8 77 125 1 -12
"60" "" 2006-03-07 34.27 "SAS" "@" "LAC" "L" -13 NA NA NA NA NA NA NA NA NA NA NA NA NA NA NA NA
"61" "" 2006-03-09 34.28 "SAS" "@" "PHO" "W" 24 NA NA NA NA NA NA NA NA NA NA NA NA NA NA NA NA
"62" "" 2006-03-10 34.28 "SAS" "" "LAL" "L" -8 NA NA NA NA NA NA NA NA NA NA NA NA NA NA NA NA
"63" "" 2006-03-12 34.29 "SAS" "" "HOU" "W" 7 NA NA NA NA NA NA NA NA NA NA NA NA NA NA NA NA
"64" "" 2006-03-14 34.29 "SAS" "" "NOK" "W" 15 NA NA NA NA NA NA NA NA NA NA NA NA NA NA NA NA
"65" "" 2006-03-17 34.3 "SAS" "" "PHO" "W" 6 NA NA NA NA NA NA NA NA NA NA NA NA NA NA NA NA
"66" "" 2006-03-18 34.3 "SAS" "@" "HOU" "W" 15 NA NA NA NA NA NA NA NA NA NA NA NA NA NA NA NA
"67" "" 2006-03-21 34.31 "SAS" "" "GSW" "W" 11 NA NA NA NA NA NA NA NA NA NA NA NA NA NA NA NA
"68" "" 2006-03-22 34.32 "SAS" "@" "DEN" "L" -12 NA NA NA NA NA NA NA NA NA NA NA NA NA NA NA NA
"69" "" 2006-03-24 34.32 "SAS" "@" "POR" "W" 19 NA NA NA NA NA NA NA NA NA NA NA NA NA NA NA NA
"70" "" 2006-03-26 34.33 "SAS" "@" "SEA" "L" -4 NA NA NA NA NA NA NA NA NA NA NA NA NA NA NA NA
"71" "54" 2006-03-28 34.33 "SAS" "@" "LAC" "W" 11 0 14.6666666666667 0.417 0.417 0 0 0 22.2 0 0 25 27 72 109 1 -9.9
"72" "55" 2006-03-30 34.34 "SAS" "@" "LAL" "W" 11 0 8.75 0 0 0 11.9 6.2 14.1 0 0 0 10.7 30 99 -0.8 -12.6
"73" "56" 2006-04-01 34.34 "SAS" "" "WAS" "W" 7 0 10.5833333333333 0.286 0.286 0 11.9 5.7 0 4.9 0 22.2 37.8 49 104 -1.2 -20.6
"74" "57" 2006-04-04 34.35 "SAS" "@" "UTA" "W" 9 0 7.86666666666667 0 0 0 29.1 14.5 37 0 0 0 19.1 47 103 -0.5 -15.4
"75" "58" 2006-04-05 34.35 "SAS" "" "SAC" "L" -10 0 12.3833333333333 0.643 0.643 0 21.5 10.1 40 0 0 22.2 35.3 103 115 4.9 7
"76" "59" 2006-04-07 34.36 "SAS" "" "DAL" "L" -6 0 16.2333333333333 0.875 0.875 0 0 0 36.5 0 0 11.1 25.8 150 115 10.4 22.4
"77" "60" 2006-04-09 34.36 "SAS" "" "MEM" "W" 2 0 17.5166666666667 0.571 0.5 0 19.1 9.7 33.2 0 0 0 22.5 131 99 7.1 7.7
"78" "61" 2006-04-11 34.37 "SAS" "" "SEA" "W" 9 0 21.9666666666667 0 0 0 21 11.6 10.4 0 2.9 33.3 5.9 43 101 0.8 -7.7
"79" "62" 2006-04-13 34.38 "SAS" "" "ORL" "L" -12 0 16.5666666666667 0 0 7.2 0 3.6 17.6 3.5 0 0 9.1 54 111 1 -5.9
"80" "63" 2006-04-16 34.38 "SAS" "@" "MIN" "W" 13 0 15.2833333333333 0.5 0.5 0 23.6 12.6 34.3 0 0 0 27.1 122 104 6.9 2.8
"81" "64" 2006-04-17 34.39 "SAS" "" "UTA" "W" 33 0 21.15 0.857 0.857 0 10.6 6.1 41.7 5.5 0 30 23.1 134 94 12.5 14.7
"82" "65" 2006-04-19 34.39 "SAS" "@" "HOU" "W" 2 0 20.3833333333333 0.506 0.444 5.5 6.9 6.1 30.8 0 0 16.8 27.4 101 109 6 -2
