"Rk" "G" "Date" "Age" "Tm" "H/A" "Opp" "W/L" "By Amt" "GS" "MP" "TS%" "eFG%" "ORB%" "DRB%" "TRB%" "AST%" "STL%" "BLK%" "TOV%" "USG%" "ORtg" "DRtg" "GmSc" "BPM"
"1" "1" 2001-10-30 19.27 "SAC" "" "SEA" "W" 6 0 5.45 1 1 18.5 21.3 19.8 0 0 0 0 8.7 203 101 2.3 4.2
"2" "2" 2001-11-03 19.28 "SAC" "@" "DEN" "W" 12 0 2.25 1 1 0 0 0 0 0 0 0 22.5 200 113 1.7 14.8
"3" "3" 2001-11-04 19.28 "SAC" "" "SAS" "W" 20 0 2.81666666666667 1 1 0 28.6 15.8 0 0 0 50 27.6 64 84 1 -2.4
"4" "4" 2001-11-06 19.29 "SAC" "@" "CLE" "W" 16 0 1.6 NA NA 0 0 0 100 0 0 NA 0 231 113 0.7 18.9
"5" "" 2001-11-07 19.29 "SAC" "@" "IND" "L" -12 NA NA NA NA NA NA NA NA NA NA NA NA NA NA NA NA
"6" "" 2001-11-09 19.3 "SAC" "@" "ORL" "L" -10 NA NA NA NA NA NA NA NA NA NA NA NA NA NA NA NA
"7" "" 2001-11-10 19.3 "SAC" "@" "MIA" "W" 15 NA NA NA NA NA NA NA NA NA NA NA NA NA NA NA NA
"8" "" 2001-11-13 19.31 "SAC" "" "TOR" "W" 9 NA NA NA NA NA NA NA NA NA NA NA NA NA NA NA NA
"9" "5" 2001-11-16 19.32 "SAC" "" "CHI" "W" 34 0 12.9166666666667 0.145 0.167 0 0 0 9.9 7.7 0 0 23.9 41 69 -0.7 -11.9
"10" "" 2001-11-18 19.32 "SAC" "@" "LAL" "L" -8 NA NA NA NA NA NA NA NA NA NA NA NA NA NA NA NA
"11" "6" 2001-11-19 19.33 "SAC" "" "HOU" "W" 36 0 7.28333333333333 1 1 0 14.9 7.9 16.7 7.4 0 0 6.4 204 74 3.7 16.4
"12" "" 2001-11-21 19.33 "SAC" "" "POR" "W" 12 NA NA NA NA NA NA NA NA NA NA NA NA NA NA NA NA
"13" "" 2001-11-24 19.34 "SAC" "" "NJN" "W" 1 NA NA NA NA NA NA NA NA NA NA NA NA NA NA NA NA
"14" "" 2001-11-26 19.35 "SAC" "@" "MEM" "L" -4 NA NA NA NA NA NA NA NA NA NA NA NA NA NA NA NA
"15" "" 2001-11-27 19.35 "SAC" "@" "HOU" "W" 5 NA NA NA NA NA NA NA NA NA NA NA NA NA NA NA NA
"16" "7" 2001-11-29 19.35 "SAC" "@" "DAL" "W" 12 0 0.716666666666667 NA NA 0 0 0 0 0 0 NA 0 0 118 0 -4
"17" "" 2001-11-30 19.36 "SAC" "@" "SAS" "W" 3 NA NA NA NA NA NA NA NA NA NA NA NA NA NA NA NA
"18" "" 2001-12-02 19.36 "SAC" "" "DAL" "L" -6 NA NA NA NA NA NA NA NA NA NA NA NA NA NA NA NA
"19" "8" 2001-12-04 19.37 "SAC" "" "PHI" "W" 10 0 1 NA NA 0 0 0 0 0 0 NA 0 0 103 -0.4 -26.8
"20" "" 2001-12-07 19.38 "SAC" "" "LAL" "W" 6 NA NA NA NA NA NA NA NA NA NA NA NA NA NA NA NA
"21" "" 2001-12-09 19.38 "SAC" "" "MIA" "W" 7 NA NA NA NA NA NA NA NA NA NA NA NA NA NA NA NA
"22" "9" 2001-12-11 19.39 "SAC" "" "ORL" "W" 12 0 11.1333333333333 0.512 0.5 19.4 26.7 23.2 12 0 0 0 18.9 130 107 5.2 1.7
"23" "10" 2001-12-12 19.39 "SAC" "@" "PHO" "L" -26 0 21.45 0.507 0.5 19.4 8.4 13.5 7.7 4.6 2.4 10.1 19.4 108 115 10.4 6.9
"24" "11" 2001-12-14 19.39 "SAC" "@" "MIN" "L" -20 0 6.35 0 0 0 17.8 8.3 23.5 0 0 34.7 19.8 14 114 -2.7 -23.4
"25" "12" 2001-12-16 19.4 "SAC" "" "MEM" "W" 17 0 25.1666666666667 0.592 0.563 28 6.9 16.6 8.1 5.7 0 5.6 28.6 132 82 18.6 12
"26" "" 2001-12-18 19.41 "SAC" "" "DET" "W" 4 NA NA NA NA NA NA NA NA NA NA NA NA NA NA NA NA
"27" "13" 2001-12-19 19.41 "SAC" "@" "SEA" "L" -12 0 3.08333333333333 NA NA 0 0 0 0 0 0 NA 0 0 119 0 -7
"28" "14" 2001-12-22 19.42 "SAC" "@" "LAC" "L" -16 0 3.65 NA NA 0 25.5 12.5 33.3 0 0 NA 0 211 108 1 5.8
"29" "15" 2001-12-23 19.42 "SAC" "" "PHO" "W" 32 0 7.81666666666667 0.592 0.6 17.1 11.8 14 0 6 0 0 35 132 93 6.1 2.5
"30" "16" 2001-12-26 19.43 "SAC" "" "POR" "W" 15 0 2.75 NA NA 0 0 0 0 0 0 NA 0 0 92 0 -4.8
"31" "17" 2001-12-28 19.43 "SAC" "" "MIN" "W" 14 0 1 NA NA 0 0 0 0 0 0 NA 0 0 125 0 -4.1
"32" "18" 2001-12-30 19.44 "SAC" "" "BOS" "W" 15 0 5.15 0.347 0 21.8 0 9.8 0 0 0 0 26.1 102 111 1.3 -9.5
"33" "19" 2002-01-02 19.45 "SAC" "" "LAC" "W" 14 0 1.63333333333333 0 0 0 0 0 0 0 0 0 21.6 0 111 -0.7 -33.3
"34" "" 2002-01-05 19.45 "SAC" "@" "PHO" "W" 6 NA NA NA NA NA NA NA NA NA NA NA NA NA NA NA NA
"35" "" 2002-01-06 19.46 "SAC" "" "MIL" "W" 14 NA NA NA NA NA NA NA NA NA NA NA NA NA NA NA NA
"36" "20" 2002-01-13 19.48 "SAC" "" "PHO" "W" 3 0 9.33333333333333 0.333 0.333 12.1 11.1 11.6 0 0 0 0 14.2 91 111 0.9 -7.9
"37" "21" 2002-01-15 19.48 "SAC" "" "CLE" "W" 7 0 6.43333333333333 NA NA 0 21.1 9.9 0 0 0 100 7.7 0 114 -1.1 -16.2
"38" "" 2002-01-16 19.48 "SAC" "@" "DEN" "W" 5 NA NA NA NA NA NA NA NA NA NA NA NA NA NA NA NA
"39" "22" 2002-01-18 19.49 "SAC" "" "GSW" "W" 24 0 3.06666666666667 NA NA 0 34.8 18.4 34.8 0 0 100 27.7 25 93 -1.4 -24.8
"40" "23" 2002-01-21 19.5 "SAC" "" "MEM" "W" 14 0 4.6 0 0 0 27.4 11.2 0 0 0 0 8.1 0 103 -0.8 -17
"41" "" 2002-01-22 19.5 "SAC" "@" "POR" "L" -6 NA NA NA NA NA NA NA NA NA NA NA NA NA NA NA NA
"42" "24" 2002-01-24 19.51 "SAC" "" "UTA" "W" 33 0 12 0.512 0.5 8.5 16 12.4 12.1 0 0 0 17.2 124 87 3.4 0
"43" "25" 2002-01-26 19.51 "SAC" "@" "UTA" "W" 24 0 4.96666666666667 0.333 0.333 0 20.4 10.9 32.7 0 0 25 35 67 99 0.3 -13.4
"44" "26" 2002-01-31 19.53 "SAC" "@" "SEA" "W" 4 0 4.85 0 0 18.5 0 10.1 31 10.1 0 0 16.8 55 90 0.2 -3.9
"45" "27" 2002-02-01 19.53 "SAC" "" "DEN" "W" 36 0 12.9166666666667 0.72 0.6 33.6 0 14.5 0 3.9 4.2 0 23.9 175 103 11.6 13.3
"46" "" 2002-02-03 19.53 "SAC" "@" "MIN" "W" 5 NA NA NA NA NA NA NA NA NA NA NA NA NA NA NA NA
"47" "28" 2002-02-04 19.54 "SAC" "@" "NJN" "L" -34 0 7.15 0.25 0.25 14 0 7.6 0 0 0 0 23 69 126 -0.1 -11.6
"48" "29" 2002-02-06 19.54 "SAC" "@" "BOS" "W" 17 0 3.53333333333333 0 0 0 0 0 0 0 0 50 22.9 0 96 -2.1 -35.2
"49" "30" 2002-02-07 19.55 "SAC" "@" "WAS" "L" -7 0 2.46666666666667 1 1 51.1 51.1 51.1 -240 0 0 0 46.6 203 106 5.1 62.6
"50" "31" 2002-02-12 19.56 "SAC" "" "SAS" "W" 13 0 2.11666666666667 NA NA 0 0 0 58.5 0 0 NA 0 210 103 0.7 15.4
"51" "32" 2002-02-14 19.56 "SAC" "" "WAS" "W" 16 0 6.7 0.347 0 14.3 0 7.2 15.9 0 0 0 17.4 110 102 2 -0.8
"52" "" 2002-02-17 19.57 "SAC" "" "SEA" "L" -10 NA NA NA NA NA NA NA NA NA NA NA NA NA NA NA NA
"53" "" 2002-02-19 19.58 "SAC" "" "ATL" "W" 20 NA NA NA NA NA NA NA NA NA NA NA NA NA NA NA NA
"54" "" 2002-02-21 19.58 "SAC" "@" "SAS" "L" -23 NA NA NA NA NA NA NA NA NA NA NA NA NA NA NA NA
"55" "" 2002-02-23 19.59 "SAC" "@" "DAL" "L" -14 NA NA NA NA NA NA NA NA NA NA NA NA NA NA NA NA
"56" "33" 2002-02-26 19.6 "SAC" "" "UTA" "W" 26 0 8.58333333333333 0.192 0.333 10.7 0 6.1 32.7 0 0 0 23.4 65 92 0.4 -4.9
"57" "34" 2002-03-01 19.61 "SAC" "@" "GSW" "W" 8 0 2.48333333333333 0.5 0.5 0 0 0 0 47.6 0 66.7 100 26 19 -1 -39
"58" "35" 2002-03-03 19.61 "SAC" "" "IND" "L" -11 0 4.21666666666667 0 0 0 0 0 0 0 0 0 10.3 0 104 -0.7 -12
"59" "36" 2002-03-04 19.61 "SAC" "@" "POR" "L" -12 0 1.31666666666667 NA NA 0 0 0 0 0 0 NA 0 0 131 -0.4 -19.2
"60" "" 2002-03-08 19.62 "SAC" "" "CHH" "W" 12 NA NA NA NA NA NA NA NA NA NA NA NA NA NA NA NA
"61" "37" 2002-03-10 19.63 "SAC" "@" "MIL" "W" 25 0 2.55 0.5 0.5 0 0 0 0 0 0 0 31.5 95 93 1 -3.3
"62" "" 2002-03-11 19.63 "SAC" "@" "CHI" "W" 4 NA NA NA NA NA NA NA NA NA NA NA NA NA NA NA NA
"63" "" 2002-03-13 19.64 "SAC" "@" "PHI" "W" 4 NA NA NA NA NA NA NA NA NA NA NA NA NA NA NA NA
"64" "38" 2002-03-14 19.64 "SAC" "@" "NYK" "L" -17 0 2.71666666666667 1 1 0 0 0 0 0 0 0 14.2 200 129 1.7 10.9
"65" "39" 2002-03-17 19.65 "SAC" "@" "TOR" "W" 3 0 3.4 0 0 0 0 0 42.1 16.1 0 0 13.8 55 89 1 11.7
"66" "40" 2002-03-19 19.65 "SAC" "" "HOU" "W" 23 0 5.6 0.333 0.333 0 0 0 0 0 0 25 29.3 50 105 -0.7 -21.9
"67" "41" 2002-03-21 19.66 "SAC" "" "DEN" "W" 36 0 15.3 0.53 0.556 0 5.5 3.5 0 3.3 0 9.6 31.9 87 89 5.6 -7.2
"68" "" 2002-03-24 19.67 "SAC" "" "LAL" "L" -1 NA NA NA NA NA NA NA NA NA NA NA NA NA NA NA NA
"69" "42" 2002-03-26 19.67 "SAC" "" "LAC" "W" 17 1 28.8166666666667 0.504 0.462 14.7 4.1 9.7 4.9 0 2.4 6.7 22.1 118 107 9.6 -1.5
"70" "43" 2002-03-28 19.68 "SAC" "@" "HOU" "W" 27 0 19.2833333333333 0.354 0.333 30.3 4.4 16.4 15.1 2.7 0 9.2 24.4 100 87 7.4 1.6
"71" "44" 2002-03-29 19.68 "SAC" "@" "CHH" "W" 5 0 13.2833333333333 0.5 0.5 10.9 14.8 13.2 0 4.1 0 20 18.2 87 91 2.9 0.1
"72" "45" 2002-03-31 19.69 "SAC" "@" "ATL" "W" 1 0 16.2833333333333 0.619 0.625 11.3 0 6.4 12 3.1 0 10.1 26.1 115 98 8.7 7.9
"73" "46" 2002-04-02 19.69 "SAC" "@" "MEM" "W" 24 0 13.4833333333333 0.463 0.667 0 0 0 9.3 3.7 0 18.8 17.2 75 87 1.4 -3.8
"74" "47" 2002-04-03 19.7 "SAC" "@" "DET" "W" 21 0 10.55 0.571 0.571 14.5 32 24.6 0 0 15.7 0 32 114 81 7.7 11.7
"75" "48" 2002-04-05 19.7 "SAC" "@" "UTA" "W" 8 0 2.95 0 0 0 0 0 0 0 0 0 29.9 0 125 -1.4 -37.3
"76" "49" 2002-04-07 19.71 "SAC" "" "NYK" "W" 34 0 19.6666666666667 0 0 13.8 5.3 9.9 0 0 0 0 18.9 30 95 -4.7 -22.7
"77" "50" 2002-04-09 19.71 "SAC" "" "MIN" "W" 19 0 3.56666666666667 0.667 0.667 57.1 55.8 56.5 0 0 0 0 32.7 152 101 4.7 18.9
"78" "" 2002-04-10 19.72 "SAC" "@" "GSW" "W" 2 NA NA NA NA NA NA NA NA NA NA NA NA NA NA NA NA
"79" "51" 2002-04-12 19.72 "SAC" "@" "LAC" "W" 19 0 2.08333333333333 0.5 0.5 0 0 0 0 0 34.3 0 46.1 105 96 1.3 2.4
"80" "52" 2002-04-14 19.73 "SAC" "" "DAL" "L" -13 0 6.7 1 1 0 15.2 7.5 32.2 0 0 0 12.5 202 127 3.6 10.7
"81" "53" 2002-04-16 19.73 "SAC" "" "GSW" "W" 14 0 19.2333333333333 0.317 0.286 6.3 5.4 5.8 11.5 0 0 11.3 19 80 109 1.1 -10.8
"82" "54" 2002-04-17 19.73 "SAC" "@" "LAL" "L" -14 0 26.3166666666667 0.353 0.3 8.2 21.3 15.2 5.7 0 0 8.1 20.8 82 112 3.9 -7
"1" "1" 2002-10-29 20.27 "SAC" "" "CLE" "W" 27 0 22.5666666666667 0.735 0.688 5 8.7 7 8.7 7.2 2.8 22.7 26.4 115 67 12.1 10.3
"2" "2" 2002-10-31 20.27 "SAC" "" "POR" "W" 28 0 18.25 0.409 0.385 14.4 43.5 31 0 0 3.7 0 34.8 93 69 7.6 -0.7
"3" "3" 2002-11-02 20.28 "SAC" "@" "MEM" "W" 17 0 20.8166666666667 0.563 0.5 0 22.3 11 19.7 2.3 0 10.1 20.1 114 98 8.5 1.6
"4" "4" 2002-11-03 20.28 "SAC" "@" "MIA" "L" -10 0 22.25 0.361 0.286 0 17.8 9 9.6 0 0 0 17.5 83 102 2.6 -4.6
"5" "5" 2002-11-05 20.29 "SAC" "@" "ORL" "L" -4 0 23.2 0.405 0.333 8.3 11.9 9.8 0 0 0 25.8 19.2 72 124 -0.2 -15
"6" "6" 2002-11-06 20.29 "SAC" "@" "NYK" "L" -7 0 10.7833333333333 0.902 1 0 41.6 21.5 0 0 6.1 20.5 20.3 121 90 5.8 8.8
"7" "7" 2002-11-08 20.3 "SAC" "" "MEM" "W" 8 0 5.06666666666667 0 0 20 0 10.1 0 0 0 0 7.9 52 103 0 -11.1
"8" "8" 2002-11-10 20.3 "SAC" "" "ATL" "W" 8 0 4.38333333333333 0 NA 0 54.5 25.8 0 0 16.9 53.2 19.6 0 79 -0.9 -15.2
"9" "" 2002-11-13 20.31 "SAC" "@" "GSW" "W" 11 NA NA NA NA NA NA NA NA NA NA NA NA NA NA NA NA
"10" "9" 2002-11-15 20.32 "SAC" "@" "SEA" "L" -14 0 19.0833333333333 0.333 0.333 5.7 8.4 6.8 7.4 0 0 0 13.3 85 117 0.7 -9.9
"11" "" 2002-11-17 20.32 "SAC" "" "ORL" "W" 2 NA NA NA NA NA NA NA NA NA NA NA NA NA NA NA NA
"12" "10" 2002-11-19 20.33 "SAC" "" "CHI" "W" 13 0 6.3 0.694 0.5 21.6 15.7 18.2 0 0 0 51 41.1 73 109 1 -18.8
"13" "" 2002-11-20 20.33 "SAC" "@" "LAC" "W" 4 NA NA NA NA NA NA NA NA NA NA NA NA NA NA NA NA
"14" "11" 2002-11-22 20.33 "SAC" "" "PHO" "W" 17 0 1.75 0 0 0 100 55.8 0 0 0 0 20.8 0 66 -0.1 -20.7
"15" "12" 2002-11-23 20.34 "SAC" "@" "POR" "W" 1 0 14.8833333333333 0.508 0.429 0 27.4 13.5 13.1 7.2 5 0 25.8 104 89 7.8 8.1
"16" "13" 2002-11-26 20.35 "SAC" "@" "CLE" "W" 6 0 26.1666666666667 0.805 0.75 10.3 23.6 17.8 24.2 0 2.5 17.7 20.6 138 96 15 11.5
"17" "14" 2002-11-27 20.35 "SAC" "@" "MIN" "L" -16 0 22.05 0.327 0.4 4.5 13.6 9 0 0 0 0 15.1 74 99 0.3 -6.7
"18" "15" 2002-11-29 20.35 "SAC" "" "LAC" "W" 13 1 33.7833333333333 0.481 0.5 13.8 17.6 15.9 0 4.4 2 22.8 22.5 83 91 8.7 -4.5
"19" "16" 2002-12-01 20.36 "SAC" "" "HOU" "W" 19 1 33.3666666666667 0.884 0.909 13.9 16.6 15.1 19.1 1.6 2.4 7.8 17.7 169 96 24 15.6
"20" "17" 2002-12-03 20.36 "SAC" "" "MIN" "W" 12 1 28.4333333333333 0.714 0.714 8 19.5 13.8 5.6 1.8 0 30 16.4 102 93 8.7 1.2
"21" "18" 2002-12-04 20.37 "SAC" "@" "DEN" "W" 2 1 23.6666666666667 0.25 0.25 5 11.4 8 0 0 7 33.3 11.3 43 97 -0.9 -10.7
"22" "19" 2002-12-06 20.37 "SAC" "" "DEN" "W" 21 1 28.7666666666667 0.51 0.6 4.5 12.7 9.3 6.1 1.7 2.4 33.8 14 70 80 2.6 -5.5
"23" "20" 2002-12-08 20.38 "SAC" "@" "SAS" "W" 24 1 21 0 0 0 11.4 5.9 9.9 7.6 0 0 4.8 48 82 3.2 1.1
"24" "21" 2002-12-10 20.38 "SAC" "@" "HOU" "L" -7 0 5.01666666666667 NA NA 0 0 0 0 0 0 NA 0 0 120 0 -6
"25" "" 2002-12-14 20.39 "SAC" "@" "UTA" "W" 2 NA NA NA NA NA NA NA NA NA NA NA NA NA NA NA NA
"26" "22" 2002-12-15 20.4 "SAC" "" "NOH" "W" 15 0 2.05 1 1 0 53.3 30 0 0 0 0 23.8 200 92 2 21
"27" "23" 2002-12-17 20.4 "SAC" "" "PHO" "W" 9 0 2.45 1 1 0 0 0 0 0 0 0 21.4 200 99 1.7 13.4
"28" "" 2002-12-19 20.41 "SAC" "" "SAS" "L" -2 NA NA NA NA NA NA NA NA NA NA NA NA NA NA NA NA
"29" "" 2002-12-21 20.41 "SAC" "@" "PHO" "L" -9 NA NA NA NA NA NA NA NA NA NA NA NA NA NA NA NA
"30" "24" 2002-12-22 20.42 "SAC" "" "GSW" "W" 15 0 5.26666666666667 0.399 0.5 20.9 0 9.6 0 0 0 21 41.1 70 108 0.5 -16.5
"31" "" 2002-12-25 20.42 "SAC" "@" "LAL" "W" 6 NA NA NA NA NA NA NA NA NA NA NA NA NA NA NA NA
"32" "" 2002-12-28 20.43 "SAC" "" "POR" "L" -6 NA NA NA NA NA NA NA NA NA NA NA NA NA NA NA NA
"33" "25" 2003-01-04 20.45 "SAC" "@" "DEN" "W" 11 0 6.23333333333333 0.521 0.5 0 34.8 17.2 0 8.3 11.9 0 21.7 104 55 3.1 9.7
"34" "26" 2003-01-05 20.45 "SAC" "" "MIA" "W" 26 0 8.25 0.387 0.333 0 8.8 5.4 20.7 6.5 0 20.5 28 72 72 1.9 -1.3
"35" "27" 2003-01-07 20.46 "SAC" "@" "MIL" "W" 25 0 3.7 0.667 0.667 30.8 0 13.6 0 0 19 0 36.2 138 84 4.1 25.8
"36" "28" 2003-01-09 20.47 "SAC" "@" "NJN" "W" 36 0 8.01666666666667 0.5 0.5 0 0 0 0 6.2 0 33.3 16.3 60 82 0.6 -5.8
"37" "" 2003-01-10 20.47 "SAC" "@" "MIN" "L" -6 NA NA NA NA NA NA NA NA NA NA NA NA NA NA NA NA
"38" "" 2003-01-12 20.47 "SAC" "" "MEM" "W" 8 NA NA NA NA NA NA NA NA NA NA NA NA NA NA NA NA
"39" "29" 2003-01-15 20.48 "SAC" "" "DAL" "W" 29 0 4.4 0 0 0 25 14 0 0 0 50 21.6 0 98 -1.8 -28
"40" "" 2003-01-18 20.49 "SAC" "@" "LAC" "L" -5 NA NA NA NA NA NA NA NA NA NA NA NA NA NA NA NA
"41" "30" 2003-01-20 20.5 "SAC" "@" "GSW" "W" 22 0 6.78333333333333 0.333 0.333 17.6 11.4 13.9 0 0 0 25 26.5 65 93 -0.5 -22
"42" "" 2003-01-21 20.5 "SAC" "" "NJN" "W" 7 NA NA NA NA NA NA NA NA NA NA NA NA NA NA NA NA
"43" "" 2003-01-23 20.5 "SAC" "@" "MEM" "W" 6 NA NA NA NA NA NA NA NA NA NA NA NA NA NA NA NA
"44" "" 2003-01-24 20.51 "SAC" "@" "ATL" "L" -11 NA NA NA NA NA NA NA NA NA NA NA NA NA NA NA NA
"45" "" 2003-01-26 20.51 "SAC" "@" "TOR" "L" -4 NA NA NA NA NA NA NA NA NA NA NA NA NA NA NA NA
"46" "31" 2003-01-28 20.52 "SAC" "" "UTA" "L" -10 0 6.25 NA NA 0 23.5 11 26.7 0 0 NA 0 233 117 1 3.4
"47" "32" 2003-01-30 20.52 "SAC" "@" "SEA" "W" 18 0 8.56666666666667 0 0 11.6 22.2 17 0 0 0 20 27.4 17 87 -2.9 -29.9
"48" "33" 2003-01-31 20.53 "SAC" "" "LAL" "L" -11 0 18.3166666666667 0.597 0.6 26 7.6 17.5 0 0 3.9 8.4 28 123 132 9.2 0
"49" "34" 2003-02-02 20.53 "SAC" "@" "HOU" "L" -16 0 17.7 0.465 0.333 11.6 26.7 18.6 0 0 4 15.7 30.5 88 108 5 -6.7
"50" "" 2003-02-04 20.54 "SAC" "@" "DAL" "W" 1 NA NA NA NA NA NA NA NA NA NA NA NA NA NA NA NA
"51" "35" 2003-02-05 20.54 "SAC" "@" "NOH" "L" -24 0 15.55 0.2 0.2 6.1 6.8 6.5 0 6.5 0 16.7 16.1 46 112 0.1 -11
"52" "36" 2003-02-11 20.56 "SAC" "" "WAS" "W" 19 1 12.7 0.436 0.333 15.7 12.1 13.7 10.7 0 0 12.7 26.2 97 89 3.1 -5.6
"53" "" 2003-02-14 20.56 "SAC" "" "SEA" "W" 29 NA NA NA NA NA NA NA NA NA NA NA NA NA NA NA NA
"54" "" 2003-02-16 20.57 "SAC" "" "SAS" "L" -3 NA NA NA NA NA NA NA NA NA NA NA NA NA NA NA NA
"55" "" 2003-02-18 20.58 "SAC" "" "MIL" "W" 9 NA NA NA NA NA NA NA NA NA NA NA NA NA NA NA NA
"56" "37" 2003-02-20 20.58 "SAC" "" "BOS" "W" 22 0 3.08333333333333 NA NA 0 0 0 0 0 0 NA 0 0 101 -0.4 -10.7
"57" "" 2003-02-23 20.59 "SAC" "" "NYK" "W" 7 NA NA NA NA NA NA NA NA NA NA NA NA NA NA NA NA
"58" "" 2003-02-25 20.59 "SAC" "" "DET" "W" 6 NA NA NA NA NA NA NA NA NA NA NA NA NA NA NA NA
"59" "" 2003-02-27 20.6 "SAC" "@" "DAL" "W" 2 NA NA NA NA NA NA NA NA NA NA NA NA NA NA NA NA
"60" "" 2003-03-01 20.61 "SAC" "@" "SAS" "L" -8 NA NA NA NA NA NA NA NA NA NA NA NA NA NA NA NA
"61" "" 2003-03-03 20.61 "SAC" "" "PHI" "W" 8 NA NA NA NA NA NA NA NA NA NA NA NA NA NA NA NA
"62" "" 2003-03-05 20.62 "SAC" "" "MIN" "W" 1 NA NA NA NA NA NA NA NA NA NA NA NA NA NA NA NA
"63" "" 2003-03-07 20.62 "SAC" "@" "UTA" "W" 3 NA NA NA NA NA NA NA NA NA NA NA NA NA NA NA NA
"64" "38" 2003-03-09 20.63 "SAC" "" "IND" "W" 19 0 3.9 0.532 1 30 22.6 25.8 0 0 0 34.7 33.4 68 96 0.9 -10.7
"65" "39" 2003-03-13 20.64 "SAC" "@" "PHO" "L" -25 0 6.96666666666667 0 0 0 0 0 0 7.5 0 34.7 17.9 0 115 -1.5 -18.3
"66" "40" 2003-03-14 20.64 "SAC" "" "TOR" "W" 35 0 8.98333333333333 0.82 0.75 0 8.9 5.9 16.2 5.7 0 29.1 34.7 110 86 6.4 8.4
"67" "" 2003-03-16 20.65 "SAC" "" "DAL" "L" -6 NA NA NA NA NA NA NA NA NA NA NA NA NA NA NA NA
"68" "41" 2003-03-18 20.65 "SAC" "" "GSW" "W" 26 0 3.28333333333333 1 1 0 0 0 0 0 0 0 12.8 200 100 0.9 -1.2
"69" "" 2003-03-20 20.66 "SAC" "" "LAL" "W" 8 NA NA NA NA NA NA NA NA NA NA NA NA NA NA NA NA
"70" "" 2003-03-22 20.66 "SAC" "@" "POR" "W" 9 NA NA NA NA NA NA NA NA NA NA NA NA NA NA NA NA
"71" "" 2003-03-23 20.67 "SAC" "" "HOU" "W" 1 NA NA NA NA NA NA NA NA NA NA NA NA NA NA NA NA
"72" "42" 2003-03-27 20.68 "SAC" "" "LAC" "W" 10 0 11.5 0.25 0.25 0 7.4 4.2 13 0 0 20 20.3 52 92 -1.2 -13.1
"73" "43" 2003-03-29 20.68 "SAC" "@" "CHI" "W" 15 0 3.23333333333333 0 0 0 0 0 0 0 0 0 12.9 0 103 -0.7 -18.6
"74" "" 2003-03-30 20.68 "SAC" "@" "DET" "L" -11 NA NA NA NA NA NA NA NA NA NA NA NA NA NA NA NA
"75" "" 2003-04-01 20.69 "SAC" "@" "IND" "W" 5 NA NA NA NA NA NA NA NA NA NA NA NA NA NA NA NA
"76" "" 2003-04-02 20.69 "SAC" "@" "WAS" "W" 6 NA NA NA NA NA NA NA NA NA NA NA NA NA NA NA NA
"77" "" 2003-04-04 20.7 "SAC" "@" "BOS" "W" 1 NA NA NA NA NA NA NA NA NA NA NA NA NA NA NA NA
"78" "44" 2003-04-06 20.7 "SAC" "@" "PHI" "W" 16 0 3.18333333333333 0.568 NA 0 27.6 15.8 0 0 0 53.2 27.3 53 81 -0.5 -20.1
"79" "45" 2003-04-08 20.71 "SAC" "" "SEA" "W" 22 0 4.93333333333333 0.735 1 26.7 61.3 46.3 0 0 0 0 43.4 135 77 6.1 20.8
"80" "46" 2003-04-10 20.72 "SAC" "@" "LAL" "L" -13 0 0.716666666666667 NA NA 0 0 0 0 0 0 NA 0 0 131 0 -2.7
"81" "" 2003-04-11 20.72 "SAC" "" "DEN" "W" 2 NA NA NA NA NA NA NA NA NA NA NA NA NA NA NA NA
"82" "47" 2003-04-16 20.73 "SAC" "" "UTA" "W" 11 0 5.21666666666667 0.5 0.5 0 22.3 11 0 21.7 0 0 17.7 104 52 3.3 20.6
"1" "1" 2003-10-29 21.27 "SAC" "" "CLE" "W" 14 0 16.8166666666667 0.266 0 13.4 29.7 21.2 0 3.1 0 0 5 110 97 3.1 -2.6
"2" "2" 2003-10-31 21.27 "SAC" "" "PHI" "W" 11 0 7.78333333333333 0 0 0 15 8.2 15.8 0 8.3 0 6.1 57 100 0.6 0.4
"3" "3" 2003-11-01 21.28 "SAC" "@" "DEN" "L" -21 0 17.5666666666667 0.333 0.333 5 0 3 28.9 2.7 3.3 0 13.5 95 113 3.5 -1.4
"4" "4" 2003-11-05 21.29 "SAC" "@" "MIN" "W" 4 0 10.7333333333333 0 0 21.4 11.5 16.6 20.9 4.9 0 0 12.2 84 118 1.2 -4.7
"5" "5" 2003-11-07 21.29 "SAC" "@" "NYK" "L" -3 0 11.1333333333333 0.258 0.333 0 0 0 21.5 9.5 7 0 16.4 73 110 2.8 1.7
"6" "6" 2003-11-09 21.3 "SAC" "@" "BOS" "L" -9 0 12.2 0.174 0 8.2 53.3 29.8 12.5 0 0 0 10.3 68 85 1.2 -6.3
"7" "7" 2003-11-11 21.3 "SAC" "" "DET" "W" 6 0 7.38333333333333 0.694 1 15.6 14 14.7 0 0 0 0 9.4 138 98 1.9 0
"8" "" 2003-11-13 21.31 "SAC" "@" "POR" "L" -2 NA NA NA NA NA NA NA NA NA NA NA NA NA NA NA NA
"9" "8" 2003-11-14 21.31 "SAC" "" "TOR" "W" 30 0 16.5 0.512 0.5 0 11.8 6.9 0 3.3 4.2 17 17.1 84 74 3.1 -4
"10" "9" 2003-11-16 21.32 "SAC" "" "GSW" "W" 2 0 30.1 0.427 0.417 17.4 13.3 15.6 0 0 0 0 18.7 118 122 7 -8.7
"11" "" 2003-11-19 21.33 "SAC" "@" "UTA" "W" 8 NA NA NA NA NA NA NA NA NA NA NA NA NA NA NA NA
"12" "" 2003-11-21 21.33 "SAC" "" "ORL" "W" 30 NA NA NA NA NA NA NA NA NA NA NA NA NA NA NA NA
"13" "" 2003-11-23 21.34 "SAC" "" "CHI" "W" 11 NA NA NA NA NA NA NA NA NA NA NA NA NA NA NA NA
"14" "" 2003-11-25 21.34 "SAC" "" "MEM" "W" 20 NA NA NA NA NA NA NA NA NA NA NA NA NA NA NA NA
"15" "" 2003-11-28 21.35 "SAC" "" "HOU" "W" 29 NA NA NA NA NA NA NA NA NA NA NA NA NA NA NA NA
"16" "" 2003-11-30 21.36 "SAC" "" "NJN" "W" 13 NA NA NA NA NA NA NA NA NA NA NA NA NA NA NA NA
"17" "" 2003-12-05 21.37 "SAC" "" "MIN" "L" -3 NA NA NA NA NA NA NA NA NA NA NA NA NA NA NA NA
"18" "" 2003-12-07 21.38 "SAC" "" "IND" "W" 3 NA NA NA NA NA NA NA NA NA NA NA NA NA NA NA NA
"19" "10" 2003-12-09 21.38 "SAC" "" "LAC" "W" 10 0 12.2666666666667 0.387 0.333 9 8 8.5 11.4 4 0 0 13.6 106 103 3.2 -0.9
"20" "11" 2003-12-12 21.39 "SAC" "@" "UTA" "W" 7 0 6.68333333333333 0.667 0.667 15.2 18 16.5 0 0 0 0 20.8 143 110 3.3 3.2
"21" "12" 2003-12-14 21.39 "SAC" "" "PHO" "W" 5 0 4.36666666666667 NA NA 0 27.3 15.2 0 0 0 NA 0 0 109 0.3 -3.1
"22" "13" 2003-12-16 21.4 "SAC" "@" "MEM" "L" -5 0 3.73333333333333 0 0 0 0 0 0 0 0 50 22.3 0 118 -2.1 -33.2
"23" "" 2003-12-18 21.41 "SAC" "@" "NOH" "W" 11 NA NA NA NA NA NA NA NA NA NA NA NA NA NA NA NA
"24" "14" 2003-12-19 21.41 "SAC" "@" "ATL" "W" 12 0 5.1 0 0 40.9 0 21.1 0 0 13.5 0 9 96 91 1 -3.9
"25" "15" 2003-12-21 21.41 "SAC" "" "POR" "W" 19 0 5.78333333333333 NA NA 0 0 0 18.6 0 0 NA 0 219 116 0.3 1.5
"26" "" 2003-12-23 21.42 "SAC" "" "MEM" "W" 17 NA NA NA NA NA NA NA NA NA NA NA NA NA NA NA NA
"27" "16" 2003-12-25 21.42 "SAC" "" "DAL" "L" -8 1 33.5333333333333 0.649 0.636 16 17.3 16.7 4.7 0 6.7 0 14.8 145 110 18 8.1
"28" "17" 2003-12-26 21.43 "SAC" "@" "GSW" "L" -7 0 5.58333333333333 0 0 0 17.4 8.8 0 0 0 0 7.4 0 110 -0.4 -9.8
"29" "" 2003-12-28 21.43 "SAC" "" "UTA" "W" 9 NA NA NA NA NA NA NA NA NA NA NA NA NA NA NA NA
"30" "" 2004-01-03 21.45 "SAC" "@" "LAC" "W" 7 NA NA NA NA NA NA NA NA NA NA NA NA NA NA NA NA
"31" "" 2004-01-04 21.45 "SAC" "" "SEA" "W" 31 NA NA NA NA NA NA NA NA NA NA NA NA NA NA NA NA
"32" "18" 2004-01-06 21.46 "SAC" "" "ATL" "W" 16 0 1.55 NA NA 0 100 60.8 0 0 0 NA 0 0 62 0.6 4.3
"33" "19" 2004-01-07 21.46 "SAC" "@" "SEA" "L" -11 0 3.86666666666667 NA NA 0 0 0 0 0 0 NA 0 0 119 0 -6.5
"34" "" 2004-01-09 21.47 "SAC" "@" "PHO" "W" 20 NA NA NA NA NA NA NA NA NA NA NA NA NA NA NA NA
"35" "" 2004-01-11 21.47 "SAC" "" "DEN" "W" 11 NA NA NA NA NA NA NA NA NA NA NA NA NA NA NA NA
"36" "" 2004-01-13 21.48 "SAC" "" "MIA" "W" 4 NA NA NA NA NA NA NA NA NA NA NA NA NA NA NA NA
"37" "20" 2004-01-16 21.48 "SAC" "" "LAL" "W" 20 0 5.4 1 1 0 0 0 0 0 0 0 10.2 200 102 1.7 2.8
"38" "21" 2004-01-19 21.49 "SAC" "@" "LAC" "W" 25 0 7.86666666666667 0.4 0.4 0 0 0 0 0 0 0 28.4 79 117 1.3 -18.1
"39" "" 2004-01-20 21.5 "SAC" "" "POR" "L" -5 NA NA NA NA NA NA NA NA NA NA NA NA NA NA NA NA
"40" "" 2004-01-22 21.5 "SAC" "@" "CLE" "W" 6 NA NA NA NA NA NA NA NA NA NA NA NA NA NA NA NA
"41" "22" 2004-01-23 21.5 "SAC" "@" "MEM" "L" -14 0 19.3833333333333 0.34 0.2 23.8 18.5 21.5 23.3 0 3.9 0 12.6 125 118 7.3 4.2
"42" "23" 2004-01-25 21.51 "SAC" "@" "DAL" "L" -9 0 3.46666666666667 0 0 32.7 0 16.2 0 0 0 50 27.4 28 117 -1.4 -30.2
"43" "" 2004-01-28 21.52 "SAC" "@" "HOU" "W" 5 NA NA NA NA NA NA NA NA NA NA NA NA NA NA NA NA
"44" "" 2004-01-29 21.52 "SAC" "@" "SAS" "W" 5 NA NA NA NA NA NA NA NA NA NA NA NA NA NA NA NA
"45" "" 2004-01-31 21.53 "SAC" "@" "SEA" "W" 7 NA NA NA NA NA NA NA NA NA NA NA NA NA NA NA NA
"46" "24" 2004-02-03 21.53 "SAC" "" "SEA" "W" 16 0 1.8 0 0 0 0 0 0 0 47.1 0 44.9 0 93 -0.7 -39.2
"47" "" 2004-02-06 21.54 "SAC" "" "SAS" "L" -8 NA NA NA NA NA NA NA NA NA NA NA NA NA NA NA NA
"48" "25" 2004-02-08 21.55 "SAC" "" "DEN" "W" 23 0 7.7 0.5 0.5 0 0 0 0 0 0 0 13.5 105 113 0.6 -8.7
"49" "26" 2004-02-10 21.55 "SAC" "@" "MIL" "W" 7 0 9.76666666666667 0.798 1 26.7 28.2 27.4 0 5.2 6.7 34.7 13.5 122 112 5 5.5
"50" "27" 2004-02-11 21.56 "SAC" "@" "DET" "W" 2 0 6.43333333333333 NA NA 0 19.5 9.9 0 9.4 0 NA 0 0 92 1.3 5.3
"51" "28" 2004-02-17 21.57 "SAC" "" "BOS" "W" 16 0 2.06666666666667 0 0 0 57.1 30.8 0 0 0 50 42.4 0 105 -1.8 -55.5
"52" "29" 2004-02-19 21.58 "SAC" "@" "MIN" "L" -17 0 6.68333333333333 0 0 28.1 0 17 26.7 9.2 0 33.3 23.5 43 97 0.7 -5.2
"53" "30" 2004-02-20 21.58 "SAC" "@" "CHI" "W" 8 0 5.85 0.333 0.333 0 0 0 29.6 0 0 25 32.1 60 103 -0.4 -17.3
"54" "31" 2004-02-22 21.59 "SAC" "@" "TOR" "W" 15 0 9.21666666666667 0.174 0 23.7 13 18.6 0 0 8.5 0 14.8 81 95 1.6 -7
"55" "32" 2004-02-24 21.59 "SAC" "" "NYK" "W" 8 0 6.15 0 0 0 19 10 0 8.8 0 50 15.5 0 92 -0.4 -10.4
"56" "33" 2004-02-26 21.6 "SAC" "@" "LAL" "W" 2 0 8.01666666666667 0.5 0.5 0 0 0 20 19.4 0 0 11.9 119 79 3.9 16.8
"57" "34" 2004-02-27 21.6 "SAC" "" "UTA" "L" -5 0 6.78333333333333 0 0 27.4 0 14.3 26.4 0 9 0 19 58 120 0.3 -9.3
"58" "" 2004-02-29 21.61 "SAC" "" "PHO" "W" 14 NA NA NA NA NA NA NA NA NA NA NA NA NA NA NA NA
"59" "" 2004-03-02 21.61 "SAC" "" "LAC" "W" 7 NA NA NA NA NA NA NA NA NA NA NA NA NA NA NA NA
"60" "" 2004-03-04 21.62 "SAC" "@" "PHI" "W" 9 NA NA NA NA NA NA NA NA NA NA NA NA NA NA NA NA
"61" "" 2004-03-06 21.62 "SAC" "@" "MIA" "L" -6 NA NA NA NA NA NA NA NA NA NA NA NA NA NA NA NA
"62" "" 2004-03-07 21.62 "SAC" "@" "ORL" "W" 17 NA NA NA NA NA NA NA NA NA NA NA NA NA NA NA NA
"63" "" 2004-03-09 21.63 "SAC" "" "GSW" "W" 4 NA NA NA NA NA NA NA NA NA NA NA NA NA NA NA NA
"64" "" 2004-03-11 21.64 "SAC" "" "DAL" "W" 18 NA NA NA NA NA NA NA NA NA NA NA NA NA NA NA NA
"65" "" 2004-03-12 21.64 "SAC" "@" "POR" "L" -2 NA NA NA NA NA NA NA NA NA NA NA NA NA NA NA NA
"66" "" 2004-03-14 21.64 "SAC" "" "SAS" "W" 14 NA NA NA NA NA NA NA NA NA NA NA NA NA NA NA NA
"67" "" 2004-03-16 21.65 "SAC" "@" "NJN" "L" -17 NA NA NA NA NA NA NA NA NA NA NA NA NA NA NA NA
"68" "" 2004-03-17 21.65 "SAC" "@" "WAS" "L" -6 NA NA NA NA NA NA NA NA NA NA NA NA NA NA NA NA
"69" "" 2004-03-19 21.66 "SAC" "@" "IND" "W" 2 NA NA NA NA NA NA NA NA NA NA NA NA NA NA NA NA
"70" "" 2004-03-21 21.66 "SAC" "" "HOU" "W" 5 NA NA NA NA NA NA NA NA NA NA NA NA NA NA NA NA
"71" "" 2004-03-23 21.67 "SAC" "" "MIL" "L" -11 NA NA NA NA NA NA NA NA NA NA NA NA NA NA NA NA
"72" "" 2004-03-24 21.67 "SAC" "@" "LAL" "L" -24 NA NA NA NA NA NA NA NA NA NA NA NA NA NA NA NA
"73" "" 2004-03-28 21.68 "SAC" "" "WAS" "W" 8 NA NA NA NA NA NA NA NA NA NA NA NA NA NA NA NA
"74" "35" 2004-03-31 21.69 "SAC" "@" "SAS" "L" -18 0 5.35 0 0 0 0 0 0 0 0 0 9.7 0 131 -0.7 -14.4
"75" "36" 2004-04-01 21.69 "SAC" "@" "DAL" "L" -10 0 7.18333333333333 0.75 0.75 0 0 0 0 0 0 0 20.4 147 134 4 2.8
"76" "37" 2004-04-04 21.7 "SAC" "@" "HOU" "W" 5 0 3.93333333333333 0 NA 0 0 0 0 0 19 0 11 0 92 -0.1 -5.4
"77" "" 2004-04-06 21.71 "SAC" "" "NOH" "W" 14 NA NA NA NA NA NA NA NA NA NA NA NA NA NA NA NA
"1" "1" 2004-11-04 22.28 "CHA" "" "WAS" "L" -7 1 30.45 0.387 0.333 0 15.9 8 15.1 0 2.3 33 29.6 61 113 -0.8 -13.7
"2" "2" 2004-11-06 22.29 "CHA" "" "ORL" "W" 11 1 32.4333333333333 0.478 0.429 7.3 20.8 15.2 14 4.3 0 9.6 25.1 102 89 13.1 3
"3" "3" 2004-11-10 22.3 "CHA" "@" "MIL" "L" -2 1 33.6666666666667 0.429 0.429 3.1 22.4 11.8 14 3.2 0 12.5 21.3 89 108 7.6 -3.4
"4" "4" 2004-11-12 22.31 "CHA" "@" "BOS" "L" -17 1 23.5 0.253 0.182 9.5 5 7.3 7.7 0 2.9 29.6 31.4 46 103 -3.6 -18.2
"5" "5" 2004-11-13 22.31 "CHA" "" "GSW" "L" -16 1 36.8166666666667 0.488 0.474 13.5 20.3 16.2 5.6 2.9 1.9 8.2 30.2 101 110 15.9 3.8
"6" "6" 2004-11-16 22.32 "CHA" "" "UTA" "L" -2 1 35.8333333333333 0.612 0.5 7.8 13.3 10.4 8.8 0 2 27.7 23.6 97 121 8.4 -5.7
"7" "7" 2004-11-18 22.32 "CHA" "" "CLE" "L" -17 1 21.0333333333333 0.41 0.333 4.9 6.9 5.7 24.1 2.5 0 35.3 23.5 67 117 0.7 -12.7
"8" "8" 2004-11-20 22.33 "CHA" "@" "CLE" "L" -16 1 33.3333333333333 0.555 0.5 13.6 6.7 10.5 11.8 1.5 2 22.8 21.7 100 113 10.8 0.9
"9" "9" 2004-11-21 22.33 "CHA" "@" "DET" "L" -1 1 16.95 0.41 0.5 15.4 7.7 11.6 10.7 3.5 4.5 0 14.5 107 110 4.5 1.9
"10" "10" 2004-11-23 22.34 "CHA" "" "DET" "W" 2 1 36.9666666666667 0.589 0.571 15.8 11.1 13.7 0 3 0 17.2 21.9 107 103 13 1.7
"11" "11" 2004-11-26 22.35 "CHA" "@" "IND" "L" -5 1 31.5833333333333 0.276 0.2 12.2 25.8 19.4 5.8 0 19.8 31.5 24.2 51 85 3.1 -5.1
"12" "12" 2004-11-27 22.35 "CHA" "" "ATL" "W" 15 1 29.9333333333333 0.615 0.5 4.6 21.8 13.4 10 3.5 5.1 12 13.5 120 92 10.8 2.1
"13" "13" 2004-11-30 22.36 "CHA" "@" "NJN" "L" -13 1 26.7 0.489 0.429 4 6.3 4.9 6 2.1 0 17.9 18.9 92 121 4 -7.3
"14" "" 2004-12-04 22.37 "CHA" "" "NYK" "W" 6 NA NA NA NA NA NA NA NA NA NA NA NA NA NA NA NA
"15" "" 2004-12-06 22.37 "CHA" "@" "LAC" "L" -6 NA NA NA NA NA NA NA NA NA NA NA NA NA NA NA NA
"16" "" 2004-12-07 22.38 "CHA" "@" "SAC" "L" -17 NA NA NA NA NA NA NA NA NA NA NA NA NA NA NA NA
"17" "" 2004-12-10 22.38 "CHA" "@" "PHO" "L" -9 NA NA NA NA NA NA NA NA NA NA NA NA NA NA NA NA
"18" "14" 2004-12-12 22.39 "CHA" "@" "GSW" "L" -12 0 28.6333333333333 0.406 0.375 15.9 32.1 24.5 22.2 5.3 7.1 31.1 24.1 76 84 10.6 6.4
"19" "15" 2004-12-14 22.39 "CHA" "" "NOH" "W" 1 1 41.7666666666667 0.494 0.467 10.6 19.9 14.7 13.9 2.9 0 5.5 20.7 116 103 14.6 1.2
"20" "16" 2004-12-18 22.41 "CHA" "" "HOU" "W" 1 1 38.6 0.41 0.231 2.7 24.2 12.7 15.1 5.1 0 18 24.9 80 90 9.1 -2.9
"21" "17" 2004-12-21 22.41 "CHA" "" "NJN" "L" -3 1 30.4166666666667 0.371 0.4 9.4 0 5.7 5.2 1.7 8.9 27.1 16 68 100 2.2 -6.7
"22" "18" 2004-12-22 22.42 "CHA" "@" "HOU" "W" 3 1 24.6166666666667 0.333 0.333 0 8.9 4.8 0 0 13.8 40 9.7 37 93 0.9 -4.6
"23" "19" 2004-12-26 22.43 "CHA" "@" "NYK" "L" -9 1 35.7 0.557 0.556 12.3 35.3 21.2 10.1 3.1 2.3 16.8 13.9 112 98 13.4 5
"24" "20" 2004-12-27 22.43 "CHA" "@" "WAS" "L" -19 1 26.25 0.549 0.591 0 16.7 7.2 27 4.1 2.9 0 21.5 122 114 12.3 9.3
"25" "21" 2004-12-29 22.44 "CHA" "" "IND" "L" -3 1 37.9666666666667 0.455 0.455 2.5 9.5 5.6 0 3.1 4.3 31.3 19.6 61 86 4.3 -3.9
"26" "22" 2004-12-31 22.44 "CHA" "" "SEA" "L" -6 1 34.2 0.625 0.625 10.6 8.1 9.4 4.4 6.7 7.3 29.4 22.1 91 112 12.7 4.8
"27" "23" 2005-01-01 22.44 "CHA" "@" "MIA" "L" -23 1 21.4166666666667 0.4 0.4 5.3 15.2 9.4 0 5.1 0 28.6 15.4 64 119 1.8 -8.5
"28" "24" 2005-01-03 22.45 "CHA" "" "CLE" "L" -11 1 13.0833333333333 0.17 0.2 0 0 0 0 4 0 14.5 22.5 31 112 -3.9 -25.2
"29" "25" 2005-01-05 22.45 "CHA" "" "MIN" "W" 18 1 36.05 0.777 0.75 8.7 26.7 17.6 4.8 7.6 4.1 6.9 18.9 152 78 26.1 17.9
"30" "26" 2005-01-07 22.46 "CHA" "@" "ORL" "L" -20 1 24.1333333333333 0.429 0.429 0 19 7.6 0 0 0 0 13.4 95 124 2 -9.4
"31" "27" 2005-01-11 22.47 "CHA" "@" "CLE" "L" -2 1 36.85 0.551 0.533 3.6 9.5 6.7 4.8 0 1.9 5.8 22.8 108 109 11.5 -1.3
"32" "28" 2005-01-14 22.48 "CHA" "" "MEM" "L" -20 1 34.5166666666667 0.514 0.571 3.3 16.1 9 11.2 3.2 2.4 10.2 12.5 104 123 9.1 2
"33" "29" 2005-01-15 22.48 "CHA" "@" "ATL" "L" -8 1 21.6166666666667 0.5 0.5 0 23.4 10.6 6.9 5 0 14.3 15.1 90 104 5.9 -1.9
"34" "30" 2005-01-17 22.49 "CHA" "" "MIL" "L" -7 1 33.7666666666667 0.419 0.208 8.1 18.8 13.4 14.1 4.3 9.7 11.4 20.4 100 90 15 9.6
"35" "31" 2005-01-19 22.49 "CHA" "" "PHI" "L" -2 1 32.8666666666667 0.545 0.583 0 6.1 3.3 14.8 3.1 0 0 18.4 116 117 11.3 1.4
"36" "32" 2005-01-21 22.5 "CHA" "" "DAL" "L" -6 1 26.1333333333333 0.375 0.375 0 20 8.8 5.2 0 2.9 11.1 15 79 116 1.2 -9.2
"37" "33" 2005-01-23 22.5 "CHA" "@" "TOR" "L" -11 1 21.1666666666667 0.342 0.286 4.7 30.9 15.9 6.8 2.5 0 10.2 20.4 78 110 3.6 -6.2
"38" "34" 2005-01-25 22.51 "CHA" "" "BOS" "L" -5 1 22.6 0.405 0.389 0 16.8 7.2 20.8 4.7 0 9.2 21.8 90 99 4.9 -0.2
"39" "35" 2005-01-27 22.52 "CHA" "@" "CHI" "L" -8 1 30.9833333333333 0.889 0.875 0 13.7 6.9 37.6 3.4 0 19.2 16.7 146 110 16.1 12.4
"40" "36" 2005-01-28 22.52 "CHA" "" "TOR" "W" 7 1 30.25 0.256 0.125 0 15.2 7.8 12.2 0 8 0 14.4 74 93 4 -1.5
"41" "37" 2005-01-30 22.52 "CHA" "@" "LAL" "L" -11 1 25 0.36 0.346 0 4.8 2.1 12.7 4.1 6.5 0 24.6 84 101 6.4 0.2
"42" "38" 2005-02-01 22.53 "CHA" "@" "UTA" "W" 4 1 37.0833333333333 0.758 0.636 8.1 22.9 15.7 5 2.7 2.1 14 25.6 141 108 25.1 8.6
"43" "39" 2005-02-04 22.54 "CHA" "@" "POR" "L" -12 1 20.3666666666667 0.754 0.5 4.4 29.3 15.2 7.6 2.5 4 30.1 13.6 115 96 5.8 -1.6
"44" "40" 2005-02-05 22.54 "CHA" "@" "SEA" "L" -14 1 23.7166666666667 0.524 0.545 5.1 0 2.7 0 4.6 4.1 0 22.9 110 122 8.9 2
"45" "41" 2005-02-08 22.55 "CHA" "" "SAS" "L" -19 1 26.3166666666667 0.773 0.667 3.8 19.4 10.6 13 3.9 8.5 34 9.8 108 103 9.7 5.9
"46" "42" 2005-02-09 22.55 "CHA" "@" "IND" "L" -7 1 27.1166666666667 0 0 0 20.2 8.9 0 2 10.1 71.4 11.7 0 102 -2.9 -13.4
"47" "43" 2005-02-11 22.56 "CHA" "" "MIA" "L" -10 1 34.1166666666667 0.564 0.625 8.3 6.7 7.6 13.7 0 5 0 12.6 129 108 10.8 3.2
"48" "44" 2005-02-13 22.56 "CHA" "@" "NYK" "L" -3 1 36.5666666666667 0.57 0.429 3.6 22.9 13 5.1 3.2 0 20.8 20.2 101 118 9.1 -4.2
"49" "45" 2005-02-14 22.56 "CHA" "" "POR" "L" -3 1 33.0166666666667 0.643 0.6 3.2 10.9 6.8 13.1 1.8 2.3 15.5 18.4 122 100 11.3 4.3
"50" "46" 2005-02-16 22.57 "CHA" "" "DEN" "W" 6 1 36.8666666666667 0.436 0.333 8.8 33.3 20.3 15.2 5.6 2 32.6 17.7 80 83 10.7 3.3
"51" "47" 2005-02-22 22.59 "CHA" "" "MIL" "L" -10 1 29.8 0.526 0.462 6.5 0 3.6 11.7 5 2.4 11.6 24.3 105 109 12.2 2.5
"52" "48" 2005-02-25 22.59 "CHA" "@" "NJN" "L" -7 1 32.0833333333333 0.64 0.571 0 3.9 1.9 15 4.7 4 14.3 29.9 111 96 17.9 9.2
"53" "" 2005-02-26 22.6 "CHA" "" "CHI" "L" -4 NA NA NA NA NA NA NA NA NA NA NA NA NA NA NA NA
"54" "49" 2005-03-01 22.61 "CHA" "" "SAC" "W" 7 1 33.45 0.601 0.583 9.4 13.1 11.2 4.5 7.2 0 23.1 22.4 96 80 14.6 6.1
"55" "50" 2005-03-02 22.61 "CHA" "@" "NOH" "L" -9 1 27.0666666666667 0.732 0.75 7.5 21.4 14.6 15.1 5.5 10.4 31.1 20.4 100 82 14.2 13
"56" "51" 2005-03-04 22.61 "CHA" "@" "BOS" "L" -20 1 25.4 0.47 0.375 4.1 8.2 6.1 0 4 2.7 22 23.6 77 103 5.4 -4.8
"57" "52" 2005-03-05 22.62 "CHA" "" "WAS" "L" -2 1 37.4 0.209 0.133 5.9 11.3 8.6 12.8 0 4 10.7 23.3 61 107 -0.6 -12.1
"58" "53" 2005-03-08 22.62 "CHA" "@" "MIN" "L" -5 1 34.45 0.42 0.4 11.7 17.1 14.2 16.9 1.5 7.6 0 16.1 114 102 14.1 7.4
"59" "54" 2005-03-23 22.67 "CHA" "" "PHO" "L" -15 0 30 0.754 0.583 3.1 10.2 6.5 9.6 5 2.6 8.1 17 151 116 18.5 11.7
"60" "55" 2005-03-24 22.67 "CHA" "@" "ORL" "W" 14 1 41.2 0.628 0.643 5.7 16.4 11.6 16.5 1.2 3 5.4 19.5 127 98 21.5 6.4
"61" "56" 2005-03-26 22.67 "CHA" "" "MIA" "W" 2 1 36.2 0.555 0.536 10 12.2 11.2 19.3 0 2 20.7 26.4 99 110 11.6 0.3
"62" "57" 2005-03-28 22.68 "CHA" "" "NJN" "L" -4 1 41.0666666666667 0.493 0.417 10.9 7.3 9 8.3 6.2 0 22 19.3 90 95 12.1 2.4
"63" "58" 2005-03-30 22.68 "CHA" "" "CHI" "L" -3 1 39.7666666666667 0.863 0.875 4.8 5.6 5.2 9.5 2.6 0 18.4 18.4 130 116 19.4 5.7
"64" "59" 2005-04-01 22.69 "CHA" "" "TOR" "L" -12 1 26.9333333333333 0.678 0.375 4.8 13.3 9.2 15.1 0 5.4 23.1 15.2 124 127 9.3 1.9
"65" "60" 2005-04-02 22.69 "CHA" "@" "CHI" "L" -15 1 13.45 0.515 0.333 9 19.4 14 12.2 0 0 34 19.4 83 118 1.5 -8.9
"66" "61" 2005-04-05 22.7 "CHA" "" "LAC" "L" -2 1 37.9833333333333 0.564 0.5 5.7 8.8 7.3 0 3.8 1.7 22.9 24.8 90 102 12 -1.1
"67" "62" 2005-04-06 22.7 "CHA" "@" "PHI" "L" -3 1 37.5833333333333 0.392 0.375 3.1 19.4 11.1 11.4 2.6 2.1 16.4 14.1 82 106 6.1 -4.1
"68" "63" 2005-04-08 22.71 "CHA" "@" "MIL" "L" -18 1 27.7333333333333 0.258 0 0 4.8 1.9 12.3 0 0 20.5 7.9 59 111 0.2 -9.7
"69" "64" 2005-04-10 22.72 "CHA" "@" "MEM" "L" -7 1 37.35 0.375 0.375 0 7.4 3.2 12.1 2.8 4.6 20 11.3 75 109 4.5 -2.8
"70" "65" 2005-04-11 22.72 "CHA" "@" "ATL" "W" 5 1 38.95 0.45 0.438 7.5 11.1 9.2 7 2.6 5.2 18.4 12.7 93 100 9.6 -0.2
"71" "66" 2005-04-13 22.72 "CHA" "" "ATL" "W" 21 1 30.1666666666667 0.615 0.5 4.7 15.1 10.5 30.2 0 2.4 9.3 17 139 102 13.4 4.3
"72" "67" 2005-04-16 22.73 "CHA" "" "NYK" "L" -2 1 37.4166666666667 0.526 0.583 13.5 29.9 20.9 17.3 1.5 4.9 18.4 18.8 101 107 15.2 4.2
"73" "68" 2005-04-17 22.73 "CHA" "@" "WAS" "L" -2 1 31.1833333333333 0.5 0.5 7.9 18.4 13.4 3.8 3.2 0 33.3 4.2 100 105 4.8 -1.8
"74" "69" 2005-04-19 22.74 "CHA" "@" "MIA" "L" -19 1 20.8 0.2 0.2 5 9.3 7.2 0 0 0 16.7 13 43 110 -2.8 -16
"75" "70" 2005-04-20 22.74 "CHA" "" "DET" "W" 11 1 28.7333333333333 0.571 0.429 4.6 12 8.6 11.1 5.8 4.8 9.4 18.2 119 88 11.3 5.1
"1" "1" 2005-11-02 23.28 "CHA" "@" "CHI" "L" -4 1 43.15 0.686 0.719 7.7 4.8 6.2 20.1 5.8 0 4.7 20.8 141 100 27.9 15.3
"2" "2" 2005-11-04 23.28 "CHA" "@" "PHI" "W" 17 1 28.0166666666667 0.554 0.4 4.2 30.5 17.9 9.1 1.8 0 0 9.5 142 93 8.2 0.8
"3" "3" 2005-11-05 23.29 "CHA" "" "BOS" "W" 2 1 41 0.64 0.563 9.9 12.3 11.2 17.3 6.2 0 9.3 22.9 130 95 24.6 11.3
"4" "4" 2005-11-07 23.29 "CHA" "" "UTA" "L" -4 1 17.3 0.387 0.333 17.7 28.5 22.6 0 0 9.6 11.4 23 88 95 5.1 0.3
"5" "5" 2005-11-09 23.3 "CHA" "" "SAS" "L" -8 1 32.7333333333333 0.615 0.6 3.2 8.1 5.4 10.4 4.7 4.7 7.6 17.5 122 97 14.5 9.4
"6" "" 2005-11-11 23.3 "CHA" "" "DAL" "L" -10 NA NA NA NA NA NA NA NA NA NA NA NA NA NA NA NA
"7" "" 2005-11-12 23.31 "CHA" "@" "MIA" "L" -9 NA NA NA NA NA NA NA NA NA NA NA NA NA NA NA NA
"8" "" 2005-11-15 23.32 "CHA" "@" "ORL" "L" -8 NA NA NA NA NA NA NA NA NA NA NA NA NA NA NA NA
"9" "" 2005-11-16 23.32 "CHA" "" "IND" "W" 32 NA NA NA NA NA NA NA NA NA NA NA NA NA NA NA NA
"10" "" 2005-11-18 23.32 "CHA" "@" "IND" "L" -8 NA NA NA NA NA NA NA NA NA NA NA NA NA NA NA NA
"11" "" 2005-11-19 23.33 "CHA" "@" "MIN" "L" -13 NA NA NA NA NA NA NA NA NA NA NA NA NA NA NA NA
"12" "6" 2005-11-23 23.34 "CHA" "" "NYK" "W" 13 1 37.6333333333333 0.671 0.676 11.6 19.9 15.1 18.5 2.9 6.8 10.1 22.4 143 102 24.1 16
"13" "7" 2005-11-25 23.34 "CHA" "@" "BOS" "L" -1 1 38.0166666666667 0.612 0.615 9 6.6 7.9 4.9 2.7 3.8 12.6 18.1 113 94 13.5 3.4
"14" "8" 2005-11-26 23.35 "CHA" "" "WAS" "W" 18 1 39.8666666666667 0.666 0.656 17.2 19.2 18.1 4.3 3.8 10.6 13.3 23.1 127 77 27.2 15.8
"15" "9" 2005-11-29 23.35 "CHA" "@" "SAC" "L" -18 1 32.1833333333333 0.333 0.333 11.9 7.8 10.2 9.5 3 4.5 21.1 24.1 69 109 5.3 -6
"16" "10" 2005-11-30 23.36 "CHA" "@" "SEA" "L" -10 1 31.7666666666667 0.575 0.6 7 11.1 9 17.8 0 0 22.3 19.3 98 118 6 -3.2
"17" "11" 2005-12-02 23.36 "CHA" "@" "GSW" "L" -7 1 26.9333333333333 0.556 0.556 0 8.1 3.6 9.9 7.1 2.9 25 18.3 78 99 8.3 1.9
"18" "12" 2005-12-04 23.37 "CHA" "@" "LAL" "L" -1 1 32.2 0.35 0.35 3.7 0 1.8 0 0 0 9.1 15.7 80 128 0.1 -12.6
"19" "13" 2005-12-07 23.38 "CHA" "" "NJN" "L" -13 1 29.4666666666667 0.46 0.5 3.5 4.1 3.7 13.7 3.6 2.4 0 16.3 109 107 8.5 3
"20" "14" 2005-12-09 23.38 "CHA" "@" "PHI" "L" -4 1 25.7 0.922 1 0 17.4 8.9 9.4 1.8 2.4 17 9.6 146 115 10.3 2.3
"21" "15" 2005-12-10 23.38 "CHA" "" "TOR" "L" -8 1 40.75 0.401 0.357 12.6 21.9 16.7 3.4 2.5 1.7 5.8 17.3 102 113 12.2 -3
"22" "" 2005-12-13 23.39 "CHA" "" "DEN" "L" -16 NA NA NA NA NA NA NA NA NA NA NA NA NA NA NA NA
"23" "" 2005-12-14 23.39 "CHA" "@" "NJN" "W" 8 NA NA NA NA NA NA NA NA NA NA NA NA NA NA NA NA
"24" "16" 2005-12-17 23.4 "CHA" "" "DET" "L" -25 1 11.7333333333333 NA NA 0 0 0 13.2 4.5 0 100 7.4 17 109 -1.9 -15.4
"25" "17" 2005-12-19 23.41 "CHA" "" "SAC" "W" 3 1 42.1166666666667 0.563 0.583 7.7 3.1 5.7 29.2 7.5 3.9 7 15.2 126 94 21.1 13.5
"26" "18" 2005-12-20 23.41 "CHA" "@" "CHI" "W" 13 1 32.8166666666667 0.786 0.778 19.5 13.3 15.8 5.1 0 13.5 14.2 19.8 142 102 20.1 10.9
"27" "19" 2005-12-23 23.42 "CHA" "" "LAC" "L" -9 1 33.4666666666667 0.381 0.286 2.8 10 6.1 10.6 0 5.4 27.6 14.7 67 109 3.6 -6.5
"28" "20" 2005-12-27 23.43 "CHA" "@" "ATL" "W" 3 1 40.2666666666667 0.533 0.556 0 19 10.1 7.9 1.3 8.1 16.2 14.8 92 92 11.1 2.8
"29" "21" 2005-12-28 23.43 "CHA" "" "CHI" "W" 13 1 34.2166666666667 0.595 0.429 5.8 14 9.6 4.9 3 4.5 9 13.2 133 84 13.2 7.3
"30" "22" 2005-12-30 23.44 "CHA" "" "PHO" "L" -10 1 34.7166666666667 0.625 0.625 3.1 27.7 14.8 20.2 5.7 6.8 7.7 17.1 121 97 20 14.1
"31" "23" 2006-01-02 23.45 "CHA" "@" "NOK" "L" -17 1 41.0333333333333 0.497 0.455 5.6 11.1 8.4 17.2 1.3 3.5 12.4 17.6 111 117 12.1 3.2
"32" "24" 2006-01-04 23.45 "CHA" "@" "BOS" "L" -3 1 37.9666666666667 0.579 0.5 11.1 18.7 13.5 0 2.5 10.7 0 18.1 133 103 21.4 5.8
"33" "25" 2006-01-07 23.46 "CHA" "@" "ORL" "L" -16 1 35.9833333333333 0.507 0.571 7.8 32.2 16.7 0 5.6 6.3 20.2 17.8 87 101 12.8 3.2
"34" "26" 2006-01-10 23.47 "CHA" "" "HOU" "W" 5 1 51.4333333333333 0.686 0.6 12.3 23.6 17.7 3.8 3.4 7 5 18.6 146 97 29.2 9.4
"35" "27" 2006-01-11 23.47 "CHA" "@" "TOR" "L" -9 1 41.35 0.697 0.611 3.1 19.9 11.1 5 3.9 2.2 21.8 16.4 112 100 13.4 3.8
"36" "28" 2006-01-13 23.48 "CHA" "" "MIL" "L" -1 1 42.5166666666667 0.706 0.714 2.6 37.6 19.7 15.2 9.2 7.2 6.3 16 140 83 31.5 16.6
"37" "29" 2006-01-14 23.48 "CHA" "@" "DET" "L" -23 1 28.7 0.694 0.714 9 32.4 19.7 5.8 5.6 5.5 28.4 24 103 111 13 6.1
"38" "30" 2006-01-16 23.48 "CHA" "" "NOK" "L" -15 1 39.25 0.607 0.615 2.6 18.3 9.8 0 3.7 10.3 6 18.3 112 95 19.4 8.9
"39" "31" 2006-01-18 23.49 "CHA" "@" "IND" "L" -6 1 39.9 0.563 0.583 9.3 21.9 15 0 5.6 2.6 28.7 21 80 104 10.4 -3.9
"40" "32" 2006-01-20 23.5 "CHA" "" "ORL" "L" -11 1 28.0833333333333 0.44 0.364 10.1 18.5 13.6 0 1.8 6.3 6.8 22.1 97 109 9.8 0.6
"41" "" 2006-01-21 23.5 "CHA" "@" "MIL" "L" -10 NA NA NA NA NA NA NA NA NA NA NA NA NA NA NA NA
"42" "" 2006-01-24 23.51 "CHA" "@" "SAS" "L" -28 NA NA NA NA NA NA NA NA NA NA NA NA NA NA NA NA
"43" "" 2006-01-25 23.51 "CHA" "@" "HOU" "L" -24 NA NA NA NA NA NA NA NA NA NA NA NA NA NA NA NA
"44" "" 2006-01-27 23.52 "CHA" "" "MIA" "L" -6 NA NA NA NA NA NA NA NA NA NA NA NA NA NA NA NA
"45" "" 2006-01-28 23.52 "CHA" "@" "WAS" "L" -10 NA NA NA NA NA NA NA NA NA NA NA NA NA NA NA NA
"46" "" 2006-01-30 23.52 "CHA" "" "CLE" "L" -12 NA NA NA NA NA NA NA NA NA NA NA NA NA NA NA NA
"47" "" 2006-02-01 23.53 "CHA" "" "ATL" "L" -10 NA NA NA NA NA NA NA NA NA NA NA NA NA NA NA NA
"48" "" 2006-02-03 23.53 "CHA" "" "LAL" "W" 10 NA NA NA NA NA NA NA NA NA NA NA NA NA NA NA NA
"49" "" 2006-02-06 23.54 "CHA" "" "SEA" "W" 13 NA NA NA NA NA NA NA NA NA NA NA NA NA NA NA NA
"50" "" 2006-02-08 23.55 "CHA" "" "PHI" "W" 8 NA NA NA NA NA NA NA NA NA NA NA NA NA NA NA NA
"51" "" 2006-02-10 23.55 "CHA" "" "TOR" "L" -15 NA NA NA NA NA NA NA NA NA NA NA NA NA NA NA NA
"52" "" 2006-02-11 23.56 "CHA" "@" "MIL" "L" -6 NA NA NA NA NA NA NA NA NA NA NA NA NA NA NA NA
"53" "" 2006-02-13 23.56 "CHA" "" "POR" "L" -8 NA NA NA NA NA NA NA NA NA NA NA NA NA NA NA NA
"54" "" 2006-02-15 23.57 "CHA" "" "NJN" "L" -1 NA NA NA NA NA NA NA NA NA NA NA NA NA NA NA NA
"55" "" 2006-02-21 23.58 "CHA" "@" "DEN" "L" -16 NA NA NA NA NA NA NA NA NA NA NA NA NA NA NA NA
"56" "33" 2006-02-22 23.59 "CHA" "@" "POR" "W" 4 0 27.9166666666667 0.651 0.625 9 25.3 16.7 4.6 3.9 10.9 8 20.6 131 103 16.4 7.9
"57" "34" 2006-02-25 23.59 "CHA" "@" "PHO" "L" -15 1 35.4 0.443 0.421 9.2 17.3 13.4 10.7 0 0 16.4 28.3 87 130 7.5 -9.9
"58" "35" 2006-02-27 23.6 "CHA" "@" "LAC" "L" -8 1 37.5666666666667 0.558 0.538 9.1 44.9 25.9 5.3 2.5 2 27.1 21.3 82 88 11.5 0.8
"59" "36" 2006-03-01 23.61 "CHA" "@" "UTA" "W" 15 1 40.5166666666667 0.833 0.857 3.5 13.5 8.6 8.2 5.4 3.8 0 14.7 174 93 22.8 12.2
"60" "37" 2006-03-03 23.61 "CHA" "@" "DAL" "L" -14 1 26.3666666666667 0.673 0.667 3.6 29.6 15.5 0 0 5.4 0 19.1 139 97 12.8 7.7
"61" "38" 2006-03-06 23.62 "CHA" "" "MIA" "L" -1 1 45.6833333333333 0.674 0.643 7.1 30.9 18.5 8.4 7.2 3.6 4.9 21.9 137 92 30.5 14.3
"62" "39" 2006-03-08 23.62 "CHA" "" "GSW" "W" 3 1 40.3666666666667 0.59 0.5 7.9 11.3 9.6 15.3 6.6 6.8 17.2 19.3 115 101 20.5 8.9
"63" "40" 2006-03-11 23.63 "CHA" "" "NYK" "W" 7 1 34.05 0.543 0.556 11.5 26.9 18.6 8.6 4.4 6.8 12 20.9 111 102 16.6 3.1
"64" "41" 2006-03-12 23.64 "CHA" "@" "DET" "L" -16 1 3.85 0 0 0 63.9 28 0 0 0 0 36.5 0 99 -1.5 -28.2
"65" "42" 2006-03-14 23.64 "CHA" "" "WAS" "L" -5 1 33.8833333333333 0.487 0.364 6.6 16.2 10.9 0 6.9 0 16.3 22.2 93 107 9.9 -3.5
"66" "" 2006-03-15 23.64 "CHA" "@" "WAS" "L" -8 NA NA NA NA NA NA NA NA NA NA NA NA NA NA NA NA
"67" "43" 2006-03-18 23.65 "CHA" "" "DET" "L" -5 1 35.15 0.515 0.444 4.1 14.1 8.8 3.5 3.2 8.5 7.9 16.2 116 118 10.7 2.3
"68" "44" 2006-03-21 23.66 "CHA" "" "ORL" "W" 6 1 40.5333333333333 0.548 0.545 5 9.9 7.1 9.2 5.2 3.6 3.9 27.7 117 105 22.9 6.6
"69" "" 2006-03-22 23.66 "CHA" "@" "CLE" "L" -2 NA NA NA NA NA NA NA NA NA NA NA NA NA NA NA NA
"70" "45" 2006-03-24 23.67 "CHA" "@" "MIA" "L" -21 0 19.85 0.671 0.667 0 34.5 14.9 17.1 2.6 3.5 0 19.1 143 116 11 9.2
"71" "46" 2006-03-26 23.67 "CHA" "@" "MEM" "L" -7 1 38.5333333333333 0.693 0.591 3.2 18.2 10.9 0 2.8 9.1 5.3 23.4 139 109 22.8 9.9
"72" "47" 2006-03-28 23.68 "CHA" "" "ATL" "W" 8 1 42.8666666666667 0.764 0.773 9.6 14 11.9 14.5 3.5 3.5 3.6 28.3 154 116 39.4 14.7
"73" "48" 2006-03-31 23.69 "CHA" "" "CHI" "L" -6 1 44.0333333333333 0.595 0.647 5.6 23.2 15.2 8.4 2.2 4.6 4.4 22.3 117 106 22.6 7.1
"74" "49" 2006-04-02 23.69 "CHA" "" "CLE" "L" -4 1 39.55 0.568 0.5 7.9 19.7 13.2 13 2.7 1.8 6.3 17.7 125 107 15.8 4.5
"75" "50" 2006-04-04 23.7 "CHA" "" "MIN" "W" 5 1 39.35 0.325 0.273 6 20.3 13.2 3.7 3.6 3.3 14 16.1 69 86 6.1 -3.9
"76" "51" 2006-04-06 23.7 "CHA" "@" "NJN" "L" -11 1 26.6666666666667 0.246 0.2 3.5 17.6 9.8 5.9 5.7 0 7.6 21.4 57 109 2 -9.7
"77" "52" 2006-04-09 23.71 "CHA" "@" "TOR" "W" 6 1 36.4166666666667 0.427 0.417 15.3 33 23.4 0 4.3 5.3 18.9 18.9 85 85 10.6 -0.2
"78" "53" 2006-04-12 23.72 "CHA" "" "MEM" "L" -8 1 37.75 0.629 0.6 5.8 22.8 13.8 9 1.4 4.7 22.8 20.4 102 105 13.3 3.3
"79" "54" 2006-04-14 23.73 "CHA" "@" "ATL" "W" 6 1 24.5333333333333 0.58 0.667 0 31.7 16.8 28.6 8.2 9.6 34 21.5 91 94 12.2 9.2
"80" "" 2006-04-15 23.73 "CHA" "" "IND" "W" 1 NA NA NA NA NA NA NA NA NA NA NA NA NA NA NA NA
"81" "" 2006-04-17 23.73 "CHA" "@" "NYK" "W" 7 NA NA NA NA NA NA NA NA NA NA NA NA NA NA NA NA
"82" "55" 2006-04-19 23.74 "CHA" "" "PHI" "W" 10 0 31.95 0.608 0.5 10.5 32.2 19 4.4 5 6.4 25.8 11 109 87 10.4 1.1
"1" "1" 2006-11-01 24.28 "CHA" "" "IND" "L" -7 1 13.9 0.636 1 0 13 7.2 29.8 3.4 0 12.4 24.5 102 102 7.4 8.9
"2" "2" 2006-11-03 24.28 "CHA" "@" "MEM" "L" -13 1 42.45 0.44 0.455 3.3 13.3 9.3 4.3 3.7 1.7 22.7 20 69 101 6.4 -5.2
"3" "3" 2006-11-04 24.28 "CHA" "" "CLE" "W" 4 1 27.8166666666667 0.7 0.7 4.3 12.9 8.6 6.7 1.9 7.2 28.6 12.3 98 94 5 0.8
"4" "4" 2006-11-08 24.3 "CHA" "@" "BOS" "L" -2 1 33.2 0.506 0.444 10.4 0 5.6 6 0 0 0 12.6 120 107 6.9 -3
"5" "5" 2006-11-10 24.3 "CHA" "" "SEA" "L" -14 1 35.6666666666667 0.618 0.55 9.2 6.6 7.9 5.5 3 0 8.1 15.8 126 111 13.4 4
"6" "6" 2006-11-12 24.31 "CHA" "" "DEN" "L" -7 1 38 0.644 0.583 5.9 15 10.4 16.8 1.2 1.7 16.2 18.8 123 105 16.8 5.6
"7" "7" 2006-11-14 24.31 "CHA" "@" "NOK" "L" -9 1 23.7166666666667 0.085 0 0 4 2.2 11.6 0 0 25.4 15.3 27 109 -4 -14.9
"8" "8" 2006-11-15 24.32 "CHA" "@" "SAS" "W" 3 1 42.25 0.418 0.333 2.6 4.6 3.6 3.5 2.6 1.6 8.5 13.1 88 99 5.6 -1.6
"9" "9" 2006-11-18 24.32 "CHA" "@" "ORL" "L" -14 1 39.2333333333333 0.255 0.1 0 16 8.2 16.4 5.4 0 25.4 18.3 52 99 3.6 -5.3
"10" "10" 2006-11-20 24.33 "CHA" "" "DAL" "L" -8 1 40.8833333333333 0.666 0.643 3 12.8 8.3 26.2 0 0 16 22.6 115 108 15.9 4.8
"11" "11" 2006-11-22 24.33 "CHA" "" "BOS" "W" 9 1 38.6833333333333 0.538 0.538 2.8 12.9 8.1 9.7 2.7 0 18.8 19 91 87 8.7 1.8
"12" "12" 2006-11-24 24.34 "CHA" "@" "DET" "L" -9 1 40.3666666666667 0.326 0.143 3.2 21.3 12.5 20 5.2 0 14 25.1 76 106 9.4 -4
"13" "13" 2006-11-25 24.34 "CHA" "" "MIA" "L" -9 1 39.3333333333333 0.54 0.444 10 28.5 17 0 1.3 0 7.2 15.4 116 108 11 -0.6
"14" "14" 2006-11-28 24.35 "CHA" "@" "NJN" "W" 4 1 29.6833333333333 0.551 0.5 4.1 19 11.1 5.4 1.7 0 21.6 21.4 90 100 5.6 -6.3
"15" "15" 2006-11-29 24.35 "CHA" "@" "ATL" "L" -9 1 11.6 0.258 0 8.4 0 5 0 0 0 0 15.5 79 124 -0.6 -18.2
"16" "16" 2006-12-01 24.36 "CHA" "@" "WAS" "L" -12 1 36.8 0.558 0.556 0 17.2 8.8 7.4 2.7 0 21.8 16.1 94 122 7.2 -5.3
"17" "17" 2006-12-03 24.36 "CHA" "" "DET" "W" 8 1 35 0.34 0.4 8.1 27.4 18.5 0 1.5 0 7.8 17.6 73 97 3.6 -6.8
"18" "18" 2006-12-06 24.37 "CHA" "" "SAS" "L" -20 1 32.35 0.599 0.556 8.2 20.6 14.4 13.8 1.8 2.4 13.8 22.6 114 114 12.3 4.6
"19" "19" 2006-12-08 24.38 "CHA" "" "HOU" "L" -30 1 19.4666666666667 0.148 0 4.5 5.9 5.1 0 2.7 0 37.2 24.3 23 101 -4.3 -18.1
"20" "20" 2006-12-10 24.38 "CHA" "" "PHO" "L" -30 1 31.8166666666667 0.304 0.222 3.6 15.9 9.4 10.1 0 2.2 0 14.8 77 126 4.1 -7.7
"21" "21" 2006-12-13 24.39 "CHA" "@" "CLE" "L" -3 1 37.6333333333333 0.788 0.875 0 0 0 0 1.4 2 0 10.4 143 117 10.9 1.9
"22" "22" 2006-12-14 24.39 "CHA" "" "ORL" "W" 10 1 33.8333333333333 0.436 0.333 0 15.8 7.1 0 9.4 0 17.9 22.4 79 86 8.2 -1.8
"23" "23" 2006-12-16 24.4 "CHA" "" "BOS" "L" -6 1 41.5833333333333 0.662 0.579 7.4 8.9 8.1 9.5 1.2 4.9 7.9 25.5 135 115 26.4 9.3
"24" "24" 2006-12-20 24.41 "CHA" "@" "NYK" "L" -2 1 48.7 0.603 0.571 2.3 13.5 7.5 7.5 5.7 1.5 11.5 25 111 99 22 8.3
"25" "25" 2006-12-22 24.42 "CHA" "" "UTA" "W" 12 1 38.8666666666667 0.636 0.667 2.6 21.2 10.5 12.5 6.7 2.1 9.6 11.6 121 86 15.4 9.1
"26" "26" 2006-12-23 24.42 "CHA" "@" "CHI" "L" -39 1 24.4166666666667 0.333 0.333 3.4 24.6 12.2 7.5 0 5.7 30.8 22.1 50 113 0.8 -10.3
"27" "27" 2006-12-26 24.43 "CHA" "@" "DAL" "L" -13 1 35.4 0.542 0.538 8.1 11.3 9.5 6.3 1.6 2.3 16.9 23.6 98 112 10.1 -0.9
"28" "28" 2006-12-27 24.43 "CHA" "" "WAS" "L" -7 1 41.65 0.628 0.556 14.7 27.1 19.9 0 7 8.9 5.9 33.7 132 98 38.9 19.7
"29" "29" 2006-12-29 24.44 "CHA" "" "LAL" "W" 9 1 46.55 0.595 0.55 8.6 9.5 9 8.4 2.3 1.7 11.3 25 117 102 20.3 4.4
"30" "30" 2006-12-30 24.44 "CHA" "@" "IND" "W" 11 1 18.9833333333333 1.042 1 0 5.3 3 15.8 0 7.8 41 11.9 121 109 4.9 0.8
"31" "" 2007-01-01 24.44 "CHA" "" "MIN" "L" -6 NA NA NA NA NA NA NA NA NA NA NA NA NA NA NA NA
"32" "" 2007-01-05 24.45 "CHA" "@" "ORL" "L" -32 NA NA NA NA NA NA NA NA NA NA NA NA NA NA NA NA
"33" "" 2007-01-10 24.47 "CHA" "@" "DET" "W" 7 NA NA NA NA NA NA NA NA NA NA NA NA NA NA NA NA
"34" "" 2007-01-12 24.47 "CHA" "@" "NYK" "W" 16 NA NA NA NA NA NA NA NA NA NA NA NA NA NA NA NA
"35" "" 2007-01-13 24.48 "CHA" "" "PHI" "W" 6 NA NA NA NA NA NA NA NA NA NA NA NA NA NA NA NA
"36" "" 2007-01-15 24.48 "CHA" "" "MIL" "L" -8 NA NA NA NA NA NA NA NA NA NA NA NA NA NA NA NA
"37" "" 2007-01-17 24.49 "CHA" "" "NJN" "L" -7 NA NA NA NA NA NA NA NA NA NA NA NA NA NA NA NA
"38" "31" 2007-01-19 24.49 "CHA" "@" "ATL" "W" 21 1 30.7 0.549 0.583 24.1 36.1 30.1 15.8 5.6 2.3 15.5 29.5 111 76 18.1 14.4
"39" "32" 2007-01-20 24.5 "CHA" "" "ATL" "W" 19 1 33.3666666666667 0.57 0.571 0 14.4 8.3 15.9 3.6 0 8.7 18.9 120 103 10.6 1.8
"40" "33" 2007-01-22 24.5 "CHA" "@" "TOR" "L" -21 1 36.05 0.586 0.571 14 20.2 16.9 17.9 1.5 2.1 11 24.6 114 118 16.5 4.2
"41" "34" 2007-01-24 24.51 "CHA" "" "DET" "L" -11 1 40.5166666666667 0.559 0.545 18.7 16.9 17.9 5.9 1.4 0 13.4 34.3 111 123 19 3.6
"42" "35" 2007-01-26 24.51 "CHA" "@" "LAL" "W" 9 1 43.2833333333333 0.523 0.467 8 14.4 11.4 15.1 3.6 1.9 5.5 19 119 94 17.7 4.8
"43" "36" 2007-01-27 24.52 "CHA" "@" "GSW" "L" -26 1 27.95 0.681 0.6 3.4 19.1 9.9 12.9 3.4 0 6.7 20.9 141 126 16.7 6.4
"44" "37" 2007-01-29 24.52 "CHA" "@" "DEN" "W" 4 1 39.4166666666667 0.609 0.529 12.5 27.4 20 12.6 2.6 3.9 12.8 26.6 121 102 22.7 6.7
"45" "38" 2007-01-31 24.53 "CHA" "" "NYK" "W" 17 1 45.8833333333333 0.712 0.705 4.6 13.9 9.3 14.7 1.1 4.9 11.9 33.4 128 92 33 15.1
"46" "39" 2007-02-02 24.53 "CHA" "@" "CLE" "L" -20 1 30.85 0.519 0.5 4.1 19 11.8 0 5.1 0 20.6 31 82 103 8.7 -0.1
"47" "40" 2007-02-03 24.53 "CHA" "" "GSW" "W" 8 1 46.5666666666667 0.554 0.533 4.6 31.4 18.1 22.3 2.2 4.8 9.5 20.5 117 87 23.2 9.2
"48" "41" 2007-02-05 24.54 "CHA" "@" "MIA" "L" -20 1 37.1666666666667 0.586 0.571 0 8.9 3.6 19.2 4.3 2.4 15.6 23.5 105 120 13.3 4.6
"49" "42" 2007-02-07 24.55 "CHA" "@" "PHI" "L" -9 1 30.3833333333333 0.41 0.313 11.5 15.4 13.2 13.7 6.6 0 9.3 29.9 89 88 12.2 5.5
"50" "43" 2007-02-09 24.55 "CHA" "" "POR" "L" -8 1 48.0166666666667 0.547 0.478 8.7 24.8 16.6 4.3 3.1 3.1 3.5 25.4 118 96 26.1 8.3
"51" "44" 2007-02-10 24.55 "CHA" "@" "HOU" "L" -21 1 29.4833333333333 0.254 0.143 4.5 10.4 7.8 25.9 0 0 47 22.5 48 113 -3.6 -14.7
"52" "45" 2007-02-14 24.56 "CHA" "" "CHI" "W" 15 1 44.1 0.693 0.65 5.3 10.9 8.4 19 1.2 2.8 11.5 28.6 127 98 26.3 9.5
"53" "46" 2007-02-20 24.58 "CHA" "" "NOK" "W" 4 1 42.6333333333333 0.506 0.474 0 19.2 9.5 16.2 2.4 0 8.8 24.7 98 106 13.8 -2.1
"54" "47" 2007-02-21 24.58 "CHA" "@" "MIN" "W" 5 1 38.2166666666667 0.523 0.5 0 14.8 6.2 0 1.5 2 0 20.3 119 109 11.6 0.6
"55" "48" 2007-02-23 24.59 "CHA" "" "PHI" "W" 15 1 40.7166666666667 0.441 0.444 6.2 12.1 9.2 11.2 2.6 0 4.4 25.4 100 95 12.1 -1.6
"56" "49" 2007-02-24 24.59 "CHA" "" "TOR" "L" -17 1 24.1833333333333 0.652 0.571 7.2 18.5 12.2 52.1 0 0 0 17.4 148 107 14.4 14.3
"57" "50" 2007-02-26 24.6 "CHA" "@" "LAC" "L" -7 1 41.4 0.467 0.412 5.8 32.2 18.3 12.9 1.2 0 8.5 25.8 97 103 14 2
"58" "51" 2007-02-28 24.6 "CHA" "@" "SAC" "L" -15 1 40.3 0.772 0.706 0 28.6 12.3 34.7 4.9 5.3 13 24.6 147 130 33.6 16.2
"59" "52" 2007-03-01 24.61 "CHA" "@" "POR" "L" -37 1 23.1 0.597 0.65 4.7 13 8.2 19.3 2.3 0 15.5 25.4 106 136 8.9 2.3
"60" "53" 2007-03-04 24.61 "CHA" "@" "SEA" "L" -7 1 41.85 0.582 0.533 8.8 17.6 13.2 10.1 4 0 10.9 21.2 114 104 18 7
"61" "54" 2007-03-05 24.62 "CHA" "@" "UTA" "L" -25 1 31.5333333333333 0.733 0.684 4 14.7 8.8 21.4 1.7 0 15.1 40.1 123 130 22.9 7.9
"62" "55" 2007-03-07 24.62 "CHA" "@" "PHO" "L" -9 1 48.1 0.455 0.409 13.2 23.1 17.8 6.9 0 2.4 11 25.6 99 118 14.2 -3.6
"63" "56" 2007-03-10 24.63 "CHA" "" "MEM" "L" -8 1 44.95 0.499 0.382 11.4 40 23 7 2.2 3.6 0 23 119 112 23.2 3.6
"64" "57" 2007-03-12 24.64 "CHA" "" "ORL" "W" 11 1 41.4833333333333 0.765 0.7 3.9 12.5 8.6 28.8 2.5 1.8 13.3 17.6 146 116 23.1 9.2
"65" "58" 2007-03-14 24.64 "CHA" "" "SAC" "W" 3 1 29.7333333333333 0.468 0.423 11.3 0 6.2 9.2 5.2 2.9 17.8 24.3 97 109 7.7 -3.9
"66" "59" 2007-03-16 24.65 "CHA" "" "LAC" "L" -9 1 34.6833333333333 0.497 0.417 6.4 21.9 13.7 27.6 1.5 2.1 11.7 22.4 106 110 13 1.8
"67" "60" 2007-03-17 24.65 "CHA" "@" "MIL" "L" -6 1 43.3666666666667 0.689 0.636 5.5 30.4 18 14.3 1.3 0 29.2 23 101 105 14.9 0.6
"68" "61" 2007-03-20 24.66 "CHA" "" "CLE" "W" 8 1 47.6666666666667 0.644 0.647 10.8 16.2 13.7 18 0 7.6 16 23.8 120 100 23.9 9.9
"69" "62" 2007-03-21 24.66 "CHA" "@" "BOS" "W" 8 1 41.6666666666667 0.378 0.333 7.9 13.4 10.6 3.9 3.8 1.8 10.4 21.6 79 88 8.5 -3.2
"70" "63" 2007-03-23 24.67 "CHA" "@" "PHI" "L" -9 1 41.2666666666667 0.746 0.682 0 8.6 3.3 30.3 1.2 6.8 6.6 16.8 147 109 23.2 11.4
"71" "" 2007-03-24 24.67 "CHA" "" "NJN" "L" -6 NA NA NA NA NA NA NA NA NA NA NA NA NA NA NA NA
"72" "64" 2007-03-28 24.68 "CHA" "" "ATL" "W" 14 1 43.55 0.777 0.75 2.8 18.4 11.4 13.9 4.6 6.1 9.1 23.7 141 82 31.8 15.3
"73" "65" 2007-03-30 24.68 "CHA" "" "MIL" "W" 16 1 38.9166666666667 0.459 0.3 14.2 20.6 17.1 21.6 6.9 2.2 7.1 30.4 114 79 23.5 10.9
"74" "66" 2007-04-01 24.69 "CHA" "@" "TOR" "L" -13 1 34.7333333333333 0.514 0.45 3.6 15.7 10.1 13.2 0 1.9 24 22.1 87 118 5.8 -5.5
"75" "67" 2007-04-03 24.7 "CHA" "" "WAS" "W" 20 1 44.1166666666667 0.649 0.667 9.1 24.9 18.1 3.2 3.3 3 7.1 28.6 121 94 29.3 5.9
"76" "68" 2007-04-04 24.7 "CHA" "@" "WAS" "W" 8 1 43.8166666666667 0.62 0.575 2.8 28 16 30.3 4.9 0 8.4 26.1 125 101 28.2 10.5
"77" "69" 2007-04-06 24.7 "CHA" "" "IND" "L" -10 1 44.5666666666667 0.6 0.583 7 20.8 12.6 7.4 6 3.5 0 23.9 133 113 28.9 12
"78" "70" 2007-04-08 24.71 "CHA" "@" "MIA" "W" 8 1 47.5166666666667 0.791 0.767 5.7 17.6 11.6 3.9 4.4 2.1 5 19.4 157 100 29.1 12.8
"79" "71" 2007-04-10 24.72 "CHA" "" "MIA" "W" 10 1 34.8833333333333 0.826 0.773 6.7 30.6 17.9 6 4.8 0 12.1 23.1 146 85 23.8 15
"80" "" 2007-04-13 24.72 "CHA" "@" "CHI" "L" -19 NA NA NA NA NA NA NA NA NA NA NA NA NA NA NA NA
"81" "" 2007-04-14 24.73 "CHA" "@" "MIL" "W" 21 NA NA NA NA NA NA NA NA NA NA NA NA NA NA NA NA
"82" "72" 2007-04-18 24.74 "CHA" "" "NYK" "L" -1 0 27.8 0.564 0.563 4.1 17.3 10.5 5.7 5.6 0 8.6 19.6 106 93 10.2 3.7
"1" "1" 2007-11-02 25.28 "CHA" "" "MIL" "W" 3 1 41.4166666666667 0.604 0.625 7.4 21.3 13.6 18.2 4.9 0 21.6 23.8 104 98 18.8 3.7
"2" "2" 2007-11-04 25.28 "CHA" "@" "MIA" "W" 2 1 40.3833333333333 0.492 0.409 3.2 13.8 8.9 8.7 1.4 0 18.5 19.9 91 104 6.5 -6
"3" "3" 2007-11-06 25.29 "CHA" "" "PHO" "L" -32 1 28.0333333333333 0.423 0.333 6.3 8.2 7.1 7.4 1.9 2.6 26 28.3 76 125 3 -7.7
"4" "4" 2007-11-07 25.29 "CHA" "@" "PHI" "L" -31 1 31.6666666666667 0.355 0.273 0 6.9 3.3 24.6 0 2.5 12.4 21.9 79 109 2.9 -2.4
"5" "5" 2007-11-09 25.3 "CHA" "" "IND" "W" 9 1 42.5 0.507 0.429 2.6 7.1 5 9.8 4.9 0 12.7 33.6 100 92 15.9 1.4
"6" "6" 2007-11-11 25.3 "CHA" "" "HOU" "L" -3 1 35.8833333333333 0.36 0.308 3 14.5 8.3 10.4 3.1 0 17.8 23.4 68 99 3.6 -7.8
"7" "7" 2007-11-13 25.31 "CHA" "" "MIA" "W" 15 1 32.15 0.771 0.773 0 22.7 12.3 20.3 1.7 2.1 14 22.1 129 84 16.4 9.4
"8" "8" 2007-11-14 25.31 "CHA" "@" "ATL" "L" -8 1 42.05 0.569 0.528 6.2 15.2 10.2 0 0 3.2 11.2 28.3 112 133 15 -4.8
"9" "9" 2007-11-17 25.32 "CHA" "" "SEA" "W" 16 1 36.6166666666667 0.603 0.583 2.9 14.8 9.4 10.1 2.7 5.4 11.8 29.5 115 82 20.6 9.7
"10" "10" 2007-11-19 25.33 "CHA" "" "POR" "W" 9 1 41.2833333333333 0.577 0.526 0 13.7 6.4 4.2 7.6 2 11.4 28.5 110 89 20.9 7.3
"11" "11" 2007-11-21 25.33 "CHA" "" "WAS" "L" -3 1 42.95 0.488 0.478 5.1 0 2.7 8.9 3.6 1.7 13.5 30.8 91 113 12.6 -1.2
"12" "12" 2007-11-23 25.34 "CHA" "@" "ORL" "L" -13 1 12 0.5 0.5 7.7 0 3.9 0 0 0 0 14.8 113 120 2.3 -4.9
"13" "" 2007-11-24 25.34 "CHA" "" "BOS" "L" -1 NA NA NA NA NA NA NA NA NA NA NA NA NA NA NA NA
"14" "13" 2007-11-27 25.35 "CHA" "@" "MIA" "L" -20 1 32.3166666666667 0.45 0.406 8.5 16.5 12 5.9 3.4 0 18.4 31.5 83 122 6.2 -9.5
"15" "14" 2007-12-01 25.36 "CHA" "@" "CHI" "L" -16 1 38.0166666666667 0.548 0.417 0 0 0 28.8 4.2 1.8 27.9 26.9 95 126 11.6 -3.3
"16" "15" 2007-12-03 25.36 "CHA" "@" "TOR" "L" -19 1 39.7666666666667 0.546 0.385 8 16.8 11.9 16.3 1.5 1.9 10.3 23.4 117 120 15.3 4.2
"17" "16" 2007-12-05 25.37 "CHA" "" "CHI" "L" -9 1 36.15 0.594 0.6 5.9 22.1 13.1 0 4.4 0 5.1 25.8 116 95 15.9 7.4
"18" "17" 2007-12-08 25.38 "CHA" "" "CLE" "W" 3 1 39 0.56 0.471 0 22.1 11.8 6.8 5.3 11.2 23.4 30.3 89 87 16 3.2
"19" "18" 2007-12-09 25.38 "CHA" "@" "DET" "L" -19 1 23.6166666666667 0.387 0.333 0 6 2.7 6.4 0 4.1 20.5 10.3 70 125 1.2 -8.5
"20" "19" 2007-12-12 25.39 "CHA" "" "LAC" "W" 5 1 43.8166666666667 0.662 0.667 0 14.9 7.9 11.8 1.2 0 17.5 24 107 113 16.1 -1.9
"21" "20" 2007-12-14 25.39 "CHA" "" "ORL" "L" -16 1 42.2 0.37 0.316 7.8 12.3 9.8 19.5 2.5 0 8.5 26.4 86 113 9.5 -3.1
"22" "21" 2007-12-15 25.4 "CHA" "@" "ATL" "L" -9 1 39.5833333333333 0.752 0.708 3.4 21.4 12.1 10.9 1.4 0 15.8 23.5 129 106 17.9 6
"23" "22" 2007-12-19 25.41 "CHA" "" "UTA" "W" 6 1 38.55 0.721 0.591 0 8.9 4.6 22.1 4 3.6 10 24.3 139 95 25.2 14.4
"24" "23" 2007-12-21 25.41 "CHA" "" "NYK" "W" 10 1 42.15 0.618 0.529 3.1 6.3 5 8.2 4.9 1.7 12.1 27.6 115 99 20.2 2.5
"25" "24" 2007-12-22 25.42 "CHA" "@" "MIL" "L" -4 1 44.0666666666667 0.631 0.591 0 11.2 5.8 22.1 2.4 1.5 14.4 14.4 126 111 15.7 3.6
"26" "25" 2007-12-26 25.43 "CHA" "" "WAS" "L" -4 1 43.95 0.609 0.548 0 25.9 11.8 33.6 2.3 1.8 7.1 28.1 127 110 29.1 12.2
"27" "26" 2007-12-28 25.43 "CHA" "" "NOH" "L" -14 1 46.6833333333333 0.385 0.313 0 2.4 1.2 15.3 3.4 1.7 9.9 20.3 82 108 8 -1.3
"28" "27" 2007-12-29 25.44 "CHA" "@" "ORL" "L" -9 1 42.4666666666667 0.669 0.633 0 18 10.1 30.5 1.2 0 28.9 27.3 98 111 14.7 1.4
"29" "28" 2007-12-31 25.44 "CHA" "" "IND" "W" 4 1 49.3 0.587 0.476 2.2 17.9 9.5 17.7 4.3 1.7 11.5 34.3 113 98 26.8 5.6
"30" "29" 2008-01-02 25.45 "CHA" "" "CHI" "L" -12 1 40.4 0.586 0.529 2.8 24.8 14.5 35.6 0 3.1 9.2 24.9 118 116 20.6 7.4
"31" "30" 2008-01-04 25.45 "CHA" "@" "NJN" "L" -6 1 43.9166666666667 0.644 0.533 0 26.8 14.7 19.3 0 1.5 20.5 24.3 108 101 18.5 0.7
"32" "31" 2008-01-06 25.46 "CHA" "" "MIL" "L" -4 1 41.0333333333333 0.723 0.625 0 8.4 4.6 23.6 4.1 0 31.6 30.1 104 107 16.8 3.2
"33" "32" 2008-01-08 25.46 "CHA" "" "NJN" "W" 16 1 36.5166666666667 0.589 0.538 14.2 22.4 18.5 11.3 2.8 0 21.9 29.6 106 103 15.9 -0.5
"34" "33" 2008-01-09 25.47 "CHA" "@" "BOS" "W" 12 1 44.5666666666667 0.472 0.433 2.8 22.5 13.1 13.2 2.4 4.1 15.9 20.6 92 88 12.3 2.9
"35" "34" 2008-01-11 25.47 "CHA" "@" "CLE" "L" -7 1 54.5 0.579 0.591 3.4 20.9 11.3 11.3 3.9 1.6 11.4 22.7 105 99 22.2 5.9
"36" "35" 2008-01-12 25.47 "CHA" "" "DET" "L" -3 1 48.3666666666667 0.487 0.405 0 13.4 7.1 18.7 3.4 4.8 18.3 32.6 91 104 15.7 1.8
"37" "36" 2008-01-14 25.48 "CHA" "" "DEN" "W" 3 1 45.2333333333333 0.654 0.625 6.8 8.8 7.8 18.8 2.1 3.1 8.9 31.4 127 116 31.6 9.6
"38" "37" 2008-01-16 25.48 "CHA" "" "ORL" "W" 6 1 45.1666666666667 0.498 0.417 18.1 15.2 16.7 23.9 3.5 1.7 0 35.7 122 97 32.8 14.4
"39" "38" 2008-01-18 25.49 "CHA" "@" "NOH" "L" -28 1 31.8333333333333 0.462 0.462 0 14.1 5.8 15.4 0 0 18.8 23.6 80 130 3.7 -8.8
"40" "39" 2008-01-19 25.49 "CHA" "" "MEM" "W" 18 1 45.95 0.565 0.543 2.7 14.2 8.8 19.9 8 1.6 7.5 26.8 117 85 27.1 10.1
"41" "40" 2008-01-21 25.5 "CHA" "" "SAS" "L" -9 1 42.65 0.363 0.278 0 26 13.2 13.9 1.3 1.9 16.2 28.3 71 110 6 -7.9
"42" "41" 2008-01-23 25.5 "CHA" "" "DAL" "L" -7 1 48 0.461 0.457 4.5 22 12.9 3.8 3.4 0 7.7 25.7 93 111 14.5 -0.5
"43" "42" 2008-01-25 25.51 "CHA" "@" "CHI" "W" 13 1 43.8 0.702 0.636 0 11.7 6.4 19.3 5 1.7 6.3 17.8 141 83 22.8 12.1
"44" "43" 2008-01-26 25.51 "CHA" "" "PHI" "L" -7 1 40.5333333333333 0.424 0.235 2.4 5.6 3.9 39.1 1.3 1.7 7.8 28.2 109 119 15.7 2.5
"45" "44" 2008-01-28 25.52 "CHA" "@" "LAC" "W" 7 1 42.8166666666667 0.792 0.818 0 19.2 10.8 30.9 3.7 1.6 12.1 19.1 143 105 24.4 9.5
"46" "45" 2008-01-30 25.52 "CHA" "@" "SAC" "L" -14 1 41.4 0.537 0.5 2.4 12.9 7.4 23.4 3.5 1.5 11.4 28.7 101 104 18.8 5
"47" "46" 2008-02-01 25.53 "CHA" "@" "GSW" "L" -31 1 28.1333333333333 0.46 0.375 3.4 22.4 11.6 21.4 1.7 2.6 7.7 19.3 104 125 9.9 0.3
"48" "" 2008-02-02 25.53 "CHA" "@" "DEN" "L" -16 NA NA NA NA NA NA NA NA NA NA NA NA NA NA NA NA
"49" "" 2008-02-04 25.54 "CHA" "@" "PHO" "L" -14 NA NA NA NA NA NA NA NA NA NA NA NA NA NA NA NA
"50" "47" 2008-02-08 25.55 "CHA" "" "NJN" "L" -14 1 41.4666666666667 0.501 0.412 0 11.3 5 8.3 2.5 5.2 16 26.9 91 106 12.2 0.5
"51" "" 2008-02-10 25.55 "CHA" "@" "DET" "L" -26 NA NA NA NA NA NA NA NA NA NA NA NA NA NA NA NA
"52" "" 2008-02-11 25.56 "CHA" "" "LAL" "L" -9 NA NA NA NA NA NA NA NA NA NA NA NA NA NA NA NA
"53" "" 2008-02-13 25.56 "CHA" "" "ATL" "W" 2 NA NA NA NA NA NA NA NA NA NA NA NA NA NA NA NA
"54" "48" 2008-02-19 25.58 "CHA" "@" "SAS" "L" -20 1 32.3833333333333 0.172 0 0 37.1 14.7 6.7 6.6 0 14.7 19.9 35 82 0.7 -7.6
"55" "49" 2008-02-22 25.59 "CHA" "" "SAC" "L" -1 1 20.5333333333333 0.381 0.357 0 33 16.5 33.5 2.5 11.1 27.6 24.5 72 98 4.6 -0.8
"56" "" 2008-02-23 25.59 "CHA" "@" "WAS" "L" -15 NA NA NA NA NA NA NA NA NA NA NA NA NA NA NA NA
"57" "" 2008-02-27 25.6 "CHA" "@" "NYK" "L" -24 NA NA NA NA NA NA NA NA NA NA NA NA NA NA NA NA
"58" "" 2008-02-29 25.61 "CHA" "@" "BOS" "L" -8 NA NA NA NA NA NA NA NA NA NA NA NA NA NA NA NA
"59" "" 2008-03-02 25.61 "CHA" "" "TOR" "W" 12 NA NA NA NA NA NA NA NA NA NA NA NA NA NA NA NA
"60" "" 2008-03-04 25.62 "CHA" "@" "MIN" "W" 20 NA NA NA NA NA NA NA NA NA NA NA NA NA NA NA NA
"61" "" 2008-03-05 25.62 "CHA" "" "GSW" "W" 9 NA NA NA NA NA NA NA NA NA NA NA NA NA NA NA NA
"62" "" 2008-03-07 25.62 "CHA" "" "ATL" "W" 15 NA NA NA NA NA NA NA NA NA NA NA NA NA NA NA NA
"63" "" 2008-03-08 25.63 "CHA" "@" "WAS" "W" 3 NA NA NA NA NA NA NA NA NA NA NA NA NA NA NA NA
"64" "50" 2008-03-12 25.64 "CHA" "@" "DAL" "L" -25 0 22.1666666666667 0.509 0.458 0 30.9 13.7 9 2.3 0 6.8 31.5 97 124 8.6 -1.7
"65" "51" 2008-03-14 25.64 "CHA" "@" "HOU" "L" -9 0 31.7166666666667 0.82 0.813 0 23 11.8 12.4 3.4 0 9.3 16.9 146 94 15.3 12.1
"66" "52" 2008-03-16 25.65 "CHA" "@" "CLE" "L" -7 0 32.8666666666667 0.372 0.385 0 6.5 3.2 23.8 0 4.8 18.2 23.2 75 113 4.2 -4.5
"67" "53" 2008-03-17 25.65 "CHA" "@" "MEM" "L" -18 1 23.4166666666667 0.512 0.438 4.9 25.1 15.8 8.2 0 2.9 17 24.1 95 108 6.7 -1.2
"68" "54" 2008-03-19 25.66 "CHA" "@" "IND" "L" -7 1 40.0333333333333 0.65 0.5 0 17.5 9 8.6 1.3 0 23.4 19.3 105 112 11.4 -2.9
"69" "55" 2008-03-22 25.67 "CHA" "" "MIA" "W" 12 1 35.7666666666667 0.595 0.529 6.7 9.4 8.1 11.2 4.5 0 8.4 30.6 118 90 19.6 7.2
"70" "56" 2008-03-25 25.67 "CHA" "@" "UTA" "L" -22 1 33.65 0.691 0.654 0 3.5 1.9 21.9 4.5 0 20.8 26 113 132 15.2 3.4
"71" "57" 2008-03-26 25.68 "CHA" "@" "LAL" "W" 13 1 42.2166666666667 0.75 0.75 2.8 15.6 9.9 24.7 2.4 4.1 16.7 12.6 138 95 17.9 10
"72" "58" 2008-03-28 25.68 "CHA" "@" "SEA" "W" 3 1 45.8833333333333 0.427 0.375 0 19 8.7 10.5 3.5 0 13.4 16 83 101 8.3 -5.4
"73" "59" 2008-03-29 25.68 "CHA" "@" "POR" "W" 8 1 34.6166666666667 0.389 0.389 3.5 11.3 7.8 20.5 3.2 4.5 10 14.2 93 94 9.3 3.4
"74" "60" 2008-03-31 25.69 "CHA" "" "TOR" "L" -4 1 42.6833333333333 0.563 0.5 0 22.5 11.7 11.2 2.4 0 5.3 20.5 114 110 15.5 2.1
"75" "61" 2008-04-02 25.7 "CHA" "" "CLE" "L" -4 1 42.5 0.554 0.467 2.7 15.8 9.3 6.4 2.4 0 13.7 22.7 106 122 14.6 -4.1
"76" "62" 2008-04-04 25.7 "CHA" "@" "TOR" "W" 5 1 20.3 0.357 0.357 0 10.3 5.4 13.8 2.4 3.2 22.2 20.3 63 101 2.6 -4.5
"77" "" 2008-04-05 25.7 "CHA" "" "BOS" "L" -23 NA NA NA NA NA NA NA NA NA NA NA NA NA NA NA NA
"78" "" 2008-04-08 25.71 "CHA" "" "MIN" "W" 2 NA NA NA NA NA NA NA NA NA NA NA NA NA NA NA NA
"79" "" 2008-04-09 25.72 "CHA" "@" "NYK" "L" -2 NA NA NA NA NA NA NA NA NA NA NA NA NA NA NA NA
"80" "" 2008-04-12 25.72 "CHA" "@" "IND" "W" 4 NA NA NA NA NA NA NA NA NA NA NA NA NA NA NA NA
"81" "" 2008-04-15 25.73 "CHA" "@" "NJN" "L" -4 NA NA NA NA NA NA NA NA NA NA NA NA NA NA NA NA
"82" "" 2008-04-16 25.73 "CHA" "" "PHI" "W" 6 NA NA NA NA NA NA NA NA NA NA NA NA NA NA NA NA
"1" "1" 2008-10-30 26.27 "CHA" "@" "CLE" "L" -17 1 30.2333333333333 0.533 0.4 0 24.1 9.9 8.5 3.8 3.2 7.6 20.8 110 105 9.1 2.3
"2" "2" 2008-11-01 26.28 "CHA" "" "MIA" "W" 13 1 43.35 0.738 0.75 11.9 16.6 14.7 13.4 2.6 6.5 14.8 29 133 97 30.5 17
"3" "3" 2008-11-03 26.28 "CHA" "" "DET" "L" -18 1 41.05 0.491 0.3 6.9 30 19.2 0 1.5 0 16.4 24.5 93 122 8.4 -9.4
"4" "4" 2008-11-05 26.29 "CHA" "@" "NYK" "L" -3 1 44.9333333333333 0.82 0.813 7.1 24.4 14.7 9 3.5 0 23.5 12.6 137 107 18.2 6.7
"5" "5" 2008-11-07 26.29 "CHA" "" "NOH" "W" 3 1 37.4 0.524 0.2 0 23.6 12.1 9.6 6.1 2.7 28.2 14.4 89 93 8.9 1.3
"6" "6" 2008-11-09 26.3 "CHA" "" "TOR" "L" -10 1 36.1833333333333 0.227 0.182 2.8 29 13.3 14.6 1.6 2.5 7 19.2 58 103 2.3 -6.8
"7" "7" 2008-11-11 26.3 "CHA" "" "DEN" "L" -8 1 35.6333333333333 0.591 0.591 4.1 21.3 13.3 0 4.5 4.6 15.4 17.6 96 89 10.2 2.7
"8" "8" 2008-11-14 26.31 "CHA" "" "UTA" "W" 8 1 34.5333333333333 0.574 0.385 13.9 17.4 15.6 10.3 4.8 2 17.3 30.7 117 102 19.5 5.4
"9" "9" 2008-11-16 26.32 "CHA" "" "ORL" "L" -5 1 41.0333333333333 0.571 0.5 0 27.7 13.3 4.9 1.4 0 10.7 21.8 109 101 12.8 3
"10" "10" 2008-11-18 26.32 "CHA" "" "DAL" "L" -17 1 32.45 0.288 0.231 9.4 12 10.6 16.7 3.2 2.5 0 19.6 80 107 7.1 -0.1
"11" "11" 2008-11-21 26.33 "CHA" "@" "ATL" "L" -5 1 40.7166666666667 0.551 0.533 5.9 26.2 15.5 25 2.7 0 11.5 20.9 110 97 15.8 5.5
"12" "12" 2008-11-22 26.33 "CHA" "" "MIL" "L" -5 1 39.4 0.62 0.591 0 13.8 6.5 0 1.4 0 21.6 21.3 97 93 9.2 0.6
"13" "13" 2008-11-24 26.34 "CHA" "" "PHI" "W" 9 1 40.0666666666667 0.799 0.75 0 15.6 9.7 4.1 2.7 0 0 8.9 161 94 12.1 4.6
"14" "14" 2008-11-26 26.35 "CHA" "@" "TOR" "L" -7 1 38.65 0.463 0.4 2.8 28 13.1 10.3 1.5 0 3.9 31.4 103 111 13.6 0.6
"15" "15" 2008-11-28 26.35 "CHA" "@" "IND" "W" 7 1 41.7666666666667 0.495 0.2 2.4 24.4 13.3 7.4 5.9 0 11 19 103 89 16.3 3.3
"16" "16" 2008-11-29 26.35 "CHA" "" "BOS" "L" -5 1 42.9 0.603 0.625 7.2 17.7 13 16.1 1.3 3.8 9.5 24.1 117 100 19.1 9.2
"17" "17" 2008-12-01 26.36 "CHA" "" "MIN" "W" 10 1 41.3333333333333 0.497 0.375 0 26.8 13.6 10.8 1.3 2.3 0 17.4 117 99 13.9 0.5
"18" "18" 2008-12-03 26.36 "CHA" "" "OKC" "W" 6 1 41.55 0.619 0.462 0 8 3.7 15.9 3.9 2.1 19.1 23.4 113 104 15.8 2.8
"19" "19" 2008-12-05 26.37 "CHA" "@" "MIL" "L" -5 1 38.1 0.326 0.143 3.7 14.8 9.3 14.5 4.5 2.2 24.6 16.2 76 113 4.9 -5.1
"20" "20" 2008-12-06 26.37 "CHA" "" "CLE" "L" -20 1 20.9666666666667 0.073 0 11.4 20.8 15.7 18.3 0 4.3 36.8 24.8 27 112 -4.4 -19.9
"21" "" 2008-12-08 26.38 "CHA" "@" "MIA" "L" -4 NA NA NA NA NA NA NA NA NA NA NA NA NA NA NA NA
"22" "" 2008-12-10 26.38 "CHA" "@" "NOH" "L" -16 NA NA NA NA NA NA NA NA NA NA NA NA NA NA NA NA
"23" "" 2008-12-11 26.39 "CHA" "@" "DAL" "L" -5 NA NA NA NA NA NA NA NA NA NA NA NA NA NA NA NA
"24" "21" 2008-12-13 26.39 "CHA" "" "DET" "L" -4 1 33.45 0.612 0.5 0 28.7 15.4 18.8 4.7 2.6 10 26.6 124 87 19.5 12.8
"25" "22" 2008-12-15 26.4 "CHA" "@" "ATL" "L" -4 1 35.95 0.564 0.5 0 33.4 16.7 10.4 0 4.7 23.5 18.3 86 93 8.6 0.5
"26" "" 2008-12-16 26.4 "CHA" "" "CHI" "W" 9 NA NA NA NA NA NA NA NA NA NA NA NA NA NA NA NA
"27" "23" 2008-12-19 26.41 "CHA" "@" "MEM" "W" 29 1 27.8 0.862 0.818 6.6 36.3 24.3 10 8 0 13.6 26.5 150 79 23.6 17.6
"28" "24" 2008-12-20 26.41 "CHA" "" "GSW" "L" -7 1 38.6666666666667 0.655 0.567 2.8 9.8 6.1 8.8 0 4.2 0 22.6 144 122 20.7 4.8
"29" "25" 2008-12-23 26.42 "CHA" "" "WAS" "W" 8 1 35.8 0.913 0.929 0 20.6 11.5 6.1 0 1.9 25.5 15.4 121 83 12.3 5.5
"30" "26" 2008-12-26 26.43 "CHA" "@" "NJN" "W" 8 1 38.4166666666667 0.722 0.625 3.7 33.3 20.6 25 1.4 2 21.3 17.9 126 92 18.4 10.7
"31" "27" 2008-12-27 26.43 "CHA" "" "NJN" "L" -11 1 46.3333333333333 0.733 0.676 5.4 22.2 13.2 18 2.4 4.2 12.1 25.9 139 116 28 11.6
"32" "28" 2008-12-30 26.44 "CHA" "" "NYK" "L" -4 1 41.05 0.595 0.533 0 15.3 8.1 9.1 2.5 1.8 14.5 22.1 107 97 15 2.4
"33" "29" 2009-01-02 26.45 "CHA" "@" "MIL" "L" -28 1 34.1333333333333 0.431 0.364 11.7 18.5 14.7 12 1.6 0 23.9 21.9 80 117 6.8 -4.1
"34" "30" 2009-01-03 26.45 "CHA" "" "MIL" "W" 10 1 38 0.561 0.441 7.9 3.6 5.7 10.5 4.3 2.2 4.5 28.4 119 101 19.5 5.9
"35" "31" 2009-01-06 26.46 "CHA" "" "BOS" "W" 8 1 41.1833333333333 0.56 0.441 3.7 13.4 9.3 13.3 5.2 0 4.6 25 121 100 20.4 7.2
"36" "32" 2009-01-07 26.46 "CHA" "@" "CLE" "L" -30 1 32.9333333333333 0.618 0.6 0 0 0 21.6 1.6 0 15 19.3 109 128 8.9 -0.1
"37" "33" 2009-01-09 26.47 "CHA" "@" "PHI" "L" -6 1 40.6333333333333 0.273 0.273 6.6 12.1 9.5 7.5 1.5 0 8.3 14.9 76 115 2.7 -9.2
"38" "34" 2009-01-10 26.47 "CHA" "@" "WAS" "W" 3 1 20.2 NA NA 15.3 24.6 19.8 6.8 0 0 NA 0 224 111 2.2 -4
"39" "35" 2009-01-13 26.48 "CHA" "@" "DET" "W" 2 1 43.2166666666667 0.541 0.429 2.6 23.8 13.1 8.8 1.3 1.9 10.7 21.9 105 90 14.7 4.6
"40" "36" 2009-01-17 26.49 "CHA" "" "POR" "W" 5 1 45.3666666666667 0.627 0.553 8 29.8 19.7 13.3 1.2 3.4 7.5 29 128 96 27.4 11.5
"41" "37" 2009-01-19 26.49 "CHA" "" "SAS" "L" -2 1 39.8666666666667 0.327 0.25 2.8 14.3 8.5 14.2 1.5 2.4 6.8 17.5 82 105 5.2 -3
"42" "38" 2009-01-21 26.5 "CHA" "" "MEM" "W" 15 1 37.45 0.533 0.4 3.7 20.8 12.5 35.1 5.6 2.5 14.1 17.3 126 89 17.5 9.3
"43" "39" 2009-01-23 26.5 "CHA" "" "PHO" "W" 22 1 37.35 0.921 0.962 3.5 18.7 12.1 24.8 7 4.2 6.2 20.3 171 70 33.8 28.4
"44" "40" 2009-01-25 26.51 "CHA" "@" "IND" "L" -5 1 35.2166666666667 0.434 0.125 3.2 11.9 7.7 16.7 3 2.1 14.8 17.9 97 107 9.8 -0.8
"45" "41" 2009-01-27 26.52 "CHA" "@" "LAL" "W" 7 1 32.0333333333333 0.508 0.538 0 13.7 7.6 11.2 3.4 0 11.9 25.3 91 100 8.9 -1.4
"46" "" 2009-01-28 26.52 "CHA" "@" "POR" "L" -14 NA NA NA NA NA NA NA NA NA NA NA NA NA NA NA NA
"47" "" 2009-01-30 26.52 "CHA" "@" "DEN" "L" -11 NA NA NA NA NA NA NA NA NA NA NA NA NA NA NA NA
"48" "" 2009-02-02 26.53 "CHA" "@" "UTA" "L" -19 NA NA NA NA NA NA NA NA NA NA NA NA NA NA NA NA
"49" "" 2009-02-06 26.54 "CHA" "" "ATL" "L" -5 NA NA NA NA NA NA NA NA NA NA NA NA NA NA NA NA
"50" "" 2009-02-08 26.55 "CHA" "@" "MIA" "L" -4 NA NA NA NA NA NA NA NA NA NA NA NA NA NA NA NA
"51" "" 2009-02-09 26.55 "CHA" "" "LAC" "W" 21 NA NA NA NA NA NA NA NA NA NA NA NA NA NA NA NA
"52" "" 2009-02-11 26.56 "CHA" "" "WAS" "W" 12 NA NA NA NA NA NA NA NA NA NA NA NA NA NA NA NA
"53" "42" 2009-02-17 26.57 "CHA" "@" "ORL" "L" -5 1 38.9666666666667 0.405 0.389 0 11.6 5.4 13.6 0 2.4 28.8 16.2 72 114 2 -6.6
"54" "43" 2009-02-18 26.58 "CHA" "" "IND" "W" 9 1 38.55 0.511 0.294 8.1 17.8 13.1 31.4 2.7 1.8 3.9 30.1 123 98 23.5 6.9
"55" "44" 2009-02-20 26.58 "CHA" "" "ORL" "L" -12 1 41.7833333333333 0.517 0.375 7.2 8.8 7.9 8.7 0 5.9 22 14.8 98 109 7.4 -1.7
"56" "45" 2009-02-22 26.59 "CHA" "@" "HOU" "L" -21 1 32.7166666666667 0.517 0.375 14.3 23.8 18.8 13 1.7 0 27.3 20.2 91 111 6.8 -2.6
"57" "46" 2009-02-24 26.59 "CHA" "@" "PHO" "L" -10 1 24.2833333333333 0.611 0.563 4.8 23.3 13.2 0 2.1 0 32 28.1 84 116 3.7 -10.2
"58" "47" 2009-02-25 26.59 "CHA" "@" "SAC" "W" 7 1 38.6333333333333 0.687 0.618 3.5 14.1 9.3 10.5 0 0 9.2 27 130 105 19.9 5.3
"59" "48" 2009-02-27 26.6 "CHA" "@" "GSW" "W" 3 1 32.9 0.579 0.389 9.1 32 22 8.2 0 0 19.9 20.2 115 115 9.8 -6
"60" "49" 2009-02-28 26.6 "CHA" "@" "LAC" "W" 5 1 36.65 0.514 0.429 9.1 24.6 15.7 10.9 6.2 2.3 10.2 12.8 122 99 13.8 3.7
"61" "50" 2009-03-03 26.61 "CHA" "" "CHI" "W" 16 1 31.35 0.421 0.364 8.7 7 7.8 0 1.8 0 7.8 20.2 91 97 5.1 -5.5
"62" "51" 2009-03-06 26.62 "CHA" "" "ATL" "W" 7 1 36.2166666666667 0.733 0.731 4.3 19.9 13.1 9.1 0 4.1 12.3 23.2 129 110 18 7.3
"63" "52" 2009-03-07 26.62 "CHA" "@" "NYK" "W" 9 1 44.0333333333333 0.696 0.615 3.8 29.7 19.4 16.3 3.5 0 10.8 19.5 138 105 23.5 7.5
"64" "53" 2009-03-10 26.63 "CHA" "@" "SAS" "L" -14 1 39.95 0.799 0.714 0 22.7 11.4 4.8 1.4 1.9 10.2 13.1 139 116 13 2.8
"65" "54" 2009-03-13 26.64 "CHA" "" "HOU" "L" -5 1 39.9 0.751 0.75 5.6 22.6 12.8 9.4 4.1 0 26.1 18.1 110 100 14.8 5.4
"66" "55" 2009-03-14 26.64 "CHA" "@" "MIN" "L" -8 1 46.2333333333333 0.799 0.727 8.4 20.8 14.4 10.5 1.2 0 15.6 20.3 146 125 23.8 5.9
"67" "56" 2009-03-16 26.65 "CHA" "" "TOR" "W" 26 1 39.0666666666667 0.757 0.654 3.2 22.9 13.7 18 3.8 2.2 0 18.6 164 83 27.8 15.1
"68" "57" 2009-03-18 26.65 "CHA" "" "SAC" "W" 16 1 38.7166666666667 0.701 0.538 26.3 13.2 18.6 4.9 2.8 3.8 10.1 23.5 155 97 26.8 11.3
"69" "58" 2009-03-20 26.66 "CHA" "@" "TOR" "W" 13 1 41.85 0.821 0.769 6.7 24.3 15.4 29 2.7 4.4 9.9 23.3 161 97 32.6 21.9
"70" "59" 2009-03-21 26.66 "CHA" "" "IND" "L" -25 1 25.4666666666667 0.307 0.25 8.6 5.9 7.4 29.3 0 3.6 45 15.5 64 124 0.5 -8.6
"71" "60" 2009-03-25 26.67 "CHA" "@" "WAS" "L" -2 1 42.85 0.526 0.5 15.1 17.7 16.4 17.2 2.4 4.8 13.1 24.2 109 100 19.8 3.1
"72" "61" 2009-03-27 26.68 "CHA" "@" "PHI" "W" 5 1 38.9333333333333 0.651 0.667 12.8 28.2 21.2 4.2 1.4 0 8.5 14.2 135 109 12.9 0.9
"73" "62" 2009-03-28 26.68 "CHA" "" "NYK" "W" 11 1 42.95 0.721 0.625 3.2 19.9 12.6 29.6 2.4 5.6 5.9 18 151 86 27.2 17.3
"74" "63" 2009-03-31 26.69 "CHA" "" "LAL" "W" 10 1 40.3333333333333 0.622 0.625 4 27.5 18.9 20.6 0 7.2 0 21.4 132 89 23.6 12.3
"75" "64" 2009-04-01 26.69 "CHA" "@" "BOS" "L" -2 1 36.9166666666667 0.506 0.444 12.8 26.9 18.7 0 6.4 3.3 4.8 26.9 117 100 17.3 4.2
"76" "65" 2009-04-03 26.7 "CHA" "" "MIA" "L" -5 1 45.1166666666667 0.763 0.708 0 24.3 12.3 3.5 0 3.6 17.9 18.1 123 108 16.1 2.9
"77" "66" 2009-04-05 26.7 "CHA" "@" "DET" "L" -7 1 41.35 0.428 0.25 2.5 7.3 4.4 3.8 1.3 2.1 18.9 17.3 82 118 2.9 -7.4
"78" "67" 2009-04-07 26.71 "CHA" "" "PHI" "W" 3 1 45.85 0.569 0.444 12 17.9 15.2 12.3 2.5 0 3.8 27.7 133 114 24.4 3.5
"79" "68" 2009-04-10 26.72 "CHA" "@" "OKC" "L" -3 1 43.5833333333333 0.36 0.308 9 27.5 17.3 9 5.9 1.6 26.5 18.9 67 79 9.2 -1.2
"80" "69" 2009-04-11 26.72 "CHA" "@" "CHI" "L" -7 1 37.3 0.568 0.545 0 10.2 5.1 8.2 0 0 0 14.1 134 132 7.2 -4.4
"81" "70" 2009-04-13 26.72 "CHA" "@" "NJN" "L" -4 1 24 0.571 0.429 0 10.5 5.3 0 0 3.8 9.4 21.5 109 111 6.8 -2.8
"82" "71" 2009-04-15 26.73 "CHA" "@" "ORL" "L" -25 1 25.55 0.315 0.333 4.5 36.8 21.3 17 2.2 3.2 0 9.4 85 104 5.8 0.4
"1" "1" 2009-10-28 27.27 "CHA" "@" "BOS" "L" -33 1 37.8 0.399 0.333 5.3 30.2 16.9 0 3 0 24.2 20.4 67 101 4.9 -3.7
"2" "2" 2009-10-30 27.27 "CHA" "" "NYK" "W" 2 1 53.1333333333333 0.362 0.2 6.3 24.7 15.6 0 1 3.5 13.9 25.6 74 90 8.5 -6
"3" "3" 2009-10-31 27.27 "CHA" "@" "CLE" "L" -11 1 35.5666666666667 0.431 0.364 7.3 33.7 18.7 0 3.3 0 19 22.7 78 106 6.2 -5.4
"4" "4" 2009-11-02 27.28 "CHA" "" "NJN" "W" 11 1 44.5 0.609 0.5 17.2 35.1 25.7 0 5 1.9 9.2 21.6 131 69 26.5 12.5
"5" "5" 2009-11-06 27.29 "CHA" "" "ATL" "W" 20 1 36.0166666666667 0.34 0.214 6.7 41.8 26.4 7.6 1.5 2 19.8 25.4 73 84 7.3 -5.7
"6" "6" 2009-11-07 27.29 "CHA" "@" "CHI" "L" -3 1 45.2 0.432 0.423 2.4 23 11.7 3.7 2.4 0 12.6 15.4 87 101 7.1 -4.6
"7" "7" 2009-11-10 27.3 "CHA" "" "ORL" "L" -12 1 41.1666666666667 0.472 0.417 9.5 17.9 13.8 4.1 3.9 0 17.9 19.7 89 101 9.6 -1.6
"8" "8" 2009-11-11 27.3 "CHA" "@" "DET" "L" -23 1 39.7166666666667 0.492 0.5 3.2 20.8 10.8 11 0 0 14.1 18.2 93 121 7 -3.3
"9" "9" 2009-11-14 27.31 "CHA" "" "POR" "L" -6 1 39 0.475 0.4 7 20.5 11.9 4.9 1.5 0 19.2 19.8 89 101 6.9 -3.4
"10" "10" 2009-11-16 27.32 "CHA" "@" "ORL" "L" -6 1 46.45 0.646 0.5 3.2 19.2 12.4 9.1 0 0 10.5 10 131 110 9.7 1.2
"11" "11" 2009-11-18 27.32 "CHA" "@" "PHI" "L" -2 1 45.25 0.571 0.5 8.6 22.7 16.1 4 3.8 1.7 29.3 14.8 91 95 10.9 -0.4
"12" "12" 2009-11-20 27.33 "CHA" "@" "MIL" "L" -7 1 46.0333333333333 0.637 0.583 0 22.2 13.4 18.4 2.4 1.9 5.5 21.4 125 104 21.5 6.2
"13" "13" 2009-11-22 27.33 "CHA" "" "IND" "W" 16 1 29.2 0.473 0.333 0 41.1 22.1 4.6 5.2 2.9 20.5 22 84 80 9 -0.6
"14" "14" 2009-11-25 27.34 "CHA" "" "TOR" "W" 35 1 34.6 0.613 0.5 6.2 33.2 19.8 14.8 2.9 4.1 3.8 31.4 136 79 29.4 13.8
"15" "15" 2009-11-27 27.35 "CHA" "" "CLE" "W" 7 1 40.4833333333333 0.769 0.75 8.7 32.6 20.5 4.9 3.9 0 9 27 142 88 29.9 18.1
"16" "16" 2009-11-28 27.35 "CHA" "@" "WAS" "W" 16 1 35.3666666666667 0.583 0.583 13.2 35.7 24.1 0 0 2.2 20 20.6 99 87 10.7 0
"17" "17" 2009-12-01 27.36 "CHA" "" "BOS" "L" -18 1 27.5833333333333 0.322 0.167 4 43.5 19.3 11.5 0 3.6 20.5 16.1 71 122 2.9 -7.2
"18" "18" 2009-12-04 27.37 "CHA" "@" "NJN" "L" -6 1 41.55 0.697 0.625 8.9 38.5 25.7 21.2 0 3.2 24.4 13.7 123 98 18.1 5.7
"19" "19" 2009-12-05 27.37 "CHA" "" "PHI" "W" 1 1 45.65 0.581 0.528 2.8 29.1 17.3 14.7 3.3 1.5 8.8 22.4 120 100 21.7 4
"20" "20" 2009-12-08 27.38 "CHA" "" "DEN" "W" 12 1 44.4166666666667 0.6 0.531 12.9 33 22.2 4.1 1.1 1.8 8.8 22.4 128 100 21.4 4.2
"21" "21" 2009-12-11 27.39 "CHA" "@" "SAS" "L" -19 1 36.35 0.672 0.667 0 31.7 12.2 11 2.8 0 13 19 121 107 14.5 6
"22" "22" 2009-12-12 27.39 "CHA" "@" "DAL" "L" -1 1 50.55 0.596 0.5 9.8 24.7 17.8 7.6 0 1.4 20.6 23 108 100 15.9 2.6
"23" "23" 2009-12-15 27.4 "CHA" "" "NYK" "W" 7 1 38.35 0.599 0.571 9.6 16.5 13 24.1 5.3 0 14.6 23.6 117 86 19.7 9.8
"24" "24" 2009-12-16 27.4 "CHA" "@" "IND" "L" -3 1 43.55 0.611 0.556 2.6 34.6 17.2 5.3 4.5 2.2 17.4 28.6 104 94 21.6 5.9
"25" "25" 2009-12-19 27.41 "CHA" "" "UTA" "L" -8 1 45.1166666666667 0.691 0.625 6.4 32.5 20 21.8 2.2 1.8 15.6 25.7 127 108 26.9 7.2
"26" "" 2009-12-20 27.41 "CHA" "@" "NYK" "L" -4 NA NA NA NA NA NA NA NA NA NA NA NA NA NA NA NA
"27" "26" 2009-12-22 27.42 "CHA" "" "DET" "W" 12 1 42.6333333333333 0.703 0.667 3.1 24.8 15.7 14.9 2.5 6.4 16.2 28.5 117 76 26.5 14.2
"28" "27" 2009-12-26 27.43 "CHA" "@" "OKC" "L" -7 1 45.0666666666667 0.485 0.389 2.3 14 7.6 6.7 1.2 3 0 13.8 111 108 11.5 1.4
"29" "28" 2009-12-28 27.43 "CHA" "" "MIL" "W" 10 1 43.1833333333333 0.619 0.538 5.6 31.8 19 17 1.2 2.1 5.6 18.6 130 86 21.2 9
"30" "29" 2009-12-30 27.44 "CHA" "@" "TOR" "L" -4 1 43.9833333333333 0.558 0.538 21.8 26.1 24.6 7 1.2 0 22.9 18.4 103 112 11.9 -1.9
"31" "30" 2010-01-02 27.45 "CHA" "@" "MIA" "W" 10 1 45.4166666666667 0.473 0.273 3.5 19 12.3 10 0 5.9 11.2 20.6 100 111 11.9 -2.6
"32" "31" 2010-01-03 27.45 "CHA" "@" "CLE" "W" 3 1 42.1166666666667 0.703 0.55 3.7 39.2 21.7 0 2.9 2.2 27 23.9 105 103 14.9 0.4
"33" "32" 2010-01-05 27.45 "CHA" "" "CHI" "W" 5 1 44.7333333333333 0.768 0.688 3.4 22.6 13.8 7.6 1.1 3.2 4.6 22.6 147 108 28.7 7.2
"34" "33" 2010-01-07 27.46 "CHA" "@" "NYK" "L" -4 1 48 0.542 0.542 4.3 22.6 11.5 3.2 2.3 0 0 12 117 111 12.8 -2.9
"35" "34" 2010-01-09 27.47 "CHA" "" "MEM" "W" 2 1 43.3166666666667 0.551 0.533 5.4 15.5 10.6 4.6 1.2 4.6 5.8 17.9 110 90 14.3 3.1
"36" "35" 2010-01-12 27.47 "CHA" "" "HOU" "W" 8 1 48 0.333 0.2 5.4 14.6 10.3 8.1 2.3 1.9 22.8 17.6 71 108 3.6 -9.3
"37" "36" 2010-01-15 27.48 "CHA" "" "SAS" "W" 16 1 42.8333333333333 0.685 0.643 5.5 12.7 9.2 13.5 5.2 10.2 11.5 20.4 127 80 24.1 13
"38" "37" 2010-01-16 27.48 "CHA" "" "PHO" "W" 26 1 31.2 0.822 0.8 11.3 35 23.5 5.3 1.6 2.5 0 24.3 173 99 28.8 15.8
"39" "38" 2010-01-18 27.49 "CHA" "" "SAC" "W" 2 1 43.7833333333333 0.619 0.469 7.5 6.1 6.9 3.5 1.2 3.8 0 23 140 111 23.4 5.9
"40" "39" 2010-01-20 27.5 "CHA" "" "MIA" "W" 39 1 36.0166666666667 0.689 0.545 0 27.2 15.9 9.4 3 12.6 0 17.9 163 60 23.4 21.4
"41" "40" 2010-01-22 27.5 "CHA" "@" "ATL" "L" -14 1 44.4833333333333 0.705 0.708 3.6 15 9.8 13.9 1.3 1.7 14.5 22.5 125 120 19.6 5.5
"42" "41" 2010-01-23 27.5 "CHA" "" "ORL" "L" -11 1 49.3333333333333 0.353 0.227 0 25.6 11.3 0 1.1 2.2 13.6 14.5 67 108 4 -6.5
"43" "42" 2010-01-25 27.51 "CHA" "@" "DEN" "L" -11 1 45.5666666666667 0.765 0.8 3.1 17.1 10.4 7.9 0 3.8 7.1 14.9 139 117 18.5 5.4
"44" "43" 2010-01-26 27.51 "CHA" "@" "PHO" "W" 5 1 42.7333333333333 0.574 0.462 5.1 21.7 12.5 7.4 1.3 0 14.1 22.5 116 113 13.6 -1
"45" "44" 2010-01-29 27.52 "CHA" "@" "GSW" "W" 11 1 44.3166666666667 0.651 0.531 12 22.2 17.6 10 2.2 1.6 11.5 24.7 134 108 26.5 5.1
"46" "45" 2010-01-30 27.52 "CHA" "@" "SAC" "W" 7 1 44.8166666666667 0.772 0.722 2.7 23.3 13.9 8.2 2.2 3.3 10.9 27.4 140 97 33.7 12.5
"47" "46" 2010-02-01 27.53 "CHA" "@" "POR" "L" -19 1 39.2666666666667 0.629 0.55 9.9 25.2 17.2 6.1 2.9 0 12.9 19.9 122 112 15.7 5.1
"48" "" 2010-02-03 27.53 "CHA" "@" "LAL" "L" -2 NA NA NA NA NA NA NA NA NA NA NA NA NA NA NA NA
"49" "47" 2010-02-06 27.54 "CHA" "" "NOH" "L" -5 1 45 0.612 0.591 0 21.3 10.4 10.5 1.2 0 8 13.3 113 118 12.5 -1.8
"50" "48" 2010-02-09 27.55 "CHA" "" "WAS" "W" 2 1 48 0.485 0.429 5.6 24.4 16 10.3 1.2 3.2 5.4 18.9 106 102 15.8 1.6
"51" "49" 2010-02-10 27.55 "CHA" "@" "MIN" "W" 1 1 42.0833333333333 0.232 0.111 10.1 15.2 13 9.8 1.3 0 15.7 14.7 72 109 2.9 -10.6
"52" "50" 2010-02-16 27.57 "CHA" "" "NJN" "L" -9 1 36.25 0.585 0.5 11.5 21.5 16 10.7 1.4 5.9 5.3 23.6 125 109 19.7 6.4
"53" "51" 2010-02-19 27.58 "CHA" "" "CLE" "W" 17 1 40.8333333333333 0.715 0.682 0 19.6 11.2 14.3 0 0 0 14 153 107 16.1 5.3
"54" "52" 2010-02-20 27.58 "CHA" "@" "MIL" "L" -5 1 45.4833333333333 0.55 0.55 7.7 12.9 10.3 11.4 0 3.8 16.7 12.7 106 105 10.7 2.2
"55" "53" 2010-02-22 27.59 "CHA" "@" "LAC" "L" -4 1 48 0.733 0.647 7 23.1 14.6 20.8 4.5 0 0 21.1 157 105 35.6 14.5
"56" "54" 2010-02-24 27.59 "CHA" "@" "UTA" "L" -9 1 46.15 0.696 0.567 5.9 15.2 10.9 15.1 2.4 3.4 13.4 24.8 130 118 24.2 7.3
"57" "55" 2010-02-26 27.6 "CHA" "@" "MEM" "W" 4 1 45.7 0.506 0.444 5.5 16.6 11.1 6.2 1.2 0 28.8 14.2 85 104 5.7 -5.9
"58" "56" 2010-03-01 27.61 "CHA" "" "DAL" "L" -5 1 43.9833333333333 0.517 0.438 2.8 19.6 11.2 12.7 1.2 5.1 8.6 12.2 109 94 12.8 5.4
"59" "57" 2010-03-03 27.61 "CHA" "@" "BOS" "L" -24 1 30.8 0.405 0.333 9.9 4.5 7.6 14 1.8 2.8 23.3 19.6 77 116 3.4 -8.3
"60" "58" 2010-03-05 27.62 "CHA" "" "LAL" "W" 15 1 43.55 0.548 0.458 9.7 16.1 13.4 14 2.4 0 16.2 20.2 110 90 14.6 3
"61" "59" 2010-03-06 27.62 "CHA" "" "GSW" "W" 11 1 30.8333333333333 0.58 0.5 10.9 20.6 16.2 10.2 0 11.8 16.2 24.9 115 91 15.7 6.3
"62" "60" 2010-03-09 27.63 "CHA" "" "MIA" "W" 5 1 44.2333333333333 0.325 0.273 7.1 35.3 20.7 13.2 0 0 0 13.5 90 91 9.1 -1.5
"63" "61" 2010-03-10 27.63 "CHA" "@" "PHI" "W" 15 1 38.5 0.943 0.9 0 10.2 6.1 5.7 2.7 0 21.2 23.5 144 94 22.1 7.5
"64" "62" 2010-03-12 27.64 "CHA" "" "LAC" "W" 8 1 21.3166666666667 0.833 0.875 0 40.9 20.5 15.4 9.7 0 0 21.6 169 87 20.6 24.3
"65" "" 2010-03-14 27.64 "CHA" "@" "ORL" "W" 7 NA NA NA NA NA NA NA NA NA NA NA NA NA NA NA NA
"66" "" 2010-03-16 27.65 "CHA" "@" "IND" "L" -5 NA NA NA NA NA NA NA NA NA NA NA NA NA NA NA NA
"67" "" 2010-03-17 27.65 "CHA" "" "OKC" "W" 8 NA NA NA NA NA NA NA NA NA NA NA NA NA NA NA NA
"68" "63" 2010-03-19 27.65 "CHA" "@" "ATL" "L" -1 1 42.5333333333333 0.571 0.464 7.5 32.4 19.9 11.9 4.1 1.7 14.6 23.5 115 87 19.8 9.1
"69" "64" 2010-03-20 27.66 "CHA" "@" "MIA" "L" -6 1 44.2833333333333 0.483 0.333 7.2 11.3 9.3 0 2.5 0 24.4 21.8 81 91 7.2 -1.2
"70" "65" 2010-03-23 27.67 "CHA" "@" "WAS" "W" 9 1 48.3833333333333 0.423 0.324 6.1 35.8 20.2 7.2 3.5 0 13 21.3 97 81 13 2.5
"71" "66" 2010-03-24 27.67 "CHA" "" "MIN" "W" 13 1 36.9166666666667 0.603 0.594 0 13.3 6.7 15.6 5.4 5.7 17.3 27.8 107 90 19.1 6.8
"72" "67" 2010-03-26 27.67 "CHA" "" "WAS" "W" 11 1 32.4666666666667 0.786 0.708 4.8 25.5 14.8 10.1 3.3 2.9 17 25.3 135 102 19.9 8.2
"73" "68" 2010-03-29 27.68 "CHA" "" "TOR" "L" -2 1 44 0.507 0.467 0 23.6 12.6 13.4 0 0 0 19.3 106 119 12.6 -4.2
"74" "69" 2010-03-31 27.69 "CHA" "" "PHI" "W" 19 1 40.9166666666667 0.779 0.818 2.8 31.5 17 13.7 3.7 0 11.5 19.2 139 82 24.6 11.1
"75" "70" 2010-04-02 27.69 "CHA" "" "MIL" "W" 1 1 44.75 0.363 0.333 11 17.6 14.5 12.9 0 3.7 36.8 11.8 71 97 4.4 -5.3
"76" "71" 2010-04-03 27.7 "CHA" "@" "CHI" "L" -8 1 36.4666666666667 0.504 0.462 5.7 9 7.3 0 0 0 6.7 20 100 116 7.8 -5.8
"77" "72" 2010-04-06 27.7 "CHA" "" "ATL" "W" 9 1 40.7166666666667 0.651 0.556 3.5 17.3 10.4 4.7 0 0 0 26.1 145 124 21.5 0.1
"78" "73" 2010-04-07 27.71 "CHA" "@" "NOH" "W" 1 1 29.1666666666667 0.463 0.333 4.7 20.6 13.2 10.1 1.8 0 31.6 19.5 78 110 4 -7.5
"79" "74" 2010-04-09 27.71 "CHA" "@" "HOU" "L" -7 1 37.3 0.386 0.364 9.4 18.4 14 5.7 1.4 0 14.6 34 77 107 6.2 -9.4
"80" "75" 2010-04-10 27.72 "CHA" "" "DET" "W" 4 1 33.4166666666667 0.601 0.556 0 13.7 8.3 20.7 0 5 14.7 21.4 113 113 11.9 1.1
"81" "" 2010-04-12 27.72 "CHA" "@" "NJN" "W" 10 NA NA NA NA NA NA NA NA NA NA NA NA NA NA NA NA
"82" "76" 2010-04-14 27.73 "CHA" "" "CHI" "L" -9 1 24 0.677 0.5 5.4 0 2.7 0 4.4 3.4 26.5 28.9 103 111 10.4 0.5
"1" "1" 2010-10-27 28.26 "CHA" "@" "DAL" "L" -15 1 43.2333333333333 0.481 0.357 2.6 25.4 13 14.2 3.6 0 23.1 23.2 82 105 9.8 -3.1
"2" "2" 2010-10-29 28.27 "CHA" "" "IND" "L" -3 1 40.85 0.693 0.654 2.9 15.1 8.9 10.9 1.3 2.3 16.1 27.4 124 116 21.6 6.4
"3" "3" 2010-10-30 28.27 "CHA" "@" "MIL" "L" -10 1 42.6833333333333 0.473 0.333 0 9.1 5 4.2 0 0 34 21.5 66 122 -0.5 -13
"4" "4" 2010-11-03 28.28 "CHA" "@" "NJN" "W" 2 1 35.3166666666667 0.689 0.545 10.5 28.6 19.4 5.9 0 0 17.1 24.3 124 98 16.1 3.1
"5" "5" 2010-11-05 28.29 "CHA" "@" "DET" "L" -7 1 36.9833333333333 0.658 0.667 0 16.6 9.4 17.8 1.5 2.1 23.3 17.8 107 113 11.3 -0.7
"6" "6" 2010-11-06 28.29 "CHA" "" "ORL" "L" -3 1 42.6333333333333 0.746 0.733 0 35.8 20.5 8.7 0 0 0 19.7 143 101 23.3 12
"7" "7" 2010-11-08 28.3 "CHA" "" "SAS" "L" -4 1 32.2166666666667 0.295 0.227 0 10.9 5.1 0 3.4 5.1 7.8 18 65 105 3.4 -4.8
"8" "8" 2010-11-10 28.3 "CHA" "@" "TOR" "W" 5 1 43.6333333333333 0.516 0.429 6.9 31.4 20.8 20.1 1.2 6.2 9.8 22.5 112 99 19.1 1.9
"9" "9" 2010-11-12 28.31 "CHA" "@" "WAS" "W" 8 1 40.3833333333333 0.675 0.633 21.6 21.1 21.3 5.1 2.8 3.7 5.1 22.8 150 93 25.4 11.1
"10" "10" 2010-11-13 28.31 "CHA" "" "UTA" "L" -1 1 38.8333333333333 0.477 0.455 2.9 21.1 11.9 12.3 2.9 3.8 0 17.3 114 107 13.2 3.3
"11" "11" 2010-11-15 28.32 "CHA" "" "MIN" "W" 3 1 40.1 0.708 0.45 0 10.4 5.8 18 2.4 1.6 14 24 136 110 21.8 4
"12" "12" 2010-11-19 28.33 "CHA" "@" "MIA" "L" -8 1 32.2166666666667 0.304 0.222 4.1 25.9 16.4 9.9 1.6 0 28.8 21.8 54 101 -0.4 -12
"13" "13" 2010-11-20 28.33 "CHA" "" "PHO" "W" 18 1 23.65 0.568 0.545 5.8 15.2 10.8 10.7 0 0 24.5 30.3 90 113 5.7 -11.9
"14" "14" 2010-11-23 28.34 "CHA" "@" "NYK" "L" -3 1 40.6166666666667 0.567 0.533 11.5 14.8 13 10.3 1.2 2.5 18.5 22.1 109 116 14.5 -1.1
"15" "15" 2010-11-24 28.34 "CHA" "" "NYK" "L" -4 1 40.05 0.4 0.4 5 19.4 11.3 14 2.7 4.8 23.1 14.1 82 107 7.8 -3.3
"16" "16" 2010-11-26 28.35 "CHA" "" "HOU" "W" 10 1 38.6333333333333 0.428 0.333 2.9 35.9 19.8 15.8 4 4.9 10.9 32.6 88 83 15.5 2.6
"17" "17" 2010-11-27 28.35 "CHA" "@" "MIL" "L" -3 1 42.4833333333333 0.612 0.5 0 15.3 8.2 17.9 0 0 16.2 20.9 114 121 12.3 -0.8
"18" "18" 2010-12-01 28.36 "CHA" "@" "NOH" "L" -16 1 41.65 0.575 0.5 0 14.1 7.2 0 2.7 0 6 20.8 110 104 13 4.3
"19" "19" 2010-12-03 28.36 "CHA" "" "NJN" "W" 7 1 40.7333333333333 0.381 0.393 7.2 23.2 15.4 0 0 9.9 20.2 21.1 67 76 5.6 -3
"20" "20" 2010-12-04 28.37 "CHA" "@" "PHI" "L" -18 1 36.6333333333333 0.34 0.3 0 17.7 8.7 4.5 1.5 0 7.8 16.8 73 126 2.4 -9.9
"21" "21" 2010-12-07 28.38 "CHA" "" "DEN" "W" 2 1 40.9333333333333 0.458 0.441 3.6 26.8 15.5 19 2.5 0 8.4 26.7 100 103 14.3 1.2
"22" "22" 2010-12-10 28.38 "CHA" "@" "IND" "L" -8 1 37.1333333333333 0.501 0.477 10.8 26.4 18.3 0 0 2.4 7.2 31.7 105 106 16.4 0.9
"23" "23" 2010-12-11 28.39 "CHA" "" "BOS" "L" -31 1 36.7666666666667 0.255 0.167 5.4 13.7 9.1 30.5 4.4 2.6 18.5 27.7 56 101 2.3 -3
"24" "24" 2010-12-14 28.39 "CHA" "" "TOR" "W" 6 1 44.6833333333333 0.702 0.714 0 8.3 5 9.6 2.4 6.8 14.9 14 125 101 17.2 4
"25" "" 2010-12-15 28.4 "CHA" "@" "MEM" "L" -33 NA NA NA NA NA NA NA NA NA NA NA NA NA NA NA NA
"26" "" 2010-12-17 28.4 "CHA" "@" "ATL" "L" -5 NA NA NA NA NA NA NA NA NA NA NA NA NA NA NA NA
"27" "" 2010-12-20 28.41 "CHA" "@" "WAS" "L" -33 NA NA NA NA NA NA NA NA NA NA NA NA NA NA NA NA
"28" "" 2010-12-21 28.41 "CHA" "" "OKC" "L" -18 NA NA NA NA NA NA NA NA NA NA NA NA NA NA NA NA
"29" "" 2010-12-27 28.43 "CHA" "" "DET" "W" 5 NA NA NA NA NA NA NA NA NA NA NA NA NA NA NA NA
"30" "25" 2010-12-29 28.44 "CHA" "" "CLE" "W" 9 1 43.4833333333333 0.379 0.364 13.5 14.5 14 7.5 1.3 1.9 14.4 15 94 106 7 -6.2
"31" "26" 2010-12-31 28.44 "CHA" "" "GSW" "L" -1 1 36.8666666666667 0.515 0.433 7.8 16.7 11.7 0 1.5 0 9.3 25.7 110 111 12.1 -1.5
"32" "" 2011-01-03 28.45 "CHA" "" "MIA" "L" -14 NA NA NA NA NA NA NA NA NA NA NA NA NA NA NA NA
"33" "" 2011-01-05 28.45 "CHA" "@" "MIN" "W" 3 NA NA NA NA NA NA NA NA NA NA NA NA NA NA NA NA
"34" "" 2011-01-08 28.46 "CHA" "" "WAS" "W" 15 NA NA NA NA NA NA NA NA NA NA NA NA NA NA NA NA
"35" "" 2011-01-10 28.47 "CHA" "" "MEM" "W" 14 NA NA NA NA NA NA NA NA NA NA NA NA NA NA NA NA
"36" "27" 2011-01-12 28.47 "CHA" "" "CHI" "W" 5 1 40.8666666666667 0.589 0.545 0 24.2 10.5 0 1.3 4 0 14 116 100 12.8 3.8
"37" "28" 2011-01-14 28.48 "CHA" "@" "BOS" "L" -5 1 41.0166666666667 0.61 0.5 3 18.3 9.9 0 0 0 10.9 21.5 120 120 12.2 -1.8
"38" "29" 2011-01-15 28.48 "CHA" "" "NOH" "L" -7 1 41.85 0.493 0.385 0 9.6 4.5 0 0 0 16.5 21.9 86 111 5 -7.9
"39" "30" 2011-01-17 28.49 "CHA" "@" "PHI" "L" -4 1 39.7333333333333 0.661 0.714 2.1 12.8 7 9.3 0 0 10.7 10.3 118 101 8.7 0.6
"40" "31" 2011-01-18 28.49 "CHA" "@" "CHI" "W" 1 1 40.7833333333333 0.424 0.357 13.4 30.1 21.6 16.2 0 1.8 6.1 18.7 105 95 13.7 3.4
"41" "32" 2011-01-20 28.5 "CHA" "" "PHI" "W" 3 1 36.8666666666667 0.381 0.286 0 9.1 4.6 7.4 1.5 0 11.3 11.7 81 112 4.2 -5.5
"42" "33" 2011-01-22 28.5 "CHA" "" "ATL" "L" -16 1 36.5 0.325 0.222 0 33.9 14.8 15.8 1.6 0 0 15.7 87 121 6.9 -6.2
"43" "34" 2011-01-25 28.51 "CHA" "@" "SAC" "W" 5 1 41.6666666666667 0.579 0.5 3 10.5 7.4 4.6 3.8 0 19.6 22.9 101 95 12.5 1.8
"44" "35" 2011-01-26 28.51 "CHA" "@" "PHO" "W" 7 1 41.8166666666667 0.666 0.615 12.8 15.7 14.3 11.2 1.4 0 5.7 20.2 146 126 21.6 2.4
"45" "36" 2011-01-28 28.52 "CHA" "@" "GSW" "W" 8 1 39.1333333333333 0.5 0.5 2.7 13.5 7.5 19.4 2.7 4.3 22.2 10.2 109 114 9.6 0.7
"46" "37" 2011-01-29 28.52 "CHA" "@" "LAC" "L" -15 1 26.9833333333333 0.4 0.286 4.7 11.6 8.5 7 4.1 6.2 18.6 18.3 81 107 6.2 -0.4
"47" "38" 2011-01-31 28.53 "CHA" "@" "UTA" "L" -5 1 39.45 0.4 0.286 0 20.3 8.6 5.2 1.4 3.6 18.6 13.4 71 91 3.8 -4
"48" "39" 2011-02-02 28.53 "CHA" "@" "DET" "W" 10 1 37.7666666666667 0.563 0.5 0 26 15.1 11.9 2.9 0 10.1 12.9 113 94 11.4 3.1
"49" "40" 2011-02-04 28.54 "CHA" "" "MIA" "L" -12 1 42.65 0.59 0.553 11.8 21.8 16.3 9.1 0 1.9 12.4 27.5 115 130 16.6 0.2
"50" "41" 2011-02-05 28.54 "CHA" "" "DAL" "L" -9 1 40.9333333333333 0.409 0.4 5.2 27.1 15.4 9 1.4 1.8 11.2 19.7 88 114 9.3 -4.5
"51" "42" 2011-02-07 28.55 "CHA" "" "BOS" "W" 5 1 41.2166666666667 0.487 0.406 8.1 34.4 21.4 9 1.2 1.9 9.3 23.2 103 92 16.1 3.3
"52" "43" 2011-02-09 28.55 "CHA" "@" "IND" "L" -1 1 42.6833333333333 0.624 0.6 8.2 16.5 12.3 24.2 2.5 1.6 0 18.6 147 112 23.5 10.5
"53" "44" 2011-02-11 28.56 "CHA" "" "NJN" "L" -5 1 40.5666666666667 0.674 0.6 5.9 16.6 11.8 16.2 1.3 3.3 0 17.9 146 100 21.8 10.8
"54" "45" 2011-02-12 28.56 "CHA" "@" "ATL" "W" 2 1 41.9166666666667 0.533 0.533 2.8 32 17.7 30.7 2.7 1.9 11.8 20 105 93 16.6 8.5
"55" "46" 2011-02-14 28.56 "CHA" "" "LAL" "W" 20 1 31.9166666666667 0.592 0.625 7.3 35.6 20.9 0 1.8 0 0 25.6 120 97 16.3 4.7
"56" "47" 2011-02-15 28.57 "CHA" "@" "CHI" "L" -12 1 37.8166666666667 0.333 0.333 0 24.8 13.7 13 4.3 2 10 13.2 72 110 6.9 -1.6
"57" "48" 2011-02-22 28.59 "CHA" "" "TOR" "W" 13 1 34.5 0.794 0.5 0 22 10.2 8.2 1.5 2 7.4 17.4 161 106 19.7 5.8
"58" "" 2011-02-25 28.59 "POR" "" "DEN" "W" 1 NA NA NA NA NA NA NA NA NA NA NA NA NA NA NA NA
"59" "49" 2011-02-27 28.6 "POR" "" "ATL" "L" -7 0 28.6166666666667 0.375 0.375 10.5 9.6 10.1 6.6 3.9 3.5 7.7 20.7 87 102 6.5 1.2
"60" "50" 2011-03-01 28.61 "POR" "" "HOU" "L" -16 0 33.8166666666667 0.589 0.591 3.5 45.6 20.6 17.1 4.9 0 29.6 24.5 85 108 10.2 3.6
"61" "51" 2011-03-02 28.61 "POR" "@" "SAC" "W" 5 0 32.7 0.505 0.5 7.2 13.3 9.9 13.5 1.6 2.3 7.8 17.5 114 114 10.2 0.3
"62" "52" 2011-03-05 28.62 "POR" "" "CHA" "W" 24 0 26.95 0.363 0.143 0 30.5 14.4 0 6.6 3.1 0 18.3 86 71 6.8 0.4
"63" "53" 2011-03-07 28.62 "POR" "@" "ORL" "W" 4 0 33.25 0.379 0.364 11.1 28.1 19.2 9.9 1.7 2.9 14.4 21 83 96 7 -2.5
"64" "54" 2011-03-08 28.62 "POR" "@" "MIA" "W" 9 0 34.5166666666667 0.661 0.607 3.8 39.7 19.3 4.8 3.3 2.8 0 24 146 108 20.3 10.7
"65" "55" 2011-03-11 28.63 "POR" "@" "CHA" "L" -5 0 30.7 0.666 0.688 3.7 32.1 17.4 0 1.7 4.8 33.9 22.2 81 100 6.3 -3.9
"66" "56" 2011-03-12 28.64 "POR" "@" "ATL" "L" -9 0 32.3166666666667 0.37 0.3 3.6 49.5 24.1 11.6 1.7 2.4 37.2 15.4 58 98 3 -6.1
"67" "57" 2011-03-15 28.64 "POR" "" "DAL" "W" 3 1 35.5333333333333 0.5 0.5 6.4 16.2 10.1 3.9 3.3 0 27.3 14.6 86 122 5.6 -5.8
"68" "58" 2011-03-17 28.65 "POR" "" "CLE" "W" 41 1 33.1333333333333 0.589 0.571 3.9 19.6 11.7 26 3.5 6.6 0 20.8 149 77 19.8 15.3
"69" "59" 2011-03-19 28.65 "POR" "" "PHI" "W" 9 1 40.7666666666667 0.805 0.75 0 18.6 9.7 34.2 5.5 0 11.4 21.5 153 109 28.4 16.8
"70" "60" 2011-03-20 28.66 "POR" "@" "LAL" "L" -4 1 33.3833333333333 0.507 0.5 10 19.4 14.4 5.5 3.5 0 18.4 15.2 97 99 7.7 -1.3
"71" "61" 2011-03-22 28.66 "POR" "" "WAS" "W" 35 1 32.5 0.761 0.714 20 11.1 15.3 17.6 6.2 2.4 14 27.8 142 75 29.6 19.8
"72" "62" 2011-03-25 28.67 "POR" "" "SAS" "W" 2 1 37.65 0.583 0.583 6.1 29.1 16.6 7.9 4.2 0 29.4 20.4 91 100 10.8 2.2
"73" "63" 2011-03-27 28.68 "POR" "@" "OKC" "L" -9 1 45.1333333333333 0.626 0.589 8 10.6 9.3 0 1.2 2.1 0 33.5 137 117 30.2 13.6
"74" "64" 2011-03-28 28.68 "POR" "@" "SAS" "W" 8 1 37.9833333333333 0.489 0.462 7.4 15 11.6 9.1 2.9 2.3 6.5 20.7 108 102 11.3 1.9
"75" "65" 2011-03-30 28.68 "POR" "@" "NOH" "L" -4 1 38.1 0.618 0.55 7.2 25.8 17 12.3 0 2.2 15 18.2 123 116 12.4 4
"76" "66" 2011-04-01 28.69 "POR" "" "OKC" "W" 7 1 42.2166666666667 0.509 0.409 2.6 14.2 8.2 11.6 2.8 0 19 18.9 95 109 8.2 -3.9
"77" "67" 2011-04-03 28.7 "POR" "" "DAL" "W" 8 1 36.6333333333333 0.808 0.85 0 31.8 16.1 13.8 4.4 0 20.3 20.4 125 102 17.3 8.4
"78" "68" 2011-04-05 28.7 "POR" "" "GSW" "L" -21 1 36.7 0.506 0.444 5.4 3.4 4.5 9.1 4.6 0 16.8 15.6 99 125 8.6 -2.8
"79" "69" 2011-04-07 28.71 "POR" "@" "UTA" "W" 11 1 43.4833333333333 0.718 0.667 8.3 13.1 10.8 8.8 1.4 2 0 22.9 158 108 25.1 13
"80" "70" 2011-04-08 28.71 "POR" "" "LAL" "W" 7 1 39.9333333333333 0.579 0.5 3.2 26.2 16.8 29 1.4 0 19.6 25.9 105 90 16 4.8
"81" "71" 2011-04-12 28.72 "POR" "" "MEM" "W" 13 1 34.9666666666667 0.568 0.5 0 13.7 6.8 9.4 3.3 0 24.5 22.4 92 104 6.9 -6.4
"82" "" 2011-04-13 28.72 "POR" "@" "GSW" "L" -24 NA NA NA NA NA NA NA NA NA NA NA NA NA NA NA NA
"1" "1" 2011-12-26 29.43 "POR" "" "PHI" "W" 4 1 32.65 0.691 0.654 13.4 14 13.6 5.2 2.9 0 20.8 23.7 116 103 16.9 4.1
"2" "2" 2011-12-27 29.43 "POR" "" "SAC" "W" 22 1 35.9666666666667 0.836 0.773 3.1 21.7 12.4 24.4 0 4 6.3 19.8 167 87 25.2 16.7
"3" "3" 2011-12-29 29.44 "POR" "" "DEN" "W" 9 1 38.2333333333333 0.781 0.714 0 16.4 9.4 3.6 0 1.9 26.5 12.5 114 101 9.1 0.6
"4" "4" 2012-01-01 29.44 "POR" "@" "LAC" "L" -5 1 29.5666666666667 0 0 3.8 23.8 13.5 0 5.1 0 28.6 10.5 9 89 -1.6 -8.4
"5" "5" 2012-01-03 29.45 "POR" "@" "OKC" "W" 10 1 32.9666666666667 0.412 0.321 7.1 25.9 16.9 10.3 0 0 0 22.8 105 105 9.2 -2.9
"6" "6" 2012-01-05 29.45 "POR" "" "LAL" "W" 11 1 37.5333333333333 0.702 0.711 5.8 9.1 7.4 0 2.8 0 4.3 28.3 135 106 23.8 9.5
"7" "7" 2012-01-06 29.46 "POR" "@" "PHO" "L" -25 1 22.6166666666667 0.073 0 0 11.2 5 8.5 0 0 36.8 21.1 14 118 -7.1 -23.9
"8" "8" 2012-01-08 29.46 "POR" "" "CLE" "W" 20 1 33.6666666666667 0.576 0.577 0 19.9 9.7 20.4 4.2 2.6 6.7 18.6 111 74 16.2 9.4
"9" "9" 2012-01-10 29.47 "POR" "" "LAC" "W" 8 1 35.7166666666667 0.727 0.75 0 13.4 7.4 20.5 1.5 0 12.7 21.8 128 110 14.6 5
"10" "10" 2012-01-11 29.47 "POR" "" "ORL" "L" -3 1 37.3166666666667 0.582 0.542 3 12.4 7 19.3 4.3 0 13.4 19.4 114 114 14.7 5
"11" "11" 2012-01-13 29.48 "POR" "@" "SAS" "L" -16 1 40.3833333333333 0.455 0.409 4.9 32.1 16.6 20.3 4.9 2.1 23.3 18.9 84 96 12.5 2.4
"12" "12" 2012-01-14 29.48 "POR" "@" "HOU" "L" -2 1 34.95 0.363 0.333 8.7 15.8 12.1 9.8 1.6 0 17.9 21.8 78 111 4.2 -9.5
"13" "13" 2012-01-16 29.48 "POR" "@" "NOH" "W" 7 1 31.9 0.513 0.5 4.2 22 13.7 17 1.7 0 0 21.5 110 86 11.9 5.9
"14" "14" 2012-01-18 29.49 "POR" "@" "ATL" "L" -3 1 43.4833333333333 0.311 0.333 4 23.4 11.3 0 0 3.7 18.9 16 56 103 1.5 -10.2
"15" "15" 2012-01-20 29.5 "POR" "@" "TOR" "W" 10 1 33.9833333333333 0.368 0.3 6.4 22.2 14.9 14.7 1.5 2.1 8.4 14.8 94 86 8 1.1
"16" "" 2012-01-21 29.5 "POR" "@" "DET" "L" -3 NA NA NA NA NA NA NA NA NA NA NA NA NA NA NA NA
"17" "16" 2012-01-23 29.5 "POR" "" "SAC" "W" 12 1 34.8833333333333 0.751 0.792 6.3 18.3 12.4 9.6 3 2.2 18.4 19.7 124 92 17.1 9.6
"18" "17" 2012-01-24 29.51 "POR" "" "MEM" "W" 13 1 31.8333333333333 0.509 0.5 3.9 30.2 18.6 5.7 3.2 0 22.5 12.4 88 83 7.2 1
"19" "18" 2012-01-25 29.51 "POR" "@" "GSW" "L" -8 1 32.25 0.318 0.333 8 16.5 12.2 15.1 1.7 0 9.6 15 84 115 4.4 -6.6
"20" "19" 2012-01-27 29.52 "POR" "" "PHO" "W" 38 1 27.7666666666667 0.666 0.591 0 3.3 1.7 0 5.3 2.7 0 19.5 139 69 14.9 9.3
"21" "20" 2012-01-30 29.52 "POR" "@" "UTA" "L" -4 1 39.8666666666667 0.571 0.571 6.3 16.9 12.3 15 1.3 1.7 11.3 10.8 119 101 10.7 1.7
"22" "21" 2012-02-01 29.53 "POR" "" "CHA" "W" 44 1 28.2 0.64 0.536 0 17.4 10.4 10.6 5.3 2.4 5.3 30.5 128 68 21.2 9.5
"23" "22" 2012-02-02 29.53 "POR" "@" "SAC" "L" -3 1 39.9666666666667 0.538 0.571 0 9.2 4.3 6.8 2.6 0 28.7 11.6 78 107 4 -7.6
"24" "23" 2012-02-04 29.54 "POR" "" "DEN" "W" 20 1 33.2666666666667 0.5 0.5 3.6 13.4 8.7 16.8 1.5 0 5.6 24.7 110 107 11.4 -3.4
"25" "24" 2012-02-06 29.54 "POR" "" "OKC" "L" -4 1 37.9666666666667 0.222 0.222 2.5 13.3 7.1 14.6 1.4 0 18.2 12.7 60 111 0.2 -9.1
"26" "25" 2012-02-08 29.55 "POR" "" "HOU" "L" -7 1 40.6333333333333 0.812 0.773 6.6 25.8 15.6 23.1 1.2 0 24.5 18.8 127 109 18.3 5.4
"27" "26" 2012-02-10 29.55 "POR" "@" "NOH" "W" 8 1 41.3166666666667 0.651 0.667 3.7 14.9 10 4.1 0 5.9 21.8 16.8 100 104 10.5 -1.7
"28" "27" 2012-02-11 29.56 "POR" "@" "DAL" "L" -3 1 49.7166666666667 0.868 0.75 4 21.2 11.3 3.6 4.4 1.8 25.8 7.5 136 86 13.6 5
"29" "28" 2012-02-14 29.56 "POR" "" "WAS" "L" -15 1 43.3 0.648 0.5 2.6 10.7 6 27.5 2.4 0 9.4 21.9 137 136 24 5.2
"30" "29" 2012-02-15 29.57 "POR" "@" "GSW" "W" 2 1 38.55 0.726 0.615 8.7 10.1 9.3 0 2.9 2.2 15.4 23 130 104 18.8 8.4
"31" "30" 2012-02-16 29.57 "POR" "" "LAC" "L" -3 1 42.8833333333333 0.4 0.286 0 8.2 4.1 18.1 0 0 0 10.3 102 96 5 -1.2
"32" "31" 2012-02-18 29.58 "POR" "" "ATL" "W" 20 1 33.7666666666667 0.514 0.357 0 18.2 9.2 12.1 1.7 0 18.6 15.1 108 95 7.5 0.3
"33" "32" 2012-02-20 29.58 "POR" "@" "LAL" "L" -11 1 35.2833333333333 0.4 0.357 0 3.3 1.5 13.9 3 0 10.2 12.8 87 116 5.1 -4.2
"34" "33" 2012-02-21 29.58 "POR" "" "SAS" "W" 40 1 31.9333333333333 0.752 0.65 15.5 20.6 18.8 21.5 0 7 19.2 22.3 144 97 21.5 10.2
"35" "34" 2012-02-29 29.61 "POR" "@" "DEN" "L" -9 1 35.2666666666667 0.286 0.286 3.1 5.9 4.5 19.3 3.1 1.9 22.2 11.7 76 117 5 -3.1
"36" "35" 2012-03-01 29.61 "POR" "" "MIA" "L" -14 1 36.2333333333333 0.558 0.5 3.6 6.6 5.2 8.6 0 0 21.8 18.2 95 126 5.4 -5.9
"37" "36" 2012-03-03 29.61 "POR" "" "MIN" "L" -12 1 43.5166666666667 0.609 0.559 11.3 29.8 20.3 11 6 0 4.6 22.3 137 121 25.8 8.2
"38" "37" 2012-03-05 29.62 "POR" "" "NOH" "W" 12 1 32.4166666666667 0.564 0.313 4 10.3 7.4 5.3 1.8 0 8 19.8 119 91 9.7 1.2
"39" "38" 2012-03-07 29.62 "POR" "@" "MIN" "L" -12 1 44.9333333333333 0.542 0.542 9.7 13.4 11.4 25.6 1.2 1.9 0 12.4 139 124 18.9 7.7
"40" "39" 2012-03-09 29.63 "POR" "@" "BOS" "L" -18 1 23.7 0.143 0.143 10.4 8.8 9.5 7 2.2 0 41.7 22.1 31 114 -5 -18.4
"41" "40" 2012-03-10 29.63 "POR" "@" "WAS" "W" 11 1 41.95 0.528 0.417 6.4 15.6 11.4 6.7 0 3.5 0 16.8 127 114 13.8 -0.5
"42" "41" 2012-03-13 29.64 "POR" "@" "IND" "L" -17 1 27.1 0.434 0.25 0 25.9 12.1 0 4 2.5 34.2 16.2 58 93 2.9 -3.2
"43" "42" 2012-03-14 29.64 "POR" "@" "NYK" "L" -42 1 33.2333333333333 0.545 0.5 15.4 30.6 21.7 22.4 1.6 0 22.5 23.7 101 130 13.3 0.6
"44" "" 2012-03-16 29.65 "NJN" "@" "ORL" "L" -16 NA NA NA NA NA NA NA NA NA NA NA NA NA NA NA NA
"45" "43" 2012-03-17 29.65 "NJN" "" "NOH" "L" -8 1 36.8 0.511 0.389 2.9 7.2 4.8 12.2 0 6 21.8 17.1 97 121 7.6 -4.5
"46" "44" 2012-03-19 29.66 "NJN" "" "CLE" "L" -5 1 39.9666666666667 0.717 0.607 2.7 27.5 15.7 4.9 0 1.6 5 22.3 145 110 22.8 6.3
"47" "45" 2012-03-21 29.66 "NJN" "" "WAS" "L" -19 1 37.2833333333333 0.382 0.382 5.4 3 4.2 5.2 1.4 0 0 19.9 97 124 4.9 -5.9
"48" "46" 2012-03-23 29.67 "NJN" "@" "ATL" "L" -9 1 42.4333333333333 0.286 0.286 2.5 23.8 12.3 23.7 0 0 6.7 16.9 79 110 4.5 -3.7
"49" "47" 2012-03-24 29.67 "NJN" "" "CHA" "W" 13 1 35.4333333333333 0.493 0.423 0 25 10.9 8.4 4.3 0 0 18.4 116 89 12.8 3.1
"50" "48" 2012-03-26 29.68 "NJN" "" "UTA" "L" -21 1 35.4333333333333 0.482 0.364 2.6 6.8 4.4 11.5 1.5 2 12.1 19.9 98 114 9.1 -1.2
"51" "49" 2012-03-28 29.68 "NJN" "" "IND" "W" 16 1 34.8833333333333 0.315 0.267 6.9 13.1 10.1 19.9 4.8 2.4 20.1 26.9 75 92 5.3 -6.8
"52" "50" 2012-03-30 29.69 "NJN" "@" "GSW" "W" 2 1 43.9166666666667 0.601 0.5 21.9 30.4 25.9 20 7.1 1.8 16.7 23.6 123 97 29.6 11.4
"53" "51" 2012-03-31 29.69 "NJN" "@" "SAC" "W" 12 1 35.8333333333333 0.75 0.75 0 17.1 8.6 12.4 2.7 1.8 7.7 14.5 142 97 17.6 7.1
"54" "52" 2012-04-03 29.7 "NJN" "@" "LAL" "L" -4 1 42.2833333333333 0.644 0.615 0 8.7 3.9 21.8 1.3 0 0 17.2 136 109 16.9 5.5
"55" "53" 2012-04-04 29.7 "NJN" "@" "POR" "L" -13 1 31.7833333333333 0.311 0.25 9.1 22.1 14.9 16.5 4.9 0 7.2 19 83 100 8 0
"56" "54" 2012-04-06 29.71 "NJN" "" "WAS" "W" 12 1 34.6333333333333 0.883 0.833 4.1 13.2 9.1 11.3 1.6 3.8 8.5 15.9 167 109 20.1 11.3
"57" "55" 2012-04-08 29.71 "NJN" "" "CLE" "W" 5 1 17.3 0.478 0.333 12 6.1 9.1 8.1 6 0 12 20.4 113 110 6.6 -0.2
"58" "" 2012-04-10 29.72 "NJN" "" "PHI" "L" -19 NA NA NA NA NA NA NA NA NA NA NA NA NA NA NA NA
"59" "" 2012-04-13 29.73 "NJN" "@" "PHI" "W" 6 NA NA NA NA NA NA NA NA NA NA NA NA NA NA NA NA
"60" "" 2012-04-14 29.73 "NJN" "" "BOS" "L" -12 NA NA NA NA NA NA NA NA NA NA NA NA NA NA NA NA
"61" "" 2012-04-16 29.73 "NJN" "" "MIA" "L" -3 NA NA NA NA NA NA NA NA NA NA NA NA NA NA NA NA
"62" "56" 2012-04-18 29.74 "NJN" "" "NYK" "L" -9 1 31.3833333333333 0.599 0.536 3.7 13.9 9 6.3 0 0 14.6 30.6 108 116 10.8 -2.6
"63" "57" 2012-04-21 29.75 "NJN" "@" "MIL" "L" -11 1 34.5833333333333 0.654 0.625 3.2 29.5 16.8 18.3 0 0 12.7 20.3 121 107 15.7 4.8
"64" "58" 2012-04-23 29.75 "NJN" "" "PHI" "L" -18 1 38.8833333333333 0.367 0.367 0 21.2 10.9 19.9 0 1.9 16.7 23.6 72 123 4.4 -6.5
"65" "" 2012-04-26 29.76 "NJN" "@" "TOR" "L" -31 NA NA NA NA NA NA NA NA NA NA NA NA NA NA NA NA
"1" "1" 2012-11-03 30.28 "BRK" "" "TOR" "W" 7 1 30 0.563 0.563 0 22.9 12.3 20.9 3.3 0 18.4 15.2 104 98 9 4.1
"2" "" 2012-11-05 30.29 "BRK" "" "MIN" "L" -11 NA NA NA NA NA NA NA NA NA NA NA NA NA NA NA NA
"3" "" 2012-11-07 30.29 "BRK" "@" "MIA" "L" -30 NA NA NA NA NA NA NA NA NA NA NA NA NA NA NA NA
"4" "" 2012-11-09 30.3 "BRK" "@" "ORL" "W" 39 NA NA NA NA NA NA NA NA NA NA NA NA NA NA NA NA
"5" "" 2012-11-11 30.3 "BRK" "" "ORL" "W" 8 NA NA NA NA NA NA NA NA NA NA NA NA NA NA NA NA
"6" "" 2012-11-13 30.31 "BRK" "" "CLE" "W" 13 NA NA NA NA NA NA NA NA NA NA NA NA NA NA NA NA
"7" "" 2012-11-15 30.32 "BRK" "" "BOS" "W" 5 NA NA NA NA NA NA NA NA NA NA NA NA NA NA NA NA
"8" "2" 2012-11-18 30.32 "BRK" "@" "SAC" "W" 9 1 24.5 0.667 0.667 0 4.8 2.6 18.3 2.2 0 57.1 14.3 66 106 1.3 -6.9
"9" "3" 2012-11-20 30.33 "BRK" "@" "LAL" "L" -5 1 29.1666666666667 0.4 0.286 6.7 12.3 9.2 10.7 9.2 9.5 18.6 17 85 84 9.7 8.5
"10" "" 2012-11-21 30.33 "BRK" "@" "GSW" "L" -9 NA NA NA NA NA NA NA NA NA NA NA NA NA NA NA NA
"11" "4" 2012-11-23 30.34 "BRK" "" "LAC" "W" 10 1 37.7333333333333 0.515 0.583 3.3 9.3 6.4 12.6 3.1 0 20.5 12.9 94 92 6.7 3.7
"12" "5" 2012-11-25 30.34 "BRK" "" "POR" "W" 13 1 27.1666666666667 0.125 0.125 0 4.4 2.2 0 2 0 0 12.5 36 102 -2.3 -15.9
"13" "6" 2012-11-26 30.35 "BRK" "" "NYK" "W" 7 1 41.8666666666667 0.542 0.538 2.5 10.3 6.3 8.6 2.8 4 0 16.8 125 96 13.6 7.8
"14" "7" 2012-11-28 30.35 "BRK" "@" "BOS" "W" 12 1 17.55 0.25 0.25 5.6 6.7 6.1 29.8 9 0 16.7 30.2 65 81 2.1 -2
"15" "8" 2012-11-30 30.36 "BRK" "@" "ORL" "W" 12 1 32.45 1.012 1.056 0 15.6 7.7 16.1 0 2.2 0 15.3 199 105 19.7 18
"16" "9" 2012-12-01 30.36 "BRK" "@" "MIA" "L" -13 1 37.6666666666667 0.509 0.5 3.5 27.6 15.7 9.6 1.4 0 23.9 20.4 83 113 6.4 -3.5
"17" "10" 2012-12-04 30.37 "BRK" "" "OKC" "L" -6 1 37.1666666666667 0.589 0.545 5.5 24.8 12.4 11.5 2.8 0 7.8 14.7 133 126 12.3 4.6
"18" "11" 2012-12-07 30.38 "BRK" "" "GSW" "L" -7 1 37.2833333333333 0.45 0.438 2.7 14.6 8.5 15.5 1.4 3.6 31.1 15.1 79 118 6.6 -3
"19" "12" 2012-12-09 30.38 "BRK" "" "MIL" "L" -9 1 40.6 0.546 0.5 9.1 40.4 24.6 14.2 1.3 2.1 12 18 112 101 16.2 3.3
"20" "13" 2012-12-11 30.39 "BRK" "" "NYK" "L" -3 1 42.9666666666667 0.738 0.625 3.5 8.4 6.2 14.7 1.3 0 20.7 17.8 128 123 13.8 1.2
"21" "14" 2012-12-12 30.39 "BRK" "@" "TOR" "W" 6 1 25.3 0.457 0.4 0 5.1 2.7 22.6 2.2 0 16.9 23.3 91 102 5.3 -2.1
"22" "15" 2012-12-14 30.39 "BRK" "" "DET" "W" 2 1 50.0666666666667 0.746 0.7 5 18.2 11.9 3.7 2.4 2.8 15.2 20.6 129 103 22.2 8.1
"23" "16" 2012-12-15 30.4 "BRK" "@" "CHI" "L" -1 1 38.3 0.5 0.5 3.1 29.5 15.2 9.5 0 7.7 14.3 8.5 108 94 8.1 4.4
"24" "17" 2012-12-18 30.41 "BRK" "" "UTA" "L" -2 1 33.1166666666667 0.527 0.55 0 9.9 5.1 16.9 1.7 0 16.1 18.1 98 110 7.2 0.3
"25" "18" 2012-12-19 30.41 "BRK" "@" "NYK" "L" -14 1 37.2333333333333 0.381 0.357 3.4 13.2 8.4 4 0 0 0 10.8 96 124 2.9 -6.1
"26" "19" 2012-12-23 30.42 "BRK" "" "PHI" "W" 3 1 36.9833333333333 0.665 0.5 2.8 22.6 12.7 26.8 3.1 0 16 16.9 132 103 17.2 8.8
"27" "20" 2012-12-25 30.42 "BRK" "" "BOS" "L" -17 1 27.7833333333333 0.633 0.571 4 25.4 13.5 9.1 6.2 0 20.2 26.5 106 100 11.8 7.6
"28" "21" 2012-12-26 30.43 "BRK" "@" "MIL" "L" -15 1 33.9333333333333 0.41 0.25 8.5 30.3 18.5 36.3 3 2.1 17 14.6 104 106 13.1 5.1
"29" "22" 2012-12-28 30.43 "BRK" "" "CHA" "W" 16 1 24 0 0 0 23.3 12.7 35.3 2.4 3.2 34 11.8 54 91 1.7 -2.7
"30" "23" 2012-12-29 30.44 "BRK" "" "CLE" "W" 3 1 37.0666666666667 0.368 0.167 6.6 25.9 16.4 11.5 2.9 2.1 17.4 14.3 87 105 8.2 -1.6
"31" "" 2012-12-31 30.44 "BRK" "@" "SAS" "L" -31 NA NA NA NA NA NA NA NA NA NA NA NA NA NA NA NA
"32" "24" 2013-01-02 30.45 "BRK" "@" "OKC" "W" 17 1 36.8333333333333 0.51 0.4 3.4 11.5 7.2 7.4 2.9 0 0 7.6 131 104 7.9 1.3
"33" "25" 2013-01-04 30.45 "BRK" "@" "WAS" "W" 2 1 38.9166666666667 0.518 0.4 0 9.1 4.7 19.6 1.3 6.1 22.8 10.5 103 99 7.8 2.8
"34" "26" 2013-01-05 30.45 "BRK" "" "SAC" "W" 20 1 23.3833333333333 0.592 0.5 0 15.8 8.9 5.1 0 2.9 12.9 15 128 111 6.5 -1.5
"35" "27" 2013-01-08 30.46 "BRK" "@" "PHI" "W" 20 1 20.5333333333333 0.637 0.583 11.7 5.6 8.6 35.4 2.6 0 10.4 20.9 143 101 11.6 10.7
"36" "28" 2013-01-11 30.47 "BRK" "" "PHO" "W" 20 1 5.85 NA NA 0 0 0 0 0 0 NA 0 0 103 0 -4.1
"37" "" 2013-01-13 30.48 "BRK" "" "IND" "W" 11 NA NA NA NA NA NA NA NA NA NA NA NA NA NA NA NA
"38" "" 2013-01-15 30.48 "BRK" "" "TOR" "W" 7 NA NA NA NA NA NA NA NA NA NA NA NA NA NA NA NA
"39" "29" 2013-01-16 30.48 "BRK" "@" "ATL" "L" -14 0 15.2 0.694 0.5 0 18 8.1 0 3.7 0 41 14.3 84 123 2.6 -4.6
"40" "30" 2013-01-18 30.49 "BRK" "" "ATL" "W" 5 1 29.0333333333333 0.463 0.25 4 7.9 6 23.3 1.7 2.8 10.4 14.7 112 93 7.4 4
"41" "31" 2013-01-21 30.5 "BRK" "@" "NYK" "W" 3 1 26.0333333333333 0.68 0.8 0 11.8 6.2 7.2 0 0 14.5 12.5 104 101 4.3 1.4
"42" "32" 2013-01-23 30.5 "BRK" "@" "MIN" "W" 8 1 29.7 0.436 0.333 7.2 4.4 5.9 4.8 5.4 2.4 12.7 12.1 99 87 7.3 3.5
"43" "33" 2013-01-25 30.51 "BRK" "@" "MEM" "L" -24 1 24 0.129 0 5.1 9.3 7.3 27.6 2.3 2.5 34 12.3 53 114 1.5 -5.2
"44" "34" 2013-01-26 30.51 "BRK" "@" "HOU" "L" -13 1 21.8 0.506 0.45 0 23.2 10.9 0 4.8 0 8.4 26.4 91 122 7.4 -4.4
"45" "35" 2013-01-28 30.52 "BRK" "" "ORL" "W" 20 1 26.2 1.167 1.167 5 12.5 9 17.4 0 0 50 11.1 114 96 6.8 3.9
"46" "36" 2013-01-30 30.52 "BRK" "" "MIA" "L" -20 1 29.1333333333333 0.6 0.6 4.7 4.5 4.6 19 0 2.6 16.7 10 118 128 6.5 0.9
"47" "37" 2013-02-01 30.53 "BRK" "" "CHI" "W" 4 1 41.4333333333333 0.521 0.75 20 23.2 21.8 6.5 1.4 0 34.2 10.4 91 104 6.9 -2.4
"48" "38" 2013-02-05 30.54 "BRK" "" "LAL" "L" -9 1 35.65 0.414 0.35 2.4 7.3 4.4 20 4.3 0 26.9 17.7 78 96 6.3 0.8
"49" "39" 2013-02-06 30.54 "BRK" "@" "DET" "W" 3 1 26.6833333333333 0.799 0.714 4.3 8 6.2 6.7 0 0 0 14.9 176 108 11.5 6.9
"50" "40" 2013-02-08 30.55 "BRK" "@" "WAS" "L" -15 1 27.5666666666667 0.425 0.4 0 16.6 7.6 32.4 1.9 0 25.4 13.1 77 99 4.1 -2.5
"51" "41" 2013-02-10 30.55 "BRK" "" "SAS" "L" -25 1 32.3 0.625 0.625 8.7 4.5 6.7 4.8 0 2.8 33.3 9.3 101 140 3.7 -2.8
"52" "42" 2013-02-11 30.56 "BRK" "@" "IND" "W" 5 1 46.05 0.619 0.625 0 21.8 12.1 8.7 2.5 3.1 18.4 11.9 107 84 10.7 5.6
"53" "43" 2013-02-13 30.56 "BRK" "" "DEN" "W" 11 1 31.6833333333333 0.508 0.571 15.7 24.6 20.7 20.8 1.7 7.3 11.3 13.3 134 114 12.2 8
"54" "44" 2013-02-19 30.58 "BRK" "" "MIL" "W" 2 1 38.3 0.3 0.3 0 18.9 9 17.8 2.9 1.8 9.1 13.1 86 110 6.8 -1.6
"55" "45" 2013-02-20 30.58 "BRK" "@" "MIL" "W" 3 1 27.2 0.509 0.5 0 25.8 11.6 6.1 0 0 12.7 12.9 90 102 4.3 -5.9
"56" "46" 2013-02-22 30.59 "BRK" "" "HOU" "L" -10 1 31.1 0.309 0.3 7 13.6 9.9 8.7 8.5 0 26.1 21.7 61 104 4.3 -4.8
"57" "47" 2013-02-24 30.59 "BRK" "" "MEM" "L" -4 1 16.4833333333333 0 0 0 8.6 3.7 20.1 0 0 14.3 21.1 20 105 -3.9 -20
"58" "48" 2013-02-26 30.6 "BRK" "@" "NOH" "W" 4 1 33.75 0.667 0.667 3.7 17.3 10.8 17.4 0 3.9 14.3 10.3 135 115 9.2 1.9
"59" "49" 2013-03-01 30.61 "BRK" "" "DAL" "L" -8 1 21.35 0.583 0.583 0 16.9 9 0 0 0 0 13.1 121 112 4.5 -1.5
"60" "50" 2013-03-02 30.61 "BRK" "@" "CHI" "L" -11 1 33.0333333333333 0.481 0.5 0 18.2 8.5 10.5 4.8 2.5 32.5 17.4 68 99 4.6 -0.9
"61" "51" 2013-03-06 30.62 "BRK" "@" "CHA" "W" 21 1 33.2333333333333 0.397 0.143 0 23.6 14.8 8.9 3.1 10.9 9 15.9 92 70 10.2 4.5
"62" "52" 2013-03-08 30.62 "BRK" "" "WAS" "W" 17 1 20.7333333333333 0.148 0 9.6 12.2 11 36.2 0 0 12.9 15.8 77 88 2.1 -0.8
"63" "53" 2013-03-09 30.63 "BRK" "@" "ATL" "W" 13 1 28.05 0.379 0.364 4.3 10.9 7.9 5.9 3.9 2.9 14.4 23.4 73 89 5.5 -3.6
"64" "54" 2013-03-11 30.63 "BRK" "@" "PHI" "L" -9 1 25.6166666666667 0.25 0.25 5.1 0 2.5 5.2 2.2 0 11.1 17 62 126 -0.6 -14.1
"65" "55" 2013-03-12 30.64 "BRK" "" "NOH" "W" 10 1 28.5833333333333 0.502 0.333 21.5 14.8 18.4 0 4.1 0 0 21.2 141 115 13.1 3
"66" "56" 2013-03-17 30.65 "BRK" "" "ATL" "L" -12 1 24.2 0.225 0.125 8.6 4.7 6.8 5.8 2.2 0 10.1 18 67 118 0.8 -10.2
"67" "57" 2013-03-18 30.65 "BRK" "@" "DET" "W" 37 1 28.45 0.25 0.25 0 8.9 4.6 3.9 3.9 0 20 8.3 59 95 1.5 -6
"68" "58" 2013-03-20 30.66 "BRK" "@" "DAL" "W" 17 1 28.5 0.427 0.333 0 4.3 2.1 8.1 9.3 0 10.9 14.4 94 93 8.5 5.6
"69" "59" 2013-03-23 30.67 "BRK" "@" "LAC" "L" -6 1 35.7166666666667 0.768 0.75 0 11.5 5.4 24.6 4.6 0 9.3 14.5 146 111 17 11.7
"70" "60" 2013-03-24 30.67 "BRK" "@" "PHO" "W" 2 1 35.2666666666667 0.507 0.5 14.3 10.1 11.8 9.2 1.6 0 31.1 16.6 89 116 6.2 -5.8
"71" "61" 2013-03-27 30.68 "BRK" "@" "POR" "W" 18 1 28.6166666666667 0.45 0.417 3.6 17.5 10.7 22.3 3.7 0 0 19.4 124 97 12.9 7.4
"72" "62" 2013-03-29 30.68 "BRK" "@" "DEN" "L" -22 1 35.1666666666667 0.417 0.417 5.6 8.3 6.7 18.7 3.1 0 25 9.6 97 122 6 -0.8
"73" "63" 2013-03-30 30.68 "BRK" "@" "UTA" "L" -9 1 24.3333333333333 0.333 0.333 4.9 5.2 5.1 14.8 0 0 40 9.3 79 136 1 -9.3
"74" "" 2013-04-03 30.7 "BRK" "@" "CLE" "W" 18 NA NA NA NA NA NA NA NA NA NA NA NA NA NA NA NA
"75" "64" 2013-04-04 30.7 "BRK" "" "CHI" "L" -2 1 29.3 0.4 0.4 0 9.1 4.3 11.8 1.9 0 0 8.3 95 108 3.9 -1.3
"76" "65" 2013-04-06 30.7 "BRK" "" "CHA" "W" 9 1 31.5166666666667 0.568 NA 0 3.6 1.8 19.5 0 2.6 53.2 2.8 117 115 3.3 -1.8
"77" "66" 2013-04-09 30.71 "BRK" "" "PHI" "W" 21 1 26.05 0 0 3.7 7.2 5.5 4.4 4.3 5.6 33.3 4.9 37 89 2.2 -1
"78" "67" 2013-04-10 30.72 "BRK" "@" "BOS" "W" 8 1 14.85 0.333 0.333 9 8.1 8.5 21 0 0 40 16.4 69 113 0.7 -8.1
"79" "" 2013-04-12 30.72 "BRK" "@" "IND" "W" 8 NA NA NA NA NA NA NA NA NA NA NA NA NA NA NA NA
"80" "" 2013-04-14 30.73 "BRK" "@" "TOR" "L" -6 NA NA NA NA NA NA NA NA NA NA NA NA NA NA NA NA
"81" "68" 2013-04-15 30.73 "BRK" "" "WAS" "W" 5 1 21.9 0.231 0.333 0 0 0 10.7 2.3 0 18.8 9.9 58 112 0.1 -8.6
"82" "69" 2013-04-17 30.73 "BRK" "" "DET" "W" 4 1 26.55 0.425 0.4 0 4.9 2.3 15.3 7.1 2.8 14.5 10.9 93 90 7.6 5.4
"1" "1" 2013-10-30 31.27 "BOS" "@" "TOR" "L" -6 1 39.8666666666667 0.543 1 0 8 4.5 7.8 5.3 0 64.4 9.3 44 99 2 -3.1
"2" "2" 2013-11-01 31.28 "BOS" "" "MIL" "L" -7 1 36.0166666666667 0.579 0.667 0 15.7 8.6 19.5 1.5 0 24.9 19.5 97 118 8.5 -1.6
"3" "3" 2013-11-03 31.28 "BOS" "@" "DET" "L" -10 1 36.4666666666667 0.417 0.417 0 3 1.6 9.3 5.7 0 25 10.3 71 93 4.5 -1
"4" "4" 2013-11-04 31.28 "BOS" "@" "MEM" "L" -7 1 27.55 NA NA 0 14.1 7.7 15.8 3.9 0 100 5.5 44 103 1.2 -3.9
"5" "5" 2013-11-06 31.29 "BOS" "" "UTA" "W" 10 0 23 0.666 0.8 0 43.7 22.4 18.6 2.2 0 30.7 18.7 93 82 7.5 3
"6" "6" 2013-11-08 31.3 "BOS" "@" "ORL" "W" 2 0 19.8666666666667 0.333 0.333 0 30.8 13.7 22.9 2.5 0 40 10.3 58 84 1.2 -9.2
"7" "7" 2013-11-09 31.3 "BOS" "@" "MIA" "W" 1 0 30.8666666666667 0.6 0.6 8.2 19.4 13.3 26.3 0 0 37.5 11.7 112 124 7 -1.3
"8" "8" 2013-11-11 31.3 "BOS" "" "ORL" "W" 15 0 19.4166666666667 0.266 0 0 11.8 6.8 24.2 7.8 0 34.7 6.8 102 100 6 5.9
"9" "9" 2013-11-13 31.31 "BOS" "" "CHA" "L" -6 0 32.2166666666667 0.714 0.714 6.2 19 12.5 12.9 3.3 0 22.2 13 116 92 10.9 7
"10" "10" 2013-11-15 31.32 "BOS" "" "POR" "L" -13 0 25.9333333333333 1.167 1.167 0 4.9 2.3 11.8 7.5 0 40 8.9 130 100 9 8
"11" "11" 2013-11-16 31.32 "BOS" "@" "MIN" "L" -18 0 17.3 0.25 0.25 11.3 10.9 11.1 8.9 0 0 20 12.1 68 114 0.5 -9.2
"12" "12" 2013-11-19 31.33 "BOS" "@" "HOU" "L" -24 0 10.6833333333333 1 1 0 14.5 4.9 16.3 0 0 50 7.5 95 120 1.7 -5.8
"13" "13" 2013-11-20 31.33 "BOS" "@" "SAS" "L" -11 0 15.1333333333333 0.333 0.333 0 7.7 3.7 0 0 0 40 14.6 39 114 -1.8 -13.9
"14" "14" 2013-11-22 31.33 "BOS" "" "IND" "L" -15 0 21.9833333333333 0.5 0.5 7 16 12.1 0 2.5 3.4 71.4 16.3 35 107 -1.1 -9.4
"15" "15" 2013-11-23 31.34 "BOS" "@" "ATL" "W" 7 0 18.65 0.625 0.625 0 0 0 27.7 0 3.5 0 10 143 101 5 7.1
"16" "16" 2013-11-25 31.34 "BOS" "@" "CHA" "W" 10 0 35.7333333333333 0.65 0.65 3.4 10.9 7.1 15 3.1 2.1 7.1 18.9 131 98 15.4 7.2
"17" "17" 2013-11-27 31.35 "BOS" "" "MEM" "L" -7 0 22.85 0.17 0.2 4.3 5.5 4.8 11.7 0 0 25.4 15.1 47 117 -1.9 -12.8
"18" "18" 2013-11-29 31.35 "BOS" "" "CLE" "W" 17 0 14.6666666666667 0.174 0 0 6.3 3.6 25.8 3.4 4.8 51 18.4 46 87 0.3 -6.7
"19" "19" 2013-11-30 31.36 "BOS" "@" "MIL" "L" -7 0 24.5 NA NA 4.1 14 8.7 22.4 4.4 0 100 1.9 111 99 5 1
"20" "20" 2013-12-03 31.36 "BOS" "" "MIL" "W" 8 0 21.5833333333333 0.773 0.667 6.2 18 12.2 26.5 5.1 0 20.5 10.8 152 107 9.3 7.4
"21" "21" 2013-12-06 31.37 "BOS" "" "DEN" "W" 8 0 24.55 0.205 0.25 5.3 9.3 7.4 19.1 4.5 0 17 11.5 77 108 3.5 -3.3
"22" "22" 2013-12-08 31.38 "BOS" "@" "NYK" "W" 41 0 21.3666666666667 0 NA 0 15.7 9.4 11.5 4.9 3.9 77.3 8.7 32 71 0 -1.5
"23" "23" 2013-12-10 31.38 "BOS" "@" "BRK" "L" -8 0 23.15 0.5 0.5 0 37.7 16.2 12.6 0 0 60 10.6 55 121 0.4 -11.4
"24" "24" 2013-12-11 31.39 "BOS" "" "LAC" "L" -8 0 17.6333333333333 0.5 0.5 7.4 13.6 10.6 9 0 0 50 10.4 66 107 0.6 -7.7
"25" "25" 2013-12-13 31.39 "BOS" "" "NYK" "W" 4 0 20.2833333333333 0.509 0.5 6.8 26.3 17.7 18.3 2.8 0 12.7 19.8 104 94 6.8 3.4
"26" "26" 2013-12-16 31.4 "BOS" "" "MIN" "W" 4 0 17.0166666666667 0.463 0.5 0 10.3 5.6 0 0 0 0 11.3 100 110 2.1 -3.6
"27" "27" 2013-12-18 31.41 "BOS" "" "DET" "L" -1 0 21.1166666666667 0.667 0.667 14.7 4.9 8.9 25.6 2.3 0 0 6.3 170 112 8.2 7.7
"28" "28" 2013-12-21 31.41 "BOS" "" "WAS" "L" -7 0 17.6 0.6 0.6 0 13.3 6.3 16.1 0 0 0 12.8 131 117 5.3 -0.8
"29" "29" 2013-12-22 31.42 "BOS" "@" "IND" "L" -27 0 14.5666666666667 0.852 NA 0 37.4 17.5 10.3 0 0 53.2 11.7 88 110 2.8 -6
"30" "30" 2013-12-28 31.43 "BOS" "" "CLE" "W" 3 0 8.5 0.431 1 0 28.2 13.6 34.9 0 0 30.1 17.2 74 110 1.1 -7.4
"31" "31" 2013-12-31 31.44 "BOS" "" "ATL" "L" -1 0 22.2333333333333 0.6 0.6 0 8 4.4 30.3 2.2 0 37.5 16.2 81 97 3.9 -4.2
"32" "32" 2014-01-02 31.45 "BOS" "@" "CHI" "L" -12 0 17.6 NA NA 0 5.8 3.1 8.5 0 0 100 2.5 33 108 -0.4 -7.7
"33" "33" 2014-01-03 31.45 "BOS" "" "NOP" "L" -3 0 17.6833333333333 0.644 0.667 0 7 2.9 10.6 0 0 0 9.5 141 115 3.9 -2.3
"34" "34" 2014-01-05 31.45 "BOS" "@" "OKC" "L" -23 0 22.8833333333333 0.133 0 4.9 11.3 7.9 18 4.6 0 21 9.5 65 126 2 -6
"35" "35" 2014-01-07 31.46 "BOS" "@" "DEN" "L" -31 0 24.05 0.347 0.5 3.8 15.4 8.8 12.9 1.9 0 0 9.7 84 122 4.4 -3.4
"36" "36" 2014-01-08 31.46 "BOS" "@" "LAC" "L" -6 0 20.3333333333333 1 1 0 22.5 11.5 6.4 0 0 66.7 6.2 61 113 1.2 -6.4
"37" "37" 2014-01-10 31.47 "BOS" "@" "GSW" "L" -2 0 19.9333333333333 0.694 0.75 0 4.7 2.5 6.8 7.6 0 0 6.4 150 97 6.6 10.1
"38" "38" 2014-01-11 31.47 "BOS" "@" "POR" "L" -8 0 14.9 0.5 0.5 6.6 21 13.6 7.9 0 0 33.3 8.7 90 125 1.9 -8.6
"39" "39" 2014-01-13 31.48 "BOS" "" "HOU" "L" -12 0 19.9333333333333 0.5 0.5 0 5.4 2.5 6.8 0 4 33.3 6 75 113 1.3 -5.4
"40" "40" 2014-01-15 31.48 "BOS" "" "TOR" "W" 5 0 23.4833333333333 0.875 0.875 4.1 19.7 12 8.9 4.7 0 0 7.5 178 88 10.3 11.1
"41" "41" 2014-01-17 31.49 "BOS" "" "LAL" "L" -3 0 24.75 0.751 0.75 0 21 8.8 30 6.1 7.2 9.7 18.1 140 99 17.7 14.3
"42" "42" 2014-01-19 31.49 "BOS" "@" "ORL" "L" -2 0 19.1666666666667 0 0 0 17.9 7.9 7.6 0 0 50 4.5 20 105 -0.1 -9.6
"43" "43" 2014-01-21 31.5 "BOS" "@" "MIA" "L" -7 0 26.8166666666667 0.424 0.389 0 9.9 4.5 13 0 0 17.5 19 87 114 2.5 -6.3
"44" "44" 2014-01-22 31.5 "BOS" "@" "WAS" "W" 2 1 40.45 0.678 0.5 3 13.4 8.5 30.7 4.8 1.8 23.1 9.7 140 98 17 7.5
"45" "45" 2014-01-24 31.51 "BOS" "" "OKC" "L" -18 1 29.1333333333333 0.752 0.75 0 10 4.3 19.5 5.7 0 36.7 22.6 92 109 9.9 2.6
"46" "46" 2014-01-26 31.51 "BOS" "" "BRK" "L" -6 1 40.9833333333333 0.676 0.625 0 13.6 6.7 10 1.4 0 10.1 11.8 128 100 10.1 1.9
"47" "47" 2014-01-28 31.52 "BOS" "@" "NYK" "L" -26 1 23.4 0.317 0.286 4.4 10.5 7.2 14.7 0 3.3 27.6 20.4 59 124 0.5 -11.6
"48" "48" 2014-01-29 31.52 "BOS" "" "PHI" "L" -1 1 33.65 0.266 0 5.6 17.8 11.5 13.4 0 4.4 0 2.3 130 100 6.2 -1.7
"49" "" 2014-02-02 31.53 "BOS" "" "ORL" "W" 7 NA NA NA NA NA NA NA NA NA NA NA NA NA NA NA NA
"50" "49" 2014-02-05 31.54 "BOS" "@" "PHI" "W" 6 0 21.2166666666667 0.515 0.667 4.9 9.2 7.1 0 2.3 0 20.5 9.9 83 110 3.2 -7
"51" "50" 2014-02-07 31.55 "BOS" "" "SAC" "W" 10 1 40.3166666666667 0.45 0.5 7.6 20.6 14.4 30.4 2.6 1.7 10.1 10.9 122 94 14.8 5.6
"52" "51" 2014-02-09 31.55 "BOS" "" "DAL" "L" -11 0 15.2 0.5 0.5 6.4 15 10.4 11.8 0 0 42.9 20.4 61 117 1 -11.7
"53" "52" 2014-02-10 31.55 "BOS" "@" "MIL" "W" 16 1 27.7833333333333 1.031 1.167 8.2 4.7 6.6 18.8 5.6 0 34 9.3 139 90 11.8 10.5
"54" "53" 2014-02-12 31.56 "BOS" "" "SAS" "L" -12 1 28.7833333333333 0.333 0.333 0 4.8 2.1 5.2 1.9 0 0 14.8 74 117 2.5 -7.4
"55" "54" 2014-02-19 31.58 "BOS" "@" "PHO" "L" -6 1 34.35 0.666 0.6 2.9 6.5 4.6 9.4 5.7 2.6 22.8 10.8 112 95 10.1 4.3
"56" "55" 2014-02-21 31.58 "BOS" "@" "LAL" "L" -9 1 36.9666666666667 0.436 0.417 0 22.7 9.8 12.4 4 0 17.9 18.4 80 98 9 -1.4
"57" "56" 2014-02-22 31.59 "BOS" "@" "SAC" "L" -7 1 27 0.508 0.5 3.6 11.9 6.7 12.4 1.8 0 11.3 13.5 105 109 5.8 -1.4
"58" "57" 2014-02-24 31.59 "BOS" "@" "UTA" "L" -12 1 30.4166666666667 1 1 0 10.9 4.6 0 3.6 0 33.3 4.4 117 122 4.6 -2
"59" "58" 2014-02-26 31.6 "BOS" "" "ATL" "W" 11 0 32.7166666666667 0.588 0.5 11.9 27 19.6 15.8 0 0 16.4 15.7 125 112 11.4 -0.8
"60" "" 2014-03-01 31.61 "BOS" "" "IND" "L" -5 NA NA NA NA NA NA NA NA NA NA NA NA NA NA NA NA
"61" "" 2014-03-05 31.62 "BOS" "" "GSW" "L" -20 NA NA NA NA NA NA NA NA NA NA NA NA NA NA NA NA
"62" "" 2014-03-07 31.62 "BOS" "" "BRK" "W" 7 NA NA NA NA NA NA NA NA NA NA NA NA NA NA NA NA
"63" "" 2014-03-09 31.63 "BOS" "" "DET" "W" 7 NA NA NA NA NA NA NA NA NA NA NA NA NA NA NA NA
"64" "" 2014-03-11 31.63 "BOS" "@" "IND" "L" -11 NA NA NA NA NA NA NA NA NA NA NA NA NA NA NA NA
"65" "" 2014-03-12 31.64 "BOS" "" "NYK" "L" -24 NA NA NA NA NA NA NA NA NA NA NA NA NA NA NA NA
"66" "" 2014-03-14 31.64 "BOS" "" "PHO" "L" -7 NA NA NA NA NA NA NA NA NA NA NA NA NA NA NA NA
"67" "" 2014-03-16 31.65 "BOS" "@" "NOP" "L" -1 NA NA NA NA NA NA NA NA NA NA NA NA NA NA NA NA
"68" "" 2014-03-17 31.65 "BOS" "@" "DAL" "L" -5 NA NA NA NA NA NA NA NA NA NA NA NA NA NA NA NA
"69" "" 2014-03-19 31.65 "BOS" "" "MIA" "W" 5 NA NA NA NA NA NA NA NA NA NA NA NA NA NA NA NA
"70" "" 2014-03-21 31.66 "BOS" "@" "BRK" "L" -16 NA NA NA NA NA NA NA NA NA NA NA NA NA NA NA NA
"71" "" 2014-03-26 31.67 "BOS" "" "TOR" "L" -9 NA NA NA NA NA NA NA NA NA NA NA NA NA NA NA NA
"72" "" 2014-03-28 31.68 "BOS" "@" "TOR" "L" -2 NA NA NA NA NA NA NA NA NA NA NA NA NA NA NA NA
"73" "" 2014-03-30 31.68 "BOS" "" "CHI" "L" -5 NA NA NA NA NA NA NA NA NA NA NA NA NA NA NA NA
"74" "" 2014-03-31 31.69 "BOS" "@" "CHI" "L" -14 NA NA NA NA NA NA NA NA NA NA NA NA NA NA NA NA
"75" "" 2014-04-02 31.69 "BOS" "@" "WAS" "L" -26 NA NA NA NA NA NA NA NA NA NA NA NA NA NA NA NA
"76" "" 2014-04-04 31.7 "BOS" "" "PHI" "L" -9 NA NA NA NA NA NA NA NA NA NA NA NA NA NA NA NA
"77" "" 2014-04-05 31.7 "BOS" "@" "DET" "L" -4 NA NA NA NA NA NA NA NA NA NA NA NA NA NA NA NA
"78" "" 2014-04-09 31.71 "BOS" "@" "ATL" "L" -8 NA NA NA NA NA NA NA NA NA NA NA NA NA NA NA NA
"79" "" 2014-04-11 31.72 "BOS" "" "CHA" "W" 3 NA NA NA NA NA NA NA NA NA NA NA NA NA NA NA NA
"80" "" 2014-04-12 31.72 "BOS" "@" "CLE" "W" 12 NA NA NA NA NA NA NA NA NA NA NA NA NA NA NA NA
"81" "" 2014-04-14 31.73 "BOS" "@" "PHI" "L" -5 NA NA NA NA NA NA NA NA NA NA NA NA NA NA NA NA
"82" "" 2014-04-16 31.73 "BOS" "" "WAS" "L" -16 NA NA NA NA NA NA NA NA NA NA NA NA NA NA NA NA
"1" "" 2014-10-29 32.27 "BOS" "" "BRK" "W" 16 NA NA NA NA NA NA NA NA NA NA NA NA NA NA NA NA
"2" "" 2014-11-01 32.28 "BOS" "@" "HOU" "L" -14 NA NA NA NA NA NA NA NA NA NA NA NA NA NA NA NA
"3" "1" 2014-11-03 32.28 "BOS" "@" "DAL" "L" -5 0 2.98333333333333 NA NA 0 0 0 0 0 0 NA 0 0 128 0 -7.2
"4" "" 2014-11-05 32.29 "BOS" "" "TOR" "L" -3 NA NA NA NA NA NA NA NA NA NA NA NA NA NA NA NA
"5" "2" 2014-11-07 32.29 "BOS" "" "IND" "W" 3 0 8.36666666666667 0.347 0 0 13.3 7.2 0 6.3 0 0 15.9 84 99 1.9 -3.1
"6" "3" 2014-11-08 32.3 "BOS" "@" "CHI" "W" 5 0 12.8 0.568 NA 0 7.7 4.5 0 0 0 0 3.2 123 114 0.9 -4.7
"7" "4" 2014-11-12 32.31 "BOS" "" "OKC" "L" -15 0 4.71666666666667 NA NA 0 28.3 13.4 0 0 0 NA 0 0 124 -0.1 -11.7
"8" "" 2014-11-14 32.31 "BOS" "" "CLE" "L" -1 NA NA NA NA NA NA NA NA NA NA NA NA NA NA NA NA
"9" "" 2014-11-17 32.32 "BOS" "" "PHO" "L" -4 NA NA NA NA NA NA NA NA NA NA NA NA NA NA NA NA
"10" "" 2014-11-19 32.33 "BOS" "@" "PHI" "W" 11 NA NA NA NA NA NA NA NA NA NA NA NA NA NA NA NA
"11" "" 2014-11-21 32.33 "BOS" "@" "MEM" "L" -17 NA NA NA NA NA NA NA NA NA NA NA NA NA NA NA NA
"12" "5" 2014-11-23 32.34 "BOS" "" "POR" "L" -6 0 12.5833333333333 0 0 6.7 0 3.8 0 8 0 50 7 28 91 0.6 -3.5
"13" "" 2014-11-28 32.35 "BOS" "" "CHI" "L" -7 NA NA NA NA NA NA NA NA NA NA NA NA NA NA NA NA
"14" "" 2014-11-30 32.36 "BOS" "" "SAS" "L" -22 NA NA NA NA NA NA NA NA NA NA NA NA NA NA NA NA
"15" "6" 2014-12-02 32.36 "BOS" "@" "ATL" "L" -4 0 11.9166666666667 NA NA 0 0 0 0 0 0 100 7.3 0 117 -2.8 -16
"16" "7" 2014-12-03 32.36 "BOS" "" "DET" "W" 7 0 8.5 1 1 0 0 0 0 0 0 50 10.7 68 109 0.3 -8.3
"17" "8" 2014-12-05 32.37 "BOS" "" "LAL" "W" 17 0 0.0666666666666667 0 0 0 0 0 0 0 0 0 100 0 99 -0.7 -625.9
"18" "" 2014-12-07 32.38 "BOS" "" "WAS" "W" 8 NA NA NA NA NA NA NA NA NA NA NA NA NA NA NA NA
"19" "" 2014-12-08 32.38 "BOS" "@" "WAS" "L" -1 NA NA NA NA NA NA NA NA NA NA NA NA NA NA NA NA
"20" "" 2014-12-10 32.38 "BOS" "@" "CHO" "L" -9 NA NA NA NA NA NA NA NA NA NA NA NA NA NA NA NA
"21" "9" 2014-12-12 32.39 "BOS" "" "NYK" "L" -6 0 5.5 0.5 0.5 21.3 21.8 21.5 30.9 0 0 33.3 23.8 88 111 1.7 -0.2
"22" "10" 2014-12-15 32.4 "BOS" "@" "PHI" "W" 18 0 11.7666666666667 NA NA 0 7.8 4.1 10.7 7.8 6.3 NA 0 216 74 2.5 8.2
"23" "11" 2014-12-17 32.4 "BOS" "" "ORL" "W" 17 0 9.25 NA NA 15.7 11.5 13.3 0 5.6 7.9 NA 0 214 89 2.3 8.2
"24" "12" 2014-12-19 32.41 "BOS" "" "MIN" "W" 16 0 6.51666666666667 NA NA 0 16 9.2 0 8 0 NA 0 0 95 1.3 3.8
"25" "" 2014-12-21 32.41 "BOS" "@" "MIA" "L" -16 NA NA NA NA NA NA NA NA NA NA NA NA NA NA NA NA
"26" "" 2014-12-23 32.42 "BOS" "@" "ORL" "L" -5 NA NA NA NA NA NA NA NA NA NA NA NA NA NA NA NA
"27" "13" 2014-12-26 32.43 "BOS" "" "BRK" "L" -2 0 0.0333333333333333 NA NA 0 0 0 0 0 0 NA 0 0 120 0 -6.2
"28" "" 2014-12-27 32.43 "BOS" "@" "WAS" "L" -13 NA NA NA NA NA NA NA NA NA NA NA NA NA NA NA NA
"29" "" 2014-12-31 32.44 "BOS" "" "SAC" "W" 22 NA NA NA NA NA NA NA NA NA NA NA NA NA NA NA NA
"30" "" 2015-01-02 32.45 "BOS" "" "DAL" "L" -18 NA NA NA NA NA NA NA NA NA NA NA NA NA NA NA NA
"31" "" 2015-01-03 32.45 "BOS" "@" "CHI" "L" -5 NA NA NA NA NA NA NA NA NA NA NA NA NA NA NA NA
"32" "14" 2015-01-05 32.45 "BOS" "" "CHO" "L" -9 0 3.73333333333333 0 0 0 0 0 0 0 0 0 12 0 126 -0.7 -19.8
"33" "" 2015-01-07 32.46 "BOS" "@" "BRK" "W" 8 NA NA NA NA NA NA NA NA NA NA NA NA NA NA NA NA
"34" "" 2015-01-09 32.47 "BOS" "@" "IND" "L" -4 NA NA NA NA NA NA NA NA NA NA NA NA NA NA NA NA
"35" "" 2015-01-10 32.47 "BOS" "@" "TOR" "L" -13 NA NA NA NA NA NA NA NA NA NA NA NA NA NA NA NA
"36" "15" 2015-01-12 32.47 "BOS" "" "NOP" "W" 8 0 2.68333333333333 0.568 NA 77.8 0 40.2 0 0 0 53.2 29.9 90 121 1 -7.8
"37" "" 2015-01-14 32.48 "BOS" "" "ATL" "L" -14 NA NA NA NA NA NA NA NA NA NA NA NA NA NA NA NA
"38" "" 2015-01-16 32.48 "BOS" "" "CHI" "L" -16 NA NA NA NA NA NA NA NA NA NA NA NA NA NA NA NA
"39" "" 2015-01-19 32.49 "BOS" "@" "LAC" "L" -9 NA NA NA NA NA NA NA NA NA NA NA NA NA NA NA NA
"40" "" 2015-01-22 32.5 "BOS" "@" "POR" "W" 1 NA NA NA NA NA NA NA NA NA NA NA NA NA NA NA NA
"41" "16" 2015-01-23 32.5 "BOS" "@" "DEN" "W" 1 0 8.43333333333333 NA NA 0 0 0 0 6.2 0 NA 0 0 106 1 1.8
"42" "17" 2015-01-25 32.51 "BOS" "@" "GSW" "L" -3 0 11.8333333333333 1 1 8 18.4 12.8 0 3.9 0 25 13.4 135 104 6 8.8
"43" "18" 2015-01-26 32.51 "BOS" "@" "UTA" "W" 9 0 13.6 1.136 NA 0 25.2 13.9 0 7.7 0 69.4 10.4 69 84 2.9 3.6
"44" "19" 2015-01-28 32.52 "BOS" "@" "MIN" "L" -12 0 7.13333333333333 0 0 0 37.4 16 0 0 0 0 6.2 0 118 -0.1 -11.4
"45" "20" 2015-01-30 32.52 "BOS" "" "HOU" "L" -6 0 6.9 NA NA 0 0 0 0 0 12.9 NA 0 0 102 0.7 1.8
"46" "21" 2015-02-01 32.53 "BOS" "" "MIA" "L" -8 0 7.05 0 0 0 16.2 7.9 0 0 0 50 13.4 0 96 -1.4 -17.9
"47" "" 2015-02-03 32.53 "BOS" "@" "NYK" "W" 11 NA NA NA NA NA NA NA NA NA NA NA NA NA NA NA NA
"48" "" 2015-02-04 32.54 "BOS" "" "DEN" "W" 4 NA NA NA NA NA NA NA NA NA NA NA NA NA NA NA NA
"49" "" 2015-02-06 32.54 "BOS" "" "PHI" "W" 11 NA NA NA NA NA NA NA NA NA NA NA NA NA NA NA NA
"50" "" 2015-02-07 32.55 "BOS" "@" "MIL" "L" -3 NA NA NA NA NA NA NA NA NA NA NA NA NA NA NA NA
"51" "" 2015-02-11 32.56 "BOS" "" "ATL" "W" 1 NA NA NA NA NA NA NA NA NA NA NA NA NA NA NA NA
"52" "22" 2015-02-20 32.58 "BOS" "@" "SAC" "L" -8 0 6.08333333333333 0 0 13.4 20.8 16.3 0 0 0 0 12.1 29 114 -0.5 -15.8
"53" "23" 2015-02-22 32.59 "BOS" "@" "LAL" "L" -7 0 9.35 1 1 0 13.8 6 15.6 5.2 0 0 4.5 205 101 2.9 5.5
"54" "24" 2015-02-23 32.59 "BOS" "@" "PHO" "W" 5 0 14.9833333333333 0.375 0.375 7.3 13.3 10.4 8.9 0 0 33.3 16.4 66 112 0.2 -10.8
"55" "25" 2015-02-25 32.59 "BOS" "" "NYK" "W" 21 0 7.05 0 0 0 43.5 23.5 0 0 0 0 6.5 0 94 0.2 -7.5
"56" "" 2015-02-27 32.6 "BOS" "" "CHO" "W" 8 NA NA NA NA NA NA NA NA NA NA NA NA NA NA NA NA
"57" "" 2015-03-01 32.61 "BOS" "" "GSW" "L" -5 NA NA NA NA NA NA NA NA NA NA NA NA NA NA NA NA
"58" "26" 2015-03-03 32.61 "BOS" "@" "CLE" "L" -31 0 14.6666666666667 0 0 6.4 30.4 17.4 0 0 0 50 6.1 24 117 -0.2 -11.7
"59" "" 2015-03-04 32.61 "BOS" "" "UTA" "W" 1 NA NA NA NA NA NA NA NA NA NA NA NA NA NA NA NA
"60" "" 2015-03-06 32.62 "BOS" "@" "NOP" "W" 6 NA NA NA NA NA NA NA NA NA NA NA NA NA NA NA NA
"61" "" 2015-03-08 32.62 "BOS" "@" "ORL" "L" -5 NA NA NA NA NA NA NA NA NA NA NA NA NA NA NA NA
"62" "27" 2015-03-09 32.63 "BOS" "@" "MIA" "W" 10 0 13.0666666666667 0.5 0.5 8.5 23 14.7 20.8 4.3 7.1 0 7.1 149 93 5 13.5
"63" "" 2015-03-11 32.63 "BOS" "" "MEM" "W" 3 NA NA NA NA NA NA NA NA NA NA NA NA NA NA NA NA
"64" "" 2015-03-13 32.64 "BOS" "" "ORL" "W" 7 NA NA NA NA NA NA NA NA NA NA NA NA NA NA NA NA
"65" "" 2015-03-14 32.64 "BOS" "@" "IND" "W" 4 NA NA NA NA NA NA NA NA NA NA NA NA NA NA NA NA
"66" "" 2015-03-16 32.65 "BOS" "" "PHI" "W" 19 NA NA NA NA NA NA NA NA NA NA NA NA NA NA NA NA
"67" "" 2015-03-18 32.65 "BOS" "@" "OKC" "L" -4 NA NA NA NA NA NA NA NA NA NA NA NA NA NA NA NA
"68" "28" 2015-03-20 32.66 "BOS" "@" "SAS" "L" -12 0 14.6833333333333 0.551 0.6 12.6 24.5 17.8 13 0 0 0 15.9 125 110 5.9 4.3
"69" "29" 2015-03-22 32.66 "BOS" "" "DET" "L" -8 0 12.6333333333333 0.333 0.333 20 40.3 29.2 12.4 0 0 0 10 113 98 4.2 0.6
"70" "" 2015-03-23 32.67 "BOS" "@" "BRK" "W" 19 NA NA NA NA NA NA NA NA NA NA NA NA NA NA NA NA
"71" "30" 2015-03-25 32.67 "BOS" "" "MIA" "L" -7 0 4.03333333333333 NA NA 0 0 0 0 0 0 100 11.8 0 110 -1.4 -22.1
"72" "" 2015-03-27 32.68 "BOS" "@" "NYK" "W" 4 NA NA NA NA NA NA NA NA NA NA NA NA NA NA NA NA
"73" "" 2015-03-29 32.68 "BOS" "" "LAC" "L" -13 NA NA NA NA NA NA NA NA NA NA NA NA NA NA NA NA
"74" "31" 2015-03-30 32.68 "BOS" "@" "CHO" "W" 12 0 14.95 0.42 0.667 14.9 24.7 19.6 8.3 7.1 0 0 14.4 106 101 6.1 5.7
"75" "" 2015-04-01 32.69 "BOS" "" "IND" "W" 13 NA NA NA NA NA NA NA NA NA NA NA NA NA NA NA NA
"76" "" 2015-04-03 32.7 "BOS" "" "MIL" "L" -9 NA NA NA NA NA NA NA NA NA NA NA NA NA NA NA NA
"77" "" 2015-04-04 32.7 "BOS" "@" "TOR" "W" 1 NA NA NA NA NA NA NA NA NA NA NA NA NA NA NA NA
"78" "" 2015-04-08 32.71 "BOS" "@" "DET" "W" 10 NA NA NA NA NA NA NA NA NA NA NA NA NA NA NA NA
"79" "" 2015-04-10 32.72 "BOS" "@" "CLE" "W" 9 NA NA NA NA NA NA NA NA NA NA NA NA NA NA NA NA
"80" "" 2015-04-12 32.72 "BOS" "" "CLE" "W" 39 NA NA NA NA NA NA NA NA NA NA NA NA NA NA NA NA
"81" "" 2015-04-14 32.73 "BOS" "" "TOR" "W" 2 NA NA NA NA NA NA NA NA NA NA NA NA NA NA NA NA
"82" "32" 2015-04-15 32.73 "BOS" "@" "MIL" "W" 5 0 18.3 NA NA 0 5.7 3 12.5 0 0 100 9.8 27 112 -2.7 -15.2
