player,min,VORP,id,opp_id,season_id,win,year,adj_VORP,avg_VORP,link
normake01,44,8.5,199011020LAC-LAC,199011020LAC-SAC,LAC-1991,1,1991,374,37.67777777777778,normake01-1991
smithch01,38,6.2,199011020LAC-LAC,199011020LAC-SAC,LAC-1991,1,1991,235.6,37.67777777777778,smithch01-1991
bannike01,35,-1.9,199011020LAC-LAC,199011020LAC-SAC,LAC-1991,1,1991,-66.5,37.67777777777778,bannike01-1991
grantga01,34,1.3,199011020LAC-LAC,199011020LAC-SAC,LAC-1991,1,1991,44.2,37.67777777777778,grantga01-1991
kimblbo01,31,-0.6,199011020LAC-LAC,199011020LAC-SAC,LAC-1991,1,1991,-18.599999999999998,37.67777777777778,kimblbo01-1991
vaughlo01,27,-6.1,199011020LAC-LAC,199011020LAC-SAC,LAC-1991,1,1991,-164.7,37.67777777777778,vaughlo01-1991
garlawi01,19,-2.5,199011020LAC-LAC,199011020LAC-SAC,LAC-1991,1,1991,-47.5,37.67777777777778,garlawi01-1991
martije01,10,-2.6,199011020LAC-LAC,199011020LAC-SAC,LAC-1991,1,1991,-26,37.67777777777778,martije01-1991
garrito01,2,4.3,199011020LAC-LAC,199011020LAC-SAC,LAC-1991,1,1991,8.6,37.67777777777778,garrito01-1991
sparrro01,46,1.9,199011030SAC-SAC,199011030SAC-POR,SAC-1991,0,1991,87.39999999999999,37.955555555555556,sparrro01-1991
simmoli01,45,1.2,199011030SAC-SAC,199011030SAC-POR,SAC-1991,0,1991,54,37.955555555555556,simmoli01-1991
hansebo01,43,0.6,199011030SAC-SAC,199011030SAC-POR,SAC-1991,0,1991,25.8,37.955555555555556,hansebo01-1991
tisdawa01,38,3.1,199011030SAC-SAC,199011030SAC-POR,SAC-1991,0,1991,117.8,37.955555555555556,tisdawa01-1991
wennibi01,30,0,199011030SAC-SAC,199011030SAC-POR,SAC-1991,0,1991,0,37.955555555555556,wennibi01-1991
carran01,28,0.2,199011030SAC-SAC,199011030SAC-POR,SAC-1991,0,1991,5.6000000000000005,37.955555555555556,carran01-1991
coltest01,17,1.4,199011030SAC-SAC,199011030SAC-POR,SAC-1991,0,1991,23.799999999999997,37.955555555555556,coltest01-1991
leckner01,17,1.6,199011030SAC-SAC,199011030SAC-POR,SAC-1991,0,1991,27.200000000000003,37.955555555555556,leckner01-1991
causwdu01,1,0,199011030SAC-SAC,199011030SAC-POR,SAC-1991,0,1991,0,37.955555555555556,causwdu01-1991
simmoli01,43,-1,199011060SAC-SAC,199011060SAC-ATL,SAC-1991,0,1991,-43,-13.745454545454546,simmoli01-1991
hansebo01,31,1.2,199011060SAC-SAC,199011060SAC-ATL,SAC-1991,0,1991,37.199999999999996,-13.745454545454546,hansebo01-1991
maystr01,30,-1.8,199011060SAC-SAC,199011060SAC-ATL,SAC-1991,0,1991,-54,-13.745454545454546,maystr01-1991
wennibi01,26,-2.8,199011060SAC-SAC,199011060SAC-ATL,SAC-1991,0,1991,-72.8,-13.745454545454546,wennibi01-1991
tisdawa01,24,6,199011060SAC-SAC,199011060SAC-ATL,SAC-1991,0,1991,144,-13.745454545454546,tisdawa01-1991
sparrro01,23,-3.1,199011060SAC-SAC,199011060SAC-ATL,SAC-1991,0,1991,-71.3,-13.745454545454546,sparrro01-1991
causwdu01,20,-2.9,199011060SAC-SAC,199011060SAC-ATL,SAC-1991,0,1991,-58,-13.745454545454546,causwdu01-1991
coltest01,16,-0.9,199011060SAC-SAC,199011060SAC-ATL,SAC-1991,0,1991,-14.4,-13.745454545454546,coltest01-1991
leckner01,16,-0.9,199011060SAC-SAC,199011060SAC-ATL,SAC-1991,0,1991,-14.4,-13.745454545454546,leckner01-1991
carran01,7,-0.3,199011060SAC-SAC,199011060SAC-ATL,SAC-1991,0,1991,-2.1,-13.745454545454546,carran01-1991
callori01,4,-0.6,199011060SAC-SAC,199011060SAC-ATL,SAC-1991,0,1991,-2.4,-13.745454545454546,callori01-1991
johnsma02,39,11,199011090LAL-LAL,199011090LAL-SAC,LAL-1991,1,1991,429,69.4,johnsma02-1991
worthja01,39,0.4,199011090LAL-LAL,199011090LAL-SAC,LAL-1991,1,1991,15.600000000000001,69.4,worthja01-1991
greenac01,38,3.6,199011090LAL-LAL,199011090LAL-SAC,LAL-1991,1,1991,136.8,69.4,greenac01-1991
divacvl01,29,3,199011090LAL-LAL,199011090LAL-SAC,LAL-1991,1,1991,87,69.4,divacvl01-1991
scottby01,29,-0.1,199011090LAL-LAL,199011090LAL-SAC,LAL-1991,1,1991,-2.9000000000000004,69.4,scottby01-1991
perkisa01,21,0.3,199011090LAL-LAL,199011090LAL-SAC,LAL-1991,1,1991,6.3,69.4,perkisa01-1991
teaglte01,19,2.1,199011090LAL-LAL,199011090LAL-SAC,LAL-1991,1,1991,39.9,69.4,teaglte01-1991
thompmy01,17,0,199011090LAL-LAL,199011090LAL-SAC,LAL-1991,1,1991,0,69.4,thompmy01-1991
drewla01,8,-2.2,199011090LAL-LAL,199011090LAL-SAC,LAL-1991,1,1991,-17.6,69.4,drewla01-1991
smithto02,1,-0.1,199011090LAL-LAL,199011090LAL-SAC,LAL-1991,1,1991,-0.1,69.4,smithto02-1991
simmoli01,44,4.1,199011100SAC-SAC,199011100SAC-NYK,SAC-1991,0,1991,180.39999999999998,25.988888888888887,simmoli01-1991
sparrro01,37,-1.4,199011100SAC-SAC,199011100SAC-NYK,SAC-1991,0,1991,-51.8,25.988888888888887,sparrro01-1991
wennibi01,35,3.8,199011100SAC-SAC,199011100SAC-NYK,SAC-1991,0,1991,133,25.988888888888887,wennibi01-1991
tisdawa01,34,3.9,199011100SAC-SAC,199011100SAC-NYK,SAC-1991,0,1991,132.6,25.988888888888887,tisdawa01-1991
maystr01,33,1.7,199011100SAC-SAC,199011100SAC-NYK,SAC-1991,0,1991,56.1,25.988888888888887,maystr01-1991
hansebo01,25,-7.6,199011100SAC-SAC,199011100SAC-NYK,SAC-1991,0,1991,-190,25.988888888888887,hansebo01-1991
leckner01,12,-3.5,199011100SAC-SAC,199011100SAC-NYK,SAC-1991,0,1991,-42,25.988888888888887,leckner01-1991
coltest01,11,2.4,199011100SAC-SAC,199011100SAC-NYK,SAC-1991,0,1991,26.4,25.988888888888887,coltest01-1991
causwdu01,9,-1.2,199011100SAC-SAC,199011100SAC-NYK,SAC-1991,0,1991,-10.799999999999999,25.988888888888887,causwdu01-1991
simmoli01,39,2.7,199011150SAC-SAC,199011150SAC-SAS,SAC-1991,0,1991,105.30000000000001,-6.981818181818179,simmoli01-1991
hansebo01,36,-1,199011150SAC-SAC,199011150SAC-SAS,SAC-1991,0,1991,-36,-6.981818181818179,hansebo01-1991
tisdawa01,31,-1.9,199011150SAC-SAC,199011150SAC-SAS,SAC-1991,0,1991,-58.9,-6.981818181818179,tisdawa01-1991
sparrro01,30,0,199011150SAC-SAC,199011150SAC-SAS,SAC-1991,0,1991,0,-6.981818181818179,sparrro01-1991
carran01,26,3.6,199011150SAC-SAC,199011150SAC-SAS,SAC-1991,0,1991,93.60000000000001,-6.981818181818179,carran01-1991
wennibi01,17,-3.3,199011150SAC-SAC,199011150SAC-SAS,SAC-1991,0,1991,-56.099999999999994,-6.981818181818179,wennibi01-1991
maystr01,17,-3.1,199011150SAC-SAC,199011150SAC-SAS,SAC-1991,0,1991,-52.7,-6.981818181818179,maystr01-1991
leckner01,16,-1,199011150SAC-SAC,199011150SAC-SAS,SAC-1991,0,1991,-16,-6.981818181818179,leckner01-1991
coltest01,13,-0.2,199011150SAC-SAC,199011150SAC-SAS,SAC-1991,0,1991,-2.6,-6.981818181818179,coltest01-1991
causwdu01,12,-4.6,199011150SAC-SAC,199011150SAC-SAS,SAC-1991,0,1991,-55.199999999999996,-6.981818181818179,causwdu01-1991
callori01,3,0.6,199011150SAC-SAC,199011150SAC-SAS,SAC-1991,0,1991,1.7999999999999998,-6.981818181818179,callori01-1991
mullich01,43,13.1,199011170GSW-GSW,199011170GSW-SAC,GSW-1991,1,1991,563.3,48.99090909090909,mullich01-1991
hardati01,39,6.2,199011170GSW-GSW,199011170GSW-SAC,GSW-1991,1,1991,241.8,48.99090909090909,hardati01-1991
listeal01,33,1.3,199011170GSW-GSW,199011170GSW-SAC,GSW-1991,1,1991,42.9,48.99090909090909,listeal01-1991
tolbeto01,29,-2.4,199011170GSW-GSW,199011170GSW-SAC,GSW-1991,1,1991,-69.6,48.99090909090909,tolbeto01-1991
pritcke01,29,-1.9,199011170GSW-GSW,199011170GSW-SAC,GSW-1991,1,1991,-55.099999999999994,48.99090909090909,pritcke01-1991
marcisa01,25,-3.6,199011170GSW-GSW,199011170GSW-SAC,GSW-1991,1,1991,-90,48.99090909090909,marcisa01-1991
higgiro01,22,-3,199011170GSW-GSW,199011170GSW-SAC,GSW-1991,1,1991,-66,48.99090909090909,higgiro01-1991
hillty01,8,-3.8,199011170GSW-GSW,199011170GSW-SAC,GSW-1991,1,1991,-30.4,48.99090909090909,hillty01-1991
johnsst03,6,0.1,199011170GSW-GSW,199011170GSW-SAC,GSW-1991,1,1991,0.6000000000000001,48.99090909090909,johnsst03-1991
peterji01,5,0.3,199011170GSW-GSW,199011170GSW-SAC,GSW-1991,1,1991,1.5,48.99090909090909,peterji01-1991
kofoeba01,1,-0.1,199011170GSW-GSW,199011170GSW-SAC,GSW-1991,1,1991,-0.1,48.99090909090909,kofoeba01-1991
walkeda01,41,6.4,199011200WSB-WSB,199011200WSB-SAC,WSB-1991,0,1991,262.40000000000003,48.3909090909091,walkeda01-1991
kingbe01,40,15.3,199011200WSB-WSB,199011200WSB-SAC,WSB-1991,0,1991,612,48.3909090909091,kingbe01-1991
grantha01,34,0.2,199011200WSB-WSB,199011200WSB-SAC,WSB-1991,0,1991,6.800000000000001,48.3909090909091,grantha01-1991
jonesch01,33,1.5,199011200WSB-WSB,199011200WSB-SAC,WSB-1991,0,1991,49.5,48.3909090909091,jonesch01-1991
robinla01,27,-5.6,199011200WSB-WSB,199011200WSB-SAC,WSB-1991,0,1991,-151.2,48.3909090909091,robinla01-1991
engliaj01,21,-4,199011200WSB-WSB,199011200WSB-SAC,WSB-1991,0,1991,-84,48.3909090909091,engliaj01-1991
alarima01,18,-3.3,199011200WSB-WSB,199011200WSB-SAC,WSB-1991,0,1991,-59.4,48.3909090909091,alarima01-1991
ellispe01,16,-5.8,199011200WSB-WSB,199011200WSB-SAC,WSB-1991,0,1991,-92.8,48.3909090909091,ellispe01-1991
workmha01,7,-1.3,199011200WSB-WSB,199011200WSB-SAC,WSB-1991,0,1991,-9.1,48.3909090909091,workmha01-1991
hammoto01,2,-0.2,199011200WSB-WSB,199011200WSB-SAC,WSB-1991,0,1991,-0.4,48.3909090909091,hammoto01-1991
fostegr01,1,-1.5,199011200WSB-WSB,199011200WSB-SAC,WSB-1991,0,1991,-1.5,48.3909090909091,fostegr01-1991
hawkihe01,41,7.4,199011210PHI-PHI,199011210PHI-SAC,PHI-1991,1,1991,303.40000000000003,45.830000000000005,hawkihe01-1991
barklch01,37,11,199011210PHI-PHI,199011210PHI-SAC,PHI-1991,1,1991,407,45.830000000000005,barklch01-1991
mahorri01,34,-2,199011210PHI-PHI,199011210PHI-SAC,PHI-1991,1,1991,-68,45.830000000000005,mahorri01-1991
gminsmi01,31,3.6,199011210PHI-PHI,199011210PHI-SAC,PHI-1991,1,1991,111.60000000000001,45.830000000000005,gminsmi01-1991
greenri01,31,-5,199011210PHI-PHI,199011210PHI-SAC,PHI-1991,1,1991,-155,45.830000000000005,greenri01-1991
anderro01,24,-4.7,199011210PHI-PHI,199011210PHI-SAC,PHI-1991,1,1991,-112.80000000000001,45.830000000000005,anderro01-1991
olivebr01,17,-1.7,199011210PHI-PHI,199011210PHI-SAC,PHI-1991,1,1991,-28.9,45.830000000000005,olivebr01-1991
bolma01,15,0.4,199011210PHI-PHI,199011210PHI-SAC,PHI-1991,1,1991,6,45.830000000000005,bolma01-1991
payneke01,5,-0.7,199011210PHI-PHI,199011210PHI-SAC,PHI-1991,1,1991,-3.5,45.830000000000005,payneke01-1991
willija01,5,-0.3,199011210PHI-PHI,199011210PHI-SAC,PHI-1991,1,1991,-1.5,45.830000000000005,willija01-1991
shawbr01,34,10.7,199011230BOS-BOS,199011230BOS-SAC,BOS-1991,1,1991,363.79999999999995,50.33,shawbr01-1991
lewisre01,32,2.1,199011230BOS-BOS,199011230BOS-SAC,BOS-1991,1,1991,67.2,50.33,lewisre01-1991
mchalke01,32,4,199011230BOS-BOS,199011230BOS-SAC,BOS-1991,1,1991,128,50.33,mchalke01-1991
gamblke01,30,-4.8,199011230BOS-BOS,199011230BOS-SAC,BOS-1991,1,1991,-144,50.33,gamblke01-1991
birdla01,28,-0.2,199011230BOS-BOS,199011230BOS-SAC,BOS-1991,1,1991,-5.6000000000000005,50.33,birdla01-1991
brownde01,26,3.8,199011230BOS-BOS,199011230BOS-SAC,BOS-1991,1,1991,98.8,50.33,brownde01-1991
parisro01,22,0.1,199011230BOS-BOS,199011230BOS-SAC,BOS-1991,1,1991,2.2,50.33,parisro01-1991
kleinjo01,19,1.3,199011230BOS-BOS,199011230BOS-SAC,BOS-1991,1,1991,24.7,50.33,kleinjo01-1991
smithmi01,12,-2.4,199011230BOS-BOS,199011230BOS-SAC,BOS-1991,1,1991,-28.799999999999997,50.33,smithmi01-1991
vrankst01,5,-0.6,199011230BOS-BOS,199011230BOS-SAC,BOS-1991,1,1991,-3,50.33,vrankst01-1991
laimbbi01,34,6.3,199011250DET-DET,199011250DET-SAC,DET-1991,1,1991,214.2,47.6,laimbbi01-1991
thomais01,31,-1.8,199011250DET-DET,199011250DET-SAC,DET-1991,1,1991,-55.800000000000004,47.6,thomais01-1991
dumarjo01,30,2.6,199011250DET-DET,199011250DET-SAC,DET-1991,1,1991,78,47.6,dumarjo01-1991
rodmade01,29,0.1,199011250DET-DET,199011250DET-SAC,DET-1991,1,1991,2.9000000000000004,47.6,rodmade01-1991
johnsvi01,29,3.7,199011250DET-DET,199011250DET-SAC,DET-1991,1,1991,107.30000000000001,47.6,johnsvi01-1991
edwarja01,28,5.7,199011250DET-DET,199011250DET-SAC,DET-1991,1,1991,159.6,47.6,edwarja01-1991
aguirma01,21,3.7,199011250DET-DET,199011250DET-SAC,DET-1991,1,1991,77.7,47.6,aguirma01-1991
sallejo01,20,1,199011250DET-DET,199011250DET-SAC,DET-1991,1,1991,20,47.6,sallejo01-1991
blankla01,6,-1.8,199011250DET-DET,199011250DET-SAC,DET-1991,1,1991,-10.8,47.6,blankla01-1991
rollitr01,6,-2.9,199011250DET-DET,199011250DET-SAC,DET-1991,1,1991,-17.4,47.6,rollitr01-1991
bedfowi01,3,-2.2,199011250DET-DET,199011250DET-SAC,DET-1991,1,1991,-6.6000000000000005,47.6,bedfowi01-1991
hastisc01,3,0.7,199011250DET-DET,199011250DET-SAC,DET-1991,1,1991,2.0999999999999996,47.6,hastisc01-1991
tisdawa01,44,2.2,199011270SAC-SAC,199011270SAC-MIN,SAC-1991,0,1991,96.80000000000001,20.770000000000003,tisdawa01-1991
maystr01,41,1.4,199011270SAC-SAC,199011270SAC-MIN,SAC-1991,0,1991,57.4,20.770000000000003,maystr01-1991
sparrro01,38,0.1,199011270SAC-SAC,199011270SAC-MIN,SAC-1991,0,1991,3.8000000000000003,20.770000000000003,sparrro01-1991
simmoli01,34,5.7,199011270SAC-SAC,199011270SAC-MIN,SAC-1991,0,1991,193.8,20.770000000000003,simmoli01-1991
carran01,28,-0.5,199011270SAC-SAC,199011270SAC-MIN,SAC-1991,0,1991,-14,20.770000000000003,carran01-1991
wennibi01,27,-2.1,199011270SAC-SAC,199011270SAC-MIN,SAC-1991,0,1991,-56.7,20.770000000000003,wennibi01-1991
coltest01,10,-1.2,199011270SAC-SAC,199011270SAC-MIN,SAC-1991,0,1991,-12,20.770000000000003,coltest01-1991
leckner01,10,-4.7,199011270SAC-SAC,199011270SAC-MIN,SAC-1991,0,1991,-47,20.770000000000003,leckner01-1991
callori01,6,-2.3,199011270SAC-SAC,199011270SAC-MIN,SAC-1991,0,1991,-13.799999999999999,20.770000000000003,callori01-1991
causwdu01,2,-0.3,199011270SAC-SAC,199011270SAC-MIN,SAC-1991,0,1991,-0.6,20.770000000000003,causwdu01-1991
woolror01,39,10.6,199011290DEN-DEN,199011290DEN-SAC,DEN-1991,1,1991,413.4,34.13999999999999,woolror01-1991
rasmubl01,32,-3.2,199011290DEN-DEN,199011290DEN-SAC,DEN-1991,1,1991,-102.4,34.13999999999999,rasmubl01-1991
adamsmi01,31,7.9,199011290DEN-DEN,199011290DEN-SAC,DEN-1991,1,1991,244.9,34.13999999999999,adamsmi01-1991
lichtto01,31,-6.2,199011290DEN-DEN,199011290DEN-SAC,DEN-1991,1,1991,-192.20000000000002,34.13999999999999,lichtto01-1991
laneje01,26,1.9,199011290DEN-DEN,199011290DEN-SAC,DEN-1991,1,1991,49.4,34.13999999999999,laneje01-1991
daviswa03,26,-0.1,199011290DEN-DEN,199011290DEN-SAC,DEN-1991,1,1991,-2.6,34.13999999999999,daviswa03-1991
abdulma02,21,-2.6,199011290DEN-DEN,199011290DEN-SAC,DEN-1991,1,1991,-54.6,34.13999999999999,abdulma02-1991
wolfjo01,13,-0.3,199011290DEN-DEN,199011290DEN-SAC,DEN-1991,1,1991,-3.9,34.13999999999999,wolfjo01-1991
cookan01,11,-1.6,199011290DEN-DEN,199011290DEN-SAC,DEN-1991,1,1991,-17.6,34.13999999999999,cookan01-1991
dunntr01,10,0.7,199011290DEN-DEN,199011290DEN-SAC,DEN-1991,1,1991,7,34.13999999999999,dunntr01-1991
smithke01,33,6.5,199012010HOU-HOU,199012010HOU-SAC,HOU-1991,1,1991,214.5,56.28181818181818,smithke01-1991
maxweve01,30,0.6,199012010HOU-HOU,199012010HOU-SAC,HOU-1991,1,1991,18,56.28181818181818,maxweve01-1991
olajuha01,30,3.4,199012010HOU-HOU,199012010HOU-SAC,HOU-1991,1,1991,102,56.28181818181818,olajuha01-1991
floydsl01,25,6.5,199012010HOU-HOU,199012010HOU-SAC,HOU-1991,1,1991,162.5,56.28181818181818,floydsl01-1991
thorpot01,24,-2.1,199012010HOU-HOU,199012010HOU-SAC,HOU-1991,1,1991,-50.400000000000006,56.28181818181818,thorpot01-1991
smithla01,24,3.7,199012010HOU-HOU,199012010HOU-SAC,HOU-1991,1,1991,88.80000000000001,56.28181818181818,smithla01-1991
johnsbu01,23,-3.4,199012010HOU-HOU,199012010HOU-SAC,HOU-1991,1,1991,-78.2,56.28181818181818,johnsbu01-1991
woodda01,22,5.7,199012010HOU-HOU,199012010HOU-SAC,HOU-1991,1,1991,125.4,56.28181818181818,woodda01-1991
feitlda01,18,2.6,199012010HOU-HOU,199012010HOU-SAC,HOU-1991,1,1991,46.800000000000004,56.28181818181818,feitlda01-1991
winchke01,7,-2.1,199012010HOU-HOU,199012010HOU-SAC,HOU-1991,1,1991,-14.700000000000001,56.28181818181818,winchke01-1991
jamerda01,4,1.1,199012010HOU-HOU,199012010HOU-SAC,HOU-1991,1,1991,4.4,56.28181818181818,jamerda01-1991
tisdawa01,37,-0.1,199012040SAC-SAC,199012040SAC-DAL,SAC-1991,1,1991,-3.7,54.38181818181819,tisdawa01-1991
carran01,34,9.8,199012040SAC-SAC,199012040SAC-DAL,SAC-1991,1,1991,333.20000000000005,54.38181818181819,carran01-1991
hansebo01,29,2.2,199012040SAC-SAC,199012040SAC-DAL,SAC-1991,1,1991,63.800000000000004,54.38181818181819,hansebo01-1991
causwdu01,28,5.8,199012040SAC-SAC,199012040SAC-DAL,SAC-1991,1,1991,162.4,54.38181818181819,causwdu01-1991
simmoli01,28,-2.3,199012040SAC-SAC,199012040SAC-DAL,SAC-1991,1,1991,-64.39999999999999,54.38181818181819,simmoli01-1991
sparrro01,24,0.4,199012040SAC-SAC,199012040SAC-DAL,SAC-1991,1,1991,9.600000000000001,54.38181818181819,sparrro01-1991
woodle01,24,1.5,199012040SAC-SAC,199012040SAC-DAL,SAC-1991,1,1991,36,54.38181818181819,woodle01-1991
maystr01,16,3.7,199012040SAC-SAC,199012040SAC-DAL,SAC-1991,1,1991,59.2,54.38181818181819,maystr01-1991
leckner01,13,1.1,199012040SAC-SAC,199012040SAC-DAL,SAC-1991,1,1991,14.3,54.38181818181819,leckner01-1991
wennibi01,4,-2,199012040SAC-SAC,199012040SAC-DAL,SAC-1991,1,1991,-8,54.38181818181819,wennibi01-1991
callori01,3,-1.4,199012040SAC-SAC,199012040SAC-DAL,SAC-1991,1,1991,-4.199999999999999,54.38181818181819,callori01-1991
simmoli01,37,-1.6,199012060SAC-SAC,199012060SAC-WSB,SAC-1991,1,1991,-59.2,66.16363636363636,simmoli01-1991
maystr01,36,9,199012060SAC-SAC,199012060SAC-WSB,SAC-1991,1,1991,324,66.16363636363636,maystr01-1991
tisdawa01,35,9.4,199012060SAC-SAC,199012060SAC-WSB,SAC-1991,1,1991,329,66.16363636363636,tisdawa01-1991
sparrro01,32,7.1,199012060SAC-SAC,199012060SAC-WSB,SAC-1991,1,1991,227.2,66.16363636363636,sparrro01-1991
causwdu01,29,-1.3,199012060SAC-SAC,199012060SAC-WSB,SAC-1991,1,1991,-37.7,66.16363636363636,causwdu01-1991
carran01,28,0.3,199012060SAC-SAC,199012060SAC-WSB,SAC-1991,1,1991,8.4,66.16363636363636,carran01-1991
hansebo01,14,-4.6,199012060SAC-SAC,199012060SAC-WSB,SAC-1991,1,1991,-64.39999999999999,66.16363636363636,hansebo01-1991
woodle01,14,0.7,199012060SAC-SAC,199012060SAC-WSB,SAC-1991,1,1991,9.799999999999999,66.16363636363636,woodle01-1991
wennibi01,9,-0.2,199012060SAC-SAC,199012060SAC-WSB,SAC-1991,1,1991,-1.8,66.16363636363636,wennibi01-1991
callori01,3,-0.7,199012060SAC-SAC,199012060SAC-WSB,SAC-1991,1,1991,-2.0999999999999996,66.16363636363636,callori01-1991
leckner01,3,-1.8,199012060SAC-SAC,199012060SAC-WSB,SAC-1991,1,1991,-5.4,66.16363636363636,leckner01-1991
tisdawa01,42,-4,199012080SAC-SAC,199012080SAC-DET,SAC-1991,0,1991,-168,18.299999999999997,tisdawa01-1991
maystr01,38,0.6,199012080SAC-SAC,199012080SAC-DET,SAC-1991,0,1991,22.8,18.299999999999997,maystr01-1991
simmoli01,37,5.8,199012080SAC-SAC,199012080SAC-DET,SAC-1991,0,1991,214.6,18.299999999999997,simmoli01-1991
carran01,32,2.3,199012080SAC-SAC,199012080SAC-DET,SAC-1991,0,1991,73.6,18.299999999999997,carran01-1991
sparrro01,30,2.4,199012080SAC-SAC,199012080SAC-DET,SAC-1991,0,1991,72,18.299999999999997,sparrro01-1991
hansebo01,22,1.9,199012080SAC-SAC,199012080SAC-DET,SAC-1991,0,1991,41.8,18.299999999999997,hansebo01-1991
causwdu01,12,-3,199012080SAC-SAC,199012080SAC-DET,SAC-1991,0,1991,-36,18.299999999999997,causwdu01-1991
leckner01,11,-2.2,199012080SAC-SAC,199012080SAC-DET,SAC-1991,0,1991,-24.200000000000003,18.299999999999997,leckner01-1991
wennibi01,10,-0.1,199012080SAC-SAC,199012080SAC-DET,SAC-1991,0,1991,-1,18.299999999999997,wennibi01-1991
woodle01,6,-2.1,199012080SAC-SAC,199012080SAC-DET,SAC-1991,0,1991,-12.600000000000001,18.299999999999997,woodle01-1991
chambto01,35,2.3,199012110PHO-PHO,199012110PHO-SAC,PHO-1991,1,1991,80.5,61.945454545454545,chambto01-1991
hornaje01,34,-0.1,199012110PHO-PHO,199012110PHO-SAC,PHO-1991,1,1991,-3.4000000000000004,61.945454545454545,hornaje01-1991
johnske02,31,13.3,199012110PHO-PHO,199012110PHO-SAC,PHO-1991,1,1991,412.3,61.945454545454545,johnske02-1991
mcdanxa01,30,4.5,199012110PHO-PHO,199012110PHO-SAC,PHO-1991,1,1991,135,61.945454545454545,mcdanxa01-1991
majerda01,28,4.2,199012110PHO-PHO,199012110PHO-SAC,PHO-1991,1,1991,117.60000000000001,61.945454545454545,majerda01-1991
perryti01,28,-1.9,199012110PHO-PHO,199012110PHO-SAC,PHO-1991,1,1991,-53.199999999999996,61.945454545454545,perryti01-1991
rambiku01,21,0.1,199012110PHO-PHO,199012110PHO-SAC,PHO-1991,1,1991,2.1,61.945454545454545,rambiku01-1991
westma01,18,-1.1,199012110PHO-PHO,199012110PHO-SAC,PHO-1991,1,1991,-19.8,61.945454545454545,westma01-1991
knighne01,6,0.4,199012110PHO-PHO,199012110PHO-SAC,PHO-1991,1,1991,2.4000000000000004,61.945454545454545,knighne01-1991
cebalce01,5,1.5,199012110PHO-PHO,199012110PHO-SAC,PHO-1991,1,1991,7.5,61.945454545454545,cebalce01-1991
nealyed01,4,0.1,199012110PHO-PHO,199012110PHO-SAC,PHO-1991,1,1991,0.4,61.945454545454545,nealyed01-1991
simmoli01,40,0.8,199012130SAC-SAC,199012130SAC-POR,SAC-1991,1,1991,32,57.44,simmoli01-1991
tisdawa01,33,-0.5,199012130SAC-SAC,199012130SAC-POR,SAC-1991,1,1991,-16.5,57.44,tisdawa01-1991
carran01,33,7.9,199012130SAC-SAC,199012130SAC-POR,SAC-1991,1,1991,260.7,57.44,carran01-1991
bonnean01,28,4.7,199012130SAC-SAC,199012130SAC-POR,SAC-1991,1,1991,131.6,57.44,bonnean01-1991
woodle01,26,7,199012130SAC-SAC,199012130SAC-POR,SAC-1991,1,1991,182,57.44,woodle01-1991
causwdu01,22,-2,199012130SAC-SAC,199012130SAC-POR,SAC-1991,1,1991,-44,57.44,causwdu01-1991
sparrro01,22,1.3,199012130SAC-SAC,199012130SAC-POR,SAC-1991,1,1991,28.6,57.44,sparrro01-1991
hansebo01,16,1.5,199012130SAC-SAC,199012130SAC-POR,SAC-1991,1,1991,24,57.44,hansebo01-1991
leckner01,14,-1.8,199012130SAC-SAC,199012130SAC-POR,SAC-1991,1,1991,-25.2,57.44,leckner01-1991
wennibi01,6,0.2,199012130SAC-SAC,199012130SAC-POR,SAC-1991,1,1991,1.2000000000000002,57.44,wennibi01-1991
tisdawa01,43,3.9,199012150SAC-SAC,199012150SAC-ORL,SAC-1991,1,1991,167.7,37.34444444444444,tisdawa01-1991
simmoli01,41,-2.8,199012150SAC-SAC,199012150SAC-ORL,SAC-1991,1,1991,-114.8,37.34444444444444,simmoli01-1991
bonnean01,29,-0.6,199012150SAC-SAC,199012150SAC-ORL,SAC-1991,1,1991,-17.4,37.34444444444444,bonnean01-1991
hansebo01,28,-2,199012150SAC-SAC,199012150SAC-ORL,SAC-1991,1,1991,-56,37.34444444444444,hansebo01-1991
woodle01,28,11.5,199012150SAC-SAC,199012150SAC-ORL,SAC-1991,1,1991,322,37.34444444444444,woodle01-1991
carran01,26,0.2,199012150SAC-SAC,199012150SAC-ORL,SAC-1991,1,1991,5.2,37.34444444444444,carran01-1991
sparrro01,20,1.6,199012150SAC-SAC,199012150SAC-ORL,SAC-1991,1,1991,32,37.34444444444444,sparrro01-1991
wennibi01,13,-0.2,199012150SAC-SAC,199012150SAC-ORL,SAC-1991,1,1991,-2.6,37.34444444444444,wennibi01-1991
causwdu01,12,0,199012150SAC-SAC,199012150SAC-ORL,SAC-1991,1,1991,0,37.34444444444444,causwdu01-1991
simmoli01,47,0.7,199012180SAC-SAC,199012180SAC-MIN,SAC-1991,1,1991,32.9,40.31111111111112,simmoli01-1991
tisdawa01,41,3.4,199012180SAC-SAC,199012180SAC-MIN,SAC-1991,1,1991,139.4,40.31111111111112,tisdawa01-1991
bonnean01,34,2.5,199012180SAC-SAC,199012180SAC-MIN,SAC-1991,1,1991,85,40.31111111111112,bonnean01-1991
sparrro01,29,-1.7,199012180SAC-SAC,199012180SAC-MIN,SAC-1991,1,1991,-49.3,40.31111111111112,sparrro01-1991
causwdu01,24,7.4,199012180SAC-SAC,199012180SAC-MIN,SAC-1991,1,1991,177.60000000000002,40.31111111111112,causwdu01-1991
carran01,22,0.6,199012180SAC-SAC,199012180SAC-MIN,SAC-1991,1,1991,13.2,40.31111111111112,carran01-1991
wennibi01,22,-1.3,199012180SAC-SAC,199012180SAC-MIN,SAC-1991,1,1991,-28.6,40.31111111111112,wennibi01-1991
woodle01,19,-0.4,199012180SAC-SAC,199012180SAC-MIN,SAC-1991,1,1991,-7.6000000000000005,40.31111111111112,woodle01-1991
callori01,2,0.1,199012180SAC-SAC,199012180SAC-MIN,SAC-1991,1,1991,0.2,40.31111111111112,callori01-1991
simmoli01,39,-1.5,199012200SAC-SAC,199012200SAC-SEA,SAC-1991,0,1991,-58.5,-29.14,simmoli01-1991
bonnean01,35,-1.4,199012200SAC-SAC,199012200SAC-SEA,SAC-1991,0,1991,-49,-29.14,bonnean01-1991
carran01,34,5,199012200SAC-SAC,199012200SAC-SEA,SAC-1991,0,1991,170,-29.14,carran01-1991
tisdawa01,33,-3.1,199012200SAC-SAC,199012200SAC-SEA,SAC-1991,0,1991,-102.3,-29.14,tisdawa01-1991
woodle01,26,-3.9,199012200SAC-SAC,199012200SAC-SEA,SAC-1991,0,1991,-101.39999999999999,-29.14,woodle01-1991
sparrro01,22,-5.7,199012200SAC-SAC,199012200SAC-SEA,SAC-1991,0,1991,-125.4,-29.14,sparrro01-1991
causwdu01,17,-1.2,199012200SAC-SAC,199012200SAC-SEA,SAC-1991,0,1991,-20.4,-29.14,causwdu01-1991
wennibi01,14,3.4,199012200SAC-SAC,199012200SAC-SEA,SAC-1991,0,1991,47.6,-29.14,wennibi01-1991
leckner01,11,-1.7,199012200SAC-SAC,199012200SAC-SEA,SAC-1991,0,1991,-18.7,-29.14,leckner01-1991
callori01,9,-3.7,199012200SAC-SAC,199012200SAC-SEA,SAC-1991,0,1991,-33.300000000000004,-29.14,callori01-1991
polynol01,34,1.7,199012220SEA-SEA,199012220SEA-SAC,SEA-1991,1,1991,57.8,50.56,polynol01-1991
paytoga01,30,-0.5,199012220SEA-SEA,199012220SEA-SAC,SEA-1991,1,1991,-15,50.56,paytoga01-1991
mckeyde01,29,1.9,199012220SEA-SEA,199012220SEA-SAC,SEA-1991,1,1991,55.099999999999994,50.56,mckeyde01-1991
johnsed03,28,7.4,199012220SEA-SEA,199012220SEA-SAC,SEA-1991,1,1991,207.20000000000002,50.56,johnsed03-1991
ellisda01,27,1.9,199012220SEA-SEA,199012220SEA-SAC,SEA-1991,1,1991,51.3,50.56,ellisda01-1991
kempsh01,23,2.5,199012220SEA-SEA,199012220SEA-SAC,SEA-1991,1,1991,57.5,50.56,kempsh01-1991
mcmilna01,22,-4.3,199012220SEA-SEA,199012220SEA-SAC,SEA-1991,1,1991,-94.6,50.56,mcmilna01-1991
cagemi01,18,4.6,199012220SEA-SEA,199012220SEA-SAC,SEA-1991,1,1991,82.8,50.56,cagemi01-1991
threase01,17,2.7,199012220SEA-SEA,199012220SEA-SAC,SEA-1991,1,1991,45.900000000000006,50.56,threase01-1991
barroda01,12,4.8,199012220SEA-SEA,199012220SEA-SAC,SEA-1991,1,1991,57.599999999999994,50.56,barroda01-1991
normake01,40,7.1,199012230LAC-LAC,199012230LAC-SAC,LAC-1991,1,1991,284,54.64,normake01-1991
smithch01,34,-1.1,199012230LAC-LAC,199012230LAC-SAC,LAC-1991,1,1991,-37.400000000000006,54.64,smithch01-1991
mannida01,31,6.7,199012230LAC-LAC,199012230LAC-SAC,LAC-1991,1,1991,207.70000000000002,54.64,mannida01-1991
vaughlo01,30,-0.7,199012230LAC-LAC,199012230LAC-SAC,LAC-1991,1,1991,-21,54.64,vaughlo01-1991
garlawi01,29,1.8,199012230LAC-LAC,199012230LAC-SAC,LAC-1991,1,1991,52.2,54.64,garlawi01-1991
grantga01,26,0.4,199012230LAC-LAC,199012230LAC-SAC,LAC-1991,1,1991,10.4,54.64,grantga01-1991
garrito01,25,5.2,199012230LAC-LAC,199012230LAC-SAC,LAC-1991,1,1991,130,54.64,garrito01-1991
kimblbo01,11,-5.3,199012230LAC-LAC,199012230LAC-SAC,LAC-1991,1,1991,-58.3,54.64,kimblbo01-1991
bannike01,9,-2.8,199012230LAC-LAC,199012230LAC-SAC,LAC-1991,1,1991,-25.2,54.64,bannike01-1991
martije01,5,0.8,199012230LAC-LAC,199012230LAC-SAC,LAC-1991,1,1991,4,54.64,martije01-1991
maystr01,42,9,199012260SAC-SAC,199012260SAC-DEN,SAC-1991,0,1991,378,-1.544444444444446,maystr01-1991
sparrro01,41,1.1,199012260SAC-SAC,199012260SAC-DEN,SAC-1991,0,1991,45.1,-1.544444444444446,sparrro01-1991
simmoli01,40,-1.7,199012260SAC-SAC,199012260SAC-DEN,SAC-1991,0,1991,-68,-1.544444444444446,simmoli01-1991
tisdawa01,39,-4.9,199012260SAC-SAC,199012260SAC-DEN,SAC-1991,0,1991,-191.10000000000002,-1.544444444444446,tisdawa01-1991
carran01,24,-3.4,199012260SAC-SAC,199012260SAC-DEN,SAC-1991,0,1991,-81.6,-1.544444444444446,carran01-1991
sampsra01,22,-1.2,199012260SAC-SAC,199012260SAC-DEN,SAC-1991,0,1991,-26.4,-1.544444444444446,sampsra01-1991
bonnean01,19,-2.1,199012260SAC-SAC,199012260SAC-DEN,SAC-1991,0,1991,-39.9,-1.544444444444446,bonnean01-1991
causwdu01,7,-1.2,199012260SAC-SAC,199012260SAC-DEN,SAC-1991,0,1991,-8.4,-1.544444444444446,causwdu01-1991
callori01,6,-3.6,199012260SAC-SAC,199012260SAC-DEN,SAC-1991,0,1991,-21.6,-1.544444444444446,callori01-1991
stricro02,41,3,199012280SAS-SAS,199012280SAS-SAC,SAS-1991,1,1991,123,73.13333333333334,stricro02-1991
cummite01,36,3.1,199012280SAS-SAS,199012280SAS-SAC,SAS-1991,1,1991,111.60000000000001,73.13333333333334,cummite01-1991
robinda01,35,10.4,199012280SAS-SAS,199012280SAS-SAC,SAS-1991,1,1991,364,73.13333333333334,robinda01-1991
elliose01,32,2.4,199012280SAS-SAS,199012280SAS-SAC,SAS-1991,1,1991,76.8,73.13333333333334,elliose01-1991
presspa01,25,-2.4,199012280SAS-SAS,199012280SAS-SAC,SAS-1991,1,1991,-60,73.13333333333334,presspa01-1991
anderwi01,22,-1.3,199012280SAS-SAS,199012280SAS-SAC,SAS-1991,1,1991,-28.6,73.13333333333334,anderwi01-1991
schindw01,21,3.9,199012280SAS-SAS,199012280SAS-SAC,SAS-1991,1,1991,81.89999999999999,73.13333333333334,schindw01-1991
higgise01,19,0.3,199012280SAS-SAS,199012280SAS-SAC,SAS-1991,1,1991,5.7,73.13333333333334,higgise01-1991
masseto01,9,-1.8,199012280SAS-SAS,199012280SAS-SAC,SAS-1991,1,1991,-16.2,73.13333333333334,masseto01-1991
harpede01,43,7.4,199012290DAL-DAL,199012290DAL-SAC,DAL-1991,1,1991,318.2,60.6,harpede01-1991
donalja01,42,4,199012290DAL-DAL,199012290DAL-SAC,DAL-1991,1,1991,168,60.6,donalja01-1991
englial01,39,-5.7,199012290DAL-DAL,199012290DAL-SAC,DAL-1991,1,1991,-222.3,60.6,englial01-1991
blackro01,38,0.2,199012290DAL-DAL,199012290DAL-SAC,DAL-1991,1,1991,7.6000000000000005,60.6,blackro01-1991
mccraro01,34,5.7,199012290DAL-DAL,199012290DAL-SAC,DAL-1991,1,1991,193.8,60.6,mccraro01-1991
davisbr01,19,0.5,199012290DAL-DAL,199012290DAL-SAC,DAL-1991,1,1991,9.5,60.6,davisbr01-1991
whitera01,19,1,199012290DAL-DAL,199012290DAL-SAC,DAL-1991,1,1991,19,60.6,whitera01-1991
shaskjo01,6,-1.5,199012290DAL-DAL,199012290DAL-SAC,DAL-1991,1,1991,-9,60.6,shaskjo01-1991
simmoli01,43,10.1,199101030SAC-SAC,199101030SAC-GSW,SAC-1991,1,1991,434.3,63.85454545454546,simmoli01-1991
tisdawa01,31,-3.9,199101030SAC-SAC,199101030SAC-GSW,SAC-1991,1,1991,-120.89999999999999,63.85454545454546,tisdawa01-1991
carran01,29,9.3,199101030SAC-SAC,199101030SAC-GSW,SAC-1991,1,1991,269.70000000000005,63.85454545454546,carran01-1991
sparrro01,27,-0.4,199101030SAC-SAC,199101030SAC-GSW,SAC-1991,1,1991,-10.8,63.85454545454546,sparrro01-1991
causwdu01,24,4.1,199101030SAC-SAC,199101030SAC-GSW,SAC-1991,1,1991,98.39999999999999,63.85454545454546,causwdu01-1991
bonnean01,24,1.8,199101030SAC-SAC,199101030SAC-GSW,SAC-1991,1,1991,43.2,63.85454545454546,bonnean01-1991
maystr01,23,-3.5,199101030SAC-SAC,199101030SAC-GSW,SAC-1991,1,1991,-80.5,63.85454545454546,maystr01-1991
lesji01,21,2.7,199101030SAC-SAC,199101030SAC-GSW,SAC-1991,1,1991,56.7,63.85454545454546,lesji01-1991
wennibi01,14,1.3,199101030SAC-SAC,199101030SAC-GSW,SAC-1991,1,1991,18.2,63.85454545454546,wennibi01-1991
leckner01,3,-1.6,199101030SAC-SAC,199101030SAC-GSW,SAC-1991,1,1991,-4.800000000000001,63.85454545454546,leckner01-1991
callori01,1,-1.1,199101030SAC-SAC,199101030SAC-GSW,SAC-1991,1,1991,-1.1,63.85454545454546,callori01-1991
carran01,39,4,199101050SAC-SAC,199101050SAC-UTA,SAC-1991,0,1991,156,33.233333333333334,carran01-1991
maystr01,38,4.7,199101050SAC-SAC,199101050SAC-UTA,SAC-1991,0,1991,178.6,33.233333333333334,maystr01-1991
simmoli01,32,-0.1,199101050SAC-SAC,199101050SAC-UTA,SAC-1991,0,1991,-3.2,33.233333333333334,simmoli01-1991
sparrro01,31,0.1,199101050SAC-SAC,199101050SAC-UTA,SAC-1991,0,1991,3.1,33.233333333333334,sparrro01-1991
tisdawa01,31,-0.5,199101050SAC-SAC,199101050SAC-UTA,SAC-1991,0,1991,-15.5,33.233333333333334,tisdawa01-1991
causwdu01,29,2.9,199101050SAC-SAC,199101050SAC-UTA,SAC-1991,0,1991,84.1,33.233333333333334,causwdu01-1991
bonnean01,22,-0.7,199101050SAC-SAC,199101050SAC-UTA,SAC-1991,0,1991,-15.399999999999999,33.233333333333334,bonnean01-1991
lesji01,17,-5.2,199101050SAC-SAC,199101050SAC-UTA,SAC-1991,0,1991,-88.4,33.233333333333334,lesji01-1991
wennibi01,1,-0.2,199101050SAC-SAC,199101050SAC-UTA,SAC-1991,0,1991,-0.2,33.233333333333334,wennibi01-1991
catlete01,33,3.5,199101070ORL-ORL,199101070ORL-SAC,ORL-1991,1,1991,115.5,52.91,catlete01-1991
turneje01,30,1.7,199101070ORL-ORL,199101070ORL-SAC,ORL-1991,1,1991,51,52.91,turneje01-1991
scottde01,29,0.1,199101070ORL-ORL,199101070ORL-SAC,ORL-1991,1,1991,2.9000000000000004,52.91,scottde01-1991
skilesc01,27,-2.7,199101070ORL-ORL,199101070ORL-SAC,ORL-1991,1,1991,-72.9,52.91,skilesc01-1991
anderni01,26,2.7,199101070ORL-ORL,199101070ORL-SAC,ORL-1991,1,1991,70.2,52.91,anderni01-1991
kitegr01,23,0.6,199101070ORL-ORL,199101070ORL-SAC,ORL-1991,1,1991,13.799999999999999,52.91,kitegr01-1991
smithot01,22,8.5,199101070ORL-ORL,199101070ORL-SAC,ORL-1991,1,1991,187,52.91,smithot01-1991
vincesa01,21,2.4,199101070ORL-ORL,199101070ORL-SAC,ORL-1991,1,1991,50.4,52.91,vincesa01-1991
reynoje01,19,6.8,199101070ORL-ORL,199101070ORL-SAC,ORL-1991,1,1991,129.2,52.91,reynoje01-1991
anslemi01,10,-1.8,199101070ORL-ORL,199101070ORL-SAC,ORL-1991,1,1991,-18,52.91,anslemi01-1991
longgr01,41,4.7,199101080MIA-MIA,199101080MIA-SAC,MIA-1991,1,1991,192.70000000000002,64.2,longgr01-1991
douglsh01,38,-1,199101080MIA-MIA,199101080MIA-SAC,MIA-1991,1,1991,-38,64.2,douglsh01-1991
thompbi01,37,4.8,199101080MIA-MIA,199101080MIA-SAC,MIA-1991,1,1991,177.6,64.2,thompbi01-1991
ricegl01,35,1.9,199101080MIA-MIA,199101080MIA-SAC,MIA-1991,1,1991,66.5,64.2,ricegl01-1991
daviste01,31,4.3,199101080MIA-MIA,199101080MIA-SAC,MIA-1991,1,1991,133.29999999999998,64.2,daviste01-1991
edwarke01,26,3.3,199101080MIA-MIA,199101080MIA-SAC,MIA-1991,1,1991,85.8,64.2,edwarke01-1991
burtowi01,19,-2.2,199101080MIA-MIA,199101080MIA-SAC,MIA-1991,1,1991,-41.800000000000004,64.2,burtowi01-1991
colesbi01,10,1.4,199101080MIA-MIA,199101080MIA-SAC,MIA-1991,1,1991,14,64.2,colesbi01-1991
kesslal01,3,-4.1,199101080MIA-MIA,199101080MIA-SAC,MIA-1991,1,1991,-12.299999999999999,64.2,kesslal01-1991
reidjr01,35,1.8,199101100CHH-CHH,199101100CHH-SAC,CHH-1991,1,1991,63,63.19090909090909,reidjr01-1991
chapmre01,29,-4.3,199101100CHH-CHH,199101100CHH-SAC,CHH-1991,1,1991,-124.69999999999999,63.19090909090909,chapmre01-1991
gminsmi01,28,6.1,199101100CHH-CHH,199101100CHH-SAC,CHH-1991,1,1991,170.79999999999998,63.19090909090909,gminsmi01-1991
newmajo01,28,11.9,199101100CHH-CHH,199101100CHH-SAC,CHH-1991,1,1991,333.2,63.19090909090909,newmajo01-1991
boguemu01,25,0.8,199101100CHH-CHH,199101100CHH-SAC,CHH-1991,1,1991,20,63.19090909090909,boguemu01-1991
gillke01,23,-1.6,199101100CHH-CHH,199101100CHH-SAC,CHH-1991,1,1991,-36.800000000000004,63.19090909090909,gillke01-1991
tripuke01,20,8.3,199101100CHH-CHH,199101100CHH-SAC,CHH-1991,1,1991,166,63.19090909090909,tripuke01-1991
curryde01,19,1.3,199101100CHH-CHH,199101100CHH-SAC,CHH-1991,1,1991,24.7,63.19090909090909,curryde01-1991
gattike01,17,1.9,199101100CHH-CHH,199101100CHH-SAC,CHH-1991,1,1991,32.3,63.19090909090909,gattike01-1991
keysra01,9,4.4,199101100CHH-CHH,199101100CHH-SAC,CHH-1991,1,1991,39.6,63.19090909090909,keysra01-1991
schefst01,7,1,199101100CHH-CHH,199101100CHH-SAC,CHH-1991,1,1991,7,63.19090909090909,schefst01-1991
causwdu01,39,6.4,199101120SAC-SAC,199101120SAC-SEA,SAC-1991,1,1991,249.60000000000002,48.36,causwdu01-1991
simmoli01,38,-3.9,199101120SAC-SAC,199101120SAC-SEA,SAC-1991,1,1991,-148.2,48.36,simmoli01-1991
carran01,37,1.9,199101120SAC-SAC,199101120SAC-SEA,SAC-1991,1,1991,70.3,48.36,carran01-1991
maystr01,34,0.2,199101120SAC-SAC,199101120SAC-SEA,SAC-1991,1,1991,6.800000000000001,48.36,maystr01-1991
sparrro01,33,6.6,199101120SAC-SAC,199101120SAC-SEA,SAC-1991,1,1991,217.79999999999998,48.36,sparrro01-1991
bonnean01,19,0.6,199101120SAC-SAC,199101120SAC-SEA,SAC-1991,1,1991,11.4,48.36,bonnean01-1991
callori01,16,5,199101120SAC-SAC,199101120SAC-SEA,SAC-1991,1,1991,80,48.36,callori01-1991
lesji01,16,-0.6,199101120SAC-SAC,199101120SAC-SEA,SAC-1991,1,1991,-9.6,48.36,lesji01-1991
leckner01,5,1.1,199101120SAC-SAC,199101120SAC-SEA,SAC-1991,1,1991,5.5,48.36,leckner01-1991
wennibi01,3,0,199101120SAC-SAC,199101120SAC-SEA,SAC-1991,1,1991,0,48.36,wennibi01-1991
maystr01,38,0.3,199101170SAC-SAC,199101170SAC-LAL,SAC-1991,0,1991,11.4,8.479999999999999,maystr01-1991
simmoli01,38,-4.5,199101170SAC-SAC,199101170SAC-LAL,SAC-1991,0,1991,-171,8.479999999999999,simmoli01-1991
carran01,33,9.1,199101170SAC-SAC,199101170SAC-LAL,SAC-1991,0,1991,300.3,8.479999999999999,carran01-1991
sparrro01,32,7,199101170SAC-SAC,199101170SAC-LAL,SAC-1991,0,1991,224,8.479999999999999,sparrro01-1991
bonnean01,27,-1.9,199101170SAC-SAC,199101170SAC-LAL,SAC-1991,0,1991,-51.3,8.479999999999999,bonnean01-1991
causwdu01,25,-4.9,199101170SAC-SAC,199101170SAC-LAL,SAC-1991,0,1991,-122.50000000000001,8.479999999999999,causwdu01-1991
leckner01,21,-3.1,199101170SAC-SAC,199101170SAC-LAL,SAC-1991,0,1991,-65.10000000000001,8.479999999999999,leckner01-1991
lesji01,16,-2.7,199101170SAC-SAC,199101170SAC-LAL,SAC-1991,0,1991,-43.2,8.479999999999999,lesji01-1991
callori01,8,0,199101170SAC-SAC,199101170SAC-LAL,SAC-1991,0,1991,0,8.479999999999999,callori01-1991
fredean01,2,1.1,199101170SAC-SAC,199101170SAC-LAL,SAC-1991,0,1991,2.2,8.479999999999999,fredean01-1991
carran01,39,5,199101190SAC-SAC,199101190SAC-PHO,SAC-1991,1,1991,195,41.35,carran01-1991
maystr01,39,2.3,199101190SAC-SAC,199101190SAC-PHO,SAC-1991,1,1991,89.69999999999999,41.35,maystr01-1991
simmoli01,35,-4.6,199101190SAC-SAC,199101190SAC-PHO,SAC-1991,1,1991,-161,41.35,simmoli01-1991
causwdu01,32,6.6,199101190SAC-SAC,199101190SAC-PHO,SAC-1991,1,1991,211.2,41.35,causwdu01-1991
lesji01,25,1.5,199101190SAC-SAC,199101190SAC-PHO,SAC-1991,1,1991,37.5,41.35,lesji01-1991
sparrro01,23,3.2,199101190SAC-SAC,199101190SAC-PHO,SAC-1991,1,1991,73.60000000000001,41.35,sparrro01-1991
bonnean01,23,-0.9,199101190SAC-SAC,199101190SAC-PHO,SAC-1991,1,1991,-20.7,41.35,bonnean01-1991
leckner01,14,-2.5,199101190SAC-SAC,199101190SAC-PHO,SAC-1991,1,1991,-35,41.35,leckner01-1991
callori01,9,2.6,199101190SAC-SAC,199101190SAC-PHO,SAC-1991,1,1991,23.400000000000002,41.35,callori01-1991
fredean01,1,-0.2,199101190SAC-SAC,199101190SAC-PHO,SAC-1991,1,1991,-0.2,41.35,fredean01-1991
simmoli01,40,-0.4,199101210SAC-SAC,199101210SAC-HOU,SAC-1991,1,1991,-16,29.754545454545454,simmoli01-1991
maystr01,39,3.6,199101210SAC-SAC,199101210SAC-HOU,SAC-1991,1,1991,140.4,29.754545454545454,maystr01-1991
carran01,32,0.4,199101210SAC-SAC,199101210SAC-HOU,SAC-1991,1,1991,12.8,29.754545454545454,carran01-1991
causwdu01,32,1.7,199101210SAC-SAC,199101210SAC-HOU,SAC-1991,1,1991,54.4,29.754545454545454,causwdu01-1991
sparrro01,32,5,199101210SAC-SAC,199101210SAC-HOU,SAC-1991,1,1991,160,29.754545454545454,sparrro01-1991
bonnean01,22,-0.8,199101210SAC-SAC,199101210SAC-HOU,SAC-1991,1,1991,-17.6,29.754545454545454,bonnean01-1991
lesji01,20,1.8,199101210SAC-SAC,199101210SAC-HOU,SAC-1991,1,1991,36,29.754545454545454,lesji01-1991
leckner01,13,-3.4,199101210SAC-SAC,199101210SAC-HOU,SAC-1991,1,1991,-44.199999999999996,29.754545454545454,leckner01-1991
callori01,5,0.4,199101210SAC-SAC,199101210SAC-HOU,SAC-1991,1,1991,2,29.754545454545454,callori01-1991
wennibi01,3,-0.3,199101210SAC-SAC,199101210SAC-HOU,SAC-1991,1,1991,-0.8999999999999999,29.754545454545454,wennibi01-1991
fredean01,2,0.2,199101210SAC-SAC,199101210SAC-HOU,SAC-1991,1,1991,0.4,29.754545454545454,fredean01-1991
carran01,39,9.3,199101230SAC-SAC,199101230SAC-MIL,SAC-1991,1,1991,362.70000000000005,62.75,carran01-1991
maystr01,39,2.6,199101230SAC-SAC,199101230SAC-MIL,SAC-1991,1,1991,101.4,62.75,maystr01-1991
simmoli01,38,4.6,199101230SAC-SAC,199101230SAC-MIL,SAC-1991,1,1991,174.79999999999998,62.75,simmoli01-1991
sparrro01,27,2.8,199101230SAC-SAC,199101230SAC-MIL,SAC-1991,1,1991,75.6,62.75,sparrro01-1991
lesji01,20,1.3,199101230SAC-SAC,199101230SAC-MIL,SAC-1991,1,1991,26,62.75,lesji01-1991
bonnean01,19,-2.2,199101230SAC-SAC,199101230SAC-MIL,SAC-1991,1,1991,-41.800000000000004,62.75,bonnean01-1991
wennibi01,19,2.2,199101230SAC-SAC,199101230SAC-MIL,SAC-1991,1,1991,41.800000000000004,62.75,wennibi01-1991
causwdu01,17,-3.2,199101230SAC-SAC,199101230SAC-MIL,SAC-1991,1,1991,-54.400000000000006,62.75,causwdu01-1991
leckner01,12,-0.8,199101230SAC-SAC,199101230SAC-MIL,SAC-1991,1,1991,-9.600000000000001,62.75,leckner01-1991
callori01,10,-4.9,199101230SAC-SAC,199101230SAC-MIL,SAC-1991,1,1991,-49,62.75,callori01-1991
stockjo01,35,2.7,199101250UTA-UTA,199101250UTA-SAC,UTA-1991,1,1991,94.5,36.65,stockjo01-1991
edwarbl01,32,2.4,199101250UTA-UTA,199101250UTA-SAC,UTA-1991,1,1991,76.8,36.65,edwarbl01-1991
eatonma01,31,3.3,199101250UTA-UTA,199101250UTA-SAC,UTA-1991,1,1991,102.3,36.65,eatonma01-1991
malonje01,31,2,199101250UTA-UTA,199101250UTA-SAC,UTA-1991,1,1991,62,36.65,malonje01-1991
baileth01,30,7.5,199101250UTA-UTA,199101250UTA-SAC,UTA-1991,1,1991,225,36.65,baileth01-1991
malonka01,29,-3.1,199101250UTA-UTA,199101250UTA-SAC,UTA-1991,1,1991,-89.9,36.65,malonka01-1991
griffda01,18,-0.6,199101250UTA-UTA,199101250UTA-SAC,UTA-1991,1,1991,-10.799999999999999,36.65,griffda01-1991
brownmi01,16,1.3,199101250UTA-UTA,199101250UTA-SAC,UTA-1991,1,1991,20.8,36.65,brownmi01-1991
ruddde01,13,-3.4,199101250UTA-UTA,199101250UTA-SAC,UTA-1991,1,1991,-44.199999999999996,36.65,ruddde01-1991
toolsan01,3,0.7,199101250UTA-UTA,199101250UTA-SAC,UTA-1991,1,1991,2.0999999999999996,36.65,toolsan01-1991
osullda01,1,1.2,199101250UTA-UTA,199101250UTA-SAC,UTA-1991,1,1991,1.2,36.65,osullda01-1991
palmewa01,1,0,199101250UTA-UTA,199101250UTA-SAC,UTA-1991,1,1991,0,36.65,palmewa01-1991
drexlcl01,28,1.6,199101260POR-POR,199101260POR-SAC,POR-1991,1,1991,44.800000000000004,49.166666666666664,drexlcl01-1991
portete01,28,3.2,199101260POR-POR,199101260POR-SAC,POR-1991,1,1991,89.60000000000001,49.166666666666664,portete01-1991
duckwke01,27,-1.7,199101260POR-POR,199101260POR-SAC,POR-1991,1,1991,-45.9,49.166666666666664,duckwke01-1991
kerseje01,26,6.8,199101260POR-POR,199101260POR-SAC,POR-1991,1,1991,176.79999999999998,49.166666666666664,kerseje01-1991
willibu01,23,0.5,199101260POR-POR,199101260POR-SAC,POR-1991,1,1991,11.5,49.166666666666664,willibu01-1991
aingeda01,22,8.5,199101260POR-POR,199101260POR-SAC,POR-1991,1,1991,187,49.166666666666664,aingeda01-1991
robincl02,20,2.2,199101260POR-POR,199101260POR-SAC,POR-1991,1,1991,44,49.166666666666664,robincl02-1991
bryanma01,18,0.9,199101260POR-POR,199101260POR-SAC,POR-1991,1,1991,16.2,49.166666666666664,bryanma01-1991
youngda01,18,2.6,199101260POR-POR,199101260POR-SAC,POR-1991,1,1991,46.800000000000004,49.166666666666664,youngda01-1991
daviswa03,13,1.3,199101260POR-POR,199101260POR-SAC,POR-1991,1,1991,16.900000000000002,49.166666666666664,daviswa03-1991
coopewa01,12,0.4,199101260POR-POR,199101260POR-SAC,POR-1991,1,1991,4.800000000000001,49.166666666666664,coopewa01-1991
abdelal01,5,-0.5,199101260POR-POR,199101260POR-SAC,POR-1991,1,1991,-2.5,49.166666666666664,abdelal01-1991
simmoli01,35,6.3,199101280SAC-SAC,199101280SAC-NJN,SAC-1991,1,1991,220.5,38.5,simmoli01-1991
causwdu01,27,-2.7,199101280SAC-SAC,199101280SAC-NJN,SAC-1991,1,1991,-72.9,38.5,causwdu01-1991
carran01,26,1.1,199101280SAC-SAC,199101280SAC-NJN,SAC-1991,1,1991,28.6,38.5,carran01-1991
callori01,25,6.7,199101280SAC-SAC,199101280SAC-NJN,SAC-1991,1,1991,167.5,38.5,callori01-1991
lesji01,25,3.5,199101280SAC-SAC,199101280SAC-NJN,SAC-1991,1,1991,87.5,38.5,lesji01-1991
sparrro01,23,2.6,199101280SAC-SAC,199101280SAC-NJN,SAC-1991,1,1991,59.800000000000004,38.5,sparrro01-1991
wennibi01,23,-2.7,199101280SAC-SAC,199101280SAC-NJN,SAC-1991,1,1991,-62.1,38.5,wennibi01-1991
bonnean01,22,2.9,199101280SAC-SAC,199101280SAC-NJN,SAC-1991,1,1991,63.8,38.5,bonnean01-1991
maystr01,21,-2.7,199101280SAC-SAC,199101280SAC-NJN,SAC-1991,1,1991,-56.7,38.5,maystr01-1991
fredean01,7,-3.5,199101280SAC-SAC,199101280SAC-NJN,SAC-1991,1,1991,-24.5,38.5,fredean01-1991
leckner01,6,2,199101280SAC-SAC,199101280SAC-NJN,SAC-1991,1,1991,12,38.5,leckner01-1991
richapo01,48,-0.1,199101300MIN-MIN,199101300MIN-SAC,MIN-1991,1,1991,-4.800000000000001,47.5,richapo01-1991
mitchsa01,47,-0.8,199101300MIN-MIN,199101300MIN-SAC,MIN-1991,1,1991,-37.6,47.5,mitchsa01-1991
corbity01,44,7.6,199101300MIN-MIN,199101300MIN-SAC,MIN-1991,1,1991,334.4,47.5,corbity01-1991
brooksc01,28,4.2,199101300MIN-MIN,199101300MIN-SAC,MIN-1991,1,1991,117.60000000000001,47.5,brooksc01-1991
spencfe01,28,1.2,199101300MIN-MIN,199101300MIN-SAC,MIN-1991,1,1991,33.6,47.5,spencfe01-1991
breuera01,19,-2.3,199101300MIN-MIN,199101300MIN-SAC,MIN-1991,1,1991,-43.699999999999996,47.5,breuera01-1991
murphto01,18,1.6,199101300MIN-MIN,199101300MIN-SAC,MIN-1991,1,1991,28.8,47.5,murphto01-1991
cofferi01,4,-1.2,199101300MIN-MIN,199101300MIN-SAC,MIN-1991,1,1991,-4.8,47.5,cofferi01-1991
westdo01,4,1,199101300MIN-MIN,199101300MIN-SAC,MIN-1991,1,1991,4,47.5,westdo01-1991
brickfr01,38,1.3,199102010MIL-MIL,199102010MIL-SAC,MIL-1991,1,1991,49.4,47.44,brickfr01-1991
schayda01,37,0.1,199102010MIL-MIL,199102010MIL-SAC,MIL-1991,1,1991,3.7,47.44,schayda01-1991
roberal01,36,2.5,199102010MIL-MIL,199102010MIL-SAC,MIL-1991,1,1991,90,47.44,roberal01-1991
humphja01,33,5.7,199102010MIL-MIL,199102010MIL-SAC,MIL-1991,1,1991,188.1,47.44,humphja01-1991
piercri01,31,5.8,199102010MIL-MIL,199102010MIL-SAC,MIL-1991,1,1991,179.79999999999998,47.44,piercri01-1991
roberfr01,24,-1.1,199102010MIL-MIL,199102010MIL-SAC,MIL-1991,1,1991,-26.400000000000002,47.44,roberfr01-1991
grayeje01,14,1.2,199102010MIL-MIL,199102010MIL-SAC,MIL-1991,1,1991,16.8,47.44,grayeje01-1991
connele01,9,1.2,199102010MIL-MIL,199102010MIL-SAC,MIL-1991,1,1991,10.799999999999999,47.44,connele01-1991
hensost01,9,-0.6,199102010MIL-MIL,199102010MIL-SAC,MIL-1991,1,1991,-5.3999999999999995,47.44,hensost01-1991
lohaubr01,9,-3.6,199102010MIL-MIL,199102010MIL-SAC,MIL-1991,1,1991,-32.4,47.44,lohaubr01-1991
oaklech01,40,-0.3,199102020NYK-NYK,199102020NYK-SAC,NYK-1991,1,1991,-12,38.12,oaklech01-1991
vandeki01,31,3.8,199102020NYK-NYK,199102020NYK-SAC,NYK-1991,1,1991,117.8,38.12,vandeki01-1991
wilkige01,31,0.8,199102020NYK-NYK,199102020NYK-SAC,NYK-1991,1,1991,24.8,38.12,wilkige01-1991
wilkied01,27,1.8,199102020NYK-NYK,199102020NYK-SAC,NYK-1991,1,1991,48.6,38.12,wilkied01-1991
jacksma01,26,6.1,199102020NYK-NYK,199102020NYK-SAC,NYK-1991,1,1991,158.6,38.12,jacksma01-1991
cheekma01,22,5.3,199102020NYK-NYK,199102020NYK-SAC,NYK-1991,1,1991,116.6,38.12,cheekma01-1991
mustaje01,21,0.9,199102020NYK-NYK,199102020NYK-SAC,NYK-1991,1,1991,18.900000000000002,38.12,mustaje01-1991
starkjo01,17,-5.1,199102020NYK-NYK,199102020NYK-SAC,NYK-1991,1,1991,-86.69999999999999,38.12,starkjo01-1991
quinnbr01,17,1,199102020NYK-NYK,199102020NYK-SAC,NYK-1991,1,1991,17,38.12,quinnbr01-1991
walkeke01,8,-2.8,199102020NYK-NYK,199102020NYK-SAC,NYK-1991,1,1991,-22.4,38.12,walkeke01-1991
carran01,40,-1.9,199102040SAC-SAC,199102040SAC-CHI,SAC-1991,0,1991,-76,25.640000000000004,carran01-1991
maystr01,39,2.1,199102040SAC-SAC,199102040SAC-CHI,SAC-1991,0,1991,81.9,25.640000000000004,maystr01-1991
simmoli01,35,1.8,199102040SAC-SAC,199102040SAC-CHI,SAC-1991,0,1991,63,25.640000000000004,simmoli01-1991
sparrro01,35,5.7,199102040SAC-SAC,199102040SAC-CHI,SAC-1991,0,1991,199.5,25.640000000000004,sparrro01-1991
causwdu01,24,-4.3,199102040SAC-SAC,199102040SAC-CHI,SAC-1991,0,1991,-103.19999999999999,25.640000000000004,causwdu01-1991
bonnean01,21,6.4,199102040SAC-SAC,199102040SAC-CHI,SAC-1991,0,1991,134.4,25.640000000000004,bonnean01-1991
sampsra01,16,2.6,199102040SAC-SAC,199102040SAC-CHI,SAC-1991,0,1991,41.6,25.640000000000004,sampsra01-1991
lesji01,13,-3.9,199102040SAC-SAC,199102040SAC-CHI,SAC-1991,0,1991,-50.699999999999996,25.640000000000004,lesji01-1991
callori01,9,-2.1,199102040SAC-SAC,199102040SAC-CHI,SAC-1991,0,1991,-18.900000000000002,25.640000000000004,callori01-1991
wennibi01,8,-1.9,199102040SAC-SAC,199102040SAC-CHI,SAC-1991,0,1991,-15.2,25.640000000000004,wennibi01-1991
maystr01,40,9.6,199102060SAC-SAC,199102060SAC-POR,SAC-1991,1,1991,384,68.35555555555555,maystr01-1991
simmoli01,39,8.4,199102060SAC-SAC,199102060SAC-POR,SAC-1991,1,1991,327.6,68.35555555555555,simmoli01-1991
sparrro01,35,0.6,199102060SAC-SAC,199102060SAC-POR,SAC-1991,1,1991,21,68.35555555555555,sparrro01-1991
carran01,30,1.7,199102060SAC-SAC,199102060SAC-POR,SAC-1991,1,1991,51,68.35555555555555,carran01-1991
callori01,23,-2.9,199102060SAC-SAC,199102060SAC-POR,SAC-1991,1,1991,-66.7,68.35555555555555,callori01-1991
sampsra01,21,-2.7,199102060SAC-SAC,199102060SAC-POR,SAC-1991,1,1991,-56.7,68.35555555555555,sampsra01-1991
wennibi01,20,-1.1,199102060SAC-SAC,199102060SAC-POR,SAC-1991,1,1991,-22,68.35555555555555,wennibi01-1991
lesji01,18,-1.9,199102060SAC-SAC,199102060SAC-POR,SAC-1991,1,1991,-34.199999999999996,68.35555555555555,lesji01-1991
causwdu01,14,0.8,199102060SAC-SAC,199102060SAC-POR,SAC-1991,1,1991,11.200000000000001,68.35555555555555,causwdu01-1991
lesji01,48,-3.5,199102120SAC-SAC,199102120SAC-LAC,SAC-1991,1,1991,-168,74.78888888888889,lesji01-1991
carran01,44,6.8,199102120SAC-SAC,199102120SAC-LAC,SAC-1991,1,1991,299.2,74.78888888888889,carran01-1991
maystr01,40,3,199102120SAC-SAC,199102120SAC-LAC,SAC-1991,1,1991,120,74.78888888888889,maystr01-1991
simmoli01,40,12.3,199102120SAC-SAC,199102120SAC-LAC,SAC-1991,1,1991,492,74.78888888888889,simmoli01-1991
wennibi01,30,1.8,199102120SAC-SAC,199102120SAC-LAC,SAC-1991,1,1991,54,74.78888888888889,wennibi01-1991
causwdu01,15,-3.7,199102120SAC-SAC,199102120SAC-LAC,SAC-1991,1,1991,-55.5,74.78888888888889,causwdu01-1991
callori01,12,-3.2,199102120SAC-SAC,199102120SAC-LAC,SAC-1991,1,1991,-38.400000000000006,74.78888888888889,callori01-1991
sampsra01,6,-3.2,199102120SAC-SAC,199102120SAC-LAC,SAC-1991,1,1991,-19.200000000000003,74.78888888888889,sampsra01-1991
hansebo01,5,-2.2,199102120SAC-SAC,199102120SAC-LAC,SAC-1991,1,1991,-11,74.78888888888889,hansebo01-1991
lesji01,48,0.1,199102140SAC-SAC,199102140SAC-PHI,SAC-1991,1,1991,4.800000000000001,67.25555555555555,lesji01-1991
simmoli01,41,14,199102140SAC-SAC,199102140SAC-PHI,SAC-1991,1,1991,574,67.25555555555555,simmoli01-1991
carran01,34,-10.1,199102140SAC-SAC,199102140SAC-PHI,SAC-1991,1,1991,-343.4,67.25555555555555,carran01-1991
hansebo01,29,10.2,199102140SAC-SAC,199102140SAC-PHI,SAC-1991,1,1991,295.79999999999995,67.25555555555555,hansebo01-1991
sampsra01,26,2,199102140SAC-SAC,199102140SAC-PHI,SAC-1991,1,1991,52,67.25555555555555,sampsra01-1991
wennibi01,25,6.5,199102140SAC-SAC,199102140SAC-PHI,SAC-1991,1,1991,162.5,67.25555555555555,wennibi01-1991
callori01,19,-4.8,199102140SAC-SAC,199102140SAC-PHI,SAC-1991,1,1991,-91.2,67.25555555555555,callori01-1991
causwdu01,16,-3,199102140SAC-SAC,199102140SAC-PHI,SAC-1991,1,1991,-48,67.25555555555555,causwdu01-1991
higgimi01,2,-0.6,199102140SAC-SAC,199102140SAC-PHI,SAC-1991,1,1991,-1.2,67.25555555555555,higgimi01-1991
millere01,37,1.3,199102170IND-IND,199102170IND-SAC,IND-1991,1,1991,48.1,29.481818181818177,millere01-1991
willimi02,34,9.7,199102170IND-IND,199102170IND-SAC,IND-1991,1,1991,329.79999999999995,29.481818181818177,willimi02-1991
schrede01,29,3.8,199102170IND-IND,199102170IND-SAC,IND-1991,1,1991,110.19999999999999,29.481818181818177,schrede01-1991
sandemi01,25,-6.1,199102170IND-IND,199102170IND-SAC,IND-1991,1,1991,-152.5,29.481818181818177,sandemi01-1991
smitsri01,25,4.1,199102170IND-IND,199102170IND-SAC,IND-1991,1,1991,102.49999999999999,29.481818181818177,smitsri01-1991
thompla01,23,-2.4,199102170IND-IND,199102170IND-SAC,IND-1991,1,1991,-55.199999999999996,29.481818181818177,thompla01-1991
persoch01,22,-3.4,199102170IND-IND,199102170IND-SAC,IND-1991,1,1991,-74.8,29.481818181818177,persoch01-1991
dreilgr01,18,0,199102170IND-IND,199102170IND-SAC,IND-1991,1,1991,0,29.481818181818177,dreilgr01-1991
flemive01,14,1.5,199102170IND-IND,199102170IND-SAC,IND-1991,1,1991,21,29.481818181818177,flemive01-1991
wittmra01,11,-0.4,199102170IND-IND,199102170IND-SAC,IND-1991,1,1991,-4.4,29.481818181818177,wittmra01-1991
willike03,2,-0.2,199102170IND-IND,199102170IND-SAC,IND-1991,1,1991,-0.4,29.481818181818177,willike03-1991
morrich01,45,12.5,199102190NJN-NJN,199102190NJN-SAC,NJN-1991,1,1991,562.5,59.06666666666666,morrich01-1991
colemde01,40,10.6,199102190NJN-NJN,199102190NJN-SAC,NJN-1991,1,1991,424,59.06666666666666,colemde01-1991
blaylmo01,37,-3.1,199102190NJN-NJN,199102190NJN-SAC,NJN-1991,1,1991,-114.7,59.06666666666666,blaylmo01-1991
theusre01,32,-2.5,199102190NJN-NJN,199102190NJN-SAC,NJN-1991,1,1991,-80,59.06666666666666,theusre01-1991
dudlech02,24,-2.6,199102190NJN-NJN,199102190NJN-SAC,NJN-1991,1,1991,-62.400000000000006,59.06666666666666,dudlech02-1991
bowiesa01,21,-2,199102190NJN-NJN,199102190NJN-SAC,NJN-1991,1,1991,-42,59.06666666666666,bowiesa01-1991
petrodr01,21,1.8,199102190NJN-NJN,199102190NJN-SAC,NJN-1991,1,1991,37.800000000000004,59.06666666666666,petrodr01-1991
millste01,8,-1.8,199102190NJN-NJN,199102190NJN-SAC,NJN-1991,1,1991,-14.4,59.06666666666666,millste01-1991
georgta01,4,2.3,199102190NJN-NJN,199102190NJN-SAC,NJN-1991,1,1991,9.2,59.06666666666666,georgta01-1991
buechju01,3,1.2,199102190NJN-NJN,199102190NJN-SAC,NJN-1991,1,1991,3.5999999999999996,59.06666666666666,buechju01-1991
haleyja01,3,-4.8,199102190NJN-NJN,199102190NJN-SAC,NJN-1991,1,1991,-14.399999999999999,59.06666666666666,haleyja01-1991
gervide01,2,-0.2,199102190NJN-NJN,199102190NJN-SAC,NJN-1991,1,1991,-0.4,59.06666666666666,gervide01-1991
ehlocr01,35,1,199102200CLE-CLE,199102200CLE-SAC,CLE-1991,1,1991,35,37.94166666666666,ehlocr01-1991
valenda01,34,2.3,199102200CLE-CLE,199102200CLE-SAC,CLE-1991,1,1991,78.19999999999999,37.94166666666666,valenda01-1991
daughbr01,33,7,199102200CLE-CLE,199102200CLE-SAC,CLE-1991,1,1991,231,37.94166666666666,daughbr01-1991
nancela01,29,1.3,199102200CLE-CLE,199102200CLE-SAC,CLE-1991,1,1991,37.7,37.94166666666666,nancela01-1991
brownch01,26,3.7,199102200CLE-CLE,199102200CLE-SAC,CLE-1991,1,1991,96.2,37.94166666666666,brownch01-1991
williho01,22,0,199102200CLE-CLE,199102200CLE-SAC,CLE-1991,1,1991,0,37.94166666666666,williho01-1991
ferryda01,16,-3.2,199102200CLE-CLE,199102200CLE-SAC,CLE-1991,1,1991,-51.2,37.94166666666666,ferryda01-1991
paddige01,16,1.8,199102200CLE-CLE,199102200CLE-SAC,CLE-1991,1,1991,28.8,37.94166666666666,paddige01-1991
mortojo01,14,1.3,199102200CLE-CLE,199102200CLE-SAC,CLE-1991,1,1991,18.2,37.94166666666666,mortojo01-1991
jameshe01,8,-1,199102200CLE-CLE,199102200CLE-SAC,CLE-1991,1,1991,-8,37.94166666666666,jameshe01-1991
kerrst01,5,-2,199102200CLE-CLE,199102200CLE-SAC,CLE-1991,1,1991,-10,37.94166666666666,kerrst01-1991
chievde01,2,-0.3,199102200CLE-CLE,199102200CLE-SAC,CLE-1991,1,1991,-0.6,37.94166666666666,chievde01-1991
pippesc01,35,7.9,199102220CHI-CHI,199102220CHI-SAC,CHI-1991,1,1991,276.5,95.50909090909092,pippesc01-1991
grantho01,30,-0.2,199102220CHI-CHI,199102220CHI-SAC,CHI-1991,1,1991,-6,95.50909090909092,grantho01-1991
jordami01,28,17.6,199102220CHI-CHI,199102220CHI-SAC,CHI-1991,1,1991,492.80000000000007,95.50909090909092,jordami01-1991
armstbj01,25,5,199102220CHI-CHI,199102220CHI-SAC,CHI-1991,1,1991,125,95.50909090909092,armstbj01-1991
paxsojo01,24,0,199102220CHI-CHI,199102220CHI-SAC,CHI-1991,1,1991,0,95.50909090909092,paxsojo01-1991
cartwbi01,22,1.3,199102220CHI-CHI,199102220CHI-SAC,CHI-1991,1,1991,28.6,95.50909090909092,cartwbi01-1991
kingst01,20,4.4,199102220CHI-CHI,199102220CHI-SAC,CHI-1991,1,1991,88,95.50909090909092,kingst01-1991
hodgecr01,19,3.2,199102220CHI-CHI,199102220CHI-SAC,CHI-1991,1,1991,60.800000000000004,95.50909090909092,hodgecr01-1991
perduwi01,15,0.8,199102220CHI-CHI,199102220CHI-SAC,CHI-1991,1,1991,12,95.50909090909092,perduwi01-1991
levincl01,13,-0.7,199102220CHI-CHI,199102220CHI-SAC,CHI-1991,1,1991,-9.1,95.50909090909092,levincl01-1991
willisc01,9,-2,199102220CHI-CHI,199102220CHI-SAC,CHI-1991,1,1991,-18,95.50909090909092,willisc01-1991
skilesc01,35,3.1,199102240ORL-ORL,199102240ORL-SAC,ORL-1991,1,1991,108.5,46.89090909090909,skilesc01-1991
kitegr01,31,-0.6,199102240ORL-ORL,199102240ORL-SAC,ORL-1991,1,1991,-18.599999999999998,46.89090909090909,kitegr01-1991
reynoje01,31,2.9,199102240ORL-ORL,199102240ORL-SAC,ORL-1991,1,1991,89.89999999999999,46.89090909090909,reynoje01-1991
anderni01,27,5.3,199102240ORL-ORL,199102240ORL-SAC,ORL-1991,1,1991,143.1,46.89090909090909,anderni01-1991
turneje01,23,-3.5,199102240ORL-ORL,199102240ORL-SAC,ORL-1991,1,1991,-80.5,46.89090909090909,turneje01-1991
acresma01,23,0,199102240ORL-ORL,199102240ORL-SAC,ORL-1991,1,1991,0,46.89090909090909,acresma01-1991
smithot01,21,3.2,199102240ORL-ORL,199102240ORL-SAC,ORL-1991,1,1991,67.2,46.89090909090909,smithot01-1991
anslemi01,19,6.2,199102240ORL-ORL,199102240ORL-SAC,ORL-1991,1,1991,117.8,46.89090909090909,anslemi01-1991
scottde01,17,4.7,199102240ORL-ORL,199102240ORL-SAC,ORL-1991,1,1991,79.9,46.89090909090909,scottde01-1991
vincesa01,9,1.3,199102240ORL-ORL,199102240ORL-SAC,ORL-1991,1,1991,11.700000000000001,46.89090909090909,vincesa01-1991
wileymo01,4,-0.8,199102240ORL-ORL,199102240ORL-SAC,ORL-1991,1,1991,-3.2,46.89090909090909,wileymo01-1991
wilkido01,45,10.3,199102250ATL-ATL,199102250ATL-SAC,ATL-1991,1,1991,463.50000000000006,64.08,wilkido01-1991
willike02,39,5,199102250ATL-ATL,199102250ATL-SAC,ATL-1991,1,1991,195,64.08,willike02-1991
battljo01,30,3.6,199102250ATL-ATL,199102250ATL-SAC,ATL-1991,1,1991,108,64.08,battljo01-1991
webbsp01,27,-0.5,199102250ATL-ATL,199102250ATL-SAC,ATL-1991,1,1991,-13.5,64.08,webbsp01-1991
koncajo01,22,-0.2,199102250ATL-ATL,199102250ATL-SAC,ATL-1991,1,1991,-4.4,64.08,koncajo01-1991
moncrsi01,21,-1.6,199102250ATL-ATL,199102250ATL-SAC,ATL-1991,1,1991,-33.6,64.08,moncrsi01-1991
malonmo01,20,-2.6,199102250ATL-ATL,199102250ATL-SAC,ATL-1991,1,1991,-52,64.08,malonmo01-1991
riverdo01,18,-2.1,199102250ATL-ATL,199102250ATL-SAC,ATL-1991,1,1991,-37.800000000000004,64.08,riverdo01-1991
mccorti01,11,1.1,199102250ATL-ATL,199102250ATL-SAC,ATL-1991,1,1991,12.100000000000001,64.08,mccorti01-1991
ferredu01,7,0.5,199102250ATL-ATL,199102250ATL-SAC,ATL-1991,1,1991,3.5,64.08,ferredu01-1991
carran01,43,-4.5,199102270SAC-SAC,199102270SAC-CHH,SAC-1991,0,1991,-193.5,4.612499999999996,carran01-1991
simmoli01,39,6.6,199102270SAC-SAC,199102270SAC-CHH,SAC-1991,0,1991,257.4,4.612499999999996,simmoli01-1991
causwdu01,37,2,199102270SAC-SAC,199102270SAC-CHH,SAC-1991,0,1991,74,4.612499999999996,causwdu01-1991
maystr01,36,-0.8,199102270SAC-SAC,199102270SAC-CHH,SAC-1991,0,1991,-28.8,4.612499999999996,maystr01-1991
sparrro01,29,-3.6,199102270SAC-SAC,199102270SAC-CHH,SAC-1991,0,1991,-104.4,4.612499999999996,sparrro01-1991
hansebo01,21,0.3,199102270SAC-SAC,199102270SAC-CHH,SAC-1991,0,1991,6.3,4.612499999999996,hansebo01-1991
lesji01,19,1.7,199102270SAC-SAC,199102270SAC-CHH,SAC-1991,0,1991,32.3,4.612499999999996,lesji01-1991
wennibi01,16,-0.4,199102270SAC-SAC,199102270SAC-CHH,SAC-1991,0,1991,-6.4,4.612499999999996,wennibi01-1991
majerda01,34,0.9,199103010PHO-PHO,199103010PHO-SAC,PHO-1991,1,1991,30.6,41.236363636363635,majerda01-1991
langan01,32,5.2,199103010PHO-PHO,199103010PHO-SAC,PHO-1991,1,1991,166.4,41.236363636363635,langan01-1991
hornaje01,30,7.6,199103010PHO-PHO,199103010PHO-SAC,PHO-1991,1,1991,228,41.236363636363635,hornaje01-1991
chambto01,28,-5.7,199103010PHO-PHO,199103010PHO-SAC,PHO-1991,1,1991,-159.6,41.236363636363635,chambto01-1991
johnske02,27,3.2,199103010PHO-PHO,199103010PHO-SAC,PHO-1991,1,1991,86.4,41.236363636363635,johnske02-1991
mcdanxa01,25,-0.7,199103010PHO-PHO,199103010PHO-SAC,PHO-1991,1,1991,-17.5,41.236363636363635,mcdanxa01-1991
knighne01,21,5.8,199103010PHO-PHO,199103010PHO-SAC,PHO-1991,1,1991,121.8,41.236363636363635,knighne01-1991
westma01,21,-0.1,199103010PHO-PHO,199103010PHO-SAC,PHO-1991,1,1991,-2.1,41.236363636363635,westma01-1991
cebalce01,15,1.1,199103010PHO-PHO,199103010PHO-SAC,PHO-1991,1,1991,16.5,41.236363636363635,cebalce01-1991
rambiku01,5,-2.9,199103010PHO-PHO,199103010PHO-SAC,PHO-1991,1,1991,-14.5,41.236363636363635,rambiku01-1991
carrojo01,2,-1.2,199103010PHO-PHO,199103010PHO-SAC,PHO-1991,1,1991,-2.4,41.236363636363635,carrojo01-1991
benjabe01,35,-6.4,199103020SEA-SEA,199103020SEA-SAC,SEA-1991,1,1991,-224,43.230000000000004,benjabe01-1991
kempsh01,33,0.8,199103020SEA-SEA,199103020SEA-SAC,SEA-1991,1,1991,26.400000000000002,43.230000000000004,kempsh01-1991
johnsed03,31,3.2,199103020SEA-SEA,199103020SEA-SAC,SEA-1991,1,1991,99.2,43.230000000000004,johnsed03-1991
threase01,30,2.4,199103020SEA-SEA,199103020SEA-SAC,SEA-1991,1,1991,72,43.230000000000004,threase01-1991
piercri01,30,8.4,199103020SEA-SEA,199103020SEA-SAC,SEA-1991,1,1991,252,43.230000000000004,piercri01-1991
mcmilna01,25,9.5,199103020SEA-SEA,199103020SEA-SAC,SEA-1991,1,1991,237.5,43.230000000000004,mcmilna01-1991
cagemi01,24,-0.4,199103020SEA-SEA,199103020SEA-SAC,SEA-1991,1,1991,-9.600000000000001,43.230000000000004,cagemi01-1991
paytoga01,23,0.1,199103020SEA-SEA,199103020SEA-SAC,SEA-1991,1,1991,2.3000000000000003,43.230000000000004,paytoga01-1991
barroda01,7,-3.3,199103020SEA-SEA,199103020SEA-SAC,SEA-1991,1,1991,-23.099999999999998,43.230000000000004,barroda01-1991
corzida01,2,-0.2,199103020SEA-SEA,199103020SEA-SAC,SEA-1991,1,1991,-0.4,43.230000000000004,corzida01-1991
sparrro01,43,7.1,199103050SAC-SAC,199103050SAC-GSW,SAC-1991,1,1991,305.3,53.300000000000004,sparrro01-1991
simmoli01,42,1.7,199103050SAC-SAC,199103050SAC-GSW,SAC-1991,1,1991,71.39999999999999,53.300000000000004,simmoli01-1991
fredean01,33,6.3,199103050SAC-SAC,199103050SAC-GSW,SAC-1991,1,1991,207.9,53.300000000000004,fredean01-1991
wennibi01,25,-0.2,199103050SAC-SAC,199103050SAC-GSW,SAC-1991,1,1991,-5,53.300000000000004,wennibi01-1991
lesji01,24,-1.4,199103050SAC-SAC,199103050SAC-GSW,SAC-1991,1,1991,-33.599999999999994,53.300000000000004,lesji01-1991
hansebo01,23,0.5,199103050SAC-SAC,199103050SAC-GSW,SAC-1991,1,1991,11.5,53.300000000000004,hansebo01-1991
causwdu01,21,-3,199103050SAC-SAC,199103050SAC-GSW,SAC-1991,1,1991,-63,53.300000000000004,causwdu01-1991
callori01,19,-1.2,199103050SAC-SAC,199103050SAC-GSW,SAC-1991,1,1991,-22.8,53.300000000000004,callori01-1991
carran01,10,0.8,199103050SAC-SAC,199103050SAC-GSW,SAC-1991,1,1991,8,53.300000000000004,carran01-1991
simmoli01,43,-5.6,199103080SAC-SAC,199103080SAC-CLE,SAC-1991,1,1991,-240.79999999999998,41.525000000000006,simmoli01-1991
wennibi01,41,2.4,199103080SAC-SAC,199103080SAC-CLE,SAC-1991,1,1991,98.39999999999999,41.525000000000006,wennibi01-1991
fredean01,40,6.9,199103080SAC-SAC,199103080SAC-CLE,SAC-1991,1,1991,276,41.525000000000006,fredean01-1991
lesji01,36,11.8,199103080SAC-SAC,199103080SAC-CLE,SAC-1991,1,1991,424.8,41.525000000000006,lesji01-1991
sparrro01,34,-3.8,199103080SAC-SAC,199103080SAC-CLE,SAC-1991,1,1991,-129.2,41.525000000000006,sparrro01-1991
hansebo01,26,-3.6,199103080SAC-SAC,199103080SAC-CLE,SAC-1991,1,1991,-93.60000000000001,41.525000000000006,hansebo01-1991
callori01,14,-1.1,199103080SAC-SAC,199103080SAC-CLE,SAC-1991,1,1991,-15.400000000000002,41.525000000000006,callori01-1991
dawsoto01,6,2,199103080SAC-SAC,199103080SAC-CLE,SAC-1991,1,1991,12,41.525000000000006,dawsoto01-1991
mullich01,45,16.5,199103100GSW-GSW,199103100GSW-SAC,GSW-1991,1,1991,742.5,95.31,mullich01-1991
richmmi01,43,-3.1,199103100GSW-GSW,199103100GSW-SAC,GSW-1991,1,1991,-133.3,95.31,richmmi01-1991
hardati01,40,12.3,199103100GSW-GSW,199103100GSW-SAC,GSW-1991,1,1991,492,95.31,hardati01-1991
hillty01,27,-2.9,199103100GSW-GSW,199103100GSW-SAC,GSW-1991,1,1991,-78.3,95.31,hillty01-1991
higgiro01,26,1.4,199103100GSW-GSW,199103100GSW-SAC,GSW-1991,1,1991,36.4,95.31,higgiro01-1991
eliema01,21,0.5,199103100GSW-GSW,199103100GSW-SAC,GSW-1991,1,1991,10.5,95.31,eliema01-1991
peterji01,13,-3.3,199103100GSW-GSW,199103100GSW-SAC,GSW-1991,1,1991,-42.9,95.31,peterji01-1991
listeal01,11,-3.4,199103100GSW-GSW,199103100GSW-SAC,GSW-1991,1,1991,-37.4,95.31,listeal01-1991
pritcke01,10,-2.6,199103100GSW-GSW,199103100GSW-SAC,GSW-1991,1,1991,-26,95.31,pritcke01-1991
mokespa01,4,-2.6,199103100GSW-GSW,199103100GSW-SAC,GSW-1991,1,1991,-10.4,95.31,mokespa01-1991
carran01,37,7.9,199103120SAC-SAC,199103120SAC-BOS,SAC-1991,0,1991,292.3,7.390000000000001,carran01-1991
simmoli01,36,-4.8,199103120SAC-SAC,199103120SAC-BOS,SAC-1991,0,1991,-172.79999999999998,7.390000000000001,simmoli01-1991
lesji01,31,3,199103120SAC-SAC,199103120SAC-BOS,SAC-1991,0,1991,93,7.390000000000001,lesji01-1991
sparrro01,29,1.2,199103120SAC-SAC,199103120SAC-BOS,SAC-1991,0,1991,34.8,7.390000000000001,sparrro01-1991
tisdawa01,26,-5.7,199103120SAC-SAC,199103120SAC-BOS,SAC-1991,0,1991,-148.20000000000002,7.390000000000001,tisdawa01-1991
hansebo01,25,0,199103120SAC-SAC,199103120SAC-BOS,SAC-1991,0,1991,0,7.390000000000001,hansebo01-1991
fredean01,25,2.3,199103120SAC-SAC,199103120SAC-BOS,SAC-1991,0,1991,57.49999999999999,7.390000000000001,fredean01-1991
wennibi01,20,-3,199103120SAC-SAC,199103120SAC-BOS,SAC-1991,0,1991,-60,7.390000000000001,wennibi01-1991
callori01,10,-2.5,199103120SAC-SAC,199103120SAC-BOS,SAC-1991,0,1991,-25,7.390000000000001,callori01-1991
dawsoto01,1,2.3,199103120SAC-SAC,199103120SAC-BOS,SAC-1991,0,1991,2.3,7.390000000000001,dawsoto01-1991
simmoli01,44,9.1,199103140SAC-SAC,199103140SAC-IND,SAC-1991,0,1991,400.4,37.96,simmoli01-1991
sparrro01,35,-1.2,199103140SAC-SAC,199103140SAC-IND,SAC-1991,0,1991,-42,37.96,sparrro01-1991
carran01,34,1.6,199103140SAC-SAC,199103140SAC-IND,SAC-1991,0,1991,54.400000000000006,37.96,carran01-1991
hansebo01,32,1.5,199103140SAC-SAC,199103140SAC-IND,SAC-1991,0,1991,48,37.96,hansebo01-1991
wennibi01,29,-2.3,199103140SAC-SAC,199103140SAC-IND,SAC-1991,0,1991,-66.69999999999999,37.96,wennibi01-1991
lesji01,25,0.1,199103140SAC-SAC,199103140SAC-IND,SAC-1991,0,1991,2.5,37.96,lesji01-1991
causwdu01,19,0,199103140SAC-SAC,199103140SAC-IND,SAC-1991,0,1991,0,37.96,causwdu01-1991
fredean01,14,-0.2,199103140SAC-SAC,199103140SAC-IND,SAC-1991,0,1991,-2.8000000000000003,37.96,fredean01-1991
dawsoto01,6,-1.6,199103140SAC-SAC,199103140SAC-IND,SAC-1991,0,1991,-9.600000000000001,37.96,dawsoto01-1991
callori01,2,-2.3,199103140SAC-SAC,199103140SAC-IND,SAC-1991,0,1991,-4.6,37.96,callori01-1991
simmoli01,41,3.8,199103160SAC-SAC,199103160SAC-SAS,SAC-1991,1,1991,155.79999999999998,53.35,simmoli01-1991
carran01,40,3.1,199103160SAC-SAC,199103160SAC-SAS,SAC-1991,1,1991,124,53.35,carran01-1991
wennibi01,34,6.2,199103160SAC-SAC,199103160SAC-SAS,SAC-1991,1,1991,210.8,53.35,wennibi01-1991
lesji01,31,4.9,199103160SAC-SAC,199103160SAC-SAS,SAC-1991,1,1991,151.9,53.35,lesji01-1991
callori01,22,-3,199103160SAC-SAC,199103160SAC-SAS,SAC-1991,1,1991,-66,53.35,callori01-1991
sparrro01,17,-2.6,199103160SAC-SAC,199103160SAC-SAS,SAC-1991,1,1991,-44.2,53.35,sparrro01-1991
hansebo01,15,-5,199103160SAC-SAC,199103160SAC-SAS,SAC-1991,1,1991,-75,53.35,hansebo01-1991
fredean01,15,3.1,199103160SAC-SAC,199103160SAC-SAS,SAC-1991,1,1991,46.5,53.35,fredean01-1991
causwdu01,14,0,199103160SAC-SAC,199103160SAC-SAS,SAC-1991,1,1991,0,53.35,causwdu01-1991
coltest01,11,2.7,199103160SAC-SAC,199103160SAC-SAS,SAC-1991,1,1991,29.700000000000003,53.35,coltest01-1991
blackro01,38,13.2,199103180DAL-DAL,199103180DAL-SAC,DAL-1991,1,1991,501.59999999999997,59.94,blackro01-1991
donalja01,35,0.6,199103180DAL-DAL,199103180DAL-SAC,DAL-1991,1,1991,21,59.94,donalja01-1991
harpede01,34,4.8,199103180DAL-DAL,199103180DAL-SAC,DAL-1991,1,1991,163.2,59.94,harpede01-1991
mccraro01,34,0.5,199103180DAL-DAL,199103180DAL-SAC,DAL-1991,1,1991,17,59.94,mccraro01-1991
willihe01,34,-4.2,199103180DAL-DAL,199103180DAL-SAC,DAL-1991,1,1991,-142.8,59.94,willihe01-1991
whitera01,19,3.8,199103180DAL-DAL,199103180DAL-SAC,DAL-1991,1,1991,72.2,59.94,whitera01-1991
davisbr01,17,0.6,199103180DAL-DAL,199103180DAL-SAC,DAL-1991,1,1991,10.2,59.94,davisbr01-1991
englial01,15,-2.4,199103180DAL-DAL,199103180DAL-SAC,DAL-1991,1,1991,-36,59.94,englial01-1991
shaskjo01,7,-0.1,199103180DAL-DAL,199103180DAL-SAC,DAL-1991,1,1991,-0.7000000000000001,59.94,shaskjo01-1991
upshake01,7,-0.9,199103180DAL-DAL,199103180DAL-SAC,DAL-1991,1,1991,-6.3,59.94,upshake01-1991
robinda01,41,9.1,199103190SAS-SAS,199103190SAS-SAC,SAS-1991,1,1991,373.09999999999997,50.29,robinda01-1991
anderwi01,39,2.9,199103190SAS-SAS,199103190SAS-SAC,SAS-1991,1,1991,113.1,50.29,anderwi01-1991
elliose01,38,4.3,199103190SAS-SAS,199103190SAS-SAC,SAS-1991,1,1991,163.4,50.29,elliose01-1991
cummite01,34,-1.4,199103190SAS-SAS,199103190SAS-SAC,SAS-1991,1,1991,-47.599999999999994,50.29,cummite01-1991
stricro02,29,-0.6,199103190SAS-SAS,199103190SAS-SAC,SAS-1991,1,1991,-17.4,50.29,stricro02-1991
wingada01,24,-2.4,199103190SAS-SAS,199103190SAS-SAC,SAS-1991,1,1991,-57.599999999999994,50.29,wingada01-1991
presspa01,14,-1.8,199103190SAS-SAS,199103190SAS-SAC,SAS-1991,1,1991,-25.2,50.29,presspa01-1991
greenda01,11,0.3,199103190SAS-SAS,199103190SAS-SAC,SAS-1991,1,1991,3.3,50.29,greenda01-1991
greensi02,7,-0.7,199103190SAS-SAS,199103190SAS-SAC,SAS-1991,1,1991,-4.8999999999999995,50.29,greensi02-1991
johnsav01,3,0.9,199103190SAS-SAS,199103190SAS-SAC,SAS-1991,1,1991,2.7,50.29,johnsav01-1991
thorpot01,40,12.7,199103210HOU-HOU,199103210HOU-SAC,HOU-1991,1,1991,508,64.13,thorpot01-1991
olajuha01,39,5,199103210HOU-HOU,199103210HOU-SAC,HOU-1991,1,1991,195,64.13,olajuha01-1991
maxweve01,36,-4.7,199103210HOU-HOU,199103210HOU-SAC,HOU-1991,1,1991,-169.20000000000002,64.13,maxweve01-1991
smithke01,33,4.6,199103210HOU-HOU,199103210HOU-SAC,HOU-1991,1,1991,151.79999999999998,64.13,smithke01-1991
floydsl01,26,-2.1,199103210HOU-HOU,199103210HOU-SAC,HOU-1991,1,1991,-54.6,64.13,floydsl01-1991
johnsbu01,25,1.9,199103210HOU-HOU,199103210HOU-SAC,HOU-1991,1,1991,47.5,64.13,johnsbu01-1991
woodda01,22,1.2,199103210HOU-HOU,199103210HOU-SAC,HOU-1991,1,1991,26.4,64.13,woodda01-1991
smithla01,17,-3.8,199103210HOU-HOU,199103210HOU-SAC,HOU-1991,1,1991,-64.6,64.13,smithla01-1991
jamerda01,1,1.2,199103210HOU-HOU,199103210HOU-SAC,HOU-1991,1,1991,1.2,64.13,jamerda01-1991
winchke01,1,-0.2,199103210HOU-HOU,199103210HOU-SAC,HOU-1991,1,1991,-0.2,64.13,winchke01-1991
simmoli01,39,10.4,199103230SAC-SAC,199103230SAC-PHO,SAC-1991,0,1991,405.6,45.540000000000006,simmoli01-1991
causwdu01,38,3.5,199103230SAC-SAC,199103230SAC-PHO,SAC-1991,0,1991,133,45.540000000000006,causwdu01-1991
carran01,33,1,199103230SAC-SAC,199103230SAC-PHO,SAC-1991,0,1991,33,45.540000000000006,carran01-1991
sparrro01,33,2.4,199103230SAC-SAC,199103230SAC-PHO,SAC-1991,0,1991,79.2,45.540000000000006,sparrro01-1991
maystr01,28,-7.1,199103230SAC-SAC,199103230SAC-PHO,SAC-1991,0,1991,-198.79999999999998,45.540000000000006,maystr01-1991
fredean01,23,2,199103230SAC-SAC,199103230SAC-PHO,SAC-1991,0,1991,46,45.540000000000006,fredean01-1991
hansebo01,20,0.7,199103230SAC-SAC,199103230SAC-PHO,SAC-1991,0,1991,14,45.540000000000006,hansebo01-1991
lesji01,15,-2.9,199103230SAC-SAC,199103230SAC-PHO,SAC-1991,0,1991,-43.5,45.540000000000006,lesji01-1991
wennibi01,10,-1.3,199103230SAC-SAC,199103230SAC-PHO,SAC-1991,0,1991,-13,45.540000000000006,wennibi01-1991
callori01,1,-0.1,199103230SAC-SAC,199103230SAC-PHO,SAC-1991,0,1991,-0.1,45.540000000000006,callori01-1991
simmoli01,45,9.5,199103250SAC-SAC,199103250SAC-LAL,SAC-1991,0,1991,427.5,67.87777777777778,simmoli01-1991
carran01,43,5.1,199103250SAC-SAC,199103250SAC-LAL,SAC-1991,0,1991,219.29999999999998,67.87777777777778,carran01-1991
sparrro01,39,1.2,199103250SAC-SAC,199103250SAC-LAL,SAC-1991,0,1991,46.8,67.87777777777778,sparrro01-1991
wennibi01,35,0,199103250SAC-SAC,199103250SAC-LAL,SAC-1991,0,1991,0,67.87777777777778,wennibi01-1991
lesji01,30,3.5,199103250SAC-SAC,199103250SAC-LAL,SAC-1991,0,1991,105,67.87777777777778,lesji01-1991
hansebo01,18,-6,199103250SAC-SAC,199103250SAC-LAL,SAC-1991,0,1991,-108,67.87777777777778,hansebo01-1991
causwdu01,16,-2.9,199103250SAC-SAC,199103250SAC-LAL,SAC-1991,0,1991,-46.4,67.87777777777778,causwdu01-1991
maystr01,9,-2.7,199103250SAC-SAC,199103250SAC-LAL,SAC-1991,0,1991,-24.3,67.87777777777778,maystr01-1991
fredean01,5,-1.8,199103250SAC-SAC,199103250SAC-LAL,SAC-1991,0,1991,-9,67.87777777777778,fredean01-1991
causwdu01,47,0.8,199103280SAC-SAC,199103280SAC-UTA,SAC-1991,1,1991,37.6,83.14,causwdu01-1991
simmoli01,46,6.4,199103280SAC-SAC,199103280SAC-UTA,SAC-1991,1,1991,294.40000000000003,83.14,simmoli01-1991
sparrro01,40,3.4,199103280SAC-SAC,199103280SAC-UTA,SAC-1991,1,1991,136,83.14,sparrro01-1991
carran01,34,9.4,199103280SAC-SAC,199103280SAC-UTA,SAC-1991,1,1991,319.6,83.14,carran01-1991
lesji01,26,4.7,199103280SAC-SAC,199103280SAC-UTA,SAC-1991,1,1991,122.2,83.14,lesji01-1991
hansebo01,25,-1.6,199103280SAC-SAC,199103280SAC-UTA,SAC-1991,1,1991,-40,83.14,hansebo01-1991
wennibi01,11,-4.3,199103280SAC-SAC,199103280SAC-UTA,SAC-1991,1,1991,-47.3,83.14,wennibi01-1991
coltest01,5,2.2,199103280SAC-SAC,199103280SAC-UTA,SAC-1991,1,1991,11,83.14,coltest01-1991
fredean01,5,-0.4,199103280SAC-SAC,199103280SAC-UTA,SAC-1991,1,1991,-2,83.14,fredean01-1991
callori01,1,-0.1,199103280SAC-SAC,199103280SAC-UTA,SAC-1991,1,1991,-0.1,83.14,callori01-1991
rasmubl01,38,-5.8,199103290DEN-DEN,199103290DEN-SAC,DEN-1991,1,1991,-220.4,35.4,rasmubl01-1991
willire01,35,3.4,199103290DEN-DEN,199103290DEN-SAC,DEN-1991,1,1991,119,35.4,willire01-1991
adamsmi01,34,11.5,199103290DEN-DEN,199103290DEN-SAC,DEN-1991,1,1991,391,35.4,adamsmi01-1991
woolror01,33,0.7,199103290DEN-DEN,199103290DEN-SAC,DEN-1991,1,1991,23.099999999999998,35.4,woolror01-1991
wolfjo01,27,0.8,199103290DEN-DEN,199103290DEN-SAC,DEN-1991,1,1991,21.6,35.4,wolfjo01-1991
battlke01,21,0.2,199103290DEN-DEN,199103290DEN-SAC,DEN-1991,1,1991,4.2,35.4,battlke01-1991
abdulma02,17,-0.3,199103290DEN-DEN,199103290DEN-SAC,DEN-1991,1,1991,-5.1,35.4,abdulma02-1991
liberma01,16,0.2,199103290DEN-DEN,199103290DEN-SAC,DEN-1991,1,1991,3.2,35.4,liberma01-1991
farmeji01,10,3.9,199103290DEN-DEN,199103290DEN-SAC,DEN-1991,1,1991,39,35.4,farmeji01-1991
laneje01,9,-2.4,199103290DEN-DEN,199103290DEN-SAC,DEN-1991,1,1991,-21.599999999999998,35.4,laneje01-1991
greenac01,41,6.5,199103310LAL-LAL,199103310LAL-SAC,LAL-1991,1,1991,266.5,79.6,greenac01-1991
perkisa01,38,3.1,199103310LAL-LAL,199103310LAL-SAC,LAL-1991,1,1991,117.8,79.6,perkisa01-1991
divacvl01,30,-6.1,199103310LAL-LAL,199103310LAL-SAC,LAL-1991,1,1991,-183,79.6,divacvl01-1991
campbel01,28,4.7,199103310LAL-LAL,199103310LAL-SAC,LAL-1991,1,1991,131.6,79.6,campbel01-1991
teaglte01,26,11.1,199103310LAL-LAL,199103310LAL-SAC,LAL-1991,1,1991,288.59999999999997,79.6,teaglte01-1991
johnsma02,24,6.2,199103310LAL-LAL,199103310LAL-SAC,LAL-1991,1,1991,148.8,79.6,johnsma02-1991
smithto02,24,0.1,199103310LAL-LAL,199103310LAL-SAC,LAL-1991,1,1991,2.4000000000000004,79.6,smithto02-1991
scottby01,19,1.7,199103310LAL-LAL,199103310LAL-SAC,LAL-1991,1,1991,32.3,79.6,scottby01-1991
drewla01,5,1.3,199103310LAL-LAL,199103310LAL-SAC,LAL-1991,1,1991,6.5,79.6,drewla01-1991
thomair01,5,-3.1,199103310LAL-LAL,199103310LAL-SAC,LAL-1991,1,1991,-15.5,79.6,thomair01-1991
simmoli01,40,-2.2,199104020SAC-SAC,199104020SAC-MIA,SAC-1991,1,1991,-88,34.08888888888889,simmoli01-1991
maystr01,39,4.2,199104020SAC-SAC,199104020SAC-MIA,SAC-1991,1,1991,163.8,34.08888888888889,maystr01-1991
carran01,37,4,199104020SAC-SAC,199104020SAC-MIA,SAC-1991,1,1991,148,34.08888888888889,carran01-1991
sparrro01,33,1.3,199104020SAC-SAC,199104020SAC-MIA,SAC-1991,1,1991,42.9,34.08888888888889,sparrro01-1991
causwdu01,24,0.3,199104020SAC-SAC,199104020SAC-MIA,SAC-1991,1,1991,7.199999999999999,34.08888888888889,causwdu01-1991
wennibi01,24,-1.2,199104020SAC-SAC,199104020SAC-MIA,SAC-1991,1,1991,-28.799999999999997,34.08888888888889,wennibi01-1991
lesji01,23,-0.5,199104020SAC-SAC,199104020SAC-MIA,SAC-1991,1,1991,-11.5,34.08888888888889,lesji01-1991
fredean01,19,3.9,199104020SAC-SAC,199104020SAC-MIA,SAC-1991,1,1991,74.1,34.08888888888889,fredean01-1991
callori01,1,-0.9,199104020SAC-SAC,199104020SAC-MIA,SAC-1991,1,1991,-0.9,34.08888888888889,callori01-1991
kempsh01,37,6.6,199104030SEA-SEA,199104030SEA-SAC,SEA-1991,1,1991,244.2,60.58888888888889,kempsh01-1991
johnsed03,36,-1.1,199104030SEA-SEA,199104030SEA-SAC,SEA-1991,1,1991,-39.6,60.58888888888889,johnsed03-1991
threase01,30,1.7,199104030SEA-SEA,199104030SEA-SAC,SEA-1991,1,1991,51,60.58888888888889,threase01-1991
cagemi01,28,5.2,199104030SEA-SEA,199104030SEA-SAC,SEA-1991,1,1991,145.6,60.58888888888889,cagemi01-1991
mcmilna01,28,3.1,199104030SEA-SEA,199104030SEA-SAC,SEA-1991,1,1991,86.8,60.58888888888889,mcmilna01-1991
mckeyde01,23,1.3,199104030SEA-SEA,199104030SEA-SAC,SEA-1991,1,1991,29.900000000000002,60.58888888888889,mckeyde01-1991
benjabe01,20,-2.4,199104030SEA-SEA,199104030SEA-SAC,SEA-1991,1,1991,-48,60.58888888888889,benjabe01-1991
paytoga01,20,5.3,199104030SEA-SEA,199104030SEA-SAC,SEA-1991,1,1991,106,60.58888888888889,paytoga01-1991
piercri01,18,-1.7,199104030SEA-SEA,199104030SEA-SAC,SEA-1991,1,1991,-30.599999999999998,60.58888888888889,piercri01-1991
simmoli01,42,16,199104060SAC-SAC,199104060SAC-GSW,SAC-1991,1,1991,672,83.42222222222222,simmoli01-1991
sparrro01,39,-1.5,199104060SAC-SAC,199104060SAC-GSW,SAC-1991,1,1991,-58.5,83.42222222222222,sparrro01-1991
carran01,32,2.6,199104060SAC-SAC,199104060SAC-GSW,SAC-1991,1,1991,83.2,83.42222222222222,carran01-1991
causwdu01,32,4.2,199104060SAC-SAC,199104060SAC-GSW,SAC-1991,1,1991,134.4,83.42222222222222,causwdu01-1991
maystr01,30,-1.5,199104060SAC-SAC,199104060SAC-GSW,SAC-1991,1,1991,-45,83.42222222222222,maystr01-1991
lesji01,27,5.8,199104060SAC-SAC,199104060SAC-GSW,SAC-1991,1,1991,156.6,83.42222222222222,lesji01-1991
fredean01,23,-8.8,199104060SAC-SAC,199104060SAC-GSW,SAC-1991,1,1991,-202.4,83.42222222222222,fredean01-1991
wennibi01,13,1.1,199104060SAC-SAC,199104060SAC-GSW,SAC-1991,1,1991,14.3,83.42222222222222,wennibi01-1991
callori01,2,-1.9,199104060SAC-SAC,199104060SAC-GSW,SAC-1991,1,1991,-3.8,83.42222222222222,callori01-1991
harpero01,39,4.3,199104070LAC-LAC,199104070LAC-SAC,LAC-1991,1,1991,167.7,69.23333333333333,harpero01-1991
garlawi01,37,-2.2,199104070LAC-LAC,199104070LAC-SAC,LAC-1991,1,1991,-81.4,69.23333333333333,garlawi01-1991
smithch01,37,9.8,199104070LAC-LAC,199104070LAC-SAC,LAC-1991,1,1991,362.6,69.23333333333333,smithch01-1991
mannida01,36,4.7,199104070LAC-LAC,199104070LAC-SAC,LAC-1991,1,1991,169.20000000000002,69.23333333333333,mannida01-1991
polynol01,32,1.9,199104070LAC-LAC,199104070LAC-SAC,LAC-1991,1,1991,60.8,69.23333333333333,polynol01-1991
normake01,26,0,199104070LAC-LAC,199104070LAC-SAC,LAC-1991,1,1991,0,69.23333333333333,normake01-1991
garrito01,17,-0.8,199104070LAC-LAC,199104070LAC-SAC,LAC-1991,1,1991,-13.600000000000001,69.23333333333333,garrito01-1991
vaughlo01,11,-3.7,199104070LAC-LAC,199104070LAC-SAC,LAC-1991,1,1991,-40.7,69.23333333333333,vaughlo01-1991
martije01,5,-0.3,199104070LAC-LAC,199104070LAC-SAC,LAC-1991,1,1991,-1.5,69.23333333333333,martije01-1991
maystr01,43,-1,199104090SAC-SAC,199104090SAC-DAL,SAC-1991,1,1991,-43,42.79,maystr01-1991
carran01,41,3.8,199104090SAC-SAC,199104090SAC-DAL,SAC-1991,1,1991,155.79999999999998,42.79,carran01-1991
simmoli01,40,5.9,199104090SAC-SAC,199104090SAC-DAL,SAC-1991,1,1991,236,42.79,simmoli01-1991
sparrro01,31,0.6,199104090SAC-SAC,199104090SAC-DAL,SAC-1991,1,1991,18.599999999999998,42.79,sparrro01-1991
causwdu01,30,-1.2,199104090SAC-SAC,199104090SAC-DAL,SAC-1991,1,1991,-36,42.79,causwdu01-1991
lesji01,23,3.4,199104090SAC-SAC,199104090SAC-DAL,SAC-1991,1,1991,78.2,42.79,lesji01-1991
wennibi01,16,1.7,199104090SAC-SAC,199104090SAC-DAL,SAC-1991,1,1991,27.2,42.79,wennibi01-1991
bonnean01,11,-0.3,199104090SAC-SAC,199104090SAC-DAL,SAC-1991,1,1991,-3.3,42.79,bonnean01-1991
fredean01,4,-0.9,199104090SAC-SAC,199104090SAC-DAL,SAC-1991,1,1991,-3.6,42.79,fredean01-1991
callori01,1,-2,199104090SAC-SAC,199104090SAC-DAL,SAC-1991,1,1991,-2,42.79,callori01-1991
causwdu01,39,6.5,199104110SAC-SAC,199104110SAC-ORL,SAC-1991,1,1991,253.5,23.81111111111111,causwdu01-1991
simmoli01,38,0.5,199104110SAC-SAC,199104110SAC-ORL,SAC-1991,1,1991,19,23.81111111111111,simmoli01-1991
maystr01,35,2.6,199104110SAC-SAC,199104110SAC-ORL,SAC-1991,1,1991,91,23.81111111111111,maystr01-1991
sparrro01,33,-4.8,199104110SAC-SAC,199104110SAC-ORL,SAC-1991,1,1991,-158.4,23.81111111111111,sparrro01-1991
carran01,31,0.3,199104110SAC-SAC,199104110SAC-ORL,SAC-1991,1,1991,9.299999999999999,23.81111111111111,carran01-1991
lesji01,28,-2.2,199104110SAC-SAC,199104110SAC-ORL,SAC-1991,1,1991,-61.60000000000001,23.81111111111111,lesji01-1991
wennibi01,19,0.8,199104110SAC-SAC,199104110SAC-ORL,SAC-1991,1,1991,15.200000000000001,23.81111111111111,wennibi01-1991
fredean01,12,1.9,199104110SAC-SAC,199104110SAC-ORL,SAC-1991,1,1991,22.799999999999997,23.81111111111111,fredean01-1991
bonnean01,5,4.7,199104110SAC-SAC,199104110SAC-ORL,SAC-1991,1,1991,23.5,23.81111111111111,bonnean01-1991
carran01,39,11.5,199104130SAC-SAC,199104130SAC-HOU,SAC-1991,0,1991,448.5,49.18888888888889,carran01-1991
maystr01,39,1,199104130SAC-SAC,199104130SAC-HOU,SAC-1991,0,1991,39,49.18888888888889,maystr01-1991
sparrro01,35,-2.6,199104130SAC-SAC,199104130SAC-HOU,SAC-1991,0,1991,-91,49.18888888888889,sparrro01-1991
simmoli01,33,5.3,199104130SAC-SAC,199104130SAC-HOU,SAC-1991,0,1991,174.9,49.18888888888889,simmoli01-1991
bonnean01,28,-4.3,199104130SAC-SAC,199104130SAC-HOU,SAC-1991,0,1991,-120.39999999999999,49.18888888888889,bonnean01-1991
lesji01,23,-1.1,199104130SAC-SAC,199104130SAC-HOU,SAC-1991,0,1991,-25.3,49.18888888888889,lesji01-1991
causwdu01,22,-1.8,199104130SAC-SAC,199104130SAC-HOU,SAC-1991,0,1991,-39.6,49.18888888888889,causwdu01-1991
wennibi01,19,3,199104130SAC-SAC,199104130SAC-HOU,SAC-1991,0,1991,57,49.18888888888889,wennibi01-1991
fredean01,2,-0.2,199104130SAC-SAC,199104130SAC-HOU,SAC-1991,0,1991,-0.4,49.18888888888889,fredean01-1991
mitchsa01,35,2.7,199104150MIN-MIN,199104150MIN-SAC,MIN-1991,1,1991,94.5,41.13333333333334,mitchsa01-1991
corbity01,33,7.4,199104150MIN-MIN,199104150MIN-SAC,MIN-1991,1,1991,244.20000000000002,41.13333333333334,corbity01-1991
richapo01,32,5.6,199104150MIN-MIN,199104150MIN-SAC,MIN-1991,1,1991,179.2,41.13333333333334,richapo01-1991
campbto01,31,-9.1,199104150MIN-MIN,199104150MIN-SAC,MIN-1991,1,1991,-282.09999999999997,41.13333333333334,campbto01-1991
spencfe01,26,3.5,199104150MIN-MIN,199104150MIN-SAC,MIN-1991,1,1991,91,41.13333333333334,spencfe01-1991
westdo01,23,4.6,199104150MIN-MIN,199104150MIN-SAC,MIN-1991,1,1991,105.8,41.13333333333334,westdo01-1991
breuera01,21,-0.6,199104150MIN-MIN,199104150MIN-SAC,MIN-1991,1,1991,-12.6,41.13333333333334,breuera01-1991
brooksc01,16,1.7,199104150MIN-MIN,199104150MIN-SAC,MIN-1991,1,1991,27.2,41.13333333333334,brooksc01-1991
murphto01,16,3.1,199104150MIN-MIN,199104150MIN-SAC,MIN-1991,1,1991,49.6,41.13333333333334,murphto01-1991
glassge01,4,0.1,199104150MIN-MIN,199104150MIN-SAC,MIN-1991,1,1991,0.4,41.13333333333334,glassge01-1991
cofferi01,2,-1.3,199104150MIN-MIN,199104150MIN-SAC,MIN-1991,1,1991,-2.6,41.13333333333334,cofferi01-1991
godfrda01,1,-1,199104150MIN-MIN,199104150MIN-SAC,MIN-1991,1,1991,-1,41.13333333333334,godfrda01-1991
malonka01,41,5.2,199104160UTA-UTA,199104160UTA-SAC,UTA-1991,1,1991,213.20000000000002,78.2,malonka01-1991
malonje01,39,0.3,199104160UTA-UTA,199104160UTA-SAC,UTA-1991,1,1991,11.7,78.2,malonje01-1991
stockjo01,38,10.1,199104160UTA-UTA,199104160UTA-SAC,UTA-1991,1,1991,383.8,78.2,stockjo01-1991
eatonma01,34,2.9,199104160UTA-UTA,199104160UTA-SAC,UTA-1991,1,1991,98.6,78.2,eatonma01-1991
edwarbl01,29,1.2,199104160UTA-UTA,199104160UTA-SAC,UTA-1991,1,1991,34.8,78.2,edwarbl01-1991
baileth01,23,0.4,199104160UTA-UTA,199104160UTA-SAC,UTA-1991,1,1991,9.200000000000001,78.2,baileth01-1991
brownmi01,17,0.5,199104160UTA-UTA,199104160UTA-SAC,UTA-1991,1,1991,8.5,78.2,brownmi01-1991
ruddde01,10,-0.2,199104160UTA-UTA,199104160UTA-SAC,UTA-1991,1,1991,-2,78.2,ruddde01-1991
griffda01,9,-6,199104160UTA-UTA,199104160UTA-SAC,UTA-1991,1,1991,-54,78.2,griffda01-1991
maystr01,34,6.1,199104180SAC-SAC,199104180SAC-DEN,SAC-1991,1,1991,207.39999999999998,31.5,maystr01-1991
simmoli01,31,4.7,199104180SAC-SAC,199104180SAC-DEN,SAC-1991,1,1991,145.70000000000002,31.5,simmoli01-1991
carran01,30,-1.3,199104180SAC-SAC,199104180SAC-DEN,SAC-1991,1,1991,-39,31.5,carran01-1991
sparrro01,30,-1.7,199104180SAC-SAC,199104180SAC-DEN,SAC-1991,1,1991,-51,31.5,sparrro01-1991
causwdu01,29,4.5,199104180SAC-SAC,199104180SAC-DEN,SAC-1991,1,1991,130.5,31.5,causwdu01-1991
wennibi01,22,-2.1,199104180SAC-SAC,199104180SAC-DEN,SAC-1991,1,1991,-46.2,31.5,wennibi01-1991
callori01,19,-0.9,199104180SAC-SAC,199104180SAC-DEN,SAC-1991,1,1991,-17.1,31.5,callori01-1991
fredean01,18,-3.4,199104180SAC-SAC,199104180SAC-DEN,SAC-1991,1,1991,-61.199999999999996,31.5,fredean01-1991
lesji01,18,2.5,199104180SAC-SAC,199104180SAC-DEN,SAC-1991,1,1991,45,31.5,lesji01-1991
bonnean01,9,0.1,199104180SAC-SAC,199104180SAC-DEN,SAC-1991,1,1991,0.9,31.5,bonnean01-1991
duckwke01,25,1.1,199104190POR-POR,199104190POR-SAC,POR-1991,1,1991,27.500000000000004,30.725,duckwke01-1991
kerseje01,24,-1.7,199104190POR-POR,199104190POR-SAC,POR-1991,1,1991,-40.8,30.725,kerseje01-1991
drexlcl01,22,3,199104190POR-POR,199104190POR-SAC,POR-1991,1,1991,66,30.725,drexlcl01-1991
portete01,22,3.9,199104190POR-POR,199104190POR-SAC,POR-1991,1,1991,85.8,30.725,portete01-1991
willibu01,22,4.2,199104190POR-POR,199104190POR-SAC,POR-1991,1,1991,92.4,30.725,willibu01-1991
daviswa03,22,1.7,199104190POR-POR,199104190POR-SAC,POR-1991,1,1991,37.4,30.725,daviswa03-1991
robincl02,22,-5.8,199104190POR-POR,199104190POR-SAC,POR-1991,1,1991,-127.6,30.725,robincl02-1991
youngda01,20,6.6,199104190POR-POR,199104190POR-SAC,POR-1991,1,1991,132,30.725,youngda01-1991
coopewa01,19,-1.2,199104190POR-POR,199104190POR-SAC,POR-1991,1,1991,-22.8,30.725,coopewa01-1991
abdelal01,15,4.5,199104190POR-POR,199104190POR-SAC,POR-1991,1,1991,67.5,30.725,abdelal01-1991
bryanma01,15,0.7,199104190POR-POR,199104190POR-SAC,POR-1991,1,1991,10.5,30.725,bryanma01-1991
aingeda01,12,3.4,199104190POR-POR,199104190POR-SAC,POR-1991,1,1991,40.8,30.725,aingeda01-1991
maystr01,37,-4.6,199104210SAC-SAC,199104210SAC-LAC,SAC-1991,1,1991,-170.2,34.09,maystr01-1991
carran01,36,2.2,199104210SAC-SAC,199104210SAC-LAC,SAC-1991,1,1991,79.2,34.09,carran01-1991
simmoli01,32,0.6,199104210SAC-SAC,199104210SAC-LAC,SAC-1991,1,1991,19.2,34.09,simmoli01-1991
lesji01,31,9.3,199104210SAC-SAC,199104210SAC-LAC,SAC-1991,1,1991,288.3,34.09,lesji01-1991
causwdu01,30,-0.7,199104210SAC-SAC,199104210SAC-LAC,SAC-1991,1,1991,-21,34.09,causwdu01-1991
bonnean01,29,6.9,199104210SAC-SAC,199104210SAC-LAC,SAC-1991,1,1991,200.10000000000002,34.09,bonnean01-1991
sparrro01,16,0.8,199104210SAC-SAC,199104210SAC-LAC,SAC-1991,1,1991,12.8,34.09,sparrro01-1991
callori01,12,-4.6,199104210SAC-SAC,199104210SAC-LAC,SAC-1991,1,1991,-55.199999999999996,34.09,callori01-1991
wennibi01,12,-1.4,199104210SAC-SAC,199104210SAC-LAC,SAC-1991,1,1991,-16.799999999999997,34.09,wennibi01-1991
fredean01,5,0.9,199104210SAC-SAC,199104210SAC-LAC,SAC-1991,1,1991,4.5,34.09,fredean01-1991
sparrro01,40,-4.3,199011020LAC-SAC,199011020LAC-LAC,SAC-1991,0,1991,-172,-17.139999999999997,sparrro01-1991
simmoli01,38,-0.2,199011020LAC-SAC,199011020LAC-LAC,SAC-1991,0,1991,-7.6000000000000005,-17.139999999999997,simmoli01-1991
tisdawa01,34,3.7,199011020LAC-SAC,199011020LAC-LAC,SAC-1991,0,1991,125.80000000000001,-17.139999999999997,tisdawa01-1991
hansebo01,32,-0.4,199011020LAC-SAC,199011020LAC-LAC,SAC-1991,0,1991,-12.8,-17.139999999999997,hansebo01-1991
carran01,29,-2.4,199011020LAC-SAC,199011020LAC-LAC,SAC-1991,0,1991,-69.6,-17.139999999999997,carran01-1991
wennibi01,22,0.5,199011020LAC-SAC,199011020LAC-LAC,SAC-1991,0,1991,11,-17.139999999999997,wennibi01-1991
leckner01,22,-1.7,199011020LAC-SAC,199011020LAC-LAC,SAC-1991,0,1991,-37.4,-17.139999999999997,leckner01-1991
coltest01,17,-0.2,199011020LAC-SAC,199011020LAC-LAC,SAC-1991,0,1991,-3.4000000000000004,-17.139999999999997,coltest01-1991
causwdu01,4,-1.2,199011020LAC-SAC,199011020LAC-LAC,SAC-1991,0,1991,-4.8,-17.139999999999997,causwdu01-1991
sampsra01,2,-0.3,199011020LAC-SAC,199011020LAC-LAC,SAC-1991,0,1991,-0.6,-17.139999999999997,sampsra01-1991
willibu01,44,4.2,199011030SAC-POR,199011030SAC-SAC,POR-1991,1,1991,184.8,59.42000000000001,willibu01-1991
drexlcl01,41,1.2,199011030SAC-POR,199011030SAC-SAC,POR-1991,1,1991,49.199999999999996,59.42000000000001,drexlcl01-1991
kerseje01,41,0.7,199011030SAC-POR,199011030SAC-SAC,POR-1991,1,1991,28.7,59.42000000000001,kerseje01-1991
portete01,38,9.8,199011030SAC-POR,199011030SAC-SAC,POR-1991,1,1991,372.40000000000003,59.42000000000001,portete01-1991
aingeda01,31,3.7,199011030SAC-POR,199011030SAC-SAC,POR-1991,1,1991,114.7,59.42000000000001,aingeda01-1991
duckwke01,28,-4.6,199011030SAC-POR,199011030SAC-SAC,POR-1991,1,1991,-128.79999999999998,59.42000000000001,duckwke01-1991
youngda01,12,-0.1,199011030SAC-POR,199011030SAC-SAC,POR-1991,1,1991,-1.2000000000000002,59.42000000000001,youngda01-1991
coopewa01,11,3.2,199011030SAC-POR,199011030SAC-SAC,POR-1991,1,1991,35.2,59.42000000000001,coopewa01-1991
robincl02,11,-4.8,199011030SAC-POR,199011030SAC-SAC,POR-1991,1,1991,-52.8,59.42000000000001,robincl02-1991
bryanma01,8,-1,199011030SAC-POR,199011030SAC-SAC,POR-1991,1,1991,-8,59.42000000000001,bryanma01-1991
wilkido01,34,11.1,199011060SAC-ATL,199011060SAC-SAC,ATL-1991,1,1991,377.4,42.625,wilkido01-1991
riverdo01,31,5.9,199011060SAC-ATL,199011060SAC-SAC,ATL-1991,1,1991,182.9,42.625,riverdo01-1991
malonmo01,30,-0.9,199011060SAC-ATL,199011060SAC-SAC,ATL-1991,1,1991,-27,42.625,malonmo01-1991
mccorti01,24,1,199011060SAC-ATL,199011060SAC-SAC,ATL-1991,1,1991,24,42.625,mccorti01-1991
robinru01,23,3,199011060SAC-ATL,199011060SAC-SAC,ATL-1991,1,1991,69,42.625,robinru01-1991
willike02,23,-3.6,199011060SAC-ATL,199011060SAC-SAC,ATL-1991,1,1991,-82.8,42.625,willike02-1991
ferredu01,18,2.1,199011060SAC-ATL,199011060SAC-SAC,ATL-1991,1,1991,37.800000000000004,42.625,ferredu01-1991
webbsp01,16,-4.8,199011060SAC-ATL,199011060SAC-SAC,ATL-1991,1,1991,-76.8,42.625,webbsp01-1991
moncrsi01,15,3.9,199011060SAC-ATL,199011060SAC-SAC,ATL-1991,1,1991,58.5,42.625,moncrsi01-1991
wrighho02,13,-2.1,199011060SAC-ATL,199011060SAC-SAC,ATL-1991,1,1991,-27.3,42.625,wrighho02-1991
battljo01,11,-2.4,199011060SAC-ATL,199011060SAC-SAC,ATL-1991,1,1991,-26.4,42.625,battljo01-1991
wilsotr01,2,1.1,199011060SAC-ATL,199011060SAC-SAC,ATL-1991,1,1991,2.2,42.625,wilsotr01-1991
tisdawa01,43,3.7,199011090LAL-SAC,199011090LAL-LAL,SAC-1991,0,1991,159.1,10.044444444444443,tisdawa01-1991
simmoli01,39,1.2,199011090LAL-SAC,199011090LAL-LAL,SAC-1991,0,1991,46.8,10.044444444444443,simmoli01-1991
hansebo01,36,4.3,199011090LAL-SAC,199011090LAL-LAL,SAC-1991,0,1991,154.79999999999998,10.044444444444443,hansebo01-1991
sparrro01,32,-0.6,199011090LAL-SAC,199011090LAL-LAL,SAC-1991,0,1991,-19.2,10.044444444444443,sparrro01-1991
wennibi01,27,-8.5,199011090LAL-SAC,199011090LAL-LAL,SAC-1991,0,1991,-229.5,10.044444444444443,wennibi01-1991
leckner01,20,0.3,199011090LAL-SAC,199011090LAL-LAL,SAC-1991,0,1991,6,10.044444444444443,leckner01-1991
maystr01,20,-2.1,199011090LAL-SAC,199011090LAL-LAL,SAC-1991,0,1991,-42,10.044444444444443,maystr01-1991
causwdu01,15,0.8,199011090LAL-SAC,199011090LAL-LAL,SAC-1991,0,1991,12,10.044444444444443,causwdu01-1991
coltest01,8,0.3,199011090LAL-SAC,199011090LAL-LAL,SAC-1991,0,1991,2.4,10.044444444444443,coltest01-1991
oaklech01,41,-0.4,199011100SAC-NYK,199011100SAC-SAC,NYK-1991,1,1991,-16.400000000000002,39.51,oaklech01-1991
vandeki01,39,3.4,199011100SAC-NYK,199011100SAC-SAC,NYK-1991,1,1991,132.6,39.51,vandeki01-1991
ewingpa01,38,4.7,199011100SAC-NYK,199011100SAC-SAC,NYK-1991,1,1991,178.6,39.51,ewingpa01-1991
wilkige01,32,2.4,199011100SAC-NYK,199011100SAC-SAC,NYK-1991,1,1991,76.8,39.51,wilkige01-1991
jacksma01,26,0.5,199011100SAC-NYK,199011100SAC-SAC,NYK-1991,1,1991,13,39.51,jacksma01-1991
cheekma01,22,3,199011100SAC-NYK,199011100SAC-SAC,NYK-1991,1,1991,66,39.51,cheekma01-1991
tucketr01,19,-0.1,199011100SAC-NYK,199011100SAC-SAC,NYK-1991,1,1991,-1.9000000000000001,39.51,tucketr01-1991
mustaje01,11,-2.8,199011100SAC-NYK,199011100SAC-SAC,NYK-1991,1,1991,-30.799999999999997,39.51,mustaje01-1991
quinnbr01,10,-2.3,199011100SAC-NYK,199011100SAC-SAC,NYK-1991,1,1991,-23,39.51,quinnbr01-1991
wilkied01,2,0.1,199011100SAC-NYK,199011100SAC-SAC,NYK-1991,1,1991,0.2,39.51,wilkied01-1991
robinda01,36,0.2,199011150SAC-SAS,199011150SAC-SAC,SAS-1991,1,1991,7.2,51.163636363636364,robinda01-1991
stricro02,35,8.4,199011150SAC-SAS,199011150SAC-SAC,SAS-1991,1,1991,294,51.163636363636364,stricro02-1991
cummite01,34,1.6,199011150SAC-SAS,199011150SAC-SAC,SAS-1991,1,1991,54.400000000000006,51.163636363636364,cummite01-1991
presspa01,30,1.9,199011150SAC-SAS,199011150SAC-SAC,SAS-1991,1,1991,57,51.163636363636364,presspa01-1991
elliose01,29,-1.6,199011150SAC-SAS,199011150SAC-SAC,SAS-1991,1,1991,-46.400000000000006,51.163636363636364,elliose01-1991
greensi02,22,-0.8,199011150SAC-SAS,199011150SAC-SAC,SAS-1991,1,1991,-17.6,51.163636363636364,greensi02-1991
willire01,21,8.1,199011150SAC-SAS,199011150SAC-SAC,SAS-1991,1,1991,170.1,51.163636363636364,willire01-1991
greenda01,13,0.3,199011150SAC-SAS,199011150SAC-SAC,SAS-1991,1,1991,3.9,51.163636363636364,greenda01-1991
dinkiby01,10,2.6,199011150SAC-SAS,199011150SAC-SAC,SAS-1991,1,1991,26,51.163636363636364,dinkiby01-1991
masseto01,6,0.5,199011150SAC-SAS,199011150SAC-SAC,SAS-1991,1,1991,3,51.163636363636364,masseto01-1991
schindw01,4,2.8,199011150SAC-SAS,199011150SAC-SAC,SAS-1991,1,1991,11.2,51.163636363636364,schindw01-1991
maystr01,42,-3,199011170GSW-SAC,199011170GSW-GSW,SAC-1991,0,1991,-126,36.92727272727273,maystr01-1991
tisdawa01,40,8.4,199011170GSW-SAC,199011170GSW-GSW,SAC-1991,0,1991,336,36.92727272727273,tisdawa01-1991
carran01,32,5.4,199011170GSW-SAC,199011170GSW-GSW,SAC-1991,0,1991,172.8,36.92727272727273,carran01-1991
sparrro01,31,-2,199011170GSW-SAC,199011170GSW-GSW,SAC-1991,0,1991,-62,36.92727272727273,sparrro01-1991
simmoli01,28,5.8,199011170GSW-SAC,199011170GSW-GSW,SAC-1991,0,1991,162.4,36.92727272727273,simmoli01-1991
coltest01,18,-1.2,199011170GSW-SAC,199011170GSW-GSW,SAC-1991,0,1991,-21.599999999999998,36.92727272727273,coltest01-1991
wennibi01,13,3.4,199011170GSW-SAC,199011170GSW-GSW,SAC-1991,0,1991,44.199999999999996,36.92727272727273,wennibi01-1991
causwdu01,12,-2.8,199011170GSW-SAC,199011170GSW-GSW,SAC-1991,0,1991,-33.599999999999994,36.92727272727273,causwdu01-1991
sampsra01,9,-0.5,199011170GSW-SAC,199011170GSW-GSW,SAC-1991,0,1991,-4.5,36.92727272727273,sampsra01-1991
callori01,8,-2.7,199011170GSW-SAC,199011170GSW-GSW,SAC-1991,0,1991,-21.6,36.92727272727273,callori01-1991
leckner01,7,-5.7,199011170GSW-SAC,199011170GSW-GSW,SAC-1991,0,1991,-39.9,36.92727272727273,leckner01-1991
maystr01,43,0.2,199011200WSB-SAC,199011200WSB-WSB,SAC-1991,1,1991,8.6,30.53,maystr01-1991
tisdawa01,41,5.7,199011200WSB-SAC,199011200WSB-WSB,SAC-1991,1,1991,233.70000000000002,30.53,tisdawa01-1991
simmoli01,34,-2.6,199011200WSB-SAC,199011200WSB-WSB,SAC-1991,1,1991,-88.4,30.53,simmoli01-1991
carran01,28,2.9,199011200WSB-SAC,199011200WSB-WSB,SAC-1991,1,1991,81.2,30.53,carran01-1991
causwdu01,26,0.1,199011200WSB-SAC,199011200WSB-WSB,SAC-1991,1,1991,2.6,30.53,causwdu01-1991
coltest01,26,2.1,199011200WSB-SAC,199011200WSB-WSB,SAC-1991,1,1991,54.6,30.53,coltest01-1991
sparrro01,25,2.2,199011200WSB-SAC,199011200WSB-WSB,SAC-1991,1,1991,55.00000000000001,30.53,sparrro01-1991
wennibi01,15,-2.8,199011200WSB-SAC,199011200WSB-WSB,SAC-1991,1,1991,-42,30.53,wennibi01-1991
callori01,1,0,199011200WSB-SAC,199011200WSB-WSB,SAC-1991,1,1991,0,30.53,callori01-1991
leckner01,1,0,199011200WSB-SAC,199011200WSB-WSB,SAC-1991,1,1991,0,30.53,leckner01-1991
maystr01,44,5.1,199011210PHI-SAC,199011210PHI-PHI,SAC-1991,0,1991,224.39999999999998,37.68888888888888,maystr01-1991
simmoli01,42,2.3,199011210PHI-SAC,199011210PHI-PHI,SAC-1991,0,1991,96.6,37.68888888888888,simmoli01-1991
sparrro01,34,-1.8,199011210PHI-SAC,199011210PHI-PHI,SAC-1991,0,1991,-61.2,37.68888888888888,sparrro01-1991
carran01,33,2.6,199011210PHI-SAC,199011210PHI-PHI,SAC-1991,0,1991,85.8,37.68888888888888,carran01-1991
tisdawa01,27,1.6,199011210PHI-SAC,199011210PHI-PHI,SAC-1991,0,1991,43.2,37.68888888888888,tisdawa01-1991
sampsra01,26,1.1,199011210PHI-SAC,199011210PHI-PHI,SAC-1991,0,1991,28.6,37.68888888888888,sampsra01-1991
causwdu01,16,-3.8,199011210PHI-SAC,199011210PHI-PHI,SAC-1991,0,1991,-60.8,37.68888888888888,causwdu01-1991
coltest01,14,-1.1,199011210PHI-SAC,199011210PHI-PHI,SAC-1991,0,1991,-15.400000000000002,37.68888888888888,coltest01-1991
callori01,4,-0.5,199011210PHI-SAC,199011210PHI-PHI,SAC-1991,0,1991,-2,37.68888888888888,callori01-1991
maystr01,38,2.7,199011230BOS-SAC,199011230BOS-BOS,SAC-1991,0,1991,102.60000000000001,4.990909090909091,maystr01-1991
carran01,37,0.6,199011230BOS-SAC,199011230BOS-BOS,SAC-1991,0,1991,22.2,4.990909090909091,carran01-1991
simmoli01,36,-3.2,199011230BOS-SAC,199011230BOS-BOS,SAC-1991,0,1991,-115.2,4.990909090909091,simmoli01-1991
tisdawa01,30,3.1,199011230BOS-SAC,199011230BOS-BOS,SAC-1991,0,1991,93,4.990909090909091,tisdawa01-1991
coltest01,28,-2.5,199011230BOS-SAC,199011230BOS-BOS,SAC-1991,0,1991,-70,4.990909090909091,coltest01-1991
wennibi01,22,-2,199011230BOS-SAC,199011230BOS-BOS,SAC-1991,0,1991,-44,4.990909090909091,wennibi01-1991
sparrro01,21,2.7,199011230BOS-SAC,199011230BOS-BOS,SAC-1991,0,1991,56.7,4.990909090909091,sparrro01-1991
leckner01,11,-0.2,199011230BOS-SAC,199011230BOS-BOS,SAC-1991,0,1991,-2.2,4.990909090909091,leckner01-1991
causwdu01,10,1,199011230BOS-SAC,199011230BOS-BOS,SAC-1991,0,1991,10,4.990909090909091,causwdu01-1991
sampsra01,5,0.6,199011230BOS-SAC,199011230BOS-BOS,SAC-1991,0,1991,3,4.990909090909091,sampsra01-1991
callori01,2,-0.6,199011230BOS-SAC,199011230BOS-BOS,SAC-1991,0,1991,-1.2,4.990909090909091,callori01-1991
tisdawa01,41,0.7,199011250DET-SAC,199011250DET-DET,SAC-1991,0,1991,28.7,0.21818181818181867,tisdawa01-1991
maystr01,38,-2.3,199011250DET-SAC,199011250DET-DET,SAC-1991,0,1991,-87.39999999999999,0.21818181818181867,maystr01-1991
simmoli01,28,-0.2,199011250DET-SAC,199011250DET-DET,SAC-1991,0,1991,-5.6000000000000005,0.21818181818181867,simmoli01-1991
sparrro01,28,2.6,199011250DET-SAC,199011250DET-DET,SAC-1991,0,1991,72.8,0.21818181818181867,sparrro01-1991
carran01,27,0.4,199011250DET-SAC,199011250DET-DET,SAC-1991,0,1991,10.8,0.21818181818181867,carran01-1991
leckner01,19,0.6,199011250DET-SAC,199011250DET-DET,SAC-1991,0,1991,11.4,0.21818181818181867,leckner01-1991
wennibi01,18,0,199011250DET-SAC,199011250DET-DET,SAC-1991,0,1991,0,0.21818181818181867,wennibi01-1991
coltest01,16,-1,199011250DET-SAC,199011250DET-DET,SAC-1991,0,1991,-16,0.21818181818181867,coltest01-1991
callori01,14,0.1,199011250DET-SAC,199011250DET-DET,SAC-1991,0,1991,1.4000000000000001,0.21818181818181867,callori01-1991
causwdu01,6,-0.2,199011250DET-SAC,199011250DET-DET,SAC-1991,0,1991,-1.2000000000000002,0.21818181818181867,causwdu01-1991
sampsra01,5,-2.5,199011250DET-SAC,199011250DET-DET,SAC-1991,0,1991,-12.5,0.21818181818181867,sampsra01-1991
mitchsa01,48,-7,199011270SAC-MIN,199011270SAC-SAC,MIN-1991,1,1991,-336,9.53,mitchsa01-1991
spencfe01,35,-1.3,199011270SAC-MIN,199011270SAC-SAC,MIN-1991,1,1991,-45.5,9.53,spencfe01-1991
campbto01,31,3.2,199011270SAC-MIN,199011270SAC-SAC,MIN-1991,1,1991,99.2,9.53,campbto01-1991
corbity01,31,1.6,199011270SAC-MIN,199011270SAC-SAC,MIN-1991,1,1991,49.6,9.53,corbity01-1991
richapo01,31,7.6,199011270SAC-MIN,199011270SAC-SAC,MIN-1991,1,1991,235.6,9.53,richapo01-1991
brooksc01,17,2.8,199011270SAC-MIN,199011270SAC-SAC,MIN-1991,1,1991,47.599999999999994,9.53,brooksc01-1991
westdo01,17,-1.7,199011270SAC-MIN,199011270SAC-SAC,MIN-1991,1,1991,-28.9,9.53,westdo01-1991
glassge01,16,3.8,199011270SAC-MIN,199011270SAC-SAC,MIN-1991,1,1991,60.8,9.53,glassge01-1991
breuera01,13,1,199011270SAC-MIN,199011270SAC-SAC,MIN-1991,1,1991,13,9.53,breuera01-1991
cofferi01,1,-0.1,199011270SAC-MIN,199011270SAC-SAC,MIN-1991,1,1991,-0.1,9.53,cofferi01-1991
maystr01,39,0.7,199011290DEN-SAC,199011290DEN-DEN,SAC-1991,0,1991,27.299999999999997,5.57,maystr01-1991
tisdawa01,36,1.5,199011290DEN-SAC,199011290DEN-DEN,SAC-1991,0,1991,54,5.57,tisdawa01-1991
simmoli01,35,4,199011290DEN-SAC,199011290DEN-DEN,SAC-1991,0,1991,140,5.57,simmoli01-1991
carran01,26,1.6,199011290DEN-SAC,199011290DEN-DEN,SAC-1991,0,1991,41.6,5.57,carran01-1991
sparrro01,25,-3.4,199011290DEN-SAC,199011290DEN-DEN,SAC-1991,0,1991,-85,5.57,sparrro01-1991
woodle01,23,-2.4,199011290DEN-SAC,199011290DEN-DEN,SAC-1991,0,1991,-55.199999999999996,5.57,woodle01-1991
wennibi01,21,-2.8,199011290DEN-SAC,199011290DEN-DEN,SAC-1991,0,1991,-58.8,5.57,wennibi01-1991
leckner01,21,-0.2,199011290DEN-SAC,199011290DEN-DEN,SAC-1991,0,1991,-4.2,5.57,leckner01-1991
callori01,9,-0.5,199011290DEN-SAC,199011290DEN-DEN,SAC-1991,0,1991,-4.5,5.57,callori01-1991
causwdu01,5,0.1,199011290DEN-SAC,199011290DEN-DEN,SAC-1991,0,1991,0.5,5.57,causwdu01-1991
maystr01,44,4.4,199012010HOU-SAC,199012010HOU-HOU,SAC-1991,0,1991,193.60000000000002,2.4222222222222243,maystr01-1991
simmoli01,41,-0.4,199012010HOU-SAC,199012010HOU-HOU,SAC-1991,0,1991,-16.400000000000002,2.4222222222222243,simmoli01-1991
tisdawa01,38,1.6,199012010HOU-SAC,199012010HOU-HOU,SAC-1991,0,1991,60.800000000000004,2.4222222222222243,tisdawa01-1991
sparrro01,33,-3.4,199012010HOU-SAC,199012010HOU-HOU,SAC-1991,0,1991,-112.2,2.4222222222222243,sparrro01-1991
carran01,25,0.5,199012010HOU-SAC,199012010HOU-HOU,SAC-1991,0,1991,12.5,2.4222222222222243,carran01-1991
woodle01,18,1.5,199012010HOU-SAC,199012010HOU-HOU,SAC-1991,0,1991,27,2.4222222222222243,woodle01-1991
causwdu01,14,-5.8,199012010HOU-SAC,199012010HOU-HOU,SAC-1991,0,1991,-81.2,2.4222222222222243,causwdu01-1991
leckner01,14,-2.5,199012010HOU-SAC,199012010HOU-HOU,SAC-1991,0,1991,-35,2.4222222222222243,leckner01-1991
wennibi01,13,-2.1,199012010HOU-SAC,199012010HOU-HOU,SAC-1991,0,1991,-27.3,2.4222222222222243,wennibi01-1991
harpede01,41,5,199012040SAC-DAL,199012040SAC-SAC,DAL-1991,0,1991,205,0.5999999999999993,harpede01-1991
mccraro01,41,2.2,199012040SAC-DAL,199012040SAC-SAC,DAL-1991,0,1991,90.2,0.5999999999999993,mccraro01-1991
donalja01,39,3.3,199012040SAC-DAL,199012040SAC-SAC,DAL-1991,0,1991,128.7,0.5999999999999993,donalja01-1991
blackro01,34,-5,199012040SAC-DAL,199012040SAC-SAC,DAL-1991,0,1991,-170,0.5999999999999993,blackro01-1991
willihe01,21,-2.6,199012040SAC-DAL,199012040SAC-SAC,DAL-1991,0,1991,-54.6,0.5999999999999993,willihe01-1991
whitera01,18,-2.3,199012040SAC-DAL,199012040SAC-SAC,DAL-1991,0,1991,-41.4,0.5999999999999993,whitera01-1991
englial01,16,-5.5,199012040SAC-DAL,199012040SAC-SAC,DAL-1991,0,1991,-88,0.5999999999999993,englial01-1991
davisbr01,14,-4.5,199012040SAC-DAL,199012040SAC-SAC,DAL-1991,0,1991,-63,0.5999999999999993,davisbr01-1991
alforst01,7,-0.3,199012040SAC-DAL,199012040SAC-SAC,DAL-1991,0,1991,-2.1,0.5999999999999993,alforst01-1991
grandji01,3,0.2,199012040SAC-DAL,199012040SAC-SAC,DAL-1991,0,1991,0.6000000000000001,0.5999999999999993,grandji01-1991
shaskjo01,3,1.1,199012040SAC-DAL,199012040SAC-SAC,DAL-1991,0,1991,3.3000000000000003,0.5999999999999993,shaskjo01-1991
upshake01,3,-0.5,199012040SAC-DAL,199012040SAC-SAC,DAL-1991,0,1991,-1.5,0.5999999999999993,upshake01-1991
grantha01,38,-0.1,199012060SAC-WSB,199012060SAC-SAC,WSB-1991,0,1991,-3.8000000000000003,-17.641666666666666,grantha01-1991
kingbe01,37,0.7,199012060SAC-WSB,199012060SAC-SAC,WSB-1991,0,1991,25.9,-17.641666666666666,kingbe01-1991
jonesch01,34,-1.4,199012060SAC-WSB,199012060SAC-SAC,WSB-1991,0,1991,-47.599999999999994,-17.641666666666666,jonesch01-1991
workmha01,30,-3.8,199012060SAC-WSB,199012060SAC-SAC,WSB-1991,0,1991,-114,-17.641666666666666,workmha01-1991
walkeda01,28,-4.3,199012060SAC-WSB,199012060SAC-SAC,WSB-1991,0,1991,-120.39999999999999,-17.641666666666666,walkeda01-1991
eacklle01,21,0.5,199012060SAC-WSB,199012060SAC-SAC,WSB-1991,0,1991,10.5,-17.641666666666666,eacklle01-1991
engliaj01,15,3.4,199012060SAC-WSB,199012060SAC-SAC,WSB-1991,0,1991,51,-17.641666666666666,engliaj01-1991
alarima01,14,-0.3,199012060SAC-WSB,199012060SAC-SAC,WSB-1991,0,1991,-4.2,-17.641666666666666,alarima01-1991
ellispe01,9,1.1,199012060SAC-WSB,199012060SAC-SAC,WSB-1991,0,1991,9.9,-17.641666666666666,ellispe01-1991
fostegr01,6,-1.8,199012060SAC-WSB,199012060SAC-SAC,WSB-1991,0,1991,-10.8,-17.641666666666666,fostegr01-1991
hammoto01,6,-1.9,199012060SAC-WSB,199012060SAC-SAC,WSB-1991,0,1991,-11.399999999999999,-17.641666666666666,hammoto01-1991
irvinby01,2,1.6,199012060SAC-WSB,199012060SAC-SAC,WSB-1991,0,1991,3.2,-17.641666666666666,irvinby01-1991
thomais01,38,8.4,199012080SAC-DET,199012080SAC-SAC,DET-1991,1,1991,319.2,69.16666666666666,thomais01-1991
laimbbi01,34,1.7,199012080SAC-DET,199012080SAC-SAC,DET-1991,1,1991,57.8,69.16666666666666,laimbbi01-1991
dumarjo01,33,2.6,199012080SAC-DET,199012080SAC-SAC,DET-1991,1,1991,85.8,69.16666666666666,dumarjo01-1991
rodmade01,33,4.1,199012080SAC-DET,199012080SAC-SAC,DET-1991,1,1991,135.29999999999998,69.16666666666666,rodmade01-1991
sallejo01,29,5.3,199012080SAC-DET,199012080SAC-SAC,DET-1991,1,1991,153.7,69.16666666666666,sallejo01-1991
edwarja01,28,-3.6,199012080SAC-DET,199012080SAC-SAC,DET-1991,1,1991,-100.8,69.16666666666666,edwarja01-1991
johnsvi01,25,0.8,199012080SAC-DET,199012080SAC-SAC,DET-1991,1,1991,20,69.16666666666666,johnsvi01-1991
aguirma01,17,-2.8,199012080SAC-DET,199012080SAC-SAC,DET-1991,1,1991,-47.599999999999994,69.16666666666666,aguirma01-1991
rollitr01,3,-0.3,199012080SAC-DET,199012080SAC-SAC,DET-1991,1,1991,-0.8999999999999999,69.16666666666666,rollitr01-1991
hansebo01,38,2.9,199012110PHO-SAC,199012110PHO-PHO,SAC-1991,0,1991,110.2,7.61,hansebo01-1991
tisdawa01,37,12.1,199012110PHO-SAC,199012110PHO-PHO,SAC-1991,0,1991,447.7,7.61,tisdawa01-1991
simmoli01,36,-6.1,199012110PHO-SAC,199012110PHO-PHO,SAC-1991,0,1991,-219.6,7.61,simmoli01-1991
sparrro01,33,-2.5,199012110PHO-SAC,199012110PHO-PHO,SAC-1991,0,1991,-82.5,7.61,sparrro01-1991
carran01,21,-9.6,199012110PHO-SAC,199012110PHO-PHO,SAC-1991,0,1991,-201.6,7.61,carran01-1991
wennibi01,21,3.7,199012110PHO-SAC,199012110PHO-PHO,SAC-1991,0,1991,77.7,7.61,wennibi01-1991
bonnean01,19,-3.2,199012110PHO-SAC,199012110PHO-PHO,SAC-1991,0,1991,-60.800000000000004,7.61,bonnean01-1991
causwdu01,16,1.2,199012110PHO-SAC,199012110PHO-PHO,SAC-1991,0,1991,19.2,7.61,causwdu01-1991
woodle01,15,-0.6,199012110PHO-SAC,199012110PHO-PHO,SAC-1991,0,1991,-9,7.61,woodle01-1991
leckner01,4,-1.3,199012110PHO-SAC,199012110PHO-PHO,SAC-1991,0,1991,-5.2,7.61,leckner01-1991
kerseje01,40,0.8,199012130SAC-POR,199012130SAC-SAC,POR-1991,0,1991,32,36.29090909090909,kerseje01-1991
willibu01,38,1.2,199012130SAC-POR,199012130SAC-SAC,POR-1991,0,1991,45.6,36.29090909090909,willibu01-1991
drexlcl01,36,9.9,199012130SAC-POR,199012130SAC-SAC,POR-1991,0,1991,356.40000000000003,36.29090909090909,drexlcl01-1991
duckwke01,34,-1.8,199012130SAC-POR,199012130SAC-SAC,POR-1991,0,1991,-61.2,36.29090909090909,duckwke01-1991
portete01,33,5.1,199012130SAC-POR,199012130SAC-SAC,POR-1991,0,1991,168.29999999999998,36.29090909090909,portete01-1991
aingeda01,18,-4.3,199012130SAC-POR,199012130SAC-SAC,POR-1991,0,1991,-77.39999999999999,36.29090909090909,aingeda01-1991
robincl02,16,-0.1,199012130SAC-POR,199012130SAC-SAC,POR-1991,0,1991,-1.6,36.29090909090909,robincl02-1991
bryanma01,12,-3.2,199012130SAC-POR,199012130SAC-SAC,POR-1991,0,1991,-38.400000000000006,36.29090909090909,bryanma01-1991
youngda01,11,-2.2,199012130SAC-POR,199012130SAC-SAC,POR-1991,0,1991,-24.200000000000003,36.29090909090909,youngda01-1991
abdelal01,1,0.8,199012130SAC-POR,199012130SAC-SAC,POR-1991,0,1991,0.8,36.29090909090909,abdelal01-1991
petrodr01,1,-1.1,199012130SAC-POR,199012130SAC-SAC,POR-1991,0,1991,-1.1,36.29090909090909,petrodr01-1991
catlete01,41,-1.2,199012150SAC-ORL,199012150SAC-SAC,ORL-1991,0,1991,-49.199999999999996,11.61,catlete01-1991
skilesc01,41,5.4,199012150SAC-ORL,199012150SAC-SAC,ORL-1991,0,1991,221.4,11.61,skilesc01-1991
smithot01,31,3.8,199012150SAC-ORL,199012150SAC-SAC,ORL-1991,0,1991,117.8,11.61,smithot01-1991
kitegr01,30,-5.9,199012150SAC-ORL,199012150SAC-SAC,ORL-1991,0,1991,-177,11.61,kitegr01-1991
scottde01,28,-1.4,199012150SAC-ORL,199012150SAC-SAC,ORL-1991,0,1991,-39.199999999999996,11.61,scottde01-1991
reynoje01,22,4.6,199012150SAC-ORL,199012150SAC-SAC,ORL-1991,0,1991,101.19999999999999,11.61,reynoje01-1991
anderni01,18,-1.3,199012150SAC-ORL,199012150SAC-SAC,ORL-1991,0,1991,-23.400000000000002,11.61,anderni01-1991
acresma01,16,-1.3,199012150SAC-ORL,199012150SAC-SAC,ORL-1991,0,1991,-20.8,11.61,acresma01-1991
wileymo01,7,-2.1,199012150SAC-ORL,199012150SAC-SAC,ORL-1991,0,1991,-14.700000000000001,11.61,wileymo01-1991
anslemi01,6,0,199012150SAC-ORL,199012150SAC-SAC,ORL-1991,0,1991,0,11.61,anslemi01-1991
corbity01,47,7.9,199012180SAC-MIN,199012180SAC-SAC,MIN-1991,0,1991,371.3,22.711111111111112,corbity01-1991
campbto01,41,1.1,199012180SAC-MIN,199012180SAC-SAC,MIN-1991,0,1991,45.1,22.711111111111112,campbto01-1991
richapo01,41,-1.4,199012180SAC-MIN,199012180SAC-SAC,MIN-1991,0,1991,-57.4,22.711111111111112,richapo01-1991
spencfe01,32,-2,199012180SAC-MIN,199012180SAC-SAC,MIN-1991,0,1991,-64,22.711111111111112,spencfe01-1991
mitchsa01,31,-1.7,199012180SAC-MIN,199012180SAC-SAC,MIN-1991,0,1991,-52.699999999999996,22.711111111111112,mitchsa01-1991
breuera01,22,3.1,199012180SAC-MIN,199012180SAC-SAC,MIN-1991,0,1991,68.2,22.711111111111112,breuera01-1991
thornbo01,15,-5.8,199012180SAC-MIN,199012180SAC-SAC,MIN-1991,0,1991,-87,22.711111111111112,thornbo01-1991
brooksc01,8,-2.8,199012180SAC-MIN,199012180SAC-SAC,MIN-1991,0,1991,-22.4,22.711111111111112,brooksc01-1991
westdo01,3,1.1,199012180SAC-MIN,199012180SAC-SAC,MIN-1991,0,1991,3.3000000000000003,22.711111111111112,westdo01-1991
kempsh01,32,1,199012200SAC-SEA,199012200SAC-SAC,SEA-1991,1,1991,32,60.93636363636364,kempsh01-1991
mckeyde01,32,2.8,199012200SAC-SEA,199012200SAC-SAC,SEA-1991,1,1991,89.6,60.93636363636364,mckeyde01-1991
paytoga01,30,9.1,199012200SAC-SEA,199012200SAC-SAC,SEA-1991,1,1991,273,60.93636363636364,paytoga01-1991
johnsed03,26,3.1,199012200SAC-SEA,199012200SAC-SAC,SEA-1991,1,1991,80.60000000000001,60.93636363636364,johnsed03-1991
cagemi01,25,4.9,199012200SAC-SEA,199012200SAC-SAC,SEA-1991,1,1991,122.50000000000001,60.93636363636364,cagemi01-1991
threase01,24,-5.8,199012200SAC-SEA,199012200SAC-SAC,SEA-1991,1,1991,-139.2,60.93636363636364,threase01-1991
polynol01,23,-1,199012200SAC-SEA,199012200SAC-SAC,SEA-1991,1,1991,-23,60.93636363636364,polynol01-1991
ellisda01,21,6.9,199012200SAC-SEA,199012200SAC-SAC,SEA-1991,1,1991,144.9,60.93636363636364,ellisda01-1991
mcmilna01,14,4.2,199012200SAC-SEA,199012200SAC-SAC,SEA-1991,1,1991,58.800000000000004,60.93636363636364,mcmilna01-1991
barroda01,7,5.9,199012200SAC-SEA,199012200SAC-SAC,SEA-1991,1,1991,41.300000000000004,60.93636363636364,barroda01-1991
corzida01,6,-1.7,199012200SAC-SEA,199012200SAC-SAC,SEA-1991,1,1991,-10.2,60.93636363636364,corzida01-1991
sampsra01,40,0.6,199012220SEA-SAC,199012220SEA-SEA,SAC-1991,0,1991,24,-25.349999999999998,sampsra01-1991
simmoli01,34,2.1,199012220SEA-SAC,199012220SEA-SEA,SAC-1991,0,1991,71.4,-25.349999999999998,simmoli01-1991
tisdawa01,32,-5.1,199012220SEA-SAC,199012220SEA-SEA,SAC-1991,0,1991,-163.2,-25.349999999999998,tisdawa01-1991
maystr01,30,-5.7,199012220SEA-SAC,199012220SEA-SEA,SAC-1991,0,1991,-171,-25.349999999999998,maystr01-1991
sparrro01,28,-4.7,199012220SEA-SAC,199012220SEA-SEA,SAC-1991,0,1991,-131.6,-25.349999999999998,sparrro01-1991
carran01,27,2.3,199012220SEA-SAC,199012220SEA-SEA,SAC-1991,0,1991,62.099999999999994,-25.349999999999998,carran01-1991
woodle01,16,1.2,199012220SEA-SAC,199012220SEA-SEA,SAC-1991,0,1991,19.2,-25.349999999999998,woodle01-1991
bonnean01,15,-1.1,199012220SEA-SAC,199012220SEA-SEA,SAC-1991,0,1991,-16.5,-25.349999999999998,bonnean01-1991
leckner01,7,0.8,199012220SEA-SAC,199012220SEA-SEA,SAC-1991,0,1991,5.6000000000000005,-25.349999999999998,leckner01-1991
wennibi01,5,-0.9,199012220SEA-SAC,199012220SEA-SEA,SAC-1991,0,1991,-4.5,-25.349999999999998,wennibi01-1991
causwdu01,3,-1.1,199012220SEA-SAC,199012220SEA-SEA,SAC-1991,0,1991,-3.3000000000000003,-25.349999999999998,causwdu01-1991
callori01,3,1.2,199012220SEA-SAC,199012220SEA-SEA,SAC-1991,0,1991,3.5999999999999996,-25.349999999999998,callori01-1991
maystr01,43,-2.9,199012230LAC-SAC,199012230LAC-LAC,SAC-1991,0,1991,-124.7,-3.0888888888888877,maystr01-1991
tisdawa01,38,6.7,199012230LAC-SAC,199012230LAC-LAC,SAC-1991,0,1991,254.6,-3.0888888888888877,tisdawa01-1991
carran01,37,1.8,199012230LAC-SAC,199012230LAC-LAC,SAC-1991,0,1991,66.60000000000001,-3.0888888888888877,carran01-1991
sparrro01,33,-5.6,199012230LAC-SAC,199012230LAC-LAC,SAC-1991,0,1991,-184.79999999999998,-3.0888888888888877,sparrro01-1991
simmoli01,32,-3.2,199012230LAC-SAC,199012230LAC-LAC,SAC-1991,0,1991,-102.4,-3.0888888888888877,simmoli01-1991
wennibi01,21,3.5,199012230LAC-SAC,199012230LAC-LAC,SAC-1991,0,1991,73.5,-3.0888888888888877,wennibi01-1991
bonnean01,15,-0.1,199012230LAC-SAC,199012230LAC-LAC,SAC-1991,0,1991,-1.5,-3.0888888888888877,bonnean01-1991
sampsra01,14,0.3,199012230LAC-SAC,199012230LAC-LAC,SAC-1991,0,1991,4.2,-3.0888888888888877,sampsra01-1991
woodle01,7,-1.9,199012230LAC-SAC,199012230LAC-LAC,SAC-1991,0,1991,-13.299999999999999,-3.0888888888888877,woodle01-1991
rasmubl01,40,-5.6,199012260SAC-DEN,199012260SAC-SAC,DEN-1991,1,1991,-224,36.9625,rasmubl01-1991
abdulma02,37,-4.1,199012260SAC-DEN,199012260SAC-SAC,DEN-1991,1,1991,-151.7,36.9625,abdulma02-1991
adamsmi01,37,16,199012260SAC-DEN,199012260SAC-SAC,DEN-1991,1,1991,592,36.9625,adamsmi01-1991
liberma01,32,1.4,199012260SAC-DEN,199012260SAC-SAC,DEN-1991,1,1991,44.8,36.9625,liberma01-1991
millste01,25,2,199012260SAC-DEN,199012260SAC-SAC,DEN-1991,1,1991,50,36.9625,millste01-1991
cookan01,24,-2.5,199012260SAC-DEN,199012260SAC-SAC,DEN-1991,1,1991,-60,36.9625,cookan01-1991
wolfjo01,23,2.8,199012260SAC-DEN,199012260SAC-SAC,DEN-1991,1,1991,64.39999999999999,36.9625,wolfjo01-1991
daviswa03,22,-0.9,199012260SAC-DEN,199012260SAC-SAC,DEN-1991,1,1991,-19.8,36.9625,daviswa03-1991
maystr01,38,0.2,199012280SAS-SAC,199012280SAS-SAS,SAC-1991,0,1991,7.6000000000000005,-15.954545454545453,maystr01-1991
simmoli01,33,-1.8,199012280SAS-SAC,199012280SAS-SAS,SAC-1991,0,1991,-59.4,-15.954545454545453,simmoli01-1991
tisdawa01,33,-6.7,199012280SAS-SAC,199012280SAS-SAS,SAC-1991,0,1991,-221.1,-15.954545454545453,tisdawa01-1991
carran01,32,-0.7,199012280SAS-SAC,199012280SAS-SAS,SAC-1991,0,1991,-22.4,-15.954545454545453,carran01-1991
sparrro01,30,1.3,199012280SAS-SAC,199012280SAS-SAS,SAC-1991,0,1991,39,-15.954545454545453,sparrro01-1991
bonnean01,20,-2.7,199012280SAS-SAC,199012280SAS-SAS,SAC-1991,0,1991,-54,-15.954545454545453,bonnean01-1991
causwdu01,16,6.3,199012280SAS-SAC,199012280SAS-SAS,SAC-1991,0,1991,100.8,-15.954545454545453,causwdu01-1991
wennibi01,15,2.9,199012280SAS-SAC,199012280SAS-SAS,SAC-1991,0,1991,43.5,-15.954545454545453,wennibi01-1991
sampsra01,10,-1.7,199012280SAS-SAC,199012280SAS-SAS,SAC-1991,0,1991,-17,-15.954545454545453,sampsra01-1991
leckner01,7,-1.5,199012280SAS-SAC,199012280SAS-SAS,SAC-1991,0,1991,-10.5,-15.954545454545453,leckner01-1991
callori01,6,3,199012280SAS-SAC,199012280SAS-SAS,SAC-1991,0,1991,18,-15.954545454545453,callori01-1991
sparrro01,39,3.6,199012290DAL-SAC,199012290DAL-DAL,SAC-1991,0,1991,140.4,-13.088888888888889,sparrro01-1991
maystr01,36,-11,199012290DAL-SAC,199012290DAL-DAL,SAC-1991,0,1991,-396,-13.088888888888889,maystr01-1991
simmoli01,35,-2.4,199012290DAL-SAC,199012290DAL-DAL,SAC-1991,0,1991,-84,-13.088888888888889,simmoli01-1991
carran01,33,3.9,199012290DAL-SAC,199012290DAL-DAL,SAC-1991,0,1991,128.7,-13.088888888888889,carran01-1991
tisdawa01,31,0.3,199012290DAL-SAC,199012290DAL-DAL,SAC-1991,0,1991,9.299999999999999,-13.088888888888889,tisdawa01-1991
causwdu01,26,2.6,199012290DAL-SAC,199012290DAL-DAL,SAC-1991,0,1991,67.60000000000001,-13.088888888888889,causwdu01-1991
bonnean01,21,1.9,199012290DAL-SAC,199012290DAL-DAL,SAC-1991,0,1991,39.9,-13.088888888888889,bonnean01-1991
sampsra01,13,-2.1,199012290DAL-SAC,199012290DAL-DAL,SAC-1991,0,1991,-27.3,-13.088888888888889,sampsra01-1991
wennibi01,6,0.6,199012290DAL-SAC,199012290DAL-DAL,SAC-1991,0,1991,3.5999999999999996,-13.088888888888889,wennibi01-1991
mullich01,40,1.1,199101030SAC-GSW,199101030SAC-SAC,GSW-1991,0,1991,44,-2.9900000000000015,mullich01-1991
richmmi01,40,-6,199101030SAC-GSW,199101030SAC-SAC,GSW-1991,0,1991,-240,-2.9900000000000015,richmmi01-1991
hardati01,35,0.6,199101030SAC-GSW,199101030SAC-SAC,GSW-1991,0,1991,21,-2.9900000000000015,hardati01-1991
higgiro01,29,3.6,199101030SAC-GSW,199101030SAC-SAC,GSW-1991,0,1991,104.4,-2.9900000000000015,higgiro01-1991
listeal01,24,6.1,199101030SAC-GSW,199101030SAC-SAC,GSW-1991,0,1991,146.39999999999998,-2.9900000000000015,listeal01-1991
hillty01,18,-3.4,199101030SAC-GSW,199101030SAC-SAC,GSW-1991,0,1991,-61.199999999999996,-2.9900000000000015,hillty01-1991
marcisa01,17,0.5,199101030SAC-GSW,199101030SAC-SAC,GSW-1991,0,1991,8.5,-2.9900000000000015,marcisa01-1991
tolbeto01,16,-1.3,199101030SAC-GSW,199101030SAC-SAC,GSW-1991,0,1991,-20.8,-2.9900000000000015,tolbeto01-1991
peterji01,14,-1.7,199101030SAC-GSW,199101030SAC-SAC,GSW-1991,0,1991,-23.8,-2.9900000000000015,peterji01-1991
jepsele01,7,-1.2,199101030SAC-GSW,199101030SAC-SAC,GSW-1991,0,1991,-8.4,-2.9900000000000015,jepsele01-1991
stockjo01,40,11.3,199101050SAC-UTA,199101050SAC-SAC,UTA-1991,1,1991,452,78.4888888888889,stockjo01-1991
malonka01,38,2.9,199101050SAC-UTA,199101050SAC-SAC,UTA-1991,1,1991,110.2,78.4888888888889,malonka01-1991
edwarbl01,35,9.6,199101050SAC-UTA,199101050SAC-SAC,UTA-1991,1,1991,336,78.4888888888889,edwarbl01-1991
malonje01,34,-5.1,199101050SAC-UTA,199101050SAC-SAC,UTA-1991,1,1991,-173.39999999999998,78.4888888888889,malonje01-1991
eatonma01,30,0.3,199101050SAC-UTA,199101050SAC-SAC,UTA-1991,1,1991,9,78.4888888888889,eatonma01-1991
baileth01,24,3.4,199101050SAC-UTA,199101050SAC-SAC,UTA-1991,1,1991,81.6,78.4888888888889,baileth01-1991
brownmi01,17,-4.4,199101050SAC-UTA,199101050SAC-SAC,UTA-1991,1,1991,-74.80000000000001,78.4888888888889,brownmi01-1991
griffda01,14,-2.1,199101050SAC-UTA,199101050SAC-SAC,UTA-1991,1,1991,-29.400000000000002,78.4888888888889,griffda01-1991
ruddde01,8,-0.6,199101050SAC-UTA,199101050SAC-SAC,UTA-1991,1,1991,-4.8,78.4888888888889,ruddde01-1991
simmoli01,39,3.7,199101070ORL-SAC,199101070ORL-ORL,SAC-1991,0,1991,144.3,-20.744444444444444,simmoli01-1991
tisdawa01,32,3.7,199101070ORL-SAC,199101070ORL-ORL,SAC-1991,0,1991,118.4,-20.744444444444444,tisdawa01-1991
maystr01,30,2,199101070ORL-SAC,199101070ORL-ORL,SAC-1991,0,1991,60,-20.744444444444444,maystr01-1991
causwdu01,29,-3,199101070ORL-SAC,199101070ORL-ORL,SAC-1991,0,1991,-87,-20.744444444444444,causwdu01-1991
sparrro01,28,-2.7,199101070ORL-SAC,199101070ORL-ORL,SAC-1991,0,1991,-75.60000000000001,-20.744444444444444,sparrro01-1991
carran01,24,-4.7,199101070ORL-SAC,199101070ORL-ORL,SAC-1991,0,1991,-112.80000000000001,-20.744444444444444,carran01-1991
bonnean01,21,-4.2,199101070ORL-SAC,199101070ORL-ORL,SAC-1991,0,1991,-88.2,-20.744444444444444,bonnean01-1991
lesji01,20,-4.4,199101070ORL-SAC,199101070ORL-ORL,SAC-1991,0,1991,-88,-20.744444444444444,lesji01-1991
leckner01,17,-3.4,199101070ORL-SAC,199101070ORL-ORL,SAC-1991,0,1991,-57.8,-20.744444444444444,leckner01-1991
simmoli01,42,2.3,199101080MIA-SAC,199101080MIA-MIA,SAC-1991,0,1991,96.6,3.110000000000002,simmoli01-1991
maystr01,39,3.5,199101080MIA-SAC,199101080MIA-MIA,SAC-1991,0,1991,136.5,3.110000000000002,maystr01-1991
carran01,34,-5.1,199101080MIA-SAC,199101080MIA-MIA,SAC-1991,0,1991,-173.39999999999998,3.110000000000002,carran01-1991
sparrro01,33,0.7,199101080MIA-SAC,199101080MIA-MIA,SAC-1991,0,1991,23.099999999999998,3.110000000000002,sparrro01-1991
bonnean01,26,1.2,199101080MIA-SAC,199101080MIA-MIA,SAC-1991,0,1991,31.2,3.110000000000002,bonnean01-1991
causwdu01,24,-0.2,199101080MIA-SAC,199101080MIA-MIA,SAC-1991,0,1991,-4.800000000000001,3.110000000000002,causwdu01-1991
lesji01,15,1.5,199101080MIA-SAC,199101080MIA-MIA,SAC-1991,0,1991,22.5,3.110000000000002,lesji01-1991
wennibi01,13,-4.5,199101080MIA-SAC,199101080MIA-MIA,SAC-1991,0,1991,-58.5,3.110000000000002,wennibi01-1991
leckner01,11,-4.1,199101080MIA-SAC,199101080MIA-MIA,SAC-1991,0,1991,-45.099999999999994,3.110000000000002,leckner01-1991
callori01,3,1,199101080MIA-SAC,199101080MIA-MIA,SAC-1991,0,1991,3,3.110000000000002,callori01-1991
maystr01,41,-4,199101100CHH-SAC,199101100CHH-CHH,SAC-1991,0,1991,-164,-38.21666666666667,maystr01-1991
carran01,36,4,199101100CHH-SAC,199101100CHH-CHH,SAC-1991,0,1991,144,-38.21666666666667,carran01-1991
lesji01,33,-0.7,199101100CHH-SAC,199101100CHH-CHH,SAC-1991,0,1991,-23.099999999999998,-38.21666666666667,lesji01-1991
simmoli01,26,-3.7,199101100CHH-SAC,199101100CHH-CHH,SAC-1991,0,1991,-96.2,-38.21666666666667,simmoli01-1991
bonnean01,25,-5,199101100CHH-SAC,199101100CHH-CHH,SAC-1991,0,1991,-125,-38.21666666666667,bonnean01-1991
sparrro01,18,-3.4,199101100CHH-SAC,199101100CHH-CHH,SAC-1991,0,1991,-61.199999999999996,-38.21666666666667,sparrro01-1991
causwdu01,17,-3.8,199101100CHH-SAC,199101100CHH-CHH,SAC-1991,0,1991,-64.6,-38.21666666666667,causwdu01-1991
callori01,11,-0.6,199101100CHH-SAC,199101100CHH-CHH,SAC-1991,0,1991,-6.6,-38.21666666666667,callori01-1991
leckner01,10,-2.9,199101100CHH-SAC,199101100CHH-CHH,SAC-1991,0,1991,-29,-38.21666666666667,leckner01-1991
sampsra01,9,-2.5,199101100CHH-SAC,199101100CHH-CHH,SAC-1991,0,1991,-22.5,-38.21666666666667,sampsra01-1991
tisdawa01,8,-0.4,199101100CHH-SAC,199101100CHH-CHH,SAC-1991,0,1991,-3.2,-38.21666666666667,tisdawa01-1991
wennibi01,6,-1.2,199101100CHH-SAC,199101100CHH-CHH,SAC-1991,0,1991,-7.199999999999999,-38.21666666666667,wennibi01-1991
mckeyde01,42,2.5,199101120SAC-SEA,199101120SAC-SAC,SEA-1991,0,1991,105,0.5727272727272745,mckeyde01-1991
paytoga01,31,-2.9,199101120SAC-SEA,199101120SAC-SAC,SEA-1991,0,1991,-89.89999999999999,0.5727272727272745,paytoga01-1991
ellisda01,30,4,199101120SAC-SEA,199101120SAC-SAC,SEA-1991,0,1991,120,0.5727272727272745,ellisda01-1991
johnsed03,25,0.2,199101120SAC-SEA,199101120SAC-SAC,SEA-1991,0,1991,5,0.5727272727272745,johnsed03-1991
threase01,25,-3.2,199101120SAC-SEA,199101120SAC-SAC,SEA-1991,0,1991,-80,0.5727272727272745,threase01-1991
cagemi01,24,-2.4,199101120SAC-SEA,199101120SAC-SAC,SEA-1991,0,1991,-57.599999999999994,0.5727272727272745,cagemi01-1991
polynol01,24,0.3,199101120SAC-SEA,199101120SAC-SAC,SEA-1991,0,1991,7.199999999999999,0.5727272727272745,polynol01-1991
kempsh01,20,-1.1,199101120SAC-SEA,199101120SAC-SAC,SEA-1991,0,1991,-22,0.5727272727272745,kempsh01-1991
mcmilna01,12,2.7,199101120SAC-SEA,199101120SAC-SAC,SEA-1991,0,1991,32.400000000000006,0.5727272727272745,mcmilna01-1991
barroda01,5,-2.8,199101120SAC-SEA,199101120SAC-SAC,SEA-1991,0,1991,-14,0.5727272727272745,barroda01-1991
meentsc01,2,0.1,199101120SAC-SEA,199101120SAC-SAC,SEA-1991,0,1991,0.2,0.5727272727272745,meentsc01-1991
perkisa01,39,4.1,199101170SAC-LAL,199101170SAC-SAC,LAL-1991,1,1991,159.89999999999998,89.23,perkisa01-1991
worthja01,39,11.4,199101170SAC-LAL,199101170SAC-SAC,LAL-1991,1,1991,444.6,89.23,worthja01-1991
johnsma02,37,13.1,199101170SAC-LAL,199101170SAC-SAC,LAL-1991,1,1991,484.7,89.23,johnsma02-1991
divacvl01,33,-2.5,199101170SAC-LAL,199101170SAC-SAC,LAL-1991,1,1991,-82.5,89.23,divacvl01-1991
greenac01,29,-0.4,199101170SAC-LAL,199101170SAC-SAC,LAL-1991,1,1991,-11.600000000000001,89.23,greenac01-1991
scottby01,28,-1.4,199101170SAC-LAL,199101170SAC-SAC,LAL-1991,1,1991,-39.199999999999996,89.23,scottby01-1991
teaglte01,20,-3.1,199101170SAC-LAL,199101170SAC-SAC,LAL-1991,1,1991,-62,89.23,teaglte01-1991
smithto02,11,0,199101170SAC-LAL,199101170SAC-SAC,LAL-1991,1,1991,0,89.23,smithto02-1991
campbel01,2,0.6,199101170SAC-LAL,199101170SAC-SAC,LAL-1991,1,1991,1.2,89.23,campbel01-1991
thomair01,2,-1.4,199101170SAC-LAL,199101170SAC-SAC,LAL-1991,1,1991,-2.8,89.23,thomair01-1991
chambto01,40,0.7,199101190SAC-PHO,199101190SAC-SAC,PHO-1991,0,1991,28,23.62727272727273,chambto01-1991
johnske02,39,-0.1,199101190SAC-PHO,199101190SAC-SAC,PHO-1991,0,1991,-3.9000000000000004,23.62727272727273,johnske02-1991
hornaje01,35,8.4,199101190SAC-PHO,199101190SAC-SAC,PHO-1991,0,1991,294,23.62727272727273,hornaje01-1991
mcdanxa01,32,-3.5,199101190SAC-PHO,199101190SAC-SAC,PHO-1991,0,1991,-112,23.62727272727273,mcdanxa01-1991
majerda01,23,-1.7,199101190SAC-PHO,199101190SAC-SAC,PHO-1991,0,1991,-39.1,23.62727272727273,majerda01-1991
westma01,19,1.8,199101190SAC-PHO,199101190SAC-SAC,PHO-1991,0,1991,34.2,23.62727272727273,westma01-1991
perryti01,14,5.2,199101190SAC-PHO,199101190SAC-SAC,PHO-1991,0,1991,72.8,23.62727272727273,perryti01-1991
rambiku01,12,2.7,199101190SAC-PHO,199101190SAC-SAC,PHO-1991,0,1991,32.400000000000006,23.62727272727273,rambiku01-1991
knighne01,9,-5,199101190SAC-PHO,199101190SAC-SAC,PHO-1991,0,1991,-45,23.62727272727273,knighne01-1991
nealyed01,9,0.9,199101190SAC-PHO,199101190SAC-SAC,PHO-1991,0,1991,8.1,23.62727272727273,nealyed01-1991
langan01,8,-1.2,199101190SAC-PHO,199101190SAC-SAC,PHO-1991,0,1991,-9.6,23.62727272727273,langan01-1991
smithla01,40,4.2,199101210SAC-HOU,199101210SAC-SAC,HOU-1991,0,1991,168,59.64,smithla01-1991
thorpot01,40,8.3,199101210SAC-HOU,199101210SAC-SAC,HOU-1991,0,1991,332,59.64,thorpot01-1991
smithke01,38,3.2,199101210SAC-HOU,199101210SAC-SAC,HOU-1991,0,1991,121.60000000000001,59.64,smithke01-1991
johnsbu01,36,8.9,199101210SAC-HOU,199101210SAC-SAC,HOU-1991,0,1991,320.40000000000003,59.64,johnsbu01-1991
maxweve01,23,-4.9,199101210SAC-HOU,199101210SAC-SAC,HOU-1991,0,1991,-112.7,59.64,maxweve01-1991
floydsl01,19,-8.1,199101210SAC-HOU,199101210SAC-SAC,HOU-1991,0,1991,-153.9,59.64,floydsl01-1991
woodda01,14,-2.6,199101210SAC-HOU,199101210SAC-SAC,HOU-1991,0,1991,-36.4,59.64,woodda01-1991
winchke01,13,-0.2,199101210SAC-HOU,199101210SAC-SAC,HOU-1991,0,1991,-2.6,59.64,winchke01-1991
feitlda01,9,-3.2,199101210SAC-HOU,199101210SAC-SAC,HOU-1991,0,1991,-28.8,59.64,feitlda01-1991
caldwad01,8,-1.4,199101210SAC-HOU,199101210SAC-SAC,HOU-1991,0,1991,-11.2,59.64,caldwad01-1991
humphja01,39,-6.4,199101230SAC-MIL,199101230SAC-SAC,MIL-1991,0,1991,-249.60000000000002,19.78181818181818,humphja01-1991
roberal01,34,4.9,199101230SAC-MIL,199101230SAC-SAC,MIL-1991,0,1991,166.60000000000002,19.78181818181818,roberal01-1991
sikmaja01,33,5.2,199101230SAC-MIL,199101230SAC-SAC,MIL-1991,0,1991,171.6,19.78181818181818,sikmaja01-1991
piercri01,29,0.3,199101230SAC-MIL,199101230SAC-SAC,MIL-1991,0,1991,8.7,19.78181818181818,piercri01-1991
schayda01,29,2,199101230SAC-MIL,199101230SAC-SAC,MIL-1991,0,1991,58,19.78181818181818,schayda01-1991
roberfr01,27,2.9,199101230SAC-MIL,199101230SAC-SAC,MIL-1991,0,1991,78.3,19.78181818181818,roberfr01-1991
brickfr01,23,-0.4,199101230SAC-MIL,199101230SAC-SAC,MIL-1991,0,1991,-9.200000000000001,19.78181818181818,brickfr01-1991
lohaubr01,10,0.8,199101230SAC-MIL,199101230SAC-SAC,MIL-1991,0,1991,8,19.78181818181818,lohaubr01-1991
connele01,7,0.1,199101230SAC-MIL,199101230SAC-SAC,MIL-1991,0,1991,0.7000000000000001,19.78181818181818,connele01-1991
grayeje01,7,-1.9,199101230SAC-MIL,199101230SAC-SAC,MIL-1991,0,1991,-13.299999999999999,19.78181818181818,grayeje01-1991
hensost01,2,-1.1,199101230SAC-MIL,199101230SAC-SAC,MIL-1991,0,1991,-2.2,19.78181818181818,hensost01-1991
simmoli01,40,2.9,199101250UTA-SAC,199101250UTA-UTA,SAC-1991,0,1991,116,-8.645454545454545,simmoli01-1991
maystr01,35,-2.7,199101250UTA-SAC,199101250UTA-UTA,SAC-1991,0,1991,-94.5,-8.645454545454545,maystr01-1991
sparrro01,32,-5.8,199101250UTA-SAC,199101250UTA-UTA,SAC-1991,0,1991,-185.6,-8.645454545454545,sparrro01-1991
carran01,30,1.4,199101250UTA-SAC,199101250UTA-UTA,SAC-1991,0,1991,42,-8.645454545454545,carran01-1991
bonnean01,21,-2.7,199101250UTA-SAC,199101250UTA-UTA,SAC-1991,0,1991,-56.7,-8.645454545454545,bonnean01-1991
wennibi01,19,-0.5,199101250UTA-SAC,199101250UTA-UTA,SAC-1991,0,1991,-9.5,-8.645454545454545,wennibi01-1991
lesji01,17,4.2,199101250UTA-SAC,199101250UTA-UTA,SAC-1991,0,1991,71.4,-8.645454545454545,lesji01-1991
causwdu01,16,-2.5,199101250UTA-SAC,199101250UTA-UTA,SAC-1991,0,1991,-40,-8.645454545454545,causwdu01-1991
callori01,12,0.4,199101250UTA-SAC,199101250UTA-UTA,SAC-1991,0,1991,4.800000000000001,-8.645454545454545,callori01-1991
sampsra01,12,4.6,199101250UTA-SAC,199101250UTA-UTA,SAC-1991,0,1991,55.199999999999996,-8.645454545454545,sampsra01-1991
fredean01,6,0.3,199101250UTA-SAC,199101250UTA-UTA,SAC-1991,0,1991,1.7999999999999998,-8.645454545454545,fredean01-1991
simmoli01,37,-7.3,199101260POR-SAC,199101260POR-POR,SAC-1991,0,1991,-270.09999999999997,-14.05833333333333,simmoli01-1991
carran01,33,-4.2,199101260POR-SAC,199101260POR-POR,SAC-1991,0,1991,-138.6,-14.05833333333333,carran01-1991
causwdu01,32,3.2,199101260POR-SAC,199101260POR-POR,SAC-1991,0,1991,102.4,-14.05833333333333,causwdu01-1991
bonnean01,29,2.4,199101260POR-SAC,199101260POR-POR,SAC-1991,0,1991,69.6,-14.05833333333333,bonnean01-1991
sparrro01,26,5.1,199101260POR-SAC,199101260POR-POR,SAC-1991,0,1991,132.6,-14.05833333333333,sparrro01-1991
lesji01,22,-2.7,199101260POR-SAC,199101260POR-POR,SAC-1991,0,1991,-59.400000000000006,-14.05833333333333,lesji01-1991
maystr01,21,0.9,199101260POR-SAC,199101260POR-POR,SAC-1991,0,1991,18.900000000000002,-14.05833333333333,maystr01-1991
callori01,12,-2.4,199101260POR-SAC,199101260POR-POR,SAC-1991,0,1991,-28.799999999999997,-14.05833333333333,callori01-1991
leckner01,10,3.7,199101260POR-SAC,199101260POR-POR,SAC-1991,0,1991,37,-14.05833333333333,leckner01-1991
sampsra01,7,-1.9,199101260POR-SAC,199101260POR-POR,SAC-1991,0,1991,-13.299999999999999,-14.05833333333333,sampsra01-1991
wennibi01,6,-1,199101260POR-SAC,199101260POR-POR,SAC-1991,0,1991,-6,-14.05833333333333,wennibi01-1991
fredean01,5,-2.6,199101260POR-SAC,199101260POR-POR,SAC-1991,0,1991,-13,-14.05833333333333,fredean01-1991
theusre01,33,-0.2,199101280SAC-NJN,199101280SAC-SAC,NJN-1991,0,1991,-6.6000000000000005,-21.40909090909091,theusre01-1991
colemde01,31,-2.6,199101280SAC-NJN,199101280SAC-SAC,NJN-1991,0,1991,-80.60000000000001,-21.40909090909091,colemde01-1991
dudlech02,29,-0.9,199101280SAC-NJN,199101280SAC-SAC,NJN-1991,0,1991,-26.1,-21.40909090909091,dudlech02-1991
blaylmo01,28,-5,199101280SAC-NJN,199101280SAC-SAC,NJN-1991,0,1991,-140,-21.40909090909091,blaylmo01-1991
morrich01,25,2.9,199101280SAC-NJN,199101280SAC-SAC,NJN-1991,0,1991,72.5,-21.40909090909091,morrich01-1991
buechju01,23,2.5,199101280SAC-NJN,199101280SAC-SAC,NJN-1991,0,1991,57.5,-21.40909090909091,buechju01-1991
petrodr01,21,-3.3,199101280SAC-NJN,199101280SAC-SAC,NJN-1991,0,1991,-69.3,-21.40909090909091,petrodr01-1991
haleyja01,18,-0.8,199101280SAC-NJN,199101280SAC-SAC,NJN-1991,0,1991,-14.4,-21.40909090909091,haleyja01-1991
millste01,18,-2.1,199101280SAC-NJN,199101280SAC-SAC,NJN-1991,0,1991,-37.800000000000004,-21.40909090909091,millste01-1991
georgta01,9,0.7,199101280SAC-NJN,199101280SAC-SAC,NJN-1991,0,1991,6.3,-21.40909090909091,georgta01-1991
leeku01,5,0.6,199101280SAC-NJN,199101280SAC-SAC,NJN-1991,0,1991,3,-21.40909090909091,leeku01-1991
carran01,41,2.2,199101300MIN-SAC,199101300MIN-MIN,SAC-1991,0,1991,90.2,6.419999999999998,carran01-1991
maystr01,36,1.8,199101300MIN-SAC,199101300MIN-MIN,SAC-1991,0,1991,64.8,6.419999999999998,maystr01-1991
simmoli01,36,-0.4,199101300MIN-SAC,199101300MIN-MIN,SAC-1991,0,1991,-14.4,6.419999999999998,simmoli01-1991
sparrro01,35,3,199101300MIN-SAC,199101300MIN-MIN,SAC-1991,0,1991,105,6.419999999999998,sparrro01-1991
causwdu01,26,-5.7,199101300MIN-SAC,199101300MIN-MIN,SAC-1991,0,1991,-148.20000000000002,6.419999999999998,causwdu01-1991
bonnean01,22,-1.3,199101300MIN-SAC,199101300MIN-MIN,SAC-1991,0,1991,-28.6,6.419999999999998,bonnean01-1991
wennibi01,16,1.2,199101300MIN-SAC,199101300MIN-MIN,SAC-1991,0,1991,19.2,6.419999999999998,wennibi01-1991
callori01,12,1,199101300MIN-SAC,199101300MIN-MIN,SAC-1991,0,1991,12,6.419999999999998,callori01-1991
lesji01,10,-4.6,199101300MIN-SAC,199101300MIN-MIN,SAC-1991,0,1991,-46,6.419999999999998,lesji01-1991
sampsra01,6,1.7,199101300MIN-SAC,199101300MIN-MIN,SAC-1991,0,1991,10.2,6.419999999999998,sampsra01-1991
maystr01,43,5,199102010MIL-SAC,199102010MIL-MIL,SAC-1991,0,1991,215,36.711111111111116,maystr01-1991
simmoli01,43,2.2,199102010MIL-SAC,199102010MIL-MIL,SAC-1991,0,1991,94.60000000000001,36.711111111111116,simmoli01-1991
sparrro01,34,5.6,199102010MIL-SAC,199102010MIL-MIL,SAC-1991,0,1991,190.39999999999998,36.711111111111116,sparrro01-1991
causwdu01,26,0.7,199102010MIL-SAC,199102010MIL-MIL,SAC-1991,0,1991,18.2,36.711111111111116,causwdu01-1991
bonnean01,25,1.8,199102010MIL-SAC,199102010MIL-MIL,SAC-1991,0,1991,45,36.711111111111116,bonnean01-1991
carran01,24,-7.1,199102010MIL-SAC,199102010MIL-MIL,SAC-1991,0,1991,-170.39999999999998,36.711111111111116,carran01-1991
wennibi01,22,-3.4,199102010MIL-SAC,199102010MIL-MIL,SAC-1991,0,1991,-74.8,36.711111111111116,wennibi01-1991
lesji01,17,0.2,199102010MIL-SAC,199102010MIL-MIL,SAC-1991,0,1991,3.4000000000000004,36.711111111111116,lesji01-1991
callori01,6,1.5,199102010MIL-SAC,199102010MIL-MIL,SAC-1991,0,1991,9,36.711111111111116,callori01-1991
simmoli01,33,-10.6,199102020NYK-SAC,199102020NYK-NYK,SAC-1991,0,1991,-349.8,-19.172727272727276,simmoli01-1991
maystr01,32,0.7,199102020NYK-SAC,199102020NYK-NYK,SAC-1991,0,1991,22.4,-19.172727272727276,maystr01-1991
carran01,29,0.7,199102020NYK-SAC,199102020NYK-NYK,SAC-1991,0,1991,20.299999999999997,-19.172727272727276,carran01-1991
causwdu01,28,3,199102020NYK-SAC,199102020NYK-NYK,SAC-1991,0,1991,84,-19.172727272727276,causwdu01-1991
sparrro01,25,3.2,199102020NYK-SAC,199102020NYK-NYK,SAC-1991,0,1991,80,-19.172727272727276,sparrro01-1991
bonnean01,25,-1.7,199102020NYK-SAC,199102020NYK-NYK,SAC-1991,0,1991,-42.5,-19.172727272727276,bonnean01-1991
lesji01,23,0.2,199102020NYK-SAC,199102020NYK-NYK,SAC-1991,0,1991,4.6000000000000005,-19.172727272727276,lesji01-1991
callori01,19,-1.1,199102020NYK-SAC,199102020NYK-NYK,SAC-1991,0,1991,-20.900000000000002,-19.172727272727276,callori01-1991
wennibi01,12,0.2,199102020NYK-SAC,199102020NYK-NYK,SAC-1991,0,1991,2.4000000000000004,-19.172727272727276,wennibi01-1991
sampsra01,8,-1.2,199102020NYK-SAC,199102020NYK-NYK,SAC-1991,0,1991,-9.6,-19.172727272727276,sampsra01-1991
fredean01,6,-0.3,199102020NYK-SAC,199102020NYK-NYK,SAC-1991,0,1991,-1.7999999999999998,-19.172727272727276,fredean01-1991
pippesc01,39,6.4,199102040SAC-CHI,199102040SAC-SAC,CHI-1991,1,1991,249.60000000000002,58.07000000000001,pippesc01-1991
grantho01,36,0.3,199102040SAC-CHI,199102040SAC-SAC,CHI-1991,1,1991,10.799999999999999,58.07000000000001,grantho01-1991
jordami01,33,5.4,199102040SAC-CHI,199102040SAC-SAC,CHI-1991,1,1991,178.20000000000002,58.07000000000001,jordami01-1991
paxsojo01,30,0.5,199102040SAC-CHI,199102040SAC-SAC,CHI-1991,1,1991,15,58.07000000000001,paxsojo01-1991
perduwi01,26,-1.9,199102040SAC-CHI,199102040SAC-SAC,CHI-1991,1,1991,-49.4,58.07000000000001,perduwi01-1991
kingst01,21,7.7,199102040SAC-CHI,199102040SAC-SAC,CHI-1991,1,1991,161.70000000000002,58.07000000000001,kingst01-1991
armstbj01,17,0.4,199102040SAC-CHI,199102040SAC-SAC,CHI-1991,1,1991,6.800000000000001,58.07000000000001,armstbj01-1991
hodgecr01,16,-0.5,199102040SAC-CHI,199102040SAC-SAC,CHI-1991,1,1991,-8,58.07000000000001,hodgecr01-1991
levincl01,16,1.6,199102040SAC-CHI,199102040SAC-SAC,CHI-1991,1,1991,25.6,58.07000000000001,levincl01-1991
willisc01,6,-1.6,199102040SAC-CHI,199102040SAC-SAC,CHI-1991,1,1991,-9.600000000000001,58.07000000000001,willisc01-1991
portete01,38,9.4,199102060SAC-POR,199102060SAC-SAC,POR-1991,0,1991,357.2,31.259999999999998,portete01-1991
drexlcl01,32,-2.2,199102060SAC-POR,199102060SAC-SAC,POR-1991,0,1991,-70.4,31.259999999999998,drexlcl01-1991
willibu01,32,5.2,199102060SAC-POR,199102060SAC-SAC,POR-1991,0,1991,166.4,31.259999999999998,willibu01-1991
kerseje01,31,-6,199102060SAC-POR,199102060SAC-SAC,POR-1991,0,1991,-186,31.259999999999998,kerseje01-1991
robincl02,24,-1.3,199102060SAC-POR,199102060SAC-SAC,POR-1991,0,1991,-31.200000000000003,31.259999999999998,robincl02-1991
duckwke01,23,-0.3,199102060SAC-POR,199102060SAC-SAC,POR-1991,0,1991,-6.8999999999999995,31.259999999999998,duckwke01-1991
aingeda01,19,4.6,199102060SAC-POR,199102060SAC-SAC,POR-1991,0,1991,87.39999999999999,31.259999999999998,aingeda01-1991
daviswa03,17,-0.7,199102060SAC-POR,199102060SAC-SAC,POR-1991,0,1991,-11.899999999999999,31.259999999999998,daviswa03-1991
bryanma01,16,2.2,199102060SAC-POR,199102060SAC-SAC,POR-1991,0,1991,35.2,31.259999999999998,bryanma01-1991
youngda01,8,-3.4,199102060SAC-POR,199102060SAC-SAC,POR-1991,0,1991,-27.2,31.259999999999998,youngda01-1991
smithch01,40,-2.8,199102120SAC-LAC,199102120SAC-SAC,LAC-1991,0,1991,-112,23.279999999999994,smithch01-1991
grantga01,39,9.7,199102120SAC-LAC,199102120SAC-SAC,LAC-1991,0,1991,378.29999999999995,23.279999999999994,grantga01-1991
normake01,34,-4.4,199102120SAC-LAC,199102120SAC-SAC,LAC-1991,0,1991,-149.60000000000002,23.279999999999994,normake01-1991
mannida01,31,2.5,199102120SAC-LAC,199102120SAC-SAC,LAC-1991,0,1991,77.5,23.279999999999994,mannida01-1991
benjabe01,28,-6.3,199102120SAC-LAC,199102120SAC-SAC,LAC-1991,0,1991,-176.4,23.279999999999994,benjabe01-1991
harpero01,27,5.3,199102120SAC-LAC,199102120SAC-SAC,LAC-1991,0,1991,143.1,23.279999999999994,harpero01-1991
martije01,21,3.7,199102120SAC-LAC,199102120SAC-SAC,LAC-1991,0,1991,77.7,23.279999999999994,martije01-1991
garrito01,9,1.2,199102120SAC-LAC,199102120SAC-SAC,LAC-1991,0,1991,10.799999999999999,23.279999999999994,garrito01-1991
vaughlo01,6,-0.6,199102120SAC-LAC,199102120SAC-SAC,LAC-1991,0,1991,-3.5999999999999996,23.279999999999994,vaughlo01-1991
bannike01,5,-2.6,199102120SAC-LAC,199102120SAC-SAC,LAC-1991,0,1991,-13,23.279999999999994,bannike01-1991
hawkihe01,36,4.2,199102140SAC-PHI,199102140SAC-SAC,PHI-1991,0,1991,151.20000000000002,14.183333333333332,hawkihe01-1991
turnean01,32,2.3,199102140SAC-PHI,199102140SAC-SAC,PHI-1991,0,1991,73.6,14.183333333333332,turnean01-1991
bolma01,30,4.1,199102140SAC-PHI,199102140SAC-SAC,PHI-1991,0,1991,122.99999999999999,14.183333333333332,bolma01-1991
barklch01,26,-3.1,199102140SAC-PHI,199102140SAC-SAC,PHI-1991,0,1991,-80.60000000000001,14.183333333333332,barklch01-1991
anderro01,26,7.3,199102140SAC-PHI,199102140SAC-SAC,PHI-1991,0,1991,189.79999999999998,14.183333333333332,anderro01-1991
gilliar01,22,-3.3,199102140SAC-PHI,199102140SAC-SAC,PHI-1991,0,1991,-72.6,14.183333333333332,gilliar01-1991
mahorri01,20,-2.5,199102140SAC-PHI,199102140SAC-SAC,PHI-1991,0,1991,-50,14.183333333333332,mahorri01-1991
greenri01,16,-3.7,199102140SAC-PHI,199102140SAC-SAC,PHI-1991,0,1991,-59.2,14.183333333333332,greenri01-1991
willija01,12,-5,199102140SAC-PHI,199102140SAC-SAC,PHI-1991,0,1991,-60,14.183333333333332,willija01-1991
payneke01,8,-1.2,199102140SAC-PHI,199102140SAC-SAC,PHI-1991,0,1991,-9.6,14.183333333333332,payneke01-1991
harrito01,6,-3.9,199102140SAC-PHI,199102140SAC-SAC,PHI-1991,0,1991,-23.4,14.183333333333332,harrito01-1991
olivebr01,6,-2,199102140SAC-PHI,199102140SAC-SAC,PHI-1991,0,1991,-12,14.183333333333332,olivebr01-1991
simmoli01,40,-0.4,199102170IND-SAC,199102170IND-IND,SAC-1991,0,1991,-16,31.927272727272726,simmoli01-1991
maystr01,33,-1.6,199102170IND-SAC,199102170IND-IND,SAC-1991,0,1991,-52.800000000000004,31.927272727272726,maystr01-1991
carran01,32,14.4,199102170IND-SAC,199102170IND-IND,SAC-1991,0,1991,460.8,31.927272727272726,carran01-1991
lesji01,32,8.2,199102170IND-SAC,199102170IND-IND,SAC-1991,0,1991,262.4,31.927272727272726,lesji01-1991
causwdu01,26,-4.8,199102170IND-SAC,199102170IND-IND,SAC-1991,0,1991,-124.8,31.927272727272726,causwdu01-1991
hansebo01,19,-3.6,199102170IND-SAC,199102170IND-IND,SAC-1991,0,1991,-68.4,31.927272727272726,hansebo01-1991
sparrro01,17,-0.8,199102170IND-SAC,199102170IND-IND,SAC-1991,0,1991,-13.600000000000001,31.927272727272726,sparrro01-1991
sampsra01,15,-3.9,199102170IND-SAC,199102170IND-IND,SAC-1991,0,1991,-58.5,31.927272727272726,sampsra01-1991
wennibi01,15,-2,199102170IND-SAC,199102170IND-IND,SAC-1991,0,1991,-30,31.927272727272726,wennibi01-1991
callori01,6,-1.4,199102170IND-SAC,199102170IND-IND,SAC-1991,0,1991,-8.399999999999999,31.927272727272726,callori01-1991
higgimi01,5,0.1,199102170IND-SAC,199102170IND-IND,SAC-1991,0,1991,0.5,31.927272727272726,higgimi01-1991
maystr01,33,-1.7,199102190NJN-SAC,199102190NJN-NJN,SAC-1991,0,1991,-56.1,-1.8599999999999994,maystr01-1991
causwdu01,32,5.5,199102190NJN-SAC,199102190NJN-NJN,SAC-1991,0,1991,176,-1.8599999999999994,causwdu01-1991
carran01,31,-0.8,199102190NJN-SAC,199102190NJN-NJN,SAC-1991,0,1991,-24.8,-1.8599999999999994,carran01-1991
sparrro01,29,2.2,199102190NJN-SAC,199102190NJN-NJN,SAC-1991,0,1991,63.800000000000004,-1.8599999999999994,sparrro01-1991
hansebo01,23,-3.2,199102190NJN-SAC,199102190NJN-NJN,SAC-1991,0,1991,-73.60000000000001,-1.8599999999999994,hansebo01-1991
lesji01,23,2.9,199102190NJN-SAC,199102190NJN-NJN,SAC-1991,0,1991,66.7,-1.8599999999999994,lesji01-1991
callori01,18,-1.2,199102190NJN-SAC,199102190NJN-NJN,SAC-1991,0,1991,-21.599999999999998,-1.8599999999999994,callori01-1991
higgimi01,18,-2.2,199102190NJN-SAC,199102190NJN-NJN,SAC-1991,0,1991,-39.6,-1.8599999999999994,higgimi01-1991
wennibi01,17,2.6,199102190NJN-SAC,199102190NJN-NJN,SAC-1991,0,1991,44.2,-1.8599999999999994,wennibi01-1991
sampsra01,16,-9.6,199102190NJN-SAC,199102190NJN-NJN,SAC-1991,0,1991,-153.6,-1.8599999999999994,sampsra01-1991
carran01,40,5.6,199102200CLE-SAC,199102200CLE-CLE,SAC-1991,0,1991,224,14.369999999999992,carran01-1991
sparrro01,36,4.8,199102200CLE-SAC,199102200CLE-CLE,SAC-1991,0,1991,172.79999999999998,14.369999999999992,sparrro01-1991
lesji01,34,9.2,199102200CLE-SAC,199102200CLE-CLE,SAC-1991,0,1991,312.79999999999995,14.369999999999992,lesji01-1991
callori01,33,-6.3,199102200CLE-SAC,199102200CLE-CLE,SAC-1991,0,1991,-207.9,14.369999999999992,callori01-1991
maystr01,28,-3.6,199102200CLE-SAC,199102200CLE-CLE,SAC-1991,0,1991,-100.8,14.369999999999992,maystr01-1991
causwdu01,23,-1.6,199102200CLE-SAC,199102200CLE-CLE,SAC-1991,0,1991,-36.800000000000004,14.369999999999992,causwdu01-1991
wennibi01,17,-6.8,199102200CLE-SAC,199102200CLE-CLE,SAC-1991,0,1991,-115.6,14.369999999999992,wennibi01-1991
sampsra01,16,-5.9,199102200CLE-SAC,199102200CLE-CLE,SAC-1991,0,1991,-94.4,14.369999999999992,sampsra01-1991
hansebo01,7,-0.8,199102200CLE-SAC,199102200CLE-CLE,SAC-1991,0,1991,-5.6000000000000005,14.369999999999992,hansebo01-1991
higgimi01,6,-0.8,199102200CLE-SAC,199102200CLE-CLE,SAC-1991,0,1991,-4.800000000000001,14.369999999999992,higgimi01-1991
carran01,39,-1,199102220CHI-SAC,199102220CHI-CHI,SAC-1991,0,1991,-39,-24.31818181818182,carran01-1991
simmoli01,38,4.1,199102220CHI-SAC,199102220CHI-CHI,SAC-1991,0,1991,155.79999999999998,-24.31818181818182,simmoli01-1991
lesji01,30,3.4,199102220CHI-SAC,199102220CHI-CHI,SAC-1991,0,1991,102,-24.31818181818182,lesji01-1991
maystr01,26,-6.4,199102220CHI-SAC,199102220CHI-CHI,SAC-1991,0,1991,-166.4,-24.31818181818182,maystr01-1991
sparrro01,23,-1,199102220CHI-SAC,199102220CHI-CHI,SAC-1991,0,1991,-23,-24.31818181818182,sparrro01-1991
sampsra01,21,-4.1,199102220CHI-SAC,199102220CHI-CHI,SAC-1991,0,1991,-86.1,-24.31818181818182,sampsra01-1991
wennibi01,19,-3.6,199102220CHI-SAC,199102220CHI-CHI,SAC-1991,0,1991,-68.4,-24.31818181818182,wennibi01-1991
callori01,17,-5.2,199102220CHI-SAC,199102220CHI-CHI,SAC-1991,0,1991,-88.4,-24.31818181818182,callori01-1991
hansebo01,15,-2.6,199102220CHI-SAC,199102220CHI-CHI,SAC-1991,0,1991,-39,-24.31818181818182,hansebo01-1991
causwdu01,7,-0.5,199102220CHI-SAC,199102220CHI-CHI,SAC-1991,0,1991,-3.5,-24.31818181818182,causwdu01-1991
higgimi01,5,-2.3,199102220CHI-SAC,199102220CHI-CHI,SAC-1991,0,1991,-11.5,-24.31818181818182,higgimi01-1991
carran01,37,1.7,199102240ORL-SAC,199102240ORL-ORL,SAC-1991,0,1991,62.9,-42.83,carran01-1991
lesji01,36,-7,199102240ORL-SAC,199102240ORL-ORL,SAC-1991,0,1991,-252,-42.83,lesji01-1991
simmoli01,35,-4.1,199102240ORL-SAC,199102240ORL-ORL,SAC-1991,0,1991,-143.5,-42.83,simmoli01-1991
maystr01,30,0.3,199102240ORL-SAC,199102240ORL-ORL,SAC-1991,0,1991,9,-42.83,maystr01-1991
wennibi01,29,-2.5,199102240ORL-SAC,199102240ORL-ORL,SAC-1991,0,1991,-72.5,-42.83,wennibi01-1991
hansebo01,27,0.1,199102240ORL-SAC,199102240ORL-ORL,SAC-1991,0,1991,2.7,-42.83,hansebo01-1991
callori01,13,-2,199102240ORL-SAC,199102240ORL-ORL,SAC-1991,0,1991,-26,-42.83,callori01-1991
sampsra01,13,-1.3,199102240ORL-SAC,199102240ORL-ORL,SAC-1991,0,1991,-16.900000000000002,-42.83,sampsra01-1991
sparrro01,12,0.4,199102240ORL-SAC,199102240ORL-ORL,SAC-1991,0,1991,4.800000000000001,-42.83,sparrro01-1991
higgimi01,8,0.4,199102240ORL-SAC,199102240ORL-ORL,SAC-1991,0,1991,3.2,-42.83,higgimi01-1991
carran01,44,-1.8,199102250ATL-SAC,199102250ATL-ATL,SAC-1991,0,1991,-79.2,22.255555555555553,carran01-1991
maystr01,43,5.6,199102250ATL-SAC,199102250ATL-ATL,SAC-1991,0,1991,240.79999999999998,22.255555555555553,maystr01-1991
simmoli01,43,4.6,199102250ATL-SAC,199102250ATL-ATL,SAC-1991,0,1991,197.79999999999998,22.255555555555553,simmoli01-1991
lesji01,40,-4.6,199102250ATL-SAC,199102250ATL-ATL,SAC-1991,0,1991,-184,22.255555555555553,lesji01-1991
wennibi01,22,2.3,199102250ATL-SAC,199102250ATL-ATL,SAC-1991,0,1991,50.599999999999994,22.255555555555553,wennibi01-1991
causwdu01,20,1.6,199102250ATL-SAC,199102250ATL-ATL,SAC-1991,0,1991,32,22.255555555555553,causwdu01-1991
sparrro01,13,-3.4,199102250ATL-SAC,199102250ATL-ATL,SAC-1991,0,1991,-44.199999999999996,22.255555555555553,sparrro01-1991
sampsra01,10,-1.6,199102250ATL-SAC,199102250ATL-ATL,SAC-1991,0,1991,-16,22.255555555555553,sampsra01-1991
hansebo01,5,0.5,199102250ATL-SAC,199102250ATL-ATL,SAC-1991,0,1991,2.5,22.255555555555553,hansebo01-1991
gillke01,40,-6.1,199102270SAC-CHH,199102270SAC-SAC,CHH-1991,1,1991,-244,15.38888888888889,gillke01-1991
reidjr01,35,2,199102270SAC-CHH,199102270SAC-SAC,CHH-1991,1,1991,70,15.38888888888889,reidjr01-1991
gminsmi01,33,-4.2,199102270SAC-CHH,199102270SAC-SAC,CHH-1991,1,1991,-138.6,15.38888888888889,gminsmi01-1991
curryde01,28,-0.1,199102270SAC-CHH,199102270SAC-SAC,CHH-1991,1,1991,-2.8000000000000003,15.38888888888889,curryde01-1991
boguemu01,28,7.5,199102270SAC-CHH,199102270SAC-SAC,CHH-1991,1,1991,210,15.38888888888889,boguemu01-1991
newmajo01,25,4.5,199102270SAC-CHH,199102270SAC-SAC,CHH-1991,1,1991,112.5,15.38888888888889,newmajo01-1991
tripuke01,23,5.8,199102270SAC-CHH,199102270SAC-SAC,CHH-1991,1,1991,133.4,15.38888888888889,tripuke01-1991
gattike01,15,2.9,199102270SAC-CHH,199102270SAC-SAC,CHH-1991,1,1991,43.5,15.38888888888889,gattike01-1991
leckner01,13,-3.5,199102270SAC-CHH,199102270SAC-SAC,CHH-1991,1,1991,-45.5,15.38888888888889,leckner01-1991
maystr01,38,3.3,199103010PHO-SAC,199103010PHO-PHO,SAC-1991,0,1991,125.39999999999999,20.945454545454545,maystr01-1991
carran01,34,4.6,199103010PHO-SAC,199103010PHO-PHO,SAC-1991,0,1991,156.39999999999998,20.945454545454545,carran01-1991
simmoli01,33,-3.5,199103010PHO-SAC,199103010PHO-PHO,SAC-1991,0,1991,-115.5,20.945454545454545,simmoli01-1991
lesji01,28,1.8,199103010PHO-SAC,199103010PHO-PHO,SAC-1991,0,1991,50.4,20.945454545454545,lesji01-1991
fredean01,28,-2.3,199103010PHO-SAC,199103010PHO-PHO,SAC-1991,0,1991,-64.39999999999999,20.945454545454545,fredean01-1991
wennibi01,26,-0.3,199103010PHO-SAC,199103010PHO-PHO,SAC-1991,0,1991,-7.8,20.945454545454545,wennibi01-1991
causwdu01,22,5.2,199103010PHO-SAC,199103010PHO-PHO,SAC-1991,0,1991,114.4,20.945454545454545,causwdu01-1991
sparrro01,18,0,199103010PHO-SAC,199103010PHO-PHO,SAC-1991,0,1991,0,20.945454545454545,sparrro01-1991
hansebo01,10,-2.8,199103010PHO-SAC,199103010PHO-PHO,SAC-1991,0,1991,-28,20.945454545454545,hansebo01-1991
coltest01,2,-0.7,199103010PHO-SAC,199103010PHO-PHO,SAC-1991,0,1991,-1.4,20.945454545454545,coltest01-1991
callori01,1,0.9,199103010PHO-SAC,199103010PHO-PHO,SAC-1991,0,1991,0.9,20.945454545454545,callori01-1991
simmoli01,38,0.7,199103020SEA-SAC,199103020SEA-SEA,SAC-1991,0,1991,26.599999999999998,13.649999999999995,simmoli01-1991
sparrro01,33,2.4,199103020SEA-SAC,199103020SEA-SEA,SAC-1991,0,1991,79.2,13.649999999999995,sparrro01-1991
carran01,30,-0.1,199103020SEA-SAC,199103020SEA-SEA,SAC-1991,0,1991,-3,13.649999999999995,carran01-1991
lesji01,29,7.1,199103020SEA-SAC,199103020SEA-SEA,SAC-1991,0,1991,205.89999999999998,13.649999999999995,lesji01-1991
callori01,29,3,199103020SEA-SAC,199103020SEA-SEA,SAC-1991,0,1991,87,13.649999999999995,callori01-1991
wennibi01,25,0,199103020SEA-SAC,199103020SEA-SEA,SAC-1991,0,1991,0,13.649999999999995,wennibi01-1991
maystr01,23,-7.4,199103020SEA-SAC,199103020SEA-SEA,SAC-1991,0,1991,-170.20000000000002,13.649999999999995,maystr01-1991
higgimi01,17,-2.2,199103020SEA-SAC,199103020SEA-SEA,SAC-1991,0,1991,-37.400000000000006,13.649999999999995,higgimi01-1991
hansebo01,10,-4.2,199103020SEA-SAC,199103020SEA-SEA,SAC-1991,0,1991,-42,13.649999999999995,hansebo01-1991
fredean01,6,-1.6,199103020SEA-SAC,199103020SEA-SEA,SAC-1991,0,1991,-9.600000000000001,13.649999999999995,fredean01-1991
mullich01,43,4.4,199103050SAC-GSW,199103050SAC-SAC,GSW-1991,0,1991,189.20000000000002,14.841666666666669,mullich01-1991
richmmi01,38,3.6,199103050SAC-GSW,199103050SAC-SAC,GSW-1991,0,1991,136.8,14.841666666666669,richmmi01-1991
hardati01,36,-0.7,199103050SAC-GSW,199103050SAC-SAC,GSW-1991,0,1991,-25.2,14.841666666666669,hardati01-1991
higgiro01,28,-0.5,199103050SAC-GSW,199103050SAC-SAC,GSW-1991,0,1991,-14,14.841666666666669,higgiro01-1991
eliema01,24,-1.8,199103050SAC-GSW,199103050SAC-SAC,GSW-1991,0,1991,-43.2,14.841666666666669,eliema01-1991
listeal01,15,-3.1,199103050SAC-GSW,199103050SAC-SAC,GSW-1991,0,1991,-46.5,14.841666666666669,listeal01-1991
hillty01,15,-3.1,199103050SAC-GSW,199103050SAC-SAC,GSW-1991,0,1991,-46.5,14.841666666666669,hillty01-1991
pritcke01,12,-0.5,199103050SAC-GSW,199103050SAC-SAC,GSW-1991,0,1991,-6,14.841666666666669,pritcke01-1991
peterji01,11,2.8,199103050SAC-GSW,199103050SAC-SAC,GSW-1991,0,1991,30.799999999999997,14.841666666666669,peterji01-1991
jepsele01,8,0.4,199103050SAC-GSW,199103050SAC-SAC,GSW-1991,0,1991,3.2,14.841666666666669,jepsele01-1991
mokespa01,5,0.8,199103050SAC-GSW,199103050SAC-SAC,GSW-1991,0,1991,4,14.841666666666669,mokespa01-1991
robinla01,5,-0.9,199103050SAC-GSW,199103050SAC-SAC,GSW-1991,0,1991,-4.5,14.841666666666669,robinla01-1991
daughbr01,41,4,199103080SAC-CLE,199103080SAC-SAC,CLE-1991,0,1991,164,24.363636363636367,daughbr01-1991
ehlocr01,40,-2.8,199103080SAC-CLE,199103080SAC-SAC,CLE-1991,0,1991,-112,24.363636363636367,ehlocr01-1991
nancela01,39,4.4,199103080SAC-CLE,199103080SAC-SAC,CLE-1991,0,1991,171.60000000000002,24.363636363636367,nancela01-1991
ferryda01,31,3.7,199103080SAC-CLE,199103080SAC-SAC,CLE-1991,0,1991,114.7,24.363636363636367,ferryda01-1991
valenda01,28,2.9,199103080SAC-CLE,199103080SAC-SAC,CLE-1991,0,1991,81.2,24.363636363636367,valenda01-1991
williho01,20,-3.7,199103080SAC-CLE,199103080SAC-SAC,CLE-1991,0,1991,-74,24.363636363636367,williho01-1991
kerrst01,14,-2.7,199103080SAC-CLE,199103080SAC-SAC,CLE-1991,0,1991,-37.800000000000004,24.363636363636367,kerrst01-1991
bennewi01,9,-1.3,199103080SAC-CLE,199103080SAC-SAC,CLE-1991,0,1991,-11.700000000000001,24.363636363636367,bennewi01-1991
mortojo01,8,-0.3,199103080SAC-CLE,199103080SAC-SAC,CLE-1991,0,1991,-2.4,24.363636363636367,mortojo01-1991
paddige01,6,-1.6,199103080SAC-CLE,199103080SAC-SAC,CLE-1991,0,1991,-9.600000000000001,24.363636363636367,paddige01-1991
brownch01,4,-4,199103080SAC-CLE,199103080SAC-SAC,CLE-1991,0,1991,-16,24.363636363636367,brownch01-1991
simmoli01,43,4.9,199103100GSW-SAC,199103100GSW-GSW,SAC-1991,0,1991,210.70000000000002,32.922222222222224,simmoli01-1991
fredean01,41,5.8,199103100GSW-SAC,199103100GSW-GSW,SAC-1991,0,1991,237.79999999999998,32.922222222222224,fredean01-1991
sparrro01,37,1.3,199103100GSW-SAC,199103100GSW-GSW,SAC-1991,0,1991,48.1,32.922222222222224,sparrro01-1991
wennibi01,37,0.1,199103100GSW-SAC,199103100GSW-GSW,SAC-1991,0,1991,3.7,32.922222222222224,wennibi01-1991
hansebo01,32,0.1,199103100GSW-SAC,199103100GSW-GSW,SAC-1991,0,1991,3.2,32.922222222222224,hansebo01-1991
lesji01,22,-7.2,199103100GSW-SAC,199103100GSW-GSW,SAC-1991,0,1991,-158.4,32.922222222222224,lesji01-1991
tisdawa01,13,-1.8,199103100GSW-SAC,199103100GSW-GSW,SAC-1991,0,1991,-23.400000000000002,32.922222222222224,tisdawa01-1991
callori01,11,-1.8,199103100GSW-SAC,199103100GSW-GSW,SAC-1991,0,1991,-19.8,32.922222222222224,callori01-1991
dawsoto01,4,-1.4,199103100GSW-SAC,199103100GSW-GSW,SAC-1991,0,1991,-5.6,32.922222222222224,dawsoto01-1991
lewisre01,37,8.5,199103120SAC-BOS,199103120SAC-SAC,BOS-1991,1,1991,314.5,65.25,lewisre01-1991
shawbr01,35,10,199103120SAC-BOS,199103120SAC-SAC,BOS-1991,1,1991,350,65.25,shawbr01-1991
birdla01,33,4.4,199103120SAC-BOS,199103120SAC-SAC,BOS-1991,1,1991,145.20000000000002,65.25,birdla01-1991
brownde01,30,0.5,199103120SAC-BOS,199103120SAC-SAC,BOS-1991,1,1991,15,65.25,brownde01-1991
gamblke01,29,-3.5,199103120SAC-BOS,199103120SAC-SAC,BOS-1991,1,1991,-101.5,65.25,gamblke01-1991
mchalke01,25,-1.4,199103120SAC-BOS,199103120SAC-SAC,BOS-1991,1,1991,-35,65.25,mchalke01-1991
parisro01,24,3.2,199103120SAC-BOS,199103120SAC-SAC,BOS-1991,1,1991,76.80000000000001,65.25,parisro01-1991
pincked01,15,1.9,199103120SAC-BOS,199103120SAC-SAC,BOS-1991,1,1991,28.5,65.25,pincked01-1991
kleinjo01,5,0.3,199103120SAC-BOS,199103120SAC-SAC,BOS-1991,1,1991,1.5,65.25,kleinjo01-1991
smithmi01,3,-2.6,199103120SAC-BOS,199103120SAC-SAC,BOS-1991,1,1991,-7.800000000000001,65.25,smithmi01-1991
smithch02,2,-1.2,199103120SAC-BOS,199103120SAC-SAC,BOS-1991,1,1991,-2.4,65.25,smithch02-1991
vrankst01,2,-0.9,199103120SAC-BOS,199103120SAC-SAC,BOS-1991,1,1991,-1.8,65.25,vrankst01-1991
millere01,41,9.3,199103140SAC-IND,199103140SAC-SAC,IND-1991,1,1991,381.3,51.63636363636364,millere01-1991
willimi02,37,6.9,199103140SAC-IND,199103140SAC-SAC,IND-1991,1,1991,255.3,51.63636363636364,willimi02-1991
schrede01,35,3.8,199103140SAC-IND,199103140SAC-SAC,IND-1991,1,1991,133,51.63636363636364,schrede01-1991
persoch01,30,-2.3,199103140SAC-IND,199103140SAC-SAC,IND-1991,1,1991,-69,51.63636363636364,persoch01-1991
thompla01,25,-4.8,199103140SAC-IND,199103140SAC-SAC,IND-1991,1,1991,-120,51.63636363636364,thompla01-1991
smitsri01,21,1.4,199103140SAC-IND,199103140SAC-SAC,IND-1991,1,1991,29.4,51.63636363636364,smitsri01-1991
dreilgr01,15,-1.4,199103140SAC-IND,199103140SAC-SAC,IND-1991,1,1991,-21,51.63636363636364,dreilgr01-1991
sandemi01,15,1.1,199103140SAC-IND,199103140SAC-SAC,IND-1991,1,1991,16.5,51.63636363636364,sandemi01-1991
flemive01,9,-0.4,199103140SAC-IND,199103140SAC-SAC,IND-1991,1,1991,-3.6,51.63636363636364,flemive01-1991
mccloge01,9,-3.8,199103140SAC-IND,199103140SAC-SAC,IND-1991,1,1991,-34.199999999999996,51.63636363636364,mccloge01-1991
willike03,3,0.1,199103140SAC-IND,199103140SAC-SAC,IND-1991,1,1991,0.30000000000000004,51.63636363636364,willike03-1991
anderwi01,44,-2.7,199103160SAC-SAS,199103160SAC-SAC,SAS-1991,0,1991,-118.80000000000001,30.162499999999994,anderwi01-1991
robinda01,44,9.7,199103160SAC-SAS,199103160SAC-SAC,SAS-1991,0,1991,426.79999999999995,30.162499999999994,robinda01-1991
elliose01,39,-0.9,199103160SAC-SAS,199103160SAC-SAC,SAS-1991,0,1991,-35.1,30.162499999999994,elliose01-1991
cummite01,36,2.5,199103160SAC-SAS,199103160SAC-SAC,SAS-1991,0,1991,90,30.162499999999994,cummite01-1991
johnsav01,30,-3.1,199103160SAC-SAS,199103160SAC-SAC,SAS-1991,0,1991,-93,30.162499999999994,johnsav01-1991
wingada01,20,-1.4,199103160SAC-SAS,199103160SAC-SAC,SAS-1991,0,1991,-28,30.162499999999994,wingada01-1991
greensi02,15,-0.6,199103160SAC-SAS,199103160SAC-SAC,SAS-1991,0,1991,-9,30.162499999999994,greensi02-1991
presspa01,12,0.7,199103160SAC-SAS,199103160SAC-SAC,SAS-1991,0,1991,8.399999999999999,30.162499999999994,presspa01-1991
carran01,40,-2.1,199103180DAL-SAC,199103180DAL-DAL,SAC-1991,0,1991,-84,-8.6,carran01-1991
simmoli01,39,-2.1,199103180DAL-SAC,199103180DAL-DAL,SAC-1991,0,1991,-81.9,-8.6,simmoli01-1991
causwdu01,33,3.7,199103180DAL-SAC,199103180DAL-DAL,SAC-1991,0,1991,122.10000000000001,-8.6,causwdu01-1991
lesji01,30,2.5,199103180DAL-SAC,199103180DAL-DAL,SAC-1991,0,1991,75,-8.6,lesji01-1991
sparrro01,27,1,199103180DAL-SAC,199103180DAL-DAL,SAC-1991,0,1991,27,-8.6,sparrro01-1991
wennibi01,16,-1.2,199103180DAL-SAC,199103180DAL-DAL,SAC-1991,0,1991,-19.2,-8.6,wennibi01-1991
hansebo01,15,-3.5,199103180DAL-SAC,199103180DAL-DAL,SAC-1991,0,1991,-52.5,-8.6,hansebo01-1991
callori01,15,-2.3,199103180DAL-SAC,199103180DAL-DAL,SAC-1991,0,1991,-34.5,-8.6,callori01-1991
fredean01,15,-0.4,199103180DAL-SAC,199103180DAL-DAL,SAC-1991,0,1991,-6,-8.6,fredean01-1991
coltest01,10,-3.2,199103180DAL-SAC,199103180DAL-DAL,SAC-1991,0,1991,-32,-8.6,coltest01-1991
simmoli01,41,1.8,199103190SAS-SAC,199103190SAS-SAS,SAC-1991,0,1991,73.8,32.59090909090909,simmoli01-1991
hansebo01,34,0.2,199103190SAS-SAC,199103190SAS-SAS,SAC-1991,0,1991,6.800000000000001,32.59090909090909,hansebo01-1991
carran01,30,9,199103190SAS-SAC,199103190SAS-SAS,SAC-1991,0,1991,270,32.59090909090909,carran01-1991
sparrro01,30,2.1,199103190SAS-SAC,199103190SAS-SAS,SAC-1991,0,1991,63,32.59090909090909,sparrro01-1991
wennibi01,25,2.7,199103190SAS-SAC,199103190SAS-SAS,SAC-1991,0,1991,67.5,32.59090909090909,wennibi01-1991
fredean01,25,-2.6,199103190SAS-SAC,199103190SAS-SAS,SAC-1991,0,1991,-65,32.59090909090909,fredean01-1991
causwdu01,23,-2.6,199103190SAS-SAC,199103190SAS-SAS,SAC-1991,0,1991,-59.800000000000004,32.59090909090909,causwdu01-1991
lesji01,18,1.6,199103190SAS-SAC,199103190SAS-SAS,SAC-1991,0,1991,28.8,32.59090909090909,lesji01-1991
callori01,6,-3.2,199103190SAS-SAC,199103190SAS-SAS,SAC-1991,0,1991,-19.200000000000003,32.59090909090909,callori01-1991
maystr01,6,-0.8,199103190SAS-SAC,199103190SAS-SAS,SAC-1991,0,1991,-4.800000000000001,32.59090909090909,maystr01-1991
coltest01,2,-1.3,199103190SAS-SAC,199103190SAS-SAS,SAC-1991,0,1991,-2.6,32.59090909090909,coltest01-1991
simmoli01,43,-0.2,199103210HOU-SAC,199103210HOU-HOU,SAC-1991,0,1991,-8.6,14.255555555555555,simmoli01-1991
wennibi01,38,-1.7,199103210HOU-SAC,199103210HOU-HOU,SAC-1991,0,1991,-64.6,14.255555555555555,wennibi01-1991
causwdu01,36,1.8,199103210HOU-SAC,199103210HOU-HOU,SAC-1991,0,1991,64.8,14.255555555555555,causwdu01-1991
sparrro01,29,-0.9,199103210HOU-SAC,199103210HOU-HOU,SAC-1991,0,1991,-26.1,14.255555555555555,sparrro01-1991
maystr01,29,6.3,199103210HOU-SAC,199103210HOU-HOU,SAC-1991,0,1991,182.7,14.255555555555555,maystr01-1991
fredean01,20,3,199103210HOU-SAC,199103210HOU-HOU,SAC-1991,0,1991,60,14.255555555555555,fredean01-1991
hansebo01,19,1.9,199103210HOU-SAC,199103210HOU-HOU,SAC-1991,0,1991,36.1,14.255555555555555,hansebo01-1991
lesji01,19,-5,199103210HOU-SAC,199103210HOU-HOU,SAC-1991,0,1991,-95,14.255555555555555,lesji01-1991
callori01,7,-3,199103210HOU-SAC,199103210HOU-HOU,SAC-1991,0,1991,-21,14.255555555555555,callori01-1991
johnske02,41,12.3,199103230SAC-PHO,199103230SAC-SAC,PHO-1991,1,1991,504.3,62.13,johnske02-1991
hornaje01,40,1.8,199103230SAC-PHO,199103230SAC-SAC,PHO-1991,1,1991,72,62.13,hornaje01-1991
chambto01,37,3.8,199103230SAC-PHO,199103230SAC-SAC,PHO-1991,1,1991,140.6,62.13,chambto01-1991
majerda01,31,-5.5,199103230SAC-PHO,199103230SAC-SAC,PHO-1991,1,1991,-170.5,62.13,majerda01-1991
langan01,27,4.5,199103230SAC-PHO,199103230SAC-SAC,PHO-1991,1,1991,121.5,62.13,langan01-1991
mcdanxa01,26,-0.6,199103230SAC-PHO,199103230SAC-SAC,PHO-1991,1,1991,-15.6,62.13,mcdanxa01-1991
westma01,20,-0.3,199103230SAC-PHO,199103230SAC-SAC,PHO-1991,1,1991,-6,62.13,westma01-1991
perryti01,12,-2.1,199103230SAC-PHO,199103230SAC-SAC,PHO-1991,1,1991,-25.200000000000003,62.13,perryti01-1991
cebalce01,5,-0.2,199103230SAC-PHO,199103230SAC-SAC,PHO-1991,1,1991,-1,62.13,cebalce01-1991
nealyed01,1,1.2,199103230SAC-PHO,199103230SAC-SAC,PHO-1991,1,1991,1.2,62.13,nealyed01-1991
perkisa01,44,4,199103250SAC-LAL,199103250SAC-SAC,LAL-1991,1,1991,176,101.27777777777777,perkisa01-1991
johnsma02,42,12,199103250SAC-LAL,199103250SAC-SAC,LAL-1991,1,1991,504,101.27777777777777,johnsma02-1991
worthja01,41,5,199103250SAC-LAL,199103250SAC-SAC,LAL-1991,1,1991,205,101.27777777777777,worthja01-1991
scottby01,36,-1.3,199103250SAC-LAL,199103250SAC-SAC,LAL-1991,1,1991,-46.800000000000004,101.27777777777777,scottby01-1991
divacvl01,34,1.4,199103250SAC-LAL,199103250SAC-SAC,LAL-1991,1,1991,47.599999999999994,101.27777777777777,divacvl01-1991
greenac01,22,3.8,199103250SAC-LAL,199103250SAC-SAC,LAL-1991,1,1991,83.6,101.27777777777777,greenac01-1991
teaglte01,12,-4.7,199103250SAC-LAL,199103250SAC-SAC,LAL-1991,1,1991,-56.400000000000006,101.27777777777777,teaglte01-1991
smithto02,6,-0.3,199103250SAC-LAL,199103250SAC-SAC,LAL-1991,1,1991,-1.7999999999999998,101.27777777777777,smithto02-1991
thompmy01,3,0.1,199103250SAC-LAL,199103250SAC-SAC,LAL-1991,1,1991,0.30000000000000004,101.27777777777777,thompmy01-1991
malonka01,40,5.6,199103280SAC-UTA,199103280SAC-SAC,UTA-1991,0,1991,224,13.975,malonka01-1991
malonje01,39,1,199103280SAC-UTA,199103280SAC-SAC,UTA-1991,0,1991,39,13.975,malonje01-1991
baileth01,35,-0.3,199103280SAC-UTA,199103280SAC-SAC,UTA-1991,0,1991,-10.5,13.975,baileth01-1991
stockjo01,35,1.8,199103280SAC-UTA,199103280SAC-SAC,UTA-1991,0,1991,63,13.975,stockjo01-1991
eatonma01,32,-1.4,199103280SAC-UTA,199103280SAC-SAC,UTA-1991,0,1991,-44.8,13.975,eatonma01-1991
brownmi01,19,1.2,199103280SAC-UTA,199103280SAC-SAC,UTA-1991,0,1991,22.8,13.975,brownmi01-1991
brownto01,14,-4.4,199103280SAC-UTA,199103280SAC-SAC,UTA-1991,0,1991,-61.60000000000001,13.975,brownto01-1991
ruddde01,13,-4.1,199103280SAC-UTA,199103280SAC-SAC,UTA-1991,0,1991,-53.3,13.975,ruddde01-1991
griffda01,7,-1.1,199103280SAC-UTA,199103280SAC-SAC,UTA-1991,0,1991,-7.700000000000001,13.975,griffda01-1991
osullda01,2,0.2,199103280SAC-UTA,199103280SAC-SAC,UTA-1991,0,1991,0.4,13.975,osullda01-1991
palmewa01,2,-1.3,199103280SAC-UTA,199103280SAC-SAC,UTA-1991,0,1991,-2.6,13.975,palmewa01-1991
toolsan01,2,-0.5,199103280SAC-UTA,199103280SAC-SAC,UTA-1991,0,1991,-1,13.975,toolsan01-1991
carran01,38,-4.7,199103290DEN-SAC,199103290DEN-DEN,SAC-1991,0,1991,-178.6,-13.059999999999999,carran01-1991
lesji01,35,5.4,199103290DEN-SAC,199103290DEN-DEN,SAC-1991,0,1991,189,-13.059999999999999,lesji01-1991
causwdu01,29,-2.7,199103290DEN-SAC,199103290DEN-DEN,SAC-1991,0,1991,-78.30000000000001,-13.059999999999999,causwdu01-1991
callori01,28,0.1,199103290DEN-SAC,199103290DEN-DEN,SAC-1991,0,1991,2.8000000000000003,-13.059999999999999,callori01-1991
sparrro01,25,2.9,199103290DEN-SAC,199103290DEN-DEN,SAC-1991,0,1991,72.5,-13.059999999999999,sparrro01-1991
wennibi01,25,1.2,199103290DEN-SAC,199103290DEN-DEN,SAC-1991,0,1991,30,-13.059999999999999,wennibi01-1991
simmoli01,24,-5.6,199103290DEN-SAC,199103290DEN-DEN,SAC-1991,0,1991,-134.39999999999998,-13.059999999999999,simmoli01-1991
coltest01,20,0.8,199103290DEN-SAC,199103290DEN-DEN,SAC-1991,0,1991,16,-13.059999999999999,coltest01-1991
fredean01,10,-4.9,199103290DEN-SAC,199103290DEN-DEN,SAC-1991,0,1991,-49,-13.059999999999999,fredean01-1991
hansebo01,6,-0.1,199103290DEN-SAC,199103290DEN-DEN,SAC-1991,0,1991,-0.6000000000000001,-13.059999999999999,hansebo01-1991
lesji01,37,2.6,199103310LAL-SAC,199103310LAL-LAL,SAC-1991,0,1991,96.2,-26.787499999999998,lesji01-1991
carran01,36,-3.4,199103310LAL-SAC,199103310LAL-LAL,SAC-1991,0,1991,-122.39999999999999,-26.787499999999998,carran01-1991
causwdu01,36,2.4,199103310LAL-SAC,199103310LAL-LAL,SAC-1991,0,1991,86.39999999999999,-26.787499999999998,causwdu01-1991
sparrro01,36,-4.8,199103310LAL-SAC,199103310LAL-LAL,SAC-1991,0,1991,-172.79999999999998,-26.787499999999998,sparrro01-1991
simmoli01,35,1.9,199103310LAL-SAC,199103310LAL-LAL,SAC-1991,0,1991,66.5,-26.787499999999998,simmoli01-1991
wennibi01,22,-3.6,199103310LAL-SAC,199103310LAL-LAL,SAC-1991,0,1991,-79.2,-26.787499999999998,wennibi01-1991
callori01,20,-2.2,199103310LAL-SAC,199103310LAL-LAL,SAC-1991,0,1991,-44,-26.787499999999998,callori01-1991
fredean01,18,-2.5,199103310LAL-SAC,199103310LAL-LAL,SAC-1991,0,1991,-45,-26.787499999999998,fredean01-1991
douglsh01,41,4.3,199104020SAC-MIA,199104020SAC-SAC,MIA-1991,0,1991,176.29999999999998,11.69090909090909,douglsh01-1991
thompbi01,34,3,199104020SAC-MIA,199104020SAC-SAC,MIA-1991,0,1991,102,11.69090909090909,thompbi01-1991
seikaro01,32,-7.2,199104020SAC-MIA,199104020SAC-SAC,MIA-1991,0,1991,-230.4,11.69090909090909,seikaro01-1991
edwarke01,27,-2.1,199104020SAC-MIA,199104020SAC-SAC,MIA-1991,0,1991,-56.7,11.69090909090909,edwarke01-1991
ricegl01,26,2.4,199104020SAC-MIA,199104020SAC-SAC,MIA-1991,0,1991,62.4,11.69090909090909,ricegl01-1991
longgr01,25,4,199104020SAC-MIA,199104020SAC-SAC,MIA-1991,0,1991,100,11.69090909090909,longgr01-1991
daviste01,23,0.8,199104020SAC-MIA,199104020SAC-SAC,MIA-1991,0,1991,18.400000000000002,11.69090909090909,daviste01-1991
askinke01,11,-2.3,199104020SAC-MIA,199104020SAC-SAC,MIA-1991,0,1991,-25.299999999999997,11.69090909090909,askinke01-1991
kesslal01,9,-2.5,199104020SAC-MIA,199104020SAC-SAC,MIA-1991,0,1991,-22.5,11.69090909090909,kesslal01-1991
colesbi01,7,0.2,199104020SAC-MIA,199104020SAC-SAC,MIA-1991,0,1991,1.4000000000000001,11.69090909090909,colesbi01-1991
oggal01,5,0.6,199104020SAC-MIA,199104020SAC-SAC,MIA-1991,0,1991,3,11.69090909090909,oggal01-1991
simmoli01,40,-4.1,199104030SEA-SAC,199104030SEA-SEA,SAC-1991,0,1991,-164,-2.6666666666666687,simmoli01-1991
carran01,38,6.9,199104030SEA-SAC,199104030SEA-SEA,SAC-1991,0,1991,262.2,-2.6666666666666687,carran01-1991
sparrro01,35,-0.8,199104030SEA-SAC,199104030SEA-SEA,SAC-1991,0,1991,-28,-2.6666666666666687,sparrro01-1991
maystr01,32,-7.1,199104030SEA-SAC,199104030SEA-SEA,SAC-1991,0,1991,-227.2,-2.6666666666666687,maystr01-1991
lesji01,29,1.9,199104030SEA-SAC,199104030SEA-SEA,SAC-1991,0,1991,55.099999999999994,-2.6666666666666687,lesji01-1991
causwdu01,27,4.1,199104030SEA-SAC,199104030SEA-SEA,SAC-1991,0,1991,110.69999999999999,-2.6666666666666687,causwdu01-1991
wennibi01,21,-0.4,199104030SEA-SAC,199104030SEA-SEA,SAC-1991,0,1991,-8.4,-2.6666666666666687,wennibi01-1991
fredean01,14,-1.8,199104030SEA-SAC,199104030SEA-SEA,SAC-1991,0,1991,-25.2,-2.6666666666666687,fredean01-1991
callori01,4,0.2,199104030SEA-SAC,199104030SEA-SEA,SAC-1991,0,1991,0.8,-2.6666666666666687,callori01-1991
hardati01,42,-2.9,199104060SAC-GSW,199104060SAC-SAC,GSW-1991,0,1991,-121.8,29.045454545454543,hardati01-1991
mullich01,42,6.3,199104060SAC-GSW,199104060SAC-SAC,GSW-1991,0,1991,264.59999999999997,29.045454545454543,mullich01-1991
richmmi01,40,4.4,199104060SAC-GSW,199104060SAC-SAC,GSW-1991,0,1991,176,29.045454545454543,richmmi01-1991
eliema01,30,4.2,199104060SAC-GSW,199104060SAC-SAC,GSW-1991,0,1991,126,29.045454545454543,eliema01-1991
higgiro01,21,0.2,199104060SAC-GSW,199104060SAC-SAC,GSW-1991,0,1991,4.2,29.045454545454543,higgiro01-1991
tolbeto01,20,-3.4,199104060SAC-GSW,199104060SAC-SAC,GSW-1991,0,1991,-68,29.045454545454543,tolbeto01-1991
askewvi01,12,-0.9,199104060SAC-GSW,199104060SAC-SAC,GSW-1991,0,1991,-10.8,29.045454545454543,askewvi01-1991
listeal01,11,-2.7,199104060SAC-GSW,199104060SAC-SAC,GSW-1991,0,1991,-29.700000000000003,29.045454545454543,listeal01-1991
hillty01,8,-2.5,199104060SAC-GSW,199104060SAC-SAC,GSW-1991,0,1991,-20,29.045454545454543,hillty01-1991
mokespa01,8,-1.1,199104060SAC-GSW,199104060SAC-SAC,GSW-1991,0,1991,-8.8,29.045454545454543,mokespa01-1991
peterji01,6,1.3,199104060SAC-GSW,199104060SAC-SAC,GSW-1991,0,1991,7.800000000000001,29.045454545454543,peterji01-1991
simmoli01,41,4.7,199104070LAC-SAC,199104070LAC-LAC,SAC-1991,0,1991,192.70000000000002,23.95555555555556,simmoli01-1991
carran01,38,0.7,199104070LAC-SAC,199104070LAC-LAC,SAC-1991,0,1991,26.599999999999998,23.95555555555556,carran01-1991
sparrro01,36,4.9,199104070LAC-SAC,199104070LAC-LAC,SAC-1991,0,1991,176.4,23.95555555555556,sparrro01-1991
causwdu01,32,4.6,199104070LAC-SAC,199104070LAC-LAC,SAC-1991,0,1991,147.2,23.95555555555556,causwdu01-1991
lesji01,31,-4.3,199104070LAC-SAC,199104070LAC-LAC,SAC-1991,0,1991,-133.29999999999998,23.95555555555556,lesji01-1991
maystr01,28,-5.2,199104070LAC-SAC,199104070LAC-LAC,SAC-1991,0,1991,-145.6,23.95555555555556,maystr01-1991
wennibi01,18,-1,199104070LAC-SAC,199104070LAC-LAC,SAC-1991,0,1991,-18,23.95555555555556,wennibi01-1991
callori01,12,-2.4,199104070LAC-SAC,199104070LAC-LAC,SAC-1991,0,1991,-28.799999999999997,23.95555555555556,callori01-1991
fredean01,4,-0.4,199104070LAC-SAC,199104070LAC-LAC,SAC-1991,0,1991,-1.6,23.95555555555556,fredean01-1991
willihe01,43,-7.2,199104090SAC-DAL,199104090SAC-SAC,DAL-1991,0,1991,-309.6,15.899999999999993,willihe01-1991
donalja01,42,8.9,199104090SAC-DAL,199104090SAC-SAC,DAL-1991,0,1991,373.8,15.899999999999993,donalja01-1991
blackro01,34,10.2,199104090SAC-DAL,199104090SAC-SAC,DAL-1991,0,1991,346.79999999999995,15.899999999999993,blackro01-1991
harpede01,34,-2.5,199104090SAC-DAL,199104090SAC-SAC,DAL-1991,0,1991,-85,15.899999999999993,harpede01-1991
whitera01,30,-3.2,199104090SAC-DAL,199104090SAC-SAC,DAL-1991,0,1991,-96,15.899999999999993,whitera01-1991
upshake01,17,-1,199104090SAC-DAL,199104090SAC-SAC,DAL-1991,0,1991,-17,15.899999999999993,upshake01-1991
davisbr01,15,0.1,199104090SAC-DAL,199104090SAC-SAC,DAL-1991,0,1991,1.5,15.899999999999993,davisbr01-1991
grandji01,14,0.4,199104090SAC-DAL,199104090SAC-SAC,DAL-1991,0,1991,5.6000000000000005,15.899999999999993,grandji01-1991
englial01,11,-7,199104090SAC-DAL,199104090SAC-SAC,DAL-1991,0,1991,-77,15.899999999999993,englial01-1991
skilesc01,41,8.9,199104110SAC-ORL,199104110SAC-SAC,ORL-1991,0,1991,364.90000000000003,11.944444444444446,skilesc01-1991
smithot01,41,-1.6,199104110SAC-ORL,199104110SAC-SAC,ORL-1991,0,1991,-65.60000000000001,11.944444444444446,smithot01-1991
turneje01,41,-4.6,199104110SAC-ORL,199104110SAC-SAC,ORL-1991,0,1991,-188.6,11.944444444444446,turneje01-1991
acresma01,35,-1.5,199104110SAC-ORL,199104110SAC-SAC,ORL-1991,0,1991,-52.5,11.944444444444446,acresma01-1991
scottde01,33,-0.3,199104110SAC-ORL,199104110SAC-SAC,ORL-1991,0,1991,-9.9,11.944444444444446,scottde01-1991
reynoje01,26,4.1,199104110SAC-ORL,199104110SAC-SAC,ORL-1991,0,1991,106.6,11.944444444444446,reynoje01-1991
kitegr01,15,-1.5,199104110SAC-ORL,199104110SAC-SAC,ORL-1991,0,1991,-22.5,11.944444444444446,kitegr01-1991
wileymo01,7,-3.7,199104110SAC-ORL,199104110SAC-SAC,ORL-1991,0,1991,-25.900000000000002,11.944444444444446,wileymo01-1991
anslemi01,1,1,199104110SAC-ORL,199104110SAC-SAC,ORL-1991,0,1991,1,11.944444444444446,anslemi01-1991
johnsbu01,43,1.7,199104130SAC-HOU,199104130SAC-SAC,HOU-1991,1,1991,73.1,67.6,johnsbu01-1991
olajuha01,41,4.1,199104130SAC-HOU,199104130SAC-SAC,HOU-1991,1,1991,168.1,67.6,olajuha01-1991
smithke01,40,9.8,199104130SAC-HOU,199104130SAC-SAC,HOU-1991,1,1991,392,67.6,smithke01-1991
maxweve01,35,-4,199104130SAC-HOU,199104130SAC-SAC,HOU-1991,1,1991,-140,67.6,maxweve01-1991
thorpot01,33,2.2,199104130SAC-HOU,199104130SAC-SAC,HOU-1991,1,1991,72.60000000000001,67.6,thorpot01-1991
floydsl01,22,-3.2,199104130SAC-HOU,199104130SAC-SAC,HOU-1991,1,1991,-70.4,67.6,floydsl01-1991
smithla01,21,2.4,199104130SAC-HOU,199104130SAC-SAC,HOU-1991,1,1991,50.4,67.6,smithla01-1991
woodda01,5,-1,199104130SAC-HOU,199104130SAC-SAC,HOU-1991,1,1991,-5,67.6,woodda01-1991
maystr01,43,-3.3,199104150MIN-SAC,199104150MIN-MIN,SAC-1991,0,1991,-141.9,-26.090000000000003,maystr01-1991
carran01,38,0.2,199104150MIN-SAC,199104150MIN-MIN,SAC-1991,0,1991,7.6000000000000005,-26.090000000000003,carran01-1991
causwdu01,31,3.4,199104150MIN-SAC,199104150MIN-MIN,SAC-1991,0,1991,105.39999999999999,-26.090000000000003,causwdu01-1991
simmoli01,28,-3.6,199104150MIN-SAC,199104150MIN-MIN,SAC-1991,0,1991,-100.8,-26.090000000000003,simmoli01-1991
sparrro01,27,-10.5,199104150MIN-SAC,199104150MIN-MIN,SAC-1991,0,1991,-283.5,-26.090000000000003,sparrro01-1991
wennibi01,22,3.6,199104150MIN-SAC,199104150MIN-MIN,SAC-1991,0,1991,79.2,-26.090000000000003,wennibi01-1991
bonnean01,18,-0.8,199104150MIN-SAC,199104150MIN-MIN,SAC-1991,0,1991,-14.4,-26.090000000000003,bonnean01-1991
lesji01,18,5.8,199104150MIN-SAC,199104150MIN-MIN,SAC-1991,0,1991,104.39999999999999,-26.090000000000003,lesji01-1991
callori01,8,-2.9,199104150MIN-SAC,199104150MIN-MIN,SAC-1991,0,1991,-23.2,-26.090000000000003,callori01-1991
fredean01,7,0.9,199104150MIN-SAC,199104150MIN-MIN,SAC-1991,0,1991,6.3,-26.090000000000003,fredean01-1991
carran01,43,6.8,199104160UTA-SAC,199104160UTA-UTA,SAC-1991,0,1991,292.4,25.055555555555557,carran01-1991
causwdu01,42,-1.7,199104160UTA-SAC,199104160UTA-UTA,SAC-1991,0,1991,-71.39999999999999,25.055555555555557,causwdu01-1991
lesji01,31,-1.5,199104160UTA-SAC,199104160UTA-UTA,SAC-1991,0,1991,-46.5,25.055555555555557,lesji01-1991
callori01,29,1.3,199104160UTA-SAC,199104160UTA-UTA,SAC-1991,0,1991,37.7,25.055555555555557,callori01-1991
wennibi01,26,2.6,199104160UTA-SAC,199104160UTA-UTA,SAC-1991,0,1991,67.60000000000001,25.055555555555557,wennibi01-1991
sparrro01,24,2.6,199104160UTA-SAC,199104160UTA-UTA,SAC-1991,0,1991,62.400000000000006,25.055555555555557,sparrro01-1991
bonnean01,23,-1.9,199104160UTA-SAC,199104160UTA-UTA,SAC-1991,0,1991,-43.699999999999996,25.055555555555557,bonnean01-1991
maystr01,15,-3.7,199104160UTA-SAC,199104160UTA-UTA,SAC-1991,0,1991,-55.5,25.055555555555557,maystr01-1991
fredean01,7,-2.5,199104160UTA-SAC,199104160UTA-UTA,SAC-1991,0,1991,-17.5,25.055555555555557,fredean01-1991
laneje01,39,1.9,199104180SAC-DEN,199104180SAC-SAC,DEN-1991,0,1991,74.1,-33.7,laneje01-1991
farmeji01,35,-1.7,199104180SAC-DEN,199104180SAC-SAC,DEN-1991,0,1991,-59.5,-33.7,farmeji01-1991
wolfjo01,35,-0.6,199104180SAC-DEN,199104180SAC-SAC,DEN-1991,0,1991,-21,-33.7,wolfjo01-1991
willire01,34,1,199104180SAC-DEN,199104180SAC-SAC,DEN-1991,0,1991,34,-33.7,willire01-1991
woolror01,31,-6.5,199104180SAC-DEN,199104180SAC-SAC,DEN-1991,0,1991,-201.5,-33.7,woolror01-1991
liberma01,30,0.4,199104180SAC-DEN,199104180SAC-SAC,DEN-1991,0,1991,12,-33.7,liberma01-1991
battlke01,19,-2,199104180SAC-DEN,199104180SAC-SAC,DEN-1991,0,1991,-38,-33.7,battlke01-1991
andergr01,17,-4.1,199104180SAC-DEN,199104180SAC-SAC,DEN-1991,0,1991,-69.69999999999999,-33.7,andergr01-1991
causwdu01,45,4.7,199104190POR-SAC,199104190POR-POR,SAC-1991,0,1991,211.5,4.69,causwdu01-1991
carran01,37,4,199104190POR-SAC,199104190POR-POR,SAC-1991,0,1991,148,4.69,carran01-1991
maystr01,33,-3.5,199104190POR-SAC,199104190POR-POR,SAC-1991,0,1991,-115.5,4.69,maystr01-1991
simmoli01,31,-6,199104190POR-SAC,199104190POR-POR,SAC-1991,0,1991,-186,4.69,simmoli01-1991
lesji01,23,3.2,199104190POR-SAC,199104190POR-POR,SAC-1991,0,1991,73.60000000000001,4.69,lesji01-1991
callori01,22,-0.1,199104190POR-SAC,199104190POR-POR,SAC-1991,0,1991,-2.2,4.69,callori01-1991
sparrro01,17,-1.6,199104190POR-SAC,199104190POR-POR,SAC-1991,0,1991,-27.200000000000003,4.69,sparrro01-1991
wennibi01,17,-1.6,199104190POR-SAC,199104190POR-POR,SAC-1991,0,1991,-27.200000000000003,4.69,wennibi01-1991
fredean01,8,-2.9,199104190POR-SAC,199104190POR-POR,SAC-1991,0,1991,-23.2,4.69,fredean01-1991
coltest01,7,-0.7,199104190POR-SAC,199104190POR-POR,SAC-1991,0,1991,-4.8999999999999995,4.69,coltest01-1991
smithch01,43,3,199104210SAC-LAC,199104210SAC-SAC,LAC-1991,0,1991,129,24.322222222222223,smithch01-1991
polynol01,41,2,199104210SAC-LAC,199104210SAC-SAC,LAC-1991,0,1991,82,24.322222222222223,polynol01-1991
harpero01,38,1.2,199104210SAC-LAC,199104210SAC-SAC,LAC-1991,0,1991,45.6,24.322222222222223,harpero01-1991
garlawi01,33,0.6,199104210SAC-LAC,199104210SAC-SAC,LAC-1991,0,1991,19.8,24.322222222222223,garlawi01-1991
mannida01,30,-0.4,199104210SAC-LAC,199104210SAC-SAC,LAC-1991,0,1991,-12,24.322222222222223,mannida01-1991
normake01,20,-4.2,199104210SAC-LAC,199104210SAC-SAC,LAC-1991,0,1991,-84,24.322222222222223,normake01-1991
garrito01,15,2.5,199104210SAC-LAC,199104210SAC-SAC,LAC-1991,0,1991,37.5,24.322222222222223,garrito01-1991
martije01,10,4.2,199104210SAC-LAC,199104210SAC-SAC,LAC-1991,0,1991,42,24.322222222222223,martije01-1991
vaughlo01,10,-4.1,199104210SAC-LAC,199104210SAC-SAC,LAC-1991,0,1991,-41,24.322222222222223,vaughlo01-1991
