player,min,VORP,id,opp_id,season_id,win,year,adj_VORP,avg_VORP,link
lewisra02,41.68333333333333,2.7,200611010SEA-SEA,200611010SEA-POR,SEA-2007,0,2007,112.545,49.63066666666667,lewisra02-2007
ridnolu01,41.6,9.8,200611010SEA-SEA,200611010SEA-POR,SEA-2007,0,2007,407.68000000000006,49.63066666666667,ridnolu01-2007
allenra02,38.53333333333333,2.4,200611010SEA-SEA,200611010SEA-POR,SEA-2007,0,2007,92.47999999999999,49.63066666666667,allenra02-2007
wilkida02,23.4,0.1,200611010SEA-SEA,200611010SEA-POR,SEA-2007,0,2007,2.34,49.63066666666667,wilkida02-2007
wilcoch01,23.283333333333335,3,200611010SEA-SEA,200611010SEA-POR,SEA-2007,0,2007,69.85000000000001,49.63066666666667,wilcoch01-2007
watsoea01,20.483333333333334,-0.3,200611010SEA-SEA,200611010SEA-POR,SEA-2007,0,2007,-6.1450000000000005,49.63066666666667,watsoea01-2007
collini01,17.5,-6.8,200611010SEA-SEA,200611010SEA-POR,SEA-2007,0,2007,-119,49.63066666666667,collini01-2007
petrojo01,15.833333333333334,-2.6,200611010SEA-SEA,200611010SEA-POR,SEA-2007,0,2007,-41.16666666666667,49.63066666666667,petrojo01-2007
senesa01,12.4,-1.2,200611010SEA-SEA,200611010SEA-POR,SEA-2007,0,2007,-14.879999999999999,49.63066666666667,senesa01-2007
gelabmi01,5.283333333333333,-1.4,200611010SEA-SEA,200611010SEA-POR,SEA-2007,0,2007,-7.396666666666666,49.63066666666667,gelabmi01-2007
davisba01,40.38333333333333,5.5,200611030GSW-GSW,200611030GSW-POR,GSW-2007,1,2007,222.10833333333332,44.9940909090909,davisba01-2007
murphtr01,35.36666666666667,-3.1,200611030GSW-GSW,200611030GSW-POR,GSW-2007,1,2007,-109.63666666666667,44.9940909090909,murphtr01-2007
dunlemi02,32.45,-2.3,200611030GSW-GSW,200611030GSW-POR,GSW-2007,1,2007,-74.635,44.9940909090909,dunlemi02-2007
pietrmi01,31.3,9.7,200611030GSW-GSW,200611030GSW-POR,GSW-2007,1,2007,303.60999999999996,44.9940909090909,pietrmi01-2007
richaja01,29.133333333333333,1.3,200611030GSW-GSW,200611030GSW-POR,GSW-2007,1,2007,37.873333333333335,44.9940909090909,richaja01-2007
ellismo01,24.916666666666668,4.5,200611030GSW-GSW,200611030GSW-POR,GSW-2007,1,2007,112.125,44.9940909090909,ellismo01-2007
dioguik01,23.116666666666667,0.5,200611030GSW-GSW,200611030GSW-POR,GSW-2007,1,2007,11.558333333333334,44.9940909090909,dioguik01-2007
biedran01,14.233333333333333,-1.5,200611030GSW-GSW,200611030GSW-POR,GSW-2007,1,2007,-21.349999999999998,44.9940909090909,biedran01-2007
foylead01,5.833333333333333,2.3,200611030GSW-GSW,200611030GSW-POR,GSW-2007,1,2007,13.416666666666664,44.9940909090909,foylead01-2007
roberan02,1.9166666666666665,0,200611030GSW-GSW,200611030GSW-POR,GSW-2007,1,2007,0,44.9940909090909,roberan02-2007
barnema02,1.35,-0.1,200611030GSW-GSW,200611030GSW-POR,GSW-2007,1,2007,-0.135,44.9940909090909,barnema02-2007
roybr01,41.96666666666667,1.1,200611040POR-POR,200611040POR-MIN,POR-2007,1,2007,46.16333333333334,47.67666666666666,roybr01-2007
randoza01,37.233333333333334,0.4,200611040POR-POR,200611040POR-MIN,POR-2007,1,2007,14.893333333333334,47.67666666666666,randoza01-2007
outlatr01,32.3,7,200611040POR-POR,200611040POR-MIN,POR-2007,1,2007,226.09999999999997,47.67666666666666,outlatr01-2007
webstma02,30.65,7.6,200611040POR-POR,200611040POR-MIN,POR-2007,1,2007,232.93999999999997,47.67666666666666,webstma02-2007
udokaim01,29.766666666666666,0.8,200611040POR-POR,200611040POR-MIN,POR-2007,1,2007,23.813333333333333,47.67666666666666,udokaim01-2007
jackja01,25.15,-1.3,200611040POR-POR,200611040POR-MIN,POR-2007,1,2007,-32.695,47.67666666666666,jackja01-2007
dixonju01,24.583333333333332,-1.1,200611040POR-POR,200611040POR-MIN,POR-2007,1,2007,-27.041666666666668,47.67666666666666,dixonju01-2007
magloja01,18.35,-5.6,200611040POR-POR,200611040POR-MIN,POR-2007,1,2007,-102.76,47.67666666666666,magloja01-2007
brandel01,33.416666666666664,2.1,200611060LAC-LAC,200611060LAC-POR,LAC-2007,1,2007,70.175,64.99125000000001,brandel01-2007
livinsh01,32.75,1.1,200611060LAC-LAC,200611060LAC-POR,LAC-2007,1,2007,36.025000000000006,64.99125000000001,livinsh01-2007
moblecu01,31.916666666666668,5.2,200611060LAC-LAC,200611060LAC-POR,LAC-2007,1,2007,165.96666666666667,64.99125000000001,moblecu01-2007
cassesa01,31.6,4.9,200611060LAC-LAC,200611060LAC-POR,LAC-2007,1,2007,154.84000000000003,64.99125000000001,cassesa01-2007
kamanch01,31.05,-1.8,200611060LAC-LAC,200611060LAC-POR,LAC-2007,1,2007,-55.89,64.99125000000001,kamanch01-2007
rossqu01,28.966666666666665,3.7,200611060LAC-LAC,200611060LAC-POR,LAC-2007,1,2007,107.17666666666666,64.99125000000001,rossqu01-2007
maggeco01,28.233333333333334,2.1,200611060LAC-LAC,200611060LAC-POR,LAC-2007,1,2007,59.290000000000006,64.99125000000001,maggeco01-2007
thomati01,22.066666666666666,-0.8,200611060LAC-LAC,200611060LAC-POR,LAC-2007,1,2007,-17.653333333333332,64.99125000000001,thomati01-2007
randoza01,38.28333333333333,11.7,200611080POR-POR,200611080POR-LAL,POR-2007,1,2007,447.91499999999996,58.077962962962964,randoza01-2007
jackja01,36.5,2.6,200611080POR-POR,200611080POR-LAL,POR-2007,1,2007,94.9,58.077962962962964,jackja01-2007
udokaim01,32.53333333333333,-0.3,200611080POR-POR,200611080POR-LAL,POR-2007,1,2007,-9.76,58.077962962962964,udokaim01-2007
webstma02,30.9,-3.3,200611080POR-POR,200611080POR-LAL,POR-2007,1,2007,-101.96999999999998,58.077962962962964,webstma02-2007
magloja01,28.916666666666668,-2.2,200611080POR-POR,200611080POR-LAL,POR-2007,1,2007,-63.616666666666674,58.077962962962964,magloja01-2007
dixonju01,28.35,3.8,200611080POR-POR,200611080POR-LAL,POR-2007,1,2007,107.73,58.077962962962964,dixonju01-2007
grahast01,21.05,2.5,200611080POR-POR,200611080POR-LAL,POR-2007,1,2007,52.625,58.077962962962964,grahast01-2007
outlatr01,11.983333333333333,1.3,200611080POR-POR,200611080POR-LAL,POR-2007,1,2007,15.578333333333333,58.077962962962964,outlatr01-2007
dickada01,11.5,-1.8,200611080POR-POR,200611080POR-LAL,POR-2007,1,2007,-20.7,58.077962962962964,dickada01-2007
jackja01,42.7,-2.1,200611100POR-POR,200611100POR-NOK,POR-2007,1,2007,-89.67000000000002,47.69350000000001,jackja01-2007
randoza01,40.516666666666666,7,200611100POR-POR,200611100POR-NOK,POR-2007,1,2007,283.6166666666667,47.69350000000001,randoza01-2007
udokaim01,34.81666666666667,0.8,200611100POR-POR,200611100POR-NOK,POR-2007,1,2007,27.85333333333334,47.69350000000001,udokaim01-2007
outlatr01,32.083333333333336,12.3,200611100POR-POR,200611100POR-NOK,POR-2007,1,2007,394.62500000000006,47.69350000000001,outlatr01-2007
dixonju01,28.266666666666666,-1.8,200611100POR-POR,200611100POR-NOK,POR-2007,1,2007,-50.88,47.69350000000001,dixonju01-2007
webstma02,18.9,1.6,200611100POR-POR,200611100POR-NOK,POR-2007,1,2007,30.24,47.69350000000001,webstma02-2007
magloja01,17.25,-4.9,200611100POR-POR,200611100POR-NOK,POR-2007,1,2007,-84.525,47.69350000000001,magloja01-2007
grahast01,10.25,-1.8,200611100POR-POR,200611100POR-NOK,POR-2007,1,2007,-18.45,47.69350000000001,grahast01-2007
dickada01,8.7,-1.6,200611100POR-POR,200611100POR-NOK,POR-2007,1,2007,-13.92,47.69350000000001,dickada01-2007
roybr01,6.516666666666667,-0.3,200611100POR-POR,200611100POR-NOK,POR-2007,1,2007,-1.9549999999999998,47.69350000000001,roybr01-2007
jackja01,38.15,11.4,200611120POR-POR,200611120POR-DAL,POR-2007,0,2007,434.91,24.121166666666667,jackja01-2007
randoza01,38.06666666666667,-6.3,200611120POR-POR,200611120POR-DAL,POR-2007,0,2007,-239.82000000000002,24.121166666666667,randoza01-2007
dixonju01,33.516666666666666,0.1,200611120POR-POR,200611120POR-DAL,POR-2007,0,2007,3.3516666666666666,24.121166666666667,dixonju01-2007
outlatr01,26.366666666666667,1.6,200611120POR-POR,200611120POR-DAL,POR-2007,0,2007,42.18666666666667,24.121166666666667,outlatr01-2007
udokaim01,24.45,1.2,200611120POR-POR,200611120POR-DAL,POR-2007,0,2007,29.339999999999996,24.121166666666667,udokaim01-2007
magloja01,19.733333333333334,-1.1,200611120POR-POR,200611120POR-DAL,POR-2007,0,2007,-21.70666666666667,24.121166666666667,magloja01-2007
aldrila01,19.183333333333334,1.2,200611120POR-POR,200611120POR-DAL,POR-2007,0,2007,23.02,24.121166666666667,aldrila01-2007
webstma02,17.55,-2.2,200611120POR-POR,200611120POR-DAL,POR-2007,0,2007,-38.61000000000001,24.121166666666667,webstma02-2007
grahast01,13.133333333333333,0.5,200611120POR-POR,200611120POR-DAL,POR-2007,0,2007,6.566666666666666,24.121166666666667,grahast01-2007
dickada01,9.866666666666667,0.2,200611120POR-POR,200611120POR-DAL,POR-2007,0,2007,1.9733333333333336,24.121166666666667,dickada01-2007
garneke01,34.75,8.4,200611140MIN-MIN,200611140MIN-POR,MIN-2007,1,2007,291.90000000000003,45.633750000000006,garneke01-2007
davisri01,33.833333333333336,8,200611140MIN-MIN,200611140MIN-POR,MIN-2007,1,2007,270.6666666666667,45.633750000000006,davisri01-2007
hassetr01,33.18333333333333,1.8,200611140MIN-MIN,200611140MIN-POR,MIN-2007,1,2007,59.73,45.633750000000006,hassetr01-2007
jamesmi01,26.516666666666666,0.6,200611140MIN-MIN,200611140MIN-POR,MIN-2007,1,2007,15.909999999999998,45.633750000000006,jamesmi01-2007
hudsotr01,21.483333333333334,-0.1,200611140MIN-MIN,200611140MIN-POR,MIN-2007,1,2007,-2.1483333333333334,45.633750000000006,hudsotr01-2007
blounma01,16.616666666666667,-2.9,200611140MIN-MIN,200611140MIN-POR,MIN-2007,1,2007,-48.18833333333333,45.633750000000006,blounma01-2007
jaricma01,16.55,-0.1,200611140MIN-MIN,200611140MIN-POR,MIN-2007,1,2007,-1.6550000000000002,45.633750000000006,jaricma01-2007
madsema01,16.066666666666666,0.3,200611140MIN-MIN,200611140MIN-POR,MIN-2007,1,2007,4.819999999999999,45.633750000000006,madsema01-2007
foyera01,14.166666666666666,-0.6,200611140MIN-MIN,200611140MIN-POR,MIN-2007,1,2007,-8.5,45.633750000000006,foyera01-2007
smithcr01,13.05,-1.3,200611140MIN-MIN,200611140MIN-POR,MIN-2007,1,2007,-16.965,45.633750000000006,smithcr01-2007
griffed01,6.683333333333334,-1.5,200611140MIN-MIN,200611140MIN-POR,MIN-2007,1,2007,-10.025,45.633750000000006,griffed01-2007
reedju01,6.616666666666667,-1.2,200611140MIN-MIN,200611140MIN-POR,MIN-2007,1,2007,-7.94,45.633750000000006,reedju01-2007
jamesle01,38.9,17.5,200611150CLE-CLE,200611150CLE-POR,CLE-2007,1,2007,680.75,69.68924242424242,jamesle01-2007
jonesda01,33.35,2.5,200611150CLE-CLE,200611150CLE-POR,CLE-2007,1,2007,83.375,69.68924242424242,jonesda01-2007
goodedr01,32.68333333333333,4.2,200611150CLE-CLE,200611150CLE-POR,CLE-2007,1,2007,137.26999999999998,69.68924242424242,goodedr01-2007
snower01,30.9,3.9,200611150CLE-CLE,200611150CLE-POR,CLE-2007,1,2007,120.50999999999999,69.68924242424242,snower01-2007
pavloal01,24.55,-2,200611150CLE-CLE,200611150CLE-POR,CLE-2007,1,2007,-49.1,69.68924242424242,pavloal01-2007
ilgauzy01,24.083333333333332,-6.6,200611150CLE-CLE,200611150CLE-POR,CLE-2007,1,2007,-158.95,69.68924242424242,ilgauzy01-2007
marshdo01,20.116666666666667,-2.7,200611150CLE-CLE,200611150CLE-POR,CLE-2007,1,2007,-54.315000000000005,69.68924242424242,marshdo01-2007
varejan01,14.3,-1.3,200611150CLE-CLE,200611150CLE-POR,CLE-2007,1,2007,-18.59,69.68924242424242,varejan01-2007
hughela01,14.233333333333333,2.2,200611150CLE-CLE,200611150CLE-POR,CLE-2007,1,2007,31.313333333333333,69.68924242424242,hughela01-2007
wesleda01,5.833333333333333,-1.1,200611150CLE-CLE,200611150CLE-POR,CLE-2007,1,2007,-6.416666666666667,69.68924242424242,wesleda01-2007
gibsoda01,1.05,0.7,200611150CLE-CLE,200611150CLE-POR,CLE-2007,1,2007,0.735,69.68924242424242,gibsoda01-2007
piercpa01,31.033333333333335,8.8,200611170BOS-BOS,200611170BOS-POR,BOS-2007,1,2007,273.09333333333336,51.73111111111111,piercpa01-2007
szczewa02,24.95,6.8,200611170BOS-BOS,200611170BOS-POR,BOS-2007,1,2007,169.66,51.73111111111111,szczewa02-2007
telfase01,24.816666666666666,5.1,200611170BOS-BOS,200611170BOS-POR,BOS-2007,1,2007,126.56499999999998,51.73111111111111,telfase01-2007
perkike01,23.333333333333332,-1.5,200611170BOS-BOS,200611170BOS-POR,BOS-2007,1,2007,-35,51.73111111111111,perkike01-2007
rondora01,23.266666666666666,2.4,200611170BOS-BOS,200611170BOS-POR,BOS-2007,1,2007,55.839999999999996,51.73111111111111,rondora01-2007
gomesry01,20.9,-7.4,200611170BOS-BOS,200611170BOS-POR,BOS-2007,1,2007,-154.66,51.73111111111111,gomesry01-2007
powele01,19.316666666666666,0.4,200611170BOS-BOS,200611170BOS-POR,BOS-2007,1,2007,7.726666666666667,51.73111111111111,powele01-2007
westde01,19.316666666666666,5.2,200611170BOS-BOS,200611170BOS-POR,BOS-2007,1,2007,100.44666666666667,51.73111111111111,westde01-2007
greenge01,17.6,6,200611170BOS-BOS,200611170BOS-POR,BOS-2007,1,2007,105.60000000000001,51.73111111111111,greenge01-2007
scalabr01,17.45,-1.7,200611170BOS-BOS,200611170BOS-POR,BOS-2007,1,2007,-29.665,51.73111111111111,scalabr01-2007
allento01,12.433333333333334,1.4,200611170BOS-BOS,200611170BOS-POR,BOS-2007,1,2007,17.406666666666666,51.73111111111111,allento01-2007
rayal01,5.6,-2.9,200611170BOS-BOS,200611170BOS-POR,BOS-2007,1,2007,-16.24,51.73111111111111,rayal01-2007
wrighan01,36.56666666666667,0,200611180NJN-NJN,200611180NJN-POR,NJN-2007,0,2007,0,-3.950833333333336,wrighan01-2007
cartevi01,36.38333333333333,-0.6,200611180NJN-NJN,200611180NJN-POR,NJN-2007,0,2007,-21.83,-3.950833333333336,cartevi01-2007
kiddja01,36.233333333333334,3.8,200611180NJN-NJN,200611180NJN-POR,NJN-2007,0,2007,137.68666666666667,-3.950833333333336,kiddja01-2007
krstine01,34.11666666666667,-2.7,200611180NJN-NJN,200611180NJN-POR,NJN-2007,0,2007,-92.11500000000001,-3.950833333333336,krstine01-2007
nachbbo01,28.966666666666665,3,200611180NJN-NJN,200611180NJN-POR,NJN-2007,0,2007,86.89999999999999,-3.950833333333336,nachbbo01-2007
robincl02,22.216666666666665,-1.6,200611180NJN-NJN,200611180NJN-POR,NJN-2007,0,2007,-35.54666666666667,-3.950833333333336,robincl02-2007
willima03,19.116666666666667,-1.8,200611180NJN-NJN,200611180NJN-POR,NJN-2007,0,2007,-34.410000000000004,-3.950833333333336,willima03-2007
collija04,17.983333333333334,-3.9,200611180NJN-NJN,200611180NJN-POR,NJN-2007,0,2007,-70.135,-3.950833333333336,collija04-2007
mooremi01,4.966666666666667,-1.4,200611180NJN-NJN,200611180NJN-POR,NJN-2007,0,2007,-6.953333333333333,-3.950833333333336,mooremi01-2007
adamsha01,3.45,-0.9,200611180NJN-NJN,200611180NJN-POR,NJN-2007,0,2007,-3.1050000000000004,-3.950833333333336,adamsha01-2007
randoza01,35.93333333333333,6.5,200611200POR-POR,200611200POR-SAS,POR-2007,0,2007,233.56666666666663,25.62212121212121,randoza01-2007
jackja01,33,-0.1,200611200POR-POR,200611200POR-SAS,POR-2007,0,2007,-3.3000000000000003,25.62212121212121,jackja01-2007
dixonju01,28.6,-0.7,200611200POR-POR,200611200POR-SAS,POR-2007,0,2007,-20.02,25.62212121212121,dixonju01-2007
udokaim01,23.533333333333335,1.7,200611200POR-POR,200611200POR-SAS,POR-2007,0,2007,40.00666666666667,25.62212121212121,udokaim01-2007
aldrila01,22.883333333333333,-1.5,200611200POR-POR,200611200POR-SAS,POR-2007,0,2007,-34.325,25.62212121212121,aldrila01-2007
webstma02,22.066666666666666,-0.3,200611200POR-POR,200611200POR-SAS,POR-2007,0,2007,-6.62,25.62212121212121,webstma02-2007
magloja01,21.533333333333335,1.5,200611200POR-POR,200611200POR-SAS,POR-2007,0,2007,32.300000000000004,25.62212121212121,magloja01-2007
outlatr01,20.35,1.3,200611200POR-POR,200611200POR-SAS,POR-2007,0,2007,26.455000000000002,25.62212121212121,outlatr01-2007
grahast01,17.116666666666667,2.6,200611200POR-POR,200611200POR-SAS,POR-2007,0,2007,44.50333333333334,25.62212121212121,grahast01-2007
rodrise01,7.566666666666666,-2.1,200611200POR-POR,200611200POR-SAS,POR-2007,0,2007,-15.89,25.62212121212121,rodrise01-2007
dickada01,7.416666666666667,-2,200611200POR-POR,200611200POR-SAS,POR-2007,0,2007,-14.833333333333334,25.62212121212121,dickada01-2007
jackja01,37.68333333333333,6.4,200611220POR-POR,200611220POR-NJN,POR-2007,1,2007,241.17333333333332,27.439848484848483,jackja01-2007
webstma02,34.766666666666666,-1.7,200611220POR-POR,200611220POR-NJN,POR-2007,1,2007,-59.10333333333333,27.439848484848483,webstma02-2007
randoza01,30.9,4.4,200611220POR-POR,200611220POR-NJN,POR-2007,1,2007,135.96,27.439848484848483,randoza01-2007
udokaim01,29.85,-1,200611220POR-POR,200611220POR-NJN,POR-2007,1,2007,-29.85,27.439848484848483,udokaim01-2007
outlatr01,27.316666666666666,3.8,200611220POR-POR,200611220POR-NJN,POR-2007,1,2007,103.80333333333333,27.439848484848483,outlatr01-2007
aldrila01,26.683333333333334,-5.2,200611220POR-POR,200611220POR-NJN,POR-2007,1,2007,-138.75333333333333,27.439848484848483,aldrila01-2007
dixonju01,21.933333333333334,0.6,200611220POR-POR,200611220POR-NJN,POR-2007,1,2007,13.16,27.439848484848483,dixonju01-2007
magloja01,17.05,2,200611220POR-POR,200611220POR-NJN,POR-2007,1,2007,34.1,27.439848484848483,magloja01-2007
rodrise01,13.733333333333333,0.1,200611220POR-POR,200611220POR-NJN,POR-2007,1,2007,1.3733333333333333,27.439848484848483,rodrise01-2007
grahast01,0.05,-0.5,200611220POR-POR,200611220POR-NJN,POR-2007,1,2007,-0.025,27.439848484848483,grahast01-2007
dickada01,0.016666666666666666,0,200611220POR-POR,200611220POR-NJN,POR-2007,1,2007,0,27.439848484848483,dickada01-2007
salmojo01,34.36666666666667,2,200611250SAC-SAC,200611250SAC-POR,SAC-2007,1,2007,68.73333333333333,62.770500000000006,salmojo01-2007
bibbymi01,32.916666666666664,2.7,200611250SAC-SAC,200611250SAC-POR,SAC-2007,1,2007,88.875,62.770500000000006,bibbymi01-2007
martike02,31.933333333333334,10.4,200611250SAC-SAC,200611250SAC-POR,SAC-2007,1,2007,332.1066666666667,62.770500000000006,martike02-2007
abdursh01,28.216666666666665,3.6,200611250SAC-SAC,200611250SAC-POR,SAC-2007,1,2007,101.58,62.770500000000006,abdursh01-2007
willico02,26.283333333333335,-0.6,200611250SAC-SAC,200611250SAC-POR,SAC-2007,1,2007,-15.77,62.770500000000006,willico02-2007
thomake01,26.066666666666666,5.7,200611250SAC-SAC,200611250SAC-POR,SAC-2007,1,2007,148.58,62.770500000000006,thomake01-2007
artesro01,21.916666666666668,-1.6,200611250SAC-SAC,200611250SAC-POR,SAC-2007,1,2007,-35.06666666666667,62.770500000000006,artesro01-2007
garcifr01,18.766666666666666,-1.4,200611250SAC-SAC,200611250SAC-POR,SAC-2007,1,2007,-26.27333333333333,62.770500000000006,garcifr01-2007
millebr01,15,-2.7,200611250SAC-SAC,200611250SAC-POR,SAC-2007,1,2007,-40.5,62.770500000000006,millebr01-2007
pricero01,4.533333333333333,1.2,200611250SAC-SAC,200611250SAC-POR,SAC-2007,1,2007,5.4399999999999995,62.770500000000006,pricero01-2007
outlatr01,45.266666666666666,1.5,200611260POR-POR,200611260POR-PHO,POR-2007,0,2007,67.9,6.688166666666668,outlatr01-2007
jackja01,33.016666666666666,-3.9,200611260POR-POR,200611260POR-PHO,POR-2007,0,2007,-128.765,6.688166666666668,jackja01-2007
udokaim01,27.95,3.9,200611260POR-POR,200611260POR-PHO,POR-2007,0,2007,109.005,6.688166666666668,udokaim01-2007
randoza01,27.65,-1.1,200611260POR-POR,200611260POR-PHO,POR-2007,0,2007,-30.415,6.688166666666668,randoza01-2007
webstma02,26.8,3.2,200611260POR-POR,200611260POR-PHO,POR-2007,0,2007,85.76,6.688166666666668,webstma02-2007
dixonju01,26.016666666666666,-1.3,200611260POR-POR,200611260POR-PHO,POR-2007,0,2007,-33.821666666666665,6.688166666666668,dixonju01-2007
rodrise01,22.25,4,200611260POR-POR,200611260POR-PHO,POR-2007,0,2007,89,6.688166666666668,rodrise01-2007
magloja01,20.266666666666666,-3.5,200611260POR-POR,200611260POR-PHO,POR-2007,0,2007,-70.93333333333334,6.688166666666668,magloja01-2007
grahast01,8.216666666666667,-2.1,200611260POR-POR,200611260POR-PHO,POR-2007,0,2007,-17.255000000000003,6.688166666666668,grahast01-2007
aldrila01,2.5666666666666664,-1.4,200611260POR-POR,200611260POR-PHO,POR-2007,0,2007,-3.593333333333333,6.688166666666668,aldrila01-2007
jackja01,40.9,10,200611280POR-POR,200611280POR-IND,POR-2007,0,2007,409,19.400499999999997,jackja01-2007
randoza01,37.9,-0.5,200611280POR-POR,200611280POR-IND,POR-2007,0,2007,-18.95,19.400499999999997,randoza01-2007
udokaim01,37.13333333333333,-0.2,200611280POR-POR,200611280POR-IND,POR-2007,0,2007,-7.426666666666667,19.400499999999997,udokaim01-2007
outlatr01,30.25,0.5,200611280POR-POR,200611280POR-IND,POR-2007,0,2007,15.125,19.400499999999997,outlatr01-2007
przybjo01,23.483333333333334,-4,200611280POR-POR,200611280POR-IND,POR-2007,0,2007,-93.93333333333334,19.400499999999997,przybjo01-2007
dixonju01,22.566666666666666,-1.5,200611280POR-POR,200611280POR-IND,POR-2007,0,2007,-33.85,19.400499999999997,dixonju01-2007
webstma02,19.533333333333335,-4.1,200611280POR-POR,200611280POR-IND,POR-2007,0,2007,-80.08666666666667,19.400499999999997,webstma02-2007
aldrila01,10.716666666666667,-2.3,200611280POR-POR,200611280POR-IND,POR-2007,0,2007,-24.648333333333333,19.400499999999997,aldrila01-2007
magloja01,9.4,0.2,200611280POR-POR,200611280POR-IND,POR-2007,0,2007,1.8800000000000001,19.400499999999997,magloja01-2007
rodrise01,8.15,3.3,200611280POR-POR,200611280POR-IND,POR-2007,0,2007,26.895,19.400499999999997,rodrise01-2007
jackja01,37.28333333333333,1.7,200612010POR-POR,200612010POR-ORL,POR-2007,0,2007,63.38166666666666,34.29683333333333,jackja01-2007
randoza01,36.666666666666664,7,200612010POR-POR,200612010POR-ORL,POR-2007,0,2007,256.66666666666663,34.29683333333333,randoza01-2007
outlatr01,27.9,7.5,200612010POR-POR,200612010POR-ORL,POR-2007,0,2007,209.25,34.29683333333333,outlatr01-2007
aldrila01,25.85,1.3,200612010POR-POR,200612010POR-ORL,POR-2007,0,2007,33.605000000000004,34.29683333333333,aldrila01-2007
udokaim01,22.933333333333334,-0.5,200612010POR-POR,200612010POR-ORL,POR-2007,0,2007,-11.466666666666667,34.29683333333333,udokaim01-2007
dixonju01,20.816666666666666,-7.6,200612010POR-POR,200612010POR-ORL,POR-2007,0,2007,-158.20666666666665,34.29683333333333,dixonju01-2007
webstma02,17.85,-1.7,200612010POR-POR,200612010POR-ORL,POR-2007,0,2007,-30.345000000000002,34.29683333333333,webstma02-2007
rodrise01,17.616666666666667,-1.8,200612010POR-POR,200612010POR-ORL,POR-2007,0,2007,-31.71,34.29683333333333,rodrise01-2007
przybjo01,16.633333333333333,1.6,200612010POR-POR,200612010POR-ORL,POR-2007,0,2007,26.613333333333333,34.29683333333333,przybjo01-2007
magloja01,16.466666666666665,-0.9,200612010POR-POR,200612010POR-ORL,POR-2007,0,2007,-14.819999999999999,34.29683333333333,magloja01-2007
webstma02,34.2,1.2,200612030POR-POR,200612030POR-ATL,POR-2007,0,2007,41.04,-3.3473333333333315,webstma02-2007
randoza01,32.56666666666667,-0.8,200612030POR-POR,200612030POR-ATL,POR-2007,0,2007,-26.053333333333338,-3.3473333333333315,randoza01-2007
jackja01,28.45,-4.6,200612030POR-POR,200612030POR-ATL,POR-2007,0,2007,-130.86999999999998,-3.3473333333333315,jackja01-2007
aldrila01,27.6,0.3,200612030POR-POR,200612030POR-ATL,POR-2007,0,2007,8.28,-3.3473333333333315,aldrila01-2007
rodrise01,25.7,5.1,200612030POR-POR,200612030POR-ATL,POR-2007,0,2007,131.07,-3.3473333333333315,rodrise01-2007
udokaim01,25.483333333333334,1.6,200612030POR-POR,200612030POR-ATL,POR-2007,0,2007,40.77333333333334,-3.3473333333333315,udokaim01-2007
outlatr01,23.833333333333332,-2.4,200612030POR-POR,200612030POR-ATL,POR-2007,0,2007,-57.199999999999996,-3.3473333333333315,outlatr01-2007
dixonju01,18.6,-1.1,200612030POR-POR,200612030POR-ATL,POR-2007,0,2007,-20.460000000000004,-3.3473333333333315,dixonju01-2007
magloja01,14.866666666666667,-1.7,200612030POR-POR,200612030POR-ATL,POR-2007,0,2007,-25.273333333333333,-3.3473333333333315,magloja01-2007
przybjo01,8.7,0.6,200612030POR-POR,200612030POR-ATL,POR-2007,0,2007,5.22,-3.3473333333333315,przybjo01-2007
hamilri01,41.31666666666667,1.5,200612050DET-DET,200612050DET-POR,DET-2007,0,2007,61.97500000000001,12.530740740740741,hamilri01-2007
billuch01,40.4,5.7,200612050DET-DET,200612050DET-POR,DET-2007,0,2007,230.28,12.530740740740741,billuch01-2007
princta01,40.11666666666667,-7.1,200612050DET-DET,200612050DET-POR,DET-2007,0,2007,-284.8283333333333,12.530740740740741,princta01-2007
wallara01,39.083333333333336,-0.7,200612050DET-DET,200612050DET-POR,DET-2007,0,2007,-27.358333333333334,12.530740740740741,wallara01-2007
murraro01,25.016666666666666,1.9,200612050DET-DET,200612050DET-POR,DET-2007,0,2007,47.53166666666666,12.530740740740741,murraro01-2007
mohamna01,20.1,-0.3,200612050DET-DET,200612050DET-POR,DET-2007,0,2007,-6.03,12.530740740740741,mohamna01-2007
mcdyean01,17.7,3.2,200612050DET-DET,200612050DET-POR,DET-2007,0,2007,56.64,12.530740740740741,mcdyean01-2007
delfica01,9.15,2.3,200612050DET-DET,200612050DET-POR,DET-2007,0,2007,21.044999999999998,12.530740740740741,delfica01-2007
davisda01,7.116666666666666,1.9,200612050DET-DET,200612050DET-POR,DET-2007,0,2007,13.521666666666665,12.530740740740741,davisda01-2007
patteru01,45.016666666666666,5.1,200612060MIL-MIL,200612060MIL-POR,MIL-2007,1,2007,229.58499999999998,85.49708333333334,patteru01-2007
bellch01,44.35,-2,200612060MIL-MIL,200612060MIL-POR,MIL-2007,1,2007,-88.7,85.49708333333334,bellch01-2007
reddmi01,43.21666666666667,10.6,200612060MIL-MIL,200612060MIL-POR,MIL-2007,1,2007,458.0966666666667,85.49708333333334,reddmi01-2007
willima01,42.38333333333333,6,200612060MIL-MIL,200612060MIL-POR,MIL-2007,1,2007,254.3,85.49708333333334,willima01-2007
bogutan01,39.2,-1.2,200612060MIL-MIL,200612060MIL-POR,MIL-2007,1,2007,-47.04,85.49708333333334,bogutan01-2007
blakest01,24.683333333333334,-1.7,200612060MIL-MIL,200612060MIL-POR,MIL-2007,1,2007,-41.961666666666666,85.49708333333334,blakest01-2007
gadzuda01,17.483333333333334,-3.8,200612060MIL-MIL,200612060MIL-POR,MIL-2007,1,2007,-66.43666666666667,85.49708333333334,gadzuda01-2007
ilyaser01,8.666666666666666,-1.6,200612060MIL-MIL,200612060MIL-POR,MIL-2007,1,2007,-13.866666666666667,85.49708333333334,ilyaser01-2007
harrial01,38.583333333333336,-3.3,200612080IND-IND,200612080IND-POR,IND-2007,1,2007,-127.325,45.622727272727275,harrial01-2007
tinslja01,37.2,6.8,200612080IND-IND,200612080IND-POR,IND-2007,1,2007,252.96,45.622727272727275,tinslja01-2007
jacksst02,37.06666666666667,6.2,200612080IND-IND,200612080IND-POR,IND-2007,1,2007,229.81333333333336,45.622727272727275,jacksst02-2007
fosteje01,31.25,-3,200612080IND-IND,200612080IND-POR,IND-2007,1,2007,-93.75,45.622727272727275,fosteje01-2007
grangda01,29.866666666666667,7,200612080IND-IND,200612080IND-POR,IND-2007,1,2007,209.06666666666666,45.622727272727275,grangda01-2007
jasiksa01,25.083333333333332,-3.1,200612080IND-IND,200612080IND-POR,IND-2007,1,2007,-77.75833333333333,45.622727272727275,jasiksa01-2007
bastoma01,20.333333333333332,6.2,200612080IND-IND,200612080IND-POR,IND-2007,1,2007,126.06666666666666,45.622727272727275,bastoma01-2007
armstda01,8.65,0.6,200612080IND-IND,200612080IND-POR,IND-2007,1,2007,5.19,45.622727272727275,armstda01-2007
harrida01,5.916666666666667,-1.8,200612080IND-IND,200612080IND-POR,IND-2007,1,2007,-10.65,45.622727272727275,harrida01-2007
daniema01,4.883333333333333,-2.6,200612080IND-IND,200612080IND-POR,IND-2007,1,2007,-12.696666666666665,45.622727272727275,daniema01-2007
greenor01,1.1666666666666667,0.8,200612080IND-IND,200612080IND-POR,IND-2007,1,2007,0.9333333333333335,45.622727272727275,greenor01-2007
garbajo01,41.36666666666667,-0.4,200612100TOR-TOR,200612100TOR-POR,TOR-2007,0,2007,-16.546666666666667,19.739027777777785,garbajo01-2007
fordtj01,35.083333333333336,2.6,200612100TOR-TOR,200612100TOR-POR,TOR-2007,0,2007,91.21666666666668,19.739027777777785,fordtj01-2007
petermo01,30.533333333333335,10.3,200612100TOR-TOR,200612100TOR-POR,TOR-2007,0,2007,314.4933333333334,19.739027777777785,petermo01-2007
jonesfr01,28.433333333333334,2.9,200612100TOR-TOR,200612100TOR-POR,TOR-2007,0,2007,82.45666666666666,19.739027777777785,jonesfr01-2007
bargnan01,27.083333333333332,-6,200612100TOR-TOR,200612100TOR-POR,TOR-2007,0,2007,-162.5,19.739027777777785,bargnan01-2007
parkean01,26.8,3.5,200612100TOR-TOR,200612100TOR-POR,TOR-2007,0,2007,93.8,19.739027777777785,parkean01-2007
caldejo01,12.916666666666666,-4.4,200612100TOR-TOR,200612100TOR-POR,TOR-2007,0,2007,-56.833333333333336,19.739027777777785,caldejo01-2007
nestera01,11.9,-4.8,200612100TOR-TOR,200612100TOR-POR,TOR-2007,0,2007,-57.12,19.739027777777785,nestera01-2007
grahajo01,11.333333333333334,-3.8,200612100TOR-TOR,200612100TOR-POR,TOR-2007,0,2007,-43.06666666666667,19.739027777777785,grahajo01-2007
humphkr01,8.483333333333333,-1.2,200612100TOR-TOR,200612100TOR-POR,TOR-2007,0,2007,-10.179999999999998,19.739027777777785,humphkr01-2007
tuckepj01,4.15,0.6,200612100TOR-TOR,200612100TOR-POR,TOR-2007,0,2007,2.49,19.739027777777785,tuckepj01-2007
slokaur01,1.9166666666666665,-0.7,200612100TOR-TOR,200612100TOR-POR,TOR-2007,0,2007,-1.3416666666666666,19.739027777777785,slokaur01-2007
iguodan01,43.36666666666667,7.8,200612110PHI-PHI,200612110PHI-POR,PHI-2007,0,2007,338.26,38.431333333333335,iguodan01-2007
webbech01,39,6.9,200612110PHI-PHI,200612110PHI-POR,PHI-2007,0,2007,269.1,38.431333333333335,webbech01-2007
korveky01,37.916666666666664,1.8,200612110PHI-PHI,200612110PHI-POR,PHI-2007,0,2007,68.25,38.431333333333335,korveky01-2007
dalemsa01,25.816666666666666,-4.8,200612110PHI-PHI,200612110PHI-POR,PHI-2007,0,2007,-123.91999999999999,38.431333333333335,dalemsa01-2007
ollieke01,24.8,-0.8,200612110PHI-PHI,200612110PHI-POR,PHI-2007,0,2007,-19.840000000000003,38.431333333333335,ollieke01-2007
greenwi01,19.433333333333334,-5.7,200612110PHI-PHI,200612110PHI-POR,PHI-2007,0,2007,-110.77000000000001,38.431333333333335,greenwi01-2007
carnero01,15.3,-4.3,200612110PHI-PHI,200612110PHI-POR,PHI-2007,0,2007,-65.79,38.431333333333335,carnero01-2007
huntest01,14.366666666666667,1.3,200612110PHI-PHI,200612110PHI-POR,PHI-2007,0,2007,18.67666666666667,38.431333333333335,huntest01-2007
hendeal01,10.366666666666667,3.6,200612110PHI-PHI,200612110PHI-POR,PHI-2007,0,2007,37.32,38.431333333333335,hendeal01-2007
willilo02,9.633333333333333,-2.8,200612110PHI-PHI,200612110PHI-POR,PHI-2007,0,2007,-26.97333333333333,38.431333333333335,willilo02-2007
millemi01,39.333333333333336,4.3,200612130MEM-MEM,200612130MEM-POR,MEM-2007,0,2007,169.13333333333333,18.40590909090909,millemi01-2007
stoudda01,35.68333333333333,1.9,200612130MEM-MEM,200612130MEM-POR,MEM-2007,0,2007,67.79833333333332,18.40590909090909,stoudda01-2007
swiftst01,30.666666666666668,-0.2,200612130MEM-MEM,200612130MEM-POR,MEM-2007,0,2007,-6.133333333333334,18.40590909090909,swiftst01-2007
atkinch01,27.816666666666666,6.3,200612130MEM-MEM,200612130MEM-POR,MEM-2007,0,2007,175.245,18.40590909090909,atkinch01-2007
gayru01,25.3,-1.3,200612130MEM-MEM,200612130MEM-POR,MEM-2007,0,2007,-32.89,18.40590909090909,gayru01-2007
jonesda02,20.166666666666668,-2.9,200612130MEM-MEM,200612130MEM-POR,MEM-2007,0,2007,-58.483333333333334,18.40590909090909,jonesda02-2007
warriha01,19.283333333333335,-4.1,200612130MEM-MEM,200612130MEM-POR,MEM-2007,0,2007,-79.06166666666667,18.40590909090909,warriha01-2007
johnsal01,18.85,1.4,200612130MEM-MEM,200612130MEM-POR,MEM-2007,0,2007,26.39,18.40590909090909,johnsal01-2007
tsakaja01,9.816666666666666,-3.8,200612130MEM-MEM,200612130MEM-POR,MEM-2007,0,2007,-37.30333333333333,18.40590909090909,tsakaja01-2007
cardibr01,6.75,-1.6,200612130MEM-MEM,200612130MEM-POR,MEM-2007,0,2007,-10.8,18.40590909090909,cardibr01-2007
jonesed02,6.35,-1.8,200612130MEM-MEM,200612130MEM-POR,MEM-2007,0,2007,-11.43,18.40590909090909,jonesed02-2007
randoza01,36.36666666666667,4.2,200612150POR-POR,200612150POR-LAC,POR-2007,1,2007,152.74,51.20766666666667,randoza01-2007
jackja01,35.56666666666667,3,200612150POR-POR,200612150POR-LAC,POR-2007,1,2007,106.70000000000002,51.20766666666667,jackja01-2007
udokaim01,34.71666666666667,4.8,200612150POR-POR,200612150POR-LAC,POR-2007,1,2007,166.64000000000001,51.20766666666667,udokaim01-2007
webstma02,29.133333333333333,3.1,200612150POR-POR,200612150POR-LAC,POR-2007,1,2007,90.31333333333333,51.20766666666667,webstma02-2007
dixonju01,25.783333333333335,1.2,200612150POR-POR,200612150POR-LAC,POR-2007,1,2007,30.94,51.20766666666667,dixonju01-2007
magloja01,22,-3.8,200612150POR-POR,200612150POR-LAC,POR-2007,1,2007,-83.6,51.20766666666667,magloja01-2007
przybjo01,21.1,-1.1,200612150POR-POR,200612150POR-LAC,POR-2007,1,2007,-23.210000000000004,51.20766666666667,przybjo01-2007
outlatr01,18.966666666666665,1.8,200612150POR-POR,200612150POR-LAC,POR-2007,1,2007,34.14,51.20766666666667,outlatr01-2007
rodrise01,12.433333333333334,3.8,200612150POR-POR,200612150POR-LAC,POR-2007,1,2007,47.24666666666666,51.20766666666667,rodrise01-2007
aldrila01,3.9333333333333336,-2.5,200612150POR-POR,200612150POR-LAC,POR-2007,1,2007,-9.833333333333334,51.20766666666667,aldrila01-2007
jackja01,39.68333333333333,2.3,200612200POR-POR,200612200POR-HOU,POR-2007,1,2007,91.27166666666665,27.79242424242424,jackja01-2007
randoza01,36.36666666666667,1.5,200612200POR-POR,200612200POR-HOU,POR-2007,1,2007,54.55,27.79242424242424,randoza01-2007
przybjo01,24.783333333333335,2.6,200612200POR-POR,200612200POR-HOU,POR-2007,1,2007,64.43666666666667,27.79242424242424,przybjo01-2007
roybr01,23.916666666666668,0.2,200612200POR-POR,200612200POR-HOU,POR-2007,1,2007,4.783333333333334,27.79242424242424,roybr01-2007
udokaim01,23.583333333333332,5.8,200612200POR-POR,200612200POR-HOU,POR-2007,1,2007,136.78333333333333,27.79242424242424,udokaim01-2007
webstma02,23.5,-1.4,200612200POR-POR,200612200POR-HOU,POR-2007,1,2007,-32.9,27.79242424242424,webstma02-2007
outlatr01,22.633333333333333,4.4,200612200POR-POR,200612200POR-HOU,POR-2007,1,2007,99.58666666666667,27.79242424242424,outlatr01-2007
dixonju01,21.783333333333335,-4.2,200612200POR-POR,200612200POR-HOU,POR-2007,1,2007,-91.49000000000001,27.79242424242424,dixonju01-2007
magloja01,20.266666666666666,-1.2,200612200POR-POR,200612200POR-HOU,POR-2007,1,2007,-24.319999999999997,27.79242424242424,magloja01-2007
aldrila01,3.35,0.9,200612200POR-POR,200612200POR-HOU,POR-2007,1,2007,3.015,27.79242424242424,aldrila01-2007
rodrise01,0.08333333333333333,0,200612200POR-POR,200612200POR-HOU,POR-2007,1,2007,0,27.79242424242424,rodrise01-2007
roybr01,40.5,6.3,200612220POR-POR,200612220POR-TOR,POR-2007,0,2007,255.15,31.35333333333333,roybr01-2007
outlatr01,37.166666666666664,6.1,200612220POR-POR,200612220POR-TOR,POR-2007,0,2007,226.71666666666664,31.35333333333333,outlatr01-2007
jackja01,34.71666666666667,-0.2,200612220POR-POR,200612220POR-TOR,POR-2007,0,2007,-6.943333333333334,31.35333333333333,jackja01-2007
magloja01,31.1,-1.3,200612220POR-POR,200612220POR-TOR,POR-2007,0,2007,-40.43,31.35333333333333,magloja01-2007
randoza01,27.366666666666667,2.6,200612220POR-POR,200612220POR-TOR,POR-2007,0,2007,71.15333333333334,31.35333333333333,randoza01-2007
dixonju01,26.866666666666667,0.1,200612220POR-POR,200612220POR-TOR,POR-2007,0,2007,2.686666666666667,31.35333333333333,dixonju01-2007
webstma02,22.6,-2.4,200612220POR-POR,200612220POR-TOR,POR-2007,0,2007,-54.24,31.35333333333333,webstma02-2007
udokaim01,20.983333333333334,-6.7,200612220POR-POR,200612220POR-TOR,POR-2007,0,2007,-140.58833333333334,31.35333333333333,udokaim01-2007
przybjo01,12.783333333333333,1.1,200612220POR-POR,200612220POR-TOR,POR-2007,0,2007,14.061666666666667,31.35333333333333,przybjo01-2007
lafrera01,10.85,1.6,200612220POR-POR,200612220POR-TOR,POR-2007,0,2007,17.36,31.35333333333333,lafrera01-2007
rodrise01,0.06666666666666667,-0.6,200612220POR-POR,200612220POR-TOR,POR-2007,0,2007,-0.04,31.35333333333333,rodrise01-2007
bellra01,37.36666666666667,6.8,200612260PHO-PHO,200612260PHO-POR,PHO-2007,1,2007,254.09333333333333,58.40611111111111,bellra01-2007
diawbo01,33.71666666666667,-1.7,200612260PHO-PHO,200612260PHO-POR,PHO-2007,1,2007,-57.318333333333335,58.40611111111111,diawbo01-2007
mariosh01,29.916666666666668,9.7,200612260PHO-PHO,200612260PHO-POR,PHO-2007,1,2007,290.19166666666666,58.40611111111111,mariosh01-2007
barbole01,27.883333333333333,9,200612260PHO-PHO,200612260PHO-POR,PHO-2007,1,2007,250.95,58.40611111111111,barbole01-2007
nashst01,27.616666666666667,-2.9,200612260PHO-PHO,200612260PHO-POR,PHO-2007,1,2007,-80.08833333333334,58.40611111111111,nashst01-2007
stoudam01,27.183333333333334,-0.9,200612260PHO-PHO,200612260PHO-POR,PHO-2007,1,2007,-24.465,58.40611111111111,stoudam01-2007
thomaku01,18.65,1.3,200612260PHO-PHO,200612260PHO-POR,PHO-2007,1,2007,24.244999999999997,58.40611111111111,thomaku01-2007
jonesju01,18.083333333333332,3.1,200612260PHO-PHO,200612260PHO-POR,PHO-2007,1,2007,56.05833333333333,58.40611111111111,jonesju01-2007
marksse01,7.2,-2,200612260PHO-PHO,200612260PHO-POR,PHO-2007,1,2007,-14.4,58.40611111111111,marksse01-2007
roseja01,5.583333333333333,-1.6,200612260PHO-PHO,200612260PHO-POR,PHO-2007,1,2007,-8.933333333333334,58.40611111111111,roseja01-2007
banksma01,3.4,3.1,200612260PHO-PHO,200612260PHO-POR,PHO-2007,1,2007,10.54,58.40611111111111,banksma01-2007
jonesja02,3.4,0,200612260PHO-PHO,200612260PHO-POR,PHO-2007,1,2007,0,58.40611111111111,jonesja02-2007
jackja01,35.916666666666664,5.8,200612270POR-POR,200612270POR-NOK,POR-2007,1,2007,208.31666666666663,46.19833333333333,jackja01-2007
randoza01,33.7,4.6,200612270POR-POR,200612270POR-NOK,POR-2007,1,2007,155.02,46.19833333333333,randoza01-2007
roybr01,33.016666666666666,-1,200612270POR-POR,200612270POR-NOK,POR-2007,1,2007,-33.016666666666666,46.19833333333333,roybr01-2007
udokaim01,30.033333333333335,4.9,200612270POR-POR,200612270POR-NOK,POR-2007,1,2007,147.16333333333336,46.19833333333333,udokaim01-2007
przybjo01,27.916666666666668,0.2,200612270POR-POR,200612270POR-NOK,POR-2007,1,2007,5.583333333333334,46.19833333333333,przybjo01-2007
outlatr01,20.066666666666666,-1.3,200612270POR-POR,200612270POR-NOK,POR-2007,1,2007,-26.086666666666666,46.19833333333333,outlatr01-2007
dixonju01,17,-2.1,200612270POR-POR,200612270POR-NOK,POR-2007,1,2007,-35.7,46.19833333333333,dixonju01-2007
webstma02,16.416666666666668,2.5,200612270POR-POR,200612270POR-NOK,POR-2007,1,2007,41.04166666666667,46.19833333333333,webstma02-2007
magloja01,13.866666666666667,-2.9,200612270POR-POR,200612270POR-NOK,POR-2007,1,2007,-40.21333333333333,46.19833333333333,magloja01-2007
rodrise01,12.083333333333334,3.3,200612270POR-POR,200612270POR-NOK,POR-2007,1,2007,39.875,46.19833333333333,rodrise01-2007
roybr01,32.56666666666667,-0.2,200612290POR-POR,200612290POR-PHI,POR-2007,0,2007,-6.5133333333333345,10.953333333333333,roybr01-2007
randoza01,31.583333333333332,0.7,200612290POR-POR,200612290POR-PHI,POR-2007,0,2007,22.10833333333333,10.953333333333333,randoza01-2007
udokaim01,26.816666666666666,2.8,200612290POR-POR,200612290POR-PHI,POR-2007,0,2007,75.08666666666666,10.953333333333333,udokaim01-2007
jackja01,26.316666666666666,-4.6,200612290POR-POR,200612290POR-PHI,POR-2007,0,2007,-121.05666666666666,10.953333333333333,jackja01-2007
outlatr01,23.75,-5.7,200612290POR-POR,200612290POR-PHI,POR-2007,0,2007,-135.375,10.953333333333333,outlatr01-2007
przybjo01,21.883333333333333,0.5,200612290POR-POR,200612290POR-PHI,POR-2007,0,2007,10.941666666666666,10.953333333333333,przybjo01-2007
dixonju01,20.8,5.2,200612290POR-POR,200612290POR-PHI,POR-2007,0,2007,108.16000000000001,10.953333333333333,dixonju01-2007
magloja01,20.016666666666666,3.2,200612290POR-POR,200612290POR-PHI,POR-2007,0,2007,64.05333333333333,10.953333333333333,magloja01-2007
rodrise01,16.316666666666666,5.1,200612290POR-POR,200612290POR-PHI,POR-2007,0,2007,83.21499999999999,10.953333333333333,rodrise01-2007
webstma02,15.583333333333334,2.4,200612290POR-POR,200612290POR-PHI,POR-2007,0,2007,37.4,10.953333333333333,webstma02-2007
aldrila01,4.383333333333334,-4,200612290POR-POR,200612290POR-PHI,POR-2007,0,2007,-17.533333333333335,10.953333333333333,aldrila01-2007
willide01,39.5,-1.1,200612300UTA-UTA,200612300UTA-POR,UTA-2007,1,2007,-43.45,46.419500000000006,willide01-2007
boozeca01,36.833333333333336,3.8,200612300UTA-UTA,200612300UTA-POR,UTA-2007,1,2007,139.96666666666667,46.419500000000006,boozeca01-2007
kirilan01,36.2,7.4,200612300UTA-UTA,200612300UTA-POR,UTA-2007,1,2007,267.88000000000005,46.419500000000006,kirilan01-2007
okurme01,31.65,0.6,200612300UTA-UTA,200612300UTA-POR,UTA-2007,1,2007,18.99,46.419500000000006,okurme01-2007
giricgo01,30.566666666666666,-3.2,200612300UTA-UTA,200612300UTA-POR,UTA-2007,1,2007,-97.81333333333333,46.419500000000006,giricgo01-2007
fishede01,17.433333333333334,4.7,200612300UTA-UTA,200612300UTA-POR,UTA-2007,1,2007,81.93666666666667,46.419500000000006,fishede01-2007
millspa01,14.966666666666667,8.1,200612300UTA-UTA,200612300UTA-POR,UTA-2007,1,2007,121.22999999999999,46.419500000000006,millspa01-2007
collija03,12.55,-1.7,200612300UTA-UTA,200612300UTA-POR,UTA-2007,1,2007,-21.335,46.419500000000006,collija03-2007
harprma01,11.8,-0.2,200612300UTA-UTA,200612300UTA-POR,UTA-2007,1,2007,-2.3600000000000003,46.419500000000006,harprma01-2007
brownde03,8.5,-0.1,200612300UTA-UTA,200612300UTA-POR,UTA-2007,1,2007,-0.8500000000000001,46.419500000000006,brownde03-2007
roybr01,34.583333333333336,2.8,200701010POR-POR,200701010POR-BOS,POR-2007,0,2007,96.83333333333333,-3.99783333333333,roybr01-2007
udokaim01,33.083333333333336,3.3,200701010POR-POR,200701010POR-BOS,POR-2007,0,2007,109.175,-3.99783333333333,udokaim01-2007
randoza01,30.4,-4.5,200701010POR-POR,200701010POR-BOS,POR-2007,0,2007,-136.79999999999998,-3.99783333333333,randoza01-2007
jackja01,28.033333333333335,-3,200701010POR-POR,200701010POR-BOS,POR-2007,0,2007,-84.10000000000001,-3.99783333333333,jackja01-2007
magloja01,27.75,-0.5,200701010POR-POR,200701010POR-BOS,POR-2007,0,2007,-13.875,-3.99783333333333,magloja01-2007
dixonju01,26.683333333333334,-5.1,200701010POR-POR,200701010POR-BOS,POR-2007,0,2007,-136.08499999999998,-3.99783333333333,dixonju01-2007
webstma02,19.783333333333335,5.4,200701010POR-POR,200701010POR-BOS,POR-2007,0,2007,106.83000000000001,-3.99783333333333,webstma02-2007
outlatr01,16.816666666666666,-2.2,200701010POR-POR,200701010POR-BOS,POR-2007,0,2007,-36.99666666666667,-3.99783333333333,outlatr01-2007
przybjo01,16.166666666666668,2.7,200701010POR-POR,200701010POR-BOS,POR-2007,0,2007,43.650000000000006,-3.99783333333333,przybjo01-2007
rodrise01,6.7,1.7,200701010POR-POR,200701010POR-BOS,POR-2007,0,2007,11.39,-3.99783333333333,rodrise01-2007
roybr01,33.016666666666666,-0.4,200701030POR-POR,200701030POR-NYK,POR-2007,0,2007,-13.206666666666667,-9.242777777777778,roybr01-2007
jackja01,30.15,1.1,200701030POR-POR,200701030POR-NYK,POR-2007,0,2007,33.165,-9.242777777777778,jackja01-2007
udokaim01,29.433333333333334,-0.5,200701030POR-POR,200701030POR-NYK,POR-2007,0,2007,-14.716666666666667,-9.242777777777778,udokaim01-2007
randoza01,26.55,1.4,200701030POR-POR,200701030POR-NYK,POR-2007,0,2007,37.17,-9.242777777777778,randoza01-2007
webstma02,21.983333333333334,-4.5,200701030POR-POR,200701030POR-NYK,POR-2007,0,2007,-98.92500000000001,-9.242777777777778,webstma02-2007
magloja01,21.466666666666665,0.5,200701030POR-POR,200701030POR-NYK,POR-2007,0,2007,10.733333333333333,-9.242777777777778,magloja01-2007
przybjo01,17.416666666666668,-0.3,200701030POR-POR,200701030POR-NYK,POR-2007,0,2007,-5.2250000000000005,-9.242777777777778,przybjo01-2007
dixonju01,14.5,-3.2,200701030POR-POR,200701030POR-NYK,POR-2007,0,2007,-46.400000000000006,-9.242777777777778,dixonju01-2007
rodrise01,13.866666666666667,-2.6,200701030POR-POR,200701030POR-NYK,POR-2007,0,2007,-36.053333333333335,-9.242777777777778,rodrise01-2007
lafrera01,12.666666666666666,0.6,200701030POR-POR,200701030POR-NYK,POR-2007,0,2007,7.6,-9.242777777777778,lafrera01-2007
outlatr01,9.833333333333334,0.5,200701030POR-POR,200701030POR-NYK,POR-2007,0,2007,4.916666666666667,-9.242777777777778,outlatr01-2007
aldrila01,9.116666666666667,1.1,200701030POR-POR,200701030POR-NYK,POR-2007,0,2007,10.028333333333334,-9.242777777777778,aldrila01-2007
artesro01,45.38333333333333,7,200701060SAC-SAC,200701060SAC-POR,SAC-2007,0,2007,317.68333333333334,29.99893939393939,artesro01-2007
bibbymi01,44.166666666666664,3.1,200701060SAC-SAC,200701060SAC-POR,SAC-2007,0,2007,136.91666666666666,29.99893939393939,bibbymi01-2007
martike02,41.733333333333334,1.1,200701060SAC-SAC,200701060SAC-POR,SAC-2007,0,2007,45.90666666666667,29.99893939393939,martike02-2007
salmojo01,31.033333333333335,1.1,200701060SAC-SAC,200701060SAC-POR,SAC-2007,0,2007,34.13666666666667,29.99893939393939,salmojo01-2007
abdursh01,29.483333333333334,-5,200701060SAC-SAC,200701060SAC-POR,SAC-2007,0,2007,-147.41666666666669,29.99893939393939,abdursh01-2007
thomake01,22.25,-2.6,200701060SAC-SAC,200701060SAC-POR,SAC-2007,0,2007,-57.85,29.99893939393939,thomake01-2007
willico02,21.883333333333333,0.1,200701060SAC-SAC,200701060SAC-POR,SAC-2007,0,2007,2.1883333333333335,29.99893939393939,willico02-2007
tayloma01,13.116666666666667,0.2,200701060SAC-SAC,200701060SAC-POR,SAC-2007,0,2007,2.6233333333333335,29.99893939393939,tayloma01-2007
millebr01,9.466666666666667,-1.2,200701060SAC-SAC,200701060SAC-POR,SAC-2007,0,2007,-11.36,29.99893939393939,millebr01-2007
doubyqu01,5.966666666666667,1.2,200701060SAC-SAC,200701060SAC-POR,SAC-2007,0,2007,7.16,29.99893939393939,doubyqu01-2007
garcifr01,0.5166666666666667,0,200701060SAC-SAC,200701060SAC-POR,SAC-2007,0,2007,0,29.99893939393939,garcifr01-2007
jackja01,37.38333333333333,-0.8,200701070POR-POR,200701070POR-MIA,POR-2007,0,2007,-29.906666666666666,13.591333333333335,jackja01-2007
roybr01,31.783333333333335,2.5,200701070POR-POR,200701070POR-MIA,POR-2007,0,2007,79.45833333333334,13.591333333333335,roybr01-2007
aldrila01,31.566666666666666,-1.8,200701070POR-POR,200701070POR-MIA,POR-2007,0,2007,-56.82,13.591333333333335,aldrila01-2007
udokaim01,31.3,1.1,200701070POR-POR,200701070POR-MIA,POR-2007,0,2007,34.43000000000001,13.591333333333335,udokaim01-2007
randoza01,26.833333333333332,1,200701070POR-POR,200701070POR-MIA,POR-2007,0,2007,26.833333333333332,13.591333333333335,randoza01-2007
magloja01,23.75,-2.5,200701070POR-POR,200701070POR-MIA,POR-2007,0,2007,-59.375,13.591333333333335,magloja01-2007
webstma02,20.166666666666668,5.2,200701070POR-POR,200701070POR-MIA,POR-2007,0,2007,104.86666666666667,13.591333333333335,webstma02-2007
dixonju01,13.866666666666667,5.5,200701070POR-POR,200701070POR-MIA,POR-2007,0,2007,76.26666666666667,13.591333333333335,dixonju01-2007
przybjo01,13.466666666666667,-0.9,200701070POR-POR,200701070POR-MIA,POR-2007,0,2007,-12.120000000000001,13.591333333333335,przybjo01-2007
rodrise01,9.9,-2.8,200701070POR-POR,200701070POR-MIA,POR-2007,0,2007,-27.72,13.591333333333335,rodrise01-2007
bowenbr01,36.05,6,200701090SAS-SAS,200701090SAS-POR,SAS-2007,1,2007,216.29999999999998,63.552424242424244,bowenbr01-2007
duncati01,33.65,8.1,200701090SAS-SAS,200701090SAS-POR,SAS-2007,1,2007,272.565,63.552424242424244,duncati01-2007
bonnema01,27.1,-4.2,200701090SAS-SAS,200701090SAS-POR,SAS-2007,1,2007,-113.82000000000001,63.552424242424244,bonnema01-2007
barrybr01,25.766666666666666,2.7,200701090SAS-SAS,200701090SAS-POR,SAS-2007,1,2007,69.57000000000001,63.552424242424244,barrybr01-2007
udrihbe01,23.883333333333333,2.8,200701090SAS-SAS,200701090SAS-POR,SAS-2007,1,2007,66.87333333333333,63.552424242424244,udrihbe01-2007
ginobma01,23.3,2.2,200701090SAS-SAS,200701090SAS-POR,SAS-2007,1,2007,51.260000000000005,63.552424242424244,ginobma01-2007
obertfa01,22.483333333333334,1.5,200701090SAS-SAS,200701090SAS-POR,SAS-2007,1,2007,33.725,63.552424242424244,obertfa01-2007
parketo01,21.2,4.6,200701090SAS-SAS,200701090SAS-POR,SAS-2007,1,2007,97.52,63.552424242424244,parketo01-2007
finlemi01,19.733333333333334,0.5,200701090SAS-SAS,200701090SAS-POR,SAS-2007,1,2007,9.866666666666667,63.552424242424244,finlemi01-2007
vaughja01,3.4166666666666665,-0.7,200701090SAS-SAS,200701090SAS-POR,SAS-2007,1,2007,-2.3916666666666666,63.552424242424244,vaughja01-2007
willier01,3.4166666666666665,-0.7,200701090SAS-SAS,200701090SAS-POR,SAS-2007,1,2007,-2.3916666666666666,63.552424242424244,willier01-2007
terryja01,33.333333333333336,6.9,200701100DAL-DAL,200701100DAL-POR,DAL-2007,1,2007,230.00000000000003,75.40819444444445,terryja01-2007
dampier01,32,6,200701100DAL-DAL,200701100DAL-POR,DAL-2007,1,2007,192,75.40819444444445,dampier01-2007
howarjo01,26.85,4.9,200701100DAL-DAL,200701100DAL-POR,DAL-2007,1,2007,131.56500000000003,75.40819444444445,howarjo01-2007
nowitdi01,25.65,5.6,200701100DAL-DAL,200701100DAL-POR,DAL-2007,1,2007,143.64,75.40819444444445,nowitdi01-2007
harride01,24.183333333333334,8.3,200701100DAL-DAL,200701100DAL-POR,DAL-2007,1,2007,200.7216666666667,75.40819444444445,harride01-2007
croshau01,20.416666666666668,8.1,200701100DAL-DAL,200701100DAL-POR,DAL-2007,1,2007,165.375,75.40819444444445,croshau01-2007
johnsan02,17.083333333333332,-1.4,200701100DAL-DAL,200701100DAL-POR,DAL-2007,1,2007,-23.916666666666664,75.40819444444445,johnsan02-2007
buckngr01,16.966666666666665,1.3,200701100DAL-DAL,200701100DAL-POR,DAL-2007,1,2007,22.056666666666665,75.40819444444445,buckngr01-2007
georgde01,16.383333333333333,-7.1,200701100DAL-DAL,200701100DAL-POR,DAL-2007,1,2007,-116.32166666666666,75.40819444444445,georgde01-2007
diopde01,12.883333333333333,-0.1,200701100DAL-DAL,200701100DAL-POR,DAL-2007,1,2007,-1.2883333333333333,75.40819444444445,diopde01-2007
stackje01,11.133333333333333,-3.3,200701100DAL-DAL,200701100DAL-POR,DAL-2007,1,2007,-36.739999999999995,75.40819444444445,stackje01-2007
mbengdj01,3.1333333333333333,-0.7,200701100DAL-DAL,200701100DAL-POR,DAL-2007,1,2007,-2.1933333333333334,75.40819444444445,mbengdj01-2007
randoza01,42.45,3.6,200701120POR-POR,200701120POR-SAC,POR-2007,1,2007,152.82000000000002,61.73433333333334,randoza01-2007
udokaim01,37.21666666666667,7.5,200701120POR-POR,200701120POR-SAC,POR-2007,1,2007,279.125,61.73433333333334,udokaim01-2007
roybr01,30.033333333333335,4.4,200701120POR-POR,200701120POR-SAC,POR-2007,1,2007,132.14666666666668,61.73433333333334,roybr01-2007
dixonju01,25.45,6.9,200701120POR-POR,200701120POR-SAC,POR-2007,1,2007,175.60500000000002,61.73433333333334,dixonju01-2007
aldrila01,23.466666666666665,-2.2,200701120POR-POR,200701120POR-SAC,POR-2007,1,2007,-51.626666666666665,61.73433333333334,aldrila01-2007
dickada01,23.316666666666666,1.2,200701120POR-POR,200701120POR-SAC,POR-2007,1,2007,27.98,61.73433333333334,dickada01-2007
rodrise01,17.35,0.6,200701120POR-POR,200701120POR-SAC,POR-2007,1,2007,10.41,61.73433333333334,rodrise01-2007
przybjo01,15.95,-1,200701120POR-POR,200701120POR-SAC,POR-2007,1,2007,-15.95,61.73433333333334,przybjo01-2007
magloja01,13.533333333333333,-2.9,200701120POR-POR,200701120POR-SAC,POR-2007,1,2007,-39.24666666666666,61.73433333333334,magloja01-2007
webstma02,11.233333333333333,-4.8,200701120POR-POR,200701120POR-SAC,POR-2007,1,2007,-53.919999999999995,61.73433333333334,webstma02-2007
webstma02,32.15,5.7,200701140POR-POR,200701140POR-DEN,POR-2007,0,2007,183.255,19.876818181818173,webstma02-2007
dixonju01,31.333333333333332,3.8,200701140POR-POR,200701140POR-DEN,POR-2007,0,2007,119.06666666666666,19.876818181818173,dixonju01-2007
rodrise01,30.466666666666665,11.2,200701140POR-POR,200701140POR-DEN,POR-2007,0,2007,341.22666666666663,19.876818181818173,rodrise01-2007
magloja01,25.866666666666667,1.5,200701140POR-POR,200701140POR-DEN,POR-2007,0,2007,38.8,19.876818181818173,magloja01-2007
roybr01,24.366666666666667,-0.6,200701140POR-POR,200701140POR-DEN,POR-2007,0,2007,-14.62,19.876818181818173,roybr01-2007
randoza01,22.6,-11.1,200701140POR-POR,200701140POR-DEN,POR-2007,0,2007,-250.86,19.876818181818173,randoza01-2007
lafrera01,22.35,-2.6,200701140POR-POR,200701140POR-DEN,POR-2007,0,2007,-58.11000000000001,19.876818181818173,lafrera01-2007
udokaim01,13.916666666666666,1.3,200701140POR-POR,200701140POR-DEN,POR-2007,0,2007,18.091666666666665,19.876818181818173,udokaim01-2007
aldrila01,13.766666666666667,-5.2,200701140POR-POR,200701140POR-DEN,POR-2007,0,2007,-71.58666666666667,19.876818181818173,aldrila01-2007
dickada01,11.766666666666667,-6.1,200701140POR-POR,200701140POR-DEN,POR-2007,0,2007,-71.77666666666667,19.876818181818173,dickada01-2007
przybjo01,11.416666666666666,-1.3,200701140POR-POR,200701140POR-DEN,POR-2007,0,2007,-14.841666666666667,19.876818181818173,przybjo01-2007
randoza01,38.25,0.8,200701170POR-POR,200701170POR-CLE,POR-2007,1,2007,30.6,70.1985,randoza01-2007
udokaim01,34.983333333333334,2.4,200701170POR-POR,200701170POR-CLE,POR-2007,1,2007,83.96,70.1985,udokaim01-2007
roybr01,30.9,15.4,200701170POR-POR,200701170POR-CLE,POR-2007,1,2007,475.86,70.1985,roybr01-2007
dixonju01,24.55,0.2,200701170POR-POR,200701170POR-CLE,POR-2007,1,2007,4.91,70.1985,dixonju01-2007
rodrise01,23.433333333333334,2.9,200701170POR-POR,200701170POR-CLE,POR-2007,1,2007,67.95666666666666,70.1985,rodrise01-2007
aldrila01,23.116666666666667,5.2,200701170POR-POR,200701170POR-CLE,POR-2007,1,2007,120.20666666666668,70.1985,aldrila01-2007
magloja01,18.783333333333335,-5.2,200701170POR-POR,200701170POR-CLE,POR-2007,1,2007,-97.67333333333335,70.1985,magloja01-2007
dickada01,16.383333333333333,5.7,200701170POR-POR,200701170POR-CLE,POR-2007,1,2007,93.385,70.1985,dickada01-2007
przybjo01,15.85,0.6,200701170POR-POR,200701170POR-CLE,POR-2007,1,2007,9.51,70.1985,przybjo01-2007
webstma02,13.766666666666667,-6.3,200701170POR-POR,200701170POR-CLE,POR-2007,1,2007,-86.73,70.1985,webstma02-2007
mariosh01,39.45,1.7,200701190PHO-PHO,200701190PHO-POR,PHO-2007,1,2007,67.065,74.499375,mariosh01-2007
bellra01,37.766666666666666,0,200701190PHO-PHO,200701190PHO-POR,PHO-2007,1,2007,0,74.499375,bellra01-2007
stoudam01,36.3,0,200701190PHO-PHO,200701190PHO-POR,PHO-2007,1,2007,0,74.499375,stoudam01-2007
nashst01,35.666666666666664,7.8,200701190PHO-PHO,200701190PHO-POR,PHO-2007,1,2007,278.2,74.499375,nashst01-2007
diawbo01,35.65,2.8,200701190PHO-PHO,200701190PHO-POR,PHO-2007,1,2007,99.82,74.499375,diawbo01-2007
barbole01,30.283333333333335,2,200701190PHO-PHO,200701190PHO-POR,PHO-2007,1,2007,60.56666666666667,74.499375,barbole01-2007
jonesja02,20.416666666666668,4.6,200701190PHO-PHO,200701190PHO-POR,PHO-2007,1,2007,93.91666666666667,74.499375,jonesja02-2007
jonesju01,4.466666666666667,-0.8,200701190PHO-PHO,200701190PHO-POR,PHO-2007,1,2007,-3.5733333333333337,74.499375,jonesju01-2007
roybr01,38.96666666666667,9.4,200701210POR-POR,200701210POR-MIL,POR-2007,1,2007,366.2866666666667,29.888333333333335,roybr01-2007
jackja01,38.31666666666667,2.3,200701210POR-POR,200701210POR-MIL,POR-2007,1,2007,88.12833333333333,29.888333333333335,jackja01-2007
randoza01,37.1,-4.8,200701210POR-POR,200701210POR-MIL,POR-2007,1,2007,-178.08,29.888333333333335,randoza01-2007
webstma02,25.166666666666668,4.9,200701210POR-POR,200701210POR-MIL,POR-2007,1,2007,123.31666666666668,29.888333333333335,webstma02-2007
udokaim01,19.433333333333334,-1.3,200701210POR-POR,200701210POR-MIL,POR-2007,1,2007,-25.263333333333335,29.888333333333335,udokaim01-2007
magloja01,17.116666666666667,-0.1,200701210POR-POR,200701210POR-MIL,POR-2007,1,2007,-1.711666666666667,29.888333333333335,magloja01-2007
lafrera01,16,-0.8,200701210POR-POR,200701210POR-MIL,POR-2007,1,2007,-12.8,29.888333333333335,lafrera01-2007
aldrila01,13.25,-0.3,200701210POR-POR,200701210POR-MIL,POR-2007,1,2007,-3.9749999999999996,29.888333333333335,aldrila01-2007
rodrise01,12.883333333333333,0.6,200701210POR-POR,200701210POR-MIL,POR-2007,1,2007,7.7299999999999995,29.888333333333335,rodrise01-2007
przybjo01,12.45,-2.8,200701210POR-POR,200701210POR-MIL,POR-2007,1,2007,-34.85999999999999,29.888333333333335,przybjo01-2007
dixonju01,9.316666666666666,0,200701210POR-POR,200701210POR-MIL,POR-2007,1,2007,0,29.888333333333335,dixonju01-2007
randoza01,43.06666666666667,-3.3,200701240POR-POR,200701240POR-MIN,POR-2007,1,2007,-142.12,16.162,randoza01-2007
roybr01,36.88333333333333,0.6,200701240POR-POR,200701240POR-MIN,POR-2007,1,2007,22.13,16.162,roybr01-2007
jackja01,34.13333333333333,-0.1,200701240POR-POR,200701240POR-MIN,POR-2007,1,2007,-3.4133333333333336,16.162,jackja01-2007
webstma02,29.4,4.5,200701240POR-POR,200701240POR-MIN,POR-2007,1,2007,132.29999999999998,16.162,webstma02-2007
aldrila01,25.516666666666666,-1.6,200701240POR-POR,200701240POR-MIN,POR-2007,1,2007,-40.82666666666667,16.162,aldrila01-2007
magloja01,22.733333333333334,-0.1,200701240POR-POR,200701240POR-MIN,POR-2007,1,2007,-2.2733333333333334,16.162,magloja01-2007
udokaim01,22.2,3.8,200701240POR-POR,200701240POR-MIN,POR-2007,1,2007,84.36,16.162,udokaim01-2007
rodrise01,21.283333333333335,6.8,200701240POR-POR,200701240POR-MIN,POR-2007,1,2007,144.7266666666667,16.162,rodrise01-2007
dixonju01,15.316666666666666,-1.7,200701240POR-POR,200701240POR-MIN,POR-2007,1,2007,-26.038333333333334,16.162,dixonju01-2007
przybjo01,14.45,-0.5,200701240POR-POR,200701240POR-MIN,POR-2007,1,2007,-7.225,16.162,przybjo01-2007
alstora01,35.166666666666664,0.3,200701260HOU-HOU,200701260HOU-POR,HOU-2007,1,2007,10.549999999999999,75.3586111111111,alstora01-2007
battish01,32.15,8.1,200701260HOU-HOU,200701260HOU-POR,HOU-2007,1,2007,260.41499999999996,75.3586111111111,battish01-2007
hayesch01,31.8,2.1,200701260HOU-HOU,200701260HOU-POR,HOU-2007,1,2007,66.78,75.3586111111111,hayesch01-2007
mcgratr01,29.666666666666668,11.6,200701260HOU-HOU,200701260HOU-POR,HOU-2007,1,2007,344.1333333333333,75.3586111111111,mcgratr01-2007
mutomdi01,28.4,2.3,200701260HOU-HOU,200701260HOU-POR,HOU-2007,1,2007,65.32,75.3586111111111,mutomdi01-2007
headlu01,24.616666666666667,3.2,200701260HOU-HOU,200701260HOU-POR,HOU-2007,1,2007,78.77333333333334,75.3586111111111,headlu01-2007
wellsbo01,23.916666666666668,4.8,200701260HOU-HOU,200701260HOU-POR,HOU-2007,1,2007,114.8,75.3586111111111,wellsbo01-2007
howarju01,21.033333333333335,-1.3,200701260HOU-HOU,200701260HOU-POR,HOU-2007,1,2007,-27.343333333333337,75.3586111111111,howarju01-2007
lucasjo02,4.166666666666667,-1.1,200701260HOU-HOU,200701260HOU-POR,HOU-2007,1,2007,-4.583333333333334,75.3586111111111,lucasjo02-2007
novakst01,3.4833333333333334,-0.5,200701260HOU-HOU,200701260HOU-POR,HOU-2007,1,2007,-1.7416666666666667,75.3586111111111,novakst01-2007
padgesc01,2.8,1,200701260HOU-HOU,200701260HOU-POR,HOU-2007,1,2007,2.8,75.3586111111111,padgesc01-2007
spanova01,2.8,-2,200701260HOU-HOU,200701260HOU-POR,HOU-2007,1,2007,-5.6,75.3586111111111,spanova01-2007
millemi01,51.86666666666667,3.6,200701270MEM-MEM,200701270MEM-POR,MEM-2007,0,2007,186.72,12.235,millemi01-2007
gasolpa01,49.916666666666664,-4.3,200701270MEM-MEM,200701270MEM-POR,MEM-2007,0,2007,-214.64166666666665,12.235,gasolpa01-2007
atkinch01,38.166666666666664,2.4,200701270MEM-MEM,200701270MEM-POR,MEM-2007,0,2007,91.6,12.235,atkinch01-2007
jonesed02,29.183333333333334,4.8,200701270MEM-MEM,200701270MEM-POR,MEM-2007,0,2007,140.07999999999998,12.235,jonesed02-2007
warriha01,27.583333333333332,-0.3,200701270MEM-MEM,200701270MEM-POR,MEM-2007,0,2007,-8.274999999999999,12.235,warriha01-2007
jonesda02,25.116666666666667,0.5,200701270MEM-MEM,200701270MEM-POR,MEM-2007,0,2007,12.558333333333334,12.235,jonesda02-2007
roberla01,24.583333333333332,-4.4,200701270MEM-MEM,200701270MEM-POR,MEM-2007,0,2007,-108.16666666666667,12.235,roberla01-2007
stoudda01,19.666666666666668,1.9,200701270MEM-MEM,200701270MEM-POR,MEM-2007,0,2007,37.36666666666667,12.235,stoudda01-2007
johnsal01,10.416666666666666,1.7,200701270MEM-MEM,200701270MEM-POR,MEM-2007,0,2007,17.708333333333332,12.235,johnsal01-2007
gayru01,9.85,-0.8,200701270MEM-MEM,200701270MEM-POR,MEM-2007,0,2007,-7.88,12.235,gayru01-2007
tsakaja01,3.5,-0.1,200701270MEM-MEM,200701270MEM-POR,MEM-2007,0,2007,-0.35000000000000003,12.235,tsakaja01-2007
kinseta01,0.16666666666666666,0.6,200701270MEM-MEM,200701270MEM-POR,MEM-2007,0,2007,0.09999999999999999,12.235,kinseta01-2007
chandty01,38.78333333333333,2.8,200701290NOK-NOK,200701290NOK-POR,NOK-2007,1,2007,108.59333333333332,67.95895833333333,chandty01-2007
westda01,37.483333333333334,7.2,200701290NOK-NOK,200701290NOK-POR,NOK-2007,1,2007,269.88,67.95895833333333,westda01-2007
butlera01,35.483333333333334,-0.1,200701290NOK-NOK,200701290NOK-POR,NOK-2007,1,2007,-3.548333333333334,67.95895833333333,butlera01-2007
masonde01,32.75,1.2,200701290NOK-NOK,200701290NOK-POR,NOK-2007,1,2007,39.3,67.95895833333333,masonde01-2007
brownde02,29.916666666666668,4.8,200701290NOK-NOK,200701290NOK-POR,NOK-2007,1,2007,143.6,67.95895833333333,brownde02-2007
jacksbo01,29.55,-1,200701290NOK-NOK,200701290NOK-POR,NOK-2007,1,2007,-29.55,67.95895833333333,jacksbo01-2007
pargoja01,19.45,1.9,200701290NOK-NOK,200701290NOK-POR,NOK-2007,1,2007,36.955,67.95895833333333,pargoja01-2007
johnsli01,16.583333333333332,-1.3,200701290NOK-NOK,200701290NOK-POR,NOK-2007,1,2007,-21.558333333333334,67.95895833333333,johnsli01-2007
udokaim01,39.666666666666664,1.6,200701310POR-POR,200701310POR-DEN,POR-2007,1,2007,63.46666666666667,72.4585,udokaim01-2007
randoza01,38.93333333333333,4.5,200701310POR-POR,200701310POR-DEN,POR-2007,1,2007,175.2,72.4585,randoza01-2007
roybr01,37.3,9.6,200701310POR-POR,200701310POR-DEN,POR-2007,1,2007,358.08,72.4585,roybr01-2007
jackja01,36.5,4.5,200701310POR-POR,200701310POR-DEN,POR-2007,1,2007,164.25,72.4585,jackja01-2007
aldrila01,26.55,1.6,200701310POR-POR,200701310POR-DEN,POR-2007,1,2007,42.480000000000004,72.4585,aldrila01-2007
przybjo01,15.316666666666666,0.5,200701310POR-POR,200701310POR-DEN,POR-2007,1,2007,7.658333333333333,72.4585,przybjo01-2007
magloja01,15.216666666666667,-3.8,200701310POR-POR,200701310POR-DEN,POR-2007,1,2007,-57.82333333333333,72.4585,magloja01-2007
webstma02,11.75,0.1,200701310POR-POR,200701310POR-DEN,POR-2007,1,2007,1.175,72.4585,webstma02-2007
rodrise01,10.033333333333333,-0.8,200701310POR-POR,200701310POR-DEN,POR-2007,1,2007,-8.026666666666667,72.4585,rodrise01-2007
dixonju01,8.75,-2.5,200701310POR-POR,200701310POR-DEN,POR-2007,1,2007,-21.875,72.4585,dixonju01-2007
blakest01,50.15,9.7,200702020DEN-DEN,200702020DEN-POR,DEN-2007,1,2007,486.4549999999999,75.25416666666666,blakest01-2007
anthoca01,45.61666666666667,-3.9,200702020DEN-DEN,200702020DEN-POR,DEN-2007,1,2007,-177.905,75.25416666666666,anthoca01-2007
cambyma01,40.7,5.3,200702020DEN-DEN,200702020DEN-POR,DEN-2007,1,2007,215.71,75.25416666666666,cambyma01-2007
hilarne01,38.45,5.3,200702020DEN-DEN,200702020DEN-POR,DEN-2007,1,2007,203.785,75.25416666666666,hilarne01-2007
smithjr01,27.566666666666666,3.8,200702020DEN-DEN,200702020DEN-POR,DEN-2007,1,2007,104.75333333333333,75.25416666666666,smithjr01-2007
najered01,21.85,-1.3,200702020DEN-DEN,200702020DEN-POR,DEN-2007,1,2007,-28.405,75.25416666666666,najered01-2007
kleizli01,18.533333333333335,-3.2,200702020DEN-DEN,200702020DEN-POR,DEN-2007,1,2007,-59.30666666666667,75.25416666666666,kleizli01-2007
diawaya01,14.266666666666667,1.3,200702020DEN-DEN,200702020DEN-POR,DEN-2007,1,2007,18.546666666666667,75.25416666666666,diawaya01-2007
johnsde03,4.383333333333334,-1.1,200702020DEN-DEN,200702020DEN-POR,DEN-2007,1,2007,-4.821666666666667,75.25416666666666,johnsde03-2007
evansre01,3.4833333333333334,-1.8,200702020DEN-DEN,200702020DEN-POR,DEN-2007,1,2007,-6.2700000000000005,75.25416666666666,evansre01-2007
randoza01,41.93333333333333,2.1,200702030POR-POR,200702030POR-CHI,POR-2007,0,2007,88.06,48.1415,randoza01-2007
jackja01,40.36666666666667,6.8,200702030POR-POR,200702030POR-CHI,POR-2007,0,2007,274.49333333333334,48.1415,jackja01-2007
roybr01,34,6.5,200702030POR-POR,200702030POR-CHI,POR-2007,0,2007,221,48.1415,roybr01-2007
dixonju01,29.4,1.5,200702030POR-POR,200702030POR-CHI,POR-2007,0,2007,44.099999999999994,48.1415,dixonju01-2007
udokaim01,26.533333333333335,-1,200702030POR-POR,200702030POR-CHI,POR-2007,0,2007,-26.533333333333335,48.1415,udokaim01-2007
aldrila01,23.483333333333334,-4.4,200702030POR-POR,200702030POR-CHI,POR-2007,0,2007,-103.32666666666668,48.1415,aldrila01-2007
przybjo01,17.9,1.5,200702030POR-POR,200702030POR-CHI,POR-2007,0,2007,26.849999999999998,48.1415,przybjo01-2007
webstma02,14.816666666666666,-3.3,200702030POR-POR,200702030POR-CHI,POR-2007,0,2007,-48.894999999999996,48.1415,webstma02-2007
magloja01,7.516666666666667,0.7,200702030POR-POR,200702030POR-CHI,POR-2007,0,2007,5.261666666666667,48.1415,magloja01-2007
outlatr01,4.05,0.1,200702030POR-POR,200702030POR-CHI,POR-2007,0,2007,0.405,48.1415,outlatr01-2007
roybr01,49.03333333333333,5.9,200702060POR-POR,200702060POR-PHO,POR-2007,0,2007,289.2966666666667,58.889500000000005,roybr01-2007
randoza01,41.61666666666667,7.8,200702060POR-POR,200702060POR-PHO,POR-2007,0,2007,324.61,58.889500000000005,randoza01-2007
webstma02,35.93333333333333,-4.1,200702060POR-POR,200702060POR-PHO,POR-2007,0,2007,-147.32666666666665,58.889500000000005,webstma02-2007
jackja01,33.56666666666667,2.4,200702060POR-POR,200702060POR-PHO,POR-2007,0,2007,80.56,58.889500000000005,jackja01-2007
udokaim01,29.366666666666667,3,200702060POR-POR,200702060POR-PHO,POR-2007,0,2007,88.1,58.889500000000005,udokaim01-2007
outlatr01,29.333333333333332,2.4,200702060POR-POR,200702060POR-PHO,POR-2007,0,2007,70.39999999999999,58.889500000000005,outlatr01-2007
aldrila01,16.333333333333332,-2.9,200702060POR-POR,200702060POR-PHO,POR-2007,0,2007,-47.36666666666666,58.889500000000005,aldrila01-2007
magloja01,12.483333333333333,-0.7,200702060POR-POR,200702060POR-PHO,POR-2007,0,2007,-8.738333333333332,58.889500000000005,magloja01-2007
dixonju01,11.066666666666666,-4.8,200702060POR-POR,200702060POR-PHO,POR-2007,0,2007,-53.12,58.889500000000005,dixonju01-2007
przybjo01,6.266666666666667,-1.2,200702060POR-POR,200702060POR-PHO,POR-2007,0,2007,-7.52,58.889500000000005,przybjo01-2007
wallage01,48.016666666666666,9.4,200702090CHA-CHA,200702090CHA-POR,CHA-2007,0,2007,451.3566666666667,44.70516666666667,wallage01-2007
okafoem01,43.25,4.4,200702090CHA-CHA,200702090CHA-POR,CHA-2007,0,2007,190.3,44.70516666666667,okafoem01-2007
feltora01,42.733333333333334,4.2,200702090CHA-CHA,200702090CHA-POR,CHA-2007,0,2007,179.48000000000002,44.70516666666667,feltora01-2007
carroma01,37.233333333333334,1.1,200702090CHA-CHA,200702090CHA-POR,CHA-2007,0,2007,40.95666666666667,44.70516666666667,carroma01-2007
morriad01,30.833333333333332,-6.7,200702090CHA-CHA,200702090CHA-POR,CHA-2007,0,2007,-206.58333333333334,44.70516666666667,morriad01-2007
knighbr01,26.45,-6.8,200702090CHA-CHA,200702090CHA-POR,CHA-2007,0,2007,-179.85999999999999,44.70516666666667,knighbr01-2007
mcinnje01,13.316666666666666,-0.1,200702090CHA-CHA,200702090CHA-POR,CHA-2007,0,2007,-1.3316666666666668,44.70516666666667,mcinnje01-2007
voskuja01,12.333333333333334,-1,200702090CHA-CHA,200702090CHA-POR,CHA-2007,0,2007,-12.333333333333334,44.70516666666667,voskuja01-2007
brezepr01,10.666666666666666,-1.4,200702090CHA-CHA,200702090CHA-POR,CHA-2007,0,2007,-14.933333333333332,44.70516666666667,brezepr01-2007
holliry01,0.16666666666666666,0,200702090CHA-CHA,200702090CHA-POR,CHA-2007,0,2007,0,44.70516666666667,holliry01-2007
arenagi01,33.28333333333333,-8.3,200702110WAS-WAS,200702110WAS-POR,WAS-2007,0,2007,-276.25166666666667,-26.558611111111112,arenagi01-2007
butleca01,29.816666666666666,-2.7,200702110WAS-WAS,200702110WAS-POR,WAS-2007,0,2007,-80.50500000000001,-26.558611111111112,butleca01-2007
stevede01,29.8,5.7,200702110WAS-WAS,200702110WAS-POR,WAS-2007,0,2007,169.86,-26.558611111111112,stevede01-2007
blatcan01,27.05,-1.4,200702110WAS-WAS,200702110WAS-POR,WAS-2007,0,2007,-37.87,-26.558611111111112,blatcan01-2007
haywobr01,24.083333333333332,0.8,200702110WAS-WAS,200702110WAS-POR,WAS-2007,0,2007,19.266666666666666,-26.558611111111112,haywobr01-2007
ruffimi01,21.683333333333334,-1,200702110WAS-WAS,200702110WAS-POR,WAS-2007,0,2007,-21.683333333333334,-26.558611111111112,ruffimi01-2007
hayesja01,20.05,-2.5,200702110WAS-WAS,200702110WAS-POR,WAS-2007,0,2007,-50.125,-26.558611111111112,hayesja01-2007
daniean01,17.15,-1.1,200702110WAS-WAS,200702110WAS-POR,WAS-2007,0,2007,-18.865,-26.558611111111112,daniean01-2007
songada01,14.033333333333333,-4,200702110WAS-WAS,200702110WAS-POR,WAS-2007,0,2007,-56.13333333333333,-26.558611111111112,songada01-2007
masonro01,10.35,1.4,200702110WAS-WAS,200702110WAS-POR,WAS-2007,0,2007,14.489999999999998,-26.558611111111112,masonro01-2007
boothca01,7.066666666666666,-1.6,200702110WAS-WAS,200702110WAS-POR,WAS-2007,0,2007,-11.306666666666667,-26.558611111111112,boothca01-2007
taylodo01,5.633333333333333,5.4,200702110WAS-WAS,200702110WAS-POR,WAS-2007,0,2007,30.419999999999998,-26.558611111111112,taylodo01-2007
wadedw01,34.8,15.6,200702130MIA-MIA,200702130MIA-POR,MIA-2007,1,2007,542.88,70.82545454545455,wadedw01-2007
poseyja01,33.55,6.5,200702130MIA-MIA,200702130MIA-POR,MIA-2007,1,2007,218.075,70.82545454545455,poseyja01-2007
hasleud01,30.25,0,200702130MIA-MIA,200702130MIA-POR,MIA-2007,1,2007,0,70.82545454545455,hasleud01-2007
kaponja01,25.916666666666668,-0.1,200702130MIA-MIA,200702130MIA-POR,MIA-2007,1,2007,-2.591666666666667,70.82545454545455,kaponja01-2007
paytoga01,24.4,-0.6,200702130MIA-MIA,200702130MIA-POR,MIA-2007,1,2007,-14.639999999999999,70.82545454545455,paytoga01-2007
onealsh01,23.6,-0.7,200702130MIA-MIA,200702130MIA-POR,MIA-2007,1,2007,-16.52,70.82545454545455,onealsh01-2007
mournal01,22.366666666666667,0.1,200702130MIA-MIA,200702130MIA-POR,MIA-2007,1,2007,2.236666666666667,70.82545454545455,mournal01-2007
jonesed02,22.083333333333332,2.5,200702130MIA-MIA,200702130MIA-POR,MIA-2007,1,2007,55.20833333333333,70.82545454545455,jonesed02-2007
walkean02,19.783333333333335,-0.3,200702130MIA-MIA,200702130MIA-POR,MIA-2007,1,2007,-5.9350000000000005,70.82545454545455,walkean02-2007
quinnch01,2.033333333333333,0.3,200702130MIA-MIA,200702130MIA-POR,MIA-2007,1,2007,0.61,70.82545454545455,quinnch01-2007
wrighdo01,1.2166666666666668,-0.2,200702130MIA-MIA,200702130MIA-POR,MIA-2007,1,2007,-0.24333333333333337,70.82545454545455,wrighdo01-2007
turkohe01,36.8,6.6,200702140ORL-ORL,200702140ORL-POR,ORL-2007,1,2007,242.87999999999997,76.06939393939393,turkohe01-2007
howardw01,36.266666666666666,6.3,200702140ORL-ORL,200702140ORL-POR,ORL-2007,1,2007,228.48,76.06939393939393,howardw01-2007
milicda01,34.43333333333333,11.1,200702140ORL-ORL,200702140ORL-POR,ORL-2007,1,2007,382.2099999999999,76.06939393939393,milicda01-2007
arroyca01,31.516666666666666,4.2,200702140ORL-ORL,200702140ORL-POR,ORL-2007,1,2007,132.37,76.06939393939393,arroyca01-2007
boganke01,22.5,-1.6,200702140ORL-ORL,200702140ORL-POR,ORL-2007,1,2007,-36,76.06939393939393,boganke01-2007
doolike01,20.633333333333333,-2.3,200702140ORL-ORL,200702140ORL-POR,ORL-2007,1,2007,-47.45666666666666,76.06939393939393,doolike01-2007
dienetr01,16.483333333333334,-5.2,200702140ORL-ORL,200702140ORL-POR,ORL-2007,1,2007,-85.71333333333334,76.06939393939393,dienetr01-2007
redicjj01,16.066666666666666,4.5,200702140ORL-ORL,200702140ORL-POR,ORL-2007,1,2007,72.3,76.06939393939393,redicjj01-2007
outlabo01,13.533333333333333,-1.7,200702140ORL-ORL,200702140ORL-POR,ORL-2007,1,2007,-23.006666666666664,76.06939393939393,outlabo01-2007
garripa01,9.116666666666667,-2.4,200702140ORL-ORL,200702140ORL-POR,ORL-2007,1,2007,-21.88,76.06939393939393,garripa01-2007
augusja01,2.65,-2.8,200702140ORL-ORL,200702140ORL-POR,ORL-2007,1,2007,-7.419999999999999,76.06939393939393,augusja01-2007
roybr01,38.3,12.7,200702200POR-POR,200702200POR-UTA,POR-2007,1,2007,486.4099999999999,53.186499999999995,roybr01-2007
randoza01,35.56666666666667,2.6,200702200POR-POR,200702200POR-UTA,POR-2007,1,2007,92.47333333333334,53.186499999999995,randoza01-2007
udokaim01,28.8,2.4,200702200POR-POR,200702200POR-UTA,POR-2007,1,2007,69.12,53.186499999999995,udokaim01-2007
jackja01,28.433333333333334,-2.1,200702200POR-POR,200702200POR-UTA,POR-2007,1,2007,-59.71,53.186499999999995,jackja01-2007
aldrila01,27.483333333333334,0.1,200702200POR-POR,200702200POR-UTA,POR-2007,1,2007,2.7483333333333335,53.186499999999995,aldrila01-2007
przybjo01,19.1,0.2,200702200POR-POR,200702200POR-UTA,POR-2007,1,2007,3.8200000000000003,53.186499999999995,przybjo01-2007
webstma02,18.95,-4,200702200POR-POR,200702200POR-UTA,POR-2007,1,2007,-75.8,53.186499999999995,webstma02-2007
dickada01,18.316666666666666,2,200702200POR-POR,200702200POR-UTA,POR-2007,1,2007,36.63333333333333,53.186499999999995,dickada01-2007
outlatr01,16.583333333333332,0.2,200702200POR-POR,200702200POR-UTA,POR-2007,1,2007,3.3166666666666664,53.186499999999995,outlatr01-2007
dixonju01,8.483333333333333,-3.2,200702200POR-POR,200702200POR-UTA,POR-2007,1,2007,-27.146666666666665,53.186499999999995,dixonju01-2007
odomla01,40.21666666666667,1.1,200702210LAL-LAL,200702210LAL-POR,LAL-2007,0,2007,44.23833333333334,47.78740740740741,odomla01-2007
bryanko01,39.71666666666667,3.1,200702210LAL-LAL,200702210LAL-POR,LAL-2007,0,2007,123.12166666666667,47.78740740740741,bryanko01-2007
parkesm01,35.016666666666666,8.4,200702210LAL-LAL,200702210LAL-POR,LAL-2007,0,2007,294.14,47.78740740740741,parkesm01-2007
bynuman01,31.133333333333333,0.6,200702210LAL-LAL,200702210LAL-POR,LAL-2007,0,2007,18.68,47.78740740740741,bynuman01-2007
evansma01,29.55,8.6,200702210LAL-LAL,200702210LAL-POR,LAL-2007,0,2007,254.13,47.78740740740741,evansma01-2007
cookbr01,23.133333333333333,-10.1,200702210LAL-LAL,200702210LAL-POR,LAL-2007,0,2007,-233.64666666666665,47.78740740740741,cookbr01-2007
turiaro01,19.633333333333333,-1.7,200702210LAL-LAL,200702210LAL-POR,LAL-2007,0,2007,-33.376666666666665,47.78740740740741,turiaro01-2007
farmajo01,12.233333333333333,-1.2,200702210LAL-LAL,200702210LAL-POR,LAL-2007,0,2007,-14.679999999999998,47.78740740740741,farmajo01-2007
vujacsa01,9.383333333333333,-2.4,200702210LAL-LAL,200702210LAL-POR,LAL-2007,0,2007,-22.52,47.78740740740741,vujacsa01-2007
randoza01,38.983333333333334,-1.7,200702230POR-POR,200702230POR-MEM,POR-2007,0,2007,-66.27166666666666,35.88483333333333,randoza01-2007
roybr01,37.45,2.7,200702230POR-POR,200702230POR-MEM,POR-2007,0,2007,101.11500000000001,35.88483333333333,roybr01-2007
jackja01,36.53333333333333,2.4,200702230POR-POR,200702230POR-MEM,POR-2007,0,2007,87.67999999999999,35.88483333333333,jackja01-2007
udokaim01,36.1,1.1,200702230POR-POR,200702230POR-MEM,POR-2007,0,2007,39.71000000000001,35.88483333333333,udokaim01-2007
magloja01,31.783333333333335,7.1,200702230POR-POR,200702230POR-MEM,POR-2007,0,2007,225.66166666666666,35.88483333333333,magloja01-2007
outlatr01,15.55,3.3,200702230POR-POR,200702230POR-MEM,POR-2007,0,2007,51.315,35.88483333333333,outlatr01-2007
rodrise01,12.116666666666667,-3.5,200702230POR-POR,200702230POR-MEM,POR-2007,0,2007,-42.40833333333333,35.88483333333333,rodrise01-2007
webstma02,11.9,-0.9,200702230POR-POR,200702230POR-MEM,POR-2007,0,2007,-10.71,35.88483333333333,webstma02-2007
dickada01,9.9,-0.6,200702230POR-POR,200702230POR-MEM,POR-2007,0,2007,-5.94,35.88483333333333,dickada01-2007
aldrila01,9.683333333333334,-2.2,200702230POR-POR,200702230POR-MEM,POR-2007,0,2007,-21.303333333333335,35.88483333333333,aldrila01-2007
lewisra02,40.3,13.9,200702260SEA-SEA,200702260SEA-POR,SEA-2007,1,2007,560.17,72.35424242424241,lewisra02-2007
allenra02,36.68333333333333,6.5,200702260SEA-SEA,200702260SEA-POR,SEA-2007,1,2007,238.44166666666663,72.35424242424241,allenra02-2007
ridnolu01,34.28333333333333,-1.7,200702260SEA-SEA,200702260SEA-POR,SEA-2007,1,2007,-58.28166666666666,72.35424242424241,ridnolu01-2007
collini01,28.166666666666668,2.4,200702260SEA-SEA,200702260SEA-POR,SEA-2007,1,2007,67.6,72.35424242424241,collini01-2007
wilcoch01,26.9,1.3,200702260SEA-SEA,200702260SEA-POR,SEA-2007,1,2007,34.97,72.35424242424241,wilcoch01-2007
watsoea01,25.766666666666666,-2.7,200702260SEA-SEA,200702260SEA-POR,SEA-2007,1,2007,-69.57000000000001,72.35424242424241,watsoea01-2007
wilkida02,16.65,1.5,200702260SEA-SEA,200702260SEA-POR,SEA-2007,1,2007,24.974999999999998,72.35424242424241,wilkida02-2007
petrojo01,16.183333333333334,-1.5,200702260SEA-SEA,200702260SEA-POR,SEA-2007,1,2007,-24.275,72.35424242424241,petrojo01-2007
brownan01,5.833333333333333,1.7,200702260SEA-SEA,200702260SEA-POR,SEA-2007,1,2007,9.916666666666666,72.35424242424241,brownan01-2007
wilksmi01,4.65,0.5,200702260SEA-SEA,200702260SEA-POR,SEA-2007,1,2007,2.325,72.35424242424241,wilksmi01-2007
gelabmi01,4.583333333333333,2.1,200702260SEA-SEA,200702260SEA-POR,SEA-2007,1,2007,9.625,72.35424242424241,gelabmi01-2007
roybr01,29.966666666666665,5.8,200703010POR-POR,200703010POR-CHA,POR-2007,1,2007,173.80666666666664,62.97666666666667,roybr01-2007
randoza01,29.15,5,200703010POR-POR,200703010POR-CHA,POR-2007,1,2007,145.75,62.97666666666667,randoza01-2007
webstma02,28.683333333333334,6.3,200703010POR-POR,200703010POR-CHA,POR-2007,1,2007,180.70499999999998,62.97666666666667,webstma02-2007
aldrila01,26.316666666666666,2.7,200703010POR-POR,200703010POR-CHA,POR-2007,1,2007,71.055,62.97666666666667,aldrila01-2007
jackja01,25.25,-1.2,200703010POR-POR,200703010POR-CHA,POR-2007,1,2007,-30.299999999999997,62.97666666666667,jackja01-2007
jonesfr01,22.75,-2.3,200703010POR-POR,200703010POR-CHA,POR-2007,1,2007,-52.324999999999996,62.97666666666667,jonesfr01-2007
outlatr01,21.05,4.4,200703010POR-POR,200703010POR-CHA,POR-2007,1,2007,92.62,62.97666666666667,outlatr01-2007
udokaim01,19.316666666666666,10,200703010POR-POR,200703010POR-CHA,POR-2007,1,2007,193.16666666666666,62.97666666666667,udokaim01-2007
magloja01,15.866666666666667,-8.1,200703010POR-POR,200703010POR-CHA,POR-2007,1,2007,-128.52,62.97666666666667,magloja01-2007
rodrise01,15.166666666666666,2.7,200703010POR-POR,200703010POR-CHA,POR-2007,1,2007,40.95,62.97666666666667,rodrise01-2007
dickada01,6.483333333333333,0.9,200703010POR-POR,200703010POR-CHA,POR-2007,1,2007,5.835,62.97666666666667,dickada01-2007
roybr01,40,4.8,200703030POR-POR,200703030POR-SAC,POR-2007,0,2007,192,22.86866666666667,roybr01-2007
randoza01,37.46666666666667,0.4,200703030POR-POR,200703030POR-SAC,POR-2007,0,2007,14.986666666666668,22.86866666666667,randoza01-2007
jackja01,32.55,4,200703030POR-POR,200703030POR-SAC,POR-2007,0,2007,130.2,22.86866666666667,jackja01-2007
aldrila01,27.883333333333333,-7.3,200703030POR-POR,200703030POR-SAC,POR-2007,0,2007,-203.54833333333332,22.86866666666667,aldrila01-2007
udokaim01,27.266666666666666,2.2,200703030POR-POR,200703030POR-SAC,POR-2007,0,2007,59.98666666666667,22.86866666666667,udokaim01-2007
webstma02,23.933333333333334,4.5,200703030POR-POR,200703030POR-SAC,POR-2007,0,2007,107.7,22.86866666666667,webstma02-2007
magloja01,18.566666666666666,-2.4,200703030POR-POR,200703030POR-SAC,POR-2007,0,2007,-44.559999999999995,22.86866666666667,magloja01-2007
outlatr01,12.083333333333334,-2.8,200703030POR-POR,200703030POR-SAC,POR-2007,0,2007,-33.833333333333336,22.86866666666667,outlatr01-2007
jonesfr01,11.15,-0.3,200703030POR-POR,200703030POR-SAC,POR-2007,0,2007,-3.345,22.86866666666667,jonesfr01-2007
rodrise01,9.1,1,200703030POR-POR,200703030POR-SAC,POR-2007,0,2007,9.1,22.86866666666667,rodrise01-2007
roybr01,36.85,7.1,200703060POR-POR,200703060POR-SAS,POR-2007,0,2007,261.635,33.83333333333333,roybr01-2007
randoza01,32.18333333333333,1.3,200703060POR-POR,200703060POR-SAS,POR-2007,0,2007,41.83833333333333,33.83333333333333,randoza01-2007
udokaim01,31.266666666666666,3.8,200703060POR-POR,200703060POR-SAS,POR-2007,0,2007,118.81333333333332,33.83333333333333,udokaim01-2007
jackja01,30.566666666666666,-2.2,200703060POR-POR,200703060POR-SAS,POR-2007,0,2007,-67.24666666666667,33.83333333333333,jackja01-2007
aldrila01,28.3,0.5,200703060POR-POR,200703060POR-SAS,POR-2007,0,2007,14.15,33.83333333333333,aldrila01-2007
magloja01,18.716666666666665,-4.3,200703060POR-POR,200703060POR-SAS,POR-2007,0,2007,-80.48166666666665,33.83333333333333,magloja01-2007
webstma02,17.183333333333334,-5.9,200703060POR-POR,200703060POR-SAS,POR-2007,0,2007,-101.38166666666667,33.83333333333333,webstma02-2007
outlatr01,16.466666666666665,3.3,200703060POR-POR,200703060POR-SAS,POR-2007,0,2007,54.33999999999999,33.83333333333333,outlatr01-2007
jonesfr01,14.333333333333334,2.8,200703060POR-POR,200703060POR-SAS,POR-2007,0,2007,40.13333333333333,33.83333333333333,jonesfr01-2007
rodrise01,14.133333333333333,4,200703060POR-POR,200703060POR-SAS,POR-2007,0,2007,56.53333333333333,33.83333333333333,rodrise01-2007
roybr01,35.06666666666667,3.2,200703110POR-POR,200703110POR-GSW,POR-2007,1,2007,112.21333333333335,45.62555555555556,roybr01-2007
randoza01,33.45,3.8,200703110POR-POR,200703110POR-GSW,POR-2007,1,2007,127.11,45.62555555555556,randoza01-2007
jackja01,31.35,-0.1,200703110POR-POR,200703110POR-GSW,POR-2007,1,2007,-3.1350000000000002,45.62555555555556,jackja01-2007
udokaim01,28.916666666666668,8,200703110POR-POR,200703110POR-GSW,POR-2007,1,2007,231.33333333333334,45.62555555555556,udokaim01-2007
aldrila01,28.233333333333334,-0.9,200703110POR-POR,200703110POR-GSW,POR-2007,1,2007,-25.41,45.62555555555556,aldrila01-2007
outlatr01,23.5,3.7,200703110POR-POR,200703110POR-GSW,POR-2007,1,2007,86.95,45.62555555555556,outlatr01-2007
jonesfr01,18.533333333333335,0.5,200703110POR-POR,200703110POR-GSW,POR-2007,1,2007,9.266666666666667,45.62555555555556,jonesfr01-2007
webstma02,15.233333333333333,0.9,200703110POR-POR,200703110POR-GSW,POR-2007,1,2007,13.709999999999999,45.62555555555556,webstma02-2007
rodrise01,11.916666666666666,0.4,200703110POR-POR,200703110POR-GSW,POR-2007,1,2007,4.766666666666667,45.62555555555556,rodrise01-2007
magloja01,10.816666666666666,-1.1,200703110POR-POR,200703110POR-GSW,POR-2007,1,2007,-11.898333333333333,45.62555555555556,magloja01-2007
dickada01,2,1.3,200703110POR-POR,200703110POR-GSW,POR-2007,1,2007,2.6,45.62555555555556,dickada01-2007
richaje01,0.9833333333333333,0,200703110POR-POR,200703110POR-GSW,POR-2007,1,2007,0,45.62555555555556,richaje01-2007
iversal01,44.46666666666667,15.2,200703130DEN-DEN,200703130DEN-POR,DEN-2007,1,2007,675.8933333333333,112.05770833333332,iversal01-2007
anthoca01,39.21666666666667,3.1,200703130DEN-DEN,200703130DEN-POR,DEN-2007,1,2007,121.57166666666667,112.05770833333332,anthoca01-2007
cambyma01,37.55,6.9,200703130DEN-DEN,200703130DEN-POR,DEN-2007,1,2007,259.09499999999997,112.05770833333332,cambyma01-2007
hilarne01,30.733333333333334,-1.8,200703130DEN-DEN,200703130DEN-POR,DEN-2007,1,2007,-55.32,112.05770833333332,hilarne01-2007
blakest01,29.75,-2.7,200703130DEN-DEN,200703130DEN-POR,DEN-2007,1,2007,-80.325,112.05770833333332,blakest01-2007
najered01,27.083333333333332,2.2,200703130DEN-DEN,200703130DEN-POR,DEN-2007,1,2007,59.583333333333336,112.05770833333332,najered01-2007
kleizli01,16.35,-2.5,200703130DEN-DEN,200703130DEN-POR,DEN-2007,1,2007,-40.875,112.05770833333332,kleizli01-2007
smithjr01,14.883333333333333,-2.9,200703130DEN-DEN,200703130DEN-POR,DEN-2007,1,2007,-43.16166666666666,112.05770833333332,smithjr01-2007
roybr01,39.56666666666667,-0.4,200703140POR-POR,200703140POR-DET,POR-2007,0,2007,-15.826666666666668,27.426363636363636,roybr01-2007
randoza01,35.61666666666667,7,200703140POR-POR,200703140POR-DET,POR-2007,0,2007,249.31666666666666,27.426363636363636,randoza01-2007
jackja01,35.53333333333333,-1.8,200703140POR-POR,200703140POR-DET,POR-2007,0,2007,-63.96,27.426363636363636,jackja01-2007
aldrila01,35.13333333333333,5.6,200703140POR-POR,200703140POR-DET,POR-2007,0,2007,196.74666666666664,27.426363636363636,aldrila01-2007
udokaim01,25.583333333333332,0.4,200703140POR-POR,200703140POR-DET,POR-2007,0,2007,10.233333333333334,27.426363636363636,udokaim01-2007
webstma02,18.25,-2.3,200703140POR-POR,200703140POR-DET,POR-2007,0,2007,-41.974999999999994,27.426363636363636,webstma02-2007
outlatr01,15.933333333333334,-2.3,200703140POR-POR,200703140POR-DET,POR-2007,0,2007,-36.64666666666666,27.426363636363636,outlatr01-2007
jonesfr01,13.266666666666667,3.9,200703140POR-POR,200703140POR-DET,POR-2007,0,2007,51.74,27.426363636363636,jonesfr01-2007
magloja01,10.983333333333333,-3.4,200703140POR-POR,200703140POR-DET,POR-2007,0,2007,-37.34333333333333,27.426363636363636,magloja01-2007
rodrise01,7.633333333333333,-0.9,200703140POR-POR,200703140POR-DET,POR-2007,0,2007,-6.87,27.426363636363636,rodrise01-2007
dickada01,2.4833333333333334,-1.5,200703140POR-POR,200703140POR-DET,POR-2007,0,2007,-3.725,27.426363636363636,dickada01-2007
bryanko01,49.96666666666667,22,200703160LAL-LAL,200703160LAL-POR,LAL-2007,1,2007,1099.2666666666667,93.76555555555555,bryanko01-2007
odomla01,45.21666666666667,1.4,200703160LAL-LAL,200703160LAL-POR,LAL-2007,1,2007,63.303333333333335,93.76555555555555,odomla01-2007
parkesm01,41.483333333333334,-6.3,200703160LAL-LAL,200703160LAL-POR,LAL-2007,1,2007,-261.34499999999997,93.76555555555555,parkesm01-2007
brownkw01,40.733333333333334,-2,200703160LAL-LAL,200703160LAL-POR,LAL-2007,1,2007,-81.46666666666667,93.76555555555555,brownkw01-2007
evansma01,38.28333333333333,1.9,200703160LAL-LAL,200703160LAL-POR,LAL-2007,1,2007,72.73833333333333,93.76555555555555,evansma01-2007
vujacsa01,14.416666666666666,-1.4,200703160LAL-LAL,200703160LAL-POR,LAL-2007,1,2007,-20.18333333333333,93.76555555555555,vujacsa01-2007
bynuman01,12.266666666666667,1.6,200703160LAL-LAL,200703160LAL-POR,LAL-2007,1,2007,19.62666666666667,93.76555555555555,bynuman01-2007
farmajo01,11.516666666666667,-3.4,200703160LAL-LAL,200703160LAL-POR,LAL-2007,1,2007,-39.156666666666666,93.76555555555555,farmajo01-2007
turiaro01,11.116666666666667,-0.8,200703160LAL-LAL,200703160LAL-POR,LAL-2007,1,2007,-8.893333333333334,93.76555555555555,turiaro01-2007
roybr01,39.93333333333333,2.6,200703180POR-POR,200703180POR-SEA,POR-2007,0,2007,103.82666666666667,-7.293939393939391,roybr01-2007
randoza01,31.4,0.7,200703180POR-POR,200703180POR-SEA,POR-2007,0,2007,21.979999999999997,-7.293939393939391,randoza01-2007
webstma02,28.9,-4.1,200703180POR-POR,200703180POR-SEA,POR-2007,0,2007,-118.48999999999998,-7.293939393939391,webstma02-2007
jackja01,25.6,-5.8,200703180POR-POR,200703180POR-SEA,POR-2007,0,2007,-148.48,-7.293939393939391,jackja01-2007
magloja01,24.1,3.6,200703180POR-POR,200703180POR-SEA,POR-2007,0,2007,86.76,-7.293939393939391,magloja01-2007
aldrila01,23.9,-2.2,200703180POR-POR,200703180POR-SEA,POR-2007,0,2007,-52.58,-7.293939393939391,aldrila01-2007
udokaim01,18.083333333333332,3.1,200703180POR-POR,200703180POR-SEA,POR-2007,0,2007,56.05833333333333,-7.293939393939391,udokaim01-2007
outlatr01,17.616666666666667,-3.3,200703180POR-POR,200703180POR-SEA,POR-2007,0,2007,-58.135,-7.293939393939391,outlatr01-2007
dickada01,15.2,1.3,200703180POR-POR,200703180POR-SEA,POR-2007,0,2007,19.759999999999998,-7.293939393939391,dickada01-2007
rodrise01,9.066666666666666,1,200703180POR-POR,200703180POR-SEA,POR-2007,0,2007,9.066666666666666,-7.293939393939391,rodrise01-2007
jonesfr01,6.2,0,200703180POR-POR,200703180POR-SEA,POR-2007,0,2007,0,-7.293939393939391,jonesfr01-2007
aldrila01,38.71666666666667,10.4,200703200POR-POR,200703200POR-WAS,POR-2007,1,2007,402.65333333333336,25.457000000000004,aldrila01-2007
roybr01,36.36666666666667,-0.8,200703200POR-POR,200703200POR-WAS,POR-2007,1,2007,-29.093333333333334,25.457000000000004,roybr01-2007
outlatr01,28.633333333333333,-5.7,200703200POR-POR,200703200POR-WAS,POR-2007,1,2007,-163.21,25.457000000000004,outlatr01-2007
magloja01,28.5,-1.2,200703200POR-POR,200703200POR-WAS,POR-2007,1,2007,-34.199999999999996,25.457000000000004,magloja01-2007
udokaim01,28.066666666666666,-1.4,200703200POR-POR,200703200POR-WAS,POR-2007,1,2007,-39.29333333333333,25.457000000000004,udokaim01-2007
jackja01,25.933333333333334,-1.9,200703200POR-POR,200703200POR-WAS,POR-2007,1,2007,-49.27333333333333,25.457000000000004,jackja01-2007
rodrise01,22.066666666666666,1.5,200703200POR-POR,200703200POR-WAS,POR-2007,1,2007,33.1,25.457000000000004,rodrise01-2007
webstma02,19.933333333333334,6.6,200703200POR-POR,200703200POR-WAS,POR-2007,1,2007,131.56,25.457000000000004,webstma02-2007
jonesfr01,11.633333333333333,0.2,200703200POR-POR,200703200POR-WAS,POR-2007,1,2007,2.3266666666666667,25.457000000000004,jonesfr01-2007
dickada01,0.16666666666666666,0,200703200POR-POR,200703200POR-WAS,POR-2007,1,2007,0,25.457000000000004,dickada01-2007
marbust01,44.1,-1.4,200703220NYK-NYK,200703220NYK-POR,NYK-2007,0,2007,-61.739999999999995,22.595999999999993,marbust01-2007
robinna01,33.18333333333333,20.4,200703220NYK-NYK,200703220NYK-POR,NYK-2007,0,2007,676.9399999999999,22.595999999999993,robinna01-2007
francst01,32.75,-1.7,200703220NYK-NYK,200703220NYK-POR,NYK-2007,0,2007,-55.675,22.595999999999993,francst01-2007
fryech01,31,0.2,200703220NYK-NYK,200703220NYK-POR,NYK-2007,0,2007,6.2,22.595999999999993,fryech01-2007
curryed01,28.35,-7.2,200703220NYK-NYK,200703220NYK-POR,NYK-2007,0,2007,-204.12,22.595999999999993,curryed01-2007
balkmre01,22.933333333333334,0.7,200703220NYK-NYK,200703220NYK-POR,NYK-2007,0,2007,16.05333333333333,22.595999999999993,balkmre01-2007
jeffrja01,22.566666666666666,-3.2,200703220NYK-NYK,200703220NYK-POR,NYK-2007,0,2007,-72.21333333333334,22.595999999999993,jeffrja01-2007
jamesje01,14.4,-2.7,200703220NYK-NYK,200703220NYK-POR,NYK-2007,0,2007,-38.88,22.595999999999993,jamesje01-2007
leeda02,9.883333333333333,-4.1,200703220NYK-NYK,200703220NYK-POR,NYK-2007,0,2007,-40.52166666666666,22.595999999999993,leeda02-2007
collima01,0.8333333333333334,-0.1,200703220NYK-NYK,200703220NYK-POR,NYK-2007,0,2007,-0.08333333333333334,22.595999999999993,collima01-2007
childjo01,53,9.4,200703230ATL-ATL,200703230ATL-POR,ATL-2007,0,2007,498.20000000000005,51.933,childjo01-2007
johnsan02,44.11666666666667,-2.1,200703230ATL-ATL,200703230ATL-POR,ATL-2007,0,2007,-92.64500000000001,51.933,johnsan02-2007
smithjo03,43.083333333333336,2.9,200703230ATL-ATL,200703230ATL-POR,ATL-2007,0,2007,124.94166666666666,51.933,smithjo03-2007
stoudsa01,33.13333333333333,12.7,200703230ATL-ATL,200703230ATL-POR,ATL-2007,0,2007,420.7933333333333,51.933,stoudsa01-2007
pachuza01,32.5,-7.6,200703230ATL-ATL,200703230ATL-POR,ATL-2007,0,2007,-247,51.933,pachuza01-2007
jonesso01,18.066666666666666,-1.1,200703230ATL-ATL,200703230ATL-POR,ATL-2007,0,2007,-19.873333333333335,51.933,jonesso01-2007
willima02,17.866666666666667,-5.1,200703230ATL-ATL,200703230ATL-POR,ATL-2007,0,2007,-91.11999999999999,51.933,willima02-2007
luety01,13.383333333333333,-5.2,200703230ATL-ATL,200703230ATL-POR,ATL-2007,0,2007,-69.59333333333333,51.933,luety01-2007
willish02,5.783333333333333,-1.6,200703230ATL-ATL,200703230ATL-POR,ATL-2007,0,2007,-9.253333333333334,51.933,willish02-2007
iveyro01,4.066666666666666,1.2,200703230ATL-ATL,200703230ATL-POR,ATL-2007,0,2007,4.88,51.933,iveyro01-2007
davisri01,44.68333333333333,4.9,200703250MIN-MIN,200703250MIN-POR,MIN-2007,1,2007,218.94833333333332,29.1774074074074,davisri01-2007
blounma01,41.233333333333334,-2.2,200703250MIN-MIN,200703250MIN-POR,MIN-2007,1,2007,-90.71333333333334,29.1774074074074,blounma01-2007
garneke01,34.9,-3.4,200703250MIN-MIN,200703250MIN-POR,MIN-2007,1,2007,-118.66,29.1774074074074,garneke01-2007
jamesmi01,29.716666666666665,4.1,200703250MIN-MIN,200703250MIN-POR,MIN-2007,1,2007,121.83833333333331,29.1774074074074,jamesmi01-2007
hassetr01,25.766666666666666,1.2,200703250MIN-MIN,200703250MIN-POR,MIN-2007,1,2007,30.919999999999998,29.1774074074074,hassetr01-2007
foyera01,23.216666666666665,5.6,200703250MIN-MIN,200703250MIN-POR,MIN-2007,1,2007,130.01333333333332,29.1774074074074,foyera01-2007
mccanra01,20.633333333333333,-1.3,200703250MIN-MIN,200703250MIN-POR,MIN-2007,1,2007,-26.823333333333334,29.1774074074074,mccanra01-2007
smithcr01,16.416666666666668,0.2,200703250MIN-MIN,200703250MIN-POR,MIN-2007,1,2007,3.2833333333333337,29.1774074074074,smithcr01-2007
madsema01,3.45,-1.8,200703250MIN-MIN,200703250MIN-POR,MIN-2007,1,2007,-6.210000000000001,29.1774074074074,madsema01-2007
wallabe01,44.21666666666667,4,200703260CHI-CHI,200703260CHI-POR,CHI-2007,1,2007,176.86666666666667,101.0930303030303,wallabe01-2007
denglu01,43.833333333333336,14.8,200703260CHI-CHI,200703260CHI-POR,CHI-2007,1,2007,648.7333333333333,101.0930303030303,denglu01-2007
hinriki01,41.983333333333334,10.9,200703260CHI-CHI,200703260CHI-POR,CHI-2007,1,2007,457.61833333333334,101.0930303030303,hinriki01-2007
gordobe01,26.566666666666666,-1,200703260CHI-CHI,200703260CHI-POR,CHI-2007,1,2007,-26.566666666666666,101.0930303030303,gordobe01-2007
duhonch01,22.983333333333334,-3.7,200703260CHI-CHI,200703260CHI-POR,CHI-2007,1,2007,-85.03833333333334,101.0930303030303,duhonch01-2007
thomaty01,22.233333333333334,-2.6,200703260CHI-CHI,200703260CHI-POR,CHI-2007,1,2007,-57.80666666666667,101.0930303030303,thomaty01-2007
brownpj01,20.916666666666668,1,200703260CHI-CHI,200703260CHI-POR,CHI-2007,1,2007,20.916666666666668,101.0930303030303,brownpj01-2007
griffad01,8.15,-0.4,200703260CHI-CHI,200703260CHI-POR,CHI-2007,1,2007,-3.2600000000000002,101.0930303030303,griffad01-2007
sefolth01,4.466666666666667,-2.3,200703260CHI-CHI,200703260CHI-POR,CHI-2007,1,2007,-10.273333333333333,101.0930303030303,sefolth01-2007
allenma01,3.783333333333333,-2.4,200703260CHI-CHI,200703260CHI-POR,CHI-2007,1,2007,-9.08,101.0930303030303,allenma01-2007
khryavi01,0.8666666666666667,-0.1,200703260CHI-CHI,200703260CHI-POR,CHI-2007,1,2007,-0.08666666666666667,101.0930303030303,khryavi01-2007
randoza01,39.9,20.5,200703290POR-POR,200703290POR-MEM,POR-2007,0,2007,817.9499999999999,46.87949999999999,randoza01-2007
roybr01,38.63333333333333,-2.8,200703290POR-POR,200703290POR-MEM,POR-2007,0,2007,-108.17333333333333,46.87949999999999,roybr01-2007
aldrila01,28.25,-2.9,200703290POR-POR,200703290POR-MEM,POR-2007,0,2007,-81.925,46.87949999999999,aldrila01-2007
magloja01,27.85,-0.8,200703290POR-POR,200703290POR-MEM,POR-2007,0,2007,-22.28,46.87949999999999,magloja01-2007
outlatr01,24.633333333333333,2.3,200703290POR-POR,200703290POR-MEM,POR-2007,0,2007,56.65666666666666,46.87949999999999,outlatr01-2007
jackja01,22.433333333333334,-2.8,200703290POR-POR,200703290POR-MEM,POR-2007,0,2007,-62.81333333333333,46.87949999999999,jackja01-2007
rodrise01,21.316666666666666,-0.5,200703290POR-POR,200703290POR-MEM,POR-2007,0,2007,-10.658333333333333,46.87949999999999,rodrise01-2007
jonesfr01,14.1,1.5,200703290POR-POR,200703290POR-MEM,POR-2007,0,2007,21.15,46.87949999999999,jonesfr01-2007
webstma02,14.05,-6.9,200703290POR-POR,200703290POR-MEM,POR-2007,0,2007,-96.94500000000001,46.87949999999999,webstma02-2007
dickada01,8.833333333333334,-5,200703290POR-POR,200703290POR-MEM,POR-2007,0,2007,-44.16666666666667,46.87949999999999,dickada01-2007
magloja01,39.78333333333333,-5,200703310POR-POR,200703310POR-LAC,POR-2007,0,2007,-198.91666666666666,0.7113636363636399,magloja01-2007
roybr01,37.2,7.6,200703310POR-POR,200703310POR-LAC,POR-2007,0,2007,282.72,0.7113636363636399,roybr01-2007
outlatr01,33.6,0,200703310POR-POR,200703310POR-LAC,POR-2007,0,2007,0,0.7113636363636399,outlatr01-2007
webstma02,30.816666666666666,-0.2,200703310POR-POR,200703310POR-LAC,POR-2007,0,2007,-6.163333333333334,0.7113636363636399,webstma02-2007
jonesfr01,25.783333333333335,-1.7,200703310POR-POR,200703310POR-LAC,POR-2007,0,2007,-43.83166666666667,0.7113636363636399,jonesfr01-2007
rodrise01,20.083333333333332,-4,200703310POR-POR,200703310POR-LAC,POR-2007,0,2007,-80.33333333333333,0.7113636363636399,rodrise01-2007
lafrera01,17.566666666666666,3.9,200703310POR-POR,200703310POR-LAC,POR-2007,0,2007,68.50999999999999,0.7113636363636399,lafrera01-2007
dickada01,15.15,4.4,200703310POR-POR,200703310POR-LAC,POR-2007,0,2007,66.66000000000001,0.7113636363636399,dickada01-2007
jackja01,9.8,-5.8,200703310POR-POR,200703310POR-LAC,POR-2007,0,2007,-56.84,0.7113636363636399,jackja01-2007
aldrila01,7.266666666666667,-3.3,200703310POR-POR,200703310POR-LAC,POR-2007,0,2007,-23.979999999999997,0.7113636363636399,aldrila01-2007
schenlu01,2.95,0,200703310POR-POR,200703310POR-LAC,POR-2007,0,2007,0,0.7113636363636399,schenlu01-2007
outlatr01,36,4.9,200704040POR-POR,200704040POR-UTA,POR-2007,1,2007,176.4,58.8089393939394,outlatr01-2007
magloja01,35.983333333333334,3.1,200704040POR-POR,200704040POR-UTA,POR-2007,1,2007,111.54833333333335,58.8089393939394,magloja01-2007
roybr01,34.28333333333333,10.5,200704040POR-POR,200704040POR-UTA,POR-2007,1,2007,359.97499999999997,58.8089393939394,roybr01-2007
jackja01,30.183333333333334,8.3,200704040POR-POR,200704040POR-UTA,POR-2007,1,2007,250.5216666666667,58.8089393939394,jackja01-2007
udokaim01,25.7,-5.2,200704040POR-POR,200704040POR-UTA,POR-2007,1,2007,-133.64000000000001,58.8089393939394,udokaim01-2007
jonesfr01,23.433333333333334,1.9,200704040POR-POR,200704040POR-UTA,POR-2007,1,2007,44.52333333333333,58.8089393939394,jonesfr01-2007
rodrise01,17.816666666666666,-4.7,200704040POR-POR,200704040POR-UTA,POR-2007,1,2007,-83.73833333333333,58.8089393939394,rodrise01-2007
webstma02,12.583333333333334,-2.9,200704040POR-POR,200704040POR-UTA,POR-2007,1,2007,-36.49166666666667,58.8089393939394,webstma02-2007
lafrera01,12.533333333333333,-4.1,200704040POR-POR,200704040POR-UTA,POR-2007,1,2007,-51.38666666666666,58.8089393939394,lafrera01-2007
schenlu01,11.483333333333333,0.8,200704040POR-POR,200704040POR-UTA,POR-2007,1,2007,9.186666666666666,58.8089393939394,schenlu01-2007
dickada01,0.016666666666666666,0,200704040POR-POR,200704040POR-UTA,POR-2007,1,2007,0,58.8089393939394,dickada01-2007
alstora01,42.233333333333334,-2.9,200704060HOU-HOU,200704060HOU-POR,HOU-2007,0,2007,-122.47666666666666,13.120833333333335,alstora01-2007
headlu01,38.63333333333333,2.7,200704060HOU-HOU,200704060HOU-POR,HOU-2007,0,2007,104.31,13.120833333333335,headlu01-2007
battish01,37.96666666666667,4.1,200704060HOU-HOU,200704060HOU-POR,HOU-2007,0,2007,155.66333333333333,13.120833333333335,battish01-2007
hayesch01,35.63333333333333,1.3,200704060HOU-HOU,200704060HOU-POR,HOU-2007,0,2007,46.32333333333334,13.120833333333335,hayesch01-2007
howarju01,28.316666666666666,0.2,200704060HOU-HOU,200704060HOU-POR,HOU-2007,0,2007,5.663333333333334,13.120833333333335,howarju01-2007
wellsbo01,22.616666666666667,-4.6,200704060HOU-HOU,200704060HOU-POR,HOU-2007,0,2007,-104.03666666666666,13.120833333333335,wellsbo01-2007
snydeki01,19.933333333333334,1.2,200704060HOU-HOU,200704060HOU-POR,HOU-2007,0,2007,23.919999999999998,13.120833333333335,snydeki01-2007
mutomdi01,14.666666666666666,-0.3,200704060HOU-HOU,200704060HOU-POR,HOU-2007,0,2007,-4.3999999999999995,13.120833333333335,mutomdi01-2007
terryja01,36.05,12.2,200704070DAL-DAL,200704070DAL-POR,DAL-2007,1,2007,439.80999999999995,45.48984848484848,terryja01-2007
harride01,30.783333333333335,2.3,200704070DAL-DAL,200704070DAL-POR,DAL-2007,1,2007,70.80166666666666,45.48984848484848,harride01-2007
nowitdi01,26.383333333333333,-1.5,200704070DAL-DAL,200704070DAL-POR,DAL-2007,1,2007,-39.575,45.48984848484848,nowitdi01-2007
buckngr01,25.75,-3.3,200704070DAL-DAL,200704070DAL-POR,DAL-2007,1,2007,-84.975,45.48984848484848,buckngr01-2007
georgde01,25.633333333333333,3.2,200704070DAL-DAL,200704070DAL-POR,DAL-2007,1,2007,82.02666666666667,45.48984848484848,georgde01-2007
diopde01,25.6,1,200704070DAL-DAL,200704070DAL-POR,DAL-2007,1,2007,25.6,45.48984848484848,diopde01-2007
agerma01,24.883333333333333,0.1,200704070DAL-DAL,200704070DAL-POR,DAL-2007,1,2007,2.4883333333333333,45.48984848484848,agerma01-2007
croshau01,21.633333333333333,1.1,200704070DAL-DAL,200704070DAL-POR,DAL-2007,1,2007,23.796666666666667,45.48984848484848,croshau01-2007
dampier01,20.466666666666665,-0.9,200704070DAL-DAL,200704070DAL-POR,DAL-2007,1,2007,-18.419999999999998,45.48984848484848,dampier01-2007
bareajo01,1.5166666666666666,0.1,200704070DAL-DAL,200704070DAL-POR,DAL-2007,1,2007,0.15166666666666667,45.48984848484848,bareajo01-2007
willike02,1.3166666666666667,-1,200704070DAL-DAL,200704070DAL-POR,DAL-2007,1,2007,-1.3166666666666667,45.48984848484848,willike02-2007
bowenbr01,34.65,4.4,200704090SAS-SAS,200704090SAS-POR,SAS-2007,1,2007,152.46,47.00152777777778,bowenbr01-2007
parketo01,30.25,8.8,200704090SAS-SAS,200704090SAS-POR,SAS-2007,1,2007,266.20000000000005,47.00152777777778,parketo01-2007
duncati01,29,3.6,200704090SAS-SAS,200704090SAS-POR,SAS-2007,1,2007,104.4,47.00152777777778,duncati01-2007
finlemi01,27.566666666666666,-0.4,200704090SAS-SAS,200704090SAS-POR,SAS-2007,1,2007,-11.026666666666667,47.00152777777778,finlemi01-2007
ginobma01,27.066666666666666,-2,200704090SAS-SAS,200704090SAS-POR,SAS-2007,1,2007,-54.13333333333333,47.00152777777778,ginobma01-2007
whiteja02,19.616666666666667,0.2,200704090SAS-SAS,200704090SAS-POR,SAS-2007,1,2007,3.923333333333334,47.00152777777778,whiteja02-2007
elsonfr01,17.916666666666668,-1.8,200704090SAS-SAS,200704090SAS-POR,SAS-2007,1,2007,-32.25,47.00152777777778,elsonfr01-2007
vaughja01,17.75,3.5,200704090SAS-SAS,200704090SAS-POR,SAS-2007,1,2007,62.125,47.00152777777778,vaughja01-2007
bonnema01,16.1,4.2,200704090SAS-SAS,200704090SAS-POR,SAS-2007,1,2007,67.62,47.00152777777778,bonnema01-2007
obertfa01,13.25,0.2,200704090SAS-SAS,200704090SAS-POR,SAS-2007,1,2007,2.6500000000000004,47.00152777777778,obertfa01-2007
butleja01,3.4166666666666665,2.5,200704090SAS-SAS,200704090SAS-POR,SAS-2007,1,2007,8.541666666666666,47.00152777777778,butleja01-2007
udrihbe01,3.4166666666666665,-1.9,200704090SAS-SAS,200704090SAS-POR,SAS-2007,1,2007,-6.491666666666666,47.00152777777778,udrihbe01-2007
roybr01,38.916666666666664,3.8,200704110POR-POR,200704110POR-HOU,POR-2007,0,2007,147.88333333333333,35.61066666666667,roybr01-2007
magloja01,32.9,1.8,200704110POR-POR,200704110POR-HOU,POR-2007,0,2007,59.22,35.61066666666667,magloja01-2007
outlatr01,30.15,1.1,200704110POR-POR,200704110POR-HOU,POR-2007,0,2007,33.165,35.61066666666667,outlatr01-2007
webstma02,29.816666666666666,-2,200704110POR-POR,200704110POR-HOU,POR-2007,0,2007,-59.63333333333333,35.61066666666667,webstma02-2007
jonesfr01,28.283333333333335,9,200704110POR-POR,200704110POR-HOU,POR-2007,0,2007,254.55,35.61066666666667,jonesfr01-2007
jackja01,22.716666666666665,-0.6,200704110POR-POR,200704110POR-HOU,POR-2007,0,2007,-13.629999999999999,35.61066666666667,jackja01-2007
lafrera01,17.85,-2,200704110POR-POR,200704110POR-HOU,POR-2007,0,2007,-35.7,35.61066666666667,lafrera01-2007
dickada01,15.65,0,200704110POR-POR,200704110POR-HOU,POR-2007,0,2007,0,35.61066666666667,dickada01-2007
schenlu01,15.1,-1,200704110POR-POR,200704110POR-HOU,POR-2007,0,2007,-15.1,35.61066666666667,schenlu01-2007
rodrise01,8.616666666666667,-1.7,200704110POR-POR,200704110POR-HOU,POR-2007,0,2007,-14.648333333333333,35.61066666666667,rodrise01-2007
moblecu01,41.25,11,200704130LAC-LAC,200704130LAC-POR,LAC-2007,1,2007,453.75,52.431363636363635,moblecu01-2007
kamanch01,31.75,-1.7,200704130LAC-LAC,200704130LAC-POR,LAC-2007,1,2007,-53.975,52.431363636363635,kamanch01-2007
brandel01,30.933333333333334,4.4,200704130LAC-LAC,200704130LAC-POR,LAC-2007,1,2007,136.10666666666668,52.431363636363635,brandel01-2007
hartja01,30.7,-1.4,200704130LAC-LAC,200704130LAC-POR,LAC-2007,1,2007,-42.98,52.431363636363635,hartja01-2007
maggeco01,30.55,0.6,200704130LAC-LAC,200704130LAC-POR,LAC-2007,1,2007,18.33,52.431363636363635,maggeco01-2007
thomati01,26.7,0,200704130LAC-LAC,200704130LAC-POR,LAC-2007,1,2007,0,52.431363636363635,thomati01-2007
rossqu01,20.816666666666666,5.7,200704130LAC-LAC,200704130LAC-POR,LAC-2007,1,2007,118.655,52.431363636363635,rossqu01-2007
cassesa01,17.3,-3.2,200704130LAC-LAC,200704130LAC-POR,LAC-2007,1,2007,-55.36000000000001,52.431363636363635,cassesa01-2007
singlja01,4.366666666666666,-0.4,200704130LAC-LAC,200704130LAC-POR,LAC-2007,1,2007,-1.7466666666666666,52.431363636363635,singlja01-2007
ewingda01,3.3833333333333333,0.1,200704130LAC-LAC,200704130LAC-POR,LAC-2007,1,2007,0.3383333333333334,52.431363636363635,ewingda01-2007
davispa01,2.2666666666666666,1.6,200704130LAC-LAC,200704130LAC-POR,LAC-2007,1,2007,3.626666666666667,52.431363636363635,davispa01-2007
jonesfr01,44.666666666666664,-11,200704140POR-POR,200704140POR-SEA,POR-2007,1,2007,-491.3333333333333,4.46425925925926,jonesfr01-2007
webstma02,34.55,5.4,200704140POR-POR,200704140POR-SEA,POR-2007,1,2007,186.57,4.46425925925926,webstma02-2007
magloja01,31.666666666666668,1.1,200704140POR-POR,200704140POR-SEA,POR-2007,1,2007,34.833333333333336,4.46425925925926,magloja01-2007
jackja01,30.966666666666665,6.8,200704140POR-POR,200704140POR-SEA,POR-2007,1,2007,210.57333333333332,4.46425925925926,jackja01-2007
outlatr01,27.533333333333335,3.9,200704140POR-POR,200704140POR-SEA,POR-2007,1,2007,107.38000000000001,4.46425925925926,outlatr01-2007
lafrera01,20.933333333333334,-2.5,200704140POR-POR,200704140POR-SEA,POR-2007,1,2007,-52.333333333333336,4.46425925925926,lafrera01-2007
rodrise01,18.966666666666665,3.8,200704140POR-POR,200704140POR-SEA,POR-2007,1,2007,72.07333333333332,4.46425925925926,rodrise01-2007
schenlu01,15.6,-0.7,200704140POR-POR,200704140POR-SEA,POR-2007,1,2007,-10.92,4.46425925925926,schenlu01-2007
dickada01,15.15,-1.1,200704140POR-POR,200704140POR-SEA,POR-2007,1,2007,-16.665000000000003,4.46425925925926,dickada01-2007
willide01,30.316666666666666,-4.9,200704160UTA-UTA,200704160UTA-POR,UTA-2007,1,2007,-148.55166666666668,56.73277777777778,willide01-2007
boozeca01,29.416666666666668,8.2,200704160UTA-UTA,200704160UTA-POR,UTA-2007,1,2007,241.21666666666667,56.73277777777778,boozeca01-2007
fishede01,27.2,7.4,200704160UTA-UTA,200704160UTA-POR,UTA-2007,1,2007,201.28,56.73277777777778,fishede01-2007
okurme01,25.666666666666668,-4.2,200704160UTA-UTA,200704160UTA-POR,UTA-2007,1,2007,-107.80000000000001,56.73277777777778,okurme01-2007
kirilan01,23.683333333333334,6.7,200704160UTA-UTA,200704160UTA-POR,UTA-2007,1,2007,158.67833333333334,56.73277777777778,kirilan01-2007
giricgo01,22.95,7.5,200704160UTA-UTA,200704160UTA-POR,UTA-2007,1,2007,172.125,56.73277777777778,giricgo01-2007
harprma01,22.65,-3.5,200704160UTA-UTA,200704160UTA-POR,UTA-2007,1,2007,-79.27499999999999,56.73277777777778,harprma01-2007
millspa01,20.25,9.5,200704160UTA-UTA,200704160UTA-POR,UTA-2007,1,2007,192.375,56.73277777777778,millspa01-2007
brownde03,15.533333333333333,3.6,200704160UTA-UTA,200704160UTA-POR,UTA-2007,1,2007,55.92,56.73277777777778,brownde03-2007
collija03,12.45,-0.2,200704160UTA-UTA,200704160UTA-POR,UTA-2007,1,2007,-2.49,56.73277777777778,collija03-2007
brewero02,5.333333333333333,1.8,200704160UTA-UTA,200704160UTA-POR,UTA-2007,1,2007,9.6,56.73277777777778,brewero02-2007
araujra01,4.55,-2.7,200704160UTA-UTA,200704160UTA-POR,UTA-2007,1,2007,-12.285,56.73277777777778,araujra01-2007
outlatr01,40.233333333333334,9.1,200704180POR-POR,200704180POR-GSW,POR-2007,0,2007,366.12333333333333,-7.478518518518516,outlatr01-2007
magloja01,34.8,0.5,200704180POR-POR,200704180POR-GSW,POR-2007,0,2007,17.4,-7.478518518518516,magloja01-2007
dickada01,31.683333333333334,-1.7,200704180POR-POR,200704180POR-GSW,POR-2007,0,2007,-53.861666666666665,-7.478518518518516,dickada01-2007
webstma02,31.133333333333333,-0.3,200704180POR-POR,200704180POR-GSW,POR-2007,0,2007,-9.34,-7.478518518518516,webstma02-2007
jonesfr01,29.366666666666667,-0.9,200704180POR-POR,200704180POR-GSW,POR-2007,0,2007,-26.43,-7.478518518518516,jonesfr01-2007
jackja01,27.833333333333332,-10,200704180POR-POR,200704180POR-GSW,POR-2007,0,2007,-278.3333333333333,-7.478518518518516,jackja01-2007
rodrise01,23.983333333333334,-2.5,200704180POR-POR,200704180POR-GSW,POR-2007,0,2007,-59.958333333333336,-7.478518518518516,rodrise01-2007
lafrera01,15.366666666666667,-1.6,200704180POR-POR,200704180POR-GSW,POR-2007,0,2007,-24.58666666666667,-7.478518518518516,lafrera01-2007
schenlu01,5.6,0.3,200704180POR-POR,200704180POR-GSW,POR-2007,0,2007,1.68,-7.478518518518516,schenlu01-2007
jackja01,44.233333333333334,1,200611010SEA-POR,200611010SEA-SEA,POR-2007,1,2007,44.233333333333334,35.469833333333334,jackja01-2007
roybr01,35.4,-1.1,200611010SEA-POR,200611010SEA-SEA,POR-2007,1,2007,-38.940000000000005,35.469833333333334,roybr01-2007
randoza01,33.56666666666667,4.9,200611010SEA-POR,200611010SEA-SEA,POR-2007,1,2007,164.4766666666667,35.469833333333334,randoza01-2007
udokaim01,25.516666666666666,0.4,200611010SEA-POR,200611010SEA-SEA,POR-2007,1,2007,10.206666666666667,35.469833333333334,udokaim01-2007
outlatr01,24.016666666666666,2.3,200611010SEA-POR,200611010SEA-SEA,POR-2007,1,2007,55.23833333333333,35.469833333333334,outlatr01-2007
dixonju01,23.016666666666666,5.4,200611010SEA-POR,200611010SEA-SEA,POR-2007,1,2007,124.29,35.469833333333334,dixonju01-2007
magloja01,19.216666666666665,1.2,200611010SEA-POR,200611010SEA-SEA,POR-2007,1,2007,23.06,35.469833333333334,magloja01-2007
webstma02,14.483333333333333,0.7,200611010SEA-POR,200611010SEA-SEA,POR-2007,1,2007,10.138333333333332,35.469833333333334,webstma02-2007
przybjo01,12.85,-1.1,200611010SEA-POR,200611010SEA-SEA,POR-2007,1,2007,-14.135000000000002,35.469833333333334,przybjo01-2007
lafrera01,7.7,-3.1,200611010SEA-POR,200611010SEA-SEA,POR-2007,1,2007,-23.87,35.469833333333334,lafrera01-2007
randoza01,38.46666666666667,-0.1,200611030GSW-POR,200611030GSW-GSW,POR-2007,0,2007,-3.846666666666667,10.863055555555553,randoza01-2007
jackja01,38.3,5.1,200611030GSW-POR,200611030GSW-GSW,POR-2007,0,2007,195.32999999999998,10.863055555555553,jackja01-2007
roybr01,38.016666666666666,3.2,200611030GSW-POR,200611030GSW-GSW,POR-2007,0,2007,121.65333333333334,10.863055555555553,roybr01-2007
magloja01,27.933333333333334,-3.1,200611030GSW-POR,200611030GSW-GSW,POR-2007,0,2007,-86.59333333333333,10.863055555555553,magloja01-2007
udokaim01,20.833333333333332,-3.2,200611030GSW-POR,200611030GSW-GSW,POR-2007,0,2007,-66.66666666666667,10.863055555555553,udokaim01-2007
grahast01,19.1,-1.1,200611030GSW-POR,200611030GSW-GSW,POR-2007,0,2007,-21.01,10.863055555555553,grahast01-2007
webstma02,16.133333333333333,7.5,200611030GSW-POR,200611030GSW-GSW,POR-2007,0,2007,121,10.863055555555553,webstma02-2007
dixonju01,16.033333333333335,-4.4,200611030GSW-POR,200611030GSW-GSW,POR-2007,0,2007,-70.54666666666668,10.863055555555553,dixonju01-2007
przybjo01,11.083333333333334,-1,200611030GSW-POR,200611030GSW-GSW,POR-2007,0,2007,-11.083333333333334,10.863055555555553,przybjo01-2007
outlatr01,9.8,-5.5,200611030GSW-POR,200611030GSW-GSW,POR-2007,0,2007,-53.900000000000006,10.863055555555553,outlatr01-2007
dickada01,2.15,1.8,200611030GSW-POR,200611030GSW-GSW,POR-2007,0,2007,3.87,10.863055555555553,dickada01-2007
rodrise01,2.15,1,200611030GSW-POR,200611030GSW-GSW,POR-2007,0,2007,2.15,10.863055555555553,rodrise01-2007
jamesmi01,37.78333333333333,7.9,200611040POR-MIN,200611040POR-POR,MIN-2007,0,2007,298.48833333333334,43.26133333333333,jamesmi01-2007
garneke01,36.916666666666664,4.7,200611040POR-MIN,200611040POR-POR,MIN-2007,0,2007,173.50833333333333,43.26133333333333,garneke01-2007
davisri01,36.583333333333336,4.1,200611040POR-MIN,200611040POR-POR,MIN-2007,0,2007,149.99166666666667,43.26133333333333,davisri01-2007
hassetr01,32.8,-2.3,200611040POR-MIN,200611040POR-POR,MIN-2007,0,2007,-75.43999999999998,43.26133333333333,hassetr01-2007
blounma01,27.016666666666666,-0.3,200611040POR-MIN,200611040POR-POR,MIN-2007,0,2007,-8.104999999999999,43.26133333333333,blounma01-2007
smithcr01,22.733333333333334,-1.2,200611040POR-MIN,200611040POR-POR,MIN-2007,0,2007,-27.28,43.26133333333333,smithcr01-2007
jaricma01,20.583333333333332,-2.2,200611040POR-MIN,200611040POR-POR,MIN-2007,0,2007,-45.28333333333333,43.26133333333333,jaricma01-2007
griffed01,9.333333333333334,1.8,200611040POR-MIN,200611040POR-POR,MIN-2007,0,2007,16.8,43.26133333333333,griffed01-2007
hudsotr01,8.583333333333334,-3.6,200611040POR-MIN,200611040POR-POR,MIN-2007,0,2007,-30.900000000000002,43.26133333333333,hudsotr01-2007
foyera01,7.666666666666667,-2.5,200611040POR-MIN,200611040POR-POR,MIN-2007,0,2007,-19.166666666666668,43.26133333333333,foyera01-2007
jackja01,38.266666666666666,6,200611060LAC-POR,200611060LAC-LAC,POR-2007,0,2007,229.6,41.00616666666667,jackja01-2007
dixonju01,37.95,-4.1,200611060LAC-POR,200611060LAC-LAC,POR-2007,0,2007,-155.595,41.00616666666667,dixonju01-2007
randoza01,37.733333333333334,16.3,200611060LAC-POR,200611060LAC-LAC,POR-2007,0,2007,615.0533333333334,41.00616666666667,randoza01-2007
udokaim01,33.53333333333333,2.6,200611060LAC-POR,200611060LAC-LAC,POR-2007,0,2007,87.18666666666667,41.00616666666667,udokaim01-2007
outlatr01,27.55,-2.5,200611060LAC-POR,200611060LAC-LAC,POR-2007,0,2007,-68.875,41.00616666666667,outlatr01-2007
magloja01,22.5,-6.1,200611060LAC-POR,200611060LAC-LAC,POR-2007,0,2007,-137.25,41.00616666666667,magloja01-2007
webstma02,15.45,-6.1,200611060LAC-POR,200611060LAC-LAC,POR-2007,0,2007,-94.24499999999999,41.00616666666667,webstma02-2007
roybr01,14.366666666666667,-1.5,200611060LAC-POR,200611060LAC-LAC,POR-2007,0,2007,-21.55,41.00616666666667,roybr01-2007
grahast01,10.116666666666667,-4.2,200611060LAC-POR,200611060LAC-LAC,POR-2007,0,2007,-42.49,41.00616666666667,grahast01-2007
dickada01,2.533333333333333,-0.7,200611060LAC-POR,200611060LAC-LAC,POR-2007,0,2007,-1.7733333333333332,41.00616666666667,dickada01-2007
odomla01,42.7,-3.9,200611080POR-LAL,200611080POR-POR,LAL-2007,0,2007,-166.53,16.686250000000005,odomla01-2007
waltolu01,36.833333333333336,11.2,200611080POR-LAL,200611080POR-POR,LAL-2007,0,2007,412.53333333333336,16.686250000000005,waltolu01-2007
bryanko01,36.11666666666667,3.8,200611080POR-LAL,200611080POR-POR,LAL-2007,0,2007,137.24333333333334,16.686250000000005,bryanko01-2007
parkesm01,26.55,-0.5,200611080POR-LAL,200611080POR-POR,LAL-2007,0,2007,-13.275,16.686250000000005,parkesm01-2007
bynuman01,20.9,-3.1,200611080POR-LAL,200611080POR-POR,LAL-2007,0,2007,-64.78999999999999,16.686250000000005,bynuman01-2007
turiaro01,18.383333333333333,0.7,200611080POR-LAL,200611080POR-POR,LAL-2007,0,2007,12.868333333333332,16.686250000000005,turiaro01-2007
farmajo01,13.316666666666666,-6.7,200611080POR-LAL,200611080POR-POR,LAL-2007,0,2007,-89.22166666666666,16.686250000000005,farmajo01-2007
radmavl01,12.933333333333334,-0.8,200611080POR-LAL,200611080POR-POR,LAL-2007,0,2007,-10.346666666666668,16.686250000000005,radmavl01-2007
evansma01,11.883333333333333,0.2,200611080POR-LAL,200611080POR-POR,LAL-2007,0,2007,2.3766666666666665,16.686250000000005,evansma01-2007
vujacsa01,10,-2.7,200611080POR-LAL,200611080POR-POR,LAL-2007,0,2007,-27,16.686250000000005,vujacsa01-2007
cookbr01,6.083333333333333,0.2,200611080POR-LAL,200611080POR-POR,LAL-2007,0,2007,1.2166666666666668,16.686250000000005,cookbr01-2007
willish01,4.3,1.2,200611080POR-LAL,200611080POR-POR,LAL-2007,0,2007,5.159999999999999,16.686250000000005,willish01-2007
westda01,43.45,-2.3,200611100POR-NOK,200611100POR-POR,NOK-2007,0,2007,-99.935,35.49666666666666,westda01-2007
paulch01,39.13333333333333,0,200611100POR-NOK,200611100POR-POR,NOK-2007,0,2007,0,35.49666666666666,paulch01-2007
masonde01,35.233333333333334,6,200611100POR-NOK,200611100POR-POR,NOK-2007,0,2007,211.4,35.49666666666666,masonde01-2007
stojape01,33.666666666666664,5.6,200611100POR-NOK,200611100POR-POR,NOK-2007,0,2007,188.5333333333333,35.49666666666666,stojape01-2007
jacksbo01,26.366666666666667,3.2,200611100POR-NOK,200611100POR-POR,NOK-2007,0,2007,84.37333333333333,35.49666666666666,jacksbo01-2007
chandty01,19.416666666666668,2.7,200611100POR-NOK,200611100POR-POR,NOK-2007,0,2007,52.425000000000004,35.49666666666666,chandty01-2007
simmoce01,16,-0.3,200611100POR-NOK,200611100POR-POR,NOK-2007,0,2007,-4.8,35.49666666666666,simmoce01-2007
butlera01,13.366666666666667,-3.7,200611100POR-NOK,200611100POR-POR,NOK-2007,0,2007,-49.45666666666667,35.49666666666666,butlera01-2007
pargoja01,8.883333333333333,-2.8,200611100POR-NOK,200611100POR-POR,NOK-2007,0,2007,-24.87333333333333,35.49666666666666,pargoja01-2007
johnsli01,4.5,-0.6,200611100POR-NOK,200611100POR-POR,NOK-2007,0,2007,-2.6999999999999997,35.49666666666666,johnsli01-2007
nowitdi01,39.65,8.8,200611120POR-DAL,200611120POR-POR,DAL-2007,1,2007,348.92,72.25833333333333,nowitdi01-2007
terryja01,35.63333333333333,6.8,200611120POR-DAL,200611120POR-POR,DAL-2007,1,2007,242.30666666666664,72.25833333333333,terryja01-2007
stackje01,33.1,4.6,200611120POR-DAL,200611120POR-POR,DAL-2007,1,2007,152.26,72.25833333333333,stackje01-2007
harride01,31.416666666666668,0.3,200611120POR-DAL,200611120POR-POR,DAL-2007,1,2007,9.425,72.25833333333333,harride01-2007
dampier01,28.416666666666668,-2.2,200611120POR-DAL,200611120POR-POR,DAL-2007,1,2007,-62.51666666666667,72.25833333333333,dampier01-2007
buckngr01,23.833333333333332,2.2,200611120POR-DAL,200611120POR-POR,DAL-2007,1,2007,52.43333333333334,72.25833333333333,buckngr01-2007
diopde01,19.016666666666666,1.9,200611120POR-DAL,200611120POR-POR,DAL-2007,1,2007,36.13166666666666,72.25833333333333,diopde01-2007
johnsan02,16.6,-1.5,200611120POR-DAL,200611120POR-POR,DAL-2007,1,2007,-24.900000000000002,72.25833333333333,johnsan02-2007
georgde01,9.633333333333333,-2.7,200611120POR-DAL,200611120POR-POR,DAL-2007,1,2007,-26.01,72.25833333333333,georgde01-2007
agerma01,2.7333333333333334,-2,200611120POR-DAL,200611120POR-POR,DAL-2007,1,2007,-5.466666666666667,72.25833333333333,agerma01-2007
randoza01,34.666666666666664,4.7,200611140MIN-POR,200611140MIN-MIN,POR-2007,0,2007,162.93333333333334,-2.156060606060605,randoza01-2007
jackja01,31.233333333333334,-2.6,200611140MIN-POR,200611140MIN-MIN,POR-2007,0,2007,-81.20666666666668,-2.156060606060605,jackja01-2007
grahast01,30.583333333333332,-3.5,200611140MIN-POR,200611140MIN-MIN,POR-2007,0,2007,-107.04166666666666,-2.156060606060605,grahast01-2007
outlatr01,27.816666666666666,-4.1,200611140MIN-POR,200611140MIN-MIN,POR-2007,0,2007,-114.04833333333332,-2.156060606060605,outlatr01-2007
aldrila01,25.15,0.9,200611140MIN-POR,200611140MIN-MIN,POR-2007,0,2007,22.634999999999998,-2.156060606060605,aldrila01-2007
webstma02,22.3,3.7,200611140MIN-POR,200611140MIN-MIN,POR-2007,0,2007,82.51,-2.156060606060605,webstma02-2007
dixonju01,20.4,1,200611140MIN-POR,200611140MIN-MIN,POR-2007,0,2007,20.4,-2.156060606060605,dixonju01-2007
udokaim01,19.25,0.7,200611140MIN-POR,200611140MIN-MIN,POR-2007,0,2007,13.475,-2.156060606060605,udokaim01-2007
rodrise01,12,2.8,200611140MIN-POR,200611140MIN-MIN,POR-2007,0,2007,33.599999999999994,-2.156060606060605,rodrise01-2007
magloja01,11.85,-3.4,200611140MIN-POR,200611140MIN-MIN,POR-2007,0,2007,-40.29,-2.156060606060605,magloja01-2007
dickada01,4.766666666666667,-3.5,200611140MIN-POR,200611140MIN-MIN,POR-2007,0,2007,-16.683333333333334,-2.156060606060605,dickada01-2007
randoza01,36.88333333333333,-1.5,200611150CLE-POR,200611150CLE-CLE,POR-2007,0,2007,-55.325,10.335499999999998,randoza01-2007
dixonju01,30.133333333333333,4.8,200611150CLE-POR,200611150CLE-CLE,POR-2007,0,2007,144.64,10.335499999999998,dixonju01-2007
outlatr01,28.983333333333334,-0.5,200611150CLE-POR,200611150CLE-CLE,POR-2007,0,2007,-14.491666666666667,10.335499999999998,outlatr01-2007
udokaim01,26.583333333333332,-0.5,200611150CLE-POR,200611150CLE-CLE,POR-2007,0,2007,-13.291666666666666,10.335499999999998,udokaim01-2007
rodrise01,26.016666666666666,0.9,200611150CLE-POR,200611150CLE-CLE,POR-2007,0,2007,23.415,10.335499999999998,rodrise01-2007
aldrila01,22.716666666666665,9.4,200611150CLE-POR,200611150CLE-CLE,POR-2007,0,2007,213.53666666666666,10.335499999999998,aldrila01-2007
jackja01,21.983333333333334,-2.5,200611150CLE-POR,200611150CLE-CLE,POR-2007,0,2007,-54.958333333333336,10.335499999999998,jackja01-2007
magloja01,16.516666666666666,-4.6,200611150CLE-POR,200611150CLE-CLE,POR-2007,0,2007,-75.97666666666666,10.335499999999998,magloja01-2007
webstma02,15.9,-2.6,200611150CLE-POR,200611150CLE-CLE,POR-2007,0,2007,-41.34,10.335499999999998,webstma02-2007
grahast01,14.283333333333333,-1.6,200611150CLE-POR,200611150CLE-CLE,POR-2007,0,2007,-22.853333333333335,10.335499999999998,grahast01-2007
jackja01,37.43333333333333,-6.6,200611170BOS-POR,200611170BOS-BOS,POR-2007,0,2007,-247.05999999999997,-21.349696969696964,jackja01-2007
randoza01,33.28333333333333,1.5,200611170BOS-POR,200611170BOS-BOS,POR-2007,0,2007,49.925,-21.349696969696964,randoza01-2007
dixonju01,31.75,-0.7,200611170BOS-POR,200611170BOS-BOS,POR-2007,0,2007,-22.224999999999998,-21.349696969696964,dixonju01-2007
udokaim01,28.883333333333333,3,200611170BOS-POR,200611170BOS-BOS,POR-2007,0,2007,86.65,-21.349696969696964,udokaim01-2007
aldrila01,26.816666666666666,5.7,200611170BOS-POR,200611170BOS-BOS,POR-2007,0,2007,152.855,-21.349696969696964,aldrila01-2007
outlatr01,21.8,-0.2,200611170BOS-POR,200611170BOS-BOS,POR-2007,0,2007,-4.36,-21.349696969696964,outlatr01-2007
webstma02,18.816666666666666,-2.5,200611170BOS-POR,200611170BOS-BOS,POR-2007,0,2007,-47.041666666666664,-21.349696969696964,webstma02-2007
rodrise01,18.083333333333332,-9.1,200611170BOS-POR,200611170BOS-BOS,POR-2007,0,2007,-164.5583333333333,-21.349696969696964,rodrise01-2007
magloja01,10.65,0.3,200611170BOS-POR,200611170BOS-BOS,POR-2007,0,2007,3.195,-21.349696969696964,magloja01-2007
grahast01,9.666666666666666,-4.6,200611170BOS-POR,200611170BOS-BOS,POR-2007,0,2007,-44.46666666666666,-21.349696969696964,grahast01-2007
dickada01,2.8,0.8,200611170BOS-POR,200611170BOS-BOS,POR-2007,0,2007,2.2399999999999998,-21.349696969696964,dickada01-2007
jackja01,38.4,6.6,200611180NJN-POR,200611180NJN-NJN,POR-2007,1,2007,253.43999999999997,58.12181818181818,jackja01-2007
udokaim01,35.85,3.2,200611180NJN-POR,200611180NJN-NJN,POR-2007,1,2007,114.72000000000001,58.12181818181818,udokaim01-2007
aldrila01,34.06666666666667,3.3,200611180NJN-POR,200611180NJN-NJN,POR-2007,1,2007,112.42,58.12181818181818,aldrila01-2007
randoza01,32.36666666666667,2.8,200611180NJN-POR,200611180NJN-NJN,POR-2007,1,2007,90.62666666666667,58.12181818181818,randoza01-2007
dixonju01,29.7,1.2,200611180NJN-POR,200611180NJN-NJN,POR-2007,1,2007,35.64,58.12181818181818,dixonju01-2007
webstma02,26.883333333333333,1.6,200611180NJN-POR,200611180NJN-NJN,POR-2007,1,2007,43.013333333333335,58.12181818181818,webstma02-2007
outlatr01,17.683333333333334,-1.3,200611180NJN-POR,200611180NJN-NJN,POR-2007,1,2007,-22.988333333333333,58.12181818181818,outlatr01-2007
magloja01,14.366666666666667,-0.2,200611180NJN-POR,200611180NJN-NJN,POR-2007,1,2007,-2.8733333333333335,58.12181818181818,magloja01-2007
dickada01,6.983333333333333,2.1,200611180NJN-POR,200611180NJN-NJN,POR-2007,1,2007,14.665000000000001,58.12181818181818,dickada01-2007
rodrise01,2.6166666666666667,0.3,200611180NJN-POR,200611180NJN-NJN,POR-2007,1,2007,0.785,58.12181818181818,rodrise01-2007
grahast01,1.0833333333333333,-0.1,200611180NJN-POR,200611180NJN-NJN,POR-2007,1,2007,-0.10833333333333334,58.12181818181818,grahast01-2007
duncati01,35.93333333333333,8.4,200611200POR-SAS,200611200POR-POR,SAS-2007,1,2007,301.84,50.444861111111116,duncati01-2007
parketo01,31.733333333333334,-6.3,200611200POR-SAS,200611200POR-POR,SAS-2007,1,2007,-199.92,50.444861111111116,parketo01-2007
ginobma01,31.533333333333335,12.8,200611200POR-SAS,200611200POR-POR,SAS-2007,1,2007,403.6266666666667,50.444861111111116,ginobma01-2007
bowenbr01,30.35,4.1,200611200POR-SAS,200611200POR-POR,SAS-2007,1,2007,124.43499999999999,50.444861111111116,bowenbr01-2007
barrybr01,27.866666666666667,-1.5,200611200POR-SAS,200611200POR-POR,SAS-2007,1,2007,-41.8,50.444861111111116,barrybr01-2007
obertfa01,22.833333333333332,0.4,200611200POR-SAS,200611200POR-POR,SAS-2007,1,2007,9.133333333333333,50.444861111111116,obertfa01-2007
finlemi01,16.833333333333332,0.3,200611200POR-SAS,200611200POR-POR,SAS-2007,1,2007,5.05,50.444861111111116,finlemi01-2007
udrihbe01,16.266666666666666,-3.2,200611200POR-SAS,200611200POR-POR,SAS-2007,1,2007,-52.053333333333335,50.444861111111116,udrihbe01-2007
horryro01,13.416666666666666,4.2,200611200POR-SAS,200611200POR-POR,SAS-2007,1,2007,56.35,50.444861111111116,horryro01-2007
elsonfr01,11.3,-0.1,200611200POR-SAS,200611200POR-POR,SAS-2007,1,2007,-1.1300000000000001,50.444861111111116,elsonfr01-2007
willier01,1.3166666666666667,-0.1,200611200POR-SAS,200611200POR-POR,SAS-2007,1,2007,-0.13166666666666668,50.444861111111116,willier01-2007
bonnema01,0.6166666666666667,-0.1,200611200POR-SAS,200611200POR-POR,SAS-2007,1,2007,-0.061666666666666675,50.444861111111116,bonnema01-2007
cartevi01,39.96666666666667,9,200611220POR-NJN,200611220POR-POR,NJN-2007,0,2007,359.70000000000005,36.481666666666676,cartevi01-2007
kiddja01,36.65,5,200611220POR-NJN,200611220POR-POR,NJN-2007,0,2007,183.25,36.481666666666676,kiddja01-2007
jefferi01,36.18333333333333,-1.8,200611220POR-NJN,200611220POR-POR,NJN-2007,0,2007,-65.13,36.481666666666676,jefferi01-2007
collija04,34.43333333333333,-0.8,200611220POR-NJN,200611220POR-POR,NJN-2007,0,2007,-27.546666666666667,36.481666666666676,collija04-2007
krstine01,33.28333333333333,-0.7,200611220POR-NJN,200611220POR-POR,NJN-2007,0,2007,-23.298333333333332,36.481666666666676,krstine01-2007
wrighan01,20.833333333333332,-2.6,200611220POR-NJN,200611220POR-POR,NJN-2007,0,2007,-54.166666666666664,36.481666666666676,wrighan01-2007
willima03,13.85,-1.5,200611220POR-NJN,200611220POR-POR,NJN-2007,0,2007,-20.775,36.481666666666676,willima03-2007
mooremi01,12.583333333333334,-1.3,200611220POR-NJN,200611220POR-POR,NJN-2007,0,2007,-16.358333333333334,36.481666666666676,mooremi01-2007
nachbbo01,12.233333333333333,-0.6,200611220POR-NJN,200611220POR-POR,NJN-2007,0,2007,-7.339999999999999,36.481666666666676,nachbbo01-2007
randoza01,33.13333333333333,4.9,200611250SAC-POR,200611250SAC-SAC,POR-2007,0,2007,162.35333333333335,-7.289242424242422,randoza01-2007
aldrila01,31.283333333333335,-1.9,200611250SAC-POR,200611250SAC-SAC,POR-2007,0,2007,-59.43833333333333,-7.289242424242422,aldrila01-2007
udokaim01,30.3,3.6,200611250SAC-POR,200611250SAC-SAC,POR-2007,0,2007,109.08,-7.289242424242422,udokaim01-2007
jackja01,28.5,-3,200611250SAC-POR,200611250SAC-SAC,POR-2007,0,2007,-85.5,-7.289242424242422,jackja01-2007
outlatr01,27.2,-3.1,200611250SAC-POR,200611250SAC-SAC,POR-2007,0,2007,-84.32,-7.289242424242422,outlatr01-2007
webstma02,22.6,0.8,200611250SAC-POR,200611250SAC-SAC,POR-2007,0,2007,18.080000000000002,-7.289242424242422,webstma02-2007
magloja01,19.133333333333333,-1.2,200611250SAC-POR,200611250SAC-SAC,POR-2007,0,2007,-22.959999999999997,-7.289242424242422,magloja01-2007
dixonju01,18.183333333333334,-5,200611250SAC-POR,200611250SAC-SAC,POR-2007,0,2007,-90.91666666666667,-7.289242424242422,dixonju01-2007
dickada01,13.716666666666667,-0.1,200611250SAC-POR,200611250SAC-SAC,POR-2007,0,2007,-1.3716666666666668,-7.289242424242422,dickada01-2007
rodrise01,9.366666666666667,-2.9,200611250SAC-POR,200611250SAC-SAC,POR-2007,0,2007,-27.163333333333334,-7.289242424242422,rodrise01-2007
grahast01,6.583333333333333,0.3,200611250SAC-POR,200611250SAC-SAC,POR-2007,0,2007,1.9749999999999999,-7.289242424242422,grahast01-2007
bellra01,41.03333333333333,8.7,200611260POR-PHO,200611260POR-POR,PHO-2007,1,2007,356.98999999999995,88.8295,bellra01-2007
mariosh01,37.7,2.3,200611260POR-PHO,200611260POR-POR,PHO-2007,1,2007,86.71,88.8295,mariosh01-2007
nashst01,35.45,1.1,200611260POR-PHO,200611260POR-POR,PHO-2007,1,2007,38.995000000000005,88.8295,nashst01-2007
diawbo01,32.36666666666667,7.3,200611260POR-PHO,200611260POR-POR,PHO-2007,1,2007,236.27666666666667,88.8295,diawbo01-2007
thomaku01,31.7,0.3,200611260POR-PHO,200611260POR-POR,PHO-2007,1,2007,9.51,88.8295,thomaku01-2007
stoudam01,29.35,8.8,200611260POR-PHO,200611260POR-POR,PHO-2007,1,2007,258.28000000000003,88.8295,stoudam01-2007
banksma01,19.2,-5,200611260POR-PHO,200611260POR-POR,PHO-2007,1,2007,-96,88.8295,banksma01-2007
roseja01,7.716666666666667,0.6,200611260POR-PHO,200611260POR-POR,PHO-2007,1,2007,4.63,88.8295,roseja01-2007
jonesja02,2.9,-1.2,200611260POR-PHO,200611260POR-POR,PHO-2007,1,2007,-3.48,88.8295,jonesja02-2007
burkepa01,2.5833333333333335,-1.4,200611260POR-PHO,200611260POR-POR,PHO-2007,1,2007,-3.6166666666666667,88.8295,burkepa01-2007
onealje01,37.11666666666667,11.3,200611280POR-IND,200611280POR-POR,IND-2007,1,2007,419.41833333333335,54.781333333333336,onealje01-2007
grangda01,34.233333333333334,2.8,200611280POR-IND,200611280POR-POR,IND-2007,1,2007,95.85333333333332,54.781333333333336,grangda01-2007
jasiksa01,30.833333333333332,3.8,200611280POR-IND,200611280POR-POR,IND-2007,1,2007,117.16666666666666,54.781333333333336,jasiksa01-2007
harrial01,30.35,3.3,200611280POR-IND,200611280POR-POR,IND-2007,1,2007,100.155,54.781333333333336,harrial01-2007
jacksst02,28.216666666666665,-0.9,200611280POR-IND,200611280POR-POR,IND-2007,1,2007,-25.395,54.781333333333336,jacksst02-2007
fosteje01,24.933333333333334,-0.6,200611280POR-IND,200611280POR-POR,IND-2007,1,2007,-14.959999999999999,54.781333333333336,fosteje01-2007
tinslja01,22.833333333333332,-5.5,200611280POR-IND,200611280POR-POR,IND-2007,1,2007,-125.58333333333333,54.781333333333336,tinslja01-2007
armstda01,15.866666666666667,-0.5,200611280POR-IND,200611280POR-POR,IND-2007,1,2007,-7.933333333333334,54.781333333333336,armstda01-2007
daniema01,8.983333333333333,-0.4,200611280POR-IND,200611280POR-POR,IND-2007,1,2007,-3.5933333333333333,54.781333333333336,daniema01-2007
bastoma01,6.65,-1.1,200611280POR-IND,200611280POR-POR,IND-2007,1,2007,-7.315000000000001,54.781333333333336,bastoma01-2007
howardw01,41.083333333333336,9.4,200612010POR-ORL,200612010POR-POR,ORL-2007,1,2007,386.1833333333334,38.095000000000006,howardw01-2007
hillgr01,31.933333333333334,-1.7,200612010POR-ORL,200612010POR-POR,ORL-2007,1,2007,-54.28666666666667,38.095000000000006,hillgr01-2007
turkohe01,30.133333333333333,4.9,200612010POR-ORL,200612010POR-POR,ORL-2007,1,2007,147.65333333333334,38.095000000000006,turkohe01-2007
battito01,27.55,-3.3,200612010POR-ORL,200612010POR-POR,ORL-2007,1,2007,-90.91499999999999,38.095000000000006,battito01-2007
milicda01,27.35,-3,200612010POR-ORL,200612010POR-POR,ORL-2007,1,2007,-82.05000000000001,38.095000000000006,milicda01-2007
nelsoja01,26.183333333333334,-2.9,200612010POR-ORL,200612010POR-POR,ORL-2007,1,2007,-75.93166666666667,38.095000000000006,nelsoja01-2007
arroyca01,21.816666666666666,1.9,200612010POR-ORL,200612010POR-POR,ORL-2007,1,2007,41.45166666666666,38.095000000000006,arroyca01-2007
arizatr01,17.883333333333333,1.8,200612010POR-ORL,200612010POR-POR,ORL-2007,1,2007,32.19,38.095000000000006,arizatr01-2007
doolike01,16.066666666666666,2.4,200612010POR-ORL,200612010POR-POR,ORL-2007,1,2007,38.559999999999995,38.095000000000006,doolike01-2007
johnsjo02,45.416666666666664,11.6,200612030POR-ATL,200612030POR-POR,ATL-2007,1,2007,526.8333333333333,56.65848484848484,johnsjo02-2007
smithjo03,39.6,5.3,200612030POR-ATL,200612030POR-POR,ATL-2007,1,2007,209.88,56.65848484848484,smithjo03-2007
pachuza01,31.333333333333332,2.9,200612030POR-ATL,200612030POR-POR,ATL-2007,1,2007,90.86666666666666,56.65848484848484,pachuza01-2007
claxtsp01,28.15,-5.4,200612030POR-ATL,200612030POR-POR,ATL-2007,1,2007,-152.01,56.65848484848484,claxtsp01-2007
luety01,25.45,2.3,200612030POR-ATL,200612030POR-POR,ATL-2007,1,2007,58.535,56.65848484848484,luety01-2007
willish02,22.416666666666668,-4.7,200612030POR-ATL,200612030POR-POR,ATL-2007,1,2007,-105.35833333333335,56.65848484848484,willish02-2007
stoudsa01,21.783333333333335,2.9,200612030POR-ATL,200612030POR-POR,ATL-2007,1,2007,63.17166666666667,56.65848484848484,stoudsa01-2007
wrighlo02,16.566666666666666,-4.1,200612030POR-ATL,200612030POR-POR,ATL-2007,1,2007,-67.92333333333333,56.65848484848484,wrighlo02-2007
jonesso01,8.716666666666667,-0.1,200612030POR-ATL,200612030POR-POR,ATL-2007,1,2007,-0.8716666666666667,56.65848484848484,jonesso01-2007
freijma01,0.4666666666666667,0,200612030POR-ATL,200612030POR-POR,ATL-2007,1,2007,0,56.65848484848484,freijma01-2007
bozemce01,0.1,1.2,200612030POR-ATL,200612030POR-POR,ATL-2007,1,2007,0.12,56.65848484848484,bozemce01-2007
jackja01,40.11666666666667,4.6,200612050DET-POR,200612050DET-DET,POR-2007,1,2007,184.53666666666666,42.167500000000004,jackja01-2007
randoza01,39.78333333333333,10.4,200612050DET-POR,200612050DET-DET,POR-2007,1,2007,413.74666666666667,42.167500000000004,randoza01-2007
dixonju01,31.866666666666667,-5.8,200612050DET-POR,200612050DET-DET,POR-2007,1,2007,-184.82666666666665,42.167500000000004,dixonju01-2007
outlatr01,28,0,200612050DET-POR,200612050DET-DET,POR-2007,1,2007,0,42.167500000000004,outlatr01-2007
udokaim01,26.816666666666666,2.5,200612050DET-POR,200612050DET-DET,POR-2007,1,2007,67.04166666666667,42.167500000000004,udokaim01-2007
aldrila01,24.383333333333333,2.8,200612050DET-POR,200612050DET-DET,POR-2007,1,2007,68.27333333333333,42.167500000000004,aldrila01-2007
przybjo01,20.083333333333332,-1.6,200612050DET-POR,200612050DET-DET,POR-2007,1,2007,-32.13333333333333,42.167500000000004,przybjo01-2007
webstma02,15.75,-0.9,200612050DET-POR,200612050DET-DET,POR-2007,1,2007,-14.175,42.167500000000004,webstma02-2007
dickada01,4.5,1.4,200612050DET-POR,200612050DET-DET,POR-2007,1,2007,6.3,42.167500000000004,dickada01-2007
rodrise01,3.3333333333333335,-1.2,200612050DET-POR,200612050DET-DET,POR-2007,1,2007,-4,42.167500000000004,rodrise01-2007
magloja01,2.9,0.6,200612050DET-POR,200612050DET-DET,POR-2007,1,2007,1.74,42.167500000000004,magloja01-2007
lafrera01,2.466666666666667,-0.2,200612050DET-POR,200612050DET-DET,POR-2007,1,2007,-0.4933333333333334,42.167500000000004,lafrera01-2007
jackja01,47.55,8.6,200612060MIL-POR,200612060MIL-MIL,POR-2007,0,2007,408.92999999999995,31.929999999999996,jackja01-2007
udokaim01,42.71666666666667,-3.9,200612060MIL-POR,200612060MIL-MIL,POR-2007,0,2007,-166.595,31.929999999999996,udokaim01-2007
randoza01,41.45,-2.5,200612060MIL-POR,200612060MIL-MIL,POR-2007,0,2007,-103.625,31.929999999999996,randoza01-2007
webstma02,39.38333333333333,9.1,200612060MIL-POR,200612060MIL-MIL,POR-2007,0,2007,358.3883333333333,31.929999999999996,webstma02-2007
aldrila01,25.35,0.3,200612060MIL-POR,200612060MIL-MIL,POR-2007,0,2007,7.605,31.929999999999996,aldrila01-2007
przybjo01,24.95,0.2,200612060MIL-POR,200612060MIL-MIL,POR-2007,0,2007,4.99,31.929999999999996,przybjo01-2007
dixonju01,15.883333333333333,-5.4,200612060MIL-POR,200612060MIL-MIL,POR-2007,0,2007,-85.77,31.929999999999996,dixonju01-2007
outlatr01,9.883333333333333,-4.6,200612060MIL-POR,200612060MIL-MIL,POR-2007,0,2007,-45.46333333333333,31.929999999999996,outlatr01-2007
magloja01,7.15,0.3,200612060MIL-POR,200612060MIL-MIL,POR-2007,0,2007,2.145,31.929999999999996,magloja01-2007
dickada01,5.45,1.7,200612060MIL-POR,200612060MIL-MIL,POR-2007,0,2007,9.265,31.929999999999996,dickada01-2007
lafrera01,2.85,-1.1,200612060MIL-POR,200612060MIL-MIL,POR-2007,0,2007,-3.1350000000000002,31.929999999999996,lafrera01-2007
rodrise01,2.3833333333333333,-1.5,200612060MIL-POR,200612060MIL-MIL,POR-2007,0,2007,-3.575,31.929999999999996,rodrise01-2007
udokaim01,37.7,-0.7,200612080IND-POR,200612080IND-IND,POR-2007,0,2007,-26.39,11.74816666666667,udokaim01-2007
outlatr01,35.25,5.9,200612080IND-POR,200612080IND-IND,POR-2007,0,2007,207.97500000000002,11.74816666666667,outlatr01-2007
dixonju01,33.233333333333334,3.1,200612080IND-POR,200612080IND-IND,POR-2007,0,2007,103.02333333333334,11.74816666666667,dixonju01-2007
jackja01,32.38333333333333,-8.5,200612080IND-POR,200612080IND-IND,POR-2007,0,2007,-275.2583333333333,11.74816666666667,jackja01-2007
randoza01,30.483333333333334,5.5,200612080IND-POR,200612080IND-IND,POR-2007,0,2007,167.65833333333333,11.74816666666667,randoza01-2007
magloja01,21.533333333333335,2.4,200612080IND-POR,200612080IND-IND,POR-2007,0,2007,51.68,11.74816666666667,magloja01-2007
rodrise01,15.633333333333333,-1.4,200612080IND-POR,200612080IND-IND,POR-2007,0,2007,-21.886666666666663,11.74816666666667,rodrise01-2007
aldrila01,12.683333333333334,-0.8,200612080IND-POR,200612080IND-IND,POR-2007,0,2007,-10.146666666666668,11.74816666666667,aldrila01-2007
przybjo01,11.483333333333333,-1.2,200612080IND-POR,200612080IND-IND,POR-2007,0,2007,-13.78,11.74816666666667,przybjo01-2007
webstma02,9.616666666666667,-6.8,200612080IND-POR,200612080IND-IND,POR-2007,0,2007,-65.39333333333333,11.74816666666667,webstma02-2007
jackja01,40.85,7.3,200612100TOR-POR,200612100TOR-TOR,POR-2007,1,2007,298.205,51.095151515151514,jackja01-2007
udokaim01,38.03333333333333,3.7,200612100TOR-POR,200612100TOR-TOR,POR-2007,1,2007,140.72333333333333,51.095151515151514,udokaim01-2007
outlatr01,30.7,-1.2,200612100TOR-POR,200612100TOR-TOR,POR-2007,1,2007,-36.839999999999996,51.095151515151514,outlatr01-2007
webstma02,29.483333333333334,11.3,200612100TOR-POR,200612100TOR-TOR,POR-2007,1,2007,333.1616666666667,51.095151515151514,webstma02-2007
dixonju01,26.233333333333334,-3.2,200612100TOR-POR,200612100TOR-TOR,POR-2007,1,2007,-83.94666666666667,51.095151515151514,dixonju01-2007
przybjo01,24.816666666666666,2.5,200612100TOR-POR,200612100TOR-TOR,POR-2007,1,2007,62.041666666666664,51.095151515151514,przybjo01-2007
magloja01,19.933333333333334,-0.3,200612100TOR-POR,200612100TOR-TOR,POR-2007,1,2007,-5.9799999999999995,51.095151515151514,magloja01-2007
aldrila01,19.3,-7.4,200612100TOR-POR,200612100TOR-TOR,POR-2007,1,2007,-142.82000000000002,51.095151515151514,aldrila01-2007
rodrise01,4.166666666666667,-0.4,200612100TOR-POR,200612100TOR-TOR,POR-2007,1,2007,-1.666666666666667,51.095151515151514,rodrise01-2007
grahast01,3.5,0.7,200612100TOR-POR,200612100TOR-TOR,POR-2007,1,2007,2.4499999999999997,51.095151515151514,grahast01-2007
dickada01,2.9833333333333334,-1.1,200612100TOR-POR,200612100TOR-TOR,POR-2007,1,2007,-3.281666666666667,51.095151515151514,dickada01-2007
dixonju01,31.95,7.2,200612110PHI-POR,200612110PHI-PHI,POR-2007,1,2007,230.04,29.22222222222222,dixonju01-2007
jackja01,31.333333333333332,0.6,200612110PHI-POR,200612110PHI-PHI,POR-2007,1,2007,18.799999999999997,29.22222222222222,jackja01-2007
udokaim01,29.5,0.2,200612110PHI-POR,200612110PHI-PHI,POR-2007,1,2007,5.9,29.22222222222222,udokaim01-2007
magloja01,28.8,4.1,200612110PHI-POR,200612110PHI-PHI,POR-2007,1,2007,118.08,29.22222222222222,magloja01-2007
randoza01,27.933333333333334,1.2,200612110PHI-POR,200612110PHI-PHI,POR-2007,1,2007,33.519999999999996,29.22222222222222,randoza01-2007
outlatr01,23.066666666666666,3.7,200612110PHI-POR,200612110PHI-PHI,POR-2007,1,2007,85.34666666666666,29.22222222222222,outlatr01-2007
dickada01,16.666666666666668,-0.1,200612110PHI-POR,200612110PHI-PHI,POR-2007,1,2007,-1.666666666666667,29.22222222222222,dickada01-2007
webstma02,16.466666666666665,-4.6,200612110PHI-POR,200612110PHI-PHI,POR-2007,1,2007,-75.74666666666666,29.22222222222222,webstma02-2007
aldrila01,12.983333333333333,-1.9,200612110PHI-POR,200612110PHI-PHI,POR-2007,1,2007,-24.66833333333333,29.22222222222222,aldrila01-2007
przybjo01,12.933333333333334,-1.4,200612110PHI-POR,200612110PHI-PHI,POR-2007,1,2007,-18.106666666666666,29.22222222222222,przybjo01-2007
lafrera01,8.316666666666666,-2.5,200612110PHI-POR,200612110PHI-PHI,POR-2007,1,2007,-20.791666666666664,29.22222222222222,lafrera01-2007
rodrise01,0.05,-0.8,200612110PHI-POR,200612110PHI-PHI,POR-2007,1,2007,-0.04000000000000001,29.22222222222222,rodrise01-2007
jackja01,40,-4,200612130MEM-POR,200612130MEM-MEM,POR-2007,1,2007,-160,9.897777777777778,jackja01-2007
udokaim01,38.63333333333333,5,200612130MEM-POR,200612130MEM-MEM,POR-2007,1,2007,193.16666666666666,9.897777777777778,udokaim01-2007
randoza01,33.46666666666667,-0.4,200612130MEM-POR,200612130MEM-MEM,POR-2007,1,2007,-13.386666666666668,9.897777777777778,randoza01-2007
dixonju01,31.7,-2,200612130MEM-POR,200612130MEM-MEM,POR-2007,1,2007,-63.4,9.897777777777778,dixonju01-2007
magloja01,25.466666666666665,1,200612130MEM-POR,200612130MEM-MEM,POR-2007,1,2007,25.466666666666665,9.897777777777778,magloja01-2007
przybjo01,22.133333333333333,3.1,200612130MEM-POR,200612130MEM-MEM,POR-2007,1,2007,68.61333333333333,9.897777777777778,przybjo01-2007
webstma02,16.3,0.6,200612130MEM-POR,200612130MEM-MEM,POR-2007,1,2007,9.78,9.897777777777778,webstma02-2007
outlatr01,16.283333333333335,4,200612130MEM-POR,200612130MEM-MEM,POR-2007,1,2007,65.13333333333334,9.897777777777778,outlatr01-2007
dickada01,5.316666666666666,-1.2,200612130MEM-POR,200612130MEM-MEM,POR-2007,1,2007,-6.38,9.897777777777778,dickada01-2007
aldrila01,4.4,-0.1,200612130MEM-POR,200612130MEM-MEM,POR-2007,1,2007,-0.44000000000000006,9.897777777777778,aldrila01-2007
lafrera01,3.5833333333333335,-1,200612130MEM-POR,200612130MEM-MEM,POR-2007,1,2007,-3.5833333333333335,9.897777777777778,lafrera01-2007
rodrise01,2.716666666666667,1.4,200612130MEM-POR,200612130MEM-MEM,POR-2007,1,2007,3.8033333333333332,9.897777777777778,rodrise01-2007
brandel01,40.11666666666667,3.5,200612150POR-LAC,200612150POR-POR,LAC-2007,0,2007,140.40833333333333,0.17566666666666966,brandel01-2007
livinsh01,35.8,2.8,200612150POR-LAC,200612150POR-POR,LAC-2007,0,2007,100.23999999999998,0.17566666666666966,livinsh01-2007
kamanch01,35.43333333333333,-8.9,200612150POR-LAC,200612150POR-POR,LAC-2007,0,2007,-315.3566666666666,0.17566666666666966,kamanch01-2007
rossqu01,32.9,4.4,200612150POR-LAC,200612150POR-POR,LAC-2007,0,2007,144.76000000000002,0.17566666666666966,rossqu01-2007
thomati01,30.35,-2.7,200612150POR-LAC,200612150POR-POR,LAC-2007,0,2007,-81.94500000000001,0.17566666666666966,thomati01-2007
maggeco01,28.483333333333334,0.3,200612150POR-LAC,200612150POR-POR,LAC-2007,0,2007,8.545,0.17566666666666966,maggeco01-2007
moblecu01,24.25,-0.1,200612150POR-LAC,200612150POR-POR,LAC-2007,0,2007,-2.4250000000000003,0.17566666666666966,moblecu01-2007
cassesa01,12.2,0.6,200612150POR-LAC,200612150POR-POR,LAC-2007,0,2007,7.319999999999999,0.17566666666666966,cassesa01-2007
ewingda01,0.23333333333333334,0,200612150POR-LAC,200612150POR-POR,LAC-2007,0,2007,0,0.17566666666666966,ewingda01-2007
williaa01,0.23333333333333334,0.9,200612150POR-LAC,200612150POR-POR,LAC-2007,0,2007,0.21000000000000002,0.17566666666666966,williaa01-2007
alstora01,44.86666666666667,2.7,200612200POR-HOU,200612200POR-POR,HOU-2007,0,2007,121.14000000000001,48.628666666666675,alstora01-2007
mingya01,39.95,8.5,200612200POR-HOU,200612200POR-POR,HOU-2007,0,2007,339.57500000000005,48.628666666666675,mingya01-2007
headlu01,38.266666666666666,3.8,200612200POR-HOU,200612200POR-POR,HOU-2007,0,2007,145.41333333333333,48.628666666666675,headlu01-2007
battish01,37.333333333333336,-0.3,200612200POR-HOU,200612200POR-POR,HOU-2007,0,2007,-11.200000000000001,48.628666666666675,battish01-2007
howarju01,26.85,-0.2,200612200POR-HOU,200612200POR-POR,HOU-2007,0,2007,-5.370000000000001,48.628666666666675,howarju01-2007
wellsbo01,23.533333333333335,-2.2,200612200POR-HOU,200612200POR-POR,HOU-2007,0,2007,-51.77333333333334,48.628666666666675,wellsbo01-2007
hayesch01,19.083333333333332,-2.4,200612200POR-HOU,200612200POR-POR,HOU-2007,0,2007,-45.8,48.628666666666675,hayesch01-2007
padgesc01,5.683333333333334,-0.4,200612200POR-HOU,200612200POR-POR,HOU-2007,0,2007,-2.2733333333333334,48.628666666666675,padgesc01-2007
mutomdi01,4.083333333333333,-0.8,200612200POR-HOU,200612200POR-POR,HOU-2007,0,2007,-3.2666666666666666,48.628666666666675,mutomdi01-2007
novakst01,0.31666666666666665,-0.5,200612200POR-HOU,200612200POR-POR,HOU-2007,0,2007,-0.15833333333333333,48.628666666666675,novakst01-2007
parkean01,45.86666666666667,-1.6,200612220POR-TOR,200612220POR-POR,TOR-2007,1,2007,-73.38666666666667,34.224848484848486,parkean01-2007
garbajo01,40.766666666666666,2.1,200612220POR-TOR,200612220POR-POR,TOR-2007,1,2007,85.61,34.224848484848486,garbajo01-2007
fordtj01,37.96666666666667,5.8,200612220POR-TOR,200612220POR-POR,TOR-2007,1,2007,220.20666666666668,34.224848484848486,fordtj01-2007
nestera01,34.516666666666666,2.6,200612220POR-TOR,200612220POR-POR,TOR-2007,1,2007,89.74333333333334,34.224848484848486,nestera01-2007
jonesfr01,32.61666666666667,3.2,200612220POR-TOR,200612220POR-POR,TOR-2007,1,2007,104.37333333333333,34.224848484848486,jonesfr01-2007
bargnan01,21.566666666666666,1.6,200612220POR-TOR,200612220POR-POR,TOR-2007,1,2007,34.50666666666667,34.224848484848486,bargnan01-2007
caldejo01,15.033333333333333,-2.7,200612220POR-TOR,200612220POR-POR,TOR-2007,1,2007,-40.59,34.224848484848486,caldejo01-2007
petermo01,15.033333333333333,0.1,200612220POR-TOR,200612220POR-POR,TOR-2007,1,2007,1.5033333333333334,34.224848484848486,petermo01-2007
grahajo01,12.533333333333333,-3.8,200612220POR-TOR,200612220POR-POR,TOR-2007,1,2007,-47.626666666666665,34.224848484848486,grahajo01-2007
tuckepj01,4.633333333333333,-0.6,200612220POR-TOR,200612220POR-POR,TOR-2007,1,2007,-2.78,34.224848484848486,tuckepj01-2007
humphkr01,4.466666666666667,1.1,200612220POR-TOR,200612220POR-POR,TOR-2007,1,2007,4.913333333333334,34.224848484848486,humphkr01-2007
jackja01,32.78333333333333,1.8,200612260PHO-POR,200612260PHO-PHO,POR-2007,0,2007,59.01,-13.25902777777778,jackja01-2007
randoza01,30.7,-2.2,200612260PHO-POR,200612260PHO-PHO,POR-2007,0,2007,-67.54,-13.25902777777778,randoza01-2007
roybr01,28.383333333333333,-0.4,200612260PHO-POR,200612260PHO-PHO,POR-2007,0,2007,-11.353333333333333,-13.25902777777778,roybr01-2007
outlatr01,25.783333333333335,-2,200612260PHO-POR,200612260PHO-PHO,POR-2007,0,2007,-51.56666666666667,-13.25902777777778,outlatr01-2007
webstma02,24.433333333333334,-0.5,200612260PHO-POR,200612260PHO-PHO,POR-2007,0,2007,-12.216666666666667,-13.25902777777778,webstma02-2007
dixonju01,23.35,-1.5,200612260PHO-POR,200612260PHO-PHO,POR-2007,0,2007,-35.025000000000006,-13.25902777777778,dixonju01-2007
magloja01,18.35,-1.8,200612260PHO-POR,200612260PHO-PHO,POR-2007,0,2007,-33.03,-13.25902777777778,magloja01-2007
przybjo01,16.416666666666668,-1.3,200612260PHO-POR,200612260PHO-PHO,POR-2007,0,2007,-21.34166666666667,-13.25902777777778,przybjo01-2007
lafrera01,16.1,-0.1,200612260PHO-POR,200612260PHO-PHO,POR-2007,0,2007,-1.6100000000000003,-13.25902777777778,lafrera01-2007
udokaim01,10.1,-3.4,200612260PHO-POR,200612260PHO-PHO,POR-2007,0,2007,-34.339999999999996,-13.25902777777778,udokaim01-2007
rodrise01,7.883333333333333,4.3,200612260PHO-POR,200612260PHO-PHO,POR-2007,0,2007,33.89833333333333,-13.25902777777778,rodrise01-2007
aldrila01,5.716666666666667,2.8,200612260PHO-POR,200612260PHO-PHO,POR-2007,0,2007,16.006666666666668,-13.25902777777778,aldrila01-2007
masonde01,40.233333333333334,-0.5,200612270POR-NOK,200612270POR-POR,NOK-2007,0,2007,-20.116666666666667,-14.375740740740738,masonde01-2007
butlera01,37.65,1,200612270POR-NOK,200612270POR-POR,NOK-2007,0,2007,37.65,-14.375740740740738,butlera01-2007
chandty01,36.5,-0.3,200612270POR-NOK,200612270POR-POR,NOK-2007,0,2007,-10.95,-14.375740740740738,chandty01-2007
pargoja01,35.65,-1.1,200612270POR-NOK,200612270POR-POR,NOK-2007,0,2007,-39.215,-14.375740740740738,pargoja01-2007
jacksma02,26.583333333333332,-5.8,200612270POR-NOK,200612270POR-POR,NOK-2007,0,2007,-154.1833333333333,-14.375740740740738,jacksma02-2007
brownde02,26.5,2.2,200612270POR-NOK,200612270POR-POR,NOK-2007,0,2007,58.300000000000004,-14.375740740740738,brownde02-2007
simmoce01,23.466666666666665,0.7,200612270POR-NOK,200612270POR-POR,NOK-2007,0,2007,16.426666666666666,-14.375740740740738,simmoce01-2007
vincima01,7.45,-1.2,200612270POR-NOK,200612270POR-POR,NOK-2007,0,2007,-8.94,-14.375740740740738,vincima01-2007
armsthi01,5.966666666666667,-1.4,200612270POR-NOK,200612270POR-POR,NOK-2007,0,2007,-8.3533333333333335,-14.375740740740738,armsthi01-2007
iguodan01,45.766666666666666,11.3,200612290POR-PHI,200612290POR-POR,PHI-2007,1,2007,517.1633333333333,66.74833333333333,iguodan01-2007
millean02,43.95,3.3,200612290POR-PHI,200612290POR-POR,PHI-2007,1,2007,145.035,66.74833333333333,millean02-2007
korveky01,32.03333333333333,3.6,200612290POR-PHI,200612290POR-POR,PHI-2007,1,2007,115.32,66.74833333333333,korveky01-2007
dalemsa01,26.8,1.7,200612290POR-PHI,200612290POR-POR,PHI-2007,1,2007,45.56,66.74833333333333,dalemsa01-2007
hendeal01,26.283333333333335,1,200612290POR-PHI,200612290POR-POR,PHI-2007,1,2007,26.283333333333335,66.74833333333333,hendeal01-2007
carnero01,20.816666666666666,-5.5,200612290POR-PHI,200612290POR-POR,PHI-2007,1,2007,-114.49166666666666,66.74833333333333,carnero01-2007
ollieke01,17.4,-1.9,200612290POR-PHI,200612290POR-POR,PHI-2007,1,2007,-33.059999999999995,66.74833333333333,ollieke01-2007
huntest01,12.816666666666666,-1.5,200612290POR-PHI,200612290POR-POR,PHI-2007,1,2007,-19.225,66.74833333333333,huntest01-2007
smithjo02,10.683333333333334,-0.8,200612290POR-PHI,200612290POR-POR,PHI-2007,1,2007,-8.546666666666667,66.74833333333333,smithjo02-2007
jonesbo02,3.45,-1.9,200612290POR-PHI,200612290POR-POR,PHI-2007,1,2007,-6.555,66.74833333333333,jonesbo02-2007
randoza01,42.71666666666667,13.5,200612300UTA-POR,200612300UTA-UTA,POR-2007,0,2007,576.6750000000001,45.01560606060607,randoza01-2007
roybr01,35.166666666666664,1.6,200612300UTA-POR,200612300UTA-UTA,POR-2007,0,2007,56.266666666666666,45.01560606060607,roybr01-2007
dixonju01,27.283333333333335,-0.1,200612300UTA-POR,200612300UTA-UTA,POR-2007,0,2007,-2.7283333333333335,45.01560606060607,dixonju01-2007
outlatr01,25.933333333333334,0.6,200612300UTA-POR,200612300UTA-UTA,POR-2007,0,2007,15.559999999999999,45.01560606060607,outlatr01-2007
jackja01,24.483333333333334,-0.4,200612300UTA-POR,200612300UTA-UTA,POR-2007,0,2007,-9.793333333333335,45.01560606060607,jackja01-2007
przybjo01,22.966666666666665,-1.2,200612300UTA-POR,200612300UTA-UTA,POR-2007,0,2007,-27.56,45.01560606060607,przybjo01-2007
udokaim01,21.366666666666667,-1.7,200612300UTA-POR,200612300UTA-UTA,POR-2007,0,2007,-36.32333333333333,45.01560606060607,udokaim01-2007
magloja01,15.366666666666667,-2.2,200612300UTA-POR,200612300UTA-UTA,POR-2007,0,2007,-33.80666666666667,45.01560606060607,magloja01-2007
rodrise01,9.066666666666666,-2,200612300UTA-POR,200612300UTA-UTA,POR-2007,0,2007,-18.133333333333333,45.01560606060607,rodrise01-2007
aldrila01,8.633333333333333,-2,200612300UTA-POR,200612300UTA-UTA,POR-2007,0,2007,-17.266666666666666,45.01560606060607,aldrila01-2007
webstma02,7.016666666666667,-1.1,200612300UTA-POR,200612300UTA-UTA,POR-2007,0,2007,-7.718333333333334,45.01560606060607,webstma02-2007
gomesry01,37.6,8.1,200701010POR-BOS,200701010POR-POR,BOS-2007,1,2007,304.56,50.19560606060607,gomesry01-2007
szczewa02,37.06666666666667,0.6,200701010POR-BOS,200701010POR-POR,BOS-2007,1,2007,22.240000000000002,50.19560606060607,szczewa02-2007
jeffeal01,34.983333333333334,0.8,200701010POR-BOS,200701010POR-POR,BOS-2007,1,2007,27.986666666666668,50.19560606060607,jeffeal01-2007
allento01,32.233333333333334,10,200701010POR-BOS,200701010POR-POR,BOS-2007,1,2007,322.33333333333337,50.19560606060607,allento01-2007
westde01,31.583333333333332,-0.3,200701010POR-BOS,200701010POR-POR,BOS-2007,1,2007,-9.475,50.19560606060607,westde01-2007
telfase01,16.65,-3.5,200701010POR-BOS,200701010POR-POR,BOS-2007,1,2007,-58.27499999999999,50.19560606060607,telfase01-2007
greenge01,15.766666666666667,-1.7,200701010POR-BOS,200701010POR-POR,BOS-2007,1,2007,-26.803333333333335,50.19560606060607,greenge01-2007
rondora01,12.183333333333334,0.1,200701010POR-BOS,200701010POR-POR,BOS-2007,1,2007,1.2183333333333335,50.19560606060607,rondora01-2007
perkike01,11.483333333333333,-2.4,200701010POR-BOS,200701010POR-POR,BOS-2007,1,2007,-27.56,50.19560606060607,perkike01-2007
scalabr01,10.183333333333334,-0.4,200701010POR-BOS,200701010POR-POR,BOS-2007,1,2007,-4.073333333333333,50.19560606060607,scalabr01-2007
olowomi01,0.3,0,200701010POR-BOS,200701010POR-POR,BOS-2007,1,2007,0,50.19560606060607,olowomi01-2007
crawfja01,42.55,4.6,200701030POR-NYK,200701030POR-POR,NYK-2007,1,2007,195.72999999999996,73.30333333333333,crawfja01-2007
curryed01,39.266666666666666,7.9,200701030POR-NYK,200701030POR-POR,NYK-2007,1,2007,310.20666666666665,73.30333333333333,curryed01-2007
marbust01,37.7,4.3,200701030POR-NYK,200701030POR-POR,NYK-2007,1,2007,162.11,73.30333333333333,marbust01-2007
leeda02,35.083333333333336,0.1,200701030POR-NYK,200701030POR-POR,NYK-2007,1,2007,3.5083333333333337,73.30333333333333,leeda02-2007
jeffrja01,34.86666666666667,-3.3,200701030POR-NYK,200701030POR-POR,NYK-2007,1,2007,-115.06,73.30333333333333,jeffrja01-2007
fryech01,25.616666666666667,2.9,200701030POR-NYK,200701030POR-POR,NYK-2007,1,2007,74.28833333333333,73.30333333333333,fryech01-2007
balkmre01,14.433333333333334,1.4,200701030POR-NYK,200701030POR-POR,NYK-2007,1,2007,20.206666666666667,73.30333333333333,balkmre01-2007
rosema01,7.15,2.3,200701030POR-NYK,200701030POR-POR,NYK-2007,1,2007,16.445,73.30333333333333,rosema01-2007
collima01,3.35,-2.3,200701030POR-NYK,200701030POR-POR,NYK-2007,1,2007,-7.704999999999999,73.30333333333333,collima01-2007
jackja01,45.31666666666667,3,200701060SAC-POR,200701060SAC-SAC,POR-2007,1,2007,135.95000000000002,47.906000000000006,jackja01-2007
randoza01,44.983333333333334,5.2,200701060SAC-POR,200701060SAC-SAC,POR-2007,1,2007,233.91333333333336,47.906000000000006,randoza01-2007
roybr01,42.233333333333334,2.5,200701060SAC-POR,200701060SAC-SAC,POR-2007,1,2007,105.58333333333334,47.906000000000006,roybr01-2007
udokaim01,31.316666666666666,0.8,200701060SAC-POR,200701060SAC-SAC,POR-2007,1,2007,25.053333333333335,47.906000000000006,udokaim01-2007
magloja01,23.7,-1.3,200701060SAC-POR,200701060SAC-SAC,POR-2007,1,2007,-30.81,47.906000000000006,magloja01-2007
aldrila01,22,0.3,200701060SAC-POR,200701060SAC-SAC,POR-2007,1,2007,6.6,47.906000000000006,aldrila01-2007
webstma02,21,2,200701060SAC-POR,200701060SAC-SAC,POR-2007,1,2007,42,47.906000000000006,webstma02-2007
przybjo01,15.15,-3,200701060SAC-POR,200701060SAC-SAC,POR-2007,1,2007,-45.45,47.906000000000006,przybjo01-2007
dixonju01,14.133333333333333,0,200701060SAC-POR,200701060SAC-SAC,POR-2007,1,2007,0,47.906000000000006,dixonju01-2007
rodrise01,5.183333333333334,1.2,200701060SAC-POR,200701060SAC-SAC,POR-2007,1,2007,6.22,47.906000000000006,rodrise01-2007
hasleud01,47.166666666666664,-5.5,200701070POR-MIA,200701070POR-POR,MIA-2007,1,2007,-259.41666666666663,45.06016666666667,hasleud01-2007
wadedw01,41.3,8.5,200701070POR-MIA,200701070POR-POR,MIA-2007,1,2007,351.04999999999995,45.06016666666667,wadedw01-2007
kaponja01,38.166666666666664,7.2,200701070POR-MIA,200701070POR-POR,MIA-2007,1,2007,274.8,45.06016666666667,kaponja01-2007
wrighdo01,29.816666666666666,3.5,200701070POR-MIA,200701070POR-POR,MIA-2007,1,2007,104.35833333333333,45.06016666666667,wrighdo01-2007
willija02,27.733333333333334,-3,200701070POR-MIA,200701070POR-POR,MIA-2007,1,2007,-83.2,45.06016666666667,willija02-2007
doleami01,25.766666666666666,1.4,200701070POR-MIA,200701070POR-POR,MIA-2007,1,2007,36.07333333333333,45.06016666666667,doleami01-2007
mournal01,18.883333333333333,2.1,200701070POR-MIA,200701070POR-POR,MIA-2007,1,2007,39.655,45.06016666666667,mournal01-2007
paytoga01,4.95,-2.4,200701070POR-MIA,200701070POR-POR,MIA-2007,1,2007,-11.88,45.06016666666667,paytoga01-2007
barroea01,3.8166666666666664,1.3,200701070POR-MIA,200701070POR-POR,MIA-2007,1,2007,4.961666666666667,45.06016666666667,barroea01-2007
quinnch01,2.4166666666666665,-2.4,200701070POR-MIA,200701070POR-POR,MIA-2007,1,2007,-5.8,45.06016666666667,quinnch01-2007
jackja01,37.65,1.1,200701090SAS-POR,200701090SAS-SAS,POR-2007,0,2007,41.415,18.25819444444444,jackja01-2007
randoza01,36.93333333333333,4.4,200701090SAS-POR,200701090SAS-SAS,POR-2007,0,2007,162.50666666666666,18.25819444444444,randoza01-2007
roybr01,34.63333333333333,2.2,200701090SAS-POR,200701090SAS-SAS,POR-2007,0,2007,76.19333333333334,18.25819444444444,roybr01-2007
aldrila01,23.766666666666666,4.6,200701090SAS-POR,200701090SAS-SAS,POR-2007,0,2007,109.32666666666665,18.25819444444444,aldrila01-2007
dixonju01,23.166666666666668,-1.3,200701090SAS-POR,200701090SAS-SAS,POR-2007,0,2007,-30.11666666666667,18.25819444444444,dixonju01-2007
webstma02,21.766666666666666,-2.7,200701090SAS-POR,200701090SAS-SAS,POR-2007,0,2007,-58.77,18.25819444444444,webstma02-2007
udokaim01,20.1,-4.8,200701090SAS-POR,200701090SAS-SAS,POR-2007,0,2007,-96.48,18.25819444444444,udokaim01-2007
magloja01,19.166666666666668,2.5,200701090SAS-POR,200701090SAS-SAS,POR-2007,0,2007,47.91666666666667,18.25819444444444,magloja01-2007
przybjo01,12.566666666666666,-2.4,200701090SAS-POR,200701090SAS-SAS,POR-2007,0,2007,-30.159999999999997,18.25819444444444,przybjo01-2007
dickada01,3.4166666666666665,-0.4,200701090SAS-POR,200701090SAS-SAS,POR-2007,0,2007,-1.3666666666666667,18.25819444444444,dickada01-2007
lafrera01,3.4166666666666665,-1.2,200701090SAS-POR,200701090SAS-SAS,POR-2007,0,2007,-4.1,18.25819444444444,lafrera01-2007
rodrise01,3.4166666666666665,0.8,200701090SAS-POR,200701090SAS-SAS,POR-2007,0,2007,2.7333333333333334,18.25819444444444,rodrise01-2007
aldrila01,34.416666666666664,0.7,200701100DAL-POR,200701100DAL-DAL,POR-2007,0,2007,24.091666666666665,6.619722222222219,aldrila01-2007
roybr01,29.833333333333332,5.6,200701100DAL-POR,200701100DAL-DAL,POR-2007,0,2007,167.06666666666666,6.619722222222219,roybr01-2007
randoza01,29.7,6.5,200701100DAL-POR,200701100DAL-DAL,POR-2007,0,2007,193.04999999999998,6.619722222222219,randoza01-2007
jackja01,26.6,-4.3,200701100DAL-POR,200701100DAL-DAL,POR-2007,0,2007,-114.38,6.619722222222219,jackja01-2007
webstma02,25.083333333333332,-1.1,200701100DAL-POR,200701100DAL-DAL,POR-2007,0,2007,-27.59166666666667,6.619722222222219,webstma02-2007
dixonju01,23.783333333333335,1.3,200701100DAL-POR,200701100DAL-DAL,POR-2007,0,2007,30.918333333333337,6.619722222222219,dixonju01-2007
udokaim01,20.283333333333335,-4.4,200701100DAL-POR,200701100DAL-DAL,POR-2007,0,2007,-89.24666666666668,6.619722222222219,udokaim01-2007
magloja01,15.4,-1.1,200701100DAL-POR,200701100DAL-DAL,POR-2007,0,2007,-16.94,6.619722222222219,magloja01-2007
dickada01,12.033333333333333,-2.1,200701100DAL-POR,200701100DAL-DAL,POR-2007,0,2007,-25.27,6.619722222222219,dickada01-2007
lafrera01,8.433333333333334,-4.2,200701100DAL-POR,200701100DAL-DAL,POR-2007,0,2007,-35.42,6.619722222222219,lafrera01-2007
przybjo01,8.05,-2.7,200701100DAL-POR,200701100DAL-DAL,POR-2007,0,2007,-21.735000000000003,6.619722222222219,przybjo01-2007
rodrise01,6.383333333333334,-0.8,200701100DAL-POR,200701100DAL-DAL,POR-2007,0,2007,-5.106666666666667,6.619722222222219,rodrise01-2007
bibbymi01,39.93333333333333,2.3,200701120POR-SAC,200701120POR-POR,SAC-2007,0,2007,91.84666666666665,14.060166666666664,bibbymi01-2007
martike02,38.53333333333333,0.4,200701120POR-SAC,200701120POR-POR,SAC-2007,0,2007,15.413333333333334,14.060166666666664,martike02-2007
millebr01,34.666666666666664,-2.2,200701120POR-SAC,200701120POR-POR,SAC-2007,0,2007,-76.26666666666667,14.060166666666664,millebr01-2007
artesro01,31.3,1.7,200701120POR-SAC,200701120POR-POR,SAC-2007,0,2007,53.21,14.060166666666664,artesro01-2007
salmojo01,25.333333333333332,4.3,200701120POR-SAC,200701120POR-POR,SAC-2007,0,2007,108.93333333333332,14.060166666666664,salmojo01-2007
abdursh01,23.55,1.2,200701120POR-SAC,200701120POR-POR,SAC-2007,0,2007,28.26,14.060166666666664,abdursh01-2007
willico02,21.666666666666668,-2.9,200701120POR-SAC,200701120POR-POR,SAC-2007,0,2007,-62.833333333333336,14.060166666666664,willico02-2007
thomake01,11.383333333333333,-3.1,200701120POR-SAC,200701120POR-POR,SAC-2007,0,2007,-35.288333333333334,14.060166666666664,thomake01-2007
garcifr01,10.383333333333333,1.7,200701120POR-SAC,200701120POR-POR,SAC-2007,0,2007,17.651666666666664,14.060166666666664,garcifr01-2007
doubyqu01,3.25,-0.1,200701120POR-SAC,200701120POR-POR,SAC-2007,0,2007,-0.325,14.060166666666664,doubyqu01-2007
iversal01,42.75,3.9,200701140POR-DEN,200701140POR-POR,DEN-2007,1,2007,166.725,62.10883333333333,iversal01-2007
cambyma01,37.4,-0.9,200701140POR-DEN,200701140POR-POR,DEN-2007,1,2007,-33.66,62.10883333333333,cambyma01-2007
blakest01,36.016666666666666,13.5,200701140POR-DEN,200701140POR-POR,DEN-2007,1,2007,486.22499999999997,62.10883333333333,blakest01-2007
smithjr01,29.05,1.6,200701140POR-DEN,200701140POR-POR,DEN-2007,1,2007,46.480000000000004,62.10883333333333,smithjr01-2007
evansre01,24.783333333333335,-4.8,200701140POR-DEN,200701140POR-POR,DEN-2007,1,2007,-118.96000000000001,62.10883333333333,evansre01-2007
kleizli01,23.316666666666666,1.9,200701140POR-DEN,200701140POR-POR,DEN-2007,1,2007,44.30166666666666,62.10883333333333,kleizli01-2007
hilarne01,23.1,1.9,200701140POR-DEN,200701140POR-POR,DEN-2007,1,2007,43.89,62.10883333333333,hilarne01-2007
diawaya01,13.066666666666666,0.5,200701140POR-DEN,200701140POR-POR,DEN-2007,1,2007,6.533333333333333,62.10883333333333,diawaya01-2007
najered01,10.333333333333334,-2,200701140POR-DEN,200701140POR-POR,DEN-2007,1,2007,-20.666666666666668,62.10883333333333,najered01-2007
sampsja01,0.2,1.1,200701140POR-DEN,200701140POR-POR,DEN-2007,1,2007,0.22000000000000003,62.10883333333333,sampsja01-2007
jamesle01,35.11666666666667,3.2,200701170POR-CLE,200701170POR-POR,CLE-2007,0,2007,112.37333333333333,9.594027777777779,jamesle01-2007
gibsoda01,32.61666666666667,6.4,200701170POR-CLE,200701170POR-POR,CLE-2007,0,2007,208.74666666666667,9.594027777777779,gibsoda01-2007
varejan01,32.083333333333336,3.8,200701170POR-CLE,200701170POR-POR,CLE-2007,0,2007,121.91666666666667,9.594027777777779,varejan01-2007
hughela01,31.966666666666665,-0.6,200701170POR-CLE,200701170POR-POR,CLE-2007,0,2007,-19.18,9.594027777777779,hughela01-2007
ilgauzy01,26.883333333333333,-4.1,200701170POR-CLE,200701170POR-POR,CLE-2007,0,2007,-110.22166666666665,9.594027777777779,ilgauzy01-2007
goodedr01,25.916666666666668,-4.2,200701170POR-CLE,200701170POR-POR,CLE-2007,0,2007,-108.85000000000001,9.594027777777779,goodedr01-2007
snower01,15.383333333333333,-3.5,200701170POR-CLE,200701170POR-POR,CLE-2007,0,2007,-53.84166666666667,9.594027777777779,snower01-2007
pavloal01,13.783333333333333,-0.9,200701170POR-CLE,200701170POR-POR,CLE-2007,0,2007,-12.405,9.594027777777779,pavloal01-2007
jonesda01,11.566666666666666,-1.9,200701170POR-CLE,200701170POR-POR,CLE-2007,0,2007,-21.976666666666667,9.594027777777779,jonesda01-2007
marshdo01,5.783333333333333,0.4,200701170POR-CLE,200701170POR-POR,CLE-2007,0,2007,2.3133333333333335,9.594027777777779,marshdo01-2007
pollasc01,5.333333333333333,0.1,200701170POR-CLE,200701170POR-POR,CLE-2007,0,2007,0.5333333333333333,9.594027777777779,pollasc01-2007
wesleda01,3.5666666666666664,-1.2,200701170POR-CLE,200701170POR-POR,CLE-2007,0,2007,-4.279999999999999,9.594027777777779,wesleda01-2007
randoza01,41.766666666666666,7.6,200701190PHO-POR,200701190PHO-PHO,POR-2007,0,2007,317.4266666666666,68.58272727272727,randoza01-2007
roybr01,41.11666666666667,10.3,200701190PHO-POR,200701190PHO-PHO,POR-2007,0,2007,423.5016666666667,68.58272727272727,roybr01-2007
udokaim01,40.483333333333334,-1,200701190PHO-POR,200701190PHO-PHO,POR-2007,0,2007,-40.483333333333334,68.58272727272727,udokaim01-2007
jackja01,34.28333333333333,1.8,200701190PHO-POR,200701190PHO-PHO,POR-2007,0,2007,61.71,68.58272727272727,jackja01-2007
aldrila01,24,2.8,200701190PHO-POR,200701190PHO-PHO,POR-2007,0,2007,67.19999999999999,68.58272727272727,aldrila01-2007
rodrise01,17.9,-0.4,200701190PHO-POR,200701190PHO-PHO,POR-2007,0,2007,-7.16,68.58272727272727,rodrise01-2007
przybjo01,13.383333333333333,0.9,200701190PHO-POR,200701190PHO-PHO,POR-2007,0,2007,12.045,68.58272727272727,przybjo01-2007
dixonju01,12.833333333333334,-3.5,200701190PHO-POR,200701190PHO-PHO,POR-2007,0,2007,-44.91666666666667,68.58272727272727,dixonju01-2007
webstma02,5.1,-2.8,200701190PHO-POR,200701190PHO-PHO,POR-2007,0,2007,-14.279999999999998,68.58272727272727,webstma02-2007
lafrera01,4.8,-1.5,200701190PHO-POR,200701190PHO-PHO,POR-2007,0,2007,-7.199999999999999,68.58272727272727,lafrera01-2007
magloja01,4.333333333333333,-3.1,200701190PHO-POR,200701190PHO-PHO,POR-2007,0,2007,-13.433333333333334,68.58272727272727,magloja01-2007
boykiea01,45.083333333333336,6.6,200701210POR-MIL,200701210POR-POR,MIL-2007,0,2007,297.55,39.62944444444444,boykiea01-2007
bogutan01,42.766666666666666,1.9,200701210POR-MIL,200701210POR-POR,MIL-2007,0,2007,81.25666666666666,39.62944444444444,bogutan01-2007
bellch01,38.85,9.6,200701210POR-MIL,200701210POR-POR,MIL-2007,0,2007,372.96,39.62944444444444,bellch01-2007
ilyaser01,37.25,-7.4,200701210POR-MIL,200701210POR-POR,MIL-2007,0,2007,-275.65000000000003,39.62944444444444,ilyaser01-2007
patteru01,37.13333333333333,-1.6,200701210POR-MIL,200701210POR-POR,MIL-2007,0,2007,-59.413333333333334,39.62944444444444,patteru01-2007
noelda01,15,-0.6,200701210POR-MIL,200701210POR-POR,MIL-2007,0,2007,-9,39.62944444444444,noelda01-2007
markoda01,12.616666666666667,-1.5,200701210POR-MIL,200701210POR-POR,MIL-2007,0,2007,-18.925,39.62944444444444,markoda01-2007
gadzuda01,8.383333333333333,-3.1,200701210POR-MIL,200701210POR-POR,MIL-2007,0,2007,-25.988333333333333,39.62944444444444,gadzuda01-2007
greerly01,2.9166666666666665,-2.1,200701210POR-MIL,200701210POR-POR,MIL-2007,0,2007,-6.125,39.62944444444444,greerly01-2007
davisri01,45.2,7.7,200701240POR-MIN,200701240POR-POR,MIN-2007,0,2007,348.04,33.28907407407407,davisri01-2007
hassetr01,43.7,-1.5,200701240POR-MIN,200701240POR-POR,MIN-2007,0,2007,-65.55000000000001,33.28907407407407,hassetr01-2007
garneke01,39.18333333333333,6.4,200701240POR-MIN,200701240POR-POR,MIN-2007,0,2007,250.7733333333333,33.28907407407407,garneke01-2007
blounma01,38.35,-6.4,200701240POR-MIN,200701240POR-POR,MIN-2007,0,2007,-245.44000000000003,33.28907407407407,blounma01-2007
jamesmi01,30.866666666666667,2.9,200701240POR-MIN,200701240POR-POR,MIN-2007,0,2007,89.51333333333334,33.28907407407407,jamesmi01-2007
foyera01,22.133333333333333,-3,200701240POR-MIN,200701240POR-POR,MIN-2007,0,2007,-66.4,33.28907407407407,foyera01-2007
jaricma01,17.1,2.1,200701240POR-MIN,200701240POR-POR,MIN-2007,0,2007,35.910000000000004,33.28907407407407,jaricma01-2007
smithcr01,15.15,-1.8,200701240POR-MIN,200701240POR-POR,MIN-2007,0,2007,-27.27,33.28907407407407,smithcr01-2007
madsema01,13.316666666666666,-1.5,200701240POR-MIN,200701240POR-POR,MIN-2007,0,2007,-19.975,33.28907407407407,madsema01-2007
randoza01,29.25,1,200701260HOU-POR,200701260HOU-HOU,POR-2007,0,2007,29.25,-17.1,randoza01-2007
roybr01,27.75,-3,200701260HOU-POR,200701260HOU-HOU,POR-2007,0,2007,-83.25,-17.1,roybr01-2007
webstma02,26.166666666666668,1.9,200701260HOU-POR,200701260HOU-HOU,POR-2007,0,2007,49.71666666666667,-17.1,webstma02-2007
dixonju01,25.183333333333334,1.8,200701260HOU-POR,200701260HOU-HOU,POR-2007,0,2007,45.33,-17.1,dixonju01-2007
jackja01,22.3,0.7,200701260HOU-POR,200701260HOU-HOU,POR-2007,0,2007,15.61,-17.1,jackja01-2007
udokaim01,21.833333333333332,-1.4,200701260HOU-POR,200701260HOU-HOU,POR-2007,0,2007,-30.566666666666663,-17.1,udokaim01-2007
aldrila01,20.35,-9.4,200701260HOU-POR,200701260HOU-HOU,POR-2007,0,2007,-191.29000000000002,-17.1,aldrila01-2007
magloja01,19.25,1.2,200701260HOU-POR,200701260HOU-HOU,POR-2007,0,2007,23.099999999999998,-17.1,magloja01-2007
rodrise01,18.9,-2.7,200701260HOU-POR,200701260HOU-HOU,POR-2007,0,2007,-51.03,-17.1,rodrise01-2007
przybjo01,12.8,0.1,200701260HOU-POR,200701260HOU-HOU,POR-2007,0,2007,1.2800000000000002,-17.1,przybjo01-2007
lafrera01,10.183333333333334,-0.6,200701260HOU-POR,200701260HOU-HOU,POR-2007,0,2007,-6.11,-17.1,lafrera01-2007
dickada01,6.033333333333333,-1.2,200701260HOU-POR,200701260HOU-HOU,POR-2007,0,2007,-7.239999999999999,-17.1,dickada01-2007
randoza01,46.86666666666667,-1.9,200701270MEM-POR,200701270MEM-MEM,POR-2007,1,2007,-89.04666666666667,24.7210606060606,randoza01-2007
jackja01,42.45,-1,200701270MEM-POR,200701270MEM-MEM,POR-2007,1,2007,-42.45,24.7210606060606,jackja01-2007
roybr01,41.65,0.7,200701270MEM-POR,200701270MEM-MEM,POR-2007,1,2007,29.154999999999998,24.7210606060606,roybr01-2007
udokaim01,40.43333333333333,10.5,200701270MEM-POR,200701270MEM-MEM,POR-2007,1,2007,424.54999999999995,24.7210606060606,udokaim01-2007
przybjo01,34.7,-3.2,200701270MEM-POR,200701270MEM-MEM,POR-2007,1,2007,-111.04000000000002,24.7210606060606,przybjo01-2007
magloja01,21.433333333333334,-1.3,200701270MEM-POR,200701270MEM-MEM,POR-2007,1,2007,-27.863333333333333,24.7210606060606,magloja01-2007
webstma02,18.15,1,200701270MEM-POR,200701270MEM-MEM,POR-2007,1,2007,18.15,24.7210606060606,webstma02-2007
rodrise01,17.733333333333334,5,200701270MEM-POR,200701270MEM-MEM,POR-2007,1,2007,88.66666666666667,24.7210606060606,rodrise01-2007
dixonju01,14.166666666666666,-1.6,200701270MEM-POR,200701270MEM-MEM,POR-2007,1,2007,-22.666666666666668,24.7210606060606,dixonju01-2007
aldrila01,8.083333333333334,0.5,200701270MEM-POR,200701270MEM-MEM,POR-2007,1,2007,4.041666666666667,24.7210606060606,aldrila01-2007
lafrera01,4.35,0.1,200701270MEM-POR,200701270MEM-MEM,POR-2007,1,2007,0.435,24.7210606060606,lafrera01-2007
randoza01,39.733333333333334,5.1,200701290NOK-POR,200701290NOK-NOK,POR-2007,0,2007,202.64,24.56033333333333,randoza01-2007
roybr01,36.18333333333333,4.3,200701290NOK-POR,200701290NOK-NOK,POR-2007,0,2007,155.5883333333333,24.56033333333333,roybr01-2007
udokaim01,34.1,2.9,200701290NOK-POR,200701290NOK-NOK,POR-2007,0,2007,98.89,24.56033333333333,udokaim01-2007
jackja01,24.916666666666668,-3.1,200701290NOK-POR,200701290NOK-NOK,POR-2007,0,2007,-77.24166666666667,24.56033333333333,jackja01-2007
magloja01,22.916666666666668,-0.9,200701290NOK-POR,200701290NOK-NOK,POR-2007,0,2007,-20.625,24.56033333333333,magloja01-2007
dixonju01,22.433333333333334,1.2,200701290NOK-POR,200701290NOK-NOK,POR-2007,0,2007,26.919999999999998,24.56033333333333,dixonju01-2007
rodrise01,20.183333333333334,0.3,200701290NOK-POR,200701290NOK-NOK,POR-2007,0,2007,6.055,24.56033333333333,rodrise01-2007
przybjo01,17.933333333333334,-1.9,200701290NOK-POR,200701290NOK-NOK,POR-2007,0,2007,-34.07333333333333,24.56033333333333,przybjo01-2007
webstma02,13.9,-7.1,200701290NOK-POR,200701290NOK-NOK,POR-2007,0,2007,-98.69,24.56033333333333,webstma02-2007
lafrera01,7.7,-1.8,200701290NOK-POR,200701290NOK-NOK,POR-2007,0,2007,-13.860000000000001,24.56033333333333,lafrera01-2007
anthoca01,40.233333333333334,9.8,200701310POR-DEN,200701310POR-POR,DEN-2007,0,2007,394.2866666666667,28.716833333333334,anthoca01-2007
blakest01,39.266666666666666,-0.7,200701310POR-DEN,200701310POR-POR,DEN-2007,0,2007,-27.486666666666665,28.716833333333334,blakest01-2007
cambyma01,35.483333333333334,7,200701310POR-DEN,200701310POR-POR,DEN-2007,0,2007,248.38333333333333,28.716833333333334,cambyma01-2007
diawaya01,27.483333333333334,-3.6,200701310POR-DEN,200701310POR-POR,DEN-2007,0,2007,-98.94000000000001,28.716833333333334,diawaya01-2007
smithjr01,26.85,-7.5,200701310POR-DEN,200701310POR-POR,DEN-2007,0,2007,-201.375,28.716833333333334,smithjr01-2007
hilarne01,24.15,-0.1,200701310POR-DEN,200701310POR-POR,DEN-2007,0,2007,-2.415,28.716833333333334,hilarne01-2007
evansre01,19.883333333333333,-2.3,200701310POR-DEN,200701310POR-POR,DEN-2007,0,2007,-45.73166666666666,28.716833333333334,evansre01-2007
najered01,16.1,0.9,200701310POR-DEN,200701310POR-POR,DEN-2007,0,2007,14.490000000000002,28.716833333333334,najered01-2007
johnsde03,10.183333333333334,0.6,200701310POR-DEN,200701310POR-POR,DEN-2007,0,2007,6.11,28.716833333333334,johnsde03-2007
kleizli01,0.38333333333333336,-0.4,200701310POR-DEN,200701310POR-POR,DEN-2007,0,2007,-0.15333333333333335,28.716833333333334,kleizli01-2007
randoza01,40.233333333333334,-2.4,200702020DEN-POR,200702020DEN-DEN,POR-2007,0,2007,-96.56,22.06759259259259,randoza01-2007
jackja01,39,-3.3,200702020DEN-POR,200702020DEN-DEN,POR-2007,0,2007,-128.7,22.06759259259259,jackja01-2007
roybr01,38.3,7.1,200702020DEN-POR,200702020DEN-DEN,POR-2007,0,2007,271.92999999999995,22.06759259259259,roybr01-2007
udokaim01,36.5,-3,200702020DEN-POR,200702020DEN-DEN,POR-2007,0,2007,-109.5,22.06759259259259,udokaim01-2007
aldrila01,35.71666666666667,0.9,200702020DEN-POR,200702020DEN-DEN,POR-2007,0,2007,32.145,22.06759259259259,aldrila01-2007
dixonju01,28,10.5,200702020DEN-POR,200702020DEN-DEN,POR-2007,0,2007,294,22.06759259259259,dixonju01-2007
magloja01,18.633333333333333,-2.2,200702020DEN-POR,200702020DEN-DEN,POR-2007,0,2007,-40.99333333333333,22.06759259259259,magloja01-2007
webstma02,18.166666666666668,-0.5,200702020DEN-POR,200702020DEN-DEN,POR-2007,0,2007,-9.083333333333334,22.06759259259259,webstma02-2007
przybjo01,10.45,-1.4,200702020DEN-POR,200702020DEN-DEN,POR-2007,0,2007,-14.629999999999997,22.06759259259259,przybjo01-2007
hinriki01,40.38333333333333,2.7,200702030POR-CHI,200702030POR-POR,CHI-2007,1,2007,109.03500000000001,68.76983333333334,hinriki01-2007
gordobe01,40.05,12.8,200702030POR-CHI,200702030POR-POR,CHI-2007,1,2007,512.64,68.76983333333334,gordobe01-2007
wallabe01,31.15,1.9,200702030POR-CHI,200702030POR-POR,CHI-2007,1,2007,59.184999999999995,68.76983333333334,wallabe01-2007
denglu01,30.733333333333334,-1.3,200702030POR-CHI,200702030POR-POR,CHI-2007,1,2007,-39.95333333333333,68.76983333333334,denglu01-2007
duhonch01,28.583333333333332,8.4,200702030POR-CHI,200702030POR-POR,CHI-2007,1,2007,240.1,68.76983333333334,duhonch01-2007
nocioan01,22.866666666666667,-4.6,200702030POR-CHI,200702030POR-POR,CHI-2007,1,2007,-105.18666666666667,68.76983333333334,nocioan01-2007
brownpj01,20.083333333333332,-3.4,200702030POR-CHI,200702030POR-POR,CHI-2007,1,2007,-68.28333333333333,68.76983333333334,brownpj01-2007
allenma01,15.95,-0.1,200702030POR-CHI,200702030POR-POR,CHI-2007,1,2007,-1.595,68.76983333333334,allenma01-2007
griffad01,5.733333333333333,-2.4,200702030POR-CHI,200702030POR-POR,CHI-2007,1,2007,-13.76,68.76983333333334,griffad01-2007
thomaty01,4.483333333333333,-1,200702030POR-CHI,200702030POR-POR,CHI-2007,1,2007,-4.483333333333333,68.76983333333334,thomaty01-2007
mariosh01,45.63333333333333,4.6,200702060POR-PHO,200702060POR-POR,PHO-2007,1,2007,209.91333333333333,103.75354166666666,mariosh01-2007
bellra01,45.61666666666667,2,200702060POR-PHO,200702060POR-POR,PHO-2007,1,2007,91.23333333333333,103.75354166666666,bellra01-2007
stoudam01,44.8,4.5,200702060POR-PHO,200702060POR-POR,PHO-2007,1,2007,201.6,103.75354166666666,stoudam01-2007
barbole01,43.85,11,200702060POR-PHO,200702060POR-POR,PHO-2007,1,2007,482.35,103.75354166666666,barbole01-2007
diawbo01,40.11666666666667,-1.8,200702060POR-PHO,200702060POR-POR,PHO-2007,1,2007,-72.21000000000001,103.75354166666666,diawbo01-2007
jonesja02,21.283333333333335,-2.7,200702060POR-PHO,200702060POR-POR,PHO-2007,1,2007,-57.46500000000001,103.75354166666666,jonesja02-2007
banksma01,18.833333333333332,-1.4,200702060POR-PHO,200702060POR-POR,PHO-2007,1,2007,-26.366666666666664,103.75354166666666,banksma01-2007
burkepa01,4.866666666666667,0.2,200702060POR-PHO,200702060POR-POR,PHO-2007,1,2007,0.9733333333333335,103.75354166666666,burkepa01-2007
randoza01,46.233333333333334,9.1,200702090CHA-POR,200702090CHA-CHA,POR-2007,1,2007,420.7233333333333,60.025757575757574,randoza01-2007
roybr01,44.06666666666667,-3.5,200702090CHA-POR,200702090CHA-CHA,POR-2007,1,2007,-154.23333333333335,60.025757575757574,roybr01-2007
jackja01,42.61666666666667,7.2,200702090CHA-POR,200702090CHA-CHA,POR-2007,1,2007,306.84000000000003,60.025757575757574,jackja01-2007
udokaim01,41.3,3.2,200702090CHA-POR,200702090CHA-CHA,POR-2007,1,2007,132.16,60.025757575757574,udokaim01-2007
magloja01,26.8,-0.3,200702090CHA-POR,200702090CHA-CHA,POR-2007,1,2007,-8.04,60.025757575757574,magloja01-2007
webstma02,17.833333333333332,-1.5,200702090CHA-POR,200702090CHA-CHA,POR-2007,1,2007,-26.75,60.025757575757574,webstma02-2007
przybjo01,14.2,2.3,200702090CHA-POR,200702090CHA-CHA,POR-2007,1,2007,32.66,60.025757575757574,przybjo01-2007
aldrila01,10.95,-3.4,200702090CHA-POR,200702090CHA-CHA,POR-2007,1,2007,-37.23,60.025757575757574,aldrila01-2007
dickada01,7.533333333333333,0.8,200702090CHA-POR,200702090CHA-CHA,POR-2007,1,2007,6.026666666666667,60.025757575757574,dickada01-2007
outlatr01,7.133333333333334,0.2,200702090CHA-POR,200702090CHA-CHA,POR-2007,1,2007,1.4266666666666667,60.025757575757574,outlatr01-2007
dixonju01,6.333333333333333,-2.1,200702090CHA-POR,200702090CHA-CHA,POR-2007,1,2007,-13.3,60.025757575757574,dixonju01-2007
jackja01,38.03333333333333,5.2,200702110WAS-POR,200702110WAS-WAS,POR-2007,1,2007,197.77333333333334,45.81530303030303,jackja01-2007
aldrila01,30.483333333333334,5.1,200702110WAS-POR,200702110WAS-WAS,POR-2007,1,2007,155.465,45.81530303030303,aldrila01-2007
randoza01,28.616666666666667,-7.4,200702110WAS-POR,200702110WAS-WAS,POR-2007,1,2007,-211.76333333333335,45.81530303030303,randoza01-2007
roybr01,28.483333333333334,-5.2,200702110WAS-POR,200702110WAS-WAS,POR-2007,1,2007,-148.11333333333334,45.81530303030303,roybr01-2007
dixonju01,26.983333333333334,7.7,200702110WAS-POR,200702110WAS-WAS,POR-2007,1,2007,207.77166666666668,45.81530303030303,dixonju01-2007
webstma02,26.166666666666668,6.6,200702110WAS-POR,200702110WAS-WAS,POR-2007,1,2007,172.7,45.81530303030303,webstma02-2007
udokaim01,21.833333333333332,6.3,200702110WAS-POR,200702110WAS-WAS,POR-2007,1,2007,137.54999999999998,45.81530303030303,udokaim01-2007
magloja01,15.4,-3,200702110WAS-POR,200702110WAS-WAS,POR-2007,1,2007,-46.2,45.81530303030303,magloja01-2007
przybjo01,14.95,2.4,200702110WAS-POR,200702110WAS-WAS,POR-2007,1,2007,35.879999999999995,45.81530303030303,przybjo01-2007
outlatr01,6.55,0.1,200702110WAS-POR,200702110WAS-WAS,POR-2007,1,2007,0.655,45.81530303030303,outlatr01-2007
dickada01,2.5,0.9,200702110WAS-POR,200702110WAS-WAS,POR-2007,1,2007,2.25,45.81530303030303,dickada01-2007
jackja01,41.583333333333336,2.3,200702130MIA-POR,200702130MIA-MIA,POR-2007,0,2007,95.64166666666667,0.6775757575757612,jackja01-2007
roybr01,37.15,-1.5,200702130MIA-POR,200702130MIA-MIA,POR-2007,0,2007,-55.724999999999994,0.6775757575757612,roybr01-2007
randoza01,36.03333333333333,-3.5,200702130MIA-POR,200702130MIA-MIA,POR-2007,0,2007,-126.11666666666666,0.6775757575757612,randoza01-2007
udokaim01,35.1,3.9,200702130MIA-POR,200702130MIA-MIA,POR-2007,0,2007,136.89000000000001,0.6775757575757612,udokaim01-2007
magloja01,26.666666666666668,0.8,200702130MIA-POR,200702130MIA-MIA,POR-2007,0,2007,21.333333333333336,0.6775757575757612,magloja01-2007
aldrila01,15.733333333333333,-0.7,200702130MIA-POR,200702130MIA-MIA,POR-2007,0,2007,-11.013333333333332,0.6775757575757612,aldrila01-2007
dixonju01,15.233333333333333,2.7,200702130MIA-POR,200702130MIA-MIA,POR-2007,0,2007,41.13,0.6775757575757612,dixonju01-2007
przybjo01,13.733333333333333,-5,200702130MIA-POR,200702130MIA-MIA,POR-2007,0,2007,-68.66666666666666,0.6775757575757612,przybjo01-2007
webstma02,12.9,-1.8,200702130MIA-POR,200702130MIA-MIA,POR-2007,0,2007,-23.220000000000002,0.6775757575757612,webstma02-2007
outlatr01,3.8333333333333335,-0.2,200702130MIA-POR,200702130MIA-MIA,POR-2007,0,2007,-0.7666666666666667,0.6775757575757612,outlatr01-2007
dickada01,2.033333333333333,-1,200702130MIA-POR,200702130MIA-MIA,POR-2007,0,2007,-2.033333333333333,0.6775757575757612,dickada01-2007
roybr01,40.666666666666664,2.3,200702140ORL-POR,200702140ORL-ORL,POR-2007,0,2007,93.53333333333332,15.932575757575755,roybr01-2007
randoza01,38.25,5.7,200702140ORL-POR,200702140ORL-ORL,POR-2007,0,2007,218.025,15.932575757575755,randoza01-2007
jackja01,38.18333333333333,0.8,200702140ORL-POR,200702140ORL-ORL,POR-2007,0,2007,30.546666666666667,15.932575757575755,jackja01-2007
magloja01,22.133333333333333,-4.4,200702140ORL-POR,200702140ORL-ORL,POR-2007,0,2007,-97.38666666666667,15.932575757575755,magloja01-2007
udokaim01,20.366666666666667,-2.5,200702140ORL-POR,200702140ORL-ORL,POR-2007,0,2007,-50.91666666666667,15.932575757575755,udokaim01-2007
outlatr01,19,0.3,200702140ORL-POR,200702140ORL-ORL,POR-2007,0,2007,5.7,15.932575757575755,outlatr01-2007
dixonju01,17.533333333333335,2.3,200702140ORL-POR,200702140ORL-ORL,POR-2007,0,2007,40.32666666666667,15.932575757575755,dixonju01-2007
aldrila01,16.25,-1.8,200702140ORL-POR,200702140ORL-ORL,POR-2007,0,2007,-29.25,15.932575757575755,aldrila01-2007
webstma02,14.616666666666667,-0.9,200702140ORL-POR,200702140ORL-ORL,POR-2007,0,2007,-13.155000000000001,15.932575757575755,webstma02-2007
przybjo01,10.016666666666667,-2.6,200702140ORL-POR,200702140ORL-ORL,POR-2007,0,2007,-26.043333333333337,15.932575757575755,przybjo01-2007
dickada01,2.9833333333333334,1.3,200702140ORL-POR,200702140ORL-ORL,POR-2007,0,2007,3.8783333333333334,15.932575757575755,dickada01-2007
okurme01,40.9,3.2,200702200POR-UTA,200702200POR-POR,UTA-2007,0,2007,130.88,41.845,okurme01-2007
fishede01,35.85,7.8,200702200POR-UTA,200702200POR-POR,UTA-2007,0,2007,279.63,41.845,fishede01-2007
millspa01,29.283333333333335,2.6,200702200POR-UTA,200702200POR-POR,UTA-2007,0,2007,76.13666666666667,41.845,millspa01-2007
harprma01,29.266666666666666,4.4,200702200POR-UTA,200702200POR-POR,UTA-2007,0,2007,128.77333333333334,41.845,harprma01-2007
kirilan01,28.283333333333335,-3.9,200702200POR-UTA,200702200POR-POR,UTA-2007,0,2007,-110.305,41.845,kirilan01-2007
giricgo01,23.75,-0.9,200702200POR-UTA,200702200POR-POR,UTA-2007,0,2007,-21.375,41.845,giricgo01-2007
collija03,18.433333333333334,-2.5,200702200POR-UTA,200702200POR-POR,UTA-2007,0,2007,-46.083333333333336,41.845,collija03-2007
brewero02,16.433333333333334,0.7,200702200POR-UTA,200702200POR-POR,UTA-2007,0,2007,11.503333333333332,41.845,brewero02-2007
brownde03,12.15,-0.9,200702200POR-UTA,200702200POR-POR,UTA-2007,0,2007,-10.935,41.845,brownde03-2007
araujra01,5.65,-3.5,200702200POR-UTA,200702200POR-POR,UTA-2007,0,2007,-19.775000000000002,41.845,araujra01-2007
randoza01,42.31666666666667,-0.4,200702210LAL-POR,200702210LAL-LAL,POR-2007,1,2007,-16.92666666666667,46.408833333333334,randoza01-2007
udokaim01,37.35,2.3,200702210LAL-POR,200702210LAL-LAL,POR-2007,1,2007,85.905,46.408833333333334,udokaim01-2007
roybr01,36.75,4.3,200702210LAL-POR,200702210LAL-LAL,POR-2007,1,2007,158.025,46.408833333333334,roybr01-2007
jackja01,30.216666666666665,9.8,200702210LAL-POR,200702210LAL-LAL,POR-2007,1,2007,296.12333333333333,46.408833333333334,jackja01-2007
aldrila01,24.716666666666665,0.8,200702210LAL-POR,200702210LAL-LAL,POR-2007,1,2007,19.773333333333333,46.408833333333334,aldrila01-2007
dickada01,20.683333333333334,-1.3,200702210LAL-POR,200702210LAL-LAL,POR-2007,1,2007,-26.888333333333335,46.408833333333334,dickada01-2007
magloja01,18.616666666666667,-0.1,200702210LAL-POR,200702210LAL-LAL,POR-2007,1,2007,-1.8616666666666668,46.408833333333334,magloja01-2007
webstma02,12.916666666666666,-3.5,200702210LAL-POR,200702210LAL-LAL,POR-2007,1,2007,-45.20833333333333,46.408833333333334,webstma02-2007
przybjo01,10,-1,200702210LAL-POR,200702210LAL-LAL,POR-2007,1,2007,-10,46.408833333333334,przybjo01-2007
outlatr01,6.433333333333334,0.8,200702210LAL-POR,200702210LAL-LAL,POR-2007,1,2007,5.146666666666667,46.408833333333334,outlatr01-2007
millemi01,44.85,1.3,200702230POR-MEM,200702230POR-POR,MEM-2007,1,2007,58.30500000000001,26.866818181818186,millemi01-2007
gasolpa01,43.45,4,200702230POR-MEM,200702230POR-POR,MEM-2007,1,2007,173.8,26.866818181818186,gasolpa01-2007
gayru01,32.733333333333334,-3.2,200702230POR-MEM,200702230POR-POR,MEM-2007,1,2007,-104.74666666666667,26.866818181818186,gayru01-2007
stoudda01,28.883333333333333,1.6,200702230POR-MEM,200702230POR-POR,MEM-2007,1,2007,46.21333333333334,26.866818181818186,stoudda01-2007
warriha01,24.6,5.4,200702230POR-MEM,200702230POR-POR,MEM-2007,1,2007,132.84,26.866818181818186,warriha01-2007
roberla01,24.083333333333332,-1.2,200702230POR-MEM,200702230POR-POR,MEM-2007,1,2007,-28.9,26.866818181818186,roberla01-2007
atkinch01,19.133333333333333,1.4,200702230POR-MEM,200702230POR-POR,MEM-2007,1,2007,26.786666666666665,26.866818181818186,atkinch01-2007
jonesda02,9,-0.3,200702230POR-MEM,200702230POR-POR,MEM-2007,1,2007,-2.6999999999999997,26.866818181818186,jonesda02-2007
kinseta01,8.316666666666666,-1.4,200702230POR-MEM,200702230POR-POR,MEM-2007,1,2007,-11.643333333333333,26.866818181818186,kinseta01-2007
johnsal01,3.8666666666666667,1.5,200702230POR-MEM,200702230POR-POR,MEM-2007,1,2007,5.8,26.866818181818186,johnsal01-2007
harriju01,1.1,-0.2,200702230POR-MEM,200702230POR-POR,MEM-2007,1,2007,-0.22000000000000003,26.866818181818186,harriju01-2007
roybr01,36.93333333333333,-7.2,200702260SEA-POR,200702260SEA-SEA,POR-2007,0,2007,-265.91999999999996,-16.8910606060606,roybr01-2007
outlatr01,28.5,1.8,200702260SEA-POR,200702260SEA-SEA,POR-2007,0,2007,51.300000000000004,-16.8910606060606,outlatr01-2007
randoza01,27.566666666666666,-1.7,200702260SEA-POR,200702260SEA-SEA,POR-2007,0,2007,-46.86333333333333,-16.8910606060606,randoza01-2007
aldrila01,25.933333333333334,4.4,200702260SEA-POR,200702260SEA-SEA,POR-2007,0,2007,114.10666666666668,-16.8910606060606,aldrila01-2007
udokaim01,24.016666666666666,-0.6,200702260SEA-POR,200702260SEA-SEA,POR-2007,0,2007,-14.409999999999998,-16.8910606060606,udokaim01-2007
jackja01,23.883333333333333,-1.1,200702260SEA-POR,200702260SEA-SEA,POR-2007,0,2007,-26.27166666666667,-16.8910606060606,jackja01-2007
magloja01,19.75,-0.1,200702260SEA-POR,200702260SEA-SEA,POR-2007,0,2007,-1.975,-16.8910606060606,magloja01-2007
jonesfr01,16.416666666666668,3.1,200702260SEA-POR,200702260SEA-SEA,POR-2007,0,2007,50.89166666666667,-16.8910606060606,jonesfr01-2007
webstma02,15.033333333333333,0.6,200702260SEA-POR,200702260SEA-SEA,POR-2007,0,2007,9.02,-16.8910606060606,webstma02-2007
rodrise01,13,-1.8,200702260SEA-POR,200702260SEA-SEA,POR-2007,0,2007,-23.400000000000002,-16.8910606060606,rodrise01-2007
dickada01,8.966666666666667,-3.6,200702260SEA-POR,200702260SEA-SEA,POR-2007,0,2007,-32.28,-16.8910606060606,dickada01-2007
morriad01,29.7,-2.3,200703010POR-CHA,200703010POR-POR,CHA-2007,0,2007,-68.30999999999999,-25.53819444444445,morriad01-2007
carroma01,27.383333333333333,11.6,200703010POR-CHA,200703010POR-POR,CHA-2007,0,2007,317.64666666666665,-25.53819444444445,carroma01-2007
knighbr01,24.05,-1.1,200703010POR-CHA,200703010POR-POR,CHA-2007,0,2007,-26.455000000000002,-25.53819444444445,knighbr01-2007
feltora01,23.75,-8.3,200703010POR-CHA,200703010POR-POR,CHA-2007,0,2007,-197.12500000000003,-25.53819444444445,feltora01-2007
holliry01,23.116666666666667,-3.7,200703010POR-CHA,200703010POR-POR,CHA-2007,0,2007,-85.53166666666667,-25.53819444444445,holliry01-2007
wallage01,23.1,2.1,200703010POR-CHA,200703010POR-POR,CHA-2007,0,2007,48.510000000000005,-25.53819444444445,wallage01-2007
voskuja01,22.166666666666668,-4.2,200703010POR-CHA,200703010POR-POR,CHA-2007,0,2007,-93.10000000000001,-25.53819444444445,voskuja01-2007
mcinnje01,20.333333333333332,-2.9,200703010POR-CHA,200703010POR-POR,CHA-2007,0,2007,-58.96666666666666,-25.53819444444445,mcinnje01-2007
brezepr01,13.766666666666667,-4.2,200703010POR-CHA,200703010POR-POR,CHA-2007,0,2007,-57.82000000000001,-25.53819444444445,brezepr01-2007
herrmwa01,12.916666666666666,-2.8,200703010POR-CHA,200703010POR-POR,CHA-2007,0,2007,-36.166666666666664,-25.53819444444445,herrmwa01-2007
willier01,12.016666666666667,-3,200703010POR-CHA,200703010POR-POR,CHA-2007,0,2007,-36.050000000000004,-25.53819444444445,willier01-2007
anderde01,7.7,-1.7,200703010POR-CHA,200703010POR-POR,CHA-2007,0,2007,-13.09,-25.53819444444445,anderde01-2007
martike02,38.13333333333333,15.5,200703030POR-SAC,200703030POR-POR,SAC-2007,1,2007,591.0666666666666,73.42283333333333,martike02-2007
artesro01,38.083333333333336,7.7,200703030POR-SAC,200703030POR-POR,SAC-2007,1,2007,293.2416666666667,73.42283333333333,artesro01-2007
millebr01,35.2,3.4,200703030POR-SAC,200703030POR-POR,SAC-2007,1,2007,119.68,73.42283333333333,millebr01-2007
bibbymi01,32.016666666666666,-5.6,200703030POR-SAC,200703030POR-POR,SAC-2007,1,2007,-179.29333333333332,73.42283333333333,bibbymi01-2007
abdursh01,23.6,-2.6,200703030POR-SAC,200703030POR-POR,SAC-2007,1,2007,-61.36000000000001,73.42283333333333,abdursh01-2007
thomake01,20.566666666666666,-1.9,200703030POR-SAC,200703030POR-POR,SAC-2007,1,2007,-39.07666666666666,73.42283333333333,thomake01-2007
garcifr01,16.65,7,200703030POR-SAC,200703030POR-POR,SAC-2007,1,2007,116.54999999999998,73.42283333333333,garcifr01-2007
salmojo01,16.633333333333333,-2.5,200703030POR-SAC,200703030POR-POR,SAC-2007,1,2007,-41.58333333333333,73.42283333333333,salmojo01-2007
willico02,15.7,-3.4,200703030POR-SAC,200703030POR-POR,SAC-2007,1,2007,-53.379999999999995,73.42283333333333,willico02-2007
pricero01,3.4166666666666665,-3.4,200703030POR-SAC,200703030POR-POR,SAC-2007,1,2007,-11.616666666666665,73.42283333333333,pricero01-2007
duncati01,36.56666666666667,1.7,200703060POR-SAS,200703060POR-POR,SAS-2007,1,2007,62.163333333333334,37.97636363636364,duncati01-2007
finlemi01,33.083333333333336,8.7,200703060POR-SAS,200703060POR-POR,SAS-2007,1,2007,287.825,37.97636363636364,finlemi01-2007
bowenbr01,33.03333333333333,-2.7,200703060POR-SAS,200703060POR-POR,SAS-2007,1,2007,-89.19,37.97636363636364,bowenbr01-2007
ginobma01,26.783333333333335,6.8,200703060POR-SAS,200703060POR-POR,SAS-2007,1,2007,182.12666666666667,37.97636363636364,ginobma01-2007
vaughja01,23.716666666666665,-6.5,200703060POR-SAS,200703060POR-POR,SAS-2007,1,2007,-154.15833333333333,37.97636363636364,vaughja01-2007
barrybr01,21.1,1.8,200703060POR-SAS,200703060POR-POR,SAS-2007,1,2007,37.980000000000004,37.97636363636364,barrybr01-2007
parketo01,17.716666666666665,-2,200703060POR-SAS,200703060POR-POR,SAS-2007,1,2007,-35.43333333333333,37.97636363636364,parketo01-2007
udrihbe01,15.983333333333333,5.1,200703060POR-SAS,200703060POR-POR,SAS-2007,1,2007,81.51499999999999,37.97636363636364,udrihbe01-2007
elsonfr01,14.166666666666666,1.1,200703060POR-SAS,200703060POR-POR,SAS-2007,1,2007,15.583333333333334,37.97636363636364,elsonfr01-2007
obertfa01,10.166666666666666,1.6,200703060POR-SAS,200703060POR-POR,SAS-2007,1,2007,16.266666666666666,37.97636363636364,obertfa01-2007
bonnema01,7.683333333333334,1.7,200703060POR-SAS,200703060POR-POR,SAS-2007,1,2007,13.061666666666667,37.97636363636364,bonnema01-2007
ellismo01,30.966666666666665,2.5,200703110POR-GSW,200703110POR-POR,GSW-2007,0,2007,77.41666666666666,2.0274242424242415,ellismo01-2007
richaja01,29.216666666666665,3.6,200703110POR-GSW,200703110POR-POR,GSW-2007,0,2007,105.17999999999999,2.0274242424242415,richaja01-2007
biedran01,27.133333333333333,0.8,200703110POR-GSW,200703110POR-POR,GSW-2007,0,2007,21.706666666666667,2.0274242424242415,biedran01-2007
barnema02,26.933333333333334,0.1,200703110POR-GSW,200703110POR-POR,GSW-2007,0,2007,2.6933333333333334,2.0274242424242415,barnema02-2007
jacksst02,25.766666666666666,-5,200703110POR-GSW,200703110POR-POR,GSW-2007,0,2007,-128.83333333333331,2.0274242424242415,jacksst02-2007
harrial01,22.25,5.1,200703110POR-GSW,200703110POR-POR,GSW-2007,0,2007,113.475,2.0274242424242415,harrial01-2007
pietrmi01,18.85,-4.3,200703110POR-GSW,200703110POR-POR,GSW-2007,0,2007,-81.055,2.0274242424242415,pietrmi01-2007
azubuke01,17.616666666666667,-0.1,200703110POR-GSW,200703110POR-POR,GSW-2007,0,2007,-1.7616666666666667,2.0274242424242415,azubuke01-2007
poweljo01,14.45,-1.2,200703110POR-GSW,200703110POR-POR,GSW-2007,0,2007,-17.34,2.0274242424242415,poweljo01-2007
foylead01,13.683333333333334,-4,200703110POR-GSW,200703110POR-POR,GSW-2007,0,2007,-54.733333333333334,2.0274242424242415,foylead01-2007
jasiksa01,13.133333333333333,-1.1,200703110POR-GSW,200703110POR-POR,GSW-2007,0,2007,-14.446666666666667,2.0274242424242415,jasiksa01-2007
roybr01,43.766666666666666,5.2,200703130DEN-POR,200703130DEN-DEN,POR-2007,0,2007,227.58666666666667,49.32851851851852,roybr01-2007
jackja01,39.733333333333334,-1.2,200703130DEN-POR,200703130DEN-DEN,POR-2007,0,2007,-47.68,49.32851851851852,jackja01-2007
randoza01,38.8,-1.7,200703130DEN-POR,200703130DEN-DEN,POR-2007,0,2007,-65.96,49.32851851851852,randoza01-2007
aldrila01,32.7,9.9,200703130DEN-POR,200703130DEN-DEN,POR-2007,0,2007,323.73,49.32851851851852,aldrila01-2007
udokaim01,30.9,-0.1,200703130DEN-POR,200703130DEN-DEN,POR-2007,0,2007,-3.09,49.32851851851852,udokaim01-2007
outlatr01,24.533333333333335,3.9,200703130DEN-POR,200703130DEN-DEN,POR-2007,0,2007,95.68,49.32851851851852,outlatr01-2007
webstma02,13,-5.6,200703130DEN-POR,200703130DEN-DEN,POR-2007,0,2007,-72.8,49.32851851851852,webstma02-2007
magloja01,10.733333333333333,0.1,200703130DEN-POR,200703130DEN-DEN,POR-2007,0,2007,1.0733333333333333,49.32851851851852,magloja01-2007
rodrise01,5.833333333333333,-2.5,200703130DEN-POR,200703130DEN-DEN,POR-2007,0,2007,-14.583333333333332,49.32851851851852,rodrise01-2007
hamilri01,43.95,-0.4,200703140POR-DET,200703140POR-POR,DET-2007,1,2007,-17.580000000000002,57.94203703703704,hamilri01-2007
billuch01,33.833333333333336,4.5,200703140POR-DET,200703140POR-POR,DET-2007,1,2007,152.25,57.94203703703704,billuch01-2007
princta01,30.616666666666667,2.8,200703140POR-DET,200703140POR-POR,DET-2007,1,2007,85.72666666666666,57.94203703703704,princta01-2007
webbech01,29.833333333333332,1,200703140POR-DET,200703140POR-POR,DET-2007,1,2007,29.833333333333332,57.94203703703704,webbech01-2007
wallara01,29.55,2.5,200703140POR-DET,200703140POR-POR,DET-2007,1,2007,73.875,57.94203703703704,wallara01-2007
delfica01,21.433333333333334,4.8,200703140POR-DET,200703140POR-POR,DET-2007,1,2007,102.88,57.94203703703704,delfica01-2007
mcdyean01,20.983333333333334,1.6,200703140POR-DET,200703140POR-POR,DET-2007,1,2007,33.57333333333334,57.94203703703704,mcdyean01-2007
maxieja01,15.633333333333333,2.9,200703140POR-DET,200703140POR-POR,DET-2007,1,2007,45.336666666666666,57.94203703703704,maxieja01-2007
murraro01,14.166666666666666,1.1,200703140POR-DET,200703140POR-POR,DET-2007,1,2007,15.583333333333334,57.94203703703704,murraro01-2007
roybr01,44.016666666666666,-3.6,200703160LAL-POR,200703160LAL-LAL,POR-2007,0,2007,-158.46,33.9601515151515,roybr01-2007
udokaim01,40.43333333333333,8.5,200703160LAL-POR,200703160LAL-LAL,POR-2007,0,2007,343.6833333333333,33.9601515151515,udokaim01-2007
jackja01,39.016666666666666,-6.8,200703160LAL-POR,200703160LAL-LAL,POR-2007,0,2007,-265.31333333333333,33.9601515151515,jackja01-2007
randoza01,37.53333333333333,8.7,200703160LAL-POR,200703160LAL-LAL,POR-2007,0,2007,326.53999999999996,33.9601515151515,randoza01-2007
aldrila01,32.18333333333333,3.4,200703160LAL-POR,200703160LAL-LAL,POR-2007,0,2007,109.42333333333332,33.9601515151515,aldrila01-2007
magloja01,22.683333333333334,-0.2,200703160LAL-POR,200703160LAL-LAL,POR-2007,0,2007,-4.536666666666667,33.9601515151515,magloja01-2007
webstma02,15.95,4.1,200703160LAL-POR,200703160LAL-LAL,POR-2007,0,2007,65.395,33.9601515151515,webstma02-2007
outlatr01,14.516666666666667,0.1,200703160LAL-POR,200703160LAL-LAL,POR-2007,0,2007,1.4516666666666669,33.9601515151515,outlatr01-2007
rodrise01,6.333333333333333,-2.2,200703160LAL-POR,200703160LAL-LAL,POR-2007,0,2007,-13.933333333333334,33.9601515151515,rodrise01-2007
dickada01,6.233333333333333,-0.9,200703160LAL-POR,200703160LAL-LAL,POR-2007,0,2007,-5.61,33.9601515151515,dickada01-2007
jonesfr01,6.116666666666666,-4.1,200703160LAL-POR,200703160LAL-LAL,POR-2007,0,2007,-25.07833333333333,33.9601515151515,jonesfr01-2007
allenra02,42.766666666666666,-5.7,200703180POR-SEA,200703180POR-POR,SEA-2007,1,2007,-243.77,85.9237037037037,allenra02-2007
wilcoch01,39.583333333333336,2.6,200703180POR-SEA,200703180POR-POR,SEA-2007,1,2007,102.91666666666667,85.9237037037037,wilcoch01-2007
lewisra02,38.36666666666667,18,200703180POR-SEA,200703180POR-POR,SEA-2007,1,2007,690.6,85.9237037037037,lewisra02-2007
watsoea01,27.933333333333334,-4.3,200703180POR-SEA,200703180POR-POR,SEA-2007,1,2007,-120.11333333333333,85.9237037037037,watsoea01-2007
collini01,27.9,12.2,200703180POR-SEA,200703180POR-POR,SEA-2007,1,2007,340.37999999999994,85.9237037037037,collini01-2007
ridnolu01,22.6,2.5,200703180POR-SEA,200703180POR-POR,SEA-2007,1,2007,56.5,85.9237037037037,ridnolu01-2007
wilkida02,21,-0.9,200703180POR-SEA,200703180POR-POR,SEA-2007,1,2007,-18.900000000000002,85.9237037037037,wilkida02-2007
petrojo01,17.466666666666665,-1.8,200703180POR-SEA,200703180POR-POR,SEA-2007,1,2007,-31.439999999999998,85.9237037037037,petrojo01-2007
brownan01,2.3833333333333333,-1.2,200703180POR-SEA,200703180POR-POR,SEA-2007,1,2007,-2.86,85.9237037037037,brownan01-2007
jamisan01,39.68333333333333,4.4,200703200POR-WAS,200703200POR-POR,WAS-2007,0,2007,174.60666666666665,25.546944444444442,jamisan01-2007
arenagi01,38.3,2.6,200703200POR-WAS,200703200POR-POR,WAS-2007,0,2007,99.58,25.546944444444442,arenagi01-2007
stevede01,30.483333333333334,4.8,200703200POR-WAS,200703200POR-POR,WAS-2007,0,2007,146.32,25.546944444444442,stevede01-2007
hayesja01,23.1,-2.2,200703200POR-WAS,200703200POR-POR,WAS-2007,0,2007,-50.82000000000001,25.546944444444442,hayesja01-2007
haywobr01,20.316666666666666,0.8,200703200POR-WAS,200703200POR-POR,WAS-2007,0,2007,16.253333333333334,25.546944444444442,haywobr01-2007
daniean01,18.4,-1.9,200703200POR-WAS,200703200POR-POR,WAS-2007,0,2007,-34.959999999999994,25.546944444444442,daniean01-2007
songada01,17.383333333333333,-3.6,200703200POR-WAS,200703200POR-POR,WAS-2007,0,2007,-62.58,25.546944444444442,songada01-2007
thomaet01,15.266666666666667,0.1,200703200POR-WAS,200703200POR-POR,WAS-2007,0,2007,1.5266666666666668,25.546944444444442,thomaet01-2007
masonro01,14.3,4.6,200703200POR-WAS,200703200POR-POR,WAS-2007,0,2007,65.78,25.546944444444442,masonro01-2007
blatcan01,11.3,-4.3,200703200POR-WAS,200703200POR-POR,WAS-2007,0,2007,-48.59,25.546944444444442,blatcan01-2007
ruffimi01,6.416666666666667,-0.4,200703200POR-WAS,200703200POR-POR,WAS-2007,0,2007,-2.566666666666667,25.546944444444442,ruffimi01-2007
boothca01,5.033333333333333,0.4,200703200POR-WAS,200703200POR-POR,WAS-2007,0,2007,2.013333333333333,25.546944444444442,boothca01-2007
roybr01,36.733333333333334,5.2,200703220NYK-POR,200703220NYK-NYK,POR-2007,1,2007,191.01333333333335,40.93033333333334,roybr01-2007
magloja01,36.36666666666667,-3.8,200703220NYK-POR,200703220NYK-NYK,POR-2007,1,2007,-138.19333333333333,40.93033333333334,magloja01-2007
aldrila01,34.833333333333336,2.3,200703220NYK-POR,200703220NYK-NYK,POR-2007,1,2007,80.11666666666666,40.93033333333334,aldrila01-2007
jackja01,32.483333333333334,5,200703220NYK-POR,200703220NYK-NYK,POR-2007,1,2007,162.41666666666669,40.93033333333334,jackja01-2007
udokaim01,28.383333333333333,6.3,200703220NYK-POR,200703220NYK-NYK,POR-2007,1,2007,178.815,40.93033333333334,udokaim01-2007
outlatr01,20.5,-0.5,200703220NYK-POR,200703220NYK-NYK,POR-2007,1,2007,-10.25,40.93033333333334,outlatr01-2007
jonesfr01,15.733333333333333,-2.6,200703220NYK-POR,200703220NYK-NYK,POR-2007,1,2007,-40.906666666666666,40.93033333333334,jonesfr01-2007
webstma02,15.55,0.7,200703220NYK-POR,200703220NYK-NYK,POR-2007,1,2007,10.885,40.93033333333334,webstma02-2007
rodrise01,15.133333333333333,-1,200703220NYK-POR,200703220NYK-NYK,POR-2007,1,2007,-15.133333333333333,40.93033333333334,rodrise01-2007
schenlu01,4.3,-2.2,200703220NYK-POR,200703220NYK-NYK,POR-2007,1,2007,-9.46,40.93033333333334,schenlu01-2007
aldrila01,48,8.5,200703230ATL-POR,200703230ATL-ATL,POR-2007,1,2007,408,42.82816666666667,aldrila01-2007
roybr01,39.56666666666667,5.6,200703230ATL-POR,200703230ATL-ATL,POR-2007,1,2007,221.57333333333335,42.82816666666667,roybr01-2007
jackja01,39.483333333333334,0,200703230ATL-POR,200703230ATL-ATL,POR-2007,1,2007,0,42.82816666666667,jackja01-2007
magloja01,39.483333333333334,-1.2,200703230ATL-POR,200703230ATL-ATL,POR-2007,1,2007,-47.38,42.82816666666667,magloja01-2007
webstma02,29.466666666666665,-1.1,200703230ATL-POR,200703230ATL-ATL,POR-2007,1,2007,-32.413333333333334,42.82816666666667,webstma02-2007
udokaim01,25.566666666666666,-1.1,200703230ATL-POR,200703230ATL-ATL,POR-2007,1,2007,-28.123333333333335,42.82816666666667,udokaim01-2007
outlatr01,18.283333333333335,-4.7,200703230ATL-POR,200703230ATL-ATL,POR-2007,1,2007,-85.93166666666667,42.82816666666667,outlatr01-2007
jonesfr01,14.083333333333334,-0.6,200703230ATL-POR,200703230ATL-ATL,POR-2007,1,2007,-8.45,42.82816666666667,jonesfr01-2007
rodrise01,6.066666666666666,-1.4,200703230ATL-POR,200703230ATL-ATL,POR-2007,1,2007,-8.493333333333332,42.82816666666667,rodrise01-2007
dickada01,5,1.9,200703230ATL-POR,200703230ATL-ATL,POR-2007,1,2007,9.5,42.82816666666667,dickada01-2007
roybr01,35.93333333333333,6.8,200703250MIN-POR,200703250MIN-MIN,POR-2007,0,2007,244.34666666666664,28.455972222222215,roybr01-2007
jackja01,34.25,-0.2,200703250MIN-POR,200703250MIN-MIN,POR-2007,0,2007,-6.8500000000000005,28.455972222222215,jackja01-2007
randoza01,33.666666666666664,6.6,200703250MIN-POR,200703250MIN-MIN,POR-2007,0,2007,222.19999999999996,28.455972222222215,randoza01-2007
aldrila01,29.25,-2.9,200703250MIN-POR,200703250MIN-MIN,POR-2007,0,2007,-84.825,28.455972222222215,aldrila01-2007
magloja01,23.716666666666665,-0.4,200703250MIN-POR,200703250MIN-MIN,POR-2007,0,2007,-9.486666666666666,28.455972222222215,magloja01-2007
webstma02,23.65,4.1,200703250MIN-POR,200703250MIN-MIN,POR-2007,0,2007,96.96499999999999,28.455972222222215,webstma02-2007
udokaim01,21.45,-2.9,200703250MIN-POR,200703250MIN-MIN,POR-2007,0,2007,-62.205,28.455972222222215,udokaim01-2007
outlatr01,12.2,-3.9,200703250MIN-POR,200703250MIN-MIN,POR-2007,0,2007,-47.58,28.455972222222215,outlatr01-2007
jonesfr01,10.266666666666667,0.7,200703250MIN-POR,200703250MIN-MIN,POR-2007,0,2007,7.1866666666666665,28.455972222222215,jonesfr01-2007
rodrise01,8.283333333333333,-4.4,200703250MIN-POR,200703250MIN-MIN,POR-2007,0,2007,-36.44666666666667,28.455972222222215,rodrise01-2007
dickada01,7.266666666666667,2.5,200703250MIN-POR,200703250MIN-MIN,POR-2007,0,2007,18.166666666666668,28.455972222222215,dickada01-2007
lafrera01,0.08333333333333333,0,200703250MIN-POR,200703250MIN-MIN,POR-2007,0,2007,0,28.455972222222215,lafrera01-2007
webstma02,38.56666666666667,-0.1,200703260CHI-POR,200703260CHI-CHI,POR-2007,0,2007,-3.8566666666666674,5.518333333333334,webstma02-2007
jackja01,37.483333333333334,0.2,200703260CHI-POR,200703260CHI-CHI,POR-2007,0,2007,7.496666666666667,5.518333333333334,jackja01-2007
randoza01,35.18333333333333,-1.4,200703260CHI-POR,200703260CHI-CHI,POR-2007,0,2007,-49.25666666666666,5.518333333333334,randoza01-2007
aldrila01,34.416666666666664,2,200703260CHI-POR,200703260CHI-CHI,POR-2007,0,2007,68.83333333333333,5.518333333333334,aldrila01-2007
outlatr01,24.083333333333332,-2.6,200703260CHI-POR,200703260CHI-CHI,POR-2007,0,2007,-62.61666666666667,5.518333333333334,outlatr01-2007
jonesfr01,19.783333333333335,3.9,200703260CHI-POR,200703260CHI-CHI,POR-2007,0,2007,77.155,5.518333333333334,jonesfr01-2007
magloja01,18.716666666666665,0.8,200703260CHI-POR,200703260CHI-CHI,POR-2007,0,2007,14.973333333333333,5.518333333333334,magloja01-2007
udokaim01,12.2,-2.8,200703260CHI-POR,200703260CHI-CHI,POR-2007,0,2007,-34.16,5.518333333333334,udokaim01-2007
rodrise01,10.516666666666667,0.9,200703260CHI-POR,200703260CHI-CHI,POR-2007,0,2007,9.465000000000002,5.518333333333334,rodrise01-2007
dickada01,9.05,3,200703260CHI-POR,200703260CHI-CHI,POR-2007,0,2007,27.150000000000002,5.518333333333334,dickada01-2007
gayru01,40.93333333333333,6.7,200703290POR-MEM,200703290POR-POR,MEM-2007,1,2007,274.25333333333333,47.19716666666666,gayru01-2007
gasolpa01,39.5,-0.3,200703290POR-MEM,200703290POR-POR,MEM-2007,1,2007,-11.85,47.19716666666666,gasolpa01-2007
kinseta01,39.38333333333333,5.6,200703290POR-MEM,200703290POR-POR,MEM-2007,1,2007,220.54666666666665,47.19716666666666,kinseta01-2007
warriha01,36.416666666666664,2,200703290POR-MEM,200703290POR-POR,MEM-2007,1,2007,72.83333333333333,47.19716666666666,warriha01-2007
harriju01,33.45,-0.6,200703290POR-MEM,200703290POR-POR,MEM-2007,1,2007,-20.07,47.19716666666666,harriju01-2007
atkinch01,22.033333333333335,-2.4,200703290POR-MEM,200703290POR-POR,MEM-2007,1,2007,-52.88,47.19716666666666,atkinch01-2007
swiftst01,15.066666666666666,0.6,200703290POR-MEM,200703290POR-POR,MEM-2007,1,2007,9.04,47.19716666666666,swiftst01-2007
jonesda02,8.2,-1.6,200703290POR-MEM,200703290POR-POR,MEM-2007,1,2007,-13.12,47.19716666666666,jonesda02-2007
johnsal01,3.1666666666666665,-2.2,200703290POR-MEM,200703290POR-POR,MEM-2007,1,2007,-6.966666666666667,47.19716666666666,johnsal01-2007
roberla01,1.85,0.1,200703290POR-MEM,200703290POR-POR,MEM-2007,1,2007,0.18500000000000003,47.19716666666666,roberla01-2007
moblecu01,43.28333333333333,2.1,200703310POR-LAC,200703310POR-POR,LAC-2007,1,2007,90.895,71.19439393939393,moblecu01-2007
kamanch01,40.483333333333334,3.1,200703310POR-LAC,200703310POR-POR,LAC-2007,1,2007,125.49833333333333,71.19439393939393,kamanch01-2007
hartja01,39.96666666666667,6.4,200703310POR-LAC,200703310POR-POR,LAC-2007,1,2007,255.7866666666667,71.19439393939393,hartja01-2007
rossqu01,36.43333333333333,5.3,200703310POR-LAC,200703310POR-POR,LAC-2007,1,2007,193.09666666666664,71.19439393939393,rossqu01-2007
brandel01,34.46666666666667,0.6,200703310POR-LAC,200703310POR-POR,LAC-2007,1,2007,20.68,71.19439393939393,brandel01-2007
thomati01,28.833333333333332,4.6,200703310POR-LAC,200703310POR-POR,LAC-2007,1,2007,132.63333333333333,71.19439393939393,thomati01-2007
ewingda01,8.183333333333334,-3.4,200703310POR-LAC,200703310POR-POR,LAC-2007,1,2007,-27.823333333333334,71.19439393939393,ewingda01-2007
cassesa01,4.133333333333334,-0.4,200703310POR-LAC,200703310POR-POR,LAC-2007,1,2007,-1.6533333333333335,71.19439393939393,cassesa01-2007
singlja01,1.7333333333333334,-1.2,200703310POR-LAC,200703310POR-POR,LAC-2007,1,2007,-2.08,71.19439393939393,singlja01-2007
davispa01,1.6666666666666665,-1.7,200703310POR-LAC,200703310POR-POR,LAC-2007,1,2007,-2.833333333333333,71.19439393939393,davispa01-2007
korolya01,0.8166666666666667,-1.3,200703310POR-LAC,200703310POR-POR,LAC-2007,1,2007,-1.0616666666666668,71.19439393939393,korolya01-2007
willide01,42.78333333333333,0.1,200704040POR-UTA,200704040POR-POR,UTA-2007,0,2007,4.278333333333333,12.592962962962961,willide01-2007
okurme01,39.25,-4.5,200704040POR-UTA,200704040POR-POR,UTA-2007,0,2007,-176.625,12.592962962962961,okurme01-2007
boozeca01,34.983333333333334,1.4,200704040POR-UTA,200704040POR-POR,UTA-2007,0,2007,48.97666666666667,12.592962962962961,boozeca01-2007
fishede01,28.783333333333335,-3,200704040POR-UTA,200704040POR-POR,UTA-2007,0,2007,-86.35000000000001,12.592962962962961,fishede01-2007
harprma01,24.866666666666667,6.3,200704040POR-UTA,200704040POR-POR,UTA-2007,0,2007,156.66,12.592962962962961,harprma01-2007
giricgo01,24.433333333333334,2.8,200704040POR-UTA,200704040POR-POR,UTA-2007,0,2007,68.41333333333333,12.592962962962961,giricgo01-2007
kirilan01,23.133333333333333,4.3,200704040POR-UTA,200704040POR-POR,UTA-2007,0,2007,99.47333333333333,12.592962962962961,kirilan01-2007
millspa01,14.966666666666667,0.9,200704040POR-UTA,200704040POR-POR,UTA-2007,0,2007,13.47,12.592962962962961,millspa01-2007
collija03,6.8,-2.2,200704040POR-UTA,200704040POR-POR,UTA-2007,0,2007,-14.96,12.592962962962961,collija03-2007
roybr01,36.81666666666667,4.2,200704060HOU-POR,200704060HOU-HOU,POR-2007,1,2007,154.63000000000002,46.274848484848484,roybr01-2007
magloja01,35.516666666666666,-3.1,200704060HOU-POR,200704060HOU-HOU,POR-2007,1,2007,-110.10166666666667,46.274848484848484,magloja01-2007
jackja01,35.25,10,200704060HOU-POR,200704060HOU-HOU,POR-2007,1,2007,352.5,46.274848484848484,jackja01-2007
outlatr01,29.8,0.2,200704060HOU-POR,200704060HOU-HOU,POR-2007,1,2007,5.960000000000001,46.274848484848484,outlatr01-2007
udokaim01,29.516666666666666,1,200704060HOU-POR,200704060HOU-HOU,POR-2007,1,2007,29.516666666666666,46.274848484848484,udokaim01-2007
lafrera01,26,5.6,200704060HOU-POR,200704060HOU-HOU,POR-2007,1,2007,145.6,46.274848484848484,lafrera01-2007
jonesfr01,17.433333333333334,-1.5,200704060HOU-POR,200704060HOU-HOU,POR-2007,1,2007,-26.15,46.274848484848484,jonesfr01-2007
rodrise01,15.816666666666666,-1.4,200704060HOU-POR,200704060HOU-HOU,POR-2007,1,2007,-22.14333333333333,46.274848484848484,rodrise01-2007
webstma02,9.516666666666667,-1.1,200704060HOU-POR,200704060HOU-HOU,POR-2007,1,2007,-10.468333333333335,46.274848484848484,webstma02-2007
schenlu01,4.3,-2.4,200704060HOU-POR,200704060HOU-HOU,POR-2007,1,2007,-10.319999999999999,46.274848484848484,schenlu01-2007
dickada01,0.03333333333333333,0,200704060HOU-POR,200704060HOU-HOU,POR-2007,1,2007,0,46.274848484848484,dickada01-2007
magloja01,33.416666666666664,-2.8,200704070DAL-POR,200704070DAL-DAL,POR-2007,0,2007,-93.56666666666665,1.1285000000000036,magloja01-2007
jackja01,29.966666666666665,4.7,200704070DAL-POR,200704070DAL-DAL,POR-2007,0,2007,140.84333333333333,1.1285000000000036,jackja01-2007
outlatr01,27.25,4.5,200704070DAL-POR,200704070DAL-DAL,POR-2007,0,2007,122.625,1.1285000000000036,outlatr01-2007
rodrise01,25.983333333333334,2.5,200704070DAL-POR,200704070DAL-DAL,POR-2007,0,2007,64.95833333333334,1.1285000000000036,rodrise01-2007
webstma02,25.683333333333334,-0.2,200704070DAL-POR,200704070DAL-DAL,POR-2007,0,2007,-5.136666666666667,1.1285000000000036,webstma02-2007
udokaim01,22.316666666666666,-2.9,200704070DAL-POR,200704070DAL-DAL,POR-2007,0,2007,-64.71833333333333,1.1285000000000036,udokaim01-2007
jonesfr01,21.6,-0.2,200704070DAL-POR,200704070DAL-DAL,POR-2007,0,2007,-4.32,1.1285000000000036,jonesfr01-2007
lafrera01,20.766666666666666,-2.7,200704070DAL-POR,200704070DAL-DAL,POR-2007,0,2007,-56.07,1.1285000000000036,lafrera01-2007
dickada01,18.583333333333332,-5.1,200704070DAL-POR,200704070DAL-DAL,POR-2007,0,2007,-94.77499999999999,1.1285000000000036,dickada01-2007
schenlu01,14.45,0.1,200704070DAL-POR,200704070DAL-DAL,POR-2007,0,2007,1.445,1.1285000000000036,schenlu01-2007
roybr01,37.516666666666666,-0.1,200704090SAS-POR,200704090SAS-SAS,POR-2007,0,2007,-3.751666666666667,2.998787878787877,roybr01-2007
jackja01,35.43333333333333,6.9,200704090SAS-POR,200704090SAS-SAS,POR-2007,0,2007,244.48999999999998,2.998787878787877,jackja01-2007
magloja01,32.11666666666667,-0.3,200704090SAS-POR,200704090SAS-SAS,POR-2007,0,2007,-9.635,2.998787878787877,magloja01-2007
udokaim01,31.316666666666666,2.5,200704090SAS-POR,200704090SAS-SAS,POR-2007,0,2007,78.29166666666667,2.998787878787877,udokaim01-2007
outlatr01,30.633333333333333,-6.8,200704090SAS-POR,200704090SAS-SAS,POR-2007,0,2007,-208.30666666666667,2.998787878787877,outlatr01-2007
lafrera01,23.783333333333335,-1.9,200704090SAS-POR,200704090SAS-SAS,POR-2007,0,2007,-45.18833333333333,2.998787878787877,lafrera01-2007
webstma02,19.266666666666666,-0.3,200704090SAS-POR,200704090SAS-SAS,POR-2007,0,2007,-5.779999999999999,2.998787878787877,webstma02-2007
rodrise01,13.25,-0.1,200704090SAS-POR,200704090SAS-SAS,POR-2007,0,2007,-1.3250000000000002,2.998787878787877,rodrise01-2007
jonesfr01,10.566666666666666,-2.1,200704090SAS-POR,200704090SAS-SAS,POR-2007,0,2007,-22.19,2.998787878787877,jonesfr01-2007
dickada01,3.4166666666666665,2.5,200704090SAS-POR,200704090SAS-SAS,POR-2007,0,2007,8.541666666666666,2.998787878787877,dickada01-2007
schenlu01,2.7,-0.8,200704090SAS-POR,200704090SAS-SAS,POR-2007,0,2007,-2.16,2.998787878787877,schenlu01-2007
alstora01,43.7,5.9,200704110POR-HOU,200704110POR-POR,HOU-2007,1,2007,257.83000000000004,75.38425925925927,alstora01-2007
battish01,38.18333333333333,-1.5,200704110POR-HOU,200704110POR-POR,HOU-2007,1,2007,-57.27499999999999,75.38425925925927,battish01-2007
mcgratr01,37.9,10.2,200704110POR-HOU,200704110POR-POR,HOU-2007,1,2007,386.58,75.38425925925927,mcgratr01-2007
mingya01,36.983333333333334,4.7,200704110POR-HOU,200704110POR-POR,HOU-2007,1,2007,173.8216666666667,75.38425925925927,mingya01-2007
hayesch01,31.183333333333334,0.1,200704110POR-HOU,200704110POR-POR,HOU-2007,1,2007,3.1183333333333336,75.38425925925927,hayesch01-2007
headlu01,27.466666666666665,0.8,200704110POR-HOU,200704110POR-POR,HOU-2007,1,2007,21.973333333333333,75.38425925925927,headlu01-2007
howarju01,17.383333333333333,-5.9,200704110POR-HOU,200704110POR-POR,HOU-2007,1,2007,-102.56166666666667,75.38425925925927,howarju01-2007
mutomdi01,7.183333333333334,-0.7,200704110POR-HOU,200704110POR-POR,HOU-2007,1,2007,-5.028333333333333,75.38425925925927,mutomdi01-2007
lucasjo02,0.016666666666666666,0,200704110POR-HOU,200704110POR-POR,HOU-2007,1,2007,0,75.38425925925927,lucasjo02-2007
webstma02,31.266666666666666,-2.2,200704130LAC-POR,200704130LAC-LAC,POR-2007,0,2007,-68.78666666666668,-22.819666666666667,webstma02-2007
roybr01,31.183333333333334,2.7,200704130LAC-POR,200704130LAC-LAC,POR-2007,0,2007,84.19500000000001,-22.819666666666667,roybr01-2007
jonesfr01,29.15,-0.6,200704130LAC-POR,200704130LAC-LAC,POR-2007,0,2007,-17.49,-22.819666666666667,jonesfr01-2007
lafrera01,27.55,-0.7,200704130LAC-POR,200704130LAC-LAC,POR-2007,0,2007,-19.285,-22.819666666666667,lafrera01-2007
schenlu01,24.066666666666666,-6.8,200704130LAC-POR,200704130LAC-LAC,POR-2007,0,2007,-163.65333333333334,-22.819666666666667,schenlu01-2007
jackja01,23.683333333333334,-3.1,200704130LAC-POR,200704130LAC-LAC,POR-2007,0,2007,-73.41833333333334,-22.819666666666667,jackja01-2007
outlatr01,23.65,0.7,200704130LAC-POR,200704130LAC-LAC,POR-2007,0,2007,16.555,-22.819666666666667,outlatr01-2007
magloja01,21.766666666666666,-3.8,200704130LAC-POR,200704130LAC-LAC,POR-2007,0,2007,-82.71333333333332,-22.819666666666667,magloja01-2007
rodrise01,20.316666666666666,3.8,200704130LAC-POR,200704130LAC-LAC,POR-2007,0,2007,77.20333333333333,-22.819666666666667,rodrise01-2007
dickada01,7.383333333333334,2.6,200704130LAC-POR,200704130LAC-LAC,POR-2007,0,2007,19.19666666666667,-22.819666666666667,dickada01-2007
wilkida02,44.68333333333333,0.9,200704140POR-SEA,200704140POR-POR,SEA-2007,0,2007,40.214999999999996,13.461851851851854,wilkida02-2007
wilksmi01,40.6,1.8,200704140POR-SEA,200704140POR-POR,SEA-2007,0,2007,73.08,13.461851851851854,wilksmi01-2007
lewisra02,39.31666666666667,0.2,200704140POR-SEA,200704140POR-POR,SEA-2007,0,2007,7.863333333333334,13.461851851851854,lewisra02-2007
wilcoch01,35.06666666666667,1.5,200704140POR-SEA,200704140POR-POR,SEA-2007,0,2007,52.60000000000001,13.461851851851854,wilcoch01-2007
gelabmi01,29.416666666666668,3.7,200704140POR-SEA,200704140POR-POR,SEA-2007,0,2007,108.84166666666668,13.461851851851854,gelabmi01-2007
collini01,26.366666666666667,-4,200704140POR-SEA,200704140POR-POR,SEA-2007,0,2007,-105.46666666666667,13.461851851851854,collini01-2007
petrojo01,9.283333333333333,-4.6,200704140POR-SEA,200704140POR-POR,SEA-2007,0,2007,-42.703333333333326,13.461851851851854,petrojo01-2007
senesa01,7.866666666666667,0.1,200704140POR-SEA,200704140POR-POR,SEA-2007,0,2007,0.7866666666666667,13.461851851851854,senesa01-2007
livinra01,7.4,-1.9,200704140POR-SEA,200704140POR-POR,SEA-2007,0,2007,-14.06,13.461851851851854,livinra01-2007
webstma02,45.15,-0.6,200704160UTA-POR,200704160UTA-UTA,POR-2007,0,2007,-27.09,-42.605000000000004,webstma02-2007
outlatr01,35.88333333333333,3,200704160UTA-POR,200704160UTA-UTA,POR-2007,0,2007,107.65,-42.605000000000004,outlatr01-2007
jackja01,29.933333333333334,-4.9,200704160UTA-POR,200704160UTA-UTA,POR-2007,0,2007,-146.67333333333335,-42.605000000000004,jackja01-2007
lafrera01,28.083333333333332,-2.4,200704160UTA-POR,200704160UTA-UTA,POR-2007,0,2007,-67.39999999999999,-42.605000000000004,lafrera01-2007
jonesfr01,24.716666666666665,-2.7,200704160UTA-POR,200704160UTA-UTA,POR-2007,0,2007,-66.735,-42.605000000000004,jonesfr01-2007
dickada01,23.2,1.4,200704160UTA-POR,200704160UTA-UTA,POR-2007,0,2007,32.48,-42.605000000000004,dickada01-2007
rodrise01,22.216666666666665,-6.2,200704160UTA-POR,200704160UTA-UTA,POR-2007,0,2007,-137.74333333333334,-42.605000000000004,rodrise01-2007
schenlu01,17.483333333333334,-4,200704160UTA-POR,200704160UTA-UTA,POR-2007,0,2007,-69.93333333333334,-42.605000000000004,schenlu01-2007
magloja01,13.333333333333334,-0.6,200704160UTA-POR,200704160UTA-UTA,POR-2007,0,2007,-8,-42.605000000000004,magloja01-2007
ellismo01,35.85,-1.5,200704180POR-GSW,200704180POR-POR,GSW-2007,1,2007,-53.775000000000006,76.08611111111111,ellismo01-2007
jacksst02,35.416666666666664,6.5,200704180POR-GSW,200704180POR-POR,GSW-2007,1,2007,230.20833333333331,76.08611111111111,jacksst02-2007
davisba01,34.7,0.2,200704180POR-GSW,200704180POR-POR,GSW-2007,1,2007,6.940000000000001,76.08611111111111,davisba01-2007
richaja01,32.96666666666667,8.4,200704180POR-GSW,200704180POR-POR,GSW-2007,1,2007,276.92,76.08611111111111,richaja01-2007
harrial01,31.083333333333332,6.6,200704180POR-GSW,200704180POR-POR,GSW-2007,1,2007,205.14999999999998,76.08611111111111,harrial01-2007
barnema02,27.05,1.9,200704180POR-GSW,200704180POR-POR,GSW-2007,1,2007,51.394999999999996,76.08611111111111,barnema02-2007
pietrmi01,25.116666666666667,1,200704180POR-GSW,200704180POR-POR,GSW-2007,1,2007,25.116666666666667,76.08611111111111,pietrmi01-2007
biedran01,15.416666666666666,-3.6,200704180POR-GSW,200704180POR-POR,GSW-2007,1,2007,-55.5,76.08611111111111,biedran01-2007
azubuke01,2.4,-0.7,200704180POR-GSW,200704180POR-POR,GSW-2007,1,2007,-1.68,76.08611111111111,azubuke01-2007
