player,min,VORP,id,opp_id,season_id,win,year,adj_VORP,avg_VORP,link
lillada01,35.4,4.2,201810180POR-POR,201810180POR-LAL,POR-2019,1,2019,148.68,40.539393939393946,lillada01-2019
mccolcj01,31.016666666666666,-1.5,201810180POR-POR,201810180POR-LAL,POR-2019,1,2019,-46.525,40.539393939393946,mccolcj01-2019
stausni01,27.2,10.3,201810180POR-POR,201810180POR-LAL,POR-2019,1,2019,280.16,40.539393939393946,stausni01-2019
aminual01,26.966666666666665,-7.1,201810180POR-POR,201810180POR-LAL,POR-2019,1,2019,-191.4633333333333,40.539393939393946,aminual01-2019
colliza01,26.316666666666666,4,201810180POR-POR,201810180POR-LAL,POR-2019,1,2019,105.26666666666667,40.539393939393946,colliza01-2019
turneev01,21.216666666666665,4.4,201810180POR-POR,201810180POR-LAL,POR-2019,1,2019,93.35333333333334,40.539393939393946,turneev01-2019
harklma01,18.433333333333334,4.1,201810180POR-POR,201810180POR-LAL,POR-2019,1,2019,75.57666666666667,40.539393939393946,harklma01-2019
nurkiju01,17.183333333333334,0.5,201810180POR-POR,201810180POR-LAL,POR-2019,1,2019,8.591666666666667,40.539393939393946,nurkiju01-2019
curryse01,15.566666666666666,-2.3,201810180POR-POR,201810180POR-LAL,POR-2019,1,2019,-35.80333333333333,40.539393939393946,curryse01-2019
laymaja01,12.666666666666666,-1.2,201810180POR-POR,201810180POR-LAL,POR-2019,1,2019,-15.2,40.539393939393946,laymaja01-2019
leoname01,8.033333333333333,2.9,201810180POR-POR,201810180POR-LAL,POR-2019,1,2019,23.296666666666667,40.539393939393946,leoname01-2019
lillada01,30.266666666666666,12.8,201810200POR-POR,201810200POR-SAS,POR-2019,1,2019,387.41333333333336,52.23089743589744,lillada01-2019
mccolcj01,30.266666666666666,3.8,201810200POR-POR,201810200POR-SAS,POR-2019,1,2019,115.01333333333332,52.23089743589744,mccolcj01-2019
aminual01,29.333333333333332,3.7,201810200POR-POR,201810200POR-SAS,POR-2019,1,2019,108.53333333333333,52.23089743589744,aminual01-2019
turneev01,24.533333333333335,0.2,201810200POR-POR,201810200POR-SAS,POR-2019,1,2019,4.906666666666667,52.23089743589744,turneev01-2019
nurkiju01,23.116666666666667,-0.4,201810200POR-POR,201810200POR-SAS,POR-2019,1,2019,-9.246666666666668,52.23089743589744,nurkiju01-2019
stausni01,20.65,0,201810200POR-POR,201810200POR-SAS,POR-2019,1,2019,0,52.23089743589744,stausni01-2019
harklma01,20.35,0.7,201810200POR-POR,201810200POR-SAS,POR-2019,1,2019,14.245,52.23089743589744,harklma01-2019
laymaja01,15.833333333333334,0.8,201810200POR-POR,201810200POR-SAS,POR-2019,1,2019,12.666666666666668,52.23089743589744,laymaja01-2019
colliza01,15.383333333333333,2.2,201810200POR-POR,201810200POR-SAS,POR-2019,1,2019,33.843333333333334,52.23089743589744,colliza01-2019
curryse01,14.7,0.9,201810200POR-POR,201810200POR-SAS,POR-2019,1,2019,13.23,52.23089743589744,curryse01-2019
leoname01,9.5,1.3,201810200POR-POR,201810200POR-SAS,POR-2019,1,2019,12.35,52.23089743589744,leoname01-2019
baldwwa01,3.033333333333333,-4.1,201810200POR-POR,201810200POR-SAS,POR-2019,1,2019,-12.436666666666666,52.23089743589744,baldwwa01-2019
swanica01,3.033333333333333,-0.5,201810200POR-POR,201810200POR-SAS,POR-2019,1,2019,-1.5166666666666666,52.23089743589744,swanica01-2019
lillada01,40.53333333333333,3.7,201810220POR-POR,201810220POR-WAS,POR-2019,0,2019,149.97333333333333,38.10866666666667,lillada01-2019
mccolcj01,38.36666666666667,-6.7,201810220POR-POR,201810220POR-WAS,POR-2019,0,2019,-257.0566666666667,38.10866666666667,mccolcj01-2019
aminual01,35.483333333333334,5.9,201810220POR-POR,201810220POR-WAS,POR-2019,0,2019,209.3516666666667,38.10866666666667,aminual01-2019
nurkiju01,31.716666666666665,6.4,201810220POR-POR,201810220POR-WAS,POR-2019,0,2019,202.98666666666668,38.10866666666667,nurkiju01-2019
stausni01,30.3,4.4,201810220POR-POR,201810220POR-WAS,POR-2019,0,2019,133.32000000000002,38.10866666666667,stausni01-2019
turneev01,20.083333333333332,-0.1,201810220POR-POR,201810220POR-WAS,POR-2019,0,2019,-2.0083333333333333,38.10866666666667,turneev01-2019
colliza01,19.266666666666666,-1.1,201810220POR-POR,201810220POR-WAS,POR-2019,0,2019,-21.193333333333335,38.10866666666667,colliza01-2019
harklma01,18.983333333333334,-0.4,201810220POR-POR,201810220POR-WAS,POR-2019,0,2019,-7.593333333333334,38.10866666666667,harklma01-2019
curryse01,17.866666666666667,-0.8,201810220POR-POR,201810220POR-WAS,POR-2019,0,2019,-14.293333333333335,38.10866666666667,curryse01-2019
laymaja01,12.4,-1,201810220POR-POR,201810220POR-WAS,POR-2019,0,2019,-12.4,38.10866666666667,laymaja01-2019
vucevni01,31.45,5.6,201810250ORL-ORL,201810250ORL-POR,ORL-2019,0,2019,176.11999999999998,17.848703703703706,vucevni01-2019
fournev01,31.383333333333333,-2.9,201810250ORL-ORL,201810250ORL-POR,ORL-2019,0,2019,-91.01166666666666,17.848703703703706,fournev01-2019
isaacjo01,30.416666666666668,0.4,201810250ORL-ORL,201810250ORL-POR,ORL-2019,0,2019,12.166666666666668,17.848703703703706,isaacjo01-2019
rosste01,29.283333333333335,4.3,201810250ORL-ORL,201810250ORL-POR,ORL-2019,0,2019,125.91833333333334,17.848703703703706,rosste01-2019
gordoaa01,28.416666666666668,-0.2,201810250ORL-ORL,201810250ORL-POR,ORL-2019,0,2019,-5.683333333333334,17.848703703703706,gordoaa01-2019
augusdj01,26.916666666666668,0.4,201810250ORL-ORL,201810250ORL-POR,ORL-2019,0,2019,10.766666666666667,17.848703703703706,augusdj01-2019
grantje02,21.083333333333332,-3.3,201810250ORL-ORL,201810250ORL-POR,ORL-2019,0,2019,-69.57499999999999,17.848703703703706,grantje02-2019
simmojo02,20.95,-2.4,201810250ORL-ORL,201810250ORL-POR,ORL-2019,0,2019,-50.279999999999994,17.848703703703706,simmojo02-2019
bambamo01,20.083333333333332,2.6,201810250ORL-ORL,201810250ORL-POR,ORL-2019,0,2019,52.21666666666667,17.848703703703706,bambamo01-2019
richajo01,36.25,-3,201810270MIA-MIA,201810270MIA-POR,MIA-2019,1,2019,-108.75,55.6087037037037,richajo01-2019
dragigo01,35.18333333333333,6,201810270MIA-MIA,201810270MIA-POR,MIA-2019,1,2019,211.09999999999997,55.6087037037037,dragigo01-2019
whiteha01,34.416666666666664,-3.8,201810270MIA-MIA,201810270MIA-POR,MIA-2019,1,2019,-130.78333333333333,55.6087037037037,whiteha01-2019
mcgruro01,33.15,3.4,201810270MIA-MIA,201810270MIA-POR,MIA-2019,1,2019,112.71,55.6087037037037,mcgruro01-2019
olynyke01,28.8,9.9,201810270MIA-MIA,201810270MIA-POR,MIA-2019,1,2019,285.12,55.6087037037037,olynyke01-2019
wadedw01,20.816666666666666,4.1,201810270MIA-MIA,201810270MIA-POR,MIA-2019,1,2019,85.34833333333333,55.6087037037037,wadedw01-2019
winslju01,19.2,3.7,201810270MIA-MIA,201810270MIA-POR,MIA-2019,1,2019,71.04,55.6087037037037,winslju01-2019
johnsty01,18.6,0.1,201810270MIA-MIA,201810270MIA-POR,MIA-2019,1,2019,1.8600000000000003,55.6087037037037,johnsty01-2019
adebaba01,13.583333333333334,-2,201810270MIA-MIA,201810270MIA-POR,MIA-2019,1,2019,-27.166666666666668,55.6087037037037,adebaba01-2019
bogdabo02,37.3,0.1,201810290IND-IND,201810290IND-POR,IND-2019,0,2019,3.73,48.96283333333334,bogdabo02-2019
collida01,36.06666666666667,6.9,201810290IND-IND,201810290IND-POR,IND-2019,0,2019,248.86000000000004,48.96283333333334,collida01-2019
oladivi01,36,4.7,201810290IND-IND,201810290IND-POR,IND-2019,0,2019,169.20000000000002,48.96283333333334,oladivi01-2019
turnemy01,31.916666666666668,1.1,201810290IND-IND,201810290IND-POR,IND-2019,0,2019,35.108333333333334,48.96283333333334,turnemy01-2019
youngth01,31.25,3.1,201810290IND-IND,201810290IND-POR,IND-2019,0,2019,96.875,48.96283333333334,youngth01-2019
sabondo01,23.833333333333332,2.6,201810290IND-IND,201810290IND-POR,IND-2019,0,2019,61.96666666666667,48.96283333333334,sabondo01-2019
evansty01,14.533333333333333,-0.8,201810290IND-IND,201810290IND-POR,IND-2019,0,2019,-11.626666666666667,48.96283333333334,evansty01-2019
josepco01,14.5,-4.6,201810290IND-IND,201810290IND-POR,IND-2019,0,2019,-66.69999999999999,48.96283333333334,josepco01-2019
mcderdo01,10.55,-3.8,201810290IND-IND,201810290IND-POR,IND-2019,0,2019,-40.09,48.96283333333334,mcderdo01-2019
leaftj01,4.05,-1.9,201810290IND-IND,201810290IND-POR,IND-2019,0,2019,-7.694999999999999,48.96283333333334,leaftj01-2019
paulch01,37.1,3.2,201810300HOU-HOU,201810300HOU-POR,HOU-2019,0,2019,118.72000000000001,-9.905000000000003,paulch01-2019
tuckepj01,34,2.3,201810300HOU-HOU,201810300HOU-POR,HOU-2019,0,2019,78.19999999999999,-9.905000000000003,tuckepj01-2019
gordoer01,31.433333333333334,-4.9,201810300HOU-HOU,201810300HOU-POR,HOU-2019,0,2019,-154.02333333333334,-9.905000000000003,gordoer01-2019
anthoca01,31.166666666666668,-4.6,201810300HOU-HOU,201810300HOU-POR,HOU-2019,0,2019,-143.36666666666667,-9.905000000000003,anthoca01-2019
capelca01,30.4,0.1,201810300HOU-HOU,201810300HOU-POR,HOU-2019,0,2019,3.04,-9.905000000000003,capelca01-2019
greenge01,25.8,-4.8,201810300HOU-HOU,201810300HOU-POR,HOU-2019,0,2019,-123.84,-9.905000000000003,greenge01-2019
clarkga01,19.45,4.5,201810300HOU-HOU,201810300HOU-POR,HOU-2019,0,2019,87.52499999999999,-9.905000000000003,clarkga01-2019
cartemi01,14.583333333333334,3,201810300HOU-HOU,201810300HOU-POR,HOU-2019,0,2019,43.75,-9.905000000000003,cartemi01-2019
chrisma01,8.133333333333333,-1,201810300HOU-HOU,201810300HOU-POR,HOU-2019,0,2019,-8.133333333333333,-9.905000000000003,chrisma01-2019
harteis01,6.983333333333333,-1.7,201810300HOU-HOU,201810300HOU-POR,HOU-2019,0,2019,-11.871666666666666,-9.905000000000003,harteis01-2019
qizh01,0.95,1.1,201810300HOU-HOU,201810300HOU-POR,HOU-2019,0,2019,1.045,-9.905000000000003,qizh01-2019
aminual01,33.18333333333333,2.2,201811010POR-POR,201811010POR-NOP,POR-2019,1,2019,73.00333333333333,34.438472222222224,aminual01-2019
lillada01,30.983333333333334,4.4,201811010POR-POR,201811010POR-NOP,POR-2019,1,2019,136.32666666666668,34.438472222222224,lillada01-2019
mccolcj01,29.783333333333335,-6.2,201811010POR-POR,201811010POR-NOP,POR-2019,1,2019,-184.6566666666667,34.438472222222224,mccolcj01-2019
nurkiju01,28.066666666666666,4.2,201811010POR-POR,201811010POR-NOP,POR-2019,1,2019,117.88000000000001,34.438472222222224,nurkiju01-2019
turneev01,26.95,2.6,201811010POR-POR,201811010POR-NOP,POR-2019,1,2019,70.07000000000001,34.438472222222224,turneev01-2019
stausni01,20.866666666666667,4.7,201811010POR-POR,201811010POR-NOP,POR-2019,1,2019,98.07333333333334,34.438472222222224,stausni01-2019
curryse01,18.633333333333333,3.1,201811010POR-POR,201811010POR-NOP,POR-2019,1,2019,57.763333333333335,34.438472222222224,curryse01-2019
colliza01,17.283333333333335,-0.7,201811010POR-POR,201811010POR-NOP,POR-2019,1,2019,-12.098333333333334,34.438472222222224,colliza01-2019
laymaja01,15.733333333333333,5.9,201811010POR-POR,201811010POR-NOP,POR-2019,1,2019,92.82666666666667,34.438472222222224,laymaja01-2019
swanica01,14.816666666666666,-2.2,201811010POR-POR,201811010POR-NOP,POR-2019,1,2019,-32.59666666666667,34.438472222222224,swanica01-2019
baldwwa01,1.85,-1.1,201811010POR-POR,201811010POR-NOP,POR-2019,1,2019,-2.035,34.438472222222224,baldwwa01-2019
simonan01,1.85,-0.7,201811010POR-POR,201811010POR-NOP,POR-2019,1,2019,-1.295,34.438472222222224,simonan01-2019
lillada01,35.8,11,201811030POR-POR,201811030POR-LAL,POR-2019,0,2019,393.79999999999995,52.919090909090905,lillada01-2019
mccolcj01,35.8,5.3,201811030POR-POR,201811030POR-LAL,POR-2019,0,2019,189.73999999999998,52.919090909090905,mccolcj01-2019
aminual01,32.1,1.3,201811030POR-POR,201811030POR-LAL,POR-2019,0,2019,41.730000000000004,52.919090909090905,aminual01-2019
nurkiju01,30.1,1.2,201811030POR-POR,201811030POR-LAL,POR-2019,0,2019,36.12,52.919090909090905,nurkiju01-2019
turneev01,23.716666666666665,-0.3,201811030POR-POR,201811030POR-LAL,POR-2019,0,2019,-7.114999999999999,52.919090909090905,turneev01-2019
curryse01,21.933333333333334,-3.5,201811030POR-POR,201811030POR-LAL,POR-2019,0,2019,-76.76666666666667,52.919090909090905,curryse01-2019
laymaja01,18.766666666666666,3.7,201811030POR-POR,201811030POR-LAL,POR-2019,0,2019,69.43666666666667,52.919090909090905,laymaja01-2019
colliza01,17.85,-1.5,201811030POR-POR,201811030POR-LAL,POR-2019,0,2019,-26.775000000000002,52.919090909090905,colliza01-2019
stausni01,15.733333333333333,-0.9,201811030POR-POR,201811030POR-LAL,POR-2019,0,2019,-14.16,52.919090909090905,stausni01-2019
swanica01,5,-3.5,201811030POR-POR,201811030POR-LAL,POR-2019,0,2019,-17.5,52.919090909090905,swanica01-2019
leoname01,3.2,-2,201811030POR-POR,201811030POR-LAL,POR-2019,0,2019,-6.4,52.919090909090905,leoname01-2019
lillada01,28.016666666666666,6,201811040POR-POR,201811040POR-MIN,POR-2019,1,2019,168.1,50.35589743589743,lillada01-2019
mccolcj01,28.016666666666666,4.1,201811040POR-POR,201811040POR-MIN,POR-2019,1,2019,114.86833333333333,50.35589743589743,mccolcj01-2019
laymaja01,24.25,0.7,201811040POR-POR,201811040POR-MIN,POR-2019,1,2019,16.974999999999998,50.35589743589743,laymaja01-2019
aminual01,23.15,1.7,201811040POR-POR,201811040POR-MIN,POR-2019,1,2019,39.355,50.35589743589743,aminual01-2019
nurkiju01,22.7,7.4,201811040POR-POR,201811040POR-MIN,POR-2019,1,2019,167.98,50.35589743589743,nurkiju01-2019
turneev01,22.066666666666666,-1.7,201811040POR-POR,201811040POR-MIN,POR-2019,1,2019,-37.513333333333335,50.35589743589743,turneev01-2019
leoname01,21.816666666666666,8.5,201811040POR-POR,201811040POR-MIN,POR-2019,1,2019,185.44166666666666,50.35589743589743,leoname01-2019
colliza01,18.45,0.7,201811040POR-POR,201811040POR-MIN,POR-2019,1,2019,12.915,50.35589743589743,colliza01-2019
curryse01,15.433333333333334,0.9,201811040POR-POR,201811040POR-MIN,POR-2019,1,2019,13.89,50.35589743589743,curryse01-2019
baldwwa01,9.883333333333333,-1.6,201811040POR-POR,201811040POR-MIN,POR-2019,1,2019,-15.813333333333333,50.35589743589743,baldwwa01-2019
swanica01,9.883333333333333,-1.1,201811040POR-POR,201811040POR-MIN,POR-2019,1,2019,-10.871666666666666,50.35589743589743,swanica01-2019
stausni01,9.333333333333334,1.8,201811040POR-POR,201811040POR-MIN,POR-2019,1,2019,16.8,50.35589743589743,stausni01-2019
trentga02,7,-2.5,201811040POR-POR,201811040POR-MIN,POR-2019,1,2019,-17.5,50.35589743589743,trentga02-2019
lillada01,36.1,-3.3,201811060POR-POR,201811060POR-MIL,POR-2019,1,2019,-119.13,89.33000000000001,lillada01-2019
mccolcj01,35.88333333333333,17.8,201811060POR-POR,201811060POR-MIL,POR-2019,1,2019,638.7233333333334,89.33000000000001,mccolcj01-2019
turneev01,31.533333333333335,6.7,201811060POR-POR,201811060POR-MIL,POR-2019,1,2019,211.27333333333334,89.33000000000001,turneev01-2019
aminual01,31.5,2.2,201811060POR-POR,201811060POR-MIL,POR-2019,1,2019,69.30000000000001,89.33000000000001,aminual01-2019
nurkiju01,24.6,4.4,201811060POR-POR,201811060POR-MIL,POR-2019,1,2019,108.24000000000001,89.33000000000001,nurkiju01-2019
colliza01,24.166666666666668,-2.2,201811060POR-POR,201811060POR-MIL,POR-2019,1,2019,-53.16666666666667,89.33000000000001,colliza01-2019
leoname01,15.516666666666667,3,201811060POR-POR,201811060POR-MIL,POR-2019,1,2019,46.550000000000004,89.33000000000001,leoname01-2019
laymaja01,15.35,2.7,201811060POR-POR,201811060POR-MIL,POR-2019,1,2019,41.445,89.33000000000001,laymaja01-2019
stausni01,13.233333333333333,-2.4,201811060POR-POR,201811060POR-MIL,POR-2019,1,2019,-31.759999999999998,89.33000000000001,stausni01-2019
curryse01,12.116666666666667,-1.5,201811060POR-POR,201811060POR-MIL,POR-2019,1,2019,-18.175,89.33000000000001,curryse01-2019
lillada01,34.95,4.9,201811080POR-POR,201811080POR-LAC,POR-2019,1,2019,171.25500000000002,58.75515151515152,lillada01-2019
mccolcj01,34.95,3.6,201811080POR-POR,201811080POR-LAC,POR-2019,1,2019,125.82000000000001,58.75515151515152,mccolcj01-2019
turneev01,29.45,4.1,201811080POR-POR,201811080POR-LAC,POR-2019,1,2019,120.74499999999999,58.75515151515152,turneev01-2019
colliza01,26.566666666666666,0.3,201811080POR-POR,201811080POR-LAC,POR-2019,1,2019,7.97,58.75515151515152,colliza01-2019
aminual01,26.3,7.2,201811080POR-POR,201811080POR-LAC,POR-2019,1,2019,189.36,58.75515151515152,aminual01-2019
nurkiju01,23.266666666666666,1.8,201811080POR-POR,201811080POR-LAC,POR-2019,1,2019,41.88,58.75515151515152,nurkiju01-2019
stausni01,17.9,-0.4,201811080POR-POR,201811080POR-LAC,POR-2019,1,2019,-7.16,58.75515151515152,stausni01-2019
laymaja01,13.7,-2,201811080POR-POR,201811080POR-LAC,POR-2019,1,2019,-27.4,58.75515151515152,laymaja01-2019
curryse01,13.05,-1.4,201811080POR-POR,201811080POR-LAC,POR-2019,1,2019,-18.27,58.75515151515152,curryse01-2019
leoname01,11.916666666666666,3.4,201811080POR-POR,201811080POR-LAC,POR-2019,1,2019,40.516666666666666,58.75515151515152,leoname01-2019
swanica01,7.95,0.2,201811080POR-POR,201811080POR-LAC,POR-2019,1,2019,1.59,58.75515151515152,swanica01-2019
lillada01,35.25,6.7,201811110POR-POR,201811110POR-BOS,POR-2019,1,2019,236.175,50.905166666666666,lillada01-2019
mccolcj01,34.81666666666667,-0.7,201811110POR-POR,201811110POR-BOS,POR-2019,1,2019,-24.371666666666666,50.905166666666666,mccolcj01-2019
aminual01,30.066666666666666,6.2,201811110POR-POR,201811110POR-BOS,POR-2019,1,2019,186.41333333333333,50.905166666666666,aminual01-2019
nurkiju01,27.55,4.4,201811110POR-POR,201811110POR-BOS,POR-2019,1,2019,121.22000000000001,50.905166666666666,nurkiju01-2019
turneev01,27.15,-6.5,201811110POR-POR,201811110POR-BOS,POR-2019,1,2019,-176.475,50.905166666666666,turneev01-2019
colliza01,20.15,2.3,201811110POR-POR,201811110POR-BOS,POR-2019,1,2019,46.34499999999999,50.905166666666666,colliza01-2019
curryse01,19.666666666666668,3.2,201811110POR-POR,201811110POR-BOS,POR-2019,1,2019,62.93333333333334,50.905166666666666,curryse01-2019
leoname01,17.933333333333334,-1.1,201811110POR-POR,201811110POR-BOS,POR-2019,1,2019,-19.72666666666667,50.905166666666666,leoname01-2019
laymaja01,14.366666666666667,5.6,201811110POR-POR,201811110POR-BOS,POR-2019,1,2019,80.45333333333333,50.905166666666666,laymaja01-2019
stausni01,13.05,-0.3,201811110POR-POR,201811110POR-BOS,POR-2019,1,2019,-3.915,50.905166666666666,stausni01-2019
jamesle01,36,22,201811140LAL-LAL,201811140LAL-POR,LAL-2019,1,2019,792,73.68066666666667,jamesle01-2019
ingrabr01,32.35,-0.2,201811140LAL-LAL,201811140LAL-POR,LAL-2019,1,2019,-6.470000000000001,73.68066666666667,ingrabr01-2019
balllo01,32.1,-1,201811140LAL-LAL,201811140LAL-POR,LAL-2019,1,2019,-32.1,73.68066666666667,balllo01-2019
kuzmaky01,25.066666666666666,-2.9,201811140LAL-LAL,201811140LAL-POR,LAL-2019,1,2019,-72.69333333333333,73.68066666666667,kuzmaky01-2019
mcgeeja01,23.916666666666668,4.7,201811140LAL-LAL,201811140LAL-POR,LAL-2019,1,2019,112.40833333333335,73.68066666666667,mcgeeja01-2019
hartjo01,23.85,-3,201811140LAL-LAL,201811140LAL-POR,LAL-2019,1,2019,-71.55000000000001,73.68066666666667,hartjo01-2019
chandty01,20.7,0.3,201811140LAL-LAL,201811140LAL-POR,LAL-2019,1,2019,6.21,73.68066666666667,chandty01-2019
caldwke01,17.366666666666667,4.9,201811140LAL-LAL,201811140LAL-POR,LAL-2019,1,2019,85.09666666666668,73.68066666666667,caldwke01-2019
rondora01,15.9,-2.3,201811140LAL-LAL,201811140LAL-POR,LAL-2019,1,2019,-36.57,73.68066666666667,rondora01-2019
stephla01,12.75,-3.1,201811140LAL-LAL,201811140LAL-POR,LAL-2019,1,2019,-39.525,73.68066666666667,stephla01-2019
teaguje01,37.2,4.6,201811160MIN-MIN,201811160MIN-POR,MIN-2019,1,2019,171.12,51.41075757575758,teaguje01-2019
wiggian01,37.2,4.1,201811160MIN-MIN,201811160MIN-POR,MIN-2019,1,2019,152.52,51.41075757575758,wiggian01-2019
rosede01,33.95,1.2,201811160MIN-MIN,201811160MIN-POR,MIN-2019,1,2019,40.74,51.41075757575758,rosede01-2019
townska01,33.55,-2.5,201811160MIN-MIN,201811160MIN-POR,MIN-2019,1,2019,-83.875,51.41075757575758,townska01-2019
saricda01,27.016666666666666,-2,201811160MIN-MIN,201811160MIN-POR,MIN-2019,1,2019,-54.03333333333333,51.41075757575758,saricda01-2019
covinro01,23.366666666666667,7.3,201811160MIN-MIN,201811160MIN-POR,MIN-2019,1,2019,170.57666666666665,51.41075757575758,covinro01-2019
gibsota01,20.983333333333334,4.9,201811160MIN-MIN,201811160MIN-POR,MIN-2019,1,2019,102.81833333333334,51.41075757575758,gibsota01-2019
dienggo01,14.45,2.3,201811160MIN-MIN,201811160MIN-POR,MIN-2019,1,2019,33.23499999999999,51.41075757575758,dienggo01-2019
jonesty01,11.016666666666667,3,201811160MIN-MIN,201811160MIN-POR,MIN-2019,1,2019,33.050000000000004,51.41075757575758,jonesty01-2019
nunnaja01,0.6333333333333333,-0.1,201811160MIN-MIN,201811160MIN-POR,MIN-2019,1,2019,-0.06333333333333334,51.41075757575758,nunnaja01-2019
okogijo01,0.6333333333333333,-0.9,201811160MIN-MIN,201811160MIN-POR,MIN-2019,1,2019,-0.57,51.41075757575758,okogijo01-2019
walljo01,31.266666666666666,5.1,201811180WAS-WAS,201811180WAS-POR,WAS-2019,0,2019,159.45999999999998,15.514305555555556,walljo01-2019
oubreke01,29.483333333333334,6.4,201811180WAS-WAS,201811180WAS-POR,WAS-2019,0,2019,188.69333333333336,15.514305555555556,oubreke01-2019
riverau01,28.616666666666667,-2.6,201811180WAS-WAS,201811180WAS-POR,WAS-2019,0,2019,-74.40333333333334,15.514305555555556,riverau01-2019
porteot01,28.25,0.9,201811180WAS-WAS,201811180WAS-POR,WAS-2019,0,2019,25.425,15.514305555555556,porteot01-2019
bealbr01,26.433333333333334,-1.5,201811180WAS-WAS,201811180WAS-POR,WAS-2019,0,2019,-39.65,15.514305555555556,bealbr01-2019
greenje02,25.233333333333334,-1,201811180WAS-WAS,201811180WAS-POR,WAS-2019,0,2019,-25.233333333333334,15.514305555555556,greenje02-2019
morrima02,19,-5.4,201811180WAS-WAS,201811180WAS-POR,WAS-2019,0,2019,-102.60000000000001,15.514305555555556,morrima02-2019
satorto01,18.733333333333334,5.5,201811180WAS-WAS,201811180WAS-POR,WAS-2019,0,2019,103.03333333333333,15.514305555555556,satorto01-2019
browntr01,10.5,-1.3,201811180WAS-WAS,201811180WAS-POR,WAS-2019,0,2019,-13.65,15.514305555555556,browntr01-2019
smithja02,10.116666666666667,-2.5,201811180WAS-WAS,201811180WAS-POR,WAS-2019,0,2019,-25.291666666666668,15.514305555555556,smithja02-2019
howardw01,7.416666666666667,-4.9,201811180WAS-WAS,201811180WAS-POR,WAS-2019,0,2019,-36.34166666666667,15.514305555555556,howardw01-2019
bryanth01,4.95,5.4,201811180WAS-WAS,201811180WAS-POR,WAS-2019,0,2019,26.730000000000004,15.514305555555556,bryanth01-2019
vonleno01,36.75,5.9,201811200NYK-NYK,201811200NYK-POR,NYK-2019,0,2019,216.82500000000002,31.840166666666665,vonleno01-2019
hardati02,36.733333333333334,4.6,201811200NYK-NYK,201811200NYK-POR,NYK-2019,0,2019,168.97333333333333,31.840166666666665,hardati02-2019
ntilila01,27.533333333333335,-4.9,201811200NYK-NYK,201811200NYK-POR,NYK-2019,0,2019,-134.91333333333336,31.840166666666665,ntilila01-2019
kanteen01,26.616666666666667,2.4,201811200NYK-NYK,201811200NYK-POR,NYK-2019,0,2019,63.879999999999995,31.840166666666665,kanteen01-2019
burketr01,25.733333333333334,0.9,201811200NYK-NYK,201811200NYK-POR,NYK-2019,0,2019,23.16,31.840166666666665,burketr01-2019
mudiaem01,24.266666666666666,2.4,201811200NYK-NYK,201811200NYK-POR,NYK-2019,0,2019,58.239999999999995,31.840166666666665,mudiaem01-2019
robinmi01,18.05,2.5,201811200NYK-NYK,201811200NYK-POR,NYK-2019,0,2019,45.125,31.840166666666665,robinmi01-2019
hezonma01,17.1,-4.2,201811200NYK-NYK,201811200NYK-POR,NYK-2019,0,2019,-71.82000000000001,31.840166666666665,hezonma01-2019
trieral01,14.633333333333333,-2.2,201811200NYK-NYK,201811200NYK-POR,NYK-2019,0,2019,-32.193333333333335,31.840166666666665,trieral01-2019
knoxke01,12.583333333333334,-1.5,201811200NYK-NYK,201811200NYK-POR,NYK-2019,0,2019,-18.875,31.840166666666665,knoxke01-2019
antetgi01,29.65,16.5,201811210MIL-MIL,201811210MIL-POR,MIL-2019,1,2019,489.22499999999997,69.30666666666666,antetgi01-2019
brogdma01,24.366666666666667,2.7,201811210MIL-MIL,201811210MIL-POR,MIL-2019,1,2019,65.79,69.30666666666666,brogdma01-2019
bledser01,23.833333333333332,4,201811210MIL-MIL,201811210MIL-POR,MIL-2019,1,2019,95.33333333333333,69.30666666666666,bledser01-2019
middlkh01,23.533333333333335,8.2,201811210MIL-MIL,201811210MIL-POR,MIL-2019,1,2019,192.97333333333333,69.30666666666666,middlkh01-2019
makerth01,20.916666666666668,0.3,201811210MIL-MIL,201811210MIL-POR,MIL-2019,1,2019,6.275,69.30666666666666,makerth01-2019
lopezbr01,19.6,-2.6,201811210MIL-MIL,201811210MIL-POR,MIL-2019,1,2019,-50.96000000000001,69.30666666666666,lopezbr01-2019
brownst02,19.45,1,201811210MIL-MIL,201811210MIL-POR,MIL-2019,1,2019,19.45,69.30666666666666,brownst02-2019
connapa01,18.966666666666665,3,201811210MIL-MIL,201811210MIL-POR,MIL-2019,1,2019,56.89999999999999,69.30666666666666,connapa01-2019
snellto01,15.45,-0.2,201811210MIL-MIL,201811210MIL-POR,MIL-2019,1,2019,-3.09,69.30666666666666,snellto01-2019
ilyaser01,12.4,-4.8,201811210MIL-MIL,201811210MIL-POR,MIL-2019,1,2019,-59.519999999999996,69.30666666666666,ilyaser01-2019
dellama01,11.233333333333333,-1.8,201811210MIL-MIL,201811210MIL-POR,MIL-2019,1,2019,-20.22,69.30666666666666,dellama01-2019
woodch01,10.7,6.1,201811210MIL-MIL,201811210MIL-POR,MIL-2019,1,2019,65.27,69.30666666666666,woodch01-2019
morrija01,9.9,4.4,201811210MIL-MIL,201811210MIL-POR,MIL-2019,1,2019,43.56,69.30666666666666,morrija01-2019
duranke01,37.6,7.1,201811230GSW-GSW,201811230GSW-POR,GSW-2019,1,2019,266.96,71.90469696969697,duranke01-2019
thompkl01,32.85,3.2,201811230GSW-GSW,201811230GSW-POR,GSW-2019,1,2019,105.12,71.90469696969697,thompkl01-2019
cookqu01,29.566666666666666,0,201811230GSW-GSW,201811230GSW-POR,GSW-2019,1,2019,0,71.90469696969697,cookqu01-2019
iguodan01,25.35,5.8,201811230GSW-GSW,201811230GSW-POR,GSW-2019,1,2019,147.03,71.90469696969697,iguodan01-2019
leeda03,22.233333333333334,0.5,201811230GSW-GSW,201811230GSW-POR,GSW-2019,1,2019,11.116666666666667,71.90469696969697,leeda03-2019
jerebjo01,21.166666666666668,-1.4,201811230GSW-GSW,201811230GSW-POR,GSW-2019,1,2019,-29.633333333333333,71.90469696969697,jerebjo01-2019
looneke01,21.016666666666666,1,201811230GSW-GSW,201811230GSW-POR,GSW-2019,1,2019,21.016666666666666,71.90469696969697,looneke01-2019
belljo01,20.55,8.8,201811230GSW-GSW,201811230GSW-POR,GSW-2019,1,2019,180.84000000000003,71.90469696969697,belljo01-2019
livinsh01,16.6,5.9,201811230GSW-GSW,201811230GSW-POR,GSW-2019,1,2019,97.94000000000001,71.90469696969697,livinsh01-2019
jonesda03,9.75,-0.9,201811230GSW-GSW,201811230GSW-POR,GSW-2019,1,2019,-8.775,71.90469696969697,jonesda03-2019
evansja02,3.3166666666666664,-0.2,201811230GSW-GSW,201811230GSW-POR,GSW-2019,1,2019,-0.6633333333333333,71.90469696969697,evansja02-2019
lillada01,41.016666666666666,4,201811250POR-POR,201811250POR-LAC,POR-2019,0,2019,164.06666666666666,26.55316666666667,lillada01-2019
mccolcj01,36.233333333333334,-0.6,201811250POR-POR,201811250POR-LAC,POR-2019,0,2019,-21.74,26.55316666666667,mccolcj01-2019
aminual01,30.716666666666665,-4.2,201811250POR-POR,201811250POR-LAC,POR-2019,0,2019,-129.01,26.55316666666667,aminual01-2019
turneev01,26.7,1.6,201811250POR-POR,201811250POR-LAC,POR-2019,0,2019,42.72,26.55316666666667,turneev01-2019
leoname01,24.316666666666666,6.2,201811250POR-POR,201811250POR-LAC,POR-2019,0,2019,150.76333333333335,26.55316666666667,leoname01-2019
curryse01,22.65,-1.2,201811250POR-POR,201811250POR-LAC,POR-2019,0,2019,-27.179999999999996,26.55316666666667,curryse01-2019
colliza01,19.166666666666668,3.8,201811250POR-POR,201811250POR-LAC,POR-2019,0,2019,72.83333333333333,26.55316666666667,colliza01-2019
harklma01,16.816666666666666,-2.7,201811250POR-POR,201811250POR-LAC,POR-2019,0,2019,-45.405,26.55316666666667,harklma01-2019
nurkiju01,15.4,2.8,201811250POR-POR,201811250POR-LAC,POR-2019,0,2019,43.12,26.55316666666667,nurkiju01-2019
stausni01,6.983333333333333,2.2,201811250POR-POR,201811250POR-LAC,POR-2019,0,2019,15.363333333333335,26.55316666666667,stausni01-2019
lillada01,37.36666666666667,18,201811280POR-POR,201811280POR-ORL,POR-2019,1,2019,672.6,59.754333333333335,lillada01-2019
mccolcj01,34.78333333333333,-4.9,201811280POR-POR,201811280POR-ORL,POR-2019,1,2019,-170.43833333333333,59.754333333333335,mccolcj01-2019
nurkiju01,33.38333333333333,3.6,201811280POR-POR,201811280POR-ORL,POR-2019,1,2019,120.18,59.754333333333335,nurkiju01-2019
aminual01,26.7,-1.7,201811280POR-POR,201811280POR-ORL,POR-2019,1,2019,-45.39,59.754333333333335,aminual01-2019
turneev01,26.05,2.4,201811280POR-POR,201811280POR-ORL,POR-2019,1,2019,62.519999999999996,59.754333333333335,turneev01-2019
colliza01,21.083333333333332,-2.1,201811280POR-POR,201811280POR-ORL,POR-2019,1,2019,-44.275,59.754333333333335,colliza01-2019
stausni01,19.383333333333333,4.5,201811280POR-POR,201811280POR-ORL,POR-2019,1,2019,87.225,59.754333333333335,stausni01-2019
leoname01,14.616666666666667,-2.3,201811280POR-POR,201811280POR-ORL,POR-2019,1,2019,-33.61833333333333,59.754333333333335,leoname01-2019
curryse01,14.033333333333333,-0.6,201811280POR-POR,201811280POR-ORL,POR-2019,1,2019,-8.42,59.754333333333335,curryse01-2019
harklma01,12.6,-3.4,201811280POR-POR,201811280POR-ORL,POR-2019,1,2019,-42.839999999999996,59.754333333333335,harklma01-2019
lillada01,39.733333333333334,0.7,201811300POR-POR,201811300POR-DEN,POR-2019,0,2019,27.813333333333333,59.39033333333333,lillada01-2019
mccolcj01,37.85,5.7,201811300POR-POR,201811300POR-DEN,POR-2019,0,2019,215.745,59.39033333333333,mccolcj01-2019
aminual01,28.983333333333334,9.4,201811300POR-POR,201811300POR-DEN,POR-2019,0,2019,272.4433333333333,59.39033333333333,aminual01-2019
nurkiju01,28.85,2.9,201811300POR-POR,201811300POR-DEN,POR-2019,0,2019,83.665,59.39033333333333,nurkiju01-2019
turneev01,26.8,-1.8,201811300POR-POR,201811300POR-DEN,POR-2019,0,2019,-48.24,59.39033333333333,turneev01-2019
leoname01,26.233333333333334,3.4,201811300POR-POR,201811300POR-DEN,POR-2019,0,2019,89.19333333333333,59.39033333333333,leoname01-2019
curryse01,16.616666666666667,0.3,201811300POR-POR,201811300POR-DEN,POR-2019,0,2019,4.985,59.39033333333333,curryse01-2019
harklma01,14.033333333333333,-2.3,201811300POR-POR,201811300POR-DEN,POR-2019,0,2019,-32.276666666666664,59.39033333333333,harklma01-2019
colliza01,11.383333333333333,0.3,201811300POR-POR,201811300POR-DEN,POR-2019,0,2019,3.4149999999999996,59.39033333333333,colliza01-2019
stausni01,9.516666666666667,-2.4,201811300POR-POR,201811300POR-DEN,POR-2019,0,2019,-22.84,59.39033333333333,stausni01-2019
derozde01,38.43333333333333,-0.2,201812020SAS-SAS,201812020SAS-POR,SAS-2019,1,2019,-7.6866666666666665,55.81363636363636,derozde01-2019
gayru01,34.833333333333336,6.8,201812020SAS-SAS,201812020SAS-POR,SAS-2019,1,2019,236.86666666666667,55.81363636363636,gayru01-2019
aldrila01,34.4,4.4,201812020SAS-SAS,201812020SAS-POR,SAS-2019,1,2019,151.36,55.81363636363636,aldrila01-2019
whitede01,32.86666666666667,0.4,201812020SAS-SAS,201812020SAS-POR,SAS-2019,1,2019,13.146666666666668,55.81363636363636,whitede01-2019
bertada01,26.7,0.3,201812020SAS-SAS,201812020SAS-POR,SAS-2019,1,2019,8.01,55.81363636363636,bertada01-2019
millspa02,24.766666666666666,5.5,201812020SAS-SAS,201812020SAS-POR,SAS-2019,1,2019,136.21666666666667,55.81363636363636,millspa02-2019
forbebr01,22.95,-0.9,201812020SAS-SAS,201812020SAS-POR,SAS-2019,1,2019,-20.655,55.81363636363636,forbebr01-2019
poeltja01,13.316666666666666,5.5,201812020SAS-SAS,201812020SAS-POR,SAS-2019,1,2019,73.24166666666666,55.81363636363636,poeltja01-2019
cunnida01,11.166666666666666,2.1,201812020SAS-SAS,201812020SAS-POR,SAS-2019,1,2019,23.45,55.81363636363636,cunnida01-2019
metuch01,0.2833333333333333,0,201812020SAS-SAS,201812020SAS-POR,SAS-2019,1,2019,0,55.81363636363636,metuch01-2019
pondequ01,0.2833333333333333,0,201812020SAS-SAS,201812020SAS-POR,SAS-2019,1,2019,0,55.81363636363636,pondequ01-2019
barneha02,32.18333333333333,-4.3,201812040DAL-DAL,201812040DAL-POR,DAL-2019,1,2019,-138.38833333333332,45.331833333333336,barneha02-2019
doncilu01,31.716666666666665,2.7,201812040DAL-DAL,201812040DAL-POR,DAL-2019,1,2019,85.635,45.331833333333336,doncilu01-2019
matthwe02,31.383333333333333,3.4,201812040DAL-DAL,201812040DAL-POR,DAL-2019,1,2019,106.70333333333333,45.331833333333336,matthwe02-2019
jordade01,31.066666666666666,5.2,201812040DAL-DAL,201812040DAL-POR,DAL-2019,1,2019,161.54666666666668,45.331833333333336,jordade01-2019
smithde03,30.633333333333333,3.7,201812040DAL-DAL,201812040DAL-POR,DAL-2019,1,2019,113.34333333333333,45.331833333333336,smithde03-2019
finnedo01,17.25,2.3,201812040DAL-DAL,201812040DAL-POR,DAL-2019,1,2019,39.675,45.331833333333336,finnedo01-2019
bareajo01,17.183333333333334,-2.1,201812040DAL-DAL,201812040DAL-POR,DAL-2019,1,2019,-36.085,45.331833333333336,bareajo01-2019
harride01,16.8,4.2,201812040DAL-DAL,201812040DAL-POR,DAL-2019,1,2019,70.56,45.331833333333336,harride01-2019
poweldw01,15.966666666666667,-1.9,201812040DAL-DAL,201812040DAL-POR,DAL-2019,1,2019,-30.336666666666666,45.331833333333336,poweldw01-2019
klebima01,15.816666666666666,5.1,201812040DAL-DAL,201812040DAL-POR,DAL-2019,1,2019,80.66499999999999,45.331833333333336,klebima01-2019
lillada01,27.7,10.5,201812060POR-POR,201812060POR-PHO,POR-2019,1,2019,290.84999999999997,40.759358974358975,lillada01-2019
stausni01,27.633333333333333,-2.1,201812060POR-POR,201812060POR-PHO,POR-2019,1,2019,-58.03,40.759358974358975,stausni01-2019
colliza01,26.466666666666665,3.6,201812060POR-POR,201812060POR-PHO,POR-2019,1,2019,95.28,40.759358974358975,colliza01-2019
laymaja01,26.166666666666668,8.8,201812060POR-POR,201812060POR-PHO,POR-2019,1,2019,230.2666666666667,40.759358974358975,laymaja01-2019
aminual01,25.05,1.8,201812060POR-POR,201812060POR-PHO,POR-2019,1,2019,45.09,40.759358974358975,aminual01-2019
nurkiju01,23.283333333333335,-2,201812060POR-POR,201812060POR-PHO,POR-2019,1,2019,-46.56666666666667,40.759358974358975,nurkiju01-2019
turneev01,19,1,201812060POR-POR,201812060POR-PHO,POR-2019,1,2019,19,40.759358974358975,turneev01-2019
curryse01,17.466666666666665,-4.1,201812060POR-POR,201812060POR-PHO,POR-2019,1,2019,-71.61333333333332,40.759358974358975,curryse01-2019
harklma01,15.283333333333333,2.3,201812060POR-POR,201812060POR-PHO,POR-2019,1,2019,35.151666666666664,40.759358974358975,harklma01-2019
leoname01,11.3,2.2,201812060POR-POR,201812060POR-PHO,POR-2019,1,2019,24.860000000000003,40.759358974358975,leoname01-2019
baldwwa01,6.883333333333333,1.2,201812060POR-POR,201812060POR-PHO,POR-2019,1,2019,8.26,40.759358974358975,baldwwa01-2019
swanica01,6.883333333333333,-1.2,201812060POR-POR,201812060POR-PHO,POR-2019,1,2019,-8.26,40.759358974358975,swanica01-2019
trentga02,6.883333333333333,-5,201812060POR-POR,201812060POR-PHO,POR-2019,1,2019,-34.416666666666664,40.759358974358975,trentga02-2019
lillada01,36.18333333333333,8.3,201812080POR-POR,201812080POR-MIN,POR-2019,1,2019,300.32166666666666,75.6845,lillada01-2019
aminual01,35.56666666666667,1.8,201812080POR-POR,201812080POR-MIN,POR-2019,1,2019,64.02000000000001,75.6845,aminual01-2019
mccolcj01,33.06666666666667,6.5,201812080POR-POR,201812080POR-MIN,POR-2019,1,2019,214.93333333333337,75.6845,mccolcj01-2019
nurkiju01,29.05,9.6,201812080POR-POR,201812080POR-MIN,POR-2019,1,2019,278.88,75.6845,nurkiju01-2019
turneev01,24.016666666666666,-2.9,201812080POR-POR,201812080POR-MIN,POR-2019,1,2019,-69.64833333333333,75.6845,turneev01-2019
harklma01,23.633333333333333,3.6,201812080POR-POR,201812080POR-MIN,POR-2019,1,2019,85.08,75.6845,harklma01-2019
colliza01,21.533333333333335,-0.6,201812080POR-POR,201812080POR-MIN,POR-2019,1,2019,-12.92,75.6845,colliza01-2019
laymaja01,15.283333333333333,-3.7,201812080POR-POR,201812080POR-MIN,POR-2019,1,2019,-56.54833333333334,75.6845,laymaja01-2019
stausni01,11.816666666666666,-2,201812080POR-POR,201812080POR-MIN,POR-2019,1,2019,-23.633333333333333,75.6845,stausni01-2019
leoname01,9.85,-2.4,201812080POR-POR,201812080POR-MIN,POR-2019,1,2019,-23.639999999999997,75.6845,leoname01-2019
gordoer01,38.68333333333333,-0.8,201812110HOU-HOU,201812110HOU-POR,HOU-2019,1,2019,-30.946666666666665,58.93555555555556,gordoer01-2019
paulch01,33.61666666666667,4.8,201812110HOU-HOU,201812110HOU-POR,HOU-2019,1,2019,161.35999999999999,58.93555555555556,paulch01-2019
hardeja01,32.46666666666667,5.4,201812110HOU-HOU,201812110HOU-POR,HOU-2019,1,2019,175.32000000000002,58.93555555555556,hardeja01-2019
tuckepj01,29.166666666666668,-1.9,201812110HOU-HOU,201812110HOU-POR,HOU-2019,1,2019,-55.416666666666664,58.93555555555556,tuckepj01-2019
capelca01,27.166666666666668,-2.5,201812110HOU-HOU,201812110HOU-POR,HOU-2019,1,2019,-67.91666666666667,58.93555555555556,capelca01-2019
greenge01,21.183333333333334,10.9,201812110HOU-HOU,201812110HOU-POR,HOU-2019,1,2019,230.89833333333334,58.93555555555556,greenge01-2019
hilarne01,20.833333333333332,2.1,201812110HOU-HOU,201812110HOU-POR,HOU-2019,1,2019,43.75,58.93555555555556,hilarne01-2019
houseda01,18.833333333333332,3.8,201812110HOU-HOU,201812110HOU-POR,HOU-2019,1,2019,71.56666666666666,58.93555555555556,houseda01-2019
ennisja01,18.05,0.1,201812110HOU-HOU,201812110HOU-POR,HOU-2019,1,2019,1.8050000000000002,58.93555555555556,ennisja01-2019
conlemi01,32.016666666666666,8,201812120MEM-MEM,201812120MEM-POR,MEM-2019,1,2019,256.1333333333333,48.859848484848484,conlemi01-2019
jacksja02,30.633333333333333,5.7,201812120MEM-MEM,201812120MEM-POR,MEM-2019,1,2019,174.61,48.859848484848484,jacksja02-2019
templga01,30.366666666666667,-3.3,201812120MEM-MEM,201812120MEM-POR,MEM-2019,1,2019,-100.21,48.859848484848484,templga01-2019
gasolma01,27.85,2.1,201812120MEM-MEM,201812120MEM-POR,MEM-2019,1,2019,58.48500000000001,48.859848484848484,gasolma01-2019
anderky01,25.116666666666667,-0.6,201812120MEM-MEM,201812120MEM-POR,MEM-2019,1,2019,-15.07,48.859848484848484,anderky01-2019
greenja01,23.366666666666667,8,201812120MEM-MEM,201812120MEM-POR,MEM-2019,1,2019,186.93333333333334,48.859848484848484,greenja01-2019
brookma01,17.633333333333333,5.5,201812120MEM-MEM,201812120MEM-POR,MEM-2019,1,2019,96.98333333333333,48.859848484848484,brookma01-2019
seldewa01,16.983333333333334,-2.8,201812120MEM-MEM,201812120MEM-POR,MEM-2019,1,2019,-47.553333333333335,48.859848484848484,seldewa01-2019
macksh01,15.983333333333333,-2,201812120MEM-MEM,201812120MEM-POR,MEM-2019,1,2019,-31.966666666666665,48.859848484848484,macksh01-2019
noahjo01,13.116666666666667,-2.8,201812120MEM-MEM,201812120MEM-POR,MEM-2019,1,2019,-36.72666666666667,48.859848484848484,noahjo01-2019
casspom01,6.933333333333334,-0.6,201812120MEM-MEM,201812120MEM-POR,MEM-2019,1,2019,-4.16,48.859848484848484,casspom01-2019
lillada01,29.483333333333334,9.7,201812140POR-POR,201812140POR-TOR,POR-2019,1,2019,285.98833333333334,45.201166666666666,lillada01-2019
mccolcj01,28.1,1.7,201812140POR-POR,201812140POR-TOR,POR-2019,1,2019,47.77,45.201166666666666,mccolcj01-2019
aminual01,26.916666666666668,-2.8,201812140POR-POR,201812140POR-TOR,POR-2019,1,2019,-75.36666666666666,45.201166666666666,aminual01-2019
harklma01,26.916666666666668,-3.1,201812140POR-POR,201812140POR-TOR,POR-2019,1,2019,-83.44166666666668,45.201166666666666,harklma01-2019
nurkiju01,26.583333333333332,1.2,201812140POR-POR,201812140POR-TOR,POR-2019,1,2019,31.9,45.201166666666666,nurkiju01-2019
turneev01,21.416666666666668,2.4,201812140POR-POR,201812140POR-TOR,POR-2019,1,2019,51.4,45.201166666666666,turneev01-2019
colliza01,21.083333333333332,5.7,201812140POR-POR,201812140POR-TOR,POR-2019,1,2019,120.175,45.201166666666666,colliza01-2019
leoname01,21.083333333333332,-0.1,201812140POR-POR,201812140POR-TOR,POR-2019,1,2019,-2.1083333333333334,45.201166666666666,leoname01-2019
stausni01,19.9,-1.5,201812140POR-POR,201812140POR-TOR,POR-2019,1,2019,-29.849999999999998,45.201166666666666,stausni01-2019
curryse01,18.516666666666666,5.7,201812140POR-POR,201812140POR-TOR,POR-2019,1,2019,105.545,45.201166666666666,curryse01-2019
gilgesh01,37.81666666666667,0,201812170LAC-LAC,201812170LAC-POR,LAC-2019,0,2019,0,34.183787878787875,gilgesh01-2019
harrito02,35.36666666666667,9.6,201812170LAC-LAC,201812170LAC-POR,LAC-2019,0,2019,339.52,34.183787878787875,harrito02-2019
gallida01,33.7,-2.6,201812170LAC-LAC,201812170LAC-POR,LAC-2019,0,2019,-87.62,34.183787878787875,gallida01-2019
beverpa01,30.9,7.8,201812170LAC-LAC,201812170LAC-POR,LAC-2019,0,2019,241.01999999999998,34.183787878787875,beverpa01-2019
bradlav01,30.033333333333335,-8.8,201812170LAC-LAC,201812170LAC-POR,LAC-2019,0,2019,-264.29333333333335,34.183787878787875,bradlav01-2019
harremo01,27.083333333333332,4.7,201812170LAC-LAC,201812170LAC-POR,LAC-2019,0,2019,127.29166666666667,34.183787878787875,harremo01-2019
wallaty01,17.966666666666665,1.4,201812170LAC-LAC,201812170LAC-POR,LAC-2019,0,2019,25.15333333333333,34.183787878787875,wallaty01-2019
scottmi01,12.1,0,201812170LAC-LAC,201812170LAC-POR,LAC-2019,0,2019,0,34.183787878787875,scottmi01-2019
gortama01,9.85,-0.2,201812170LAC-LAC,201812170LAC-POR,LAC-2019,0,2019,-1.97,34.183787878787875,gortama01-2019
marjabo01,5.133333333333334,-0.6,201812170LAC-LAC,201812170LAC-POR,LAC-2019,0,2019,-3.08,34.183787878787875,marjabo01-2019
thornsi01,0.05,0,201812170LAC-LAC,201812170LAC-POR,LAC-2019,0,2019,0,34.183787878787875,thornsi01-2019
lillada01,33.36666666666667,10.9,201812190POR-POR,201812190POR-MEM,POR-2019,1,2019,363.69666666666666,44.86983333333333,lillada01-2019
mccolcj01,29.55,-7,201812190POR-POR,201812190POR-MEM,POR-2019,1,2019,-206.85,44.86983333333333,mccolcj01-2019
leoname01,26.566666666666666,5.1,201812190POR-POR,201812190POR-MEM,POR-2019,1,2019,135.48999999999998,44.86983333333333,leoname01-2019
colliza01,26.05,3.7,201812190POR-POR,201812190POR-MEM,POR-2019,1,2019,96.385,44.86983333333333,colliza01-2019
turneev01,26.05,-2.1,201812190POR-POR,201812190POR-MEM,POR-2019,1,2019,-54.705000000000005,44.86983333333333,turneev01-2019
aminual01,21.95,-0.7,201812190POR-POR,201812190POR-MEM,POR-2019,1,2019,-15.364999999999998,44.86983333333333,aminual01-2019
harklma01,21.95,3.7,201812190POR-POR,201812190POR-MEM,POR-2019,1,2019,81.215,44.86983333333333,harklma01-2019
nurkiju01,21.433333333333334,-2.1,201812190POR-POR,201812190POR-MEM,POR-2019,1,2019,-45.010000000000005,44.86983333333333,nurkiju01-2019
curryse01,18.45,3.5,201812190POR-POR,201812190POR-MEM,POR-2019,1,2019,64.575,44.86983333333333,curryse01-2019
stausni01,14.633333333333333,2,201812190POR-POR,201812190POR-MEM,POR-2019,1,2019,29.266666666666666,44.86983333333333,stausni01-2019
lillada01,34.03333333333333,6.4,201812210POR-POR,201812210POR-UTA,POR-2019,0,2019,217.81333333333333,1.0565384615384623,lillada01-2019
mccolcj01,30.2,-2.8,201812210POR-POR,201812210POR-UTA,POR-2019,0,2019,-84.55999999999999,1.0565384615384623,mccolcj01-2019
nurkiju01,26.666666666666668,4,201812210POR-POR,201812210POR-UTA,POR-2019,0,2019,106.66666666666667,1.0565384615384623,nurkiju01-2019
turneev01,23.566666666666666,2.9,201812210POR-POR,201812210POR-UTA,POR-2019,0,2019,68.34333333333333,1.0565384615384623,turneev01-2019
aminual01,22.783333333333335,-7.1,201812210POR-POR,201812210POR-UTA,POR-2019,0,2019,-161.76166666666668,1.0565384615384623,aminual01-2019
colliza01,21.333333333333332,-5.7,201812210POR-POR,201812210POR-UTA,POR-2019,0,2019,-121.6,1.0565384615384623,colliza01-2019
harklma01,18.65,-1,201812210POR-POR,201812210POR-UTA,POR-2019,0,2019,-18.65,1.0565384615384623,harklma01-2019
curryse01,15.9,-2.3,201812210POR-POR,201812210POR-UTA,POR-2019,0,2019,-36.57,1.0565384615384623,curryse01-2019
leoname01,15.55,3.4,201812210POR-POR,201812210POR-UTA,POR-2019,0,2019,52.870000000000005,1.0565384615384623,leoname01-2019
stausni01,13.966666666666667,-0.3,201812210POR-POR,201812210POR-UTA,POR-2019,0,2019,-4.1899999999999995,1.0565384615384623,stausni01-2019
baldwwa01,5.783333333333333,-0.7,201812210POR-POR,201812210POR-UTA,POR-2019,0,2019,-4.048333333333333,1.0565384615384623,baldwwa01-2019
laymaja01,5.783333333333333,0.8,201812210POR-POR,201812210POR-UTA,POR-2019,0,2019,4.626666666666667,1.0565384615384623,laymaja01-2019
swanica01,5.783333333333333,-0.9,201812210POR-POR,201812210POR-UTA,POR-2019,0,2019,-5.205,1.0565384615384623,swanica01-2019
lillada01,39.416666666666664,5.6,201812230POR-POR,201812230POR-DAL,POR-2019,1,2019,220.73333333333332,49.98833333333334,lillada01-2019
aminual01,35.7,0.1,201812230POR-POR,201812230POR-DAL,POR-2019,1,2019,3.5700000000000003,49.98833333333334,aminual01-2019
mccolcj01,34.03333333333333,3.6,201812230POR-POR,201812230POR-DAL,POR-2019,1,2019,122.52,49.98833333333334,mccolcj01-2019
nurkiju01,29,3.2,201812230POR-POR,201812230POR-DAL,POR-2019,1,2019,92.80000000000001,49.98833333333334,nurkiju01-2019
harklma01,26.283333333333335,1.8,201812230POR-POR,201812230POR-DAL,POR-2019,1,2019,47.31,49.98833333333334,harklma01-2019
turneev01,24.216666666666665,-3.4,201812230POR-POR,201812230POR-DAL,POR-2019,1,2019,-82.33666666666666,49.98833333333334,turneev01-2019
leoname01,23.133333333333333,-0.6,201812230POR-POR,201812230POR-DAL,POR-2019,1,2019,-13.879999999999999,49.98833333333334,leoname01-2019
curryse01,21.7,5.7,201812230POR-POR,201812230POR-DAL,POR-2019,1,2019,123.69,49.98833333333334,curryse01-2019
colliza01,17.816666666666666,-0.2,201812230POR-POR,201812230POR-DAL,POR-2019,1,2019,-3.5633333333333335,49.98833333333334,colliza01-2019
stausni01,13.7,-0.8,201812230POR-POR,201812230POR-DAL,POR-2019,1,2019,-10.96,49.98833333333334,stausni01-2019
goberru01,33.083333333333336,6.2,201812250UTA-UTA,201812250UTA-POR,UTA-2019,1,2019,205.11666666666667,54.06038461538461,goberru01-2019
inglejo01,32.85,7.2,201812250UTA-UTA,201812250UTA-POR,UTA-2019,1,2019,236.52,54.06038461538461,inglejo01-2019
mitchdo01,31.15,-2.2,201812250UTA-UTA,201812250UTA-POR,UTA-2019,1,2019,-68.53,54.06038461538461,mitchdo01-2019
rubiori01,30.866666666666667,3.3,201812250UTA-UTA,201812250UTA-POR,UTA-2019,1,2019,101.86,54.06038461538461,rubiori01-2019
crowdja01,27.9,-1.2,201812250UTA-UTA,201812250UTA-POR,UTA-2019,1,2019,-33.48,54.06038461538461,crowdja01-2019
korveky01,21.016666666666666,4.3,201812250UTA-UTA,201812250UTA-POR,UTA-2019,1,2019,90.37166666666666,54.06038461538461,korveky01-2019
favorde01,18.883333333333333,2.9,201812250UTA-UTA,201812250UTA-POR,UTA-2019,1,2019,54.76166666666666,54.06038461538461,favorde01-2019
exumda01,17.133333333333333,6.5,201812250UTA-UTA,201812250UTA-POR,UTA-2019,1,2019,111.36666666666666,54.06038461538461,exumda01-2019
onealro01,8.916666666666666,1.1,201812250UTA-UTA,201812250UTA-POR,UTA-2019,1,2019,9.808333333333334,54.06038461538461,onealro01-2019
sefolth01,8.216666666666667,-1.1,201812250UTA-UTA,201812250UTA-POR,UTA-2019,1,2019,-9.038333333333334,54.06038461538461,sefolth01-2019
udohek01,5.85,0.3,201812250UTA-UTA,201812250UTA-POR,UTA-2019,1,2019,1.755,54.06038461538461,udohek01-2019
netora01,2.066666666666667,2.1,201812250UTA-UTA,201812250UTA-POR,UTA-2019,1,2019,4.340000000000001,54.06038461538461,netora01-2019
niangge01,2.066666666666667,-1,201812250UTA-UTA,201812250UTA-POR,UTA-2019,1,2019,-2.066666666666667,54.06038461538461,niangge01-2019
curryst01,41.63333333333333,5.4,201812270GSW-GSW,201812270GSW-POR,GSW-2019,0,2019,224.82000000000002,66.75393939393939,curryst01-2019
duranke01,41.583333333333336,8.4,201812270GSW-GSW,201812270GSW-POR,GSW-2019,0,2019,349.3,66.75393939393939,duranke01-2019
greendr01,40.81666666666667,1.7,201812270GSW-GSW,201812270GSW-POR,GSW-2019,0,2019,69.38833333333334,66.75393939393939,greendr01-2019
thompkl01,39.03333333333333,-0.8,201812270GSW-GSW,201812270GSW-POR,GSW-2019,0,2019,-31.226666666666667,66.75393939393939,thompkl01-2019
iguodan01,27.9,2.5,201812270GSW-GSW,201812270GSW-POR,GSW-2019,0,2019,69.75,66.75393939393939,iguodan01-2019
looneke01,27.566666666666666,0.2,201812270GSW-GSW,201812270GSW-POR,GSW-2019,0,2019,5.513333333333334,66.75393939393939,looneke01-2019
jerebjo01,24.766666666666666,1.8,201812270GSW-GSW,201812270GSW-POR,GSW-2019,0,2019,44.58,66.75393939393939,jerebjo01-2019
livinsh01,15.483333333333333,0.3,201812270GSW-GSW,201812270GSW-POR,GSW-2019,0,2019,4.645,66.75393939393939,livinsh01-2019
cookqu01,2.65,-1,201812270GSW-GSW,201812270GSW-POR,GSW-2019,0,2019,-2.65,66.75393939393939,cookqu01-2019
mckinal01,2.65,0.1,201812270GSW-GSW,201812270GSW-POR,GSW-2019,0,2019,0.265,66.75393939393939,mckinal01-2019
belljo01,0.9166666666666666,-0.1,201812270GSW-GSW,201812270GSW-POR,GSW-2019,0,2019,-0.09166666666666667,66.75393939393939,belljo01-2019
lillada01,38.71666666666667,14.5,201812290POR-POR,201812290POR-GSW,POR-2019,0,2019,561.3916666666667,52.95487179487179,lillada01-2019
harklma01,37.266666666666666,3.3,201812290POR-POR,201812290POR-GSW,POR-2019,0,2019,122.97999999999999,52.95487179487179,harklma01-2019
mccolcj01,35.233333333333334,-4.3,201812290POR-POR,201812290POR-GSW,POR-2019,0,2019,-151.50333333333333,52.95487179487179,mccolcj01-2019
nurkiju01,32.3,7.5,201812290POR-POR,201812290POR-GSW,POR-2019,0,2019,242.24999999999997,52.95487179487179,nurkiju01-2019
aminual01,26.816666666666666,4.2,201812290POR-POR,201812290POR-GSW,POR-2019,0,2019,112.63000000000001,52.95487179487179,aminual01-2019
turneev01,17.833333333333332,-6.1,201812290POR-POR,201812290POR-GSW,POR-2019,0,2019,-108.78333333333332,52.95487179487179,turneev01-2019
curryse01,15.816666666666666,-3.2,201812290POR-POR,201812290POR-GSW,POR-2019,0,2019,-50.61333333333334,52.95487179487179,curryse01-2019
leoname01,13.883333333333333,-1.1,201812290POR-POR,201812290POR-GSW,POR-2019,0,2019,-15.271666666666667,52.95487179487179,leoname01-2019
stausni01,10.816666666666666,-0.9,201812290POR-POR,201812290POR-GSW,POR-2019,0,2019,-9.735,52.95487179487179,stausni01-2019
colliza01,5.866666666666667,-2.7,201812290POR-POR,201812290POR-GSW,POR-2019,0,2019,-15.840000000000002,52.95487179487179,colliza01-2019
baldwwa01,1.8166666666666667,0.5,201812290POR-POR,201812290POR-GSW,POR-2019,0,2019,0.9083333333333333,52.95487179487179,baldwwa01-2019
laymaja01,1.8166666666666667,0.1,201812290POR-POR,201812290POR-GSW,POR-2019,0,2019,0.18166666666666667,52.95487179487179,laymaja01-2019
swanica01,1.8166666666666667,-0.1,201812290POR-POR,201812290POR-GSW,POR-2019,0,2019,-0.18166666666666667,52.95487179487179,swanica01-2019
mccolcj01,27.833333333333332,12.5,201812300POR-POR,201812300POR-PHI,POR-2019,1,2019,347.91666666666663,58.10666666666666,mccolcj01-2019
lillada01,27.183333333333334,0.4,201812300POR-POR,201812300POR-PHI,POR-2019,1,2019,10.873333333333335,58.10666666666666,lillada01-2019
colliza01,25.666666666666668,6.4,201812300POR-POR,201812300POR-PHI,POR-2019,1,2019,164.26666666666668,58.10666666666666,colliza01-2019
turneev01,23.05,-0.1,201812300POR-POR,201812300POR-PHI,POR-2019,1,2019,-2.305,58.10666666666666,turneev01-2019
aminual01,22.333333333333332,8.2,201812300POR-POR,201812300POR-PHI,POR-2019,1,2019,183.1333333333333,58.10666666666666,aminual01-2019
nurkiju01,21.05,1.4,201812300POR-POR,201812300POR-PHI,POR-2019,1,2019,29.47,58.10666666666666,nurkiju01-2019
curryse01,19.566666666666666,1.2,201812300POR-POR,201812300POR-PHI,POR-2019,1,2019,23.48,58.10666666666666,curryse01-2019
leoname01,16.716666666666665,3.3,201812300POR-POR,201812300POR-PHI,POR-2019,1,2019,55.16499999999999,58.10666666666666,leoname01-2019
stausni01,13.833333333333334,-0.8,201812300POR-POR,201812300POR-PHI,POR-2019,1,2019,-11.066666666666668,58.10666666666666,stausni01-2019
laymaja01,12.066666666666666,-1.4,201812300POR-POR,201812300POR-PHI,POR-2019,1,2019,-16.89333333333333,58.10666666666666,laymaja01-2019
baldwwa01,10.233333333333333,-2,201812300POR-POR,201812300POR-PHI,POR-2019,1,2019,-20.466666666666665,58.10666666666666,baldwwa01-2019
simonan01,10.233333333333333,-2.6,201812300POR-POR,201812300POR-PHI,POR-2019,1,2019,-26.606666666666666,58.10666666666666,simonan01-2019
swanica01,10.233333333333333,1.8,201812300POR-POR,201812300POR-PHI,POR-2019,1,2019,18.419999999999998,58.10666666666666,swanica01-2019
hieldbu01,39.03333333333333,6.9,201901010SAC-SAC,201901010SAC-POR,SAC-2019,0,2019,269.33,25.985166666666657,hieldbu01-2019
foxde01,37.81666666666667,-4.9,201901010SAC-SAC,201901010SAC-POR,SAC-2019,0,2019,-185.3016666666667,25.985166666666657,foxde01-2019
bjeline01,35.95,-0.4,201901010SAC-SAC,201901010SAC-POR,SAC-2019,0,2019,-14.380000000000003,25.985166666666657,bjeline01-2019
bogdabo01,35.55,2.6,201901010SAC-SAC,201901010SAC-POR,SAC-2019,0,2019,92.42999999999999,25.985166666666657,bogdabo01-2019
caulewi01,32.56666666666667,-3.2,201901010SAC-SAC,201901010SAC-POR,SAC-2019,0,2019,-104.21333333333335,25.985166666666657,caulewi01-2019
shumpim01,24.6,4.1,201901010SAC-SAC,201901010SAC-POR,SAC-2019,0,2019,100.86,25.985166666666657,shumpim01-2019
jacksju01,23.966666666666665,0.7,201901010SAC-SAC,201901010SAC-POR,SAC-2019,0,2019,16.776666666666664,25.985166666666657,jacksju01-2019
ferreyo01,14.55,4.2,201901010SAC-SAC,201901010SAC-POR,SAC-2019,0,2019,61.11000000000001,25.985166666666657,ferreyo01-2019
gilesha01,13.266666666666667,2.1,201901010SAC-SAC,201901010SAC-POR,SAC-2019,0,2019,27.860000000000003,25.985166666666657,gilesha01-2019
koufoko01,7.7,-0.6,201901010SAC-SAC,201901010SAC-POR,SAC-2019,0,2019,-4.62,25.985166666666657,koufoko01-2019
lillada01,35.65,1.1,201901040POR-POR,201901040POR-OKC,POR-2019,0,2019,39.215,40.474333333333334,lillada01-2019
aminual01,32.8,5.4,201901040POR-POR,201901040POR-OKC,POR-2019,0,2019,177.12,40.474333333333334,aminual01-2019
mccolcj01,31.95,-3.8,201901040POR-POR,201901040POR-OKC,POR-2019,0,2019,-121.41,40.474333333333334,mccolcj01-2019
nurkiju01,30.233333333333334,6.7,201901040POR-POR,201901040POR-OKC,POR-2019,0,2019,202.56333333333333,40.474333333333334,nurkiju01-2019
harklma01,24.1,1.2,201901040POR-POR,201901040POR-OKC,POR-2019,0,2019,28.92,40.474333333333334,harklma01-2019
turneev01,23.9,1.2,201901040POR-POR,201901040POR-OKC,POR-2019,0,2019,28.679999999999996,40.474333333333334,turneev01-2019
leoname01,17.766666666666666,2.1,201901040POR-POR,201901040POR-OKC,POR-2019,0,2019,37.31,40.474333333333334,leoname01-2019
curryse01,16.05,-2.8,201901040POR-POR,201901040POR-OKC,POR-2019,0,2019,-44.94,40.474333333333334,curryse01-2019
colliza01,15.2,1.9,201901040POR-POR,201901040POR-OKC,POR-2019,0,2019,28.88,40.474333333333334,colliza01-2019
laymaja01,12.35,2.3,201901040POR-POR,201901040POR-OKC,POR-2019,0,2019,28.404999999999998,40.474333333333334,laymaja01-2019
mccolcj01,40.016666666666666,4.7,201901050POR-POR,201901050POR-HOU,POR-2019,1,2019,188.07833333333335,82.11703703703704,mccolcj01-2019
lillada01,36.2,4.6,201901050POR-POR,201901050POR-HOU,POR-2019,1,2019,166.52,82.11703703703704,lillada01-2019
nurkiju01,31.433333333333334,8.7,201901050POR-POR,201901050POR-HOU,POR-2019,1,2019,273.46999999999997,82.11703703703704,nurkiju01-2019
turneev01,30.833333333333332,4.7,201901050POR-POR,201901050POR-HOU,POR-2019,1,2019,144.91666666666666,82.11703703703704,turneev01-2019
aminual01,29.9,0.6,201901050POR-POR,201901050POR-HOU,POR-2019,1,2019,17.939999999999998,82.11703703703704,aminual01-2019
curryse01,22.7,-2,201901050POR-POR,201901050POR-HOU,POR-2019,1,2019,-45.4,82.11703703703704,curryse01-2019
laymaja01,21.583333333333332,0.7,201901050POR-POR,201901050POR-HOU,POR-2019,1,2019,15.10833333333333,82.11703703703704,laymaja01-2019
leoname01,14.066666666666666,-2.1,201901050POR-POR,201901050POR-HOU,POR-2019,1,2019,-29.54,82.11703703703704,leoname01-2019
colliza01,13.266666666666667,0.6,201901050POR-POR,201901050POR-HOU,POR-2019,1,2019,7.96,82.11703703703704,colliza01-2019
mccolcj01,37.05,-0.5,201901070POR-POR,201901070POR-NYK,POR-2019,1,2019,-18.525,35.342999999999996,mccolcj01-2019
aminual01,32.9,-0.7,201901070POR-POR,201901070POR-NYK,POR-2019,1,2019,-23.029999999999998,35.342999999999996,aminual01-2019
lillada01,32.3,2,201901070POR-POR,201901070POR-NYK,POR-2019,1,2019,64.6,35.342999999999996,lillada01-2019
curryse01,22.35,4.8,201901070POR-POR,201901070POR-NYK,POR-2019,1,2019,107.28,35.342999999999996,curryse01-2019
turneev01,22.083333333333332,1.2,201901070POR-POR,201901070POR-NYK,POR-2019,1,2019,26.499999999999996,35.342999999999996,turneev01-2019
laymaja01,21.983333333333334,7.3,201901070POR-POR,201901070POR-NYK,POR-2019,1,2019,160.47833333333332,35.342999999999996,laymaja01-2019
colliza01,21.783333333333335,-0.5,201901070POR-POR,201901070POR-NYK,POR-2019,1,2019,-10.891666666666667,35.342999999999996,colliza01-2019
leoname01,21.6,1.2,201901070POR-POR,201901070POR-NYK,POR-2019,1,2019,25.92,35.342999999999996,leoname01-2019
nurkiju01,19.283333333333335,1.9,201901070POR-POR,201901070POR-NYK,POR-2019,1,2019,36.638333333333335,35.342999999999996,nurkiju01-2019
harklma01,8.633333333333333,-1.8,201901070POR-POR,201901070POR-NYK,POR-2019,1,2019,-15.54,35.342999999999996,harklma01-2019
lillada01,33.38333333333333,1.8,201901090POR-POR,201901090POR-CHI,POR-2019,1,2019,60.09,36.59458333333333,lillada01-2019
mccolcj01,30.783333333333335,5.8,201901090POR-POR,201901090POR-CHI,POR-2019,1,2019,178.54333333333335,36.59458333333333,mccolcj01-2019
aminual01,27.083333333333332,0.1,201901090POR-POR,201901090POR-CHI,POR-2019,1,2019,2.7083333333333335,36.59458333333333,aminual01-2019
colliza01,26.4,6.5,201901090POR-POR,201901090POR-CHI,POR-2019,1,2019,171.6,36.59458333333333,colliza01-2019
curryse01,23.483333333333334,-0.4,201901090POR-POR,201901090POR-CHI,POR-2019,1,2019,-9.393333333333334,36.59458333333333,curryse01-2019
turneev01,20.816666666666666,-0.5,201901090POR-POR,201901090POR-CHI,POR-2019,1,2019,-10.408333333333333,36.59458333333333,turneev01-2019
nurkiju01,20.55,0.4,201901090POR-POR,201901090POR-CHI,POR-2019,1,2019,8.22,36.59458333333333,nurkiju01-2019
leoname01,18.95,1.4,201901090POR-POR,201901090POR-CHI,POR-2019,1,2019,26.529999999999998,36.59458333333333,leoname01-2019
laymaja01,17,-3.2,201901090POR-POR,201901090POR-CHI,POR-2019,1,2019,-54.400000000000006,36.59458333333333,laymaja01-2019
stausni01,15.516666666666667,4.6,201901090POR-POR,201901090POR-CHI,POR-2019,1,2019,71.37666666666667,36.59458333333333,stausni01-2019
simonan01,3.0166666666666666,-1.7,201901090POR-POR,201901090POR-CHI,POR-2019,1,2019,-5.128333333333333,36.59458333333333,simonan01-2019
trentga02,3.0166666666666666,-0.2,201901090POR-POR,201901090POR-CHI,POR-2019,1,2019,-0.6033333333333334,36.59458333333333,trentga02-2019
nurkiju01,30.45,12,201901110POR-POR,201901110POR-CHO,POR-2019,1,2019,365.4,69.55638888888889,nurkiju01-2019
aminual01,28.733333333333334,1.1,201901110POR-POR,201901110POR-CHO,POR-2019,1,2019,31.60666666666667,69.55638888888889,aminual01-2019
lillada01,28.733333333333334,8.3,201901110POR-POR,201901110POR-CHO,POR-2019,1,2019,238.4866666666667,69.55638888888889,lillada01-2019
mccolcj01,28.733333333333334,5.6,201901110POR-POR,201901110POR-CHO,POR-2019,1,2019,160.90666666666667,69.55638888888889,mccolcj01-2019
laymaja01,26.783333333333335,-3.7,201901110POR-POR,201901110POR-CHO,POR-2019,1,2019,-99.09833333333334,69.55638888888889,laymaja01-2019
turneev01,21.216666666666665,3.8,201901110POR-POR,201901110POR-CHO,POR-2019,1,2019,80.62333333333332,69.55638888888889,turneev01-2019
colliza01,19.266666666666666,1,201901110POR-POR,201901110POR-CHO,POR-2019,1,2019,19.266666666666666,69.55638888888889,colliza01-2019
stausni01,19.266666666666666,3.2,201901110POR-POR,201901110POR-CHO,POR-2019,1,2019,61.653333333333336,69.55638888888889,stausni01-2019
curryse01,12.35,-2.4,201901110POR-POR,201901110POR-CHO,POR-2019,1,2019,-29.639999999999997,69.55638888888889,curryse01-2019
leoname01,10.633333333333333,1.1,201901110POR-POR,201901110POR-CHO,POR-2019,1,2019,11.696666666666667,69.55638888888889,leoname01-2019
simonan01,6.916666666666667,-0.7,201901110POR-POR,201901110POR-CHO,POR-2019,1,2019,-4.841666666666667,69.55638888888889,simonan01-2019
trentga02,6.916666666666667,-0.2,201901110POR-POR,201901110POR-CHO,POR-2019,1,2019,-1.3833333333333335,69.55638888888889,trentga02-2019
beaslma01,37.31666666666667,5,201901130DEN-DEN,201901130DEN-POR,DEN-2019,1,2019,186.58333333333334,79.13550000000001,beaslma01-2019
jokicni01,36.71666666666667,15.2,201901130DEN-DEN,201901130DEN-POR,DEN-2019,1,2019,558.0933333333334,79.13550000000001,jokicni01-2019
murraja01,33.416666666666664,1.1,201901130DEN-DEN,201901130DEN-POR,DEN-2019,1,2019,36.75833333333333,79.13550000000001,murraja01-2019
millspa01,27.416666666666668,-1.2,201901130DEN-DEN,201901130DEN-POR,DEN-2019,1,2019,-32.9,79.13550000000001,millspa01-2019
morrimo01,27.333333333333332,5.7,201901130DEN-DEN,201901130DEN-POR,DEN-2019,1,2019,155.8,79.13550000000001,morrimo01-2019
craigto01,24.683333333333334,-2.2,201901130DEN-DEN,201901130DEN-POR,DEN-2019,1,2019,-54.30333333333334,79.13550000000001,craigto01-2019
plumlma01,20.683333333333334,0.1,201901130DEN-DEN,201901130DEN-POR,DEN-2019,1,2019,2.0683333333333334,79.13550000000001,plumlma01-2019
bartowi01,14.133333333333333,-3,201901130DEN-DEN,201901130DEN-POR,DEN-2019,1,2019,-42.4,79.13550000000001,bartowi01-2019
hernaju01,12.25,-1.3,201901130DEN-DEN,201901130DEN-POR,DEN-2019,1,2019,-15.925,79.13550000000001,hernaju01-2019
lydonty01,6.05,-0.4,201901130DEN-DEN,201901130DEN-POR,DEN-2019,1,2019,-2.42,79.13550000000001,lydonty01-2019
foxde01,31.55,4.5,201901140SAC-SAC,201901140SAC-POR,SAC-2019,1,2019,141.975,46.087333333333326,foxde01-2019
bogdabo01,31.433333333333334,3.5,201901140SAC-SAC,201901140SAC-POR,SAC-2019,1,2019,110.01666666666667,46.087333333333326,bogdabo01-2019
caulewi01,29.35,1.1,201901140SAC-SAC,201901140SAC-POR,SAC-2019,1,2019,32.285000000000004,46.087333333333326,caulewi01-2019
hieldbu01,28.15,5.7,201901140SAC-SAC,201901140SAC-POR,SAC-2019,1,2019,160.45499999999998,46.087333333333326,hieldbu01-2019
shumpim01,23.866666666666667,-1.7,201901140SAC-SAC,201901140SAC-POR,SAC-2019,1,2019,-40.57333333333333,46.087333333333326,shumpim01-2019
baglema01,23.6,-3.1,201901140SAC-SAC,201901140SAC-POR,SAC-2019,1,2019,-73.16000000000001,46.087333333333326,baglema01-2019
bjeline01,21.066666666666666,-0.9,201901140SAC-SAC,201901140SAC-POR,SAC-2019,1,2019,-18.96,46.087333333333326,bjeline01-2019
gilesha01,18.65,4.1,201901140SAC-SAC,201901140SAC-POR,SAC-2019,1,2019,76.46499999999999,46.087333333333326,gilesha01-2019
ferreyo01,16.366666666666667,1.3,201901140SAC-SAC,201901140SAC-POR,SAC-2019,1,2019,21.276666666666667,46.087333333333326,ferreyo01-2019
jacksju01,15.966666666666667,3.2,201901140SAC-SAC,201901140SAC-POR,SAC-2019,1,2019,51.093333333333334,46.087333333333326,jacksju01-2019
lillada01,32,8.9,201901160POR-POR,201901160POR-CLE,POR-2019,1,2019,284.8,57.05083333333334,lillada01-2019
mccolcj01,29.366666666666667,0,201901160POR-POR,201901160POR-CLE,POR-2019,1,2019,0,57.05083333333334,mccolcj01-2019
aminual01,28.333333333333332,3.5,201901160POR-POR,201901160POR-CLE,POR-2019,1,2019,99.16666666666666,57.05083333333334,aminual01-2019
nurkiju01,28.333333333333332,11.4,201901160POR-POR,201901160POR-CLE,POR-2019,1,2019,323,57.05083333333334,nurkiju01-2019
laymaja01,25.933333333333334,5.9,201901160POR-POR,201901160POR-CLE,POR-2019,1,2019,153.0066666666667,57.05083333333334,laymaja01-2019
turneev01,21.233333333333334,-1.1,201901160POR-POR,201901160POR-CLE,POR-2019,1,2019,-23.35666666666667,57.05083333333334,turneev01-2019
leoname01,19.666666666666668,-0.4,201901160POR-POR,201901160POR-CLE,POR-2019,1,2019,-7.866666666666667,57.05083333333334,leoname01-2019
curryse01,18.116666666666667,-2.9,201901160POR-POR,201901160POR-CLE,POR-2019,1,2019,-52.538333333333334,57.05083333333334,curryse01-2019
colliza01,17.016666666666666,-2.3,201901160POR-POR,201901160POR-CLE,POR-2019,1,2019,-39.13833333333333,57.05083333333334,colliza01-2019
stausni01,15.566666666666666,-3,201901160POR-POR,201901160POR-CLE,POR-2019,1,2019,-46.7,57.05083333333334,stausni01-2019
simonan01,2.216666666666667,-2.4,201901160POR-POR,201901160POR-CLE,POR-2019,1,2019,-5.32,57.05083333333334,simonan01-2019
trentga02,2.216666666666667,-0.2,201901160POR-POR,201901160POR-CLE,POR-2019,1,2019,-0.44333333333333336,57.05083333333334,trentga02-2019
lillada01,36.583333333333336,4.3,201901180POR-POR,201901180POR-NOP,POR-2019,1,2019,157.30833333333334,63.11805555555556,lillada01-2019
mccolcj01,32.28333333333333,8.2,201901180POR-POR,201901180POR-NOP,POR-2019,1,2019,264.7233333333333,63.11805555555556,mccolcj01-2019
aminual01,32.05,3,201901180POR-POR,201901180POR-NOP,POR-2019,1,2019,96.14999999999999,63.11805555555556,aminual01-2019
nurkiju01,26.283333333333335,2.1,201901180POR-POR,201901180POR-NOP,POR-2019,1,2019,55.19500000000001,63.11805555555556,nurkiju01-2019
turneev01,25.483333333333334,1.6,201901180POR-POR,201901180POR-NOP,POR-2019,1,2019,40.77333333333334,63.11805555555556,turneev01-2019
harklma01,20.733333333333334,2,201901180POR-POR,201901180POR-NOP,POR-2019,1,2019,41.46666666666667,63.11805555555556,harklma01-2019
colliza01,19.483333333333334,1,201901180POR-POR,201901180POR-NOP,POR-2019,1,2019,19.483333333333334,63.11805555555556,colliza01-2019
laymaja01,18.483333333333334,5.1,201901180POR-POR,201901180POR-NOP,POR-2019,1,2019,94.265,63.11805555555556,laymaja01-2019
leoname01,13.7,1.3,201901180POR-POR,201901180POR-NOP,POR-2019,1,2019,17.81,63.11805555555556,leoname01-2019
curryse01,12.316666666666666,-2.3,201901180POR-POR,201901180POR-NOP,POR-2019,1,2019,-28.32833333333333,63.11805555555556,curryse01-2019
simonan01,1.3,-1,201901180POR-POR,201901180POR-NOP,POR-2019,1,2019,-1.3,63.11805555555556,simonan01-2019
trentga02,1.3,-0.1,201901180POR-POR,201901180POR-NOP,POR-2019,1,2019,-0.13,63.11805555555556,trentga02-2019
onealro01,37.266666666666666,3.2,201901210UTA-UTA,201901210UTA-POR,UTA-2019,0,2019,119.25333333333333,54.352777777777774,onealro01-2019
inglejo01,36.516666666666666,-3.7,201901210UTA-UTA,201901210UTA-POR,UTA-2019,0,2019,-135.11166666666668,54.352777777777774,inglejo01-2019
mitchdo01,33.63333333333333,7.6,201901210UTA-UTA,201901210UTA-POR,UTA-2019,0,2019,255.61333333333332,54.352777777777774,mitchdo01-2019
crowdja01,33.233333333333334,5.6,201901210UTA-UTA,201901210UTA-POR,UTA-2019,0,2019,186.10666666666665,54.352777777777774,crowdja01-2019
goberru01,33.1,1.3,201901210UTA-UTA,201901210UTA-POR,UTA-2019,0,2019,43.03,54.352777777777774,goberru01-2019
favorde01,24.05,4.2,201901210UTA-UTA,201901210UTA-POR,UTA-2019,0,2019,101.01,54.352777777777774,favorde01-2019
korveky01,22.95,-4.3,201901210UTA-UTA,201901210UTA-POR,UTA-2019,0,2019,-98.68499999999999,54.352777777777774,korveky01-2019
rubiori01,13.633333333333333,2.1,201901210UTA-UTA,201901210UTA-POR,UTA-2019,0,2019,28.63,54.352777777777774,rubiori01-2019
niangge01,5.616666666666667,-1.9,201901210UTA-UTA,201901210UTA-POR,UTA-2019,0,2019,-10.671666666666667,54.352777777777774,niangge01-2019
georgpa01,37.916666666666664,11.3,201901220OKC-OKC,201901220OKC-POR,OKC-2019,1,2019,428.4583333333333,91.54777777777778,georgpa01-2019
westbru01,36.71666666666667,5,201901220OKC-OKC,201901220OKC-POR,OKC-2019,1,2019,183.58333333333334,91.54777777777778,westbru01-2019
fergute01,36.5,4.4,201901220OKC-OKC,201901220OKC-POR,OKC-2019,1,2019,160.60000000000002,91.54777777777778,fergute01-2019
adamsst01,36.416666666666664,2,201901220OKC-OKC,201901220OKC-POR,OKC-2019,1,2019,72.83333333333333,91.54777777777778,adamsst01-2019
grantje01,33.166666666666664,0.4,201901220OKC-OKC,201901220OKC-POR,OKC-2019,1,2019,13.266666666666666,91.54777777777778,grantje01-2019
schrode01,22.75,-3.3,201901220OKC-OKC,201901220OKC-POR,OKC-2019,1,2019,-75.075,91.54777777777778,schrode01-2019
pattepa01,14.833333333333334,2.4,201901220OKC-OKC,201901220OKC-POR,OKC-2019,1,2019,35.6,91.54777777777778,pattepa01-2019
noelne01,11.583333333333334,1.8,201901220OKC-OKC,201901220OKC-POR,OKC-2019,1,2019,20.85,91.54777777777778,noelne01-2019
naderab01,10.116666666666667,-1.6,201901220OKC-OKC,201901220OKC-POR,OKC-2019,1,2019,-16.186666666666667,91.54777777777778,naderab01-2019
oubreke01,34.63333333333333,4.1,201901240PHO-PHO,201901240PHO-POR,PHO-2019,0,2019,141.99666666666664,0.16399999999999873,oubreke01-2019
bookede01,30.25,-2.6,201901240PHO-PHO,201901240PHO-POR,PHO-2019,0,2019,-78.65,0.16399999999999873,bookede01-2019
bridgmi01,29.283333333333335,2.7,201901240PHO-PHO,201901240PHO-POR,PHO-2019,0,2019,79.06500000000001,0.16399999999999873,bridgmi01-2019
jacksjo02,28.466666666666665,-5.4,201901240PHO-PHO,201901240PHO-POR,PHO-2019,0,2019,-153.72,0.16399999999999873,jacksjo02-2019
okoboel01,27.766666666666666,2.2,201901240PHO-PHO,201901240PHO-POR,PHO-2019,0,2019,61.086666666666666,0.16399999999999873,okoboel01-2019
bendedr01,27.566666666666666,2.3,201901240PHO-PHO,201901240PHO-POR,PHO-2019,0,2019,63.40333333333333,0.16399999999999873,bendedr01-2019
crawfja01,23.25,0,201901240PHO-PHO,201901240PHO-POR,PHO-2019,0,2019,0,0.16399999999999873,crawfja01-2019
acyqu01,20.433333333333334,-3.4,201901240PHO-PHO,201901240PHO-POR,PHO-2019,0,2019,-69.47333333333333,0.16399999999999873,acyqu01-2019
meltode01,11.716666666666667,-4.1,201901240PHO-PHO,201901240PHO-POR,PHO-2019,0,2019,-48.03833333333333,0.16399999999999873,meltode01-2019
danietr01,6.633333333333333,0.9,201901240PHO-PHO,201901240PHO-POR,PHO-2019,0,2019,5.97,0.16399999999999873,danietr01-2019
mccolcj01,37.1,3.8,201901260POR-POR,201901260POR-ATL,POR-2019,1,2019,140.98,53.02166666666667,mccolcj01-2019
nurkiju01,33.96666666666667,2.4,201901260POR-POR,201901260POR-ATL,POR-2019,1,2019,81.52,53.02166666666667,nurkiju01-2019
curryse01,31.816666666666666,7.7,201901260POR-POR,201901260POR-ATL,POR-2019,1,2019,244.98833333333334,53.02166666666667,curryse01-2019
harklma01,31.166666666666668,-2.9,201901260POR-POR,201901260POR-ATL,POR-2019,1,2019,-90.38333333333334,53.02166666666667,harklma01-2019
aminual01,30.866666666666667,12.2,201901260POR-POR,201901260POR-ATL,POR-2019,1,2019,376.5733333333333,53.02166666666667,aminual01-2019
laymaja01,25.433333333333334,-5.1,201901260POR-POR,201901260POR-ATL,POR-2019,1,2019,-129.70999999999998,53.02166666666667,laymaja01-2019
colliza01,15.116666666666667,-1.2,201901260POR-POR,201901260POR-ATL,POR-2019,1,2019,-18.14,53.02166666666667,colliza01-2019
turneev01,12.083333333333334,-1.9,201901260POR-POR,201901260POR-ATL,POR-2019,1,2019,-22.958333333333332,53.02166666666667,turneev01-2019
leoname01,9.383333333333333,3.7,201901260POR-POR,201901260POR-ATL,POR-2019,1,2019,34.718333333333334,53.02166666666667,leoname01-2019
baldwwa01,8.416666666666666,-2.7,201901260POR-POR,201901260POR-ATL,POR-2019,1,2019,-22.725,53.02166666666667,baldwwa01-2019
stausni01,4.65,-2.5,201901260POR-POR,201901260POR-ATL,POR-2019,1,2019,-11.625,53.02166666666667,stausni01-2019
lillada01,37.03333333333333,12.4,201901300POR-POR,201901300POR-UTA,POR-2019,1,2019,459.2133333333333,91.81181818181818,lillada01-2019
mccolcj01,30.2,7.6,201901300POR-POR,201901300POR-UTA,POR-2019,1,2019,229.51999999999998,91.81181818181818,mccolcj01-2019
laymaja01,26.95,3.2,201901300POR-POR,201901300POR-UTA,POR-2019,1,2019,86.24000000000001,91.81181818181818,laymaja01-2019
leoname01,24.833333333333332,10.5,201901300POR-POR,201901300POR-UTA,POR-2019,1,2019,260.75,91.81181818181818,leoname01-2019
colliza01,23.166666666666668,0.8,201901300POR-POR,201901300POR-UTA,POR-2019,1,2019,18.533333333333335,91.81181818181818,colliza01-2019
curryse01,22.1,-0.6,201901300POR-POR,201901300POR-UTA,POR-2019,1,2019,-13.26,91.81181818181818,curryse01-2019
aminual01,21.583333333333332,-0.9,201901300POR-POR,201901300POR-UTA,POR-2019,1,2019,-19.425,91.81181818181818,aminual01-2019
harklma01,21.35,0.8,201901300POR-POR,201901300POR-UTA,POR-2019,1,2019,17.080000000000002,91.81181818181818,harklma01-2019
turneev01,19.45,0.1,201901300POR-POR,201901300POR-UTA,POR-2019,1,2019,1.945,91.81181818181818,turneev01-2019
baldwwa01,6.666666666666667,-1.3,201901300POR-POR,201901300POR-UTA,POR-2019,1,2019,-8.666666666666668,91.81181818181818,baldwwa01-2019
swanica01,6.666666666666667,-3.3,201901300POR-POR,201901300POR-UTA,POR-2019,1,2019,-22,91.81181818181818,swanica01-2019
mccolcj01,39.53333333333333,6.8,201902050POR-POR,201902050POR-MIA,POR-2019,0,2019,268.82666666666665,34.35366666666667,mccolcj01-2019
lillada01,35.166666666666664,-3.2,201902050POR-POR,201902050POR-MIA,POR-2019,0,2019,-112.53333333333333,34.35366666666667,lillada01-2019
laymaja01,32.6,8,201902050POR-POR,201902050POR-MIA,POR-2019,0,2019,260.8,34.35366666666667,laymaja01-2019
turneev01,26.4,-3.4,201902050POR-POR,201902050POR-MIA,POR-2019,0,2019,-89.75999999999999,34.35366666666667,turneev01-2019
leoname01,24.05,-0.6,201902050POR-POR,201902050POR-MIA,POR-2019,0,2019,-14.43,34.35366666666667,leoname01-2019
nurkiju01,22.866666666666667,1.3,201902050POR-POR,201902050POR-MIA,POR-2019,0,2019,29.726666666666667,34.35366666666667,nurkiju01-2019
harklma01,18.733333333333334,1.5,201902050POR-POR,201902050POR-MIA,POR-2019,0,2019,28.1,34.35366666666667,harklma01-2019
aminual01,16.666666666666668,0.4,201902050POR-POR,201902050POR-MIA,POR-2019,0,2019,6.666666666666668,34.35366666666667,aminual01-2019
curryse01,15.516666666666667,-1.2,201902050POR-POR,201902050POR-MIA,POR-2019,0,2019,-18.62,34.35366666666667,curryse01-2019
colliza01,8.466666666666667,-1.8,201902050POR-POR,201902050POR-MIA,POR-2019,0,2019,-15.24,34.35366666666667,colliza01-2019
lillada01,36.016666666666666,5.2,201902070POR-POR,201902070POR-SAS,POR-2019,1,2019,187.28666666666666,60.631794871794874,lillada01-2019
mccolcj01,33.983333333333334,10.1,201902070POR-POR,201902070POR-SAS,POR-2019,1,2019,343.2316666666667,60.631794871794874,mccolcj01-2019
nurkiju01,32.8,5.2,201902070POR-POR,201902070POR-SAS,POR-2019,1,2019,170.56,60.631794871794874,nurkiju01-2019
laymaja01,30.733333333333334,-0.5,201902070POR-POR,201902070POR-SAS,POR-2019,1,2019,-15.366666666666667,60.631794871794874,laymaja01-2019
hoodro01,25.35,4.5,201902070POR-POR,201902070POR-SAS,POR-2019,1,2019,114.075,60.631794871794874,hoodro01-2019
aminual01,22.383333333333333,3.2,201902070POR-POR,201902070POR-SAS,POR-2019,1,2019,71.62666666666667,60.631794871794874,aminual01-2019
turneev01,17.516666666666666,0.5,201902070POR-POR,201902070POR-SAS,POR-2019,1,2019,8.758333333333333,60.631794871794874,turneev01-2019
harklma01,14.866666666666667,-5.9,201902070POR-POR,201902070POR-SAS,POR-2019,1,2019,-87.71333333333334,60.631794871794874,harklma01-2019
leoname01,9.766666666666667,1.1,201902070POR-POR,201902070POR-SAS,POR-2019,1,2019,10.743333333333336,60.631794871794874,leoname01-2019
curryse01,7.083333333333333,0.5,201902070POR-POR,201902070POR-SAS,POR-2019,1,2019,3.5416666666666665,60.631794871794874,curryse01-2019
colliza01,6.733333333333333,-2.3,201902070POR-POR,201902070POR-SAS,POR-2019,1,2019,-15.486666666666666,60.631794871794874,colliza01-2019
simonan01,1.3833333333333333,-1.1,201902070POR-POR,201902070POR-SAS,POR-2019,1,2019,-1.5216666666666667,60.631794871794874,simonan01-2019
trentga02,1.3833333333333333,-1.1,201902070POR-POR,201902070POR-SAS,POR-2019,1,2019,-1.5216666666666667,60.631794871794874,trentga02-2019
doncilu01,37.5,9.5,201902100DAL-DAL,201902100DAL-POR,DAL-2019,1,2019,356.25,48.486805555555556,doncilu01-2019
finnedo01,35.266666666666666,-0.1,201902100DAL-DAL,201902100DAL-POR,DAL-2019,1,2019,-3.526666666666667,48.486805555555556,finnedo01-2019
hardati02,32.28333333333333,5.6,201902100DAL-DAL,201902100DAL-POR,DAL-2019,1,2019,180.78666666666663,48.486805555555556,hardati02-2019
poweldw01,26.9,4.4,201902100DAL-DAL,201902100DAL-POR,DAL-2019,1,2019,118.36,48.486805555555556,poweldw01-2019
klebima01,26.066666666666666,-1.5,201902100DAL-DAL,201902100DAL-POR,DAL-2019,1,2019,-39.1,48.486805555555556,klebima01-2019
brunsja01,23.516666666666666,-0.4,201902100DAL-DAL,201902100DAL-POR,DAL-2019,1,2019,-9.406666666666666,48.486805555555556,brunsja01-2019
burketr01,16.816666666666666,0.9,201902100DAL-DAL,201902100DAL-POR,DAL-2019,1,2019,15.135,48.486805555555556,burketr01-2019
nowitdi01,12.933333333333334,-0.8,201902100DAL-DAL,201902100DAL-POR,DAL-2019,1,2019,-10.346666666666668,48.486805555555556,nowitdi01-2019
leeco01,8.966666666666667,-1.1,201902100DAL-DAL,201902100DAL-POR,DAL-2019,1,2019,-9.863333333333335,48.486805555555556,leeco01-2019
broekry01,8.783333333333333,0.5,201902100DAL-DAL,201902100DAL-POR,DAL-2019,1,2019,4.391666666666667,48.486805555555556,broekry01-2019
harride01,6.75,-2.4,201902100DAL-DAL,201902100DAL-POR,DAL-2019,1,2019,-16.2,48.486805555555556,harride01-2019
jacksju01,4.216666666666667,-1.1,201902100DAL-DAL,201902100DAL-POR,DAL-2019,1,2019,-4.638333333333334,48.486805555555556,jacksju01-2019
georgpa01,43.016666666666666,21,201902110OKC-OKC,201902110OKC-POR,OKC-2019,1,2019,903.35,95.97116666666668,georgpa01-2019
westbru01,36.88333333333333,0,201902110OKC-OKC,201902110OKC-POR,OKC-2019,1,2019,0,95.97116666666668,westbru01-2019
adamsst01,34.56666666666667,-2.8,201902110OKC-OKC,201902110OKC-POR,OKC-2019,1,2019,-96.78666666666668,95.97116666666668,adamsst01-2019
fergute01,28.616666666666667,0.6,201902110OKC-OKC,201902110OKC-POR,OKC-2019,1,2019,17.169999999999998,95.97116666666668,fergute01-2019
burtode02,26.066666666666666,7.7,201902110OKC-OKC,201902110OKC-POR,OKC-2019,1,2019,200.71333333333334,95.97116666666668,burtode02-2019
pattepa01,23.033333333333335,-4.2,201902110OKC-OKC,201902110OKC-POR,OKC-2019,1,2019,-96.74000000000001,95.97116666666668,pattepa01-2019
feltora01,21.05,5.4,201902110OKC-OKC,201902110OKC-POR,OKC-2019,1,2019,113.67000000000002,95.97116666666668,feltora01-2019
noelne01,13.433333333333334,-3.2,201902110OKC-OKC,201902110OKC-POR,OKC-2019,1,2019,-42.98666666666667,95.97116666666668,noelne01-2019
naderab01,12.35,-3.1,201902110OKC-OKC,201902110OKC-POR,OKC-2019,1,2019,-38.285,95.97116666666668,naderab01-2019
diallha01,0.9833333333333333,-0.4,201902110OKC-OKC,201902110OKC-POR,OKC-2019,1,2019,-0.3933333333333333,95.97116666666668,diallha01-2019
lillada01,31.633333333333333,15.7,201902130POR-POR,201902130POR-GSW,POR-2019,1,2019,496.6433333333333,69.35097222222221,lillada01-2019
laymaja01,26.133333333333333,9.5,201902130POR-POR,201902130POR-GSW,POR-2019,1,2019,248.26666666666665,69.35097222222221,laymaja01-2019
mccolcj01,25.666666666666668,0.9,201902130POR-POR,201902130POR-GSW,POR-2019,1,2019,23.1,69.35097222222221,mccolcj01-2019
nurkiju01,25.35,-6.7,201902130POR-POR,201902130POR-GSW,POR-2019,1,2019,-169.84500000000003,69.35097222222221,nurkiju01-2019
hoodro01,25.233333333333334,1.7,201902130POR-POR,201902130POR-GSW,POR-2019,1,2019,42.89666666666667,69.35097222222221,hoodro01-2019
aminual01,22.383333333333333,5.8,201902130POR-POR,201902130POR-GSW,POR-2019,1,2019,129.82333333333332,69.35097222222221,aminual01-2019
colliza01,21.833333333333332,-0.4,201902130POR-POR,201902130POR-GSW,POR-2019,1,2019,-8.733333333333333,69.35097222222221,colliza01-2019
turneev01,20.533333333333335,2,201902130POR-POR,201902130POR-GSW,POR-2019,1,2019,41.06666666666667,69.35097222222221,turneev01-2019
curryse01,19.816666666666666,1.6,201902130POR-POR,201902130POR-GSW,POR-2019,1,2019,31.706666666666667,69.35097222222221,curryse01-2019
harklma01,19.783333333333335,-0.1,201902130POR-POR,201902130POR-GSW,POR-2019,1,2019,-1.9783333333333335,69.35097222222221,harklma01-2019
labissk01,0.8166666666666667,0.1,201902130POR-POR,201902130POR-GSW,POR-2019,1,2019,0.08166666666666667,69.35097222222221,labissk01-2019
simonan01,0.8166666666666667,-1,201902130POR-POR,201902130POR-GSW,POR-2019,1,2019,-0.8166666666666667,69.35097222222221,simonan01-2019
crabbal01,29.183333333333334,4.7,201902210BRK-BRK,201902210BRK-POR,BRK-2019,0,2019,137.16166666666666,16.66060606060606,crabbal01-2019
russeda01,28.7,0.7,201902210BRK-BRK,201902210BRK-POR,BRK-2019,0,2019,20.09,16.66060606060606,russeda01-2019
harrijo01,28.616666666666667,0,201902210BRK-BRK,201902210BRK-POR,BRK-2019,0,2019,0,16.66060606060606,harrijo01-2019
carrode01,27,-1.2,201902210BRK-BRK,201902210BRK-POR,BRK-2019,0,2019,-32.4,16.66060606060606,carrode01-2019
davised01,23.233333333333334,3.5,201902210BRK-BRK,201902210BRK-POR,BRK-2019,0,2019,81.31666666666666,16.66060606060606,davised01-2019
allenja01,22.716666666666665,1.5,201902210BRK-BRK,201902210BRK-POR,BRK-2019,0,2019,34.074999999999996,16.66060606060606,allenja01-2019
napiesh01,21.35,0,201902210BRK-BRK,201902210BRK-POR,BRK-2019,0,2019,0,16.66060606060606,napiesh01-2019
leverca01,20.583333333333332,1.1,201902210BRK-BRK,201902210BRK-POR,BRK-2019,0,2019,22.641666666666666,16.66060606060606,leverca01-2019
grahatr01,16.783333333333335,-3.2,201902210BRK-BRK,201902210BRK-POR,BRK-2019,0,2019,-53.70666666666668,16.66060606060606,grahatr01-2019
holliro01,15.183333333333334,-1.4,201902210BRK-BRK,201902210BRK-POR,BRK-2019,0,2019,-21.256666666666664,16.66060606060606,holliro01-2019
dudleja01,6.65,-0.7,201902210BRK-BRK,201902210BRK-POR,BRK-2019,0,2019,-4.655,16.66060606060606,dudleja01-2019
simmobe01,36.06666666666667,6.9,201902230PHI-PHI,201902230PHI-POR,PHI-2019,0,2019,248.86000000000004,24.846818181818186,simmobe01-2019
harrito02,35.166666666666664,1.7,201902230PHI-PHI,201902230PHI-POR,PHI-2019,0,2019,59.783333333333324,24.846818181818186,harrito02-2019
butleji01,30.3,2.6,201902230PHI-PHI,201902230PHI-POR,PHI-2019,0,2019,78.78,24.846818181818186,butleji01-2019
redicjj01,30.3,-5.4,201902230PHI-PHI,201902230PHI-POR,PHI-2019,0,2019,-163.62,24.846818181818186,redicjj01-2019
scottmi01,29.916666666666668,3.8,201902230PHI-PHI,201902230PHI-POR,PHI-2019,0,2019,113.68333333333334,24.846818181818186,scottmi01-2019
marjabo01,19.366666666666667,-2.2,201902230PHI-PHI,201902230PHI-POR,PHI-2019,0,2019,-42.60666666666667,24.846818181818186,marjabo01-2019
mccontj01,18.733333333333334,-0.2,201902230PHI-PHI,201902230PHI-POR,PHI-2019,0,2019,-3.746666666666667,24.846818181818186,mccontj01-2019
simmojo02,17.7,-1.5,201902230PHI-PHI,201902230PHI-POR,PHI-2019,0,2019,-26.549999999999997,24.846818181818186,simmojo02-2019
boldejo01,11.316666666666666,3.1,201902230PHI-PHI,201902230PHI-POR,PHI-2019,0,2019,35.08166666666666,24.846818181818186,boldejo01-2019
ennisja01,7.216666666666667,-3,201902230PHI-PHI,201902230PHI-POR,PHI-2019,0,2019,-21.65,24.846818181818186,ennisja01-2019
johnsam01,3.9166666666666665,-1.2,201902230PHI-PHI,201902230PHI-POR,PHI-2019,0,2019,-4.699999999999999,24.846818181818186,johnsam01-2019
osmande01,32.166666666666664,8.8,201902250CLE-CLE,201902250CLE-POR,CLE-2019,0,2019,283.06666666666666,8.436969696969697,osmande01-2019
sextoco01,31.5,-6.1,201902250CLE-CLE,201902250CLE-POR,CLE-2019,0,2019,-192.14999999999998,8.436969696969697,sextoco01-2019
clarkjo01,28.483333333333334,1.7,201902250CLE-CLE,201902250CLE-POR,CLE-2019,0,2019,48.42166666666667,8.436969696969697,clarkjo01-2019
loveke01,28,0.4,201902250CLE-CLE,201902250CLE-POR,CLE-2019,0,2019,11.200000000000001,8.436969696969697,loveke01-2019
nancela02,27.683333333333334,4.3,201902250CLE-CLE,201902250CLE-POR,CLE-2019,0,2019,119.03833333333333,8.436969696969697,nancela02-2019
zizican01,21.783333333333335,-3.7,201902250CLE-CLE,201902250CLE-POR,CLE-2019,0,2019,-80.59833333333334,8.436969696969697,zizican01-2019
knighbr03,19.516666666666666,-4.9,201902250CLE-CLE,201902250CLE-POR,CLE-2019,0,2019,-95.63166666666667,8.436969696969697,knighbr03-2019
dellama01,16.5,0.1,201902250CLE-CLE,201902250CLE-POR,CLE-2019,0,2019,1.6500000000000001,8.436969696969697,dellama01-2019
nwabada01,14.966666666666667,0.5,201902250CLE-CLE,201902250CLE-POR,CLE-2019,0,2019,7.483333333333333,8.436969696969697,nwabada01-2019
chrisma01,14.533333333333333,-0.9,201902250CLE-CLE,201902250CLE-POR,CLE-2019,0,2019,-13.08,8.436969696969697,chrisma01-2019
stausni01,4.866666666666667,0.7,201902250CLE-CLE,201902250CLE-POR,CLE-2019,0,2019,3.4066666666666667,8.436969696969697,stausni01-2019
smartma01,36.18333333333333,8,201902270BOS-BOS,201902270BOS-POR,BOS-2019,0,2019,289.46666666666664,65.73851851851852,smartma01-2019
horfoal01,35.93333333333333,2.1,201902270BOS-BOS,201902270BOS-POR,BOS-2019,0,2019,75.46,65.73851851851852,horfoal01-2019
irvinky01,35.06666666666667,9.1,201902270BOS-BOS,201902270BOS-POR,BOS-2019,0,2019,319.1066666666667,65.73851851851852,irvinky01-2019
tatumja01,35.06666666666667,-1.3,201902270BOS-BOS,201902270BOS-POR,BOS-2019,0,2019,-45.58666666666667,65.73851851851852,tatumja01-2019
brownja02,30.233333333333334,2.4,201902270BOS-BOS,201902270BOS-POR,BOS-2019,0,2019,72.56,65.73851851851852,brownja02-2019
morrima03,29.7,-2.5,201902270BOS-BOS,201902270BOS-POR,BOS-2019,0,2019,-74.25,65.73851851851852,morrima03-2019
haywago01,27.3,-0.7,201902270BOS-BOS,201902270BOS-POR,BOS-2019,0,2019,-19.11,65.73851851851852,haywago01-2019
theisda01,10,-2.6,201902270BOS-BOS,201902270BOS-POR,BOS-2019,0,2019,-26,65.73851851851852,theisda01-2019
williro04,0.48333333333333334,0,201902270BOS-BOS,201902270BOS-POR,BOS-2019,0,2019,0,65.73851851851852,williro04-2019
lowryky01,40.35,5.3,201903010TOR-TOR,201903010TOR-POR,TOR-2019,1,2019,213.855,77.07133333333333,lowryky01-2019
siakapa01,34.96666666666667,-0.7,201903010TOR-TOR,201903010TOR-POR,TOR-2019,1,2019,-24.476666666666667,77.07133333333333,siakapa01-2019
leonaka01,34.416666666666664,11.7,201903010TOR-TOR,201903010TOR-POR,TOR-2019,1,2019,402.67499999999995,77.07133333333333,leonaka01-2019
gasolma01,32.28333333333333,7.5,201903010TOR-TOR,201903010TOR-POR,TOR-2019,1,2019,242.125,77.07133333333333,gasolma01-2019
greenda02,23.65,3.1,201903010TOR-TOR,201903010TOR-POR,TOR-2019,1,2019,73.315,77.07133333333333,greenda02-2019
powelno01,17.166666666666668,-1.8,201903010TOR-TOR,201903010TOR-POR,TOR-2019,1,2019,-30.900000000000002,77.07133333333333,powelno01-2019
linje01,16.5,-3.1,201903010TOR-TOR,201903010TOR-POR,TOR-2019,1,2019,-51.15,77.07133333333333,linje01-2019
ibakase01,15.65,-4.6,201903010TOR-TOR,201903010TOR-POR,TOR-2019,1,2019,-71.99,77.07133333333333,ibakase01-2019
anunoog01,13.8,-0.7,201903010TOR-TOR,201903010TOR-POR,TOR-2019,1,2019,-9.66,77.07133333333333,anunoog01-2019
mccawpa01,11.216666666666667,2.4,201903010TOR-TOR,201903010TOR-POR,TOR-2019,1,2019,26.919999999999998,77.07133333333333,mccawpa01-2019
lillada01,35.666666666666664,2.2,201903030CHO-POR,201903030CHO-CHO,POR-2019,1,2019,78.46666666666667,55.57166666666667,lillada01-2019
mccolcj01,34.43333333333333,-6,201903030CHO-POR,201903030CHO-CHO,POR-2019,1,2019,-206.59999999999997,55.57166666666667,mccolcj01-2019
aminual01,31.283333333333335,1.5,201903030CHO-POR,201903030CHO-CHO,POR-2019,1,2019,46.925000000000004,55.57166666666667,aminual01-2019
nurkiju01,28.566666666666666,13.5,201903030CHO-POR,201903030CHO-CHO,POR-2019,1,2019,385.65,55.57166666666667,nurkiju01-2019
hoodro01,24.283333333333335,11.9,201903030CHO-POR,201903030CHO-CHO,POR-2019,1,2019,288.9716666666667,55.57166666666667,hoodro01-2019
harklma01,22.183333333333334,2.2,201903030CHO-POR,201903030CHO-CHO,POR-2019,1,2019,48.803333333333335,55.57166666666667,harklma01-2019
kanteen01,18.733333333333334,0.1,201903030CHO-POR,201903030CHO-CHO,POR-2019,1,2019,1.8733333333333335,55.57166666666667,kanteen01-2019
laymaja01,17.233333333333334,-3,201903030CHO-POR,201903030CHO-CHO,POR-2019,1,2019,-51.7,55.57166666666667,laymaja01-2019
colliza01,15.066666666666666,-4.1,201903030CHO-POR,201903030CHO-CHO,POR-2019,1,2019,-61.773333333333326,55.57166666666667,colliza01-2019
curryse01,12.55,2,201903030CHO-POR,201903030CHO-CHO,POR-2019,1,2019,25.1,55.57166666666667,curryse01-2019
conlemi01,34.68333333333333,12.5,201903050MEM-MEM,201903050MEM-POR,MEM-2019,1,2019,433.54166666666663,68.0445,conlemi01-2019
bradlav01,34.3,-2.6,201903050MEM-MEM,201903050MEM-POR,MEM-2019,1,2019,-89.17999999999999,68.0445,bradlav01-2019
noahjo01,26.75,1.9,201903050MEM-MEM,201903050MEM-POR,MEM-2019,1,2019,50.824999999999996,68.0445,noahjo01-2019
wrighde01,26.45,6.8,201903050MEM-MEM,201903050MEM-POR,MEM-2019,1,2019,179.85999999999999,68.0445,wrighde01-2019
holidju01,25.083333333333332,-2,201903050MEM-MEM,201903050MEM-POR,MEM-2019,1,2019,-50.166666666666664,68.0445,holidju01-2019
milescj01,24.483333333333334,5.2,201903050MEM-MEM,201903050MEM-POR,MEM-2019,1,2019,127.31333333333335,68.0445,milescj01-2019
rabbiv01,23.966666666666665,2.4,201903050MEM-MEM,201903050MEM-POR,MEM-2019,1,2019,57.519999999999996,68.0445,rabbiv01-2019
valanjo01,21.133333333333333,2.9,201903050MEM-MEM,201903050MEM-POR,MEM-2019,1,2019,61.28666666666666,68.0445,valanjo01-2019
cabocbr01,15.25,-4.7,201903050MEM-MEM,201903050MEM-POR,MEM-2019,1,2019,-71.675,68.0445,cabocbr01-2019
parsoch01,7.866666666666667,-2.4,201903050MEM-MEM,201903050MEM-POR,MEM-2019,1,2019,-18.88,68.0445,parsoch01-2019
lillada01,47.333333333333336,18.9,201903070POR-POR,201903070POR-OKC,POR-2019,0,2019,894.6,74.73848484848484,lillada01-2019
mccolcj01,44.78333333333333,0.4,201903070POR-POR,201903070POR-OKC,POR-2019,0,2019,17.913333333333334,74.73848484848484,mccolcj01-2019
aminual01,37.45,-3.6,201903070POR-POR,201903070POR-OKC,POR-2019,0,2019,-134.82000000000002,74.73848484848484,aminual01-2019
nurkiju01,33.733333333333334,4.3,201903070POR-POR,201903070POR-OKC,POR-2019,0,2019,145.05333333333334,74.73848484848484,nurkiju01-2019
hoodro01,31.75,1.8,201903070POR-POR,201903070POR-OKC,POR-2019,0,2019,57.15,74.73848484848484,hoodro01-2019
harklma01,21.216666666666665,-1.3,201903070POR-POR,201903070POR-OKC,POR-2019,0,2019,-27.581666666666667,74.73848484848484,harklma01-2019
kanteen01,18.333333333333332,-3.3,201903070POR-POR,201903070POR-OKC,POR-2019,0,2019,-60.49999999999999,74.73848484848484,kanteen01-2019
laymaja01,15.583333333333334,-4.3,201903070POR-POR,201903070POR-OKC,POR-2019,0,2019,-67.00833333333334,74.73848484848484,laymaja01-2019
curryse01,14.05,-0.2,201903070POR-POR,201903070POR-OKC,POR-2019,0,2019,-2.8100000000000005,74.73848484848484,curryse01-2019
leoname01,0.7333333333333333,0.2,201903070POR-POR,201903070POR-OKC,POR-2019,0,2019,0.14666666666666667,74.73848484848484,leoname01-2019
labissk01,0.03333333333333333,-0.6,201903070POR-POR,201903070POR-OKC,POR-2019,0,2019,-0.02,74.73848484848484,labissk01-2019
mccolcj01,30.4,11.9,201903090POR-POR,201903090POR-PHO,POR-2019,1,2019,361.76,37.32397435897436,mccolcj01-2019
lillada01,29.266666666666666,4.8,201903090POR-POR,201903090POR-PHO,POR-2019,1,2019,140.48,37.32397435897436,lillada01-2019
laymaja01,25.383333333333333,-1,201903090POR-POR,201903090POR-PHO,POR-2019,1,2019,-25.383333333333333,37.32397435897436,laymaja01-2019
aminual01,24.466666666666665,-1.4,201903090POR-POR,201903090POR-PHO,POR-2019,1,2019,-34.25333333333333,37.32397435897436,aminual01-2019
harklma01,22.616666666666667,3.9,201903090POR-POR,201903090POR-PHO,POR-2019,1,2019,88.205,37.32397435897436,harklma01-2019
nurkiju01,22.416666666666668,-3,201903090POR-POR,201903090POR-PHO,POR-2019,1,2019,-67.25,37.32397435897436,nurkiju01-2019
curryse01,21.3,4.5,201903090POR-POR,201903090POR-PHO,POR-2019,1,2019,95.85000000000001,37.32397435897436,curryse01-2019
colliza01,16.566666666666666,-5,201903090POR-POR,201903090POR-PHO,POR-2019,1,2019,-82.83333333333333,37.32397435897436,colliza01-2019
kanteen01,16.566666666666666,2.8,201903090POR-POR,201903090POR-PHO,POR-2019,1,2019,46.38666666666666,37.32397435897436,kanteen01-2019
simonan01,9.083333333333334,-2.6,201903090POR-POR,201903090POR-PHO,POR-2019,1,2019,-23.61666666666667,37.32397435897436,simonan01-2019
leoname01,9.016666666666667,-0.9,201903090POR-POR,201903090POR-PHO,POR-2019,1,2019,-8.115,37.32397435897436,leoname01-2019
hoodro01,8.516666666666667,-0.5,201903090POR-POR,201903090POR-PHO,POR-2019,1,2019,-4.258333333333334,37.32397435897436,hoodro01-2019
labissk01,4.4,-0.4,201903090POR-POR,201903090POR-PHO,POR-2019,1,2019,-1.7600000000000002,37.32397435897436,labissk01-2019
greenja01,32.35,-2.3,201903120LAC-LAC,201903120LAC-POR,LAC-2019,0,2019,-74.405,5.732121212121212,greenja01-2019
beverpa01,31.966666666666665,-0.4,201903120LAC-LAC,201903120LAC-POR,LAC-2019,0,2019,-12.786666666666667,5.732121212121212,beverpa01-2019
gilgesh01,26.933333333333334,1.8,201903120LAC-LAC,201903120LAC-POR,LAC-2019,0,2019,48.480000000000004,5.732121212121212,gilgesh01-2019
willilo02,26.583333333333332,-1.1,201903120LAC-LAC,201903120LAC-POR,LAC-2019,0,2019,-29.241666666666667,5.732121212121212,willilo02-2019
shamela01,26.433333333333334,0.8,201903120LAC-LAC,201903120LAC-POR,LAC-2019,0,2019,21.14666666666667,5.732121212121212,shamela01-2019
harremo01,25.8,8.1,201903120LAC-LAC,201903120LAC-POR,LAC-2019,0,2019,208.98,5.732121212121212,harremo01-2019
zubaciv01,22.2,-3.1,201903120LAC-LAC,201903120LAC-POR,LAC-2019,0,2019,-68.82,5.732121212121212,zubaciv01-2019
chandwi01,19.25,1.1,201903120LAC-LAC,201903120LAC-POR,LAC-2019,0,2019,21.175,5.732121212121212,chandwi01-2019
templga01,14.866666666666667,-1.1,201903120LAC-LAC,201903120LAC-POR,LAC-2019,0,2019,-16.353333333333335,5.732121212121212,templga01-2019
wallaty01,11.083333333333334,-2.9,201903120LAC-LAC,201903120LAC-POR,LAC-2019,0,2019,-32.141666666666666,5.732121212121212,wallaty01-2019
thornsi01,2.4833333333333334,-1.2,201903120LAC-LAC,201903120LAC-POR,LAC-2019,0,2019,-2.98,5.732121212121212,thornsi01-2019
randlju01,42.1,8.6,201903150NOP-NOP,201903150NOP-POR,NOP-2019,0,2019,362.06,30.180925925925923,randlju01-2019
paytoel01,41.05,6.7,201903150NOP-NOP,201903150NOP-POR,NOP-2019,0,2019,275.03499999999997,30.180925925925923,paytoel01-2019
jacksfr01,36.483333333333334,-2.6,201903150NOP-NOP,201903150NOP-POR,NOP-2019,0,2019,-94.85666666666667,30.180925925925923,jacksfr01-2019
milleda01,31.066666666666666,-2.4,201903150NOP-NOP,201903150NOP-POR,NOP-2019,0,2019,-74.56,30.180925925925923,milleda01-2019
willike04,29.733333333333334,-3,201903150NOP-NOP,201903150NOP-POR,NOP-2019,0,2019,-89.2,30.180925925925923,willike04-2019
clarkia01,18.466666666666665,-4.3,201903150NOP-NOP,201903150NOP-POR,NOP-2019,0,2019,-79.40666666666665,30.180925925925923,clarkia01-2019
diallch01,15.016666666666667,-1.4,201903150NOP-NOP,201903150NOP-POR,NOP-2019,0,2019,-21.023333333333333,30.180925925925923,diallch01-2019
smithja02,14.05,-0.2,201903150NOP-NOP,201903150NOP-POR,NOP-2019,0,2019,-2.8100000000000005,30.180925925925923,smithja02-2019
okafoja01,12.033333333333333,-0.3,201903150NOP-NOP,201903150NOP-POR,NOP-2019,0,2019,-3.61,30.180925925925923,okafoja01-2019
aldrila01,36.03333333333333,-2.8,201903160SAS-SAS,201903160SAS-POR,SAS-2019,1,2019,-100.89333333333332,47.571851851851854,aldrila01-2019
derozde01,33.55,3.1,201903160SAS-SAS,201903160SAS-POR,SAS-2019,1,2019,104.005,47.571851851851854,derozde01-2019
belinma01,26.983333333333334,1.3,201903160SAS-SAS,201903160SAS-POR,SAS-2019,1,2019,35.07833333333333,47.571851851851854,belinma01-2019
whitede01,25.733333333333334,2.6,201903160SAS-SAS,201903160SAS-POR,SAS-2019,1,2019,66.90666666666667,47.571851851851854,whitede01-2019
forbebr01,25.1,3.1,201903160SAS-SAS,201903160SAS-POR,SAS-2019,1,2019,77.81,47.571851851851854,forbebr01-2019
millspa02,24.883333333333333,2.7,201903160SAS-SAS,201903160SAS-POR,SAS-2019,1,2019,67.185,47.571851851851854,millspa02-2019
poeltja01,24.516666666666666,3.3,201903160SAS-SAS,201903160SAS-POR,SAS-2019,1,2019,80.90499999999999,47.571851851851854,poeltja01-2019
gayru01,23.5,1.2,201903160SAS-SAS,201903160SAS-POR,SAS-2019,1,2019,28.2,47.571851851851854,gayru01-2019
bertada01,19.7,3.5,201903160SAS-SAS,201903160SAS-POR,SAS-2019,1,2019,68.95,47.571851851851854,bertada01-2019
lillada01,40.166666666666664,15.6,201903180POR-POR,201903180POR-IND,POR-2019,1,2019,626.5999999999999,83.02516666666666,lillada01-2019
nurkiju01,30.616666666666667,-2.9,201903180POR-POR,201903180POR-IND,POR-2019,1,2019,-88.78833333333333,83.02516666666666,nurkiju01-2019
harklma01,26.883333333333333,6.9,201903180POR-POR,201903180POR-IND,POR-2019,1,2019,185.495,83.02516666666666,harklma01-2019
aminual01,26.133333333333333,5.1,201903180POR-POR,201903180POR-IND,POR-2019,1,2019,133.28,83.02516666666666,aminual01-2019
curryse01,25.016666666666666,3.2,201903180POR-POR,201903180POR-IND,POR-2019,1,2019,80.05333333333334,83.02516666666666,curryse01-2019
hoodro01,24.366666666666667,2.9,201903180POR-POR,201903180POR-IND,POR-2019,1,2019,70.66333333333333,83.02516666666666,hoodro01-2019
colliza01,20.966666666666665,-0.6,201903180POR-POR,201903180POR-IND,POR-2019,1,2019,-12.579999999999998,83.02516666666666,colliza01-2019
kanteen01,16.383333333333333,-2.3,201903180POR-POR,201903180POR-IND,POR-2019,1,2019,-37.681666666666665,83.02516666666666,kanteen01-2019
turneev01,15.266666666666667,-3.3,201903180POR-POR,201903180POR-IND,POR-2019,1,2019,-50.38,83.02516666666666,turneev01-2019
laymaja01,14.15,-5.4,201903180POR-POR,201903180POR-IND,POR-2019,1,2019,-76.41000000000001,83.02516666666666,laymaja01-2019
lillada01,30.183333333333334,18.1,201903200POR-POR,201903200POR-DAL,POR-2019,1,2019,546.3183333333334,52.57166666666667,lillada01-2019
curryse01,28.066666666666666,2.5,201903200POR-POR,201903200POR-DAL,POR-2019,1,2019,70.16666666666667,52.57166666666667,curryse01-2019
harklma01,25.316666666666666,5.5,201903200POR-POR,201903200POR-DAL,POR-2019,1,2019,139.24166666666667,52.57166666666667,harklma01-2019
hoodro01,25.233333333333334,-0.4,201903200POR-POR,201903200POR-DAL,POR-2019,1,2019,-10.093333333333334,52.57166666666667,hoodro01-2019
laymaja01,24.716666666666665,0.1,201903200POR-POR,201903200POR-DAL,POR-2019,1,2019,2.4716666666666667,52.57166666666667,laymaja01-2019
nurkiju01,22.4,2.2,201903200POR-POR,201903200POR-DAL,POR-2019,1,2019,49.28,52.57166666666667,nurkiju01-2019
aminual01,21.666666666666668,-3.9,201903200POR-POR,201903200POR-DAL,POR-2019,1,2019,-84.5,52.57166666666667,aminual01-2019
kanteen01,20.333333333333332,1.7,201903200POR-POR,201903200POR-DAL,POR-2019,1,2019,34.56666666666666,52.57166666666667,kanteen01-2019
turneev01,18.616666666666667,-1.7,201903200POR-POR,201903200POR-DAL,POR-2019,1,2019,-31.648333333333333,52.57166666666667,turneev01-2019
colliza01,12.483333333333333,-5.3,201903200POR-POR,201903200POR-DAL,POR-2019,1,2019,-66.16166666666666,52.57166666666667,colliza01-2019
trentga02,6.733333333333333,-2.6,201903200POR-POR,201903200POR-DAL,POR-2019,1,2019,-17.506666666666668,52.57166666666667,trentga02-2019
simonan01,4.25,-0.3,201903200POR-POR,201903200POR-DAL,POR-2019,1,2019,-1.275,52.57166666666667,simonan01-2019
lillada01,37.083333333333336,10,201903230POR-POR,201903230POR-DET,POR-2019,1,2019,370.83333333333337,67.07133333333333,lillada01-2019
aminual01,36.9,5.1,201903230POR-POR,201903230POR-DET,POR-2019,1,2019,188.18999999999997,67.07133333333333,aminual01-2019
curryse01,31.883333333333333,2.9,201903230POR-POR,201903230POR-DET,POR-2019,1,2019,92.46166666666666,67.07133333333333,curryse01-2019
nurkiju01,31.4,-0.1,201903230POR-POR,201903230POR-DET,POR-2019,1,2019,-3.14,67.07133333333333,nurkiju01-2019
harklma01,28.116666666666667,3.8,201903230POR-POR,201903230POR-DET,POR-2019,1,2019,106.84333333333333,67.07133333333333,harklma01-2019
hoodro01,20.5,-3.3,201903230POR-POR,201903230POR-DET,POR-2019,1,2019,-67.64999999999999,67.07133333333333,hoodro01-2019
kanteen01,16.583333333333332,0.8,201903230POR-POR,201903230POR-DET,POR-2019,1,2019,13.266666666666666,67.07133333333333,kanteen01-2019
turneev01,13.3,-1.3,201903230POR-POR,201903230POR-DET,POR-2019,1,2019,-17.290000000000003,67.07133333333333,turneev01-2019
laymaja01,13.1,-3.6,201903230POR-POR,201903230POR-DET,POR-2019,1,2019,-47.16,67.07133333333333,laymaja01-2019
colliza01,11.083333333333334,3.1,201903230POR-POR,201903230POR-DET,POR-2019,1,2019,34.358333333333334,67.07133333333333,colliza01-2019
lillada01,47.666666666666664,3.9,201903250POR-POR,201903250POR-BRK,POR-2019,1,2019,185.89999999999998,45.65181818181818,lillada01-2019
hoodro01,42.85,-1.9,201903250POR-POR,201903250POR-BRK,POR-2019,1,2019,-81.41499999999999,45.65181818181818,hoodro01-2019
curryse01,40.21666666666667,1.1,201903250POR-POR,201903250POR-BRK,POR-2019,1,2019,44.23833333333334,45.65181818181818,curryse01-2019
harklma01,39.53333333333333,-0.3,201903250POR-POR,201903250POR-BRK,POR-2019,1,2019,-11.86,45.65181818181818,harklma01-2019
nurkiju01,33.85,9.9,201903250POR-POR,201903250POR-BRK,POR-2019,1,2019,335.115,45.65181818181818,nurkiju01-2019
aminual01,23.316666666666666,-2.9,201903250POR-POR,201903250POR-BRK,POR-2019,1,2019,-67.61833333333333,45.65181818181818,aminual01-2019
kanteen01,21.483333333333334,3.3,201903250POR-POR,201903250POR-BRK,POR-2019,1,2019,70.895,45.65181818181818,kanteen01-2019
colliza01,14.883333333333333,2.8,201903250POR-POR,201903250POR-BRK,POR-2019,1,2019,41.67333333333333,45.65181818181818,colliza01-2019
laymaja01,13.266666666666667,-1.8,201903250POR-POR,201903250POR-BRK,POR-2019,1,2019,-23.880000000000003,45.65181818181818,laymaja01-2019
turneev01,12.25,0.7,201903250POR-POR,201903250POR-BRK,POR-2019,1,2019,8.575,45.65181818181818,turneev01-2019
simonan01,0.6833333333333333,0.8,201903250POR-POR,201903250POR-BRK,POR-2019,1,2019,0.5466666666666667,45.65181818181818,simonan01-2019
seldewa01,33.86666666666667,-3.4,201903270CHI-CHI,201903270CHI-POR,CHI-2019,0,2019,-115.14666666666666,-30.17259259259259,seldewa01-2019
blakean01,32.4,-5.2,201903270CHI-CHI,201903270CHI-POR,CHI-2019,0,2019,-168.48,-30.17259259259259,blakean01-2019
harrish01,29.95,7.3,201903270CHI-CHI,201903270CHI-POR,CHI-2019,0,2019,218.635,-30.17259259259259,harrish01-2019
sampsbr01,29.6,-9.9,201903270CHI-CHI,201903270CHI-POR,CHI-2019,0,2019,-293.04,-30.17259259259259,sampsbr01-2019
feliccr01,29,4.7,201903270CHI-CHI,201903270CHI-POR,CHI-2019,0,2019,136.3,-30.17259259259259,feliccr01-2019
lopezro01,28.133333333333333,1.6,201903270CHI-CHI,201903270CHI-POR,CHI-2019,0,2019,45.013333333333335,-30.17259259259259,lopezro01-2019
luwawti01,21.466666666666665,-2,201903270CHI-CHI,201903270CHI-POR,CHI-2019,0,2019,-42.93333333333333,-30.17259259259259,luwawti01-2019
arcidry01,19.433333333333334,1.9,201903270CHI-CHI,201903270CHI-POR,CHI-2019,0,2019,36.92333333333333,-30.17259259259259,arcidry01-2019
alkinra01,16.15,-5.5,201903270CHI-CHI,201903270CHI-POR,CHI-2019,0,2019,-88.82499999999999,-30.17259259259259,alkinra01-2019
collijo01,34.85,1.6,201903290ATL-ATL,201903290ATL-POR,ATL-2019,0,2019,55.760000000000005,-4.382000000000001,collijo01-2019
youngtr01,31.65,4,201903290ATL-ATL,201903290ATL-POR,ATL-2019,0,2019,126.6,-4.382000000000001,youngtr01-2019
huertke01,31.066666666666666,-3.1,201903290ATL-ATL,201903290ATL-POR,ATL-2019,0,2019,-96.30666666666667,-4.382000000000001,huertke01-2019
dedmode01,26.783333333333335,-0.6,201903290ATL-ATL,201903290ATL-POR,ATL-2019,0,2019,-16.07,-4.382000000000001,dedmode01-2019
anderju01,24.283333333333335,1,201903290ATL-ATL,201903290ATL-POR,ATL-2019,0,2019,24.283333333333335,-4.382000000000001,anderju01-2019
bazemke01,21.383333333333333,-5.2,201903290ATL-ATL,201903290ATL-POR,ATL-2019,0,2019,-111.19333333333333,-4.382000000000001,bazemke01-2019
bembrde01,19.266666666666666,-4.4,201903290ATL-ATL,201903290ATL-POR,ATL-2019,0,2019,-84.77333333333334,-4.382000000000001,bembrde01-2019
davisde01,18.45,1.4,201903290ATL-ATL,201903290ATL-POR,ATL-2019,0,2019,25.83,-4.382000000000001,davisde01-2019
adamsja01,16.35,0.5,201903290ATL-ATL,201903290ATL-POR,ATL-2019,0,2019,8.175,-4.382000000000001,adamsja01-2019
cartevi01,15.916666666666666,1.5,201903290ATL-ATL,201903290ATL-POR,ATL-2019,0,2019,23.875,-4.382000000000001,cartevi01-2019
drumman01,37.93333333333333,13.3,201903300DET-DET,201903300DET-POR,DET-2019,1,2019,504.5133333333333,68.10966666666667,drumman01-2019
jacksre01,33.56666666666667,7.6,201903300DET-DET,201903300DET-POR,DET-2019,1,2019,255.10666666666668,68.10966666666667,jacksre01-2019
ellinwa01,28.716666666666665,-3.7,201903300DET-DET,201903300DET-POR,DET-2019,1,2019,-106.25166666666667,68.10966666666667,ellinwa01-2019
makerth01,28.183333333333334,1.2,201903300DET-DET,201903300DET-POR,DET-2019,1,2019,33.82,68.10966666666667,makerth01-2019
gallola01,25.533333333333335,1.6,201903300DET-DET,201903300DET-POR,DET-2019,1,2019,40.85333333333334,68.10966666666667,gallola01-2019
brownbr01,23.283333333333335,1.4,201903300DET-DET,201903300DET-POR,DET-2019,1,2019,32.596666666666664,68.10966666666667,brownbr01-2019
kennalu01,19.283333333333335,-1.7,201903300DET-DET,201903300DET-POR,DET-2019,1,2019,-32.781666666666666,68.10966666666667,kennalu01-2019
robingl02,19,1.8,201903300DET-DET,201903300DET-POR,DET-2019,1,2019,34.2,68.10966666666667,robingl02-2019
smithis01,14.433333333333334,-5.4,201903300DET-DET,201903300DET-POR,DET-2019,1,2019,-77.94000000000001,68.10966666666667,smithis01-2019
pachuza01,10.066666666666666,-0.3,201903300DET-DET,201903300DET-POR,DET-2019,1,2019,-3.02,68.10966666666667,pachuza01-2019
wiggian01,33.9,-2.3,201904010MIN-MIN,201904010MIN-POR,MIN-2019,0,2019,-77.96999999999998,-0.30516666666666314,wiggian01-2019
jonesty01,33.266666666666666,3.5,201904010MIN-MIN,201904010MIN-POR,MIN-2019,0,2019,116.43333333333334,-0.30516666666666314,jonesty01-2019
townska01,31.716666666666665,-3.9,201904010MIN-MIN,201904010MIN-POR,MIN-2019,0,2019,-123.695,-0.30516666666666314,townska01-2019
okogijo01,28.5,-0.6,201904010MIN-MIN,201904010MIN-POR,MIN-2019,0,2019,-17.099999999999998,-0.30516666666666314,okogijo01-2019
saricda01,28.166666666666668,1.2,201904010MIN-MIN,201904010MIN-POR,MIN-2019,0,2019,33.8,-0.30516666666666314,saricda01-2019
reynoca01,20.783333333333335,-0.7,201904010MIN-MIN,201904010MIN-POR,MIN-2019,0,2019,-14.548333333333334,-0.30516666666666314,reynoca01-2019
tollian01,19.6,-4.9,201904010MIN-MIN,201904010MIN-POR,MIN-2019,0,2019,-96.04000000000002,-0.30516666666666314,tollian01-2019
dienggo01,16.283333333333335,8.3,201904010MIN-MIN,201904010MIN-POR,MIN-2019,0,2019,135.1516666666667,-0.30516666666666314,dienggo01-2019
bayleje01,14.733333333333333,2.6,201904010MIN-MIN,201904010MIN-POR,MIN-2019,0,2019,38.306666666666665,-0.30516666666666314,bayleje01-2019
bateske01,13.05,0.2,201904010MIN-MIN,201904010MIN-POR,MIN-2019,0,2019,2.6100000000000003,-0.30516666666666314,bateske01-2019
hoodro01,30.066666666666666,-1.3,201904030POR-POR,201904030POR-MEM,POR-2019,1,2019,-39.086666666666666,58.26263888888889,hoodro01-2019
lillada01,29.25,5.3,201904030POR-POR,201904030POR-MEM,POR-2019,1,2019,155.025,58.26263888888889,lillada01-2019
harklma01,28.583333333333332,8.4,201904030POR-POR,201904030POR-MEM,POR-2019,1,2019,240.1,58.26263888888889,harklma01-2019
turneev01,28.416666666666668,10.2,201904030POR-POR,201904030POR-MEM,POR-2019,1,2019,289.84999999999997,58.26263888888889,turneev01-2019
kanteen01,25.633333333333333,5.1,201904030POR-POR,201904030POR-MEM,POR-2019,1,2019,130.73,58.26263888888889,kanteen01-2019
curryse01,24.483333333333334,-4.8,201904030POR-POR,201904030POR-MEM,POR-2019,1,2019,-117.52,58.26263888888889,curryse01-2019
colliza01,22.366666666666667,5.8,201904030POR-POR,201904030POR-MEM,POR-2019,1,2019,129.72666666666666,58.26263888888889,colliza01-2019
aminual01,18.083333333333332,-3.4,201904030POR-POR,201904030POR-MEM,POR-2019,1,2019,-61.48333333333333,58.26263888888889,aminual01-2019
laymaja01,15.3,0.1,201904030POR-POR,201904030POR-MEM,POR-2019,1,2019,1.5300000000000002,58.26263888888889,laymaja01-2019
trentga02,7.433333333333334,-3.1,201904030POR-POR,201904030POR-MEM,POR-2019,1,2019,-23.043333333333333,58.26263888888889,trentga02-2019
simonan01,5.433333333333334,-0.5,201904030POR-POR,201904030POR-MEM,POR-2019,1,2019,-2.716666666666667,58.26263888888889,simonan01-2019
labissk01,4.95,-0.8,201904030POR-POR,201904030POR-MEM,POR-2019,1,2019,-3.9600000000000004,58.26263888888889,labissk01-2019
jokicni01,36.75,11.3,201904050DEN-DEN,201904050DEN-POR,DEN-2019,1,2019,415.27500000000003,76.2112962962963,jokicni01-2019
murraja01,35.88333333333333,6.1,201904050DEN-DEN,201904050DEN-POR,DEN-2019,1,2019,218.88833333333332,76.2112962962963,murraja01-2019
millspa01,30.366666666666667,4.3,201904050DEN-DEN,201904050DEN-POR,DEN-2019,1,2019,130.57666666666665,76.2112962962963,millspa01-2019
plumlma01,28.333333333333332,-0.3,201904050DEN-DEN,201904050DEN-POR,DEN-2019,1,2019,-8.5,76.2112962962963,plumlma01-2019
harriga01,28.183333333333334,-7.1,201904050DEN-DEN,201904050DEN-POR,DEN-2019,1,2019,-200.10166666666666,76.2112962962963,harriga01-2019
craigto01,26.7,5.2,201904050DEN-DEN,201904050DEN-POR,DEN-2019,1,2019,138.84,76.2112962962963,craigto01-2019
bartowi01,22.883333333333333,-5.2,201904050DEN-DEN,201904050DEN-POR,DEN-2019,1,2019,-118.99333333333334,76.2112962962963,bartowi01-2019
beaslma01,17.216666666666665,4,201904050DEN-DEN,201904050DEN-POR,DEN-2019,1,2019,68.86666666666666,76.2112962962963,beaslma01-2019
morrimo01,13.683333333333334,3,201904050DEN-DEN,201904050DEN-POR,DEN-2019,1,2019,41.05,76.2112962962963,morrimo01-2019
lillada01,37.6,9.1,201904070POR-POR,201904070POR-DEN,POR-2019,1,2019,342.16,44.48666666666667,lillada01-2019
kanteen01,27.433333333333334,-4.1,201904070POR-POR,201904070POR-DEN,POR-2019,1,2019,-112.47666666666666,44.48666666666667,kanteen01-2019
aminual01,26.733333333333334,6.3,201904070POR-POR,201904070POR-DEN,POR-2019,1,2019,168.42,44.48666666666667,aminual01-2019
hoodro01,26.283333333333335,0,201904070POR-POR,201904070POR-DEN,POR-2019,1,2019,0,44.48666666666667,hoodro01-2019
mccolcj01,24.65,0.4,201904070POR-POR,201904070POR-DEN,POR-2019,1,2019,9.86,44.48666666666667,mccolcj01-2019
curryse01,23.65,-0.4,201904070POR-POR,201904070POR-DEN,POR-2019,1,2019,-9.459999999999999,44.48666666666667,curryse01-2019
harklma01,21.566666666666666,-1.6,201904070POR-POR,201904070POR-DEN,POR-2019,1,2019,-34.50666666666667,44.48666666666667,harklma01-2019
turneev01,21.25,5.4,201904070POR-POR,201904070POR-DEN,POR-2019,1,2019,114.75000000000001,44.48666666666667,turneev01-2019
colliza01,18.933333333333334,-1.1,201904070POR-POR,201904070POR-DEN,POR-2019,1,2019,-20.826666666666668,44.48666666666667,colliza01-2019
laymaja01,11.866666666666667,-1.1,201904070POR-POR,201904070POR-DEN,POR-2019,1,2019,-13.053333333333335,44.48666666666667,laymaja01-2019
jonesje01,46.483333333333334,3,201904090LAL-LAL,201904090LAL-POR,LAL-2019,0,2019,139.45,52.51895833333333,jonesje01-2019
caldwke01,43.95,4.7,201904090LAL-LAL,201904090LAL-POR,LAL-2019,0,2019,206.56500000000003,52.51895833333333,caldwke01-2019
carusal01,40.56666666666667,-2.7,201904090LAL-LAL,201904090LAL-POR,LAL-2019,0,2019,-109.53000000000002,52.51895833333333,carusal01-2019
muscami01,35.416666666666664,4.6,201904090LAL-LAL,201904090LAL-POR,LAL-2019,0,2019,162.91666666666666,52.51895833333333,muscami01-2019
willijo04,28.583333333333332,3.5,201904090LAL-LAL,201904090LAL-POR,LAL-2019,0,2019,100.04166666666666,52.51895833333333,willijo04-2019
mcgeeja01,19.416666666666668,-1.4,201904090LAL-LAL,201904090LAL-POR,LAL-2019,0,2019,-27.183333333333334,52.51895833333333,mcgeeja01-2019
wagnemo01,16.516666666666666,-3.1,201904090LAL-LAL,201904090LAL-POR,LAL-2019,0,2019,-51.20166666666667,52.51895833333333,wagnemo01-2019
bongais01,9.066666666666666,-0.1,201904090LAL-LAL,201904090LAL-POR,LAL-2019,0,2019,-0.9066666666666667,52.51895833333333,bongais01-2019
laymaja01,48,-7.1,201904100POR-POR,201904100POR-SAC,POR-2019,1,2019,-340.79999999999995,21.835833333333355,laymaja01-2019
simonan01,48,11.8,201904100POR-POR,201904100POR-SAC,POR-2019,1,2019,566.4000000000001,21.835833333333355,simonan01-2019
trentga02,48,-5.9,201904100POR-POR,201904100POR-SAC,POR-2019,1,2019,-283.20000000000005,21.835833333333355,trentga02-2019
leoname01,42.05,-1.9,201904100POR-POR,201904100POR-SAC,POR-2019,1,2019,-79.895,21.835833333333355,leoname01-2019
labissk01,40.583333333333336,5.2,201904100POR-POR,201904100POR-SAC,POR-2019,1,2019,211.03333333333336,21.835833333333355,labissk01-2019
colliza01,13.366666666666667,4.3,201904100POR-POR,201904100POR-SAC,POR-2019,1,2019,57.47666666666667,21.835833333333355,colliza01-2019
jamesle01,37.333333333333336,2.6,201810180POR-LAL,201810180POR-POR,LAL-2019,0,2019,97.06666666666668,26.30966666666667,jamesle01-2019
rondora01,31.75,0.3,201810180POR-LAL,201810180POR-POR,LAL-2019,0,2019,9.525,26.30966666666667,rondora01-2019
kuzmaky01,28.9,-3.4,201810180POR-LAL,201810180POR-POR,LAL-2019,0,2019,-98.25999999999999,26.30966666666667,kuzmaky01-2019
ingrabr01,27.583333333333332,1.2,201810180POR-LAL,201810180POR-POR,LAL-2019,0,2019,33.099999999999994,26.30966666666667,ingrabr01-2019
hartjo01,27.466666666666665,7.2,201810180POR-LAL,201810180POR-POR,LAL-2019,0,2019,197.76,26.30966666666667,hartjo01-2019
caldwke01,27.3,-1.5,201810180POR-LAL,201810180POR-POR,LAL-2019,0,2019,-40.95,26.30966666666667,caldwke01-2019
mcgeeja01,21.583333333333332,6.2,201810180POR-LAL,201810180POR-POR,LAL-2019,0,2019,133.81666666666666,26.30966666666667,mcgeeja01-2019
balllo01,19.466666666666665,-1.1,201810180POR-LAL,201810180POR-POR,LAL-2019,0,2019,-21.413333333333334,26.30966666666667,balllo01-2019
stephla01,16.316666666666666,-2.9,201810180POR-LAL,201810180POR-POR,LAL-2019,0,2019,-47.31833333333333,26.30966666666667,stephla01-2019
beaslmi01,2.3,-0.1,201810180POR-LAL,201810180POR-POR,LAL-2019,0,2019,-0.22999999999999998,26.30966666666667,beaslmi01-2019
aldrila01,36.733333333333334,1.7,201810200POR-SAS,201810200POR-POR,SAS-2019,0,2019,62.446666666666665,18.146923076923073,aldrila01-2019
derozde01,34.36666666666667,7.3,201810200POR-SAS,201810200POR-POR,SAS-2019,0,2019,250.87666666666667,18.146923076923073,derozde01-2019
forbebr01,27.183333333333334,4,201810200POR-SAS,201810200POR-POR,SAS-2019,0,2019,108.73333333333333,18.146923076923073,forbebr01-2019
gayru01,26.616666666666667,-5.4,201810200POR-SAS,201810200POR-POR,SAS-2019,0,2019,-143.73000000000002,18.146923076923073,gayru01-2019
millspa02,22.15,-2.2,201810200POR-SAS,201810200POR-POR,SAS-2019,0,2019,-48.730000000000004,18.146923076923073,millspa02-2019
bertada01,19.7,3.8,201810200POR-SAS,201810200POR-POR,SAS-2019,0,2019,74.86,18.146923076923073,bertada01-2019
gasolpa01,17.133333333333333,4,201810200POR-SAS,201810200POR-POR,SAS-2019,0,2019,68.53333333333333,18.146923076923073,gasolpa01-2019
belinma01,16.516666666666666,-6,201810200POR-SAS,201810200POR-POR,SAS-2019,0,2019,-99.1,18.146923076923073,belinma01-2019
cunnida01,16.1,-2,201810200POR-SAS,201810200POR-POR,SAS-2019,0,2019,-32.2,18.146923076923073,cunnida01-2019
poeltja01,13.1,-0.6,201810200POR-SAS,201810200POR-POR,SAS-2019,0,2019,-7.859999999999999,18.146923076923073,poeltja01-2019
eubandr01,3.466666666666667,-0.4,201810200POR-SAS,201810200POR-POR,SAS-2019,0,2019,-1.3866666666666667,18.146923076923073,eubandr01-2019
metuch01,3.466666666666667,1,201810200POR-SAS,201810200POR-POR,SAS-2019,0,2019,3.466666666666667,18.146923076923073,metuch01-2019
pondequ01,3.466666666666667,0,201810200POR-SAS,201810200POR-POR,SAS-2019,0,2019,0,18.146923076923073,pondequ01-2019
porteot01,43.516666666666666,-1.9,201810220POR-WAS,201810220POR-POR,WAS-2019,1,2019,-82.68166666666666,42.35933333333334,porteot01-2019
bealbr01,43.083333333333336,5.1,201810220POR-WAS,201810220POR-POR,WAS-2019,1,2019,219.725,42.35933333333334,bealbr01-2019
walljo01,41.266666666666666,-3.7,201810220POR-WAS,201810220POR-POR,WAS-2019,1,2019,-152.68666666666667,42.35933333333334,walljo01-2019
oubreke01,39.38333333333333,5.9,201810220POR-WAS,201810220POR-POR,WAS-2019,1,2019,232.36166666666668,42.35933333333334,oubreke01-2019
morrima02,25.1,11.1,201810220POR-WAS,201810220POR-POR,WAS-2019,1,2019,278.61,42.35933333333334,morrima02-2019
greenje02,24.2,-1.3,201810220POR-WAS,201810220POR-POR,WAS-2019,1,2019,-31.46,42.35933333333334,greenje02-2019
riverau01,21.883333333333333,-0.3,201810220POR-WAS,201810220POR-POR,WAS-2019,1,2019,-6.5649999999999995,42.35933333333334,riverau01-2019
smithja02,11.7,-0.1,201810220POR-WAS,201810220POR-POR,WAS-2019,1,2019,-1.17,42.35933333333334,smithja02-2019
satorto01,10.866666666666667,-2.7,201810220POR-WAS,201810220POR-POR,WAS-2019,1,2019,-29.340000000000003,42.35933333333334,satorto01-2019
mahinia01,4,-0.8,201810220POR-WAS,201810220POR-POR,WAS-2019,1,2019,-3.2,42.35933333333334,mahinia01-2019
lillada01,36.15,14.3,201810250ORL-POR,201810250ORL-ORL,POR-2019,1,2019,516.945,60.7119696969697,lillada01-2019
aminual01,30.3,-4.8,201810250ORL-POR,201810250ORL-ORL,POR-2019,1,2019,-145.44,60.7119696969697,aminual01-2019
nurkiju01,29.716666666666665,-1,201810250ORL-POR,201810250ORL-ORL,POR-2019,1,2019,-29.716666666666665,60.7119696969697,nurkiju01-2019
mccolcj01,29.016666666666666,4.3,201810250ORL-POR,201810250ORL-ORL,POR-2019,1,2019,124.77166666666666,60.7119696969697,mccolcj01-2019
turneev01,27.983333333333334,4,201810250ORL-POR,201810250ORL-ORL,POR-2019,1,2019,111.93333333333334,60.7119696969697,turneev01-2019
curryse01,21.95,1.6,201810250ORL-POR,201810250ORL-ORL,POR-2019,1,2019,35.12,60.7119696969697,curryse01-2019
harklma01,20.083333333333332,-2.7,201810250ORL-POR,201810250ORL-ORL,POR-2019,1,2019,-54.225,60.7119696969697,harklma01-2019
colliza01,17.666666666666668,10.8,201810250ORL-POR,201810250ORL-ORL,POR-2019,1,2019,190.8,60.7119696969697,colliza01-2019
stausni01,17.183333333333334,-4.9,201810250ORL-POR,201810250ORL-ORL,POR-2019,1,2019,-84.19833333333334,60.7119696969697,stausni01-2019
laymaja01,5.666666666666667,1.6,201810250ORL-POR,201810250ORL-ORL,POR-2019,1,2019,9.066666666666668,60.7119696969697,laymaja01-2019
leoname01,4.25,-1.7,201810250ORL-POR,201810250ORL-ORL,POR-2019,1,2019,-7.225,60.7119696969697,leoname01-2019
lillada01,36.86666666666667,13.5,201810270MIA-POR,201810270MIA-MIA,POR-2019,0,2019,497.7,27.596363636363634,lillada01-2019
mccolcj01,35.71666666666667,-1.8,201810270MIA-POR,201810270MIA-MIA,POR-2019,0,2019,-64.29,27.596363636363634,mccolcj01-2019
turneev01,25.2,-1,201810270MIA-POR,201810270MIA-MIA,POR-2019,0,2019,-25.2,27.596363636363634,turneev01-2019
nurkiju01,24.116666666666667,-5.9,201810270MIA-POR,201810270MIA-MIA,POR-2019,0,2019,-142.28833333333336,27.596363636363634,nurkiju01-2019
colliza01,23.8,3.6,201810270MIA-POR,201810270MIA-MIA,POR-2019,0,2019,85.68,27.596363636363634,colliza01-2019
aminual01,20.9,-0.7,201810270MIA-POR,201810270MIA-MIA,POR-2019,0,2019,-14.629999999999997,27.596363636363634,aminual01-2019
curryse01,19.4,-3,201810270MIA-POR,201810270MIA-MIA,POR-2019,0,2019,-58.199999999999996,27.596363636363634,curryse01-2019
leoname01,17.4,-1.2,201810270MIA-POR,201810270MIA-MIA,POR-2019,0,2019,-20.88,27.596363636363634,leoname01-2019
stausni01,13.366666666666667,-1.7,201810270MIA-POR,201810270MIA-MIA,POR-2019,0,2019,-22.723333333333333,27.596363636363634,stausni01-2019
laymaja01,12.75,2.5,201810270MIA-POR,201810270MIA-MIA,POR-2019,0,2019,31.875,27.596363636363634,laymaja01-2019
harklma01,10.433333333333334,3.5,201810270MIA-POR,201810270MIA-MIA,POR-2019,0,2019,36.516666666666666,27.596363636363634,harklma01-2019
lillada01,32.81666666666667,-1.1,201810290IND-POR,201810290IND-IND,POR-2019,1,2019,-36.09833333333334,55.085303030303024,lillada01-2019
mccolcj01,32.5,3.1,201810290IND-POR,201810290IND-IND,POR-2019,1,2019,100.75,55.085303030303024,mccolcj01-2019
aminual01,28.716666666666665,1.6,201810290IND-POR,201810290IND-IND,POR-2019,1,2019,45.946666666666665,55.085303030303024,aminual01-2019
colliza01,26.933333333333334,8.2,201810290IND-POR,201810290IND-IND,POR-2019,1,2019,220.85333333333332,55.085303030303024,colliza01-2019
turneev01,25.733333333333334,5.5,201810290IND-POR,201810290IND-IND,POR-2019,1,2019,141.53333333333333,55.085303030303024,turneev01-2019
stausni01,24.15,5.1,201810290IND-POR,201810290IND-IND,POR-2019,1,2019,123.16499999999998,55.085303030303024,stausni01-2019
swanica01,18.6,2.4,201810290IND-POR,201810290IND-IND,POR-2019,1,2019,44.64,55.085303030303024,swanica01-2019
nurkiju01,17.8,-0.7,201810290IND-POR,201810290IND-IND,POR-2019,1,2019,-12.459999999999999,55.085303030303024,nurkiju01-2019
curryse01,17.35,0.1,201810290IND-POR,201810290IND-IND,POR-2019,1,2019,1.7350000000000003,55.085303030303024,curryse01-2019
laymaja01,12.133333333333333,-1.1,201810290IND-POR,201810290IND-IND,POR-2019,1,2019,-13.346666666666668,55.085303030303024,laymaja01-2019
leoname01,3.2666666666666666,-3.3,201810290IND-POR,201810290IND-IND,POR-2019,1,2019,-10.78,55.085303030303024,leoname01-2019
aminual01,27.6,0.2,201810300HOU-POR,201810300HOU-HOU,POR-2019,1,2019,5.5200000000000005,49.440909090909095,aminual01-2019
lillada01,27.6,11,201810300HOU-POR,201810300HOU-HOU,POR-2019,1,2019,303.6,49.440909090909095,lillada01-2019
mccolcj01,27.6,7.4,201810300HOU-POR,201810300HOU-HOU,POR-2019,1,2019,204.24,49.440909090909095,mccolcj01-2019
turneev01,25.883333333333333,-2.7,201810300HOU-POR,201810300HOU-HOU,POR-2019,1,2019,-69.885,49.440909090909095,turneev01-2019
nurkiju01,24.116666666666667,8.9,201810300HOU-POR,201810300HOU-HOU,POR-2019,1,2019,214.63833333333335,49.440909090909095,nurkiju01-2019
colliza01,23.883333333333333,1.1,201810300HOU-POR,201810300HOU-HOU,POR-2019,1,2019,26.27166666666667,49.440909090909095,colliza01-2019
stausni01,23.7,-0.9,201810300HOU-POR,201810300HOU-HOU,POR-2019,1,2019,-21.33,49.440909090909095,stausni01-2019
curryse01,23.316666666666666,-3,201810300HOU-POR,201810300HOU-HOU,POR-2019,1,2019,-69.95,49.440909090909095,curryse01-2019
swanica01,20.4,-4.1,201810300HOU-POR,201810300HOU-HOU,POR-2019,1,2019,-83.63999999999999,49.440909090909095,swanica01-2019
laymaja01,14.95,2.3,201810300HOU-POR,201810300HOU-HOU,POR-2019,1,2019,34.385,49.440909090909095,laymaja01-2019
simonan01,0.95,0,201810300HOU-POR,201810300HOU-HOU,POR-2019,1,2019,0,49.440909090909095,simonan01-2019
mirotni01,35.78333333333333,0,201811010POR-NOP,201811010POR-POR,NOP-2019,0,2019,0,11.651060606060605,mirotni01-2019
holidjr01,35.31666666666667,2.8,201811010POR-NOP,201811010POR-POR,NOP-2019,0,2019,98.88666666666667,11.651060606060605,holidjr01-2019
mooreet01,30.683333333333334,2.3,201811010POR-NOP,201811010POR-POR,NOP-2019,0,2019,70.57166666666666,11.651060606060605,mooreet01-2019
fraziti01,30.183333333333334,-3.6,201811010POR-NOP,201811010POR-POR,NOP-2019,0,2019,-108.66,11.651060606060605,fraziti01-2019
randlju01,25.95,5.6,201811010POR-NOP,201811010POR-POR,NOP-2019,0,2019,145.32,11.651060606060605,randlju01-2019
clarkia01,23.35,1.5,201811010POR-NOP,201811010POR-POR,NOP-2019,0,2019,35.025000000000006,11.651060606060605,clarkia01-2019
diallch01,19.9,-0.8,201811010POR-NOP,201811010POR-POR,NOP-2019,0,2019,-15.92,11.651060606060605,diallch01-2019
okafoja01,14.066666666666666,-2.8,201811010POR-NOP,201811010POR-POR,NOP-2019,0,2019,-39.38666666666666,11.651060606060605,okafoja01-2019
jacksfr01,11.85,-3.7,201811010POR-NOP,201811010POR-POR,NOP-2019,0,2019,-43.845,11.651060606060605,jacksfr01-2019
hillso01,9.55,-2.4,201811010POR-NOP,201811010POR-POR,NOP-2019,0,2019,-22.92,11.651060606060605,hillso01-2019
willike04,3.3666666666666667,2.7,201811010POR-NOP,201811010POR-POR,NOP-2019,0,2019,9.09,11.651060606060605,willike04-2019
ingrabr01,33.05,-6.8,201811030POR-LAL,201811030POR-POR,LAL-2019,1,2019,-224.73999999999998,40.08083333333333,ingrabr01-2019
jamesle01,31.35,6.3,201811030POR-LAL,201811030POR-POR,LAL-2019,1,2019,197.505,40.08083333333333,jamesle01-2019
kuzmaky01,28.583333333333332,-1.2,201811030POR-LAL,201811030POR-POR,LAL-2019,1,2019,-34.3,40.08083333333333,kuzmaky01-2019
mcgeeja01,27.066666666666666,5.1,201811030POR-LAL,201811030POR-POR,LAL-2019,1,2019,138.04,40.08083333333333,mcgeeja01-2019
rondora01,25.833333333333332,7.1,201811030POR-LAL,201811030POR-POR,LAL-2019,1,2019,183.41666666666666,40.08083333333333,rondora01-2019
hartjo01,25.3,7.5,201811030POR-LAL,201811030POR-POR,LAL-2019,1,2019,189.75,40.08083333333333,hartjo01-2019
zubaciv01,19.666666666666668,0.8,201811030POR-LAL,201811030POR-POR,LAL-2019,1,2019,15.733333333333334,40.08083333333333,zubaciv01-2019
balllo01,18.833333333333332,-3,201811030POR-LAL,201811030POR-POR,LAL-2019,1,2019,-56.5,40.08083333333333,balllo01-2019
stephla01,15.233333333333333,-3.7,201811030POR-LAL,201811030POR-POR,LAL-2019,1,2019,-56.36333333333333,40.08083333333333,stephla01-2019
caldwke01,15.083333333333334,3.2,201811030POR-LAL,201811030POR-POR,LAL-2019,1,2019,48.26666666666667,40.08083333333333,caldwke01-2019
wiggian01,30.933333333333334,2.8,201811040POR-MIN,201811040POR-POR,MIN-2019,0,2019,86.61333333333333,-16.970694444444447,wiggian01-2019
okogijo01,29.533333333333335,-4.6,201811040POR-MIN,201811040POR-POR,MIN-2019,0,2019,-135.85333333333332,-16.970694444444447,okogijo01-2019
jonesty01,26.733333333333334,-5.4,201811040POR-MIN,201811040POR-POR,MIN-2019,0,2019,-144.36,-16.970694444444447,jonesty01-2019
townska01,25.383333333333333,9.6,201811040POR-MIN,201811040POR-POR,MIN-2019,0,2019,243.67999999999998,-16.970694444444447,townska01-2019
willicj01,23.533333333333335,-4.3,201811040POR-MIN,201811040POR-POR,MIN-2019,0,2019,-101.19333333333334,-16.970694444444447,willicj01-2019
gibsota01,22.75,0.6,201811040POR-MIN,201811040POR-POR,MIN-2019,0,2019,13.65,-16.970694444444447,gibsota01-2019
terreja01,21.266666666666666,-3.4,201811040POR-MIN,201811040POR-POR,MIN-2019,0,2019,-72.30666666666666,-16.970694444444447,terreja01-2019
tollian01,19.05,-1.8,201811040POR-MIN,201811040POR-POR,MIN-2019,0,2019,-34.29,-16.970694444444447,tollian01-2019
dienggo01,15.616666666666667,-1.7,201811040POR-MIN,201811040POR-POR,MIN-2019,0,2019,-26.548333333333332,-16.970694444444447,dienggo01-2019
bateske01,12,-1.8,201811040POR-MIN,201811040POR-POR,MIN-2019,0,2019,-21.6,-16.970694444444447,bateske01-2019
denglu01,7,-1.9,201811040POR-MIN,201811040POR-POR,MIN-2019,0,2019,-13.299999999999999,-16.970694444444447,denglu01-2019
nunnaja01,6.2,0.3,201811040POR-MIN,201811040POR-POR,MIN-2019,0,2019,1.8599999999999999,-16.970694444444447,nunnaja01-2019
antetgi01,37.06666666666667,2.2,201811060POR-MIL,201811060POR-POR,MIL-2019,0,2019,81.54666666666668,22.598833333333342,antetgi01-2019
middlkh01,35.5,4.9,201811060POR-MIL,201811060POR-POR,MIL-2019,0,2019,173.95000000000002,22.598833333333342,middlkh01-2019
bledser01,30.333333333333332,-5.3,201811060POR-MIL,201811060POR-POR,MIL-2019,0,2019,-160.76666666666665,22.598833333333342,bledser01-2019
lopezbr01,29.8,8.4,201811060POR-MIL,201811060POR-POR,MIL-2019,0,2019,250.32000000000002,22.598833333333342,lopezbr01-2019
brogdma01,26.55,-4.3,201811060POR-MIL,201811060POR-POR,MIL-2019,0,2019,-114.16499999999999,22.598833333333342,brogdma01-2019
ilyaser01,24.133333333333333,-2,201811060POR-MIL,201811060POR-POR,MIL-2019,0,2019,-48.266666666666666,22.598833333333342,ilyaser01-2019
divindo01,23.45,-2.4,201811060POR-MIL,201811060POR-POR,MIL-2019,0,2019,-56.279999999999994,22.598833333333342,divindo01-2019
snellto01,16.733333333333334,4.9,201811060POR-MIL,201811060POR-POR,MIL-2019,0,2019,81.99333333333334,22.598833333333342,snellto01-2019
hensojo01,10.316666666666666,1,201811060POR-MIL,201811060POR-POR,MIL-2019,0,2019,10.316666666666666,22.598833333333342,hensojo01-2019
connapa01,6.116666666666666,1.2,201811060POR-MIL,201811060POR-POR,MIL-2019,0,2019,7.339999999999999,22.598833333333342,connapa01-2019
harrito02,36.766666666666666,-1.2,201811080POR-LAC,201811080POR-POR,LAC-2019,0,2019,-44.12,31.515166666666666,harrito02-2019
willilo02,35.516666666666666,-1.6,201811080POR-LAC,201811080POR-POR,LAC-2019,0,2019,-56.82666666666667,31.515166666666666,willilo02-2019
gilgesh01,35.35,2.7,201811080POR-LAC,201811080POR-POR,LAC-2019,0,2019,95.44500000000001,31.515166666666666,gilgesh01-2019
beverpa01,35.28333333333333,1.3,201811080POR-LAC,201811080POR-POR,LAC-2019,0,2019,45.86833333333333,31.515166666666666,beverpa01-2019
gallida01,30.083333333333332,3.4,201811080POR-LAC,201811080POR-POR,LAC-2019,0,2019,102.28333333333333,31.515166666666666,gallida01-2019
harremo01,25.033333333333335,10,201811080POR-LAC,201811080POR-POR,LAC-2019,0,2019,250.33333333333334,31.515166666666666,harremo01-2019
scottmi01,19.1,-3.9,201811080POR-LAC,201811080POR-POR,LAC-2019,0,2019,-74.49000000000001,31.515166666666666,scottmi01-2019
marjabo01,12.25,0.5,201811080POR-LAC,201811080POR-POR,LAC-2019,0,2019,6.125,31.515166666666666,marjabo01-2019
robinje01,6.583333333333333,0.4,201811080POR-LAC,201811080POR-POR,LAC-2019,0,2019,2.6333333333333333,31.515166666666666,robinje01-2019
teodomi01,4.033333333333333,-3,201811080POR-LAC,201811080POR-POR,LAC-2019,0,2019,-12.1,31.515166666666666,teodomi01-2019
tatumja01,34.75,9.7,201811110POR-BOS,201811110POR-POR,BOS-2019,0,2019,337.075,52.52133333333333,tatumja01-2019
horfoal01,34.43333333333333,1,201811110POR-BOS,201811110POR-POR,BOS-2019,0,2019,34.43333333333333,52.52133333333333,horfoal01-2019
irvinky01,32.38333333333333,7,201811110POR-BOS,201811110POR-POR,BOS-2019,0,2019,226.68333333333334,52.52133333333333,irvinky01-2019
haywago01,31.066666666666666,2.4,201811110POR-BOS,201811110POR-POR,BOS-2019,0,2019,74.56,52.52133333333333,haywago01-2019
brownja02,28.616666666666667,-4.6,201811110POR-BOS,201811110POR-POR,BOS-2019,0,2019,-131.63666666666666,52.52133333333333,brownja02-2019
morrima03,24.733333333333334,1.5,201811110POR-BOS,201811110POR-POR,BOS-2019,0,2019,37.1,52.52133333333333,morrima03-2019
smartma01,21.766666666666666,-1.1,201811110POR-BOS,201811110POR-POR,BOS-2019,0,2019,-23.943333333333335,52.52133333333333,smartma01-2019
roziete01,18.683333333333334,-0.9,201811110POR-BOS,201811110POR-POR,BOS-2019,0,2019,-16.815,52.52133333333333,roziete01-2019
baynear01,8.833333333333334,-0.1,201811110POR-BOS,201811110POR-POR,BOS-2019,0,2019,-0.8833333333333334,52.52133333333333,baynear01-2019
theisda01,4.733333333333333,-2.4,201811110POR-BOS,201811110POR-POR,BOS-2019,0,2019,-11.36,52.52133333333333,theisda01-2019
lillada01,37.516666666666666,6.3,201811140LAL-POR,201811140LAL-LAL,POR-2019,0,2019,236.355,44.81983333333333,lillada01-2019
mccolcj01,35.38333333333333,0.8,201811140LAL-POR,201811140LAL-LAL,POR-2019,0,2019,28.30666666666667,44.81983333333333,mccolcj01-2019
nurkiju01,35.03333333333333,5.3,201811140LAL-POR,201811140LAL-LAL,POR-2019,0,2019,185.67666666666665,44.81983333333333,nurkiju01-2019
aminual01,34.43333333333333,3,201811140LAL-POR,201811140LAL-LAL,POR-2019,0,2019,103.29999999999998,44.81983333333333,aminual01-2019
turneev01,27.466666666666665,-1,201811140LAL-POR,201811140LAL-LAL,POR-2019,0,2019,-27.466666666666665,44.81983333333333,turneev01-2019
laymaja01,23.633333333333333,0.6,201811140LAL-POR,201811140LAL-LAL,POR-2019,0,2019,14.18,44.81983333333333,laymaja01-2019
colliza01,15.966666666666667,-3.9,201811140LAL-POR,201811140LAL-LAL,POR-2019,0,2019,-62.269999999999996,44.81983333333333,colliza01-2019
stausni01,14.466666666666667,-2.3,201811140LAL-POR,201811140LAL-LAL,POR-2019,0,2019,-33.27333333333333,44.81983333333333,stausni01-2019
leoname01,8.3,2.1,201811140LAL-POR,201811140LAL-LAL,POR-2019,0,2019,17.430000000000003,44.81983333333333,leoname01-2019
curryse01,7.8,-1.8,201811140LAL-POR,201811140LAL-LAL,POR-2019,0,2019,-14.04,44.81983333333333,curryse01-2019
lillada01,36.583333333333336,-4.4,201811160MIN-POR,201811160MIN-MIN,POR-2019,0,2019,-160.9666666666667,-8.704358974358978,lillada01-2019
mccolcj01,30.666666666666668,0.6,201811160MIN-POR,201811160MIN-MIN,POR-2019,0,2019,18.4,-8.704358974358978,mccolcj01-2019
aminual01,29.95,0.1,201811160MIN-POR,201811160MIN-MIN,POR-2019,0,2019,2.995,-8.704358974358978,aminual01-2019
colliza01,23.516666666666666,-0.9,201811160MIN-POR,201811160MIN-MIN,POR-2019,0,2019,-21.165,-8.704358974358978,colliza01-2019
nurkiju01,23.133333333333333,0.4,201811160MIN-POR,201811160MIN-MIN,POR-2019,0,2019,9.253333333333334,-8.704358974358978,nurkiju01-2019
turneev01,21.116666666666667,-1.8,201811160MIN-POR,201811160MIN-MIN,POR-2019,0,2019,-38.010000000000005,-8.704358974358978,turneev01-2019
stausni01,15.383333333333333,0.6,201811160MIN-POR,201811160MIN-MIN,POR-2019,0,2019,9.229999999999999,-8.704358974358978,stausni01-2019
laymaja01,15.366666666666667,-2.2,201811160MIN-POR,201811160MIN-MIN,POR-2019,0,2019,-33.80666666666667,-8.704358974358978,laymaja01-2019
leoname01,13.666666666666666,4.6,201811160MIN-POR,201811160MIN-MIN,POR-2019,0,2019,62.86666666666666,-8.704358974358978,leoname01-2019
simonan01,13.416666666666666,0.4,201811160MIN-POR,201811160MIN-MIN,POR-2019,0,2019,5.366666666666667,-8.704358974358978,simonan01-2019
baldwwa01,5.733333333333333,1,201811160MIN-POR,201811160MIN-MIN,POR-2019,0,2019,5.733333333333333,-8.704358974358978,baldwwa01-2019
swanica01,5.733333333333333,1,201811160MIN-POR,201811160MIN-MIN,POR-2019,0,2019,5.733333333333333,-8.704358974358978,swanica01-2019
trentga02,5.733333333333333,3.7,201811160MIN-POR,201811160MIN-MIN,POR-2019,0,2019,21.213333333333335,-8.704358974358978,trentga02-2019
mccolcj01,39.166666666666664,4.1,201811180WAS-POR,201811180WAS-WAS,POR-2019,1,2019,160.58333333333331,56.021212121212116,mccolcj01-2019
lillada01,38.05,7.6,201811180WAS-POR,201811180WAS-WAS,POR-2019,1,2019,289.17999999999995,56.021212121212116,lillada01-2019
aminual01,36.333333333333336,-0.6,201811180WAS-POR,201811180WAS-WAS,POR-2019,1,2019,-21.8,56.021212121212116,aminual01-2019
turneev01,31.466666666666665,-2.3,201811180WAS-POR,201811180WAS-WAS,POR-2019,1,2019,-72.37333333333332,56.021212121212116,turneev01-2019
nurkiju01,31.133333333333333,7.4,201811180WAS-POR,201811180WAS-WAS,POR-2019,1,2019,230.38666666666668,56.021212121212116,nurkiju01-2019
laymaja01,26.166666666666668,2.2,201811180WAS-POR,201811180WAS-WAS,POR-2019,1,2019,57.56666666666668,56.021212121212116,laymaja01-2019
stausni01,13.35,-1,201811180WAS-POR,201811180WAS-WAS,POR-2019,1,2019,-13.35,56.021212121212116,stausni01-2019
colliza01,12.95,-0.5,201811180WAS-POR,201811180WAS-WAS,POR-2019,1,2019,-6.475,56.021212121212116,colliza01-2019
simonan01,5.433333333333334,-2.8,201811180WAS-POR,201811180WAS-WAS,POR-2019,1,2019,-15.213333333333333,56.021212121212116,simonan01-2019
leoname01,3.9166666666666665,2.7,201811180WAS-POR,201811180WAS-WAS,POR-2019,1,2019,10.575000000000001,56.021212121212116,leoname01-2019
baldwwa01,2.033333333333333,-1.4,201811180WAS-POR,201811180WAS-WAS,POR-2019,1,2019,-2.8466666666666662,56.021212121212116,baldwwa01-2019
mccolcj01,38.46666666666667,5.2,201811200NYK-POR,201811200NYK-NYK,POR-2019,1,2019,200.02666666666667,35.97666666666667,mccolcj01-2019
lillada01,36.2,3.7,201811200NYK-POR,201811200NYK-NYK,POR-2019,1,2019,133.94000000000003,35.97666666666667,lillada01-2019
turneev01,33.78333333333333,-3.4,201811200NYK-POR,201811200NYK-NYK,POR-2019,1,2019,-114.86333333333333,35.97666666666667,turneev01-2019
nurkiju01,30.566666666666666,1.4,201811200NYK-POR,201811200NYK-NYK,POR-2019,1,2019,42.79333333333333,35.97666666666667,nurkiju01-2019
aminual01,28.8,-0.8,201811200NYK-POR,201811200NYK-NYK,POR-2019,1,2019,-23.040000000000003,35.97666666666667,aminual01-2019
stausni01,17.683333333333334,4,201811200NYK-POR,201811200NYK-NYK,POR-2019,1,2019,70.73333333333333,35.97666666666667,stausni01-2019
leoname01,17.433333333333334,7.1,201811200NYK-POR,201811200NYK-NYK,POR-2019,1,2019,123.77666666666666,35.97666666666667,leoname01-2019
laymaja01,17.2,0.4,201811200NYK-POR,201811200NYK-NYK,POR-2019,1,2019,6.88,35.97666666666667,laymaja01-2019
colliza01,13.166666666666666,-5.4,201811200NYK-POR,201811200NYK-NYK,POR-2019,1,2019,-71.10000000000001,35.97666666666667,colliza01-2019
baldwwa01,6.7,-1.4,201811200NYK-POR,201811200NYK-NYK,POR-2019,1,2019,-9.379999999999999,35.97666666666667,baldwwa01-2019
mccolcj01,32.88333333333333,2.8,201811210MIL-POR,201811210MIL-MIL,POR-2019,0,2019,92.07333333333332,-4.450641025641026,mccolcj01-2019
lillada01,30.783333333333335,3.6,201811210MIL-POR,201811210MIL-MIL,POR-2019,0,2019,110.82000000000001,-4.450641025641026,lillada01-2019
aminual01,25.75,-7.2,201811210MIL-POR,201811210MIL-MIL,POR-2019,0,2019,-185.4,-4.450641025641026,aminual01-2019
nurkiju01,21.75,1.6,201811210MIL-POR,201811210MIL-MIL,POR-2019,0,2019,34.800000000000004,-4.450641025641026,nurkiju01-2019
turneev01,21.733333333333334,-1.4,201811210MIL-POR,201811210MIL-MIL,POR-2019,0,2019,-30.426666666666666,-4.450641025641026,turneev01-2019
colliza01,18.266666666666666,3.9,201811210MIL-POR,201811210MIL-MIL,POR-2019,0,2019,71.24,-4.450641025641026,colliza01-2019
stausni01,16.383333333333333,-3.2,201811210MIL-POR,201811210MIL-MIL,POR-2019,0,2019,-52.42666666666667,-4.450641025641026,stausni01-2019
leoname01,15.55,1.4,201811210MIL-POR,201811210MIL-MIL,POR-2019,0,2019,21.77,-4.450641025641026,leoname01-2019
harklma01,13.183333333333334,-0.9,201811210MIL-POR,201811210MIL-MIL,POR-2019,0,2019,-11.865,-4.450641025641026,harklma01-2019
baldwwa01,12,-0.5,201811210MIL-POR,201811210MIL-MIL,POR-2019,0,2019,-6,-4.450641025641026,baldwwa01-2019
simonan01,12,-4.8,201811210MIL-POR,201811210MIL-MIL,POR-2019,0,2019,-57.599999999999994,-4.450641025641026,simonan01-2019
swanica01,10.7,-2,201811210MIL-POR,201811210MIL-MIL,POR-2019,0,2019,-21.4,-4.450641025641026,swanica01-2019
laymaja01,9.016666666666667,-2.6,201811210MIL-POR,201811210MIL-MIL,POR-2019,0,2019,-23.443333333333335,-4.450641025641026,laymaja01-2019
mccolcj01,36.25,0.3,201811230GSW-POR,201811230GSW-GSW,POR-2019,0,2019,10.875,10.979358974358975,mccolcj01-2019
lillada01,34.75,5.7,201811230GSW-POR,201811230GSW-GSW,POR-2019,0,2019,198.07500000000002,10.979358974358975,lillada01-2019
turneev01,27.866666666666667,-1.7,201811230GSW-POR,201811230GSW-GSW,POR-2019,0,2019,-47.373333333333335,10.979358974358975,turneev01-2019
nurkiju01,27.633333333333333,4.7,201811230GSW-POR,201811230GSW-GSW,POR-2019,0,2019,129.87666666666667,10.979358974358975,nurkiju01-2019
aminual01,27.3,2.8,201811230GSW-POR,201811230GSW-GSW,POR-2019,0,2019,76.44,10.979358974358975,aminual01-2019
laymaja01,20.133333333333333,-5.2,201811230GSW-POR,201811230GSW-GSW,POR-2019,0,2019,-104.69333333333333,10.979358974358975,laymaja01-2019
colliza01,18.1,-5.2,201811230GSW-POR,201811230GSW-GSW,POR-2019,0,2019,-94.12,10.979358974358975,colliza01-2019
leoname01,12.75,2.6,201811230GSW-POR,201811230GSW-GSW,POR-2019,0,2019,33.15,10.979358974358975,leoname01-2019
curryse01,11.916666666666666,-3.2,201811230GSW-POR,201811230GSW-GSW,POR-2019,0,2019,-38.13333333333333,10.979358974358975,curryse01-2019
stausni01,9.766666666666667,-0.2,201811230GSW-POR,201811230GSW-GSW,POR-2019,0,2019,-1.9533333333333336,10.979358974358975,stausni01-2019
harklma01,6.9,-1.9,201811230GSW-POR,201811230GSW-GSW,POR-2019,0,2019,-13.11,10.979358974358975,harklma01-2019
baldwwa01,3.3166666666666664,-2.2,201811230GSW-POR,201811230GSW-GSW,POR-2019,0,2019,-7.296666666666667,10.979358974358975,baldwwa01-2019
swanica01,3.3166666666666664,0.3,201811230GSW-POR,201811230GSW-GSW,POR-2019,0,2019,0.9949999999999999,10.979358974358975,swanica01-2019
harrito02,36.35,13.5,201811250POR-LAC,201811250POR-POR,LAC-2019,1,2019,490.725,65.72183333333334,harrito02-2019
bradlav01,33.55,-2.6,201811250POR-LAC,201811250POR-POR,LAC-2019,1,2019,-87.22999999999999,65.72183333333334,bradlav01-2019
harremo01,31.583333333333332,3.3,201811250POR-LAC,201811250POR-POR,LAC-2019,1,2019,104.225,65.72183333333334,harremo01-2019
gallida01,30.716666666666665,8.4,201811250POR-LAC,201811250POR-POR,LAC-2019,1,2019,258.02,65.72183333333334,gallida01-2019
gilgesh01,29.616666666666667,0.4,201811250POR-LAC,201811250POR-POR,LAC-2019,1,2019,11.846666666666668,65.72183333333334,gilgesh01-2019
beverpa01,20.6,-0.1,201811250POR-LAC,201811250POR-POR,LAC-2019,1,2019,-2.06,65.72183333333334,beverpa01-2019
willilo02,17.366666666666667,-6.2,201811250POR-LAC,201811250POR-POR,LAC-2019,1,2019,-107.67333333333335,65.72183333333334,willilo02-2019
scottmi01,17.283333333333335,-1.4,201811250POR-LAC,201811250POR-POR,LAC-2019,1,2019,-24.19666666666667,65.72183333333334,scottmi01-2019
gortama01,15.95,0.5,201811250POR-LAC,201811250POR-POR,LAC-2019,1,2019,7.975,65.72183333333334,gortama01-2019
teodomi01,6.983333333333333,0.8,201811250POR-LAC,201811250POR-POR,LAC-2019,1,2019,5.586666666666667,65.72183333333334,teodomi01-2019
fournev01,35.666666666666664,0.8,201811280POR-ORL,201811280POR-POR,ORL-2019,0,2019,28.53333333333333,29.42316666666667,fournev01-2019
isaacjo01,30.183333333333334,0.2,201811280POR-ORL,201811280POR-POR,ORL-2019,0,2019,6.036666666666667,29.42316666666667,isaacjo01-2019
vucevni01,28.683333333333334,9.8,201811280POR-ORL,201811280POR-POR,ORL-2019,0,2019,281.0966666666667,29.42316666666667,vucevni01-2019
rosste01,26.133333333333333,-2.9,201811280POR-ORL,201811280POR-POR,ORL-2019,0,2019,-75.78666666666666,29.42316666666667,rosste01-2019
grantje02,25.066666666666666,-0.5,201811280POR-ORL,201811280POR-POR,ORL-2019,0,2019,-12.533333333333333,29.42316666666667,grantje02-2019
simmojo02,23.116666666666667,-0.6,201811280POR-ORL,201811280POR-POR,ORL-2019,0,2019,-13.87,29.42316666666667,simmojo02-2019
augusdj01,22.933333333333334,2.4,201811280POR-ORL,201811280POR-POR,ORL-2019,0,2019,55.04,29.42316666666667,augusdj01-2019
bambamo01,19.1,0.5,201811280POR-ORL,201811280POR-POR,ORL-2019,0,2019,9.55,29.42316666666667,bambamo01-2019
martija01,17.6,1.9,201811280POR-ORL,201811280POR-POR,ORL-2019,0,2019,33.44,29.42316666666667,martija01-2019
iwundwe01,11.516666666666667,-1.5,201811280POR-ORL,201811280POR-POR,ORL-2019,0,2019,-17.275000000000002,29.42316666666667,iwundwe01-2019
harriga01,36.46666666666667,1.7,201811300POR-DEN,201811300POR-POR,DEN-2019,1,2019,61.99333333333333,54.82666666666667,harriga01-2019
millspa01,36.4,7.1,201811300POR-DEN,201811300POR-POR,DEN-2019,1,2019,258.44,54.82666666666667,millspa01-2019
murraja01,35.6,-5.4,201811300POR-DEN,201811300POR-POR,DEN-2019,1,2019,-192.24,54.82666666666667,murraja01-2019
jokicni01,32.05,5.9,201811300POR-DEN,201811300POR-POR,DEN-2019,1,2019,189.095,54.82666666666667,jokicni01-2019
morrimo01,30.1,4.4,201811300POR-DEN,201811300POR-POR,DEN-2019,1,2019,132.44000000000003,54.82666666666667,morrimo01-2019
hernaju01,28.583333333333332,2.1,201811300POR-DEN,201811300POR-POR,DEN-2019,1,2019,60.025,54.82666666666667,hernaju01-2019
plumlma01,14.233333333333333,3,201811300POR-DEN,201811300POR-POR,DEN-2019,1,2019,42.699999999999996,54.82666666666667,plumlma01-2019
beaslma01,13.25,0.4,201811300POR-DEN,201811300POR-POR,DEN-2019,1,2019,5.300000000000001,54.82666666666667,beaslma01-2019
lylestr01,12.766666666666667,-0.7,201811300POR-DEN,201811300POR-POR,DEN-2019,1,2019,-8.936666666666667,54.82666666666667,lylestr01-2019
craigto01,0.55,-1,201811300POR-DEN,201811300POR-POR,DEN-2019,1,2019,-0.55,54.82666666666667,craigto01-2019
lillada01,41.38333333333333,6.9,201812020SAS-POR,201812020SAS-SAS,POR-2019,0,2019,285.545,56.95759259259259,lillada01-2019
mccolcj01,38.55,-4.5,201812020SAS-POR,201812020SAS-SAS,POR-2019,0,2019,-173.475,56.95759259259259,mccolcj01-2019
aminual01,36.38333333333333,8.1,201812020SAS-POR,201812020SAS-SAS,POR-2019,0,2019,294.705,56.95759259259259,aminual01-2019
harklma01,33.61666666666667,3.9,201812020SAS-POR,201812020SAS-SAS,POR-2019,0,2019,131.105,56.95759259259259,harklma01-2019
nurkiju01,31.15,4.3,201812020SAS-POR,201812020SAS-SAS,POR-2019,0,2019,133.945,56.95759259259259,nurkiju01-2019
stausni01,18.133333333333333,-3.7,201812020SAS-POR,201812020SAS-SAS,POR-2019,0,2019,-67.09333333333333,56.95759259259259,stausni01-2019
curryse01,16.3,-4,201812020SAS-POR,201812020SAS-SAS,POR-2019,0,2019,-65.2,56.95759259259259,curryse01-2019
leoname01,13.1,0.9,201812020SAS-POR,201812020SAS-SAS,POR-2019,0,2019,11.79,56.95759259259259,leoname01-2019
colliza01,11.383333333333333,-3.4,201812020SAS-POR,201812020SAS-SAS,POR-2019,0,2019,-38.70333333333333,56.95759259259259,colliza01-2019
mccolcj01,39.583333333333336,-0.4,201812040DAL-POR,201812040DAL-DAL,POR-2019,0,2019,-15.833333333333336,40.805166666666665,mccolcj01-2019
lillada01,37.53333333333333,7.9,201812040DAL-POR,201812040DAL-DAL,POR-2019,0,2019,296.5133333333333,40.805166666666665,lillada01-2019
aminual01,33.516666666666666,6.6,201812040DAL-POR,201812040DAL-DAL,POR-2019,0,2019,221.20999999999998,40.805166666666665,aminual01-2019
turneev01,29.866666666666667,1.9,201812040DAL-POR,201812040DAL-DAL,POR-2019,0,2019,56.74666666666666,40.805166666666665,turneev01-2019
nurkiju01,29.683333333333334,-3.4,201812040DAL-POR,201812040DAL-DAL,POR-2019,0,2019,-100.92333333333333,40.805166666666665,nurkiju01-2019
harklma01,22.95,-0.8,201812040DAL-POR,201812040DAL-DAL,POR-2019,0,2019,-18.36,40.805166666666665,harklma01-2019
colliza01,16.55,0.9,201812040DAL-POR,201812040DAL-DAL,POR-2019,0,2019,14.895000000000001,40.805166666666665,colliza01-2019
stausni01,14.983333333333333,-0.6,201812040DAL-POR,201812040DAL-DAL,POR-2019,0,2019,-8.989999999999998,40.805166666666665,stausni01-2019
curryse01,9.283333333333333,-2.9,201812040DAL-POR,201812040DAL-DAL,POR-2019,0,2019,-26.921666666666667,40.805166666666665,curryse01-2019
leoname01,6.05,-1.7,201812040DAL-POR,201812040DAL-DAL,POR-2019,0,2019,-10.285,40.805166666666665,leoname01-2019
okoboel01,27.8,-2.7,201812060POR-PHO,201812060POR-POR,PHO-2019,0,2019,-75.06,-21.96516666666667,okoboel01-2019
aytonde01,27.45,0.6,201812060POR-PHO,201812060POR-POR,PHO-2019,0,2019,16.47,-21.96516666666667,aytonde01-2019
jacksjo02,25.95,-0.3,201812060POR-PHO,201812060POR-POR,PHO-2019,0,2019,-7.784999999999999,-21.96516666666667,jacksjo02-2019
meltode01,25.733333333333334,-2.2,201812060POR-PHO,201812060POR-POR,PHO-2019,0,2019,-56.61333333333334,-21.96516666666667,meltode01-2019
bendedr01,24.716666666666665,-1.6,201812060POR-PHO,201812060POR-POR,PHO-2019,0,2019,-39.54666666666667,-21.96516666666667,bendedr01-2019
arizatr01,23.283333333333335,-3.3,201812060POR-PHO,201812060POR-POR,PHO-2019,0,2019,-76.83500000000001,-21.96516666666667,arizatr01-2019
bridgmi01,23.283333333333335,-0.4,201812060POR-PHO,201812060POR-POR,PHO-2019,0,2019,-9.313333333333334,-21.96516666666667,bridgmi01-2019
danietr01,22.033333333333335,4.1,201812060POR-PHO,201812060POR-POR,PHO-2019,0,2019,90.33666666666666,-21.96516666666667,danietr01-2019
holmeri01,20.55,0.1,201812060POR-PHO,201812060POR-POR,PHO-2019,0,2019,2.055,-21.96516666666667,holmeri01-2019
crawfja01,19.2,-3.3,201812060POR-PHO,201812060POR-POR,PHO-2019,0,2019,-63.35999999999999,-21.96516666666667,crawfja01-2019
rosede01,37.28333333333333,0.5,201812080POR-MIN,201812080POR-POR,MIN-2019,0,2019,18.641666666666666,19.91814814814815,rosede01-2019
wiggian01,33.016666666666666,-0.4,201812080POR-MIN,201812080POR-POR,MIN-2019,0,2019,-13.206666666666667,19.91814814814815,wiggian01-2019
teaguje01,31.5,-1.4,201812080POR-MIN,201812080POR-POR,MIN-2019,0,2019,-44.099999999999994,19.91814814814815,teaguje01-2019
townska01,30.416666666666668,1,201812080POR-MIN,201812080POR-POR,MIN-2019,0,2019,30.416666666666668,19.91814814814815,townska01-2019
okogijo01,25.7,0.7,201812080POR-MIN,201812080POR-POR,MIN-2019,0,2019,17.99,19.91814814814815,okogijo01-2019
gibsota01,25.4,-1,201812080POR-MIN,201812080POR-POR,MIN-2019,0,2019,-25.4,19.91814814814815,gibsota01-2019
saricda01,22.6,5.8,201812080POR-MIN,201812080POR-POR,MIN-2019,0,2019,131.08,19.91814814814815,saricda01-2019
dienggo01,17.583333333333332,4.1,201812080POR-MIN,201812080POR-POR,MIN-2019,0,2019,72.09166666666665,19.91814814814815,dienggo01-2019
jonesty01,16.5,-0.5,201812080POR-MIN,201812080POR-POR,MIN-2019,0,2019,-8.25,19.91814814814815,jonesty01-2019
mccolcj01,39.266666666666666,0.6,201812110HOU-POR,201812110HOU-HOU,POR-2019,0,2019,23.56,51.15772727272727,mccolcj01-2019
lillada01,38.6,5.6,201812110HOU-POR,201812110HOU-HOU,POR-2019,0,2019,216.16,51.15772727272727,lillada01-2019
aminual01,37.03333333333333,3.2,201812110HOU-POR,201812110HOU-HOU,POR-2019,0,2019,118.50666666666666,51.15772727272727,aminual01-2019
nurkiju01,31.533333333333335,4.4,201812110HOU-POR,201812110HOU-HOU,POR-2019,0,2019,138.7466666666667,51.15772727272727,nurkiju01-2019
harklma01,31.316666666666666,2.1,201812110HOU-POR,201812110HOU-HOU,POR-2019,0,2019,65.765,51.15772727272727,harklma01-2019
turneev01,18.716666666666665,0.4,201812110HOU-POR,201812110HOU-HOU,POR-2019,0,2019,7.486666666666666,51.15772727272727,turneev01-2019
curryse01,17.516666666666666,1.2,201812110HOU-POR,201812110HOU-HOU,POR-2019,0,2019,21.02,51.15772727272727,curryse01-2019
colliza01,11.916666666666666,-1.2,201812110HOU-POR,201812110HOU-HOU,POR-2019,0,2019,-14.299999999999999,51.15772727272727,colliza01-2019
stausni01,5.383333333333334,-0.5,201812110HOU-POR,201812110HOU-HOU,POR-2019,0,2019,-2.691666666666667,51.15772727272727,stausni01-2019
leoname01,4.55,-0.7,201812110HOU-POR,201812110HOU-HOU,POR-2019,0,2019,-3.1849999999999996,51.15772727272727,leoname01-2019
laymaja01,4.166666666666667,-2,201812110HOU-POR,201812110HOU-HOU,POR-2019,0,2019,-8.333333333333334,51.15772727272727,laymaja01-2019
mccolcj01,39.45,11.4,201812120MEM-POR,201812120MEM-MEM,POR-2019,0,2019,449.73,29.438833333333335,mccolcj01-2019
lillada01,38.11666666666667,-4.2,201812120MEM-POR,201812120MEM-MEM,POR-2019,0,2019,-160.09,29.438833333333335,lillada01-2019
aminual01,34.5,3.8,201812120MEM-POR,201812120MEM-MEM,POR-2019,0,2019,131.1,29.438833333333335,aminual01-2019
turneev01,31.633333333333333,-0.4,201812120MEM-POR,201812120MEM-MEM,POR-2019,0,2019,-12.653333333333334,29.438833333333335,turneev01-2019
nurkiju01,29.95,-4.9,201812120MEM-POR,201812120MEM-MEM,POR-2019,0,2019,-146.755,29.438833333333335,nurkiju01-2019
stausni01,20.766666666666666,2.8,201812120MEM-POR,201812120MEM-MEM,POR-2019,0,2019,58.14666666666666,29.438833333333335,stausni01-2019
colliza01,14.966666666666667,-3.5,201812120MEM-POR,201812120MEM-MEM,POR-2019,0,2019,-52.38333333333333,29.438833333333335,colliza01-2019
laymaja01,14.266666666666667,2,201812120MEM-POR,201812120MEM-MEM,POR-2019,0,2019,28.533333333333335,29.438833333333335,laymaja01-2019
leoname01,9.533333333333333,1.3,201812120MEM-POR,201812120MEM-MEM,POR-2019,0,2019,12.393333333333334,29.438833333333335,leoname01-2019
swanica01,6.816666666666666,-2,201812120MEM-POR,201812120MEM-MEM,POR-2019,0,2019,-13.633333333333333,29.438833333333335,swanica01-2019
leonaka01,37.9,1.8,201812140POR-TOR,201812140POR-POR,TOR-2019,0,2019,68.22,47.1662962962963,leonaka01-2019
vanvlfr01,37.86666666666667,3.4,201812140POR-TOR,201812140POR-POR,TOR-2019,0,2019,128.74666666666667,47.1662962962963,vanvlfr01-2019
greenda02,35.95,6.7,201812140POR-TOR,201812140POR-POR,TOR-2019,0,2019,240.86500000000004,47.1662962962963,greenda02-2019
ibakase01,35.333333333333336,0.4,201812140POR-TOR,201812140POR-POR,TOR-2019,0,2019,14.133333333333335,47.1662962962963,ibakase01-2019
siakapa01,24.666666666666668,-3.9,201812140POR-TOR,201812140POR-POR,TOR-2019,0,2019,-96.2,47.1662962962963,siakapa01-2019
milescj01,19.633333333333333,0.6,201812140POR-TOR,201812140POR-POR,TOR-2019,0,2019,11.78,47.1662962962963,milescj01-2019
anunoog01,18.566666666666666,3.4,201812140POR-TOR,201812140POR-POR,TOR-2019,0,2019,63.126666666666665,47.1662962962963,anunoog01-2019
wrighde01,17.416666666666668,1.1,201812140POR-TOR,201812140POR-POR,TOR-2019,0,2019,19.158333333333335,47.1662962962963,wrighde01-2019
monrogr01,12.666666666666666,-2,201812140POR-TOR,201812140POR-POR,TOR-2019,0,2019,-25.333333333333332,47.1662962962963,monrogr01-2019
lillada01,35.5,12,201812170LAC-POR,201812170LAC-LAC,POR-2019,1,2019,426,76.01633333333334,lillada01-2019
mccolcj01,34.3,2.7,201812170LAC-POR,201812170LAC-LAC,POR-2019,1,2019,92.61,76.01633333333334,mccolcj01-2019
aminual01,33.18333333333333,4,201812170LAC-POR,201812170LAC-LAC,POR-2019,1,2019,132.73333333333332,76.01633333333334,aminual01-2019
harklma01,29.566666666666666,2.6,201812170LAC-POR,201812170LAC-LAC,POR-2019,1,2019,76.87333333333333,76.01633333333334,harklma01-2019
nurkiju01,28.783333333333335,7.4,201812170LAC-POR,201812170LAC-LAC,POR-2019,1,2019,212.9966666666667,76.01633333333334,nurkiju01-2019
turneev01,22.5,-0.7,201812170LAC-POR,201812170LAC-LAC,POR-2019,1,2019,-15.749999999999998,76.01633333333334,turneev01-2019
colliza01,16.616666666666667,-1.5,201812170LAC-POR,201812170LAC-LAC,POR-2019,1,2019,-24.925,76.01633333333334,colliza01-2019
stausni01,14.616666666666667,-2.6,201812170LAC-POR,201812170LAC-LAC,POR-2019,1,2019,-38.00333333333334,76.01633333333334,stausni01-2019
curryse01,13.516666666666667,-5.8,201812170LAC-POR,201812170LAC-LAC,POR-2019,1,2019,-78.39666666666668,76.01633333333334,curryse01-2019
leoname01,11.416666666666666,-2.1,201812170LAC-POR,201812170LAC-LAC,POR-2019,1,2019,-23.975,76.01633333333334,leoname01-2019
conlemi01,37.18333333333333,3.5,201812190POR-MEM,201812190POR-POR,MEM-2019,0,2019,130.14166666666665,44.81916666666666,conlemi01-2019
gasolma01,36.166666666666664,2.7,201812190POR-MEM,201812190POR-POR,MEM-2019,0,2019,97.65,44.81916666666666,gasolma01-2019
anderky01,35.416666666666664,8.1,201812190POR-MEM,201812190POR-POR,MEM-2019,0,2019,286.87499999999994,44.81916666666666,anderky01-2019
jacksja02,29.066666666666666,3.8,201812190POR-MEM,201812190POR-POR,MEM-2019,0,2019,110.45333333333333,44.81916666666666,jacksja02-2019
templga01,28.95,2.7,201812190POR-MEM,201812190POR-POR,MEM-2019,0,2019,78.165,44.81916666666666,templga01-2019
macksh01,22.316666666666666,-4.5,201812190POR-MEM,201812190POR-POR,MEM-2019,0,2019,-100.425,44.81916666666666,macksh01-2019
greenja01,20.816666666666666,-6.7,201812190POR-MEM,201812190POR-POR,MEM-2019,0,2019,-139.47166666666666,44.81916666666666,greenja01-2019
carteje01,11.616666666666667,-2.5,201812190POR-MEM,201812190POR-POR,MEM-2019,0,2019,-29.041666666666668,44.81916666666666,carteje01-2019
rabbiv01,9.95,5.5,201812190POR-MEM,201812190POR-POR,MEM-2019,0,2019,54.724999999999994,44.81916666666666,rabbiv01-2019
seldewa01,8.516666666666667,-4.8,201812190POR-MEM,201812190POR-POR,MEM-2019,0,2019,-40.88,44.81916666666666,seldewa01-2019
goberru01,29.55,0.5,201812210POR-UTA,201812210POR-POR,UTA-2019,1,2019,14.775,53.28076923076923,goberru01-2019
mitchdo01,27.933333333333334,-7.9,201812210POR-UTA,201812210POR-POR,UTA-2019,1,2019,-220.67333333333335,53.28076923076923,mitchdo01-2019
inglejo01,27.8,5.3,201812210POR-UTA,201812210POR-POR,UTA-2019,1,2019,147.34,53.28076923076923,inglejo01-2019
rubiori01,26.983333333333334,9.3,201812210POR-UTA,201812210POR-POR,UTA-2019,1,2019,250.94500000000002,53.28076923076923,rubiori01-2019
korveky01,25.833333333333332,6.7,201812210POR-UTA,201812210POR-POR,UTA-2019,1,2019,173.08333333333334,53.28076923076923,korveky01-2019
crowdja01,24.333333333333332,5.6,201812210POR-UTA,201812210POR-POR,UTA-2019,1,2019,136.26666666666665,53.28076923076923,crowdja01-2019
favorde01,23.95,2.1,201812210POR-UTA,201812210POR-POR,UTA-2019,1,2019,50.295,53.28076923076923,favorde01-2019
exumda01,21.016666666666666,4.8,201812210POR-UTA,201812210POR-POR,UTA-2019,1,2019,100.88,53.28076923076923,exumda01-2019
onealro01,10.116666666666667,0.3,201812210POR-UTA,201812210POR-POR,UTA-2019,1,2019,3.035,53.28076923076923,onealro01-2019
sefolth01,9.566666666666666,1.5,201812210POR-UTA,201812210POR-POR,UTA-2019,1,2019,14.35,53.28076923076923,sefolth01-2019
netora01,4.316666666666666,-0.4,201812210POR-UTA,201812210POR-POR,UTA-2019,1,2019,-1.7266666666666666,53.28076923076923,netora01-2019
niangge01,4.3,3.4,201812210POR-UTA,201812210POR-POR,UTA-2019,1,2019,14.62,53.28076923076923,niangge01-2019
udohek01,4.3,2.2,201812210POR-UTA,201812210POR-POR,UTA-2019,1,2019,9.46,53.28076923076923,udohek01-2019
barneha02,35.43333333333333,5.4,201812230POR-DAL,201812230POR-POR,DAL-2019,0,2019,191.34,41.324333333333335,barneha02-2019
doncilu01,35.43333333333333,5.7,201812230POR-DAL,201812230POR-POR,DAL-2019,0,2019,201.97,41.324333333333335,doncilu01-2019
matthwe02,34.766666666666666,-4.1,201812230POR-DAL,201812230POR-POR,DAL-2019,0,2019,-142.54333333333332,41.324333333333335,matthwe02-2019
jordade01,34.35,3.7,201812230POR-DAL,201812230POR-POR,DAL-2019,0,2019,127.09500000000001,41.324333333333335,jordade01-2019
brunsja01,32.75,1.1,201812230POR-DAL,201812230POR-POR,DAL-2019,0,2019,36.025000000000006,41.324333333333335,brunsja01-2019
bareajo01,20.25,0.7,201812230POR-DAL,201812230POR-POR,DAL-2019,0,2019,14.174999999999999,41.324333333333335,bareajo01-2019
poweldw01,18.683333333333334,1.3,201812230POR-DAL,201812230POR-POR,DAL-2019,0,2019,24.288333333333334,41.324333333333335,poweldw01-2019
harride01,18.2,-3.5,201812230POR-DAL,201812230POR-POR,DAL-2019,0,2019,-63.699999999999996,41.324333333333335,harride01-2019
finnedo01,17.566666666666666,-0.3,201812230POR-DAL,201812230POR-POR,DAL-2019,0,2019,-5.27,41.324333333333335,finnedo01-2019
klebima01,17.566666666666666,1.7,201812230POR-DAL,201812230POR-POR,DAL-2019,0,2019,29.863333333333333,41.324333333333335,klebima01-2019
lillada01,34.3,2.7,201812250UTA-POR,201812250UTA-UTA,POR-2019,0,2019,92.61,7.959999999999999,lillada01-2019
mccolcj01,33.733333333333334,-4.7,201812250UTA-POR,201812250UTA-UTA,POR-2019,0,2019,-158.54666666666668,7.959999999999999,mccolcj01-2019
aminual01,32.766666666666666,6.9,201812250UTA-POR,201812250UTA-UTA,POR-2019,0,2019,226.09,7.959999999999999,aminual01-2019
nurkiju01,25.866666666666667,-2,201812250UTA-POR,201812250UTA-UTA,POR-2019,0,2019,-51.733333333333334,7.959999999999999,nurkiju01-2019
harklma01,24.716666666666665,-3.2,201812250UTA-POR,201812250UTA-UTA,POR-2019,0,2019,-79.09333333333333,7.959999999999999,harklma01-2019
leoname01,19.466666666666665,-0.6,201812250UTA-POR,201812250UTA-UTA,POR-2019,0,2019,-11.679999999999998,7.959999999999999,leoname01-2019
turneev01,19.333333333333332,1.2,201812250UTA-POR,201812250UTA-UTA,POR-2019,0,2019,23.2,7.959999999999999,turneev01-2019
colliza01,15.233333333333333,1.3,201812250UTA-POR,201812250UTA-UTA,POR-2019,0,2019,19.803333333333335,7.959999999999999,colliza01-2019
curryse01,14.566666666666666,4.7,201812250UTA-POR,201812250UTA-UTA,POR-2019,0,2019,68.46333333333334,7.959999999999999,curryse01-2019
stausni01,12.016666666666667,-2,201812250UTA-POR,201812250UTA-UTA,POR-2019,0,2019,-24.033333333333335,7.959999999999999,stausni01-2019
baldwwa01,2.6666666666666665,1.8,201812250UTA-POR,201812250UTA-UTA,POR-2019,0,2019,4.8,7.959999999999999,baldwwa01-2019
laymaja01,2.6666666666666665,-1,201812250UTA-POR,201812250UTA-UTA,POR-2019,0,2019,-2.6666666666666665,7.959999999999999,laymaja01-2019
swanica01,2.6666666666666665,-1.4,201812250UTA-POR,201812250UTA-UTA,POR-2019,0,2019,-3.733333333333333,7.959999999999999,swanica01-2019
lillada01,41.31666666666667,3.6,201812270GSW-POR,201812270GSW-GSW,POR-2019,1,2019,148.74,66.70100000000001,lillada01-2019
mccolcj01,39.333333333333336,4.8,201812270GSW-POR,201812270GSW-GSW,POR-2019,1,2019,188.8,66.70100000000001,mccolcj01-2019
aminual01,35.28333333333333,-2,201812270GSW-POR,201812270GSW-GSW,POR-2019,1,2019,-70.56666666666666,66.70100000000001,aminual01-2019
nurkiju01,35.25,6.7,201812270GSW-POR,201812270GSW-GSW,POR-2019,1,2019,236.175,66.70100000000001,nurkiju01-2019
harklma01,31.016666666666666,5.1,201812270GSW-POR,201812270GSW-GSW,POR-2019,1,2019,158.18499999999997,66.70100000000001,harklma01-2019
turneev01,18.483333333333334,-2.9,201812270GSW-POR,201812270GSW-GSW,POR-2019,1,2019,-53.60166666666667,66.70100000000001,turneev01-2019
curryse01,17.9,3.2,201812270GSW-POR,201812270GSW-GSW,POR-2019,1,2019,57.28,66.70100000000001,curryse01-2019
leoname01,17.666666666666668,0.6,201812270GSW-POR,201812270GSW-GSW,POR-2019,1,2019,10.6,66.70100000000001,leoname01-2019
colliza01,17.066666666666666,-2.9,201812270GSW-POR,201812270GSW-GSW,POR-2019,1,2019,-49.49333333333333,66.70100000000001,colliza01-2019
stausni01,11.683333333333334,3.5,201812270GSW-POR,201812270GSW-GSW,POR-2019,1,2019,40.891666666666666,66.70100000000001,stausni01-2019
curryst01,36.18333333333333,8,201812290POR-GSW,201812290POR-POR,GSW-2019,1,2019,289.46666666666664,53.41875,curryst01-2019
duranke01,33.93333333333333,-0.5,201812290POR-GSW,201812290POR-POR,GSW-2019,1,2019,-16.966666666666665,53.41875,duranke01-2019
greendr01,33.88333333333333,-1.9,201812290POR-GSW,201812290POR-POR,GSW-2019,1,2019,-64.37833333333333,53.41875,greendr01-2019
thompkl01,33.583333333333336,7.5,201812290POR-GSW,201812290POR-POR,GSW-2019,1,2019,251.87500000000003,53.41875,thompkl01-2019
looneke01,25.216666666666665,1.8,201812290POR-GSW,201812290POR-POR,GSW-2019,1,2019,45.39,53.41875,looneke01-2019
jerebjo01,17.133333333333333,3.5,201812290POR-GSW,201812290POR-POR,GSW-2019,1,2019,59.96666666666667,53.41875,jerebjo01-2019
livinsh01,14.466666666666667,2.8,201812290POR-GSW,201812290POR-POR,GSW-2019,1,2019,40.50666666666667,53.41875,livinsh01-2019
mckinal01,13.433333333333334,-0.6,201812290POR-GSW,201812290POR-POR,GSW-2019,1,2019,-8.06,53.41875,mckinal01-2019
iguodan01,12.366666666666667,0.2,201812290POR-GSW,201812290POR-POR,GSW-2019,1,2019,2.4733333333333336,53.41875,iguodan01-2019
cookqu01,11.9,3.5,201812290POR-GSW,201812290POR-POR,GSW-2019,1,2019,41.65,53.41875,cookqu01-2019
belljo01,6.616666666666667,0,201812290POR-GSW,201812290POR-POR,GSW-2019,1,2019,0,53.41875,belljo01-2019
evansja02,1.2833333333333332,-0.7,201812290POR-GSW,201812290POR-POR,GSW-2019,1,2019,-0.8983333333333332,53.41875,evansja02-2019
mccontj01,26.516666666666666,3.9,201812300POR-PHI,201812300POR-POR,PHI-2019,0,2019,103.41499999999999,-21.914848484848484,mccontj01-2019
boldejo01,26.35,-4.9,201812300POR-PHI,201812300POR-POR,PHI-2019,0,2019,-129.115,-21.914848484848484,boldejo01-2019
butleji01,26.116666666666667,-4.6,201812300POR-PHI,201812300POR-POR,PHI-2019,0,2019,-120.13666666666666,-21.914848484848484,butleji01-2019
simmobe01,24.6,2.1,201812300POR-PHI,201812300POR-POR,PHI-2019,0,2019,51.660000000000004,-21.914848484848484,simmobe01-2019
muscami01,24.316666666666666,-2.2,201812300POR-PHI,201812300POR-POR,PHI-2019,0,2019,-53.49666666666667,-21.914848484848484,muscami01-2019
redicjj01,23.566666666666666,0.6,201812300POR-PHI,201812300POR-POR,PHI-2019,0,2019,14.139999999999999,-21.914848484848484,redicjj01-2019
shamela01,22.95,-5.1,201812300POR-PHI,201812300POR-POR,PHI-2019,0,2019,-117.04499999999999,-21.914848484848484,shamela01-2019
korkmfu01,21.7,-0.2,201812300POR-PHI,201812300POR-POR,PHI-2019,0,2019,-4.34,-21.914848484848484,korkmfu01-2019
chandwi01,21.1,0.9,201812300POR-PHI,201812300POR-POR,PHI-2019,0,2019,18.990000000000002,-21.914848484848484,chandwi01-2019
johnsam01,12.55,-3.1,201812300POR-PHI,201812300POR-POR,PHI-2019,0,2019,-38.905,-21.914848484848484,johnsam01-2019
jacksde01,10.233333333333333,3.3,201812300POR-PHI,201812300POR-POR,PHI-2019,0,2019,33.769999999999996,-21.914848484848484,jacksde01-2019
lillada01,41.9,-0.1,201901010SAC-POR,201901010SAC-SAC,POR-2019,1,2019,-4.19,72.38149999999999,lillada01-2019
mccolcj01,38.666666666666664,-4.5,201901010SAC-POR,201901010SAC-SAC,POR-2019,1,2019,-174,72.38149999999999,mccolcj01-2019
aminual01,37.55,3.9,201901010SAC-POR,201901010SAC-SAC,POR-2019,1,2019,146.445,72.38149999999999,aminual01-2019
nurkiju01,37.55,16.3,201901010SAC-POR,201901010SAC-SAC,POR-2019,1,2019,612.0649999999999,72.38149999999999,nurkiju01-2019
harklma01,33.28333333333333,2.3,201901010SAC-POR,201901010SAC-SAC,POR-2019,1,2019,76.55166666666666,72.38149999999999,harklma01-2019
curryse01,21.966666666666665,9.3,201901010SAC-POR,201901010SAC-SAC,POR-2019,1,2019,204.29,72.38149999999999,curryse01-2019
leoname01,15.45,-3.6,201901010SAC-POR,201901010SAC-SAC,POR-2019,1,2019,-55.62,72.38149999999999,leoname01-2019
colliza01,15,-2.7,201901010SAC-POR,201901010SAC-SAC,POR-2019,1,2019,-40.5,72.38149999999999,colliza01-2019
turneev01,14.333333333333334,-0.8,201901010SAC-POR,201901010SAC-SAC,POR-2019,1,2019,-11.466666666666669,72.38149999999999,turneev01-2019
stausni01,9.3,-3.2,201901010SAC-POR,201901010SAC-SAC,POR-2019,1,2019,-29.760000000000005,72.38149999999999,stausni01-2019
westbru01,37.15,4.3,201901040POR-OKC,201901040POR-POR,OKC-2019,1,2019,159.74499999999998,53.37683333333333,westbru01-2019
georgpa01,36.733333333333334,9.5,201901040POR-OKC,201901040POR-POR,OKC-2019,1,2019,348.9666666666667,53.37683333333333,georgpa01-2019
adamsst01,33.833333333333336,3,201901040POR-OKC,201901040POR-POR,OKC-2019,1,2019,101.5,53.37683333333333,adamsst01-2019
schrode01,28.516666666666666,-3.1,201901040POR-OKC,201901040POR-POR,OKC-2019,1,2019,-88.40166666666667,53.37683333333333,schrode01-2019
grantje01,27.633333333333333,-1.3,201901040POR-OKC,201901040POR-POR,OKC-2019,1,2019,-35.92333333333333,53.37683333333333,grantje01-2019
fergute01,26.75,-1.8,201901040POR-OKC,201901040POR-POR,OKC-2019,1,2019,-48.15,53.37683333333333,fergute01-2019
noelne01,14.166666666666666,9.2,201901040POR-OKC,201901040POR-POR,OKC-2019,1,2019,130.33333333333331,53.37683333333333,noelne01-2019
naderab01,13.916666666666666,-3.7,201901040POR-OKC,201901040POR-POR,OKC-2019,1,2019,-51.49166666666667,53.37683333333333,naderab01-2019
pattepa01,13.8,1.3,201901040POR-OKC,201901040POR-POR,OKC-2019,1,2019,17.94,53.37683333333333,pattepa01-2019
diallha01,7.5,-0.1,201901040POR-OKC,201901040POR-POR,OKC-2019,1,2019,-0.75,53.37683333333333,diallha01-2019
riverau01,42.11666666666667,1.7,201901050POR-HOU,201901050POR-POR,HOU-2019,0,2019,71.59833333333333,40.678888888888885,riverau01-2019
hardeja01,36.983333333333334,2.7,201901050POR-HOU,201901050POR-POR,HOU-2019,0,2019,99.855,40.678888888888885,hardeja01-2019
capelca01,34.416666666666664,6.2,201901050POR-HOU,201901050POR-POR,HOU-2019,0,2019,213.38333333333333,40.678888888888885,capelca01-2019
tuckepj01,33.516666666666666,-0.4,201901050POR-HOU,201901050POR-POR,HOU-2019,0,2019,-13.406666666666666,40.678888888888885,tuckepj01-2019
greenge01,28.433333333333334,-2,201901050POR-HOU,201901050POR-POR,HOU-2019,0,2019,-56.86666666666667,40.678888888888885,greenge01-2019
houseda01,26.216666666666665,3.1,201901050POR-HOU,201901050POR-POR,HOU-2019,0,2019,81.27166666666666,40.678888888888885,houseda01-2019
knighbr03,13.216666666666667,-1.2,201901050POR-HOU,201901050POR-POR,HOU-2019,0,2019,-15.86,40.678888888888885,knighbr03-2019
hilarne01,13.2,0.3,201901050POR-HOU,201901050POR-POR,HOU-2019,0,2019,3.9599999999999995,40.678888888888885,hilarne01-2019
ennisja01,11.883333333333333,-1.5,201901050POR-HOU,201901050POR-POR,HOU-2019,0,2019,-17.825,40.678888888888885,ennisja01-2019
mudiaem01,34.68333333333333,5,201901070POR-NYK,201901070POR-POR,NYK-2019,0,2019,173.41666666666666,17.439333333333334,mudiaem01-2019
hezonma01,31.183333333333334,3.2,201901070POR-NYK,201901070POR-POR,NYK-2019,0,2019,99.78666666666668,17.439333333333334,hezonma01-2019
kanteen01,29.166666666666668,1.7,201901070POR-NYK,201901070POR-POR,NYK-2019,0,2019,49.583333333333336,17.439333333333334,kanteen01-2019
vonleno01,28.633333333333333,3.6,201901070POR-NYK,201901070POR-POR,NYK-2019,0,2019,103.08,17.439333333333334,vonleno01-2019
hardati02,26.733333333333334,-6.1,201901070POR-NYK,201901070POR-POR,NYK-2019,0,2019,-163.07333333333332,17.439333333333334,hardati02-2019
dotsoda01,21.616666666666667,-2,201901070POR-NYK,201901070POR-POR,NYK-2019,0,2019,-43.233333333333334,17.439333333333334,dotsoda01-2019
knoxke01,21.566666666666666,-1.7,201901070POR-NYK,201901070POR-POR,NYK-2019,0,2019,-36.663333333333334,17.439333333333334,knoxke01-2019
kornelu01,18.833333333333332,0.5,201901070POR-NYK,201901070POR-POR,NYK-2019,0,2019,9.416666666666666,17.439333333333334,kornelu01-2019
burketr01,14.1,1.4,201901070POR-NYK,201901070POR-POR,NYK-2019,0,2019,19.74,17.439333333333334,burketr01-2019
trieral01,13.45,-2.8,201901070POR-NYK,201901070POR-POR,NYK-2019,0,2019,-37.66,17.439333333333334,trieral01-2019
lavinza01,33.4,-6.5,201901090POR-CHI,201901090POR-POR,CHI-2019,0,2019,-217.1,-8.335555555555555,lavinza01-2019
markkla01,32.483333333333334,-1.5,201901090POR-CHI,201901090POR-POR,CHI-2019,0,2019,-48.725,-8.335555555555555,markkla01-2019
hutchch01,30.4,-2.2,201901090POR-CHI,201901090POR-POR,CHI-2019,0,2019,-66.88,-8.335555555555555,hutchch01-2019
dunnkr01,29.716666666666665,1,201901090POR-CHI,201901090POR-POR,CHI-2019,0,2019,29.716666666666665,-8.335555555555555,dunnkr01-2019
cartewe01,28.566666666666666,7.2,201901090POR-CHI,201901090POR-POR,CHI-2019,0,2019,205.68,-8.335555555555555,cartewe01-2019
blakean01,19.883333333333333,-0.4,201901090POR-CHI,201901090POR-POR,CHI-2019,0,2019,-7.953333333333333,-8.335555555555555,blakean01-2019
portibo01,18.933333333333334,0,201901090POR-CHI,201901090POR-POR,CHI-2019,0,2019,0,-8.335555555555555,portibo01-2019
arcidry01,16,-1.8,201901090POR-CHI,201901090POR-POR,CHI-2019,0,2019,-28.8,-8.335555555555555,arcidry01-2019
harrish01,14.85,0.7,201901090POR-CHI,201901090POR-POR,CHI-2019,0,2019,10.395,-8.335555555555555,harrish01-2019
lopezro01,6.633333333333333,2.6,201901090POR-CHI,201901090POR-POR,CHI-2019,0,2019,17.246666666666666,-8.335555555555555,lopezro01-2019
feliccr01,4.566666666666666,-0.2,201901090POR-CHI,201901090POR-POR,CHI-2019,0,2019,-0.9133333333333333,-8.335555555555555,feliccr01-2019
seldewa01,4.566666666666666,1.6,201901090POR-CHI,201901090POR-POR,CHI-2019,0,2019,7.306666666666667,-8.335555555555555,seldewa01-2019
walkeke02,31.833333333333332,-3,201901110POR-CHO,201901110POR-POR,CHH-2019,0,2019,-95.5,-23.306282051282054,walkeke02-2019
lambje01,27.133333333333333,-1.7,201901110POR-CHO,201901110POR-POR,CHH-2019,0,2019,-46.126666666666665,-23.306282051282054,lambje01-2019
batumni01,23.8,-2,201901110POR-CHO,201901110POR-POR,CHH-2019,0,2019,-47.6,-23.306282051282054,batumni01-2019
bridgmi02,23.416666666666668,-4,201901110POR-CHO,201901110POR-POR,CHH-2019,0,2019,-93.66666666666667,-23.306282051282054,bridgmi02-2019
willima02,23.366666666666667,0.6,201901110POR-CHO,201901110POR-POR,CHH-2019,0,2019,14.02,-23.306282051282054,willima02-2019
monkma01,23.183333333333334,-0.5,201901110POR-CHO,201901110POR-POR,CHH-2019,0,2019,-11.591666666666667,-23.306282051282054,monkma01-2019
biyombi01,22.35,-2,201901110POR-CHO,201901110POR-POR,CHH-2019,0,2019,-44.7,-23.306282051282054,biyombi01-2019
kiddgmi01,17.616666666666667,-1,201901110POR-CHO,201901110POR-POR,CHH-2019,0,2019,-17.616666666666667,-23.306282051282054,kiddgmi01-2019
hernawi01,13.083333333333334,1.9,201901110POR-CHO,201901110POR-POR,CHH-2019,0,2019,24.858333333333334,-23.306282051282054,hernawi01-2019
parketo01,11.733333333333333,-3.2,201901110POR-CHO,201901110POR-POR,CHH-2019,0,2019,-37.54666666666667,-23.306282051282054,parketo01-2019
bacondw01,7.783333333333333,2.3,201901110POR-CHO,201901110POR-POR,CHH-2019,0,2019,17.901666666666664,-23.306282051282054,bacondw01-2019
kaminfr01,7.783333333333333,1.6,201901110POR-CHO,201901110POR-POR,CHH-2019,0,2019,12.453333333333333,-23.306282051282054,kaminfr01-2019
grahade01,6.916666666666667,3.2,201901110POR-CHO,201901110POR-POR,CHH-2019,0,2019,22.133333333333336,-23.306282051282054,grahade01-2019
lillada01,38,2.7,201901130DEN-POR,201901130DEN-DEN,POR-2019,0,2019,102.60000000000001,35.5735,lillada01-2019
mccolcj01,37.21666666666667,-2.5,201901130DEN-POR,201901130DEN-DEN,POR-2019,0,2019,-93.04166666666667,35.5735,mccolcj01-2019
aminual01,34.28333333333333,1.7,201901130DEN-POR,201901130DEN-DEN,POR-2019,0,2019,58.28166666666666,35.5735,aminual01-2019
turneev01,27.783333333333335,4.6,201901130DEN-POR,201901130DEN-DEN,POR-2019,0,2019,127.80333333333333,35.5735,turneev01-2019
nurkiju01,25.366666666666667,1.4,201901130DEN-POR,201901130DEN-DEN,POR-2019,0,2019,35.51333333333333,35.5735,nurkiju01-2019
curryse01,19.15,1.1,201901130DEN-POR,201901130DEN-DEN,POR-2019,0,2019,21.065,35.5735,curryse01-2019
laymaja01,18.35,4.4,201901130DEN-POR,201901130DEN-DEN,POR-2019,0,2019,80.74000000000001,35.5735,laymaja01-2019
leoname01,17.933333333333334,-0.8,201901130DEN-POR,201901130DEN-DEN,POR-2019,0,2019,-14.346666666666668,35.5735,leoname01-2019
colliza01,14.1,2.3,201901130DEN-POR,201901130DEN-DEN,POR-2019,0,2019,32.43,35.5735,colliza01-2019
stausni01,7.816666666666666,0.6,201901130DEN-POR,201901130DEN-DEN,POR-2019,0,2019,4.6899999999999995,35.5735,stausni01-2019
lillada01,36.9,5.3,201901140SAC-POR,201901140SAC-SAC,POR-2019,0,2019,195.57,23.83066666666667,lillada01-2019
mccolcj01,30.216666666666665,-9.7,201901140SAC-POR,201901140SAC-SAC,POR-2019,0,2019,-293.10166666666663,23.83066666666667,mccolcj01-2019
nurkiju01,28.9,1.2,201901140SAC-POR,201901140SAC-SAC,POR-2019,0,2019,34.68,23.83066666666667,nurkiju01-2019
turneev01,26.716666666666665,2.9,201901140SAC-POR,201901140SAC-SAC,POR-2019,0,2019,77.47833333333332,23.83066666666667,turneev01-2019
aminual01,26.183333333333334,5.5,201901140SAC-POR,201901140SAC-SAC,POR-2019,0,2019,144.00833333333333,23.83066666666667,aminual01-2019
laymaja01,22.45,0.6,201901140SAC-POR,201901140SAC-SAC,POR-2019,0,2019,13.469999999999999,23.83066666666667,laymaja01-2019
colliza01,21.633333333333333,-1.9,201901140SAC-POR,201901140SAC-SAC,POR-2019,0,2019,-41.10333333333333,23.83066666666667,colliza01-2019
curryse01,20.75,-1.4,201901140SAC-POR,201901140SAC-SAC,POR-2019,0,2019,-29.049999999999997,23.83066666666667,curryse01-2019
leoname01,19.1,8,201901140SAC-POR,201901140SAC-SAC,POR-2019,0,2019,152.8,23.83066666666667,leoname01-2019
stausni01,7.15,-2.3,201901140SAC-POR,201901140SAC-SAC,POR-2019,0,2019,-16.445,23.83066666666667,stausni01-2019
sextoco01,30.25,-6.2,201901160POR-CLE,201901160POR-POR,CLE-2019,0,2019,-187.55,-6.785833333333333,sextoco01-2019
clarkjo01,29.166666666666668,2.7,201901160POR-CLE,201901160POR-POR,CLE-2019,0,2019,78.75000000000001,-6.785833333333333,clarkjo01-2019
blossja01,28.55,0.1,201901160POR-CLE,201901160POR-POR,CLE-2019,0,2019,2.8550000000000004,-6.785833333333333,blossja01-2019
zizican01,26.533333333333335,4.5,201901160POR-CLE,201901160POR-POR,CLE-2019,0,2019,119.4,-6.785833333333333,zizican01-2019
hoodro01,24.5,2.1,201901160POR-CLE,201901160POR-POR,CLE-2019,0,2019,51.45,-6.785833333333333,hoodro01-2019
burksal01,23.766666666666666,-2.7,201901160POR-CLE,201901160POR-POR,CLE-2019,0,2019,-64.17,-6.785833333333333,burksal01-2019
thomptr01,21.466666666666665,-2.7,201901160POR-CLE,201901160POR-POR,CLE-2019,0,2019,-57.96,-6.785833333333333,thomptr01-2019
payneca01,20.633333333333333,3.4,201901160POR-CLE,201901160POR-POR,CLE-2019,0,2019,70.15333333333334,-6.785833333333333,payneca01-2019
dellama01,19.033333333333335,1,201901160POR-CLE,201901160POR-POR,CLE-2019,0,2019,19.033333333333335,-6.785833333333333,dellama01-2019
osmande01,16.1,-6.2,201901160POR-CLE,201901160POR-POR,CLE-2019,0,2019,-99.82000000000001,-6.785833333333333,osmande01-2019
holidjr01,36.983333333333334,2.9,201901180POR-NOP,201901180POR-POR,NOP-2019,0,2019,107.25166666666667,25.7355,holidjr01-2019
randlju01,36.96666666666667,0.7,201901180POR-NOP,201901180POR-POR,NOP-2019,0,2019,25.876666666666665,25.7355,randlju01-2019
davisan02,35.666666666666664,2.6,201901180POR-NOP,201901180POR-POR,NOP-2019,0,2019,92.73333333333333,25.7355,davisan02-2019
mooreet01,26.55,4.8,201901180POR-NOP,201901180POR-POR,NOP-2019,0,2019,127.44,25.7355,mooreet01-2019
milleda01,25.983333333333334,-2.9,201901180POR-NOP,201901180POR-POR,NOP-2019,0,2019,-75.35166666666667,25.7355,milleda01-2019
mirotni01,23.6,1.5,201901180POR-NOP,201901180POR-POR,NOP-2019,0,2019,35.400000000000006,25.7355,mirotni01-2019
fraziti01,19.05,-1.7,201901180POR-NOP,201901180POR-POR,NOP-2019,0,2019,-32.385,25.7355,fraziti01-2019
paytoel01,16.7,-1.5,201901180POR-NOP,201901180POR-POR,NOP-2019,0,2019,-25.049999999999997,25.7355,paytoel01-2019
jacksfr01,11.6,0.6,201901180POR-NOP,201901180POR-POR,NOP-2019,0,2019,6.96,25.7355,jacksfr01-2019
okafoja01,6.9,-0.8,201901180POR-NOP,201901180POR-POR,NOP-2019,0,2019,-5.5200000000000005,25.7355,okafoja01-2019
mccolcj01,38.06666666666667,-2.6,201901210UTA-POR,201901210UTA-UTA,POR-2019,1,2019,-98.97333333333334,49.588499999999996,mccolcj01-2019
lillada01,36.43333333333333,3.9,201901210UTA-POR,201901210UTA-UTA,POR-2019,1,2019,142.08999999999997,49.588499999999996,lillada01-2019
nurkiju01,31.916666666666668,5.7,201901210UTA-POR,201901210UTA-UTA,POR-2019,1,2019,181.925,49.588499999999996,nurkiju01-2019
turneev01,26.466666666666665,1.6,201901210UTA-POR,201901210UTA-UTA,POR-2019,1,2019,42.346666666666664,49.588499999999996,turneev01-2019
laymaja01,25.35,2.4,201901210UTA-POR,201901210UTA-UTA,POR-2019,1,2019,60.84,49.588499999999996,laymaja01-2019
aminual01,25.016666666666666,2.2,201901210UTA-POR,201901210UTA-UTA,POR-2019,1,2019,55.03666666666667,49.588499999999996,aminual01-2019
harklma01,18.283333333333335,3,201901210UTA-POR,201901210UTA-UTA,POR-2019,1,2019,54.85000000000001,49.588499999999996,harklma01-2019
curryse01,14.3,1.4,201901210UTA-POR,201901210UTA-UTA,POR-2019,1,2019,20.02,49.588499999999996,curryse01-2019
leoname01,13.333333333333334,4.7,201901210UTA-POR,201901210UTA-UTA,POR-2019,1,2019,62.66666666666667,49.588499999999996,leoname01-2019
colliza01,10.833333333333334,-2.3,201901210UTA-POR,201901210UTA-UTA,POR-2019,1,2019,-24.916666666666668,49.588499999999996,colliza01-2019
lillada01,40.4,11.9,201901220OKC-POR,201901220OKC-OKC,POR-2019,0,2019,480.76,63.35183333333333,lillada01-2019
mccolcj01,38.166666666666664,7.6,201901220OKC-POR,201901220OKC-OKC,POR-2019,0,2019,290.06666666666666,63.35183333333333,mccolcj01-2019
nurkiju01,36.5,0.4,201901220OKC-POR,201901220OKC-OKC,POR-2019,0,2019,14.600000000000001,63.35183333333333,nurkiju01-2019
aminual01,30.666666666666668,-1.1,201901220OKC-POR,201901220OKC-OKC,POR-2019,0,2019,-33.733333333333334,63.35183333333333,aminual01-2019
laymaja01,17.933333333333334,-2.1,201901220OKC-POR,201901220OKC-OKC,POR-2019,0,2019,-37.660000000000004,63.35183333333333,laymaja01-2019
harklma01,17.916666666666668,-2.6,201901220OKC-POR,201901220OKC-OKC,POR-2019,0,2019,-46.583333333333336,63.35183333333333,harklma01-2019
turneev01,17.433333333333334,-1.8,201901220OKC-POR,201901220OKC-OKC,POR-2019,0,2019,-31.380000000000003,63.35183333333333,turneev01-2019
leoname01,16.383333333333333,0.4,201901220OKC-POR,201901220OKC-OKC,POR-2019,0,2019,6.553333333333334,63.35183333333333,leoname01-2019
curryse01,12.483333333333333,-1.7,201901220OKC-POR,201901220OKC-OKC,POR-2019,0,2019,-21.221666666666664,63.35183333333333,curryse01-2019
colliza01,12.116666666666667,1,201901220OKC-POR,201901220OKC-OKC,POR-2019,0,2019,12.116666666666667,63.35183333333333,colliza01-2019
laymaja01,33.43333333333333,3.5,201901240PHO-POR,201901240PHO-PHO,POR-2019,1,2019,117.01666666666665,42.68818181818182,laymaja01-2019
curryse01,29.9,6.2,201901240PHO-POR,201901240PHO-PHO,POR-2019,1,2019,185.38,42.68818181818182,curryse01-2019
lillada01,29.516666666666666,5.1,201901240PHO-POR,201901240PHO-PHO,POR-2019,1,2019,150.535,42.68818181818182,lillada01-2019
mccolcj01,25.366666666666667,3.7,201901240PHO-POR,201901240PHO-PHO,POR-2019,1,2019,93.85666666666667,42.68818181818182,mccolcj01-2019
colliza01,24.2,-0.1,201901240PHO-POR,201901240PHO-PHO,POR-2019,1,2019,-2.42,42.68818181818182,colliza01-2019
nurkiju01,23.8,-2.6,201901240PHO-POR,201901240PHO-PHO,POR-2019,1,2019,-61.88,42.68818181818182,nurkiju01-2019
turneev01,23.5,-1.5,201901240PHO-POR,201901240PHO-PHO,POR-2019,1,2019,-35.25,42.68818181818182,turneev01-2019
harklma01,22.983333333333334,1.1,201901240PHO-POR,201901240PHO-PHO,POR-2019,1,2019,25.28166666666667,42.68818181818182,harklma01-2019
aminual01,15.933333333333334,1.2,201901240PHO-POR,201901240PHO-PHO,POR-2019,1,2019,19.12,42.68818181818182,aminual01-2019
baldwwa01,6.633333333333333,-1.9,201901240PHO-POR,201901240PHO-PHO,POR-2019,1,2019,-12.603333333333332,42.68818181818182,baldwwa01-2019
swanica01,4.733333333333333,-2,201901240PHO-POR,201901240PHO-PHO,POR-2019,1,2019,-9.466666666666667,42.68818181818182,swanica01-2019
princta02,35.666666666666664,-2.8,201901260POR-ATL,201901260POR-POR,ATL-2019,0,2019,-99.86666666666666,10.770151515151513,princta02-2019
youngtr01,31.966666666666665,9.9,201901260POR-ATL,201901260POR-POR,ATL-2019,0,2019,316.46999999999997,10.770151515151513,youngtr01-2019
collijo01,28.766666666666666,4.7,201901260POR-ATL,201901260POR-POR,ATL-2019,0,2019,135.20333333333335,10.770151515151513,collijo01-2019
bembrde01,26.066666666666666,-6.4,201901260POR-ATL,201901260POR-POR,ATL-2019,0,2019,-166.82666666666668,10.770151515151513,bembrde01-2019
dedmode01,23.3,4.6,201901260POR-ATL,201901260POR-POR,ATL-2019,0,2019,107.17999999999999,10.770151515151513,dedmode01-2019
huertke01,21.133333333333333,-8,201901260POR-ATL,201901260POR-POR,ATL-2019,0,2019,-169.06666666666666,10.770151515151513,huertke01-2019
linje01,20.583333333333332,-2.2,201901260POR-ATL,201901260POR-POR,ATL-2019,0,2019,-45.28333333333333,10.770151515151513,linje01-2019
spellom01,15.05,-0.9,201901260POR-ATL,201901260POR-POR,ATL-2019,0,2019,-13.545000000000002,10.770151515151513,spellom01-2019
cartevi01,14.583333333333334,1.3,201901260POR-ATL,201901260POR-POR,ATL-2019,0,2019,18.958333333333336,10.770151515151513,cartevi01-2019
lenal01,13.733333333333333,2.5,201901260POR-ATL,201901260POR-POR,ATL-2019,0,2019,34.33333333333333,10.770151515151513,lenal01-2019
dorsety01,9.15,0.1,201901260POR-ATL,201901260POR-POR,ATL-2019,0,2019,0.915,10.770151515151513,dorsety01-2019
inglejo01,27.2,3.7,201901300POR-UTA,201901300POR-POR,UTA-2019,0,2019,100.64,-0.31666666666666854,inglejo01-2019
mitchdo01,27.2,1.6,201901300POR-UTA,201901300POR-POR,UTA-2019,0,2019,43.52,-0.31666666666666854,mitchdo01-2019
goberru01,26.633333333333333,4.2,201901300POR-UTA,201901300POR-POR,UTA-2019,0,2019,111.86,-0.31666666666666854,goberru01-2019
rubiori01,26.35,-2.3,201901300POR-UTA,201901300POR-POR,UTA-2019,0,2019,-60.605,-0.31666666666666854,rubiori01-2019
crowdja01,24.533333333333335,-4.4,201901300POR-UTA,201901300POR-POR,UTA-2019,0,2019,-107.94666666666669,-0.31666666666666854,crowdja01-2019
favorde01,24.333333333333332,0.4,201901300POR-UTA,201901300POR-POR,UTA-2019,0,2019,9.733333333333334,-0.31666666666666854,favorde01-2019
onealro01,21.25,-2.2,201901300POR-UTA,201901300POR-POR,UTA-2019,0,2019,-46.75000000000001,-0.31666666666666854,onealro01-2019
allengr01,17.416666666666668,-0.5,201901300POR-UTA,201901300POR-POR,UTA-2019,0,2019,-8.708333333333334,-0.31666666666666854,allengr01-2019
niangge01,14.15,-2,201901300POR-UTA,201901300POR-POR,UTA-2019,0,2019,-28.3,-0.31666666666666854,niangge01-2019
korveky01,13.566666666666666,-1.5,201901300POR-UTA,201901300POR-POR,UTA-2019,0,2019,-20.35,-0.31666666666666854,korveky01-2019
mitrona01,6.666666666666667,-1.7,201901300POR-UTA,201901300POR-POR,UTA-2019,0,2019,-11.333333333333334,-0.31666666666666854,mitrona01-2019
udohek01,6.666666666666667,2.3,201901300POR-UTA,201901300POR-POR,UTA-2019,0,2019,15.333333333333332,-0.31666666666666854,udohek01-2019
cavanty01,4.033333333333333,-0.3,201901300POR-UTA,201901300POR-POR,UTA-2019,0,2019,-1.21,-0.31666666666666854,cavanty01-2019
winslju01,35.43333333333333,-6.8,201902050POR-MIA,201902050POR-POR,MIA-2019,1,2019,-240.94666666666663,58.661111111111104,winslju01-2019
richajo01,33.733333333333334,5.3,201902050POR-MIA,201902050POR-POR,MIA-2019,1,2019,178.78666666666666,58.661111111111104,richajo01-2019
whiteha01,30.016666666666666,13.7,201902050POR-MIA,201902050POR-POR,MIA-2019,1,2019,411.2283333333333,58.661111111111104,whiteha01-2019
johnsty01,29.033333333333335,-4.6,201902050POR-MIA,201902050POR-POR,MIA-2019,1,2019,-133.55333333333334,58.661111111111104,johnsty01-2019
wadedw01,28.833333333333332,3.3,201902050POR-MIA,201902050POR-POR,MIA-2019,1,2019,95.14999999999999,58.661111111111104,wadedw01-2019
johnsja01,26.65,6.3,201902050POR-MIA,201902050POR-POR,MIA-2019,1,2019,167.89499999999998,58.661111111111104,johnsja01-2019
olynyke01,19.516666666666666,-1,201902050POR-MIA,201902050POR-POR,MIA-2019,1,2019,-19.516666666666666,58.661111111111104,olynyke01-2019
waitedi01,18.8,2.9,201902050POR-MIA,201902050POR-POR,MIA-2019,1,2019,54.52,58.661111111111104,waitedi01-2019
adebaba01,17.983333333333334,0.8,201902050POR-MIA,201902050POR-POR,MIA-2019,1,2019,14.386666666666668,58.661111111111104,adebaba01-2019
aldrila01,35.13333333333333,-7.4,201902070POR-SAS,201902070POR-POR,SAS-2019,0,2019,-259.9866666666667,10.811388888888887,aldrila01-2019
derozde01,34.53333333333333,1.1,201902070POR-SAS,201902070POR-POR,SAS-2019,0,2019,37.986666666666665,10.811388888888887,derozde01-2019
gayru01,31.9,5.3,201902070POR-SAS,201902070POR-POR,SAS-2019,0,2019,169.07,10.811388888888887,gayru01-2019
millspa02,29.2,1.3,201902070POR-SAS,201902070POR-POR,SAS-2019,0,2019,37.96,10.811388888888887,millspa02-2019
belinma01,24.9,0.6,201902070POR-SAS,201902070POR-POR,SAS-2019,0,2019,14.939999999999998,10.811388888888887,belinma01-2019
bertada01,24,-1.2,201902070POR-SAS,201902070POR-POR,SAS-2019,0,2019,-28.799999999999997,10.811388888888887,bertada01-2019
forbebr01,23.416666666666668,4.1,201902070POR-SAS,201902070POR-POR,SAS-2019,0,2019,96.00833333333333,10.811388888888887,forbebr01-2019
cunnida01,17.2,1.3,201902070POR-SAS,201902070POR-POR,SAS-2019,0,2019,22.36,10.811388888888887,cunnida01-2019
poeltja01,12.866666666666667,3,201902070POR-SAS,201902070POR-POR,SAS-2019,0,2019,38.6,10.811388888888887,poeltja01-2019
eubandr01,2.283333333333333,1,201902070POR-SAS,201902070POR-POR,SAS-2019,0,2019,2.283333333333333,10.811388888888887,eubandr01-2019
metuch01,2.283333333333333,-0.1,201902070POR-SAS,201902070POR-POR,SAS-2019,0,2019,-0.22833333333333333,10.811388888888887,metuch01-2019
pondequ01,2.283333333333333,-0.2,201902070POR-SAS,201902070POR-POR,SAS-2019,0,2019,-0.45666666666666667,10.811388888888887,pondequ01-2019
lillada01,36.31666666666667,7.6,201902100DAL-POR,201902100DAL-DAL,POR-2019,0,2019,276.00666666666666,30.317575757575757,lillada01-2019
mccolcj01,33.65,-2.2,201902100DAL-POR,201902100DAL-DAL,POR-2019,0,2019,-74.03,30.317575757575757,mccolcj01-2019
laymaja01,25.966666666666665,-1.3,201902100DAL-POR,201902100DAL-DAL,POR-2019,0,2019,-33.75666666666667,30.317575757575757,laymaja01-2019
hoodro01,24.466666666666665,0.9,201902100DAL-POR,201902100DAL-DAL,POR-2019,0,2019,22.02,30.317575757575757,hoodro01-2019
harklma01,23.533333333333335,-2,201902100DAL-POR,201902100DAL-DAL,POR-2019,0,2019,-47.06666666666667,30.317575757575757,harklma01-2019
aminual01,22.033333333333335,-0.4,201902100DAL-POR,201902100DAL-DAL,POR-2019,0,2019,-8.813333333333334,30.317575757575757,aminual01-2019
nurkiju01,21.316666666666666,4.9,201902100DAL-POR,201902100DAL-DAL,POR-2019,0,2019,104.45166666666667,30.317575757575757,nurkiju01-2019
colliza01,18.216666666666665,3.8,201902100DAL-POR,201902100DAL-DAL,POR-2019,0,2019,69.22333333333333,30.317575757575757,colliza01-2019
turneev01,15.45,3.1,201902100DAL-POR,201902100DAL-DAL,POR-2019,0,2019,47.894999999999996,30.317575757575757,turneev01-2019
curryse01,10.583333333333334,-1.4,201902100DAL-POR,201902100DAL-DAL,POR-2019,0,2019,-14.816666666666666,30.317575757575757,curryse01-2019
leoname01,8.466666666666667,-0.9,201902100DAL-POR,201902100DAL-DAL,POR-2019,0,2019,-7.62,30.317575757575757,leoname01-2019
mccolcj01,37.166666666666664,-6.2,201902110OKC-POR,201902110OKC-OKC,POR-2019,0,2019,-230.43333333333334,30.70984848484849,mccolcj01-2019
lillada01,36.81666666666667,7.2,201902110OKC-POR,201902110OKC-OKC,POR-2019,0,2019,265.08000000000004,30.70984848484849,lillada01-2019
aminual01,33.31666666666667,1.6,201902110OKC-POR,201902110OKC-OKC,POR-2019,0,2019,53.30666666666667,30.70984848484849,aminual01-2019
nurkiju01,29.5,-1.4,201902110OKC-POR,201902110OKC-OKC,POR-2019,0,2019,-41.3,30.70984848484849,nurkiju01-2019
laymaja01,28.383333333333333,9.4,201902110OKC-POR,201902110OKC-OKC,POR-2019,0,2019,266.80333333333334,30.70984848484849,laymaja01-2019
harklma01,20.483333333333334,0.2,201902110OKC-POR,201902110OKC-OKC,POR-2019,0,2019,4.096666666666667,30.70984848484849,harklma01-2019
hoodro01,16.65,2,201902110OKC-POR,201902110OKC-OKC,POR-2019,0,2019,33.3,30.70984848484849,hoodro01-2019
turneev01,13.616666666666667,-0.4,201902110OKC-POR,201902110OKC-OKC,POR-2019,0,2019,-5.446666666666667,30.70984848484849,turneev01-2019
colliza01,10.15,1.5,201902110OKC-POR,201902110OKC-OKC,POR-2019,0,2019,15.225000000000001,30.70984848484849,colliza01-2019
leoname01,8.35,-1.8,201902110OKC-POR,201902110OKC-OKC,POR-2019,0,2019,-15.03,30.70984848484849,leoname01-2019
curryse01,5.566666666666666,-1.4,201902110OKC-POR,201902110OKC-OKC,POR-2019,0,2019,-7.793333333333332,30.70984848484849,curryse01-2019
duranke01,33.016666666666666,13,201902130POR-GSW,201902130POR-POR,GSW-2019,0,2019,429.21666666666664,26.4015,duranke01-2019
curryst01,32.61666666666667,6.6,201902130POR-GSW,201902130POR-POR,GSW-2019,0,2019,215.26999999999998,26.4015,curryst01-2019
thompkl01,32.21666666666667,-5.6,201902130POR-GSW,201902130POR-POR,GSW-2019,0,2019,-180.41333333333333,26.4015,thompkl01-2019
greendr01,32.166666666666664,0.5,201902130POR-GSW,201902130POR-POR,GSW-2019,0,2019,16.083333333333332,26.4015,greendr01-2019
looneke01,23.816666666666666,-2.9,201902130POR-GSW,201902130POR-POR,GSW-2019,0,2019,-69.06833333333333,26.4015,looneke01-2019
jerebjo01,23.6,2,201902130POR-GSW,201902130POR-POR,GSW-2019,0,2019,47.2,26.4015,jerebjo01-2019
mckinal01,17.55,-3.7,201902130POR-GSW,201902130POR-POR,GSW-2019,0,2019,-64.935,26.4015,mckinal01-2019
belljo01,16.416666666666668,-1.1,201902130POR-GSW,201902130POR-POR,GSW-2019,0,2019,-18.058333333333337,26.4015,belljo01-2019
cookqu01,15.383333333333333,-5,201902130POR-GSW,201902130POR-POR,GSW-2019,0,2019,-76.91666666666666,26.4015,cookqu01-2019
leeda03,13.216666666666667,-2.6,201902130POR-GSW,201902130POR-POR,GSW-2019,0,2019,-34.36333333333334,26.4015,leeda03-2019
lillada01,36.43333333333333,1.8,201902210BRK-POR,201902210BRK-BRK,POR-2019,1,2019,65.58,74.26083333333334,lillada01-2019
mccolcj01,30.583333333333332,5.9,201902210BRK-POR,201902210BRK-BRK,POR-2019,1,2019,180.44166666666666,74.26083333333334,mccolcj01-2019
aminual01,30.066666666666666,5.4,201902210BRK-POR,201902210BRK-BRK,POR-2019,1,2019,162.36,74.26083333333334,aminual01-2019
harklma01,28.583333333333332,4.8,201902210BRK-POR,201902210BRK-BRK,POR-2019,1,2019,137.2,74.26083333333334,harklma01-2019
nurkiju01,28.2,6.7,201902210BRK-POR,201902210BRK-BRK,POR-2019,1,2019,188.94,74.26083333333334,nurkiju01-2019
laymaja01,23.716666666666665,0.7,201902210BRK-POR,201902210BRK-BRK,POR-2019,1,2019,16.601666666666663,74.26083333333334,laymaja01-2019
kanteen01,19.8,7.4,201902210BRK-POR,201902210BRK-BRK,POR-2019,1,2019,146.52,74.26083333333334,kanteen01-2019
hoodro01,19.416666666666668,-3.3,201902210BRK-POR,201902210BRK-BRK,POR-2019,1,2019,-64.075,74.26083333333334,hoodro01-2019
curryse01,14.933333333333334,-3.6,201902210BRK-POR,201902210BRK-BRK,POR-2019,1,2019,-53.760000000000005,74.26083333333334,curryse01-2019
turneev01,8.266666666666667,-4.5,201902210BRK-POR,201902210BRK-BRK,POR-2019,1,2019,-37.2,74.26083333333334,turneev01-2019
mccolcj01,33.666666666666664,-1.9,201902230PHI-POR,201902230PHI-PHI,POR-2019,1,2019,-63.96666666666666,45.535694444444445,mccolcj01-2019
lillada01,29.633333333333333,6.2,201902230PHI-POR,201902230PHI-PHI,POR-2019,1,2019,183.72666666666666,45.535694444444445,lillada01-2019
laymaja01,27.5,-2.2,201902230PHI-POR,201902230PHI-PHI,POR-2019,1,2019,-60.50000000000001,45.535694444444445,laymaja01-2019
aminual01,26.983333333333334,3,201902230PHI-POR,201902230PHI-PHI,POR-2019,1,2019,80.95,45.535694444444445,aminual01-2019
nurkiju01,23.533333333333335,9.4,201902230PHI-POR,201902230PHI-PHI,POR-2019,1,2019,221.21333333333337,45.535694444444445,nurkiju01-2019
curryse01,22.433333333333334,2.1,201902230PHI-POR,201902230PHI-PHI,POR-2019,1,2019,47.11,45.535694444444445,curryse01-2019
hoodro01,22.35,-1.1,201902230PHI-POR,201902230PHI-PHI,POR-2019,1,2019,-24.585000000000004,45.535694444444445,hoodro01-2019
harklma01,22.283333333333335,7.3,201902230PHI-POR,201902230PHI-PHI,POR-2019,1,2019,162.66833333333335,45.535694444444445,harklma01-2019
kanteen01,20.666666666666668,0.1,201902230PHI-POR,201902230PHI-PHI,POR-2019,1,2019,2.066666666666667,45.535694444444445,kanteen01-2019
colliza01,3.8,1.4,201902230PHI-POR,201902230PHI-PHI,POR-2019,1,2019,5.319999999999999,45.535694444444445,colliza01-2019
trentga02,3.8,-1.2,201902230PHI-POR,201902230PHI-PHI,POR-2019,1,2019,-4.56,45.535694444444445,trentga02-2019
labissk01,3.35,-0.9,201902230PHI-POR,201902230PHI-PHI,POR-2019,1,2019,-3.015,45.535694444444445,labissk01-2019
lillada01,37.333333333333336,1.4,201902250CLE-POR,201902250CLE-CLE,POR-2019,1,2019,52.266666666666666,48.86833333333334,lillada01-2019
mccolcj01,35.9,7.4,201902250CLE-POR,201902250CLE-CLE,POR-2019,1,2019,265.66,48.86833333333334,mccolcj01-2019
aminual01,29.466666666666665,-0.1,201902250CLE-POR,201902250CLE-CLE,POR-2019,1,2019,-2.9466666666666668,48.86833333333334,aminual01-2019
nurkiju01,29.166666666666668,0.4,201902250CLE-POR,201902250CLE-CLE,POR-2019,1,2019,11.666666666666668,48.86833333333334,nurkiju01-2019
harklma01,26.066666666666666,3.2,201902250CLE-POR,201902250CLE-CLE,POR-2019,1,2019,83.41333333333334,48.86833333333334,harklma01-2019
kanteen01,18.833333333333332,0.2,201902250CLE-POR,201902250CLE-CLE,POR-2019,1,2019,3.7666666666666666,48.86833333333334,kanteen01-2019
hoodro01,18,-1.8,201902250CLE-POR,201902250CLE-CLE,POR-2019,1,2019,-32.4,48.86833333333334,hoodro01-2019
laymaja01,16.416666666666668,1.4,201902250CLE-POR,201902250CLE-CLE,POR-2019,1,2019,22.983333333333334,48.86833333333334,laymaja01-2019
curryse01,15.783333333333333,6,201902250CLE-POR,201902250CLE-CLE,POR-2019,1,2019,94.7,48.86833333333334,curryse01-2019
colliza01,13.033333333333333,-0.8,201902250CLE-POR,201902250CLE-CLE,POR-2019,1,2019,-10.426666666666668,48.86833333333334,colliza01-2019
mccolcj01,37.46666666666667,-4.4,201902270BOS-POR,201902270BOS-BOS,POR-2019,1,2019,-164.85333333333335,83.37166666666666,mccolcj01-2019
lillada01,37.28333333333333,12.2,201902270BOS-POR,201902270BOS-BOS,POR-2019,1,2019,454.8566666666666,83.37166666666666,lillada01-2019
harklma01,37.166666666666664,7.2,201902270BOS-POR,201902270BOS-BOS,POR-2019,1,2019,267.59999999999997,83.37166666666666,harklma01-2019
nurkiju01,29.616666666666667,7.1,201902270BOS-POR,201902270BOS-BOS,POR-2019,1,2019,210.27833333333334,83.37166666666666,nurkiju01-2019
aminual01,27.883333333333333,4.6,201902270BOS-POR,201902270BOS-BOS,POR-2019,1,2019,128.26333333333332,83.37166666666666,aminual01-2019
curryse01,20.033333333333335,-4.5,201902270BOS-POR,201902270BOS-BOS,POR-2019,1,2019,-90.15,83.37166666666666,curryse01-2019
hoodro01,19.933333333333334,-6.3,201902270BOS-POR,201902270BOS-BOS,POR-2019,1,2019,-125.58,83.37166666666666,hoodro01-2019
kanteen01,18.183333333333334,1.8,201902270BOS-POR,201902270BOS-BOS,POR-2019,1,2019,32.730000000000004,83.37166666666666,kanteen01-2019
laymaja01,12.4,3,201902270BOS-POR,201902270BOS-BOS,POR-2019,1,2019,37.2,83.37166666666666,laymaja01-2019
mccolcj01,39.8,11.3,201903010TOR-POR,201903010TOR-TOR,POR-2019,0,2019,449.74,69.04366666666667,mccolcj01-2019
lillada01,37.43333333333333,4.1,201903010TOR-POR,201903010TOR-TOR,POR-2019,0,2019,153.47666666666663,69.04366666666667,lillada01-2019
laymaja01,26.983333333333334,1.3,201903010TOR-POR,201903010TOR-TOR,POR-2019,0,2019,35.07833333333333,69.04366666666667,laymaja01-2019
harklma01,26.75,4.6,201903010TOR-POR,201903010TOR-TOR,POR-2019,0,2019,123.05,69.04366666666667,harklma01-2019
hoodro01,21.3,-6.7,201903010TOR-POR,201903010TOR-TOR,POR-2019,0,2019,-142.71,69.04366666666667,hoodro01-2019
aminual01,21.016666666666666,2.3,201903010TOR-POR,201903010TOR-TOR,POR-2019,0,2019,48.338333333333324,69.04366666666667,aminual01-2019
nurkiju01,19.4,3.6,201903010TOR-POR,201903010TOR-TOR,POR-2019,0,2019,69.84,69.04366666666667,nurkiju01-2019
curryse01,18.716666666666665,0.4,201903010TOR-POR,201903010TOR-TOR,POR-2019,0,2019,7.486666666666666,69.04366666666667,curryse01-2019
leoname01,18.633333333333333,-1.5,201903010TOR-POR,201903010TOR-TOR,POR-2019,0,2019,-27.95,69.04366666666667,leoname01-2019
colliza01,9.966666666666667,-2.6,201903010TOR-POR,201903010TOR-TOR,POR-2019,0,2019,-25.913333333333334,69.04366666666667,colliza01-2019
batumni01,41.766666666666666,1.2,201903030CHO-CHO,201903030CHO-POR,CHH-2019,0,2019,50.12,16.643888888888892,batumni01-2019
walkeke02,38.666666666666664,-4.6,201903030CHO-CHO,201903030CHO-POR,CHH-2019,0,2019,-177.86666666666665,16.643888888888892,walkeke02-2019
lambje01,34.45,4.2,201903030CHO-CHO,201903030CHO-POR,CHH-2019,0,2019,144.69000000000003,16.643888888888892,lambje01-2019
willima02,28.883333333333333,1.7,201903030CHO-CHO,201903030CHO-POR,CHH-2019,0,2019,49.10166666666667,16.643888888888892,willima02-2019
kaminfr01,27.733333333333334,0,201903030CHO-CHO,201903030CHO-POR,CHH-2019,0,2019,0,16.643888888888892,kaminfr01-2019
zelleco01,21.333333333333332,-0.6,201903030CHO-CHO,201903030CHO-POR,CHH-2019,0,2019,-12.799999999999999,16.643888888888892,zelleco01-2019
bridgmi02,16.766666666666666,1.8,201903030CHO-CHO,201903030CHO-POR,CHH-2019,0,2019,30.18,16.643888888888892,bridgmi02-2019
biyombi01,16.5,0.4,201903030CHO-CHO,201903030CHO-POR,CHH-2019,0,2019,6.6000000000000005,16.643888888888892,biyombi01-2019
parketo01,13.9,4.3,201903030CHO-CHO,201903030CHO-POR,CHH-2019,0,2019,59.769999999999996,16.643888888888892,parketo01-2019
lillada01,36.85,-0.2,201903050MEM-POR,201903050MEM-MEM,POR-2019,0,2019,-7.370000000000001,49.21183333333333,lillada01-2019
mccolcj01,35.333333333333336,8,201903050MEM-POR,201903050MEM-MEM,POR-2019,0,2019,282.6666666666667,49.21183333333333,mccolcj01-2019
harklma01,31.983333333333334,5.7,201903050MEM-POR,201903050MEM-MEM,POR-2019,0,2019,182.305,49.21183333333333,harklma01-2019
nurkiju01,30.7,4.8,201903050MEM-POR,201903050MEM-MEM,POR-2019,0,2019,147.35999999999999,49.21183333333333,nurkiju01-2019
aminual01,27,0.4,201903050MEM-POR,201903050MEM-MEM,POR-2019,0,2019,10.8,49.21183333333333,aminual01-2019
hoodro01,19.616666666666667,-1.5,201903050MEM-POR,201903050MEM-MEM,POR-2019,0,2019,-29.425,49.21183333333333,hoodro01-2019
laymaja01,17.4,-0.1,201903050MEM-POR,201903050MEM-MEM,POR-2019,0,2019,-1.74,49.21183333333333,laymaja01-2019
kanteen01,16.983333333333334,-0.5,201903050MEM-POR,201903050MEM-MEM,POR-2019,0,2019,-8.491666666666667,49.21183333333333,kanteen01-2019
curryse01,14.166666666666666,-3.4,201903050MEM-POR,201903050MEM-MEM,POR-2019,0,2019,-48.166666666666664,49.21183333333333,curryse01-2019
turneev01,9.95,-3.6,201903050MEM-POR,201903050MEM-MEM,POR-2019,0,2019,-35.82,49.21183333333333,turneev01-2019
georgpa01,43.18333333333333,8.8,201903070POR-OKC,201903070POR-POR,OKC-2019,1,2019,380.0133333333333,78.30233333333334,georgpa01-2019
westbru01,40.06666666666667,3.1,201903070POR-OKC,201903070POR-POR,OKC-2019,1,2019,124.20666666666668,78.30233333333334,westbru01-2019
adamsst01,38.78333333333333,3.1,201903070POR-OKC,201903070POR-POR,OKC-2019,1,2019,120.22833333333332,78.30233333333334,adamsst01-2019
fergute01,29.033333333333335,1.1,201903070POR-OKC,201903070POR-POR,OKC-2019,1,2019,31.93666666666667,78.30233333333334,fergute01-2019
schrode01,26.9,-1.4,201903070POR-OKC,201903070POR-POR,OKC-2019,1,2019,-37.66,78.30233333333334,schrode01-2019
grantje01,25.9,5.3,201903070POR-OKC,201903070POR-POR,OKC-2019,1,2019,137.26999999999998,78.30233333333334,grantje01-2019
morrima02,22.65,0.4,201903070POR-OKC,201903070POR-POR,OKC-2019,1,2019,9.06,78.30233333333334,morrima02-2019
naderab01,21.816666666666666,0.9,201903070POR-OKC,201903070POR-POR,OKC-2019,1,2019,19.635,78.30233333333334,naderab01-2019
noelne01,14.216666666666667,-0.1,201903070POR-OKC,201903070POR-POR,OKC-2019,1,2019,-1.4216666666666669,78.30233333333334,noelne01-2019
feltora01,2.45,-0.1,201903070POR-OKC,201903070POR-POR,OKC-2019,1,2019,-0.24500000000000002,78.30233333333334,feltora01-2019
johnsty01,32.45,2.8,201903090POR-PHO,201903090POR-POR,PHO-2019,0,2019,90.86,13.7575,johnsty01-2019
aytonde01,31.8,0.7,201903090POR-PHO,201903090POR-POR,PHO-2019,0,2019,22.259999999999998,13.7575,aytonde01-2019
bookede01,30.583333333333332,0.1,201903090POR-PHO,201903090POR-POR,PHO-2019,0,2019,3.0583333333333336,13.7575,bookede01-2019
oubreke01,29.25,-0.5,201903090POR-PHO,201903090POR-POR,PHO-2019,0,2019,-14.625,13.7575,oubreke01-2019
bridgmi01,26.183333333333334,3.7,201903090POR-PHO,201903090POR-POR,PHO-2019,0,2019,96.87833333333334,13.7575,bridgmi01-2019
jacksjo02,21.866666666666667,-1.2,201903090POR-PHO,201903090POR-POR,PHO-2019,0,2019,-26.24,13.7575,jacksjo02-2019
crawfja01,20.483333333333334,-0.5,201903090POR-PHO,201903090POR-POR,PHO-2019,0,2019,-10.241666666666667,13.7575,crawfja01-2019
bendedr01,15.616666666666667,0.9,201903090POR-PHO,201903090POR-POR,PHO-2019,0,2019,14.055000000000001,13.7575,bendedr01-2019
holmeri01,12.35,-2,201903090POR-PHO,201903090POR-POR,PHO-2019,0,2019,-24.7,13.7575,holmeri01-2019
meltode01,8.083333333333334,0.1,201903090POR-PHO,201903090POR-POR,PHO-2019,0,2019,0.8083333333333335,13.7575,meltode01-2019
danietr01,7.483333333333333,2.3,201903090POR-PHO,201903090POR-POR,PHO-2019,0,2019,17.211666666666666,13.7575,danietr01-2019
spaldra01,3.85,-1.1,201903090POR-PHO,201903090POR-POR,PHO-2019,0,2019,-4.235,13.7575,spaldra01-2019
mccolcj01,35.46666666666667,15.7,201903120LAC-POR,201903120LAC-LAC,POR-2019,1,2019,556.8266666666667,79.82777777777778,mccolcj01-2019
lillada01,33.88333333333333,10.1,201903120LAC-POR,201903120LAC-LAC,POR-2019,1,2019,342.22166666666664,79.82777777777778,lillada01-2019
harklma01,26.683333333333334,2.3,201903120LAC-POR,201903120LAC-LAC,POR-2019,1,2019,61.37166666666666,79.82777777777778,harklma01-2019
nurkiju01,25.366666666666667,0.6,201903120LAC-POR,201903120LAC-LAC,POR-2019,1,2019,15.219999999999999,79.82777777777778,nurkiju01-2019
laymaja01,25.233333333333334,-1.3,201903120LAC-POR,201903120LAC-LAC,POR-2019,1,2019,-32.803333333333335,79.82777777777778,laymaja01-2019
aminual01,24.9,-0.3,201903120LAC-POR,201903120LAC-LAC,POR-2019,1,2019,-7.469999999999999,79.82777777777778,aminual01-2019
kanteen01,20.133333333333333,2.6,201903120LAC-POR,201903120LAC-LAC,POR-2019,1,2019,52.346666666666664,79.82777777777778,kanteen01-2019
curryse01,20.116666666666667,0.5,201903120LAC-POR,201903120LAC-LAC,POR-2019,1,2019,10.058333333333334,79.82777777777778,curryse01-2019
colliza01,12.883333333333333,-2.5,201903120LAC-POR,201903120LAC-LAC,POR-2019,1,2019,-32.20833333333333,79.82777777777778,colliza01-2019
turneev01,10.266666666666667,-0.4,201903120LAC-POR,201903120LAC-LAC,POR-2019,1,2019,-4.106666666666667,79.82777777777778,turneev01-2019
labissk01,2.5166666666666666,-1.3,201903120LAC-POR,201903120LAC-LAC,POR-2019,1,2019,-3.2716666666666665,79.82777777777778,labissk01-2019
trentga02,2.5166666666666666,-0.1,201903120LAC-POR,201903120LAC-LAC,POR-2019,1,2019,-0.25166666666666665,79.82777777777778,trentga02-2019
mccolcj01,38,3.8,201903150NOP-POR,201903150NOP-NOP,POR-2019,1,2019,144.4,56.662333333333336,mccolcj01-2019
lillada01,35.06666666666667,7.8,201903150NOP-POR,201903150NOP-NOP,POR-2019,1,2019,273.52000000000004,56.662333333333336,lillada01-2019
hoodro01,28.183333333333334,3.1,201903150NOP-POR,201903150NOP-NOP,POR-2019,1,2019,87.36833333333334,56.662333333333336,hoodro01-2019
aminual01,25.683333333333334,0.6,201903150NOP-POR,201903150NOP-NOP,POR-2019,1,2019,15.41,56.662333333333336,aminual01-2019
colliza01,23.316666666666666,3.5,201903150NOP-POR,201903150NOP-NOP,POR-2019,1,2019,81.60833333333333,56.662333333333336,colliza01-2019
nurkiju01,22.1,-0.7,201903150NOP-POR,201903150NOP-NOP,POR-2019,1,2019,-15.47,56.662333333333336,nurkiju01-2019
kanteen01,20.083333333333332,4.1,201903150NOP-POR,201903150NOP-NOP,POR-2019,1,2019,82.34166666666665,56.662333333333336,kanteen01-2019
curryse01,19.383333333333333,-1.1,201903150NOP-POR,201903150NOP-NOP,POR-2019,1,2019,-21.32166666666667,56.662333333333336,curryse01-2019
turneev01,14.983333333333333,-0.4,201903150NOP-POR,201903150NOP-NOP,POR-2019,1,2019,-5.993333333333333,56.662333333333336,turneev01-2019
laymaja01,13.2,-5.7,201903150NOP-POR,201903150NOP-NOP,POR-2019,1,2019,-75.24,56.662333333333336,laymaja01-2019
lillada01,37.78333333333333,9.7,201903160SAS-POR,201903160SAS-SAS,POR-2019,0,2019,366.4983333333333,51.592833333333324,lillada01-2019
nurkiju01,33.666666666666664,6,201903160SAS-POR,201903160SAS-SAS,POR-2019,0,2019,202,51.592833333333324,nurkiju01-2019
harklma01,29.366666666666667,0.5,201903160SAS-POR,201903160SAS-SAS,POR-2019,0,2019,14.683333333333334,51.592833333333324,harklma01-2019
hoodro01,24.983333333333334,-0.3,201903160SAS-POR,201903160SAS-SAS,POR-2019,0,2019,-7.495,51.592833333333324,hoodro01-2019
aminual01,23.333333333333332,-1.1,201903160SAS-POR,201903160SAS-SAS,POR-2019,0,2019,-25.666666666666668,51.592833333333324,aminual01-2019
mccolcj01,22.516666666666666,1.7,201903160SAS-POR,201903160SAS-SAS,POR-2019,0,2019,38.27833333333333,51.592833333333324,mccolcj01-2019
laymaja01,19.4,-0.3,201903160SAS-POR,201903160SAS-SAS,POR-2019,0,2019,-5.819999999999999,51.592833333333324,laymaja01-2019
curryse01,18.616666666666667,-0.4,201903160SAS-POR,201903160SAS-SAS,POR-2019,0,2019,-7.446666666666667,51.592833333333324,curryse01-2019
turneev01,16.216666666666665,-2.6,201903160SAS-POR,201903160SAS-SAS,POR-2019,0,2019,-42.163333333333334,51.592833333333324,turneev01-2019
kanteen01,14.116666666666667,-1.2,201903160SAS-POR,201903160SAS-SAS,POR-2019,0,2019,-16.94,51.592833333333324,kanteen01-2019
youngth01,35.68333333333333,-4.7,201903180POR-IND,201903180POR-POR,IND-2019,0,2019,-167.71166666666664,23.9995,youngth01-2019
turnemy01,31.4,6.6,201903180POR-IND,201903180POR-POR,IND-2019,0,2019,207.23999999999998,23.9995,turnemy01-2019
matthwe02,30.466666666666665,5.6,201903180POR-IND,201903180POR-POR,IND-2019,0,2019,170.61333333333332,23.9995,matthwe02-2019
bogdabo02,27.55,2,201903180POR-IND,201903180POR-POR,IND-2019,0,2019,55.1,23.9995,bogdabo02-2019
collida01,27.183333333333334,1.1,201903180POR-IND,201903180POR-POR,IND-2019,0,2019,29.90166666666667,23.9995,collida01-2019
sabondo01,25.883333333333333,-6.6,201903180POR-IND,201903180POR-POR,IND-2019,0,2019,-170.82999999999998,23.9995,sabondo01-2019
josepco01,23.25,2.9,201903180POR-IND,201903180POR-POR,IND-2019,0,2019,67.425,23.9995,josepco01-2019
evansty01,18.85,-0.2,201903180POR-IND,201903180POR-POR,IND-2019,0,2019,-3.7700000000000005,23.9995,evansty01-2019
mcderdo01,16.95,3.2,201903180POR-IND,201903180POR-POR,IND-2019,0,2019,54.24,23.9995,mcderdo01-2019
leaftj01,2.7666666666666666,-0.8,201903180POR-IND,201903180POR-POR,IND-2019,0,2019,-2.2133333333333334,23.9995,leaftj01-2019
jacksju01,33.75,2.5,201903200POR-DAL,201903200POR-POR,DAL-2019,0,2019,84.375,17.514358974358974,jacksju01-2019
doncilu01,28.833333333333332,3,201903200POR-DAL,201903200POR-POR,DAL-2019,0,2019,86.5,17.514358974358974,doncilu01-2019
brunsja01,26.15,3.5,201903200POR-DAL,201903200POR-POR,DAL-2019,0,2019,91.52499999999999,17.514358974358974,brunsja01-2019
poweldw01,25.75,-1.6,201903200POR-DAL,201903200POR-POR,DAL-2019,0,2019,-41.2,17.514358974358974,poweldw01-2019
hardati02,23.7,1.6,201903200POR-DAL,201903200POR-POR,DAL-2019,0,2019,37.92,17.514358974358974,hardati02-2019
burketr01,21.85,-0.1,201903200POR-DAL,201903200POR-POR,DAL-2019,0,2019,-2.185,17.514358974358974,burketr01-2019
mejrisa01,18.35,0.4,201903200POR-DAL,201903200POR-POR,DAL-2019,0,2019,7.340000000000001,17.514358974358974,mejrisa01-2019
leeco01,15.383333333333333,-0.4,201903200POR-DAL,201903200POR-POR,DAL-2019,0,2019,-6.153333333333333,17.514358974358974,leeco01-2019
nowitdi01,14.25,-2.1,201903200POR-DAL,201903200POR-POR,DAL-2019,0,2019,-29.925,17.514358974358974,nowitdi01-2019
finnedo01,11.316666666666666,-0.4,201903200POR-DAL,201903200POR-POR,DAL-2019,0,2019,-4.526666666666666,17.514358974358974,finnedo01-2019
harride01,9.6,0.7,201903200POR-DAL,201903200POR-POR,DAL-2019,0,2019,6.72,17.514358974358974,harride01-2019
antetko01,5.883333333333333,-0.9,201903200POR-DAL,201903200POR-POR,DAL-2019,0,2019,-5.295,17.514358974358974,antetko01-2019
broekry01,5.183333333333334,0.5,201903200POR-DAL,201903200POR-POR,DAL-2019,0,2019,2.591666666666667,17.514358974358974,broekry01-2019
drumman01,38.68333333333333,1.5,201903230POR-DET,201903230POR-POR,DET-2019,0,2019,58.02499999999999,33.49466666666667,drumman01-2019
griffbl01,35.25,6,201903230POR-DET,201903230POR-POR,DET-2019,0,2019,211.5,33.49466666666667,griffbl01-2019
gallola01,29.683333333333334,-2,201903230POR-DET,201903230POR-POR,DET-2019,0,2019,-59.36666666666667,33.49466666666667,gallola01-2019
kennalu01,28.833333333333332,0,201903230POR-DET,201903230POR-POR,DET-2019,0,2019,0,33.49466666666667,kennalu01-2019
jacksre01,28.2,3,201903230POR-DET,201903230POR-POR,DET-2019,0,2019,84.6,33.49466666666667,jacksre01-2019
smithis01,19.8,0.5,201903230POR-DET,201903230POR-POR,DET-2019,0,2019,9.9,33.49466666666667,smithis01-2019
ellinwa01,19.166666666666668,-0.4,201903230POR-DET,201903230POR-POR,DET-2019,0,2019,-7.666666666666668,33.49466666666667,ellinwa01-2019
brownbr01,18.3,0.9,201903230POR-DET,201903230POR-POR,DET-2019,0,2019,16.470000000000002,33.49466666666667,brownbr01-2019
makerth01,16.066666666666666,1.3,201903230POR-DET,201903230POR-POR,DET-2019,0,2019,20.886666666666667,33.49466666666667,makerth01-2019
pachuza01,5.983333333333333,0.1,201903230POR-DET,201903230POR-POR,DET-2019,0,2019,0.5983333333333334,33.49466666666667,pachuza01-2019
harrijo01,42.96666666666667,-2.9,201903250POR-BRK,201903250POR-POR,BRK-2019,0,2019,-124.60333333333334,41.09092592592592,harrijo01-2019
russeda01,42.2,2.5,201903250POR-BRK,201903250POR-POR,BRK-2019,0,2019,105.5,41.09092592592592,russeda01-2019
dinwisp01,40.983333333333334,-0.7,201903250POR-BRK,201903250POR-POR,BRK-2019,0,2019,-28.688333333333333,41.09092592592592,dinwisp01-2019
carrode01,35.733333333333334,3.5,201903250POR-BRK,201903250POR-POR,BRK-2019,0,2019,125.06666666666666,41.09092592592592,carrode01-2019
dudleja01,35.1,6.5,201903250POR-BRK,201903250POR-POR,BRK-2019,0,2019,228.15,41.09092592592592,dudleja01-2019
allenja01,25.7,-3.2,201903250POR-BRK,201903250POR-POR,BRK-2019,0,2019,-82.24000000000001,41.09092592592592,allenja01-2019
leverca01,24.466666666666665,6.8,201903250POR-BRK,201903250POR-POR,BRK-2019,0,2019,166.3733333333333,41.09092592592592,leverca01-2019
davised01,24.233333333333334,-0.2,201903250POR-BRK,201903250POR-POR,BRK-2019,0,2019,-4.846666666666668,41.09092592592592,davised01-2019
kurucro01,18.616666666666667,-0.8,201903250POR-BRK,201903250POR-POR,BRK-2019,0,2019,-14.893333333333334,41.09092592592592,kurucro01-2019
lillada01,28.45,-2.7,201903270CHI-POR,201903270CHI-CHI,POR-2019,1,2019,-76.815,20.48333333333333,lillada01-2019
colliza01,25.066666666666666,6.2,201903270CHI-POR,201903270CHI-CHI,POR-2019,1,2019,155.41333333333333,20.48333333333333,colliza01-2019
hoodro01,24.233333333333334,3,201903270CHI-POR,201903270CHI-CHI,POR-2019,1,2019,72.7,20.48333333333333,hoodro01-2019
curryse01,23.9,6,201903270CHI-POR,201903270CHI-CHI,POR-2019,1,2019,143.39999999999998,20.48333333333333,curryse01-2019
aminual01,23.216666666666665,4.7,201903270CHI-POR,201903270CHI-CHI,POR-2019,1,2019,109.11833333333333,20.48333333333333,aminual01-2019
turneev01,22.283333333333335,-1.3,201903270CHI-POR,201903270CHI-CHI,POR-2019,1,2019,-28.968333333333337,20.48333333333333,turneev01-2019
kanteen01,21.85,-1.6,201903270CHI-POR,201903270CHI-CHI,POR-2019,1,2019,-34.96,20.48333333333333,kanteen01-2019
harklma01,19.683333333333334,-6.5,201903270CHI-POR,201903270CHI-CHI,POR-2019,1,2019,-127.94166666666666,20.48333333333333,harklma01-2019
laymaja01,19.316666666666666,3,201903270CHI-POR,201903270CHI-CHI,POR-2019,1,2019,57.95,20.48333333333333,laymaja01-2019
leoname01,18,-2,201903270CHI-POR,201903270CHI-CHI,POR-2019,1,2019,-36,20.48333333333333,leoname01-2019
simonan01,6.133333333333334,3.1,201903270CHI-POR,201903270CHI-CHI,POR-2019,1,2019,19.013333333333335,20.48333333333333,simonan01-2019
labissk01,3.9333333333333336,3.3,201903270CHI-POR,201903270CHI-CHI,POR-2019,1,2019,12.98,20.48333333333333,labissk01-2019
trentga02,3.9333333333333336,0.1,201903270CHI-POR,201903270CHI-CHI,POR-2019,1,2019,0.39333333333333337,20.48333333333333,trentga02-2019
lillada01,32.06666666666667,12.3,201903290ATL-POR,201903290ATL-ATL,POR-2019,1,2019,394.4200000000001,45.594230769230776,lillada01-2019
curryse01,30.566666666666666,-1.5,201903290ATL-POR,201903290ATL-ATL,POR-2019,1,2019,-45.85,45.594230769230776,curryse01-2019
aminual01,29.583333333333332,7.1,201903290ATL-POR,201903290ATL-ATL,POR-2019,1,2019,210.04166666666666,45.594230769230776,aminual01-2019
harklma01,29.333333333333332,-1.1,201903290ATL-POR,201903290ATL-ATL,POR-2019,1,2019,-32.266666666666666,45.594230769230776,harklma01-2019
kanteen01,24.966666666666665,1.5,201903290ATL-POR,201903290ATL-ATL,POR-2019,1,2019,37.449999999999996,45.594230769230776,kanteen01-2019
hoodro01,22.866666666666667,-2.8,201903290ATL-POR,201903290ATL-ATL,POR-2019,1,2019,-64.02666666666667,45.594230769230776,hoodro01-2019
laymaja01,19.95,3.3,201903290ATL-POR,201903290ATL-ATL,POR-2019,1,2019,65.835,45.594230769230776,laymaja01-2019
colliza01,18.916666666666668,2.2,201903290ATL-POR,201903290ATL-ATL,POR-2019,1,2019,41.616666666666674,45.594230769230776,colliza01-2019
turneev01,15.583333333333334,-0.9,201903290ATL-POR,201903290ATL-ATL,POR-2019,1,2019,-14.025,45.594230769230776,turneev01-2019
leoname01,7.25,0.2,201903290ATL-POR,201903290ATL-ATL,POR-2019,1,2019,1.4500000000000002,45.594230769230776,leoname01-2019
trentga02,3.6833333333333336,-1.8,201903290ATL-POR,201903290ATL-ATL,POR-2019,1,2019,-6.630000000000001,45.594230769230776,trentga02-2019
labissk01,2.6166666666666667,1.9,201903290ATL-POR,201903290ATL-ATL,POR-2019,1,2019,4.971666666666667,45.594230769230776,labissk01-2019
simonan01,2.6166666666666667,-0.1,201903290ATL-POR,201903290ATL-ATL,POR-2019,1,2019,-0.26166666666666666,45.594230769230776,simonan01-2019
lillada01,35.583333333333336,4.3,201903300DET-POR,201903300DET-DET,POR-2019,0,2019,153.00833333333333,22.811,lillada01-2019
kanteen01,34.2,2.9,201903300DET-POR,201903300DET-DET,POR-2019,0,2019,99.18,22.811,kanteen01-2019
curryse01,31.616666666666667,1.9,201903300DET-POR,201903300DET-DET,POR-2019,0,2019,60.071666666666665,22.811,curryse01-2019
hoodro01,28.816666666666666,-3.1,201903300DET-POR,201903300DET-DET,POR-2019,0,2019,-89.33166666666666,22.811,hoodro01-2019
harklma01,26.45,3.4,201903300DET-POR,201903300DET-DET,POR-2019,0,2019,89.92999999999999,22.811,harklma01-2019
laymaja01,24.816666666666666,3.3,201903300DET-POR,201903300DET-DET,POR-2019,0,2019,81.895,22.811,laymaja01-2019
aminual01,21.283333333333335,-6.5,201903300DET-POR,201903300DET-DET,POR-2019,0,2019,-138.34166666666667,22.811,aminual01-2019
turneev01,15.566666666666666,-1.4,201903300DET-POR,201903300DET-DET,POR-2019,0,2019,-21.793333333333333,22.811,turneev01-2019
colliza01,13.083333333333334,-2.4,201903300DET-POR,201903300DET-DET,POR-2019,0,2019,-31.4,22.811,colliza01-2019
leoname01,8.583333333333334,2.9,201903300DET-POR,201903300DET-DET,POR-2019,0,2019,24.89166666666667,22.811,leoname01-2019
lillada01,34.016666666666666,-5.3,201904010MIN-POR,201904010MIN-MIN,POR-2019,1,2019,-180.28833333333333,29.5055,lillada01-2019
aminual01,29.783333333333335,-1.9,201904010MIN-POR,201904010MIN-MIN,POR-2019,1,2019,-56.58833333333333,29.5055,aminual01-2019
hoodro01,28.716666666666665,3.8,201904010MIN-POR,201904010MIN-MIN,POR-2019,1,2019,109.12333333333332,29.5055,hoodro01-2019
colliza01,26.633333333333333,-2,201904010MIN-POR,201904010MIN-MIN,POR-2019,1,2019,-53.266666666666666,29.5055,colliza01-2019
kanteen01,25.683333333333334,3.6,201904010MIN-POR,201904010MIN-MIN,POR-2019,1,2019,92.46000000000001,29.5055,kanteen01-2019
turneev01,24.933333333333334,11.5,201904010MIN-POR,201904010MIN-MIN,POR-2019,1,2019,286.73333333333335,29.5055,turneev01-2019
curryse01,21.85,1.7,201904010MIN-POR,201904010MIN-MIN,POR-2019,1,2019,37.145,29.5055,curryse01-2019
harklma01,20.933333333333334,0.8,201904010MIN-POR,201904010MIN-MIN,POR-2019,1,2019,16.746666666666666,29.5055,harklma01-2019
laymaja01,13.983333333333333,-0.2,201904010MIN-POR,201904010MIN-MIN,POR-2019,1,2019,-2.796666666666667,29.5055,laymaja01-2019
leoname01,13.466666666666667,3.4,201904010MIN-POR,201904010MIN-MIN,POR-2019,1,2019,45.78666666666667,29.5055,leoname01-2019
rabbiv01,31.333333333333332,-2.8,201904030POR-MEM,201904030POR-POR,MEM-2019,0,2019,-87.73333333333332,-24.69216666666666,rabbiv01-2019
holidju01,30.016666666666666,-5.1,201904030POR-MEM,201904030POR-POR,MEM-2019,0,2019,-153.08499999999998,-24.69216666666666,holidju01-2019
wrighde01,28.666666666666668,2.7,201904030POR-MEM,201904030POR-POR,MEM-2019,0,2019,77.4,-24.69216666666666,wrighde01-2019
parsoch01,25.416666666666668,4.2,201904030POR-MEM,201904030POR-POR,MEM-2019,0,2019,106.75000000000001,-24.69216666666666,parsoch01-2019
washbju01,24.866666666666667,2.5,201904030POR-MEM,201904030POR-POR,MEM-2019,0,2019,62.16666666666667,-24.69216666666666,washbju01-2019
carteje01,24.1,0.8,201904030POR-MEM,201904030POR-POR,MEM-2019,0,2019,19.28,-24.69216666666666,carteje01-2019
dorsety01,22.616666666666667,-4.6,201904030POR-MEM,201904030POR-POR,MEM-2019,0,2019,-104.03666666666666,-24.69216666666666,dorsety01-2019
watanyu01,20.8,-6.1,201904030POR-MEM,201904030POR-POR,MEM-2019,0,2019,-126.88,-24.69216666666666,watanyu01-2019
cabocbr01,19.916666666666668,-0.2,201904030POR-MEM,201904030POR-POR,MEM-2019,0,2019,-3.983333333333334,-24.69216666666666,cabocbr01-2019
hannadu01,12.266666666666667,-3,201904030POR-MEM,201904030POR-POR,MEM-2019,0,2019,-36.800000000000004,-24.69216666666666,hannadu01-2019
lillada01,39.3,-5.3,201904050DEN-POR,201904050DEN-DEN,POR-2019,0,2019,-208.29,36.7515,lillada01-2019
kanteen01,38.13333333333333,5.5,201904050DEN-POR,201904050DEN-DEN,POR-2019,0,2019,209.73333333333332,36.7515,kanteen01-2019
hoodro01,34.333333333333336,4.6,201904050DEN-POR,201904050DEN-DEN,POR-2019,0,2019,157.93333333333334,36.7515,hoodro01-2019
aminual01,31.3,4.5,201904050DEN-POR,201904050DEN-DEN,POR-2019,0,2019,140.85,36.7515,aminual01-2019
harklma01,29.033333333333335,-1.9,201904050DEN-POR,201904050DEN-DEN,POR-2019,0,2019,-55.163333333333334,36.7515,harklma01-2019
turneev01,21.266666666666666,2,201904050DEN-POR,201904050DEN-DEN,POR-2019,0,2019,42.53333333333333,36.7515,turneev01-2019
laymaja01,19.083333333333332,6,201904050DEN-POR,201904050DEN-DEN,POR-2019,0,2019,114.5,36.7515,laymaja01-2019
colliza01,15.8,-0.5,201904050DEN-POR,201904050DEN-DEN,POR-2019,0,2019,-7.9,36.7515,colliza01-2019
leoname01,6.983333333333333,-1.5,201904050DEN-POR,201904050DEN-DEN,POR-2019,0,2019,-10.475,36.7515,leoname01-2019
simonan01,4.766666666666667,-3.4,201904050DEN-POR,201904050DEN-DEN,POR-2019,0,2019,-16.206666666666667,36.7515,simonan01-2019
plumlma01,31.916666666666668,2.5,201904070POR-DEN,201904070POR-POR,DEN-2019,0,2019,79.79166666666667,15.202727272727271,plumlma01-2019
lylestr01,26.983333333333334,1.1,201904070POR-DEN,201904070POR-POR,DEN-2019,0,2019,29.68166666666667,15.202727272727271,lylestr01-2019
beaslma01,24.183333333333334,0.4,201904070POR-DEN,201904070POR-POR,DEN-2019,0,2019,9.673333333333334,15.202727272727271,beaslma01-2019
morrimo01,24.033333333333335,-1.2,201904070POR-DEN,201904070POR-POR,DEN-2019,0,2019,-28.84,15.202727272727271,morrimo01-2019
harriga01,23.816666666666666,5.1,201904070POR-DEN,201904070POR-POR,DEN-2019,0,2019,121.46499999999999,15.202727272727271,harriga01-2019
thomais02,23.8,-4.4,201904070POR-DEN,201904070POR-POR,DEN-2019,0,2019,-104.72000000000001,15.202727272727271,thomais02-2019
hernaju01,23.55,0.9,201904070POR-DEN,201904070POR-POR,DEN-2019,0,2019,21.195,15.202727272727271,hernaju01-2019
craigto01,23.166666666666668,6,201904070POR-DEN,201904070POR-POR,DEN-2019,0,2019,139,15.202727272727271,craigto01-2019
bartowi01,22.566666666666666,-1.3,201904070POR-DEN,201904070POR-POR,DEN-2019,0,2019,-29.336666666666666,15.202727272727271,bartowi01-2019
vandeja01,12.333333333333334,-6.2,201904070POR-DEN,201904070POR-POR,DEN-2019,0,2019,-76.46666666666667,15.202727272727271,vandeja01-2019
lydonty01,3.6166666666666667,1.6,201904070POR-DEN,201904070POR-POR,DEN-2019,0,2019,5.786666666666667,15.202727272727271,lydonty01-2019
kanteen01,36.68333333333333,4.5,201904090LAL-POR,201904090LAL-LAL,POR-2019,1,2019,165.075,68.89216666666667,kanteen01-2019
lillada01,35.95,8.1,201904090LAL-POR,201904090LAL-LAL,POR-2019,1,2019,291.195,68.89216666666667,lillada01-2019
harklma01,33.983333333333334,10.6,201904090LAL-POR,201904090LAL-LAL,POR-2019,1,2019,360.22333333333336,68.89216666666667,harklma01-2019
mccolcj01,29.383333333333333,-3.9,201904090LAL-POR,201904090LAL-LAL,POR-2019,1,2019,-114.595,68.89216666666667,mccolcj01-2019
curryse01,26.933333333333334,8.6,201904090LAL-POR,201904090LAL-LAL,POR-2019,1,2019,231.62666666666667,68.89216666666667,curryse01-2019
hoodro01,20.266666666666666,-5.6,201904090LAL-POR,201904090LAL-LAL,POR-2019,1,2019,-113.49333333333333,68.89216666666667,hoodro01-2019
aminual01,19.416666666666668,-3.5,201904090LAL-POR,201904090LAL-LAL,POR-2019,1,2019,-67.95833333333334,68.89216666666667,aminual01-2019
turneev01,16.05,1.3,201904090LAL-POR,201904090LAL-LAL,POR-2019,1,2019,20.865000000000002,68.89216666666667,turneev01-2019
colliza01,12.5,-3.4,201904090LAL-POR,201904090LAL-LAL,POR-2019,1,2019,-42.5,68.89216666666667,colliza01-2019
laymaja01,8.833333333333334,-4.7,201904090LAL-POR,201904090LAL-LAL,POR-2019,1,2019,-41.51666666666667,68.89216666666667,laymaja01-2019
baglema01,30.25,-0.9,201904100POR-SAC,201904100POR-POR,SAC-2019,0,2019,-27.225,-6.892307692307693,baglema01-2019
ferreyo01,28.65,-1.3,201904100POR-SAC,201904100POR-POR,SAC-2019,0,2019,-37.245,-6.892307692307693,ferreyo01-2019
bogdabo01,27.266666666666666,-6.6,201904100POR-SAC,201904100POR-POR,SAC-2019,0,2019,-179.95999999999998,-6.892307692307693,bogdabo01-2019
breweco01,23.45,-2.2,201904100POR-SAC,201904100POR-POR,SAC-2019,0,2019,-51.59,-6.892307692307693,breweco01-2019
masonfr01,17.933333333333334,-2.8,201904100POR-SAC,201904100POR-POR,SAC-2019,0,2019,-50.21333333333333,-6.892307692307693,masonfr01-2019
swanica01,17.583333333333332,2.6,201904100POR-SAC,201904100POR-POR,SAC-2019,0,2019,45.71666666666667,-6.892307692307693,swanica01-2019
caulewi01,17.333333333333332,0.6,201904100POR-SAC,201904100POR-POR,SAC-2019,0,2019,10.399999999999999,-6.892307692307693,caulewi01-2019
foxde01,16.716666666666665,7.3,201904100POR-SAC,201904100POR-POR,SAC-2019,0,2019,122.03166666666665,-6.892307692307693,foxde01-2019
hieldbu01,16.116666666666667,1.9,201904100POR-SAC,201904100POR-POR,SAC-2019,0,2019,30.621666666666666,-6.892307692307693,hieldbu01-2019
barneha02,15.7,3.5,201904100POR-SAC,201904100POR-POR,SAC-2019,0,2019,54.949999999999996,-6.892307692307693,barneha02-2019
bjeline01,11.916666666666666,3.5,201904100POR-SAC,201904100POR-POR,SAC-2019,0,2019,41.70833333333333,-6.892307692307693,bjeline01-2019
willitr02,11.033333333333333,-3.6,201904100POR-SAC,201904100POR-POR,SAC-2019,0,2019,-39.72,-6.892307692307693,willitr02-2019
johnsbj01,6.05,-1.5,201904100POR-SAC,201904100POR-POR,SAC-2019,0,2019,-9.075,-6.892307692307693,johnsbj01-2019
