player,min,VORP,id,opp_id,season_id,win,year,adj_VORP,avg_VORP,link
dumarjo01,41,3.5,199211060DET-DET,199211060DET-MIL,DET-1993,0,1993,143.5,19.512500000000006,dumarjo01-1993
thomais01,38,-8.2,199211060DET-DET,199211060DET-MIL,DET-1993,0,1993,-311.59999999999997,19.512500000000006,thomais01-1993
aguirma01,35,6.5,199211060DET-DET,199211060DET-MIL,DET-1993,0,1993,227.5,19.512500000000006,aguirma01-1993
rodmade01,33,-1.5,199211060DET-DET,199211060DET-MIL,DET-1993,0,1993,-49.5,19.512500000000006,rodmade01-1993
laimbbi01,30,3.4,199211060DET-DET,199211060DET-MIL,DET-1993,0,1993,102,19.512500000000006,laimbbi01-1993
woolror01,26,0.8,199211060DET-DET,199211060DET-MIL,DET-1993,0,1993,20.8,19.512500000000006,woolror01-1993
walkeda01,19,3.6,199211060DET-DET,199211060DET-MIL,DET-1993,0,1993,68.4,19.512500000000006,walkeda01-1993
polynol01,18,-2.5,199211060DET-DET,199211060DET-MIL,DET-1993,0,1993,-45,19.512500000000006,polynol01-1993
millere01,40,-2.4,199211070IND-IND,199211070IND-DET,IND-1993,0,1993,-96,40.65,millere01-1993
mccloge01,38,6.1,199211070IND-IND,199211070IND-DET,IND-1993,0,1993,231.79999999999998,40.65,mccloge01-1993
richapo01,38,9.5,199211070IND-IND,199211070IND-DET,IND-1993,0,1993,361,40.65,richapo01-1993
schrede01,36,2.5,199211070IND-IND,199211070IND-DET,IND-1993,0,1993,90,40.65,schrede01-1993
davisda01,20,-2.6,199211070IND-IND,199211070IND-DET,IND-1993,0,1993,-52,40.65,davisda01-1993
mitchsa01,19,-0.6,199211070IND-IND,199211070IND-DET,IND-1993,0,1993,-11.4,40.65,mitchsa01-1993
smitsri01,15,-2.3,199211070IND-IND,199211070IND-DET,IND-1993,0,1993,-34.5,40.65,smitsri01-1993
flemive01,15,-0.8,199211070IND-IND,199211070IND-DET,IND-1993,0,1993,-12,40.65,flemive01-1993
thompla01,10,2.2,199211070IND-IND,199211070IND-DET,IND-1993,0,1993,22,40.65,thompla01-1993
dreilgr01,3,-2,199211070IND-IND,199211070IND-DET,IND-1993,0,1993,-6,40.65,dreilgr01-1993
sealyma01,3,-2.1,199211070IND-IND,199211070IND-DET,IND-1993,0,1993,-6.300000000000001,40.65,sealyma01-1993
willike03,3,0.4,199211070IND-IND,199211070IND-DET,IND-1993,0,1993,1.2000000000000002,40.65,willike03-1993
jordami01,52,11.6,199211110CHI-CHI,199211110CHI-DET,CHI-1993,1,1993,603.1999999999999,58.954545454545446,jordami01-1993
grantho01,48,-2.1,199211110CHI-CHI,199211110CHI-DET,CHI-1993,1,1993,-100.80000000000001,58.954545454545446,grantho01-1993
pippesc01,47,0.5,199211110CHI-CHI,199211110CHI-DET,CHI-1993,1,1993,23.5,58.954545454545446,pippesc01-1993
armstbj01,34,2.9,199211110CHI-CHI,199211110CHI-DET,CHI-1993,1,1993,98.6,58.954545454545446,armstbj01-1993
cartwbi01,25,-0.2,199211110CHI-CHI,199211110CHI-DET,CHI-1993,1,1993,-5,58.954545454545446,cartwbi01-1993
kingst01,18,0.7,199211110CHI-CHI,199211110CHI-DET,CHI-1993,1,1993,12.6,58.954545454545446,kingst01-1993
willisc01,15,0.7,199211110CHI-CHI,199211110CHI-DET,CHI-1993,1,1993,10.5,58.954545454545446,willisc01-1993
paxsojo01,12,1.8,199211110CHI-CHI,199211110CHI-DET,CHI-1993,1,1993,21.6,58.954545454545446,paxsojo01-1993
mccraro01,11,-1.5,199211110CHI-CHI,199211110CHI-DET,CHI-1993,1,1993,-16.5,58.954545454545446,mccraro01-1993
willico01,2,-0.1,199211110CHI-CHI,199211110CHI-DET,CHI-1993,1,1993,-0.2,58.954545454545446,willico01-1993
tucketr01,1,1,199211110CHI-CHI,199211110CHI-DET,CHI-1993,1,1993,1,58.954545454545446,tucketr01-1993
dumarjo01,45,10.4,199211120DET-DET,199211120DET-MIA,DET-1993,1,1993,468,82.1,dumarjo01-1993
thomais01,43,0.6,199211120DET-DET,199211120DET-MIA,DET-1993,1,1993,25.8,82.1,thomais01-1993
woolror01,37,4.6,199211120DET-DET,199211120DET-MIA,DET-1993,1,1993,170.2,82.1,woolror01-1993
aguirma01,35,3.9,199211120DET-DET,199211120DET-MIA,DET-1993,1,1993,136.5,82.1,aguirma01-1993
polynol01,31,0.4,199211120DET-DET,199211120DET-MIA,DET-1993,1,1993,12.4,82.1,polynol01-1993
rodmade01,16,-1.8,199211120DET-DET,199211120DET-MIA,DET-1993,1,1993,-28.8,82.1,rodmade01-1993
laimbbi01,14,1.4,199211120DET-DET,199211120DET-MIA,DET-1993,1,1993,19.599999999999998,82.1,laimbbi01-1993
millste01,11,-3.2,199211120DET-DET,199211120DET-MIA,DET-1993,1,1993,-35.2,82.1,millste01-1993
walkeda01,8,-3.7,199211120DET-DET,199211120DET-MIA,DET-1993,1,1993,-29.6,82.1,walkeda01-1993
thomais01,44,1.5,199211140DET-DET,199211140DET-IND,DET-1993,0,1993,66,48.47777777777778,thomais01-1993
dumarjo01,42,10.8,199211140DET-DET,199211140DET-IND,DET-1993,0,1993,453.6,48.47777777777778,dumarjo01-1993
woolror01,40,-2.7,199211140DET-DET,199211140DET-IND,DET-1993,0,1993,-108,48.47777777777778,woolror01-1993
aguirma01,30,-2.4,199211140DET-DET,199211140DET-IND,DET-1993,0,1993,-72,48.47777777777778,aguirma01-1993
polynol01,27,6.3,199211140DET-DET,199211140DET-IND,DET-1993,0,1993,170.1,48.47777777777778,polynol01-1993
millste01,23,-2.4,199211140DET-DET,199211140DET-IND,DET-1993,0,1993,-55.199999999999996,48.47777777777778,millste01-1993
laimbbi01,21,0.8,199211140DET-DET,199211140DET-IND,DET-1993,0,1993,16.8,48.47777777777778,laimbbi01-1993
walkeda01,10,-2.9,199211140DET-DET,199211140DET-IND,DET-1993,0,1993,-29,48.47777777777778,walkeda01-1993
morriis01,3,-2,199211140DET-DET,199211140DET-IND,DET-1993,0,1993,-6,48.47777777777778,morriis01-1993
jacksma01,42,2.7,199211170LAC-LAC,199211170LAC-DET,LAC-1993,1,1993,113.4,37.23,jacksma01-1993
mannida01,42,0.6,199211170LAC-LAC,199211170LAC-DET,LAC-1993,1,1993,25.2,37.23,mannida01-1993
harpero01,37,1.3,199211170LAC-LAC,199211170LAC-DET,LAC-1993,1,1993,48.1,37.23,harpero01-1993
normake01,28,-1.8,199211170LAC-LAC,199211170LAC-DET,LAC-1993,1,1993,-50.4,37.23,normake01-1993
vandeki01,25,3.8,199211170LAC-LAC,199211170LAC-DET,LAC-1993,1,1993,95,37.23,vandeki01-1993
vaughlo01,25,5.1,199211170LAC-LAC,199211170LAC-DET,LAC-1993,1,1993,127.49999999999999,37.23,vaughlo01-1993
willijo02,21,-2.2,199211170LAC-LAC,199211170LAC-DET,LAC-1993,1,1993,-46.2,37.23,willijo02-1993
roberst01,18,1.1,199211170LAC-LAC,199211170LAC-DET,LAC-1993,1,1993,19.8,37.23,roberst01-1993
jacksja01,14,4.8,199211170LAC-LAC,199211170LAC-DET,LAC-1993,1,1993,67.2,37.23,jacksja01-1993
grantga01,13,-2.1,199211170LAC-LAC,199211170LAC-DET,LAC-1993,1,1993,-27.3,37.23,grantga01-1993
mutomdi01,40,3.9,199211190DEN-DEN,199211190DEN-DET,DEN-1993,1,1993,156,51.581818181818186,mutomdi01-1993
willire01,39,6.7,199211190DEN-DEN,199211190DEN-DET,DEN-1993,1,1993,261.3,51.581818181818186,willire01-1993
ellisla01,38,4.2,199211190DEN-DEN,199211190DEN-DET,DEN-1993,1,1993,159.6,51.581818181818186,ellisla01-1993
abdulma02,32,-5.3,199211190DEN-DEN,199211190DEN-DET,DEN-1993,1,1993,-169.6,51.581818181818186,abdulma02-1993
brookke01,24,7,199211190DEN-DEN,199211190DEN-DET,DEN-1993,1,1993,168,51.581818181818186,brookke01-1993
lichtto01,23,1.2,199211190DEN-DEN,199211190DEN-DET,DEN-1993,1,1993,27.599999999999998,51.581818181818186,lichtto01-1993
packro01,16,-1.7,199211190DEN-DEN,199211190DEN-DET,DEN-1993,1,1993,-27.2,51.581818181818186,packro01-1993
plummga01,10,0.8,199211190DEN-DEN,199211190DEN-DET,DEN-1993,1,1993,8,51.581818181818186,plummga01-1993
hastisc01,8,-1.1,199211190DEN-DEN,199211190DEN-DET,DEN-1993,1,1993,-8.8,51.581818181818186,hastisc01-1993
stithbr01,5,0.5,199211190DEN-DEN,199211190DEN-DET,DEN-1993,1,1993,2.5,51.581818181818186,stithbr01-1993
liberma01,5,-2,199211190DEN-DEN,199211190DEN-DET,DEN-1993,1,1993,-10,51.581818181818186,liberma01-1993
kempsh01,32,1.3,199211210SEA-SEA,199211210SEA-DET,SEA-1993,1,1993,41.6,77.44545454545454,kempsh01-1993
barroda01,32,7.6,199211210SEA-SEA,199211210SEA-DET,SEA-1993,1,1993,243.2,77.44545454545454,barroda01-1993
paytoga01,30,9.4,199211210SEA-SEA,199211210SEA-DET,SEA-1993,1,1993,282,77.44545454545454,paytoga01-1993
cagemi01,28,1.5,199211210SEA-SEA,199211210SEA-DET,SEA-1993,1,1993,42,77.44545454545454,cagemi01-1993
mckeyde01,26,4.4,199211210SEA-SEA,199211210SEA-DET,SEA-1993,1,1993,114.4,77.44545454545454,mckeyde01-1993
benjabe01,26,1.1,199211210SEA-SEA,199211210SEA-DET,SEA-1993,1,1993,28.6,77.44545454545454,benjabe01-1993
johnsed03,18,1.3,199211210SEA-SEA,199211210SEA-DET,SEA-1993,1,1993,23.400000000000002,77.44545454545454,johnsed03-1993
paddige01,18,1.5,199211210SEA-SEA,199211210SEA-DET,SEA-1993,1,1993,27,77.44545454545454,paddige01-1993
piercri01,17,3.3,199211210SEA-SEA,199211210SEA-DET,SEA-1993,1,1993,56.099999999999994,77.44545454545454,piercri01-1993
schefst01,7,-0.4,199211210SEA-SEA,199211210SEA-DET,SEA-1993,1,1993,-2.8000000000000003,77.44545454545454,schefst01-1993
mcmilna01,6,-0.6,199211210SEA-SEA,199211210SEA-DET,SEA-1993,1,1993,-3.5999999999999996,77.44545454545454,mcmilna01-1993
drexlcl01,29,4.1,199211220POR-POR,199211220POR-DET,POR-1993,1,1993,118.89999999999999,50.99166666666667,drexlcl01-1993
stricro02,27,7,199211220POR-POR,199211220POR-DET,POR-1993,1,1993,189,50.99166666666667,stricro02-1993
willibu01,26,2.2,199211220POR-POR,199211220POR-DET,POR-1993,1,1993,57.2,50.99166666666667,willibu01-1993
duckwke01,25,-1,199211220POR-POR,199211220POR-DET,POR-1993,1,1993,-25,50.99166666666667,duckwke01-1993
portete01,25,3.3,199211220POR-POR,199211220POR-DET,POR-1993,1,1993,82.5,50.99166666666667,portete01-1993
robincl02,25,4.8,199211220POR-POR,199211220POR-DET,POR-1993,1,1993,120,50.99166666666667,robincl02-1993
kerseje01,21,4.7,199211220POR-POR,199211220POR-DET,POR-1993,1,1993,98.7,50.99166666666667,kerseje01-1993
bryanma01,20,0.8,199211220POR-POR,199211220POR-DET,POR-1993,1,1993,16,50.99166666666667,bryanma01-1993
eliema01,19,-5.3,199211220POR-POR,199211220POR-DET,POR-1993,1,1993,-100.7,50.99166666666667,eliema01-1993
murratr01,12,6.2,199211220POR-POR,199211220POR-DET,POR-1993,1,1993,74.4,50.99166666666667,murratr01-1993
johnsda01,6,-2.1,199211220POR-POR,199211220POR-DET,POR-1993,1,1993,-12.600000000000001,50.99166666666667,johnsda01-1993
smithre01,5,-1.3,199211220POR-POR,199211220POR-DET,POR-1993,1,1993,-6.5,50.99166666666667,smithre01-1993
thomais01,42,5.6,199211250DET-DET,199211250DET-CHH,DET-1993,0,1993,235.2,44.077777777777776,thomais01-1993
glassge01,39,7.8,199211250DET-DET,199211250DET-CHH,DET-1993,0,1993,304.2,44.077777777777776,glassge01-1993
rodmade01,33,-1.7,199211250DET-DET,199211250DET-CHH,DET-1993,0,1993,-56.1,44.077777777777776,rodmade01-1993
laimbbi01,30,2.7,199211250DET-DET,199211250DET-CHH,DET-1993,0,1993,81,44.077777777777776,laimbbi01-1993
woolror01,26,-4.1,199211250DET-DET,199211250DET-CHH,DET-1993,0,1993,-106.6,44.077777777777776,woolror01-1993
millste01,21,3.5,199211250DET-DET,199211250DET-CHH,DET-1993,0,1993,73.5,44.077777777777776,millste01-1993
aguirma01,19,-4,199211250DET-DET,199211250DET-CHH,DET-1993,0,1993,-76,44.077777777777776,aguirma01-1993
polynol01,15,-1.6,199211250DET-DET,199211250DET-CHH,DET-1993,0,1993,-24,44.077777777777776,polynol01-1993
youngda01,15,-2.3,199211250DET-DET,199211250DET-CHH,DET-1993,0,1993,-34.5,44.077777777777776,youngda01-1993
westdo01,45,8.1,199211280MIN-MIN,199211280MIN-DET,MIN-1993,1,1993,364.5,29.72222222222222,westdo01-1993
persoch01,44,-5.5,199211280MIN-MIN,199211280MIN-DET,MIN-1993,1,1993,-242,29.72222222222222,persoch01-1993
laettch01,33,7,199211280MIN-MIN,199211280MIN-DET,MIN-1993,1,1993,231,29.72222222222222,laettch01-1993
smithch03,31,-2,199211280MIN-MIN,199211280MIN-DET,MIN-1993,1,1993,-62,29.72222222222222,smithch03-1993
mccanbo01,22,2.5,199211280MIN-MIN,199211280MIN-DET,MIN-1993,1,1993,55,29.72222222222222,mccanbo01-1993
longllu01,20,2.8,199211280MIN-MIN,199211280MIN-DET,MIN-1993,1,1993,56,29.72222222222222,longllu01-1993
blankla01,20,-2,199211280MIN-MIN,199211280MIN-DET,MIN-1993,1,1993,-40,29.72222222222222,blankla01-1993
baileth01,18,-5.2,199211280MIN-MIN,199211280MIN-DET,MIN-1993,1,1993,-93.60000000000001,29.72222222222222,baileth01-1993
spencfe01,7,-0.2,199211280MIN-MIN,199211280MIN-DET,MIN-1993,1,1993,-1.4000000000000001,29.72222222222222,spencfe01-1993
rodmade01,38,-0.2,199211290DET-DET,199211290DET-NYK,DET-1993,1,1993,-7.6000000000000005,63.63636363636364,rodmade01-1993
dumarjo01,36,5.2,199211290DET-DET,199211290DET-NYK,DET-1993,1,1993,187.20000000000002,63.63636363636364,dumarjo01-1993
thomais01,35,9.3,199211290DET-DET,199211290DET-NYK,DET-1993,1,1993,325.5,63.63636363636364,thomais01-1993
woolror01,29,1,199211290DET-DET,199211290DET-NYK,DET-1993,1,1993,29,63.63636363636364,woolror01-1993
laimbbi01,26,-1.1,199211290DET-DET,199211290DET-NYK,DET-1993,1,1993,-28.6,63.63636363636364,laimbbi01-1993
polynol01,26,3.9,199211290DET-DET,199211290DET-NYK,DET-1993,1,1993,101.39999999999999,63.63636363636364,polynol01-1993
millste01,16,4.5,199211290DET-DET,199211290DET-NYK,DET-1993,1,1993,72,63.63636363636364,millste01-1993
youngda01,15,3,199211290DET-DET,199211290DET-NYK,DET-1993,1,1993,45,63.63636363636364,youngda01-1993
glassge01,12,-1.6,199211290DET-DET,199211290DET-NYK,DET-1993,1,1993,-19.200000000000003,63.63636363636364,glassge01-1993
randama01,4,0.1,199211290DET-DET,199211290DET-NYK,DET-1993,1,1993,0.4,63.63636363636364,randama01-1993
morriis01,3,-1.7,199211290DET-DET,199211290DET-NYK,DET-1993,1,1993,-5.1,63.63636363636364,morriis01-1993
hornaje01,38,-0.5,199212040PHI-PHI,199212040PHI-DET,PHI-1993,0,1993,-19,13.418181818181818,hornaje01-1993
hawkihe01,37,-2.2,199212040PHI-PHI,199212040PHI-DET,PHI-1993,0,1993,-81.4,13.418181818181818,hawkihe01-1993
weathcl01,31,2,199212040PHI-PHI,199212040PHI-DET,PHI-1993,0,1993,62,13.418181818181818,weathcl01-1993
langan01,25,-2.7,199212040PHI-PHI,199212040PHI-DET,PHI-1993,0,1993,-67.5,13.418181818181818,langan01-1993
gilliar01,24,9,199212040PHI-PHI,199212040PHI-DET,PHI-1993,0,1993,216,13.418181818181818,gilliar01-1993
payneke01,24,-0.3,199212040PHI-PHI,199212040PHI-DET,PHI-1993,0,1993,-7.199999999999999,13.418181818181818,payneke01-1993
shackch01,23,1.6,199212040PHI-PHI,199212040PHI-DET,PHI-1993,0,1993,36.800000000000004,13.418181818181818,shackch01-1993
dawkijo01,15,2.2,199212040PHI-PHI,199212040PHI-DET,PHI-1993,0,1993,33,13.418181818181818,dawkijo01-1993
perryti01,12,-1,199212040PHI-PHI,199212040PHI-DET,PHI-1993,0,1993,-12,13.418181818181818,perryti01-1993
grantgr01,6,-1.1,199212040PHI-PHI,199212040PHI-DET,PHI-1993,0,1993,-6.6000000000000005,13.418181818181818,grantgr01-1993
anderro01,5,-1.3,199212040PHI-PHI,199212040PHI-DET,PHI-1993,0,1993,-6.5,13.418181818181818,anderro01-1993
thomais01,40,10.6,199212050DET-DET,199212050DET-PHI,DET-1993,1,1993,424,80.43636363636364,thomais01-1993
rodmade01,38,3.6,199212050DET-DET,199212050DET-PHI,DET-1993,1,1993,136.8,80.43636363636364,rodmade01-1993
dumarjo01,36,3.3,199212050DET-DET,199212050DET-PHI,DET-1993,1,1993,118.8,80.43636363636364,dumarjo01-1993
woolror01,31,2.1,199212050DET-DET,199212050DET-PHI,DET-1993,1,1993,65.10000000000001,80.43636363636364,woolror01-1993
laimbbi01,29,8.3,199212050DET-DET,199212050DET-PHI,DET-1993,1,1993,240.70000000000002,80.43636363636364,laimbbi01-1993
polynol01,22,-1.4,199212050DET-DET,199212050DET-PHI,DET-1993,1,1993,-30.799999999999997,80.43636363636364,polynol01-1993
youngda01,17,1.7,199212050DET-DET,199212050DET-PHI,DET-1993,1,1993,28.9,80.43636363636364,youngda01-1993
millste01,12,-6.3,199212050DET-DET,199212050DET-PHI,DET-1993,1,1993,-75.6,80.43636363636364,millste01-1993
morriis01,8,-3.4,199212050DET-DET,199212050DET-PHI,DET-1993,1,1993,-27.2,80.43636363636364,morriis01-1993
randama01,4,1.4,199212050DET-DET,199212050DET-PHI,DET-1993,1,1993,5.6,80.43636363636364,randama01-1993
glassge01,3,-0.5,199212050DET-DET,199212050DET-PHI,DET-1993,1,1993,-1.5,80.43636363636364,glassge01-1993
rodmade01,45,4.1,199212090DET-DET,199212090DET-ORL,DET-1993,1,1993,184.49999999999997,80.69999999999999,rodmade01-1993
dumarjo01,38,15,199212090DET-DET,199212090DET-ORL,DET-1993,1,1993,570,80.69999999999999,dumarjo01-1993
thomais01,38,5.6,199212090DET-DET,199212090DET-ORL,DET-1993,1,1993,212.79999999999998,80.69999999999999,thomais01-1993
laimbbi01,33,-2.6,199212090DET-DET,199212090DET-ORL,DET-1993,1,1993,-85.8,80.69999999999999,laimbbi01-1993
woolror01,33,0.2,199212090DET-DET,199212090DET-ORL,DET-1993,1,1993,6.6000000000000005,80.69999999999999,woolror01-1993
millste01,18,-5.4,199212090DET-DET,199212090DET-ORL,DET-1993,1,1993,-97.2,80.69999999999999,millste01-1993
polynol01,15,-4.6,199212090DET-DET,199212090DET-ORL,DET-1993,1,1993,-69,80.69999999999999,polynol01-1993
youngda01,12,-1.9,199212090DET-DET,199212090DET-ORL,DET-1993,1,1993,-22.799999999999997,80.69999999999999,youngda01-1993
glassge01,8,3.4,199212090DET-DET,199212090DET-ORL,DET-1993,1,1993,27.2,80.69999999999999,glassge01-1993
rodmade01,43,2.1,199212110DET-DET,199212110DET-CLE,DET-1993,1,1993,90.3,63.7,rodmade01-1993
dumarjo01,42,7.2,199212110DET-DET,199212110DET-CLE,DET-1993,1,1993,302.40000000000003,63.7,dumarjo01-1993
thomais01,33,3.2,199212110DET-DET,199212110DET-CLE,DET-1993,1,1993,105.60000000000001,63.7,thomais01-1993
laimbbi01,30,-6.1,199212110DET-DET,199212110DET-CLE,DET-1993,1,1993,-183,63.7,laimbbi01-1993
woolror01,27,1.3,199212110DET-DET,199212110DET-CLE,DET-1993,1,1993,35.1,63.7,woolror01-1993
millste01,26,6.9,199212110DET-DET,199212110DET-CLE,DET-1993,1,1993,179.4,63.7,millste01-1993
polynol01,18,2.1,199212110DET-DET,199212110DET-CLE,DET-1993,1,1993,37.800000000000004,63.7,polynol01-1993
youngda01,15,0.7,199212110DET-DET,199212110DET-CLE,DET-1993,1,1993,10.5,63.7,youngda01-1993
glassge01,6,-0.8,199212110DET-DET,199212110DET-CLE,DET-1993,1,1993,-4.800000000000001,63.7,glassge01-1993
ewingpa01,45,-1.3,199212120NYK-NYK,199212120NYK-DET,NYK-1993,1,1993,-58.5,85.7,ewingpa01-1993
smithch01,44,16.8,199212120NYK-NYK,199212120NYK-DET,NYK-1993,1,1993,739.2,85.7,smithch01-1993
masonan01,27,1.9,199212120NYK-NYK,199212120NYK-DET,NYK-1993,1,1993,51.3,85.7,masonan01-1993
anthogr01,26,2.2,199212120NYK-NYK,199212120NYK-DET,NYK-1993,1,1993,57.2,85.7,anthogr01-1993
oaklech01,25,-3.5,199212120NYK-NYK,199212120NYK-DET,NYK-1993,1,1993,-87.5,85.7,oaklech01-1993
blackro01,24,-1.2,199212120NYK-NYK,199212120NYK-DET,NYK-1993,1,1993,-28.799999999999997,85.7,blackro01-1993
starkjo01,24,6.3,199212120NYK-NYK,199212120NYK-DET,NYK-1993,1,1993,151.2,85.7,starkjo01-1993
riverdo01,22,-2.4,199212120NYK-NYK,199212120NYK-DET,NYK-1993,1,1993,-52.8,85.7,riverdo01-1993
willihe01,3,0,199212120NYK-NYK,199212120NYK-DET,NYK-1993,1,1993,0,85.7,willihe01-1993
willike02,37,-0.1,199212150ATL-ATL,199212150ATL-DET,ATL-1993,0,1993,-3.7,9.19,willike02-1993
blaylmo01,34,3.7,199212150ATL-ATL,199212150ATL-DET,ATL-1993,0,1993,125.80000000000001,9.19,blaylmo01-1993
augmost01,29,2.2,199212150ATL-ATL,199212150ATL-DET,ATL-1993,0,1993,63.800000000000004,9.19,augmost01-1993
grahapa01,29,0.3,199212150ATL-ATL,199212150ATL-DET,ATL-1993,0,1993,8.7,9.19,grahapa01-1993
keefead01,22,-2.6,199212150ATL-ATL,199212150ATL-DET,ATL-1993,0,1993,-57.2,9.19,keefead01-1993
koncajo01,20,1.4,199212150ATL-ATL,199212150ATL-DET,ATL-1993,0,1993,28,9.19,koncajo01-1993
ferredu01,20,0.2,199212150ATL-ATL,199212150ATL-DET,ATL-1993,0,1993,4,9.19,ferredu01-1993
wilkido01,19,-0.5,199212150ATL-ATL,199212150ATL-DET,ATL-1993,0,1993,-9.5,9.19,wilkido01-1993
wileymo01,16,-0.4,199212150ATL-ATL,199212150ATL-DET,ATL-1993,0,1993,-6.4,9.19,wileymo01-1993
rasmubl01,14,-4.4,199212150ATL-ATL,199212150ATL-DET,ATL-1993,0,1993,-61.60000000000001,9.19,rasmubl01-1993
rodmade01,47,3.1,199212160DET-DET,199212160DET-ATL,DET-1993,1,1993,145.70000000000002,41.05555555555556,rodmade01-1993
thomais01,43,-0.3,199212160DET-DET,199212160DET-ATL,DET-1993,1,1993,-12.9,41.05555555555556,thomais01-1993
dumarjo01,42,2,199212160DET-DET,199212160DET-ATL,DET-1993,1,1993,84,41.05555555555556,dumarjo01-1993
laimbbi01,39,4.2,199212160DET-DET,199212160DET-ATL,DET-1993,1,1993,163.8,41.05555555555556,laimbbi01-1993
woolror01,34,-0.3,199212160DET-DET,199212160DET-ATL,DET-1993,1,1993,-10.2,41.05555555555556,woolror01-1993
millste01,15,0.4,199212160DET-DET,199212160DET-ATL,DET-1993,1,1993,6,41.05555555555556,millste01-1993
polynol01,9,-0.1,199212160DET-DET,199212160DET-ATL,DET-1993,1,1993,-0.9,41.05555555555556,polynol01-1993
youngda01,7,-0.4,199212160DET-DET,199212160DET-ATL,DET-1993,1,1993,-2.8000000000000003,41.05555555555556,youngda01-1993
glassge01,4,-0.8,199212160DET-DET,199212160DET-ATL,DET-1993,1,1993,-3.2,41.05555555555556,glassge01-1993
rodmade01,41,1.5,199212180DET-DET,199212180DET-IND,DET-1993,1,1993,61.5,41.28333333333333,rodmade01-1993
dumarjo01,32,-0.9,199212180DET-DET,199212180DET-IND,DET-1993,1,1993,-28.8,41.28333333333333,dumarjo01-1993
thomais01,31,8,199212180DET-DET,199212180DET-IND,DET-1993,1,1993,248,41.28333333333333,thomais01-1993
laimbbi01,26,3.5,199212180DET-DET,199212180DET-IND,DET-1993,1,1993,91,41.28333333333333,laimbbi01-1993
millste01,26,1.7,199212180DET-DET,199212180DET-IND,DET-1993,1,1993,44.199999999999996,41.28333333333333,millste01-1993
youngda01,25,4.9,199212180DET-DET,199212180DET-IND,DET-1993,1,1993,122.50000000000001,41.28333333333333,youngda01-1993
woolror01,24,1.7,199212180DET-DET,199212180DET-IND,DET-1993,1,1993,40.8,41.28333333333333,woolror01-1993
polynol01,18,-6.5,199212180DET-DET,199212180DET-IND,DET-1993,1,1993,-117,41.28333333333333,polynol01-1993
aguirma01,8,3.5,199212180DET-DET,199212180DET-IND,DET-1993,1,1993,28,41.28333333333333,aguirma01-1993
morriis01,4,1.4,199212180DET-DET,199212180DET-IND,DET-1993,1,1993,5.6,41.28333333333333,morriis01-1993
randama01,4,0.1,199212180DET-DET,199212180DET-IND,DET-1993,1,1993,0.4,41.28333333333333,randama01-1993
glassge01,1,-0.8,199212180DET-DET,199212180DET-IND,DET-1993,1,1993,-0.8,41.28333333333333,glassge01-1993
brickfr01,38,7.7,199212190MIL-MIL,199212190MIL-DET,MIL-1993,0,1993,292.6,27.900000000000002,brickfr01-1993
edwarbl01,35,5.5,199212190MIL-MIL,199212190MIL-DET,MIL-1993,0,1993,192.5,27.900000000000002,edwarbl01-1993
roberal01,30,1.7,199212190MIL-MIL,199212190MIL-DET,MIL-1993,0,1993,51,27.900000000000002,roberal01-1993
dayto01,29,5.3,199212190MIL-MIL,199212190MIL-DET,MIL-1993,0,1993,153.7,27.900000000000002,dayto01-1993
murdoer01,24,-5.5,199212190MIL-MIL,199212190MIL-DET,MIL-1993,0,1993,-132,27.900000000000002,murdoer01-1993
maybele01,24,-3.7,199212190MIL-MIL,199212190MIL-DET,MIL-1993,0,1993,-88.80000000000001,27.900000000000002,maybele01-1993
lohaubr01,23,2.1,199212190MIL-MIL,199212190MIL-DET,MIL-1993,0,1993,48.300000000000004,27.900000000000002,lohaubr01-1993
aventan01,21,-9.7,199212190MIL-MIL,199212190MIL-DET,MIL-1993,0,1993,-203.7,27.900000000000002,aventan01-1993
schayda01,11,-2.6,199212190MIL-MIL,199212190MIL-DET,MIL-1993,0,1993,-28.6,27.900000000000002,schayda01-1993
roberfr01,5,-1.2,199212190MIL-MIL,199212190MIL-DET,MIL-1993,0,1993,-6,27.900000000000002,roberfr01-1993
rodmade01,44,4.7,199212220DET-DET,199212220DET-HOU,DET-1993,1,1993,206.8,72.71818181818182,rodmade01-1993
dumarjo01,43,4.7,199212220DET-DET,199212220DET-HOU,DET-1993,1,1993,202.1,72.71818181818182,dumarjo01-1993
thomais01,40,4.2,199212220DET-DET,199212220DET-HOU,DET-1993,1,1993,168,72.71818181818182,thomais01-1993
laimbbi01,32,8.3,199212220DET-DET,199212220DET-HOU,DET-1993,1,1993,265.6,72.71818181818182,laimbbi01-1993
woolror01,30,4.7,199212220DET-DET,199212220DET-HOU,DET-1993,1,1993,141,72.71818181818182,woolror01-1993
millste01,24,-6.5,199212220DET-DET,199212220DET-HOU,DET-1993,1,1993,-156,72.71818181818182,millste01-1993
polynol01,12,-1.1,199212220DET-DET,199212220DET-HOU,DET-1993,1,1993,-13.200000000000001,72.71818181818182,polynol01-1993
youngda01,12,-1.6,199212220DET-DET,199212220DET-HOU,DET-1993,1,1993,-19.200000000000003,72.71818181818182,youngda01-1993
glassge01,1,-0.1,199212220DET-DET,199212220DET-HOU,DET-1993,1,1993,-0.1,72.71818181818182,glassge01-1993
morriis01,1,-0.1,199212220DET-DET,199212220DET-HOU,DET-1993,1,1993,-0.1,72.71818181818182,morriis01-1993
randama01,1,5,199212220DET-DET,199212220DET-HOU,DET-1993,1,1993,5,72.71818181818182,randama01-1993
boguemu01,42,11.2,199212230CHH-CHH,199212230CHH-DET,CHH-1993,1,1993,470.4,72.32,boguemu01-1993
johnsla02,42,1.4,199212230CHH-CHH,199212230CHH-DET,CHH-1993,1,1993,58.8,72.32,johnsla02-1993
wingada01,37,3.3,199212230CHH-CHH,199212230CHH-DET,CHH-1993,1,1993,122.1,72.32,wingada01-1993
mournal01,34,6.4,199212230CHH-CHH,199212230CHH-DET,CHH-1993,1,1993,217.60000000000002,72.32,mournal01-1993
curryde01,32,-3.7,199212230CHH-CHH,199212230CHH-DET,CHH-1993,1,1993,-118.4,72.32,curryde01-1993
gattike01,22,1.1,199212230CHH-CHH,199212230CHH-DET,CHH-1993,1,1993,24.200000000000003,72.32,gattike01-1993
hammoto01,19,-2.5,199212230CHH-CHH,199212230CHH-DET,CHH-1993,1,1993,-47.5,72.32,hammoto01-1993
benneto01,6,0.1,199212230CHH-CHH,199212230CHH-DET,CHH-1993,1,1993,0.6000000000000001,72.32,benneto01-1993
greensi02,5,-0.9,199212230CHH-CHH,199212230CHH-DET,CHH-1993,1,1993,-4.5,72.32,greensi02-1993
lynchke01,1,-0.1,199212230CHH-CHH,199212230CHH-DET,CHH-1993,1,1993,-0.1,72.32,lynchke01-1993
grantha01,42,4.4,199212260WSB-WSB,199212260WSB-DET,WSB-1993,0,1993,184.8,33.01111111111111,grantha01-1993
ellispe01,40,5.7,199212260WSB-WSB,199212260WSB-DET,WSB-1993,0,1993,228,33.01111111111111,ellispe01-1993
adamsmi01,39,1.4,199212260WSB-WSB,199212260WSB-DET,WSB-1993,0,1993,54.599999999999994,33.01111111111111,adamsmi01-1993
guglito01,39,-3.4,199212260WSB-WSB,199212260WSB-DET,WSB-1993,0,1993,-132.6,33.01111111111111,guglito01-1993
chapmre01,26,-4.3,199212260WSB-WSB,199212260WSB-DET,WSB-1993,0,1993,-111.8,33.01111111111111,chapmre01-1993
overtdo01,23,-0.1,199212260WSB-WSB,199212260WSB-DET,WSB-1993,0,1993,-2.3000000000000003,33.01111111111111,overtdo01-1993
stewala01,20,4.1,199212260WSB-WSB,199212260WSB-DET,WSB-1993,0,1993,82,33.01111111111111,stewala01-1993
macledo01,6,-1.1,199212260WSB-WSB,199212260WSB-DET,WSB-1993,0,1993,-6.6000000000000005,33.01111111111111,macledo01-1993
jonesch01,5,0.2,199212260WSB-WSB,199212260WSB-DET,WSB-1993,0,1993,1,33.01111111111111,jonesch01-1993
daughbr01,43,5.5,199212280CLE-CLE,199212280CLE-DET,CLE-1993,1,1993,236.5,133.27777777777777,daughbr01-1993
nancela01,42,12.2,199212280CLE-CLE,199212280CLE-DET,CLE-1993,1,1993,512.4,133.27777777777777,nancela01-1993
pricema01,42,15,199212280CLE-CLE,199212280CLE-DET,CLE-1993,1,1993,630,133.27777777777777,pricema01-1993
williho01,35,0,199212280CLE-CLE,199212280CLE-DET,CLE-1993,1,1993,0,133.27777777777777,williho01-1993
ehlocr01,24,-1.2,199212280CLE-CLE,199212280CLE-DET,CLE-1993,1,1993,-28.799999999999997,133.27777777777777,ehlocr01-1993
wilkige01,24,-4,199212280CLE-CLE,199212280CLE-DET,CLE-1993,1,1993,-96,133.27777777777777,wilkige01-1993
sandemi01,17,-1.2,199212280CLE-CLE,199212280CLE-DET,CLE-1993,1,1993,-20.4,133.27777777777777,sandemi01-1993
ferryda01,7,-2.4,199212280CLE-CLE,199212280CLE-DET,CLE-1993,1,1993,-16.8,133.27777777777777,ferryda01-1993
brandte01,6,-2.9,199212280CLE-CLE,199212280CLE-DET,CLE-1993,1,1993,-17.4,133.27777777777777,brandte01-1993
rodmade01,44,1.5,199212300DET-DET,199212300DET-WSB,DET-1993,1,1993,66,73.30999999999999,rodmade01-1993
dumarjo01,42,10.2,199212300DET-DET,199212300DET-WSB,DET-1993,1,1993,428.4,73.30999999999999,dumarjo01-1993
thomais01,41,-2.7,199212300DET-DET,199212300DET-WSB,DET-1993,1,1993,-110.7,73.30999999999999,thomais01-1993
woolror01,41,6.6,199212300DET-DET,199212300DET-WSB,DET-1993,1,1993,270.59999999999997,73.30999999999999,woolror01-1993
laimbbi01,30,5.5,199212300DET-DET,199212300DET-WSB,DET-1993,1,1993,165,73.30999999999999,laimbbi01-1993
millste01,15,-4.7,199212300DET-DET,199212300DET-WSB,DET-1993,1,1993,-70.5,73.30999999999999,millste01-1993
randama01,11,0,199212300DET-DET,199212300DET-WSB,DET-1993,1,1993,0,73.30999999999999,randama01-1993
aguirma01,7,-1,199212300DET-DET,199212300DET-WSB,DET-1993,1,1993,-7,73.30999999999999,aguirma01-1993
youngda01,6,-0.9,199212300DET-DET,199212300DET-WSB,DET-1993,1,1993,-5.4,73.30999999999999,youngda01-1993
rulanje01,3,-1.1,199212300DET-DET,199212300DET-WSB,DET-1993,1,1993,-3.3000000000000003,73.30999999999999,rulanje01-1993
onealsh01,44,1.6,199301020ORL-ORL,199301020ORL-DET,ORL-1993,0,1993,70.4,57.75555555555555,onealsh01-1993
scottde01,41,0.2,199301020ORL-ORL,199301020ORL-DET,ORL-1993,0,1993,8.200000000000001,57.75555555555555,scottde01-1993
anderni01,37,10.6,199301020ORL-ORL,199301020ORL-DET,ORL-1993,0,1993,392.2,57.75555555555555,anderni01-1993
skilesc01,33,-1.2,199301020ORL-ORL,199301020ORL-DET,ORL-1993,0,1993,-39.6,57.75555555555555,skilesc01-1993
tolbeto01,33,3.8,199301020ORL-ORL,199301020ORL-DET,ORL-1993,0,1993,125.39999999999999,57.75555555555555,tolbeto01-1993
royaldo01,22,0.9,199301020ORL-ORL,199301020ORL-DET,ORL-1993,0,1993,19.8,57.75555555555555,royaldo01-1993
turneje01,14,-2.9,199301020ORL-ORL,199301020ORL-DET,ORL-1993,0,1993,-40.6,57.75555555555555,turneje01-1993
greenli01,8,-0.2,199301020ORL-ORL,199301020ORL-DET,ORL-1993,0,1993,-1.6,57.75555555555555,greenli01-1993
kerrst01,8,-1.8,199301020ORL-ORL,199301020ORL-DET,ORL-1993,0,1993,-14.4,57.75555555555555,kerrst01-1993
colesbi01,44,3.8,199301050MIA-MIA,199301050MIA-DET,MIA-1993,1,1993,167.2,64.65,colesbi01-1993
seikaro01,39,6.2,199301050MIA-MIA,199301050MIA-DET,MIA-1993,1,1993,241.8,64.65,seikaro01-1993
edwarke01,31,-2.6,199301050MIA-MIA,199301050MIA-DET,MIA-1993,1,1993,-80.60000000000001,64.65,edwarke01-1993
ricegl01,31,6.5,199301050MIA-MIA,199301050MIA-DET,MIA-1993,1,1993,201.5,64.65,ricegl01-1993
longgr01,30,-4.6,199301050MIA-MIA,199301050MIA-DET,MIA-1993,1,1993,-138,64.65,longgr01-1993
sallejo01,27,0.9,199301050MIA-MIA,199301050MIA-DET,MIA-1993,1,1993,24.3,64.65,sallejo01-1993
minerha01,21,9.1,199301050MIA-MIA,199301050MIA-DET,MIA-1993,1,1993,191.1,64.65,minerha01-1993
burtowi01,17,-5.3,199301050MIA-MIA,199301050MIA-DET,MIA-1993,1,1993,-90.1,64.65,burtowi01-1993
rodmade01,44,8,199301060DET-DET,199301060DET-LAC,DET-1993,1,1993,352,52.68,rodmade01-1993
dumarjo01,43,-0.8,199301060DET-DET,199301060DET-LAC,DET-1993,1,1993,-34.4,52.68,dumarjo01-1993
thomais01,35,2.3,199301060DET-DET,199301060DET-LAC,DET-1993,1,1993,80.5,52.68,thomais01-1993
woolror01,33,3,199301060DET-DET,199301060DET-LAC,DET-1993,1,1993,99,52.68,woolror01-1993
laimbbi01,31,0,199301060DET-DET,199301060DET-LAC,DET-1993,1,1993,0,52.68,laimbbi01-1993
millste01,19,-0.4,199301060DET-DET,199301060DET-LAC,DET-1993,1,1993,-7.6000000000000005,52.68,millste01-1993
youngda01,18,2,199301060DET-DET,199301060DET-LAC,DET-1993,1,1993,36,52.68,youngda01-1993
aguirma01,15,0.1,199301060DET-DET,199301060DET-LAC,DET-1993,1,1993,1.5,52.68,aguirma01-1993
randama01,1,-0.1,199301060DET-DET,199301060DET-LAC,DET-1993,1,1993,-0.1,52.68,randama01-1993
rulanje01,1,-0.1,199301060DET-DET,199301060DET-LAC,DET-1993,1,1993,-0.1,52.68,rulanje01-1993
rodmade01,45,-3,199301080DET-DET,199301080DET-ATL,DET-1993,0,1993,-135,-9.03,rodmade01-1993
dumarjo01,43,2.3,199301080DET-DET,199301080DET-ATL,DET-1993,0,1993,98.89999999999999,-9.03,dumarjo01-1993
thomais01,36,-6.3,199301080DET-DET,199301080DET-ATL,DET-1993,0,1993,-226.79999999999998,-9.03,thomais01-1993
woolror01,36,1.1,199301080DET-DET,199301080DET-ATL,DET-1993,0,1993,39.6,-9.03,woolror01-1993
laimbbi01,31,1,199301080DET-DET,199301080DET-ATL,DET-1993,0,1993,31,-9.03,laimbbi01-1993
millste01,20,3.7,199301080DET-DET,199301080DET-ATL,DET-1993,0,1993,74,-9.03,millste01-1993
youngda01,13,0.6,199301080DET-DET,199301080DET-ATL,DET-1993,0,1993,7.8,-9.03,youngda01-1993
aguirma01,9,0.6,199301080DET-DET,199301080DET-ATL,DET-1993,0,1993,5.3999999999999995,-9.03,aguirma01-1993
rulanje01,6,2.5,199301080DET-DET,199301080DET-ATL,DET-1993,0,1993,15,-9.03,rulanje01-1993
randama01,1,-0.2,199301080DET-DET,199301080DET-ATL,DET-1993,0,1993,-0.2,-9.03,randama01-1993
dumarjo01,45,9.9,199301090DET-DET,199301090DET-GSW,DET-1993,0,1993,445.5,43.47,dumarjo01-1993
rodmade01,37,3.8,199301090DET-DET,199301090DET-GSW,DET-1993,0,1993,140.6,43.47,rodmade01-1993
thomais01,36,-3.4,199301090DET-DET,199301090DET-GSW,DET-1993,0,1993,-122.39999999999999,43.47,thomais01-1993
woolror01,34,-6.7,199301090DET-DET,199301090DET-GSW,DET-1993,0,1993,-227.8,43.47,woolror01-1993
millste01,32,4.2,199301090DET-DET,199301090DET-GSW,DET-1993,0,1993,134.4,43.47,millste01-1993
laimbbi01,20,3.8,199301090DET-DET,199301090DET-GSW,DET-1993,0,1993,76,43.47,laimbbi01-1993
youngda01,16,0.6,199301090DET-DET,199301090DET-GSW,DET-1993,0,1993,9.6,43.47,youngda01-1993
aguirma01,7,-2.3,199301090DET-DET,199301090DET-GSW,DET-1993,0,1993,-16.099999999999998,43.47,aguirma01-1993
glassge01,7,-0.3,199301090DET-DET,199301090DET-GSW,DET-1993,0,1993,-2.1,43.47,glassge01-1993
rulanje01,6,-0.5,199301090DET-DET,199301090DET-GSW,DET-1993,0,1993,-3,43.47,rulanje01-1993
rodmade01,42,-3.6,199301110DET-DET,199301110DET-SAS,DET-1993,0,1993,-151.20000000000002,9.666666666666664,rodmade01-1993
dumarjo01,39,4.3,199301110DET-DET,199301110DET-SAS,DET-1993,0,1993,167.7,9.666666666666664,dumarjo01-1993
thomais01,35,1.5,199301110DET-DET,199301110DET-SAS,DET-1993,0,1993,52.5,9.666666666666664,thomais01-1993
millste01,28,-0.7,199301110DET-DET,199301110DET-SAS,DET-1993,0,1993,-19.599999999999998,9.666666666666664,millste01-1993
woolror01,26,2.5,199301110DET-DET,199301110DET-SAS,DET-1993,0,1993,65,9.666666666666664,woolror01-1993
laimbbi01,25,1.3,199301110DET-DET,199301110DET-SAS,DET-1993,0,1993,32.5,9.666666666666664,laimbbi01-1993
youngda01,15,1.3,199301110DET-DET,199301110DET-SAS,DET-1993,0,1993,19.5,9.666666666666664,youngda01-1993
aguirma01,12,-3.4,199301110DET-DET,199301110DET-SAS,DET-1993,0,1993,-40.8,9.666666666666664,aguirma01-1993
glassge01,7,0.6,199301110DET-DET,199301110DET-SAS,DET-1993,0,1993,4.2,9.666666666666664,glassge01-1993
randama01,4,0.3,199301110DET-DET,199301110DET-SAS,DET-1993,0,1993,1.2,9.666666666666664,randama01-1993
rulanje01,4,-2.1,199301110DET-DET,199301110DET-SAS,DET-1993,0,1993,-8.4,9.666666666666664,rulanje01-1993
morriis01,3,-2.2,199301110DET-DET,199301110DET-SAS,DET-1993,0,1993,-6.6000000000000005,9.666666666666664,morriis01-1993
rodmade01,36,-2.4,199301130DET-DET,199301130DET-DAL,DET-1993,1,1993,-86.39999999999999,25.233333333333334,rodmade01-1993
thomais01,30,2.5,199301130DET-DET,199301130DET-DAL,DET-1993,1,1993,75,25.233333333333334,thomais01-1993
dumarjo01,28,-1.5,199301130DET-DET,199301130DET-DAL,DET-1993,1,1993,-42,25.233333333333334,dumarjo01-1993
woolror01,26,1.5,199301130DET-DET,199301130DET-DAL,DET-1993,1,1993,39,25.233333333333334,woolror01-1993
millste01,25,5.6,199301130DET-DET,199301130DET-DAL,DET-1993,1,1993,140,25.233333333333334,millste01-1993
glassge01,20,2.7,199301130DET-DET,199301130DET-DAL,DET-1993,1,1993,54,25.233333333333334,glassge01-1993
aguirma01,19,5.6,199301130DET-DET,199301130DET-DAL,DET-1993,1,1993,106.39999999999999,25.233333333333334,aguirma01-1993
laimbbi01,18,1.9,199301130DET-DET,199301130DET-DAL,DET-1993,1,1993,34.199999999999996,25.233333333333334,laimbbi01-1993
youngda01,18,0.6,199301130DET-DET,199301130DET-DAL,DET-1993,1,1993,10.799999999999999,25.233333333333334,youngda01-1993
randama01,12,-0.7,199301130DET-DET,199301130DET-DAL,DET-1993,1,1993,-8.399999999999999,25.233333333333334,randama01-1993
rulanje01,5,-2.4,199301130DET-DET,199301130DET-DAL,DET-1993,1,1993,-12,25.233333333333334,rulanje01-1993
morriis01,3,-2.6,199301130DET-DET,199301130DET-DAL,DET-1993,1,1993,-7.800000000000001,25.233333333333334,morriis01-1993
blaylmo01,39,8.6,199301140ATL-ATL,199301140ATL-DET,ATL-1993,1,1993,335.4,54.27272727272727,blaylmo01-1993
augmost01,34,-0.1,199301140ATL-ATL,199301140ATL-DET,ATL-1993,1,1993,-3.4000000000000004,54.27272727272727,augmost01-1993
wilkido01,34,8.8,199301140ATL-ATL,199301140ATL-DET,ATL-1993,1,1993,299.20000000000005,54.27272727272727,wilkido01-1993
willike02,34,-2.4,199301140ATL-ATL,199301140ATL-DET,ATL-1993,1,1993,-81.6,54.27272727272727,willike02-1993
keefead01,32,4.4,199301140ATL-ATL,199301140ATL-DET,ATL-1993,1,1993,140.8,54.27272727272727,keefead01-1993
ferredu01,27,-6.3,199301140ATL-ATL,199301140ATL-DET,ATL-1993,1,1993,-170.1,54.27272727272727,ferredu01-1993
koncajo01,14,1.1,199301140ATL-ATL,199301140ATL-DET,ATL-1993,1,1993,15.400000000000002,54.27272727272727,koncajo01-1993
grahapa01,13,3.9,199301140ATL-ATL,199301140ATL-DET,ATL-1993,1,1993,50.699999999999996,54.27272727272727,grahapa01-1993
hensost01,9,1,199301140ATL-ATL,199301140ATL-DET,ATL-1993,1,1993,9,54.27272727272727,hensost01-1993
fostegr01,2,0,199301140ATL-ATL,199301140ATL-DET,ATL-1993,1,1993,0,54.27272727272727,fostegr01-1993
stivral01,2,0.8,199301140ATL-ATL,199301140ATL-DET,ATL-1993,1,1993,1.6,54.27272727272727,stivral01-1993
hornaje01,35,6.3,199301160PHI-PHI,199301160PHI-DET,PHI-1993,1,1993,220.5,41.075,hornaje01-1993
dawkijo01,31,-0.3,199301160PHI-PHI,199301160PHI-DET,PHI-1993,1,1993,-9.299999999999999,41.075,dawkijo01-1993
hawkihe01,25,4.3,199301160PHI-PHI,199301160PHI-DET,PHI-1993,1,1993,107.5,41.075,hawkihe01-1993
bolma01,24,-1.8,199301160PHI-PHI,199301160PHI-DET,PHI-1993,1,1993,-43.2,41.075,bolma01-1993
weathcl01,24,1.8,199301160PHI-PHI,199301160PHI-DET,PHI-1993,1,1993,43.2,41.075,weathcl01-1993
anderro01,24,-3.3,199301160PHI-PHI,199301160PHI-DET,PHI-1993,1,1993,-79.19999999999999,41.075,anderro01-1993
perryti01,24,9.9,199301160PHI-PHI,199301160PHI-DET,PHI-1993,1,1993,237.60000000000002,41.075,perryti01-1993
gilliar01,22,1,199301160PHI-PHI,199301160PHI-DET,PHI-1993,1,1993,22,41.075,gilliar01-1993
langan01,16,1.3,199301160PHI-PHI,199301160PHI-DET,PHI-1993,1,1993,20.8,41.075,langan01-1993
grantgr01,5,-0.8,199301160PHI-PHI,199301160PHI-DET,PHI-1993,1,1993,-4,41.075,grantgr01-1993
shackch01,5,-2.8,199301160PHI-PHI,199301160PHI-DET,PHI-1993,1,1993,-14,41.075,shackch01-1993
wilkied01,5,-1.8,199301160PHI-PHI,199301160PHI-DET,PHI-1993,1,1993,-9,41.075,wilkied01-1993
daviste01,41,0.3,199301190DAL-DAL,199301190DAL-DET,DAL-1993,1,1993,12.299999999999999,34.72,daviste01-1993
harpede01,40,8.4,199301190DAL-DAL,199301190DAL-DET,DAL-1993,1,1993,336,34.72,harpede01-1993
bondwa01,31,1.6,199301190DAL-DAL,199301190DAL-DET,DAL-1993,1,1993,49.6,34.72,bondwa01-1993
rooksse01,29,-3,199301190DAL-DAL,199301190DAL-DET,DAL-1993,1,1993,-87,34.72,rooksse01-1993
whitera01,25,2.2,199301190DAL-DAL,199301190DAL-DET,DAL-1993,1,1993,55.00000000000001,34.72,whitera01-1993
smithdo03,24,-1.1,199301190DAL-DAL,199301190DAL-DET,DAL-1993,1,1993,-26.400000000000002,34.72,smithdo03-1993
iuzzomi01,22,-0.4,199301190DAL-DAL,199301190DAL-DET,DAL-1993,1,1993,-8.8,34.72,iuzzomi01-1993
hodgedo01,19,1.2,199301190DAL-DAL,199301190DAL-DET,DAL-1993,1,1993,22.8,34.72,hodgedo01-1993
cambrde01,6,0.2,199301190DAL-DAL,199301190DAL-DET,DAL-1993,1,1993,1.2000000000000002,34.72,cambrde01-1993
mooretr01,3,-2.5,199301190DAL-DAL,199301190DAL-DET,DAL-1993,1,1993,-7.5,34.72,mooretr01-1993
thorpot01,43,1.8,199301210HOU-HOU,199301210HOU-DET,HOU-1993,1,1993,77.4,72.74444444444444,thorpot01-1993
olajuha01,40,8,199301210HOU-HOU,199301210HOU-DET,HOU-1993,1,1993,320,72.74444444444444,olajuha01-1993
smithke01,38,4.1,199301210HOU-HOU,199301210HOU-DET,HOU-1993,1,1993,155.79999999999998,72.74444444444444,smithke01-1993
maxweve01,35,4.7,199301210HOU-HOU,199301210HOU-DET,HOU-1993,1,1993,164.5,72.74444444444444,maxweve01-1993
horryro01,32,-1.6,199301210HOU-HOU,199301210HOU-DET,HOU-1993,1,1993,-51.2,72.74444444444444,horryro01-1993
bullama01,18,0.7,199301210HOU-HOU,199301210HOU-DET,HOU-1993,1,1993,12.6,72.74444444444444,bullama01-1993
garlawi01,13,-1.6,199301210HOU-HOU,199301210HOU-DET,HOU-1993,1,1993,-20.8,72.74444444444444,garlawi01-1993
herreca01,11,2.4,199301210HOU-HOU,199301210HOU-DET,HOU-1993,1,1993,26.4,72.74444444444444,herreca01-1993
brooksc01,10,-3,199301210HOU-HOU,199301210HOU-DET,HOU-1993,1,1993,-30,72.74444444444444,brooksc01-1993
ellisda01,39,0.6,199301220SAS-SAS,199301220SAS-DET,SAS-1993,1,1993,23.4,49.86363636363636,ellisda01-1993
robinda01,33,2.9,199301220SAS-SAS,199301220SAS-DET,SAS-1993,1,1993,95.7,49.86363636363636,robinda01-1993
elliose01,32,1.3,199301220SAS-SAS,199301220SAS-DET,SAS-1993,1,1993,41.6,49.86363636363636,elliose01-1993
carran01,28,-0.7,199301220SAS-SAS,199301220SAS-DET,SAS-1993,1,1993,-19.599999999999998,49.86363636363636,carran01-1993
johnsav01,28,8.1,199301220SAS-SAS,199301220SAS-DET,SAS-1993,1,1993,226.79999999999998,49.86363636363636,johnsav01-1993
reidjr01,28,4.8,199301220SAS-SAS,199301220SAS-DET,SAS-1993,1,1993,134.4,49.86363636363636,reidjr01-1993
delnevi01,18,2.3,199301220SAS-SAS,199301220SAS-DET,SAS-1993,1,1993,41.4,49.86363636363636,delnevi01-1993
woodda01,14,3.4,199301220SAS-SAS,199301220SAS-DET,SAS-1993,1,1993,47.6,49.86363636363636,woodda01-1993
daniell01,10,-3.4,199301220SAS-SAS,199301220SAS-DET,SAS-1993,1,1993,-34,49.86363636363636,daniell01-1993
macksa01,6,-1.8,199301220SAS-SAS,199301220SAS-DET,SAS-1993,1,1993,-10.8,49.86363636363636,macksa01-1993
smithla01,4,0.5,199301220SAS-SAS,199301220SAS-DET,SAS-1993,1,1993,2,49.86363636363636,smithla01-1993
dumarjo01,42,8.8,199301250DET-DET,199301250DET-PHO,DET-1993,0,1993,369.6,57,dumarjo01-1993
glassge01,42,4.9,199301250DET-DET,199301250DET-PHO,DET-1993,0,1993,205.8,57,glassge01-1993
thomais01,33,-1.1,199301250DET-DET,199301250DET-PHO,DET-1993,0,1993,-36.300000000000004,57,thomais01-1993
millste01,27,0.8,199301250DET-DET,199301250DET-PHO,DET-1993,0,1993,21.6,57,millste01-1993
woolror01,24,2,199301250DET-DET,199301250DET-PHO,DET-1993,0,1993,48,57,woolror01-1993
polynol01,24,-3,199301250DET-DET,199301250DET-PHO,DET-1993,0,1993,-72,57,polynol01-1993
laimbbi01,22,0.5,199301250DET-DET,199301250DET-PHO,DET-1993,0,1993,11,57,laimbbi01-1993
youngda01,13,3.5,199301250DET-DET,199301250DET-PHO,DET-1993,0,1993,45.5,57,youngda01-1993
randama01,9,-2,199301250DET-DET,199301250DET-PHO,DET-1993,0,1993,-18,57,randama01-1993
newbeme01,4,-1.3,199301250DET-DET,199301250DET-PHO,DET-1993,0,1993,-5.2,57,newbeme01-1993
dumarjo01,42,-2.4,199301270DET-DET,199301270DET-BOS,DET-1993,1,1993,-100.8,60.04444444444445,dumarjo01-1993
thomais01,38,10.1,199301270DET-DET,199301270DET-BOS,DET-1993,1,1993,383.8,60.04444444444445,thomais01-1993
glassge01,35,5,199301270DET-DET,199301270DET-BOS,DET-1993,1,1993,175,60.04444444444445,glassge01-1993
laimbbi01,31,-5.6,199301270DET-DET,199301270DET-BOS,DET-1993,1,1993,-173.6,60.04444444444445,laimbbi01-1993
millste01,28,6.9,199301270DET-DET,199301270DET-BOS,DET-1993,1,1993,193.20000000000002,60.04444444444445,millste01-1993
polynol01,23,0.5,199301270DET-DET,199301270DET-BOS,DET-1993,1,1993,11.5,60.04444444444445,polynol01-1993
aguirma01,19,4.9,199301270DET-DET,199301270DET-BOS,DET-1993,1,1993,93.10000000000001,60.04444444444445,aguirma01-1993
youngda01,13,0,199301270DET-DET,199301270DET-BOS,DET-1993,1,1993,0,60.04444444444445,youngda01-1993
woolror01,11,-3.8,199301270DET-DET,199301270DET-BOS,DET-1993,1,1993,-41.8,60.04444444444445,woolror01-1993
dumarjo01,42,2.7,199301290DET-DET,199301290DET-MIN,DET-1993,1,1993,113.4,45.5,dumarjo01-1993
laimbbi01,40,-3.1,199301290DET-DET,199301290DET-MIN,DET-1993,1,1993,-124,45.5,laimbbi01-1993
thomais01,36,0,199301290DET-DET,199301290DET-MIN,DET-1993,1,1993,0,45.5,thomais01-1993
aguirma01,33,13.2,199301290DET-DET,199301290DET-MIN,DET-1993,1,1993,435.59999999999997,45.5,aguirma01-1993
millste01,29,0.5,199301290DET-DET,199301290DET-MIN,DET-1993,1,1993,14.5,45.5,millste01-1993
woolror01,25,2.4,199301290DET-DET,199301290DET-MIN,DET-1993,1,1993,60,45.5,woolror01-1993
glassge01,18,-2.6,199301290DET-DET,199301290DET-MIN,DET-1993,1,1993,-46.800000000000004,45.5,glassge01-1993
youngda01,14,0.4,199301290DET-DET,199301290DET-MIN,DET-1993,1,1993,5.6000000000000005,45.5,youngda01-1993
randama01,2,-1.6,199301290DET-DET,199301290DET-MIN,DET-1993,1,1993,-3.2,45.5,randama01-1993
morriis01,1,-0.1,199301290DET-DET,199301290DET-MIN,DET-1993,1,1993,-0.1,45.5,morriis01-1993
millere01,42,7.6,199301300IND-IND,199301300IND-DET,IND-1993,1,1993,319.2,79.45555555555556,millere01-1993
richapo01,39,3.2,199301300IND-IND,199301300IND-DET,IND-1993,1,1993,124.80000000000001,79.45555555555556,richapo01-1993
mccloge01,38,7.7,199301300IND-IND,199301300IND-DET,IND-1993,1,1993,292.6,79.45555555555556,mccloge01-1993
davisda01,37,-3.9,199301300IND-IND,199301300IND-DET,IND-1993,1,1993,-144.29999999999998,79.45555555555556,davisda01-1993
schrede01,35,3.5,199301300IND-IND,199301300IND-DET,IND-1993,1,1993,122.5,79.45555555555556,schrede01-1993
smitsri01,25,2.8,199301300IND-IND,199301300IND-DET,IND-1993,1,1993,70,79.45555555555556,smitsri01-1993
flemive01,11,-4,199301300IND-IND,199301300IND-DET,IND-1993,1,1993,-44,79.45555555555556,flemive01-1993
mitchsa01,9,-2.5,199301300IND-IND,199301300IND-DET,IND-1993,1,1993,-22.5,79.45555555555556,mitchsa01-1993
sealyma01,4,-0.8,199301300IND-IND,199301300IND-DET,IND-1993,1,1993,-3.2,79.45555555555556,sealyma01-1993
nancela01,38,7.6,199302050CLE-CLE,199302050CLE-DET,CLE-1993,1,1993,288.8,65.31818181818181,nancela01-1993
wilkige01,37,6.8,199302050CLE-CLE,199302050CLE-DET,CLE-1993,1,1993,251.6,65.31818181818181,wilkige01-1993
daughbr01,36,1.6,199302050CLE-CLE,199302050CLE-DET,CLE-1993,1,1993,57.6,65.31818181818181,daughbr01-1993
ehlocr01,28,4.2,199302050CLE-CLE,199302050CLE-DET,CLE-1993,1,1993,117.60000000000001,65.31818181818181,ehlocr01-1993
pricema01,28,1.5,199302050CLE-CLE,199302050CLE-DET,CLE-1993,1,1993,42,65.31818181818181,pricema01-1993
ferryda01,24,-1.5,199302050CLE-CLE,199302050CLE-DET,CLE-1993,1,1993,-36,65.31818181818181,ferryda01-1993
williho01,24,0.2,199302050CLE-CLE,199302050CLE-DET,CLE-1993,1,1993,4.800000000000001,65.31818181818181,williho01-1993
brandte01,19,-1.1,199302050CLE-CLE,199302050CLE-DET,CLE-1993,1,1993,-20.900000000000002,65.31818181818181,brandte01-1993
guidija01,2,-0.2,199302050CLE-CLE,199302050CLE-DET,CLE-1993,1,1993,-0.4,65.31818181818181,guidija01-1993
laneje01,2,1.7,199302050CLE-CLE,199302050CLE-DET,CLE-1993,1,1993,3.4,65.31818181818181,laneje01-1993
phillbo01,2,5,199302050CLE-CLE,199302050CLE-DET,CLE-1993,1,1993,10,65.31818181818181,phillbo01-1993
dumarjo01,40,3.8,199302070DET-DET,199302070DET-SEA,DET-1993,0,1993,152,38.22222222222222,dumarjo01-1993
millste01,39,5.5,199302070DET-DET,199302070DET-SEA,DET-1993,0,1993,214.5,38.22222222222222,millste01-1993
thomais01,39,-4.1,199302070DET-DET,199302070DET-SEA,DET-1993,0,1993,-159.89999999999998,38.22222222222222,thomais01-1993
polynol01,32,-4.2,199302070DET-DET,199302070DET-SEA,DET-1993,0,1993,-134.4,38.22222222222222,polynol01-1993
aguirma01,27,7,199302070DET-DET,199302070DET-SEA,DET-1993,0,1993,189,38.22222222222222,aguirma01-1993
woolror01,24,-1.1,199302070DET-DET,199302070DET-SEA,DET-1993,0,1993,-26.400000000000002,38.22222222222222,woolror01-1993
laimbbi01,20,4.8,199302070DET-DET,199302070DET-SEA,DET-1993,0,1993,96,38.22222222222222,laimbbi01-1993
youngda01,17,0.8,199302070DET-DET,199302070DET-SEA,DET-1993,0,1993,13.600000000000001,38.22222222222222,youngda01-1993
newbeme01,2,-0.2,199302070DET-DET,199302070DET-SEA,DET-1993,0,1993,-0.4,38.22222222222222,newbeme01-1993
millste01,42,6.8,199302090DET-DET,199302090DET-MIA,DET-1993,0,1993,285.59999999999997,31.74444444444444,millste01-1993
thomais01,41,-0.7,199302090DET-DET,199302090DET-MIA,DET-1993,0,1993,-28.7,31.74444444444444,thomais01-1993
dumarjo01,40,-0.9,199302090DET-DET,199302090DET-MIA,DET-1993,0,1993,-36,31.74444444444444,dumarjo01-1993
woolror01,34,1.9,199302090DET-DET,199302090DET-MIA,DET-1993,0,1993,64.6,31.74444444444444,woolror01-1993
laimbbi01,27,3.5,199302090DET-DET,199302090DET-MIA,DET-1993,0,1993,94.5,31.74444444444444,laimbbi01-1993
polynol01,23,-3.6,199302090DET-DET,199302090DET-MIA,DET-1993,0,1993,-82.8,31.74444444444444,polynol01-1993
aguirma01,16,-2.5,199302090DET-DET,199302090DET-MIA,DET-1993,0,1993,-40,31.74444444444444,aguirma01-1993
youngda01,10,1.8,199302090DET-DET,199302090DET-MIA,DET-1993,0,1993,18,31.74444444444444,youngda01-1993
newbeme01,7,1.5,199302090DET-DET,199302090DET-MIA,DET-1993,0,1993,10.5,31.74444444444444,newbeme01-1993
colemde01,39,9.3,199302100NJN-NJN,199302100NJN-DET,NJN-1993,1,1993,362.70000000000005,68.35454545454546,colemde01-1993
anderke01,35,9,199302100NJN-NJN,199302100NJN-DET,NJN-1993,1,1993,315,68.35454545454546,anderke01-1993
petrodr01,32,-4.5,199302100NJN-NJN,199302100NJN-DET,NJN-1993,1,1993,-144,68.35454545454546,petrodr01-1993
morrich01,27,3.3,199302100NJN-NJN,199302100NJN-DET,NJN-1993,1,1993,89.1,68.35454545454546,morrich01-1993
bowiesa01,24,5,199302100NJN-NJN,199302100NJN-DET,NJN-1993,1,1993,120,68.35454545454546,bowiesa01-1993
dudlech02,24,-0.1,199302100NJN-NJN,199302100NJN-DET,NJN-1993,1,1993,-2.4000000000000004,68.35454545454546,dudlech02-1993
kingbe01,21,1.3,199302100NJN-NJN,199302100NJN-DET,NJN-1993,1,1993,27.3,68.35454545454546,kingbe01-1993
robinru01,13,0.2,199302100NJN-NJN,199302100NJN-DET,NJN-1993,1,1993,2.6,68.35454545454546,robinru01-1993
addisra01,12,-3.9,199302100NJN-NJN,199302100NJN-DET,NJN-1993,1,1993,-46.8,68.35454545454546,addisra01-1993
brownch01,9,2.8,199302100NJN-NJN,199302100NJN-DET,NJN-1993,1,1993,25.2,68.35454545454546,brownch01-1993
georgta01,4,0.8,199302100NJN-NJN,199302100NJN-DET,NJN-1993,1,1993,3.2,68.35454545454546,georgta01-1993
thomais01,42,3.1,199302120DET-DET,199302120DET-NJN,DET-1993,1,1993,130.20000000000002,53.544444444444444,thomais01-1993
millste01,38,0.1,199302120DET-DET,199302120DET-NJN,DET-1993,1,1993,3.8000000000000003,53.544444444444444,millste01-1993
polynol01,37,2.8,199302120DET-DET,199302120DET-NJN,DET-1993,1,1993,103.6,53.544444444444444,polynol01-1993
newbeme01,31,9.2,199302120DET-DET,199302120DET-NJN,DET-1993,1,1993,285.2,53.544444444444444,newbeme01-1993
woolror01,28,-2.2,199302120DET-DET,199302120DET-NJN,DET-1993,1,1993,-61.60000000000001,53.544444444444444,woolror01-1993
youngda01,23,-0.4,199302120DET-DET,199302120DET-NJN,DET-1993,1,1993,-9.200000000000001,53.544444444444444,youngda01-1993
aguirma01,20,0.8,199302120DET-DET,199302120DET-NJN,DET-1993,1,1993,16,53.544444444444444,aguirma01-1993
laimbbi01,20,0.7,199302120DET-DET,199302120DET-NJN,DET-1993,1,1993,14,53.544444444444444,laimbbi01-1993
randama01,1,-0.1,199302120DET-DET,199302120DET-NJN,DET-1993,1,1993,-0.1,53.544444444444444,randama01-1993
johnsla02,40,6.2,199302140CHH-CHH,199302140CHH-DET,CHH-1993,1,1993,248,65.31,johnsla02-1993
boguemu01,39,0.2,199302140CHH-CHH,199302140CHH-DET,CHH-1993,1,1993,7.800000000000001,65.31,boguemu01-1993
mournal01,39,2.6,199302140CHH-CHH,199302140CHH-DET,CHH-1993,1,1993,101.4,65.31,mournal01-1993
gillke01,37,8.7,199302140CHH-CHH,199302140CHH-DET,CHH-1993,1,1993,321.9,65.31,gillke01-1993
curryde01,34,1.2,199302140CHH-CHH,199302140CHH-DET,CHH-1993,1,1993,40.8,65.31,curryde01-1993
newmajo01,18,-2.9,199302140CHH-CHH,199302140CHH-DET,CHH-1993,1,1993,-52.199999999999996,65.31,newmajo01-1993
wingada01,12,-2.1,199302140CHH-CHH,199302140CHH-DET,CHH-1993,1,1993,-25.200000000000003,65.31,wingada01-1993
gattike01,11,0.6,199302140CHH-CHH,199302140CHH-DET,CHH-1993,1,1993,6.6,65.31,gattike01-1993
gminsmi01,6,0.6,199302140CHH-CHH,199302140CHH-DET,CHH-1993,1,1993,3.5999999999999996,65.31,gminsmi01-1993
benneto01,4,0.1,199302140CHH-CHH,199302140CHH-DET,CHH-1993,1,1993,0.4,65.31,benneto01-1993
dumarjo01,50,12.8,199302160DET-DET,199302160DET-ORL,DET-1993,1,1993,640,75.73,dumarjo01-1993
thomais01,46,1,199302160DET-DET,199302160DET-ORL,DET-1993,1,1993,46,75.73,thomais01-1993
millste01,41,-2.6,199302160DET-DET,199302160DET-ORL,DET-1993,1,1993,-106.60000000000001,75.73,millste01-1993
aguirma01,32,7,199302160DET-DET,199302160DET-ORL,DET-1993,1,1993,224,75.73,aguirma01-1993
rodmade01,29,2.4,199302160DET-DET,199302160DET-ORL,DET-1993,1,1993,69.6,75.73,rodmade01-1993
polynol01,22,1.6,199302160DET-DET,199302160DET-ORL,DET-1993,1,1993,35.2,75.73,polynol01-1993
woolror01,21,-5.8,199302160DET-DET,199302160DET-ORL,DET-1993,1,1993,-121.8,75.73,woolror01-1993
laimbbi01,12,0.3,199302160DET-DET,199302160DET-ORL,DET-1993,1,1993,3.5999999999999996,75.73,laimbbi01-1993
newbeme01,9,-3.5,199302160DET-DET,199302160DET-ORL,DET-1993,1,1993,-31.5,75.73,newbeme01-1993
youngda01,3,-0.4,199302160DET-DET,199302160DET-ORL,DET-1993,1,1993,-1.2000000000000002,75.73,youngda01-1993
ricegl01,42,7,199302170MIA-MIA,199302170MIA-DET,MIA-1993,1,1993,294,53.15555555555555,ricegl01-1993
longgr01,39,6.1,199302170MIA-MIA,199302170MIA-DET,MIA-1993,1,1993,237.89999999999998,53.15555555555555,longgr01-1993
sallejo01,39,-1.2,199302170MIA-MIA,199302170MIA-DET,MIA-1993,1,1993,-46.8,53.15555555555555,sallejo01-1993
smithst01,32,-0.4,199302170MIA-MIA,199302170MIA-DET,MIA-1993,1,1993,-12.8,53.15555555555555,smithst01-1993
shawbr01,29,-1.2,199302170MIA-MIA,199302170MIA-DET,MIA-1993,1,1993,-34.8,53.15555555555555,shawbr01-1993
colesbi01,25,1,199302170MIA-MIA,199302170MIA-DET,MIA-1993,1,1993,25,53.15555555555555,colesbi01-1993
seikaro01,17,2.2,199302170MIA-MIA,199302170MIA-DET,MIA-1993,1,1993,37.400000000000006,53.15555555555555,seikaro01-1993
minerha01,11,-1.9,199302170MIA-MIA,199302170MIA-DET,MIA-1993,1,1993,-20.9,53.15555555555555,minerha01-1993
askinke01,6,-0.1,199302170MIA-MIA,199302170MIA-DET,MIA-1993,1,1993,-0.6000000000000001,53.15555555555555,askinke01-1993
rodmade01,43,-5.1,199302230DET-DET,199302230DET-PHI,DET-1993,1,1993,-219.29999999999998,56.14,rodmade01-1993
thomais01,43,4.6,199302230DET-DET,199302230DET-PHI,DET-1993,1,1993,197.79999999999998,56.14,thomais01-1993
dumarjo01,38,4.2,199302230DET-DET,199302230DET-PHI,DET-1993,1,1993,159.6,56.14,dumarjo01-1993
aguirma01,33,5.1,199302230DET-DET,199302230DET-PHI,DET-1993,1,1993,168.29999999999998,56.14,aguirma01-1993
laimbbi01,33,4.8,199302230DET-DET,199302230DET-PHI,DET-1993,1,1993,158.4,56.14,laimbbi01-1993
millste01,24,5.8,199302230DET-DET,199302230DET-PHI,DET-1993,1,1993,139.2,56.14,millste01-1993
newbeme01,11,-3.4,199302230DET-DET,199302230DET-PHI,DET-1993,1,1993,-37.4,56.14,newbeme01-1993
youngda01,9,0.1,199302230DET-DET,199302230DET-PHI,DET-1993,1,1993,0.9,56.14,youngda01-1993
polynol01,5,-1.2,199302230DET-DET,199302230DET-PHI,DET-1993,1,1993,-6,56.14,polynol01-1993
glassge01,1,-0.1,199302230DET-DET,199302230DET-PHI,DET-1993,1,1993,-0.1,56.14,glassge01-1993
dumarjo01,40,16.3,199302260DET-DET,199302260DET-NYK,DET-1993,1,1993,652,101.88,dumarjo01-1993
rodmade01,35,0.5,199302260DET-DET,199302260DET-NYK,DET-1993,1,1993,17.5,101.88,rodmade01-1993
millste01,34,5.5,199302260DET-DET,199302260DET-NYK,DET-1993,1,1993,187,101.88,millste01-1993
thomais01,34,-7,199302260DET-DET,199302260DET-NYK,DET-1993,1,1993,-238,101.88,thomais01-1993
aguirma01,31,7.3,199302260DET-DET,199302260DET-NYK,DET-1993,1,1993,226.29999999999998,101.88,aguirma01-1993
laimbbi01,25,4,199302260DET-DET,199302260DET-NYK,DET-1993,1,1993,100,101.88,laimbbi01-1993
newbeme01,19,2.4,199302260DET-DET,199302260DET-NYK,DET-1993,1,1993,45.6,101.88,newbeme01-1993
polynol01,16,2,199302260DET-DET,199302260DET-NYK,DET-1993,1,1993,32,101.88,polynol01-1993
glassge01,3,-1,199302260DET-DET,199302260DET-NYK,DET-1993,1,1993,-3,101.88,glassge01-1993
youngda01,3,-0.2,199302260DET-DET,199302260DET-NYK,DET-1993,1,1993,-0.6000000000000001,101.88,youngda01-1993
aguirma01,41,-1.8,199302270DET-DET,199302270DET-MIL,DET-1993,0,1993,-73.8,34.31111111111111,aguirma01-1993
dumarjo01,41,1.4,199302270DET-DET,199302270DET-MIL,DET-1993,0,1993,57.4,34.31111111111111,dumarjo01-1993
rodmade01,37,4.8,199302270DET-DET,199302270DET-MIL,DET-1993,0,1993,177.6,34.31111111111111,rodmade01-1993
millste01,33,2.4,199302270DET-DET,199302270DET-MIL,DET-1993,0,1993,79.2,34.31111111111111,millste01-1993
roberal01,26,6.5,199302270DET-DET,199302270DET-MIL,DET-1993,0,1993,169,34.31111111111111,roberal01-1993
thomais01,25,-1.4,199302270DET-DET,199302270DET-MIL,DET-1993,0,1993,-35,34.31111111111111,thomais01-1993
laimbbi01,16,-2,199302270DET-DET,199302270DET-MIL,DET-1993,0,1993,-32,34.31111111111111,laimbbi01-1993
polynol01,11,-1.6,199302270DET-DET,199302270DET-MIL,DET-1993,0,1993,-17.6,34.31111111111111,polynol01-1993
newbeme01,10,-1.6,199302270DET-DET,199302270DET-MIL,DET-1993,0,1993,-16,34.31111111111111,newbeme01-1993
thomais01,44,0.2,199303010DET-DET,199303010DET-BOS,DET-1993,1,1993,8.8,79.5125,thomais01-1993
dumarjo01,43,-2.4,199303010DET-DET,199303010DET-BOS,DET-1993,1,1993,-103.2,79.5125,dumarjo01-1993
millste01,42,14.7,199303010DET-DET,199303010DET-BOS,DET-1993,1,1993,617.4,79.5125,millste01-1993
rodmade01,39,2.1,199303010DET-DET,199303010DET-BOS,DET-1993,1,1993,81.9,79.5125,rodmade01-1993
laimbbi01,28,6.1,199303010DET-DET,199303010DET-BOS,DET-1993,1,1993,170.79999999999998,79.5125,laimbbi01-1993
aguirma01,22,-4.6,199303010DET-DET,199303010DET-BOS,DET-1993,1,1993,-101.19999999999999,79.5125,aguirma01-1993
roberal01,18,-2.2,199303010DET-DET,199303010DET-BOS,DET-1993,1,1993,-39.6,79.5125,roberal01-1993
youngda01,4,0.3,199303010DET-DET,199303010DET-BOS,DET-1993,1,1993,1.2,79.5125,youngda01-1993
dumarjo01,46,3.9,199303030DET-DET,199303030DET-UTA,DET-1993,0,1993,179.4,32.65555555555555,dumarjo01-1993
rodmade01,44,-3.6,199303030DET-DET,199303030DET-UTA,DET-1993,0,1993,-158.4,32.65555555555555,rodmade01-1993
millste01,39,-5.7,199303030DET-DET,199303030DET-UTA,DET-1993,0,1993,-222.3,32.65555555555555,millste01-1993
thomais01,35,18.8,199303030DET-DET,199303030DET-UTA,DET-1993,0,1993,658,32.65555555555555,thomais01-1993
roberal01,30,-4.3,199303030DET-DET,199303030DET-UTA,DET-1993,0,1993,-129,32.65555555555555,roberal01-1993
laimbbi01,21,-0.8,199303030DET-DET,199303030DET-UTA,DET-1993,0,1993,-16.8,32.65555555555555,laimbbi01-1993
polynol01,13,-0.2,199303030DET-DET,199303030DET-UTA,DET-1993,0,1993,-2.6,32.65555555555555,polynol01-1993
glassge01,9,-1.4,199303030DET-DET,199303030DET-UTA,DET-1993,0,1993,-12.6,32.65555555555555,glassge01-1993
newbeme01,3,-0.6,199303030DET-DET,199303030DET-UTA,DET-1993,0,1993,-1.7999999999999998,32.65555555555555,newbeme01-1993
douglsh01,45,-2.3,199303050BOS-BOS,199303050BOS-DET,BOS-1993,1,1993,-103.49999999999999,57.7888888888889,douglsh01-1993
gamblke01,41,9.4,199303050BOS-BOS,199303050BOS-DET,BOS-1993,1,1993,385.40000000000003,57.7888888888889,gamblke01-1993
parisro01,39,7.4,199303050BOS-BOS,199303050BOS-DET,BOS-1993,1,1993,288.6,57.7888888888889,parisro01-1993
brownde01,30,-2,199303050BOS-BOS,199303050BOS-DET,BOS-1993,1,1993,-60,57.7888888888889,brownde01-1993
mcdanxa01,26,-4.5,199303050BOS-BOS,199303050BOS-DET,BOS-1993,1,1993,-117,57.7888888888889,mcdanxa01-1993
mchalke01,23,5.1,199303050BOS-BOS,199303050BOS-DET,BOS-1993,1,1993,117.3,57.7888888888889,mchalke01-1993
abdelal01,22,0.9,199303050BOS-BOS,199303050BOS-DET,BOS-1993,1,1993,19.8,57.7888888888889,abdelal01-1993
foxri01,7,-2.2,199303050BOS-BOS,199303050BOS-DET,BOS-1993,1,1993,-15.400000000000002,57.7888888888889,foxri01-1993
kleinjo01,7,0.7,199303050BOS-BOS,199303050BOS-DET,BOS-1993,1,1993,4.8999999999999995,57.7888888888889,kleinjo01-1993
lohaubr01,39,0.1,199303070MIL-MIL,199303070MIL-DET,MIL-1993,0,1993,3.9000000000000004,24.06,lohaubr01-1993
murdoer01,34,8.6,199303070MIL-MIL,199303070MIL-DET,MIL-1993,0,1993,292.4,24.06,murdoer01-1993
aventan01,30,1.9,199303070MIL-MIL,199303070MIL-DET,MIL-1993,0,1993,57,24.06,aventan01-1993
edwarbl01,30,-1.2,199303070MIL-MIL,199303070MIL-DET,MIL-1993,0,1993,-36,24.06,edwarbl01-1993
schayda01,30,-1,199303070MIL-MIL,199303070MIL-DET,MIL-1993,0,1993,-30,24.06,schayda01-1993
roberfr01,23,4.7,199303070MIL-MIL,199303070MIL-DET,MIL-1993,0,1993,108.10000000000001,24.06,roberfr01-1993
stronde01,19,-0.6,199303070MIL-MIL,199303070MIL-DET,MIL-1993,0,1993,-11.4,24.06,stronde01-1993
barryjo01,18,-3.9,199303070MIL-MIL,199303070MIL-DET,MIL-1993,0,1993,-70.2,24.06,barryjo01-1993
maybele01,15,-4.8,199303070MIL-MIL,199303070MIL-DET,MIL-1993,0,1993,-72,24.06,maybele01-1993
stivral01,2,-0.6,199303070MIL-MIL,199303070MIL-DET,MIL-1993,0,1993,-1.2,24.06,stivral01-1993
dumarjo01,44,8,199303090DET-DET,199303090DET-LAL,DET-1993,0,1993,352,40.01428571428571,dumarjo01-1993
rodmade01,42,1.2,199303090DET-DET,199303090DET-LAL,DET-1993,0,1993,50.4,40.01428571428571,rodmade01-1993
thomais01,40,-2.7,199303090DET-DET,199303090DET-LAL,DET-1993,0,1993,-108,40.01428571428571,thomais01-1993
millste01,38,-4.2,199303090DET-DET,199303090DET-LAL,DET-1993,0,1993,-159.6,40.01428571428571,millste01-1993
polynol01,31,-1.7,199303090DET-DET,199303090DET-LAL,DET-1993,0,1993,-52.699999999999996,40.01428571428571,polynol01-1993
roberal01,30,5.6,199303090DET-DET,199303090DET-LAL,DET-1993,0,1993,168,40.01428571428571,roberal01-1993
newbeme01,15,2,199303090DET-DET,199303090DET-LAL,DET-1993,0,1993,30,40.01428571428571,newbeme01-1993
dumarjo01,40,4.1,199303110DET-DET,199303110DET-DEN,DET-1993,1,1993,164,76.7625,dumarjo01-1993
thomais01,39,8.1,199303110DET-DET,199303110DET-DEN,DET-1993,1,1993,315.9,76.7625,thomais01-1993
polynol01,35,4.3,199303110DET-DET,199303110DET-DEN,DET-1993,1,1993,150.5,76.7625,polynol01-1993
roberal01,35,1.9,199303110DET-DET,199303110DET-DEN,DET-1993,1,1993,66.5,76.7625,roberal01-1993
millste01,32,-2.3,199303110DET-DET,199303110DET-DEN,DET-1993,1,1993,-73.6,76.7625,millste01-1993
laimbbi01,28,0.1,199303110DET-DET,199303110DET-DEN,DET-1993,1,1993,2.8000000000000003,76.7625,laimbbi01-1993
newbeme01,18,1.5,199303110DET-DET,199303110DET-DEN,DET-1993,1,1993,27,76.7625,newbeme01-1993
glassge01,13,-3,199303110DET-DET,199303110DET-DEN,DET-1993,1,1993,-39,76.7625,glassge01-1993
dumarjo01,45,7.2,199303140DET-DET,199303140DET-CHI,DET-1993,1,1993,324,83.2875,dumarjo01-1993
thomais01,44,-1.4,199303140DET-DET,199303140DET-CHI,DET-1993,1,1993,-61.599999999999994,83.2875,thomais01-1993
roberal01,40,1,199303140DET-DET,199303140DET-CHI,DET-1993,1,1993,40,83.2875,roberal01-1993
millste01,38,6.5,199303140DET-DET,199303140DET-CHI,DET-1993,1,1993,247,83.2875,millste01-1993
rodmade01,38,2.6,199303140DET-DET,199303140DET-CHI,DET-1993,1,1993,98.8,83.2875,rodmade01-1993
laimbbi01,16,3.2,199303140DET-DET,199303140DET-CHI,DET-1993,1,1993,51.2,83.2875,laimbbi01-1993
polynol01,15,-1.7,199303140DET-DET,199303140DET-CHI,DET-1993,1,1993,-25.5,83.2875,polynol01-1993
newbeme01,4,-1.9,199303140DET-DET,199303140DET-CHI,DET-1993,1,1993,-7.6,83.2875,newbeme01-1993
simmoli01,41,6.4,199303160SAC-SAC,199303160SAC-DET,SAC-1993,0,1993,262.40000000000003,29.470000000000002,simmoli01-1993
williwa02,40,-0.9,199303160SAC-SAC,199303160SAC-DET,SAC-1993,0,1993,-36,29.470000000000002,williwa02-1993
webbsp01,38,0.4,199303160SAC-SAC,199303160SAC-DET,SAC-1993,0,1993,15.200000000000001,29.470000000000002,webbsp01-1993
tisdawa01,36,2.7,199303160SAC-SAC,199303160SAC-DET,SAC-1993,0,1993,97.2,29.470000000000002,tisdawa01-1993
bonnean01,26,1.7,199303160SAC-SAC,199303160SAC-DET,SAC-1993,0,1993,44.199999999999996,29.470000000000002,bonnean01-1993
higgiro01,25,-1.8,199303160SAC-SAC,199303160SAC-DET,SAC-1993,0,1993,-45,29.470000000000002,higgiro01-1993
brownra02,14,-4.2,199303160SAC-SAC,199303160SAC-DET,SAC-1993,0,1993,-58.800000000000004,29.470000000000002,brownra02-1993
rambiku01,9,0.8,199303160SAC-SAC,199303160SAC-DET,SAC-1993,0,1993,7.2,29.470000000000002,rambiku01-1993
conloma01,6,0.8,199303160SAC-SAC,199303160SAC-DET,SAC-1993,0,1993,4.800000000000001,29.470000000000002,conloma01-1993
lesji01,5,0.7,199303160SAC-SAC,199303160SAC-DET,SAC-1993,0,1993,3.5,29.470000000000002,lesji01-1993
malonka01,33,9.4,199303170UTA-UTA,199303170UTA-DET,UTA-1993,1,1993,310.2,73.825,malonka01-1993
stockjo01,33,6.9,199303170UTA-UTA,199303170UTA-DET,UTA-1993,1,1993,227.70000000000002,73.825,stockjo01-1993
corbity01,32,8,199303170UTA-UTA,199303170UTA-DET,UTA-1993,1,1993,256,73.825,corbity01-1993
humphja01,31,3.8,199303170UTA-UTA,199303170UTA-DET,UTA-1993,1,1993,117.8,73.825,humphja01-1993
malonje01,27,-1.6,199303170UTA-UTA,199303170UTA-DET,UTA-1993,1,1993,-43.2,73.825,malonje01-1993
eatonma01,24,-0.3,199303170UTA-UTA,199303170UTA-DET,UTA-1993,1,1993,-7.199999999999999,73.825,eatonma01-1993
krystla01,20,0.6,199303170UTA-UTA,199303170UTA-DET,UTA-1993,1,1993,12,73.825,krystla01-1993
benoida01,18,1.8,199303170UTA-UTA,199303170UTA-DET,UTA-1993,1,1993,32.4,73.825,benoida01-1993
brownmi01,13,-0.9,199303170UTA-UTA,199303170UTA-DET,UTA-1993,1,1993,-11.700000000000001,73.825,brownmi01-1993
austiis01,3,0.1,199303170UTA-UTA,199303170UTA-DET,UTA-1993,1,1993,0.30000000000000004,73.825,austiis01-1993
crottjo01,3,-1.9,199303170UTA-UTA,199303170UTA-DET,UTA-1993,1,1993,-5.699999999999999,73.825,crottjo01-1993
howarst01,3,-0.9,199303170UTA-UTA,199303170UTA-DET,UTA-1993,1,1993,-2.7,73.825,howarst01-1993
majerda01,42,8.9,199303190PHO-PHO,199303190PHO-DET,PHO-1993,1,1993,373.8,66.875,majerda01-1993
barklch01,33,4,199303190PHO-PHO,199303190PHO-DET,PHO-1993,1,1993,132,66.875,barklch01-1993
johnske02,31,-5.3,199303190PHO-PHO,199303190PHO-DET,PHO-1993,1,1993,-164.29999999999998,66.875,johnske02-1993
aingeda01,27,11.7,199303190PHO-PHO,199303190PHO-DET,PHO-1993,1,1993,315.9,66.875,aingeda01-1993
chambto01,26,1.1,199303190PHO-PHO,199303190PHO-DET,PHO-1993,1,1993,28.6,66.875,chambto01-1993
cebalce01,24,1.6,199303190PHO-PHO,199303190PHO-DET,PHO-1993,1,1993,38.400000000000006,66.875,cebalce01-1993
westma01,20,3.2,199303190PHO-PHO,199303190PHO-DET,PHO-1993,1,1993,64,66.875,westma01-1993
milleol01,19,-1.3,199303190PHO-PHO,199303190PHO-DET,PHO-1993,1,1993,-24.7,66.875,milleol01-1993
johnsfr01,12,2.3,199303190PHO-PHO,199303190PHO-DET,PHO-1993,1,1993,27.599999999999998,66.875,johnsfr01-1993
kemptti01,2,1.7,199303190PHO-PHO,199303190PHO-DET,PHO-1993,1,1993,3.4,66.875,kemptti01-1993
knighne01,2,1,199303190PHO-PHO,199303190PHO-DET,PHO-1993,1,1993,2,66.875,knighne01-1993
mustaje01,2,2.9,199303190PHO-PHO,199303190PHO-DET,PHO-1993,1,1993,5.8,66.875,mustaje01-1993
greenac01,46,2.6,199303210LAL-LAL,199303210LAL-DET,LAL-1993,0,1993,119.60000000000001,69.84444444444445,greenac01-1993
divacvl01,42,7.4,199303210LAL-LAL,199303210LAL-DET,LAL-1993,0,1993,310.8,69.84444444444445,divacvl01-1993
scottby01,41,-2,199303210LAL-LAL,199303210LAL-DET,LAL-1993,0,1993,-82,69.84444444444445,scottby01-1993
threase01,41,12.1,199303210LAL-LAL,199303210LAL-DET,LAL-1993,0,1993,496.09999999999997,69.84444444444445,threase01-1993
peelean01,22,-3.6,199303210LAL-LAL,199303210LAL-DET,LAL-1993,0,1993,-79.2,69.84444444444445,peelean01-1993
worthja01,19,-3.8,199303210LAL-LAL,199303210LAL-DET,LAL-1993,0,1993,-72.2,69.84444444444445,worthja01-1993
campbel01,12,-3.6,199303210LAL-LAL,199303210LAL-DET,LAL-1993,0,1993,-43.2,69.84444444444445,campbel01-1993
benjabe01,9,-1.3,199303210LAL-LAL,199303210LAL-DET,LAL-1993,0,1993,-11.700000000000001,69.84444444444445,benjabe01-1993
coopedu01,8,-1.2,199303210LAL-LAL,199303210LAL-DET,LAL-1993,0,1993,-9.6,69.84444444444445,coopedu01-1993
sprewla01,41,10.4,199303220GSW-GSW,199303220GSW-DET,GSW-1993,1,1993,426.40000000000003,38.68888888888889,sprewla01-1993
hillty01,40,-4.1,199303220GSW-GSW,199303220GSW-DET,GSW-1993,1,1993,-164,38.68888888888889,hillty01-1993
owensbi01,38,2.3,199303220GSW-GSW,199303220GSW-DET,GSW-1993,1,1993,87.39999999999999,38.68888888888889,owensbi01-1993
buechju01,32,-0.1,199303220GSW-GSW,199303220GSW-DET,GSW-1993,1,1993,-3.2,38.68888888888889,buechju01-1993
alexavi01,26,-1.9,199303220GSW-GSW,199303220GSW-DET,GSW-1993,1,1993,-49.4,38.68888888888889,alexavi01-1993
houstby01,25,1.5,199303220GSW-GSW,199303220GSW-DET,GSW-1993,1,1993,37.5,38.68888888888889,houstby01-1993
higgise01,23,0.1,199303220GSW-GSW,199303220GSW-DET,GSW-1993,1,1993,2.3000000000000003,38.68888888888889,higgise01-1993
durhapa01,11,0.8,199303220GSW-GSW,199303220GSW-DET,GSW-1993,1,1993,8.8,38.68888888888889,durhapa01-1993
gatlich01,4,0.6,199303220GSW-GSW,199303220GSW-DET,GSW-1993,1,1993,2.4,38.68888888888889,gatlich01-1993
rodmade01,42,4.3,199303260DET-DET,199303260DET-CHH,DET-1993,1,1993,180.6,72.55555555555556,rodmade01-1993
roberal01,38,5.5,199303260DET-DET,199303260DET-CHH,DET-1993,1,1993,209,72.55555555555556,roberal01-1993
thomais01,38,12.4,199303260DET-DET,199303260DET-CHH,DET-1993,1,1993,471.2,72.55555555555556,thomais01-1993
dumarjo01,37,-3,199303260DET-DET,199303260DET-CHH,DET-1993,1,1993,-111,72.55555555555556,dumarjo01-1993
millste01,31,-5.6,199303260DET-DET,199303260DET-CHH,DET-1993,1,1993,-173.6,72.55555555555556,millste01-1993
youngda01,21,4.9,199303260DET-DET,199303260DET-CHH,DET-1993,1,1993,102.9,72.55555555555556,youngda01-1993
polynol01,13,0.3,199303260DET-DET,199303260DET-CHH,DET-1993,1,1993,3.9,72.55555555555556,polynol01-1993
glassge01,10,-1.9,199303260DET-DET,199303260DET-CHH,DET-1993,1,1993,-19,72.55555555555556,glassge01-1993
laimbbi01,10,-1.1,199303260DET-DET,199303260DET-CHH,DET-1993,1,1993,-11,72.55555555555556,laimbbi01-1993
dumarjo01,40,1.3,199303280DET-DET,199303280DET-CLE,DET-1993,1,1993,52,59.61666666666667,dumarjo01-1993
rodmade01,40,-3.5,199303280DET-DET,199303280DET-CLE,DET-1993,1,1993,-140,59.61666666666667,rodmade01-1993
thomais01,39,11,199303280DET-DET,199303280DET-CLE,DET-1993,1,1993,429,59.61666666666667,thomais01-1993
millste01,28,5.9,199303280DET-DET,199303280DET-CLE,DET-1993,1,1993,165.20000000000002,59.61666666666667,millste01-1993
roberal01,24,-0.2,199303280DET-DET,199303280DET-CLE,DET-1993,1,1993,-4.800000000000001,59.61666666666667,roberal01-1993
glassge01,24,2.6,199303280DET-DET,199303280DET-CLE,DET-1993,1,1993,62.400000000000006,59.61666666666667,glassge01-1993
laimbbi01,22,5.4,199303280DET-DET,199303280DET-CLE,DET-1993,1,1993,118.80000000000001,59.61666666666667,laimbbi01-1993
youngda01,16,2.3,199303280DET-DET,199303280DET-CLE,DET-1993,1,1993,36.8,59.61666666666667,youngda01-1993
polynol01,4,-0.8,199303280DET-DET,199303280DET-CLE,DET-1993,1,1993,-3.2,59.61666666666667,polynol01-1993
morriis01,1,-0.1,199303280DET-DET,199303280DET-CLE,DET-1993,1,1993,-0.1,59.61666666666667,morriis01-1993
newbeme01,1,0.2,199303280DET-DET,199303280DET-CLE,DET-1993,1,1993,0.2,59.61666666666667,newbeme01-1993
randama01,1,-0.9,199303280DET-DET,199303280DET-CLE,DET-1993,1,1993,-0.9,59.61666666666667,randama01-1993
skilesc01,48,10.6,199303300ORL-ORL,199303300ORL-DET,ORL-1993,1,1993,508.79999999999995,103.33749999999999,skilesc01-1993
anderni01,42,5.7,199303300ORL-ORL,199303300ORL-DET,ORL-1993,1,1993,239.4,103.33749999999999,anderni01-1993
onealsh01,38,-9.5,199303300ORL-ORL,199303300ORL-DET,ORL-1993,1,1993,-361,103.33749999999999,onealsh01-1993
scottde01,34,10.7,199303300ORL-ORL,199303300ORL-DET,ORL-1993,1,1993,363.79999999999995,103.33749999999999,scottde01-1993
tolbeto01,27,3,199303300ORL-ORL,199303300ORL-DET,ORL-1993,1,1993,81,103.33749999999999,tolbeto01-1993
bowiean01,20,-0.5,199303300ORL-ORL,199303300ORL-DET,ORL-1993,1,1993,-10,103.33749999999999,bowiean01-1993
royaldo01,19,-0.7,199303300ORL-ORL,199303300ORL-DET,ORL-1993,1,1993,-13.299999999999999,103.33749999999999,royaldo01-1993
kitegr01,12,1.5,199303300ORL-ORL,199303300ORL-DET,ORL-1993,1,1993,18,103.33749999999999,kitegr01-1993
dumarjo01,44,10.4,199303310DET-DET,199303310DET-POR,DET-1993,1,1993,457.6,81.04444444444445,dumarjo01-1993
thomais01,41,7.9,199303310DET-DET,199303310DET-POR,DET-1993,1,1993,323.90000000000003,81.04444444444445,thomais01-1993
rodmade01,37,-7.4,199303310DET-DET,199303310DET-POR,DET-1993,1,1993,-273.8,81.04444444444445,rodmade01-1993
roberal01,34,8.1,199303310DET-DET,199303310DET-POR,DET-1993,1,1993,275.4,81.04444444444445,roberal01-1993
millste01,22,-9.4,199303310DET-DET,199303310DET-POR,DET-1993,1,1993,-206.8,81.04444444444445,millste01-1993
polynol01,20,2.8,199303310DET-DET,199303310DET-POR,DET-1993,1,1993,56,81.04444444444445,polynol01-1993
laimbbi01,17,5.2,199303310DET-DET,199303310DET-POR,DET-1993,1,1993,88.4,81.04444444444445,laimbbi01-1993
glassge01,14,-0.4,199303310DET-DET,199303310DET-POR,DET-1993,1,1993,-5.6000000000000005,81.04444444444445,glassge01-1993
youngda01,11,1.3,199303310DET-DET,199303310DET-POR,DET-1993,1,1993,14.3,81.04444444444445,youngda01-1993
rodmade01,45,0.7,199304020DET-DET,199304020DET-SAC,DET-1993,1,1993,31.499999999999996,63.46,rodmade01-1993
dumarjo01,41,3.6,199304020DET-DET,199304020DET-SAC,DET-1993,1,1993,147.6,63.46,dumarjo01-1993
thomais01,37,1.8,199304020DET-DET,199304020DET-SAC,DET-1993,1,1993,66.60000000000001,63.46,thomais01-1993
roberal01,32,7.7,199304020DET-DET,199304020DET-SAC,DET-1993,1,1993,246.4,63.46,roberal01-1993
millste01,31,6.9,199304020DET-DET,199304020DET-SAC,DET-1993,1,1993,213.9,63.46,millste01-1993
glassge01,16,0.7,199304020DET-DET,199304020DET-SAC,DET-1993,1,1993,11.2,63.46,glassge01-1993
youngda01,14,-1.1,199304020DET-DET,199304020DET-SAC,DET-1993,1,1993,-15.400000000000002,63.46,youngda01-1993
laimbbi01,12,-4.9,199304020DET-DET,199304020DET-SAC,DET-1993,1,1993,-58.800000000000004,63.46,laimbbi01-1993
polynol01,8,0,199304020DET-DET,199304020DET-SAC,DET-1993,1,1993,0,63.46,polynol01-1993
newbeme01,4,-2.1,199304020DET-DET,199304020DET-SAC,DET-1993,1,1993,-8.4,63.46,newbeme01-1993
dumarjo01,43,16.8,199304060DET-DET,199304060DET-WSB,DET-1993,1,1993,722.4,71.65833333333333,dumarjo01-1993
roberal01,41,5.1,199304060DET-DET,199304060DET-WSB,DET-1993,1,1993,209.1,71.65833333333333,roberal01-1993
rodmade01,41,-0.2,199304060DET-DET,199304060DET-WSB,DET-1993,1,1993,-8.200000000000001,71.65833333333333,rodmade01-1993
thomais01,37,-1.5,199304060DET-DET,199304060DET-WSB,DET-1993,1,1993,-55.5,71.65833333333333,thomais01-1993
laimbbi01,24,4.4,199304060DET-DET,199304060DET-WSB,DET-1993,1,1993,105.60000000000001,71.65833333333333,laimbbi01-1993
millste01,23,-1.7,199304060DET-DET,199304060DET-WSB,DET-1993,1,1993,-39.1,71.65833333333333,millste01-1993
youngda01,14,-3.1,199304060DET-DET,199304060DET-WSB,DET-1993,1,1993,-43.4,71.65833333333333,youngda01-1993
glassge01,7,-3.1,199304060DET-DET,199304060DET-WSB,DET-1993,1,1993,-21.7,71.65833333333333,glassge01-1993
polynol01,7,-1.3,199304060DET-DET,199304060DET-WSB,DET-1993,1,1993,-9.1,71.65833333333333,polynol01-1993
morriis01,1,-0.1,199304060DET-DET,199304060DET-WSB,DET-1993,1,1993,-0.1,71.65833333333333,morriis01-1993
newbeme01,1,-0.2,199304060DET-DET,199304060DET-WSB,DET-1993,1,1993,-0.2,71.65833333333333,newbeme01-1993
randama01,1,0.1,199304060DET-DET,199304060DET-WSB,DET-1993,1,1993,0.1,71.65833333333333,randama01-1993
addisra01,45,2.2,199304080NJN-NJN,199304080NJN-DET,NJN-1993,0,1993,99.00000000000001,51.03333333333333,addisra01-1993
colemde01,42,6.3,199304080NJN-NJN,199304080NJN-DET,NJN-1993,0,1993,264.59999999999997,51.03333333333333,colemde01-1993
bowiesa01,37,-3.3,199304080NJN-NJN,199304080NJN-DET,NJN-1993,0,1993,-122.1,51.03333333333333,bowiesa01-1993
robinru01,34,6.2,199304080NJN-NJN,199304080NJN-DET,NJN-1993,0,1993,210.8,51.03333333333333,robinru01-1993
morrich01,29,3.9,199304080NJN-NJN,199304080NJN-DET,NJN-1993,0,1993,113.1,51.03333333333333,morrich01-1993
kingbe01,19,-1,199304080NJN-NJN,199304080NJN-DET,NJN-1993,0,1993,-19,51.03333333333333,kingbe01-1993
mahorri01,17,-5,199304080NJN-NJN,199304080NJN-DET,NJN-1993,0,1993,-85,51.03333333333333,mahorri01-1993
cheekma01,15,-0.1,199304080NJN-NJN,199304080NJN-DET,NJN-1993,0,1993,-1.5,51.03333333333333,cheekma01-1993
leedo01,2,-0.3,199304080NJN-NJN,199304080NJN-DET,NJN-1993,0,1993,-0.6,51.03333333333333,leedo01-1993
lewisre01,44,4.2,199304090BOS-BOS,199304090BOS-DET,BOS-1993,0,1993,184.8,17.25,lewisre01-1993
douglsh01,33,0,199304090BOS-BOS,199304090BOS-DET,BOS-1993,0,1993,0,17.25,douglsh01-1993
abdelal01,32,4.1,199304090BOS-BOS,199304090BOS-DET,BOS-1993,0,1993,131.2,17.25,abdelal01-1993
parisro01,28,0.9,199304090BOS-BOS,199304090BOS-DET,BOS-1993,0,1993,25.2,17.25,parisro01-1993
mcdanxa01,26,-4,199304090BOS-BOS,199304090BOS-DET,BOS-1993,0,1993,-104,17.25,mcdanxa01-1993
gamblke01,25,-0.3,199304090BOS-BOS,199304090BOS-DET,BOS-1993,0,1993,-7.5,17.25,gamblke01-1993
brownde01,20,-1.4,199304090BOS-BOS,199304090BOS-DET,BOS-1993,0,1993,-28,17.25,brownde01-1993
kleinjo01,12,2.1,199304090BOS-BOS,199304090BOS-DET,BOS-1993,0,1993,25.200000000000003,17.25,kleinjo01-1993
mchalke01,12,-4.4,199304090BOS-BOS,199304090BOS-DET,BOS-1993,0,1993,-52.800000000000004,17.25,mchalke01-1993
foxri01,8,-0.2,199304090BOS-BOS,199304090BOS-DET,BOS-1993,0,1993,-1.6,17.25,foxri01-1993
grantha01,43,1.4,199304110WSB-WSB,199304110WSB-DET,WSB-1993,0,1993,60.199999999999996,-6.254545454545455,grantha01-1993
guglito01,35,-0.4,199304110WSB-WSB,199304110WSB-DET,WSB-1993,0,1993,-14,-6.254545454545455,guglito01-1993
smithla02,33,0,199304110WSB-WSB,199304110WSB-DET,WSB-1993,0,1993,0,-6.254545454545455,smithla02-1993
pricebr01,32,3.4,199304110WSB-WSB,199304110WSB-DET,WSB-1993,0,1993,108.8,-6.254545454545455,pricebr01-1993
stewala01,27,-2.8,199304110WSB-WSB,199304110WSB-DET,WSB-1993,0,1993,-75.6,-6.254545454545455,stewala01-1993
johnsbu01,23,-9.3,199304110WSB-WSB,199304110WSB-DET,WSB-1993,0,1993,-213.9,-6.254545454545455,johnsbu01-1993
chapmre01,15,4.6,199304110WSB-WSB,199304110WSB-DET,WSB-1993,0,1993,69,-6.254545454545455,chapmre01-1993
acresma01,13,-0.5,199304110WSB-WSB,199304110WSB-DET,WSB-1993,0,1993,-6.5,-6.254545454545455,acresma01-1993
adamsmi01,10,0.5,199304110WSB-WSB,199304110WSB-DET,WSB-1993,0,1993,5,-6.254545454545455,adamsmi01-1993
overtdo01,6,0,199304110WSB-WSB,199304110WSB-DET,WSB-1993,0,1993,0,-6.254545454545455,overtdo01-1993
macledo01,3,-0.6,199304110WSB-WSB,199304110WSB-DET,WSB-1993,0,1993,-1.7999999999999998,-6.254545454545455,macledo01-1993
rodmade01,46,-2.9,199304120DET-DET,199304120DET-CHI,DET-1993,0,1993,-133.4,36.36363636363637,rodmade01-1993
thomais01,45,3.1,199304120DET-DET,199304120DET-CHI,DET-1993,0,1993,139.5,36.36363636363637,thomais01-1993
millste01,41,4.9,199304120DET-DET,199304120DET-CHI,DET-1993,0,1993,200.9,36.36363636363637,millste01-1993
roberal01,33,3.7,199304120DET-DET,199304120DET-CHI,DET-1993,0,1993,122.10000000000001,36.36363636363637,roberal01-1993
dumarjo01,30,1.2,199304120DET-DET,199304120DET-CHI,DET-1993,0,1993,36,36.36363636363637,dumarjo01-1993
polynol01,24,1,199304120DET-DET,199304120DET-CHI,DET-1993,0,1993,24,36.36363636363637,polynol01-1993
laimbbi01,6,3.1,199304120DET-DET,199304120DET-CHI,DET-1993,0,1993,18.6,36.36363636363637,laimbbi01-1993
glassge01,5,-0.4,199304120DET-DET,199304120DET-CHI,DET-1993,0,1993,-2,36.36363636363637,glassge01-1993
youngda01,5,0.8,199304120DET-DET,199304120DET-CHI,DET-1993,0,1993,4,36.36363636363637,youngda01-1993
newbeme01,4,-2.4,199304120DET-DET,199304120DET-CHI,DET-1993,0,1993,-9.6,36.36363636363637,newbeme01-1993
randama01,1,-0.1,199304120DET-DET,199304120DET-CHI,DET-1993,0,1993,-0.1,36.36363636363637,randama01-1993
rodmade01,47,1,199304140DET-DET,199304140DET-ATL,DET-1993,1,1993,47,38.36666666666667,rodmade01-1993
thomais01,45,-0.1,199304140DET-DET,199304140DET-ATL,DET-1993,1,1993,-4.5,38.36666666666667,thomais01-1993
roberal01,42,-0.2,199304140DET-DET,199304140DET-ATL,DET-1993,1,1993,-8.4,38.36666666666667,roberal01-1993
laimbbi01,34,3.7,199304140DET-DET,199304140DET-ATL,DET-1993,1,1993,125.80000000000001,38.36666666666667,laimbbi01-1993
millste01,31,4.9,199304140DET-DET,199304140DET-ATL,DET-1993,1,1993,151.9,38.36666666666667,millste01-1993
aguirma01,15,0.3,199304140DET-DET,199304140DET-ATL,DET-1993,1,1993,4.5,38.36666666666667,aguirma01-1993
polynol01,10,0.6,199304140DET-DET,199304140DET-ATL,DET-1993,1,1993,6,38.36666666666667,polynol01-1993
youngda01,10,2.9,199304140DET-DET,199304140DET-ATL,DET-1993,1,1993,29,38.36666666666667,youngda01-1993
glassge01,6,-1,199304140DET-DET,199304140DET-ATL,DET-1993,1,1993,-6,38.36666666666667,glassge01-1993
gillke01,37,-1.6,199304160CHH-CHH,199304160CHH-DET,CHH-1993,1,1993,-59.2,70.17272727272727,gillke01-1993
johnsla02,34,5.4,199304160CHH-CHH,199304160CHH-DET,CHH-1993,1,1993,183.60000000000002,70.17272727272727,johnsla02-1993
mournal01,28,14.4,199304160CHH-CHH,199304160CHH-DET,CHH-1993,1,1993,403.2,70.17272727272727,mournal01-1993
newmajo01,27,-1.2,199304160CHH-CHH,199304160CHH-DET,CHH-1993,1,1993,-32.4,70.17272727272727,newmajo01-1993
curryde01,25,4.6,199304160CHH-CHH,199304160CHH-DET,CHH-1993,1,1993,114.99999999999999,70.17272727272727,curryde01-1993
boguemu01,24,1.5,199304160CHH-CHH,199304160CHH-DET,CHH-1993,1,1993,36,70.17272727272727,boguemu01-1993
gattike01,22,6.3,199304160CHH-CHH,199304160CHH-DET,CHH-1993,1,1993,138.6,70.17272727272727,gattike01-1993
benneto01,18,-1.7,199304160CHH-CHH,199304160CHH-DET,CHH-1993,1,1993,-30.599999999999998,70.17272727272727,benneto01-1993
greensi02,13,1.5,199304160CHH-CHH,199304160CHH-DET,CHH-1993,1,1993,19.5,70.17272727272727,greensi02-1993
gminsmi01,6,-0.4,199304160CHH-CHH,199304160CHH-DET,CHH-1993,1,1993,-2.4000000000000004,70.17272727272727,gminsmi01-1993
lynchke01,6,0.1,199304160CHH-CHH,199304160CHH-DET,CHH-1993,1,1993,0.6000000000000001,70.17272727272727,lynchke01-1993
oaklech01,39,1.5,199304170NYK-NYK,199304170NYK-DET,NYK-1993,1,1993,58.5,81.87777777777778,oaklech01-1993
riverdo01,38,12.6,199304170NYK-NYK,199304170NYK-DET,NYK-1993,1,1993,478.8,81.87777777777778,riverdo01-1993
smithch01,35,5.5,199304170NYK-NYK,199304170NYK-DET,NYK-1993,1,1993,192.5,81.87777777777778,smithch01-1993
starkjo01,35,1,199304170NYK-NYK,199304170NYK-DET,NYK-1993,1,1993,35,81.87777777777778,starkjo01-1993
masonan01,32,-0.1,199304170NYK-NYK,199304170NYK-DET,NYK-1993,1,1993,-3.2,81.87777777777778,masonan01-1993
ewingpa01,30,-0.6,199304170NYK-NYK,199304170NYK-DET,NYK-1993,1,1993,-18,81.87777777777778,ewingpa01-1993
blackro01,13,-2.5,199304170NYK-NYK,199304170NYK-DET,NYK-1993,1,1993,-32.5,81.87777777777778,blackro01-1993
anthogr01,10,1.3,199304170NYK-NYK,199304170NYK-DET,NYK-1993,1,1993,13,81.87777777777778,anthogr01-1993
willihe01,8,1.6,199304170NYK-NYK,199304170NYK-DET,NYK-1993,1,1993,12.8,81.87777777777778,willihe01-1993
daughbr01,34,0.8,199304200CLE-CLE,199304200CLE-DET,CLE-1993,1,1993,27.200000000000003,54.75,daughbr01-1993
nancela01,27,6.6,199304200CLE-CLE,199304200CLE-DET,CLE-1993,1,1993,178.2,54.75,nancela01-1993
ferryda01,26,1.1,199304200CLE-CLE,199304200CLE-DET,CLE-1993,1,1993,28.6,54.75,ferryda01-1993
brandte01,25,3.3,199304200CLE-CLE,199304200CLE-DET,CLE-1993,1,1993,82.5,54.75,brandte01-1993
pricema01,23,4.2,199304200CLE-CLE,199304200CLE-DET,CLE-1993,1,1993,96.60000000000001,54.75,pricema01-1993
ehlocr01,22,6.5,199304200CLE-CLE,199304200CLE-DET,CLE-1993,1,1993,143,54.75,ehlocr01-1993
williho01,22,5,199304200CLE-CLE,199304200CLE-DET,CLE-1993,1,1993,110,54.75,williho01-1993
wilkige01,20,-4,199304200CLE-CLE,199304200CLE-DET,CLE-1993,1,1993,-80,54.75,wilkige01-1993
sandemi01,19,4.1,199304200CLE-CLE,199304200CLE-DET,CLE-1993,1,1993,77.89999999999999,54.75,sandemi01-1993
battljo01,9,-1.3,199304200CLE-CLE,199304200CLE-DET,CLE-1993,1,1993,-11.700000000000001,54.75,battljo01-1993
phillbo01,7,1.1,199304200CLE-CLE,199304200CLE-DET,CLE-1993,1,1993,7.700000000000001,54.75,phillbo01-1993
guidija01,6,-0.5,199304200CLE-CLE,199304200CLE-DET,CLE-1993,1,1993,-3,54.75,guidija01-1993
pippesc01,48,9.6,199304220CHI-CHI,199304220CHI-DET,CHI-1993,1,1993,460.79999999999995,96.79090909090908,pippesc01-1993
jordami01,46,11,199304220CHI-CHI,199304220CHI-DET,CHI-1993,1,1993,506,96.79090909090908,jordami01-1993
grantho01,37,2,199304220CHI-CHI,199304220CHI-DET,CHI-1993,1,1993,74,96.79090909090908,grantho01-1993
armstbj01,31,5.6,199304220CHI-CHI,199304220CHI-DET,CHI-1993,1,1993,173.6,96.79090909090908,armstbj01-1993
willisc01,23,-1.3,199304220CHI-CHI,199304220CHI-DET,CHI-1993,1,1993,-29.900000000000002,96.79090909090908,willisc01-1993
cartwbi01,20,-2.5,199304220CHI-CHI,199304220CHI-DET,CHI-1993,1,1993,-50,96.79090909090908,cartwbi01-1993
perduwi01,15,-1.7,199304220CHI-CHI,199304220CHI-DET,CHI-1993,1,1993,-25.5,96.79090909090908,perduwi01-1993
kingst01,14,1,199304220CHI-CHI,199304220CHI-DET,CHI-1993,1,1993,14,96.79090909090908,kingst01-1993
tucketr01,13,-3.7,199304220CHI-CHI,199304220CHI-DET,CHI-1993,1,1993,-48.1,96.79090909090908,tucketr01-1993
paxsojo01,10,0.5,199304220CHI-CHI,199304220CHI-DET,CHI-1993,1,1993,5,96.79090909090908,paxsojo01-1993
mccraro01,8,-1.9,199304220CHI-CHI,199304220CHI-DET,CHI-1993,1,1993,-15.2,96.79090909090908,mccraro01-1993
dumarjo01,42,-4.7,199304230DET-DET,199304230DET-IND,DET-1993,1,1993,-197.4,63.22222222222222,dumarjo01-1993
laimbbi01,40,14.8,199304230DET-DET,199304230DET-IND,DET-1993,1,1993,592,63.22222222222222,laimbbi01-1993
thomais01,39,1.8,199304230DET-DET,199304230DET-IND,DET-1993,1,1993,70.2,63.22222222222222,thomais01-1993
rodmade01,35,3.8,199304230DET-DET,199304230DET-IND,DET-1993,1,1993,133,63.22222222222222,rodmade01-1993
millste01,21,-3.6,199304230DET-DET,199304230DET-IND,DET-1993,1,1993,-75.60000000000001,63.22222222222222,millste01-1993
aguirma01,20,4.6,199304230DET-DET,199304230DET-IND,DET-1993,1,1993,92,63.22222222222222,aguirma01-1993
polynol01,20,0.1,199304230DET-DET,199304230DET-IND,DET-1993,1,1993,2,63.22222222222222,polynol01-1993
roberal01,20,-2.3,199304230DET-DET,199304230DET-IND,DET-1993,1,1993,-46,63.22222222222222,roberal01-1993
youngda01,3,-0.4,199304230DET-DET,199304230DET-IND,DET-1993,1,1993,-1.2000000000000002,63.22222222222222,youngda01-1993
dumarjo01,40,7.1,199304250DET-DET,199304250DET-NJN,DET-1993,1,1993,284,43.891666666666666,dumarjo01-1993
thomais01,37,5.3,199304250DET-DET,199304250DET-NJN,DET-1993,1,1993,196.1,43.891666666666666,thomais01-1993
polynol01,36,2.2,199304250DET-DET,199304250DET-NJN,DET-1993,1,1993,79.2,43.891666666666666,polynol01-1993
laimbbi01,33,2,199304250DET-DET,199304250DET-NJN,DET-1993,1,1993,66,43.891666666666666,laimbbi01-1993
roberal01,27,-4.5,199304250DET-DET,199304250DET-NJN,DET-1993,1,1993,-121.5,43.891666666666666,roberal01-1993
randama01,18,0,199304250DET-DET,199304250DET-NJN,DET-1993,1,1993,0,43.891666666666666,randama01-1993
rodmade01,10,0.9,199304250DET-DET,199304250DET-NJN,DET-1993,1,1993,9,43.891666666666666,rodmade01-1993
aguirma01,9,1.4,199304250DET-DET,199304250DET-NJN,DET-1993,1,1993,12.6,43.891666666666666,aguirma01-1993
glassge01,9,1.7,199304250DET-DET,199304250DET-NJN,DET-1993,1,1993,15.299999999999999,43.891666666666666,glassge01-1993
millste01,7,-1.8,199304250DET-DET,199304250DET-NJN,DET-1993,1,1993,-12.6,43.891666666666666,millste01-1993
newbeme01,7,1,199304250DET-DET,199304250DET-NJN,DET-1993,1,1993,7,43.891666666666666,newbeme01-1993
youngda01,7,-1.2,199304250DET-DET,199304250DET-NJN,DET-1993,1,1993,-8.4,43.891666666666666,youngda01-1993
brickfr01,41,8,199211060DET-MIL,199211060DET-DET,MIL-1993,1,1993,328,54.39090909090909,brickfr01-1993
murdoer01,33,3.2,199211060DET-MIL,199211060DET-DET,MIL-1993,1,1993,105.60000000000001,54.39090909090909,murdoer01-1993
roberal01,31,4.4,199211060DET-MIL,199211060DET-DET,MIL-1993,1,1993,136.4,54.39090909090909,roberal01-1993
edwarbl01,31,1.4,199211060DET-MIL,199211060DET-DET,MIL-1993,1,1993,43.4,54.39090909090909,edwarbl01-1993
roberfr01,28,2.8,199211060DET-MIL,199211060DET-DET,MIL-1993,1,1993,78.39999999999999,54.39090909090909,roberfr01-1993
abdelal01,19,0.3,199211060DET-MIL,199211060DET-DET,MIL-1993,1,1993,5.7,54.39090909090909,abdelal01-1993
maybele01,15,-1.7,199211060DET-MIL,199211060DET-DET,MIL-1993,1,1993,-25.5,54.39090909090909,maybele01-1993
dayto01,14,-1.1,199211060DET-MIL,199211060DET-DET,MIL-1993,1,1993,-15.400000000000002,54.39090909090909,dayto01-1993
lohaubr01,13,-0.4,199211060DET-MIL,199211060DET-DET,MIL-1993,1,1993,-5.2,54.39090909090909,lohaubr01-1993
aventan01,12,-4.2,199211060DET-MIL,199211060DET-DET,MIL-1993,1,1993,-50.400000000000006,54.39090909090909,aventan01-1993
schayda01,3,-0.9,199211060DET-MIL,199211060DET-DET,MIL-1993,1,1993,-2.7,54.39090909090909,schayda01-1993
thomais01,37,-9.6,199211070IND-DET,199211070IND-IND,DET-1993,1,1993,-355.2,35.233333333333334,thomais01-1993
dumarjo01,35,-1,199211070IND-DET,199211070IND-IND,DET-1993,1,1993,-35,35.233333333333334,dumarjo01-1993
aguirma01,34,6.3,199211070IND-DET,199211070IND-IND,DET-1993,1,1993,214.2,35.233333333333334,aguirma01-1993
woolror01,31,10,199211070IND-DET,199211070IND-IND,DET-1993,1,1993,310,35.233333333333334,woolror01-1993
polynol01,27,4.1,199211070IND-DET,199211070IND-IND,DET-1993,1,1993,110.69999999999999,35.233333333333334,polynol01-1993
rodmade01,25,-1.5,199211070IND-DET,199211070IND-IND,DET-1993,1,1993,-37.5,35.233333333333334,rodmade01-1993
walkeda01,24,0.5,199211070IND-DET,199211070IND-IND,DET-1993,1,1993,12,35.233333333333334,walkeda01-1993
laimbbi01,22,5.2,199211070IND-DET,199211070IND-IND,DET-1993,1,1993,114.4,35.233333333333334,laimbbi01-1993
millste01,5,-3.3,199211070IND-DET,199211070IND-IND,DET-1993,1,1993,-16.5,35.233333333333334,millste01-1993
dumarjo01,47,8.4,199211110CHI-DET,199211110CHI-CHI,DET-1993,0,1993,394.8,82.68888888888888,dumarjo01-1993
thomais01,44,8.7,199211110CHI-DET,199211110CHI-CHI,DET-1993,0,1993,382.79999999999995,82.68888888888888,thomais01-1993
woolror01,36,2.7,199211110CHI-DET,199211110CHI-CHI,DET-1993,0,1993,97.2,82.68888888888888,woolror01-1993
rodmade01,35,2.8,199211110CHI-DET,199211110CHI-CHI,DET-1993,0,1993,98,82.68888888888888,rodmade01-1993
laimbbi01,29,1.3,199211110CHI-DET,199211110CHI-CHI,DET-1993,0,1993,37.7,82.68888888888888,laimbbi01-1993
aguirma01,27,-6.4,199211110CHI-DET,199211110CHI-CHI,DET-1993,0,1993,-172.8,82.68888888888888,aguirma01-1993
polynol01,22,-3,199211110CHI-DET,199211110CHI-CHI,DET-1993,0,1993,-66,82.68888888888888,polynol01-1993
walkeda01,15,-2.1,199211110CHI-DET,199211110CHI-CHI,DET-1993,0,1993,-31.5,82.68888888888888,walkeda01-1993
millste01,10,0.4,199211110CHI-DET,199211110CHI-CHI,DET-1993,0,1993,4,82.68888888888888,millste01-1993
seikaro01,44,6.2,199211120DET-MIA,199211120DET-DET,MIA-1993,0,1993,272.8,26.6625,seikaro01-1993
colesbi01,42,-4.8,199211120DET-MIA,199211120DET-DET,MIA-1993,0,1993,-201.6,26.6625,colesbi01-1993
ricegl01,39,-1,199211120DET-MIA,199211120DET-DET,MIA-1993,0,1993,-39,26.6625,ricegl01-1993
sallejo01,36,4.4,199211120DET-MIA,199211120DET-DET,MIA-1993,0,1993,158.4,26.6625,sallejo01-1993
edwarke01,31,1.4,199211120DET-MIA,199211120DET-DET,MIA-1993,0,1993,43.4,26.6625,edwarke01-1993
burtowi01,25,0.8,199211120DET-MIA,199211120DET-DET,MIA-1993,0,1993,20,26.6625,burtowi01-1993
askinke01,16,-1.8,199211120DET-MIA,199211120DET-DET,MIA-1993,0,1993,-28.8,26.6625,askinke01-1993
kesslal01,7,-1.7,199211120DET-MIA,199211120DET-DET,MIA-1993,0,1993,-11.9,26.6625,kesslal01-1993
millere01,38,3.6,199211140DET-IND,199211140DET-DET,IND-1993,1,1993,136.8,50.611111111111114,millere01-1993
mitchsa01,35,2.4,199211140DET-IND,199211140DET-DET,IND-1993,1,1993,84,50.611111111111114,mitchsa01-1993
schrede01,34,7.4,199211140DET-IND,199211140DET-DET,IND-1993,1,1993,251.60000000000002,50.611111111111114,schrede01-1993
richapo01,31,1.9,199211140DET-IND,199211140DET-DET,IND-1993,1,1993,58.9,50.611111111111114,richapo01-1993
davisda01,25,-0.1,199211140DET-IND,199211140DET-DET,IND-1993,1,1993,-2.5,50.611111111111114,davisda01-1993
mccloge01,23,-1.7,199211140DET-IND,199211140DET-DET,IND-1993,1,1993,-39.1,50.611111111111114,mccloge01-1993
thompla01,21,-1.2,199211140DET-IND,199211140DET-DET,IND-1993,1,1993,-25.2,50.611111111111114,thompla01-1993
flemive01,17,-1,199211140DET-IND,199211140DET-DET,IND-1993,1,1993,-17,50.611111111111114,flemive01-1993
smitsri01,16,0.5,199211140DET-IND,199211140DET-DET,IND-1993,1,1993,8,50.611111111111114,smitsri01-1993
dumarjo01,43,3.8,199211170LAC-DET,199211170LAC-LAC,DET-1993,0,1993,163.4,26.155555555555555,dumarjo01-1993
polynol01,42,-1.6,199211170LAC-DET,199211170LAC-LAC,DET-1993,0,1993,-67.2,26.155555555555555,polynol01-1993
woolror01,42,6.1,199211170LAC-DET,199211170LAC-LAC,DET-1993,0,1993,256.2,26.155555555555555,woolror01-1993
millste01,35,1.9,199211170LAC-DET,199211170LAC-LAC,DET-1993,0,1993,66.5,26.155555555555555,millste01-1993
aguirma01,29,-2.5,199211170LAC-DET,199211170LAC-LAC,DET-1993,0,1993,-72.5,26.155555555555555,aguirma01-1993
glassge01,23,1.2,199211170LAC-DET,199211170LAC-LAC,DET-1993,0,1993,27.599999999999998,26.155555555555555,glassge01-1993
thomais01,21,-4.7,199211170LAC-DET,199211170LAC-LAC,DET-1993,0,1993,-98.7,26.155555555555555,thomais01-1993
walkeda01,19,-3.2,199211170LAC-DET,199211170LAC-LAC,DET-1993,0,1993,-60.800000000000004,26.155555555555555,walkeda01-1993
laimbbi01,11,1.9,199211170LAC-DET,199211170LAC-LAC,DET-1993,0,1993,20.9,26.155555555555555,laimbbi01-1993
dumarjo01,41,6,199211190DEN-DET,199211190DEN-DEN,DET-1993,0,1993,246,-0.9200000000000034,dumarjo01-1993
woolror01,38,-7.7,199211190DEN-DET,199211190DEN-DEN,DET-1993,0,1993,-292.6,-0.9200000000000034,woolror01-1993
glassge01,33,0.7,199211190DEN-DET,199211190DEN-DEN,DET-1993,0,1993,23.099999999999998,-0.9200000000000034,glassge01-1993
polynol01,30,2.9,199211190DEN-DET,199211190DEN-DEN,DET-1993,0,1993,87,-0.9200000000000034,polynol01-1993
walkeda01,22,3.6,199211190DEN-DET,199211190DEN-DEN,DET-1993,0,1993,79.2,-0.9200000000000034,walkeda01-1993
millste01,22,-6.4,199211190DEN-DET,199211190DEN-DEN,DET-1993,0,1993,-140.8,-0.9200000000000034,millste01-1993
aguirma01,21,-0.1,199211190DEN-DET,199211190DEN-DEN,DET-1993,0,1993,-2.1,-0.9200000000000034,aguirma01-1993
laimbbi01,18,-0.9,199211190DEN-DET,199211190DEN-DEN,DET-1993,0,1993,-16.2,-0.9200000000000034,laimbbi01-1993
randama01,9,1.8,199211190DEN-DET,199211190DEN-DEN,DET-1993,0,1993,16.2,-0.9200000000000034,randama01-1993
morriis01,6,-1.5,199211190DEN-DET,199211190DEN-DEN,DET-1993,0,1993,-9,-0.9200000000000034,morriis01-1993
aguirma01,35,2.7,199211210SEA-DET,199211210SEA-SEA,DET-1993,0,1993,94.5,-20.09,aguirma01-1993
dumarjo01,34,-1.1,199211210SEA-DET,199211210SEA-SEA,DET-1993,0,1993,-37.400000000000006,-20.09,dumarjo01-1993
woolror01,28,0.1,199211210SEA-DET,199211210SEA-SEA,DET-1993,0,1993,2.8000000000000003,-20.09,woolror01-1993
millste01,27,-4.3,199211210SEA-DET,199211210SEA-SEA,DET-1993,0,1993,-116.1,-20.09,millste01-1993
polynol01,26,2.8,199211210SEA-DET,199211210SEA-SEA,DET-1993,0,1993,72.8,-20.09,polynol01-1993
laimbbi01,25,-2.3,199211210SEA-DET,199211210SEA-SEA,DET-1993,0,1993,-57.49999999999999,-20.09,laimbbi01-1993
walkeda01,21,-7,199211210SEA-DET,199211210SEA-SEA,DET-1993,0,1993,-147,-20.09,walkeda01-1993
glassge01,20,3.1,199211210SEA-DET,199211210SEA-SEA,DET-1993,0,1993,62,-20.09,glassge01-1993
morriis01,15,-3.5,199211210SEA-DET,199211210SEA-SEA,DET-1993,0,1993,-52.5,-20.09,morriis01-1993
randama01,9,-2.5,199211210SEA-DET,199211210SEA-SEA,DET-1993,0,1993,-22.5,-20.09,randama01-1993
dumarjo01,35,2.2,199211220POR-DET,199211220POR-POR,DET-1993,0,1993,77,-6.990909090909087,dumarjo01-1993
thomais01,34,-2.3,199211220POR-DET,199211220POR-POR,DET-1993,0,1993,-78.19999999999999,-6.990909090909087,thomais01-1993
laimbbi01,29,-1,199211220POR-DET,199211220POR-POR,DET-1993,0,1993,-29,-6.990909090909087,laimbbi01-1993
polynol01,28,-0.1,199211220POR-DET,199211220POR-POR,DET-1993,0,1993,-2.8000000000000003,-6.990909090909087,polynol01-1993
millste01,25,4,199211220POR-DET,199211220POR-POR,DET-1993,0,1993,100,-6.990909090909087,millste01-1993
aguirma01,24,-8.1,199211220POR-DET,199211220POR-POR,DET-1993,0,1993,-194.39999999999998,-6.990909090909087,aguirma01-1993
glassge01,24,3.6,199211220POR-DET,199211220POR-POR,DET-1993,0,1993,86.4,-6.990909090909087,glassge01-1993
woolror01,24,-1.2,199211220POR-DET,199211220POR-POR,DET-1993,0,1993,-28.799999999999997,-6.990909090909087,woolror01-1993
morriis01,6,0.9,199211220POR-DET,199211220POR-POR,DET-1993,0,1993,5.4,-6.990909090909087,morriis01-1993
walkeda01,6,-0.5,199211220POR-DET,199211220POR-POR,DET-1993,0,1993,-3,-6.990909090909087,walkeda01-1993
randama01,5,-1.9,199211220POR-DET,199211220POR-POR,DET-1993,0,1993,-9.5,-6.990909090909087,randama01-1993
johnsla02,42,0.9,199211250DET-CHH,199211250DET-DET,CHH-1993,1,1993,37.800000000000004,53.900000000000006,johnsla02-1993
boguemu01,40,6.1,199211250DET-CHH,199211250DET-DET,CHH-1993,1,1993,244,53.900000000000006,boguemu01-1993
curryde01,36,7.8,199211250DET-CHH,199211250DET-DET,CHH-1993,1,1993,280.8,53.900000000000006,curryde01-1993
wingada01,30,0.2,199211250DET-CHH,199211250DET-DET,CHH-1993,1,1993,6,53.900000000000006,wingada01-1993
reidjr01,28,1.7,199211250DET-CHH,199211250DET-DET,CHH-1993,1,1993,47.6,53.900000000000006,reidjr01-1993
mournal01,24,-2.5,199211250DET-CHH,199211250DET-DET,CHH-1993,1,1993,-60,53.900000000000006,mournal01-1993
gattike01,23,-2.8,199211250DET-CHH,199211250DET-DET,CHH-1993,1,1993,-64.39999999999999,53.900000000000006,gattike01-1993
lynchke01,9,-0.3,199211250DET-CHH,199211250DET-DET,CHH-1993,1,1993,-2.6999999999999997,53.900000000000006,lynchke01-1993
benneto01,8,-0.5,199211250DET-CHH,199211250DET-DET,CHH-1993,1,1993,-4,53.900000000000006,benneto01-1993
thomais01,43,0.3,199211280MIN-DET,199211280MIN-MIN,DET-1993,0,1993,12.9,45.31111111111112,thomais01-1993
rodmade01,42,-0.8,199211280MIN-DET,199211280MIN-MIN,DET-1993,0,1993,-33.6,45.31111111111112,rodmade01-1993
dumarjo01,40,5.7,199211280MIN-DET,199211280MIN-MIN,DET-1993,0,1993,228,45.31111111111112,dumarjo01-1993
woolror01,38,7.7,199211280MIN-DET,199211280MIN-MIN,DET-1993,0,1993,292.6,45.31111111111112,woolror01-1993
laimbbi01,31,3.1,199211280MIN-DET,199211280MIN-MIN,DET-1993,0,1993,96.10000000000001,45.31111111111112,laimbbi01-1993
millste01,18,-6.3,199211280MIN-DET,199211280MIN-MIN,DET-1993,0,1993,-113.39999999999999,45.31111111111112,millste01-1993
polynol01,15,-3.5,199211280MIN-DET,199211280MIN-MIN,DET-1993,0,1993,-52.5,45.31111111111112,polynol01-1993
glassge01,8,-1.6,199211280MIN-DET,199211280MIN-MIN,DET-1993,0,1993,-12.8,45.31111111111112,glassge01-1993
youngda01,5,-1.9,199211280MIN-DET,199211280MIN-MIN,DET-1993,0,1993,-9.5,45.31111111111112,youngda01-1993
ewingpa01,37,8,199211290DET-NYK,199211290DET-DET,NYK-1993,0,1993,296,23.580000000000002,ewingpa01-1993
anthogr01,34,2.2,199211290DET-NYK,199211290DET-DET,NYK-1993,0,1993,74.80000000000001,23.580000000000002,anthogr01-1993
masonan01,31,2.2,199211290DET-NYK,199211290DET-DET,NYK-1993,0,1993,68.2,23.580000000000002,masonan01-1993
blackro01,28,1.7,199211290DET-NYK,199211290DET-DET,NYK-1993,0,1993,47.6,23.580000000000002,blackro01-1993
campbto01,25,-4.3,199211290DET-NYK,199211290DET-DET,NYK-1993,0,1993,-107.5,23.580000000000002,campbto01-1993
starkjo01,25,-2.4,199211290DET-NYK,199211290DET-DET,NYK-1993,0,1993,-60,23.580000000000002,starkjo01-1993
smithch01,19,-1.6,199211290DET-NYK,199211290DET-DET,NYK-1993,0,1993,-30.400000000000002,23.580000000000002,smithch01-1993
davishu01,17,-0.9,199211290DET-NYK,199211290DET-DET,NYK-1993,0,1993,-15.3,23.580000000000002,davishu01-1993
oaklech01,13,-1.2,199211290DET-NYK,199211290DET-DET,NYK-1993,0,1993,-15.6,23.580000000000002,oaklech01-1993
riverdo01,11,-2,199211290DET-NYK,199211290DET-DET,NYK-1993,0,1993,-22,23.580000000000002,riverdo01-1993
dumarjo01,38,4.8,199212040PHI-DET,199212040PHI-PHI,DET-1993,1,1993,182.4,40.91111111111111,dumarjo01-1993
rodmade01,38,0.5,199212040PHI-DET,199212040PHI-PHI,DET-1993,1,1993,19,40.91111111111111,rodmade01-1993
woolror01,36,0.4,199212040PHI-DET,199212040PHI-PHI,DET-1993,1,1993,14.4,40.91111111111111,woolror01-1993
thomais01,33,3.6,199212040PHI-DET,199212040PHI-PHI,DET-1993,1,1993,118.8,40.91111111111111,thomais01-1993
laimbbi01,31,3,199212040PHI-DET,199212040PHI-PHI,DET-1993,1,1993,93,40.91111111111111,laimbbi01-1993
millste01,22,0,199212040PHI-DET,199212040PHI-PHI,DET-1993,1,1993,0,40.91111111111111,millste01-1993
polynol01,17,-2.2,199212040PHI-DET,199212040PHI-PHI,DET-1993,1,1993,-37.400000000000006,40.91111111111111,polynol01-1993
youngda01,15,-0.4,199212040PHI-DET,199212040PHI-PHI,DET-1993,1,1993,-6,40.91111111111111,youngda01-1993
glassge01,10,-1.6,199212040PHI-DET,199212040PHI-PHI,DET-1993,1,1993,-16,40.91111111111111,glassge01-1993
hawkihe01,34,-3.8,199212050DET-PHI,199212050DET-DET,PHI-1993,0,1993,-129.2,-13.918181818181818,hawkihe01-1993
gilliar01,33,4.7,199212050DET-PHI,199212050DET-DET,PHI-1993,0,1993,155.1,-13.918181818181818,gilliar01-1993
weathcl01,27,-5.2,199212050DET-PHI,199212050DET-DET,PHI-1993,0,1993,-140.4,-13.918181818181818,weathcl01-1993
dawkijo01,25,2.3,199212050DET-PHI,199212050DET-DET,PHI-1993,0,1993,57.49999999999999,-13.918181818181818,dawkijo01-1993
langan01,25,-4.2,199212050DET-PHI,199212050DET-DET,PHI-1993,0,1993,-105,-13.918181818181818,langan01-1993
perryti01,24,2,199212050DET-PHI,199212050DET-DET,PHI-1993,0,1993,48,-13.918181818181818,perryti01-1993
hornaje01,19,3.5,199212050DET-PHI,199212050DET-DET,PHI-1993,0,1993,66.5,-13.918181818181818,hornaje01-1993
grantgr01,18,-3.5,199212050DET-PHI,199212050DET-DET,PHI-1993,0,1993,-63,-13.918181818181818,grantgr01-1993
payneke01,15,-1.7,199212050DET-PHI,199212050DET-DET,PHI-1993,0,1993,-25.5,-13.918181818181818,payneke01-1993
anderro01,11,0.9,199212050DET-PHI,199212050DET-DET,PHI-1993,0,1993,9.9,-13.918181818181818,anderro01-1993
shackch01,9,-3,199212050DET-PHI,199212050DET-DET,PHI-1993,0,1993,-27,-13.918181818181818,shackch01-1993
scottde01,48,13.7,199212090DET-ORL,199212090DET-DET,ORL-1993,0,1993,657.5999999999999,39.87272727272726,scottde01-1993
onealsh01,41,-5.2,199212090DET-ORL,199212090DET-DET,ORL-1993,0,1993,-213.20000000000002,39.87272727272726,onealsh01-1993
skilesc01,37,-3.4,199212090DET-ORL,199212090DET-DET,ORL-1993,0,1993,-125.8,39.87272727272726,skilesc01-1993
anderni01,29,0,199212090DET-ORL,199212090DET-DET,ORL-1993,0,1993,0,39.87272727272726,anderni01-1993
kerrst01,23,5.4,199212090DET-ORL,199212090DET-DET,ORL-1993,0,1993,124.2,39.87272727272726,kerrst01-1993
tolbeto01,21,1.8,199212090DET-ORL,199212090DET-DET,ORL-1993,0,1993,37.800000000000004,39.87272727272726,tolbeto01-1993
turneje01,20,-1.3,199212090DET-ORL,199212090DET-DET,ORL-1993,0,1993,-26,39.87272727272726,turneje01-1993
greenli01,7,0.5,199212090DET-ORL,199212090DET-DET,ORL-1993,0,1993,3.5,39.87272727272726,greenli01-1993
bowiean01,5,-2.4,199212090DET-ORL,199212090DET-DET,ORL-1993,0,1993,-12,39.87272727272726,bowiean01-1993
kitegr01,5,-1.1,199212090DET-ORL,199212090DET-DET,ORL-1993,0,1993,-5.5,39.87272727272726,kitegr01-1993
royaldo01,4,-0.5,199212090DET-ORL,199212090DET-DET,ORL-1993,0,1993,-2,39.87272727272726,royaldo01-1993
daughbr01,41,5,199212110DET-CLE,199212110DET-DET,CLE-1993,0,1993,205,60.544444444444444,daughbr01-1993
nancela01,41,3.9,199212110DET-CLE,199212110DET-DET,CLE-1993,0,1993,159.9,60.544444444444444,nancela01-1993
ehlocr01,35,5.4,199212110DET-CLE,199212110DET-DET,CLE-1993,0,1993,189,60.544444444444444,ehlocr01-1993
williho01,30,2.1,199212110DET-CLE,199212110DET-DET,CLE-1993,0,1993,63,60.544444444444444,williho01-1993
brandte01,26,-0.6,199212110DET-CLE,199212110DET-DET,CLE-1993,0,1993,-15.6,60.544444444444444,brandte01-1993
pricema01,22,0.7,199212110DET-CLE,199212110DET-DET,CLE-1993,0,1993,15.399999999999999,60.544444444444444,pricema01-1993
sandemi01,19,0,199212110DET-CLE,199212110DET-DET,CLE-1993,0,1993,0,60.544444444444444,sandemi01-1993
wilkige01,16,-3.8,199212110DET-CLE,199212110DET-DET,CLE-1993,0,1993,-60.8,60.544444444444444,wilkige01-1993
ferryda01,10,-1.1,199212110DET-CLE,199212110DET-DET,CLE-1993,0,1993,-11,60.544444444444444,ferryda01-1993
thomais01,43,5.4,199212120NYK-DET,199212120NYK-NYK,DET-1993,0,1993,232.20000000000002,38.28888888888889,thomais01-1993
rodmade01,42,3.6,199212120NYK-DET,199212120NYK-NYK,DET-1993,0,1993,151.20000000000002,38.28888888888889,rodmade01-1993
dumarjo01,39,-2.1,199212120NYK-DET,199212120NYK-NYK,DET-1993,0,1993,-81.9,38.28888888888889,dumarjo01-1993
woolror01,33,2.1,199212120NYK-DET,199212120NYK-NYK,DET-1993,0,1993,69.3,38.28888888888889,woolror01-1993
laimbbi01,31,-2.4,199212120NYK-DET,199212120NYK-NYK,DET-1993,0,1993,-74.39999999999999,38.28888888888889,laimbbi01-1993
polynol01,21,1.6,199212120NYK-DET,199212120NYK-NYK,DET-1993,0,1993,33.6,38.28888888888889,polynol01-1993
millste01,17,-1,199212120NYK-DET,199212120NYK-NYK,DET-1993,0,1993,-17,38.28888888888889,millste01-1993
glassge01,11,3.2,199212120NYK-DET,199212120NYK-NYK,DET-1993,0,1993,35.2,38.28888888888889,glassge01-1993
youngda01,3,-1.2,199212120NYK-DET,199212120NYK-NYK,DET-1993,0,1993,-3.5999999999999996,38.28888888888889,youngda01-1993
rodmade01,45,5.8,199212150ATL-DET,199212150ATL-ATL,DET-1993,1,1993,261,90.54444444444444,rodmade01-1993
thomais01,41,10.6,199212150ATL-DET,199212150ATL-ATL,DET-1993,1,1993,434.59999999999997,90.54444444444444,thomais01-1993
dumarjo01,36,10.3,199212150ATL-DET,199212150ATL-ATL,DET-1993,1,1993,370.8,90.54444444444444,dumarjo01-1993
woolror01,30,-1.4,199212150ATL-DET,199212150ATL-ATL,DET-1993,1,1993,-42,90.54444444444444,woolror01-1993
polynol01,26,-4.2,199212150ATL-DET,199212150ATL-ATL,DET-1993,1,1993,-109.2,90.54444444444444,polynol01-1993
laimbbi01,22,0,199212150ATL-DET,199212150ATL-ATL,DET-1993,1,1993,0,90.54444444444444,laimbbi01-1993
millste01,21,-4.6,199212150ATL-DET,199212150ATL-ATL,DET-1993,1,1993,-96.6,90.54444444444444,millste01-1993
glassge01,12,0.1,199212150ATL-DET,199212150ATL-ATL,DET-1993,1,1993,1.2000000000000002,90.54444444444444,glassge01-1993
youngda01,7,-0.7,199212150ATL-DET,199212150ATL-ATL,DET-1993,1,1993,-4.8999999999999995,90.54444444444444,youngda01-1993
willike02,39,-1.7,199212160DET-ATL,199212160DET-DET,ATL-1993,0,1993,-66.3,24.26,willike02-1993
blaylmo01,37,6.2,199212160DET-ATL,199212160DET-DET,ATL-1993,0,1993,229.4,24.26,blaylmo01-1993
maystr01,33,1.6,199212160DET-ATL,199212160DET-DET,ATL-1993,0,1993,52.800000000000004,24.26,maystr01-1993
koncajo01,29,-1,199212160DET-ATL,199212160DET-DET,ATL-1993,0,1993,-29,24.26,koncajo01-1993
ferredu01,28,4,199212160DET-ATL,199212160DET-DET,ATL-1993,0,1993,112,24.26,ferredu01-1993
augmost01,20,-1.9,199212160DET-ATL,199212160DET-DET,ATL-1993,0,1993,-38,24.26,augmost01-1993
keefead01,19,-2.4,199212160DET-ATL,199212160DET-DET,ATL-1993,0,1993,-45.6,24.26,keefead01-1993
grahapa01,15,2.6,199212160DET-ATL,199212160DET-DET,ATL-1993,0,1993,39,24.26,grahapa01-1993
wileymo01,11,-1.8,199212160DET-ATL,199212160DET-DET,ATL-1993,0,1993,-19.8,24.26,wileymo01-1993
fostegr01,9,0.9,199212160DET-ATL,199212160DET-DET,ATL-1993,0,1993,8.1,24.26,fostegr01-1993
schrede01,39,4.9,199212180DET-IND,199212180DET-DET,IND-1993,0,1993,191.10000000000002,4.4,schrede01-1993
flemive01,28,-1.5,199212180DET-IND,199212180DET-DET,IND-1993,0,1993,-42,4.4,flemive01-1993
millere01,26,-0.9,199212180DET-IND,199212180DET-DET,IND-1993,0,1993,-23.400000000000002,4.4,millere01-1993
mccloge01,25,-3.8,199212180DET-IND,199212180DET-DET,IND-1993,0,1993,-95,4.4,mccloge01-1993
smitsri01,23,-0.6,199212180DET-IND,199212180DET-DET,IND-1993,0,1993,-13.799999999999999,4.4,smitsri01-1993
davisda01,21,-1.1,199212180DET-IND,199212180DET-DET,IND-1993,0,1993,-23.1,4.4,davisda01-1993
sealyma01,21,2.8,199212180DET-IND,199212180DET-DET,IND-1993,0,1993,58.8,4.4,sealyma01-1993
mitchsa01,18,-2.6,199212180DET-IND,199212180DET-DET,IND-1993,0,1993,-46.800000000000004,4.4,mitchsa01-1993
greense01,17,2.8,199212180DET-IND,199212180DET-DET,IND-1993,0,1993,47.599999999999994,4.4,greense01-1993
willike03,14,0.5,199212180DET-IND,199212180DET-DET,IND-1993,0,1993,7,4.4,willike03-1993
dreilgr01,5,-2,199212180DET-IND,199212180DET-DET,IND-1993,0,1993,-10,4.4,dreilgr01-1993
thompla01,3,0.8,199212180DET-IND,199212180DET-DET,IND-1993,0,1993,2.4000000000000004,4.4,thompla01-1993
rodmade01,44,0.7,199212190MIL-DET,199212190MIL-MIL,DET-1993,1,1993,30.799999999999997,46.541666666666664,rodmade01-1993
dumarjo01,38,0.3,199212190MIL-DET,199212190MIL-MIL,DET-1993,1,1993,11.4,46.541666666666664,dumarjo01-1993
thomais01,37,13.2,199212190MIL-DET,199212190MIL-MIL,DET-1993,1,1993,488.4,46.541666666666664,thomais01-1993
woolror01,36,-0.6,199212190MIL-DET,199212190MIL-MIL,DET-1993,1,1993,-21.599999999999998,46.541666666666664,woolror01-1993
laimbbi01,33,-0.1,199212190MIL-DET,199212190MIL-MIL,DET-1993,1,1993,-3.3000000000000003,46.541666666666664,laimbbi01-1993
youngda01,14,4.9,199212190MIL-DET,199212190MIL-MIL,DET-1993,1,1993,68.60000000000001,46.541666666666664,youngda01-1993
millste01,13,-2.6,199212190MIL-DET,199212190MIL-MIL,DET-1993,1,1993,-33.800000000000004,46.541666666666664,millste01-1993
polynol01,13,-1,199212190MIL-DET,199212190MIL-MIL,DET-1993,1,1993,-13,46.541666666666664,polynol01-1993
aguirma01,8,4.4,199212190MIL-DET,199212190MIL-MIL,DET-1993,1,1993,35.2,46.541666666666664,aguirma01-1993
randama01,2,-2,199212190MIL-DET,199212190MIL-MIL,DET-1993,1,1993,-4,46.541666666666664,randama01-1993
glassge01,1,-0.1,199212190MIL-DET,199212190MIL-MIL,DET-1993,1,1993,-0.1,46.541666666666664,glassge01-1993
morriis01,1,-0.1,199212190MIL-DET,199212190MIL-MIL,DET-1993,1,1993,-0.1,46.541666666666664,morriis01-1993
olajuha01,43,-2.9,199212220DET-HOU,199212220DET-DET,HOU-1993,0,1993,-124.7,35.43,olajuha01-1993
smithke01,39,-0.8,199212220DET-HOU,199212220DET-DET,HOU-1993,0,1993,-31.200000000000003,35.43,smithke01-1993
thorpot01,39,7.7,199212220DET-HOU,199212220DET-DET,HOU-1993,0,1993,300.3,35.43,thorpot01-1993
horryro01,38,6,199212220DET-HOU,199212220DET-DET,HOU-1993,0,1993,228,35.43,horryro01-1993
maxweve01,38,1.6,199212220DET-HOU,199212220DET-DET,HOU-1993,0,1993,60.800000000000004,35.43,maxweve01-1993
herreca01,15,-1.4,199212220DET-HOU,199212220DET-DET,HOU-1993,0,1993,-21,35.43,herreca01-1993
floydsl01,10,-3,199212220DET-HOU,199212220DET-DET,HOU-1993,0,1993,-30,35.43,floydsl01-1993
brooksc01,9,-1.6,199212220DET-HOU,199212220DET-DET,HOU-1993,0,1993,-14.4,35.43,brooksc01-1993
bullama01,6,-2.2,199212220DET-HOU,199212220DET-DET,HOU-1993,0,1993,-13.200000000000001,35.43,bullama01-1993
rollitr01,3,-0.1,199212220DET-HOU,199212220DET-DET,HOU-1993,0,1993,-0.30000000000000004,35.43,rollitr01-1993
rodmade01,45,9.5,199212230CHH-DET,199212230CHH-CHH,DET-1993,0,1993,427.5,30.4,rodmade01-1993
dumarjo01,37,-4.5,199212230CHH-DET,199212230CHH-CHH,DET-1993,0,1993,-166.5,30.4,dumarjo01-1993
thomais01,37,9.5,199212230CHH-DET,199212230CHH-CHH,DET-1993,0,1993,351.5,30.4,thomais01-1993
woolror01,31,-2.7,199212230CHH-DET,199212230CHH-CHH,DET-1993,0,1993,-83.7,30.4,woolror01-1993
laimbbi01,27,-2.7,199212230CHH-DET,199212230CHH-CHH,DET-1993,0,1993,-72.9,30.4,laimbbi01-1993
millste01,19,-1.7,199212230CHH-DET,199212230CHH-CHH,DET-1993,0,1993,-32.3,30.4,millste01-1993
aguirma01,17,-0.4,199212230CHH-DET,199212230CHH-CHH,DET-1993,0,1993,-6.800000000000001,30.4,aguirma01-1993
polynol01,17,-2.5,199212230CHH-DET,199212230CHH-CHH,DET-1993,0,1993,-42.5,30.4,polynol01-1993
youngda01,6,-1.3,199212230CHH-DET,199212230CHH-CHH,DET-1993,0,1993,-7.800000000000001,30.4,youngda01-1993
glassge01,2,-0.7,199212230CHH-DET,199212230CHH-CHH,DET-1993,0,1993,-1.4,30.4,glassge01-1993
morriis01,1,-0.1,199212230CHH-DET,199212230CHH-CHH,DET-1993,0,1993,-0.1,30.4,morriis01-1993
randama01,1,-0.2,199212230CHH-DET,199212230CHH-CHH,DET-1993,0,1993,-0.2,30.4,randama01-1993
rodmade01,44,2.6,199212260WSB-DET,199212260WSB-WSB,DET-1993,1,1993,114.4,45.855555555555554,rodmade01-1993
dumarjo01,40,3.2,199212260WSB-DET,199212260WSB-WSB,DET-1993,1,1993,128,45.855555555555554,dumarjo01-1993
thomais01,38,4.9,199212260WSB-DET,199212260WSB-WSB,DET-1993,1,1993,186.20000000000002,45.855555555555554,thomais01-1993
woolror01,29,0.3,199212260WSB-DET,199212260WSB-WSB,DET-1993,1,1993,8.7,45.855555555555554,woolror01-1993
laimbbi01,25,-0.4,199212260WSB-DET,199212260WSB-WSB,DET-1993,1,1993,-10,45.855555555555554,laimbbi01-1993
millste01,22,-1.1,199212260WSB-DET,199212260WSB-WSB,DET-1993,1,1993,-24.200000000000003,45.855555555555554,millste01-1993
polynol01,18,-0.1,199212260WSB-DET,199212260WSB-WSB,DET-1993,1,1993,-1.8,45.855555555555554,polynol01-1993
aguirma01,17,1,199212260WSB-DET,199212260WSB-WSB,DET-1993,1,1993,17,45.855555555555554,aguirma01-1993
youngda01,7,-0.8,199212260WSB-DET,199212260WSB-WSB,DET-1993,1,1993,-5.6000000000000005,45.855555555555554,youngda01-1993
rodmade01,46,1.3,199212280CLE-DET,199212280CLE-CLE,DET-1993,0,1993,59.800000000000004,38.1,rodmade01-1993
dumarjo01,41,4.9,199212280CLE-DET,199212280CLE-CLE,DET-1993,0,1993,200.9,38.1,dumarjo01-1993
laimbbi01,36,3.2,199212280CLE-DET,199212280CLE-CLE,DET-1993,0,1993,115.2,38.1,laimbbi01-1993
youngda01,28,2.9,199212280CLE-DET,199212280CLE-CLE,DET-1993,0,1993,81.2,38.1,youngda01-1993
woolror01,27,-2.4,199212280CLE-DET,199212280CLE-CLE,DET-1993,0,1993,-64.8,38.1,woolror01-1993
aguirma01,27,-7.2,199212280CLE-DET,199212280CLE-CLE,DET-1993,0,1993,-194.4,38.1,aguirma01-1993
millste01,25,5.8,199212280CLE-DET,199212280CLE-CLE,DET-1993,0,1993,145,38.1,millste01-1993
randama01,6,0.2,199212280CLE-DET,199212280CLE-CLE,DET-1993,0,1993,1.2000000000000002,38.1,randama01-1993
polynol01,4,-0.3,199212280CLE-DET,199212280CLE-CLE,DET-1993,0,1993,-1.2,38.1,polynol01-1993
ellispe01,45,2.6,199212300DET-WSB,199212300DET-DET,WSB-1993,0,1993,117,34.78888888888889,ellispe01-1993
grantha01,44,5.9,199212300DET-WSB,199212300DET-DET,WSB-1993,0,1993,259.6,34.78888888888889,grantha01-1993
adamsmi01,36,0.7,199212300DET-WSB,199212300DET-DET,WSB-1993,0,1993,25.2,34.78888888888889,adamsmi01-1993
guglito01,35,-1.2,199212300DET-WSB,199212300DET-DET,WSB-1993,0,1993,-42,34.78888888888889,guglito01-1993
chapmre01,31,1,199212300DET-WSB,199212300DET-DET,WSB-1993,0,1993,31,34.78888888888889,chapmre01-1993
stewala01,20,-0.4,199212300DET-WSB,199212300DET-DET,WSB-1993,0,1993,-8,34.78888888888889,stewala01-1993
overtdo01,19,-3,199212300DET-WSB,199212300DET-DET,WSB-1993,0,1993,-57,34.78888888888889,overtdo01-1993
smithla02,9,-1.3,199212300DET-WSB,199212300DET-DET,WSB-1993,0,1993,-11.700000000000001,34.78888888888889,smithla02-1993
macledo01,1,-1,199212300DET-WSB,199212300DET-DET,WSB-1993,0,1993,-1,34.78888888888889,macledo01-1993
rodmade01,44,3.1,199301020ORL-DET,199301020ORL-ORL,DET-1993,1,1993,136.4,59.400000000000006,rodmade01-1993
dumarjo01,42,7.7,199301020ORL-DET,199301020ORL-ORL,DET-1993,1,1993,323.40000000000003,59.400000000000006,dumarjo01-1993
thomais01,42,-4.3,199301020ORL-DET,199301020ORL-ORL,DET-1993,1,1993,-180.6,59.400000000000006,thomais01-1993
laimbbi01,29,8.8,199301020ORL-DET,199301020ORL-ORL,DET-1993,1,1993,255.20000000000002,59.400000000000006,laimbbi01-1993
aguirma01,28,2.8,199301020ORL-DET,199301020ORL-ORL,DET-1993,1,1993,78.39999999999999,59.400000000000006,aguirma01-1993
millste01,25,0.6,199301020ORL-DET,199301020ORL-ORL,DET-1993,1,1993,15,59.400000000000006,millste01-1993
woolror01,20,-4.1,199301020ORL-DET,199301020ORL-ORL,DET-1993,1,1993,-82,59.400000000000006,woolror01-1993
youngda01,6,-0.6,199301020ORL-DET,199301020ORL-ORL,DET-1993,1,1993,-3.5999999999999996,59.400000000000006,youngda01-1993
rulanje01,4,-1.9,199301020ORL-DET,199301020ORL-ORL,DET-1993,1,1993,-7.6,59.400000000000006,rulanje01-1993
rodmade01,48,-0.9,199301050MIA-DET,199301050MIA-MIA,DET-1993,0,1993,-43.2,28.087499999999988,rodmade01-1993
thomais01,45,10.2,199301050MIA-DET,199301050MIA-MIA,DET-1993,0,1993,458.99999999999994,28.087499999999988,thomais01-1993
dumarjo01,43,-8.8,199301050MIA-DET,199301050MIA-MIA,DET-1993,0,1993,-378.40000000000003,28.087499999999988,dumarjo01-1993
laimbbi01,39,4,199301050MIA-DET,199301050MIA-MIA,DET-1993,0,1993,156,28.087499999999988,laimbbi01-1993
woolror01,28,0.7,199301050MIA-DET,199301050MIA-MIA,DET-1993,0,1993,19.599999999999998,28.087499999999988,woolror01-1993
millste01,22,0,199301050MIA-DET,199301050MIA-MIA,DET-1993,0,1993,0,28.087499999999988,millste01-1993
aguirma01,12,1.1,199301050MIA-DET,199301050MIA-MIA,DET-1993,0,1993,13.200000000000001,28.087499999999988,aguirma01-1993
youngda01,3,-0.5,199301050MIA-DET,199301050MIA-MIA,DET-1993,0,1993,-1.5,28.087499999999988,youngda01-1993
normake01,37,3.4,199301060DET-LAC,199301060DET-DET,LAC-1993,0,1993,125.8,18.849999999999998,normake01-1993
jacksma01,33,1.7,199301060DET-LAC,199301060DET-DET,LAC-1993,0,1993,56.1,18.849999999999998,jacksma01-1993
grantga01,31,4.6,199301060DET-LAC,199301060DET-DET,LAC-1993,0,1993,142.6,18.849999999999998,grantga01-1993
harpero01,31,-1.4,199301060DET-LAC,199301060DET-DET,LAC-1993,0,1993,-43.4,18.849999999999998,harpero01-1993
roberst01,30,-7.2,199301060DET-LAC,199301060DET-DET,LAC-1993,0,1993,-216,18.849999999999998,roberst01-1993
vaughlo01,29,1.9,199301060DET-LAC,199301060DET-DET,LAC-1993,0,1993,55.099999999999994,18.849999999999998,vaughlo01-1993
mannida01,24,4.4,199301060DET-LAC,199301060DET-DET,LAC-1993,0,1993,105.60000000000001,18.849999999999998,mannida01-1993
willijo02,19,-1.9,199301060DET-LAC,199301060DET-DET,LAC-1993,0,1993,-36.1,18.849999999999998,willijo02-1993
vandeki01,5,-0.2,199301060DET-LAC,199301060DET-DET,LAC-1993,0,1993,-1,18.849999999999998,vandeki01-1993
woodsra01,1,-0.2,199301060DET-LAC,199301060DET-DET,LAC-1993,0,1993,-0.2,18.849999999999998,woodsra01-1993
willike02,41,-4.4,199301080DET-ATL,199301080DET-DET,ATL-1993,1,1993,-180.4,87.8875,willike02-1993
augmost01,40,11.7,199301080DET-ATL,199301080DET-DET,ATL-1993,1,1993,468,87.8875,augmost01-1993
ferredu01,40,-1.5,199301080DET-ATL,199301080DET-DET,ATL-1993,1,1993,-60,87.8875,ferredu01-1993
koncajo01,40,11.2,199301080DET-ATL,199301080DET-DET,ATL-1993,1,1993,448,87.8875,koncajo01-1993
blaylmo01,37,2.9,199301080DET-ATL,199301080DET-DET,ATL-1993,1,1993,107.3,87.8875,blaylmo01-1993
grahapa01,14,-2.7,199301080DET-ATL,199301080DET-DET,ATL-1993,1,1993,-37.800000000000004,87.8875,grahapa01-1993
hensost01,14,-2.9,199301080DET-ATL,199301080DET-DET,ATL-1993,1,1993,-40.6,87.8875,hensost01-1993
keefead01,14,-0.1,199301080DET-ATL,199301080DET-DET,ATL-1993,1,1993,-1.4000000000000001,87.8875,keefead01-1993
hardati01,48,9.4,199301090DET-GSW,199301090DET-DET,GSW-1993,1,1993,451.20000000000005,97.51,hardati01-1993
mullich01,48,13,199301090DET-GSW,199301090DET-DET,GSW-1993,1,1993,624,97.51,mullich01-1993
grayeje01,37,0.9,199301090DET-GSW,199301090DET-DET,GSW-1993,1,1993,33.300000000000004,97.51,grayeje01-1993
hillty01,33,0,199301090DET-GSW,199301090DET-DET,GSW-1993,1,1993,0,97.51,hillty01-1993
sprewla01,23,-5.2,199301090DET-GSW,199301090DET-DET,GSW-1993,1,1993,-119.60000000000001,97.51,sprewla01-1993
marcisa01,20,0.9,199301090DET-GSW,199301090DET-DET,GSW-1993,1,1993,18,97.51,marcisa01-1993
gatlich01,16,0.1,199301090DET-GSW,199301090DET-DET,GSW-1993,1,1993,1.6,97.51,gatlich01-1993
houstby01,7,-3.8,199301090DET-GSW,199301090DET-DET,GSW-1993,1,1993,-26.599999999999998,97.51,houstby01-1993
alexavi01,4,-1.7,199301090DET-GSW,199301090DET-DET,GSW-1993,1,1993,-6.8,97.51,alexavi01-1993
buechju01,4,0,199301090DET-GSW,199301090DET-DET,GSW-1993,1,1993,0,97.51,buechju01-1993
ellisda01,39,4.4,199301110DET-SAS,199301110DET-DET,SAS-1993,1,1993,171.60000000000002,56.118181818181824,ellisda01-1993
robinda01,37,-2.9,199301110DET-SAS,199301110DET-DET,SAS-1993,1,1993,-107.3,56.118181818181824,robinda01-1993
elliose01,33,3.3,199301110DET-SAS,199301110DET-DET,SAS-1993,1,1993,108.89999999999999,56.118181818181824,elliose01-1993
johnsav01,31,5.4,199301110DET-SAS,199301110DET-DET,SAS-1993,1,1993,167.4,56.118181818181824,johnsav01-1993
reidjr01,27,-0.7,199301110DET-SAS,199301110DET-DET,SAS-1993,1,1993,-18.9,56.118181818181824,reidjr01-1993
carran01,22,6.9,199301110DET-SAS,199301110DET-DET,SAS-1993,1,1993,151.8,56.118181818181824,carran01-1993
daniell01,19,7.5,199301110DET-SAS,199301110DET-DET,SAS-1993,1,1993,142.5,56.118181818181824,daniell01-1993
delnevi01,17,0.9,199301110DET-SAS,199301110DET-DET,SAS-1993,1,1993,15.3,56.118181818181824,delnevi01-1993
smithla01,10,-1.1,199301110DET-SAS,199301110DET-DET,SAS-1993,1,1993,-11,56.118181818181824,smithla01-1993
woodda01,3,-0.6,199301110DET-SAS,199301110DET-DET,SAS-1993,1,1993,-1.7999999999999998,56.118181818181824,woodda01-1993
macksa01,2,-0.6,199301110DET-SAS,199301110DET-DET,SAS-1993,1,1993,-1.2,56.118181818181824,macksa01-1993
harpede01,36,-2.9,199301130DET-DAL,199301130DET-DET,DAL-1993,0,1993,-104.39999999999999,-23.608333333333334,harpede01-1993
daviste01,34,-1.2,199301130DET-DAL,199301130DET-DET,DAL-1993,0,1993,-40.8,-23.608333333333334,daviste01-1993
smithdo03,27,-3.6,199301130DET-DAL,199301130DET-DET,DAL-1993,0,1993,-97.2,-23.608333333333334,smithdo03-1993
iuzzomi01,26,2.3,199301130DET-DAL,199301130DET-DET,DAL-1993,0,1993,59.8,-23.608333333333334,iuzzomi01-1993
rooksse01,25,-4.7,199301130DET-DAL,199301130DET-DET,DAL-1993,0,1993,-117.5,-23.608333333333334,rooksse01-1993
bondwa01,18,1.8,199301130DET-DAL,199301130DET-DET,DAL-1993,0,1993,32.4,-23.608333333333334,bondwa01-1993
mooretr01,16,-6.1,199301130DET-DAL,199301130DET-DET,DAL-1993,0,1993,-97.6,-23.608333333333334,mooretr01-1993
howarbr01,15,6.7,199301130DET-DAL,199301130DET-DET,DAL-1993,0,1993,100.5,-23.608333333333334,howarbr01-1993
hodgedo01,14,-1,199301130DET-DAL,199301130DET-DET,DAL-1993,0,1993,-14,-23.608333333333334,hodgedo01-1993
cambrde01,13,1.5,199301130DET-DAL,199301130DET-DET,DAL-1993,0,1993,19.5,-23.608333333333334,cambrde01-1993
whitera01,12,-2.7,199301130DET-DAL,199301130DET-DET,DAL-1993,0,1993,-32.400000000000006,-23.608333333333334,whitera01-1993
curcira01,4,2.1,199301130DET-DAL,199301130DET-DET,DAL-1993,0,1993,8.4,-23.608333333333334,curcira01-1993
dumarjo01,40,-0.7,199301140ATL-DET,199301140ATL-ATL,DET-1993,0,1993,-28,3.0666666666666673,dumarjo01-1993
thomais01,39,-1.4,199301140ATL-DET,199301140ATL-ATL,DET-1993,0,1993,-54.599999999999994,3.0666666666666673,thomais01-1993
woolror01,32,6.1,199301140ATL-DET,199301140ATL-ATL,DET-1993,0,1993,195.2,3.0666666666666673,woolror01-1993
laimbbi01,30,-1.4,199301140ATL-DET,199301140ATL-ATL,DET-1993,0,1993,-42,3.0666666666666673,laimbbi01-1993
millste01,22,0,199301140ATL-DET,199301140ATL-ATL,DET-1993,0,1993,0,3.0666666666666673,millste01-1993
rodmade01,18,3.7,199301140ATL-DET,199301140ATL-ATL,DET-1993,0,1993,66.60000000000001,3.0666666666666673,rodmade01-1993
aguirma01,17,-2.3,199301140ATL-DET,199301140ATL-ATL,DET-1993,0,1993,-39.099999999999994,3.0666666666666673,aguirma01-1993
randama01,14,-1,199301140ATL-DET,199301140ATL-ATL,DET-1993,0,1993,-14,3.0666666666666673,randama01-1993
rulanje01,10,-0.6,199301140ATL-DET,199301140ATL-ATL,DET-1993,0,1993,-6,3.0666666666666673,rulanje01-1993
glassge01,9,-1.9,199301140ATL-DET,199301140ATL-ATL,DET-1993,0,1993,-17.099999999999998,3.0666666666666673,glassge01-1993
youngda01,7,-4.4,199301140ATL-DET,199301140ATL-ATL,DET-1993,0,1993,-30.800000000000004,3.0666666666666673,youngda01-1993
morriis01,2,3.3,199301140ATL-DET,199301140ATL-ATL,DET-1993,0,1993,6.6,3.0666666666666673,morriis01-1993
millste01,36,2.5,199301160PHI-DET,199301160PHI-PHI,DET-1993,0,1993,90,-3.99090909090909,millste01-1993
dumarjo01,31,-3,199301160PHI-DET,199301160PHI-PHI,DET-1993,0,1993,-93,-3.99090909090909,dumarjo01-1993
thomais01,29,-1.2,199301160PHI-DET,199301160PHI-PHI,DET-1993,0,1993,-34.8,-3.99090909090909,thomais01-1993
laimbbi01,27,-0.7,199301160PHI-DET,199301160PHI-PHI,DET-1993,0,1993,-18.9,-3.99090909090909,laimbbi01-1993
woolror01,26,1.3,199301160PHI-DET,199301160PHI-PHI,DET-1993,0,1993,33.800000000000004,-3.99090909090909,woolror01-1993
youngda01,21,3.1,199301160PHI-DET,199301160PHI-PHI,DET-1993,0,1993,65.10000000000001,-3.99090909090909,youngda01-1993
randama01,18,-2.7,199301160PHI-DET,199301160PHI-PHI,DET-1993,0,1993,-48.6,-3.99090909090909,randama01-1993
glassge01,15,1.6,199301160PHI-DET,199301160PHI-PHI,DET-1993,0,1993,24,-3.99090909090909,glassge01-1993
morriis01,14,-0.4,199301160PHI-DET,199301160PHI-PHI,DET-1993,0,1993,-5.6000000000000005,-3.99090909090909,morriis01-1993
rulanje01,12,-3.1,199301160PHI-DET,199301160PHI-PHI,DET-1993,0,1993,-37.2,-3.99090909090909,rulanje01-1993
aguirma01,11,-1.7,199301160PHI-DET,199301160PHI-PHI,DET-1993,0,1993,-18.7,-3.99090909090909,aguirma01-1993
thomais01,41,-2.2,199301190DAL-DET,199301190DAL-DAL,DET-1993,0,1993,-90.2,-23.536363636363635,thomais01-1993
laimbbi01,40,1.6,199301190DAL-DET,199301190DAL-DAL,DET-1993,0,1993,64,-23.536363636363635,laimbbi01-1993
dumarjo01,37,-6.7,199301190DAL-DET,199301190DAL-DAL,DET-1993,0,1993,-247.9,-23.536363636363635,dumarjo01-1993
woolror01,30,3.2,199301190DAL-DET,199301190DAL-DAL,DET-1993,0,1993,96,-23.536363636363635,woolror01-1993
randama01,27,-0.6,199301190DAL-DET,199301190DAL-DAL,DET-1993,0,1993,-16.2,-23.536363636363635,randama01-1993
millste01,23,-3.9,199301190DAL-DET,199301190DAL-DAL,DET-1993,0,1993,-89.7,-23.536363636363635,millste01-1993
aguirma01,17,-2.4,199301190DAL-DET,199301190DAL-DAL,DET-1993,0,1993,-40.8,-23.536363636363635,aguirma01-1993
glassge01,13,4.4,199301190DAL-DET,199301190DAL-DAL,DET-1993,0,1993,57.2,-23.536363636363635,glassge01-1993
youngda01,5,2.1,199301190DAL-DET,199301190DAL-DAL,DET-1993,0,1993,10.5,-23.536363636363635,youngda01-1993
morriis01,4,-0.9,199301190DAL-DET,199301190DAL-DAL,DET-1993,0,1993,-3.6,-23.536363636363635,morriis01-1993
rulanje01,3,0.6,199301190DAL-DET,199301190DAL-DAL,DET-1993,0,1993,1.7999999999999998,-23.536363636363635,rulanje01-1993
millste01,42,-0.7,199301210HOU-DET,199301210HOU-HOU,DET-1993,0,1993,-29.4,58.955555555555556,millste01-1993
thomais01,41,9.4,199301210HOU-DET,199301210HOU-HOU,DET-1993,0,1993,385.40000000000003,58.955555555555556,thomais01-1993
dumarjo01,40,7.9,199301210HOU-DET,199301210HOU-HOU,DET-1993,0,1993,316,58.955555555555556,dumarjo01-1993
laimbbi01,34,-3.1,199301210HOU-DET,199301210HOU-HOU,DET-1993,0,1993,-105.4,58.955555555555556,laimbbi01-1993
woolror01,31,-0.7,199301210HOU-DET,199301210HOU-HOU,DET-1993,0,1993,-21.7,58.955555555555556,woolror01-1993
randama01,19,0.2,199301210HOU-DET,199301210HOU-HOU,DET-1993,0,1993,3.8000000000000003,58.955555555555556,randama01-1993
glassge01,18,2.8,199301210HOU-DET,199301210HOU-HOU,DET-1993,0,1993,50.4,58.955555555555556,glassge01-1993
newbeme01,10,-6.1,199301210HOU-DET,199301210HOU-HOU,DET-1993,0,1993,-61,58.955555555555556,newbeme01-1993
morriis01,5,-1.5,199301210HOU-DET,199301210HOU-HOU,DET-1993,0,1993,-7.5,58.955555555555556,morriis01-1993
dumarjo01,37,-5.2,199301220SAS-DET,199301220SAS-SAS,DET-1993,0,1993,-192.4,-6.545454545454547,dumarjo01-1993
thomais01,35,-1.6,199301220SAS-DET,199301220SAS-SAS,DET-1993,0,1993,-56,-6.545454545454547,thomais01-1993
millste01,32,-0.7,199301220SAS-DET,199301220SAS-SAS,DET-1993,0,1993,-22.4,-6.545454545454547,millste01-1993
laimbbi01,29,3.8,199301220SAS-DET,199301220SAS-SAS,DET-1993,0,1993,110.19999999999999,-6.545454545454547,laimbbi01-1993
woolror01,24,-1.7,199301220SAS-DET,199301220SAS-SAS,DET-1993,0,1993,-40.8,-6.545454545454547,woolror01-1993
randama01,22,-1.5,199301220SAS-DET,199301220SAS-SAS,DET-1993,0,1993,-33,-6.545454545454547,randama01-1993
glassge01,20,2.8,199301220SAS-DET,199301220SAS-SAS,DET-1993,0,1993,56,-6.545454545454547,glassge01-1993
youngda01,18,6.4,199301220SAS-DET,199301220SAS-SAS,DET-1993,0,1993,115.2,-6.545454545454547,youngda01-1993
newbeme01,14,-1,199301220SAS-DET,199301220SAS-SAS,DET-1993,0,1993,-14,-6.545454545454547,newbeme01-1993
morriis01,8,0.7,199301220SAS-DET,199301220SAS-SAS,DET-1993,0,1993,5.6,-6.545454545454547,morriis01-1993
rulanje01,1,-0.4,199301220SAS-DET,199301220SAS-SAS,DET-1993,0,1993,-0.4,-6.545454545454547,rulanje01-1993
barklch01,43,1.7,199301250DET-PHO,199301250DET-DET,PHO-1993,1,1993,73.1,51.19,barklch01-1993
johnske02,37,1.1,199301250DET-PHO,199301250DET-DET,PHO-1993,1,1993,40.7,51.19,johnske02-1993
majerda01,32,6.5,199301250DET-PHO,199301250DET-DET,PHO-1993,1,1993,208,51.19,majerda01-1993
dumasri02,30,-0.4,199301250DET-PHO,199301250DET-DET,PHO-1993,1,1993,-12,51.19,dumasri02-1993
chambto01,27,-1.6,199301250DET-PHO,199301250DET-DET,PHO-1993,1,1993,-43.2,51.19,chambto01-1993
aingeda01,25,11.1,199301250DET-PHO,199301250DET-DET,PHO-1993,1,1993,277.5,51.19,aingeda01-1993
westma01,14,0.5,199301250DET-PHO,199301250DET-DET,PHO-1993,1,1993,7,51.19,westma01-1993
cebalce01,12,-2.2,199301250DET-PHO,199301250DET-DET,PHO-1993,1,1993,-26.400000000000002,51.19,cebalce01-1993
johnsfr01,11,-1,199301250DET-PHO,199301250DET-DET,PHO-1993,1,1993,-11,51.19,johnsfr01-1993
milleol01,9,-0.2,199301250DET-PHO,199301250DET-DET,PHO-1993,1,1993,-1.8,51.19,milleol01-1993
lewisre01,43,2.9,199301270DET-BOS,199301270DET-DET,BOS-1993,0,1993,124.7,21.16,lewisre01-1993
brownde01,32,-0.6,199301270DET-BOS,199301270DET-DET,BOS-1993,0,1993,-19.2,21.16,brownde01-1993
mchalke01,30,0.6,199301270DET-BOS,199301270DET-DET,BOS-1993,0,1993,18,21.16,mchalke01-1993
gamblke01,28,3.9,199301270DET-BOS,199301270DET-DET,BOS-1993,0,1993,109.2,21.16,gamblke01-1993
mcdanxa01,27,1.2,199301270DET-BOS,199301270DET-DET,BOS-1993,0,1993,32.4,21.16,mcdanxa01-1993
kleinjo01,24,1.2,199301270DET-BOS,199301270DET-DET,BOS-1993,0,1993,28.799999999999997,21.16,kleinjo01-1993
abdelal01,20,-1.2,199301270DET-BOS,199301270DET-DET,BOS-1993,0,1993,-24,21.16,abdelal01-1993
foxri01,17,-2.5,199301270DET-BOS,199301270DET-DET,BOS-1993,0,1993,-42.5,21.16,foxri01-1993
douglsh01,16,-0.8,199301270DET-BOS,199301270DET-DET,BOS-1993,0,1993,-12.8,21.16,douglsh01-1993
parisro01,3,-1,199301270DET-BOS,199301270DET-DET,BOS-1993,0,1993,-3,21.16,parisro01-1993
westdo01,42,1,199301290DET-MIN,199301290DET-DET,MIN-1993,0,1993,42,18.62222222222222,westdo01-1993
persoch01,41,3.1,199301290DET-MIN,199301290DET-DET,MIN-1993,0,1993,127.10000000000001,18.62222222222222,persoch01-1993
laettch01,39,1.2,199301290DET-MIN,199301290DET-DET,MIN-1993,0,1993,46.8,18.62222222222222,laettch01-1993
willimi02,36,0.2,199301290DET-MIN,199301290DET-DET,MIN-1993,0,1993,7.2,18.62222222222222,willimi02-1993
spencfe01,24,0,199301290DET-MIN,199301290DET-DET,MIN-1993,0,1993,0,18.62222222222222,spencfe01-1993
baileth01,21,2.3,199301290DET-MIN,199301290DET-DET,MIN-1993,0,1993,48.3,18.62222222222222,baileth01-1993
mccanbo01,17,-4.9,199301290DET-MIN,199301290DET-DET,MIN-1993,0,1993,-83.30000000000001,18.62222222222222,mccanbo01-1993
smithch03,13,-0.5,199301290DET-MIN,199301290DET-DET,MIN-1993,0,1993,-6.5,18.62222222222222,smithch03-1993
longllu01,7,-2,199301290DET-MIN,199301290DET-DET,MIN-1993,0,1993,-14,18.62222222222222,longllu01-1993
dumarjo01,42,-1,199301300IND-DET,199301300IND-IND,DET-1993,0,1993,-42,28.92222222222222,dumarjo01-1993
woolror01,32,8.1,199301300IND-DET,199301300IND-IND,DET-1993,0,1993,259.2,28.92222222222222,woolror01-1993
millste01,31,2.3,199301300IND-DET,199301300IND-IND,DET-1993,0,1993,71.3,28.92222222222222,millste01-1993
thomais01,29,-1.9,199301300IND-DET,199301300IND-IND,DET-1993,0,1993,-55.099999999999994,28.92222222222222,thomais01-1993
aguirma01,27,0.5,199301300IND-DET,199301300IND-IND,DET-1993,0,1993,13.5,28.92222222222222,aguirma01-1993
laimbbi01,24,0.4,199301300IND-DET,199301300IND-IND,DET-1993,0,1993,9.600000000000001,28.92222222222222,laimbbi01-1993
youngda01,19,-1.6,199301300IND-DET,199301300IND-IND,DET-1993,0,1993,-30.400000000000002,28.92222222222222,youngda01-1993
glassge01,18,-3.6,199301300IND-DET,199301300IND-IND,DET-1993,0,1993,-64.8,28.92222222222222,glassge01-1993
polynol01,18,5.5,199301300IND-DET,199301300IND-IND,DET-1993,0,1993,99,28.92222222222222,polynol01-1993
dumarjo01,42,4.5,199302050CLE-DET,199302050CLE-CLE,DET-1993,0,1993,189,21.575,dumarjo01-1993
millste01,42,4.5,199302050CLE-DET,199302050CLE-CLE,DET-1993,0,1993,189,21.575,millste01-1993
thomais01,35,-1.3,199302050CLE-DET,199302050CLE-CLE,DET-1993,0,1993,-45.5,21.575,thomais01-1993
woolror01,30,3.7,199302050CLE-DET,199302050CLE-CLE,DET-1993,0,1993,111,21.575,woolror01-1993
polynol01,27,-1.2,199302050CLE-DET,199302050CLE-CLE,DET-1993,0,1993,-32.4,21.575,polynol01-1993
laimbbi01,25,-3.1,199302050CLE-DET,199302050CLE-CLE,DET-1993,0,1993,-77.5,21.575,laimbbi01-1993
aguirma01,13,-0.7,199302050CLE-DET,199302050CLE-CLE,DET-1993,0,1993,-9.1,21.575,aguirma01-1993
youngda01,13,-3.9,199302050CLE-DET,199302050CLE-CLE,DET-1993,0,1993,-50.699999999999996,21.575,youngda01-1993
glassge01,7,-2.3,199302050CLE-DET,199302050CLE-CLE,DET-1993,0,1993,-16.099999999999998,21.575,glassge01-1993
morriis01,2,0.6,199302050CLE-DET,199302050CLE-CLE,DET-1993,0,1993,1.2,21.575,morriis01-1993
newbeme01,2,0.6,199302050CLE-DET,199302050CLE-CLE,DET-1993,0,1993,1.2,21.575,newbeme01-1993
randama01,2,-0.6,199302050CLE-DET,199302050CLE-CLE,DET-1993,0,1993,-1.2,21.575,randama01-1993
kempsh01,41,8.1,199302070DET-SEA,199302070DET-DET,SEA-1993,1,1993,332.09999999999997,71.08749999999999,kempsh01-1993
mckeyde01,39,2.1,199302070DET-SEA,199302070DET-DET,SEA-1993,1,1993,81.9,71.08749999999999,mckeyde01-1993
paytoga01,36,4.8,199302070DET-SEA,199302070DET-DET,SEA-1993,1,1993,172.79999999999998,71.08749999999999,paytoga01-1993
mcmilna01,32,2,199302070DET-SEA,199302070DET-DET,SEA-1993,1,1993,64,71.08749999999999,mcmilna01-1993
piercri01,27,-3.6,199302070DET-SEA,199302070DET-DET,SEA-1993,1,1993,-97.2,71.08749999999999,piercri01-1993
cagemi01,24,1.8,199302070DET-SEA,199302070DET-DET,SEA-1993,1,1993,43.2,71.08749999999999,cagemi01-1993
johnsed03,23,-3.1,199302070DET-SEA,199302070DET-DET,SEA-1993,1,1993,-71.3,71.08749999999999,johnsed03-1993
askewvi01,18,2.4,199302070DET-SEA,199302070DET-DET,SEA-1993,1,1993,43.199999999999996,71.08749999999999,askewvi01-1993
sallejo01,44,6,199302090DET-MIA,199302090DET-DET,MIA-1993,1,1993,264,53.84444444444445,sallejo01-1993
longgr01,42,4.4,199302090DET-MIA,199302090DET-DET,MIA-1993,1,1993,184.8,53.84444444444445,longgr01-1993
smithst01,30,7.9,199302090DET-MIA,199302090DET-DET,MIA-1993,1,1993,237,53.84444444444445,smithst01-1993
colesbi01,27,2.5,199302090DET-MIA,199302090DET-DET,MIA-1993,1,1993,67.5,53.84444444444445,colesbi01-1993
ricegl01,26,-8.9,199302090DET-MIA,199302090DET-DET,MIA-1993,1,1993,-231.4,53.84444444444445,ricegl01-1993
minerha01,23,0.2,199302090DET-MIA,199302090DET-DET,MIA-1993,1,1993,4.6000000000000005,53.84444444444445,minerha01-1993
shawbr01,21,-2.1,199302090DET-MIA,199302090DET-DET,MIA-1993,1,1993,-44.1,53.84444444444445,shawbr01-1993
askinke01,17,1.6,199302090DET-MIA,199302090DET-DET,MIA-1993,1,1993,27.200000000000003,53.84444444444445,askinke01-1993
geigema01,10,-2.5,199302090DET-MIA,199302090DET-DET,MIA-1993,1,1993,-25,53.84444444444445,geigema01-1993
millste01,37,3.6,199302100NJN-DET,199302100NJN-NJN,DET-1993,0,1993,133.20000000000002,-3.019999999999999,millste01-1993
glassge01,28,0.9,199302100NJN-DET,199302100NJN-NJN,DET-1993,0,1993,25.2,-3.019999999999999,glassge01-1993
polynol01,27,-3,199302100NJN-DET,199302100NJN-NJN,DET-1993,0,1993,-81,-3.019999999999999,polynol01-1993
thomais01,27,1.8,199302100NJN-DET,199302100NJN-NJN,DET-1993,0,1993,48.6,-3.019999999999999,thomais01-1993
dumarjo01,26,-6.1,199302100NJN-DET,199302100NJN-NJN,DET-1993,0,1993,-158.6,-3.019999999999999,dumarjo01-1993
newbeme01,25,4.1,199302100NJN-DET,199302100NJN-NJN,DET-1993,0,1993,102.49999999999999,-3.019999999999999,newbeme01-1993
laimbbi01,21,0.3,199302100NJN-DET,199302100NJN-NJN,DET-1993,0,1993,6.3,-3.019999999999999,laimbbi01-1993
woolror01,20,-2.9,199302100NJN-DET,199302100NJN-NJN,DET-1993,0,1993,-58,-3.019999999999999,woolror01-1993
youngda01,18,-2.2,199302100NJN-DET,199302100NJN-NJN,DET-1993,0,1993,-39.6,-3.019999999999999,youngda01-1993
randama01,11,-0.8,199302100NJN-DET,199302100NJN-NJN,DET-1993,0,1993,-8.8,-3.019999999999999,randama01-1993
anderke01,40,6.3,199302120DET-NJN,199302120DET-DET,NJN-1993,0,1993,252,12.972727272727273,anderke01-1993
petrodr01,34,-1,199302120DET-NJN,199302120DET-DET,NJN-1993,0,1993,-34,12.972727272727273,petrodr01-1993
bowiesa01,31,-3.2,199302120DET-NJN,199302120DET-DET,NJN-1993,0,1993,-99.2,12.972727272727273,bowiesa01-1993
colemde01,31,-2.2,199302120DET-NJN,199302120DET-DET,NJN-1993,0,1993,-68.2,12.972727272727273,colemde01-1993
morrich01,28,-1,199302120DET-NJN,199302120DET-DET,NJN-1993,0,1993,-28,12.972727272727273,morrich01-1993
mahorri01,20,5.9,199302120DET-NJN,199302120DET-DET,NJN-1993,0,1993,118,12.972727272727273,mahorri01-1993
dudlech02,19,0.3,199302120DET-NJN,199302120DET-DET,NJN-1993,0,1993,5.7,12.972727272727273,dudlech02-1993
robinru01,12,3.2,199302120DET-NJN,199302120DET-DET,NJN-1993,0,1993,38.400000000000006,12.972727272727273,robinru01-1993
addisra01,10,-0.8,199302120DET-NJN,199302120DET-DET,NJN-1993,0,1993,-8,12.972727272727273,addisra01-1993
brownch01,10,-2.1,199302120DET-NJN,199302120DET-DET,NJN-1993,0,1993,-21,12.972727272727273,brownch01-1993
kingbe01,5,-2.6,199302120DET-NJN,199302120DET-DET,NJN-1993,0,1993,-13,12.972727272727273,kingbe01-1993
dumarjo01,43,-3.8,199302140CHH-DET,199302140CHH-CHH,DET-1993,0,1993,-163.4,3.5699999999999985,dumarjo01-1993
millste01,34,1.5,199302140CHH-DET,199302140CHH-CHH,DET-1993,0,1993,51,3.5699999999999985,millste01-1993
thomais01,27,-3.7,199302140CHH-DET,199302140CHH-CHH,DET-1993,0,1993,-99.9,3.5699999999999985,thomais01-1993
polynol01,26,1.8,199302140CHH-DET,199302140CHH-CHH,DET-1993,0,1993,46.800000000000004,3.5699999999999985,polynol01-1993
woolror01,26,-1.1,199302140CHH-DET,199302140CHH-CHH,DET-1993,0,1993,-28.6,3.5699999999999985,woolror01-1993
newbeme01,23,2.8,199302140CHH-DET,199302140CHH-CHH,DET-1993,0,1993,64.39999999999999,3.5699999999999985,newbeme01-1993
aguirma01,22,7.7,199302140CHH-DET,199302140CHH-CHH,DET-1993,0,1993,169.4,3.5699999999999985,aguirma01-1993
youngda01,19,-1,199302140CHH-DET,199302140CHH-CHH,DET-1993,0,1993,-19,3.5699999999999985,youngda01-1993
laimbbi01,17,1.2,199302140CHH-DET,199302140CHH-CHH,DET-1993,0,1993,20.4,3.5699999999999985,laimbbi01-1993
randama01,3,-1.8,199302140CHH-DET,199302140CHH-CHH,DET-1993,0,1993,-5.4,3.5699999999999985,randama01-1993
onealsh01,49,8.9,199302160DET-ORL,199302160DET-DET,ORL-1993,0,1993,436.1,68.73333333333333,onealsh01-1993
skilesc01,46,7.2,199302160DET-ORL,199302160DET-DET,ORL-1993,0,1993,331.2,68.73333333333333,skilesc01-1993
royaldo01,38,-1.2,199302160DET-ORL,199302160DET-DET,ORL-1993,0,1993,-45.6,68.73333333333333,royaldo01-1993
bowiean01,37,2.4,199302160DET-ORL,199302160DET-DET,ORL-1993,0,1993,88.8,68.73333333333333,bowiean01-1993
anderni01,31,-2.7,199302160DET-ORL,199302160DET-DET,ORL-1993,0,1993,-83.7,68.73333333333333,anderni01-1993
turneje01,26,0.1,199302160DET-ORL,199302160DET-DET,ORL-1993,0,1993,2.6,68.73333333333333,turneje01-1993
tolbeto01,22,-4.4,199302160DET-ORL,199302160DET-DET,ORL-1993,0,1993,-96.80000000000001,68.73333333333333,tolbeto01-1993
kerrst01,13,-0.8,199302160DET-ORL,199302160DET-DET,ORL-1993,0,1993,-10.4,68.73333333333333,kerrst01-1993
kitegr01,3,-1.2,199302160DET-ORL,199302160DET-DET,ORL-1993,0,1993,-3.5999999999999996,68.73333333333333,kitegr01-1993
dumarjo01,44,6.4,199302170MIA-DET,199302170MIA-MIA,DET-1993,0,1993,281.6,32.790909090909096,dumarjo01-1993
rodmade01,36,1.6,199302170MIA-DET,199302170MIA-MIA,DET-1993,0,1993,57.6,32.790909090909096,rodmade01-1993
millste01,31,-4.6,199302170MIA-DET,199302170MIA-MIA,DET-1993,0,1993,-142.6,32.790909090909096,millste01-1993
aguirma01,28,9.5,199302170MIA-DET,199302170MIA-MIA,DET-1993,0,1993,266,32.790909090909096,aguirma01-1993
newbeme01,27,-0.4,199302170MIA-DET,199302170MIA-MIA,DET-1993,0,1993,-10.8,32.790909090909096,newbeme01-1993
woolror01,19,-4.5,199302170MIA-DET,199302170MIA-MIA,DET-1993,0,1993,-85.5,32.790909090909096,woolror01-1993
thomais01,17,-0.2,199302170MIA-DET,199302170MIA-MIA,DET-1993,0,1993,-3.4000000000000004,32.790909090909096,thomais01-1993
polynol01,12,-1.2,199302170MIA-DET,199302170MIA-MIA,DET-1993,0,1993,-14.399999999999999,32.790909090909096,polynol01-1993
laimbbi01,12,2.3,199302170MIA-DET,199302170MIA-MIA,DET-1993,0,1993,27.599999999999998,32.790909090909096,laimbbi01-1993
youngda01,8,-0.8,199302170MIA-DET,199302170MIA-MIA,DET-1993,0,1993,-6.4,32.790909090909096,youngda01-1993
glassge01,6,-1.5,199302170MIA-DET,199302170MIA-MIA,DET-1993,0,1993,-9,32.790909090909096,glassge01-1993
weathcl01,40,0.8,199302230DET-PHI,199302230DET-DET,PHI-1993,0,1993,32,16.77777777777778,weathcl01-1993
hawkihe01,39,4.2,199302230DET-PHI,199302230DET-DET,PHI-1993,0,1993,163.8,16.77777777777778,hawkihe01-1993
hornaje01,38,1.2,199302230DET-PHI,199302230DET-DET,PHI-1993,0,1993,45.6,16.77777777777778,hornaje01-1993
perryti01,35,0.9,199302230DET-PHI,199302230DET-DET,PHI-1993,0,1993,31.5,16.77777777777778,perryti01-1993
langan01,26,-1,199302230DET-PHI,199302230DET-DET,PHI-1993,0,1993,-26,16.77777777777778,langan01-1993
gilliar01,23,-1.8,199302230DET-PHI,199302230DET-DET,PHI-1993,0,1993,-41.4,16.77777777777778,gilliar01-1993
dawkijo01,17,1.7,199302230DET-PHI,199302230DET-DET,PHI-1993,0,1993,28.9,16.77777777777778,dawkijo01-1993
shackch01,16,-4.8,199302230DET-PHI,199302230DET-DET,PHI-1993,0,1993,-76.8,16.77777777777778,shackch01-1993
grantgr01,6,-1.1,199302230DET-PHI,199302230DET-DET,PHI-1993,0,1993,-6.6000000000000005,16.77777777777778,grantgr01-1993
anthogr01,33,6,199302260DET-NYK,199302260DET-DET,NYK-1993,0,1993,198,5.533333333333335,anthogr01-1993
ewingpa01,33,4.3,199302260DET-NYK,199302260DET-DET,NYK-1993,0,1993,141.9,5.533333333333335,ewingpa01-1993
oaklech01,31,0.4,199302260DET-NYK,199302260DET-DET,NYK-1993,0,1993,12.4,5.533333333333335,oaklech01-1993
smithch01,28,0,199302260DET-NYK,199302260DET-DET,NYK-1993,0,1993,0,5.533333333333335,smithch01-1993
starkjo01,28,-7.2,199302260DET-NYK,199302260DET-DET,NYK-1993,0,1993,-201.6,5.533333333333335,starkjo01-1993
campbto01,25,1.5,199302260DET-NYK,199302260DET-DET,NYK-1993,0,1993,37.5,5.533333333333335,campbto01-1993
masonan01,19,-3.4,199302260DET-NYK,199302260DET-DET,NYK-1993,0,1993,-64.6,5.533333333333335,masonan01-1993
davishu01,17,-0.6,199302260DET-NYK,199302260DET-DET,NYK-1993,0,1993,-10.2,5.533333333333335,davishu01-1993
riverdo01,10,-4.2,199302260DET-NYK,199302260DET-DET,NYK-1993,0,1993,-42,5.533333333333335,riverdo01-1993
willihe01,10,0.4,199302260DET-NYK,199302260DET-DET,NYK-1993,0,1993,4,5.533333333333335,willihe01-1993
anderer01,3,-1.1,199302260DET-NYK,199302260DET-DET,NYK-1993,0,1993,-3.3000000000000003,5.533333333333335,anderer01-1993
kimblbo01,3,-1.9,199302260DET-NYK,199302260DET-DET,NYK-1993,0,1993,-5.699999999999999,5.533333333333335,kimblbo01-1993
lohaubr01,40,15.1,199302270DET-MIL,199302270DET-DET,MIL-1993,1,1993,604,50.97,lohaubr01-1993
brickfr01,39,-4.2,199302270DET-MIL,199302270DET-DET,MIL-1993,1,1993,-163.8,50.97,brickfr01-1993
edwarbl01,33,4.5,199302270DET-MIL,199302270DET-DET,MIL-1993,1,1993,148.5,50.97,edwarbl01-1993
murdoer01,32,0.8,199302270DET-MIL,199302270DET-DET,MIL-1993,1,1993,25.6,50.97,murdoer01-1993
schayda01,27,0.1,199302270DET-MIL,199302270DET-DET,MIL-1993,1,1993,2.7,50.97,schayda01-1993
aventan01,24,-0.3,199302270DET-MIL,199302270DET-DET,MIL-1993,1,1993,-7.199999999999999,50.97,aventan01-1993
maybele01,16,-2.5,199302270DET-MIL,199302270DET-DET,MIL-1993,1,1993,-40,50.97,maybele01-1993
barryjo01,15,-2.7,199302270DET-MIL,199302270DET-DET,MIL-1993,1,1993,-40.5,50.97,barryjo01-1993
roberfr01,13,-1.5,199302270DET-MIL,199302270DET-DET,MIL-1993,1,1993,-19.5,50.97,roberfr01-1993
stronde01,1,-0.1,199302270DET-MIL,199302270DET-DET,MIL-1993,1,1993,-0.1,50.97,stronde01-1993
lewisre01,43,-5.3,199303010DET-BOS,199303010DET-DET,BOS-1993,0,1993,-227.9,50.620000000000005,lewisre01-1993
gamblke01,41,13.3,199303010DET-BOS,199303010DET-DET,BOS-1993,0,1993,545.3000000000001,50.620000000000005,gamblke01-1993
parisro01,35,0.3,199303010DET-BOS,199303010DET-DET,BOS-1993,0,1993,10.5,50.620000000000005,parisro01-1993
mcdanxa01,32,4.8,199303010DET-BOS,199303010DET-DET,BOS-1993,0,1993,153.6,50.620000000000005,mcdanxa01-1993
douglsh01,30,5.9,199303010DET-BOS,199303010DET-DET,BOS-1993,0,1993,177,50.620000000000005,douglsh01-1993
brownde01,19,-4.9,199303010DET-BOS,199303010DET-DET,BOS-1993,0,1993,-93.10000000000001,50.620000000000005,brownde01-1993
kleinjo01,13,-1.5,199303010DET-BOS,199303010DET-DET,BOS-1993,0,1993,-19.5,50.620000000000005,kleinjo01-1993
abdelal01,11,-3,199303010DET-BOS,199303010DET-DET,BOS-1993,0,1993,-33,50.620000000000005,abdelal01-1993
willilo01,9,-0.2,199303010DET-BOS,199303010DET-DET,BOS-1993,0,1993,-1.8,50.620000000000005,willilo01-1993
foxri01,7,-0.7,199303010DET-BOS,199303010DET-DET,BOS-1993,0,1993,-4.8999999999999995,50.620000000000005,foxri01-1993
corbity01,39,-2.3,199303030DET-UTA,199303030DET-DET,UTA-1993,1,1993,-89.69999999999999,69.66666666666667,corbity01-1993
malonka01,39,12.6,199303030DET-UTA,199303030DET-DET,UTA-1993,1,1993,491.4,69.66666666666667,malonka01-1993
malonje01,36,0.5,199303030DET-UTA,199303030DET-DET,UTA-1993,1,1993,18,69.66666666666667,malonje01-1993
stockjo01,31,4.7,199303030DET-UTA,199303030DET-DET,UTA-1993,1,1993,145.70000000000002,69.66666666666667,stockjo01-1993
humphja01,30,3.8,199303030DET-UTA,199303030DET-DET,UTA-1993,1,1993,114,69.66666666666667,humphja01-1993
brownmi01,21,-1.8,199303030DET-UTA,199303030DET-DET,UTA-1993,1,1993,-37.800000000000004,69.66666666666667,brownmi01-1993
benoida01,18,0.3,199303030DET-UTA,199303030DET-DET,UTA-1993,1,1993,5.3999999999999995,69.66666666666667,benoida01-1993
krystla01,18,-1.2,199303030DET-UTA,199303030DET-DET,UTA-1993,1,1993,-21.599999999999998,69.66666666666667,krystla01-1993
eatonma01,8,0.2,199303030DET-UTA,199303030DET-DET,UTA-1993,1,1993,1.6,69.66666666666667,eatonma01-1993
thomais01,47,6.2,199303050BOS-DET,199303050BOS-BOS,DET-1993,0,1993,291.40000000000003,27.071428571428573,thomais01-1993
rodmade01,45,-2.7,199303050BOS-DET,199303050BOS-BOS,DET-1993,0,1993,-121.50000000000001,27.071428571428573,rodmade01-1993
dumarjo01,42,-2.1,199303050BOS-DET,199303050BOS-BOS,DET-1993,0,1993,-88.2,27.071428571428573,dumarjo01-1993
millste01,36,-1.9,199303050BOS-DET,199303050BOS-BOS,DET-1993,0,1993,-68.39999999999999,27.071428571428573,millste01-1993
aguirma01,31,-2.2,199303050BOS-DET,199303050BOS-BOS,DET-1993,0,1993,-68.2,27.071428571428573,aguirma01-1993
roberal01,26,8.7,199303050BOS-DET,199303050BOS-BOS,DET-1993,0,1993,226.2,27.071428571428573,roberal01-1993
polynol01,13,1.4,199303050BOS-DET,199303050BOS-BOS,DET-1993,0,1993,18.2,27.071428571428573,polynol01-1993
dumarjo01,45,14.6,199303070MIL-DET,199303070MIL-MIL,DET-1993,1,1993,657,69.73333333333333,dumarjo01-1993
rodmade01,43,5.2,199303070MIL-DET,199303070MIL-MIL,DET-1993,1,1993,223.6,69.73333333333333,rodmade01-1993
millste01,34,-6.3,199303070MIL-DET,199303070MIL-MIL,DET-1993,1,1993,-214.2,69.73333333333333,millste01-1993
thomais01,32,-10.6,199303070MIL-DET,199303070MIL-MIL,DET-1993,1,1993,-339.2,69.73333333333333,thomais01-1993
roberal01,31,5.9,199303070MIL-DET,199303070MIL-MIL,DET-1993,1,1993,182.9,69.73333333333333,roberal01-1993
polynol01,27,5.7,199303070MIL-DET,199303070MIL-MIL,DET-1993,1,1993,153.9,69.73333333333333,polynol01-1993
aguirma01,12,-4.1,199303070MIL-DET,199303070MIL-MIL,DET-1993,1,1993,-49.199999999999996,69.73333333333333,aguirma01-1993
newbeme01,8,1.5,199303070MIL-DET,199303070MIL-MIL,DET-1993,1,1993,12,69.73333333333333,newbeme01-1993
youngda01,8,0.1,199303070MIL-DET,199303070MIL-MIL,DET-1993,1,1993,0.8,69.73333333333333,youngda01-1993
greenac01,46,-8,199303090DET-LAL,199303090DET-DET,LAL-1993,1,1993,-368,45.98888888888889,greenac01-1993
divacvl01,41,11.2,199303090DET-LAL,199303090DET-DET,LAL-1993,1,1993,459.2,45.98888888888889,divacvl01-1993
threase01,39,2.4,199303090DET-LAL,199303090DET-DET,LAL-1993,1,1993,93.6,45.98888888888889,threase01-1993
worthja01,38,3.3,199303090DET-LAL,199303090DET-DET,LAL-1993,1,1993,125.39999999999999,45.98888888888889,worthja01-1993
scottby01,25,4.8,199303090DET-LAL,199303090DET-DET,LAL-1993,1,1993,120,45.98888888888889,scottby01-1993
peelean01,20,1.3,199303090DET-LAL,199303090DET-DET,LAL-1993,1,1993,26,45.98888888888889,peelean01-1993
campbel01,17,-1,199303090DET-LAL,199303090DET-DET,LAL-1993,1,1993,-17,45.98888888888889,campbel01-1993
coopedu01,9,-2.2,199303090DET-LAL,199303090DET-DET,LAL-1993,1,1993,-19.8,45.98888888888889,coopedu01-1993
edwarja01,5,-1.1,199303090DET-LAL,199303090DET-DET,LAL-1993,1,1993,-5.5,45.98888888888889,edwarja01-1993
mutomdi01,38,6.3,199303110DET-DEN,199303110DET-DET,DEN-1993,0,1993,239.4,39.22,mutomdi01-1993
ellisla01,37,6.9,199303110DET-DEN,199303110DET-DET,DEN-1993,0,1993,255.3,39.22,ellisla01-1993
willire01,36,-4,199303110DET-DEN,199303110DET-DET,DEN-1993,0,1993,-144,39.22,willire01-1993
abdulma02,35,2.4,199303110DET-DEN,199303110DET-DET,DEN-1993,0,1993,84,39.22,abdulma02-1993
liberma01,31,2.2,199303110DET-DEN,199303110DET-DET,DEN-1993,0,1993,68.2,39.22,liberma01-1993
packro01,21,-1.1,199303110DET-DEN,199303110DET-DET,DEN-1993,0,1993,-23.1,39.22,packro01-1993
stithbr01,15,-2.8,199303110DET-DEN,199303110DET-DET,DEN-1993,0,1993,-42,39.22,stithbr01-1993
hammoto01,10,-1.9,199303110DET-DEN,199303110DET-DET,DEN-1993,0,1993,-19,39.22,hammoto01-1993
hastisc01,10,-1.4,199303110DET-DEN,199303110DET-DET,DEN-1993,0,1993,-14,39.22,hastisc01-1993
maconma01,7,-1.8,199303110DET-DEN,199303110DET-DET,DEN-1993,0,1993,-12.6,39.22,maconma01-1993
pippesc01,44,1.5,199303140DET-CHI,199303140DET-DET,CHI-1993,0,1993,66,66.63,pippesc01-1993
jordami01,43,5.9,199303140DET-CHI,199303140DET-DET,CHI-1993,0,1993,253.70000000000002,66.63,jordami01-1993
armstbj01,35,8.3,199303140DET-CHI,199303140DET-DET,CHI-1993,0,1993,290.5,66.63,armstbj01-1993
kingst01,34,2.9,199303140DET-CHI,199303140DET-DET,CHI-1993,0,1993,98.6,66.63,kingst01-1993
willisc01,22,-1.9,199303140DET-CHI,199303140DET-DET,CHI-1993,0,1993,-41.8,66.63,willisc01-1993
walkeda01,20,2.7,199303140DET-CHI,199303140DET-DET,CHI-1993,0,1993,54,66.63,walkeda01-1993
nealyed01,15,0.6,199303140DET-CHI,199303140DET-DET,CHI-1993,0,1993,9,66.63,nealyed01-1993
mccraro01,11,-0.8,199303140DET-CHI,199303140DET-DET,CHI-1993,0,1993,-8.8,66.63,mccraro01-1993
perduwi01,11,-3.9,199303140DET-CHI,199303140DET-DET,CHI-1993,0,1993,-42.9,66.63,perduwi01-1993
tucketr01,5,-2.4,199303140DET-CHI,199303140DET-DET,CHI-1993,0,1993,-12,66.63,tucketr01-1993
dumarjo01,40,4.4,199303160SAC-DET,199303160SAC-SAC,DET-1993,1,1993,176,41.010000000000005,dumarjo01-1993
thomais01,40,7.3,199303160SAC-DET,199303160SAC-SAC,DET-1993,1,1993,292,41.010000000000005,thomais01-1993
rodmade01,39,-5.1,199303160SAC-DET,199303160SAC-SAC,DET-1993,1,1993,-198.89999999999998,41.010000000000005,rodmade01-1993
millste01,34,0.8,199303160SAC-DET,199303160SAC-SAC,DET-1993,1,1993,27.200000000000003,41.010000000000005,millste01-1993
roberal01,33,3.2,199303160SAC-DET,199303160SAC-SAC,DET-1993,1,1993,105.60000000000001,41.010000000000005,roberal01-1993
glassge01,15,1.2,199303160SAC-DET,199303160SAC-SAC,DET-1993,1,1993,18,41.010000000000005,glassge01-1993
laimbbi01,14,0.5,199303160SAC-DET,199303160SAC-SAC,DET-1993,1,1993,7,41.010000000000005,laimbbi01-1993
newbeme01,12,-0.7,199303160SAC-DET,199303160SAC-SAC,DET-1993,1,1993,-8.399999999999999,41.010000000000005,newbeme01-1993
polynol01,9,-0.8,199303160SAC-DET,199303160SAC-SAC,DET-1993,1,1993,-7.2,41.010000000000005,polynol01-1993
youngda01,4,-0.3,199303160SAC-DET,199303160SAC-SAC,DET-1993,1,1993,-1.2,41.010000000000005,youngda01-1993
dumarjo01,33,-2.4,199303170UTA-DET,199303170UTA-UTA,DET-1993,0,1993,-79.2,0.5416666666666662,dumarjo01-1993
roberal01,31,5.6,199303170UTA-DET,199303170UTA-UTA,DET-1993,0,1993,173.6,0.5416666666666662,roberal01-1993
rodmade01,30,4,199303170UTA-DET,199303170UTA-UTA,DET-1993,0,1993,120,0.5416666666666662,rodmade01-1993
thomais01,29,-1.5,199303170UTA-DET,199303170UTA-UTA,DET-1993,0,1993,-43.5,0.5416666666666662,thomais01-1993
polynol01,25,-0.4,199303170UTA-DET,199303170UTA-UTA,DET-1993,0,1993,-10,0.5416666666666662,polynol01-1993
glassge01,22,0.6,199303170UTA-DET,199303170UTA-UTA,DET-1993,0,1993,13.2,0.5416666666666662,glassge01-1993
millste01,19,-6.7,199303170UTA-DET,199303170UTA-UTA,DET-1993,0,1993,-127.3,0.5416666666666662,millste01-1993
laimbbi01,19,-2.6,199303170UTA-DET,199303170UTA-UTA,DET-1993,0,1993,-49.4,0.5416666666666662,laimbbi01-1993
youngda01,17,0.9,199303170UTA-DET,199303170UTA-UTA,DET-1993,0,1993,15.3,0.5416666666666662,youngda01-1993
morriis01,6,3.4,199303170UTA-DET,199303170UTA-UTA,DET-1993,0,1993,20.4,0.5416666666666662,morriis01-1993
newbeme01,5,-3.4,199303170UTA-DET,199303170UTA-UTA,DET-1993,0,1993,-17,0.5416666666666662,newbeme01-1993
aguirma01,4,-2.4,199303170UTA-DET,199303170UTA-UTA,DET-1993,0,1993,-9.6,0.5416666666666662,aguirma01-1993
dumarjo01,42,1.3,199303190PHO-DET,199303190PHO-PHO,DET-1993,0,1993,54.6,-0.4749999999999991,dumarjo01-1993
thomais01,40,-5.8,199303190PHO-DET,199303190PHO-PHO,DET-1993,0,1993,-232,-0.4749999999999991,thomais01-1993
rodmade01,39,3.1,199303190PHO-DET,199303190PHO-PHO,DET-1993,0,1993,120.9,-0.4749999999999991,rodmade01-1993
roberal01,31,2.2,199303190PHO-DET,199303190PHO-PHO,DET-1993,0,1993,68.2,-0.4749999999999991,roberal01-1993
millste01,29,2.5,199303190PHO-DET,199303190PHO-PHO,DET-1993,0,1993,72.5,-0.4749999999999991,millste01-1993
glassge01,13,-2.8,199303190PHO-DET,199303190PHO-PHO,DET-1993,0,1993,-36.4,-0.4749999999999991,glassge01-1993
laimbbi01,13,-2.7,199303190PHO-DET,199303190PHO-PHO,DET-1993,0,1993,-35.1,-0.4749999999999991,laimbbi01-1993
polynol01,13,1,199303190PHO-DET,199303190PHO-PHO,DET-1993,0,1993,13,-0.4749999999999991,polynol01-1993
aguirma01,8,-1.5,199303190PHO-DET,199303190PHO-PHO,DET-1993,0,1993,-12,-0.4749999999999991,aguirma01-1993
youngda01,8,-2.9,199303190PHO-DET,199303190PHO-PHO,DET-1993,0,1993,-23.2,-0.4749999999999991,youngda01-1993
morriis01,2,0.9,199303190PHO-DET,199303190PHO-PHO,DET-1993,0,1993,1.8,-0.4749999999999991,morriis01-1993
newbeme01,2,1,199303190PHO-DET,199303190PHO-PHO,DET-1993,0,1993,2,-0.4749999999999991,newbeme01-1993
dumarjo01,43,8.3,199303210LAL-DET,199303210LAL-LAL,DET-1993,1,1993,356.90000000000003,48.766666666666666,dumarjo01-1993
rodmade01,42,-3.8,199303210LAL-DET,199303210LAL-LAL,DET-1993,1,1993,-159.6,48.766666666666666,rodmade01-1993
youngda01,29,8.7,199303210LAL-DET,199303210LAL-LAL,DET-1993,1,1993,252.29999999999998,48.766666666666666,youngda01-1993
thomais01,25,-5.6,199303210LAL-DET,199303210LAL-LAL,DET-1993,1,1993,-140,48.766666666666666,thomais01-1993
glassge01,25,5.4,199303210LAL-DET,199303210LAL-LAL,DET-1993,1,1993,135,48.766666666666666,glassge01-1993
roberal01,23,1.1,199303210LAL-DET,199303210LAL-LAL,DET-1993,1,1993,25.3,48.766666666666666,roberal01-1993
millste01,21,-4.4,199303210LAL-DET,199303210LAL-LAL,DET-1993,1,1993,-92.4,48.766666666666666,millste01-1993
polynol01,21,2.4,199303210LAL-DET,199303210LAL-LAL,DET-1993,1,1993,50.4,48.766666666666666,polynol01-1993
laimbbi01,11,1,199303210LAL-DET,199303210LAL-LAL,DET-1993,1,1993,11,48.766666666666666,laimbbi01-1993
dumarjo01,43,9.6,199303220GSW-DET,199303220GSW-GSW,DET-1993,0,1993,412.8,18.500000000000004,dumarjo01-1993
millste01,39,-4.5,199303220GSW-DET,199303220GSW-GSW,DET-1993,0,1993,-175.5,18.500000000000004,millste01-1993
thomais01,39,-0.3,199303220GSW-DET,199303220GSW-GSW,DET-1993,0,1993,-11.7,18.500000000000004,thomais01-1993
roberal01,29,-3.9,199303220GSW-DET,199303220GSW-GSW,DET-1993,0,1993,-113.1,18.500000000000004,roberal01-1993
rodmade01,27,2.2,199303220GSW-DET,199303220GSW-GSW,DET-1993,0,1993,59.400000000000006,18.500000000000004,rodmade01-1993
glassge01,19,-2.1,199303220GSW-DET,199303220GSW-GSW,DET-1993,0,1993,-39.9,18.500000000000004,glassge01-1993
polynol01,17,1.8,199303220GSW-DET,199303220GSW-GSW,DET-1993,0,1993,30.6,18.500000000000004,polynol01-1993
youngda01,14,0,199303220GSW-DET,199303220GSW-GSW,DET-1993,0,1993,0,18.500000000000004,youngda01-1993
laimbbi01,13,0.3,199303220GSW-DET,199303220GSW-GSW,DET-1993,0,1993,3.9,18.500000000000004,laimbbi01-1993
gillke01,41,-0.9,199303260DET-CHH,199303260DET-DET,CHH-1993,0,1993,-36.9,49.025000000000006,gillke01-1993
johnsla02,40,1.3,199303260DET-CHH,199303260DET-DET,CHH-1993,0,1993,52,49.025000000000006,johnsla02-1993
boguemu01,39,5.7,199303260DET-CHH,199303260DET-DET,CHH-1993,0,1993,222.3,49.025000000000006,boguemu01-1993
mournal01,39,7.3,199303260DET-CHH,199303260DET-DET,CHH-1993,0,1993,284.7,49.025000000000006,mournal01-1993
wingada01,27,0.9,199303260DET-CHH,199303260DET-DET,CHH-1993,0,1993,24.3,49.025000000000006,wingada01-1993
curryde01,19,-8.2,199303260DET-CHH,199303260DET-DET,CHH-1993,0,1993,-155.79999999999998,49.025000000000006,curryde01-1993
newmajo01,18,-0.1,199303260DET-CHH,199303260DET-DET,CHH-1993,0,1993,-1.8,49.025000000000006,newmajo01-1993
gattike01,17,0.2,199303260DET-CHH,199303260DET-DET,CHH-1993,0,1993,3.4000000000000004,49.025000000000006,gattike01-1993
daughbr01,40,6.3,199303280DET-CLE,199303280DET-DET,CLE-1993,0,1993,252,49.55555555555556,daughbr01-1993
ehlocr01,36,8,199303280DET-CLE,199303280DET-DET,CLE-1993,0,1993,288,49.55555555555556,ehlocr01-1993
nancela01,32,-1.1,199303280DET-CLE,199303280DET-DET,CLE-1993,0,1993,-35.2,49.55555555555556,nancela01-1993
brandte01,30,4,199303280DET-CLE,199303280DET-DET,CLE-1993,0,1993,120,49.55555555555556,brandte01-1993
wilkige01,26,2,199303280DET-CLE,199303280DET-DET,CLE-1993,0,1993,52,49.55555555555556,wilkige01-1993
williho01,26,3.9,199303280DET-CLE,199303280DET-DET,CLE-1993,0,1993,101.39999999999999,49.55555555555556,williho01-1993
pricema01,25,-8.6,199303280DET-CLE,199303280DET-DET,CLE-1993,0,1993,-215,49.55555555555556,pricema01-1993
ferryda01,16,-6.2,199303280DET-CLE,199303280DET-DET,CLE-1993,0,1993,-99.2,49.55555555555556,ferryda01-1993
sandemi01,9,-2,199303280DET-CLE,199303280DET-DET,CLE-1993,0,1993,-18,49.55555555555556,sandemi01-1993
thomais01,43,5.8,199303300ORL-DET,199303300ORL-ORL,DET-1993,0,1993,249.4,26.654545454545456,thomais01-1993
rodmade01,42,0.5,199303300ORL-DET,199303300ORL-ORL,DET-1993,0,1993,21,26.654545454545456,rodmade01-1993
dumarjo01,39,-3.8,199303300ORL-DET,199303300ORL-ORL,DET-1993,0,1993,-148.2,26.654545454545456,dumarjo01-1993
roberal01,38,5.9,199303300ORL-DET,199303300ORL-ORL,DET-1993,0,1993,224.20000000000002,26.654545454545456,roberal01-1993
millste01,31,1.1,199303300ORL-DET,199303300ORL-ORL,DET-1993,0,1993,34.1,26.654545454545456,millste01-1993
glassge01,16,-3.2,199303300ORL-DET,199303300ORL-ORL,DET-1993,0,1993,-51.2,26.654545454545456,glassge01-1993
laimbbi01,12,-2.9,199303300ORL-DET,199303300ORL-ORL,DET-1993,0,1993,-34.8,26.654545454545456,laimbbi01-1993
youngda01,11,-0.1,199303300ORL-DET,199303300ORL-ORL,DET-1993,0,1993,-1.1,26.654545454545456,youngda01-1993
polynol01,6,0,199303300ORL-DET,199303300ORL-ORL,DET-1993,0,1993,0,26.654545454545456,polynol01-1993
newbeme01,1,-0.1,199303300ORL-DET,199303300ORL-ORL,DET-1993,0,1993,-0.1,26.654545454545456,newbeme01-1993
randama01,1,-0.1,199303300ORL-DET,199303300ORL-ORL,DET-1993,0,1993,-0.1,26.654545454545456,randama01-1993
portete01,41,0.4,199303310DET-POR,199303310DET-DET,POR-1993,0,1993,16.400000000000002,46.15555555555556,portete01-1993
drexlcl01,40,12.4,199303310DET-POR,199303310DET-DET,POR-1993,0,1993,496,46.15555555555556,drexlcl01-1993
robincl02,37,5.4,199303310DET-POR,199303310DET-DET,POR-1993,0,1993,199.8,46.15555555555556,robincl02-1993
kerseje01,30,-5.2,199303310DET-POR,199303310DET-DET,POR-1993,0,1993,-156,46.15555555555556,kerseje01-1993
bryanma01,27,-6.1,199303310DET-POR,199303310DET-DET,POR-1993,0,1993,-164.7,46.15555555555556,bryanma01-1993
willibu01,25,-0.7,199303310DET-POR,199303310DET-DET,POR-1993,0,1993,-17.5,46.15555555555556,willibu01-1993
eliema01,22,2.1,199303310DET-POR,199303310DET-DET,POR-1993,0,1993,46.2,46.15555555555556,eliema01-1993
johnsda01,12,0.3,199303310DET-POR,199303310DET-DET,POR-1993,0,1993,3.5999999999999996,46.15555555555556,johnsda01-1993
wolfjo01,6,-1.4,199303310DET-POR,199303310DET-DET,POR-1993,0,1993,-8.399999999999999,46.15555555555556,wolfjo01-1993
williwa02,39,1.2,199304020DET-SAC,199304020DET-DET,SAC-1993,0,1993,46.8,4.399999999999997,williwa02-1993
bonnean01,36,3.8,199304020DET-SAC,199304020DET-DET,SAC-1993,0,1993,136.79999999999998,4.399999999999997,bonnean01-1993
brownra02,34,-2.4,199304020DET-SAC,199304020DET-DET,SAC-1993,0,1993,-81.6,4.399999999999997,brownra02-1993
causwdu01,32,-3.6,199304020DET-SAC,199304020DET-DET,SAC-1993,0,1993,-115.2,4.399999999999997,causwdu01-1993
webbsp01,30,-3.1,199304020DET-SAC,199304020DET-DET,SAC-1993,0,1993,-93,4.399999999999997,webbsp01-1993
higgiro01,22,3.3,199304020DET-SAC,199304020DET-DET,SAC-1993,0,1993,72.6,4.399999999999997,higgiro01-1993
chilcpe01,19,1.6,199304020DET-SAC,199304020DET-DET,SAC-1993,0,1993,30.400000000000002,4.399999999999997,chilcpe01-1993
conloma01,15,4.1,199304020DET-SAC,199304020DET-DET,SAC-1993,0,1993,61.49999999999999,4.399999999999997,conloma01-1993
rambiku01,7,-1.1,199304020DET-SAC,199304020DET-DET,SAC-1993,0,1993,-7.700000000000001,4.399999999999997,rambiku01-1993
lesji01,6,-1.1,199304020DET-SAC,199304020DET-DET,SAC-1993,0,1993,-6.6000000000000005,4.399999999999997,lesji01-1993
grantha01,43,3.9,199304060DET-WSB,199304060DET-DET,WSB-1993,0,1993,167.7,28.611111111111114,grantha01-1993
guglito01,40,3.5,199304060DET-WSB,199304060DET-DET,WSB-1993,0,1993,140,28.611111111111114,guglito01-1993
adamsmi01,38,5.1,199304060DET-WSB,199304060DET-DET,WSB-1993,0,1993,193.79999999999998,28.611111111111114,adamsmi01-1993
stewala01,34,-8.1,199304060DET-WSB,199304060DET-DET,WSB-1993,0,1993,-275.4,28.611111111111114,stewala01-1993
chapmre01,30,6.3,199304060DET-WSB,199304060DET-DET,WSB-1993,0,1993,189,28.611111111111114,chapmre01-1993
smithla02,18,-7.6,199304060DET-WSB,199304060DET-DET,WSB-1993,0,1993,-136.79999999999998,28.611111111111114,smithla02-1993
johnsbu01,18,1.3,199304060DET-WSB,199304060DET-DET,WSB-1993,0,1993,23.400000000000002,28.611111111111114,johnsbu01-1993
pricebr01,10,-2.8,199304060DET-WSB,199304060DET-DET,WSB-1993,0,1993,-28,28.611111111111114,pricebr01-1993
acresma01,9,-1.8,199304060DET-WSB,199304060DET-DET,WSB-1993,0,1993,-16.2,28.611111111111114,acresma01-1993
dumarjo01,43,2.2,199304080NJN-DET,199304080NJN-NJN,DET-1993,1,1993,94.60000000000001,45.75555555555556,dumarjo01-1993
rodmade01,42,0.5,199304080NJN-DET,199304080NJN-NJN,DET-1993,1,1993,21,45.75555555555556,rodmade01-1993
roberal01,41,3.5,199304080NJN-DET,199304080NJN-NJN,DET-1993,1,1993,143.5,45.75555555555556,roberal01-1993
thomais01,39,4.9,199304080NJN-DET,199304080NJN-NJN,DET-1993,1,1993,191.10000000000002,45.75555555555556,thomais01-1993
millste01,33,-1.3,199304080NJN-DET,199304080NJN-NJN,DET-1993,1,1993,-42.9,45.75555555555556,millste01-1993
polynol01,15,1,199304080NJN-DET,199304080NJN-NJN,DET-1993,1,1993,15,45.75555555555556,polynol01-1993
youngda01,14,-2.2,199304080NJN-DET,199304080NJN-NJN,DET-1993,1,1993,-30.800000000000004,45.75555555555556,youngda01-1993
glassge01,7,2.3,199304080NJN-DET,199304080NJN-NJN,DET-1993,1,1993,16.099999999999998,45.75555555555556,glassge01-1993
laimbbi01,6,0.7,199304080NJN-DET,199304080NJN-NJN,DET-1993,1,1993,4.199999999999999,45.75555555555556,laimbbi01-1993
dumarjo01,44,4,199304090BOS-DET,199304090BOS-BOS,DET-1993,1,1993,176,70.075,dumarjo01-1993
thomais01,44,17,199304090BOS-DET,199304090BOS-BOS,DET-1993,1,1993,748,70.075,thomais01-1993
roberal01,36,-4,199304090BOS-DET,199304090BOS-BOS,DET-1993,1,1993,-144,70.075,roberal01-1993
rodmade01,34,1.7,199304090BOS-DET,199304090BOS-BOS,DET-1993,1,1993,57.8,70.075,rodmade01-1993
laimbbi01,28,2.5,199304090BOS-DET,199304090BOS-BOS,DET-1993,1,1993,70,70.075,laimbbi01-1993
millste01,17,-3.9,199304090BOS-DET,199304090BOS-BOS,DET-1993,1,1993,-66.3,70.075,millste01-1993
polynol01,15,1,199304090BOS-DET,199304090BOS-BOS,DET-1993,1,1993,15,70.075,polynol01-1993
glassge01,12,-3.4,199304090BOS-DET,199304090BOS-BOS,DET-1993,1,1993,-40.8,70.075,glassge01-1993
youngda01,7,3.3,199304090BOS-DET,199304090BOS-BOS,DET-1993,1,1993,23.099999999999998,70.075,youngda01-1993
morriis01,1,1.4,199304090BOS-DET,199304090BOS-BOS,DET-1993,1,1993,1.4,70.075,morriis01-1993
newbeme01,1,-0.1,199304090BOS-DET,199304090BOS-BOS,DET-1993,1,1993,-0.1,70.075,newbeme01-1993
randama01,1,0.8,199304090BOS-DET,199304090BOS-BOS,DET-1993,1,1993,0.8,70.075,randama01-1993
roberal01,48,10.3,199304110WSB-DET,199304110WSB-WSB,DET-1993,1,1993,494.40000000000003,71.98,roberal01-1993
rodmade01,40,3.8,199304110WSB-DET,199304110WSB-WSB,DET-1993,1,1993,152,71.98,rodmade01-1993
youngda01,35,-1.7,199304110WSB-DET,199304110WSB-WSB,DET-1993,1,1993,-59.5,71.98,youngda01-1993
glassge01,34,6.2,199304110WSB-DET,199304110WSB-WSB,DET-1993,1,1993,210.8,71.98,glassge01-1993
millste01,31,0.1,199304110WSB-DET,199304110WSB-WSB,DET-1993,1,1993,3.1,71.98,millste01-1993
laimbbi01,17,-0.1,199304110WSB-DET,199304110WSB-WSB,DET-1993,1,1993,-1.7000000000000002,71.98,laimbbi01-1993
newbeme01,14,-1.8,199304110WSB-DET,199304110WSB-WSB,DET-1993,1,1993,-25.2,71.98,newbeme01-1993
thomais01,12,-2.7,199304110WSB-DET,199304110WSB-WSB,DET-1993,1,1993,-32.400000000000006,71.98,thomais01-1993
polynol01,8,-2.7,199304110WSB-DET,199304110WSB-WSB,DET-1993,1,1993,-21.6,71.98,polynol01-1993
morriis01,1,-0.1,199304110WSB-DET,199304110WSB-WSB,DET-1993,1,1993,-0.1,71.98,morriis01-1993
grantho01,43,13.8,199304120DET-CHI,199304120DET-DET,CHI-1993,1,1993,593.4,50.5,grantho01-1993
pippesc01,42,-2.1,199304120DET-CHI,199304120DET-DET,CHI-1993,1,1993,-88.2,50.5,pippesc01-1993
jordami01,41,0.4,199304120DET-CHI,199304120DET-DET,CHI-1993,1,1993,16.400000000000002,50.5,jordami01-1993
armstbj01,31,-4.6,199304120DET-CHI,199304120DET-DET,CHI-1993,1,1993,-142.6,50.5,armstbj01-1993
kingst01,24,7.8,199304120DET-CHI,199304120DET-DET,CHI-1993,1,1993,187.2,50.5,kingst01-1993
cartwbi01,19,-2.7,199304120DET-CHI,199304120DET-DET,CHI-1993,1,1993,-51.300000000000004,50.5,cartwbi01-1993
paxsojo01,17,-0.2,199304120DET-CHI,199304120DET-DET,CHI-1993,1,1993,-3.4000000000000004,50.5,paxsojo01-1993
tucketr01,12,3.6,199304120DET-CHI,199304120DET-DET,CHI-1993,1,1993,43.2,50.5,tucketr01-1993
mccraro01,4,0.7,199304120DET-CHI,199304120DET-DET,CHI-1993,1,1993,2.8,50.5,mccraro01-1993
perduwi01,4,-0.5,199304120DET-CHI,199304120DET-DET,CHI-1993,1,1993,-2,50.5,perduwi01-1993
willisc01,3,0,199304120DET-CHI,199304120DET-DET,CHI-1993,1,1993,0,50.5,willisc01-1993
blaylmo01,36,5,199304140DET-ATL,199304140DET-DET,ATL-1993,0,1993,180,48.03,blaylmo01-1993
willike02,36,1.1,199304140DET-ATL,199304140DET-DET,ATL-1993,0,1993,39.6,48.03,willike02-1993
ferredu01,36,4.2,199304140DET-ATL,199304140DET-DET,ATL-1993,0,1993,151.20000000000002,48.03,ferredu01-1993
wilkido01,34,11.4,199304140DET-ATL,199304140DET-DET,ATL-1993,0,1993,387.6,48.03,wilkido01-1993
grahapa01,27,-1.7,199304140DET-ATL,199304140DET-DET,ATL-1993,0,1993,-45.9,48.03,grahapa01-1993
augmost01,21,-8.9,199304140DET-ATL,199304140DET-DET,ATL-1993,0,1993,-186.9,48.03,augmost01-1993
koncajo01,21,-1.9,199304140DET-ATL,199304140DET-DET,ATL-1993,0,1993,-39.9,48.03,koncajo01-1993
hensost01,13,0.5,199304140DET-ATL,199304140DET-DET,ATL-1993,0,1993,6.5,48.03,hensost01-1993
breuera01,9,0.7,199304140DET-ATL,199304140DET-DET,ATL-1993,0,1993,6.3,48.03,breuera01-1993
keefead01,7,-2.6,199304140DET-ATL,199304140DET-DET,ATL-1993,0,1993,-18.2,48.03,keefead01-1993
dumarjo01,34,7.4,199304160CHH-DET,199304160CHH-CHH,DET-1993,0,1993,251.60000000000002,-20.325,dumarjo01-1993
thomais01,30,-6.7,199304160CHH-DET,199304160CHH-CHH,DET-1993,0,1993,-201,-20.325,thomais01-1993
rodmade01,26,-1.6,199304160CHH-DET,199304160CHH-CHH,DET-1993,0,1993,-41.6,-20.325,rodmade01-1993
aguirma01,25,-6.4,199304160CHH-DET,199304160CHH-CHH,DET-1993,0,1993,-160,-20.325,aguirma01-1993
polynol01,24,0.6,199304160CHH-DET,199304160CHH-CHH,DET-1993,0,1993,14.399999999999999,-20.325,polynol01-1993
millste01,23,-1.7,199304160CHH-DET,199304160CHH-CHH,DET-1993,0,1993,-39.1,-20.325,millste01-1993
roberal01,23,-2.1,199304160CHH-DET,199304160CHH-CHH,DET-1993,0,1993,-48.300000000000004,-20.325,roberal01-1993
youngda01,16,0.3,199304160CHH-DET,199304160CHH-CHH,DET-1993,0,1993,4.8,-20.325,youngda01-1993
laimbbi01,14,-2.1,199304160CHH-DET,199304160CHH-CHH,DET-1993,0,1993,-29.400000000000002,-20.325,laimbbi01-1993
newbeme01,9,1,199304160CHH-DET,199304160CHH-CHH,DET-1993,0,1993,9,-20.325,newbeme01-1993
randama01,9,1.7,199304160CHH-DET,199304160CHH-CHH,DET-1993,0,1993,15.299999999999999,-20.325,randama01-1993
glassge01,7,-2.8,199304160CHH-DET,199304160CHH-CHH,DET-1993,0,1993,-19.599999999999998,-20.325,glassge01-1993
rodmade01,48,1.1,199304170NYK-DET,199304170NYK-NYK,DET-1993,0,1993,52.800000000000004,24.07777777777778,rodmade01-1993
roberal01,41,4,199304170NYK-DET,199304170NYK-NYK,DET-1993,0,1993,164,24.07777777777778,roberal01-1993
thomais01,32,-1.3,199304170NYK-DET,199304170NYK-NYK,DET-1993,0,1993,-41.6,24.07777777777778,thomais01-1993
millste01,29,-1.5,199304170NYK-DET,199304170NYK-NYK,DET-1993,0,1993,-43.5,24.07777777777778,millste01-1993
laimbbi01,28,1.8,199304170NYK-DET,199304170NYK-NYK,DET-1993,0,1993,50.4,24.07777777777778,laimbbi01-1993
youngda01,23,-1.9,199304170NYK-DET,199304170NYK-NYK,DET-1993,0,1993,-43.699999999999996,24.07777777777778,youngda01-1993
aguirma01,20,4.6,199304170NYK-DET,199304170NYK-NYK,DET-1993,0,1993,92,24.07777777777778,aguirma01-1993
polynol01,18,-0.8,199304170NYK-DET,199304170NYK-NYK,DET-1993,0,1993,-14.4,24.07777777777778,polynol01-1993
newbeme01,1,0.7,199304170NYK-DET,199304170NYK-NYK,DET-1993,0,1993,0.7,24.07777777777778,newbeme01-1993
dumarjo01,37,-2.4,199304200CLE-DET,199304200CLE-CLE,DET-1993,0,1993,-88.8,-6.416666666666666,dumarjo01-1993
rodmade01,36,6.3,199304200CLE-DET,199304200CLE-CLE,DET-1993,0,1993,226.79999999999998,-6.416666666666666,rodmade01-1993
thomais01,32,-2.8,199304200CLE-DET,199304200CLE-CLE,DET-1993,0,1993,-89.6,-6.416666666666666,thomais01-1993
roberal01,27,-7.8,199304200CLE-DET,199304200CLE-CLE,DET-1993,0,1993,-210.6,-6.416666666666666,roberal01-1993
millste01,22,3.9,199304200CLE-DET,199304200CLE-CLE,DET-1993,0,1993,85.8,-6.416666666666666,millste01-1993
aguirma01,19,-2.3,199304200CLE-DET,199304200CLE-CLE,DET-1993,0,1993,-43.699999999999996,-6.416666666666666,aguirma01-1993
laimbbi01,17,2.5,199304200CLE-DET,199304200CLE-CLE,DET-1993,0,1993,42.5,-6.416666666666666,laimbbi01-1993
polynol01,15,-3,199304200CLE-DET,199304200CLE-CLE,DET-1993,0,1993,-45,-6.416666666666666,polynol01-1993
youngda01,14,3.2,199304200CLE-DET,199304200CLE-CLE,DET-1993,0,1993,44.800000000000004,-6.416666666666666,youngda01-1993
glassge01,9,0.5,199304200CLE-DET,199304200CLE-CLE,DET-1993,0,1993,4.5,-6.416666666666666,glassge01-1993
newbeme01,7,-1.1,199304200CLE-DET,199304200CLE-CLE,DET-1993,0,1993,-7.700000000000001,-6.416666666666666,newbeme01-1993
randama01,5,0.8,199304200CLE-DET,199304200CLE-CLE,DET-1993,0,1993,4,-6.416666666666666,randama01-1993
dumarjo01,51,4,199304220CHI-DET,199304220CHI-CHI,DET-1993,0,1993,204,79.77777777777777,dumarjo01-1993
rodmade01,49,3,199304220CHI-DET,199304220CHI-CHI,DET-1993,0,1993,147,79.77777777777777,rodmade01-1993
thomais01,46,2.5,199304220CHI-DET,199304220CHI-CHI,DET-1993,0,1993,115,79.77777777777777,thomais01-1993
laimbbi01,42,5,199304220CHI-DET,199304220CHI-CHI,DET-1993,0,1993,210,79.77777777777777,laimbbi01-1993
millste01,37,3.9,199304220CHI-DET,199304220CHI-CHI,DET-1993,0,1993,144.29999999999998,79.77777777777777,millste01-1993
polynol01,17,-3.2,199304220CHI-DET,199304220CHI-CHI,DET-1993,0,1993,-54.400000000000006,79.77777777777777,polynol01-1993
roberal01,13,-3.2,199304220CHI-DET,199304220CHI-CHI,DET-1993,0,1993,-41.6,79.77777777777777,roberal01-1993
aguirma01,9,-0.7,199304220CHI-DET,199304220CHI-CHI,DET-1993,0,1993,-6.3,79.77777777777777,aguirma01-1993
randama01,1,0,199304220CHI-DET,199304220CHI-CHI,DET-1993,0,1993,0,79.77777777777777,randama01-1993
millere01,34,-0.2,199304230DET-IND,199304230DET-DET,IND-1993,0,1993,-6.800000000000001,26.566666666666666,millere01-1993
schrede01,34,-2.5,199304230DET-IND,199304230DET-DET,IND-1993,0,1993,-85,26.566666666666666,schrede01-1993
davisda01,32,3.9,199304230DET-IND,199304230DET-DET,IND-1993,0,1993,124.8,26.566666666666666,davisda01-1993
flemive01,31,8.8,199304230DET-IND,199304230DET-DET,IND-1993,0,1993,272.8,26.566666666666666,flemive01-1993
mitchsa01,23,3,199304230DET-IND,199304230DET-DET,IND-1993,0,1993,69,26.566666666666666,mitchsa01-1993
richapo01,17,-1.8,199304230DET-IND,199304230DET-DET,IND-1993,0,1993,-30.6,26.566666666666666,richapo01-1993
mccloge01,17,-4.3,199304230DET-IND,199304230DET-DET,IND-1993,0,1993,-73.1,26.566666666666666,mccloge01-1993
sealyma01,16,2.7,199304230DET-IND,199304230DET-DET,IND-1993,0,1993,43.2,26.566666666666666,sealyma01-1993
thompla01,16,2.8,199304230DET-IND,199304230DET-DET,IND-1993,0,1993,44.8,26.566666666666666,thompla01-1993
smitsri01,11,-2.9,199304230DET-IND,199304230DET-DET,IND-1993,0,1993,-31.9,26.566666666666666,smitsri01-1993
willike03,5,-1.6,199304230DET-IND,199304230DET-DET,IND-1993,0,1993,-8,26.566666666666666,willike03-1993
dreilgr01,4,-0.1,199304230DET-IND,199304230DET-DET,IND-1993,0,1993,-0.4,26.566666666666666,dreilgr01-1993
morrich01,37,5.3,199304250DET-NJN,199304250DET-DET,NJN-1993,0,1993,196.1,25.71,morrich01-1993
colemde01,35,5.5,199304250DET-NJN,199304250DET-DET,NJN-1993,0,1993,192.5,25.71,colemde01-1993
robinru01,32,-4.2,199304250DET-NJN,199304250DET-DET,NJN-1993,0,1993,-134.4,25.71,robinru01-1993
petrodr01,30,-3.8,199304250DET-NJN,199304250DET-DET,NJN-1993,0,1993,-114,25.71,petrodr01-1993
mahorri01,24,1.6,199304250DET-NJN,199304250DET-DET,NJN-1993,0,1993,38.400000000000006,25.71,mahorri01-1993
brownch01,22,4,199304250DET-NJN,199304250DET-DET,NJN-1993,0,1993,88,25.71,brownch01-1993
addisra01,18,0.2,199304250DET-NJN,199304250DET-DET,NJN-1993,0,1993,3.6,25.71,addisra01-1993
cheekma01,16,0.8,199304250DET-NJN,199304250DET-DET,NJN-1993,0,1993,12.8,25.71,cheekma01-1993
schindw01,15,0.4,199304250DET-NJN,199304250DET-DET,NJN-1993,0,1993,6,25.71,schindw01-1993
kingbe01,11,-2.9,199304250DET-NJN,199304250DET-DET,NJN-1993,0,1993,-31.9,25.71,kingbe01-1993
