player,min,VORP,id,opp_id,season_id,win,year,adj_VORP,avg_VORP,link
stithbr01,38.71666666666667,0.9,199710310DEN-DEN,199710310DEN-SAS,DEN-1998,0,1998,34.845000000000006,6.317666666666667,stithbr01-1998
jacksbo01,36.983333333333334,5.3,199710310DEN-DEN,199710310DEN-SAS,DEN-1998,0,1998,196.01166666666666,6.317666666666667,jacksbo01-1998
willier01,36.81666666666667,-1.7,199710310DEN-DEN,199710310DEN-SAS,DEN-1998,0,1998,-62.58833333333334,6.317666666666667,willier01-1998
garrede01,31.133333333333333,-4.5,199710310DEN-DEN,199710310DEN-SAS,DEN-1998,0,1998,-140.1,6.317666666666667,garrede01-1998
battito01,30.533333333333335,2,199710310DEN-DEN,199710310DEN-SAS,DEN-1998,0,1998,61.06666666666667,6.317666666666667,battito01-1998
newmajo01,23.233333333333334,1.9,199710310DEN-DEN,199710310DEN-SAS,DEN-1998,0,1998,44.14333333333333,6.317666666666667,newmajo01-1998
fortsda01,17.133333333333333,-0.3,199710310DEN-DEN,199710310DEN-SAS,DEN-1998,0,1998,-5.14,6.317666666666667,fortsda01-1998
goldwan01,11.016666666666667,-4.1,199710310DEN-DEN,199710310DEN-SAS,DEN-1998,0,1998,-45.16833333333333,6.317666666666667,goldwan01-1998
wolfjo01,8.016666666666667,0.4,199710310DEN-DEN,199710310DEN-SAS,DEN-1998,0,1998,3.206666666666667,6.317666666666667,wolfjo01-1998
laudepr01,6.416666666666667,-3.6,199710310DEN-DEN,199710310DEN-SAS,DEN-1998,0,1998,-23.1,6.317666666666667,laudepr01-1998
delnevi01,40.03333333333333,5.9,199711010SAS-SAS,199711010SAS-CLE,SAS-1998,1,1998,236.19666666666666,58.684090909090905,delnevi01-1998
elliose01,38.88333333333333,1.5,199711010SAS-SAS,199711010SAS-CLE,SAS-1998,1,1998,58.325,58.684090909090905,elliose01-1998
johnsav01,37.583333333333336,6.3,199711010SAS-SAS,199711010SAS-CLE,SAS-1998,1,1998,236.775,58.684090909090905,johnsav01-1998
robinda01,33.53333333333333,4.1,199711010SAS-SAS,199711010SAS-CLE,SAS-1998,1,1998,137.48666666666665,58.684090909090905,robinda01-1998
duncati01,22.883333333333333,2.2,199711010SAS-SAS,199711010SAS-CLE,SAS-1998,1,1998,50.343333333333334,58.684090909090905,duncati01-1998
perduwi01,17.316666666666666,-1.4,199711010SAS-SAS,199711010SAS-CLE,SAS-1998,1,1998,-24.243333333333332,58.684090909090905,perduwi01-1998
herreca01,16.883333333333333,-2.2,199711010SAS-SAS,199711010SAS-CLE,SAS-1998,1,1998,-37.14333333333334,58.684090909090905,herreca01-1998
jacksja01,10.516666666666667,5.1,199711010SAS-SAS,199711010SAS-CLE,SAS-1998,1,1998,53.635,58.684090909090905,jacksja01-1998
alexaco01,10.416666666666666,-4.4,199711010SAS-SAS,199711010SAS-CLE,SAS-1998,1,1998,-45.833333333333336,58.684090909090905,alexaco01-1998
willimo01,6.583333333333333,-2.3,199711010SAS-SAS,199711010SAS-CLE,SAS-1998,1,1998,-15.141666666666664,58.684090909090905,willimo01-1998
rosema01,5.416666666666667,-0.9,199711010SAS-SAS,199711010SAS-CLE,SAS-1998,1,1998,-4.875,58.684090909090905,rosema01-1998
jordami01,47.9,13.3,199711030CHI-CHI,199711030CHI-SAS,CHI-1998,1,1998,637.07,65.92666666666668,jordami01-1998
rodmade01,46.25,-6.2,199711030CHI-CHI,199711030CHI-SAS,CHI-1998,1,1998,-286.75,65.92666666666668,rodmade01-1998
longllu01,45.766666666666666,3.6,199711030CHI-CHI,199711030CHI-SAS,CHI-1998,1,1998,164.76,65.92666666666668,longllu01-1998
kerrst01,41.68333333333333,1.2,199711030CHI-CHI,199711030CHI-SAS,CHI-1998,1,1998,50.019999999999996,65.92666666666668,kerrst01-1998
harpero01,36.233333333333334,0.4,199711030CHI-CHI,199711030CHI-SAS,CHI-1998,1,1998,14.493333333333334,65.92666666666668,harpero01-1998
kukocto01,19.333333333333332,1.3,199711030CHI-CHI,199711030CHI-SAS,CHI-1998,1,1998,25.133333333333333,65.92666666666668,kukocto01-1998
brownra02,17.833333333333332,-1,199711030CHI-CHI,199711030CHI-SAS,CHI-1998,1,1998,-17.833333333333332,65.92666666666668,brownra02-1998
buechju01,13.066666666666666,6.1,199711030CHI-CHI,199711030CHI-SAS,CHI-1998,1,1998,79.70666666666666,65.92666666666668,buechju01-1998
caffeja01,11.7,-1.5,199711030CHI-CHI,199711030CHI-SAS,CHI-1998,1,1998,-17.549999999999997,65.92666666666668,caffeja01-1998
kleinjo01,10.216666666666667,1,199711030CHI-CHI,199711030CHI-SAS,CHI-1998,1,1998,10.216666666666667,65.92666666666668,kleinjo01-1998
elliose01,41.5,2.6,199711050SAS-SAS,199711050SAS-VAN,SAS-1998,1,1998,107.9,45.04266666666667,elliose01-1998
duncati01,35.3,4.5,199711050SAS-SAS,199711050SAS-VAN,SAS-1998,1,1998,158.85,45.04266666666667,duncati01-1998
robinda01,30.75,4.1,199711050SAS-SAS,199711050SAS-VAN,SAS-1998,1,1998,126.07499999999999,45.04266666666667,robinda01-1998
johnsav01,30.15,-0.1,199711050SAS-SAS,199711050SAS-VAN,SAS-1998,1,1998,-3.015,45.04266666666667,johnsav01-1998
jacksja01,26.8,1.5,199711050SAS-SAS,199711050SAS-VAN,SAS-1998,1,1998,40.2,45.04266666666667,jacksja01-1998
willimo01,24.666666666666668,-1.6,199711050SAS-SAS,199711050SAS-VAN,SAS-1998,1,1998,-39.46666666666667,45.04266666666667,willimo01-1998
alexaco01,17.85,0.1,199711050SAS-SAS,199711050SAS-VAN,SAS-1998,1,1998,1.7850000000000001,45.04266666666667,alexaco01-1998
perduwi01,17.25,2.7,199711050SAS-SAS,199711050SAS-VAN,SAS-1998,1,1998,46.575,45.04266666666667,perduwi01-1998
herreca01,12.7,1.6,199711050SAS-SAS,199711050SAS-VAN,SAS-1998,1,1998,20.32,45.04266666666667,herreca01-1998
rosema01,3.033333333333333,-2.9,199711050SAS-SAS,199711050SAS-VAN,SAS-1998,1,1998,-8.796666666666667,45.04266666666667,rosema01-1998
elliose01,39.766666666666666,1.8,199711080SAS-SAS,199711080SAS-UTA,SAS-1998,1,1998,71.58,44.620757575757565,elliose01-1998
duncati01,36.63333333333333,0.5,199711080SAS-SAS,199711080SAS-UTA,SAS-1998,1,1998,18.316666666666666,44.620757575757565,duncati01-1998
johnsav01,36.333333333333336,-2.7,199711080SAS-SAS,199711080SAS-UTA,SAS-1998,1,1998,-98.10000000000001,44.620757575757565,johnsav01-1998
robinda01,28.483333333333334,16.9,199711080SAS-SAS,199711080SAS-UTA,SAS-1998,1,1998,481.3683333333333,44.620757575757565,robinda01-1998
alexaco01,23.6,-3.6,199711080SAS-SAS,199711080SAS-UTA,SAS-1998,1,1998,-84.96000000000001,44.620757575757565,alexaco01-1998
jacksja01,20.7,6.8,199711080SAS-SAS,199711080SAS-UTA,SAS-1998,1,1998,140.76,44.620757575757565,jacksja01-1998
perduwi01,15.583333333333334,-1,199711080SAS-SAS,199711080SAS-UTA,SAS-1998,1,1998,-15.583333333333334,44.620757575757565,perduwi01-1998
gearyre01,11.666666666666666,-3.3,199711080SAS-SAS,199711080SAS-UTA,SAS-1998,1,1998,-38.49999999999999,44.620757575757565,gearyre01-1998
willimo01,10.2,-0.2,199711080SAS-SAS,199711080SAS-UTA,SAS-1998,1,1998,-2.04,44.620757575757565,willimo01-1998
rosema01,8.7,3.6,199711080SAS-SAS,199711080SAS-UTA,SAS-1998,1,1998,31.319999999999997,44.620757575757565,rosema01-1998
herreca01,8.333333333333334,-1.6,199711080SAS-SAS,199711080SAS-UTA,SAS-1998,1,1998,-13.333333333333336,44.620757575757565,herreca01-1998
stoudda01,41.13333333333333,3.5,199711100TOR-TOR,199711100TOR-SAS,TOR-1998,0,1998,143.96666666666667,33.635,stoudda01-1998
chrisdo01,37.06666666666667,11.7,199711100TOR-TOR,199711100TOR-SAS,TOR-1998,0,1998,433.68,33.635,chrisdo01-1998
cambyma01,35.36666666666667,-5.4,199711100TOR-TOR,199711100TOR-SAS,TOR-1998,0,1998,-190.98000000000002,33.635,cambyma01-1998
jonespo01,30.883333333333333,-3.3,199711100TOR-TOR,199711100TOR-SAS,TOR-1998,0,1998,-101.91499999999999,33.635,jonespo01-1998
wallajo01,27.883333333333333,-0.6,199711100TOR-TOR,199711100TOR-SAS,TOR-1998,0,1998,-16.73,33.635,wallajo01-1998
williwa02,25.666666666666668,4.7,199711100TOR-TOR,199711100TOR-SAS,TOR-1998,0,1998,120.63333333333334,33.635,williwa02-1998
tabakza01,19.05,-3.5,199711100TOR-TOR,199711100TOR-SAS,TOR-1998,0,1998,-66.675,33.635,tabakza01-1998
respesh01,12.633333333333333,-0.3,199711100TOR-TOR,199711100TOR-SAS,TOR-1998,0,1998,-3.7899999999999996,33.635,respesh01-1998
rogerca01,10.316666666666666,-1.5,199711100TOR-TOR,199711100TOR-SAS,TOR-1998,0,1998,-15.475,33.635,rogerca01-1998
guglito01,41.733333333333334,0.9,199711110MIN-MIN,199711110MIN-SAS,MIN-1998,0,1998,37.56,51.27266666666667,guglito01-1998
marbust01,39.86666666666667,2.7,199711110MIN-MIN,199711110MIN-SAS,MIN-1998,0,1998,107.64000000000001,51.27266666666667,marbust01-1998
garneke01,39.35,5.9,199711110MIN-MIN,199711110MIN-SAS,MIN-1998,0,1998,232.16500000000002,51.27266666666667,garneke01-1998
carrch01,30.5,2.7,199711110MIN-MIN,199711110MIN-SAS,MIN-1998,0,1998,82.35000000000001,51.27266666666667,carrch01-1998
parksch02,30.116666666666667,3.4,199711110MIN-MIN,199711110MIN-SAS,MIN-1998,0,1998,102.39666666666666,51.27266666666667,parksch02-1998
mitchsa01,21.483333333333334,0,199711110MIN-MIN,199711110MIN-SAS,MIN-1998,0,1998,0,51.27266666666667,mitchsa01-1998
westdo01,17.516666666666666,-2.2,199711110MIN-MIN,199711110MIN-SAS,MIN-1998,0,1998,-38.53666666666667,51.27266666666667,westdo01-1998
portete01,8.133333333333333,0.4,199711110MIN-MIN,199711110MIN-SAS,MIN-1998,0,1998,3.2533333333333334,51.27266666666667,portete01-1998
roberst01,6.166666666666667,-0.7,199711110MIN-MIN,199711110MIN-SAS,MIN-1998,0,1998,-4.316666666666666,51.27266666666667,roberst01-1998
roziecl01,5.15,-1.9,199711110MIN-MIN,199711110MIN-SAS,MIN-1998,0,1998,-9.785,51.27266666666667,roziecl01-1998
robinda01,47.916666666666664,9.3,199711130SAS-SAS,199711130SAS-LAL,SAS-1998,0,1998,445.625,51.92575757575757,robinda01-1998
johnsav01,42.68333333333333,-2.5,199711130SAS-SAS,199711130SAS-LAL,SAS-1998,0,1998,-106.70833333333333,51.92575757575757,johnsav01-1998
elliose01,39.833333333333336,0.2,199711130SAS-SAS,199711130SAS-LAL,SAS-1998,0,1998,7.966666666666668,51.92575757575757,elliose01-1998
duncati01,38.766666666666666,2.7,199711130SAS-SAS,199711130SAS-LAL,SAS-1998,0,1998,104.67,51.92575757575757,duncati01-1998
jacksja01,28.683333333333334,1.3,199711130SAS-SAS,199711130SAS-LAL,SAS-1998,0,1998,37.288333333333334,51.92575757575757,jacksja01-1998
willimo01,22.95,5.3,199711130SAS-SAS,199711130SAS-LAL,SAS-1998,0,1998,121.63499999999999,51.92575757575757,willimo01-1998
persoch01,15.85,-1.1,199711130SAS-SAS,199711130SAS-LAL,SAS-1998,0,1998,-17.435000000000002,51.92575757575757,persoch01-1998
perduwi01,9.683333333333334,-0.7,199711130SAS-SAS,199711130SAS-LAL,SAS-1998,0,1998,-6.778333333333333,51.92575757575757,perduwi01-1998
herreca01,8.433333333333334,-1.8,199711130SAS-SAS,199711130SAS-LAL,SAS-1998,0,1998,-15.180000000000001,51.92575757575757,herreca01-1998
gearyre01,5.266666666666667,0.3,199711130SAS-SAS,199711130SAS-LAL,SAS-1998,0,1998,1.5799999999999998,51.92575757575757,gearyre01-1998
alexaco01,4.933333333333334,-0.3,199711130SAS-SAS,199711130SAS-LAL,SAS-1998,0,1998,-1.48,51.92575757575757,alexaco01-1998
johnsav01,43.85,-2.4,199711150SAS-SAS,199711150SAS-MIN,SAS-1998,0,1998,-105.24,24.92530303030303,johnsav01-1998
duncati01,40.78333333333333,2.8,199711150SAS-SAS,199711150SAS-MIN,SAS-1998,0,1998,114.19333333333331,24.92530303030303,duncati01-1998
robinda01,36.03333333333333,11.8,199711150SAS-SAS,199711150SAS-MIN,SAS-1998,0,1998,425.1933333333333,24.92530303030303,robinda01-1998
elliose01,30.7,-1.4,199711150SAS-SAS,199711150SAS-MIN,SAS-1998,0,1998,-42.98,24.92530303030303,elliose01-1998
persoch01,25.3,-6.6,199711150SAS-SAS,199711150SAS-MIN,SAS-1998,0,1998,-166.98,24.92530303030303,persoch01-1998
willimo01,22.45,-1.4,199711150SAS-SAS,199711150SAS-MIN,SAS-1998,0,1998,-31.429999999999996,24.92530303030303,willimo01-1998
jacksja01,17.55,4.8,199711150SAS-SAS,199711150SAS-MIN,SAS-1998,0,1998,84.24,24.92530303030303,jacksja01-1998
perduwi01,9.716666666666667,1.7,199711150SAS-SAS,199711150SAS-MIN,SAS-1998,0,1998,16.518333333333334,24.92530303030303,perduwi01-1998
rosema01,5.966666666666667,-1.6,199711150SAS-SAS,199711150SAS-MIN,SAS-1998,0,1998,-9.546666666666667,24.92530303030303,rosema01-1998
gearyre01,4.15,-1.6,199711150SAS-SAS,199711150SAS-MIN,SAS-1998,0,1998,-6.640000000000001,24.92530303030303,gearyre01-1998
herreca01,3.5,-0.9,199711150SAS-SAS,199711150SAS-MIN,SAS-1998,0,1998,-3.15,24.92530303030303,herreca01-1998
duncati01,35.63333333333333,2.5,199711190SAS-SAS,199711190SAS-GSW,SAS-1998,1,1998,89.08333333333333,46.67638888888889,duncati01-1998
jacksja01,30.5,4.4,199711190SAS-SAS,199711190SAS-GSW,SAS-1998,1,1998,134.20000000000002,46.67638888888889,jacksja01-1998
robinda01,29.183333333333334,5.5,199711190SAS-SAS,199711190SAS-GSW,SAS-1998,1,1998,160.50833333333333,46.67638888888889,robinda01-1998
perduwi01,26.65,3.3,199711190SAS-SAS,199711190SAS-GSW,SAS-1998,1,1998,87.945,46.67638888888889,perduwi01-1998
johnsav01,26.45,2.9,199711190SAS-SAS,199711190SAS-GSW,SAS-1998,1,1998,76.705,46.67638888888889,johnsav01-1998
persoch01,24.716666666666665,-1.7,199711190SAS-SAS,199711190SAS-GSW,SAS-1998,1,1998,-42.01833333333333,46.67638888888889,persoch01-1998
alexaco01,21.55,-1,199711190SAS-SAS,199711190SAS-GSW,SAS-1998,1,1998,-21.55,46.67638888888889,alexaco01-1998
elliose01,21.15,4.4,199711190SAS-SAS,199711190SAS-GSW,SAS-1998,1,1998,93.06,46.67638888888889,elliose01-1998
willimo01,15.366666666666667,-1.3,199711190SAS-SAS,199711190SAS-GSW,SAS-1998,1,1998,-19.976666666666667,46.67638888888889,willimo01-1998
herreca01,4.533333333333333,0.9,199711190SAS-SAS,199711190SAS-GSW,SAS-1998,1,1998,4.08,46.67638888888889,herreca01-1998
gearyre01,2.1333333333333333,0.1,199711190SAS-SAS,199711190SAS-GSW,SAS-1998,1,1998,0.21333333333333335,46.67638888888889,gearyre01-1998
rosema01,2.1333333333333333,-1,199711190SAS-SAS,199711190SAS-GSW,SAS-1998,1,1998,-2.1333333333333333,46.67638888888889,rosema01-1998
bakervi01,36.9,7.1,199711210SEA-SEA,199711210SEA-SAS,SEA-1998,1,1998,261.98999999999995,80.76847222222221,bakervi01-1998
paytoga01,36.15,8.8,199711210SEA-SEA,199711210SEA-SAS,SEA-1998,1,1998,318.12,80.76847222222221,paytoga01-1998
schrede01,30.866666666666667,7.4,199711210SEA-SEA,199711210SEA-SAS,SEA-1998,1,1998,228.41333333333336,80.76847222222221,schrede01-1998
hawkihe01,28.666666666666668,4.3,199711210SEA-SEA,199711210SEA-SAS,SEA-1998,1,1998,123.26666666666667,80.76847222222221,hawkihe01-1998
ellisda01,27.233333333333334,-0.1,199711210SEA-SEA,199711210SEA-SAS,SEA-1998,1,1998,-2.7233333333333336,80.76847222222221,ellisda01-1998
mcilvji01,17.133333333333333,-1.5,199711210SEA-SEA,199711210SEA-SAS,SEA-1998,1,1998,-25.7,80.76847222222221,mcilvji01-1998
perkisa01,17.016666666666666,2,199711210SEA-SEA,199711210SEA-SAS,SEA-1998,1,1998,34.03333333333333,80.76847222222221,perkisa01-1998
kerseje01,16.35,4,199711210SEA-SEA,199711210SEA-SAS,SEA-1998,1,1998,65.4,80.76847222222221,kerseje01-1998
anthogr01,9.783333333333333,0.7,199711210SEA-SEA,199711210SEA-SAS,SEA-1998,1,1998,6.848333333333333,80.76847222222221,anthogr01-1998
williaa01,7.416666666666667,-3.4,199711210SEA-SEA,199711210SEA-SAS,SEA-1998,1,1998,-25.21666666666667,80.76847222222221,williaa01-1998
wingada01,6.483333333333333,-1.7,199711210SEA-SEA,199711210SEA-SAS,SEA-1998,1,1998,-11.021666666666667,80.76847222222221,wingada01-1998
snower01,5.983333333333333,-0.7,199711210SEA-SEA,199711210SEA-SAS,SEA-1998,1,1998,-4.1883333333333335,80.76847222222221,snower01-1998
eisleho01,32.05,4.8,199711220UTA-UTA,199711220UTA-SAS,UTA-1998,1,1998,153.83999999999997,84.77749999999999,eisleho01-1998
keefead01,31.633333333333333,7.1,199711220UTA-UTA,199711220UTA-SAS,UTA-1998,1,1998,224.59666666666666,84.77749999999999,keefead01-1998
malonka01,31.316666666666666,9.6,199711220UTA-UTA,199711220UTA-SAS,UTA-1998,1,1998,300.64,84.77749999999999,malonka01-1998
hornaje01,28.466666666666665,11,199711220UTA-UTA,199711220UTA-SAS,UTA-1998,1,1998,313.1333333333333,84.77749999999999,hornaje01-1998
fostegr01,22.85,1.3,199711220UTA-UTA,199711220UTA-SAS,UTA-1998,1,1998,29.705000000000002,84.77749999999999,fostegr01-1998
russebr01,21.95,4,199711220UTA-UTA,199711220UTA-SAS,UTA-1998,1,1998,87.8,84.77749999999999,russebr01-1998
andersh01,19.533333333333335,-1.1,199711220UTA-UTA,199711220UTA-SAS,UTA-1998,1,1998,-21.48666666666667,84.77749999999999,andersh01-1998
carran01,16.7,-1.1,199711220UTA-UTA,199711220UTA-SAS,UTA-1998,1,1998,-18.37,84.77749999999999,carran01-1998
ostergr01,15.333333333333334,-2.6,199711220UTA-UTA,199711220UTA-SAS,UTA-1998,1,1998,-39.86666666666667,84.77749999999999,ostergr01-1998
vaughja01,11.716666666666667,-0.9,199711220UTA-UTA,199711220UTA-SAS,UTA-1998,1,1998,-10.545,84.77749999999999,vaughja01-1998
hudsotr01,4.233333333333333,1,199711220UTA-UTA,199711220UTA-SAS,UTA-1998,1,1998,4.233333333333333,84.77749999999999,hudsotr01-1998
morrich01,4.233333333333333,-1.5,199711220UTA-UTA,199711220UTA-SAS,UTA-1998,1,1998,-6.35,84.77749999999999,morrich01-1998
scottde01,43.43333333333333,-1.6,199711250DAL-DAL,199711250DAL-SAS,DAL-1998,0,1998,-69.49333333333333,17.041851851851852,scottde01-1998
bradlsh01,40.18333333333333,1.3,199711250DAL-DAL,199711250DAL-SAS,DAL-1998,0,1998,52.23833333333333,17.041851851851852,bradlsh01-1998
finlemi01,34.083333333333336,9.3,199711250DAL-DAL,199711250DAL-SAS,DAL-1998,0,1998,316.975,17.041851851851852,finlemi01-1998
greenac01,29.8,-3.2,199711250DAL-DAL,199711250DAL-SAS,DAL-1998,0,1998,-95.36000000000001,17.041851851851852,greenac01-1998
stricer01,29.566666666666666,3.9,199711250DAL-DAL,199711250DAL-SAS,DAL-1998,0,1998,115.31,17.041851851851852,stricer01-1998
walkesa01,25.35,-2.7,199711250DAL-DAL,199711250DAL-SAS,DAL-1998,0,1998,-68.44500000000001,17.041851851851852,walkesa01-1998
davishu01,19.15,-5.3,199711250DAL-DAL,199711250DAL-SAS,DAL-1998,0,1998,-101.49499999999999,17.041851851851852,davishu01-1998
reevekh01,18.416666666666668,0.2,199711250DAL-DAL,199711250DAL-SAS,DAL-1998,0,1998,3.6833333333333336,17.041851851851852,reevekh01-1998
ollieke01,0.03333333333333333,-1.1,199711250DAL-DAL,199711250DAL-SAS,DAL-1998,0,1998,-0.03666666666666667,17.041851851851852,ollieke01-1998
duncati01,41.166666666666664,1.5,199711260SAS-SAS,199711260SAS-WAS,SAS-1998,0,1998,61.75,51.81266666666667,duncati01-1998
johnsav01,39.38333333333333,3.9,199711260SAS-SAS,199711260SAS-WAS,SAS-1998,0,1998,153.595,51.81266666666667,johnsav01-1998
robinda01,38.266666666666666,10.8,199711260SAS-SAS,199711260SAS-WAS,SAS-1998,0,1998,413.28000000000003,51.81266666666667,robinda01-1998
elliose01,34.416666666666664,-2.5,199711260SAS-SAS,199711260SAS-WAS,SAS-1998,0,1998,-86.04166666666666,51.81266666666667,elliose01-1998
alexaco01,25.933333333333334,3.7,199711260SAS-SAS,199711260SAS-WAS,SAS-1998,0,1998,95.95333333333333,51.81266666666667,alexaco01-1998
willimo01,20.666666666666668,-3.3,199711260SAS-SAS,199711260SAS-WAS,SAS-1998,0,1998,-68.2,51.81266666666667,willimo01-1998
persoch01,14.416666666666666,-2.9,199711260SAS-SAS,199711260SAS-WAS,SAS-1998,0,1998,-41.80833333333333,51.81266666666667,persoch01-1998
perduwi01,10.416666666666666,-2.1,199711260SAS-SAS,199711260SAS-WAS,SAS-1998,0,1998,-21.875,51.81266666666667,perduwi01-1998
jacksja01,10.016666666666667,-0.5,199711260SAS-SAS,199711260SAS-WAS,SAS-1998,0,1998,-5.008333333333334,51.81266666666667,jacksja01-1998
rosema01,5.316666666666666,3.1,199711260SAS-SAS,199711260SAS-WAS,SAS-1998,0,1998,16.481666666666666,51.81266666666667,rosema01-1998
duncati01,41.13333333333333,11.1,199711290SAS-SAS,199711290SAS-DAL,SAS-1998,1,1998,456.58,70.32722222222222,duncati01-1998
robinda01,34.1,6.8,199711290SAS-SAS,199711290SAS-DAL,SAS-1998,1,1998,231.88,70.32722222222222,robinda01-1998
delnevi01,31.2,-1.1,199711290SAS-SAS,199711290SAS-DAL,SAS-1998,1,1998,-34.32,70.32722222222222,delnevi01-1998
johnsav01,29.583333333333332,1.9,199711290SAS-SAS,199711290SAS-DAL,SAS-1998,1,1998,56.20833333333333,70.32722222222222,johnsav01-1998
elliose01,24.483333333333334,-1.3,199711290SAS-SAS,199711290SAS-DAL,SAS-1998,1,1998,-31.828333333333337,70.32722222222222,elliose01-1998
persoch01,23.933333333333334,-0.7,199711290SAS-SAS,199711290SAS-DAL,SAS-1998,1,1998,-16.753333333333334,70.32722222222222,persoch01-1998
rosema01,20.35,1.3,199711290SAS-SAS,199711290SAS-DAL,SAS-1998,1,1998,26.455000000000002,70.32722222222222,rosema01-1998
alexaco01,18.5,-1,199711290SAS-SAS,199711290SAS-DAL,SAS-1998,1,1998,-18.5,70.32722222222222,alexaco01-1998
jacksja01,16.716666666666665,-2.2,199711290SAS-SAS,199711290SAS-DAL,SAS-1998,1,1998,-36.776666666666664,70.32722222222222,jacksja01-1998
corbity01,40.3,1.2,199711300ATL-ATL,199711300ATL-SAS,ATL-1998,1,1998,48.35999999999999,76.34060606060606,corbity01-1998
mutomdi01,36.46666666666667,6.4,199711300ATL-ATL,199711300ATL-SAS,ATL-1998,1,1998,233.38666666666668,76.34060606060606,mutomdi01-1998
blaylmo01,35.233333333333334,4.3,199711300ATL-ATL,199711300ATL-SAS,ATL-1998,1,1998,151.50333333333333,76.34060606060606,blaylmo01-1998
smithst01,29.05,3.8,199711300ATL-ATL,199711300ATL-SAS,ATL-1998,1,1998,110.39,76.34060606060606,smithst01-1998
laettch01,27.266666666666666,10.6,199711300ATL-ATL,199711300ATL-SAS,ATL-1998,1,1998,289.02666666666664,76.34060606060606,laettch01-1998
brownch01,25.75,1.9,199711300ATL-ATL,199711300ATL-SAS,ATL-1998,1,1998,48.925,76.34060606060606,brownch01-1998
grayed01,18.95,1,199711300ATL-ATL,199711300ATL-SAS,ATL-1998,1,1998,18.95,76.34060606060606,grayed01-1998
recasel01,12.766666666666667,-2.7,199711300ATL-ATL,199711300ATL-SAS,ATL-1998,1,1998,-34.470000000000006,76.34060606060606,recasel01-1998
andergr01,10.083333333333334,-2.2,199711300ATL-ATL,199711300ATL-SAS,ATL-1998,1,1998,-22.183333333333337,76.34060606060606,andergr01-1998
crawfch01,2.35,-0.7,199711300ATL-ATL,199711300ATL-SAS,ATL-1998,1,1998,-1.645,76.34060606060606,crawfch01-1998
millean01,1.7833333333333332,-1.4,199711300ATL-ATL,199711300ATL-SAS,ATL-1998,1,1998,-2.496666666666666,76.34060606060606,millean01-1998
duncati01,39.1,10.7,199712020SAS-SAS,199712020SAS-NYK,SAS-1998,1,1998,418.37,58.274166666666666,duncati01-1998
johnsav01,38.38333333333333,-1.4,199712020SAS-SAS,199712020SAS-NYK,SAS-1998,1,1998,-53.736666666666665,58.274166666666666,johnsav01-1998
robinda01,38.016666666666666,3.7,199712020SAS-SAS,199712020SAS-NYK,SAS-1998,1,1998,140.66166666666666,58.274166666666666,robinda01-1998
delnevi01,35.85,-2.1,199712020SAS-SAS,199712020SAS-NYK,SAS-1998,1,1998,-75.28500000000001,58.274166666666666,delnevi01-1998
willimo01,25.55,3.2,199712020SAS-SAS,199712020SAS-NYK,SAS-1998,1,1998,81.76,58.274166666666666,willimo01-1998
elliose01,22.45,2.1,199712020SAS-SAS,199712020SAS-NYK,SAS-1998,1,1998,47.145,58.274166666666666,elliose01-1998
perduwi01,14.1,-0.8,199712020SAS-SAS,199712020SAS-NYK,SAS-1998,1,1998,-11.280000000000001,58.274166666666666,perduwi01-1998
jacksja01,12.15,0.2,199712020SAS-SAS,199712020SAS-NYK,SAS-1998,1,1998,2.43,58.274166666666666,jacksja01-1998
alexaco01,9.616666666666667,3,199712020SAS-SAS,199712020SAS-NYK,SAS-1998,1,1998,28.85,58.274166666666666,alexaco01-1998
rosema01,4.783333333333333,0.8,199712020SAS-SAS,199712020SAS-NYK,SAS-1998,1,1998,3.8266666666666667,58.274166666666666,rosema01-1998
piatker01,44.516666666666666,5.9,199712040LAC-LAC,199712040LAC-SAS,LAC-1998,1,1998,262.64833333333337,48.729,piatker01-1998
wrighlo02,43.63333333333333,5.6,199712040LAC-LAC,199712040LAC-SAS,LAC-1998,1,1998,244.34666666666664,48.729,wrighlo02-1998
murrala01,36.11666666666667,0.4,199712040LAC-LAC,199712040LAC-SAS,LAC-1998,1,1998,14.446666666666667,48.729,murrala01-1998
tayloma01,30.066666666666666,0.3,199712040LAC-LAC,199712040LAC-SAS,LAC-1998,1,1998,9.02,48.729,tayloma01-1998
martida01,29.666666666666668,3.9,199712040LAC-LAC,199712040LAC-SAS,LAC-1998,1,1998,115.7,48.729,martida01-1998
richapo01,23,0.5,199712040LAC-LAC,199712040LAC-SAS,LAC-1998,1,1998,11.5,48.729,richapo01-1998
rogerro01,22.966666666666665,-8.9,199712040LAC-LAC,199712040LAC-SAS,LAC-1998,1,1998,-204.40333333333334,48.729,rogerro01-1998
vrankst01,19.516666666666666,0.4,199712040LAC-LAC,199712040LAC-SAS,LAC-1998,1,1998,7.806666666666667,48.729,vrankst01-1998
robinja02,9.2,4.3,199712040LAC-LAC,199712040LAC-SAS,LAC-1998,1,1998,39.559999999999995,48.729,robinja02-1998
closske01,6.35,-2.1,199712040LAC-LAC,199712040LAC-SAS,LAC-1998,1,1998,-13.334999999999999,48.729,closske01-1998
jonesed02,38.3,-8,199712050LAL-LAL,199712050LAL-SAS,LAL-1998,1,1998,-306.4,50.101851851851855,jonesed02-1998
campbel01,36.81666666666667,-1.5,199712050LAL-LAL,199712050LAL-SAS,LAL-1998,1,1998,-55.22500000000001,50.101851851851855,campbel01-1998
vanexni01,32.75,7.4,199712050LAL-LAL,199712050LAL-SAS,LAL-1998,1,1998,242.35000000000002,50.101851851851855,vanexni01-1998
foxri01,30.55,-0.3,199712050LAL-LAL,199712050LAL-SAS,LAL-1998,1,1998,-9.165,50.101851851851855,foxri01-1998
horryro01,27.533333333333335,6.6,199712050LAL-LAL,199712050LAL-SAS,LAL-1998,1,1998,181.72,50.101851851851855,horryro01-1998
bryanko01,27.15,11.8,199712050LAL-LAL,199712050LAL-SAS,LAL-1998,1,1998,320.37,50.101851851851855,bryanko01-1998
blounco01,20.816666666666666,2,199712050LAL-LAL,199712050LAL-SAS,LAL-1998,1,1998,41.63333333333333,50.101851851851855,blounco01-1998
fishede01,15.25,1.2,199712050LAL-LAL,199712050LAL-SAS,LAL-1998,1,1998,18.3,50.101851851851855,fishede01-1998
rooksse01,10.833333333333334,1.6,199712050LAL-LAL,199712050LAL-SAS,LAL-1998,1,1998,17.333333333333336,50.101851851851855,rooksse01-1998
barklch01,33.13333333333333,-0.5,199712090HOU-HOU,199712090HOU-SAS,HOU-1998,1,1998,-16.566666666666666,65.80181818181818,barklch01-1998
drexlcl01,28.833333333333332,10.5,199712090HOU-HOU,199712090HOU-SAS,HOU-1998,1,1998,302.75,65.80181818181818,drexlcl01-1998
willike02,28.083333333333332,0.1,199712090HOU-HOU,199712090HOU-SAS,HOU-1998,1,1998,2.8083333333333336,65.80181818181818,willike02-1998
davisem01,26.883333333333333,6.2,199712090HOU-HOU,199712090HOU-SAS,HOU-1998,1,1998,166.67666666666668,65.80181818181818,davisem01-1998
eliema01,25.983333333333334,2.2,199712090HOU-HOU,199712090HOU-SAS,HOU-1998,1,1998,57.16333333333334,65.80181818181818,eliema01-1998
bullama01,21.133333333333333,3.4,199712090HOU-HOU,199712090HOU-SAS,HOU-1998,1,1998,71.85333333333332,65.80181818181818,bullama01-1998
malonma01,21.116666666666667,8.1,199712090HOU-HOU,199712090HOU-SAS,HOU-1998,1,1998,171.045,65.80181818181818,malonma01-1998
rhodero01,19.166666666666668,-2,199712090HOU-HOU,199712090HOU-SAS,HOU-1998,1,1998,-38.333333333333336,65.80181818181818,rhodero01-1998
johnsed03,17.266666666666666,0.6,199712090HOU-HOU,199712090HOU-SAS,HOU-1998,1,1998,10.36,65.80181818181818,johnsed03-1998
jonesch01,10.516666666666667,0.9,199712090HOU-HOU,199712090HOU-SAS,HOU-1998,1,1998,9.465000000000002,65.80181818181818,jonesch01-1998
harriot01,7.883333333333333,-1.7,199712090HOU-HOU,199712090HOU-SAS,HOU-1998,1,1998,-13.401666666666666,65.80181818181818,harriot01-1998
johnsav01,43.733333333333334,9,199712100SAS-SAS,199712100SAS-LAC,SAS-1998,1,1998,393.6,69.47833333333332,johnsav01-1998
duncati01,41.86666666666667,-2.5,199712100SAS-SAS,199712100SAS-LAC,SAS-1998,1,1998,-104.66666666666667,69.47833333333332,duncati01-1998
elliose01,35.483333333333334,-0.6,199712100SAS-SAS,199712100SAS-LAC,SAS-1998,1,1998,-21.29,69.47833333333332,elliose01-1998
delnevi01,35.016666666666666,3.1,199712100SAS-SAS,199712100SAS-LAC,SAS-1998,1,1998,108.55166666666666,69.47833333333332,delnevi01-1998
robinda01,30.583333333333332,13.6,199712100SAS-SAS,199712100SAS-LAC,SAS-1998,1,1998,415.9333333333333,69.47833333333332,robinda01-1998
perduwi01,14.116666666666667,0.5,199712100SAS-SAS,199712100SAS-LAC,SAS-1998,1,1998,7.058333333333334,69.47833333333332,perduwi01-1998
jacksja01,12.983333333333333,4.3,199712100SAS-SAS,199712100SAS-LAC,SAS-1998,1,1998,55.828333333333326,69.47833333333332,jacksja01-1998
willimo01,12.516666666666667,-4.8,199712100SAS-SAS,199712100SAS-LAC,SAS-1998,1,1998,-60.08,69.47833333333332,willimo01-1998
persoch01,7.85,-4.4,199712100SAS-SAS,199712100SAS-LAC,SAS-1998,1,1998,-34.54,69.47833333333332,persoch01-1998
alexaco01,4.266666666666667,1.5,199712100SAS-SAS,199712100SAS-LAC,SAS-1998,1,1998,6.4,69.47833333333332,alexaco01-1998
rosema01,1.5833333333333335,-1.6,199712100SAS-SAS,199712100SAS-LAC,SAS-1998,1,1998,-2.5333333333333337,69.47833333333332,rosema01-1998
duncati01,35.56666666666667,13.6,199712130SAS-SAS,199712130SAS-ORL,SAS-1998,1,1998,483.7066666666667,66.13041666666668,duncati01-1998
johnsav01,32.11666666666667,2.1,199712130SAS-SAS,199712130SAS-ORL,SAS-1998,1,1998,67.44500000000001,66.13041666666668,johnsav01-1998
elliose01,28.35,-5.6,199712130SAS-SAS,199712130SAS-ORL,SAS-1998,1,1998,-158.76,66.13041666666668,elliose01-1998
jacksja01,24.433333333333334,2.3,199712130SAS-SAS,199712130SAS-ORL,SAS-1998,1,1998,56.196666666666665,66.13041666666668,jacksja01-1998
robinda01,24.35,10.3,199712130SAS-SAS,199712130SAS-ORL,SAS-1998,1,1998,250.80500000000004,66.13041666666668,robinda01-1998
willimo01,19.65,0.9,199712130SAS-SAS,199712130SAS-ORL,SAS-1998,1,1998,17.685,66.13041666666668,willimo01-1998
perduwi01,18,-0.6,199712130SAS-SAS,199712130SAS-ORL,SAS-1998,1,1998,-10.799999999999999,66.13041666666668,perduwi01-1998
delnevi01,17.916666666666668,1.9,199712130SAS-SAS,199712130SAS-ORL,SAS-1998,1,1998,34.041666666666664,66.13041666666668,delnevi01-1998
alexaco01,15.883333333333333,4.5,199712130SAS-SAS,199712130SAS-ORL,SAS-1998,1,1998,71.475,66.13041666666668,alexaco01-1998
persoch01,9.083333333333334,-3,199712130SAS-SAS,199712130SAS-ORL,SAS-1998,1,1998,-27.25,66.13041666666668,persoch01-1998
rosema01,9,0.5,199712130SAS-SAS,199712130SAS-ORL,SAS-1998,1,1998,4.5,66.13041666666668,rosema01-1998
herreca01,5.65,0.8,199712130SAS-SAS,199712130SAS-ORL,SAS-1998,1,1998,4.5200000000000005,66.13041666666668,herreca01-1998
washier01,33.9,6,199712160DEN-DEN,199712160DEN-SAS,DEN-1998,0,1998,203.39999999999998,-4.596666666666664,washier01-1998
battito01,32.916666666666664,-3.3,199712160DEN-DEN,199712160DEN-SAS,DEN-1998,0,1998,-108.62499999999999,-4.596666666666664,battito01-1998
garrede01,30.7,1.1,199712160DEN-DEN,199712160DEN-SAS,DEN-1998,0,1998,33.77,-4.596666666666664,garrede01-1998
newmajo01,30.566666666666666,2.2,199712160DEN-DEN,199712160DEN-SAS,DEN-1998,0,1998,67.24666666666667,-4.596666666666664,newmajo01-1998
jacksbo01,28.783333333333335,-1.4,199712160DEN-DEN,199712160DEN-SAS,DEN-1998,0,1998,-40.29666666666667,-4.596666666666664,jacksbo01-1998
goldwan01,27.75,-1.7,199712160DEN-DEN,199712160DEN-SAS,DEN-1998,0,1998,-47.175,-4.596666666666664,goldwan01-1998
fortsda01,24.316666666666666,2.4,199712160DEN-DEN,199712160DEN-SAS,DEN-1998,0,1998,58.36,-4.596666666666664,fortsda01-1998
ellisla01,22,-9.2,199712160DEN-DEN,199712160DEN-SAS,DEN-1998,0,1998,-202.39999999999998,-4.596666666666664,ellisla01-1998
laudepr01,8.066666666666666,-1.3,199712160DEN-DEN,199712160DEN-SAS,DEN-1998,0,1998,-10.486666666666666,-4.596666666666664,laudepr01-1998
ellisha01,0.8,0.3,199712160DEN-DEN,199712160DEN-SAS,DEN-1998,0,1998,0.24,-4.596666666666664,ellisha01-1998
duncati01,43.28333333333333,1.6,199712170SAS-SAS,199712170SAS-VAN,SAS-1998,1,1998,69.25333333333333,57.4295,duncati01-1998
johnsav01,42.81666666666667,5.5,199712170SAS-SAS,199712170SAS-VAN,SAS-1998,1,1998,235.49166666666667,57.4295,johnsav01-1998
robinda01,37.9,9.6,199712170SAS-SAS,199712170SAS-VAN,SAS-1998,1,1998,363.84,57.4295,robinda01-1998
jacksja01,36.55,-2.8,199712170SAS-SAS,199712170SAS-VAN,SAS-1998,1,1998,-102.33999999999999,57.4295,jacksja01-1998
elliose01,30.65,-2,199712170SAS-SAS,199712170SAS-VAN,SAS-1998,1,1998,-61.3,57.4295,elliose01-1998
willimo01,22.233333333333334,2.4,199712170SAS-SAS,199712170SAS-VAN,SAS-1998,1,1998,53.36,57.4295,willimo01-1998
perduwi01,10.1,1.2,199712170SAS-SAS,199712170SAS-VAN,SAS-1998,1,1998,12.12,57.4295,perduwi01-1998
persoch01,6.566666666666666,1.1,199712170SAS-SAS,199712170SAS-VAN,SAS-1998,1,1998,7.223333333333334,57.4295,persoch01-1998
alexaco01,5.183333333333334,0.9,199712170SAS-SAS,199712170SAS-VAN,SAS-1998,1,1998,4.665,57.4295,alexaco01-1998
rosema01,4.716666666666667,-1.7,199712170SAS-SAS,199712170SAS-VAN,SAS-1998,1,1998,-8.018333333333333,57.4295,rosema01-1998
johnsav01,43.65,11.3,199712200SAS-SAS,199712200SAS-HOU,SAS-1998,1,1998,493.245,96.39621212121213,johnsav01-1998
duncati01,40.86666666666667,6.4,199712200SAS-SAS,199712200SAS-HOU,SAS-1998,1,1998,261.5466666666667,96.39621212121213,duncati01-1998
elliose01,36.56666666666667,7.8,199712200SAS-SAS,199712200SAS-HOU,SAS-1998,1,1998,285.22,96.39621212121213,elliose01-1998
jacksja01,34.916666666666664,0.1,199712200SAS-SAS,199712200SAS-HOU,SAS-1998,1,1998,3.4916666666666667,96.39621212121213,jacksja01-1998
robinda01,31.916666666666668,2,199712200SAS-SAS,199712200SAS-HOU,SAS-1998,1,1998,63.833333333333336,96.39621212121213,robinda01-1998
willimo01,18,-1.3,199712200SAS-SAS,199712200SAS-HOU,SAS-1998,1,1998,-23.400000000000002,96.39621212121213,willimo01-1998
perduwi01,12.7,0.2,199712200SAS-SAS,199712200SAS-HOU,SAS-1998,1,1998,2.54,96.39621212121213,perduwi01-1998
alexaco01,10.866666666666667,-0.5,199712200SAS-SAS,199712200SAS-HOU,SAS-1998,1,1998,-5.433333333333334,96.39621212121213,alexaco01-1998
rosema01,4.3,-2.1,199712200SAS-SAS,199712200SAS-HOU,SAS-1998,1,1998,-9.03,96.39621212121213,rosema01-1998
persoch01,4.15,-2.1,199712200SAS-SAS,199712200SAS-HOU,SAS-1998,1,1998,-8.715000000000002,96.39621212121213,persoch01-1998
herreca01,2.1,-1.4,199712200SAS-SAS,199712200SAS-HOU,SAS-1998,1,1998,-2.94,96.39621212121213,herreca01-1998
johnsav01,44.63333333333333,3.8,199712230SAS-SAS,199712230SAS-IND,SAS-1998,1,1998,169.60666666666665,102.82037037037037,johnsav01-1998
duncati01,42.266666666666666,3.5,199712230SAS-SAS,199712230SAS-IND,SAS-1998,1,1998,147.93333333333334,102.82037037037037,duncati01-1998
robinda01,37.78333333333333,14.9,199712230SAS-SAS,199712230SAS-IND,SAS-1998,1,1998,562.9716666666667,102.82037037037037,robinda01-1998
jacksja01,36.46666666666667,-0.4,199712230SAS-SAS,199712230SAS-IND,SAS-1998,1,1998,-14.586666666666668,102.82037037037037,jacksja01-1998
elliose01,31.866666666666667,1.8,199712230SAS-SAS,199712230SAS-IND,SAS-1998,1,1998,57.36,102.82037037037037,elliose01-1998
persoch01,18.05,-1.8,199712230SAS-SAS,199712230SAS-IND,SAS-1998,1,1998,-32.49,102.82037037037037,persoch01-1998
alexaco01,10.983333333333333,1.5,199712230SAS-SAS,199712230SAS-IND,SAS-1998,1,1998,16.474999999999998,102.82037037037037,alexaco01-1998
perduwi01,10.216666666666667,2,199712230SAS-SAS,199712230SAS-IND,SAS-1998,1,1998,20.433333333333334,102.82037037037037,perduwi01-1998
willimo01,7.733333333333333,-0.3,199712230SAS-SAS,199712230SAS-IND,SAS-1998,1,1998,-2.32,102.82037037037037,willimo01-1998
jacksja01,39.7,1.2,199712260SAS-SAS,199712260SAS-BOS,SAS-1998,1,1998,47.64,77.01016666666668,jacksja01-1998
duncati01,37.7,7.7,199712260SAS-SAS,199712260SAS-BOS,SAS-1998,1,1998,290.29,77.01016666666668,duncati01-1998
johnsav01,36.96666666666667,-2.1,199712260SAS-SAS,199712260SAS-BOS,SAS-1998,1,1998,-77.63000000000001,77.01016666666668,johnsav01-1998
robinda01,34.1,16.6,199712260SAS-SAS,199712260SAS-BOS,SAS-1998,1,1998,566.0600000000001,77.01016666666668,robinda01-1998
willimo01,27.65,1.8,199712260SAS-SAS,199712260SAS-BOS,SAS-1998,1,1998,49.769999999999996,77.01016666666668,willimo01-1998
persoch01,22.3,-3.5,199712260SAS-SAS,199712260SAS-BOS,SAS-1998,1,1998,-78.05,77.01016666666668,persoch01-1998
elliose01,21.95,1.1,199712260SAS-SAS,199712260SAS-BOS,SAS-1998,1,1998,24.145,77.01016666666668,elliose01-1998
alexaco01,15.833333333333334,-3.4,199712260SAS-SAS,199712260SAS-BOS,SAS-1998,1,1998,-53.833333333333336,77.01016666666668,alexaco01-1998
herreca01,1.9,0.9,199712260SAS-SAS,199712260SAS-BOS,SAS-1998,1,1998,1.71,77.01016666666668,herreca01-1998
rosema01,1.9,0,199712260SAS-SAS,199712260SAS-BOS,SAS-1998,1,1998,0,77.01016666666668,rosema01-1998
wallara01,39.833333333333336,0.5,199712280POR-POR,199712280POR-SAS,POR-1998,1,1998,19.916666666666668,51.625740740740746,wallara01-1998
rideris01,39.5,3.7,199712280POR-POR,199712280POR-SAS,POR-1998,1,1998,146.15,51.625740740740746,rideris01-1998
anderke01,37.266666666666666,-2.7,199712280POR-POR,199712280POR-SAS,POR-1998,1,1998,-100.62,51.625740740740746,anderke01-1998
augmost01,36.583333333333336,5.2,199712280POR-POR,199712280POR-SAS,POR-1998,1,1998,190.23333333333335,51.625740740740746,augmost01-1998
sabonar01,33.75,2.8,199712280POR-POR,199712280POR-SAS,POR-1998,1,1998,94.5,51.625740740740746,sabonar01-1998
catoke01,18.283333333333335,0.4,199712280POR-POR,199712280POR-SAS,POR-1998,1,1998,7.313333333333334,51.625740740740746,catoke01-1998
willial02,17.883333333333333,3.5,199712280POR-POR,199712280POR-SAS,POR-1998,1,1998,62.59166666666667,51.625740740740746,willial02-1998
trentga01,13.183333333333334,3.8,199712280POR-POR,199712280POR-SAS,POR-1998,1,1998,50.096666666666664,51.625740740740746,trentga01-1998
brunsri01,3.7,-1.5,199712280POR-POR,199712280POR-SAS,POR-1998,1,1998,-5.550000000000001,51.625740740740746,brunsri01-1998
reevebr01,36.05,-3.1,199712300VAN-VAN,199712300VAN-SAS,VAN-1998,0,1998,-111.755,12.280303030303033,reevebr01-1998
abdursh01,34.36666666666667,2.7,199712300VAN-VAN,199712300VAN-SAS,VAN-1998,0,1998,92.79,12.280303030303033,abdursh01-1998
macksa01,30.933333333333334,7.4,199712300VAN-VAN,199712300VAN-SAS,VAN-1998,0,1998,228.90666666666667,12.280303030303033,macksa01-1998
thorpot01,30.5,-8.2,199712300VAN-VAN,199712300VAN-SAS,VAN-1998,0,1998,-250.09999999999997,12.280303030303033,thorpot01-1998
daniean01,27.633333333333333,4.6,199712300VAN-VAN,199712300VAN-SAS,VAN-1998,0,1998,127.11333333333332,12.280303030303033,daniean01-1998
chilcpe01,22.15,0.5,199712300VAN-VAN,199712300VAN-SAS,VAN-1998,0,1998,11.075,12.280303030303033,chilcpe01-1998
maybele01,20.366666666666667,1.2,199712300VAN-VAN,199712300VAN-SAS,VAN-1998,0,1998,24.44,12.280303030303033,maybele01-1998
edwarbl01,18.533333333333335,2.3,199712300VAN-VAN,199712300VAN-SAS,VAN-1998,0,1998,42.626666666666665,12.280303030303033,edwarbl01-1998
lynchge01,13.633333333333333,-1.5,199712300VAN-VAN,199712300VAN-SAS,VAN-1998,0,1998,-20.45,12.280303030303033,lynchge01-1998
robinch01,3.7666666666666666,-2.1,199712300VAN-VAN,199712300VAN-SAS,VAN-1998,0,1998,-7.91,12.280303030303033,robinch01-1998
masseto01,2.066666666666667,-0.8,199712300VAN-VAN,199712300VAN-SAS,VAN-1998,0,1998,-1.6533333333333335,12.280303030303033,masseto01-1998
jacksja01,34.983333333333334,6.7,199801020SAS-SAS,199801020SAS-POR,SAS-1998,1,1998,234.38833333333335,66.76916666666666,jacksja01-1998
duncati01,34.93333333333333,2.9,199801020SAS-SAS,199801020SAS-POR,SAS-1998,1,1998,101.30666666666666,66.76916666666666,duncati01-1998
johnsav01,31.516666666666666,1,199801020SAS-SAS,199801020SAS-POR,SAS-1998,1,1998,31.516666666666666,66.76916666666666,johnsav01-1998
robinda01,29.733333333333334,11.3,199801020SAS-SAS,199801020SAS-POR,SAS-1998,1,1998,335.9866666666667,66.76916666666666,robinda01-1998
persoch01,26.066666666666666,6.9,199801020SAS-SAS,199801020SAS-POR,SAS-1998,1,1998,179.86,66.76916666666666,persoch01-1998
perduwi01,23,0,199801020SAS-SAS,199801020SAS-POR,SAS-1998,1,1998,0,66.76916666666666,perduwi01-1998
elliose01,17.583333333333332,-2.8,199801020SAS-SAS,199801020SAS-POR,SAS-1998,1,1998,-49.23333333333333,66.76916666666666,elliose01-1998
alexaco01,16.55,0.4,199801020SAS-SAS,199801020SAS-POR,SAS-1998,1,1998,6.620000000000001,66.76916666666666,alexaco01-1998
willimo01,9.066666666666666,-1.8,199801020SAS-SAS,199801020SAS-POR,SAS-1998,1,1998,-16.32,66.76916666666666,willimo01-1998
herreca01,8.333333333333334,-2.6,199801020SAS-SAS,199801020SAS-POR,SAS-1998,1,1998,-21.666666666666668,66.76916666666666,herreca01-1998
rosema01,4.35,-1.8,199801020SAS-SAS,199801020SAS-POR,SAS-1998,1,1998,-7.829999999999999,66.76916666666666,rosema01-1998
gearyre01,3.8833333333333333,1.7,199801020SAS-SAS,199801020SAS-POR,SAS-1998,1,1998,6.601666666666667,66.76916666666666,gearyre01-1998
hardati01,41.18333333333333,0.5,199801030MIA-MIA,199801030MIA-SAS,MIA-1998,0,1998,20.591666666666665,66.92537037037037,hardati01-1998
mashbja01,39.733333333333334,4.8,199801030MIA-MIA,199801030MIA-SAS,MIA-1998,0,1998,190.72,66.92537037037037,mashbja01-1998
lenarvo01,37.266666666666666,10.1,199801030MIA-MIA,199801030MIA-SAS,MIA-1998,0,1998,376.3933333333333,66.92537037037037,lenarvo01-1998
mournal01,31.816666666666666,1.9,199801030MIA-MIA,199801030MIA-SAS,MIA-1998,0,1998,60.45166666666666,66.92537037037037,mournal01-1998
brownpj01,31.6,2.2,199801030MIA-MIA,199801030MIA-SAS,MIA-1998,0,1998,69.52000000000001,66.92537037037037,brownpj01-1998
austiis01,27.566666666666666,-4.3,199801030MIA-MIA,199801030MIA-SAS,MIA-1998,0,1998,-118.53666666666666,66.92537037037037,austiis01-1998
majerda01,19.75,1.4,199801030MIA-MIA,199801030MIA-SAS,MIA-1998,0,1998,27.65,66.92537037037037,majerda01-1998
murdoer01,6.816666666666666,-2.9,199801030MIA-MIA,199801030MIA-SAS,MIA-1998,0,1998,-19.76833333333333,66.92537037037037,murdoer01-1998
millste01,4.266666666666667,-1.1,199801030MIA-MIA,199801030MIA-SAS,MIA-1998,0,1998,-4.693333333333333,66.92537037037037,millste01-1998
armstda01,46.03333333333333,9.5,199801050ORL-ORL,199801050ORL-SAS,ORL-1998,0,1998,437.31666666666666,50.1105,armstda01-1998
grantho01,39.03333333333333,-2.5,199801050ORL-ORL,199801050ORL-SAS,ORL-1998,0,1998,-97.58333333333333,50.1105,grantho01-1998
harpede01,36.36666666666667,6.5,199801050ORL-ORL,199801050ORL-SAS,ORL-1998,0,1998,236.38333333333333,50.1105,harpede01-1998
outlabo01,30.65,2,199801050ORL-ORL,199801050ORL-SAS,ORL-1998,0,1998,61.3,50.1105,outlabo01-1998
evansbr01,30.3,2.6,199801050ORL-ORL,199801050ORL-SAS,ORL-1998,0,1998,78.78,50.1105,evansbr01-1998
seikaro01,25.4,-5.1,199801050ORL-ORL,199801050ORL-SAS,ORL-1998,0,1998,-129.54,50.1105,seikaro01-1998
schayda01,17.75,-2.7,199801050ORL-ORL,199801050ORL-SAS,ORL-1998,0,1998,-47.925000000000004,50.1105,schayda01-1998
wilkige01,13.6,-2.8,199801050ORL-ORL,199801050ORL-SAS,ORL-1998,0,1998,-38.08,50.1105,wilkige01-1998
lawsoja01,0.5666666666666667,0.8,199801050ORL-ORL,199801050ORL-SAS,ORL-1998,0,1998,0.45333333333333337,50.1105,lawsoja01-1998
maxweve01,0.31666666666666665,0,199801050ORL-ORL,199801050ORL-SAS,ORL-1998,0,1998,0,50.1105,maxweve01-1998
johnsav01,43.78333333333333,2.6,199801070SAS-SAS,199801070SAS-DEN,SAS-1998,1,1998,113.83666666666666,58.967,johnsav01-1998
duncati01,40.733333333333334,5.8,199801070SAS-SAS,199801070SAS-DEN,SAS-1998,1,1998,236.25333333333333,58.967,duncati01-1998
robinda01,33.31666666666667,8.2,199801070SAS-SAS,199801070SAS-DEN,SAS-1998,1,1998,273.19666666666666,58.967,robinda01-1998
jacksja01,33.15,1.4,199801070SAS-SAS,199801070SAS-DEN,SAS-1998,1,1998,46.41,58.967,jacksja01-1998
persoch01,32.96666666666667,-2.4,199801070SAS-SAS,199801070SAS-DEN,SAS-1998,1,1998,-79.12,58.967,persoch01-1998
willimo01,25.316666666666666,2.7,199801070SAS-SAS,199801070SAS-DEN,SAS-1998,1,1998,68.355,58.967,willimo01-1998
perduwi01,14.683333333333334,-3.2,199801070SAS-SAS,199801070SAS-DEN,SAS-1998,1,1998,-46.98666666666667,58.967,perduwi01-1998
herreca01,7.266666666666667,-1.9,199801070SAS-SAS,199801070SAS-DEN,SAS-1998,1,1998,-13.806666666666667,58.967,herreca01-1998
alexaco01,4.566666666666666,-0.1,199801070SAS-SAS,199801070SAS-DEN,SAS-1998,1,1998,-0.45666666666666667,58.967,alexaco01-1998
gearyre01,4.216666666666667,-1.9,199801070SAS-SAS,199801070SAS-DEN,SAS-1998,1,1998,-8.011666666666667,58.967,gearyre01-1998
kiddja01,35.31666666666667,9.2,199801090PHO-PHO,199801090PHO-SAS,PHO-1998,1,1998,324.91333333333336,78.4339393939394,kiddja01-1998
mccloge01,28.916666666666668,3.6,199801090PHO-PHO,199801090PHO-SAS,PHO-1998,1,1998,104.10000000000001,78.4339393939394,mccloge01-1998
chapmre01,28.816666666666666,3.9,199801090PHO-PHO,199801090PHO-SAS,PHO-1998,1,1998,112.38499999999999,78.4339393939394,chapmre01-1998
williho01,28.1,1.5,199801090PHO-PHO,199801090PHO-SAS,PHO-1998,1,1998,42.150000000000006,78.4339393939394,williho01-1998
nashst01,27,3.3,199801090PHO-PHO,199801090PHO-SAS,PHO-1998,1,1998,89.1,78.4339393939394,nashst01-1998
cebalce01,25.6,3.7,199801090PHO-PHO,199801090PHO-SAS,PHO-1998,1,1998,94.72000000000001,78.4339393939394,cebalce01-1998
robincl02,23.066666666666666,1.1,199801090PHO-PHO,199801090PHO-SAS,PHO-1998,1,1998,25.373333333333335,78.4339393939394,robincl02-1998
mcdyean01,20.783333333333335,4.3,199801090PHO-PHO,199801090PHO-SAS,PHO-1998,1,1998,89.36833333333334,78.4339393939394,mcdyean01-1998
bryanma01,11.933333333333334,-0.3,199801090PHO-PHO,199801090PHO-SAS,PHO-1998,1,1998,-3.58,78.4339393939394,bryanma01-1998
milicma01,5.25,-3.2,199801090PHO-PHO,199801090PHO-SAS,PHO-1998,1,1998,-16.8,78.4339393939394,milicma01-1998
thompbr01,5.216666666666667,0.2,199801090PHO-PHO,199801090PHO-SAS,PHO-1998,1,1998,1.0433333333333334,78.4339393939394,thompbr01-1998
duncati01,38.88333333333333,9.6,199801100SAS-SAS,199801100SAS-SAC,SAS-1998,1,1998,373.28,87.25166666666667,duncati01-1998
jacksja01,32.583333333333336,6.6,199801100SAS-SAS,199801100SAS-SAC,SAS-1998,1,1998,215.05,87.25166666666667,jacksja01-1998
persoch01,29.15,-3.5,199801100SAS-SAS,199801100SAS-SAC,SAS-1998,1,1998,-102.02499999999999,87.25166666666667,persoch01-1998
robinda01,27.85,4.8,199801100SAS-SAS,199801100SAS-SAC,SAS-1998,1,1998,133.68,87.25166666666667,robinda01-1998
johnsav01,27.316666666666666,6.1,199801100SAS-SAS,199801100SAS-SAC,SAS-1998,1,1998,166.63166666666666,87.25166666666667,johnsav01-1998
willimo01,21.033333333333335,1.4,199801100SAS-SAS,199801100SAS-SAC,SAS-1998,1,1998,29.446666666666665,87.25166666666667,willimo01-1998
gearyre01,20.166666666666668,3.8,199801100SAS-SAS,199801100SAS-SAC,SAS-1998,1,1998,76.63333333333334,87.25166666666667,gearyre01-1998
perduwi01,20.15,1.8,199801100SAS-SAS,199801100SAS-SAC,SAS-1998,1,1998,36.269999999999996,87.25166666666667,perduwi01-1998
alexaco01,10.166666666666666,2.7,199801100SAS-SAS,199801100SAS-SAC,SAS-1998,1,1998,27.45,87.25166666666667,alexaco01-1998
herreca01,9.116666666666667,0.8,199801100SAS-SAS,199801100SAS-SAC,SAS-1998,1,1998,7.293333333333334,87.25166666666667,herreca01-1998
rosema01,3.5833333333333335,-1.1,199801100SAS-SAS,199801100SAS-SAC,SAS-1998,1,1998,-3.9416666666666673,87.25166666666667,rosema01-1998
walkean02,38.93333333333333,-0.7,199801130BOS-BOS,199801130BOS-SAS,BOS-1998,0,1998,-27.25333333333333,19.67816666666667,walkean02-1998
bowenbr01,35.71666666666667,0.7,199801130BOS-BOS,199801130BOS-SAS,BOS-1998,0,1998,25.001666666666665,19.67816666666667,bowenbr01-1998
billuch01,35.35,8.8,199801130BOS-BOS,199801130BOS-SAS,BOS-1998,0,1998,311.08000000000004,19.67816666666667,billuch01-1998
mercero01,34.31666666666667,-3,199801130BOS-BOS,199801130BOS-SAS,BOS-1998,0,1998,-102.95000000000002,19.67816666666667,mercero01-1998
knightr01,23.8,-1.4,199801130BOS-BOS,199801130BOS-SAS,BOS-1998,0,1998,-33.32,19.67816666666667,knightr01-1998
declean01,20.4,2.4,199801130BOS-BOS,199801130BOS-SAS,BOS-1998,0,1998,48.959999999999994,19.67816666666667,declean01-1998
mccarwa01,17.75,-4.5,199801130BOS-BOS,199801130BOS-SAS,BOS-1998,0,1998,-79.875,19.67816666666667,mccarwa01-1998
barroda01,12.816666666666666,5,199801130BOS-BOS,199801130BOS-SAS,BOS-1998,0,1998,64.08333333333333,19.67816666666667,barroda01-1998
thomajo02,10.6,1.2,199801130BOS-BOS,199801130BOS-SAS,BOS-1998,0,1998,12.719999999999999,19.67816666666667,thomajo02-1998
minorgr01,10.316666666666666,-2.1,199801130BOS-BOS,199801130BOS-SAS,BOS-1998,0,1998,-21.665,19.67816666666667,minorgr01-1998
webbech01,46.516666666666666,7.4,199801140WAS-WAS,199801140WAS-SAS,WAS-1998,0,1998,344.22333333333336,56.544393939393935,webbech01-1998
stricro02,44.43333333333333,8.5,199801140WAS-WAS,199801140WAS-SAS,WAS-1998,0,1998,377.6833333333333,56.544393939393935,stricro02-1998
howarju01,43.1,1.2,199801140WAS-WAS,199801140WAS-SAS,WAS-1998,0,1998,51.72,56.544393939393935,howarju01-1998
cheanca01,37.05,-1,199801140WAS-WAS,199801140WAS-SAS,WAS-1998,0,1998,-37.05,56.544393939393935,cheanca01-1998
daviste01,32.96666666666667,-2,199801140WAS-WAS,199801140WAS-SAS,WAS-1998,0,1998,-65.93333333333334,56.544393939393935,daviste01-1998
murratr01,14.966666666666667,-2.4,199801140WAS-WAS,199801140WAS-SAS,WAS-1998,0,1998,-35.92,56.544393939393935,murratr01-1998
eacklle01,10.25,-0.5,199801140WAS-WAS,199801140WAS-SAS,WAS-1998,0,1998,-5.125,56.544393939393935,eacklle01-1998
whitnch01,3.5666666666666664,-0.6,199801140WAS-WAS,199801140WAS-SAS,WAS-1998,0,1998,-2.1399999999999997,56.544393939393935,whitnch01-1998
grantha01,3.2,-1.3,199801140WAS-WAS,199801140WAS-SAS,WAS-1998,0,1998,-4.16,56.544393939393935,grantha01-1998
wallabe01,2,1.1,199801140WAS-WAS,199801140WAS-SAS,WAS-1998,0,1998,2.2,56.544393939393935,wallabe01-1998
legleti01,1.95,-1.8,199801140WAS-WAS,199801140WAS-SAS,WAS-1998,0,1998,-3.51,56.544393939393935,legleti01-1998
wesleda01,43.18333333333333,10.4,199801160CHH-CHH,199801160CHH-SAS,CHH-1998,0,1998,449.1066666666666,78.51770833333333,wesleda01-1998
geigema01,42.61666666666667,7.1,199801160CHH-CHH,199801160CHH-SAS,CHH-1998,0,1998,302.5783333333333,78.51770833333333,geigema01-1998
ricegl01,41.983333333333334,-1.5,199801160CHH-CHH,199801160CHH-SAS,CHH-1998,0,1998,-62.975,78.51770833333333,ricegl01-1998
masonan01,37.03333333333333,0.4,199801160CHH-CHH,199801160CHH-SAS,CHH-1998,0,1998,14.813333333333333,78.51770833333333,masonan01-1998
beckco01,27.783333333333335,-0.2,199801160CHH-CHH,199801160CHH-SAS,CHH-1998,0,1998,-5.5566666666666675,78.51770833333333,beckco01-1998
armstbj01,20.216666666666665,-4.1,199801160CHH-CHH,199801160CHH-SAS,CHH-1998,0,1998,-82.88833333333332,78.51770833333333,armstbj01-1998
divacvl01,18.216666666666665,1.8,199801160CHH-CHH,199801160CHH-SAS,CHH-1998,0,1998,32.79,78.51770833333333,divacvl01-1998
willitr01,8.966666666666667,-2.2,199801160CHH-CHH,199801160CHH-SAS,CHH-1998,0,1998,-19.72666666666667,78.51770833333333,willitr01-1998
allenra02,45.46666666666667,-0.4,199801180MIL-MIL,199801180MIL-SAS,MIL-1998,0,1998,-18.186666666666667,47.82833333333333,allenra02-1998
brandte01,40.983333333333334,6.5,199801180MIL-MIL,199801180MIL-SAS,MIL-1998,0,1998,266.39166666666665,47.82833333333333,brandte01-1998
hillty01,39.916666666666664,4.3,199801180MIL-MIL,199801180MIL-SAS,MIL-1998,0,1998,171.64166666666665,47.82833333333333,hillty01-1998
piercri01,28.416666666666668,3.9,199801180MIL-MIL,199801180MIL-SAS,MIL-1998,0,1998,110.825,47.82833333333333,piercri01-1998
johnser02,27.233333333333334,-1,199801180MIL-MIL,199801180MIL-SAS,MIL-1998,0,1998,-27.233333333333334,47.82833333333333,johnser02-1998
gilliar01,24.6,3.3,199801180MIL-MIL,199801180MIL-SAS,MIL-1998,0,1998,81.18,47.82833333333333,gilliar01-1998
perryel01,22.55,-2.6,199801180MIL-MIL,199801180MIL-SAS,MIL-1998,0,1998,-58.63,47.82833333333333,perryel01-1998
currymi01,21.583333333333332,-3.7,199801180MIL-MIL,199801180MIL-SAS,MIL-1998,0,1998,-79.85833333333333,47.82833333333333,currymi01-1998
langan01,14.25,-1.1,199801180MIL-MIL,199801180MIL-SAS,MIL-1998,0,1998,-15.675,47.82833333333333,langan01-1998
vanhoke01,43.75,-3.8,199801190NJN-NJN,199801190NJN-SAS,NJN-1998,1,1998,-166.25,52.94166666666667,vanhoke01-1998
kittlke01,36.06666666666667,6.4,199801190NJN-NJN,199801190NJN-SAS,NJN-1998,1,1998,230.8266666666667,52.94166666666667,kittlke01-1998
willija01,34.35,3.1,199801190NJN-NJN,199801190NJN-SAS,NJN-1998,1,1998,106.48500000000001,52.94166666666667,willija01-1998
cassesa01,29.6,8,199801190NJN-NJN,199801190NJN-SAS,NJN-1998,1,1998,236.8,52.94166666666667,cassesa01-1998
gillke01,28.266666666666666,-0.2,199801190NJN-NJN,199801190NJN-SAS,NJN-1998,1,1998,-5.653333333333333,52.94166666666667,gillke01-1998
benoida01,22.7,3.8,199801190NJN-NJN,199801190NJN-SAS,NJN-1998,1,1998,86.25999999999999,52.94166666666667,benoida01-1998
douglsh01,18.4,2.1,199801190NJN-NJN,199801190NJN-SAS,NJN-1998,1,1998,38.64,52.94166666666667,douglsh01-1998
cagemi01,12.366666666666667,3.4,199801190NJN-NJN,199801190NJN-SAS,NJN-1998,1,1998,42.04666666666667,52.94166666666667,cagemi01-1998
harrilu01,11.933333333333334,1.3,199801190NJN-NJN,199801190NJN-SAS,NJN-1998,1,1998,15.513333333333334,52.94166666666667,harrilu01-1998
haleyja01,1.2833333333333332,-0.9,199801190NJN-NJN,199801190NJN-SAS,NJN-1998,1,1998,-1.155,52.94166666666667,haleyja01-1998
mcdanxa01,1.2833333333333332,-0.9,199801190NJN-NJN,199801190NJN-SAS,NJN-1998,1,1998,-1.155,52.94166666666667,mcdanxa01-1998
perduwi01,42.45,4.3,199801210SAS-SAS,199801210SAS-ATL,SAS-1998,1,1998,182.535,61.89216666666667,perduwi01-1998
duncati01,29.816666666666666,12.9,199801210SAS-SAS,199801210SAS-ATL,SAS-1998,1,1998,384.635,61.89216666666667,duncati01-1998
delnevi01,27.833333333333332,-3.1,199801210SAS-SAS,199801210SAS-ATL,SAS-1998,1,1998,-86.28333333333333,61.89216666666667,delnevi01-1998
johnsav01,25.516666666666666,-0.4,199801210SAS-SAS,199801210SAS-ATL,SAS-1998,1,1998,-10.206666666666667,61.89216666666667,johnsav01-1998
jacksja01,23.866666666666667,1.5,199801210SAS-SAS,199801210SAS-ATL,SAS-1998,1,1998,35.8,61.89216666666667,jacksja01-1998
gearyre01,22.766666666666666,2.5,199801210SAS-SAS,199801210SAS-ATL,SAS-1998,1,1998,56.916666666666664,61.89216666666667,gearyre01-1998
robinda01,22.066666666666666,2.7,199801210SAS-SAS,199801210SAS-ATL,SAS-1998,1,1998,59.580000000000005,61.89216666666667,robinda01-1998
herreca01,18.183333333333334,-3.8,199801210SAS-SAS,199801210SAS-ATL,SAS-1998,1,1998,-69.09666666666666,61.89216666666667,herreca01-1998
persoch01,17.916666666666668,2.4,199801210SAS-SAS,199801210SAS-ATL,SAS-1998,1,1998,43,61.89216666666667,persoch01-1998
willimo01,9.583333333333334,2.3,199801210SAS-SAS,199801210SAS-ATL,SAS-1998,1,1998,22.041666666666668,61.89216666666667,willimo01-1998
duncati01,41.35,4.7,199801230SAS-SAS,199801230SAS-DAL,SAS-1998,1,1998,194.34500000000003,59.813333333333325,duncati01-1998
johnsav01,38.583333333333336,-0.3,199801230SAS-SAS,199801230SAS-DAL,SAS-1998,1,1998,-11.575000000000001,59.813333333333325,johnsav01-1998
robinda01,36.36666666666667,11.7,199801230SAS-SAS,199801230SAS-DAL,SAS-1998,1,1998,425.48999999999995,59.813333333333325,robinda01-1998
jacksja01,33.88333333333333,-3.2,199801230SAS-SAS,199801230SAS-DAL,SAS-1998,1,1998,-108.42666666666668,59.813333333333325,jacksja01-1998
perduwi01,28.066666666666666,3.9,199801230SAS-SAS,199801230SAS-DAL,SAS-1998,1,1998,109.46,59.813333333333325,perduwi01-1998
persoch01,21.45,-2.2,199801230SAS-SAS,199801230SAS-DAL,SAS-1998,1,1998,-47.190000000000005,59.813333333333325,persoch01-1998
delnevi01,18.533333333333335,-1.9,199801230SAS-SAS,199801230SAS-DAL,SAS-1998,1,1998,-35.21333333333334,59.813333333333325,delnevi01-1998
willimo01,11.65,0.9,199801230SAS-SAS,199801230SAS-DAL,SAS-1998,1,1998,10.485000000000001,59.813333333333325,willimo01-1998
gearyre01,9.45,0.1,199801230SAS-SAS,199801230SAS-DAL,SAS-1998,1,1998,0.945,59.813333333333325,gearyre01-1998
drexlcl01,36.416666666666664,11.1,199801240HOU-HOU,199801240HOU-SAS,HOU-1998,1,1998,404.22499999999997,70.78636363636363,drexlcl01-1998
malonma01,35.11666666666667,2.6,199801240HOU-HOU,199801240HOU-SAS,HOU-1998,1,1998,91.30333333333334,70.78636363636363,malonma01-1998
harriot01,28.366666666666667,2.3,199801240HOU-HOU,199801240HOU-SAS,HOU-1998,1,1998,65.24333333333333,70.78636363636363,harriot01-1998
barklch01,28.033333333333335,5.1,199801240HOU-HOU,199801240HOU-SAS,HOU-1998,1,1998,142.97,70.78636363636363,barklch01-1998
bullama01,26.033333333333335,5.7,199801240HOU-HOU,199801240HOU-SAS,HOU-1998,1,1998,148.39000000000001,70.78636363636363,bullama01-1998
rhodero01,25.266666666666666,-5.9,199801240HOU-HOU,199801240HOU-SAS,HOU-1998,1,1998,-149.07333333333332,70.78636363636363,rhodero01-1998
willike02,18.516666666666666,0,199801240HOU-HOU,199801240HOU-SAS,HOU-1998,1,1998,0,70.78636363636363,willike02-1998
jonesch01,14.566666666666666,1.8,199801240HOU-HOU,199801240HOU-SAS,HOU-1998,1,1998,26.22,70.78636363636363,jonesch01-1998
pricebr01,11.95,5.6,199801240HOU-HOU,199801240HOU-SAS,HOU-1998,1,1998,66.91999999999999,70.78636363636363,pricebr01-1998
johnsed03,11.583333333333334,-1.3,199801240HOU-HOU,199801240HOU-SAS,HOU-1998,1,1998,-15.058333333333335,70.78636363636363,johnsed03-1998
davisem01,4.15,-0.6,199801240HOU-HOU,199801240HOU-SAS,HOU-1998,1,1998,-2.49,70.78636363636363,davisem01-1998
duncati01,41.95,3.5,199801260SAS-SAS,199801260SAS-HOU,SAS-1998,1,1998,146.82500000000002,70.2975,duncati01-1998
johnsav01,36.9,7.9,199801260SAS-SAS,199801260SAS-HOU,SAS-1998,1,1998,291.51,70.2975,johnsav01-1998
perduwi01,31.716666666666665,-0.8,199801260SAS-SAS,199801260SAS-HOU,SAS-1998,1,1998,-25.373333333333335,70.2975,perduwi01-1998
robinda01,30.166666666666668,13.1,199801260SAS-SAS,199801260SAS-HOU,SAS-1998,1,1998,395.18333333333334,70.2975,robinda01-1998
delnevi01,28.15,-0.8,199801260SAS-SAS,199801260SAS-HOU,SAS-1998,1,1998,-22.52,70.2975,delnevi01-1998
persoch01,22.65,1.5,199801260SAS-SAS,199801260SAS-HOU,SAS-1998,1,1998,33.974999999999994,70.2975,persoch01-1998
jacksja01,18.25,-0.8,199801260SAS-SAS,199801260SAS-HOU,SAS-1998,1,1998,-14.600000000000001,70.2975,jacksja01-1998
gearyre01,11.1,3.1,199801260SAS-SAS,199801260SAS-HOU,SAS-1998,1,1998,34.41,70.2975,gearyre01-1998
willimo01,10.366666666666667,1.4,199801260SAS-SAS,199801260SAS-HOU,SAS-1998,1,1998,14.513333333333334,70.2975,willimo01-1998
herreca01,4.616666666666667,-2.8,199801260SAS-SAS,199801260SAS-HOU,SAS-1998,1,1998,-12.926666666666668,70.2975,herreca01-1998
rosema01,2.533333333333333,0.7,199801260SAS-SAS,199801260SAS-HOU,SAS-1998,1,1998,1.7733333333333332,70.2975,rosema01-1998
alexaco01,1.6,0.5,199801260SAS-SAS,199801260SAS-HOU,SAS-1998,1,1998,0.8,70.2975,alexaco01-1998
duncati01,36.31666666666667,5.1,199801280SAS-SAS,199801280SAS-LAC,SAS-1998,1,1998,185.215,64.12875000000001,duncati01-1998
perduwi01,28.65,-3.9,199801280SAS-SAS,199801280SAS-LAC,SAS-1998,1,1998,-111.73499999999999,64.12875000000001,perduwi01-1998
johnsav01,28.416666666666668,9.5,199801280SAS-SAS,199801280SAS-LAC,SAS-1998,1,1998,269.95833333333337,64.12875000000001,johnsav01-1998
robinda01,26.683333333333334,13.3,199801280SAS-SAS,199801280SAS-LAC,SAS-1998,1,1998,354.8883333333334,64.12875000000001,robinda01-1998
delnevi01,24.55,-0.9,199801280SAS-SAS,199801280SAS-LAC,SAS-1998,1,1998,-22.095000000000002,64.12875000000001,delnevi01-1998
persoch01,22.566666666666666,5,199801280SAS-SAS,199801280SAS-LAC,SAS-1998,1,1998,112.83333333333333,64.12875000000001,persoch01-1998
gearyre01,19.583333333333332,3,199801280SAS-SAS,199801280SAS-LAC,SAS-1998,1,1998,58.75,64.12875000000001,gearyre01-1998
jacksja01,18.066666666666666,2.7,199801280SAS-SAS,199801280SAS-LAC,SAS-1998,1,1998,48.78,64.12875000000001,jacksja01-1998
herreca01,14.433333333333334,-4.8,199801280SAS-SAS,199801280SAS-LAC,SAS-1998,1,1998,-69.28,64.12875000000001,herreca01-1998
willimo01,9.966666666666667,-4.5,199801280SAS-SAS,199801280SAS-LAC,SAS-1998,1,1998,-44.85,64.12875000000001,willimo01-1998
alexaco01,5.383333333333334,0.2,199801280SAS-SAS,199801280SAS-LAC,SAS-1998,1,1998,1.0766666666666669,64.12875000000001,alexaco01-1998
rosema01,5.383333333333334,-2.6,199801280SAS-SAS,199801280SAS-LAC,SAS-1998,1,1998,-13.996666666666668,64.12875000000001,rosema01-1998
murrala01,44.31666666666667,10,199801300LAC-LAC,199801300LAC-SAS,LAC-1998,0,1998,443.1666666666667,46.644444444444446,murrala01-1998
rogerro01,36.4,12.7,199801300LAC-LAC,199801300LAC-SAS,LAC-1998,0,1998,462.28,46.644444444444446,rogerro01-1998
wrighlo02,35.35,-2.7,199801300LAC-LAC,199801300LAC-SAS,LAC-1998,0,1998,-95.44500000000001,46.644444444444446,wrighlo02-1998
piatker01,34.05,-3.5,199801300LAC-LAC,199801300LAC-SAS,LAC-1998,0,1998,-119.17499999999998,46.644444444444446,piatker01-1998
martida01,28.966666666666665,-0.9,199801300LAC-LAC,199801300LAC-SAS,LAC-1998,0,1998,-26.07,46.644444444444446,martida01-1998
richapo01,19.033333333333335,-2.4,199801300LAC-LAC,199801300LAC-SAS,LAC-1998,0,1998,-45.68,46.644444444444446,richapo01-1998
tayloma01,18.733333333333334,-4.9,199801300LAC-LAC,199801300LAC-SAS,LAC-1998,0,1998,-91.79333333333335,46.644444444444446,tayloma01-1998
robinja02,16.116666666666667,-6.8,199801300LAC-LAC,199801300LAC-SAS,LAC-1998,0,1998,-109.59333333333333,46.644444444444446,robinja02-1998
vrankst01,7.033333333333333,0.3,199801300LAC-LAC,199801300LAC-SAS,LAC-1998,0,1998,2.11,46.644444444444446,vrankst01-1998
richmmi01,40.5,8.4,199802010SAC-SAC,199802010SAC-SAS,SAC-1998,0,1998,340.2,41.883500000000005,richmmi01-1998
willico02,36.86666666666667,6.2,199802010SAC-SAC,199802010SAC-SAS,SAC-1998,0,1998,228.57333333333335,41.883500000000005,willico02-1998
johnsan02,31.3,-5.2,199802010SAC-SAC,199802010SAC-SAS,SAC-1998,0,1998,-162.76000000000002,41.883500000000005,johnsan02-1998
owensbi01,30.85,5.7,199802010SAC-SAC,199802010SAC-SAS,SAC-1998,0,1998,175.84500000000003,41.883500000000005,owensbi01-1998
stewami01,25.616666666666667,-2.8,199802010SAC-SAC,199802010SAC-SAS,SAC-1998,0,1998,-71.72666666666666,41.883500000000005,stewami01-1998
polynol01,20.733333333333334,-1.1,199802010SAC-SAC,199802010SAC-SAS,SAC-1998,0,1998,-22.80666666666667,41.883500000000005,polynol01-1998
hurlebo01,16.7,-1.7,199802010SAC-SAC,199802010SAC-SAS,SAC-1998,0,1998,-28.389999999999997,41.883500000000005,hurlebo01-1998
smithmi02,16.233333333333334,-2.4,199802010SAC-SAC,199802010SAC-SAS,SAC-1998,0,1998,-38.96,41.883500000000005,smithmi02-1998
abdulta01,14.95,0.3,199802010SAC-SAC,199802010SAC-SAS,SAC-1998,0,1998,4.484999999999999,41.883500000000005,abdulta01-1998
hendrma01,6.25,-0.9,199802010SAC-SAC,199802010SAC-SAS,SAC-1998,0,1998,-5.625,41.883500000000005,hendrma01-1998
delkto01,43.733333333333334,1.4,199802030GSW-GSW,199802030GSW-SAS,GSW-1998,0,1998,61.22666666666667,19.291111111111114,delkto01-1998
marshdo01,41.483333333333334,3.4,199802030GSW-GSW,199802030GSW-SAS,GSW-1998,0,1998,141.04333333333332,19.291111111111114,marshdo01-1998
ferredu01,38.95,0,199802030GSW-GSW,199802030GSW-SAS,GSW-1998,0,1998,0,19.291111111111114,ferredu01-1998
smithjo02,35.35,-2.1,199802030GSW-GSW,199802030GSW-SAS,GSW-1998,0,1998,-74.235,19.291111111111114,smithjo02-1998
dampier01,30.733333333333334,4.9,199802030GSW-GSW,199802030GSW-SAS,GSW-1998,0,1998,150.59333333333336,19.291111111111114,dampier01-1998
fulleto02,15.416666666666666,-6.1,199802030GSW-GSW,199802030GSW-SAS,GSW-1998,0,1998,-94.04166666666666,19.291111111111114,fulleto02-1998
foylead01,14.65,-5.4,199802030GSW-GSW,199802030GSW-SAS,GSW-1998,0,1998,-79.11000000000001,19.291111111111114,foylead01-1998
shawbr01,13.316666666666666,4.4,199802030GSW-GSW,199802030GSW-SAS,GSW-1998,0,1998,58.593333333333334,19.291111111111114,shawbr01-1998
vaughda02,6.366666666666666,1.5,199802030GSW-GSW,199802030GSW-SAS,GSW-1998,0,1998,9.549999999999999,19.291111111111114,vaughda02-1998
robinda01,42.85,1.7,199802110SAS-SAS,199802110SAS-SEA,SAS-1998,0,1998,72.845,53.64425925925926,robinda01-1998
johnsav01,42.46666666666667,1.1,199802110SAS-SAS,199802110SAS-SEA,SAS-1998,0,1998,46.71333333333334,53.64425925925926,johnsav01-1998
duncati01,40.45,0.3,199802110SAS-SAS,199802110SAS-SEA,SAS-1998,0,1998,12.135,53.64425925925926,duncati01-1998
jacksja01,31.45,6.7,199802110SAS-SAS,199802110SAS-SEA,SAS-1998,0,1998,210.715,53.64425925925926,jacksja01-1998
persoch01,30.95,3.7,199802110SAS-SAS,199802110SAS-SEA,SAS-1998,0,1998,114.515,53.64425925925926,persoch01-1998
delnevi01,19.816666666666666,-0.2,199802110SAS-SAS,199802110SAS-SEA,SAS-1998,0,1998,-3.9633333333333334,53.64425925925926,delnevi01-1998
perduwi01,17.5,-1,199802110SAS-SAS,199802110SAS-SEA,SAS-1998,0,1998,-17.5,53.64425925925926,perduwi01-1998
herreca01,8.983333333333333,4.9,199802110SAS-SAS,199802110SAS-SEA,SAS-1998,0,1998,44.01833333333333,53.64425925925926,herreca01-1998
gearyre01,5.533333333333333,0.6,199802110SAS-SAS,199802110SAS-SEA,SAS-1998,0,1998,3.32,53.64425925925926,gearyre01-1998
duncati01,45.56666666666667,9.9,199802140SAS-SAS,199802140SAS-PHO,SAS-1998,0,1998,451.11000000000007,23.93633333333334,duncati01-1998
jacksja01,41.1,-4.5,199802140SAS-SAS,199802140SAS-PHO,SAS-1998,0,1998,-184.95000000000002,23.93633333333334,jacksja01-1998
johnsav01,38.71666666666667,-4.3,199802140SAS-SAS,199802140SAS-PHO,SAS-1998,0,1998,-166.48166666666665,23.93633333333334,johnsav01-1998
delnevi01,29.083333333333332,-0.8,199802140SAS-SAS,199802140SAS-PHO,SAS-1998,0,1998,-23.266666666666666,23.93633333333334,delnevi01-1998
perduwi01,25.983333333333334,4.1,199802140SAS-SAS,199802140SAS-PHO,SAS-1998,0,1998,106.53166666666667,23.93633333333334,perduwi01-1998
persoch01,22.066666666666666,-0.9,199802140SAS-SAS,199802140SAS-PHO,SAS-1998,0,1998,-19.86,23.93633333333334,persoch01-1998
robinda01,17.05,6.7,199802140SAS-SAS,199802140SAS-PHO,SAS-1998,0,1998,114.23500000000001,23.93633333333334,robinda01-1998
herreca01,11.15,-3.1,199802140SAS-SAS,199802140SAS-PHO,SAS-1998,0,1998,-34.565000000000005,23.93633333333334,herreca01-1998
gearyre01,5.016666666666667,0.6,199802140SAS-SAS,199802140SAS-PHO,SAS-1998,0,1998,3.01,23.93633333333334,gearyre01-1998
alexaco01,4.266666666666667,-1.5,199802140SAS-SAS,199802140SAS-PHO,SAS-1998,0,1998,-6.4,23.93633333333334,alexaco01-1998
johnsav01,45.15,-4,199802170SAS-SAS,199802170SAS-DET,SAS-1998,1,1998,-180.6,40.605,johnsav01-1998
duncati01,42.06666666666667,16.4,199802170SAS-SAS,199802170SAS-DET,SAS-1998,1,1998,689.8933333333333,40.605,duncati01-1998
delnevi01,37.55,-9.3,199802170SAS-SAS,199802170SAS-DET,SAS-1998,1,1998,-349.215,40.605,delnevi01-1998
jacksja01,35.18333333333333,0.8,199802170SAS-SAS,199802170SAS-DET,SAS-1998,1,1998,28.146666666666665,40.605,jacksja01-1998
willimo01,30.483333333333334,6.3,199802170SAS-SAS,199802170SAS-DET,SAS-1998,1,1998,192.045,40.605,willimo01-1998
persoch01,16,0.1,199802170SAS-SAS,199802170SAS-DET,SAS-1998,1,1998,1.6,40.605,persoch01-1998
herreca01,15.633333333333333,-3.5,199802170SAS-SAS,199802170SAS-DET,SAS-1998,1,1998,-54.71666666666667,40.605,herreca01-1998
perduwi01,14.65,2.3,199802170SAS-SAS,199802170SAS-DET,SAS-1998,1,1998,33.695,40.605,perduwi01-1998
gearyre01,3.283333333333333,1.4,199802170SAS-SAS,199802170SAS-DET,SAS-1998,1,1998,4.596666666666666,40.605,gearyre01-1998
davishu01,37.5,-8.6,199802190DAL-DAL,199802190DAL-SAS,DAL-1998,0,1998,-322.5,2.1973333333333414,davishu01-1998
wellsbu01,33.583333333333336,13.8,199802190DAL-DAL,199802190DAL-SAS,DAL-1998,0,1998,463.45000000000005,2.1973333333333414,wellsbu01-1998
finlemi01,33.05,-2.3,199802190DAL-DAL,199802190DAL-SAS,DAL-1998,0,1998,-76.01499999999999,2.1973333333333414,finlemi01-1998
bradlsh01,26.783333333333335,5.1,199802190DAL-DAL,199802190DAL-SAS,DAL-1998,0,1998,136.595,2.1973333333333414,bradlsh01-1998
greenac01,25.833333333333332,-6.5,199802190DAL-DAL,199802190DAL-SAS,DAL-1998,0,1998,-167.91666666666666,2.1973333333333414,greenac01-1998
stricer01,19.966666666666665,-3.3,199802190DAL-DAL,199802190DAL-SAS,DAL-1998,0,1998,-65.88999999999999,2.1973333333333414,stricer01-1998
anstech01,19.916666666666668,3.1,199802190DAL-DAL,199802190DAL-SAS,DAL-1998,0,1998,61.741666666666674,2.1973333333333414,anstech01-1998
reevekh01,19.483333333333334,-1,199802190DAL-DAL,199802190DAL-SAS,DAL-1998,0,1998,-19.483333333333334,2.1973333333333414,reevekh01-1998
rileyer01,11.95,3.5,199802190DAL-DAL,199802190DAL-SAS,DAL-1998,0,1998,41.824999999999996,2.1973333333333414,rileyer01-1998
muursma01,11.933333333333334,-2.5,199802190DAL-DAL,199802190DAL-SAS,DAL-1998,0,1998,-29.833333333333336,2.1973333333333414,muursma01-1998
duncati01,45.18333333333333,16.8,199802210SAS-SAS,199802210SAS-UTA,SAS-1998,0,1998,759.0799999999999,109.27749999999997,duncati01-1998
delnevi01,41.6,4.1,199802210SAS-SAS,199802210SAS-UTA,SAS-1998,0,1998,170.56,109.27749999999997,delnevi01-1998
johnsav01,39.63333333333333,8.2,199802210SAS-SAS,199802210SAS-UTA,SAS-1998,0,1998,324.9933333333333,109.27749999999997,johnsav01-1998
willimo01,29.366666666666667,-2.5,199802210SAS-SAS,199802210SAS-UTA,SAS-1998,0,1998,-73.41666666666667,109.27749999999997,willimo01-1998
herreca01,25.75,-4.4,199802210SAS-SAS,199802210SAS-UTA,SAS-1998,0,1998,-113.30000000000001,109.27749999999997,herreca01-1998
jacksja01,25.65,-7.2,199802210SAS-SAS,199802210SAS-UTA,SAS-1998,0,1998,-184.68,109.27749999999997,jacksja01-1998
perduwi01,24.45,1,199802210SAS-SAS,199802210SAS-UTA,SAS-1998,0,1998,24.45,109.27749999999997,perduwi01-1998
gearyre01,8.366666666666667,-4,199802210SAS-SAS,199802210SAS-UTA,SAS-1998,0,1998,-33.46666666666667,109.27749999999997,gearyre01-1998
chapmre01,37.43333333333333,3,199802220PHO-PHO,199802220PHO-SAS,PHO-1998,1,1998,112.29999999999998,64.674090909090907,chapmre01-1998
kiddja01,37.3,4.1,199802220PHO-PHO,199802220PHO-SAS,PHO-1998,1,1998,152.92999999999998,64.674090909090907,kiddja01-1998
robincl02,36.1,6,199802220PHO-PHO,199802220PHO-SAS,PHO-1998,1,1998,216.60000000000002,64.674090909090907,robincl02-1998
mcdyean01,31.616666666666667,-4.4,199802220PHO-PHO,199802220PHO-SAS,PHO-1998,1,1998,-139.11333333333334,64.674090909090907,mcdyean01-1998
mannida01,29.15,7.5,199802220PHO-PHO,199802220PHO-SAS,PHO-1998,1,1998,218.625,64.674090909090907,mannida01-1998
johnske02,24.433333333333334,3.9,199802220PHO-PHO,199802220PHO-SAS,PHO-1998,1,1998,95.28999999999999,64.674090909090907,johnske02-1998
bryanma01,16.966666666666665,2,199802220PHO-PHO,199802220PHO-SAS,PHO-1998,1,1998,33.93333333333333,64.674090909090907,bryanma01-1998
scottde01,15.666666666666666,1.9,199802220PHO-PHO,199802220PHO-SAS,PHO-1998,1,1998,29.766666666666666,64.674090909090907,scottde01-1998
mccloge01,7.483333333333333,-1.5,199802220PHO-PHO,199802220PHO-SAS,PHO-1998,1,1998,-11.225,64.674090909090907,mccloge01-1998
williho01,3.3666666666666667,0.7,199802220PHO-PHO,199802220PHO-SAS,PHO-1998,1,1998,2.3566666666666665,64.674090909090907,williho01-1998
milicma01,0.48333333333333334,-0.1,199802220PHO-PHO,199802220PHO-SAS,PHO-1998,1,1998,-0.04833333333333334,64.674090909090907,milicma01-1998
johnsav01,43.95,0.3,199802240SAS-SAS,199802240SAS-MIN,SAS-1998,1,1998,13.185,45.483703703703696,johnsav01-1998
perduwi01,39.53333333333333,-0.7,199802240SAS-SAS,199802240SAS-MIN,SAS-1998,1,1998,-27.673333333333332,45.483703703703696,perduwi01-1998
delnevi01,38.166666666666664,6.1,199802240SAS-SAS,199802240SAS-MIN,SAS-1998,1,1998,232.81666666666663,45.483703703703696,delnevi01-1998
duncati01,35.85,3.6,199802240SAS-SAS,199802240SAS-MIN,SAS-1998,1,1998,129.06,45.483703703703696,duncati01-1998
jacksja01,26.883333333333333,-1.7,199802240SAS-SAS,199802240SAS-MIN,SAS-1998,1,1998,-45.70166666666667,45.483703703703696,jacksja01-1998
rosema01,21.466666666666665,3,199802240SAS-SAS,199802240SAS-MIN,SAS-1998,1,1998,64.39999999999999,45.483703703703696,rosema01-1998
herreca01,19.433333333333334,2.2,199802240SAS-SAS,199802240SAS-MIN,SAS-1998,1,1998,42.75333333333334,45.483703703703696,herreca01-1998
willimo01,10.666666666666666,0.2,199802240SAS-SAS,199802240SAS-MIN,SAS-1998,1,1998,2.1333333333333333,45.483703703703696,willimo01-1998
gearyre01,4.05,-0.4,199802240SAS-SAS,199802240SAS-MIN,SAS-1998,1,1998,-1.62,45.483703703703696,gearyre01-1998
duncati01,38.65,12.3,199802260SAS-SAS,199802260SAS-TOR,SAS-1998,1,1998,475.395,50.836666666666666,duncati01-1998
johnsav01,33.85,1.9,199802260SAS-SAS,199802260SAS-TOR,SAS-1998,1,1998,64.315,50.836666666666666,johnsav01-1998
jacksja01,30.933333333333334,-5.7,199802260SAS-SAS,199802260SAS-TOR,SAS-1998,1,1998,-176.32,50.836666666666666,jacksja01-1998
delnevi01,29.866666666666667,5,199802260SAS-SAS,199802260SAS-TOR,SAS-1998,1,1998,149.33333333333334,50.836666666666666,delnevi01-1998
perduwi01,29.55,0.8,199802260SAS-SAS,199802260SAS-TOR,SAS-1998,1,1998,23.64,50.836666666666666,perduwi01-1998
willimo01,26.2,2.3,199802260SAS-SAS,199802260SAS-TOR,SAS-1998,1,1998,60.25999999999999,50.836666666666666,willimo01-1998
herreca01,16.85,-7,199802260SAS-SAS,199802260SAS-TOR,SAS-1998,1,1998,-117.95000000000002,50.836666666666666,herreca01-1998
gearyre01,14.15,-1,199802260SAS-SAS,199802260SAS-TOR,SAS-1998,1,1998,-14.15,50.836666666666666,gearyre01-1998
rosema01,13.833333333333334,3.7,199802260SAS-SAS,199802260SAS-TOR,SAS-1998,1,1998,51.18333333333334,50.836666666666666,rosema01-1998
burtowi01,6.116666666666666,-1.2,199802260SAS-SAS,199802260SAS-TOR,SAS-1998,1,1998,-7.339999999999999,50.836666666666666,burtowi01-1998
duncati01,44.65,12.2,199802280SAS-SAS,199802280SAS-PHI,SAS-1998,1,1998,544.7299999999999,84.20966666666665,duncati01-1998
johnsav01,40.63333333333333,9,199802280SAS-SAS,199802280SAS-PHI,SAS-1998,1,1998,365.7,84.20966666666665,johnsav01-1998
delnevi01,38.53333333333333,0.5,199802280SAS-SAS,199802280SAS-PHI,SAS-1998,1,1998,19.266666666666666,84.20966666666665,delnevi01-1998
willimo01,24.966666666666665,-4.5,199802280SAS-SAS,199802280SAS-PHI,SAS-1998,1,1998,-112.35,84.20966666666665,willimo01-1998
robinda01,24.35,3.9,199802280SAS-SAS,199802280SAS-PHI,SAS-1998,1,1998,94.965,84.20966666666665,robinda01-1998
perduwi01,21.55,-3.5,199802280SAS-SAS,199802280SAS-PHI,SAS-1998,1,1998,-75.425,84.20966666666665,perduwi01-1998
jacksja01,17.266666666666666,3.3,199802280SAS-SAS,199802280SAS-PHI,SAS-1998,1,1998,56.98,84.20966666666665,jacksja01-1998
rosema01,15.533333333333333,-4.5,199802280SAS-SAS,199802280SAS-PHI,SAS-1998,1,1998,-69.9,84.20966666666665,rosema01-1998
gearyre01,7.366666666666666,3.3,199802280SAS-SAS,199802280SAS-PHI,SAS-1998,1,1998,24.31,84.20966666666665,gearyre01-1998
herreca01,5.15,-1.2,199802280SAS-SAS,199802280SAS-PHI,SAS-1998,1,1998,-6.180000000000001,84.20966666666665,herreca01-1998
richmmi01,42.266666666666666,-1.5,199803020SAC-SAC,199803020SAC-SAS,SAC-1998,0,1998,-63.4,0.27500000000000085,richmmi01-1998
johnsan02,37.266666666666666,2.8,199803020SAC-SAC,199803020SAC-SAS,SAC-1998,0,1998,104.34666666666666,0.27500000000000085,johnsan02-1998
willico02,31.216666666666665,-3.3,199803020SAC-SAC,199803020SAC-SAS,SAC-1998,0,1998,-103.01499999999999,0.27500000000000085,willico02-1998
fundela01,27.366666666666667,4.3,199803020SAC-SAC,199803020SAC-SAS,SAC-1998,0,1998,117.67666666666666,0.27500000000000085,fundela01-1998
thorpot01,23.3,-0.7,199803020SAC-SAC,199803020SAC-SAS,SAC-1998,0,1998,-16.31,0.27500000000000085,thorpot01-1998
owensbi01,20.633333333333333,3.7,199803020SAC-SAC,199803020SAC-SAS,SAC-1998,0,1998,76.34333333333333,0.27500000000000085,owensbi01-1998
stewami01,13.5,-4,199803020SAC-SAC,199803020SAC-SAS,SAC-1998,0,1998,-54,0.27500000000000085,stewami01-1998
hendrma01,12,-1.8,199803020SAC-SAC,199803020SAC-SAS,SAC-1998,0,1998,-21.6,0.27500000000000085,hendrma01-1998
polynol01,11.2,-2.7,199803020SAC-SAC,199803020SAC-SAS,SAC-1998,0,1998,-30.24,0.27500000000000085,polynol01-1998
deherte01,10.733333333333333,2.7,199803020SAC-SAC,199803020SAC-SAS,SAC-1998,0,1998,28.98,0.27500000000000085,deherte01-1998
abdulta01,10.516666666666667,-3.4,199803020SAC-SAC,199803020SAC-SAS,SAC-1998,0,1998,-35.75666666666667,0.27500000000000085,abdulta01-1998
jacksji01,41.86666666666667,4.8,199803040GSW-GSW,199803040GSW-SAS,GSW-1998,1,1998,200.96,62.743125000000006,jacksji01-1998
marshdo01,38.333333333333336,4.9,199803040GSW-GSW,199803040GSW-SAS,GSW-1998,1,1998,187.83333333333337,62.743125000000006,marshdo01-1998
weathcl01,36.766666666666666,2,199803040GSW-GSW,199803040GSW-SAS,GSW-1998,1,1998,73.53333333333333,62.743125000000006,weathcl01-1998
boguemu01,33.766666666666666,-2.3,199803040GSW-GSW,199803040GSW-SAS,GSW-1998,1,1998,-77.66333333333333,62.743125000000006,boguemu01-1998
dampier01,30.05,2.2,199803040GSW-GSW,199803040GSW-SAS,GSW-1998,1,1998,66.11000000000001,62.743125000000006,dampier01-1998
delkto01,20.916666666666668,2.2,199803040GSW-GSW,199803040GSW-SAS,GSW-1998,1,1998,46.01666666666667,62.743125000000006,delkto01-1998
caffeja01,20.35,1.4,199803040GSW-GSW,199803040GSW-SAS,GSW-1998,1,1998,28.49,62.743125000000006,caffeja01-1998
spencfe01,17.95,-1.3,199803040GSW-GSW,199803040GSW-SAS,GSW-1998,1,1998,-23.335,62.743125000000006,spencfe01-1998
jonesed02,42.9,-3.7,199803060LAL-LAL,199803060LAL-SAS,LAL-1998,1,1998,-158.73,99.28687500000001,jonesed02-1998
fishede01,41.96666666666667,11.3,199803060LAL-LAL,199803060LAL-SAS,LAL-1998,1,1998,474.22333333333336,99.28687500000001,fishede01-1998
onealsh01,41.03333333333333,5.2,199803060LAL-LAL,199803060LAL-SAS,LAL-1998,1,1998,213.37333333333333,99.28687500000001,onealsh01-1998
foxri01,33.95,3.9,199803060LAL-LAL,199803060LAL-SAS,LAL-1998,1,1998,132.405,99.28687500000001,foxri01-1998
campbel01,31.816666666666666,1.2,199803060LAL-LAL,199803060LAL-SAS,LAL-1998,1,1998,38.18,99.28687500000001,campbel01-1998
horryro01,23.116666666666667,2.4,199803060LAL-LAL,199803060LAL-SAS,LAL-1998,1,1998,55.48,99.28687500000001,horryro01-1998
bryanko01,21.333333333333332,2.1,199803060LAL-LAL,199803060LAL-SAS,LAL-1998,1,1998,44.8,99.28687500000001,bryanko01-1998
bennema01,3.8833333333333333,-1.4,199803060LAL-LAL,199803060LAL-SAS,LAL-1998,1,1998,-5.4366666666666665,99.28687500000001,bennema01-1998
rideris01,44.63333333333333,1.9,199803080POR-POR,199803080POR-SAS,POR-1998,0,1998,84.80333333333333,52.48592592592593,rideris01-1998
wallara01,40.06666666666667,-1,199803080POR-POR,199803080POR-SAS,POR-1998,0,1998,-40.06666666666667,52.48592592592593,wallara01-1998
grantbr01,38.68333333333333,-4.1,199803080POR-POR,199803080POR-SAS,POR-1998,0,1998,-158.60166666666663,52.48592592592593,grantbr01-1998
sabonar01,38.13333333333333,10.9,199803080POR-POR,199803080POR-SAS,POR-1998,0,1998,415.65333333333336,52.48592592592593,sabonar01-1998
grantga01,25.483333333333334,1.8,199803080POR-POR,199803080POR-SAS,POR-1998,0,1998,45.870000000000005,52.48592592592593,grantga01-1998
brunsri01,22.516666666666666,6.2,199803080POR-POR,199803080POR-SAS,POR-1998,0,1998,139.60333333333332,52.48592592592593,brunsri01-1998
williwa02,18.6,-0.1,199803080POR-POR,199803080POR-SAS,POR-1998,0,1998,-1.8600000000000003,52.48592592592593,williwa02-1998
onealje01,10.216666666666667,-0.9,199803080POR-POR,199803080POR-SAS,POR-1998,0,1998,-9.195,52.48592592592593,onealje01-1998
catoke01,1.6666666666666665,-2.3,199803080POR-POR,199803080POR-SAS,POR-1998,0,1998,-3.8333333333333326,52.48592592592593,catoke01-1998
delnevi01,46.18333333333333,1.7,199803100SAS-SAS,199803100SAS-NJN,SAS-1998,1,1998,78.51166666666666,42.72816666666666,delnevi01-1998
duncati01,36.96666666666667,-3.7,199803100SAS-SAS,199803100SAS-NJN,SAS-1998,1,1998,-136.77666666666667,42.72816666666666,duncati01-1998
robinda01,34.68333333333333,10.7,199803100SAS-SAS,199803100SAS-NJN,SAS-1998,1,1998,371.1116666666666,42.72816666666666,robinda01-1998
persoch01,31.833333333333332,2.1,199803100SAS-SAS,199803100SAS-NJN,SAS-1998,1,1998,66.85,42.72816666666666,persoch01-1998
jacksja01,31.516666666666666,0.3,199803100SAS-SAS,199803100SAS-NJN,SAS-1998,1,1998,9.455,42.72816666666666,jacksja01-1998
gearyre01,18.3,-0.6,199803100SAS-SAS,199803100SAS-NJN,SAS-1998,1,1998,-10.98,42.72816666666666,gearyre01-1998
willimo01,16.233333333333334,2.7,199803100SAS-SAS,199803100SAS-NJN,SAS-1998,1,1998,43.830000000000005,42.72816666666666,willimo01-1998
rosema01,10.033333333333333,0.2,199803100SAS-SAS,199803100SAS-NJN,SAS-1998,1,1998,2.006666666666667,42.72816666666666,rosema01-1998
perduwi01,9.25,0.3,199803100SAS-SAS,199803100SAS-NJN,SAS-1998,1,1998,2.775,42.72816666666666,perduwi01-1998
herreca01,4.983333333333333,0.1,199803100SAS-SAS,199803100SAS-NJN,SAS-1998,1,1998,0.49833333333333335,42.72816666666666,herreca01-1998
delnevi01,40.9,1.1,199803120SAS-SAS,199803120SAS-SAC,SAS-1998,1,1998,44.99,75.12212121212121,delnevi01-1998
robinda01,38.78333333333333,12,199803120SAS-SAS,199803120SAS-SAC,SAS-1998,1,1998,465.4,75.12212121212121,robinda01-1998
persoch01,33.15,3.9,199803120SAS-SAS,199803120SAS-SAC,SAS-1998,1,1998,129.285,75.12212121212121,persoch01-1998
duncati01,33.13333333333333,10.8,199803120SAS-SAS,199803120SAS-SAC,SAS-1998,1,1998,357.84000000000003,75.12212121212121,duncati01-1998
jacksja01,30.966666666666665,2.5,199803120SAS-SAS,199803120SAS-SAC,SAS-1998,1,1998,77.41666666666666,75.12212121212121,jacksja01-1998
gearyre01,24.133333333333333,-5.9,199803120SAS-SAS,199803120SAS-SAC,SAS-1998,1,1998,-142.38666666666668,75.12212121212121,gearyre01-1998
perduwi01,20.016666666666666,-3.6,199803120SAS-SAS,199803120SAS-SAC,SAS-1998,1,1998,-72.06,75.12212121212121,perduwi01-1998
willimo01,10.083333333333334,-2.6,199803120SAS-SAS,199803120SAS-SAC,SAS-1998,1,1998,-26.21666666666667,75.12212121212121,willimo01-1998
rosema01,5.166666666666667,-1.9,199803120SAS-SAS,199803120SAS-SAC,SAS-1998,1,1998,-9.816666666666666,75.12212121212121,rosema01-1998
herreca01,1.9166666666666665,-0.2,199803120SAS-SAS,199803120SAS-SAC,SAS-1998,1,1998,-0.3833333333333333,75.12212121212121,herreca01-1998
burtowi01,1.75,1.3,199803120SAS-SAS,199803120SAS-SAC,SAS-1998,1,1998,2.275,75.12212121212121,burtowi01-1998
duncati01,44.45,-2.9,199803140SAS-SAS,199803140SAS-CHI,SAS-1998,0,1998,-128.905,49.24866666666667,duncati01-1998
robinda01,40.56666666666667,17.5,199803140SAS-SAS,199803140SAS-CHI,SAS-1998,0,1998,709.9166666666667,49.24866666666667,robinda01-1998
persoch01,34,-3.8,199803140SAS-SAS,199803140SAS-CHI,SAS-1998,0,1998,-129.2,49.24866666666667,persoch01-1998
johnsav01,29.533333333333335,-3.9,199803140SAS-SAS,199803140SAS-CHI,SAS-1998,0,1998,-115.18,49.24866666666667,johnsav01-1998
jacksja01,29.4,4,199803140SAS-SAS,199803140SAS-CHI,SAS-1998,0,1998,117.6,49.24866666666667,jacksja01-1998
delnevi01,23.616666666666667,-0.2,199803140SAS-SAS,199803140SAS-CHI,SAS-1998,0,1998,-4.723333333333334,49.24866666666667,delnevi01-1998
willimo01,14.816666666666666,0.8,199803140SAS-SAS,199803140SAS-CHI,SAS-1998,0,1998,11.853333333333333,49.24866666666667,willimo01-1998
gearyre01,11.633333333333333,3.8,199803140SAS-SAS,199803140SAS-CHI,SAS-1998,0,1998,44.20666666666666,49.24866666666667,gearyre01-1998
perduwi01,10.983333333333333,-1.1,199803140SAS-SAS,199803140SAS-CHI,SAS-1998,0,1998,-12.081666666666667,49.24866666666667,perduwi01-1998
rosema01,1,-1,199803140SAS-SAS,199803140SAS-CHI,SAS-1998,0,1998,-1,49.24866666666667,rosema01-1998
duncati01,38.71666666666667,4.4,199803160SAS-SAS,199803160SAS-MIL,SAS-1998,1,1998,170.35333333333335,41.93590909090909,duncati01-1998
johnsav01,31.366666666666667,3.2,199803160SAS-SAS,199803160SAS-MIL,SAS-1998,1,1998,100.37333333333333,41.93590909090909,johnsav01-1998
robinda01,30.9,3.5,199803160SAS-SAS,199803160SAS-MIL,SAS-1998,1,1998,108.14999999999999,41.93590909090909,robinda01-1998
persoch01,30.816666666666666,-2.7,199803160SAS-SAS,199803160SAS-MIL,SAS-1998,1,1998,-83.205,41.93590909090909,persoch01-1998
delnevi01,29.45,3.9,199803160SAS-SAS,199803160SAS-MIL,SAS-1998,1,1998,114.85499999999999,41.93590909090909,delnevi01-1998
jacksja01,22.166666666666668,-2,199803160SAS-SAS,199803160SAS-MIL,SAS-1998,1,1998,-44.333333333333336,41.93590909090909,jacksja01-1998
perduwi01,17.083333333333332,0.2,199803160SAS-SAS,199803160SAS-MIL,SAS-1998,1,1998,3.4166666666666665,41.93590909090909,perduwi01-1998
gearyre01,16.6,4.7,199803160SAS-SAS,199803160SAS-MIL,SAS-1998,1,1998,78.02000000000001,41.93590909090909,gearyre01-1998
rosema01,12.266666666666667,-0.7,199803160SAS-SAS,199803160SAS-MIL,SAS-1998,1,1998,-8.586666666666666,41.93590909090909,rosema01-1998
burtowi01,7.8,3.3,199803160SAS-SAS,199803160SAS-MIL,SAS-1998,1,1998,25.74,41.93590909090909,burtowi01-1998
herreca01,2.6833333333333336,-1.3,199803160SAS-SAS,199803160SAS-MIL,SAS-1998,1,1998,-3.4883333333333337,41.93590909090909,herreca01-1998
garneke01,42.86666666666667,6,199803180MIN-MIN,199803180MIN-SAS,MIN-1998,0,1998,257.2,20.669848484848483,garneke01-1998
marbust01,39.516666666666666,5.6,199803180MIN-MIN,199803180MIN-SAS,MIN-1998,0,1998,221.29333333333332,20.669848484848483,marbust01-1998
mitchsa01,37.733333333333334,-5.2,199803180MIN-MIN,199803180MIN-SAS,MIN-1998,0,1998,-196.21333333333334,20.669848484848483,mitchsa01-1998
peelean01,37.333333333333336,-1.2,199803180MIN-MIN,199803180MIN-SAS,MIN-1998,0,1998,-44.800000000000004,20.669848484848483,peelean01-1998
roberst01,23.05,3,199803180MIN-MIN,199803180MIN-SAS,MIN-1998,0,1998,69.15,20.669848484848483,roberst01-1998
portete01,21.15,-0.3,199803180MIN-MIN,199803180MIN-SAS,MIN-1998,0,1998,-6.345,20.669848484848483,portete01-1998
hammoto01,18.533333333333335,-1.9,199803180MIN-MIN,199803180MIN-SAS,MIN-1998,0,1998,-35.21333333333334,20.669848484848483,hammoto01-1998
parksch02,14,-2.6,199803180MIN-MIN,199803180MIN-SAS,MIN-1998,0,1998,-36.4,20.669848484848483,parksch02-1998
curlebi01,2.466666666666667,0.7,199803180MIN-MIN,199803180MIN-SAS,MIN-1998,0,1998,1.7266666666666666,20.669848484848483,curlebi01-1998
jordare01,1.6833333333333333,-0.9,199803180MIN-MIN,199803180MIN-SAS,MIN-1998,0,1998,-1.5150000000000001,20.669848484848483,jordare01-1998
wheatde01,1.6833333333333333,-0.9,199803180MIN-MIN,199803180MIN-SAS,MIN-1998,0,1998,-1.5150000000000001,20.669848484848483,wheatde01-1998
duncati01,44.88333333333333,8.2,199803200SAS-SAS,199803200SAS-CHH,SAS-1998,0,1998,368.0433333333333,37.602,duncati01-1998
johnsav01,41.8,2,199803200SAS-SAS,199803200SAS-CHH,SAS-1998,0,1998,83.6,37.602,johnsav01-1998
delnevi01,35.28333333333333,-1.7,199803200SAS-SAS,199803200SAS-CHH,SAS-1998,0,1998,-59.98166666666666,37.602,delnevi01-1998
robinda01,32.016666666666666,-3.3,199803200SAS-SAS,199803200SAS-CHH,SAS-1998,0,1998,-105.65499999999999,37.602,robinda01-1998
persoch01,27.766666666666666,0.4,199803200SAS-SAS,199803200SAS-CHH,SAS-1998,0,1998,11.106666666666667,37.602,persoch01-1998
jacksja01,22.233333333333334,3.2,199803200SAS-SAS,199803200SAS-CHH,SAS-1998,0,1998,71.14666666666668,37.602,jacksja01-1998
willimo01,13.05,1.8,199803200SAS-SAS,199803200SAS-CHH,SAS-1998,0,1998,23.490000000000002,37.602,willimo01-1998
rosema01,10.416666666666666,-0.5,199803200SAS-SAS,199803200SAS-CHH,SAS-1998,0,1998,-5.208333333333333,37.602,rosema01-1998
perduwi01,8.683333333333334,-0.9,199803200SAS-SAS,199803200SAS-CHH,SAS-1998,0,1998,-7.815,37.602,perduwi01-1998
gearyre01,3.8666666666666667,-0.7,199803200SAS-SAS,199803200SAS-CHH,SAS-1998,0,1998,-2.7066666666666666,37.602,gearyre01-1998
johnsav01,44.93333333333333,-2.3,199803220SAS-SAS,199803220SAS-PHO,SAS-1998,1,1998,-103.34666666666665,82.94916666666667,johnsav01-1998
duncati01,43.93333333333333,9.5,199803220SAS-SAS,199803220SAS-PHO,SAS-1998,1,1998,417.3666666666666,82.94916666666667,duncati01-1998
robinda01,36.53333333333333,6.4,199803220SAS-SAS,199803220SAS-PHO,SAS-1998,1,1998,233.81333333333333,82.94916666666667,robinda01-1998
delnevi01,33.38333333333333,5.8,199803220SAS-SAS,199803220SAS-PHO,SAS-1998,1,1998,193.62333333333333,82.94916666666667,delnevi01-1998
persoch01,32.56666666666667,5.5,199803220SAS-SAS,199803220SAS-PHO,SAS-1998,1,1998,179.11666666666667,82.94916666666667,persoch01-1998
jacksja01,20.516666666666666,-5.4,199803220SAS-SAS,199803220SAS-PHO,SAS-1998,1,1998,-110.79,82.94916666666667,jacksja01-1998
willimo01,10.05,-0.8,199803220SAS-SAS,199803220SAS-PHO,SAS-1998,1,1998,-8.040000000000001,82.94916666666667,willimo01-1998
rosema01,7.783333333333333,2.5,199803220SAS-SAS,199803220SAS-PHO,SAS-1998,1,1998,19.458333333333332,82.94916666666667,rosema01-1998
perduwi01,7.033333333333333,0.9,199803220SAS-SAS,199803220SAS-PHO,SAS-1998,1,1998,6.33,82.94916666666667,perduwi01-1998
gearyre01,3.2666666666666666,0.6,199803220SAS-SAS,199803220SAS-PHO,SAS-1998,1,1998,1.96,82.94916666666667,gearyre01-1998
ilgauzy01,44.016666666666666,1.8,199803240CLE-CLE,199803240CLE-SAS,CLE-1998,0,1998,79.23,41.986,ilgauzy01-1998
persowe01,32.75,0.6,199803240CLE-CLE,199803240CLE-SAS,CLE-1998,0,1998,19.65,41.986,persowe01-1998
knighbr01,30.416666666666668,4.5,199803240CLE-CLE,199803240CLE-SAS,CLE-1998,0,1998,136.875,41.986,knighbr01-1998
hendece02,28.2,-0.3,199803240CLE-CLE,199803240CLE-SAS,CLE-1998,0,1998,-8.459999999999999,41.986,hendece02-1998
surabo01,27.35,6.5,199803240CLE-CLE,199803240CLE-SAS,CLE-1998,0,1998,177.775,41.986,surabo01-1998
anderde01,25.416666666666668,1.6,199803240CLE-CLE,199803240CLE-SAS,CLE-1998,0,1998,40.66666666666667,41.986,anderde01-1998
kempsh01,18.6,-6.4,199803240CLE-CLE,199803240CLE-SAS,CLE-1998,0,1998,-119.04000000000002,41.986,kempsh01-1998
ferryda01,16.233333333333334,5.5,199803240CLE-CLE,199803240CLE-SAS,CLE-1998,0,1998,89.28333333333333,41.986,ferryda01-1998
potapvi01,14.1,0.4,199803240CLE-CLE,199803240CLE-SAS,CLE-1998,0,1998,5.640000000000001,41.986,potapvi01-1998
scottsh01,2.9333333333333336,-0.6,199803240CLE-CLE,199803240CLE-SAS,CLE-1998,0,1998,-1.76,41.986,scottsh01-1998
hillgr01,42.483333333333334,7.9,199803250DET-DET,199803250DET-SAS,DET-1998,1,1998,335.61833333333334,78.8985,hillgr01-1998
dumarjo01,39.75,4.7,199803250DET-DET,199803250DET-SAS,DET-1998,1,1998,186.82500000000002,78.8985,dumarjo01-1998
stackje01,31.05,3.2,199803250DET-DET,199803250DET-SAS,DET-1998,1,1998,99.36000000000001,78.8985,stackje01-1998
hunteli01,30.366666666666667,6.9,199803250DET-DET,199803250DET-SAS,DET-1998,1,1998,209.53,78.8985,hunteli01-1998
delebi01,27.366666666666667,-3.2,199803250DET-DET,199803250DET-SAS,DET-1998,1,1998,-87.57333333333334,78.8985,delebi01-1998
reiddo01,26.5,-1.8,199803250DET-DET,199803250DET-SAS,DET-1998,1,1998,-47.7,78.8985,reiddo01-1998
willije01,21.7,4.9,199803250DET-DET,199803250DET-SAS,DET-1998,1,1998,106.33,78.8985,willije01-1998
mahorri01,13.35,-0.1,199803250DET-DET,199803250DET-SAS,DET-1998,1,1998,-1.335,78.8985,mahorri01-1998
pollasc01,7.1,-1.7,199803250DET-DET,199803250DET-SAS,DET-1998,1,1998,-12.069999999999999,78.8985,pollasc01-1998
hensost01,0.35,0,199803250DET-DET,199803250DET-SAS,DET-1998,1,1998,0,78.8985,hensost01-1998
iversal01,35.983333333333334,8.2,199803270PHI-PHI,199803270PHI-SAS,PHI-1998,0,1998,295.06333333333333,-12.214666666666666,iversal01-1998
thomati01,33.166666666666664,-6.8,199803270PHI-PHI,199803270PHI-SAS,PHI-1998,0,1998,-225.5333333333333,-12.214666666666666,thomati01-1998
colemde01,31.633333333333333,-1.1,199803270PHI-PHI,199803270PHI-SAS,PHI-1998,0,1998,-34.79666666666667,-12.214666666666666,colemde01-1998
smithjo02,29.816666666666666,-3.2,199803270PHI-PHI,199803270PHI-SAS,PHI-1998,0,1998,-95.41333333333334,-12.214666666666666,smithjo02-1998
shawbr01,29.583333333333332,-1.5,199803270PHI-PHI,199803270PHI-SAS,PHI-1998,0,1998,-44.375,-12.214666666666666,shawbr01-1998
parkean01,19.45,5.6,199803270PHI-PHI,199803270PHI-SAS,PHI-1998,0,1998,108.91999999999999,-12.214666666666666,parkean01-1998
ratlith01,17.35,0.8,199803270PHI-PHI,199803270PHI-SAS,PHI-1998,0,1998,13.880000000000003,-12.214666666666666,ratlith01-1998
snower01,15.866666666666667,-3.5,199803270PHI-PHI,199803270PHI-SAS,PHI-1998,0,1998,-55.53333333333333,-12.214666666666666,snower01-1998
willisc01,13.616666666666667,-4.9,199803270PHI-PHI,199803270PHI-SAS,PHI-1998,0,1998,-66.72166666666668,-12.214666666666666,willisc01-1998
benjabe01,13.566666666666666,-1.3,199803270PHI-PHI,199803270PHI-SAS,PHI-1998,0,1998,-17.636666666666667,-12.214666666666666,benjabe01-1998
davisan01,39.083333333333336,3.8,199803290IND-IND,199803290IND-SAS,IND-1998,0,1998,148.51666666666668,20.794629629629632,davisan01-1998
mullich01,38.63333333333333,5.4,199803290IND-IND,199803290IND-SAS,IND-1998,0,1998,208.62,20.794629629629632,mullich01-1998
jacksma01,33.2,3.9,199803290IND-IND,199803290IND-SAS,IND-1998,0,1998,129.48000000000002,20.794629629629632,jacksma01-1998
mckeyde01,32.11666666666667,-4.4,199803290IND-IND,199803290IND-SAS,IND-1998,0,1998,-141.31333333333336,20.794629629629632,mckeyde01-1998
davisda01,29.683333333333334,-2.9,199803290IND-IND,199803290IND-SAS,IND-1998,0,1998,-86.08166666666666,20.794629629629632,davisda01-1998
roseja01,22.95,0.4,199803290IND-IND,199803290IND-SAS,IND-1998,0,1998,9.18,20.794629629629632,roseja01-1998
hoibefr01,20.166666666666668,-3,199803290IND-IND,199803290IND-SAS,IND-1998,0,1998,-60.5,20.794629629629632,hoibefr01-1998
besttr01,14.8,0.5,199803290IND-IND,199803290IND-SAS,IND-1998,0,1998,7.4,20.794629629629632,besttr01-1998
croshau01,9.383333333333333,-3,199803290IND-IND,199803290IND-SAS,IND-1998,0,1998,-28.15,20.794629629629632,croshau01-1998
oaklech01,40.916666666666664,2.6,199803310NYK-NYK,199803310NYK-SAS,NYK-1998,0,1998,106.38333333333333,19.80944444444445,oaklech01-1998
houstal01,33.61666666666667,14.9,199803310NYK-NYK,199803310NYK-SAS,NYK-1998,0,1998,500.8883333333334,19.80944444444445,houstal01-1998
starkjo01,30.2,-7.5,199803310NYK-NYK,199803310NYK-SAS,NYK-1998,0,1998,-226.5,19.80944444444445,starkjo01-1998
wardch01,28.416666666666668,-2,199803310NYK-NYK,199803310NYK-SAS,NYK-1998,0,1998,-56.833333333333336,19.80944444444445,wardch01-1998
cummite01,25.583333333333332,1.9,199803310NYK-NYK,199803310NYK-SAS,NYK-1998,0,1998,48.60833333333333,19.80944444444445,cummite01-1998
johnsla02,23.1,-2.9,199803310NYK-NYK,199803310NYK-SAS,NYK-1998,0,1998,-66.99000000000001,19.80944444444445,johnsla02-1998
childch01,21.333333333333332,-3.3,199803310NYK-NYK,199803310NYK-SAS,NYK-1998,0,1998,-70.39999999999999,19.80944444444445,childch01-1998
millsch01,20.65,0,199803310NYK-NYK,199803310NYK-SAS,NYK-1998,0,1998,0,19.80944444444445,millsch01-1998
bowiean01,7.25,1.5,199803310NYK-NYK,199803310NYK-SAS,NYK-1998,0,1998,10.875,19.80944444444445,bowiean01-1998
willihe01,4.633333333333333,0.2,199803310NYK-NYK,199803310NYK-SAS,NYK-1998,0,1998,0.9266666666666666,19.80944444444445,willihe01-1998
davisbe01,2.15,-2.7,199803310NYK-NYK,199803310NYK-SAS,NYK-1998,0,1998,-5.805,19.80944444444445,davisbe01-1998
thompbr01,2.15,-1.6,199803310NYK-NYK,199803310NYK-SAS,NYK-1998,0,1998,-3.44,19.80944444444445,thompbr01-1998
duncati01,41.583333333333336,5.1,199804020SAS-SAS,199804020SAS-MIA,SAS-1998,1,1998,212.075,76.01212121212122,duncati01-1998
delnevi01,38.53333333333333,-2,199804020SAS-SAS,199804020SAS-MIA,SAS-1998,1,1998,-77.06666666666666,76.01212121212122,delnevi01-1998
robinda01,37.583333333333336,8.1,199804020SAS-SAS,199804020SAS-MIA,SAS-1998,1,1998,304.425,76.01212121212122,robinda01-1998
jacksja01,31.9,5.3,199804020SAS-SAS,199804020SAS-MIA,SAS-1998,1,1998,169.07,76.01212121212122,jacksja01-1998
willimo01,30.016666666666666,0.7,199804020SAS-SAS,199804020SAS-MIA,SAS-1998,1,1998,21.011666666666663,76.01212121212122,willimo01-1998
perduwi01,29.916666666666668,6.4,199804020SAS-SAS,199804020SAS-MIA,SAS-1998,1,1998,191.4666666666667,76.01212121212122,perduwi01-1998
gearyre01,25.05,0.5,199804020SAS-SAS,199804020SAS-MIA,SAS-1998,1,1998,12.525,76.01212121212122,gearyre01-1998
herreca01,3.4833333333333334,0.9,199804020SAS-SAS,199804020SAS-MIA,SAS-1998,1,1998,3.1350000000000002,76.01212121212122,herreca01-1998
rosema01,0.9166666666666666,-0.5,199804020SAS-SAS,199804020SAS-MIA,SAS-1998,1,1998,-0.4583333333333333,76.01212121212122,rosema01-1998
burtowi01,0.5,-1,199804020SAS-SAS,199804020SAS-MIA,SAS-1998,1,1998,-0.5,76.01212121212122,burtowi01-1998
lohaubr01,0.5,0.9,199804020SAS-SAS,199804020SAS-MIA,SAS-1998,1,1998,0.45,76.01212121212122,lohaubr01-1998
duncati01,48.15,-2.7,199804040SAS-SAS,199804040SAS-GSW,SAS-1998,1,1998,-130.005,57.631,duncati01-1998
robinda01,43.18333333333333,12.7,199804040SAS-SAS,199804040SAS-GSW,SAS-1998,1,1998,548.4283333333333,57.631,robinda01-1998
delnevi01,41.2,3.1,199804040SAS-SAS,199804040SAS-GSW,SAS-1998,1,1998,127.72000000000001,57.631,delnevi01-1998
jacksja01,35.4,-0.6,199804040SAS-SAS,199804040SAS-GSW,SAS-1998,1,1998,-21.24,57.631,jacksja01-1998
willimo01,34.7,0.3,199804040SAS-SAS,199804040SAS-GSW,SAS-1998,1,1998,10.41,57.631,willimo01-1998
perduwi01,21.016666666666666,2.6,199804040SAS-SAS,199804040SAS-GSW,SAS-1998,1,1998,54.64333333333333,57.631,perduwi01-1998
gearyre01,17.066666666666666,-0.5,199804040SAS-SAS,199804040SAS-GSW,SAS-1998,1,1998,-8.533333333333333,57.631,gearyre01-1998
johnsav01,12.35,0.4,199804040SAS-SAS,199804040SAS-GSW,SAS-1998,1,1998,4.94,57.631,johnsav01-1998
lohaubr01,6.283333333333333,-1.6,199804040SAS-SAS,199804040SAS-GSW,SAS-1998,1,1998,-10.053333333333335,57.631,lohaubr01-1998
herreca01,5.666666666666667,0,199804040SAS-SAS,199804040SAS-GSW,SAS-1998,1,1998,0,57.631,herreca01-1998
duncati01,48,9.4,199804060SAS-SAS,199804060SAS-POR,SAS-1998,0,1998,451.20000000000005,75.97850000000001,duncati01-1998
jacksja01,44.666666666666664,-0.1,199804060SAS-SAS,199804060SAS-POR,SAS-1998,0,1998,-4.466666666666667,75.97850000000001,jacksja01-1998
robinda01,42.06666666666667,10,199804060SAS-SAS,199804060SAS-POR,SAS-1998,0,1998,420.6666666666667,75.97850000000001,robinda01-1998
delnevi01,40.983333333333334,-1.1,199804060SAS-SAS,199804060SAS-POR,SAS-1998,0,1998,-45.08166666666667,75.97850000000001,delnevi01-1998
willimo01,21.3,-0.7,199804060SAS-SAS,199804060SAS-POR,SAS-1998,0,1998,-14.91,75.97850000000001,willimo01-1998
perduwi01,17.916666666666668,-1.6,199804060SAS-SAS,199804060SAS-POR,SAS-1998,0,1998,-28.66666666666667,75.97850000000001,perduwi01-1998
lohaubr01,11.966666666666667,0.6,199804060SAS-SAS,199804060SAS-POR,SAS-1998,0,1998,7.18,75.97850000000001,lohaubr01-1998
johnsav01,5.733333333333333,-1.6,199804060SAS-SAS,199804060SAS-POR,SAS-1998,0,1998,-9.173333333333334,75.97850000000001,johnsav01-1998
gearyre01,4.616666666666667,-2.9,199804060SAS-SAS,199804060SAS-POR,SAS-1998,0,1998,-13.388333333333334,75.97850000000001,gearyre01-1998
herreca01,2.75,-1.3,199804060SAS-SAS,199804060SAS-POR,SAS-1998,0,1998,-3.575,75.97850000000001,herreca01-1998
malonka01,40.516666666666666,5,199804080UTA-UTA,199804080UTA-SAS,UTA-1998,1,1998,202.58333333333331,73.9,malonka01-1998
hornaje01,34.88333333333333,9.4,199804080UTA-UTA,199804080UTA-SAS,UTA-1998,1,1998,327.90333333333336,73.9,hornaje01-1998
stockjo01,33.833333333333336,9.1,199804080UTA-UTA,199804080UTA-SAS,UTA-1998,1,1998,307.8833333333333,73.9,stockjo01-1998
keefead01,30.166666666666668,-2.4,199804080UTA-UTA,199804080UTA-SAS,UTA-1998,1,1998,-72.4,73.9,keefead01-1998
ostergr01,25.533333333333335,-2.3,199804080UTA-UTA,199804080UTA-SAS,UTA-1998,1,1998,-58.72666666666667,73.9,ostergr01-1998
morrich01,16.566666666666666,0.8,199804080UTA-UTA,199804080UTA-SAS,UTA-1998,1,1998,13.253333333333334,73.9,morrich01-1998
fostegr01,16.15,-4.4,199804080UTA-UTA,199804080UTA-SAS,UTA-1998,1,1998,-71.06,73.9,fostegr01-1998
russebr01,15.066666666666666,7.4,199804080UTA-UTA,199804080UTA-SAS,UTA-1998,1,1998,111.49333333333334,73.9,russebr01-1998
eisleho01,14.166666666666666,1.6,199804080UTA-UTA,199804080UTA-SAS,UTA-1998,1,1998,22.666666666666668,73.9,eisleho01-1998
andersh01,13.116666666666667,-3.4,199804080UTA-UTA,199804080UTA-SAS,UTA-1998,1,1998,-44.596666666666664,73.9,andersh01-1998
duncati01,46.016666666666666,10.8,199804100SAS-SAS,199804100SAS-SEA,SAS-1998,1,1998,496.98,97.865,duncati01-1998
jacksja01,38.166666666666664,13.3,199804100SAS-SAS,199804100SAS-SEA,SAS-1998,1,1998,507.6166666666667,97.865,jacksja01-1998
perduwi01,35.75,2.4,199804100SAS-SAS,199804100SAS-SEA,SAS-1998,1,1998,85.8,97.865,perduwi01-1998
willimo01,33.71666666666667,-0.5,199804100SAS-SAS,199804100SAS-SEA,SAS-1998,1,1998,-16.858333333333334,97.865,willimo01-1998
delnevi01,26.966666666666665,-0.8,199804100SAS-SAS,199804100SAS-SEA,SAS-1998,1,1998,-21.573333333333334,97.865,delnevi01-1998
gearyre01,21.583333333333332,2.3,199804100SAS-SAS,199804100SAS-SEA,SAS-1998,1,1998,49.64166666666666,97.865,gearyre01-1998
johnsav01,20.783333333333335,1.5,199804100SAS-SAS,199804100SAS-SEA,SAS-1998,1,1998,31.175000000000004,97.865,johnsav01-1998
lohaubr01,12,-4.5,199804100SAS-SAS,199804100SAS-SEA,SAS-1998,1,1998,-54,97.865,lohaubr01-1998
herreca01,4.533333333333333,-0.5,199804100SAS-SAS,199804100SAS-SEA,SAS-1998,1,1998,-2.2666666666666666,97.865,herreca01-1998
burtowi01,0.26666666666666666,0,199804100SAS-SAS,199804100SAS-SEA,SAS-1998,1,1998,0,97.865,burtowi01-1998
rosema01,0.26666666666666666,0,199804100SAS-SAS,199804100SAS-SEA,SAS-1998,1,1998,0,97.865,rosema01-1998
duncati01,42.43333333333333,10.5,199804130SAS-SAS,199804130SAS-LAL,SAS-1998,0,1998,445.54999999999995,10.272575757575753,duncati01-1998
jacksja01,35.86666666666667,-1.3,199804130SAS-SAS,199804130SAS-LAL,SAS-1998,0,1998,-46.62666666666667,10.272575757575753,jacksja01-1998
delnevi01,28.633333333333333,-2.4,199804130SAS-SAS,199804130SAS-LAL,SAS-1998,0,1998,-68.72,10.272575757575753,delnevi01-1998
willimo01,24.7,-2.2,199804130SAS-SAS,199804130SAS-LAL,SAS-1998,0,1998,-54.34,10.272575757575753,willimo01-1998
johnsav01,22.633333333333333,-0.6,199804130SAS-SAS,199804130SAS-LAL,SAS-1998,0,1998,-13.58,10.272575757575753,johnsav01-1998
rosema01,18.183333333333334,-0.8,199804130SAS-SAS,199804130SAS-LAL,SAS-1998,0,1998,-14.546666666666667,10.272575757575753,rosema01-1998
perduwi01,18.016666666666666,-2.7,199804130SAS-SAS,199804130SAS-LAL,SAS-1998,0,1998,-48.645,10.272575757575753,perduwi01-1998
gearyre01,17.116666666666667,-0.6,199804130SAS-SAS,199804130SAS-LAL,SAS-1998,0,1998,-10.27,10.272575757575753,gearyre01-1998
herreca01,16.633333333333333,-5,199804130SAS-SAS,199804130SAS-LAL,SAS-1998,0,1998,-83.16666666666666,10.272575757575753,herreca01-1998
lohaubr01,10.466666666666667,0.6,199804130SAS-SAS,199804130SAS-LAL,SAS-1998,0,1998,6.28,10.272575757575753,lohaubr01-1998
burtowi01,5.316666666666666,0.2,199804130SAS-SAS,199804130SAS-LAL,SAS-1998,0,1998,1.0633333333333332,10.272575757575753,burtowi01-1998
abdursh01,41.56666666666667,0.5,199804160VAN-VAN,199804160VAN-SAS,VAN-1998,0,1998,20.783333333333335,1.581166666666674,abdursh01-1998
masseto01,37,7.2,199804160VAN-VAN,199804160VAN-SAS,VAN-1998,0,1998,266.40000000000003,1.581166666666674,masseto01-1998
edwarbl01,33.78333333333333,0.9,199804160VAN-VAN,199804160VAN-SAS,VAN-1998,0,1998,30.404999999999998,1.581166666666674,edwarbl01-1998
maybele01,32.78333333333333,-4.1,199804160VAN-VAN,199804160VAN-SAS,VAN-1998,0,1998,-134.41166666666663,1.581166666666674,maybele01-1998
chilcpe01,21.183333333333334,-2.1,199804160VAN-VAN,199804160VAN-SAS,VAN-1998,0,1998,-44.485,1.581166666666674,chilcpe01-1998
smithmi02,19.383333333333333,-0.3,199804160VAN-VAN,199804160VAN-SAS,VAN-1998,0,1998,-5.8149999999999995,1.581166666666674,smithmi02-1998
hurlebo01,15.216666666666667,-0.4,199804160VAN-VAN,199804160VAN-SAS,VAN-1998,0,1998,-6.086666666666667,1.581166666666674,hurlebo01-1998
daniean01,14.216666666666667,-5.5,199804160VAN-VAN,199804160VAN-SAS,VAN-1998,0,1998,-78.19166666666666,1.581166666666674,daniean01-1998
newbiiv01,13.633333333333333,-4.3,199804160VAN-VAN,199804160VAN-SAS,VAN-1998,0,1998,-58.62333333333333,1.581166666666674,newbiiv01-1998
lynchge01,11.233333333333333,2.3,199804160VAN-VAN,199804160VAN-SAS,VAN-1998,0,1998,25.836666666666662,1.581166666666674,lynchge01-1998
paytoga01,43.35,5.1,199804170SEA-SEA,199804170SEA-SAS,SEA-1998,0,1998,221.08499999999998,71.94683333333333,paytoga01-1998
schrede01,39.93333333333333,10.6,199804170SEA-SEA,199804170SEA-SAS,SEA-1998,0,1998,423.2933333333333,71.94683333333333,schrede01-1998
hawkihe01,36.5,1.5,199804170SEA-SEA,199804170SEA-SAS,SEA-1998,0,1998,54.75,71.94683333333333,hawkihe01-1998
bakervi01,35.666666666666664,2.5,199804170SEA-SEA,199804170SEA-SAS,SEA-1998,0,1998,89.16666666666666,71.94683333333333,bakervi01-1998
mcmilna01,24.7,-2.8,199804170SEA-SEA,199804170SEA-SAS,SEA-1998,0,1998,-69.16,71.94683333333333,mcmilna01-1998
perkisa01,24.15,-3.7,199804170SEA-SEA,199804170SEA-SAS,SEA-1998,0,1998,-89.355,71.94683333333333,perkisa01-1998
anthogr01,19.85,5.5,199804170SEA-SEA,199804170SEA-SAS,SEA-1998,0,1998,109.17500000000001,71.94683333333333,anthogr01-1998
mcilvji01,8.6,-2.3,199804170SEA-SEA,199804170SEA-SAS,SEA-1998,0,1998,-19.779999999999998,71.94683333333333,mcilvji01-1998
williaa01,4.316666666666666,0,199804170SEA-SEA,199804170SEA-SAS,SEA-1998,0,1998,0,71.94683333333333,williaa01-1998
kerseje01,2.9333333333333336,0.1,199804170SEA-SEA,199804170SEA-SAS,SEA-1998,0,1998,0.2933333333333334,71.94683333333333,kerseje01-1998
perduwi01,33.983333333333334,7.4,199804190SAS-SAS,199804190SAS-DEN,SAS-1998,1,1998,251.4766666666667,34.14222222222223,perduwi01-1998
duncati01,33.21666666666667,8.8,199804190SAS-SAS,199804190SAS-DEN,SAS-1998,1,1998,292.30666666666673,34.14222222222223,duncati01-1998
gearyre01,30.65,-8,199804190SAS-SAS,199804190SAS-DEN,SAS-1998,1,1998,-245.2,34.14222222222223,gearyre01-1998
jacksja01,26.616666666666667,3,199804190SAS-SAS,199804190SAS-DEN,SAS-1998,1,1998,79.85,34.14222222222223,jacksja01-1998
delnevi01,24.933333333333334,-1.2,199804190SAS-SAS,199804190SAS-DEN,SAS-1998,1,1998,-29.919999999999998,34.14222222222223,delnevi01-1998
persoch01,19,-2.8,199804190SAS-SAS,199804190SAS-DEN,SAS-1998,1,1998,-53.199999999999996,34.14222222222223,persoch01-1998
johnsav01,17.583333333333332,2.8,199804190SAS-SAS,199804190SAS-DEN,SAS-1998,1,1998,49.23333333333333,34.14222222222223,johnsav01-1998
willimo01,17.45,0.1,199804190SAS-SAS,199804190SAS-DEN,SAS-1998,1,1998,1.745,34.14222222222223,willimo01-1998
rosema01,12.783333333333333,7.6,199804190SAS-SAS,199804190SAS-DEN,SAS-1998,1,1998,97.15333333333332,34.14222222222223,rosema01-1998
robinda01,12.366666666666667,0.4,199804190SAS-SAS,199804190SAS-DEN,SAS-1998,1,1998,4.946666666666667,34.14222222222223,robinda01-1998
herreca01,8.95,-4.3,199804190SAS-SAS,199804190SAS-DEN,SAS-1998,1,1998,-38.48499999999999,34.14222222222223,herreca01-1998
lohaubr01,2,-0.1,199804190SAS-SAS,199804190SAS-DEN,SAS-1998,1,1998,-0.2,34.14222222222223,lohaubr01-1998
duncati01,35.5,0.7,199710310DEN-SAS,199710310DEN-DEN,SAS-1998,1,1998,24.849999999999998,18.233194444444443,duncati01-1998
johnsav01,32.36666666666667,1.7,199710310DEN-SAS,199710310DEN-DEN,SAS-1998,1,1998,55.02333333333333,18.233194444444443,johnsav01-1998
robinda01,31.183333333333334,0.3,199710310DEN-SAS,199710310DEN-DEN,SAS-1998,1,1998,9.355,18.233194444444443,robinda01-1998
elliose01,31.116666666666667,1.2,199710310DEN-SAS,199710310DEN-DEN,SAS-1998,1,1998,37.339999999999996,18.233194444444443,elliose01-1998
delnevi01,29.516666666666666,0.3,199710310DEN-SAS,199710310DEN-DEN,SAS-1998,1,1998,8.854999999999999,18.233194444444443,delnevi01-1998
willimo01,22.716666666666665,-0.5,199710310DEN-SAS,199710310DEN-DEN,SAS-1998,1,1998,-11.358333333333333,18.233194444444443,willimo01-1998
herreca01,16.783333333333335,5.1,199710310DEN-SAS,199710310DEN-DEN,SAS-1998,1,1998,85.595,18.233194444444443,herreca01-1998
alexaco01,15.633333333333333,-1.1,199710310DEN-SAS,199710310DEN-DEN,SAS-1998,1,1998,-17.19666666666667,18.233194444444443,alexaco01-1998
jacksja01,10.083333333333334,1.9,199710310DEN-SAS,199710310DEN-DEN,SAS-1998,1,1998,19.158333333333335,18.233194444444443,jacksja01-1998
perduwi01,9.7,0.7,199710310DEN-SAS,199710310DEN-DEN,SAS-1998,1,1998,6.789999999999999,18.233194444444443,perduwi01-1998
rosema01,5.016666666666667,0.1,199710310DEN-SAS,199710310DEN-DEN,SAS-1998,1,1998,0.5016666666666667,18.233194444444443,rosema01-1998
gearyre01,0.38333333333333336,-0.3,199710310DEN-SAS,199710310DEN-DEN,SAS-1998,1,1998,-0.115,18.233194444444443,gearyre01-1998
surabo01,37.95,-2.6,199711010SAS-CLE,199711010SAS-SAS,CLE-1998,0,1998,-98.67000000000002,27.351515151515155,surabo01-1998
kempsh01,34.81666666666667,2.5,199711010SAS-CLE,199711010SAS-SAS,CLE-1998,0,1998,87.04166666666667,27.351515151515155,kempsh01-1998
anderde01,31.083333333333332,4.7,199711010SAS-CLE,199711010SAS-SAS,CLE-1998,0,1998,146.09166666666667,27.351515151515155,anderde01-1998
persowe01,30.8,5.9,199711010SAS-CLE,199711010SAS-SAS,CLE-1998,0,1998,181.72000000000003,27.351515151515155,persowe01-1998
ilgauzy01,25.783333333333335,1.8,199711010SAS-CLE,199711010SAS-SAS,CLE-1998,0,1998,46.410000000000004,27.351515151515155,ilgauzy01-1998
knighbr01,23.85,0.6,199711010SAS-CLE,199711010SAS-SAS,CLE-1998,0,1998,14.31,27.351515151515155,knighbr01-1998
ferryda01,19.183333333333334,-6.6,199711010SAS-CLE,199711010SAS-SAS,CLE-1998,0,1998,-126.61,27.351515151515155,ferryda01-1998
hendece02,14.733333333333333,0.9,199711010SAS-CLE,199711010SAS-SAS,CLE-1998,0,1998,13.26,27.351515151515155,hendece02-1998
potapvi01,13.4,2.7,199711010SAS-CLE,199711010SAS-SAS,CLE-1998,0,1998,36.18000000000001,27.351515151515155,potapvi01-1998
butlemi02,5.616666666666667,0.4,199711010SAS-CLE,199711010SAS-SAS,CLE-1998,0,1998,2.246666666666667,27.351515151515155,butlemi02-1998
scottsh01,2.783333333333333,-0.4,199711010SAS-CLE,199711010SAS-SAS,CLE-1998,0,1998,-1.1133333333333333,27.351515151515155,scottsh01-1998
robinda01,47.86666666666667,7.3,199711030CHI-SAS,199711030CHI-CHI,SAS-1998,0,1998,349.4266666666667,44.90409090909091,robinda01-1998
duncati01,46.56666666666667,4.7,199711030CHI-SAS,199711030CHI-CHI,SAS-1998,0,1998,218.86333333333334,44.90409090909091,duncati01-1998
johnsav01,44.93333333333333,2.5,199711030CHI-SAS,199711030CHI-CHI,SAS-1998,0,1998,112.33333333333333,44.90409090909091,johnsav01-1998
elliose01,42.93333333333333,-8.3,199711030CHI-SAS,199711030CHI-CHI,SAS-1998,0,1998,-356.3466666666667,44.90409090909091,elliose01-1998
jacksja01,25.55,-0.1,199711030CHI-SAS,199711030CHI-CHI,SAS-1998,0,1998,-2.555,44.90409090909091,jacksja01-1998
delnevi01,24.55,4.4,199711030CHI-SAS,199711030CHI-CHI,SAS-1998,0,1998,108.02000000000001,44.90409090909091,delnevi01-1998
willimo01,22.75,1.6,199711030CHI-SAS,199711030CHI-CHI,SAS-1998,0,1998,36.4,44.90409090909091,willimo01-1998
perduwi01,14.816666666666666,3.4,199711030CHI-SAS,199711030CHI-CHI,SAS-1998,0,1998,50.376666666666665,44.90409090909091,perduwi01-1998
alexaco01,13.266666666666667,-1.6,199711030CHI-SAS,199711030CHI-CHI,SAS-1998,0,1998,-21.22666666666667,44.90409090909091,alexaco01-1998
herreca01,6.733333333333333,-0.2,199711030CHI-SAS,199711030CHI-CHI,SAS-1998,0,1998,-1.3466666666666667,44.90409090909091,herreca01-1998
gearyre01,0.016666666666666666,0,199711030CHI-SAS,199711030CHI-CHI,SAS-1998,0,1998,0,44.90409090909091,gearyre01-1998
thorpot01,36.31666666666667,2.7,199711050SAS-VAN,199711050SAS-SAS,VAN-1998,0,1998,98.05500000000002,8.15266666666667,thorpot01-1998
abdursh01,35.65,-6.4,199711050SAS-VAN,199711050SAS-SAS,VAN-1998,0,1998,-228.16,8.15266666666667,abdursh01-1998
daniean01,34.483333333333334,6.2,199711050SAS-VAN,199711050SAS-SAS,VAN-1998,0,1998,213.79666666666668,8.15266666666667,daniean01-1998
reevebr01,33.833333333333336,-5.1,199711050SAS-VAN,199711050SAS-SAS,VAN-1998,0,1998,-172.55,8.15266666666667,reevebr01-1998
peelean01,27.516666666666666,8.3,199711050SAS-VAN,199711050SAS-SAS,VAN-1998,0,1998,228.38833333333335,8.15266666666667,peelean01-1998
edwarbl01,20.483333333333334,-2.8,199711050SAS-VAN,199711050SAS-SAS,VAN-1998,0,1998,-57.35333333333333,8.15266666666667,edwarbl01-1998
masseto01,15.866666666666667,2.8,199711050SAS-VAN,199711050SAS-SAS,VAN-1998,0,1998,44.42666666666666,8.15266666666667,masseto01-1998
chilcpe01,14.15,2.3,199711050SAS-VAN,199711050SAS-SAS,VAN-1998,0,1998,32.545,8.15266666666667,chilcpe01-1998
maybele01,13.516666666666667,-5.5,199711050SAS-VAN,199711050SAS-SAS,VAN-1998,0,1998,-74.34166666666667,8.15266666666667,maybele01-1998
lynchge01,8.2,-0.4,199711050SAS-VAN,199711050SAS-SAS,VAN-1998,0,1998,-3.28,8.15266666666667,lynchge01-1998
eisleho01,37.63333333333333,3,199711080SAS-UTA,199711080SAS-SAS,UTA-1998,0,1998,112.9,31.964166666666667,eisleho01-1998
hornaje01,37.6,-0.9,199711080SAS-UTA,199711080SAS-SAS,UTA-1998,0,1998,-33.84,31.964166666666667,hornaje01-1998
malonka01,36.28333333333333,1.6,199711080SAS-UTA,199711080SAS-SAS,UTA-1998,0,1998,58.053333333333335,31.964166666666667,malonka01-1998
russebr01,30.7,3.3,199711080SAS-UTA,199711080SAS-SAS,UTA-1998,0,1998,101.30999999999999,31.964166666666667,russebr01-1998
fostegr01,23.85,5.5,199711080SAS-UTA,199711080SAS-SAS,UTA-1998,0,1998,131.175,31.964166666666667,fostegr01-1998
ostergr01,18.8,-1.3,199711080SAS-UTA,199711080SAS-SAS,UTA-1998,0,1998,-24.44,31.964166666666667,ostergr01-1998
morrich01,17.666666666666668,0.5,199711080SAS-UTA,199711080SAS-SAS,UTA-1998,0,1998,8.833333333333334,31.964166666666667,morrich01-1998
carran01,16.65,0.8,199711080SAS-UTA,199711080SAS-SAS,UTA-1998,0,1998,13.32,31.964166666666667,carran01-1998
andersh01,10.45,0.2,199711080SAS-UTA,199711080SAS-SAS,UTA-1998,0,1998,2.09,31.964166666666667,andersh01-1998
vaughja01,10.366666666666667,-4.8,199711080SAS-UTA,199711080SAS-SAS,UTA-1998,0,1998,-49.76,31.964166666666667,vaughja01-1998
duncati01,34.28333333333333,1.6,199711100TOR-SAS,199711100TOR-TOR,SAS-1998,1,1998,54.85333333333333,27.369242424242422,duncati01-1998
robinda01,33.68333333333333,7.4,199711100TOR-SAS,199711100TOR-TOR,SAS-1998,1,1998,249.25666666666666,27.369242424242422,robinda01-1998
johnsav01,31.583333333333332,-2,199711100TOR-SAS,199711100TOR-TOR,SAS-1998,1,1998,-63.166666666666664,27.369242424242422,johnsav01-1998
elliose01,30.383333333333333,6.1,199711100TOR-SAS,199711100TOR-TOR,SAS-1998,1,1998,185.3383333333333,27.369242424242422,elliose01-1998
willimo01,26.566666666666666,-0.4,199711100TOR-SAS,199711100TOR-TOR,SAS-1998,1,1998,-10.626666666666667,27.369242424242422,willimo01-1998
persoch01,21.25,1.8,199711100TOR-SAS,199711100TOR-TOR,SAS-1998,1,1998,38.25,27.369242424242422,persoch01-1998
alexaco01,19.083333333333332,-7,199711100TOR-SAS,199711100TOR-TOR,SAS-1998,1,1998,-133.58333333333331,27.369242424242422,alexaco01-1998
jacksja01,18.85,-3.5,199711100TOR-SAS,199711100TOR-TOR,SAS-1998,1,1998,-65.97500000000001,27.369242424242422,jacksja01-1998
rosema01,13.883333333333333,3.1,199711100TOR-SAS,199711100TOR-TOR,SAS-1998,1,1998,43.038333333333334,27.369242424242422,rosema01-1998
gearyre01,5.3,0.5,199711100TOR-SAS,199711100TOR-TOR,SAS-1998,1,1998,2.65,27.369242424242422,gearyre01-1998
perduwi01,5.133333333333334,0.2,199711100TOR-SAS,199711100TOR-TOR,SAS-1998,1,1998,1.0266666666666668,27.369242424242422,perduwi01-1998
johnsav01,38.733333333333334,-0.4,199711110MIN-SAS,199711110MIN-MIN,SAS-1998,1,1998,-15.493333333333334,53.245757575757565,johnsav01-1998
robinda01,35.78333333333333,17.3,199711110MIN-SAS,199711110MIN-MIN,SAS-1998,1,1998,619.0516666666666,53.245757575757565,robinda01-1998
duncati01,34.65,6.3,199711110MIN-SAS,199711110MIN-MIN,SAS-1998,1,1998,218.295,53.245757575757565,duncati01-1998
elliose01,29.8,-0.5,199711110MIN-SAS,199711110MIN-MIN,SAS-1998,1,1998,-14.9,53.245757575757565,elliose01-1998
persoch01,27.6,-3.6,199711110MIN-SAS,199711110MIN-MIN,SAS-1998,1,1998,-99.36000000000001,53.245757575757565,persoch01-1998
jacksja01,22.366666666666667,-4.2,199711110MIN-SAS,199711110MIN-MIN,SAS-1998,1,1998,-93.94000000000001,53.245757575757565,jacksja01-1998
willimo01,17.433333333333334,-0.9,199711110MIN-SAS,199711110MIN-MIN,SAS-1998,1,1998,-15.690000000000001,53.245757575757565,willimo01-1998
perduwi01,11.316666666666666,-0.7,199711110MIN-SAS,199711110MIN-MIN,SAS-1998,1,1998,-7.921666666666666,53.245757575757565,perduwi01-1998
gearyre01,9.266666666666667,-3.2,199711110MIN-SAS,199711110MIN-MIN,SAS-1998,1,1998,-29.653333333333336,53.245757575757565,gearyre01-1998
herreca01,7.666666666666667,5.9,199711110MIN-SAS,199711110MIN-MIN,SAS-1998,1,1998,45.233333333333334,53.245757575757565,herreca01-1998
rosema01,5.383333333333334,-3.7,199711110MIN-SAS,199711110MIN-MIN,SAS-1998,1,1998,-19.918333333333337,53.245757575757565,rosema01-1998
jonesed02,53,14.9,199711130SAS-LAL,199711130SAS-SAS,LAL-1998,1,1998,789.7,121.48,jonesed02-1998
foxri01,46.53333333333333,-1.9,199711130SAS-LAL,199711130SAS-SAS,LAL-1998,1,1998,-88.41333333333333,121.48,foxri01-1998
onealsh01,43.11666666666667,2,199711130SAS-LAL,199711130SAS-SAS,LAL-1998,1,1998,86.23333333333333,121.48,onealsh01-1998
vanexni01,37.8,0.8,199711130SAS-LAL,199711130SAS-SAS,LAL-1998,1,1998,30.24,121.48,vanexni01-1998
horryro01,35.53333333333333,1.5,199711130SAS-LAL,199711130SAS-SAS,LAL-1998,1,1998,53.3,121.48,horryro01-1998
blounco01,17.8,0.8,199711130SAS-LAL,199711130SAS-SAS,LAL-1998,1,1998,14.240000000000002,121.48,blounco01-1998
campbel01,16.016666666666666,3.6,199711130SAS-LAL,199711130SAS-SAS,LAL-1998,1,1998,57.66,121.48,campbel01-1998
fishede01,15.2,1.9,199711130SAS-LAL,199711130SAS-SAS,LAL-1998,1,1998,28.88,121.48,fishede01-1998
garneke01,38.13333333333333,9.9,199711150SAS-MIN,199711150SAS-SAS,MIN-1998,1,1998,377.52,92.60851851851851,garneke01-1998
guglito01,37.78333333333333,10.6,199711150SAS-MIN,199711150SAS-SAS,MIN-1998,1,1998,400.5033333333333,92.60851851851851,guglito01-1998
marbust01,37.13333333333333,8,199711150SAS-MIN,199711150SAS-SAS,MIN-1998,1,1998,297.06666666666666,92.60851851851851,marbust01-1998
carrch01,27.75,-1.2,199711150SAS-MIN,199711150SAS-SAS,MIN-1998,1,1998,-33.3,92.60851851851851,carrch01-1998
mitchsa01,27.533333333333335,-4,199711150SAS-MIN,199711150SAS-SAS,MIN-1998,1,1998,-110.13333333333334,92.60851851851851,mitchsa01-1998
westdo01,24.866666666666667,-0.7,199711150SAS-MIN,199711150SAS-SAS,MIN-1998,1,1998,-17.406666666666666,92.60851851851851,westdo01-1998
roberst01,19.25,-4.2,199711150SAS-MIN,199711150SAS-SAS,MIN-1998,1,1998,-80.85000000000001,92.60851851851851,roberst01-1998
parksch02,16.683333333333334,0.2,199711150SAS-MIN,199711150SAS-SAS,MIN-1998,1,1998,3.336666666666667,92.60851851851851,parksch02-1998
portete01,10.866666666666667,-0.3,199711150SAS-MIN,199711150SAS-SAS,MIN-1998,1,1998,-3.2600000000000002,92.60851851851851,portete01-1998
marshdo01,32.45,6.1,199711190SAS-GSW,199711190SAS-SAS,GSW-1998,0,1998,197.945,1.4223611111111105,marshdo01-1998
vaughda02,29.833333333333332,0.1,199711190SAS-GSW,199711190SAS-SAS,GSW-1998,0,1998,2.9833333333333334,1.4223611111111105,vaughda02-1998
sprewla01,29.766666666666666,3,199711190SAS-GSW,199711190SAS-SAS,GSW-1998,0,1998,89.3,1.4223611111111105,sprewla01-1998
spencfe01,24.4,0.1,199711190SAS-GSW,199711190SAS-SAS,GSW-1998,0,1998,2.44,1.4223611111111105,spencfe01-1998
boguemu01,21.566666666666666,4.6,199711190SAS-GSW,199711190SAS-SAS,GSW-1998,0,1998,99.20666666666666,1.4223611111111105,boguemu01-1998
colesbi01,21.55,0.3,199711190SAS-GSW,199711190SAS-SAS,GSW-1998,0,1998,6.465,1.4223611111111105,colesbi01-1998
shawbr01,20.783333333333335,-5.7,199711190SAS-GSW,199711190SAS-SAS,GSW-1998,0,1998,-118.46500000000002,1.4223611111111105,shawbr01-1998
dampier01,18.716666666666665,-4.2,199711190SAS-GSW,199711190SAS-SAS,GSW-1998,0,1998,-78.61,1.4223611111111105,dampier01-1998
smithjo02,18.266666666666666,-8.1,199711190SAS-GSW,199711190SAS-SAS,GSW-1998,0,1998,-147.95999999999998,1.4223611111111105,smithjo02-1998
foylead01,11.166666666666666,-2.4,199711190SAS-GSW,199711190SAS-SAS,GSW-1998,0,1998,-26.799999999999997,1.4223611111111105,foylead01-1998
delkto01,6.616666666666667,-1.5,199711190SAS-GSW,199711190SAS-SAS,GSW-1998,0,1998,-9.925,1.4223611111111105,delkto01-1998
fulleto02,4.883333333333333,0.1,199711190SAS-GSW,199711190SAS-SAS,GSW-1998,0,1998,0.4883333333333333,1.4223611111111105,fulleto02-1998
duncati01,31.216666666666665,-1.4,199711210SEA-SAS,199711210SEA-SEA,SAS-1998,0,1998,-43.703333333333326,2.7542424242424257,duncati01-1998
persoch01,28,-6,199711210SEA-SAS,199711210SEA-SEA,SAS-1998,0,1998,-168,2.7542424242424257,persoch01-1998
robinda01,27.366666666666667,2.7,199711210SEA-SAS,199711210SEA-SEA,SAS-1998,0,1998,73.89,2.7542424242424257,robinda01-1998
johnsav01,25.3,1.3,199711210SEA-SAS,199711210SEA-SEA,SAS-1998,0,1998,32.89,2.7542424242424257,johnsav01-1998
perduwi01,24.133333333333333,-1.4,199711210SEA-SAS,199711210SEA-SEA,SAS-1998,0,1998,-33.78666666666666,2.7542424242424257,perduwi01-1998
willimo01,22.966666666666665,5.4,199711210SEA-SAS,199711210SEA-SEA,SAS-1998,0,1998,124.02,2.7542424242424257,willimo01-1998
alexaco01,22.7,4.9,199711210SEA-SAS,199711210SEA-SEA,SAS-1998,0,1998,111.23,2.7542424242424257,alexaco01-1998
elliose01,20.483333333333334,0.2,199711210SEA-SAS,199711210SEA-SEA,SAS-1998,0,1998,4.096666666666667,2.7542424242424257,elliose01-1998
jacksja01,19.05,-2.8,199711210SEA-SAS,199711210SEA-SEA,SAS-1998,0,1998,-53.339999999999996,2.7542424242424257,jacksja01-1998
rosema01,12.616666666666667,-1.3,199711210SEA-SAS,199711210SEA-SEA,SAS-1998,0,1998,-16.401666666666667,2.7542424242424257,rosema01-1998
gearyre01,5.983333333333333,-0.1,199711210SEA-SAS,199711210SEA-SEA,SAS-1998,0,1998,-0.5983333333333334,2.7542424242424257,gearyre01-1998
robinda01,33.38333333333333,9.1,199711220UTA-SAS,199711220UTA-UTA,SAS-1998,0,1998,303.7883333333333,0.6594444444444405,robinda01-1998
duncati01,32.916666666666664,-4.4,199711220UTA-SAS,199711220UTA-UTA,SAS-1998,0,1998,-144.83333333333334,0.6594444444444405,duncati01-1998
elliose01,26.783333333333335,-1.2,199711220UTA-SAS,199711220UTA-UTA,SAS-1998,0,1998,-32.14,0.6594444444444405,elliose01-1998
johnsav01,26.15,2.2,199711220UTA-SAS,199711220UTA-UTA,SAS-1998,0,1998,57.53,0.6594444444444405,johnsav01-1998
jacksja01,24.616666666666667,-4.8,199711220UTA-SAS,199711220UTA-UTA,SAS-1998,0,1998,-118.16,0.6594444444444405,jacksja01-1998
alexaco01,21.85,4.1,199711220UTA-SAS,199711220UTA-UTA,SAS-1998,0,1998,89.585,0.6594444444444405,alexaco01-1998
perduwi01,19.716666666666665,1.2,199711220UTA-SAS,199711220UTA-UTA,SAS-1998,0,1998,23.659999999999997,0.6594444444444405,perduwi01-1998
willimo01,17.4,-5.2,199711220UTA-SAS,199711220UTA-UTA,SAS-1998,0,1998,-90.47999999999999,0.6594444444444405,willimo01-1998
persoch01,16.55,-3.7,199711220UTA-SAS,199711220UTA-UTA,SAS-1998,0,1998,-61.23500000000001,0.6594444444444405,persoch01-1998
herreca01,9.983333333333333,-0.2,199711220UTA-SAS,199711220UTA-UTA,SAS-1998,0,1998,-1.9966666666666666,0.6594444444444405,herreca01-1998
gearyre01,5.983333333333333,0.3,199711220UTA-SAS,199711220UTA-UTA,SAS-1998,0,1998,1.795,0.6594444444444405,gearyre01-1998
rosema01,4.666666666666667,-4.2,199711220UTA-SAS,199711220UTA-UTA,SAS-1998,0,1998,-19.6,0.6594444444444405,rosema01-1998
johnsav01,43.93333333333333,-1.1,199711250DAL-SAS,199711250DAL-DAL,SAS-1998,1,1998,-48.32666666666667,49.661833333333334,johnsav01-1998
robinda01,34.93333333333333,7.3,199711250DAL-SAS,199711250DAL-DAL,SAS-1998,1,1998,255.0133333333333,49.661833333333334,robinda01-1998
elliose01,32.65,8.3,199711250DAL-SAS,199711250DAL-DAL,SAS-1998,1,1998,270.995,49.661833333333334,elliose01-1998
persoch01,24.816666666666666,5.1,199711250DAL-SAS,199711250DAL-DAL,SAS-1998,1,1998,126.56499999999998,49.661833333333334,persoch01-1998
alexaco01,23.883333333333333,3.7,199711250DAL-SAS,199711250DAL-DAL,SAS-1998,1,1998,88.36833333333334,49.661833333333334,alexaco01-1998
jacksja01,23.833333333333332,-2.8,199711250DAL-SAS,199711250DAL-DAL,SAS-1998,1,1998,-66.73333333333332,49.661833333333334,jacksja01-1998
duncati01,22.45,-2.2,199711250DAL-SAS,199711250DAL-DAL,SAS-1998,1,1998,-49.39,49.661833333333334,duncati01-1998
perduwi01,18.5,-5.1,199711250DAL-SAS,199711250DAL-DAL,SAS-1998,1,1998,-94.35,49.661833333333334,perduwi01-1998
rosema01,7.783333333333333,2.6,199711250DAL-SAS,199711250DAL-DAL,SAS-1998,1,1998,20.236666666666668,49.661833333333334,rosema01-1998
herreca01,7.2,-0.8,199711250DAL-SAS,199711250DAL-DAL,SAS-1998,1,1998,-5.760000000000001,49.661833333333334,herreca01-1998
howarju01,47.15,1.6,199711260SAS-WAS,199711260SAS-SAS,WAS-1998,1,1998,75.44,111.6107142857143,howarju01-1998
stricro02,43.916666666666664,15.8,199711260SAS-WAS,199711260SAS-SAS,WAS-1998,1,1998,693.8833333333333,111.6107142857143,stricro02-1998
cheanca01,43.55,-1.7,199711260SAS-WAS,199711260SAS-SAS,WAS-1998,1,1998,-74.035,111.6107142857143,cheanca01-1998
daviste01,40.43333333333333,-4,199711260SAS-WAS,199711260SAS-SAS,WAS-1998,1,1998,-161.73333333333332,111.6107142857143,daviste01-1998
webbech01,36.083333333333336,8.8,199711260SAS-WAS,199711260SAS-SAS,WAS-1998,1,1998,317.53333333333336,111.6107142857143,webbech01-1998
murratr01,21.916666666666668,-2.9,199711260SAS-WAS,199711260SAS-SAS,WAS-1998,1,1998,-63.55833333333334,111.6107142857143,murratr01-1998
whitnch01,6.95,-0.9,199711260SAS-WAS,199711260SAS-SAS,WAS-1998,1,1998,-6.255,111.6107142857143,whitnch01-1998
finlemi01,44.15,11.4,199711290SAS-DAL,199711290SAS-SAS,DAL-1998,0,1998,503.31,35.27018518518518,finlemi01-1998
scottde01,41.766666666666666,-0.4,199711290SAS-DAL,199711290SAS-SAS,DAL-1998,0,1998,-16.706666666666667,35.27018518518518,scottde01-1998
reevekh01,38.65,5.6,199711290SAS-DAL,199711290SAS-SAS,DAL-1998,0,1998,216.43999999999997,35.27018518518518,reevekh01-1998
greenac01,38.06666666666667,-4.9,199711290SAS-DAL,199711290SAS-SAS,DAL-1998,0,1998,-186.5266666666667,35.27018518518518,greenac01-1998
walkesa01,37.333333333333336,-3.7,199711290SAS-DAL,199711290SAS-SAS,DAL-1998,0,1998,-138.13333333333335,35.27018518518518,walkesa01-1998
anstech01,14.583333333333334,-4,199711290SAS-DAL,199711290SAS-SAS,DAL-1998,0,1998,-58.333333333333336,35.27018518518518,anstech01-1998
davishu01,10.083333333333334,1,199711290SAS-DAL,199711290SAS-SAS,DAL-1998,0,1998,10.083333333333334,35.27018518518518,davishu01-1998
stricer01,9.35,0.9,199711290SAS-DAL,199711290SAS-SAS,DAL-1998,0,1998,8.415,35.27018518518518,stricer01-1998
muursma01,6.033333333333333,-3.5,199711290SAS-DAL,199711290SAS-SAS,DAL-1998,0,1998,-21.116666666666667,35.27018518518518,muursma01-1998
duncati01,37.53333333333333,2,199711300ATL-SAS,199711300ATL-ATL,SAS-1998,0,1998,75.06666666666666,13.223666666666666,duncati01-1998
robinda01,30.166666666666668,-1.1,199711300ATL-SAS,199711300ATL-ATL,SAS-1998,0,1998,-33.18333333333334,13.223666666666666,robinda01-1998
delnevi01,28.633333333333333,-1.2,199711300ATL-SAS,199711300ATL-ATL,SAS-1998,0,1998,-34.36,13.223666666666666,delnevi01-1998
johnsav01,27.166666666666668,3.3,199711300ATL-SAS,199711300ATL-ATL,SAS-1998,0,1998,89.65,13.223666666666666,johnsav01-1998
perduwi01,25.1,-0.5,199711300ATL-SAS,199711300ATL-ATL,SAS-1998,0,1998,-12.55,13.223666666666666,perduwi01-1998
elliose01,24.7,-2.5,199711300ATL-SAS,199711300ATL-ATL,SAS-1998,0,1998,-61.75,13.223666666666666,elliose01-1998
alexaco01,20.833333333333332,4,199711300ATL-SAS,199711300ATL-ATL,SAS-1998,0,1998,83.33333333333333,13.223666666666666,alexaco01-1998
persoch01,20.65,-1.3,199711300ATL-SAS,199711300ATL-ATL,SAS-1998,0,1998,-26.845,13.223666666666666,persoch01-1998
jacksja01,19.366666666666667,2.7,199711300ATL-SAS,199711300ATL-ATL,SAS-1998,0,1998,52.290000000000006,13.223666666666666,jacksja01-1998
rosema01,5.85,0.1,199711300ATL-SAS,199711300ATL-ATL,SAS-1998,0,1998,0.585,13.223666666666666,rosema01-1998
houstal01,38.083333333333336,5.4,199712020SAS-NYK,199712020SAS-SAS,NYK-1998,0,1998,205.65000000000003,57.28907407407408,houstal01-1998
ewingpa01,37.28333333333333,6.5,199712020SAS-NYK,199712020SAS-SAS,NYK-1998,0,1998,242.34166666666664,57.28907407407408,ewingpa01-1998
oaklech01,34.56666666666667,6.3,199712020SAS-NYK,199712020SAS-SAS,NYK-1998,0,1998,217.77,57.28907407407408,oaklech01-1998
starkjo01,29.283333333333335,0.5,199712020SAS-NYK,199712020SAS-SAS,NYK-1998,0,1998,14.641666666666667,57.28907407407408,starkjo01-1998
millsch01,28.633333333333333,-3.3,199712020SAS-NYK,199712020SAS-SAS,NYK-1998,0,1998,-94.49,57.28907407407408,millsch01-1998
childch01,25.633333333333333,-0.9,199712020SAS-NYK,199712020SAS-SAS,NYK-1998,0,1998,-23.07,57.28907407407408,childch01-1998
wardch01,22.366666666666667,-1.3,199712020SAS-NYK,199712020SAS-SAS,NYK-1998,0,1998,-29.076666666666668,57.28907407407408,wardch01-1998
willibu01,12.133333333333333,-1.2,199712020SAS-NYK,199712020SAS-SAS,NYK-1998,0,1998,-14.559999999999999,57.28907407407408,willibu01-1998
dudlech02,12.016666666666667,-0.3,199712020SAS-NYK,199712020SAS-SAS,NYK-1998,0,1998,-3.605,57.28907407407408,dudlech02-1998
duncati01,47.416666666666664,1,199712040LAC-SAS,199712040LAC-LAC,SAS-1998,0,1998,47.416666666666664,41.10121212121212,duncati01-1998
delnevi01,42.68333333333333,3.1,199712040LAC-SAS,199712040LAC-LAC,SAS-1998,0,1998,132.31833333333333,41.10121212121212,delnevi01-1998
johnsav01,41,4.2,199712040LAC-SAS,199712040LAC-LAC,SAS-1998,0,1998,172.20000000000002,41.10121212121212,johnsav01-1998
robinda01,38.766666666666666,6.4,199712040LAC-SAS,199712040LAC-LAC,SAS-1998,0,1998,248.10666666666668,41.10121212121212,robinda01-1998
elliose01,35.983333333333334,-2.6,199712040LAC-SAS,199712040LAC-LAC,SAS-1998,0,1998,-93.55666666666667,41.10121212121212,elliose01-1998
persoch01,17.516666666666666,-0.8,199712040LAC-SAS,199712040LAC-LAC,SAS-1998,0,1998,-14.013333333333334,41.10121212121212,persoch01-1998
rosema01,13.35,-2.5,199712040LAC-SAS,199712040LAC-LAC,SAS-1998,0,1998,-33.375,41.10121212121212,rosema01-1998
alexaco01,12,1.5,199712040LAC-SAS,199712040LAC-LAC,SAS-1998,0,1998,18,41.10121212121212,alexaco01-1998
jacksja01,5.583333333333333,-1.5,199712040LAC-SAS,199712040LAC-LAC,SAS-1998,0,1998,-8.375,41.10121212121212,jacksja01-1998
willimo01,5.383333333333334,-0.7,199712040LAC-SAS,199712040LAC-LAC,SAS-1998,0,1998,-3.7683333333333335,41.10121212121212,willimo01-1998
perduwi01,5.35,-2.4,199712040LAC-SAS,199712040LAC-LAC,SAS-1998,0,1998,-12.839999999999998,41.10121212121212,perduwi01-1998
duncati01,41.75,5.4,199712050LAL-SAS,199712050LAL-LAL,SAS-1998,0,1998,225.45000000000002,43.566500000000005,duncati01-1998
robinda01,33.88333333333333,5.3,199712050LAL-SAS,199712050LAL-LAL,SAS-1998,0,1998,179.58166666666665,43.566500000000005,robinda01-1998
elliose01,32.2,10.8,199712050LAL-SAS,199712050LAL-LAL,SAS-1998,0,1998,347.76000000000005,43.566500000000005,elliose01-1998
delnevi01,29.65,-11.6,199712050LAL-SAS,199712050LAL-LAL,SAS-1998,0,1998,-343.94,43.566500000000005,delnevi01-1998
alexaco01,24.85,3.9,199712050LAL-SAS,199712050LAL-LAL,SAS-1998,0,1998,96.915,43.566500000000005,alexaco01-1998
johnsav01,23.15,3.7,199712050LAL-SAS,199712050LAL-LAL,SAS-1998,0,1998,85.655,43.566500000000005,johnsav01-1998
jacksja01,19.233333333333334,-6.7,199712050LAL-SAS,199712050LAL-LAL,SAS-1998,0,1998,-128.86333333333334,43.566500000000005,jacksja01-1998
rosema01,15.45,-0.3,199712050LAL-SAS,199712050LAL-LAL,SAS-1998,0,1998,-4.635,43.566500000000005,rosema01-1998
willimo01,14.916666666666666,-0.8,199712050LAL-SAS,199712050LAL-LAL,SAS-1998,0,1998,-11.933333333333334,43.566500000000005,willimo01-1998
perduwi01,4.916666666666667,-2.1,199712050LAL-SAS,199712050LAL-LAL,SAS-1998,0,1998,-10.325000000000001,43.566500000000005,perduwi01-1998
duncati01,30.483333333333334,-1.1,199712090HOU-SAS,199712090HOU-HOU,SAS-1998,0,1998,-33.53166666666667,-12.551363636363636,duncati01-1998
delnevi01,29.35,-0.3,199712090HOU-SAS,199712090HOU-HOU,SAS-1998,0,1998,-8.805,-12.551363636363636,delnevi01-1998
robinda01,27.316666666666666,5.1,199712090HOU-SAS,199712090HOU-HOU,SAS-1998,0,1998,139.315,-12.551363636363636,robinda01-1998
rosema01,27.033333333333335,0.4,199712090HOU-SAS,199712090HOU-HOU,SAS-1998,0,1998,10.813333333333334,-12.551363636363636,rosema01-1998
johnsav01,26.833333333333332,-2.4,199712090HOU-SAS,199712090HOU-HOU,SAS-1998,0,1998,-64.39999999999999,-12.551363636363636,johnsav01-1998
elliose01,24.8,0.4,199712090HOU-SAS,199712090HOU-HOU,SAS-1998,0,1998,9.920000000000002,-12.551363636363636,elliose01-1998
alexaco01,21.166666666666668,-5.4,199712090HOU-SAS,199712090HOU-HOU,SAS-1998,0,1998,-114.30000000000001,-12.551363636363636,alexaco01-1998
jacksja01,18.65,1.6,199712090HOU-SAS,199712090HOU-HOU,SAS-1998,0,1998,29.84,-12.551363636363636,jacksja01-1998
willimo01,15.316666666666666,-4.4,199712090HOU-SAS,199712090HOU-HOU,SAS-1998,0,1998,-67.39333333333333,-12.551363636363636,willimo01-1998
persoch01,10.033333333333333,-3.4,199712090HOU-SAS,199712090HOU-HOU,SAS-1998,0,1998,-34.11333333333333,-12.551363636363636,persoch01-1998
perduwi01,9.016666666666667,-0.6,199712090HOU-SAS,199712090HOU-HOU,SAS-1998,0,1998,-5.41,-12.551363636363636,perduwi01-1998
martida01,31.95,1.2,199712100SAS-LAC,199712100SAS-SAS,LAC-1998,0,1998,38.339999999999996,1.1988888888888873,martida01-1998
wrighlo02,28.85,-4.9,199712100SAS-LAC,199712100SAS-SAS,LAC-1998,0,1998,-141.365,1.1988888888888873,wrighlo02-1998
piatker01,26.833333333333332,1.9,199712100SAS-LAC,199712100SAS-SAS,LAC-1998,0,1998,50.98333333333333,1.1988888888888873,piatker01-1998
murrala01,26.25,-2,199712100SAS-LAC,199712100SAS-SAS,LAC-1998,0,1998,-52.5,1.1988888888888873,murrala01-1998
rogerro01,25.4,4,199712100SAS-LAC,199712100SAS-SAS,LAC-1998,0,1998,101.6,1.1988888888888873,rogerro01-1998
barrybr01,21.583333333333332,5.5,199712100SAS-LAC,199712100SAS-SAS,LAC-1998,0,1998,118.70833333333333,1.1988888888888873,barrybr01-1998
tayloma01,21.083333333333332,-2.9,199712100SAS-LAC,199712100SAS-SAS,LAC-1998,0,1998,-61.14166666666666,1.1988888888888873,tayloma01-1998
robinja02,20.1,0.6,199712100SAS-LAC,199712100SAS-SAS,LAC-1998,0,1998,12.06,1.1988888888888873,robinja02-1998
closske01,15.316666666666666,-1.5,199712100SAS-LAC,199712100SAS-SAS,LAC-1998,0,1998,-22.975,1.1988888888888873,closske01-1998
vrankst01,15.066666666666666,-2.3,199712100SAS-LAC,199712100SAS-SAS,LAC-1998,0,1998,-34.65333333333333,1.1988888888888873,vrankst01-1998
richapo01,6.95,0.9,199712100SAS-LAC,199712100SAS-SAS,LAC-1998,0,1998,6.255,1.1988888888888873,richapo01-1998
collija01,0.6166666666666667,-1.5,199712100SAS-LAC,199712100SAS-SAS,LAC-1998,0,1998,-0.925,1.1988888888888873,collija01-1998
grantho01,31.9,0.4,199712130SAS-ORL,199712130SAS-SAS,ORL-1998,0,1998,12.76,-20.919305555555553,grantho01-1998
outlabo01,31.3,-0.6,199712130SAS-ORL,199712130SAS-SAS,ORL-1998,0,1998,-18.78,-20.919305555555553,outlabo01-1998
armstda01,27.083333333333332,-0.4,199712130SAS-ORL,199712130SAS-SAS,ORL-1998,0,1998,-10.833333333333334,-20.919305555555553,armstda01-1998
seikaro01,26.7,-5.9,199712130SAS-ORL,199712130SAS-SAS,ORL-1998,0,1998,-157.53,-20.919305555555553,seikaro01-1998
evansbr01,23.983333333333334,-0.3,199712130SAS-ORL,199712130SAS-SAS,ORL-1998,0,1998,-7.195,-20.919305555555553,evansbr01-1998
harpede01,21.216666666666665,-1.6,199712130SAS-ORL,199712130SAS-SAS,ORL-1998,0,1998,-33.946666666666665,-20.919305555555553,harpede01-1998
pricema01,20.916666666666668,1.9,199712130SAS-ORL,199712130SAS-SAS,ORL-1998,0,1998,39.74166666666667,-20.919305555555553,pricema01-1998
wilkige01,20.116666666666667,-4.6,199712130SAS-ORL,199712130SAS-SAS,ORL-1998,0,1998,-92.53666666666666,-20.919305555555553,wilkige01-1998
schayda01,13.416666666666666,1.1,199712130SAS-ORL,199712130SAS-SAS,ORL-1998,0,1998,14.758333333333335,-20.919305555555553,schayda01-1998
lawsoja01,9.083333333333334,2.5,199712130SAS-ORL,199712130SAS-SAS,ORL-1998,0,1998,22.708333333333336,-20.919305555555553,lawsoja01-1998
taylojo01,7.616666666666667,-5.1,199712130SAS-ORL,199712130SAS-SAS,ORL-1998,0,1998,-38.845,-20.919305555555553,taylojo01-1998
thomaca01,6.666666666666667,2.8,199712130SAS-ORL,199712130SAS-SAS,ORL-1998,0,1998,18.666666666666668,-20.919305555555553,thomaca01-1998
jacksja01,36.583333333333336,5.9,199712160DEN-SAS,199712160DEN-DEN,SAS-1998,1,1998,215.8416666666667,65.32116666666667,jacksja01-1998
johnsav01,35,0.7,199712160DEN-SAS,199712160DEN-DEN,SAS-1998,1,1998,24.5,65.32116666666667,johnsav01-1998
robinda01,34.43333333333333,12.3,199712160DEN-SAS,199712160DEN-DEN,SAS-1998,1,1998,423.53,65.32116666666667,robinda01-1998
duncati01,29.983333333333334,8.4,199712160DEN-SAS,199712160DEN-DEN,SAS-1998,1,1998,251.86,65.32116666666667,duncati01-1998
alexaco01,24.85,-1.2,199712160DEN-SAS,199712160DEN-DEN,SAS-1998,1,1998,-29.82,65.32116666666667,alexaco01-1998
elliose01,24.466666666666665,-5.2,199712160DEN-SAS,199712160DEN-DEN,SAS-1998,1,1998,-127.22666666666666,65.32116666666667,elliose01-1998
willimo01,20.233333333333334,-1.9,199712160DEN-SAS,199712160DEN-DEN,SAS-1998,1,1998,-38.443333333333335,65.32116666666667,willimo01-1998
persoch01,13.916666666666666,-2.5,199712160DEN-SAS,199712160DEN-DEN,SAS-1998,1,1998,-34.791666666666664,65.32116666666667,persoch01-1998
perduwi01,10.483333333333333,-2.5,199712160DEN-SAS,199712160DEN-DEN,SAS-1998,1,1998,-26.208333333333332,65.32116666666667,perduwi01-1998
rosema01,10.05,-0.6,199712160DEN-SAS,199712160DEN-DEN,SAS-1998,1,1998,-6.03,65.32116666666667,rosema01-1998
daniean01,39.75,0.1,199712170SAS-VAN,199712170SAS-SAS,VAN-1998,0,1998,3.975,27.668030303030303,daniean01-1998
reevebr01,39.03333333333333,7.3,199712170SAS-VAN,199712170SAS-SAS,VAN-1998,0,1998,284.9433333333333,27.668030303030303,reevebr01-1998
abdursh01,36.18333333333333,4.5,199712170SAS-VAN,199712170SAS-SAS,VAN-1998,0,1998,162.825,27.668030303030303,abdursh01-1998
edwarbl01,33.5,-3.9,199712170SAS-VAN,199712170SAS-SAS,VAN-1998,0,1998,-130.65,27.668030303030303,edwarbl01-1998
lynchge01,24,4.2,199712170SAS-VAN,199712170SAS-SAS,VAN-1998,0,1998,100.80000000000001,27.668030303030303,lynchge01-1998
chilcpe01,18.95,-3.1,199712170SAS-VAN,199712170SAS-SAS,VAN-1998,0,1998,-58.745,27.668030303030303,chilcpe01-1998
masseto01,18.9,-0.9,199712170SAS-VAN,199712170SAS-SAS,VAN-1998,0,1998,-17.009999999999998,27.668030303030303,masseto01-1998
macksa01,14.5,-0.9,199712170SAS-VAN,199712170SAS-SAS,VAN-1998,0,1998,-13.05,27.668030303030303,macksa01-1998
newbiiv01,6.933333333333334,-2.4,199712170SAS-VAN,199712170SAS-SAS,VAN-1998,0,1998,-16.64,27.668030303030303,newbiiv01-1998
maybele01,4.25,-2,199712170SAS-VAN,199712170SAS-SAS,VAN-1998,0,1998,-8.5,27.668030303030303,maybele01-1998
robinch01,4,-0.9,199712170SAS-VAN,199712170SAS-SAS,VAN-1998,0,1998,-3.6,27.668030303030303,robinch01-1998
drexlcl01,37.86666666666667,11.1,199712200SAS-HOU,199712200SAS-SAS,HOU-1998,0,1998,420.32,28.380606060606063,drexlcl01-1998
willike02,35.6,-0.3,199712200SAS-HOU,199712200SAS-SAS,HOU-1998,0,1998,-10.68,28.380606060606063,willike02-1998
barklch01,35.13333333333333,6,199712200SAS-HOU,199712200SAS-SAS,HOU-1998,0,1998,210.8,28.380606060606063,barklch01-1998
eliema01,29.533333333333335,-2.5,199712200SAS-HOU,199712200SAS-SAS,HOU-1998,0,1998,-73.83333333333334,28.380606060606063,eliema01-1998
malonma01,22.516666666666666,-4.2,199712200SAS-HOU,199712200SAS-SAS,HOU-1998,0,1998,-94.57,28.380606060606063,malonma01-1998
davisem01,21.216666666666665,-3.1,199712200SAS-HOU,199712200SAS-SAS,HOU-1998,0,1998,-65.77166666666666,28.380606060606063,davisem01-1998
johnsed03,19.35,-4.5,199712200SAS-HOU,199712200SAS-SAS,HOU-1998,0,1998,-87.075,28.380606060606063,johnsed03-1998
bullama01,16.283333333333335,2.6,199712200SAS-HOU,199712200SAS-SAS,HOU-1998,0,1998,42.33666666666667,28.380606060606063,bullama01-1998
pricebr01,10.133333333333333,-4.2,199712200SAS-HOU,199712200SAS-SAS,HOU-1998,0,1998,-42.56,28.380606060606063,pricebr01-1998
harriot01,9,0.6,199712200SAS-HOU,199712200SAS-SAS,HOU-1998,0,1998,5.3999999999999995,28.380606060606063,harriot01-1998
stephjo01,3.4,2.3,199712200SAS-HOU,199712200SAS-SAS,HOU-1998,0,1998,7.819999999999999,28.380606060606063,stephjo01-1998
millere01,34.583333333333336,9.1,199712230SAS-IND,199712230SAS-SAS,IND-1998,0,1998,314.7083333333333,34.7575,millere01-1998
smitsri01,27.15,0.8,199712230SAS-IND,199712230SAS-SAS,IND-1998,0,1998,21.72,34.7575,smitsri01-1998
roseja01,26.566666666666666,-0.2,199712230SAS-IND,199712230SAS-SAS,IND-1998,0,1998,-5.3133333333333335,34.7575,roseja01-1998
jacksma01,25.133333333333333,-1.4,199712230SAS-IND,199712230SAS-SAS,IND-1998,0,1998,-35.18666666666666,34.7575,jacksma01-1998
davisan01,24.05,3.1,199712230SAS-IND,199712230SAS-SAS,IND-1998,0,1998,74.555,34.7575,davisan01-1998
davisda01,23.7,1.1,199712230SAS-IND,199712230SAS-SAS,IND-1998,0,1998,26.07,34.7575,davisda01-1998
besttr01,22.866666666666667,4,199712230SAS-IND,199712230SAS-SAS,IND-1998,0,1998,91.46666666666667,34.7575,besttr01-1998
mullich01,21.433333333333334,-0.7,199712230SAS-IND,199712230SAS-SAS,IND-1998,0,1998,-15.003333333333332,34.7575,mullich01-1998
mckeyde01,21.1,-5.5,199712230SAS-IND,199712230SAS-SAS,IND-1998,0,1998,-116.05000000000001,34.7575,mckeyde01-1998
hoibefr01,13.416666666666666,-0.7,199712230SAS-IND,199712230SAS-SAS,IND-1998,0,1998,-9.391666666666666,34.7575,hoibefr01-1998
walkean02,39.583333333333336,-4.2,199712260SAS-BOS,199712260SAS-SAS,BOS-1998,0,1998,-166.25000000000003,-2.0379166666666686,walkean02-1998
mccarwa01,35.916666666666664,-1.9,199712260SAS-BOS,199712260SAS-SAS,BOS-1998,0,1998,-68.24166666666666,-2.0379166666666686,mccarwa01-1998
billuch01,25.766666666666666,2.1,199712260SAS-BOS,199712260SAS-SAS,BOS-1998,0,1998,54.11,-2.0379166666666686,billuch01-1998
mercero01,24.75,1.9,199712260SAS-BOS,199712260SAS-SAS,BOS-1998,0,1998,47.025,-2.0379166666666686,mercero01-1998
declean01,22.933333333333334,1,199712260SAS-BOS,199712260SAS-SAS,BOS-1998,0,1998,22.933333333333334,-2.0379166666666686,declean01-1998
bowenbr01,22.766666666666666,2.8,199712260SAS-BOS,199712260SAS-SAS,BOS-1998,0,1998,63.74666666666666,-2.0379166666666686,bowenbr01-1998
minorgr01,15.083333333333334,5.1,199712260SAS-BOS,199712260SAS-SAS,BOS-1998,0,1998,76.925,-2.0379166666666686,minorgr01-1998
knightr01,14.483333333333333,-2.8,199712260SAS-BOS,199712260SAS-SAS,BOS-1998,0,1998,-40.55333333333333,-2.0379166666666686,knightr01-1998
barroda01,11.816666666666666,-2,199712260SAS-BOS,199712260SAS-SAS,BOS-1998,0,1998,-23.633333333333333,-2.0379166666666686,barroda01-1998
edneyty01,10.85,3.6,199712260SAS-BOS,199712260SAS-SAS,BOS-1998,0,1998,39.06,-2.0379166666666686,edneyty01-1998
brownde01,9.5,-1.8,199712260SAS-BOS,199712260SAS-SAS,BOS-1998,0,1998,-17.1,-2.0379166666666686,brownde01-1998
rogerro02,6.566666666666666,-1.9,199712260SAS-BOS,199712260SAS-SAS,BOS-1998,0,1998,-12.476666666666665,-2.0379166666666686,rogerro02-1998
jacksja01,42.9,5.9,199712280POR-SAS,199712280POR-POR,SAS-1998,0,1998,253.11,53.382222222222225,jacksja01-1998
johnsav01,42.68333333333333,1,199712280POR-SAS,199712280POR-POR,SAS-1998,0,1998,42.68333333333333,53.382222222222225,johnsav01-1998
robinda01,42.03333333333333,5.2,199712280POR-SAS,199712280POR-POR,SAS-1998,0,1998,218.57333333333332,53.382222222222225,robinda01-1998
duncati01,33.766666666666666,1.8,199712280POR-SAS,199712280POR-POR,SAS-1998,0,1998,60.78,53.382222222222225,duncati01-1998
elliose01,28.583333333333332,-6.2,199712280POR-SAS,199712280POR-POR,SAS-1998,0,1998,-177.21666666666667,53.382222222222225,elliose01-1998
willimo01,22.35,2.3,199712280POR-SAS,199712280POR-POR,SAS-1998,0,1998,51.405,53.382222222222225,willimo01-1998
persoch01,14.95,2.4,199712280POR-SAS,199712280POR-POR,SAS-1998,0,1998,35.879999999999995,53.382222222222225,persoch01-1998
perduwi01,7.433333333333334,-1,199712280POR-SAS,199712280POR-POR,SAS-1998,0,1998,-7.433333333333334,53.382222222222225,perduwi01-1998
alexaco01,5.316666666666666,0.5,199712280POR-SAS,199712280POR-POR,SAS-1998,0,1998,2.658333333333333,53.382222222222225,alexaco01-1998
johnsav01,43.18333333333333,-2.1,199712300VAN-SAS,199712300VAN-VAN,SAS-1998,1,1998,-90.685,38.516833333333324,johnsav01-1998
duncati01,39.416666666666664,-1.3,199712300VAN-SAS,199712300VAN-VAN,SAS-1998,1,1998,-51.24166666666667,38.516833333333324,duncati01-1998
robinda01,36.21666666666667,0.5,199712300VAN-SAS,199712300VAN-VAN,SAS-1998,1,1998,18.108333333333334,38.516833333333324,robinda01-1998
persoch01,34.05,10.7,199712300VAN-SAS,199712300VAN-VAN,SAS-1998,1,1998,364.3349999999999,38.516833333333324,persoch01-1998
elliose01,28.55,2.5,199712300VAN-SAS,199712300VAN-VAN,SAS-1998,1,1998,71.375,38.516833333333324,elliose01-1998
jacksja01,23.316666666666666,0.4,199712300VAN-SAS,199712300VAN-VAN,SAS-1998,1,1998,9.326666666666666,38.516833333333324,jacksja01-1998
willimo01,18.666666666666668,3.4,199712300VAN-SAS,199712300VAN-VAN,SAS-1998,1,1998,63.46666666666667,38.516833333333324,willimo01-1998
perduwi01,7.5,-0.1,199712300VAN-SAS,199712300VAN-VAN,SAS-1998,1,1998,-0.75,38.516833333333324,perduwi01-1998
alexaco01,4.816666666666666,-0.9,199712300VAN-SAS,199712300VAN-VAN,SAS-1998,1,1998,-4.335,38.516833333333324,alexaco01-1998
herreca01,4.283333333333333,1.3,199712300VAN-SAS,199712300VAN-VAN,SAS-1998,1,1998,5.568333333333333,38.516833333333324,herreca01-1998
anderke01,33.03333333333333,10.2,199801020SAS-POR,199801020SAS-SAS,POR-1998,0,1998,336.93999999999994,5.040138888888886,anderke01-1998
rideris01,30.366666666666667,-7.8,199801020SAS-POR,199801020SAS-SAS,POR-1998,0,1998,-236.85999999999999,5.040138888888886,rideris01-1998
wallara01,28.516666666666666,-0.4,199801020SAS-POR,199801020SAS-SAS,POR-1998,0,1998,-11.406666666666666,5.040138888888886,wallara01-1998
trentga01,23.683333333333334,3.5,199801020SAS-POR,199801020SAS-SAS,POR-1998,0,1998,82.89166666666667,5.040138888888886,trentga01-1998
sabonar01,22.016666666666666,-4.8,199801020SAS-POR,199801020SAS-SAS,POR-1998,0,1998,-105.67999999999999,5.040138888888886,sabonar01-1998
grantbr01,20.966666666666665,1.3,199801020SAS-POR,199801020SAS-SAS,POR-1998,0,1998,27.256666666666664,5.040138888888886,grantbr01-1998
willial02,20.6,-1.9,199801020SAS-POR,199801020SAS-SAS,POR-1998,0,1998,-39.14,5.040138888888886,willial02-1998
catoke01,19.133333333333333,0.2,199801020SAS-POR,199801020SAS-SAS,POR-1998,0,1998,3.8266666666666667,5.040138888888886,catoke01-1998
brunsri01,12,0,199801020SAS-POR,199801020SAS-SAS,POR-1998,0,1998,0,5.040138888888886,brunsri01-1998
onealje01,12,-2,199801020SAS-POR,199801020SAS-SAS,POR-1998,0,1998,-24,5.040138888888886,onealje01-1998
askewvi01,9.066666666666666,3.7,199801020SAS-POR,199801020SAS-SAS,POR-1998,0,1998,33.54666666666667,5.040138888888886,askewvi01-1998
augmost01,8.616666666666667,-0.8,199801020SAS-POR,199801020SAS-SAS,POR-1998,0,1998,-6.893333333333334,5.040138888888886,augmost01-1998
duncati01,44.25,6,199801030MIA-SAS,199801030MIA-MIA,SAS-1998,1,1998,265.5,114.28055555555555,duncati01-1998
johnsav01,43.61666666666667,3.9,199801030MIA-SAS,199801030MIA-MIA,SAS-1998,1,1998,170.105,114.28055555555555,johnsav01-1998
jacksja01,40.233333333333334,-0.3,199801030MIA-SAS,199801030MIA-MIA,SAS-1998,1,1998,-12.07,114.28055555555555,jacksja01-1998
robinda01,38.233333333333334,11,199801030MIA-SAS,199801030MIA-MIA,SAS-1998,1,1998,420.56666666666666,114.28055555555555,robinda01-1998
persoch01,35.166666666666664,5.5,199801030MIA-SAS,199801030MIA-MIA,SAS-1998,1,1998,193.41666666666666,114.28055555555555,persoch01-1998
willimo01,17.5,3,199801030MIA-SAS,199801030MIA-MIA,SAS-1998,1,1998,52.5,114.28055555555555,willimo01-1998
perduwi01,13.516666666666667,-3.7,199801030MIA-SAS,199801030MIA-MIA,SAS-1998,1,1998,-50.01166666666667,114.28055555555555,perduwi01-1998
alexaco01,4.383333333333334,-1.7,199801030MIA-SAS,199801030MIA-MIA,SAS-1998,1,1998,-7.451666666666667,114.28055555555555,alexaco01-1998
elliose01,3.1,-1.3,199801030MIA-SAS,199801030MIA-MIA,SAS-1998,1,1998,-4.03,114.28055555555555,elliose01-1998
duncati01,40.1,8.5,199801050ORL-SAS,199801050ORL-ORL,SAS-1998,1,1998,340.85,41.53277777777778,duncati01-1998
johnsav01,39.31666666666667,-0.5,199801050ORL-SAS,199801050ORL-ORL,SAS-1998,1,1998,-19.658333333333335,41.53277777777778,johnsav01-1998
jacksja01,37.88333333333333,-0.8,199801050ORL-SAS,199801050ORL-ORL,SAS-1998,1,1998,-30.30666666666667,41.53277777777778,jacksja01-1998
persoch01,35.68333333333333,-8.4,199801050ORL-SAS,199801050ORL-ORL,SAS-1998,1,1998,-299.74,41.53277777777778,persoch01-1998
robinda01,35,5.5,199801050ORL-SAS,199801050ORL-ORL,SAS-1998,1,1998,192.5,41.53277777777778,robinda01-1998
willimo01,22.433333333333334,6.3,199801050ORL-SAS,199801050ORL-ORL,SAS-1998,1,1998,141.32999999999998,41.53277777777778,willimo01-1998
perduwi01,13,2.6,199801050ORL-SAS,199801050ORL-ORL,SAS-1998,1,1998,33.800000000000004,41.53277777777778,perduwi01-1998
gearyre01,8.7,1,199801050ORL-SAS,199801050ORL-ORL,SAS-1998,1,1998,8.7,41.53277777777778,gearyre01-1998
herreca01,7.9,0.8,199801050ORL-SAS,199801050ORL-ORL,SAS-1998,1,1998,6.32,41.53277777777778,herreca01-1998
garrede01,39,1.4,199801070SAS-DEN,199801070SAS-SAS,DEN-1998,0,1998,54.599999999999994,2.7637037037037064,garrede01-1998
ellisla01,34.55,-4.8,199801070SAS-DEN,199801070SAS-SAS,DEN-1998,0,1998,-165.83999999999997,2.7637037037037064,ellisla01-1998
newmajo01,31.466666666666665,-5.5,199801070SAS-DEN,199801070SAS-SAS,DEN-1998,0,1998,-173.06666666666666,2.7637037037037064,newmajo01-1998
battito01,30.083333333333332,5.7,199801070SAS-DEN,199801070SAS-SAS,DEN-1998,0,1998,171.475,2.7637037037037064,battito01-1998
jacksbo01,26.75,4.5,199801070SAS-DEN,199801070SAS-SAS,DEN-1998,0,1998,120.375,2.7637037037037064,jacksbo01-1998
washier01,22.45,4.5,199801070SAS-DEN,199801070SAS-SAS,DEN-1998,0,1998,101.02499999999999,2.7637037037037064,washier01-1998
goldwan01,21.25,1.5,199801070SAS-DEN,199801070SAS-SAS,DEN-1998,0,1998,31.875,2.7637037037037064,goldwan01-1998
fortsda01,19.9,-6.1,199801070SAS-DEN,199801070SAS-SAS,DEN-1998,0,1998,-121.38999999999999,2.7637037037037064,fortsda01-1998
ellisha01,14.55,0.4,199801070SAS-DEN,199801070SAS-SAS,DEN-1998,0,1998,5.82,2.7637037037037064,ellisha01-1998
johnsav01,32.86666666666667,-2.6,199801090PHO-SAS,199801090PHO-PHO,SAS-1998,0,1998,-85.45333333333333,19.028030303030302,johnsav01-1998
robinda01,32,4.5,199801090PHO-SAS,199801090PHO-PHO,SAS-1998,0,1998,144,19.028030303030302,robinda01-1998
persoch01,30.966666666666665,10.5,199801090PHO-SAS,199801090PHO-PHO,SAS-1998,0,1998,325.15,19.028030303030302,persoch01-1998
duncati01,29.816666666666666,2.4,199801090PHO-SAS,199801090PHO-PHO,SAS-1998,0,1998,71.56,19.028030303030302,duncati01-1998
jacksja01,25.283333333333335,-4.7,199801090PHO-SAS,199801090PHO-PHO,SAS-1998,0,1998,-118.83166666666668,19.028030303030302,jacksja01-1998
willimo01,22.816666666666666,-3.7,199801090PHO-SAS,199801090PHO-PHO,SAS-1998,0,1998,-84.42166666666667,19.028030303030302,willimo01-1998
alexaco01,19.633333333333333,2,199801090PHO-SAS,199801090PHO-PHO,SAS-1998,0,1998,39.266666666666666,19.028030303030302,alexaco01-1998
gearyre01,18.216666666666665,-1,199801090PHO-SAS,199801090PHO-PHO,SAS-1998,0,1998,-18.216666666666665,19.028030303030302,gearyre01-1998
perduwi01,13.2,-0.8,199801090PHO-SAS,199801090PHO-PHO,SAS-1998,0,1998,-10.56,19.028030303030302,perduwi01-1998
herreca01,7.85,-2,199801090PHO-SAS,199801090PHO-PHO,SAS-1998,0,1998,-15.7,19.028030303030302,herreca01-1998
rosema01,7.35,-5.1,199801090PHO-SAS,199801090PHO-PHO,SAS-1998,0,1998,-37.48499999999999,19.028030303030302,rosema01-1998
willico02,34.96666666666667,0.9,199801100SAS-SAC,199801100SAS-SAS,SAC-1998,0,1998,31.470000000000002,-33.174861111111106,willico02-1998
owensbi01,32.11666666666667,1.4,199801100SAS-SAC,199801100SAS-SAS,SAC-1998,0,1998,44.96333333333333,-33.174861111111106,owensbi01-1998
johnsan02,30.65,-3.9,199801100SAS-SAC,199801100SAS-SAS,SAC-1998,0,1998,-119.535,-33.174861111111106,johnsan02-1998
richmmi01,27.9,-7.3,199801100SAS-SAC,199801100SAS-SAS,SAC-1998,0,1998,-203.67,-33.174861111111106,richmmi01-1998
polynol01,22.233333333333334,-6.3,199801100SAS-SAC,199801100SAS-SAS,SAC-1998,0,1998,-140.07,-33.174861111111106,polynol01-1998
stewami01,20.766666666666666,2.3,199801100SAS-SAC,199801100SAS-SAS,SAC-1998,0,1998,47.76333333333333,-33.174861111111106,stewami01-1998
abdulma02,16.466666666666665,1.1,199801100SAS-SAC,199801100SAS-SAS,SAC-1998,0,1998,18.113333333333333,-33.174861111111106,abdulma02-1998
deherte01,16.45,-3.3,199801100SAS-SAC,199801100SAS-SAS,SAC-1998,0,1998,-54.285,-33.174861111111106,deherte01-1998
hendrma01,15.883333333333333,1.6,199801100SAS-SAC,199801100SAS-SAS,SAC-1998,0,1998,25.413333333333334,-33.174861111111106,hendrma01-1998
abdulta01,12,-2.6,199801100SAS-SAC,199801100SAS-SAS,SAC-1998,0,1998,-31.200000000000003,-33.174861111111106,abdulta01-1998
salvake01,6.033333333333333,-2.3,199801100SAS-SAC,199801100SAS-SAS,SAC-1998,0,1998,-13.876666666666665,-33.174861111111106,salvake01-1998
hurlebo01,4.55,-0.7,199801100SAS-SAC,199801100SAS-SAS,SAC-1998,0,1998,-3.1849999999999996,-33.174861111111106,hurlebo01-1998
robinda01,43.28333333333333,9.7,199801130BOS-SAS,199801130BOS-BOS,SAS-1998,1,1998,419.8483333333333,67.7861111111111,robinda01-1998
johnsav01,43.166666666666664,8.7,199801130BOS-SAS,199801130BOS-BOS,SAS-1998,1,1998,375.54999999999995,67.7861111111111,johnsav01-1998
duncati01,40.31666666666667,-2.4,199801130BOS-SAS,199801130BOS-BOS,SAS-1998,1,1998,-96.76,67.7861111111111,duncati01-1998
jacksja01,34.166666666666664,-7,199801130BOS-SAS,199801130BOS-BOS,SAS-1998,1,1998,-239.16666666666666,67.7861111111111,jacksja01-1998
persoch01,31.866666666666667,1.2,199801130BOS-SAS,199801130BOS-BOS,SAS-1998,1,1998,38.24,67.7861111111111,persoch01-1998
elliose01,22.766666666666666,2,199801130BOS-SAS,199801130BOS-BOS,SAS-1998,1,1998,45.53333333333333,67.7861111111111,elliose01-1998
willimo01,13.7,4.4,199801130BOS-SAS,199801130BOS-BOS,SAS-1998,1,1998,60.28,67.7861111111111,willimo01-1998
herreca01,5.766666666666667,2,199801130BOS-SAS,199801130BOS-BOS,SAS-1998,1,1998,11.533333333333333,67.7861111111111,herreca01-1998
gearyre01,4.983333333333333,-1,199801130BOS-SAS,199801130BOS-BOS,SAS-1998,1,1998,-4.983333333333333,67.7861111111111,gearyre01-1998
robinda01,44.53333333333333,2.8,199801140WAS-SAS,199801140WAS-WAS,SAS-1998,1,1998,124.69333333333331,92.70314814814814,robinda01-1998
johnsav01,43.6,-0.3,199801140WAS-SAS,199801140WAS-WAS,SAS-1998,1,1998,-13.08,92.70314814814814,johnsav01-1998
duncati01,42.71666666666667,9.5,199801140WAS-SAS,199801140WAS-WAS,SAS-1998,1,1998,405.80833333333334,92.70314814814814,duncati01-1998
persoch01,32.65,8.2,199801140WAS-SAS,199801140WAS-WAS,SAS-1998,1,1998,267.72999999999996,92.70314814814814,persoch01-1998
jacksja01,26.65,-0.7,199801140WAS-SAS,199801140WAS-WAS,SAS-1998,1,1998,-18.654999999999998,92.70314814814814,jacksja01-1998
willimo01,21.883333333333333,6.9,199801140WAS-SAS,199801140WAS-WAS,SAS-1998,1,1998,150.995,92.70314814814814,willimo01-1998
elliose01,15.416666666666666,-6.2,199801140WAS-SAS,199801140WAS-WAS,SAS-1998,1,1998,-95.58333333333333,92.70314814814814,elliose01-1998
perduwi01,8.15,1.2,199801140WAS-SAS,199801140WAS-WAS,SAS-1998,1,1998,9.78,92.70314814814814,perduwi01-1998
gearyre01,4.4,0.6,199801140WAS-SAS,199801140WAS-WAS,SAS-1998,1,1998,2.64,92.70314814814814,gearyre01-1998
duncati01,43.3,5.6,199801160CHH-SAS,199801160CHH-CHH,SAS-1998,1,1998,242.47999999999996,68.04722222222222,duncati01-1998
johnsav01,41.38333333333333,2.1,199801160CHH-SAS,199801160CHH-CHH,SAS-1998,1,1998,86.905,68.04722222222222,johnsav01-1998
jacksja01,36.916666666666664,3.4,199801160CHH-SAS,199801160CHH-CHH,SAS-1998,1,1998,125.51666666666665,68.04722222222222,jacksja01-1998
robinda01,35.93333333333333,1.8,199801160CHH-SAS,199801160CHH-CHH,SAS-1998,1,1998,64.67999999999999,68.04722222222222,robinda01-1998
persoch01,26.716666666666665,-2.1,199801160CHH-SAS,199801160CHH-CHH,SAS-1998,1,1998,-56.105,68.04722222222222,persoch01-1998
elliose01,21.283333333333335,0.4,199801160CHH-SAS,199801160CHH-CHH,SAS-1998,1,1998,8.513333333333334,68.04722222222222,elliose01-1998
perduwi01,16.766666666666666,10.2,199801160CHH-SAS,199801160CHH-CHH,SAS-1998,1,1998,171.01999999999998,68.04722222222222,perduwi01-1998
gearyre01,12.35,-2,199801160CHH-SAS,199801160CHH-CHH,SAS-1998,1,1998,-24.7,68.04722222222222,gearyre01-1998
delnevi01,5.35,-1.1,199801160CHH-SAS,199801160CHH-CHH,SAS-1998,1,1998,-5.885,68.04722222222222,delnevi01-1998
duncati01,48.85,4.9,199801180MIL-SAS,199801180MIL-MIL,SAS-1998,1,1998,239.36500000000004,89.7625925925926,duncati01-1998
robinda01,43.75,16.3,199801180MIL-SAS,199801180MIL-MIL,SAS-1998,1,1998,713.125,89.7625925925926,robinda01-1998
johnsav01,38.75,0.5,199801180MIL-SAS,199801180MIL-MIL,SAS-1998,1,1998,19.375,89.7625925925926,johnsav01-1998
jacksja01,34.916666666666664,-3.2,199801180MIL-SAS,199801180MIL-MIL,SAS-1998,1,1998,-111.73333333333333,89.7625925925926,jacksja01-1998
persoch01,28.883333333333333,1.6,199801180MIL-SAS,199801180MIL-MIL,SAS-1998,1,1998,46.21333333333334,89.7625925925926,persoch01-1998
elliose01,24.116666666666667,-3.6,199801180MIL-SAS,199801180MIL-MIL,SAS-1998,1,1998,-86.82000000000001,89.7625925925926,elliose01-1998
delnevi01,18.083333333333332,-2,199801180MIL-SAS,199801180MIL-MIL,SAS-1998,1,1998,-36.166666666666664,89.7625925925926,delnevi01-1998
gearyre01,14.25,-2.7,199801180MIL-SAS,199801180MIL-MIL,SAS-1998,1,1998,-38.475,89.7625925925926,gearyre01-1998
perduwi01,13.4,4.7,199801180MIL-SAS,199801180MIL-MIL,SAS-1998,1,1998,62.980000000000004,89.7625925925926,perduwi01-1998
duncati01,43.65,7.1,199801190NJN-SAS,199801190NJN-NJN,SAS-1998,0,1998,309.91499999999996,10.62736111111111,duncati01-1998
robinda01,38.31666666666667,-0.2,199801190NJN-SAS,199801190NJN-NJN,SAS-1998,0,1998,-7.663333333333334,10.62736111111111,robinda01-1998
johnsav01,36.416666666666664,-2.3,199801190NJN-SAS,199801190NJN-NJN,SAS-1998,0,1998,-83.75833333333333,10.62736111111111,johnsav01-1998
delnevi01,27.4,0.9,199801190NJN-SAS,199801190NJN-NJN,SAS-1998,0,1998,24.66,10.62736111111111,delnevi01-1998
persoch01,20.8,-5,199801190NJN-SAS,199801190NJN-NJN,SAS-1998,0,1998,-104,10.62736111111111,persoch01-1998
jacksja01,20.6,-1.9,199801190NJN-SAS,199801190NJN-NJN,SAS-1998,0,1998,-39.14,10.62736111111111,jacksja01-1998
willimo01,16.7,2.7,199801190NJN-SAS,199801190NJN-NJN,SAS-1998,0,1998,45.09,10.62736111111111,willimo01-1998
elliose01,15.85,-5.6,199801190NJN-SAS,199801190NJN-NJN,SAS-1998,0,1998,-88.75999999999999,10.62736111111111,elliose01-1998
gearyre01,8.35,2.9,199801190NJN-SAS,199801190NJN-NJN,SAS-1998,0,1998,24.215,10.62736111111111,gearyre01-1998
perduwi01,7.4,5.8,199801190NJN-SAS,199801190NJN-NJN,SAS-1998,0,1998,42.92,10.62736111111111,perduwi01-1998
alexaco01,3.2333333333333334,0.3,199801190NJN-SAS,199801190NJN-NJN,SAS-1998,0,1998,0.97,10.62736111111111,alexaco01-1998
herreca01,1.2833333333333332,2.4,199801190NJN-SAS,199801190NJN-NJN,SAS-1998,0,1998,3.0799999999999996,10.62736111111111,herreca01-1998
smithst01,34,0.9,199801210SAS-ATL,199801210SAS-SAS,ATL-1998,0,1998,30.6,-6.411515151515147,smithst01-1998
laettch01,32.3,-5.1,199801210SAS-ATL,199801210SAS-SAS,ATL-1998,0,1998,-164.72999999999996,-6.411515151515147,laettch01-1998
recasel01,31.483333333333334,3,199801210SAS-ATL,199801210SAS-SAS,ATL-1998,0,1998,94.45,-6.411515151515147,recasel01-1998
mutomdi01,29.8,0.4,199801210SAS-ATL,199801210SAS-SAS,ATL-1998,0,1998,11.920000000000002,-6.411515151515147,mutomdi01-1998
blaylmo01,25.783333333333335,-3.5,199801210SAS-ATL,199801210SAS-SAS,ATL-1998,0,1998,-90.24166666666667,-6.411515151515147,blaylmo01-1998
hendeal01,19.483333333333334,-3.1,199801210SAS-ATL,199801210SAS-SAS,ATL-1998,0,1998,-60.39833333333334,-6.411515151515147,hendeal01-1998
andergr01,15.866666666666667,-1.4,199801210SAS-ATL,199801210SAS-SAS,ATL-1998,0,1998,-22.21333333333333,-6.411515151515147,andergr01-1998
crawfch01,15.7,2.1,199801210SAS-ATL,199801210SAS-SAS,ATL-1998,0,1998,32.97,-6.411515151515147,crawfch01-1998
brownch01,14,0.4,199801210SAS-ATL,199801210SAS-SAS,ATL-1998,0,1998,5.6000000000000005,-6.411515151515147,brownch01-1998
barrydr01,12,-0.2,199801210SAS-ATL,199801210SAS-SAS,ATL-1998,0,1998,-2.4000000000000004,-6.411515151515147,barrydr01-1998
millean01,9.583333333333334,9.8,199801210SAS-ATL,199801210SAS-SAS,ATL-1998,0,1998,93.91666666666669,-6.411515151515147,millean01-1998
walkesa01,41.666666666666664,-3.5,199801230SAS-DAL,199801230SAS-SAS,DAL-1998,0,1998,-145.83333333333331,15.94722222222222,walkesa01-1998
finlemi01,41.28333333333333,4.5,199801230SAS-DAL,199801230SAS-SAS,DAL-1998,0,1998,185.77499999999998,15.94722222222222,finlemi01-1998
greenac01,33.9,-0.3,199801230SAS-DAL,199801230SAS-SAS,DAL-1998,0,1998,-10.17,15.94722222222222,greenac01-1998
scottde01,30.216666666666665,5.7,199801230SAS-DAL,199801230SAS-SAS,DAL-1998,0,1998,172.23499999999999,15.94722222222222,scottde01-1998
stricer01,27.233333333333334,-6.5,199801230SAS-DAL,199801230SAS-SAS,DAL-1998,0,1998,-177.01666666666668,15.94722222222222,stricer01-1998
bradlsh01,24.683333333333334,3.3,199801230SAS-DAL,199801230SAS-SAS,DAL-1998,0,1998,81.455,15.94722222222222,bradlsh01-1998
davishu01,20.8,-1.4,199801230SAS-DAL,199801230SAS-SAS,DAL-1998,0,1998,-29.119999999999997,15.94722222222222,davishu01-1998
reevekh01,16.55,4,199801230SAS-DAL,199801230SAS-SAS,DAL-1998,0,1998,66.2,15.94722222222222,reevekh01-1998
rileyer01,3,0,199801230SAS-DAL,199801230SAS-SAS,DAL-1998,0,1998,0,15.94722222222222,rileyer01-1998
johnsav01,38.733333333333334,-0.2,199801240HOU-SAS,199801240HOU-HOU,SAS-1998,0,1998,-7.746666666666667,-2.19527777777778,johnsav01-1998
delnevi01,36.71666666666667,-4.3,199801240HOU-SAS,199801240HOU-HOU,SAS-1998,0,1998,-157.88166666666666,-2.19527777777778,delnevi01-1998
robinda01,34.45,2.4,199801240HOU-SAS,199801240HOU-HOU,SAS-1998,0,1998,82.68,-2.19527777777778,robinda01-1998
perduwi01,33.016666666666666,6.6,199801240HOU-SAS,199801240HOU-HOU,SAS-1998,0,1998,217.90999999999997,-2.19527777777778,perduwi01-1998
duncati01,30.916666666666668,-0.5,199801240HOU-SAS,199801240HOU-HOU,SAS-1998,0,1998,-15.458333333333334,-2.19527777777778,duncati01-1998
persoch01,26.433333333333334,-2.6,199801240HOU-SAS,199801240HOU-HOU,SAS-1998,0,1998,-68.72666666666667,-2.19527777777778,persoch01-1998
jacksja01,15.6,-4.1,199801240HOU-SAS,199801240HOU-HOU,SAS-1998,0,1998,-63.959999999999994,-2.19527777777778,jacksja01-1998
gearyre01,9.266666666666667,-0.9,199801240HOU-SAS,199801240HOU-HOU,SAS-1998,0,1998,-8.340000000000002,-2.19527777777778,gearyre01-1998
willimo01,4.916666666666667,0.5,199801240HOU-SAS,199801240HOU-HOU,SAS-1998,0,1998,2.4583333333333335,-2.19527777777778,willimo01-1998
herreca01,4.383333333333334,-0.2,199801240HOU-SAS,199801240HOU-HOU,SAS-1998,0,1998,-0.8766666666666668,-2.19527777777778,herreca01-1998
alexaco01,2.783333333333333,-0.1,199801240HOU-SAS,199801240HOU-HOU,SAS-1998,0,1998,-0.2783333333333333,-2.19527777777778,alexaco01-1998
rosema01,2.783333333333333,-2.2,199801240HOU-SAS,199801240HOU-HOU,SAS-1998,0,1998,-6.123333333333334,-2.19527777777778,rosema01-1998
barklch01,32.233333333333334,4.3,199801260SAS-HOU,199801260SAS-SAS,HOU-1998,0,1998,138.60333333333332,-2.952083333333336,barklch01-1998
drexlcl01,30.433333333333334,1.4,199801260SAS-HOU,199801260SAS-SAS,HOU-1998,0,1998,42.60666666666666,-2.952083333333336,drexlcl01-1998
willike02,27.533333333333335,-1.1,199801260SAS-HOU,199801260SAS-SAS,HOU-1998,0,1998,-30.286666666666672,-2.952083333333336,willike02-1998
malonma01,24.866666666666667,-3.9,199801260SAS-HOU,199801260SAS-SAS,HOU-1998,0,1998,-96.98,-2.952083333333336,malonma01-1998
bullama01,23.866666666666667,2.6,199801260SAS-HOU,199801260SAS-SAS,HOU-1998,0,1998,62.053333333333335,-2.952083333333336,bullama01-1998
harriot01,21.3,-5.8,199801260SAS-HOU,199801260SAS-SAS,HOU-1998,0,1998,-123.54,-2.952083333333336,harriot01-1998
rhodero01,20.283333333333335,-1,199801260SAS-HOU,199801260SAS-SAS,HOU-1998,0,1998,-20.283333333333335,-2.952083333333336,rhodero01-1998
johnsed03,18.383333333333333,3.9,199801260SAS-HOU,199801260SAS-SAS,HOU-1998,0,1998,71.695,-2.952083333333336,johnsed03-1998
pricebr01,17.3,-2.3,199801260SAS-HOU,199801260SAS-SAS,HOU-1998,0,1998,-39.79,-2.952083333333336,pricebr01-1998
jonesch01,12.133333333333333,-3.4,199801260SAS-HOU,199801260SAS-SAS,HOU-1998,0,1998,-41.25333333333333,-2.952083333333336,jonesch01-1998
davisem01,5.833333333333333,-1,199801260SAS-HOU,199801260SAS-SAS,HOU-1998,0,1998,-5.833333333333333,-2.952083333333336,davisem01-1998
eliema01,5.833333333333333,1.3,199801260SAS-HOU,199801260SAS-SAS,HOU-1998,0,1998,7.583333333333333,-2.952083333333336,eliema01-1998
piatker01,36.38333333333333,4.7,199801280SAS-LAC,199801280SAS-SAS,LAC-1998,0,1998,171.00166666666667,-29.375151515151522,piatker01-1998
rogerro01,33.2,-10.9,199801280SAS-LAC,199801280SAS-SAS,LAC-1998,0,1998,-361.88000000000005,-29.375151515151522,rogerro01-1998
murrala01,31.566666666666666,-9.4,199801280SAS-LAC,199801280SAS-SAS,LAC-1998,0,1998,-296.7266666666667,-29.375151515151522,murrala01-1998
tayloma01,28.166666666666668,4.5,199801280SAS-LAC,199801280SAS-SAS,LAC-1998,0,1998,126.75,-29.375151515151522,tayloma01-1998
wrighlo02,26.366666666666667,-0.3,199801280SAS-LAC,199801280SAS-SAS,LAC-1998,0,1998,-7.91,-29.375151515151522,wrighlo02-1998
richapo01,21.583333333333332,-0.6,199801280SAS-LAC,199801280SAS-SAS,LAC-1998,0,1998,-12.95,-29.375151515151522,richapo01-1998
martida01,21.2,-1.9,199801280SAS-LAC,199801280SAS-SAS,LAC-1998,0,1998,-40.279999999999994,-29.375151515151522,martida01-1998
closske01,18.783333333333335,1.8,199801280SAS-LAC,199801280SAS-SAS,LAC-1998,0,1998,33.81,-29.375151515151522,closske01-1998
collija01,11.616666666666667,6.9,199801280SAS-LAC,199801280SAS-SAS,LAC-1998,0,1998,80.155,-29.375151515151522,collija01-1998
vrankst01,5.916666666666667,-0.7,199801280SAS-LAC,199801280SAS-SAS,LAC-1998,0,1998,-4.141666666666667,-29.375151515151522,vrankst01-1998
robinja02,5.216666666666667,-2.1,199801280SAS-LAC,199801280SAS-SAS,LAC-1998,0,1998,-10.955,-29.375151515151522,robinja02-1998
duncati01,40.03333333333333,6.4,199801300LAC-SAS,199801300LAC-LAC,SAS-1998,1,1998,256.2133333333333,67.66966666666666,duncati01-1998
johnsav01,38.233333333333334,6.8,199801300LAC-SAS,199801300LAC-LAC,SAS-1998,1,1998,259.9866666666667,67.66966666666666,johnsav01-1998
delnevi01,35.38333333333333,-2.8,199801300LAC-SAS,199801300LAC-LAC,SAS-1998,1,1998,-99.07333333333332,67.66966666666666,delnevi01-1998
persoch01,33.18333333333333,4.1,199801300LAC-SAS,199801300LAC-LAC,SAS-1998,1,1998,136.05166666666665,67.66966666666666,persoch01-1998
robinda01,30.383333333333333,5.6,199801300LAC-SAS,199801300LAC-LAC,SAS-1998,1,1998,170.14666666666665,67.66966666666666,robinda01-1998
herreca01,16.65,4.2,199801300LAC-SAS,199801300LAC-LAC,SAS-1998,1,1998,69.92999999999999,67.66966666666666,herreca01-1998
perduwi01,15.983333333333333,-1.8,199801300LAC-SAS,199801300LAC-LAC,SAS-1998,1,1998,-28.77,67.66966666666666,perduwi01-1998
jacksja01,13.4,-3.5,199801300LAC-SAS,199801300LAC-LAC,SAS-1998,1,1998,-46.9,67.66966666666666,jacksja01-1998
gearyre01,9.766666666666667,-3.4,199801300LAC-SAS,199801300LAC-LAC,SAS-1998,1,1998,-33.20666666666667,67.66966666666666,gearyre01-1998
willimo01,6.983333333333333,-1.1,199801300LAC-SAS,199801300LAC-LAC,SAS-1998,1,1998,-7.6816666666666675,67.66966666666666,willimo01-1998
johnsav01,43.85,5.5,199802010SAC-SAS,199802010SAC-SAC,SAS-1998,1,1998,241.175,87.27349999999998,johnsav01-1998
robinda01,40.03333333333333,14.2,199802010SAC-SAS,199802010SAC-SAC,SAS-1998,1,1998,568.4733333333332,87.27349999999998,robinda01-1998
persoch01,36.28333333333333,6.9,199802010SAC-SAS,199802010SAC-SAC,SAS-1998,1,1998,250.355,87.27349999999998,persoch01-1998
jacksja01,30.166666666666668,-0.5,199802010SAC-SAS,199802010SAC-SAC,SAS-1998,1,1998,-15.083333333333334,87.27349999999998,jacksja01-1998
perduwi01,29.9,-1,199802010SAC-SAS,199802010SAC-SAC,SAS-1998,1,1998,-29.9,87.27349999999998,perduwi01-1998
duncati01,29.5,-2.7,199802010SAC-SAS,199802010SAC-SAC,SAS-1998,1,1998,-79.65,87.27349999999998,duncati01-1998
delnevi01,17.833333333333332,-2.1,199802010SAC-SAS,199802010SAC-SAC,SAS-1998,1,1998,-37.449999999999996,87.27349999999998,delnevi01-1998
willimo01,5,-1.5,199802010SAC-SAS,199802010SAC-SAC,SAS-1998,1,1998,-7.5,87.27349999999998,willimo01-1998
gearyre01,4.15,-2.6,199802010SAC-SAS,199802010SAC-SAC,SAS-1998,1,1998,-10.790000000000001,87.27349999999998,gearyre01-1998
herreca01,3.283333333333333,-2.1,199802010SAC-SAS,199802010SAC-SAC,SAS-1998,1,1998,-6.8950000000000005,87.27349999999998,herreca01-1998
johnsav01,43.016666666666666,3.9,199802030GSW-SAS,199802030GSW-GSW,SAS-1998,1,1998,167.765,76.97916666666667,johnsav01-1998
duncati01,41.95,13,199802030GSW-SAS,199802030GSW-GSW,SAS-1998,1,1998,545.35,76.97916666666667,duncati01-1998
robinda01,37.266666666666666,1.2,199802030GSW-SAS,199802030GSW-GSW,SAS-1998,1,1998,44.72,76.97916666666667,robinda01-1998
jacksja01,29.833333333333332,-0.4,199802030GSW-SAS,199802030GSW-GSW,SAS-1998,1,1998,-11.933333333333334,76.97916666666667,jacksja01-1998
persoch01,25.566666666666666,5.3,199802030GSW-SAS,199802030GSW-GSW,SAS-1998,1,1998,135.50333333333333,76.97916666666667,persoch01-1998
perduwi01,24.25,-1.2,199802030GSW-SAS,199802030GSW-GSW,SAS-1998,1,1998,-29.099999999999998,76.97916666666667,perduwi01-1998
delnevi01,18.166666666666668,-4.1,199802030GSW-SAS,199802030GSW-GSW,SAS-1998,1,1998,-74.48333333333333,76.97916666666667,delnevi01-1998
willimo01,13.216666666666667,0.5,199802030GSW-SAS,199802030GSW-GSW,SAS-1998,1,1998,6.608333333333333,76.97916666666667,willimo01-1998
gearyre01,4.983333333333333,-2.2,199802030GSW-SAS,199802030GSW-GSW,SAS-1998,1,1998,-10.963333333333335,76.97916666666667,gearyre01-1998
herreca01,1.75,-2.1,199802030GSW-SAS,199802030GSW-GSW,SAS-1998,1,1998,-3.6750000000000003,76.97916666666667,herreca01-1998
paytoga01,39.7,14,199802110SAS-SEA,199802110SAS-SAS,SEA-1998,1,1998,555.8000000000001,90.6975,paytoga01-1998
bakervi01,38.85,4.5,199802110SAS-SEA,199802110SAS-SAS,SEA-1998,1,1998,174.82500000000002,90.6975,bakervi01-1998
schrede01,38.733333333333334,8.9,199802110SAS-SEA,199802110SAS-SAS,SEA-1998,1,1998,344.7266666666667,90.6975,schrede01-1998
hawkihe01,33.583333333333336,-5.5,199802110SAS-SEA,199802110SAS-SAS,SEA-1998,1,1998,-184.70833333333334,90.6975,hawkihe01-1998
ellisda01,29.516666666666666,2.5,199802110SAS-SEA,199802110SAS-SAS,SEA-1998,1,1998,73.79166666666666,90.6975,ellisda01-1998
perkisa01,26.45,0.2,199802110SAS-SEA,199802110SAS-SAS,SEA-1998,1,1998,5.29,90.6975,perkisa01-1998
mcilvji01,13.783333333333333,-4.4,199802110SAS-SEA,199802110SAS-SAS,SEA-1998,1,1998,-60.64666666666667,90.6975,mcilvji01-1998
anthogr01,11.966666666666667,0.5,199802110SAS-SEA,199802110SAS-SAS,SEA-1998,1,1998,5.983333333333333,90.6975,anthogr01-1998
wingada01,5.65,-1.4,199802110SAS-SEA,199802110SAS-SAS,SEA-1998,1,1998,-7.91,90.6975,wingada01-1998
cottoja02,1.7666666666666666,-0.1,199802110SAS-SEA,199802110SAS-SAS,SEA-1998,1,1998,-0.17666666666666667,90.6975,cottoja02-1998
kiddja01,47.31666666666667,14.9,199802140SAS-PHO,199802140SAS-SAS,PHO-1998,1,1998,705.0183333333334,103.16966666666667,kiddja01-1998
mcdyean01,33.78333333333333,3.1,199802140SAS-PHO,199802140SAS-SAS,PHO-1998,1,1998,104.72833333333332,103.16966666666667,mcdyean01-1998
nashst01,29.916666666666668,4,199802140SAS-PHO,199802140SAS-SAS,PHO-1998,1,1998,119.66666666666667,103.16966666666667,nashst01-1998
johnske02,28.4,2.8,199802140SAS-PHO,199802140SAS-SAS,PHO-1998,1,1998,79.52,103.16966666666667,johnske02-1998
mannida01,24.9,3.3,199802140SAS-PHO,199802140SAS-SAS,PHO-1998,1,1998,82.16999999999999,103.16966666666667,mannida01-1998
robincl02,23.416666666666668,-3.6,199802140SAS-PHO,199802140SAS-SAS,PHO-1998,1,1998,-84.30000000000001,103.16966666666667,robincl02-1998
mccloge01,23.266666666666666,3.3,199802140SAS-PHO,199802140SAS-SAS,PHO-1998,1,1998,76.77999999999999,103.16966666666667,mccloge01-1998
chapmre01,15.4,-2.4,199802140SAS-PHO,199802140SAS-SAS,PHO-1998,1,1998,-36.96,103.16966666666667,chapmre01-1998
williho01,12.333333333333334,-1.2,199802140SAS-PHO,199802140SAS-SAS,PHO-1998,1,1998,-14.8,103.16966666666667,williho01-1998
bryanma01,1.2666666666666666,-0.1,199802140SAS-PHO,199802140SAS-SAS,PHO-1998,1,1998,-0.12666666666666668,103.16966666666667,bryanma01-1998
hillgr01,43.766666666666666,10.9,199802170SAS-DET,199802170SAS-SAS,DET-1998,0,1998,477.0566666666667,58.339999999999996,hillgr01-1998
hunteli01,36.916666666666664,5.3,199802170SAS-DET,199802170SAS-SAS,DET-1998,0,1998,195.6583333333333,58.339999999999996,hunteli01-1998
dumarjo01,35.3,2.9,199802170SAS-DET,199802170SAS-SAS,DET-1998,0,1998,102.36999999999999,58.339999999999996,dumarjo01-1998
sealyma01,26.283333333333335,0.7,199802170SAS-DET,199802170SAS-SAS,DET-1998,0,1998,18.398333333333333,58.339999999999996,sealyma01-1998
stackje01,23.85,-3.4,199802170SAS-DET,199802170SAS-SAS,DET-1998,0,1998,-81.09,58.339999999999996,stackje01-1998
pollasc01,23.1,-1.8,199802170SAS-DET,199802170SAS-SAS,DET-1998,0,1998,-41.580000000000005,58.339999999999996,pollasc01-1998
reiddo01,14.383333333333333,-3.1,199802170SAS-DET,199802170SAS-SAS,DET-1998,0,1998,-44.58833333333333,58.339999999999996,reiddo01-1998
montrer01,14.383333333333333,-1.5,199802170SAS-DET,199802170SAS-SAS,DET-1998,0,1998,-21.575,58.339999999999996,montrer01-1998
mahorri01,13.85,-2.6,199802170SAS-DET,199802170SAS-SAS,DET-1998,0,1998,-36.01,58.339999999999996,mahorri01-1998
delebi01,8.2,1.8,199802170SAS-DET,199802170SAS-SAS,DET-1998,0,1998,14.76,58.339999999999996,delebi01-1998
duncati01,41.083333333333336,10.8,199802190DAL-SAS,199802190DAL-DAL,SAS-1998,1,1998,443.70000000000005,45.99351851851852,duncati01-1998
delnevi01,37.36666666666667,-1.8,199802190DAL-SAS,199802190DAL-DAL,SAS-1998,1,1998,-67.26,45.99351851851852,delnevi01-1998
johnsav01,36.266666666666666,-0.5,199802190DAL-SAS,199802190DAL-DAL,SAS-1998,1,1998,-18.133333333333333,45.99351851851852,johnsav01-1998
jacksja01,32.11666666666667,5.4,199802190DAL-SAS,199802190DAL-DAL,SAS-1998,1,1998,173.43,45.99351851851852,jacksja01-1998
willimo01,25.916666666666668,-1,199802190DAL-SAS,199802190DAL-DAL,SAS-1998,1,1998,-25.916666666666668,45.99351851851852,willimo01-1998
perduwi01,24.016666666666666,-1.3,199802190DAL-SAS,199802190DAL-DAL,SAS-1998,1,1998,-31.221666666666668,45.99351851851852,perduwi01-1998
persoch01,21.583333333333332,-3.2,199802190DAL-SAS,199802190DAL-DAL,SAS-1998,1,1998,-69.06666666666666,45.99351851851852,persoch01-1998
gearyre01,11.733333333333333,1.9,199802190DAL-SAS,199802190DAL-DAL,SAS-1998,1,1998,22.29333333333333,45.99351851851852,gearyre01-1998
herreca01,9.916666666666666,-1.4,199802190DAL-SAS,199802190DAL-DAL,SAS-1998,1,1998,-13.883333333333331,45.99351851851852,herreca01-1998
malonka01,40.7,10.5,199802210SAS-UTA,199802210SAS-SAS,UTA-1998,1,1998,427.35,56.87383333333334,malonka01-1998
hornaje01,33.35,-0.3,199802210SAS-UTA,199802210SAS-SAS,UTA-1998,1,1998,-10.005,56.87383333333334,hornaje01-1998
russebr01,29.783333333333335,4.5,199802210SAS-UTA,199802210SAS-SAS,UTA-1998,1,1998,134.025,56.87383333333334,russebr01-1998
stockjo01,29.3,-0.4,199802210SAS-UTA,199802210SAS-SAS,UTA-1998,1,1998,-11.72,56.87383333333334,stockjo01-1998
keefead01,27.216666666666665,4.9,199802210SAS-UTA,199802210SAS-SAS,UTA-1998,1,1998,133.36166666666668,56.87383333333334,keefead01-1998
fostegr01,24.383333333333333,-1.8,199802210SAS-UTA,199802210SAS-SAS,UTA-1998,1,1998,-43.89,56.87383333333334,fostegr01-1998
eisleho01,18.7,-4.1,199802210SAS-UTA,199802210SAS-SAS,UTA-1998,1,1998,-76.66999999999999,56.87383333333334,eisleho01-1998
carran01,15.583333333333334,-4.1,199802210SAS-UTA,199802210SAS-SAS,UTA-1998,1,1998,-63.891666666666666,56.87383333333334,carran01-1998
andersh01,14.65,5.3,199802210SAS-UTA,199802210SAS-SAS,UTA-1998,1,1998,77.645,56.87383333333334,andersh01-1998
cunniwi01,6.333333333333333,0.4,199802210SAS-UTA,199802210SAS-SAS,UTA-1998,1,1998,2.533333333333333,56.87383333333334,cunniwi01-1998
jacksja01,42.81666666666667,2.5,199802220PHO-SAS,199802220PHO-PHO,SAS-1998,0,1998,107.04166666666667,1.3002083333333323,jacksja01-1998
johnsav01,40.86666666666667,-9.1,199802220PHO-SAS,199802220PHO-PHO,SAS-1998,0,1998,-371.88666666666666,1.3002083333333323,johnsav01-1998
perduwi01,39.416666666666664,8.1,199802220PHO-SAS,199802220PHO-PHO,SAS-1998,0,1998,319.275,1.3002083333333323,perduwi01-1998
delnevi01,37.9,0.6,199802220PHO-SAS,199802220PHO-PHO,SAS-1998,0,1998,22.74,1.3002083333333323,delnevi01-1998
duncati01,32.9,-1.3,199802220PHO-SAS,199802220PHO-PHO,SAS-1998,0,1998,-42.77,1.3002083333333323,duncati01-1998
herreca01,23.7,-2.5,199802220PHO-SAS,199802220PHO-PHO,SAS-1998,0,1998,-59.25,1.3002083333333323,herreca01-1998
willimo01,15.283333333333333,3.1,199802220PHO-SAS,199802220PHO-PHO,SAS-1998,0,1998,47.37833333333334,1.3002083333333323,willimo01-1998
gearyre01,7.133333333333334,-1.7,199802220PHO-SAS,199802220PHO-PHO,SAS-1998,0,1998,-12.126666666666667,1.3002083333333323,gearyre01-1998
garneke01,40.28333333333333,5.5,199802240SAS-MIN,199802240SAS-SAS,MIN-1998,0,1998,221.55833333333334,47.443333333333335,garneke01-1998
marbust01,39.43333333333333,7.5,199802240SAS-MIN,199802240SAS-SAS,MIN-1998,0,1998,295.75,47.443333333333335,marbust01-1998
mitchsa01,32.916666666666664,0.6,199802240SAS-MIN,199802240SAS-SAS,MIN-1998,0,1998,19.749999999999996,47.443333333333335,mitchsa01-1998
portete01,29.483333333333334,2.5,199802240SAS-MIN,199802240SAS-SAS,MIN-1998,0,1998,73.70833333333334,47.443333333333335,portete01-1998
peelean01,28.266666666666666,0.3,199802240SAS-MIN,199802240SAS-SAS,MIN-1998,0,1998,8.479999999999999,47.443333333333335,peelean01-1998
hammoto01,24.2,-3.3,199802240SAS-MIN,199802240SAS-SAS,MIN-1998,0,1998,-79.86,47.443333333333335,hammoto01-1998
roberst01,20.4,-4.4,199802240SAS-MIN,199802240SAS-SAS,MIN-1998,0,1998,-89.76,47.443333333333335,roberst01-1998
parksch02,15.716666666666667,1.4,199802240SAS-MIN,199802240SAS-SAS,MIN-1998,0,1998,22.003333333333334,47.443333333333335,parksch02-1998
carrch01,9.3,-4.8,199802240SAS-MIN,199802240SAS-SAS,MIN-1998,0,1998,-44.64,47.443333333333335,carrch01-1998
chrisdo01,36.016666666666666,-3.8,199802260SAS-TOR,199802260SAS-SAS,TOR-1998,0,1998,-136.86333333333332,-13.473499999999998,chrisdo01-1998
billuch01,31.3,-0.8,199802260SAS-TOR,199802260SAS-SAS,TOR-1998,0,1998,-25.040000000000003,-13.473499999999998,billuch01-1998
trentga01,28.816666666666666,0.3,199802260SAS-TOR,199802260SAS-SAS,TOR-1998,0,1998,8.645,-13.473499999999998,trentga01-1998
wallajo01,28.683333333333334,-3,199802260SAS-TOR,199802260SAS-SAS,TOR-1998,0,1998,-86.05,-13.473499999999998,wallajo01-1998
brownde01,27.316666666666666,3.9,199802260SAS-TOR,199802260SAS-SAS,TOR-1998,0,1998,106.535,-13.473499999999998,brownde01-1998
milleol01,26.383333333333333,1.6,199802260SAS-TOR,199802260SAS-SAS,TOR-1998,0,1998,42.21333333333334,-13.473499999999998,milleol01-1998
cambyma01,21.25,-6.8,199802260SAS-TOR,199802260SAS-SAS,TOR-1998,0,1998,-144.5,-13.473499999999998,cambyma01-1998
mcgratr01,19.15,1.9,199802260SAS-TOR,199802260SAS-SAS,TOR-1998,0,1998,36.385,-13.473499999999998,mcgratr01-1998
slatere01,15.4,4.3,199802260SAS-TOR,199802260SAS-SAS,TOR-1998,0,1998,66.22,-13.473499999999998,slatere01-1998
respesh01,5.7,-0.4,199802260SAS-TOR,199802260SAS-SAS,TOR-1998,0,1998,-2.2800000000000002,-13.473499999999998,respesh01-1998
colemde01,42.583333333333336,14.3,199802280SAS-PHI,199802280SAS-SAS,PHI-1998,0,1998,608.9416666666667,21.18272727272728,colemde01-1998
iversal01,40.983333333333334,-0.9,199802280SAS-PHI,199802280SAS-SAS,PHI-1998,0,1998,-36.885000000000005,21.18272727272728,iversal01-1998
shawbr01,33.18333333333333,-7.2,199802280SAS-PHI,199802280SAS-SAS,PHI-1998,0,1998,-238.92,21.18272727272728,shawbr01-1998
ratlith01,31.766666666666666,-1.9,199802280SAS-PHI,199802280SAS-SAS,PHI-1998,0,1998,-60.35666666666666,21.18272727272728,ratlith01-1998
smithjo02,31.616666666666667,4.5,199802280SAS-PHI,199802280SAS-SAS,PHI-1998,0,1998,142.275,21.18272727272728,smithjo02-1998
mckieaa01,27.066666666666666,-5.4,199802280SAS-PHI,199802280SAS-SAS,PHI-1998,0,1998,-146.16,21.18272727272728,mckieaa01-1998
willisc01,14.866666666666667,-3.1,199802280SAS-PHI,199802280SAS-SAS,PHI-1998,0,1998,-46.086666666666666,21.18272727272728,willisc01-1998
snower01,7.55,1.2,199802280SAS-PHI,199802280SAS-SAS,PHI-1998,0,1998,9.059999999999999,21.18272727272728,snower01-1998
stewake01,6.75,-0.1,199802280SAS-PHI,199802280SAS-SAS,PHI-1998,0,1998,-0.675,21.18272727272728,stewake01-1998
thomati01,3.2,0.5,199802280SAS-PHI,199802280SAS-SAS,PHI-1998,0,1998,1.6,21.18272727272728,thomati01-1998
parkean01,0.43333333333333335,0.5,199802280SAS-PHI,199802280SAS-SAS,PHI-1998,0,1998,0.21666666666666667,21.18272727272728,parkean01-1998
johnsav01,39.21666666666667,5.9,199803020SAC-SAS,199803020SAC-SAC,SAS-1998,1,1998,231.37833333333336,55.05625,johnsav01-1998
duncati01,37.81666666666667,5.8,199803020SAC-SAS,199803020SAC-SAC,SAS-1998,1,1998,219.33666666666667,55.05625,duncati01-1998
robinda01,27.45,8.5,199803020SAC-SAS,199803020SAC-SAC,SAS-1998,1,1998,233.325,55.05625,robinda01-1998
jacksja01,25.45,-2,199803020SAC-SAS,199803020SAC-SAC,SAS-1998,1,1998,-50.9,55.05625,jacksja01-1998
willimo01,24.15,-1.8,199803020SAC-SAS,199803020SAC-SAC,SAS-1998,1,1998,-43.47,55.05625,willimo01-1998
delnevi01,22.55,0.9,199803020SAC-SAS,199803020SAC-SAC,SAS-1998,1,1998,20.295,55.05625,delnevi01-1998
perduwi01,18.166666666666668,-2.4,199803020SAC-SAS,199803020SAC-SAC,SAS-1998,1,1998,-43.6,55.05625,perduwi01-1998
rosema01,14,1.4,199803020SAC-SAS,199803020SAC-SAC,SAS-1998,1,1998,19.599999999999998,55.05625,rosema01-1998
persoch01,12.266666666666667,5.3,199803020SAC-SAS,199803020SAC-SAC,SAS-1998,1,1998,65.01333333333334,55.05625,persoch01-1998
gearyre01,8.783333333333333,0.5,199803020SAC-SAS,199803020SAC-SAC,SAS-1998,1,1998,4.391666666666667,55.05625,gearyre01-1998
herreca01,7.4,1.2,199803020SAC-SAS,199803020SAC-SAC,SAS-1998,1,1998,8.88,55.05625,herreca01-1998
burtowi01,2.75,-1.3,199803020SAC-SAS,199803020SAC-SAC,SAS-1998,1,1998,-3.575,55.05625,burtowi01-1998
duncati01,45.21666666666667,8.1,199803040GSW-SAS,199803040GSW-GSW,SAS-1998,0,1998,366.255,40.230999999999995,duncati01-1998
johnsav01,42.93333333333333,2.9,199803040GSW-SAS,199803040GSW-GSW,SAS-1998,0,1998,124.50666666666665,40.230999999999995,johnsav01-1998
robinda01,34.05,0.7,199803040GSW-SAS,199803040GSW-GSW,SAS-1998,0,1998,23.834999999999997,40.230999999999995,robinda01-1998
delnevi01,29.783333333333335,0.6,199803040GSW-SAS,199803040GSW-GSW,SAS-1998,0,1998,17.87,40.230999999999995,delnevi01-1998
persoch01,20.9,-4.2,199803040GSW-SAS,199803040GSW-GSW,SAS-1998,0,1998,-87.78,40.230999999999995,persoch01-1998
perduwi01,19.516666666666666,-0.4,199803040GSW-SAS,199803040GSW-GSW,SAS-1998,0,1998,-7.806666666666667,40.230999999999995,perduwi01-1998
jacksja01,18.533333333333335,-1.6,199803040GSW-SAS,199803040GSW-GSW,SAS-1998,0,1998,-29.653333333333336,40.230999999999995,jacksja01-1998
willimo01,17.883333333333333,-0.1,199803040GSW-SAS,199803040GSW-GSW,SAS-1998,0,1998,-1.7883333333333333,40.230999999999995,willimo01-1998
rosema01,6.183333333333334,0.3,199803040GSW-SAS,199803040GSW-GSW,SAS-1998,0,1998,1.855,40.230999999999995,rosema01-1998
gearyre01,4.983333333333333,-1,199803040GSW-SAS,199803040GSW-GSW,SAS-1998,0,1998,-4.983333333333333,40.230999999999995,gearyre01-1998
johnsav01,45.81666666666667,2.9,199803060LAL-SAS,199803060LAL-LAL,SAS-1998,0,1998,132.86833333333334,39.86515151515151,johnsav01-1998
delnevi01,40.2,-3.1,199803060LAL-SAS,199803060LAL-LAL,SAS-1998,0,1998,-124.62000000000002,39.86515151515151,delnevi01-1998
duncati01,32.15,6.8,199803060LAL-SAS,199803060LAL-LAL,SAS-1998,0,1998,218.61999999999998,39.86515151515151,duncati01-1998
robinda01,31.666666666666668,8.7,199803060LAL-SAS,199803060LAL-LAL,SAS-1998,0,1998,275.5,39.86515151515151,robinda01-1998
persoch01,25.4,-2,199803060LAL-SAS,199803060LAL-LAL,SAS-1998,0,1998,-50.8,39.86515151515151,persoch01-1998
willimo01,22.466666666666665,-1.1,199803060LAL-SAS,199803060LAL-LAL,SAS-1998,0,1998,-24.713333333333335,39.86515151515151,willimo01-1998
perduwi01,16.333333333333332,2.3,199803060LAL-SAS,199803060LAL-LAL,SAS-1998,0,1998,37.56666666666666,39.86515151515151,perduwi01-1998
herreca01,15.85,0.5,199803060LAL-SAS,199803060LAL-LAL,SAS-1998,0,1998,7.925,39.86515151515151,herreca01-1998
jacksja01,7.8,-4.4,199803060LAL-SAS,199803060LAL-LAL,SAS-1998,0,1998,-34.32,39.86515151515151,jacksja01-1998
gearyre01,1.9666666666666668,0,199803060LAL-SAS,199803060LAL-LAL,SAS-1998,0,1998,0,39.86515151515151,gearyre01-1998
burtowi01,0.35,1.4,199803060LAL-SAS,199803060LAL-LAL,SAS-1998,0,1998,0.48999999999999994,39.86515151515151,burtowi01-1998
duncati01,46,6.7,199803080POR-SAS,199803080POR-POR,SAS-1998,1,1998,308.2,65.47916666666667,duncati01-1998
delnevi01,36.68333333333333,3.9,199803080POR-SAS,199803080POR-POR,SAS-1998,1,1998,143.065,65.47916666666667,delnevi01-1998
robinda01,32.1,0.2,199803080POR-SAS,199803080POR-POR,SAS-1998,1,1998,6.420000000000001,65.47916666666667,robinda01-1998
jacksja01,31.983333333333334,-3.9,199803080POR-SAS,199803080POR-POR,SAS-1998,1,1998,-124.735,65.47916666666667,jacksja01-1998
persoch01,30.633333333333333,7.2,199803080POR-SAS,199803080POR-POR,SAS-1998,1,1998,220.56,65.47916666666667,persoch01-1998
perduwi01,25.383333333333333,3,199803080POR-SAS,199803080POR-POR,SAS-1998,1,1998,76.15,65.47916666666667,perduwi01-1998
johnsav01,13.833333333333334,4.4,199803080POR-SAS,199803080POR-POR,SAS-1998,1,1998,60.866666666666674,65.47916666666667,johnsav01-1998
gearyre01,13.5,-2.6,199803080POR-SAS,199803080POR-POR,SAS-1998,1,1998,-35.1,65.47916666666667,gearyre01-1998
willimo01,7.883333333333333,0.3,199803080POR-SAS,199803080POR-POR,SAS-1998,1,1998,2.3649999999999998,65.47916666666667,willimo01-1998
herreca01,2,-1.5,199803080POR-SAS,199803080POR-POR,SAS-1998,1,1998,-3,65.47916666666667,herreca01-1998
gillke01,37.25,-0.3,199803100SAS-NJN,199803100SAS-SAS,NJN-1998,0,1998,-11.174999999999999,37.671166666666664,gillke01-1998
cagemi01,36.4,5.1,199803100SAS-NJN,199803100SAS-SAS,NJN-1998,0,1998,185.64,37.671166666666664,cagemi01-1998
kittlke01,34.93333333333333,4.3,199803100SAS-NJN,199803100SAS-SAS,NJN-1998,0,1998,150.2133333333333,37.671166666666664,kittlke01-1998
cassesa01,32.13333333333333,3.2,199803100SAS-NJN,199803100SAS-SAS,NJN-1998,0,1998,102.82666666666667,37.671166666666664,cassesa01-1998
vanhoke01,25.416666666666668,-1.5,199803100SAS-NJN,199803100SAS-SAS,NJN-1998,0,1998,-38.125,37.671166666666664,vanhoke01-1998
gatlich01,20.033333333333335,-2.7,199803100SAS-NJN,199803100SAS-SAS,NJN-1998,0,1998,-54.09000000000001,37.671166666666664,gatlich01-1998
douglsh01,15.866666666666667,-0.5,199803100SAS-NJN,199803100SAS-SAS,NJN-1998,0,1998,-7.933333333333334,37.671166666666664,douglsh01-1998
harrilu01,14.5,-0.4,199803100SAS-NJN,199803100SAS-SAS,NJN-1998,0,1998,-5.800000000000001,37.671166666666664,harrilu01-1998
vaughda02,13.116666666666667,-0.3,199803100SAS-NJN,199803100SAS-SAS,NJN-1998,0,1998,-3.935,37.671166666666664,vaughda02-1998
evansbr01,10.366666666666667,5.7,199803100SAS-NJN,199803100SAS-SAS,NJN-1998,0,1998,59.09,37.671166666666664,evansbr01-1998
richmmi01,41.81666666666667,-1.3,199803120SAS-SAC,199803120SAS-SAS,SAC-1998,0,1998,-54.36166666666667,27.724833333333333,richmmi01-1998
willico02,38.65,6.2,199803120SAS-SAC,199803120SAS-SAS,SAC-1998,0,1998,239.63,27.724833333333333,willico02-1998
johnsan02,31.133333333333333,4,199803120SAS-SAC,199803120SAS-SAS,SAC-1998,0,1998,124.53333333333333,27.724833333333333,johnsan02-1998
owensbi01,30.666666666666668,-0.5,199803120SAS-SAC,199803120SAS-SAS,SAC-1998,0,1998,-15.333333333333334,27.724833333333333,owensbi01-1998
thorpot01,26.166666666666668,0.1,199803120SAS-SAC,199803120SAS-SAS,SAC-1998,0,1998,2.616666666666667,27.724833333333333,thorpot01-1998
fundela01,24.066666666666666,0.4,199803120SAS-SAC,199803120SAS-SAS,SAC-1998,0,1998,9.626666666666667,27.724833333333333,fundela01-1998
stewami01,21.833333333333332,5.3,199803120SAS-SAC,199803120SAS-SAS,SAC-1998,0,1998,115.71666666666665,27.724833333333333,stewami01-1998
abdulta01,17.65,-6.8,199803120SAS-SAC,199803120SAS-SAS,SAC-1998,0,1998,-120.01999999999998,27.724833333333333,abdulta01-1998
robinch01,5.416666666666667,-4.5,199803120SAS-SAC,199803120SAS-SAS,SAC-1998,0,1998,-24.375,27.724833333333333,robinch01-1998
hendrma01,2.6166666666666667,-0.3,199803120SAS-SAC,199803120SAS-SAS,SAC-1998,0,1998,-0.785,27.724833333333333,hendrma01-1998
rodmade01,46.2,-0.2,199803140SAS-CHI,199803140SAS-SAS,CHI-1998,1,1998,-9.24,87.57212121212122,rodmade01-1998
jordami01,41.95,10.3,199803140SAS-CHI,199803140SAS-SAS,CHI-1998,1,1998,432.08500000000004,87.57212121212122,jordami01-1998
pippesc01,38.416666666666664,2,199803140SAS-CHI,199803140SAS-SAS,CHI-1998,1,1998,76.83333333333333,87.57212121212122,pippesc01-1998
kukocto01,32.36666666666667,6.7,199803140SAS-CHI,199803140SAS-SAS,CHI-1998,1,1998,216.85666666666668,87.57212121212122,kukocto01-1998
harpero01,29.966666666666665,6.6,199803140SAS-CHI,199803140SAS-SAS,CHI-1998,1,1998,197.77999999999997,87.57212121212122,harpero01-1998
kerrst01,18.05,3,199803140SAS-CHI,199803140SAS-SAS,CHI-1998,1,1998,54.150000000000006,87.57212121212122,kerrst01-1998
burresc01,11.233333333333333,-0.1,199803140SAS-CHI,199803140SAS-SAS,CHI-1998,1,1998,-1.1233333333333333,87.57212121212122,burresc01-1998
simpkdi01,7.816666666666666,-1.5,199803140SAS-CHI,199803140SAS-SAS,CHI-1998,1,1998,-11.725,87.57212121212122,simpkdi01-1998
buechju01,6.2,1.8,199803140SAS-CHI,199803140SAS-SAS,CHI-1998,1,1998,11.16,87.57212121212122,buechju01-1998
kleinjo01,5.683333333333334,-0.2,199803140SAS-CHI,199803140SAS-SAS,CHI-1998,1,1998,-1.1366666666666667,87.57212121212122,kleinjo01-1998
wennibi01,2.1333333333333333,-1.1,199803140SAS-CHI,199803140SAS-SAS,CHI-1998,1,1998,-2.3466666666666667,87.57212121212122,wennibi01-1998
perryel01,42.28333333333333,1.7,199803160SAS-MIL,199803160SAS-SAS,MIL-1998,0,1998,71.88166666666666,-9.048499999999995,perryel01-1998
johnser02,40.333333333333336,6.4,199803160SAS-MIL,199803160SAS-SAS,MIL-1998,0,1998,258.1333333333334,-9.048499999999995,johnser02-1998
currymi01,40.1,-6.8,199803160SAS-MIL,199803160SAS-SAS,MIL-1998,0,1998,-272.68,-9.048499999999995,currymi01-1998
allenra02,35.43333333333333,-4.5,199803160SAS-MIL,199803160SAS-SAS,MIL-1998,0,1998,-159.45,-9.048499999999995,allenra02-1998
gilliar01,28.45,-5.3,199803160SAS-MIL,199803160SAS-SAS,MIL-1998,0,1998,-150.785,-9.048499999999995,gilliar01-1998
honeyje01,26.083333333333332,3.6,199803160SAS-MIL,199803160SAS-SAS,MIL-1998,0,1998,93.89999999999999,-9.048499999999995,honeyje01-1998
feickja01,15.733333333333333,2.9,199803160SAS-MIL,199803160SAS-SAS,MIL-1998,0,1998,45.626666666666665,-9.048499999999995,feickja01-1998
langan01,7.633333333333333,2.5,199803160SAS-MIL,199803160SAS-SAS,MIL-1998,0,1998,19.083333333333332,-9.048499999999995,langan01-1998
greenli01,2.6833333333333336,1.5,199803160SAS-MIL,199803160SAS-SAS,MIL-1998,0,1998,4.025,-9.048499999999995,greenli01-1998
nordgje01,1.1,-0.2,199803160SAS-MIL,199803160SAS-SAS,MIL-1998,0,1998,-0.22000000000000003,-9.048499999999995,nordgje01-1998
johnsav01,39.766666666666666,8.5,199803180MIN-SAS,199803180MIN-MIN,SAS-1998,1,1998,338.01666666666665,78.56305555555555,johnsav01-1998
duncati01,37.416666666666664,4,199803180MIN-SAS,199803180MIN-MIN,SAS-1998,1,1998,149.66666666666666,78.56305555555555,duncati01-1998
robinda01,36.016666666666666,2.2,199803180MIN-SAS,199803180MIN-MIN,SAS-1998,1,1998,79.23666666666666,78.56305555555555,robinda01-1998
delnevi01,33.8,7.4,199803180MIN-SAS,199803180MIN-MIN,SAS-1998,1,1998,250.12,78.56305555555555,delnevi01-1998
persoch01,23.616666666666667,5.2,199803180MIN-SAS,199803180MIN-MIN,SAS-1998,1,1998,122.80666666666667,78.56305555555555,persoch01-1998
willimo01,19.366666666666667,3.4,199803180MIN-SAS,199803180MIN-MIN,SAS-1998,1,1998,65.84666666666666,78.56305555555555,willimo01-1998
jacksja01,17.55,-3,199803180MIN-SAS,199803180MIN-MIN,SAS-1998,1,1998,-52.650000000000006,78.56305555555555,jacksja01-1998
perduwi01,11.983333333333333,-0.4,199803180MIN-SAS,199803180MIN-MIN,SAS-1998,1,1998,-4.793333333333333,78.56305555555555,perduwi01-1998
gearyre01,8.25,0.6,199803180MIN-SAS,199803180MIN-MIN,SAS-1998,1,1998,4.95,78.56305555555555,gearyre01-1998
herreca01,6.083333333333333,-0.1,199803180MIN-SAS,199803180MIN-MIN,SAS-1998,1,1998,-0.6083333333333334,78.56305555555555,herreca01-1998
rosema01,4.5,-1.4,199803180MIN-SAS,199803180MIN-MIN,SAS-1998,1,1998,-6.3,78.56305555555555,rosema01-1998
burtowi01,1.6833333333333333,-2.1,199803180MIN-SAS,199803180MIN-MIN,SAS-1998,1,1998,-3.535,78.56305555555555,burtowi01-1998
wesleda01,43.53333333333333,13.2,199803200SAS-CHH,199803200SAS-SAS,CHH-1998,1,1998,574.64,94.14466666666667,wesleda01-1998
ricegl01,43.38333333333333,-4.5,199803200SAS-CHH,199803200SAS-SAS,CHH-1998,1,1998,-195.225,94.14466666666667,ricegl01-1998
phillbo01,37.016666666666666,11.4,199803200SAS-CHH,199803200SAS-SAS,CHH-1998,1,1998,421.99,94.14466666666667,phillbo01-1998
masonan01,33.1,4.5,199803200SAS-CHH,199803200SAS-SAS,CHH-1998,1,1998,148.95000000000002,94.14466666666667,masonan01-1998
divacvl01,27.55,0.1,199803200SAS-CHH,199803200SAS-SAS,CHH-1998,1,1998,2.7550000000000003,94.14466666666667,divacvl01-1998
geigema01,27.366666666666667,0,199803200SAS-CHH,199803200SAS-SAS,CHH-1998,1,1998,0,94.14466666666667,geigema01-1998
curryde01,10.883333333333333,2.8,199803200SAS-CHH,199803200SAS-SAS,CHH-1998,1,1998,30.47333333333333,94.14466666666667,curryde01-1998
reidjr01,7.983333333333333,-4.1,199803200SAS-CHH,199803200SAS-SAS,CHH-1998,1,1998,-32.73166666666666,94.14466666666667,reidjr01-1998
maxweve01,5.916666666666667,-1.7,199803200SAS-CHH,199803200SAS-SAS,CHH-1998,1,1998,-10.058333333333334,94.14466666666667,maxweve01-1998
royaldo01,3.2666666666666666,0.2,199803200SAS-CHH,199803200SAS-SAS,CHH-1998,1,1998,0.6533333333333333,94.14466666666667,royaldo01-1998
kiddja01,43.083333333333336,-0.1,199803220SAS-PHO,199803220SAS-SAS,PHO-1998,0,1998,-4.308333333333334,41.955606060606065,kiddja01-1998
chapmre01,36.81666666666667,12.5,199803220SAS-PHO,199803220SAS-SAS,PHO-1998,0,1998,460.20833333333337,41.955606060606065,chapmre01-1998
mcdyean01,29.666666666666668,4.3,199803220SAS-PHO,199803220SAS-SAS,PHO-1998,0,1998,127.56666666666666,41.955606060606065,mcdyean01-1998
robincl02,27.266666666666666,-2.3,199803220SAS-PHO,199803220SAS-SAS,PHO-1998,0,1998,-62.713333333333324,41.955606060606065,robincl02-1998
williho01,27.266666666666666,-2.4,199803220SAS-PHO,199803220SAS-SAS,PHO-1998,0,1998,-65.44,41.955606060606065,williho01-1998
mannida01,21.25,4.1,199803220SAS-PHO,199803220SAS-SAS,PHO-1998,0,1998,87.12499999999999,41.955606060606065,mannida01-1998
mccloge01,16.983333333333334,-3.8,199803220SAS-PHO,199803220SAS-SAS,PHO-1998,0,1998,-64.53666666666666,41.955606060606065,mccloge01-1998
johnske02,12.316666666666666,2.5,199803220SAS-PHO,199803220SAS-SAS,PHO-1998,0,1998,30.791666666666664,41.955606060606065,johnske02-1998
bryanma01,9.25,-2.1,199803220SAS-PHO,199803220SAS-SAS,PHO-1998,0,1998,-19.425,41.955606060606065,bryanma01-1998
nashst01,8.966666666666667,-2.3,199803220SAS-PHO,199803220SAS-SAS,PHO-1998,0,1998,-20.62333333333333,41.955606060606065,nashst01-1998
scottde01,7.133333333333334,-1,199803220SAS-PHO,199803220SAS-SAS,PHO-1998,0,1998,-7.133333333333334,41.955606060606065,scottde01-1998
johnsav01,44.766666666666666,2,199803240CLE-SAS,199803240CLE-CLE,SAS-1998,1,1998,89.53333333333333,62.797166666666676,johnsav01-1998
duncati01,38.016666666666666,-0.9,199803240CLE-SAS,199803240CLE-CLE,SAS-1998,1,1998,-34.215,62.797166666666676,duncati01-1998
persoch01,35.083333333333336,-0.3,199803240CLE-SAS,199803240CLE-CLE,SAS-1998,1,1998,-10.525,62.797166666666676,persoch01-1998
delnevi01,33.43333333333333,0,199803240CLE-SAS,199803240CLE-CLE,SAS-1998,1,1998,0,62.797166666666676,delnevi01-1998
robinda01,33.233333333333334,20,199803240CLE-SAS,199803240CLE-CLE,SAS-1998,1,1998,664.6666666666667,62.797166666666676,robinda01-1998
perduwi01,16.95,1.1,199803240CLE-SAS,199803240CLE-CLE,SAS-1998,1,1998,18.645,62.797166666666676,perduwi01-1998
jacksja01,14.566666666666666,-5.2,199803240CLE-SAS,199803240CLE-CLE,SAS-1998,1,1998,-75.74666666666667,62.797166666666676,jacksja01-1998
willimo01,12.933333333333334,-1.9,199803240CLE-SAS,199803240CLE-CLE,SAS-1998,1,1998,-24.573333333333334,62.797166666666676,willimo01-1998
rosema01,7.783333333333333,-0.1,199803240CLE-SAS,199803240CLE-CLE,SAS-1998,1,1998,-0.7783333333333333,62.797166666666676,rosema01-1998
gearyre01,3.216666666666667,0.3,199803240CLE-SAS,199803240CLE-CLE,SAS-1998,1,1998,0.965,62.797166666666676,gearyre01-1998
duncati01,43.55,11.5,199803250DET-SAS,199803250DET-DET,SAS-1998,0,1998,500.825,79.1876388888889,duncati01-1998
delnevi01,41.833333333333336,7.7,199803250DET-SAS,199803250DET-DET,SAS-1998,0,1998,322.1166666666667,79.1876388888889,delnevi01-1998
robinda01,40.016666666666666,12.3,199803250DET-SAS,199803250DET-DET,SAS-1998,0,1998,492.20500000000004,79.1876388888889,robinda01-1998
johnsav01,29.266666666666666,0.6,199803250DET-SAS,199803250DET-DET,SAS-1998,0,1998,17.56,79.1876388888889,johnsav01-1998
jacksja01,21.383333333333333,-9.5,199803250DET-SAS,199803250DET-DET,SAS-1998,0,1998,-203.14166666666665,79.1876388888889,jacksja01-1998
willimo01,17.116666666666667,-5.9,199803250DET-SAS,199803250DET-DET,SAS-1998,0,1998,-100.98833333333334,79.1876388888889,willimo01-1998
gearyre01,15.316666666666666,-2,199803250DET-SAS,199803250DET-DET,SAS-1998,0,1998,-30.633333333333333,79.1876388888889,gearyre01-1998
persoch01,12.1,-1.7,199803250DET-SAS,199803250DET-DET,SAS-1998,0,1998,-20.57,79.1876388888889,persoch01-1998
burtowi01,6.983333333333333,-2.7,199803250DET-SAS,199803250DET-DET,SAS-1998,0,1998,-18.855,79.1876388888889,burtowi01-1998
perduwi01,6.75,-1.3,199803250DET-SAS,199803250DET-DET,SAS-1998,0,1998,-8.775,79.1876388888889,perduwi01-1998
herreca01,5.083333333333333,0.1,199803250DET-SAS,199803250DET-DET,SAS-1998,0,1998,0.5083333333333333,79.1876388888889,herreca01-1998
rosema01,0.6,0,199803250DET-SAS,199803250DET-DET,SAS-1998,0,1998,0,79.1876388888889,rosema01-1998
delnevi01,40.71666666666667,9.4,199803270PHI-SAS,199803270PHI-PHI,SAS-1998,1,1998,382.7366666666667,99.9945,delnevi01-1998
jacksja01,38.38333333333333,4.2,199803270PHI-SAS,199803270PHI-PHI,SAS-1998,1,1998,161.21,99.9945,jacksja01-1998
duncati01,34.3,10,199803270PHI-SAS,199803270PHI-PHI,SAS-1998,1,1998,343,99.9945,duncati01-1998
perduwi01,30.85,8.8,199803270PHI-SAS,199803270PHI-PHI,SAS-1998,1,1998,271.48,99.9945,perduwi01-1998
robinda01,24.75,-0.2,199803270PHI-SAS,199803270PHI-PHI,SAS-1998,1,1998,-4.95,99.9945,robinda01-1998
rosema01,21.133333333333333,-6.4,199803270PHI-SAS,199803270PHI-PHI,SAS-1998,1,1998,-135.25333333333333,99.9945,rosema01-1998
willimo01,21.033333333333335,2,199803270PHI-SAS,199803270PHI-PHI,SAS-1998,1,1998,42.06666666666667,99.9945,willimo01-1998
gearyre01,17.616666666666667,-3.3,199803270PHI-SAS,199803270PHI-PHI,SAS-1998,1,1998,-58.135,99.9945,gearyre01-1998
herreca01,6.4,-1.7,199803270PHI-SAS,199803270PHI-PHI,SAS-1998,1,1998,-10.88,99.9945,herreca01-1998
burtowi01,4.816666666666666,1.8,199803270PHI-SAS,199803270PHI-PHI,SAS-1998,1,1998,8.67,99.9945,burtowi01-1998
duncati01,44.05,8.8,199803290IND-SAS,199803290IND-IND,SAS-1998,1,1998,387.64,86.8125,duncati01-1998
delnevi01,39.56666666666667,-0.3,199803290IND-SAS,199803290IND-IND,SAS-1998,1,1998,-11.870000000000001,86.8125,delnevi01-1998
robinda01,37.333333333333336,3.5,199803290IND-SAS,199803290IND-IND,SAS-1998,1,1998,130.66666666666669,86.8125,robinda01-1998
jacksja01,37.28333333333333,1.7,199803290IND-SAS,199803290IND-IND,SAS-1998,1,1998,63.38166666666666,86.8125,jacksja01-1998
perduwi01,29.133333333333333,7.4,199803290IND-SAS,199803290IND-IND,SAS-1998,1,1998,215.58666666666667,86.8125,perduwi01-1998
gearyre01,21.516666666666666,2.6,199803290IND-SAS,199803290IND-IND,SAS-1998,1,1998,55.943333333333335,86.8125,gearyre01-1998
willimo01,16.466666666666665,-1.1,199803290IND-SAS,199803290IND-IND,SAS-1998,1,1998,-18.113333333333333,86.8125,willimo01-1998
herreca01,11.916666666666666,3.4,199803290IND-SAS,199803290IND-IND,SAS-1998,1,1998,40.516666666666666,86.8125,herreca01-1998
burtowi01,1.3666666666666667,3.2,199803290IND-SAS,199803290IND-IND,SAS-1998,1,1998,4.373333333333334,86.8125,burtowi01-1998
rosema01,1.3666666666666667,0,199803290IND-SAS,199803290IND-IND,SAS-1998,1,1998,0,86.8125,rosema01-1998
delnevi01,40.916666666666664,5.8,199803310NYK-SAS,199803310NYK-NYK,SAS-1998,1,1998,237.31666666666663,77.33883333333333,delnevi01-1998
duncati01,37.733333333333334,7.3,199803310NYK-SAS,199803310NYK-NYK,SAS-1998,1,1998,275.4533333333333,77.33883333333333,duncati01-1998
robinda01,36.916666666666664,1.4,199803310NYK-SAS,199803310NYK-NYK,SAS-1998,1,1998,51.68333333333333,77.33883333333333,robinda01-1998
willimo01,30.816666666666666,-2.4,199803310NYK-SAS,199803310NYK-NYK,SAS-1998,1,1998,-73.96,77.33883333333333,willimo01-1998
jacksja01,30.466666666666665,7.9,199803310NYK-SAS,199803310NYK-NYK,SAS-1998,1,1998,240.68666666666667,77.33883333333333,jacksja01-1998
perduwi01,25.9,3.4,199803310NYK-SAS,199803310NYK-NYK,SAS-1998,1,1998,88.05999999999999,77.33883333333333,perduwi01-1998
gearyre01,23.083333333333332,-3.1,199803310NYK-SAS,199803310NYK-NYK,SAS-1998,1,1998,-71.55833333333334,77.33883333333333,gearyre01-1998
herreca01,8.083333333333334,3.1,199803310NYK-SAS,199803310NYK-NYK,SAS-1998,1,1998,25.058333333333337,77.33883333333333,herreca01-1998
rosema01,4.55,-0.7,199803310NYK-SAS,199803310NYK-NYK,SAS-1998,1,1998,-3.1849999999999996,77.33883333333333,rosema01-1998
burtowi01,1.5333333333333332,2.5,199803310NYK-SAS,199803310NYK-NYK,SAS-1998,1,1998,3.833333333333333,77.33883333333333,burtowi01-1998
hardati01,41.1,4.8,199804020SAS-MIA,199804020SAS-SAS,MIA-1998,0,1998,197.28,18.328939393939393,hardati01-1998
majerda01,38.733333333333334,2.7,199804020SAS-MIA,199804020SAS-SAS,MIA-1998,0,1998,104.58000000000001,18.328939393939393,majerda01-1998
stricma01,38.733333333333334,-0.8,199804020SAS-MIA,199804020SAS-SAS,MIA-1998,0,1998,-30.986666666666668,18.328939393939393,stricma01-1998
lenarvo01,33.55,-2.2,199804020SAS-MIA,199804020SAS-SAS,MIA-1998,0,1998,-73.81,18.328939393939393,lenarvo01-1998
conloma01,23.266666666666666,1.3,199804020SAS-MIA,199804020SAS-SAS,MIA-1998,0,1998,30.246666666666666,18.328939393939393,conloma01-1998
millste01,21.766666666666666,-3.2,199804020SAS-MIA,199804020SAS-SAS,MIA-1998,0,1998,-69.65333333333334,18.328939393939393,millste01-1998
murdoer01,15.516666666666667,-0.1,199804020SAS-MIA,199804020SAS-SAS,MIA-1998,0,1998,-1.5516666666666667,18.328939393939393,murdoer01-1998
barrybr01,13.966666666666667,3,199804020SAS-MIA,199804020SAS-SAS,MIA-1998,0,1998,41.9,18.328939393939393,barrybr01-1998
causwdu01,9.4,0.3,199804020SAS-MIA,199804020SAS-SAS,MIA-1998,0,1998,2.82,18.328939393939393,causwdu01-1998
langan02,1.9833333333333334,-0.1,199804020SAS-MIA,199804020SAS-SAS,MIA-1998,0,1998,-0.19833333333333336,18.328939393939393,langan02-1998
waltere01,1.9833333333333334,0.5,199804020SAS-MIA,199804020SAS-SAS,MIA-1998,0,1998,0.9916666666666667,18.328939393939393,waltere01-1998
jacksji01,45.96666666666667,0.5,199804040SAS-GSW,199804040SAS-SAS,GSW-1998,0,1998,22.983333333333334,20.417575757575758,jacksji01-1998
boguemu01,44.95,3.7,199804040SAS-GSW,199804040SAS-SAS,GSW-1998,0,1998,166.31500000000003,20.417575757575758,boguemu01-1998
weathcl01,39.18333333333333,-0.8,199804040SAS-GSW,199804040SAS-SAS,GSW-1998,0,1998,-31.346666666666664,20.417575757575758,weathcl01-1998
marshdo01,38.11666666666667,-3.3,199804040SAS-GSW,199804040SAS-SAS,GSW-1998,0,1998,-125.785,20.417575757575758,marshdo01-1998
dampier01,30.2,4.5,199804040SAS-GSW,199804040SAS-SAS,GSW-1998,0,1998,135.9,20.417575757575758,dampier01-1998
caffeja01,25.95,3.1,199804040SAS-GSW,199804040SAS-SAS,GSW-1998,0,1998,80.445,20.417575757575758,caffeja01-1998
spencfe01,10.616666666666667,-1.6,199804040SAS-GSW,199804040SAS-SAS,GSW-1998,0,1998,-16.986666666666668,20.417575757575758,spencfe01-1998
madkige01,9.916666666666666,5.3,199804040SAS-GSW,199804040SAS-SAS,GSW-1998,0,1998,52.55833333333333,20.417575757575758,madkige01-1998
delkto01,8.3,-4.9,199804040SAS-GSW,199804040SAS-SAS,GSW-1998,0,1998,-40.67000000000001,20.417575757575758,delkto01-1998
fulleto02,7.35,-2.5,199804040SAS-GSW,199804040SAS-SAS,GSW-1998,0,1998,-18.375,20.417575757575758,fulleto02-1998
ferredu01,4.45,-0.1,199804040SAS-GSW,199804040SAS-SAS,GSW-1998,0,1998,-0.44500000000000006,20.417575757575758,ferredu01-1998
wallara01,43.55,6,199804060SAS-POR,199804060SAS-SAS,POR-1998,1,1998,261.29999999999995,56.23416666666666,wallara01-1998
stoudda01,38.11666666666667,5.8,199804060SAS-POR,199804060SAS-SAS,POR-1998,1,1998,221.07666666666665,56.23416666666666,stoudda01-1998
rideris01,37.3,0.3,199804060SAS-POR,199804060SAS-SAS,POR-1998,1,1998,11.19,56.23416666666666,rideris01-1998
grantbr01,29.05,-2.8,199804060SAS-POR,199804060SAS-SAS,POR-1998,1,1998,-81.34,56.23416666666666,grantbr01-1998
williwa02,23.216666666666665,2.8,199804060SAS-POR,199804060SAS-SAS,POR-1998,1,1998,65.00666666666666,56.23416666666666,williwa02-1998
catoke01,22.633333333333333,1.5,199804060SAS-POR,199804060SAS-SAS,POR-1998,1,1998,33.95,56.23416666666666,catoke01-1998
augmost01,15.25,1.4,199804060SAS-POR,199804060SAS-SAS,POR-1998,1,1998,21.349999999999998,56.23416666666666,augmost01-1998
listeal01,14.183333333333334,2.7,199804060SAS-POR,199804060SAS-SAS,POR-1998,1,1998,38.295,56.23416666666666,listeal01-1998
grantga01,9.883333333333333,-0.1,199804060SAS-POR,199804060SAS-SAS,POR-1998,1,1998,-0.9883333333333333,56.23416666666666,grantga01-1998
onealje01,6.816666666666666,-1.1,199804060SAS-POR,199804060SAS-SAS,POR-1998,1,1998,-7.498333333333334,56.23416666666666,onealje01-1998
duncati01,45.43333333333333,7.7,199804080UTA-SAS,199804080UTA-UTA,SAS-1998,0,1998,349.83666666666664,45.11583333333333,duncati01-1998
jacksja01,41.833333333333336,3,199804080UTA-SAS,199804080UTA-UTA,SAS-1998,0,1998,125.5,45.11583333333333,jacksja01-1998
delnevi01,37.88333333333333,-5.2,199804080UTA-SAS,199804080UTA-UTA,SAS-1998,0,1998,-196.99333333333334,45.11583333333333,delnevi01-1998
perduwi01,28.4,4.4,199804080UTA-SAS,199804080UTA-UTA,SAS-1998,0,1998,124.96000000000001,45.11583333333333,perduwi01-1998
gearyre01,25.7,2.4,199804080UTA-SAS,199804080UTA-UTA,SAS-1998,0,1998,61.67999999999999,45.11583333333333,gearyre01-1998
lohaubr01,24.2,1.4,199804080UTA-SAS,199804080UTA-UTA,SAS-1998,0,1998,33.879999999999995,45.11583333333333,lohaubr01-1998
herreca01,19.55,1.7,199804080UTA-SAS,199804080UTA-UTA,SAS-1998,0,1998,33.235,45.11583333333333,herreca01-1998
willimo01,12.4,-6,199804080UTA-SAS,199804080UTA-UTA,SAS-1998,0,1998,-74.4,45.11583333333333,willimo01-1998
robinda01,2.466666666666667,-1.7,199804080UTA-SAS,199804080UTA-UTA,SAS-1998,0,1998,-4.193333333333333,45.11583333333333,robinda01-1998
rosema01,2.1333333333333333,-1.1,199804080UTA-SAS,199804080UTA-UTA,SAS-1998,0,1998,-2.3466666666666667,45.11583333333333,rosema01-1998
paytoga01,41.11666666666667,7,199804100SAS-SEA,199804100SAS-SAS,SEA-1998,0,1998,287.81666666666666,19.779666666666667,paytoga01-1998
schrede01,38.4,1.4,199804100SAS-SEA,199804100SAS-SAS,SEA-1998,0,1998,53.76,19.779666666666667,schrede01-1998
bakervi01,37.8,-2.2,199804100SAS-SEA,199804100SAS-SAS,SEA-1998,0,1998,-83.16,19.779666666666667,bakervi01-1998
hawkihe01,29.666666666666668,0.7,199804100SAS-SEA,199804100SAS-SAS,SEA-1998,0,1998,20.766666666666666,19.779666666666667,hawkihe01-1998
perkisa01,23.35,-2,199804100SAS-SEA,199804100SAS-SAS,SEA-1998,0,1998,-46.7,19.779666666666667,perkisa01-1998
ellisda01,22.133333333333333,-2.4,199804100SAS-SEA,199804100SAS-SAS,SEA-1998,0,1998,-53.12,19.779666666666667,ellisda01-1998
kerseje01,17.816666666666666,0.8,199804100SAS-SEA,199804100SAS-SAS,SEA-1998,0,1998,14.253333333333334,19.779666666666667,kerseje01-1998
mcmilna01,16.183333333333334,-0.4,199804100SAS-SEA,199804100SAS-SAS,SEA-1998,0,1998,-6.473333333333334,19.779666666666667,mcmilna01-1998
mcilvji01,13.316666666666666,0.8,199804100SAS-SEA,199804100SAS-SAS,SEA-1998,0,1998,10.653333333333334,19.779666666666667,mcilvji01-1998
wingada01,0.26666666666666666,0,199804100SAS-SEA,199804100SAS-SAS,SEA-1998,0,1998,0,19.779666666666667,wingada01-1998
foxri01,36.483333333333334,-0.8,199804130SAS-LAL,199804130SAS-SAS,LAL-1998,1,1998,-29.186666666666667,63.56125000000001,foxri01-1998
onealsh01,34.86666666666667,9.8,199804130SAS-LAL,199804130SAS-SAS,LAL-1998,1,1998,341.6933333333334,63.56125000000001,onealsh01-1998
jonesed02,32.483333333333334,2.7,199804130SAS-LAL,199804130SAS-SAS,LAL-1998,1,1998,87.70500000000001,63.56125000000001,jonesed02-1998
blounco01,25.816666666666666,4.7,199804130SAS-LAL,199804130SAS-SAS,LAL-1998,1,1998,121.33833333333334,63.56125000000001,blounco01-1998
bryanko01,25.766666666666666,1.6,199804130SAS-LAL,199804130SAS-SAS,LAL-1998,1,1998,41.22666666666667,63.56125000000001,bryanko01-1998
vanexni01,22.866666666666667,4.6,199804130SAS-LAL,199804130SAS-SAS,LAL-1998,1,1998,105.18666666666667,63.56125000000001,vanexni01-1998
fishede01,21.083333333333332,3.4,199804130SAS-LAL,199804130SAS-SAS,LAL-1998,1,1998,71.68333333333332,63.56125000000001,fishede01-1998
horryro01,15.366666666666667,2.4,199804130SAS-LAL,199804130SAS-SAS,LAL-1998,1,1998,36.88,63.56125000000001,horryro01-1998
campbel01,13.716666666666667,-1.3,199804130SAS-LAL,199804130SAS-SAS,LAL-1998,1,1998,-17.831666666666667,63.56125000000001,campbel01-1998
barryjo01,5.316666666666666,1,199804130SAS-LAL,199804130SAS-SAS,LAL-1998,1,1998,5.316666666666666,63.56125000000001,barryjo01-1998
rooksse01,3.8,-0.4,199804130SAS-LAL,199804130SAS-SAS,LAL-1998,1,1998,-1.52,63.56125000000001,rooksse01-1998
bennema01,2.4333333333333336,0.1,199804130SAS-LAL,199804130SAS-SAS,LAL-1998,1,1998,0.24333333333333337,63.56125000000001,bennema01-1998
jacksja01,42.13333333333333,3.5,199804160VAN-SAS,199804160VAN-VAN,SAS-1998,1,1998,147.46666666666667,62.10611111111111,jacksja01-1998
duncati01,39.35,9.6,199804160VAN-SAS,199804160VAN-VAN,SAS-1998,1,1998,377.76,62.10611111111111,duncati01-1998
perduwi01,32.166666666666664,0.4,199804160VAN-SAS,199804160VAN-VAN,SAS-1998,1,1998,12.866666666666667,62.10611111111111,perduwi01-1998
johnsav01,30.333333333333332,0.2,199804160VAN-SAS,199804160VAN-VAN,SAS-1998,1,1998,6.066666666666666,62.10611111111111,johnsav01-1998
persoch01,26.266666666666666,-2.2,199804160VAN-SAS,199804160VAN-VAN,SAS-1998,1,1998,-57.78666666666667,62.10611111111111,persoch01-1998
gearyre01,23.533333333333335,7.9,199804160VAN-SAS,199804160VAN-VAN,SAS-1998,1,1998,185.91333333333336,62.10611111111111,gearyre01-1998
lohaubr01,19.383333333333333,-1.3,199804160VAN-SAS,199804160VAN-VAN,SAS-1998,1,1998,-25.198333333333334,62.10611111111111,lohaubr01-1998
rosema01,15.3,-2.9,199804160VAN-SAS,199804160VAN-VAN,SAS-1998,1,1998,-44.37,62.10611111111111,rosema01-1998
herreca01,11.516666666666667,-3.8,199804160VAN-SAS,199804160VAN-VAN,SAS-1998,1,1998,-43.763333333333335,62.10611111111111,herreca01-1998
duncati01,46.18333333333333,9.2,199804170SEA-SAS,199804170SEA-SEA,SAS-1998,1,1998,424.8866666666666,89.29722222222222,duncati01-1998
jacksja01,36.93333333333333,2.3,199804170SEA-SAS,199804170SEA-SEA,SAS-1998,1,1998,84.94666666666666,89.29722222222222,jacksja01-1998
johnsav01,32,2.9,199804170SEA-SAS,199804170SEA-SEA,SAS-1998,1,1998,92.8,89.29722222222222,johnsav01-1998
robinda01,30.85,8.1,199804170SEA-SAS,199804170SEA-SEA,SAS-1998,1,1998,249.885,89.29722222222222,robinda01-1998
perduwi01,29.316666666666666,2.4,199804170SEA-SAS,199804170SEA-SEA,SAS-1998,1,1998,70.36,89.29722222222222,perduwi01-1998
persoch01,27,-2.7,199804170SEA-SAS,199804170SEA-SEA,SAS-1998,1,1998,-72.9,89.29722222222222,persoch01-1998
gearyre01,16.733333333333334,-2.3,199804170SEA-SAS,199804170SEA-SEA,SAS-1998,1,1998,-38.486666666666665,89.29722222222222,gearyre01-1998
lohaubr01,14.666666666666666,-0.4,199804170SEA-SAS,199804170SEA-SEA,SAS-1998,1,1998,-5.866666666666667,89.29722222222222,lohaubr01-1998
herreca01,6.5,-0.3,199804170SEA-SAS,199804170SEA-SEA,SAS-1998,1,1998,-1.95,89.29722222222222,herreca01-1998
ellisla01,37.63333333333333,6.2,199804190SAS-DEN,199804190SAS-SAS,DEN-1998,0,1998,233.32666666666668,-1.2469696969696944,ellisla01-1998
goldwan01,37.53333333333333,4.7,199804190SAS-DEN,199804190SAS-SAS,DEN-1998,0,1998,176.40666666666667,-1.2469696969696944,goldwan01-1998
alexaco01,36.8,-3.8,199804190SAS-DEN,199804190SAS-SAS,DEN-1998,0,1998,-139.83999999999997,-1.2469696969696944,alexaco01-1998
fortsda01,34.81666666666667,-5.2,199804190SAS-DEN,199804190SAS-SAS,DEN-1998,0,1998,-181.04666666666668,-1.2469696969696944,fortsda01-1998
newmajo01,31.85,-0.7,199804190SAS-DEN,199804190SAS-SAS,DEN-1998,0,1998,-22.294999999999998,-1.2469696969696944,newmajo01-1998
garrede01,22.05,2.5,199804190SAS-DEN,199804190SAS-SAS,DEN-1998,0,1998,55.125,-1.2469696969696944,garrede01-1998
jacksbo01,16.6,-4.4,199804190SAS-DEN,199804190SAS-SAS,DEN-1998,0,1998,-73.04,-1.2469696969696944,jacksbo01-1998
battito01,13.75,-4.6,199804190SAS-DEN,199804190SAS-SAS,DEN-1998,0,1998,-63.24999999999999,-1.2469696969696944,battito01-1998
stithbr01,4.966666666666667,0.1,199804190SAS-DEN,199804190SAS-SAS,DEN-1998,0,1998,0.4966666666666667,-1.2469696969696944,stithbr01-1998
ellisha01,2,0.9,199804190SAS-DEN,199804190SAS-SAS,DEN-1998,0,1998,1.8,-1.2469696969696944,ellisha01-1998
washier01,2,-0.7,199804190SAS-DEN,199804190SAS-SAS,DEN-1998,0,1998,-1.4,-1.2469696969696944,washier01-1998
