player,min,VORP,id,opp_id,season_id,win,year,adj_VORP,avg_VORP,link
farmajo01,27.266666666666666,4.8,201310290LAL-LAL,201310290LAL-LAC,LAL-2014,1,2014,130.88,49.649545454545454,farmajo01-2014
henryxa01,26.4,8.4,201310290LAL-LAL,201310290LAL-LAC,LAL-2014,1,2014,221.76,49.649545454545454,henryxa01-2014
meeksjo01,25.583333333333332,4,201310290LAL-LAL,201310290LAL-LAC,LAL-2014,1,2014,102.33333333333333,49.649545454545454,meeksjo01-2014
gasolpa01,24.483333333333334,2.9,201310290LAL-LAL,201310290LAL-LAC,LAL-2014,1,2014,71.00166666666667,49.649545454545454,gasolpa01-2014
blakest01,22.416666666666668,3.6,201310290LAL-LAL,201310290LAL-LAC,LAL-2014,1,2014,80.7,49.649545454545454,blakest01-2014
youngni01,22.05,-1.2,201310290LAL-LAL,201310290LAL-LAC,LAL-2014,1,2014,-26.46,49.649545454545454,youngni01-2014
nashst01,20.733333333333334,-2.6,201310290LAL-LAL,201310290LAL-LAC,LAL-2014,1,2014,-53.90666666666667,49.649545454545454,nashst01-2014
johnswe01,20.533333333333335,-6,201310290LAL-LAL,201310290LAL-LAC,LAL-2014,1,2014,-123.20000000000002,49.649545454545454,johnswe01-2014
kamanch01,19.666666666666668,2.2,201310290LAL-LAL,201310290LAL-LAC,LAL-2014,1,2014,43.26666666666667,49.649545454545454,kamanch01-2014
hilljo01,18.033333333333335,6.6,201310290LAL-LAL,201310290LAL-LAC,LAL-2014,1,2014,119.02000000000001,49.649545454545454,hilljo01-2014
willish03,12.833333333333334,-1.5,201310290LAL-LAL,201310290LAL-LAC,LAL-2014,1,2014,-19.25,49.649545454545454,willish03-2014
thompkl01,31.066666666666666,10.6,201310300GSW-GSW,201310300GSW-LAL,GSW-2014,1,2014,329.3066666666667,56.02722222222222,thompkl01-2014
iguodan01,27.816666666666666,0.9,201310300GSW-GSW,201310300GSW-LAL,GSW-2014,1,2014,25.035,56.02722222222222,iguodan01-2014
leeda02,26.566666666666666,3.8,201310300GSW-GSW,201310300GSW-LAL,GSW-2014,1,2014,100.95333333333333,56.02722222222222,leeda02-2014
douglto01,24.483333333333334,3.4,201310300GSW-GSW,201310300GSW-LAL,GSW-2014,1,2014,83.24333333333334,56.02722222222222,douglto01-2014
curryst01,23.95,-0.7,201310300GSW-GSW,201310300GSW-LAL,GSW-2014,1,2014,-16.764999999999997,56.02722222222222,curryst01-2014
onealje01,19.833333333333332,-0.2,201310300GSW-GSW,201310300GSW-LAL,GSW-2014,1,2014,-3.966666666666667,56.02722222222222,onealje01-2014
speigma01,19.75,-1.3,201310300GSW-GSW,201310300GSW-LAL,GSW-2014,1,2014,-25.675,56.02722222222222,speigma01-2014
greendr01,18.983333333333334,4.9,201310300GSW-GSW,201310300GSW-LAL,GSW-2014,1,2014,93.01833333333335,56.02722222222222,greendr01-2014
bogutan01,17.983333333333334,5.3,201310300GSW-GSW,201310300GSW-LAL,GSW-2014,1,2014,95.31166666666667,56.02722222222222,bogutan01-2014
bazemke01,12.216666666666667,3.3,201310300GSW-GSW,201310300GSW-LAL,GSW-2014,1,2014,40.315,56.02722222222222,bazemke01-2014
kuzmiog01,9.75,-3.8,201310300GSW-GSW,201310300GSW-LAL,GSW-2014,1,2014,-37.05,56.02722222222222,kuzmiog01-2014
nedovne01,7.6,-1.5,201310300GSW-GSW,201310300GSW-LAL,GSW-2014,1,2014,-11.399999999999999,56.02722222222222,nedovne01-2014
blakest01,31.633333333333333,0.2,201311010LAL-LAL,201311010LAL-SAS,LAL-2014,0,2014,6.326666666666667,19.78848484848485,blakest01-2014
gasolpa01,29.1,5.4,201311010LAL-LAL,201311010LAL-SAS,LAL-2014,0,2014,157.14000000000001,19.78848484848485,gasolpa01-2014
meeksjo01,27.583333333333332,4,201311010LAL-LAL,201311010LAL-SAS,LAL-2014,0,2014,110.33333333333333,19.78848484848485,meeksjo01-2014
johnswe01,27.366666666666667,3.9,201311010LAL-LAL,201311010LAL-SAS,LAL-2014,0,2014,106.73,19.78848484848485,johnswe01-2014
nashst01,23.333333333333332,-2.7,201311010LAL-LAL,201311010LAL-SAS,LAL-2014,0,2014,-63,19.78848484848485,nashst01-2014
henryxa01,22,-5.7,201311010LAL-LAL,201311010LAL-SAS,LAL-2014,0,2014,-125.4,19.78848484848485,henryxa01-2014
willish03,20.633333333333333,-1.7,201311010LAL-LAL,201311010LAL-SAS,LAL-2014,0,2014,-35.07666666666667,19.78848484848485,willish03-2014
youngni01,17.683333333333334,1,201311010LAL-LAL,201311010LAL-SAS,LAL-2014,0,2014,17.683333333333334,19.78848484848485,youngni01-2014
farmajo01,16.366666666666667,1.9,201311010LAL-LAL,201311010LAL-SAS,LAL-2014,0,2014,31.096666666666668,19.78848484848485,farmajo01-2014
kamanch01,12.666666666666666,0.2,201311010LAL-LAL,201311010LAL-SAS,LAL-2014,0,2014,2.533333333333333,19.78848484848485,kamanch01-2014
hilljo01,11.633333333333333,0.8,201311010LAL-LAL,201311010LAL-SAS,LAL-2014,0,2014,9.306666666666667,19.78848484848485,hilljo01-2014
blakest01,32.4,-1.2,201311030LAL-LAL,201311030LAL-ATL,LAL-2014,1,2014,-38.879999999999995,11.376666666666669,blakest01-2014
nashst01,29.066666666666666,1.5,201311030LAL-LAL,201311030LAL-ATL,LAL-2014,1,2014,43.6,11.376666666666669,nashst01-2014
gasolpa01,27.683333333333334,-2.6,201311030LAL-LAL,201311030LAL-ATL,LAL-2014,1,2014,-71.97666666666667,11.376666666666669,gasolpa01-2014
henryxa01,25.933333333333334,1.6,201311030LAL-LAL,201311030LAL-ATL,LAL-2014,1,2014,41.49333333333334,11.376666666666669,henryxa01-2014
johnswe01,20.933333333333334,2.6,201311030LAL-LAL,201311030LAL-ATL,LAL-2014,1,2014,54.42666666666667,11.376666666666669,johnswe01-2014
youngni01,20.8,4.9,201311030LAL-LAL,201311030LAL-ATL,LAL-2014,1,2014,101.92000000000002,11.376666666666669,youngni01-2014
farmajo01,18.833333333333332,-3,201311030LAL-LAL,201311030LAL-ATL,LAL-2014,1,2014,-56.5,11.376666666666669,farmajo01-2014
willish03,17.733333333333334,0.3,201311030LAL-LAL,201311030LAL-ATL,LAL-2014,1,2014,5.32,11.376666666666669,willish03-2014
meeksjo01,16.966666666666665,1.5,201311030LAL-LAL,201311030LAL-ATL,LAL-2014,1,2014,25.449999999999996,11.376666666666669,meeksjo01-2014
kamanch01,16.05,-0.6,201311030LAL-LAL,201311030LAL-ATL,LAL-2014,1,2014,-9.63,11.376666666666669,kamanch01-2014
hilljo01,13.6,2.2,201311030LAL-LAL,201311030LAL-ATL,LAL-2014,1,2014,29.92,11.376666666666669,hilljo01-2014
ellismo01,31.25,11.1,201311050DAL-DAL,201311050DAL-LAL,DAL-2014,1,2014,346.875,47.74861111111111,ellismo01-2014
nowitdi01,28.1,2.6,201311050DAL-DAL,201311050DAL-LAL,DAL-2014,1,2014,73.06,47.74861111111111,nowitdi01-2014
mariosh01,27.433333333333334,-5.1,201311050DAL-DAL,201311050DAL-LAL,DAL-2014,1,2014,-139.91,47.74861111111111,mariosh01-2014
mekelga01,26.25,-2,201311050DAL-DAL,201311050DAL-LAL,DAL-2014,1,2014,-52.5,47.74861111111111,mekelga01-2014
crowdja01,23.766666666666666,6.2,201311050DAL-DAL,201311050DAL-LAL,DAL-2014,1,2014,147.35333333333332,47.74861111111111,crowdja01-2014
dalemsa01,23.033333333333335,2.2,201311050DAL-DAL,201311050DAL-LAL,DAL-2014,1,2014,50.67333333333334,47.74861111111111,dalemsa01-2014
caldejo01,21.75,5.3,201311050DAL-DAL,201311050DAL-LAL,DAL-2014,1,2014,115.27499999999999,47.74861111111111,caldejo01-2014
blairde01,18.566666666666666,6.9,201311050DAL-DAL,201311050DAL-LAL,DAL-2014,1,2014,128.11,47.74861111111111,blairde01-2014
cartevi01,18.016666666666666,-2.3,201311050DAL-DAL,201311050DAL-LAL,DAL-2014,1,2014,-41.438333333333325,47.74861111111111,cartevi01-2014
ellinwa01,8.833333333333334,-3,201311050DAL-DAL,201311050DAL-LAL,DAL-2014,1,2014,-26.5,47.74861111111111,ellinwa01-2014
ledori01,6.55,-2.8,201311050DAL-DAL,201311050DAL-LAL,DAL-2014,1,2014,-18.34,47.74861111111111,ledori01-2014
jamesbe01,6.45,-1.5,201311050DAL-DAL,201311050DAL-LAL,DAL-2014,1,2014,-9.675,47.74861111111111,jamesbe01-2014
hardeja01,43.9,14.7,201311070HOU-HOU,201311070HOU-LAL,HOU-2014,0,2014,645.3299999999999,69.72104166666665,hardeja01-2014
parsoch01,36.733333333333334,1.4,201311070HOU-HOU,201311070HOU-LAL,HOU-2014,0,2014,51.42666666666666,69.72104166666665,parsoch01-2014
howardw01,36.516666666666666,-3.2,201311070HOU-HOU,201311070HOU-LAL,HOU-2014,0,2014,-116.85333333333334,69.72104166666665,howardw01-2014
beverpa01,33.81666666666667,-4,201311070HOU-HOU,201311070HOU-LAL,HOU-2014,0,2014,-135.26666666666668,69.72104166666665,beverpa01-2014
linje01,31.1,6.5,201311070HOU-HOU,201311070HOU-LAL,HOU-2014,0,2014,202.15,69.72104166666665,linje01-2014
asikom01,23.316666666666666,-1.1,201311070HOU-HOU,201311070HOU-LAL,HOU-2014,0,2014,-25.648333333333333,69.72104166666665,asikom01-2014
casspom01,20.416666666666668,-0.6,201311070HOU-HOU,201311070HOU-LAL,HOU-2014,0,2014,-12.25,69.72104166666665,casspom01-2014
garcifr01,14.2,-3.6,201311070HOU-HOU,201311070HOU-LAL,HOU-2014,0,2014,-51.12,69.72104166666665,garcifr01-2014
holidjr01,39.416666666666664,2.6,201311080NOP-NOP,201311080NOP-LAL,NOP-2014,1,2014,102.48333333333333,55.1126923076923,holidjr01-2014
davisan02,37.166666666666664,16.2,201311080NOP-NOP,201311080NOP-LAL,NOP-2014,1,2014,602.0999999999999,55.1126923076923,davisan02-2014
gordoer01,31.15,4.8,201311080NOP-NOP,201311080NOP-LAL,NOP-2014,1,2014,149.51999999999998,55.1126923076923,gordoer01-2014
smithja02,29.383333333333333,0.6,201311080NOP-NOP,201311080NOP-LAL,NOP-2014,1,2014,17.63,55.1126923076923,smithja02-2014
evansty01,26.766666666666666,-1.8,201311080NOP-NOP,201311080NOP-LAL,NOP-2014,1,2014,-48.18,55.1126923076923,evansty01-2014
aminual01,18.5,-3.4,201311080NOP-NOP,201311080NOP-LAL,NOP-2014,1,2014,-62.9,55.1126923076923,aminual01-2014
stiemgr01,18.466666666666665,-1,201311080NOP-NOP,201311080NOP-LAL,NOP-2014,1,2014,-18.466666666666665,55.1126923076923,stiemgr01-2014
morroan01,16.733333333333334,3.3,201311080NOP-NOP,201311080NOP-LAL,NOP-2014,1,2014,55.22,55.1126923076923,morroan01-2014
roberbr01,11.616666666666667,-6.7,201311080NOP-NOP,201311080NOP-LAL,NOP-2014,1,2014,-77.83166666666668,55.1126923076923,roberbr01-2014
thomala01,10.366666666666667,-0.3,201311080NOP-NOP,201311080NOP-LAL,NOP-2014,1,2014,-3.11,55.1126923076923,thomala01-2014
onuakar01,0.15,0,201311080NOP-NOP,201311080NOP-LAL,NOP-2014,1,2014,0,55.1126923076923,onuakar01-2014
witheje01,0.15,0,201311080NOP-NOP,201311080NOP-LAL,NOP-2014,1,2014,0,55.1126923076923,witheje01-2014
riverau01,0.13333333333333333,0,201311080NOP-NOP,201311080NOP-LAL,NOP-2014,1,2014,0,55.1126923076923,riverau01-2014
blakest01,34.7,12.2,201311100LAL-LAL,201311100LAL-MIN,LAL-2014,0,2014,423.34000000000003,21.774393939393942,blakest01-2014
gasolpa01,29.283333333333335,0,201311100LAL-LAL,201311100LAL-MIN,LAL-2014,0,2014,0,21.774393939393942,gasolpa01-2014
meeksjo01,29.2,4.6,201311100LAL-LAL,201311100LAL-MIN,LAL-2014,0,2014,134.32,21.774393939393942,meeksjo01-2014
willish03,25.05,3.7,201311100LAL-LAL,201311100LAL-MIN,LAL-2014,0,2014,92.685,21.774393939393942,willish03-2014
johnswe01,22.216666666666665,-4.4,201311100LAL-LAL,201311100LAL-MIN,LAL-2014,0,2014,-97.75333333333333,21.774393939393942,johnswe01-2014
youngni01,19.583333333333332,-2.6,201311100LAL-LAL,201311100LAL-MIN,LAL-2014,0,2014,-50.916666666666664,21.774393939393942,youngni01-2014
kamanch01,19.25,-5.3,201311100LAL-LAL,201311100LAL-MIN,LAL-2014,0,2014,-102.02499999999999,21.774393939393942,kamanch01-2014
hilljo01,18.716666666666665,0.2,201311100LAL-LAL,201311100LAL-MIN,LAL-2014,0,2014,3.743333333333333,21.774393939393942,hilljo01-2014
farmajo01,14.4,-5,201311100LAL-LAL,201311100LAL-MIN,LAL-2014,0,2014,-72,21.774393939393942,farmajo01-2014
henryxa01,14.25,-2.7,201311100LAL-LAL,201311100LAL-MIN,LAL-2014,0,2014,-38.475,21.774393939393942,henryxa01-2014
nashst01,13.35,-4,201311100LAL-LAL,201311100LAL-MIN,LAL-2014,0,2014,-53.4,21.774393939393942,nashst01-2014
blakest01,27.45,0.8,201311120LAL-LAL,201311120LAL-NOP,LAL-2014,1,2014,21.96,37.14217948717948,blakest01-2014
hilljo01,26.3,4.8,201311120LAL-LAL,201311120LAL-NOP,LAL-2014,1,2014,126.24,37.14217948717948,hilljo01-2014
gasolpa01,25.883333333333333,2.9,201311120LAL-LAL,201311120LAL-NOP,LAL-2014,1,2014,75.06166666666667,37.14217948717948,gasolpa01-2014
meeksjo01,25.866666666666667,4,201311120LAL-LAL,201311120LAL-NOP,LAL-2014,1,2014,103.46666666666667,37.14217948717948,meeksjo01-2014
youngni01,23.333333333333332,1.9,201311120LAL-LAL,201311120LAL-NOP,LAL-2014,1,2014,44.33333333333333,37.14217948717948,youngni01-2014
henryxa01,22.15,3.7,201311120LAL-LAL,201311120LAL-NOP,LAL-2014,1,2014,81.955,37.14217948717948,henryxa01-2014
kamanch01,21.4,1.6,201311120LAL-LAL,201311120LAL-NOP,LAL-2014,1,2014,34.24,37.14217948717948,kamanch01-2014
johnswe01,20.866666666666667,-3,201311120LAL-LAL,201311120LAL-NOP,LAL-2014,1,2014,-62.6,37.14217948717948,johnswe01-2014
farmajo01,20.55,3.3,201311120LAL-LAL,201311120LAL-NOP,LAL-2014,1,2014,67.815,37.14217948717948,farmajo01-2014
willish03,12.933333333333334,-0.2,201311120LAL-LAL,201311120LAL-NOP,LAL-2014,1,2014,-2.586666666666667,37.14217948717948,willish03-2014
sacrero01,5.7,-1.5,201311120LAL-LAL,201311120LAL-NOP,LAL-2014,1,2014,-8.55,37.14217948717948,sacrero01-2014
harriel01,3.783333333333333,0.3,201311120LAL-LAL,201311120LAL-NOP,LAL-2014,1,2014,1.135,37.14217948717948,harriel01-2014
kellyry01,3.783333333333333,0.1,201311120LAL-LAL,201311120LAL-NOP,LAL-2014,1,2014,0.37833333333333335,37.14217948717948,kellyry01-2014
lawsoty01,34.3,7.7,201311130DEN-DEN,201311130DEN-LAL,DEN-2014,1,2014,264.10999999999996,47.18181818181818,lawsoty01-2014
farieke01,29.566666666666666,5.2,201311130DEN-DEN,201311130DEN-LAL,DEN-2014,1,2014,153.74666666666667,47.18181818181818,farieke01-2014
mozgoti01,27.816666666666666,6.7,201311130DEN-DEN,201311130DEN-LAL,DEN-2014,1,2014,186.37166666666667,47.18181818181818,mozgoti01-2014
foyera01,23.933333333333334,2,201311130DEN-DEN,201311130DEN-LAL,DEN-2014,1,2014,47.86666666666667,47.18181818181818,foyera01-2014
millean02,21.233333333333334,-2.1,201311130DEN-DEN,201311130DEN-LAL,DEN-2014,1,2014,-44.59,47.18181818181818,millean02-2014
chandwi01,21.166666666666668,3.5,201311130DEN-DEN,201311130DEN-LAL,DEN-2014,1,2014,74.08333333333334,47.18181818181818,chandwi01-2014
robinna01,19.266666666666666,-5.5,201311130DEN-DEN,201311130DEN-LAL,DEN-2014,1,2014,-105.96666666666667,47.18181818181818,robinna01-2014
arthuda01,18.433333333333334,-1.1,201311130DEN-DEN,201311130DEN-LAL,DEN-2014,1,2014,-20.276666666666667,47.18181818181818,arthuda01-2014
hicksjj01,17.433333333333334,-3.5,201311130DEN-DEN,201311130DEN-LAL,DEN-2014,1,2014,-61.016666666666666,47.18181818181818,hicksjj01-2014
fournev01,14.833333333333334,-0.2,201311130DEN-DEN,201311130DEN-LAL,DEN-2014,1,2014,-2.966666666666667,47.18181818181818,fournev01-2014
hamiljo02,12.016666666666667,2.3,201311130DEN-DEN,201311130DEN-LAL,DEN-2014,1,2014,27.638333333333332,47.18181818181818,hamiljo02-2014
meeksjo01,37.93333333333333,6.2,201311150LAL-LAL,201311150LAL-MEM,LAL-2014,0,2014,235.18666666666664,44.663,meeksjo01-2014
blakest01,36.333333333333336,4.2,201311150LAL-LAL,201311150LAL-MEM,LAL-2014,0,2014,152.60000000000002,44.663,blakest01-2014
gasolpa01,33.06666666666667,-0.1,201311150LAL-LAL,201311150LAL-MEM,LAL-2014,0,2014,-3.306666666666667,44.663,gasolpa01-2014
youngni01,32.9,2.9,201311150LAL-LAL,201311150LAL-MEM,LAL-2014,0,2014,95.41,44.663,youngni01-2014
hilljo01,30.2,1.9,201311150LAL-LAL,201311150LAL-MEM,LAL-2014,0,2014,57.379999999999995,44.663,hilljo01-2014
willish03,16.95,5.7,201311150LAL-LAL,201311150LAL-MEM,LAL-2014,0,2014,96.615,44.663,willish03-2014
kamanch01,15.633333333333333,-3.7,201311150LAL-LAL,201311150LAL-MEM,LAL-2014,0,2014,-57.843333333333334,44.663,kamanch01-2014
johnswe01,15.25,-1.8,201311150LAL-LAL,201311150LAL-MEM,LAL-2014,0,2014,-27.45,44.663,johnswe01-2014
farmajo01,14.85,-5.8,201311150LAL-LAL,201311150LAL-MEM,LAL-2014,0,2014,-86.13,44.663,farmajo01-2014
henryxa01,6.883333333333333,-2.3,201311150LAL-LAL,201311150LAL-MEM,LAL-2014,0,2014,-15.831666666666665,44.663,henryxa01-2014
hilljo01,35.733333333333334,2.3,201311170LAL-LAL,201311170LAL-DET,LAL-2014,1,2014,82.18666666666667,56.89116666666666,hilljo01-2014
blakest01,35.11666666666667,5.6,201311170LAL-LAL,201311170LAL-DET,LAL-2014,1,2014,196.65333333333334,56.89116666666666,blakest01-2014
gasolpa01,34.28333333333333,4.7,201311170LAL-LAL,201311170LAL-DET,LAL-2014,1,2014,161.13166666666666,56.89116666666666,gasolpa01-2014
meeksjo01,28.2,2.4,201311170LAL-LAL,201311170LAL-DET,LAL-2014,1,2014,67.67999999999999,56.89116666666666,meeksjo01-2014
youngni01,26.65,2.3,201311170LAL-LAL,201311170LAL-DET,LAL-2014,1,2014,61.294999999999995,56.89116666666666,youngni01-2014
johnswe01,21.35,6.7,201311170LAL-LAL,201311170LAL-DET,LAL-2014,1,2014,143.04500000000002,56.89116666666666,johnswe01-2014
willish03,20.583333333333332,-3.7,201311170LAL-LAL,201311170LAL-DET,LAL-2014,1,2014,-76.15833333333333,56.89116666666666,willish03-2014
henryxa01,19.8,-2.4,201311170LAL-LAL,201311170LAL-DET,LAL-2014,1,2014,-47.52,56.89116666666666,henryxa01-2014
farmajo01,12.883333333333333,-0.5,201311170LAL-LAL,201311170LAL-DET,LAL-2014,1,2014,-6.441666666666666,56.89116666666666,farmajo01-2014
kamanch01,5.4,-2.4,201311170LAL-LAL,201311170LAL-DET,LAL-2014,1,2014,-12.96,56.89116666666666,kamanch01-2014
gasolpa01,38.65,5.1,201311220LAL-LAL,201311220LAL-GSW,LAL-2014,1,2014,197.11499999999998,38.81685185185185,gasolpa01-2014
hilljo01,32.95,-2,201311220LAL-LAL,201311220LAL-GSW,LAL-2014,1,2014,-65.9,38.81685185185185,hilljo01-2014
youngni01,31.233333333333334,4.1,201311220LAL-LAL,201311220LAL-GSW,LAL-2014,1,2014,128.05666666666667,38.81685185185185,youngni01-2014
blakest01,28.966666666666665,2.4,201311220LAL-LAL,201311220LAL-GSW,LAL-2014,1,2014,69.52,38.81685185185185,blakest01-2014
meeksjo01,27.9,-3.5,201311220LAL-LAL,201311220LAL-GSW,LAL-2014,1,2014,-97.64999999999999,38.81685185185185,meeksjo01-2014
johnswe01,22.833333333333332,-2.8,201311220LAL-LAL,201311220LAL-GSW,LAL-2014,1,2014,-63.93333333333332,38.81685185185185,johnswe01-2014
henryxa01,20.1,-2.6,201311220LAL-LAL,201311220LAL-GSW,LAL-2014,1,2014,-52.260000000000005,38.81685185185185,henryxa01-2014
farmajo01,19.033333333333335,10.1,201311220LAL-LAL,201311220LAL-GSW,LAL-2014,1,2014,192.23666666666668,38.81685185185185,farmajo01-2014
willish03,18.333333333333332,2.3,201311220LAL-LAL,201311220LAL-GSW,LAL-2014,1,2014,42.16666666666666,38.81685185185185,willish03-2014
gasolpa01,34.68333333333333,2,201311240LAL-LAL,201311240LAL-SAC,LAL-2014,1,2014,69.36666666666666,39.735925925925926,gasolpa01-2014
hilljo01,31.616666666666667,-3.1,201311240LAL-LAL,201311240LAL-SAC,LAL-2014,1,2014,-98.01166666666667,39.735925925925926,hilljo01-2014
blakest01,30.966666666666665,4.1,201311240LAL-LAL,201311240LAL-SAC,LAL-2014,1,2014,126.96333333333331,39.735925925925926,blakest01-2014
youngni01,28.616666666666667,-1.7,201311240LAL-LAL,201311240LAL-SAC,LAL-2014,1,2014,-48.64833333333333,39.735925925925926,youngni01-2014
willish03,27.966666666666665,-0.1,201311240LAL-LAL,201311240LAL-SAC,LAL-2014,1,2014,-2.796666666666667,39.735925925925926,willish03-2014
meeksjo01,27.033333333333335,4.4,201311240LAL-LAL,201311240LAL-SAC,LAL-2014,1,2014,118.94666666666669,39.735925925925926,meeksjo01-2014
johnswe01,21.116666666666667,2.4,201311240LAL-LAL,201311240LAL-SAC,LAL-2014,1,2014,50.68,39.735925925925926,johnswe01-2014
henryxa01,20.966666666666665,3.4,201311240LAL-LAL,201311240LAL-SAC,LAL-2014,1,2014,71.28666666666666,39.735925925925926,henryxa01-2014
farmajo01,17.033333333333335,4.1,201311240LAL-LAL,201311240LAL-SAC,LAL-2014,1,2014,69.83666666666667,39.735925925925926,farmajo01-2014
webstma02,42.7,8.9,201311260WAS-WAS,201311260WAS-LAL,WAS-2014,1,2014,380.03000000000003,72.03925925925927,webstma02-2014
hilarne01,37.233333333333334,3.9,201311260WAS-WAS,201311260WAS-LAL,WAS-2014,1,2014,145.21,72.03925925925927,hilarne01-2014
walljo01,36.6,7.9,201311260WAS-WAS,201311260WAS-LAL,WAS-2014,1,2014,289.14000000000004,72.03925925925927,walljo01-2014
gortama01,34.766666666666666,1.9,201311260WAS-WAS,201311260WAS-LAL,WAS-2014,1,2014,66.05666666666666,72.03925925925927,gortama01-2014
arizatr01,32.31666666666667,-0.9,201311260WAS-WAS,201311260WAS-LAL,WAS-2014,1,2014,-29.085000000000004,72.03925925925927,arizatr01-2014
templga01,26.3,-5.3,201311260WAS-WAS,201311260WAS-LAL,WAS-2014,1,2014,-139.39,72.03925925925927,templga01-2014
veselja01,18.216666666666665,-2,201311260WAS-WAS,201311260WAS-LAL,WAS-2014,1,2014,-36.43333333333333,72.03925925925927,veselja01-2014
maynoer01,10.783333333333333,-2.5,201311260WAS-WAS,201311260WAS-LAL,WAS-2014,1,2014,-26.958333333333332,72.03925925925927,maynoer01-2014
singlch01,1.0833333333333333,-0.2,201311260WAS-WAS,201311260WAS-LAL,WAS-2014,1,2014,-0.21666666666666667,72.03925925925927,singlch01-2014
johnsjo02,36.53333333333333,-2.1,201311270BRK-BRK,201311270BRK-LAL,BRK-2014,0,2014,-76.72,3.036166666666668,johnsjo02-2014
anderal01,34.95,2.2,201311270BRK-BRK,201311270BRK-LAL,BRK-2014,0,2014,76.89000000000001,3.036166666666668,anderal01-2014
piercpa01,33.166666666666664,-7,201311270BRK-BRK,201311270BRK-LAL,BRK-2014,0,2014,-232.16666666666666,3.036166666666668,piercpa01-2014
blatcan01,26.983333333333334,5.5,201311270BRK-BRK,201311270BRK-LAL,BRK-2014,0,2014,148.40833333333333,3.036166666666668,blatcan01-2014
livinsh01,24.85,-0.6,201311270BRK-BRK,201311270BRK-LAL,BRK-2014,0,2014,-14.91,3.036166666666668,livinsh01-2014
garneke01,23.416666666666668,-3,201311270BRK-BRK,201311270BRK-LAL,BRK-2014,0,2014,-70.25,3.036166666666668,garneke01-2014
teletmi01,20.966666666666665,9.9,201311270BRK-BRK,201311270BRK-LAL,BRK-2014,0,2014,207.57,3.036166666666668,teletmi01-2014
plumlma01,20.916666666666668,2.9,201311270BRK-BRK,201311270BRK-LAL,BRK-2014,0,2014,60.65833333333333,3.036166666666668,plumlma01-2014
tayloty01,14.55,-4.7,201311270BRK-BRK,201311270BRK-LAL,BRK-2014,0,2014,-68.385,3.036166666666668,tayloty01-2014
evansre01,3.6666666666666665,-0.2,201311270BRK-BRK,201311270BRK-LAL,BRK-2014,0,2014,-0.7333333333333334,3.036166666666668,evansre01-2014
smithjo03,44.4,1.4,201311290DET-DET,201311290DET-LAL,DET-2014,0,2014,62.16,9.281166666666667,smithjo03-2014
jennibr01,41.18333333333333,-2.4,201311290DET-DET,201311290DET-LAL,DET-2014,0,2014,-98.83999999999999,9.281166666666667,jennibr01-2014
monrogr01,34.78333333333333,4.2,201311290DET-DET,201311290DET-LAL,DET-2014,0,2014,146.09,9.281166666666667,monrogr01-2014
stuckro01,33.45,1.9,201311290DET-DET,201311290DET-LAL,DET-2014,0,2014,63.555,9.281166666666667,stuckro01-2014
singlky01,33.36666666666667,-3.7,201311290DET-DET,201311290DET-LAL,DET-2014,0,2014,-123.45666666666668,9.281166666666667,singlky01-2014
drumman01,16.066666666666666,3.5,201311290DET-DET,201311290DET-LAL,DET-2014,0,2014,56.233333333333334,9.281166666666667,drumman01-2014
caldwke01,14.55,-1.7,201311290DET-DET,201311290DET-LAL,DET-2014,0,2014,-24.735,9.281166666666667,caldwke01-2014
harrejo01,11.783333333333333,2.4,201311290DET-DET,201311290DET-LAL,DET-2014,0,2014,28.279999999999998,9.281166666666667,harrejo01-2014
sivape01,6.816666666666666,-2.1,201311290DET-DET,201311290DET-LAL,DET-2014,0,2014,-14.315,9.281166666666667,sivape01-2014
villach01,3.6,-0.6,201311290DET-DET,201311290DET-LAL,DET-2014,0,2014,-2.16,9.281166666666667,villach01-2014
meeksjo01,34.63333333333333,-0.1,201312010LAL-LAL,201312010LAL-POR,LAL-2014,0,2014,-3.4633333333333334,10.339,meeksjo01-2014
blakest01,33.516666666666666,-1.2,201312010LAL-LAL,201312010LAL-POR,LAL-2014,0,2014,-40.22,10.339,blakest01-2014
henryxa01,29.016666666666666,7.4,201312010LAL-LAL,201312010LAL-POR,LAL-2014,0,2014,214.72333333333333,10.339,henryxa01-2014
willish03,28.566666666666666,-3.4,201312010LAL-LAL,201312010LAL-POR,LAL-2014,0,2014,-97.12666666666667,10.339,willish03-2014
johnswe01,27.083333333333332,-1.7,201312010LAL-LAL,201312010LAL-POR,LAL-2014,0,2014,-46.041666666666664,10.339,johnswe01-2014
gasolpa01,24.5,-7.6,201312010LAL-LAL,201312010LAL-POR,LAL-2014,0,2014,-186.2,10.339,gasolpa01-2014
sacrero01,23.5,9.7,201312010LAL-LAL,201312010LAL-POR,LAL-2014,0,2014,227.95,10.339,sacrero01-2014
youngni01,22.266666666666666,1.8,201312010LAL-LAL,201312010LAL-POR,LAL-2014,0,2014,40.08,10.339,youngni01-2014
hilljo01,15.983333333333333,-0.5,201312010LAL-LAL,201312010LAL-POR,LAL-2014,0,2014,-7.991666666666666,10.339,hilljo01-2014
farmajo01,0.9333333333333333,1.8,201312010LAL-LAL,201312010LAL-POR,LAL-2014,0,2014,1.6800000000000002,10.339,farmajo01-2014
couside01,31.966666666666665,-3.2,201312060SAC-SAC,201312060SAC-LAL,SAC-2014,0,2014,-102.29333333333334,6.175,couside01-2014
mclembe01,31.866666666666667,3.6,201312060SAC-SAC,201312060SAC-LAL,SAC-2014,0,2014,114.72,6.175,mclembe01-2014
salmojo01,25.816666666666666,2.6,201312060SAC-SAC,201312060SAC-LAL,SAC-2014,0,2014,67.12333333333333,6.175,salmojo01-2014
thomais02,25.416666666666668,7.3,201312060SAC-SAC,201312060SAC-LAL,SAC-2014,0,2014,185.54166666666666,6.175,thomais02-2014
willide02,25.15,-1.2,201312060SAC-SAC,201312060SAC-LAL,SAC-2014,0,2014,-30.179999999999996,6.175,willide02-2014
thompja02,23.35,0.6,201312060SAC-SAC,201312060SAC-LAL,SAC-2014,0,2014,14.01,6.175,thompja02-2014
vasqugr01,22.583333333333332,-0.6,201312060SAC-SAC,201312060SAC-LAL,SAC-2014,0,2014,-13.549999999999999,6.175,vasqugr01-2014
pattepa01,22.366666666666667,-7,201312060SAC-SAC,201312060SAC-LAL,SAC-2014,0,2014,-156.56666666666666,6.175,pattepa01-2014
thornma01,16.133333333333333,-1.8,201312060SAC-SAC,201312060SAC-LAL,SAC-2014,0,2014,-29.04,6.175,thornma01-2014
hayesch01,15.133333333333333,1.2,201312060SAC-SAC,201312060SAC-LAL,SAC-2014,0,2014,18.16,6.175,hayesch01-2014
mccalra01,0.21666666666666667,0,201312060SAC-SAC,201312060SAC-LAL,SAC-2014,0,2014,0,6.175,mccalra01-2014
meeksjo01,35.333333333333336,0.7,201312080LAL-LAL,201312080LAL-TOR,LAL-2014,0,2014,24.733333333333334,-10.932833333333335,meeksjo01-2014
blakest01,30.3,-7.8,201312080LAL-LAL,201312080LAL-TOR,LAL-2014,0,2014,-236.34,-10.932833333333335,blakest01-2014
youngni01,29.95,3.2,201312080LAL-LAL,201312080LAL-TOR,LAL-2014,0,2014,95.84,-10.932833333333335,youngni01-2014
bryanko01,27.933333333333334,-7,201312080LAL-LAL,201312080LAL-TOR,LAL-2014,0,2014,-195.53333333333333,-10.932833333333335,bryanko01-2014
johnswe01,24.666666666666668,-0.7,201312080LAL-LAL,201312080LAL-TOR,LAL-2014,0,2014,-17.266666666666666,-10.932833333333335,johnswe01-2014
gasolpa01,24.466666666666665,-4.7,201312080LAL-LAL,201312080LAL-TOR,LAL-2014,0,2014,-114.99333333333333,-10.932833333333335,gasolpa01-2014
willish03,23.3,6.3,201312080LAL-LAL,201312080LAL-TOR,LAL-2014,0,2014,146.79,-10.932833333333335,willish03-2014
hilljo01,20,3.7,201312080LAL-LAL,201312080LAL-TOR,LAL-2014,0,2014,74,-10.932833333333335,hilljo01-2014
henryxa01,14.133333333333333,9.5,201312080LAL-LAL,201312080LAL-TOR,LAL-2014,0,2014,134.26666666666665,-10.932833333333335,henryxa01-2014
sacrero01,9.916666666666666,-2.1,201312080LAL-LAL,201312080LAL-TOR,LAL-2014,0,2014,-20.825,-10.932833333333335,sacrero01-2014
blakest01,39.21666666666667,1.1,201312100LAL-LAL,201312100LAL-PHO,LAL-2014,0,2014,43.138333333333335,15.327592592592595,blakest01-2014
meeksjo01,32.666666666666664,1.5,201312100LAL-LAL,201312100LAL-PHO,LAL-2014,0,2014,49,15.327592592592595,meeksjo01-2014
bryanko01,29.166666666666668,0.5,201312100LAL-LAL,201312100LAL-PHO,LAL-2014,0,2014,14.583333333333334,15.327592592592595,bryanko01-2014
gasolpa01,28.75,4.2,201312100LAL-LAL,201312100LAL-PHO,LAL-2014,0,2014,120.75,15.327592592592595,gasolpa01-2014
henryxa01,28.733333333333334,-2.4,201312100LAL-LAL,201312100LAL-PHO,LAL-2014,0,2014,-68.96,15.327592592592595,henryxa01-2014
youngni01,27.55,-4.1,201312100LAL-LAL,201312100LAL-PHO,LAL-2014,0,2014,-112.955,15.327592592592595,youngni01-2014
johnswe01,20,-0.5,201312100LAL-LAL,201312100LAL-PHO,LAL-2014,0,2014,-10,15.327592592592595,johnswe01-2014
hilljo01,19.25,5.7,201312100LAL-LAL,201312100LAL-PHO,LAL-2014,0,2014,109.72500000000001,15.327592592592595,hilljo01-2014
willish03,14.666666666666666,-0.5,201312100LAL-LAL,201312100LAL-PHO,LAL-2014,0,2014,-7.333333333333333,15.327592592592595,willish03-2014
duranke01,31.133333333333333,17.9,201312130OKC-OKC,201312130OKC-LAL,OKC-2014,1,2014,557.2866666666666,64.20277777777777,duranke01-2014
westbru01,30.9,2.5,201312130OKC-OKC,201312130OKC-LAL,OKC-2014,1,2014,77.25,64.20277777777777,westbru01-2014
lambje01,26.633333333333333,-1.4,201312130OKC-OKC,201312130OKC-LAL,OKC-2014,1,2014,-37.28666666666666,64.20277777777777,lambje01-2014
jacksre01,25.766666666666666,4.2,201312130OKC-OKC,201312130OKC-LAL,OKC-2014,1,2014,108.22,64.20277777777777,jacksre01-2014
ibakase01,24.65,3.6,201312130OKC-OKC,201312130OKC-LAL,OKC-2014,1,2014,88.74,64.20277777777777,ibakase01-2014
roberan03,22.25,-0.5,201312130OKC-OKC,201312130OKC-LAL,OKC-2014,1,2014,-11.125,64.20277777777777,roberan03-2014
jonespe01,19.316666666666666,-0.9,201312130OKC-OKC,201312130OKC-LAL,OKC-2014,1,2014,-17.385,64.20277777777777,jonespe01-2014
perkike01,16.916666666666668,-0.3,201312130OKC-OKC,201312130OKC-LAL,OKC-2014,1,2014,-5.075,64.20277777777777,perkike01-2014
adamsst01,15.216666666666667,1.8,201312130OKC-OKC,201312130OKC-LAL,OKC-2014,1,2014,27.39,64.20277777777777,adamsst01-2014
fishede01,14.316666666666666,-0.3,201312130OKC-OKC,201312130OKC-LAL,OKC-2014,1,2014,-4.295,64.20277777777777,fishede01-2014
thabeha01,7.366666666666666,0.6,201312130OKC-OKC,201312130OKC-LAL,OKC-2014,1,2014,4.42,64.20277777777777,thabeha01-2014
collini01,5.533333333333333,-3.2,201312130OKC-OKC,201312130OKC-LAL,OKC-2014,1,2014,-17.706666666666667,64.20277777777777,collini01-2014
walkeke02,35.13333333333333,12.2,201312140CHA-CHA,201312140CHA-LAL,CHA-2014,0,2014,428.6266666666666,27.29777777777777,walkeke02-2014
jeffeal01,33.93333333333333,3.3,201312140CHA-CHA,201312140CHA-LAL,CHA-2014,0,2014,111.97999999999999,27.29777777777777,jeffeal01-2014
hendege02,33.55,0.9,201312140CHA-CHA,201312140CHA-LAL,CHA-2014,0,2014,30.194999999999997,27.29777777777777,hendege02-2014
mcrobjo01,29.683333333333334,0.9,201312140CHA-CHA,201312140CHA-LAL,CHA-2014,0,2014,26.715,27.29777777777777,mcrobjo01-2014
tayloje03,27.533333333333335,-2.4,201312140CHA-CHA,201312140CHA-LAL,CHA-2014,0,2014,-66.08,27.29777777777777,tayloje03-2014
gordobe01,24.983333333333334,-2.1,201312140CHA-CHA,201312140CHA-LAL,CHA-2014,0,2014,-52.465,27.29777777777777,gordobe01-2014
sessira01,22.8,-7,201312140CHA-CHA,201312140CHA-LAL,CHA-2014,0,2014,-159.6,27.29777777777777,sessira01-2014
zelleco01,18.316666666666666,-4.1,201312140CHA-CHA,201312140CHA-LAL,CHA-2014,0,2014,-75.09833333333333,27.29777777777777,zelleco01-2014
biyombi01,14.066666666666666,0.1,201312140CHA-CHA,201312140CHA-LAL,CHA-2014,0,2014,1.4066666666666667,27.29777777777777,biyombi01-2014
teaguje01,38.7,0.8,201312160ATL-ATL,201312160ATL-LAL,ATL-2014,1,2014,30.960000000000004,42.71037037037037,teaguje01-2014
korveky01,38.4,-1.5,201312160ATL-ATL,201312160ATL-LAL,ATL-2014,1,2014,-57.599999999999994,42.71037037037037,korveky01-2014
millspa01,33.05,4.6,201312160ATL-ATL,201312160ATL-LAL,ATL-2014,1,2014,152.02999999999997,42.71037037037037,millspa01-2014
horfoal01,32.666666666666664,2.2,201312160ATL-ATL,201312160ATL-LAL,ATL-2014,1,2014,71.86666666666667,42.71037037037037,horfoal01-2014
carrode01,28.133333333333333,1.5,201312160ATL-ATL,201312160ATL-LAL,ATL-2014,1,2014,42.2,42.71037037037037,carrode01-2014
willilo02,21.966666666666665,-1.5,201312160ATL-ATL,201312160ATL-LAL,ATL-2014,1,2014,-32.949999999999996,42.71037037037037,willilo02-2014
brandel01,17.416666666666668,5.2,201312160ATL-ATL,201312160ATL-LAL,ATL-2014,1,2014,90.56666666666668,42.71037037037037,brandel01-2014
macksh01,16.8,2.9,201312160ATL-ATL,201312160ATL-LAL,ATL-2014,1,2014,48.72,42.71037037037037,macksh01-2014
scottmi01,12.866666666666667,3,201312160ATL-ATL,201312160ATL-LAL,ATL-2014,1,2014,38.6,42.71037037037037,scottmi01-2014
randoza01,34.88333333333333,3.8,201312170MEM-MEM,201312170MEM-LAL,MEM-2014,0,2014,132.55666666666667,25.11560606060606,randoza01-2014
allento01,30.333333333333332,7.7,201312170MEM-MEM,201312170MEM-LAL,MEM-2014,0,2014,233.56666666666666,25.11560606060606,allento01-2014
millemi01,29.833333333333332,0.6,201312170MEM-MEM,201312170MEM-LAL,MEM-2014,0,2014,17.9,25.11560606060606,millemi01-2014
bayleje01,28.233333333333334,0.5,201312170MEM-MEM,201312170MEM-LAL,MEM-2014,0,2014,14.116666666666667,25.11560606060606,bayleje01-2014
leuerjo01,27.466666666666665,4.8,201312170MEM-MEM,201312170MEM-LAL,MEM-2014,0,2014,131.83999999999997,25.11560606060606,leuerjo01-2014
davised01,21.716666666666665,-2.2,201312170MEM-MEM,201312170MEM-LAL,MEM-2014,0,2014,-47.776666666666664,25.11560606060606,davised01-2014
frankja01,21.316666666666666,-7.6,201312170MEM-MEM,201312170MEM-LAL,MEM-2014,0,2014,-162.00666666666666,25.11560606060606,frankja01-2014
calatni01,19.783333333333335,1.9,201312170MEM-MEM,201312170MEM-LAL,MEM-2014,0,2014,37.58833333333334,25.11560606060606,calatni01-2014
koufoko01,13.05,-3.9,201312170MEM-MEM,201312170MEM-LAL,MEM-2014,0,2014,-50.895,25.11560606060606,koufoko01-2014
princta01,9.15,-3.3,201312170MEM-MEM,201312170MEM-LAL,MEM-2014,0,2014,-30.195,25.11560606060606,princta01-2014
johnsja01,4.233333333333333,-0.1,201312170MEM-MEM,201312170MEM-LAL,MEM-2014,0,2014,-0.42333333333333334,25.11560606060606,johnsja01-2014
meeksjo01,42.333333333333336,2.2,201312200LAL-LAL,201312200LAL-MIN,LAL-2014,1,2014,93.13333333333334,60.672222222222224,meeksjo01-2014
henryxa01,41.9,-0.5,201312200LAL-LAL,201312200LAL-MIN,LAL-2014,1,2014,-20.95,60.672222222222224,henryxa01-2014
gasolpa01,32.95,7.8,201312200LAL-LAL,201312200LAL-MIN,LAL-2014,1,2014,257.01,60.672222222222224,gasolpa01-2014
youngni01,31.233333333333334,4.7,201312200LAL-LAL,201312200LAL-MIN,LAL-2014,1,2014,146.79666666666668,60.672222222222224,youngni01-2014
johnswe01,30.366666666666667,0.9,201312200LAL-LAL,201312200LAL-MIN,LAL-2014,1,2014,27.330000000000002,60.672222222222224,johnswe01-2014
willish03,19.95,1.6,201312200LAL-LAL,201312200LAL-MIN,LAL-2014,1,2014,31.92,60.672222222222224,willish03-2014
kamanch01,16.4,0,201312200LAL-LAL,201312200LAL-MIN,LAL-2014,1,2014,0,60.672222222222224,kamanch01-2014
hilljo01,13.7,0.3,201312200LAL-LAL,201312200LAL-MIN,LAL-2014,1,2014,4.109999999999999,60.672222222222224,hilljo01-2014
sacrero01,11.166666666666666,0.6,201312200LAL-LAL,201312200LAL-MIN,LAL-2014,1,2014,6.699999999999999,60.672222222222224,sacrero01-2014
leeda02,32.8,-0.4,201312210GSW-GSW,201312210GSW-LAL,GSW-2014,1,2014,-13.12,53.964090909090906,leeda02-2014
curryst01,32.766666666666666,11.5,201312210GSW-GSW,201312210GSW-LAL,GSW-2014,1,2014,376.81666666666666,53.964090909090906,curryst01-2014
thompkl01,32.766666666666666,3.3,201312210GSW-GSW,201312210GSW-LAL,GSW-2014,1,2014,108.13,53.964090909090906,thompkl01-2014
bogutan01,27.75,2.9,201312210GSW-GSW,201312210GSW-LAL,GSW-2014,1,2014,80.475,53.964090909090906,bogutan01-2014
barneha02,25.766666666666666,1.4,201312210GSW-GSW,201312210GSW-LAL,GSW-2014,1,2014,36.07333333333333,53.964090909090906,barneha02-2014
iguodan01,24.45,-4.8,201312210GSW-GSW,201312210GSW-LAL,GSW-2014,1,2014,-117.35999999999999,53.964090909090906,iguodan01-2014
greendr01,20.916666666666668,4.5,201312210GSW-GSW,201312210GSW-LAL,GSW-2014,1,2014,94.125,53.964090909090906,greendr01-2014
douglto01,15.283333333333333,-1.5,201312210GSW-GSW,201312210GSW-LAL,GSW-2014,1,2014,-22.925,53.964090909090906,douglto01-2014
speigma01,13.483333333333333,3.9,201312210GSW-GSW,201312210GSW-LAL,GSW-2014,1,2014,52.584999999999994,53.964090909090906,speigma01-2014
bazemke01,11.016666666666667,0.3,201312210GSW-GSW,201312210GSW-LAL,GSW-2014,1,2014,3.305,53.964090909090906,bazemke01-2014
armsthi01,3,-1.5,201312210GSW-GSW,201312210GSW-LAL,GSW-2014,1,2014,-4.5,53.964090909090906,armsthi01-2014
plumlmi01,30.966666666666665,0.6,201312230PHO-PHO,201312230PHO-LAL,PHO-2014,1,2014,18.58,56.13972222222222,plumlmi01-2014
bledser01,30.666666666666668,4.8,201312230PHO-PHO,201312230PHO-LAL,PHO-2014,1,2014,147.2,56.13972222222222,bledser01-2014
dragigo01,29.383333333333333,3.2,201312230PHO-PHO,201312230PHO-LAL,PHO-2014,1,2014,94.02666666666667,56.13972222222222,dragigo01-2014
greenge01,27.7,8.6,201312230PHO-PHO,201312230PHO-LAL,PHO-2014,1,2014,238.21999999999997,56.13972222222222,greenge01-2014
fryech01,27.316666666666666,0,201312230PHO-PHO,201312230PHO-LAL,PHO-2014,1,2014,0,56.13972222222222,fryech01-2014
morrima03,25.05,9.2,201312230PHO-PHO,201312230PHO-LAL,PHO-2014,1,2014,230.45999999999998,56.13972222222222,morrima03-2014
tuckepj01,21.766666666666666,-4.6,201312230PHO-PHO,201312230PHO-LAL,PHO-2014,1,2014,-100.12666666666665,56.13972222222222,tuckepj01-2014
morrima02,19.216666666666665,3.2,201312230PHO-PHO,201312230PHO-LAL,PHO-2014,1,2014,61.49333333333333,56.13972222222222,morrima02-2014
goodwar01,16.6,-1.2,201312230PHO-PHO,201312230PHO-LAL,PHO-2014,1,2014,-19.92,56.13972222222222,goodwar01-2014
chrisdi01,5.066666666666666,1.6,201312230PHO-PHO,201312230PHO-LAL,PHO-2014,1,2014,8.106666666666667,56.13972222222222,chrisdi01-2014
smithis01,3.8166666666666664,-1.4,201312230PHO-PHO,201312230PHO-LAL,PHO-2014,1,2014,-5.343333333333333,56.13972222222222,smithis01-2014
kravtvi01,2.45,0.4,201312230PHO-PHO,201312230PHO-LAL,PHO-2014,1,2014,0.9800000000000001,56.13972222222222,kravtvi01-2014
meeksjo01,37.55,4.6,201312250LAL-LAL,201312250LAL-MIA,LAL-2014,0,2014,172.72999999999996,22.416296296296295,meeksjo01-2014
farmajo01,32.5,-10.1,201312250LAL-LAL,201312250LAL-MIA,LAL-2014,0,2014,-328.25,22.416296296296295,farmajo01-2014
youngni01,31.616666666666667,0.7,201312250LAL-LAL,201312250LAL-MIA,LAL-2014,0,2014,22.131666666666664,22.416296296296295,youngni01-2014
gasolpa01,28.666666666666668,5.2,201312250LAL-LAL,201312250LAL-MIA,LAL-2014,0,2014,149.0666666666667,22.416296296296295,gasolpa01-2014
johnswe01,26.65,0.8,201312250LAL-LAL,201312250LAL-MIA,LAL-2014,0,2014,21.32,22.416296296296295,johnswe01-2014
henryxa01,25.95,1.9,201312250LAL-LAL,201312250LAL-MIA,LAL-2014,0,2014,49.305,22.416296296296295,henryxa01-2014
hilljo01,24.266666666666666,5.2,201312250LAL-LAL,201312250LAL-MIA,LAL-2014,0,2014,126.18666666666667,22.416296296296295,hilljo01-2014
kellyry01,16.833333333333332,0.5,201312250LAL-LAL,201312250LAL-MIA,LAL-2014,0,2014,8.416666666666666,22.416296296296295,kellyry01-2014
willish03,15.966666666666667,-1.2,201312250LAL-LAL,201312250LAL-MIA,LAL-2014,0,2014,-19.16,22.416296296296295,willish03-2014
haywago01,37.9,9.6,201312270UTA-UTA,201312270UTA-LAL,UTA-2014,1,2014,363.84,40.352,haywago01-2014
willima02,35.766666666666666,1.5,201312270UTA-UTA,201312270UTA-LAL,UTA-2014,1,2014,53.65,40.352,willima02-2014
burketr01,34.55,-2.2,201312270UTA-UTA,201312270UTA-LAL,UTA-2014,1,2014,-76.01,40.352,burketr01-2014
favorde01,33.15,3.7,201312270UTA-UTA,201312270UTA-LAL,UTA-2014,1,2014,122.655,40.352,favorde01-2014
burksal01,30.666666666666668,1.4,201312270UTA-UTA,201312270UTA-LAL,UTA-2014,1,2014,42.93333333333333,40.352,burksal01-2014
jefferi01,23.5,1.1,201312270UTA-UTA,201312270UTA-LAL,UTA-2014,1,2014,25.85,40.352,jefferi01-2014
kanteen01,14.766666666666667,-3.1,201312270UTA-UTA,201312270UTA-LAL,UTA-2014,1,2014,-45.77666666666667,40.352,kanteen01-2014
lucasjo02,13.45,-5.4,201312270UTA-UTA,201312270UTA-LAL,UTA-2014,1,2014,-72.63,40.352,lucasjo02-2014
evansje01,12.233333333333333,-0.8,201312270UTA-UTA,201312270UTA-LAL,UTA-2014,1,2014,-9.786666666666667,40.352,evansje01-2014
rushbr01,4.016666666666667,-0.3,201312270UTA-UTA,201312270UTA-LAL,UTA-2014,1,2014,-1.2049999999999998,40.352,rushbr01-2014
youngni01,35.9,-3.3,201312290LAL-LAL,201312290LAL-PHI,LAL-2014,0,2014,-118.46999999999998,-2.638181818181818,youngni01-2014
willish03,35.516666666666666,2.8,201312290LAL-LAL,201312290LAL-PHI,LAL-2014,0,2014,99.44666666666666,-2.638181818181818,willish03-2014
meeksjo01,32.916666666666664,1.9,201312290LAL-LAL,201312290LAL-PHI,LAL-2014,0,2014,62.54166666666666,-2.638181818181818,meeksjo01-2014
farmajo01,30.366666666666667,-3.4,201312290LAL-LAL,201312290LAL-PHI,LAL-2014,0,2014,-103.24666666666667,-2.638181818181818,farmajo01-2014
hilljo01,26.783333333333335,1.7,201312290LAL-LAL,201312290LAL-PHI,LAL-2014,0,2014,45.531666666666666,-2.638181818181818,hilljo01-2014
johnswe01,18.766666666666666,-4.2,201312290LAL-LAL,201312290LAL-PHI,LAL-2014,0,2014,-78.82,-2.638181818181818,johnswe01-2014
kellyry01,17.566666666666666,1.4,201312290LAL-LAL,201312290LAL-PHI,LAL-2014,0,2014,24.59333333333333,-2.638181818181818,kellyry01-2014
marshke01,16.533333333333335,1.1,201312290LAL-LAL,201312290LAL-PHI,LAL-2014,0,2014,18.18666666666667,-2.638181818181818,marshke01-2014
sacrero01,11.466666666666667,2.5,201312290LAL-LAL,201312290LAL-PHI,LAL-2014,0,2014,28.666666666666668,-2.638181818181818,sacrero01-2014
kamanch01,9.75,0.6,201312290LAL-LAL,201312290LAL-PHI,LAL-2014,0,2014,5.85,-2.638181818181818,kamanch01-2014
henryxa01,4.433333333333334,-3,201312290LAL-LAL,201312290LAL-PHI,LAL-2014,0,2014,-13.3,-2.638181818181818,henryxa01-2014
meeksjo01,42.36666666666667,-8.2,201312310LAL-LAL,201312310LAL-MIL,LAL-2014,0,2014,-347.40666666666664,-20.33888888888889,meeksjo01-2014
youngni01,41.55,0.8,201312310LAL-LAL,201312310LAL-MIL,LAL-2014,0,2014,33.24,-20.33888888888889,youngni01-2014
willish03,36.4,2.8,201312310LAL-LAL,201312310LAL-MIL,LAL-2014,0,2014,101.91999999999999,-20.33888888888889,willish03-2014
gasolpa01,36.13333333333333,1.2,201312310LAL-LAL,201312310LAL-MIL,LAL-2014,0,2014,43.36,-20.33888888888889,gasolpa01-2014
marshke01,27.883333333333333,2.9,201312310LAL-LAL,201312310LAL-MIL,LAL-2014,0,2014,80.86166666666666,-20.33888888888889,marshke01-2014
farmajo01,20.116666666666667,-2.9,201312310LAL-LAL,201312310LAL-MIL,LAL-2014,0,2014,-58.33833333333333,-20.33888888888889,farmajo01-2014
kellyry01,19.083333333333332,0.2,201312310LAL-LAL,201312310LAL-MIL,LAL-2014,0,2014,3.8166666666666664,-20.33888888888889,kellyry01-2014
hilljo01,11.55,-2.4,201312310LAL-LAL,201312310LAL-MIL,LAL-2014,0,2014,-27.720000000000002,-20.33888888888889,hilljo01-2014
sacrero01,4.916666666666667,-2.6,201312310LAL-LAL,201312310LAL-MIL,LAL-2014,0,2014,-12.783333333333335,-20.33888888888889,sacrero01-2014
marshke01,40.6,9,201401030LAL-LAL,201401030LAL-UTA,LAL-2014,1,2014,365.40000000000003,53.02370370370371,marshke01-2014
gasolpa01,37.266666666666666,10.3,201401030LAL-LAL,201401030LAL-UTA,LAL-2014,1,2014,383.8466666666667,53.02370370370371,gasolpa01-2014
youngni01,35.333333333333336,-9.4,201401030LAL-LAL,201401030LAL-UTA,LAL-2014,1,2014,-332.1333333333334,53.02370370370371,youngni01-2014
meeksjo01,34.1,1.7,201401030LAL-LAL,201401030LAL-UTA,LAL-2014,1,2014,57.97,53.02370370370371,meeksjo01-2014
sacrero01,31.266666666666666,-5.1,201401030LAL-LAL,201401030LAL-UTA,LAL-2014,1,2014,-159.45999999999998,53.02370370370371,sacrero01-2014
johnswe01,21.3,6.7,201401030LAL-LAL,201401030LAL-UTA,LAL-2014,1,2014,142.71,53.02370370370371,johnswe01-2014
willish03,16.733333333333334,6.8,201401030LAL-LAL,201401030LAL-UTA,LAL-2014,1,2014,113.78666666666668,53.02370370370371,willish03-2014
kellyry01,12.666666666666666,-1.9,201401030LAL-LAL,201401030LAL-UTA,LAL-2014,1,2014,-24.066666666666663,53.02370370370371,kellyry01-2014
hilljo01,10.733333333333333,-6.6,201401030LAL-LAL,201401030LAL-UTA,LAL-2014,1,2014,-70.83999999999999,53.02370370370371,hilljo01-2014
marshke01,38.53333333333333,0.6,201401050LAL-LAL,201401050LAL-DEN,LAL-2014,0,2014,23.119999999999997,-9.076666666666668,marshke01-2014
gasolpa01,36.88333333333333,1.9,201401050LAL-LAL,201401050LAL-DEN,LAL-2014,0,2014,70.07833333333333,-9.076666666666668,gasolpa01-2014
youngni01,36.13333333333333,-2.8,201401050LAL-LAL,201401050LAL-DEN,LAL-2014,0,2014,-101.17333333333333,-9.076666666666668,youngni01-2014
meeksjo01,32.93333333333333,0.1,201401050LAL-LAL,201401050LAL-DEN,LAL-2014,0,2014,3.293333333333333,-9.076666666666668,meeksjo01-2014
sacrero01,26.866666666666667,3.5,201401050LAL-LAL,201401050LAL-DEN,LAL-2014,0,2014,94.03333333333333,-9.076666666666668,sacrero01-2014
johnswe01,26.383333333333333,-4,201401050LAL-LAL,201401050LAL-DEN,LAL-2014,0,2014,-105.53333333333333,-9.076666666666668,johnswe01-2014
kellyry01,18.85,-2,201401050LAL-LAL,201401050LAL-DEN,LAL-2014,0,2014,-37.7,-9.076666666666668,kellyry01-2014
hilljo01,12.033333333333333,1,201401050LAL-LAL,201401050LAL-DEN,LAL-2014,0,2014,12.033333333333333,-9.076666666666668,hilljo01-2014
willish03,11.383333333333333,-3.5,201401050LAL-LAL,201401050LAL-DEN,LAL-2014,0,2014,-39.84166666666667,-9.076666666666668,willish03-2014
ellismo01,37.3,0.7,201401070DAL-DAL,201401070DAL-LAL,DAL-2014,1,2014,26.109999999999996,55.46444444444444,ellismo01-2014
caldejo01,36.11666666666667,9.1,201401070DAL-DAL,201401070DAL-LAL,DAL-2014,1,2014,328.66166666666663,55.46444444444444,caldejo01-2014
nowitdi01,30.983333333333334,3.9,201401070DAL-DAL,201401070DAL-LAL,DAL-2014,1,2014,120.83500000000001,55.46444444444444,nowitdi01-2014
blairde01,27.283333333333335,0.5,201401070DAL-DAL,201401070DAL-LAL,DAL-2014,1,2014,13.641666666666667,55.46444444444444,blairde01-2014
cartevi01,25.5,5,201401070DAL-DAL,201401070DAL-LAL,DAL-2014,1,2014,127.5,55.46444444444444,cartevi01-2014
crowdja01,21.65,3.2,201401070DAL-DAL,201401070DAL-LAL,DAL-2014,1,2014,69.28,55.46444444444444,crowdja01-2014
wrighbr03,17.8,0.6,201401070DAL-DAL,201401070DAL-LAL,DAL-2014,1,2014,10.68,55.46444444444444,wrighbr03-2014
mariosh01,15.35,0.5,201401070DAL-DAL,201401070DAL-LAL,DAL-2014,1,2014,7.675,55.46444444444444,mariosh01-2014
dalemsa01,12.566666666666666,0.3,201401070DAL-DAL,201401070DAL-LAL,DAL-2014,1,2014,3.7699999999999996,55.46444444444444,dalemsa01-2014
mekelga01,7.15,-2.6,201401070DAL-DAL,201401070DAL-LAL,DAL-2014,1,2014,-18.59,55.46444444444444,mekelga01-2014
ellinwa01,6.766666666666667,-3.5,201401070DAL-DAL,201401070DAL-LAL,DAL-2014,1,2014,-23.683333333333334,55.46444444444444,ellinwa01-2014
larkish01,1.5333333333333332,-0.2,201401070DAL-DAL,201401070DAL-LAL,DAL-2014,1,2014,-0.30666666666666664,55.46444444444444,larkish01-2014
linje01,39.35,-4.4,201401080HOU-HOU,201401080HOU-LAL,HOU-2014,1,2014,-173.14000000000001,65.09933333333333,linje01-2014
hardeja01,38.333333333333336,17.5,201401080HOU-HOU,201401080HOU-LAL,HOU-2014,1,2014,670.8333333333334,65.09933333333333,hardeja01-2014
howardw01,38.1,3.5,201401080HOU-HOU,201401080HOU-LAL,HOU-2014,1,2014,133.35,65.09933333333333,howardw01-2014
joneste01,30.866666666666667,0.5,201401080HOU-HOU,201401080HOU-LAL,HOU-2014,1,2014,15.433333333333334,65.09933333333333,joneste01-2014
brewero02,23.316666666666666,-2.8,201401080HOU-HOU,201401080HOU-LAL,HOU-2014,1,2014,-65.28666666666666,65.09933333333333,brewero02-2014
garcifr01,21.883333333333333,-0.7,201401080HOU-HOU,201401080HOU-LAL,HOU-2014,1,2014,-15.318333333333332,65.09933333333333,garcifr01-2014
casspom01,21.183333333333334,2.7,201401080HOU-HOU,201401080HOU-LAL,HOU-2014,1,2014,57.19500000000001,65.09933333333333,casspom01-2014
brookaa01,15.05,1.6,201401080HOU-HOU,201401080HOU-LAL,HOU-2014,1,2014,24.080000000000002,65.09933333333333,brookaa01-2014
motiedo01,10.383333333333333,0.4,201401080HOU-HOU,201401080HOU-LAL,HOU-2014,1,2014,4.153333333333333,65.09933333333333,motiedo01-2014
canaais01,1.5333333333333332,-0.2,201401080HOU-HOU,201401080HOU-LAL,HOU-2014,1,2014,-0.30666666666666664,65.09933333333333,canaais01-2014
collida01,31.166666666666668,10.1,201401100LAC-LAC,201401100LAC-LAL,LAC-2014,1,2014,314.78333333333336,75.23384615384616,collida01-2014
jordade01,30.966666666666665,7.2,201401100LAC-LAC,201401100LAC-LAL,LAC-2014,1,2014,222.95999999999998,75.23384615384616,jordade01-2014
griffbl01,29.8,15.4,201401100LAC-LAC,201401100LAC-LAL,LAC-2014,1,2014,458.92,75.23384615384616,griffbl01-2014
crawfja01,24.55,-0.8,201401100LAC-LAC,201401100LAC-LAL,LAC-2014,1,2014,-19.64,75.23384615384616,crawfja01-2014
dudleja01,23.85,0.5,201401100LAC-LAC,201401100LAC-LAL,LAC-2014,1,2014,11.925,75.23384615384616,dudleja01-2014
redicjj01,22.916666666666668,2.3,201401100LAC-LAC,201401100LAC-LAL,LAC-2014,1,2014,52.70833333333333,75.23384615384616,redicjj01-2014
barnema02,19.95,-2.1,201401100LAC-LAC,201401100LAC-LAL,LAC-2014,1,2014,-41.895,75.23384615384616,barnema02-2014
holliry01,16.566666666666666,0.7,201401100LAC-LAC,201401100LAC-LAL,LAC-2014,1,2014,11.596666666666666,75.23384615384616,holliry01-2014
morrida01,12.383333333333333,-1.3,201401100LAC-LAC,201401100LAC-LAL,LAC-2014,1,2014,-16.098333333333333,75.23384615384616,morrida01-2014
greenwi01,8.966666666666667,1.8,201401100LAC-LAC,201401100LAC-LAL,LAC-2014,1,2014,16.14,75.23384615384616,greenwi01-2014
jamisan01,6.766666666666667,-3.4,201401100LAC-LAC,201401100LAC-LAL,LAC-2014,1,2014,-23.006666666666664,75.23384615384616,jamisan01-2014
mulleby01,6.066666666666666,-4.1,201401100LAC-LAC,201401100LAC-LAL,LAC-2014,1,2014,-24.87333333333333,75.23384615384616,mulleby01-2014
waynsma01,6.05,2.4,201401100LAC-LAC,201401100LAC-LAL,LAC-2014,1,2014,14.52,75.23384615384616,waynsma01-2014
meeksjo01,41.333333333333336,7,201401140LAL-LAL,201401140LAL-CLE,LAL-2014,0,2014,289.33333333333337,50.75574074074074,meeksjo01-2014
johnswe01,37.63333333333333,2.8,201401140LAL-LAL,201401140LAL-CLE,LAL-2014,0,2014,105.37333333333332,50.75574074074074,johnswe01-2014
marshke01,37.6,0,201401140LAL-LAL,201401140LAL-CLE,LAL-2014,0,2014,0,50.75574074074074,marshke01-2014
gasolpa01,36.28333333333333,0.7,201401140LAL-LAL,201401140LAL-CLE,LAL-2014,0,2014,25.39833333333333,50.75574074074074,gasolpa01-2014
youngni01,32.53333333333333,5.2,201401140LAL-LAL,201401140LAL-CLE,LAL-2014,0,2014,169.17333333333332,50.75574074074074,youngni01-2014
hilljo01,20.283333333333335,-1.8,201401140LAL-LAL,201401140LAL-CLE,LAL-2014,0,2014,-36.510000000000005,50.75574074074074,hilljo01-2014
kellyry01,12.016666666666667,-5.4,201401140LAL-LAL,201401140LAL-CLE,LAL-2014,0,2014,-64.89000000000001,50.75574074074074,kellyry01-2014
kamanch01,11.716666666666667,-2.2,201401140LAL-LAL,201401140LAL-CLE,LAL-2014,0,2014,-25.776666666666667,50.75574074074074,kamanch01-2014
sacrero01,10.6,-0.5,201401140LAL-LAL,201401140LAL-CLE,LAL-2014,0,2014,-5.3,50.75574074074074,sacrero01-2014
dragigo01,39.18333333333333,-1.4,201401150PHO-PHO,201401150PHO-LAL,PHO-2014,1,2014,-54.85666666666666,46.20633333333334,dragigo01-2014
fryech01,33.916666666666664,-1.8,201401150PHO-PHO,201401150PHO-LAL,PHO-2014,1,2014,-61.05,46.20633333333334,fryech01-2014
greenge01,32.78333333333333,9.8,201401150PHO-PHO,201401150PHO-LAL,PHO-2014,1,2014,321.2766666666667,46.20633333333334,greenge01-2014
tuckepj01,31.866666666666667,4.7,201401150PHO-PHO,201401150PHO-LAL,PHO-2014,1,2014,149.77333333333334,46.20633333333334,tuckepj01-2014
morrima02,29.016666666666666,8.3,201401150PHO-PHO,201401150PHO-LAL,PHO-2014,1,2014,240.83833333333334,46.20633333333334,morrima02-2014
plumlmi01,26.616666666666667,-4.3,201401150PHO-PHO,201401150PHO-LAL,PHO-2014,1,2014,-114.45166666666667,46.20633333333334,plumlmi01-2014
morrima03,18.083333333333332,0.2,201401150PHO-PHO,201401150PHO-LAL,PHO-2014,1,2014,3.6166666666666667,46.20633333333334,morrima03-2014
smithis01,16.3,-1,201401150PHO-PHO,201401150PHO-LAL,PHO-2014,1,2014,-16.3,46.20633333333334,smithis01-2014
goodwar01,7.783333333333333,-0.7,201401150PHO-PHO,201401150PHO-LAL,PHO-2014,1,2014,-5.448333333333333,46.20633333333334,goodwar01-2014
lenal01,4.45,-0.3,201401150PHO-PHO,201401150PHO-LAL,PHO-2014,1,2014,-1.335,46.20633333333334,lenal01-2014
greenje02,35.05,-1.8,201401170BOS-BOS,201401170BOS-LAL,BOS-2014,0,2014,-63.089999999999996,15.592000000000004,greenje02-2014
olynyke01,32.81666666666667,10,201401170BOS-BOS,201401170BOS-LAL,BOS-2014,0,2014,328.1666666666667,15.592000000000004,olynyke01-2014
bradlav01,28.933333333333334,-8,201401170BOS-BOS,201401170BOS-LAL,BOS-2014,0,2014,-231.46666666666667,15.592000000000004,bradlav01-2014
sullija01,28.6,-1.6,201401170BOS-BOS,201401170BOS-LAL,BOS-2014,0,2014,-45.760000000000005,15.592000000000004,sullija01-2014
wallage01,24.75,8.4,201401170BOS-BOS,201401170BOS-LAL,BOS-2014,0,2014,207.9,15.592000000000004,wallage01-2014
pressph01,22.233333333333334,3.6,201401170BOS-BOS,201401170BOS-LAL,BOS-2014,0,2014,80.04,15.592000000000004,pressph01-2014
rondora01,19.416666666666668,0.5,201401170BOS-BOS,201401170BOS-LAL,BOS-2014,0,2014,9.708333333333334,15.592000000000004,rondora01-2014
bassbr01,19.216666666666665,0.2,201401170BOS-BOS,201401170BOS-LAL,BOS-2014,0,2014,3.8433333333333333,15.592000000000004,bassbr01-2014
bayleje01,17.766666666666666,-5.3,201401170BOS-BOS,201401170BOS-LAL,BOS-2014,0,2014,-94.16333333333333,15.592000000000004,bayleje01-2014
humphkr01,11.216666666666667,-3.5,201401170BOS-BOS,201401170BOS-LAL,BOS-2014,0,2014,-39.25833333333333,15.592000000000004,humphkr01-2014
derozde01,41.53333333333333,-2.2,201401190TOR-TOR,201401190TOR-LAL,TOR-2014,0,2014,-91.37333333333333,19.729814814814816,derozde01-2014
lowryky01,35.016666666666666,6,201401190TOR-TOR,201401190TOR-LAL,TOR-2014,0,2014,210.1,19.729814814814816,lowryky01-2014
rosste01,33.483333333333334,-2.7,201401190TOR-TOR,201401190TOR-LAL,TOR-2014,0,2014,-90.40500000000002,19.729814814814816,rosste01-2014
johnsam01,29.483333333333334,-2.9,201401190TOR-TOR,201401190TOR-LAL,TOR-2014,0,2014,-85.50166666666667,19.729814814814816,johnsam01-2014
pattepa01,29.2,3.6,201401190TOR-TOR,201401190TOR-LAL,TOR-2014,0,2014,105.12,19.729814814814816,pattepa01-2014
hayesch01,23.233333333333334,1.9,201401190TOR-TOR,201401190TOR-LAL,TOR-2014,0,2014,44.14333333333333,19.729814814814816,hayesch01-2014
vasqugr01,20.983333333333334,6.4,201401190TOR-TOR,201401190TOR-LAL,TOR-2014,0,2014,134.29333333333335,19.729814814814816,vasqugr01-2014
valanjo01,14.083333333333334,-0.7,201401190TOR-TOR,201401190TOR-LAL,TOR-2014,0,2014,-9.858333333333333,19.729814814814816,valanjo01-2014
stoneju01,12.983333333333333,-3,201401190TOR-TOR,201401190TOR-LAL,TOR-2014,0,2014,-38.949999999999996,19.729814814814816,stoneju01-2014
butleji01,49.68333333333333,0.4,201401200CHI-CHI,201401200CHI-LAL,CHI-2014,1,2014,19.873333333333335,52.69037037037037,butleji01-2014
noahjo01,41.53333333333333,2.4,201401200CHI-CHI,201401200CHI-LAL,CHI-2014,1,2014,99.67999999999999,52.69037037037037,noahjo01-2014
augusdj01,37.05,9.2,201401200CHI-CHI,201401200CHI-LAL,CHI-2014,1,2014,340.85999999999996,52.69037037037037,augusdj01-2014
gibsota01,32,-0.4,201401200CHI-CHI,201401200CHI-LAL,CHI-2014,1,2014,-12.8,52.69037037037037,gibsota01-2014
dunlemi02,29.633333333333333,4.6,201401200CHI-CHI,201401200CHI-LAL,CHI-2014,1,2014,136.31333333333333,52.69037037037037,dunlemi02-2014
boozeca01,28.016666666666666,-1.4,201401200CHI-CHI,201401200CHI-LAL,CHI-2014,1,2014,-39.22333333333333,52.69037037037037,boozeca01-2014
snellto01,23.366666666666667,-0.6,201401200CHI-CHI,201401200CHI-LAL,CHI-2014,1,2014,-14.02,52.69037037037037,snellto01-2014
hinriki01,19.266666666666666,-2.7,201401200CHI-CHI,201401200CHI-LAL,CHI-2014,1,2014,-52.02,52.69037037037037,hinriki01-2014
mohamna01,4.45,-1,201401200CHI-CHI,201401200CHI-LAL,CHI-2014,1,2014,-4.45,52.69037037037037,mohamna01-2014
jamesle01,37.3,6.2,201401230MIA-MIA,201401230MIA-LAL,MIA-2014,1,2014,231.26,50.70954545454545,jamesle01-2014
boshch01,33.6,6.8,201401230MIA-MIA,201401230MIA-LAL,MIA-2014,1,2014,228.48,50.70954545454545,boshch01-2014
chalmma01,33.43333333333333,1.4,201401230MIA-MIA,201401230MIA-LAL,MIA-2014,1,2014,46.80666666666666,50.70954545454545,chalmma01-2014
allenra02,28.4,0,201401230MIA-MIA,201401230MIA-LAL,MIA-2014,1,2014,0,50.70954545454545,allenra02-2014
coleno01,27.75,1.3,201401230MIA-MIA,201401230MIA-LAL,MIA-2014,1,2014,36.075,50.70954545454545,coleno01-2014
beaslmi01,20.266666666666666,-1.1,201401230MIA-MIA,201401230MIA-LAL,MIA-2014,1,2014,-22.293333333333333,50.70954545454545,beaslmi01-2014
battish01,18.816666666666666,5.5,201401230MIA-MIA,201401230MIA-LAL,MIA-2014,1,2014,103.49166666666666,50.70954545454545,battish01-2014
anderch01,12.883333333333333,-1.2,201401230MIA-MIA,201401230MIA-LAL,MIA-2014,1,2014,-15.459999999999999,50.70954545454545,anderch01-2014
lewisra02,10.7,-2.7,201401230MIA-MIA,201401230MIA-LAL,MIA-2014,1,2014,-28.89,50.70954545454545,lewisra02-2014
odengr01,10.433333333333334,-1.4,201401230MIA-MIA,201401230MIA-LAL,MIA-2014,1,2014,-14.606666666666666,50.70954545454545,odengr01-2014
masonro01,6.416666666666667,-1.1,201401230MIA-MIA,201401230MIA-LAL,MIA-2014,1,2014,-7.0583333333333345,50.70954545454545,masonro01-2014
harrito02,42.71666666666667,4.7,201401240ORL-ORL,201401240ORL-LAL,ORL-2014,1,2014,200.76833333333335,42.524166666666666,harrito02-2014
oladivi01,38.6,-0.2,201401240ORL-ORL,201401240ORL-LAL,ORL-2014,1,2014,-7.720000000000001,42.524166666666666,oladivi01-2014
afflaar01,33.483333333333334,6.1,201401240ORL-ORL,201401240ORL-LAL,ORL-2014,1,2014,204.24833333333333,42.524166666666666,afflaar01-2014
nelsoja01,31.316666666666666,7.7,201401240ORL-ORL,201401240ORL-LAL,ORL-2014,1,2014,241.13833333333335,42.524166666666666,nelsoja01-2014
oquinky01,26.05,-4.5,201401240ORL-ORL,201401240ORL-LAL,ORL-2014,1,2014,-117.22500000000001,42.524166666666666,oquinky01-2014
davisgl01,23.766666666666666,-6.1,201401240ORL-ORL,201401240ORL-LAL,ORL-2014,1,2014,-144.97666666666666,42.524166666666666,davisgl01-2014
harklma01,18.916666666666668,3.3,201401240ORL-ORL,201401240ORL-LAL,ORL-2014,1,2014,62.425,42.524166666666666,harklma01-2014
lambdo01,14.516666666666667,-0.8,201401240ORL-ORL,201401240ORL-LAL,ORL-2014,1,2014,-11.613333333333335,42.524166666666666,lambdo01-2014
mooreet01,7.166666666666667,-0.3,201401240ORL-ORL,201401240ORL-LAL,ORL-2014,1,2014,-2.15,42.524166666666666,mooreet01-2014
nichoan01,3.466666666666667,0.1,201401240ORL-ORL,201401240ORL-LAL,ORL-2014,1,2014,0.3466666666666667,42.524166666666666,nichoan01-2014
anthoca01,40.21666666666667,5.2,201401260NYK-NYK,201401260NYK-LAL,NYK-2014,1,2014,209.1266666666667,62.622037037037046,anthoca01-2014
smithjr01,38.21666666666667,1.4,201401260NYK-NYK,201401260NYK-LAL,NYK-2014,1,2014,53.50333333333333,62.622037037037046,smithjr01-2014
feltora01,35.95,10.4,201401260NYK-NYK,201401260NYK-LAL,NYK-2014,1,2014,373.88000000000005,62.622037037037046,feltora01-2014
chandty01,30.316666666666666,-0.1,201401260NYK-NYK,201401260NYK-LAL,NYK-2014,1,2014,-3.0316666666666667,62.622037037037046,chandty01-2014
shumpim01,26.6,-4.1,201401260NYK-NYK,201401260NYK-LAL,NYK-2014,1,2014,-109.06,62.622037037037046,shumpim01-2014
hardati02,25.6,6,201401260NYK-NYK,201401260NYK-LAL,NYK-2014,1,2014,153.60000000000002,62.622037037037046,hardati02-2014
prigipa01,21.833333333333332,-5.6,201401260NYK-NYK,201401260NYK-LAL,NYK-2014,1,2014,-122.26666666666665,62.622037037037046,prigipa01-2014
aldrico01,12.466666666666667,3.1,201401260NYK-NYK,201401260NYK-LAL,NYK-2014,1,2014,38.64666666666667,62.622037037037046,aldrico01-2014
tylerje01,8.8,-3.5,201401260NYK-NYK,201401260NYK-LAL,NYK-2014,1,2014,-30.800000000000004,62.622037037037046,tylerje01-2014
marshke01,39.31666666666667,2,201401280LAL-LAL,201401280LAL-IND,LAL-2014,0,2014,78.63333333333334,22.753148148148146,marshke01-2014
gasolpa01,35.8,2.9,201401280LAL-LAL,201401280LAL-IND,LAL-2014,0,2014,103.82,22.753148148148146,gasolpa01-2014
meeksjo01,32.666666666666664,4.1,201401280LAL-LAL,201401280LAL-IND,LAL-2014,0,2014,133.9333333333333,22.753148148148146,meeksjo01-2014
johnswe01,30.5,0.6,201401280LAL-LAL,201401280LAL-IND,LAL-2014,0,2014,18.3,22.753148148148146,johnswe01-2014
hilljo01,28.783333333333335,-0.7,201401280LAL-LAL,201401280LAL-IND,LAL-2014,0,2014,-20.148333333333333,22.753148148148146,hilljo01-2014
youngni01,24.016666666666666,-2.8,201401280LAL-LAL,201401280LAL-IND,LAL-2014,0,2014,-67.24666666666666,22.753148148148146,youngni01-2014
kellyry01,19.216666666666665,4,201401280LAL-LAL,201401280LAL-IND,LAL-2014,0,2014,76.86666666666666,22.753148148148146,kellyry01-2014
harrima01,17.5,-4.8,201401280LAL-LAL,201401280LAL-IND,LAL-2014,0,2014,-84,22.753148148148146,harrima01-2014
sacrero01,12.2,-2.9,201401280LAL-LAL,201401280LAL-IND,LAL-2014,0,2014,-35.379999999999995,22.753148148148146,sacrero01-2014
meeksjo01,37.166666666666664,2.5,201401310LAL-LAL,201401310LAL-CHA,LAL-2014,0,2014,92.91666666666666,23.708333333333332,meeksjo01-2014
youngni01,35.833333333333336,-0.5,201401310LAL-LAL,201401310LAL-CHA,LAL-2014,0,2014,-17.916666666666668,23.708333333333332,youngni01-2014
marshke01,35.43333333333333,-0.2,201401310LAL-LAL,201401310LAL-CHA,LAL-2014,0,2014,-7.086666666666666,23.708333333333332,marshke01-2014
kellyry01,33.35,3.6,201401310LAL-LAL,201401310LAL-CHA,LAL-2014,0,2014,120.06,23.708333333333332,kellyry01-2014
gasolpa01,33.166666666666664,4.7,201401310LAL-LAL,201401310LAL-CHA,LAL-2014,0,2014,155.88333333333333,23.708333333333332,gasolpa01-2014
johnswe01,20.133333333333333,-2,201401310LAL-LAL,201401310LAL-CHA,LAL-2014,0,2014,-40.266666666666666,23.708333333333332,johnswe01-2014
harrima01,17.783333333333335,-2.4,201401310LAL-LAL,201401310LAL-CHA,LAL-2014,0,2014,-42.68,23.708333333333332,harrima01-2014
sacrero01,14.816666666666666,0.2,201401310LAL-LAL,201401310LAL-CHA,LAL-2014,0,2014,2.9633333333333334,23.708333333333332,sacrero01-2014
hilljo01,12.316666666666666,-4.1,201401310LAL-LAL,201401310LAL-CHA,LAL-2014,0,2014,-50.49833333333333,23.708333333333332,hilljo01-2014
martike02,41.11666666666667,5.8,201402040MIN-MIN,201402040MIN-LAL,MIN-2014,1,2014,238.47666666666666,43.358636363636364,martike02-2014
loveke01,40.63333333333333,6.8,201402040MIN-MIN,201402040MIN-LAL,MIN-2014,1,2014,276.3066666666667,43.358636363636364,loveke01-2014
rubiori01,31.016666666666666,1.3,201402040MIN-MIN,201402040MIN-LAL,MIN-2014,1,2014,40.321666666666665,43.358636363636364,rubiori01-2014
breweco01,30.666666666666668,-0.5,201402040MIN-MIN,201402040MIN-LAL,MIN-2014,1,2014,-15.333333333333334,43.358636363636364,breweco01-2014
cunnida01,24.383333333333333,-2.5,201402040MIN-MIN,201402040MIN-LAL,MIN-2014,1,2014,-60.95833333333333,43.358636363636364,cunnida01-2014
turiaro01,21.816666666666666,-1.3,201402040MIN-MIN,201402040MIN-LAL,MIN-2014,1,2014,-28.361666666666668,43.358636363636364,turiaro01-2014
mbahalu01,17.883333333333333,-1.6,201402040MIN-MIN,201402040MIN-LAL,MIN-2014,1,2014,-28.613333333333333,43.358636363636364,mbahalu01-2014
bareajo01,16.983333333333334,1,201402040MIN-MIN,201402040MIN-LAL,MIN-2014,1,2014,16.983333333333334,43.358636363636364,bareajo01-2014
dienggo01,8.133333333333333,3.7,201402040MIN-MIN,201402040MIN-LAL,MIN-2014,1,2014,30.093333333333334,43.358636363636364,dienggo01-2014
budinch01,7.3,1.1,201402040MIN-MIN,201402040MIN-LAL,MIN-2014,1,2014,8.030000000000001,43.358636363636364,budinch01-2014
priceaj01,0.06666666666666667,0,201402040MIN-MIN,201402040MIN-LAL,MIN-2014,1,2014,0,43.358636363636364,priceaj01-2014
varejan01,34.53333333333333,2.9,201402050CLE-CLE,201402050CLE-LAL,CLE-2014,0,2014,100.14666666666666,9.58560606060606,varejan01-2014
milescj01,29.383333333333333,8.9,201402050CLE-CLE,201402050CLE-LAL,CLE-2014,0,2014,261.51166666666666,9.58560606060606,milescj01-2014
irvinky01,27.616666666666667,3.1,201402050CLE-CLE,201402050CLE-LAL,CLE-2014,0,2014,85.61166666666666,9.58560606060606,irvinky01-2014
waitedi01,24.35,-6.7,201402050CLE-CLE,201402050CLE-LAL,CLE-2014,0,2014,-163.145,9.58560606060606,waitedi01-2014
denglu01,24.316666666666666,-7.4,201402050CLE-CLE,201402050CLE-LAL,CLE-2014,0,2014,-179.94333333333333,9.58560606060606,denglu01-2014
dellama01,23.15,0.8,201402050CLE-CLE,201402050CLE-LAL,CLE-2014,0,2014,18.52,9.58560606060606,dellama01-2014
bennean01,22.333333333333332,1,201402050CLE-CLE,201402050CLE-LAL,CLE-2014,0,2014,22.333333333333332,9.58560606060606,bennean01-2014
thomptr01,20.45,0.7,201402050CLE-CLE,201402050CLE-LAL,CLE-2014,0,2014,14.314999999999998,9.58560606060606,thomptr01-2014
jackja01,17.45,-0.6,201402050CLE-CLE,201402050CLE-LAL,CLE-2014,0,2014,-10.469999999999999,9.58560606060606,jackja01-2014
clarkea01,11.066666666666666,-3.2,201402050CLE-CLE,201402050CLE-LAL,CLE-2014,0,2014,-35.413333333333334,9.58560606060606,clarkea01-2014
zellety01,5.35,-1.5,201402050CLE-CLE,201402050CLE-LAL,CLE-2014,0,2014,-8.024999999999999,9.58560606060606,zellety01-2014
youngth01,34.05,-7.6,201402070PHI-PHI,201402070PHI-LAL,PHI-2014,0,2014,-258.78,-25.279166666666665,youngth01-2014
hawessp01,33.5,1.1,201402070PHI-PHI,201402070PHI-LAL,PHI-2014,0,2014,36.85,-25.279166666666665,hawessp01-2014
turneev01,31.75,-0.1,201402070PHI-PHI,201402070PHI-LAL,PHI-2014,0,2014,-3.1750000000000003,-25.279166666666665,turneev01-2014
cartemi01,30.066666666666666,-2.8,201402070PHI-PHI,201402070PHI-LAL,PHI-2014,0,2014,-84.18666666666667,-25.279166666666665,cartemi01-2014
allenla01,28.266666666666666,0.2,201402070PHI-PHI,201402070PHI-LAL,PHI-2014,0,2014,5.653333333333333,-25.279166666666665,allenla01-2014
anderja01,26.566666666666666,3.5,201402070PHI-PHI,201402070PHI-LAL,PHI-2014,0,2014,92.98333333333333,-25.279166666666665,anderja01-2014
thompho01,21.433333333333334,-2.4,201402070PHI-PHI,201402070PHI-LAL,PHI-2014,0,2014,-51.44,-25.279166666666665,thompho01-2014
wroteto01,17.933333333333334,0.7,201402070PHI-PHI,201402070PHI-LAL,PHI-2014,0,2014,12.553333333333333,-25.279166666666665,wroteto01-2014
williel01,16.25,-0.2,201402070PHI-PHI,201402070PHI-LAL,PHI-2014,0,2014,-3.25,-25.279166666666665,williel01-2014
brownlo01,0.18333333333333332,0,201402070PHI-PHI,201402070PHI-LAL,PHI-2014,0,2014,0,-25.279166666666665,brownlo01-2014
blakest01,40.3,-5.4,201402090LAL-LAL,201402090LAL-CHI,LAL-2014,0,2014,-217.62,19.17407407407407,blakest01-2014
marshke01,36.983333333333334,5.6,201402090LAL-LAL,201402090LAL-CHI,LAL-2014,0,2014,207.10666666666665,19.17407407407407,marshke01-2014
johnswe01,29.7,0.5,201402090LAL-LAL,201402090LAL-CHI,LAL-2014,0,2014,14.85,19.17407407407407,johnswe01-2014
kamanch01,27.666666666666668,7,201402090LAL-LAL,201402090LAL-CHI,LAL-2014,0,2014,193.66666666666669,19.17407407407407,kamanch01-2014
hilljo01,26.4,5.6,201402090LAL-LAL,201402090LAL-CHI,LAL-2014,0,2014,147.83999999999997,19.17407407407407,hilljo01-2014
willish03,21.516666666666666,1,201402090LAL-LAL,201402090LAL-CHI,LAL-2014,0,2014,21.516666666666666,19.17407407407407,willish03-2014
nashst01,21.233333333333334,-1.6,201402090LAL-LAL,201402090LAL-CHI,LAL-2014,0,2014,-33.973333333333336,19.17407407407407,nashst01-2014
sacrero01,20.333333333333332,-5.1,201402090LAL-LAL,201402090LAL-CHI,LAL-2014,0,2014,-103.69999999999999,19.17407407407407,sacrero01-2014
kellyry01,15.866666666666667,-3.6,201402090LAL-LAL,201402090LAL-CHI,LAL-2014,0,2014,-57.120000000000005,19.17407407407407,kellyry01-2014
johnswe01,37.35,-3.9,201402110LAL-LAL,201402110LAL-UTA,LAL-2014,0,2014,-145.665,-18.544999999999998,johnswe01-2014
kamanch01,36.733333333333334,7,201402110LAL-LAL,201402110LAL-UTA,LAL-2014,0,2014,257.1333333333333,-18.544999999999998,kamanch01-2014
blakest01,36.416666666666664,-2,201402110LAL-LAL,201402110LAL-UTA,LAL-2014,0,2014,-72.83333333333333,-18.544999999999998,blakest01-2014
willish03,36.21666666666667,0.8,201402110LAL-LAL,201402110LAL-UTA,LAL-2014,0,2014,28.973333333333336,-18.544999999999998,willish03-2014
marshke01,31.983333333333334,-3.8,201402110LAL-LAL,201402110LAL-UTA,LAL-2014,0,2014,-121.53666666666666,-18.544999999999998,marshke01-2014
kellyry01,17.9,-0.7,201402110LAL-LAL,201402110LAL-UTA,LAL-2014,0,2014,-12.529999999999998,-18.544999999999998,kellyry01-2014
hilljo01,17.383333333333333,-2.4,201402110LAL-LAL,201402110LAL-UTA,LAL-2014,0,2014,-41.72,-18.544999999999998,hilljo01-2014
nashst01,16.583333333333332,-3.2,201402110LAL-LAL,201402110LAL-UTA,LAL-2014,0,2014,-53.06666666666666,-18.544999999999998,nashst01-2014
sacrero01,9.433333333333334,-0.6,201402110LAL-LAL,201402110LAL-UTA,LAL-2014,0,2014,-5.66,-18.544999999999998,sacrero01-2014
marshke01,43.86666666666667,5.1,201402130LAL-LAL,201402130LAL-OKC,LAL-2014,0,2014,223.72,42.256458333333335,marshke01-2014
johnswe01,41.983333333333334,-1.6,201402130LAL-LAL,201402130LAL-OKC,LAL-2014,0,2014,-67.17333333333333,42.256458333333335,johnswe01-2014
blakest01,37.56666666666667,-0.9,201402130LAL-LAL,201402130LAL-OKC,LAL-2014,0,2014,-33.81,42.256458333333335,blakest01-2014
willish03,35.1,1.4,201402130LAL-LAL,201402130LAL-OKC,LAL-2014,0,2014,49.14,42.256458333333335,willish03-2014
kamanch01,35.05,6.5,201402130LAL-LAL,201402130LAL-OKC,LAL-2014,0,2014,227.825,42.256458333333335,kamanch01-2014
hilljo01,18.916666666666668,-2.4,201402130LAL-LAL,201402130LAL-OKC,LAL-2014,0,2014,-45.4,42.256458333333335,hilljo01-2014
kellyry01,16.25,-1,201402130LAL-LAL,201402130LAL-OKC,LAL-2014,0,2014,-16.25,42.256458333333335,kellyry01-2014
sacrero01,11.266666666666667,0,201402130LAL-LAL,201402130LAL-OKC,LAL-2014,0,2014,0,42.256458333333335,sacrero01-2014
marshke01,42.71666666666667,6.2,201402190LAL-LAL,201402190LAL-HOU,LAL-2014,0,2014,264.84333333333336,4.994583333333337,marshke01-2014
johnswe01,42.3,4.3,201402190LAL-LAL,201402190LAL-HOU,LAL-2014,0,2014,181.89,4.994583333333337,johnswe01-2014
meeksjo01,34.11666666666667,-3.1,201402190LAL-LAL,201402190LAL-HOU,LAL-2014,0,2014,-105.76166666666667,4.994583333333337,meeksjo01-2014
kellyry01,29.316666666666666,-3.5,201402190LAL-LAL,201402190LAL-HOU,LAL-2014,0,2014,-102.60833333333333,4.994583333333337,kellyry01-2014
hilljo01,25.666666666666668,0,201402190LAL-LAL,201402190LAL-HOU,LAL-2014,0,2014,0,4.994583333333337,hilljo01-2014
sacrero01,24.15,-1.7,201402190LAL-LAL,201402190LAL-HOU,LAL-2014,0,2014,-41.055,4.994583333333337,sacrero01-2014
kamanch01,22.083333333333332,-4.1,201402190LAL-LAL,201402190LAL-HOU,LAL-2014,0,2014,-90.54166666666666,4.994583333333337,kamanch01-2014
farmajo01,19.65,-3.4,201402190LAL-LAL,201402190LAL-HOU,LAL-2014,0,2014,-66.80999999999999,4.994583333333337,farmajo01-2014
bazemke01,33.31666666666667,5.2,201402210LAL-LAL,201402210LAL-BOS,LAL-2014,1,2014,173.2466666666667,33.12383333333334,bazemke01-2014
hilljo01,27.416666666666668,0.9,201402210LAL-LAL,201402210LAL-BOS,LAL-2014,1,2014,24.675,33.12383333333334,hilljo01-2014
kamanch01,25.883333333333333,5.4,201402210LAL-LAL,201402210LAL-BOS,LAL-2014,1,2014,139.77,33.12383333333334,kamanch01-2014
marshke01,25.45,-0.6,201402210LAL-LAL,201402210LAL-BOS,LAL-2014,1,2014,-15.27,33.12383333333334,marshke01-2014
farmajo01,25.216666666666665,-1.8,201402210LAL-LAL,201402210LAL-BOS,LAL-2014,1,2014,-45.39,33.12383333333334,farmajo01-2014
brookma01,23.233333333333334,1.5,201402210LAL-LAL,201402210LAL-BOS,LAL-2014,1,2014,34.85,33.12383333333334,brookma01-2014
johnswe01,22.966666666666665,-3.5,201402210LAL-LAL,201402210LAL-BOS,LAL-2014,1,2014,-80.38333333333333,33.12383333333334,johnswe01-2014
gasolpa01,22.116666666666667,4.8,201402210LAL-LAL,201402210LAL-BOS,LAL-2014,1,2014,106.16,33.12383333333334,gasolpa01-2014
meeksjo01,22.1,0.6,201402210LAL-LAL,201402210LAL-BOS,LAL-2014,1,2014,13.26,33.12383333333334,meeksjo01-2014
kellyry01,12.3,-1.6,201402210LAL-LAL,201402210LAL-BOS,LAL-2014,1,2014,-19.680000000000003,33.12383333333334,kellyry01-2014
hilljo01,29.566666666666666,2.2,201402230LAL-LAL,201402230LAL-BRK,LAL-2014,0,2014,65.04666666666667,14.9585,hilljo01-2014
bazemke01,29.35,-2.9,201402230LAL-LAL,201402230LAL-BRK,LAL-2014,0,2014,-85.115,14.9585,bazemke01-2014
gasolpa01,29.216666666666665,3.5,201402230LAL-LAL,201402230LAL-BRK,LAL-2014,0,2014,102.25833333333333,14.9585,gasolpa01-2014
meeksjo01,29.066666666666666,6.3,201402230LAL-LAL,201402230LAL-BRK,LAL-2014,0,2014,183.12,14.9585,meeksjo01-2014
farmajo01,24.65,-2.9,201402230LAL-LAL,201402230LAL-BRK,LAL-2014,0,2014,-71.485,14.9585,farmajo01-2014
marshke01,22.683333333333334,-1,201402230LAL-LAL,201402230LAL-BRK,LAL-2014,0,2014,-22.683333333333334,14.9585,marshke01-2014
youngni01,19.55,-0.1,201402230LAL-LAL,201402230LAL-BRK,LAL-2014,0,2014,-1.955,14.9585,youngni01-2014
kamanch01,18.783333333333335,-4.1,201402230LAL-LAL,201402230LAL-BRK,LAL-2014,0,2014,-77.01166666666667,14.9585,kamanch01-2014
brookma01,18.7,1,201402230LAL-LAL,201402230LAL-BRK,LAL-2014,0,2014,18.7,14.9585,brookma01-2014
johnswe01,18.433333333333334,2.1,201402230LAL-LAL,201402230LAL-BRK,LAL-2014,0,2014,38.71,14.9585,johnswe01-2014
stephla01,32.55,-2.3,201402250IND-IND,201402250IND-LAL,IND-2014,1,2014,-74.86499999999998,42.52307692307692,stephla01-2014
georgpa01,27.966666666666665,5.8,201402250IND-IND,201402250IND-LAL,IND-2014,1,2014,162.20666666666665,42.52307692307692,georgpa01-2014
westda01,27.966666666666665,4.1,201402250IND-IND,201402250IND-LAL,IND-2014,1,2014,114.66333333333331,42.52307692307692,westda01-2014
turneev01,26.183333333333334,-1,201402250IND-IND,201402250IND-LAL,IND-2014,1,2014,-26.183333333333334,42.52307692307692,turneev01-2014
hibbero01,24.083333333333332,0.5,201402250IND-IND,201402250IND-LAL,IND-2014,1,2014,12.041666666666666,42.52307692307692,hibbero01-2014
hillge01,24.05,7.8,201402250IND-IND,201402250IND-LAL,IND-2014,1,2014,187.59,42.52307692307692,hillge01-2014
watsocj01,20.85,4.3,201402250IND-IND,201402250IND-LAL,IND-2014,1,2014,89.655,42.52307692307692,watsocj01-2014
mahinia01,19.35,4.5,201402250IND-IND,201402250IND-LAL,IND-2014,1,2014,87.075,42.52307692307692,mahinia01-2014
scolalu01,13.833333333333334,2,201402250IND-IND,201402250IND-LAL,IND-2014,1,2014,27.666666666666668,42.52307692307692,scolalu01-2014
butlera01,6.2,2.2,201402250IND-IND,201402250IND-LAL,IND-2014,1,2014,13.640000000000002,42.52307692307692,butlera01-2014
copelch01,6.2,-3.7,201402250IND-IND,201402250IND-LAL,IND-2014,1,2014,-22.94,42.52307692307692,copelch01-2014
sloando01,6.2,-2.2,201402250IND-IND,201402250IND-LAL,IND-2014,1,2014,-13.640000000000002,42.52307692307692,sloando01-2014
allenla01,4.566666666666666,-0.9,201402250IND-IND,201402250IND-LAL,IND-2014,1,2014,-4.11,42.52307692307692,allenla01-2014
gasolma01,31.716666666666665,7.3,201402260MEM-MEM,201402260MEM-LAL,MEM-2014,1,2014,231.53166666666664,40.4505,gasolma01-2014
randoza01,28.233333333333334,-0.5,201402260MEM-MEM,201402260MEM-LAL,MEM-2014,1,2014,-14.116666666666667,40.4505,randoza01-2014
leeco01,27.95,7.7,201402260MEM-MEM,201402260MEM-LAL,MEM-2014,1,2014,215.215,40.4505,leeco01-2014
conlemi01,25.716666666666665,-4.1,201402260MEM-MEM,201402260MEM-LAL,MEM-2014,1,2014,-105.43833333333332,40.4505,conlemi01-2014
allento01,25.4,0.7,201402260MEM-MEM,201402260MEM-LAL,MEM-2014,1,2014,17.779999999999998,40.4505,allento01-2014
princta01,22.6,0.7,201402260MEM-MEM,201402260MEM-LAL,MEM-2014,1,2014,15.82,40.4505,princta01-2014
calatni01,22.283333333333335,-0.8,201402260MEM-MEM,201402260MEM-LAL,MEM-2014,1,2014,-17.826666666666668,40.4505,calatni01-2014
johnsja01,21.816666666666666,3.2,201402260MEM-MEM,201402260MEM-LAL,MEM-2014,1,2014,69.81333333333333,40.4505,johnsja01-2014
millemi01,20.683333333333334,-0.4,201402260MEM-MEM,201402260MEM-LAL,MEM-2014,1,2014,-8.273333333333333,40.4505,millemi01-2014
koufoko01,13.6,0,201402260MEM-MEM,201402260MEM-LAL,MEM-2014,1,2014,0,40.4505,koufoko01-2014
gasolpa01,38.95,-3.8,201402280LAL-LAL,201402280LAL-SAC,LAL-2014,1,2014,-148.01,37.277121212121216,gasolpa01-2014
johnswe01,36.483333333333334,2.8,201402280LAL-LAL,201402280LAL-SAC,LAL-2014,1,2014,102.15333333333334,37.277121212121216,johnswe01-2014
meeksjo01,33.06666666666667,6.2,201402280LAL-LAL,201402280LAL-SAC,LAL-2014,1,2014,205.01333333333335,37.277121212121216,meeksjo01-2014
farmajo01,28.8,11,201402280LAL-LAL,201402280LAL-SAC,LAL-2014,1,2014,316.8,37.277121212121216,farmajo01-2014
bazemke01,26.866666666666667,-1.4,201402280LAL-LAL,201402280LAL-SAC,LAL-2014,1,2014,-37.61333333333333,37.277121212121216,bazemke01-2014
brookma01,25.75,2.2,201402280LAL-LAL,201402280LAL-SAC,LAL-2014,1,2014,56.650000000000006,37.277121212121216,brookma01-2014
marshke01,19.2,-5.5,201402280LAL-LAL,201402280LAL-SAC,LAL-2014,1,2014,-105.6,37.277121212121216,marshke01-2014
kellyry01,15.866666666666667,3.4,201402280LAL-LAL,201402280LAL-SAC,LAL-2014,1,2014,53.946666666666665,37.277121212121216,kellyry01-2014
hilljo01,5.966666666666667,-2.4,201402280LAL-LAL,201402280LAL-SAC,LAL-2014,1,2014,-14.32,37.277121212121216,hilljo01-2014
sacrero01,5.183333333333334,-0.9,201402280LAL-LAL,201402280LAL-SAC,LAL-2014,1,2014,-4.665,37.277121212121216,sacrero01-2014
kamanch01,3.8666666666666667,-3.7,201402280LAL-LAL,201402280LAL-SAC,LAL-2014,1,2014,-14.306666666666667,37.277121212121216,kamanch01-2014
batumni01,37.88333333333333,5.2,201403030POR-POR,201403030POR-LAL,POR-2014,0,2014,196.99333333333334,36.22116666666667,batumni01-2014
lillada01,35.3,-0.4,201403030POR-POR,201403030POR-LAL,POR-2014,0,2014,-14.12,36.22116666666667,lillada01-2014
matthwe02,34.75,-1.7,201403030POR-POR,201403030POR-LAL,POR-2014,0,2014,-59.074999999999996,36.22116666666667,matthwe02-2014
lopezro01,33.516666666666666,8.3,201403030POR-POR,201403030POR-LAL,POR-2014,0,2014,278.18833333333333,36.22116666666667,lopezro01-2014
aldrila01,32.45,-0.1,201403030POR-POR,201403030POR-LAL,POR-2014,0,2014,-3.2450000000000006,36.22116666666667,aldrila01-2014
willima01,22.983333333333334,-3.2,201403030POR-POR,201403030POR-LAL,POR-2014,0,2014,-73.54666666666667,36.22116666666667,willima01-2014
wrighdo01,15.95,3,201403030POR-POR,201403030POR-LAL,POR-2014,0,2014,47.849999999999994,36.22116666666667,wrighdo01-2014
leoname01,13.8,-1.2,201403030POR-POR,201403030POR-LAL,POR-2014,0,2014,-16.56,36.22116666666667,leoname01-2014
mccolcj01,8.4,0.8,201403030POR-POR,201403030POR-LAL,POR-2014,0,2014,6.720000000000001,36.22116666666667,mccolcj01-2014
bartowi01,4.966666666666667,-0.2,201403030POR-POR,201403030POR-LAL,POR-2014,0,2014,-0.9933333333333334,36.22116666666667,bartowi01-2014
bazemke01,34.63333333333333,2.4,201403040LAL-LAL,201403040LAL-NOP,LAL-2014,0,2014,83.11999999999999,20.623,bazemke01-2014
gasolpa01,32.21666666666667,6.3,201403040LAL-LAL,201403040LAL-NOP,LAL-2014,0,2014,202.965,20.623,gasolpa01-2014
meeksjo01,31.433333333333334,1,201403040LAL-LAL,201403040LAL-NOP,LAL-2014,0,2014,31.433333333333334,20.623,meeksjo01-2014
johnswe01,29.166666666666668,-3.8,201403040LAL-LAL,201403040LAL-NOP,LAL-2014,0,2014,-110.83333333333333,20.623,johnswe01-2014
farmajo01,26.083333333333332,4.9,201403040LAL-LAL,201403040LAL-NOP,LAL-2014,0,2014,127.80833333333334,20.623,farmajo01-2014
marshke01,21.916666666666668,-3,201403040LAL-LAL,201403040LAL-NOP,LAL-2014,0,2014,-65.75,20.623,marshke01-2014
kellyry01,18.833333333333332,1.7,201403040LAL-LAL,201403040LAL-NOP,LAL-2014,0,2014,32.016666666666666,20.623,kellyry01-2014
sacrero01,15.766666666666667,-2.3,201403040LAL-LAL,201403040LAL-NOP,LAL-2014,0,2014,-36.263333333333335,20.623,sacrero01-2014
brookma01,15.583333333333334,-4.2,201403040LAL-LAL,201403040LAL-NOP,LAL-2014,0,2014,-65.45,20.623,brookma01-2014
henryxa01,14.366666666666667,0.5,201403040LAL-LAL,201403040LAL-NOP,LAL-2014,0,2014,7.183333333333334,20.623,henryxa01-2014
bazemke01,32.11666666666667,-1.4,201403060LAL-LAL,201403060LAL-LAC,LAL-2014,0,2014,-44.96333333333333,-49.5625,bazemke01-2014
meeksjo01,31.316666666666666,-7.6,201403060LAL-LAL,201403060LAL-LAC,LAL-2014,0,2014,-238.00666666666666,-49.5625,meeksjo01-2014
johnswe01,30.016666666666666,-5,201403060LAL-LAL,201403060LAL-LAC,LAL-2014,0,2014,-150.08333333333331,-49.5625,johnswe01-2014
gasolpa01,25.216666666666665,1.3,201403060LAL-LAL,201403060LAL-LAC,LAL-2014,0,2014,32.781666666666666,-49.5625,gasolpa01-2014
marshke01,23.683333333333334,-2.2,201403060LAL-LAL,201403060LAL-LAC,LAL-2014,0,2014,-52.10333333333334,-49.5625,marshke01-2014
sacrero01,22.783333333333335,-2.5,201403060LAL-LAL,201403060LAL-LAC,LAL-2014,0,2014,-56.958333333333336,-49.5625,sacrero01-2014
farmajo01,21.166666666666668,-6.1,201403060LAL-LAL,201403060LAL-LAC,LAL-2014,0,2014,-129.11666666666667,-49.5625,farmajo01-2014
kellyry01,21.133333333333333,2,201403060LAL-LAL,201403060LAL-LAC,LAL-2014,0,2014,42.266666666666666,-49.5625,kellyry01-2014
henryxa01,19.316666666666666,5,201403060LAL-LAL,201403060LAL-LAC,LAL-2014,0,2014,96.58333333333333,-49.5625,henryxa01-2014
brookma01,13.25,0.3,201403060LAL-LAL,201403060LAL-LAC,LAL-2014,0,2014,3.9749999999999996,-49.5625,brookma01-2014
lawsoty01,40.733333333333334,6,201403070DEN-DEN,201403070DEN-LAL,DEN-2014,1,2014,244.4,66.33183333333334,lawsoty01-2014
farieke01,37.733333333333334,6.2,201403070DEN-DEN,201403070DEN-LAL,DEN-2014,1,2014,233.9466666666667,66.33183333333334,farieke01-2014
foyera01,32.86666666666667,5.6,201403070DEN-DEN,201403070DEN-LAL,DEN-2014,1,2014,184.0533333333333,66.33183333333334,foyera01-2014
chandwi01,27.633333333333333,5.2,201403070DEN-DEN,201403070DEN-LAL,DEN-2014,1,2014,143.69333333333333,66.33183333333334,chandwi01-2014
mozgoti01,25.783333333333335,0.3,201403070DEN-DEN,201403070DEN-LAL,DEN-2014,1,2014,7.735,66.33183333333334,mozgoti01-2014
fournev01,23.516666666666666,0.1,201403070DEN-DEN,201403070DEN-LAL,DEN-2014,1,2014,2.3516666666666666,66.33183333333334,fournev01-2014
brookaa01,19.283333333333335,-4.5,201403070DEN-DEN,201403070DEN-LAL,DEN-2014,1,2014,-86.775,66.33183333333334,brookaa01-2014
hicksjj01,14.633333333333333,0,201403070DEN-DEN,201403070DEN-LAL,DEN-2014,1,2014,0,66.33183333333334,hicksjj01-2014
arthuda01,8.983333333333333,-4.8,201403070DEN-DEN,201403070DEN-LAL,DEN-2014,1,2014,-43.12,66.33183333333334,arthuda01-2014
veselja01,8.833333333333334,-2.6,201403070DEN-DEN,201403070DEN-LAL,DEN-2014,1,2014,-22.96666666666667,66.33183333333334,veselja01-2014
gasolpa01,38.6,-1.4,201403090LAL-LAL,201403090LAL-OKC,LAL-2014,1,2014,-54.04,78.87518518518519,gasolpa01-2014
meeksjo01,37.03333333333333,14.4,201403090LAL-LAL,201403090LAL-OKC,LAL-2014,1,2014,533.28,78.87518518518519,meeksjo01-2014
kellyry01,37,8.3,201403090LAL-LAL,201403090LAL-OKC,LAL-2014,1,2014,307.1,78.87518518518519,kellyry01-2014
johnswe01,36.96666666666667,1.8,201403090LAL-LAL,201403090LAL-OKC,LAL-2014,1,2014,66.54,78.87518518518519,johnswe01-2014
marshke01,26.916666666666668,-4.6,201403090LAL-LAL,201403090LAL-OKC,LAL-2014,1,2014,-123.81666666666666,78.87518518518519,marshke01-2014
farmajo01,20.9,1.3,201403090LAL-LAL,201403090LAL-OKC,LAL-2014,1,2014,27.169999999999998,78.87518518518519,farmajo01-2014
bazemke01,20.333333333333332,0.1,201403090LAL-LAL,201403090LAL-OKC,LAL-2014,1,2014,2.033333333333333,78.87518518518519,bazemke01-2014
henryxa01,12.85,-3.4,201403090LAL-LAL,201403090LAL-OKC,LAL-2014,1,2014,-43.69,78.87518518518519,henryxa01-2014
sacrero01,9.4,-0.5,201403090LAL-LAL,201403090LAL-OKC,LAL-2014,1,2014,-4.7,78.87518518518519,sacrero01-2014
duranke01,30.4,6.2,201403130OKC-OKC,201403130OKC-LAL,OKC-2014,1,2014,188.48,54.47666666666666,duranke01-2014
ibakase01,28.916666666666668,9.1,201403130OKC-OKC,201403130OKC-LAL,OKC-2014,1,2014,263.14166666666665,54.47666666666666,ibakase01-2014
butleca01,28.516666666666666,-0.6,201403130OKC-OKC,201403130OKC-LAL,OKC-2014,1,2014,-17.11,54.47666666666666,butleca01-2014
roberan03,24.116666666666667,-0.9,201403130OKC-OKC,201403130OKC-LAL,OKC-2014,1,2014,-21.705000000000002,54.47666666666666,roberan03-2014
westbru01,23.333333333333332,13.2,201403130OKC-OKC,201403130OKC-LAL,OKC-2014,1,2014,307.99999999999994,54.47666666666666,westbru01-2014
jonespe01,23.333333333333332,-1.6,201403130OKC-OKC,201403130OKC-LAL,OKC-2014,1,2014,-37.333333333333336,54.47666666666666,jonespe01-2014
jacksre01,21.933333333333334,1,201403130OKC-OKC,201403130OKC-LAL,OKC-2014,1,2014,21.933333333333334,54.47666666666666,jacksre01-2014
fishede01,17.266666666666666,-0.8,201403130OKC-OKC,201403130OKC-LAL,OKC-2014,1,2014,-13.813333333333333,54.47666666666666,fishede01-2014
collini01,12.216666666666667,1.8,201403130OKC-OKC,201403130OKC-LAL,OKC-2014,1,2014,21.990000000000002,54.47666666666666,collini01-2014
adamsst01,11.633333333333333,-0.6,201403130OKC-OKC,201403130OKC-LAL,OKC-2014,1,2014,-6.9799999999999995,54.47666666666666,adamsst01-2014
lambje01,6.866666666666667,0.8,201403130OKC-OKC,201403130OKC-LAL,OKC-2014,1,2014,5.493333333333334,54.47666666666666,lambje01-2014
thabeha01,6.866666666666667,-0.3,201403130OKC-OKC,201403130OKC-LAL,OKC-2014,1,2014,-2.06,54.47666666666666,thabeha01-2014
willire02,4.6,-0.4,201403130OKC-OKC,201403130OKC-LAL,OKC-2014,1,2014,-1.8399999999999999,54.47666666666666,willire02-2014
josepco01,26.016666666666666,4.3,201403140SAS-SAS,201403140SAS-LAL,SAS-2014,1,2014,111.87166666666666,51.88923076923077,josepco01-2014
bonnema01,25.55,7.4,201403140SAS-SAS,201403140SAS-LAL,SAS-2014,1,2014,189.07000000000002,51.88923076923077,bonnema01-2014
greenda02,21.95,8.3,201403140SAS-SAS,201403140SAS-LAL,SAS-2014,1,2014,182.185,51.88923076923077,greenda02-2014
belinma01,20.75,1.8,201403140SAS-SAS,201403140SAS-LAL,SAS-2014,1,2014,37.35,51.88923076923077,belinma01-2014
leonaka01,20.5,3.1,201403140SAS-SAS,201403140SAS-LAL,SAS-2014,1,2014,63.550000000000004,51.88923076923077,leonaka01-2014
splitti01,19.383333333333333,0,201403140SAS-SAS,201403140SAS-LAL,SAS-2014,1,2014,0,51.88923076923077,splitti01-2014
baynear01,17.866666666666667,-0.2,201403140SAS-SAS,201403140SAS-LAL,SAS-2014,1,2014,-3.5733333333333337,51.88923076923077,baynear01-2014
diawbo01,16.1,3,201403140SAS-SAS,201403140SAS-LAL,SAS-2014,1,2014,48.300000000000004,51.88923076923077,diawbo01-2014
duncati01,15.016666666666667,1.9,201403140SAS-SAS,201403140SAS-LAL,SAS-2014,1,2014,28.531666666666666,51.88923076923077,duncati01-2014
millspa02,14.616666666666667,-1.9,201403140SAS-SAS,201403140SAS-LAL,SAS-2014,1,2014,-27.771666666666665,51.88923076923077,millspa02-2014
parketo01,14.116666666666667,1.3,201403140SAS-SAS,201403140SAS-LAL,SAS-2014,1,2014,18.351666666666667,51.88923076923077,parketo01-2014
pendeje02,14.083333333333334,0,201403140SAS-SAS,201403140SAS-LAL,SAS-2014,1,2014,0,51.88923076923077,pendeje02-2014
ginobma01,14.05,1.9,201403140SAS-SAS,201403140SAS-LAL,SAS-2014,1,2014,26.695,51.88923076923077,ginobma01-2014
meeksjo01,36.9,-2.6,201403190LAL-LAL,201403190LAL-SAS,LAL-2014,0,2014,-95.94,14.942037037037036,meeksjo01-2014
gasolpa01,36.36666666666667,6.7,201403190LAL-LAL,201403190LAL-SAS,LAL-2014,0,2014,243.65666666666667,14.942037037037036,gasolpa01-2014
kellyry01,33.6,-1.3,201403190LAL-LAL,201403190LAL-SAS,LAL-2014,0,2014,-43.68000000000001,14.942037037037036,kellyry01-2014
henryxa01,32.266666666666666,-3.8,201403190LAL-LAL,201403190LAL-SAS,LAL-2014,0,2014,-122.61333333333333,14.942037037037036,henryxa01-2014
bazemke01,29.25,6.2,201403190LAL-LAL,201403190LAL-SAS,LAL-2014,0,2014,181.35,14.942037037037036,bazemke01-2014
sacrero01,26.033333333333335,-0.5,201403190LAL-LAL,201403190LAL-SAS,LAL-2014,0,2014,-13.016666666666667,14.942037037037036,sacrero01-2014
marshke01,23.083333333333332,-0.7,201403190LAL-LAL,201403190LAL-SAS,LAL-2014,0,2014,-16.15833333333333,14.942037037037036,marshke01-2014
johnswe01,15.733333333333333,0.4,201403190LAL-LAL,201403190LAL-SAS,LAL-2014,0,2014,6.293333333333333,14.942037037037036,johnswe01-2014
brookma01,6.766666666666667,-0.8,201403190LAL-LAL,201403190LAL-SAS,LAL-2014,0,2014,-5.413333333333334,14.942037037037036,brookma01-2014
meeksjo01,33.733333333333334,4.6,201403210LAL-LAL,201403210LAL-WAS,LAL-2014,0,2014,155.17333333333332,8.679166666666669,meeksjo01-2014
gasolpa01,32.46666666666667,-0.7,201403210LAL-LAL,201403210LAL-WAS,LAL-2014,0,2014,-22.726666666666667,8.679166666666669,gasolpa01-2014
youngni01,28.966666666666665,0.8,201403210LAL-LAL,201403210LAL-WAS,LAL-2014,0,2014,23.173333333333332,8.679166666666669,youngni01-2014
marshke01,28.9,-4.6,201403210LAL-LAL,201403210LAL-WAS,LAL-2014,0,2014,-132.93999999999997,8.679166666666669,marshke01-2014
hilljo01,26.65,-0.2,201403210LAL-LAL,201403210LAL-WAS,LAL-2014,0,2014,-5.33,8.679166666666669,hilljo01-2014
henryxa01,23.333333333333332,0.9,201403210LAL-LAL,201403210LAL-WAS,LAL-2014,0,2014,21,8.679166666666669,henryxa01-2014
kellyry01,19.3,-0.9,201403210LAL-LAL,201403210LAL-WAS,LAL-2014,0,2014,-17.37,8.679166666666669,kellyry01-2014
nashst01,18.533333333333335,4.8,201403210LAL-LAL,201403210LAL-WAS,LAL-2014,0,2014,88.96000000000001,8.679166666666669,nashst01-2014
sacrero01,17.583333333333332,0.9,201403210LAL-LAL,201403210LAL-WAS,LAL-2014,0,2014,15.825,8.679166666666669,sacrero01-2014
bazemke01,10.533333333333333,-3.7,201403210LAL-LAL,201403210LAL-WAS,LAL-2014,0,2014,-38.973333333333336,8.679166666666669,bazemke01-2014
meeksjo01,40.46666666666667,6.2,201403230LAL-LAL,201403230LAL-ORL,LAL-2014,1,2014,250.89333333333335,45.702037037037044,meeksjo01-2014
hilljo01,32.96666666666667,7.7,201403230LAL-LAL,201403230LAL-ORL,LAL-2014,1,2014,253.84333333333336,45.702037037037044,hilljo01-2014
youngni01,30.583333333333332,3.1,201403230LAL-LAL,201403230LAL-ORL,LAL-2014,1,2014,94.80833333333334,45.702037037037044,youngni01-2014
marshke01,28.733333333333334,-7.1,201403230LAL-LAL,201403230LAL-ORL,LAL-2014,1,2014,-204.00666666666666,45.702037037037044,marshke01-2014
bazemke01,23.583333333333332,4.7,201403230LAL-LAL,201403230LAL-ORL,LAL-2014,1,2014,110.84166666666667,45.702037037037044,bazemke01-2014
sacrero01,22.6,-4.7,201403230LAL-LAL,201403230LAL-ORL,LAL-2014,1,2014,-106.22000000000001,45.702037037037044,sacrero01-2014
kellyry01,21.783333333333335,3.7,201403230LAL-LAL,201403230LAL-ORL,LAL-2014,1,2014,80.59833333333334,45.702037037037044,kellyry01-2014
johnswe01,20.633333333333333,-2.1,201403230LAL-LAL,201403230LAL-ORL,LAL-2014,1,2014,-43.33,45.702037037037044,johnswe01-2014
gasolpa01,18.65,-1.4,201403230LAL-LAL,201403230LAL-ORL,LAL-2014,1,2014,-26.109999999999996,45.702037037037044,gasolpa01-2014
kellyry01,33.96666666666667,8.4,201403250LAL-LAL,201403250LAL-NYK,LAL-2014,1,2014,285.32000000000005,63.0519696969697,kellyry01-2014
bazemke01,32.766666666666666,-0.3,201403250LAL-LAL,201403250LAL-NYK,LAL-2014,1,2014,-9.83,63.0519696969697,bazemke01-2014
sacrero01,25.333333333333332,5.2,201403250LAL-LAL,201403250LAL-NYK,LAL-2014,1,2014,131.73333333333332,63.0519696969697,sacrero01-2014
meeksjo01,25.066666666666666,4.2,201403250LAL-LAL,201403250LAL-NYK,LAL-2014,1,2014,105.28,63.0519696969697,meeksjo01-2014
marshke01,23.4,0.8,201403250LAL-LAL,201403250LAL-NYK,LAL-2014,1,2014,18.72,63.0519696969697,marshke01-2014
henryxa01,23.333333333333332,6.7,201403250LAL-LAL,201403250LAL-NYK,LAL-2014,1,2014,156.33333333333334,63.0519696969697,henryxa01-2014
kamanch01,22.666666666666668,-0.1,201403250LAL-LAL,201403250LAL-NYK,LAL-2014,1,2014,-2.266666666666667,63.0519696969697,kamanch01-2014
youngni01,18.616666666666667,2.5,201403250LAL-LAL,201403250LAL-NYK,LAL-2014,1,2014,46.54166666666667,63.0519696969697,youngni01-2014
johnswe01,15.233333333333333,-3.1,201403250LAL-LAL,201403250LAL-NYK,LAL-2014,1,2014,-47.22333333333333,63.0519696969697,johnswe01-2014
hilljo01,14.033333333333333,0.4,201403250LAL-LAL,201403250LAL-NYK,LAL-2014,1,2014,5.613333333333333,63.0519696969697,hilljo01-2014
brookma01,5.583333333333333,0.6,201403250LAL-LAL,201403250LAL-NYK,LAL-2014,1,2014,3.3499999999999996,63.0519696969697,brookma01-2014
knighbr03,45.6,-1.5,201403270MIL-MIL,201403270MIL-LAL,MIL-2014,1,2014,-68.4,16.751458333333332,knighbr03-2014
sessira01,42.31666666666667,2.9,201403270MIL-MIL,201403270MIL-LAL,MIL-2014,1,2014,122.71833333333333,16.751458333333332,sessira01-2014
adrieje01,31.983333333333334,-1.6,201403270MIL-MIL,201403270MIL-LAL,MIL-2014,1,2014,-51.17333333333334,16.751458333333332,adrieje01-2014
middlkh01,30.85,1.6,201403270MIL-MIL,201403270MIL-LAL,MIL-2014,1,2014,49.36000000000001,16.751458333333332,middlkh01-2014
hensojo01,26.433333333333334,-0.1,201403270MIL-MIL,201403270MIL-LAL,MIL-2014,1,2014,-2.6433333333333335,16.751458333333332,hensojo01-2014
antetgi01,25.233333333333334,0.6,201403270MIL-MIL,201403270MIL-LAL,MIL-2014,1,2014,15.14,16.751458333333332,antetgi01-2014
pachuza01,21.383333333333333,3,201403270MIL-MIL,201403270MIL-LAL,MIL-2014,1,2014,64.15,16.751458333333332,pachuza01-2014
udohek01,16.2,0.3,201403270MIL-MIL,201403270MIL-LAL,MIL-2014,1,2014,4.859999999999999,16.751458333333332,udohek01-2014
loveke01,28.733333333333334,11.3,201403280MIN-MIN,201403280MIN-LAL,MIN-2014,1,2014,324.6866666666667,56.734743589743594,loveke01-2014
breweco01,26.6,4.2,201403280MIN-MIN,201403280MIN-LAL,MIN-2014,1,2014,111.72000000000001,56.734743589743594,breweco01-2014
rubiori01,26.3,2.9,201403280MIN-MIN,201403280MIN-LAL,MIN-2014,1,2014,76.27,56.734743589743594,rubiori01-2014
martike02,24.166666666666668,2,201403280MIN-MIN,201403280MIN-LAL,MIN-2014,1,2014,48.333333333333336,56.734743589743594,martike02-2014
budinch01,23.833333333333332,4.9,201403280MIN-MIN,201403280MIN-LAL,MIN-2014,1,2014,116.78333333333333,56.734743589743594,budinch01-2014
dienggo01,22.533333333333335,0.8,201403280MIN-MIN,201403280MIN-LAL,MIN-2014,1,2014,18.026666666666667,56.734743589743594,dienggo01-2014
pekovni01,21.616666666666667,2.8,201403280MIN-MIN,201403280MIN-LAL,MIN-2014,1,2014,60.526666666666664,56.734743589743594,pekovni01-2014
bareajo01,15.533333333333333,0.1,201403280MIN-MIN,201403280MIN-LAL,MIN-2014,1,2014,1.5533333333333335,56.734743589743594,bareajo01-2014
mbahalu01,14.5,-1.1,201403280MIN-MIN,201403280MIN-LAL,MIN-2014,1,2014,-15.950000000000001,56.734743589743594,mbahalu01-2014
cunnida01,13.716666666666667,-1.3,201403280MIN-MIN,201403280MIN-LAL,MIN-2014,1,2014,-17.831666666666667,56.734743589743594,cunnida01-2014
hummero01,9.4,0.2,201403280MIN-MIN,201403280MIN-LAL,MIN-2014,1,2014,1.8800000000000001,56.734743589743594,hummero01-2014
muhamsh01,6.9,2.3,201403280MIN-MIN,201403280MIN-LAL,MIN-2014,1,2014,15.87,56.734743589743594,muhamsh01-2014
shvedal01,6.166666666666667,-0.7,201403280MIN-MIN,201403280MIN-LAL,MIN-2014,1,2014,-4.316666666666666,56.734743589743594,shvedal01-2014
meeksjo01,39.68333333333333,5.5,201403300LAL-LAL,201403300LAL-PHO,LAL-2014,1,2014,218.25833333333333,87.1148148148148,meeksjo01-2014
marshke01,36.93333333333333,5.9,201403300LAL-LAL,201403300LAL-PHO,LAL-2014,1,2014,217.90666666666667,87.1148148148148,marshke01-2014
bazemke01,32.733333333333334,0.7,201403300LAL-LAL,201403300LAL-PHO,LAL-2014,1,2014,22.913333333333334,87.1148148148148,bazemke01-2014
kamanch01,32.03333333333333,8.1,201403300LAL-LAL,201403300LAL-PHO,LAL-2014,1,2014,259.46999999999997,87.1148148148148,kamanch01-2014
kellyry01,29.55,6.2,201403300LAL-LAL,201403300LAL-PHO,LAL-2014,1,2014,183.21,87.1148148148148,kellyry01-2014
youngni01,23.583333333333332,-1.4,201403300LAL-LAL,201403300LAL-PHO,LAL-2014,1,2014,-33.016666666666666,87.1148148148148,youngni01-2014
hilljo01,18.45,-1.3,201403300LAL-LAL,201403300LAL-PHO,LAL-2014,1,2014,-23.985,87.1148148148148,hilljo01-2014
sacrero01,15.966666666666667,-1.1,201403300LAL-LAL,201403300LAL-PHO,LAL-2014,1,2014,-17.563333333333336,87.1148148148148,sacrero01-2014
johnswe01,11.066666666666666,-3.9,201403300LAL-LAL,201403300LAL-PHO,LAL-2014,1,2014,-43.16,87.1148148148148,johnswe01-2014
youngni01,32.85,11.5,201404010LAL-LAL,201404010LAL-POR,LAL-2014,0,2014,377.77500000000003,17.647666666666673,youngni01-2014
bazemke01,30.35,1.7,201404010LAL-LAL,201404010LAL-POR,LAL-2014,0,2014,51.595,17.647666666666673,bazemke01-2014
kamanch01,29.066666666666666,-4.3,201404010LAL-LAL,201404010LAL-POR,LAL-2014,0,2014,-124.98666666666666,17.647666666666673,kamanch01-2014
gasolpa01,28.333333333333332,0.4,201404010LAL-LAL,201404010LAL-POR,LAL-2014,0,2014,11.333333333333334,17.647666666666673,gasolpa01-2014
meeksjo01,26.616666666666667,-7,201404010LAL-LAL,201404010LAL-POR,LAL-2014,0,2014,-186.31666666666666,17.647666666666673,meeksjo01-2014
nashst01,21.8,3.7,201404010LAL-LAL,201404010LAL-POR,LAL-2014,0,2014,80.66000000000001,17.647666666666673,nashst01-2014
kellyry01,20.133333333333333,0.8,201404010LAL-LAL,201404010LAL-POR,LAL-2014,0,2014,16.106666666666666,17.647666666666673,kellyry01-2014
marshke01,19.25,1.8,201404010LAL-LAL,201404010LAL-POR,LAL-2014,0,2014,34.65,17.647666666666673,marshke01-2014
sacrero01,18.466666666666665,-0.3,201404010LAL-LAL,201404010LAL-POR,LAL-2014,0,2014,-5.539999999999999,17.647666666666673,sacrero01-2014
henryxa01,13.133333333333333,-6,201404010LAL-LAL,201404010LAL-POR,LAL-2014,0,2014,-78.8,17.647666666666673,henryxa01-2014
mccalra01,46.05,-1.5,201404020SAC-SAC,201404020SAC-LAL,SAC-2014,1,2014,-69.07499999999999,20.424444444444447,mccalra01-2014
mclembe01,45.11666666666667,-3.3,201404020SAC-SAC,201404020SAC-LAL,SAC-2014,1,2014,-148.885,20.424444444444447,mclembe01-2014
gayru01,42.7,4.3,201404020SAC-SAC,201404020SAC-LAL,SAC-2014,1,2014,183.61,20.424444444444447,gayru01-2014
outlatr01,32.11666666666667,0.6,201404020SAC-SAC,201404020SAC-LAL,SAC-2014,1,2014,19.27,20.424444444444447,outlatr01-2014
thompja02,23.466666666666665,6.3,201404020SAC-SAC,201404020SAC-LAL,SAC-2014,1,2014,147.83999999999997,20.424444444444447,thompja02-2014
couside01,21.45,5,201404020SAC-SAC,201404020SAC-LAL,SAC-2014,1,2014,107.25,20.424444444444447,couside01-2014
evansre01,17.1,-1.9,201404020SAC-SAC,201404020SAC-LAL,SAC-2014,1,2014,-32.49,20.424444444444447,evansre01-2014
willide02,10.05,-2.3,201404020SAC-SAC,201404020SAC-LAL,SAC-2014,1,2014,-23.115,20.424444444444447,willide02-2014
cunnija01,1.95,-0.3,201404020SAC-SAC,201404020SAC-LAL,SAC-2014,1,2014,-0.585,20.424444444444447,cunnija01-2014
meeksjo01,40.56666666666667,6.4,201404040LAL-LAL,201404040LAL-DAL,LAL-2014,0,2014,259.6266666666667,18.774259259259264,meeksjo01-2014
bazemke01,36.88333333333333,-4,201404040LAL-LAL,201404040LAL-DAL,LAL-2014,0,2014,-147.53333333333333,18.774259259259264,bazemke01-2014
johnswe01,31.95,-1.4,201404040LAL-LAL,201404040LAL-DAL,LAL-2014,0,2014,-44.73,18.774259259259264,johnswe01-2014
hilljo01,31.016666666666666,1.9,201404040LAL-LAL,201404040LAL-DAL,LAL-2014,0,2014,58.931666666666665,18.774259259259264,hilljo01-2014
marshke01,29.166666666666668,4.1,201404040LAL-LAL,201404040LAL-DAL,LAL-2014,0,2014,119.58333333333333,18.774259259259264,marshke01-2014
youngni01,19.866666666666667,1.3,201404040LAL-LAL,201404040LAL-DAL,LAL-2014,0,2014,25.826666666666668,18.774259259259264,youngni01-2014
nashst01,18.833333333333332,-2.1,201404040LAL-LAL,201404040LAL-DAL,LAL-2014,0,2014,-39.55,18.774259259259264,nashst01-2014
sacrero01,16.983333333333334,-3.2,201404040LAL-LAL,201404040LAL-DAL,LAL-2014,0,2014,-54.34666666666667,18.774259259259264,sacrero01-2014
kellyry01,14.733333333333333,-0.6,201404040LAL-LAL,201404040LAL-DAL,LAL-2014,0,2014,-8.84,18.774259259259264,kellyry01-2014
collida01,33.983333333333334,-4.3,201404060LAC-LAC,201404060LAC-LAL,LAC-2014,1,2014,-146.12833333333333,56.57454545454546,collida01-2014
griffbl01,30.783333333333335,5,201404060LAC-LAC,201404060LAC-LAL,LAC-2014,1,2014,153.91666666666669,56.57454545454546,griffbl01-2014
jordade01,30.75,2.5,201404060LAC-LAC,201404060LAC-LAL,LAC-2014,1,2014,76.875,56.57454545454546,jordade01-2014
paulch01,28.366666666666667,12,201404060LAC-LAC,201404060LAC-LAL,LAC-2014,1,2014,340.4,56.57454545454546,paulch01-2014
barnema02,27.283333333333335,6,201404060LAC-LAC,201404060LAC-LAL,LAC-2014,1,2014,163.70000000000002,56.57454545454546,barnema02-2014
redicjj01,23.5,-1.7,201404060LAC-LAC,201404060LAC-LAL,LAC-2014,1,2014,-39.949999999999996,56.57454545454546,redicjj01-2014
dudleja01,21.2,0.7,201404060LAC-LAC,201404060LAC-LAL,LAC-2014,1,2014,14.839999999999998,56.57454545454546,dudleja01-2014
davisgl01,18.416666666666668,1.6,201404060LAC-LAC,201404060LAC-LAL,LAC-2014,1,2014,29.46666666666667,56.57454545454546,davisgl01-2014
bullore01,10.266666666666667,0.3,201404060LAC-LAC,201404060LAC-LAL,LAC-2014,1,2014,3.08,56.57454545454546,bullore01-2014
turkohe01,9.866666666666667,3.1,201404060LAC-LAC,201404060LAC-LAL,LAC-2014,1,2014,30.58666666666667,56.57454545454546,turkohe01-2014
greenwi01,5.583333333333333,-0.8,201404060LAC-LAC,201404060LAC-LAL,LAC-2014,1,2014,-4.466666666666667,56.57454545454546,greenwi01-2014
johnswe01,38.7,-3.2,201404080LAL-LAL,201404080LAL-HOU,LAL-2014,0,2014,-123.84000000000002,5.4499999999999975,johnswe01-2014
meeksjo01,38.15,3.2,201404080LAL-LAL,201404080LAL-HOU,LAL-2014,0,2014,122.08,5.4499999999999975,meeksjo01-2014
kellyry01,31.883333333333333,-1.8,201404080LAL-LAL,201404080LAL-HOU,LAL-2014,0,2014,-57.39,5.4499999999999975,kellyry01-2014
farmajo01,26.55,5.1,201404080LAL-LAL,201404080LAL-HOU,LAL-2014,0,2014,135.405,5.4499999999999975,farmajo01-2014
hilljo01,23.683333333333334,1.3,201404080LAL-LAL,201404080LAL-HOU,LAL-2014,0,2014,30.788333333333334,5.4499999999999975,hilljo01-2014
youngni01,22.933333333333334,6.9,201404080LAL-LAL,201404080LAL-HOU,LAL-2014,0,2014,158.24,5.4499999999999975,youngni01-2014
sacrero01,19.566666666666666,-5.4,201404080LAL-LAL,201404080LAL-HOU,LAL-2014,0,2014,-105.66000000000001,5.4499999999999975,sacrero01-2014
marshke01,19.033333333333335,-5.7,201404080LAL-LAL,201404080LAL-HOU,LAL-2014,0,2014,-108.49000000000001,5.4499999999999975,marshke01-2014
nashst01,13.166666666666666,0.4,201404080LAL-LAL,201404080LAL-HOU,LAL-2014,0,2014,5.266666666666667,5.4499999999999975,nashst01-2014
brookma01,6.333333333333333,-0.3,201404080LAL-LAL,201404080LAL-HOU,LAL-2014,0,2014,-1.9,5.4499999999999975,brookma01-2014
hilljo01,41.583333333333336,0.4,201404110LAL-LAL,201404110LAL-GSW,LAL-2014,0,2014,16.633333333333336,-1.2958333333333305,hilljo01-2014
kellyry01,37.43333333333333,1.3,201404110LAL-LAL,201404110LAL-GSW,LAL-2014,0,2014,48.663333333333334,-1.2958333333333305,kellyry01-2014
meeksjo01,33.9,-5.8,201404110LAL-LAL,201404110LAL-GSW,LAL-2014,0,2014,-196.61999999999998,-1.2958333333333305,meeksjo01-2014
johnswe01,30.1,-1.2,201404110LAL-LAL,201404110LAL-GSW,LAL-2014,0,2014,-36.12,-1.2958333333333305,johnswe01-2014
youngni01,30.066666666666666,6.3,201404110LAL-LAL,201404110LAL-GSW,LAL-2014,0,2014,189.42,-1.2958333333333305,youngni01-2014
farmajo01,28.883333333333333,-2.5,201404110LAL-LAL,201404110LAL-GSW,LAL-2014,0,2014,-72.20833333333333,-1.2958333333333305,farmajo01-2014
marshke01,19.116666666666667,0.7,201404110LAL-LAL,201404110LAL-GSW,LAL-2014,0,2014,13.381666666666666,-1.2958333333333305,marshke01-2014
sacrero01,18.916666666666668,1.4,201404110LAL-LAL,201404110LAL-GSW,LAL-2014,0,2014,26.483333333333334,-1.2958333333333305,sacrero01-2014
johnswe01,40.15,5.8,201404130LAL-LAL,201404130LAL-MEM,LAL-2014,0,2014,232.86999999999998,18.65375,johnswe01-2014
meeksjo01,38.78333333333333,0.9,201404130LAL-LAL,201404130LAL-MEM,LAL-2014,0,2014,34.905,18.65375,meeksjo01-2014
sacrero01,30.766666666666666,0.2,201404130LAL-LAL,201404130LAL-MEM,LAL-2014,0,2014,6.153333333333333,18.65375,sacrero01-2014
marshke01,28.833333333333332,1,201404130LAL-LAL,201404130LAL-MEM,LAL-2014,0,2014,28.833333333333332,18.65375,marshke01-2014
hilljo01,27.016666666666666,1.1,201404130LAL-LAL,201404130LAL-MEM,LAL-2014,0,2014,29.718333333333334,18.65375,hilljo01-2014
youngni01,25.516666666666666,2.5,201404130LAL-LAL,201404130LAL-MEM,LAL-2014,0,2014,63.791666666666664,18.65375,youngni01-2014
kellyry01,24.483333333333334,-2.9,201404130LAL-LAL,201404130LAL-MEM,LAL-2014,0,2014,-71.00166666666667,18.65375,kellyry01-2014
farmajo01,24.45,-7.2,201404130LAL-LAL,201404130LAL-MEM,LAL-2014,0,2014,-176.04,18.65375,farmajo01-2014
kanteen01,37.45,2.7,201404140UTA-UTA,201404140UTA-LAL,UTA-2014,0,2014,101.11500000000001,-16.769090909090906,kanteen01-2014
burketr01,36.766666666666666,-7.5,201404140UTA-UTA,201404140UTA-LAL,UTA-2014,0,2014,-275.75,-16.769090909090906,burketr01-2014
haywago01,35.63333333333333,-1.3,201404140UTA-UTA,201404140UTA-LAL,UTA-2014,0,2014,-46.32333333333334,-16.769090909090906,haywago01-2014
burksal01,34.38333333333333,3.2,201404140UTA-UTA,201404140UTA-LAL,UTA-2014,0,2014,110.02666666666667,-16.769090909090906,burksal01-2014
favorde01,29.7,0,201404140UTA-UTA,201404140UTA-LAL,UTA-2014,0,2014,0,-16.769090909090906,favorde01-2014
evansje01,24.016666666666666,-0.8,201404140UTA-UTA,201404140UTA-LAL,UTA-2014,0,2014,-19.213333333333335,-16.769090909090906,evansje01-2014
jefferi01,21.15,-2.8,201404140UTA-UTA,201404140UTA-LAL,UTA-2014,0,2014,-59.21999999999999,-16.769090909090906,jefferi01-2014
garredi02,13.65,0.2,201404140UTA-UTA,201404140UTA-LAL,UTA-2014,0,2014,2.7300000000000004,-16.769090909090906,garredi02-2014
clarkia01,2.4166666666666665,2,201404140UTA-UTA,201404140UTA-LAL,UTA-2014,0,2014,4.833333333333333,-16.769090909090906,clarkia01-2014
goberru01,2.4166666666666665,-0.8,201404140UTA-UTA,201404140UTA-LAL,UTA-2014,0,2014,-1.9333333333333333,-16.769090909090906,goberru01-2014
thomama01,2.4166666666666665,-0.3,201404140UTA-UTA,201404140UTA-LAL,UTA-2014,0,2014,-0.725,-16.769090909090906,thomama01-2014
splitti01,26.333333333333332,-0.7,201404160SAS-SAS,201404160SAS-LAL,SAS-2014,0,2014,-18.43333333333333,5.1938461538461524,splitti01-2014
leonaka01,23.716666666666665,7.1,201404160SAS-SAS,201404160SAS-LAL,SAS-2014,0,2014,168.38833333333332,5.1938461538461524,leonaka01-2014
ginobma01,22.933333333333334,0.6,201404160SAS-SAS,201404160SAS-LAL,SAS-2014,0,2014,13.76,5.1938461538461524,ginobma01-2014
pendeje02,21.666666666666668,-2.5,201404160SAS-SAS,201404160SAS-LAL,SAS-2014,0,2014,-54.16666666666667,5.1938461538461524,pendeje02-2014
josepco01,21.483333333333334,-0.3,201404160SAS-SAS,201404160SAS-LAL,SAS-2014,0,2014,-6.445,5.1938461538461524,josepco01-2014
greenda02,19.666666666666668,-2.5,201404160SAS-SAS,201404160SAS-LAL,SAS-2014,0,2014,-49.16666666666667,5.1938461538461524,greenda02-2014
bonnema01,16.75,2.2,201404160SAS-SAS,201404160SAS-LAL,SAS-2014,0,2014,36.85,5.1938461538461524,bonnema01-2014
diawbo01,16.75,-2.9,201404160SAS-SAS,201404160SAS-LAL,SAS-2014,0,2014,-48.574999999999996,5.1938461538461524,diawbo01-2014
parketo01,15.85,3.8,201404160SAS-SAS,201404160SAS-LAL,SAS-2014,0,2014,60.23,5.1938461538461524,parketo01-2014
baynear01,14.5,-2,201404160SAS-SAS,201404160SAS-LAL,SAS-2014,0,2014,-29,5.1938461538461524,baynear01-2014
millspa02,14.183333333333334,-0.3,201404160SAS-SAS,201404160SAS-LAL,SAS-2014,0,2014,-4.255,5.1938461538461524,millspa02-2014
dayeau01,14.166666666666666,2,201404160SAS-SAS,201404160SAS-LAL,SAS-2014,0,2014,28.333333333333332,5.1938461538461524,dayeau01-2014
jamesda01,12,-2.5,201404160SAS-SAS,201404160SAS-LAL,SAS-2014,0,2014,-30,5.1938461538461524,jamesda01-2014
griffbl01,40.15,-3.1,201310290LAL-LAC,201310290LAL-LAL,LAC-2014,0,2014,-124.465,27.452333333333335,griffbl01-2014
paulch01,35.96666666666667,6.7,201310290LAL-LAC,201310290LAL-LAL,LAC-2014,0,2014,240.9766666666667,27.452333333333335,paulch01-2014
jordade01,35.483333333333334,7.2,201310290LAL-LAC,201310290LAL-LAL,LAC-2014,0,2014,255.48000000000002,27.452333333333335,jordade01-2014
redicjj01,33.81666666666667,-0.8,201310290LAL-LAC,201310290LAL-LAL,LAC-2014,0,2014,-27.053333333333338,27.452333333333335,redicjj01-2014
barnema02,28.466666666666665,0.5,201310290LAL-LAC,201310290LAL-LAL,LAC-2014,0,2014,14.233333333333333,27.452333333333335,barnema02-2014
crawfja01,25.9,-0.4,201310290LAL-LAC,201310290LAL-LAL,LAC-2014,0,2014,-10.36,27.452333333333335,crawfja01-2014
dudleja01,22.716666666666665,-3.2,201310290LAL-LAC,201310290LAL-LAL,LAC-2014,0,2014,-72.69333333333333,27.452333333333335,dudleja01-2014
collida01,12.483333333333333,0.5,201310290LAL-LAC,201310290LAL-LAL,LAC-2014,0,2014,6.241666666666666,27.452333333333335,collida01-2014
holliry01,3.95,-2.2,201310290LAL-LAC,201310290LAL-LAL,LAC-2014,0,2014,-8.690000000000001,27.452333333333335,holliry01-2014
bullore01,1.0666666666666667,0.8,201310290LAL-LAC,201310290LAL-LAL,LAC-2014,0,2014,0.8533333333333334,27.452333333333335,bullore01-2014
henryxa01,35.516666666666666,-7.5,201310300GSW-LAL,201310300GSW-GSW,LAL-2014,0,2014,-266.375,-27.023611111111112,henryxa01-2014
blakest01,31.666666666666668,-1.6,201310300GSW-LAL,201310300GSW-GSW,LAL-2014,0,2014,-50.66666666666667,-27.023611111111112,blakest01-2014
farmajo01,25.583333333333332,-2.2,201310300GSW-LAL,201310300GSW-GSW,LAL-2014,0,2014,-56.28333333333334,-27.023611111111112,farmajo01-2014
johnswe01,24.95,4,201310300GSW-LAL,201310300GSW-GSW,LAL-2014,0,2014,99.8,-27.023611111111112,johnswe01-2014
gasolpa01,23.05,1.4,201310300GSW-LAL,201310300GSW-GSW,LAL-2014,0,2014,32.269999999999996,-27.023611111111112,gasolpa01-2014
meeksjo01,22.266666666666666,0.6,201310300GSW-LAL,201310300GSW-GSW,LAL-2014,0,2014,13.36,-27.023611111111112,meeksjo01-2014
youngni01,19.716666666666665,-4.2,201310300GSW-LAL,201310300GSW-GSW,LAL-2014,0,2014,-82.81,-27.023611111111112,youngni01-2014
kamanch01,17.716666666666665,0.6,201310300GSW-LAL,201310300GSW-GSW,LAL-2014,0,2014,10.629999999999999,-27.023611111111112,kamanch01-2014
hilljo01,12.816666666666666,0,201310300GSW-LAL,201310300GSW-GSW,LAL-2014,0,2014,0,-27.023611111111112,hilljo01-2014
willish03,11.516666666666667,-2.3,201310300GSW-LAL,201310300GSW-GSW,LAL-2014,0,2014,-26.488333333333333,-27.023611111111112,willish03-2014
harriel01,7.6,0.3,201310300GSW-LAL,201310300GSW-GSW,LAL-2014,0,2014,2.28,-27.023611111111112,harriel01-2014
sacrero01,7.6,0,201310300GSW-LAL,201310300GSW-GSW,LAL-2014,0,2014,0,-27.023611111111112,sacrero01-2014
parketo01,35.93333333333333,9.5,201311010LAL-SAS,201311010LAL-LAL,SAS-2014,1,2014,341.3666666666666,54.26819444444444,parketo01-2014
splitti01,32.36666666666667,2.4,201311010LAL-SAS,201311010LAL-LAL,SAS-2014,1,2014,77.67999999999999,54.26819444444444,splitti01-2014
leonaka01,31.566666666666666,2.7,201311010LAL-SAS,201311010LAL-LAL,SAS-2014,1,2014,85.23,54.26819444444444,leonaka01-2014
ginobma01,27.133333333333333,9.1,201311010LAL-SAS,201311010LAL-LAL,SAS-2014,1,2014,246.91333333333333,54.26819444444444,ginobma01-2014
diawbo01,22.383333333333333,1.8,201311010LAL-SAS,201311010LAL-LAL,SAS-2014,1,2014,40.29,54.26819444444444,diawbo01-2014
greenda02,20.866666666666667,0.9,201311010LAL-SAS,201311010LAL-LAL,SAS-2014,1,2014,18.78,54.26819444444444,greenda02-2014
belinma01,16.433333333333334,-1.8,201311010LAL-SAS,201311010LAL-LAL,SAS-2014,1,2014,-29.580000000000002,54.26819444444444,belinma01-2014
bonnema01,15.65,-0.9,201311010LAL-SAS,201311010LAL-LAL,SAS-2014,1,2014,-14.085,54.26819444444444,bonnema01-2014
pendeje02,13.15,-5,201311010LAL-SAS,201311010LAL-LAL,SAS-2014,1,2014,-65.75,54.26819444444444,pendeje02-2014
baynear01,12.1,-4.6,201311010LAL-SAS,201311010LAL-LAL,SAS-2014,1,2014,-55.66,54.26819444444444,baynear01-2014
millspa02,12.066666666666666,0.5,201311010LAL-SAS,201311010LAL-LAL,SAS-2014,1,2014,6.033333333333333,54.26819444444444,millspa02-2014
josepco01,0.35,0,201311010LAL-SAS,201311010LAL-LAL,SAS-2014,1,2014,0,54.26819444444444,josepco01-2014
korveky01,37.31666666666667,13,201311030LAL-ATL,201311030LAL-LAL,ATL-2014,0,2014,485.11666666666673,25.841212121212127,korveky01-2014
horfoal01,33.61666666666667,-2.6,201311030LAL-ATL,201311030LAL-LAL,ATL-2014,0,2014,-87.40333333333334,25.841212121212127,horfoal01-2014
teaguje01,32.666666666666664,-2.4,201311030LAL-ATL,201311030LAL-LAL,ATL-2014,0,2014,-78.39999999999999,25.841212121212127,teaguje01-2014
millspa01,28.883333333333333,2.5,201311030LAL-ATL,201311030LAL-LAL,ATL-2014,0,2014,72.20833333333333,25.841212121212127,millspa01-2014
martica01,27.816666666666666,0.3,201311030LAL-ATL,201311030LAL-LAL,ATL-2014,0,2014,8.344999999999999,25.841212121212127,martica01-2014
scottmi01,21.6,-1,201311030LAL-ATL,201311030LAL-LAL,ATL-2014,0,2014,-21.6,25.841212121212127,scottmi01-2014
schrode01,21.566666666666666,-2.4,201311030LAL-ATL,201311030LAL-LAL,ATL-2014,0,2014,-51.76,25.841212121212127,schrode01-2014
carrode01,18.633333333333333,-2.2,201311030LAL-ATL,201311030LAL-LAL,ATL-2014,0,2014,-40.99333333333333,25.841212121212127,carrode01-2014
anticpe01,7.666666666666667,0.2,201311030LAL-ATL,201311030LAL-LAL,ATL-2014,0,2014,1.5333333333333334,25.841212121212127,anticpe01-2014
jenkijo01,5.9,-0.4,201311030LAL-ATL,201311030LAL-LAL,ATL-2014,0,2014,-2.3600000000000003,25.841212121212127,jenkijo01-2014
brandel01,4.333333333333333,-0.1,201311030LAL-ATL,201311030LAL-LAL,ATL-2014,0,2014,-0.43333333333333335,25.841212121212127,brandel01-2014
gasolpa01,31.1,1,201311050DAL-LAL,201311050DAL-DAL,LAL-2014,0,2014,31.1,-7.9951282051282035,gasolpa01-2014
blakest01,27.15,-3.9,201311050DAL-LAL,201311050DAL-DAL,LAL-2014,0,2014,-105.88499999999999,-7.9951282051282035,blakest01-2014
youngni01,27,3.2,201311050DAL-LAL,201311050DAL-DAL,LAL-2014,0,2014,86.4,-7.9951282051282035,youngni01-2014
farmajo01,24.233333333333334,-0.4,201311050DAL-LAL,201311050DAL-DAL,LAL-2014,0,2014,-9.693333333333335,-7.9951282051282035,farmajo01-2014
meeksjo01,21.966666666666665,-1.5,201311050DAL-LAL,201311050DAL-DAL,LAL-2014,0,2014,-32.949999999999996,-7.9951282051282035,meeksjo01-2014
johnswe01,21.366666666666667,0.8,201311050DAL-LAL,201311050DAL-DAL,LAL-2014,0,2014,17.093333333333334,-7.9951282051282035,johnswe01-2014
henryxa01,21,0.1,201311050DAL-LAL,201311050DAL-DAL,LAL-2014,0,2014,2.1,-7.9951282051282035,henryxa01-2014
nashst01,20.366666666666667,-3.5,201311050DAL-LAL,201311050DAL-DAL,LAL-2014,0,2014,-71.28333333333333,-7.9951282051282035,nashst01-2014
kamanch01,17.2,-1.4,201311050DAL-LAL,201311050DAL-DAL,LAL-2014,0,2014,-24.08,-7.9951282051282035,kamanch01-2014
hilljo01,15.45,0.3,201311050DAL-LAL,201311050DAL-DAL,LAL-2014,0,2014,4.635,-7.9951282051282035,hilljo01-2014
willish03,5.4,0.2,201311050DAL-LAL,201311050DAL-DAL,LAL-2014,0,2014,1.08,-7.9951282051282035,willish03-2014
sacrero01,4.733333333333333,-1.8,201311050DAL-LAL,201311050DAL-DAL,LAL-2014,0,2014,-8.52,-7.9951282051282035,sacrero01-2014
kellyry01,3.033333333333333,2,201311050DAL-LAL,201311050DAL-DAL,LAL-2014,0,2014,6.066666666666666,-7.9951282051282035,kellyry01-2014
blakest01,33.96666666666667,3.2,201311070HOU-LAL,201311070HOU-HOU,LAL-2014,1,2014,108.69333333333334,28.167166666666667,blakest01-2014
gasolpa01,31.983333333333334,-7.2,201311070HOU-LAL,201311070HOU-HOU,LAL-2014,1,2014,-230.28,28.167166666666667,gasolpa01-2014
johnswe01,28.366666666666667,3.3,201311070HOU-LAL,201311070HOU-HOU,LAL-2014,1,2014,93.61,28.167166666666667,johnswe01-2014
nashst01,27.966666666666665,-0.1,201311070HOU-LAL,201311070HOU-HOU,LAL-2014,1,2014,-2.796666666666667,28.167166666666667,nashst01-2014
meeksjo01,26.116666666666667,7.7,201311070HOU-LAL,201311070HOU-HOU,LAL-2014,1,2014,201.09833333333333,28.167166666666667,meeksjo01-2014
youngni01,21.983333333333334,2.8,201311070HOU-LAL,201311070HOU-HOU,LAL-2014,1,2014,61.553333333333335,28.167166666666667,youngni01-2014
farmajo01,20.016666666666666,2.7,201311070HOU-LAL,201311070HOU-HOU,LAL-2014,1,2014,54.045,28.167166666666667,farmajo01-2014
kamanch01,19.65,1.5,201311070HOU-LAL,201311070HOU-HOU,LAL-2014,1,2014,29.474999999999998,28.167166666666667,kamanch01-2014
hilljo01,16.016666666666666,1.2,201311070HOU-LAL,201311070HOU-HOU,LAL-2014,1,2014,19.22,28.167166666666667,hilljo01-2014
henryxa01,13.933333333333334,-3.8,201311070HOU-LAL,201311070HOU-HOU,LAL-2014,1,2014,-52.946666666666665,28.167166666666667,henryxa01-2014
meeksjo01,41.583333333333336,-0.7,201311080NOP-LAL,201311080NOP-NOP,LAL-2014,0,2014,-29.108333333333334,-3.3179629629629623,meeksjo01-2014
blakest01,36.483333333333334,-0.6,201311080NOP-LAL,201311080NOP-NOP,LAL-2014,0,2014,-21.89,-3.3179629629629623,blakest01-2014
youngni01,28.45,-3.8,201311080NOP-LAL,201311080NOP-NOP,LAL-2014,0,2014,-108.10999999999999,-3.3179629629629623,youngni01-2014
gasolpa01,27.5,0.6,201311080NOP-LAL,201311080NOP-NOP,LAL-2014,0,2014,16.5,-3.3179629629629623,gasolpa01-2014
kamanch01,23.516666666666666,4.1,201311080NOP-LAL,201311080NOP-NOP,LAL-2014,0,2014,96.41833333333332,-3.3179629629629623,kamanch01-2014
farmajo01,22.65,-1.6,201311080NOP-LAL,201311080NOP-NOP,LAL-2014,0,2014,-36.24,-3.3179629629629623,farmajo01-2014
hilljo01,22.283333333333335,2.2,201311080NOP-LAL,201311080NOP-NOP,LAL-2014,0,2014,49.02333333333334,-3.3179629629629623,hilljo01-2014
johnswe01,21.15,0.4,201311080NOP-LAL,201311080NOP-NOP,LAL-2014,0,2014,8.459999999999999,-3.3179629629629623,johnswe01-2014
henryxa01,16.383333333333333,-0.3,201311080NOP-LAL,201311080NOP-NOP,LAL-2014,0,2014,-4.915,-3.3179629629629623,henryxa01-2014
breweco01,38.03333333333333,8.6,201311100LAL-MIN,201311100LAL-LAL,MIN-2014,1,2014,327.08666666666664,80.25628205128206,breweco01-2014
rubiori01,38,9.6,201311100LAL-MIN,201311100LAL-LAL,MIN-2014,1,2014,364.8,80.25628205128206,rubiori01-2014
loveke01,36.78333333333333,6.4,201311100LAL-MIN,201311100LAL-LAL,MIN-2014,1,2014,235.41333333333333,80.25628205128206,loveke01-2014
pekovni01,34.4,0.3,201311100LAL-MIN,201311100LAL-LAL,MIN-2014,1,2014,10.319999999999999,80.25628205128206,pekovni01-2014
martike02,33.03333333333333,5.2,201311100LAL-MIN,201311100LAL-LAL,MIN-2014,1,2014,171.77333333333334,80.25628205128206,martike02-2014
bareajo01,18.983333333333334,-3,201311100LAL-MIN,201311100LAL-LAL,MIN-2014,1,2014,-56.95,80.25628205128206,bareajo01-2014
cunnida01,18.833333333333332,-0.3,201311100LAL-MIN,201311100LAL-LAL,MIN-2014,1,2014,-5.6499999999999995,80.25628205128206,cunnida01-2014
shvedal01,7.6,1.5,201311100LAL-MIN,201311100LAL-LAL,MIN-2014,1,2014,11.399999999999999,80.25628205128206,shvedal01-2014
priceaj01,3.2,0.6,201311100LAL-MIN,201311100LAL-LAL,MIN-2014,1,2014,1.92,80.25628205128206,priceaj01-2014
willide02,3.2,-2,201311100LAL-MIN,201311100LAL-LAL,MIN-2014,1,2014,-6.4,80.25628205128206,willide02-2014
dienggo01,2.783333333333333,-1.6,201311100LAL-MIN,201311100LAL-LAL,MIN-2014,1,2014,-4.453333333333333,80.25628205128206,dienggo01-2014
muhamsh01,2.783333333333333,-2.3,201311100LAL-MIN,201311100LAL-LAL,MIN-2014,1,2014,-6.4016666666666655,80.25628205128206,muhamsh01-2014
hummero01,2.3666666666666667,0.2,201311100LAL-MIN,201311100LAL-LAL,MIN-2014,1,2014,0.4733333333333334,80.25628205128206,hummero01-2014
gordoer01,32.05,1.8,201311120LAL-NOP,201311120LAL-LAL,NOP-2014,0,2014,57.69,-11.671527777777778,gordoer01-2014
evansty01,30.666666666666668,-1.8,201311120LAL-NOP,201311120LAL-LAL,NOP-2014,0,2014,-55.2,-11.671527777777778,evansty01-2014
smithja02,27.816666666666666,-3.7,201311120LAL-NOP,201311120LAL-LAL,NOP-2014,0,2014,-102.92166666666667,-11.671527777777778,smithja02-2014
holidjr01,27.183333333333334,-5.8,201311120LAL-NOP,201311120LAL-LAL,NOP-2014,0,2014,-157.66333333333333,-11.671527777777778,holidjr01-2014
davisan02,26.483333333333334,2.4,201311120LAL-NOP,201311120LAL-LAL,NOP-2014,0,2014,63.56,-11.671527777777778,davisan02-2014
witheje01,18.3,2.5,201311120LAL-NOP,201311120LAL-LAL,NOP-2014,0,2014,45.75,-11.671527777777778,witheje01-2014
aminual01,17.55,-0.1,201311120LAL-NOP,201311120LAL-LAL,NOP-2014,0,2014,-1.7550000000000001,-11.671527777777778,aminual01-2014
morroan01,16.183333333333334,4.5,201311120LAL-NOP,201311120LAL-LAL,NOP-2014,0,2014,72.825,-11.671527777777778,morroan01-2014
riverau01,14.783333333333333,0,201311120LAL-NOP,201311120LAL-LAL,NOP-2014,0,2014,0,-11.671527777777778,riverau01-2014
stiemgr01,11.683333333333334,-2.2,201311120LAL-NOP,201311120LAL-LAL,NOP-2014,0,2014,-25.703333333333337,-11.671527777777778,stiemgr01-2014
roberbr01,8.9,-4.4,201311120LAL-NOP,201311120LAL-LAL,NOP-2014,0,2014,-39.160000000000004,-11.671527777777778,roberbr01-2014
amundlo01,8.4,0.3,201311120LAL-NOP,201311120LAL-LAL,NOP-2014,0,2014,2.52,-11.671527777777778,amundlo01-2014
blakest01,33.78333333333333,3.6,201311130DEN-LAL,201311130DEN-DEN,LAL-2014,0,2014,121.61999999999999,30.022499999999997,blakest01-2014
gasolpa01,33.416666666666664,2.2,201311130DEN-LAL,201311130DEN-DEN,LAL-2014,0,2014,73.51666666666667,30.022499999999997,gasolpa01-2014
johnswe01,31.566666666666666,8.7,201311130DEN-LAL,201311130DEN-DEN,LAL-2014,0,2014,274.63,30.022499999999997,johnswe01-2014
hilljo01,30.333333333333332,6.9,201311130DEN-LAL,201311130DEN-DEN,LAL-2014,0,2014,209.3,30.022499999999997,hilljo01-2014
meeksjo01,27.033333333333335,-5.9,201311130DEN-LAL,201311130DEN-DEN,LAL-2014,0,2014,-159.4966666666667,30.022499999999997,meeksjo01-2014
youngni01,26.45,-0.8,201311130DEN-LAL,201311130DEN-DEN,LAL-2014,0,2014,-21.16,30.022499999999997,youngni01-2014
kamanch01,18.583333333333332,-3.7,201311130DEN-LAL,201311130DEN-DEN,LAL-2014,0,2014,-68.75833333333333,30.022499999999997,kamanch01-2014
henryxa01,15.833333333333334,-1.7,201311130DEN-LAL,201311130DEN-DEN,LAL-2014,0,2014,-26.916666666666668,30.022499999999997,henryxa01-2014
farmajo01,14.233333333333333,-4.8,201311130DEN-LAL,201311130DEN-DEN,LAL-2014,0,2014,-68.32,30.022499999999997,farmajo01-2014
willish03,8.766666666666667,-3.9,201311130DEN-LAL,201311130DEN-DEN,LAL-2014,0,2014,-34.190000000000005,30.022499999999997,willish03-2014
gasolma01,41.516666666666666,11.5,201311150LAL-MEM,201311150LAL-LAL,MEM-2014,1,2014,477.44166666666666,64.50444444444445,gasolma01-2014
randoza01,35.733333333333334,7.8,201311150LAL-MEM,201311150LAL-LAL,MEM-2014,1,2014,278.72,64.50444444444445,randoza01-2014
conlemi01,34.016666666666666,-1.3,201311150LAL-MEM,201311150LAL-LAL,MEM-2014,1,2014,-44.221666666666664,64.50444444444445,conlemi01-2014
princta01,27.65,0,201311150LAL-MEM,201311150LAL-LAL,MEM-2014,1,2014,0,64.50444444444445,princta01-2014
millemi01,25.766666666666666,-5.4,201311150LAL-MEM,201311150LAL-LAL,MEM-2014,1,2014,-139.14000000000001,64.50444444444445,millemi01-2014
allento01,22.283333333333335,6.7,201311150LAL-MEM,201311150LAL-LAL,MEM-2014,1,2014,149.29833333333335,64.50444444444445,allento01-2014
pondequ01,20.35,-2.3,201311150LAL-MEM,201311150LAL-LAL,MEM-2014,1,2014,-46.805,64.50444444444445,pondequ01-2014
koufoko01,18.716666666666665,-2.6,201311150LAL-MEM,201311150LAL-LAL,MEM-2014,1,2014,-48.663333333333334,64.50444444444445,koufoko01-2014
bayleje01,13.966666666666667,-3.3,201311150LAL-MEM,201311150LAL-LAL,MEM-2014,1,2014,-46.089999999999996,64.50444444444445,bayleje01-2014
jennibr01,39,3.9,201311170LAL-DET,201311170LAL-LAL,DET-2014,0,2014,152.1,8.318055555555558,jennibr01-2014
smithjo03,38.35,4.9,201311170LAL-DET,201311170LAL-LAL,DET-2014,0,2014,187.91500000000002,8.318055555555558,smithjo03-2014
drumman01,37.583333333333336,2,201311170LAL-DET,201311170LAL-LAL,DET-2014,0,2014,75.16666666666667,8.318055555555558,drumman01-2014
monrogr01,37.46666666666667,-1.1,201311170LAL-DET,201311170LAL-LAL,DET-2014,0,2014,-41.21333333333334,8.318055555555558,monrogr01-2014
stuckro01,30.116666666666667,-3.3,201311170LAL-DET,201311170LAL-LAL,DET-2014,0,2014,-99.38499999999999,8.318055555555558,stuckro01-2014
caldwke01,26.416666666666668,-4.5,201311170LAL-DET,201311170LAL-LAL,DET-2014,0,2014,-118.875,8.318055555555558,caldwke01-2014
singlky01,19.7,-2.3,201311170LAL-DET,201311170LAL-LAL,DET-2014,0,2014,-45.309999999999995,8.318055555555558,singlky01-2014
datomlu01,6.05,-1.5,201311170LAL-DET,201311170LAL-LAL,DET-2014,0,2014,-9.075,8.318055555555558,datomlu01-2014
jerebjo01,3.216666666666667,-0.2,201311170LAL-DET,201311170LAL-LAL,DET-2014,0,2014,-0.6433333333333334,8.318055555555558,jerebjo01-2014
harrejo01,0.8166666666666667,-0.9,201311170LAL-DET,201311170LAL-LAL,DET-2014,0,2014,-0.735,8.318055555555558,harrejo01-2014
mitchto02,0.8166666666666667,-0.1,201311170LAL-DET,201311170LAL-LAL,DET-2014,0,2014,-0.08166666666666667,8.318055555555558,mitchto02-2014
sivape01,0.4666666666666667,-0.1,201311170LAL-DET,201311170LAL-LAL,DET-2014,0,2014,-0.04666666666666667,8.318055555555558,sivape01-2014
barneha02,44.3,7.9,201311220LAL-GSW,201311220LAL-LAL,GSW-2014,0,2014,349.96999999999997,49.69466666666666,barneha02-2014
leeda02,41.6,0.4,201311220LAL-GSW,201311220LAL-LAL,GSW-2014,0,2014,16.64,49.69466666666666,leeda02-2014
thompkl01,41.21666666666667,-0.5,201311220LAL-GSW,201311220LAL-LAL,GSW-2014,0,2014,-20.608333333333334,49.69466666666666,thompkl01-2014
bogutan01,32.36666666666667,6,201311220LAL-GSW,201311220LAL-LAL,GSW-2014,0,2014,194.2,49.69466666666666,bogutan01-2014
iguodan01,27.933333333333334,-3.9,201311220LAL-GSW,201311220LAL-LAL,GSW-2014,0,2014,-108.94,49.69466666666666,iguodan01-2014
greendr01,27.333333333333332,6,201311220LAL-GSW,201311220LAL-LAL,GSW-2014,0,2014,164,49.69466666666666,greendr01-2014
speigma01,10.983333333333333,-4.7,201311220LAL-GSW,201311220LAL-LAL,GSW-2014,0,2014,-51.62166666666666,49.69466666666666,speigma01-2014
bazemke01,8.366666666666667,-3.8,201311220LAL-GSW,201311220LAL-LAL,GSW-2014,0,2014,-31.793333333333333,49.69466666666666,bazemke01-2014
nedovne01,5.3,-2.8,201311220LAL-GSW,201311220LAL-LAL,GSW-2014,0,2014,-14.839999999999998,49.69466666666666,nedovne01-2014
dedmode01,0.6,-0.1,201311220LAL-GSW,201311220LAL-LAL,GSW-2014,0,2014,-0.06,49.69466666666666,dedmode01-2014
vasqugr01,32.85,2.3,201311240LAL-SAC,201311240LAL-LAL,SAC-2014,0,2014,75.55499999999999,-2.6201515151515182,vasqugr01-2014
mbahalu01,31.7,-1.7,201311240LAL-SAC,201311240LAL-LAL,SAC-2014,0,2014,-53.89,-2.6201515151515182,mbahalu01-2014
couside01,30.533333333333335,4.3,201311240LAL-SAC,201311240LAL-LAL,SAC-2014,0,2014,131.29333333333332,-2.6201515151515182,couside01-2014
thomais02,29.583333333333332,-4.4,201311240LAL-SAC,201311240LAL-LAL,SAC-2014,0,2014,-130.16666666666669,-2.6201515151515182,thomais02-2014
mclembe01,26.266666666666666,-2.4,201311240LAL-SAC,201311240LAL-LAL,SAC-2014,0,2014,-63.03999999999999,-2.6201515151515182,mclembe01-2014
thompja02,22.183333333333334,1.7,201311240LAL-SAC,201311240LAL-LAL,SAC-2014,0,2014,37.711666666666666,-2.6201515151515182,thompja02-2014
pattepa01,17.35,-2.4,201311240LAL-SAC,201311240LAL-LAL,SAC-2014,0,2014,-41.64,-2.6201515151515182,pattepa01-2014
outlatr01,16.216666666666665,0.4,201311240LAL-SAC,201311240LAL-LAL,SAC-2014,0,2014,6.486666666666666,-2.6201515151515182,outlatr01-2014
salmojo01,16.133333333333333,0.3,201311240LAL-SAC,201311240LAL-LAL,SAC-2014,0,2014,4.84,-2.6201515151515182,salmojo01-2014
fredeji01,14.366666666666667,0.3,201311240LAL-SAC,201311240LAL-LAL,SAC-2014,0,2014,4.31,-2.6201515151515182,fredeji01-2014
ndiayha01,2.8166666666666664,-0.1,201311240LAL-SAC,201311240LAL-LAL,SAC-2014,0,2014,-0.2816666666666667,-2.6201515151515182,ndiayha01-2014
johnswe01,37.71666666666667,5.2,201311260WAS-LAL,201311260WAS-WAS,LAL-2014,0,2014,196.1266666666667,21.51018518518518,johnswe01-2014
gasolpa01,34.75,0.8,201311260WAS-LAL,201311260WAS-WAS,LAL-2014,0,2014,27.8,21.51018518518518,gasolpa01-2014
blakest01,30.266666666666666,-1.9,201311260WAS-LAL,201311260WAS-WAS,LAL-2014,0,2014,-57.50666666666666,21.51018518518518,blakest01-2014
hilljo01,30.116666666666667,-4.9,201311260WAS-LAL,201311260WAS-WAS,LAL-2014,0,2014,-147.5716666666667,21.51018518518518,hilljo01-2014
meeksjo01,28.033333333333335,-0.1,201311260WAS-LAL,201311260WAS-WAS,LAL-2014,0,2014,-2.8033333333333337,21.51018518518518,meeksjo01-2014
farmajo01,26.083333333333332,10.2,201311260WAS-LAL,201311260WAS-WAS,LAL-2014,0,2014,266.04999999999995,21.51018518518518,farmajo01-2014
willish03,20.783333333333335,-7.2,201311260WAS-LAL,201311260WAS-WAS,LAL-2014,0,2014,-149.64000000000001,21.51018518518518,willish03-2014
youngni01,20.633333333333333,2.4,201311260WAS-LAL,201311260WAS-WAS,LAL-2014,0,2014,49.519999999999996,21.51018518518518,youngni01-2014
henryxa01,11.616666666666667,1,201311260WAS-LAL,201311260WAS-WAS,LAL-2014,0,2014,11.616666666666667,21.51018518518518,henryxa01-2014
gasolpa01,34.56666666666667,-1.7,201311270BRK-LAL,201311270BRK-BRK,LAL-2014,1,2014,-58.763333333333335,25.511666666666663,gasolpa01-2014
youngni01,32.75,7.6,201311270BRK-LAL,201311270BRK-BRK,LAL-2014,1,2014,248.89999999999998,25.511666666666663,youngni01-2014
meeksjo01,31.316666666666666,-2.2,201311270BRK-LAL,201311270BRK-BRK,LAL-2014,1,2014,-68.89666666666668,25.511666666666663,meeksjo01-2014
blakest01,29.166666666666668,3,201311270BRK-LAL,201311270BRK-BRK,LAL-2014,1,2014,87.5,25.511666666666663,blakest01-2014
johnswe01,24.966666666666665,-0.2,201311270BRK-LAL,201311270BRK-BRK,LAL-2014,1,2014,-4.993333333333333,25.511666666666663,johnswe01-2014
willish03,24.516666666666666,-2.4,201311270BRK-LAL,201311270BRK-BRK,LAL-2014,1,2014,-58.839999999999996,25.511666666666663,willish03-2014
farmajo01,21.833333333333332,11.4,201311270BRK-LAL,201311270BRK-BRK,LAL-2014,1,2014,248.9,25.511666666666663,farmajo01-2014
hilljo01,20.566666666666666,-7.2,201311270BRK-LAL,201311270BRK-BRK,LAL-2014,1,2014,-148.08,25.511666666666663,hilljo01-2014
henryxa01,12.633333333333333,0.5,201311270BRK-LAL,201311270BRK-BRK,LAL-2014,1,2014,6.316666666666666,25.511666666666663,henryxa01-2014
sacrero01,7.683333333333334,0.4,201311270BRK-LAL,201311270BRK-BRK,LAL-2014,1,2014,3.0733333333333337,25.511666666666663,sacrero01-2014
johnswe01,33.38333333333333,13.8,201311290DET-LAL,201311290DET-DET,LAL-2014,1,2014,460.69,37.64383333333333,johnswe01-2014
gasolpa01,32.9,-3.8,201311290DET-LAL,201311290DET-DET,LAL-2014,1,2014,-125.01999999999998,37.64383333333333,gasolpa01-2014
willish03,30.766666666666666,10.6,201311290DET-LAL,201311290DET-DET,LAL-2014,1,2014,326.12666666666667,37.64383333333333,willish03-2014
youngni01,27.85,-3.7,201311290DET-LAL,201311290DET-DET,LAL-2014,1,2014,-103.04500000000002,37.64383333333333,youngni01-2014
meeksjo01,26.65,0.5,201311290DET-LAL,201311290DET-DET,LAL-2014,1,2014,13.325,37.64383333333333,meeksjo01-2014
farmajo01,24.05,-0.5,201311290DET-LAL,201311290DET-DET,LAL-2014,1,2014,-12.025,37.64383333333333,farmajo01-2014
blakest01,23.95,-5.4,201311290DET-LAL,201311290DET-DET,LAL-2014,1,2014,-129.33,37.64383333333333,blakest01-2014
hilljo01,13.833333333333334,-2,201311290DET-LAL,201311290DET-DET,LAL-2014,1,2014,-27.666666666666668,37.64383333333333,hilljo01-2014
henryxa01,13.433333333333334,-1,201311290DET-LAL,201311290DET-DET,LAL-2014,1,2014,-13.433333333333334,37.64383333333333,henryxa01-2014
sacrero01,13.183333333333334,-1,201311290DET-LAL,201311290DET-DET,LAL-2014,1,2014,-13.183333333333334,37.64383333333333,sacrero01-2014
lillada01,37.56666666666667,8.1,201312010LAL-POR,201312010LAL-LAL,POR-2014,1,2014,304.29,71.87703703703704,lillada01-2014
matthwe02,36.36666666666667,4.8,201312010LAL-POR,201312010LAL-LAL,POR-2014,1,2014,174.56,71.87703703703704,matthwe02-2014
batumni01,36.03333333333333,5,201312010LAL-POR,201312010LAL-LAL,POR-2014,1,2014,180.16666666666666,71.87703703703704,batumni01-2014
aldrila01,35.53333333333333,5,201312010LAL-POR,201312010LAL-LAL,POR-2014,1,2014,177.66666666666666,71.87703703703704,aldrila01-2014
lopezro01,28.566666666666666,-1,201312010LAL-POR,201312010LAL-LAL,POR-2014,1,2014,-28.566666666666666,71.87703703703704,lopezro01-2014
willima01,23.983333333333334,-4.9,201312010LAL-POR,201312010LAL-LAL,POR-2014,1,2014,-117.51833333333335,71.87703703703704,willima01-2014
freeljo01,16.3,0.3,201312010LAL-POR,201312010LAL-LAL,POR-2014,1,2014,4.89,71.87703703703704,freeljo01-2014
robinth01,12.883333333333333,-0.7,201312010LAL-POR,201312010LAL-LAL,POR-2014,1,2014,-9.018333333333333,71.87703703703704,robinth01-2014
wrighdo01,12.766666666666667,-3.1,201312010LAL-POR,201312010LAL-LAL,POR-2014,1,2014,-39.57666666666667,71.87703703703704,wrighdo01-2014
blakest01,39.25,-3,201312060SAC-LAL,201312060SAC-SAC,LAL-2014,1,2014,-117.75,27.598518518518524,blakest01-2014
meeksjo01,33.45,6.2,201312060SAC-LAL,201312060SAC-SAC,LAL-2014,1,2014,207.39000000000001,27.598518518518524,meeksjo01-2014
gasolpa01,33.18333333333333,3.1,201312060SAC-LAL,201312060SAC-SAC,LAL-2014,1,2014,102.86833333333333,27.598518518518524,gasolpa01-2014
johnswe01,32.06666666666667,6.2,201312060SAC-LAL,201312060SAC-SAC,LAL-2014,1,2014,198.81333333333336,27.598518518518524,johnswe01-2014
youngni01,30.9,-4.6,201312060SAC-LAL,201312060SAC-SAC,LAL-2014,1,2014,-142.14,27.598518518518524,youngni01-2014
willish03,22.616666666666667,-1.9,201312060SAC-LAL,201312060SAC-SAC,LAL-2014,1,2014,-42.971666666666664,27.598518518518524,willish03-2014
henryxa01,17.083333333333332,-2.1,201312060SAC-LAL,201312060SAC-SAC,LAL-2014,1,2014,-35.875,27.598518518518524,henryxa01-2014
sacrero01,16.633333333333333,3,201312060SAC-LAL,201312060SAC-SAC,LAL-2014,1,2014,49.9,27.598518518518524,sacrero01-2014
hilljo01,14.816666666666666,1.9,201312060SAC-LAL,201312060SAC-SAC,LAL-2014,1,2014,28.151666666666664,27.598518518518524,hilljo01-2014
derozde01,41.3,6.2,201312080LAL-TOR,201312080LAL-LAL,TOR-2014,1,2014,256.06,79.10708333333334,derozde01-2014
lowryky01,36.63333333333333,9.8,201312080LAL-TOR,201312080LAL-LAL,TOR-2014,1,2014,359.00666666666666,79.10708333333334,lowryky01-2014
johnsam01,35.6,11.7,201312080LAL-TOR,201312080LAL-LAL,TOR-2014,1,2014,416.52,79.10708333333334,johnsam01-2014
fieldla01,30.866666666666667,-6.3,201312080LAL-TOR,201312080LAL-LAL,TOR-2014,1,2014,-194.46,79.10708333333334,fieldla01-2014
valanjo01,28.233333333333334,-2.9,201312080LAL-TOR,201312080LAL-LAL,TOR-2014,1,2014,-81.87666666666667,79.10708333333334,valanjo01-2014
rosste01,28.05,1.2,201312080LAL-TOR,201312080LAL-LAL,TOR-2014,1,2014,33.66,79.10708333333334,rosste01-2014
novakst01,27.95,-6.6,201312080LAL-TOR,201312080LAL-LAL,TOR-2014,1,2014,-184.47,79.10708333333334,novakst01-2014
stoneju01,11.366666666666667,2.5,201312080LAL-TOR,201312080LAL-LAL,TOR-2014,1,2014,28.416666666666668,79.10708333333334,stoneju01-2014
dragigo01,37.88333333333333,7.3,201312100LAL-PHO,201312100LAL-LAL,PHO-2014,1,2014,276.54833333333335,56.66796296296297,dragigo01-2014
bledser01,36.96666666666667,0.4,201312100LAL-PHO,201312100LAL-LAL,PHO-2014,1,2014,14.786666666666669,56.66796296296297,bledser01-2014
tuckepj01,31.316666666666666,1.1,201312100LAL-PHO,201312100LAL-LAL,PHO-2014,1,2014,34.44833333333334,56.66796296296297,tuckepj01-2014
morrima02,28.616666666666667,1.4,201312100LAL-PHO,201312100LAL-LAL,PHO-2014,1,2014,40.06333333333333,56.66796296296297,morrima02-2014
morrima03,26.866666666666667,9,201312100LAL-PHO,201312100LAL-LAL,PHO-2014,1,2014,241.8,56.66796296296297,morrima03-2014
fryech01,26.616666666666667,1,201312100LAL-PHO,201312100LAL-LAL,PHO-2014,1,2014,26.616666666666667,56.66796296296297,fryech01-2014
plumlmi01,19.383333333333333,-0.8,201312100LAL-PHO,201312100LAL-LAL,PHO-2014,1,2014,-15.506666666666668,56.66796296296297,plumlmi01-2014
greenge01,17.15,-5.1,201312100LAL-PHO,201312100LAL-LAL,PHO-2014,1,2014,-87.46499999999999,56.66796296296297,greenge01-2014
goodwar01,15.2,-1.4,201312100LAL-PHO,201312100LAL-LAL,PHO-2014,1,2014,-21.279999999999998,56.66796296296297,goodwar01-2014
meeksjo01,36.016666666666666,-13.1,201312130OKC-LAL,201312130OKC-OKC,LAL-2014,0,2014,-471.8183333333333,-26.301666666666666,meeksjo01-2014
johnswe01,34.36666666666667,1.3,201312130OKC-LAL,201312130OKC-OKC,LAL-2014,0,2014,44.67666666666667,-26.301666666666666,johnswe01-2014
youngni01,30.783333333333335,2.1,201312130OKC-LAL,201312130OKC-OKC,LAL-2014,0,2014,64.64500000000001,-26.301666666666666,youngni01-2014
henryxa01,27.083333333333332,-0.3,201312130OKC-LAL,201312130OKC-OKC,LAL-2014,0,2014,-8.125,-26.301666666666666,henryxa01-2014
bryanko01,23.15,-0.8,201312130OKC-LAL,201312130OKC-OKC,LAL-2014,0,2014,-18.52,-26.301666666666666,bryanko01-2014
gasolpa01,23.15,3.4,201312130OKC-LAL,201312130OKC-OKC,LAL-2014,0,2014,78.71,-26.301666666666666,gasolpa01-2014
willish03,18.933333333333334,-1.4,201312130OKC-LAL,201312130OKC-OKC,LAL-2014,0,2014,-26.506666666666664,-26.301666666666666,willish03-2014
sacrero01,16.883333333333333,0.3,201312130OKC-LAL,201312130OKC-OKC,LAL-2014,0,2014,5.0649999999999995,-26.301666666666666,sacrero01-2014
hilljo01,12.283333333333333,1.5,201312130OKC-LAL,201312130OKC-OKC,LAL-2014,0,2014,18.425,-26.301666666666666,hilljo01-2014
kamanch01,12,2.1,201312130OKC-LAL,201312130OKC-OKC,LAL-2014,0,2014,25.200000000000003,-26.301666666666666,kamanch01-2014
kellyry01,5.35,-0.2,201312130OKC-LAL,201312130OKC-OKC,LAL-2014,0,2014,-1.07,-26.301666666666666,kellyry01-2014
johnswe01,35.61666666666667,4.4,201312140CHA-LAL,201312140CHA-CHA,LAL-2014,1,2014,156.71333333333334,24.826666666666668,johnswe01-2014
youngni01,32.333333333333336,0.4,201312140CHA-LAL,201312140CHA-CHA,LAL-2014,1,2014,12.933333333333335,24.826666666666668,youngni01-2014
bryanko01,32.233333333333334,2.7,201312140CHA-LAL,201312140CHA-CHA,LAL-2014,1,2014,87.03000000000002,24.826666666666668,bryanko01-2014
gasolpa01,32.233333333333334,-3.2,201312140CHA-LAL,201312140CHA-CHA,LAL-2014,1,2014,-103.14666666666668,24.826666666666668,gasolpa01-2014
hilljo01,30.983333333333334,4.7,201312140CHA-LAL,201312140CHA-CHA,LAL-2014,1,2014,145.62166666666667,24.826666666666668,hilljo01-2014
meeksjo01,22.933333333333334,-2.8,201312140CHA-LAL,201312140CHA-CHA,LAL-2014,1,2014,-64.21333333333332,24.826666666666668,meeksjo01-2014
henryxa01,20.983333333333334,-1.2,201312140CHA-LAL,201312140CHA-CHA,LAL-2014,1,2014,-25.18,24.826666666666668,henryxa01-2014
willish03,16.916666666666668,2.3,201312140CHA-LAL,201312140CHA-CHA,LAL-2014,1,2014,38.90833333333333,24.826666666666668,willish03-2014
sacrero01,15.766666666666667,-1.6,201312140CHA-LAL,201312140CHA-CHA,LAL-2014,1,2014,-25.22666666666667,24.826666666666668,sacrero01-2014
youngni01,32.71666666666667,6.3,201312160ATL-LAL,201312160ATL-ATL,LAL-2014,0,2014,206.115,2.1178333333333366,youngni01-2014
bryanko01,32.166666666666664,-7.9,201312160ATL-LAL,201312160ATL-ATL,LAL-2014,0,2014,-254.11666666666665,2.1178333333333366,bryanko01-2014
gasolpa01,32.166666666666664,0.5,201312160ATL-LAL,201312160ATL-ATL,LAL-2014,0,2014,16.083333333333332,2.1178333333333366,gasolpa01-2014
hilljo01,28.216666666666665,8.9,201312160ATL-LAL,201312160ATL-ATL,LAL-2014,0,2014,251.12833333333333,2.1178333333333366,hilljo01-2014
johnswe01,27.7,-4.4,201312160ATL-LAL,201312160ATL-ATL,LAL-2014,0,2014,-121.88000000000001,2.1178333333333366,johnswe01-2014
henryxa01,26.766666666666666,4.4,201312160ATL-LAL,201312160ATL-ATL,LAL-2014,0,2014,117.77333333333334,2.1178333333333366,henryxa01-2014
meeksjo01,24.65,-7.2,201312160ATL-LAL,201312160ATL-ATL,LAL-2014,0,2014,-177.48,2.1178333333333366,meeksjo01-2014
sacrero01,15.833333333333334,1.3,201312160ATL-LAL,201312160ATL-ATL,LAL-2014,0,2014,20.583333333333336,2.1178333333333366,sacrero01-2014
willish03,13.033333333333333,-3.1,201312160ATL-LAL,201312160ATL-ATL,LAL-2014,0,2014,-40.403333333333336,2.1178333333333366,willish03-2014
kellyry01,6.75,0.5,201312160ATL-LAL,201312160ATL-ATL,LAL-2014,0,2014,3.375,2.1178333333333366,kellyry01-2014
meeksjo01,33.75,1.3,201312170MEM-LAL,201312170MEM-MEM,LAL-2014,1,2014,43.875,38.48222222222223,meeksjo01-2014
youngni01,33.55,4.4,201312170MEM-LAL,201312170MEM-MEM,LAL-2014,1,2014,147.62,38.48222222222223,youngni01-2014
bryanko01,32.63333333333333,1,201312170MEM-LAL,201312170MEM-MEM,LAL-2014,1,2014,32.63333333333333,38.48222222222223,bryanko01-2014
gasolpa01,32.63333333333333,6.5,201312170MEM-LAL,201312170MEM-MEM,LAL-2014,1,2014,212.11666666666667,38.48222222222223,gasolpa01-2014
johnswe01,31.7,2.8,201312170MEM-LAL,201312170MEM-MEM,LAL-2014,1,2014,88.75999999999999,38.48222222222223,johnswe01-2014
willish03,30.433333333333334,-3.8,201312170MEM-LAL,201312170MEM-MEM,LAL-2014,1,2014,-115.64666666666666,38.48222222222223,willish03-2014
henryxa01,19.666666666666668,-4.1,201312170MEM-LAL,201312170MEM-MEM,LAL-2014,1,2014,-80.63333333333333,38.48222222222223,henryxa01-2014
sacrero01,18.116666666666667,2.3,201312170MEM-LAL,201312170MEM-MEM,LAL-2014,1,2014,41.66833333333333,38.48222222222223,sacrero01-2014
hilljo01,7.516666666666667,-3.2,201312170MEM-LAL,201312170MEM-MEM,LAL-2014,1,2014,-24.053333333333335,38.48222222222223,hilljo01-2014
loveke01,41.983333333333334,10.5,201312200LAL-MIN,201312200LAL-LAL,MIN-2014,0,2014,440.825,22.368939393939392,loveke01-2014
pekovni01,35.4,2.5,201312200LAL-MIN,201312200LAL-LAL,MIN-2014,0,2014,88.5,22.368939393939392,pekovni01-2014
rubiori01,31.05,-2.7,201312200LAL-MIN,201312200LAL-LAL,MIN-2014,0,2014,-83.83500000000001,22.368939393939392,rubiori01-2014
martike02,29.583333333333332,-1,201312200LAL-MIN,201312200LAL-LAL,MIN-2014,0,2014,-29.583333333333332,22.368939393939392,martike02-2014
breweco01,27.55,-5.1,201312200LAL-MIN,201312200LAL-LAL,MIN-2014,0,2014,-140.505,22.368939393939392,breweco01-2014
mbahalu01,20.45,2.4,201312200LAL-MIN,201312200LAL-LAL,MIN-2014,0,2014,49.08,22.368939393939392,mbahalu01-2014
bareajo01,20.366666666666667,-2.1,201312200LAL-MIN,201312200LAL-LAL,MIN-2014,0,2014,-42.77,22.368939393939392,bareajo01-2014
cunnida01,18.25,-1.7,201312200LAL-MIN,201312200LAL-LAL,MIN-2014,0,2014,-31.025,22.368939393939392,cunnida01-2014
shvedal01,15,-0.3,201312200LAL-MIN,201312200LAL-LAL,MIN-2014,0,2014,-4.5,22.368939393939392,shvedal01-2014
dienggo01,0.18333333333333332,-0.7,201312200LAL-MIN,201312200LAL-LAL,MIN-2014,0,2014,-0.12833333333333333,22.368939393939392,dienggo01-2014
priceaj01,0.18333333333333332,0,201312200LAL-MIN,201312200LAL-LAL,MIN-2014,0,2014,0,22.368939393939392,priceaj01-2014
johnswe01,38.516666666666666,-6,201312210GSW-LAL,201312210GSW-GSW,LAL-2014,0,2014,-231.1,-7.880333333333333,johnswe01-2014
henryxa01,35.983333333333334,0.6,201312210GSW-LAL,201312210GSW-GSW,LAL-2014,0,2014,21.59,-7.880333333333333,henryxa01-2014
meeksjo01,33.43333333333333,3.7,201312210GSW-LAL,201312210GSW-GSW,LAL-2014,0,2014,123.70333333333333,-7.880333333333333,meeksjo01-2014
youngni01,30.633333333333333,-1.3,201312210GSW-LAL,201312210GSW-GSW,LAL-2014,0,2014,-39.82333333333333,-7.880333333333333,youngni01-2014
kamanch01,28.316666666666666,-0.8,201312210GSW-LAL,201312210GSW-GSW,LAL-2014,0,2014,-22.653333333333336,-7.880333333333333,kamanch01-2014
willish03,23.15,0.2,201312210GSW-LAL,201312210GSW-GSW,LAL-2014,0,2014,4.63,-7.880333333333333,willish03-2014
hilljo01,20,1.9,201312210GSW-LAL,201312210GSW-GSW,LAL-2014,0,2014,38,-7.880333333333333,hilljo01-2014
sacrero01,19.666666666666668,2.1,201312210GSW-LAL,201312210GSW-GSW,LAL-2014,0,2014,41.300000000000004,-7.880333333333333,sacrero01-2014
marshke01,5.9,-2.3,201312210GSW-LAL,201312210GSW-GSW,LAL-2014,0,2014,-13.57,-7.880333333333333,marshke01-2014
kellyry01,4.4,-0.2,201312210GSW-LAL,201312210GSW-GSW,LAL-2014,0,2014,-0.8800000000000001,-7.880333333333333,kellyry01-2014
meeksjo01,39.71666666666667,4.2,201312230PHO-LAL,201312230PHO-PHO,LAL-2014,0,2014,166.81,-0.758030303030301,meeksjo01-2014
johnswe01,38.833333333333336,1.3,201312230PHO-LAL,201312230PHO-PHO,LAL-2014,0,2014,50.48333333333334,-0.758030303030301,johnswe01-2014
henryxa01,34.18333333333333,-4,201312230PHO-LAL,201312230PHO-PHO,LAL-2014,0,2014,-136.73333333333332,-0.758030303030301,henryxa01-2014
youngni01,32.516666666666666,0.2,201312230PHO-LAL,201312230PHO-PHO,LAL-2014,0,2014,6.503333333333334,-0.758030303030301,youngni01-2014
willish03,24.616666666666667,-0.5,201312230PHO-LAL,201312230PHO-PHO,LAL-2014,0,2014,-12.308333333333334,-0.758030303030301,willish03-2014
gasolpa01,20.316666666666666,0.7,201312230PHO-LAL,201312230PHO-PHO,LAL-2014,0,2014,14.221666666666666,-0.758030303030301,gasolpa01-2014
hilljo01,14.1,-2,201312230PHO-LAL,201312230PHO-PHO,LAL-2014,0,2014,-28.2,-0.758030303030301,hilljo01-2014
kamanch01,13.316666666666666,-2.1,201312230PHO-LAL,201312230PHO-PHO,LAL-2014,0,2014,-27.965,-0.758030303030301,kamanch01-2014
sacrero01,9.3,-2.1,201312230PHO-LAL,201312230PHO-PHO,LAL-2014,0,2014,-19.53,-0.758030303030301,sacrero01-2014
kellyry01,9.283333333333333,-2,201312230PHO-LAL,201312230PHO-PHO,LAL-2014,0,2014,-18.566666666666666,-0.758030303030301,kellyry01-2014
marshke01,3.8166666666666664,-0.8,201312230PHO-LAL,201312230PHO-PHO,LAL-2014,0,2014,-3.0533333333333332,-0.758030303030301,marshke01-2014
wadedw01,38.766666666666666,8.2,201312250LAL-MIA,201312250LAL-LAL,MIA-2014,1,2014,317.88666666666666,55.38066666666666,wadedw01-2014
jamesle01,35.8,-1,201312250LAL-MIA,201312250LAL-LAL,MIA-2014,1,2014,-35.8,55.38066666666666,jamesle01-2014
boshch01,31.116666666666667,3.7,201312250LAL-MIA,201312250LAL-LAL,MIA-2014,1,2014,115.13166666666667,55.38066666666666,boshch01-2014
chalmma01,30.966666666666665,2.6,201312250LAL-MIA,201312250LAL-LAL,MIA-2014,1,2014,80.51333333333334,55.38066666666666,chalmma01-2014
coleno01,28.833333333333332,-0.9,201312250LAL-MIA,201312250LAL-LAL,MIA-2014,1,2014,-25.95,55.38066666666666,coleno01-2014
allenra02,21.433333333333334,9.7,201312250LAL-MIA,201312250LAL-LAL,MIA-2014,1,2014,207.9033333333333,55.38066666666666,allenra02-2014
lewisra02,19.333333333333332,-2.2,201312250LAL-MIA,201312250LAL-LAL,MIA-2014,1,2014,-42.53333333333333,55.38066666666666,lewisra02-2014
battish01,16.866666666666667,-2.6,201312250LAL-MIA,201312250LAL-LAL,MIA-2014,1,2014,-43.85333333333334,55.38066666666666,battish01-2014
hasleud01,8.55,-1.5,201312250LAL-MIA,201312250LAL-LAL,MIA-2014,1,2014,-12.825000000000001,55.38066666666666,hasleud01-2014
anderch01,8.333333333333334,-0.8,201312250LAL-MIA,201312250LAL-LAL,MIA-2014,1,2014,-6.666666666666668,55.38066666666666,anderch01-2014
meeksjo01,40.5,-0.9,201312270UTA-LAL,201312270UTA-UTA,LAL-2014,0,2014,-36.45,21.40733333333333,meeksjo01-2014
farmajo01,31.716666666666665,5.1,201312270UTA-LAL,201312270UTA-UTA,LAL-2014,0,2014,161.75499999999997,21.40733333333333,farmajo01-2014
henryxa01,30.116666666666667,2,201312270UTA-LAL,201312270UTA-UTA,LAL-2014,0,2014,60.233333333333334,21.40733333333333,henryxa01-2014
kamanch01,30.05,2.3,201312270UTA-LAL,201312270UTA-UTA,LAL-2014,0,2014,69.115,21.40733333333333,kamanch01-2014
youngni01,28.583333333333332,-0.4,201312270UTA-LAL,201312270UTA-UTA,LAL-2014,0,2014,-11.433333333333334,21.40733333333333,youngni01-2014
hilljo01,22.983333333333334,4.7,201312270UTA-LAL,201312270UTA-UTA,LAL-2014,0,2014,108.02166666666668,21.40733333333333,hilljo01-2014
willish03,17.883333333333333,-1.8,201312270UTA-LAL,201312270UTA-UTA,LAL-2014,0,2014,-32.19,21.40733333333333,willish03-2014
johnswe01,16.133333333333333,-4.7,201312270UTA-LAL,201312270UTA-UTA,LAL-2014,0,2014,-75.82666666666667,21.40733333333333,johnswe01-2014
kellyry01,13.016666666666667,-0.3,201312270UTA-LAL,201312270UTA-UTA,LAL-2014,0,2014,-3.9050000000000002,21.40733333333333,kellyry01-2014
sacrero01,9.016666666666667,-2.8,201312270UTA-LAL,201312270UTA-UTA,LAL-2014,0,2014,-25.246666666666666,21.40733333333333,sacrero01-2014
youngth01,41.833333333333336,4.9,201312290LAL-PHI,201312290LAL-LAL,PHI-2014,1,2014,204.98333333333335,41.248000000000005,youngth01-2014
turneev01,41.5,0.4,201312290LAL-PHI,201312290LAL-LAL,PHI-2014,1,2014,16.6,41.248000000000005,turneev01-2014
hawessp01,32.31666666666667,7.7,201312290LAL-PHI,201312290LAL-LAL,PHI-2014,1,2014,248.83833333333337,41.248000000000005,hawessp01-2014
cartemi01,30.316666666666666,3.9,201312290LAL-PHI,201312290LAL-LAL,PHI-2014,1,2014,118.235,41.248000000000005,cartemi01-2014
anderja01,26.433333333333334,2.3,201312290LAL-PHI,201312290LAL-LAL,PHI-2014,1,2014,60.79666666666666,41.248000000000005,anderja01-2014
wroteto01,19.433333333333334,-6.8,201312290LAL-PHI,201312290LAL-LAL,PHI-2014,1,2014,-132.14666666666668,41.248000000000005,wroteto01-2014
thompho01,16.166666666666668,-3.4,201312290LAL-PHI,201312290LAL-LAL,PHI-2014,1,2014,-54.96666666666667,41.248000000000005,thompho01-2014
allenla01,15.466666666666667,-3.3,201312290LAL-PHI,201312290LAL-LAL,PHI-2014,1,2014,-51.04,41.248000000000005,allenla01-2014
williel01,10.366666666666667,-0.6,201312290LAL-PHI,201312290LAL-LAL,PHI-2014,1,2014,-6.22,41.248000000000005,williel01-2014
daviebr01,6.166666666666667,1.2,201312290LAL-PHI,201312290LAL-LAL,PHI-2014,1,2014,7.4,41.248000000000005,daviebr01-2014
knighbr03,38.8,17.8,201312310LAL-MIL,201312310LAL-LAL,MIL-2014,1,2014,690.64,73.07633333333334,knighbr03-2014
antetgi01,37.5,-3,201312310LAL-MIL,201312310LAL-LAL,MIL-2014,1,2014,-112.5,73.07633333333334,antetgi01-2014
ridnolu01,34.916666666666664,-0.4,201312310LAL-MIL,201312310LAL-LAL,MIL-2014,1,2014,-13.966666666666667,73.07633333333334,ridnolu01-2014
sandela01,34.53333333333333,5.9,201312310LAL-MIL,201312310LAL-LAL,MIL-2014,1,2014,203.74666666666667,73.07633333333334,sandela01-2014
ilyaser01,33.233333333333334,2.1,201312310LAL-MIL,201312310LAL-LAL,MIL-2014,1,2014,69.79,73.07633333333334,ilyaser01-2014
middlkh01,17.433333333333334,-0.6,201312310LAL-MIL,201312310LAL-LAL,MIL-2014,1,2014,-10.459999999999999,73.07633333333334,middlkh01-2014
nealga01,13.75,0.2,201312310LAL-MIL,201312310LAL-LAL,MIL-2014,1,2014,2.75,73.07633333333334,nealga01-2014
radulmi01,12.933333333333334,-2.3,201312310LAL-MIL,201312310LAL-LAL,MIL-2014,1,2014,-29.746666666666666,73.07633333333334,radulmi01-2014
mayooj01,8.533333333333333,-5.3,201312310LAL-MIL,201312310LAL-LAL,MIL-2014,1,2014,-45.22666666666667,73.07633333333334,mayooj01-2014
butleca01,8.366666666666667,-2.9,201312310LAL-MIL,201312310LAL-LAL,MIL-2014,1,2014,-24.263333333333335,73.07633333333334,butleca01-2014
haywago01,39.46666666666667,7.4,201401030LAL-UTA,201401030LAL-LAL,UTA-2014,0,2014,292.05333333333334,-0.959814814814815,haywago01-2014
jefferi01,33.5,1.8,201401030LAL-UTA,201401030LAL-LAL,UTA-2014,0,2014,60.300000000000004,-0.959814814814815,jefferi01-2014
burketr01,33.31666666666667,-8.1,201401030LAL-UTA,201401030LAL-LAL,UTA-2014,0,2014,-269.865,-0.959814814814815,burketr01-2014
favorde01,28.1,-2.2,201401030LAL-UTA,201401030LAL-LAL,UTA-2014,0,2014,-61.82000000000001,-0.959814814814815,favorde01-2014
kanteen01,27.45,2.8,201401030LAL-UTA,201401030LAL-LAL,UTA-2014,0,2014,76.86,-0.959814814814815,kanteen01-2014
willima02,23.216666666666665,1.2,201401030LAL-UTA,201401030LAL-LAL,UTA-2014,0,2014,27.859999999999996,-0.959814814814815,willima02-2014
burksal01,23.033333333333335,-7.8,201401030LAL-UTA,201401030LAL-LAL,UTA-2014,0,2014,-179.66,-0.959814814814815,burksal01-2014
evansje01,17.233333333333334,3.5,201401030LAL-UTA,201401030LAL-LAL,UTA-2014,0,2014,60.31666666666667,-0.959814814814815,evansje01-2014
garredi02,14.683333333333334,-1,201401030LAL-UTA,201401030LAL-LAL,UTA-2014,0,2014,-14.683333333333334,-0.959814814814815,garredi02-2014
lawsoty01,41.28333333333333,-0.5,201401050LAL-DEN,201401050LAL-LAL,DEN-2014,1,2014,-20.641666666666666,35.89,lawsoty01-2014
foyera01,28.983333333333334,2,201401050LAL-DEN,201401050LAL-LAL,DEN-2014,1,2014,57.96666666666667,35.89,foyera01-2014
farieke01,26.5,3.4,201401050LAL-DEN,201401050LAL-LAL,DEN-2014,1,2014,90.1,35.89,farieke01-2014
chandwi01,25.85,3.3,201401050LAL-DEN,201401050LAL-LAL,DEN-2014,1,2014,85.305,35.89,chandwi01-2014
fournev01,25.416666666666668,-1.9,201401050LAL-DEN,201401050LAL-LAL,DEN-2014,1,2014,-48.291666666666664,35.89,fournev01-2014
hicksjj01,22.066666666666666,-4.4,201401050LAL-DEN,201401050LAL-LAL,DEN-2014,1,2014,-97.09333333333333,35.89,hicksjj01-2014
mozgoti01,21.116666666666667,6.6,201401050LAL-DEN,201401050LAL-LAL,DEN-2014,1,2014,139.37,35.89,mozgoti01-2014
arthuda01,21.083333333333332,-0.4,201401050LAL-DEN,201401050LAL-LAL,DEN-2014,1,2014,-8.433333333333334,35.89,arthuda01-2014
robinna01,19.85,11.8,201401050LAL-DEN,201401050LAL-LAL,DEN-2014,1,2014,234.23000000000002,35.89,robinna01-2014
hamiljo02,2.6166666666666667,-1.5,201401050LAL-DEN,201401050LAL-LAL,DEN-2014,1,2014,-3.925,35.89,hamiljo02-2014
millequ01,2.6166666666666667,-0.5,201401050LAL-DEN,201401050LAL-LAL,DEN-2014,1,2014,-1.3083333333333333,35.89,millequ01-2014
randoan01,2.6166666666666667,1.3,201401050LAL-DEN,201401050LAL-LAL,DEN-2014,1,2014,3.401666666666667,35.89,randoan01-2014
meeksjo01,41.31666666666667,10,201401070DAL-LAL,201401070DAL-DAL,LAL-2014,0,2014,413.1666666666667,37.96208333333333,meeksjo01-2014
gasolpa01,36.233333333333334,1.6,201401070DAL-LAL,201401070DAL-DAL,LAL-2014,0,2014,57.973333333333336,37.96208333333333,gasolpa01-2014
johnswe01,35.75,0.8,201401070DAL-LAL,201401070DAL-DAL,LAL-2014,0,2014,28.6,37.96208333333333,johnswe01-2014
marshke01,33.4,1.7,201401070DAL-LAL,201401070DAL-DAL,LAL-2014,0,2014,56.779999999999994,37.96208333333333,marshke01-2014
sacrero01,27.6,-3.5,201401070DAL-LAL,201401070DAL-DAL,LAL-2014,0,2014,-96.60000000000001,37.96208333333333,sacrero01-2014
kellyry01,26.633333333333333,0.8,201401070DAL-LAL,201401070DAL-DAL,LAL-2014,0,2014,21.30666666666667,37.96208333333333,kellyry01-2014
hilljo01,20.233333333333334,-1.7,201401070DAL-LAL,201401070DAL-DAL,LAL-2014,0,2014,-34.39666666666667,37.96208333333333,hilljo01-2014
youngni01,18.833333333333332,-7.6,201401070DAL-LAL,201401070DAL-DAL,LAL-2014,0,2014,-143.13333333333333,37.96208333333333,youngni01-2014
marshke01,37.7,-10.3,201401080HOU-LAL,201401080HOU-HOU,LAL-2014,0,2014,-388.31000000000006,9.1924074074074,marshke01-2014
youngni01,37.18333333333333,3.8,201401080HOU-LAL,201401080HOU-HOU,LAL-2014,0,2014,141.29666666666665,9.1924074074074,youngni01-2014
gasolpa01,36.166666666666664,5.4,201401080HOU-LAL,201401080HOU-HOU,LAL-2014,0,2014,195.3,9.1924074074074,gasolpa01-2014
meeksjo01,34.75,2.3,201401080HOU-LAL,201401080HOU-HOU,LAL-2014,0,2014,79.925,9.1924074074074,meeksjo01-2014
johnswe01,30.85,2.4,201401080HOU-LAL,201401080HOU-HOU,LAL-2014,0,2014,74.04,9.1924074074074,johnswe01-2014
hilljo01,22.133333333333333,0.7,201401080HOU-LAL,201401080HOU-HOU,LAL-2014,0,2014,15.493333333333332,9.1924074074074,hilljo01-2014
kamanch01,14.033333333333333,3.1,201401080HOU-LAL,201401080HOU-HOU,LAL-2014,0,2014,43.50333333333334,9.1924074074074,kamanch01-2014
sacrero01,13.666666666666666,-0.8,201401080HOU-LAL,201401080HOU-HOU,LAL-2014,0,2014,-10.933333333333334,9.1924074074074,sacrero01-2014
kellyry01,13.516666666666667,-5,201401080HOU-LAL,201401080HOU-HOU,LAL-2014,0,2014,-67.58333333333334,9.1924074074074,kellyry01-2014
marshke01,40.333333333333336,6.7,201401100LAC-LAL,201401100LAC-LAC,LAL-2014,0,2014,270.23333333333335,-30.73962962962963,marshke01-2014
johnswe01,34.233333333333334,-0.9,201401100LAC-LAL,201401100LAC-LAC,LAL-2014,0,2014,-30.810000000000002,-30.73962962962963,johnswe01-2014
meeksjo01,32.21666666666667,-7,201401100LAC-LAL,201401100LAC-LAC,LAL-2014,0,2014,-225.51666666666668,-30.73962962962963,meeksjo01-2014
youngni01,32.05,-5.4,201401100LAC-LAL,201401100LAC-LAC,LAL-2014,0,2014,-173.07,-30.73962962962963,youngni01-2014
gasolpa01,25.016666666666666,0.5,201401100LAC-LAL,201401100LAC-LAC,LAL-2014,0,2014,12.508333333333333,-30.73962962962963,gasolpa01-2014
hilljo01,19.766666666666666,-3.7,201401100LAC-LAL,201401100LAC-LAC,LAL-2014,0,2014,-73.13666666666667,-30.73962962962963,hilljo01-2014
kamanch01,19.4,-4.9,201401100LAC-LAL,201401100LAC-LAC,LAL-2014,0,2014,-95.06,-30.73962962962963,kamanch01-2014
kellyry01,18.633333333333333,-1.2,201401100LAC-LAL,201401100LAC-LAC,LAL-2014,0,2014,-22.36,-30.73962962962963,kellyry01-2014
sacrero01,18.35,3.3,201401100LAC-LAL,201401100LAC-LAC,LAL-2014,0,2014,60.555,-30.73962962962963,sacrero01-2014
denglu01,38,7.3,201401140LAL-CLE,201401140LAL-LAL,CLE-2014,1,2014,277.4,29.652333333333335,denglu01-2014
thomptr01,37.3,-6.1,201401140LAL-CLE,201401140LAL-LAL,CLE-2014,1,2014,-227.52999999999997,29.652333333333335,thomptr01-2014
varejan01,36.766666666666666,5.5,201401140LAL-CLE,201401140LAL-LAL,CLE-2014,1,2014,202.21666666666667,29.652333333333335,varejan01-2014
irvinky01,30.133333333333333,-2.2,201401140LAL-CLE,201401140LAL-LAL,CLE-2014,1,2014,-66.29333333333334,29.652333333333335,irvinky01-2014
waitedi01,23.05,5.8,201401140LAL-CLE,201401140LAL-LAL,CLE-2014,1,2014,133.69,29.652333333333335,waitedi01-2014
dellama01,19.65,2.2,201401140LAL-CLE,201401140LAL-LAL,CLE-2014,1,2014,43.23,29.652333333333335,dellama01-2014
jackja01,18.466666666666665,-1.4,201401140LAL-CLE,201401140LAL-LAL,CLE-2014,1,2014,-25.853333333333328,29.652333333333335,jackja01-2014
zellety01,16.5,-1.3,201401140LAL-CLE,201401140LAL-LAL,CLE-2014,1,2014,-21.45,29.652333333333335,zellety01-2014
milescj01,14.7,-1.1,201401140LAL-CLE,201401140LAL-LAL,CLE-2014,1,2014,-16.17,29.652333333333335,milescj01-2014
clarkea01,5.433333333333334,-0.5,201401140LAL-CLE,201401140LAL-LAL,CLE-2014,1,2014,-2.716666666666667,29.652333333333335,clarkea01-2014
johnswe01,43.55,3.8,201401150PHO-LAL,201401150PHO-PHO,LAL-2014,0,2014,165.48999999999998,8.250833333333333,johnswe01-2014
meeksjo01,43.13333333333333,-1.1,201401150PHO-LAL,201401150PHO-PHO,LAL-2014,0,2014,-47.44666666666667,8.250833333333333,meeksjo01-2014
marshke01,43.06666666666667,-4.6,201401150PHO-LAL,201401150PHO-PHO,LAL-2014,0,2014,-198.10666666666665,8.250833333333333,marshke01-2014
gasolpa01,31,0.7,201401150PHO-LAL,201401150PHO-PHO,LAL-2014,0,2014,21.7,8.250833333333333,gasolpa01-2014
kellyry01,30.666666666666668,1,201401150PHO-LAL,201401150PHO-PHO,LAL-2014,0,2014,30.666666666666668,8.250833333333333,kellyry01-2014
hilljo01,21.816666666666666,-0.4,201401150PHO-LAL,201401150PHO-PHO,LAL-2014,0,2014,-8.726666666666667,8.250833333333333,hilljo01-2014
kamanch01,16,6.2,201401150PHO-LAL,201401150PHO-PHO,LAL-2014,0,2014,99.2,8.250833333333333,kamanch01-2014
youngni01,10.766666666666667,0.3,201401150PHO-LAL,201401150PHO-PHO,LAL-2014,0,2014,3.23,8.250833333333333,youngni01-2014
marshke01,44.13333333333333,4.3,201401170BOS-LAL,201401170BOS-BOS,LAL-2014,1,2014,189.7733333333333,50.64999999999999,marshke01-2014
meeksjo01,42.25,-2,201401170BOS-LAL,201401170BOS-BOS,LAL-2014,1,2014,-84.5,50.64999999999999,meeksjo01-2014
johnswe01,37.85,3.1,201401170BOS-LAL,201401170BOS-BOS,LAL-2014,1,2014,117.33500000000001,50.64999999999999,johnswe01-2014
gasolpa01,35.516666666666666,9.5,201401170BOS-LAL,201401170BOS-BOS,LAL-2014,1,2014,337.4083333333333,50.64999999999999,gasolpa01-2014
kellyry01,34.1,0.4,201401170BOS-LAL,201401170BOS-BOS,LAL-2014,1,2014,13.64,50.64999999999999,kellyry01-2014
harrima01,22.45,-2.7,201401170BOS-LAL,201401170BOS-BOS,LAL-2014,1,2014,-60.615,50.64999999999999,harrima01-2014
hilljo01,11.216666666666667,-3.2,201401170BOS-LAL,201401170BOS-BOS,LAL-2014,1,2014,-35.89333333333334,50.64999999999999,hilljo01-2014
kamanch01,6.483333333333333,-3.1,201401170BOS-LAL,201401170BOS-BOS,LAL-2014,1,2014,-20.098333333333333,50.64999999999999,kamanch01-2014
sacrero01,6,-0.2,201401170BOS-LAL,201401170BOS-BOS,LAL-2014,1,2014,-1.2000000000000002,50.64999999999999,sacrero01-2014
meeksjo01,40.63333333333333,0.4,201401190TOR-LAL,201401190TOR-TOR,LAL-2014,1,2014,16.253333333333334,57.751296296296296,meeksjo01-2014
kellyry01,37.03333333333333,7.9,201401190TOR-LAL,201401190TOR-TOR,LAL-2014,1,2014,292.56333333333333,57.751296296296296,kellyry01-2014
marshke01,36.71666666666667,0.7,201401190TOR-LAL,201401190TOR-TOR,LAL-2014,1,2014,25.701666666666668,57.751296296296296,marshke01-2014
gasolpa01,36.233333333333334,-2.7,201401190TOR-LAL,201401190TOR-TOR,LAL-2014,1,2014,-97.83000000000001,57.751296296296296,gasolpa01-2014
youngni01,30.516666666666666,9.7,201401190TOR-LAL,201401190TOR-TOR,LAL-2014,1,2014,296.01166666666666,57.751296296296296,youngni01-2014
johnswe01,23.75,0.7,201401190TOR-LAL,201401190TOR-TOR,LAL-2014,1,2014,16.625,57.751296296296296,johnswe01-2014
harrima01,18.316666666666666,-1.8,201401190TOR-LAL,201401190TOR-TOR,LAL-2014,1,2014,-32.97,57.751296296296296,harrima01-2014
hilljo01,10.966666666666667,1.8,201401190TOR-LAL,201401190TOR-TOR,LAL-2014,1,2014,19.740000000000002,57.751296296296296,hilljo01-2014
sacrero01,5.833333333333333,-2.8,201401190TOR-LAL,201401190TOR-TOR,LAL-2014,1,2014,-16.333333333333332,57.751296296296296,sacrero01-2014
meeksjo01,43.56666666666667,5.5,201401200CHI-LAL,201401200CHI-CHI,LAL-2014,0,2014,239.61666666666667,50.37,meeksjo01-2014
youngni01,42.86666666666667,3.5,201401200CHI-LAL,201401200CHI-CHI,LAL-2014,0,2014,150.03333333333333,50.37,youngni01-2014
marshke01,39.7,-2.5,201401200CHI-LAL,201401200CHI-CHI,LAL-2014,0,2014,-99.25,50.37,marshke01-2014
gasolpa01,36.68333333333333,6,201401200CHI-LAL,201401200CHI-CHI,LAL-2014,0,2014,220.09999999999997,50.37,gasolpa01-2014
kellyry01,34.55,1.1,201401200CHI-LAL,201401200CHI-CHI,LAL-2014,0,2014,38.005,50.37,kellyry01-2014
harrima01,21.383333333333333,-2.7,201401200CHI-LAL,201401200CHI-CHI,LAL-2014,0,2014,-57.735,50.37,harrima01-2014
hilljo01,16.316666666666666,0.5,201401200CHI-LAL,201401200CHI-CHI,LAL-2014,0,2014,8.158333333333333,50.37,hilljo01-2014
sacrero01,15.55,1.6,201401200CHI-LAL,201401200CHI-CHI,LAL-2014,0,2014,24.880000000000003,50.37,sacrero01-2014
johnswe01,14.383333333333333,-4.9,201401200CHI-LAL,201401200CHI-CHI,LAL-2014,0,2014,-70.47833333333334,50.37,johnswe01-2014
gasolpa01,37.53333333333333,9.5,201401230MIA-LAL,201401230MIA-MIA,LAL-2014,0,2014,356.56666666666666,33.584074074074074,gasolpa01-2014
marshke01,35.78333333333333,-2.2,201401230MIA-LAL,201401230MIA-MIA,LAL-2014,0,2014,-78.72333333333333,33.584074074074074,marshke01-2014
meeksjo01,35.65,6.7,201401230MIA-LAL,201401230MIA-MIA,LAL-2014,0,2014,238.855,33.584074074074074,meeksjo01-2014
youngni01,33.016666666666666,-1.3,201401230MIA-LAL,201401230MIA-MIA,LAL-2014,0,2014,-42.92166666666667,33.584074074074074,youngni01-2014
kellyry01,25.75,-4.6,201401230MIA-LAL,201401230MIA-MIA,LAL-2014,0,2014,-118.44999999999999,33.584074074074074,kellyry01-2014
hilljo01,22.083333333333332,-0.3,201401230MIA-LAL,201401230MIA-MIA,LAL-2014,0,2014,-6.624999999999999,33.584074074074074,hilljo01-2014
harrima01,21.266666666666666,-2.4,201401230MIA-LAL,201401230MIA-MIA,LAL-2014,0,2014,-51.04,33.584074074074074,harrima01-2014
johnswe01,18.45,1.1,201401230MIA-LAL,201401230MIA-MIA,LAL-2014,0,2014,20.295,33.584074074074074,johnswe01-2014
sacrero01,10.466666666666667,-1.5,201401230MIA-LAL,201401230MIA-MIA,LAL-2014,0,2014,-15.7,33.584074074074074,sacrero01-2014
marshke01,38.25,7.4,201401240ORL-LAL,201401240ORL-ORL,LAL-2014,0,2014,283.05,24.10037037037037,marshke01-2014
meeksjo01,36.583333333333336,0.9,201401240ORL-LAL,201401240ORL-ORL,LAL-2014,0,2014,32.925000000000004,24.10037037037037,meeksjo01-2014
gasolpa01,34.916666666666664,3.9,201401240ORL-LAL,201401240ORL-ORL,LAL-2014,0,2014,136.17499999999998,24.10037037037037,gasolpa01-2014
kellyry01,30.033333333333335,3.2,201401240ORL-LAL,201401240ORL-ORL,LAL-2014,0,2014,96.10666666666668,24.10037037037037,kellyry01-2014
youngni01,30.033333333333335,-4.2,201401240ORL-LAL,201401240ORL-ORL,LAL-2014,0,2014,-126.14000000000001,24.10037037037037,youngni01-2014
harrima01,21.166666666666668,-3.1,201401240ORL-LAL,201401240ORL-ORL,LAL-2014,0,2014,-65.61666666666667,24.10037037037037,harrima01-2014
hilljo01,19.65,-3,201401240ORL-LAL,201401240ORL-ORL,LAL-2014,0,2014,-58.949999999999996,24.10037037037037,hilljo01-2014
johnswe01,18.633333333333333,-2.6,201401240ORL-LAL,201401240ORL-ORL,LAL-2014,0,2014,-48.446666666666665,24.10037037037037,johnswe01-2014
sacrero01,10.733333333333333,-3,201401240ORL-LAL,201401240ORL-ORL,LAL-2014,0,2014,-32.199999999999996,24.10037037037037,sacrero01-2014
meeksjo01,43.333333333333336,7.4,201401260NYK-LAL,201401260NYK-NYK,LAL-2014,0,2014,320.6666666666667,28.101296296296297,meeksjo01-2014
gasolpa01,38.666666666666664,4.9,201401260NYK-LAL,201401260NYK-NYK,LAL-2014,0,2014,189.46666666666667,28.101296296296297,gasolpa01-2014
marshke01,37.6,-1.8,201401260NYK-LAL,201401260NYK-NYK,LAL-2014,0,2014,-67.68,28.101296296296297,marshke01-2014
youngni01,34.4,-6.9,201401260NYK-LAL,201401260NYK-NYK,LAL-2014,0,2014,-237.36,28.101296296296297,youngni01-2014
johnswe01,23.1,-2.3,201401260NYK-LAL,201401260NYK-NYK,LAL-2014,0,2014,-53.13,28.101296296296297,johnswe01-2014
kellyry01,20.866666666666667,0.4,201401260NYK-LAL,201401260NYK-NYK,LAL-2014,0,2014,8.346666666666668,28.101296296296297,kellyry01-2014
harrima01,19.35,7,201401260NYK-LAL,201401260NYK-NYK,LAL-2014,0,2014,135.45000000000002,28.101296296296297,harrima01-2014
hilljo01,17.116666666666667,-1.3,201401260NYK-LAL,201401260NYK-NYK,LAL-2014,0,2014,-22.25166666666667,28.101296296296297,hilljo01-2014
sacrero01,5.566666666666666,-3.7,201401260NYK-LAL,201401260NYK-NYK,LAL-2014,0,2014,-20.596666666666668,28.101296296296297,sacrero01-2014
stephla01,37.5,6.7,201401280LAL-IND,201401280LAL-LAL,IND-2014,1,2014,251.25,47.610454545454544,stephla01-2014
georgpa01,34.45,-3.2,201401280LAL-IND,201401280LAL-LAL,IND-2014,1,2014,-110.24000000000001,47.610454545454544,georgpa01-2014
hibbero01,29.916666666666668,0.3,201401280LAL-IND,201401280LAL-LAL,IND-2014,1,2014,8.975,47.610454545454544,hibbero01-2014
westda01,29.066666666666666,4.7,201401280LAL-IND,201401280LAL-LAL,IND-2014,1,2014,136.61333333333334,47.610454545454544,westda01-2014
hillge01,28.966666666666665,5.9,201401280LAL-IND,201401280LAL-LAL,IND-2014,1,2014,170.90333333333334,47.610454545454544,hillge01-2014
grangda01,22.616666666666667,1.7,201401280LAL-IND,201401280LAL-LAL,IND-2014,1,2014,38.44833333333333,47.610454545454544,grangda01-2014
watsocj01,19.033333333333335,1.8,201401280LAL-IND,201401280LAL-LAL,IND-2014,1,2014,34.260000000000005,47.610454545454544,watsocj01-2014
scolalu01,18.933333333333334,-0.5,201401280LAL-IND,201401280LAL-LAL,IND-2014,1,2014,-9.466666666666667,47.610454545454544,scolalu01-2014
mahinia01,18.083333333333332,0.2,201401280LAL-IND,201401280LAL-LAL,IND-2014,1,2014,3.6166666666666667,47.610454545454544,mahinia01-2014
butlera01,0.7166666666666667,-0.1,201401280LAL-IND,201401280LAL-LAL,IND-2014,1,2014,-0.07166666666666667,47.610454545454544,butlera01-2014
johnsor01,0.7166666666666667,-0.8,201401280LAL-IND,201401280LAL-LAL,IND-2014,1,2014,-0.5733333333333334,47.610454545454544,johnsor01-2014
jeffeal01,38.733333333333334,10.8,201401310LAL-CHA,201401310LAL-LAL,CHA-2014,1,2014,418.32000000000005,39.785833333333336,jeffeal01-2014
hendege02,37.05,-1.8,201401310LAL-CHA,201401310LAL-LAL,CHA-2014,1,2014,-66.69,39.785833333333336,hendege02-2014
mcrobjo01,36.06666666666667,1,201401310LAL-CHA,201401310LAL-LAL,CHA-2014,1,2014,36.06666666666667,39.785833333333336,mcrobjo01-2014
sessira01,34.28333333333333,0,201401310LAL-CHA,201401310LAL-LAL,CHA-2014,1,2014,0,39.785833333333336,sessira01-2014
kiddgmi01,26.716666666666665,0.7,201401310LAL-CHA,201401310LAL-LAL,CHA-2014,1,2014,18.701666666666664,39.785833333333336,kiddgmi01-2014
tollian01,21.283333333333335,-4.6,201401310LAL-CHA,201401310LAL-LAL,CHA-2014,1,2014,-97.90333333333334,39.785833333333336,tollian01-2014
pargoja01,13.716666666666667,2.6,201401310LAL-CHA,201401310LAL-LAL,CHA-2014,1,2014,35.663333333333334,39.785833333333336,pargoja01-2014
zelleco01,11.933333333333334,1.5,201401310LAL-CHA,201401310LAL-LAL,CHA-2014,1,2014,17.9,39.785833333333336,zelleco01-2014
douglch01,10.95,2,201401310LAL-CHA,201401310LAL-LAL,CHA-2014,1,2014,21.9,39.785833333333336,douglch01-2014
biyombi01,9.266666666666667,1.5,201401310LAL-CHA,201401310LAL-LAL,CHA-2014,1,2014,13.900000000000002,39.785833333333336,biyombi01-2014
johnswe01,38.03333333333333,-0.8,201402040MIN-LAL,201402040MIN-MIN,LAL-2014,0,2014,-30.426666666666666,8.967878787878787,johnswe01-2014
blakest01,32.18333333333333,-1.1,201402040MIN-LAL,201402040MIN-MIN,LAL-2014,0,2014,-35.401666666666664,8.967878787878787,blakest01-2014
sacrero01,30.9,3.6,201402040MIN-LAL,201402040MIN-MIN,LAL-2014,0,2014,111.24,8.967878787878787,sacrero01-2014
youngni01,29.766666666666666,-0.6,201402040MIN-LAL,201402040MIN-MIN,LAL-2014,0,2014,-17.86,8.967878787878787,youngni01-2014
nashst01,24.616666666666667,2.9,201402040MIN-LAL,201402040MIN-MIN,LAL-2014,0,2014,71.38833333333334,8.967878787878787,nashst01-2014
kellyry01,20.966666666666665,-3.3,201402040MIN-LAL,201402040MIN-MIN,LAL-2014,0,2014,-69.19,8.967878787878787,kellyry01-2014
marshke01,20.866666666666667,-1.8,201402040MIN-LAL,201402040MIN-MIN,LAL-2014,0,2014,-37.56,8.967878787878787,marshke01-2014
harrima01,20.5,8.1,201402040MIN-LAL,201402040MIN-MIN,LAL-2014,0,2014,166.04999999999998,8.967878787878787,harrima01-2014
kamanch01,17.1,-3.3,201402040MIN-LAL,201402040MIN-MIN,LAL-2014,0,2014,-56.43,8.967878787878787,kamanch01-2014
hilljo01,3.6333333333333333,-0.2,201402040MIN-LAL,201402040MIN-MIN,LAL-2014,0,2014,-0.7266666666666667,8.967878787878787,hilljo01-2014
meeksjo01,1.4333333333333333,-1.7,201402040MIN-LAL,201402040MIN-MIN,LAL-2014,0,2014,-2.4366666666666665,8.967878787878787,meeksjo01-2014
kellyry01,41.766666666666666,-2.1,201402050CLE-LAL,201402050CLE-CLE,LAL-2014,1,2014,-87.71000000000001,39.973333333333336,kellyry01-2014
johnswe01,41.11666666666667,2.3,201402050CLE-LAL,201402050CLE-CLE,LAL-2014,1,2014,94.56833333333333,39.973333333333336,johnswe01-2014
blakest01,39.9,1.6,201402050CLE-LAL,201402050CLE-CLE,LAL-2014,1,2014,63.84,39.973333333333336,blakest01-2014
farmajo01,33.333333333333336,4.7,201402050CLE-LAL,201402050CLE-CLE,LAL-2014,1,2014,156.66666666666669,39.973333333333336,farmajo01-2014
sacrero01,27.3,-4.1,201402050CLE-LAL,201402050CLE-CLE,LAL-2014,1,2014,-111.92999999999999,39.973333333333336,sacrero01-2014
marshke01,24.95,7.3,201402050CLE-LAL,201402050CLE-CLE,LAL-2014,1,2014,182.135,39.973333333333336,marshke01-2014
youngni01,17.533333333333335,-0.1,201402050CLE-LAL,201402050CLE-CLE,LAL-2014,1,2014,-1.7533333333333336,39.973333333333336,youngni01-2014
kamanch01,14.1,1.7,201402050CLE-LAL,201402050CLE-CLE,LAL-2014,1,2014,23.97,39.973333333333336,kamanch01-2014
johnswe01,42.93333333333333,4.5,201402070PHI-LAL,201402070PHI-PHI,LAL-2014,1,2014,193.2,39.1374074074074,johnswe01-2014
blakest01,36.38333333333333,6.1,201402070PHI-LAL,201402070PHI-PHI,LAL-2014,1,2014,221.9383333333333,39.1374074074074,blakest01-2014
kellyry01,31.283333333333335,1.1,201402070PHI-LAL,201402070PHI-PHI,LAL-2014,1,2014,34.41166666666667,39.1374074074074,kellyry01-2014
nashst01,28.116666666666667,-2.3,201402070PHI-LAL,201402070PHI-PHI,LAL-2014,1,2014,-64.66833333333332,39.1374074074074,nashst01-2014
kamanch01,25.216666666666665,1.6,201402070PHI-LAL,201402070PHI-PHI,LAL-2014,1,2014,40.346666666666664,39.1374074074074,kamanch01-2014
sacrero01,22.783333333333335,-6.9,201402070PHI-LAL,201402070PHI-PHI,LAL-2014,1,2014,-157.205,39.1374074074074,sacrero01-2014
hilljo01,20.3,1.8,201402070PHI-LAL,201402070PHI-PHI,LAL-2014,1,2014,36.54,39.1374074074074,hilljo01-2014
marshke01,19.883333333333333,2.2,201402070PHI-LAL,201402070PHI-PHI,LAL-2014,1,2014,43.74333333333333,39.1374074074074,marshke01-2014
willish03,13.1,0.3,201402070PHI-LAL,201402070PHI-PHI,LAL-2014,1,2014,3.9299999999999997,39.1374074074074,willish03-2014
gibsota01,45.3,-0.1,201402090LAL-CHI,201402090LAL-LAL,CHI-2014,1,2014,-4.53,49.07145833333333,gibsota01-2014
noahjo01,41.36666666666667,7.3,201402090LAL-CHI,201402090LAL-LAL,CHI-2014,1,2014,301.9766666666667,49.07145833333333,noahjo01-2014
butleji01,40.46666666666667,-5.9,201402090LAL-CHI,201402090LAL-LAL,CHI-2014,1,2014,-238.75333333333336,49.07145833333333,butleji01-2014
dunlemi02,30.333333333333332,2.7,201402090LAL-CHI,201402090LAL-LAL,CHI-2014,1,2014,81.9,49.07145833333333,dunlemi02-2014
augusdj01,30,2,201402090LAL-CHI,201402090LAL-LAL,CHI-2014,1,2014,60,49.07145833333333,augusdj01-2014
hinriki01,28.616666666666667,7.8,201402090LAL-CHI,201402090LAL-LAL,CHI-2014,1,2014,223.21,49.07145833333333,hinriki01-2014
snellto01,17.283333333333335,-1.5,201402090LAL-CHI,201402090LAL-LAL,CHI-2014,1,2014,-25.925000000000004,49.07145833333333,snellto01-2014
mohamna01,6.633333333333333,-0.8,201402090LAL-CHI,201402090LAL-LAL,CHI-2014,1,2014,-5.306666666666667,49.07145833333333,mohamna01-2014
haywago01,34.766666666666666,2.3,201402110LAL-UTA,201402110LAL-LAL,UTA-2014,1,2014,79.96333333333332,42.095333333333336,haywago01-2014
burksal01,29.35,7.4,201402110LAL-UTA,201402110LAL-LAL,UTA-2014,1,2014,217.19000000000003,42.095333333333336,burksal01-2014
burketr01,28.816666666666666,0.8,201402110LAL-UTA,201402110LAL-LAL,UTA-2014,1,2014,23.053333333333335,42.095333333333336,burketr01-2014
favorde01,27.05,1.4,201402110LAL-UTA,201402110LAL-LAL,UTA-2014,1,2014,37.87,42.095333333333336,favorde01-2014
evansje01,25.516666666666666,7,201402110LAL-UTA,201402110LAL-LAL,UTA-2014,1,2014,178.61666666666667,42.095333333333336,evansje01-2014
willima02,22.483333333333334,1.2,201402110LAL-UTA,201402110LAL-LAL,UTA-2014,1,2014,26.98,42.095333333333336,willima02-2014
kanteen01,20.95,-3.2,201402110LAL-UTA,201402110LAL-LAL,UTA-2014,1,2014,-67.04,42.095333333333336,kanteen01-2014
jefferi01,19.883333333333333,-3.3,201402110LAL-UTA,201402110LAL-LAL,UTA-2014,1,2014,-65.615,42.095333333333336,jefferi01-2014
garredi02,19.183333333333334,-0.9,201402110LAL-UTA,201402110LAL-LAL,UTA-2014,1,2014,-17.265,42.095333333333336,garredi02-2014
rushbr01,12,0.6,201402110LAL-UTA,201402110LAL-LAL,UTA-2014,1,2014,7.199999999999999,42.095333333333336,rushbr01-2014
duranke01,41.983333333333334,8,201402130LAL-OKC,201402130LAL-LAL,OKC-2014,1,2014,335.8666666666667,46.12409090909091,duranke01-2014
ibakase01,35.86666666666667,1.1,201402130LAL-OKC,201402130LAL-LAL,OKC-2014,1,2014,39.45333333333334,46.12409090909091,ibakase01-2014
jacksre01,29.633333333333333,-3.1,201402130LAL-OKC,201402130LAL-LAL,OKC-2014,1,2014,-91.86333333333333,46.12409090909091,jacksre01-2014
sefolth01,29.166666666666668,4.4,201402130LAL-OKC,201402130LAL-LAL,OKC-2014,1,2014,128.33333333333334,46.12409090909091,sefolth01-2014
lambje01,22.116666666666667,3.7,201402130LAL-OKC,201402130LAL-LAL,OKC-2014,1,2014,81.83166666666668,46.12409090909091,lambje01-2014
fishede01,21.933333333333334,5,201402130LAL-OKC,201402130LAL-LAL,OKC-2014,1,2014,109.66666666666667,46.12409090909091,fishede01-2014
perkike01,17.3,-1.5,201402130LAL-OKC,201402130LAL-LAL,OKC-2014,1,2014,-25.950000000000003,46.12409090909091,perkike01-2014
collini01,15.616666666666667,-0.1,201402130LAL-OKC,201402130LAL-LAL,OKC-2014,1,2014,-1.5616666666666668,46.12409090909091,collini01-2014
roberan03,13.433333333333334,-4.1,201402130LAL-OKC,201402130LAL-LAL,OKC-2014,1,2014,-55.07666666666666,46.12409090909091,roberan03-2014
adamsst01,7.95,-1.3,201402130LAL-OKC,201402130LAL-LAL,OKC-2014,1,2014,-10.335,46.12409090909091,adamsst01-2014
jonespe01,5,-0.6,201402130LAL-OKC,201402130LAL-LAL,OKC-2014,1,2014,-3,46.12409090909091,jonespe01-2014
hardeja01,32.083333333333336,16.5,201402190LAL-HOU,201402190LAL-LAL,HOU-2014,1,2014,529.375,69.0360606060606,hardeja01-2014
parsoch01,30.966666666666665,2.1,201402190LAL-HOU,201402190LAL-LAL,HOU-2014,1,2014,65.03,69.0360606060606,parsoch01-2014
beverpa01,29.333333333333332,4.3,201402190LAL-HOU,201402190LAL-LAL,HOU-2014,1,2014,126.13333333333333,69.0360606060606,beverpa01-2014
howardw01,28.416666666666668,2.5,201402190LAL-HOU,201402190LAL-LAL,HOU-2014,1,2014,71.04166666666667,69.0360606060606,howardw01-2014
asikom01,23.166666666666668,-0.1,201402190LAL-HOU,201402190LAL-LAL,HOU-2014,1,2014,-2.316666666666667,69.0360606060606,asikom01-2014
linje01,20.95,-5.7,201402190LAL-HOU,201402190LAL-LAL,HOU-2014,1,2014,-119.415,69.0360606060606,linje01-2014
joneste01,20.516666666666666,-2.3,201402190LAL-HOU,201402190LAL-LAL,HOU-2014,1,2014,-47.188333333333325,69.0360606060606,joneste01-2014
motiedo01,18.833333333333332,2.5,201402190LAL-HOU,201402190LAL-LAL,HOU-2014,1,2014,47.08333333333333,69.0360606060606,motiedo01-2014
garcifr01,18.666666666666668,3.1,201402190LAL-HOU,201402190LAL-LAL,HOU-2014,1,2014,57.866666666666674,69.0360606060606,garcifr01-2014
casspom01,12,4,201402190LAL-HOU,201402190LAL-LAL,HOU-2014,1,2014,48,69.0360606060606,casspom01-2014
brookaa01,5.066666666666666,-3.2,201402190LAL-HOU,201402190LAL-LAL,HOU-2014,1,2014,-16.213333333333335,69.0360606060606,brookaa01-2014
wallage01,36.96666666666667,0.5,201402210LAL-BOS,201402210LAL-LAL,BOS-2014,0,2014,18.483333333333334,4.1098333333333334,wallage01-2014
rondora01,34.266666666666666,-2.9,201402210LAL-BOS,201402210LAL-LAL,BOS-2014,0,2014,-99.37333333333332,4.1098333333333334,rondora01-2014
bassbr01,32.4,3.7,201402210LAL-BOS,201402210LAL-LAL,BOS-2014,0,2014,119.88,4.1098333333333334,bassbr01-2014
greenje02,32,2.5,201402210LAL-BOS,201402210LAL-LAL,BOS-2014,0,2014,80,4.1098333333333334,greenje02-2014
sullija01,29.55,-1.5,201402210LAL-BOS,201402210LAL-LAL,BOS-2014,0,2014,-44.325,4.1098333333333334,sullija01-2014
olynyke01,18.45,0,201402210LAL-BOS,201402210LAL-LAL,BOS-2014,0,2014,0,4.1098333333333334,olynyke01-2014
bayleje01,16.866666666666667,-2.7,201402210LAL-BOS,201402210LAL-LAL,BOS-2014,0,2014,-45.540000000000006,4.1098333333333334,bayleje01-2014
humphkr01,15.6,0.6,201402210LAL-BOS,201402210LAL-LAL,BOS-2014,0,2014,9.36,4.1098333333333334,humphkr01-2014
johnsch04,13.583333333333334,0.8,201402210LAL-BOS,201402210LAL-LAL,BOS-2014,0,2014,10.866666666666667,4.1098333333333334,johnsch04-2014
pressph01,10.316666666666666,-0.8,201402210LAL-BOS,201402210LAL-LAL,BOS-2014,0,2014,-8.253333333333334,4.1098333333333334,pressph01-2014
willide01,39.36666666666667,12.9,201402230LAL-BRK,201402230LAL-LAL,BRK-2014,1,2014,507.83000000000004,62.44950000000001,willide01-2014
kirilan01,35.46666666666667,0.9,201402230LAL-BRK,201402230LAL-LAL,BRK-2014,1,2014,31.92,62.44950000000001,kirilan01-2014
johnsjo02,35.233333333333334,2.4,201402230LAL-BRK,201402230LAL-LAL,BRK-2014,1,2014,84.56,62.44950000000001,johnsjo02-2014
piercpa01,33.43333333333333,2.7,201402230LAL-BRK,201402230LAL-LAL,BRK-2014,1,2014,90.27,62.44950000000001,piercpa01-2014
anderal01,21.5,1.9,201402230LAL-BRK,201402230LAL-LAL,BRK-2014,1,2014,40.85,62.44950000000001,anderal01-2014
blatcan01,19.95,-4,201402230LAL-BRK,201402230LAL-LAL,BRK-2014,1,2014,-79.8,62.44950000000001,blatcan01-2014
plumlma01,17.433333333333334,0.7,201402230LAL-BRK,201402230LAL-LAL,BRK-2014,1,2014,12.203333333333333,62.44950000000001,plumlma01-2014
teletmi01,14.566666666666666,2.2,201402230LAL-BRK,201402230LAL-LAL,BRK-2014,1,2014,32.04666666666667,62.44950000000001,teletmi01-2014
teaguma01,12.433333333333334,-4,201402230LAL-BRK,201402230LAL-LAL,BRK-2014,1,2014,-49.733333333333334,62.44950000000001,teaguma01-2014
collija04,10.616666666666667,-4.3,201402230LAL-BRK,201402230LAL-LAL,BRK-2014,1,2014,-45.651666666666664,62.44950000000001,collija04-2014
bazemke01,38.53333333333333,-0.4,201402250IND-LAL,201402250IND-IND,LAL-2014,0,2014,-15.413333333333334,-2.873181818181818,bazemke01-2014
meeksjo01,37.7,-1.5,201402250IND-LAL,201402250IND-IND,LAL-2014,0,2014,-56.550000000000004,-2.873181818181818,meeksjo01-2014
gasolpa01,27.333333333333332,2.6,201402250IND-LAL,201402250IND-IND,LAL-2014,0,2014,71.06666666666666,-2.873181818181818,gasolpa01-2014
brookma01,26.5,-0.9,201402250IND-LAL,201402250IND-IND,LAL-2014,0,2014,-23.85,-2.873181818181818,brookma01-2014
johnswe01,25.066666666666666,3.2,201402250IND-LAL,201402250IND-IND,LAL-2014,0,2014,80.21333333333334,-2.873181818181818,johnswe01-2014
farmajo01,21.233333333333334,0.4,201402250IND-LAL,201402250IND-IND,LAL-2014,0,2014,8.493333333333334,-2.873181818181818,farmajo01-2014
marshke01,18.083333333333332,-6.2,201402250IND-LAL,201402250IND-IND,LAL-2014,0,2014,-112.11666666666666,-2.873181818181818,marshke01-2014
kellyry01,14.55,2.7,201402250IND-LAL,201402250IND-IND,LAL-2014,0,2014,39.285000000000004,-2.873181818181818,kellyry01-2014
kamanch01,14.466666666666667,-1,201402250IND-LAL,201402250IND-IND,LAL-2014,0,2014,-14.466666666666667,-2.873181818181818,kamanch01-2014
hilljo01,10.333333333333334,-1.1,201402250IND-LAL,201402250IND-IND,LAL-2014,0,2014,-11.366666666666669,-2.873181818181818,hilljo01-2014
sacrero01,6.2,0.5,201402250IND-LAL,201402250IND-IND,LAL-2014,0,2014,3.1,-2.873181818181818,sacrero01-2014
bazemke01,38.95,-4.3,201402260MEM-LAL,201402260MEM-MEM,LAL-2014,0,2014,-167.485,20.693,bazemke01-2014
johnswe01,37.833333333333336,5,201402260MEM-LAL,201402260MEM-MEM,LAL-2014,0,2014,189.16666666666669,20.693,johnswe01-2014
meeksjo01,36.983333333333334,1.3,201402260MEM-LAL,201402260MEM-MEM,LAL-2014,0,2014,48.07833333333333,20.693,meeksjo01-2014
gasolpa01,35.05,0.3,201402260MEM-LAL,201402260MEM-MEM,LAL-2014,0,2014,10.514999999999999,20.693,gasolpa01-2014
marshke01,24.116666666666667,-5.8,201402260MEM-LAL,201402260MEM-MEM,LAL-2014,0,2014,-139.87666666666667,20.693,marshke01-2014
farmajo01,23.883333333333333,4.4,201402260MEM-LAL,201402260MEM-MEM,LAL-2014,0,2014,105.08666666666667,20.693,farmajo01-2014
brookma01,20.066666666666666,7.7,201402260MEM-LAL,201402260MEM-MEM,LAL-2014,0,2014,154.51333333333332,20.693,brookma01-2014
kellyry01,10.166666666666666,3.4,201402260MEM-LAL,201402260MEM-MEM,LAL-2014,0,2014,34.56666666666666,20.693,kellyry01-2014
sacrero01,6.7,-0.3,201402260MEM-LAL,201402260MEM-MEM,LAL-2014,0,2014,-2.01,20.693,sacrero01-2014
hilljo01,6.25,-4.1,201402260MEM-LAL,201402260MEM-MEM,LAL-2014,0,2014,-25.624999999999996,20.693,hilljo01-2014
gayru01,40.63333333333333,5.2,201402280LAL-SAC,201402280LAL-LAL,SAC-2014,0,2014,211.29333333333335,24.245925925925928,gayru01-2014
willide02,39.516666666666666,1.4,201402280LAL-SAC,201402280LAL-LAL,SAC-2014,0,2014,55.32333333333333,24.245925925925928,willide02-2014
thomais02,32.25,4.8,201402280LAL-SAC,201402280LAL-LAL,SAC-2014,0,2014,154.79999999999998,24.245925925925928,thomais02-2014
mclembe01,29.65,-6.5,201402280LAL-SAC,201402280LAL-LAL,SAC-2014,0,2014,-192.725,24.245925925925928,mclembe01-2014
thompja02,29.066666666666666,1.2,201402280LAL-SAC,201402280LAL-LAL,SAC-2014,0,2014,34.879999999999995,24.245925925925928,thompja02-2014
mccalra01,22.633333333333333,-1.6,201402280LAL-SAC,201402280LAL-LAL,SAC-2014,0,2014,-36.21333333333333,24.245925925925928,mccalra01-2014
evansre01,18.933333333333334,1.6,201402280LAL-SAC,201402280LAL-LAL,SAC-2014,0,2014,30.293333333333337,24.245925925925928,evansre01-2014
johnsor01,13.7,0.6,201402280LAL-SAC,201402280LAL-LAL,SAC-2014,0,2014,8.219999999999999,24.245925925925928,johnsor01-2014
acyqu01,13.616666666666667,-3.5,201402280LAL-SAC,201402280LAL-LAL,SAC-2014,0,2014,-47.65833333333333,24.245925925925928,acyqu01-2014
meeksjo01,38.95,2.8,201403030POR-LAL,201403030POR-POR,LAL-2014,1,2014,109.06,49.98766666666666,meeksjo01-2014
johnswe01,36.31666666666667,4.4,201403030POR-LAL,201403030POR-POR,LAL-2014,1,2014,159.79333333333335,49.98766666666666,johnswe01-2014
gasolpa01,33.8,8.1,201403030POR-LAL,201403030POR-POR,LAL-2014,1,2014,273.78,49.98766666666666,gasolpa01-2014
bazemke01,27.966666666666665,1.4,201403030POR-LAL,201403030POR-POR,LAL-2014,1,2014,39.15333333333333,49.98766666666666,bazemke01-2014
marshke01,25.35,0,201403030POR-LAL,201403030POR-POR,LAL-2014,1,2014,0,49.98766666666666,marshke01-2014
brookma01,24.666666666666668,-3.1,201403030POR-LAL,201403030POR-POR,LAL-2014,1,2014,-76.46666666666667,49.98766666666666,brookma01-2014
farmajo01,22.166666666666668,0.2,201403030POR-LAL,201403030POR-POR,LAL-2014,1,2014,4.433333333333334,49.98766666666666,farmajo01-2014
sacrero01,14.2,-0.3,201403030POR-LAL,201403030POR-POR,LAL-2014,1,2014,-4.26,49.98766666666666,sacrero01-2014
kellyry01,11.683333333333334,0.4,201403030POR-LAL,201403030POR-POR,LAL-2014,1,2014,4.673333333333334,49.98766666666666,kellyry01-2014
henryxa01,4.9,-2.1,201403030POR-LAL,201403030POR-POR,LAL-2014,1,2014,-10.290000000000001,49.98766666666666,henryxa01-2014
evansty01,43.4,0.5,201403040LAL-NOP,201403040LAL-LAL,NOP-2014,1,2014,21.7,46.87233333333334,evansty01-2014
davisan02,42.45,3.3,201403040LAL-NOP,201403040LAL-LAL,NOP-2014,1,2014,140.085,46.87233333333334,davisan02-2014
gordoer01,37.75,9.8,201403040LAL-NOP,201403040LAL-LAL,NOP-2014,1,2014,369.95000000000005,46.87233333333334,gordoer01-2014
roberbr01,28.95,-3.5,201403040LAL-NOP,201403040LAL-LAL,NOP-2014,1,2014,-101.325,46.87233333333334,roberbr01-2014
riverau01,19.05,1.4,201403040LAL-NOP,201403040LAL-LAL,NOP-2014,1,2014,26.669999999999998,46.87233333333334,riverau01-2014
morroan01,16.35,0,201403040LAL-NOP,201403040LAL-LAL,NOP-2014,1,2014,0,46.87233333333334,morroan01-2014
ajincal01,15.816666666666666,-0.7,201403040LAL-NOP,201403040LAL-LAL,NOP-2014,1,2014,-11.071666666666665,46.87233333333334,ajincal01-2014
aminual01,15.133333333333333,1.8,201403040LAL-NOP,201403040LAL-LAL,NOP-2014,1,2014,27.24,46.87233333333334,aminual01-2014
witheje01,12.75,0.3,201403040LAL-NOP,201403040LAL-LAL,NOP-2014,1,2014,3.8249999999999997,46.87233333333334,witheje01-2014
stiemgr01,8.35,-1,201403040LAL-NOP,201403040LAL-LAL,NOP-2014,1,2014,-8.35,46.87233333333334,stiemgr01-2014
barnema02,30.1,8.2,201403060LAL-LAC,201403060LAL-LAL,LAC-2014,1,2014,246.82,78.98954545454545,barnema02-2014
collida01,29.55,4.8,201403060LAL-LAC,201403060LAL-LAL,LAC-2014,1,2014,141.84,78.98954545454545,collida01-2014
greenwi01,27.566666666666666,-2.6,201403060LAL-LAC,201403060LAL-LAL,LAC-2014,1,2014,-71.67333333333333,78.98954545454545,greenwi01-2014
paulch01,26.033333333333335,6.8,201403060LAL-LAC,201403060LAL-LAL,LAC-2014,1,2014,177.02666666666667,78.98954545454545,paulch01-2014
griffbl01,25.783333333333335,5.3,201403060LAL-LAC,201403060LAL-LAL,LAC-2014,1,2014,136.65166666666667,78.98954545454545,griffbl01-2014
turkohe01,22.216666666666665,6.2,201403060LAL-LAC,201403060LAL-LAL,LAC-2014,1,2014,137.74333333333334,78.98954545454545,turkohe01-2014
jordade01,22.033333333333335,2.4,201403060LAL-LAC,201403060LAL-LAL,LAC-2014,1,2014,52.88,78.98954545454545,jordade01-2014
davisgl01,18.533333333333335,2.3,201403060LAL-LAC,201403060LAL-LAL,LAC-2014,1,2014,42.626666666666665,78.98954545454545,davisgl01-2014
grangda01,17.9,-2.9,201403060LAL-LAC,201403060LAL-LAL,LAC-2014,1,2014,-51.91,78.98954545454545,grangda01-2014
bullore01,12.85,4.6,201403060LAL-LAC,201403060LAL-LAL,LAC-2014,1,2014,59.10999999999999,78.98954545454545,bullore01-2014
holliry01,7.433333333333334,-0.3,201403060LAL-LAC,201403060LAL-LAL,LAC-2014,1,2014,-2.23,78.98954545454545,holliry01-2014
meeksjo01,33.96666666666667,-4.9,201403070DEN-LAL,201403070DEN-DEN,LAL-2014,0,2014,-166.4366666666667,7.805833333333332,meeksjo01-2014
kellyry01,32.766666666666666,5.1,201403070DEN-LAL,201403070DEN-DEN,LAL-2014,0,2014,167.10999999999999,7.805833333333332,kellyry01-2014
henryxa01,31.333333333333332,-2.5,201403070DEN-LAL,201403070DEN-DEN,LAL-2014,0,2014,-78.33333333333333,7.805833333333332,henryxa01-2014
gasolpa01,30.483333333333334,0.9,201403070DEN-LAL,201403070DEN-DEN,LAL-2014,0,2014,27.435000000000002,7.805833333333332,gasolpa01-2014
marshke01,26.783333333333335,2.7,201403070DEN-LAL,201403070DEN-DEN,LAL-2014,0,2014,72.31500000000001,7.805833333333332,marshke01-2014
farmajo01,21.383333333333333,6.9,201403070DEN-LAL,201403070DEN-DEN,LAL-2014,0,2014,147.54500000000002,7.805833333333332,farmajo01-2014
johnswe01,18.883333333333333,-3.1,201403070DEN-LAL,201403070DEN-DEN,LAL-2014,0,2014,-58.538333333333334,7.805833333333332,johnswe01-2014
sacrero01,17.516666666666666,0.5,201403070DEN-LAL,201403070DEN-DEN,LAL-2014,0,2014,8.758333333333333,7.805833333333332,sacrero01-2014
bazemke01,16.266666666666666,-2.7,201403070DEN-LAL,201403070DEN-DEN,LAL-2014,0,2014,-43.92,7.805833333333332,bazemke01-2014
brookma01,10.616666666666667,0.2,201403070DEN-LAL,201403070DEN-DEN,LAL-2014,0,2014,2.1233333333333335,7.805833333333332,brookma01-2014
duranke01,41.6,6.9,201403090LAL-OKC,201403090LAL-LAL,OKC-2014,0,2014,287.04,47.01530303030303,duranke01-2014
ibakase01,34.15,5.1,201403090LAL-OKC,201403090LAL-LAL,OKC-2014,0,2014,174.165,47.01530303030303,ibakase01-2014
westbru01,30.533333333333335,-0.9,201403090LAL-OKC,201403090LAL-LAL,OKC-2014,0,2014,-27.48,47.01530303030303,westbru01-2014
jacksre01,29.933333333333334,4.6,201403090LAL-OKC,201403090LAL-LAL,OKC-2014,0,2014,137.69333333333333,47.01530303030303,jacksre01-2014
butleca01,23.866666666666667,-1.8,201403090LAL-OKC,201403090LAL-LAL,OKC-2014,0,2014,-42.96,47.01530303030303,butleca01-2014
fishede01,22.1,2,201403090LAL-OKC,201403090LAL-LAL,OKC-2014,0,2014,44.2,47.01530303030303,fishede01-2014
jonespe01,16.966666666666665,0.3,201403090LAL-OKC,201403090LAL-LAL,OKC-2014,0,2014,5.089999999999999,47.01530303030303,jonespe01-2014
lambje01,12.766666666666667,-2.9,201403090LAL-OKC,201403090LAL-LAL,OKC-2014,0,2014,-37.02333333333333,47.01530303030303,lambje01-2014
collini01,11.516666666666667,-2.1,201403090LAL-OKC,201403090LAL-LAL,OKC-2014,0,2014,-24.185000000000002,47.01530303030303,collini01-2014
adamsst01,10.283333333333333,0,201403090LAL-OKC,201403090LAL-LAL,OKC-2014,0,2014,0,47.01530303030303,adamsst01-2014
thabeha01,6.283333333333333,0.1,201403090LAL-OKC,201403090LAL-LAL,OKC-2014,0,2014,0.6283333333333334,47.01530303030303,thabeha01-2014
meeksjo01,31.033333333333335,1.4,201403130OKC-LAL,201403130OKC-OKC,LAL-2014,0,2014,43.446666666666665,-7.412500000000002,meeksjo01-2014
johnswe01,30.016666666666666,-3.2,201403130OKC-LAL,201403130OKC-OKC,LAL-2014,0,2014,-96.05333333333334,-7.412500000000002,johnswe01-2014
kellyry01,28.9,5.9,201403130OKC-LAL,201403130OKC-OKC,LAL-2014,0,2014,170.51,-7.412500000000002,kellyry01-2014
bazemke01,27.283333333333335,-2.7,201403130OKC-LAL,201403130OKC-OKC,LAL-2014,0,2014,-73.665,-7.412500000000002,bazemke01-2014
gasolpa01,26.333333333333332,-0.3,201403130OKC-LAL,201403130OKC-OKC,LAL-2014,0,2014,-7.8999999999999995,-7.412500000000002,gasolpa01-2014
farmajo01,25.916666666666668,0.4,201403130OKC-LAL,201403130OKC-OKC,LAL-2014,0,2014,10.366666666666667,-7.412500000000002,farmajo01-2014
marshke01,22.083333333333332,0.4,201403130OKC-LAL,201403130OKC-OKC,LAL-2014,0,2014,8.833333333333334,-7.412500000000002,marshke01-2014
henryxa01,21.883333333333333,-2.1,201403130OKC-LAL,201403130OKC-OKC,LAL-2014,0,2014,-45.955,-7.412500000000002,henryxa01-2014
sacrero01,21.666666666666668,-3.3,201403130OKC-LAL,201403130OKC-OKC,LAL-2014,0,2014,-71.5,-7.412500000000002,sacrero01-2014
brookma01,4.883333333333333,-2.5,201403130OKC-LAL,201403130OKC-OKC,LAL-2014,0,2014,-12.208333333333332,-7.412500000000002,brookma01-2014
meeksjo01,34.833333333333336,0.1,201403140SAS-LAL,201403140SAS-SAS,LAL-2014,0,2014,3.483333333333334,-32.824074074074076,meeksjo01-2014
kellyry01,33.233333333333334,-3.3,201403140SAS-LAL,201403140SAS-SAS,LAL-2014,0,2014,-109.67,-32.824074074074076,kellyry01-2014
johnswe01,33.21666666666667,-4.5,201403140SAS-LAL,201403140SAS-SAS,LAL-2014,0,2014,-149.47500000000002,-32.824074074074076,johnswe01-2014
marshke01,27.916666666666668,-3,201403140SAS-LAL,201403140SAS-SAS,LAL-2014,0,2014,-83.75,-32.824074074074076,marshke01-2014
gasolpa01,26.183333333333334,6.6,201403140SAS-LAL,201403140SAS-SAS,LAL-2014,0,2014,172.81,-32.824074074074076,gasolpa01-2014
bazemke01,26.116666666666667,-2.8,201403140SAS-LAL,201403140SAS-SAS,LAL-2014,0,2014,-73.12666666666667,-32.824074074074076,bazemke01-2014
sacrero01,21.816666666666666,-1.4,201403140SAS-LAL,201403140SAS-SAS,LAL-2014,0,2014,-30.54333333333333,-32.824074074074076,sacrero01-2014
farmajo01,20.083333333333332,-1.5,201403140SAS-LAL,201403140SAS-SAS,LAL-2014,0,2014,-30.125,-32.824074074074076,farmajo01-2014
henryxa01,16.6,0.3,201403140SAS-LAL,201403140SAS-SAS,LAL-2014,0,2014,4.98,-32.824074074074076,henryxa01-2014
leonaka01,34.25,9.2,201403190LAL-SAS,201403190LAL-LAL,SAS-2014,1,2014,315.09999999999997,68.72378787878787,leonaka01-2014
parketo01,32.516666666666666,3.6,201403190LAL-SAS,201403190LAL-LAL,SAS-2014,1,2014,117.06,68.72378787878787,parketo01-2014
duncati01,32.28333333333333,3.2,201403190LAL-SAS,201403190LAL-LAL,SAS-2014,1,2014,103.30666666666667,68.72378787878787,duncati01-2014
belinma01,25.9,-1.3,201403190LAL-SAS,201403190LAL-LAL,SAS-2014,1,2014,-33.67,68.72378787878787,belinma01-2014
diawbo01,24.3,1.4,201403190LAL-SAS,201403190LAL-LAL,SAS-2014,1,2014,34.019999999999996,68.72378787878787,diawbo01-2014
greenda02,23.8,8.1,201403190LAL-SAS,201403190LAL-LAL,SAS-2014,1,2014,192.78,68.72378787878787,greenda02-2014
ginobma01,21.766666666666666,1.5,201403190LAL-SAS,201403190LAL-LAL,SAS-2014,1,2014,32.65,68.72378787878787,ginobma01-2014
splitti01,21.716666666666665,3.8,201403190LAL-SAS,201403190LAL-LAL,SAS-2014,1,2014,82.52333333333333,68.72378787878787,splitti01-2014
millspa02,15.483333333333333,-4.1,201403190LAL-SAS,201403190LAL-LAL,SAS-2014,1,2014,-63.481666666666655,68.72378787878787,millspa02-2014
baynear01,6.4,-3.9,201403190LAL-SAS,201403190LAL-LAL,SAS-2014,1,2014,-24.96,68.72378787878787,baynear01-2014
josepco01,1.5833333333333335,0.4,201403190LAL-SAS,201403190LAL-LAL,SAS-2014,1,2014,0.6333333333333334,68.72378787878787,josepco01-2014
bealbr01,38.28333333333333,2.1,201403210LAL-WAS,201403210LAL-LAL,WAS-2014,1,2014,80.395,28.058055555555555,bealbr01-2014
walljo01,34.61666666666667,6.4,201403210LAL-WAS,201403210LAL-LAL,WAS-2014,1,2014,221.54666666666668,28.058055555555555,walljo01-2014
gortama01,33.333333333333336,-0.1,201403210LAL-WAS,201403210LAL-LAL,WAS-2014,1,2014,-3.333333333333334,28.058055555555555,gortama01-2014
arizatr01,32.75,0.8,201403210LAL-WAS,201403210LAL-LAL,WAS-2014,1,2014,26.200000000000003,28.058055555555555,arizatr01-2014
webstma02,27.116666666666667,-3.2,201403210LAL-WAS,201403210LAL-LAL,WAS-2014,1,2014,-86.77333333333334,28.058055555555555,webstma02-2014
harrial01,25.933333333333334,0,201403210LAL-WAS,201403210LAL-LAL,WAS-2014,1,2014,0,28.058055555555555,harrial01-2014
goodedr01,19.266666666666666,0.2,201403210LAL-WAS,201403210LAL-LAL,WAS-2014,1,2014,3.8533333333333335,28.058055555555555,goodedr01-2014
booketr01,14.5,3.3,201403210LAL-WAS,201403210LAL-LAL,WAS-2014,1,2014,47.849999999999994,28.058055555555555,booketr01-2014
millean02,13.416666666666666,3.5,201403210LAL-WAS,201403210LAL-LAL,WAS-2014,1,2014,46.95833333333333,28.058055555555555,millean02-2014
serapke01,0.6166666666666667,0,201403210LAL-WAS,201403210LAL-LAL,WAS-2014,1,2014,0,28.058055555555555,serapke01-2014
porteot01,0.08333333333333333,0,201403210LAL-WAS,201403210LAL-LAL,WAS-2014,1,2014,0,28.058055555555555,porteot01-2014
templga01,0.08333333333333333,0,201403210LAL-WAS,201403210LAL-LAL,WAS-2014,1,2014,0,28.058055555555555,templga01-2014
oladivi01,38.8,4.7,201403230LAL-ORL,201403230LAL-LAL,ORL-2014,0,2014,182.35999999999999,0.19272727272727105,oladivi01-2014
afflaar01,37.233333333333334,1.3,201403230LAL-ORL,201403230LAL-LAL,ORL-2014,0,2014,48.403333333333336,0.19272727272727105,afflaar01-2014
vucevni01,34.5,-5.2,201403230LAL-ORL,201403230LAL-LAL,ORL-2014,0,2014,-179.4,0.19272727272727105,vucevni01-2014
harklma01,27.6,-3.9,201403230LAL-ORL,201403230LAL-LAL,ORL-2014,0,2014,-107.64,0.19272727272727105,harklma01-2014
harrito02,22.833333333333332,3.5,201403230LAL-ORL,201403230LAL-LAL,ORL-2014,0,2014,79.91666666666666,0.19272727272727105,harrito02-2014
lambdo01,22.266666666666666,-3.3,201403230LAL-ORL,201403230LAL-LAL,ORL-2014,0,2014,-73.47999999999999,0.19272727272727105,lambdo01-2014
oquinky01,20.433333333333334,3,201403230LAL-ORL,201403230LAL-LAL,ORL-2014,0,2014,61.3,0.19272727272727105,oquinky01-2014
dedmode01,10.616666666666667,1.8,201403230LAL-ORL,201403230LAL-LAL,ORL-2014,0,2014,19.110000000000003,0.19272727272727105,dedmode01-2014
pricero01,9.2,-0.7,201403230LAL-ORL,201403230LAL-LAL,ORL-2014,0,2014,-6.4399999999999995,0.19272727272727105,pricero01-2014
mooreet01,8.9,-3.5,201403230LAL-ORL,201403230LAL-LAL,ORL-2014,0,2014,-31.150000000000002,0.19272727272727105,mooreet01-2014
nichoan01,7.616666666666667,1.2,201403230LAL-ORL,201403230LAL-LAL,ORL-2014,0,2014,9.14,0.19272727272727105,nichoan01-2014
anthoca01,38.25,1.5,201403250LAL-NYK,201403250LAL-LAL,NYK-2014,0,2014,57.375,-11.571805555555555,anthoca01-2014
smithjr01,29.016666666666666,1.5,201403250LAL-NYK,201403250LAL-LAL,NYK-2014,0,2014,43.525,-11.571805555555555,smithjr01-2014
chandty01,28.716666666666665,-0.1,201403250LAL-NYK,201403250LAL-LAL,NYK-2014,0,2014,-2.8716666666666666,-11.571805555555555,chandty01-2014
stoudam01,27.4,-3.9,201403250LAL-NYK,201403250LAL-LAL,NYK-2014,0,2014,-106.85999999999999,-11.571805555555555,stoudam01-2014
hardati02,24.066666666666666,3.8,201403250LAL-NYK,201403250LAL-LAL,NYK-2014,0,2014,91.45333333333333,-11.571805555555555,hardati02-2014
prigipa01,21.5,-1.6,201403250LAL-NYK,201403250LAL-LAL,NYK-2014,0,2014,-34.4,-11.571805555555555,prigipa01-2014
feltora01,20.216666666666665,0.4,201403250LAL-NYK,201403250LAL-LAL,NYK-2014,0,2014,8.086666666666666,-11.571805555555555,feltora01-2014
shumpim01,19.433333333333334,-6.7,201403250LAL-NYK,201403250LAL-LAL,NYK-2014,0,2014,-130.20333333333335,-11.571805555555555,shumpim01-2014
aldrico01,10.916666666666666,-1.9,201403250LAL-NYK,201403250LAL-LAL,NYK-2014,0,2014,-20.741666666666664,-11.571805555555555,aldrico01-2014
tylerje01,7.316666666666666,-3.1,201403250LAL-NYK,201403250LAL-LAL,NYK-2014,0,2014,-22.681666666666665,-11.571805555555555,tylerje01-2014
brownsh01,6.883333333333333,-0.3,201403250LAL-NYK,201403250LAL-LAL,NYK-2014,0,2014,-2.065,-11.571805555555555,brownsh01-2014
murryto01,6.283333333333333,-3.1,201403250LAL-NYK,201403250LAL-LAL,NYK-2014,0,2014,-19.478333333333335,-11.571805555555555,murryto01-2014
hilljo01,31.333333333333332,9.2,201403270MIL-LAL,201403270MIL-MIL,LAL-2014,0,2014,288.26666666666665,19.990333333333332,hilljo01-2014
meeksjo01,31.216666666666665,3.4,201403270MIL-LAL,201403270MIL-MIL,LAL-2014,0,2014,106.13666666666666,19.990333333333332,meeksjo01-2014
youngni01,28.783333333333335,1.8,201403270MIL-LAL,201403270MIL-MIL,LAL-2014,0,2014,51.81,19.990333333333332,youngni01-2014
marshke01,28.033333333333335,-4.3,201403270MIL-LAL,201403270MIL-MIL,LAL-2014,0,2014,-120.54333333333334,19.990333333333332,marshke01-2014
sacrero01,26.55,5.3,201403270MIL-LAL,201403270MIL-MIL,LAL-2014,0,2014,140.715,19.990333333333332,sacrero01-2014
kamanch01,21.45,-2.3,201403270MIL-LAL,201403270MIL-MIL,LAL-2014,0,2014,-49.334999999999994,19.990333333333332,kamanch01-2014
henryxa01,19.983333333333334,-5.6,201403270MIL-LAL,201403270MIL-MIL,LAL-2014,0,2014,-111.90666666666667,19.990333333333332,henryxa01-2014
johnswe01,18.583333333333332,0,201403270MIL-LAL,201403270MIL-MIL,LAL-2014,0,2014,0,19.990333333333332,johnswe01-2014
bazemke01,17.666666666666668,-5.4,201403270MIL-LAL,201403270MIL-MIL,LAL-2014,0,2014,-95.4,19.990333333333332,bazemke01-2014
kellyry01,16.4,-0.6,201403270MIL-LAL,201403270MIL-MIL,LAL-2014,0,2014,-9.839999999999998,19.990333333333332,kellyry01-2014
bazemke01,35.6,2.6,201403280MIN-LAL,201403280MIN-MIN,LAL-2014,0,2014,92.56,-24.768939393939394,bazemke01-2014
meeksjo01,31.85,-0.1,201403280MIN-LAL,201403280MIN-MIN,LAL-2014,0,2014,-3.1850000000000005,-24.768939393939394,meeksjo01-2014
sacrero01,30.566666666666666,-2.6,201403280MIN-LAL,201403280MIN-MIN,LAL-2014,0,2014,-79.47333333333333,-24.768939393939394,sacrero01-2014
youngni01,27.633333333333333,1,201403280MIN-LAL,201403280MIN-MIN,LAL-2014,0,2014,27.633333333333333,-24.768939393939394,youngni01-2014
hilljo01,24.316666666666666,-6,201403280MIN-LAL,201403280MIN-MIN,LAL-2014,0,2014,-145.9,-24.768939393939394,hilljo01-2014
johnswe01,24.216666666666665,-0.4,201403280MIN-LAL,201403280MIN-MIN,LAL-2014,0,2014,-9.686666666666667,-24.768939393939394,johnswe01-2014
kellyry01,23.783333333333335,-1,201403280MIN-LAL,201403280MIN-MIN,LAL-2014,0,2014,-23.783333333333335,-24.768939393939394,kellyry01-2014
marshke01,15.333333333333334,-7.7,201403280MIN-LAL,201403280MIN-MIN,LAL-2014,0,2014,-118.06666666666668,-24.768939393939394,marshke01-2014
nashst01,14.916666666666666,-1.8,201403280MIN-LAL,201403280MIN-MIN,LAL-2014,0,2014,-26.849999999999998,-24.768939393939394,nashst01-2014
brookma01,6.166666666666667,2.5,201403280MIN-LAL,201403280MIN-MIN,LAL-2014,0,2014,15.416666666666668,-24.768939393939394,brookma01-2014
kamanch01,5.616666666666667,-0.2,201403280MIN-LAL,201403280MIN-MIN,LAL-2014,0,2014,-1.1233333333333335,-24.768939393939394,kamanch01-2014
dragigo01,38.31666666666667,-2.2,201403300LAL-PHO,201403300LAL-LAL,PHO-2014,0,2014,-84.29666666666668,11.50128205128205,dragigo01-2014
greenge01,32.25,4.1,201403300LAL-PHO,201403300LAL-LAL,PHO-2014,0,2014,132.225,11.50128205128205,greenge01-2014
morrima02,32.11666666666667,5.8,201403300LAL-PHO,201403300LAL-LAL,PHO-2014,0,2014,186.27666666666667,11.50128205128205,morrima02-2014
bledser01,28.866666666666667,-6.5,201403300LAL-PHO,201403300LAL-LAL,PHO-2014,0,2014,-187.63333333333333,11.50128205128205,bledser01-2014
morrima03,26.766666666666666,7.8,201403300LAL-PHO,201403300LAL-LAL,PHO-2014,0,2014,208.78,11.50128205128205,morrima03-2014
smithis01,23.583333333333332,0.9,201403300LAL-PHO,201403300LAL-LAL,PHO-2014,0,2014,21.224999999999998,11.50128205128205,smithis01-2014
fryech01,19.066666666666666,-4.2,201403300LAL-PHO,201403300LAL-LAL,PHO-2014,0,2014,-80.08,11.50128205128205,fryech01-2014
tuckepj01,17.983333333333334,-2.9,201403300LAL-PHO,201403300LAL-LAL,PHO-2014,0,2014,-52.15166666666667,11.50128205128205,tuckepj01-2014
plumlmi01,10.566666666666666,1,201403300LAL-PHO,201403300LAL-LAL,PHO-2014,0,2014,10.566666666666666,11.50128205128205,plumlmi01-2014
randosh01,4.566666666666666,0.7,201403300LAL-PHO,201403300LAL-LAL,PHO-2014,0,2014,3.1966666666666663,11.50128205128205,randosh01-2014
lenal01,2.9166666666666665,-1.3,201403300LAL-PHO,201403300LAL-LAL,PHO-2014,0,2014,-3.7916666666666665,11.50128205128205,lenal01-2014
chrisdi01,1.5,-0.7,201403300LAL-PHO,201403300LAL-LAL,PHO-2014,0,2014,-1.0499999999999998,11.50128205128205,chrisdi01-2014
goodwar01,1.5,-2.5,201403300LAL-PHO,201403300LAL-LAL,PHO-2014,0,2014,-3.75,11.50128205128205,goodwar01-2014
batumni01,35.56666666666667,5.7,201404010LAL-POR,201404010LAL-LAL,POR-2014,1,2014,202.73000000000002,60.29038461538462,batumni01-2014
lillada01,35.516666666666666,10.4,201404010LAL-POR,201404010LAL-LAL,POR-2014,1,2014,369.37333333333333,60.29038461538462,lillada01-2014
lopezro01,34.05,2.1,201404010LAL-POR,201404010LAL-LAL,POR-2014,1,2014,71.505,60.29038461538462,lopezro01-2014
aldrila01,32.53333333333333,10.3,201404010LAL-POR,201404010LAL-LAL,POR-2014,1,2014,335.09333333333336,60.29038461538462,aldrila01-2014
matthwe02,32.53333333333333,-1.6,201404010LAL-POR,201404010LAL-LAL,POR-2014,1,2014,-52.053333333333335,60.29038461538462,matthwe02-2014
willima01,24.833333333333332,-4,201404010LAL-POR,201404010LAL-LAL,POR-2014,1,2014,-99.33333333333333,60.29038461538462,willima01-2014
robinth01,17.95,-0.8,201404010LAL-POR,201404010LAL-LAL,POR-2014,1,2014,-14.36,60.29038461538462,robinth01-2014
bartowi01,11.266666666666667,-0.9,201404010LAL-POR,201404010LAL-LAL,POR-2014,1,2014,-10.14,60.29038461538462,bartowi01-2014
wrighdo01,9.316666666666666,-1.2,201404010LAL-POR,201404010LAL-LAL,POR-2014,1,2014,-11.18,60.29038461538462,wrighdo01-2014
mccolcj01,2.15,-2,201404010LAL-POR,201404010LAL-LAL,POR-2014,1,2014,-4.3,60.29038461538462,mccolcj01-2014
watsoea01,2.15,-1.2,201404010LAL-POR,201404010LAL-LAL,POR-2014,1,2014,-2.5799999999999996,60.29038461538462,watsoea01-2014
leoname01,1.5333333333333332,-0.6,201404010LAL-POR,201404010LAL-LAL,POR-2014,1,2014,-0.9199999999999999,60.29038461538462,leoname01-2014
clavevi01,0.6,-0.1,201404010LAL-POR,201404010LAL-LAL,POR-2014,1,2014,-0.06,60.29038461538462,clavevi01-2014
meeksjo01,36.166666666666664,0.9,201404020SAC-LAL,201404020SAC-SAC,LAL-2014,0,2014,32.55,-1.2190740740740762,meeksjo01-2014
marshke01,32.516666666666666,-2.2,201404020SAC-LAL,201404020SAC-SAC,LAL-2014,0,2014,-71.53666666666668,-1.2190740740740762,marshke01-2014
bazemke01,30.866666666666667,-0.7,201404020SAC-LAL,201404020SAC-SAC,LAL-2014,0,2014,-21.606666666666666,-1.2190740740740762,bazemke01-2014
youngni01,29.95,-0.3,201404020SAC-LAL,201404020SAC-SAC,LAL-2014,0,2014,-8.985,-1.2190740740740762,youngni01-2014
hilljo01,28.766666666666666,-0.5,201404020SAC-LAL,201404020SAC-SAC,LAL-2014,0,2014,-14.383333333333333,-1.2190740740740762,hilljo01-2014
kellyry01,28.033333333333335,-1.8,201404020SAC-LAL,201404020SAC-SAC,LAL-2014,0,2014,-50.46,-1.2190740740740762,kellyry01-2014
johnswe01,27.9,3.5,201404020SAC-LAL,201404020SAC-SAC,LAL-2014,0,2014,97.64999999999999,-1.2190740740740762,johnswe01-2014
sacrero01,19.233333333333334,1,201404020SAC-LAL,201404020SAC-SAC,LAL-2014,0,2014,19.233333333333334,-1.2190740740740762,sacrero01-2014
brookma01,6.566666666666666,1,201404020SAC-LAL,201404020SAC-SAC,LAL-2014,0,2014,6.566666666666666,-1.2190740740740762,brookma01-2014
ellismo01,34.1,-3.4,201404040LAL-DAL,201404040LAL-LAL,DAL-2014,1,2014,-115.94,59.08283333333333,ellismo01-2014
nowitdi01,33.733333333333334,12.5,201404040LAL-DAL,201404040LAL-LAL,DAL-2014,1,2014,421.6666666666667,59.08283333333333,nowitdi01-2014
mariosh01,30.75,0.4,201404040LAL-DAL,201404040LAL-LAL,DAL-2014,1,2014,12.3,59.08283333333333,mariosh01-2014
caldejo01,28.583333333333332,-2.1,201404040LAL-DAL,201404040LAL-LAL,DAL-2014,1,2014,-60.025,59.08283333333333,caldejo01-2014
wrighbr03,26.866666666666667,11.7,201404040LAL-DAL,201404040LAL-LAL,DAL-2014,1,2014,314.34,59.08283333333333,wrighbr03-2014
harride01,23.816666666666666,1,201404040LAL-DAL,201404040LAL-LAL,DAL-2014,1,2014,23.816666666666666,59.08283333333333,harride01-2014
dalemsa01,21.133333333333333,6.7,201404040LAL-DAL,201404040LAL-LAL,DAL-2014,1,2014,141.59333333333333,59.08283333333333,dalemsa01-2014
crowdja01,20.3,-0.5,201404040LAL-DAL,201404040LAL-LAL,DAL-2014,1,2014,-10.15,59.08283333333333,crowdja01-2014
cartevi01,15.683333333333334,-8.4,201404040LAL-DAL,201404040LAL-LAL,DAL-2014,1,2014,-131.74,59.08283333333333,cartevi01-2014
ellinwa01,5.033333333333333,-1,201404040LAL-DAL,201404040LAL-LAL,DAL-2014,1,2014,-5.033333333333333,59.08283333333333,ellinwa01-2014
marshke01,42.68333333333333,-6.8,201404060LAC-LAL,201404060LAC-LAC,LAL-2014,0,2014,-290.2466666666666,-31.870740740740732,marshke01-2014
meeksjo01,39.15,-5.8,201404060LAC-LAL,201404060LAC-LAC,LAL-2014,0,2014,-227.07,-31.870740740740732,meeksjo01-2014
kellyry01,31.2,-4.8,201404060LAC-LAL,201404060LAC-LAC,LAL-2014,0,2014,-149.76,-31.870740740740732,kellyry01-2014
johnswe01,29.533333333333335,4,201404060LAC-LAL,201404060LAC-LAC,LAL-2014,0,2014,118.13333333333334,-31.870740740740732,johnswe01-2014
sacrero01,29.1,2.5,201404060LAC-LAL,201404060LAC-LAC,LAL-2014,0,2014,72.75,-31.870740740740732,sacrero01-2014
hilljo01,28.666666666666668,5.3,201404060LAC-LAL,201404060LAC-LAC,LAL-2014,0,2014,151.93333333333334,-31.870740740740732,hilljo01-2014
youngni01,26.116666666666667,1.1,201404060LAC-LAL,201404060LAC-LAC,LAL-2014,0,2014,28.728333333333335,-31.870740740740732,youngni01-2014
bazemke01,11.416666666666666,0.5,201404060LAC-LAL,201404060LAC-LAC,LAL-2014,0,2014,5.708333333333333,-31.870740740740732,bazemke01-2014
brookma01,2.1333333333333333,1.4,201404060LAC-LAL,201404060LAC-LAC,LAL-2014,0,2014,2.9866666666666664,-31.870740740740732,brookma01-2014
joneste01,32.583333333333336,6.3,201404080LAL-HOU,201404080LAL-LAL,HOU-2014,1,2014,205.275,63.31633333333333,joneste01-2014
hardeja01,31.766666666666666,11.6,201404080LAL-HOU,201404080LAL-LAL,HOU-2014,1,2014,368.49333333333334,63.31633333333333,hardeja01-2014
parsoch01,31.566666666666666,6.4,201404080LAL-HOU,201404080LAL-LAL,HOU-2014,1,2014,202.02666666666667,63.31633333333333,parsoch01-2014
canaais01,26.866666666666667,0.6,201404080LAL-HOU,201404080LAL-LAL,HOU-2014,1,2014,16.12,63.31633333333333,canaais01-2014
linje01,26.25,1.5,201404080LAL-HOU,201404080LAL-LAL,HOU-2014,1,2014,39.375,63.31633333333333,linje01-2014
asikom01,24.416666666666668,-0.7,201404080LAL-HOU,201404080LAL-LAL,HOU-2014,1,2014,-17.091666666666665,63.31633333333333,asikom01-2014
motiedo01,23.5,-2.4,201404080LAL-HOU,201404080LAL-LAL,HOU-2014,1,2014,-56.4,63.31633333333333,motiedo01-2014
garcifr01,22.983333333333334,-5.3,201404080LAL-HOU,201404080LAL-LAL,HOU-2014,1,2014,-121.81166666666667,63.31633333333333,garcifr01-2014
casspom01,13.183333333333334,1.3,201404080LAL-HOU,201404080LAL-LAL,HOU-2014,1,2014,17.138333333333335,63.31633333333333,casspom01-2014
hamiljo02,6.883333333333333,-2.9,201404080LAL-HOU,201404080LAL-LAL,HOU-2014,1,2014,-19.961666666666666,63.31633333333333,hamiljo02-2014
thompkl01,36.583333333333336,-1.5,201404110LAL-GSW,201404110LAL-LAL,GSW-2014,1,2014,-54.875,69.94616666666667,thompkl01-2014
curryst01,34.71666666666667,10.1,201404110LAL-GSW,201404110LAL-LAL,GSW-2014,1,2014,350.6383333333333,69.94616666666667,curryst01-2014
greendr01,31.6,6.1,201404110LAL-GSW,201404110LAL-LAL,GSW-2014,1,2014,192.76,69.94616666666667,greendr01-2014
blakest01,30.033333333333335,7,201404110LAL-GSW,201404110LAL-LAL,GSW-2014,1,2014,210.23333333333335,69.94616666666667,blakest01-2014
leeda02,25.366666666666667,1.1,201404110LAL-GSW,201404110LAL-LAL,GSW-2014,1,2014,27.903333333333336,69.94616666666667,leeda02-2014
bogutan01,23.333333333333332,2.7,201404110LAL-GSW,201404110LAL-LAL,GSW-2014,1,2014,63,69.94616666666667,bogutan01-2014
speigma01,22.2,0.8,201404110LAL-GSW,201404110LAL-LAL,GSW-2014,1,2014,17.76,69.94616666666667,speigma01-2014
barneha02,21.65,-2.9,201404110LAL-GSW,201404110LAL-LAL,GSW-2014,1,2014,-62.785,69.94616666666667,barneha02-2014
crawfjo02,14.116666666666667,-3.2,201404110LAL-GSW,201404110LAL-LAL,GSW-2014,1,2014,-45.17333333333334,69.94616666666667,crawfjo02-2014
armsthi01,0.4,0,201404110LAL-GSW,201404110LAL-LAL,GSW-2014,1,2014,0,69.94616666666667,armsthi01-2014
gasolma01,36.266666666666666,3.7,201404130LAL-MEM,201404130LAL-LAL,MEM-2014,1,2014,134.18666666666667,48.670972222222225,gasolma01-2014
conlemi01,34.5,12,201404130LAL-MEM,201404130LAL-LAL,MEM-2014,1,2014,414,48.670972222222225,conlemi01-2014
randoza01,30.933333333333334,-0.7,201404130LAL-MEM,201404130LAL-LAL,MEM-2014,1,2014,-21.653333333333332,48.670972222222225,randoza01-2014
leeco01,29.75,-1.6,201404130LAL-MEM,201404130LAL-LAL,MEM-2014,1,2014,-47.6,48.670972222222225,leeco01-2014
millemi01,23.583333333333332,5.9,201404130LAL-MEM,201404130LAL-LAL,MEM-2014,1,2014,139.14166666666668,48.670972222222225,millemi01-2014
princta01,21.45,4,201404130LAL-MEM,201404130LAL-LAL,MEM-2014,1,2014,85.8,48.670972222222225,princta01-2014
davised01,19.666666666666668,-3.8,201404130LAL-MEM,201404130LAL-LAL,MEM-2014,1,2014,-74.73333333333333,48.670972222222225,davised01-2014
allento01,19.4,-0.1,201404130LAL-MEM,201404130LAL-LAL,MEM-2014,1,2014,-1.94,48.670972222222225,allento01-2014
calatni01,14.433333333333334,-3.6,201404130LAL-MEM,201404130LAL-LAL,MEM-2014,1,2014,-51.96,48.670972222222225,calatni01-2014
koufoko01,8.25,1.1,201404130LAL-MEM,201404130LAL-LAL,MEM-2014,1,2014,9.075000000000001,48.670972222222225,koufoko01-2014
johnsja01,0.8833333333333333,-0.1,201404130LAL-MEM,201404130LAL-LAL,MEM-2014,1,2014,-0.08833333333333333,48.670972222222225,johnsja01-2014
udrihbe01,0.8833333333333333,-0.2,201404130LAL-MEM,201404130LAL-LAL,MEM-2014,1,2014,-0.17666666666666667,48.670972222222225,udrihbe01-2014
johnswe01,37.916666666666664,10.8,201404140UTA-LAL,201404140UTA-UTA,LAL-2014,1,2014,409.5,58.65203703703704,johnswe01-2014
meeksjo01,35.18333333333333,3.5,201404140UTA-LAL,201404140UTA-UTA,LAL-2014,1,2014,123.14166666666665,58.65203703703704,meeksjo01-2014
youngni01,34.083333333333336,8,201404140UTA-LAL,201404140UTA-UTA,LAL-2014,1,2014,272.6666666666667,58.65203703703704,youngni01-2014
kellyry01,32.21666666666667,-9.7,201404140UTA-LAL,201404140UTA-UTA,LAL-2014,1,2014,-312.50166666666667,58.65203703703704,kellyry01-2014
sacrero01,29.083333333333332,1.8,201404140UTA-LAL,201404140UTA-UTA,LAL-2014,1,2014,52.35,58.65203703703704,sacrero01-2014
marshke01,23.6,1.7,201404140UTA-LAL,201404140UTA-UTA,LAL-2014,1,2014,40.120000000000005,58.65203703703704,marshke01-2014
hilljo01,23.516666666666666,1.9,201404140UTA-LAL,201404140UTA-UTA,LAL-2014,1,2014,44.681666666666665,58.65203703703704,hilljo01-2014
farmajo01,21.983333333333334,-4.6,201404140UTA-LAL,201404140UTA-UTA,LAL-2014,1,2014,-101.12333333333333,58.65203703703704,farmajo01-2014
brookma01,2.4166666666666665,-0.4,201404140UTA-LAL,201404140UTA-UTA,LAL-2014,1,2014,-0.9666666666666667,58.65203703703704,brookma01-2014
kellyry01,36.6,-0.7,201404160SAS-LAL,201404160SAS-SAS,LAL-2014,1,2014,-25.62,53.97518518518519,kellyry01-2014
johnswe01,34.63333333333333,-3.8,201404160SAS-LAL,201404160SAS-SAS,LAL-2014,1,2014,-131.60666666666665,53.97518518518519,johnswe01-2014
meeksjo01,30.416666666666668,7.7,201404160SAS-LAL,201404160SAS-SAS,LAL-2014,1,2014,234.20833333333334,53.97518518518519,meeksjo01-2014
youngni01,29.833333333333332,3.6,201404160SAS-LAL,201404160SAS-SAS,LAL-2014,1,2014,107.39999999999999,53.97518518518519,youngni01-2014
hilljo01,27.85,6.9,201404160SAS-LAL,201404160SAS-SAS,LAL-2014,1,2014,192.16500000000002,53.97518518518519,hilljo01-2014
marshke01,27.533333333333335,6.3,201404160SAS-LAL,201404160SAS-SAS,LAL-2014,1,2014,173.46,53.97518518518519,marshke01-2014
sacrero01,23.916666666666668,-2.6,201404160SAS-LAL,201404160SAS-SAS,LAL-2014,1,2014,-62.18333333333334,53.97518518518519,sacrero01-2014
farmajo01,20.466666666666665,-0.1,201404160SAS-LAL,201404160SAS-SAS,LAL-2014,1,2014,-2.0466666666666664,53.97518518518519,farmajo01-2014
brookma01,8.75,0,201404160SAS-LAL,201404160SAS-SAS,LAL-2014,1,2014,0,53.97518518518519,brookma01-2014
