player,min,VORP,id,opp_id,season_id,win,year,adj_VORP,avg_VORP,link
willija01,40.333333333333336,5.9,199710310NJN-NJN,199710310NJN-IND,NJN-1998,1,1998,237.9666666666667,52.04616666666667,willija01-1998
cassesa01,36.1,5.6,199710310NJN-NJN,199710310NJN-IND,NJN-1998,1,1998,202.16,52.04616666666667,cassesa01-1998
gillke01,36.1,3.4,199710310NJN-NJN,199710310NJN-IND,NJN-1998,1,1998,122.74,52.04616666666667,gillke01-1998
edwarke01,32.38333333333333,-0.9,199710310NJN-NJN,199710310NJN-IND,NJN-1998,1,1998,-29.145,52.04616666666667,edwarke01-1998
gatlich01,26.35,-3.8,199710310NJN-NJN,199710310NJN-IND,NJN-1998,1,1998,-100.13,52.04616666666667,gatlich01-1998
douglsh01,18.85,5,199710310NJN-NJN,199710310NJN-IND,NJN-1998,1,1998,94.25,52.04616666666667,douglsh01-1998
cagemi01,17.2,1.2,199710310NJN-NJN,199710310NJN-IND,NJN-1998,1,1998,20.639999999999997,52.04616666666667,cagemi01-1998
harrilu01,17,-1.8,199710310NJN-NJN,199710310NJN-IND,NJN-1998,1,1998,-30.6,52.04616666666667,harrilu01-1998
benoida01,8.016666666666667,0.8,199710310NJN-NJN,199710310NJN-IND,NJN-1998,1,1998,6.413333333333334,52.04616666666667,benoida01-1998
dareyi01,7.666666666666667,-0.5,199710310NJN-NJN,199710310NJN-IND,NJN-1998,1,1998,-3.8333333333333335,52.04616666666667,dareyi01-1998
millere01,36.81666666666667,10.1,199711010IND-IND,199711010IND-GSW,IND-1998,1,1998,371.84833333333336,63.17633333333334,millere01-1998
davisda01,31.616666666666667,-0.3,199711010IND-IND,199711010IND-GSW,IND-1998,1,1998,-9.485,63.17633333333334,davisda01-1998
smitsri01,31.283333333333335,6.1,199711010IND-IND,199711010IND-GSW,IND-1998,1,1998,190.82833333333332,63.17633333333334,smitsri01-1998
mullich01,26.783333333333335,6.3,199711010IND-IND,199711010IND-GSW,IND-1998,1,1998,168.735,63.17633333333334,mullich01-1998
jacksma01,24.55,1.2,199711010IND-IND,199711010IND-GSW,IND-1998,1,1998,29.46,63.17633333333334,jacksma01-1998
besttr01,23.45,-3.8,199711010IND-IND,199711010IND-GSW,IND-1998,1,1998,-89.11,63.17633333333334,besttr01-1998
davisan01,22.233333333333334,2.6,199711010IND-IND,199711010IND-GSW,IND-1998,1,1998,57.80666666666667,63.17633333333334,davisan01-1998
hoibefr01,19.783333333333335,-2,199711010IND-IND,199711010IND-GSW,IND-1998,1,1998,-39.56666666666667,63.17633333333334,hoibefr01-1998
roseja01,12.616666666666667,-2.4,199711010IND-IND,199711010IND-GSW,IND-1998,1,1998,-30.28,63.17633333333334,roseja01-1998
westma01,10.866666666666667,-1.7,199711010IND-IND,199711010IND-GSW,IND-1998,1,1998,-18.473333333333333,63.17633333333334,westma01-1998
anderde01,37.86666666666667,5.6,199711040CLE-CLE,199711040CLE-IND,CLE-1998,1,1998,212.0533333333333,56.619833333333325,anderde01-1998
persowe01,35.68333333333333,7.2,199711040CLE-CLE,199711040CLE-IND,CLE-1998,1,1998,256.91999999999996,56.619833333333325,persowe01-1998
kempsh01,33.05,3.1,199711040CLE-CLE,199711040CLE-IND,CLE-1998,1,1998,102.455,56.619833333333325,kempsh01-1998
ilgauzy01,26.633333333333333,-1.1,199711040CLE-CLE,199711040CLE-IND,CLE-1998,1,1998,-29.296666666666667,56.619833333333325,ilgauzy01-1998
surabo01,24.716666666666665,-3.5,199711040CLE-CLE,199711040CLE-IND,CLE-1998,1,1998,-86.50833333333333,56.619833333333325,surabo01-1998
knighbr01,23.6,3.5,199711040CLE-CLE,199711040CLE-IND,CLE-1998,1,1998,82.60000000000001,56.619833333333325,knighbr01-1998
potapvi01,16.983333333333334,-0.7,199711040CLE-CLE,199711040CLE-IND,CLE-1998,1,1998,-11.888333333333334,56.619833333333325,potapvi01-1998
ferryda01,16.116666666666667,0.9,199711040CLE-CLE,199711040CLE-IND,CLE-1998,1,1998,14.505,56.619833333333325,ferryda01-1998
hendece02,14.083333333333334,1.4,199711040CLE-CLE,199711040CLE-IND,CLE-1998,1,1998,19.716666666666665,56.619833333333325,hendece02-1998
butlemi02,11.283333333333333,0.5,199711040CLE-CLE,199711040CLE-IND,CLE-1998,1,1998,5.641666666666667,56.619833333333325,butlemi02-1998
hunteli01,42.81666666666667,-0.4,199711050DET-DET,199711050DET-IND,DET-1998,0,1998,-17.12666666666667,23.666,hunteli01-1998
sealyma01,41.516666666666666,1,199711050DET-DET,199711050DET-IND,DET-1998,0,1998,41.516666666666666,23.666,sealyma01-1998
hillgr01,41.483333333333334,6.4,199711050DET-DET,199711050DET-IND,DET-1998,0,1998,265.49333333333334,23.666,hillgr01-1998
delebi01,36.233333333333334,-3.1,199711050DET-DET,199711050DET-IND,DET-1998,0,1998,-112.32333333333334,23.666,delebi01-1998
mckieaa01,19.216666666666665,0.3,199711050DET-DET,199711050DET-IND,DET-1998,0,1998,5.765,23.666,mckieaa01-1998
ratlith01,17.033333333333335,0.7,199711050DET-DET,199711050DET-IND,DET-1998,0,1998,11.923333333333334,23.666,ratlith01-1998
reiddo01,14.683333333333334,3.4,199711050DET-DET,199711050DET-IND,DET-1998,0,1998,49.92333333333333,23.666,reiddo01-1998
longgr01,13.683333333333334,0.8,199711050DET-DET,199711050DET-IND,DET-1998,0,1998,10.946666666666667,23.666,longgr01-1998
mahorri01,7.083333333333333,-1.6,199711050DET-DET,199711050DET-IND,DET-1998,0,1998,-11.333333333333334,23.666,mahorri01-1998
willije01,6.25,-1.3,199711050DET-DET,199711050DET-IND,DET-1998,0,1998,-8.125,23.666,willije01-1998
millere01,38.55,-1.2,199711070IND-IND,199711070IND-SEA,IND-1998,0,1998,-46.26,50.928999999999995,millere01-1998
davisda01,38.11666666666667,-0.4,199711070IND-IND,199711070IND-SEA,IND-1998,0,1998,-15.246666666666668,50.928999999999995,davisda01-1998
mullich01,37.25,7.5,199711070IND-IND,199711070IND-SEA,IND-1998,0,1998,279.375,50.928999999999995,mullich01-1998
smitsri01,33.55,8.6,199711070IND-IND,199711070IND-SEA,IND-1998,0,1998,288.53,50.928999999999995,smitsri01-1998
jacksma01,29.916666666666668,-1.3,199711070IND-IND,199711070IND-SEA,IND-1998,0,1998,-38.89166666666667,50.928999999999995,jacksma01-1998
besttr01,20.75,2.6,199711070IND-IND,199711070IND-SEA,IND-1998,0,1998,53.95,50.928999999999995,besttr01-1998
davisan01,20.683333333333334,-0.2,199711070IND-IND,199711070IND-SEA,IND-1998,0,1998,-4.136666666666667,50.928999999999995,davisan01-1998
roseja01,15.55,-0.4,199711070IND-IND,199711070IND-SEA,IND-1998,0,1998,-6.220000000000001,50.928999999999995,roseja01-1998
westma01,3.0166666666666666,-0.6,199711070IND-IND,199711070IND-SEA,IND-1998,0,1998,-1.8099999999999998,50.928999999999995,westma01-1998
hoibefr01,2.6166666666666667,0,199711070IND-IND,199711070IND-SEA,IND-1998,0,1998,0,50.928999999999995,hoibefr01-1998
wesleda01,44.61666666666667,-4,199711080CHH-CHH,199711080CHH-IND,CHH-1998,1,1998,-178.46666666666667,94.09092592592592,wesleda01-1998
ricegl01,44.233333333333334,12.2,199711080CHH-CHH,199711080CHH-IND,CHH-1998,1,1998,539.6466666666666,94.09092592592592,ricegl01-1998
masonan01,40.666666666666664,2.2,199711080CHH-CHH,199711080CHH-IND,CHH-1998,1,1998,89.46666666666667,94.09092592592592,masonan01-1998
divacvl01,39.03333333333333,6.5,199711080CHH-CHH,199711080CHH-IND,CHH-1998,1,1998,253.71666666666664,94.09092592592592,divacvl01-1998
curryde01,25.933333333333334,4.2,199711080CHH-CHH,199711080CHH-IND,CHH-1998,1,1998,108.92,94.09092592592592,curryde01-1998
beckco01,25.45,2.3,199711080CHH-CHH,199711080CHH-IND,CHH-1998,1,1998,58.535,94.09092592592592,beckco01-1998
geigema01,8.966666666666667,-1.4,199711080CHH-CHH,199711080CHH-IND,CHH-1998,1,1998,-12.553333333333333,94.09092592592592,geigema01-1998
reidjr01,7.333333333333333,-1.8,199711080CHH-CHH,199711080CHH-IND,CHH-1998,1,1998,-13.2,94.09092592592592,reidjr01-1998
farmeto01,3.7666666666666666,0.2,199711080CHH-CHH,199711080CHH-IND,CHH-1998,1,1998,0.7533333333333334,94.09092592592592,farmeto01-1998
millere01,42.88333333333333,21.6,199711120IND-IND,199711120IND-ATL,IND-1998,0,1998,926.2800000000001,82.48925925925927,millere01-1998
smitsri01,38.13333333333333,1.5,199711120IND-IND,199711120IND-ATL,IND-1998,0,1998,57.2,82.48925925925927,smitsri01-1998
davisda01,36.88333333333333,-0.8,199711120IND-IND,199711120IND-ATL,IND-1998,0,1998,-29.506666666666668,82.48925925925927,davisda01-1998
besttr01,30.916666666666668,-2.3,199711120IND-IND,199711120IND-ATL,IND-1998,0,1998,-71.10833333333333,82.48925925925927,besttr01-1998
roseja01,28.483333333333334,-4,199711120IND-IND,199711120IND-ATL,IND-1998,0,1998,-113.93333333333334,82.48925925925927,roseja01-1998
mullich01,24.633333333333333,-2.9,199711120IND-IND,199711120IND-ATL,IND-1998,0,1998,-71.43666666666667,82.48925925925927,mullich01-1998
davisan01,20.933333333333334,1.9,199711120IND-IND,199711120IND-ATL,IND-1998,0,1998,39.77333333333333,82.48925925925927,davisan01-1998
jacksma01,17.083333333333332,0.3,199711120IND-IND,199711120IND-ATL,IND-1998,0,1998,5.124999999999999,82.48925925925927,jacksma01-1998
popema01,0.05,0.2,199711120IND-IND,199711120IND-ATL,IND-1998,0,1998,0.010000000000000002,82.48925925925927,popema01-1998
smitsri01,38.88333333333333,4.9,199711140IND-IND,199711140IND-MIA,IND-1998,1,1998,190.52833333333334,87.11333333333333,smitsri01-1998
jacksma01,37.78333333333333,5.8,199711140IND-IND,199711140IND-MIA,IND-1998,1,1998,219.14333333333332,87.11333333333333,jacksma01-1998
millere01,37.43333333333333,10.2,199711140IND-IND,199711140IND-MIA,IND-1998,1,1998,381.81999999999994,87.11333333333333,millere01-1998
mullich01,30.2,1.9,199711140IND-IND,199711140IND-MIA,IND-1998,1,1998,57.379999999999995,87.11333333333333,mullich01-1998
davisan01,30,0.6,199711140IND-IND,199711140IND-MIA,IND-1998,1,1998,18,87.11333333333333,davisan01-1998
davisda01,27.116666666666667,3.7,199711140IND-IND,199711140IND-MIA,IND-1998,1,1998,100.33166666666668,87.11333333333333,davisda01-1998
roseja01,17.783333333333335,-2.1,199711140IND-IND,199711140IND-MIA,IND-1998,1,1998,-37.345000000000006,87.11333333333333,roseja01-1998
hoibefr01,10.566666666666666,-1.4,199711140IND-IND,199711140IND-MIA,IND-1998,1,1998,-14.793333333333331,87.11333333333333,hoibefr01-1998
besttr01,10.216666666666667,-4.3,199711140IND-IND,199711140IND-MIA,IND-1998,1,1998,-43.931666666666665,87.11333333333333,besttr01-1998
popema01,0.016666666666666666,0,199711140IND-IND,199711140IND-MIA,IND-1998,1,1998,0,87.11333333333333,popema01-1998
stoudda01,39.85,0.2,199711150TOR-TOR,199711150TOR-IND,TOR-1998,0,1998,7.970000000000001,-9.369848484848484,stoudda01-1998
wallajo01,32.733333333333334,2.9,199711150TOR-TOR,199711150TOR-IND,TOR-1998,0,1998,94.92666666666666,-9.369848484848484,wallajo01-1998
tabakza01,30.75,1.5,199711150TOR-TOR,199711150TOR-IND,TOR-1998,0,1998,46.125,-9.369848484848484,tabakza01-1998
chrisdo01,30.533333333333335,-1.3,199711150TOR-TOR,199711150TOR-IND,TOR-1998,0,1998,-39.693333333333335,-9.369848484848484,chrisdo01-1998
williwa02,26.95,-6.1,199711150TOR-TOR,199711150TOR-IND,TOR-1998,0,1998,-164.39499999999998,-9.369848484848484,williwa02-1998
cambyma01,24.333333333333332,2.1,199711150TOR-TOR,199711150TOR-IND,TOR-1998,0,1998,51.1,-9.369848484848484,cambyma01-1998
mcgratr01,22.85,-0.4,199711150TOR-TOR,199711150TOR-IND,TOR-1998,0,1998,-9.14,-9.369848484848484,mcgratr01-1998
jonespo01,14.45,-2.4,199711150TOR-TOR,199711150TOR-IND,TOR-1998,0,1998,-34.68,-9.369848484848484,jonespo01-1998
slatere01,12.716666666666667,-3.5,199711150TOR-TOR,199711150TOR-IND,TOR-1998,0,1998,-44.50833333333333,-9.369848484848484,slatere01-1998
garnech01,2.7666666666666666,-2.4,199711150TOR-TOR,199711150TOR-IND,TOR-1998,0,1998,-6.64,-9.369848484848484,garnech01-1998
stokeed01,2.066666666666667,-2,199711150TOR-TOR,199711150TOR-IND,TOR-1998,0,1998,-4.133333333333334,-9.369848484848484,stokeed01-1998
robingl01,35.9,0,199711200MIL-MIL,199711200MIL-IND,MIL-1998,0,1998,0,4.951527777777778,robingl01-1998
hillty01,32.78333333333333,2,199711200MIL-MIL,199711200MIL-IND,MIL-1998,0,1998,65.56666666666666,4.951527777777778,hillty01-1998
allenra02,30.1,3.3,199711200MIL-MIL,199711200MIL-IND,MIL-1998,0,1998,99.33,4.951527777777778,allenra02-1998
brandte01,29.8,4,199711200MIL-MIL,199711200MIL-IND,MIL-1998,0,1998,119.2,4.951527777777778,brandte01-1998
johnser02,22.516666666666666,-3.8,199711200MIL-MIL,199711200MIL-IND,MIL-1998,0,1998,-85.56333333333333,4.951527777777778,johnser02-1998
currymi01,20.383333333333333,0.4,199711200MIL-MIL,199711200MIL-IND,MIL-1998,0,1998,8.153333333333334,4.951527777777778,currymi01-1998
perryel01,18.2,-5.7,199711200MIL-MIL,199711200MIL-IND,MIL-1998,0,1998,-103.74,4.951527777777778,perryel01-1998
gilliar01,15.216666666666667,-1,199711200MIL-MIL,199711200MIL-IND,MIL-1998,0,1998,-15.216666666666667,4.951527777777778,gilliar01-1998
langan01,15.183333333333334,-2,199711200MIL-MIL,199711200MIL-IND,MIL-1998,0,1998,-30.366666666666667,4.951527777777778,langan01-1998
feickja01,10.3,1.9,199711200MIL-MIL,199711200MIL-IND,MIL-1998,0,1998,19.57,4.951527777777778,feickja01-1998
nordgje01,5.933333333333334,-1.4,199711200MIL-MIL,199711200MIL-IND,MIL-1998,0,1998,-8.306666666666667,4.951527777777778,nordgje01-1998
honeyje01,3.6833333333333336,-2.5,199711200MIL-MIL,199711200MIL-IND,MIL-1998,0,1998,-9.208333333333334,4.951527777777778,honeyje01-1998
jacksma01,36.53333333333333,0.7,199711220IND-IND,199711220IND-CHH,IND-1998,0,1998,25.57333333333333,37.116,jacksma01-1998
smitsri01,34.1,-1.9,199711220IND-IND,199711220IND-CHH,IND-1998,0,1998,-64.79,37.116,smitsri01-1998
davisda01,33.416666666666664,3.3,199711220IND-IND,199711220IND-CHH,IND-1998,0,1998,110.27499999999999,37.116,davisda01-1998
millere01,28.1,7,199711220IND-IND,199711220IND-CHH,IND-1998,0,1998,196.70000000000002,37.116,millere01-1998
roseja01,27.416666666666668,0.5,199711220IND-IND,199711220IND-CHH,IND-1998,0,1998,13.708333333333334,37.116,roseja01-1998
davisan01,21.183333333333334,1.1,199711220IND-IND,199711220IND-CHH,IND-1998,0,1998,23.30166666666667,37.116,davisan01-1998
mullich01,20.583333333333332,-0.7,199711220IND-IND,199711220IND-CHH,IND-1998,0,1998,-14.408333333333331,37.116,mullich01-1998
hoibefr01,19.9,2.4,199711220IND-IND,199711220IND-CHH,IND-1998,0,1998,47.76,37.116,hoibefr01-1998
besttr01,11.466666666666667,3.9,199711220IND-IND,199711220IND-CHH,IND-1998,0,1998,44.72,37.116,besttr01-1998
popema01,7.3,-1.6,199711220IND-IND,199711220IND-CHH,IND-1998,0,1998,-11.68,37.116,popema01-1998
davisda01,33.11666666666667,6,199711270IND-IND,199711270IND-VAN,IND-1998,1,1998,198.7,64.86847222222222,davisda01-1998
millere01,31.483333333333334,5.1,199711270IND-IND,199711270IND-VAN,IND-1998,1,1998,160.565,64.86847222222222,millere01-1998
mullich01,30.55,6.9,199711270IND-IND,199711270IND-VAN,IND-1998,1,1998,210.79500000000002,64.86847222222222,mullich01-1998
smitsri01,27.916666666666668,3.6,199711270IND-IND,199711270IND-VAN,IND-1998,1,1998,100.5,64.86847222222222,smitsri01-1998
besttr01,27.55,1.4,199711270IND-IND,199711270IND-VAN,IND-1998,1,1998,38.57,64.86847222222222,besttr01-1998
davisan01,22,2.3,199711270IND-IND,199711270IND-VAN,IND-1998,1,1998,50.599999999999994,64.86847222222222,davisan01-1998
jacksma01,20.45,5.1,199711270IND-IND,199711270IND-VAN,IND-1998,1,1998,104.29499999999999,64.86847222222222,jacksma01-1998
roseja01,17.45,-1.6,199711270IND-IND,199711270IND-VAN,IND-1998,1,1998,-27.92,64.86847222222222,roseja01-1998
hoibefr01,12.3,-1.6,199711270IND-IND,199711270IND-VAN,IND-1998,1,1998,-19.680000000000003,64.86847222222222,hoibefr01-1998
croshau01,8.583333333333334,-3.5,199711270IND-IND,199711270IND-VAN,IND-1998,1,1998,-30.041666666666668,64.86847222222222,croshau01-1998
westma01,4.383333333333334,0.3,199711270IND-IND,199711270IND-VAN,IND-1998,1,1998,1.3150000000000002,64.86847222222222,westma01-1998
popema01,4.216666666666667,-2.2,199711270IND-IND,199711270IND-VAN,IND-1998,1,1998,-9.276666666666667,64.86847222222222,popema01-1998
millere01,40.25,7.6,199711280IND-IND,199711280IND-CHI,IND-1998,1,1998,305.9,67.7355,millere01-1998
davisda01,36.03333333333333,-3.9,199711280IND-IND,199711280IND-CHI,IND-1998,1,1998,-140.53,67.7355,davisda01-1998
smitsri01,33.6,2.4,199711280IND-IND,199711280IND-CHI,IND-1998,1,1998,80.64,67.7355,smitsri01-1998
davisan01,26.3,5.1,199711280IND-IND,199711280IND-CHI,IND-1998,1,1998,134.13,67.7355,davisan01-1998
jacksma01,25.733333333333334,3.5,199711280IND-IND,199711280IND-CHI,IND-1998,1,1998,90.06666666666666,67.7355,jacksma01-1998
mullich01,24.833333333333332,2.3,199711280IND-IND,199711280IND-CHI,IND-1998,1,1998,57.11666666666666,67.7355,mullich01-1998
roseja01,23.166666666666668,1.8,199711280IND-IND,199711280IND-CHI,IND-1998,1,1998,41.7,67.7355,roseja01-1998
besttr01,22.266666666666666,4.9,199711280IND-IND,199711280IND-CHI,IND-1998,1,1998,109.10666666666667,67.7355,besttr01-1998
hoibefr01,7.75,-0.1,199711280IND-IND,199711280IND-CHI,IND-1998,1,1998,-0.775,67.7355,hoibefr01-1998
popema01,0.06666666666666667,0,199711280IND-IND,199711280IND-CHI,IND-1998,1,1998,0,67.7355,popema01-1998
smitsri01,40.1,5.4,199711300IND-IND,199711300IND-PHI,IND-1998,1,1998,216.54000000000002,72.44850000000001,smitsri01-1998
millere01,38.18333333333333,3.1,199711300IND-IND,199711300IND-PHI,IND-1998,1,1998,118.36833333333333,72.44850000000001,millere01-1998
jacksma01,35.333333333333336,5.1,199711300IND-IND,199711300IND-PHI,IND-1998,1,1998,180.2,72.44850000000001,jacksma01-1998
davisda01,28.316666666666666,-0.1,199711300IND-IND,199711300IND-PHI,IND-1998,1,1998,-2.831666666666667,72.44850000000001,davisda01-1998
davisan01,26.85,3.2,199711300IND-IND,199711300IND-PHI,IND-1998,1,1998,85.92000000000002,72.44850000000001,davisan01-1998
mullich01,25.383333333333333,6.9,199711300IND-IND,199711300IND-PHI,IND-1998,1,1998,175.145,72.44850000000001,mullich01-1998
roseja01,22.616666666666667,-0.8,199711300IND-IND,199711300IND-PHI,IND-1998,1,1998,-18.093333333333334,72.44850000000001,roseja01-1998
besttr01,12.666666666666666,-1.9,199711300IND-IND,199711300IND-PHI,IND-1998,1,1998,-24.066666666666663,72.44850000000001,besttr01-1998
hoibefr01,9.816666666666666,-0.6,199711300IND-IND,199711300IND-PHI,IND-1998,1,1998,-5.89,72.44850000000001,hoibefr01-1998
popema01,0.7333333333333333,-1.1,199711300IND-IND,199711300IND-PHI,IND-1998,1,1998,-0.8066666666666666,72.44850000000001,popema01-1998
guglito01,38.766666666666666,-2.1,199712030MIN-MIN,199712030MIN-IND,MIN-1998,0,1998,-81.41,35.17090909090909,guglito01-1998
garneke01,37.233333333333334,14.3,199712030MIN-MIN,199712030MIN-IND,MIN-1998,0,1998,532.4366666666667,35.17090909090909,garneke01-1998
marbust01,37,-5.7,199712030MIN-MIN,199712030MIN-IND,MIN-1998,0,1998,-210.9,35.17090909090909,marbust01-1998
carrch01,33.166666666666664,2,199712030MIN-MIN,199712030MIN-IND,MIN-1998,0,1998,66.33333333333333,35.17090909090909,carrch01-1998
mitchsa01,24.05,2.5,199712030MIN-MIN,199712030MIN-IND,MIN-1998,0,1998,60.125,35.17090909090909,mitchsa01-1998
roberst01,24.016666666666666,0.9,199712030MIN-MIN,199712030MIN-IND,MIN-1998,0,1998,21.615,35.17090909090909,roberst01-1998
parksch02,15.45,1.4,199712030MIN-MIN,199712030MIN-IND,MIN-1998,0,1998,21.63,35.17090909090909,parksch02-1998
westdo01,14.75,-0.6,199712030MIN-MIN,199712030MIN-IND,MIN-1998,0,1998,-8.85,35.17090909090909,westdo01-1998
portete01,6.4,-0.5,199712030MIN-MIN,199712030MIN-IND,MIN-1998,0,1998,-3.2,35.17090909090909,portete01-1998
wheatde01,4.683333333333334,-0.7,199712030MIN-MIN,199712030MIN-IND,MIN-1998,0,1998,-3.2783333333333333,35.17090909090909,wheatde01-1998
hammoto01,4.483333333333333,-1.7,199712030MIN-MIN,199712030MIN-IND,MIN-1998,0,1998,-7.621666666666666,35.17090909090909,hammoto01-1998
jacksbo01,38.18333333333333,12.7,199712050DEN-DEN,199712050DEN-IND,DEN-1998,0,1998,484.9283333333333,18.131666666666664,jacksbo01-1998
garrede01,35.81666666666667,3.8,199712050DEN-DEN,199712050DEN-IND,DEN-1998,0,1998,136.10333333333335,18.131666666666664,garrede01-1998
washier01,31.733333333333334,-2.3,199712050DEN-DEN,199712050DEN-IND,DEN-1998,0,1998,-72.98666666666666,18.131666666666664,washier01-1998
ellisla01,31.333333333333332,-4.5,199712050DEN-DEN,199712050DEN-IND,DEN-1998,0,1998,-141,18.131666666666664,ellisla01-1998
newmajo01,31.316666666666666,-2,199712050DEN-DEN,199712050DEN-IND,DEN-1998,0,1998,-62.63333333333333,18.131666666666664,newmajo01-1998
battito01,22.016666666666666,-2.7,199712050DEN-DEN,199712050DEN-IND,DEN-1998,0,1998,-59.445,18.131666666666664,battito01-1998
goldwan01,16.666666666666668,-2.4,199712050DEN-DEN,199712050DEN-IND,DEN-1998,0,1998,-40,18.131666666666664,goldwan01-1998
fortsda01,14.983333333333333,-3.4,199712050DEN-DEN,199712050DEN-IND,DEN-1998,0,1998,-50.94333333333333,18.131666666666664,fortsda01-1998
laudepr01,12.166666666666666,-1.9,199712050DEN-DEN,199712050DEN-IND,DEN-1998,0,1998,-23.116666666666664,18.131666666666664,laudepr01-1998
wolfjo01,5.783333333333333,1.8,199712050DEN-DEN,199712050DEN-IND,DEN-1998,0,1998,10.41,18.131666666666664,wolfjo01-1998
kiddja01,44.68333333333333,3.6,199712070PHO-PHO,199712070PHO-IND,PHO-1998,0,1998,160.85999999999999,69.4961111111111,kiddja01-1998
chapmre01,41.88333333333333,-3,199712070PHO-PHO,199712070PHO-IND,PHO-1998,0,1998,-125.65,69.4961111111111,chapmre01-1998
mccloge01,36.266666666666666,7.9,199712070PHO-PHO,199712070PHO-IND,PHO-1998,0,1998,286.50666666666666,69.4961111111111,mccloge01-1998
williho01,35.05,5,199712070PHO-PHO,199712070PHO-IND,PHO-1998,0,1998,175.25,69.4961111111111,williho01-1998
mannida01,34.93333333333333,6.4,199712070PHO-PHO,199712070PHO-IND,PHO-1998,0,1998,223.57333333333332,69.4961111111111,mannida01-1998
nashst01,29.066666666666666,-2.1,199712070PHO-PHO,199712070PHO-IND,PHO-1998,0,1998,-61.04,69.4961111111111,nashst01-1998
mcdyean01,17.683333333333334,-0.1,199712070PHO-PHO,199712070PHO-IND,PHO-1998,0,1998,-1.7683333333333335,69.4961111111111,mcdyean01-1998
robincl02,17.016666666666666,-1.6,199712070PHO-PHO,199712070PHO-IND,PHO-1998,0,1998,-27.226666666666667,69.4961111111111,robincl02-1998
cebalce01,8.4,-0.6,199712070PHO-PHO,199712070PHO-IND,PHO-1998,0,1998,-5.04,69.4961111111111,cebalce01-1998
malonka01,38.3,11.2,199712080UTA-UTA,199712080UTA-IND,UTA-1998,1,1998,428.9599999999999,59.065757575757566,malonka01-1998
hornaje01,32.18333333333333,0.1,199712080UTA-UTA,199712080UTA-IND,UTA-1998,1,1998,3.2183333333333333,59.065757575757566,hornaje01-1998
russebr01,26.55,1.3,199712080UTA-UTA,199712080UTA-IND,UTA-1998,1,1998,34.515,59.065757575757566,russebr01-1998
fostegr01,20.783333333333335,-1.5,199712080UTA-UTA,199712080UTA-IND,UTA-1998,1,1998,-31.175000000000004,59.065757575757566,fostegr01-1998
andersh01,20.566666666666666,2.5,199712080UTA-UTA,199712080UTA-IND,UTA-1998,1,1998,51.416666666666664,59.065757575757566,andersh01-1998
eisleho01,20.383333333333333,-2.5,199712080UTA-UTA,199712080UTA-IND,UTA-1998,1,1998,-50.95833333333333,59.065757575757566,eisleho01-1998
carran01,20.233333333333334,0.8,199712080UTA-UTA,199712080UTA-IND,UTA-1998,1,1998,16.186666666666667,59.065757575757566,carran01-1998
stockjo01,19.883333333333333,5.3,199712080UTA-UTA,199712080UTA-IND,UTA-1998,1,1998,105.38166666666666,59.065757575757566,stockjo01-1998
keefead01,16.7,3.3,199712080UTA-UTA,199712080UTA-IND,UTA-1998,1,1998,55.10999999999999,59.065757575757566,keefead01-1998
ostergr01,16.683333333333334,2.5,199712080UTA-UTA,199712080UTA-IND,UTA-1998,1,1998,41.708333333333336,59.065757575757566,ostergr01-1998
vaughja01,7.733333333333333,-0.6,199712080UTA-UTA,199712080UTA-IND,UTA-1998,1,1998,-4.64,59.065757575757566,vaughja01-1998
rideris01,44.28333333333333,0.2,199712100POR-POR,199712100POR-IND,POR-1998,1,1998,8.856666666666667,57.364666666666665,rideris01-1998
augmost01,34.4,3,199712100POR-POR,199712100POR-IND,POR-1998,1,1998,103.19999999999999,57.364666666666665,augmost01-1998
anderke01,30.866666666666667,3.1,199712100POR-POR,199712100POR-IND,POR-1998,1,1998,95.68666666666667,57.364666666666665,anderke01-1998
trentga01,28.833333333333332,4.2,199712100POR-POR,199712100POR-IND,POR-1998,1,1998,121.1,57.364666666666665,trentga01-1998
sabonar01,25.483333333333334,3.6,199712100POR-POR,199712100POR-IND,POR-1998,1,1998,91.74000000000001,57.364666666666665,sabonar01-1998
wallara01,24,4.5,199712100POR-POR,199712100POR-IND,POR-1998,1,1998,108,57.364666666666665,wallara01-1998
willial02,21.566666666666666,3.4,199712100POR-POR,199712100POR-IND,POR-1998,1,1998,73.32666666666667,57.364666666666665,willial02-1998
onealje01,20.85,-0.2,199712100POR-POR,199712100POR-IND,POR-1998,1,1998,-4.170000000000001,57.364666666666665,onealje01-1998
catoke01,9.266666666666667,-2.6,199712100POR-POR,199712100POR-IND,POR-1998,1,1998,-24.093333333333337,57.364666666666665,catoke01-1998
brunsri01,0.45,0,199712100POR-POR,199712100POR-IND,POR-1998,1,1998,0,57.364666666666665,brunsri01-1998
jacksma01,39.916666666666664,6,199712120IND-IND,199712120IND-MIA,IND-1998,1,1998,239.5,104.33500000000001,jacksma01-1998
millere01,39.18333333333333,9.8,199712120IND-IND,199712120IND-MIA,IND-1998,1,1998,383.99666666666667,104.33500000000001,millere01-1998
smitsri01,33.75,2.5,199712120IND-IND,199712120IND-MIA,IND-1998,1,1998,84.375,104.33500000000001,smitsri01-1998
mullich01,33.11666666666667,8.2,199712120IND-IND,199712120IND-MIA,IND-1998,1,1998,271.5566666666667,104.33500000000001,mullich01-1998
davisda01,29.166666666666668,2.1,199712120IND-IND,199712120IND-MIA,IND-1998,1,1998,61.25000000000001,104.33500000000001,davisda01-1998
davisan01,27.95,-0.2,199712120IND-IND,199712120IND-MIA,IND-1998,1,1998,-5.59,104.33500000000001,davisan01-1998
roseja01,14.883333333333333,1.6,199712120IND-IND,199712120IND-MIA,IND-1998,1,1998,23.813333333333333,104.33500000000001,roseja01-1998
hoibefr01,8.816666666666666,2.4,199712120IND-IND,199712120IND-MIA,IND-1998,1,1998,21.16,104.33500000000001,hoibefr01-1998
besttr01,8.083333333333334,-2.7,199712120IND-IND,199712120IND-MIA,IND-1998,1,1998,-21.825000000000003,104.33500000000001,besttr01-1998
popema01,5.133333333333334,-2.9,199712120IND-IND,199712120IND-MIA,IND-1998,1,1998,-14.886666666666667,104.33500000000001,popema01-1998
millere01,35.53333333333333,8.5,199712130IND-IND,199712130IND-WAS,IND-1998,1,1998,302.0333333333333,65.28833333333333,millere01-1998
smitsri01,33.71666666666667,2.3,199712130IND-IND,199712130IND-WAS,IND-1998,1,1998,77.54833333333333,65.28833333333333,smitsri01-1998
davisda01,31.5,3.5,199712130IND-IND,199712130IND-WAS,IND-1998,1,1998,110.25,65.28833333333333,davisda01-1998
jacksma01,27.433333333333334,2.1,199712130IND-IND,199712130IND-WAS,IND-1998,1,1998,57.61,65.28833333333333,jacksma01-1998
davisan01,25.05,-0.2,199712130IND-IND,199712130IND-WAS,IND-1998,1,1998,-5.010000000000001,65.28833333333333,davisan01-1998
mullich01,24.633333333333333,-1.3,199712130IND-IND,199712130IND-WAS,IND-1998,1,1998,-32.02333333333333,65.28833333333333,mullich01-1998
roseja01,21.766666666666666,0.9,199712130IND-IND,199712130IND-WAS,IND-1998,1,1998,19.59,65.28833333333333,roseja01-1998
besttr01,20.566666666666666,5,199712130IND-IND,199712130IND-WAS,IND-1998,1,1998,102.83333333333333,65.28833333333333,besttr01-1998
hoibefr01,12.466666666666667,7.5,199712130IND-IND,199712130IND-WAS,IND-1998,1,1998,93.5,65.28833333333333,hoibefr01-1998
popema01,5.733333333333333,-1.2,199712130IND-IND,199712130IND-WAS,IND-1998,1,1998,-6.88,65.28833333333333,popema01-1998
croshau01,1.6,-0.8,199712130IND-IND,199712130IND-WAS,IND-1998,1,1998,-1.2800000000000002,65.28833333333333,croshau01-1998
stoudda01,40.65,2.2,199712150TOR-TOR,199712150TOR-IND,TOR-1998,0,1998,89.43,33.88366666666667,stoudda01-1998
milleol01,37.2,6.5,199712150TOR-TOR,199712150TOR-IND,TOR-1998,0,1998,241.8,33.88366666666667,milleol01-1998
williwa02,36.38333333333333,-1.2,199712150TOR-TOR,199712150TOR-IND,TOR-1998,0,1998,-43.66,33.88366666666667,williwa02-1998
cambyma01,35.46666666666667,0.4,199712150TOR-TOR,199712150TOR-IND,TOR-1998,0,1998,14.186666666666667,33.88366666666667,cambyma01-1998
tabakza01,29.583333333333332,5.6,199712150TOR-TOR,199712150TOR-IND,TOR-1998,0,1998,165.66666666666666,33.88366666666667,tabakza01-1998
chrisdo01,27.666666666666668,0.6,199712150TOR-TOR,199712150TOR-IND,TOR-1998,0,1998,16.6,33.88366666666667,chrisdo01-1998
wallajo01,16.066666666666666,-4.8,199712150TOR-TOR,199712150TOR-IND,TOR-1998,0,1998,-77.11999999999999,33.88366666666667,wallajo01-1998
slatere01,12.7,-5.3,199712150TOR-TOR,199712150TOR-IND,TOR-1998,0,1998,-67.30999999999999,33.88366666666667,slatere01-1998
mcgratr01,2.9166666666666665,-0.4,199712150TOR-TOR,199712150TOR-IND,TOR-1998,0,1998,-1.1666666666666667,33.88366666666667,mcgratr01-1998
respesh01,1.3666666666666667,0.3,199712150TOR-TOR,199712150TOR-IND,TOR-1998,0,1998,0.41,33.88366666666667,respesh01-1998
millere01,36.516666666666666,0.5,199712170IND-IND,199712170IND-NYK,IND-1998,1,1998,18.258333333333333,57.18303030303031,millere01-1998
smitsri01,33.5,5.3,199712170IND-IND,199712170IND-NYK,IND-1998,1,1998,177.54999999999998,57.18303030303031,smitsri01-1998
davisda01,30.133333333333333,4.4,199712170IND-IND,199712170IND-NYK,IND-1998,1,1998,132.58666666666667,57.18303030303031,davisda01-1998
jacksma01,29.7,2.1,199712170IND-IND,199712170IND-NYK,IND-1998,1,1998,62.370000000000005,57.18303030303031,jacksma01-1998
mullich01,24.766666666666666,5.4,199712170IND-IND,199712170IND-NYK,IND-1998,1,1998,133.74,57.18303030303031,mullich01-1998
roseja01,23.233333333333334,3.4,199712170IND-IND,199712170IND-NYK,IND-1998,1,1998,78.99333333333334,57.18303030303031,roseja01-1998
davisan01,22.666666666666668,-0.5,199712170IND-IND,199712170IND-NYK,IND-1998,1,1998,-11.333333333333334,57.18303030303031,davisan01-1998
besttr01,18.3,2.2,199712170IND-IND,199712170IND-NYK,IND-1998,1,1998,40.260000000000005,57.18303030303031,besttr01-1998
hoibefr01,11.483333333333333,0.8,199712170IND-IND,199712170IND-NYK,IND-1998,1,1998,9.186666666666666,57.18303030303031,hoibefr01-1998
popema01,6.183333333333334,-0.9,199712170IND-IND,199712170IND-NYK,IND-1998,1,1998,-5.565,57.18303030303031,popema01-1998
westma01,3.5166666666666666,-2,199712170IND-IND,199712170IND-NYK,IND-1998,1,1998,-7.033333333333333,57.18303030303031,westma01-1998
smitsri01,34.666666666666664,1.3,199712190IND-IND,199712190IND-DET,IND-1998,1,1998,45.06666666666666,64.85083333333333,smitsri01-1998
millere01,33.6,6.5,199712190IND-IND,199712190IND-DET,IND-1998,1,1998,218.4,64.85083333333333,millere01-1998
jacksma01,30.5,8.4,199712190IND-IND,199712190IND-DET,IND-1998,1,1998,256.2,64.85083333333333,jacksma01-1998
davisda01,29.116666666666667,5.9,199712190IND-IND,199712190IND-DET,IND-1998,1,1998,171.78833333333336,64.85083333333333,davisda01-1998
roseja01,27.783333333333335,-1.2,199712190IND-IND,199712190IND-DET,IND-1998,1,1998,-33.34,64.85083333333333,roseja01-1998
davisan01,23.283333333333335,-0.2,199712190IND-IND,199712190IND-DET,IND-1998,1,1998,-4.656666666666667,64.85083333333333,davisan01-1998
mullich01,20.216666666666665,2.2,199712190IND-IND,199712190IND-DET,IND-1998,1,1998,44.47666666666667,64.85083333333333,mullich01-1998
besttr01,17.5,-4.4,199712190IND-IND,199712190IND-DET,IND-1998,1,1998,-77,64.85083333333333,besttr01-1998
hoibefr01,14.4,3.9,199712190IND-IND,199712190IND-DET,IND-1998,1,1998,56.16,64.85083333333333,hoibefr01-1998
popema01,8.933333333333334,-3.2,199712190IND-IND,199712190IND-DET,IND-1998,1,1998,-28.58666666666667,64.85083333333333,popema01-1998
seikaro01,44.4,10,199712200ORL-ORL,199712200ORL-IND,ORL-1998,0,1998,444,57.735925925925926,seikaro01-1998
grantho01,43.9,2.5,199712200ORL-ORL,199712200ORL-IND,ORL-1998,0,1998,109.75,57.735925925925926,grantho01-1998
outlabo01,39.233333333333334,-1.8,199712200ORL-ORL,199712200ORL-IND,ORL-1998,0,1998,-70.62,57.735925925925926,outlabo01-1998
pricema01,27.216666666666665,-1.9,199712200ORL-ORL,199712200ORL-IND,ORL-1998,0,1998,-51.71166666666666,57.735925925925926,pricema01-1998
harpede01,25.933333333333334,4.4,199712200ORL-ORL,199712200ORL-IND,ORL-1998,0,1998,114.10666666666668,57.735925925925926,harpede01-1998
wilkige01,22.066666666666666,-0.7,199712200ORL-ORL,199712200ORL-IND,ORL-1998,0,1998,-15.446666666666665,57.735925925925926,wilkige01-1998
armstda01,21.2,-0.6,199712200ORL-ORL,199712200ORL-IND,ORL-1998,0,1998,-12.719999999999999,57.735925925925926,armstda01-1998
evansbr01,12.45,0.5,199712200ORL-ORL,199712200ORL-IND,ORL-1998,0,1998,6.225,57.735925925925926,evansbr01-1998
schayda01,3.6,-1.1,199712200ORL-ORL,199712200ORL-IND,ORL-1998,0,1998,-3.9600000000000004,57.735925925925926,schayda01-1998
johnsav01,44.63333333333333,3.8,199712230SAS-SAS,199712230SAS-IND,SAS-1998,1,1998,169.60666666666665,102.82037037037037,johnsav01-1998
duncati01,42.266666666666666,3.5,199712230SAS-SAS,199712230SAS-IND,SAS-1998,1,1998,147.93333333333334,102.82037037037037,duncati01-1998
robinda01,37.78333333333333,14.9,199712230SAS-SAS,199712230SAS-IND,SAS-1998,1,1998,562.9716666666667,102.82037037037037,robinda01-1998
jacksja01,36.46666666666667,-0.4,199712230SAS-SAS,199712230SAS-IND,SAS-1998,1,1998,-14.586666666666668,102.82037037037037,jacksja01-1998
elliose01,31.866666666666667,1.8,199712230SAS-SAS,199712230SAS-IND,SAS-1998,1,1998,57.36,102.82037037037037,elliose01-1998
persoch01,18.05,-1.8,199712230SAS-SAS,199712230SAS-IND,SAS-1998,1,1998,-32.49,102.82037037037037,persoch01-1998
alexaco01,10.983333333333333,1.5,199712230SAS-SAS,199712230SAS-IND,SAS-1998,1,1998,16.474999999999998,102.82037037037037,alexaco01-1998
perduwi01,10.216666666666667,2,199712230SAS-SAS,199712230SAS-IND,SAS-1998,1,1998,20.433333333333334,102.82037037037037,perduwi01-1998
willimo01,7.733333333333333,-0.3,199712230SAS-SAS,199712230SAS-IND,SAS-1998,1,1998,-2.32,102.82037037037037,willimo01-1998
millere01,27.033333333333335,3.4,199712260IND-IND,199712260IND-ORL,IND-1998,1,1998,91.91333333333334,66.36861111111111,millere01-1998
mullich01,25.85,6.6,199712260IND-IND,199712260IND-ORL,IND-1998,1,1998,170.61,66.36861111111111,mullich01-1998
davisan01,25.35,0.9,199712260IND-IND,199712260IND-ORL,IND-1998,1,1998,22.815,66.36861111111111,davisan01-1998
besttr01,24.183333333333334,5.4,199712260IND-IND,199712260IND-ORL,IND-1998,1,1998,130.59,66.36861111111111,besttr01-1998
jacksma01,23.816666666666666,4.4,199712260IND-IND,199712260IND-ORL,IND-1998,1,1998,104.79333333333334,66.36861111111111,jacksma01-1998
mckeyde01,22.333333333333332,0.5,199712260IND-IND,199712260IND-ORL,IND-1998,1,1998,11.166666666666666,66.36861111111111,mckeyde01-1998
smitsri01,21.45,3,199712260IND-IND,199712260IND-ORL,IND-1998,1,1998,64.35,66.36861111111111,smitsri01-1998
hoibefr01,20.966666666666665,9.9,199712260IND-IND,199712260IND-ORL,IND-1998,1,1998,207.57,66.36861111111111,hoibefr01-1998
davisda01,20.733333333333334,4.7,199712260IND-IND,199712260IND-ORL,IND-1998,1,1998,97.44666666666667,66.36861111111111,davisda01-1998
roseja01,18.166666666666668,-3.4,199712260IND-IND,199712260IND-ORL,IND-1998,1,1998,-61.766666666666666,66.36861111111111,roseja01-1998
croshau01,7.05,-5.3,199712260IND-IND,199712260IND-ORL,IND-1998,1,1998,-37.364999999999995,66.36861111111111,croshau01-1998
bohanet01,3,-1.9,199712260IND-IND,199712260IND-ORL,IND-1998,1,1998,-5.699999999999999,66.36861111111111,bohanet01-1998
majerda01,40.05,4.5,199712280MIA-MIA,199712280MIA-IND,MIA-1998,1,1998,180.225,91.56148148148148,majerda01-1998
lenarvo01,39.35,5.4,199712280MIA-MIA,199712280MIA-IND,MIA-1998,1,1998,212.49,91.56148148148148,lenarvo01-1998
hardati01,39.28333333333333,7.5,199712280MIA-MIA,199712280MIA-IND,MIA-1998,1,1998,294.625,91.56148148148148,hardati01-1998
brownpj01,33.583333333333336,0.2,199712280MIA-MIA,199712280MIA-IND,MIA-1998,1,1998,6.716666666666668,91.56148148148148,brownpj01-1998
mournal01,32.166666666666664,2.4,199712280MIA-MIA,199712280MIA-IND,MIA-1998,1,1998,77.19999999999999,91.56148148148148,mournal01-1998
austiis01,25.9,-0.7,199712280MIA-MIA,199712280MIA-IND,MIA-1998,1,1998,-18.13,91.56148148148148,austiis01-1998
askinke01,14.916666666666666,4.6,199712280MIA-MIA,199712280MIA-IND,MIA-1998,1,1998,68.61666666666666,91.56148148148148,askinke01-1998
murdoer01,10.4,-1.2,199712280MIA-MIA,199712280MIA-IND,MIA-1998,1,1998,-12.48,91.56148148148148,murdoer01-1998
millste01,4.35,3.4,199712280MIA-MIA,199712280MIA-IND,MIA-1998,1,1998,14.79,91.56148148148148,millste01-1998
davisan01,36.15,2.5,199712300IND-IND,199712300IND-NJN,IND-1998,1,1998,90.375,83.88986111111112,davisan01-1998
smitsri01,35.81666666666667,5.3,199712300IND-IND,199712300IND-NJN,IND-1998,1,1998,189.82833333333335,83.88986111111112,smitsri01-1998
millere01,33.983333333333334,8,199712300IND-IND,199712300IND-NJN,IND-1998,1,1998,271.8666666666667,83.88986111111112,millere01-1998
mullich01,33.85,10,199712300IND-IND,199712300IND-NJN,IND-1998,1,1998,338.5,83.88986111111112,mullich01-1998
jacksma01,24.95,5.3,199712300IND-IND,199712300IND-NJN,IND-1998,1,1998,132.23499999999999,83.88986111111112,jacksma01-1998
besttr01,23.05,-1.9,199712300IND-IND,199712300IND-NJN,IND-1998,1,1998,-43.795,83.88986111111112,besttr01-1998
mckeyde01,20.333333333333332,4,199712300IND-IND,199712300IND-NJN,IND-1998,1,1998,81.33333333333333,83.88986111111112,mckeyde01-1998
roseja01,18.7,-1.7,199712300IND-IND,199712300IND-NJN,IND-1998,1,1998,-31.79,83.88986111111112,roseja01-1998
hoibefr01,6.183333333333334,-1.6,199712300IND-IND,199712300IND-NJN,IND-1998,1,1998,-9.893333333333334,83.88986111111112,hoibefr01-1998
croshau01,3.283333333333333,-2,199712300IND-IND,199712300IND-NJN,IND-1998,1,1998,-6.566666666666666,83.88986111111112,croshau01-1998
bohanet01,2.85,-1.9,199712300IND-IND,199712300IND-NJN,IND-1998,1,1998,-5.415,83.88986111111112,bohanet01-1998
davisda01,0.85,0,199712300IND-IND,199712300IND-NJN,IND-1998,1,1998,0,83.88986111111112,davisda01-1998
webbech01,42.11666666666667,8.8,199801020WAS-WAS,199801020WAS-IND,WAS-1998,0,1998,370.6266666666667,3.6483333333333374,webbech01-1998
howarju01,39.68333333333333,-1.9,199801020WAS-WAS,199801020WAS-IND,WAS-1998,0,1998,-75.39833333333333,3.6483333333333374,howarju01-1998
stricro02,39.31666666666667,-6.7,199801020WAS-WAS,199801020WAS-IND,WAS-1998,0,1998,-263.4216666666667,3.6483333333333374,stricro02-1998
murratr01,26.766666666666666,1.5,199801020WAS-WAS,199801020WAS-IND,WAS-1998,0,1998,40.15,3.6483333333333374,murratr01-1998
daviste01,24.333333333333332,1.8,199801020WAS-WAS,199801020WAS-IND,WAS-1998,0,1998,43.8,3.6483333333333374,daviste01-1998
cheanca01,22.933333333333334,-4.5,199801020WAS-WAS,199801020WAS-IND,WAS-1998,0,1998,-103.2,3.6483333333333374,cheanca01-1998
legleti01,18.733333333333334,0.2,199801020WAS-WAS,199801020WAS-IND,WAS-1998,0,1998,3.746666666666667,3.6483333333333374,legleti01-1998
hamda01,11.033333333333333,-0.1,199801020WAS-WAS,199801020WAS-IND,WAS-1998,0,1998,-1.1033333333333333,3.6483333333333374,hamda01-1998
whitnch01,9.5,1.3,199801020WAS-WAS,199801020WAS-IND,WAS-1998,0,1998,12.35,3.6483333333333374,whitnch01-1998
wallabe01,5.583333333333333,1.6,199801020WAS-WAS,199801020WAS-IND,WAS-1998,0,1998,8.933333333333334,3.6483333333333374,wallabe01-1998
smitsri01,34.71666666666667,6.5,199801030IND-IND,199801030IND-TOR,IND-1998,1,1998,225.65833333333336,43.246212121212125,smitsri01-1998
davisan01,28.55,1.7,199801030IND-IND,199801030IND-TOR,IND-1998,1,1998,48.535,43.246212121212125,davisan01-1998
roseja01,25.75,-2.7,199801030IND-IND,199801030IND-TOR,IND-1998,1,1998,-69.525,43.246212121212125,roseja01-1998
millere01,25.583333333333332,5.2,199801030IND-IND,199801030IND-TOR,IND-1998,1,1998,133.03333333333333,43.246212121212125,millere01-1998
besttr01,24.7,2.6,199801030IND-IND,199801030IND-TOR,IND-1998,1,1998,64.22,43.246212121212125,besttr01-1998
jacksma01,23.3,-3,199801030IND-IND,199801030IND-TOR,IND-1998,1,1998,-69.9,43.246212121212125,jacksma01-1998
hoibefr01,22.416666666666668,9.8,199801030IND-IND,199801030IND-TOR,IND-1998,1,1998,219.68333333333337,43.246212121212125,hoibefr01-1998
mckeyde01,22.166666666666668,-5.7,199801030IND-IND,199801030IND-TOR,IND-1998,1,1998,-126.35000000000001,43.246212121212125,mckeyde01-1998
mullich01,19.133333333333333,4.8,199801030IND-IND,199801030IND-TOR,IND-1998,1,1998,91.83999999999999,43.246212121212125,mullich01-1998
croshau01,12.683333333333334,-3.2,199801030IND-IND,199801030IND-TOR,IND-1998,1,1998,-40.58666666666667,43.246212121212125,croshau01-1998
bohanet01,1,-0.9,199801030IND-IND,199801030IND-TOR,IND-1998,1,1998,-0.9,43.246212121212125,bohanet01-1998
millere01,36.75,2,199801060IND-IND,199801060IND-PHO,IND-1998,0,1998,73.5,41.85733333333333,millere01-1998
davisan01,31.333333333333332,0.9,199801060IND-IND,199801060IND-PHO,IND-1998,0,1998,28.2,41.85733333333333,davisan01-1998
besttr01,25.866666666666667,8.2,199801060IND-IND,199801060IND-PHO,IND-1998,0,1998,212.10666666666665,41.85733333333333,besttr01-1998
smitsri01,25.75,-1.3,199801060IND-IND,199801060IND-PHO,IND-1998,0,1998,-33.475,41.85733333333333,smitsri01-1998
mullich01,25.333333333333332,4.1,199801060IND-IND,199801060IND-PHO,IND-1998,0,1998,103.86666666666665,41.85733333333333,mullich01-1998
roseja01,22.666666666666668,-0.3,199801060IND-IND,199801060IND-PHO,IND-1998,0,1998,-6.8,41.85733333333333,roseja01-1998
jacksma01,22.133333333333333,-1,199801060IND-IND,199801060IND-PHO,IND-1998,0,1998,-22.133333333333333,41.85733333333333,jacksma01-1998
croshau01,20.583333333333332,3.1,199801060IND-IND,199801060IND-PHO,IND-1998,0,1998,63.80833333333333,41.85733333333333,croshau01-1998
mckeyde01,18.333333333333332,1.2,199801060IND-IND,199801060IND-PHO,IND-1998,0,1998,21.999999999999996,41.85733333333333,mckeyde01-1998
hoibefr01,11.25,-2,199801060IND-IND,199801060IND-PHO,IND-1998,0,1998,-22.5,41.85733333333333,hoibefr01-1998
willike02,40.85,8.9,199801080HOU-HOU,199801080HOU-IND,HOU-1998,0,1998,363.56500000000005,37.32555555555556,willike02-1998
eliema01,37.05,5,199801080HOU-HOU,199801080HOU-IND,HOU-1998,0,1998,185.25,37.32555555555556,eliema01-1998
harriot01,35.983333333333334,5.5,199801080HOU-HOU,199801080HOU-IND,HOU-1998,0,1998,197.90833333333333,37.32555555555556,harriot01-1998
rhodero01,32.266666666666666,-4.4,199801080HOU-HOU,199801080HOU-IND,HOU-1998,0,1998,-141.97333333333333,37.32555555555556,rhodero01-1998
pricebr01,27,0.8,199801080HOU-HOU,199801080HOU-IND,HOU-1998,0,1998,21.6,37.32555555555556,pricebr01-1998
bullama01,22.033333333333335,-7.6,199801080HOU-HOU,199801080HOU-IND,HOU-1998,0,1998,-167.45333333333335,37.32555555555556,bullama01-1998
malonma01,20.65,-3.6,199801080HOU-HOU,199801080HOU-IND,HOU-1998,0,1998,-74.34,37.32555555555556,malonma01-1998
davisem01,19.8,-2.5,199801080HOU-HOU,199801080HOU-IND,HOU-1998,0,1998,-49.5,37.32555555555556,davisem01-1998
jonesch01,4.366666666666666,0.2,199801080HOU-HOU,199801080HOU-IND,HOU-1998,0,1998,0.8733333333333333,37.32555555555556,jonesch01-1998
finlemi01,43.06666666666667,-2.9,199801100DAL-DAL,199801100DAL-IND,DAL-1998,0,1998,-124.89333333333335,30.399074074074072,finlemi01-1998
bradlsh01,40.2,1.5,199801100DAL-DAL,199801100DAL-IND,DAL-1998,0,1998,60.300000000000004,30.399074074074072,bradlsh01-1998
walkesa01,39.083333333333336,-0.5,199801100DAL-DAL,199801100DAL-IND,DAL-1998,0,1998,-19.541666666666668,30.399074074074072,walkesa01-1998
scottde01,35.15,7.6,199801100DAL-DAL,199801100DAL-IND,DAL-1998,0,1998,267.14,30.399074074074072,scottde01-1998
greenac01,26.6,2.2,199801100DAL-DAL,199801100DAL-IND,DAL-1998,0,1998,58.52000000000001,30.399074074074072,greenac01-1998
reevekh01,23.083333333333332,2.1,199801100DAL-DAL,199801100DAL-IND,DAL-1998,0,1998,48.475,30.399074074074072,reevekh01-1998
stricer01,17.916666666666668,0,199801100DAL-DAL,199801100DAL-IND,DAL-1998,0,1998,0,30.399074074074072,stricer01-1998
davishu01,10.516666666666667,-1.1,199801100DAL-DAL,199801100DAL-IND,DAL-1998,0,1998,-11.568333333333335,30.399074074074072,davishu01-1998
rileyer01,4.4,-1.1,199801100DAL-DAL,199801100DAL-IND,DAL-1998,0,1998,-4.840000000000001,30.399074074074072,rileyer01-1998
millere01,36.85,6.8,199801140IND-IND,199801140IND-DET,IND-1998,1,1998,250.58,70.74116666666667,millere01-1998
jacksma01,33.733333333333334,7.5,199801140IND-IND,199801140IND-DET,IND-1998,1,1998,253,70.74116666666667,jacksma01-1998
smitsri01,29.466666666666665,0.9,199801140IND-IND,199801140IND-DET,IND-1998,1,1998,26.52,70.74116666666667,smitsri01-1998
davisda01,26.5,1.9,199801140IND-IND,199801140IND-DET,IND-1998,1,1998,50.349999999999994,70.74116666666667,davisda01-1998
mullich01,25.75,12.2,199801140IND-IND,199801140IND-DET,IND-1998,1,1998,314.15,70.74116666666667,mullich01-1998
mckeyde01,22.816666666666666,-3.2,199801140IND-IND,199801140IND-DET,IND-1998,1,1998,-73.01333333333334,70.74116666666667,mckeyde01-1998
hoibefr01,17.3,-2.3,199801140IND-IND,199801140IND-DET,IND-1998,1,1998,-39.79,70.74116666666667,hoibefr01-1998
roseja01,17.3,0,199801140IND-IND,199801140IND-DET,IND-1998,1,1998,0,70.74116666666667,roseja01-1998
davisan01,17.216666666666665,-4.7,199801140IND-IND,199801140IND-DET,IND-1998,1,1998,-80.91833333333332,70.74116666666667,davisan01-1998
besttr01,13.066666666666666,0.5,199801140IND-IND,199801140IND-DET,IND-1998,1,1998,6.533333333333333,70.74116666666667,besttr01-1998
jacksma01,25.833333333333332,4.3,199801160IND-IND,199801160IND-SAC,IND-1998,1,1998,111.08333333333333,48.065694444444446,jacksma01-1998
smitsri01,25.05,0.1,199801160IND-IND,199801160IND-SAC,IND-1998,1,1998,2.5050000000000003,48.065694444444446,smitsri01-1998
mullich01,24.05,6.5,199801160IND-IND,199801160IND-SAC,IND-1998,1,1998,156.32500000000002,48.065694444444446,mullich01-1998
roseja01,23.816666666666666,6.1,199801160IND-IND,199801160IND-SAC,IND-1998,1,1998,145.28166666666667,48.065694444444446,roseja01-1998
mckeyde01,23.283333333333335,3.3,199801160IND-IND,199801160IND-SAC,IND-1998,1,1998,76.83500000000001,48.065694444444446,mckeyde01-1998
davisda01,22.7,-1.6,199801160IND-IND,199801160IND-SAC,IND-1998,1,1998,-36.32,48.065694444444446,davisda01-1998
hoibefr01,22.616666666666667,0.8,199801160IND-IND,199801160IND-SAC,IND-1998,1,1998,18.093333333333334,48.065694444444446,hoibefr01-1998
davisan01,22.333333333333332,1,199801160IND-IND,199801160IND-SAC,IND-1998,1,1998,22.333333333333332,48.065694444444446,davisan01-1998
besttr01,22.166666666666668,1.3,199801160IND-IND,199801160IND-SAC,IND-1998,1,1998,28.81666666666667,48.065694444444446,besttr01-1998
millere01,21.333333333333332,2.4,199801160IND-IND,199801160IND-SAC,IND-1998,1,1998,51.199999999999996,48.065694444444446,millere01-1998
croshau01,4.183333333333334,-0.1,199801160IND-IND,199801160IND-SAC,IND-1998,1,1998,-0.4183333333333334,48.065694444444446,croshau01-1998
bohanet01,2.6333333333333333,0.4,199801160IND-IND,199801160IND-SAC,IND-1998,1,1998,1.0533333333333335,48.065694444444446,bohanet01-1998
walkean02,44.78333333333333,-1.9,199801180BOS-BOS,199801180BOS-IND,BOS-1998,0,1998,-85.08833333333332,29.729305555555555,walkean02-1998
mercero01,34.55,5.8,199801180BOS-BOS,199801180BOS-IND,BOS-1998,0,1998,200.39,29.729305555555555,mercero01-1998
declean01,28.433333333333334,6.5,199801180BOS-BOS,199801180BOS-IND,BOS-1998,0,1998,184.81666666666666,29.729305555555555,declean01-1998
billuch01,24.433333333333334,-3.6,199801180BOS-BOS,199801180BOS-IND,BOS-1998,0,1998,-87.96000000000001,29.729305555555555,billuch01-1998
brownde01,22.216666666666665,3,199801180BOS-BOS,199801180BOS-IND,BOS-1998,0,1998,66.64999999999999,29.729305555555555,brownde01-1998
barroda01,21.233333333333334,5.3,199801180BOS-BOS,199801180BOS-IND,BOS-1998,0,1998,112.53666666666666,29.729305555555555,barroda01-1998
mccarwa01,17.416666666666668,0.3,199801180BOS-BOS,199801180BOS-IND,BOS-1998,0,1998,5.2250000000000005,29.729305555555555,mccarwa01-1998
knightr01,15.916666666666666,3.2,199801180BOS-BOS,199801180BOS-IND,BOS-1998,0,1998,50.93333333333334,29.729305555555555,knightr01-1998
minorgr01,14.416666666666666,-3.5,199801180BOS-BOS,199801180BOS-IND,BOS-1998,0,1998,-50.45833333333333,29.729305555555555,minorgr01-1998
bowenbr01,7.3,-3.3,199801180BOS-BOS,199801180BOS-IND,BOS-1998,0,1998,-24.09,29.729305555555555,bowenbr01-1998
thomajo02,6.616666666666667,-1.8,199801180BOS-BOS,199801180BOS-IND,BOS-1998,0,1998,-11.910000000000002,29.729305555555555,thomajo02-1998
edneyty01,2.6833333333333336,-1.6,199801180BOS-BOS,199801180BOS-IND,BOS-1998,0,1998,-4.293333333333334,29.729305555555555,edneyty01-1998
johnsla02,39.38333333333333,-3,199801210NYK-NYK,199801210NYK-IND,NYK-1998,1,1998,-118.15,54.1337037037037,johnsla02-1998
childch01,29.083333333333332,2.7,199801210NYK-NYK,199801210NYK-IND,NYK-1998,1,1998,78.525,54.1337037037037,childch01-1998
oaklech01,28.416666666666668,8.8,199801210NYK-NYK,199801210NYK-IND,NYK-1998,1,1998,250.0666666666667,54.1337037037037,oaklech01-1998
houstal01,26.733333333333334,-2.5,199801210NYK-NYK,199801210NYK-IND,NYK-1998,1,1998,-66.83333333333334,54.1337037037037,houstal01-1998
willibu01,26.516666666666666,-0.3,199801210NYK-NYK,199801210NYK-IND,NYK-1998,1,1998,-7.954999999999999,54.1337037037037,willibu01-1998
starkjo01,25.066666666666666,3.6,199801210NYK-NYK,199801210NYK-IND,NYK-1998,1,1998,90.24,54.1337037037037,starkjo01-1998
millsch01,24.733333333333334,5.3,199801210NYK-NYK,199801210NYK-IND,NYK-1998,1,1998,131.08666666666667,54.1337037037037,millsch01-1998
dudlech02,21.15,4.1,199801210NYK-NYK,199801210NYK-IND,NYK-1998,1,1998,86.71499999999999,54.1337037037037,dudlech02-1998
wardch01,18.916666666666668,2.3,199801210NYK-NYK,199801210NYK-IND,NYK-1998,1,1998,43.50833333333333,54.1337037037037,wardch01-1998
millere01,39.983333333333334,5.8,199801230IND-IND,199801230IND-UTA,IND-1998,1,1998,231.90333333333334,93.57666666666667,millere01-1998
mullich01,34.8,1.9,199801230IND-IND,199801230IND-UTA,IND-1998,1,1998,66.11999999999999,93.57666666666667,mullich01-1998
jacksma01,32.266666666666666,12.6,199801230IND-IND,199801230IND-UTA,IND-1998,1,1998,406.56,93.57666666666667,jacksma01-1998
smitsri01,31.55,6.4,199801230IND-IND,199801230IND-UTA,IND-1998,1,1998,201.92000000000002,93.57666666666667,smitsri01-1998
davisan01,26.466666666666665,3,199801230IND-IND,199801230IND-UTA,IND-1998,1,1998,79.39999999999999,93.57666666666667,davisan01-1998
davisda01,22.333333333333332,-1.9,199801230IND-IND,199801230IND-UTA,IND-1998,1,1998,-42.43333333333333,93.57666666666667,davisda01-1998
roseja01,21.216666666666665,-2.7,199801230IND-IND,199801230IND-UTA,IND-1998,1,1998,-57.285,93.57666666666667,roseja01-1998
besttr01,15.733333333333333,-2.1,199801230IND-IND,199801230IND-UTA,IND-1998,1,1998,-33.04,93.57666666666667,besttr01-1998
mckeyde01,15.65,-0.7,199801230IND-IND,199801230IND-UTA,IND-1998,1,1998,-10.955,93.57666666666667,mckeyde01-1998
mullich01,36.233333333333334,7.3,199801240IND-IND,199801240IND-BOS,IND-1998,1,1998,264.50333333333333,69.23666666666666,mullich01-1998
millere01,34.916666666666664,13.6,199801240IND-IND,199801240IND-BOS,IND-1998,1,1998,474.8666666666666,69.23666666666666,millere01-1998
smitsri01,32.45,2.2,199801240IND-IND,199801240IND-BOS,IND-1998,1,1998,71.39000000000001,69.23666666666666,smitsri01-1998
jacksma01,31.7,-2.3,199801240IND-IND,199801240IND-BOS,IND-1998,1,1998,-72.91,69.23666666666666,jacksma01-1998
davisan01,21.416666666666668,0.8,199801240IND-IND,199801240IND-BOS,IND-1998,1,1998,17.133333333333336,69.23666666666666,davisan01-1998
davisda01,21.383333333333333,2.8,199801240IND-IND,199801240IND-BOS,IND-1998,1,1998,59.87333333333333,69.23666666666666,davisda01-1998
mckeyde01,20.75,-7.8,199801240IND-IND,199801240IND-BOS,IND-1998,1,1998,-161.85,69.23666666666666,mckeyde01-1998
besttr01,16.3,3.6,199801240IND-IND,199801240IND-BOS,IND-1998,1,1998,58.68000000000001,69.23666666666666,besttr01-1998
hoibefr01,13.083333333333334,3.2,199801240IND-IND,199801240IND-BOS,IND-1998,1,1998,41.866666666666674,69.23666666666666,hoibefr01-1998
roseja01,11.766666666666667,-5.2,199801240IND-IND,199801240IND-BOS,IND-1998,1,1998,-61.186666666666675,69.23666666666666,roseja01-1998
millere01,36.85,5.8,199801270IND-IND,199801270IND-WAS,IND-1998,1,1998,213.73,55.43766666666667,millere01-1998
jacksma01,34.416666666666664,4.9,199801270IND-IND,199801270IND-WAS,IND-1998,1,1998,168.64166666666668,55.43766666666667,jacksma01-1998
davisda01,27.666666666666668,1.8,199801270IND-IND,199801270IND-WAS,IND-1998,1,1998,49.800000000000004,55.43766666666667,davisda01-1998
davisan01,25.416666666666668,1.5,199801270IND-IND,199801270IND-WAS,IND-1998,1,1998,38.125,55.43766666666667,davisan01-1998
smitsri01,24.983333333333334,4,199801270IND-IND,199801270IND-WAS,IND-1998,1,1998,99.93333333333334,55.43766666666667,smitsri01-1998
mullich01,22.833333333333332,3.6,199801270IND-IND,199801270IND-WAS,IND-1998,1,1998,82.2,55.43766666666667,mullich01-1998
roseja01,22.466666666666665,-0.9,199801270IND-IND,199801270IND-WAS,IND-1998,1,1998,-20.22,55.43766666666667,roseja01-1998
mckeyde01,20.65,-3.4,199801270IND-IND,199801270IND-WAS,IND-1998,1,1998,-70.21,55.43766666666667,mckeyde01-1998
besttr01,13.583333333333334,-1.3,199801270IND-IND,199801270IND-WAS,IND-1998,1,1998,-17.658333333333335,55.43766666666667,besttr01-1998
hoibefr01,11.15,0.9,199801270IND-IND,199801270IND-WAS,IND-1998,1,1998,10.035,55.43766666666667,hoibefr01-1998
iversal01,41.46666666666667,-2.3,199801280PHI-PHI,199801280PHI-IND,PHI-1998,0,1998,-95.37333333333333,33.460757575757576,iversal01-1998
jacksji01,41.016666666666666,4.9,199801280PHI-PHI,199801280PHI-IND,PHI-1998,0,1998,200.98166666666668,33.460757575757576,jacksji01-1998
colemde01,39.68333333333333,1.9,199801280PHI-PHI,199801280PHI-IND,PHI-1998,0,1998,75.39833333333333,33.460757575757576,colemde01-1998
thomati01,37.93333333333333,-1,199801280PHI-PHI,199801280PHI-IND,PHI-1998,0,1998,-37.93333333333333,33.460757575757576,thomati01-1998
ratlith01,37.916666666666664,4.8,199801280PHI-PHI,199801280PHI-IND,PHI-1998,0,1998,181.99999999999997,33.460757575757576,ratlith01-1998
weathcl01,18.2,-0.7,199801280PHI-PHI,199801280PHI-IND,PHI-1998,0,1998,-12.739999999999998,33.460757575757576,weathcl01-1998
davisma02,14.933333333333334,2.6,199801280PHI-PHI,199801280PHI-IND,PHI-1998,0,1998,38.82666666666667,33.460757575757576,davisma02-1998
mckieaa01,12.233333333333333,-0.1,199801280PHI-PHI,199801280PHI-IND,PHI-1998,0,1998,-1.2233333333333334,33.460757575757576,mckieaa01-1998
snower01,11.583333333333334,1.8,199801280PHI-PHI,199801280PHI-IND,PHI-1998,0,1998,20.85,33.460757575757576,snower01-1998
cummite01,6.416666666666667,-1.1,199801280PHI-PHI,199801280PHI-IND,PHI-1998,0,1998,-7.0583333333333345,33.460757575757576,cummite01-1998
willisc01,3.6166666666666667,1.2,199801280PHI-PHI,199801280PHI-IND,PHI-1998,0,1998,4.34,33.460757575757576,willisc01-1998
millere01,36.88333333333333,12,199801300IND-IND,199801300IND-CLE,IND-1998,1,1998,442.6,75.3285,millere01-1998
jacksma01,33.766666666666666,2.9,199801300IND-IND,199801300IND-CLE,IND-1998,1,1998,97.92333333333333,75.3285,jacksma01-1998
mckeyde01,26.933333333333334,8.6,199801300IND-IND,199801300IND-CLE,IND-1998,1,1998,231.62666666666667,75.3285,mckeyde01-1998
smitsri01,26.7,-3.8,199801300IND-IND,199801300IND-CLE,IND-1998,1,1998,-101.46,75.3285,smitsri01-1998
mullich01,25.65,5,199801300IND-IND,199801300IND-CLE,IND-1998,1,1998,128.25,75.3285,mullich01-1998
davisda01,23.233333333333334,1.7,199801300IND-IND,199801300IND-CLE,IND-1998,1,1998,39.49666666666667,75.3285,davisda01-1998
roseja01,22.35,0.9,199801300IND-IND,199801300IND-CLE,IND-1998,1,1998,20.115000000000002,75.3285,roseja01-1998
davisan01,19.133333333333333,-4.4,199801300IND-IND,199801300IND-CLE,IND-1998,1,1998,-84.18666666666667,75.3285,davisan01-1998
besttr01,14.233333333333333,-0.7,199801300IND-IND,199801300IND-CLE,IND-1998,1,1998,-9.963333333333333,75.3285,besttr01-1998
hoibefr01,11.116666666666667,-1,199801300IND-IND,199801300IND-CLE,IND-1998,1,1998,-11.116666666666667,75.3285,hoibefr01-1998
wrighlo02,40.81666666666667,1.5,199802010LAC-LAC,199802010LAC-IND,LAC-1998,0,1998,61.22500000000001,6.210833333333336,wrighlo02-1998
martida01,36.63333333333333,-5,199802010LAC-LAC,199802010LAC-IND,LAC-1998,0,1998,-183.16666666666666,6.210833333333336,martida01-1998
tayloma01,34,-3,199802010LAC-LAC,199802010LAC-IND,LAC-1998,0,1998,-102,6.210833333333336,tayloma01-1998
rogerro01,33.8,1.4,199802010LAC-LAC,199802010LAC-IND,LAC-1998,0,1998,47.31999999999999,6.210833333333336,rogerro01-1998
murrala01,28.2,-2.7,199802010LAC-LAC,199802010LAC-IND,LAC-1998,0,1998,-76.14,6.210833333333336,murrala01-1998
piatker01,27.1,7.6,199802010LAC-LAC,199802010LAC-IND,LAC-1998,0,1998,205.96,6.210833333333336,piatker01-1998
robinja02,22.233333333333334,4.9,199802010LAC-LAC,199802010LAC-IND,LAC-1998,0,1998,108.94333333333334,6.210833333333336,robinja02-1998
richapo01,11.366666666666667,0.1,199802010LAC-LAC,199802010LAC-IND,LAC-1998,0,1998,1.1366666666666667,6.210833333333336,richapo01-1998
vrankst01,3.2333333333333334,-0.2,199802010LAC-LAC,199802010LAC-IND,LAC-1998,0,1998,-0.6466666666666667,6.210833333333336,vrankst01-1998
closske01,2.6166666666666667,-0.2,199802010LAC-LAC,199802010LAC-IND,LAC-1998,0,1998,-0.5233333333333333,6.210833333333336,closske01-1998
willico02,33.15,-2.3,199802030SAC-SAC,199802030SAC-IND,SAC-1998,0,1998,-76.24499999999999,-5.959242424242423,willico02-1998
richmmi01,29.133333333333333,6.7,199802030SAC-SAC,199802030SAC-IND,SAC-1998,0,1998,195.19333333333333,-5.959242424242423,richmmi01-1998
owensbi01,25.966666666666665,-5.4,199802030SAC-SAC,199802030SAC-IND,SAC-1998,0,1998,-140.22,-5.959242424242423,owensbi01-1998
johnsan02,25.766666666666666,-3.6,199802030SAC-SAC,199802030SAC-IND,SAC-1998,0,1998,-92.76,-5.959242424242423,johnsan02-1998
stewami01,24.666666666666668,-0.7,199802030SAC-SAC,199802030SAC-IND,SAC-1998,0,1998,-17.266666666666666,-5.959242424242423,stewami01-1998
deherte01,23.233333333333334,6,199802030SAC-SAC,199802030SAC-IND,SAC-1998,0,1998,139.4,-5.959242424242423,deherte01-1998
polynol01,18.483333333333334,-5.6,199802030SAC-SAC,199802030SAC-IND,SAC-1998,0,1998,-103.50666666666666,-5.959242424242423,polynol01-1998
smithmi02,17.85,0.7,199802030SAC-SAC,199802030SAC-IND,SAC-1998,0,1998,12.495000000000001,-5.959242424242423,smithmi02-1998
hendrma01,16.633333333333333,3,199802030SAC-SAC,199802030SAC-IND,SAC-1998,0,1998,49.9,-5.959242424242423,hendrma01-1998
hurlebo01,14.866666666666667,0.5,199802030SAC-SAC,199802030SAC-IND,SAC-1998,0,1998,7.433333333333334,-5.959242424242423,hurlebo01-1998
abdulta01,10.25,-3.9,199802030SAC-SAC,199802030SAC-IND,SAC-1998,0,1998,-39.975,-5.959242424242423,abdulta01-1998
paytoga01,43.7,11.9,199802040SEA-SEA,199802040SEA-IND,SEA-1998,1,1998,520.0300000000001,124.0437037037037,paytoga01-1998
bakervi01,40.15,14.7,199802040SEA-SEA,199802040SEA-IND,SEA-1998,1,1998,590.2049999999999,124.0437037037037,bakervi01-1998
schrede01,37.05,6.8,199802040SEA-SEA,199802040SEA-IND,SEA-1998,1,1998,251.93999999999997,124.0437037037037,schrede01-1998
hawkihe01,30.116666666666667,-3,199802040SEA-SEA,199802040SEA-IND,SEA-1998,1,1998,-90.35,124.0437037037037,hawkihe01-1998
perkisa01,24.45,-4.9,199802040SEA-SEA,199802040SEA-IND,SEA-1998,1,1998,-119.805,124.0437037037037,perkisa01-1998
ellisda01,24,-0.9,199802040SEA-SEA,199802040SEA-IND,SEA-1998,1,1998,-21.6,124.0437037037037,ellisda01-1998
mcilvji01,23.55,1,199802040SEA-SEA,199802040SEA-IND,SEA-1998,1,1998,23.55,124.0437037037037,mcilvji01-1998
wingada01,12.683333333333334,-3.2,199802040SEA-SEA,199802040SEA-IND,SEA-1998,1,1998,-40.58666666666667,124.0437037037037,wingada01-1998
anthogr01,4.3,0.7,199802040SEA-SEA,199802040SEA-IND,SEA-1998,1,1998,3.01,124.0437037037037,anthogr01-1998
millere01,29.116666666666667,3.4,199802100IND-IND,199802100IND-ORL,IND-1998,1,1998,98.99666666666667,62.22722222222222,millere01-1998
mullich01,27.4,8.7,199802100IND-IND,199802100IND-ORL,IND-1998,1,1998,238.37999999999997,62.22722222222222,mullich01-1998
mckeyde01,26.583333333333332,6.6,199802100IND-IND,199802100IND-ORL,IND-1998,1,1998,175.45,62.22722222222222,mckeyde01-1998
besttr01,23.216666666666665,-0.8,199802100IND-IND,199802100IND-ORL,IND-1998,1,1998,-18.573333333333334,62.22722222222222,besttr01-1998
davisan01,22.8,3.4,199802100IND-IND,199802100IND-ORL,IND-1998,1,1998,77.52,62.22722222222222,davisan01-1998
smitsri01,21.95,9.9,199802100IND-IND,199802100IND-ORL,IND-1998,1,1998,217.305,62.22722222222222,smitsri01-1998
roseja01,21.95,0.5,199802100IND-IND,199802100IND-ORL,IND-1998,1,1998,10.975,62.22722222222222,roseja01-1998
davisda01,21.416666666666668,-0.6,199802100IND-IND,199802100IND-ORL,IND-1998,1,1998,-12.85,62.22722222222222,davisda01-1998
jacksma01,21.2,1.6,199802100IND-IND,199802100IND-ORL,IND-1998,1,1998,33.92,62.22722222222222,jacksma01-1998
hoibefr01,18.883333333333333,-3.6,199802100IND-IND,199802100IND-ORL,IND-1998,1,1998,-67.98,62.22722222222222,hoibefr01-1998
westma01,3.25,-0.6,199802100IND-IND,199802100IND-ORL,IND-1998,1,1998,-1.95,62.22722222222222,westma01-1998
croshau01,2.2333333333333334,-2,199802100IND-IND,199802100IND-ORL,IND-1998,1,1998,-4.466666666666667,62.22722222222222,croshau01-1998
mashbja01,41.516666666666666,-0.9,199802110MIA-MIA,199802110MIA-IND,MIA-1998,0,1998,-37.365,45.894814814814815,mashbja01-1998
hardati01,40.61666666666667,12.4,199802110MIA-MIA,199802110MIA-IND,MIA-1998,0,1998,503.6466666666667,45.894814814814815,hardati01-1998
mournal01,38.63333333333333,-4.2,199802110MIA-MIA,199802110MIA-IND,MIA-1998,0,1998,-162.26,45.894814814814815,mournal01-1998
majerda01,31.05,7,199802110MIA-MIA,199802110MIA-IND,MIA-1998,0,1998,217.35,45.894814814814815,majerda01-1998
lenarvo01,24.516666666666666,-0.7,199802110MIA-MIA,199802110MIA-IND,MIA-1998,0,1998,-17.161666666666665,45.894814814814815,lenarvo01-1998
brownpj01,21.033333333333335,-4,199802110MIA-MIA,199802110MIA-IND,MIA-1998,0,1998,-84.13333333333334,45.894814814814815,brownpj01-1998
austiis01,18.366666666666667,-6,199802110MIA-MIA,199802110MIA-IND,MIA-1998,0,1998,-110.2,45.894814814814815,austiis01-1998
askinke01,13.55,5.4,199802110MIA-MIA,199802110MIA-IND,MIA-1998,0,1998,73.17,45.894814814814815,askinke01-1998
murdoer01,10.716666666666667,2.8,199802110MIA-MIA,199802110MIA-IND,MIA-1998,0,1998,30.006666666666664,45.894814814814815,murdoer01-1998
millere01,42.15,-1.1,199802130IND-IND,199802130IND-DAL,IND-1998,0,1998,-46.365,25.596833333333333,millere01-1998
jacksma01,36.833333333333336,2.8,199802130IND-IND,199802130IND-DAL,IND-1998,0,1998,103.13333333333334,25.596833333333333,jacksma01-1998
mullich01,33.2,2.6,199802130IND-IND,199802130IND-DAL,IND-1998,0,1998,86.32000000000001,25.596833333333333,mullich01-1998
davisan01,32.666666666666664,4,199802130IND-IND,199802130IND-DAL,IND-1998,0,1998,130.66666666666666,25.596833333333333,davisan01-1998
smitsri01,31.666666666666668,-4.3,199802130IND-IND,199802130IND-DAL,IND-1998,0,1998,-136.16666666666666,25.596833333333333,smitsri01-1998
mckeyde01,31.25,1.3,199802130IND-IND,199802130IND-DAL,IND-1998,0,1998,40.625,25.596833333333333,mckeyde01-1998
roseja01,24.25,2.3,199802130IND-IND,199802130IND-DAL,IND-1998,0,1998,55.775,25.596833333333333,roseja01-1998
besttr01,21.166666666666668,-1.8,199802130IND-IND,199802130IND-DAL,IND-1998,0,1998,-38.1,25.596833333333333,besttr01-1998
davisda01,20.966666666666665,0.9,199802130IND-IND,199802130IND-DAL,IND-1998,0,1998,18.869999999999997,25.596833333333333,davisda01-1998
hoibefr01,15.85,2.6,199802130IND-IND,199802130IND-DAL,IND-1998,0,1998,41.21,25.596833333333333,hoibefr01-1998
mutomdi01,46.333333333333336,5.1,199802140ATL-ATL,199802140ATL-IND,ATL-1998,0,1998,236.29999999999998,87.65916666666666,mutomdi01-1998
blaylmo01,44.96666666666667,5.4,199802140ATL-ATL,199802140ATL-IND,ATL-1998,0,1998,242.82000000000002,87.65916666666666,blaylmo01-1998
hendeal01,44.11666666666667,5.3,199802140ATL-ATL,199802140ATL-IND,ATL-1998,0,1998,233.81833333333333,87.65916666666666,hendeal01-1998
smithst01,33.833333333333336,6.1,199802140ATL-ATL,199802140ATL-IND,ATL-1998,0,1998,206.38333333333333,87.65916666666666,smithst01-1998
corbity01,33.766666666666666,-5.8,199802140ATL-ATL,199802140ATL-IND,ATL-1998,0,1998,-195.84666666666666,87.65916666666666,corbity01-1998
brownch01,19.833333333333332,0.4,199802140ATL-ATL,199802140ATL-IND,ATL-1998,0,1998,7.933333333333334,87.65916666666666,brownch01-1998
barrydr01,12.25,-2.1,199802140ATL-ATL,199802140ATL-IND,ATL-1998,0,1998,-25.725,87.65916666666666,barrydr01-1998
andergr01,4.9,-0.9,199802140ATL-ATL,199802140ATL-IND,ATL-1998,0,1998,-4.41,87.65916666666666,andergr01-1998
pippesc01,42.18333333333333,6.5,199802170CHI-CHI,199802170CHI-IND,CHI-1998,1,1998,274.19166666666666,90.96249999999999,pippesc01-1998
jordami01,39.56666666666667,5.5,199802170CHI-CHI,199802170CHI-IND,CHI-1998,1,1998,217.61666666666667,90.96249999999999,jordami01-1998
rodmade01,33.666666666666664,-1.6,199802170CHI-CHI,199802170CHI-IND,CHI-1998,1,1998,-53.86666666666667,90.96249999999999,rodmade01-1998
kukocto01,32.05,8.4,199802170CHI-CHI,199802170CHI-IND,CHI-1998,1,1998,269.21999999999997,90.96249999999999,kukocto01-1998
longllu01,31.016666666666666,4.1,199802170CHI-CHI,199802170CHI-IND,CHI-1998,1,1998,127.16833333333332,90.96249999999999,longllu01-1998
harpero01,29.883333333333333,1.9,199802170CHI-CHI,199802170CHI-IND,CHI-1998,1,1998,56.77833333333333,90.96249999999999,harpero01-1998
brownra02,16.383333333333333,0.5,199802170CHI-CHI,199802170CHI-IND,CHI-1998,1,1998,8.191666666666666,90.96249999999999,brownra02-1998
caffeja01,14.75,0.7,199802170CHI-CHI,199802170CHI-IND,CHI-1998,1,1998,10.325,90.96249999999999,caffeja01-1998
buechju01,0.2833333333333333,0,199802170CHI-CHI,199802170CHI-IND,CHI-1998,1,1998,0,90.96249999999999,buechju01-1998
burresc01,0.21666666666666667,0,199802170CHI-CHI,199802170CHI-IND,CHI-1998,1,1998,0,90.96249999999999,burresc01-1998
davisda01,32.833333333333336,2.3,199802190IND-IND,199802190IND-PHI,IND-1998,1,1998,75.51666666666667,37.123666666666665,davisda01-1998
millere01,31.35,3.5,199802190IND-IND,199802190IND-PHI,IND-1998,1,1998,109.72500000000001,37.123666666666665,millere01-1998
davisan01,31.3,-1.3,199802190IND-IND,199802190IND-PHI,IND-1998,1,1998,-40.690000000000005,37.123666666666665,davisan01-1998
jacksma01,29.85,-0.5,199802190IND-IND,199802190IND-PHI,IND-1998,1,1998,-14.925,37.123666666666665,jacksma01-1998
mullich01,24.533333333333335,3.7,199802190IND-IND,199802190IND-PHI,IND-1998,1,1998,90.77333333333334,37.123666666666665,mullich01-1998
mckeyde01,22.566666666666666,3.9,199802190IND-IND,199802190IND-PHI,IND-1998,1,1998,88.00999999999999,37.123666666666665,mckeyde01-1998
roseja01,18.8,2.2,199802190IND-IND,199802190IND-PHI,IND-1998,1,1998,41.36000000000001,37.123666666666665,roseja01-1998
besttr01,18.15,0.6,199802190IND-IND,199802190IND-PHI,IND-1998,1,1998,10.889999999999999,37.123666666666665,besttr01-1998
westma01,16.7,-1.7,199802190IND-IND,199802190IND-PHI,IND-1998,1,1998,-28.389999999999997,37.123666666666665,westma01-1998
croshau01,13.916666666666666,2.8,199802190IND-IND,199802190IND-PHI,IND-1998,1,1998,38.96666666666666,37.123666666666665,croshau01-1998
outlabo01,48,-2.4,199802200ORL-ORL,199802200ORL-IND,ORL-1998,1,1998,-115.19999999999999,92.30261904761906,outlabo01-1998
anderni01,43.583333333333336,13.7,199802200ORL-ORL,199802200ORL-IND,ORL-1998,1,1998,597.0916666666667,92.30261904761906,anderni01-1998
grantho01,32.45,2.1,199802200ORL-ORL,199802200ORL-IND,ORL-1998,1,1998,68.14500000000001,92.30261904761906,grantho01-1998
harpede01,31.866666666666667,1,199802200ORL-ORL,199802200ORL-IND,ORL-1998,1,1998,31.866666666666667,92.30261904761906,harpede01-1998
schayda01,29.45,5.5,199802200ORL-ORL,199802200ORL-IND,ORL-1998,1,1998,161.975,92.30261904761906,schayda01-1998
stronde01,28.85,-1.6,199802200ORL-ORL,199802200ORL-IND,ORL-1998,1,1998,-46.160000000000004,92.30261904761906,stronde01-1998
wilkige01,25.8,-2,199802200ORL-ORL,199802200ORL-IND,ORL-1998,1,1998,-51.6,92.30261904761906,wilkige01-1998
colemde01,41.8,3.8,199802220PHI-PHI,199802220PHI-IND,PHI-1998,0,1998,158.83999999999997,86.00645833333334,colemde01-1998
iversal01,40.45,14.5,199802220PHI-PHI,199802220PHI-IND,PHI-1998,0,1998,586.5250000000001,86.00645833333334,iversal01-1998
ratlith01,38.38333333333333,1.8,199802220PHI-PHI,199802220PHI-IND,PHI-1998,0,1998,69.09,86.00645833333334,ratlith01-1998
mckieaa01,38.31666666666667,0.3,199802220PHI-PHI,199802220PHI-IND,PHI-1998,0,1998,11.495000000000001,86.00645833333334,mckieaa01-1998
thomati01,31.983333333333334,0.9,199802220PHI-PHI,199802220PHI-IND,PHI-1998,0,1998,28.785,86.00645833333334,thomati01-1998
snower01,18.95,-2.9,199802220PHI-PHI,199802220PHI-IND,PHI-1998,0,1998,-54.955,86.00645833333334,snower01-1998
smithjo02,15.8,-3.9,199802220PHI-PHI,199802220PHI-IND,PHI-1998,0,1998,-61.620000000000005,86.00645833333334,smithjo02-1998
willisc01,14.316666666666666,-3.5,199802220PHI-PHI,199802220PHI-IND,PHI-1998,0,1998,-50.108333333333334,86.00645833333334,willisc01-1998
millere01,39.083333333333336,-5.4,199802250IND-IND,199802250IND-LAL,IND-1998,0,1998,-211.05000000000004,52.089999999999996,millere01-1998
davisda01,37.81666666666667,11,199802250IND-IND,199802250IND-LAL,IND-1998,0,1998,415.98333333333335,52.089999999999996,davisda01-1998
jacksma01,35,7.5,199802250IND-IND,199802250IND-LAL,IND-1998,0,1998,262.5,52.089999999999996,jacksma01-1998
mullich01,34.9,3,199802250IND-IND,199802250IND-LAL,IND-1998,0,1998,104.69999999999999,52.089999999999996,mullich01-1998
smitsri01,32.15,-2,199802250IND-IND,199802250IND-LAL,IND-1998,0,1998,-64.3,52.089999999999996,smitsri01-1998
mckeyde01,18.283333333333335,0.8,199802250IND-IND,199802250IND-LAL,IND-1998,0,1998,14.626666666666669,52.089999999999996,mckeyde01-1998
davisan01,18.183333333333334,-0.5,199802250IND-IND,199802250IND-LAL,IND-1998,0,1998,-9.091666666666667,52.089999999999996,davisan01-1998
besttr01,13,0.2,199802250IND-IND,199802250IND-LAL,IND-1998,0,1998,2.6,52.089999999999996,besttr01-1998
roseja01,10.15,0.5,199802250IND-IND,199802250IND-LAL,IND-1998,0,1998,5.075,52.089999999999996,roseja01-1998
hoibefr01,1.4333333333333333,-0.1,199802250IND-IND,199802250IND-LAL,IND-1998,0,1998,-0.14333333333333334,52.089999999999996,hoibefr01-1998
millere01,28.716666666666665,5.3,199802270IND-IND,199802270IND-POR,IND-1998,1,1998,152.19833333333332,94.7625,millere01-1998
smitsri01,27.4,1.6,199802270IND-IND,199802270IND-POR,IND-1998,1,1998,43.84,94.7625,smitsri01-1998
jacksma01,26.45,12.6,199802270IND-IND,199802270IND-POR,IND-1998,1,1998,333.27,94.7625,jacksma01-1998
mullich01,25.483333333333334,-3.3,199802270IND-IND,199802270IND-POR,IND-1998,1,1998,-84.095,94.7625,mullich01-1998
davisda01,24.4,4.4,199802270IND-IND,199802270IND-POR,IND-1998,1,1998,107.36,94.7625,davisda01-1998
roseja01,22.4,7.2,199802270IND-IND,199802270IND-POR,IND-1998,1,1998,161.28,94.7625,roseja01-1998
besttr01,21.55,4.4,199802270IND-IND,199802270IND-POR,IND-1998,1,1998,94.82000000000001,94.7625,besttr01-1998
mckeyde01,21.316666666666666,8.1,199802270IND-IND,199802270IND-POR,IND-1998,1,1998,172.665,94.7625,mckeyde01-1998
davisan01,19.9,3.7,199802270IND-IND,199802270IND-POR,IND-1998,1,1998,73.63,94.7625,davisan01-1998
hoibefr01,9.766666666666667,4.8,199802270IND-IND,199802270IND-POR,IND-1998,1,1998,46.88,94.7625,hoibefr01-1998
croshau01,6.916666666666667,4.2,199802270IND-IND,199802270IND-POR,IND-1998,1,1998,29.05,94.7625,croshau01-1998
westma01,5.683333333333334,1.1,199802270IND-IND,199802270IND-POR,IND-1998,1,1998,6.251666666666668,94.7625,westma01-1998
millere01,30.016666666666666,3.2,199803010IND-IND,199803010IND-DEN,IND-1998,1,1998,96.05333333333334,63.78939393939393,millere01-1998
jacksma01,29.45,4,199803010IND-IND,199803010IND-DEN,IND-1998,1,1998,117.8,63.78939393939393,jacksma01-1998
mullich01,28.65,6.7,199803010IND-IND,199803010IND-DEN,IND-1998,1,1998,191.95499999999998,63.78939393939393,mullich01-1998
smitsri01,26.766666666666666,5.4,199803010IND-IND,199803010IND-DEN,IND-1998,1,1998,144.54,63.78939393939393,smitsri01-1998
davisan01,26.216666666666665,5,199803010IND-IND,199803010IND-DEN,IND-1998,1,1998,131.08333333333331,63.78939393939393,davisan01-1998
davisda01,25.9,2.5,199803010IND-IND,199803010IND-DEN,IND-1998,1,1998,64.75,63.78939393939393,davisda01-1998
mckeyde01,22.166666666666668,-5.4,199803010IND-IND,199803010IND-DEN,IND-1998,1,1998,-119.70000000000002,63.78939393939393,mckeyde01-1998
roseja01,20.283333333333335,2.3,199803010IND-IND,199803010IND-DEN,IND-1998,1,1998,46.651666666666664,63.78939393939393,roseja01-1998
besttr01,15.8,0.8,199803010IND-IND,199803010IND-DEN,IND-1998,1,1998,12.64,63.78939393939393,besttr01-1998
hoibefr01,10.3,3.1,199803010IND-IND,199803010IND-DEN,IND-1998,1,1998,31.930000000000003,63.78939393939393,hoibefr01-1998
croshau01,4.45,-3.6,199803010IND-IND,199803010IND-DEN,IND-1998,1,1998,-16.02,63.78939393939393,croshau01-1998
abdursh01,35.916666666666664,1.6,199803030VAN-VAN,199803030VAN-IND,VAN-1998,0,1998,57.46666666666667,11.310666666666668,abdursh01-1998
macksa01,31.633333333333333,0.4,199803030VAN-VAN,199803030VAN-IND,VAN-1998,0,1998,12.653333333333334,11.310666666666668,macksa01-1998
reevebr01,30.866666666666667,-1.5,199803030VAN-VAN,199803030VAN-IND,VAN-1998,0,1998,-46.3,11.310666666666668,reevebr01-1998
maybele01,25.633333333333333,0.4,199803030VAN-VAN,199803030VAN-IND,VAN-1998,0,1998,10.253333333333334,11.310666666666668,maybele01-1998
smithmi02,23.866666666666667,3.9,199803030VAN-VAN,199803030VAN-IND,VAN-1998,0,1998,93.08,11.310666666666668,smithmi02-1998
daniean01,22.366666666666667,-3.5,199803030VAN-VAN,199803030VAN-IND,VAN-1998,0,1998,-78.28333333333333,11.310666666666668,daniean01-1998
chilcpe01,18.45,1.6,199803030VAN-VAN,199803030VAN-IND,VAN-1998,0,1998,29.52,11.310666666666668,chilcpe01-1998
edwarbl01,17.966666666666665,-0.6,199803030VAN-VAN,199803030VAN-IND,VAN-1998,0,1998,-10.78,11.310666666666668,edwarbl01-1998
lynchge01,16.866666666666667,2.6,199803030VAN-VAN,199803030VAN-IND,VAN-1998,0,1998,43.85333333333334,11.310666666666668,lynchge01-1998
newbiiv01,16.433333333333334,0.1,199803030VAN-VAN,199803030VAN-IND,VAN-1998,0,1998,1.6433333333333335,11.310666666666668,newbiiv01-1998
fishede01,40.65,5.3,199803040LAL-LAL,199803040LAL-IND,LAL-1998,1,1998,215.445,110.90277777777779,fishede01-1998
jonesed02,40.45,3.8,199803040LAL-LAL,199803040LAL-IND,LAL-1998,1,1998,153.71,110.90277777777779,jonesed02-1998
foxri01,35.25,4.9,199803040LAL-LAL,199803040LAL-IND,LAL-1998,1,1998,172.72500000000002,110.90277777777779,foxri01-1998
onealsh01,33.36666666666667,13.9,199803040LAL-LAL,199803040LAL-IND,LAL-1998,1,1998,463.7966666666667,110.90277777777779,onealsh01-1998
horryro01,31.516666666666666,2,199803040LAL-LAL,199803040LAL-IND,LAL-1998,1,1998,63.03333333333333,110.90277777777779,horryro01-1998
campbel01,27.933333333333334,2.1,199803040LAL-LAL,199803040LAL-IND,LAL-1998,1,1998,58.660000000000004,110.90277777777779,campbel01-1998
bryanko01,21.366666666666667,-4.5,199803040LAL-LAL,199803040LAL-IND,LAL-1998,1,1998,-96.15,110.90277777777779,bryanko01-1998
blounco01,7.916666666666667,-4.2,199803040LAL-LAL,199803040LAL-IND,LAL-1998,1,1998,-33.25,110.90277777777779,blounco01-1998
sealssh01,1.55,0.1,199803040LAL-LAL,199803040LAL-IND,LAL-1998,1,1998,0.15500000000000003,110.90277777777779,sealssh01-1998
jacksji01,42.666666666666664,1.2,199803060GSW-GSW,199803060GSW-IND,GSW-1998,0,1998,51.199999999999996,3.4342592592592585,jacksji01-1998
boguemu01,40.06666666666667,4,199803060GSW-GSW,199803060GSW-IND,GSW-1998,0,1998,160.26666666666668,3.4342592592592585,boguemu01-1998
dampier01,39.15,-4.8,199803060GSW-GSW,199803060GSW-IND,GSW-1998,0,1998,-187.92,3.4342592592592585,dampier01-1998
marshdo01,31.133333333333333,-8.9,199803060GSW-GSW,199803060GSW-IND,GSW-1998,0,1998,-277.0866666666667,3.4342592592592585,marshdo01-1998
caffeja01,27.966666666666665,8.3,199803060GSW-GSW,199803060GSW-IND,GSW-1998,0,1998,232.12333333333333,3.4342592592592585,caffeja01-1998
delkto01,25.25,2.6,199803060GSW-GSW,199803060GSW-IND,GSW-1998,0,1998,65.65,3.4342592592592585,delkto01-1998
weathcl01,23,-0.2,199803060GSW-GSW,199803060GSW-IND,GSW-1998,0,1998,-4.6000000000000005,3.4342592592592585,weathcl01-1998
fulleto02,5.883333333333333,-1.4,199803060GSW-GSW,199803060GSW-IND,GSW-1998,0,1998,-8.236666666666666,3.4342592592592585,fulleto02-1998
spencfe01,4.883333333333333,-0.1,199803060GSW-GSW,199803060GSW-IND,GSW-1998,0,1998,-0.4883333333333333,3.4342592592592585,spencfe01-1998
millere01,37.56666666666667,7.1,199803080IND-IND,199803080IND-BOS,IND-1998,1,1998,266.72333333333336,60.6585,millere01-1998
jacksma01,36.71666666666667,1.2,199803080IND-IND,199803080IND-BOS,IND-1998,1,1998,44.06,60.6585,jacksma01-1998
davisda01,28.45,9.5,199803080IND-IND,199803080IND-BOS,IND-1998,1,1998,270.275,60.6585,davisda01-1998
mullich01,27.183333333333334,-0.3,199803080IND-IND,199803080IND-BOS,IND-1998,1,1998,-8.155,60.6585,mullich01-1998
smitsri01,24.75,-0.1,199803080IND-IND,199803080IND-BOS,IND-1998,1,1998,-2.475,60.6585,smitsri01-1998
davisan01,23.366666666666667,0.6,199803080IND-IND,199803080IND-BOS,IND-1998,1,1998,14.02,60.6585,davisan01-1998
roseja01,20.816666666666666,-3.1,199803080IND-IND,199803080IND-BOS,IND-1998,1,1998,-64.53166666666667,60.6585,roseja01-1998
mckeyde01,19.433333333333334,8.2,199803080IND-IND,199803080IND-BOS,IND-1998,1,1998,159.35333333333332,60.6585,mckeyde01-1998
besttr01,11.283333333333333,-4.5,199803080IND-IND,199803080IND-BOS,IND-1998,1,1998,-50.775,60.6585,besttr01-1998
hoibefr01,10.433333333333334,-2.1,199803080IND-IND,199803080IND-BOS,IND-1998,1,1998,-21.91,60.6585,hoibefr01-1998
hillgr01,30.916666666666668,6.4,199803110DET-DET,199803110DET-IND,DET-1998,1,1998,197.86666666666667,64.11041666666667,hillgr01-1998
dumarjo01,29.066666666666666,3.3,199803110DET-DET,199803110DET-IND,DET-1998,1,1998,95.91999999999999,64.11041666666667,dumarjo01-1998
stackje01,25,7.1,199803110DET-DET,199803110DET-IND,DET-1998,1,1998,177.5,64.11041666666667,stackje01-1998
hunteli01,22.65,-1.8,199803110DET-DET,199803110DET-IND,DET-1998,1,1998,-40.769999999999996,64.11041666666667,hunteli01-1998
delebi01,22.316666666666666,7,199803110DET-DET,199803110DET-IND,DET-1998,1,1998,156.21666666666667,64.11041666666667,delebi01-1998
sealyma01,21.9,-0.4,199803110DET-DET,199803110DET-IND,DET-1998,1,1998,-8.76,64.11041666666667,sealyma01-1998
reiddo01,21.15,0.2,199803110DET-DET,199803110DET-IND,DET-1998,1,1998,4.2299999999999995,64.11041666666667,reiddo01-1998
willije01,20.916666666666668,7.2,199803110DET-DET,199803110DET-IND,DET-1998,1,1998,150.60000000000002,64.11041666666667,willije01-1998
mahorri01,18.45,-2.8,199803110DET-DET,199803110DET-IND,DET-1998,1,1998,-51.66,64.11041666666667,mahorri01-1998
pollasc01,13.166666666666666,3.6,199803110DET-DET,199803110DET-IND,DET-1998,1,1998,47.4,64.11041666666667,pollasc01-1998
obannch01,9.55,5.3,199803110DET-DET,199803110DET-IND,DET-1998,1,1998,50.615,64.11041666666667,obannch01-1998
hensost01,4.916666666666667,-2,199803110DET-DET,199803110DET-IND,DET-1998,1,1998,-9.833333333333334,64.11041666666667,hensost01-1998
davisda01,33.46666666666667,1.5,199803130IND-IND,199803130IND-MIL,IND-1998,1,1998,50.2,80.44,davisda01-1998
smitsri01,32.3,10.4,199803130IND-IND,199803130IND-MIL,IND-1998,1,1998,335.91999999999996,80.44,smitsri01-1998
jacksma01,31.116666666666667,6.1,199803130IND-IND,199803130IND-MIL,IND-1998,1,1998,189.81166666666667,80.44,jacksma01-1998
millere01,28.166666666666668,5.3,199803130IND-IND,199803130IND-MIL,IND-1998,1,1998,149.28333333333333,80.44,millere01-1998
mullich01,25.516666666666666,-0.4,199803130IND-IND,199803130IND-MIL,IND-1998,1,1998,-10.206666666666667,80.44,mullich01-1998
davisan01,24.55,1,199803130IND-IND,199803130IND-MIL,IND-1998,1,1998,24.55,80.44,davisan01-1998
roseja01,24.35,4.2,199803130IND-IND,199803130IND-MIL,IND-1998,1,1998,102.27000000000001,80.44,roseja01-1998
mckeyde01,17.816666666666666,-0.6,199803130IND-IND,199803130IND-MIL,IND-1998,1,1998,-10.69,80.44,mckeyde01-1998
besttr01,16.883333333333333,-1.1,199803130IND-IND,199803130IND-MIL,IND-1998,1,1998,-18.57166666666667,80.44,besttr01-1998
croshau01,5.833333333333333,-1.4,199803130IND-IND,199803130IND-MIL,IND-1998,1,1998,-8.166666666666666,80.44,croshau01-1998
houstal01,43.7,13.3,199803150NYK-NYK,199803150NYK-IND,NYK-1998,0,1998,581.21,83.60270833333334,houstal01-1998
oaklech01,38.666666666666664,0.6,199803150NYK-NYK,199803150NYK-IND,NYK-1998,0,1998,23.2,83.60270833333334,oaklech01-1998
johnsla02,36.5,-0.2,199803150NYK-NYK,199803150NYK-IND,NYK-1998,0,1998,-7.300000000000001,83.60270833333334,johnsla02-1998
wardch01,35.68333333333333,-0.9,199803150NYK-NYK,199803150NYK-IND,NYK-1998,0,1998,-32.114999999999995,83.60270833333334,wardch01-1998
starkjo01,32.6,4.9,199803150NYK-NYK,199803150NYK-IND,NYK-1998,0,1998,159.74,83.60270833333334,starkjo01-1998
bowiean01,23.7,-3.1,199803150NYK-NYK,199803150NYK-IND,NYK-1998,0,1998,-73.47,83.60270833333334,bowiean01-1998
cummite01,20.833333333333332,2.2,199803150NYK-NYK,199803150NYK-IND,NYK-1998,0,1998,45.833333333333336,83.60270833333334,cummite01-1998
millsch01,8.316666666666666,-3.4,199803150NYK-NYK,199803150NYK-IND,NYK-1998,0,1998,-28.276666666666664,83.60270833333334,millsch01-1998
millere01,37.416666666666664,0.2,199803170IND-IND,199803170IND-CHI,IND-1998,0,1998,7.483333333333333,37.42016666666666,millere01-1998
smitsri01,36.8,1.8,199803170IND-IND,199803170IND-CHI,IND-1998,0,1998,66.24,37.42016666666666,smitsri01-1998
jacksma01,35.9,-5.5,199803170IND-IND,199803170IND-CHI,IND-1998,0,1998,-197.45,37.42016666666666,jacksma01-1998
davisan01,30.383333333333333,5,199803170IND-IND,199803170IND-CHI,IND-1998,0,1998,151.91666666666666,37.42016666666666,davisan01-1998
mckeyde01,26.666666666666668,0.6,199803170IND-IND,199803170IND-CHI,IND-1998,0,1998,16,37.42016666666666,mckeyde01-1998
mullich01,25.383333333333333,10.2,199803170IND-IND,199803170IND-CHI,IND-1998,0,1998,258.90999999999997,37.42016666666666,mullich01-1998
davisda01,17.616666666666667,1.1,199803170IND-IND,199803170IND-CHI,IND-1998,0,1998,19.378333333333334,37.42016666666666,davisda01-1998
besttr01,12.1,3.1,199803170IND-IND,199803170IND-CHI,IND-1998,0,1998,37.51,37.42016666666666,besttr01-1998
roseja01,11.833333333333334,1.6,199803170IND-IND,199803170IND-CHI,IND-1998,0,1998,18.933333333333334,37.42016666666666,roseja01-1998
hoibefr01,5.9,-0.8,199803170IND-IND,199803170IND-CHI,IND-1998,0,1998,-4.720000000000001,37.42016666666666,hoibefr01-1998
webbech01,44.88333333333333,-1.5,199803190WAS-WAS,199803190WAS-IND,WAS-1998,0,1998,-67.325,51.72766666666665,webbech01-1998
stricro02,44.05,14.1,199803190WAS-WAS,199803190WAS-IND,WAS-1998,0,1998,621.1049999999999,51.72766666666665,stricro02-1998
cheanca01,32.81666666666667,-6,199803190WAS-WAS,199803190WAS-IND,WAS-1998,0,1998,-196.90000000000003,51.72766666666665,cheanca01-1998
howarju01,29.733333333333334,1.7,199803190WAS-WAS,199803190WAS-IND,WAS-1998,0,1998,50.54666666666667,51.72766666666665,howarju01-1998
murratr01,24.8,1.7,199803190WAS-WAS,199803190WAS-IND,WAS-1998,0,1998,42.16,51.72766666666665,murratr01-1998
wallabe01,20.383333333333333,1.7,199803190WAS-WAS,199803190WAS-IND,WAS-1998,0,1998,34.651666666666664,51.72766666666665,wallabe01-1998
grantha01,13.966666666666667,3.7,199803190WAS-WAS,199803190WAS-IND,WAS-1998,0,1998,51.67666666666667,51.72766666666665,grantha01-1998
daviste01,10.516666666666667,-0.7,199803190WAS-WAS,199803190WAS-IND,WAS-1998,0,1998,-7.361666666666666,51.72766666666665,daviste01-1998
eacklle01,10.266666666666667,-1.6,199803190WAS-WAS,199803190WAS-IND,WAS-1998,0,1998,-16.42666666666667,51.72766666666665,eacklle01-1998
whitnch01,8.583333333333334,0.6,199803190WAS-WAS,199803190WAS-IND,WAS-1998,0,1998,5.15,51.72766666666665,whitnch01-1998
jacksma01,37.266666666666666,4.4,199803200IND-IND,199803200IND-NJN,IND-1998,1,1998,163.97333333333333,69.52909090909091,jacksma01-1998
millere01,37.21666666666667,8.6,199803200IND-IND,199803200IND-NJN,IND-1998,1,1998,320.06333333333333,69.52909090909091,millere01-1998
davisan01,30.466666666666665,1.8,199803200IND-IND,199803200IND-NJN,IND-1998,1,1998,54.839999999999996,69.52909090909091,davisan01-1998
mullich01,30.283333333333335,9.6,199803200IND-IND,199803200IND-NJN,IND-1998,1,1998,290.72,69.52909090909091,mullich01-1998
smitsri01,26.866666666666667,-1.7,199803200IND-IND,199803200IND-NJN,IND-1998,1,1998,-45.67333333333333,69.52909090909091,smitsri01-1998
davisda01,24.666666666666668,2,199803200IND-IND,199803200IND-NJN,IND-1998,1,1998,49.333333333333336,69.52909090909091,davisda01-1998
mckeyde01,20.4,-1,199803200IND-IND,199803200IND-NJN,IND-1998,1,1998,-20.4,69.52909090909091,mckeyde01-1998
roseja01,13.283333333333333,-2.6,199803200IND-IND,199803200IND-NJN,IND-1998,1,1998,-34.53666666666667,69.52909090909091,roseja01-1998
besttr01,10.733333333333333,-1.9,199803200IND-IND,199803200IND-NJN,IND-1998,1,1998,-20.39333333333333,69.52909090909091,besttr01-1998
hoibefr01,8.616666666666667,0.8,199803200IND-IND,199803200IND-NJN,IND-1998,1,1998,6.893333333333334,69.52909090909091,hoibefr01-1998
popema01,0.2,0,199803200IND-IND,199803200IND-NJN,IND-1998,1,1998,0,69.52909090909091,popema01-1998
currymi01,47.35,10.8,199803220MIL-MIL,199803220MIL-IND,MIL-1998,0,1998,511.38000000000005,59.12783333333333,currymi01-1998
allenra02,46.63333333333333,-2.7,199803220MIL-MIL,199803220MIL-IND,MIL-1998,0,1998,-125.91000000000001,59.12783333333333,allenra02-1998
gilliar01,44.7,-1.8,199803220MIL-MIL,199803220MIL-IND,MIL-1998,0,1998,-80.46000000000001,59.12783333333333,gilliar01-1998
johnser02,42.18333333333333,6.4,199803220MIL-MIL,199803220MIL-IND,MIL-1998,0,1998,269.9733333333333,59.12783333333333,johnser02-1998
perryel01,35.5,2.8,199803220MIL-MIL,199803220MIL-IND,MIL-1998,0,1998,99.39999999999999,59.12783333333333,perryel01-1998
honeyje01,19.916666666666668,-3.7,199803220MIL-MIL,199803220MIL-IND,MIL-1998,0,1998,-73.69166666666668,59.12783333333333,honeyje01-1998
piercri01,12.366666666666667,-0.3,199803220MIL-MIL,199803220MIL-IND,MIL-1998,0,1998,-3.71,59.12783333333333,piercri01-1998
greenli01,6.866666666666667,-1.3,199803220MIL-MIL,199803220MIL-IND,MIL-1998,0,1998,-8.926666666666668,59.12783333333333,greenli01-1998
feickja01,5.7,0.3,199803220MIL-MIL,199803220MIL-IND,MIL-1998,0,1998,1.71,59.12783333333333,feickja01-1998
langan01,3.783333333333333,0.4,199803220MIL-MIL,199803220MIL-IND,MIL-1998,0,1998,1.5133333333333334,59.12783333333333,langan01-1998
millere01,36.71666666666667,8.4,199803250IND-IND,199803250IND-HOU,IND-1998,0,1998,308.42,30.977,millere01-1998
jacksma01,33,-0.3,199803250IND-IND,199803250IND-HOU,IND-1998,0,1998,-9.9,30.977,jacksma01-1998
davisda01,32.21666666666667,-1.4,199803250IND-IND,199803250IND-HOU,IND-1998,0,1998,-45.10333333333333,30.977,davisda01-1998
mullich01,29.116666666666667,2.4,199803250IND-IND,199803250IND-HOU,IND-1998,0,1998,69.88,30.977,mullich01-1998
smitsri01,24.533333333333335,-0.6,199803250IND-IND,199803250IND-HOU,IND-1998,0,1998,-14.72,30.977,smitsri01-1998
davisan01,23.466666666666665,0.9,199803250IND-IND,199803250IND-HOU,IND-1998,0,1998,21.119999999999997,30.977,davisan01-1998
roseja01,17.5,-3.4,199803250IND-IND,199803250IND-HOU,IND-1998,0,1998,-59.5,30.977,roseja01-1998
mckeyde01,17.166666666666668,1.3,199803250IND-IND,199803250IND-HOU,IND-1998,0,1998,22.31666666666667,30.977,mckeyde01-1998
besttr01,15,1,199803250IND-IND,199803250IND-HOU,IND-1998,0,1998,15,30.977,besttr01-1998
hoibefr01,11.283333333333333,0.2,199803250IND-IND,199803250IND-HOU,IND-1998,0,1998,2.256666666666667,30.977,hoibefr01-1998
davisda01,28.033333333333335,1.6,199803270IND-IND,199803270IND-CHH,IND-1998,1,1998,44.85333333333334,61.27291666666667,davisda01-1998
hoibefr01,27.916666666666668,-3.2,199803270IND-IND,199803270IND-CHH,IND-1998,1,1998,-89.33333333333334,61.27291666666667,hoibefr01-1998
besttr01,24.45,-0.2,199803270IND-IND,199803270IND-CHH,IND-1998,1,1998,-4.890000000000001,61.27291666666667,besttr01-1998
smitsri01,24.316666666666666,5.5,199803270IND-IND,199803270IND-CHH,IND-1998,1,1998,133.74166666666667,61.27291666666667,smitsri01-1998
jacksma01,23.55,2.3,199803270IND-IND,199803270IND-CHH,IND-1998,1,1998,54.165,61.27291666666667,jacksma01-1998
roseja01,23.083333333333332,5.4,199803270IND-IND,199803270IND-CHH,IND-1998,1,1998,124.65,61.27291666666667,roseja01-1998
mullich01,20.366666666666667,5,199803270IND-IND,199803270IND-CHH,IND-1998,1,1998,101.83333333333334,61.27291666666667,mullich01-1998
millere01,20.083333333333332,10.3,199803270IND-IND,199803270IND-CHH,IND-1998,1,1998,206.85833333333335,61.27291666666667,millere01-1998
mckeyde01,18.8,1.7,199803270IND-IND,199803270IND-CHH,IND-1998,1,1998,31.96,61.27291666666667,mckeyde01-1998
davisan01,18.3,6.5,199803270IND-IND,199803270IND-CHH,IND-1998,1,1998,118.95,61.27291666666667,davisan01-1998
popema01,5.716666666666667,-1.3,199803270IND-IND,199803270IND-CHH,IND-1998,1,1998,-7.431666666666667,61.27291666666667,popema01-1998
croshau01,5.383333333333334,3.7,199803270IND-IND,199803270IND-CHH,IND-1998,1,1998,19.918333333333337,61.27291666666667,croshau01-1998
davisan01,39.083333333333336,3.8,199803290IND-IND,199803290IND-SAS,IND-1998,0,1998,148.51666666666668,20.794629629629632,davisan01-1998
mullich01,38.63333333333333,5.4,199803290IND-IND,199803290IND-SAS,IND-1998,0,1998,208.62,20.794629629629632,mullich01-1998
jacksma01,33.2,3.9,199803290IND-IND,199803290IND-SAS,IND-1998,0,1998,129.48000000000002,20.794629629629632,jacksma01-1998
mckeyde01,32.11666666666667,-4.4,199803290IND-IND,199803290IND-SAS,IND-1998,0,1998,-141.31333333333336,20.794629629629632,mckeyde01-1998
davisda01,29.683333333333334,-2.9,199803290IND-IND,199803290IND-SAS,IND-1998,0,1998,-86.08166666666666,20.794629629629632,davisda01-1998
roseja01,22.95,0.4,199803290IND-IND,199803290IND-SAS,IND-1998,0,1998,9.18,20.794629629629632,roseja01-1998
hoibefr01,20.166666666666668,-3,199803290IND-IND,199803290IND-SAS,IND-1998,0,1998,-60.5,20.794629629629632,hoibefr01-1998
besttr01,14.8,0.5,199803290IND-IND,199803290IND-SAS,IND-1998,0,1998,7.4,20.794629629629632,besttr01-1998
croshau01,9.383333333333333,-3,199803290IND-IND,199803290IND-SAS,IND-1998,0,1998,-28.15,20.794629629629632,croshau01-1998
davisan01,33.28333333333333,3.3,199803310IND-IND,199803310IND-LAC,IND-1998,1,1998,109.835,49.494696969696975,davisan01-1998
millere01,27.283333333333335,8.3,199803310IND-IND,199803310IND-LAC,IND-1998,1,1998,226.4516666666667,49.494696969696975,millere01-1998
croshau01,26.333333333333332,-4.1,199803310IND-IND,199803310IND-LAC,IND-1998,1,1998,-107.96666666666665,49.494696969696975,croshau01-1998
jacksma01,26.266666666666666,6,199803310IND-IND,199803310IND-LAC,IND-1998,1,1998,157.6,49.494696969696975,jacksma01-1998
davisda01,22.75,1.3,199803310IND-IND,199803310IND-LAC,IND-1998,1,1998,29.575,49.494696969696975,davisda01-1998
popema01,22.216666666666665,-2.8,199803310IND-IND,199803310IND-LAC,IND-1998,1,1998,-62.206666666666656,49.494696969696975,popema01-1998
besttr01,21.733333333333334,-4.4,199803310IND-IND,199803310IND-LAC,IND-1998,1,1998,-95.62666666666668,49.494696969696975,besttr01-1998
mullich01,21.483333333333334,14.9,199803310IND-IND,199803310IND-LAC,IND-1998,1,1998,320.1016666666667,49.494696969696975,mullich01-1998
roseja01,20.9,-0.9,199803310IND-IND,199803310IND-LAC,IND-1998,1,1998,-18.81,49.494696969696975,roseja01-1998
mckeyde01,11.933333333333334,0.1,199803310IND-IND,199803310IND-LAC,IND-1998,1,1998,1.1933333333333334,49.494696969696975,mckeyde01-1998
hoibefr01,5.816666666666666,-2.7,199803310IND-IND,199803310IND-LAC,IND-1998,1,1998,-15.705,49.494696969696975,hoibefr01-1998
jacksma01,35.46666666666667,-2.1,199804020IND-IND,199804020IND-MIN,IND-1998,1,1998,-74.48,65.88203703703704,jacksma01-1998
millere01,33.63333333333333,7.8,199804020IND-IND,199804020IND-MIN,IND-1998,1,1998,262.34,65.88203703703704,millere01-1998
davisan01,32.75,-0.2,199804020IND-IND,199804020IND-MIN,IND-1998,1,1998,-6.550000000000001,65.88203703703704,davisan01-1998
mckeyde01,32.46666666666667,4.7,199804020IND-IND,199804020IND-MIN,IND-1998,1,1998,152.59333333333336,65.88203703703704,mckeyde01-1998
davisda01,30.783333333333335,2.5,199804020IND-IND,199804020IND-MIN,IND-1998,1,1998,76.95833333333334,65.88203703703704,davisda01-1998
mullich01,30.466666666666665,8.4,199804020IND-IND,199804020IND-MIN,IND-1998,1,1998,255.92,65.88203703703704,mullich01-1998
croshau01,17.533333333333335,-2.7,199804020IND-IND,199804020IND-MIN,IND-1998,1,1998,-47.34000000000001,65.88203703703704,croshau01-1998
roseja01,14.366666666666667,-0.1,199804020IND-IND,199804020IND-MIN,IND-1998,1,1998,-1.4366666666666668,65.88203703703704,roseja01-1998
besttr01,12.533333333333333,-2,199804020IND-IND,199804020IND-MIN,IND-1998,1,1998,-25.066666666666666,65.88203703703704,besttr01-1998
ricegl01,46.21666666666667,-3.5,199804030CHH-CHH,199804030CHH-IND,CHH-1998,1,1998,-161.75833333333333,81.00685185185186,ricegl01-1998
masonan01,44.7,4,199804030CHH-CHH,199804030CHH-IND,CHH-1998,1,1998,178.8,81.00685185185186,masonan01-1998
wesleda01,39.25,5.9,199804030CHH-CHH,199804030CHH-IND,CHH-1998,1,1998,231.57500000000002,81.00685185185186,wesleda01-1998
phillbo01,32.96666666666667,1.7,199804030CHH-CHH,199804030CHH-IND,CHH-1998,1,1998,56.04333333333334,81.00685185185186,phillbo01-1998
divacvl01,26.783333333333335,9.9,199804030CHH-CHH,199804030CHH-IND,CHH-1998,1,1998,265.15500000000003,81.00685185185186,divacvl01-1998
geigema01,26.3,7.5,199804030CHH-CHH,199804030CHH-IND,CHH-1998,1,1998,197.25,81.00685185185186,geigema01-1998
curryde01,15.033333333333333,-2.2,199804030CHH-CHH,199804030CHH-IND,CHH-1998,1,1998,-33.07333333333334,81.00685185185186,curryde01-1998
armstbj01,5.966666666666667,0.2,199804030CHH-CHH,199804030CHH-IND,CHH-1998,1,1998,1.1933333333333334,81.00685185185186,armstbj01-1998
maxweve01,2.783333333333333,-2.2,199804030CHH-CHH,199804030CHH-IND,CHH-1998,1,1998,-6.123333333333334,81.00685185185186,maxweve01-1998
millere01,36,3.5,199804050IND-IND,199804050IND-MIL,IND-1998,1,1998,126,45.45611111111111,millere01-1998
davisda01,31.883333333333333,1.2,199804050IND-IND,199804050IND-MIL,IND-1998,1,1998,38.26,45.45611111111111,davisda01-1998
davisan01,31.383333333333333,6.7,199804050IND-IND,199804050IND-MIL,IND-1998,1,1998,210.26833333333335,45.45611111111111,davisan01-1998
mckeyde01,30.766666666666666,4,199804050IND-IND,199804050IND-MIL,IND-1998,1,1998,123.06666666666666,45.45611111111111,mckeyde01-1998
jacksma01,29.966666666666665,-8.2,199804050IND-IND,199804050IND-MIL,IND-1998,1,1998,-245.72666666666663,45.45611111111111,jacksma01-1998
mullich01,25.333333333333332,5.7,199804050IND-IND,199804050IND-MIL,IND-1998,1,1998,144.4,45.45611111111111,mullich01-1998
roseja01,22.666666666666668,-1.4,199804050IND-IND,199804050IND-MIL,IND-1998,1,1998,-31.733333333333334,45.45611111111111,roseja01-1998
besttr01,18.033333333333335,1,199804050IND-IND,199804050IND-MIL,IND-1998,1,1998,18.033333333333335,45.45611111111111,besttr01-1998
croshau01,13.966666666666667,1.9,199804050IND-IND,199804050IND-MIL,IND-1998,1,1998,26.536666666666665,45.45611111111111,croshau01-1998
davisan01,42.85,8.5,199804070IND-IND,199804070IND-CLE,IND-1998,1,1998,364.225,62.54266666666667,davisan01-1998
millere01,37.05,5,199804070IND-IND,199804070IND-CLE,IND-1998,1,1998,185.25,62.54266666666667,millere01-1998
mullich01,29.916666666666668,6.8,199804070IND-IND,199804070IND-CLE,IND-1998,1,1998,203.43333333333334,62.54266666666667,mullich01-1998
jacksma01,29.35,-4.2,199804070IND-IND,199804070IND-CLE,IND-1998,1,1998,-123.27000000000001,62.54266666666667,jacksma01-1998
davisda01,26.983333333333334,-2.3,199804070IND-IND,199804070IND-CLE,IND-1998,1,1998,-62.06166666666667,62.54266666666667,davisda01-1998
mckeyde01,21.75,0.1,199804070IND-IND,199804070IND-CLE,IND-1998,1,1998,2.1750000000000003,62.54266666666667,mckeyde01-1998
besttr01,18.65,4.2,199804070IND-IND,199804070IND-CLE,IND-1998,1,1998,78.33,62.54266666666667,besttr01-1998
roseja01,18.583333333333332,-1.1,199804070IND-IND,199804070IND-CLE,IND-1998,1,1998,-20.441666666666666,62.54266666666667,roseja01-1998
croshau01,9.35,0,199804070IND-IND,199804070IND-CLE,IND-1998,1,1998,0,62.54266666666667,croshau01-1998
popema01,5.533333333333333,-0.4,199804070IND-IND,199804070IND-CLE,IND-1998,1,1998,-2.2133333333333334,62.54266666666667,popema01-1998
blaylmo01,44.916666666666664,4.7,199804090ATL-ATL,199804090ATL-IND,ATL-1998,0,1998,211.10833333333332,54.76833333333333,blaylmo01-1998
hendeal01,42.21666666666667,-3.6,199804090ATL-ATL,199804090ATL-IND,ATL-1998,0,1998,-151.98000000000002,54.76833333333333,hendeal01-1998
mutomdi01,41.45,9.6,199804090ATL-ATL,199804090ATL-IND,ATL-1998,0,1998,397.92,54.76833333333333,mutomdi01-1998
smithst01,38.81666666666667,-6.9,199804090ATL-ATL,199804090ATL-IND,ATL-1998,0,1998,-267.83500000000004,54.76833333333333,smithst01-1998
corbity01,31.033333333333335,-1.5,199804090ATL-ATL,199804090ATL-IND,ATL-1998,0,1998,-46.550000000000004,54.76833333333333,corbity01-1998
recasel01,24.7,9.3,199804090ATL-ATL,199804090ATL-IND,ATL-1998,0,1998,229.71,54.76833333333333,recasel01-1998
laettch01,22.216666666666665,-1.2,199804090ATL-ATL,199804090ATL-IND,ATL-1998,0,1998,-26.659999999999997,54.76833333333333,laettch01-1998
brownch01,19.666666666666668,4.7,199804090ATL-ATL,199804090ATL-IND,ATL-1998,0,1998,92.43333333333334,54.76833333333333,brownch01-1998
mercero01,41.63333333333333,2.6,199804120BOS-BOS,199804120BOS-IND,BOS-1998,0,1998,108.24666666666667,34.031166666666664,mercero01-1998
barroda01,36.516666666666666,5.6,199804120BOS-BOS,199804120BOS-IND,BOS-1998,0,1998,204.4933333333333,34.031166666666664,barroda01-1998
walkean02,34.96666666666667,-9.2,199804120BOS-BOS,199804120BOS-IND,BOS-1998,0,1998,-321.6933333333333,34.031166666666664,walkean02-1998
mccarwa01,33.15,5,199804120BOS-BOS,199804120BOS-IND,BOS-1998,0,1998,165.75,34.031166666666664,mccarwa01-1998
minorgr01,30,5.2,199804120BOS-BOS,199804120BOS-IND,BOS-1998,0,1998,156,34.031166666666664,minorgr01-1998
tabakza01,25.083333333333332,2.7,199804120BOS-BOS,199804120BOS-IND,BOS-1998,0,1998,67.725,34.031166666666664,tabakza01-1998
declean01,14.083333333333334,-2,199804120BOS-BOS,199804120BOS-IND,BOS-1998,0,1998,-28.166666666666668,34.031166666666664,declean01-1998
knightr01,12.483333333333333,-0.5,199804120BOS-BOS,199804120BOS-IND,BOS-1998,0,1998,-6.241666666666666,34.031166666666664,knightr01-1998
edneyty01,11.483333333333333,-0.5,199804120BOS-BOS,199804120BOS-IND,BOS-1998,0,1998,-5.741666666666666,34.031166666666664,edneyty01-1998
hansore01,0.6,-0.1,199804120BOS-BOS,199804120BOS-IND,BOS-1998,0,1998,-0.06,34.031166666666664,hansore01-1998
pippesc01,43.166666666666664,6.4,199804130CHI-CHI,199804130CHI-IND,CHI-1998,0,1998,276.26666666666665,46.015,pippesc01-1998
rodmade01,42.81666666666667,2.7,199804130CHI-CHI,199804130CHI-IND,CHI-1998,0,1998,115.60500000000002,46.015,rodmade01-1998
jordami01,41.31666666666667,2.2,199804130CHI-CHI,199804130CHI-IND,CHI-1998,0,1998,90.89666666666668,46.015,jordami01-1998
wennibi01,24.333333333333332,-5.9,199804130CHI-CHI,199804130CHI-IND,CHI-1998,0,1998,-143.56666666666666,46.015,wennibi01-1998
harpero01,22.633333333333333,0.7,199804130CHI-CHI,199804130CHI-IND,CHI-1998,0,1998,15.843333333333332,46.015,harpero01-1998
kerrst01,20.866666666666667,5.1,199804130CHI-CHI,199804130CHI-IND,CHI-1998,0,1998,106.42,46.015,kerrst01-1998
simpkdi01,20.316666666666666,6.1,199804130CHI-CHI,199804130CHI-IND,CHI-1998,0,1998,123.93166666666666,46.015,simpkdi01-1998
burresc01,9.133333333333333,-3.3,199804130CHI-CHI,199804130CHI-IND,CHI-1998,0,1998,-30.139999999999997,46.015,burresc01-1998
buechju01,7.4,1.5,199804130CHI-CHI,199804130CHI-IND,CHI-1998,0,1998,11.100000000000001,46.015,buechju01-1998
brownra02,5.366666666666666,-2.1,199804130CHI-CHI,199804130CHI-IND,CHI-1998,0,1998,-11.27,46.015,brownra02-1998
kleinjo01,2.2,-1.3,199804130CHI-CHI,199804130CHI-IND,CHI-1998,0,1998,-2.8600000000000003,46.015,kleinjo01-1998
boothke01,0.4666666666666667,-0.1,199804130CHI-CHI,199804130CHI-IND,CHI-1998,0,1998,-0.04666666666666667,46.015,boothke01-1998
millere01,40.86666666666667,11.1,199804150IND-IND,199804150IND-ATL,IND-1998,1,1998,453.62,103.69296296296297,millere01-1998
jacksma01,33.3,6.2,199804150IND-IND,199804150IND-ATL,IND-1998,1,1998,206.45999999999998,103.69296296296297,jacksma01-1998
davisan01,33.28333333333333,3.5,199804150IND-IND,199804150IND-ATL,IND-1998,1,1998,116.49166666666666,103.69296296296297,davisan01-1998
davisda01,26.2,2.3,199804150IND-IND,199804150IND-ATL,IND-1998,1,1998,60.25999999999999,103.69296296296297,davisda01-1998
mullich01,24,-7.3,199804150IND-IND,199804150IND-ATL,IND-1998,1,1998,-175.2,103.69296296296297,mullich01-1998
roseja01,24,10,199804150IND-IND,199804150IND-ATL,IND-1998,1,1998,240,103.69296296296297,roseja01-1998
mckeyde01,23.1,8.5,199804150IND-IND,199804150IND-ATL,IND-1998,1,1998,196.35000000000002,103.69296296296297,mckeyde01-1998
smitsri01,20.55,-6.3,199804150IND-IND,199804150IND-ATL,IND-1998,1,1998,-129.465,103.69296296296297,smitsri01-1998
besttr01,14.7,-2.4,199804150IND-IND,199804150IND-ATL,IND-1998,1,1998,-35.279999999999994,103.69296296296297,besttr01-1998
davisda01,32.46666666666667,8.6,199804170IND-IND,199804170IND-TOR,IND-1998,1,1998,279.2133333333333,41.94196969696969,davisda01-1998
davisan01,32.233333333333334,0.5,199804170IND-IND,199804170IND-TOR,IND-1998,1,1998,16.116666666666667,41.94196969696969,davisan01-1998
jacksma01,27.283333333333335,2.9,199804170IND-IND,199804170IND-TOR,IND-1998,1,1998,79.12166666666667,41.94196969696969,jacksma01-1998
mckeyde01,26.616666666666667,2.8,199804170IND-IND,199804170IND-TOR,IND-1998,1,1998,74.52666666666666,41.94196969696969,mckeyde01-1998
roseja01,26.366666666666667,5.8,199804170IND-IND,199804170IND-TOR,IND-1998,1,1998,152.92666666666668,41.94196969696969,roseja01-1998
mullich01,24.966666666666665,-1.2,199804170IND-IND,199804170IND-TOR,IND-1998,1,1998,-29.959999999999997,41.94196969696969,mullich01-1998
millere01,23.566666666666666,-1.4,199804170IND-IND,199804170IND-TOR,IND-1998,1,1998,-32.99333333333333,41.94196969696969,millere01-1998
smitsri01,23.483333333333334,-4,199804170IND-IND,199804170IND-TOR,IND-1998,1,1998,-93.93333333333334,41.94196969696969,smitsri01-1998
besttr01,20.716666666666665,0.8,199804170IND-IND,199804170IND-TOR,IND-1998,1,1998,16.573333333333334,41.94196969696969,besttr01-1998
hoibefr01,1.15,-0.1,199804170IND-IND,199804170IND-TOR,IND-1998,1,1998,-0.11499999999999999,41.94196969696969,hoibefr01-1998
popema01,1.15,-0.1,199804170IND-IND,199804170IND-TOR,IND-1998,1,1998,-0.11499999999999999,41.94196969696969,popema01-1998
hendece02,36.5,-2.6,199804180CLE-CLE,199804180CLE-IND,CLE-1998,1,1998,-94.9,35.585,hendece02-1998
kempsh01,34.666666666666664,3.3,199804180CLE-CLE,199804180CLE-IND,CLE-1998,1,1998,114.39999999999999,35.585,kempsh01-1998
knighbr01,33.11666666666667,1.8,199804180CLE-CLE,199804180CLE-IND,CLE-1998,1,1998,59.61,35.585,knighbr01-1998
ilgauzy01,30.65,4,199804180CLE-CLE,199804180CLE-IND,CLE-1998,1,1998,122.6,35.585,ilgauzy01-1998
persowe01,29.233333333333334,2.5,199804180CLE-CLE,199804180CLE-IND,CLE-1998,1,1998,73.08333333333334,35.585,persowe01-1998
surabo01,19.066666666666666,0.7,199804180CLE-CLE,199804180CLE-IND,CLE-1998,1,1998,13.346666666666666,35.585,surabo01-1998
potapvi01,18.55,-0.3,199804180CLE-CLE,199804180CLE-IND,CLE-1998,1,1998,-5.565,35.585,potapvi01-1998
anderde01,18.45,2,199804180CLE-CLE,199804180CLE-IND,CLE-1998,1,1998,36.9,35.585,anderde01-1998
ferryda01,12.133333333333333,1.8,199804180CLE-CLE,199804180CLE-IND,CLE-1998,1,1998,21.84,35.585,ferryda01-1998
brooksc01,7.65,1.9,199804180CLE-CLE,199804180CLE-IND,CLE-1998,1,1998,14.535,35.585,brooksc01-1998
millere01,36.28333333333333,8.6,199710310NJN-IND,199710310NJN-NJN,IND-1998,0,1998,312.03666666666663,49.91566666666666,millere01-1998
davisda01,36.21666666666667,5.3,199710310NJN-IND,199710310NJN-NJN,IND-1998,0,1998,191.94833333333332,49.91566666666666,davisda01-1998
smitsri01,30.466666666666665,3.7,199710310NJN-IND,199710310NJN-NJN,IND-1998,0,1998,112.72666666666666,49.91566666666666,smitsri01-1998
mullich01,26.283333333333335,-8.4,199710310NJN-IND,199710310NJN-NJN,IND-1998,0,1998,-220.78000000000003,49.91566666666666,mullich01-1998
jacksma01,24.466666666666665,3.9,199710310NJN-IND,199710310NJN-NJN,IND-1998,0,1998,95.41999999999999,49.91566666666666,jacksma01-1998
davisan01,23.866666666666667,-0.5,199710310NJN-IND,199710310NJN-NJN,IND-1998,0,1998,-11.933333333333334,49.91566666666666,davisan01-1998
besttr01,23.533333333333335,1.1,199710310NJN-IND,199710310NJN-NJN,IND-1998,0,1998,25.88666666666667,49.91566666666666,besttr01-1998
hoibefr01,21.316666666666666,0.8,199710310NJN-IND,199710310NJN-NJN,IND-1998,0,1998,17.053333333333335,49.91566666666666,hoibefr01-1998
roseja01,12.116666666666667,-1.6,199710310NJN-IND,199710310NJN-NJN,IND-1998,0,1998,-19.38666666666667,49.91566666666666,roseja01-1998
westma01,5.45,-0.7,199710310NJN-IND,199710310NJN-NJN,IND-1998,0,1998,-3.815,49.91566666666666,westma01-1998
sprewla01,40.233333333333334,6.2,199711010IND-GSW,199711010IND-IND,GSW-1998,0,1998,249.4466666666667,17.29848484848485,sprewla01-1998
smithjo02,37.2,3.5,199711010IND-GSW,199711010IND-IND,GSW-1998,0,1998,130.20000000000002,17.29848484848485,smithjo02-1998
colesbi01,32.81666666666667,1.2,199711010IND-GSW,199711010IND-IND,GSW-1998,0,1998,39.38,17.29848484848485,colesbi01-1998
marshdo01,29.716666666666665,-0.3,199711010IND-GSW,199711010IND-IND,GSW-1998,0,1998,-8.915,17.29848484848485,marshdo01-1998
dampier01,28.55,-6.1,199711010IND-GSW,199711010IND-IND,GSW-1998,0,1998,-174.155,17.29848484848485,dampier01-1998
spencfe01,17.566666666666666,-2,199711010IND-GSW,199711010IND-IND,GSW-1998,0,1998,-35.13333333333333,17.29848484848485,spencfe01-1998
ferredu01,15.7,0.5,199711010IND-GSW,199711010IND-IND,GSW-1998,0,1998,7.85,17.29848484848485,ferredu01-1998
armstbj01,15.183333333333334,-0.5,199711010IND-GSW,199711010IND-IND,GSW-1998,0,1998,-7.591666666666667,17.29848484848485,armstbj01-1998
foylead01,10.683333333333334,-0.9,199711010IND-GSW,199711010IND-IND,GSW-1998,0,1998,-9.615,17.29848484848485,foylead01-1998
thomaca01,7.766666666666667,1.5,199711010IND-GSW,199711010IND-IND,GSW-1998,0,1998,11.65,17.29848484848485,thomaca01-1998
simpkdi01,4.583333333333333,-2.8,199711010IND-GSW,199711010IND-IND,GSW-1998,0,1998,-12.833333333333332,17.29848484848485,simpkdi01-1998
millere01,38.13333333333333,0.6,199711040CLE-IND,199711040CLE-CLE,IND-1998,0,1998,22.88,33.28516666666667,millere01-1998
davisda01,37.25,1.5,199711040CLE-IND,199711040CLE-CLE,IND-1998,0,1998,55.875,33.28516666666667,davisda01-1998
davisan01,32.43333333333333,-0.7,199711040CLE-IND,199711040CLE-CLE,IND-1998,0,1998,-22.70333333333333,33.28516666666667,davisan01-1998
besttr01,26.8,0.5,199711040CLE-IND,199711040CLE-CLE,IND-1998,0,1998,13.4,33.28516666666667,besttr01-1998
mullich01,21.933333333333334,9,199711040CLE-IND,199711040CLE-CLE,IND-1998,0,1998,197.4,33.28516666666667,mullich01-1998
hoibefr01,20.9,-0.1,199711040CLE-IND,199711040CLE-CLE,IND-1998,0,1998,-2.09,33.28516666666667,hoibefr01-1998
roseja01,20.5,-0.6,199711040CLE-IND,199711040CLE-CLE,IND-1998,0,1998,-12.299999999999999,33.28516666666667,roseja01-1998
jacksma01,20.3,3.8,199711040CLE-IND,199711040CLE-CLE,IND-1998,0,1998,77.14,33.28516666666667,jacksma01-1998
smitsri01,17.083333333333332,0.6,199711040CLE-IND,199711040CLE-CLE,IND-1998,0,1998,10.249999999999998,33.28516666666667,smitsri01-1998
westma01,4.666666666666667,-1.5,199711040CLE-IND,199711040CLE-CLE,IND-1998,0,1998,-7,33.28516666666667,westma01-1998
davisda01,37.75,-1.5,199711050DET-IND,199711050DET-DET,IND-1998,1,1998,-56.625,56.59777777777778,davisda01-1998
hoibefr01,29.55,-0.3,199711050DET-IND,199711050DET-DET,IND-1998,1,1998,-8.865,56.59777777777778,hoibefr01-1998
davisan01,29.35,-2.2,199711050DET-IND,199711050DET-DET,IND-1998,1,1998,-64.57000000000001,56.59777777777778,davisan01-1998
smitsri01,28.9,9.6,199711050DET-IND,199711050DET-DET,IND-1998,1,1998,277.44,56.59777777777778,smitsri01-1998
besttr01,26.066666666666666,-1.5,199711050DET-IND,199711050DET-DET,IND-1998,1,1998,-39.1,56.59777777777778,besttr01-1998
mullich01,23.416666666666668,10.2,199711050DET-IND,199711050DET-DET,IND-1998,1,1998,238.85,56.59777777777778,mullich01-1998
jacksma01,21.933333333333334,2.8,199711050DET-IND,199711050DET-DET,IND-1998,1,1998,61.41333333333333,56.59777777777778,jacksma01-1998
roseja01,21.933333333333334,2,199711050DET-IND,199711050DET-DET,IND-1998,1,1998,43.86666666666667,56.59777777777778,roseja01-1998
millere01,21.1,2.7,199711050DET-IND,199711050DET-DET,IND-1998,1,1998,56.970000000000006,56.59777777777778,millere01-1998
paytoga01,44.03333333333333,12,199711070IND-SEA,199711070IND-IND,SEA-1998,1,1998,528.4,90.217,paytoga01-1998
bakervi01,38.583333333333336,1.5,199711070IND-SEA,199711070IND-IND,SEA-1998,1,1998,57.875,90.217,bakervi01-1998
schrede01,37.25,3.1,199711070IND-SEA,199711070IND-IND,SEA-1998,1,1998,115.47500000000001,90.217,schrede01-1998
hawkihe01,29.516666666666666,3.1,199711070IND-SEA,199711070IND-IND,SEA-1998,1,1998,91.50166666666667,90.217,hawkihe01-1998
ellisda01,23.266666666666666,8.6,199711070IND-SEA,199711070IND-IND,SEA-1998,1,1998,200.0933333333333,90.217,ellisda01-1998
williaa01,21.733333333333334,1.3,199711070IND-SEA,199711070IND-IND,SEA-1998,1,1998,28.253333333333334,90.217,williaa01-1998
kerseje01,20.833333333333332,-4.3,199711070IND-SEA,199711070IND-IND,SEA-1998,1,1998,-89.58333333333333,90.217,kerseje01-1998
anthogr01,12.533333333333333,2.2,199711070IND-SEA,199711070IND-IND,SEA-1998,1,1998,27.573333333333334,90.217,anthogr01-1998
mcilvji01,12.216666666666667,-4.7,199711070IND-SEA,199711070IND-IND,SEA-1998,1,1998,-57.41833333333334,90.217,mcilvji01-1998
wingada01,0.03333333333333333,0,199711070IND-SEA,199711070IND-IND,SEA-1998,1,1998,0,90.217,wingada01-1998
mullich01,36.05,-3.2,199711080CHH-IND,199711080CHH-CHH,IND-1998,0,1998,-115.36,26.999814814814815,mullich01-1998
millere01,35.56666666666667,-1.1,199711080CHH-IND,199711080CHH-CHH,IND-1998,0,1998,-39.12333333333334,26.999814814814815,millere01-1998
besttr01,31.333333333333332,2.9,199711080CHH-IND,199711080CHH-CHH,IND-1998,0,1998,90.86666666666666,26.999814814814815,besttr01-1998
davisan01,29.6,5,199711080CHH-IND,199711080CHH-CHH,IND-1998,0,1998,148,26.999814814814815,davisan01-1998
smitsri01,28.866666666666667,2.4,199711080CHH-IND,199711080CHH-CHH,IND-1998,0,1998,69.28,26.999814814814815,smitsri01-1998
davisda01,28.25,1.1,199711080CHH-IND,199711080CHH-CHH,IND-1998,0,1998,31.075000000000003,26.999814814814815,davisda01-1998
roseja01,21.366666666666667,0.5,199711080CHH-IND,199711080CHH-CHH,IND-1998,0,1998,10.683333333333334,26.999814814814815,roseja01-1998
jacksma01,16.666666666666668,1.6,199711080CHH-IND,199711080CHH-CHH,IND-1998,0,1998,26.66666666666667,26.999814814814815,jacksma01-1998
popema01,12.3,1.7,199711080CHH-IND,199711080CHH-CHH,IND-1998,0,1998,20.91,26.999814814814815,popema01-1998
smithst01,43.31666666666667,8.6,199711120IND-ATL,199711120IND-IND,ATL-1998,1,1998,372.52333333333337,114.47296296296297,smithst01-1998
blaylmo01,42.6,9.2,199711120IND-ATL,199711120IND-IND,ATL-1998,1,1998,391.91999999999996,114.47296296296297,blaylmo01-1998
mutomdi01,42.5,9.1,199711120IND-ATL,199711120IND-IND,ATL-1998,1,1998,386.75,114.47296296296297,mutomdi01-1998
laettch01,36,0.3,199711120IND-ATL,199711120IND-IND,ATL-1998,1,1998,10.799999999999999,114.47296296296297,laettch01-1998
corbity01,31.75,-2.1,199711120IND-ATL,199711120IND-IND,ATL-1998,1,1998,-66.675,114.47296296296297,corbity01-1998
hendeal01,17.45,0.8,199711120IND-ATL,199711120IND-IND,ATL-1998,1,1998,13.96,114.47296296296297,hendeal01-1998
brownch01,16.3,-4.3,199711120IND-ATL,199711120IND-IND,ATL-1998,1,1998,-70.09,114.47296296296297,brownch01-1998
livinra01,5.4,-0.7,199711120IND-ATL,199711120IND-IND,ATL-1998,1,1998,-3.78,114.47296296296297,livinra01-1998
grayed01,4.683333333333334,-1.1,199711120IND-ATL,199711120IND-IND,ATL-1998,1,1998,-5.151666666666667,114.47296296296297,grayed01-1998
hardati01,41.03333333333333,-3.7,199711140IND-MIA,199711140IND-IND,MIA-1998,0,1998,-151.82333333333332,50.196,hardati01-1998
brownpj01,39.93333333333333,12.2,199711140IND-MIA,199711140IND-IND,MIA-1998,0,1998,487.1866666666666,50.196,brownpj01-1998
austiis01,31.75,2.4,199711140IND-MIA,199711140IND-IND,MIA-1998,0,1998,76.2,50.196,austiis01-1998
mashbja01,31.066666666666666,4.7,199711140IND-MIA,199711140IND-IND,MIA-1998,0,1998,146.01333333333335,50.196,mashbja01-1998
lenarvo01,26.4,-3.4,199711140IND-MIA,199711140IND-IND,MIA-1998,0,1998,-89.75999999999999,50.196,lenarvo01-1998
murdoer01,18.45,0,199711140IND-MIA,199711140IND-IND,MIA-1998,0,1998,0,50.196,murdoer01-1998
askinke01,16.583333333333332,1.7,199711140IND-MIA,199711140IND-IND,MIA-1998,0,1998,28.191666666666663,50.196,askinke01-1998
millste01,15.466666666666667,-5.5,199711140IND-MIA,199711140IND-IND,MIA-1998,0,1998,-85.06666666666666,50.196,millste01-1998
stricma01,14.033333333333333,6.9,199711140IND-MIA,199711140IND-IND,MIA-1998,0,1998,96.83,50.196,stricma01-1998
dayto01,5.283333333333333,-1.1,199711140IND-MIA,199711140IND-IND,MIA-1998,0,1998,-5.811666666666667,50.196,dayto01-1998
jacksma01,27.516666666666666,6,199711150TOR-IND,199711150TOR-TOR,IND-1998,1,1998,165.1,58.961060606060606,jacksma01-1998
millere01,27.516666666666666,-2.5,199711150TOR-IND,199711150TOR-TOR,IND-1998,1,1998,-68.79166666666666,58.961060606060606,millere01-1998
mullich01,27.4,6.8,199711150TOR-IND,199711150TOR-TOR,IND-1998,1,1998,186.32,58.961060606060606,mullich01-1998
davisan01,24.383333333333333,-1.3,199711150TOR-IND,199711150TOR-TOR,IND-1998,1,1998,-31.698333333333334,58.961060606060606,davisan01-1998
smitsri01,24.083333333333332,9.6,199711150TOR-IND,199711150TOR-TOR,IND-1998,1,1998,231.2,58.961060606060606,smitsri01-1998
davisda01,22.516666666666666,-0.7,199711150TOR-IND,199711150TOR-TOR,IND-1998,1,1998,-15.761666666666665,58.961060606060606,davisda01-1998
roseja01,20.6,3.1,199711150TOR-IND,199711150TOR-TOR,IND-1998,1,1998,63.86000000000001,58.961060606060606,roseja01-1998
besttr01,20.483333333333334,1.4,199711150TOR-IND,199711150TOR-TOR,IND-1998,1,1998,28.676666666666666,58.961060606060606,besttr01-1998
hoibefr01,20.483333333333334,7.4,199711150TOR-IND,199711150TOR-TOR,IND-1998,1,1998,151.57666666666668,58.961060606060606,hoibefr01-1998
popema01,20.15,-3,199711150TOR-IND,199711150TOR-TOR,IND-1998,1,1998,-60.449999999999996,58.961060606060606,popema01-1998
westma01,4.866666666666667,-0.3,199711150TOR-IND,199711150TOR-TOR,IND-1998,1,1998,-1.4600000000000002,58.961060606060606,westma01-1998
davisan01,26.85,-0.2,199711200MIL-IND,199711200MIL-MIL,IND-1998,1,1998,-5.370000000000001,55.661944444444444,davisan01-1998
millere01,26.783333333333335,2.6,199711200MIL-IND,199711200MIL-MIL,IND-1998,1,1998,69.63666666666667,55.661944444444444,millere01-1998
roseja01,25.933333333333334,3.6,199711200MIL-IND,199711200MIL-MIL,IND-1998,1,1998,93.36,55.661944444444444,roseja01-1998
besttr01,25.883333333333333,5.6,199711200MIL-IND,199711200MIL-MIL,IND-1998,1,1998,144.94666666666666,55.661944444444444,besttr01-1998
davisda01,24.083333333333332,1.8,199711200MIL-IND,199711200MIL-MIL,IND-1998,1,1998,43.35,55.661944444444444,davisda01-1998
smitsri01,23.6,1.7,199711200MIL-IND,199711200MIL-MIL,IND-1998,1,1998,40.120000000000005,55.661944444444444,smitsri01-1998
jacksma01,22.116666666666667,5.1,199711200MIL-IND,199711200MIL-MIL,IND-1998,1,1998,112.79499999999999,55.661944444444444,jacksma01-1998
mullich01,22.066666666666666,5.3,199711200MIL-IND,199711200MIL-MIL,IND-1998,1,1998,116.95333333333333,55.661944444444444,mullich01-1998
hoibefr01,19.583333333333332,3.4,199711200MIL-IND,199711200MIL-MIL,IND-1998,1,1998,66.58333333333333,55.661944444444444,hoibefr01-1998
popema01,11.65,-1.2,199711200MIL-IND,199711200MIL-MIL,IND-1998,1,1998,-13.98,55.661944444444444,popema01-1998
croshau01,7.783333333333333,-0.2,199711200MIL-IND,199711200MIL-MIL,IND-1998,1,1998,-1.5566666666666666,55.661944444444444,croshau01-1998
westma01,3.6833333333333336,0.3,199711200MIL-IND,199711200MIL-MIL,IND-1998,1,1998,1.105,55.661944444444444,westma01-1998
masonan01,40.166666666666664,1.4,199711220IND-CHH,199711220IND-IND,CHH-1998,1,1998,56.23333333333333,46.94803030303031,masonan01-1998
ricegl01,39.7,-1.9,199711220IND-CHH,199711220IND-IND,CHH-1998,1,1998,-75.43,46.94803030303031,ricegl01-1998
phillbo01,37.93333333333333,1.8,199711220IND-CHH,199711220IND-IND,CHH-1998,1,1998,68.28,46.94803030303031,phillbo01-1998
divacvl01,37.766666666666666,6.9,199711220IND-CHH,199711220IND-IND,CHH-1998,1,1998,260.59000000000003,46.94803030303031,divacvl01-1998
beckco01,22.9,3.6,199711220IND-CHH,199711220IND-IND,CHH-1998,1,1998,82.44,46.94803030303031,beckco01-1998
curryde01,19.066666666666666,6.8,199711220IND-CHH,199711220IND-IND,CHH-1998,1,1998,129.65333333333334,46.94803030303031,curryde01-1998
armstbj01,18.166666666666668,1.1,199711220IND-CHH,199711220IND-IND,CHH-1998,1,1998,19.983333333333338,46.94803030303031,armstbj01-1998
geigema01,10.266666666666667,-1.5,199711220IND-CHH,199711220IND-IND,CHH-1998,1,1998,-15.400000000000002,46.94803030303031,geigema01-1998
reidjr01,7.833333333333333,-0.8,199711220IND-CHH,199711220IND-IND,CHH-1998,1,1998,-6.266666666666667,46.94803030303031,reidjr01-1998
farmeto01,3.35,0.1,199711220IND-CHH,199711220IND-IND,CHH-1998,1,1998,0.335,46.94803030303031,farmeto01-1998
willitr01,2.85,-1.4,199711220IND-CHH,199711220IND-IND,CHH-1998,1,1998,-3.9899999999999998,46.94803030303031,willitr01-1998
thorpot01,34.483333333333334,-3.3,199711270IND-VAN,199711270IND-IND,VAN-1998,0,1998,-113.795,-20.2280303030303,thorpot01-1998
reevebr01,31.083333333333332,-1,199711270IND-VAN,199711270IND-IND,VAN-1998,0,1998,-31.083333333333332,-20.2280303030303,reevebr01-1998
daniean01,28.333333333333332,-3.3,199711270IND-VAN,199711270IND-IND,VAN-1998,0,1998,-93.49999999999999,-20.2280303030303,daniean01-1998
abdursh01,27.35,2.2,199711270IND-VAN,199711270IND-IND,VAN-1998,0,1998,60.17000000000001,-20.2280303030303,abdursh01-1998
edwarbl01,25.866666666666667,-7.8,199711270IND-VAN,199711270IND-IND,VAN-1998,0,1998,-201.76,-20.2280303030303,edwarbl01-1998
macksa01,22.133333333333333,0,199711270IND-VAN,199711270IND-IND,VAN-1998,0,1998,0,-20.2280303030303,macksa01-1998
lynchge01,20.65,6,199711270IND-VAN,199711270IND-IND,VAN-1998,0,1998,123.89999999999999,-20.2280303030303,lynchge01-1998
maybele01,19.666666666666668,1.9,199711270IND-VAN,199711270IND-IND,VAN-1998,0,1998,37.36666666666667,-20.2280303030303,maybele01-1998
masseto01,14.766666666666667,-1.2,199711270IND-VAN,199711270IND-IND,VAN-1998,0,1998,-17.72,-20.2280303030303,masseto01-1998
chilcpe01,11.283333333333333,1,199711270IND-VAN,199711270IND-IND,VAN-1998,0,1998,11.283333333333333,-20.2280303030303,chilcpe01-1998
newbiiv01,4.383333333333334,0.6,199711270IND-VAN,199711270IND-IND,VAN-1998,0,1998,2.6300000000000003,-20.2280303030303,newbiiv01-1998
jordami01,41.983333333333334,5,199711280IND-CHI,199711280IND-IND,CHI-1998,0,1998,209.91666666666669,22.947121212121214,jordami01-1998
kukocto01,33.233333333333334,0,199711280IND-CHI,199711280IND-IND,CHI-1998,0,1998,0,22.947121212121214,kukocto01-1998
longllu01,32.35,1.8,199711280IND-CHI,199711280IND-IND,CHI-1998,0,1998,58.230000000000004,22.947121212121214,longllu01-1998
rodmade01,27.7,-0.4,199711280IND-CHI,199711280IND-IND,CHI-1998,0,1998,-11.08,22.947121212121214,rodmade01-1998
harpero01,26.433333333333334,-2.4,199711280IND-CHI,199711280IND-IND,CHI-1998,0,1998,-63.44,22.947121212121214,harpero01-1998
brownra02,25.616666666666667,1.4,199711280IND-CHI,199711280IND-IND,CHI-1998,0,1998,35.86333333333333,22.947121212121214,brownra02-1998
larueru01,15.8,-1.1,199711280IND-CHI,199711280IND-IND,CHI-1998,0,1998,-17.380000000000003,22.947121212121214,larueru01-1998
wennibi01,15.583333333333334,-2.3,199711280IND-CHI,199711280IND-IND,CHI-1998,0,1998,-35.84166666666667,22.947121212121214,wennibi01-1998
caffeja01,12.45,4,199711280IND-CHI,199711280IND-IND,CHI-1998,0,1998,49.8,22.947121212121214,caffeja01-1998
buechju01,8.783333333333333,3,199711280IND-CHI,199711280IND-IND,CHI-1998,0,1998,26.35,22.947121212121214,buechju01-1998
burresc01,0.06666666666666667,0,199711280IND-CHI,199711280IND-IND,CHI-1998,0,1998,0,22.947121212121214,burresc01-1998
weathcl01,37.36666666666667,3,199711300IND-PHI,199711300IND-IND,PHI-1998,0,1998,112.1,22.351999999999997,weathcl01-1998
stackje01,36.61666666666667,8.1,199711300IND-PHI,199711300IND-IND,PHI-1998,0,1998,296.59499999999997,22.351999999999997,stackje01-1998
iversal01,35.35,3.8,199711300IND-PHI,199711300IND-IND,PHI-1998,0,1998,134.33,22.351999999999997,iversal01-1998
jacksji01,28.916666666666668,-7.4,199711300IND-PHI,199711300IND-IND,PHI-1998,0,1998,-213.98333333333335,22.351999999999997,jacksji01-1998
montrer01,24.9,-5.3,199711300IND-PHI,199711300IND-IND,PHI-1998,0,1998,-131.97,22.351999999999997,montrer01-1998
cummite01,20.266666666666666,-0.3,199711300IND-PHI,199711300IND-IND,PHI-1998,0,1998,-6.079999999999999,22.351999999999997,cummite01-1998
thomati01,19.866666666666667,4,199711300IND-PHI,199711300IND-IND,PHI-1998,0,1998,79.46666666666667,22.351999999999997,thomati01-1998
willisc01,13.466666666666667,-4.4,199711300IND-PHI,199711300IND-IND,PHI-1998,0,1998,-59.25333333333334,22.351999999999997,willisc01-1998
overtdo01,12.65,-3.3,199711300IND-PHI,199711300IND-IND,PHI-1998,0,1998,-41.745,22.351999999999997,overtdo01-1998
davisma02,10.6,5.1,199711300IND-PHI,199711300IND-IND,PHI-1998,0,1998,54.059999999999995,22.351999999999997,davisma02-1998
millere01,34.45,7.1,199712030MIN-IND,199712030MIN-MIN,IND-1998,1,1998,244.595,47.252833333333335,millere01-1998
jacksma01,32.95,5.7,199712030MIN-IND,199712030MIN-MIN,IND-1998,1,1998,187.81500000000003,47.252833333333335,jacksma01-1998
smitsri01,31,0.5,199712030MIN-IND,199712030MIN-MIN,IND-1998,1,1998,15.5,47.252833333333335,smitsri01-1998
davisan01,25.683333333333334,-0.1,199712030MIN-IND,199712030MIN-MIN,IND-1998,1,1998,-2.5683333333333334,47.252833333333335,davisan01-1998
mullich01,25.4,0.8,199712030MIN-IND,199712030MIN-MIN,IND-1998,1,1998,20.32,47.252833333333335,mullich01-1998
davisda01,22.7,0.2,199712030MIN-IND,199712030MIN-MIN,IND-1998,1,1998,4.54,47.252833333333335,davisda01-1998
roseja01,22.6,-1.4,199712030MIN-IND,199712030MIN-MIN,IND-1998,1,1998,-31.64,47.252833333333335,roseja01-1998
popema01,16.616666666666667,1.6,199712030MIN-IND,199712030MIN-MIN,IND-1998,1,1998,26.58666666666667,47.252833333333335,popema01-1998
besttr01,15.05,-0.5,199712030MIN-IND,199712030MIN-MIN,IND-1998,1,1998,-7.525,47.252833333333335,besttr01-1998
hoibefr01,13.55,1.1,199712030MIN-IND,199712030MIN-MIN,IND-1998,1,1998,14.905000000000001,47.252833333333335,hoibefr01-1998
jacksma01,36.416666666666664,3.2,199712050DEN-IND,199712050DEN-DEN,IND-1998,1,1998,116.53333333333333,39.86416666666666,jacksma01-1998
davisda01,36.2,-1.9,199712050DEN-IND,199712050DEN-DEN,IND-1998,1,1998,-68.78,39.86416666666666,davisda01-1998
millere01,35.9,3.3,199712050DEN-IND,199712050DEN-DEN,IND-1998,1,1998,118.46999999999998,39.86416666666666,millere01-1998
smitsri01,31.45,5.9,199712050DEN-IND,199712050DEN-DEN,IND-1998,1,1998,185.555,39.86416666666666,smitsri01-1998
roseja01,29.05,2.3,199712050DEN-IND,199712050DEN-DEN,IND-1998,1,1998,66.815,39.86416666666666,roseja01-1998
davisan01,22.95,0.6,199712050DEN-IND,199712050DEN-DEN,IND-1998,1,1998,13.77,39.86416666666666,davisan01-1998
mullich01,18.916666666666668,-3.7,199712050DEN-IND,199712050DEN-DEN,IND-1998,1,1998,-69.99166666666667,39.86416666666666,mullich01-1998
hoibefr01,12.133333333333333,4.6,199712050DEN-IND,199712050DEN-DEN,IND-1998,1,1998,55.813333333333325,39.86416666666666,hoibefr01-1998
besttr01,11.583333333333334,-2.2,199712050DEN-IND,199712050DEN-DEN,IND-1998,1,1998,-25.483333333333338,39.86416666666666,besttr01-1998
popema01,5.4,1.1,199712050DEN-IND,199712050DEN-DEN,IND-1998,1,1998,5.940000000000001,39.86416666666666,popema01-1998
millere01,40.93333333333333,1,199712070PHO-IND,199712070PHO-PHO,IND-1998,1,1998,40.93333333333333,47.836333333333336,millere01-1998
jacksma01,36.35,6.5,199712070PHO-IND,199712070PHO-PHO,IND-1998,1,1998,236.275,47.836333333333336,jacksma01-1998
davisan01,35.083333333333336,-1.9,199712070PHO-IND,199712070PHO-PHO,IND-1998,1,1998,-66.65833333333333,47.836333333333336,davisan01-1998
smitsri01,32.766666666666666,-3.3,199712070PHO-IND,199712070PHO-PHO,IND-1998,1,1998,-108.13,47.836333333333336,smitsri01-1998
davisda01,27.183333333333334,4.6,199712070PHO-IND,199712070PHO-PHO,IND-1998,1,1998,125.04333333333332,47.836333333333336,davisda01-1998
roseja01,26.283333333333335,3,199712070PHO-IND,199712070PHO-PHO,IND-1998,1,1998,78.85000000000001,47.836333333333336,roseja01-1998
mullich01,24,5,199712070PHO-IND,199712070PHO-PHO,IND-1998,1,1998,120,47.836333333333336,mullich01-1998
besttr01,16.616666666666667,2.4,199712070PHO-IND,199712070PHO-PHO,IND-1998,1,1998,39.88,47.836333333333336,besttr01-1998
hoibefr01,15.366666666666667,1.2,199712070PHO-IND,199712070PHO-PHO,IND-1998,1,1998,18.44,47.836333333333336,hoibefr01-1998
popema01,10.45,-0.6,199712070PHO-IND,199712070PHO-PHO,IND-1998,1,1998,-6.27,47.836333333333336,popema01-1998
davisda01,37.6,2.4,199712080UTA-IND,199712080UTA-UTA,IND-1998,0,1998,90.24,38.246833333333335,davisda01-1998
jacksma01,30.933333333333334,5.8,199712080UTA-IND,199712080UTA-UTA,IND-1998,0,1998,179.41333333333333,38.246833333333335,jacksma01-1998
mullich01,28.833333333333332,0.4,199712080UTA-IND,199712080UTA-UTA,IND-1998,0,1998,11.533333333333333,38.246833333333335,mullich01-1998
davisan01,28.133333333333333,3,199712080UTA-IND,199712080UTA-UTA,IND-1998,0,1998,84.4,38.246833333333335,davisan01-1998
smitsri01,27.85,1.2,199712080UTA-IND,199712080UTA-UTA,IND-1998,0,1998,33.42,38.246833333333335,smitsri01-1998
hoibefr01,24.9,3.5,199712080UTA-IND,199712080UTA-UTA,IND-1998,0,1998,87.14999999999999,38.246833333333335,hoibefr01-1998
millere01,23.1,-0.4,199712080UTA-IND,199712080UTA-UTA,IND-1998,0,1998,-9.24,38.246833333333335,millere01-1998
roseja01,19.166666666666668,-0.5,199712080UTA-IND,199712080UTA-UTA,IND-1998,0,1998,-9.583333333333334,38.246833333333335,roseja01-1998
besttr01,17.066666666666666,-5.1,199712080UTA-IND,199712080UTA-UTA,IND-1998,0,1998,-87.03999999999999,38.246833333333335,besttr01-1998
popema01,2.4166666666666665,0.9,199712080UTA-IND,199712080UTA-UTA,IND-1998,0,1998,2.175,38.246833333333335,popema01-1998
millere01,38.416666666666664,2.4,199712100POR-IND,199712100POR-POR,IND-1998,0,1998,92.19999999999999,18.611333333333334,millere01-1998
smitsri01,29.983333333333334,-3.5,199712100POR-IND,199712100POR-POR,IND-1998,0,1998,-104.94166666666666,18.611333333333334,smitsri01-1998
jacksma01,29.166666666666668,1.3,199712100POR-IND,199712100POR-POR,IND-1998,0,1998,37.91666666666667,18.611333333333334,jacksma01-1998
davisda01,27.933333333333334,2.7,199712100POR-IND,199712100POR-POR,IND-1998,0,1998,75.42,18.611333333333334,davisda01-1998
davisan01,25.983333333333334,-5.6,199712100POR-IND,199712100POR-POR,IND-1998,0,1998,-145.50666666666666,18.611333333333334,davisan01-1998
mullich01,25.65,6.6,199712100POR-IND,199712100POR-POR,IND-1998,0,1998,169.29,18.611333333333334,mullich01-1998
besttr01,18.833333333333332,1.3,199712100POR-IND,199712100POR-POR,IND-1998,0,1998,24.483333333333334,18.611333333333334,besttr01-1998
roseja01,18.483333333333334,-0.9,199712100POR-IND,199712100POR-POR,IND-1998,0,1998,-16.635,18.611333333333334,roseja01-1998
hoibefr01,14.183333333333334,4.2,199712100POR-IND,199712100POR-POR,IND-1998,0,1998,59.57,18.611333333333334,hoibefr01-1998
popema01,11.366666666666667,-0.5,199712100POR-IND,199712100POR-POR,IND-1998,0,1998,-5.683333333333334,18.611333333333334,popema01-1998
mashbja01,40.86666666666667,-1.3,199712120IND-MIA,199712120IND-IND,MIA-1998,0,1998,-53.12666666666667,47.0610606060606,mashbja01-1998
hardati01,38.416666666666664,22.3,199712120IND-MIA,199712120IND-IND,MIA-1998,0,1998,856.6916666666666,47.0610606060606,hardati01-1998
austiis01,36.416666666666664,-5.8,199712120IND-MIA,199712120IND-IND,MIA-1998,0,1998,-211.21666666666664,47.0610606060606,austiis01-1998
brownpj01,34.71666666666667,-3,199712120IND-MIA,199712120IND-IND,MIA-1998,0,1998,-104.15,47.0610606060606,brownpj01-1998
lenarvo01,31.833333333333332,3.9,199712120IND-MIA,199712120IND-IND,MIA-1998,0,1998,124.14999999999999,47.0610606060606,lenarvo01-1998
millste01,17.566666666666666,-1.7,199712120IND-MIA,199712120IND-IND,MIA-1998,0,1998,-29.863333333333333,47.0610606060606,millste01-1998
murdoer01,17.466666666666665,-0.5,199712120IND-MIA,199712120IND-IND,MIA-1998,0,1998,-8.733333333333333,47.0610606060606,murdoer01-1998
majerda01,10.466666666666667,-2.6,199712120IND-MIA,199712120IND-IND,MIA-1998,0,1998,-27.213333333333335,47.0610606060606,majerda01-1998
causwdu01,8.2,-3.2,199712120IND-MIA,199712120IND-IND,MIA-1998,0,1998,-26.24,47.0610606060606,causwdu01-1998
stricma01,2.2333333333333334,-0.2,199712120IND-MIA,199712120IND-IND,MIA-1998,0,1998,-0.4466666666666667,47.0610606060606,stricma01-1998
smithch04,1.8166666666666667,-1.2,199712120IND-MIA,199712120IND-IND,MIA-1998,0,1998,-2.1799999999999997,47.0610606060606,smithch04-1998
webbech01,43.25,5.7,199712130IND-WAS,199712130IND-IND,WAS-1998,0,1998,246.525,20.412333333333336,webbech01-1998
howarju01,42.88333333333333,1.3,199712130IND-WAS,199712130IND-IND,WAS-1998,0,1998,55.748333333333335,20.412333333333336,howarju01-1998
stricro02,39.1,0.3,199712130IND-WAS,199712130IND-IND,WAS-1998,0,1998,11.73,20.412333333333336,stricro02-1998
cheanca01,37.516666666666666,-2.5,199712130IND-WAS,199712130IND-IND,WAS-1998,0,1998,-93.79166666666666,20.412333333333336,cheanca01-1998
murratr01,24.25,0.2,199712130IND-WAS,199712130IND-IND,WAS-1998,0,1998,4.8500000000000005,20.412333333333336,murratr01-1998
willilo01,20.266666666666666,-0.9,199712130IND-WAS,199712130IND-IND,WAS-1998,0,1998,-18.24,20.412333333333336,willilo01-1998
eacklle01,14.15,-1.7,199712130IND-WAS,199712130IND-IND,WAS-1998,0,1998,-24.055,20.412333333333336,eacklle01-1998
whitnch01,8.9,3.2,199712130IND-WAS,199712130IND-IND,WAS-1998,0,1998,28.480000000000004,20.412333333333336,whitnch01-1998
grantha01,5.416666666666667,-1,199712130IND-WAS,199712130IND-IND,WAS-1998,0,1998,-5.416666666666667,20.412333333333336,grantha01-1998
hamda01,4.266666666666667,-0.4,199712130IND-WAS,199712130IND-IND,WAS-1998,0,1998,-1.7066666666666668,20.412333333333336,hamda01-1998
millere01,32,1.5,199712150TOR-IND,199712150TOR-TOR,IND-1998,1,1998,48,34.83016666666666,millere01-1998
davisan01,30.25,-2.8,199712150TOR-IND,199712150TOR-TOR,IND-1998,1,1998,-84.69999999999999,34.83016666666666,davisan01-1998
jacksma01,28.35,7.5,199712150TOR-IND,199712150TOR-TOR,IND-1998,1,1998,212.625,34.83016666666666,jacksma01-1998
mullich01,28.35,-2.5,199712150TOR-IND,199712150TOR-TOR,IND-1998,1,1998,-70.875,34.83016666666666,mullich01-1998
davisda01,25.916666666666668,3.2,199712150TOR-IND,199712150TOR-TOR,IND-1998,1,1998,82.93333333333334,34.83016666666666,davisda01-1998
roseja01,25.9,6.8,199712150TOR-IND,199712150TOR-TOR,IND-1998,1,1998,176.11999999999998,34.83016666666666,roseja01-1998
smitsri01,22.05,-1.6,199712150TOR-IND,199712150TOR-TOR,IND-1998,1,1998,-35.28,34.83016666666666,smitsri01-1998
popema01,17.183333333333334,1,199712150TOR-IND,199712150TOR-TOR,IND-1998,1,1998,17.183333333333334,34.83016666666666,popema01-1998
besttr01,16.15,1.6,199712150TOR-IND,199712150TOR-TOR,IND-1998,1,1998,25.84,34.83016666666666,besttr01-1998
hoibefr01,13.85,-1.7,199712150TOR-IND,199712150TOR-TOR,IND-1998,1,1998,-23.544999999999998,34.83016666666666,hoibefr01-1998
oaklech01,37.666666666666664,-0.1,199712170IND-NYK,199712170IND-IND,NYK-1998,0,1998,-3.7666666666666666,39.83444444444444,oaklech01-1998
ewingpa01,36.333333333333336,4.5,199712170IND-NYK,199712170IND-IND,NYK-1998,0,1998,163.5,39.83444444444444,ewingpa01-1998
millsch01,34.53333333333333,4.8,199712170IND-NYK,199712170IND-IND,NYK-1998,0,1998,165.76,39.83444444444444,millsch01-1998
childch01,32.35,-1,199712170IND-NYK,199712170IND-IND,NYK-1998,0,1998,-32.35,39.83444444444444,childch01-1998
starkjo01,25.95,1.8,199712170IND-NYK,199712170IND-IND,NYK-1998,0,1998,46.71,39.83444444444444,starkjo01-1998
houstal01,25.933333333333334,-1.1,199712170IND-NYK,199712170IND-IND,NYK-1998,0,1998,-28.52666666666667,39.83444444444444,houstal01-1998
johnsla02,17.116666666666667,3.8,199712170IND-NYK,199712170IND-IND,NYK-1998,0,1998,65.04333333333334,39.83444444444444,johnsla02-1998
wardch01,15.65,0.8,199712170IND-NYK,199712170IND-IND,NYK-1998,0,1998,12.520000000000001,39.83444444444444,wardch01-1998
dudlech02,14.466666666666667,-2.1,199712170IND-NYK,199712170IND-IND,NYK-1998,0,1998,-30.380000000000003,39.83444444444444,dudlech02-1998
delebi01,42.78333333333333,7.3,199712190IND-DET,199712190IND-IND,DET-1998,0,1998,312.3183333333333,46.69939393939394,delebi01-1998
hillgr01,38.18333333333333,6.2,199712190IND-DET,199712190IND-IND,DET-1998,0,1998,236.73666666666665,46.69939393939394,hillgr01-1998
montrer01,35.31666666666667,-1.4,199712190IND-DET,199712190IND-IND,DET-1998,0,1998,-49.443333333333335,46.69939393939394,montrer01-1998
stackje01,30.533333333333335,7.9,199712190IND-DET,199712190IND-IND,DET-1998,0,1998,241.21333333333337,46.69939393939394,stackje01-1998
hunteli01,28.1,-3.3,199712190IND-DET,199712190IND-IND,DET-1998,0,1998,-92.73,46.69939393939394,hunteli01-1998
dumarjo01,23.583333333333332,-2.8,199712190IND-DET,199712190IND-IND,DET-1998,0,1998,-66.03333333333333,46.69939393939394,dumarjo01-1998
sealyma01,23.566666666666666,-0.9,199712190IND-DET,199712190IND-IND,DET-1998,0,1998,-21.21,46.69939393939394,sealyma01-1998
willije01,15.366666666666667,-3,199712190IND-DET,199712190IND-IND,DET-1998,0,1998,-46.1,46.69939393939394,willije01-1998
obannch01,1.3666666666666667,-0.5,199712190IND-DET,199712190IND-IND,DET-1998,0,1998,-0.6833333333333333,46.69939393939394,obannch01-1998
reiddo01,0.8833333333333333,-0.5,199712190IND-DET,199712190IND-IND,DET-1998,0,1998,-0.44166666666666665,46.69939393939394,reiddo01-1998
pollasc01,0.3333333333333333,0.2,199712190IND-DET,199712190IND-IND,DET-1998,0,1998,0.06666666666666667,46.69939393939394,pollasc01-1998
millere01,34.916666666666664,-0.2,199712200ORL-IND,199712200ORL-ORL,IND-1998,1,1998,-6.983333333333333,49.472166666666666,millere01-1998
davisan01,33.2,2.4,199712200ORL-IND,199712200ORL-ORL,IND-1998,1,1998,79.68,49.472166666666666,davisan01-1998
davisda01,31.383333333333333,2.7,199712200ORL-IND,199712200ORL-ORL,IND-1998,1,1998,84.735,49.472166666666666,davisda01-1998
jacksma01,30.833333333333332,12.3,199712200ORL-IND,199712200ORL-ORL,IND-1998,1,1998,379.25,49.472166666666666,jacksma01-1998
smitsri01,29.516666666666666,-2,199712200ORL-IND,199712200ORL-ORL,IND-1998,1,1998,-59.03333333333333,49.472166666666666,smitsri01-1998
mullich01,26.283333333333335,3.6,199712200ORL-IND,199712200ORL-ORL,IND-1998,1,1998,94.62,49.472166666666666,mullich01-1998
roseja01,21.716666666666665,-8,199712200ORL-IND,199712200ORL-ORL,IND-1998,1,1998,-173.73333333333332,49.472166666666666,roseja01-1998
besttr01,17.183333333333334,6.1,199712200ORL-IND,199712200ORL-ORL,IND-1998,1,1998,104.81833333333333,49.472166666666666,besttr01-1998
hoibefr01,13.083333333333334,-0.5,199712200ORL-IND,199712200ORL-ORL,IND-1998,1,1998,-6.541666666666667,49.472166666666666,hoibefr01-1998
popema01,1.9,-1.1,199712200ORL-IND,199712200ORL-ORL,IND-1998,1,1998,-2.09,49.472166666666666,popema01-1998
millere01,34.583333333333336,9.1,199712230SAS-IND,199712230SAS-SAS,IND-1998,0,1998,314.7083333333333,34.7575,millere01-1998
smitsri01,27.15,0.8,199712230SAS-IND,199712230SAS-SAS,IND-1998,0,1998,21.72,34.7575,smitsri01-1998
roseja01,26.566666666666666,-0.2,199712230SAS-IND,199712230SAS-SAS,IND-1998,0,1998,-5.3133333333333335,34.7575,roseja01-1998
jacksma01,25.133333333333333,-1.4,199712230SAS-IND,199712230SAS-SAS,IND-1998,0,1998,-35.18666666666666,34.7575,jacksma01-1998
davisan01,24.05,3.1,199712230SAS-IND,199712230SAS-SAS,IND-1998,0,1998,74.555,34.7575,davisan01-1998
davisda01,23.7,1.1,199712230SAS-IND,199712230SAS-SAS,IND-1998,0,1998,26.07,34.7575,davisda01-1998
besttr01,22.866666666666667,4,199712230SAS-IND,199712230SAS-SAS,IND-1998,0,1998,91.46666666666667,34.7575,besttr01-1998
mullich01,21.433333333333334,-0.7,199712230SAS-IND,199712230SAS-SAS,IND-1998,0,1998,-15.003333333333332,34.7575,mullich01-1998
mckeyde01,21.1,-5.5,199712230SAS-IND,199712230SAS-SAS,IND-1998,0,1998,-116.05000000000001,34.7575,mckeyde01-1998
hoibefr01,13.416666666666666,-0.7,199712230SAS-IND,199712230SAS-SAS,IND-1998,0,1998,-9.391666666666666,34.7575,hoibefr01-1998
outlabo01,36.166666666666664,-1.9,199712260IND-ORL,199712260IND-IND,ORL-1998,0,1998,-68.71666666666665,-6.946499999999999,outlabo01-1998
grantho01,28.85,-2.2,199712260IND-ORL,199712260IND-IND,ORL-1998,0,1998,-63.470000000000006,-6.946499999999999,grantho01-1998
evansbr01,28.65,1.2,199712260IND-ORL,199712260IND-IND,ORL-1998,0,1998,34.379999999999995,-6.946499999999999,evansbr01-1998
harpede01,27.733333333333334,3.7,199712260IND-ORL,199712260IND-IND,ORL-1998,0,1998,102.61333333333334,-6.946499999999999,harpede01-1998
armstda01,26.466666666666665,8,199712260IND-ORL,199712260IND-IND,ORL-1998,0,1998,211.73333333333332,-6.946499999999999,armstda01-1998
schayda01,22.416666666666668,-5.3,199712260IND-ORL,199712260IND-IND,ORL-1998,0,1998,-118.80833333333334,-6.946499999999999,schayda01-1998
pricema01,20.833333333333332,0.1,199712260IND-ORL,199712260IND-IND,ORL-1998,0,1998,2.0833333333333335,-6.946499999999999,pricema01-1998
taylojo01,19.15,-5.6,199712260IND-ORL,199712260IND-IND,ORL-1998,0,1998,-107.23999999999998,-6.946499999999999,taylojo01-1998
lawsoja01,15.116666666666667,-1.3,199712260IND-ORL,199712260IND-IND,ORL-1998,0,1998,-19.651666666666667,-6.946499999999999,lawsoja01-1998
royaldo01,14.616666666666667,-2.9,199712260IND-ORL,199712260IND-IND,ORL-1998,0,1998,-42.388333333333335,-6.946499999999999,royaldo01-1998
jacksma01,32.583333333333336,-1.1,199712280MIA-IND,199712280MIA-MIA,IND-1998,0,1998,-35.841666666666676,33.241,jacksma01-1998
millere01,31.45,-0.2,199712280MIA-IND,199712280MIA-MIA,IND-1998,0,1998,-6.29,33.241,millere01-1998
davisan01,29.766666666666666,3.3,199712280MIA-IND,199712280MIA-MIA,IND-1998,0,1998,98.22999999999999,33.241,davisan01-1998
davisda01,28.583333333333332,5.8,199712280MIA-IND,199712280MIA-MIA,IND-1998,0,1998,165.78333333333333,33.241,davisda01-1998
mullich01,27.533333333333335,5.9,199712280MIA-IND,199712280MIA-MIA,IND-1998,0,1998,162.4466666666667,33.241,mullich01-1998
smitsri01,21.716666666666665,-0.2,199712280MIA-IND,199712280MIA-MIA,IND-1998,0,1998,-4.343333333333333,33.241,smitsri01-1998
mckeyde01,20.416666666666668,0.1,199712280MIA-IND,199712280MIA-MIA,IND-1998,0,1998,2.041666666666667,33.241,mckeyde01-1998
hoibefr01,16.55,0.7,199712280MIA-IND,199712280MIA-MIA,IND-1998,0,1998,11.584999999999999,33.241,hoibefr01-1998
roseja01,15.983333333333333,-1.9,199712280MIA-IND,199712280MIA-MIA,IND-1998,0,1998,-30.36833333333333,33.241,roseja01-1998
besttr01,15.416666666666666,-2,199712280MIA-IND,199712280MIA-MIA,IND-1998,0,1998,-30.833333333333332,33.241,besttr01-1998
vanhoke01,43.35,-2,199712300IND-NJN,199712300IND-IND,NJN-1998,0,1998,-86.7,4.021818181818182,vanhoke01-1998
kittlke01,33.63333333333333,-5.9,199712300IND-NJN,199712300IND-IND,NJN-1998,0,1998,-198.43666666666667,4.021818181818182,kittlke01-1998
willija01,32.95,3.8,199712300IND-NJN,199712300IND-IND,NJN-1998,0,1998,125.21000000000001,4.021818181818182,willija01-1998
gillke01,31.416666666666668,-6.6,199712300IND-NJN,199712300IND-IND,NJN-1998,0,1998,-207.35,4.021818181818182,gillke01-1998
cassesa01,31.366666666666667,6.5,199712300IND-NJN,199712300IND-IND,NJN-1998,0,1998,203.88333333333333,4.021818181818182,cassesa01-1998
douglsh01,21.616666666666667,6.9,199712300IND-NJN,199712300IND-IND,NJN-1998,0,1998,149.155,4.021818181818182,douglsh01-1998
benoida01,18.066666666666666,3.8,199712300IND-NJN,199712300IND-IND,NJN-1998,0,1998,68.65333333333334,4.021818181818182,benoida01-1998
cagemi01,14.983333333333333,-0.1,199712300IND-NJN,199712300IND-IND,NJN-1998,0,1998,-1.4983333333333333,4.021818181818182,cagemi01-1998
edwarke01,7.9,-0.5,199712300IND-NJN,199712300IND-IND,NJN-1998,0,1998,-3.95,4.021818181818182,edwarke01-1998
haleyja01,2.85,-1.2,199712300IND-NJN,199712300IND-IND,NJN-1998,0,1998,-3.42,4.021818181818182,haleyja01-1998
dareyi01,1.8666666666666667,-0.7,199712300IND-NJN,199712300IND-IND,NJN-1998,0,1998,-1.3066666666666666,4.021818181818182,dareyi01-1998
smitsri01,38.4,9.3,199801020WAS-IND,199801020WAS-WAS,IND-1998,1,1998,357.12,85.78969696969696,smitsri01-1998
millere01,36.75,1.5,199801020WAS-IND,199801020WAS-WAS,IND-1998,1,1998,55.125,85.78969696969696,millere01-1998
mckeyde01,33.78333333333333,3.7,199801020WAS-IND,199801020WAS-WAS,IND-1998,1,1998,124.99833333333333,85.78969696969696,mckeyde01-1998
jacksma01,30.45,7.8,199801020WAS-IND,199801020WAS-WAS,IND-1998,1,1998,237.51,85.78969696969696,jacksma01-1998
mullich01,29.883333333333333,6.6,199801020WAS-IND,199801020WAS-WAS,IND-1998,1,1998,197.23,85.78969696969696,mullich01-1998
roseja01,18.116666666666667,0.8,199801020WAS-IND,199801020WAS-WAS,IND-1998,1,1998,14.493333333333334,85.78969696969696,roseja01-1998
besttr01,17.55,1.8,199801020WAS-IND,199801020WAS-WAS,IND-1998,1,1998,31.590000000000003,85.78969696969696,besttr01-1998
croshau01,16.3,-2.7,199801020WAS-IND,199801020WAS-WAS,IND-1998,1,1998,-44.010000000000005,85.78969696969696,croshau01-1998
hoibefr01,11.25,-2.7,199801020WAS-IND,199801020WAS-WAS,IND-1998,1,1998,-30.375000000000004,85.78969696969696,hoibefr01-1998
davisan01,6.45,0.1,199801020WAS-IND,199801020WAS-WAS,IND-1998,1,1998,0.645,85.78969696969696,davisan01-1998
bohanet01,1.0666666666666667,-0.6,199801020WAS-IND,199801020WAS-WAS,IND-1998,1,1998,-0.64,85.78969696969696,bohanet01-1998
stoudda01,43.083333333333336,1.2,199801030IND-TOR,199801030IND-IND,TOR-1998,0,1998,51.7,-6.513888888888889,stoudda01-1998
chrisdo01,40.916666666666664,-2.8,199801030IND-TOR,199801030IND-IND,TOR-1998,0,1998,-114.56666666666665,-6.513888888888889,chrisdo01-1998
milleol01,38.983333333333334,3.8,199801030IND-TOR,199801030IND-IND,TOR-1998,0,1998,148.13666666666666,-6.513888888888889,milleol01-1998
tabakza01,28.85,-5.8,199801030IND-TOR,199801030IND-IND,TOR-1998,0,1998,-167.33,-6.513888888888889,tabakza01-1998
respesh01,27.7,0.3,199801030IND-TOR,199801030IND-IND,TOR-1998,0,1998,8.309999999999999,-6.513888888888889,respesh01-1998
slatere01,27.216666666666665,-2.3,199801030IND-TOR,199801030IND-IND,TOR-1998,0,1998,-62.59833333333332,-6.513888888888889,slatere01-1998
wallajo01,26.716666666666665,2.8,199801030IND-TOR,199801030IND-IND,TOR-1998,0,1998,74.80666666666666,-6.513888888888889,wallajo01-1998
garnech01,4.916666666666667,0.1,199801030IND-TOR,199801030IND-IND,TOR-1998,0,1998,0.4916666666666667,-6.513888888888889,garnech01-1998
mcgratr01,1.6166666666666667,1.5,199801030IND-TOR,199801030IND-IND,TOR-1998,0,1998,2.425,-6.513888888888889,mcgratr01-1998
mcdyean01,40.483333333333334,1.5,199801060IND-PHO,199801060IND-IND,PHO-1998,1,1998,60.725,34.841166666666666,mcdyean01-1998
kiddja01,39.65,-2.5,199801060IND-PHO,199801060IND-IND,PHO-1998,1,1998,-99.125,34.841166666666666,kiddja01-1998
robincl02,36.266666666666666,1.6,199801060IND-PHO,199801060IND-IND,PHO-1998,1,1998,58.02666666666667,34.841166666666666,robincl02-1998
chapmre01,35.3,6.8,199801060IND-PHO,199801060IND-IND,PHO-1998,1,1998,240.03999999999996,34.841166666666666,chapmre01-1998
cebalce01,29.85,-1.7,199801060IND-PHO,199801060IND-IND,PHO-1998,1,1998,-50.745000000000005,34.841166666666666,cebalce01-1998
nashst01,17,-1.4,199801060IND-PHO,199801060IND-IND,PHO-1998,1,1998,-23.799999999999997,34.841166666666666,nashst01-1998
mccloge01,16.766666666666666,7.2,199801060IND-PHO,199801060IND-IND,PHO-1998,1,1998,120.72,34.841166666666666,mccloge01-1998
bryanma01,14.366666666666667,2.1,199801060IND-PHO,199801060IND-IND,PHO-1998,1,1998,30.17,34.841166666666666,bryanma01-1998
williho01,6.2,0.8,199801060IND-PHO,199801060IND-IND,PHO-1998,1,1998,4.960000000000001,34.841166666666666,williho01-1998
milicma01,4.133333333333334,1.8,199801060IND-PHO,199801060IND-IND,PHO-1998,1,1998,7.440000000000001,34.841166666666666,milicma01-1998
davisan01,32.68333333333333,-0.1,199801080HOU-IND,199801080HOU-HOU,IND-1998,1,1998,-3.268333333333333,31.674999999999997,davisan01-1998
millere01,29.3,0.5,199801080HOU-IND,199801080HOU-HOU,IND-1998,1,1998,14.65,31.674999999999997,millere01-1998
mckeyde01,28.4,3.8,199801080HOU-IND,199801080HOU-HOU,IND-1998,1,1998,107.91999999999999,31.674999999999997,mckeyde01-1998
jacksma01,28.133333333333333,-1.8,199801080HOU-IND,199801080HOU-HOU,IND-1998,1,1998,-50.64,31.674999999999997,jacksma01-1998
roseja01,26.6,8.7,199801080HOU-IND,199801080HOU-HOU,IND-1998,1,1998,231.42,31.674999999999997,roseja01-1998
mullich01,21.4,2.2,199801080HOU-IND,199801080HOU-HOU,IND-1998,1,1998,47.08,31.674999999999997,mullich01-1998
besttr01,19.866666666666667,0.9,199801080HOU-IND,199801080HOU-HOU,IND-1998,1,1998,17.880000000000003,31.674999999999997,besttr01-1998
smitsri01,18.716666666666665,-3.7,199801080HOU-IND,199801080HOU-HOU,IND-1998,1,1998,-69.25166666666667,31.674999999999997,smitsri01-1998
hoibefr01,18.7,3.2,199801080HOU-IND,199801080HOU-HOU,IND-1998,1,1998,59.84,31.674999999999997,hoibefr01-1998
croshau01,16.2,-2.4,199801080HOU-IND,199801080HOU-HOU,IND-1998,1,1998,-38.879999999999995,31.674999999999997,croshau01-1998
millere01,37.46666666666667,8.9,199801100DAL-IND,199801100DAL-DAL,IND-1998,1,1998,333.4533333333334,51.2565,millere01-1998
jacksma01,34.5,4.3,199801100DAL-IND,199801100DAL-DAL,IND-1998,1,1998,148.35,51.2565,jacksma01-1998
smitsri01,27.833333333333332,2.8,199801100DAL-IND,199801100DAL-DAL,IND-1998,1,1998,77.93333333333332,51.2565,smitsri01-1998
davisan01,26.066666666666666,-2.2,199801100DAL-IND,199801100DAL-DAL,IND-1998,1,1998,-57.34666666666667,51.2565,davisan01-1998
davisda01,25.433333333333334,0.6,199801100DAL-IND,199801100DAL-DAL,IND-1998,1,1998,15.26,51.2565,davisda01-1998
mullich01,24.183333333333334,0.7,199801100DAL-IND,199801100DAL-DAL,IND-1998,1,1998,16.92833333333333,51.2565,mullich01-1998
mckeyde01,18.816666666666666,-2.3,199801100DAL-IND,199801100DAL-DAL,IND-1998,1,1998,-43.27833333333333,51.2565,mckeyde01-1998
hoibefr01,18.533333333333335,0.5,199801100DAL-IND,199801100DAL-DAL,IND-1998,1,1998,9.266666666666667,51.2565,hoibefr01-1998
roseja01,13.683333333333334,-1,199801100DAL-IND,199801100DAL-DAL,IND-1998,1,1998,-13.683333333333334,51.2565,roseja01-1998
besttr01,13.516666666666667,1.9,199801100DAL-IND,199801100DAL-DAL,IND-1998,1,1998,25.68166666666667,51.2565,besttr01-1998
hillgr01,43.78333333333333,17.6,199801140IND-DET,199801140IND-IND,DET-1998,0,1998,770.5866666666667,69.00233333333334,hillgr01-1998
dumarjo01,41.61666666666667,2.4,199801140IND-DET,199801140IND-IND,DET-1998,0,1998,99.88,69.00233333333334,dumarjo01-1998
delebi01,30.866666666666667,1.4,199801140IND-DET,199801140IND-IND,DET-1998,0,1998,43.21333333333333,69.00233333333334,delebi01-1998
sealyma01,27.033333333333335,-1.3,199801140IND-DET,199801140IND-IND,DET-1998,0,1998,-35.14333333333334,69.00233333333334,sealyma01-1998
stackje01,21.766666666666666,-6.9,199801140IND-DET,199801140IND-IND,DET-1998,0,1998,-150.19,69.00233333333334,stackje01-1998
mahorri01,19.216666666666665,-2,199801140IND-DET,199801140IND-IND,DET-1998,0,1998,-38.43333333333333,69.00233333333334,mahorri01-1998
longgr01,17.816666666666666,-1.8,199801140IND-DET,199801140IND-IND,DET-1998,0,1998,-32.07,69.00233333333334,longgr01-1998
montrer01,15.8,-1,199801140IND-DET,199801140IND-IND,DET-1998,0,1998,-15.8,69.00233333333334,montrer01-1998
willije01,15.433333333333334,3.8,199801140IND-DET,199801140IND-IND,DET-1998,0,1998,58.64666666666667,69.00233333333334,willije01-1998
obannch01,6.666666666666667,-1.6,199801140IND-DET,199801140IND-IND,DET-1998,0,1998,-10.666666666666668,69.00233333333334,obannch01-1998
willico02,33.333333333333336,-1.4,199801160IND-SAC,199801160IND-IND,SAC-1998,0,1998,-46.666666666666664,-12.322424242424244,willico02-1998
richmmi01,27.766666666666666,10.4,199801160IND-SAC,199801160IND-IND,SAC-1998,0,1998,288.7733333333333,-12.322424242424244,richmmi01-1998
johnsan02,24.583333333333332,2.5,199801160IND-SAC,199801160IND-IND,SAC-1998,0,1998,61.45833333333333,-12.322424242424244,johnsan02-1998
owensbi01,24.266666666666666,-1.6,199801160IND-SAC,199801160IND-IND,SAC-1998,0,1998,-38.82666666666667,-12.322424242424244,owensbi01-1998
hurlebo01,23.416666666666668,-4.5,199801160IND-SAC,199801160IND-IND,SAC-1998,0,1998,-105.375,-12.322424242424244,hurlebo01-1998
stewami01,22.8,-1.3,199801160IND-SAC,199801160IND-IND,SAC-1998,0,1998,-29.64,-12.322424242424244,stewami01-1998
hendrma01,22.75,-4.1,199801160IND-SAC,199801160IND-IND,SAC-1998,0,1998,-93.27499999999999,-12.322424242424244,hendrma01-1998
polynol01,21.2,-3.6,199801160IND-SAC,199801160IND-IND,SAC-1998,0,1998,-76.32,-12.322424242424244,polynol01-1998
abdulta01,20.7,-4.9,199801160IND-SAC,199801160IND-IND,SAC-1998,0,1998,-101.43,-12.322424242424244,abdulta01-1998
deherte01,14.75,0.3,199801160IND-SAC,199801160IND-IND,SAC-1998,0,1998,4.425,-12.322424242424244,deherte01-1998
salvake01,4.433333333333334,0.3,199801160IND-SAC,199801160IND-IND,SAC-1998,0,1998,1.33,-12.322424242424244,salvake01-1998
millere01,38.516666666666666,-0.3,199801180BOS-IND,199801180BOS-BOS,IND-1998,1,1998,-11.555,55.3305,millere01-1998
jacksma01,30.8,8.1,199801180BOS-IND,199801180BOS-BOS,IND-1998,1,1998,249.48,55.3305,jacksma01-1998
smitsri01,27.833333333333332,2.2,199801180BOS-IND,199801180BOS-BOS,IND-1998,1,1998,61.233333333333334,55.3305,smitsri01-1998
roseja01,26.333333333333332,8.8,199801180BOS-IND,199801180BOS-BOS,IND-1998,1,1998,231.73333333333335,55.3305,roseja01-1998
davisda01,24.283333333333335,5.6,199801180BOS-IND,199801180BOS-BOS,IND-1998,1,1998,135.98666666666668,55.3305,davisda01-1998
mckeyde01,23.716666666666665,-4.5,199801180BOS-IND,199801180BOS-BOS,IND-1998,1,1998,-106.725,55.3305,mckeyde01-1998
mullich01,21.666666666666668,1.9,199801180BOS-IND,199801180BOS-BOS,IND-1998,1,1998,41.166666666666664,55.3305,mullich01-1998
davisan01,20.166666666666668,-4,199801180BOS-IND,199801180BOS-BOS,IND-1998,1,1998,-80.66666666666667,55.3305,davisan01-1998
besttr01,17.2,4.6,199801180BOS-IND,199801180BOS-BOS,IND-1998,1,1998,79.11999999999999,55.3305,besttr01-1998
hoibefr01,9.483333333333333,-4.9,199801180BOS-IND,199801180BOS-BOS,IND-1998,1,1998,-46.468333333333334,55.3305,hoibefr01-1998
millere01,40.15,-0.4,199801210NYK-IND,199801210NYK-NYK,IND-1998,0,1998,-16.06,49.07833333333333,millere01-1998
mullich01,35,9,199801210NYK-IND,199801210NYK-NYK,IND-1998,0,1998,315,49.07833333333333,mullich01-1998
jacksma01,34.516666666666666,10.2,199801210NYK-IND,199801210NYK-NYK,IND-1998,0,1998,352.07,49.07833333333333,jacksma01-1998
smitsri01,28.65,-1.6,199801210NYK-IND,199801210NYK-NYK,IND-1998,0,1998,-45.84,49.07833333333333,smitsri01-1998
mckeyde01,26.016666666666666,0.3,199801210NYK-IND,199801210NYK-NYK,IND-1998,0,1998,7.805,49.07833333333333,mckeyde01-1998
davisda01,21.983333333333334,0.5,199801210NYK-IND,199801210NYK-NYK,IND-1998,0,1998,10.991666666666667,49.07833333333333,davisda01-1998
davisan01,19.35,-3.1,199801210NYK-IND,199801210NYK-NYK,IND-1998,0,1998,-59.98500000000001,49.07833333333333,davisan01-1998
roseja01,16.533333333333335,-4.3,199801210NYK-IND,199801210NYK-NYK,IND-1998,0,1998,-71.09333333333333,49.07833333333333,roseja01-1998
besttr01,13.483333333333333,0.1,199801210NYK-IND,199801210NYK-NYK,IND-1998,0,1998,1.3483333333333334,49.07833333333333,besttr01-1998
hoibefr01,4.316666666666666,-0.8,199801210NYK-IND,199801210NYK-NYK,IND-1998,0,1998,-3.453333333333333,49.07833333333333,hoibefr01-1998
stockjo01,36.983333333333334,5.6,199801230IND-UTA,199801230IND-IND,UTA-1998,0,1998,207.10666666666665,48.1995,stockjo01-1998
malonka01,35.483333333333334,3,199801230IND-UTA,199801230IND-IND,UTA-1998,0,1998,106.45,48.1995,malonka01-1998
ostergr01,33.43333333333333,-1.2,199801230IND-UTA,199801230IND-IND,UTA-1998,0,1998,-40.12,48.1995,ostergr01-1998
hornaje01,31.6,3.5,199801230IND-UTA,199801230IND-IND,UTA-1998,0,1998,110.60000000000001,48.1995,hornaje01-1998
russebr01,26.333333333333332,2.1,199801230IND-UTA,199801230IND-IND,UTA-1998,0,1998,55.3,48.1995,russebr01-1998
keefead01,21.666666666666668,-2.1,199801230IND-UTA,199801230IND-IND,UTA-1998,0,1998,-45.50000000000001,48.1995,keefead01-1998
carran01,17,0.9,199801230IND-UTA,199801230IND-IND,UTA-1998,0,1998,15.3,48.1995,carran01-1998
andersh01,16.4,3,199801230IND-UTA,199801230IND-IND,UTA-1998,0,1998,49.199999999999996,48.1995,andersh01-1998
eisleho01,11.016666666666667,0.5,199801230IND-UTA,199801230IND-IND,UTA-1998,0,1998,5.508333333333334,48.1995,eisleho01-1998
fostegr01,10.083333333333334,1.8,199801230IND-UTA,199801230IND-IND,UTA-1998,0,1998,18.150000000000002,48.1995,fostegr01-1998
walkean02,41.28333333333333,-1.6,199801240IND-BOS,199801240IND-IND,BOS-1998,0,1998,-66.05333333333333,17.365757575757577,walkean02-1998
mercero01,33.833333333333336,-3.2,199801240IND-BOS,199801240IND-IND,BOS-1998,0,1998,-108.26666666666668,17.365757575757577,mercero01-1998
billuch01,32.1,6.1,199801240IND-BOS,199801240IND-IND,BOS-1998,0,1998,195.81,17.365757575757577,billuch01-1998
knightr01,30.866666666666667,2.2,199801240IND-BOS,199801240IND-IND,BOS-1998,0,1998,67.90666666666667,17.365757575757577,knightr01-1998
mccarwa01,21.416666666666668,0.1,199801240IND-BOS,199801240IND-IND,BOS-1998,0,1998,2.141666666666667,17.365757575757577,mccarwa01-1998
declean01,17.133333333333333,7.2,199801240IND-BOS,199801240IND-IND,BOS-1998,0,1998,123.36,17.365757575757577,declean01-1998
bowenbr01,16.933333333333334,1.5,199801240IND-BOS,199801240IND-IND,BOS-1998,0,1998,25.4,17.365757575757577,bowenbr01-1998
brownde01,16.15,-4.5,199801240IND-BOS,199801240IND-IND,BOS-1998,0,1998,-72.675,17.365757575757577,brownde01-1998
barroda01,15.9,3,199801240IND-BOS,199801240IND-IND,BOS-1998,0,1998,47.7,17.365757575757577,barroda01-1998
minorgr01,10.35,-2.7,199801240IND-BOS,199801240IND-IND,BOS-1998,0,1998,-27.945,17.365757575757577,minorgr01-1998
thomajo02,4.05,0.9,199801240IND-BOS,199801240IND-IND,BOS-1998,0,1998,3.645,17.365757575757577,thomajo02-1998
howarju01,42.766666666666666,6.3,199801270IND-WAS,199801270IND-IND,WAS-1998,0,1998,269.43,66.64925925925925,howarju01-1998
webbech01,38.38333333333333,4,199801270IND-WAS,199801270IND-IND,WAS-1998,0,1998,153.53333333333333,66.64925925925925,webbech01-1998
stricro02,38.06666666666667,0.2,199801270IND-WAS,199801270IND-IND,WAS-1998,0,1998,7.613333333333334,66.64925925925925,stricro02-1998
cheanca01,36.016666666666666,3,199801270IND-WAS,199801270IND-IND,WAS-1998,0,1998,108.05,66.64925925925925,cheanca01-1998
wallabe01,33.46666666666667,1.5,199801270IND-WAS,199801270IND-IND,WAS-1998,0,1998,50.2,66.64925925925925,wallabe01-1998
murratr01,18.816666666666666,2.8,199801270IND-WAS,199801270IND-IND,WAS-1998,0,1998,52.68666666666666,66.64925925925925,murratr01-1998
whitnch01,17.133333333333333,-1.3,199801270IND-WAS,199801270IND-IND,WAS-1998,0,1998,-22.273333333333333,66.64925925925925,whitnch01-1998
grantha01,11.866666666666667,-1.9,199801270IND-WAS,199801270IND-IND,WAS-1998,0,1998,-22.546666666666667,66.64925925925925,grantha01-1998
hamda01,3.5,0.9,199801270IND-WAS,199801270IND-IND,WAS-1998,0,1998,3.15,66.64925925925925,hamda01-1998
millere01,37.96666666666667,-2,199801280PHI-IND,199801280PHI-PHI,IND-1998,1,1998,-75.93333333333334,36.51866666666667,millere01-1998
davisan01,33.666666666666664,0.8,199801280PHI-IND,199801280PHI-PHI,IND-1998,1,1998,26.933333333333334,36.51866666666667,davisan01-1998
roseja01,33.4,0.7,199801280PHI-IND,199801280PHI-PHI,IND-1998,1,1998,23.38,36.51866666666667,roseja01-1998
jacksma01,29.95,-1.3,199801280PHI-IND,199801280PHI-PHI,IND-1998,1,1998,-38.935,36.51866666666667,jacksma01-1998
davisda01,29.116666666666667,2.3,199801280PHI-IND,199801280PHI-PHI,IND-1998,1,1998,66.96833333333333,36.51866666666667,davisda01-1998
smitsri01,28.966666666666665,2.3,199801280PHI-IND,199801280PHI-PHI,IND-1998,1,1998,66.62333333333332,36.51866666666667,smitsri01-1998
besttr01,23.05,11.6,199801280PHI-IND,199801280PHI-PHI,IND-1998,1,1998,267.38,36.51866666666667,besttr01-1998
mullich01,19.6,2.2,199801280PHI-IND,199801280PHI-PHI,IND-1998,1,1998,43.120000000000005,36.51866666666667,mullich01-1998
hoibefr01,15.05,1.6,199801280PHI-IND,199801280PHI-PHI,IND-1998,1,1998,24.080000000000002,36.51866666666667,hoibefr01-1998
mckeyde01,14.233333333333333,-2.7,199801280PHI-IND,199801280PHI-PHI,IND-1998,1,1998,-38.43,36.51866666666667,mckeyde01-1998
persowe01,46.35,6.8,199801300IND-CLE,199801300IND-IND,CLE-1998,0,1998,315.18,60.473939393939396,persowe01-1998
hendece02,41,-10.2,199801300IND-CLE,199801300IND-IND,CLE-1998,0,1998,-418.2,60.473939393939396,hendece02-1998
ilgauzy01,38.666666666666664,16.6,199801300IND-CLE,199801300IND-IND,CLE-1998,0,1998,641.8666666666667,60.473939393939396,ilgauzy01-1998
knighbr01,36.4,3.7,199801300IND-CLE,199801300IND-IND,CLE-1998,0,1998,134.68,60.473939393939396,knighbr01-1998
kempsh01,25.683333333333334,-1.6,199801300IND-CLE,199801300IND-IND,CLE-1998,0,1998,-41.093333333333334,60.473939393939396,kempsh01-1998
ferryda01,21.6,4.6,199801300IND-CLE,199801300IND-IND,CLE-1998,0,1998,99.36,60.473939393939396,ferryda01-1998
potapvi01,10.05,-0.4,199801300IND-CLE,199801300IND-IND,CLE-1998,0,1998,-4.0200000000000005,60.473939393939396,potapvi01-1998
anderde01,7.95,-4.6,199801300IND-CLE,199801300IND-IND,CLE-1998,0,1998,-36.57,60.473939393939396,anderde01-1998
surabo01,7.7,-3.3,199801300IND-CLE,199801300IND-IND,CLE-1998,0,1998,-25.41,60.473939393939396,surabo01-1998
brooksc01,3.9,-0.4,199801300IND-CLE,199801300IND-IND,CLE-1998,0,1998,-1.56,60.473939393939396,brooksc01-1998
scottsh01,0.7,1.4,199801300IND-CLE,199801300IND-IND,CLE-1998,0,1998,0.9799999999999999,60.473939393939396,scottsh01-1998
millere01,32.583333333333336,1.7,199802010LAC-IND,199802010LAC-LAC,IND-1998,1,1998,55.391666666666666,37.07783333333333,millere01-1998
mckeyde01,31.133333333333333,0.3,199802010LAC-IND,199802010LAC-LAC,IND-1998,1,1998,9.34,37.07783333333333,mckeyde01-1998
jacksma01,30.683333333333334,5.1,199802010LAC-IND,199802010LAC-LAC,IND-1998,1,1998,156.48499999999999,37.07783333333333,jacksma01-1998
smitsri01,29.816666666666666,1.2,199802010LAC-IND,199802010LAC-LAC,IND-1998,1,1998,35.78,37.07783333333333,smitsri01-1998
roseja01,25.55,1.7,199802010LAC-IND,199802010LAC-LAC,IND-1998,1,1998,43.435,37.07783333333333,roseja01-1998
davisda01,24.05,1.9,199802010LAC-IND,199802010LAC-LAC,IND-1998,1,1998,45.695,37.07783333333333,davisda01-1998
davisan01,18.183333333333334,0.3,199802010LAC-IND,199802010LAC-LAC,IND-1998,1,1998,5.455,37.07783333333333,davisan01-1998
besttr01,17.316666666666666,-0.2,199802010LAC-IND,199802010LAC-LAC,IND-1998,1,1998,-3.4633333333333334,37.07783333333333,besttr01-1998
hoibefr01,15.416666666666666,-1.6,199802010LAC-IND,199802010LAC-LAC,IND-1998,1,1998,-24.666666666666668,37.07783333333333,hoibefr01-1998
mullich01,15.266666666666667,3.1,199802010LAC-IND,199802010LAC-LAC,IND-1998,1,1998,47.32666666666667,37.07783333333333,mullich01-1998
jacksma01,27.4,3.4,199802030SAC-IND,199802030SAC-SAC,IND-1998,1,1998,93.16,43.67777777777778,jacksma01-1998
davisda01,26.35,-1.4,199802030SAC-IND,199802030SAC-SAC,IND-1998,1,1998,-36.89,43.67777777777778,davisda01-1998
roseja01,26.016666666666666,1.3,199802030SAC-IND,199802030SAC-SAC,IND-1998,1,1998,33.821666666666665,43.67777777777778,roseja01-1998
millere01,25.866666666666667,4.8,199802030SAC-IND,199802030SAC-SAC,IND-1998,1,1998,124.16,43.67777777777778,millere01-1998
davisan01,22.2,4.3,199802030SAC-IND,199802030SAC-SAC,IND-1998,1,1998,95.46,43.67777777777778,davisan01-1998
hoibefr01,22.133333333333333,-1.2,199802030SAC-IND,199802030SAC-SAC,IND-1998,1,1998,-26.56,43.67777777777778,hoibefr01-1998
mullich01,21.983333333333334,4.1,199802030SAC-IND,199802030SAC-SAC,IND-1998,1,1998,90.13166666666666,43.67777777777778,mullich01-1998
smitsri01,20.95,7,199802030SAC-IND,199802030SAC-SAC,IND-1998,1,1998,146.65,43.67777777777778,smitsri01-1998
besttr01,20.6,-0.8,199802030SAC-IND,199802030SAC-SAC,IND-1998,1,1998,-16.48,43.67777777777778,besttr01-1998
mckeyde01,16.8,1,199802030SAC-IND,199802030SAC-SAC,IND-1998,1,1998,16.8,43.67777777777778,mckeyde01-1998
croshau01,4.85,-0.5,199802030SAC-IND,199802030SAC-SAC,IND-1998,1,1998,-2.425,43.67777777777778,croshau01-1998
westma01,4.85,1.3,199802030SAC-IND,199802030SAC-SAC,IND-1998,1,1998,6.305,43.67777777777778,westma01-1998
millere01,40.28333333333333,11.4,199802040SEA-IND,199802040SEA-SEA,IND-1998,0,1998,459.23,52.584545454545456,millere01-1998
jacksma01,37.15,1.9,199802040SEA-IND,199802040SEA-SEA,IND-1998,0,1998,70.585,52.584545454545456,jacksma01-1998
smitsri01,30.333333333333332,-2.1,199802040SEA-IND,199802040SEA-SEA,IND-1998,0,1998,-63.7,52.584545454545456,smitsri01-1998
mullich01,26.133333333333333,4.9,199802040SEA-IND,199802040SEA-SEA,IND-1998,0,1998,128.05333333333334,52.584545454545456,mullich01-1998
davisan01,24.266666666666666,-2,199802040SEA-IND,199802040SEA-SEA,IND-1998,0,1998,-48.53333333333333,52.584545454545456,davisan01-1998
mckeyde01,20.983333333333334,-1.1,199802040SEA-IND,199802040SEA-SEA,IND-1998,0,1998,-23.08166666666667,52.584545454545456,mckeyde01-1998
davisda01,20.416666666666668,3.3,199802040SEA-IND,199802040SEA-SEA,IND-1998,0,1998,67.375,52.584545454545456,davisda01-1998
roseja01,18.4,0.1,199802040SEA-IND,199802040SEA-SEA,IND-1998,0,1998,1.8399999999999999,52.584545454545456,roseja01-1998
besttr01,10.85,1.9,199802040SEA-IND,199802040SEA-SEA,IND-1998,0,1998,20.615,52.584545454545456,besttr01-1998
hoibefr01,7.716666666666667,-4.4,199802040SEA-IND,199802040SEA-SEA,IND-1998,0,1998,-33.95333333333333,52.584545454545456,hoibefr01-1998
croshau01,3.466666666666667,0,199802040SEA-IND,199802040SEA-SEA,IND-1998,0,1998,0,52.584545454545456,croshau01-1998
anderni01,32.4,5.1,199802100IND-ORL,199802100IND-IND,ORL-1998,0,1998,165.23999999999998,9.82560606060606,anderni01-1998
grantho01,29.95,3.3,199802100IND-ORL,199802100IND-IND,ORL-1998,0,1998,98.835,9.82560606060606,grantho01-1998
seikaro01,29.333333333333332,0.1,199802100IND-ORL,199802100IND-IND,ORL-1998,0,1998,2.9333333333333336,9.82560606060606,seikaro01-1998
outlabo01,28.483333333333334,0.2,199802100IND-ORL,199802100IND-IND,ORL-1998,0,1998,5.696666666666667,9.82560606060606,outlabo01-1998
harpede01,24.7,-6.2,199802100IND-ORL,199802100IND-IND,ORL-1998,0,1998,-153.14,9.82560606060606,harpede01-1998
stronde01,22.366666666666667,3.3,199802100IND-ORL,199802100IND-IND,ORL-1998,0,1998,73.81,9.82560606060606,stronde01-1998
pricema01,20.433333333333334,-3.6,199802100IND-ORL,199802100IND-IND,ORL-1998,0,1998,-73.56,9.82560606060606,pricema01-1998
schayda01,15.7,1.6,199802100IND-ORL,199802100IND-IND,ORL-1998,0,1998,25.12,9.82560606060606,schayda01-1998
evansbr01,13.733333333333333,-1,199802100IND-ORL,199802100IND-IND,ORL-1998,0,1998,-13.733333333333333,9.82560606060606,evansbr01-1998
wilkige01,12,-1.2,199802100IND-ORL,199802100IND-IND,ORL-1998,0,1998,-14.399999999999999,9.82560606060606,wilkige01-1998
hardaan01,10.9,-0.8,199802100IND-ORL,199802100IND-IND,ORL-1998,0,1998,-8.72,9.82560606060606,hardaan01-1998
millere01,42.9,9,199802110MIA-IND,199802110MIA-MIA,IND-1998,1,1998,386.09999999999997,79.84966666666666,millere01-1998
mckeyde01,28.35,0.1,199802110MIA-IND,199802110MIA-MIA,IND-1998,1,1998,2.8350000000000004,79.84966666666666,mckeyde01-1998
davisan01,27.45,6,199802110MIA-IND,199802110MIA-MIA,IND-1998,1,1998,164.7,79.84966666666666,davisan01-1998
davisda01,27.116666666666667,-0.8,199802110MIA-IND,199802110MIA-MIA,IND-1998,1,1998,-21.693333333333335,79.84966666666666,davisda01-1998
besttr01,25.366666666666667,8.9,199802110MIA-IND,199802110MIA-MIA,IND-1998,1,1998,225.76333333333335,79.84966666666666,besttr01-1998
jacksma01,22.633333333333333,-0.6,199802110MIA-IND,199802110MIA-MIA,IND-1998,1,1998,-13.58,79.84966666666666,jacksma01-1998
roseja01,20.783333333333335,0.1,199802110MIA-IND,199802110MIA-MIA,IND-1998,1,1998,2.0783333333333336,79.84966666666666,roseja01-1998
mullich01,20.533333333333335,0.6,199802110MIA-IND,199802110MIA-MIA,IND-1998,1,1998,12.32,79.84966666666666,mullich01-1998
smitsri01,18.266666666666666,3.2,199802110MIA-IND,199802110MIA-MIA,IND-1998,1,1998,58.45333333333333,79.84966666666666,smitsri01-1998
hoibefr01,6.6,-2.8,199802110MIA-IND,199802110MIA-MIA,IND-1998,1,1998,-18.479999999999997,79.84966666666666,hoibefr01-1998
finlemi01,56.88333333333333,11.8,199802130IND-DAL,199802130IND-IND,DAL-1998,1,1998,671.2233333333334,92.09983333333334,finlemi01-1998
greenac01,46.56666666666667,5.7,199802130IND-DAL,199802130IND-IND,DAL-1998,1,1998,265.43,92.09983333333334,greenac01-1998
davishu01,43.25,4.3,199802130IND-DAL,199802130IND-IND,DAL-1998,1,1998,185.975,92.09983333333334,davishu01-1998
bradlsh01,36.56666666666667,1.7,199802130IND-DAL,199802130IND-IND,DAL-1998,1,1998,62.163333333333334,92.09983333333334,bradlsh01-1998
stricer01,35.766666666666666,-3.1,199802130IND-DAL,199802130IND-IND,DAL-1998,1,1998,-110.87666666666667,92.09983333333334,stricer01-1998
scottde01,29.816666666666666,-4.8,199802130IND-DAL,199802130IND-IND,DAL-1998,1,1998,-143.12,92.09983333333334,scottde01-1998
anstech01,21.333333333333332,0.7,199802130IND-DAL,199802130IND-IND,DAL-1998,1,1998,14.933333333333332,92.09983333333334,anstech01-1998
reevekh01,8.15,-3,199802130IND-DAL,199802130IND-IND,DAL-1998,1,1998,-24.450000000000003,92.09983333333334,reevekh01-1998
muursma01,7.933333333333334,0.2,199802130IND-DAL,199802130IND-IND,DAL-1998,1,1998,1.586666666666667,92.09983333333334,muursma01-1998
rileyer01,3.7333333333333334,-0.5,199802130IND-DAL,199802130IND-IND,DAL-1998,1,1998,-1.8666666666666667,92.09983333333334,rileyer01-1998
millere01,36.31666666666667,13.4,199802140ATL-IND,199802140ATL-ATL,IND-1998,1,1998,486.6433333333334,63.68516666666667,millere01-1998
smitsri01,31.133333333333333,-3.3,199802140ATL-IND,199802140ATL-ATL,IND-1998,1,1998,-102.74,63.68516666666667,smitsri01-1998
mckeyde01,29.033333333333335,4.8,199802140ATL-IND,199802140ATL-ATL,IND-1998,1,1998,139.36,63.68516666666667,mckeyde01-1998
davisda01,27.566666666666666,-1.4,199802140ATL-IND,199802140ATL-ATL,IND-1998,1,1998,-38.593333333333334,63.68516666666667,davisda01-1998
besttr01,25.466666666666665,9.6,199802140ATL-IND,199802140ATL-ATL,IND-1998,1,1998,244.47999999999996,63.68516666666667,besttr01-1998
mullich01,23.583333333333332,-5,199802140ATL-IND,199802140ATL-ATL,IND-1998,1,1998,-117.91666666666666,63.68516666666667,mullich01-1998
davisan01,23.483333333333334,-1.8,199802140ATL-IND,199802140ATL-ATL,IND-1998,1,1998,-42.27,63.68516666666667,davisan01-1998
jacksma01,22.533333333333335,4.2,199802140ATL-IND,199802140ATL-ATL,IND-1998,1,1998,94.64000000000001,63.68516666666667,jacksma01-1998
roseja01,17.616666666666667,-1.5,199802140ATL-IND,199802140ATL-ATL,IND-1998,1,1998,-26.425,63.68516666666667,roseja01-1998
hoibefr01,3.2666666666666666,-0.1,199802140ATL-IND,199802140ATL-ATL,IND-1998,1,1998,-0.32666666666666666,63.68516666666667,hoibefr01-1998
millere01,38.2,11.8,199802170CHI-IND,199802170CHI-CHI,IND-1998,0,1998,450.76000000000005,57.40816666666667,millere01-1998
jacksma01,32.68333333333333,-1.3,199802170CHI-IND,199802170CHI-CHI,IND-1998,0,1998,-42.48833333333333,57.40816666666667,jacksma01-1998
davisda01,31.85,0.3,199802170CHI-IND,199802170CHI-CHI,IND-1998,0,1998,9.555,57.40816666666667,davisda01-1998
davisan01,31.283333333333335,2.9,199802170CHI-IND,199802170CHI-CHI,IND-1998,0,1998,90.72166666666666,57.40816666666667,davisan01-1998
mullich01,28.183333333333334,5.4,199802170CHI-IND,199802170CHI-CHI,IND-1998,0,1998,152.19,57.40816666666667,mullich01-1998
mckeyde01,26.283333333333335,-1,199802170CHI-IND,199802170CHI-CHI,IND-1998,0,1998,-26.283333333333335,57.40816666666667,mckeyde01-1998
smitsri01,21.566666666666666,-1.2,199802170CHI-IND,199802170CHI-CHI,IND-1998,0,1998,-25.88,57.40816666666667,smitsri01-1998
besttr01,15.333333333333334,-3.9,199802170CHI-IND,199802170CHI-CHI,IND-1998,0,1998,-59.800000000000004,57.40816666666667,besttr01-1998
roseja01,12.833333333333334,2,199802170CHI-IND,199802170CHI-CHI,IND-1998,0,1998,25.666666666666668,57.40816666666667,roseja01-1998
hoibefr01,1.8,-0.2,199802170CHI-IND,199802170CHI-CHI,IND-1998,0,1998,-0.36000000000000004,57.40816666666667,hoibefr01-1998
ratlith01,41.35,7.1,199802190IND-PHI,199802190IND-IND,PHI-1998,0,1998,293.585,49.2237037037037,ratlith01-1998
colemde01,40.75,0.9,199802190IND-PHI,199802190IND-IND,PHI-1998,0,1998,36.675000000000004,49.2237037037037,colemde01-1998
thomati01,33.53333333333333,5.9,199802190IND-PHI,199802190IND-IND,PHI-1998,0,1998,197.84666666666666,49.2237037037037,thomati01-1998
iversal01,31.166666666666668,-1,199802190IND-PHI,199802190IND-IND,PHI-1998,0,1998,-31.166666666666668,49.2237037037037,iversal01-1998
snower01,27.716666666666665,2.3,199802190IND-PHI,199802190IND-IND,PHI-1998,0,1998,63.74833333333333,49.2237037037037,snower01-1998
mckieaa01,20.45,-3.5,199802190IND-PHI,199802190IND-IND,PHI-1998,0,1998,-71.575,49.2237037037037,mckieaa01-1998
davisma02,16.666666666666668,0.9,199802190IND-PHI,199802190IND-IND,PHI-1998,0,1998,15.000000000000002,49.2237037037037,davisma02-1998
smithjo02,14.466666666666667,-4.8,199802190IND-PHI,199802190IND-IND,PHI-1998,0,1998,-69.44,49.2237037037037,smithjo02-1998
willisc01,13.9,0.6,199802190IND-PHI,199802190IND-IND,PHI-1998,0,1998,8.34,49.2237037037037,willisc01-1998
millere01,37.666666666666664,4.5,199802200ORL-IND,199802200ORL-ORL,IND-1998,0,1998,169.5,58.423148148148144,millere01-1998
smitsri01,34.68333333333333,7.4,199802200ORL-IND,199802200ORL-ORL,IND-1998,0,1998,256.65666666666664,58.423148148148144,smitsri01-1998
davisda01,31.683333333333334,-1.1,199802200ORL-IND,199802200ORL-ORL,IND-1998,0,1998,-34.85166666666667,58.423148148148144,davisda01-1998
jacksma01,30.466666666666665,5.2,199802200ORL-IND,199802200ORL-ORL,IND-1998,0,1998,158.42666666666668,58.423148148148144,jacksma01-1998
mullich01,27.483333333333334,3.6,199802200ORL-IND,199802200ORL-ORL,IND-1998,0,1998,98.94000000000001,58.423148148148144,mullich01-1998
mckeyde01,24.783333333333335,-3.7,199802200ORL-IND,199802200ORL-ORL,IND-1998,0,1998,-91.69833333333334,58.423148148148144,mckeyde01-1998
davisan01,21.283333333333335,0.1,199802200ORL-IND,199802200ORL-ORL,IND-1998,0,1998,2.1283333333333334,58.423148148148144,davisan01-1998
besttr01,17.533333333333335,0.9,199802200ORL-IND,199802200ORL-ORL,IND-1998,0,1998,15.780000000000001,58.423148148148144,besttr01-1998
roseja01,14.433333333333334,-3.4,199802200ORL-IND,199802200ORL-ORL,IND-1998,0,1998,-49.07333333333333,58.423148148148144,roseja01-1998
millere01,38.6,7.2,199802220PHI-IND,199802220PHI-PHI,IND-1998,1,1998,277.92,57.44981481481482,millere01-1998
smitsri01,33.983333333333334,-3.8,199802220PHI-IND,199802220PHI-PHI,IND-1998,1,1998,-129.13666666666666,57.44981481481482,smitsri01-1998
jacksma01,30.883333333333333,3.3,199802220PHI-IND,199802220PHI-PHI,IND-1998,1,1998,101.91499999999999,57.44981481481482,jacksma01-1998
davisan01,29.783333333333335,-4,199802220PHI-IND,199802220PHI-PHI,IND-1998,1,1998,-119.13333333333334,57.44981481481482,davisan01-1998
mullich01,29.616666666666667,8.3,199802220PHI-IND,199802220PHI-PHI,IND-1998,1,1998,245.81833333333336,57.44981481481482,mullich01-1998
davisda01,23.916666666666668,5.3,199802220PHI-IND,199802220PHI-PHI,IND-1998,1,1998,126.75833333333334,57.44981481481482,davisda01-1998
mckeyde01,22.183333333333334,-0.9,199802220PHI-IND,199802220PHI-PHI,IND-1998,1,1998,-19.965,57.44981481481482,mckeyde01-1998
besttr01,17.116666666666667,-0.6,199802220PHI-IND,199802220PHI-PHI,IND-1998,1,1998,-10.27,57.44981481481482,besttr01-1998
roseja01,13.916666666666666,3.1,199802220PHI-IND,199802220PHI-PHI,IND-1998,1,1998,43.141666666666666,57.44981481481482,roseja01-1998
fishede01,44.3,10.3,199802250IND-LAL,199802250IND-IND,LAL-1998,1,1998,456.29,103.77074074074073,fishede01-1998
onealsh01,40.71666666666667,5.1,199802250IND-LAL,199802250IND-IND,LAL-1998,1,1998,207.655,103.77074074074073,onealsh01-1998
foxri01,37.43333333333333,0.8,199802250IND-LAL,199802250IND-IND,LAL-1998,1,1998,29.946666666666665,103.77074074074073,foxri01-1998
jonesed02,32.266666666666666,5.7,199802250IND-LAL,199802250IND-IND,LAL-1998,1,1998,183.92,103.77074074074073,jonesed02-1998
horryro01,31.566666666666666,4.8,199802250IND-LAL,199802250IND-IND,LAL-1998,1,1998,151.51999999999998,103.77074074074073,horryro01-1998
bryanko01,22.55,-5.9,199802250IND-LAL,199802250IND-IND,LAL-1998,1,1998,-133.04500000000002,103.77074074074073,bryanko01-1998
campbel01,17.85,0.1,199802250IND-LAL,199802250IND-IND,LAL-1998,1,1998,1.7850000000000001,103.77074074074073,campbel01-1998
blounco01,13.283333333333333,2.7,199802250IND-LAL,199802250IND-IND,LAL-1998,1,1998,35.865,103.77074074074073,blounco01-1998
barryjo01,0.05,0,199802250IND-LAL,199802250IND-IND,LAL-1998,1,1998,0,103.77074074074073,barryjo01-1998
rideris01,33.21666666666667,-0.5,199802270IND-POR,199802270IND-IND,POR-1998,0,1998,-16.608333333333334,-47.878055555555555,rideris01-1998
stoudda01,31.416666666666668,-3.4,199802270IND-POR,199802270IND-IND,POR-1998,0,1998,-106.81666666666666,-47.878055555555555,stoudda01-1998
grantbr01,30.033333333333335,-10.3,199802270IND-POR,199802270IND-IND,POR-1998,0,1998,-309.34333333333336,-47.878055555555555,grantbr01-1998
wallara01,25.716666666666665,3.2,199802270IND-POR,199802270IND-IND,POR-1998,0,1998,82.29333333333334,-47.878055555555555,wallara01-1998
williwa02,21.15,2.7,199802270IND-POR,199802270IND-IND,POR-1998,0,1998,57.105,-47.878055555555555,williwa02-1998
sabonar01,19.65,2.3,199802270IND-POR,199802270IND-IND,POR-1998,0,1998,45.19499999999999,-47.878055555555555,sabonar01-1998
rogerca01,16.633333333333333,-3.4,199802270IND-POR,199802270IND-IND,POR-1998,0,1998,-56.55333333333333,-47.878055555555555,rogerca01-1998
brunsri01,16.583333333333332,-3,199802270IND-POR,199802270IND-IND,POR-1998,0,1998,-49.75,-47.878055555555555,brunsri01-1998
catoke01,14.933333333333334,-5.9,199802270IND-POR,199802270IND-IND,POR-1998,0,1998,-88.10666666666667,-47.878055555555555,catoke01-1998
augmost01,14.783333333333333,-7.2,199802270IND-POR,199802270IND-IND,POR-1998,0,1998,-106.44,-47.878055555555555,augmost01-1998
onealje01,9.616666666666667,-3.5,199802270IND-POR,199802270IND-IND,POR-1998,0,1998,-33.65833333333333,-47.878055555555555,onealje01-1998
askewvi01,6.266666666666667,1.3,199802270IND-POR,199802270IND-IND,POR-1998,0,1998,8.1466666666666665,-47.878055555555555,askewvi01-1998
ellisla01,34.666666666666664,-5.1,199803010IND-DEN,199803010IND-IND,DEN-1998,0,1998,-176.79999999999998,-35.272499999999994,ellisla01-1998
washier01,29.05,-1.5,199803010IND-DEN,199803010IND-IND,DEN-1998,0,1998,-43.575,-35.272499999999994,washier01-1998
goldwan01,28.933333333333334,0.4,199803010IND-DEN,199803010IND-IND,DEN-1998,0,1998,11.573333333333334,-35.272499999999994,goldwan01-1998
stithbr01,28.933333333333334,-0.3,199803010IND-DEN,199803010IND-IND,DEN-1998,0,1998,-8.68,-35.272499999999994,stithbr01-1998
battito01,27.5,1.6,199803010IND-DEN,199803010IND-IND,DEN-1998,0,1998,44,-35.272499999999994,battito01-1998
fortsda01,27.25,0.1,199803010IND-DEN,199803010IND-IND,DEN-1998,0,1998,2.725,-35.272499999999994,fortsda01-1998
garrede01,22.8,-8.2,199803010IND-DEN,199803010IND-IND,DEN-1998,0,1998,-186.95999999999998,-35.272499999999994,garrede01-1998
garriki01,19.066666666666666,-0.2,199803010IND-DEN,199803010IND-IND,DEN-1998,0,1998,-3.8133333333333335,-35.272499999999994,garriki01-1998
wolfjo01,17.35,1.2,199803010IND-DEN,199803010IND-IND,DEN-1998,0,1998,20.82,-35.272499999999994,wolfjo01-1998
ellisha01,4.45,-2.7,199803010IND-DEN,199803010IND-IND,DEN-1998,0,1998,-12.015,-35.272499999999994,ellisha01-1998
mullich01,33.416666666666664,-4.3,199803030VAN-IND,199803030VAN-VAN,IND-1998,1,1998,-143.69166666666666,45.550000000000004,mullich01-1998
millere01,31.966666666666665,7.9,199803030VAN-IND,199803030VAN-VAN,IND-1998,1,1998,252.53666666666666,45.550000000000004,millere01-1998
davisan01,30.333333333333332,3.6,199803030VAN-IND,199803030VAN-VAN,IND-1998,1,1998,109.2,45.550000000000004,davisan01-1998
davisda01,29.3,-3.6,199803030VAN-IND,199803030VAN-VAN,IND-1998,1,1998,-105.48,45.550000000000004,davisda01-1998
besttr01,26.4,3.4,199803030VAN-IND,199803030VAN-VAN,IND-1998,1,1998,89.75999999999999,45.550000000000004,besttr01-1998
smitsri01,24.95,6.9,199803030VAN-IND,199803030VAN-VAN,IND-1998,1,1998,172.155,45.550000000000004,smitsri01-1998
mckeyde01,22.133333333333333,-0.3,199803030VAN-IND,199803030VAN-VAN,IND-1998,1,1998,-6.64,45.550000000000004,mckeyde01-1998
jacksma01,21.6,3.7,199803030VAN-IND,199803030VAN-VAN,IND-1998,1,1998,79.92000000000002,45.550000000000004,jacksma01-1998
roseja01,19.9,-1.9,199803030VAN-IND,199803030VAN-VAN,IND-1998,1,1998,-37.809999999999995,45.550000000000004,roseja01-1998
millere01,36.666666666666664,6.7,199803040LAL-IND,199803040LAL-LAL,IND-1998,0,1998,245.66666666666666,47.47212121212121,millere01-1998
davisan01,34.88333333333333,0.6,199803040LAL-IND,199803040LAL-LAL,IND-1998,0,1998,20.93,47.47212121212121,davisan01-1998
jacksma01,34.06666666666667,5.1,199803040LAL-IND,199803040LAL-LAL,IND-1998,0,1998,173.74,47.47212121212121,jacksma01-1998
mckeyde01,26.616666666666667,3.4,199803040LAL-IND,199803040LAL-LAL,IND-1998,0,1998,90.49666666666667,47.47212121212121,mckeyde01-1998
roseja01,24,-0.1,199803040LAL-IND,199803040LAL-LAL,IND-1998,0,1998,-2.4000000000000004,47.47212121212121,roseja01-1998
davisda01,23.766666666666666,3.2,199803040LAL-IND,199803040LAL-LAL,IND-1998,0,1998,76.05333333333333,47.47212121212121,davisda01-1998
mullich01,20.466666666666665,0,199803040LAL-IND,199803040LAL-LAL,IND-1998,0,1998,0,47.47212121212121,mullich01-1998
smitsri01,15.033333333333333,-0.8,199803040LAL-IND,199803040LAL-LAL,IND-1998,0,1998,-12.026666666666667,47.47212121212121,smitsri01-1998
besttr01,13.933333333333334,-4.3,199803040LAL-IND,199803040LAL-LAL,IND-1998,0,1998,-59.913333333333334,47.47212121212121,besttr01-1998
westma01,7.4,-0.8,199803040LAL-IND,199803040LAL-LAL,IND-1998,0,1998,-5.920000000000001,47.47212121212121,westma01-1998
hoibefr01,3.1666666666666665,-1.4,199803040LAL-IND,199803040LAL-LAL,IND-1998,0,1998,-4.433333333333333,47.47212121212121,hoibefr01-1998
millere01,33.03333333333333,2.9,199803060GSW-IND,199803060GSW-GSW,IND-1998,1,1998,95.79666666666665,40.31783333333333,millere01-1998
davisan01,28,1.6,199803060GSW-IND,199803060GSW-GSW,IND-1998,1,1998,44.800000000000004,40.31783333333333,davisan01-1998
mullich01,27.633333333333333,-1.4,199803060GSW-IND,199803060GSW-GSW,IND-1998,1,1998,-38.68666666666666,40.31783333333333,mullich01-1998
davisda01,27.55,2.5,199803060GSW-IND,199803060GSW-GSW,IND-1998,1,1998,68.875,40.31783333333333,davisda01-1998
jacksma01,26.833333333333332,-1.5,199803060GSW-IND,199803060GSW-GSW,IND-1998,1,1998,-40.25,40.31783333333333,jacksma01-1998
smitsri01,25.283333333333335,2.7,199803060GSW-IND,199803060GSW-GSW,IND-1998,1,1998,68.26500000000001,40.31783333333333,smitsri01-1998
roseja01,22.35,3.1,199803060GSW-IND,199803060GSW-GSW,IND-1998,1,1998,69.28500000000001,40.31783333333333,roseja01-1998
besttr01,21.166666666666668,1.7,199803060GSW-IND,199803060GSW-GSW,IND-1998,1,1998,35.983333333333334,40.31783333333333,besttr01-1998
mckeyde01,15.166666666666666,0.2,199803060GSW-IND,199803060GSW-GSW,IND-1998,1,1998,3.033333333333333,40.31783333333333,mckeyde01-1998
hoibefr01,12.983333333333333,7.4,199803060GSW-IND,199803060GSW-GSW,IND-1998,1,1998,96.07666666666667,40.31783333333333,hoibefr01-1998
mercero01,42.8,2,199803080IND-BOS,199803080IND-IND,BOS-1998,0,1998,85.6,35.151296296296294,mercero01-1998
declean01,35.3,0.8,199803080IND-BOS,199803080IND-IND,BOS-1998,0,1998,28.24,35.151296296296294,declean01-1998
anderke01,33,4.4,199803080IND-BOS,199803080IND-IND,BOS-1998,0,1998,145.20000000000002,35.151296296296294,anderke01-1998
knightr01,27.983333333333334,0.5,199803080IND-BOS,199803080IND-IND,BOS-1998,0,1998,13.991666666666667,35.151296296296294,knightr01-1998
walkean02,27.133333333333333,2.2,199803080IND-BOS,199803080IND-IND,BOS-1998,0,1998,59.693333333333335,35.151296296296294,walkean02-1998
minorgr01,24.2,-1.8,199803080IND-BOS,199803080IND-IND,BOS-1998,0,1998,-43.56,35.151296296296294,minorgr01-1998
mccarwa01,20.316666666666666,-3.4,199803080IND-BOS,199803080IND-IND,BOS-1998,0,1998,-69.07666666666667,35.151296296296294,mccarwa01-1998
barroda01,15.166666666666666,4.3,199803080IND-BOS,199803080IND-IND,BOS-1998,0,1998,65.21666666666665,35.151296296296294,barroda01-1998
bowenbr01,14.116666666666667,2.2,199803080IND-BOS,199803080IND-IND,BOS-1998,0,1998,31.056666666666672,35.151296296296294,bowenbr01-1998
jacksma01,30.933333333333334,-7.1,199803110DET-IND,199803110DET-DET,IND-1998,0,1998,-219.62666666666667,-19.240972222222222,jacksma01-1998
millere01,30.05,0,199803110DET-IND,199803110DET-DET,IND-1998,0,1998,0,-19.240972222222222,millere01-1998
davisda01,27.566666666666666,3.1,199803110DET-IND,199803110DET-DET,IND-1998,0,1998,85.45666666666666,-19.240972222222222,davisda01-1998
smitsri01,24.033333333333335,-4.1,199803110DET-IND,199803110DET-DET,IND-1998,0,1998,-98.53666666666666,-19.240972222222222,smitsri01-1998
roseja01,23.916666666666668,-3,199803110DET-IND,199803110DET-DET,IND-1998,0,1998,-71.75,-19.240972222222222,roseja01-1998
mckeyde01,19.6,-3.5,199803110DET-IND,199803110DET-DET,IND-1998,0,1998,-68.60000000000001,-19.240972222222222,mckeyde01-1998
davisan01,19.05,2.9,199803110DET-IND,199803110DET-DET,IND-1998,0,1998,55.245,-19.240972222222222,davisan01-1998
mullich01,18.35,0.6,199803110DET-IND,199803110DET-DET,IND-1998,0,1998,11.01,-19.240972222222222,mullich01-1998
hoibefr01,17.95,3,199803110DET-IND,199803110DET-DET,IND-1998,0,1998,53.849999999999994,-19.240972222222222,hoibefr01-1998
besttr01,17.066666666666666,1.1,199803110DET-IND,199803110DET-DET,IND-1998,0,1998,18.773333333333333,-19.240972222222222,besttr01-1998
croshau01,6.566666666666666,0.8,199803110DET-IND,199803110DET-DET,IND-1998,0,1998,5.253333333333334,-19.240972222222222,croshau01-1998
westma01,4.916666666666667,-0.4,199803110DET-IND,199803110DET-DET,IND-1998,0,1998,-1.9666666666666668,-19.240972222222222,westma01-1998
perryel01,42.75,9.9,199803130IND-MIL,199803130IND-IND,MIL-1998,0,1998,423.225,-2.1726388888888857,perryel01-1998
allenra02,41.483333333333334,2.8,199803130IND-MIL,199803130IND-IND,MIL-1998,0,1998,116.15333333333332,-2.1726388888888857,allenra02-1998
hillty01,40.78333333333333,-3,199803130IND-MIL,199803130IND-IND,MIL-1998,0,1998,-122.35,-2.1726388888888857,hillty01-1998
johnser02,31.15,-5.6,199803130IND-MIL,199803130IND-IND,MIL-1998,0,1998,-174.43999999999997,-2.1726388888888857,johnser02-1998
currymi01,29.05,-5.6,199803130IND-MIL,199803130IND-IND,MIL-1998,0,1998,-162.68,-2.1726388888888857,currymi01-1998
piercri01,21.4,-3.2,199803130IND-MIL,199803130IND-IND,MIL-1998,0,1998,-68.48,-2.1726388888888857,piercri01-1998
gilliar01,18.266666666666666,-2.5,199803130IND-MIL,199803130IND-IND,MIL-1998,0,1998,-45.666666666666664,-2.1726388888888857,gilliar01-1998
greenli01,5.25,0.2,199803130IND-MIL,199803130IND-IND,MIL-1998,0,1998,1.05,-2.1726388888888857,greenli01-1998
langan01,3.7666666666666666,0,199803130IND-MIL,199803130IND-IND,MIL-1998,0,1998,0,-2.1726388888888857,langan01-1998
feickja01,2.033333333333333,2.5,199803130IND-MIL,199803130IND-IND,MIL-1998,0,1998,5.083333333333333,-2.1726388888888857,feickja01-1998
honeyje01,2.033333333333333,0.8,199803130IND-MIL,199803130IND-IND,MIL-1998,0,1998,1.6266666666666667,-2.1726388888888857,honeyje01-1998
nordgje01,2.033333333333333,0.2,199803130IND-MIL,199803130IND-IND,MIL-1998,0,1998,0.4066666666666667,-2.1726388888888857,nordgje01-1998
millere01,43.65,-2,199803150NYK-IND,199803150NYK-NYK,IND-1998,1,1998,-87.3,85.63888888888889,millere01-1998
smitsri01,38.35,4.2,199803150NYK-IND,199803150NYK-NYK,IND-1998,1,1998,161.07000000000002,85.63888888888889,smitsri01-1998
jacksma01,35.53333333333333,17.2,199803150NYK-IND,199803150NYK-NYK,IND-1998,1,1998,611.1733333333333,85.63888888888889,jacksma01-1998
davisda01,29.633333333333333,0.9,199803150NYK-IND,199803150NYK-NYK,IND-1998,1,1998,26.67,85.63888888888889,davisda01-1998
mullich01,25.766666666666666,2.8,199803150NYK-IND,199803150NYK-NYK,IND-1998,1,1998,72.14666666666666,85.63888888888889,mullich01-1998
davisan01,24.4,0.9,199803150NYK-IND,199803150NYK-NYK,IND-1998,1,1998,21.96,85.63888888888889,davisan01-1998
mckeyde01,19.85,0.6,199803150NYK-IND,199803150NYK-NYK,IND-1998,1,1998,11.91,85.63888888888889,mckeyde01-1998
besttr01,12.466666666666667,-2.1,199803150NYK-IND,199803150NYK-NYK,IND-1998,1,1998,-26.18,85.63888888888889,besttr01-1998
roseja01,10.35,-2,199803150NYK-IND,199803150NYK-NYK,IND-1998,1,1998,-20.7,85.63888888888889,roseja01-1998
rodmade01,48,5.8,199803170IND-CHI,199803170IND-IND,CHI-1998,1,1998,278.4,140.79766666666666,rodmade01-1998
jordami01,41.61666666666667,8.4,199803170IND-CHI,199803170IND-IND,CHI-1998,1,1998,349.58000000000004,140.79766666666666,jordami01-1998
pippesc01,40.666666666666664,4.8,199803170IND-CHI,199803170IND-IND,CHI-1998,1,1998,195.2,140.79766666666666,pippesc01-1998
harpero01,39.46666666666667,12.6,199803170IND-CHI,199803170IND-IND,CHI-1998,1,1998,497.28000000000003,140.79766666666666,harpero01-1998
kukocto01,39.35,5.2,199803170IND-CHI,199803170IND-IND,CHI-1998,1,1998,204.62,140.79766666666666,kukocto01-1998
kerrst01,19.9,-4.9,199803170IND-CHI,199803170IND-IND,CHI-1998,1,1998,-97.51,140.79766666666666,kerrst01-1998
burresc01,4.45,-2.2,199803170IND-CHI,199803170IND-IND,CHI-1998,1,1998,-9.790000000000001,140.79766666666666,burresc01-1998
simpkdi01,3.5666666666666664,-1.7,199803170IND-CHI,199803170IND-IND,CHI-1998,1,1998,-6.063333333333333,140.79766666666666,simpkdi01-1998
wennibi01,1.7,-2.2,199803170IND-CHI,199803170IND-IND,CHI-1998,1,1998,-3.74,140.79766666666666,wennibi01-1998
kleinjo01,1.2833333333333332,0,199803170IND-CHI,199803170IND-IND,CHI-1998,1,1998,0,140.79766666666666,kleinjo01-1998
millere01,34.38333333333333,2.4,199803190WAS-IND,199803190WAS-WAS,IND-1998,1,1998,82.52,55.97016666666667,millere01-1998
jacksma01,32.2,6.3,199803190WAS-IND,199803190WAS-WAS,IND-1998,1,1998,202.86,55.97016666666667,jacksma01-1998
smitsri01,29.583333333333332,2.6,199803190WAS-IND,199803190WAS-WAS,IND-1998,1,1998,76.91666666666667,55.97016666666667,smitsri01-1998
mckeyde01,26.783333333333335,5.9,199803190WAS-IND,199803190WAS-WAS,IND-1998,1,1998,158.02166666666668,55.97016666666667,mckeyde01-1998
mullich01,26.233333333333334,2.3,199803190WAS-IND,199803190WAS-WAS,IND-1998,1,1998,60.336666666666666,55.97016666666667,mullich01-1998
davisda01,25,-0.5,199803190WAS-IND,199803190WAS-WAS,IND-1998,1,1998,-12.5,55.97016666666667,davisda01-1998
davisan01,18.883333333333333,-2,199803190WAS-IND,199803190WAS-WAS,IND-1998,1,1998,-37.766666666666666,55.97016666666667,davisan01-1998
roseja01,15.966666666666667,0.7,199803190WAS-IND,199803190WAS-WAS,IND-1998,1,1998,11.176666666666666,55.97016666666667,roseja01-1998
besttr01,15.8,-0.1,199803190WAS-IND,199803190WAS-WAS,IND-1998,1,1998,-1.58,55.97016666666667,besttr01-1998
hoibefr01,15.166666666666666,1.3,199803190WAS-IND,199803190WAS-WAS,IND-1998,1,1998,19.716666666666665,55.97016666666667,hoibefr01-1998
kittlke01,32.93333333333333,13.3,199803200IND-NJN,199803200IND-IND,NJN-1998,0,1998,438.0133333333333,36.390151515151516,kittlke01-1998
willija01,32.46666666666667,0.5,199803200IND-NJN,199803200IND-IND,NJN-1998,0,1998,16.233333333333334,36.390151515151516,willija01-1998
gillke01,31.866666666666667,-2.8,199803200IND-NJN,199803200IND-IND,NJN-1998,0,1998,-89.22666666666666,36.390151515151516,gillke01-1998
cassesa01,31.816666666666666,-2.1,199803200IND-NJN,199803200IND-IND,NJN-1998,0,1998,-66.815,36.390151515151516,cassesa01-1998
gatlich01,28.8,-0.1,199803200IND-NJN,199803200IND-IND,NJN-1998,0,1998,-2.8800000000000003,36.390151515151516,gatlich01-1998
vanhoke01,25.266666666666666,7.3,199803200IND-NJN,199803200IND-IND,NJN-1998,0,1998,184.44666666666666,36.390151515151516,vanhoke01-1998
douglsh01,24.5,-4.6,199803200IND-NJN,199803200IND-IND,NJN-1998,0,1998,-112.69999999999999,36.390151515151516,douglsh01-1998
seikaro01,21.3,2.5,199803200IND-NJN,199803200IND-IND,NJN-1998,0,1998,53.25,36.390151515151516,seikaro01-1998
harrilu01,6.75,-2.6,199803200IND-NJN,199803200IND-IND,NJN-1998,0,1998,-17.55,36.390151515151516,harrilu01-1998
evansbr01,3.4166666666666665,-0.7,199803200IND-NJN,199803200IND-IND,NJN-1998,0,1998,-2.3916666666666666,36.390151515151516,evansbr01-1998
cagemi01,0.8833333333333333,-0.1,199803200IND-NJN,199803200IND-IND,NJN-1998,0,1998,-0.08833333333333333,36.390151515151516,cagemi01-1998
millere01,45.3,9.5,199803220MIL-IND,199803220MIL-MIL,IND-1998,1,1998,430.34999999999997,61.902272727272724,millere01-1998
smitsri01,42.71666666666667,-1,199803220MIL-IND,199803220MIL-MIL,IND-1998,1,1998,-42.71666666666667,61.902272727272724,smitsri01-1998
mullich01,36.266666666666666,2.5,199803220MIL-IND,199803220MIL-MIL,IND-1998,1,1998,90.66666666666666,61.902272727272724,mullich01-1998
jacksma01,32.916666666666664,7.6,199803220MIL-IND,199803220MIL-MIL,IND-1998,1,1998,250.16666666666663,61.902272727272724,jacksma01-1998
davisan01,31.583333333333332,-1.6,199803220MIL-IND,199803220MIL-MIL,IND-1998,1,1998,-50.53333333333333,61.902272727272724,davisan01-1998
besttr01,20.083333333333332,-0.7,199803220MIL-IND,199803220MIL-MIL,IND-1998,1,1998,-14.058333333333332,61.902272727272724,besttr01-1998
davisda01,20.033333333333335,5.3,199803220MIL-IND,199803220MIL-MIL,IND-1998,1,1998,106.17666666666668,61.902272727272724,davisda01-1998
mckeyde01,14.6,-1.8,199803220MIL-IND,199803220MIL-MIL,IND-1998,1,1998,-26.28,61.902272727272724,mckeyde01-1998
roseja01,13.766666666666667,-3.5,199803220MIL-IND,199803220MIL-MIL,IND-1998,1,1998,-48.18333333333334,61.902272727272724,roseja01-1998
hoibefr01,7.7,-1.9,199803220MIL-IND,199803220MIL-MIL,IND-1998,1,1998,-14.629999999999999,61.902272727272724,hoibefr01-1998
popema01,0.03333333333333333,-1,199803220MIL-IND,199803220MIL-MIL,IND-1998,1,1998,-0.03333333333333333,61.902272727272724,popema01-1998
willike02,34.93333333333333,3,199803250IND-HOU,199803250IND-IND,HOU-1998,1,1998,104.79999999999998,62.81333333333333,willike02-1998
olajuha01,34.9,6.5,199803250IND-HOU,199803250IND-IND,HOU-1998,1,1998,226.85,62.81333333333333,olajuha01-1998
eliema01,31.483333333333334,3.2,199803250IND-HOU,199803250IND-IND,HOU-1998,1,1998,100.74666666666667,62.81333333333333,eliema01-1998
malonma01,31.483333333333334,4.6,199803250IND-HOU,199803250IND-IND,HOU-1998,1,1998,144.82333333333332,62.81333333333333,malonma01-1998
harriot01,26.166666666666668,2.5,199803250IND-HOU,199803250IND-IND,HOU-1998,1,1998,65.41666666666667,62.81333333333333,harriot01-1998
bullama01,25.866666666666667,1.3,199803250IND-HOU,199803250IND-IND,HOU-1998,1,1998,33.626666666666665,62.81333333333333,bullama01-1998
johnsed03,21.65,-2.1,199803250IND-HOU,199803250IND-IND,HOU-1998,1,1998,-45.464999999999996,62.81333333333333,johnsed03-1998
rhodero01,17,-2.2,199803250IND-HOU,199803250IND-IND,HOU-1998,1,1998,-37.400000000000006,62.81333333333333,rhodero01-1998
pricebr01,16.516666666666666,-1.7,199803250IND-HOU,199803250IND-IND,HOU-1998,1,1998,-28.07833333333333,62.81333333333333,pricebr01-1998
masonan01,29.5,3.4,199803270IND-CHH,199803270IND-IND,CHH-1998,0,1998,100.3,-4.563181818181812,masonan01-1998
ricegl01,29.5,-9.5,199803270IND-CHH,199803270IND-IND,CHH-1998,0,1998,-280.25,-4.563181818181812,ricegl01-1998
wesleda01,29.066666666666666,10.3,199803270IND-CHH,199803270IND-IND,CHH-1998,0,1998,299.3866666666667,-4.563181818181812,wesleda01-1998
divacvl01,27.166666666666668,6.1,199803270IND-CHH,199803270IND-IND,CHH-1998,0,1998,165.71666666666667,-4.563181818181812,divacvl01-1998
phillbo01,24.65,-2.5,199803270IND-CHH,199803270IND-IND,CHH-1998,0,1998,-61.625,-4.563181818181812,phillbo01-1998
maxweve01,23.55,-2,199803270IND-CHH,199803270IND-IND,CHH-1998,0,1998,-47.1,-4.563181818181812,maxweve01-1998
geigema01,20.833333333333332,-4.9,199803270IND-CHH,199803270IND-IND,CHH-1998,0,1998,-102.08333333333333,-4.563181818181812,geigema01-1998
curryde01,19.3,0.7,199803270IND-CHH,199803270IND-IND,CHH-1998,0,1998,13.51,-4.563181818181812,curryde01-1998
reidjr01,18.5,-3.3,199803270IND-CHH,199803270IND-IND,CHH-1998,0,1998,-61.05,-4.563181818181812,reidjr01-1998
beckco01,10.6,-5.6,199803270IND-CHH,199803270IND-IND,CHH-1998,0,1998,-59.35999999999999,-4.563181818181812,beckco01-1998
armstbj01,7.35,-2.4,199803270IND-CHH,199803270IND-IND,CHH-1998,0,1998,-17.639999999999997,-4.563181818181812,armstbj01-1998
duncati01,44.05,8.8,199803290IND-SAS,199803290IND-IND,SAS-1998,1,1998,387.64,86.8125,duncati01-1998
delnevi01,39.56666666666667,-0.3,199803290IND-SAS,199803290IND-IND,SAS-1998,1,1998,-11.870000000000001,86.8125,delnevi01-1998
robinda01,37.333333333333336,3.5,199803290IND-SAS,199803290IND-IND,SAS-1998,1,1998,130.66666666666669,86.8125,robinda01-1998
jacksja01,37.28333333333333,1.7,199803290IND-SAS,199803290IND-IND,SAS-1998,1,1998,63.38166666666666,86.8125,jacksja01-1998
perduwi01,29.133333333333333,7.4,199803290IND-SAS,199803290IND-IND,SAS-1998,1,1998,215.58666666666667,86.8125,perduwi01-1998
gearyre01,21.516666666666666,2.6,199803290IND-SAS,199803290IND-IND,SAS-1998,1,1998,55.943333333333335,86.8125,gearyre01-1998
willimo01,16.466666666666665,-1.1,199803290IND-SAS,199803290IND-IND,SAS-1998,1,1998,-18.113333333333333,86.8125,willimo01-1998
herreca01,11.916666666666666,3.4,199803290IND-SAS,199803290IND-IND,SAS-1998,1,1998,40.516666666666666,86.8125,herreca01-1998
burtowi01,1.3666666666666667,3.2,199803290IND-SAS,199803290IND-IND,SAS-1998,1,1998,4.373333333333334,86.8125,burtowi01-1998
rosema01,1.3666666666666667,0,199803290IND-SAS,199803290IND-IND,SAS-1998,1,1998,0,86.8125,rosema01-1998
murrala01,32.75,-0.3,199803310IND-LAC,199803310IND-IND,LAC-1998,0,1998,-9.825,-10.977916666666667,murrala01-1998
austiis01,28.133333333333333,2.8,199803310IND-LAC,199803310IND-IND,LAC-1998,0,1998,78.77333333333333,-10.977916666666667,austiis01-1998
robinja02,27.283333333333335,-4.9,199803310IND-LAC,199803310IND-IND,LAC-1998,0,1998,-133.68833333333336,-10.977916666666667,robinja02-1998
martida01,25.55,-2.2,199803310IND-LAC,199803310IND-IND,LAC-1998,0,1998,-56.21000000000001,-10.977916666666667,martida01-1998
tayloma01,24.116666666666667,-0.9,199803310IND-LAC,199803310IND-IND,LAC-1998,0,1998,-21.705000000000002,-10.977916666666667,tayloma01-1998
richapo01,24,5.4,199803310IND-LAC,199803310IND-IND,LAC-1998,0,1998,129.60000000000002,-10.977916666666667,richapo01-1998
wrighlo02,22.5,0.2,199803310IND-LAC,199803310IND-IND,LAC-1998,0,1998,4.5,-10.977916666666667,wrighlo02-1998
rogerro01,18.966666666666665,-4.8,199803310IND-LAC,199803310IND-IND,LAC-1998,0,1998,-91.03999999999999,-10.977916666666667,rogerro01-1998
smithch04,16.066666666666666,-0.6,199803310IND-LAC,199803310IND-IND,LAC-1998,0,1998,-9.639999999999999,-10.977916666666667,smithch04-1998
closske01,7.816666666666666,-2.2,199803310IND-LAC,199803310IND-IND,LAC-1998,0,1998,-17.19666666666667,-10.977916666666667,closske01-1998
collija01,7,2.4,199803310IND-LAC,199803310IND-IND,LAC-1998,0,1998,16.8,-10.977916666666667,collija01-1998
vrankst01,5.816666666666666,-3.8,199803310IND-LAC,199803310IND-IND,LAC-1998,0,1998,-22.10333333333333,-10.977916666666667,vrankst01-1998
garneke01,42.68333333333333,4.5,199804020IND-MIN,199804020IND-IND,MIN-1998,0,1998,192.075,51.25666666666666,garneke01-1998
mitchsa01,37.43333333333333,8,199804020IND-MIN,199804020IND-IND,MIN-1998,0,1998,299.46666666666664,51.25666666666666,mitchsa01-1998
peelean01,33.833333333333336,0.1,199804020IND-MIN,199804020IND-IND,MIN-1998,0,1998,3.3833333333333337,51.25666666666666,peelean01-1998
marbust01,31.816666666666666,-4.9,199804020IND-MIN,199804020IND-IND,MIN-1998,0,1998,-155.90166666666667,51.25666666666666,marbust01-1998
portete01,26.4,4.2,199804020IND-MIN,199804020IND-IND,MIN-1998,0,1998,110.88,51.25666666666666,portete01-1998
roberst01,21.9,2.6,199804020IND-MIN,199804020IND-IND,MIN-1998,0,1998,56.94,51.25666666666666,roberst01-1998
parksch02,20.366666666666667,-2.8,199804020IND-MIN,199804020IND-IND,MIN-1998,0,1998,-57.026666666666664,51.25666666666666,parksch02-1998
willimi02,15.95,0.6,199804020IND-MIN,199804020IND-IND,MIN-1998,0,1998,9.569999999999999,51.25666666666666,willimi02-1998
jordare01,9.616666666666667,0.2,199804020IND-MIN,199804020IND-IND,MIN-1998,0,1998,1.9233333333333336,51.25666666666666,jordare01-1998
millere01,39.15,8.5,199804030CHH-IND,199804030CHH-CHH,IND-1998,0,1998,332.775,56.36907407407407,millere01-1998
davisan01,34.36666666666667,-6.4,199804030CHH-IND,199804030CHH-CHH,IND-1998,0,1998,-219.9466666666667,56.36907407407407,davisan01-1998
davisda01,33.43333333333333,1.9,199804030CHH-IND,199804030CHH-CHH,IND-1998,0,1998,63.523333333333326,56.36907407407407,davisda01-1998
mckeyde01,31.933333333333334,5.3,199804030CHH-IND,199804030CHH-CHH,IND-1998,0,1998,169.24666666666667,56.36907407407407,mckeyde01-1998
besttr01,29.766666666666666,3.8,199804030CHH-IND,199804030CHH-CHH,IND-1998,0,1998,113.11333333333333,56.36907407407407,besttr01-1998
mullich01,29.65,5.4,199804030CHH-IND,199804030CHH-CHH,IND-1998,0,1998,160.11,56.36907407407407,mullich01-1998
jacksma01,18.233333333333334,-7.1,199804030CHH-IND,199804030CHH-CHH,IND-1998,0,1998,-129.45666666666668,56.36907407407407,jacksma01-1998
roseja01,14.616666666666667,2.5,199804030CHH-IND,199804030CHH-CHH,IND-1998,0,1998,36.54166666666667,56.36907407407407,roseja01-1998
croshau01,8.85,-2.1,199804030CHH-IND,199804030CHH-CHH,IND-1998,0,1998,-18.585,56.36907407407407,croshau01-1998
allenra02,45.733333333333334,4.9,199804050IND-MIL,199804050IND-IND,MIL-1998,0,1998,224.09333333333336,69.67979166666667,allenra02-1998
currymi01,43.36666666666667,5.4,199804050IND-MIL,199804050IND-IND,MIL-1998,0,1998,234.18,69.67979166666667,currymi01-1998
brandte01,42.766666666666666,-1.4,199804050IND-MIL,199804050IND-IND,MIL-1998,0,1998,-59.87333333333333,69.67979166666667,brandte01-1998
hillty01,32.96666666666667,-1.1,199804050IND-MIL,199804050IND-IND,MIL-1998,0,1998,-36.263333333333335,69.67979166666667,hillty01-1998
johnser02,29.15,7.9,199804050IND-MIL,199804050IND-IND,MIL-1998,0,1998,230.285,69.67979166666667,johnser02-1998
gilliar01,27.116666666666667,1,199804050IND-MIL,199804050IND-IND,MIL-1998,0,1998,27.116666666666667,69.67979166666667,gilliar01-1998
honeyje01,17.25,-3.6,199804050IND-MIL,199804050IND-IND,MIL-1998,0,1998,-62.1,69.67979166666667,honeyje01-1998
greenli01,1.65,0,199804050IND-MIL,199804050IND-IND,MIL-1998,0,1998,0,69.67979166666667,greenli01-1998
persowe01,44.55,10,199804070IND-CLE,199804070IND-IND,CLE-1998,0,1998,445.5,54.21333333333333,persowe01-1998
kempsh01,34.6,-0.3,199804070IND-CLE,199804070IND-IND,CLE-1998,0,1998,-10.38,54.21333333333333,kempsh01-1998
hendece02,29.683333333333334,0.1,199804070IND-CLE,199804070IND-IND,CLE-1998,0,1998,2.9683333333333337,54.21333333333333,hendece02-1998
knighbr01,28.666666666666668,-2.4,199804070IND-CLE,199804070IND-IND,CLE-1998,0,1998,-68.8,54.21333333333333,knighbr01-1998
potapvi01,24.783333333333335,1.5,199804070IND-CLE,199804070IND-IND,CLE-1998,0,1998,37.175000000000004,54.21333333333333,potapvi01-1998
ilgauzy01,23.233333333333334,8.1,199804070IND-CLE,199804070IND-IND,CLE-1998,0,1998,188.19,54.21333333333333,ilgauzy01-1998
anderde01,20.066666666666666,-0.6,199804070IND-CLE,199804070IND-IND,CLE-1998,0,1998,-12.04,54.21333333333333,anderde01-1998
ferryda01,13.4,-4.5,199804070IND-CLE,199804070IND-IND,CLE-1998,0,1998,-60.300000000000004,54.21333333333333,ferryda01-1998
surabo01,12,1.2,199804070IND-CLE,199804070IND-IND,CLE-1998,0,1998,14.399999999999999,54.21333333333333,surabo01-1998
thomaca01,9.033333333333333,0.6,199804070IND-CLE,199804070IND-IND,CLE-1998,0,1998,5.42,54.21333333333333,thomaca01-1998
millere01,44.266666666666666,0.4,199804090ATL-IND,199804090ATL-ATL,IND-1998,1,1998,17.706666666666667,61.25599999999999,millere01-1998
mullich01,39.516666666666666,5,199804090ATL-IND,199804090ATL-ATL,IND-1998,1,1998,197.58333333333331,61.25599999999999,mullich01-1998
davisda01,35.483333333333334,3.9,199804090ATL-IND,199804090ATL-ATL,IND-1998,1,1998,138.385,61.25599999999999,davisda01-1998
jacksma01,34.916666666666664,6.7,199804090ATL-IND,199804090ATL-ATL,IND-1998,1,1998,233.94166666666666,61.25599999999999,jacksma01-1998
davisan01,34.45,0.8,199804090ATL-IND,199804090ATL-ATL,IND-1998,1,1998,27.560000000000002,61.25599999999999,davisan01-1998
mckeyde01,30.75,-2.2,199804090ATL-IND,199804090ATL-ATL,IND-1998,1,1998,-67.65,61.25599999999999,mckeyde01-1998
roseja01,19.1,0.4,199804090ATL-IND,199804090ATL-ATL,IND-1998,1,1998,7.640000000000001,61.25599999999999,roseja01-1998
besttr01,18.133333333333333,2.5,199804090ATL-IND,199804090ATL-ATL,IND-1998,1,1998,45.33333333333333,61.25599999999999,besttr01-1998
croshau01,6.2,2.3,199804090ATL-IND,199804090ATL-ATL,IND-1998,1,1998,14.26,61.25599999999999,croshau01-1998
popema01,2.2,-1,199804090ATL-IND,199804090ATL-ATL,IND-1998,1,1998,-2.2,61.25599999999999,popema01-1998
millere01,41.03333333333333,10.9,199804120BOS-IND,199804120BOS-BOS,IND-1998,1,1998,447.2633333333333,78.51055555555556,millere01-1998
davisan01,37.7,7.7,199804120BOS-IND,199804120BOS-BOS,IND-1998,1,1998,290.29,78.51055555555556,davisan01-1998
davisda01,28.9,5.9,199804120BOS-IND,199804120BOS-BOS,IND-1998,1,1998,170.51,78.51055555555556,davisda01-1998
roseja01,27.866666666666667,2.4,199804120BOS-IND,199804120BOS-BOS,IND-1998,1,1998,66.88,78.51055555555556,roseja01-1998
jacksma01,27.683333333333334,-9.5,199804120BOS-IND,199804120BOS-BOS,IND-1998,1,1998,-262.9916666666667,78.51055555555556,jacksma01-1998
mullich01,27.1,-0.8,199804120BOS-IND,199804120BOS-BOS,IND-1998,1,1998,-21.680000000000003,78.51055555555556,mullich01-1998
besttr01,20.316666666666666,1.4,199804120BOS-IND,199804120BOS-BOS,IND-1998,1,1998,28.44333333333333,78.51055555555556,besttr01-1998
mckeyde01,18.6,0.8,199804120BOS-IND,199804120BOS-BOS,IND-1998,1,1998,14.880000000000003,78.51055555555556,mckeyde01-1998
smitsri01,10.8,-2.5,199804120BOS-IND,199804120BOS-BOS,IND-1998,1,1998,-27,78.51055555555556,smitsri01-1998
millere01,35.733333333333334,6.3,199804130CHI-IND,199804130CHI-CHI,IND-1998,1,1998,225.12,93.00888888888889,millere01-1998
davisan01,35.55,6.1,199804130CHI-IND,199804130CHI-CHI,IND-1998,1,1998,216.85499999999996,93.00888888888889,davisan01-1998
davisda01,31.983333333333334,0.9,199804130CHI-IND,199804130CHI-CHI,IND-1998,1,1998,28.785,93.00888888888889,davisda01-1998
jacksma01,28.983333333333334,3.8,199804130CHI-IND,199804130CHI-CHI,IND-1998,1,1998,110.13666666666667,93.00888888888889,jacksma01-1998
roseja01,28.95,5.7,199804130CHI-IND,199804130CHI-CHI,IND-1998,1,1998,165.01500000000001,93.00888888888889,roseja01-1998
mckeyde01,25.133333333333333,8.6,199804130CHI-IND,199804130CHI-CHI,IND-1998,1,1998,216.14666666666665,93.00888888888889,mckeyde01-1998
besttr01,19.016666666666666,-1.4,199804130CHI-IND,199804130CHI-CHI,IND-1998,1,1998,-26.62333333333333,93.00888888888889,besttr01-1998
mullich01,18.183333333333334,-0.7,199804130CHI-IND,199804130CHI-CHI,IND-1998,1,1998,-12.728333333333333,93.00888888888889,mullich01-1998
smitsri01,16.466666666666665,-5.2,199804130CHI-IND,199804130CHI-CHI,IND-1998,1,1998,-85.62666666666667,93.00888888888889,smitsri01-1998
mutomdi01,37.983333333333334,-0.5,199804150IND-ATL,199804150IND-IND,ATL-1998,0,1998,-18.991666666666667,45.5475,mutomdi01-1998
smithst01,37.75,3.7,199804150IND-ATL,199804150IND-IND,ATL-1998,0,1998,139.675,45.5475,smithst01-1998
corbity01,37.733333333333334,-1.5,199804150IND-ATL,199804150IND-IND,ATL-1998,0,1998,-56.6,45.5475,corbity01-1998
blaylmo01,35.63333333333333,3.9,199804150IND-ATL,199804150IND-IND,ATL-1998,0,1998,138.97,45.5475,blaylmo01-1998
hendeal01,34.63333333333333,6.4,199804150IND-ATL,199804150IND-IND,ATL-1998,0,1998,221.65333333333334,45.5475,hendeal01-1998
laettch01,23.383333333333333,0.1,199804150IND-ATL,199804150IND-IND,ATL-1998,0,1998,2.3383333333333334,45.5475,laettch01-1998
brownch01,17.85,-2.5,199804150IND-ATL,199804150IND-IND,ATL-1998,0,1998,-44.625,45.5475,brownch01-1998
recasel01,15.033333333333333,-1.2,199804150IND-ATL,199804150IND-IND,ATL-1998,0,1998,-18.04,45.5475,recasel01-1998
cambyma01,37.833333333333336,3,199804170IND-TOR,199804170IND-IND,TOR-1998,0,1998,113.5,10.27621212121212,cambyma01-1998
wallajo01,36.983333333333334,-3.3,199804170IND-TOR,199804170IND-IND,TOR-1998,0,1998,-122.045,10.27621212121212,wallajo01-1998
chrisdo01,36.88333333333333,3.9,199804170IND-TOR,199804170IND-IND,TOR-1998,0,1998,143.845,10.27621212121212,chrisdo01-1998
billuch01,33.416666666666664,-3.2,199804170IND-TOR,199804170IND-IND,TOR-1998,0,1998,-106.93333333333334,10.27621212121212,billuch01-1998
mcgratr01,30.583333333333332,4.3,199804170IND-TOR,199804170IND-IND,TOR-1998,0,1998,131.50833333333333,10.27621212121212,mcgratr01-1998
trentga01,22.866666666666667,-5.7,199804170IND-TOR,199804170IND-IND,TOR-1998,0,1998,-130.34,10.27621212121212,trentga01-1998
brownde01,21.65,2.5,199804170IND-TOR,199804170IND-IND,TOR-1998,0,1998,54.125,10.27621212121212,brownde01-1998
slatere01,16.366666666666667,1.8,199804170IND-TOR,199804170IND-IND,TOR-1998,0,1998,29.46,10.27621212121212,slatere01-1998
thomajo02,1.15,1,199804170IND-TOR,199804170IND-IND,TOR-1998,0,1998,1.15,10.27621212121212,thomajo02-1998
willial02,1.15,-0.1,199804170IND-TOR,199804170IND-IND,TOR-1998,0,1998,-0.11499999999999999,10.27621212121212,willial02-1998
garnech01,1.1166666666666667,-1,199804170IND-TOR,199804170IND-IND,TOR-1998,0,1998,-1.1166666666666667,10.27621212121212,garnech01-1998
roseja01,36,7.3,199804180CLE-IND,199804180CLE-CLE,IND-1998,0,1998,262.8,33.85303030303031,roseja01-1998
besttr01,30.8,0,199804180CLE-IND,199804180CLE-CLE,IND-1998,0,1998,0,33.85303030303031,besttr01-1998
mckeyde01,25.666666666666668,1.9,199804180CLE-IND,199804180CLE-CLE,IND-1998,0,1998,48.766666666666666,33.85303030303031,mckeyde01-1998
davisan01,24.766666666666666,-0.9,199804180CLE-IND,199804180CLE-CLE,IND-1998,0,1998,-22.29,33.85303030303031,davisan01-1998
mullich01,24,5.9,199804180CLE-IND,199804180CLE-CLE,IND-1998,0,1998,141.60000000000002,33.85303030303031,mullich01-1998
hoibefr01,24,-2,199804180CLE-IND,199804180CLE-CLE,IND-1998,0,1998,-48,33.85303030303031,hoibefr01-1998
westma01,21.416666666666668,-0.4,199804180CLE-IND,199804180CLE-CLE,IND-1998,0,1998,-8.566666666666668,33.85303030303031,westma01-1998
davisda01,18.983333333333334,0.4,199804180CLE-IND,199804180CLE-CLE,IND-1998,0,1998,7.593333333333334,33.85303030303031,davisda01-1998
jacksma01,17.216666666666665,-0.4,199804180CLE-IND,199804180CLE-CLE,IND-1998,0,1998,-6.886666666666667,33.85303030303031,jacksma01-1998
millere01,12,0.9,199804180CLE-IND,199804180CLE-CLE,IND-1998,0,1998,10.8,33.85303030303031,millere01-1998
popema01,5.166666666666667,-2.6,199804180CLE-IND,199804180CLE-CLE,IND-1998,0,1998,-13.433333333333335,33.85303030303031,popema01-1998
