player,min,VORP,id,opp_id,season_id,win,year,adj_VORP,avg_VORP,link
millere01,33,7.7,199011020IND-IND,199011020IND-NJN,IND-1991,1,1991,254.1,57.36666666666667,millere01-1991
persoch01,33,-5.8,199011020IND-IND,199011020IND-NJN,IND-1991,1,1991,-191.4,57.36666666666667,persoch01-1991
flemive01,32,11.4,199011020IND-IND,199011020IND-NJN,IND-1991,1,1991,364.8,57.36666666666667,flemive01-1991
smitsri01,31,3.8,199011020IND-IND,199011020IND-NJN,IND-1991,1,1991,117.8,57.36666666666667,smitsri01-1991
thompla01,31,2.3,199011020IND-IND,199011020IND-NJN,IND-1991,1,1991,71.3,57.36666666666667,thompla01-1991
schrede01,28,4.1,199011020IND-IND,199011020IND-NJN,IND-1991,1,1991,114.79999999999998,57.36666666666667,schrede01-1991
sandemi01,16,1.5,199011020IND-IND,199011020IND-NJN,IND-1991,1,1991,24,57.36666666666667,sandemi01-1991
willimi02,16,-2.4,199011020IND-IND,199011020IND-NJN,IND-1991,1,1991,-38.4,57.36666666666667,willimi02-1991
mccloge01,8,-2.8,199011020IND-IND,199011020IND-NJN,IND-1991,1,1991,-22.4,57.36666666666667,mccloge01-1991
wittmra01,6,-0.2,199011020IND-IND,199011020IND-NJN,IND-1991,1,1991,-1.2000000000000002,57.36666666666667,wittmra01-1991
dreilgr01,4,-0.5,199011020IND-IND,199011020IND-NJN,IND-1991,1,1991,-2,57.36666666666667,dreilgr01-1991
willike03,2,-1.5,199011020IND-IND,199011020IND-NJN,IND-1991,1,1991,-3,57.36666666666667,willike03-1991
wilkido01,42,5.6,199011030ATL-ATL,199011030ATL-IND,ATL-1991,1,1991,235.2,44.93,wilkido01-1991
riverdo01,35,0.7,199011030ATL-ATL,199011030ATL-IND,ATL-1991,1,1991,24.5,44.93,riverdo01-1991
malonmo01,33,0.1,199011030ATL-ATL,199011030ATL-IND,ATL-1991,1,1991,3.3000000000000003,44.93,malonmo01-1991
willike02,32,4.1,199011030ATL-ATL,199011030ATL-IND,ATL-1991,1,1991,131.2,44.93,willike02-1991
battljo01,22,1.1,199011030ATL-ATL,199011030ATL-IND,ATL-1991,1,1991,24.200000000000003,44.93,battljo01-1991
robinru01,21,2.2,199011030ATL-ATL,199011030ATL-IND,ATL-1991,1,1991,46.2,44.93,robinru01-1991
mccorti01,19,1.3,199011030ATL-ATL,199011030ATL-IND,ATL-1991,1,1991,24.7,44.93,mccorti01-1991
ferredu01,18,0.8,199011030ATL-ATL,199011030ATL-IND,ATL-1991,1,1991,14.4,44.93,ferredu01-1991
webbsp01,13,-3.8,199011030ATL-ATL,199011030ATL-IND,ATL-1991,1,1991,-49.4,44.93,webbsp01-1991
moncrsi01,5,-1,199011030ATL-ATL,199011030ATL-IND,ATL-1991,1,1991,-5,44.93,moncrsi01-1991
millere01,42,14.6,199011060IND-IND,199011060IND-MIN,IND-1991,1,1991,613.1999999999999,39.74444444444444,millere01-1991
thompla01,42,-9.6,199011060IND-IND,199011060IND-MIN,IND-1991,1,1991,-403.2,39.74444444444444,thompla01-1991
flemive01,37,7.2,199011060IND-IND,199011060IND-MIN,IND-1991,1,1991,266.40000000000003,39.74444444444444,flemive01-1991
persoch01,36,-3.2,199011060IND-IND,199011060IND-MIN,IND-1991,1,1991,-115.2,39.74444444444444,persoch01-1991
schrede01,31,1.4,199011060IND-IND,199011060IND-MIN,IND-1991,1,1991,43.4,39.74444444444444,schrede01-1991
sandemi01,23,-1.4,199011060IND-IND,199011060IND-MIN,IND-1991,1,1991,-32.199999999999996,39.74444444444444,sandemi01-1991
smitsri01,15,-3.2,199011060IND-IND,199011060IND-MIN,IND-1991,1,1991,-48,39.74444444444444,smitsri01-1991
willimi02,11,2.7,199011060IND-IND,199011060IND-MIN,IND-1991,1,1991,29.700000000000003,39.74444444444444,willimi02-1991
mccloge01,3,1.2,199011060IND-IND,199011060IND-MIN,IND-1991,1,1991,3.5999999999999996,39.74444444444444,mccloge01-1991
flemive01,38,4.1,199011090IND-IND,199011090IND-CLE,IND-1991,1,1991,155.79999999999998,55.24545454545454,flemive01-1991
persoch01,38,-1,199011090IND-IND,199011090IND-CLE,IND-1991,1,1991,-38,55.24545454545454,persoch01-1991
schrede01,38,3.8,199011090IND-IND,199011090IND-CLE,IND-1991,1,1991,144.4,55.24545454545454,schrede01-1991
millere01,35,6,199011090IND-IND,199011090IND-CLE,IND-1991,1,1991,210,55.24545454545454,millere01-1991
smitsri01,26,4.2,199011090IND-IND,199011090IND-CLE,IND-1991,1,1991,109.2,55.24545454545454,smitsri01-1991
thompla01,18,0,199011090IND-IND,199011090IND-CLE,IND-1991,1,1991,0,55.24545454545454,thompla01-1991
sandemi01,13,-2.2,199011090IND-IND,199011090IND-CLE,IND-1991,1,1991,-28.6,55.24545454545454,sandemi01-1991
willike03,11,2.7,199011090IND-IND,199011090IND-CLE,IND-1991,1,1991,29.700000000000003,55.24545454545454,willike03-1991
mccloge01,10,2.6,199011090IND-IND,199011090IND-CLE,IND-1991,1,1991,26,55.24545454545454,mccloge01-1991
willimi02,10,-0.2,199011090IND-IND,199011090IND-CLE,IND-1991,1,1991,-2,55.24545454545454,willimi02-1991
dreilgr01,3,0.4,199011090IND-IND,199011090IND-CLE,IND-1991,1,1991,1.2000000000000002,55.24545454545454,dreilgr01-1991
edwarke01,43,-0.9,199011100MIA-MIA,199011100MIA-IND,MIA-1991,1,1991,-38.7,77.38,edwarke01-1991
ricegl01,40,6.2,199011100MIA-MIA,199011100MIA-IND,MIA-1991,1,1991,248,77.38,ricegl01-1991
seikaro01,39,3.7,199011100MIA-MIA,199011100MIA-IND,MIA-1991,1,1991,144.3,77.38,seikaro01-1991
douglsh01,38,12.9,199011100MIA-MIA,199011100MIA-IND,MIA-1991,1,1991,490.2,77.38,douglsh01-1991
kesslal01,22,-3.9,199011100MIA-MIA,199011100MIA-IND,MIA-1991,1,1991,-85.8,77.38,kesslal01-1991
daviste01,20,2,199011100MIA-MIA,199011100MIA-IND,MIA-1991,1,1991,40,77.38,daviste01-1991
longgr01,15,0.9,199011100MIA-MIA,199011100MIA-IND,MIA-1991,1,1991,13.5,77.38,longgr01-1991
colesbi01,10,-3,199011100MIA-MIA,199011100MIA-IND,MIA-1991,1,1991,-30,77.38,colesbi01-1991
thompbi01,8,0.6,199011100MIA-MIA,199011100MIA-IND,MIA-1991,1,1991,4.8,77.38,thompbi01-1991
wagnemi01,5,-2.5,199011100MIA-MIA,199011100MIA-IND,MIA-1991,1,1991,-12.5,77.38,wagnemi01-1991
persoch01,38,2.7,199011130IND-IND,199011130IND-PHI,IND-1991,0,1991,102.60000000000001,30.89090909090909,persoch01-1991
millere01,37,8.7,199011130IND-IND,199011130IND-PHI,IND-1991,0,1991,321.9,30.89090909090909,millere01-1991
flemive01,35,-1.3,199011130IND-IND,199011130IND-PHI,IND-1991,0,1991,-45.5,30.89090909090909,flemive01-1991
smitsri01,34,-0.7,199011130IND-IND,199011130IND-PHI,IND-1991,0,1991,-23.799999999999997,30.89090909090909,smitsri01-1991
thompla01,30,-3.5,199011130IND-IND,199011130IND-PHI,IND-1991,0,1991,-105,30.89090909090909,thompla01-1991
schrede01,29,6.5,199011130IND-IND,199011130IND-PHI,IND-1991,0,1991,188.5,30.89090909090909,schrede01-1991
sandemi01,14,-5,199011130IND-IND,199011130IND-PHI,IND-1991,0,1991,-70,30.89090909090909,sandemi01-1991
willimi02,13,-2.7,199011130IND-IND,199011130IND-PHI,IND-1991,0,1991,-35.1,30.89090909090909,willimi02-1991
mccloge01,8,0.7,199011130IND-IND,199011130IND-PHI,IND-1991,0,1991,5.6,30.89090909090909,mccloge01-1991
dreilgr01,1,0.9,199011130IND-IND,199011130IND-PHI,IND-1991,0,1991,0.9,30.89090909090909,dreilgr01-1991
willike03,1,-0.3,199011130IND-IND,199011130IND-PHI,IND-1991,0,1991,-0.3,30.89090909090909,willike03-1991
pricema01,37,12.4,199011140CLE-CLE,199011140CLE-IND,CLE-1991,1,1991,458.8,72.22222222222223,pricema01-1991
brownch01,36,-5.3,199011140CLE-CLE,199011140CLE-IND,CLE-1991,1,1991,-190.79999999999998,72.22222222222223,brownch01-1991
nancela01,31,4.1,199011140CLE-CLE,199011140CLE-IND,CLE-1991,1,1991,127.1,72.22222222222223,nancela01-1991
williho01,31,8.7,199011140CLE-CLE,199011140CLE-IND,CLE-1991,1,1991,269.7,72.22222222222223,williho01-1991
daughbr01,29,-1.7,199011140CLE-CLE,199011140CLE-IND,CLE-1991,1,1991,-49.3,72.22222222222223,daughbr01-1991
ehlocr01,29,3.7,199011140CLE-CLE,199011140CLE-IND,CLE-1991,1,1991,107.30000000000001,72.22222222222223,ehlocr01-1991
paddige01,27,-4.4,199011140CLE-CLE,199011140CLE-IND,CLE-1991,1,1991,-118.80000000000001,72.22222222222223,paddige01-1991
kerrst01,12,2.5,199011140CLE-CLE,199011140CLE-IND,CLE-1991,1,1991,30,72.22222222222223,kerrst01-1991
ferryda01,8,2,199011140CLE-CLE,199011140CLE-IND,CLE-1991,1,1991,16,72.22222222222223,ferryda01-1991
flemive01,28,5.7,199011160IND-IND,199011160IND-MIA,IND-1991,1,1991,159.6,41.516666666666666,flemive01-1991
sandemi01,26,-1.3,199011160IND-IND,199011160IND-MIA,IND-1991,1,1991,-33.800000000000004,41.516666666666666,sandemi01-1991
schrede01,26,1.3,199011160IND-IND,199011160IND-MIA,IND-1991,1,1991,33.800000000000004,41.516666666666666,schrede01-1991
millere01,25,8.9,199011160IND-IND,199011160IND-MIA,IND-1991,1,1991,222.5,41.516666666666666,millere01-1991
mccloge01,23,0.7,199011160IND-IND,199011160IND-MIA,IND-1991,1,1991,16.099999999999998,41.516666666666666,mccloge01-1991
persoch01,22,1.7,199011160IND-IND,199011160IND-MIA,IND-1991,1,1991,37.4,41.516666666666666,persoch01-1991
thompla01,21,5.9,199011160IND-IND,199011160IND-MIA,IND-1991,1,1991,123.9,41.516666666666666,thompla01-1991
smitsri01,19,-0.9,199011160IND-IND,199011160IND-MIA,IND-1991,1,1991,-17.1,41.516666666666666,smitsri01-1991
dreilgr01,17,-0.5,199011160IND-IND,199011160IND-MIA,IND-1991,1,1991,-8.5,41.516666666666666,dreilgr01-1991
willike03,13,-3.7,199011160IND-IND,199011160IND-MIA,IND-1991,1,1991,-48.1,41.516666666666666,willike03-1991
willimi02,12,2.9,199011160IND-IND,199011160IND-MIA,IND-1991,1,1991,34.8,41.516666666666666,willimi02-1991
wittmra01,8,-2.8,199011160IND-IND,199011160IND-MIA,IND-1991,1,1991,-22.4,41.516666666666666,wittmra01-1991
vincesa01,43,7.5,199011170ORL-ORL,199011170ORL-IND,ORL-1991,1,1991,322.5,57.12,vincesa01-1991
kitegr01,39,-2.9,199011170ORL-ORL,199011170ORL-IND,ORL-1991,1,1991,-113.1,57.12,kitegr01-1991
catlete01,38,6.5,199011170ORL-ORL,199011170ORL-IND,ORL-1991,1,1991,247,57.12,catlete01-1991
reynoje01,34,4.3,199011170ORL-ORL,199011170ORL-IND,ORL-1991,1,1991,146.2,57.12,reynoje01-1991
anderni01,30,1.7,199011170ORL-ORL,199011170ORL-IND,ORL-1991,1,1991,51,57.12,anderni01-1991
smithot01,23,-1.6,199011170ORL-ORL,199011170ORL-IND,ORL-1991,1,1991,-36.800000000000004,57.12,smithot01-1991
turneje01,12,-4,199011170ORL-ORL,199011170ORL-IND,ORL-1991,1,1991,-48,57.12,turneje01-1991
scottde01,9,0.1,199011170ORL-ORL,199011170ORL-IND,ORL-1991,1,1991,0.9,57.12,scottde01-1991
anslemi01,7,0,199011170ORL-ORL,199011170ORL-IND,ORL-1991,1,1991,0,57.12,anslemi01-1991
skilesc01,5,0.3,199011170ORL-ORL,199011170ORL-IND,ORL-1991,1,1991,1.5,57.12,skilesc01-1991
schrede01,46,5.7,199011210IND-IND,199011210IND-DET,IND-1991,0,1991,262.2,61.25,schrede01-1991
millere01,44,-0.5,199011210IND-IND,199011210IND-DET,IND-1991,0,1991,-22,61.25,millere01-1991
flemive01,40,-3.1,199011210IND-IND,199011210IND-DET,IND-1991,0,1991,-124,61.25,flemive01-1991
persoch01,40,11.6,199011210IND-IND,199011210IND-DET,IND-1991,0,1991,464,61.25,persoch01-1991
thompla01,34,4.2,199011210IND-IND,199011210IND-DET,IND-1991,0,1991,142.8,61.25,thompla01-1991
mccloge01,22,0.5,199011210IND-IND,199011210IND-DET,IND-1991,0,1991,11,61.25,mccloge01-1991
willike03,15,-3.8,199011210IND-IND,199011210IND-DET,IND-1991,0,1991,-57,61.25,willike03-1991
sandemi01,13,-1,199011210IND-IND,199011210IND-DET,IND-1991,0,1991,-13,61.25,sandemi01-1991
smitsri01,9,-5.7,199011210IND-IND,199011210IND-DET,IND-1991,0,1991,-51.300000000000004,61.25,smitsri01-1991
dreilgr01,2,-0.1,199011210IND-IND,199011210IND-DET,IND-1991,0,1991,-0.2,61.25,dreilgr01-1991
millere01,41,11.4,199011230IND-IND,199011230IND-HOU,IND-1991,1,1991,467.40000000000003,77.74545454545455,millere01-1991
persoch01,40,8.8,199011230IND-IND,199011230IND-HOU,IND-1991,1,1991,352,77.74545454545455,persoch01-1991
thompla01,40,-2.1,199011230IND-IND,199011230IND-HOU,IND-1991,1,1991,-84,77.74545454545455,thompla01-1991
flemive01,37,7.6,199011230IND-IND,199011230IND-HOU,IND-1991,1,1991,281.2,77.74545454545455,flemive01-1991
schrede01,37,1.8,199011230IND-IND,199011230IND-HOU,IND-1991,1,1991,66.60000000000001,77.74545454545455,schrede01-1991
mccloge01,17,-8.7,199011230IND-IND,199011230IND-HOU,IND-1991,1,1991,-147.89999999999998,77.74545454545455,mccloge01-1991
smitsri01,16,-5,199011230IND-IND,199011230IND-HOU,IND-1991,1,1991,-80,77.74545454545455,smitsri01-1991
sandemi01,8,0,199011230IND-IND,199011230IND-HOU,IND-1991,1,1991,0,77.74545454545455,sandemi01-1991
dreilgr01,2,0.1,199011230IND-IND,199011230IND-HOU,IND-1991,1,1991,0.2,77.74545454545455,dreilgr01-1991
willike03,1,-0.1,199011230IND-IND,199011230IND-HOU,IND-1991,1,1991,-0.1,77.74545454545455,willike03-1991
willimi02,1,-0.2,199011230IND-IND,199011230IND-HOU,IND-1991,1,1991,-0.2,77.74545454545455,willimi02-1991
kingbe01,45,0.7,199011240WSB-WSB,199011240WSB-IND,WSB-1991,1,1991,31.499999999999996,45.7,kingbe01-1991
workmha01,44,2.3,199011240WSB-WSB,199011240WSB-IND,WSB-1991,1,1991,101.19999999999999,45.7,workmha01-1991
grantha01,38,8.8,199011240WSB-WSB,199011240WSB-IND,WSB-1991,1,1991,334.40000000000003,45.7,grantha01-1991
walkeda01,36,-1.1,199011240WSB-WSB,199011240WSB-IND,WSB-1991,1,1991,-39.6,45.7,walkeda01-1991
jonesch01,34,0.4,199011240WSB-WSB,199011240WSB-IND,WSB-1991,1,1991,13.600000000000001,45.7,jonesch01-1991
hammoto01,22,0.3,199011240WSB-WSB,199011240WSB-IND,WSB-1991,1,1991,6.6,45.7,hammoto01-1991
ellispe01,20,-0.2,199011240WSB-WSB,199011240WSB-IND,WSB-1991,1,1991,-4,45.7,ellispe01-1991
engliaj01,18,-1.8,199011240WSB-WSB,199011240WSB-IND,WSB-1991,1,1991,-32.4,45.7,engliaj01-1991
irvinby01,8,0,199011240WSB-WSB,199011240WSB-IND,WSB-1991,1,1991,0,45.7,irvinby01-1991
roberal01,38,-2.5,199011270MIL-MIL,199011270MIL-IND,MIL-1991,1,1991,-95,64.7,roberal01-1991
humphja01,37,3.4,199011270MIL-MIL,199011270MIL-IND,MIL-1991,1,1991,125.8,64.7,humphja01-1991
sikmaja01,36,4.5,199011270MIL-MIL,199011270MIL-IND,MIL-1991,1,1991,162,64.7,sikmaja01-1991
piercri01,31,18.5,199011270MIL-MIL,199011270MIL-IND,MIL-1991,1,1991,573.5,64.7,piercri01-1991
schayda01,23,-0.6,199011270MIL-MIL,199011270MIL-IND,MIL-1991,1,1991,-13.799999999999999,64.7,schayda01-1991
roberfr01,17,0.9,199011270MIL-MIL,199011270MIL-IND,MIL-1991,1,1991,15.3,64.7,roberfr01-1991
brickfr01,16,-3.2,199011270MIL-MIL,199011270MIL-IND,MIL-1991,1,1991,-51.2,64.7,brickfr01-1991
grayeje01,13,2.7,199011270MIL-MIL,199011270MIL-IND,MIL-1991,1,1991,35.1,64.7,grayeje01-1991
hensost01,11,-0.2,199011270MIL-MIL,199011270MIL-IND,MIL-1991,1,1991,-2.2,64.7,hensost01-1991
andergr01,9,-1.8,199011270MIL-MIL,199011270MIL-IND,MIL-1991,1,1991,-16.2,64.7,andergr01-1991
lohaubr01,9,-2.4,199011270MIL-MIL,199011270MIL-IND,MIL-1991,1,1991,-21.599999999999998,64.7,lohaubr01-1991
hawkihe01,41,4.3,199011280PHI-PHI,199011280PHI-IND,PHI-1991,1,1991,176.29999999999998,76.75999999999999,hawkihe01-1991
barklch01,38,13.8,199011280PHI-PHI,199011280PHI-IND,PHI-1991,1,1991,524.4,76.75999999999999,barklch01-1991
greenri01,37,-3.7,199011280PHI-PHI,199011280PHI-IND,PHI-1991,1,1991,-136.9,76.75999999999999,greenri01-1991
anderro01,32,5.3,199011280PHI-PHI,199011280PHI-IND,PHI-1991,1,1991,169.6,76.75999999999999,anderro01-1991
gminsmi01,29,6.4,199011280PHI-PHI,199011280PHI-IND,PHI-1991,1,1991,185.60000000000002,76.75999999999999,gminsmi01-1991
mahorri01,28,-1.6,199011280PHI-PHI,199011280PHI-IND,PHI-1991,1,1991,-44.800000000000004,76.75999999999999,mahorri01-1991
bolma01,18,-5.1,199011280PHI-PHI,199011280PHI-IND,PHI-1991,1,1991,-91.8,76.75999999999999,bolma01-1991
turnean01,11,-0.8,199011280PHI-PHI,199011280PHI-IND,PHI-1991,1,1991,-8.8,76.75999999999999,turnean01-1991
payneke01,5,-1.2,199011280PHI-PHI,199011280PHI-IND,PHI-1991,1,1991,-6,76.75999999999999,payneke01-1991
willija01,1,0,199011280PHI-PHI,199011280PHI-IND,PHI-1991,1,1991,0,76.75999999999999,willija01-1991
grantho01,34,4.6,199011300CHI-CHI,199011300CHI-IND,CHI-1991,1,1991,156.39999999999998,90.60833333333333,grantho01-1991
jordami01,33,14,199011300CHI-CHI,199011300CHI-IND,CHI-1991,1,1991,462,90.60833333333333,jordami01-1991
pippesc01,33,16.2,199011300CHI-CHI,199011300CHI-IND,CHI-1991,1,1991,534.6,90.60833333333333,pippesc01-1991
paxsojo01,24,-0.1,199011300CHI-CHI,199011300CHI-IND,CHI-1991,1,1991,-2.4000000000000004,90.60833333333333,paxsojo01-1991
armstbj01,24,1,199011300CHI-CHI,199011300CHI-IND,CHI-1991,1,1991,24,90.60833333333333,armstbj01-1991
cartwbi01,20,-1.5,199011300CHI-CHI,199011300CHI-IND,CHI-1991,1,1991,-30,90.60833333333333,cartwbi01-1991
kingst01,17,-2,199011300CHI-CHI,199011300CHI-IND,CHI-1991,1,1991,-34,90.60833333333333,kingst01-1991
hopsode01,15,2.7,199011300CHI-CHI,199011300CHI-IND,CHI-1991,1,1991,40.5,90.60833333333333,hopsode01-1991
perduwi01,15,-1.6,199011300CHI-CHI,199011300CHI-IND,CHI-1991,1,1991,-24,90.60833333333333,perduwi01-1991
levincl01,14,-2.3,199011300CHI-CHI,199011300CHI-IND,CHI-1991,1,1991,-32.199999999999996,90.60833333333333,levincl01-1991
willisc01,6,0.9,199011300CHI-CHI,199011300CHI-IND,CHI-1991,1,1991,5.4,90.60833333333333,willisc01-1991
hodgecr01,5,-2.6,199011300CHI-CHI,199011300CHI-IND,CHI-1991,1,1991,-13,90.60833333333333,hodgecr01-1991
flemive01,39,4.5,199012020IND-IND,199012020IND-MIL,IND-1991,1,1991,175.5,35.22727272727273,flemive01-1991
millere01,38,1.2,199012020IND-IND,199012020IND-MIL,IND-1991,1,1991,45.6,35.22727272727273,millere01-1991
thompla01,33,1.8,199012020IND-IND,199012020IND-MIL,IND-1991,1,1991,59.4,35.22727272727273,thompla01-1991
persoch01,27,-2.3,199012020IND-IND,199012020IND-MIL,IND-1991,1,1991,-62.099999999999994,35.22727272727273,persoch01-1991
smitsri01,27,3.5,199012020IND-IND,199012020IND-MIL,IND-1991,1,1991,94.5,35.22727272727273,smitsri01-1991
sandemi01,26,-2.5,199012020IND-IND,199012020IND-MIL,IND-1991,1,1991,-65,35.22727272727273,sandemi01-1991
schrede01,26,2.7,199012020IND-IND,199012020IND-MIL,IND-1991,1,1991,70.2,35.22727272727273,schrede01-1991
willimi02,15,4.2,199012020IND-IND,199012020IND-MIL,IND-1991,1,1991,63,35.22727272727273,willimi02-1991
willike03,5,1.6,199012020IND-IND,199012020IND-MIL,IND-1991,1,1991,8,35.22727272727273,willike03-1991
wittmra01,3,-0.5,199012020IND-IND,199012020IND-MIL,IND-1991,1,1991,-1.5,35.22727272727273,wittmra01-1991
mccloge01,1,-0.1,199012020IND-IND,199012020IND-MIL,IND-1991,1,1991,-0.1,35.22727272727273,mccloge01-1991
campbto01,46,3,199012040MIN-MIN,199012040MIN-IND,MIN-1991,1,1991,138,64.87777777777778,campbto01-1991
richapo01,45,6.8,199012040MIN-MIN,199012040MIN-IND,MIN-1991,1,1991,306,64.87777777777778,richapo01-1991
breuera01,36,6.1,199012040MIN-MIN,199012040MIN-IND,MIN-1991,1,1991,219.6,64.87777777777778,breuera01-1991
corbity01,31,0.9,199012040MIN-MIN,199012040MIN-IND,MIN-1991,1,1991,27.900000000000002,64.87777777777778,corbity01-1991
spencfe01,28,-1.6,199012040MIN-MIN,199012040MIN-IND,MIN-1991,1,1991,-44.800000000000004,64.87777777777778,spencfe01-1991
mitchsa01,27,2.2,199012040MIN-MIN,199012040MIN-IND,MIN-1991,1,1991,59.400000000000006,64.87777777777778,mitchsa01-1991
westdo01,22,-5.3,199012040MIN-MIN,199012040MIN-IND,MIN-1991,1,1991,-116.6,64.87777777777778,westdo01-1991
brooksc01,3,-1,199012040MIN-MIN,199012040MIN-IND,MIN-1991,1,1991,-3,64.87777777777778,brooksc01-1991
glassge01,2,-1.3,199012040MIN-MIN,199012040MIN-IND,MIN-1991,1,1991,-2.6,64.87777777777778,glassge01-1991
flemive01,42,7.1,199012050IND-IND,199012050IND-PHO,IND-1991,1,1991,298.2,68.10909090909091,flemive01-1991
millere01,39,2,199012050IND-IND,199012050IND-PHO,IND-1991,1,1991,78,68.10909090909091,millere01-1991
persoch01,33,2.3,199012050IND-IND,199012050IND-PHO,IND-1991,1,1991,75.89999999999999,68.10909090909091,persoch01-1991
schrede01,32,9.2,199012050IND-IND,199012050IND-PHO,IND-1991,1,1991,294.4,68.10909090909091,schrede01-1991
sandemi01,23,5.8,199012050IND-IND,199012050IND-PHO,IND-1991,1,1991,133.4,68.10909090909091,sandemi01-1991
smitsri01,19,-4.1,199012050IND-IND,199012050IND-PHO,IND-1991,1,1991,-77.89999999999999,68.10909090909091,smitsri01-1991
willike03,15,2.1,199012050IND-IND,199012050IND-PHO,IND-1991,1,1991,31.5,68.10909090909091,willike03-1991
thompla01,13,-4.2,199012050IND-IND,199012050IND-PHO,IND-1991,1,1991,-54.6,68.10909090909091,thompla01-1991
mccloge01,11,0.1,199012050IND-IND,199012050IND-PHO,IND-1991,1,1991,1.1,68.10909090909091,mccloge01-1991
willimi02,8,-4.6,199012050IND-IND,199012050IND-PHO,IND-1991,1,1991,-36.8,68.10909090909091,willimi02-1991
dreilgr01,5,1.2,199012050IND-IND,199012050IND-PHO,IND-1991,1,1991,6,68.10909090909091,dreilgr01-1991
persoch01,31,3.1,199012070IND-IND,199012070IND-POR,IND-1991,0,1991,96.10000000000001,4.083333333333332,persoch01-1991
millere01,29,-1.8,199012070IND-IND,199012070IND-POR,IND-1991,0,1991,-52.2,4.083333333333332,millere01-1991
flemive01,24,-1.8,199012070IND-IND,199012070IND-POR,IND-1991,0,1991,-43.2,4.083333333333332,flemive01-1991
schrede01,24,3.9,199012070IND-IND,199012070IND-POR,IND-1991,0,1991,93.6,4.083333333333332,schrede01-1991
sandemi01,23,-4.4,199012070IND-IND,199012070IND-POR,IND-1991,0,1991,-101.2,4.083333333333332,sandemi01-1991
willike03,23,1.9,199012070IND-IND,199012070IND-POR,IND-1991,0,1991,43.699999999999996,4.083333333333332,willike03-1991
dreilgr01,20,-0.8,199012070IND-IND,199012070IND-POR,IND-1991,0,1991,-16,4.083333333333332,dreilgr01-1991
willimi02,18,4.2,199012070IND-IND,199012070IND-POR,IND-1991,0,1991,75.60000000000001,4.083333333333332,willimi02-1991
thompla01,15,-0.9,199012070IND-IND,199012070IND-POR,IND-1991,0,1991,-13.5,4.083333333333332,thompla01-1991
smitsri01,12,-2.7,199012070IND-IND,199012070IND-POR,IND-1991,0,1991,-32.400000000000006,4.083333333333332,smitsri01-1991
wittmra01,12,0.7,199012070IND-IND,199012070IND-POR,IND-1991,0,1991,8.399999999999999,4.083333333333332,wittmra01-1991
mccloge01,9,-1.1,199012070IND-IND,199012070IND-POR,IND-1991,0,1991,-9.9,4.083333333333332,mccloge01-1991
millere01,42,10.8,199012080IND-IND,199012080IND-CLE,IND-1991,1,1991,453.6,70.76,millere01-1991
flemive01,40,2.6,199012080IND-IND,199012080IND-CLE,IND-1991,1,1991,104,70.76,flemive01-1991
thompla01,32,1.2,199012080IND-IND,199012080IND-CLE,IND-1991,1,1991,38.4,70.76,thompla01-1991
persoch01,29,-3.9,199012080IND-IND,199012080IND-CLE,IND-1991,1,1991,-113.1,70.76,persoch01-1991
smitsri01,26,2.5,199012080IND-IND,199012080IND-CLE,IND-1991,1,1991,65,70.76,smitsri01-1991
schrede01,24,6.9,199012080IND-IND,199012080IND-CLE,IND-1991,1,1991,165.60000000000002,70.76,schrede01-1991
sandemi01,21,2.1,199012080IND-IND,199012080IND-CLE,IND-1991,1,1991,44.1,70.76,sandemi01-1991
willike03,12,-2.3,199012080IND-IND,199012080IND-CLE,IND-1991,1,1991,-27.599999999999998,70.76,willike03-1991
mccloge01,8,-1.9,199012080IND-IND,199012080IND-CLE,IND-1991,1,1991,-15.2,70.76,mccloge01-1991
willimi02,6,-1.2,199012080IND-IND,199012080IND-CLE,IND-1991,1,1991,-7.199999999999999,70.76,willimi02-1991
kerseje01,32,1,199012110POR-POR,199012110POR-IND,POR-1991,1,1991,32,53.725,kerseje01-1991
robincl02,26,3,199012110POR-POR,199012110POR-IND,POR-1991,1,1991,78,53.725,robincl02-1991
drexlcl01,25,11.3,199012110POR-POR,199012110POR-IND,POR-1991,1,1991,282.5,53.725,drexlcl01-1991
willibu01,25,1.2,199012110POR-POR,199012110POR-IND,POR-1991,1,1991,30,53.725,willibu01-1991
portete01,24,0.8,199012110POR-POR,199012110POR-IND,POR-1991,1,1991,19.200000000000003,53.725,portete01-1991
duckwke01,22,8.5,199012110POR-POR,199012110POR-IND,POR-1991,1,1991,187,53.725,duckwke01-1991
bryanma01,22,-2.4,199012110POR-POR,199012110POR-IND,POR-1991,1,1991,-52.8,53.725,bryanma01-1991
aingeda01,21,2,199012110POR-POR,199012110POR-IND,POR-1991,1,1991,42,53.725,aingeda01-1991
youngda01,19,2.8,199012110POR-POR,199012110POR-IND,POR-1991,1,1991,53.199999999999996,53.725,youngda01-1991
abdelal01,8,-1.4,199012110POR-POR,199012110POR-IND,POR-1991,1,1991,-11.2,53.725,abdelal01-1991
coopewa01,8,-2.6,199012110POR-POR,199012110POR-IND,POR-1991,1,1991,-20.8,53.725,coopewa01-1991
petrodr01,8,0.7,199012110POR-POR,199012110POR-IND,POR-1991,1,1991,5.6,53.725,petrodr01-1991
mckeyde01,44,11.2,199012120SEA-SEA,199012120SEA-IND,SEA-1991,1,1991,492.79999999999995,54.379999999999995,mckeyde01-1991
kempsh01,30,-5,199012120SEA-SEA,199012120SEA-IND,SEA-1991,1,1991,-150,54.379999999999995,kempsh01-1991
paytoga01,26,3.8,199012120SEA-SEA,199012120SEA-IND,SEA-1991,1,1991,98.8,54.379999999999995,paytoga01-1991
cagemi01,23,-1.7,199012120SEA-SEA,199012120SEA-IND,SEA-1991,1,1991,-39.1,54.379999999999995,cagemi01-1991
johnsed03,23,2.1,199012120SEA-SEA,199012120SEA-IND,SEA-1991,1,1991,48.300000000000004,54.379999999999995,johnsed03-1991
mcmilna01,23,3.8,199012120SEA-SEA,199012120SEA-IND,SEA-1991,1,1991,87.39999999999999,54.379999999999995,mcmilna01-1991
polynol01,23,3.4,199012120SEA-SEA,199012120SEA-IND,SEA-1991,1,1991,78.2,54.379999999999995,polynol01-1991
threase01,20,-5.1,199012120SEA-SEA,199012120SEA-IND,SEA-1991,1,1991,-102,54.379999999999995,threase01-1991
ellisda01,18,-0.7,199012120SEA-SEA,199012120SEA-IND,SEA-1991,1,1991,-12.6,54.379999999999995,ellisda01-1991
dailequ01,10,4.2,199012120SEA-SEA,199012120SEA-IND,SEA-1991,1,1991,42,54.379999999999995,dailequ01-1991
malonka01,41,8.1,199012150UTA-UTA,199012150UTA-IND,UTA-1991,0,1991,332.09999999999997,47.02222222222222,malonka01-1991
stockjo01,38,9.1,199012150UTA-UTA,199012150UTA-IND,UTA-1991,0,1991,345.8,47.02222222222222,stockjo01-1991
malonje01,37,-4,199012150UTA-UTA,199012150UTA-IND,UTA-1991,0,1991,-148,47.02222222222222,malonje01-1991
baileth01,28,2.4,199012150UTA-UTA,199012150UTA-IND,UTA-1991,0,1991,67.2,47.02222222222222,baileth01-1991
eatonma01,27,0.8,199012150UTA-UTA,199012150UTA-IND,UTA-1991,0,1991,21.6,47.02222222222222,eatonma01-1991
edwarbl01,27,-6.1,199012150UTA-UTA,199012150UTA-IND,UTA-1991,0,1991,-164.7,47.02222222222222,edwarbl01-1991
brownmi01,20,-0.7,199012150UTA-UTA,199012150UTA-IND,UTA-1991,0,1991,-14,47.02222222222222,brownmi01-1991
griffda01,12,-0.4,199012150UTA-UTA,199012150UTA-IND,UTA-1991,0,1991,-4.800000000000001,47.02222222222222,griffda01-1991
ruddde01,10,-1.2,199012150UTA-UTA,199012150UTA-IND,UTA-1991,0,1991,-12,47.02222222222222,ruddde01-1991
worthja01,41,5.5,199012160LAL-LAL,199012160LAL-IND,LAL-1991,1,1991,225.5,83.86666666666667,worthja01-1991
johnsma02,39,13.4,199012160LAL-LAL,199012160LAL-IND,LAL-1991,1,1991,522.6,83.86666666666667,johnsma02-1991
perkisa01,37,-2.3,199012160LAL-LAL,199012160LAL-IND,LAL-1991,1,1991,-85.1,83.86666666666667,perkisa01-1991
scottby01,35,-2.5,199012160LAL-LAL,199012160LAL-IND,LAL-1991,1,1991,-87.5,83.86666666666667,scottby01-1991
divacvl01,34,7,199012160LAL-LAL,199012160LAL-IND,LAL-1991,1,1991,238,83.86666666666667,divacvl01-1991
greenac01,26,-0.8,199012160LAL-LAL,199012160LAL-IND,LAL-1991,1,1991,-20.8,83.86666666666667,greenac01-1991
teaglte01,13,-1.9,199012160LAL-LAL,199012160LAL-IND,LAL-1991,1,1991,-24.7,83.86666666666667,teaglte01-1991
drewla01,9,-2.4,199012160LAL-LAL,199012160LAL-IND,LAL-1991,1,1991,-21.599999999999998,83.86666666666667,drewla01-1991
thompmy01,6,1.4,199012160LAL-LAL,199012160LAL-IND,LAL-1991,1,1991,8.399999999999999,83.86666666666667,thompmy01-1991
flemive01,42,2.1,199012190IND-IND,199012190IND-WSB,IND-1991,0,1991,88.2,43.663636363636364,flemive01-1991
millere01,42,9.9,199012190IND-IND,199012190IND-WSB,IND-1991,0,1991,415.8,43.663636363636364,millere01-1991
persoch01,38,0.3,199012190IND-IND,199012190IND-WSB,IND-1991,0,1991,11.4,43.663636363636364,persoch01-1991
schrede01,38,0.9,199012190IND-IND,199012190IND-WSB,IND-1991,0,1991,34.2,43.663636363636364,schrede01-1991
smitsri01,29,2,199012190IND-IND,199012190IND-WSB,IND-1991,0,1991,58,43.663636363636364,smitsri01-1991
sandemi01,24,-2.1,199012190IND-IND,199012190IND-WSB,IND-1991,0,1991,-50.400000000000006,43.663636363636364,sandemi01-1991
thompla01,17,-4.1,199012190IND-IND,199012190IND-WSB,IND-1991,0,1991,-69.69999999999999,43.663636363636364,thompla01-1991
willimi02,14,1.2,199012190IND-IND,199012190IND-WSB,IND-1991,0,1991,16.8,43.663636363636364,willimi02-1991
wittmra01,9,-2.2,199012190IND-IND,199012190IND-WSB,IND-1991,0,1991,-19.8,43.663636363636364,wittmra01-1991
dreilgr01,6,-2.3,199012190IND-IND,199012190IND-WSB,IND-1991,0,1991,-13.799999999999999,43.663636363636364,dreilgr01-1991
willike03,6,1.6,199012190IND-IND,199012190IND-WSB,IND-1991,0,1991,9.600000000000001,43.663636363636364,willike03-1991
schrede01,33,8.3,199012210IND-IND,199012210IND-CHH,IND-1991,1,1991,273.90000000000003,60.85454545454546,schrede01-1991
flemive01,30,8.8,199012210IND-IND,199012210IND-CHH,IND-1991,1,1991,264,60.85454545454546,flemive01-1991
millere01,29,2.2,199012210IND-IND,199012210IND-CHH,IND-1991,1,1991,63.800000000000004,60.85454545454546,millere01-1991
persoch01,29,6.5,199012210IND-IND,199012210IND-CHH,IND-1991,1,1991,188.5,60.85454545454546,persoch01-1991
thompla01,26,-0.4,199012210IND-IND,199012210IND-CHH,IND-1991,1,1991,-10.4,60.85454545454546,thompla01-1991
dreilgr01,20,-2.4,199012210IND-IND,199012210IND-CHH,IND-1991,1,1991,-48,60.85454545454546,dreilgr01-1991
sandemi01,19,-3.5,199012210IND-IND,199012210IND-CHH,IND-1991,1,1991,-66.5,60.85454545454546,sandemi01-1991
willimi02,18,2.3,199012210IND-IND,199012210IND-CHH,IND-1991,1,1991,41.4,60.85454545454546,willimi02-1991
willike03,17,-2.5,199012210IND-IND,199012210IND-CHH,IND-1991,1,1991,-42.5,60.85454545454546,willike03-1991
wittmra01,13,0.4,199012210IND-IND,199012210IND-CHH,IND-1991,1,1991,5.2,60.85454545454546,wittmra01-1991
mccloge01,6,0,199012210IND-IND,199012210IND-CHH,IND-1991,1,1991,0,60.85454545454546,mccloge01-1991
pippesc01,41,5.7,199012220CHI-CHI,199012220CHI-IND,CHI-1991,1,1991,233.70000000000002,82.48,pippesc01-1991
jordami01,34,5.2,199012220CHI-CHI,199012220CHI-IND,CHI-1991,1,1991,176.8,82.48,jordami01-1991
grantho01,32,1.1,199012220CHI-CHI,199012220CHI-IND,CHI-1991,1,1991,35.2,82.48,grantho01-1991
paxsojo01,30,12.5,199012220CHI-CHI,199012220CHI-IND,CHI-1991,1,1991,375,82.48,paxsojo01-1991
cartwbi01,29,2,199012220CHI-CHI,199012220CHI-IND,CHI-1991,1,1991,58,82.48,cartwbi01-1991
levincl01,20,3.7,199012220CHI-CHI,199012220CHI-IND,CHI-1991,1,1991,74,82.48,levincl01-1991
armstbj01,17,-2.8,199012220CHI-CHI,199012220CHI-IND,CHI-1991,1,1991,-47.599999999999994,82.48,armstbj01-1991
hopsode01,15,-3.3,199012220CHI-CHI,199012220CHI-IND,CHI-1991,1,1991,-49.5,82.48,hopsode01-1991
kingst01,14,-0.2,199012220CHI-CHI,199012220CHI-IND,CHI-1991,1,1991,-2.8000000000000003,82.48,kingst01-1991
perduwi01,8,-3.5,199012220CHI-CHI,199012220CHI-IND,CHI-1991,1,1991,-28,82.48,perduwi01-1991
lewisre01,40,-0.6,199012260BOS-BOS,199012260BOS-IND,BOS-1991,1,1991,-24,63.836363636363636,lewisre01-1991
birdla01,38,6.6,199012260BOS-BOS,199012260BOS-IND,BOS-1991,1,1991,250.79999999999998,63.836363636363636,birdla01-1991
shawbr01,33,6.2,199012260BOS-BOS,199012260BOS-IND,BOS-1991,1,1991,204.6,63.836363636363636,shawbr01-1991
mchalke01,29,0.1,199012260BOS-BOS,199012260BOS-IND,BOS-1991,1,1991,2.9000000000000004,63.836363636363636,mchalke01-1991
gamblke01,26,4.2,199012260BOS-BOS,199012260BOS-IND,BOS-1991,1,1991,109.2,63.836363636363636,gamblke01-1991
parisro01,24,5,199012260BOS-BOS,199012260BOS-IND,BOS-1991,1,1991,120,63.836363636363636,parisro01-1991
brownde01,22,-2.8,199012260BOS-BOS,199012260BOS-IND,BOS-1991,1,1991,-61.599999999999994,63.836363636363636,brownde01-1991
pincked01,19,5.1,199012260BOS-BOS,199012260BOS-IND,BOS-1991,1,1991,96.89999999999999,63.836363636363636,pincked01-1991
kleinjo01,5,1,199012260BOS-BOS,199012260BOS-IND,BOS-1991,1,1991,5,63.836363636363636,kleinjo01-1991
smithmi01,2,-0.3,199012260BOS-BOS,199012260BOS-IND,BOS-1991,1,1991,-0.6,63.836363636363636,smithmi01-1991
vrankst01,2,-0.5,199012260BOS-BOS,199012260BOS-IND,BOS-1991,1,1991,-1,63.836363636363636,vrankst01-1991
persoch01,33,-2.1,199012290IND-IND,199012290IND-NJN,IND-1991,1,1991,-69.3,30.309090909090912,persoch01-1991
schrede01,33,3.2,199012290IND-IND,199012290IND-NJN,IND-1991,1,1991,105.60000000000001,30.309090909090912,schrede01-1991
flemive01,32,-1.5,199012290IND-IND,199012290IND-NJN,IND-1991,1,1991,-48,30.309090909090912,flemive01-1991
millere01,32,7,199012290IND-IND,199012290IND-NJN,IND-1991,1,1991,224,30.309090909090912,millere01-1991
smitsri01,31,3.6,199012290IND-IND,199012290IND-NJN,IND-1991,1,1991,111.60000000000001,30.309090909090912,smitsri01-1991
thompla01,22,-1.6,199012290IND-IND,199012290IND-NJN,IND-1991,1,1991,-35.2,30.309090909090912,thompla01-1991
willimi02,16,2.1,199012290IND-IND,199012290IND-NJN,IND-1991,1,1991,33.6,30.309090909090912,willimi02-1991
wittmra01,16,3.8,199012290IND-IND,199012290IND-NJN,IND-1991,1,1991,60.8,30.309090909090912,wittmra01-1991
sandemi01,15,-2.9,199012290IND-IND,199012290IND-NJN,IND-1991,1,1991,-43.5,30.309090909090912,sandemi01-1991
dreilgr01,6,-1.9,199012290IND-IND,199012290IND-NJN,IND-1991,1,1991,-11.399999999999999,30.309090909090912,dreilgr01-1991
willike03,4,1.3,199012290IND-IND,199012290IND-NJN,IND-1991,1,1991,5.2,30.309090909090912,willike03-1991
millere01,39,10.8,199101020IND-IND,199101020IND-SAS,IND-1991,1,1991,421.20000000000005,65.44545454545455,millere01-1991
schrede01,34,0.2,199101020IND-IND,199101020IND-SAS,IND-1991,1,1991,6.800000000000001,65.44545454545455,schrede01-1991
persoch01,33,3.8,199101020IND-IND,199101020IND-SAS,IND-1991,1,1991,125.39999999999999,65.44545454545455,persoch01-1991
willimi02,32,2.1,199101020IND-IND,199101020IND-SAS,IND-1991,1,1991,67.2,65.44545454545455,willimi02-1991
smitsri01,27,2.8,199101020IND-IND,199101020IND-SAS,IND-1991,1,1991,75.6,65.44545454545455,smitsri01-1991
thompla01,23,1.6,199101020IND-IND,199101020IND-SAS,IND-1991,1,1991,36.800000000000004,65.44545454545455,thompla01-1991
mccloge01,16,4.1,199101020IND-IND,199101020IND-SAS,IND-1991,1,1991,65.6,65.44545454545455,mccloge01-1991
sandemi01,15,-5.4,199101020IND-IND,199101020IND-SAS,IND-1991,1,1991,-81,65.44545454545455,sandemi01-1991
dreilgr01,10,0.7,199101020IND-IND,199101020IND-SAS,IND-1991,1,1991,7,65.44545454545455,dreilgr01-1991
wittmra01,9,-0.5,199101020IND-IND,199101020IND-SAS,IND-1991,1,1991,-4.5,65.44545454545455,wittmra01-1991
willike03,2,-0.1,199101020IND-IND,199101020IND-SAS,IND-1991,1,1991,-0.2,65.44545454545455,willike03-1991
wilkido01,38,12.5,199101040ATL-ATL,199101040ATL-IND,ATL-1991,1,1991,475,61.58,wilkido01-1991
riverdo01,32,1.9,199101040ATL-ATL,199101040ATL-IND,ATL-1991,1,1991,60.8,61.58,riverdo01-1991
battljo01,29,-2.2,199101040ATL-ATL,199101040ATL-IND,ATL-1991,1,1991,-63.800000000000004,61.58,battljo01-1991
willike02,28,0.6,199101040ATL-ATL,199101040ATL-IND,ATL-1991,1,1991,16.8,61.58,willike02-1991
ferredu01,27,-1,199101040ATL-ATL,199101040ATL-IND,ATL-1991,1,1991,-27,61.58,ferredu01-1991
robinru01,22,2.6,199101040ATL-ATL,199101040ATL-IND,ATL-1991,1,1991,57.2,61.58,robinru01-1991
malonmo01,22,4.4,199101040ATL-ATL,199101040ATL-IND,ATL-1991,1,1991,96.80000000000001,61.58,malonmo01-1991
koncajo01,20,-1,199101040ATL-ATL,199101040ATL-IND,ATL-1991,1,1991,-20,61.58,koncajo01-1991
moncrsi01,20,1.1,199101040ATL-ATL,199101040ATL-IND,ATL-1991,1,1991,22,61.58,moncrsi01-1991
wilsotr01,2,-1,199101040ATL-ATL,199101040ATL-IND,ATL-1991,1,1991,-2,61.58,wilsotr01-1991
thorpot01,37,14.1,199101050HOU-HOU,199101050HOU-IND,HOU-1991,1,1991,521.6999999999999,51.408333333333324,thorpot01-1991
smithke01,34,1.6,199101050HOU-HOU,199101050HOU-IND,HOU-1991,1,1991,54.400000000000006,51.408333333333324,smithke01-1991
johnsbu01,29,-0.5,199101050HOU-HOU,199101050HOU-IND,HOU-1991,1,1991,-14.5,51.408333333333324,johnsbu01-1991
maxweve01,22,0.1,199101050HOU-HOU,199101050HOU-IND,HOU-1991,1,1991,2.2,51.408333333333324,maxweve01-1991
smithla01,21,0.4,199101050HOU-HOU,199101050HOU-IND,HOU-1991,1,1991,8.4,51.408333333333324,smithla01-1991
woodda01,20,0.2,199101050HOU-HOU,199101050HOU-IND,HOU-1991,1,1991,4,51.408333333333324,woodda01-1991
floydsl01,19,4.1,199101050HOU-HOU,199101050HOU-IND,HOU-1991,1,1991,77.89999999999999,51.408333333333324,floydsl01-1991
feitlda01,18,-2.7,199101050HOU-HOU,199101050HOU-IND,HOU-1991,1,1991,-48.6,51.408333333333324,feitlda01-1991
jamerda01,18,4,199101050HOU-HOU,199101050HOU-IND,HOU-1991,1,1991,72,51.408333333333324,jamerda01-1991
caldwad01,17,-3,199101050HOU-HOU,199101050HOU-IND,HOU-1991,1,1991,-51,51.408333333333324,caldwad01-1991
winchke01,3,-1.6,199101050HOU-HOU,199101050HOU-IND,HOU-1991,1,1991,-4.800000000000001,51.408333333333324,winchke01-1991
bullama01,2,-2.4,199101050HOU-HOU,199101050HOU-IND,HOU-1991,1,1991,-4.8,51.408333333333324,bullama01-1991
millere01,41,4.3,199101080IND-IND,199101080IND-LAC,IND-1991,0,1991,176.29999999999998,1.7272727272727224,millere01-1991
willimi02,30,-5.9,199101080IND-IND,199101080IND-LAC,IND-1991,0,1991,-177,1.7272727272727224,willimi02-1991
schrede01,30,4.1,199101080IND-IND,199101080IND-LAC,IND-1991,0,1991,122.99999999999999,1.7272727272727224,schrede01-1991
persoch01,28,-7.8,199101080IND-IND,199101080IND-LAC,IND-1991,0,1991,-218.4,1.7272727272727224,persoch01-1991
smitsri01,23,-2,199101080IND-IND,199101080IND-LAC,IND-1991,0,1991,-46,1.7272727272727224,smitsri01-1991
thompla01,23,2.8,199101080IND-IND,199101080IND-LAC,IND-1991,0,1991,64.39999999999999,1.7272727272727224,thompla01-1991
mccloge01,22,5.3,199101080IND-IND,199101080IND-LAC,IND-1991,0,1991,116.6,1.7272727272727224,mccloge01-1991
sandemi01,16,-0.4,199101080IND-IND,199101080IND-LAC,IND-1991,0,1991,-6.4,1.7272727272727224,sandemi01-1991
willike03,11,-0.8,199101080IND-IND,199101080IND-LAC,IND-1991,0,1991,-8.8,1.7272727272727224,willike03-1991
dreilgr01,9,0.8,199101080IND-IND,199101080IND-LAC,IND-1991,0,1991,7.2,1.7272727272727224,dreilgr01-1991
wittmra01,7,-1.7,199101080IND-IND,199101080IND-LAC,IND-1991,0,1991,-11.9,1.7272727272727224,wittmra01-1991
oaklech01,37,-3.8,199101100NYK-NYK,199101100NYK-IND,NYK-1991,0,1991,-140.6,20.13,oaklech01-1991
vandeki01,37,-4.2,199101100NYK-NYK,199101100NYK-IND,NYK-1991,0,1991,-155.4,20.13,vandeki01-1991
ewingpa01,35,11.4,199101100NYK-NYK,199101100NYK-IND,NYK-1991,0,1991,399,20.13,ewingpa01-1991
cheekma01,33,8,199101100NYK-NYK,199101100NYK-IND,NYK-1991,0,1991,264,20.13,cheekma01-1991
wilkige01,33,-3.5,199101100NYK-NYK,199101100NYK-IND,NYK-1991,0,1991,-115.5,20.13,wilkige01-1991
starkjo01,16,-1.1,199101100NYK-NYK,199101100NYK-IND,NYK-1991,0,1991,-17.6,20.13,starkjo01-1991
jacksma01,15,-3.5,199101100NYK-NYK,199101100NYK-IND,NYK-1991,0,1991,-52.5,20.13,jacksma01-1991
wilkied01,12,0.1,199101100NYK-NYK,199101100NYK-IND,NYK-1991,0,1991,1.2000000000000002,20.13,wilkied01-1991
mustaje01,11,-0.6,199101100NYK-NYK,199101100NYK-IND,NYK-1991,0,1991,-6.6,20.13,mustaje01-1991
quinnbr01,11,2.3,199101100NYK-NYK,199101100NYK-IND,NYK-1991,0,1991,25.299999999999997,20.13,quinnbr01-1991
millere01,37,-4.4,199101120IND-IND,199101120IND-MIL,IND-1991,1,1991,-162.8,52.22727272727273,millere01-1991
willimi02,35,17.5,199101120IND-IND,199101120IND-MIL,IND-1991,1,1991,612.5,52.22727272727273,willimi02-1991
schrede01,33,1.3,199101120IND-IND,199101120IND-MIL,IND-1991,1,1991,42.9,52.22727272727273,schrede01-1991
smitsri01,31,5.1,199101120IND-IND,199101120IND-MIL,IND-1991,1,1991,158.1,52.22727272727273,smitsri01-1991
persoch01,29,-4.3,199101120IND-IND,199101120IND-MIL,IND-1991,1,1991,-124.69999999999999,52.22727272727273,persoch01-1991
thompla01,24,3.7,199101120IND-IND,199101120IND-MIL,IND-1991,1,1991,88.80000000000001,52.22727272727273,thompla01-1991
sandemi01,21,-1.8,199101120IND-IND,199101120IND-MIL,IND-1991,1,1991,-37.800000000000004,52.22727272727273,sandemi01-1991
mccloge01,15,0.4,199101120IND-IND,199101120IND-MIL,IND-1991,1,1991,6,52.22727272727273,mccloge01-1991
wittmra01,8,-1.5,199101120IND-IND,199101120IND-MIL,IND-1991,1,1991,-12,52.22727272727273,wittmra01-1991
willike03,5,1.3,199101120IND-IND,199101120IND-MIL,IND-1991,1,1991,6.5,52.22727272727273,willike03-1991
dreilgr01,2,-1.5,199101120IND-IND,199101120IND-MIL,IND-1991,1,1991,-3,52.22727272727273,dreilgr01-1991
millere01,43,4.8,199101150IND-IND,199101150IND-ATL,IND-1991,0,1991,206.4,26.92727272727273,millere01-1991
persoch01,36,2.1,199101150IND-IND,199101150IND-ATL,IND-1991,0,1991,75.60000000000001,26.92727272727273,persoch01-1991
willimi02,32,4.6,199101150IND-IND,199101150IND-ATL,IND-1991,0,1991,147.2,26.92727272727273,willimi02-1991
schrede01,26,-5.1,199101150IND-IND,199101150IND-ATL,IND-1991,0,1991,-132.6,26.92727272727273,schrede01-1991
thompla01,24,0.5,199101150IND-IND,199101150IND-ATL,IND-1991,0,1991,12,26.92727272727273,thompla01-1991
mccloge01,23,2.9,199101150IND-IND,199101150IND-ATL,IND-1991,0,1991,66.7,26.92727272727273,mccloge01-1991
smitsri01,19,-1.7,199101150IND-IND,199101150IND-ATL,IND-1991,0,1991,-32.3,26.92727272727273,smitsri01-1991
sandemi01,16,-1.6,199101150IND-IND,199101150IND-ATL,IND-1991,0,1991,-25.6,26.92727272727273,sandemi01-1991
dreilgr01,13,-0.9,199101150IND-IND,199101150IND-ATL,IND-1991,0,1991,-11.700000000000001,26.92727272727273,dreilgr01-1991
wittmra01,5,-1.3,199101150IND-IND,199101150IND-ATL,IND-1991,0,1991,-6.5,26.92727272727273,wittmra01-1991
willike03,3,-1,199101150IND-IND,199101150IND-ATL,IND-1991,0,1991,-3,26.92727272727273,willike03-1991
piercri01,38,10.5,199101160MIL-MIL,199101160MIL-IND,MIL-1991,1,1991,399,75.94545454545455,piercri01-1991
humphja01,37,10.9,199101160MIL-MIL,199101160MIL-IND,MIL-1991,1,1991,403.3,75.94545454545455,humphja01-1991
grayeje01,31,5.6,199101160MIL-MIL,199101160MIL-IND,MIL-1991,1,1991,173.6,75.94545454545455,grayeje01-1991
schayda01,28,4.2,199101160MIL-MIL,199101160MIL-IND,MIL-1991,1,1991,117.60000000000001,75.94545454545455,schayda01-1991
sikmaja01,26,-4.8,199101160MIL-MIL,199101160MIL-IND,MIL-1991,1,1991,-124.8,75.94545454545455,sikmaja01-1991
roberal01,25,-2,199101160MIL-MIL,199101160MIL-IND,MIL-1991,1,1991,-50,75.94545454545455,roberal01-1991
brickfr01,24,-0.5,199101160MIL-MIL,199101160MIL-IND,MIL-1991,1,1991,-12,75.94545454545455,brickfr01-1991
hensost01,11,-1.2,199101160MIL-MIL,199101160MIL-IND,MIL-1991,1,1991,-13.2,75.94545454545455,hensost01-1991
lohaubr01,11,-4,199101160MIL-MIL,199101160MIL-IND,MIL-1991,1,1991,-44,75.94545454545455,lohaubr01-1991
roberfr01,6,-1.4,199101160MIL-MIL,199101160MIL-IND,MIL-1991,1,1991,-8.399999999999999,75.94545454545455,roberfr01-1991
kornefr01,3,-1.9,199101160MIL-MIL,199101160MIL-IND,MIL-1991,1,1991,-5.699999999999999,75.94545454545455,kornefr01-1991
millere01,38,4.8,199101190IND-IND,199101190IND-UTA,IND-1991,1,1991,182.4,70.525,millere01-1991
persoch01,34,5.1,199101190IND-IND,199101190IND-UTA,IND-1991,1,1991,173.39999999999998,70.525,persoch01-1991
willimi02,33,10.9,199101190IND-IND,199101190IND-UTA,IND-1991,1,1991,359.7,70.525,willimi02-1991
schrede01,33,6.4,199101190IND-IND,199101190IND-UTA,IND-1991,1,1991,211.20000000000002,70.525,schrede01-1991
thompla01,26,0,199101190IND-IND,199101190IND-UTA,IND-1991,1,1991,0,70.525,thompla01-1991
dreilgr01,19,3.5,199101190IND-IND,199101190IND-UTA,IND-1991,1,1991,66.5,70.525,dreilgr01-1991
sandemi01,14,-6.1,199101190IND-IND,199101190IND-UTA,IND-1991,1,1991,-85.39999999999999,70.525,sandemi01-1991
mccloge01,13,-1.9,199101190IND-IND,199101190IND-UTA,IND-1991,1,1991,-24.7,70.525,mccloge01-1991
smitsri01,12,-1,199101190IND-IND,199101190IND-UTA,IND-1991,1,1991,-12,70.525,smitsri01-1991
wittmra01,10,-2.4,199101190IND-IND,199101190IND-UTA,IND-1991,1,1991,-24,70.525,wittmra01-1991
dinkiby01,7,-0.1,199101190IND-IND,199101190IND-UTA,IND-1991,1,1991,-0.7000000000000001,70.525,dinkiby01-1991
willike03,1,-0.1,199101190IND-IND,199101190IND-UTA,IND-1991,1,1991,-0.1,70.525,willike03-1991
millere01,41,2.5,199101210IND-IND,199101210IND-LAL,IND-1991,0,1991,102.5,33.72,millere01-1991
persoch01,34,1,199101210IND-IND,199101210IND-LAL,IND-1991,0,1991,34,33.72,persoch01-1991
willimi02,33,1.8,199101210IND-IND,199101210IND-LAL,IND-1991,0,1991,59.4,33.72,willimi02-1991
schrede01,31,6.9,199101210IND-IND,199101210IND-LAL,IND-1991,0,1991,213.9,33.72,schrede01-1991
smitsri01,30,-0.4,199101210IND-IND,199101210IND-LAL,IND-1991,0,1991,-12,33.72,smitsri01-1991
thompla01,29,-2.1,199101210IND-IND,199101210IND-LAL,IND-1991,0,1991,-60.900000000000006,33.72,thompla01-1991
mccloge01,15,-1.6,199101210IND-IND,199101210IND-LAL,IND-1991,0,1991,-24,33.72,mccloge01-1991
sandemi01,14,1.1,199101210IND-IND,199101210IND-LAL,IND-1991,0,1991,15.400000000000002,33.72,sandemi01-1991
dreilgr01,7,-0.7,199101210IND-IND,199101210IND-LAL,IND-1991,0,1991,-4.8999999999999995,33.72,dreilgr01-1991
wittmra01,6,2.3,199101210IND-IND,199101210IND-LAL,IND-1991,0,1991,13.799999999999999,33.72,wittmra01-1991
anderro01,41,-4.7,199101230PHI-PHI,199101230PHI-IND,PHI-1991,0,1991,-192.70000000000002,14.099999999999993,anderro01-1991
hawkihe01,41,6.6,199101230PHI-PHI,199101230PHI-IND,PHI-1991,0,1991,270.59999999999997,14.099999999999993,hawkihe01-1991
gilliar01,34,2,199101230PHI-PHI,199101230PHI-IND,PHI-1991,0,1991,68,14.099999999999993,gilliar01-1991
mahorri01,34,-2.2,199101230PHI-PHI,199101230PHI-IND,PHI-1991,0,1991,-74.80000000000001,14.099999999999993,mahorri01-1991
greenri01,29,-0.2,199101230PHI-PHI,199101230PHI-IND,PHI-1991,0,1991,-5.800000000000001,14.099999999999993,greenri01-1991
turnean01,19,1.4,199101230PHI-PHI,199101230PHI-IND,PHI-1991,0,1991,26.599999999999998,14.099999999999993,turnean01-1991
bolma01,14,-1.3,199101230PHI-PHI,199101230PHI-IND,PHI-1991,0,1991,-18.2,14.099999999999993,bolma01-1991
payneke01,14,1.8,199101230PHI-PHI,199101230PHI-IND,PHI-1991,0,1991,25.2,14.099999999999993,payneke01-1991
willija01,14,2,199101230PHI-PHI,199101230PHI-IND,PHI-1991,0,1991,28,14.099999999999993,willija01-1991
grantha01,41,3,199101250WSB-WSB,199101250WSB-IND,WSB-1991,0,1991,123,37.72222222222222,grantha01-1991
walkeda01,41,-0.1,199101250WSB-WSB,199101250WSB-IND,WSB-1991,0,1991,-4.1000000000000005,37.72222222222222,walkeda01-1991
kingbe01,40,7.1,199101250WSB-WSB,199101250WSB-IND,WSB-1991,0,1991,284,37.72222222222222,kingbe01-1991
workmha01,31,0.8,199101250WSB-WSB,199101250WSB-IND,WSB-1991,0,1991,24.8,37.72222222222222,workmha01-1991
ellispe01,26,2.4,199101250WSB-WSB,199101250WSB-IND,WSB-1991,0,1991,62.4,37.72222222222222,ellispe01-1991
eacklle01,24,-5.5,199101250WSB-WSB,199101250WSB-IND,WSB-1991,0,1991,-132,37.72222222222222,eacklle01-1991
jonesch01,22,0,199101250WSB-WSB,199101250WSB-IND,WSB-1991,0,1991,0,37.72222222222222,jonesch01-1991
hammoto01,9,-0.2,199101250WSB-WSB,199101250WSB-IND,WSB-1991,0,1991,-1.8,37.72222222222222,hammoto01-1991
alarima01,6,-2.8,199101250WSB-WSB,199101250WSB-IND,WSB-1991,0,1991,-16.799999999999997,37.72222222222222,alarima01-1991
dreilgr01,34,4.9,199101300IND-IND,199101300IND-CHH,IND-1991,1,1991,166.60000000000002,54.21818181818182,dreilgr01-1991
millere01,33,8.4,199101300IND-IND,199101300IND-CHH,IND-1991,1,1991,277.2,54.21818181818182,millere01-1991
persoch01,32,3.6,199101300IND-IND,199101300IND-CHH,IND-1991,1,1991,115.2,54.21818181818182,persoch01-1991
willimi02,31,-0.9,199101300IND-IND,199101300IND-CHH,IND-1991,1,1991,-27.900000000000002,54.21818181818182,willimi02-1991
schrede01,30,4.7,199101300IND-IND,199101300IND-CHH,IND-1991,1,1991,141,54.21818181818182,schrede01-1991
thompla01,21,-3.3,199101300IND-IND,199101300IND-CHH,IND-1991,1,1991,-69.3,54.21818181818182,thompla01-1991
flemive01,17,-1.2,199101300IND-IND,199101300IND-CHH,IND-1991,1,1991,-20.4,54.21818181818182,flemive01-1991
sandemi01,16,1,199101300IND-IND,199101300IND-CHH,IND-1991,1,1991,16,54.21818181818182,sandemi01-1991
mccloge01,15,-0.7,199101300IND-IND,199101300IND-CHH,IND-1991,1,1991,-10.5,54.21818181818182,mccloge01-1991
oldhaja01,8,0.8,199101300IND-IND,199101300IND-CHH,IND-1991,1,1991,6.4,54.21818181818182,oldhaja01-1991
willike03,3,0.7,199101300IND-IND,199101300IND-CHH,IND-1991,1,1991,2.0999999999999996,54.21818181818182,willike03-1991
douglsh01,39,10.5,199102010MIA-MIA,199102010MIA-IND,MIA-1991,1,1991,409.5,53.12,douglsh01-1991
thompbi01,35,2.9,199102010MIA-MIA,199102010MIA-IND,MIA-1991,1,1991,101.5,53.12,thompbi01-1991
ricegl01,34,2,199102010MIA-MIA,199102010MIA-IND,MIA-1991,1,1991,68,53.12,ricegl01-1991
edwarke01,34,0.7,199102010MIA-MIA,199102010MIA-IND,MIA-1991,1,1991,23.799999999999997,53.12,edwarke01-1991
longgr01,26,-1.6,199102010MIA-MIA,199102010MIA-IND,MIA-1991,1,1991,-41.6,53.12,longgr01-1991
seikaro01,24,0.7,199102010MIA-MIA,199102010MIA-IND,MIA-1991,1,1991,16.799999999999997,53.12,seikaro01-1991
burtowi01,18,2.2,199102010MIA-MIA,199102010MIA-IND,MIA-1991,1,1991,39.6,53.12,burtowi01-1991
kesslal01,11,-4.1,199102010MIA-MIA,199102010MIA-IND,MIA-1991,1,1991,-45.099999999999994,53.12,kesslal01-1991
oggal01,10,-2.6,199102010MIA-MIA,199102010MIA-IND,MIA-1991,1,1991,-26,53.12,oggal01-1991
colesbi01,9,-1.7,199102010MIA-MIA,199102010MIA-IND,MIA-1991,1,1991,-15.299999999999999,53.12,colesbi01-1991
millere01,38,2,199102020IND-IND,199102020IND-SEA,IND-1991,1,1991,76,58.154545454545456,millere01-1991
willimi02,37,13.3,199102020IND-IND,199102020IND-SEA,IND-1991,1,1991,492.1,58.154545454545456,willimi02-1991
schrede01,34,3.7,199102020IND-IND,199102020IND-SEA,IND-1991,1,1991,125.80000000000001,58.154545454545456,schrede01-1991
persoch01,32,-5.6,199102020IND-IND,199102020IND-SEA,IND-1991,1,1991,-179.2,58.154545454545456,persoch01-1991
thompla01,31,3.9,199102020IND-IND,199102020IND-SEA,IND-1991,1,1991,120.89999999999999,58.154545454545456,thompla01-1991
dreilgr01,21,1.6,199102020IND-IND,199102020IND-SEA,IND-1991,1,1991,33.6,58.154545454545456,dreilgr01-1991
sandemi01,17,-1.8,199102020IND-IND,199102020IND-SEA,IND-1991,1,1991,-30.6,58.154545454545456,sandemi01-1991
flemive01,11,0.2,199102020IND-IND,199102020IND-SEA,IND-1991,1,1991,2.2,58.154545454545456,flemive01-1991
mccloge01,10,1.2,199102020IND-IND,199102020IND-SEA,IND-1991,1,1991,12,58.154545454545456,mccloge01-1991
oldhaja01,7,-1.1,199102020IND-IND,199102020IND-SEA,IND-1991,1,1991,-7.700000000000001,58.154545454545456,oldhaja01-1991
willike03,2,-2.7,199102020IND-IND,199102020IND-SEA,IND-1991,1,1991,-5.4,58.154545454545456,willike03-1991
harpede01,36,9.3,199102050DAL-DAL,199102050DAL-IND,DAL-1991,1,1991,334.8,47.269999999999996,harpede01-1991
whitera01,35,2.4,199102050DAL-DAL,199102050DAL-IND,DAL-1991,1,1991,84,47.269999999999996,whitera01-1991
blackro01,33,2.8,199102050DAL-DAL,199102050DAL-IND,DAL-1991,1,1991,92.39999999999999,47.269999999999996,blackro01-1991
mccraro01,30,4.4,199102050DAL-DAL,199102050DAL-IND,DAL-1991,1,1991,132,47.269999999999996,mccraro01-1991
willihe01,27,-0.4,199102050DAL-DAL,199102050DAL-IND,DAL-1991,1,1991,-10.8,47.269999999999996,willihe01-1991
englial01,23,-1.3,199102050DAL-DAL,199102050DAL-IND,DAL-1991,1,1991,-29.900000000000002,47.269999999999996,englial01-1991
donalja01,22,-5.7,199102050DAL-DAL,199102050DAL-IND,DAL-1991,1,1991,-125.4,47.269999999999996,donalja01-1991
davisbr01,16,1.3,199102050DAL-DAL,199102050DAL-IND,DAL-1991,1,1991,20.8,47.269999999999996,davisbr01-1991
upshake01,12,-1.3,199102050DAL-DAL,199102050DAL-IND,DAL-1991,1,1991,-15.600000000000001,47.269999999999996,upshake01-1991
shaskjo01,6,-1.6,199102050DAL-DAL,199102050DAL-IND,DAL-1991,1,1991,-9.600000000000001,47.269999999999996,shaskjo01-1991
elliose01,41,10.2,199102070SAS-SAS,199102070SAS-IND,SAS-1991,1,1991,418.2,65.00909090909092,elliose01-1991
robinda01,39,6,199102070SAS-SAS,199102070SAS-IND,SAS-1991,1,1991,234,65.00909090909092,robinda01-1991
johnsav01,28,-0.2,199102070SAS-SAS,199102070SAS-IND,SAS-1991,1,1991,-5.6000000000000005,65.00909090909092,johnsav01-1991
anderwi01,26,-1.5,199102070SAS-SAS,199102070SAS-IND,SAS-1991,1,1991,-39,65.00909090909092,anderwi01-1991
schindw01,26,-2,199102070SAS-SAS,199102070SAS-IND,SAS-1991,1,1991,-52,65.00909090909092,schindw01-1991
presspa01,25,9,199102070SAS-SAS,199102070SAS-IND,SAS-1991,1,1991,225,65.00909090909092,presspa01-1991
lettcl01,20,1.2,199102070SAS-SAS,199102070SAS-IND,SAS-1991,1,1991,24,65.00909090909092,lettcl01-1991
greensi02,14,-3.3,199102070SAS-SAS,199102070SAS-IND,SAS-1991,1,1991,-46.199999999999996,65.00909090909092,greensi02-1991
greenda01,12,-2.9,199102070SAS-SAS,199102070SAS-IND,SAS-1991,1,1991,-34.8,65.00909090909092,greenda01-1991
higgise01,8,-1.1,199102070SAS-SAS,199102070SAS-IND,SAS-1991,1,1991,-8.8,65.00909090909092,higgise01-1991
masseto01,1,0.3,199102070SAS-SAS,199102070SAS-IND,SAS-1991,1,1991,0.3,65.00909090909092,masseto01-1991
millere01,38,-1.5,199102120IND-IND,199102120IND-NYK,IND-1991,0,1991,-57,22.263636363636362,millere01-1991
persoch01,38,4.3,199102120IND-IND,199102120IND-NYK,IND-1991,0,1991,163.4,22.263636363636362,persoch01-1991
willimi02,30,5.5,199102120IND-IND,199102120IND-NYK,IND-1991,0,1991,165,22.263636363636362,willimi02-1991
schrede01,30,2.1,199102120IND-IND,199102120IND-NYK,IND-1991,0,1991,63,22.263636363636362,schrede01-1991
smitsri01,29,-6.7,199102120IND-IND,199102120IND-NYK,IND-1991,0,1991,-194.3,22.263636363636362,smitsri01-1991
thompla01,22,4.6,199102120IND-IND,199102120IND-NYK,IND-1991,0,1991,101.19999999999999,22.263636363636362,thompla01-1991
flemive01,18,1.7,199102120IND-IND,199102120IND-NYK,IND-1991,0,1991,30.599999999999998,22.263636363636362,flemive01-1991
dreilgr01,13,-1.4,199102120IND-IND,199102120IND-NYK,IND-1991,0,1991,-18.2,22.263636363636362,dreilgr01-1991
mccloge01,10,1.4,199102120IND-IND,199102120IND-NYK,IND-1991,0,1991,14,22.263636363636362,mccloge01-1991
sandemi01,10,-2.5,199102120IND-IND,199102120IND-NYK,IND-1991,0,1991,-25,22.263636363636362,sandemi01-1991
willike03,2,1.1,199102120IND-IND,199102120IND-NYK,IND-1991,0,1991,2.2,22.263636363636362,willike03-1991
dumarjo01,45,5.5,199102130DET-DET,199102130DET-IND,DET-1991,0,1991,247.5,67.55,dumarjo01-1991
rodmade01,45,3.4,199102130DET-DET,199102130DET-IND,DET-1991,0,1991,153,67.55,rodmade01-1991
johnsvi01,39,6.4,199102130DET-DET,199102130DET-IND,DET-1991,0,1991,249.60000000000002,67.55,johnsvi01-1991
laimbbi01,33,2.2,199102130DET-DET,199102130DET-IND,DET-1991,0,1991,72.60000000000001,67.55,laimbbi01-1991
edwarja01,32,2,199102130DET-DET,199102130DET-IND,DET-1991,0,1991,64,67.55,edwarja01-1991
aguirma01,17,-1.3,199102130DET-DET,199102130DET-IND,DET-1991,0,1991,-22.1,67.55,aguirma01-1991
sallejo01,13,-4.7,199102130DET-DET,199102130DET-IND,DET-1991,0,1991,-61.1,67.55,sallejo01-1991
blankla01,6,-3.1,199102130DET-DET,199102130DET-IND,DET-1991,0,1991,-18.6,67.55,blankla01-1991
longjo01,6,-0.7,199102130DET-DET,199102130DET-IND,DET-1991,0,1991,-4.199999999999999,67.55,longjo01-1991
bedfowi01,4,-1.3,199102130DET-DET,199102130DET-IND,DET-1991,0,1991,-5.2,67.55,bedfowi01-1991
millere01,37,1.3,199102170IND-IND,199102170IND-SAC,IND-1991,1,1991,48.1,29.481818181818177,millere01-1991
willimi02,34,9.7,199102170IND-IND,199102170IND-SAC,IND-1991,1,1991,329.79999999999995,29.481818181818177,willimi02-1991
schrede01,29,3.8,199102170IND-IND,199102170IND-SAC,IND-1991,1,1991,110.19999999999999,29.481818181818177,schrede01-1991
sandemi01,25,-6.1,199102170IND-IND,199102170IND-SAC,IND-1991,1,1991,-152.5,29.481818181818177,sandemi01-1991
smitsri01,25,4.1,199102170IND-IND,199102170IND-SAC,IND-1991,1,1991,102.49999999999999,29.481818181818177,smitsri01-1991
thompla01,23,-2.4,199102170IND-IND,199102170IND-SAC,IND-1991,1,1991,-55.199999999999996,29.481818181818177,thompla01-1991
persoch01,22,-3.4,199102170IND-IND,199102170IND-SAC,IND-1991,1,1991,-74.8,29.481818181818177,persoch01-1991
dreilgr01,18,0,199102170IND-IND,199102170IND-SAC,IND-1991,1,1991,0,29.481818181818177,dreilgr01-1991
flemive01,14,1.5,199102170IND-IND,199102170IND-SAC,IND-1991,1,1991,21,29.481818181818177,flemive01-1991
wittmra01,11,-0.4,199102170IND-IND,199102170IND-SAC,IND-1991,1,1991,-4.4,29.481818181818177,wittmra01-1991
willike03,2,-0.2,199102170IND-IND,199102170IND-SAC,IND-1991,1,1991,-0.4,29.481818181818177,willike03-1991
chapmre01,38,-2,199102190CHH-CHH,199102190CHH-IND,CHH-1991,0,1991,-76,4.999999999999999,chapmre01-1991
gillke01,37,4,199102190CHH-CHH,199102190CHH-IND,CHH-1991,0,1991,148,4.999999999999999,gillke01-1991
reidjr01,34,-1.3,199102190CHH-CHH,199102190CHH-IND,CHH-1991,0,1991,-44.2,4.999999999999999,reidjr01-1991
gminsmi01,33,6.7,199102190CHH-CHH,199102190CHH-IND,CHH-1991,0,1991,221.1,4.999999999999999,gminsmi01-1991
newmajo01,29,-4,199102190CHH-CHH,199102190CHH-IND,CHH-1991,0,1991,-116,4.999999999999999,newmajo01-1991
tripuke01,19,-1.1,199102190CHH-CHH,199102190CHH-IND,CHH-1991,0,1991,-20.900000000000002,4.999999999999999,tripuke01-1991
boguemu01,17,1.7,199102190CHH-CHH,199102190CHH-IND,CHH-1991,0,1991,28.9,4.999999999999999,boguemu01-1991
gattike01,17,-2.9,199102190CHH-CHH,199102190CHH-IND,CHH-1991,0,1991,-49.3,4.999999999999999,gattike01-1991
leckner01,12,-4,199102190CHH-CHH,199102190CHH-IND,CHH-1991,0,1991,-48,4.999999999999999,leckner01-1991
curryde01,4,1.6,199102190CHH-CHH,199102190CHH-IND,CHH-1991,0,1991,6.4,4.999999999999999,curryde01-1991
millere01,43,3.1,199102200IND-IND,199102200IND-ORL,IND-1991,1,1991,133.3,27.49090909090909,millere01-1991
flemive01,40,1.4,199102200IND-IND,199102200IND-ORL,IND-1991,1,1991,56,27.49090909090909,flemive01-1991
persoch01,39,4.8,199102200IND-IND,199102200IND-ORL,IND-1991,1,1991,187.2,27.49090909090909,persoch01-1991
schrede01,31,-3.3,199102200IND-IND,199102200IND-ORL,IND-1991,1,1991,-102.3,27.49090909090909,schrede01-1991
thompla01,27,0.5,199102200IND-IND,199102200IND-ORL,IND-1991,1,1991,13.5,27.49090909090909,thompla01-1991
dreilgr01,24,-4.4,199102200IND-IND,199102200IND-ORL,IND-1991,1,1991,-105.60000000000001,27.49090909090909,dreilgr01-1991
smitsri01,23,3.1,199102200IND-IND,199102200IND-ORL,IND-1991,1,1991,71.3,27.49090909090909,smitsri01-1991
sandemi01,15,0.2,199102200IND-IND,199102200IND-ORL,IND-1991,1,1991,3,27.49090909090909,sandemi01-1991
willimi02,13,5,199102200IND-IND,199102200IND-ORL,IND-1991,1,1991,65,27.49090909090909,willimi02-1991
wittmra01,9,-2.1,199102200IND-IND,199102200IND-ORL,IND-1991,1,1991,-18.900000000000002,27.49090909090909,wittmra01-1991
willike03,1,-0.1,199102200IND-IND,199102200IND-ORL,IND-1991,1,1991,-0.1,27.49090909090909,willike03-1991
ehlocr01,42,8.1,199102220CLE-CLE,199102220CLE-IND,CLE-1991,0,1991,340.2,34.18,ehlocr01-1991
daughbr01,38,-5.7,199102220CLE-CLE,199102220CLE-IND,CLE-1991,0,1991,-216.6,34.18,daughbr01-1991
nancela01,35,5,199102220CLE-CLE,199102220CLE-IND,CLE-1991,0,1991,175,34.18,nancela01-1991
valenda01,34,4.7,199102220CLE-CLE,199102220CLE-IND,CLE-1991,0,1991,159.8,34.18,valenda01-1991
brownch01,27,-3.6,199102220CLE-CLE,199102220CLE-IND,CLE-1991,0,1991,-97.2,34.18,brownch01-1991
williho01,22,2.8,199102220CLE-CLE,199102220CLE-IND,CLE-1991,0,1991,61.599999999999994,34.18,williho01-1991
mortojo01,14,-2.3,199102220CLE-CLE,199102220CLE-IND,CLE-1991,0,1991,-32.199999999999996,34.18,mortojo01-1991
ferryda01,10,-2.9,199102220CLE-CLE,199102220CLE-IND,CLE-1991,0,1991,-29,34.18,ferryda01-1991
jameshe01,9,1.3,199102220CLE-CLE,199102220CLE-IND,CLE-1991,0,1991,11.700000000000001,34.18,jameshe01-1991
paddige01,9,-3.5,199102220CLE-CLE,199102220CLE-IND,CLE-1991,0,1991,-31.5,34.18,paddige01-1991
millere01,41,7.5,199102240IND-IND,199102240IND-BOS,IND-1991,1,1991,307.5,71.38000000000001,millere01-1991
persoch01,33,4.9,199102240IND-IND,199102240IND-BOS,IND-1991,1,1991,161.70000000000002,71.38000000000001,persoch01-1991
schrede01,32,7.2,199102240IND-IND,199102240IND-BOS,IND-1991,1,1991,230.4,71.38000000000001,schrede01-1991
sandemi01,29,2.7,199102240IND-IND,199102240IND-BOS,IND-1991,1,1991,78.30000000000001,71.38000000000001,sandemi01-1991
dreilgr01,26,-1,199102240IND-IND,199102240IND-BOS,IND-1991,1,1991,-26,71.38000000000001,dreilgr01-1991
flemive01,26,-1.2,199102240IND-IND,199102240IND-BOS,IND-1991,1,1991,-31.2,71.38000000000001,flemive01-1991
willimi02,25,2.1,199102240IND-IND,199102240IND-BOS,IND-1991,1,1991,52.5,71.38000000000001,willimi02-1991
smitsri01,11,-5.4,199102240IND-IND,199102240IND-BOS,IND-1991,1,1991,-59.400000000000006,71.38000000000001,smitsri01-1991
thompla01,9,0.8,199102240IND-IND,199102240IND-BOS,IND-1991,1,1991,7.2,71.38000000000001,thompla01-1991
mccloge01,8,-0.9,199102240IND-IND,199102240IND-BOS,IND-1991,1,1991,-7.2,71.38000000000001,mccloge01-1991
colemde01,41,6.5,199102260NJN-NJN,199102260NJN-IND,NJN-1991,1,1991,266.5,62.675,colemde01-1991
theusre01,39,-0.2,199102260NJN-NJN,199102260NJN-IND,NJN-1991,1,1991,-7.800000000000001,62.675,theusre01-1991
morrich01,38,4.4,199102260NJN-NJN,199102260NJN-IND,NJN-1991,1,1991,167.20000000000002,62.675,morrich01-1991
blaylmo01,34,6.1,199102260NJN-NJN,199102260NJN-IND,NJN-1991,1,1991,207.39999999999998,62.675,blaylmo01-1991
bowiesa01,24,5,199102260NJN-NJN,199102260NJN-IND,NJN-1991,1,1991,120,62.675,bowiesa01-1991
dudlech02,22,-3.6,199102260NJN-NJN,199102260NJN-IND,NJN-1991,1,1991,-79.2,62.675,dudlech02-1991
petrodr01,16,5.6,199102260NJN-NJN,199102260NJN-IND,NJN-1991,1,1991,89.6,62.675,petrodr01-1991
georgta01,7,0.2,199102260NJN-NJN,199102260NJN-IND,NJN-1991,1,1991,1.4000000000000001,62.675,georgta01-1991
haleyja01,7,0.8,199102260NJN-NJN,199102260NJN-IND,NJN-1991,1,1991,5.6000000000000005,62.675,haleyja01-1991
buechju01,6,-2.4,199102260NJN-NJN,199102260NJN-IND,NJN-1991,1,1991,-14.399999999999999,62.675,buechju01-1991
gervide01,4,-1,199102260NJN-NJN,199102260NJN-IND,NJN-1991,1,1991,-4,62.675,gervide01-1991
millste01,2,-0.1,199102260NJN-NJN,199102260NJN-IND,NJN-1991,1,1991,-0.2,62.675,millste01-1991
millere01,37,1.1,199102270IND-IND,199102270IND-DAL,IND-1991,0,1991,40.7,8.31818181818182,millere01-1991
persoch01,34,-3.2,199102270IND-IND,199102270IND-DAL,IND-1991,0,1991,-108.80000000000001,8.31818181818182,persoch01-1991
schrede01,31,4.4,199102270IND-IND,199102270IND-DAL,IND-1991,0,1991,136.4,8.31818181818182,schrede01-1991
flemive01,29,7,199102270IND-IND,199102270IND-DAL,IND-1991,0,1991,203,8.31818181818182,flemive01-1991
dreilgr01,28,-4.1,199102270IND-IND,199102270IND-DAL,IND-1991,0,1991,-114.79999999999998,8.31818181818182,dreilgr01-1991
sandemi01,23,-2.8,199102270IND-IND,199102270IND-DAL,IND-1991,0,1991,-64.39999999999999,8.31818181818182,sandemi01-1991
thompla01,20,2.3,199102270IND-IND,199102270IND-DAL,IND-1991,0,1991,46,8.31818181818182,thompla01-1991
smitsri01,17,-0.1,199102270IND-IND,199102270IND-DAL,IND-1991,0,1991,-1.7000000000000002,8.31818181818182,smitsri01-1991
mccloge01,14,-3.8,199102270IND-IND,199102270IND-DAL,IND-1991,0,1991,-53.199999999999996,8.31818181818182,mccloge01-1991
wittmra01,6,1.4,199102270IND-IND,199102270IND-DAL,IND-1991,0,1991,8.399999999999999,8.31818181818182,wittmra01-1991
willike03,1,-0.1,199102270IND-IND,199102270IND-DAL,IND-1991,0,1991,-0.1,8.31818181818182,willike03-1991
schrede01,38,6.6,199103010IND-IND,199103010IND-CLE,IND-1991,1,1991,250.79999999999998,39.80833333333333,schrede01-1991
millere01,34,5.4,199103010IND-IND,199103010IND-CLE,IND-1991,1,1991,183.60000000000002,39.80833333333333,millere01-1991
persoch01,34,4.1,199103010IND-IND,199103010IND-CLE,IND-1991,1,1991,139.39999999999998,39.80833333333333,persoch01-1991
mccloge01,27,2.9,199103010IND-IND,199103010IND-CLE,IND-1991,1,1991,78.3,39.80833333333333,mccloge01-1991
dreilgr01,24,-1.7,199103010IND-IND,199103010IND-CLE,IND-1991,1,1991,-40.8,39.80833333333333,dreilgr01-1991
willimi02,22,-3.3,199103010IND-IND,199103010IND-CLE,IND-1991,1,1991,-72.6,39.80833333333333,willimi02-1991
thompla01,18,0.4,199103010IND-IND,199103010IND-CLE,IND-1991,1,1991,7.2,39.80833333333333,thompla01-1991
smitsri01,15,-1.8,199103010IND-IND,199103010IND-CLE,IND-1991,1,1991,-27,39.80833333333333,smitsri01-1991
sandemi01,14,-2.8,199103010IND-IND,199103010IND-CLE,IND-1991,1,1991,-39.199999999999996,39.80833333333333,sandemi01-1991
flemive01,7,-0.1,199103010IND-IND,199103010IND-CLE,IND-1991,1,1991,-0.7000000000000001,39.80833333333333,flemive01-1991
wittmra01,6,-0.2,199103010IND-IND,199103010IND-CLE,IND-1991,1,1991,-1.2000000000000002,39.80833333333333,wittmra01-1991
willike03,1,-0.1,199103010IND-IND,199103010IND-CLE,IND-1991,1,1991,-0.1,39.80833333333333,willike03-1991
millere01,36,14.5,199103020IND-IND,199103020IND-CHI,IND-1991,1,1991,522,81.5,millere01-1991
persoch01,36,2.4,199103020IND-IND,199103020IND-CHI,IND-1991,1,1991,86.39999999999999,81.5,persoch01-1991
thompla01,27,5.6,199103020IND-IND,199103020IND-CHI,IND-1991,1,1991,151.2,81.5,thompla01-1991
flemive01,27,5.9,199103020IND-IND,199103020IND-CHI,IND-1991,1,1991,159.3,81.5,flemive01-1991
mccloge01,26,2.5,199103020IND-IND,199103020IND-CHI,IND-1991,1,1991,65,81.5,mccloge01-1991
schrede01,24,0.5,199103020IND-IND,199103020IND-CHI,IND-1991,1,1991,12,81.5,schrede01-1991
smitsri01,20,-3.5,199103020IND-IND,199103020IND-CHI,IND-1991,1,1991,-70,81.5,smitsri01-1991
dreilgr01,18,0.3,199103020IND-IND,199103020IND-CHI,IND-1991,1,1991,5.3999999999999995,81.5,dreilgr01-1991
sandemi01,12,-1.1,199103020IND-IND,199103020IND-CHI,IND-1991,1,1991,-13.200000000000001,81.5,sandemi01-1991
willike03,8,-1.5,199103020IND-IND,199103020IND-CHI,IND-1991,1,1991,-12,81.5,willike03-1991
willimi02,6,-1.6,199103020IND-IND,199103020IND-CHI,IND-1991,1,1991,-9.600000000000001,81.5,willimi02-1991
brownde01,41,4,199103040BOS-BOS,199103040BOS-IND,BOS-1991,1,1991,164,77.61818181818182,brownde01-1991
birdla01,37,10.9,199103040BOS-BOS,199103040BOS-IND,BOS-1991,1,1991,403.3,77.61818181818182,birdla01-1991
lewisre01,35,-2.3,199103040BOS-BOS,199103040BOS-IND,BOS-1991,1,1991,-80.5,77.61818181818182,lewisre01-1991
gamblke01,31,5.3,199103040BOS-BOS,199103040BOS-IND,BOS-1991,1,1991,164.29999999999998,77.61818181818182,gamblke01-1991
mchalke01,29,0.8,199103040BOS-BOS,199103040BOS-IND,BOS-1991,1,1991,23.200000000000003,77.61818181818182,mchalke01-1991
parisro01,25,5.4,199103040BOS-BOS,199103040BOS-IND,BOS-1991,1,1991,135,77.61818181818182,parisro01-1991
pincked01,20,2.7,199103040BOS-BOS,199103040BOS-IND,BOS-1991,1,1991,54,77.61818181818182,pincked01-1991
kleinjo01,9,0.1,199103040BOS-BOS,199103040BOS-IND,BOS-1991,1,1991,0.9,77.61818181818182,kleinjo01-1991
smithch02,7,-1.7,199103040BOS-BOS,199103040BOS-IND,BOS-1991,1,1991,-11.9,77.61818181818182,smithch02-1991
smithmi01,3,-1,199103040BOS-BOS,199103040BOS-IND,BOS-1991,1,1991,-3,77.61818181818182,smithmi01-1991
vrankst01,3,1.5,199103040BOS-BOS,199103040BOS-IND,BOS-1991,1,1991,4.5,77.61818181818182,vrankst01-1991
millere01,40,7.1,199103050IND-IND,199103050IND-CHH,IND-1991,1,1991,284,56.58181818181818,millere01-1991
flemive01,35,3.7,199103050IND-IND,199103050IND-CHH,IND-1991,1,1991,129.5,56.58181818181818,flemive01-1991
sandemi01,33,-0.3,199103050IND-IND,199103050IND-CHH,IND-1991,1,1991,-9.9,56.58181818181818,sandemi01-1991
schrede01,33,6.8,199103050IND-IND,199103050IND-CHH,IND-1991,1,1991,224.4,56.58181818181818,schrede01-1991
thompla01,25,-2.2,199103050IND-IND,199103050IND-CHH,IND-1991,1,1991,-55.00000000000001,56.58181818181818,thompla01-1991
smitsri01,22,5.5,199103050IND-IND,199103050IND-CHH,IND-1991,1,1991,121,56.58181818181818,smitsri01-1991
persoch01,15,2.9,199103050IND-IND,199103050IND-CHH,IND-1991,1,1991,43.5,56.58181818181818,persoch01-1991
dreilgr01,13,-2.5,199103050IND-IND,199103050IND-CHH,IND-1991,1,1991,-32.5,56.58181818181818,dreilgr01-1991
mccloge01,13,-4.5,199103050IND-IND,199103050IND-CHH,IND-1991,1,1991,-58.5,56.58181818181818,mccloge01-1991
wittmra01,8,-2,199103050IND-IND,199103050IND-CHH,IND-1991,1,1991,-16,56.58181818181818,wittmra01-1991
willike03,3,-2.7,199103050IND-IND,199103050IND-CHH,IND-1991,1,1991,-8.100000000000001,56.58181818181818,willike03-1991
millere01,34,3.9,199103070IND-IND,199103070IND-DEN,IND-1991,1,1991,132.6,57.82,millere01-1991
schrede01,34,2.7,199103070IND-IND,199103070IND-DEN,IND-1991,1,1991,91.80000000000001,57.82,schrede01-1991
flemive01,31,11.7,199103070IND-IND,199103070IND-DEN,IND-1991,1,1991,362.7,57.82,flemive01-1991
smitsri01,30,2.5,199103070IND-IND,199103070IND-DEN,IND-1991,1,1991,75,57.82,smitsri01-1991
sandemi01,24,-3,199103070IND-IND,199103070IND-DEN,IND-1991,1,1991,-72,57.82,sandemi01-1991
willike03,24,2.9,199103070IND-IND,199103070IND-DEN,IND-1991,1,1991,69.6,57.82,willike03-1991
dreilgr01,23,-1.5,199103070IND-IND,199103070IND-DEN,IND-1991,1,1991,-34.5,57.82,dreilgr01-1991
mccloge01,16,0.1,199103070IND-IND,199103070IND-DEN,IND-1991,1,1991,1.6,57.82,mccloge01-1991
wittmra01,15,1.5,199103070IND-IND,199103070IND-DEN,IND-1991,1,1991,22.5,57.82,wittmra01-1991
thompla01,9,-7.9,199103070IND-IND,199103070IND-DEN,IND-1991,1,1991,-71.10000000000001,57.82,thompla01-1991
millere01,38,5.2,199103090IND-IND,199103090IND-DET,IND-1991,0,1991,197.6,41.1,millere01-1991
schrede01,37,0.3,199103090IND-IND,199103090IND-DET,IND-1991,0,1991,11.1,41.1,schrede01-1991
sandemi01,32,0.6,199103090IND-IND,199103090IND-DET,IND-1991,0,1991,19.2,41.1,sandemi01-1991
smitsri01,31,9,199103090IND-IND,199103090IND-DET,IND-1991,0,1991,279,41.1,smitsri01-1991
flemive01,29,-1.8,199103090IND-IND,199103090IND-DET,IND-1991,0,1991,-52.2,41.1,flemive01-1991
willimi02,19,1.6,199103090IND-IND,199103090IND-DET,IND-1991,0,1991,30.400000000000002,41.1,willimi02-1991
willike03,15,-0.4,199103090IND-IND,199103090IND-DET,IND-1991,0,1991,-6,41.1,willike03-1991
dreilgr01,14,-3.4,199103090IND-IND,199103090IND-DET,IND-1991,0,1991,-47.6,41.1,dreilgr01-1991
thompla01,14,0.5,199103090IND-IND,199103090IND-DET,IND-1991,0,1991,7,41.1,thompla01-1991
mccloge01,11,-2.5,199103090IND-IND,199103090IND-DET,IND-1991,0,1991,-27.5,41.1,mccloge01-1991
hardati01,43,7.2,199103120GSW-GSW,199103120GSW-IND,GSW-1991,1,1991,309.6,79.85,hardati01-1991
richmmi01,42,2,199103120GSW-GSW,199103120GSW-IND,GSW-1991,1,1991,84,79.85,richmmi01-1991
mullich01,41,6,199103120GSW-GSW,199103120GSW-IND,GSW-1991,1,1991,246,79.85,mullich01-1991
higgiro01,32,1.9,199103120GSW-GSW,199103120GSW-IND,GSW-1991,1,1991,60.8,79.85,higgiro01-1991
eliema01,23,2.8,199103120GSW-GSW,199103120GSW-IND,GSW-1991,1,1991,64.39999999999999,79.85,eliema01-1991
listeal01,23,2.5,199103120GSW-GSW,199103120GSW-IND,GSW-1991,1,1991,57.5,79.85,listeal01-1991
hillty01,17,-1.6,199103120GSW-GSW,199103120GSW-IND,GSW-1991,1,1991,-27.200000000000003,79.85,hillty01-1991
peterji01,11,1.1,199103120GSW-GSW,199103120GSW-IND,GSW-1991,1,1991,12.100000000000001,79.85,peterji01-1991
pritcke01,7,-1.1,199103120GSW-GSW,199103120GSW-IND,GSW-1991,1,1991,-7.700000000000001,79.85,pritcke01-1991
robinla01,1,-1,199103120GSW-GSW,199103120GSW-IND,GSW-1991,1,1991,-1,79.85,robinla01-1991
simmoli01,44,9.1,199103140SAC-SAC,199103140SAC-IND,SAC-1991,0,1991,400.4,37.96,simmoli01-1991
sparrro01,35,-1.2,199103140SAC-SAC,199103140SAC-IND,SAC-1991,0,1991,-42,37.96,sparrro01-1991
carran01,34,1.6,199103140SAC-SAC,199103140SAC-IND,SAC-1991,0,1991,54.400000000000006,37.96,carran01-1991
hansebo01,32,1.5,199103140SAC-SAC,199103140SAC-IND,SAC-1991,0,1991,48,37.96,hansebo01-1991
wennibi01,29,-2.3,199103140SAC-SAC,199103140SAC-IND,SAC-1991,0,1991,-66.69999999999999,37.96,wennibi01-1991
lesji01,25,0.1,199103140SAC-SAC,199103140SAC-IND,SAC-1991,0,1991,2.5,37.96,lesji01-1991
causwdu01,19,0,199103140SAC-SAC,199103140SAC-IND,SAC-1991,0,1991,0,37.96,causwdu01-1991
fredean01,14,-0.2,199103140SAC-SAC,199103140SAC-IND,SAC-1991,0,1991,-2.8000000000000003,37.96,fredean01-1991
dawsoto01,6,-1.6,199103140SAC-SAC,199103140SAC-IND,SAC-1991,0,1991,-9.600000000000001,37.96,dawsoto01-1991
callori01,2,-2.3,199103140SAC-SAC,199103140SAC-IND,SAC-1991,0,1991,-4.6,37.96,callori01-1991
harpero01,39,-3.3,199103150LAC-LAC,199103150LAC-IND,LAC-1991,0,1991,-128.7,14.918181818181818,harpero01-1991
polynol01,38,4,199103150LAC-LAC,199103150LAC-IND,LAC-1991,0,1991,152,14.918181818181818,polynol01-1991
smithch01,35,1.8,199103150LAC-LAC,199103150LAC-IND,LAC-1991,0,1991,63,14.918181818181818,smithch01-1991
garlawi01,32,-0.4,199103150LAC-LAC,199103150LAC-IND,LAC-1991,0,1991,-12.8,14.918181818181818,garlawi01-1991
mannida01,29,5.3,199103150LAC-LAC,199103150LAC-IND,LAC-1991,0,1991,153.7,14.918181818181818,mannida01-1991
normake01,23,-0.6,199103150LAC-LAC,199103150LAC-IND,LAC-1991,0,1991,-13.799999999999999,14.918181818181818,normake01-1991
garrito01,16,-0.4,199103150LAC-LAC,199103150LAC-IND,LAC-1991,0,1991,-6.4,14.918181818181818,garrito01-1991
kimblbo01,10,-4.9,199103150LAC-LAC,199103150LAC-IND,LAC-1991,0,1991,-49,14.918181818181818,kimblbo01-1991
bannike01,7,1.5,199103150LAC-LAC,199103150LAC-IND,LAC-1991,0,1991,10.5,14.918181818181818,bannike01-1991
vaughlo01,6,-0.9,199103150LAC-LAC,199103150LAC-IND,LAC-1991,0,1991,-5.4,14.918181818181818,vaughlo01-1991
martije01,5,0.2,199103150LAC-LAC,199103150LAC-IND,LAC-1991,0,1991,1,14.918181818181818,martije01-1991
adamsmi01,34,0.5,199103170DEN-DEN,199103170DEN-IND,DEN-1991,0,1991,17,-33.481818181818184,adamsmi01-1991
rasmubl01,34,-5.8,199103170DEN-DEN,199103170DEN-IND,DEN-1991,0,1991,-197.2,-33.481818181818184,rasmubl01-1991
woolror01,29,3,199103170DEN-DEN,199103170DEN-IND,DEN-1991,0,1991,87,-33.481818181818184,woolror01-1991
farmeji01,25,-5.5,199103170DEN-DEN,199103170DEN-IND,DEN-1991,0,1991,-137.5,-33.481818181818184,farmeji01-1991
wolfjo01,24,-3.2,199103170DEN-DEN,199103170DEN-IND,DEN-1991,0,1991,-76.80000000000001,-33.481818181818184,wolfjo01-1991
abdulma02,24,1.4,199103170DEN-DEN,199103170DEN-IND,DEN-1991,0,1991,33.599999999999994,-33.481818181818184,abdulma02-1991
laneje01,18,-4.1,199103170DEN-DEN,199103170DEN-IND,DEN-1991,0,1991,-73.8,-33.481818181818184,laneje01-1991
battlke01,16,0.5,199103170DEN-DEN,199103170DEN-IND,DEN-1991,0,1991,8,-33.481818181818184,battlke01-1991
willire01,14,-1.1,199103170DEN-DEN,199103170DEN-IND,DEN-1991,0,1991,-15.400000000000002,-33.481818181818184,willire01-1991
andergr01,14,0.6,199103170DEN-DEN,199103170DEN-IND,DEN-1991,0,1991,8.4,-33.481818181818184,andergr01-1991
liberma01,8,-2.7,199103170DEN-DEN,199103170DEN-IND,DEN-1991,0,1991,-21.6,-33.481818181818184,liberma01-1991
majerda01,40,3.7,199103180PHO-PHO,199103180PHO-IND,PHO-1991,1,1991,148,78.91111111111111,majerda01-1991
hornaje01,37,8.2,199103180PHO-PHO,199103180PHO-IND,PHO-1991,1,1991,303.4,78.91111111111111,hornaje01-1991
johnske02,37,3.4,199103180PHO-PHO,199103180PHO-IND,PHO-1991,1,1991,125.8,78.91111111111111,johnske02-1991
mcdanxa01,34,3.7,199103180PHO-PHO,199103180PHO-IND,PHO-1991,1,1991,125.80000000000001,78.91111111111111,mcdanxa01-1991
chambto01,24,0.9,199103180PHO-PHO,199103180PHO-IND,PHO-1991,1,1991,21.6,78.91111111111111,chambto01-1991
langan01,24,1.5,199103180PHO-PHO,199103180PHO-IND,PHO-1991,1,1991,36,78.91111111111111,langan01-1991
westma01,20,0,199103180PHO-PHO,199103180PHO-IND,PHO-1991,1,1991,0,78.91111111111111,westma01-1991
cebalce01,18,-2.8,199103180PHO-PHO,199103180PHO-IND,PHO-1991,1,1991,-50.4,78.91111111111111,cebalce01-1991
knighne01,6,0,199103180PHO-PHO,199103180PHO-IND,PHO-1991,1,1991,0,78.91111111111111,knighne01-1991
schrede01,39,3.9,199103200IND-IND,199103200IND-MIA,IND-1991,1,1991,152.1,52.43,schrede01-1991
thompla01,34,1.1,199103200IND-IND,199103200IND-MIA,IND-1991,1,1991,37.400000000000006,52.43,thompla01-1991
flemive01,33,8.9,199103200IND-IND,199103200IND-MIA,IND-1991,1,1991,293.7,52.43,flemive01-1991
millere01,32,8.1,199103200IND-IND,199103200IND-MIA,IND-1991,1,1991,259.2,52.43,millere01-1991
persoch01,25,-5.2,199103200IND-IND,199103200IND-MIA,IND-1991,1,1991,-130,52.43,persoch01-1991
willimi02,25,-1.3,199103200IND-IND,199103200IND-MIA,IND-1991,1,1991,-32.5,52.43,willimi02-1991
mccloge01,22,-3.6,199103200IND-IND,199103200IND-MIA,IND-1991,1,1991,-79.2,52.43,mccloge01-1991
smitsri01,14,1.5,199103200IND-IND,199103200IND-MIA,IND-1991,1,1991,21,52.43,smitsri01-1991
dreilgr01,9,-0.1,199103200IND-IND,199103200IND-MIA,IND-1991,1,1991,-0.9,52.43,dreilgr01-1991
sandemi01,7,0.5,199103200IND-IND,199103200IND-MIA,IND-1991,1,1991,3.5,52.43,sandemi01-1991
schrede01,37,2.6,199103220IND-IND,199103220IND-BOS,IND-1991,1,1991,96.2,55.836363636363636,schrede01-1991
millere01,35,6.4,199103220IND-IND,199103220IND-BOS,IND-1991,1,1991,224,55.836363636363636,millere01-1991
thompla01,30,10.1,199103220IND-IND,199103220IND-BOS,IND-1991,1,1991,303,55.836363636363636,thompla01-1991
persoch01,28,-2.3,199103220IND-IND,199103220IND-BOS,IND-1991,1,1991,-64.39999999999999,55.836363636363636,persoch01-1991
flemive01,27,0.7,199103220IND-IND,199103220IND-BOS,IND-1991,1,1991,18.9,55.836363636363636,flemive01-1991
smitsri01,21,2.1,199103220IND-IND,199103220IND-BOS,IND-1991,1,1991,44.1,55.836363636363636,smitsri01-1991
sandemi01,20,3.9,199103220IND-IND,199103220IND-BOS,IND-1991,1,1991,78,55.836363636363636,sandemi01-1991
willimi02,20,-6.1,199103220IND-IND,199103220IND-BOS,IND-1991,1,1991,-122,55.836363636363636,willimi02-1991
mccloge01,13,2.5,199103220IND-IND,199103220IND-BOS,IND-1991,1,1991,32.5,55.836363636363636,mccloge01-1991
dreilgr01,8,0.5,199103220IND-IND,199103220IND-BOS,IND-1991,1,1991,4,55.836363636363636,dreilgr01-1991
willike03,1,-0.1,199103220IND-IND,199103220IND-BOS,IND-1991,1,1991,-0.1,55.836363636363636,willike03-1991
jordami01,40,10.1,199103230CHI-CHI,199103230CHI-IND,CHI-1991,1,1991,404,64.09166666666667,jordami01-1991
paxsojo01,31,8.6,199103230CHI-CHI,199103230CHI-IND,CHI-1991,1,1991,266.59999999999997,64.09166666666667,paxsojo01-1991
grantho01,29,-1.2,199103230CHI-CHI,199103230CHI-IND,CHI-1991,1,1991,-34.8,64.09166666666667,grantho01-1991
pippesc01,29,-1.6,199103230CHI-CHI,199103230CHI-IND,CHI-1991,1,1991,-46.400000000000006,64.09166666666667,pippesc01-1991
cartwbi01,26,5.2,199103230CHI-CHI,199103230CHI-IND,CHI-1991,1,1991,135.20000000000002,64.09166666666667,cartwbi01-1991
perduwi01,20,1.3,199103230CHI-CHI,199103230CHI-IND,CHI-1991,1,1991,26,64.09166666666667,perduwi01-1991
armstbj01,16,-2.7,199103230CHI-CHI,199103230CHI-IND,CHI-1991,1,1991,-43.2,64.09166666666667,armstbj01-1991
hodgecr01,16,5.5,199103230CHI-CHI,199103230CHI-IND,CHI-1991,1,1991,88,64.09166666666667,hodgecr01-1991
hopsode01,12,-2.7,199103230CHI-CHI,199103230CHI-IND,CHI-1991,1,1991,-32.400000000000006,64.09166666666667,hopsode01-1991
kingst01,10,1.7,199103230CHI-CHI,199103230CHI-IND,CHI-1991,1,1991,17,64.09166666666667,kingst01-1991
levincl01,10,-1,199103230CHI-CHI,199103230CHI-IND,CHI-1991,1,1991,-10,64.09166666666667,levincl01-1991
willisc01,1,-0.9,199103230CHI-CHI,199103230CHI-IND,CHI-1991,1,1991,-0.9,64.09166666666667,willisc01-1991
schrede01,38,7.8,199103260IND-IND,199103260IND-ATL,IND-1991,1,1991,296.4,48.97272727272727,schrede01-1991
millere01,37,2.7,199103260IND-IND,199103260IND-ATL,IND-1991,1,1991,99.9,48.97272727272727,millere01-1991
persoch01,29,2.4,199103260IND-IND,199103260IND-ATL,IND-1991,1,1991,69.6,48.97272727272727,persoch01-1991
thompla01,29,-1.4,199103260IND-IND,199103260IND-ATL,IND-1991,1,1991,-40.599999999999994,48.97272727272727,thompla01-1991
willimi02,28,1,199103260IND-IND,199103260IND-ATL,IND-1991,1,1991,28,48.97272727272727,willimi02-1991
flemive01,20,0.9,199103260IND-IND,199103260IND-ATL,IND-1991,1,1991,18,48.97272727272727,flemive01-1991
sandemi01,18,-0.5,199103260IND-IND,199103260IND-ATL,IND-1991,1,1991,-9,48.97272727272727,sandemi01-1991
smitsri01,17,4,199103260IND-IND,199103260IND-ATL,IND-1991,1,1991,68,48.97272727272727,smitsri01-1991
mccloge01,12,1.9,199103260IND-IND,199103260IND-ATL,IND-1991,1,1991,22.799999999999997,48.97272727272727,mccloge01-1991
dreilgr01,11,-1.3,199103260IND-IND,199103260IND-ATL,IND-1991,1,1991,-14.3,48.97272727272727,dreilgr01-1991
willike03,1,-0.1,199103260IND-IND,199103260IND-ATL,IND-1991,1,1991,-0.1,48.97272727272727,willike03-1991
rodmade01,44,7.8,199103270DET-DET,199103270DET-IND,DET-1991,1,1991,343.2,74.1,rodmade01-1991
laimbbi01,36,7.7,199103270DET-DET,199103270DET-IND,DET-1991,1,1991,277.2,74.1,laimbbi01-1991
johnsvi01,35,0,199103270DET-DET,199103270DET-IND,DET-1991,1,1991,0,74.1,johnsvi01-1991
dumarjo01,34,2.2,199103270DET-DET,199103270DET-IND,DET-1991,1,1991,74.80000000000001,74.1,dumarjo01-1991
aguirma01,29,4.7,199103270DET-DET,199103270DET-IND,DET-1991,1,1991,136.3,74.1,aguirma01-1991
hendege01,27,-3,199103270DET-DET,199103270DET-IND,DET-1991,1,1991,-81,74.1,hendege01-1991
edwarja01,23,0.4,199103270DET-DET,199103270DET-IND,DET-1991,1,1991,9.200000000000001,74.1,edwarja01-1991
sallejo01,7,-2.3,199103270DET-DET,199103270DET-IND,DET-1991,1,1991,-16.099999999999998,74.1,sallejo01-1991
bedfowi01,3,-0.8,199103270DET-DET,199103270DET-IND,DET-1991,1,1991,-2.4000000000000004,74.1,bedfowi01-1991
longjo01,2,-0.1,199103270DET-DET,199103270DET-IND,DET-1991,1,1991,-0.2,74.1,longjo01-1991
schrede01,45,3,199103310IND-IND,199103310IND-GSW,IND-1991,1,1991,135,64.26363636363637,schrede01-1991
flemive01,37,5.8,199103310IND-IND,199103310IND-GSW,IND-1991,1,1991,214.6,64.26363636363637,flemive01-1991
millere01,32,4.4,199103310IND-IND,199103310IND-GSW,IND-1991,1,1991,140.8,64.26363636363637,millere01-1991
persoch01,32,9.3,199103310IND-IND,199103310IND-GSW,IND-1991,1,1991,297.6,64.26363636363637,persoch01-1991
sandemi01,22,-0.4,199103310IND-IND,199103310IND-GSW,IND-1991,1,1991,-8.8,64.26363636363637,sandemi01-1991
willimi02,19,0.1,199103310IND-IND,199103310IND-GSW,IND-1991,1,1991,1.9000000000000001,64.26363636363637,willimi02-1991
thompla01,18,-2.5,199103310IND-IND,199103310IND-GSW,IND-1991,1,1991,-45,64.26363636363637,thompla01-1991
mccloge01,18,-3.7,199103310IND-IND,199103310IND-GSW,IND-1991,1,1991,-66.60000000000001,64.26363636363637,mccloge01-1991
willike03,18,2.5,199103310IND-IND,199103310IND-GSW,IND-1991,1,1991,45,64.26363636363637,willike03-1991
smitsri01,14,0.6,199103310IND-IND,199103310IND-GSW,IND-1991,1,1991,8.4,64.26363636363637,smitsri01-1991
dreilgr01,10,-1.6,199103310IND-IND,199103310IND-GSW,IND-1991,1,1991,-16,64.26363636363637,dreilgr01-1991
millere01,37,0.7,199104030IND-IND,199104030IND-PHI,IND-1991,0,1991,25.9,24.854545454545452,millere01-1991
schrede01,34,7,199104030IND-IND,199104030IND-PHI,IND-1991,0,1991,238,24.854545454545452,schrede01-1991
persoch01,30,-3.1,199104030IND-IND,199104030IND-PHI,IND-1991,0,1991,-93,24.854545454545452,persoch01-1991
thompla01,29,5.8,199104030IND-IND,199104030IND-PHI,IND-1991,0,1991,168.2,24.854545454545452,thompla01-1991
flemive01,27,1,199104030IND-IND,199104030IND-PHI,IND-1991,0,1991,27,24.854545454545452,flemive01-1991
willimi02,21,1.1,199104030IND-IND,199104030IND-PHI,IND-1991,0,1991,23.1,24.854545454545452,willimi02-1991
dreilgr01,15,1.1,199104030IND-IND,199104030IND-PHI,IND-1991,0,1991,16.5,24.854545454545452,dreilgr01-1991
smitsri01,15,-2.9,199104030IND-IND,199104030IND-PHI,IND-1991,0,1991,-43.5,24.854545454545452,smitsri01-1991
sandemi01,14,-1.8,199104030IND-IND,199104030IND-PHI,IND-1991,0,1991,-25.2,24.854545454545452,sandemi01-1991
mccloge01,12,-4.9,199104030IND-IND,199104030IND-PHI,IND-1991,0,1991,-58.800000000000004,24.854545454545452,mccloge01-1991
willike03,6,-0.8,199104030IND-IND,199104030IND-PHI,IND-1991,0,1991,-4.800000000000001,24.854545454545452,willike03-1991
schrede01,35,-1.8,199104050IND-IND,199104050IND-WSB,IND-1991,1,1991,-63,29.15,schrede01-1991
millere01,25,8.7,199104050IND-IND,199104050IND-WSB,IND-1991,1,1991,217.49999999999997,29.15,millere01-1991
willimi02,25,-0.9,199104050IND-IND,199104050IND-WSB,IND-1991,1,1991,-22.5,29.15,willimi02-1991
persoch01,24,3.6,199104050IND-IND,199104050IND-WSB,IND-1991,1,1991,86.4,29.15,persoch01-1991
sandemi01,24,0.6,199104050IND-IND,199104050IND-WSB,IND-1991,1,1991,14.399999999999999,29.15,sandemi01-1991
flemive01,23,3.8,199104050IND-IND,199104050IND-WSB,IND-1991,1,1991,87.39999999999999,29.15,flemive01-1991
mccloge01,21,-0.2,199104050IND-IND,199104050IND-WSB,IND-1991,1,1991,-4.2,29.15,mccloge01-1991
dreilgr01,17,-0.8,199104050IND-IND,199104050IND-WSB,IND-1991,1,1991,-13.600000000000001,29.15,dreilgr01-1991
smitsri01,16,1.5,199104050IND-IND,199104050IND-WSB,IND-1991,1,1991,24,29.15,smitsri01-1991
willike03,16,2.4,199104050IND-IND,199104050IND-WSB,IND-1991,1,1991,38.4,29.15,willike03-1991
thompla01,12,-0.9,199104050IND-IND,199104050IND-WSB,IND-1991,1,1991,-10.8,29.15,thompla01-1991
wittmra01,2,-2.1,199104050IND-IND,199104050IND-WSB,IND-1991,1,1991,-4.2,29.15,wittmra01-1991
riverdo01,38,5,199104060ATL-ATL,199104060ATL-IND,ATL-1991,1,1991,190,75.31818181818181,riverdo01-1991
wilkido01,36,10.9,199104060ATL-ATL,199104060ATL-IND,ATL-1991,1,1991,392.40000000000003,75.31818181818181,wilkido01-1991
webbsp01,33,9.4,199104060ATL-ATL,199104060ATL-IND,ATL-1991,1,1991,310.2,75.31818181818181,webbsp01-1991
willike02,33,-1,199104060ATL-ATL,199104060ATL-IND,ATL-1991,1,1991,-33,75.31818181818181,willike02-1991
moncrsi01,27,-1.1,199104060ATL-ATL,199104060ATL-IND,ATL-1991,1,1991,-29.700000000000003,75.31818181818181,moncrsi01-1991
koncajo01,23,-0.6,199104060ATL-ATL,199104060ATL-IND,ATL-1991,1,1991,-13.799999999999999,75.31818181818181,koncajo01-1991
malonmo01,22,-3.5,199104060ATL-ATL,199104060ATL-IND,ATL-1991,1,1991,-77,75.31818181818181,malonmo01-1991
battljo01,17,3.4,199104060ATL-ATL,199104060ATL-IND,ATL-1991,1,1991,57.8,75.31818181818181,battljo01-1991
ferredu01,7,4.2,199104060ATL-ATL,199104060ATL-IND,ATL-1991,1,1991,29.400000000000002,75.31818181818181,ferredu01-1991
leonaga01,2,1.5,199104060ATL-ATL,199104060ATL-IND,ATL-1991,1,1991,3,75.31818181818181,leonaga01-1991
robinru01,2,-0.4,199104060ATL-ATL,199104060ATL-IND,ATL-1991,1,1991,-0.8,75.31818181818181,robinru01-1991
gminsmi01,33,3.9,199104090CHH-CHH,199104090CHH-IND,CHH-1991,0,1991,128.7,27.09,gminsmi01-1991
chapmre01,28,8,199104090CHH-CHH,199104090CHH-IND,CHH-1991,0,1991,224,27.09,chapmre01-1991
boguemu01,26,2.4,199104090CHH-CHH,199104090CHH-IND,CHH-1991,0,1991,62.4,27.09,boguemu01-1991
gillke01,25,0,199104090CHH-CHH,199104090CHH-IND,CHH-1991,0,1991,0,27.09,gillke01-1991
gattike01,25,-0.9,199104090CHH-CHH,199104090CHH-IND,CHH-1991,0,1991,-22.5,27.09,gattike01-1991
newmajo01,23,-0.1,199104090CHH-CHH,199104090CHH-IND,CHH-1991,0,1991,-2.3000000000000003,27.09,newmajo01-1991
reidjr01,23,-2.1,199104090CHH-CHH,199104090CHH-IND,CHH-1991,0,1991,-48.300000000000004,27.09,reidjr01-1991
tripuke01,22,-6.3,199104090CHH-CHH,199104090CHH-IND,CHH-1991,0,1991,-138.6,27.09,tripuke01-1991
curryde01,20,7.5,199104090CHH-CHH,199104090CHH-IND,CHH-1991,0,1991,150,27.09,curryde01-1991
leckner01,15,-5.5,199104090CHH-CHH,199104090CHH-IND,CHH-1991,0,1991,-82.5,27.09,leckner01-1991
millere01,38,5.7,199104100IND-IND,199104100IND-CHI,IND-1991,0,1991,216.6,50.65454545454545,millere01-1991
thompla01,31,4.3,199104100IND-IND,199104100IND-CHI,IND-1991,0,1991,133.29999999999998,50.65454545454545,thompla01-1991
persoch01,30,1.6,199104100IND-IND,199104100IND-CHI,IND-1991,0,1991,48,50.65454545454545,persoch01-1991
smitsri01,30,-1.7,199104100IND-IND,199104100IND-CHI,IND-1991,0,1991,-51,50.65454545454545,smitsri01-1991
schrede01,29,7.1,199104100IND-IND,199104100IND-CHI,IND-1991,0,1991,205.89999999999998,50.65454545454545,schrede01-1991
willimi02,28,4.5,199104100IND-IND,199104100IND-CHI,IND-1991,0,1991,126,50.65454545454545,willimi02-1991
flemive01,21,-2.1,199104100IND-IND,199104100IND-CHI,IND-1991,0,1991,-44.1,50.65454545454545,flemive01-1991
sandemi01,16,-2.1,199104100IND-IND,199104100IND-CHI,IND-1991,0,1991,-33.6,50.65454545454545,sandemi01-1991
mccloge01,11,-3.5,199104100IND-IND,199104100IND-CHI,IND-1991,0,1991,-38.5,50.65454545454545,mccloge01-1991
dreilgr01,4,-0.8,199104100IND-IND,199104100IND-CHI,IND-1991,0,1991,-3.2,50.65454545454545,dreilgr01-1991
willike03,2,-1.1,199104100IND-IND,199104100IND-CHI,IND-1991,0,1991,-2.2,50.65454545454545,willike03-1991
ewingpa01,38,4.6,199104120NYK-NYK,199104120NYK-IND,NYK-1991,1,1991,174.79999999999998,50.01,ewingpa01-1991
jacksma01,36,8.2,199104120NYK-NYK,199104120NYK-IND,NYK-1991,1,1991,295.2,50.01,jacksma01-1991
vandeki01,33,3.9,199104120NYK-NYK,199104120NYK-IND,NYK-1991,1,1991,128.7,50.01,vandeki01-1991
quinnbr01,30,-1.4,199104120NYK-NYK,199104120NYK-IND,NYK-1991,1,1991,-42,50.01,quinnbr01-1991
starkjo01,28,-0.2,199104120NYK-NYK,199104120NYK-IND,NYK-1991,1,1991,-5.6000000000000005,50.01,starkjo01-1991
tucketr01,24,0.7,199104120NYK-NYK,199104120NYK-IND,NYK-1991,1,1991,16.799999999999997,50.01,tucketr01-1991
mustaje01,19,-1.8,199104120NYK-NYK,199104120NYK-IND,NYK-1991,1,1991,-34.2,50.01,mustaje01-1991
walkeke01,16,-1.7,199104120NYK-NYK,199104120NYK-IND,NYK-1991,1,1991,-27.2,50.01,walkeke01-1991
cheekma01,12,-1.3,199104120NYK-NYK,199104120NYK-IND,NYK-1991,1,1991,-15.600000000000001,50.01,cheekma01-1991
wilkied01,4,2.3,199104120NYK-NYK,199104120NYK-IND,NYK-1991,1,1991,9.2,50.01,wilkied01-1991
willimi02,42,9,199104140IND-IND,199104140IND-DET,IND-1991,1,1991,378,111.54444444444444,willimi02-1991
millere01,39,4.5,199104140IND-IND,199104140IND-DET,IND-1991,1,1991,175.5,111.54444444444444,millere01-1991
schrede01,35,8.7,199104140IND-IND,199104140IND-DET,IND-1991,1,1991,304.5,111.54444444444444,schrede01-1991
thompla01,30,1,199104140IND-IND,199104140IND-DET,IND-1991,1,1991,30,111.54444444444444,thompla01-1991
persoch01,28,1.4,199104140IND-IND,199104140IND-DET,IND-1991,1,1991,39.199999999999996,111.54444444444444,persoch01-1991
flemive01,24,2.4,199104140IND-IND,199104140IND-DET,IND-1991,1,1991,57.599999999999994,111.54444444444444,flemive01-1991
smitsri01,21,3,199104140IND-IND,199104140IND-DET,IND-1991,1,1991,63,111.54444444444444,smitsri01-1991
willike03,11,-0.9,199104140IND-IND,199104140IND-DET,IND-1991,1,1991,-9.9,111.54444444444444,willike03-1991
dreilgr01,10,-3.4,199104140IND-IND,199104140IND-DET,IND-1991,1,1991,-34,111.54444444444444,dreilgr01-1991
haleyja01,42,-3.8,199104160NJN-NJN,199104160NJN-IND,NJN-1991,0,1991,-159.6,6.61,haleyja01-1991
morrich01,36,3.5,199104160NJN-NJN,199104160NJN-IND,NJN-1991,0,1991,126,6.61,morrich01-1991
theusre01,36,-0.4,199104160NJN-NJN,199104160NJN-IND,NJN-1991,0,1991,-14.4,6.61,theusre01-1991
colemde01,30,-1.1,199104160NJN-NJN,199104160NJN-IND,NJN-1991,0,1991,-33,6.61,colemde01-1991
blaylmo01,28,1.1,199104160NJN-NJN,199104160NJN-IND,NJN-1991,0,1991,30.800000000000004,6.61,blaylmo01-1991
millste01,24,2.5,199104160NJN-NJN,199104160NJN-IND,NJN-1991,0,1991,60,6.61,millste01-1991
petrodr01,19,1.7,199104160NJN-NJN,199104160NJN-IND,NJN-1991,0,1991,32.3,6.61,petrodr01-1991
georgta01,14,1.4,199104160NJN-NJN,199104160NJN-IND,NJN-1991,0,1991,19.599999999999998,6.61,georgta01-1991
buechju01,6,1.9,199104160NJN-NJN,199104160NJN-IND,NJN-1991,0,1991,11.399999999999999,6.61,buechju01-1991
gervide01,5,-1.4,199104160NJN-NJN,199104160NJN-IND,NJN-1991,0,1991,-7,6.61,gervide01-1991
millere01,37,4.2,199104190IND-IND,199104190IND-NYK,IND-1991,1,1991,155.4,83.93333333333334,millere01-1991
willimi02,37,11.9,199104190IND-IND,199104190IND-NYK,IND-1991,1,1991,440.3,83.93333333333334,willimi02-1991
schrede01,36,2.2,199104190IND-IND,199104190IND-NYK,IND-1991,1,1991,79.2,83.93333333333334,schrede01-1991
persoch01,27,7.6,199104190IND-IND,199104190IND-NYK,IND-1991,1,1991,205.2,83.93333333333334,persoch01-1991
flemive01,26,4.6,199104190IND-IND,199104190IND-NYK,IND-1991,1,1991,119.6,83.93333333333334,flemive01-1991
smitsri01,25,-1.2,199104190IND-IND,199104190IND-NYK,IND-1991,1,1991,-30,83.93333333333334,smitsri01-1991
thompla01,23,-6.9,199104190IND-IND,199104190IND-NYK,IND-1991,1,1991,-158.70000000000002,83.93333333333334,thompla01-1991
sandemi01,17,-3.2,199104190IND-IND,199104190IND-NYK,IND-1991,1,1991,-54.400000000000006,83.93333333333334,sandemi01-1991
dreilgr01,12,-0.1,199104190IND-IND,199104190IND-NYK,IND-1991,1,1991,-1.2000000000000002,83.93333333333334,dreilgr01-1991
roberfr01,29,4.3,199104200MIL-MIL,199104200MIL-IND,MIL-1991,1,1991,124.69999999999999,48.24166666666667,roberfr01-1991
lohaubr01,28,0.3,199104200MIL-MIL,199104200MIL-IND,MIL-1991,1,1991,8.4,48.24166666666667,lohaubr01-1991
sikmaja01,27,-1.3,199104200MIL-MIL,199104200MIL-IND,MIL-1991,1,1991,-35.1,48.24166666666667,sikmaja01-1991
humphja01,26,5.1,199104200MIL-MIL,199104200MIL-IND,MIL-1991,1,1991,132.6,48.24166666666667,humphja01-1991
brickfr01,25,10.6,199104200MIL-MIL,199104200MIL-IND,MIL-1991,1,1991,265,48.24166666666667,brickfr01-1991
roberal01,23,1.4,199104200MIL-MIL,199104200MIL-IND,MIL-1991,1,1991,32.199999999999996,48.24166666666667,roberal01-1991
grayeje01,21,-0.7,199104200MIL-MIL,199104200MIL-IND,MIL-1991,1,1991,-14.7,48.24166666666667,grayeje01-1991
dantlad01,19,0.4,199104200MIL-MIL,199104200MIL-IND,MIL-1991,1,1991,7.6000000000000005,48.24166666666667,dantlad01-1991
hensost01,15,1.7,199104200MIL-MIL,199104200MIL-IND,MIL-1991,1,1991,25.5,48.24166666666667,hensost01-1991
connele01,11,1.9,199104200MIL-MIL,199104200MIL-IND,MIL-1991,1,1991,20.9,48.24166666666667,connele01-1991
schayda01,10,-1.1,199104200MIL-MIL,199104200MIL-IND,MIL-1991,1,1991,-11,48.24166666666667,schayda01-1991
kornefr01,6,3.8,199104200MIL-MIL,199104200MIL-IND,MIL-1991,1,1991,22.799999999999997,48.24166666666667,kornefr01-1991
morrich01,35,-1.9,199011020IND-NJN,199011020IND-IND,NJN-1991,0,1991,-66.5,-19.71666666666667,morrich01-1991
blaylmo01,32,-6.5,199011020IND-NJN,199011020IND-IND,NJN-1991,0,1991,-208,-19.71666666666667,blaylmo01-1991
dudlech02,29,2.3,199011020IND-NJN,199011020IND-IND,NJN-1991,0,1991,66.69999999999999,-19.71666666666667,dudlech02-1991
theusre01,27,-6.9,199011020IND-NJN,199011020IND-IND,NJN-1991,0,1991,-186.3,-19.71666666666667,theusre01-1991
colemde01,25,3.5,199011020IND-NJN,199011020IND-IND,NJN-1991,0,1991,87.5,-19.71666666666667,colemde01-1991
haleyja01,23,1.6,199011020IND-NJN,199011020IND-IND,NJN-1991,0,1991,36.800000000000004,-19.71666666666667,haleyja01-1991
bowiesa01,18,0.7,199011020IND-NJN,199011020IND-IND,NJN-1991,0,1991,12.6,-19.71666666666667,bowiesa01-1991
buechju01,15,-0.8,199011020IND-NJN,199011020IND-IND,NJN-1991,0,1991,-12,-19.71666666666667,buechju01-1991
leeku01,13,-2.8,199011020IND-NJN,199011020IND-IND,NJN-1991,0,1991,-36.4,-19.71666666666667,leeku01-1991
connele01,12,4.7,199011020IND-NJN,199011020IND-IND,NJN-1991,0,1991,56.400000000000006,-19.71666666666667,connele01-1991
gervide01,8,2.1,199011020IND-NJN,199011020IND-IND,NJN-1991,0,1991,16.8,-19.71666666666667,gervide01-1991
georgta01,3,-1.4,199011020IND-NJN,199011020IND-IND,NJN-1991,0,1991,-4.199999999999999,-19.71666666666667,georgta01-1991
persoch01,39,1.9,199011030ATL-IND,199011030ATL-ATL,IND-1991,0,1991,74.1,47.03,persoch01-1991
flemive01,38,0.6,199011030ATL-IND,199011030ATL-ATL,IND-1991,0,1991,22.8,47.03,flemive01-1991
millere01,37,11.5,199011030ATL-IND,199011030ATL-ATL,IND-1991,0,1991,425.5,47.03,millere01-1991
thompla01,37,-0.8,199011030ATL-IND,199011030ATL-ATL,IND-1991,0,1991,-29.6,47.03,thompla01-1991
schrede01,34,1.9,199011030ATL-IND,199011030ATL-ATL,IND-1991,0,1991,64.6,47.03,schrede01-1991
smitsri01,25,-2.5,199011030ATL-IND,199011030ATL-ATL,IND-1991,0,1991,-62.5,47.03,smitsri01-1991
sandemi01,11,-1.7,199011030ATL-IND,199011030ATL-ATL,IND-1991,0,1991,-18.7,47.03,sandemi01-1991
willimi02,10,0.6,199011030ATL-IND,199011030ATL-ATL,IND-1991,0,1991,6,47.03,willimi02-1991
mccloge01,8,-1.5,199011030ATL-IND,199011030ATL-ATL,IND-1991,0,1991,-12,47.03,mccloge01-1991
willike03,1,0.1,199011030ATL-IND,199011030ATL-ATL,IND-1991,0,1991,0.1,47.03,willike03-1991
campbto01,45,-2.4,199011060IND-MIN,199011060IND-IND,MIN-1991,0,1991,-108,45.68888888888888,campbto01-1991
richapo01,42,6.6,199011060IND-MIN,199011060IND-IND,MIN-1991,0,1991,277.2,45.68888888888888,richapo01-1991
corbity01,37,9.7,199011060IND-MIN,199011060IND-IND,MIN-1991,0,1991,358.9,45.68888888888888,corbity01-1991
murphto01,33,1.2,199011060IND-MIN,199011060IND-IND,MIN-1991,0,1991,39.6,45.68888888888888,murphto01-1991
mitchsa01,30,-5.6,199011060IND-MIN,199011060IND-IND,MIN-1991,0,1991,-168,45.68888888888888,mitchsa01-1991
breuera01,27,2.9,199011060IND-MIN,199011060IND-IND,MIN-1991,0,1991,78.3,45.68888888888888,breuera01-1991
spencfe01,17,-3.6,199011060IND-MIN,199011060IND-IND,MIN-1991,0,1991,-61.2,45.68888888888888,spencfe01-1991
brooksc01,7,-0.4,199011060IND-MIN,199011060IND-IND,MIN-1991,0,1991,-2.8000000000000003,45.68888888888888,brooksc01-1991
glassge01,2,-1.4,199011060IND-MIN,199011060IND-IND,MIN-1991,0,1991,-2.8,45.68888888888888,glassge01-1991
pricema01,38,1,199011090IND-CLE,199011090IND-IND,CLE-1991,0,1991,38,14.149999999999999,pricema01-1991
ehlocr01,36,10,199011090IND-CLE,199011090IND-IND,CLE-1991,0,1991,360,14.149999999999999,ehlocr01-1991
daughbr01,35,-8.4,199011090IND-CLE,199011090IND-IND,CLE-1991,0,1991,-294,14.149999999999999,daughbr01-1991
nancela01,32,1.9,199011090IND-CLE,199011090IND-IND,CLE-1991,0,1991,60.8,14.149999999999999,nancela01-1991
williho01,28,-1.2,199011090IND-CLE,199011090IND-IND,CLE-1991,0,1991,-33.6,14.149999999999999,williho01-1991
brownch01,23,1.9,199011090IND-CLE,199011090IND-IND,CLE-1991,0,1991,43.699999999999996,14.149999999999999,brownch01-1991
paddige01,21,-0.3,199011090IND-CLE,199011090IND-IND,CLE-1991,0,1991,-6.3,14.149999999999999,paddige01-1991
kerrst01,10,-2.1,199011090IND-CLE,199011090IND-IND,CLE-1991,0,1991,-21,14.149999999999999,kerrst01-1991
ferryda01,9,-0.5,199011090IND-CLE,199011090IND-IND,CLE-1991,0,1991,-4.5,14.149999999999999,ferryda01-1991
bennewi01,8,-0.2,199011090IND-CLE,199011090IND-IND,CLE-1991,0,1991,-1.6,14.149999999999999,bennewi01-1991
millere01,39,10.5,199011100MIA-IND,199011100MIA-MIA,IND-1991,0,1991,409.5,7.609090909090911,millere01-1991
flemive01,38,-2.3,199011100MIA-IND,199011100MIA-MIA,IND-1991,0,1991,-87.39999999999999,7.609090909090911,flemive01-1991
persoch01,33,-5.1,199011100MIA-IND,199011100MIA-MIA,IND-1991,0,1991,-168.29999999999998,7.609090909090911,persoch01-1991
schrede01,33,-1.8,199011100MIA-IND,199011100MIA-MIA,IND-1991,0,1991,-59.4,7.609090909090911,schrede01-1991
thompla01,25,0.5,199011100MIA-IND,199011100MIA-MIA,IND-1991,0,1991,12.5,7.609090909090911,thompla01-1991
smitsri01,23,-1.7,199011100MIA-IND,199011100MIA-MIA,IND-1991,0,1991,-39.1,7.609090909090911,smitsri01-1991
sandemi01,15,-2,199011100MIA-IND,199011100MIA-MIA,IND-1991,0,1991,-30,7.609090909090911,sandemi01-1991
willike03,15,4,199011100MIA-IND,199011100MIA-MIA,IND-1991,0,1991,60,7.609090909090911,willike03-1991
willimi02,12,-0.2,199011100MIA-IND,199011100MIA-MIA,IND-1991,0,1991,-2.4000000000000004,7.609090909090911,willimi02-1991
mccloge01,4,-2.7,199011100MIA-IND,199011100MIA-MIA,IND-1991,0,1991,-10.8,7.609090909090911,mccloge01-1991
dreilgr01,3,-0.3,199011100MIA-IND,199011100MIA-MIA,IND-1991,0,1991,-0.8999999999999999,7.609090909090911,dreilgr01-1991
barklch01,38,5.7,199011130IND-PHI,199011130IND-IND,PHI-1991,1,1991,216.6,69.84444444444445,barklch01-1991
hawkihe01,38,7.7,199011130IND-PHI,199011130IND-IND,PHI-1991,1,1991,292.6,69.84444444444445,hawkihe01-1991
mahorri01,38,-0.5,199011130IND-PHI,199011130IND-IND,PHI-1991,1,1991,-19,69.84444444444445,mahorri01-1991
greenri01,36,7.7,199011130IND-PHI,199011130IND-IND,PHI-1991,1,1991,277.2,69.84444444444445,greenri01-1991
gminsmi01,30,-2.8,199011130IND-PHI,199011130IND-IND,PHI-1991,1,1991,-84,69.84444444444445,gminsmi01-1991
anderro01,20,-2.2,199011130IND-PHI,199011130IND-IND,PHI-1991,1,1991,-44,69.84444444444445,anderro01-1991
bolma01,17,-1.6,199011130IND-PHI,199011130IND-IND,PHI-1991,1,1991,-27.200000000000003,69.84444444444445,bolma01-1991
olivebr01,12,2.1,199011130IND-PHI,199011130IND-IND,PHI-1991,1,1991,25.200000000000003,69.84444444444445,olivebr01-1991
payneke01,11,-0.8,199011130IND-PHI,199011130IND-IND,PHI-1991,1,1991,-8.8,69.84444444444445,payneke01-1991
persoch01,41,7.2,199011140CLE-IND,199011140CLE-CLE,IND-1991,0,1991,295.2,16.700000000000003,persoch01-1991
millere01,37,-0.7,199011140CLE-IND,199011140CLE-CLE,IND-1991,0,1991,-25.9,16.700000000000003,millere01-1991
thompla01,29,-8.6,199011140CLE-IND,199011140CLE-CLE,IND-1991,0,1991,-249.39999999999998,16.700000000000003,thompla01-1991
schrede01,29,3.6,199011140CLE-IND,199011140CLE-CLE,IND-1991,0,1991,104.4,16.700000000000003,schrede01-1991
flemive01,25,4.3,199011140CLE-IND,199011140CLE-CLE,IND-1991,0,1991,107.5,16.700000000000003,flemive01-1991
smitsri01,24,0.5,199011140CLE-IND,199011140CLE-CLE,IND-1991,0,1991,12,16.700000000000003,smitsri01-1991
willimi02,23,0.3,199011140CLE-IND,199011140CLE-CLE,IND-1991,0,1991,6.8999999999999995,16.700000000000003,willimi02-1991
mccloge01,12,-0.4,199011140CLE-IND,199011140CLE-CLE,IND-1991,0,1991,-4.800000000000001,16.700000000000003,mccloge01-1991
willike03,10,-5.3,199011140CLE-IND,199011140CLE-CLE,IND-1991,0,1991,-53,16.700000000000003,willike03-1991
sandemi01,7,-1.4,199011140CLE-IND,199011140CLE-CLE,IND-1991,0,1991,-9.799999999999999,16.700000000000003,sandemi01-1991
wittmra01,3,0.2,199011140CLE-IND,199011140CLE-CLE,IND-1991,0,1991,0.6000000000000001,16.700000000000003,wittmra01-1991
longgr01,28,5.1,199011160IND-MIA,199011160IND-IND,MIA-1991,0,1991,142.79999999999998,-16.345454545454547,longgr01-1991
thompbi01,27,2.7,199011160IND-MIA,199011160IND-IND,MIA-1991,0,1991,72.9,-16.345454545454547,thompbi01-1991
douglsh01,25,0.7,199011160IND-MIA,199011160IND-IND,MIA-1991,0,1991,17.5,-16.345454545454547,douglsh01-1991
kesslal01,25,-1.8,199011160IND-MIA,199011160IND-IND,MIA-1991,0,1991,-45,-16.345454545454547,kesslal01-1991
burtowi01,23,-4,199011160IND-MIA,199011160IND-IND,MIA-1991,0,1991,-92,-16.345454545454547,burtowi01-1991
colesbi01,23,-1.4,199011160IND-MIA,199011160IND-IND,MIA-1991,0,1991,-32.199999999999996,-16.345454545454547,colesbi01-1991
seikaro01,22,-1.6,199011160IND-MIA,199011160IND-IND,MIA-1991,0,1991,-35.2,-16.345454545454547,seikaro01-1991
edwarke01,21,-3.1,199011160IND-MIA,199011160IND-IND,MIA-1991,0,1991,-65.10000000000001,-16.345454545454547,edwarke01-1991
daviste01,21,-4.7,199011160IND-MIA,199011160IND-IND,MIA-1991,0,1991,-98.7,-16.345454545454547,daviste01-1991
wagnemi01,13,-0.4,199011160IND-MIA,199011160IND-IND,MIA-1991,0,1991,-5.2,-16.345454545454547,wagnemi01-1991
sundvjo01,12,-3.3,199011160IND-MIA,199011160IND-IND,MIA-1991,0,1991,-39.599999999999994,-16.345454545454547,sundvjo01-1991
millere01,42,17.8,199011170ORL-IND,199011170ORL-ORL,IND-1991,0,1991,747.6,42.736363636363635,millere01-1991
flemive01,40,5.5,199011170ORL-IND,199011170ORL-ORL,IND-1991,0,1991,220,42.736363636363635,flemive01-1991
persoch01,34,-4.9,199011170ORL-IND,199011170ORL-ORL,IND-1991,0,1991,-166.60000000000002,42.736363636363635,persoch01-1991
thompla01,31,-0.8,199011170ORL-IND,199011170ORL-ORL,IND-1991,0,1991,-24.8,42.736363636363635,thompla01-1991
smitsri01,30,-2.8,199011170ORL-IND,199011170ORL-ORL,IND-1991,0,1991,-84,42.736363636363635,smitsri01-1991
schrede01,28,-6.7,199011170ORL-IND,199011170ORL-ORL,IND-1991,0,1991,-187.6,42.736363636363635,schrede01-1991
mccloge01,10,1,199011170ORL-IND,199011170ORL-ORL,IND-1991,0,1991,10,42.736363636363635,mccloge01-1991
sandemi01,9,-3.5,199011170ORL-IND,199011170ORL-ORL,IND-1991,0,1991,-31.5,42.736363636363635,sandemi01-1991
willimi02,9,-0.1,199011170ORL-IND,199011170ORL-ORL,IND-1991,0,1991,-0.9,42.736363636363635,willimi02-1991
dreilgr01,6,-2,199011170ORL-IND,199011170ORL-ORL,IND-1991,0,1991,-12,42.736363636363635,dreilgr01-1991
willike03,1,-0.1,199011170ORL-IND,199011170ORL-ORL,IND-1991,0,1991,-0.1,42.736363636363635,willike03-1991
thomais01,47,7.5,199011210IND-DET,199011210IND-IND,DET-1991,1,1991,352.5,71.74444444444444,thomais01-1991
laimbbi01,42,3.6,199011210IND-DET,199011210IND-IND,DET-1991,1,1991,151.20000000000002,71.74444444444444,laimbbi01-1991
rodmade01,34,-2.1,199011210IND-DET,199011210IND-IND,DET-1991,1,1991,-71.4,71.74444444444444,rodmade01-1991
dumarjo01,32,-3.4,199011210IND-DET,199011210IND-IND,DET-1991,1,1991,-108.8,71.74444444444444,dumarjo01-1991
sallejo01,31,3.9,199011210IND-DET,199011210IND-IND,DET-1991,1,1991,120.89999999999999,71.74444444444444,sallejo01-1991
edwarja01,27,1.1,199011210IND-DET,199011210IND-IND,DET-1991,1,1991,29.700000000000003,71.74444444444444,edwarja01-1991
aguirma01,25,4.8,199011210IND-DET,199011210IND-IND,DET-1991,1,1991,120,71.74444444444444,aguirma01-1991
johnsvi01,24,2.2,199011210IND-DET,199011210IND-IND,DET-1991,1,1991,52.800000000000004,71.74444444444444,johnsvi01-1991
blankla01,3,-0.4,199011210IND-DET,199011210IND-IND,DET-1991,1,1991,-1.2000000000000002,71.74444444444444,blankla01-1991
maxweve01,43,1.5,199011230IND-HOU,199011230IND-IND,HOU-1991,0,1991,64.5,45.81999999999999,maxweve01-1991
olajuha01,43,7.3,199011230IND-HOU,199011230IND-IND,HOU-1991,0,1991,313.9,45.81999999999999,olajuha01-1991
thorpot01,38,-0.2,199011230IND-HOU,199011230IND-IND,HOU-1991,0,1991,-7.6000000000000005,45.81999999999999,thorpot01-1991
johnsbu01,34,2.4,199011230IND-HOU,199011230IND-IND,HOU-1991,0,1991,81.6,45.81999999999999,johnsbu01-1991
floydsl01,23,-2.2,199011230IND-HOU,199011230IND-IND,HOU-1991,0,1991,-50.6,45.81999999999999,floydsl01-1991
smithke01,22,0.9,199011230IND-HOU,199011230IND-IND,HOU-1991,0,1991,19.8,45.81999999999999,smithke01-1991
woodda01,18,1.9,199011230IND-HOU,199011230IND-IND,HOU-1991,0,1991,34.199999999999996,45.81999999999999,woodda01-1991
smithla01,7,-1.3,199011230IND-HOU,199011230IND-IND,HOU-1991,0,1991,-9.1,45.81999999999999,smithla01-1991
winchke01,7,0.5,199011230IND-HOU,199011230IND-IND,HOU-1991,0,1991,3.5,45.81999999999999,winchke01-1991
feitlda01,5,1.6,199011230IND-HOU,199011230IND-IND,HOU-1991,0,1991,8,45.81999999999999,feitlda01-1991
millere01,47,6.9,199011240WSB-IND,199011240WSB-WSB,IND-1991,0,1991,324.3,19.41111111111111,millere01-1991
flemive01,46,-1.1,199011240WSB-IND,199011240WSB-WSB,IND-1991,0,1991,-50.6,19.41111111111111,flemive01-1991
persoch01,41,-1.6,199011240WSB-IND,199011240WSB-WSB,IND-1991,0,1991,-65.60000000000001,19.41111111111111,persoch01-1991
schrede01,38,0.3,199011240WSB-IND,199011240WSB-WSB,IND-1991,0,1991,11.4,19.41111111111111,schrede01-1991
thompla01,31,-3.3,199011240WSB-IND,199011240WSB-WSB,IND-1991,0,1991,-102.3,19.41111111111111,thompla01-1991
smitsri01,22,2.1,199011240WSB-IND,199011240WSB-WSB,IND-1991,0,1991,46.2,19.41111111111111,smitsri01-1991
sandemi01,17,-4.1,199011240WSB-IND,199011240WSB-WSB,IND-1991,0,1991,-69.69999999999999,19.41111111111111,sandemi01-1991
mccloge01,13,1,199011240WSB-IND,199011240WSB-WSB,IND-1991,0,1991,13,19.41111111111111,mccloge01-1991
willike03,10,6.8,199011240WSB-IND,199011240WSB-WSB,IND-1991,0,1991,68,19.41111111111111,willike03-1991
persoch01,37,-3.2,199011270MIL-IND,199011270MIL-MIL,IND-1991,0,1991,-118.4,7.479999999999999,persoch01-1991
schrede01,35,3.2,199011270MIL-IND,199011270MIL-MIL,IND-1991,0,1991,112,7.479999999999999,schrede01-1991
millere01,32,0.3,199011270MIL-IND,199011270MIL-MIL,IND-1991,0,1991,9.6,7.479999999999999,millere01-1991
mccloge01,31,-3.6,199011270MIL-IND,199011270MIL-MIL,IND-1991,0,1991,-111.60000000000001,7.479999999999999,mccloge01-1991
smitsri01,30,3.3,199011270MIL-IND,199011270MIL-MIL,IND-1991,0,1991,99,7.479999999999999,smitsri01-1991
thompla01,25,3.8,199011270MIL-IND,199011270MIL-MIL,IND-1991,0,1991,95,7.479999999999999,thompla01-1991
flemive01,20,-1.2,199011270MIL-IND,199011270MIL-MIL,IND-1991,0,1991,-24,7.479999999999999,flemive01-1991
willimi02,13,4,199011270MIL-IND,199011270MIL-MIL,IND-1991,0,1991,52,7.479999999999999,willimi02-1991
sandemi01,11,-3.2,199011270MIL-IND,199011270MIL-MIL,IND-1991,0,1991,-35.2,7.479999999999999,sandemi01-1991
willike03,6,-0.6,199011270MIL-IND,199011270MIL-MIL,IND-1991,0,1991,-3.5999999999999996,7.479999999999999,willike03-1991
millere01,42,-2.2,199011280PHI-IND,199011280PHI-PHI,IND-1991,0,1991,-92.4,41.25,millere01-1991
flemive01,41,0.7,199011280PHI-IND,199011280PHI-PHI,IND-1991,0,1991,28.7,41.25,flemive01-1991
persoch01,41,4.6,199011280PHI-IND,199011280PHI-PHI,IND-1991,0,1991,188.6,41.25,persoch01-1991
thompla01,40,5.7,199011280PHI-IND,199011280PHI-PHI,IND-1991,0,1991,228,41.25,thompla01-1991
schrede01,28,8,199011280PHI-IND,199011280PHI-PHI,IND-1991,0,1991,224,41.25,schrede01-1991
smitsri01,24,-4.6,199011280PHI-IND,199011280PHI-PHI,IND-1991,0,1991,-110.39999999999999,41.25,smitsri01-1991
mccloge01,13,-3.1,199011280PHI-IND,199011280PHI-PHI,IND-1991,0,1991,-40.300000000000004,41.25,mccloge01-1991
sandemi01,7,-1.3,199011280PHI-IND,199011280PHI-PHI,IND-1991,0,1991,-9.1,41.25,sandemi01-1991
dreilgr01,3,-0.9,199011280PHI-IND,199011280PHI-PHI,IND-1991,0,1991,-2.7,41.25,dreilgr01-1991
willike03,1,-1.9,199011280PHI-IND,199011280PHI-PHI,IND-1991,0,1991,-1.9,41.25,willike03-1991
smitsri01,33,1.9,199011300CHI-IND,199011300CHI-CHI,IND-1991,0,1991,62.699999999999996,-10.272727272727273,smitsri01-1991
persoch01,30,-6.4,199011300CHI-IND,199011300CHI-CHI,IND-1991,0,1991,-192,-10.272727272727273,persoch01-1991
flemive01,29,1.8,199011300CHI-IND,199011300CHI-CHI,IND-1991,0,1991,52.2,-10.272727272727273,flemive01-1991
mccloge01,28,-0.7,199011300CHI-IND,199011300CHI-CHI,IND-1991,0,1991,-19.599999999999998,-10.272727272727273,mccloge01-1991
schrede01,26,1.6,199011300CHI-IND,199011300CHI-CHI,IND-1991,0,1991,41.6,-10.272727272727273,schrede01-1991
willike03,20,0.7,199011300CHI-IND,199011300CHI-CHI,IND-1991,0,1991,14,-10.272727272727273,willike03-1991
willimi02,19,1.6,199011300CHI-IND,199011300CHI-CHI,IND-1991,0,1991,30.400000000000002,-10.272727272727273,willimi02-1991
millere01,17,-4.4,199011300CHI-IND,199011300CHI-CHI,IND-1991,0,1991,-74.80000000000001,-10.272727272727273,millere01-1991
thompla01,17,-2.2,199011300CHI-IND,199011300CHI-CHI,IND-1991,0,1991,-37.400000000000006,-10.272727272727273,thompla01-1991
sandemi01,15,0.1,199011300CHI-IND,199011300CHI-CHI,IND-1991,0,1991,1.5,-10.272727272727273,sandemi01-1991
dreilgr01,6,1.4,199011300CHI-IND,199011300CHI-CHI,IND-1991,0,1991,8.399999999999999,-10.272727272727273,dreilgr01-1991
humphja01,39,1.2,199012020IND-MIL,199012020IND-IND,MIL-1991,0,1991,46.8,19.166666666666664,humphja01-1991
roberal01,34,0.5,199012020IND-MIL,199012020IND-IND,MIL-1991,0,1991,17,19.166666666666664,roberal01-1991
sikmaja01,31,-1.4,199012020IND-MIL,199012020IND-IND,MIL-1991,0,1991,-43.4,19.166666666666664,sikmaja01-1991
piercri01,29,1.3,199012020IND-MIL,199012020IND-IND,MIL-1991,0,1991,37.7,19.166666666666664,piercri01-1991
roberfr01,25,4.6,199012020IND-MIL,199012020IND-IND,MIL-1991,0,1991,114.99999999999999,19.166666666666664,roberfr01-1991
brickfr01,23,2.2,199012020IND-MIL,199012020IND-IND,MIL-1991,0,1991,50.6,19.166666666666664,brickfr01-1991
lohaubr01,17,-0.4,199012020IND-MIL,199012020IND-IND,MIL-1991,0,1991,-6.800000000000001,19.166666666666664,lohaubr01-1991
schayda01,13,1,199012020IND-MIL,199012020IND-IND,MIL-1991,0,1991,13,19.166666666666664,schayda01-1991
hensost01,10,-2.3,199012020IND-MIL,199012020IND-IND,MIL-1991,0,1991,-23,19.166666666666664,hensost01-1991
andergr01,8,3,199012020IND-MIL,199012020IND-IND,MIL-1991,0,1991,24,19.166666666666664,andergr01-1991
grayeje01,7,0.1,199012020IND-MIL,199012020IND-IND,MIL-1991,0,1991,0.7000000000000001,19.166666666666664,grayeje01-1991
kornefr01,4,-0.4,199012020IND-MIL,199012020IND-IND,MIL-1991,0,1991,-1.6,19.166666666666664,kornefr01-1991
flemive01,40,2,199012040MIN-IND,199012040MIN-MIN,IND-1991,0,1991,80,33.375,flemive01-1991
millere01,40,5.2,199012040MIN-IND,199012040MIN-MIN,IND-1991,0,1991,208,33.375,millere01-1991
smitsri01,31,4.9,199012040MIN-IND,199012040MIN-MIN,IND-1991,0,1991,151.9,33.375,smitsri01-1991
persoch01,26,-0.3,199012040MIN-IND,199012040MIN-MIN,IND-1991,0,1991,-7.8,33.375,persoch01-1991
thompla01,26,-0.7,199012040MIN-IND,199012040MIN-MIN,IND-1991,0,1991,-18.2,33.375,thompla01-1991
schrede01,25,-5.5,199012040MIN-IND,199012040MIN-MIN,IND-1991,0,1991,-137.5,33.375,schrede01-1991
sandemi01,22,2.4,199012040MIN-IND,199012040MIN-MIN,IND-1991,0,1991,52.8,33.375,sandemi01-1991
willimi02,19,4.6,199012040MIN-IND,199012040MIN-MIN,IND-1991,0,1991,87.39999999999999,33.375,willimi02-1991
mccloge01,3,-0.3,199012040MIN-IND,199012040MIN-MIN,IND-1991,0,1991,-0.8999999999999999,33.375,mccloge01-1991
willike03,3,-0.7,199012040MIN-IND,199012040MIN-MIN,IND-1991,0,1991,-2.0999999999999996,33.375,willike03-1991
wittmra01,3,-4.3,199012040MIN-IND,199012040MIN-MIN,IND-1991,0,1991,-12.899999999999999,33.375,wittmra01-1991
dreilgr01,2,-0.1,199012040MIN-IND,199012040MIN-MIN,IND-1991,0,1991,-0.2,33.375,dreilgr01-1991
johnske02,40,9.6,199012050IND-PHO,199012050IND-IND,PHO-1991,0,1991,384,58.72,johnske02-1991
majerda01,36,4.6,199012050IND-PHO,199012050IND-IND,PHO-1991,0,1991,165.6,58.72,majerda01-1991
hornaje01,34,2.3,199012050IND-PHO,199012050IND-IND,PHO-1991,0,1991,78.19999999999999,58.72,hornaje01-1991
chambto01,30,0.3,199012050IND-PHO,199012050IND-IND,PHO-1991,0,1991,9,58.72,chambto01-1991
perryti01,26,6.3,199012050IND-PHO,199012050IND-IND,PHO-1991,0,1991,163.79999999999998,58.72,perryti01-1991
johnsed03,23,-3.5,199012050IND-PHO,199012050IND-IND,PHO-1991,0,1991,-80.5,58.72,johnsed03-1991
westma01,21,-4.4,199012050IND-PHO,199012050IND-IND,PHO-1991,0,1991,-92.4,58.72,westma01-1991
rambiku01,15,-0.6,199012050IND-PHO,199012050IND-IND,PHO-1991,0,1991,-9,58.72,rambiku01-1991
knighne01,10,-2.9,199012050IND-PHO,199012050IND-IND,PHO-1991,0,1991,-29,58.72,knighne01-1991
nealyed01,5,-0.5,199012050IND-PHO,199012050IND-IND,PHO-1991,0,1991,-2.5,58.72,nealyed01-1991
drexlcl01,34,10.8,199012070IND-POR,199012070IND-IND,POR-1991,1,1991,367.20000000000005,61.10000000000001,drexlcl01-1991
kerseje01,32,3,199012070IND-POR,199012070IND-IND,POR-1991,1,1991,96,61.10000000000001,kerseje01-1991
duckwke01,31,-0.4,199012070IND-POR,199012070IND-IND,POR-1991,1,1991,-12.4,61.10000000000001,duckwke01-1991
willibu01,31,2.1,199012070IND-POR,199012070IND-IND,POR-1991,1,1991,65.10000000000001,61.10000000000001,willibu01-1991
portete01,27,10.8,199012070IND-POR,199012070IND-IND,POR-1991,1,1991,291.6,61.10000000000001,portete01-1991
robincl02,25,-2.7,199012070IND-POR,199012070IND-IND,POR-1991,1,1991,-67.5,61.10000000000001,robincl02-1991
aingeda01,21,-0.1,199012070IND-POR,199012070IND-IND,POR-1991,1,1991,-2.1,61.10000000000001,aingeda01-1991
youngda01,14,-2.4,199012070IND-POR,199012070IND-IND,POR-1991,1,1991,-33.6,61.10000000000001,youngda01-1991
bryanma01,8,2.5,199012070IND-POR,199012070IND-IND,POR-1991,1,1991,20,61.10000000000001,bryanma01-1991
coopewa01,7,0.2,199012070IND-POR,199012070IND-IND,POR-1991,1,1991,1.4000000000000001,61.10000000000001,coopewa01-1991
abdelal01,5,1.3,199012070IND-POR,199012070IND-IND,POR-1991,1,1991,6.5,61.10000000000001,abdelal01-1991
petrodr01,5,0.2,199012070IND-POR,199012070IND-IND,POR-1991,1,1991,1,61.10000000000001,petrodr01-1991
daughbr01,39,-1,199012080IND-CLE,199012080IND-IND,CLE-1991,0,1991,-39,0.26999999999999924,daughbr01-1991
ehlocr01,36,-2,199012080IND-CLE,199012080IND-IND,CLE-1991,0,1991,-72,0.26999999999999924,ehlocr01-1991
nancela01,34,5.6,199012080IND-CLE,199012080IND-IND,CLE-1991,0,1991,190.39999999999998,0.26999999999999924,nancela01-1991
valenda01,29,-4.5,199012080IND-CLE,199012080IND-IND,CLE-1991,0,1991,-130.5,0.26999999999999924,valenda01-1991
ferryda01,22,3.1,199012080IND-CLE,199012080IND-IND,CLE-1991,0,1991,68.2,0.26999999999999924,ferryda01-1991
paddige01,21,-3.4,199012080IND-CLE,199012080IND-IND,CLE-1991,0,1991,-71.39999999999999,0.26999999999999924,paddige01-1991
kerrst01,20,3.8,199012080IND-CLE,199012080IND-IND,CLE-1991,0,1991,76,0.26999999999999924,kerrst01-1991
mortojo01,20,1.8,199012080IND-CLE,199012080IND-IND,CLE-1991,0,1991,36,0.26999999999999924,mortojo01-1991
brownch01,13,-3.4,199012080IND-CLE,199012080IND-IND,CLE-1991,0,1991,-44.199999999999996,0.26999999999999924,brownch01-1991
chievde01,6,-1.8,199012080IND-CLE,199012080IND-IND,CLE-1991,0,1991,-10.8,0.26999999999999924,chievde01-1991
mccloge01,29,-6.5,199012110POR-IND,199012110POR-POR,IND-1991,0,1991,-188.5,-8.081818181818182,mccloge01-1991
millere01,27,4.4,199012110POR-IND,199012110POR-POR,IND-1991,0,1991,118.80000000000001,-8.081818181818182,millere01-1991
persoch01,27,0.8,199012110POR-IND,199012110POR-POR,IND-1991,0,1991,21.6,-8.081818181818182,persoch01-1991
smitsri01,25,-0.4,199012110POR-IND,199012110POR-POR,IND-1991,0,1991,-10,-8.081818181818182,smitsri01-1991
thompla01,24,-1.6,199012110POR-IND,199012110POR-POR,IND-1991,0,1991,-38.400000000000006,-8.081818181818182,thompla01-1991
schrede01,23,2.4,199012110POR-IND,199012110POR-POR,IND-1991,0,1991,55.199999999999996,-8.081818181818182,schrede01-1991
wittmra01,21,3.4,199012110POR-IND,199012110POR-POR,IND-1991,0,1991,71.39999999999999,-8.081818181818182,wittmra01-1991
flemive01,17,-3.3,199012110POR-IND,199012110POR-POR,IND-1991,0,1991,-56.099999999999994,-8.081818181818182,flemive01-1991
dreilgr01,16,-4.9,199012110POR-IND,199012110POR-POR,IND-1991,0,1991,-78.4,-8.081818181818182,dreilgr01-1991
sandemi01,16,0.5,199012110POR-IND,199012110POR-POR,IND-1991,0,1991,8,-8.081818181818182,sandemi01-1991
willike03,15,0.5,199012110POR-IND,199012110POR-POR,IND-1991,0,1991,7.5,-8.081818181818182,willike03-1991
flemive01,42,10.3,199012120SEA-IND,199012120SEA-SEA,IND-1991,0,1991,432.6,42.5,flemive01-1991
millere01,39,4.3,199012120SEA-IND,199012120SEA-SEA,IND-1991,0,1991,167.7,42.5,millere01-1991
smitsri01,35,4.8,199012120SEA-IND,199012120SEA-SEA,IND-1991,0,1991,168,42.5,smitsri01-1991
schrede01,30,-3.3,199012120SEA-IND,199012120SEA-SEA,IND-1991,0,1991,-99,42.5,schrede01-1991
sandemi01,28,0.4,199012120SEA-IND,199012120SEA-SEA,IND-1991,0,1991,11.200000000000001,42.5,sandemi01-1991
thompla01,24,-2.4,199012120SEA-IND,199012120SEA-SEA,IND-1991,0,1991,-57.599999999999994,42.5,thompla01-1991
persoch01,23,-5.8,199012120SEA-IND,199012120SEA-SEA,IND-1991,0,1991,-133.4,42.5,persoch01-1991
mccloge01,9,-0.3,199012120SEA-IND,199012120SEA-SEA,IND-1991,0,1991,-2.6999999999999997,42.5,mccloge01-1991
willimi02,6,-2.5,199012120SEA-IND,199012120SEA-SEA,IND-1991,0,1991,-15,42.5,willimi02-1991
willike03,3,-1.4,199012120SEA-IND,199012120SEA-SEA,IND-1991,0,1991,-4.199999999999999,42.5,willike03-1991
wittmra01,1,-0.1,199012120SEA-IND,199012120SEA-SEA,IND-1991,0,1991,-0.1,42.5,wittmra01-1991
schrede01,39,2.6,199012150UTA-IND,199012150UTA-UTA,IND-1991,1,1991,101.4,69.36666666666667,schrede01-1991
millere01,38,8.2,199012150UTA-IND,199012150UTA-UTA,IND-1991,1,1991,311.59999999999997,69.36666666666667,millere01-1991
persoch01,37,14.4,199012150UTA-IND,199012150UTA-UTA,IND-1991,1,1991,532.8000000000001,69.36666666666667,persoch01-1991
flemive01,33,-1.3,199012150UTA-IND,199012150UTA-UTA,IND-1991,1,1991,-42.9,69.36666666666667,flemive01-1991
thompla01,25,-2,199012150UTA-IND,199012150UTA-UTA,IND-1991,1,1991,-50,69.36666666666667,thompla01-1991
dreilgr01,16,-2.4,199012150UTA-IND,199012150UTA-UTA,IND-1991,1,1991,-38.4,69.36666666666667,dreilgr01-1991
willimi02,15,3,199012150UTA-IND,199012150UTA-UTA,IND-1991,1,1991,45,69.36666666666667,willimi02-1991
smitsri01,13,-3.3,199012150UTA-IND,199012150UTA-UTA,IND-1991,1,1991,-42.9,69.36666666666667,smitsri01-1991
sandemi01,12,2.9,199012150UTA-IND,199012150UTA-UTA,IND-1991,1,1991,34.8,69.36666666666667,sandemi01-1991
wittmra01,6,-1.1,199012150UTA-IND,199012150UTA-UTA,IND-1991,1,1991,-6.6000000000000005,69.36666666666667,wittmra01-1991
mccloge01,4,-2.7,199012150UTA-IND,199012150UTA-UTA,IND-1991,1,1991,-10.8,69.36666666666667,mccloge01-1991
willike03,2,-0.8,199012150UTA-IND,199012150UTA-UTA,IND-1991,1,1991,-1.6,69.36666666666667,willike03-1991
persoch01,43,4.4,199012160LAL-IND,199012160LAL-LAL,IND-1991,0,1991,189.20000000000002,39.25000000000001,persoch01-1991
schrede01,38,-3,199012160LAL-IND,199012160LAL-LAL,IND-1991,0,1991,-114,39.25000000000001,schrede01-1991
millere01,36,-2.7,199012160LAL-IND,199012160LAL-LAL,IND-1991,0,1991,-97.2,39.25000000000001,millere01-1991
flemive01,34,8.4,199012160LAL-IND,199012160LAL-LAL,IND-1991,0,1991,285.6,39.25000000000001,flemive01-1991
smitsri01,26,0.5,199012160LAL-IND,199012160LAL-LAL,IND-1991,0,1991,13,39.25000000000001,smitsri01-1991
thompla01,25,0.9,199012160LAL-IND,199012160LAL-LAL,IND-1991,0,1991,22.5,39.25000000000001,thompla01-1991
willimi02,14,7.5,199012160LAL-IND,199012160LAL-LAL,IND-1991,0,1991,105,39.25000000000001,willimi02-1991
mccloge01,11,0.6,199012160LAL-IND,199012160LAL-LAL,IND-1991,0,1991,6.6,39.25000000000001,mccloge01-1991
sandemi01,11,-1.4,199012160LAL-IND,199012160LAL-LAL,IND-1991,0,1991,-15.399999999999999,39.25000000000001,sandemi01-1991
willike03,2,-1.4,199012160LAL-IND,199012160LAL-LAL,IND-1991,0,1991,-2.8,39.25000000000001,willike03-1991
grantha01,46,5,199012190IND-WSB,199012190IND-IND,WSB-1991,1,1991,230,62.72,grantha01-1991
kingbe01,43,10.5,199012190IND-WSB,199012190IND-IND,WSB-1991,1,1991,451.5,62.72,kingbe01-1991
workmha01,41,4.7,199012190IND-WSB,199012190IND-IND,WSB-1991,1,1991,192.70000000000002,62.72,workmha01-1991
walkeda01,36,-6.4,199012190IND-WSB,199012190IND-IND,WSB-1991,1,1991,-230.4,62.72,walkeda01-1991
ellispe01,25,4.6,199012190IND-WSB,199012190IND-IND,WSB-1991,1,1991,114.99999999999999,62.72,ellispe01-1991
jonesch01,23,2,199012190IND-WSB,199012190IND-IND,WSB-1991,1,1991,46,62.72,jonesch01-1991
hammoto01,17,-2.8,199012190IND-WSB,199012190IND-IND,WSB-1991,1,1991,-47.599999999999994,62.72,hammoto01-1991
eacklle01,16,-5.2,199012190IND-WSB,199012190IND-IND,WSB-1991,1,1991,-83.2,62.72,eacklle01-1991
engliaj01,12,-4.9,199012190IND-WSB,199012190IND-IND,WSB-1991,1,1991,-58.800000000000004,62.72,engliaj01-1991
fostegr01,6,2,199012190IND-WSB,199012190IND-IND,WSB-1991,1,1991,12,62.72,fostegr01-1991
reidjr01,38,-2.7,199012210IND-CHH,199012210IND-IND,CHH-1991,0,1991,-102.60000000000001,-12.7,reidjr01-1991
boguemu01,33,0,199012210IND-CHH,199012210IND-IND,CHH-1991,0,1991,0,-12.7,boguemu01-1991
gilliar01,31,0.4,199012210IND-CHH,199012210IND-IND,CHH-1991,0,1991,12.4,-12.7,gilliar01-1991
newmajo01,27,-0.2,199012210IND-CHH,199012210IND-IND,CHH-1991,0,1991,-5.4,-12.7,newmajo01-1991
chapmre01,26,-5.3,199012210IND-CHH,199012210IND-IND,CHH-1991,0,1991,-137.79999999999998,-12.7,chapmre01-1991
gillke01,19,0.1,199012210IND-CHH,199012210IND-IND,CHH-1991,0,1991,1.9000000000000001,-12.7,gillke01-1991
curryde01,18,4.5,199012210IND-CHH,199012210IND-IND,CHH-1991,0,1991,81,-12.7,curryde01-1991
gattike01,16,4.9,199012210IND-CHH,199012210IND-IND,CHH-1991,0,1991,78.4,-12.7,gattike01-1991
tripuke01,14,-3.7,199012210IND-CHH,199012210IND-IND,CHH-1991,0,1991,-51.800000000000004,-12.7,tripuke01-1991
keysra01,9,-2.7,199012210IND-CHH,199012210IND-IND,CHH-1991,0,1991,-24.3,-12.7,keysra01-1991
hoppeda01,5,-0.6,199012210IND-CHH,199012210IND-IND,CHH-1991,0,1991,-3,-12.7,hoppeda01-1991
schefst01,4,-0.3,199012210IND-CHH,199012210IND-IND,CHH-1991,0,1991,-1.2,-12.7,schefst01-1991
flemive01,41,3.9,199012220CHI-IND,199012220CHI-CHI,IND-1991,0,1991,159.9,40.40833333333333,flemive01-1991
persoch01,36,5.9,199012220CHI-IND,199012220CHI-CHI,IND-1991,0,1991,212.4,40.40833333333333,persoch01-1991
millere01,33,1.9,199012220CHI-IND,199012220CHI-CHI,IND-1991,0,1991,62.699999999999996,40.40833333333333,millere01-1991
thompla01,30,-1.6,199012220CHI-IND,199012220CHI-CHI,IND-1991,0,1991,-48,40.40833333333333,thompla01-1991
schrede01,30,6.1,199012220CHI-IND,199012220CHI-CHI,IND-1991,0,1991,183,40.40833333333333,schrede01-1991
smitsri01,24,-1.4,199012220CHI-IND,199012220CHI-CHI,IND-1991,0,1991,-33.599999999999994,40.40833333333333,smitsri01-1991
wittmra01,11,-1.3,199012220CHI-IND,199012220CHI-CHI,IND-1991,0,1991,-14.3,40.40833333333333,wittmra01-1991
mccloge01,9,-0.5,199012220CHI-IND,199012220CHI-CHI,IND-1991,0,1991,-4.5,40.40833333333333,mccloge01-1991
sandemi01,9,-3.6,199012220CHI-IND,199012220CHI-CHI,IND-1991,0,1991,-32.4,40.40833333333333,sandemi01-1991
willimi02,8,1.1,199012220CHI-IND,199012220CHI-CHI,IND-1991,0,1991,8.8,40.40833333333333,willimi02-1991
willike03,5,-1.1,199012220CHI-IND,199012220CHI-CHI,IND-1991,0,1991,-5.5,40.40833333333333,willike03-1991
dreilgr01,4,-0.9,199012220CHI-IND,199012220CHI-CHI,IND-1991,0,1991,-3.6,40.40833333333333,dreilgr01-1991
millere01,38,-2.6,199012260BOS-IND,199012260BOS-BOS,IND-1991,0,1991,-98.8,0.5500000000000015,millere01-1991
schrede01,34,-3.8,199012260BOS-IND,199012260BOS-BOS,IND-1991,0,1991,-129.2,0.5500000000000015,schrede01-1991
sandemi01,33,1.7,199012260BOS-IND,199012260BOS-BOS,IND-1991,0,1991,56.1,0.5500000000000015,sandemi01-1991
flemive01,28,1.2,199012260BOS-IND,199012260BOS-BOS,IND-1991,0,1991,33.6,0.5500000000000015,flemive01-1991
smitsri01,26,3.2,199012260BOS-IND,199012260BOS-BOS,IND-1991,0,1991,83.2,0.5500000000000015,smitsri01-1991
willimi02,20,5.3,199012260BOS-IND,199012260BOS-BOS,IND-1991,0,1991,106,0.5500000000000015,willimi02-1991
persoch01,17,-0.8,199012260BOS-IND,199012260BOS-BOS,IND-1991,0,1991,-13.600000000000001,0.5500000000000015,persoch01-1991
thompla01,16,-2.4,199012260BOS-IND,199012260BOS-BOS,IND-1991,0,1991,-38.4,0.5500000000000015,thompla01-1991
wittmra01,10,-1,199012260BOS-IND,199012260BOS-BOS,IND-1991,0,1991,-10,0.5500000000000015,wittmra01-1991
mccloge01,9,1.9,199012260BOS-IND,199012260BOS-BOS,IND-1991,0,1991,17.099999999999998,0.5500000000000015,mccloge01-1991
dreilgr01,5,-0.6,199012260BOS-IND,199012260BOS-BOS,IND-1991,0,1991,-3,0.5500000000000015,dreilgr01-1991
willike03,4,0.9,199012260BOS-IND,199012260BOS-BOS,IND-1991,0,1991,3.6,0.5500000000000015,willike03-1991
bowiesa01,37,12.5,199012290IND-NJN,199012290IND-IND,NJN-1991,0,1991,462.5,8.000000000000004,bowiesa01-1991
theusre01,37,1.3,199012290IND-NJN,199012290IND-IND,NJN-1991,0,1991,48.1,8.000000000000004,theusre01-1991
gervide01,34,-8.7,199012290IND-NJN,199012290IND-IND,NJN-1991,0,1991,-295.79999999999995,8.000000000000004,gervide01-1991
dudlech02,32,-4.4,199012290IND-NJN,199012290IND-IND,NJN-1991,0,1991,-140.8,8.000000000000004,dudlech02-1991
blaylmo01,29,3,199012290IND-NJN,199012290IND-IND,NJN-1991,0,1991,87,8.000000000000004,blaylmo01-1991
haleyja01,27,-3.1,199012290IND-NJN,199012290IND-IND,NJN-1991,0,1991,-83.7,8.000000000000004,haleyja01-1991
connele01,25,1.8,199012290IND-NJN,199012290IND-IND,NJN-1991,0,1991,45,8.000000000000004,connele01-1991
morrich01,13,-2.7,199012290IND-NJN,199012290IND-IND,NJN-1991,0,1991,-35.1,8.000000000000004,morrich01-1991
georgta01,4,0,199012290IND-NJN,199012290IND-IND,NJN-1991,0,1991,0,8.000000000000004,georgta01-1991
buechju01,1,0.9,199012290IND-NJN,199012290IND-IND,NJN-1991,0,1991,0.9,8.000000000000004,buechju01-1991
leeku01,1,-0.1,199012290IND-NJN,199012290IND-IND,NJN-1991,0,1991,-0.1,8.000000000000004,leeku01-1991
elliose01,39,-0.9,199101020IND-SAS,199101020IND-IND,SAS-1991,0,1991,-35.1,19.066666666666666,elliose01-1991
stricro02,39,3,199101020IND-SAS,199101020IND-IND,SAS-1991,0,1991,117,19.066666666666666,stricro02-1991
cummite01,37,-9.1,199101020IND-SAS,199101020IND-IND,SAS-1991,0,1991,-336.7,19.066666666666666,cummite01-1991
robinda01,37,7.5,199101020IND-SAS,199101020IND-IND,SAS-1991,0,1991,277.5,19.066666666666666,robinda01-1991
anderwi01,34,1.8,199101020IND-SAS,199101020IND-IND,SAS-1991,0,1991,61.2,19.066666666666666,anderwi01-1991
presspa01,24,3.5,199101020IND-SAS,199101020IND-IND,SAS-1991,0,1991,84,19.066666666666666,presspa01-1991
greensi02,14,0.6,199101020IND-SAS,199101020IND-IND,SAS-1991,0,1991,8.4,19.066666666666666,greensi02-1991
higgise01,9,0.1,199101020IND-SAS,199101020IND-IND,SAS-1991,0,1991,0.9,19.066666666666666,higgise01-1991
schindw01,7,-0.8,199101020IND-SAS,199101020IND-IND,SAS-1991,0,1991,-5.6000000000000005,19.066666666666666,schindw01-1991
persoch01,37,5.8,199101040ATL-IND,199101040ATL-ATL,IND-1991,0,1991,214.6,20.11818181818182,persoch01-1991
millere01,34,5.9,199101040ATL-IND,199101040ATL-ATL,IND-1991,0,1991,200.60000000000002,20.11818181818182,millere01-1991
schrede01,31,4.2,199101040ATL-IND,199101040ATL-ATL,IND-1991,0,1991,130.20000000000002,20.11818181818182,schrede01-1991
willimi02,26,-6.2,199101040ATL-IND,199101040ATL-ATL,IND-1991,0,1991,-161.20000000000002,20.11818181818182,willimi02-1991
mccloge01,26,2,199101040ATL-IND,199101040ATL-ATL,IND-1991,0,1991,52,20.11818181818182,mccloge01-1991
thompla01,25,-3.6,199101040ATL-IND,199101040ATL-ATL,IND-1991,0,1991,-90,20.11818181818182,thompla01-1991
smitsri01,15,-5.1,199101040ATL-IND,199101040ATL-ATL,IND-1991,0,1991,-76.5,20.11818181818182,smitsri01-1991
dreilgr01,14,0.9,199101040ATL-IND,199101040ATL-ATL,IND-1991,0,1991,12.6,20.11818181818182,dreilgr01-1991
wittmra01,14,-1.4,199101040ATL-IND,199101040ATL-ATL,IND-1991,0,1991,-19.599999999999998,20.11818181818182,wittmra01-1991
sandemi01,12,-3.7,199101040ATL-IND,199101040ATL-ATL,IND-1991,0,1991,-44.400000000000006,20.11818181818182,sandemi01-1991
willike03,6,0.5,199101040ATL-IND,199101040ATL-ATL,IND-1991,0,1991,3,20.11818181818182,willike03-1991
willimi02,33,7.3,199101050HOU-IND,199101050HOU-HOU,IND-1991,0,1991,240.9,4.490909090909091,willimi02-1991
schrede01,33,-3.4,199101050HOU-IND,199101050HOU-HOU,IND-1991,0,1991,-112.2,4.490909090909091,schrede01-1991
persoch01,32,-2.2,199101050HOU-IND,199101050HOU-HOU,IND-1991,0,1991,-70.4,4.490909090909091,persoch01-1991
thompla01,26,-2,199101050HOU-IND,199101050HOU-HOU,IND-1991,0,1991,-52,4.490909090909091,thompla01-1991
wittmra01,24,3.7,199101050HOU-IND,199101050HOU-HOU,IND-1991,0,1991,88.80000000000001,4.490909090909091,wittmra01-1991
millere01,23,0.7,199101050HOU-IND,199101050HOU-HOU,IND-1991,0,1991,16.099999999999998,4.490909090909091,millere01-1991
smitsri01,17,0.2,199101050HOU-IND,199101050HOU-HOU,IND-1991,0,1991,3.4000000000000004,4.490909090909091,smitsri01-1991
mccloge01,16,-2.6,199101050HOU-IND,199101050HOU-HOU,IND-1991,0,1991,-41.6,4.490909090909091,mccloge01-1991
sandemi01,16,-1.8,199101050HOU-IND,199101050HOU-HOU,IND-1991,0,1991,-28.8,4.490909090909091,sandemi01-1991
dreilgr01,13,1.1,199101050HOU-IND,199101050HOU-HOU,IND-1991,0,1991,14.3,4.490909090909091,dreilgr01-1991
willike03,7,-1.3,199101050HOU-IND,199101050HOU-HOU,IND-1991,0,1991,-9.1,4.490909090909091,willike03-1991
benjabe01,42,2.3,199101080IND-LAC,199101080IND-IND,LAC-1991,1,1991,96.6,57.23333333333334,benjabe01-1991
mannida01,41,-0.4,199101080IND-LAC,199101080IND-IND,LAC-1991,1,1991,-16.400000000000002,57.23333333333334,mannida01-1991
normake01,41,7.4,199101080IND-LAC,199101080IND-IND,LAC-1991,1,1991,303.40000000000003,57.23333333333334,normake01-1991
martije01,34,6.4,199101080IND-LAC,199101080IND-IND,LAC-1991,1,1991,217.60000000000002,57.23333333333334,martije01-1991
grantga01,27,-6.7,199101080IND-LAC,199101080IND-IND,LAC-1991,1,1991,-180.9,57.23333333333334,grantga01-1991
garlawi01,21,1.6,199101080IND-LAC,199101080IND-IND,LAC-1991,1,1991,33.6,57.23333333333334,garlawi01-1991
kimblbo01,14,2.8,199101080IND-LAC,199101080IND-IND,LAC-1991,1,1991,39.199999999999996,57.23333333333334,kimblbo01-1991
vaughlo01,14,1.1,199101080IND-LAC,199101080IND-IND,LAC-1991,1,1991,15.400000000000002,57.23333333333334,vaughlo01-1991
smrekmi01,6,1.1,199101080IND-LAC,199101080IND-IND,LAC-1991,1,1991,6.6000000000000005,57.23333333333334,smrekmi01-1991
millere01,40,1.3,199101100NYK-IND,199101100NYK-NYK,IND-1991,1,1991,52,36.03636363636363,millere01-1991
persoch01,32,2.3,199101100NYK-IND,199101100NYK-NYK,IND-1991,1,1991,73.6,36.03636363636363,persoch01-1991
schrede01,32,-3,199101100NYK-IND,199101100NYK-NYK,IND-1991,1,1991,-96,36.03636363636363,schrede01-1991
willimi02,30,11.3,199101100NYK-IND,199101100NYK-NYK,IND-1991,1,1991,339,36.03636363636363,willimi02-1991
smitsri01,27,-2.2,199101100NYK-IND,199101100NYK-NYK,IND-1991,1,1991,-59.400000000000006,36.03636363636363,smitsri01-1991
thompla01,23,5.6,199101100NYK-IND,199101100NYK-NYK,IND-1991,1,1991,128.79999999999998,36.03636363636363,thompla01-1991
mccloge01,18,-1.8,199101100NYK-IND,199101100NYK-NYK,IND-1991,1,1991,-32.4,36.03636363636363,mccloge01-1991
sandemi01,16,0.6,199101100NYK-IND,199101100NYK-NYK,IND-1991,1,1991,9.6,36.03636363636363,sandemi01-1991
dreilgr01,12,-2.1,199101100NYK-IND,199101100NYK-NYK,IND-1991,1,1991,-25.200000000000003,36.03636363636363,dreilgr01-1991
wittmra01,8,0.6,199101100NYK-IND,199101100NYK-NYK,IND-1991,1,1991,4.8,36.03636363636363,wittmra01-1991
willike03,2,0.8,199101100NYK-IND,199101100NYK-NYK,IND-1991,1,1991,1.6,36.03636363636363,willike03-1991
humphja01,32,-2.2,199101120IND-MIL,199101120IND-IND,MIL-1991,0,1991,-70.4,16.87272727272727,humphja01-1991
roberal01,32,2.2,199101120IND-MIL,199101120IND-IND,MIL-1991,0,1991,70.4,16.87272727272727,roberal01-1991
piercri01,31,6.3,199101120IND-MIL,199101120IND-IND,MIL-1991,0,1991,195.29999999999998,16.87272727272727,piercri01-1991
sikmaja01,29,-3.3,199101120IND-MIL,199101120IND-IND,MIL-1991,0,1991,-95.69999999999999,16.87272727272727,sikmaja01-1991
roberfr01,24,3.1,199101120IND-MIL,199101120IND-IND,MIL-1991,0,1991,74.4,16.87272727272727,roberfr01-1991
brickfr01,23,-0.4,199101120IND-MIL,199101120IND-IND,MIL-1991,0,1991,-9.200000000000001,16.87272727272727,brickfr01-1991
hensost01,17,0.8,199101120IND-MIL,199101120IND-IND,MIL-1991,0,1991,13.600000000000001,16.87272727272727,hensost01-1991
lohaubr01,16,0.4,199101120IND-MIL,199101120IND-IND,MIL-1991,0,1991,6.4,16.87272727272727,lohaubr01-1991
grayeje01,14,0.3,199101120IND-MIL,199101120IND-IND,MIL-1991,0,1991,4.2,16.87272727272727,grayeje01-1991
kornefr01,12,1.8,199101120IND-MIL,199101120IND-IND,MIL-1991,0,1991,21.6,16.87272727272727,kornefr01-1991
schayda01,10,-2.5,199101120IND-MIL,199101120IND-IND,MIL-1991,0,1991,-25,16.87272727272727,schayda01-1991
wilkido01,38,7.2,199101150IND-ATL,199101150IND-IND,ATL-1991,1,1991,273.6,70.10000000000001,wilkido01-1991
riverdo01,36,6.7,199101150IND-ATL,199101150IND-IND,ATL-1991,1,1991,241.20000000000002,70.10000000000001,riverdo01-1991
battljo01,36,4.6,199101150IND-ATL,199101150IND-IND,ATL-1991,1,1991,165.6,70.10000000000001,battljo01-1991
moncrsi01,34,-0.1,199101150IND-ATL,199101150IND-IND,ATL-1991,1,1991,-3.4000000000000004,70.10000000000001,moncrsi01-1991
willike02,30,1.7,199101150IND-ATL,199101150IND-IND,ATL-1991,1,1991,51,70.10000000000001,willike02-1991
malonmo01,26,0.9,199101150IND-ATL,199101150IND-IND,ATL-1991,1,1991,23.400000000000002,70.10000000000001,malonmo01-1991
robinru01,14,-0.8,199101150IND-ATL,199101150IND-IND,ATL-1991,1,1991,-11.200000000000001,70.10000000000001,robinru01-1991
ferredu01,10,-4,199101150IND-ATL,199101150IND-IND,ATL-1991,1,1991,-40,70.10000000000001,ferredu01-1991
koncajo01,9,-0.3,199101150IND-ATL,199101150IND-IND,ATL-1991,1,1991,-2.6999999999999997,70.10000000000001,koncajo01-1991
mccorti01,7,0.5,199101150IND-ATL,199101150IND-IND,ATL-1991,1,1991,3.5,70.10000000000001,mccorti01-1991
millere01,40,6.4,199101160MIL-IND,199101160MIL-MIL,IND-1991,0,1991,256,36.42,millere01-1991
persoch01,36,1.1,199101160MIL-IND,199101160MIL-MIL,IND-1991,0,1991,39.6,36.42,persoch01-1991
willimi02,31,1,199101160MIL-IND,199101160MIL-MIL,IND-1991,0,1991,31,36.42,willimi02-1991
mccloge01,30,3,199101160MIL-IND,199101160MIL-MIL,IND-1991,0,1991,90,36.42,mccloge01-1991
schrede01,30,2,199101160MIL-IND,199101160MIL-MIL,IND-1991,0,1991,60,36.42,schrede01-1991
thompla01,24,-2.2,199101160MIL-IND,199101160MIL-MIL,IND-1991,0,1991,-52.800000000000004,36.42,thompla01-1991
dreilgr01,15,-2.2,199101160MIL-IND,199101160MIL-MIL,IND-1991,0,1991,-33,36.42,dreilgr01-1991
sandemi01,15,0.4,199101160MIL-IND,199101160MIL-MIL,IND-1991,0,1991,6,36.42,sandemi01-1991
smitsri01,11,-5,199101160MIL-IND,199101160MIL-MIL,IND-1991,0,1991,-55,36.42,smitsri01-1991
willike03,8,2.8,199101160MIL-IND,199101160MIL-MIL,IND-1991,0,1991,22.4,36.42,willike03-1991
malonka01,42,0.1,199101190IND-UTA,199101190IND-IND,UTA-1991,0,1991,4.2,22.836363636363632,malonka01-1991
eatonma01,34,0.8,199101190IND-UTA,199101190IND-IND,UTA-1991,0,1991,27.200000000000003,22.836363636363632,eatonma01-1991
malonje01,34,-0.8,199101190IND-UTA,199101190IND-IND,UTA-1991,0,1991,-27.200000000000003,22.836363636363632,malonje01-1991
stockjo01,34,8.6,199101190IND-UTA,199101190IND-IND,UTA-1991,0,1991,292.4,22.836363636363632,stockjo01-1991
baileth01,27,1.7,199101190IND-UTA,199101190IND-IND,UTA-1991,0,1991,45.9,22.836363636363632,baileth01-1991
edwarbl01,24,-0.5,199101190IND-UTA,199101190IND-IND,UTA-1991,0,1991,-12,22.836363636363632,edwarbl01-1991
griffda01,15,-2.8,199101190IND-UTA,199101190IND-IND,UTA-1991,0,1991,-42,22.836363636363632,griffda01-1991
brownmi01,13,-3.1,199101190IND-UTA,199101190IND-IND,UTA-1991,0,1991,-40.300000000000004,22.836363636363632,brownmi01-1991
ruddde01,13,0.4,199101190IND-UTA,199101190IND-IND,UTA-1991,0,1991,5.2,22.836363636363632,ruddde01-1991
osullda01,3,-0.7,199101190IND-UTA,199101190IND-IND,UTA-1991,0,1991,-2.0999999999999996,22.836363636363632,osullda01-1991
toolsan01,1,-0.1,199101190IND-UTA,199101190IND-IND,UTA-1991,0,1991,-0.1,22.836363636363632,toolsan01-1991
johnsma02,42,14.8,199101210IND-LAL,199101210IND-IND,LAL-1991,1,1991,621.6,97.83333333333333,johnsma02-1991
worthja01,40,-2.6,199101210IND-LAL,199101210IND-IND,LAL-1991,1,1991,-104,97.83333333333333,worthja01-1991
scottby01,34,10.2,199101210IND-LAL,199101210IND-IND,LAL-1991,1,1991,346.79999999999995,97.83333333333333,scottby01-1991
perkisa01,33,6.2,199101210IND-LAL,199101210IND-IND,LAL-1991,1,1991,204.6,97.83333333333333,perkisa01-1991
greenac01,28,-2.8,199101210IND-LAL,199101210IND-IND,LAL-1991,1,1991,-78.39999999999999,97.83333333333333,greenac01-1991
thompmy01,24,-0.4,199101210IND-LAL,199101210IND-IND,LAL-1991,1,1991,-9.600000000000001,97.83333333333333,thompmy01-1991
divacvl01,19,-2.1,199101210IND-LAL,199101210IND-IND,LAL-1991,1,1991,-39.9,97.83333333333333,divacvl01-1991
teaglte01,14,-3.6,199101210IND-LAL,199101210IND-IND,LAL-1991,1,1991,-50.4,97.83333333333333,teaglte01-1991
smithto02,6,-1.7,199101210IND-LAL,199101210IND-IND,LAL-1991,1,1991,-10.2,97.83333333333333,smithto02-1991
willimi02,44,4.3,199101230PHI-IND,199101230PHI-PHI,IND-1991,1,1991,189.2,27.083333333333332,willimi02-1991
persoch01,37,5.8,199101230PHI-IND,199101230PHI-PHI,IND-1991,1,1991,214.6,27.083333333333332,persoch01-1991
millere01,36,-5.4,199101230PHI-IND,199101230PHI-PHI,IND-1991,1,1991,-194.4,27.083333333333332,millere01-1991
dreilgr01,29,0.2,199101230PHI-IND,199101230PHI-PHI,IND-1991,1,1991,5.800000000000001,27.083333333333332,dreilgr01-1991
schrede01,28,6.9,199101230PHI-IND,199101230PHI-PHI,IND-1991,1,1991,193.20000000000002,27.083333333333332,schrede01-1991
thompla01,25,-2.2,199101230PHI-IND,199101230PHI-PHI,IND-1991,1,1991,-55.00000000000001,27.083333333333332,thompla01-1991
sandemi01,14,-3.2,199101230PHI-IND,199101230PHI-PHI,IND-1991,1,1991,-44.800000000000004,27.083333333333332,sandemi01-1991
willike03,9,2.8,199101230PHI-IND,199101230PHI-PHI,IND-1991,1,1991,25.2,27.083333333333332,willike03-1991
wittmra01,8,0.2,199101230PHI-IND,199101230PHI-PHI,IND-1991,1,1991,1.6,27.083333333333332,wittmra01-1991
dinkiby01,4,-1.2,199101230PHI-IND,199101230PHI-PHI,IND-1991,1,1991,-4.8,27.083333333333332,dinkiby01-1991
mccloge01,4,-1.3,199101230PHI-IND,199101230PHI-PHI,IND-1991,1,1991,-5.2,27.083333333333332,mccloge01-1991
oldhaja01,2,-0.2,199101230PHI-IND,199101230PHI-PHI,IND-1991,1,1991,-0.4,27.083333333333332,oldhaja01-1991
schrede01,37,-2.3,199101250WSB-IND,199101250WSB-WSB,IND-1991,1,1991,-85.1,59.949999999999996,schrede01-1991
millere01,36,8.5,199101250WSB-IND,199101250WSB-WSB,IND-1991,1,1991,306,59.949999999999996,millere01-1991
persoch01,36,11.1,199101250WSB-IND,199101250WSB-WSB,IND-1991,1,1991,399.59999999999997,59.949999999999996,persoch01-1991
willimi02,31,-1.5,199101250WSB-IND,199101250WSB-WSB,IND-1991,1,1991,-46.5,59.949999999999996,willimi02-1991
dreilgr01,30,0.5,199101250WSB-IND,199101250WSB-WSB,IND-1991,1,1991,15,59.949999999999996,dreilgr01-1991
thompla01,23,4.8,199101250WSB-IND,199101250WSB-WSB,IND-1991,1,1991,110.39999999999999,59.949999999999996,thompla01-1991
mccloge01,21,-0.9,199101250WSB-IND,199101250WSB-WSB,IND-1991,1,1991,-18.900000000000002,59.949999999999996,mccloge01-1991
sandemi01,12,-4.5,199101250WSB-IND,199101250WSB-WSB,IND-1991,1,1991,-54,59.949999999999996,sandemi01-1991
wittmra01,8,-1.2,199101250WSB-IND,199101250WSB-WSB,IND-1991,1,1991,-9.6,59.949999999999996,wittmra01-1991
willike03,6,-2.9,199101250WSB-IND,199101250WSB-WSB,IND-1991,1,1991,-17.4,59.949999999999996,willike03-1991
newmajo01,42,-8.7,199101300IND-CHH,199101300IND-IND,CHH-1991,0,1991,-365.4,-15.100000000000001,newmajo01-1991
boguemu01,36,3.6,199101300IND-CHH,199101300IND-IND,CHH-1991,0,1991,129.6,-15.100000000000001,boguemu01-1991
reidjr01,34,-4.7,199101300IND-CHH,199101300IND-IND,CHH-1991,0,1991,-159.8,-15.100000000000001,reidjr01-1991
gillke01,32,6.8,199101300IND-CHH,199101300IND-IND,CHH-1991,0,1991,217.6,-15.100000000000001,gillke01-1991
curryde01,28,5.7,199101300IND-CHH,199101300IND-IND,CHH-1991,0,1991,159.6,-15.100000000000001,curryde01-1991
gminsmi01,27,-4.7,199101300IND-CHH,199101300IND-IND,CHH-1991,0,1991,-126.9,-15.100000000000001,gminsmi01-1991
schefst01,16,0.2,199101300IND-CHH,199101300IND-IND,CHH-1991,0,1991,3.2,-15.100000000000001,schefst01-1991
curetea01,15,0.1,199101300IND-CHH,199101300IND-IND,CHH-1991,0,1991,1.5,-15.100000000000001,curetea01-1991
sandeje01,6,-0.8,199101300IND-CHH,199101300IND-IND,CHH-1991,0,1991,-4.800000000000001,-15.100000000000001,sandeje01-1991
haffnsc01,4,-1.4,199101300IND-CHH,199101300IND-IND,CHH-1991,0,1991,-5.6,-15.100000000000001,haffnsc01-1991
schrede01,36,3.1,199102010MIA-IND,199102010MIA-MIA,IND-1991,0,1991,111.60000000000001,27.030000000000005,schrede01-1991
millere01,34,5.4,199102010MIA-IND,199102010MIA-MIA,IND-1991,0,1991,183.60000000000002,27.030000000000005,millere01-1991
persoch01,31,-1,199102010MIA-IND,199102010MIA-MIA,IND-1991,0,1991,-31,27.030000000000005,persoch01-1991
dreilgr01,29,4,199102010MIA-IND,199102010MIA-MIA,IND-1991,0,1991,116,27.030000000000005,dreilgr01-1991
thompla01,27,2.1,199102010MIA-IND,199102010MIA-MIA,IND-1991,0,1991,56.7,27.030000000000005,thompla01-1991
willimi02,26,-0.9,199102010MIA-IND,199102010MIA-MIA,IND-1991,0,1991,-23.400000000000002,27.030000000000005,willimi02-1991
flemive01,22,-6.5,199102010MIA-IND,199102010MIA-MIA,IND-1991,0,1991,-143,27.030000000000005,flemive01-1991
sandemi01,17,0,199102010MIA-IND,199102010MIA-MIA,IND-1991,0,1991,0,27.030000000000005,sandemi01-1991
mccloge01,16,0.1,199102010MIA-IND,199102010MIA-MIA,IND-1991,0,1991,1.6,27.030000000000005,mccloge01-1991
oldhaja01,2,-0.9,199102010MIA-IND,199102010MIA-MIA,IND-1991,0,1991,-1.8,27.030000000000005,oldhaja01-1991
mckeyde01,38,-3.4,199102020IND-SEA,199102020IND-IND,SEA-1991,0,1991,-129.2,21.36,mckeyde01-1991
ellisda01,35,-4.5,199102020IND-SEA,199102020IND-IND,SEA-1991,0,1991,-157.5,21.36,ellisda01-1991
paytoga01,35,8.6,199102020IND-SEA,199102020IND-IND,SEA-1991,0,1991,301,21.36,paytoga01-1991
kempsh01,30,3,199102020IND-SEA,199102020IND-IND,SEA-1991,0,1991,90,21.36,kempsh01-1991
cagemi01,29,3.4,199102020IND-SEA,199102020IND-IND,SEA-1991,0,1991,98.6,21.36,cagemi01-1991
johnsed03,22,-0.5,199102020IND-SEA,199102020IND-IND,SEA-1991,0,1991,-11,21.36,johnsed03-1991
polynol01,18,-0.2,199102020IND-SEA,199102020IND-IND,SEA-1991,0,1991,-3.6,21.36,polynol01-1991
threase01,14,2.1,199102020IND-SEA,199102020IND-IND,SEA-1991,0,1991,29.400000000000002,21.36,threase01-1991
mcmilna01,12,0.3,199102020IND-SEA,199102020IND-IND,SEA-1991,0,1991,3.5999999999999996,21.36,mcmilna01-1991
barroda01,7,-1.1,199102020IND-SEA,199102020IND-IND,SEA-1991,0,1991,-7.700000000000001,21.36,barroda01-1991
millere01,34,1.5,199102050DAL-IND,199102050DAL-DAL,IND-1991,0,1991,51,14.490909090909092,millere01-1991
persoch01,33,0.2,199102050DAL-IND,199102050DAL-DAL,IND-1991,0,1991,6.6000000000000005,14.490909090909092,persoch01-1991
schrede01,33,-0.7,199102050DAL-IND,199102050DAL-DAL,IND-1991,0,1991,-23.099999999999998,14.490909090909092,schrede01-1991
dreilgr01,30,3.3,199102050DAL-IND,199102050DAL-DAL,IND-1991,0,1991,99,14.490909090909092,dreilgr01-1991
willimi02,30,2.5,199102050DAL-IND,199102050DAL-DAL,IND-1991,0,1991,75,14.490909090909092,willimi02-1991
sandemi01,18,-0.5,199102050DAL-IND,199102050DAL-DAL,IND-1991,0,1991,-9,14.490909090909092,sandemi01-1991
thompla01,17,-1,199102050DAL-IND,199102050DAL-DAL,IND-1991,0,1991,-17,14.490909090909092,thompla01-1991
flemive01,17,1.1,199102050DAL-IND,199102050DAL-DAL,IND-1991,0,1991,18.700000000000003,14.490909090909092,flemive01-1991
mccloge01,15,-1.9,199102050DAL-IND,199102050DAL-DAL,IND-1991,0,1991,-28.5,14.490909090909092,mccloge01-1991
smitsri01,10,-1.6,199102050DAL-IND,199102050DAL-DAL,IND-1991,0,1991,-16,14.490909090909092,smitsri01-1991
willike03,3,0.9,199102050DAL-IND,199102050DAL-DAL,IND-1991,0,1991,2.7,14.490909090909092,willike03-1991
millere01,34,0.3,199102070SAS-IND,199102070SAS-SAS,IND-1991,0,1991,10.2,13.383333333333333,millere01-1991
willimi02,33,2.6,199102070SAS-IND,199102070SAS-SAS,IND-1991,0,1991,85.8,13.383333333333333,willimi02-1991
persoch01,31,-0.6,199102070SAS-IND,199102070SAS-SAS,IND-1991,0,1991,-18.599999999999998,13.383333333333333,persoch01-1991
schrede01,30,2.2,199102070SAS-IND,199102070SAS-SAS,IND-1991,0,1991,66,13.383333333333333,schrede01-1991
thompla01,25,3.4,199102070SAS-IND,199102070SAS-SAS,IND-1991,0,1991,85,13.383333333333333,thompla01-1991
dreilgr01,22,-0.4,199102070SAS-IND,199102070SAS-SAS,IND-1991,0,1991,-8.8,13.383333333333333,dreilgr01-1991
flemive01,15,0.5,199102070SAS-IND,199102070SAS-SAS,IND-1991,0,1991,7.5,13.383333333333333,flemive01-1991
mccloge01,15,-3.5,199102070SAS-IND,199102070SAS-SAS,IND-1991,0,1991,-52.5,13.383333333333333,mccloge01-1991
smitsri01,15,-1.3,199102070SAS-IND,199102070SAS-SAS,IND-1991,0,1991,-19.5,13.383333333333333,smitsri01-1991
sandemi01,13,0.1,199102070SAS-IND,199102070SAS-SAS,IND-1991,0,1991,1.3,13.383333333333333,sandemi01-1991
willike03,4,1.2,199102070SAS-IND,199102070SAS-SAS,IND-1991,0,1991,4.8,13.383333333333333,willike03-1991
wittmra01,3,-0.2,199102070SAS-IND,199102070SAS-SAS,IND-1991,0,1991,-0.6000000000000001,13.383333333333333,wittmra01-1991
ewingpa01,43,8.1,199102120IND-NYK,199102120IND-IND,NYK-1991,1,1991,348.3,56.040000000000006,ewingpa01-1991
oaklech01,34,-0.1,199102120IND-NYK,199102120IND-IND,NYK-1991,1,1991,-3.4000000000000004,56.040000000000006,oaklech01-1991
vandeki01,34,5,199102120IND-NYK,199102120IND-IND,NYK-1991,1,1991,170,56.040000000000006,vandeki01-1991
cheekma01,32,-0.8,199102120IND-NYK,199102120IND-IND,NYK-1991,1,1991,-25.6,56.040000000000006,cheekma01-1991
wilkige01,24,-0.9,199102120IND-NYK,199102120IND-IND,NYK-1991,1,1991,-21.6,56.040000000000006,wilkige01-1991
tucketr01,24,5.2,199102120IND-NYK,199102120IND-IND,NYK-1991,1,1991,124.80000000000001,56.040000000000006,tucketr01-1991
jacksma01,16,2.7,199102120IND-NYK,199102120IND-IND,NYK-1991,1,1991,43.2,56.040000000000006,jacksma01-1991
quinnbr01,14,-1.1,199102120IND-NYK,199102120IND-IND,NYK-1991,1,1991,-15.400000000000002,56.040000000000006,quinnbr01-1991
walkeke01,14,-4.1,199102120IND-NYK,199102120IND-IND,NYK-1991,1,1991,-57.39999999999999,56.040000000000006,walkeke01-1991
mustaje01,5,-0.5,199102120IND-NYK,199102120IND-IND,NYK-1991,1,1991,-2.5,56.040000000000006,mustaje01-1991
schrede01,37,4.2,199102130DET-IND,199102130DET-DET,IND-1991,1,1991,155.4,43.06,schrede01-1991
persoch01,34,-2.1,199102130DET-IND,199102130DET-DET,IND-1991,1,1991,-71.4,43.06,persoch01-1991
willimi02,32,7.3,199102130DET-IND,199102130DET-DET,IND-1991,1,1991,233.6,43.06,willimi02-1991
millere01,28,-0.2,199102130DET-IND,199102130DET-DET,IND-1991,1,1991,-5.6000000000000005,43.06,millere01-1991
thompla01,28,0.8,199102130DET-IND,199102130DET-DET,IND-1991,1,1991,22.400000000000002,43.06,thompla01-1991
dreilgr01,21,2.7,199102130DET-IND,199102130DET-DET,IND-1991,1,1991,56.7,43.06,dreilgr01-1991
mccloge01,21,2,199102130DET-IND,199102130DET-DET,IND-1991,1,1991,42,43.06,mccloge01-1991
flemive01,16,1,199102130DET-IND,199102130DET-DET,IND-1991,1,1991,16,43.06,flemive01-1991
sandemi01,14,0.8,199102130DET-IND,199102130DET-DET,IND-1991,1,1991,11.200000000000001,43.06,sandemi01-1991
smitsri01,9,-3.3,199102130DET-IND,199102130DET-DET,IND-1991,1,1991,-29.7,43.06,smitsri01-1991
simmoli01,40,-0.4,199102170IND-SAC,199102170IND-IND,SAC-1991,0,1991,-16,31.927272727272726,simmoli01-1991
maystr01,33,-1.6,199102170IND-SAC,199102170IND-IND,SAC-1991,0,1991,-52.800000000000004,31.927272727272726,maystr01-1991
carran01,32,14.4,199102170IND-SAC,199102170IND-IND,SAC-1991,0,1991,460.8,31.927272727272726,carran01-1991
lesji01,32,8.2,199102170IND-SAC,199102170IND-IND,SAC-1991,0,1991,262.4,31.927272727272726,lesji01-1991
causwdu01,26,-4.8,199102170IND-SAC,199102170IND-IND,SAC-1991,0,1991,-124.8,31.927272727272726,causwdu01-1991
hansebo01,19,-3.6,199102170IND-SAC,199102170IND-IND,SAC-1991,0,1991,-68.4,31.927272727272726,hansebo01-1991
sparrro01,17,-0.8,199102170IND-SAC,199102170IND-IND,SAC-1991,0,1991,-13.600000000000001,31.927272727272726,sparrro01-1991
sampsra01,15,-3.9,199102170IND-SAC,199102170IND-IND,SAC-1991,0,1991,-58.5,31.927272727272726,sampsra01-1991
wennibi01,15,-2,199102170IND-SAC,199102170IND-IND,SAC-1991,0,1991,-30,31.927272727272726,wennibi01-1991
callori01,6,-1.4,199102170IND-SAC,199102170IND-IND,SAC-1991,0,1991,-8.399999999999999,31.927272727272726,callori01-1991
higgimi01,5,0.1,199102170IND-SAC,199102170IND-IND,SAC-1991,0,1991,0.5,31.927272727272726,higgimi01-1991
millere01,37,11.7,199102190CHH-IND,199102190CHH-CHH,IND-1991,1,1991,432.9,47.809090909090905,millere01-1991
persoch01,32,4.5,199102190CHH-IND,199102190CHH-CHH,IND-1991,1,1991,144,47.809090909090905,persoch01-1991
willimi02,27,-5.4,199102190CHH-IND,199102190CHH-CHH,IND-1991,1,1991,-145.8,47.809090909090905,willimi02-1991
smitsri01,25,3.1,199102190CHH-IND,199102190CHH-CHH,IND-1991,1,1991,77.5,47.809090909090905,smitsri01-1991
flemive01,21,0.4,199102190CHH-IND,199102190CHH-CHH,IND-1991,1,1991,8.4,47.809090909090905,flemive01-1991
dreilgr01,19,-1.8,199102190CHH-IND,199102190CHH-CHH,IND-1991,1,1991,-34.2,47.809090909090905,dreilgr01-1991
schrede01,19,-0.8,199102190CHH-IND,199102190CHH-CHH,IND-1991,1,1991,-15.200000000000001,47.809090909090905,schrede01-1991
thompla01,18,3.5,199102190CHH-IND,199102190CHH-CHH,IND-1991,1,1991,63,47.809090909090905,thompla01-1991
sandemi01,16,0.1,199102190CHH-IND,199102190CHH-CHH,IND-1991,1,1991,1.6,47.809090909090905,sandemi01-1991
willike03,15,-0.2,199102190CHH-IND,199102190CHH-CHH,IND-1991,1,1991,-3,47.809090909090905,willike03-1991
wittmra01,11,-0.3,199102190CHH-IND,199102190CHH-CHH,IND-1991,1,1991,-3.3,47.809090909090905,wittmra01-1991
catlete01,36,-0.3,199102200IND-ORL,199102200IND-IND,ORL-1991,0,1991,-10.799999999999999,19.12,catlete01-1991
acresma01,33,0.4,199102200IND-ORL,199102200IND-IND,ORL-1991,0,1991,13.200000000000001,19.12,acresma01-1991
scottde01,32,3.3,199102200IND-ORL,199102200IND-IND,ORL-1991,0,1991,105.6,19.12,scottde01-1991
vincesa01,30,0.7,199102200IND-ORL,199102200IND-IND,ORL-1991,0,1991,21,19.12,vincesa01-1991
anderni01,27,4.3,199102200IND-ORL,199102200IND-IND,ORL-1991,0,1991,116.1,19.12,anderni01-1991
smithot01,26,-0.3,199102200IND-ORL,199102200IND-IND,ORL-1991,0,1991,-7.8,19.12,smithot01-1991
skilesc01,23,-5.5,199102200IND-ORL,199102200IND-IND,ORL-1991,0,1991,-126.5,19.12,skilesc01-1991
reynoje01,22,3.1,199102200IND-ORL,199102200IND-IND,ORL-1991,0,1991,68.2,19.12,reynoje01-1991
kitegr01,19,1,199102200IND-ORL,199102200IND-IND,ORL-1991,0,1991,19,19.12,kitegr01-1991
turneje01,17,-0.4,199102200IND-ORL,199102200IND-IND,ORL-1991,0,1991,-6.800000000000001,19.12,turneje01-1991
schrede01,35,0.9,199102220CLE-IND,199102220CLE-CLE,IND-1991,1,1991,31.5,31.8,schrede01-1991
millere01,27,6,199102220CLE-IND,199102220CLE-CLE,IND-1991,1,1991,162,31.8,millere01-1991
willimi02,27,5.5,199102220CLE-IND,199102220CLE-CLE,IND-1991,1,1991,148.5,31.8,willimi02-1991
persoch01,26,-3.9,199102220CLE-IND,199102220CLE-CLE,IND-1991,1,1991,-101.39999999999999,31.8,persoch01-1991
dreilgr01,23,2,199102220CLE-IND,199102220CLE-CLE,IND-1991,1,1991,46,31.8,dreilgr01-1991
sandemi01,22,4.7,199102220CLE-IND,199102220CLE-CLE,IND-1991,1,1991,103.4,31.8,sandemi01-1991
smitsri01,22,0,199102220CLE-IND,199102220CLE-CLE,IND-1991,1,1991,0,31.8,smitsri01-1991
flemive01,21,3.9,199102220CLE-IND,199102220CLE-CLE,IND-1991,1,1991,81.89999999999999,31.8,flemive01-1991
mccloge01,21,-4.3,199102220CLE-IND,199102220CLE-CLE,IND-1991,1,1991,-90.3,31.8,mccloge01-1991
thompla01,13,-2.7,199102220CLE-IND,199102220CLE-CLE,IND-1991,1,1991,-35.1,31.8,thompla01-1991
willike03,3,1.1,199102220CLE-IND,199102220CLE-CLE,IND-1991,1,1991,3.3000000000000003,31.8,willike03-1991
shawbr01,44,8.9,199102240IND-BOS,199102240IND-IND,BOS-1991,0,1991,391.6,46.2,shawbr01-1991
lewisre01,40,4.2,199102240IND-BOS,199102240IND-IND,BOS-1991,0,1991,168,46.2,lewisre01-1991
birdla01,37,-7.4,199102240IND-BOS,199102240IND-IND,BOS-1991,0,1991,-273.8,46.2,birdla01-1991
parisro01,31,-1.2,199102240IND-BOS,199102240IND-IND,BOS-1991,0,1991,-37.199999999999996,46.2,parisro01-1991
gamblke01,27,3.7,199102240IND-BOS,199102240IND-IND,BOS-1991,0,1991,99.9,46.2,gamblke01-1991
pincked01,24,0.9,199102240IND-BOS,199102240IND-IND,BOS-1991,0,1991,21.6,46.2,pincked01-1991
brownde01,20,-3,199102240IND-BOS,199102240IND-IND,BOS-1991,0,1991,-60,46.2,brownde01-1991
kleinjo01,17,3.5,199102240IND-BOS,199102240IND-IND,BOS-1991,0,1991,59.5,46.2,kleinjo01-1991
millere01,37,3.4,199102260NJN-IND,199102260NJN-NJN,IND-1991,0,1991,125.8,-0.581818181818181,millere01-1991
flemive01,31,0.3,199102260NJN-IND,199102260NJN-NJN,IND-1991,0,1991,9.299999999999999,-0.581818181818181,flemive01-1991
schrede01,30,7,199102260NJN-IND,199102260NJN-NJN,IND-1991,0,1991,210,-0.581818181818181,schrede01-1991
persoch01,29,-4.6,199102260NJN-IND,199102260NJN-NJN,IND-1991,0,1991,-133.39999999999998,-0.581818181818181,persoch01-1991
smitsri01,29,0.9,199102260NJN-IND,199102260NJN-NJN,IND-1991,0,1991,26.1,-0.581818181818181,smitsri01-1991
sandemi01,19,-5,199102260NJN-IND,199102260NJN-NJN,IND-1991,0,1991,-95,-0.581818181818181,sandemi01-1991
thompla01,17,-4.9,199102260NJN-IND,199102260NJN-NJN,IND-1991,0,1991,-83.30000000000001,-0.581818181818181,thompla01-1991
mccloge01,17,-1.3,199102260NJN-IND,199102260NJN-NJN,IND-1991,0,1991,-22.1,-0.581818181818181,mccloge01-1991
dreilgr01,13,-3.3,199102260NJN-IND,199102260NJN-NJN,IND-1991,0,1991,-42.9,-0.581818181818181,dreilgr01-1991
wittmra01,11,-1.1,199102260NJN-IND,199102260NJN-NJN,IND-1991,0,1991,-12.100000000000001,-0.581818181818181,wittmra01-1991
willike03,7,1.6,199102260NJN-IND,199102260NJN-NJN,IND-1991,0,1991,11.200000000000001,-0.581818181818181,willike03-1991
harpede01,39,-1.6,199102270IND-DAL,199102270IND-IND,DAL-1991,1,1991,-62.400000000000006,19.75,harpede01-1991
blackro01,38,1.9,199102270IND-DAL,199102270IND-IND,DAL-1991,1,1991,72.2,19.75,blackro01-1991
englial01,34,2.6,199102270IND-DAL,199102270IND-IND,DAL-1991,1,1991,88.4,19.75,englial01-1991
donalja01,31,2.7,199102270IND-DAL,199102270IND-IND,DAL-1991,1,1991,83.7,19.75,donalja01-1991
whitera01,25,0.8,199102270IND-DAL,199102270IND-IND,DAL-1991,1,1991,20,19.75,whitera01-1991
willihe01,21,3.3,199102270IND-DAL,199102270IND-IND,DAL-1991,1,1991,69.3,19.75,willihe01-1991
davisbr01,21,-5.1,199102270IND-DAL,199102270IND-IND,DAL-1991,1,1991,-107.1,19.75,davisbr01-1991
shaskjo01,17,0,199102270IND-DAL,199102270IND-IND,DAL-1991,1,1991,0,19.75,shaskjo01-1991
upshake01,10,3.9,199102270IND-DAL,199102270IND-IND,DAL-1991,1,1991,39,19.75,upshake01-1991
grandji01,4,-1.4,199102270IND-DAL,199102270IND-IND,DAL-1991,1,1991,-5.6,19.75,grandji01-1991
daughbr01,40,3.5,199103010IND-CLE,199103010IND-IND,CLE-1991,0,1991,140,29.60909090909091,daughbr01-1991
nancela01,36,6.5,199103010IND-CLE,199103010IND-IND,CLE-1991,0,1991,234,29.60909090909091,nancela01-1991
valenda01,27,-1.7,199103010IND-CLE,199103010IND-IND,CLE-1991,0,1991,-45.9,29.60909090909091,valenda01-1991
paddige01,27,0.8,199103010IND-CLE,199103010IND-IND,CLE-1991,0,1991,21.6,29.60909090909091,paddige01-1991
williho01,23,-1.7,199103010IND-CLE,199103010IND-IND,CLE-1991,0,1991,-39.1,29.60909090909091,williho01-1991
jameshe01,22,2.5,199103010IND-CLE,199103010IND-IND,CLE-1991,0,1991,55,29.60909090909091,jameshe01-1991
ehlocr01,21,-0.7,199103010IND-CLE,199103010IND-IND,CLE-1991,0,1991,-14.7,29.60909090909091,ehlocr01-1991
ferryda01,19,0.8,199103010IND-CLE,199103010IND-IND,CLE-1991,0,1991,15.200000000000001,29.60909090909091,ferryda01-1991
kerrst01,16,-1.8,199103010IND-CLE,199103010IND-IND,CLE-1991,0,1991,-28.8,29.60909090909091,kerrst01-1991
mortojo01,5,-1.2,199103010IND-CLE,199103010IND-IND,CLE-1991,0,1991,-6,29.60909090909091,mortojo01-1991
brownch01,4,-1.4,199103010IND-CLE,199103010IND-IND,CLE-1991,0,1991,-5.6,29.60909090909091,brownch01-1991
jordami01,38,0.6,199103020IND-CHI,199103020IND-IND,CHI-1991,0,1991,22.8,4.840000000000001,jordami01-1991
pippesc01,33,3.4,199103020IND-CHI,199103020IND-IND,CHI-1991,0,1991,112.2,4.840000000000001,pippesc01-1991
kingst01,32,2.4,199103020IND-CHI,199103020IND-IND,CHI-1991,0,1991,76.8,4.840000000000001,kingst01-1991
armstbj01,27,-0.5,199103020IND-CHI,199103020IND-IND,CHI-1991,0,1991,-13.5,4.840000000000001,armstbj01-1991
paxsojo01,24,-4.3,199103020IND-CHI,199103020IND-IND,CHI-1991,0,1991,-103.19999999999999,4.840000000000001,paxsojo01-1991
cartwbi01,20,2.6,199103020IND-CHI,199103020IND-IND,CHI-1991,0,1991,52,4.840000000000001,cartwbi01-1991
levincl01,20,-3,199103020IND-CHI,199103020IND-IND,CHI-1991,0,1991,-60,4.840000000000001,levincl01-1991
hodgecr01,18,-2.8,199103020IND-CHI,199103020IND-IND,CHI-1991,0,1991,-50.4,4.840000000000001,hodgecr01-1991
willisc01,15,-2.6,199103020IND-CHI,199103020IND-IND,CHI-1991,0,1991,-39,4.840000000000001,willisc01-1991
perduwi01,13,3.9,199103020IND-CHI,199103020IND-IND,CHI-1991,0,1991,50.699999999999996,4.840000000000001,perduwi01-1991
millere01,37,2.9,199103040BOS-IND,199103040BOS-BOS,IND-1991,0,1991,107.3,9.445454545454545,millere01-1991
schrede01,31,1.1,199103040BOS-IND,199103040BOS-BOS,IND-1991,0,1991,34.1,9.445454545454545,schrede01-1991
flemive01,30,3,199103040BOS-IND,199103040BOS-BOS,IND-1991,0,1991,90,9.445454545454545,flemive01-1991
mccloge01,27,2.6,199103040BOS-IND,199103040BOS-BOS,IND-1991,0,1991,70.2,9.445454545454545,mccloge01-1991
persoch01,21,-5.5,199103040BOS-IND,199103040BOS-BOS,IND-1991,0,1991,-115.5,9.445454545454545,persoch01-1991
willike03,20,-0.2,199103040BOS-IND,199103040BOS-BOS,IND-1991,0,1991,-4,9.445454545454545,willike03-1991
dreilgr01,18,-0.3,199103040BOS-IND,199103040BOS-BOS,IND-1991,0,1991,-5.3999999999999995,9.445454545454545,dreilgr01-1991
wittmra01,17,2.9,199103040BOS-IND,199103040BOS-BOS,IND-1991,0,1991,49.3,9.445454545454545,wittmra01-1991
sandemi01,15,-2.9,199103040BOS-IND,199103040BOS-BOS,IND-1991,0,1991,-43.5,9.445454545454545,sandemi01-1991
smitsri01,15,-2.9,199103040BOS-IND,199103040BOS-BOS,IND-1991,0,1991,-43.5,9.445454545454545,smitsri01-1991
thompla01,9,-3.9,199103040BOS-IND,199103040BOS-BOS,IND-1991,0,1991,-35.1,9.445454545454545,thompla01-1991
gillke01,34,3.2,199103050IND-CHH,199103050IND-IND,CHH-1991,0,1991,108.80000000000001,-7.990909090909089,gillke01-1991
reidjr01,34,3.6,199103050IND-CHH,199103050IND-IND,CHH-1991,0,1991,122.4,-7.990909090909089,reidjr01-1991
newmajo01,29,-5.8,199103050IND-CHH,199103050IND-IND,CHH-1991,0,1991,-168.2,-7.990909090909089,newmajo01-1991
boguemu01,27,-2,199103050IND-CHH,199103050IND-IND,CHH-1991,0,1991,-54,-7.990909090909089,boguemu01-1991
curryde01,27,-2.7,199103050IND-CHH,199103050IND-IND,CHH-1991,0,1991,-72.9,-7.990909090909089,curryde01-1991
gminsmi01,24,-2.2,199103050IND-CHH,199103050IND-IND,CHH-1991,0,1991,-52.800000000000004,-7.990909090909089,gminsmi01-1991
leckner01,20,-2.7,199103050IND-CHH,199103050IND-IND,CHH-1991,0,1991,-54,-7.990909090909089,leckner01-1991
keysra01,18,0.4,199103050IND-CHH,199103050IND-IND,CHH-1991,0,1991,7.2,-7.990909090909089,keysra01-1991
gattike01,16,3.9,199103050IND-CHH,199103050IND-IND,CHH-1991,0,1991,62.4,-7.990909090909089,gattike01-1991
chapmre01,9,1.2,199103050IND-CHH,199103050IND-IND,CHH-1991,0,1991,10.799999999999999,-7.990909090909089,chapmre01-1991
schefst01,2,1.2,199103050IND-CHH,199103050IND-IND,CHH-1991,0,1991,2.4,-7.990909090909089,schefst01-1991
rasmubl01,37,-4.6,199103070IND-DEN,199103070IND-IND,DEN-1991,0,1991,-170.2,-25.409999999999997,rasmubl01-1991
adamsmi01,33,4.8,199103070IND-DEN,199103070IND-IND,DEN-1991,0,1991,158.4,-25.409999999999997,adamsmi01-1991
willire01,32,-7.6,199103070IND-DEN,199103070IND-IND,DEN-1991,0,1991,-243.2,-25.409999999999997,willire01-1991
woolror01,27,-2.9,199103070IND-DEN,199103070IND-IND,DEN-1991,0,1991,-78.3,-25.409999999999997,woolror01-1991
abdulma02,26,-2.4,199103070IND-DEN,199103070IND-IND,DEN-1991,0,1991,-62.4,-25.409999999999997,abdulma02-1991
liberma01,24,0.6,199103070IND-DEN,199103070IND-IND,DEN-1991,0,1991,14.399999999999999,-25.409999999999997,liberma01-1991
laneje01,24,3.7,199103070IND-DEN,199103070IND-IND,DEN-1991,0,1991,88.80000000000001,-25.409999999999997,laneje01-1991
farmeji01,14,5.6,199103070IND-DEN,199103070IND-IND,DEN-1991,0,1991,78.39999999999999,-25.409999999999997,farmeji01-1991
battlke01,12,-0.4,199103070IND-DEN,199103070IND-IND,DEN-1991,0,1991,-4.800000000000001,-25.409999999999997,battlke01-1991
andergr01,11,-3.2,199103070IND-DEN,199103070IND-IND,DEN-1991,0,1991,-35.2,-25.409999999999997,andergr01-1991
rodmade01,42,0.8,199103090IND-DET,199103090IND-IND,DET-1991,1,1991,33.6,57.32222222222223,rodmade01-1991
dumarjo01,40,8.5,199103090IND-DET,199103090IND-IND,DET-1991,1,1991,340,57.32222222222223,dumarjo01-1991
johnsvi01,33,4.4,199103090IND-DET,199103090IND-IND,DET-1991,1,1991,145.20000000000002,57.32222222222223,johnsvi01-1991
edwarja01,29,2.7,199103090IND-DET,199103090IND-IND,DET-1991,1,1991,78.30000000000001,57.32222222222223,edwarja01-1991
laimbbi01,29,-1,199103090IND-DET,199103090IND-IND,DET-1991,1,1991,-29,57.32222222222223,laimbbi01-1991
aguirma01,25,1.1,199103090IND-DET,199103090IND-IND,DET-1991,1,1991,27.500000000000004,57.32222222222223,aguirma01-1991
hendege01,22,-4.6,199103090IND-DET,199103090IND-IND,DET-1991,1,1991,-101.19999999999999,57.32222222222223,hendege01-1991
sallejo01,17,1.6,199103090IND-DET,199103090IND-IND,DET-1991,1,1991,27.200000000000003,57.32222222222223,sallejo01-1991
longjo01,3,-1.9,199103090IND-DET,199103090IND-IND,DET-1991,1,1991,-5.699999999999999,57.32222222222223,longjo01-1991
persoch01,43,0.3,199103120GSW-IND,199103120GSW-GSW,IND-1991,0,1991,12.9,38.336363636363636,persoch01-1991
millere01,39,3.5,199103120GSW-IND,199103120GSW-GSW,IND-1991,0,1991,136.5,38.336363636363636,millere01-1991
flemive01,36,8.2,199103120GSW-IND,199103120GSW-GSW,IND-1991,0,1991,295.2,38.336363636363636,flemive01-1991
schrede01,30,0.5,199103120GSW-IND,199103120GSW-GSW,IND-1991,0,1991,15,38.336363636363636,schrede01-1991
smitsri01,22,3.4,199103120GSW-IND,199103120GSW-GSW,IND-1991,0,1991,74.8,38.336363636363636,smitsri01-1991
willimi02,19,-0.6,199103120GSW-IND,199103120GSW-GSW,IND-1991,0,1991,-11.4,38.336363636363636,willimi02-1991
dreilgr01,16,-1.5,199103120GSW-IND,199103120GSW-GSW,IND-1991,0,1991,-24,38.336363636363636,dreilgr01-1991
sandemi01,16,-2.9,199103120GSW-IND,199103120GSW-GSW,IND-1991,0,1991,-46.4,38.336363636363636,sandemi01-1991
mccloge01,9,-0.7,199103120GSW-IND,199103120GSW-GSW,IND-1991,0,1991,-6.3,38.336363636363636,mccloge01-1991
willike03,6,-3.3,199103120GSW-IND,199103120GSW-GSW,IND-1991,0,1991,-19.799999999999997,38.336363636363636,willike03-1991
thompla01,4,-1.2,199103120GSW-IND,199103120GSW-GSW,IND-1991,0,1991,-4.8,38.336363636363636,thompla01-1991
millere01,41,9.3,199103140SAC-IND,199103140SAC-SAC,IND-1991,1,1991,381.3,51.63636363636364,millere01-1991
willimi02,37,6.9,199103140SAC-IND,199103140SAC-SAC,IND-1991,1,1991,255.3,51.63636363636364,willimi02-1991
schrede01,35,3.8,199103140SAC-IND,199103140SAC-SAC,IND-1991,1,1991,133,51.63636363636364,schrede01-1991
persoch01,30,-2.3,199103140SAC-IND,199103140SAC-SAC,IND-1991,1,1991,-69,51.63636363636364,persoch01-1991
thompla01,25,-4.8,199103140SAC-IND,199103140SAC-SAC,IND-1991,1,1991,-120,51.63636363636364,thompla01-1991
smitsri01,21,1.4,199103140SAC-IND,199103140SAC-SAC,IND-1991,1,1991,29.4,51.63636363636364,smitsri01-1991
dreilgr01,15,-1.4,199103140SAC-IND,199103140SAC-SAC,IND-1991,1,1991,-21,51.63636363636364,dreilgr01-1991
sandemi01,15,1.1,199103140SAC-IND,199103140SAC-SAC,IND-1991,1,1991,16.5,51.63636363636364,sandemi01-1991
flemive01,9,-0.4,199103140SAC-IND,199103140SAC-SAC,IND-1991,1,1991,-3.6,51.63636363636364,flemive01-1991
mccloge01,9,-3.8,199103140SAC-IND,199103140SAC-SAC,IND-1991,1,1991,-34.199999999999996,51.63636363636364,mccloge01-1991
willike03,3,0.1,199103140SAC-IND,199103140SAC-SAC,IND-1991,1,1991,0.30000000000000004,51.63636363636364,willike03-1991
millere01,39,9.2,199103150LAC-IND,199103150LAC-LAC,IND-1991,1,1991,358.79999999999995,60.3,millere01-1991
persoch01,37,-4.9,199103150LAC-IND,199103150LAC-LAC,IND-1991,1,1991,-181.3,60.3,persoch01-1991
willimi02,37,6.1,199103150LAC-IND,199103150LAC-LAC,IND-1991,1,1991,225.7,60.3,willimi02-1991
schrede01,37,9.3,199103150LAC-IND,199103150LAC-LAC,IND-1991,1,1991,344.1,60.3,schrede01-1991
dreilgr01,21,1.1,199103150LAC-IND,199103150LAC-LAC,IND-1991,1,1991,23.1,60.3,dreilgr01-1991
thompla01,19,-0.5,199103150LAC-IND,199103150LAC-LAC,IND-1991,1,1991,-9.5,60.3,thompla01-1991
smitsri01,19,-6.6,199103150LAC-IND,199103150LAC-LAC,IND-1991,1,1991,-125.39999999999999,60.3,smitsri01-1991
mccloge01,11,3.1,199103150LAC-IND,199103150LAC-LAC,IND-1991,1,1991,34.1,60.3,mccloge01-1991
sandemi01,10,-0.9,199103150LAC-IND,199103150LAC-LAC,IND-1991,1,1991,-9,60.3,sandemi01-1991
wittmra01,9,0.2,199103150LAC-IND,199103150LAC-LAC,IND-1991,1,1991,1.8,60.3,wittmra01-1991
willike03,1,0.9,199103150LAC-IND,199103150LAC-LAC,IND-1991,1,1991,0.9,60.3,willike03-1991
willimi02,34,6.4,199103170DEN-IND,199103170DEN-DEN,IND-1991,1,1991,217.60000000000002,53.93333333333334,willimi02-1991
schrede01,28,3.8,199103170DEN-IND,199103170DEN-DEN,IND-1991,1,1991,106.39999999999999,53.93333333333334,schrede01-1991
smitsri01,26,4.1,199103170DEN-IND,199103170DEN-DEN,IND-1991,1,1991,106.6,53.93333333333334,smitsri01-1991
millere01,25,-2,199103170DEN-IND,199103170DEN-DEN,IND-1991,1,1991,-50,53.93333333333334,millere01-1991
sandemi01,25,5.4,199103170DEN-IND,199103170DEN-DEN,IND-1991,1,1991,135,53.93333333333334,sandemi01-1991
persoch01,22,1.1,199103170DEN-IND,199103170DEN-DEN,IND-1991,1,1991,24.200000000000003,53.93333333333334,persoch01-1991
dreilgr01,21,3.1,199103170DEN-IND,199103170DEN-DEN,IND-1991,1,1991,65.10000000000001,53.93333333333334,dreilgr01-1991
mccloge01,20,2.3,199103170DEN-IND,199103170DEN-DEN,IND-1991,1,1991,46,53.93333333333334,mccloge01-1991
flemive01,14,1,199103170DEN-IND,199103170DEN-DEN,IND-1991,1,1991,14,53.93333333333334,flemive01-1991
thompla01,13,-1.7,199103170DEN-IND,199103170DEN-DEN,IND-1991,1,1991,-22.099999999999998,53.93333333333334,thompla01-1991
wittmra01,7,1.2,199103170DEN-IND,199103170DEN-DEN,IND-1991,1,1991,8.4,53.93333333333334,wittmra01-1991
willike03,5,-0.8,199103170DEN-IND,199103170DEN-DEN,IND-1991,1,1991,-4,53.93333333333334,willike03-1991
millere01,35,3.5,199103180PHO-IND,199103180PHO-PHO,IND-1991,0,1991,122.5,26.35,millere01-1991
persoch01,33,3.5,199103180PHO-IND,199103180PHO-PHO,IND-1991,0,1991,115.5,26.35,persoch01-1991
schrede01,32,4.6,199103180PHO-IND,199103180PHO-PHO,IND-1991,0,1991,147.2,26.35,schrede01-1991
flemive01,28,-1.5,199103180PHO-IND,199103180PHO-PHO,IND-1991,0,1991,-42,26.35,flemive01-1991
smitsri01,25,-2.3,199103180PHO-IND,199103180PHO-PHO,IND-1991,0,1991,-57.49999999999999,26.35,smitsri01-1991
willimi02,20,-1.7,199103180PHO-IND,199103180PHO-PHO,IND-1991,0,1991,-34,26.35,willimi02-1991
mccloge01,18,2.3,199103180PHO-IND,199103180PHO-PHO,IND-1991,0,1991,41.4,26.35,mccloge01-1991
sandemi01,14,-0.7,199103180PHO-IND,199103180PHO-PHO,IND-1991,0,1991,-9.799999999999999,26.35,sandemi01-1991
dreilgr01,13,-1.4,199103180PHO-IND,199103180PHO-PHO,IND-1991,0,1991,-18.2,26.35,dreilgr01-1991
thompla01,13,4.5,199103180PHO-IND,199103180PHO-PHO,IND-1991,0,1991,58.5,26.35,thompla01-1991
willike03,7,-1,199103180PHO-IND,199103180PHO-PHO,IND-1991,0,1991,-7,26.35,willike03-1991
wittmra01,2,-0.2,199103180PHO-IND,199103180PHO-PHO,IND-1991,0,1991,-0.4,26.35,wittmra01-1991
ricegl01,42,5.3,199103200IND-MIA,199103200IND-IND,MIA-1991,0,1991,222.6,29.975,ricegl01-1991
seikaro01,42,0.7,199103200IND-MIA,199103200IND-IND,MIA-1991,0,1991,29.4,29.975,seikaro01-1991
longgr01,41,1,199103200IND-MIA,199103200IND-IND,MIA-1991,0,1991,41,29.975,longgr01-1991
douglsh01,38,2.2,199103200IND-MIA,199103200IND-IND,MIA-1991,0,1991,83.60000000000001,29.975,douglsh01-1991
edwarke01,28,0.3,199103200IND-MIA,199103200IND-IND,MIA-1991,0,1991,8.4,29.975,edwarke01-1991
burtowi01,27,-3.8,199103200IND-MIA,199103200IND-IND,MIA-1991,0,1991,-102.6,29.975,burtowi01-1991
kesslal01,12,-4.8,199103200IND-MIA,199103200IND-IND,MIA-1991,0,1991,-57.599999999999994,29.975,kesslal01-1991
colesbi01,10,1.5,199103200IND-MIA,199103200IND-IND,MIA-1991,0,1991,15,29.975,colesbi01-1991
birdla01,42,-2.2,199103220IND-BOS,199103220IND-IND,BOS-1991,0,1991,-92.4,13.062499999999998,birdla01-1991
lewisre01,42,3.8,199103220IND-BOS,199103220IND-IND,BOS-1991,0,1991,159.6,13.062499999999998,lewisre01-1991
gamblke01,40,-4.9,199103220IND-BOS,199103220IND-IND,BOS-1991,0,1991,-196,13.062499999999998,gamblke01-1991
parisro01,31,0.5,199103220IND-BOS,199103220IND-IND,BOS-1991,0,1991,15.5,13.062499999999998,parisro01-1991
shawbr01,25,10.1,199103220IND-BOS,199103220IND-IND,BOS-1991,0,1991,252.5,13.062499999999998,shawbr01-1991
brownde01,24,-1,199103220IND-BOS,199103220IND-IND,BOS-1991,0,1991,-24,13.062499999999998,brownde01-1991
pincked01,19,0.6,199103220IND-BOS,199103220IND-IND,BOS-1991,0,1991,11.4,13.062499999999998,pincked01-1991
kleinjo01,17,-1.3,199103220IND-BOS,199103220IND-IND,BOS-1991,0,1991,-22.1,13.062499999999998,kleinjo01-1991
millere01,38,11.7,199103230CHI-IND,199103230CHI-CHI,IND-1991,0,1991,444.59999999999997,27.245454545454542,millere01-1991
willimi02,31,1.8,199103230CHI-IND,199103230CHI-CHI,IND-1991,0,1991,55.800000000000004,27.245454545454542,willimi02-1991
thompla01,27,-1.4,199103230CHI-IND,199103230CHI-CHI,IND-1991,0,1991,-37.8,27.245454545454542,thompla01-1991
persoch01,26,-4,199103230CHI-IND,199103230CHI-CHI,IND-1991,0,1991,-104,27.245454545454542,persoch01-1991
dreilgr01,21,0.4,199103230CHI-IND,199103230CHI-CHI,IND-1991,0,1991,8.4,27.245454545454542,dreilgr01-1991
flemive01,19,1.5,199103230CHI-IND,199103230CHI-CHI,IND-1991,0,1991,28.5,27.245454545454542,flemive01-1991
mccloge01,19,-6.4,199103230CHI-IND,199103230CHI-CHI,IND-1991,0,1991,-121.60000000000001,27.245454545454542,mccloge01-1991
smitsri01,17,1,199103230CHI-IND,199103230CHI-CHI,IND-1991,0,1991,17,27.245454545454542,smitsri01-1991
schrede01,16,-1.7,199103230CHI-IND,199103230CHI-CHI,IND-1991,0,1991,-27.2,27.245454545454542,schrede01-1991
sandemi01,14,1.2,199103230CHI-IND,199103230CHI-CHI,IND-1991,0,1991,16.8,27.245454545454542,sandemi01-1991
willike03,12,1.6,199103230CHI-IND,199103230CHI-CHI,IND-1991,0,1991,19.200000000000003,27.245454545454542,willike03-1991
riverdo01,39,-1.4,199103260IND-ATL,199103260IND-IND,ATL-1991,0,1991,-54.599999999999994,44.11,riverdo01-1991
wilkido01,39,7.8,199103260IND-ATL,199103260IND-IND,ATL-1991,0,1991,304.2,44.11,wilkido01-1991
webbsp01,35,5.7,199103260IND-ATL,199103260IND-IND,ATL-1991,0,1991,199.5,44.11,webbsp01-1991
willike02,30,3.7,199103260IND-ATL,199103260IND-IND,ATL-1991,0,1991,111,44.11,willike02-1991
koncajo01,26,-1.4,199103260IND-ATL,199103260IND-IND,ATL-1991,0,1991,-36.4,44.11,koncajo01-1991
moncrsi01,24,2.3,199103260IND-ATL,199103260IND-IND,ATL-1991,0,1991,55.199999999999996,44.11,moncrsi01-1991
battljo01,16,-1.2,199103260IND-ATL,199103260IND-IND,ATL-1991,0,1991,-19.2,44.11,battljo01-1991
ferredu01,15,-4.6,199103260IND-ATL,199103260IND-IND,ATL-1991,0,1991,-69,44.11,ferredu01-1991
malonmo01,12,-3.7,199103260IND-ATL,199103260IND-IND,ATL-1991,0,1991,-44.400000000000006,44.11,malonmo01-1991
mccorti01,4,-1.3,199103260IND-ATL,199103260IND-IND,ATL-1991,0,1991,-5.2,44.11,mccorti01-1991
millere01,36,7.4,199103270DET-IND,199103270DET-DET,IND-1991,0,1991,266.40000000000003,28.090909090909093,millere01-1991
schrede01,33,1.9,199103270DET-IND,199103270DET-DET,IND-1991,0,1991,62.699999999999996,28.090909090909093,schrede01-1991
persoch01,28,1.2,199103270DET-IND,199103270DET-DET,IND-1991,0,1991,33.6,28.090909090909093,persoch01-1991
willimi02,28,1.4,199103270DET-IND,199103270DET-DET,IND-1991,0,1991,39.199999999999996,28.090909090909093,willimi02-1991
thompla01,24,0.7,199103270DET-IND,199103270DET-DET,IND-1991,0,1991,16.799999999999997,28.090909090909093,thompla01-1991
smitsri01,22,-3.8,199103270DET-IND,199103270DET-DET,IND-1991,0,1991,-83.6,28.090909090909093,smitsri01-1991
flemive01,20,-0.6,199103270DET-IND,199103270DET-DET,IND-1991,0,1991,-12,28.090909090909093,flemive01-1991
sandemi01,20,1.6,199103270DET-IND,199103270DET-DET,IND-1991,0,1991,32,28.090909090909093,sandemi01-1991
mccloge01,12,-1.5,199103270DET-IND,199103270DET-DET,IND-1991,0,1991,-18,28.090909090909093,mccloge01-1991
dreilgr01,11,-1.9,199103270DET-IND,199103270DET-DET,IND-1991,0,1991,-20.9,28.090909090909093,dreilgr01-1991
willike03,6,-1.2,199103270DET-IND,199103270DET-DET,IND-1991,0,1991,-7.199999999999999,28.090909090909093,willike03-1991
hardati01,53,2,199103310IND-GSW,199103310IND-IND,GSW-1991,0,1991,106,32.25555555555555,hardati01-1991
mullich01,52,-1.6,199103310IND-GSW,199103310IND-IND,GSW-1991,0,1991,-83.2,32.25555555555555,mullich01-1991
richmmi01,50,6.5,199103310IND-GSW,199103310IND-IND,GSW-1991,0,1991,325,32.25555555555555,richmmi01-1991
higgiro01,37,-3.4,199103310IND-GSW,199103310IND-IND,GSW-1991,0,1991,-125.8,32.25555555555555,higgiro01-1991
listeal01,21,-1.8,199103310IND-GSW,199103310IND-IND,GSW-1991,0,1991,-37.800000000000004,32.25555555555555,listeal01-1991
eliema01,15,4.3,199103310IND-GSW,199103310IND-IND,GSW-1991,0,1991,64.5,32.25555555555555,eliema01-1991
marcisa01,15,1.4,199103310IND-GSW,199103310IND-IND,GSW-1991,0,1991,21,32.25555555555555,marcisa01-1991
mokespa01,12,0.3,199103310IND-GSW,199103310IND-IND,GSW-1991,0,1991,3.5999999999999996,32.25555555555555,mokespa01-1991
peterji01,10,1.7,199103310IND-GSW,199103310IND-IND,GSW-1991,0,1991,17,32.25555555555555,peterji01-1991
anderro01,38,6.5,199104030IND-PHI,199104030IND-IND,PHI-1991,1,1991,247,35.43333333333334,anderro01-1991
gilliar01,37,1.8,199104030IND-PHI,199104030IND-IND,PHI-1991,1,1991,66.60000000000001,35.43333333333334,gilliar01-1991
hawkihe01,35,-3.9,199104030IND-PHI,199104030IND-IND,PHI-1991,1,1991,-136.5,35.43333333333334,hawkihe01-1991
greenri01,34,2.4,199104030IND-PHI,199104030IND-IND,PHI-1991,1,1991,81.6,35.43333333333334,greenri01-1991
willija01,29,2,199104030IND-PHI,199104030IND-IND,PHI-1991,1,1991,58,35.43333333333334,willija01-1991
bolma01,29,1.2,199104030IND-PHI,199104030IND-IND,PHI-1991,1,1991,34.8,35.43333333333334,bolma01-1991
olivebr01,14,3.9,199104030IND-PHI,199104030IND-IND,PHI-1991,1,1991,54.6,35.43333333333334,olivebr01-1991
turnean01,14,-3.8,199104030IND-PHI,199104030IND-IND,PHI-1991,1,1991,-53.199999999999996,35.43333333333334,turnean01-1991
payneke01,10,-3.4,199104030IND-PHI,199104030IND-IND,PHI-1991,1,1991,-34,35.43333333333334,payneke01-1991
grantha01,44,-4.7,199104050IND-WSB,199104050IND-IND,WSB-1991,0,1991,-206.8,-9.800000000000002,grantha01-1991
ellispe01,33,8,199104050IND-WSB,199104050IND-IND,WSB-1991,0,1991,264,-9.800000000000002,ellispe01-1991
willijo02,31,1.7,199104050IND-WSB,199104050IND-IND,WSB-1991,0,1991,52.699999999999996,-9.800000000000002,willijo02-1991
workmha01,31,-9,199104050IND-WSB,199104050IND-IND,WSB-1991,0,1991,-279,-9.800000000000002,workmha01-1991
walkeda01,28,4.6,199104050IND-WSB,199104050IND-IND,WSB-1991,0,1991,128.79999999999998,-9.800000000000002,walkeda01-1991
hammoto01,22,-0.1,199104050IND-WSB,199104050IND-IND,WSB-1991,0,1991,-2.2,-9.800000000000002,hammoto01-1991
engliaj01,21,0.1,199104050IND-WSB,199104050IND-IND,WSB-1991,0,1991,2.1,-9.800000000000002,engliaj01-1991
eacklle01,16,0.4,199104050IND-WSB,199104050IND-IND,WSB-1991,0,1991,6.4,-9.800000000000002,eacklle01-1991
fostegr01,13,-5,199104050IND-WSB,199104050IND-IND,WSB-1991,0,1991,-65,-9.800000000000002,fostegr01-1991
irvinby01,1,1,199104050IND-WSB,199104050IND-IND,WSB-1991,0,1991,1,-9.800000000000002,irvinby01-1991
millere01,41,-0.8,199104060ATL-IND,199104060ATL-ATL,IND-1991,0,1991,-32.800000000000004,4.924999999999999,millere01-1991
schrede01,39,1.7,199104060ATL-IND,199104060ATL-ATL,IND-1991,0,1991,66.3,4.924999999999999,schrede01-1991
persoch01,36,3.3,199104060ATL-IND,199104060ATL-ATL,IND-1991,0,1991,118.8,4.924999999999999,persoch01-1991
willimi02,30,2.5,199104060ATL-IND,199104060ATL-ATL,IND-1991,0,1991,75,4.924999999999999,willimi02-1991
thompla01,25,-3.3,199104060ATL-IND,199104060ATL-ATL,IND-1991,0,1991,-82.5,4.924999999999999,thompla01-1991
flemive01,21,-0.5,199104060ATL-IND,199104060ATL-ATL,IND-1991,0,1991,-10.5,4.924999999999999,flemive01-1991
smitsri01,15,-1.4,199104060ATL-IND,199104060ATL-ATL,IND-1991,0,1991,-21,4.924999999999999,smitsri01-1991
dreilgr01,13,-1.8,199104060ATL-IND,199104060ATL-ATL,IND-1991,0,1991,-23.400000000000002,4.924999999999999,dreilgr01-1991
sandemi01,10,-2.7,199104060ATL-IND,199104060ATL-ATL,IND-1991,0,1991,-27,4.924999999999999,sandemi01-1991
mccloge01,7,-0.6,199104060ATL-IND,199104060ATL-ATL,IND-1991,0,1991,-4.2,4.924999999999999,mccloge01-1991
willike03,2,-0.2,199104060ATL-IND,199104060ATL-ATL,IND-1991,0,1991,-0.4,4.924999999999999,willike03-1991
wittmra01,1,0.8,199104060ATL-IND,199104060ATL-ATL,IND-1991,0,1991,0.8,4.924999999999999,wittmra01-1991
schrede01,37,3.1,199104090CHH-IND,199104090CHH-CHH,IND-1991,1,1991,114.7,36.77272727272727,schrede01-1991
millere01,35,0,199104090CHH-IND,199104090CHH-CHH,IND-1991,1,1991,0,36.77272727272727,millere01-1991
smitsri01,33,-1.1,199104090CHH-IND,199104090CHH-CHH,IND-1991,1,1991,-36.300000000000004,36.77272727272727,smitsri01-1991
willimi02,32,12.1,199104090CHH-IND,199104090CHH-CHH,IND-1991,1,1991,387.2,36.77272727272727,willimi02-1991
flemive01,21,2.2,199104090CHH-IND,199104090CHH-CHH,IND-1991,1,1991,46.2,36.77272727272727,flemive01-1991
persoch01,20,-2.9,199104090CHH-IND,199104090CHH-CHH,IND-1991,1,1991,-58,36.77272727272727,persoch01-1991
sandemi01,15,-3.7,199104090CHH-IND,199104090CHH-CHH,IND-1991,1,1991,-55.5,36.77272727272727,sandemi01-1991
thompla01,15,-0.4,199104090CHH-IND,199104090CHH-CHH,IND-1991,1,1991,-6,36.77272727272727,thompla01-1991
mccloge01,13,2.6,199104090CHH-IND,199104090CHH-CHH,IND-1991,1,1991,33.800000000000004,36.77272727272727,mccloge01-1991
dreilgr01,11,0.8,199104090CHH-IND,199104090CHH-CHH,IND-1991,1,1991,8.8,36.77272727272727,dreilgr01-1991
willike03,8,-3.8,199104090CHH-IND,199104090CHH-CHH,IND-1991,1,1991,-30.4,36.77272727272727,willike03-1991
jordami01,41,3.6,199104100IND-CHI,199104100IND-IND,CHI-1991,1,1991,147.6,48.45833333333333,jordami01-1991
grantho01,34,4.5,199104100IND-CHI,199104100IND-IND,CHI-1991,1,1991,153,48.45833333333333,grantho01-1991
pippesc01,31,9.1,199104100IND-CHI,199104100IND-IND,CHI-1991,1,1991,282.09999999999997,48.45833333333333,pippesc01-1991
cartwbi01,30,-1.2,199104100IND-CHI,199104100IND-IND,CHI-1991,1,1991,-36,48.45833333333333,cartwbi01-1991
paxsojo01,25,0,199104100IND-CHI,199104100IND-IND,CHI-1991,1,1991,0,48.45833333333333,paxsojo01-1991
armstbj01,16,0.5,199104100IND-CHI,199104100IND-IND,CHI-1991,1,1991,8,48.45833333333333,armstbj01-1991
hopsode01,15,2,199104100IND-CHI,199104100IND-IND,CHI-1991,1,1991,30,48.45833333333333,hopsode01-1991
willisc01,13,0.8,199104100IND-CHI,199104100IND-IND,CHI-1991,1,1991,10.4,48.45833333333333,willisc01-1991
kingst01,11,-2.9,199104100IND-CHI,199104100IND-IND,CHI-1991,1,1991,-31.9,48.45833333333333,kingst01-1991
levincl01,9,0,199104100IND-CHI,199104100IND-IND,CHI-1991,1,1991,0,48.45833333333333,levincl01-1991
hodgecr01,8,2.9,199104100IND-CHI,199104100IND-IND,CHI-1991,1,1991,23.2,48.45833333333333,hodgecr01-1991
perduwi01,7,-0.7,199104100IND-CHI,199104100IND-IND,CHI-1991,1,1991,-4.8999999999999995,48.45833333333333,perduwi01-1991
millere01,41,8,199104120NYK-IND,199104120NYK-NYK,IND-1991,0,1991,328,39.736363636363635,millere01-1991
persoch01,39,1.1,199104120NYK-IND,199104120NYK-NYK,IND-1991,0,1991,42.900000000000006,39.736363636363635,persoch01-1991
schrede01,34,0.3,199104120NYK-IND,199104120NYK-NYK,IND-1991,0,1991,10.2,39.736363636363635,schrede01-1991
willimi02,32,4,199104120NYK-IND,199104120NYK-NYK,IND-1991,0,1991,128,39.736363636363635,willimi02-1991
thompla01,26,-6.1,199104120NYK-IND,199104120NYK-NYK,IND-1991,0,1991,-158.6,39.736363636363635,thompla01-1991
smitsri01,23,6.5,199104120NYK-IND,199104120NYK-NYK,IND-1991,0,1991,149.5,39.736363636363635,smitsri01-1991
flemive01,17,-2,199104120NYK-IND,199104120NYK-NYK,IND-1991,0,1991,-34,39.736363636363635,flemive01-1991
dreilgr01,10,-1.9,199104120NYK-IND,199104120NYK-NYK,IND-1991,0,1991,-19,39.736363636363635,dreilgr01-1991
sandemi01,9,-0.3,199104120NYK-IND,199104120NYK-NYK,IND-1991,0,1991,-2.6999999999999997,39.736363636363635,sandemi01-1991
mccloge01,6,-1.3,199104120NYK-IND,199104120NYK-NYK,IND-1991,0,1991,-7.800000000000001,39.736363636363635,mccloge01-1991
willike03,3,0.2,199104120NYK-IND,199104120NYK-NYK,IND-1991,0,1991,0.6000000000000001,39.736363636363635,willike03-1991
rodmade01,43,1.6,199104140IND-DET,199104140IND-IND,DET-1991,0,1991,68.8,14.144444444444444,rodmade01-1991
dumarjo01,39,-2.5,199104140IND-DET,199104140IND-IND,DET-1991,0,1991,-97.5,14.144444444444444,dumarjo01-1991
laimbbi01,36,2.5,199104140IND-DET,199104140IND-IND,DET-1991,0,1991,90,14.144444444444444,laimbbi01-1991
thomais01,33,-5.7,199104140IND-DET,199104140IND-IND,DET-1991,0,1991,-188.1,14.144444444444444,thomais01-1991
johnsvi01,30,6.4,199104140IND-DET,199104140IND-IND,DET-1991,0,1991,192,14.144444444444444,johnsvi01-1991
bedfowi01,27,-0.9,199104140IND-DET,199104140IND-IND,DET-1991,0,1991,-24.3,14.144444444444444,bedfowi01-1991
sallejo01,24,3.8,199104140IND-DET,199104140IND-IND,DET-1991,0,1991,91.19999999999999,14.144444444444444,sallejo01-1991
hastisc01,6,-0.6,199104140IND-DET,199104140IND-IND,DET-1991,0,1991,-3.5999999999999996,14.144444444444444,hastisc01-1991
hendege01,2,-0.6,199104140IND-DET,199104140IND-IND,DET-1991,0,1991,-1.2,14.144444444444444,hendege01-1991
millere01,43,0.9,199104160NJN-IND,199104160NJN-NJN,IND-1991,1,1991,38.7,40.644444444444446,millere01-1991
persoch01,42,-2.2,199104160NJN-IND,199104160NJN-NJN,IND-1991,1,1991,-92.4,40.644444444444446,persoch01-1991
willimi02,37,6.6,199104160NJN-IND,199104160NJN-NJN,IND-1991,1,1991,244.2,40.644444444444446,willimi02-1991
schrede01,30,4.5,199104160NJN-IND,199104160NJN-NJN,IND-1991,1,1991,135,40.644444444444446,schrede01-1991
thompla01,27,0.7,199104160NJN-IND,199104160NJN-NJN,IND-1991,1,1991,18.9,40.644444444444446,thompla01-1991
smitsri01,24,-2.3,199104160NJN-IND,199104160NJN-NJN,IND-1991,1,1991,-55.199999999999996,40.644444444444446,smitsri01-1991
flemive01,16,5.5,199104160NJN-IND,199104160NJN-NJN,IND-1991,1,1991,88,40.644444444444446,flemive01-1991
dreilgr01,15,0,199104160NJN-IND,199104160NJN-NJN,IND-1991,1,1991,0,40.644444444444446,dreilgr01-1991
willike03,6,-1.9,199104160NJN-IND,199104160NJN-NJN,IND-1991,1,1991,-11.399999999999999,40.644444444444446,willike03-1991
ewingpa01,41,1.5,199104190IND-NYK,199104190IND-IND,NYK-1991,0,1991,61.5,18.19090909090909,ewingpa01-1991
oaklech01,32,-0.2,199104190IND-NYK,199104190IND-IND,NYK-1991,0,1991,-6.4,18.19090909090909,oaklech01-1991
cheekma01,28,3.3,199104190IND-NYK,199104190IND-IND,NYK-1991,0,1991,92.39999999999999,18.19090909090909,cheekma01-1991
tucketr01,28,-4.5,199104190IND-NYK,199104190IND-IND,NYK-1991,0,1991,-126,18.19090909090909,tucketr01-1991
vandeki01,28,0,199104190IND-NYK,199104190IND-IND,NYK-1991,0,1991,0,18.19090909090909,vandeki01-1991
starkjo01,24,9.4,199104190IND-NYK,199104190IND-IND,NYK-1991,0,1991,225.60000000000002,18.19090909090909,starkjo01-1991
jacksma01,19,-1.5,199104190IND-NYK,199104190IND-IND,NYK-1991,0,1991,-28.5,18.19090909090909,jacksma01-1991
quinnbr01,18,2.8,199104190IND-NYK,199104190IND-IND,NYK-1991,0,1991,50.4,18.19090909090909,quinnbr01-1991
walkeke01,15,-3.7,199104190IND-NYK,199104190IND-IND,NYK-1991,0,1991,-55.5,18.19090909090909,walkeke01-1991
wilkied01,6,-2.2,199104190IND-NYK,199104190IND-IND,NYK-1991,0,1991,-13.200000000000001,18.19090909090909,wilkied01-1991
grantgr01,1,-0.2,199104190IND-NYK,199104190IND-IND,NYK-1991,0,1991,-0.2,18.19090909090909,grantgr01-1991
millere01,29,7.8,199104200MIL-IND,199104200MIL-MIL,IND-1991,0,1991,226.2,-11.841666666666667,millere01-1991
persoch01,29,1.8,199104200MIL-IND,199104200MIL-MIL,IND-1991,0,1991,52.2,-11.841666666666667,persoch01-1991
flemive01,26,-9.5,199104200MIL-IND,199104200MIL-MIL,IND-1991,0,1991,-247,-11.841666666666667,flemive01-1991
schrede01,26,5,199104200MIL-IND,199104200MIL-MIL,IND-1991,0,1991,130,-11.841666666666667,schrede01-1991
smitsri01,24,-4.8,199104200MIL-IND,199104200MIL-MIL,IND-1991,0,1991,-115.19999999999999,-11.841666666666667,smitsri01-1991
sandemi01,19,-0.7,199104200MIL-IND,199104200MIL-MIL,IND-1991,0,1991,-13.299999999999999,-11.841666666666667,sandemi01-1991
dreilgr01,17,-1.6,199104200MIL-IND,199104200MIL-MIL,IND-1991,0,1991,-27.200000000000003,-11.841666666666667,dreilgr01-1991
mccloge01,17,-5.2,199104200MIL-IND,199104200MIL-MIL,IND-1991,0,1991,-88.4,-11.841666666666667,mccloge01-1991
willimi02,16,-3.3,199104200MIL-IND,199104200MIL-MIL,IND-1991,0,1991,-52.8,-11.841666666666667,willimi02-1991
willike03,16,1.2,199104200MIL-IND,199104200MIL-MIL,IND-1991,0,1991,19.2,-11.841666666666667,willike03-1991
thompla01,13,-3.4,199104200MIL-IND,199104200MIL-MIL,IND-1991,0,1991,-44.199999999999996,-11.841666666666667,thompla01-1991
wittmra01,8,2.3,199104200MIL-IND,199104200MIL-MIL,IND-1991,0,1991,18.4,-11.841666666666667,wittmra01-1991
