player,min,VORP,id,opp_id,season_id,win,year,adj_VORP,avg_VORP,link
shortpu01,39,-6.2,198410260GSW-GSW,198410260GSW-PHO,GSW-1985,0,1985,-241.8,-4.341666666666669,shortpu01-1985
floydsl01,33,3.3,198410260GSW-GSW,198410260GSW-PHO,GSW-1985,0,1985,108.89999999999999,-4.341666666666669,floydsl01-1985
whiteje01,29,0.6,198410260GSW-GSW,198410260GSW-PHO,GSW-1985,0,1985,17.4,-4.341666666666669,whiteje01-1985
smithla01,25,-1,198410260GSW-GSW,198410260GSW-PHO,GSW-1985,0,1985,-25,-4.341666666666669,smithla01-1985
johnsmi01,25,-3.3,198410260GSW-GSW,198410260GSW-PHO,GSW-1985,0,1985,-82.5,-4.341666666666669,johnsmi01-1985
bratzmi01,24,4.1,198410260GSW-GSW,198410260GSW-PHO,GSW-1985,0,1985,98.39999999999999,-4.341666666666669,bratzmi01-1985
wilsoot01,19,3.2,198410260GSW-GSW,198410260GSW-PHO,GSW-1985,0,1985,60.800000000000004,-4.341666666666669,wilsoot01-1985
burttst01,15,0.7,198410260GSW-GSW,198410260GSW-PHO,GSW-1985,0,1985,10.5,-4.341666666666669,burttst01-1985
aleksch01,13,0.9,198410260GSW-GSW,198410260GSW-PHO,GSW-1985,0,1985,11.700000000000001,-4.341666666666669,aleksch01-1985
thibepe01,7,-0.4,198410260GSW-GSW,198410260GSW-PHO,GSW-1985,0,1985,-2.8000000000000003,-4.341666666666669,thibepe01-1985
plummga01,6,0.8,198410260GSW-GSW,198410260GSW-PHO,GSW-1985,0,1985,4.800000000000001,-4.341666666666669,plummga01-1985
connele01,5,-2.5,198410260GSW-GSW,198410260GSW-PHO,GSW-1985,0,1985,-12.5,-4.341666666666669,connele01-1985
nattca01,40,0.3,198410270DEN-DEN,198410270DEN-GSW,DEN-1985,1,1985,12,31.58888888888889,nattca01-1985
englial01,37,-1.2,198410270DEN-DEN,198410270DEN-GSW,DEN-1985,1,1985,-44.4,31.58888888888889,englial01-1985
leverfa01,36,-1.3,198410270DEN-DEN,198410270DEN-GSW,DEN-1985,1,1985,-46.800000000000004,31.58888888888889,leverfa01-1985
dunntr01,33,5.1,198410270DEN-DEN,198410270DEN-GSW,DEN-1985,1,1985,168.29999999999998,31.58888888888889,dunntr01-1985
coopewa01,25,2,198410270DEN-DEN,198410270DEN-GSW,DEN-1985,1,1985,50,31.58888888888889,coopewa01-1985
isselda01,23,9.8,198410270DEN-DEN,198410270DEN-GSW,DEN-1985,1,1985,225.4,31.58888888888889,isselda01-1985
hanzlbi01,19,0.2,198410270DEN-DEN,198410270DEN-GSW,DEN-1985,1,1985,3.8000000000000003,31.58888888888889,hanzlbi01-1985
turneel01,15,-5.2,198410270DEN-DEN,198410270DEN-GSW,DEN-1985,1,1985,-78,31.58888888888889,turneel01-1985
evansmi01,12,-0.5,198410270DEN-DEN,198410270DEN-GSW,DEN-1985,1,1985,-6,31.58888888888889,evansmi01-1985
scottby01,38,4.4,198410300LAL-LAL,198410300LAL-GSW,LAL-1985,1,1985,167.20000000000002,50.141666666666666,scottby01-1985
johnsma02,29,7.2,198410300LAL-LAL,198410300LAL-GSW,LAL-1985,1,1985,208.8,50.141666666666666,johnsma02-1985
abdulka01,28,3.4,198410300LAL-LAL,198410300LAL-GSW,LAL-1985,1,1985,95.2,50.141666666666666,abdulka01-1985
mcgeemi01,24,1.9,198410300LAL-LAL,198410300LAL-GSW,LAL-1985,1,1985,45.599999999999994,50.141666666666666,mcgeemi01-1985
worthja01,22,-1.2,198410300LAL-LAL,198410300LAL-GSW,LAL-1985,1,1985,-26.4,50.141666666666666,worthja01-1985
wilkeja01,21,-1.7,198410300LAL-LAL,198410300LAL-GSW,LAL-1985,1,1985,-35.699999999999996,50.141666666666666,wilkeja01-1985
rambiku01,18,-1.1,198410300LAL-LAL,198410300LAL-GSW,LAL-1985,1,1985,-19.8,50.141666666666666,rambiku01-1985
mcadobo01,15,3.4,198410300LAL-LAL,198410300LAL-GSW,LAL-1985,1,1985,51,50.141666666666666,mcadobo01-1985
kupchmi01,14,5.3,198410300LAL-LAL,198410300LAL-GSW,LAL-1985,1,1985,74.2,50.141666666666666,kupchmi01-1985
coopemi01,12,2.4,198410300LAL-LAL,198410300LAL-GSW,LAL-1985,1,1985,28.799999999999997,50.141666666666666,coopemi01-1985
sprigla01,12,0.6,198410300LAL-LAL,198410300LAL-GSW,LAL-1985,1,1985,7.199999999999999,50.141666666666666,sprigla01-1985
nevitch01,7,0.8,198410300LAL-LAL,198410300LAL-GSW,LAL-1985,1,1985,5.6000000000000005,50.141666666666666,nevitch01-1985
floydsl01,38,1.9,198411010GSW-GSW,198411010GSW-SAS,GSW-1985,0,1985,72.2,-6.800000000000002,floydsl01-1985
whiteje01,37,-0.2,198411010GSW-GSW,198411010GSW-SAS,GSW-1985,0,1985,-7.4,-6.800000000000002,whiteje01-1985
smithla01,36,-5.2,198411010GSW-GSW,198411010GSW-SAS,GSW-1985,0,1985,-187.20000000000002,-6.800000000000002,smithla01-1985
shortpu01,35,-0.6,198411010GSW-GSW,198411010GSW-SAS,GSW-1985,0,1985,-21,-6.800000000000002,shortpu01-1985
johnsmi01,34,1.9,198411010GSW-GSW,198411010GSW-SAS,GSW-1985,0,1985,64.6,-6.800000000000002,johnsmi01-1985
bratzmi01,15,0.1,198411010GSW-GSW,198411010GSW-SAS,GSW-1985,0,1985,1.5,-6.800000000000002,bratzmi01-1985
plummga01,14,-1.2,198411010GSW-GSW,198411010GSW-SAS,GSW-1985,0,1985,-16.8,-6.800000000000002,plummga01-1985
aleksch01,11,1.3,198411010GSW-GSW,198411010GSW-SAS,GSW-1985,0,1985,14.3,-6.800000000000002,aleksch01-1985
connele01,11,0.5,198411010GSW-GSW,198411010GSW-SAS,GSW-1985,0,1985,5.5,-6.800000000000002,connele01-1985
thibepe01,5,-1,198411010GSW-GSW,198411010GSW-SAS,GSW-1985,0,1985,-5,-6.800000000000002,thibepe01-1985
wilsoot01,3,-1.4,198411010GSW-GSW,198411010GSW-SAS,GSW-1985,0,1985,-4.199999999999999,-6.800000000000002,wilsoot01-1985
burttst01,1,1.9,198411010GSW-GSW,198411010GSW-SAS,GSW-1985,0,1985,1.9,-6.800000000000002,burttst01-1985
shortpu01,40,-3.6,198411030GSW-GSW,198411030GSW-UTA,GSW-1985,1,1985,-144,19.654545454545453,shortpu01-1985
whiteje01,34,8.5,198411030GSW-GSW,198411030GSW-UTA,GSW-1985,1,1985,289,19.654545454545453,whiteje01-1985
floydsl01,32,-3.2,198411030GSW-GSW,198411030GSW-UTA,GSW-1985,1,1985,-102.4,19.654545454545453,floydsl01-1985
connele01,29,4.6,198411030GSW-GSW,198411030GSW-UTA,GSW-1985,1,1985,133.39999999999998,19.654545454545453,connele01-1985
smithla01,28,1.8,198411030GSW-GSW,198411030GSW-UTA,GSW-1985,1,1985,50.4,19.654545454545453,smithla01-1985
bratzmi01,20,-1.4,198411030GSW-GSW,198411030GSW-UTA,GSW-1985,1,1985,-28,19.654545454545453,bratzmi01-1985
johnsmi01,20,-0.3,198411030GSW-GSW,198411030GSW-UTA,GSW-1985,1,1985,-6,19.654545454545453,johnsmi01-1985
aleksch01,14,-0.2,198411030GSW-GSW,198411030GSW-UTA,GSW-1985,1,1985,-2.8000000000000003,19.654545454545453,aleksch01-1985
wilsoot01,13,1.8,198411030GSW-GSW,198411030GSW-UTA,GSW-1985,1,1985,23.400000000000002,19.654545454545453,wilsoot01-1985
thibepe01,8,0.2,198411030GSW-GSW,198411030GSW-UTA,GSW-1985,1,1985,1.6,19.654545454545453,thibepe01-1985
burttst01,2,0.8,198411030GSW-GSW,198411030GSW-UTA,GSW-1985,1,1985,1.6,19.654545454545453,burttst01-1985
shortpu01,33,6,198411080GSW-GSW,198411080GSW-LAL,GSW-1985,1,1985,198,55.38,shortpu01-1985
floydsl01,32,2.6,198411080GSW-GSW,198411080GSW-LAL,GSW-1985,1,1985,83.2,55.38,floydsl01-1985
connele01,29,1.8,198411080GSW-GSW,198411080GSW-LAL,GSW-1985,1,1985,52.2,55.38,connele01-1985
whiteje01,29,1.1,198411080GSW-GSW,198411080GSW-LAL,GSW-1985,1,1985,31.900000000000002,55.38,whiteje01-1985
smithla01,28,7.4,198411080GSW-GSW,198411080GSW-LAL,GSW-1985,1,1985,207.20000000000002,55.38,smithla01-1985
johnsmi01,22,-1.3,198411080GSW-GSW,198411080GSW-LAL,GSW-1985,1,1985,-28.6,55.38,johnsmi01-1985
wilsoot01,19,-3.5,198411080GSW-GSW,198411080GSW-LAL,GSW-1985,1,1985,-66.5,55.38,wilsoot01-1985
aleksch01,17,-0.2,198411080GSW-GSW,198411080GSW-LAL,GSW-1985,1,1985,-3.4000000000000004,55.38,aleksch01-1985
bratzmi01,16,3.2,198411080GSW-GSW,198411080GSW-LAL,GSW-1985,1,1985,51.2,55.38,bratzmi01-1985
plummga01,13,2.2,198411080GSW-GSW,198411080GSW-LAL,GSW-1985,1,1985,28.6,55.38,plummga01-1985
griffda01,45,-4.1,198411090UTA-UTA,198411090UTA-GSW,UTA-1985,1,1985,-184.49999999999997,32.04545454545455,griffda01-1985
greenri01,39,3.6,198411090UTA-UTA,198411090UTA-GSW,UTA-1985,1,1985,140.4,32.04545454545455,greenri01-1985
dantlad01,35,6.3,198411090UTA-UTA,198411090UTA-GSW,UTA-1985,1,1985,220.5,32.04545454545455,dantlad01-1985
baileth01,32,-0.3,198411090UTA-UTA,198411090UTA-GSW,UTA-1985,1,1985,-9.6,32.04545454545455,baileth01-1985
wilkije01,32,5.4,198411090UTA-UTA,198411090UTA-GSW,UTA-1985,1,1985,172.8,32.04545454545455,wilkije01-1985
eatonma01,31,0.1,198411090UTA-UTA,198411090UTA-GSW,UTA-1985,1,1985,3.1,32.04545454545455,eatonma01-1985
drewjo01,22,1.3,198411090UTA-UTA,198411090UTA-GSW,UTA-1985,1,1985,28.6,32.04545454545455,drewjo01-1985
stockjo01,15,1,198411090UTA-UTA,198411090UTA-GSW,UTA-1985,1,1985,15,32.04545454545455,stockjo01-1985
kelleri01,11,-3,198411090UTA-UTA,198411090UTA-GSW,UTA-1985,1,1985,-33,32.04545454545455,kelleri01-1985
hansebo01,2,-0.4,198411090UTA-UTA,198411090UTA-GSW,UTA-1985,1,1985,-0.8,32.04545454545455,hansebo01-1985
paultbi01,1,0,198411090UTA-UTA,198411090UTA-GSW,UTA-1985,1,1985,0,32.04545454545455,paultbi01-1985
valenda01,39,1.1,198411110POR-POR,198411110POR-GSW,POR-1985,1,1985,42.900000000000006,44.489999999999995,valenda01-1985
paxsoji02,38,7.8,198411110POR-POR,198411110POR-GSW,POR-1985,1,1985,296.4,44.489999999999995,paxsoji02-1985
thompmy01,34,-0.1,198411110POR-POR,198411110POR-GSW,POR-1985,1,1985,-3.4000000000000004,44.489999999999995,thompmy01-1985
bowiesa01,30,6.2,198411110POR-POR,198411110POR-GSW,POR-1985,1,1985,186,44.489999999999995,bowiesa01-1985
vandeki01,29,-2.1,198411110POR-POR,198411110POR-GSW,POR-1985,1,1985,-60.900000000000006,44.489999999999995,vandeki01-1985
kerseje01,23,-3,198411110POR-POR,198411110POR-GSW,POR-1985,1,1985,-69,44.489999999999995,kerseje01-1985
drexlcl01,22,1.2,198411110POR-POR,198411110POR-GSW,POR-1985,1,1985,26.4,44.489999999999995,drexlcl01-1985
norriau01,12,1,198411110POR-POR,198411110POR-GSW,POR-1985,1,1985,12,44.489999999999995,norriau01-1985
thompbe01,7,1.9,198411110POR-POR,198411110POR-GSW,POR-1985,1,1985,13.299999999999999,44.489999999999995,thompbe01-1985
coltest01,6,0.2,198411110POR-POR,198411110POR-GSW,POR-1985,1,1985,1.2000000000000002,44.489999999999995,coltest01-1985
chambto01,42,2.8,198411130SEA-SEA,198411130SEA-GSW,SEA-1985,1,1985,117.6,52.23636363636364,chambto01-1985
hendege01,40,4.3,198411130SEA-SEA,198411130SEA-GSW,SEA-1985,1,1985,172,52.23636363636364,hendege01-1985
vraneda01,39,5.9,198411130SEA-SEA,198411130SEA-GSW,SEA-1985,1,1985,230.10000000000002,52.23636363636364,vraneda01-1985
sikmaja01,36,3.1,198411130SEA-SEA,198411130SEA-GSW,SEA-1985,1,1985,111.60000000000001,52.23636363636364,sikmaja01-1985
soberri01,30,0.3,198411130SEA-SEA,198411130SEA-GSW,SEA-1985,1,1985,9,52.23636363636364,soberri01-1985
woodal01,20,-2.2,198411130SEA-SEA,198411130SEA-GSW,SEA-1985,1,1985,-44,52.23636363636364,woodal01-1985
brickfr01,14,2.3,198411130SEA-SEA,198411130SEA-GSW,SEA-1985,1,1985,32.199999999999996,52.23636363636364,brickfr01-1985
sundvjo01,8,-2.8,198411130SEA-SEA,198411130SEA-GSW,SEA-1985,1,1985,-22.4,52.23636363636364,sundvjo01-1985
mccorti01,6,-3.3,198411130SEA-SEA,198411130SEA-GSW,SEA-1985,1,1985,-19.799999999999997,52.23636363636364,mccorti01-1985
kingre01,4,-2.9,198411130SEA-SEA,198411130SEA-GSW,SEA-1985,1,1985,-11.6,52.23636363636364,kingre01-1985
blackco01,1,-0.1,198411130SEA-SEA,198411130SEA-GSW,SEA-1985,1,1985,-0.1,52.23636363636364,blackco01-1985
floydsl01,41,-0.8,198411150GSW-GSW,198411150GSW-DAL,GSW-1985,1,1985,-32.800000000000004,20.599999999999998,floydsl01-1985
smithla01,40,-7.5,198411150GSW-GSW,198411150GSW-DAL,GSW-1985,1,1985,-300,20.599999999999998,smithla01-1985
aleksch01,39,3.4,198411150GSW-GSW,198411150GSW-DAL,GSW-1985,1,1985,132.6,20.599999999999998,aleksch01-1985
shortpu01,39,7.3,198411150GSW-GSW,198411150GSW-DAL,GSW-1985,1,1985,284.7,20.599999999999998,shortpu01-1985
connele01,26,-0.1,198411150GSW-GSW,198411150GSW-DAL,GSW-1985,1,1985,-2.6,20.599999999999998,connele01-1985
wilsoot01,22,0.8,198411150GSW-GSW,198411150GSW-DAL,GSW-1985,1,1985,17.6,20.599999999999998,wilsoot01-1985
plummga01,13,4.9,198411150GSW-GSW,198411150GSW-DAL,GSW-1985,1,1985,63.7,20.599999999999998,plummga01-1985
thibepe01,13,1.6,198411150GSW-GSW,198411150GSW-DAL,GSW-1985,1,1985,20.8,20.599999999999998,thibepe01-1985
bratzmi01,7,0.2,198411150GSW-GSW,198411150GSW-DAL,GSW-1985,1,1985,1.4000000000000001,20.599999999999998,bratzmi01-1985
shortpu01,40,16.6,198411170GSW-GSW,198411170GSW-NJN,GSW-1985,0,1985,664,22.291666666666668,shortpu01-1985
whiteje01,35,-3.7,198411170GSW-GSW,198411170GSW-NJN,GSW-1985,0,1985,-129.5,22.291666666666668,whiteje01-1985
floydsl01,27,-3.9,198411170GSW-GSW,198411170GSW-NJN,GSW-1985,0,1985,-105.3,22.291666666666668,floydsl01-1985
connele01,26,-1.6,198411170GSW-GSW,198411170GSW-NJN,GSW-1985,0,1985,-41.6,22.291666666666668,connele01-1985
smithla01,26,-0.6,198411170GSW-GSW,198411170GSW-NJN,GSW-1985,0,1985,-15.6,22.291666666666668,smithla01-1985
bratzmi01,21,0.5,198411170GSW-GSW,198411170GSW-NJN,GSW-1985,0,1985,10.5,22.291666666666668,bratzmi01-1985
johnsmi01,21,-3.8,198411170GSW-GSW,198411170GSW-NJN,GSW-1985,0,1985,-79.8,22.291666666666668,johnsmi01-1985
wilsoot01,21,2.4,198411170GSW-GSW,198411170GSW-NJN,GSW-1985,0,1985,50.4,22.291666666666668,wilsoot01-1985
aleksch01,13,-4.8,198411170GSW-GSW,198411170GSW-NJN,GSW-1985,0,1985,-62.4,22.291666666666668,aleksch01-1985
plummga01,8,-2.8,198411170GSW-GSW,198411170GSW-NJN,GSW-1985,0,1985,-22.4,22.291666666666668,plummga01-1985
burttst01,1,-0.9,198411170GSW-GSW,198411170GSW-NJN,GSW-1985,0,1985,-0.9,22.291666666666668,burttst01-1985
thibepe01,1,0.1,198411170GSW-GSW,198411170GSW-NJN,GSW-1985,0,1985,0.1,22.291666666666668,thibepe01-1985
walkeda01,41,2.1,198411200NYK-NYK,198411200NYK-GSW,NYK-1985,1,1985,86.10000000000001,40.35,walkeda01-1985
cartebu01,37,3.6,198411200NYK-NYK,198411200NYK-GSW,NYK-1985,1,1985,133.20000000000002,40.35,cartebu01-1985
cummipa01,37,4.6,198411200NYK-NYK,198411200NYK-GSW,NYK-1985,1,1985,170.2,40.35,cummipa01-1985
kingbe01,34,2.9,198411200NYK-NYK,198411200NYK-GSW,NYK-1985,1,1985,98.6,40.35,kingbe01-1985
orrlo01,30,2.3,198411200NYK-NYK,198411200NYK-GSW,NYK-1985,1,1985,69,40.35,orrlo01-1985
baileja01,22,-1.3,198411200NYK-NYK,198411200NYK-GSW,NYK-1985,1,1985,-28.6,40.35,baileja01-1985
bannike01,16,-4.4,198411200NYK-NYK,198411200NYK-GSW,NYK-1985,1,1985,-70.4,40.35,bannike01-1985
sparrro01,12,-5.5,198411200NYK-NYK,198411200NYK-GSW,NYK-1985,1,1985,-66,40.35,sparrro01-1985
grunfer01,6,1.4,198411200NYK-NYK,198411200NYK-GSW,NYK-1985,1,1985,8.399999999999999,40.35,grunfer01-1985
cavenro01,5,0.6,198411200NYK-NYK,198411200NYK-GSW,NYK-1985,1,1985,3,40.35,cavenro01-1985
johnsde01,29,4.1,198411210BOS-BOS,198411210BOS-GSW,BOS-1985,1,1985,118.89999999999999,56.56666666666667,johnsde01-1985
maxwece01,27,1.6,198411210BOS-BOS,198411210BOS-GSW,BOS-1985,1,1985,43.2,56.56666666666667,maxwece01-1985
birdla01,25,7.8,198411210BOS-BOS,198411210BOS-GSW,BOS-1985,1,1985,195,56.56666666666667,birdla01-1985
aingeda01,24,2,198411210BOS-BOS,198411210BOS-GSW,BOS-1985,1,1985,48,56.56666666666667,aingeda01-1985
parisro01,24,5.9,198411210BOS-BOS,198411210BOS-GSW,BOS-1985,1,1985,141.60000000000002,56.56666666666667,parisro01-1985
mchalke01,23,0.8,198411210BOS-BOS,198411210BOS-GSW,BOS-1985,1,1985,18.400000000000002,56.56666666666667,mchalke01-1985
wedmasc01,23,1.7,198411210BOS-BOS,198411210BOS-GSW,BOS-1985,1,1985,39.1,56.56666666666667,wedmasc01-1985
carrml01,16,2.6,198411210BOS-BOS,198411210BOS-GSW,BOS-1985,1,1985,41.6,56.56666666666667,carrml01-1985
clarkca01,15,0.8,198411210BOS-BOS,198411210BOS-GSW,BOS-1985,1,1985,12,56.56666666666667,clarkca01-1985
bucknqu01,14,-1,198411210BOS-BOS,198411210BOS-GSW,BOS-1985,1,1985,-14,56.56666666666667,bucknqu01-1985
carliri01,10,5.7,198411210BOS-BOS,198411210BOS-GSW,BOS-1985,1,1985,57,56.56666666666667,carliri01-1985
kitegr01,10,-2.2,198411210BOS-BOS,198411210BOS-GSW,BOS-1985,1,1985,-22,56.56666666666667,kitegr01-1985
hinsoro01,38,-3.5,198411230CLE-CLE,198411230CLE-GSW,CLE-1985,0,1985,-133,15.550000000000002,hinsoro01-1985
turpime01,36,7.9,198411230CLE-CLE,198411230CLE-GSW,CLE-1985,0,1985,284.40000000000003,15.550000000000002,turpime01-1985
hubbaph01,32,-6.9,198411230CLE-CLE,198411230CLE-GSW,CLE-1985,0,1985,-220.8,15.550000000000002,hubbaph01-1985
davisjo01,31,9.5,198411230CLE-CLE,198411230CLE-GSW,CLE-1985,0,1985,294.5,15.550000000000002,davisjo01-1985
baglejo01,24,-2.1,198411230CLE-CLE,198411230CLE-GSW,CLE-1985,0,1985,-50.400000000000006,15.550000000000002,baglejo01-1985
wilsomi01,21,-0.1,198411230CLE-CLE,198411230CLE-GSW,CLE-1985,0,1985,-2.1,15.550000000000002,wilsomi01-1985
hustoge01,20,-0.2,198411230CLE-CLE,198411230CLE-GSW,CLE-1985,0,1985,-4,15.550000000000002,hustoge01-1985
thomppa01,16,-0.2,198411230CLE-CLE,198411230CLE-GSW,CLE-1985,0,1985,-3.2,15.550000000000002,thomppa01-1985
poquebe01,13,0,198411230CLE-CLE,198411230CLE-GSW,CLE-1985,0,1985,0,15.550000000000002,poquebe01-1985
westma01,9,-1.1,198411230CLE-CLE,198411230CLE-GSW,CLE-1985,0,1985,-9.9,15.550000000000002,westma01-1985
dunlemi01,34,3.6,198411240MIL-MIL,198411240MIL-GSW,MIL-1985,1,1985,122.4,44.52,dunlemi01-1985
greveke01,32,-1.3,198411240MIL-MIL,198411240MIL-GSW,MIL-1985,1,1985,-41.6,44.52,greveke01-1985
presspa01,32,7.8,198411240MIL-MIL,198411240MIL-GSW,MIL-1985,1,1985,249.6,44.52,presspa01-1985
cummite01,31,5.7,198411240MIL-MIL,198411240MIL-GSW,MIL-1985,1,1985,176.70000000000002,44.52,cummite01-1985
listeal01,21,2.1,198411240MIL-MIL,198411240MIL-GSW,MIL-1985,1,1985,44.1,44.52,listeal01-1985
davisch02,21,2.8,198411240MIL-MIL,198411240MIL-GSW,MIL-1985,1,1985,58.8,44.52,davisch02-1985
fieldke01,20,0.8,198411240MIL-MIL,198411240MIL-GSW,MIL-1985,1,1985,16,44.52,fieldke01-1985
breuera01,19,-2.2,198411240MIL-MIL,198411240MIL-GSW,MIL-1985,1,1985,-41.800000000000004,44.52,breuera01-1985
mokespa01,16,-5.8,198411240MIL-MIL,198411240MIL-GSW,MIL-1985,1,1985,-92.8,44.52,mokespa01-1985
hodgecr01,14,-3.3,198411240MIL-MIL,198411240MIL-GSW,MIL-1985,1,1985,-46.199999999999996,44.52,hodgecr01-1985
floydsl01,40,4.1,198411270GSW-GSW,198411270GSW-CHI,GSW-1985,1,1985,164,31.87,floydsl01-1985
shortpu01,38,0.4,198411270GSW-GSW,198411270GSW-CHI,GSW-1985,1,1985,15.200000000000001,31.87,shortpu01-1985
smithla01,38,2.3,198411270GSW-GSW,198411270GSW-CHI,GSW-1985,1,1985,87.39999999999999,31.87,smithla01-1985
whiteje01,34,-0.3,198411270GSW-GSW,198411270GSW-CHI,GSW-1985,1,1985,-10.2,31.87,whiteje01-1985
connele01,29,1.3,198411270GSW-GSW,198411270GSW-CHI,GSW-1985,1,1985,37.7,31.87,connele01-1985
johnsmi01,16,2.7,198411270GSW-GSW,198411270GSW-CHI,GSW-1985,1,1985,43.2,31.87,johnsmi01-1985
aleksch01,14,-0.7,198411270GSW-GSW,198411270GSW-CHI,GSW-1985,1,1985,-9.799999999999999,31.87,aleksch01-1985
bratzmi01,14,1.2,198411270GSW-GSW,198411270GSW-CHI,GSW-1985,1,1985,16.8,31.87,bratzmi01-1985
wilsoot01,13,-2,198411270GSW-GSW,198411270GSW-CHI,GSW-1985,1,1985,-26,31.87,wilsoot01-1985
plummga01,4,0.1,198411270GSW-GSW,198411270GSW-CHI,GSW-1985,1,1985,0.4,31.87,plummga01-1985
shortpu01,42,2.6,198411290GSW-GSW,198411290GSW-KCK,GSW-1985,1,1985,109.2,36.03,shortpu01-1985
floydsl01,36,1.2,198411290GSW-GSW,198411290GSW-KCK,GSW-1985,1,1985,43.199999999999996,36.03,floydsl01-1985
connele01,35,5.5,198411290GSW-GSW,198411290GSW-KCK,GSW-1985,1,1985,192.5,36.03,connele01-1985
whiteje01,33,0.6,198411290GSW-GSW,198411290GSW-KCK,GSW-1985,1,1985,19.8,36.03,whiteje01-1985
smithla01,29,3,198411290GSW-GSW,198411290GSW-KCK,GSW-1985,1,1985,87,36.03,smithla01-1985
johnsmi01,20,-3.3,198411290GSW-GSW,198411290GSW-KCK,GSW-1985,1,1985,-66,36.03,johnsmi01-1985
aleksch01,15,0,198411290GSW-GSW,198411290GSW-KCK,GSW-1985,1,1985,0,36.03,aleksch01-1985
wilsoot01,13,-1.6,198411290GSW-GSW,198411290GSW-KCK,GSW-1985,1,1985,-20.8,36.03,wilsoot01-1985
bratzmi01,12,-0.3,198411290GSW-GSW,198411290GSW-KCK,GSW-1985,1,1985,-3.5999999999999996,36.03,bratzmi01-1985
plummga01,5,-0.2,198411290GSW-GSW,198411290GSW-KCK,GSW-1985,1,1985,-1,36.03,plummga01-1985
holtomi01,35,-2.7,198412010PHO-PHO,198412010PHO-GSW,PHO-1985,1,1985,-94.5,29.24,holtomi01-1985
humphja01,32,1.7,198412010PHO-PHO,198412010PHO-GSW,PHO-1985,1,1985,54.4,29.24,humphja01-1985
nancela01,32,3.9,198412010PHO-PHO,198412010PHO-GSW,PHO-1985,1,1985,124.8,29.24,nancela01-1985
edwarja01,30,3,198412010PHO-PHO,198412010PHO-GSW,PHO-1985,1,1985,90,29.24,edwarja01-1985
fostero01,29,1.3,198412010PHO-PHO,198412010PHO-GSW,PHO-1985,1,1985,37.7,29.24,fostero01-1985
adamsal01,24,3.8,198412010PHO-PHO,198412010PHO-GSW,PHO-1985,1,1985,91.19999999999999,29.24,adamsal01-1985
lucasma01,22,-0.6,198412010PHO-PHO,198412010PHO-GSW,PHO-1985,1,1985,-13.2,29.24,lucasma01-1985
jonesch02,18,-1,198412010PHO-PHO,198412010PHO-GSW,PHO-1985,1,1985,-18,29.24,jonesch02-1985
scottal01,14,1,198412010PHO-PHO,198412010PHO-GSW,PHO-1985,1,1985,14,29.24,scottal01-1985
pittmch01,4,1.5,198412010PHO-PHO,198412010PHO-GSW,PHO-1985,1,1985,6,29.24,pittmch01-1985
whiteje01,38,2.9,198412040GSW-GSW,198412040GSW-UTA,GSW-1985,0,1985,110.2,17.38181818181818,whiteje01-1985
shortpu01,36,-4,198412040GSW-GSW,198412040GSW-UTA,GSW-1985,0,1985,-144,17.38181818181818,shortpu01-1985
smithla01,34,1.2,198412040GSW-GSW,198412040GSW-UTA,GSW-1985,0,1985,40.8,17.38181818181818,smithla01-1985
connele01,33,4.6,198412040GSW-GSW,198412040GSW-UTA,GSW-1985,0,1985,151.79999999999998,17.38181818181818,connele01-1985
floydsl01,30,-0.6,198412040GSW-GSW,198412040GSW-UTA,GSW-1985,0,1985,-18,17.38181818181818,floydsl01-1985
johnsmi01,16,6.4,198412040GSW-GSW,198412040GSW-UTA,GSW-1985,0,1985,102.4,17.38181818181818,johnsmi01-1985
wilsoot01,12,-1.5,198412040GSW-GSW,198412040GSW-UTA,GSW-1985,0,1985,-18,17.38181818181818,wilsoot01-1985
burttst01,11,-1,198412040GSW-GSW,198412040GSW-UTA,GSW-1985,0,1985,-11,17.38181818181818,burttst01-1985
aleksch01,10,-2.8,198412040GSW-GSW,198412040GSW-UTA,GSW-1985,0,1985,-28,17.38181818181818,aleksch01-1985
bratzmi01,10,-3.3,198412040GSW-GSW,198412040GSW-UTA,GSW-1985,0,1985,-33,17.38181818181818,bratzmi01-1985
thibepe01,10,3.8,198412040GSW-GSW,198412040GSW-UTA,GSW-1985,0,1985,38,17.38181818181818,thibepe01-1985
shortpu01,44,-0.8,198412060GSW-GSW,198412060GSW-HOU,GSW-1985,1,1985,-35.2,46.94,shortpu01-1985
floydsl01,40,5.1,198412060GSW-GSW,198412060GSW-HOU,GSW-1985,1,1985,204,46.94,floydsl01-1985
whiteje01,34,7.3,198412060GSW-GSW,198412060GSW-HOU,GSW-1985,1,1985,248.2,46.94,whiteje01-1985
smithla01,32,-0.1,198412060GSW-GSW,198412060GSW-HOU,GSW-1985,1,1985,-3.2,46.94,smithla01-1985
connele01,31,2.3,198412060GSW-GSW,198412060GSW-HOU,GSW-1985,1,1985,71.3,46.94,connele01-1985
johnsmi01,20,2.1,198412060GSW-GSW,198412060GSW-HOU,GSW-1985,1,1985,42,46.94,johnsmi01-1985
wilsoot01,17,-0.3,198412060GSW-GSW,198412060GSW-HOU,GSW-1985,1,1985,-5.1,46.94,wilsoot01-1985
aleksch01,14,-2.9,198412060GSW-GSW,198412060GSW-HOU,GSW-1985,1,1985,-40.6,46.94,aleksch01-1985
bratzmi01,4,-1.4,198412060GSW-GSW,198412060GSW-HOU,GSW-1985,1,1985,-5.6,46.94,bratzmi01-1985
burttst01,4,-1.6,198412060GSW-GSW,198412060GSW-HOU,GSW-1985,1,1985,-6.4,46.94,burttst01-1985
shortpu01,42,12.5,198412080GSW-GSW,198412080GSW-PHO,GSW-1985,0,1985,525,34.419999999999995,shortpu01-1985
whiteje01,37,-0.2,198412080GSW-GSW,198412080GSW-PHO,GSW-1985,0,1985,-7.4,34.419999999999995,whiteje01-1985
smithla01,27,-5.2,198412080GSW-GSW,198412080GSW-PHO,GSW-1985,0,1985,-140.4,34.419999999999995,smithla01-1985
bratzmi01,26,0.6,198412080GSW-GSW,198412080GSW-PHO,GSW-1985,0,1985,15.6,34.419999999999995,bratzmi01-1985
connele01,25,-4.5,198412080GSW-GSW,198412080GSW-PHO,GSW-1985,0,1985,-112.5,34.419999999999995,connele01-1985
johnsmi01,24,7.1,198412080GSW-GSW,198412080GSW-PHO,GSW-1985,0,1985,170.39999999999998,34.419999999999995,johnsmi01-1985
wilsoot01,23,0.9,198412080GSW-GSW,198412080GSW-PHO,GSW-1985,0,1985,20.7,34.419999999999995,wilsoot01-1985
floydsl01,22,-4.4,198412080GSW-GSW,198412080GSW-PHO,GSW-1985,0,1985,-96.80000000000001,34.419999999999995,floydsl01-1985
aleksch01,11,-2.3,198412080GSW-GSW,198412080GSW-PHO,GSW-1985,0,1985,-25.299999999999997,34.419999999999995,aleksch01-1985
plummga01,3,-1.7,198412080GSW-GSW,198412080GSW-PHO,GSW-1985,0,1985,-5.1,34.419999999999995,plummga01-1985
shortpu01,41,7.9,198412110GSW-GSW,198412110GSW-LAC,GSW-1985,0,1985,323.90000000000003,12.744444444444447,shortpu01-1985
whiteje01,40,-4.1,198412110GSW-GSW,198412110GSW-LAC,GSW-1985,0,1985,-164,12.744444444444447,whiteje01-1985
floydsl01,36,6.5,198412110GSW-GSW,198412110GSW-LAC,GSW-1985,0,1985,234,12.744444444444447,floydsl01-1985
connele01,31,-2,198412110GSW-GSW,198412110GSW-LAC,GSW-1985,0,1985,-62,12.744444444444447,connele01-1985
smithla01,30,-3.2,198412110GSW-GSW,198412110GSW-LAC,GSW-1985,0,1985,-96,12.744444444444447,smithla01-1985
johnsmi01,25,-3.5,198412110GSW-GSW,198412110GSW-LAC,GSW-1985,0,1985,-87.5,12.744444444444447,johnsmi01-1985
wilsoot01,17,1.5,198412110GSW-GSW,198412110GSW-LAC,GSW-1985,0,1985,25.5,12.744444444444447,wilsoot01-1985
bratzmi01,12,-4.2,198412110GSW-GSW,198412110GSW-LAC,GSW-1985,0,1985,-50.400000000000006,12.744444444444447,bratzmi01-1985
aleksch01,8,-1.1,198412110GSW-GSW,198412110GSW-LAC,GSW-1985,0,1985,-8.8,12.744444444444447,aleksch01-1985
mcgeemi01,26,-3.4,198412120LAL-LAL,198412120LAL-GSW,LAL-1985,1,1985,-88.39999999999999,30.475,mcgeemi01-1985
johnsma02,24,4.9,198412120LAL-LAL,198412120LAL-GSW,LAL-1985,1,1985,117.60000000000001,30.475,johnsma02-1985
coopemi01,24,4.1,198412120LAL-LAL,198412120LAL-GSW,LAL-1985,1,1985,98.39999999999999,30.475,coopemi01-1985
sprigla01,22,1,198412120LAL-LAL,198412120LAL-GSW,LAL-1985,1,1985,22,30.475,sprigla01-1985
wilkeja01,22,-0.4,198412120LAL-LAL,198412120LAL-GSW,LAL-1985,1,1985,-8.8,30.475,wilkeja01-1985
abdulka01,21,2.8,198412120LAL-LAL,198412120LAL-GSW,LAL-1985,1,1985,58.8,30.475,abdulka01-1985
mcadobo01,21,2,198412120LAL-LAL,198412120LAL-GSW,LAL-1985,1,1985,42,30.475,mcadobo01-1985
scottby01,20,2,198412120LAL-LAL,198412120LAL-GSW,LAL-1985,1,1985,40,30.475,scottby01-1985
kupchmi01,18,0.6,198412120LAL-LAL,198412120LAL-GSW,LAL-1985,1,1985,10.799999999999999,30.475,kupchmi01-1985
rambiku01,15,1,198412120LAL-LAL,198412120LAL-GSW,LAL-1985,1,1985,15,30.475,rambiku01-1985
worthja01,14,3.7,198412120LAL-LAL,198412120LAL-GSW,LAL-1985,1,1985,51.800000000000004,30.475,worthja01-1985
lestero01,13,0.5,198412120LAL-LAL,198412120LAL-GSW,LAL-1985,1,1985,6.5,30.475,lestero01-1985
whiteje01,43,4.5,198412140GSW-GSW,198412140GSW-POR,GSW-1985,1,1985,193.5,87.01,whiteje01-1985
floydsl01,41,4.5,198412140GSW-GSW,198412140GSW-POR,GSW-1985,1,1985,184.5,87.01,floydsl01-1985
johnsmi01,38,0.2,198412140GSW-GSW,198412140GSW-POR,GSW-1985,1,1985,7.6000000000000005,87.01,johnsmi01-1985
smithla01,38,10.6,198412140GSW-GSW,198412140GSW-POR,GSW-1985,1,1985,402.8,87.01,smithla01-1985
connele01,32,5.2,198412140GSW-GSW,198412140GSW-POR,GSW-1985,1,1985,166.4,87.01,connele01-1985
wilsoot01,16,0.6,198412140GSW-GSW,198412140GSW-POR,GSW-1985,1,1985,9.6,87.01,wilsoot01-1985
thibepe01,12,-4.5,198412140GSW-GSW,198412140GSW-POR,GSW-1985,1,1985,-54,87.01,thibepe01-1985
plummga01,8,-2.3,198412140GSW-GSW,198412140GSW-POR,GSW-1985,1,1985,-18.4,87.01,plummga01-1985
bratzmi01,7,-1.7,198412140GSW-GSW,198412140GSW-POR,GSW-1985,1,1985,-11.9,87.01,bratzmi01-1985
aleksch01,5,-2,198412140GSW-GSW,198412140GSW-POR,GSW-1985,1,1985,-10,87.01,aleksch01-1985
smithde02,39,4.1,198412160LAC-LAC,198412160LAC-GSW,LAC-1985,1,1985,159.89999999999998,52.76363636363636,smithde02-1985
nixonno01,37,4.6,198412160LAC-LAC,198412160LAC-GSW,LAC-1985,1,1985,170.2,52.76363636363636,nixonno01-1985
bridgju01,36,3.5,198412160LAC-LAC,198412160LAC-GSW,LAC-1985,1,1985,126,52.76363636363636,bridgju01-1985
cagemi01,31,-0.4,198412160LAC-LAC,198412160LAC-GSW,LAC-1985,1,1985,-12.4,52.76363636363636,cagemi01-1985
waltobi01,26,0.4,198412160LAC-LAC,198412160LAC-GSW,LAC-1985,1,1985,10.4,52.76363636363636,waltobi01-1985
donalja01,25,6.3,198412160LAC-LAC,198412160LAC-GSW,LAC-1985,1,1985,157.5,52.76363636363636,donalja01-1985
warribr01,15,-2.7,198412160LAC-LAC,198412160LAC-GSW,LAC-1985,1,1985,-40.5,52.76363636363636,warribr01-1985
catchha01,11,-0.9,198412160LAC-LAC,198412160LAC-GSW,LAC-1985,1,1985,-9.9,52.76363636363636,catchha01-1985
whitero01,10,2.1,198412160LAC-LAC,198412160LAC-GSW,LAC-1985,1,1985,21,52.76363636363636,whitero01-1985
gordola01,8,0.5,198412160LAC-LAC,198412160LAC-GSW,LAC-1985,1,1985,4,52.76363636363636,gordola01-1985
murphja01,2,-2.9,198412160LAC-LAC,198412160LAC-GSW,LAC-1985,1,1985,-5.8,52.76363636363636,murphja01-1985
shortpu01,47,0.2,198412180GSW-GSW,198412180GSW-DEN,GSW-1985,0,1985,9.4,21.527272727272727,shortpu01-1985
whiteje01,44,0.4,198412180GSW-GSW,198412180GSW-DEN,GSW-1985,0,1985,17.6,21.527272727272727,whiteje01-1985
floydsl01,36,0.8,198412180GSW-GSW,198412180GSW-DEN,GSW-1985,0,1985,28.8,21.527272727272727,floydsl01-1985
connele01,35,0.4,198412180GSW-GSW,198412180GSW-DEN,GSW-1985,0,1985,14,21.527272727272727,connele01-1985
johnsmi01,27,1.9,198412180GSW-GSW,198412180GSW-DEN,GSW-1985,0,1985,51.3,21.527272727272727,johnsmi01-1985
smithla01,26,5.1,198412180GSW-GSW,198412180GSW-DEN,GSW-1985,0,1985,132.6,21.527272727272727,smithla01-1985
wilsoot01,17,0.7,198412180GSW-GSW,198412180GSW-DEN,GSW-1985,0,1985,11.899999999999999,21.527272727272727,wilsoot01-1985
burttst01,12,1.3,198412180GSW-GSW,198412180GSW-DEN,GSW-1985,0,1985,15.600000000000001,21.527272727272727,burttst01-1985
plummga01,10,-3.7,198412180GSW-GSW,198412180GSW-DEN,GSW-1985,0,1985,-37,21.527272727272727,plummga01-1985
bratzmi01,6,-0.9,198412180GSW-GSW,198412180GSW-DEN,GSW-1985,0,1985,-5.4,21.527272727272727,bratzmi01-1985
thibepe01,5,-0.4,198412180GSW-GSW,198412180GSW-DEN,GSW-1985,0,1985,-2,21.527272727272727,thibepe01-1985
shortpu01,46,6.7,198412210GSW-GSW,198412210GSW-SEA,GSW-1985,1,1985,308.2,63.62222222222223,shortpu01-1985
floydsl01,43,12.2,198412210GSW-GSW,198412210GSW-SEA,GSW-1985,1,1985,524.6,63.62222222222223,floydsl01-1985
smithla01,31,-1.9,198412210GSW-GSW,198412210GSW-SEA,GSW-1985,1,1985,-58.9,63.62222222222223,smithla01-1985
connele01,30,-0.2,198412210GSW-GSW,198412210GSW-SEA,GSW-1985,1,1985,-6,63.62222222222223,connele01-1985
whiteje01,27,-0.8,198412210GSW-GSW,198412210GSW-SEA,GSW-1985,1,1985,-21.6,63.62222222222223,whiteje01-1985
johnsmi01,22,-4.6,198412210GSW-GSW,198412210GSW-SEA,GSW-1985,1,1985,-101.19999999999999,63.62222222222223,johnsmi01-1985
plummga01,18,-4.6,198412210GSW-GSW,198412210GSW-SEA,GSW-1985,1,1985,-82.8,63.62222222222223,plummga01-1985
wilsoot01,18,0.6,198412210GSW-GSW,198412210GSW-SEA,GSW-1985,1,1985,10.799999999999999,63.62222222222223,wilsoot01-1985
burttst01,5,-0.1,198412210GSW-GSW,198412210GSW-SEA,GSW-1985,1,1985,-0.5,63.62222222222223,burttst01-1985
drexlcl01,44,7.8,198412250POR-POR,198412250POR-GSW,POR-1985,1,1985,343.2,50.74545454545454,drexlcl01-1985
thompmy01,40,4.9,198412250POR-POR,198412250POR-GSW,POR-1985,1,1985,196,50.74545454545454,thompmy01-1985
valenda01,35,2.3,198412250POR-POR,198412250POR-GSW,POR-1985,1,1985,80.5,50.74545454545454,valenda01-1985
vandeki01,32,-4.1,198412250POR-POR,198412250POR-GSW,POR-1985,1,1985,-131.2,50.74545454545454,vandeki01-1985
bowiesa01,30,0.3,198412250POR-POR,198412250POR-GSW,POR-1985,1,1985,9,50.74545454545454,bowiesa01-1985
kerseje01,19,3.3,198412250POR-POR,198412250POR-GSW,POR-1985,1,1985,62.699999999999996,50.74545454545454,kerseje01-1985
norriau01,12,1.3,198412250POR-POR,198412250POR-GSW,POR-1985,1,1985,15.600000000000001,50.74545454545454,norriau01-1985
carrke01,11,-0.6,198412250POR-POR,198412250POR-GSW,POR-1985,1,1985,-6.6,50.74545454545454,carrke01-1985
coltest01,11,-1,198412250POR-POR,198412250POR-GSW,POR-1985,1,1985,-11,50.74545454545454,coltest01-1985
thompbe01,4,0.1,198412250POR-POR,198412250POR-GSW,POR-1985,1,1985,0.4,50.74545454545454,thompbe01-1985
paxsoji02,2,-0.2,198412250POR-POR,198412250POR-GSW,POR-1985,1,1985,-0.4,50.74545454545454,paxsoji02-1985
vraneda01,41,2.3,198412270SEA-SEA,198412270SEA-GSW,SEA-1985,0,1985,94.3,16.677777777777777,vraneda01-1985
hendege01,37,-4.5,198412270SEA-SEA,198412270SEA-GSW,SEA-1985,0,1985,-166.5,16.677777777777777,hendege01-1985
chambto01,36,0.3,198412270SEA-SEA,198412270SEA-GSW,SEA-1985,0,1985,10.799999999999999,16.677777777777777,chambto01-1985
sikmaja01,31,7.4,198412270SEA-SEA,198412270SEA-GSW,SEA-1985,0,1985,229.4,16.677777777777777,sikmaja01-1985
soberri01,28,0.8,198412270SEA-SEA,198412270SEA-GSW,SEA-1985,0,1985,22.400000000000002,16.677777777777777,soberri01-1985
woodal01,27,-0.8,198412270SEA-SEA,198412270SEA-GSW,SEA-1985,0,1985,-21.6,16.677777777777777,woodal01-1985
mccorti01,18,1.1,198412270SEA-SEA,198412270SEA-GSW,SEA-1985,0,1985,19.8,16.677777777777777,mccorti01-1985
brickfr01,13,-0.4,198412270SEA-SEA,198412270SEA-GSW,SEA-1985,0,1985,-5.2,16.677777777777777,brickfr01-1985
sundvjo01,9,-3.7,198412270SEA-SEA,198412270SEA-GSW,SEA-1985,0,1985,-33.300000000000004,16.677777777777777,sundvjo01-1985
shortpu01,43,-1.7,198412290GSW-GSW,198412290GSW-PHI,GSW-1985,0,1985,-73.1,4.409090909090911,shortpu01-1985
floydsl01,35,6.8,198412290GSW-GSW,198412290GSW-PHI,GSW-1985,0,1985,238,4.409090909090911,floydsl01-1985
whiteje01,35,-4.5,198412290GSW-GSW,198412290GSW-PHI,GSW-1985,0,1985,-157.5,4.409090909090911,whiteje01-1985
connele01,33,4.9,198412290GSW-GSW,198412290GSW-PHI,GSW-1985,0,1985,161.70000000000002,4.409090909090911,connele01-1985
smithla01,27,-3.6,198412290GSW-GSW,198412290GSW-PHI,GSW-1985,0,1985,-97.2,4.409090909090911,smithla01-1985
johnsmi01,23,0.9,198412290GSW-GSW,198412290GSW-PHI,GSW-1985,0,1985,20.7,4.409090909090911,johnsmi01-1985
bratzmi01,13,-1.6,198412290GSW-GSW,198412290GSW-PHI,GSW-1985,0,1985,-20.8,4.409090909090911,bratzmi01-1985
plummga01,12,-4,198412290GSW-GSW,198412290GSW-PHI,GSW-1985,0,1985,-48,4.409090909090911,plummga01-1985
wilsoot01,9,1.3,198412290GSW-GSW,198412290GSW-PHI,GSW-1985,0,1985,11.700000000000001,4.409090909090911,wilsoot01-1985
burttst01,7,1.6,198412290GSW-GSW,198412290GSW-PHI,GSW-1985,0,1985,11.200000000000001,4.409090909090911,burttst01-1985
thibepe01,3,0.6,198412290GSW-GSW,198412290GSW-PHI,GSW-1985,0,1985,1.7999999999999998,4.409090909090911,thibepe01-1985
shortpu01,45,5.6,198501030GSW-GSW,198501030GSW-IND,GSW-1985,0,1985,251.99999999999997,-0.9181818181818191,shortpu01-1985
whiteje01,34,-2.4,198501030GSW-GSW,198501030GSW-IND,GSW-1985,0,1985,-81.6,-0.9181818181818191,whiteje01-1985
floydsl01,28,-1.9,198501030GSW-GSW,198501030GSW-IND,GSW-1985,0,1985,-53.199999999999996,-0.9181818181818191,floydsl01-1985
smithla01,25,-5.4,198501030GSW-GSW,198501030GSW-IND,GSW-1985,0,1985,-135,-0.9181818181818191,smithla01-1985
johnsmi01,25,2,198501030GSW-GSW,198501030GSW-IND,GSW-1985,0,1985,50,-0.9181818181818191,johnsmi01-1985
connele01,24,-4.3,198501030GSW-GSW,198501030GSW-IND,GSW-1985,0,1985,-103.19999999999999,-0.9181818181818191,connele01-1985
wilsoot01,24,0.6,198501030GSW-GSW,198501030GSW-IND,GSW-1985,0,1985,14.399999999999999,-0.9181818181818191,wilsoot01-1985
bratzmi01,18,4,198501030GSW-GSW,198501030GSW-IND,GSW-1985,0,1985,72,-0.9181818181818191,bratzmi01-1985
aleksch01,14,-1.6,198501030GSW-GSW,198501030GSW-IND,GSW-1985,0,1985,-22.400000000000002,-0.9181818181818191,aleksch01-1985
burttst01,2,-1.5,198501030GSW-GSW,198501030GSW-IND,GSW-1985,0,1985,-3,-0.9181818181818191,burttst01-1985
plummga01,1,-0.1,198501030GSW-GSW,198501030GSW-IND,GSW-1985,0,1985,-0.1,-0.9181818181818191,plummga01-1985
shortpu01,39,-5.1,198501050GSW-GSW,198501050GSW-HOU,GSW-1985,0,1985,-198.89999999999998,5.444444444444449,shortpu01-1985
floydsl01,38,8.3,198501050GSW-GSW,198501050GSW-HOU,GSW-1985,0,1985,315.40000000000003,5.444444444444449,floydsl01-1985
whiteje01,37,-6.4,198501050GSW-GSW,198501050GSW-HOU,GSW-1985,0,1985,-236.8,5.444444444444449,whiteje01-1985
smithla01,35,-1.4,198501050GSW-GSW,198501050GSW-HOU,GSW-1985,0,1985,-49,5.444444444444449,smithla01-1985
johnsmi01,28,6.1,198501050GSW-GSW,198501050GSW-HOU,GSW-1985,0,1985,170.79999999999998,5.444444444444449,johnsmi01-1985
connele01,26,4.2,198501050GSW-GSW,198501050GSW-HOU,GSW-1985,0,1985,109.2,5.444444444444449,connele01-1985
bratzmi01,17,-2.3,198501050GSW-GSW,198501050GSW-HOU,GSW-1985,0,1985,-39.099999999999994,5.444444444444449,bratzmi01-1985
aleksch01,11,-4.1,198501050GSW-GSW,198501050GSW-HOU,GSW-1985,0,1985,-45.099999999999994,5.444444444444449,aleksch01-1985
wilsoot01,9,2.5,198501050GSW-GSW,198501050GSW-HOU,GSW-1985,0,1985,22.5,5.444444444444449,wilsoot01-1985
thompla01,37,3.3,198501070KCK-KCK,198501070KCK-GSW,KCK-1985,1,1985,122.1,25.327272727272724,thompla01-1985
johnsed03,34,-4.9,198501070KCK-KCK,198501070KCK-GSW,KCK-1985,1,1985,-166.60000000000002,25.327272727272724,johnsed03-1985
drewla01,32,5.2,198501070KCK-KCK,198501070KCK-GSW,KCK-1985,1,1985,166.4,25.327272727272724,drewla01-1985
theusre01,32,-2,198501070KCK-KCK,198501070KCK-GSW,KCK-1985,1,1985,-64,25.327272727272724,theusre01-1985
thorpot01,29,0.4,198501070KCK-KCK,198501070KCK-GSW,KCK-1985,1,1985,11.600000000000001,25.327272727272724,thorpot01-1985
woodsmi01,25,8.1,198501070KCK-KCK,198501070KCK-GSW,KCK-1985,1,1985,202.5,25.327272727272724,woodsmi01-1985
olberma01,19,0.6,198501070KCK-KCK,198501070KCK-GSW,KCK-1985,1,1985,11.4,25.327272727272724,olberma01-1985
popeda01,13,-1.1,198501070KCK-KCK,198501070KCK-GSW,KCK-1985,1,1985,-14.3,25.327272727272724,popeda01-1985
mcnamma01,11,1.5,198501070KCK-KCK,198501070KCK-GSW,KCK-1985,1,1985,16.5,25.327272727272724,mcnamma01-1985
busedo01,7,-1,198501070KCK-KCK,198501070KCK-GSW,KCK-1985,1,1985,-7,25.327272727272724,busedo01-1985
verhope01,1,0,198501070KCK-KCK,198501070KCK-GSW,KCK-1985,1,1985,0,25.327272727272724,verhope01-1985
moorejo01,36,14.6,198501080SAS-SAS,198501080SAS-GSW,SAS-1985,1,1985,525.6,96.26,moorejo01-1985
gilmoar01,32,3,198501080SAS-SAS,198501080SAS-GSW,SAS-1985,1,1985,96,96.26,gilmoar01-1985
mitchmi01,30,-2.2,198501080SAS-SAS,198501080SAS-GSW,SAS-1985,1,1985,-66,96.26,mitchmi01-1985
roberal01,28,5.2,198501080SAS-SAS,198501080SAS-GSW,SAS-1985,1,1985,145.6,96.26,roberal01-1985
banksge01,27,3.8,198501080SAS-SAS,198501080SAS-GSW,SAS-1985,1,1985,102.6,96.26,banksge01-1985
gervige01,23,5.6,198501080SAS-SAS,198501080SAS-GSW,SAS-1985,1,1985,128.79999999999998,96.26,gervige01-1985
iavarma01,21,2.2,198501080SAS-SAS,198501080SAS-GSW,SAS-1985,1,1985,46.2,96.26,iavarma01-1985
knighbi01,18,-1.6,198501080SAS-SAS,198501080SAS-GSW,SAS-1985,1,1985,-28.8,96.26,knighbi01-1985
jonesoz01,16,2.7,198501080SAS-SAS,198501080SAS-GSW,SAS-1985,1,1985,43.2,96.26,jonesoz01-1985
paxsojo01,9,-3.4,198501080SAS-SAS,198501080SAS-GSW,SAS-1985,1,1985,-30.599999999999998,96.26,paxsojo01-1985
shortpu01,44,0.5,198501100GSW-GSW,198501100GSW-SEA,GSW-1985,0,1985,22,25,shortpu01-1985
aleksch01,38,-0.5,198501100GSW-GSW,198501100GSW-SEA,GSW-1985,0,1985,-19,25,aleksch01-1985
floydsl01,38,3.8,198501100GSW-GSW,198501100GSW-SEA,GSW-1985,0,1985,144.4,25,floydsl01-1985
connele01,30,5.7,198501100GSW-GSW,198501100GSW-SEA,GSW-1985,0,1985,171,25,connele01-1985
smithla01,28,1.6,198501100GSW-GSW,198501100GSW-SEA,GSW-1985,0,1985,44.800000000000004,25,smithla01-1985
johnsmi01,24,-3.2,198501100GSW-GSW,198501100GSW-SEA,GSW-1985,0,1985,-76.80000000000001,25,johnsmi01-1985
bratzmi01,18,-0.3,198501100GSW-GSW,198501100GSW-SEA,GSW-1985,0,1985,-5.3999999999999995,25,bratzmi01-1985
burttst01,10,-4.2,198501100GSW-GSW,198501100GSW-SEA,GSW-1985,0,1985,-42,25,burttst01-1985
plummga01,10,-1.4,198501100GSW-GSW,198501100GSW-SEA,GSW-1985,0,1985,-14,25,plummga01-1985
shortpu01,41,0.5,198501120GSW-GSW,198501120GSW-LAC,GSW-1985,0,1985,20.5,33.9,shortpu01-1985
smithla01,41,3.1,198501120GSW-GSW,198501120GSW-LAC,GSW-1985,0,1985,127.10000000000001,33.9,smithla01-1985
floydsl01,38,1.4,198501120GSW-GSW,198501120GSW-LAC,GSW-1985,0,1985,53.199999999999996,33.9,floydsl01-1985
whiteje01,37,1.4,198501120GSW-GSW,198501120GSW-LAC,GSW-1985,0,1985,51.8,33.9,whiteje01-1985
connele01,36,4.8,198501120GSW-GSW,198501120GSW-LAC,GSW-1985,0,1985,172.79999999999998,33.9,connele01-1985
johnsmi01,14,-2,198501120GSW-GSW,198501120GSW-LAC,GSW-1985,0,1985,-28,33.9,johnsmi01-1985
wilsoot01,12,-2.2,198501120GSW-GSW,198501120GSW-LAC,GSW-1985,0,1985,-26.400000000000002,33.9,wilsoot01-1985
aleksch01,11,-3.6,198501120GSW-GSW,198501120GSW-LAC,GSW-1985,0,1985,-39.6,33.9,aleksch01-1985
bratzmi01,6,1,198501120GSW-GSW,198501120GSW-LAC,GSW-1985,0,1985,6,33.9,bratzmi01-1985
burttst01,4,0.4,198501120GSW-GSW,198501120GSW-LAC,GSW-1985,0,1985,1.6,33.9,burttst01-1985
shortpu01,37,7.1,198501150GSW-GSW,198501150GSW-DAL,GSW-1985,0,1985,262.7,-23.76666666666667,shortpu01-1985
whiteje01,30,-6.6,198501150GSW-GSW,198501150GSW-DAL,GSW-1985,0,1985,-198,-23.76666666666667,whiteje01-1985
floydsl01,27,0.7,198501150GSW-GSW,198501150GSW-DAL,GSW-1985,0,1985,18.9,-23.76666666666667,floydsl01-1985
smithla01,25,-1.3,198501150GSW-GSW,198501150GSW-DAL,GSW-1985,0,1985,-32.5,-23.76666666666667,smithla01-1985
connele01,23,-3.4,198501150GSW-GSW,198501150GSW-DAL,GSW-1985,0,1985,-78.2,-23.76666666666667,connele01-1985
burttst01,21,-5.8,198501150GSW-GSW,198501150GSW-DAL,GSW-1985,0,1985,-121.8,-23.76666666666667,burttst01-1985
johnsmi01,21,-1.2,198501150GSW-GSW,198501150GSW-DAL,GSW-1985,0,1985,-25.2,-23.76666666666667,johnsmi01-1985
wilsoot01,13,-2.6,198501150GSW-GSW,198501150GSW-DAL,GSW-1985,0,1985,-33.800000000000004,-23.76666666666667,wilsoot01-1985
bratzmi01,12,0.7,198501150GSW-GSW,198501150GSW-DAL,GSW-1985,0,1985,8.399999999999999,-23.76666666666667,bratzmi01-1985
thibepe01,12,-4.6,198501150GSW-GSW,198501150GSW-DAL,GSW-1985,0,1985,-55.199999999999996,-23.76666666666667,thibepe01-1985
aleksch01,10,-2.6,198501150GSW-GSW,198501150GSW-DAL,GSW-1985,0,1985,-26,-23.76666666666667,aleksch01-1985
plummga01,9,-0.5,198501150GSW-GSW,198501150GSW-DAL,GSW-1985,0,1985,-4.5,-23.76666666666667,plummga01-1985
nattca01,38,4.1,198501160DEN-DEN,198501160DEN-GSW,DEN-1985,1,1985,155.79999999999998,38.15,nattca01-1985
coopewa01,32,0.2,198501160DEN-DEN,198501160DEN-GSW,DEN-1985,1,1985,6.4,38.15,coopewa01-1985
englial01,30,5.1,198501160DEN-DEN,198501160DEN-GSW,DEN-1985,1,1985,153,38.15,englial01-1985
turneel01,28,-0.7,198501160DEN-DEN,198501160DEN-GSW,DEN-1985,1,1985,-19.599999999999998,38.15,turneel01-1985
leverfa01,24,2.4,198501160DEN-DEN,198501160DEN-GSW,DEN-1985,1,1985,57.599999999999994,38.15,leverfa01-1985
evansmi01,24,1.9,198501160DEN-DEN,198501160DEN-GSW,DEN-1985,1,1985,45.599999999999994,38.15,evansmi01-1985
dunntr01,20,-1.3,198501160DEN-DEN,198501160DEN-GSW,DEN-1985,1,1985,-26,38.15,dunntr01-1985
isselda01,20,3.3,198501160DEN-DEN,198501160DEN-GSW,DEN-1985,1,1985,66,38.15,isselda01-1985
hanzlbi01,19,-3.2,198501160DEN-DEN,198501160DEN-GSW,DEN-1985,1,1985,-60.800000000000004,38.15,hanzlbi01-1985
schayda01,5,0.7,198501160DEN-DEN,198501160DEN-GSW,DEN-1985,1,1985,3.5,38.15,schayda01-1985
shortpu01,39,2.7,198501190GSW-GSW,198501190GSW-LAL,GSW-1985,0,1985,105.30000000000001,-10.758333333333333,shortpu01-1985
floydsl01,34,-3.5,198501190GSW-GSW,198501190GSW-LAL,GSW-1985,0,1985,-119,-10.758333333333333,floydsl01-1985
connele01,31,0.6,198501190GSW-GSW,198501190GSW-LAL,GSW-1985,0,1985,18.599999999999998,-10.758333333333333,connele01-1985
smithla01,25,-4,198501190GSW-GSW,198501190GSW-LAL,GSW-1985,0,1985,-100,-10.758333333333333,smithla01-1985
whiteje01,24,-2.5,198501190GSW-GSW,198501190GSW-LAL,GSW-1985,0,1985,-60,-10.758333333333333,whiteje01-1985
aleksch01,24,3.4,198501190GSW-GSW,198501190GSW-LAL,GSW-1985,0,1985,81.6,-10.758333333333333,aleksch01-1985
johnsmi01,19,-0.4,198501190GSW-GSW,198501190GSW-LAL,GSW-1985,0,1985,-7.6000000000000005,-10.758333333333333,johnsmi01-1985
burttst01,14,-0.7,198501190GSW-GSW,198501190GSW-LAL,GSW-1985,0,1985,-9.799999999999999,-10.758333333333333,burttst01-1985
wilsoot01,14,-0.6,198501190GSW-GSW,198501190GSW-LAL,GSW-1985,0,1985,-8.4,-10.758333333333333,wilsoot01-1985
thibepe01,9,-3.1,198501190GSW-GSW,198501190GSW-LAL,GSW-1985,0,1985,-27.900000000000002,-10.758333333333333,thibepe01-1985
plummga01,4,-0.7,198501190GSW-GSW,198501190GSW-LAL,GSW-1985,0,1985,-2.8,-10.758333333333333,plummga01-1985
bratzmi01,3,0.3,198501190GSW-GSW,198501190GSW-LAL,GSW-1985,0,1985,0.8999999999999999,-10.758333333333333,bratzmi01-1985
willihe01,43,9.6,198501210IND-IND,198501210IND-GSW,IND-1985,1,1985,412.8,15.133333333333335,willihe01-1985
thomaji01,40,-6.6,198501210IND-IND,198501210IND-GSW,IND-1985,1,1985,-264,15.133333333333335,thomaji01-1985
kellocl01,37,1.7,198501210IND-IND,198501210IND-GSW,IND-1985,1,1985,62.9,15.133333333333335,kellocl01-1985
flemive01,36,-0.4,198501210IND-IND,198501210IND-GSW,IND-1985,1,1985,-14.4,15.133333333333335,flemive01-1985
sichtje01,26,-4.3,198501210IND-IND,198501210IND-GSW,IND-1985,1,1985,-111.8,15.133333333333335,sichtje01-1985
brownto01,24,2.6,198501210IND-IND,198501210IND-GSW,IND-1985,1,1985,62.400000000000006,15.133333333333335,brownto01-1985
garnebi02,23,2.5,198501210IND-IND,198501210IND-GSW,IND-1985,1,1985,57.5,15.133333333333335,garnebi02-1985
stipast01,22,0.1,198501210IND-IND,198501210IND-GSW,IND-1985,1,1985,2.2,15.133333333333335,stipast01-1985
waitegr01,14,0.2,198501210IND-IND,198501210IND-GSW,IND-1985,1,1985,2.8000000000000003,15.133333333333335,waitegr01-1985
stanste01,14,-1.7,198501210IND-IND,198501210IND-GSW,IND-1985,1,1985,-23.8,15.133333333333335,stanste01-1985
grayst01,8,-2.2,198501210IND-IND,198501210IND-GSW,IND-1985,1,1985,-17.6,15.133333333333335,grayst01-1985
durrade01,3,4.2,198501210IND-IND,198501210IND-GSW,IND-1985,1,1985,12.600000000000001,15.133333333333335,durrade01-1985
mcmilto01,48,0.5,198501220WSB-WSB,198501220WSB-GSW,WSB-1985,1,1985,24,50.8,mcmilto01-1985
willigu01,45,6.8,198501220WSB-WSB,198501220WSB-GSW,WSB-1985,1,1985,306,50.8,willigu01-1985
dayeda01,41,6.3,198501220WSB-WSB,198501220WSB-GSW,WSB-1985,1,1985,258.3,50.8,dayeda01-1985
malonje01,41,0.1,198501220WSB-WSB,198501220WSB-GSW,WSB-1985,1,1985,4.1000000000000005,50.8,malonje01-1985
ballagr01,38,-4.9,198501220WSB-WSB,198501220WSB-GSW,WSB-1985,1,1985,-186.20000000000002,50.8,ballagr01-1985
johnsfr01,10,-1.9,198501220WSB-WSB,198501220WSB-GSW,WSB-1985,1,1985,-19,50.8,johnsfr01-1985
willigu02,9,0.8,198501220WSB-WSB,198501220WSB-GSW,WSB-1985,1,1985,7.2,50.8,willigu02-1985
bradldu01,8,1.5,198501220WSB-WSB,198501220WSB-GSW,WSB-1985,1,1985,12,50.8,bradldu01-1985
laimbbi01,39,8.1,198501240DET-DET,198501240DET-GSW,DET-1985,1,1985,315.9,77.65454545454546,laimbbi01-1985
thomais01,38,11.6,198501240DET-DET,198501240DET-GSW,DET-1985,1,1985,440.8,77.65454545454546,thomais01-1985
tripuke01,33,1.5,198501240DET-DET,198501240DET-GSW,DET-1985,1,1985,49.5,77.65454545454546,tripuke01-1985
longjo01,28,-0.2,198501240DET-DET,198501240DET-GSW,DET-1985,1,1985,-5.6000000000000005,77.65454545454546,longjo01-1985
johnsvi01,27,5.1,198501240DET-DET,198501240DET-GSW,DET-1985,1,1985,137.7,77.65454545454546,johnsvi01-1985
curetea01,25,-2.3,198501240DET-DET,198501240DET-GSW,DET-1985,1,1985,-57.49999999999999,77.65454545454546,curetea01-1985
tylerte01,19,0.7,198501240DET-DET,198501240DET-GSW,DET-1985,1,1985,13.299999999999999,77.65454545454546,tylerte01-1985
bensoke01,15,-0.1,198501240DET-DET,198501240DET-GSW,DET-1985,1,1985,-1.5,77.65454545454546,bensoke01-1985
jonesma01,9,-3,198501240DET-DET,198501240DET-GSW,DET-1985,1,1985,-27,77.65454545454546,jonesma01-1985
steppbr01,6,-1.9,198501240DET-DET,198501240DET-GSW,DET-1985,1,1985,-11.399999999999999,77.65454545454546,steppbr01-1985
campbto01,1,0,198501240DET-DET,198501240DET-GSW,DET-1985,1,1985,0,77.65454545454546,campbto01-1985
johnsed03,40,-0.4,198501260KCK-KCK,198501260KCK-GSW,KCK-1985,1,1985,-16,23.470000000000002,johnsed03-1985
theusre01,37,-3.3,198501260KCK-KCK,198501260KCK-GSW,KCK-1985,1,1985,-122.1,23.470000000000002,theusre01-1985
olberma01,32,4.4,198501260KCK-KCK,198501260KCK-GSW,KCK-1985,1,1985,140.8,23.470000000000002,olberma01-1985
drewla01,28,1.2,198501260KCK-KCK,198501260KCK-GSW,KCK-1985,1,1985,33.6,23.470000000000002,drewla01-1985
woodsmi01,27,3.9,198501260KCK-KCK,198501260KCK-GSW,KCK-1985,1,1985,105.3,23.470000000000002,woodsmi01-1985
thorpot01,23,1,198501260KCK-KCK,198501260KCK-GSW,KCK-1985,1,1985,23,23.470000000000002,thorpot01-1985
thompla01,19,2.5,198501260KCK-KCK,198501260KCK-GSW,KCK-1985,1,1985,47.5,23.470000000000002,thompla01-1985
mcnamma01,18,1.1,198501260KCK-KCK,198501260KCK-GSW,KCK-1985,1,1985,19.8,23.470000000000002,mcnamma01-1985
verhope01,12,0.1,198501260KCK-KCK,198501260KCK-GSW,KCK-1985,1,1985,1.2000000000000002,23.470000000000002,verhope01-1985
busedo01,4,0.4,198501260KCK-KCK,198501260KCK-GSW,KCK-1985,1,1985,1.6,23.470000000000002,busedo01-1985
shortpu01,45,-5.6,198501290GSW-GSW,198501290GSW-MIL,GSW-1985,0,1985,-251.99999999999997,7.977777777777777,shortpu01-1985
floydsl01,39,-2.3,198501290GSW-GSW,198501290GSW-MIL,GSW-1985,0,1985,-89.69999999999999,7.977777777777777,floydsl01-1985
whiteje01,33,-1,198501290GSW-GSW,198501290GSW-MIL,GSW-1985,0,1985,-33,7.977777777777777,whiteje01-1985
johnsmi01,33,6.6,198501290GSW-GSW,198501290GSW-MIL,GSW-1985,0,1985,217.79999999999998,7.977777777777777,johnsmi01-1985
connele01,31,4.3,198501290GSW-GSW,198501290GSW-MIL,GSW-1985,0,1985,133.29999999999998,7.977777777777777,connele01-1985
smithla01,18,-1.6,198501290GSW-GSW,198501290GSW-MIL,GSW-1985,0,1985,-28.8,7.977777777777777,smithla01-1985
wilsoot01,17,6.6,198501290GSW-GSW,198501290GSW-MIL,GSW-1985,0,1985,112.19999999999999,7.977777777777777,wilsoot01-1985
aleksch01,15,0.8,198501290GSW-GSW,198501290GSW-MIL,GSW-1985,0,1985,12,7.977777777777777,aleksch01-1985
burttst01,9,0,198501290GSW-GSW,198501290GSW-MIL,GSW-1985,0,1985,0,7.977777777777777,burttst01-1985
shortpu01,40,5.8,198501310GSW-GSW,198501310GSW-POR,GSW-1985,0,1985,232,-7.60909090909091,shortpu01-1985
smithla01,33,-0.4,198501310GSW-GSW,198501310GSW-POR,GSW-1985,0,1985,-13.200000000000001,-7.60909090909091,smithla01-1985
connele01,31,-0.5,198501310GSW-GSW,198501310GSW-POR,GSW-1985,0,1985,-15.5,-7.60909090909091,connele01-1985
floydsl01,30,-5,198501310GSW-GSW,198501310GSW-POR,GSW-1985,0,1985,-150,-7.60909090909091,floydsl01-1985
whiteje01,29,-4.2,198501310GSW-GSW,198501310GSW-POR,GSW-1985,0,1985,-121.80000000000001,-7.60909090909091,whiteje01-1985
johnsmi01,19,-0.3,198501310GSW-GSW,198501310GSW-POR,GSW-1985,0,1985,-5.7,-7.60909090909091,johnsmi01-1985
burttst01,18,-3.5,198501310GSW-GSW,198501310GSW-POR,GSW-1985,0,1985,-63,-7.60909090909091,burttst01-1985
aleksch01,17,-0.6,198501310GSW-GSW,198501310GSW-POR,GSW-1985,0,1985,-10.2,-7.60909090909091,aleksch01-1985
wilsoot01,17,3.6,198501310GSW-GSW,198501310GSW-POR,GSW-1985,0,1985,61.2,-7.60909090909091,wilsoot01-1985
plummga01,5,0.3,198501310GSW-GSW,198501310GSW-POR,GSW-1985,0,1985,1.5,-7.60909090909091,plummga01-1985
thibepe01,1,1,198501310GSW-GSW,198501310GSW-POR,GSW-1985,0,1985,1,-7.60909090909091,thibepe01-1985
floydsl01,36,6.4,198502020GSW-GSW,198502020GSW-NYK,GSW-1985,1,1985,230.4,44.36666666666667,floydsl01-1985
smithla01,32,1.8,198502020GSW-GSW,198502020GSW-NYK,GSW-1985,1,1985,57.6,44.36666666666667,smithla01-1985
connele01,31,5.2,198502020GSW-GSW,198502020GSW-NYK,GSW-1985,1,1985,161.20000000000002,44.36666666666667,connele01-1985
shortpu01,31,2.4,198502020GSW-GSW,198502020GSW-NYK,GSW-1985,1,1985,74.39999999999999,44.36666666666667,shortpu01-1985
whiteje01,27,2,198502020GSW-GSW,198502020GSW-NYK,GSW-1985,1,1985,54,44.36666666666667,whiteje01-1985
johnsmi01,26,4.5,198502020GSW-GSW,198502020GSW-NYK,GSW-1985,1,1985,117,44.36666666666667,johnsmi01-1985
plummga01,21,-9.6,198502020GSW-GSW,198502020GSW-NYK,GSW-1985,1,1985,-201.6,44.36666666666667,plummga01-1985
wilsoot01,15,0.4,198502020GSW-GSW,198502020GSW-NYK,GSW-1985,1,1985,6,44.36666666666667,wilsoot01-1985
burttst01,12,4,198502020GSW-GSW,198502020GSW-NYK,GSW-1985,1,1985,48,44.36666666666667,burttst01-1985
thibepe01,4,-3.3,198502020GSW-GSW,198502020GSW-NYK,GSW-1985,1,1985,-13.2,44.36666666666667,thibepe01-1985
aleksch01,2,0.4,198502020GSW-GSW,198502020GSW-NYK,GSW-1985,1,1985,0.8,44.36666666666667,aleksch01-1985
bratzmi01,2,-1.1,198502020GSW-GSW,198502020GSW-NYK,GSW-1985,1,1985,-2.2,44.36666666666667,bratzmi01-1985
moorejo01,42,-3.6,198502040SAS-SAS,198502040SAS-GSW,SAS-1985,1,1985,-151.20000000000002,31.836363636363632,moorejo01-1985
gervige01,39,1.7,198502040SAS-SAS,198502040SAS-GSW,SAS-1985,1,1985,66.3,31.836363636363632,gervige01-1985
gilmoar01,37,12.6,198502040SAS-SAS,198502040SAS-GSW,SAS-1985,1,1985,466.2,31.836363636363632,gilmoar01-1985
banksge01,37,1.9,198502040SAS-SAS,198502040SAS-GSW,SAS-1985,1,1985,70.3,31.836363636363632,banksge01-1985
mitchmi01,35,-2.6,198502040SAS-SAS,198502040SAS-GSW,SAS-1985,1,1985,-91,31.836363636363632,mitchmi01-1985
knighbi01,18,1.1,198502040SAS-SAS,198502040SAS-GSW,SAS-1985,1,1985,19.8,31.836363636363632,knighbi01-1985
iavarma01,16,-2.5,198502040SAS-SAS,198502040SAS-GSW,SAS-1985,1,1985,-40,31.836363636363632,iavarma01-1985
roberal01,14,-2,198502040SAS-SAS,198502040SAS-GSW,SAS-1985,1,1985,-28,31.836363636363632,roberal01-1985
cookje01,12,2.3,198502040SAS-SAS,198502040SAS-GSW,SAS-1985,1,1985,27.599999999999998,31.836363636363632,cookje01-1985
paxsojo01,11,1,198502040SAS-SAS,198502040SAS-GSW,SAS-1985,1,1985,11,31.836363636363632,paxsojo01-1985
jonesoz01,4,-0.2,198502040SAS-SAS,198502040SAS-GSW,SAS-1985,1,1985,-0.8,31.836363636363632,jonesoz01-1985
blackro01,32,6.5,198502060DAL-DAL,198502060DAL-GSW,DAL-1985,1,1985,208,41.4,blackro01-1985
perkisa01,29,-1,198502060DAL-DAL,198502060DAL-GSW,DAL-1985,1,1985,-29,41.4,perkisa01-1985
harpede01,29,-0.6,198502060DAL-DAL,198502060DAL-GSW,DAL-1985,1,1985,-17.4,41.4,harpede01-1985
nimphku01,29,0.1,198502060DAL-DAL,198502060DAL-GSW,DAL-1985,1,1985,2.9000000000000004,41.4,nimphku01-1985
davisbr01,27,1.1,198502060DAL-DAL,198502060DAL-GSW,DAL-1985,1,1985,29.700000000000003,41.4,davisbr01-1985
aguirma01,26,2.8,198502060DAL-DAL,198502060DAL-GSW,DAL-1985,1,1985,72.8,41.4,aguirma01-1985
vinceja01,25,2.8,198502060DAL-DAL,198502060DAL-GSW,DAL-1985,1,1985,70,41.4,vinceja01-1985
bryanwa01,15,3.2,198502060DAL-DAL,198502060DAL-GSW,DAL-1985,1,1985,48,41.4,bryanwa01-1985
sittoch01,13,2,198502060DAL-DAL,198502060DAL-GSW,DAL-1985,1,1985,26,41.4,sittoch01-1985
ellisda01,9,6.4,198502060DAL-DAL,198502060DAL-GSW,DAL-1985,1,1985,57.6,41.4,ellisda01-1985
slubyto01,6,-2.2,198502060DAL-DAL,198502060DAL-GSW,DAL-1985,1,1985,-13.200000000000001,41.4,slubyto01-1985
mccraro01,43,14.1,198502070HOU-HOU,198502070HOU-GSW,HOU-1985,1,1985,606.3,65.96,mccraro01-1985
sampsra01,41,6.7,198502070HOU-HOU,198502070HOU-GSW,HOU-1985,1,1985,274.7,65.96,sampsra01-1985
hollili01,31,-2.8,198502070HOU-HOU,198502070HOU-GSW,HOU-1985,1,1985,-86.8,65.96,hollili01-1985
olajuha01,31,-3,198502070HOU-HOU,198502070HOU-GSW,HOU-1985,1,1985,-93,65.96,olajuha01-1985
lloydle01,24,0.2,198502070HOU-HOU,198502070HOU-GSW,HOU-1985,1,1985,4.800000000000001,65.96,lloydle01-1985
wiggimi01,24,-0.5,198502070HOU-HOU,198502070HOU-GSW,HOU-1985,1,1985,-12,65.96,wiggimi01-1985
reidro01,23,-0.4,198502070HOU-HOU,198502070HOU-GSW,HOU-1985,1,1985,-9.200000000000001,65.96,reidro01-1985
leaveal01,15,-1.4,198502070HOU-HOU,198502070HOU-GSW,HOU-1985,1,1985,-21,65.96,leaveal01-1985
michela01,6,-0.5,198502070HOU-HOU,198502070HOU-GSW,HOU-1985,1,1985,-3,65.96,michela01-1985
ehlocr01,2,-0.6,198502070HOU-HOU,198502070HOU-GSW,HOU-1985,1,1985,-1.2,65.96,ehlocr01-1985
shortpu01,45,4.6,198502120GSW-GSW,198502120GSW-UTA,GSW-1985,0,1985,206.99999999999997,17.129999999999995,shortpu01-1985
connele01,33,-2.8,198502120GSW-GSW,198502120GSW-UTA,GSW-1985,0,1985,-92.39999999999999,17.129999999999995,connele01-1985
floydsl01,32,0.8,198502120GSW-GSW,198502120GSW-UTA,GSW-1985,0,1985,25.6,17.129999999999995,floydsl01-1985
johnsmi01,30,5.9,198502120GSW-GSW,198502120GSW-UTA,GSW-1985,0,1985,177,17.129999999999995,johnsmi01-1985
whiteje01,25,-1.9,198502120GSW-GSW,198502120GSW-UTA,GSW-1985,0,1985,-47.5,17.129999999999995,whiteje01-1985
aleksch01,23,-3.2,198502120GSW-GSW,198502120GSW-UTA,GSW-1985,0,1985,-73.60000000000001,17.129999999999995,aleksch01-1985
plummga01,17,-2.1,198502120GSW-GSW,198502120GSW-UTA,GSW-1985,0,1985,-35.7,17.129999999999995,plummga01-1985
burttst01,16,0.9,198502120GSW-GSW,198502120GSW-UTA,GSW-1985,0,1985,14.4,17.129999999999995,burttst01-1985
bratzmi01,15,0.7,198502120GSW-GSW,198502120GSW-UTA,GSW-1985,0,1985,10.5,17.129999999999995,bratzmi01-1985
smithla01,4,-3.5,198502120GSW-GSW,198502120GSW-UTA,GSW-1985,0,1985,-14,17.129999999999995,smithla01-1985
nixonno01,46,11.7,198502130LAC-LAC,198502130LAC-GSW,LAC-1985,1,1985,538.1999999999999,37.69090909090908,nixonno01-1985
donalja01,35,0.1,198502130LAC-LAC,198502130LAC-GSW,LAC-1985,1,1985,3.5,37.69090909090908,donalja01-1985
smithde02,34,-3.2,198502130LAC-LAC,198502130LAC-GSW,LAC-1985,1,1985,-108.80000000000001,37.69090909090908,smithde02-1985
johnsma01,33,-0.5,198502130LAC-LAC,198502130LAC-GSW,LAC-1985,1,1985,-16.5,37.69090909090908,johnsma01-1985
bridgju01,29,1.3,198502130LAC-LAC,198502130LAC-GSW,LAC-1985,1,1985,37.7,37.69090909090908,bridgju01-1985
cagemi01,23,0.6,198502130LAC-LAC,198502130LAC-GSW,LAC-1985,1,1985,13.799999999999999,37.69090909090908,cagemi01-1985
whitero01,15,-4.8,198502130LAC-LAC,198502130LAC-GSW,LAC-1985,1,1985,-72,37.69090909090908,whitero01-1985
catchha01,14,1.1,198502130LAC-LAC,198502130LAC-GSW,LAC-1985,1,1985,15.400000000000002,37.69090909090908,catchha01-1985
waltobi01,6,1.3,198502130LAC-LAC,198502130LAC-GSW,LAC-1985,1,1985,7.800000000000001,37.69090909090908,waltobi01-1985
gordola01,3,-0.1,198502130LAC-LAC,198502130LAC-GSW,LAC-1985,1,1985,-0.30000000000000004,37.69090909090908,gordola01-1985
warribr01,2,-2.1,198502130LAC-LAC,198502130LAC-GSW,LAC-1985,1,1985,-4.2,37.69090909090908,warribr01-1985
floydsl01,44,3.1,198502150GSW-GSW,198502150GSW-BOS,GSW-1985,0,1985,136.4,49.333333333333336,floydsl01-1985
johnsmi01,44,3.4,198502150GSW-GSW,198502150GSW-BOS,GSW-1985,0,1985,149.6,49.333333333333336,johnsmi01-1985
shortpu01,42,8.4,198502150GSW-GSW,198502150GSW-BOS,GSW-1985,0,1985,352.8,49.333333333333336,shortpu01-1985
whiteje01,32,-4.3,198502150GSW-GSW,198502150GSW-BOS,GSW-1985,0,1985,-137.6,49.333333333333336,whiteje01-1985
connele01,30,-0.8,198502150GSW-GSW,198502150GSW-BOS,GSW-1985,0,1985,-24,49.333333333333336,connele01-1985
bratzmi01,18,-2.8,198502150GSW-GSW,198502150GSW-BOS,GSW-1985,0,1985,-50.4,49.333333333333336,bratzmi01-1985
aleksch01,16,2.4,198502150GSW-GSW,198502150GSW-BOS,GSW-1985,0,1985,38.4,49.333333333333336,aleksch01-1985
plummga01,10,-2,198502150GSW-GSW,198502150GSW-BOS,GSW-1985,0,1985,-20,49.333333333333336,plummga01-1985
burttst01,4,-0.3,198502150GSW-GSW,198502150GSW-BOS,GSW-1985,0,1985,-1.2,49.333333333333336,burttst01-1985
shortpu01,50,10.5,198502170GSW-GSW,198502170GSW-WSB,GSW-1985,1,1985,525,64.7,shortpu01-1985
floydsl01,46,6.4,198502170GSW-GSW,198502170GSW-WSB,GSW-1985,1,1985,294.40000000000003,64.7,floydsl01-1985
whiteje01,46,-3.5,198502170GSW-GSW,198502170GSW-WSB,GSW-1985,1,1985,-161,64.7,whiteje01-1985
connele01,43,3.2,198502170GSW-GSW,198502170GSW-WSB,GSW-1985,1,1985,137.6,64.7,connele01-1985
johnsmi01,42,-1.7,198502170GSW-GSW,198502170GSW-WSB,GSW-1985,1,1985,-71.39999999999999,64.7,johnsmi01-1985
smithla01,24,0.3,198502170GSW-GSW,198502170GSW-WSB,GSW-1985,1,1985,7.199999999999999,64.7,smithla01-1985
wilsoot01,13,-1.6,198502170GSW-GSW,198502170GSW-WSB,GSW-1985,1,1985,-20.8,64.7,wilsoot01-1985
aleksch01,12,-2.8,198502170GSW-GSW,198502170GSW-WSB,GSW-1985,1,1985,-33.599999999999994,64.7,aleksch01-1985
burttst01,12,-2.5,198502170GSW-GSW,198502170GSW-WSB,GSW-1985,1,1985,-30,64.7,burttst01-1985
bratzmi01,2,-0.2,198502170GSW-GSW,198502170GSW-WSB,GSW-1985,1,1985,-0.4,64.7,bratzmi01-1985
wittmra01,41,-0.2,198502190ATL-ATL,198502190ATL-GSW,ATL-1985,1,1985,-8.200000000000001,16.022222222222226,wittmra01-1985
johnsed02,40,2.6,198502190ATL-ATL,198502190ATL-GSW,ATL-1985,1,1985,104,16.022222222222226,johnsed02-1985
levincl01,39,0.9,198502190ATL-ATL,198502190ATL-GSW,ATL-1985,1,1985,35.1,16.022222222222226,levincl01-1985
wilkido01,37,-6.6,198502190ATL-ATL,198502190ATL-GSW,ATL-1985,1,1985,-244.2,16.022222222222226,wilkido01-1985
rollitr01,34,4.4,198502190ATL-ATL,198502190ATL-GSW,ATL-1985,1,1985,149.60000000000002,16.022222222222226,rollitr01-1985
carran01,15,5.1,198502190ATL-ATL,198502190ATL-GSW,ATL-1985,1,1985,76.5,16.022222222222226,carran01-1985
glennmi01,15,3.5,198502190ATL-ATL,198502190ATL-GSW,ATL-1985,1,1985,52.5,16.022222222222226,glennmi01-1985
willike02,14,-1.4,198502190ATL-ATL,198502190ATL-GSW,ATL-1985,1,1985,-19.599999999999998,16.022222222222226,willike02-1985
hastisc01,5,-0.3,198502190ATL-ATL,198502190ATL-GSW,ATL-1985,1,1985,-1.5,16.022222222222226,hastisc01-1985
malonmo01,40,8,198502200PHI-PHI,198502200PHI-GSW,PHI-1985,1,1985,320,56.909090909090914,malonmo01-1985
toneyan01,30,3.6,198502200PHI-PHI,198502200PHI-GSW,PHI-1985,1,1985,108,56.909090909090914,toneyan01-1985
ervinju01,28,2.7,198502200PHI-PHI,198502200PHI-GSW,PHI-1985,1,1985,75.60000000000001,56.909090909090914,ervinju01-1985
cheekma01,27,-0.7,198502200PHI-PHI,198502200PHI-GSW,PHI-1985,1,1985,-18.9,56.909090909090914,cheekma01-1985
jonesbo01,26,0.4,198502200PHI-PHI,198502200PHI-GSW,PHI-1985,1,1985,10.4,56.909090909090914,jonesbo01-1985
barklch01,23,6.5,198502200PHI-PHI,198502200PHI-GSW,PHI-1985,1,1985,149.5,56.909090909090914,barklch01-1985
threase01,21,-2,198502200PHI-PHI,198502200PHI-GSW,PHI-1985,1,1985,-42,56.909090909090914,threase01-1985
johnsge03,20,-0.3,198502200PHI-PHI,198502200PHI-GSW,PHI-1985,1,1985,-6,56.909090909090914,johnsge03-1985
richacl01,17,2.6,198502200PHI-PHI,198502200PHI-GSW,PHI-1985,1,1985,44.2,56.909090909090914,richacl01-1985
willisa02,7,-2.4,198502200PHI-PHI,198502200PHI-GSW,PHI-1985,1,1985,-16.8,56.909090909090914,willisa02-1985
woodle01,1,2,198502200PHI-PHI,198502200PHI-GSW,PHI-1985,1,1985,2,56.909090909090914,woodle01-1985
richami01,44,-2.7,198502220NJN-NJN,198502220NJN-GSW,NJN-1985,0,1985,-118.80000000000001,21.909999999999997,richami01-1985
birdsot01,38,7.3,198502220NJN-NJN,198502220NJN-GSW,NJN-1985,0,1985,277.4,21.909999999999997,birdsot01-1985
gminsmi01,38,-0.9,198502220NJN-NJN,198502220NJN-GSW,NJN-1985,0,1985,-34.2,21.909999999999997,gminsmi01-1985
dawkida01,31,3.7,198502220NJN-NJN,198502220NJN-GSW,NJN-1985,0,1985,114.7,21.909999999999997,dawkida01-1985
willibu01,27,-1.3,198502220NJN-NJN,198502220NJN-GSW,NJN-1985,0,1985,-35.1,21.909999999999997,willibu01-1985
mckenke01,17,1.7,198502220NJN-NJN,198502220NJN-GSW,NJN-1985,0,1985,28.9,21.909999999999997,mckenke01-1985
turneje01,15,-2.5,198502220NJN-NJN,198502220NJN-GSW,NJN-1985,0,1985,-37.5,21.909999999999997,turneje01-1985
cookda01,13,4.6,198502220NJN-NJN,198502220NJN-GSW,NJN-1985,0,1985,59.8,21.909999999999997,cookda01-1985
johnsge02,10,-0.6,198502220NJN-NJN,198502220NJN-GSW,NJN-1985,0,1985,-6,21.909999999999997,johnsge02-1985
ranseke01,7,-4.3,198502220NJN-NJN,198502220NJN-GSW,NJN-1985,0,1985,-30.099999999999998,21.909999999999997,ranseke01-1985
woolror01,36,3.1,198502230CHI-CHI,198502230CHI-GSW,CHI-1985,1,1985,111.60000000000001,58.58181818181818,woolror01-1985
greenda01,33,1.2,198502230CHI-CHI,198502230CHI-GSW,CHI-1985,1,1985,39.6,58.58181818181818,greenda01-1985
jordami01,32,11.2,198502230CHI-CHI,198502230CHI-GSW,CHI-1985,1,1985,358.4,58.58181818181818,jordami01-1985
whatlen01,31,1.3,198502230CHI-CHI,198502230CHI-GSW,CHI-1985,1,1985,40.300000000000004,58.58181818181818,whatlen01-1985
corzida01,27,2.1,198502230CHI-CHI,198502230CHI-GSW,CHI-1985,1,1985,56.7,58.58181818181818,corzida01-1985
dailequ01,23,0.9,198502230CHI-CHI,198502230CHI-GSW,CHI-1985,1,1985,20.7,58.58181818181818,dailequ01-1985
oldhaja01,21,2.5,198502230CHI-CHI,198502230CHI-GSW,CHI-1985,1,1985,52.5,58.58181818181818,oldhaja01-1985
matthwe01,14,3.9,198502230CHI-CHI,198502230CHI-GSW,CHI-1985,1,1985,54.6,58.58181818181818,matthwe01-1985
greensi02,10,-3.6,198502230CHI-CHI,198502230CHI-GSW,CHI-1985,1,1985,-36,58.58181818181818,greensi02-1985
higgiro01,8,-4,198502230CHI-CHI,198502230CHI-GSW,CHI-1985,1,1985,-32,58.58181818181818,higgiro01-1985
johnsst03,5,-4.4,198502230CHI-CHI,198502230CHI-GSW,CHI-1985,1,1985,-22,58.58181818181818,johnsst03-1985
floydsl01,37,2.4,198502260GSW-GSW,198502260GSW-SEA,GSW-1985,1,1985,88.8,39.89090909090909,floydsl01-1985
shortpu01,37,3.1,198502260GSW-GSW,198502260GSW-SEA,GSW-1985,1,1985,114.7,39.89090909090909,shortpu01-1985
whiteje01,36,3.3,198502260GSW-GSW,198502260GSW-SEA,GSW-1985,1,1985,118.8,39.89090909090909,whiteje01-1985
connele01,35,2.6,198502260GSW-GSW,198502260GSW-SEA,GSW-1985,1,1985,91,39.89090909090909,connele01-1985
smithla01,29,-1.2,198502260GSW-GSW,198502260GSW-SEA,GSW-1985,1,1985,-34.8,39.89090909090909,smithla01-1985
johnsmi01,26,3.9,198502260GSW-GSW,198502260GSW-SEA,GSW-1985,1,1985,101.39999999999999,39.89090909090909,johnsmi01-1985
wilsoot01,13,-0.6,198502260GSW-GSW,198502260GSW-SEA,GSW-1985,1,1985,-7.8,39.89090909090909,wilsoot01-1985
aleksch01,12,-2.3,198502260GSW-GSW,198502260GSW-SEA,GSW-1985,1,1985,-27.599999999999998,39.89090909090909,aleksch01-1985
bratzmi01,6,0.5,198502260GSW-GSW,198502260GSW-SEA,GSW-1985,1,1985,3,39.89090909090909,bratzmi01-1985
burttst01,5,-1.1,198502260GSW-GSW,198502260GSW-SEA,GSW-1985,1,1985,-5.5,39.89090909090909,burttst01-1985
plummga01,4,-0.8,198502260GSW-GSW,198502260GSW-SEA,GSW-1985,1,1985,-3.2,39.89090909090909,plummga01-1985
shortpu01,43,6,198502280GSW-GSW,198502280GSW-POR,GSW-1985,1,1985,258,61.94,shortpu01-1985
floydsl01,39,13.2,198502280GSW-GSW,198502280GSW-POR,GSW-1985,1,1985,514.8,61.94,floydsl01-1985
whiteje01,37,-0.9,198502280GSW-GSW,198502280GSW-POR,GSW-1985,1,1985,-33.300000000000004,61.94,whiteje01-1985
smithla01,36,-1,198502280GSW-GSW,198502280GSW-POR,GSW-1985,1,1985,-36,61.94,smithla01-1985
connele01,29,0.9,198502280GSW-GSW,198502280GSW-POR,GSW-1985,1,1985,26.1,61.94,connele01-1985
wilsoot01,19,-3.4,198502280GSW-GSW,198502280GSW-POR,GSW-1985,1,1985,-64.6,61.94,wilsoot01-1985
plummga01,12,-0.9,198502280GSW-GSW,198502280GSW-POR,GSW-1985,1,1985,-10.8,61.94,plummga01-1985
aleksch01,11,-1.6,198502280GSW-GSW,198502280GSW-POR,GSW-1985,1,1985,-17.6,61.94,aleksch01-1985
burttst01,9,-2.3,198502280GSW-GSW,198502280GSW-POR,GSW-1985,1,1985,-20.7,61.94,burttst01-1985
thibepe01,5,0.7,198502280GSW-GSW,198502280GSW-POR,GSW-1985,1,1985,3.5,61.94,thibepe01-1985
shortpu01,44,10.3,198503020GSW-GSW,198503020GSW-LAC,GSW-1985,1,1985,453.20000000000005,40.981818181818184,shortpu01-1985
floydsl01,39,0.6,198503020GSW-GSW,198503020GSW-LAC,GSW-1985,1,1985,23.4,40.981818181818184,floydsl01-1985
aleksch01,32,-1.3,198503020GSW-GSW,198503020GSW-LAC,GSW-1985,1,1985,-41.6,40.981818181818184,aleksch01-1985
wilsoot01,25,-0.4,198503020GSW-GSW,198503020GSW-LAC,GSW-1985,1,1985,-10,40.981818181818184,wilsoot01-1985
smithla01,24,1.1,198503020GSW-GSW,198503020GSW-LAC,GSW-1985,1,1985,26.400000000000002,40.981818181818184,smithla01-1985
johnsmi01,24,0.4,198503020GSW-GSW,198503020GSW-LAC,GSW-1985,1,1985,9.600000000000001,40.981818181818184,johnsmi01-1985
connele01,23,1.9,198503020GSW-GSW,198503020GSW-LAC,GSW-1985,1,1985,43.699999999999996,40.981818181818184,connele01-1985
whiteje01,10,-3.2,198503020GSW-GSW,198503020GSW-LAC,GSW-1985,1,1985,-32,40.981818181818184,whiteje01-1985
burttst01,9,-1.9,198503020GSW-GSW,198503020GSW-LAC,GSW-1985,1,1985,-17.099999999999998,40.981818181818184,burttst01-1985
plummga01,6,-0.8,198503020GSW-GSW,198503020GSW-LAC,GSW-1985,1,1985,-4.800000000000001,40.981818181818184,plummga01-1985
thibepe01,4,0,198503020GSW-GSW,198503020GSW-LAC,GSW-1985,1,1985,0,40.981818181818184,thibepe01-1985
floydsl01,42,-2.8,198503040GSW-GSW,198503040GSW-CLE,GSW-1985,0,1985,-117.6,4.2299999999999995,floydsl01-1985
smithla01,42,2,198503040GSW-GSW,198503040GSW-CLE,GSW-1985,0,1985,84,4.2299999999999995,smithla01-1985
aleksch01,37,1.4,198503040GSW-GSW,198503040GSW-CLE,GSW-1985,0,1985,51.8,4.2299999999999995,aleksch01-1985
connele01,30,0.2,198503040GSW-GSW,198503040GSW-CLE,GSW-1985,0,1985,6,4.2299999999999995,connele01-1985
johnsmi01,27,3,198503040GSW-GSW,198503040GSW-CLE,GSW-1985,0,1985,81,4.2299999999999995,johnsmi01-1985
wilsoot01,18,-1.5,198503040GSW-GSW,198503040GSW-CLE,GSW-1985,0,1985,-27,4.2299999999999995,wilsoot01-1985
shortpu01,17,-2.7,198503040GSW-GSW,198503040GSW-CLE,GSW-1985,0,1985,-45.900000000000006,4.2299999999999995,shortpu01-1985
plummga01,13,-1.8,198503040GSW-GSW,198503040GSW-CLE,GSW-1985,0,1985,-23.400000000000002,4.2299999999999995,plummga01-1985
thibepe01,8,2.9,198503040GSW-GSW,198503040GSW-CLE,GSW-1985,0,1985,23.2,4.2299999999999995,thibepe01-1985
burttst01,6,1.7,198503040GSW-GSW,198503040GSW-CLE,GSW-1985,0,1985,10.2,4.2299999999999995,burttst01-1985
abdulka01,29,5,198503060LAL-LAL,198503060LAL-GSW,LAL-1985,1,1985,145,48.95,abdulka01-1985
sprigla01,28,8.3,198503060LAL-LAL,198503060LAL-GSW,LAL-1985,1,1985,232.40000000000003,48.95,sprigla01-1985
mcgeemi01,27,6.6,198503060LAL-LAL,198503060LAL-GSW,LAL-1985,1,1985,178.2,48.95,mcgeemi01-1985
johnsma02,25,-0.6,198503060LAL-LAL,198503060LAL-GSW,LAL-1985,1,1985,-15,48.95,johnsma02-1985
scottby01,21,-7.2,198503060LAL-LAL,198503060LAL-GSW,LAL-1985,1,1985,-151.20000000000002,48.95,scottby01-1985
worthja01,21,0.2,198503060LAL-LAL,198503060LAL-GSW,LAL-1985,1,1985,4.2,48.95,worthja01-1985
lestero01,21,2,198503060LAL-LAL,198503060LAL-GSW,LAL-1985,1,1985,42,48.95,lestero01-1985
mcadobo01,21,4.1,198503060LAL-LAL,198503060LAL-GSW,LAL-1985,1,1985,86.1,48.95,mcadobo01-1985
rambiku01,17,2.1,198503060LAL-LAL,198503060LAL-GSW,LAL-1985,1,1985,35.7,48.95,rambiku01-1985
coopemi01,15,1.1,198503060LAL-LAL,198503060LAL-GSW,LAL-1985,1,1985,16.5,48.95,coopemi01-1985
kupchmi01,10,2.4,198503060LAL-LAL,198503060LAL-GSW,LAL-1985,1,1985,24,48.95,kupchmi01-1985
nevitch01,5,-2.1,198503060LAL-LAL,198503060LAL-GSW,LAL-1985,1,1985,-10.5,48.95,nevitch01-1985
adamsal01,34,-0.2,198503090PHO-PHO,198503090PHO-GSW,PHO-1985,0,1985,-6.800000000000001,12.76,adamsal01-1985
daviswa03,32,1,198503090PHO-PHO,198503090PHO-GSW,PHO-1985,0,1985,32,12.76,daviswa03-1985
macyky01,31,1.1,198503090PHO-PHO,198503090PHO-GSW,PHO-1985,0,1985,34.1,12.76,macyky01-1985
lucasma01,28,-0.2,198503090PHO-PHO,198503090PHO-GSW,PHO-1985,0,1985,-5.6000000000000005,12.76,lucasma01-1985
edwarja01,26,3.8,198503090PHO-PHO,198503090PHO-GSW,PHO-1985,0,1985,98.8,12.76,edwarja01-1985
scottal01,20,-1.8,198503090PHO-PHO,198503090PHO-GSW,PHO-1985,0,1985,-36,12.76,scottal01-1985
pittmch01,20,1,198503090PHO-PHO,198503090PHO-GSW,PHO-1985,0,1985,20,12.76,pittmch01-1985
humphja01,19,1.7,198503090PHO-PHO,198503090PHO-GSW,PHO-1985,0,1985,32.3,12.76,humphja01-1985
jonesch02,16,-0.3,198503090PHO-PHO,198503090PHO-GSW,PHO-1985,0,1985,-4.8,12.76,jonesch02-1985
fostero01,14,-2.6,198503090PHO-PHO,198503090PHO-GSW,PHO-1985,0,1985,-36.4,12.76,fostero01-1985
shortpu01,37,6.7,198503120GSW-GSW,198503120GSW-SAS,GSW-1985,1,1985,247.9,57.82727272727273,shortpu01-1985
floydsl01,36,9,198503120GSW-GSW,198503120GSW-SAS,GSW-1985,1,1985,324,57.82727272727273,floydsl01-1985
smithla01,32,-0.4,198503120GSW-GSW,198503120GSW-SAS,GSW-1985,1,1985,-12.8,57.82727272727273,smithla01-1985
whiteje01,27,1.5,198503120GSW-GSW,198503120GSW-SAS,GSW-1985,1,1985,40.5,57.82727272727273,whiteje01-1985
connele01,27,0,198503120GSW-GSW,198503120GSW-SAS,GSW-1985,1,1985,0,57.82727272727273,connele01-1985
wilsoot01,21,3.1,198503120GSW-GSW,198503120GSW-SAS,GSW-1985,1,1985,65.10000000000001,57.82727272727273,wilsoot01-1985
aleksch01,19,-1.6,198503120GSW-GSW,198503120GSW-SAS,GSW-1985,1,1985,-30.400000000000002,57.82727272727273,aleksch01-1985
johnsmi01,16,-2.1,198503120GSW-GSW,198503120GSW-SAS,GSW-1985,1,1985,-33.6,57.82727272727273,johnsmi01-1985
teaglte01,12,1.5,198503120GSW-GSW,198503120GSW-SAS,GSW-1985,1,1985,18,57.82727272727273,teaglte01-1985
thibepe01,11,1.8,198503120GSW-GSW,198503120GSW-SAS,GSW-1985,1,1985,19.8,57.82727272727273,thibepe01-1985
plummga01,2,-1.2,198503120GSW-GSW,198503120GSW-SAS,GSW-1985,1,1985,-2.4,57.82727272727273,plummga01-1985
shortpu01,44,2.6,198503140GSW-GSW,198503140GSW-ATL,GSW-1985,0,1985,114.4,11.490000000000004,shortpu01-1985
floydsl01,36,-0.1,198503140GSW-GSW,198503140GSW-ATL,GSW-1985,0,1985,-3.6,11.490000000000004,floydsl01-1985
whiteje01,36,-3.3,198503140GSW-GSW,198503140GSW-ATL,GSW-1985,0,1985,-118.8,11.490000000000004,whiteje01-1985
smithla01,29,0,198503140GSW-GSW,198503140GSW-ATL,GSW-1985,0,1985,0,11.490000000000004,smithla01-1985
connele01,28,8.8,198503140GSW-GSW,198503140GSW-ATL,GSW-1985,0,1985,246.40000000000003,11.490000000000004,connele01-1985
wilsoot01,20,-1.3,198503140GSW-GSW,198503140GSW-ATL,GSW-1985,0,1985,-26,11.490000000000004,wilsoot01-1985
johnsmi01,19,-2.5,198503140GSW-GSW,198503140GSW-ATL,GSW-1985,0,1985,-47.5,11.490000000000004,johnsmi01-1985
aleksch01,12,-1.6,198503140GSW-GSW,198503140GSW-ATL,GSW-1985,0,1985,-19.200000000000003,11.490000000000004,aleksch01-1985
teaglte01,12,-2.9,198503140GSW-GSW,198503140GSW-ATL,GSW-1985,0,1985,-34.8,11.490000000000004,teaglte01-1985
thibepe01,4,1,198503140GSW-GSW,198503140GSW-ATL,GSW-1985,0,1985,4,11.490000000000004,thibepe01-1985
drexlcl01,39,7.2,198503150POR-POR,198503150POR-GSW,POR-1985,1,1985,280.8,47.88181818181818,drexlcl01-1985
coltest01,36,-5.1,198503150POR-POR,198503150POR-GSW,POR-1985,1,1985,-183.6,47.88181818181818,coltest01-1985
vandeki01,31,4.2,198503150POR-POR,198503150POR-GSW,POR-1985,1,1985,130.20000000000002,47.88181818181818,vandeki01-1985
bowiesa01,30,7,198503150POR-POR,198503150POR-GSW,POR-1985,1,1985,210,47.88181818181818,bowiesa01-1985
carrke01,23,-2.7,198503150POR-POR,198503150POR-GSW,POR-1985,1,1985,-62.1,47.88181818181818,carrke01-1985
thompmy01,19,0.1,198503150POR-POR,198503150POR-GSW,POR-1985,1,1985,1.9000000000000001,47.88181818181818,thompmy01-1985
norriau01,18,5.2,198503150POR-POR,198503150POR-GSW,POR-1985,1,1985,93.60000000000001,47.88181818181818,norriau01-1985
valenda01,14,-3.7,198503150POR-POR,198503150POR-GSW,POR-1985,1,1985,-51.800000000000004,47.88181818181818,valenda01-1985
kerseje01,13,5.7,198503150POR-POR,198503150POR-GSW,POR-1985,1,1985,74.10000000000001,47.88181818181818,kerseje01-1985
thompbe01,11,3.6,198503150POR-POR,198503150POR-GSW,POR-1985,1,1985,39.6,47.88181818181818,thompbe01-1985
schefto01,6,-1,198503150POR-POR,198503150POR-GSW,POR-1985,1,1985,-6,47.88181818181818,schefto01-1985
nixonno01,36,-0.9,198503170LAC-LAC,198503170LAC-GSW,LAC-1985,0,1985,-32.4,12.6,nixonno01-1985
smithde02,36,5.7,198503170LAC-LAC,198503170LAC-GSW,LAC-1985,0,1985,205.20000000000002,12.6,smithde02-1985
johnsma01,30,-1.4,198503170LAC-LAC,198503170LAC-GSW,LAC-1985,0,1985,-42,12.6,johnsma01-1985
donalja01,28,2.3,198503170LAC-LAC,198503170LAC-GSW,LAC-1985,0,1985,64.39999999999999,12.6,donalja01-1985
catchha01,21,2.5,198503170LAC-LAC,198503170LAC-GSW,LAC-1985,0,1985,52.5,12.6,catchha01-1985
waltobi01,21,-2.6,198503170LAC-LAC,198503170LAC-GSW,LAC-1985,0,1985,-54.6,12.6,waltobi01-1985
bridgju01,20,2.6,198503170LAC-LAC,198503170LAC-GSW,LAC-1985,0,1985,52,12.6,bridgju01-1985
edwarfr01,13,1.6,198503170LAC-LAC,198503170LAC-GSW,LAC-1985,0,1985,20.8,12.6,edwarfr01-1985
gordola01,12,-5.4,198503170LAC-LAC,198503170LAC-GSW,LAC-1985,0,1985,-64.80000000000001,12.6,gordola01-1985
cagemi01,11,-3.4,198503170LAC-LAC,198503170LAC-GSW,LAC-1985,0,1985,-37.4,12.6,cagemi01-1985
whitero01,7,0,198503170LAC-LAC,198503170LAC-GSW,LAC-1985,0,1985,0,12.6,whitero01-1985
wilkida01,5,-2.5,198503170LAC-LAC,198503170LAC-GSW,LAC-1985,0,1985,-12.5,12.6,wilkida01-1985
baileth01,40,3.9,198503180UTA-UTA,198503180UTA-GSW,UTA-1985,1,1985,156,35.24545454545455,baileth01-1985
griffda01,36,2.5,198503180UTA-UTA,198503180UTA-GSW,UTA-1985,1,1985,90,35.24545454545455,griffda01-1985
greenri01,34,0.3,198503180UTA-UTA,198503180UTA-GSW,UTA-1985,1,1985,10.2,35.24545454545455,greenri01-1985
wilkije01,26,-2.9,198503180UTA-UTA,198503180UTA-GSW,UTA-1985,1,1985,-75.39999999999999,35.24545454545455,wilkije01-1985
dantlad01,25,8.6,198503180UTA-UTA,198503180UTA-GSW,UTA-1985,1,1985,215,35.24545454545455,dantlad01-1985
kelleri01,23,1.3,198503180UTA-UTA,198503180UTA-GSW,UTA-1985,1,1985,29.900000000000002,35.24545454545455,kelleri01-1985
eatonma01,20,0.4,198503180UTA-UTA,198503180UTA-GSW,UTA-1985,1,1985,8,35.24545454545455,eatonma01-1985
stockjo01,14,-1.6,198503180UTA-UTA,198503180UTA-GSW,UTA-1985,1,1985,-22.400000000000002,35.24545454545455,stockjo01-1985
roberfr01,13,-2.4,198503180UTA-UTA,198503180UTA-GSW,UTA-1985,1,1985,-31.2,35.24545454545455,roberfr01-1985
paultbi01,5,1.2,198503180UTA-UTA,198503180UTA-GSW,UTA-1985,1,1985,6,35.24545454545455,paultbi01-1985
hansebo01,4,0.4,198503180UTA-UTA,198503180UTA-GSW,UTA-1985,1,1985,1.6,35.24545454545455,hansebo01-1985
brickfr01,42,5.6,198503200SEA-SEA,198503200SEA-GSW,SEA-1985,1,1985,235.2,40.72727272727273,brickfr01-1985
mccorti01,32,2.5,198503200SEA-SEA,198503200SEA-GSW,SEA-1985,1,1985,80,40.72727272727273,mccorti01-1985
vraneda01,32,3.5,198503200SEA-SEA,198503200SEA-GSW,SEA-1985,1,1985,112,40.72727272727273,vraneda01-1985
hendege01,28,0,198503200SEA-SEA,198503200SEA-GSW,SEA-1985,1,1985,0,40.72727272727273,hendege01-1985
chambto01,28,2.3,198503200SEA-SEA,198503200SEA-GSW,SEA-1985,1,1985,64.39999999999999,40.72727272727273,chambto01-1985
woodal01,27,-0.2,198503200SEA-SEA,198503200SEA-GSW,SEA-1985,1,1985,-5.4,40.72727272727273,woodal01-1985
sundvjo01,19,-2.6,198503200SEA-SEA,198503200SEA-GSW,SEA-1985,1,1985,-49.4,40.72727272727273,sundvjo01-1985
blackco01,18,1.8,198503200SEA-SEA,198503200SEA-GSW,SEA-1985,1,1985,32.4,40.72727272727273,blackco01-1985
kingre01,8,-1.6,198503200SEA-SEA,198503200SEA-GSW,SEA-1985,1,1985,-12.8,40.72727272727273,kingre01-1985
soberri01,4,-1.6,198503200SEA-SEA,198503200SEA-GSW,SEA-1985,1,1985,-6.4,40.72727272727273,soberri01-1985
schwejo01,2,-1,198503200SEA-SEA,198503200SEA-GSW,SEA-1985,1,1985,-2,40.72727272727273,schwejo01-1985
floydsl01,39,0.8,198503210GSW-GSW,198503210GSW-DET,GSW-1985,0,1985,31.200000000000003,26.645454545454545,floydsl01-1985
shortpu01,39,7.8,198503210GSW-GSW,198503210GSW-DET,GSW-1985,0,1985,304.2,26.645454545454545,shortpu01-1985
smithla01,33,5.6,198503210GSW-GSW,198503210GSW-DET,GSW-1985,0,1985,184.79999999999998,26.645454545454545,smithla01-1985
whiteje01,31,-3.5,198503210GSW-GSW,198503210GSW-DET,GSW-1985,0,1985,-108.5,26.645454545454545,whiteje01-1985
wilsoot01,26,-2.2,198503210GSW-GSW,198503210GSW-DET,GSW-1985,0,1985,-57.2,26.645454545454545,wilsoot01-1985
connele01,22,-4.3,198503210GSW-GSW,198503210GSW-DET,GSW-1985,0,1985,-94.6,26.645454545454545,connele01-1985
thibepe01,14,5.9,198503210GSW-GSW,198503210GSW-DET,GSW-1985,0,1985,82.60000000000001,26.645454545454545,thibepe01-1985
aleksch01,13,-0.3,198503210GSW-GSW,198503210GSW-DET,GSW-1985,0,1985,-3.9,26.645454545454545,aleksch01-1985
teaglte01,9,-0.5,198503210GSW-GSW,198503210GSW-DET,GSW-1985,0,1985,-4.5,26.645454545454545,teaglte01-1985
johnsmi01,8,-2.5,198503210GSW-GSW,198503210GSW-DET,GSW-1985,0,1985,-20,26.645454545454545,johnsmi01-1985
plummga01,6,-3.5,198503210GSW-GSW,198503210GSW-DET,GSW-1985,0,1985,-21,26.645454545454545,plummga01-1985
smithla01,37,3.3,198503230GSW-GSW,198503230GSW-PHO,GSW-1985,1,1985,122.1,36.61,smithla01-1985
floydsl01,32,6.5,198503230GSW-GSW,198503230GSW-PHO,GSW-1985,1,1985,208,36.61,floydsl01-1985
shortpu01,29,5.2,198503230GSW-GSW,198503230GSW-PHO,GSW-1985,1,1985,150.8,36.61,shortpu01-1985
whiteje01,28,-1.4,198503230GSW-GSW,198503230GSW-PHO,GSW-1985,1,1985,-39.199999999999996,36.61,whiteje01-1985
connele01,26,-1.7,198503230GSW-GSW,198503230GSW-PHO,GSW-1985,1,1985,-44.199999999999996,36.61,connele01-1985
wilsoot01,22,-0.7,198503230GSW-GSW,198503230GSW-PHO,GSW-1985,1,1985,-15.399999999999999,36.61,wilsoot01-1985
aleksch01,20,4.1,198503230GSW-GSW,198503230GSW-PHO,GSW-1985,1,1985,82,36.61,aleksch01-1985
thibepe01,18,-6.6,198503230GSW-GSW,198503230GSW-PHO,GSW-1985,1,1985,-118.8,36.61,thibepe01-1985
teaglte01,16,0.7,198503230GSW-GSW,198503230GSW-PHO,GSW-1985,1,1985,11.2,36.61,teaglte01-1985
plummga01,12,0.8,198503230GSW-GSW,198503230GSW-PHO,GSW-1985,1,1985,9.600000000000001,36.61,plummga01-1985
harpede01,33,1.8,198503260DAL-DAL,198503260DAL-GSW,DAL-1985,1,1985,59.4,47.38181818181818,harpede01-1985
blackro01,32,4.4,198503260DAL-DAL,198503260DAL-GSW,DAL-1985,1,1985,140.8,47.38181818181818,blackro01-1985
aguirma01,29,7.7,198503260DAL-DAL,198503260DAL-GSW,DAL-1985,1,1985,223.3,47.38181818181818,aguirma01-1985
perkisa01,25,-0.1,198503260DAL-DAL,198503260DAL-GSW,DAL-1985,1,1985,-2.5,47.38181818181818,perkisa01-1985
bryanwa01,24,4.2,198503260DAL-DAL,198503260DAL-GSW,DAL-1985,1,1985,100.80000000000001,47.38181818181818,bryanwa01-1985
davisbr01,24,-0.4,198503260DAL-DAL,198503260DAL-GSW,DAL-1985,1,1985,-9.600000000000001,47.38181818181818,davisbr01-1985
vinceja01,22,-2.5,198503260DAL-DAL,198503260DAL-GSW,DAL-1985,1,1985,-55,47.38181818181818,vinceja01-1985
nimphku01,21,5.3,198503260DAL-DAL,198503260DAL-GSW,DAL-1985,1,1985,111.3,47.38181818181818,nimphku01-1985
ellisda01,19,-3.6,198503260DAL-DAL,198503260DAL-GSW,DAL-1985,1,1985,-68.4,47.38181818181818,ellisda01-1985
sittoch01,7,1.7,198503260DAL-DAL,198503260DAL-GSW,DAL-1985,1,1985,11.9,47.38181818181818,sittoch01-1985
slubyto01,4,2.3,198503260DAL-DAL,198503260DAL-GSW,DAL-1985,1,1985,9.2,47.38181818181818,slubyto01-1985
moorejo01,37,1.6,198503270SAS-SAS,198503270SAS-GSW,SAS-1985,1,1985,59.2,24.5,moorejo01-1985
mitchmi01,34,-1,198503270SAS-SAS,198503270SAS-GSW,SAS-1985,1,1985,-34,24.5,mitchmi01-1985
gilmoar01,32,-1,198503270SAS-SAS,198503270SAS-GSW,SAS-1985,1,1985,-32,24.5,gilmoar01-1985
banksge01,31,6.3,198503270SAS-SAS,198503270SAS-GSW,SAS-1985,1,1985,195.29999999999998,24.5,banksge01-1985
gervige01,31,1.6,198503270SAS-SAS,198503270SAS-GSW,SAS-1985,1,1985,49.6,24.5,gervige01-1985
roberal01,23,2.1,198503270SAS-SAS,198503270SAS-GSW,SAS-1985,1,1985,48.300000000000004,24.5,roberal01-1985
cookje01,16,1.1,198503270SAS-SAS,198503270SAS-GSW,SAS-1985,1,1985,17.6,24.5,cookje01-1985
jonesoz01,13,-0.5,198503270SAS-SAS,198503270SAS-GSW,SAS-1985,1,1985,-6.5,24.5,jonesoz01-1985
knighbi01,11,-1.4,198503270SAS-SAS,198503270SAS-GSW,SAS-1985,1,1985,-15.399999999999999,24.5,knighbi01-1985
iavarma01,6,-2.7,198503270SAS-SAS,198503270SAS-GSW,SAS-1985,1,1985,-16.200000000000003,24.5,iavarma01-1985
paxsojo01,6,0.6,198503270SAS-SAS,198503270SAS-GSW,SAS-1985,1,1985,3.5999999999999996,24.5,paxsojo01-1985
sampsra01,45,1.4,198503290HOU-HOU,198503290HOU-GSW,HOU-1985,1,1985,62.99999999999999,24.62222222222222,sampsra01-1985
olajuha01,33,-5.7,198503290HOU-HOU,198503290HOU-GSW,HOU-1985,1,1985,-188.1,24.62222222222222,olajuha01-1985
mccraro01,29,1.1,198503290HOU-HOU,198503290HOU-GSW,HOU-1985,1,1985,31.900000000000002,24.62222222222222,mccraro01-1985
lucasjo01,27,4.1,198503290HOU-HOU,198503290HOU-GSW,HOU-1985,1,1985,110.69999999999999,24.62222222222222,lucasjo01-1985
lloydle01,25,2.9,198503290HOU-HOU,198503290HOU-GSW,HOU-1985,1,1985,72.5,24.62222222222222,lloydle01-1985
wiggimi01,23,-0.8,198503290HOU-HOU,198503290HOU-GSW,HOU-1985,1,1985,-18.400000000000002,24.62222222222222,wiggimi01-1985
hollili01,21,-0.2,198503290HOU-HOU,198503290HOU-GSW,HOU-1985,1,1985,-4.2,24.62222222222222,hollili01-1985
reidro01,19,4.8,198503290HOU-HOU,198503290HOU-GSW,HOU-1985,1,1985,91.2,24.62222222222222,reidro01-1985
michela01,18,3.5,198503290HOU-HOU,198503290HOU-GSW,HOU-1985,1,1985,63,24.62222222222222,michela01-1985
drewla01,39,0.2,198503300KCK-KCK,198503300KCK-GSW,KCK-1985,1,1985,7.800000000000001,38.1,drewla01-1985
johnsed03,39,-2,198503300KCK-KCK,198503300KCK-GSW,KCK-1985,1,1985,-78,38.1,johnsed03-1985
theusre01,35,11.8,198503300KCK-KCK,198503300KCK-GSW,KCK-1985,1,1985,413,38.1,theusre01-1985
thorpot01,32,6.4,198503300KCK-KCK,198503300KCK-GSW,KCK-1985,1,1985,204.8,38.1,thorpot01-1985
thompla01,29,-3.7,198503300KCK-KCK,198503300KCK-GSW,KCK-1985,1,1985,-107.30000000000001,38.1,thompla01-1985
woodsmi01,22,-1.6,198503300KCK-KCK,198503300KCK-GSW,KCK-1985,1,1985,-35.2,38.1,woodsmi01-1985
olberma01,18,-0.5,198503300KCK-KCK,198503300KCK-GSW,KCK-1985,1,1985,-9,38.1,olberma01-1985
meriwjo01,15,0.3,198503300KCK-KCK,198503300KCK-GSW,KCK-1985,1,1985,4.5,38.1,meriwjo01-1985
nealyed01,9,2,198503300KCK-KCK,198503300KCK-GSW,KCK-1985,1,1985,18,38.1,nealyed01-1985
mcnamma01,1,-0.1,198503300KCK-KCK,198503300KCK-GSW,KCK-1985,1,1985,-0.1,38.1,mcnamma01-1985
verhope01,1,0.6,198503300KCK-KCK,198503300KCK-GSW,KCK-1985,1,1985,0.6,38.1,verhope01-1985
shortpu01,43,2,198504020GSW-GSW,198504020GSW-DAL,GSW-1985,0,1985,86,29.270000000000003,shortpu01-1985
smithla01,36,4,198504020GSW-GSW,198504020GSW-DAL,GSW-1985,0,1985,144,29.270000000000003,smithla01-1985
floydsl01,33,5.4,198504020GSW-GSW,198504020GSW-DAL,GSW-1985,0,1985,178.20000000000002,29.270000000000003,floydsl01-1985
whiteje01,33,-3.1,198504020GSW-GSW,198504020GSW-DAL,GSW-1985,0,1985,-102.3,29.270000000000003,whiteje01-1985
wilsoot01,22,-0.7,198504020GSW-GSW,198504020GSW-DAL,GSW-1985,0,1985,-15.399999999999999,29.270000000000003,wilsoot01-1985
connele01,22,3.2,198504020GSW-GSW,198504020GSW-DAL,GSW-1985,0,1985,70.4,29.270000000000003,connele01-1985
teaglte01,19,-0.4,198504020GSW-GSW,198504020GSW-DAL,GSW-1985,0,1985,-7.6000000000000005,29.270000000000003,teaglte01-1985
aleksch01,15,-2.9,198504020GSW-GSW,198504020GSW-DAL,GSW-1985,0,1985,-43.5,29.270000000000003,aleksch01-1985
thibepe01,11,0.3,198504020GSW-GSW,198504020GSW-DAL,GSW-1985,0,1985,3.3,29.270000000000003,thibepe01-1985
plummga01,6,-3.4,198504020GSW-GSW,198504020GSW-DAL,GSW-1985,0,1985,-20.4,29.270000000000003,plummga01-1985
shortpu01,40,11.6,198504040GSW-GSW,198504040GSW-HOU,GSW-1985,1,1985,464,54.53,shortpu01-1985
whiteje01,34,-2.3,198504040GSW-GSW,198504040GSW-HOU,GSW-1985,1,1985,-78.19999999999999,54.53,whiteje01-1985
floydsl01,31,-1.4,198504040GSW-GSW,198504040GSW-HOU,GSW-1985,1,1985,-43.4,54.53,floydsl01-1985
smithla01,30,4.2,198504040GSW-GSW,198504040GSW-HOU,GSW-1985,1,1985,126,54.53,smithla01-1985
connele01,28,2.2,198504040GSW-GSW,198504040GSW-HOU,GSW-1985,1,1985,61.60000000000001,54.53,connele01-1985
johnsmi01,26,1.1,198504040GSW-GSW,198504040GSW-HOU,GSW-1985,1,1985,28.6,54.53,johnsmi01-1985
wilsoot01,20,0.9,198504040GSW-GSW,198504040GSW-HOU,GSW-1985,1,1985,18,54.53,wilsoot01-1985
teaglte01,17,-0.3,198504040GSW-GSW,198504040GSW-HOU,GSW-1985,1,1985,-5.1,54.53,teaglte01-1985
aleksch01,8,-2.3,198504040GSW-GSW,198504040GSW-HOU,GSW-1985,1,1985,-18.4,54.53,aleksch01-1985
plummga01,6,-1.3,198504040GSW-GSW,198504040GSW-HOU,GSW-1985,1,1985,-7.800000000000001,54.53,plummga01-1985
shortpu01,43,6,198504060GSW-GSW,198504060GSW-KCK,GSW-1985,1,1985,258,40.68181818181818,shortpu01-1985
smithla01,32,2,198504060GSW-GSW,198504060GSW-KCK,GSW-1985,1,1985,64,40.68181818181818,smithla01-1985
floydsl01,30,0.5,198504060GSW-GSW,198504060GSW-KCK,GSW-1985,1,1985,15,40.68181818181818,floydsl01-1985
connele01,27,8.4,198504060GSW-GSW,198504060GSW-KCK,GSW-1985,1,1985,226.8,40.68181818181818,connele01-1985
whiteje01,24,-3.8,198504060GSW-GSW,198504060GSW-KCK,GSW-1985,1,1985,-91.19999999999999,40.68181818181818,whiteje01-1985
wilsoot01,21,-4.4,198504060GSW-GSW,198504060GSW-KCK,GSW-1985,1,1985,-92.4,40.68181818181818,wilsoot01-1985
teaglte01,18,3.3,198504060GSW-GSW,198504060GSW-KCK,GSW-1985,1,1985,59.4,40.68181818181818,teaglte01-1985
johnsmi01,15,1.5,198504060GSW-GSW,198504060GSW-KCK,GSW-1985,1,1985,22.5,40.68181818181818,johnsmi01-1985
plummga01,13,1.7,198504060GSW-GSW,198504060GSW-KCK,GSW-1985,1,1985,22.099999999999998,40.68181818181818,plummga01-1985
aleksch01,12,-3.1,198504060GSW-GSW,198504060GSW-KCK,GSW-1985,1,1985,-37.2,40.68181818181818,aleksch01-1985
thibepe01,5,0.1,198504060GSW-GSW,198504060GSW-KCK,GSW-1985,1,1985,0.5,40.68181818181818,thibepe01-1985
englial01,41,7.9,198504070DEN-DEN,198504070DEN-GSW,DEN-1985,1,1985,323.90000000000003,37.75833333333333,englial01-1985
leverfa01,37,8.1,198504070DEN-DEN,198504070DEN-GSW,DEN-1985,1,1985,299.7,37.75833333333333,leverfa01-1985
coopewa01,31,-1.3,198504070DEN-DEN,198504070DEN-GSW,DEN-1985,1,1985,-40.300000000000004,37.75833333333333,coopewa01-1985
dunntr01,25,-3.5,198504070DEN-DEN,198504070DEN-GSW,DEN-1985,1,1985,-87.5,37.75833333333333,dunntr01-1985
kopicjo01,21,-1.6,198504070DEN-DEN,198504070DEN-GSW,DEN-1985,1,1985,-33.6,37.75833333333333,kopicjo01-1985
turneel01,18,1.5,198504070DEN-DEN,198504070DEN-GSW,DEN-1985,1,1985,27,37.75833333333333,turneel01-1985
nattca01,17,-0.2,198504070DEN-DEN,198504070DEN-GSW,DEN-1985,1,1985,-3.4000000000000004,37.75833333333333,nattca01-1985
hanzlbi01,17,-1.8,198504070DEN-DEN,198504070DEN-GSW,DEN-1985,1,1985,-30.6,37.75833333333333,hanzlbi01-1985
evansmi01,11,-4.8,198504070DEN-DEN,198504070DEN-GSW,DEN-1985,1,1985,-52.8,37.75833333333333,evansmi01-1985
isselda01,10,5.7,198504070DEN-DEN,198504070DEN-GSW,DEN-1985,1,1985,57,37.75833333333333,isselda01-1985
schayda01,7,-0.4,198504070DEN-DEN,198504070DEN-GSW,DEN-1985,1,1985,-2.8000000000000003,37.75833333333333,schayda01-1985
whitewi01,5,-0.7,198504070DEN-DEN,198504070DEN-GSW,DEN-1985,1,1985,-3.5,37.75833333333333,whitewi01-1985
shortpu01,45,5.4,198504110GSW-GSW,198504110GSW-LAL,GSW-1985,0,1985,243.00000000000003,37.56,shortpu01-1985
floydsl01,44,3.8,198504110GSW-GSW,198504110GSW-LAL,GSW-1985,0,1985,167.2,37.56,floydsl01-1985
smithla01,40,-1.6,198504110GSW-GSW,198504110GSW-LAL,GSW-1985,0,1985,-64,37.56,smithla01-1985
whiteje01,31,0.2,198504110GSW-GSW,198504110GSW-LAL,GSW-1985,0,1985,6.2,37.56,whiteje01-1985
teaglte01,30,1.7,198504110GSW-GSW,198504110GSW-LAL,GSW-1985,0,1985,51,37.56,teaglte01-1985
wilsoot01,20,-0.7,198504110GSW-GSW,198504110GSW-LAL,GSW-1985,0,1985,-14,37.56,wilsoot01-1985
plummga01,11,-1.6,198504110GSW-GSW,198504110GSW-LAL,GSW-1985,0,1985,-17.6,37.56,plummga01-1985
aleksch01,9,-0.2,198504110GSW-GSW,198504110GSW-LAL,GSW-1985,0,1985,-1.8,37.56,aleksch01-1985
thibepe01,8,0.7,198504110GSW-GSW,198504110GSW-LAL,GSW-1985,0,1985,5.6,37.56,thibepe01-1985
connele01,2,0,198504110GSW-GSW,198504110GSW-LAL,GSW-1985,0,1985,0,37.56,connele01-1985
smithla01,39,-0.6,198504130GSW-GSW,198504130GSW-DEN,GSW-1985,0,1985,-23.4,-7.5249999999999995,smithla01-1985
shortpu01,37,-4.3,198504130GSW-GSW,198504130GSW-DEN,GSW-1985,0,1985,-159.1,-7.5249999999999995,shortpu01-1985
floydsl01,33,4.7,198504130GSW-GSW,198504130GSW-DEN,GSW-1985,0,1985,155.1,-7.5249999999999995,floydsl01-1985
teaglte01,30,-7.8,198504130GSW-GSW,198504130GSW-DEN,GSW-1985,0,1985,-234,-7.5249999999999995,teaglte01-1985
whiteje01,27,0.3,198504130GSW-GSW,198504130GSW-DEN,GSW-1985,0,1985,8.1,-7.5249999999999995,whiteje01-1985
johnsmi01,20,4.3,198504130GSW-GSW,198504130GSW-DEN,GSW-1985,0,1985,86,-7.5249999999999995,johnsmi01-1985
wilsoot01,16,7.1,198504130GSW-GSW,198504130GSW-DEN,GSW-1985,0,1985,113.6,-7.5249999999999995,wilsoot01-1985
plummga01,14,-4.6,198504130GSW-GSW,198504130GSW-DEN,GSW-1985,0,1985,-64.39999999999999,-7.5249999999999995,plummga01-1985
connele01,11,0.2,198504130GSW-GSW,198504130GSW-DEN,GSW-1985,0,1985,2.2,-7.5249999999999995,connele01-1985
thibepe01,11,3.2,198504130GSW-GSW,198504130GSW-DEN,GSW-1985,0,1985,35.2,-7.5249999999999995,thibepe01-1985
aleksch01,6,0.5,198504130GSW-GSW,198504130GSW-DEN,GSW-1985,0,1985,3,-7.5249999999999995,aleksch01-1985
bratzmi01,6,-2.1,198504130GSW-GSW,198504130GSW-DEN,GSW-1985,0,1985,-12.600000000000001,-7.5249999999999995,bratzmi01-1985
adamsal01,42,10.3,198504140PHO-PHO,198504140PHO-GSW,PHO-1985,1,1985,432.6,63.67,adamsal01-1985
macyky01,39,3.2,198504140PHO-PHO,198504140PHO-GSW,PHO-1985,1,1985,124.80000000000001,63.67,macyky01-1985
humphja01,37,3.2,198504140PHO-PHO,198504140PHO-GSW,PHO-1985,1,1985,118.4,63.67,humphja01-1985
lucasma01,33,-1,198504140PHO-PHO,198504140PHO-GSW,PHO-1985,1,1985,-33,63.67,lucasma01-1985
sandemi01,25,4.1,198504140PHO-PHO,198504140PHO-GSW,PHO-1985,1,1985,102.49999999999999,63.67,sandemi01-1985
scottal01,22,-1.8,198504140PHO-PHO,198504140PHO-GSW,PHO-1985,1,1985,-39.6,63.67,scottal01-1985
fostero01,14,-2.1,198504140PHO-PHO,198504140PHO-GSW,PHO-1985,1,1985,-29.400000000000002,63.67,fostero01-1985
pittmch01,12,-1.7,198504140PHO-PHO,198504140PHO-GSW,PHO-1985,1,1985,-20.4,63.67,pittmch01-1985
edwarja01,8,-0.4,198504140PHO-PHO,198504140PHO-GSW,PHO-1985,1,1985,-3.2,63.67,edwarja01-1985
holtomi01,8,-2,198504140PHO-PHO,198504140PHO-GSW,PHO-1985,1,1985,-16,63.67,holtomi01-1985
nancela01,41,-1.8,198410260GSW-PHO,198410260GSW-GSW,PHO-1985,1,1985,-73.8,38.260000000000005,nancela01-1985
macyky01,38,7.2,198410260GSW-PHO,198410260GSW-GSW,PHO-1985,1,1985,273.6,38.260000000000005,macyky01-1985
adamsal01,28,2.9,198410260GSW-PHO,198410260GSW-GSW,PHO-1985,1,1985,81.2,38.260000000000005,adamsal01-1985
edwarja01,28,6,198410260GSW-PHO,198410260GSW-GSW,PHO-1985,1,1985,168,38.260000000000005,edwarja01-1985
holtomi01,24,-0.4,198410260GSW-PHO,198410260GSW-GSW,PHO-1985,1,1985,-9.600000000000001,38.260000000000005,holtomi01-1985
fostero01,24,3.1,198410260GSW-PHO,198410260GSW-GSW,PHO-1985,1,1985,74.4,38.260000000000005,fostero01-1985
scottal01,20,-2.6,198410260GSW-PHO,198410260GSW-GSW,PHO-1985,1,1985,-52,38.260000000000005,scottal01-1985
pittmch01,15,-4.4,198410260GSW-PHO,198410260GSW-GSW,PHO-1985,1,1985,-66,38.260000000000005,pittmch01-1985
robeyri01,12,-1.1,198410260GSW-PHO,198410260GSW-GSW,PHO-1985,1,1985,-13.200000000000001,38.260000000000005,robeyri01-1985
humphja01,10,0,198410260GSW-PHO,198410260GSW-GSW,PHO-1985,1,1985,0,38.260000000000005,humphja01-1985
shortpu01,38,13.5,198410270DEN-GSW,198410270DEN-DEN,GSW-1985,0,1985,513,39.05,shortpu01-1985
whiteje01,36,0.2,198410270DEN-GSW,198410270DEN-DEN,GSW-1985,0,1985,7.2,39.05,whiteje01-1985
bratzmi01,32,2.6,198410270DEN-GSW,198410270DEN-DEN,GSW-1985,0,1985,83.2,39.05,bratzmi01-1985
floydsl01,28,-1.6,198410270DEN-GSW,198410270DEN-DEN,GSW-1985,0,1985,-44.800000000000004,39.05,floydsl01-1985
smithla01,25,1.3,198410270DEN-GSW,198410270DEN-DEN,GSW-1985,0,1985,32.5,39.05,smithla01-1985
johnsmi01,23,-1.9,198410270DEN-GSW,198410270DEN-DEN,GSW-1985,0,1985,-43.699999999999996,39.05,johnsmi01-1985
wilsoot01,19,-2.7,198410270DEN-GSW,198410270DEN-DEN,GSW-1985,0,1985,-51.300000000000004,39.05,wilsoot01-1985
burttst01,17,-4.6,198410270DEN-GSW,198410270DEN-DEN,GSW-1985,0,1985,-78.19999999999999,39.05,burttst01-1985
aleksch01,12,-3.2,198410270DEN-GSW,198410270DEN-DEN,GSW-1985,0,1985,-38.400000000000006,39.05,aleksch01-1985
thibepe01,10,1.1,198410270DEN-GSW,198410270DEN-DEN,GSW-1985,0,1985,11,39.05,thibepe01-1985
floydsl01,38,-4.3,198410300LAL-GSW,198410300LAL-LAL,GSW-1985,0,1985,-163.4,-30.154545454545456,floydsl01-1985
bratzmi01,35,0.5,198410300LAL-GSW,198410300LAL-LAL,GSW-1985,0,1985,17.5,-30.154545454545456,bratzmi01-1985
shortpu01,35,-3.8,198410300LAL-GSW,198410300LAL-LAL,GSW-1985,0,1985,-133,-30.154545454545456,shortpu01-1985
smithla01,31,0.2,198410300LAL-GSW,198410300LAL-LAL,GSW-1985,0,1985,6.2,-30.154545454545456,smithla01-1985
whiteje01,29,-3.6,198410300LAL-GSW,198410300LAL-LAL,GSW-1985,0,1985,-104.4,-30.154545454545456,whiteje01-1985
johnsmi01,22,3.6,198410300LAL-GSW,198410300LAL-LAL,GSW-1985,0,1985,79.2,-30.154545454545456,johnsmi01-1985
wilsoot01,17,-0.4,198410300LAL-GSW,198410300LAL-LAL,GSW-1985,0,1985,-6.800000000000001,-30.154545454545456,wilsoot01-1985
aleksch01,15,-0.9,198410300LAL-GSW,198410300LAL-LAL,GSW-1985,0,1985,-13.5,-30.154545454545456,aleksch01-1985
burttst01,10,-0.2,198410300LAL-GSW,198410300LAL-LAL,GSW-1985,0,1985,-2,-30.154545454545456,burttst01-1985
plummga01,5,-2.6,198410300LAL-GSW,198410300LAL-LAL,GSW-1985,0,1985,-13,-30.154545454545456,plummga01-1985
thibepe01,3,0.5,198410300LAL-GSW,198410300LAL-LAL,GSW-1985,0,1985,1.5,-30.154545454545456,thibepe01-1985
mitchmi01,38,6.8,198411010GSW-SAS,198411010GSW-GSW,SAS-1985,1,1985,258.4,50.92,mitchmi01-1985
gilmoar01,34,1.1,198411010GSW-SAS,198411010GSW-GSW,SAS-1985,1,1985,37.400000000000006,50.92,gilmoar01-1985
banksge01,28,-0.1,198411010GSW-SAS,198411010GSW-GSW,SAS-1985,1,1985,-2.8000000000000003,50.92,banksge01-1985
moorejo01,27,-0.6,198411010GSW-SAS,198411010GSW-GSW,SAS-1985,1,1985,-16.2,50.92,moorejo01-1985
jonesoz01,26,2.2,198411010GSW-SAS,198411010GSW-GSW,SAS-1985,1,1985,57.2,50.92,jonesoz01-1985
paxsojo01,25,8.6,198411010GSW-SAS,198411010GSW-GSW,SAS-1985,1,1985,215,50.92,paxsojo01-1985
gervige01,22,-3.1,198411010GSW-SAS,198411010GSW-GSW,SAS-1985,1,1985,-68.2,50.92,gervige01-1985
roberal01,20,1.7,198411010GSW-SAS,198411010GSW-GSW,SAS-1985,1,1985,34,50.92,roberal01-1985
roberfr01,16,0,198411010GSW-SAS,198411010GSW-GSW,SAS-1985,1,1985,0,50.92,roberfr01-1985
mcnamma01,4,-1.4,198411010GSW-SAS,198411010GSW-GSW,SAS-1985,1,1985,-5.6,50.92,mcnamma01-1985
griffda01,40,5.4,198411030GSW-UTA,198411030GSW-GSW,UTA-1985,0,1985,216,12.566666666666666,griffda01-1985
drewjo01,32,-1.4,198411030GSW-UTA,198411030GSW-GSW,UTA-1985,0,1985,-44.8,12.566666666666666,drewjo01-1985
greenri01,32,-1.6,198411030GSW-UTA,198411030GSW-GSW,UTA-1985,0,1985,-51.2,12.566666666666666,greenri01-1985
baileth01,29,0.6,198411030GSW-UTA,198411030GSW-GSW,UTA-1985,0,1985,17.4,12.566666666666666,baileth01-1985
eatonma01,25,3.3,198411030GSW-UTA,198411030GSW-GSW,UTA-1985,0,1985,82.5,12.566666666666666,eatonma01-1985
wilkije01,24,-2.4,198411030GSW-UTA,198411030GSW-GSW,UTA-1985,0,1985,-57.599999999999994,12.566666666666666,wilkije01-1985
kelleri01,20,2.2,198411030GSW-UTA,198411030GSW-GSW,UTA-1985,0,1985,44,12.566666666666666,kelleri01-1985
stockjo01,17,-0.5,198411030GSW-UTA,198411030GSW-GSW,UTA-1985,0,1985,-8.5,12.566666666666666,stockjo01-1985
anderjj01,9,-5,198411030GSW-UTA,198411030GSW-GSW,UTA-1985,0,1985,-45,12.566666666666666,anderjj01-1985
hansebo01,5,0.8,198411030GSW-UTA,198411030GSW-GSW,UTA-1985,0,1985,4,12.566666666666666,hansebo01-1985
nattke01,4,-1.5,198411030GSW-UTA,198411030GSW-GSW,UTA-1985,0,1985,-6,12.566666666666666,nattke01-1985
paultbi01,3,0,198411030GSW-UTA,198411030GSW-GSW,UTA-1985,0,1985,0,12.566666666666666,paultbi01-1985
johnsma02,40,5.3,198411080GSW-LAL,198411080GSW-GSW,LAL-1985,0,1985,212,12.888888888888888,johnsma02-1985
worthja01,37,-0.4,198411080GSW-LAL,198411080GSW-GSW,LAL-1985,0,1985,-14.8,12.888888888888888,worthja01-1985
abdulka01,36,-1.5,198411080GSW-LAL,198411080GSW-GSW,LAL-1985,0,1985,-54,12.888888888888888,abdulka01-1985
scottby01,35,-0.8,198411080GSW-LAL,198411080GSW-GSW,LAL-1985,0,1985,-28,12.888888888888888,scottby01-1985
wilkeja01,26,-3.7,198411080GSW-LAL,198411080GSW-GSW,LAL-1985,0,1985,-96.2,12.888888888888888,wilkeja01-1985
coopemi01,26,4.1,198411080GSW-LAL,198411080GSW-GSW,LAL-1985,0,1985,106.6,12.888888888888888,coopemi01-1985
rambiku01,17,2.6,198411080GSW-LAL,198411080GSW-GSW,LAL-1985,0,1985,44.2,12.888888888888888,rambiku01-1985
mcgeemi01,13,-3.6,198411080GSW-LAL,198411080GSW-GSW,LAL-1985,0,1985,-46.800000000000004,12.888888888888888,mcgeemi01-1985
kupchmi01,10,-0.7,198411080GSW-LAL,198411080GSW-GSW,LAL-1985,0,1985,-7,12.888888888888888,kupchmi01-1985
shortpu01,43,4.3,198411090UTA-GSW,198411090UTA-UTA,GSW-1985,0,1985,184.9,3.2,shortpu01-1985
smithla01,41,3.5,198411090UTA-GSW,198411090UTA-UTA,GSW-1985,0,1985,143.5,3.2,smithla01-1985
floydsl01,35,-1.4,198411090UTA-GSW,198411090UTA-UTA,GSW-1985,0,1985,-49,3.2,floydsl01-1985
whiteje01,33,-2.1,198411090UTA-GSW,198411090UTA-UTA,GSW-1985,0,1985,-69.3,3.2,whiteje01-1985
bratzmi01,26,-8.4,198411090UTA-GSW,198411090UTA-UTA,GSW-1985,0,1985,-218.4,3.2,bratzmi01-1985
connele01,25,-0.1,198411090UTA-GSW,198411090UTA-UTA,GSW-1985,0,1985,-2.5,3.2,connele01-1985
aleksch01,20,-0.9,198411090UTA-GSW,198411090UTA-UTA,GSW-1985,0,1985,-18,3.2,aleksch01-1985
plummga01,14,-0.2,198411090UTA-GSW,198411090UTA-UTA,GSW-1985,0,1985,-2.8000000000000003,3.2,plummga01-1985
wilsoot01,12,2.5,198411090UTA-GSW,198411090UTA-UTA,GSW-1985,0,1985,30,3.2,wilsoot01-1985
burttst01,8,1.4,198411090UTA-GSW,198411090UTA-UTA,GSW-1985,0,1985,11.2,3.2,burttst01-1985
johnsmi01,8,3.2,198411090UTA-GSW,198411090UTA-UTA,GSW-1985,0,1985,25.6,3.2,johnsmi01-1985
shortpu01,41,11.4,198411110POR-GSW,198411110POR-POR,GSW-1985,0,1985,467.40000000000003,31.700000000000003,shortpu01-1985
smithla01,37,5.5,198411110POR-GSW,198411110POR-POR,GSW-1985,0,1985,203.5,31.700000000000003,smithla01-1985
whiteje01,36,-0.9,198411110POR-GSW,198411110POR-POR,GSW-1985,0,1985,-32.4,31.700000000000003,whiteje01-1985
connele01,30,-1.8,198411110POR-GSW,198411110POR-POR,GSW-1985,0,1985,-54,31.700000000000003,connele01-1985
floydsl01,23,-5.7,198411110POR-GSW,198411110POR-POR,GSW-1985,0,1985,-131.1,31.700000000000003,floydsl01-1985
bratzmi01,18,-1.7,198411110POR-GSW,198411110POR-POR,GSW-1985,0,1985,-30.599999999999998,31.700000000000003,bratzmi01-1985
wilsoot01,17,0.8,198411110POR-GSW,198411110POR-POR,GSW-1985,0,1985,13.600000000000001,31.700000000000003,wilsoot01-1985
plummga01,13,-2.4,198411110POR-GSW,198411110POR-POR,GSW-1985,0,1985,-31.2,31.700000000000003,plummga01-1985
aleksch01,12,-4.2,198411110POR-GSW,198411110POR-POR,GSW-1985,0,1985,-50.400000000000006,31.700000000000003,aleksch01-1985
burttst01,8,-1.2,198411110POR-GSW,198411110POR-POR,GSW-1985,0,1985,-9.6,31.700000000000003,burttst01-1985
thibepe01,5,0.7,198411110POR-GSW,198411110POR-POR,GSW-1985,0,1985,3.5,31.700000000000003,thibepe01-1985
shortpu01,43,-4.1,198411130SEA-GSW,198411130SEA-SEA,GSW-1985,0,1985,-176.29999999999998,-5.189999999999998,shortpu01-1985
floydsl01,31,1.5,198411130SEA-GSW,198411130SEA-SEA,GSW-1985,0,1985,46.5,-5.189999999999998,floydsl01-1985
wilsoot01,28,5.8,198411130SEA-GSW,198411130SEA-SEA,GSW-1985,0,1985,162.4,-5.189999999999998,wilsoot01-1985
smithla01,27,1,198411130SEA-GSW,198411130SEA-SEA,GSW-1985,0,1985,27,-5.189999999999998,smithla01-1985
whiteje01,25,-1.7,198411130SEA-GSW,198411130SEA-SEA,GSW-1985,0,1985,-42.5,-5.189999999999998,whiteje01-1985
aleksch01,23,-0.3,198411130SEA-GSW,198411130SEA-SEA,GSW-1985,0,1985,-6.8999999999999995,-5.189999999999998,aleksch01-1985
connele01,20,-2.1,198411130SEA-GSW,198411130SEA-SEA,GSW-1985,0,1985,-42,-5.189999999999998,connele01-1985
plummga01,20,0.1,198411130SEA-GSW,198411130SEA-SEA,GSW-1985,0,1985,2,-5.189999999999998,plummga01-1985
bratzmi01,17,-1.3,198411130SEA-GSW,198411130SEA-SEA,GSW-1985,0,1985,-22.1,-5.189999999999998,bratzmi01-1985
thibepe01,6,0,198411130SEA-GSW,198411130SEA-SEA,GSW-1985,0,1985,0,-5.189999999999998,thibepe01-1985
vinceja01,40,1.5,198411150GSW-DAL,198411150GSW-GSW,DAL-1985,0,1985,60,19.875,vinceja01-1985
aguirma01,36,2.4,198411150GSW-DAL,198411150GSW-GSW,DAL-1985,0,1985,86.39999999999999,19.875,aguirma01-1985
blackro01,32,-4.4,198411150GSW-DAL,198411150GSW-GSW,DAL-1985,0,1985,-140.8,19.875,blackro01-1985
harpede01,31,1.1,198411150GSW-DAL,198411150GSW-GSW,DAL-1985,0,1985,34.1,19.875,harpede01-1985
nimphku01,27,-1.6,198411150GSW-DAL,198411150GSW-GSW,DAL-1985,0,1985,-43.2,19.875,nimphku01-1985
perkisa01,24,-3.5,198411150GSW-DAL,198411150GSW-GSW,DAL-1985,0,1985,-84,19.875,perkisa01-1985
davisbr01,23,13.6,198411150GSW-DAL,198411150GSW-GSW,DAL-1985,0,1985,312.8,19.875,davisbr01-1985
ellisda01,17,-3.9,198411150GSW-DAL,198411150GSW-GSW,DAL-1985,0,1985,-66.3,19.875,ellisda01-1985
willibu01,41,-0.1,198411170GSW-NJN,198411170GSW-GSW,NJN-1985,1,1985,-4.1000000000000005,47.370000000000005,willibu01-1985
richami01,34,6.2,198411170GSW-NJN,198411170GSW-GSW,NJN-1985,1,1985,210.8,47.370000000000005,richami01-1985
gminsmi01,33,-0.3,198411170GSW-NJN,198411170GSW-GSW,NJN-1985,1,1985,-9.9,47.370000000000005,gminsmi01-1985
okoremi01,30,5.4,198411170GSW-NJN,198411170GSW-GSW,NJN-1985,1,1985,162,47.370000000000005,okoremi01-1985
cookda01,28,-0.4,198411170GSW-NJN,198411170GSW-GSW,NJN-1985,1,1985,-11.200000000000001,47.370000000000005,cookda01-1985
birdsot01,20,8.4,198411170GSW-NJN,198411170GSW-GSW,NJN-1985,1,1985,168,47.370000000000005,birdsot01-1985
johnsge02,17,-0.6,198411170GSW-NJN,198411170GSW-GSW,NJN-1985,1,1985,-10.2,47.370000000000005,johnsge02-1985
kingal01,17,-1.7,198411170GSW-NJN,198411170GSW-GSW,NJN-1985,1,1985,-28.9,47.370000000000005,kingal01-1985
ranseke01,13,-0.7,198411170GSW-NJN,198411170GSW-GSW,NJN-1985,1,1985,-9.1,47.370000000000005,ranseke01-1985
sapplwa01,7,0.9,198411170GSW-NJN,198411170GSW-GSW,NJN-1985,1,1985,6.3,47.370000000000005,sapplwa01-1985
shortpu01,40,3.7,198411200NYK-GSW,198411200NYK-NYK,GSW-1985,0,1985,148,13.036363636363637,shortpu01-1985
whiteje01,37,5,198411200NYK-GSW,198411200NYK-NYK,GSW-1985,0,1985,185,13.036363636363637,whiteje01-1985
connele01,33,-0.4,198411200NYK-GSW,198411200NYK-NYK,GSW-1985,0,1985,-13.200000000000001,13.036363636363637,connele01-1985
smithla01,33,-7.6,198411200NYK-GSW,198411200NYK-NYK,GSW-1985,0,1985,-250.79999999999998,13.036363636363637,smithla01-1985
floydsl01,32,3.2,198411200NYK-GSW,198411200NYK-NYK,GSW-1985,0,1985,102.4,13.036363636363637,floydsl01-1985
plummga01,17,-2.2,198411200NYK-GSW,198411200NYK-NYK,GSW-1985,0,1985,-37.400000000000006,13.036363636363637,plummga01-1985
bratzmi01,15,3.5,198411200NYK-GSW,198411200NYK-NYK,GSW-1985,0,1985,52.5,13.036363636363637,bratzmi01-1985
aleksch01,11,-1.5,198411200NYK-GSW,198411200NYK-NYK,GSW-1985,0,1985,-16.5,13.036363636363637,aleksch01-1985
wilsoot01,10,-1.9,198411200NYK-GSW,198411200NYK-NYK,GSW-1985,0,1985,-19,13.036363636363637,wilsoot01-1985
burttst01,7,0.2,198411200NYK-GSW,198411200NYK-NYK,GSW-1985,0,1985,1.4000000000000001,13.036363636363637,burttst01-1985
thibepe01,5,-1.8,198411200NYK-GSW,198411200NYK-NYK,GSW-1985,0,1985,-9,13.036363636363637,thibepe01-1985
wilsoot01,30,-5.7,198411210BOS-GSW,198411210BOS-BOS,GSW-1985,0,1985,-171,-42.96363636363636,wilsoot01-1985
shortpu01,29,1,198411210BOS-GSW,198411210BOS-BOS,GSW-1985,0,1985,29,-42.96363636363636,shortpu01-1985
smithla01,28,-3,198411210BOS-GSW,198411210BOS-BOS,GSW-1985,0,1985,-84,-42.96363636363636,smithla01-1985
whiteje01,27,2.6,198411210BOS-GSW,198411210BOS-BOS,GSW-1985,0,1985,70.2,-42.96363636363636,whiteje01-1985
floydsl01,24,-2.2,198411210BOS-GSW,198411210BOS-BOS,GSW-1985,0,1985,-52.800000000000004,-42.96363636363636,floydsl01-1985
plummga01,23,-1.9,198411210BOS-GSW,198411210BOS-BOS,GSW-1985,0,1985,-43.699999999999996,-42.96363636363636,plummga01-1985
aleksch01,21,-3.8,198411210BOS-GSW,198411210BOS-BOS,GSW-1985,0,1985,-79.8,-42.96363636363636,aleksch01-1985
connele01,17,-3.4,198411210BOS-GSW,198411210BOS-BOS,GSW-1985,0,1985,-57.8,-42.96363636363636,connele01-1985
burttst01,17,-0.3,198411210BOS-GSW,198411210BOS-BOS,GSW-1985,0,1985,-5.1,-42.96363636363636,burttst01-1985
thibepe01,16,-3.8,198411210BOS-GSW,198411210BOS-BOS,GSW-1985,0,1985,-60.8,-42.96363636363636,thibepe01-1985
bratzmi01,8,-2.1,198411210BOS-GSW,198411210BOS-BOS,GSW-1985,0,1985,-16.8,-42.96363636363636,bratzmi01-1985
shortpu01,45,-8,198411230CLE-GSW,198411230CLE-CLE,GSW-1985,1,1985,-360,25.46666666666667,shortpu01-1985
floydsl01,42,4.3,198411230CLE-GSW,198411230CLE-CLE,GSW-1985,1,1985,180.6,25.46666666666667,floydsl01-1985
whiteje01,37,3.7,198411230CLE-GSW,198411230CLE-CLE,GSW-1985,1,1985,136.9,25.46666666666667,whiteje01-1985
smithla01,33,0.8,198411230CLE-GSW,198411230CLE-CLE,GSW-1985,1,1985,26.400000000000002,25.46666666666667,smithla01-1985
connele01,32,10,198411230CLE-GSW,198411230CLE-CLE,GSW-1985,1,1985,320,25.46666666666667,connele01-1985
plummga01,18,-3.8,198411230CLE-GSW,198411230CLE-CLE,GSW-1985,1,1985,-68.39999999999999,25.46666666666667,plummga01-1985
bratzmi01,16,2.3,198411230CLE-GSW,198411230CLE-CLE,GSW-1985,1,1985,36.8,25.46666666666667,bratzmi01-1985
aleksch01,11,-3.1,198411230CLE-GSW,198411230CLE-CLE,GSW-1985,1,1985,-34.1,25.46666666666667,aleksch01-1985
burttst01,6,-1.5,198411230CLE-GSW,198411230CLE-CLE,GSW-1985,1,1985,-9,25.46666666666667,burttst01-1985
shortpu01,46,7.8,198411240MIL-GSW,198411240MIL-MIL,GSW-1985,0,1985,358.8,32.989999999999995,shortpu01-1985
floydsl01,41,4.6,198411240MIL-GSW,198411240MIL-MIL,GSW-1985,0,1985,188.6,32.989999999999995,floydsl01-1985
smithla01,34,-5.4,198411240MIL-GSW,198411240MIL-MIL,GSW-1985,0,1985,-183.60000000000002,32.989999999999995,smithla01-1985
whiteje01,27,-1.9,198411240MIL-GSW,198411240MIL-MIL,GSW-1985,0,1985,-51.3,32.989999999999995,whiteje01-1985
bratzmi01,22,5.3,198411240MIL-GSW,198411240MIL-MIL,GSW-1985,0,1985,116.6,32.989999999999995,bratzmi01-1985
connele01,21,-0.1,198411240MIL-GSW,198411240MIL-MIL,GSW-1985,0,1985,-2.1,32.989999999999995,connele01-1985
aleksch01,21,-2.7,198411240MIL-GSW,198411240MIL-MIL,GSW-1985,0,1985,-56.7,32.989999999999995,aleksch01-1985
wilsoot01,12,-0.1,198411240MIL-GSW,198411240MIL-MIL,GSW-1985,0,1985,-1.2000000000000002,32.989999999999995,wilsoot01-1985
plummga01,8,-1.9,198411240MIL-GSW,198411240MIL-MIL,GSW-1985,0,1985,-15.2,32.989999999999995,plummga01-1985
thibepe01,8,-3,198411240MIL-GSW,198411240MIL-MIL,GSW-1985,0,1985,-24,32.989999999999995,thibepe01-1985
corzida01,32,-1.5,198411270GSW-CHI,198411270GSW-GSW,CHI-1985,0,1985,-48,5.839999999999998,corzida01-1985
woolror01,31,2.8,198411270GSW-CHI,198411270GSW-GSW,CHI-1985,0,1985,86.8,5.839999999999998,woolror01-1985
matthwe01,28,4.7,198411270GSW-CHI,198411270GSW-GSW,CHI-1985,0,1985,131.6,5.839999999999998,matthwe01-1985
johnsst03,25,-7.4,198411270GSW-CHI,198411270GSW-GSW,CHI-1985,0,1985,-185,5.839999999999998,johnsst03-1985
jordami01,24,3.9,198411270GSW-CHI,198411270GSW-GSW,CHI-1985,0,1985,93.6,5.839999999999998,jordami01-1985
dailequ01,24,-2.2,198411270GSW-CHI,198411270GSW-GSW,CHI-1985,0,1985,-52.800000000000004,5.839999999999998,dailequ01-1985
greenda01,23,1.1,198411270GSW-CHI,198411270GSW-GSW,CHI-1985,0,1985,25.3,5.839999999999998,greenda01-1985
whatlen01,20,-0.6,198411270GSW-CHI,198411270GSW-GSW,CHI-1985,0,1985,-12,5.839999999999998,whatlen01-1985
higgiro01,17,2.9,198411270GSW-CHI,198411270GSW-GSW,CHI-1985,0,1985,49.3,5.839999999999998,higgiro01-1985
jonesca01,16,-1.9,198411270GSW-CHI,198411270GSW-GSW,CHI-1985,0,1985,-30.4,5.839999999999998,jonesca01-1985
johnsed03,37,4.3,198411290GSW-KCK,198411290GSW-GSW,KCK-1985,0,1985,159.1,20.836363636363636,johnsed03-1985
drewla01,34,0.6,198411290GSW-KCK,198411290GSW-GSW,KCK-1985,0,1985,20.4,20.836363636363636,drewla01-1985
olberma01,33,3.8,198411290GSW-KCK,198411290GSW-GSW,KCK-1985,0,1985,125.39999999999999,20.836363636363636,olberma01-1985
theusre01,33,1.2,198411290GSW-KCK,198411290GSW-GSW,KCK-1985,0,1985,39.6,20.836363636363636,theusre01-1985
thompla01,33,-1.7,198411290GSW-KCK,198411290GSW-GSW,KCK-1985,0,1985,-56.1,20.836363636363636,thompla01-1985
woodsmi01,20,-0.5,198411290GSW-KCK,198411290GSW-GSW,KCK-1985,0,1985,-10,20.836363636363636,woodsmi01-1985
meriwjo01,15,1.1,198411290GSW-KCK,198411290GSW-GSW,KCK-1985,0,1985,16.5,20.836363636363636,meriwjo01-1985
thorpot01,15,-4.4,198411290GSW-KCK,198411290GSW-GSW,KCK-1985,0,1985,-66,20.836363636363636,thorpot01-1985
busedo01,9,1,198411290GSW-KCK,198411290GSW-GSW,KCK-1985,0,1985,9,20.836363636363636,busedo01-1985
verhope01,6,-1.2,198411290GSW-KCK,198411290GSW-GSW,KCK-1985,0,1985,-7.199999999999999,20.836363636363636,verhope01-1985
knighbi01,5,-0.3,198411290GSW-KCK,198411290GSW-GSW,KCK-1985,0,1985,-1.5,20.836363636363636,knighbi01-1985
shortpu01,40,-1.9,198412010PHO-GSW,198412010PHO-PHO,GSW-1985,0,1985,-76,17.272727272727273,shortpu01-1985
whiteje01,37,2.2,198412010PHO-GSW,198412010PHO-PHO,GSW-1985,0,1985,81.4,17.272727272727273,whiteje01-1985
connele01,35,6.3,198412010PHO-GSW,198412010PHO-PHO,GSW-1985,0,1985,220.5,17.272727272727273,connele01-1985
floydsl01,35,-2.6,198412010PHO-GSW,198412010PHO-PHO,GSW-1985,0,1985,-91,17.272727272727273,floydsl01-1985
smithla01,24,4.1,198412010PHO-GSW,198412010PHO-PHO,GSW-1985,0,1985,98.39999999999999,17.272727272727273,smithla01-1985
johnsmi01,23,3.5,198412010PHO-GSW,198412010PHO-PHO,GSW-1985,0,1985,80.5,17.272727272727273,johnsmi01-1985
bratzmi01,16,-1.5,198412010PHO-GSW,198412010PHO-PHO,GSW-1985,0,1985,-24,17.272727272727273,bratzmi01-1985
aleksch01,11,-5.8,198412010PHO-GSW,198412010PHO-PHO,GSW-1985,0,1985,-63.8,17.272727272727273,aleksch01-1985
plummga01,9,0.3,198412010PHO-GSW,198412010PHO-PHO,GSW-1985,0,1985,2.6999999999999997,17.272727272727273,plummga01-1985
wilsoot01,7,-4.8,198412010PHO-GSW,198412010PHO-PHO,GSW-1985,0,1985,-33.6,17.272727272727273,wilsoot01-1985
burttst01,3,-1.7,198412010PHO-GSW,198412010PHO-PHO,GSW-1985,0,1985,-5.1,17.272727272727273,burttst01-1985
dantlad01,40,5.1,198412040GSW-UTA,198412040GSW-GSW,UTA-1985,1,1985,204,30.254545454545454,dantlad01-1985
griffda01,37,1.8,198412040GSW-UTA,198412040GSW-GSW,UTA-1985,1,1985,66.60000000000001,30.254545454545454,griffda01-1985
greenri01,36,0.9,198412040GSW-UTA,198412040GSW-GSW,UTA-1985,1,1985,32.4,30.254545454545454,greenri01-1985
eatonma01,33,2.2,198412040GSW-UTA,198412040GSW-GSW,UTA-1985,1,1985,72.60000000000001,30.254545454545454,eatonma01-1985
baileth01,28,-2.2,198412040GSW-UTA,198412040GSW-GSW,UTA-1985,1,1985,-61.60000000000001,30.254545454545454,baileth01-1985
kelleri01,15,0.4,198412040GSW-UTA,198412040GSW-GSW,UTA-1985,1,1985,6,30.254545454545454,kelleri01-1985
stockjo01,15,5.2,198412040GSW-UTA,198412040GSW-GSW,UTA-1985,1,1985,78,30.254545454545454,stockjo01-1985
wilkije01,14,-3,198412040GSW-UTA,198412040GSW-GSW,UTA-1985,1,1985,-42,30.254545454545454,wilkije01-1985
anderjj01,8,-1.4,198412040GSW-UTA,198412040GSW-GSW,UTA-1985,1,1985,-11.2,30.254545454545454,anderjj01-1985
hansebo01,8,-2.7,198412040GSW-UTA,198412040GSW-GSW,UTA-1985,1,1985,-21.6,30.254545454545454,hansebo01-1985
paultbi01,6,1.6,198412040GSW-UTA,198412040GSW-GSW,UTA-1985,1,1985,9.600000000000001,30.254545454545454,paultbi01-1985
olajuha01,45,14.4,198412060GSW-HOU,198412060GSW-GSW,HOU-1985,0,1985,648,78.71,olajuha01-1985
mccraro01,39,5.2,198412060GSW-HOU,198412060GSW-GSW,HOU-1985,0,1985,202.8,78.71,mccraro01-1985
sampsra01,39,-4,198412060GSW-HOU,198412060GSW-GSW,HOU-1985,0,1985,-156,78.71,sampsra01-1985
lucasjo01,38,8,198412060GSW-HOU,198412060GSW-GSW,HOU-1985,0,1985,304,78.71,lucasjo01-1985
reidro01,32,2.3,198412060GSW-HOU,198412060GSW-GSW,HOU-1985,0,1985,73.6,78.71,reidro01-1985
lloydle01,23,-10,198412060GSW-HOU,198412060GSW-GSW,HOU-1985,0,1985,-230,78.71,lloydle01-1985
fordph01,11,-3.2,198412060GSW-HOU,198412060GSW-GSW,HOU-1985,0,1985,-35.2,78.71,fordph01-1985
peterji01,7,-1.8,198412060GSW-HOU,198412060GSW-GSW,HOU-1985,0,1985,-12.6,78.71,peterji01-1985
mcdowha01,3,-1.3,198412060GSW-HOU,198412060GSW-GSW,HOU-1985,0,1985,-3.9000000000000004,78.71,mcdowha01-1985
wiggimi01,3,-1.2,198412060GSW-HOU,198412060GSW-GSW,HOU-1985,0,1985,-3.5999999999999996,78.71,wiggimi01-1985
holtomi01,40,6.9,198412080GSW-PHO,198412080GSW-GSW,PHO-1985,1,1985,276,45.26,holtomi01-1985
humphja01,36,3,198412080GSW-PHO,198412080GSW-GSW,PHO-1985,1,1985,108,45.26,humphja01-1985
adamsal01,33,2,198412080GSW-PHO,198412080GSW-GSW,PHO-1985,1,1985,66,45.26,adamsal01-1985
nancela01,28,0.8,198412080GSW-PHO,198412080GSW-GSW,PHO-1985,1,1985,22.400000000000002,45.26,nancela01-1985
edwarja01,26,-1,198412080GSW-PHO,198412080GSW-GSW,PHO-1985,1,1985,-26,45.26,edwarja01-1985
lucasma01,22,-1.3,198412080GSW-PHO,198412080GSW-GSW,PHO-1985,1,1985,-28.6,45.26,lucasma01-1985
fostero01,20,3.6,198412080GSW-PHO,198412080GSW-GSW,PHO-1985,1,1985,72,45.26,fostero01-1985
jonesch02,16,1.9,198412080GSW-PHO,198412080GSW-GSW,PHO-1985,1,1985,30.4,45.26,jonesch02-1985
scottal01,14,-2.9,198412080GSW-PHO,198412080GSW-GSW,PHO-1985,1,1985,-40.6,45.26,scottal01-1985
pittmch01,5,-5.4,198412080GSW-PHO,198412080GSW-GSW,PHO-1985,1,1985,-27,45.26,pittmch01-1985
nixonno01,41,0.6,198412110GSW-LAC,198412110GSW-GSW,LAC-1985,1,1985,24.599999999999998,28.410000000000004,nixonno01-1985
bridgju01,32,-0.9,198412110GSW-LAC,198412110GSW-GSW,LAC-1985,1,1985,-28.8,28.410000000000004,bridgju01-1985
cagemi01,30,1.5,198412110GSW-LAC,198412110GSW-GSW,LAC-1985,1,1985,45,28.410000000000004,cagemi01-1985
smithde02,30,0.4,198412110GSW-LAC,198412110GSW-GSW,LAC-1985,1,1985,12,28.410000000000004,smithde02-1985
waltobi01,24,5.4,198412110GSW-LAC,198412110GSW-GSW,LAC-1985,1,1985,129.60000000000002,28.410000000000004,waltobi01-1985
donalja01,24,0.4,198412110GSW-LAC,198412110GSW-GSW,LAC-1985,1,1985,9.600000000000001,28.410000000000004,donalja01-1985
warribr01,18,0.5,198412110GSW-LAC,198412110GSW-GSW,LAC-1985,1,1985,9,28.410000000000004,warribr01-1985
gordola01,17,7.5,198412110GSW-LAC,198412110GSW-GSW,LAC-1985,1,1985,127.5,28.410000000000004,gordola01-1985
catchha01,12,-1.4,198412110GSW-LAC,198412110GSW-GSW,LAC-1985,1,1985,-16.799999999999997,28.410000000000004,catchha01-1985
whitero01,12,-2.3,198412110GSW-LAC,198412110GSW-GSW,LAC-1985,1,1985,-27.599999999999998,28.410000000000004,whitero01-1985
johnsmi01,39,2.4,198412120LAL-GSW,198412120LAL-LAL,GSW-1985,0,1985,93.6,-9.841666666666667,johnsmi01-1985
connele01,34,0.8,198412120LAL-GSW,198412120LAL-LAL,GSW-1985,0,1985,27.200000000000003,-9.841666666666667,connele01-1985
whiteje01,28,0.2,198412120LAL-GSW,198412120LAL-LAL,GSW-1985,0,1985,5.6000000000000005,-9.841666666666667,whiteje01-1985
floydsl01,23,-7,198412120LAL-GSW,198412120LAL-LAL,GSW-1985,0,1985,-161,-9.841666666666667,floydsl01-1985
plummga01,21,-3.1,198412120LAL-GSW,198412120LAL-LAL,GSW-1985,0,1985,-65.10000000000001,-9.841666666666667,plummga01-1985
smithla01,19,-5.2,198412120LAL-GSW,198412120LAL-LAL,GSW-1985,0,1985,-98.8,-9.841666666666667,smithla01-1985
shortpu01,17,0.7,198412120LAL-GSW,198412120LAL-LAL,GSW-1985,0,1985,11.899999999999999,-9.841666666666667,shortpu01-1985
bratzmi01,17,-0.5,198412120LAL-GSW,198412120LAL-LAL,GSW-1985,0,1985,-8.5,-9.841666666666667,bratzmi01-1985
thibepe01,14,6.9,198412120LAL-GSW,198412120LAL-LAL,GSW-1985,0,1985,96.60000000000001,-9.841666666666667,thibepe01-1985
aleksch01,12,-1.6,198412120LAL-GSW,198412120LAL-LAL,GSW-1985,0,1985,-19.200000000000003,-9.841666666666667,aleksch01-1985
wilsoot01,10,1.7,198412120LAL-GSW,198412120LAL-LAL,GSW-1985,0,1985,17,-9.841666666666667,wilsoot01-1985
burttst01,6,-2.9,198412120LAL-GSW,198412120LAL-LAL,GSW-1985,0,1985,-17.4,-9.841666666666667,burttst01-1985
bowiesa01,32,2.4,198412140GSW-POR,198412140GSW-GSW,POR-1985,0,1985,76.8,5.718181818181818,bowiesa01-1985
paxsoji02,32,0.9,198412140GSW-POR,198412140GSW-GSW,POR-1985,0,1985,28.8,5.718181818181818,paxsoji02-1985
valenda01,32,-0.4,198412140GSW-POR,198412140GSW-GSW,POR-1985,0,1985,-12.8,5.718181818181818,valenda01-1985
vandeki01,31,-0.1,198412140GSW-POR,198412140GSW-GSW,POR-1985,0,1985,-3.1,5.718181818181818,vandeki01-1985
drexlcl01,30,-4.9,198412140GSW-POR,198412140GSW-GSW,POR-1985,0,1985,-147,5.718181818181818,drexlcl01-1985
carrke01,27,4.3,198412140GSW-POR,198412140GSW-GSW,POR-1985,0,1985,116.1,5.718181818181818,carrke01-1985
norriau01,18,1.1,198412140GSW-POR,198412140GSW-GSW,POR-1985,0,1985,19.8,5.718181818181818,norriau01-1985
thompmy01,16,-0.5,198412140GSW-POR,198412140GSW-GSW,POR-1985,0,1985,-8,5.718181818181818,thompmy01-1985
coltest01,11,-0.1,198412140GSW-POR,198412140GSW-GSW,POR-1985,0,1985,-1.1,5.718181818181818,coltest01-1985
kerseje01,8,0.6,198412140GSW-POR,198412140GSW-GSW,POR-1985,0,1985,4.8,5.718181818181818,kerseje01-1985
thompbe01,3,-3.8,198412140GSW-POR,198412140GSW-GSW,POR-1985,0,1985,-11.399999999999999,5.718181818181818,thompbe01-1985
smithla01,42,-3.6,198412160LAC-GSW,198412160LAC-LAC,GSW-1985,0,1985,-151.20000000000002,-27.790909090909093,smithla01-1985
whiteje01,40,-4.3,198412160LAC-GSW,198412160LAC-LAC,GSW-1985,0,1985,-172,-27.790909090909093,whiteje01-1985
connele01,36,-2.3,198412160LAC-GSW,198412160LAC-LAC,GSW-1985,0,1985,-82.8,-27.790909090909093,connele01-1985
floydsl01,34,-0.3,198412160LAC-GSW,198412160LAC-LAC,GSW-1985,0,1985,-10.2,-27.790909090909093,floydsl01-1985
johnsmi01,34,5.5,198412160LAC-GSW,198412160LAC-LAC,GSW-1985,0,1985,187,-27.790909090909093,johnsmi01-1985
thibepe01,15,-3.1,198412160LAC-GSW,198412160LAC-LAC,GSW-1985,0,1985,-46.5,-27.790909090909093,thibepe01-1985
burttst01,14,-1.3,198412160LAC-GSW,198412160LAC-LAC,GSW-1985,0,1985,-18.2,-27.790909090909093,burttst01-1985
wilsoot01,12,-2.5,198412160LAC-GSW,198412160LAC-LAC,GSW-1985,0,1985,-30,-27.790909090909093,wilsoot01-1985
bratzmi01,6,2.5,198412160LAC-GSW,198412160LAC-LAC,GSW-1985,0,1985,15,-27.790909090909093,bratzmi01-1985
aleksch01,4,-0.4,198412160LAC-GSW,198412160LAC-LAC,GSW-1985,0,1985,-1.6,-27.790909090909093,aleksch01-1985
plummga01,3,1.6,198412160LAC-GSW,198412160LAC-LAC,GSW-1985,0,1985,4.800000000000001,-27.790909090909093,plummga01-1985
englial01,42,-1.9,198412180GSW-DEN,198412180GSW-GSW,DEN-1985,1,1985,-79.8,44.86000000000001,englial01-1985
nattca01,41,6.9,198412180GSW-DEN,198412180GSW-GSW,DEN-1985,1,1985,282.90000000000003,44.86000000000001,nattca01-1985
leverfa01,34,6.9,198412180GSW-DEN,198412180GSW-GSW,DEN-1985,1,1985,234.60000000000002,44.86000000000001,leverfa01-1985
dunntr01,32,1.1,198412180GSW-DEN,198412180GSW-GSW,DEN-1985,1,1985,35.2,44.86000000000001,dunntr01-1985
coopewa01,28,3.3,198412180GSW-DEN,198412180GSW-GSW,DEN-1985,1,1985,92.39999999999999,44.86000000000001,coopewa01-1985
hanzlbi01,23,-2.4,198412180GSW-DEN,198412180GSW-GSW,DEN-1985,1,1985,-55.199999999999996,44.86000000000001,hanzlbi01-1985
isselda01,21,-1.1,198412180GSW-DEN,198412180GSW-GSW,DEN-1985,1,1985,-23.1,44.86000000000001,isselda01-1985
evansmi01,20,-1.7,198412180GSW-DEN,198412180GSW-GSW,DEN-1985,1,1985,-34,44.86000000000001,evansmi01-1985
turneel01,20,0,198412180GSW-DEN,198412180GSW-GSW,DEN-1985,1,1985,0,44.86000000000001,turneel01-1985
schayda01,4,-1.1,198412180GSW-DEN,198412180GSW-GSW,DEN-1985,1,1985,-4.4,44.86000000000001,schayda01-1985
sikmaja01,42,4.9,198412210GSW-SEA,198412210GSW-GSW,SEA-1985,0,1985,205.8,16.620000000000008,sikmaja01-1985
chambto01,37,0.9,198412210GSW-SEA,198412210GSW-GSW,SEA-1985,0,1985,33.300000000000004,16.620000000000008,chambto01-1985
hendege01,35,-0.4,198412210GSW-SEA,198412210GSW-GSW,SEA-1985,0,1985,-14,16.620000000000008,hendege01-1985
woodal01,35,2,198412210GSW-SEA,198412210GSW-GSW,SEA-1985,0,1985,70,16.620000000000008,woodal01-1985
vraneda01,34,-8.2,198412210GSW-SEA,198412210GSW-GSW,SEA-1985,0,1985,-278.79999999999995,16.620000000000008,vraneda01-1985
soberri01,23,7.4,198412210GSW-SEA,198412210GSW-GSW,SEA-1985,0,1985,170.20000000000002,16.620000000000008,soberri01-1985
sundvjo01,13,0.1,198412210GSW-SEA,198412210GSW-GSW,SEA-1985,0,1985,1.3,16.620000000000008,sundvjo01-1985
kingre01,9,-0.8,198412210GSW-SEA,198412210GSW-GSW,SEA-1985,0,1985,-7.2,16.620000000000008,kingre01-1985
brickfr01,6,0.3,198412210GSW-SEA,198412210GSW-GSW,SEA-1985,0,1985,1.7999999999999998,16.620000000000008,brickfr01-1985
mccorti01,6,-2.7,198412210GSW-SEA,198412210GSW-GSW,SEA-1985,0,1985,-16.200000000000003,16.620000000000008,mccorti01-1985
shortpu01,41,2.9,198412250POR-GSW,198412250POR-POR,GSW-1985,0,1985,118.89999999999999,3.000000000000001,shortpu01-1985
floydsl01,37,-1,198412250POR-GSW,198412250POR-POR,GSW-1985,0,1985,-37,3.000000000000001,floydsl01-1985
whiteje01,37,-0.8,198412250POR-GSW,198412250POR-POR,GSW-1985,0,1985,-29.6,3.000000000000001,whiteje01-1985
connele01,36,-1,198412250POR-GSW,198412250POR-POR,GSW-1985,0,1985,-36,3.000000000000001,connele01-1985
smithla01,27,-2.3,198412250POR-GSW,198412250POR-POR,GSW-1985,0,1985,-62.099999999999994,3.000000000000001,smithla01-1985
johnsmi01,25,2.2,198412250POR-GSW,198412250POR-POR,GSW-1985,0,1985,55.00000000000001,3.000000000000001,johnsmi01-1985
plummga01,14,1.1,198412250POR-GSW,198412250POR-POR,GSW-1985,0,1985,15.400000000000002,3.000000000000001,plummga01-1985
wilsoot01,12,-1.4,198412250POR-GSW,198412250POR-POR,GSW-1985,0,1985,-16.799999999999997,3.000000000000001,wilsoot01-1985
burttst01,6,2.7,198412250POR-GSW,198412250POR-POR,GSW-1985,0,1985,16.200000000000003,3.000000000000001,burttst01-1985
bratzmi01,5,1.2,198412250POR-GSW,198412250POR-POR,GSW-1985,0,1985,6,3.000000000000001,bratzmi01-1985
shortpu01,41,2.9,198412270SEA-GSW,198412270SEA-SEA,GSW-1985,1,1985,118.89999999999999,19.83,shortpu01-1985
smithla01,36,4.8,198412270SEA-GSW,198412270SEA-SEA,GSW-1985,1,1985,172.79999999999998,19.83,smithla01-1985
whiteje01,36,-4.3,198412270SEA-GSW,198412270SEA-SEA,GSW-1985,1,1985,-154.79999999999998,19.83,whiteje01-1985
connele01,32,0.8,198412270SEA-GSW,198412270SEA-SEA,GSW-1985,1,1985,25.6,19.83,connele01-1985
floydsl01,32,-0.7,198412270SEA-GSW,198412270SEA-SEA,GSW-1985,1,1985,-22.4,19.83,floydsl01-1985
johnsmi01,19,1.8,198412270SEA-GSW,198412270SEA-SEA,GSW-1985,1,1985,34.2,19.83,johnsmi01-1985
wilsoot01,16,4.2,198412270SEA-GSW,198412270SEA-SEA,GSW-1985,1,1985,67.2,19.83,wilsoot01-1985
plummga01,12,-4,198412270SEA-GSW,198412270SEA-SEA,GSW-1985,1,1985,-48,19.83,plummga01-1985
bratzmi01,8,3,198412270SEA-GSW,198412270SEA-SEA,GSW-1985,1,1985,24,19.83,bratzmi01-1985
burttst01,8,-2.4,198412270SEA-GSW,198412270SEA-SEA,GSW-1985,1,1985,-19.2,19.83,burttst01-1985
barklch01,33,6.2,198412290GSW-PHI,198412290GSW-GSW,PHI-1985,1,1985,204.6,44.26666666666667,barklch01-1985
malonmo01,32,7.5,198412290GSW-PHI,198412290GSW-GSW,PHI-1985,1,1985,240,44.26666666666667,malonmo01-1985
toneyan01,31,9.4,198412290GSW-PHI,198412290GSW-GSW,PHI-1985,1,1985,291.40000000000003,44.26666666666667,toneyan01-1985
cheekma01,29,-4.6,198412290GSW-PHI,198412290GSW-GSW,PHI-1985,1,1985,-133.39999999999998,44.26666666666667,cheekma01-1985
ervinju01,29,-2.1,198412290GSW-PHI,198412290GSW-GSW,PHI-1985,1,1985,-60.900000000000006,44.26666666666667,ervinju01-1985
johnscl01,19,-0.9,198412290GSW-PHI,198412290GSW-GSW,PHI-1985,1,1985,-17.1,44.26666666666667,johnscl01-1985
richacl01,19,0.7,198412290GSW-PHI,198412290GSW-GSW,PHI-1985,1,1985,13.299999999999999,44.26666666666667,richacl01-1985
jonesbo01,15,0.1,198412290GSW-PHI,198412290GSW-GSW,PHI-1985,1,1985,1.5,44.26666666666667,jonesbo01-1985
threase01,14,-3.5,198412290GSW-PHI,198412290GSW-GSW,PHI-1985,1,1985,-49,44.26666666666667,threase01-1985
johnsge03,12,3.1,198412290GSW-PHI,198412290GSW-GSW,PHI-1985,1,1985,37.2,44.26666666666667,johnsge03-1985
willisa02,4,0.9,198412290GSW-PHI,198412290GSW-GSW,PHI-1985,1,1985,3.6,44.26666666666667,willisa02-1985
woodle01,3,0,198412290GSW-PHI,198412290GSW-GSW,PHI-1985,1,1985,0,44.26666666666667,woodle01-1985
willihe01,36,-2.3,198501030GSW-IND,198501030GSW-GSW,IND-1985,1,1985,-82.8,31.863636363636363,willihe01-1985
kellocl01,33,9.1,198501030GSW-IND,198501030GSW-GSW,IND-1985,1,1985,300.3,31.863636363636363,kellocl01-1985
flemive01,28,-3.7,198501030GSW-IND,198501030GSW-GSW,IND-1985,1,1985,-103.60000000000001,31.863636363636363,flemive01-1985
sichtje01,26,4,198501030GSW-IND,198501030GSW-GSW,IND-1985,1,1985,104,31.863636363636363,sichtje01-1985
brownto01,25,3.6,198501030GSW-IND,198501030GSW-GSW,IND-1985,1,1985,90,31.863636363636363,brownto01-1985
stanste01,24,1.8,198501030GSW-IND,198501030GSW-GSW,IND-1985,1,1985,43.2,31.863636363636363,stanste01-1985
garnebi02,22,-0.5,198501030GSW-IND,198501030GSW-GSW,IND-1985,1,1985,-11,31.863636363636363,garnebi02-1985
stipast01,20,0.2,198501030GSW-IND,198501030GSW-GSW,IND-1985,1,1985,4,31.863636363636363,stipast01-1985
thomaji01,10,0.5,198501030GSW-IND,198501030GSW-GSW,IND-1985,1,1985,5,31.863636363636363,thomaji01-1985
durrade01,9,-1.4,198501030GSW-IND,198501030GSW-GSW,IND-1985,1,1985,-12.6,31.863636363636363,durrade01-1985
waitegr01,7,2,198501030GSW-IND,198501030GSW-GSW,IND-1985,1,1985,14,31.863636363636363,waitegr01-1985
sampsra01,41,-2.5,198501050GSW-HOU,198501050GSW-GSW,HOU-1985,1,1985,-102.5,41.127272727272725,sampsra01-1985
olajuha01,39,0.4,198501050GSW-HOU,198501050GSW-GSW,HOU-1985,1,1985,15.600000000000001,41.127272727272725,olajuha01-1985
hollili01,36,3.6,198501050GSW-HOU,198501050GSW-GSW,HOU-1985,1,1985,129.6,41.127272727272725,hollili01-1985
mccraro01,35,4.4,198501050GSW-HOU,198501050GSW-GSW,HOU-1985,1,1985,154,41.127272727272725,mccraro01-1985
wiggimi01,27,8.2,198501050GSW-HOU,198501050GSW-GSW,HOU-1985,1,1985,221.39999999999998,41.127272727272725,wiggimi01-1985
lloydle01,21,2.5,198501050GSW-HOU,198501050GSW-GSW,HOU-1985,1,1985,52.5,41.127272727272725,lloydle01-1985
reidro01,18,-0.2,198501050GSW-HOU,198501050GSW-GSW,HOU-1985,1,1985,-3.6,41.127272727272725,reidro01-1985
peterji01,10,-0.6,198501050GSW-HOU,198501050GSW-GSW,HOU-1985,1,1985,-6,41.127272727272725,peterji01-1985
ehlocr01,7,-0.6,198501050GSW-HOU,198501050GSW-GSW,HOU-1985,1,1985,-4.2,41.127272727272725,ehlocr01-1985
mcdowha01,4,0.1,198501050GSW-HOU,198501050GSW-GSW,HOU-1985,1,1985,0.4,41.127272727272725,mcdowha01-1985
michela01,2,-2.4,198501050GSW-HOU,198501050GSW-GSW,HOU-1985,1,1985,-4.8,41.127272727272725,michela01-1985
shortpu01,44,5.6,198501070KCK-GSW,198501070KCK-KCK,GSW-1985,0,1985,246.39999999999998,23.477777777777774,shortpu01-1985
floydsl01,43,-2.2,198501070KCK-GSW,198501070KCK-KCK,GSW-1985,0,1985,-94.60000000000001,23.477777777777774,floydsl01-1985
smithla01,35,3.7,198501070KCK-GSW,198501070KCK-KCK,GSW-1985,0,1985,129.5,23.477777777777774,smithla01-1985
bratzmi01,31,4.5,198501070KCK-GSW,198501070KCK-KCK,GSW-1985,0,1985,139.5,23.477777777777774,bratzmi01-1985
whiteje01,27,-2.8,198501070KCK-GSW,198501070KCK-KCK,GSW-1985,0,1985,-75.6,23.477777777777774,whiteje01-1985
connele01,22,-3.2,198501070KCK-GSW,198501070KCK-KCK,GSW-1985,0,1985,-70.4,23.477777777777774,connele01-1985
aleksch01,21,-1.1,198501070KCK-GSW,198501070KCK-KCK,GSW-1985,0,1985,-23.1,23.477777777777774,aleksch01-1985
johnsmi01,14,-2.5,198501070KCK-GSW,198501070KCK-KCK,GSW-1985,0,1985,-35,23.477777777777774,johnsmi01-1985
thibepe01,3,-1.8,198501070KCK-GSW,198501070KCK-KCK,GSW-1985,0,1985,-5.4,23.477777777777774,thibepe01-1985
shortpu01,34,-1.5,198501080SAS-GSW,198501080SAS-SAS,GSW-1985,0,1985,-51,-38.3,shortpu01-1985
connele01,33,1.6,198501080SAS-GSW,198501080SAS-SAS,GSW-1985,0,1985,52.800000000000004,-38.3,connele01-1985
johnsmi01,33,-1.4,198501080SAS-GSW,198501080SAS-SAS,GSW-1985,0,1985,-46.199999999999996,-38.3,johnsmi01-1985
floydsl01,28,-4.5,198501080SAS-GSW,198501080SAS-SAS,GSW-1985,0,1985,-126,-38.3,floydsl01-1985
smithla01,24,-1.6,198501080SAS-GSW,198501080SAS-SAS,GSW-1985,0,1985,-38.400000000000006,-38.3,smithla01-1985
bratzmi01,22,-3.7,198501080SAS-GSW,198501080SAS-SAS,GSW-1985,0,1985,-81.4,-38.3,bratzmi01-1985
whiteje01,22,-2.5,198501080SAS-GSW,198501080SAS-SAS,GSW-1985,0,1985,-55,-38.3,whiteje01-1985
aleksch01,18,-0.4,198501080SAS-GSW,198501080SAS-SAS,GSW-1985,0,1985,-7.2,-38.3,aleksch01-1985
plummga01,14,-0.9,198501080SAS-GSW,198501080SAS-SAS,GSW-1985,0,1985,-12.6,-38.3,plummga01-1985
thibepe01,12,-1.5,198501080SAS-GSW,198501080SAS-SAS,GSW-1985,0,1985,-18,-38.3,thibepe01-1985
sikmaja01,41,10.2,198501100GSW-SEA,198501100GSW-GSW,SEA-1985,1,1985,418.2,30.877777777777776,sikmaja01-1985
chambto01,32,-4.9,198501100GSW-SEA,198501100GSW-GSW,SEA-1985,1,1985,-156.8,30.877777777777776,chambto01-1985
woodal01,29,0.6,198501100GSW-SEA,198501100GSW-GSW,SEA-1985,1,1985,17.4,30.877777777777776,woodal01-1985
vraneda01,26,3.7,198501100GSW-SEA,198501100GSW-GSW,SEA-1985,1,1985,96.2,30.877777777777776,vraneda01-1985
sundvjo01,25,-4.1,198501100GSW-SEA,198501100GSW-GSW,SEA-1985,1,1985,-102.49999999999999,30.877777777777776,sundvjo01-1985
kingre01,23,3.8,198501100GSW-SEA,198501100GSW-GSW,SEA-1985,1,1985,87.39999999999999,30.877777777777776,kingre01-1985
hendege01,23,-1.1,198501100GSW-SEA,198501100GSW-GSW,SEA-1985,1,1985,-25.3,30.877777777777776,hendege01-1985
mccorti01,22,-3.7,198501100GSW-SEA,198501100GSW-GSW,SEA-1985,1,1985,-81.4,30.877777777777776,mccorti01-1985
soberri01,19,1.3,198501100GSW-SEA,198501100GSW-GSW,SEA-1985,1,1985,24.7,30.877777777777776,soberri01-1985
johnsma01,41,7.5,198501120GSW-LAC,198501120GSW-GSW,LAC-1985,1,1985,307.5,50.199999999999996,johnsma01-1985
smithde02,39,5.8,198501120GSW-LAC,198501120GSW-GSW,LAC-1985,1,1985,226.2,50.199999999999996,smithde02-1985
waltobi01,37,0,198501120GSW-LAC,198501120GSW-GSW,LAC-1985,1,1985,0,50.199999999999996,waltobi01-1985
nixonno01,35,0.9,198501120GSW-LAC,198501120GSW-GSW,LAC-1985,1,1985,31.5,50.199999999999996,nixonno01-1985
donalja01,23,-2.6,198501120GSW-LAC,198501120GSW-GSW,LAC-1985,1,1985,-59.800000000000004,50.199999999999996,donalja01-1985
cagemi01,21,1,198501120GSW-LAC,198501120GSW-GSW,LAC-1985,1,1985,21,50.199999999999996,cagemi01-1985
bridgju01,16,-2.2,198501120GSW-LAC,198501120GSW-GSW,LAC-1985,1,1985,-35.2,50.199999999999996,bridgju01-1985
whitero01,15,-0.2,198501120GSW-LAC,198501120GSW-GSW,LAC-1985,1,1985,-3,50.199999999999996,whitero01-1985
warribr01,13,-2.8,198501120GSW-LAC,198501120GSW-GSW,LAC-1985,1,1985,-36.4,50.199999999999996,warribr01-1985
davisbr01,33,6.8,198501150GSW-DAL,198501150GSW-GSW,DAL-1985,1,1985,224.4,78.23636363636363,davisbr01-1985
aguirma01,31,4.6,198501150GSW-DAL,198501150GSW-GSW,DAL-1985,1,1985,142.6,78.23636363636363,aguirma01-1985
blackro01,29,7.2,198501150GSW-DAL,198501150GSW-GSW,DAL-1985,1,1985,208.8,78.23636363636363,blackro01-1985
harpede01,29,6.6,198501150GSW-DAL,198501150GSW-GSW,DAL-1985,1,1985,191.39999999999998,78.23636363636363,harpede01-1985
vinceja01,28,-4.4,198501150GSW-DAL,198501150GSW-GSW,DAL-1985,1,1985,-123.20000000000002,78.23636363636363,vinceja01-1985
perkisa01,28,6.1,198501150GSW-DAL,198501150GSW-GSW,DAL-1985,1,1985,170.79999999999998,78.23636363636363,perkisa01-1985
nimphku01,22,2.6,198501150GSW-DAL,198501150GSW-GSW,DAL-1985,1,1985,57.2,78.23636363636363,nimphku01-1985
ellisda01,18,-1.9,198501150GSW-DAL,198501150GSW-GSW,DAL-1985,1,1985,-34.199999999999996,78.23636363636363,ellisda01-1985
sittoch01,8,0.5,198501150GSW-DAL,198501150GSW-GSW,DAL-1985,1,1985,4,78.23636363636363,sittoch01-1985
slubyto01,8,-0.2,198501150GSW-DAL,198501150GSW-GSW,DAL-1985,1,1985,-1.6,78.23636363636363,slubyto01-1985
bryanwa01,6,3.4,198501150GSW-DAL,198501150GSW-GSW,DAL-1985,1,1985,20.4,78.23636363636363,bryanwa01-1985
connele01,42,3,198501160DEN-GSW,198501160DEN-DEN,GSW-1985,0,1985,126,11.249999999999998,connele01-1985
floydsl01,38,-5.3,198501160DEN-GSW,198501160DEN-DEN,GSW-1985,0,1985,-201.4,11.249999999999998,floydsl01-1985
shortpu01,37,2.7,198501160DEN-GSW,198501160DEN-DEN,GSW-1985,0,1985,99.9,11.249999999999998,shortpu01-1985
smithla01,33,-1.2,198501160DEN-GSW,198501160DEN-DEN,GSW-1985,0,1985,-39.6,11.249999999999998,smithla01-1985
whiteje01,30,-3.5,198501160DEN-GSW,198501160DEN-DEN,GSW-1985,0,1985,-105,11.249999999999998,whiteje01-1985
johnsmi01,27,9.1,198501160DEN-GSW,198501160DEN-DEN,GSW-1985,0,1985,245.7,11.249999999999998,johnsmi01-1985
aleksch01,11,-0.1,198501160DEN-GSW,198501160DEN-DEN,GSW-1985,0,1985,-1.1,11.249999999999998,aleksch01-1985
bratzmi01,11,-0.7,198501160DEN-GSW,198501160DEN-DEN,GSW-1985,0,1985,-7.699999999999999,11.249999999999998,bratzmi01-1985
plummga01,6,-1.3,198501160DEN-GSW,198501160DEN-DEN,GSW-1985,0,1985,-7.800000000000001,11.249999999999998,plummga01-1985
burttst01,5,0.7,198501160DEN-GSW,198501160DEN-DEN,GSW-1985,0,1985,3.5,11.249999999999998,burttst01-1985
johnsma02,34,2.4,198501190GSW-LAL,198501190GSW-GSW,LAL-1985,1,1985,81.6,56.90833333333333,johnsma02-1985
worthja01,30,9,198501190GSW-LAL,198501190GSW-GSW,LAL-1985,1,1985,270,56.90833333333333,worthja01-1985
abdulka01,29,5.3,198501190GSW-LAL,198501190GSW-GSW,LAL-1985,1,1985,153.7,56.90833333333333,abdulka01-1985
scottby01,26,2.9,198501190GSW-LAL,198501190GSW-GSW,LAL-1985,1,1985,75.39999999999999,56.90833333333333,scottby01-1985
wilkeja01,25,5.4,198501190GSW-LAL,198501190GSW-GSW,LAL-1985,1,1985,135,56.90833333333333,wilkeja01-1985
mcadobo01,18,-0.2,198501190GSW-LAL,198501190GSW-GSW,LAL-1985,1,1985,-3.6,56.90833333333333,mcadobo01-1985
rambiku01,17,-2.2,198501190GSW-LAL,198501190GSW-GSW,LAL-1985,1,1985,-37.400000000000006,56.90833333333333,rambiku01-1985
mcgeemi01,16,-1.4,198501190GSW-LAL,198501190GSW-GSW,LAL-1985,1,1985,-22.4,56.90833333333333,mcgeemi01-1985
kupchmi01,13,0.6,198501190GSW-LAL,198501190GSW-GSW,LAL-1985,1,1985,7.8,56.90833333333333,kupchmi01-1985
lestero01,12,2.4,198501190GSW-LAL,198501190GSW-GSW,LAL-1985,1,1985,28.799999999999997,56.90833333333333,lestero01-1985
coopemi01,10,-1.2,198501190GSW-LAL,198501190GSW-GSW,LAL-1985,1,1985,-12,56.90833333333333,coopemi01-1985
sprigla01,10,0.6,198501190GSW-LAL,198501190GSW-GSW,LAL-1985,1,1985,6,56.90833333333333,sprigla01-1985
floydsl01,51,2,198501210IND-GSW,198501210IND-IND,GSW-1985,0,1985,102,28.972727272727273,floydsl01-1985
shortpu01,51,4.3,198501210IND-GSW,198501210IND-IND,GSW-1985,0,1985,219.29999999999998,28.972727272727273,shortpu01-1985
connele01,49,6,198501210IND-GSW,198501210IND-IND,GSW-1985,0,1985,294,28.972727272727273,connele01-1985
smithla01,43,-1.1,198501210IND-GSW,198501210IND-IND,GSW-1985,0,1985,-47.300000000000004,28.972727272727273,smithla01-1985
whiteje01,37,-5.8,198501210IND-GSW,198501210IND-IND,GSW-1985,0,1985,-214.6,28.972727272727273,whiteje01-1985
johnsmi01,27,-1.9,198501210IND-GSW,198501210IND-IND,GSW-1985,0,1985,-51.3,28.972727272727273,johnsmi01-1985
aleksch01,15,0.2,198501210IND-GSW,198501210IND-IND,GSW-1985,0,1985,3,28.972727272727273,aleksch01-1985
bratzmi01,10,1.9,198501210IND-GSW,198501210IND-IND,GSW-1985,0,1985,19,28.972727272727273,bratzmi01-1985
burttst01,3,-2.1,198501210IND-GSW,198501210IND-IND,GSW-1985,0,1985,-6.300000000000001,28.972727272727273,burttst01-1985
wilsoot01,3,0.3,198501210IND-GSW,198501210IND-IND,GSW-1985,0,1985,0.8999999999999999,28.972727272727273,wilsoot01-1985
plummga01,1,0,198501210IND-GSW,198501210IND-IND,GSW-1985,0,1985,0,28.972727272727273,plummga01-1985
shortpu01,34,-5.4,198501220WSB-GSW,198501220WSB-WSB,GSW-1985,0,1985,-183.60000000000002,3.1599999999999984,shortpu01-1985
floydsl01,33,-2,198501220WSB-GSW,198501220WSB-WSB,GSW-1985,0,1985,-66,3.1599999999999984,floydsl01-1985
smithla01,32,-0.1,198501220WSB-GSW,198501220WSB-WSB,GSW-1985,0,1985,-3.2,3.1599999999999984,smithla01-1985
whiteje01,30,3.3,198501220WSB-GSW,198501220WSB-WSB,GSW-1985,0,1985,99,3.1599999999999984,whiteje01-1985
connele01,27,1.7,198501220WSB-GSW,198501220WSB-WSB,GSW-1985,0,1985,45.9,3.1599999999999984,connele01-1985
johnsmi01,27,4.7,198501220WSB-GSW,198501220WSB-WSB,GSW-1985,0,1985,126.9,3.1599999999999984,johnsmi01-1985
wilsoot01,21,1,198501220WSB-GSW,198501220WSB-WSB,GSW-1985,0,1985,21,3.1599999999999984,wilsoot01-1985
aleksch01,18,-3.6,198501220WSB-GSW,198501220WSB-WSB,GSW-1985,0,1985,-64.8,3.1599999999999984,aleksch01-1985
bratzmi01,15,3.8,198501220WSB-GSW,198501220WSB-WSB,GSW-1985,0,1985,57,3.1599999999999984,bratzmi01-1985
plummga01,3,-0.2,198501220WSB-GSW,198501220WSB-WSB,GSW-1985,0,1985,-0.6000000000000001,3.1599999999999984,plummga01-1985
shortpu01,38,-4.4,198501240DET-GSW,198501240DET-DET,GSW-1985,0,1985,-167.20000000000002,0.19999999999999632,shortpu01-1985
smithla01,38,-0.9,198501240DET-GSW,198501240DET-DET,GSW-1985,0,1985,-34.2,0.19999999999999632,smithla01-1985
floydsl01,36,3.8,198501240DET-GSW,198501240DET-DET,GSW-1985,0,1985,136.79999999999998,0.19999999999999632,floydsl01-1985
connele01,34,-0.9,198501240DET-GSW,198501240DET-DET,GSW-1985,0,1985,-30.6,0.19999999999999632,connele01-1985
whiteje01,34,4,198501240DET-GSW,198501240DET-DET,GSW-1985,0,1985,136,0.19999999999999632,whiteje01-1985
johnsmi01,17,-0.8,198501240DET-GSW,198501240DET-DET,GSW-1985,0,1985,-13.600000000000001,0.19999999999999632,johnsmi01-1985
aleksch01,13,-1.5,198501240DET-GSW,198501240DET-DET,GSW-1985,0,1985,-19.5,0.19999999999999632,aleksch01-1985
bratzmi01,13,0.3,198501240DET-GSW,198501240DET-DET,GSW-1985,0,1985,3.9,0.19999999999999632,bratzmi01-1985
wilsoot01,13,-0.8,198501240DET-GSW,198501240DET-DET,GSW-1985,0,1985,-10.4,0.19999999999999632,wilsoot01-1985
plummga01,3,0.6,198501240DET-GSW,198501240DET-DET,GSW-1985,0,1985,1.7999999999999998,0.19999999999999632,plummga01-1985
thibepe01,1,-0.8,198501240DET-GSW,198501240DET-DET,GSW-1985,0,1985,-0.8,0.19999999999999632,thibepe01-1985
shortpu01,42,5.4,198501260KCK-GSW,198501260KCK-KCK,GSW-1985,0,1985,226.8,24.733333333333334,shortpu01-1985
smithla01,36,-1.2,198501260KCK-GSW,198501260KCK-KCK,GSW-1985,0,1985,-43.199999999999996,24.733333333333334,smithla01-1985
connele01,33,9.5,198501260KCK-GSW,198501260KCK-KCK,GSW-1985,0,1985,313.5,24.733333333333334,connele01-1985
whiteje01,33,-4,198501260KCK-GSW,198501260KCK-KCK,GSW-1985,0,1985,-132,24.733333333333334,whiteje01-1985
floydsl01,31,0.9,198501260KCK-GSW,198501260KCK-KCK,GSW-1985,0,1985,27.900000000000002,24.733333333333334,floydsl01-1985
johnsmi01,18,-4.2,198501260KCK-GSW,198501260KCK-KCK,GSW-1985,0,1985,-75.60000000000001,24.733333333333334,johnsmi01-1985
bratzmi01,17,-3.9,198501260KCK-GSW,198501260KCK-KCK,GSW-1985,0,1985,-66.3,24.733333333333334,bratzmi01-1985
aleksch01,15,-1.8,198501260KCK-GSW,198501260KCK-KCK,GSW-1985,0,1985,-27,24.733333333333334,aleksch01-1985
wilsoot01,15,-0.1,198501260KCK-GSW,198501260KCK-KCK,GSW-1985,0,1985,-1.5,24.733333333333334,wilsoot01-1985
moncrsi01,44,7.1,198501290GSW-MIL,198501290GSW-GSW,MIL-1985,1,1985,312.4,62.9,moncrsi01-1985
hodgecr01,42,0,198501290GSW-MIL,198501290GSW-GSW,MIL-1985,1,1985,0,62.9,hodgecr01-1985
cummite01,38,0.5,198501290GSW-MIL,198501290GSW-GSW,MIL-1985,1,1985,19,62.9,cummite01-1985
presspa01,32,5.1,198501290GSW-MIL,198501290GSW-GSW,MIL-1985,1,1985,163.2,62.9,presspa01-1985
listeal01,31,0.3,198501290GSW-MIL,198501290GSW-GSW,MIL-1985,1,1985,9.299999999999999,62.9,listeal01-1985
piercri01,18,-0.8,198501290GSW-MIL,198501290GSW-GSW,MIL-1985,1,1985,-14.4,62.9,piercri01-1985
breuera01,16,1.4,198501290GSW-MIL,198501290GSW-GSW,MIL-1985,1,1985,22.4,62.9,breuera01-1985
greveke01,14,4.3,198501290GSW-MIL,198501290GSW-GSW,MIL-1985,1,1985,60.199999999999996,62.9,greveke01-1985
davisch02,5,-1.2,198501290GSW-MIL,198501290GSW-GSW,MIL-1985,1,1985,-6,62.9,davisch02-1985
vandeki01,36,3.9,198501310GSW-POR,198501310GSW-GSW,POR-1985,1,1985,140.4,70.04545454545455,vandeki01-1985
thompmy01,35,0.9,198501310GSW-POR,198501310GSW-GSW,POR-1985,1,1985,31.5,70.04545454545455,thompmy01-1985
paxsoji02,33,6.7,198501310GSW-POR,198501310GSW-GSW,POR-1985,1,1985,221.1,70.04545454545455,paxsoji02-1985
drexlcl01,32,12.1,198501310GSW-POR,198501310GSW-GSW,POR-1985,1,1985,387.2,70.04545454545455,drexlcl01-1985
valenda01,31,-0.5,198501310GSW-POR,198501310GSW-GSW,POR-1985,1,1985,-15.5,70.04545454545455,valenda01-1985
bowiesa01,27,0.1,198501310GSW-POR,198501310GSW-GSW,POR-1985,1,1985,2.7,70.04545454545455,bowiesa01-1985
norriau01,19,1.2,198501310GSW-POR,198501310GSW-GSW,POR-1985,1,1985,22.8,70.04545454545455,norriau01-1985
coltest01,14,1,198501310GSW-POR,198501310GSW-GSW,POR-1985,1,1985,14,70.04545454545455,coltest01-1985
kerseje01,9,-2.6,198501310GSW-POR,198501310GSW-GSW,POR-1985,1,1985,-23.400000000000002,70.04545454545455,kerseje01-1985
thompbe01,3,-3.3,198501310GSW-POR,198501310GSW-GSW,POR-1985,1,1985,-9.899999999999999,70.04545454545455,thompbe01-1985
schefto01,1,-0.4,198501310GSW-POR,198501310GSW-GSW,POR-1985,1,1985,-0.4,70.04545454545455,schefto01-1985
cummipa01,31,5.9,198502020GSW-NYK,198502020GSW-GSW,NYK-1985,0,1985,182.9,-11.700000000000001,cummipa01-1985
sparrro01,31,-5,198502020GSW-NYK,198502020GSW-GSW,NYK-1985,0,1985,-155,-11.700000000000001,sparrro01-1985
kingbe01,30,4,198502020GSW-NYK,198502020GSW-GSW,NYK-1985,0,1985,120,-11.700000000000001,kingbe01-1985
bannike01,26,-0.4,198502020GSW-NYK,198502020GSW-GSW,NYK-1985,0,1985,-10.4,-11.700000000000001,bannike01-1985
tucketr01,26,-3.6,198502020GSW-NYK,198502020GSW-GSW,NYK-1985,0,1985,-93.60000000000001,-11.700000000000001,tucketr01-1985
baileja01,21,-2,198502020GSW-NYK,198502020GSW-GSW,NYK-1985,0,1985,-42,-11.700000000000001,baileja01-1985
cartebu01,20,-4.7,198502020GSW-NYK,198502020GSW-GSW,NYK-1985,0,1985,-94,-11.700000000000001,cartebu01-1985
walkeda01,19,-7.7,198502020GSW-NYK,198502020GSW-GSW,NYK-1985,0,1985,-146.3,-11.700000000000001,walkeda01-1985
grunfer01,17,7.2,198502020GSW-NYK,198502020GSW-GSW,NYK-1985,0,1985,122.4,-11.700000000000001,grunfer01-1985
orrlo01,16,-1,198502020GSW-NYK,198502020GSW-GSW,NYK-1985,0,1985,-16,-11.700000000000001,orrlo01-1985
wilkied01,3,1.1,198502020GSW-NYK,198502020GSW-GSW,NYK-1985,0,1985,3.3000000000000003,-11.700000000000001,wilkied01-1985
shortpu01,49,-3.8,198502040SAS-GSW,198502040SAS-SAS,GSW-1985,0,1985,-186.2,22.150000000000002,shortpu01-1985
connele01,47,1.1,198502040SAS-GSW,198502040SAS-SAS,GSW-1985,0,1985,51.7,22.150000000000002,connele01-1985
floydsl01,37,6,198502040SAS-GSW,198502040SAS-SAS,GSW-1985,0,1985,222,22.150000000000002,floydsl01-1985
smithla01,32,6,198502040SAS-GSW,198502040SAS-SAS,GSW-1985,0,1985,192,22.150000000000002,smithla01-1985
whiteje01,31,4.4,198502040SAS-GSW,198502040SAS-SAS,GSW-1985,0,1985,136.4,22.150000000000002,whiteje01-1985
johnsmi01,25,-6,198502040SAS-GSW,198502040SAS-SAS,GSW-1985,0,1985,-150,22.150000000000002,johnsmi01-1985
burttst01,16,-0.3,198502040SAS-GSW,198502040SAS-SAS,GSW-1985,0,1985,-4.8,22.150000000000002,burttst01-1985
plummga01,16,-2.1,198502040SAS-GSW,198502040SAS-SAS,GSW-1985,0,1985,-33.6,22.150000000000002,plummga01-1985
aleksch01,6,-1.3,198502040SAS-GSW,198502040SAS-SAS,GSW-1985,0,1985,-7.800000000000001,22.150000000000002,aleksch01-1985
wilsoot01,6,0.3,198502040SAS-GSW,198502040SAS-SAS,GSW-1985,0,1985,1.7999999999999998,22.150000000000002,wilsoot01-1985
smithla01,34,1.7,198502060DAL-GSW,198502060DAL-DAL,GSW-1985,0,1985,57.8,-23.141666666666666,smithla01-1985
whiteje01,33,-2.9,198502060DAL-GSW,198502060DAL-DAL,GSW-1985,0,1985,-95.7,-23.141666666666666,whiteje01-1985
shortpu01,32,-3,198502060DAL-GSW,198502060DAL-DAL,GSW-1985,0,1985,-96,-23.141666666666666,shortpu01-1985
floydsl01,31,-5.4,198502060DAL-GSW,198502060DAL-DAL,GSW-1985,0,1985,-167.4,-23.141666666666666,floydsl01-1985
connele01,30,-1.4,198502060DAL-GSW,198502060DAL-DAL,GSW-1985,0,1985,-42,-23.141666666666666,connele01-1985
wilsoot01,18,2.5,198502060DAL-GSW,198502060DAL-DAL,GSW-1985,0,1985,45,-23.141666666666666,wilsoot01-1985
johnsmi01,17,4.9,198502060DAL-GSW,198502060DAL-DAL,GSW-1985,0,1985,83.30000000000001,-23.141666666666666,johnsmi01-1985
burttst01,14,-3.3,198502060DAL-GSW,198502060DAL-DAL,GSW-1985,0,1985,-46.199999999999996,-23.141666666666666,burttst01-1985
aleksch01,13,1.5,198502060DAL-GSW,198502060DAL-DAL,GSW-1985,0,1985,19.5,-23.141666666666666,aleksch01-1985
plummga01,11,-2.7,198502060DAL-GSW,198502060DAL-DAL,GSW-1985,0,1985,-29.700000000000003,-23.141666666666666,plummga01-1985
thibepe01,4,-2.1,198502060DAL-GSW,198502060DAL-DAL,GSW-1985,0,1985,-8.4,-23.141666666666666,thibepe01-1985
bratzmi01,3,0.7,198502060DAL-GSW,198502060DAL-DAL,GSW-1985,0,1985,2.0999999999999996,-23.141666666666666,bratzmi01-1985
shortpu01,43,-0.1,198502070HOU-GSW,198502070HOU-HOU,GSW-1985,0,1985,-4.3,34.6,shortpu01-1985
connele01,42,3.6,198502070HOU-GSW,198502070HOU-HOU,GSW-1985,0,1985,151.20000000000002,34.6,connele01-1985
floydsl01,42,1,198502070HOU-GSW,198502070HOU-HOU,GSW-1985,0,1985,42,34.6,floydsl01-1985
whiteje01,36,3.8,198502070HOU-GSW,198502070HOU-HOU,GSW-1985,0,1985,136.79999999999998,34.6,whiteje01-1985
smithla01,35,1.1,198502070HOU-GSW,198502070HOU-HOU,GSW-1985,0,1985,38.5,34.6,smithla01-1985
johnsmi01,18,-1.3,198502070HOU-GSW,198502070HOU-HOU,GSW-1985,0,1985,-23.400000000000002,34.6,johnsmi01-1985
aleksch01,12,-0.5,198502070HOU-GSW,198502070HOU-HOU,GSW-1985,0,1985,-6,34.6,aleksch01-1985
burttst01,6,-2.2,198502070HOU-GSW,198502070HOU-HOU,GSW-1985,0,1985,-13.200000000000001,34.6,burttst01-1985
wilsoot01,6,-1.7,198502070HOU-GSW,198502070HOU-HOU,GSW-1985,0,1985,-10.2,34.6,wilsoot01-1985
eatonma01,39,10.1,198502120GSW-UTA,198502120GSW-GSW,UTA-1985,1,1985,393.9,47.836363636363636,eatonma01-1985
greenri01,38,2.6,198502120GSW-UTA,198502120GSW-GSW,UTA-1985,1,1985,98.8,47.836363636363636,greenri01-1985
griffda01,36,-5.8,198502120GSW-UTA,198502120GSW-GSW,UTA-1985,1,1985,-208.79999999999998,47.836363636363636,griffda01-1985
dantlad01,33,2.8,198502120GSW-UTA,198502120GSW-GSW,UTA-1985,1,1985,92.39999999999999,47.836363636363636,dantlad01-1985
wilkije01,33,-0.3,198502120GSW-UTA,198502120GSW-GSW,UTA-1985,1,1985,-9.9,47.836363636363636,wilkije01-1985
baileth01,26,6.8,198502120GSW-UTA,198502120GSW-GSW,UTA-1985,1,1985,176.79999999999998,47.836363636363636,baileth01-1985
kelleri01,11,1.1,198502120GSW-UTA,198502120GSW-GSW,UTA-1985,1,1985,12.100000000000001,47.836363636363636,kelleri01-1985
stockjo01,10,0.9,198502120GSW-UTA,198502120GSW-GSW,UTA-1985,1,1985,9,47.836363636363636,stockjo01-1985
hansebo01,9,-3.3,198502120GSW-UTA,198502120GSW-GSW,UTA-1985,1,1985,-29.7,47.836363636363636,hansebo01-1985
roberfr01,4,-2.1,198502120GSW-UTA,198502120GSW-GSW,UTA-1985,1,1985,-8.4,47.836363636363636,roberfr01-1985
paultbi01,1,0,198502120GSW-UTA,198502120GSW-GSW,UTA-1985,1,1985,0,47.836363636363636,paultbi01-1985
shortpu01,39,5.2,198502130LAC-GSW,198502130LAC-LAC,GSW-1985,0,1985,202.8,8.870000000000005,shortpu01-1985
floydsl01,37,-6.6,198502130LAC-GSW,198502130LAC-LAC,GSW-1985,0,1985,-244.2,8.870000000000005,floydsl01-1985
johnsmi01,37,-2.3,198502130LAC-GSW,198502130LAC-LAC,GSW-1985,0,1985,-85.1,8.870000000000005,johnsmi01-1985
connele01,34,4.4,198502130LAC-GSW,198502130LAC-LAC,GSW-1985,0,1985,149.60000000000002,8.870000000000005,connele01-1985
whiteje01,34,1.9,198502130LAC-GSW,198502130LAC-LAC,GSW-1985,0,1985,64.6,8.870000000000005,whiteje01-1985
aleksch01,14,1.7,198502130LAC-GSW,198502130LAC-LAC,GSW-1985,0,1985,23.8,8.870000000000005,aleksch01-1985
bratzmi01,14,0.7,198502130LAC-GSW,198502130LAC-LAC,GSW-1985,0,1985,9.799999999999999,8.870000000000005,bratzmi01-1985
burttst01,11,-0.2,198502130LAC-GSW,198502130LAC-LAC,GSW-1985,0,1985,-2.2,8.870000000000005,burttst01-1985
plummga01,11,-2.6,198502130LAC-GSW,198502130LAC-LAC,GSW-1985,0,1985,-28.6,8.870000000000005,plummga01-1985
thibepe01,9,-0.2,198502130LAC-GSW,198502130LAC-LAC,GSW-1985,0,1985,-1.8,8.870000000000005,thibepe01-1985
johnsde01,43,3.6,198502150GSW-BOS,198502150GSW-GSW,BOS-1985,1,1985,154.8,64.62,johnsde01-1985
parisro01,40,-2.9,198502150GSW-BOS,198502150GSW-GSW,BOS-1985,1,1985,-116,64.62,parisro01-1985
aingeda01,38,0,198502150GSW-BOS,198502150GSW-GSW,BOS-1985,1,1985,0,64.62,aingeda01-1985
birdla01,37,9.1,198502150GSW-BOS,198502150GSW-GSW,BOS-1985,1,1985,336.7,64.62,birdla01-1985
maxwece01,36,5,198502150GSW-BOS,198502150GSW-GSW,BOS-1985,1,1985,180,64.62,maxwece01-1985
mchalke01,29,3.7,198502150GSW-BOS,198502150GSW-GSW,BOS-1985,1,1985,107.30000000000001,64.62,mchalke01-1985
bucknqu01,7,-1.1,198502150GSW-BOS,198502150GSW-GSW,BOS-1985,1,1985,-7.700000000000001,64.62,bucknqu01-1985
carrml01,7,-0.9,198502150GSW-BOS,198502150GSW-GSW,BOS-1985,1,1985,-6.3,64.62,carrml01-1985
wedmasc01,2,-1.3,198502150GSW-BOS,198502150GSW-GSW,BOS-1985,1,1985,-2.6,64.62,wedmasc01-1985
clarkca01,1,0,198502150GSW-BOS,198502150GSW-GSW,BOS-1985,1,1985,0,64.62,clarkca01-1985
malonje01,55,-2.2,198502170GSW-WSB,198502170GSW-GSW,WSB-1985,0,1985,-121.00000000000001,11.59,malonje01-1985
robincl01,47,5,198502170GSW-WSB,198502170GSW-GSW,WSB-1985,0,1985,235,11.59,robincl01-1985
ballagr01,42,-1.7,198502170GSW-WSB,198502170GSW-GSW,WSB-1985,0,1985,-71.39999999999999,11.59,ballagr01-1985
mahorri01,41,1.1,198502170GSW-WSB,198502170GSW-GSW,WSB-1985,0,1985,45.1,11.59,mahorri01-1985
willigu01,34,-1,198502170GSW-WSB,198502170GSW-GSW,WSB-1985,0,1985,-34,11.59,willigu01-1985
bradldu01,30,2.1,198502170GSW-WSB,198502170GSW-GSW,WSB-1985,0,1985,63,11.59,bradldu01-1985
mcmilto01,25,-0.2,198502170GSW-WSB,198502170GSW-GSW,WSB-1985,0,1985,-5,11.59,mcmilto01-1985
dayeda01,8,-0.3,198502170GSW-WSB,198502170GSW-GSW,WSB-1985,0,1985,-2.4,11.59,dayeda01-1985
willigu02,5,1.5,198502170GSW-WSB,198502170GSW-GSW,WSB-1985,0,1985,7.5,11.59,willigu02-1985
jonesch01,3,-0.3,198502170GSW-WSB,198502170GSW-GSW,WSB-1985,0,1985,-0.8999999999999999,11.59,jonesch01-1985
shortpu01,42,-1,198502190ATL-GSW,198502190ATL-ATL,GSW-1985,0,1985,-42,27.255555555555553,shortpu01-1985
floydsl01,39,6.4,198502190ATL-GSW,198502190ATL-ATL,GSW-1985,0,1985,249.60000000000002,27.255555555555553,floydsl01-1985
johnsmi01,34,8.6,198502190ATL-GSW,198502190ATL-ATL,GSW-1985,0,1985,292.4,27.255555555555553,johnsmi01-1985
connele01,31,-0.8,198502190ATL-GSW,198502190ATL-ATL,GSW-1985,0,1985,-24.8,27.255555555555553,connele01-1985
whiteje01,28,-10.3,198502190ATL-GSW,198502190ATL-ATL,GSW-1985,0,1985,-288.40000000000003,27.255555555555553,whiteje01-1985
smithla01,22,1.6,198502190ATL-GSW,198502190ATL-ATL,GSW-1985,0,1985,35.2,27.255555555555553,smithla01-1985
aleksch01,20,-0.7,198502190ATL-GSW,198502190ATL-ATL,GSW-1985,0,1985,-14,27.255555555555553,aleksch01-1985
wilsoot01,17,3.1,198502190ATL-GSW,198502190ATL-ATL,GSW-1985,0,1985,52.7,27.255555555555553,wilsoot01-1985
burttst01,7,-2.2,198502190ATL-GSW,198502190ATL-ATL,GSW-1985,0,1985,-15.400000000000002,27.255555555555553,burttst01-1985
shortpu01,38,-6.1,198502200PHI-GSW,198502200PHI-PHI,GSW-1985,0,1985,-231.79999999999998,-6.845454545454545,shortpu01-1985
floydsl01,36,-0.5,198502200PHI-GSW,198502200PHI-PHI,GSW-1985,0,1985,-18,-6.845454545454545,floydsl01-1985
whiteje01,36,1.9,198502200PHI-GSW,198502200PHI-PHI,GSW-1985,0,1985,68.39999999999999,-6.845454545454545,whiteje01-1985
connele01,34,5,198502200PHI-GSW,198502200PHI-PHI,GSW-1985,0,1985,170,-6.845454545454545,connele01-1985
smithla01,27,-1.5,198502200PHI-GSW,198502200PHI-PHI,GSW-1985,0,1985,-40.5,-6.845454545454545,smithla01-1985
johnsmi01,23,0.8,198502200PHI-GSW,198502200PHI-PHI,GSW-1985,0,1985,18.400000000000002,-6.845454545454545,johnsmi01-1985
wilsoot01,14,0,198502200PHI-GSW,198502200PHI-PHI,GSW-1985,0,1985,0,-6.845454545454545,wilsoot01-1985
aleksch01,12,0.5,198502200PHI-GSW,198502200PHI-PHI,GSW-1985,0,1985,6,-6.845454545454545,aleksch01-1985
burttst01,12,-4.5,198502200PHI-GSW,198502200PHI-PHI,GSW-1985,0,1985,-54,-6.845454545454545,burttst01-1985
plummga01,5,2.2,198502200PHI-GSW,198502200PHI-PHI,GSW-1985,0,1985,11,-6.845454545454545,plummga01-1985
thibepe01,3,-1.6,198502200PHI-GSW,198502200PHI-PHI,GSW-1985,0,1985,-4.800000000000001,-6.845454545454545,thibepe01-1985
shortpu01,42,-0.8,198502220NJN-GSW,198502220NJN-NJN,GSW-1985,1,1985,-33.6,49.46666666666666,shortpu01-1985
floydsl01,38,16.4,198502220NJN-GSW,198502220NJN-NJN,GSW-1985,1,1985,623.1999999999999,49.46666666666666,floydsl01-1985
smithla01,31,0,198502220NJN-GSW,198502220NJN-NJN,GSW-1985,1,1985,0,49.46666666666666,smithla01-1985
whiteje01,31,-3.7,198502220NJN-GSW,198502220NJN-NJN,GSW-1985,1,1985,-114.7,49.46666666666666,whiteje01-1985
connele01,25,-2.7,198502220NJN-GSW,198502220NJN-NJN,GSW-1985,1,1985,-67.5,49.46666666666666,connele01-1985
johnsmi01,23,2.1,198502220NJN-GSW,198502220NJN-NJN,GSW-1985,1,1985,48.300000000000004,49.46666666666666,johnsmi01-1985
wilsoot01,23,2.2,198502220NJN-GSW,198502220NJN-NJN,GSW-1985,1,1985,50.6,49.46666666666666,wilsoot01-1985
aleksch01,17,-3.3,198502220NJN-GSW,198502220NJN-NJN,GSW-1985,1,1985,-56.099999999999994,49.46666666666666,aleksch01-1985
burttst01,10,-0.5,198502220NJN-GSW,198502220NJN-NJN,GSW-1985,1,1985,-5,49.46666666666666,burttst01-1985
smithla01,38,-0.2,198502230CHI-GSW,198502230CHI-CHI,GSW-1985,0,1985,-7.6000000000000005,-7.025000000000001,smithla01-1985
shortpu01,35,-3.2,198502230CHI-GSW,198502230CHI-CHI,GSW-1985,0,1985,-112,-7.025000000000001,shortpu01-1985
floydsl01,33,-1.1,198502230CHI-GSW,198502230CHI-CHI,GSW-1985,0,1985,-36.300000000000004,-7.025000000000001,floydsl01-1985
whiteje01,29,-1.5,198502230CHI-GSW,198502230CHI-CHI,GSW-1985,0,1985,-43.5,-7.025000000000001,whiteje01-1985
connele01,27,4.8,198502230CHI-GSW,198502230CHI-CHI,GSW-1985,0,1985,129.6,-7.025000000000001,connele01-1985
wilsoot01,21,3.3,198502230CHI-GSW,198502230CHI-CHI,GSW-1985,0,1985,69.3,-7.025000000000001,wilsoot01-1985
johnsmi01,20,-1,198502230CHI-GSW,198502230CHI-CHI,GSW-1985,0,1985,-20,-7.025000000000001,johnsmi01-1985
aleksch01,16,-0.2,198502230CHI-GSW,198502230CHI-CHI,GSW-1985,0,1985,-3.2,-7.025000000000001,aleksch01-1985
burttst01,11,-6.2,198502230CHI-GSW,198502230CHI-CHI,GSW-1985,0,1985,-68.2,-7.025000000000001,burttst01-1985
bratzmi01,4,2.2,198502230CHI-GSW,198502230CHI-CHI,GSW-1985,0,1985,8.8,-7.025000000000001,bratzmi01-1985
plummga01,3,-0.3,198502230CHI-GSW,198502230CHI-CHI,GSW-1985,0,1985,-0.8999999999999999,-7.025000000000001,plummga01-1985
thibepe01,3,-0.1,198502230CHI-GSW,198502230CHI-CHI,GSW-1985,0,1985,-0.30000000000000004,-7.025000000000001,thibepe01-1985
woodal01,39,2,198502260GSW-SEA,198502260GSW-GSW,SEA-1985,0,1985,78,14.690000000000003,woodal01-1985
hendege01,36,4.9,198502260GSW-SEA,198502260GSW-GSW,SEA-1985,0,1985,176.4,14.690000000000003,hendege01-1985
mccorti01,35,-3.3,198502260GSW-SEA,198502260GSW-GSW,SEA-1985,0,1985,-115.5,14.690000000000003,mccorti01-1985
chambto01,32,5.2,198502260GSW-SEA,198502260GSW-GSW,SEA-1985,0,1985,166.4,14.690000000000003,chambto01-1985
sikmaja01,31,-0.7,198502260GSW-SEA,198502260GSW-GSW,SEA-1985,0,1985,-21.7,14.690000000000003,sikmaja01-1985
vraneda01,21,-3.9,198502260GSW-SEA,198502260GSW-GSW,SEA-1985,0,1985,-81.89999999999999,14.690000000000003,vraneda01-1985
sundvjo01,14,-2.3,198502260GSW-SEA,198502260GSW-GSW,SEA-1985,0,1985,-32.199999999999996,14.690000000000003,sundvjo01-1985
brickfr01,12,-0.8,198502260GSW-SEA,198502260GSW-GSW,SEA-1985,0,1985,-9.600000000000001,14.690000000000003,brickfr01-1985
kingre01,10,1,198502260GSW-SEA,198502260GSW-GSW,SEA-1985,0,1985,10,14.690000000000003,kingre01-1985
soberri01,10,-2.3,198502260GSW-SEA,198502260GSW-GSW,SEA-1985,0,1985,-23,14.690000000000003,soberri01-1985
drexlcl01,43,7.1,198502280GSW-POR,198502280GSW-GSW,POR-1985,0,1985,305.3,45.25555555555555,drexlcl01-1985
valenda01,40,-1.7,198502280GSW-POR,198502280GSW-GSW,POR-1985,0,1985,-68,45.25555555555555,valenda01-1985
thompmy01,39,-3.2,198502280GSW-POR,198502280GSW-GSW,POR-1985,0,1985,-124.80000000000001,45.25555555555555,thompmy01-1985
paxsoji02,38,6.9,198502280GSW-POR,198502280GSW-GSW,POR-1985,0,1985,262.2,45.25555555555555,paxsoji02-1985
bowiesa01,34,2.8,198502280GSW-POR,198502280GSW-GSW,POR-1985,0,1985,95.19999999999999,45.25555555555555,bowiesa01-1985
carrke01,23,-0.5,198502280GSW-POR,198502280GSW-GSW,POR-1985,0,1985,-11.5,45.25555555555555,carrke01-1985
coltest01,11,-3.7,198502280GSW-POR,198502280GSW-GSW,POR-1985,0,1985,-40.7,45.25555555555555,coltest01-1985
thompbe01,7,-0.7,198502280GSW-POR,198502280GSW-GSW,POR-1985,0,1985,-4.8999999999999995,45.25555555555555,thompbe01-1985
kerseje01,5,-1.1,198502280GSW-POR,198502280GSW-GSW,POR-1985,0,1985,-5.5,45.25555555555555,kerseje01-1985
nixonno01,38,4.4,198503020GSW-LAC,198503020GSW-GSW,LAC-1985,0,1985,167.20000000000002,-4.439999999999999,nixonno01-1985
johnsma01,35,-4.1,198503020GSW-LAC,198503020GSW-GSW,LAC-1985,0,1985,-143.5,-4.439999999999999,johnsma01-1985
smithde02,31,4.4,198503020GSW-LAC,198503020GSW-GSW,LAC-1985,0,1985,136.4,-4.439999999999999,smithde02-1985
donalja01,30,-4.9,198503020GSW-LAC,198503020GSW-GSW,LAC-1985,0,1985,-147,-4.439999999999999,donalja01-1985
bridgju01,23,-0.9,198503020GSW-LAC,198503020GSW-GSW,LAC-1985,0,1985,-20.7,-4.439999999999999,bridgju01-1985
cagemi01,22,-3,198503020GSW-LAC,198503020GSW-GSW,LAC-1985,0,1985,-66,-4.439999999999999,cagemi01-1985
catchha01,22,-2.6,198503020GSW-LAC,198503020GSW-GSW,LAC-1985,0,1985,-57.2,-4.439999999999999,catchha01-1985
gordola01,15,1.2,198503020GSW-LAC,198503020GSW-GSW,LAC-1985,0,1985,18,-4.439999999999999,gordola01-1985
waltobi01,14,4.1,198503020GSW-LAC,198503020GSW-GSW,LAC-1985,0,1985,57.39999999999999,-4.439999999999999,waltobi01-1985
whitero01,10,1.1,198503020GSW-LAC,198503020GSW-GSW,LAC-1985,0,1985,11,-4.439999999999999,whitero01-1985
freewo01,37,1.9,198503040GSW-CLE,198503040GSW-GSW,CLE-1985,1,1985,70.3,28.83,freewo01-1985
baglejo01,36,0.5,198503040GSW-CLE,198503040GSW-GSW,CLE-1985,1,1985,18,28.83,baglejo01-1985
hubbaph01,30,1.7,198503040GSW-CLE,198503040GSW-GSW,CLE-1985,1,1985,51,28.83,hubbaph01-1985
sheltlo01,29,1.1,198503040GSW-CLE,198503040GSW-GSW,CLE-1985,1,1985,31.900000000000002,28.83,sheltlo01-1985
hinsoro01,27,2.9,198503040GSW-CLE,198503040GSW-GSW,CLE-1985,1,1985,78.3,28.83,hinsoro01-1985
poquebe01,22,3.3,198503040GSW-CLE,198503040GSW-GSW,CLE-1985,1,1985,72.6,28.83,poquebe01-1985
westma01,20,0.4,198503040GSW-CLE,198503040GSW-GSW,CLE-1985,1,1985,8,28.83,westma01-1985
davisjo01,20,-3.6,198503040GSW-CLE,198503040GSW-GSW,CLE-1985,1,1985,-72,28.83,davisjo01-1985
turpime01,17,2.2,198503040GSW-CLE,198503040GSW-GSW,CLE-1985,1,1985,37.400000000000006,28.83,turpime01-1985
willike01,2,-3.6,198503040GSW-CLE,198503040GSW-GSW,CLE-1985,1,1985,-7.2,28.83,willike01-1985
shortpu01,37,-4.1,198503060LAL-GSW,198503060LAL-LAL,GSW-1985,0,1985,-151.7,-14.324999999999998,shortpu01-1985
floydsl01,32,-4.5,198503060LAL-GSW,198503060LAL-LAL,GSW-1985,0,1985,-144,-14.324999999999998,floydsl01-1985
connele01,28,1.8,198503060LAL-GSW,198503060LAL-LAL,GSW-1985,0,1985,50.4,-14.324999999999998,connele01-1985
whiteje01,26,-3.9,198503060LAL-GSW,198503060LAL-LAL,GSW-1985,0,1985,-101.39999999999999,-14.324999999999998,whiteje01-1985
johnsmi01,26,5.5,198503060LAL-GSW,198503060LAL-LAL,GSW-1985,0,1985,143,-14.324999999999998,johnsmi01-1985
wilsoot01,20,3.1,198503060LAL-GSW,198503060LAL-LAL,GSW-1985,0,1985,62,-14.324999999999998,wilsoot01-1985
aleksch01,17,0.4,198503060LAL-GSW,198503060LAL-LAL,GSW-1985,0,1985,6.800000000000001,-14.324999999999998,aleksch01-1985
smithla01,16,-1.3,198503060LAL-GSW,198503060LAL-LAL,GSW-1985,0,1985,-20.8,-14.324999999999998,smithla01-1985
thibepe01,16,0.5,198503060LAL-GSW,198503060LAL-LAL,GSW-1985,0,1985,8,-14.324999999999998,thibepe01-1985
bratzmi01,12,-0.2,198503060LAL-GSW,198503060LAL-LAL,GSW-1985,0,1985,-2.4000000000000004,-14.324999999999998,bratzmi01-1985
plummga01,6,-3.3,198503060LAL-GSW,198503060LAL-LAL,GSW-1985,0,1985,-19.799999999999997,-14.324999999999998,plummga01-1985
burttst01,4,-0.5,198503060LAL-GSW,198503060LAL-LAL,GSW-1985,0,1985,-2,-14.324999999999998,burttst01-1985
shortpu01,45,6.1,198503090PHO-GSW,198503090PHO-PHO,GSW-1985,1,1985,274.5,29.166666666666668,shortpu01-1985
floydsl01,42,-2,198503090PHO-GSW,198503090PHO-PHO,GSW-1985,1,1985,-84,29.166666666666668,floydsl01-1985
smithla01,34,0.3,198503090PHO-GSW,198503090PHO-PHO,GSW-1985,1,1985,10.2,29.166666666666668,smithla01-1985
whiteje01,31,2.1,198503090PHO-GSW,198503090PHO-PHO,GSW-1985,1,1985,65.10000000000001,29.166666666666668,whiteje01-1985
connele01,29,-0.3,198503090PHO-GSW,198503090PHO-PHO,GSW-1985,1,1985,-8.7,29.166666666666668,connele01-1985
wilsoot01,19,-1.3,198503090PHO-GSW,198503090PHO-PHO,GSW-1985,1,1985,-24.7,29.166666666666668,wilsoot01-1985
aleksch01,17,0.8,198503090PHO-GSW,198503090PHO-PHO,GSW-1985,1,1985,13.600000000000001,29.166666666666668,aleksch01-1985
johnsmi01,17,0.9,198503090PHO-GSW,198503090PHO-PHO,GSW-1985,1,1985,15.3,29.166666666666668,johnsmi01-1985
bratzmi01,6,0.2,198503090PHO-GSW,198503090PHO-PHO,GSW-1985,1,1985,1.2000000000000002,29.166666666666668,bratzmi01-1985
gilmoar01,31,3.3,198503120GSW-SAS,198503120GSW-GSW,SAS-1985,0,1985,102.3,-13.781818181818181,gilmoar01-1985
gervige01,29,-3.3,198503120GSW-SAS,198503120GSW-GSW,SAS-1985,0,1985,-95.69999999999999,-13.781818181818181,gervige01-1985
knighbi01,27,-2,198503120GSW-SAS,198503120GSW-GSW,SAS-1985,0,1985,-54,-13.781818181818181,knighbi01-1985
mitchmi01,25,-6.7,198503120GSW-SAS,198503120GSW-GSW,SAS-1985,0,1985,-167.5,-13.781818181818181,mitchmi01-1985
moorejo01,24,4.5,198503120GSW-SAS,198503120GSW-GSW,SAS-1985,0,1985,108,-13.781818181818181,moorejo01-1985
paxsojo01,24,-1.8,198503120GSW-SAS,198503120GSW-GSW,SAS-1985,0,1985,-43.2,-13.781818181818181,paxsojo01-1985
roberal01,19,2,198503120GSW-SAS,198503120GSW-GSW,SAS-1985,0,1985,38,-13.781818181818181,roberal01-1985
cookje01,18,-1.9,198503120GSW-SAS,198503120GSW-GSW,SAS-1985,0,1985,-34.199999999999996,-13.781818181818181,cookje01-1985
iavarma01,15,1.7,198503120GSW-SAS,198503120GSW-GSW,SAS-1985,0,1985,25.5,-13.781818181818181,iavarma01-1985
banksge01,14,-0.9,198503120GSW-SAS,198503120GSW-GSW,SAS-1985,0,1985,-12.6,-13.781818181818181,banksge01-1985
jonesoz01,14,-1.3,198503120GSW-SAS,198503120GSW-GSW,SAS-1985,0,1985,-18.2,-13.781818181818181,jonesoz01-1985
johnsed02,38,-3.2,198503140GSW-ATL,198503140GSW-GSW,ATL-1985,1,1985,-121.60000000000001,23.433333333333334,johnsed02-1985
wittmra01,38,5.3,198503140GSW-ATL,198503140GSW-GSW,ATL-1985,1,1985,201.4,23.433333333333334,wittmra01-1985
wilkido01,37,0.6,198503140GSW-ATL,198503140GSW-GSW,ATL-1985,1,1985,22.2,23.433333333333334,wilkido01-1985
willike02,33,-0.3,198503140GSW-ATL,198503140GSW-GSW,ATL-1985,1,1985,-9.9,23.433333333333334,willike02-1985
levincl01,31,1,198503140GSW-ATL,198503140GSW-GSW,ATL-1985,1,1985,31,23.433333333333334,levincl01-1985
brownri01,20,-0.6,198503140GSW-ATL,198503140GSW-GSW,ATL-1985,1,1985,-12,23.433333333333334,brownri01-1985
hastisc01,19,3.8,198503140GSW-ATL,198503140GSW-GSW,ATL-1985,1,1985,72.2,23.433333333333334,hastisc01-1985
riverdo01,18,0.5,198503140GSW-ATL,198503140GSW-GSW,ATL-1985,1,1985,9,23.433333333333334,riverdo01-1985
carran01,6,3.1,198503140GSW-ATL,198503140GSW-GSW,ATL-1985,1,1985,18.6,23.433333333333334,carran01-1985
floydsl01,34,-0.7,198503150POR-GSW,198503150POR-POR,GSW-1985,0,1985,-23.799999999999997,-11.533333333333333,floydsl01-1985
whiteje01,34,0,198503150POR-GSW,198503150POR-POR,GSW-1985,0,1985,0,-11.533333333333333,whiteje01-1985
shortpu01,33,0.7,198503150POR-GSW,198503150POR-POR,GSW-1985,0,1985,23.099999999999998,-11.533333333333333,shortpu01-1985
smithla01,32,-1.9,198503150POR-GSW,198503150POR-POR,GSW-1985,0,1985,-60.8,-11.533333333333333,smithla01-1985
teaglte01,21,3.5,198503150POR-GSW,198503150POR-POR,GSW-1985,0,1985,73.5,-11.533333333333333,teaglte01-1985
wilsoot01,19,-1.9,198503150POR-GSW,198503150POR-POR,GSW-1985,0,1985,-36.1,-11.533333333333333,wilsoot01-1985
connele01,17,-4.3,198503150POR-GSW,198503150POR-POR,GSW-1985,0,1985,-73.1,-11.533333333333333,connele01-1985
thibepe01,15,-2.9,198503150POR-GSW,198503150POR-POR,GSW-1985,0,1985,-43.5,-11.533333333333333,thibepe01-1985
plummga01,13,1.8,198503150POR-GSW,198503150POR-POR,GSW-1985,0,1985,23.400000000000002,-11.533333333333333,plummga01-1985
aleksch01,11,-1.6,198503150POR-GSW,198503150POR-POR,GSW-1985,0,1985,-17.6,-11.533333333333333,aleksch01-1985
johnsmi01,6,-1.5,198503150POR-GSW,198503150POR-POR,GSW-1985,0,1985,-9,-11.533333333333333,johnsmi01-1985
bratzmi01,5,1.1,198503150POR-GSW,198503150POR-POR,GSW-1985,0,1985,5.5,-11.533333333333333,bratzmi01-1985
smithla01,45,3.4,198503170LAC-GSW,198503170LAC-LAC,GSW-1985,1,1985,153,36.511111111111106,smithla01-1985
floydsl01,41,3.3,198503170LAC-GSW,198503170LAC-LAC,GSW-1985,1,1985,135.29999999999998,36.511111111111106,floydsl01-1985
shortpu01,34,-4.4,198503170LAC-GSW,198503170LAC-LAC,GSW-1985,1,1985,-149.60000000000002,36.511111111111106,shortpu01-1985
whiteje01,33,3.4,198503170LAC-GSW,198503170LAC-LAC,GSW-1985,1,1985,112.2,36.511111111111106,whiteje01-1985
connele01,27,0.6,198503170LAC-GSW,198503170LAC-LAC,GSW-1985,1,1985,16.2,36.511111111111106,connele01-1985
wilsoot01,21,1.7,198503170LAC-GSW,198503170LAC-LAC,GSW-1985,1,1985,35.699999999999996,36.511111111111106,wilsoot01-1985
thibepe01,17,2.8,198503170LAC-GSW,198503170LAC-LAC,GSW-1985,1,1985,47.599999999999994,36.511111111111106,thibepe01-1985
plummga01,15,-1.5,198503170LAC-GSW,198503170LAC-LAC,GSW-1985,1,1985,-22.5,36.511111111111106,plummga01-1985
teaglte01,7,0.1,198503170LAC-GSW,198503170LAC-LAC,GSW-1985,1,1985,0.7000000000000001,36.511111111111106,teaglte01-1985
shortpu01,45,-2.8,198503180UTA-GSW,198503180UTA-UTA,GSW-1985,0,1985,-125.99999999999999,-9.455555555555552,shortpu01-1985
smithla01,34,0.3,198503180UTA-GSW,198503180UTA-UTA,GSW-1985,0,1985,10.2,-9.455555555555552,smithla01-1985
floydsl01,29,-4.1,198503180UTA-GSW,198503180UTA-UTA,GSW-1985,0,1985,-118.89999999999999,-9.455555555555552,floydsl01-1985
connele01,26,3,198503180UTA-GSW,198503180UTA-UTA,GSW-1985,0,1985,78,-9.455555555555552,connele01-1985
whiteje01,24,-1.7,198503180UTA-GSW,198503180UTA-UTA,GSW-1985,0,1985,-40.8,-9.455555555555552,whiteje01-1985
plummga01,24,3.1,198503180UTA-GSW,198503180UTA-UTA,GSW-1985,0,1985,74.4,-9.455555555555552,plummga01-1985
wilsoot01,22,-1.2,198503180UTA-GSW,198503180UTA-UTA,GSW-1985,0,1985,-26.4,-9.455555555555552,wilsoot01-1985
teaglte01,19,5,198503180UTA-GSW,198503180UTA-UTA,GSW-1985,0,1985,95,-9.455555555555552,teaglte01-1985
thibepe01,17,-1.8,198503180UTA-GSW,198503180UTA-UTA,GSW-1985,0,1985,-30.6,-9.455555555555552,thibepe01-1985
shortpu01,38,0.9,198503200SEA-GSW,198503200SEA-SEA,GSW-1985,0,1985,34.2,-14.125000000000002,shortpu01-1985
floydsl01,32,-7.4,198503200SEA-GSW,198503200SEA-SEA,GSW-1985,0,1985,-236.8,-14.125000000000002,floydsl01-1985
whiteje01,27,-1.6,198503200SEA-GSW,198503200SEA-SEA,GSW-1985,0,1985,-43.2,-14.125000000000002,whiteje01-1985
connele01,27,2.9,198503200SEA-GSW,198503200SEA-SEA,GSW-1985,0,1985,78.3,-14.125000000000002,connele01-1985
johnsmi01,24,8.1,198503200SEA-GSW,198503200SEA-SEA,GSW-1985,0,1985,194.39999999999998,-14.125000000000002,johnsmi01-1985
smithla01,21,-3.3,198503200SEA-GSW,198503200SEA-SEA,GSW-1985,0,1985,-69.3,-14.125000000000002,smithla01-1985
aleksch01,19,-2.3,198503200SEA-GSW,198503200SEA-SEA,GSW-1985,0,1985,-43.699999999999996,-14.125000000000002,aleksch01-1985
wilsoot01,18,-3.6,198503200SEA-GSW,198503200SEA-SEA,GSW-1985,0,1985,-64.8,-14.125000000000002,wilsoot01-1985
teaglte01,16,0.3,198503200SEA-GSW,198503200SEA-SEA,GSW-1985,0,1985,4.8,-14.125000000000002,teaglte01-1985
thibepe01,11,-2.8,198503200SEA-GSW,198503200SEA-SEA,GSW-1985,0,1985,-30.799999999999997,-14.125000000000002,thibepe01-1985
plummga01,4,0.8,198503200SEA-GSW,198503200SEA-SEA,GSW-1985,0,1985,3.2,-14.125000000000002,plummga01-1985
bratzmi01,3,1.4,198503200SEA-GSW,198503200SEA-SEA,GSW-1985,0,1985,4.199999999999999,-14.125000000000002,bratzmi01-1985
thomais01,40,8.3,198503210GSW-DET,198503210GSW-GSW,DET-1985,1,1985,332,59.28888888888889,thomais01-1985
laimbbi01,34,2.4,198503210GSW-DET,198503210GSW-GSW,DET-1985,1,1985,81.6,59.28888888888889,laimbbi01-1985
roundda01,34,2.5,198503210GSW-DET,198503210GSW-GSW,DET-1985,1,1985,85,59.28888888888889,roundda01-1985
tripuke01,34,2.6,198503210GSW-DET,198503210GSW-GSW,DET-1985,1,1985,88.4,59.28888888888889,tripuke01-1985
longjo01,30,-0.9,198503210GSW-DET,198503210GSW-GSW,DET-1985,1,1985,-27,59.28888888888889,longjo01-1985
johnsvi01,22,0.3,198503210GSW-DET,198503210GSW-GSW,DET-1985,1,1985,6.6,59.28888888888889,johnsvi01-1985
curetea01,20,-1,198503210GSW-DET,198503210GSW-GSW,DET-1985,1,1985,-20,59.28888888888889,curetea01-1985
jonesma01,13,-0.2,198503210GSW-DET,198503210GSW-GSW,DET-1985,1,1985,-2.6,59.28888888888889,jonesma01-1985
tylerte01,13,-0.8,198503210GSW-DET,198503210GSW-GSW,DET-1985,1,1985,-10.4,59.28888888888889,tylerte01-1985
jonesch02,34,3.4,198503230GSW-PHO,198503230GSW-GSW,PHO-1985,0,1985,115.6,-4.645454545454545,jonesch02-1985
lucasma01,34,-4.3,198503230GSW-PHO,198503230GSW-GSW,PHO-1985,0,1985,-146.2,-4.645454545454545,lucasma01-1985
macyky01,34,0.8,198503230GSW-PHO,198503230GSW-GSW,PHO-1985,0,1985,27.200000000000003,-4.645454545454545,macyky01-1985
pittmch01,30,2,198503230GSW-PHO,198503230GSW-GSW,PHO-1985,0,1985,60,-4.645454545454545,pittmch01-1985
humphja01,27,-1,198503230GSW-PHO,198503230GSW-GSW,PHO-1985,0,1985,-27,-4.645454545454545,humphja01-1985
daviswa03,19,1.7,198503230GSW-PHO,198503230GSW-GSW,PHO-1985,0,1985,32.3,-4.645454545454545,daviswa03-1985
sandemi01,16,-1.4,198503230GSW-PHO,198503230GSW-GSW,PHO-1985,0,1985,-22.4,-4.645454545454545,sandemi01-1985
scottal01,16,-2.2,198503230GSW-PHO,198503230GSW-GSW,PHO-1985,0,1985,-35.2,-4.645454545454545,scottal01-1985
adamsal01,14,0.4,198503230GSW-PHO,198503230GSW-GSW,PHO-1985,0,1985,5.6000000000000005,-4.645454545454545,adamsal01-1985
fostero01,13,-4.6,198503230GSW-PHO,198503230GSW-GSW,PHO-1985,0,1985,-59.8,-4.645454545454545,fostero01-1985
holtomi01,3,-0.4,198503230GSW-PHO,198503230GSW-GSW,PHO-1985,0,1985,-1.2000000000000002,-4.645454545454545,holtomi01-1985
smithla01,32,2.4,198503260DAL-GSW,198503260DAL-DAL,GSW-1985,0,1985,76.8,-7.999999999999999,smithla01-1985
whiteje01,32,-2.4,198503260DAL-GSW,198503260DAL-DAL,GSW-1985,0,1985,-76.8,-7.999999999999999,whiteje01-1985
floydsl01,31,1.8,198503260DAL-GSW,198503260DAL-DAL,GSW-1985,0,1985,55.800000000000004,-7.999999999999999,floydsl01-1985
connele01,29,7.7,198503260DAL-GSW,198503260DAL-DAL,GSW-1985,0,1985,223.3,-7.999999999999999,connele01-1985
thibepe01,23,-5.8,198503260DAL-GSW,198503260DAL-DAL,GSW-1985,0,1985,-133.4,-7.999999999999999,thibepe01-1985
johnsmi01,22,0.4,198503260DAL-GSW,198503260DAL-DAL,GSW-1985,0,1985,8.8,-7.999999999999999,johnsmi01-1985
plummga01,22,-3.2,198503260DAL-GSW,198503260DAL-DAL,GSW-1985,0,1985,-70.4,-7.999999999999999,plummga01-1985
wilsoot01,19,-3.7,198503260DAL-GSW,198503260DAL-DAL,GSW-1985,0,1985,-70.3,-7.999999999999999,wilsoot01-1985
teaglte01,17,0.6,198503260DAL-GSW,198503260DAL-DAL,GSW-1985,0,1985,10.2,-7.999999999999999,teaglte01-1985
aleksch01,13,-8,198503260DAL-GSW,198503260DAL-DAL,GSW-1985,0,1985,-104,-7.999999999999999,aleksch01-1985
floydsl01,35,-0.5,198503270SAS-GSW,198503270SAS-SAS,GSW-1985,0,1985,-17.5,16.229999999999997,floydsl01-1985
johnsmi01,34,3.4,198503270SAS-GSW,198503270SAS-SAS,GSW-1985,0,1985,115.6,16.229999999999997,johnsmi01-1985
smithla01,33,1.3,198503270SAS-GSW,198503270SAS-SAS,GSW-1985,0,1985,42.9,16.229999999999997,smithla01-1985
whiteje01,24,-1.7,198503270SAS-GSW,198503270SAS-SAS,GSW-1985,0,1985,-40.8,16.229999999999997,whiteje01-1985
wilsoot01,24,-2.5,198503270SAS-GSW,198503270SAS-SAS,GSW-1985,0,1985,-60,16.229999999999997,wilsoot01-1985
connele01,24,5.1,198503270SAS-GSW,198503270SAS-SAS,GSW-1985,0,1985,122.39999999999999,16.229999999999997,connele01-1985
plummga01,19,3.3,198503270SAS-GSW,198503270SAS-SAS,GSW-1985,0,1985,62.699999999999996,16.229999999999997,plummga01-1985
thibepe01,19,-3.8,198503270SAS-GSW,198503270SAS-SAS,GSW-1985,0,1985,-72.2,16.229999999999997,thibepe01-1985
aleksch01,15,-0.6,198503270SAS-GSW,198503270SAS-SAS,GSW-1985,0,1985,-9,16.229999999999997,aleksch01-1985
teaglte01,13,1.4,198503270SAS-GSW,198503270SAS-SAS,GSW-1985,0,1985,18.2,16.229999999999997,teaglte01-1985
whiteje01,36,-4.1,198503290HOU-GSW,198503290HOU-HOU,GSW-1985,0,1985,-147.6,15.900000000000002,whiteje01-1985
smithla01,31,-0.2,198503290HOU-GSW,198503290HOU-HOU,GSW-1985,0,1985,-6.2,15.900000000000002,smithla01-1985
shortpu01,31,-0.7,198503290HOU-GSW,198503290HOU-HOU,GSW-1985,0,1985,-21.7,15.900000000000002,shortpu01-1985
floydsl01,28,10.6,198503290HOU-GSW,198503290HOU-HOU,GSW-1985,0,1985,296.8,15.900000000000002,floydsl01-1985
wilsoot01,25,4.8,198503290HOU-GSW,198503290HOU-HOU,GSW-1985,0,1985,120,15.900000000000002,wilsoot01-1985
johnsmi01,23,2.2,198503290HOU-GSW,198503290HOU-HOU,GSW-1985,0,1985,50.6,15.900000000000002,johnsmi01-1985
connele01,23,-3.5,198503290HOU-GSW,198503290HOU-HOU,GSW-1985,0,1985,-80.5,15.900000000000002,connele01-1985
teaglte01,20,-0.9,198503290HOU-GSW,198503290HOU-HOU,GSW-1985,0,1985,-18,15.900000000000002,teaglte01-1985
aleksch01,12,-1.2,198503290HOU-GSW,198503290HOU-HOU,GSW-1985,0,1985,-14.399999999999999,15.900000000000002,aleksch01-1985
plummga01,7,0.5,198503290HOU-GSW,198503290HOU-HOU,GSW-1985,0,1985,3.5,15.900000000000002,plummga01-1985
thibepe01,4,-1.9,198503290HOU-GSW,198503290HOU-HOU,GSW-1985,0,1985,-7.6,15.900000000000002,thibepe01-1985
shortpu01,36,-0.1,198503300KCK-GSW,198503300KCK-KCK,GSW-1985,0,1985,-3.6,1.9299999999999988,shortpu01-1985
floydsl01,35,4.3,198503300KCK-GSW,198503300KCK-KCK,GSW-1985,0,1985,150.5,1.9299999999999988,floydsl01-1985
smithla01,35,4.6,198503300KCK-GSW,198503300KCK-KCK,GSW-1985,0,1985,161,1.9299999999999988,smithla01-1985
whiteje01,34,-2.7,198503300KCK-GSW,198503300KCK-KCK,GSW-1985,0,1985,-91.80000000000001,1.9299999999999988,whiteje01-1985
wilsoot01,26,-1.7,198503300KCK-GSW,198503300KCK-KCK,GSW-1985,0,1985,-44.199999999999996,1.9299999999999988,wilsoot01-1985
connele01,22,-4.5,198503300KCK-GSW,198503300KCK-KCK,GSW-1985,0,1985,-99,1.9299999999999988,connele01-1985
aleksch01,14,0.5,198503300KCK-GSW,198503300KCK-KCK,GSW-1985,0,1985,7,1.9299999999999988,aleksch01-1985
plummga01,13,-3.6,198503300KCK-GSW,198503300KCK-KCK,GSW-1985,0,1985,-46.800000000000004,1.9299999999999988,plummga01-1985
teaglte01,13,-1.8,198503300KCK-GSW,198503300KCK-KCK,GSW-1985,0,1985,-23.400000000000002,1.9299999999999988,teaglte01-1985
thibepe01,12,0.8,198503300KCK-GSW,198503300KCK-KCK,GSW-1985,0,1985,9.600000000000001,1.9299999999999988,thibepe01-1985
perkisa01,38,-1.2,198504020GSW-DAL,198504020GSW-GSW,DAL-1985,1,1985,-45.6,44.02222222222222,perkisa01-1985
blackro01,37,-0.1,198504020GSW-DAL,198504020GSW-GSW,DAL-1985,1,1985,-3.7,44.02222222222222,blackro01-1985
aguirma01,36,7.5,198504020GSW-DAL,198504020GSW-GSW,DAL-1985,1,1985,270,44.02222222222222,aguirma01-1985
davisbr01,30,7.7,198504020GSW-DAL,198504020GSW-GSW,DAL-1985,1,1985,231,44.02222222222222,davisbr01-1985
vinceja01,28,-6.5,198504020GSW-DAL,198504020GSW-GSW,DAL-1985,1,1985,-182,44.02222222222222,vinceja01-1985
nimphku01,23,1,198504020GSW-DAL,198504020GSW-GSW,DAL-1985,1,1985,23,44.02222222222222,nimphku01-1985
harpede01,20,8.2,198504020GSW-DAL,198504020GSW-GSW,DAL-1985,1,1985,164,44.02222222222222,harpede01-1985
bryanwa01,19,-1.1,198504020GSW-DAL,198504020GSW-GSW,DAL-1985,1,1985,-20.900000000000002,44.02222222222222,bryanwa01-1985
ellisda01,9,-4.4,198504020GSW-DAL,198504020GSW-GSW,DAL-1985,1,1985,-39.6,44.02222222222222,ellisda01-1985
mccraro01,40,-3.7,198504040GSW-HOU,198504040GSW-GSW,HOU-1985,0,1985,-148,16.04444444444444,mccraro01-1985
sampsra01,39,-1.8,198504040GSW-HOU,198504040GSW-GSW,HOU-1985,0,1985,-70.2,16.04444444444444,sampsra01-1985
olajuha01,38,6.6,198504040GSW-HOU,198504040GSW-GSW,HOU-1985,0,1985,250.79999999999998,16.04444444444444,olajuha01-1985
lloydle01,27,2.5,198504040GSW-HOU,198504040GSW-GSW,HOU-1985,0,1985,67.5,16.04444444444444,lloydle01-1985
hollili01,25,2,198504040GSW-HOU,198504040GSW-GSW,HOU-1985,0,1985,50,16.04444444444444,hollili01-1985
lucasjo01,23,0.1,198504040GSW-HOU,198504040GSW-GSW,HOU-1985,0,1985,2.3000000000000003,16.04444444444444,lucasjo01-1985
wiggimi01,22,-1.1,198504040GSW-HOU,198504040GSW-GSW,HOU-1985,0,1985,-24.200000000000003,16.04444444444444,wiggimi01-1985
michela01,14,-2.7,198504040GSW-HOU,198504040GSW-GSW,HOU-1985,0,1985,-37.800000000000004,16.04444444444444,michela01-1985
reidro01,12,4.5,198504040GSW-HOU,198504040GSW-GSW,HOU-1985,0,1985,54,16.04444444444444,reidro01-1985
johnsed03,38,0.5,198504060GSW-KCK,198504060GSW-GSW,KCK-1985,0,1985,19,1.8083333333333322,johnsed03-1985
drewla01,35,8,198504060GSW-KCK,198504060GSW-GSW,KCK-1985,0,1985,280,1.8083333333333322,drewla01-1985
theusre01,34,-1.1,198504060GSW-KCK,198504060GSW-GSW,KCK-1985,0,1985,-37.400000000000006,1.8083333333333322,theusre01-1985
thorpot01,29,-3.7,198504060GSW-KCK,198504060GSW-GSW,KCK-1985,0,1985,-107.30000000000001,1.8083333333333322,thorpot01-1985
thompla01,26,-3,198504060GSW-KCK,198504060GSW-GSW,KCK-1985,0,1985,-78,1.8083333333333322,thompla01-1985
olberma01,23,-3.6,198504060GSW-KCK,198504060GSW-GSW,KCK-1985,0,1985,-82.8,1.8083333333333322,olberma01-1985
woodsmi01,23,1.3,198504060GSW-KCK,198504060GSW-GSW,KCK-1985,0,1985,29.900000000000002,1.8083333333333322,woodsmi01-1985
meriwjo01,12,-0.9,198504060GSW-KCK,198504060GSW-GSW,KCK-1985,0,1985,-10.8,1.8083333333333322,meriwjo01-1985
nealyed01,7,0.8,198504060GSW-KCK,198504060GSW-GSW,KCK-1985,0,1985,5.6000000000000005,1.8083333333333322,nealyed01-1985
verhope01,6,0.2,198504060GSW-KCK,198504060GSW-GSW,KCK-1985,0,1985,1.2000000000000002,1.8083333333333322,verhope01-1985
busedo01,4,1.4,198504060GSW-KCK,198504060GSW-GSW,KCK-1985,0,1985,5.6,1.8083333333333322,busedo01-1985
mcnamma01,3,-1.1,198504060GSW-KCK,198504060GSW-GSW,KCK-1985,0,1985,-3.3000000000000003,1.8083333333333322,mcnamma01-1985
shortpu01,39,1.4,198504070DEN-GSW,198504070DEN-DEN,GSW-1985,0,1985,54.599999999999994,10.95,shortpu01-1985
smithla01,36,0.8,198504070DEN-GSW,198504070DEN-DEN,GSW-1985,0,1985,28.8,10.95,smithla01-1985
floydsl01,29,-0.9,198504070DEN-GSW,198504070DEN-DEN,GSW-1985,0,1985,-26.1,10.95,floydsl01-1985
whiteje01,27,-0.2,198504070DEN-GSW,198504070DEN-DEN,GSW-1985,0,1985,-5.4,10.95,whiteje01-1985
connele01,26,-0.3,198504070DEN-GSW,198504070DEN-DEN,GSW-1985,0,1985,-7.8,10.95,connele01-1985
wilsoot01,22,1.7,198504070DEN-GSW,198504070DEN-DEN,GSW-1985,0,1985,37.4,10.95,wilsoot01-1985
teaglte01,19,2.6,198504070DEN-GSW,198504070DEN-DEN,GSW-1985,0,1985,49.4,10.95,teaglte01-1985
plummga01,18,-2.6,198504070DEN-GSW,198504070DEN-DEN,GSW-1985,0,1985,-46.800000000000004,10.95,plummga01-1985
aleksch01,17,1.7,198504070DEN-GSW,198504070DEN-DEN,GSW-1985,0,1985,28.9,10.95,aleksch01-1985
thibepe01,7,-0.5,198504070DEN-GSW,198504070DEN-DEN,GSW-1985,0,1985,-3.5,10.95,thibepe01-1985
johnsma02,41,2.1,198504110GSW-LAL,198504110GSW-GSW,LAL-1985,1,1985,86.10000000000001,62.88888888888889,johnsma02-1985
rambiku01,35,7,198504110GSW-LAL,198504110GSW-GSW,LAL-1985,1,1985,245,62.88888888888889,rambiku01-1985
scottby01,35,3,198504110GSW-LAL,198504110GSW-GSW,LAL-1985,1,1985,105,62.88888888888889,scottby01-1985
abdulka01,32,0.4,198504110GSW-LAL,198504110GSW-GSW,LAL-1985,1,1985,12.8,62.88888888888889,abdulka01-1985
worthja01,28,1.8,198504110GSW-LAL,198504110GSW-GSW,LAL-1985,1,1985,50.4,62.88888888888889,worthja01-1985
coopemi01,27,4,198504110GSW-LAL,198504110GSW-GSW,LAL-1985,1,1985,108,62.88888888888889,coopemi01-1985
mcadobo01,17,1.6,198504110GSW-LAL,198504110GSW-GSW,LAL-1985,1,1985,27.200000000000003,62.88888888888889,mcadobo01-1985
mcgeemi01,14,-4.5,198504110GSW-LAL,198504110GSW-GSW,LAL-1985,1,1985,-63,62.88888888888889,mcgeemi01-1985
sprigla01,11,-0.5,198504110GSW-LAL,198504110GSW-GSW,LAL-1985,1,1985,-5.5,62.88888888888889,sprigla01-1985
nattca01,39,4.4,198504130GSW-DEN,198504130GSW-GSW,DEN-1985,1,1985,171.60000000000002,42.05555555555556,nattca01-1985
leverfa01,34,1.3,198504130GSW-DEN,198504130GSW-GSW,DEN-1985,1,1985,44.2,42.05555555555556,leverfa01-1985
isselda01,31,-1,198504130GSW-DEN,198504130GSW-GSW,DEN-1985,1,1985,-31,42.05555555555556,isselda01-1985
dunntr01,29,6.7,198504130GSW-DEN,198504130GSW-GSW,DEN-1985,1,1985,194.3,42.05555555555556,dunntr01-1985
coopewa01,28,4.3,198504130GSW-DEN,198504130GSW-GSW,DEN-1985,1,1985,120.39999999999999,42.05555555555556,coopewa01-1985
hanzlbi01,26,-5.4,198504130GSW-DEN,198504130GSW-GSW,DEN-1985,1,1985,-140.4,42.05555555555556,hanzlbi01-1985
turneel01,22,1.9,198504130GSW-DEN,198504130GSW-GSW,DEN-1985,1,1985,41.8,42.05555555555556,turneel01-1985
schayda01,17,1.4,198504130GSW-DEN,198504130GSW-GSW,DEN-1985,1,1985,23.799999999999997,42.05555555555556,schayda01-1985
evansmi01,14,-3.3,198504130GSW-DEN,198504130GSW-GSW,DEN-1985,1,1985,-46.199999999999996,42.05555555555556,evansmi01-1985
shortpu01,43,2.1,198504140PHO-GSW,198504140PHO-PHO,GSW-1985,0,1985,90.3,3.755555555555556,shortpu01-1985
smithla01,37,0.7,198504140PHO-GSW,198504140PHO-PHO,GSW-1985,0,1985,25.9,3.755555555555556,smithla01-1985
teaglte01,36,5.7,198504140PHO-GSW,198504140PHO-PHO,GSW-1985,0,1985,205.20000000000002,3.755555555555556,teaglte01-1985
whiteje01,35,-6.8,198504140PHO-GSW,198504140PHO-PHO,GSW-1985,0,1985,-238,3.755555555555556,whiteje01-1985
floydsl01,34,0.5,198504140PHO-GSW,198504140PHO-PHO,GSW-1985,0,1985,17,3.755555555555556,floydsl01-1985
wilsoot01,17,-1.6,198504140PHO-GSW,198504140PHO-PHO,GSW-1985,0,1985,-27.200000000000003,3.755555555555556,wilsoot01-1985
plummga01,15,0.6,198504140PHO-GSW,198504140PHO-PHO,GSW-1985,0,1985,9,3.755555555555556,plummga01-1985
thibepe01,14,-3.2,198504140PHO-GSW,198504140PHO-PHO,GSW-1985,0,1985,-44.800000000000004,3.755555555555556,thibepe01-1985
bratzmi01,9,-0.4,198504140PHO-GSW,198504140PHO-PHO,GSW-1985,0,1985,-3.6,3.755555555555556,bratzmi01-1985
