player,min,VORP,id,opp_id,season_id,win,year,adj_VORP,avg_VORP,link
georgpa01,39.1,7.3,201710190OKC-OKC,201710190OKC-NYK,OKC-2018,1,2018,285.43,70.77277777777778,georgpa01-2018
anthoca01,33.68333333333333,2.3,201710190OKC-OKC,201710190OKC-NYK,OKC-2018,1,2018,77.47166666666665,70.77277777777778,anthoca01-2018
westbru01,33.3,8.4,201710190OKC-OKC,201710190OKC-NYK,OKC-2018,1,2018,279.71999999999997,70.77277777777778,westbru01-2018
adamsst01,29.6,10.4,201710190OKC-OKC,201710190OKC-NYK,OKC-2018,1,2018,307.84000000000003,70.77277777777778,adamsst01-2018
abrinal01,24.25,-4.2,201710190OKC-OKC,201710190OKC-NYK,OKC-2018,1,2018,-101.85000000000001,70.77277777777778,abrinal01-2018
roberan03,20.966666666666665,2.7,201710190OKC-OKC,201710190OKC-NYK,OKC-2018,1,2018,56.61,70.77277777777778,roberan03-2018
grantje01,20.516666666666666,-2.5,201710190OKC-OKC,201710190OKC-NYK,OKC-2018,1,2018,-51.291666666666664,70.77277777777778,grantje01-2018
feltora01,15.866666666666667,3.4,201710190OKC-OKC,201710190OKC-NYK,OKC-2018,1,2018,53.946666666666665,70.77277777777778,feltora01-2018
fergute01,10.65,-4.4,201710190OKC-OKC,201710190OKC-NYK,OKC-2018,1,2018,-46.86000000000001,70.77277777777778,fergute01-2018
pattepa01,6.7,-2.7,201710190OKC-OKC,201710190OKC-NYK,OKC-2018,1,2018,-18.090000000000003,70.77277777777778,pattepa01-2018
johnsda04,2.8,3,201710190OKC-OKC,201710190OKC-NYK,OKC-2018,1,2018,8.399999999999999,70.77277777777778,johnsda04-2018
huestjo01,2.5666666666666664,-0.8,201710190OKC-OKC,201710190OKC-NYK,OKC-2018,1,2018,-2.0533333333333332,70.77277777777778,huestjo01-2018
rubiori01,36.96666666666667,-2.7,201710210UTA-UTA,201710210UTA-OKC,UTA-2018,1,2018,-99.81000000000002,47.426818181818184,rubiori01-2018
goberru01,32.5,6.4,201710210UTA-UTA,201710210UTA-OKC,UTA-2018,1,2018,208,47.426818181818184,goberru01-2018
sefolth01,27.816666666666666,-0.1,201710210UTA-UTA,201710210UTA-OKC,UTA-2018,1,2018,-2.7816666666666667,47.426818181818184,sefolth01-2018
inglejo01,26.866666666666667,8.8,201710210UTA-UTA,201710210UTA-OKC,UTA-2018,1,2018,236.42666666666668,47.426818181818184,inglejo01-2018
favorde01,25.45,4.3,201710210UTA-UTA,201710210UTA-OKC,UTA-2018,1,2018,109.43499999999999,47.426818181818184,favorde01-2018
mitchdo01,21.933333333333334,-1.5,201710210UTA-UTA,201710210UTA-OKC,UTA-2018,1,2018,-32.9,47.426818181818184,mitchdo01-2018
johnsjo02,21.816666666666666,0.5,201710210UTA-UTA,201710210UTA-OKC,UTA-2018,1,2018,10.908333333333333,47.426818181818184,johnsjo02-2018
burksal01,19.633333333333333,4.2,201710210UTA-UTA,201710210UTA-OKC,UTA-2018,1,2018,82.46000000000001,47.426818181818184,burksal01-2018
udohek01,15.5,0.1,201710210UTA-UTA,201710210UTA-OKC,UTA-2018,1,2018,1.55,47.426818181818184,udohek01-2018
netora01,10.783333333333333,0.8,201710210UTA-UTA,201710210UTA-OKC,UTA-2018,1,2018,8.626666666666667,47.426818181818184,netora01-2018
onealro01,0.7333333333333333,-0.3,201710210UTA-UTA,201710210UTA-OKC,UTA-2018,1,2018,-0.21999999999999997,47.426818181818184,onealro01-2018
georgpa01,37.45,-0.4,201710220OKC-OKC,201710220OKC-MIN,OKC-2018,0,2018,-14.980000000000002,57.015333333333324,georgpa01-2018
anthoca01,37.03333333333333,2.2,201710220OKC-OKC,201710220OKC-MIN,OKC-2018,0,2018,81.47333333333333,57.015333333333324,anthoca01-2018
westbru01,36.516666666666666,10.7,201710220OKC-OKC,201710220OKC-MIN,OKC-2018,0,2018,390.7283333333333,57.015333333333324,westbru01-2018
adamsst01,34.93333333333333,6.1,201710220OKC-OKC,201710220OKC-MIN,OKC-2018,0,2018,213.0933333333333,57.015333333333324,adamsst01-2018
roberan03,22.083333333333332,-7.9,201710220OKC-OKC,201710220OKC-MIN,OKC-2018,0,2018,-174.45833333333334,57.015333333333324,roberan03-2018
grantje01,19.4,2.7,201710220OKC-OKC,201710220OKC-MIN,OKC-2018,0,2018,52.38,57.015333333333324,grantje01-2018
feltora01,18.25,1.8,201710220OKC-OKC,201710220OKC-MIN,OKC-2018,0,2018,32.85,57.015333333333324,feltora01-2018
abrinal01,14.333333333333334,-0.1,201710220OKC-OKC,201710220OKC-MIN,OKC-2018,0,2018,-1.4333333333333336,57.015333333333324,abrinal01-2018
huestjo01,14.166666666666666,0.4,201710220OKC-OKC,201710220OKC-MIN,OKC-2018,0,2018,5.666666666666667,57.015333333333324,huestjo01-2018
pattepa01,5.833333333333333,-2.6,201710220OKC-OKC,201710220OKC-MIN,OKC-2018,0,2018,-15.166666666666666,57.015333333333324,pattepa01-2018
westbru01,35.15,13.3,201710250OKC-OKC,201710250OKC-IND,OKC-2018,1,2018,467.495,65.56333333333333,westbru01-2018
anthoca01,32.983333333333334,4.6,201710250OKC-OKC,201710250OKC-IND,OKC-2018,1,2018,151.72333333333333,65.56333333333333,anthoca01-2018
adamsst01,30.85,5.6,201710250OKC-OKC,201710250OKC-IND,OKC-2018,1,2018,172.76,65.56333333333333,adamsst01-2018
huestjo01,25.666666666666668,-2.4,201710250OKC-OKC,201710250OKC-IND,OKC-2018,1,2018,-61.6,65.56333333333333,huestjo01-2018
grantje01,25.283333333333335,-0.9,201710250OKC-OKC,201710250OKC-IND,OKC-2018,1,2018,-22.755000000000003,65.56333333333333,grantje01-2018
roberan03,20.666666666666668,-1.1,201710250OKC-OKC,201710250OKC-IND,OKC-2018,1,2018,-22.733333333333338,65.56333333333333,roberan03-2018
georgpa01,19.1,-2.1,201710250OKC-OKC,201710250OKC-IND,OKC-2018,1,2018,-40.11000000000001,65.56333333333333,georgpa01-2018
feltora01,18.833333333333332,0.5,201710250OKC-OKC,201710250OKC-IND,OKC-2018,1,2018,9.416666666666666,65.56333333333333,feltora01-2018
pattepa01,16.5,2.9,201710250OKC-OKC,201710250OKC-IND,OKC-2018,1,2018,47.85,65.56333333333333,pattepa01-2018
abrinal01,13.433333333333334,1.3,201710250OKC-OKC,201710250OKC-IND,OKC-2018,1,2018,17.463333333333335,65.56333333333333,abrinal01-2018
fergute01,1.5333333333333332,1.1,201710250OKC-OKC,201710250OKC-IND,OKC-2018,1,2018,1.6866666666666668,65.56333333333333,fergute01-2018
butleji01,38.166666666666664,10.1,201710270MIN-MIN,201710270MIN-OKC,MIN-2018,1,2018,385.4833333333333,75.02424242424242,butleji01-2018
teaguje01,37.13333333333333,2,201710270MIN-MIN,201710270MIN-OKC,MIN-2018,1,2018,74.26666666666667,75.02424242424242,teaguje01-2018
wiggian01,36.46666666666667,-0.7,201710270MIN-MIN,201710270MIN-OKC,MIN-2018,1,2018,-25.526666666666667,75.02424242424242,wiggian01-2018
gibsota01,36.43333333333333,6.8,201710270MIN-MIN,201710270MIN-OKC,MIN-2018,1,2018,247.74666666666664,75.02424242424242,gibsota01-2018
townska01,36.05,7.3,201710270MIN-MIN,201710270MIN-OKC,MIN-2018,1,2018,263.16499999999996,75.02424242424242,townska01-2018
crawfja01,13.416666666666666,-4.8,201710270MIN-MIN,201710270MIN-OKC,MIN-2018,1,2018,-64.39999999999999,75.02424242424242,crawfja01-2018
dienggo01,11.95,-0.4,201710270MIN-MIN,201710270MIN-OKC,MIN-2018,1,2018,-4.78,75.02424242424242,dienggo01-2018
muhamsh01,11.533333333333333,-2.5,201710270MIN-MIN,201710270MIN-OKC,MIN-2018,1,2018,-28.833333333333332,75.02424242424242,muhamsh01-2018
jonesty01,10.35,-3.5,201710270MIN-MIN,201710270MIN-OKC,MIN-2018,1,2018,-36.225,75.02424242424242,jonesty01-2018
bjeline01,7.983333333333333,1.8,201710270MIN-MIN,201710270MIN-OKC,MIN-2018,1,2018,14.370000000000001,75.02424242424242,bjeline01-2018
georgma01,0.5333333333333333,0,201710270MIN-MIN,201710270MIN-OKC,MIN-2018,1,2018,0,75.02424242424242,georgma01-2018
holidju01,31.65,-4.5,201710280CHI-CHI,201710280CHI-OKC,CHI-2018,0,2018,-142.42499999999998,-28.454242424242423,holidju01-2018
valende01,30.916666666666668,-2.7,201710280CHI-CHI,201710280CHI-OKC,CHI-2018,0,2018,-83.47500000000001,-28.454242424242423,valende01-2018
markkla01,27.9,7.4,201710280CHI-CHI,201710280CHI-OKC,CHI-2018,0,2018,206.46,-28.454242424242423,markkla01-2018
lopezro01,25.366666666666667,1.7,201710280CHI-CHI,201710280CHI-OKC,CHI-2018,0,2018,43.123333333333335,-28.454242424242423,lopezro01-2018
feliccr01,22.633333333333333,-2.5,201710280CHI-CHI,201710280CHI-OKC,CHI-2018,0,2018,-56.58333333333333,-28.454242424242423,feliccr01-2018
dunnkr01,22.2,0,201710280CHI-CHI,201710280CHI-OKC,CHI-2018,0,2018,0,-28.454242424242423,dunnkr01-2018
grantje02,21,-3.2,201710280CHI-CHI,201710280CHI-OKC,CHI-2018,0,2018,-67.2,-28.454242424242423,grantje02-2018
pondequ01,20.1,-6.8,201710280CHI-CHI,201710280CHI-OKC,CHI-2018,0,2018,-136.68,-28.454242424242423,pondequ01-2018
zipsepa01,17.083333333333332,-4.4,201710280CHI-CHI,201710280CHI-OKC,CHI-2018,0,2018,-75.16666666666667,-28.454242424242423,zipsepa01-2018
nwabada01,16.35,0.2,201710280CHI-CHI,201710280CHI-OKC,CHI-2018,0,2018,3.2700000000000005,-28.454242424242423,nwabada01-2018
feldeka01,4.8,-0.9,201710280CHI-CHI,201710280CHI-OKC,CHI-2018,0,2018,-4.32,-28.454242424242423,feldeka01-2018
middlkh01,31.966666666666665,-7.8,201710310MIL-MIL,201710310MIL-OKC,MIL-2018,0,2018,-249.33999999999997,-7.931388888888885,middlkh01-2018
snellto01,29.733333333333334,2.4,201710310MIL-MIL,201710310MIL-OKC,MIL-2018,0,2018,71.36,-7.931388888888885,snellto01-2018
antetgi01,27.816666666666666,8.3,201710310MIL-MIL,201710310MIL-OKC,MIL-2018,0,2018,230.87833333333336,-7.931388888888885,antetgi01-2018
hensojo01,22.033333333333335,-3.4,201710310MIL-MIL,201710310MIL-OKC,MIL-2018,0,2018,-74.91333333333334,-7.931388888888885,hensojo01-2018
teletmi01,20.716666666666665,0.1,201710310MIL-MIL,201710310MIL-OKC,MIL-2018,0,2018,2.0716666666666668,-7.931388888888885,teletmi01-2018
dellama01,20.633333333333333,-1.9,201710310MIL-MIL,201710310MIL-OKC,MIL-2018,0,2018,-39.20333333333333,-7.931388888888885,dellama01-2018
brogdma01,20.5,-0.4,201710310MIL-MIL,201710310MIL-OKC,MIL-2018,0,2018,-8.200000000000001,-7.931388888888885,brogdma01-2018
makerth01,19.1,-3.3,201710310MIL-MIL,201710310MIL-OKC,MIL-2018,0,2018,-63.03,-7.931388888888885,makerth01-2018
vaughra01,18.266666666666666,2,201710310MIL-MIL,201710310MIL-OKC,MIL-2018,0,2018,36.53333333333333,-7.931388888888885,vaughra01-2018
wilsodj01,12.5,-1.6,201710310MIL-MIL,201710310MIL-OKC,MIL-2018,0,2018,-20,-7.931388888888885,wilsodj01-2018
brownst02,9.866666666666667,0.5,201710310MIL-MIL,201710310MIL-OKC,MIL-2018,0,2018,4.933333333333334,-7.931388888888885,brownst02-2018
liggide01,6.866666666666667,2,201710310MIL-MIL,201710310MIL-OKC,MIL-2018,0,2018,13.733333333333334,-7.931388888888885,liggide01-2018
georgpa01,38.78333333333333,4.4,201711030OKC-OKC,201711030OKC-BOS,OKC-2018,0,2018,170.64666666666668,33.213166666666666,georgpa01-2018
westbru01,37.766666666666666,0.9,201711030OKC-OKC,201711030OKC-BOS,OKC-2018,0,2018,33.99,33.213166666666666,westbru01-2018
anthoca01,33.38333333333333,-4.2,201711030OKC-OKC,201711030OKC-BOS,OKC-2018,0,2018,-140.21,33.213166666666666,anthoca01-2018
adamsst01,32.733333333333334,2.7,201711030OKC-OKC,201711030OKC-BOS,OKC-2018,0,2018,88.38000000000001,33.213166666666666,adamsst01-2018
roberan03,27.5,3.5,201711030OKC-OKC,201711030OKC-BOS,OKC-2018,0,2018,96.25,33.213166666666666,roberan03-2018
grantje01,23.383333333333333,2.3,201711030OKC-OKC,201711030OKC-BOS,OKC-2018,0,2018,53.78166666666666,33.213166666666666,grantje01-2018
feltora01,16.733333333333334,-1.1,201711030OKC-OKC,201711030OKC-BOS,OKC-2018,0,2018,-18.40666666666667,33.213166666666666,feltora01-2018
pattepa01,15.25,2.2,201711030OKC-OKC,201711030OKC-BOS,OKC-2018,0,2018,33.550000000000004,33.213166666666666,pattepa01-2018
abrinal01,12.683333333333334,1.2,201711030OKC-OKC,201711030OKC-BOS,OKC-2018,0,2018,15.219999999999999,33.213166666666666,abrinal01-2018
fergute01,1.7833333333333332,-0.6,201711030OKC-OKC,201711030OKC-BOS,OKC-2018,0,2018,-1.0699999999999998,33.213166666666666,fergute01-2018
lillada01,37.06666666666667,17,201711050POR-POR,201711050POR-OKC,POR-2018,1,2018,630.1333333333334,82.07462962962964,lillada01-2018
mccolcj01,35.666666666666664,2.5,201711050POR-POR,201711050POR-OKC,POR-2018,1,2018,89.16666666666666,82.07462962962964,mccolcj01-2018
nurkiju01,32.88333333333333,8.3,201711050POR-POR,201711050POR-OKC,POR-2018,1,2018,272.9316666666667,82.07462962962964,nurkiju01-2018
turneev01,30.683333333333334,-4.6,201711050POR-POR,201711050POR-OKC,POR-2018,1,2018,-141.14333333333332,82.07462962962964,turneev01-2018
harklma01,30.3,1.5,201711050POR-POR,201711050POR-OKC,POR-2018,1,2018,45.45,82.07462962962964,harklma01-2018
vonleno01,23.8,-2.2,201711050POR-POR,201711050POR-OKC,POR-2018,1,2018,-52.36000000000001,82.07462962962964,vonleno01-2018
connapa01,20.783333333333335,-2.4,201711050POR-POR,201711050POR-OKC,POR-2018,1,2018,-49.88,82.07462962962964,connapa01-2018
davised01,14.8,-3,201711050POR-POR,201711050POR-OKC,POR-2018,1,2018,-44.400000000000006,82.07462962962964,davised01-2018
swanica01,14.033333333333333,-0.8,201711050POR-POR,201711050POR-OKC,POR-2018,1,2018,-11.226666666666667,82.07462962962964,swanica01-2018
templga01,30.766666666666666,-1.1,201711070SAC-SAC,201711070SAC-OKC,SAC-2018,1,2018,-33.843333333333334,34.48530303030303,templga01-2018
jacksju01,30.45,2,201711070SAC-SAC,201711070SAC-OKC,SAC-2018,1,2018,60.9,34.48530303030303,jacksju01-2018
hieldbu01,27.616666666666667,10.5,201711070SAC-SAC,201711070SAC-OKC,SAC-2018,1,2018,289.975,34.48530303030303,hieldbu01-2018
randoza01,26.533333333333335,2.1,201711070SAC-SAC,201711070SAC-OKC,SAC-2018,1,2018,55.720000000000006,34.48530303030303,randoza01-2018
hillge01,24.1,-2.6,201711070SAC-SAC,201711070SAC-OKC,SAC-2018,1,2018,-62.660000000000004,34.48530303030303,hillge01-2018
foxde01,23.9,0.6,201711070SAC-SAC,201711070SAC-OKC,SAC-2018,1,2018,14.339999999999998,34.48530303030303,foxde01-2018
bogdabo01,21.083333333333332,-0.6,201711070SAC-SAC,201711070SAC-OKC,SAC-2018,1,2018,-12.649999999999999,34.48530303030303,bogdabo01-2018
caulewi01,21.083333333333332,4,201711070SAC-SAC,201711070SAC-OKC,SAC-2018,1,2018,84.33333333333333,34.48530303030303,caulewi01-2018
cartevi01,14.833333333333334,0.2,201711070SAC-SAC,201711070SAC-OKC,SAC-2018,1,2018,2.966666666666667,34.48530303030303,cartevi01-2018
labissk01,10.566666666666666,-2.9,201711070SAC-SAC,201711070SAC-OKC,SAC-2018,1,2018,-30.64333333333333,34.48530303030303,labissk01-2018
koufoko01,9.083333333333334,1.2,201711070SAC-SAC,201711070SAC-OKC,SAC-2018,1,2018,10.9,34.48530303030303,koufoko01-2018
millspa01,40.05,5.9,201711090DEN-DEN,201711090DEN-OKC,DEN-2018,1,2018,236.295,65.59944444444444,millspa01-2018
harriga01,36.18333333333333,-1.6,201711090DEN-DEN,201711090DEN-OKC,DEN-2018,1,2018,-57.89333333333333,65.59944444444444,harriga01-2018
bartowi01,30.666666666666668,2.1,201711090DEN-DEN,201711090DEN-OKC,DEN-2018,1,2018,64.4,65.59944444444444,bartowi01-2018
mudiaem01,29.8,10.2,201711090DEN-DEN,201711090DEN-OKC,DEN-2018,1,2018,303.96,65.59944444444444,mudiaem01-2018
jokicni01,27.85,-0.1,201711090DEN-DEN,201711090DEN-OKC,DEN-2018,1,2018,-2.785,65.59944444444444,jokicni01-2018
chandwi01,26.516666666666666,-2.3,201711090DEN-DEN,201711090DEN-OKC,DEN-2018,1,2018,-60.98833333333333,65.59944444444444,chandwi01-2018
plumlma01,24.716666666666665,2.7,201711090DEN-DEN,201711090DEN-OKC,DEN-2018,1,2018,66.735,65.59944444444444,plumlma01-2018
murraja01,18.2,2.4,201711090DEN-DEN,201711090DEN-OKC,DEN-2018,1,2018,43.68,65.59944444444444,murraja01-2018
beaslma01,6.016666666666667,-0.5,201711090DEN-DEN,201711090DEN-OKC,DEN-2018,1,2018,-3.0083333333333333,65.59944444444444,beaslma01-2018
georgpa01,41.75,14,201711100OKC-OKC,201711100OKC-LAC,OKC-2018,1,2018,584.5,72.76166666666667,georgpa01-2018
westbru01,33.916666666666664,3.9,201711100OKC-OKC,201711100OKC-LAC,OKC-2018,1,2018,132.27499999999998,72.76166666666667,westbru01-2018
anthoca01,30.533333333333335,-0.4,201711100OKC-OKC,201711100OKC-LAC,OKC-2018,1,2018,-12.213333333333335,72.76166666666667,anthoca01-2018
roberan03,25.533333333333335,0.1,201711100OKC-OKC,201711100OKC-LAC,OKC-2018,1,2018,2.5533333333333337,72.76166666666667,roberan03-2018
johnsda04,23.216666666666665,0.6,201711100OKC-OKC,201711100OKC-LAC,OKC-2018,1,2018,13.929999999999998,72.76166666666667,johnsda04-2018
grantje01,22.983333333333334,-3.1,201711100OKC-OKC,201711100OKC-LAC,OKC-2018,1,2018,-71.24833333333333,72.76166666666667,grantje01-2018
abrinal01,20.7,5.5,201711100OKC-OKC,201711100OKC-LAC,OKC-2018,1,2018,113.85,72.76166666666667,abrinal01-2018
huestjo01,16,1.2,201711100OKC-OKC,201711100OKC-LAC,OKC-2018,1,2018,19.2,72.76166666666667,huestjo01-2018
feltora01,14.083333333333334,-2.8,201711100OKC-OKC,201711100OKC-LAC,OKC-2018,1,2018,-39.43333333333333,72.76166666666667,feltora01-2018
pattepa01,11.283333333333333,-1.4,201711100OKC-OKC,201711100OKC-LAC,OKC-2018,1,2018,-15.796666666666665,72.76166666666667,pattepa01-2018
georgpa01,42.166666666666664,11.2,201711120OKC-OKC,201711120OKC-DAL,OKC-2018,1,2018,472.2666666666666,61.85878787878787,georgpa01-2018
grantje01,34.03333333333333,0.8,201711120OKC-OKC,201711120OKC-DAL,OKC-2018,1,2018,27.226666666666667,61.85878787878787,grantje01-2018
westbru01,32.68333333333333,3.4,201711120OKC-OKC,201711120OKC-DAL,OKC-2018,1,2018,111.12333333333332,61.85878787878787,westbru01-2018
roberan03,28.116666666666667,1.8,201711120OKC-OKC,201711120OKC-DAL,OKC-2018,1,2018,50.61,61.85878787878787,roberan03-2018
pattepa01,25.25,0.6,201711120OKC-OKC,201711120OKC-DAL,OKC-2018,1,2018,15.149999999999999,61.85878787878787,pattepa01-2018
huestjo01,22.45,1.9,201711120OKC-OKC,201711120OKC-DAL,OKC-2018,1,2018,42.654999999999994,61.85878787878787,huestjo01-2018
feltora01,18.816666666666666,-0.5,201711120OKC-OKC,201711120OKC-DAL,OKC-2018,1,2018,-9.408333333333333,61.85878787878787,feltora01-2018
johnsda04,17.05,-0.8,201711120OKC-OKC,201711120OKC-DAL,OKC-2018,1,2018,-13.64,61.85878787878787,johnsda04-2018
abrinal01,14.566666666666666,-1.1,201711120OKC-OKC,201711120OKC-DAL,OKC-2018,1,2018,-16.023333333333333,61.85878787878787,abrinal01-2018
fergute01,2.4333333333333336,-0.4,201711120OKC-OKC,201711120OKC-DAL,OKC-2018,1,2018,-0.9733333333333335,61.85878787878787,fergute01-2018
singlky01,2.4333333333333336,0.6,201711120OKC-OKC,201711120OKC-DAL,OKC-2018,1,2018,1.4600000000000002,61.85878787878787,singlky01-2018
georgpa01,36.53333333333333,-8.5,201711150OKC-OKC,201711150OKC-CHI,OKC-2018,1,2018,-310.5333333333333,33.849166666666676,georgpa01-2018
grantje01,34.56666666666667,4.7,201711150OKC-OKC,201711150OKC-CHI,OKC-2018,1,2018,162.46333333333337,33.849166666666676,grantje01-2018
westbru01,31.883333333333333,11.8,201711150OKC-OKC,201711150OKC-CHI,OKC-2018,1,2018,376.22333333333336,33.849166666666676,westbru01-2018
anthoca01,28.116666666666667,4.7,201711150OKC-OKC,201711150OKC-CHI,OKC-2018,1,2018,132.14833333333334,33.849166666666676,anthoca01-2018
abrinal01,23.266666666666666,-2,201711150OKC-OKC,201711150OKC-CHI,OKC-2018,1,2018,-46.53333333333333,33.849166666666676,abrinal01-2018
feltora01,19.45,0,201711150OKC-OKC,201711150OKC-CHI,OKC-2018,1,2018,0,33.849166666666676,feltora01-2018
roberan03,18.983333333333334,3.3,201711150OKC-OKC,201711150OKC-CHI,OKC-2018,1,2018,62.645,33.849166666666676,roberan03-2018
pattepa01,17.7,2.8,201711150OKC-OKC,201711150OKC-CHI,OKC-2018,1,2018,49.559999999999995,33.849166666666676,pattepa01-2018
johnsda04,12,-0.2,201711150OKC-OKC,201711150OKC-CHI,OKC-2018,1,2018,-2.4000000000000004,33.849166666666676,johnsda04-2018
huestjo01,10.266666666666667,-1.2,201711150OKC-OKC,201711150OKC-CHI,OKC-2018,1,2018,-12.32,33.849166666666676,huestjo01-2018
fergute01,3.6166666666666667,-0.2,201711150OKC-OKC,201711150OKC-CHI,OKC-2018,1,2018,-0.7233333333333334,33.849166666666676,fergute01-2018
hamilda02,3.6166666666666667,-1.2,201711150OKC-OKC,201711150OKC-CHI,OKC-2018,1,2018,-4.34,33.849166666666676,hamilda02-2018
aldrila01,35.65,4,201711170SAS-SAS,201711170SAS-OKC,SAS-2018,1,2018,142.6,54.319027777777784,aldrila01-2018
greenda02,34.71666666666667,11.7,201711170SAS-SAS,201711170SAS-OKC,SAS-2018,1,2018,406.185,54.319027777777784,greenda02-2018
millspa02,33.86666666666667,-4.1,201711170SAS-SAS,201711170SAS-OKC,SAS-2018,1,2018,-138.85333333333332,54.319027777777784,millspa02-2018
anderky01,31.366666666666667,4.4,201711170SAS-SAS,201711170SAS-OKC,SAS-2018,1,2018,138.01333333333335,54.319027777777784,anderky01-2018
gasolpa01,29.75,7.2,201711170SAS-SAS,201711170SAS-OKC,SAS-2018,1,2018,214.20000000000002,54.319027777777784,gasolpa01-2018
ginobma01,18.416666666666668,-4.6,201711170SAS-SAS,201711170SAS-OKC,SAS-2018,1,2018,-84.71666666666667,54.319027777777784,ginobma01-2018
gayru01,17.5,-1.6,201711170SAS-SAS,201711170SAS-OKC,SAS-2018,1,2018,-28,54.319027777777784,gayru01-2018
murrade01,11.933333333333334,-2.8,201711170SAS-SAS,201711170SAS-OKC,SAS-2018,1,2018,-33.413333333333334,54.319027777777784,murrade01-2018
bertada01,10.95,5.8,201711170SAS-SAS,201711170SAS-OKC,SAS-2018,1,2018,63.50999999999999,54.319027777777784,bertada01-2018
forbebr01,8.966666666666667,-3.9,201711170SAS-SAS,201711170SAS-OKC,SAS-2018,1,2018,-34.97,54.319027777777784,forbebr01-2018
lauvejo01,4.683333333333334,1.6,201711170SAS-SAS,201711170SAS-OKC,SAS-2018,1,2018,7.493333333333334,54.319027777777784,lauvejo01-2018
paulbr01,2.2,-0.1,201711170SAS-SAS,201711170SAS-OKC,SAS-2018,1,2018,-0.22000000000000003,54.319027777777784,paulbr01-2018
davisan02,44.55,3.1,201711200NOP-NOP,201711200NOP-OKC,NOP-2018,1,2018,138.105,56.242777777777775,davisan02-2018
holidjr01,33.61666666666667,1.3,201711200NOP-NOP,201711200NOP-OKC,NOP-2018,1,2018,43.70166666666667,56.242777777777775,holidjr01-2018
mooreet01,31.3,1.1,201711200NOP-NOP,201711200NOP-OKC,NOP-2018,1,2018,34.43000000000001,56.242777777777775,mooreet01-2018
rondora01,30.5,0.6,201711200NOP-NOP,201711200NOP-OKC,NOP-2018,1,2018,18.3,56.242777777777775,rondora01-2018
couside01,26.05,2.9,201711200NOP-NOP,201711200NOP-OKC,NOP-2018,1,2018,75.545,56.242777777777775,couside01-2018
milleda01,21.516666666666666,6.6,201711200NOP-NOP,201711200NOP-OKC,NOP-2018,1,2018,142.01,56.242777777777775,milleda01-2018
allento01,18.333333333333332,2,201711200NOP-NOP,201711200NOP-OKC,NOP-2018,1,2018,36.666666666666664,56.242777777777775,allento01-2018
nelsoja01,18.233333333333334,3.4,201711200NOP-NOP,201711200NOP-OKC,NOP-2018,1,2018,61.99333333333333,56.242777777777775,nelsoja01-2018
cunnida01,15.916666666666666,-2.8,201711200NOP-NOP,201711200NOP-OKC,NOP-2018,1,2018,-44.56666666666666,56.242777777777775,cunnida01-2018
georgpa01,39.75,9.1,201711220OKC-OKC,201711220OKC-GSW,OKC-2018,1,2018,361.72499999999997,83.64388888888888,georgpa01-2018
adamsst01,37.03333333333333,1.8,201711220OKC-OKC,201711220OKC-GSW,OKC-2018,1,2018,66.66,83.64388888888888,adamsst01-2018
westbru01,36.93333333333333,12.1,201711220OKC-OKC,201711220OKC-GSW,OKC-2018,1,2018,446.89333333333326,83.64388888888888,westbru01-2018
anthoca01,35.75,3.4,201711220OKC-OKC,201711220OKC-GSW,OKC-2018,1,2018,121.55,83.64388888888888,anthoca01-2018
roberan03,32.28333333333333,0.9,201711220OKC-OKC,201711220OKC-GSW,OKC-2018,1,2018,29.055,83.64388888888888,roberan03-2018
huestjo01,17.583333333333332,-2.2,201711220OKC-OKC,201711220OKC-GSW,OKC-2018,1,2018,-38.68333333333334,83.64388888888888,huestjo01-2018
grantje01,13.866666666666667,-1.1,201711220OKC-OKC,201711220OKC-GSW,OKC-2018,1,2018,-15.253333333333336,83.64388888888888,grantje01-2018
feltora01,11.333333333333334,2.1,201711220OKC-OKC,201711220OKC-GSW,OKC-2018,1,2018,23.8,83.64388888888888,feltora01-2018
pattepa01,6.35,2,201711220OKC-OKC,201711220OKC-GSW,OKC-2018,1,2018,12.7,83.64388888888888,pattepa01-2018
abrinal01,6.116666666666666,-0.6,201711220OKC-OKC,201711220OKC-GSW,OKC-2018,1,2018,-3.6699999999999995,83.64388888888888,abrinal01-2018
fergute01,1.5,-0.1,201711220OKC-OKC,201711220OKC-GSW,OKC-2018,1,2018,-0.15000000000000002,83.64388888888888,fergute01-2018
johnsda04,1.5,-0.6,201711220OKC-OKC,201711220OKC-GSW,OKC-2018,1,2018,-0.8999999999999999,83.64388888888888,johnsda04-2018
roberan03,41.8,2.3,201711240OKC-OKC,201711240OKC-DET,OKC-2018,0,2018,96.13999999999999,41.41499999999999,roberan03-2018
westbru01,39.03333333333333,4.8,201711240OKC-OKC,201711240OKC-DET,OKC-2018,0,2018,187.35999999999999,41.41499999999999,westbru01-2018
adamsst01,37.766666666666666,1.1,201711240OKC-OKC,201711240OKC-DET,OKC-2018,0,2018,41.54333333333334,41.41499999999999,adamsst01-2018
anthoca01,36.583333333333336,-1.1,201711240OKC-OKC,201711240OKC-DET,OKC-2018,0,2018,-40.241666666666674,41.41499999999999,anthoca01-2018
georgpa01,32.416666666666664,4.1,201711240OKC-OKC,201711240OKC-DET,OKC-2018,0,2018,132.9083333333333,41.41499999999999,georgpa01-2018
grantje01,15.45,2,201711240OKC-OKC,201711240OKC-DET,OKC-2018,0,2018,30.9,41.41499999999999,grantje01-2018
huestjo01,12.816666666666666,-3.6,201711240OKC-OKC,201711240OKC-DET,OKC-2018,0,2018,-46.14,41.41499999999999,huestjo01-2018
feltora01,9.05,1.4,201711240OKC-OKC,201711240OKC-DET,OKC-2018,0,2018,12.67,41.41499999999999,feltora01-2018
abrinal01,8.883333333333333,-0.6,201711240OKC-OKC,201711240OKC-DET,OKC-2018,0,2018,-5.329999999999999,41.41499999999999,abrinal01-2018
pattepa01,6.2,0.7,201711240OKC-OKC,201711240OKC-DET,OKC-2018,0,2018,4.34,41.41499999999999,pattepa01-2018
matthwe02,34.71666666666667,2.9,201711250DAL-DAL,201711250DAL-OKC,DAL-2018,1,2018,100.67833333333334,45.12318181818182,matthwe02-2018
barneha02,32.53333333333333,-1.4,201711250DAL-DAL,201711250DAL-OKC,DAL-2018,1,2018,-45.54666666666666,45.12318181818182,barneha02-2018
smithde03,28.783333333333335,-1.2,201711250DAL-DAL,201711250DAL-OKC,DAL-2018,1,2018,-34.54,45.12318181818182,smithde03-2018
ferreyo01,23.666666666666668,2.6,201711250DAL-DAL,201711250DAL-OKC,DAL-2018,1,2018,61.53333333333334,45.12318181818182,ferreyo01-2018
mejrisa01,23.65,6.4,201711250DAL-DAL,201711250DAL-OKC,DAL-2018,1,2018,151.35999999999999,45.12318181818182,mejrisa01-2018
nowitdi01,22.3,12.7,201711250DAL-DAL,201711250DAL-OKC,DAL-2018,1,2018,283.21,45.12318181818182,nowitdi01-2018
klebima01,20.866666666666667,-1.8,201711250DAL-DAL,201711250DAL-OKC,DAL-2018,1,2018,-37.56,45.12318181818182,klebima01-2018
harride01,19.466666666666665,-0.5,201711250DAL-DAL,201711250DAL-OKC,DAL-2018,1,2018,-9.733333333333333,45.12318181818182,harride01-2018
bareajo01,16.716666666666665,-1.8,201711250DAL-DAL,201711250DAL-OKC,DAL-2018,1,2018,-30.089999999999996,45.12318181818182,bareajo01-2018
poweldw01,15.466666666666667,3.7,201711250DAL-DAL,201711250DAL-OKC,DAL-2018,1,2018,57.22666666666667,45.12318181818182,poweldw01-2018
clevean01,1.8333333333333335,-0.1,201711250DAL-DAL,201711250DAL-OKC,DAL-2018,1,2018,-0.18333333333333335,45.12318181818182,clevean01-2018
gordoaa01,43.95,14,201711290ORL-ORL,201711290ORL-OKC,ORL-2018,1,2018,615.3000000000001,66.91350000000001,gordoaa01-2018
simmojo02,33.13333333333333,-5.8,201711290ORL-ORL,201711290ORL-OKC,ORL-2018,1,2018,-192.17333333333332,66.91350000000001,simmojo02-2018
fournev01,32.983333333333334,-3.3,201711290ORL-ORL,201711290ORL-OKC,ORL-2018,1,2018,-108.845,66.91350000000001,fournev01-2018
vucevni01,30.933333333333334,2.3,201711290ORL-ORL,201711290ORL-OKC,ORL-2018,1,2018,71.14666666666666,66.91350000000001,vucevni01-2018
paytoel01,30.916666666666668,7.4,201711290ORL-ORL,201711290ORL-OKC,ORL-2018,1,2018,228.78333333333336,66.91350000000001,paytoel01-2018
augusdj01,17.083333333333332,5.4,201711290ORL-ORL,201711290ORL-OKC,ORL-2018,1,2018,92.25,66.91350000000001,augusdj01-2018
biyombi01,17.066666666666666,-1.1,201711290ORL-ORL,201711290ORL-OKC,ORL-2018,1,2018,-18.773333333333333,66.91350000000001,biyombi01-2018
afflaar01,16.216666666666665,-4.1,201711290ORL-ORL,201711290ORL-OKC,ORL-2018,1,2018,-66.48833333333332,66.91350000000001,afflaar01-2018
rosste01,13.666666666666666,3.3,201711290ORL-ORL,201711290ORL-OKC,ORL-2018,1,2018,45.099999999999994,66.91350000000001,rosste01-2018
hezonma01,4.05,0.7,201711290ORL-ORL,201711290ORL-OKC,ORL-2018,1,2018,2.8349999999999995,66.91350000000001,hezonma01-2018
georgpa01,42.083333333333336,14.1,201712010OKC-OKC,201712010OKC-MIN,OKC-2018,1,2018,593.375,68.72621212121213,georgpa01-2018
westbru01,36.85,-3.8,201712010OKC-OKC,201712010OKC-MIN,OKC-2018,1,2018,-140.03,68.72621212121213,westbru01-2018
adamsst01,32.21666666666667,9.6,201712010OKC-OKC,201712010OKC-MIN,OKC-2018,1,2018,309.28000000000003,68.72621212121213,adamsst01-2018
roberan03,31.816666666666666,-1.8,201712010OKC-OKC,201712010OKC-MIN,OKC-2018,1,2018,-57.27,68.72621212121213,roberan03-2018
anthoca01,29.3,-1.1,201712010OKC-OKC,201712010OKC-MIN,OKC-2018,1,2018,-32.230000000000004,68.72621212121213,anthoca01-2018
grantje01,24.783333333333335,5.7,201712010OKC-OKC,201712010OKC-MIN,OKC-2018,1,2018,141.26500000000001,68.72621212121213,grantje01-2018
pattepa01,13.85,0.4,201712010OKC-OKC,201712010OKC-MIN,OKC-2018,1,2018,5.54,68.72621212121213,pattepa01-2018
huestjo01,13.216666666666667,-2.3,201712010OKC-OKC,201712010OKC-MIN,OKC-2018,1,2018,-30.39833333333333,68.72621212121213,huestjo01-2018
feltora01,11.116666666666667,-2.8,201712010OKC-OKC,201712010OKC-MIN,OKC-2018,1,2018,-31.126666666666665,68.72621212121213,feltora01-2018
fergute01,2.6666666666666665,-1.3,201712010OKC-OKC,201712010OKC-MIN,OKC-2018,1,2018,-3.466666666666667,68.72621212121213,fergute01-2018
collini01,2.1,0.5,201712010OKC-OKC,201712010OKC-MIN,OKC-2018,1,2018,1.05,68.72621212121213,collini01-2018
westbru01,38.516666666666666,4.7,201712030OKC-OKC,201712030OKC-SAS,OKC-2018,1,2018,181.02833333333334,45.19783333333333,westbru01-2018
roberan03,34.416666666666664,3.4,201712030OKC-OKC,201712030OKC-SAS,OKC-2018,1,2018,117.01666666666665,45.19783333333333,roberan03-2018
adamsst01,33.3,9,201712030OKC-OKC,201712030OKC-SAS,OKC-2018,1,2018,299.7,45.19783333333333,adamsst01-2018
georgpa01,33.25,-8.9,201712030OKC-OKC,201712030OKC-SAS,OKC-2018,1,2018,-295.925,45.19783333333333,georgpa01-2018
anthoca01,30.916666666666668,1.3,201712030OKC-OKC,201712030OKC-SAS,OKC-2018,1,2018,40.19166666666667,45.19783333333333,anthoca01-2018
grantje01,21,4.4,201712030OKC-OKC,201712030OKC-SAS,OKC-2018,1,2018,92.4,45.19783333333333,grantje01-2018
feltora01,16.266666666666666,1.8,201712030OKC-OKC,201712030OKC-SAS,OKC-2018,1,2018,29.279999999999998,45.19783333333333,feltora01-2018
abrinal01,15.366666666666667,1.2,201712030OKC-OKC,201712030OKC-SAS,OKC-2018,1,2018,18.44,45.19783333333333,abrinal01-2018
pattepa01,9.85,-2.7,201712030OKC-OKC,201712030OKC-SAS,OKC-2018,1,2018,-26.595000000000002,45.19783333333333,pattepa01-2018
huestjo01,7.116666666666666,-0.5,201712030OKC-OKC,201712030OKC-SAS,OKC-2018,1,2018,-3.558333333333333,45.19783333333333,huestjo01-2018
georgpa01,39.8,0.7,201712050OKC-OKC,201712050OKC-UTA,OKC-2018,1,2018,27.859999999999996,98.37796296296297,georgpa01-2018
westbru01,38.25,12.8,201712050OKC-OKC,201712050OKC-UTA,OKC-2018,1,2018,489.6,98.37796296296297,westbru01-2018
anthoca01,34.85,-0.1,201712050OKC-OKC,201712050OKC-UTA,OKC-2018,1,2018,-3.4850000000000003,98.37796296296297,anthoca01-2018
roberan03,33.95,6.7,201712050OKC-OKC,201712050OKC-UTA,OKC-2018,1,2018,227.46500000000003,98.37796296296297,roberan03-2018
adamsst01,32.916666666666664,7.7,201712050OKC-OKC,201712050OKC-UTA,OKC-2018,1,2018,253.45833333333331,98.37796296296297,adamsst01-2018
grantje01,18.666666666666668,-2.1,201712050OKC-OKC,201712050OKC-UTA,OKC-2018,1,2018,-39.2,98.37796296296297,grantje01-2018
abrinal01,18.166666666666668,-1,201712050OKC-OKC,201712050OKC-UTA,OKC-2018,1,2018,-18.166666666666668,98.37796296296297,abrinal01-2018
pattepa01,13.033333333333333,-0.5,201712050OKC-OKC,201712050OKC-UTA,OKC-2018,1,2018,-6.516666666666667,98.37796296296297,pattepa01-2018
feltora01,10.366666666666667,-4.4,201712050OKC-OKC,201712050OKC-UTA,OKC-2018,1,2018,-45.61333333333334,98.37796296296297,feltora01-2018
holliro01,34.71666666666667,2.8,201712070BRK-BRK,201712070BRK-OKC,BRK-2018,1,2018,97.20666666666666,30.739499999999992,holliro01-2018
crabbal01,31.95,-1.3,201712070BRK-BRK,201712070BRK-OKC,BRK-2018,1,2018,-41.535000000000004,30.739499999999992,crabbal01-2018
carrode01,31.916666666666668,-5.5,201712070BRK-BRK,201712070BRK-OKC,BRK-2018,1,2018,-175.54166666666669,30.739499999999992,carrode01-2018
leverca01,30.4,15.4,201712070BRK-BRK,201712070BRK-OKC,BRK-2018,1,2018,468.15999999999997,30.739499999999992,leverca01-2018
harrijo01,26.383333333333333,-4,201712070BRK-BRK,201712070BRK-OKC,BRK-2018,1,2018,-105.53333333333333,30.739499999999992,harrijo01-2018
zellety01,20.35,1.7,201712070BRK-BRK,201712070BRK-OKC,BRK-2018,1,2018,34.595,30.739499999999992,zellety01-2018
acyqu01,19.983333333333334,1,201712070BRK-BRK,201712070BRK-OKC,BRK-2018,1,2018,19.983333333333334,30.739499999999992,acyqu01-2018
dinwisp01,19.233333333333334,-0.9,201712070BRK-BRK,201712070BRK-OKC,BRK-2018,1,2018,-17.310000000000002,30.739499999999992,dinwisp01-2018
allenja01,17.966666666666665,1.8,201712070BRK-BRK,201712070BRK-OKC,BRK-2018,1,2018,32.339999999999996,30.739499999999992,allenja01-2018
mozgoti01,7.1,-0.7,201712070BRK-BRK,201712070BRK-OKC,BRK-2018,1,2018,-4.97,30.739499999999992,mozgoti01-2018
gasolma01,42.35,5,201712090MEM-MEM,201712090MEM-OKC,MEM-2018,0,2018,211.75,53.166333333333334,gasolma01-2018
evansty01,40.6,8.2,201712090MEM-MEM,201712090MEM-OKC,MEM-2018,0,2018,332.91999999999996,53.166333333333334,evansty01-2018
brookdi01,37.61666666666667,2.8,201712090MEM-MEM,201712090MEM-OKC,MEM-2018,0,2018,105.32666666666667,53.166333333333334,brookdi01-2018
greenja01,34.25,-2,201712090MEM-MEM,201712090MEM-OKC,MEM-2018,0,2018,-68.5,53.166333333333334,greenja01-2018
mclembe01,28.25,5.9,201712090MEM-MEM,201712090MEM-OKC,MEM-2018,0,2018,166.675,53.166333333333334,mclembe01-2018
harrian01,25.616666666666667,-3.5,201712090MEM-MEM,201712090MEM-OKC,MEM-2018,0,2018,-89.65833333333333,53.166333333333334,harrian01-2018
ennisja01,22,-2.4,201712090MEM-MEM,201712090MEM-OKC,MEM-2018,0,2018,-52.8,53.166333333333334,ennisja01-2018
chalmma01,12.816666666666666,-4.5,201712090MEM-MEM,201712090MEM-OKC,MEM-2018,0,2018,-57.675,53.166333333333334,chalmma01-2018
martija01,10.85,-2,201712090MEM-MEM,201712090MEM-OKC,MEM-2018,0,2018,-21.7,53.166333333333334,martija01-2018
davisde01,10.65,0.5,201712090MEM-MEM,201712090MEM-OKC,MEM-2018,0,2018,5.325,53.166333333333334,davisde01-2018
westbru01,36.18333333333333,11,201712110OKC-OKC,201712110OKC-CHO,OKC-2018,0,2018,398.01666666666665,19.34205128205128,westbru01-2018
anthoca01,34.46666666666667,-2.9,201712110OKC-OKC,201712110OKC-CHO,OKC-2018,0,2018,-99.95333333333333,19.34205128205128,anthoca01-2018
georgpa01,33.93333333333333,0.6,201712110OKC-OKC,201712110OKC-CHO,OKC-2018,0,2018,20.359999999999996,19.34205128205128,georgpa01-2018
adamsst01,28.566666666666666,5.4,201712110OKC-OKC,201712110OKC-CHO,OKC-2018,0,2018,154.26000000000002,19.34205128205128,adamsst01-2018
abrinal01,26.183333333333334,-2.9,201712110OKC-OKC,201712110OKC-CHO,OKC-2018,0,2018,-75.93166666666667,19.34205128205128,abrinal01-2018
grantje01,19.716666666666665,-1.9,201712110OKC-OKC,201712110OKC-CHO,OKC-2018,0,2018,-37.46166666666666,19.34205128205128,grantje01-2018
feltora01,18.416666666666668,-7.2,201712110OKC-OKC,201712110OKC-CHO,OKC-2018,0,2018,-132.60000000000002,19.34205128205128,feltora01-2018
pattepa01,13.366666666666667,1.2,201712110OKC-OKC,201712110OKC-CHO,OKC-2018,0,2018,16.04,19.34205128205128,pattepa01-2018
huestjo01,13.183333333333334,0.2,201712110OKC-OKC,201712110OKC-CHO,OKC-2018,0,2018,2.6366666666666667,19.34205128205128,huestjo01-2018
fergute01,12.533333333333333,0.6,201712110OKC-OKC,201712110OKC-CHO,OKC-2018,0,2018,7.52,19.34205128205128,fergute01-2018
collini01,1.8,-0.8,201712110OKC-OKC,201712110OKC-CHO,OKC-2018,0,2018,-1.4400000000000002,19.34205128205128,collini01-2018
johnsda04,0.8166666666666667,-0.1,201712110OKC-OKC,201712110OKC-CHO,OKC-2018,0,2018,-0.08166666666666667,19.34205128205128,johnsda04-2018
singlky01,0.8166666666666667,0.1,201712110OKC-OKC,201712110OKC-CHO,OKC-2018,0,2018,0.08166666666666667,19.34205128205128,singlky01-2018
oladivi01,38.233333333333334,-4,201712130IND-IND,201712130IND-OKC,IND-2018,0,2018,-152.93333333333334,34.934259259259264,oladivi01-2018
youngth01,38.21666666666667,7.8,201712130IND-IND,201712130IND-OKC,IND-2018,0,2018,298.09000000000003,34.934259259259264,youngth01-2018
bogdabo02,35.85,3.9,201712130IND-IND,201712130IND-OKC,IND-2018,0,2018,139.815,34.934259259259264,bogdabo02-2018
turnemy01,34.71666666666667,-1.3,201712130IND-IND,201712130IND-OKC,IND-2018,0,2018,-45.13166666666667,34.934259259259264,turnemy01-2018
collida01,29.066666666666666,3.7,201712130IND-IND,201712130IND-OKC,IND-2018,0,2018,107.54666666666667,34.934259259259264,collida01-2018
stephla01,21.916666666666668,0.5,201712130IND-IND,201712130IND-OKC,IND-2018,0,2018,10.958333333333334,34.934259259259264,stephla01-2018
josepco01,18.933333333333334,-1.5,201712130IND-IND,201712130IND-OKC,IND-2018,0,2018,-28.4,34.934259259259264,josepco01-2018
sabondo01,18.816666666666666,-1.3,201712130IND-IND,201712130IND-OKC,IND-2018,0,2018,-24.461666666666666,34.934259259259264,sabondo01-2018
leaftj01,4.25,2.1,201712130IND-IND,201712130IND-OKC,IND-2018,0,2018,8.925,34.934259259259264,leaftj01-2018
simmobe01,51.56666666666667,4.1,201712150PHI-PHI,201712150PHI-OKC,PHI-2018,0,2018,211.42333333333332,54.86566666666666,simmobe01-2018
redicjj01,50.516666666666666,1.4,201712150PHI-PHI,201712150PHI-OKC,PHI-2018,0,2018,70.72333333333333,54.86566666666666,redicjj01-2018
saricda01,49.31666666666667,1.3,201712150PHI-PHI,201712150PHI-OKC,PHI-2018,0,2018,64.11166666666668,54.86566666666666,saricda01-2018
embiijo01,48.65,5.1,201712150PHI-PHI,201712150PHI-OKC,PHI-2018,0,2018,248.11499999999998,54.86566666666666,embiijo01-2018
covinro01,48.61666666666667,-3.2,201712150PHI-PHI,201712150PHI-OKC,PHI-2018,0,2018,-155.57333333333335,54.86566666666666,covinro01-2018
bayleje01,20.666666666666668,3.8,201712150PHI-PHI,201712150PHI-OKC,PHI-2018,0,2018,78.53333333333333,54.86566666666666,bayleje01-2018
mccontj01,15.516666666666667,-0.3,201712150PHI-PHI,201712150PHI-OKC,PHI-2018,0,2018,-4.655,54.86566666666666,mccontj01-2018
booketr01,13.016666666666667,1.3,201712150PHI-PHI,201712150PHI-OKC,PHI-2018,0,2018,16.921666666666667,54.86566666666666,booketr01-2018
holmeri01,10.35,2.3,201712150PHI-PHI,201712150PHI-OKC,PHI-2018,0,2018,23.804999999999996,54.86566666666666,holmeri01-2018
johnsam01,6.783333333333333,-0.7,201712150PHI-PHI,201712150PHI-OKC,PHI-2018,0,2018,-4.748333333333333,54.86566666666666,johnsam01-2018
beaslmi01,37.55,6.4,201712160NYK-NYK,201712160NYK-OKC,NYK-2018,1,2018,240.32,71.87074074074073,beaslmi01-2018
jackja01,34.916666666666664,6.6,201712160NYK-NYK,201712160NYK-OKC,NYK-2018,1,2018,230.44999999999996,71.87074074074073,jackja01-2018
mcderdo01,32.45,2.1,201712160NYK-NYK,201712160NYK-OKC,NYK-2018,1,2018,68.14500000000001,71.87074074074073,mcderdo01-2018
leeco01,31.616666666666667,4.1,201712160NYK-NYK,201712160NYK-OKC,NYK-2018,1,2018,129.62833333333333,71.87074074074073,leeco01-2018
thomala01,25.283333333333335,1.1,201712160NYK-NYK,201712160NYK-OKC,NYK-2018,1,2018,27.81166666666667,71.87074074074073,thomala01-2018
oquinky01,24.533333333333335,-3.1,201712160NYK-NYK,201712160NYK-OKC,NYK-2018,1,2018,-76.05333333333334,71.87074074074073,oquinky01-2018
kanteen01,22.983333333333334,-1.1,201712160NYK-NYK,201712160NYK-OKC,NYK-2018,1,2018,-25.28166666666667,71.87074074074073,kanteen01-2018
bakerro01,17.583333333333332,5.7,201712160NYK-NYK,201712160NYK-OKC,NYK-2018,1,2018,100.225,71.87074074074073,bakerro01-2018
ntilila01,13.083333333333334,-3.7,201712160NYK-NYK,201712160NYK-OKC,NYK-2018,1,2018,-48.40833333333334,71.87074074074073,ntilila01-2018
georgpa01,38.85,-3.8,201712180OKC-OKC,201712180OKC-DEN,OKC-2018,1,2018,-147.63,36.394999999999996,georgpa01-2018
westbru01,36.766666666666666,15.6,201712180OKC-OKC,201712180OKC-DEN,OKC-2018,1,2018,573.56,36.394999999999996,westbru01-2018
anthoca01,30.9,-4.4,201712180OKC-OKC,201712180OKC-DEN,OKC-2018,1,2018,-135.96,36.394999999999996,anthoca01-2018
grantje01,24.966666666666665,-1.4,201712180OKC-OKC,201712180OKC-DEN,OKC-2018,1,2018,-34.953333333333326,36.394999999999996,grantje01-2018
roberan03,24.6,3.6,201712180OKC-OKC,201712180OKC-DEN,OKC-2018,1,2018,88.56,36.394999999999996,roberan03-2018
pattepa01,21.7,-4,201712180OKC-OKC,201712180OKC-DEN,OKC-2018,1,2018,-86.8,36.394999999999996,pattepa01-2018
johnsda04,18.433333333333334,2.9,201712180OKC-OKC,201712180OKC-DEN,OKC-2018,1,2018,53.45666666666666,36.394999999999996,johnsda04-2018
feltora01,16.85,-3,201712180OKC-OKC,201712180OKC-DEN,OKC-2018,1,2018,-50.550000000000004,36.394999999999996,feltora01-2018
abrinal01,13.666666666666666,8.6,201712180OKC-OKC,201712180OKC-DEN,OKC-2018,1,2018,117.53333333333332,36.394999999999996,abrinal01-2018
huestjo01,13.266666666666667,-1,201712180OKC-OKC,201712180OKC-DEN,OKC-2018,1,2018,-13.266666666666667,36.394999999999996,huestjo01-2018
georgpa01,30.25,4.8,201712200OKC-OKC,201712200OKC-UTA,OKC-2018,1,2018,145.2,64.31602564102565,georgpa01-2018
westbru01,27.483333333333334,18.2,201712200OKC-OKC,201712200OKC-UTA,OKC-2018,1,2018,500.19666666666666,64.31602564102565,westbru01-2018
anthoca01,25.883333333333333,1.6,201712200OKC-OKC,201712200OKC-UTA,OKC-2018,1,2018,41.413333333333334,64.31602564102565,anthoca01-2018
adamsst01,25.733333333333334,3.2,201712200OKC-OKC,201712200OKC-UTA,OKC-2018,1,2018,82.34666666666668,64.31602564102565,adamsst01-2018
roberan03,23.066666666666666,5.3,201712200OKC-OKC,201712200OKC-UTA,OKC-2018,1,2018,122.25333333333333,64.31602564102565,roberan03-2018
abrinal01,22.95,-1.5,201712200OKC-OKC,201712200OKC-UTA,OKC-2018,1,2018,-34.425,64.31602564102565,abrinal01-2018
grantje01,19.2,2.9,201712200OKC-OKC,201712200OKC-UTA,OKC-2018,1,2018,55.68,64.31602564102565,grantje01-2018
huestjo01,17.75,-3,201712200OKC-OKC,201712200OKC-UTA,OKC-2018,1,2018,-53.25,64.31602564102565,huestjo01-2018
feltora01,16.55,3.5,201712200OKC-OKC,201712200OKC-UTA,OKC-2018,1,2018,57.925000000000004,64.31602564102565,feltora01-2018
pattepa01,15.266666666666667,-5.1,201712200OKC-OKC,201712200OKC-UTA,OKC-2018,1,2018,-77.86,64.31602564102565,pattepa01-2018
collini01,5.95,0.6,201712200OKC-OKC,201712200OKC-UTA,OKC-2018,1,2018,3.57,64.31602564102565,collini01-2018
fergute01,5.95,-2.1,201712200OKC-OKC,201712200OKC-UTA,OKC-2018,1,2018,-12.495000000000001,64.31602564102565,fergute01-2018
johnsda04,3.966666666666667,1.4,201712200OKC-OKC,201712200OKC-UTA,OKC-2018,1,2018,5.553333333333333,64.31602564102565,johnsda04-2018
georgpa01,40.016666666666666,-3.4,201712220OKC-OKC,201712220OKC-ATL,OKC-2018,1,2018,-136.05666666666667,42.406499999999994,georgpa01-2018
westbru01,35.53333333333333,17,201712220OKC-OKC,201712220OKC-ATL,OKC-2018,1,2018,604.0666666666666,42.406499999999994,westbru01-2018
anthoca01,34.6,1,201712220OKC-OKC,201712220OKC-ATL,OKC-2018,1,2018,34.6,42.406499999999994,anthoca01-2018
adamsst01,33.766666666666666,1.2,201712220OKC-OKC,201712220OKC-ATL,OKC-2018,1,2018,40.519999999999996,42.406499999999994,adamsst01-2018
roberan03,27.966666666666665,-6.3,201712220OKC-OKC,201712220OKC-ATL,OKC-2018,1,2018,-176.19,42.406499999999994,roberan03-2018
huestjo01,24.533333333333335,2,201712220OKC-OKC,201712220OKC-ATL,OKC-2018,1,2018,49.06666666666667,42.406499999999994,huestjo01-2018
pattepa01,14.05,0.9,201712220OKC-OKC,201712220OKC-ATL,OKC-2018,1,2018,12.645000000000001,42.406499999999994,pattepa01-2018
grantje01,13.4,-2.4,201712220OKC-OKC,201712220OKC-ATL,OKC-2018,1,2018,-32.16,42.406499999999994,grantje01-2018
feltora01,12.466666666666667,2.8,201712220OKC-OKC,201712220OKC-ATL,OKC-2018,1,2018,34.906666666666666,42.406499999999994,feltora01-2018
abrinal01,3.6666666666666665,-2,201712220OKC-OKC,201712220OKC-ATL,OKC-2018,1,2018,-7.333333333333333,42.406499999999994,abrinal01-2018
mitchdo01,37.333333333333336,9.7,201712230UTA-UTA,201712230UTA-OKC,UTA-2018,0,2018,362.1333333333333,22.794242424242423,mitchdo01-2018
favorde01,34.25,1.8,201712230UTA-UTA,201712230UTA-OKC,UTA-2018,0,2018,61.65,22.794242424242423,favorde01-2018
inglejo01,33.333333333333336,-0.1,201712230UTA-UTA,201712230UTA-OKC,UTA-2018,0,2018,-3.333333333333334,22.794242424242423,inglejo01-2018
hoodro01,30.983333333333334,-4.8,201712230UTA-UTA,201712230UTA-OKC,UTA-2018,0,2018,-148.72,22.794242424242423,hoodro01-2018
rubiori01,22.716666666666665,-2.2,201712230UTA-UTA,201712230UTA-OKC,UTA-2018,0,2018,-49.97666666666667,22.794242424242423,rubiori01-2018
johnsjo02,21.883333333333333,3.3,201712230UTA-UTA,201712230UTA-OKC,UTA-2018,0,2018,72.21499999999999,22.794242424242423,johnsjo02-2018
sefolth01,15.633333333333333,-3,201712230UTA-UTA,201712230UTA-OKC,UTA-2018,0,2018,-46.9,22.794242424242423,sefolth01-2018
udohek01,13.75,0.1,201712230UTA-UTA,201712230UTA-OKC,UTA-2018,0,2018,1.375,22.794242424242423,udohek01-2018
jerebjo01,12.866666666666667,0.5,201712230UTA-UTA,201712230UTA-OKC,UTA-2018,0,2018,6.433333333333334,22.794242424242423,jerebjo01-2018
burksal01,12.65,-0.4,201712230UTA-UTA,201712230UTA-OKC,UTA-2018,0,2018,-5.0600000000000005,22.794242424242423,burksal01-2018
onealro01,4.6,0.2,201712230UTA-UTA,201712230UTA-OKC,UTA-2018,0,2018,0.9199999999999999,22.794242424242423,onealro01-2018
georgpa01,41.3,0.9,201712250OKC-OKC,201712250OKC-HOU,OKC-2018,1,2018,37.17,78.47083333333333,georgpa01-2018
adamsst01,38.81666666666667,6.3,201712250OKC-OKC,201712250OKC-HOU,OKC-2018,1,2018,244.54500000000002,78.47083333333333,adamsst01-2018
westbru01,36.93333333333333,5.7,201712250OKC-OKC,201712250OKC-HOU,OKC-2018,1,2018,210.51999999999998,78.47083333333333,westbru01-2018
anthoca01,31.283333333333335,2.9,201712250OKC-OKC,201712250OKC-HOU,OKC-2018,1,2018,90.72166666666666,78.47083333333333,anthoca01-2018
roberan03,28.183333333333334,9.4,201712250OKC-OKC,201712250OKC-HOU,OKC-2018,1,2018,264.92333333333335,78.47083333333333,roberan03-2018
grantje01,18.666666666666668,-0.5,201712250OKC-OKC,201712250OKC-HOU,OKC-2018,1,2018,-9.333333333333334,78.47083333333333,grantje01-2018
huestjo01,17.8,2.2,201712250OKC-OKC,201712250OKC-HOU,OKC-2018,1,2018,39.160000000000004,78.47083333333333,huestjo01-2018
feltora01,14.916666666666666,-5.7,201712250OKC-OKC,201712250OKC-HOU,OKC-2018,1,2018,-85.025,78.47083333333333,feltora01-2018
pattepa01,9.183333333333334,-0.9,201712250OKC-OKC,201712250OKC-HOU,OKC-2018,1,2018,-8.265,78.47083333333333,pattepa01-2018
abrinal01,2.9166666666666665,0.1,201712250OKC-OKC,201712250OKC-HOU,OKC-2018,1,2018,0.2916666666666667,78.47083333333333,abrinal01-2018
georgpa01,36.9,11.7,201712270OKC-OKC,201712270OKC-TOR,OKC-2018,1,2018,431.72999999999996,76.74666666666667,georgpa01-2018
westbru01,35.483333333333334,6.3,201712270OKC-OKC,201712270OKC-TOR,OKC-2018,1,2018,223.545,76.74666666666667,westbru01-2018
roberan03,34.95,2.1,201712270OKC-OKC,201712270OKC-TOR,OKC-2018,1,2018,73.39500000000001,76.74666666666667,roberan03-2018
anthoca01,31.183333333333334,3.2,201712270OKC-OKC,201712270OKC-TOR,OKC-2018,1,2018,99.78666666666668,76.74666666666667,anthoca01-2018
grantje01,24.566666666666666,-2.6,201712270OKC-OKC,201712270OKC-TOR,OKC-2018,1,2018,-63.873333333333335,76.74666666666667,grantje01-2018
adamsst01,23.316666666666666,9.8,201712270OKC-OKC,201712270OKC-TOR,OKC-2018,1,2018,228.50333333333336,76.74666666666667,adamsst01-2018
feltora01,17.666666666666668,-3.1,201712270OKC-OKC,201712270OKC-TOR,OKC-2018,1,2018,-54.76666666666667,76.74666666666667,feltora01-2018
pattepa01,16.666666666666668,-2.8,201712270OKC-OKC,201712270OKC-TOR,OKC-2018,1,2018,-46.666666666666664,76.74666666666667,pattepa01-2018
huestjo01,12.183333333333334,3.1,201712270OKC-OKC,201712270OKC-TOR,OKC-2018,1,2018,37.76833333333334,76.74666666666667,huestjo01-2018
abrinal01,6.55,-1.3,201712270OKC-OKC,201712270OKC-TOR,OKC-2018,1,2018,-8.515,76.74666666666667,abrinal01-2018
fergute01,0.26666666666666666,0,201712270OKC-OKC,201712270OKC-TOR,OKC-2018,1,2018,0,76.74666666666667,fergute01-2018
johnsda04,0.26666666666666666,0.2,201712270OKC-OKC,201712270OKC-TOR,OKC-2018,1,2018,0.05333333333333334,76.74666666666667,johnsda04-2018
westbru01,40.03333333333333,11,201712290OKC-OKC,201712290OKC-MIL,OKC-2018,0,2018,440.3666666666667,37.446296296296296,westbru01-2018
roberan03,34.666666666666664,-0.5,201712290OKC-OKC,201712290OKC-MIL,OKC-2018,0,2018,-17.333333333333332,37.446296296296296,roberan03-2018
anthoca01,34.61666666666667,-4.5,201712290OKC-OKC,201712290OKC-MIL,OKC-2018,0,2018,-155.775,37.446296296296296,anthoca01-2018
adamsst01,32.21666666666667,-2.4,201712290OKC-OKC,201712290OKC-MIL,OKC-2018,0,2018,-77.32000000000001,37.446296296296296,adamsst01-2018
huestjo01,27.85,-0.6,201712290OKC-OKC,201712290OKC-MIL,OKC-2018,0,2018,-16.71,37.446296296296296,huestjo01-2018
feltora01,27.15,3.5,201712290OKC-OKC,201712290OKC-MIL,OKC-2018,0,2018,95.02499999999999,37.446296296296296,feltora01-2018
grantje01,20.383333333333333,3.8,201712290OKC-OKC,201712290OKC-MIL,OKC-2018,0,2018,77.45666666666666,37.446296296296296,grantje01-2018
pattepa01,13.383333333333333,0.8,201712290OKC-OKC,201712290OKC-MIL,OKC-2018,0,2018,10.706666666666667,37.446296296296296,pattepa01-2018
abrinal01,9.7,-2,201712290OKC-OKC,201712290OKC-MIL,OKC-2018,0,2018,-19.4,37.446296296296296,abrinal01-2018
westbru01,36.75,14,201712310OKC-OKC,201712310OKC-DAL,OKC-2018,0,2018,514.5,56.85166666666667,westbru01-2018
georgpa01,34.5,8.6,201712310OKC-OKC,201712310OKC-DAL,OKC-2018,0,2018,296.7,56.85166666666667,georgpa01-2018
anthoca01,32.06666666666667,2.4,201712310OKC-OKC,201712310OKC-DAL,OKC-2018,0,2018,76.96000000000001,56.85166666666667,anthoca01-2018
adamsst01,31.466666666666665,-3.2,201712310OKC-OKC,201712310OKC-DAL,OKC-2018,0,2018,-100.69333333333333,56.85166666666667,adamsst01-2018
feltora01,22.566666666666666,0.4,201712310OKC-OKC,201712310OKC-DAL,OKC-2018,0,2018,9.026666666666667,56.85166666666667,feltora01-2018
grantje01,21.516666666666666,-3.5,201712310OKC-OKC,201712310OKC-DAL,OKC-2018,0,2018,-75.30833333333334,56.85166666666667,grantje01-2018
huestjo01,19.233333333333334,-3,201712310OKC-OKC,201712310OKC-DAL,OKC-2018,0,2018,-57.7,56.85166666666667,huestjo01-2018
abrinal01,14.766666666666667,-2.1,201712310OKC-OKC,201712310OKC-DAL,OKC-2018,0,2018,-31.01,56.85166666666667,abrinal01-2018
fergute01,13.783333333333333,-2.8,201712310OKC-OKC,201712310OKC-DAL,OKC-2018,0,2018,-38.593333333333334,56.85166666666667,fergute01-2018
pattepa01,13.35,-1.9,201712310OKC-OKC,201712310OKC-DAL,OKC-2018,0,2018,-25.365,56.85166666666667,pattepa01-2018
ingrabr01,29.5,-4.2,201801030LAL-LAL,201801030LAL-OKC,LAL-2018,0,2018,-123.9,-25.723194444444445,ingrabr01-2018
caldwke01,28.65,1.3,201801030LAL-LAL,201801030LAL-OKC,LAL-2018,0,2018,37.245,-25.723194444444445,caldwke01-2018
kuzmaky01,28.05,-1.1,201801030LAL-LAL,201801030LAL-OKC,LAL-2018,0,2018,-30.855000000000004,-25.723194444444445,kuzmaky01-2018
nancela02,22.3,-2.3,201801030LAL-LAL,201801030LAL-OKC,LAL-2018,0,2018,-51.29,-25.723194444444445,nancela02-2018
ennisty01,21.283333333333335,-1.6,201801030LAL-LAL,201801030LAL-OKC,LAL-2018,0,2018,-34.053333333333335,-25.723194444444445,ennisty01-2018
randlju01,21.05,-2,201801030LAL-LAL,201801030LAL-OKC,LAL-2018,0,2018,-42.1,-25.723194444444445,randlju01-2018
clarkjo01,20.766666666666666,-1.7,201801030LAL-LAL,201801030LAL-OKC,LAL-2018,0,2018,-35.30333333333333,-25.723194444444445,clarkjo01-2018
hartjo01,19.35,-1,201801030LAL-LAL,201801030LAL-OKC,LAL-2018,0,2018,-19.35,-25.723194444444445,hartjo01-2018
breweco01,18.5,0.7,201801030LAL-LAL,201801030LAL-OKC,LAL-2018,0,2018,12.95,-25.723194444444445,breweco01-2018
lopezbr01,16.416666666666668,-1.6,201801030LAL-LAL,201801030LAL-OKC,LAL-2018,0,2018,-26.26666666666667,-25.723194444444445,lopezbr01-2018
carusal01,8.183333333333334,2.7,201801030LAL-LAL,201801030LAL-OKC,LAL-2018,0,2018,22.095000000000002,-25.723194444444445,carusal01-2018
zubaciv01,5.95,-3,201801030LAL-LAL,201801030LAL-OKC,LAL-2018,0,2018,-17.85,-25.723194444444445,zubaciv01-2018
jordade01,37.8,4.7,201801040LAC-LAC,201801040LAC-OKC,LAC-2018,0,2018,177.66,27.308939393939394,jordade01-2018
willicj01,33.43333333333333,-5.4,201801040LAC-LAC,201801040LAC-OKC,LAC-2018,0,2018,-180.54,27.308939393939394,willicj01-2018
griffbl01,32.916666666666664,5.4,201801040LAC-LAC,201801040LAC-OKC,LAC-2018,0,2018,177.75,27.308939393939394,griffbl01-2018
willilo02,31.916666666666668,3.5,201801040LAC-LAC,201801040LAC-OKC,LAC-2018,0,2018,111.70833333333334,27.308939393939394,willilo02-2018
johnswe01,29.583333333333332,3.7,201801040LAC-LAC,201801040LAC-OKC,LAC-2018,0,2018,109.45833333333333,27.308939393939394,johnswe01-2018
evansja01,23.066666666666666,-2.9,201801040LAC-LAC,201801040LAC-OKC,LAC-2018,0,2018,-66.89333333333333,27.308939393939394,evansja01-2018
dekkesa01,19.283333333333335,0.8,201801040LAC-LAC,201801040LAC-OKC,LAC-2018,0,2018,15.42666666666667,27.308939393939394,dekkesa01-2018
thornsi01,11.566666666666666,-2.3,201801040LAC-LAC,201801040LAC-OKC,LAC-2018,0,2018,-26.60333333333333,27.308939393939394,thornsi01-2018
harremo01,10.783333333333333,-0.5,201801040LAC-LAC,201801040LAC-OKC,LAC-2018,0,2018,-5.391666666666667,27.308939393939394,harremo01-2018
teodomi01,9.366666666666667,-1.3,201801040LAC-LAC,201801040LAC-OKC,LAC-2018,0,2018,-12.176666666666668,27.308939393939394,teodomi01-2018
reedwi02,0.2833333333333333,0,201801040LAC-LAC,201801040LAC-OKC,LAC-2018,0,2018,0,27.308939393939394,reedwi02-2018
bendedr01,39.35,13.1,201801070PHO-PHO,201801070PHO-OKC,PHO-2018,1,2018,515.485,57.398,bendedr01-2018
ulisty01,31.966666666666665,-0.2,201801070PHO-PHO,201801070PHO-OKC,PHO-2018,1,2018,-6.3933333333333335,57.398,ulisty01-2018
warretj01,31.05,2.7,201801070PHO-PHO,201801070PHO-OKC,PHO-2018,1,2018,83.83500000000001,57.398,warretj01-2018
bookede01,30.533333333333335,-0.4,201801070PHO-PHO,201801070PHO-OKC,PHO-2018,1,2018,-12.213333333333335,57.398,bookede01-2018
jacksjo02,30.5,1.7,201801070PHO-PHO,201801070PHO-OKC,PHO-2018,1,2018,51.85,57.398,jacksjo02-2018
chandty01,30.266666666666666,0.8,201801070PHO-PHO,201801070PHO-OKC,PHO-2018,1,2018,24.213333333333335,57.398,chandty01-2018
danietr01,22.783333333333335,-3.8,201801070PHO-PHO,201801070PHO-OKC,PHO-2018,1,2018,-86.57666666666667,57.398,danietr01-2018
chrisma01,10.366666666666667,0.8,201801070PHO-PHO,201801070PHO-OKC,PHO-2018,1,2018,8.293333333333335,57.398,chrisma01-2018
lenal01,7.6,-0.3,201801070PHO-PHO,201801070PHO-OKC,PHO-2018,1,2018,-2.28,57.398,lenal01-2018
dudleja01,5.583333333333333,-0.4,201801070PHO-PHO,201801070PHO-OKC,PHO-2018,1,2018,-2.2333333333333334,57.398,dudleja01-2018
westbru01,35.166666666666664,6,201801090OKC-OKC,201801090OKC-POR,OKC-2018,0,2018,211,8.695909090909092,westbru01-2018
anthoca01,33.61666666666667,0.3,201801090OKC-OKC,201801090OKC-POR,OKC-2018,0,2018,10.084999999999999,8.695909090909092,anthoca01-2018
georgpa01,32.56666666666667,-1,201801090OKC-OKC,201801090OKC-POR,OKC-2018,0,2018,-32.56666666666667,8.695909090909092,georgpa01-2018
adamsst01,31.9,1.2,201801090OKC-OKC,201801090OKC-POR,OKC-2018,0,2018,38.279999999999994,8.695909090909092,adamsst01-2018
fergute01,30.366666666666667,-6,201801090OKC-OKC,201801090OKC-POR,OKC-2018,0,2018,-182.2,8.695909090909092,fergute01-2018
feltora01,18.116666666666667,2.1,201801090OKC-OKC,201801090OKC-POR,OKC-2018,0,2018,38.045,8.695909090909092,feltora01-2018
grantje01,16.666666666666668,1.6,201801090OKC-OKC,201801090OKC-POR,OKC-2018,0,2018,26.66666666666667,8.695909090909092,grantje01-2018
huestjo01,15.466666666666667,-1,201801090OKC-OKC,201801090OKC-POR,OKC-2018,0,2018,-15.466666666666667,8.695909090909092,huestjo01-2018
abrinal01,12.316666666666666,2.1,201801090OKC-OKC,201801090OKC-POR,OKC-2018,0,2018,25.865000000000002,8.695909090909092,abrinal01-2018
pattepa01,10.933333333333334,-2.2,201801090OKC-OKC,201801090OKC-POR,OKC-2018,0,2018,-24.053333333333335,8.695909090909092,pattepa01-2018
singlky01,2.8833333333333333,0,201801090OKC-OKC,201801090OKC-POR,OKC-2018,0,2018,0,8.695909090909092,singlky01-2018
wiggian01,42.46666666666667,1.2,201801100MIN-MIN,201801100MIN-OKC,MIN-2018,1,2018,50.96,62.36602564102565,wiggian01-2018
butleji01,36.083333333333336,16.3,201801100MIN-MIN,201801100MIN-OKC,MIN-2018,1,2018,588.1583333333334,62.36602564102565,butleji01-2018
townska01,30.116666666666667,7,201801100MIN-MIN,201801100MIN-OKC,MIN-2018,1,2018,210.81666666666666,62.36602564102565,townska01-2018
gibsota01,28.333333333333332,-1.2,201801100MIN-MIN,201801100MIN-OKC,MIN-2018,1,2018,-34,62.36602564102565,gibsota01-2018
teaguje01,25.583333333333332,0.4,201801100MIN-MIN,201801100MIN-OKC,MIN-2018,1,2018,10.233333333333334,62.36602564102565,teaguje01-2018
jonesty01,18.633333333333333,-1.6,201801100MIN-MIN,201801100MIN-OKC,MIN-2018,1,2018,-29.813333333333333,62.36602564102565,jonesty01-2018
crawfja01,18.233333333333334,0.8,201801100MIN-MIN,201801100MIN-OKC,MIN-2018,1,2018,14.586666666666668,62.36602564102565,crawfja01-2018
dienggo01,16.3,1.3,201801100MIN-MIN,201801100MIN-OKC,MIN-2018,1,2018,21.19,62.36602564102565,dienggo01-2018
georgma01,10.966666666666667,-1.1,201801100MIN-MIN,201801100MIN-OKC,MIN-2018,1,2018,-12.063333333333334,62.36602564102565,georgma01-2018
bjeline01,8.55,-1.2,201801100MIN-MIN,201801100MIN-OKC,MIN-2018,1,2018,-10.26,62.36602564102565,bjeline01-2018
aldrico01,1.5833333333333335,-0.1,201801100MIN-MIN,201801100MIN-OKC,MIN-2018,1,2018,-0.15833333333333335,62.36602564102565,aldrico01-2018
brookaa01,1.5833333333333335,0.8,201801100MIN-MIN,201801100MIN-OKC,MIN-2018,1,2018,1.2666666666666668,62.36602564102565,brookaa01-2018
muhamsh01,1.5833333333333335,-0.1,201801100MIN-MIN,201801100MIN-OKC,MIN-2018,1,2018,-0.15833333333333335,62.36602564102565,muhamsh01-2018
westbru01,36.56666666666667,5.9,201801130CHO-OKC,201801130CHO-CHO,OKC-2018,1,2018,215.74333333333337,44.76716666666667,westbru01-2018
georgpa01,35.483333333333334,2,201801130CHO-OKC,201801130CHO-CHO,OKC-2018,1,2018,70.96666666666667,44.76716666666667,georgpa01-2018
anthoca01,33.46666666666667,-6.5,201801130CHO-OKC,201801130CHO-CHO,OKC-2018,1,2018,-217.53333333333336,44.76716666666667,anthoca01-2018
adamsst01,31.1,6,201801130CHO-OKC,201801130CHO-CHO,OKC-2018,1,2018,186.60000000000002,44.76716666666667,adamsst01-2018
grantje01,21.183333333333334,4.6,201801130CHO-OKC,201801130CHO-CHO,OKC-2018,1,2018,97.44333333333333,44.76716666666667,grantje01-2018
fergute01,17.5,-0.8,201801130CHO-OKC,201801130CHO-CHO,OKC-2018,1,2018,-14,44.76716666666667,fergute01-2018
huestjo01,17.35,3.2,201801130CHO-OKC,201801130CHO-CHO,OKC-2018,1,2018,55.52000000000001,44.76716666666667,huestjo01-2018
pattepa01,16.9,-0.7,201801130CHO-OKC,201801130CHO-CHO,OKC-2018,1,2018,-11.829999999999998,44.76716666666667,pattepa01-2018
feltora01,16.233333333333334,1.8,201801130CHO-OKC,201801130CHO-CHO,OKC-2018,1,2018,29.220000000000002,44.76716666666667,feltora01-2018
abrinal01,14.216666666666667,2.5,201801130CHO-OKC,201801130CHO-CHO,OKC-2018,1,2018,35.541666666666664,44.76716666666667,abrinal01-2018
georgpa01,35.666666666666664,5.8,201801150OKC-OKC,201801150OKC-SAC,OKC-2018,1,2018,206.86666666666665,36.283166666666666,georgpa01-2018
westbru01,32.916666666666664,0.9,201801150OKC-OKC,201801150OKC-SAC,OKC-2018,1,2018,29.625,36.283166666666666,westbru01-2018
adamsst01,31.983333333333334,-0.5,201801150OKC-OKC,201801150OKC-SAC,OKC-2018,1,2018,-15.991666666666667,36.283166666666666,adamsst01-2018
anthoca01,31.766666666666666,3.8,201801150OKC-OKC,201801150OKC-SAC,OKC-2018,1,2018,120.71333333333332,36.283166666666666,anthoca01-2018
grantje01,20.083333333333332,-1.9,201801150OKC-OKC,201801150OKC-SAC,OKC-2018,1,2018,-38.15833333333333,36.283166666666666,grantje01-2018
abrinal01,18.466666666666665,0.6,201801150OKC-OKC,201801150OKC-SAC,OKC-2018,1,2018,11.079999999999998,36.283166666666666,abrinal01-2018
fergute01,18.283333333333335,-0.4,201801150OKC-OKC,201801150OKC-SAC,OKC-2018,1,2018,-7.313333333333334,36.283166666666666,fergute01-2018
huestjo01,17.433333333333334,-0.2,201801150OKC-OKC,201801150OKC-SAC,OKC-2018,1,2018,-3.486666666666667,36.283166666666666,huestjo01-2018
feltora01,17.383333333333333,-1,201801150OKC-OKC,201801150OKC-SAC,OKC-2018,1,2018,-17.383333333333333,36.283166666666666,feltora01-2018
pattepa01,16.016666666666666,4.8,201801150OKC-OKC,201801150OKC-SAC,OKC-2018,1,2018,76.88,36.283166666666666,pattepa01-2018
georgpa01,30.683333333333334,-2.5,201801170OKC-OKC,201801170OKC-LAL,OKC-2018,1,2018,-76.70833333333333,47.82083333333333,georgpa01-2018
westbru01,28.25,1.7,201801170OKC-OKC,201801170OKC-LAL,OKC-2018,1,2018,48.025,47.82083333333333,westbru01-2018
anthoca01,27.466666666666665,12.3,201801170OKC-OKC,201801170OKC-LAL,OKC-2018,1,2018,337.84,47.82083333333333,anthoca01-2018
fergute01,27.216666666666665,-1.1,201801170OKC-OKC,201801170OKC-LAL,OKC-2018,1,2018,-29.938333333333333,47.82083333333333,fergute01-2018
adamsst01,26.416666666666668,6.1,201801170OKC-OKC,201801170OKC-LAL,OKC-2018,1,2018,161.14166666666665,47.82083333333333,adamsst01-2018
grantje01,19.95,-2.5,201801170OKC-OKC,201801170OKC-LAL,OKC-2018,1,2018,-49.875,47.82083333333333,grantje01-2018
pattepa01,19.633333333333333,2.6,201801170OKC-OKC,201801170OKC-LAL,OKC-2018,1,2018,51.04666666666667,47.82083333333333,pattepa01-2018
feltora01,17.65,-0.5,201801170OKC-OKC,201801170OKC-LAL,OKC-2018,1,2018,-8.825,47.82083333333333,feltora01-2018
roberan03,17.083333333333332,7.2,201801170OKC-OKC,201801170OKC-LAL,OKC-2018,1,2018,123,47.82083333333333,roberan03-2018
huestjo01,14.733333333333333,0.1,201801170OKC-OKC,201801170OKC-LAL,OKC-2018,1,2018,1.4733333333333334,47.82083333333333,huestjo01-2018
abrinal01,8.383333333333333,2.2,201801170OKC-OKC,201801170OKC-LAL,OKC-2018,1,2018,18.443333333333335,47.82083333333333,abrinal01-2018
johnsda04,2.533333333333333,-0.7,201801170OKC-OKC,201801170OKC-LAL,OKC-2018,1,2018,-1.7733333333333332,47.82083333333333,johnsda04-2018
jamesle01,38.36666666666667,-4.3,201801200CLE-CLE,201801200CLE-OKC,CLE-2018,0,2018,-164.97666666666666,-9.567435897435896,jamesle01-2018
crowdja01,26.05,2,201801200CLE-CLE,201801200CLE-OKC,CLE-2018,0,2018,52.1,-9.567435897435896,crowdja01-2018
smithjr01,25.933333333333334,-2,201801200CLE-CLE,201801200CLE-OKC,CLE-2018,0,2018,-51.86666666666667,-9.567435897435896,smithjr01-2018
thomptr01,25.933333333333334,1.3,201801200CLE-CLE,201801200CLE-OKC,CLE-2018,0,2018,33.71333333333334,-9.567435897435896,thomptr01-2018
thomais02,25.716666666666665,2.7,201801200CLE-CLE,201801200CLE-OKC,CLE-2018,0,2018,69.435,-9.567435897435896,thomais02-2018
greenje02,21.65,-1.2,201801200CLE-CLE,201801200CLE-OKC,CLE-2018,0,2018,-25.979999999999997,-9.567435897435896,greenje02-2018
rosede01,21.166666666666668,-1.2,201801200CLE-CLE,201801200CLE-OKC,CLE-2018,0,2018,-25.400000000000002,-9.567435897435896,rosede01-2018
wadedw01,20.066666666666666,-0.8,201801200CLE-CLE,201801200CLE-OKC,CLE-2018,0,2018,-16.053333333333335,-9.567435897435896,wadedw01-2018
korveky01,14.666666666666666,-0.4,201801200CLE-CLE,201801200CLE-OKC,CLE-2018,0,2018,-5.866666666666667,-9.567435897435896,korveky01-2018
fryech01,8.883333333333333,1,201801200CLE-CLE,201801200CLE-OKC,CLE-2018,0,2018,8.883333333333333,-9.567435897435896,fryech01-2018
caldejo01,4.25,1.8,201801200CLE-CLE,201801200CLE-OKC,CLE-2018,0,2018,7.65,-9.567435897435896,caldejo01-2018
osmande01,4.25,0.1,201801200CLE-CLE,201801200CLE-OKC,CLE-2018,0,2018,0.42500000000000004,-9.567435897435896,osmande01-2018
loveke01,3.066666666666667,-2.1,201801200CLE-CLE,201801200CLE-OKC,CLE-2018,0,2018,-6.44,-9.567435897435896,loveke01-2018
georgpa01,37.1,4.2,201801230OKC-OKC,201801230OKC-BRK,OKC-2018,1,2018,155.82000000000002,25.538833333333336,georgpa01-2018
westbru01,36.43333333333333,6.9,201801230OKC-OKC,201801230OKC-BRK,OKC-2018,1,2018,251.39,25.538833333333336,westbru01-2018
adamsst01,34.3,-4.9,201801230OKC-OKC,201801230OKC-BRK,OKC-2018,1,2018,-168.07,25.538833333333336,adamsst01-2018
anthoca01,32.75,-3.3,201801230OKC-OKC,201801230OKC-BRK,OKC-2018,1,2018,-108.07499999999999,25.538833333333336,anthoca01-2018
roberan03,28.483333333333334,-2,201801230OKC-OKC,201801230OKC-BRK,OKC-2018,1,2018,-56.96666666666667,25.538833333333336,roberan03-2018
pattepa01,17.166666666666668,2.7,201801230OKC-OKC,201801230OKC-BRK,OKC-2018,1,2018,46.35000000000001,25.538833333333336,pattepa01-2018
feltora01,16.883333333333333,8.1,201801230OKC-OKC,201801230OKC-BRK,OKC-2018,1,2018,136.755,25.538833333333336,feltora01-2018
fergute01,14.216666666666667,1.3,201801230OKC-OKC,201801230OKC-BRK,OKC-2018,1,2018,18.48166666666667,25.538833333333336,fergute01-2018
grantje01,11.783333333333333,-2,201801230OKC-OKC,201801230OKC-BRK,OKC-2018,1,2018,-23.566666666666666,25.538833333333336,grantje01-2018
huestjo01,10.9,0.3,201801230OKC-OKC,201801230OKC-BRK,OKC-2018,1,2018,3.27,25.538833333333336,huestjo01-2018
georgpa01,37.78333333333333,-2.9,201801250OKC-OKC,201801250OKC-WAS,OKC-2018,1,2018,-109.57166666666666,44.147499999999994,georgpa01-2018
westbru01,36.68333333333333,8.2,201801250OKC-OKC,201801250OKC-WAS,OKC-2018,1,2018,300.8033333333333,44.147499999999994,westbru01-2018
adamsst01,35.55,1.7,201801250OKC-OKC,201801250OKC-WAS,OKC-2018,1,2018,60.434999999999995,44.147499999999994,adamsst01-2018
anthoca01,33.88333333333333,-1.3,201801250OKC-OKC,201801250OKC-WAS,OKC-2018,1,2018,-44.04833333333333,44.147499999999994,anthoca01-2018
fergute01,24.516666666666666,1.2,201801250OKC-OKC,201801250OKC-WAS,OKC-2018,1,2018,29.419999999999998,44.147499999999994,fergute01-2018
roberan03,23.483333333333334,3.9,201801250OKC-OKC,201801250OKC-WAS,OKC-2018,1,2018,91.58500000000001,44.147499999999994,roberan03-2018
grantje01,13.433333333333334,4,201801250OKC-OKC,201801250OKC-WAS,OKC-2018,1,2018,53.733333333333334,44.147499999999994,grantje01-2018
feltora01,13.416666666666666,0.9,201801250OKC-OKC,201801250OKC-WAS,OKC-2018,1,2018,12.075,44.147499999999994,feltora01-2018
pattepa01,13.133333333333333,4.2,201801250OKC-OKC,201801250OKC-WAS,OKC-2018,1,2018,55.160000000000004,44.147499999999994,pattepa01-2018
huestjo01,8.116666666666667,-1,201801250OKC-OKC,201801250OKC-WAS,OKC-2018,1,2018,-8.116666666666667,44.147499999999994,huestjo01-2018
smithis01,34.95,5,201801270DET-DET,201801270DET-OKC,DET-2018,0,2018,174.75,18.707,smithis01-2018
bullore01,33.983333333333334,4.2,201801270DET-DET,201801270DET-OKC,DET-2018,0,2018,142.73000000000002,18.707,bullore01-2018
harrito02,32.35,1.9,201801270DET-DET,201801270DET-OKC,DET-2018,0,2018,61.464999999999996,18.707,harrito02-2018
drumman01,30.566666666666666,-0.2,201801270DET-DET,201801270DET-OKC,DET-2018,0,2018,-6.113333333333333,18.707,drumman01-2018
bradlav01,26.083333333333332,-5.7,201801270DET-DET,201801270DET-OKC,DET-2018,0,2018,-148.675,18.707,bradlav01-2018
kennalu01,25.366666666666667,-2.3,201801270DET-DET,201801270DET-OKC,DET-2018,0,2018,-58.34333333333333,18.707,kennalu01-2018
tollian01,19.066666666666666,-0.9,201801270DET-DET,201801270DET-OKC,DET-2018,0,2018,-17.16,18.707,tollian01-2018
marjabo01,14.016666666666667,5.1,201801270DET-DET,201801270DET-OKC,DET-2018,0,2018,71.485,18.707,marjabo01-2018
gallola01,13.05,0.3,201801270DET-DET,201801270DET-OKC,DET-2018,0,2018,3.915,18.707,gallola01-2018
johnsst04,10.566666666666666,-3.5,201801270DET-DET,201801270DET-OKC,DET-2018,0,2018,-36.983333333333334,18.707,johnsst04-2018
westbru01,40.61666666666667,10.9,201801280OKC-OKC,201801280OKC-PHI,OKC-2018,1,2018,442.7216666666667,88.10409090909091,westbru01-2018
georgpa01,37.56666666666667,13.9,201801280OKC-OKC,201801280OKC-PHI,OKC-2018,1,2018,522.1766666666667,88.10409090909091,georgpa01-2018
adamsst01,32.53333333333333,7.4,201801280OKC-OKC,201801280OKC-PHI,OKC-2018,1,2018,240.74666666666667,88.10409090909091,adamsst01-2018
anthoca01,31.133333333333333,-2.6,201801280OKC-OKC,201801280OKC-PHI,OKC-2018,1,2018,-80.94666666666667,88.10409090909091,anthoca01-2018
fergute01,23.016666666666666,-3.6,201801280OKC-OKC,201801280OKC-PHI,OKC-2018,1,2018,-82.86,88.10409090909091,fergute01-2018
grantje01,22.2,-0.2,201801280OKC-OKC,201801280OKC-PHI,OKC-2018,1,2018,-4.44,88.10409090909091,grantje01-2018
huestjo01,18.683333333333334,0.3,201801280OKC-OKC,201801280OKC-PHI,OKC-2018,1,2018,5.6049999999999995,88.10409090909091,huestjo01-2018
feltora01,13.933333333333334,-3.9,201801280OKC-OKC,201801280OKC-PHI,OKC-2018,1,2018,-54.339999999999996,88.10409090909091,feltora01-2018
pattepa01,12.216666666666667,-1.7,201801280OKC-OKC,201801280OKC-PHI,OKC-2018,1,2018,-20.768333333333334,88.10409090909091,pattepa01-2018
johnsda04,5.5,0.7,201801280OKC-OKC,201801280OKC-PHI,OKC-2018,1,2018,3.8499999999999996,88.10409090909091,johnsda04-2018
abrinal01,2.6,-1,201801280OKC-OKC,201801280OKC-PHI,OKC-2018,1,2018,-2.6,88.10409090909091,abrinal01-2018
bealbr01,41.4,7.1,201801300WAS-WAS,201801300WAS-OKC,WAS-2018,1,2018,293.94,75.14383333333333,bealbr01-2018
morrima02,37.28333333333333,5,201801300WAS-WAS,201801300WAS-OKC,WAS-2018,1,2018,186.41666666666666,75.14383333333333,morrima02-2018
porteot01,33.81666666666667,11.2,201801300WAS-WAS,201801300WAS-OKC,WAS-2018,1,2018,378.74666666666667,75.14383333333333,porteot01-2018
satorto01,30.416666666666668,2.1,201801300WAS-WAS,201801300WAS-OKC,WAS-2018,1,2018,63.87500000000001,75.14383333333333,satorto01-2018
gortama01,25.566666666666666,-3.3,201801300WAS-WAS,201801300WAS-OKC,WAS-2018,1,2018,-84.36999999999999,75.14383333333333,gortama01-2018
oubreke01,22.333333333333332,-0.5,201801300WAS-WAS,201801300WAS-OKC,WAS-2018,1,2018,-11.166666666666666,75.14383333333333,oubreke01-2018
scottmi01,17.533333333333335,-0.4,201801300WAS-WAS,201801300WAS-OKC,WAS-2018,1,2018,-7.0133333333333345,75.14383333333333,scottmi01-2018
fraziti01,14.816666666666666,-3.2,201801300WAS-WAS,201801300WAS-OKC,WAS-2018,1,2018,-47.413333333333334,75.14383333333333,fraziti01-2018
mahinia01,9.4,-1.9,201801300WAS-WAS,201801300WAS-OKC,WAS-2018,1,2018,-17.86,75.14383333333333,mahinia01-2018
meeksjo01,7.433333333333334,-0.5,201801300WAS-WAS,201801300WAS-OKC,WAS-2018,1,2018,-3.716666666666667,75.14383333333333,meeksjo01-2018
harriga01,37.983333333333334,2.4,201802010DEN-DEN,201802010DEN-OKC,DEN-2018,1,2018,91.16,82.20016666666668,harriga01-2018
jokicni01,37.35,16.5,201802010DEN-DEN,201802010DEN-OKC,DEN-2018,1,2018,616.275,82.20016666666668,jokicni01-2018
bartowi01,35.61666666666667,3.2,201802010DEN-DEN,201802010DEN-OKC,DEN-2018,1,2018,113.97333333333334,82.20016666666668,bartowi01-2018
chandwi01,34.35,-2.8,201802010DEN-DEN,201802010DEN-OKC,DEN-2018,1,2018,-96.17999999999999,82.20016666666668,chandwi01-2018
murraja01,34.35,7.2,201802010DEN-DEN,201802010DEN-OKC,DEN-2018,1,2018,247.32000000000002,82.20016666666668,murraja01-2018
craigto01,21.533333333333335,-1,201802010DEN-DEN,201802010DEN-OKC,DEN-2018,1,2018,-21.533333333333335,82.20016666666668,craigto01-2018
lylestr01,14.65,-4.1,201802010DEN-DEN,201802010DEN-OKC,DEN-2018,1,2018,-60.065,82.20016666666668,lylestr01-2018
mudiaem01,13.65,-3.8,201802010DEN-DEN,201802010DEN-OKC,DEN-2018,1,2018,-51.87,82.20016666666668,mudiaem01-2018
farieke01,9.516666666666667,-1.7,201802010DEN-DEN,201802010DEN-OKC,DEN-2018,1,2018,-16.178333333333335,82.20016666666668,farieke01-2018
arthuda01,1,-0.9,201802010DEN-DEN,201802010DEN-OKC,DEN-2018,1,2018,-0.9,82.20016666666668,arthuda01-2018
georgpa01,37.9,-0.9,201802020OKC-OKC,201802020OKC-NOP,OKC-2018,0,2018,-34.11,11.27683333333333,georgpa01-2018
adamsst01,37.15,4.5,201802020OKC-OKC,201802020OKC-NOP,OKC-2018,0,2018,167.17499999999998,11.27683333333333,adamsst01-2018
westbru01,36.03333333333333,-1.7,201802020OKC-OKC,201802020OKC-NOP,OKC-2018,0,2018,-61.25666666666666,11.27683333333333,westbru01-2018
anthoca01,33,-3.7,201802020OKC-OKC,201802020OKC-NOP,OKC-2018,0,2018,-122.10000000000001,11.27683333333333,anthoca01-2018
abrinal01,23.583333333333332,3.5,201802020OKC-OKC,201802020OKC-NOP,OKC-2018,0,2018,82.54166666666666,11.27683333333333,abrinal01-2018
grantje01,23.383333333333333,4.1,201802020OKC-OKC,201802020OKC-NOP,OKC-2018,0,2018,95.87166666666666,11.27683333333333,grantje01-2018
feltora01,15.5,2.2,201802020OKC-OKC,201802020OKC-NOP,OKC-2018,0,2018,34.1,11.27683333333333,feltora01-2018
pattepa01,12.983333333333333,-3,201802020OKC-OKC,201802020OKC-NOP,OKC-2018,0,2018,-38.949999999999996,11.27683333333333,pattepa01-2018
fergute01,10.683333333333334,-0.8,201802020OKC-OKC,201802020OKC-NOP,OKC-2018,0,2018,-8.546666666666667,11.27683333333333,fergute01-2018
huestjo01,9.783333333333333,-0.2,201802020OKC-OKC,201802020OKC-NOP,OKC-2018,0,2018,-1.9566666666666668,11.27683333333333,huestjo01-2018
georgpa01,39.733333333333334,3.8,201802040OKC-OKC,201802040OKC-LAL,OKC-2018,0,2018,150.98666666666665,50.402166666666666,georgpa01-2018
westbru01,39.56666666666667,7.1,201802040OKC-OKC,201802040OKC-LAL,OKC-2018,0,2018,280.92333333333335,50.402166666666666,westbru01-2018
adamsst01,37.71666666666667,4,201802040OKC-OKC,201802040OKC-LAL,OKC-2018,0,2018,150.86666666666667,50.402166666666666,adamsst01-2018
anthoca01,33.61666666666667,-1.2,201802040OKC-OKC,201802040OKC-LAL,OKC-2018,0,2018,-40.339999999999996,50.402166666666666,anthoca01-2018
abrinal01,26.433333333333334,-1.3,201802040OKC-OKC,201802040OKC-LAL,OKC-2018,0,2018,-34.36333333333334,50.402166666666666,abrinal01-2018
grantje01,17.116666666666667,1.1,201802040OKC-OKC,201802040OKC-LAL,OKC-2018,0,2018,18.828333333333337,50.402166666666666,grantje01-2018
feltora01,13.833333333333334,2.4,201802040OKC-OKC,201802040OKC-LAL,OKC-2018,0,2018,33.2,50.402166666666666,feltora01-2018
pattepa01,12.283333333333333,0.2,201802040OKC-OKC,201802040OKC-LAL,OKC-2018,0,2018,2.456666666666667,50.402166666666666,pattepa01-2018
fergute01,11.433333333333334,-2.3,201802040OKC-OKC,201802040OKC-LAL,OKC-2018,0,2018,-26.296666666666667,50.402166666666666,fergute01-2018
huestjo01,8.266666666666667,-3.9,201802040OKC-OKC,201802040OKC-LAL,OKC-2018,0,2018,-32.24,50.402166666666666,huestjo01-2018
curryst01,31.816666666666666,3.3,201802060GSW-GSW,201802060GSW-OKC,GSW-2018,0,2018,104.99499999999999,16.378333333333334,curryst01-2018
thompkl01,31.2,-4,201802060GSW-GSW,201802060GSW-OKC,GSW-2018,0,2018,-124.8,16.378333333333334,thompkl01-2018
greendr01,30.516666666666666,1.1,201802060GSW-GSW,201802060GSW-OKC,GSW-2018,0,2018,33.568333333333335,16.378333333333334,greendr01-2018
duranke01,30.4,7.9,201802060GSW-GSW,201802060GSW-OKC,GSW-2018,0,2018,240.16,16.378333333333334,duranke01-2018
iguodan01,22.05,1.1,201802060GSW-GSW,201802060GSW-OKC,GSW-2018,0,2018,24.255000000000003,16.378333333333334,iguodan01-2018
livinsh01,14.4,-0.9,201802060GSW-GSW,201802060GSW-OKC,GSW-2018,0,2018,-12.96,16.378333333333334,livinsh01-2018
westda01,14.4,3.4,201802060GSW-GSW,201802060GSW-OKC,GSW-2018,0,2018,48.96,16.378333333333334,westda01-2018
looneke01,14.183333333333334,-2.6,201802060GSW-GSW,201802060GSW-OKC,GSW-2018,0,2018,-36.876666666666665,16.378333333333334,looneke01-2018
youngni01,13.416666666666666,-1.4,201802060GSW-GSW,201802060GSW-OKC,GSW-2018,0,2018,-18.78333333333333,16.378333333333334,youngni01-2018
pachuza01,13.35,-4.4,201802060GSW-GSW,201802060GSW-OKC,GSW-2018,0,2018,-58.74,16.378333333333334,pachuza01-2018
mccawpa01,9.616666666666667,0.2,201802060GSW-GSW,201802060GSW-OKC,GSW-2018,0,2018,1.9233333333333336,16.378333333333334,mccawpa01-2018
casspom01,8.216666666666667,1.6,201802060GSW-GSW,201802060GSW-OKC,GSW-2018,0,2018,13.146666666666668,16.378333333333334,casspom01-2018
mcgeeja01,6.433333333333334,-0.3,201802060GSW-GSW,201802060GSW-OKC,GSW-2018,0,2018,-1.93,16.378333333333334,mcgeeja01-2018
ingrabr01,33.36666666666667,9.9,201802080LAL-LAL,201802080LAL-OKC,LAL-2018,1,2018,330.33000000000004,64.47041666666667,ingrabr01-2018
hartjo01,32.86666666666667,3,201802080LAL-LAL,201802080LAL-OKC,LAL-2018,1,2018,98.6,64.47041666666667,hartjo01-2018
caldwke01,30.9,9.3,201802080LAL-LAL,201802080LAL-OKC,LAL-2018,1,2018,287.37,64.47041666666667,caldwke01-2018
randlju01,28.433333333333334,1,201802080LAL-LAL,201802080LAL-OKC,LAL-2018,1,2018,28.433333333333334,64.47041666666667,randlju01-2018
lopezbr01,24.466666666666665,-2,201802080LAL-LAL,201802080LAL-OKC,LAL-2018,1,2018,-48.93333333333333,64.47041666666667,lopezbr01-2018
kuzmaky01,23.9,5.4,201802080LAL-LAL,201802080LAL-OKC,LAL-2018,1,2018,129.06,64.47041666666667,kuzmaky01-2018
breweco01,18.9,-0.6,201802080LAL-LAL,201802080LAL-OKC,LAL-2018,1,2018,-11.339999999999998,64.47041666666667,breweco01-2018
carusal01,18.183333333333334,-1.8,201802080LAL-LAL,201802080LAL-OKC,LAL-2018,1,2018,-32.730000000000004,64.47041666666667,carusal01-2018
zubaciv01,17.283333333333335,0,201802080LAL-LAL,201802080LAL-OKC,LAL-2018,1,2018,0,64.47041666666667,zubaciv01-2018
bryanth01,4.3,-0.1,201802080LAL-LAL,201802080LAL-OKC,LAL-2018,1,2018,-0.43,64.47041666666667,bryanth01-2018
ennisty01,4.05,-0.5,201802080LAL-LAL,201802080LAL-OKC,LAL-2018,1,2018,-2.025,64.47041666666667,ennisty01-2018
paytoga02,3.35,-1.4,201802080LAL-LAL,201802080LAL-OKC,LAL-2018,1,2018,-4.6899999999999995,64.47041666666667,paytoga02-2018
abrinal01,36.61666666666667,1.6,201802110OKC-OKC,201802110OKC-MEM,OKC-2018,1,2018,58.58666666666667,56.945555555555565,abrinal01-2018
georgpa01,35.45,12.3,201802110OKC-OKC,201802110OKC-MEM,OKC-2018,1,2018,436.0350000000001,56.945555555555565,georgpa01-2018
pattepa01,35.18333333333333,5.6,201802110OKC-OKC,201802110OKC-MEM,OKC-2018,1,2018,197.02666666666664,56.945555555555565,pattepa01-2018
feltora01,33.56666666666667,1.6,201802110OKC-OKC,201802110OKC-MEM,OKC-2018,1,2018,53.70666666666668,56.945555555555565,feltora01-2018
adamsst01,29.95,-2.2,201802110OKC-OKC,201802110OKC-MEM,OKC-2018,1,2018,-65.89,56.945555555555565,adamsst01-2018
grantje01,25.15,0.9,201802110OKC-OKC,201802110OKC-MEM,OKC-2018,1,2018,22.634999999999998,56.945555555555565,grantje01-2018
huestjo01,21.133333333333333,-0.6,201802110OKC-OKC,201802110OKC-MEM,OKC-2018,1,2018,-12.68,56.945555555555565,huestjo01-2018
fergute01,15.266666666666667,-0.3,201802110OKC-OKC,201802110OKC-MEM,OKC-2018,1,2018,-4.58,56.945555555555565,fergute01-2018
johnsda04,4.733333333333333,0.1,201802110OKC-OKC,201802110OKC-MEM,OKC-2018,1,2018,0.4733333333333334,56.945555555555565,johnsda04-2018
doziepj01,0.9833333333333333,-1.1,201802110OKC-OKC,201802110OKC-MEM,OKC-2018,1,2018,-1.0816666666666668,56.945555555555565,doziepj01-2018
hamilda02,0.9833333333333333,-0.8,201802110OKC-OKC,201802110OKC-MEM,OKC-2018,1,2018,-0.7866666666666666,56.945555555555565,hamilda02-2018
singlky01,0.9833333333333333,-0.1,201802110OKC-OKC,201802110OKC-MEM,OKC-2018,1,2018,-0.09833333333333333,56.945555555555565,singlky01-2018
adamsst01,42.11666666666667,5.9,201802130OKC-OKC,201802130OKC-CLE,OKC-2018,0,2018,248.48833333333334,57.047222222222224,adamsst01-2018
georgpa01,39.516666666666666,4,201802130OKC-OKC,201802130OKC-CLE,OKC-2018,0,2018,158.06666666666666,57.047222222222224,georgpa01-2018
westbru01,38.96666666666667,6.2,201802130OKC-OKC,201802130OKC-CLE,OKC-2018,0,2018,241.59333333333336,57.047222222222224,westbru01-2018
anthoca01,36.266666666666666,0.2,201802130OKC-OKC,201802130OKC-CLE,OKC-2018,0,2018,7.253333333333334,57.047222222222224,anthoca01-2018
abrinal01,23.416666666666668,-5.6,201802130OKC-OKC,201802130OKC-CLE,OKC-2018,0,2018,-131.13333333333333,57.047222222222224,abrinal01-2018
grantje01,21.366666666666667,3.9,201802130OKC-OKC,201802130OKC-CLE,OKC-2018,0,2018,83.33,57.047222222222224,grantje01-2018
huestjo01,14.766666666666667,-2.4,201802130OKC-OKC,201802130OKC-CLE,OKC-2018,0,2018,-35.44,57.047222222222224,huestjo01-2018
feltora01,14,-3.1,201802130OKC-OKC,201802130OKC-CLE,OKC-2018,0,2018,-43.4,57.047222222222224,feltora01-2018
pattepa01,9.583333333333334,-1.6,201802130OKC-OKC,201802130OKC-CLE,OKC-2018,0,2018,-15.333333333333336,57.047222222222224,pattepa01-2018
brookdi01,38.71666666666667,-2.6,201802140MEM-MEM,201802140MEM-OKC,MEM-2018,0,2018,-100.66333333333334,17.39033333333333,brookdi01-2018
harrian01,33.28333333333333,5.2,201802140MEM-MEM,201802140MEM-OKC,MEM-2018,0,2018,173.07333333333332,17.39033333333333,harrian01-2018
martija01,30.9,0.8,201802140MEM-MEM,201802140MEM-OKC,MEM-2018,0,2018,24.72,17.39033333333333,martija01-2018
evansty01,30.633333333333333,4.7,201802140MEM-MEM,201802140MEM-OKC,MEM-2018,0,2018,143.97666666666666,17.39033333333333,evansty01-2018
gasolma01,29.983333333333334,-1.4,201802140MEM-MEM,201802140MEM-OKC,MEM-2018,0,2018,-41.97666666666667,17.39033333333333,gasolma01-2018
greenja01,18.516666666666666,0.4,201802140MEM-MEM,201802140MEM-OKC,MEM-2018,0,2018,7.406666666666666,17.39033333333333,greenja01-2018
davisde01,18.016666666666666,1.6,201802140MEM-MEM,201802140MEM-OKC,MEM-2018,0,2018,28.826666666666668,17.39033333333333,davisde01-2018
chalmma01,15.766666666666667,-3.8,201802140MEM-MEM,201802140MEM-OKC,MEM-2018,0,2018,-59.913333333333334,17.39033333333333,chalmma01-2018
mclembe01,12.166666666666666,-2.3,201802140MEM-MEM,201802140MEM-OKC,MEM-2018,0,2018,-27.98333333333333,17.39033333333333,mclembe01-2018
parsoch01,12.016666666666667,2.2,201802140MEM-MEM,201802140MEM-OKC,MEM-2018,0,2018,26.43666666666667,17.39033333333333,parsoch01-2018
randoza01,40,5.6,201802220SAC-SAC,201802220SAC-OKC,SAC-2018,0,2018,224,43.17648148148148,randoza01-2018
templga01,34.233333333333334,4,201802220SAC-SAC,201802220SAC-OKC,SAC-2018,0,2018,136.93333333333334,43.17648148148148,templga01-2018
cartevi01,29.15,6.3,201802220SAC-SAC,201802220SAC-OKC,SAC-2018,0,2018,183.64499999999998,43.17648148148148,cartevi01-2018
hieldbu01,29.116666666666667,8,201802220SAC-SAC,201802220SAC-OKC,SAC-2018,0,2018,232.93333333333334,43.17648148148148,hieldbu01-2018
jacksju01,26.55,-4.7,201802220SAC-SAC,201802220SAC-OKC,SAC-2018,0,2018,-124.78500000000001,43.17648148148148,jacksju01-2018
labissk01,26.45,-2.9,201802220SAC-SAC,201802220SAC-OKC,SAC-2018,0,2018,-76.705,43.17648148148148,labissk01-2018
caulewi01,22.066666666666666,-2.6,201802220SAC-SAC,201802220SAC-OKC,SAC-2018,0,2018,-57.373333333333335,43.17648148148148,caulewi01-2018
bogdabo01,18.666666666666668,-8,201802220SAC-SAC,201802220SAC-OKC,SAC-2018,0,2018,-149.33333333333334,43.17648148148148,bogdabo01-2018
masonfr01,13.766666666666667,1.4,201802220SAC-SAC,201802220SAC-OKC,SAC-2018,0,2018,19.273333333333333,43.17648148148148,masonfr01-2018
greendr01,33.53333333333333,3.3,201802240GSW-GSW,201802240GSW-OKC,GSW-2018,1,2018,110.65999999999998,64.38717948717948,greendr01-2018
duranke01,31.9,8,201802240GSW-GSW,201802240GSW-OKC,GSW-2018,1,2018,255.2,64.38717948717948,duranke01-2018
thompkl01,30.55,-4.1,201802240GSW-GSW,201802240GSW-OKC,GSW-2018,1,2018,-125.255,64.38717948717948,thompkl01-2018
curryst01,29.816666666666666,8.6,201802240GSW-GSW,201802240GSW-OKC,GSW-2018,1,2018,256.42333333333335,64.38717948717948,curryst01-2018
iguodan01,22.916666666666668,6.1,201802240GSW-GSW,201802240GSW-OKC,GSW-2018,1,2018,139.79166666666666,64.38717948717948,iguodan01-2018
pachuza01,18.5,1.5,201802240GSW-GSW,201802240GSW-OKC,GSW-2018,1,2018,27.75,64.38717948717948,pachuza01-2018
youngni01,18.416666666666668,6.6,201802240GSW-GSW,201802240GSW-OKC,GSW-2018,1,2018,121.55,64.38717948717948,youngni01-2018
westda01,13.25,1.3,201802240GSW-GSW,201802240GSW-OKC,GSW-2018,1,2018,17.225,64.38717948717948,westda01-2018
livinsh01,12.833333333333334,1.9,201802240GSW-GSW,201802240GSW-OKC,GSW-2018,1,2018,24.383333333333333,64.38717948717948,livinsh01-2018
mcgeeja01,10.433333333333334,-0.8,201802240GSW-GSW,201802240GSW-OKC,GSW-2018,1,2018,-8.346666666666668,64.38717948717948,mcgeeja01-2018
casspom01,6.183333333333334,-0.9,201802240GSW-GSW,201802240GSW-OKC,GSW-2018,1,2018,-5.565,64.38717948717948,casspom01-2018
cookqu01,6.183333333333334,3.4,201802240GSW-GSW,201802240GSW-OKC,GSW-2018,1,2018,21.023333333333333,64.38717948717948,cookqu01-2018
looneke01,5.483333333333333,0.4,201802240GSW-GSW,201802240GSW-OKC,GSW-2018,1,2018,2.1933333333333334,64.38717948717948,looneke01-2018
georgpa01,36.6,3.4,201802260OKC-OKC,201802260OKC-ORL,OKC-2018,1,2018,124.44,15.3385,georgpa01-2018
westbru01,35.416666666666664,-6,201802260OKC-OKC,201802260OKC-ORL,OKC-2018,1,2018,-212.5,15.3385,westbru01-2018
adamsst01,34.166666666666664,4.3,201802260OKC-OKC,201802260OKC-ORL,OKC-2018,1,2018,146.91666666666666,15.3385,adamsst01-2018
anthoca01,32.05,-6,201802260OKC-OKC,201802260OKC-ORL,OKC-2018,1,2018,-192.29999999999998,15.3385,anthoca01-2018
abrinal01,21.483333333333334,2.3,201802260OKC-OKC,201802260OKC-ORL,OKC-2018,1,2018,49.41166666666666,15.3385,abrinal01-2018
huestjo01,21.25,2.7,201802260OKC-OKC,201802260OKC-ORL,OKC-2018,1,2018,57.37500000000001,15.3385,huestjo01-2018
grantje01,16.95,-1.3,201802260OKC-OKC,201802260OKC-ORL,OKC-2018,1,2018,-22.035,15.3385,grantje01-2018
pattepa01,16.3,6.5,201802260OKC-OKC,201802260OKC-ORL,OKC-2018,1,2018,105.95,15.3385,pattepa01-2018
fergute01,13.2,0.8,201802260OKC-OKC,201802260OKC-ORL,OKC-2018,1,2018,10.56,15.3385,fergute01-2018
feltora01,12.583333333333334,6.8,201802260OKC-OKC,201802260OKC-ORL,OKC-2018,1,2018,85.56666666666666,15.3385,feltora01-2018
matthwe02,42.05,-2.9,201802280DAL-DAL,201802280DAL-OKC,DAL-2018,0,2018,-121.945,41.00222222222222,matthwe02-2018
smithde03,39.833333333333336,-1.7,201802280DAL-DAL,201802280DAL-OKC,DAL-2018,0,2018,-67.71666666666667,41.00222222222222,smithde03-2018
barneha02,38.833333333333336,6.6,201802280DAL-DAL,201802280DAL-OKC,DAL-2018,0,2018,256.3,41.00222222222222,barneha02-2018
poweldw01,37.166666666666664,5.8,201802280DAL-DAL,201802280DAL-OKC,DAL-2018,0,2018,215.56666666666663,41.00222222222222,poweldw01-2018
bareajo01,25.566666666666666,1.6,201802280DAL-DAL,201802280DAL-OKC,DAL-2018,0,2018,40.906666666666666,41.00222222222222,bareajo01-2018
ferreyo01,24.566666666666666,-1,201802280DAL-DAL,201802280DAL-OKC,DAL-2018,0,2018,-24.566666666666666,41.00222222222222,ferreyo01-2018
nowitdi01,23.75,5.3,201802280DAL-DAL,201802280DAL-OKC,DAL-2018,0,2018,125.875,41.00222222222222,nowitdi01-2018
mcderdo01,17.4,-1,201802280DAL-DAL,201802280DAL-OKC,DAL-2018,0,2018,-17.4,41.00222222222222,mcderdo01-2018
noelne01,15.833333333333334,-2.4,201802280DAL-DAL,201802280DAL-OKC,DAL-2018,0,2018,-38,41.00222222222222,noelne01-2018
warretj01,41.65,-7.1,201803020PHO-PHO,201803020PHO-OKC,PHO-2018,0,2018,-295.715,13.119666666666667,warretj01-2018
paytoel01,38.81666666666667,2.8,201803020PHO-PHO,201803020PHO-OKC,PHO-2018,0,2018,108.68666666666667,13.119666666666667,paytoel01-2018
bookede01,38.516666666666666,9.5,201803020PHO-PHO,201803020PHO-OKC,PHO-2018,0,2018,365.9083333333333,13.119666666666667,bookede01-2018
bendedr01,36.55,-2.8,201803020PHO-PHO,201803020PHO-OKC,PHO-2018,0,2018,-102.33999999999999,13.119666666666667,bendedr01-2018
jacksjo02,25.533333333333335,2.6,201803020PHO-PHO,201803020PHO-OKC,PHO-2018,0,2018,66.38666666666667,13.119666666666667,jacksjo02-2018
lenal01,22.466666666666665,1.8,201803020PHO-PHO,201803020PHO-OKC,PHO-2018,0,2018,40.44,13.119666666666667,lenal01-2018
danietr01,14.4,-4.9,201803020PHO-PHO,201803020PHO-OKC,PHO-2018,0,2018,-70.56,13.119666666666667,danietr01-2018
chrisma01,13.233333333333333,1.1,201803020PHO-PHO,201803020PHO-OKC,PHO-2018,0,2018,14.556666666666667,13.119666666666667,chrisma01-2018
dudleja01,8.25,0.5,201803020PHO-PHO,201803020PHO-OKC,PHO-2018,0,2018,4.125,13.119666666666667,dudleja01-2018
harrish01,0.5833333333333334,-0.5,201803020PHO-PHO,201803020PHO-OKC,PHO-2018,0,2018,-0.2916666666666667,13.119666666666667,harrish01-2018
mccolcj01,37.65,11.3,201803030POR-POR,201803030POR-OKC,POR-2018,1,2018,425.445,74.06616666666666,mccolcj01-2018
lillada01,36.88333333333333,1.2,201803030POR-POR,201803030POR-OKC,POR-2018,1,2018,44.26,74.06616666666666,lillada01-2018
turneev01,32.766666666666666,5.8,201803030POR-POR,201803030POR-OKC,POR-2018,1,2018,190.04666666666665,74.06616666666666,turneev01-2018
colliza01,28.316666666666666,5.6,201803030POR-POR,201803030POR-OKC,POR-2018,1,2018,158.57333333333332,74.06616666666666,colliza01-2018
connapa01,23.65,3.2,201803030POR-POR,201803030POR-OKC,POR-2018,1,2018,75.67999999999999,74.06616666666666,connapa01-2018
davised01,20.433333333333334,0.7,201803030POR-POR,201803030POR-OKC,POR-2018,1,2018,14.303333333333333,74.06616666666666,davised01-2018
aminual01,19.133333333333333,-3.3,201803030POR-POR,201803030POR-OKC,POR-2018,1,2018,-63.13999999999999,74.06616666666666,aminual01-2018
nurkiju01,18.316666666666666,-5.8,201803030POR-POR,201803030POR-OKC,POR-2018,1,2018,-106.23666666666666,74.06616666666666,nurkiju01-2018
napiesh01,14.05,1,201803030POR-POR,201803030POR-OKC,POR-2018,1,2018,14.05,74.06616666666666,napiesh01-2018
leoname01,8.8,-1.4,201803030POR-POR,201803030POR-OKC,POR-2018,1,2018,-12.32,74.06616666666666,leoname01-2018
westbru01,39.43333333333333,0.5,201803060OKC-OKC,201803060OKC-HOU,OKC-2018,0,2018,19.716666666666665,33.311388888888885,westbru01-2018
adamsst01,38.3,3.8,201803060OKC-OKC,201803060OKC-HOU,OKC-2018,0,2018,145.54,33.311388888888885,adamsst01-2018
georgpa01,38.25,3.9,201803060OKC-OKC,201803060OKC-HOU,OKC-2018,0,2018,149.17499999999998,33.311388888888885,georgpa01-2018
anthoca01,32.68333333333333,1.2,201803060OKC-OKC,201803060OKC-HOU,OKC-2018,0,2018,39.21999999999999,33.311388888888885,anthoca01-2018
breweco01,23.116666666666667,-4,201803060OKC-OKC,201803060OKC-HOU,OKC-2018,0,2018,-92.46666666666667,33.311388888888885,breweco01-2018
grantje01,20.033333333333335,2.3,201803060OKC-OKC,201803060OKC-HOU,OKC-2018,0,2018,46.07666666666667,33.311388888888885,grantje01-2018
huestjo01,19.1,3.2,201803060OKC-OKC,201803060OKC-HOU,OKC-2018,0,2018,61.120000000000005,33.311388888888885,huestjo01-2018
pattepa01,10.566666666666666,0.3,201803060OKC-OKC,201803060OKC-HOU,OKC-2018,0,2018,3.17,33.311388888888885,pattepa01-2018
feltora01,10.216666666666667,3.3,201803060OKC-OKC,201803060OKC-HOU,OKC-2018,0,2018,33.714999999999996,33.311388888888885,feltora01-2018
fergute01,7.9,-0.7,201803060OKC-OKC,201803060OKC-HOU,OKC-2018,0,2018,-5.53,33.311388888888885,fergute01-2018
abrinal01,0.2,0,201803060OKC-OKC,201803060OKC-HOU,OKC-2018,0,2018,0,33.311388888888885,abrinal01-2018
johnsda04,0.2,0,201803060OKC-OKC,201803060OKC-HOU,OKC-2018,0,2018,0,33.311388888888885,johnsda04-2018
adamsst01,29.95,7.3,201803080OKC-OKC,201803080OKC-PHO,OKC-2018,1,2018,218.635,45.17294871794872,adamsst01-2018
westbru01,29.483333333333334,10.3,201803080OKC-OKC,201803080OKC-PHO,OKC-2018,1,2018,303.67833333333334,45.17294871794872,westbru01-2018
georgpa01,28.633333333333333,3,201803080OKC-OKC,201803080OKC-PHO,OKC-2018,1,2018,85.9,45.17294871794872,georgpa01-2018
breweco01,27.85,2.2,201803080OKC-OKC,201803080OKC-PHO,OKC-2018,1,2018,61.27000000000001,45.17294871794872,breweco01-2018
anthoca01,25.566666666666666,-1.6,201803080OKC-OKC,201803080OKC-PHO,OKC-2018,1,2018,-40.906666666666666,45.17294871794872,anthoca01-2018
pattepa01,20.8,-2.3,201803080OKC-OKC,201803080OKC-PHO,OKC-2018,1,2018,-47.839999999999996,45.17294871794872,pattepa01-2018
huestjo01,19.55,0.3,201803080OKC-OKC,201803080OKC-PHO,OKC-2018,1,2018,5.865,45.17294871794872,huestjo01-2018
feltora01,16.466666666666665,-2.7,201803080OKC-OKC,201803080OKC-PHO,OKC-2018,1,2018,-44.46,45.17294871794872,feltora01-2018
grantje01,15.5,-0.6,201803080OKC-OKC,201803080OKC-PHO,OKC-2018,1,2018,-9.299999999999999,45.17294871794872,grantje01-2018
fergute01,10.65,0.7,201803080OKC-OKC,201803080OKC-PHO,OKC-2018,1,2018,7.455,45.17294871794872,fergute01-2018
abrinal01,9.316666666666666,4.3,201803080OKC-OKC,201803080OKC-PHO,OKC-2018,1,2018,40.06166666666667,45.17294871794872,abrinal01-2018
collini01,4.183333333333334,1.5,201803080OKC-OKC,201803080OKC-PHO,OKC-2018,1,2018,6.275,45.17294871794872,collini01-2018
johnsda04,2.05,0.3,201803080OKC-OKC,201803080OKC-PHO,OKC-2018,1,2018,0.6149999999999999,45.17294871794872,johnsda04-2018
georgpa01,36.833333333333336,-3.3,201803100OKC-OKC,201803100OKC-SAS,OKC-2018,1,2018,-121.55,37.12560606060606,georgpa01-2018
westbru01,35.55,4.6,201803100OKC-OKC,201803100OKC-SAS,OKC-2018,1,2018,163.52999999999997,37.12560606060606,westbru01-2018
anthoca01,31.55,-3.6,201803100OKC-OKC,201803100OKC-SAS,OKC-2018,1,2018,-113.58,37.12560606060606,anthoca01-2018
breweco01,29.816666666666666,4.9,201803100OKC-OKC,201803100OKC-SAS,OKC-2018,1,2018,146.1016666666667,37.12560606060606,breweco01-2018
pattepa01,20.55,6.4,201803100OKC-OKC,201803100OKC-SAS,OKC-2018,1,2018,131.52,37.12560606060606,pattepa01-2018
grantje01,20.033333333333335,7.2,201803100OKC-OKC,201803100OKC-SAS,OKC-2018,1,2018,144.24,37.12560606060606,grantje01-2018
abrinal01,17.583333333333332,4.9,201803100OKC-OKC,201803100OKC-SAS,OKC-2018,1,2018,86.15833333333333,37.12560606060606,abrinal01-2018
adamsst01,17.45,-3,201803100OKC-OKC,201803100OKC-SAS,OKC-2018,1,2018,-52.349999999999994,37.12560606060606,adamsst01-2018
feltora01,12.45,0.2,201803100OKC-OKC,201803100OKC-SAS,OKC-2018,1,2018,2.49,37.12560606060606,feltora01-2018
huestjo01,11.766666666666667,1.8,201803100OKC-OKC,201803100OKC-SAS,OKC-2018,1,2018,21.180000000000003,37.12560606060606,huestjo01-2018
collini01,6.416666666666667,0.1,201803100OKC-OKC,201803100OKC-SAS,OKC-2018,1,2018,0.6416666666666667,37.12560606060606,collini01-2018
georgpa01,38.266666666666666,-1.1,201803120OKC-OKC,201803120OKC-SAC,OKC-2018,1,2018,-42.093333333333334,30.333333333333332,georgpa01-2018
westbru01,36.266666666666666,0.3,201803120OKC-OKC,201803120OKC-SAC,OKC-2018,1,2018,10.879999999999999,30.333333333333332,westbru01-2018
breweco01,32.916666666666664,6.3,201803120OKC-OKC,201803120OKC-SAC,OKC-2018,1,2018,207.37499999999997,30.333333333333332,breweco01-2018
anthoca01,31.733333333333334,3.9,201803120OKC-OKC,201803120OKC-SAC,OKC-2018,1,2018,123.76,30.333333333333332,anthoca01-2018
adamsst01,22.683333333333334,2.3,201803120OKC-OKC,201803120OKC-SAC,OKC-2018,1,2018,52.17166666666666,30.333333333333332,adamsst01-2018
pattepa01,20.833333333333332,-3,201803120OKC-OKC,201803120OKC-SAC,OKC-2018,1,2018,-62.5,30.333333333333332,pattepa01-2018
grantje01,20.75,-0.5,201803120OKC-OKC,201803120OKC-SAC,OKC-2018,1,2018,-10.375,30.333333333333332,grantje01-2018
feltora01,15.566666666666666,2.4,201803120OKC-OKC,201803120OKC-SAC,OKC-2018,1,2018,37.36,30.333333333333332,feltora01-2018
fergute01,10.883333333333333,0.3,201803120OKC-OKC,201803120OKC-SAC,OKC-2018,1,2018,3.2649999999999997,30.333333333333332,fergute01-2018
abrinal01,6.616666666666667,3.3,201803120OKC-OKC,201803120OKC-SAC,OKC-2018,1,2018,21.835,30.333333333333332,abrinal01-2018
huestjo01,3.4833333333333334,-2.3,201803120OKC-OKC,201803120OKC-SAC,OKC-2018,1,2018,-8.011666666666667,30.333333333333332,huestjo01-2018
princta02,33.86666666666667,6.1,201803130ATL-ATL,201803130ATL-OKC,ATL-2018,0,2018,206.58666666666664,3.011166666666663,princta02-2018
schrode01,33.38333333333333,-1.1,201803130ATL-ATL,201803130ATL-OKC,ATL-2018,0,2018,-36.72166666666667,3.011166666666663,schrode01-2018
collijo01,30.516666666666666,-4.8,201803130ATL-ATL,201803130ATL-OKC,ATL-2018,0,2018,-146.48,3.011166666666663,collijo01-2018
dedmode01,27.833333333333332,-0.5,201803130ATL-ATL,201803130ATL-OKC,ATL-2018,0,2018,-13.916666666666666,3.011166666666663,dedmode01-2018
muscami01,23.516666666666666,0.8,201803130ATL-ATL,201803130ATL-OKC,ATL-2018,0,2018,18.813333333333333,3.011166666666663,muscami01-2018
taylois01,20.983333333333334,-2.2,201803130ATL-ATL,201803130ATL-OKC,ATL-2018,0,2018,-46.16333333333334,3.011166666666663,taylois01-2018
whitean01,20,3,201803130ATL-ATL,201803130ATL-OKC,ATL-2018,0,2018,60,3.011166666666663,whitean01-2018
dorsety01,18.533333333333335,-3.8,201803130ATL-ATL,201803130ATL-OKC,ATL-2018,0,2018,-70.42666666666668,3.011166666666663,dorsety01-2018
leeda03,17.233333333333334,3.8,201803130ATL-ATL,201803130ATL-OKC,ATL-2018,0,2018,65.48666666666666,3.011166666666663,leeda03-2018
cavanty01,14.133333333333333,-0.5,201803130ATL-ATL,201803130ATL-OKC,ATL-2018,0,2018,-7.066666666666666,3.011166666666663,cavanty01-2018
georgpa01,38.45,4.3,201803160OKC-OKC,201803160OKC-LAC,OKC-2018,1,2018,165.335,38.794666666666664,georgpa01-2018
adamsst01,37.96666666666667,1.3,201803160OKC-OKC,201803160OKC-LAC,OKC-2018,1,2018,49.35666666666667,38.794666666666664,adamsst01-2018
westbru01,36.5,-5.9,201803160OKC-OKC,201803160OKC-LAC,OKC-2018,1,2018,-215.35000000000002,38.794666666666664,westbru01-2018
anthoca01,31.45,-5.4,201803160OKC-OKC,201803160OKC-LAC,OKC-2018,1,2018,-169.83,38.794666666666664,anthoca01-2018
breweco01,30.533333333333335,11.9,201803160OKC-OKC,201803160OKC-LAC,OKC-2018,1,2018,363.3466666666667,38.794666666666664,breweco01-2018
fergute01,17.466666666666665,5.3,201803160OKC-OKC,201803160OKC-LAC,OKC-2018,1,2018,92.57333333333332,38.794666666666664,fergute01-2018
pattepa01,16.55,4.9,201803160OKC-OKC,201803160OKC-LAC,OKC-2018,1,2018,81.09500000000001,38.794666666666664,pattepa01-2018
feltora01,11.5,3,201803160OKC-OKC,201803160OKC-LAC,OKC-2018,1,2018,34.5,38.794666666666664,feltora01-2018
grantje01,10.033333333333333,0.6,201803160OKC-OKC,201803160OKC-LAC,OKC-2018,1,2018,6.02,38.794666666666664,grantje01-2018
abrinal01,9.55,-2,201803160OKC-OKC,201803160OKC-LAC,OKC-2018,1,2018,-19.1,38.794666666666664,abrinal01-2018
derozde01,33.11666666666667,0.3,201803180TOR-TOR,201803180TOR-OKC,TOR-2018,0,2018,9.935,28.71621212121212,derozde01-2018
wrighde01,31.216666666666665,9,201803180TOR-TOR,201803180TOR-OKC,TOR-2018,0,2018,280.95,28.71621212121212,wrighde01-2018
ibakase01,29.416666666666668,-6.1,201803180TOR-TOR,201803180TOR-OKC,TOR-2018,0,2018,-179.44166666666666,28.71621212121212,ibakase01-2018
lowryky01,27.133333333333333,9.7,201803180TOR-TOR,201803180TOR-OKC,TOR-2018,0,2018,263.1933333333333,28.71621212121212,lowryky01-2018
milescj01,26.433333333333334,-2.2,201803180TOR-TOR,201803180TOR-OKC,TOR-2018,0,2018,-58.153333333333336,28.71621212121212,milescj01-2018
siakapa01,22.916666666666668,0,201803180TOR-TOR,201803180TOR-OKC,TOR-2018,0,2018,0,28.71621212121212,siakapa01-2018
valanjo01,21.833333333333332,-2.3,201803180TOR-TOR,201803180TOR-OKC,TOR-2018,0,2018,-50.21666666666666,28.71621212121212,valanjo01-2018
poeltja01,15.116666666666667,3.3,201803180TOR-TOR,201803180TOR-OKC,TOR-2018,0,2018,49.885,28.71621212121212,poeltja01-2018
anunoog01,13.4,-0.5,201803180TOR-TOR,201803180TOR-OKC,TOR-2018,0,2018,-6.7,28.71621212121212,anunoog01-2018
powelno01,13.183333333333334,-0.6,201803180TOR-TOR,201803180TOR-OKC,TOR-2018,0,2018,-7.91,28.71621212121212,powelno01-2018
noguelu01,6.233333333333333,2.3,201803180TOR-TOR,201803180TOR-OKC,TOR-2018,0,2018,14.336666666666666,28.71621212121212,noguelu01-2018
tatumja01,35.18333333333333,13.1,201803200BOS-BOS,201803200BOS-OKC,BOS-2018,1,2018,460.9016666666666,59.87574074074074,tatumja01-2018
roziete01,34.25,0.5,201803200BOS-BOS,201803200BOS-OKC,BOS-2018,1,2018,17.125,59.87574074074074,roziete01-2018
horfoal01,33.43333333333333,-1.4,201803200BOS-BOS,201803200BOS-OKC,BOS-2018,1,2018,-46.80666666666666,59.87574074074074,horfoal01-2018
morrima03,30.4,4.9,201803200BOS-BOS,201803200BOS-OKC,BOS-2018,1,2018,148.96,59.87574074074074,morrima03-2018
ojelese01,27.216666666666665,-4.5,201803200BOS-BOS,201803200BOS-OKC,BOS-2018,1,2018,-122.475,59.87574074074074,ojelese01-2018
larkish01,24.783333333333335,3.4,201803200BOS-BOS,201803200BOS-OKC,BOS-2018,1,2018,84.26333333333334,59.87574074074074,larkish01-2018
monrogr01,21.85,5.4,201803200BOS-BOS,201803200BOS-OKC,BOS-2018,1,2018,117.99000000000001,59.87574074074074,monrogr01-2018
naderab01,18.333333333333332,-4.3,201803200BOS-BOS,201803200BOS-OKC,BOS-2018,1,2018,-78.83333333333333,59.87574074074074,naderab01-2018
baynear01,14.566666666666666,-2.9,201803200BOS-BOS,201803200BOS-OKC,BOS-2018,1,2018,-42.24333333333333,59.87574074074074,baynear01-2018
georgpa01,37.166666666666664,-4.5,201803230OKC-OKC,201803230OKC-MIA,OKC-2018,1,2018,-167.25,42.18133333333333,georgpa01-2018
westbru01,35.916666666666664,11.2,201803230OKC-OKC,201803230OKC-MIA,OKC-2018,1,2018,402.2666666666666,42.18133333333333,westbru01-2018
adamsst01,31.283333333333335,8.6,201803230OKC-OKC,201803230OKC-MIA,OKC-2018,1,2018,269.0366666666667,42.18133333333333,adamsst01-2018
anthoca01,30.083333333333332,-4.2,201803230OKC-OKC,201803230OKC-MIA,OKC-2018,1,2018,-126.35,42.18133333333333,anthoca01-2018
breweco01,28.866666666666667,-1.2,201803230OKC-OKC,201803230OKC-MIA,OKC-2018,1,2018,-34.64,42.18133333333333,breweco01-2018
grantje01,20.983333333333334,-1.6,201803230OKC-OKC,201803230OKC-MIA,OKC-2018,1,2018,-33.57333333333334,42.18133333333333,grantje01-2018
fergute01,16.95,1.5,201803230OKC-OKC,201803230OKC-MIA,OKC-2018,1,2018,25.424999999999997,42.18133333333333,fergute01-2018
feltora01,14.266666666666667,2.8,201803230OKC-OKC,201803230OKC-MIA,OKC-2018,1,2018,39.946666666666665,42.18133333333333,feltora01-2018
pattepa01,13.65,0.9,201803230OKC-OKC,201803230OKC-MIA,OKC-2018,1,2018,12.285,42.18133333333333,pattepa01-2018
abrinal01,10.833333333333334,3.2,201803230OKC-OKC,201803230OKC-MIA,OKC-2018,1,2018,34.66666666666667,42.18133333333333,abrinal01-2018
georgpa01,38.71666666666667,-3.8,201803250OKC-OKC,201803250OKC-POR,OKC-2018,0,2018,-147.12333333333333,21.65866666666667,georgpa01-2018
westbru01,35.9,7.7,201803250OKC-OKC,201803250OKC-POR,OKC-2018,0,2018,276.43,21.65866666666667,westbru01-2018
adamsst01,35.86666666666667,2.6,201803250OKC-OKC,201803250OKC-POR,OKC-2018,0,2018,93.25333333333334,21.65866666666667,adamsst01-2018
anthoca01,29.45,-7,201803250OKC-OKC,201803250OKC-POR,OKC-2018,0,2018,-206.15,21.65866666666667,anthoca01-2018
breweco01,26.866666666666667,-3.1,201803250OKC-OKC,201803250OKC-POR,OKC-2018,0,2018,-83.28666666666668,21.65866666666667,breweco01-2018
grantje01,18.55,9.8,201803250OKC-OKC,201803250OKC-POR,OKC-2018,0,2018,181.79000000000002,21.65866666666667,grantje01-2018
feltora01,17.533333333333335,3.6,201803250OKC-OKC,201803250OKC-POR,OKC-2018,0,2018,63.120000000000005,21.65866666666667,feltora01-2018
fergute01,15.7,-0.7,201803250OKC-OKC,201803250OKC-POR,OKC-2018,0,2018,-10.989999999999998,21.65866666666667,fergute01-2018
pattepa01,12.133333333333333,2.4,201803250OKC-OKC,201803250OKC-POR,OKC-2018,0,2018,29.119999999999997,21.65866666666667,pattepa01-2018
abrinal01,9.283333333333333,2.2,201803250OKC-OKC,201803250OKC-POR,OKC-2018,0,2018,20.423333333333336,21.65866666666667,abrinal01-2018
aldrila01,34.2,2.2,201803290SAS-SAS,201803290SAS-OKC,SAS-2018,1,2018,75.24000000000001,35.47466666666667,aldrila01-2018
millspa02,33.43333333333333,-6,201803290SAS-SAS,201803290SAS-OKC,SAS-2018,1,2018,-200.59999999999997,35.47466666666667,millspa02-2018
murrade01,30.016666666666666,7.2,201803290SAS-SAS,201803290SAS-OKC,SAS-2018,1,2018,216.12,35.47466666666667,murrade01-2018
greenda02,26.933333333333334,1.8,201803290SAS-SAS,201803290SAS-OKC,SAS-2018,1,2018,48.480000000000004,35.47466666666667,greenda02-2018
gasolpa01,25.35,0.4,201803290SAS-SAS,201803290SAS-OKC,SAS-2018,1,2018,10.14,35.47466666666667,gasolpa01-2018
gayru01,24.383333333333333,-1.4,201803290SAS-SAS,201803290SAS-OKC,SAS-2018,1,2018,-34.13666666666666,35.47466666666667,gayru01-2018
anderky01,23.25,5.1,201803290SAS-SAS,201803290SAS-OKC,SAS-2018,1,2018,118.57499999999999,35.47466666666667,anderky01-2018
parketo01,17.866666666666667,1.3,201803290SAS-SAS,201803290SAS-OKC,SAS-2018,1,2018,23.226666666666667,35.47466666666667,parketo01-2018
ginobma01,14.683333333333334,4.5,201803290SAS-SAS,201803290SAS-OKC,SAS-2018,1,2018,66.075,35.47466666666667,ginobma01-2018
bertada01,9.883333333333333,3.2,201803290SAS-SAS,201803290SAS-OKC,SAS-2018,1,2018,31.626666666666665,35.47466666666667,bertada01-2018
westbru01,44.016666666666666,9.6,201803300OKC-OKC,201803300OKC-DEN,OKC-2018,0,2018,422.56,57.44716666666667,westbru01-2018
georgpa01,41.483333333333334,-1.9,201803300OKC-OKC,201803300OKC-DEN,OKC-2018,0,2018,-78.81833333333333,57.44716666666667,georgpa01-2018
breweco01,34.05,0.2,201803300OKC-OKC,201803300OKC-DEN,OKC-2018,0,2018,6.81,57.44716666666667,breweco01-2018
adamsst01,33.983333333333334,3.6,201803300OKC-OKC,201803300OKC-DEN,OKC-2018,0,2018,122.34,57.44716666666667,adamsst01-2018
anthoca01,33.06666666666667,3.3,201803300OKC-OKC,201803300OKC-DEN,OKC-2018,0,2018,109.12,57.44716666666667,anthoca01-2018
grantje01,24.466666666666665,1.4,201803300OKC-OKC,201803300OKC-DEN,OKC-2018,0,2018,34.25333333333333,57.44716666666667,grantje01-2018
feltora01,18.116666666666667,-4.4,201803300OKC-OKC,201803300OKC-DEN,OKC-2018,0,2018,-79.71333333333334,57.44716666666667,feltora01-2018
abrinal01,15.45,0.6,201803300OKC-OKC,201803300OKC-DEN,OKC-2018,0,2018,9.27,57.44716666666667,abrinal01-2018
pattepa01,14.483333333333333,2.1,201803300OKC-OKC,201803300OKC-DEN,OKC-2018,0,2018,30.415,57.44716666666667,pattepa01-2018
fergute01,5.883333333333333,-0.3,201803300OKC-OKC,201803300OKC-DEN,OKC-2018,0,2018,-1.765,57.44716666666667,fergute01-2018
davisan02,39.78333333333333,3.7,201804010NOP-NOP,201804010NOP-OKC,NOP-2018,0,2018,147.19833333333332,45.074666666666666,davisan02-2018
holidjr01,34.13333333333333,4.4,201804010NOP-NOP,201804010NOP-OKC,NOP-2018,0,2018,150.18666666666667,45.074666666666666,holidjr01-2018
rondora01,33.516666666666666,-1.2,201804010NOP-NOP,201804010NOP-OKC,NOP-2018,0,2018,-40.22,45.074666666666666,rondora01-2018
mooreet01,31.016666666666666,3.7,201804010NOP-NOP,201804010NOP-OKC,NOP-2018,0,2018,114.76166666666667,45.074666666666666,mooreet01-2018
milleda01,27.3,4.7,201804010NOP-NOP,201804010NOP-OKC,NOP-2018,0,2018,128.31,45.074666666666666,milleda01-2018
clarkia01,21.083333333333332,4.2,201804010NOP-NOP,201804010NOP-OKC,NOP-2018,0,2018,88.55,45.074666666666666,clarkia01-2018
mirotni01,19.35,-4.9,201804010NOP-NOP,201804010NOP-OKC,NOP-2018,0,2018,-94.81500000000001,45.074666666666666,mirotni01-2018
okafoem01,13.416666666666666,-1.8,201804010NOP-NOP,201804010NOP-OKC,NOP-2018,0,2018,-24.15,45.074666666666666,okafoem01-2018
hillso01,13.25,-0.9,201804010NOP-NOP,201804010NOP-OKC,NOP-2018,0,2018,-11.925,45.074666666666666,hillso01-2018
diallch01,7.15,-1,201804010NOP-NOP,201804010NOP-OKC,NOP-2018,0,2018,-7.15,45.074666666666666,diallch01-2018
westbru01,40.6,18.7,201804030OKC-OKC,201804030OKC-GSW,OKC-2018,0,2018,759.22,58.491333333333344,westbru01-2018
georgpa01,37.083333333333336,-0.3,201804030OKC-OKC,201804030OKC-GSW,OKC-2018,0,2018,-11.125,58.491333333333344,georgpa01-2018
anthoca01,36.05,-4,201804030OKC-OKC,201804030OKC-GSW,OKC-2018,0,2018,-144.2,58.491333333333344,anthoca01-2018
adamsst01,33,-5.2,201804030OKC-OKC,201804030OKC-GSW,OKC-2018,0,2018,-171.6,58.491333333333344,adamsst01-2018
breweco01,24.983333333333334,7.2,201804030OKC-OKC,201804030OKC-GSW,OKC-2018,0,2018,179.88000000000002,58.491333333333344,breweco01-2018
abrinal01,17.95,1.9,201804030OKC-OKC,201804030OKC-GSW,OKC-2018,0,2018,34.105,58.491333333333344,abrinal01-2018
grantje01,15.35,2.2,201804030OKC-OKC,201804030OKC-GSW,OKC-2018,0,2018,33.77,58.491333333333344,grantje01-2018
feltora01,12.466666666666667,-3.8,201804030OKC-OKC,201804030OKC-GSW,OKC-2018,0,2018,-47.373333333333335,58.491333333333344,feltora01-2018
pattepa01,11.6,-2.8,201804030OKC-OKC,201804030OKC-GSW,OKC-2018,0,2018,-32.48,58.491333333333344,pattepa01-2018
huestjo01,10.916666666666666,-1.4,201804030OKC-OKC,201804030OKC-GSW,OKC-2018,0,2018,-15.283333333333331,58.491333333333344,huestjo01-2018
hardeja01,36.416666666666664,5.3,201804070HOU-HOU,201804070HOU-OKC,HOU-2018,0,2018,193.00833333333333,60.623703703703704,hardeja01-2018
paulch01,35.483333333333334,2.1,201804070HOU-HOU,201804070HOU-OKC,HOU-2018,0,2018,74.515,60.623703703703704,paulch01-2018
arizatr01,32.15,-1.8,201804070HOU-HOU,201804070HOU-OKC,HOU-2018,0,2018,-57.87,60.623703703703704,arizatr01-2018
tuckepj01,27.7,8.1,201804070HOU-HOU,201804070HOU-OKC,HOU-2018,0,2018,224.36999999999998,60.623703703703704,tuckepj01-2018
greenge01,27.566666666666666,1.1,201804070HOU-HOU,201804070HOU-OKC,HOU-2018,0,2018,30.323333333333334,60.623703703703704,greenge01-2018
capelca01,26.316666666666666,2.7,201804070HOU-HOU,201804070HOU-OKC,HOU-2018,0,2018,71.055,60.623703703703704,capelca01-2018
mbahalu01,24.8,3.6,201804070HOU-HOU,201804070HOU-OKC,HOU-2018,0,2018,89.28,60.623703703703704,mbahalu01-2018
johnsjo02,15.85,-1.7,201804070HOU-HOU,201804070HOU-OKC,HOU-2018,0,2018,-26.945,60.623703703703704,johnsjo02-2018
hilarne01,13.716666666666667,-3.8,201804070HOU-HOU,201804070HOU-OKC,HOU-2018,0,2018,-52.123333333333335,60.623703703703704,hilarne01-2018
winslju01,34.35,1.9,201804090MIA-MIA,201804090MIA-OKC,MIA-2018,0,2018,65.265,7.886527777777777,winslju01-2018
richajo01,33.78333333333333,2.8,201804090MIA-MIA,201804090MIA-OKC,MIA-2018,0,2018,94.59333333333332,7.886527777777777,richajo01-2018
johnsty01,32.483333333333334,5.4,201804090MIA-MIA,201804090MIA-OKC,MIA-2018,0,2018,175.41000000000003,7.886527777777777,johnsty01-2018
dragigo01,29.866666666666667,-4.9,201804090MIA-MIA,201804090MIA-OKC,MIA-2018,0,2018,-146.3466666666667,7.886527777777777,dragigo01-2018
wadedw01,24.333333333333332,-7.2,201804090MIA-MIA,201804090MIA-OKC,MIA-2018,0,2018,-175.2,7.886527777777777,wadedw01-2018
johnsja01,21.85,-2.2,201804090MIA-MIA,201804090MIA-OKC,MIA-2018,0,2018,-48.07000000000001,7.886527777777777,johnsja01-2018
whiteha01,20.783333333333335,7.1,201804090MIA-MIA,201804090MIA-OKC,MIA-2018,0,2018,147.56166666666667,7.886527777777777,whiteha01-2018
ellinwa01,14.8,-0.6,201804090MIA-MIA,201804090MIA-OKC,MIA-2018,0,2018,-8.88,7.886527777777777,ellinwa01-2018
adebaba01,13.35,0.7,201804090MIA-MIA,201804090MIA-OKC,MIA-2018,0,2018,9.344999999999999,7.886527777777777,adebaba01-2018
olynyke01,12.3,-1.4,201804090MIA-MIA,201804090MIA-OKC,MIA-2018,0,2018,-17.22,7.886527777777777,olynyke01-2018
mcgruro01,1.4,-0.9,201804090MIA-MIA,201804090MIA-OKC,MIA-2018,0,2018,-1.26,7.886527777777777,mcgruro01-2018
jonesde02,0.7,-0.8,201804090MIA-MIA,201804090MIA-OKC,MIA-2018,0,2018,-0.5599999999999999,7.886527777777777,jonesde02-2018
westbru01,37.06666666666667,2.7,201804110OKC-OKC,201804110OKC-MEM,OKC-2018,1,2018,100.08000000000001,41.11794871794872,westbru01-2018
adamsst01,36.483333333333334,0.4,201804110OKC-OKC,201804110OKC-MEM,OKC-2018,1,2018,14.593333333333334,41.11794871794872,adamsst01-2018
georgpa01,34.36666666666667,12,201804110OKC-OKC,201804110OKC-MEM,OKC-2018,1,2018,412.4,41.11794871794872,georgpa01-2018
breweco01,31.183333333333334,-1.7,201804110OKC-OKC,201804110OKC-MEM,OKC-2018,1,2018,-53.01166666666666,41.11794871794872,breweco01-2018
fergute01,25.9,2.5,201804110OKC-OKC,201804110OKC-MEM,OKC-2018,1,2018,64.75,41.11794871794872,fergute01-2018
anthoca01,23.15,-3.8,201804110OKC-OKC,201804110OKC-MEM,OKC-2018,1,2018,-87.96999999999998,41.11794871794872,anthoca01-2018
grantje01,21.75,3.5,201804110OKC-OKC,201804110OKC-MEM,OKC-2018,1,2018,76.125,41.11794871794872,grantje01-2018
feltora01,11.633333333333333,1,201804110OKC-OKC,201804110OKC-MEM,OKC-2018,1,2018,11.633333333333333,41.11794871794872,feltora01-2018
pattepa01,11.616666666666667,-0.1,201804110OKC-OKC,201804110OKC-MEM,OKC-2018,1,2018,-1.1616666666666668,41.11794871794872,pattepa01-2018
collini01,2.35,-1.3,201804110OKC-OKC,201804110OKC-MEM,OKC-2018,1,2018,-3.055,41.11794871794872,collini01-2018
hamilda02,1.5,-0.3,201804110OKC-OKC,201804110OKC-MEM,OKC-2018,1,2018,-0.44999999999999996,41.11794871794872,hamilda02-2018
huestjo01,1.5,0.6,201804110OKC-OKC,201804110OKC-MEM,OKC-2018,1,2018,0.8999999999999999,41.11794871794872,huestjo01-2018
johnsda04,1.5,-0.2,201804110OKC-OKC,201804110OKC-MEM,OKC-2018,1,2018,-0.30000000000000004,41.11794871794872,johnsda04-2018
porzikr01,38.28333333333333,6.2,201710190OKC-NYK,201710190OKC-OKC,NYK-2018,0,2018,237.35666666666665,7.771153846153846,porzikr01-2018
leeco01,31.45,0.7,201710190OKC-NYK,201710190OKC-OKC,NYK-2018,0,2018,22.014999999999997,7.771153846153846,leeco01-2018
hardati02,28.933333333333334,-5,201710190OKC-NYK,201710190OKC-OKC,NYK-2018,0,2018,-144.66666666666666,7.771153846153846,hardati02-2018
mcderdo01,23.816666666666666,2.2,201710190OKC-NYK,201710190OKC-OKC,NYK-2018,0,2018,52.39666666666667,7.771153846153846,mcderdo01-2018
bakerro01,22.633333333333333,1.7,201710190OKC-NYK,201710190OKC-OKC,NYK-2018,0,2018,38.47666666666667,7.771153846153846,bakerro01-2018
kanteen01,22.283333333333335,1,201710190OKC-NYK,201710190OKC-OKC,NYK-2018,0,2018,22.283333333333335,7.771153846153846,kanteen01-2018
oquinky01,21.766666666666666,-0.5,201710190OKC-NYK,201710190OKC-OKC,NYK-2018,0,2018,-10.883333333333333,7.771153846153846,oquinky01-2018
sessira01,20.633333333333333,-1.6,201710190OKC-NYK,201710190OKC-OKC,NYK-2018,0,2018,-33.013333333333335,7.771153846153846,sessira01-2018
thomala01,15.5,-3.7,201710190OKC-NYK,201710190OKC-OKC,NYK-2018,0,2018,-57.35,7.771153846153846,thomala01-2018
ntilila01,7.533333333333333,-3.2,201710190OKC-NYK,201710190OKC-OKC,NYK-2018,0,2018,-24.10666666666667,7.771153846153846,ntilila01-2018
hernawi01,3.7666666666666666,0.1,201710190OKC-NYK,201710190OKC-OKC,NYK-2018,0,2018,0.3766666666666667,7.771153846153846,hernawi01-2018
dotsoda01,2.8,-0.9,201710190OKC-NYK,201710190OKC-OKC,NYK-2018,0,2018,-2.52,7.771153846153846,dotsoda01-2018
beaslmi01,0.6,1.1,201710190OKC-NYK,201710190OKC-OKC,NYK-2018,0,2018,0.66,7.771153846153846,beaslmi01-2018
georgpa01,37.516666666666666,3.6,201710210UTA-OKC,201710210UTA-UTA,OKC-2018,0,2018,135.06,12.955,georgpa01-2018
anthoca01,36.583333333333336,3.4,201710210UTA-OKC,201710210UTA-UTA,OKC-2018,0,2018,124.38333333333334,12.955,anthoca01-2018
westbru01,36.016666666666666,-4.9,201710210UTA-OKC,201710210UTA-UTA,OKC-2018,0,2018,-176.48166666666668,12.955,westbru01-2018
adamsst01,32.78333333333333,-2.4,201710210UTA-OKC,201710210UTA-UTA,OKC-2018,0,2018,-78.67999999999999,12.955,adamsst01-2018
abrinal01,29.066666666666666,1.6,201710210UTA-OKC,201710210UTA-UTA,OKC-2018,0,2018,46.50666666666667,12.955,abrinal01-2018
feltora01,18.116666666666667,3.8,201710210UTA-OKC,201710210UTA-UTA,OKC-2018,0,2018,68.84333333333333,12.955,feltora01-2018
roberan03,13.566666666666666,1.5,201710210UTA-OKC,201710210UTA-UTA,OKC-2018,0,2018,20.35,12.955,roberan03-2018
grantje01,12.95,2.1,201710210UTA-OKC,201710210UTA-UTA,OKC-2018,0,2018,27.195,12.955,grantje01-2018
pattepa01,12.15,-1.5,201710210UTA-OKC,201710210UTA-UTA,OKC-2018,0,2018,-18.225,12.955,pattepa01-2018
fergute01,9.716666666666667,-1.2,201710210UTA-OKC,201710210UTA-UTA,OKC-2018,0,2018,-11.66,12.955,fergute01-2018
huestjo01,1.5333333333333332,3.4,201710210UTA-OKC,201710210UTA-UTA,OKC-2018,0,2018,5.213333333333333,12.955,huestjo01-2018
wiggian01,39.4,6.7,201710220OKC-MIN,201710220OKC-OKC,MIN-2018,1,2018,263.98,66.70833333333333,wiggian01-2018
teaguje01,39.2,5.8,201710220OKC-MIN,201710220OKC-OKC,MIN-2018,1,2018,227.36,66.70833333333333,teaguje01-2018
butleji01,39.15,-0.8,201710220OKC-MIN,201710220OKC-OKC,MIN-2018,1,2018,-31.32,66.70833333333333,butleji01-2018
townska01,35.583333333333336,4.5,201710220OKC-MIN,201710220OKC-OKC,MIN-2018,1,2018,160.125,66.70833333333333,townska01-2018
gibsota01,33.18333333333333,3.3,201710220OKC-MIN,201710220OKC-OKC,MIN-2018,1,2018,109.50499999999998,66.70833333333333,gibsota01-2018
crawfja01,15.683333333333334,-3.6,201710220OKC-MIN,201710220OKC-OKC,MIN-2018,1,2018,-56.46,66.70833333333333,crawfja01-2018
dienggo01,12.416666666666666,-0.3,201710220OKC-MIN,201710220OKC-OKC,MIN-2018,1,2018,-3.7249999999999996,66.70833333333333,dienggo01-2018
bjeline01,8.85,0.9,201710220OKC-MIN,201710220OKC-OKC,MIN-2018,1,2018,7.965,66.70833333333333,bjeline01-2018
jonesty01,8.8,-1,201710220OKC-MIN,201710220OKC-OKC,MIN-2018,1,2018,-8.8,66.70833333333333,jonesty01-2018
muhamsh01,7.733333333333333,-0.2,201710220OKC-MIN,201710220OKC-OKC,MIN-2018,1,2018,-1.5466666666666669,66.70833333333333,muhamsh01-2018
collida01,37.81666666666667,1.1,201710250OKC-IND,201710250OKC-OKC,IND-2018,0,2018,41.59833333333334,18.040641025641026,collida01-2018
oladivi01,35.833333333333336,13.1,201710250OKC-IND,201710250OKC-OKC,IND-2018,0,2018,469.4166666666667,18.040641025641026,oladivi01-2018
youngth01,33.483333333333334,1.5,201710250OKC-IND,201710250OKC-OKC,IND-2018,0,2018,50.225,18.040641025641026,youngth01-2018
bogdabo02,28.85,-8.4,201710250OKC-IND,201710250OKC-OKC,IND-2018,0,2018,-242.34000000000003,18.040641025641026,bogdabo02-2018
josepco01,21.183333333333334,1.1,201710250OKC-IND,201710250OKC-OKC,IND-2018,0,2018,23.30166666666667,18.040641025641026,josepco01-2018
leaftj01,19.366666666666667,-0.8,201710250OKC-IND,201710250OKC-OKC,IND-2018,0,2018,-15.493333333333334,18.040641025641026,leaftj01-2018
sabondo01,18.733333333333334,-3.9,201710250OKC-IND,201710250OKC-OKC,IND-2018,0,2018,-73.06,18.040641025641026,sabondo01-2018
jeffeal01,18.183333333333334,0.3,201710250OKC-IND,201710250OKC-OKC,IND-2018,0,2018,5.455,18.040641025641026,jeffeal01-2018
stephla01,17.083333333333332,-1.3,201710250OKC-IND,201710250OKC-OKC,IND-2018,0,2018,-22.208333333333332,18.040641025641026,stephla01-2018
anigbik01,2.3666666666666667,-0.7,201710250OKC-IND,201710250OKC-OKC,IND-2018,0,2018,-1.6566666666666665,18.040641025641026,anigbik01-2018
poythal01,2.3666666666666667,-0.2,201710250OKC-IND,201710250OKC-OKC,IND-2018,0,2018,-0.4733333333333334,18.040641025641026,poythal01-2018
wilkida02,2.3666666666666667,-0.9,201710250OKC-IND,201710250OKC-OKC,IND-2018,0,2018,-2.13,18.040641025641026,wilkida02-2018
youngjo01,2.3666666666666667,0.8,201710250OKC-IND,201710250OKC-OKC,IND-2018,0,2018,1.8933333333333335,18.040641025641026,youngjo01-2018
georgpa01,38.35,6.5,201710270MIN-OKC,201710270MIN-MIN,OKC-2018,0,2018,249.275,52.180454545454545,georgpa01-2018
westbru01,36.766666666666666,2.3,201710270MIN-OKC,201710270MIN-MIN,OKC-2018,0,2018,84.56333333333332,52.180454545454545,westbru01-2018
anthoca01,36.61666666666667,3,201710270MIN-OKC,201710270MIN-MIN,OKC-2018,0,2018,109.85,52.180454545454545,anthoca01-2018
adamsst01,31.666666666666668,4.4,201710270MIN-OKC,201710270MIN-MIN,OKC-2018,0,2018,139.33333333333334,52.180454545454545,adamsst01-2018
grantje01,27.633333333333333,0.8,201710270MIN-OKC,201710270MIN-MIN,OKC-2018,0,2018,22.10666666666667,52.180454545454545,grantje01-2018
pattepa01,18.75,0.3,201710270MIN-OKC,201710270MIN-MIN,OKC-2018,0,2018,5.625,52.180454545454545,pattepa01-2018
huestjo01,15.433333333333334,-2.4,201710270MIN-OKC,201710270MIN-MIN,OKC-2018,0,2018,-37.04,52.180454545454545,huestjo01-2018
feltora01,13.733333333333333,3.6,201710270MIN-OKC,201710270MIN-MIN,OKC-2018,0,2018,49.44,52.180454545454545,feltora01-2018
roberan03,9.916666666666666,-2.3,201710270MIN-OKC,201710270MIN-MIN,OKC-2018,0,2018,-22.80833333333333,52.180454545454545,roberan03-2018
abrinal01,8.45,-2.8,201710270MIN-OKC,201710270MIN-MIN,OKC-2018,0,2018,-23.659999999999997,52.180454545454545,abrinal01-2018
fergute01,2.7,-1,201710270MIN-OKC,201710270MIN-MIN,OKC-2018,0,2018,-2.7,52.180454545454545,fergute01-2018
georgpa01,28.716666666666665,5.5,201710280CHI-OKC,201710280CHI-CHI,OKC-2018,1,2018,157.94166666666666,47.209102564102565,georgpa01-2018
westbru01,28.416666666666668,6.4,201710280CHI-OKC,201710280CHI-CHI,OKC-2018,1,2018,181.86666666666667,47.209102564102565,westbru01-2018
adamsst01,28.183333333333334,2.8,201710280CHI-OKC,201710280CHI-CHI,OKC-2018,1,2018,78.91333333333333,47.209102564102565,adamsst01-2018
anthoca01,27.683333333333334,4.9,201710280CHI-OKC,201710280CHI-CHI,OKC-2018,1,2018,135.64833333333334,47.209102564102565,anthoca01-2018
grantje01,23,2.3,201710280CHI-OKC,201710280CHI-CHI,OKC-2018,1,2018,52.9,47.209102564102565,grantje01-2018
feltora01,20.4,5.9,201710280CHI-OKC,201710280CHI-CHI,OKC-2018,1,2018,120.36,47.209102564102565,feltora01-2018
roberan03,20.366666666666667,1.8,201710280CHI-OKC,201710280CHI-CHI,OKC-2018,1,2018,36.660000000000004,47.209102564102565,roberan03-2018
abrinal01,18.15,-2.8,201710280CHI-OKC,201710280CHI-CHI,OKC-2018,1,2018,-50.81999999999999,47.209102564102565,abrinal01-2018
huestjo01,17.033333333333335,-4.5,201710280CHI-OKC,201710280CHI-CHI,OKC-2018,1,2018,-76.65,47.209102564102565,huestjo01-2018
pattepa01,15.016666666666667,-2.7,201710280CHI-OKC,201710280CHI-CHI,OKC-2018,1,2018,-40.545,47.209102564102565,pattepa01-2018
collini01,4.8,0.1,201710280CHI-OKC,201710280CHI-CHI,OKC-2018,1,2018,0.48,47.209102564102565,collini01-2018
fergute01,4.8,-0.4,201710280CHI-OKC,201710280CHI-CHI,OKC-2018,1,2018,-1.92,47.209102564102565,fergute01-2018
johnsda04,3.4333333333333336,5.5,201710280CHI-OKC,201710280CHI-CHI,OKC-2018,1,2018,18.883333333333333,47.209102564102565,johnsda04-2018
georgpa01,28.983333333333334,1.6,201710310MIL-OKC,201710310MIL-MIL,OKC-2018,1,2018,46.373333333333335,44.91555555555556,georgpa01-2018
anthoca01,28.7,2.1,201710310MIL-OKC,201710310MIL-MIL,OKC-2018,1,2018,60.27,44.91555555555556,anthoca01-2018
grantje01,27.833333333333332,5.2,201710310MIL-OKC,201710310MIL-MIL,OKC-2018,1,2018,144.73333333333332,44.91555555555556,grantje01-2018
abrinal01,27.183333333333334,-0.3,201710310MIL-OKC,201710310MIL-MIL,OKC-2018,1,2018,-8.155,44.91555555555556,abrinal01-2018
adamsst01,26.583333333333332,5.2,201710310MIL-OKC,201710310MIL-MIL,OKC-2018,1,2018,138.23333333333332,44.91555555555556,adamsst01-2018
westbru01,26.583333333333332,0.6,201710310MIL-OKC,201710310MIL-MIL,OKC-2018,1,2018,15.95,44.91555555555556,westbru01-2018
pattepa01,23.85,4.4,201710310MIL-OKC,201710310MIL-MIL,OKC-2018,1,2018,104.94000000000001,44.91555555555556,pattepa01-2018
roberan03,20.816666666666666,-1.5,201710310MIL-OKC,201710310MIL-MIL,OKC-2018,1,2018,-31.225,44.91555555555556,roberan03-2018
feltora01,19.066666666666666,3.6,201710310MIL-OKC,201710310MIL-MIL,OKC-2018,1,2018,68.64,44.91555555555556,feltora01-2018
huestjo01,6.033333333333333,0.1,201710310MIL-OKC,201710310MIL-MIL,OKC-2018,1,2018,0.6033333333333334,44.91555555555556,huestjo01-2018
fergute01,2.35,-0.5,201710310MIL-OKC,201710310MIL-MIL,OKC-2018,1,2018,-1.175,44.91555555555556,fergute01-2018
johnsda04,2.0166666666666666,-0.1,201710310MIL-OKC,201710310MIL-MIL,OKC-2018,1,2018,-0.20166666666666666,44.91555555555556,johnsda04-2018
irvinky01,34.483333333333334,11.6,201711030OKC-BOS,201711030OKC-OKC,BOS-2018,1,2018,400.00666666666666,76.49233333333333,irvinky01-2018
horfoal01,34.4,10.6,201711030OKC-BOS,201711030OKC-OKC,BOS-2018,1,2018,364.64,76.49233333333333,horfoal01-2018
brownja02,30.633333333333333,1.5,201711030OKC-BOS,201711030OKC-OKC,BOS-2018,1,2018,45.95,76.49233333333333,brownja02-2018
tatumja01,29.8,-0.3,201711030OKC-BOS,201711030OKC-OKC,BOS-2018,1,2018,-8.94,76.49233333333333,tatumja01-2018
smartma01,27.4,0.2,201711030OKC-BOS,201711030OKC-OKC,BOS-2018,1,2018,5.48,76.49233333333333,smartma01-2018
roziete01,23.083333333333332,0,201711030OKC-BOS,201711030OKC-OKC,BOS-2018,1,2018,0,76.49233333333333,roziete01-2018
baynear01,20.5,-2.8,201711030OKC-BOS,201711030OKC-OKC,BOS-2018,1,2018,-57.4,76.49233333333333,baynear01-2018
morrima03,17.883333333333333,-0.1,201711030OKC-BOS,201711030OKC-OKC,BOS-2018,1,2018,-1.7883333333333333,76.49233333333333,morrima03-2018
ojelese01,14.35,2.9,201711030OKC-BOS,201711030OKC-OKC,BOS-2018,1,2018,41.614999999999995,76.49233333333333,ojelese01-2018
theisda01,7.466666666666667,-3.3,201711030OKC-BOS,201711030OKC-OKC,BOS-2018,1,2018,-24.64,76.49233333333333,theisda01-2018
georgpa01,39.75,7.3,201711050POR-OKC,201711050POR-POR,OKC-2018,0,2018,290.175,51.31481481481482,georgpa01-2018
westbru01,35.65,7,201711050POR-OKC,201711050POR-POR,OKC-2018,0,2018,249.54999999999998,51.31481481481482,westbru01-2018
adamsst01,31.316666666666666,-3.8,201711050POR-OKC,201711050POR-POR,OKC-2018,0,2018,-119.00333333333333,51.31481481481482,adamsst01-2018
grantje01,28.083333333333332,-0.9,201711050POR-OKC,201711050POR-POR,OKC-2018,0,2018,-25.275,51.31481481481482,grantje01-2018
roberan03,25.55,0.2,201711050POR-OKC,201711050POR-POR,OKC-2018,0,2018,5.11,51.31481481481482,roberan03-2018
feltora01,23.733333333333334,3.1,201711050POR-OKC,201711050POR-POR,OKC-2018,0,2018,73.57333333333334,51.31481481481482,feltora01-2018
anthoca01,23.233333333333334,1.1,201711050POR-OKC,201711050POR-POR,OKC-2018,0,2018,25.55666666666667,51.31481481481482,anthoca01-2018
pattepa01,18.116666666666667,-0.8,201711050POR-OKC,201711050POR-POR,OKC-2018,0,2018,-14.493333333333334,51.31481481481482,pattepa01-2018
abrinal01,14.6,-1.6,201711050POR-OKC,201711050POR-POR,OKC-2018,0,2018,-23.36,51.31481481481482,abrinal01-2018
georgpa01,36.95,0.9,201711070SAC-OKC,201711070SAC-SAC,OKC-2018,0,2018,33.255,18.37530303030303,georgpa01-2018
westbru01,36.583333333333336,0.7,201711070SAC-OKC,201711070SAC-SAC,OKC-2018,0,2018,25.608333333333334,18.37530303030303,westbru01-2018
anthoca01,34.05,0.5,201711070SAC-OKC,201711070SAC-SAC,OKC-2018,0,2018,17.025,18.37530303030303,anthoca01-2018
adamsst01,29.016666666666666,5.8,201711070SAC-OKC,201711070SAC-SAC,OKC-2018,0,2018,168.29666666666665,18.37530303030303,adamsst01-2018
roberan03,28.733333333333334,1.1,201711070SAC-OKC,201711070SAC-SAC,OKC-2018,0,2018,31.60666666666667,18.37530303030303,roberan03-2018
grantje01,26.683333333333334,-1.2,201711070SAC-OKC,201711070SAC-SAC,OKC-2018,0,2018,-32.019999999999996,18.37530303030303,grantje01-2018
pattepa01,15.216666666666667,-1,201711070SAC-OKC,201711070SAC-SAC,OKC-2018,0,2018,-15.216666666666667,18.37530303030303,pattepa01-2018
feltora01,13.9,-2,201711070SAC-OKC,201711070SAC-SAC,OKC-2018,0,2018,-27.8,18.37530303030303,feltora01-2018
huestjo01,8.966666666666667,1.3,201711070SAC-OKC,201711070SAC-SAC,OKC-2018,0,2018,11.656666666666668,18.37530303030303,huestjo01-2018
abrinal01,5.216666666666667,-0.8,201711070SAC-OKC,201711070SAC-SAC,OKC-2018,0,2018,-4.173333333333334,18.37530303030303,abrinal01-2018
fergute01,4.7,-1.3,201711070SAC-OKC,201711070SAC-SAC,OKC-2018,0,2018,-6.11,18.37530303030303,fergute01-2018
georgpa01,42.9,-1.1,201711090DEN-OKC,201711090DEN-DEN,OKC-2018,0,2018,-47.190000000000005,22.08481481481482,georgpa01-2018
westbru01,35.4,-3.2,201711090DEN-OKC,201711090DEN-DEN,OKC-2018,0,2018,-113.28,22.08481481481482,westbru01-2018
roberan03,33.65,1.6,201711090DEN-OKC,201711090DEN-DEN,OKC-2018,0,2018,53.84,22.08481481481482,roberan03-2018
anthoca01,32.95,8.1,201711090DEN-OKC,201711090DEN-DEN,OKC-2018,0,2018,266.89500000000004,22.08481481481482,anthoca01-2018
adamsst01,30.033333333333335,-2.8,201711090DEN-OKC,201711090DEN-DEN,OKC-2018,0,2018,-84.09333333333333,22.08481481481482,adamsst01-2018
feltora01,20.016666666666666,2.1,201711090DEN-OKC,201711090DEN-DEN,OKC-2018,0,2018,42.035,22.08481481481482,feltora01-2018
grantje01,19.816666666666666,4.4,201711090DEN-OKC,201711090DEN-DEN,OKC-2018,0,2018,87.19333333333334,22.08481481481482,grantje01-2018
pattepa01,13.2,0.5,201711090DEN-OKC,201711090DEN-DEN,OKC-2018,0,2018,6.6,22.08481481481482,pattepa01-2018
abrinal01,12.033333333333333,-1.1,201711090DEN-OKC,201711090DEN-DEN,OKC-2018,0,2018,-13.236666666666668,22.08481481481482,abrinal01-2018
griffbl01,39.71666666666667,-1.1,201711100OKC-LAC,201711100OKC-OKC,LAC-2018,0,2018,-43.68833333333334,32.30227272727273,griffbl01-2018
willilo02,39.1,11.4,201711100OKC-LAC,201711100OKC-OKC,LAC-2018,0,2018,445.74,32.30227272727273,willilo02-2018
riverau01,31.816666666666666,0.8,201711100OKC-LAC,201711100OKC-OKC,LAC-2018,0,2018,25.453333333333333,32.30227272727273,riverau01-2018
johnswe01,28.583333333333332,-4.2,201711100OKC-LAC,201711100OKC-OKC,LAC-2018,0,2018,-120.05,32.30227272727273,johnswe01-2018
jordade01,27.2,-2.2,201711100OKC-LAC,201711100OKC-OKC,LAC-2018,0,2018,-59.84,32.30227272727273,jordade01-2018
thornsi01,22.983333333333334,2.4,201711100OKC-LAC,201711100OKC-OKC,LAC-2018,0,2018,55.160000000000004,32.30227272727273,thornsi01-2018
reedwi02,20.8,6,201711100OKC-LAC,201711100OKC-OKC,LAC-2018,0,2018,124.80000000000001,32.30227272727273,reedwi02-2018
evansja01,16.8,-2,201711100OKC-LAC,201711100OKC-OKC,LAC-2018,0,2018,-33.6,32.30227272727273,evansja01-2018
harremo01,8.583333333333334,-4.2,201711100OKC-LAC,201711100OKC-OKC,LAC-2018,0,2018,-36.050000000000004,32.30227272727273,harremo01-2018
dekkesa01,4.333333333333333,-0.6,201711100OKC-LAC,201711100OKC-OKC,LAC-2018,0,2018,-2.5999999999999996,32.30227272727273,dekkesa01-2018
willicj01,0.1,0,201711100OKC-LAC,201711100OKC-OKC,LAC-2018,0,2018,0,32.30227272727273,willicj01-2018
barneha02,35.06666666666667,3.9,201711120OKC-DAL,201711120OKC-OKC,DAL-2018,0,2018,136.76000000000002,7.292692307692306,barneha02-2018
ferreyo01,34.416666666666664,7.2,201711120OKC-DAL,201711120OKC-OKC,DAL-2018,0,2018,247.79999999999998,7.292692307692306,ferreyo01-2018
smithde03,33.733333333333334,-1.6,201711120OKC-DAL,201711120OKC-OKC,DAL-2018,0,2018,-53.973333333333336,7.292692307692306,smithde03-2018
matthwe02,33.1,-8.1,201711120OKC-DAL,201711120OKC-OKC,DAL-2018,0,2018,-268.11,7.292692307692306,matthwe02-2018
nowitdi01,19.833333333333332,-3.8,201711120OKC-DAL,201711120OKC-OKC,DAL-2018,0,2018,-75.36666666666666,7.292692307692306,nowitdi01-2018
bareajo01,19.766666666666666,0.8,201711120OKC-DAL,201711120OKC-OKC,DAL-2018,0,2018,15.813333333333333,7.292692307692306,bareajo01-2018
poweldw01,18.933333333333334,6.6,201711120OKC-DAL,201711120OKC-OKC,DAL-2018,0,2018,124.96,7.292692307692306,poweldw01-2018
finnedo01,12.083333333333334,-2.6,201711120OKC-DAL,201711120OKC-OKC,DAL-2018,0,2018,-31.416666666666668,7.292692307692306,finnedo01-2018
mejrisa01,11.133333333333333,0.8,201711120OKC-DAL,201711120OKC-OKC,DAL-2018,0,2018,8.906666666666666,7.292692307692306,mejrisa01-2018
klebima01,8.4,-1.1,201711120OKC-DAL,201711120OKC-OKC,DAL-2018,0,2018,-9.240000000000002,7.292692307692306,klebima01-2018
clavegi01,8.083333333333334,-0.4,201711120OKC-DAL,201711120OKC-OKC,DAL-2018,0,2018,-3.233333333333334,7.292692307692306,clavegi01-2018
witheje01,3.45,0.9,201711120OKC-DAL,201711120OKC-OKC,DAL-2018,0,2018,3.1050000000000004,7.292692307692306,witheje01-2018
noelne01,2,-0.6,201711120OKC-DAL,201711120OKC-OKC,DAL-2018,0,2018,-1.2,7.292692307692306,noelne01-2018
markkla01,32.03333333333333,8.1,201711150OKC-CHI,201711150OKC-OKC,CHI-2018,0,2018,259.46999999999997,-4.298166666666671,markkla01-2018
dunnkr01,29.283333333333335,-7.5,201711150OKC-CHI,201711150OKC-OKC,CHI-2018,0,2018,-219.625,-4.298166666666671,dunnkr01-2018
valende01,27.1,6.2,201711150OKC-CHI,201711150OKC-OKC,CHI-2018,0,2018,168.02,-4.298166666666671,valende01-2018
grantje02,26.616666666666667,-4.7,201711150OKC-CHI,201711150OKC-OKC,CHI-2018,0,2018,-125.09833333333334,-4.298166666666671,grantje02-2018
blakean01,26.133333333333333,-0.1,201711150OKC-CHI,201711150OKC-OKC,CHI-2018,0,2018,-2.6133333333333333,-4.298166666666671,blakean01-2018
lopezro01,22.233333333333334,-1.8,201711150OKC-CHI,201711150OKC-OKC,CHI-2018,0,2018,-40.02,-4.298166666666671,lopezro01-2018
pondequ01,20.933333333333334,-4.3,201711150OKC-CHI,201711150OKC-OKC,CHI-2018,0,2018,-90.01333333333334,-4.298166666666671,pondequ01-2018
portibo01,20.433333333333334,-2.3,201711150OKC-CHI,201711150OKC-OKC,CHI-2018,0,2018,-46.99666666666666,-4.298166666666671,portibo01-2018
feliccr01,17.766666666666666,5.1,201711150OKC-CHI,201711150OKC-OKC,CHI-2018,0,2018,90.60999999999999,-4.298166666666671,feliccr01-2018
zipsepa01,17.483333333333334,-2.1,201711150OKC-CHI,201711150OKC-OKC,CHI-2018,0,2018,-36.715,-4.298166666666671,zipsepa01-2018
georgpa01,42.13333333333333,2.5,201711170SAS-OKC,201711170SAS-SAS,OKC-2018,0,2018,105.33333333333333,27.83121212121212,georgpa01-2018
westbru01,37.833333333333336,-3.7,201711170SAS-OKC,201711170SAS-SAS,OKC-2018,0,2018,-139.98333333333335,27.83121212121212,westbru01-2018
adamsst01,34.5,2.6,201711170SAS-OKC,201711170SAS-SAS,OKC-2018,0,2018,89.7,27.83121212121212,adamsst01-2018
anthoca01,32.9,4.6,201711170SAS-OKC,201711170SAS-SAS,OKC-2018,0,2018,151.33999999999997,27.83121212121212,anthoca01-2018
roberan03,24.616666666666667,-0.5,201711170SAS-OKC,201711170SAS-SAS,OKC-2018,0,2018,-12.308333333333334,27.83121212121212,roberan03-2018
abrinal01,17.783333333333335,0.5,201711170SAS-OKC,201711170SAS-SAS,OKC-2018,0,2018,8.891666666666667,27.83121212121212,abrinal01-2018
feltora01,14.166666666666666,3.1,201711170SAS-OKC,201711170SAS-SAS,OKC-2018,0,2018,43.916666666666664,27.83121212121212,feltora01-2018
grantje01,14.016666666666667,0.8,201711170SAS-OKC,201711170SAS-SAS,OKC-2018,0,2018,11.213333333333335,27.83121212121212,grantje01-2018
pattepa01,13.35,4,201711170SAS-OKC,201711170SAS-SAS,OKC-2018,0,2018,53.4,27.83121212121212,pattepa01-2018
huestjo01,5.866666666666667,-1.3,201711170SAS-OKC,201711170SAS-SAS,OKC-2018,0,2018,-7.626666666666668,27.83121212121212,huestjo01-2018
johnsda04,2.8333333333333335,0.8,201711170SAS-OKC,201711170SAS-SAS,OKC-2018,0,2018,2.266666666666667,27.83121212121212,johnsda04-2018
westbru01,38.61666666666667,8.1,201711200NOP-OKC,201711200NOP-NOP,OKC-2018,0,2018,312.795,59.724696969696964,westbru01-2018
georgpa01,35.93333333333333,13,201711200NOP-OKC,201711200NOP-NOP,OKC-2018,0,2018,467.13333333333327,59.724696969696964,georgpa01-2018
anthoca01,35.083333333333336,1.1,201711200NOP-OKC,201711200NOP-NOP,OKC-2018,0,2018,38.591666666666676,59.724696969696964,anthoca01-2018
roberan03,27.816666666666666,-1,201711200NOP-OKC,201711200NOP-NOP,OKC-2018,0,2018,-27.816666666666666,59.724696969696964,roberan03-2018
adamsst01,25.666666666666668,0.2,201711200NOP-OKC,201711200NOP-NOP,OKC-2018,0,2018,5.133333333333334,59.724696969696964,adamsst01-2018
feltora01,23.133333333333333,-2.3,201711200NOP-OKC,201711200NOP-NOP,OKC-2018,0,2018,-53.20666666666666,59.724696969696964,feltora01-2018
grantje01,19.033333333333335,-0.7,201711200NOP-OKC,201711200NOP-NOP,OKC-2018,0,2018,-13.323333333333334,59.724696969696964,grantje01-2018
abrinal01,16.416666666666668,-0.3,201711200NOP-OKC,201711200NOP-NOP,OKC-2018,0,2018,-4.925,59.724696969696964,abrinal01-2018
pattepa01,12.916666666666666,-4.4,201711200NOP-OKC,201711200NOP-NOP,OKC-2018,0,2018,-56.833333333333336,59.724696969696964,pattepa01-2018
johnsda04,3.3,-2.7,201711200NOP-OKC,201711200NOP-NOP,OKC-2018,0,2018,-8.91,59.724696969696964,johnsda04-2018
huestjo01,2.0833333333333335,-0.8,201711200NOP-OKC,201711200NOP-NOP,OKC-2018,0,2018,-1.666666666666667,59.724696969696964,huestjo01-2018
duranke01,32.68333333333333,2.4,201711220OKC-GSW,201711220OKC-OKC,GSW-2018,0,2018,78.43999999999998,20.111153846153844,duranke01-2018
greendr01,31.066666666666666,2,201711220OKC-GSW,201711220OKC-OKC,GSW-2018,0,2018,62.13333333333333,20.111153846153844,greendr01-2018
curryst01,30.816666666666666,4.6,201711220OKC-GSW,201711220OKC-OKC,GSW-2018,0,2018,141.75666666666666,20.111153846153844,curryst01-2018
thompkl01,28.35,-1.4,201711220OKC-GSW,201711220OKC-OKC,GSW-2018,0,2018,-39.69,20.111153846153844,thompkl01-2018
iguodan01,22.916666666666668,2.4,201711220OKC-GSW,201711220OKC-OKC,GSW-2018,0,2018,55,20.111153846153844,iguodan01-2018
youngni01,16.45,-4,201711220OKC-GSW,201711220OKC-OKC,GSW-2018,0,2018,-65.8,20.111153846153844,youngni01-2018
casspom01,14.15,1.6,201711220OKC-GSW,201711220OKC-OKC,GSW-2018,0,2018,22.64,20.111153846153844,casspom01-2018
livinsh01,12.233333333333333,0.9,201711220OKC-GSW,201711220OKC-OKC,GSW-2018,0,2018,11.01,20.111153846153844,livinsh01-2018
looneke01,12.116666666666667,1.2,201711220OKC-GSW,201711220OKC-OKC,GSW-2018,0,2018,14.54,20.111153846153844,looneke01-2018
pachuza01,12.05,1.4,201711220OKC-GSW,201711220OKC-OKC,GSW-2018,0,2018,16.87,20.111153846153844,pachuza01-2018
westda01,11.833333333333334,-1.3,201711220OKC-GSW,201711220OKC-OKC,GSW-2018,0,2018,-15.383333333333335,20.111153846153844,westda01-2018
mccawpa01,8.15,-0.7,201711220OKC-GSW,201711220OKC-OKC,GSW-2018,0,2018,-5.705,20.111153846153844,mccawpa01-2018
mcgeeja01,7.183333333333334,-2,201711220OKC-GSW,201711220OKC-OKC,GSW-2018,0,2018,-14.366666666666667,20.111153846153844,mcgeeja01-2018
drumman01,37.55,-0.8,201711240OKC-DET,201711240OKC-OKC,DET-2018,1,2018,-30.04,26.288166666666665,drumman01-2018
harrito02,33.583333333333336,1,201711240OKC-DET,201711240OKC-OKC,DET-2018,1,2018,33.583333333333336,26.288166666666665,harrito02-2018
bradlav01,30.766666666666666,-5.6,201711240OKC-DET,201711240OKC-OKC,DET-2018,1,2018,-172.29333333333332,26.288166666666665,bradlav01-2018
johnsst04,29.966666666666665,4.8,201711240OKC-DET,201711240OKC-OKC,DET-2018,1,2018,143.83999999999997,26.288166666666665,johnsst04-2018
jacksre01,25.95,0.6,201711240OKC-DET,201711240OKC-OKC,DET-2018,1,2018,15.569999999999999,26.288166666666665,jacksre01-2018
smithis01,22.05,7.8,201711240OKC-DET,201711240OKC-OKC,DET-2018,1,2018,171.99,26.288166666666665,smithis01-2018
tollian01,18.383333333333333,2.3,201711240OKC-DET,201711240OKC-OKC,DET-2018,1,2018,42.28166666666666,26.288166666666665,tollian01-2018
gallola01,16.4,5.3,201711240OKC-DET,201711240OKC-OKC,DET-2018,1,2018,86.91999999999999,26.288166666666665,gallola01-2018
kennalu01,14.9,0.3,201711240OKC-DET,201711240OKC-OKC,DET-2018,1,2018,4.47,26.288166666666665,kennalu01-2018
moreler01,10.45,-3.2,201711240OKC-DET,201711240OKC-OKC,DET-2018,1,2018,-33.44,26.288166666666665,moreler01-2018
georgpa01,39.56666666666667,-0.8,201711250DAL-OKC,201711250DAL-DAL,OKC-2018,0,2018,-31.653333333333336,13.441025641025641,georgpa01-2018
westbru01,39.55,10.8,201711250DAL-OKC,201711250DAL-DAL,OKC-2018,0,2018,427.14,13.441025641025641,westbru01-2018
adamsst01,27.083333333333332,-7.1,201711250DAL-OKC,201711250DAL-DAL,OKC-2018,0,2018,-192.29166666666666,13.441025641025641,adamsst01-2018
anthoca01,26.683333333333334,-0.2,201711250DAL-OKC,201711250DAL-DAL,OKC-2018,0,2018,-5.336666666666667,13.441025641025641,anthoca01-2018
feltora01,24.083333333333332,-0.1,201711250DAL-OKC,201711250DAL-DAL,OKC-2018,0,2018,-2.408333333333333,13.441025641025641,feltora01-2018
fergute01,20.983333333333334,2.1,201711250DAL-OKC,201711250DAL-DAL,OKC-2018,0,2018,44.065000000000005,13.441025641025641,fergute01-2018
grantje01,20.116666666666667,0,201711250DAL-OKC,201711250DAL-DAL,OKC-2018,0,2018,0,13.441025641025641,grantje01-2018
roberan03,15.533333333333333,-2,201711250DAL-OKC,201711250DAL-DAL,OKC-2018,0,2018,-31.066666666666666,13.441025641025641,roberan03-2018
pattepa01,13.266666666666667,-3.7,201711250DAL-OKC,201711250DAL-DAL,OKC-2018,0,2018,-49.08666666666667,13.441025641025641,pattepa01-2018
collini01,7.65,1.8,201711250DAL-OKC,201711250DAL-DAL,OKC-2018,0,2018,13.770000000000001,13.441025641025641,collini01-2018
huestjo01,2.45,1.5,201711250DAL-OKC,201711250DAL-DAL,OKC-2018,0,2018,3.6750000000000003,13.441025641025641,huestjo01-2018
abrinal01,1.8333333333333335,-1,201711250DAL-OKC,201711250DAL-DAL,OKC-2018,0,2018,-1.8333333333333335,13.441025641025641,abrinal01-2018
johnsda04,1.2,-0.2,201711250DAL-OKC,201711250DAL-DAL,OKC-2018,0,2018,-0.24,13.441025641025641,johnsda04-2018
georgpa01,40.61666666666667,2.3,201711290ORL-OKC,201711290ORL-ORL,OKC-2018,0,2018,93.41833333333332,42.53466666666666,georgpa01-2018
westbru01,37.78333333333333,15.2,201711290ORL-OKC,201711290ORL-ORL,OKC-2018,0,2018,574.3066666666666,42.53466666666666,westbru01-2018
anthoca01,34.2,-0.5,201711290ORL-OKC,201711290ORL-ORL,OKC-2018,0,2018,-17.1,42.53466666666666,anthoca01-2018
roberan03,30,0.9,201711290ORL-OKC,201711290ORL-ORL,OKC-2018,0,2018,27,42.53466666666666,roberan03-2018
adamsst01,28.083333333333332,-4.9,201711290ORL-OKC,201711290ORL-ORL,OKC-2018,0,2018,-137.60833333333335,42.53466666666666,adamsst01-2018
grantje01,20.033333333333335,4.6,201711290ORL-OKC,201711290ORL-ORL,OKC-2018,0,2018,92.15333333333334,42.53466666666666,grantje01-2018
fergute01,19.533333333333335,-5.3,201711290ORL-OKC,201711290ORL-ORL,OKC-2018,0,2018,-103.52666666666667,42.53466666666666,fergute01-2018
feltora01,16.133333333333333,-4.4,201711290ORL-OKC,201711290ORL-ORL,OKC-2018,0,2018,-70.98666666666666,42.53466666666666,feltora01-2018
pattepa01,7.116666666666666,-1.8,201711290ORL-OKC,201711290ORL-ORL,OKC-2018,0,2018,-12.809999999999999,42.53466666666666,pattepa01-2018
johnsda04,6.5,-3,201711290ORL-OKC,201711290ORL-ORL,OKC-2018,0,2018,-19.5,42.53466666666666,johnsda04-2018
butleji01,41.03333333333333,7.1,201712010OKC-MIN,201712010OKC-OKC,MIN-2018,0,2018,291.33666666666664,63.75888888888889,butleji01-2018
wiggian01,39.516666666666666,4.9,201712010OKC-MIN,201712010OKC-OKC,MIN-2018,0,2018,193.6316666666667,63.75888888888889,wiggian01-2018
gibsota01,35.983333333333334,-3.6,201712010OKC-MIN,201712010OKC-OKC,MIN-2018,0,2018,-129.54000000000002,63.75888888888889,gibsota01-2018
townska01,35.416666666666664,1.1,201712010OKC-MIN,201712010OKC-OKC,MIN-2018,0,2018,38.958333333333336,63.75888888888889,townska01-2018
teaguje01,34,5,201712010OKC-MIN,201712010OKC-OKC,MIN-2018,0,2018,170,63.75888888888889,teaguje01-2018
dienggo01,21.566666666666666,1.7,201712010OKC-MIN,201712010OKC-OKC,MIN-2018,0,2018,36.663333333333334,63.75888888888889,dienggo01-2018
crawfja01,18.1,0.8,201712010OKC-MIN,201712010OKC-OKC,MIN-2018,0,2018,14.480000000000002,63.75888888888889,crawfja01-2018
jonesty01,11.1,-3.4,201712010OKC-MIN,201712010OKC-OKC,MIN-2018,0,2018,-37.739999999999995,63.75888888888889,jonesty01-2018
muhamsh01,3.3,-1.2,201712010OKC-MIN,201712010OKC-OKC,MIN-2018,0,2018,-3.9599999999999995,63.75888888888889,muhamsh01-2018
murrade01,39.483333333333334,3.3,201712030OKC-SAS,201712030OKC-OKC,SAS-2018,0,2018,130.295,22.926333333333332,murrade01-2018
paulbr01,33.18333333333333,-0.8,201712030OKC-SAS,201712030OKC-OKC,SAS-2018,0,2018,-26.546666666666667,22.926333333333332,paulbr01-2018
forbebr01,32.56666666666667,-4.9,201712030OKC-SAS,201712030OKC-OKC,SAS-2018,0,2018,-159.57666666666668,22.926333333333332,forbebr01-2018
bertada01,29.433333333333334,7,201712030OKC-SAS,201712030OKC-OKC,SAS-2018,0,2018,206.03333333333333,22.926333333333332,bertada01-2018
lauvejo01,22.983333333333334,1.3,201712030OKC-SAS,201712030OKC-OKC,SAS-2018,0,2018,29.878333333333334,22.926333333333332,lauvejo01-2018
anderky01,22,1.1,201712030OKC-SAS,201712030OKC-OKC,SAS-2018,0,2018,24.200000000000003,22.926333333333332,anderky01-2018
greenda02,17.7,-0.4,201712030OKC-SAS,201712030OKC-OKC,SAS-2018,0,2018,-7.08,22.926333333333332,greenda02-2018
whitede01,17.45,1.6,201712030OKC-SAS,201712030OKC-OKC,SAS-2018,0,2018,27.92,22.926333333333332,whitede01-2018
gasolpa01,16.033333333333335,-1.8,201712030OKC-SAS,201712030OKC-OKC,SAS-2018,0,2018,-28.860000000000003,22.926333333333332,gasolpa01-2018
millspa02,9.166666666666666,3.6,201712030OKC-SAS,201712030OKC-OKC,SAS-2018,0,2018,33,22.926333333333332,millspa02-2018
mitchdo01,36.25,10.5,201712050OKC-UTA,201712050OKC-OKC,UTA-2018,0,2018,380.625,49.79266666666667,mitchdo01-2018
inglejo01,34.46666666666667,5.2,201712050OKC-UTA,201712050OKC-OKC,UTA-2018,0,2018,179.2266666666667,49.79266666666667,inglejo01-2018
rubiori01,34.3,-0.2,201712050OKC-UTA,201712050OKC-OKC,UTA-2018,0,2018,-6.859999999999999,49.79266666666667,rubiori01-2018
goberru01,26.883333333333333,-2.4,201712050OKC-UTA,201712050OKC-OKC,UTA-2018,0,2018,-64.52,49.79266666666667,goberru01-2018
favorde01,22.75,-1.5,201712050OKC-UTA,201712050OKC-OKC,UTA-2018,0,2018,-34.125,49.79266666666667,favorde01-2018
burksal01,21.516666666666666,-1.6,201712050OKC-UTA,201712050OKC-OKC,UTA-2018,0,2018,-34.42666666666667,49.79266666666667,burksal01-2018
jerebjo01,21.483333333333334,-1.3,201712050OKC-UTA,201712050OKC-OKC,UTA-2018,0,2018,-27.928333333333335,49.79266666666667,jerebjo01-2018
sefolth01,21.316666666666666,10.1,201712050OKC-UTA,201712050OKC-OKC,UTA-2018,0,2018,215.29833333333332,49.79266666666667,sefolth01-2018
onealro01,17.466666666666665,-6.2,201712050OKC-UTA,201712050OKC-OKC,UTA-2018,0,2018,-108.29333333333332,49.79266666666667,onealro01-2018
udohek01,3.5666666666666664,-0.3,201712050OKC-UTA,201712050OKC-OKC,UTA-2018,0,2018,-1.0699999999999998,49.79266666666667,udohek01-2018
anthoca01,36.93333333333333,-5.8,201712070BRK-OKC,201712070BRK-BRK,OKC-2018,0,2018,-214.2133333333333,9.020333333333335,anthoca01-2018
westbru01,35.55,5.9,201712070BRK-OKC,201712070BRK-BRK,OKC-2018,0,2018,209.745,9.020333333333335,westbru01-2018
roberan03,32.9,4,201712070BRK-OKC,201712070BRK-BRK,OKC-2018,0,2018,131.6,9.020333333333335,roberan03-2018
adamsst01,30.15,-3.1,201712070BRK-OKC,201712070BRK-BRK,OKC-2018,0,2018,-93.465,9.020333333333335,adamsst01-2018
abrinal01,25.6,-0.4,201712070BRK-OKC,201712070BRK-BRK,OKC-2018,0,2018,-10.240000000000002,9.020333333333335,abrinal01-2018
singlky01,22.683333333333334,-1.2,201712070BRK-OKC,201712070BRK-BRK,OKC-2018,0,2018,-27.22,9.020333333333335,singlky01-2018
pattepa01,19.916666666666668,4.1,201712070BRK-OKC,201712070BRK-BRK,OKC-2018,0,2018,81.65833333333333,9.020333333333335,pattepa01-2018
feltora01,14.45,3,201712070BRK-OKC,201712070BRK-BRK,OKC-2018,0,2018,43.349999999999994,9.020333333333335,feltora01-2018
fergute01,14.15,-2.3,201712070BRK-OKC,201712070BRK-BRK,OKC-2018,0,2018,-32.545,9.020333333333335,fergute01-2018
collini01,7.666666666666667,0.2,201712070BRK-OKC,201712070BRK-BRK,OKC-2018,0,2018,1.5333333333333334,9.020333333333335,collini01-2018
westbru01,43.1,0.6,201712090MEM-OKC,201712090MEM-MEM,OKC-2018,1,2018,25.86,53.64150000000001,westbru01-2018
adamsst01,43,3.2,201712090MEM-OKC,201712090MEM-MEM,OKC-2018,1,2018,137.6,53.64150000000001,adamsst01-2018
abrinal01,42.56666666666667,6.8,201712090MEM-OKC,201712090MEM-MEM,OKC-2018,1,2018,289.4533333333334,53.64150000000001,abrinal01-2018
roberan03,40.68333333333333,-0.3,201712090MEM-OKC,201712090MEM-MEM,OKC-2018,1,2018,-12.204999999999998,53.64150000000001,roberan03-2018
anthoca01,36.6,3.7,201712090MEM-OKC,201712090MEM-MEM,OKC-2018,1,2018,135.42000000000002,53.64150000000001,anthoca01-2018
feltora01,19.8,-0.1,201712090MEM-OKC,201712090MEM-MEM,OKC-2018,1,2018,-1.9800000000000002,53.64150000000001,feltora01-2018
pattepa01,14.95,1.3,201712090MEM-OKC,201712090MEM-MEM,OKC-2018,1,2018,19.435,53.64150000000001,pattepa01-2018
grantje01,11.766666666666667,-3.9,201712090MEM-OKC,201712090MEM-MEM,OKC-2018,1,2018,-45.89,53.64150000000001,grantje01-2018
huestjo01,6.816666666666666,1.7,201712090MEM-OKC,201712090MEM-MEM,OKC-2018,1,2018,11.588333333333333,53.64150000000001,huestjo01-2018
singlky01,5.716666666666667,-4,201712090MEM-OKC,201712090MEM-MEM,OKC-2018,1,2018,-22.866666666666667,53.64150000000001,singlky01-2018
walkeke02,38.81666666666667,2,201712110OKC-CHO,201712110OKC-OKC,CHH-2018,1,2018,77.63333333333334,64.41045454545454,walkeke02-2018
kiddgmi01,34.35,12.5,201712110OKC-CHO,201712110OKC-OKC,CHH-2018,1,2018,429.375,64.41045454545454,kiddgmi01-2018
lambje01,33.11666666666667,-7.7,201712110OKC-CHO,201712110OKC-OKC,CHH-2018,1,2018,-254.99833333333333,64.41045454545454,lambje01-2018
willima02,31.933333333333334,7.5,201712110OKC-CHO,201712110OKC-OKC,CHH-2018,1,2018,239.5,64.41045454545454,willima02-2018
howardw01,30.15,4.1,201712110OKC-CHO,201712110OKC-OKC,CHH-2018,1,2018,123.61499999999998,64.41045454545454,howardw01-2018
grahatr01,20.366666666666667,4.5,201712110OKC-CHO,201712110OKC-OKC,CHH-2018,1,2018,91.65,64.41045454545454,grahatr01-2018
kaminfr01,17.85,3.7,201712110OKC-CHO,201712110OKC-OKC,CHH-2018,1,2018,66.045,64.41045454545454,kaminfr01-2018
cartemi01,14.85,-2.3,201712110OKC-CHO,201712110OKC-OKC,CHH-2018,1,2018,-34.154999999999994,64.41045454545454,cartemi01-2018
bacondw01,7.566666666666666,-0.5,201712110OKC-CHO,201712110OKC-OKC,CHH-2018,1,2018,-3.783333333333333,64.41045454545454,bacondw01-2018
monkma01,6.833333333333333,-2.7,201712110OKC-CHO,201712110OKC-OKC,CHH-2018,1,2018,-18.45,64.41045454545454,monkma01-2018
obryajo01,4.166666666666667,-1.9,201712110OKC-CHO,201712110OKC-OKC,CHH-2018,1,2018,-7.916666666666667,64.41045454545454,obryajo01-2018
westbru01,36.03333333333333,-1.5,201712130IND-OKC,201712130IND-IND,OKC-2018,1,2018,-54.05,27.530166666666666,westbru01-2018
adamsst01,35.1,6.1,201712130IND-OKC,201712130IND-IND,OKC-2018,1,2018,214.10999999999999,27.530166666666666,adamsst01-2018
anthoca01,34.583333333333336,-3.9,201712130IND-OKC,201712130IND-IND,OKC-2018,1,2018,-134.875,27.530166666666666,anthoca01-2018
georgpa01,33.43333333333333,-2.4,201712130IND-OKC,201712130IND-IND,OKC-2018,1,2018,-80.24,27.530166666666666,georgpa01-2018
abrinal01,31.733333333333334,4.5,201712130IND-OKC,201712130IND-IND,OKC-2018,1,2018,142.8,27.530166666666666,abrinal01-2018
grantje01,17.683333333333334,2.8,201712130IND-OKC,201712130IND-IND,OKC-2018,1,2018,49.51333333333333,27.530166666666666,grantje01-2018
huestjo01,16.266666666666666,1.3,201712130IND-OKC,201712130IND-IND,OKC-2018,1,2018,21.146666666666665,27.530166666666666,huestjo01-2018
pattepa01,13.416666666666666,3.8,201712130IND-OKC,201712130IND-IND,OKC-2018,1,2018,50.98333333333333,27.530166666666666,pattepa01-2018
feltora01,11.966666666666667,4.2,201712130IND-OKC,201712130IND-IND,OKC-2018,1,2018,50.260000000000005,27.530166666666666,feltora01-2018
fergute01,9.783333333333333,1.6,201712130IND-OKC,201712130IND-IND,OKC-2018,1,2018,15.653333333333334,27.530166666666666,fergute01-2018
westbru01,52.13333333333333,3.9,201712150PHI-OKC,201712150PHI-PHI,OKC-2018,1,2018,203.32,48.514545454545456,westbru01-2018
adamsst01,50.983333333333334,-4,201712150PHI-OKC,201712150PHI-PHI,OKC-2018,1,2018,-203.93333333333334,48.514545454545456,adamsst01-2018
anthoca01,47.233333333333334,4.1,201712150PHI-OKC,201712150PHI-PHI,OKC-2018,1,2018,193.65666666666667,48.514545454545456,anthoca01-2018
georgpa01,45,2.4,201712150PHI-OKC,201712150PHI-PHI,OKC-2018,1,2018,108,48.514545454545456,georgpa01-2018
roberan03,33.81666666666667,3.1,201712150PHI-OKC,201712150PHI-PHI,OKC-2018,1,2018,104.83166666666668,48.514545454545456,roberan03-2018
huestjo01,19.55,3.1,201712150PHI-OKC,201712150PHI-PHI,OKC-2018,1,2018,60.605000000000004,48.514545454545456,huestjo01-2018
feltora01,18.883333333333333,5.3,201712150PHI-OKC,201712150PHI-PHI,OKC-2018,1,2018,100.08166666666666,48.514545454545456,feltora01-2018
abrinal01,17.066666666666666,-3.7,201712150PHI-OKC,201712150PHI-PHI,OKC-2018,1,2018,-63.14666666666667,48.514545454545456,abrinal01-2018
pattepa01,14.733333333333333,-0.3,201712150PHI-OKC,201712150PHI-PHI,OKC-2018,1,2018,-4.42,48.514545454545456,pattepa01-2018
grantje01,13.05,2.5,201712150PHI-OKC,201712150PHI-PHI,OKC-2018,1,2018,32.625,48.514545454545456,grantje01-2018
fergute01,2.55,0.8,201712150PHI-OKC,201712150PHI-PHI,OKC-2018,1,2018,2.04,48.514545454545456,fergute01-2018
georgpa01,36.93333333333333,6.2,201712160NYK-OKC,201712160NYK-NYK,OKC-2018,0,2018,228.98666666666665,10.09583333333333,georgpa01-2018
westbru01,35.583333333333336,4.3,201712160NYK-OKC,201712160NYK-NYK,OKC-2018,0,2018,153.00833333333333,10.09583333333333,westbru01-2018
anthoca01,32.333333333333336,-10.6,201712160NYK-OKC,201712160NYK-NYK,OKC-2018,0,2018,-342.73333333333335,10.09583333333333,anthoca01-2018
pattepa01,24.733333333333334,7.3,201712160NYK-OKC,201712160NYK-NYK,OKC-2018,0,2018,180.55333333333334,10.09583333333333,pattepa01-2018
grantje01,21.8,-1.1,201712160NYK-OKC,201712160NYK-NYK,OKC-2018,0,2018,-23.980000000000004,10.09583333333333,grantje01-2018
roberan03,21.033333333333335,-0.7,201712160NYK-OKC,201712160NYK-NYK,OKC-2018,0,2018,-14.723333333333333,10.09583333333333,roberan03-2018
feltora01,15.383333333333333,2,201712160NYK-OKC,201712160NYK-NYK,OKC-2018,0,2018,30.766666666666666,10.09583333333333,feltora01-2018
johnsda04,13.816666666666666,-0.7,201712160NYK-OKC,201712160NYK-NYK,OKC-2018,0,2018,-9.671666666666665,10.09583333333333,johnsda04-2018
huestjo01,13.65,-2.8,201712160NYK-OKC,201712160NYK-NYK,OKC-2018,0,2018,-38.22,10.09583333333333,huestjo01-2018
collini01,9.333333333333334,-1.1,201712160NYK-OKC,201712160NYK-NYK,OKC-2018,0,2018,-10.266666666666667,10.09583333333333,collini01-2018
abrinal01,8.3,-1.7,201712160NYK-OKC,201712160NYK-NYK,OKC-2018,0,2018,-14.110000000000001,10.09583333333333,abrinal01-2018
fergute01,7.1,-2.6,201712160NYK-OKC,201712160NYK-NYK,OKC-2018,0,2018,-18.46,10.09583333333333,fergute01-2018
harriga01,40.516666666666666,-1.3,201712180OKC-DEN,201712180OKC-OKC,DEN-2018,0,2018,-52.67166666666667,33.25407407407407,harriga01-2018
chandwi01,35.733333333333334,0.3,201712180OKC-DEN,201712180OKC-OKC,DEN-2018,0,2018,10.72,33.25407407407407,chandwi01-2018
craigto01,29.866666666666667,7.8,201712180OKC-DEN,201712180OKC-OKC,DEN-2018,0,2018,232.96,33.25407407407407,craigto01-2018
bartowi01,25.533333333333335,-5.7,201712180OKC-DEN,201712180OKC-OKC,DEN-2018,0,2018,-145.54000000000002,33.25407407407407,bartowi01-2018
lylestr01,25.4,6.2,201712180OKC-DEN,201712180OKC-OKC,DEN-2018,0,2018,157.48,33.25407407407407,lylestr01-2018
murraja01,25.216666666666665,-0.5,201712180OKC-DEN,201712180OKC-OKC,DEN-2018,0,2018,-12.608333333333333,33.25407407407407,murraja01-2018
jokicni01,25.216666666666665,4.8,201712180OKC-DEN,201712180OKC-OKC,DEN-2018,0,2018,121.03999999999999,33.25407407407407,jokicni01-2018
plumlma01,22.8,-1,201712180OKC-DEN,201712180OKC-OKC,DEN-2018,0,2018,-22.8,33.25407407407407,plumlma01-2018
beaslma01,9.733333333333333,1.1,201712180OKC-DEN,201712180OKC-OKC,DEN-2018,0,2018,10.706666666666667,33.25407407407407,beaslma01-2018
hoodro01,27.866666666666667,1.3,201712200OKC-UTA,201712200OKC-OKC,UTA-2018,0,2018,36.22666666666667,-11.99,hoodro01-2018
jerebjo01,25.766666666666666,-5.6,201712200OKC-UTA,201712200OKC-OKC,UTA-2018,0,2018,-144.29333333333332,-11.99,jerebjo01-2018
rubiori01,25,-5.9,201712200OKC-UTA,201712200OKC-OKC,UTA-2018,0,2018,-147.5,-11.99,rubiori01-2018
sefolth01,24.983333333333334,4,201712200OKC-UTA,201712200OKC-OKC,UTA-2018,0,2018,99.93333333333334,-11.99,sefolth01-2018
burksal01,24.583333333333332,7.1,201712200OKC-UTA,201712200OKC-OKC,UTA-2018,0,2018,174.54166666666666,-11.99,burksal01-2018
favorde01,22.683333333333334,-0.2,201712200OKC-UTA,201712200OKC-OKC,UTA-2018,0,2018,-4.536666666666667,-11.99,favorde01-2018
inglejo01,22.5,-4,201712200OKC-UTA,201712200OKC-OKC,UTA-2018,0,2018,-90,-11.99,inglejo01-2018
udohek01,18.333333333333332,0.7,201712200OKC-UTA,201712200OKC-OKC,UTA-2018,0,2018,12.833333333333332,-11.99,udohek01-2018
johnsjo02,18.166666666666668,-4.9,201712200OKC-UTA,201712200OKC-OKC,UTA-2018,0,2018,-89.01666666666668,-11.99,johnsjo02-2018
onealro01,15.1,0.1,201712200OKC-UTA,201712200OKC-OKC,UTA-2018,0,2018,1.51,-11.99,onealro01-2018
woltena01,8.033333333333333,-1.2,201712200OKC-UTA,201712200OKC-OKC,UTA-2018,0,2018,-9.639999999999999,-11.99,woltena01-2018
bradlto01,6.983333333333333,2.3,201712200OKC-UTA,201712200OKC-OKC,UTA-2018,0,2018,16.061666666666664,-11.99,bradlto01-2018
princta02,33.9,-6.3,201712220OKC-ATL,201712220OKC-OKC,ATL-2018,0,2018,-213.57,38.974,princta02-2018
belinma01,32.583333333333336,6,201712220OKC-ATL,201712220OKC-OKC,ATL-2018,0,2018,195.5,38.974,belinma01-2018
ilyaser01,30.816666666666666,6.3,201712220OKC-ATL,201712220OKC-OKC,ATL-2018,0,2018,194.14499999999998,38.974,ilyaser01-2018
bazemke01,26.75,1.7,201712220OKC-ATL,201712220OKC-OKC,ATL-2018,0,2018,45.475,38.974,bazemke01-2018
collijo01,26.7,4.3,201712220OKC-ATL,201712220OKC-OKC,ATL-2018,0,2018,114.80999999999999,38.974,collijo01-2018
delanma01,26.633333333333333,8.4,201712220OKC-ATL,201712220OKC-OKC,ATL-2018,0,2018,223.72,38.974,delanma01-2018
plumlmi01,19.366666666666667,-2.3,201712220OKC-ATL,201712220OKC-OKC,ATL-2018,0,2018,-44.54333333333333,38.974,plumlmi01-2018
cavanty01,18.933333333333334,-1.4,201712220OKC-ATL,201712220OKC-OKC,ATL-2018,0,2018,-26.506666666666664,38.974,cavanty01-2018
taylois01,17,-3,201712220OKC-ATL,201712220OKC-OKC,ATL-2018,0,2018,-51,38.974,taylois01-2018
bembrde01,7.316666666666666,-6.6,201712220OKC-ATL,201712220OKC-OKC,ATL-2018,0,2018,-48.29,38.974,bembrde01-2018
westbru01,38.2,10.6,201712230UTA-OKC,201712230UTA-UTA,OKC-2018,1,2018,404.92,97.41733333333333,westbru01-2018
georgpa01,37.43333333333333,18,201712230UTA-OKC,201712230UTA-UTA,OKC-2018,1,2018,673.8,97.41733333333333,georgpa01-2018
anthoca01,35.15,-0.7,201712230UTA-OKC,201712230UTA-UTA,OKC-2018,1,2018,-24.604999999999997,97.41733333333333,anthoca01-2018
adamsst01,31.733333333333334,2,201712230UTA-OKC,201712230UTA-UTA,OKC-2018,1,2018,63.46666666666667,97.41733333333333,adamsst01-2018
roberan03,25.066666666666666,-3.6,201712230UTA-OKC,201712230UTA-UTA,OKC-2018,1,2018,-90.24,97.41733333333333,roberan03-2018
grantje01,17.716666666666665,-1.8,201712230UTA-OKC,201712230UTA-UTA,OKC-2018,1,2018,-31.889999999999997,97.41733333333333,grantje01-2018
abrinal01,16.383333333333333,-0.7,201712230UTA-OKC,201712230UTA-UTA,OKC-2018,1,2018,-11.468333333333332,97.41733333333333,abrinal01-2018
huestjo01,15.083333333333334,-3.2,201712230UTA-OKC,201712230UTA-UTA,OKC-2018,1,2018,-48.26666666666667,97.41733333333333,huestjo01-2018
feltora01,11.833333333333334,-0.7,201712230UTA-OKC,201712230UTA-UTA,OKC-2018,1,2018,-8.283333333333333,97.41733333333333,feltora01-2018
pattepa01,11.4,4.1,201712230UTA-OKC,201712230UTA-UTA,OKC-2018,1,2018,46.739999999999995,97.41733333333333,pattepa01-2018
arizatr01,43.06666666666667,0.9,201712250OKC-HOU,201712250OKC-OKC,HOU-2018,0,2018,38.760000000000005,74.74770833333334,arizatr01-2018
hardeja01,38.56666666666667,16.7,201712250OKC-HOU,201712250OKC-OKC,HOU-2018,0,2018,644.0633333333334,74.74770833333334,hardeja01-2018
gordoer01,37.13333333333333,-2.7,201712250OKC-HOU,201712250OKC-OKC,HOU-2018,0,2018,-100.26,74.74770833333334,gordoer01-2018
anderry01,30,-0.5,201712250OKC-HOU,201712250OKC-OKC,HOU-2018,0,2018,-15,74.74770833333334,anderry01-2018
capelca01,29.716666666666665,2.7,201712250OKC-HOU,201712250OKC-OKC,HOU-2018,0,2018,80.235,74.74770833333334,capelca01-2018
tuckepj01,29.216666666666665,-0.5,201712250OKC-HOU,201712250OKC-OKC,HOU-2018,0,2018,-14.608333333333333,74.74770833333334,tuckepj01-2018
weberbr01,17.816666666666666,0.3,201712250OKC-HOU,201712250OKC-OKC,HOU-2018,0,2018,5.345,74.74770833333334,weberbr01-2018
hilarne01,14.483333333333333,-2.8,201712250OKC-HOU,201712250OKC-OKC,HOU-2018,0,2018,-40.55333333333333,74.74770833333334,hilarne01-2018
derozde01,35.8,-6.8,201712270OKC-TOR,201712270OKC-OKC,TOR-2018,0,2018,-243.43999999999997,4.812500000000004,derozde01-2018
lowryky01,30.116666666666667,6,201712270OKC-TOR,201712270OKC-OKC,TOR-2018,0,2018,180.7,4.812500000000004,lowryky01-2018
ibakase01,26.516666666666666,-2.4,201712270OKC-TOR,201712270OKC-OKC,TOR-2018,0,2018,-63.63999999999999,4.812500000000004,ibakase01-2018
milescj01,22.1,6,201712270OKC-TOR,201712270OKC-OKC,TOR-2018,0,2018,132.60000000000002,4.812500000000004,milescj01-2018
poeltja01,21.15,2.3,201712270OKC-TOR,201712270OKC-OKC,TOR-2018,0,2018,48.644999999999996,4.812500000000004,poeltja01-2018
valanjo01,20.366666666666667,2.5,201712270OKC-TOR,201712270OKC-OKC,TOR-2018,0,2018,50.91666666666667,4.812500000000004,valanjo01-2018
anunoog01,19.933333333333334,-2.9,201712270OKC-TOR,201712270OKC-OKC,TOR-2018,0,2018,-57.806666666666665,4.812500000000004,anunoog01-2018
vanvlfr01,18.15,0.3,201712270OKC-TOR,201712270OKC-OKC,TOR-2018,0,2018,5.444999999999999,4.812500000000004,vanvlfr01-2018
siakapa01,16,1.6,201712270OKC-TOR,201712270OKC-OKC,TOR-2018,0,2018,25.6,4.812500000000004,siakapa01-2018
wrighde01,16,0,201712270OKC-TOR,201712270OKC-OKC,TOR-2018,0,2018,0,4.812500000000004,wrighde01-2018
powelno01,9.916666666666666,-3.3,201712270OKC-TOR,201712270OKC-OKC,TOR-2018,0,2018,-32.724999999999994,4.812500000000004,powelno01-2018
noguelu01,3.95,2.9,201712270OKC-TOR,201712270OKC-OKC,TOR-2018,0,2018,11.455,4.812500000000004,noguelu01-2018
antetgi01,39.81666666666667,6.7,201712290OKC-MIL,201712290OKC-OKC,MIL-2018,1,2018,266.7716666666667,49.59796296296297,antetgi01-2018
middlkh01,39.05,2.1,201712290OKC-MIL,201712290OKC-OKC,MIL-2018,1,2018,82.005,49.59796296296297,middlkh01-2018
snellto01,36.38333333333333,3.3,201712290OKC-MIL,201712290OKC-OKC,MIL-2018,1,2018,120.065,49.59796296296297,snellto01-2018
hensojo01,29.316666666666666,5.7,201712290OKC-MIL,201712290OKC-OKC,MIL-2018,1,2018,167.105,49.59796296296297,hensojo01-2018
dellama01,25.15,-3.1,201712290OKC-MIL,201712290OKC-OKC,MIL-2018,1,2018,-77.965,49.59796296296297,dellama01-2018
bledser01,24.45,-7.4,201712290OKC-MIL,201712290OKC-OKC,MIL-2018,1,2018,-180.93,49.59796296296297,bledser01-2018
brogdma01,21.033333333333335,2.7,201712290OKC-MIL,201712290OKC-OKC,MIL-2018,1,2018,56.790000000000006,49.59796296296297,brogdma01-2018
makerth01,14.833333333333334,-0.7,201712290OKC-MIL,201712290OKC-OKC,MIL-2018,1,2018,-10.383333333333333,49.59796296296297,makerth01-2018
terryja01,9.966666666666667,2.3,201712290OKC-MIL,201712290OKC-OKC,MIL-2018,1,2018,22.923333333333332,49.59796296296297,terryja01-2018
matthwe02,35.86666666666667,-3.1,201712310OKC-DAL,201712310OKC-OKC,DAL-2018,1,2018,-111.18666666666667,36.25,matthwe02-2018
barneha02,33.88333333333333,7.8,201712310OKC-DAL,201712310OKC-OKC,DAL-2018,1,2018,264.28999999999996,36.25,barneha02-2018
smithde03,27.516666666666666,3.5,201712310OKC-DAL,201712310OKC-OKC,DAL-2018,1,2018,96.30833333333334,36.25,smithde03-2018
ferreyo01,25.9,0.5,201712310OKC-DAL,201712310OKC-OKC,DAL-2018,1,2018,12.95,36.25,ferreyo01-2018
bareajo01,25.133333333333333,6,201712310OKC-DAL,201712310OKC-OKC,DAL-2018,1,2018,150.8,36.25,bareajo01-2018
nowitdi01,23.483333333333334,-1.5,201712310OKC-DAL,201712310OKC-OKC,DAL-2018,1,2018,-35.225,36.25,nowitdi01-2018
mejrisa01,22.233333333333334,-0.4,201712310OKC-DAL,201712310OKC-OKC,DAL-2018,1,2018,-8.893333333333334,36.25,mejrisa01-2018
harride01,15.933333333333334,-2.5,201712310OKC-DAL,201712310OKC-OKC,DAL-2018,1,2018,-39.833333333333336,36.25,harride01-2018
poweldw01,15.116666666666667,2.4,201712310OKC-DAL,201712310OKC-OKC,DAL-2018,1,2018,36.28,36.25,poweldw01-2018
klebima01,14.95,-0.2,201712310OKC-DAL,201712310OKC-OKC,DAL-2018,1,2018,-2.99,36.25,klebima01-2018
fergute01,32.833333333333336,9.8,201801030LAL-OKC,201801030LAL-LAL,OKC-2018,1,2018,321.7666666666667,57.48628205128205,fergute01-2018
huestjo01,29.75,0.2,201801030LAL-OKC,201801030LAL-LAL,OKC-2018,1,2018,5.95,57.48628205128205,huestjo01-2018
westbru01,27.966666666666665,5,201801030LAL-OKC,201801030LAL-LAL,OKC-2018,1,2018,139.83333333333331,57.48628205128205,westbru01-2018
georgpa01,27.366666666666667,4.8,201801030LAL-OKC,201801030LAL-LAL,OKC-2018,1,2018,131.35999999999999,57.48628205128205,georgpa01-2018
anthoca01,26.933333333333334,2,201801030LAL-OKC,201801030LAL-LAL,OKC-2018,1,2018,53.86666666666667,57.48628205128205,anthoca01-2018
adamsst01,26.183333333333334,2.1,201801030LAL-OKC,201801030LAL-LAL,OKC-2018,1,2018,54.985,57.48628205128205,adamsst01-2018
grantje01,17.9,-0.4,201801030LAL-OKC,201801030LAL-LAL,OKC-2018,1,2018,-7.16,57.48628205128205,grantje01-2018
feltora01,16.016666666666666,1,201801030LAL-OKC,201801030LAL-LAL,OKC-2018,1,2018,16.016666666666666,57.48628205128205,feltora01-2018
pattepa01,14.916666666666666,0,201801030LAL-OKC,201801030LAL-LAL,OKC-2018,1,2018,0,57.48628205128205,pattepa01-2018
collini01,5.033333333333333,-0.5,201801030LAL-OKC,201801030LAL-LAL,OKC-2018,1,2018,-2.5166666666666666,57.48628205128205,collini01-2018
hamilda02,5.033333333333333,5.9,201801030LAL-OKC,201801030LAL-LAL,OKC-2018,1,2018,29.69666666666667,57.48628205128205,hamilda02-2018
johnsda04,5.033333333333333,0.3,201801030LAL-OKC,201801030LAL-LAL,OKC-2018,1,2018,1.51,57.48628205128205,johnsda04-2018
singlky01,5.033333333333333,0.4,201801030LAL-OKC,201801030LAL-LAL,OKC-2018,1,2018,2.013333333333333,57.48628205128205,singlky01-2018
westbru01,38.083333333333336,2.8,201801040LAC-OKC,201801040LAC-LAC,OKC-2018,1,2018,106.63333333333334,63.51888888888889,westbru01-2018
adamsst01,34.6,-0.8,201801040LAC-OKC,201801040LAC-LAC,OKC-2018,1,2018,-27.680000000000003,63.51888888888889,adamsst01-2018
georgpa01,34.55,9.2,201801040LAC-OKC,201801040LAC-LAC,OKC-2018,1,2018,317.85999999999996,63.51888888888889,georgpa01-2018
anthoca01,31.433333333333334,5.7,201801040LAC-OKC,201801040LAC-LAC,OKC-2018,1,2018,179.17000000000002,63.51888888888889,anthoca01-2018
fergute01,31.333333333333332,-2,201801040LAC-OKC,201801040LAC-LAC,OKC-2018,1,2018,-62.666666666666664,63.51888888888889,fergute01-2018
feltora01,20.8,1.4,201801040LAC-OKC,201801040LAC-LAC,OKC-2018,1,2018,29.119999999999997,63.51888888888889,feltora01-2018
grantje01,20.466666666666665,2.8,201801040LAC-OKC,201801040LAC-LAC,OKC-2018,1,2018,57.30666666666666,63.51888888888889,grantje01-2018
huestjo01,14.916666666666666,-0.4,201801040LAC-OKC,201801040LAC-LAC,OKC-2018,1,2018,-5.966666666666667,63.51888888888889,huestjo01-2018
pattepa01,13.816666666666666,-1.6,201801040LAC-OKC,201801040LAC-LAC,OKC-2018,1,2018,-22.10666666666667,63.51888888888889,pattepa01-2018
georgpa01,34.483333333333334,-1.4,201801070PHO-OKC,201801070PHO-PHO,OKC-2018,0,2018,-48.276666666666664,3.4700000000000037,georgpa01-2018
westbru01,33.71666666666667,5.7,201801070PHO-OKC,201801070PHO-PHO,OKC-2018,0,2018,192.18500000000003,3.4700000000000037,westbru01-2018
anthoca01,32.18333333333333,-1.2,201801070PHO-OKC,201801070PHO-PHO,OKC-2018,0,2018,-38.62,3.4700000000000037,anthoca01-2018
adamsst01,32.13333333333333,4.9,201801070PHO-OKC,201801070PHO-PHO,OKC-2018,0,2018,157.45333333333335,3.4700000000000037,adamsst01-2018
huestjo01,26.733333333333334,-3.5,201801070PHO-OKC,201801070PHO-PHO,OKC-2018,0,2018,-93.56666666666666,3.4700000000000037,huestjo01-2018
feltora01,21,-2.6,201801070PHO-OKC,201801070PHO-PHO,OKC-2018,0,2018,-54.6,3.4700000000000037,feltora01-2018
fergute01,18.383333333333333,-3.1,201801070PHO-OKC,201801070PHO-PHO,OKC-2018,0,2018,-56.98833333333334,3.4700000000000037,fergute01-2018
pattepa01,17.15,3.3,201801070PHO-OKC,201801070PHO-PHO,OKC-2018,0,2018,56.59499999999999,3.4700000000000037,pattepa01-2018
grantje01,16.116666666666667,-4.3,201801070PHO-OKC,201801070PHO-PHO,OKC-2018,0,2018,-69.30166666666666,3.4700000000000037,grantje01-2018
abrinal01,2.7,-0.4,201801070PHO-OKC,201801070PHO-PHO,OKC-2018,0,2018,-1.08,3.4700000000000037,abrinal01-2018
johnsda04,2.7,0.5,201801070PHO-OKC,201801070PHO-PHO,OKC-2018,0,2018,1.35,3.4700000000000037,johnsda04-2018
singlky01,2.7,-1.3,201801070PHO-OKC,201801070PHO-PHO,OKC-2018,0,2018,-3.5100000000000002,3.4700000000000037,singlky01-2018
napiesh01,33.96666666666667,2.5,201801090OKC-POR,201801090OKC-OKC,POR-2018,1,2018,84.91666666666667,40.641060606060606,napiesh01-2018
mccolcj01,32.88333333333333,7.6,201801090OKC-POR,201801090OKC-OKC,POR-2018,1,2018,249.91333333333333,40.641060606060606,mccolcj01-2018
aminual01,31,1,201801090OKC-POR,201801090OKC-OKC,POR-2018,1,2018,31,40.641060606060606,aminual01-2018
connapa01,29.783333333333335,-0.5,201801090OKC-POR,201801090OKC-OKC,POR-2018,1,2018,-14.891666666666667,40.641060606060606,connapa01-2018
nurkiju01,23.066666666666666,0,201801090OKC-POR,201801090OKC-OKC,POR-2018,1,2018,0,40.641060606060606,nurkiju01-2018
davised01,22.616666666666667,-1.6,201801090OKC-POR,201801090OKC-OKC,POR-2018,1,2018,-36.18666666666667,40.641060606060606,davised01-2018
colliza01,22.333333333333332,0.5,201801090OKC-POR,201801090OKC-OKC,POR-2018,1,2018,11.166666666666666,40.641060606060606,colliza01-2018
turneev01,21.666666666666668,3.1,201801090OKC-POR,201801090OKC-OKC,POR-2018,1,2018,67.16666666666667,40.641060606060606,turneev01-2018
harklma01,18.05,2.9,201801090OKC-POR,201801090OKC-OKC,POR-2018,1,2018,52.345,40.641060606060606,harklma01-2018
laymaja01,2.3166666666666664,-0.1,201801090OKC-POR,201801090OKC-OKC,POR-2018,1,2018,-0.23166666666666666,40.641060606060606,laymaja01-2018
vonleno01,2.3166666666666664,0.8,201801090OKC-POR,201801090OKC-OKC,POR-2018,1,2018,1.8533333333333333,40.641060606060606,vonleno01-2018
georgpa01,38,-3.2,201801100MIN-OKC,201801100MIN-MIN,OKC-2018,0,2018,-121.60000000000001,18.199999999999996,georgpa01-2018
westbru01,35.416666666666664,20.8,201801100MIN-OKC,201801100MIN-MIN,OKC-2018,0,2018,736.6666666666666,18.199999999999996,westbru01-2018
adamsst01,33.75,-2,201801100MIN-OKC,201801100MIN-MIN,OKC-2018,0,2018,-67.5,18.199999999999996,adamsst01-2018
anthoca01,30.866666666666667,-6.1,201801100MIN-OKC,201801100MIN-MIN,OKC-2018,0,2018,-188.28666666666666,18.199999999999996,anthoca01-2018
fergute01,23.466666666666665,-2.4,201801100MIN-OKC,201801100MIN-MIN,OKC-2018,0,2018,-56.31999999999999,18.199999999999996,fergute01-2018
grantje01,19.416666666666668,-3.5,201801100MIN-OKC,201801100MIN-MIN,OKC-2018,0,2018,-67.95833333333334,18.199999999999996,grantje01-2018
huestjo01,19.416666666666668,-0.1,201801100MIN-OKC,201801100MIN-MIN,OKC-2018,0,2018,-1.9416666666666669,18.199999999999996,huestjo01-2018
feltora01,18.4,-0.7,201801100MIN-OKC,201801100MIN-MIN,OKC-2018,0,2018,-12.879999999999999,18.199999999999996,feltora01-2018
pattepa01,13.183333333333334,-0.2,201801100MIN-OKC,201801100MIN-MIN,OKC-2018,0,2018,-2.6366666666666667,18.199999999999996,pattepa01-2018
abrinal01,4.283333333333333,0.2,201801100MIN-OKC,201801100MIN-MIN,OKC-2018,0,2018,0.8566666666666667,18.199999999999996,abrinal01-2018
johnsda04,1.9,-0.6,201801100MIN-OKC,201801100MIN-MIN,OKC-2018,0,2018,-1.14,18.199999999999996,johnsda04-2018
singlky01,1.9,0.6,201801100MIN-OKC,201801100MIN-MIN,OKC-2018,0,2018,1.14,18.199999999999996,singlky01-2018
howardw01,34.03333333333333,3.1,201801130CHO-CHO,201801130CHO-OKC,CHH-2018,0,2018,105.50333333333333,11.224166666666669,howardw01-2018
walkeke02,33.85,-3,201801130CHO-CHO,201801130CHO-OKC,CHH-2018,0,2018,-101.55000000000001,11.224166666666669,walkeke02-2018
batumni01,33.61666666666667,-2.3,201801130CHO-CHO,201801130CHO-OKC,CHH-2018,0,2018,-77.31833333333333,11.224166666666669,batumni01-2018
kiddgmi01,29.833333333333332,-4,201801130CHO-CHO,201801130CHO-OKC,CHH-2018,0,2018,-119.33333333333333,11.224166666666669,kiddgmi01-2018
willima02,27.6,11.1,201801130CHO-CHO,201801130CHO-OKC,CHH-2018,0,2018,306.36,11.224166666666669,willima02-2018
kaminfr01,18.533333333333335,-1.6,201801130CHO-CHO,201801130CHO-OKC,CHH-2018,0,2018,-29.653333333333336,11.224166666666669,kaminfr01-2018
lambje01,18.166666666666668,-0.7,201801130CHO-CHO,201801130CHO-OKC,CHH-2018,0,2018,-12.716666666666667,11.224166666666669,lambje01-2018
grahatr01,17.583333333333332,-2.4,201801130CHO-CHO,201801130CHO-OKC,CHH-2018,0,2018,-42.199999999999996,11.224166666666669,grahatr01-2018
cartemi01,15.183333333333334,5.4,201801130CHO-CHO,201801130CHO-OKC,CHH-2018,0,2018,81.99000000000001,11.224166666666669,cartemi01-2018
monkma01,11.6,0.1,201801130CHO-CHO,201801130CHO-OKC,CHH-2018,0,2018,1.16,11.224166666666669,monkma01-2018
caulewi01,39.85,-0.6,201801150OKC-SAC,201801150OKC-OKC,SAC-2018,0,2018,-23.91,9.6065,caulewi01-2018
bogdabo01,30.366666666666667,2.4,201801150OKC-SAC,201801150OKC-OKC,SAC-2018,0,2018,72.88,9.6065,bogdabo01-2018
hieldbu01,27.9,3.1,201801150OKC-SAC,201801150OKC-OKC,SAC-2018,0,2018,86.49,9.6065,hieldbu01-2018
labissk01,27.666666666666668,-3.7,201801150OKC-SAC,201801150OKC-OKC,SAC-2018,0,2018,-102.36666666666667,9.6065,labissk01-2018
foxde01,27.116666666666667,0.2,201801150OKC-SAC,201801150OKC-OKC,SAC-2018,0,2018,5.423333333333334,9.6065,foxde01-2018
jacksju01,24.433333333333334,2.2,201801150OKC-SAC,201801150OKC-OKC,SAC-2018,0,2018,53.75333333333334,9.6065,jacksju01-2018
hillge01,24.283333333333335,1.6,201801150OKC-SAC,201801150OKC-OKC,SAC-2018,0,2018,38.85333333333334,9.6065,hillge01-2018
koufoko01,19.2,-4.6,201801150OKC-SAC,201801150OKC-OKC,SAC-2018,0,2018,-88.32,9.6065,koufoko01-2018
templga01,17.8,3,201801150OKC-SAC,201801150OKC-OKC,SAC-2018,0,2018,53.400000000000006,9.6065,templga01-2018
papagge01,1.3833333333333333,-0.1,201801150OKC-SAC,201801150OKC-OKC,SAC-2018,0,2018,-0.13833333333333334,9.6065,papagge01-2018
hartjo01,26.45,3,201801170OKC-LAL,201801170OKC-OKC,LAL-2018,0,2018,79.35,-6.936923076923077,hartjo01-2018
ingrabr01,25.516666666666666,-3.5,201801170OKC-LAL,201801170OKC-OKC,LAL-2018,0,2018,-89.30833333333334,-6.936923076923077,ingrabr01-2018
randlju01,23.433333333333334,1.6,201801170OKC-LAL,201801170OKC-OKC,LAL-2018,0,2018,37.49333333333333,-6.936923076923077,randlju01-2018
nancela02,23.183333333333334,-0.1,201801170OKC-LAL,201801170OKC-OKC,LAL-2018,0,2018,-2.3183333333333334,-6.936923076923077,nancela02-2018
kuzmaky01,22.733333333333334,-3.5,201801170OKC-LAL,201801170OKC-OKC,LAL-2018,0,2018,-79.56666666666666,-6.936923076923077,kuzmaky01-2018
clarkjo01,21.233333333333334,-2.3,201801170OKC-LAL,201801170OKC-OKC,LAL-2018,0,2018,-48.836666666666666,-6.936923076923077,clarkjo01-2018
ennisty01,20.15,0.5,201801170OKC-LAL,201801170OKC-OKC,LAL-2018,0,2018,10.075,-6.936923076923077,ennisty01-2018
lopezbr01,17.016666666666666,-4.1,201801170OKC-LAL,201801170OKC-OKC,LAL-2018,0,2018,-69.76833333333332,-6.936923076923077,lopezbr01-2018
carusal01,16.633333333333333,-0.2,201801170OKC-LAL,201801170OKC-OKC,LAL-2018,0,2018,-3.3266666666666667,-6.936923076923077,carusal01-2018
caldwke01,15.2,7.1,201801170OKC-LAL,201801170OKC-OKC,LAL-2018,0,2018,107.91999999999999,-6.936923076923077,caldwke01-2018
breweco01,12.366666666666667,0.1,201801170OKC-LAL,201801170OKC-OKC,LAL-2018,0,2018,1.2366666666666668,-6.936923076923077,breweco01-2018
zubaciv01,9.633333333333333,-2.1,201801170OKC-LAL,201801170OKC-OKC,LAL-2018,0,2018,-20.23,-6.936923076923077,zubaciv01-2018
paytoga02,6.45,-2,201801170OKC-LAL,201801170OKC-OKC,LAL-2018,0,2018,-12.9,-6.936923076923077,paytoga02-2018
westbru01,34.61666666666667,9,201801200CLE-OKC,201801200CLE-CLE,OKC-2018,1,2018,311.55,62.91180555555556,westbru01-2018
georgpa01,32.083333333333336,7.1,201801200CLE-OKC,201801200CLE-CLE,OKC-2018,1,2018,227.79166666666669,62.91180555555556,georgpa01-2018
roberan03,29.95,-1.7,201801200CLE-OKC,201801200CLE-CLE,OKC-2018,1,2018,-50.915,62.91180555555556,roberan03-2018
adamsst01,29.2,4.6,201801200CLE-OKC,201801200CLE-CLE,OKC-2018,1,2018,134.32,62.91180555555556,adamsst01-2018
anthoca01,28.2,6.9,201801200CLE-OKC,201801200CLE-CLE,OKC-2018,1,2018,194.58,62.91180555555556,anthoca01-2018
grantje01,22.233333333333334,-4.3,201801200CLE-OKC,201801200CLE-CLE,OKC-2018,1,2018,-95.60333333333334,62.91180555555556,grantje01-2018
pattepa01,19.433333333333334,1.3,201801200CLE-OKC,201801200CLE-CLE,OKC-2018,1,2018,25.263333333333335,62.91180555555556,pattepa01-2018
feltora01,16.783333333333335,1.8,201801200CLE-OKC,201801200CLE-CLE,OKC-2018,1,2018,30.210000000000004,62.91180555555556,feltora01-2018
huestjo01,13.016666666666667,-3.8,201801200CLE-OKC,201801200CLE-CLE,OKC-2018,1,2018,-49.46333333333333,62.91180555555556,huestjo01-2018
fergute01,11.15,2.5,201801200CLE-OKC,201801200CLE-CLE,OKC-2018,1,2018,27.875,62.91180555555556,fergute01-2018
abrinal01,1.6666666666666665,-0.2,201801200CLE-OKC,201801200CLE-CLE,OKC-2018,1,2018,-0.3333333333333333,62.91180555555556,abrinal01-2018
johnsda04,1.6666666666666665,-0.2,201801200CLE-OKC,201801200CLE-CLE,OKC-2018,1,2018,-0.3333333333333333,62.91180555555556,johnsda04-2018
crabbal01,31.633333333333333,-2.5,201801230OKC-BRK,201801230OKC-OKC,BRK-2018,0,2018,-79.08333333333333,15.514696969696967,crabbal01-2018
carrode01,29,-2.1,201801230OKC-BRK,201801230OKC-OKC,BRK-2018,0,2018,-60.900000000000006,15.514696969696967,carrode01-2018
dinwisp01,28.7,0.1,201801230OKC-BRK,201801230OKC-OKC,BRK-2018,0,2018,2.87,15.514696969696967,dinwisp01-2018
holliro01,27.383333333333333,-0.1,201801230OKC-BRK,201801230OKC-OKC,BRK-2018,0,2018,-2.7383333333333333,15.514696969696967,holliro01-2018
harrijo01,23.266666666666666,8.1,201801230OKC-BRK,201801230OKC-OKC,BRK-2018,0,2018,188.45999999999998,15.514696969696967,harrijo01-2018
allenja01,23.25,4,201801230OKC-BRK,201801230OKC-OKC,BRK-2018,0,2018,93,15.514696969696967,allenja01-2018
leverca01,19.3,-0.1,201801230OKC-BRK,201801230OKC-OKC,BRK-2018,0,2018,-1.9300000000000002,15.514696969696967,leverca01-2018
acyqu01,17.983333333333334,0.3,201801230OKC-BRK,201801230OKC-OKC,BRK-2018,0,2018,5.3950000000000005,15.514696969696967,acyqu01-2018
zellety01,15.016666666666667,1.1,201801230OKC-BRK,201801230OKC-OKC,BRK-2018,0,2018,16.518333333333334,15.514696969696967,zellety01-2018
russeda01,14.783333333333333,-0.5,201801230OKC-BRK,201801230OKC-OKC,BRK-2018,0,2018,-7.391666666666667,15.514696969696967,russeda01-2018
okafoja01,9.683333333333334,1.7,201801230OKC-BRK,201801230OKC-OKC,BRK-2018,0,2018,16.461666666666666,15.514696969696967,okafoja01-2018
bealbr01,45.5,13,201801250OKC-WAS,201801250OKC-OKC,WAS-2018,0,2018,591.5,76.494,bealbr01-2018
morrima02,37.68333333333333,2.7,201801250OKC-WAS,201801250OKC-OKC,WAS-2018,0,2018,101.745,76.494,morrima02-2018
porteot01,36.88333333333333,1.8,201801250OKC-WAS,201801250OKC-OKC,WAS-2018,0,2018,66.39,76.494,porteot01-2018
walljo01,35.266666666666666,7.3,201801250OKC-WAS,201801250OKC-OKC,WAS-2018,0,2018,257.44666666666666,76.494,walljo01-2018
oubreke01,24.933333333333334,-2,201801250OKC-WAS,201801250OKC-OKC,WAS-2018,0,2018,-49.86666666666667,76.494,oubreke01-2018
gortama01,20.733333333333334,-4.4,201801250OKC-WAS,201801250OKC-OKC,WAS-2018,0,2018,-91.22666666666667,76.494,gortama01-2018
scottmi01,13.216666666666667,-5.8,201801250OKC-WAS,201801250OKC-OKC,WAS-2018,0,2018,-76.65666666666667,76.494,scottmi01-2018
satorto01,12.733333333333333,-3.2,201801250OKC-WAS,201801250OKC-OKC,WAS-2018,0,2018,-40.74666666666667,76.494,satorto01-2018
mahinia01,10.55,1.1,201801250OKC-WAS,201801250OKC-OKC,WAS-2018,0,2018,11.605000000000002,76.494,mahinia01-2018
smithja02,2.5,-2.1,201801250OKC-WAS,201801250OKC-OKC,WAS-2018,0,2018,-5.25,76.494,smithja02-2018
westbru01,36.4,12.1,201801270DET-OKC,201801270DET-DET,OKC-2018,1,2018,440.44,70.19393939393939,westbru01-2018
georgpa01,36.166666666666664,9.9,201801270DET-OKC,201801270DET-DET,OKC-2018,1,2018,358.05,70.19393939393939,georgpa01-2018
anthoca01,34.9,-3.2,201801270DET-OKC,201801270DET-DET,OKC-2018,1,2018,-111.68,70.19393939393939,anthoca01-2018
adamsst01,31.8,2.2,201801270DET-OKC,201801270DET-DET,OKC-2018,1,2018,69.96000000000001,70.19393939393939,adamsst01-2018
fergute01,23.366666666666667,-1.7,201801270DET-OKC,201801270DET-DET,OKC-2018,1,2018,-39.723333333333336,70.19393939393939,fergute01-2018
roberan03,22.083333333333332,3.1,201801270DET-OKC,201801270DET-DET,OKC-2018,1,2018,68.45833333333333,70.19393939393939,roberan03-2018
pattepa01,16.833333333333332,0.7,201801270DET-OKC,201801270DET-DET,OKC-2018,1,2018,11.783333333333331,70.19393939393939,pattepa01-2018
feltora01,13.533333333333333,0.4,201801270DET-OKC,201801270DET-DET,OKC-2018,1,2018,5.413333333333334,70.19393939393939,feltora01-2018
grantje01,12.466666666666667,-1.2,201801270DET-OKC,201801270DET-DET,OKC-2018,1,2018,-14.959999999999999,70.19393939393939,grantje01-2018
huestjo01,6.266666666666667,-1.8,201801270DET-OKC,201801270DET-DET,OKC-2018,1,2018,-11.28,70.19393939393939,huestjo01-2018
abrinal01,6.183333333333334,-0.7,201801270DET-OKC,201801270DET-DET,OKC-2018,1,2018,-4.328333333333333,70.19393939393939,abrinal01-2018
simmobe01,39.28333333333333,6.9,201801280OKC-PHI,201801280OKC-OKC,PHI-2018,0,2018,271.055,16.041363636363638,simmobe01-2018
covinro01,36.233333333333334,-4.8,201801280OKC-PHI,201801280OKC-OKC,PHI-2018,0,2018,-173.92,16.041363636363638,covinro01-2018
embiijo01,35.53333333333333,3.5,201801280OKC-PHI,201801280OKC-OKC,PHI-2018,0,2018,124.36666666666666,16.041363636363638,embiijo01-2018
luwawti01,32.666666666666664,-4.6,201801280OKC-PHI,201801280OKC-OKC,PHI-2018,0,2018,-150.26666666666665,16.041363636363638,luwawti01-2018
saricda01,21.233333333333334,3,201801280OKC-PHI,201801280OKC-OKC,PHI-2018,0,2018,63.7,16.041363636363638,saricda01-2018
anderju01,20.7,2.3,201801280OKC-PHI,201801280OKC-OKC,PHI-2018,0,2018,47.60999999999999,16.041363636363638,anderju01-2018
booketr01,17.4,-0.5,201801280OKC-PHI,201801280OKC-OKC,PHI-2018,0,2018,-8.7,16.041363636363638,booketr01-2018
mccontj01,16.116666666666667,2.2,201801280OKC-PHI,201801280OKC-OKC,PHI-2018,0,2018,35.45666666666667,16.041363636363638,mccontj01-2018
johnsam01,11.716666666666667,-5.1,201801280OKC-PHI,201801280OKC-OKC,PHI-2018,0,2018,-59.754999999999995,16.041363636363638,johnsam01-2018
holmeri01,6.216666666666667,4,201801280OKC-PHI,201801280OKC-OKC,PHI-2018,0,2018,24.866666666666667,16.041363636363638,holmeri01-2018
youngja01,2.9166666666666665,0.7,201801280OKC-PHI,201801280OKC-OKC,PHI-2018,0,2018,2.0416666666666665,16.041363636363638,youngja01-2018
adamsst01,38.85,0.9,201801300WAS-OKC,201801300WAS-WAS,OKC-2018,0,2018,34.965,32.410000000000004,adamsst01-2018
westbru01,36.38333333333333,0,201801300WAS-OKC,201801300WAS-WAS,OKC-2018,0,2018,0,32.410000000000004,westbru01-2018
georgpa01,36.333333333333336,8,201801300WAS-OKC,201801300WAS-WAS,OKC-2018,0,2018,290.6666666666667,32.410000000000004,georgpa01-2018
anthoca01,33.916666666666664,-0.2,201801300WAS-OKC,201801300WAS-WAS,OKC-2018,0,2018,-6.783333333333333,32.410000000000004,anthoca01-2018
huestjo01,20.916666666666668,1.5,201801300WAS-OKC,201801300WAS-WAS,OKC-2018,0,2018,31.375,32.410000000000004,huestjo01-2018
fergute01,18.683333333333334,-1.7,201801300WAS-OKC,201801300WAS-WAS,OKC-2018,0,2018,-31.761666666666667,32.410000000000004,fergute01-2018
grantje01,17.033333333333335,1.4,201801300WAS-OKC,201801300WAS-WAS,OKC-2018,0,2018,23.846666666666668,32.410000000000004,grantje01-2018
feltora01,13.55,-1.3,201801300WAS-OKC,201801300WAS-WAS,OKC-2018,0,2018,-17.615000000000002,32.410000000000004,feltora01-2018
abrinal01,12.533333333333333,0.8,201801300WAS-OKC,201801300WAS-WAS,OKC-2018,0,2018,10.026666666666667,32.410000000000004,abrinal01-2018
pattepa01,11.8,-0.9,201801300WAS-OKC,201801300WAS-WAS,OKC-2018,0,2018,-10.620000000000001,32.410000000000004,pattepa01-2018
westbru01,39.266666666666666,8.4,201802010DEN-OKC,201802010DEN-DEN,OKC-2018,0,2018,329.84000000000003,60.19333333333334,westbru01-2018
georgpa01,36.21666666666667,16.3,201802010DEN-OKC,201802010DEN-DEN,OKC-2018,0,2018,590.3316666666667,60.19333333333334,georgpa01-2018
anthoca01,33.55,-5.9,201802010DEN-OKC,201802010DEN-DEN,OKC-2018,0,2018,-197.945,60.19333333333334,anthoca01-2018
adamsst01,31.933333333333334,-4.7,201802010DEN-OKC,201802010DEN-DEN,OKC-2018,0,2018,-150.08666666666667,60.19333333333334,adamsst01-2018
abrinal01,28.683333333333334,1.7,201802010DEN-OKC,201802010DEN-DEN,OKC-2018,0,2018,48.76166666666666,60.19333333333334,abrinal01-2018
grantje01,24.6,2.7,201802010DEN-OKC,201802010DEN-DEN,OKC-2018,0,2018,66.42,60.19333333333334,grantje01-2018
pattepa01,15.266666666666667,0.1,201802010DEN-OKC,201802010DEN-DEN,OKC-2018,0,2018,1.5266666666666668,60.19333333333334,pattepa01-2018
feltora01,14.116666666666667,-2.1,201802010DEN-OKC,201802010DEN-DEN,OKC-2018,0,2018,-29.645000000000003,60.19333333333334,feltora01-2018
huestjo01,12.166666666666666,-4.5,201802010DEN-OKC,201802010DEN-DEN,OKC-2018,0,2018,-54.75,60.19333333333334,huestjo01-2018
fergute01,4.2,-0.6,201802010DEN-OKC,201802010DEN-DEN,OKC-2018,0,2018,-2.52,60.19333333333334,fergute01-2018
davisan02,37.733333333333334,3.5,201802020OKC-NOP,201802020OKC-OKC,NOP-2018,1,2018,132.06666666666666,68.38111111111111,davisan02-2018
holidjr01,36.13333333333333,1.8,201802020OKC-NOP,201802020OKC-OKC,NOP-2018,1,2018,65.04,68.38111111111111,holidjr01-2018
cunnida01,35.36666666666667,1.3,201802020OKC-NOP,201802020OKC-OKC,NOP-2018,1,2018,45.97666666666667,68.38111111111111,cunnida01-2018
rondora01,34.15,2.9,201802020OKC-NOP,201802020OKC-OKC,NOP-2018,1,2018,99.035,68.38111111111111,rondora01-2018
mooreet01,32.05,5,201802020OKC-NOP,201802020OKC-OKC,NOP-2018,1,2018,160.25,68.38111111111111,mooreet01-2018
milleda01,25.716666666666665,4.4,201802020OKC-NOP,201802020OKC-OKC,NOP-2018,1,2018,113.15333333333334,68.38111111111111,milleda01-2018
clarkia01,19.066666666666666,-2.1,201802020OKC-NOP,201802020OKC-OKC,NOP-2018,1,2018,-40.04,68.38111111111111,clarkia01-2018
diallch01,15.816666666666666,2.3,201802020OKC-NOP,201802020OKC-OKC,NOP-2018,1,2018,36.37833333333333,68.38111111111111,diallch01-2018
jamesmi02,3.966666666666667,0.9,201802020OKC-NOP,201802020OKC-OKC,NOP-2018,1,2018,3.5700000000000003,68.38111111111111,jamesmi02-2018
hartjo01,39.18333333333333,7.3,201802040OKC-LAL,201802040OKC-OKC,LAL-2018,1,2018,286.0383333333333,58.41133333333333,hartjo01-2018
ingrabr01,35.68333333333333,1.6,201802040OKC-LAL,201802040OKC-OKC,LAL-2018,1,2018,57.093333333333334,58.41133333333333,ingrabr01-2018
lopezbr01,34.61666666666667,3.7,201802040OKC-LAL,201802040OKC-OKC,LAL-2018,1,2018,128.08166666666668,58.41133333333333,lopezbr01-2018
randlju01,33.266666666666666,0.4,201802040OKC-LAL,201802040OKC-OKC,LAL-2018,1,2018,13.306666666666667,58.41133333333333,randlju01-2018
caldwke01,29.1,1.8,201802040OKC-LAL,201802040OKC-OKC,LAL-2018,1,2018,52.38,58.41133333333333,caldwke01-2018
clarkjo01,23.25,5,201802040OKC-LAL,201802040OKC-OKC,LAL-2018,1,2018,116.25,58.41133333333333,clarkjo01-2018
kuzmaky01,15.9,-1.8,201802040OKC-LAL,201802040OKC-OKC,LAL-2018,1,2018,-28.62,58.41133333333333,kuzmaky01-2018
nancela02,11.933333333333334,-2.4,201802040OKC-LAL,201802040OKC-OKC,LAL-2018,1,2018,-28.64,58.41133333333333,nancela02-2018
carusal01,8.816666666666666,-0.4,201802040OKC-LAL,201802040OKC-OKC,LAL-2018,1,2018,-3.526666666666667,58.41133333333333,carusal01-2018
breweco01,8.25,-1,201802040OKC-LAL,201802040OKC-OKC,LAL-2018,1,2018,-8.25,58.41133333333333,breweco01-2018
georgpa01,36.13333333333333,15.6,201802060GSW-OKC,201802060GSW-GSW,OKC-2018,1,2018,563.68,90.26444444444445,georgpa01-2018
westbru01,36.083333333333336,7.3,201802060GSW-OKC,201802060GSW-GSW,OKC-2018,1,2018,263.40833333333336,90.26444444444445,westbru01-2018
grantje01,35.46666666666667,3.8,201802060GSW-OKC,201802060GSW-GSW,OKC-2018,1,2018,134.77333333333334,90.26444444444445,grantje01-2018
pattepa01,29.8,0,201802060GSW-OKC,201802060GSW-GSW,OKC-2018,1,2018,0,90.26444444444445,pattepa01-2018
adamsst01,26.016666666666666,3.5,201802060GSW-OKC,201802060GSW-GSW,OKC-2018,1,2018,91.05833333333334,90.26444444444445,adamsst01-2018
huestjo01,24.5,0.7,201802060GSW-OKC,201802060GSW-GSW,OKC-2018,1,2018,17.15,90.26444444444445,huestjo01-2018
abrinal01,24.3,2.5,201802060GSW-OKC,201802060GSW-GSW,OKC-2018,1,2018,60.75,90.26444444444445,abrinal01-2018
feltora01,14.033333333333333,-2,201802060GSW-OKC,201802060GSW-GSW,OKC-2018,1,2018,-28.066666666666666,90.26444444444445,feltora01-2018
anthoca01,6.016666666666667,-3,201802060GSW-OKC,201802060GSW-GSW,OKC-2018,1,2018,-18.05,90.26444444444445,anthoca01-2018
fergute01,2.55,-0.1,201802060GSW-OKC,201802060GSW-GSW,OKC-2018,1,2018,-0.255,90.26444444444445,fergute01-2018
johnsda04,2.55,-0.1,201802060GSW-OKC,201802060GSW-GSW,OKC-2018,1,2018,-0.255,90.26444444444445,johnsda04-2018
singlky01,2.55,-0.4,201802060GSW-OKC,201802060GSW-GSW,OKC-2018,1,2018,-1.02,90.26444444444445,singlky01-2018
georgpa01,34.1,8.2,201802080LAL-OKC,201802080LAL-LAL,OKC-2018,0,2018,279.62,-3.796923076923077,georgpa01-2018
adamsst01,33.13333333333333,-0.2,201802080LAL-OKC,201802080LAL-LAL,OKC-2018,0,2018,-6.626666666666667,-3.796923076923077,adamsst01-2018
feltora01,31.4,-0.3,201802080LAL-OKC,201802080LAL-LAL,OKC-2018,0,2018,-9.42,-3.796923076923077,feltora01-2018
pattepa01,25.916666666666668,-4.3,201802080LAL-OKC,201802080LAL-LAL,OKC-2018,0,2018,-111.44166666666666,-3.796923076923077,pattepa01-2018
abrinal01,24.3,-1,201802080LAL-OKC,201802080LAL-LAL,OKC-2018,0,2018,-24.3,-3.796923076923077,abrinal01-2018
grantje01,22.966666666666665,-0.9,201802080LAL-OKC,201802080LAL-LAL,OKC-2018,0,2018,-20.669999999999998,-3.796923076923077,grantje01-2018
huestjo01,16.866666666666667,-4.4,201802080LAL-OKC,201802080LAL-LAL,OKC-2018,0,2018,-74.21333333333334,-3.796923076923077,huestjo01-2018
hamilda02,15.716666666666667,-0.9,201802080LAL-OKC,201802080LAL-LAL,OKC-2018,0,2018,-14.145,-3.796923076923077,hamilda02-2018
fergute01,12.883333333333333,-4.7,201802080LAL-OKC,201802080LAL-LAL,OKC-2018,0,2018,-60.55166666666667,-3.796923076923077,fergute01-2018
collini01,7.883333333333333,-1.3,201802080LAL-OKC,201802080LAL-LAL,OKC-2018,0,2018,-10.248333333333333,-3.796923076923077,collini01-2018
johnsda04,6.983333333333333,-0.4,201802080LAL-OKC,201802080LAL-LAL,OKC-2018,0,2018,-2.7933333333333334,-3.796923076923077,johnsda04-2018
singlky01,5.65,1,201802080LAL-OKC,201802080LAL-LAL,OKC-2018,0,2018,5.65,-3.796923076923077,singlky01-2018
doziepj01,2.2,-0.1,201802080LAL-OKC,201802080LAL-LAL,OKC-2018,0,2018,-0.22000000000000003,-3.796923076923077,doziepj01-2018
gasolma01,33.21666666666667,2.9,201802110OKC-MEM,201802110OKC-OKC,MEM-2018,0,2018,96.32833333333333,-11.564333333333334,gasolma01-2018
greenja01,30.5,4.7,201802110OKC-MEM,201802110OKC-OKC,MEM-2018,0,2018,143.35,-11.564333333333334,greenja01-2018
chalmma01,29.933333333333334,-4.6,201802110OKC-MEM,201802110OKC-OKC,MEM-2018,0,2018,-137.69333333333333,-11.564333333333334,chalmma01-2018
mclembe01,28.1,0.2,201802110OKC-MEM,201802110OKC-OKC,MEM-2018,0,2018,5.620000000000001,-11.564333333333334,mclembe01-2018
evansty01,26.233333333333334,-4,201802110OKC-MEM,201802110OKC-OKC,MEM-2018,0,2018,-104.93333333333334,-11.564333333333334,evansty01-2018
martija01,24.683333333333334,-0.6,201802110OKC-MEM,201802110OKC-OKC,MEM-2018,0,2018,-14.809999999999999,-11.564333333333334,martija01-2018
brookdi01,23.6,-5.3,201802110OKC-MEM,201802110OKC-OKC,MEM-2018,0,2018,-125.08,-11.564333333333334,brookdi01-2018
rabbiv01,17.616666666666667,-0.4,201802110OKC-MEM,201802110OKC-OKC,MEM-2018,0,2018,-7.046666666666667,-11.564333333333334,rabbiv01-2018
henrymy01,14.85,3.9,201802110OKC-MEM,201802110OKC-OKC,MEM-2018,0,2018,57.915,-11.564333333333334,henrymy01-2018
harrian01,11.266666666666667,-2.6,201802110OKC-MEM,201802110OKC-OKC,MEM-2018,0,2018,-29.293333333333337,-11.564333333333334,harrian01-2018
jamesle01,39.733333333333334,9.1,201802130OKC-CLE,201802130OKC-OKC,CLE-2018,1,2018,361.5733333333333,68.619,jamesle01-2018
smithjr01,30.933333333333334,9.2,201802130OKC-CLE,201802130OKC-OKC,CLE-2018,1,2018,284.58666666666664,68.619,smithjr01-2018
greenje02,26.583333333333332,-2.2,201802130OKC-CLE,201802130OKC-OKC,CLE-2018,1,2018,-58.483333333333334,68.619,greenje02-2018
nancela02,24.866666666666667,2.5,201802130OKC-CLE,201802130OKC-OKC,CLE-2018,1,2018,62.16666666666667,68.619,nancela02-2018
hoodro01,24.433333333333334,3.2,201802130OKC-CLE,201802130OKC-OKC,CLE-2018,1,2018,78.18666666666667,68.619,hoodro01-2018
hillge01,23.7,1.1,201802130OKC-CLE,201802130OKC-OKC,CLE-2018,1,2018,26.07,68.619,hillge01-2018
clarkjo01,23.533333333333335,1.8,201802130OKC-CLE,201802130OKC-OKC,CLE-2018,1,2018,42.36000000000001,68.619,clarkjo01-2018
thomptr01,23.133333333333333,-2.5,201802130OKC-CLE,201802130OKC-OKC,CLE-2018,1,2018,-57.83333333333333,68.619,thomptr01-2018
osmande01,14.816666666666666,-2.2,201802130OKC-CLE,201802130OKC-OKC,CLE-2018,1,2018,-32.59666666666667,68.619,osmande01-2018
korveky01,8.266666666666667,-2.4,201802130OKC-CLE,201802130OKC-OKC,CLE-2018,1,2018,-19.84,68.619,korveky01-2018
georgpa01,37.81666666666667,11.1,201802140MEM-OKC,201802140MEM-MEM,OKC-2018,1,2018,419.76500000000004,49.4309090909091,georgpa01-2018
westbru01,37.03333333333333,9.1,201802140MEM-OKC,201802140MEM-MEM,OKC-2018,1,2018,337.00333333333333,49.4309090909091,westbru01-2018
anthoca01,33.4,-3.4,201802140MEM-OKC,201802140MEM-MEM,OKC-2018,1,2018,-113.55999999999999,49.4309090909091,anthoca01-2018
adamsst01,31,-6.5,201802140MEM-OKC,201802140MEM-MEM,OKC-2018,1,2018,-201.5,49.4309090909091,adamsst01-2018
feltora01,23.083333333333332,5,201802140MEM-OKC,201802140MEM-MEM,OKC-2018,1,2018,115.41666666666666,49.4309090909091,feltora01-2018
pattepa01,21.333333333333332,2.4,201802140MEM-OKC,201802140MEM-MEM,OKC-2018,1,2018,51.199999999999996,49.4309090909091,pattepa01-2018
grantje01,21.016666666666666,-1.2,201802140MEM-OKC,201802140MEM-MEM,OKC-2018,1,2018,-25.22,49.4309090909091,grantje01-2018
abrinal01,11.916666666666666,-3.5,201802140MEM-OKC,201802140MEM-MEM,OKC-2018,1,2018,-41.70833333333333,49.4309090909091,abrinal01-2018
fergute01,10.083333333333334,3.8,201802140MEM-OKC,201802140MEM-MEM,OKC-2018,1,2018,38.31666666666667,49.4309090909091,fergute01-2018
huestjo01,9.833333333333334,-3.8,201802140MEM-OKC,201802140MEM-MEM,OKC-2018,1,2018,-37.36666666666667,49.4309090909091,huestjo01-2018
johnsda04,3.4833333333333334,0.4,201802140MEM-OKC,201802140MEM-MEM,OKC-2018,1,2018,1.3933333333333335,49.4309090909091,johnsda04-2018
adamsst01,39.25,6,201802220SAC-OKC,201802220SAC-SAC,OKC-2018,1,2018,235.5,48.900666666666666,adamsst01-2018
westbru01,38.36666666666667,-2.2,201802220SAC-OKC,201802220SAC-SAC,OKC-2018,1,2018,-84.40666666666668,48.900666666666666,westbru01-2018
georgpa01,37.03333333333333,9.3,201802220SAC-OKC,201802220SAC-SAC,OKC-2018,1,2018,344.41,48.900666666666666,georgpa01-2018
anthoca01,34.45,2.9,201802220SAC-OKC,201802220SAC-SAC,OKC-2018,1,2018,99.905,48.900666666666666,anthoca01-2018
grantje01,25.266666666666666,-1.3,201802220SAC-OKC,201802220SAC-SAC,OKC-2018,1,2018,-32.846666666666664,48.900666666666666,grantje01-2018
feltora01,17.433333333333334,-2.4,201802220SAC-OKC,201802220SAC-SAC,OKC-2018,1,2018,-41.839999999999996,48.900666666666666,feltora01-2018
huestjo01,14.5,-2.5,201802220SAC-OKC,201802220SAC-SAC,OKC-2018,1,2018,-36.25,48.900666666666666,huestjo01-2018
pattepa01,13.55,-1.5,201802220SAC-OKC,201802220SAC-SAC,OKC-2018,1,2018,-20.325000000000003,48.900666666666666,pattepa01-2018
fergute01,13.45,1.4,201802220SAC-OKC,201802220SAC-SAC,OKC-2018,1,2018,18.83,48.900666666666666,fergute01-2018
abrinal01,6.7,0.9,201802220SAC-OKC,201802220SAC-SAC,OKC-2018,1,2018,6.03,48.900666666666666,abrinal01-2018
adamsst01,33.766666666666666,6.9,201802240GSW-OKC,201802240GSW-GSW,OKC-2018,0,2018,232.99,-6.505138888888886,adamsst01-2018
georgpa01,32.516666666666666,-5.6,201802240GSW-OKC,201802240GSW-GSW,OKC-2018,0,2018,-182.0933333333333,-6.505138888888886,georgpa01-2018
westbru01,31.5,3.1,201802240GSW-OKC,201802240GSW-GSW,OKC-2018,0,2018,97.65,-6.505138888888886,westbru01-2018
anthoca01,30.366666666666667,-2.5,201802240GSW-OKC,201802240GSW-GSW,OKC-2018,0,2018,-75.91666666666667,-6.505138888888886,anthoca01-2018
pattepa01,21.716666666666665,-2.4,201802240GSW-OKC,201802240GSW-GSW,OKC-2018,0,2018,-52.12,-6.505138888888886,pattepa01-2018
grantje01,20.933333333333334,-2.4,201802240GSW-OKC,201802240GSW-GSW,OKC-2018,0,2018,-50.24,-6.505138888888886,grantje01-2018
abrinal01,20.316666666666666,-3,201802240GSW-OKC,201802240GSW-GSW,OKC-2018,0,2018,-60.95,-6.505138888888886,abrinal01-2018
huestjo01,19.883333333333333,-0.5,201802240GSW-OKC,201802240GSW-GSW,OKC-2018,0,2018,-9.941666666666666,-6.505138888888886,huestjo01-2018
feltora01,13.016666666666667,1.7,201802240GSW-OKC,201802240GSW-GSW,OKC-2018,0,2018,22.128333333333334,-6.505138888888886,feltora01-2018
collini01,6.183333333333334,-0.3,201802240GSW-OKC,201802240GSW-GSW,OKC-2018,0,2018,-1.855,-6.505138888888886,collini01-2018
singlky01,5.483333333333333,-1,201802240GSW-OKC,201802240GSW-GSW,OKC-2018,0,2018,-5.483333333333333,-6.505138888888886,singlky01-2018
fergute01,4.316666666666666,1.8,201802240GSW-OKC,201802240GSW-GSW,OKC-2018,0,2018,7.77,-6.505138888888886,fergute01-2018
simmojo02,35.65,5.9,201802260OKC-ORL,201802260OKC-OKC,ORL-2018,0,2018,210.335,25.925666666666668,simmojo02-2018
fournev01,34.96666666666667,0.4,201802260OKC-ORL,201802260OKC-OKC,ORL-2018,0,2018,13.986666666666668,25.925666666666668,fournev01-2018
augusdj01,33.45,2.4,201802260OKC-ORL,201802260OKC-OKC,ORL-2018,0,2018,80.28,25.925666666666668,augusdj01-2018
gordoaa01,33.28333333333333,0.4,201802260OKC-ORL,201802260OKC-OKC,ORL-2018,0,2018,13.313333333333333,25.925666666666668,gordoaa01-2018
vucevni01,32.8,0.5,201802260OKC-ORL,201802260OKC-OKC,ORL-2018,0,2018,16.4,25.925666666666668,vucevni01-2018
macksh01,16.666666666666668,0.5,201802260OKC-ORL,201802260OKC-OKC,ORL-2018,0,2018,8.333333333333334,25.925666666666668,macksh01-2018
hezonma01,15.366666666666667,-3.7,201802260OKC-ORL,201802260OKC-OKC,ORL-2018,0,2018,-56.85666666666667,25.925666666666668,hezonma01-2018
biyombi01,15.2,-3,201802260OKC-ORL,201802260OKC-OKC,ORL-2018,0,2018,-45.599999999999994,25.925666666666668,biyombi01-2018
iwundwe01,12.383333333333333,0.3,201802260OKC-ORL,201802260OKC-OKC,ORL-2018,0,2018,3.715,25.925666666666668,iwundwe01-2018
vaughra01,10.233333333333333,1.5,201802260OKC-ORL,201802260OKC-OKC,ORL-2018,0,2018,15.349999999999998,25.925666666666668,vaughra01-2018
georgpa01,42.05,2.6,201802280DAL-OKC,201802280DAL-DAL,OKC-2018,1,2018,109.33,32.876999999999995,georgpa01-2018
westbru01,41.6,4.1,201802280DAL-OKC,201802280DAL-DAL,OKC-2018,1,2018,170.56,32.876999999999995,westbru01-2018
adamsst01,38.483333333333334,1.7,201802280DAL-OKC,201802280DAL-DAL,OKC-2018,1,2018,65.42166666666667,32.876999999999995,adamsst01-2018
anthoca01,36.516666666666666,-3.2,201802280DAL-OKC,201802280DAL-DAL,OKC-2018,1,2018,-116.85333333333334,32.876999999999995,anthoca01-2018
feltora01,23.15,0.5,201802280DAL-OKC,201802280DAL-DAL,OKC-2018,1,2018,11.575,32.876999999999995,feltora01-2018
huestjo01,22.15,1.7,201802280DAL-OKC,201802280DAL-DAL,OKC-2018,1,2018,37.654999999999994,32.876999999999995,huestjo01-2018
abrinal01,19.816666666666666,-0.2,201802280DAL-OKC,201802280DAL-DAL,OKC-2018,1,2018,-3.9633333333333334,32.876999999999995,abrinal01-2018
pattepa01,15.516666666666667,-1.1,201802280DAL-OKC,201802280DAL-DAL,OKC-2018,1,2018,-17.068333333333335,32.876999999999995,pattepa01-2018
grantje01,15.483333333333333,3.6,201802280DAL-OKC,201802280DAL-DAL,OKC-2018,1,2018,55.739999999999995,32.876999999999995,grantje01-2018
fergute01,10.233333333333333,1.6,201802280DAL-OKC,201802280DAL-DAL,OKC-2018,1,2018,16.37333333333333,32.876999999999995,fergute01-2018
westbru01,39.7,14.9,201803020PHO-OKC,201803020PHO-PHO,OKC-2018,1,2018,591.5300000000001,44.44600000000001,westbru01-2018
georgpa01,36.6,2.7,201803020PHO-OKC,201803020PHO-PHO,OKC-2018,1,2018,98.82000000000001,44.44600000000001,georgpa01-2018
adamsst01,32.88333333333333,-0.2,201803020PHO-OKC,201803020PHO-PHO,OKC-2018,1,2018,-6.576666666666667,44.44600000000001,adamsst01-2018
anthoca01,31.316666666666666,-6.5,201803020PHO-OKC,201803020PHO-PHO,OKC-2018,1,2018,-203.55833333333334,44.44600000000001,anthoca01-2018
huestjo01,27.433333333333334,-1.5,201803020PHO-OKC,201803020PHO-PHO,OKC-2018,1,2018,-41.15,44.44600000000001,huestjo01-2018
grantje01,26.216666666666665,-0.5,201803020PHO-OKC,201803020PHO-PHO,OKC-2018,1,2018,-13.108333333333333,44.44600000000001,grantje01-2018
pattepa01,16.683333333333334,-1.6,201803020PHO-OKC,201803020PHO-PHO,OKC-2018,1,2018,-26.693333333333335,44.44600000000001,pattepa01-2018
abrinal01,10.533333333333333,-0.7,201803020PHO-OKC,201803020PHO-PHO,OKC-2018,1,2018,-7.373333333333333,44.44600000000001,abrinal01-2018
fergute01,9.433333333333334,4.5,201803020PHO-OKC,201803020PHO-PHO,OKC-2018,1,2018,42.45,44.44600000000001,fergute01-2018
feltora01,9.2,1.1,201803020PHO-OKC,201803020PHO-PHO,OKC-2018,1,2018,10.12,44.44600000000001,feltora01-2018
georgpa01,37.233333333333334,0.2,201803030POR-OKC,201803030POR-POR,OKC-2018,0,2018,7.446666666666667,33.872962962962966,georgpa01-2018
adamsst01,36.3,0.9,201803030POR-OKC,201803030POR-POR,OKC-2018,0,2018,32.67,33.872962962962966,adamsst01-2018
westbru01,34.7,2.7,201803030POR-OKC,201803030POR-POR,OKC-2018,0,2018,93.69000000000001,33.872962962962966,westbru01-2018
pattepa01,33.483333333333334,2.2,201803030POR-OKC,201803030POR-POR,OKC-2018,0,2018,73.66333333333334,33.872962962962966,pattepa01-2018
grantje01,26.216666666666665,4.4,201803030POR-OKC,201803030POR-POR,OKC-2018,0,2018,115.35333333333334,33.872962962962966,grantje01-2018
huestjo01,23.283333333333335,-1.8,201803030POR-OKC,201803030POR-POR,OKC-2018,0,2018,-41.910000000000004,33.872962962962966,huestjo01-2018
feltora01,22.55,2,201803030POR-OKC,201803030POR-POR,OKC-2018,0,2018,45.1,33.872962962962966,feltora01-2018
abrinal01,14.65,-0.1,201803030POR-OKC,201803030POR-POR,OKC-2018,0,2018,-1.465,33.872962962962966,abrinal01-2018
breweco01,11.583333333333334,-1.7,201803030POR-OKC,201803030POR-POR,OKC-2018,0,2018,-19.691666666666666,33.872962962962966,breweco01-2018
hardeja01,36.1,3.8,201803060OKC-HOU,201803060OKC-OKC,HOU-2018,1,2018,137.18,90.72962962962963,hardeja01-2018
arizatr01,32.96666666666667,5.6,201803060OKC-HOU,201803060OKC-OKC,HOU-2018,1,2018,184.61333333333334,90.72962962962963,arizatr01-2018
paulch01,32.8,8.9,201803060OKC-HOU,201803060OKC-OKC,HOU-2018,1,2018,291.91999999999996,90.72962962962963,paulch01-2018
gordoer01,28.85,1.6,201803060OKC-HOU,201803060OKC-OKC,HOU-2018,1,2018,46.160000000000004,90.72962962962963,gordoer01-2018
capelca01,27.033333333333335,0.8,201803060OKC-HOU,201803060OKC-OKC,HOU-2018,1,2018,21.62666666666667,90.72962962962963,capelca01-2018
tuckepj01,26.383333333333333,1.4,201803060OKC-HOU,201803060OKC-OKC,HOU-2018,1,2018,36.93666666666666,90.72962962962963,tuckepj01-2018
mbahalu01,23.85,5.2,201803060OKC-HOU,201803060OKC-OKC,HOU-2018,1,2018,124.02000000000001,90.72962962962963,mbahalu01-2018
hilarne01,16.983333333333334,0.6,201803060OKC-HOU,201803060OKC-OKC,HOU-2018,1,2018,10.19,90.72962962962963,hilarne01-2018
greenge01,15.033333333333333,-2.4,201803060OKC-HOU,201803060OKC-OKC,HOU-2018,1,2018,-36.08,90.72962962962963,greenge01-2018
bookede01,35.333333333333336,5.7,201803080OKC-PHO,201803080OKC-OKC,PHO-2018,0,2018,201.4,-24.14181818181818,bookede01-2018
bendedr01,31.733333333333334,-3.9,201803080OKC-PHO,201803080OKC-OKC,PHO-2018,0,2018,-123.76,-24.14181818181818,bendedr01-2018
paytoel01,29.816666666666666,-5.3,201803080OKC-PHO,201803080OKC-OKC,PHO-2018,0,2018,-158.02833333333334,-24.14181818181818,paytoel01-2018
danietr01,29.7,-5.4,201803080OKC-PHO,201803080OKC-OKC,PHO-2018,0,2018,-160.38,-24.14181818181818,danietr01-2018
chrisma01,23.75,-2.5,201803080OKC-PHO,201803080OKC-OKC,PHO-2018,0,2018,-59.375,-24.14181818181818,chrisma01-2018
harrish01,19.783333333333335,3.3,201803080OKC-PHO,201803080OKC-OKC,PHO-2018,0,2018,65.285,-24.14181818181818,harrish01-2018
chandty01,19.683333333333334,1.4,201803080OKC-PHO,201803080OKC-OKC,PHO-2018,0,2018,27.556666666666665,-24.14181818181818,chandty01-2018
reedda01,16.366666666666667,-4.1,201803080OKC-PHO,201803080OKC-OKC,PHO-2018,0,2018,-67.10333333333332,-24.14181818181818,reedda01-2018
jacksjo02,12.983333333333333,-1.6,201803080OKC-PHO,201803080OKC-OKC,PHO-2018,0,2018,-20.773333333333333,-24.14181818181818,jacksjo02-2018
lenal01,11.016666666666667,0.1,201803080OKC-PHO,201803080OKC-OKC,PHO-2018,0,2018,1.1016666666666668,-24.14181818181818,lenal01-2018
peteral01,9.833333333333334,2.9,201803080OKC-PHO,201803080OKC-OKC,PHO-2018,0,2018,28.51666666666667,-24.14181818181818,peteral01-2018
murrade01,29.75,-1.1,201803100OKC-SAS,201803100OKC-OKC,SAS-2018,0,2018,-32.725,1.884743589743588,murrade01-2018
anderky01,25.85,-1.2,201803100OKC-SAS,201803100OKC-OKC,SAS-2018,0,2018,-31.02,1.884743589743588,anderky01-2018
aldrila01,25.833333333333332,-6.9,201803100OKC-SAS,201803100OKC-OKC,SAS-2018,0,2018,-178.25,1.884743589743588,aldrila01-2018
gasolpa01,24.566666666666666,2.4,201803100OKC-SAS,201803100OKC-OKC,SAS-2018,0,2018,58.959999999999994,1.884743589743588,gasolpa01-2018
millspa02,24.033333333333335,1.4,201803100OKC-SAS,201803100OKC-OKC,SAS-2018,0,2018,33.64666666666667,1.884743589743588,millspa02-2018
gayru01,22.816666666666666,1.4,201803100OKC-SAS,201803100OKC-OKC,SAS-2018,0,2018,31.94333333333333,1.884743589743588,gayru01-2018
ginobma01,19.383333333333333,0.5,201803100OKC-SAS,201803100OKC-OKC,SAS-2018,0,2018,9.691666666666666,1.884743589743588,ginobma01-2018
parketo01,18.25,0.3,201803100OKC-SAS,201803100OKC-OKC,SAS-2018,0,2018,5.475,1.884743589743588,parketo01-2018
bertada01,18.133333333333333,5.6,201803100OKC-SAS,201803100OKC-OKC,SAS-2018,0,2018,101.54666666666665,1.884743589743588,bertada01-2018
greenda02,17.533333333333335,-0.6,201803100OKC-SAS,201803100OKC-OKC,SAS-2018,0,2018,-10.520000000000001,1.884743589743588,greenda02-2018
lauvejo01,6.733333333333333,1.7,201803100OKC-SAS,201803100OKC-OKC,SAS-2018,0,2018,11.446666666666667,1.884743589743588,lauvejo01-2018
forbebr01,5.816666666666666,4,201803100OKC-SAS,201803100OKC-OKC,SAS-2018,0,2018,23.266666666666666,1.884743589743588,forbebr01-2018
paulbr01,1.3,0.8,201803100OKC-SAS,201803100OKC-OKC,SAS-2018,0,2018,1.04,1.884743589743588,paulbr01-2018
foxde01,33.55,0.9,201803120OKC-SAC,201803120OKC-OKC,SAC-2018,0,2018,30.194999999999997,24.204666666666665,foxde01-2018
bogdabo01,29.483333333333334,4.6,201803120OKC-SAC,201803120OKC-OKC,SAC-2018,0,2018,135.62333333333333,24.204666666666665,bogdabo01-2018
templga01,29.083333333333332,4.3,201803120OKC-SAC,201803120OKC-OKC,SAC-2018,0,2018,125.05833333333332,24.204666666666665,templga01-2018
caulewi01,28.65,-2,201803120OKC-SAC,201803120OKC-OKC,SAC-2018,0,2018,-57.3,24.204666666666665,caulewi01-2018
jacksju01,27.35,3.9,201803120OKC-SAC,201803120OKC-OKC,SAC-2018,0,2018,106.665,24.204666666666665,jacksju01-2018
randoza01,23.433333333333334,-2.6,201803120OKC-SAC,201803120OKC-OKC,SAC-2018,0,2018,-60.92666666666667,24.204666666666665,randoza01-2018
cartevi01,22.983333333333334,1.8,201803120OKC-SAC,201803120OKC-OKC,SAC-2018,0,2018,41.370000000000005,24.204666666666665,cartevi01-2018
koufoko01,16.1,-2.6,201803120OKC-SAC,201803120OKC-OKC,SAC-2018,0,2018,-41.86000000000001,24.204666666666665,koufoko01-2018
hieldbu01,14.916666666666666,-1.4,201803120OKC-SAC,201803120OKC-OKC,SAC-2018,0,2018,-20.883333333333333,24.204666666666665,hieldbu01-2018
masonfr01,14.45,-1.1,201803120OKC-SAC,201803120OKC-OKC,SAC-2018,0,2018,-15.895000000000001,24.204666666666665,masonfr01-2018
westbru01,35.43333333333333,10,201803130ATL-OKC,201803130ATL-ATL,OKC-2018,1,2018,354.3333333333333,47.66435897435897,westbru01-2018
grantje01,32.583333333333336,4.1,201803130ATL-OKC,201803130ATL-ATL,OKC-2018,1,2018,133.59166666666667,47.66435897435897,grantje01-2018
breweco01,32.2,2.8,201803130ATL-OKC,201803130ATL-ATL,OKC-2018,1,2018,90.16,47.66435897435897,breweco01-2018
anthoca01,29.4,4.1,201803130ATL-OKC,201803130ATL-ATL,OKC-2018,1,2018,120.53999999999998,47.66435897435897,anthoca01-2018
georgpa01,25.6,-1.8,201803130ATL-OKC,201803130ATL-ATL,OKC-2018,1,2018,-46.080000000000005,47.66435897435897,georgpa01-2018
feltora01,20.033333333333335,-2.4,201803130ATL-OKC,201803130ATL-ATL,OKC-2018,1,2018,-48.080000000000005,47.66435897435897,feltora01-2018
pattepa01,18.6,2.4,201803130ATL-OKC,201803130ATL-ATL,OKC-2018,1,2018,44.64,47.66435897435897,pattepa01-2018
fergute01,16.35,-1.9,201803130ATL-OKC,201803130ATL-ATL,OKC-2018,1,2018,-31.065,47.66435897435897,fergute01-2018
abrinal01,14.383333333333333,0.4,201803130ATL-OKC,201803130ATL-ATL,OKC-2018,1,2018,5.753333333333334,47.66435897435897,abrinal01-2018
johnsda04,6.683333333333334,-0.2,201803130ATL-OKC,201803130ATL-ATL,OKC-2018,1,2018,-1.336666666666667,47.66435897435897,johnsda04-2018
huestjo01,5.1,1,201803130ATL-OKC,201803130ATL-ATL,OKC-2018,1,2018,5.1,47.66435897435897,huestjo01-2018
collini01,2.7666666666666666,-2.8,201803130ATL-OKC,201803130ATL-ATL,OKC-2018,1,2018,-7.746666666666666,47.66435897435897,collini01-2018
hamilda02,0.8666666666666667,-0.2,201803130ATL-OKC,201803130ATL-ATL,OKC-2018,1,2018,-0.17333333333333334,47.66435897435897,hamilda02-2018
riverau01,39,8.1,201803160OKC-LAC,201803160OKC-OKC,LAC-2018,0,2018,315.9,35.55049999999999,riverau01-2018
willilo02,38.4,-2.5,201803160OKC-LAC,201803160OKC-OKC,LAC-2018,0,2018,-96,35.55049999999999,willilo02-2018
harrito02,36.9,8,201803160OKC-LAC,201803160OKC-OKC,LAC-2018,0,2018,295.2,35.55049999999999,harrito02-2018
jordade01,31.083333333333332,-0.5,201803160OKC-LAC,201803160OKC-OKC,LAC-2018,0,2018,-15.541666666666666,35.55049999999999,jordade01-2018
teodomi01,29.316666666666666,1.6,201803160OKC-LAC,201803160OKC-OKC,LAC-2018,0,2018,46.906666666666666,35.55049999999999,teodomi01-2018
thornsi01,28.283333333333335,-5.5,201803160OKC-LAC,201803160OKC-OKC,LAC-2018,0,2018,-155.55833333333334,35.55049999999999,thornsi01-2018
harremo01,15.833333333333334,-3.1,201803160OKC-LAC,201803160OKC-OKC,LAC-2018,0,2018,-49.083333333333336,35.55049999999999,harremo01-2018
evansja01,9,0.1,201803160OKC-LAC,201803160OKC-OKC,LAC-2018,0,2018,0.9,35.55049999999999,evansja01-2018
marjabo01,8.316666666666666,0.7,201803160OKC-LAC,201803160OKC-OKC,LAC-2018,0,2018,5.821666666666666,35.55049999999999,marjabo01-2018
dekkesa01,3.8666666666666667,1.8,201803160OKC-LAC,201803160OKC-OKC,LAC-2018,0,2018,6.96,35.55049999999999,dekkesa01-2018
westbru01,37.36666666666667,15.2,201803180TOR-OKC,201803180TOR-TOR,OKC-2018,1,2018,567.9733333333334,76.59060606060606,westbru01-2018
georgpa01,36.666666666666664,-2,201803180TOR-OKC,201803180TOR-TOR,OKC-2018,1,2018,-73.33333333333333,76.59060606060606,georgpa01-2018
anthoca01,34.35,5.3,201803180TOR-OKC,201803180TOR-TOR,OKC-2018,1,2018,182.055,76.59060606060606,anthoca01-2018
adamsst01,33.45,6.4,201803180TOR-OKC,201803180TOR-TOR,OKC-2018,1,2018,214.08000000000004,76.59060606060606,adamsst01-2018
breweco01,30.7,0.3,201803180TOR-OKC,201803180TOR-TOR,OKC-2018,1,2018,9.209999999999999,76.59060606060606,breweco01-2018
grantje01,14.55,-1.2,201803180TOR-OKC,201803180TOR-TOR,OKC-2018,1,2018,-17.46,76.59060606060606,grantje01-2018
pattepa01,13.65,0.6,201803180TOR-OKC,201803180TOR-TOR,OKC-2018,1,2018,8.19,76.59060606060606,pattepa01-2018
feltora01,13.166666666666666,-3,201803180TOR-OKC,201803180TOR-TOR,OKC-2018,1,2018,-39.5,76.59060606060606,feltora01-2018
fergute01,12.85,-1,201803180TOR-OKC,201803180TOR-TOR,OKC-2018,1,2018,-12.85,76.59060606060606,fergute01-2018
abrinal01,6.883333333333333,4.3,201803180TOR-OKC,201803180TOR-TOR,OKC-2018,1,2018,29.59833333333333,76.59060606060606,abrinal01-2018
huestjo01,6.366666666666666,-4,201803180TOR-OKC,201803180TOR-TOR,OKC-2018,1,2018,-25.466666666666665,76.59060606060606,huestjo01-2018
georgpa01,39.5,3.1,201803200BOS-OKC,201803200BOS-BOS,OKC-2018,0,2018,122.45,49.552727272727275,georgpa01-2018
adamsst01,37.25,2.2,201803200BOS-OKC,201803200BOS-BOS,OKC-2018,0,2018,81.95,49.552727272727275,adamsst01-2018
westbru01,36.81666666666667,5,201803200BOS-OKC,201803200BOS-BOS,OKC-2018,0,2018,184.08333333333334,49.552727272727275,westbru01-2018
breweco01,36.13333333333333,2.8,201803200BOS-OKC,201803200BOS-BOS,OKC-2018,0,2018,101.17333333333333,49.552727272727275,breweco01-2018
anthoca01,34.5,1.7,201803200BOS-OKC,201803200BOS-BOS,OKC-2018,0,2018,58.65,49.552727272727275,anthoca01-2018
pattepa01,14.616666666666667,1.8,201803200BOS-OKC,201803200BOS-BOS,OKC-2018,0,2018,26.310000000000002,49.552727272727275,pattepa01-2018
fergute01,11.85,-2.4,201803200BOS-OKC,201803200BOS-BOS,OKC-2018,0,2018,-28.439999999999998,49.552727272727275,fergute01-2018
feltora01,11.183333333333334,-0.4,201803200BOS-OKC,201803200BOS-BOS,OKC-2018,0,2018,-4.473333333333334,49.552727272727275,feltora01-2018
grantje01,9.633333333333333,1.2,201803200BOS-OKC,201803200BOS-BOS,OKC-2018,0,2018,11.559999999999999,49.552727272727275,grantje01-2018
huestjo01,4.466666666666667,-0.2,201803200BOS-OKC,201803200BOS-BOS,OKC-2018,0,2018,-0.8933333333333334,49.552727272727275,huestjo01-2018
abrinal01,4.05,-1.8,201803200BOS-OKC,201803200BOS-BOS,OKC-2018,0,2018,-7.29,49.552727272727275,abrinal01-2018
richajo01,32.31666666666667,-4.6,201803230OKC-MIA,201803230OKC-OKC,MIA-2018,0,2018,-148.65666666666667,28.879666666666665,richajo01-2018
dragigo01,30.933333333333334,3.5,201803230OKC-MIA,201803230OKC-OKC,MIA-2018,0,2018,108.26666666666667,28.879666666666665,dragigo01-2018
winslju01,30.383333333333333,3.8,201803230OKC-MIA,201803230OKC-OKC,MIA-2018,0,2018,115.45666666666666,28.879666666666665,winslju01-2018
johnsja01,28.766666666666666,4.6,201803230OKC-MIA,201803230OKC-OKC,MIA-2018,0,2018,132.32666666666665,28.879666666666665,johnsja01-2018
ellinwa01,26.433333333333334,6.2,201803230OKC-MIA,201803230OKC-OKC,MIA-2018,0,2018,163.88666666666668,28.879666666666665,ellinwa01-2018
adebaba01,20.766666666666666,-4.9,201803230OKC-MIA,201803230OKC-OKC,MIA-2018,0,2018,-101.75666666666667,28.879666666666665,adebaba01-2018
wadedw01,19.983333333333334,-2.7,201803230OKC-MIA,201803230OKC-OKC,MIA-2018,0,2018,-53.955000000000005,28.879666666666665,wadedw01-2018
johnsty01,19.7,1.9,201803230OKC-MIA,201803230OKC-OKC,MIA-2018,0,2018,37.43,28.879666666666665,johnsty01-2018
olynyke01,19.1,2.3,201803230OKC-MIA,201803230OKC-OKC,MIA-2018,0,2018,43.93,28.879666666666665,olynyke01-2018
mcgruro01,11.616666666666667,-0.7,201803230OKC-MIA,201803230OKC-OKC,MIA-2018,0,2018,-8.131666666666666,28.879666666666665,mcgruro01-2018
lillada01,38.43333333333333,6.8,201803250OKC-POR,201803250OKC-OKC,POR-2018,1,2018,261.34666666666664,98.09066666666668,lillada01-2018
mccolcj01,37.81666666666667,12.1,201803250OKC-POR,201803250OKC-OKC,POR-2018,1,2018,457.5816666666667,98.09066666666668,mccolcj01-2018
harklma01,34,10.3,201803250OKC-POR,201803250OKC-OKC,POR-2018,1,2018,350.20000000000005,98.09066666666668,harklma01-2018
aminual01,33.28333333333333,0.1,201803250OKC-POR,201803250OKC-OKC,POR-2018,1,2018,3.328333333333333,98.09066666666668,aminual01-2018
nurkiju01,29.866666666666667,5.4,201803250OKC-POR,201803250OKC-OKC,POR-2018,1,2018,161.28,98.09066666666668,nurkiju01-2018
davised01,18.016666666666666,-6.1,201803250OKC-POR,201803250OKC-OKC,POR-2018,1,2018,-109.90166666666666,98.09066666666668,davised01-2018
turneev01,14,-5.5,201803250OKC-POR,201803250OKC-OKC,POR-2018,1,2018,-77,98.09066666666668,turneev01-2018
connapa01,12.483333333333333,-3.5,201803250OKC-POR,201803250OKC-OKC,POR-2018,1,2018,-43.69166666666666,98.09066666666668,connapa01-2018
napiesh01,11.733333333333333,-1.1,201803250OKC-POR,201803250OKC-OKC,POR-2018,1,2018,-12.906666666666666,98.09066666666668,napiesh01-2018
colliza01,10.366666666666667,-0.9,201803250OKC-POR,201803250OKC-OKC,POR-2018,1,2018,-9.33,98.09066666666668,colliza01-2018
georgpa01,38.88333333333333,10.3,201803290SAS-OKC,201803290SAS-SAS,OKC-2018,0,2018,400.49833333333333,51.512,georgpa01-2018
westbru01,37.7,-2.2,201803290SAS-OKC,201803290SAS-SAS,OKC-2018,0,2018,-82.94000000000001,51.512,westbru01-2018
adamsst01,37.38333333333333,-3.5,201803290SAS-OKC,201803290SAS-SAS,OKC-2018,0,2018,-130.84166666666667,51.512,adamsst01-2018
anthoca01,31.916666666666668,6.7,201803290SAS-OKC,201803290SAS-SAS,OKC-2018,0,2018,213.84166666666667,51.512,anthoca01-2018
breweco01,28.7,5.4,201803290SAS-OKC,201803290SAS-SAS,OKC-2018,0,2018,154.98000000000002,51.512,breweco01-2018
feltora01,15.633333333333333,1.2,201803290SAS-OKC,201803290SAS-SAS,OKC-2018,0,2018,18.759999999999998,51.512,feltora01-2018
grantje01,14.4,-4.1,201803290SAS-OKC,201803290SAS-SAS,OKC-2018,0,2018,-59.04,51.512,grantje01-2018
fergute01,13.883333333333333,-1.3,201803290SAS-OKC,201803290SAS-SAS,OKC-2018,0,2018,-18.048333333333332,51.512,fergute01-2018
pattepa01,12.3,3.7,201803290SAS-OKC,201803290SAS-SAS,OKC-2018,0,2018,45.510000000000005,51.512,pattepa01-2018
abrinal01,9.2,-3,201803290SAS-OKC,201803290SAS-SAS,OKC-2018,0,2018,-27.599999999999998,51.512,abrinal01-2018
murraja01,45.21666666666667,-0.3,201803300OKC-DEN,201803300OKC-OKC,DEN-2018,1,2018,-13.565,59.82185185185186,murraja01-2018
jokicni01,41.11666666666667,3.2,201803300OKC-DEN,201803300OKC-OKC,DEN-2018,1,2018,131.57333333333335,59.82185185185186,jokicni01-2018
bartowi01,40.93333333333333,0,201803300OKC-DEN,201803300OKC-OKC,DEN-2018,1,2018,0,59.82185185185186,bartowi01-2018
millspa01,39.71666666666667,8.5,201803300OKC-DEN,201803300OKC-OKC,DEN-2018,1,2018,337.5916666666667,59.82185185185186,millspa01-2018
harride01,33.61666666666667,3.2,201803300OKC-DEN,201803300OKC-OKC,DEN-2018,1,2018,107.57333333333334,59.82185185185186,harride01-2018
chandwi01,22.783333333333335,-3.3,201803300OKC-DEN,201803300OKC-OKC,DEN-2018,1,2018,-75.185,59.82185185185186,chandwi01-2018
craigto01,16.45,-1.5,201803300OKC-DEN,201803300OKC-OKC,DEN-2018,1,2018,-24.674999999999997,59.82185185185186,craigto01-2018
plumlma01,14.333333333333334,3.5,201803300OKC-DEN,201803300OKC-OKC,DEN-2018,1,2018,50.16666666666667,59.82185185185186,plumlma01-2018
lylestr01,10.833333333333334,2.3,201803300OKC-DEN,201803300OKC-OKC,DEN-2018,1,2018,24.916666666666668,59.82185185185186,lylestr01-2018
westbru01,36.7,7.4,201804010NOP-OKC,201804010NOP-NOP,OKC-2018,1,2018,271.58000000000004,49.79166666666667,westbru01-2018
georgpa01,36.53333333333333,6,201804010NOP-OKC,201804010NOP-NOP,OKC-2018,1,2018,219.2,49.79166666666667,georgpa01-2018
adamsst01,36.28333333333333,-2,201804010NOP-OKC,201804010NOP-NOP,OKC-2018,1,2018,-72.56666666666666,49.79166666666667,adamsst01-2018
anthoca01,28.566666666666666,-2,201804010NOP-OKC,201804010NOP-NOP,OKC-2018,1,2018,-57.13333333333333,49.79166666666667,anthoca01-2018
breweco01,28.533333333333335,-0.8,201804010NOP-OKC,201804010NOP-NOP,OKC-2018,1,2018,-22.826666666666668,49.79166666666667,breweco01-2018
abrinal01,23.116666666666667,-2.1,201804010NOP-OKC,201804010NOP-NOP,OKC-2018,1,2018,-48.545,49.79166666666667,abrinal01-2018
feltora01,19.116666666666667,-0.4,201804010NOP-OKC,201804010NOP-NOP,OKC-2018,1,2018,-7.646666666666667,49.79166666666667,feltora01-2018
grantje01,17.033333333333335,6.6,201804010NOP-OKC,201804010NOP-NOP,OKC-2018,1,2018,112.42,49.79166666666667,grantje01-2018
pattepa01,14.116666666666667,3.8,201804010NOP-OKC,201804010NOP-NOP,OKC-2018,1,2018,53.64333333333333,49.79166666666667,pattepa01-2018
cookqu01,37.416666666666664,5.7,201804030OKC-GSW,201804030OKC-OKC,GSW-2018,1,2018,213.275,43.39516666666667,cookqu01-2018
greendr01,36.31666666666667,-0.9,201804030OKC-GSW,201804030OKC-OKC,GSW-2018,1,2018,-32.685,43.39516666666667,greendr01-2018
duranke01,35.5,4.9,201804030OKC-GSW,201804030OKC-OKC,GSW-2018,1,2018,173.95000000000002,43.39516666666667,duranke01-2018
thompkl01,35.31666666666667,-0.4,201804030OKC-GSW,201804030OKC-OKC,GSW-2018,1,2018,-14.126666666666669,43.39516666666667,thompkl01-2018
youngni01,25.95,-2.7,201804030OKC-GSW,201804030OKC-OKC,GSW-2018,1,2018,-70.065,43.39516666666667,youngni01-2018
belljo01,18.95,3,201804030OKC-GSW,201804030OKC-OKC,GSW-2018,1,2018,56.849999999999994,43.39516666666667,belljo01-2018
westda01,14.683333333333334,7.1,201804030OKC-GSW,201804030OKC-OKC,GSW-2018,1,2018,104.25166666666667,43.39516666666667,westda01-2018
jonesda03,13.733333333333333,0.2,201804030OKC-GSW,201804030OKC-OKC,GSW-2018,1,2018,2.7466666666666666,43.39516666666667,jonesda03-2018
pachuza01,12.216666666666667,-1.4,201804030OKC-GSW,201804030OKC-OKC,GSW-2018,1,2018,-17.10333333333333,43.39516666666667,pachuza01-2018
mcgeeja01,9.916666666666666,1.7,201804030OKC-GSW,201804030OKC-OKC,GSW-2018,1,2018,16.85833333333333,43.39516666666667,mcgeeja01-2018
georgpa01,40.61666666666667,2.3,201804070HOU-OKC,201804070HOU-HOU,OKC-2018,1,2018,93.41833333333332,86.20203703703704,georgpa01-2018
westbru01,37.78333333333333,7.4,201804070HOU-OKC,201804070HOU-HOU,OKC-2018,1,2018,279.5966666666667,86.20203703703704,westbru01-2018
anthoca01,34.583333333333336,6.8,201804070HOU-OKC,201804070HOU-HOU,OKC-2018,1,2018,235.16666666666669,86.20203703703704,anthoca01-2018
adamsst01,28.633333333333333,6.6,201804070HOU-OKC,201804070HOU-HOU,OKC-2018,1,2018,188.98,86.20203703703704,adamsst01-2018
abrinal01,27.366666666666667,-2.8,201804070HOU-OKC,201804070HOU-HOU,OKC-2018,1,2018,-76.62666666666667,86.20203703703704,abrinal01-2018
breweco01,23.1,-1.4,201804070HOU-OKC,201804070HOU-HOU,OKC-2018,1,2018,-32.34,86.20203703703704,breweco01-2018
grantje01,20,6.1,201804070HOU-OKC,201804070HOU-HOU,OKC-2018,1,2018,122,86.20203703703704,grantje01-2018
feltora01,14.816666666666666,-4,201804070HOU-OKC,201804070HOU-HOU,OKC-2018,1,2018,-59.266666666666666,86.20203703703704,feltora01-2018
pattepa01,13.1,1.9,201804070HOU-OKC,201804070HOU-HOU,OKC-2018,1,2018,24.889999999999997,86.20203703703704,pattepa01-2018
westbru01,37.93333333333333,4.4,201804090MIA-OKC,201804090MIA-MIA,OKC-2018,1,2018,166.90666666666667,47.80346153846154,westbru01-2018
georgpa01,36.81666666666667,3.6,201804090MIA-OKC,201804090MIA-MIA,OKC-2018,1,2018,132.54000000000002,47.80346153846154,georgpa01-2018
breweco01,33.3,2.9,201804090MIA-OKC,201804090MIA-MIA,OKC-2018,1,2018,96.57,47.80346153846154,breweco01-2018
adamsst01,31.616666666666667,-1.6,201804090MIA-OKC,201804090MIA-MIA,OKC-2018,1,2018,-50.58666666666667,47.80346153846154,adamsst01-2018
anthoca01,30.333333333333332,0.8,201804090MIA-OKC,201804090MIA-MIA,OKC-2018,1,2018,24.266666666666666,47.80346153846154,anthoca01-2018
grantje01,20.8,7.1,201804090MIA-OKC,201804090MIA-MIA,OKC-2018,1,2018,147.68,47.80346153846154,grantje01-2018
feltora01,13.833333333333334,0.4,201804090MIA-OKC,201804090MIA-MIA,OKC-2018,1,2018,5.533333333333334,47.80346153846154,feltora01-2018
abrinal01,11.766666666666667,2.1,201804090MIA-OKC,201804090MIA-MIA,OKC-2018,1,2018,24.710000000000004,47.80346153846154,abrinal01-2018
pattepa01,11.15,6.3,201804090MIA-OKC,201804090MIA-MIA,OKC-2018,1,2018,70.245,47.80346153846154,pattepa01-2018
fergute01,9.65,0.4,201804090MIA-OKC,201804090MIA-MIA,OKC-2018,1,2018,3.8600000000000003,47.80346153846154,fergute01-2018
huestjo01,1.4,-0.1,201804090MIA-OKC,201804090MIA-MIA,OKC-2018,1,2018,-0.13999999999999999,47.80346153846154,huestjo01-2018
collini01,0.7,-0.1,201804090MIA-OKC,201804090MIA-MIA,OKC-2018,1,2018,-0.06999999999999999,47.80346153846154,collini01-2018
johnsda04,0.7,-0.1,201804090MIA-OKC,201804090MIA-MIA,OKC-2018,1,2018,-0.06999999999999999,47.80346153846154,johnsda04-2018
simmoko01,33.15,-4.7,201804110OKC-MEM,201804110OKC-OKC,MEM-2018,0,2018,-155.805,-2.0483333333333347,simmoko01-2018
brookdi01,32.983333333333334,7,201804110OKC-MEM,201804110OKC-OKC,MEM-2018,0,2018,230.88333333333333,-2.0483333333333347,brookdi01-2018
mclembe01,31.716666666666665,0.3,201804110OKC-MEM,201804110OKC-OKC,MEM-2018,0,2018,9.514999999999999,-2.0483333333333347,mclembe01-2018
rabbiv01,31.65,-0.5,201804110OKC-MEM,201804110OKC-OKC,MEM-2018,0,2018,-15.825,-2.0483333333333347,rabbiv01-2018
davisde01,29.216666666666665,-4.3,201804110OKC-MEM,201804110OKC-OKC,MEM-2018,0,2018,-125.63166666666666,-2.0483333333333347,davisde01-2018
johnsom01,24.933333333333334,4.2,201804110OKC-MEM,201804110OKC-OKC,MEM-2018,0,2018,104.72,-2.0483333333333347,johnsom01-2018
brookma01,22.7,-3.9,201804110OKC-MEM,201804110OKC-OKC,MEM-2018,0,2018,-88.53,-2.0483333333333347,brookma01-2018
chalmma01,20.483333333333334,0.7,201804110OKC-MEM,201804110OKC-OKC,MEM-2018,0,2018,14.338333333333333,-2.0483333333333347,chalmma01-2018
henrymy01,13.166666666666666,0.6,201804110OKC-MEM,201804110OKC-OKC,MEM-2018,0,2018,7.8999999999999995,-2.0483333333333347,henrymy01-2018
