player,min,VORP,id,opp_id,season_id,win,year,adj_VORP,avg_VORP,link
leverfa01,25,5.3,198711060DEN-DEN,198711060DEN-LAC,DEN-1988,1,1988,132.5,41.94166666666666,leverfa01-1988
smithot01,25,-1.4,198711060DEN-DEN,198711060DEN-LAC,DEN-1988,1,1988,-35,41.94166666666666,smithot01-1988
vinceja01,25,-3.2,198711060DEN-DEN,198711060DEN-LAC,DEN-1988,1,1988,-80,41.94166666666666,vinceja01-1988
adamsmi01,24,6.6,198711060DEN-DEN,198711060DEN-LAC,DEN-1988,1,1988,158.39999999999998,41.94166666666666,adamsmi01-1988
englial01,23,1.6,198711060DEN-DEN,198711060DEN-LAC,DEN-1988,1,1988,36.800000000000004,41.94166666666666,englial01-1988
nattca01,21,3.2,198711060DEN-DEN,198711060DEN-LAC,DEN-1988,1,1988,67.2,41.94166666666666,nattca01-1988
rasmubl01,20,3.4,198711060DEN-DEN,198711060DEN-LAC,DEN-1988,1,1988,68,41.94166666666666,rasmubl01-1988
coopewa01,19,6.7,198711060DEN-DEN,198711060DEN-LAC,DEN-1988,1,1988,127.3,41.94166666666666,coopewa01-1988
dunntr01,15,-1.3,198711060DEN-DEN,198711060DEN-LAC,DEN-1988,1,1988,-19.5,41.94166666666666,dunntr01-1988
hanzlbi01,15,2.8,198711060DEN-DEN,198711060DEN-LAC,DEN-1988,1,1988,42,41.94166666666666,hanzlbi01-1988
moorean01,14,1.3,198711060DEN-DEN,198711060DEN-LAC,DEN-1988,1,1988,18.2,41.94166666666666,moorean01-1988
schayda01,14,-0.9,198711060DEN-DEN,198711060DEN-LAC,DEN-1988,1,1988,-12.6,41.94166666666666,schayda01-1988
curetea01,39,2.6,198711070LAC-LAC,198711070LAC-POR,LAC-1988,0,1988,101.4,-13.409090909090907,curetea01-1988
willire01,36,-1,198711070LAC-LAC,198711070LAC-POR,LAC-1988,0,1988,-36,-13.409090909090907,willire01-1988
woodsmi01,27,0.4,198711070LAC-LAC,198711070LAC-POR,LAC-1988,0,1988,10.8,-13.409090909090907,woodsmi01-1988
drewla01,25,2.7,198711070LAC-LAC,198711070LAC-POR,LAC-1988,0,1988,67.5,-13.409090909090907,drewla01-1988
cagemi01,23,-1.2,198711070LAC-LAC,198711070LAC-POR,LAC-1988,0,1988,-27.599999999999998,-13.409090909090907,cagemi01-1988
valenda01,23,-2.8,198711070LAC-LAC,198711070LAC-POR,LAC-1988,0,1988,-64.39999999999999,-13.409090909090907,valenda01-1988
colemno01,19,-4,198711070LAC-LAC,198711070LAC-POR,LAC-1988,0,1988,-76,-13.409090909090907,colemno01-1988
wolfjo01,16,-6.6,198711070LAC-LAC,198711070LAC-POR,LAC-1988,0,1988,-105.6,-13.409090909090907,wolfjo01-1988
nesslma01,12,-2.4,198711070LAC-LAC,198711070LAC-POR,LAC-1988,0,1988,-28.799999999999997,-13.409090909090907,nesslma01-1988
normake01,11,-0.7,198711070LAC-LAC,198711070LAC-POR,LAC-1988,0,1988,-7.699999999999999,-13.409090909090907,normake01-1988
dailequ01,9,2.1,198711070LAC-LAC,198711070LAC-POR,LAC-1988,0,1988,18.900000000000002,-13.409090909090907,dailequ01-1988
cagemi01,33,4.9,198711100LAC-LAC,198711100LAC-UTA,LAC-1988,1,1988,161.70000000000002,29.325000000000003,cagemi01-1988
benjabe01,32,9.6,198711100LAC-LAC,198711100LAC-UTA,LAC-1988,1,1988,307.2,29.325000000000003,benjabe01-1988
wolfjo01,31,0.9,198711100LAC-LAC,198711100LAC-UTA,LAC-1988,1,1988,27.900000000000002,29.325000000000003,wolfjo01-1988
drewla01,29,2.5,198711100LAC-LAC,198711100LAC-UTA,LAC-1988,1,1988,72.5,29.325000000000003,drewla01-1988
woodsmi01,29,3.7,198711100LAC-LAC,198711100LAC-UTA,LAC-1988,1,1988,107.30000000000001,29.325000000000003,woodsmi01-1988
willire01,29,-8.6,198711100LAC-LAC,198711100LAC-UTA,LAC-1988,1,1988,-249.39999999999998,29.325000000000003,willire01-1988
colemno01,20,-4.4,198711100LAC-LAC,198711100LAC-UTA,LAC-1988,1,1988,-88,29.325000000000003,colemno01-1988
valenda01,19,0.9,198711100LAC-LAC,198711100LAC-UTA,LAC-1988,1,1988,17.1,29.325000000000003,valenda01-1988
curetea01,11,-0.8,198711100LAC-LAC,198711100LAC-UTA,LAC-1988,1,1988,-8.8,29.325000000000003,curetea01-1988
nesslma01,3,-0.4,198711100LAC-LAC,198711100LAC-UTA,LAC-1988,1,1988,-1.2000000000000002,29.325000000000003,nesslma01-1988
dailequ01,2,2.2,198711100LAC-LAC,198711100LAC-UTA,LAC-1988,1,1988,4.4,29.325000000000003,dailequ01-1988
normake01,2,0.6,198711100LAC-LAC,198711100LAC-UTA,LAC-1988,1,1988,1.2,29.325000000000003,normake01-1988
coopemi01,33,1.1,198711120LAL-LAL,198711120LAL-LAC,LAL-1988,1,1988,36.300000000000004,53.27272727272727,coopemi01-1988
johnsma02,30,3,198711120LAL-LAL,198711120LAL-LAC,LAL-1988,1,1988,90,53.27272727272727,johnsma02-1988
greenac01,29,6.1,198711120LAL-LAL,198711120LAL-LAC,LAL-1988,1,1988,176.89999999999998,53.27272727272727,greenac01-1988
scottby01,28,1.7,198711120LAL-LAL,198711120LAL-LAC,LAL-1988,1,1988,47.6,53.27272727272727,scottby01-1988
abdulka01,27,3.5,198711120LAL-LAL,198711120LAL-LAC,LAL-1988,1,1988,94.5,53.27272727272727,abdulka01-1988
worthja01,24,3.2,198711120LAL-LAL,198711120LAL-LAC,LAL-1988,1,1988,76.80000000000001,53.27272727272727,worthja01-1988
thompmy01,23,2.5,198711120LAL-LAL,198711120LAL-LAC,LAL-1988,1,1988,57.5,53.27272727272727,thompmy01-1988
smrekmi01,17,-1.6,198711120LAL-LAL,198711120LAL-LAC,LAL-1988,1,1988,-27.200000000000003,53.27272727272727,smrekmi01-1988
matthwe01,14,-1.8,198711120LAL-LAL,198711120LAL-LAC,LAL-1988,1,1988,-25.2,53.27272727272727,matthwe01-1988
wagnemi01,13,4.6,198711120LAL-LAL,198711120LAL-LAC,LAL-1988,1,1988,59.8,53.27272727272727,wagnemi01-1988
lampje01,2,-0.5,198711120LAL-LAL,198711120LAL-LAC,LAL-1988,1,1988,-1,53.27272727272727,lampje01-1988
willire01,41,1.6,198711130LAC-LAC,198711130LAC-GSW,LAC-1988,1,1988,65.60000000000001,14.550000000000002,willire01-1988
woodsmi01,40,6.8,198711130LAC-LAC,198711130LAC-GSW,LAC-1988,1,1988,272,14.550000000000002,woodsmi01-1988
benjabe01,39,3.3,198711130LAC-LAC,198711130LAC-GSW,LAC-1988,1,1988,128.7,14.550000000000002,benjabe01-1988
cagemi01,37,0.9,198711130LAC-LAC,198711130LAC-GSW,LAC-1988,1,1988,33.300000000000004,14.550000000000002,cagemi01-1988
drewla01,37,-9.2,198711130LAC-LAC,198711130LAC-GSW,LAC-1988,1,1988,-340.4,14.550000000000002,drewla01-1988
curetea01,12,-2.5,198711130LAC-LAC,198711130LAC-GSW,LAC-1988,1,1988,-30,14.550000000000002,curetea01-1988
dailequ01,12,-3.6,198711130LAC-LAC,198711130LAC-GSW,LAC-1988,1,1988,-43.2,14.550000000000002,dailequ01-1988
valenda01,11,6.2,198711130LAC-LAC,198711130LAC-GSW,LAC-1988,1,1988,68.2,14.550000000000002,valenda01-1988
nesslma01,6,-1.2,198711130LAC-LAC,198711130LAC-GSW,LAC-1988,1,1988,-7.199999999999999,14.550000000000002,nesslma01-1988
colemno01,5,-0.3,198711130LAC-LAC,198711130LAC-GSW,LAC-1988,1,1988,-1.5,14.550000000000002,colemno01-1988
roberal01,43,10,198711170SAS-SAS,198711170SAS-LAC,SAS-1988,1,1988,430,26.900000000000002,roberal01-1988
greenda01,41,-0.8,198711170SAS-SAS,198711170SAS-LAC,SAS-1988,1,1988,-32.800000000000004,26.900000000000002,greenda01-1988
brickfr01,40,0.4,198711170SAS-SAS,198711170SAS-LAC,SAS-1988,1,1988,16,26.900000000000002,brickfr01-1988
dawkijo01,39,-3.8,198711170SAS-SAS,198711170SAS-LAC,SAS-1988,1,1988,-148.2,26.900000000000002,dawkijo01-1988
andergr01,35,0.5,198711170SAS-SAS,198711170SAS-LAC,SAS-1988,1,1988,17.5,26.900000000000002,andergr01-1988
berrywa01,22,-1.6,198711170SAS-SAS,198711170SAS-LAC,SAS-1988,1,1988,-35.2,26.900000000000002,berrywa01-1988
woodle01,21,5.9,198711170SAS-SAS,198711170SAS-LAC,SAS-1988,1,1988,123.9,26.900000000000002,woodle01-1988
gudmupe01,13,-4.6,198711170SAS-SAS,198711170SAS-LAC,SAS-1988,1,1988,-59.8,26.900000000000002,gudmupe01-1988
nimphku01,6,-1.3,198711170SAS-SAS,198711170SAS-LAC,SAS-1988,1,1988,-7.800000000000001,26.900000000000002,nimphku01-1988
moorejo01,4,-1.9,198711170SAS-SAS,198711170SAS-LAC,SAS-1988,1,1988,-7.6,26.900000000000002,moorejo01-1988
nealyed01,1,-0.1,198711170SAS-SAS,198711170SAS-LAC,SAS-1988,1,1988,-0.1,26.900000000000002,nealyed01-1988
aguirma01,39,10.4,198711180DAL-DAL,198711180DAL-LAC,DAL-1988,1,1988,405.6,79.42222222222223,aguirma01-1988
blackro01,39,1.4,198711180DAL-DAL,198711180DAL-LAC,DAL-1988,1,1988,54.599999999999994,79.42222222222223,blackro01-1988
harpede01,39,7.7,198711180DAL-DAL,198711180DAL-LAC,DAL-1988,1,1988,300.3,79.42222222222223,harpede01-1988
donalja01,37,2,198711180DAL-DAL,198711180DAL-LAC,DAL-1988,1,1988,74,79.42222222222223,donalja01-1988
tarplro01,30,-4.3,198711180DAL-DAL,198711180DAL-LAC,DAL-1988,1,1988,-129,79.42222222222223,tarplro01-1988
perkisa01,29,2.4,198711180DAL-DAL,198711180DAL-LAC,DAL-1988,1,1988,69.6,79.42222222222223,perkisa01-1988
schrede01,11,-2.8,198711180DAL-DAL,198711180DAL-LAC,DAL-1988,1,1988,-30.799999999999997,79.42222222222223,schrede01-1988
davisbr01,9,-2.5,198711180DAL-DAL,198711180DAL-LAC,DAL-1988,1,1988,-22.5,79.42222222222223,davisbr01-1988
blabuw01,7,-1,198711180DAL-DAL,198711180DAL-LAC,DAL-1988,1,1988,-7,79.42222222222223,blabuw01-1988
daviswa03,33,0.1,198711200PHO-PHO,198711200PHO-LAC,PHO-1988,0,1988,3.3000000000000003,-17.863636363636363,daviswa03-1988
adamsal01,31,-3.3,198711200PHO-PHO,198711200PHO-LAC,PHO-1988,0,1988,-102.3,-17.863636363636363,adamsal01-1988
edwarja01,29,-3.6,198711200PHO-PHO,198711200PHO-LAC,PHO-1988,0,1988,-104.4,-17.863636363636363,edwarja01-1988
humphja01,29,6.7,198711200PHO-PHO,198711200PHO-LAC,PHO-1988,0,1988,194.3,-17.863636363636363,humphja01-1988
hornaje01,27,-1.8,198711200PHO-PHO,198711200PHO-LAC,PHO-1988,0,1988,-48.6,-17.863636363636363,hornaje01-1988
baileja01,22,-2.1,198711200PHO-PHO,198711200PHO-LAC,PHO-1988,0,1988,-46.2,-17.863636363636363,baileja01-1988
sandemi01,21,-0.8,198711200PHO-PHO,198711200PHO-LAC,PHO-1988,0,1988,-16.8,-17.863636363636363,sandemi01-1988
martibi01,18,-3.1,198711200PHO-PHO,198711200PHO-LAC,PHO-1988,0,1988,-55.800000000000004,-17.863636363636363,martibi01-1988
cookje01,11,-0.2,198711200PHO-PHO,198711200PHO-LAC,PHO-1988,0,1988,-2.2,-17.863636363636363,cookje01-1988
thompbe01,10,-2.5,198711200PHO-PHO,198711200PHO-LAC,PHO-1988,0,1988,-25,-17.863636363636363,thompbe01-1988
critewi01,9,0.8,198711200PHO-PHO,198711200PHO-LAC,PHO-1988,0,1988,7.2,-17.863636363636363,critewi01-1988
benjabe01,44,1.4,198711210LAC-LAC,198711210LAC-DEN,LAC-1988,0,1988,61.599999999999994,30.455555555555556,benjabe01-1988
wolfjo01,41,5.1,198711210LAC-LAC,198711210LAC-DEN,LAC-1988,0,1988,209.1,30.455555555555556,wolfjo01-1988
woodsmi01,36,1.9,198711210LAC-LAC,198711210LAC-DEN,LAC-1988,0,1988,68.39999999999999,30.455555555555556,woodsmi01-1988
cagemi01,28,-0.8,198711210LAC-LAC,198711210LAC-DEN,LAC-1988,0,1988,-22.400000000000002,30.455555555555556,cagemi01-1988
drewla01,26,1.3,198711210LAC-LAC,198711210LAC-DEN,LAC-1988,0,1988,33.800000000000004,30.455555555555556,drewla01-1988
curetea01,22,3,198711210LAC-LAC,198711210LAC-DEN,LAC-1988,0,1988,66,30.455555555555556,curetea01-1988
valenda01,20,-3.1,198711210LAC-LAC,198711210LAC-DEN,LAC-1988,0,1988,-62,30.455555555555556,valenda01-1988
dailequ01,14,-5.1,198711210LAC-LAC,198711210LAC-DEN,LAC-1988,0,1988,-71.39999999999999,30.455555555555556,dailequ01-1988
colemno01,9,-1,198711210LAC-LAC,198711210LAC-DEN,LAC-1988,0,1988,-9,30.455555555555556,colemno01-1988
floydsl01,54,6.8,198711240GSW-GSW,198711240GSW-LAC,GSW-1988,0,1988,367.2,21.220000000000002,floydsl01-1988
mcdonbe01,50,-8.1,198711240GSW-GSW,198711240GSW-LAC,GSW-1988,0,1988,-405,21.220000000000002,mcdonbe01-1988
higgiro01,49,4.5,198711240GSW-GSW,198711240GSW-LAC,GSW-1988,0,1988,220.5,21.220000000000002,higgiro01-1988
mullich01,46,4.4,198711240GSW-GSW,198711240GSW-LAC,GSW-1988,0,1988,202.4,21.220000000000002,mullich01-1988
carrojo01,42,-3.9,198711240GSW-GSW,198711240GSW-LAC,GSW-1988,0,1988,-163.79999999999998,21.220000000000002,carrojo01-1988
whiteje01,15,1,198711240GSW-GSW,198711240GSW-LAC,GSW-1988,0,1988,15,21.220000000000002,whiteje01-1988
minnidi01,14,0.8,198711240GSW-GSW,198711240GSW-LAC,GSW-1988,0,1988,11.200000000000001,21.220000000000002,minnidi01-1988
frankte01,9,-1.8,198711240GSW-GSW,198711240GSW-LAC,GSW-1988,0,1988,-16.2,21.220000000000002,frankte01-1988
feitlda01,6,-2.1,198711240GSW-GSW,198711240GSW-LAC,GSW-1988,0,1988,-12.600000000000001,21.220000000000002,feitlda01-1988
hendeke01,5,-1.3,198711240GSW-GSW,198711240GSW-LAC,GSW-1988,0,1988,-6.5,21.220000000000002,hendeke01-1988
benjabe01,39,-0.9,198711250LAC-LAC,198711250LAC-WSB,LAC-1988,0,1988,-35.1,31.769999999999996,benjabe01-1988
wolfjo01,39,10.2,198711250LAC-LAC,198711250LAC-WSB,LAC-1988,0,1988,397.79999999999995,31.769999999999996,wolfjo01-1988
woodsmi01,37,12.1,198711250LAC-LAC,198711250LAC-WSB,LAC-1988,0,1988,447.7,31.769999999999996,woodsmi01-1988
drewla01,32,-2.6,198711250LAC-LAC,198711250LAC-WSB,LAC-1988,0,1988,-83.2,31.769999999999996,drewla01-1988
cagemi01,29,-4.6,198711250LAC-LAC,198711250LAC-WSB,LAC-1988,0,1988,-133.39999999999998,31.769999999999996,cagemi01-1988
willire01,28,-7.3,198711250LAC-LAC,198711250LAC-WSB,LAC-1988,0,1988,-204.4,31.769999999999996,willire01-1988
valenda01,16,-2.1,198711250LAC-LAC,198711250LAC-WSB,LAC-1988,0,1988,-33.6,31.769999999999996,valenda01-1988
dailequ01,9,-2.9,198711250LAC-LAC,198711250LAC-WSB,LAC-1988,0,1988,-26.099999999999998,31.769999999999996,dailequ01-1988
nesslma01,8,-1.5,198711250LAC-LAC,198711250LAC-WSB,LAC-1988,0,1988,-12,31.769999999999996,nesslma01-1988
curetea01,3,0,198711250LAC-LAC,198711250LAC-WSB,LAC-1988,0,1988,0,31.769999999999996,curetea01-1988
kerseje01,46,8.6,198711270POR-POR,198711270POR-LAC,POR-1988,1,1988,395.59999999999997,71.67272727272727,kerseje01-1988
drexlcl01,45,7.2,198711270POR-POR,198711270POR-LAC,POR-1988,1,1988,324,71.67272727272727,drexlcl01-1988
portete01,38,4.1,198711270POR-POR,198711270POR-LAC,POR-1988,1,1988,155.79999999999998,71.67272727272727,portete01-1988
johnsst03,30,4.9,198711270POR-POR,198711270POR-LAC,POR-1988,1,1988,147,71.67272727272727,johnsst03-1988
jonesca01,21,-1.8,198711270POR-POR,198711270POR-LAC,POR-1988,1,1988,-37.800000000000004,71.67272727272727,jonesca01-1988
duckwke01,16,-5.9,198711270POR-POR,198711270POR-LAC,POR-1988,1,1988,-94.4,71.67272727272727,duckwke01-1988
lucasma01,16,-3.2,198711270POR-POR,198711270POR-LAC,POR-1988,1,1988,-51.2,71.67272727272727,lucasma01-1988
holtomi01,13,-5.2,198711270POR-POR,198711270POR-LAC,POR-1988,1,1988,-67.60000000000001,71.67272727272727,holtomi01-1988
jonesch02,11,1.3,198711270POR-POR,198711270POR-LAC,POR-1988,1,1988,14.3,71.67272727272727,jonesch02-1988
wilsoni01,3,0.9,198711270POR-POR,198711270POR-LAC,POR-1988,1,1988,2.7,71.67272727272727,wilsoni01-1988
gamblke01,1,0,198711270POR-POR,198711270POR-LAC,POR-1988,1,1988,0,71.67272727272727,gamblke01-1988
cagemi01,37,-0.4,198712020LAC-LAC,198712020LAC-PHI,LAC-1988,1,1988,-14.8,15.063636363636366,cagemi01-1988
benjabe01,36,6.2,198712020LAC-LAC,198712020LAC-PHI,LAC-1988,1,1988,223.20000000000002,15.063636363636366,benjabe01-1988
wolfjo01,31,-1,198712020LAC-LAC,198712020LAC-PHI,LAC-1988,1,1988,-31,15.063636363636366,wolfjo01-1988
drewla01,26,-1.4,198712020LAC-LAC,198712020LAC-PHI,LAC-1988,1,1988,-36.4,15.063636363636366,drewla01-1988
woodsmi01,25,-4.7,198712020LAC-LAC,198712020LAC-PHI,LAC-1988,1,1988,-117.5,15.063636363636366,woodsmi01-1988
valenda01,22,2.2,198712020LAC-LAC,198712020LAC-PHI,LAC-1988,1,1988,48.400000000000006,15.063636363636366,valenda01-1988
dailequ01,21,3.5,198712020LAC-LAC,198712020LAC-PHI,LAC-1988,1,1988,73.5,15.063636363636366,dailequ01-1988
willire01,20,0.9,198712020LAC-LAC,198712020LAC-PHI,LAC-1988,1,1988,18,15.063636363636366,willire01-1988
nesslma01,11,0.9,198712020LAC-LAC,198712020LAC-PHI,LAC-1988,1,1988,9.9,15.063636363636366,nesslma01-1988
normake01,7,-0.4,198712020LAC-LAC,198712020LAC-PHI,LAC-1988,1,1988,-2.8000000000000003,15.063636363636366,normake01-1988
curetea01,4,-1.2,198712020LAC-LAC,198712020LAC-PHI,LAC-1988,1,1988,-4.8,15.063636363636366,curetea01-1988
benjabe01,39,4.5,198712040LAC-LAC,198712040LAC-SAC,LAC-1988,1,1988,175.5,23.70909090909091,benjabe01-1988
wolfjo01,38,0.3,198712040LAC-LAC,198712040LAC-SAC,LAC-1988,1,1988,11.4,23.70909090909091,wolfjo01-1988
woodsmi01,29,-0.8,198712040LAC-LAC,198712040LAC-SAC,LAC-1988,1,1988,-23.200000000000003,23.70909090909091,woodsmi01-1988
drewla01,25,3.6,198712040LAC-LAC,198712040LAC-SAC,LAC-1988,1,1988,90,23.70909090909091,drewla01-1988
cagemi01,23,-3.9,198712040LAC-LAC,198712040LAC-SAC,LAC-1988,1,1988,-89.7,23.70909090909091,cagemi01-1988
curetea01,21,1.8,198712040LAC-LAC,198712040LAC-SAC,LAC-1988,1,1988,37.800000000000004,23.70909090909091,curetea01-1988
willire01,20,-1.9,198712040LAC-LAC,198712040LAC-SAC,LAC-1988,1,1988,-38,23.70909090909091,willire01-1988
dailequ01,19,5.8,198712040LAC-LAC,198712040LAC-SAC,LAC-1988,1,1988,110.2,23.70909090909091,dailequ01-1988
valenda01,13,-1,198712040LAC-LAC,198712040LAC-SAC,LAC-1988,1,1988,-13,23.70909090909091,valenda01-1988
nesslma01,8,0.1,198712040LAC-LAC,198712040LAC-SAC,LAC-1988,1,1988,0.8,23.70909090909091,nesslma01-1988
normake01,5,-0.2,198712040LAC-LAC,198712040LAC-SAC,LAC-1988,1,1988,-1,23.70909090909091,normake01-1988
benjabe01,44,3.9,198712060LAC-LAC,198712060LAC-PHO,LAC-1988,0,1988,171.6,26.96363636363636,benjabe01-1988
cagemi01,38,-0.1,198712060LAC-LAC,198712060LAC-PHO,LAC-1988,0,1988,-3.8000000000000003,26.96363636363636,cagemi01-1988
woodsmi01,37,7.3,198712060LAC-LAC,198712060LAC-PHO,LAC-1988,0,1988,270.09999999999997,26.96363636363636,woodsmi01-1988
wolfjo01,35,-2.2,198712060LAC-LAC,198712060LAC-PHO,LAC-1988,0,1988,-77,26.96363636363636,wolfjo01-1988
drewla01,34,1.8,198712060LAC-LAC,198712060LAC-PHO,LAC-1988,0,1988,61.2,26.96363636363636,drewla01-1988
dailequ01,17,-1.9,198712060LAC-LAC,198712060LAC-PHO,LAC-1988,0,1988,-32.3,26.96363636363636,dailequ01-1988
willire01,17,-5.1,198712060LAC-LAC,198712060LAC-PHO,LAC-1988,0,1988,-86.69999999999999,26.96363636363636,willire01-1988
curetea01,7,-0.1,198712060LAC-LAC,198712060LAC-PHO,LAC-1988,0,1988,-0.7000000000000001,26.96363636363636,curetea01-1988
nesslma01,4,-1.3,198712060LAC-LAC,198712060LAC-PHO,LAC-1988,0,1988,-5.2,26.96363636363636,nesslma01-1988
valenda01,4,0.3,198712060LAC-LAC,198712060LAC-PHO,LAC-1988,0,1988,1.2,26.96363636363636,valenda01-1988
normake01,3,-0.6,198712060LAC-LAC,198712060LAC-PHO,LAC-1988,0,1988,-1.7999999999999998,26.96363636363636,normake01-1988
wolfjo01,42,-0.8,198712080LAC-LAC,198712080LAC-ATL,LAC-1988,0,1988,-33.6,-5.800000000000002,wolfjo01-1988
cagemi01,39,0.5,198712080LAC-LAC,198712080LAC-ATL,LAC-1988,0,1988,19.5,-5.800000000000002,cagemi01-1988
woodsmi01,39,0.4,198712080LAC-LAC,198712080LAC-ATL,LAC-1988,0,1988,15.600000000000001,-5.800000000000002,woodsmi01-1988
benjabe01,34,-2,198712080LAC-LAC,198712080LAC-ATL,LAC-1988,0,1988,-68,-5.800000000000002,benjabe01-1988
drewla01,30,2.2,198712080LAC-LAC,198712080LAC-ATL,LAC-1988,0,1988,66,-5.800000000000002,drewla01-1988
dailequ01,17,-6.2,198712080LAC-LAC,198712080LAC-ATL,LAC-1988,0,1988,-105.4,-5.800000000000002,dailequ01-1988
curetea01,13,0.5,198712080LAC-LAC,198712080LAC-ATL,LAC-1988,0,1988,6.5,-5.800000000000002,curetea01-1988
willire01,12,3.3,198712080LAC-LAC,198712080LAC-ATL,LAC-1988,0,1988,39.599999999999994,-5.800000000000002,willire01-1988
nesslma01,9,-1.3,198712080LAC-LAC,198712080LAC-ATL,LAC-1988,0,1988,-11.700000000000001,-5.800000000000002,nesslma01-1988
normake01,5,2.7,198712080LAC-LAC,198712080LAC-ATL,LAC-1988,0,1988,13.5,-5.800000000000002,normake01-1988
drewla01,38,5.2,198712100LAC-LAC,198712100LAC-SEA,LAC-1988,1,1988,197.6,63.54545454545455,drewla01-1988
benjabe01,37,2.7,198712100LAC-LAC,198712100LAC-SEA,LAC-1988,1,1988,99.9,63.54545454545455,benjabe01-1988
woodsmi01,37,5.1,198712100LAC-LAC,198712100LAC-SEA,LAC-1988,1,1988,188.7,63.54545454545455,woodsmi01-1988
cagemi01,33,6.3,198712100LAC-LAC,198712100LAC-SEA,LAC-1988,1,1988,207.9,63.54545454545455,cagemi01-1988
normake01,26,1.5,198712100LAC-LAC,198712100LAC-SEA,LAC-1988,1,1988,39,63.54545454545455,normake01-1988
willire01,20,4.2,198712100LAC-LAC,198712100LAC-SEA,LAC-1988,1,1988,84,63.54545454545455,willire01-1988
curetea01,16,-1.4,198712100LAC-LAC,198712100LAC-SEA,LAC-1988,1,1988,-22.4,63.54545454545455,curetea01-1988
dailequ01,11,-1.5,198712100LAC-LAC,198712100LAC-SEA,LAC-1988,1,1988,-16.5,63.54545454545455,dailequ01-1988
nesslma01,10,-3.4,198712100LAC-LAC,198712100LAC-SEA,LAC-1988,1,1988,-34,63.54545454545455,nesslma01-1988
valenda01,10,-4.5,198712100LAC-LAC,198712100LAC-SEA,LAC-1988,1,1988,-45,63.54545454545455,valenda01-1988
colemno01,2,-0.1,198712100LAC-LAC,198712100LAC-SEA,LAC-1988,1,1988,-0.2,63.54545454545455,colemno01-1988
mcdanxa01,39,12.9,198712120SEA-SEA,198712120SEA-LAC,SEA-1988,1,1988,503.1,66.3,mcdanxa01-1988
ellisda01,37,6.4,198712120SEA-SEA,198712120SEA-LAC,SEA-1988,1,1988,236.8,66.3,ellisda01-1988
mcmilna01,33,8.9,198712120SEA-SEA,198712120SEA-LAC,SEA-1988,1,1988,293.7,66.3,mcmilna01-1988
chambto01,31,-2.1,198712120SEA-SEA,198712120SEA-LAC,SEA-1988,1,1988,-65.10000000000001,66.3,chambto01-1988
listeal01,31,-3.4,198712120SEA-SEA,198712120SEA-LAC,SEA-1988,1,1988,-105.39999999999999,66.3,listeal01-1988
mckeyde01,21,-2.6,198712120SEA-SEA,198712120SEA-LAC,SEA-1988,1,1988,-54.6,66.3,mckeyde01-1988
polynol01,11,0.1,198712120SEA-SEA,198712120SEA-LAC,SEA-1988,1,1988,1.1,66.3,polynol01-1988
willike01,11,-0.7,198712120SEA-SEA,198712120SEA-LAC,SEA-1988,1,1988,-7.699999999999999,66.3,willike01-1988
vincesa01,9,2.1,198712120SEA-SEA,198712120SEA-LAC,SEA-1988,1,1988,18.900000000000002,66.3,vincesa01-1988
schoeru01,7,-2.6,198712120SEA-SEA,198712120SEA-LAC,SEA-1988,1,1988,-18.2,66.3,schoeru01-1988
youngda01,6,-0.3,198712120SEA-SEA,198712120SEA-LAC,SEA-1988,1,1988,-1.7999999999999998,66.3,youngda01-1988
johnscl01,4,-1.3,198712120SEA-SEA,198712120SEA-LAC,SEA-1988,1,1988,-5.2,66.3,johnscl01-1988
thorpot01,43,13,198712150SAC-SAC,198712150SAC-LAC,SAC-1988,1,1988,559,55.47272727272727,thorpot01-1988
theusre01,37,2.9,198712150SAC-SAC,198712150SAC-LAC,SAC-1988,1,1988,107.3,55.47272727272727,theusre01-1988
pressha01,34,-2.7,198712150SAC-SAC,198712150SAC-LAC,SAC-1988,1,1988,-91.80000000000001,55.47272727272727,pressha01-1988
edwarfr01,24,0.4,198712150SAC-SAC,198712150SAC-LAC,SAC-1988,1,1988,9.600000000000001,55.47272727272727,edwarfr01-1988
jacksmi02,22,-1.8,198712150SAC-SAC,198712150SAC-LAC,SAC-1988,1,1988,-39.6,55.47272727272727,jacksmi02-1988
oldhaja01,21,2.9,198712150SAC-SAC,198712150SAC-LAC,SAC-1988,1,1988,60.9,55.47272727272727,oldhaja01-1988
thompla01,21,1.7,198712150SAC-SAC,198712150SAC-LAC,SAC-1988,1,1988,35.699999999999996,55.47272727272727,thompla01-1988
mcgeemi01,13,1.1,198712150SAC-SAC,198712150SAC-LAC,SAC-1988,1,1988,14.3,55.47272727272727,mcgeemi01-1988
tylerte01,12,0.6,198712150SAC-SAC,198712150SAC-LAC,SAC-1988,1,1988,7.199999999999999,55.47272727272727,tylerte01-1988
kleinjo01,10,-5,198712150SAC-SAC,198712150SAC-LAC,SAC-1988,1,1988,-50,55.47272727272727,kleinjo01-1988
pincked01,3,-0.8,198712150SAC-SAC,198712150SAC-LAC,SAC-1988,1,1988,-2.4000000000000004,55.47272727272727,pincked01-1988
cagemi01,44,1.4,198712170LAC-LAC,198712170LAC-HOU,LAC-1988,1,1988,61.599999999999994,44.888888888888886,cagemi01-1988
woodsmi01,36,4,198712170LAC-LAC,198712170LAC-HOU,LAC-1988,1,1988,144,44.888888888888886,woodsmi01-1988
drewla01,35,0.4,198712170LAC-LAC,198712170LAC-HOU,LAC-1988,1,1988,14,44.888888888888886,drewla01-1988
benjabe01,33,8.2,198712170LAC-LAC,198712170LAC-HOU,LAC-1988,1,1988,270.59999999999997,44.888888888888886,benjabe01-1988
normake01,27,-1.7,198712170LAC-LAC,198712170LAC-HOU,LAC-1988,1,1988,-45.9,44.888888888888886,normake01-1988
dailequ01,23,-2.8,198712170LAC-LAC,198712170LAC-HOU,LAC-1988,1,1988,-64.39999999999999,44.888888888888886,dailequ01-1988
curetea01,19,1.6,198712170LAC-LAC,198712170LAC-HOU,LAC-1988,1,1988,30.400000000000002,44.888888888888886,curetea01-1988
valenda01,13,-0.1,198712170LAC-LAC,198712170LAC-HOU,LAC-1988,1,1988,-1.3,44.888888888888886,valenda01-1988
willire01,10,-0.5,198712170LAC-LAC,198712170LAC-HOU,LAC-1988,1,1988,-5,44.888888888888886,willire01-1988
cagemi01,41,5.5,198712190LAC-LAC,198712190LAC-LAL,LAC-1988,0,1988,225.5,21.240000000000002,cagemi01-1988
woodsmi01,35,1.2,198712190LAC-LAC,198712190LAC-LAL,LAC-1988,0,1988,42,21.240000000000002,woodsmi01-1988
benjabe01,31,2.9,198712190LAC-LAC,198712190LAC-LAL,LAC-1988,0,1988,89.89999999999999,21.240000000000002,benjabe01-1988
drewla01,28,1.3,198712190LAC-LAC,198712190LAC-LAL,LAC-1988,0,1988,36.4,21.240000000000002,drewla01-1988
dailequ01,28,-0.2,198712190LAC-LAC,198712190LAC-LAL,LAC-1988,0,1988,-5.6000000000000005,21.240000000000002,dailequ01-1988
willire01,23,-7.6,198712190LAC-LAC,198712190LAC-LAL,LAC-1988,0,1988,-174.79999999999998,21.240000000000002,willire01-1988
valenda01,20,2.6,198712190LAC-LAC,198712190LAC-LAL,LAC-1988,0,1988,52,21.240000000000002,valenda01-1988
curetea01,14,-1.5,198712190LAC-LAC,198712190LAC-LAL,LAC-1988,0,1988,-21,21.240000000000002,curetea01-1988
nesslma01,10,-0.3,198712190LAC-LAC,198712190LAC-LAL,LAC-1988,0,1988,-3,21.240000000000002,nesslma01-1988
normake01,10,-2.9,198712190LAC-LAC,198712190LAC-LAL,LAC-1988,0,1988,-29,21.240000000000002,normake01-1988
cagemi01,44,4.3,198712230LAC-LAC,198712230LAC-SAS,LAC-1988,0,1988,189.2,-9.100000000000001,cagemi01-1988
willire01,31,0.4,198712230LAC-LAC,198712230LAC-SAS,LAC-1988,0,1988,12.4,-9.100000000000001,willire01-1988
woodsmi01,30,-11.4,198712230LAC-LAC,198712230LAC-SAS,LAC-1988,0,1988,-342,-9.100000000000001,woodsmi01-1988
curetea01,29,5,198712230LAC-LAC,198712230LAC-SAS,LAC-1988,0,1988,145,-9.100000000000001,curetea01-1988
drewla01,28,-4.5,198712230LAC-LAC,198712230LAC-SAS,LAC-1988,0,1988,-126,-9.100000000000001,drewla01-1988
benjabe01,23,-2.1,198712230LAC-LAC,198712230LAC-SAS,LAC-1988,0,1988,-48.300000000000004,-9.100000000000001,benjabe01-1988
dailequ01,19,3.3,198712230LAC-LAC,198712230LAC-SAS,LAC-1988,0,1988,62.699999999999996,-9.100000000000001,dailequ01-1988
valenda01,18,2.6,198712230LAC-LAC,198712230LAC-SAS,LAC-1988,0,1988,46.800000000000004,-9.100000000000001,valenda01-1988
colemno01,10,-1.8,198712230LAC-LAC,198712230LAC-SAS,LAC-1988,0,1988,-18,-9.100000000000001,colemno01-1988
normake01,8,-1.6,198712230LAC-LAC,198712230LAC-SAS,LAC-1988,0,1988,-12.8,-9.100000000000001,normake01-1988
benjabe01,43,-2.9,198712260LAC-LAC,198712260LAC-BOS,LAC-1988,0,1988,-124.7,10.655555555555557,benjabe01-1988
cagemi01,39,-0.2,198712260LAC-LAC,198712260LAC-BOS,LAC-1988,0,1988,-7.800000000000001,10.655555555555557,cagemi01-1988
willire01,39,-0.1,198712260LAC-LAC,198712260LAC-BOS,LAC-1988,0,1988,-3.9000000000000004,10.655555555555557,willire01-1988
woodsmi01,30,-1.7,198712260LAC-LAC,198712260LAC-BOS,LAC-1988,0,1988,-51,10.655555555555557,woodsmi01-1988
drewla01,24,-2.5,198712260LAC-LAC,198712260LAC-BOS,LAC-1988,0,1988,-60,10.655555555555557,drewla01-1988
dailequ01,24,8.5,198712260LAC-LAC,198712260LAC-BOS,LAC-1988,0,1988,204,10.655555555555557,dailequ01-1988
valenda01,22,8.4,198712260LAC-LAC,198712260LAC-BOS,LAC-1988,0,1988,184.8,10.655555555555557,valenda01-1988
curetea01,14,-2.5,198712260LAC-LAC,198712260LAC-BOS,LAC-1988,0,1988,-35,10.655555555555557,curetea01-1988
colemno01,5,-2.1,198712260LAC-LAC,198712260LAC-BOS,LAC-1988,0,1988,-10.5,10.655555555555557,colemno01-1988
cagemi01,40,-4.4,198712300LAC-LAC,198712300LAC-PHO,LAC-1988,0,1988,-176,-25.75,cagemi01-1988
drewla01,39,4.4,198712300LAC-LAC,198712300LAC-PHO,LAC-1988,0,1988,171.60000000000002,-25.75,drewla01-1988
willire01,37,2,198712300LAC-LAC,198712300LAC-PHO,LAC-1988,0,1988,74,-25.75,willire01-1988
woodsmi01,36,-4,198712300LAC-LAC,198712300LAC-PHO,LAC-1988,0,1988,-144,-25.75,woodsmi01-1988
curetea01,34,1.7,198712300LAC-LAC,198712300LAC-PHO,LAC-1988,0,1988,57.8,-25.75,curetea01-1988
dailequ01,26,-4.2,198712300LAC-LAC,198712300LAC-PHO,LAC-1988,0,1988,-109.2,-25.75,dailequ01-1988
benjabe01,22,-3.7,198712300LAC-LAC,198712300LAC-PHO,LAC-1988,0,1988,-81.4,-25.75,benjabe01-1988
valenda01,6,0.2,198712300LAC-LAC,198712300LAC-PHO,LAC-1988,0,1988,1.2000000000000002,-25.75,valenda01-1988
jacksma01,43,0.5,198801010NYK-NYK,198801010NYK-LAC,NYK-1988,1,1988,21.5,47.40909090909091,jacksma01-1988
walkeke01,34,5.6,198801010NYK-NYK,198801010NYK-LAC,NYK-1988,1,1988,190.39999999999998,47.40909090909091,walkeke01-1988
greensi02,33,1.3,198801010NYK-NYK,198801010NYK-LAC,NYK-1988,1,1988,42.9,47.40909090909091,greensi02-1988
wilkige01,33,10.9,198801010NYK-NYK,198801010NYK-LAC,NYK-1988,1,1988,359.7,47.40909090909091,wilkige01-1988
ewingpa01,29,-1.2,198801010NYK-NYK,198801010NYK-LAC,NYK-1988,1,1988,-34.8,47.40909090909091,ewingpa01-1988
cummipa01,21,-1.2,198801010NYK-NYK,198801010NYK-LAC,NYK-1988,1,1988,-25.2,47.40909090909091,cummipa01-1988
tucketr01,15,-3.2,198801010NYK-NYK,198801010NYK-LAC,NYK-1988,1,1988,-48,47.40909090909091,tucketr01-1988
newmajo01,14,0.6,198801010NYK-NYK,198801010NYK-LAC,NYK-1988,1,1988,8.4,47.40909090909091,newmajo01-1988
cartwbi01,12,-0.2,198801010NYK-NYK,198801010NYK-LAC,NYK-1988,1,1988,-2.4000000000000004,47.40909090909091,cartwbi01-1988
donovbi01,5,1.8,198801010NYK-NYK,198801010NYK-LAC,NYK-1988,1,1988,9,47.40909090909091,donovbi01-1988
orrlo01,1,0,198801010NYK-NYK,198801010NYK-LAC,NYK-1988,1,1988,0,47.40909090909091,orrlo01-1988
wilkido01,30,2.1,198801030ATL-ATL,198801030ATL-LAC,ATL-1988,1,1988,63,64.47,wilkido01-1988
koncajo01,29,3.4,198801030ATL-ATL,198801030ATL-LAC,ATL-1988,1,1988,98.6,64.47,koncajo01-1988
levincl01,27,1.5,198801030ATL-ATL,198801030ATL-LAC,ATL-1988,1,1988,40.5,64.47,levincl01-1988
wittmra01,25,-0.9,198801030ATL-ATL,198801030ATL-LAC,ATL-1988,1,1988,-22.5,64.47,wittmra01-1988
webbsp01,25,3.4,198801030ATL-ATL,198801030ATL-LAC,ATL-1988,1,1988,85,64.47,webbsp01-1988
battljo01,24,2.7,198801030ATL-ATL,198801030ATL-LAC,ATL-1988,1,1988,64.80000000000001,64.47,battljo01-1988
riverdo01,23,11,198801030ATL-ATL,198801030ATL-LAC,ATL-1988,1,1988,253,64.47,riverdo01-1988
hastisc01,23,1.7,198801030ATL-ATL,198801030ATL-LAC,ATL-1988,1,1988,39.1,64.47,hastisc01-1988
rollitr01,18,1.2,198801030ATL-ATL,198801030ATL-LAC,ATL-1988,1,1988,21.599999999999998,64.47,rollitr01-1988
washbch01,16,0.1,198801030ATL-ATL,198801030ATL-LAC,ATL-1988,1,1988,1.6,64.47,washbch01-1988
sikmaja01,37,6.9,198801050MIL-MIL,198801050MIL-LAC,MIL-1988,1,1988,255.3,46.13333333333333,sikmaja01-1988
cummite01,34,3.6,198801050MIL-MIL,198801050MIL-LAC,MIL-1988,1,1988,122.4,46.13333333333333,cummite01-1988
breuera01,31,-3.1,198801050MIL-MIL,198801050MIL-LAC,MIL-1988,1,1988,-96.10000000000001,46.13333333333333,breuera01-1988
presspa01,29,4.7,198801050MIL-MIL,198801050MIL-LAC,MIL-1988,1,1988,136.3,46.13333333333333,presspa01-1988
moncrsi01,25,5,198801050MIL-MIL,198801050MIL-LAC,MIL-1988,1,1988,125,46.13333333333333,moncrsi01-1988
mannipa01,19,4.5,198801050MIL-MIL,198801050MIL-LAC,MIL-1988,1,1988,85.5,46.13333333333333,mannipa01-1988
hodgecr01,16,0.9,198801050MIL-MIL,198801050MIL-LAC,MIL-1988,1,1988,14.4,46.13333333333333,hodgecr01-1988
lucasjo01,16,-1.2,198801050MIL-MIL,198801050MIL-LAC,MIL-1988,1,1988,-19.2,46.13333333333333,lucasjo01-1988
mokespa01,12,-0.6,198801050MIL-MIL,198801050MIL-LAC,MIL-1988,1,1988,-7.199999999999999,46.13333333333333,mokespa01-1988
reynoje01,11,-4,198801050MIL-MIL,198801050MIL-LAC,MIL-1988,1,1988,-44,46.13333333333333,reynoje01-1988
krystla01,7,-2.3,198801050MIL-MIL,198801050MIL-LAC,MIL-1988,1,1988,-16.099999999999998,46.13333333333333,krystla01-1988
henryco01,3,-0.9,198801050MIL-MIL,198801050MIL-LAC,MIL-1988,1,1988,-2.7,46.13333333333333,henryco01-1988
daughbr01,41,3.8,198801060CLE-CLE,198801060CLE-LAC,CLE-1988,1,1988,155.79999999999998,38.05,daughbr01-1988
pricema01,29,1.2,198801060CLE-CLE,198801060CLE-LAC,CLE-1988,1,1988,34.8,38.05,pricema01-1988
ehlocr01,28,-2.3,198801060CLE-CLE,198801060CLE-LAC,CLE-1988,1,1988,-64.39999999999999,38.05,ehlocr01-1988
harpero01,28,5.5,198801060CLE-CLE,198801060CLE-LAC,CLE-1988,1,1988,154,38.05,harpero01-1988
westma01,22,6.1,198801060CLE-CLE,198801060CLE-LAC,CLE-1988,1,1988,134.2,38.05,westma01-1988
williho01,20,0.6,198801060CLE-CLE,198801060CLE-LAC,CLE-1988,1,1988,12,38.05,williho01-1988
corbity01,20,1.4,198801060CLE-CLE,198801060CLE-LAC,CLE-1988,1,1988,28,38.05,corbity01-1988
curryde01,20,-1.2,198801060CLE-CLE,198801060CLE-LAC,CLE-1988,1,1988,-24,38.05,curryde01-1988
johnske02,20,1.7,198801060CLE-CLE,198801060CLE-LAC,CLE-1988,1,1988,34,38.05,johnske02-1988
hubbaph01,6,0.1,198801060CLE-CLE,198801060CLE-LAC,CLE-1988,1,1988,0.6000000000000001,38.05,hubbaph01-1988
dudlech02,3,-2.1,198801060CLE-CLE,198801060CLE-LAC,CLE-1988,1,1988,-6.300000000000001,38.05,dudlech02-1988
rogerjo01,3,-0.7,198801060CLE-CLE,198801060CLE-LAC,CLE-1988,1,1988,-2.0999999999999996,38.05,rogerjo01-1988
robincl01,41,-1.3,198801080PHI-PHI,198801080PHI-LAC,PHI-1988,1,1988,-53.300000000000004,46.9375,robincl01-1988
cheekma01,37,4.7,198801080PHI-PHI,198801080PHI-LAC,PHI-1988,1,1988,173.9,46.9375,cheekma01-1988
mccorti01,36,3.2,198801080PHI-PHI,198801080PHI-LAC,PHI-1988,1,1988,115.2,46.9375,mccorti01-1988
barklch01,32,5.5,198801080PHI-PHI,198801080PHI-LAC,PHI-1988,1,1988,176,46.9375,barklch01-1988
hinsoro01,31,-0.3,198801080PHI-PHI,198801080PHI-LAC,PHI-1988,1,1988,-9.299999999999999,46.9375,hinsoro01-1988
kingal01,30,-4,198801080PHI-PHI,198801080PHI-LAC,PHI-1988,1,1988,-120,46.9375,kingal01-1988
hendege01,29,3,198801080PHI-PHI,198801080PHI-LAC,PHI-1988,1,1988,87,46.9375,hendege01-1988
vraneda01,4,1.5,198801080PHI-PHI,198801080PHI-LAC,PHI-1988,1,1988,6,46.9375,vraneda01-1988
willijo02,32,2.5,198801090WSB-WSB,198801090WSB-LAC,WSB-1988,1,1988,80,38.13636363636363,willijo02-1988
malonje01,28,1,198801090WSB-WSB,198801090WSB-LAC,WSB-1988,1,1988,28,38.13636363636363,malonje01-1988
catlete01,26,-1.8,198801090WSB-WSB,198801090WSB-LAC,WSB-1988,1,1988,-46.800000000000004,38.13636363636363,catlete01-1988
kingbe01,26,2.8,198801090WSB-WSB,198801090WSB-LAC,WSB-1988,1,1988,72.8,38.13636363636363,kingbe01-1988
coltest01,25,-0.4,198801090WSB-WSB,198801090WSB-LAC,WSB-1988,1,1988,-10,38.13636363636363,coltest01-1988
malonmo01,25,0.3,198801090WSB-WSB,198801090WSB-LAC,WSB-1988,1,1988,7.5,38.13636363636363,malonmo01-1988
bolma01,24,2.8,198801090WSB-WSB,198801090WSB-LAC,WSB-1988,1,1988,67.19999999999999,38.13636363636363,bolma01-1988
johnsfr01,17,7.3,198801090WSB-WSB,198801090WSB-LAC,WSB-1988,1,1988,124.1,38.13636363636363,johnsfr01-1988
boguemu01,15,4.2,198801090WSB-WSB,198801090WSB-LAC,WSB-1988,1,1988,63,38.13636363636363,boguemu01-1988
alarima01,13,3.7,198801090WSB-WSB,198801090WSB-LAC,WSB-1988,1,1988,48.1,38.13636363636363,alarima01-1988
jonesch01,9,-1.6,198801090WSB-WSB,198801090WSB-LAC,WSB-1988,1,1988,-14.4,38.13636363636363,jonesch01-1988
persoch01,32,3.1,198801110IND-IND,198801110IND-LAC,IND-1988,1,1988,99.2,44.981818181818184,persoch01-1988
flemive01,30,4.4,198801110IND-IND,198801110IND-LAC,IND-1988,1,1988,132,44.981818181818184,flemive01-1988
stipast01,27,2.3,198801110IND-IND,198801110IND-LAC,IND-1988,1,1988,62.099999999999994,44.981818181818184,stipast01-1988
willihe01,27,-0.1,198801110IND-IND,198801110IND-LAC,IND-1988,1,1988,-2.7,44.981818181818184,willihe01-1988
tisdawa01,27,3.5,198801110IND-IND,198801110IND-LAC,IND-1988,1,1988,94.5,44.981818181818184,tisdawa01-1988
longjo01,25,4.3,198801110IND-IND,198801110IND-LAC,IND-1988,1,1988,107.5,44.981818181818184,longjo01-1988
millere01,21,2.8,198801110IND-IND,198801110IND-LAC,IND-1988,1,1988,58.8,44.981818181818184,millere01-1988
wheelcl01,18,-3.1,198801110IND-IND,198801110IND-LAC,IND-1988,1,1988,-55.800000000000004,44.981818181818184,wheelcl01-1988
grayst01,16,-1.5,198801110IND-IND,198801110IND-LAC,IND-1988,1,1988,-24,44.981818181818184,grayst01-1988
anderro01,11,4.4,198801110IND-IND,198801110IND-LAC,IND-1988,1,1988,48.400000000000006,44.981818181818184,anderro01-1988
dreilgr01,6,-4.2,198801110IND-IND,198801110IND-LAC,IND-1988,1,1988,-25.200000000000003,44.981818181818184,dreilgr01-1988
cagemi01,46,5.4,198801130LAC-LAC,198801130LAC-LAL,LAC-1988,1,1988,248.4,53.64,cagemi01-1988
benjabe01,44,2.9,198801130LAC-LAC,198801130LAC-LAL,LAC-1988,1,1988,127.6,53.64,benjabe01-1988
drewla01,40,2.3,198801130LAC-LAC,198801130LAC-LAL,LAC-1988,1,1988,92,53.64,drewla01-1988
woodsmi01,38,4.2,198801130LAC-LAC,198801130LAC-LAL,LAC-1988,1,1988,159.6,53.64,woodsmi01-1988
colemno01,29,-1.6,198801130LAC-LAC,198801130LAC-LAL,LAC-1988,1,1988,-46.400000000000006,53.64,colemno01-1988
wolfjo01,23,-3.3,198801130LAC-LAC,198801130LAC-LAL,LAC-1988,1,1988,-75.89999999999999,53.64,wolfjo01-1988
dailequ01,20,2.7,198801130LAC-LAC,198801130LAC-LAL,LAC-1988,1,1988,54,53.64,dailequ01-1988
curetea01,14,0.8,198801130LAC-LAC,198801130LAC-LAL,LAC-1988,1,1988,11.200000000000001,53.64,curetea01-1988
valenda01,9,-3.7,198801130LAC-LAC,198801130LAC-LAL,LAC-1988,1,1988,-33.300000000000004,53.64,valenda01-1988
nesslma01,2,-0.4,198801130LAC-LAC,198801130LAC-LAL,LAC-1988,1,1988,-0.8,53.64,nesslma01-1988
garlawi01,39,12.1,198801150GSW-GSW,198801150GSW-LAC,GSW-1988,1,1988,471.9,20.422222222222217,garlawi01-1988
teaglte01,36,-4.2,198801150GSW-GSW,198801150GSW-LAC,GSW-1988,1,1988,-151.20000000000002,20.422222222222217,teaglte01-1988
frankte01,29,-1.8,198801150GSW-GSW,198801150GSW-LAC,GSW-1988,1,1988,-52.2,20.422222222222217,frankte01-1988
smithot01,29,2.5,198801150GSW-GSW,198801150GSW-LAC,GSW-1988,1,1988,72.5,20.422222222222217,smithot01-1988
whiteje01,27,1.9,198801150GSW-GSW,198801150GSW-LAC,GSW-1988,1,1988,51.3,20.422222222222217,whiteje01-1988
higgiro01,25,-4.6,198801150GSW-GSW,198801150GSW-LAC,GSW-1988,1,1988,-114.99999999999999,20.422222222222217,higgiro01-1988
mcdonbe01,25,2.1,198801150GSW-GSW,198801150GSW-LAC,GSW-1988,1,1988,52.5,20.422222222222217,mcdonbe01-1988
feitlda01,20,-8.5,198801150GSW-GSW,198801150GSW-LAC,GSW-1988,1,1988,-170,20.422222222222217,feitlda01-1988
whiteto01,10,2.4,198801150GSW-GSW,198801150GSW-LAC,GSW-1988,1,1988,24,20.422222222222217,whiteto01-1988
benjabe01,44,11.4,198801160LAC-LAC,198801160LAC-SEA,LAC-1988,0,1988,501.6,42.25,benjabe01-1988
cagemi01,42,3.5,198801160LAC-LAC,198801160LAC-SEA,LAC-1988,0,1988,147,42.25,cagemi01-1988
normake01,29,1.1,198801160LAC-LAC,198801160LAC-SEA,LAC-1988,0,1988,31.900000000000002,42.25,normake01-1988
valenda01,29,0,198801160LAC-LAC,198801160LAC-SEA,LAC-1988,0,1988,0,42.25,valenda01-1988
dailequ01,27,-0.6,198801160LAC-LAC,198801160LAC-SEA,LAC-1988,0,1988,-16.2,42.25,dailequ01-1988
woodsmi01,26,-0.8,198801160LAC-LAC,198801160LAC-SEA,LAC-1988,0,1988,-20.8,42.25,woodsmi01-1988
drewla01,24,-6.2,198801160LAC-LAC,198801160LAC-SEA,LAC-1988,0,1988,-148.8,42.25,drewla01-1988
colemno01,19,-1.8,198801160LAC-LAC,198801160LAC-SEA,LAC-1988,0,1988,-34.2,42.25,colemno01-1988
curetea01,15,-2,198801160LAC-LAC,198801160LAC-SEA,LAC-1988,0,1988,-30,42.25,curetea01-1988
wolfjo01,10,-0.8,198801160LAC-LAC,198801160LAC-SEA,LAC-1988,0,1988,-8,42.25,wolfjo01-1988
cagemi01,41,-3.3,198801180LAC-LAC,198801180LAC-DAL,LAC-1988,0,1988,-135.29999999999998,15.24545454545455,cagemi01-1988
benjabe01,33,4,198801180LAC-LAC,198801180LAC-DAL,LAC-1988,0,1988,132,15.24545454545455,benjabe01-1988
dailequ01,33,9.8,198801180LAC-LAC,198801180LAC-DAL,LAC-1988,0,1988,323.40000000000003,15.24545454545455,dailequ01-1988
drewla01,33,-1.7,198801180LAC-LAC,198801180LAC-DAL,LAC-1988,0,1988,-56.1,15.24545454545455,drewla01-1988
woodsmi01,26,1.2,198801180LAC-LAC,198801180LAC-DAL,LAC-1988,0,1988,31.2,15.24545454545455,woodsmi01-1988
colemno01,22,-2.2,198801180LAC-LAC,198801180LAC-DAL,LAC-1988,0,1988,-48.400000000000006,15.24545454545455,colemno01-1988
valenda01,15,-0.6,198801180LAC-LAC,198801180LAC-DAL,LAC-1988,0,1988,-9,15.24545454545455,valenda01-1988
normake01,13,-1.7,198801180LAC-LAC,198801180LAC-DAL,LAC-1988,0,1988,-22.099999999999998,15.24545454545455,normake01-1988
curetea01,11,-3.8,198801180LAC-LAC,198801180LAC-DAL,LAC-1988,0,1988,-41.8,15.24545454545455,curetea01-1988
wolfjo01,9,0.2,198801180LAC-LAC,198801180LAC-DAL,LAC-1988,0,1988,1.8,15.24545454545455,wolfjo01-1988
nesslma01,4,-2,198801180LAC-LAC,198801180LAC-DAL,LAC-1988,0,1988,-8,15.24545454545455,nesslma01-1988
benjabe01,40,5,198801200LAC-LAC,198801200LAC-IND,LAC-1988,1,1988,200,47.19,benjabe01-1988
cagemi01,40,4.8,198801200LAC-LAC,198801200LAC-IND,LAC-1988,1,1988,192,47.19,cagemi01-1988
drewla01,34,0.6,198801200LAC-LAC,198801200LAC-IND,LAC-1988,1,1988,20.4,47.19,drewla01-1988
woodsmi01,33,1.7,198801200LAC-LAC,198801200LAC-IND,LAC-1988,1,1988,56.1,47.19,woodsmi01-1988
normake01,20,5,198801200LAC-LAC,198801200LAC-IND,LAC-1988,1,1988,100,47.19,normake01-1988
colemno01,18,-0.7,198801200LAC-LAC,198801200LAC-IND,LAC-1988,1,1988,-12.6,47.19,colemno01-1988
dailequ01,17,-2.4,198801200LAC-LAC,198801200LAC-IND,LAC-1988,1,1988,-40.8,47.19,dailequ01-1988
wolfjo01,16,0,198801200LAC-LAC,198801200LAC-IND,LAC-1988,1,1988,0,47.19,wolfjo01-1988
valenda01,14,-1.6,198801200LAC-LAC,198801200LAC-IND,LAC-1988,1,1988,-22.400000000000002,47.19,valenda01-1988
curetea01,8,-2.6,198801200LAC-LAC,198801200LAC-IND,LAC-1988,1,1988,-20.8,47.19,curetea01-1988
harpede01,40,10.9,198801220DAL-DAL,198801220DAL-LAC,DAL-1988,1,1988,436,61.763636363636365,harpede01-1988
perkisa01,39,-2.4,198801220DAL-DAL,198801220DAL-LAC,DAL-1988,1,1988,-93.6,61.763636363636365,perkisa01-1988
aguirma01,35,3.9,198801220DAL-DAL,198801220DAL-LAC,DAL-1988,1,1988,136.5,61.763636363636365,aguirma01-1988
tarplro01,30,5.9,198801220DAL-DAL,198801220DAL-LAC,DAL-1988,1,1988,177,61.763636363636365,tarplro01-1988
davisbr01,29,-3.5,198801220DAL-DAL,198801220DAL-LAC,DAL-1988,1,1988,-101.5,61.763636363636365,davisbr01-1988
donalja01,28,2.1,198801220DAL-DAL,198801220DAL-LAC,DAL-1988,1,1988,58.800000000000004,61.763636363636365,donalja01-1988
schrede01,23,2,198801220DAL-DAL,198801220DAL-LAC,DAL-1988,1,1988,46,61.763636363636365,schrede01-1988
blabuw01,10,1.7,198801220DAL-DAL,198801220DAL-LAC,DAL-1988,1,1988,17,61.763636363636365,blabuw01-1988
farmeji01,4,0.7,198801220DAL-DAL,198801220DAL-LAC,DAL-1988,1,1988,2.8,61.763636363636365,farmeji01-1988
alforst01,1,-0.5,198801220DAL-DAL,198801220DAL-LAC,DAL-1988,1,1988,-0.5,61.763636363636365,alforst01-1988
wennibi01,1,0.9,198801220DAL-DAL,198801220DAL-LAC,DAL-1988,1,1988,0.9,61.763636363636365,wennibi01-1988
woodle01,41,1,198801230SAS-SAS,198801230SAS-LAC,SAS-1988,1,1988,41,19.67,woodle01-1988
mitchmi01,38,0.6,198801230SAS-SAS,198801230SAS-LAC,SAS-1988,1,1988,22.8,19.67,mitchmi01-1988
roberal01,38,-3.7,198801230SAS-SAS,198801230SAS-LAC,SAS-1988,1,1988,-140.6,19.67,roberal01-1988
brickfr01,32,5.9,198801230SAS-SAS,198801230SAS-LAC,SAS-1988,1,1988,188.8,19.67,brickfr01-1988
greenda01,25,3.2,198801230SAS-SAS,198801230SAS-LAC,SAS-1988,1,1988,80,19.67,greenda01-1988
nimphku01,21,3.3,198801230SAS-SAS,198801230SAS-LAC,SAS-1988,1,1988,69.3,19.67,nimphku01-1988
nealyed01,20,-2.3,198801230SAS-SAS,198801230SAS-LAC,SAS-1988,1,1988,-46,19.67,nealyed01-1988
sundvjo01,14,-0.9,198801230SAS-SAS,198801230SAS-LAC,SAS-1988,1,1988,-12.6,19.67,sundvjo01-1988
andergr01,8,-0.3,198801230SAS-SAS,198801230SAS-LAC,SAS-1988,1,1988,-2.4,19.67,andergr01-1988
dawkijo01,3,-1.2,198801230SAS-SAS,198801230SAS-LAC,SAS-1988,1,1988,-3.5999999999999996,19.67,dawkijo01-1988
floydsl01,32,4,198801260HOU-HOU,198801260HOU-LAC,HOU-1988,1,1988,128,35.71666666666667,floydsl01-1988
peterji01,32,2.8,198801260HOU-HOU,198801260HOU-LAC,HOU-1988,1,1988,89.6,35.71666666666667,peterji01-1988
olajuha01,31,1.1,198801260HOU-HOU,198801260HOU-LAC,HOU-1988,1,1988,34.1,35.71666666666667,olajuha01-1988
carrojo01,27,1.2,198801260HOU-HOU,198801260HOU-LAC,HOU-1988,1,1988,32.4,35.71666666666667,carrojo01-1988
leaveal01,26,3.7,198801260HOU-HOU,198801260HOU-LAC,HOU-1988,1,1988,96.2,35.71666666666667,leaveal01-1988
shortpu01,21,-0.9,198801260HOU-HOU,198801260HOU-LAC,HOU-1988,1,1988,-18.900000000000002,35.71666666666667,shortpu01-1988
mccraro01,20,4.4,198801260HOU-HOU,198801260HOU-LAC,HOU-1988,1,1988,88,35.71666666666667,mccraro01-1988
johnsbu01,15,-0.1,198801260HOU-HOU,198801260HOU-LAC,HOU-1988,1,1988,-1.5,35.71666666666667,johnsbu01-1988
reidro01,15,0.8,198801260HOU-HOU,198801260HOU-LAC,HOU-1988,1,1988,12,35.71666666666667,reidro01-1988
freewo01,11,-3.2,198801260HOU-HOU,198801260HOU-LAC,HOU-1988,1,1988,-35.2,35.71666666666667,freewo01-1988
maxwece01,7,1.2,198801260HOU-HOU,198801260HOU-LAC,HOU-1988,1,1988,8.4,35.71666666666667,maxwece01-1988
connele01,3,-1.5,198801260HOU-HOU,198801260HOU-LAC,HOU-1988,1,1988,-4.5,35.71666666666667,connele01-1988
cagemi01,41,-1.5,198801290LAC-LAC,198801290LAC-MIL,LAC-1988,0,1988,-61.5,3.3100000000000005,cagemi01-1988
benjabe01,35,0,198801290LAC-LAC,198801290LAC-MIL,LAC-1988,0,1988,0,3.3100000000000005,benjabe01-1988
woodsmi01,35,0.3,198801290LAC-LAC,198801290LAC-MIL,LAC-1988,0,1988,10.5,3.3100000000000005,woodsmi01-1988
drewla01,27,3.8,198801290LAC-LAC,198801290LAC-MIL,LAC-1988,0,1988,102.6,3.3100000000000005,drewla01-1988
dailequ01,21,8.8,198801290LAC-LAC,198801290LAC-MIL,LAC-1988,0,1988,184.8,3.3100000000000005,dailequ01-1988
wolfjo01,19,-5,198801290LAC-LAC,198801290LAC-MIL,LAC-1988,0,1988,-95,3.3100000000000005,wolfjo01-1988
colemno01,18,-1.6,198801290LAC-LAC,198801290LAC-MIL,LAC-1988,0,1988,-28.8,3.3100000000000005,colemno01-1988
valenda01,16,0.8,198801290LAC-LAC,198801290LAC-MIL,LAC-1988,0,1988,12.8,3.3100000000000005,valenda01-1988
normake01,15,-6.5,198801290LAC-LAC,198801290LAC-MIL,LAC-1988,0,1988,-97.5,3.3100000000000005,normake01-1988
curetea01,13,0.4,198801290LAC-LAC,198801290LAC-MIL,LAC-1988,0,1988,5.2,3.3100000000000005,curetea01-1988
adamsmi01,34,10.2,198801300DEN-DEN,198801300DEN-LAC,DEN-1988,1,1988,346.79999999999995,52.85454545454545,adamsmi01-1988
schayda01,32,2.1,198801300DEN-DEN,198801300DEN-LAC,DEN-1988,1,1988,67.2,52.85454545454545,schayda01-1988
englial01,31,-1.7,198801300DEN-DEN,198801300DEN-LAC,DEN-1988,1,1988,-52.699999999999996,52.85454545454545,englial01-1988
leverfa01,31,9.8,198801300DEN-DEN,198801300DEN-LAC,DEN-1988,1,1988,303.8,52.85454545454545,leverfa01-1988
rasmubl01,27,-0.6,198801300DEN-DEN,198801300DEN-LAC,DEN-1988,1,1988,-16.2,52.85454545454545,rasmubl01-1988
dunntr01,22,2.6,198801300DEN-DEN,198801300DEN-LAC,DEN-1988,1,1988,57.2,52.85454545454545,dunntr01-1988
hanzlbi01,17,-5.3,198801300DEN-DEN,198801300DEN-LAC,DEN-1988,1,1988,-90.1,52.85454545454545,hanzlbi01-1988
nattca01,16,-2,198801300DEN-DEN,198801300DEN-LAC,DEN-1988,1,1988,-32,52.85454545454545,nattca01-1988
vinceja01,14,-0.8,198801300DEN-DEN,198801300DEN-LAC,DEN-1988,1,1988,-11.200000000000001,52.85454545454545,vinceja01-1988
evansmi01,11,0.6,198801300DEN-DEN,198801300DEN-LAC,DEN-1988,1,1988,6.6,52.85454545454545,evansmi01-1988
martima01,5,0.4,198801300DEN-DEN,198801300DEN-LAC,DEN-1988,1,1988,2,52.85454545454545,martima01-1988
wolfjo01,40,-3.4,198802040LAC-LAC,198802040LAC-LAL,LAC-1988,0,1988,-136,-27.836363636363636,wolfjo01-1988
cagemi01,38,0,198802040LAC-LAC,198802040LAC-LAL,LAC-1988,0,1988,0,-27.836363636363636,cagemi01-1988
benjabe01,37,-3.4,198802040LAC-LAC,198802040LAC-LAL,LAC-1988,0,1988,-125.8,-27.836363636363636,benjabe01-1988
valenda01,25,4.2,198802040LAC-LAC,198802040LAC-LAL,LAC-1988,0,1988,105,-27.836363636363636,valenda01-1988
woodsmi01,24,-2.3,198802040LAC-LAC,198802040LAC-LAL,LAC-1988,0,1988,-55.199999999999996,-27.836363636363636,woodsmi01-1988
drewla01,23,-4.1,198802040LAC-LAC,198802040LAC-LAL,LAC-1988,0,1988,-94.3,-27.836363636363636,drewla01-1988
normake01,18,3.2,198802040LAC-LAC,198802040LAC-LAL,LAC-1988,0,1988,57.6,-27.836363636363636,normake01-1988
dailequ01,16,-2.7,198802040LAC-LAC,198802040LAC-LAL,LAC-1988,0,1988,-43.2,-27.836363636363636,dailequ01-1988
curetea01,9,-1.3,198802040LAC-LAC,198802040LAC-LAL,LAC-1988,0,1988,-11.700000000000001,-27.836363636363636,curetea01-1988
gordola01,8,0,198802040LAC-LAC,198802040LAC-LAL,LAC-1988,0,1988,0,-27.836363636363636,gordola01-1988
nesslma01,2,-1.3,198802040LAC-LAC,198802040LAC-LAL,LAC-1988,0,1988,-2.6,-27.836363636363636,nesslma01-1988
gilliar01,42,-0.4,198802090PHO-PHO,198802090PHO-LAC,PHO-1988,1,1988,-16.8,49.53333333333333,gilliar01-1988
humphja01,42,2,198802090PHO-PHO,198802090PHO-LAC,PHO-1988,1,1988,84,49.53333333333333,humphja01-1988
nancela01,40,3.2,198802090PHO-PHO,198802090PHO-LAC,PHO-1988,1,1988,128,49.53333333333333,nancela01-1988
johnsed03,36,5.6,198802090PHO-PHO,198802090PHO-LAC,PHO-1988,1,1988,201.6,49.53333333333333,johnsed03-1988
hornaje01,28,5.6,198802090PHO-PHO,198802090PHO-LAC,PHO-1988,1,1988,156.79999999999998,49.53333333333333,hornaje01-1988
daviswa03,26,-2.8,198802090PHO-PHO,198802090PHO-LAC,PHO-1988,1,1988,-72.8,49.53333333333333,daviswa03-1988
sandemi01,12,0.2,198802090PHO-PHO,198802090PHO-LAC,PHO-1988,1,1988,2.4000000000000004,49.53333333333333,sandemi01-1988
adamsal01,8,-2.5,198802090PHO-PHO,198802090PHO-LAC,PHO-1988,1,1988,-20,49.53333333333333,adamsal01-1988
baileja01,6,-2.9,198802090PHO-PHO,198802090PHO-LAC,PHO-1988,1,1988,-17.4,49.53333333333333,baileja01-1988
drewla01,42,0.4,198802100LAC-LAC,198802100LAC-PHO,LAC-1988,1,1988,16.8,44.675000000000004,drewla01-1988
benjabe01,40,3.2,198802100LAC-LAC,198802100LAC-PHO,LAC-1988,1,1988,128,44.675000000000004,benjabe01-1988
cagemi01,39,1.8,198802100LAC-LAC,198802100LAC-PHO,LAC-1988,1,1988,70.2,44.675000000000004,cagemi01-1988
dailequ01,36,7.9,198802100LAC-LAC,198802100LAC-PHO,LAC-1988,1,1988,284.40000000000003,44.675000000000004,dailequ01-1988
woodsmi01,35,-2.8,198802100LAC-LAC,198802100LAC-PHO,LAC-1988,1,1988,-98,44.675000000000004,woodsmi01-1988
normake01,20,-0.1,198802100LAC-LAC,198802100LAC-PHO,LAC-1988,1,1988,-2,44.675000000000004,normake01-1988
kitegr01,16,-1.8,198802100LAC-LAC,198802100LAC-PHO,LAC-1988,1,1988,-28.8,44.675000000000004,kitegr01-1988
gordola01,12,-1.1,198802100LAC-LAC,198802100LAC-PHO,LAC-1988,1,1988,-13.200000000000001,44.675000000000004,gordola01-1988
cagemi01,39,1,198802120LAC-LAC,198802120LAC-HOU,LAC-1988,0,1988,39,17.02,cagemi01-1988
woodsmi01,39,1,198802120LAC-LAC,198802120LAC-HOU,LAC-1988,0,1988,39,17.02,woodsmi01-1988
wolfjo01,37,0.3,198802120LAC-LAC,198802120LAC-HOU,LAC-1988,0,1988,11.1,17.02,wolfjo01-1988
benjabe01,34,3.7,198802120LAC-LAC,198802120LAC-HOU,LAC-1988,0,1988,125.80000000000001,17.02,benjabe01-1988
normake01,23,1.7,198802120LAC-LAC,198802120LAC-HOU,LAC-1988,0,1988,39.1,17.02,normake01-1988
dailequ01,20,-7.8,198802120LAC-LAC,198802120LAC-HOU,LAC-1988,0,1988,-156,17.02,dailequ01-1988
valenda01,19,6.8,198802120LAC-LAC,198802120LAC-HOU,LAC-1988,0,1988,129.2,17.02,valenda01-1988
drewla01,16,-3.4,198802120LAC-LAC,198802120LAC-HOU,LAC-1988,0,1988,-54.4,17.02,drewla01-1988
kitegr01,11,-0.2,198802120LAC-LAC,198802120LAC-HOU,LAC-1988,0,1988,-2.2,17.02,kitegr01-1988
gordola01,2,-0.2,198802120LAC-LAC,198802120LAC-HOU,LAC-1988,0,1988,-0.4,17.02,gordola01-1988
cagemi01,40,2.6,198802140LAC-LAC,198802140LAC-DAL,LAC-1988,0,1988,104,25.01111111111111,cagemi01-1988
benjabe01,39,2.4,198802140LAC-LAC,198802140LAC-DAL,LAC-1988,0,1988,93.6,25.01111111111111,benjabe01-1988
valenda01,32,3.3,198802140LAC-LAC,198802140LAC-DAL,LAC-1988,0,1988,105.6,25.01111111111111,valenda01-1988
wolfjo01,28,0.6,198802140LAC-LAC,198802140LAC-DAL,LAC-1988,0,1988,16.8,25.01111111111111,wolfjo01-1988
woodsmi01,25,-2.5,198802140LAC-LAC,198802140LAC-DAL,LAC-1988,0,1988,-62.5,25.01111111111111,woodsmi01-1988
normake01,25,3.2,198802140LAC-LAC,198802140LAC-DAL,LAC-1988,0,1988,80,25.01111111111111,normake01-1988
dailequ01,23,-1.6,198802140LAC-LAC,198802140LAC-DAL,LAC-1988,0,1988,-36.800000000000004,25.01111111111111,dailequ01-1988
drewla01,16,-3,198802140LAC-LAC,198802140LAC-DAL,LAC-1988,0,1988,-48,25.01111111111111,drewla01-1988
kitegr01,12,-2.3,198802140LAC-LAC,198802140LAC-DAL,LAC-1988,0,1988,-27.599999999999998,25.01111111111111,kitegr01-1988
worthja01,39,2.2,198802160LAL-LAL,198802160LAL-LAC,LAL-1988,1,1988,85.80000000000001,54.099999999999994,worthja01-1988
johnsma02,35,7.4,198802160LAL-LAL,198802160LAL-LAC,LAL-1988,1,1988,259,54.099999999999994,johnsma02-1988
scottby01,34,8.7,198802160LAL-LAL,198802160LAL-LAC,LAL-1988,1,1988,295.79999999999995,54.099999999999994,scottby01-1988
coopemi01,27,3.8,198802160LAL-LAL,198802160LAL-LAC,LAL-1988,1,1988,102.6,54.099999999999994,coopemi01-1988
thompmy01,25,-3.2,198802160LAL-LAL,198802160LAL-LAC,LAL-1988,1,1988,-80,54.099999999999994,thompmy01-1988
abdulka01,24,1,198802160LAL-LAL,198802160LAL-LAC,LAL-1988,1,1988,24,54.099999999999994,abdulka01-1988
greenac01,22,-2.9,198802160LAL-LAL,198802160LAL-LAC,LAL-1988,1,1988,-63.8,54.099999999999994,greenac01-1988
smrekmi01,19,0.8,198802160LAL-LAL,198802160LAL-LAC,LAL-1988,1,1988,15.200000000000001,54.099999999999994,smrekmi01-1988
rambiku01,7,2.7,198802160LAL-LAL,198802160LAL-LAC,LAL-1988,1,1988,18.900000000000002,54.099999999999994,rambiku01-1988
matthwe01,3,-1.3,198802160LAL-LAL,198802160LAL-LAC,LAL-1988,1,1988,-3.9000000000000004,54.099999999999994,matthwe01-1988
wagnemi01,3,-1.4,198802160LAL-LAL,198802160LAL-LAC,LAL-1988,1,1988,-4.199999999999999,54.099999999999994,wagnemi01-1988
tolbera01,2,-0.1,198802160LAL-LAL,198802160LAL-LAC,LAL-1988,1,1988,-0.2,54.099999999999994,tolbera01-1988
wolfjo01,41,-0.5,198802170LAC-LAC,198802170LAC-POR,LAC-1988,0,1988,-20.5,24.38,wolfjo01-1988
benjabe01,40,7.1,198802170LAC-LAC,198802170LAC-POR,LAC-1988,0,1988,284,24.38,benjabe01-1988
cagemi01,39,3.8,198802170LAC-LAC,198802170LAC-POR,LAC-1988,0,1988,148.2,24.38,cagemi01-1988
drewla01,30,3,198802170LAC-LAC,198802170LAC-POR,LAC-1988,0,1988,90,24.38,drewla01-1988
woodsmi01,26,-1.1,198802170LAC-LAC,198802170LAC-POR,LAC-1988,0,1988,-28.6,24.38,woodsmi01-1988
dailequ01,20,-4.5,198802170LAC-LAC,198802170LAC-POR,LAC-1988,0,1988,-90,24.38,dailequ01-1988
valenda01,18,-3.7,198802170LAC-LAC,198802170LAC-POR,LAC-1988,0,1988,-66.60000000000001,24.38,valenda01-1988
kitegr01,17,-3.3,198802170LAC-LAC,198802170LAC-POR,LAC-1988,0,1988,-56.099999999999994,24.38,kitegr01-1988
normake01,7,-2.2,198802170LAC-LAC,198802170LAC-POR,LAC-1988,0,1988,-15.400000000000002,24.38,normake01-1988
gordola01,2,-0.6,198802170LAC-LAC,198802170LAC-POR,LAC-1988,0,1988,-1.2,24.38,gordola01-1988
cagemi01,44,12.8,198802190LAC-LAC,198802190LAC-UTA,LAC-1988,0,1988,563.2,23.60000000000001,cagemi01-1988
benjabe01,39,1.1,198802190LAC-LAC,198802190LAC-UTA,LAC-1988,0,1988,42.900000000000006,23.60000000000001,benjabe01-1988
drewla01,32,-7,198802190LAC-LAC,198802190LAC-UTA,LAC-1988,0,1988,-224,23.60000000000001,drewla01-1988
woodsmi01,29,-3,198802190LAC-LAC,198802190LAC-UTA,LAC-1988,0,1988,-87,23.60000000000001,woodsmi01-1988
wolfjo01,28,-4.6,198802190LAC-LAC,198802190LAC-UTA,LAC-1988,0,1988,-128.79999999999998,23.60000000000001,wolfjo01-1988
dailequ01,22,5.4,198802190LAC-LAC,198802190LAC-UTA,LAC-1988,0,1988,118.80000000000001,23.60000000000001,dailequ01-1988
normake01,21,-1.1,198802190LAC-LAC,198802190LAC-UTA,LAC-1988,0,1988,-23.1,23.60000000000001,normake01-1988
valenda01,15,-1.8,198802190LAC-LAC,198802190LAC-UTA,LAC-1988,0,1988,-27,23.60000000000001,valenda01-1988
kitegr01,9,0.1,198802190LAC-LAC,198802190LAC-UTA,LAC-1988,0,1988,0.9,23.60000000000001,kitegr01-1988
nesslma01,1,0.1,198802190LAC-LAC,198802190LAC-UTA,LAC-1988,0,1988,0.1,23.60000000000001,nesslma01-1988
baileth01,41,0.8,198802200UTA-UTA,198802200UTA-LAC,UTA-1988,1,1988,32.800000000000004,69.44,baileth01-1988
griffda01,39,-0.6,198802200UTA-UTA,198802200UTA-LAC,UTA-1988,1,1988,-23.4,69.44,griffda01-1988
malonka01,35,2.7,198802200UTA-UTA,198802200UTA-LAC,UTA-1988,1,1988,94.5,69.44,malonka01-1988
stockjo01,35,18.5,198802200UTA-UTA,198802200UTA-LAC,UTA-1988,1,1988,647.5,69.44,stockjo01-1988
eatonma01,33,-0.1,198802200UTA-UTA,198802200UTA-LAC,UTA-1988,1,1988,-3.3000000000000003,69.44,eatonma01-1988
iavarma01,18,-2.9,198802200UTA-UTA,198802200UTA-LAC,UTA-1988,1,1988,-52.199999999999996,69.44,iavarma01-1988
turpime01,17,0.9,198802200UTA-UTA,198802200UTA-LAC,UTA-1988,1,1988,15.3,69.44,turpime01-1988
greenri01,13,-0.3,198802200UTA-UTA,198802200UTA-LAC,UTA-1988,1,1988,-3.9,69.44,greenri01-1988
hansebo01,6,-1.2,198802200UTA-UTA,198802200UTA-LAC,UTA-1988,1,1988,-7.199999999999999,69.44,hansebo01-1988
kofoeba01,3,-1.9,198802200UTA-UTA,198802200UTA-LAC,UTA-1988,1,1988,-5.699999999999999,69.44,kofoeba01-1988
cagemi01,41,-3.6,198802250LAC-LAC,198802250LAC-NYK,LAC-1988,0,1988,-147.6,-2.0499999999999994,cagemi01-1988
normake01,41,-0.9,198802250LAC-LAC,198802250LAC-NYK,LAC-1988,0,1988,-36.9,-2.0499999999999994,normake01-1988
kitegr01,36,3.1,198802250LAC-LAC,198802250LAC-NYK,LAC-1988,0,1988,111.60000000000001,-2.0499999999999994,kitegr01-1988
woodsmi01,36,-0.4,198802250LAC-LAC,198802250LAC-NYK,LAC-1988,0,1988,-14.4,-2.0499999999999994,woodsmi01-1988
drewla01,34,3.8,198802250LAC-LAC,198802250LAC-NYK,LAC-1988,0,1988,129.2,-2.0499999999999994,drewla01-1988
valenda01,16,-2.6,198802250LAC-LAC,198802250LAC-NYK,LAC-1988,0,1988,-41.6,-2.0499999999999994,valenda01-1988
nesslma01,12,-1.9,198802250LAC-LAC,198802250LAC-NYK,LAC-1988,0,1988,-22.799999999999997,-2.0499999999999994,nesslma01-1988
curetea01,10,-1.1,198802250LAC-LAC,198802250LAC-NYK,LAC-1988,0,1988,-11,-2.0499999999999994,curetea01-1988
dailequ01,8,1.4,198802250LAC-LAC,198802250LAC-NYK,LAC-1988,0,1988,11.2,-2.0499999999999994,dailequ01-1988
gordola01,6,0.3,198802250LAC-LAC,198802250LAC-NYK,LAC-1988,0,1988,1.7999999999999998,-2.0499999999999994,gordola01-1988
drewla01,44,-2.6,198802270LAC-LAC,198802270LAC-CLE,LAC-1988,1,1988,-114.4,27.866666666666667,drewla01-1988
cagemi01,33,2.6,198802270LAC-LAC,198802270LAC-CLE,LAC-1988,1,1988,85.8,27.866666666666667,cagemi01-1988
wolfjo01,32,3.4,198802270LAC-LAC,198802270LAC-CLE,LAC-1988,1,1988,108.8,27.866666666666667,wolfjo01-1988
woodsmi01,31,7.5,198802270LAC-LAC,198802270LAC-CLE,LAC-1988,1,1988,232.5,27.866666666666667,woodsmi01-1988
benjabe01,28,5.3,198802270LAC-LAC,198802270LAC-CLE,LAC-1988,1,1988,148.4,27.866666666666667,benjabe01-1988
kitegr01,23,-1.9,198802270LAC-LAC,198802270LAC-CLE,LAC-1988,1,1988,-43.699999999999996,27.866666666666667,kitegr01-1988
willire01,21,-5.4,198802270LAC-LAC,198802270LAC-CLE,LAC-1988,1,1988,-113.4,27.866666666666667,willire01-1988
normake01,17,-3,198802270LAC-LAC,198802270LAC-CLE,LAC-1988,1,1988,-51,27.866666666666667,normake01-1988
fieldke01,11,-0.2,198802270LAC-LAC,198802270LAC-CLE,LAC-1988,1,1988,-2.2,27.866666666666667,fieldke01-1988
hinsoro01,41,-3.6,198803010NJN-NJN,198803010NJN-LAC,NJN-1988,1,1988,-147.6,44.845454545454544,hinsoro01-1988
mccorti01,37,-2.6,198803010NJN-NJN,198803010NJN-LAC,NJN-1988,1,1988,-96.2,44.845454545454544,mccorti01-1988
birdsot01,36,3.7,198803010NJN-NJN,198803010NJN-LAC,NJN-1988,1,1988,133.20000000000002,44.845454545454544,birdsot01-1988
bradldu01,32,10.5,198803010NJN-NJN,198803010NJN-LAC,NJN-1988,1,1988,336,44.845454545454544,bradldu01-1988
baglejo01,27,8.7,198803010NJN-NJN,198803010NJN-LAC,NJN-1988,1,1988,234.89999999999998,44.845454545454544,baglejo01-1988
willibu01,25,-0.5,198803010NJN-NJN,198803010NJN-LAC,NJN-1988,1,1988,-12.5,44.845454545454544,willibu01-1988
washipe01,21,2.3,198803010NJN-NJN,198803010NJN-LAC,NJN-1988,1,1988,48.3,44.845454545454544,washipe01-1988
comegda01,9,-0.7,198803010NJN-NJN,198803010NJN-LAC,NJN-1988,1,1988,-6.3,44.845454545454544,comegda01-1988
englech01,5,0.7,198803010NJN-NJN,198803010NJN-LAC,NJN-1988,1,1988,3.5,44.845454545454544,englech01-1988
mckenke01,4,0.9,198803010NJN-NJN,198803010NJN-LAC,NJN-1988,1,1988,3.6,44.845454545454544,mckenke01-1988
wilsori02,3,-1.2,198803010NJN-NJN,198803010NJN-LAC,NJN-1988,1,1988,-3.5999999999999996,44.845454545454544,wilsori02-1988
thomais01,35,11.8,198803020DET-DET,198803020DET-LAC,DET-1988,1,1988,413,55.275000000000006,thomais01-1988
dumarjo01,32,11.3,198803020DET-DET,198803020DET-LAC,DET-1988,1,1988,361.6,55.275000000000006,dumarjo01-1988
laimbbi01,32,-2.8,198803020DET-DET,198803020DET-LAC,DET-1988,1,1988,-89.6,55.275000000000006,laimbbi01-1988
rodmade01,28,7.9,198803020DET-DET,198803020DET-LAC,DET-1988,1,1988,221.20000000000002,55.275000000000006,rodmade01-1988
mahorri01,24,1.1,198803020DET-DET,198803020DET-LAC,DET-1988,1,1988,26.400000000000002,55.275000000000006,mahorri01-1988
johnsvi01,24,-8.7,198803020DET-DET,198803020DET-LAC,DET-1988,1,1988,-208.79999999999998,55.275000000000006,johnsvi01-1988
sallejo01,23,-1.3,198803020DET-DET,198803020DET-LAC,DET-1988,1,1988,-29.900000000000002,55.275000000000006,sallejo01-1988
dantlad01,21,1.4,198803020DET-DET,198803020DET-LAC,DET-1988,1,1988,29.4,55.275000000000006,dantlad01-1988
edwarja01,10,-5,198803020DET-DET,198803020DET-LAC,DET-1988,1,1988,-50,55.275000000000006,edwarja01-1988
bedfowi01,5,-2.9,198803020DET-DET,198803020DET-LAC,DET-1988,1,1988,-14.5,55.275000000000006,bedfowi01-1988
lewisra01,5,0.9,198803020DET-DET,198803020DET-LAC,DET-1988,1,1988,4.5,55.275000000000006,lewisra01-1988
nevitch01,1,0,198803020DET-DET,198803020DET-LAC,DET-1988,1,1988,0,55.275000000000006,nevitch01-1988
birdla01,37,9.8,198803040BOS-BOS,198803040BOS-LAC,BOS-1988,1,1988,362.6,60.04545454545455,birdla01-1988
aingeda01,30,6.3,198803040BOS-BOS,198803040BOS-LAC,BOS-1988,1,1988,189,60.04545454545455,aingeda01-1988
johnsde01,30,4.1,198803040BOS-BOS,198803040BOS-LAC,BOS-1988,1,1988,122.99999999999999,60.04545454545455,johnsde01-1988
gilmoar01,28,-2.6,198803040BOS-BOS,198803040BOS-LAC,BOS-1988,1,1988,-72.8,60.04545454545455,gilmoar01-1988
roberfr01,24,-3.5,198803040BOS-BOS,198803040BOS-LAC,BOS-1988,1,1988,-84,60.04545454545455,roberfr01-1988
parisro01,23,-0.3,198803040BOS-BOS,198803040BOS-LAC,BOS-1988,1,1988,-6.8999999999999995,60.04545454545455,parisro01-1988
paxsoji02,20,0.5,198803040BOS-BOS,198803040BOS-LAC,BOS-1988,1,1988,10,60.04545454545455,paxsoji02-1988
minnidi01,16,7.9,198803040BOS-BOS,198803040BOS-LAC,BOS-1988,1,1988,126.4,60.04545454545455,minnidi01-1988
acresma01,13,-1.9,198803040BOS-BOS,198803040BOS-LAC,BOS-1988,1,1988,-24.7,60.04545454545455,acresma01-1988
lohaubr01,11,0.9,198803040BOS-BOS,198803040BOS-LAC,BOS-1988,1,1988,9.9,60.04545454545455,lohaubr01-1988
lewisre01,8,3.5,198803040BOS-BOS,198803040BOS-LAC,BOS-1988,1,1988,28,60.04545454545455,lewisre01-1988
corzida01,33,0.9,198803050CHI-CHI,198803050CHI-LAC,CHI-1988,1,1988,29.7,63.55,corzida01-1988
sellebr01,28,3.8,198803050CHI-CHI,198803050CHI-LAC,CHI-1988,1,1988,106.39999999999999,63.55,sellebr01-1988
jordami01,27,12.6,198803050CHI-CHI,198803050CHI-LAC,CHI-1988,1,1988,340.2,63.55,jordami01-1988
vincesa01,27,4.7,198803050CHI-CHI,198803050CHI-LAC,CHI-1988,1,1988,126.9,63.55,vincesa01-1988
oaklech01,26,6.9,198803050CHI-CHI,198803050CHI-LAC,CHI-1988,1,1988,179.4,63.55,oaklech01-1988
paxsojo01,22,1.1,198803050CHI-CHI,198803050CHI-LAC,CHI-1988,1,1988,24.200000000000003,63.55,paxsojo01-1988
pippesc01,21,2.2,198803050CHI-CHI,198803050CHI-LAC,CHI-1988,1,1988,46.2,63.55,pippesc01-1988
grantho01,19,0.3,198803050CHI-CHI,198803050CHI-LAC,CHI-1988,1,1988,5.7,63.55,grantho01-1988
brownmi01,15,-1.1,198803050CHI-CHI,198803050CHI-LAC,CHI-1988,1,1988,-16.5,63.55,brownmi01-1988
sparrro01,10,-2.5,198803050CHI-CHI,198803050CHI-LAC,CHI-1988,1,1988,-25,63.55,sparrro01-1988
turneel01,6,-4.4,198803050CHI-CHI,198803050CHI-LAC,CHI-1988,1,1988,-26.400000000000002,63.55,turneel01-1988
waitegr01,6,-4.7,198803050CHI-CHI,198803050CHI-LAC,CHI-1988,1,1988,-28.200000000000003,63.55,waitegr01-1988
benjabe01,44,-1.1,198803090LAC-LAC,198803090LAC-NJN,LAC-1988,0,1988,-48.400000000000006,-6.950000000000002,benjabe01-1988
woodsmi01,39,-3.7,198803090LAC-LAC,198803090LAC-NJN,LAC-1988,0,1988,-144.3,-6.950000000000002,woodsmi01-1988
normake01,29,0.1,198803090LAC-LAC,198803090LAC-NJN,LAC-1988,0,1988,2.9000000000000004,-6.950000000000002,normake01-1988
dailequ01,28,3.2,198803090LAC-LAC,198803090LAC-NJN,LAC-1988,0,1988,89.60000000000001,-6.950000000000002,dailequ01-1988
kitegr01,26,-1.8,198803090LAC-LAC,198803090LAC-NJN,LAC-1988,0,1988,-46.800000000000004,-6.950000000000002,kitegr01-1988
valenda01,26,7.1,198803090LAC-LAC,198803090LAC-NJN,LAC-1988,0,1988,184.6,-6.950000000000002,valenda01-1988
curetea01,26,-2.4,198803090LAC-LAC,198803090LAC-NJN,LAC-1988,0,1988,-62.4,-6.950000000000002,curetea01-1988
drewla01,22,-1.4,198803090LAC-LAC,198803090LAC-NJN,LAC-1988,0,1988,-30.799999999999997,-6.950000000000002,drewla01-1988
normake01,41,-1.1,198803110LAC-LAC,198803110LAC-GSW,LAC-1988,0,1988,-45.1,2.9999999999999964,normake01-1988
woodsmi01,41,-3.2,198803110LAC-LAC,198803110LAC-GSW,LAC-1988,0,1988,-131.20000000000002,2.9999999999999964,woodsmi01-1988
benjabe01,40,4.6,198803110LAC-LAC,198803110LAC-GSW,LAC-1988,0,1988,184,2.9999999999999964,benjabe01-1988
drewla01,33,3.9,198803110LAC-LAC,198803110LAC-GSW,LAC-1988,0,1988,128.7,2.9999999999999964,drewla01-1988
fieldke01,27,-1.2,198803110LAC-LAC,198803110LAC-GSW,LAC-1988,0,1988,-32.4,2.9999999999999964,fieldke01-1988
valenda01,22,-1.2,198803110LAC-LAC,198803110LAC-GSW,LAC-1988,0,1988,-26.4,2.9999999999999964,valenda01-1988
curetea01,20,-1,198803110LAC-LAC,198803110LAC-GSW,LAC-1988,0,1988,-20,2.9999999999999964,curetea01-1988
kitegr01,16,-2.1,198803110LAC-LAC,198803110LAC-GSW,LAC-1988,0,1988,-33.6,2.9999999999999964,kitegr01-1988
duckwke01,31,6.2,198803130POR-POR,198803130POR-LAC,POR-1988,1,1988,192.20000000000002,36.472727272727276,duckwke01-1988
anderri01,30,0.1,198803130POR-POR,198803130POR-LAC,POR-1988,1,1988,3,36.472727272727276,anderri01-1988
kerseje01,29,0.4,198803130POR-POR,198803130POR-LAC,POR-1988,1,1988,11.600000000000001,36.472727272727276,kerseje01-1988
drexlcl01,25,8.4,198803130POR-POR,198803130POR-LAC,POR-1988,1,1988,210,36.472727272727276,drexlcl01-1988
portete01,20,6.7,198803130POR-POR,198803130POR-LAC,POR-1988,1,1988,134,36.472727272727276,portete01-1988
holtomi01,20,-2.4,198803130POR-POR,198803130POR-LAC,POR-1988,1,1988,-48,36.472727272727276,holtomi01-1988
lucasma01,20,-0.4,198803130POR-POR,198803130POR-LAC,POR-1988,1,1988,-8,36.472727272727276,lucasma01-1988
jonesca01,18,-1.2,198803130POR-POR,198803130POR-LAC,POR-1988,1,1988,-21.599999999999998,36.472727272727276,jonesca01-1988
murphro01,17,-3.8,198803130POR-POR,198803130POR-LAC,POR-1988,1,1988,-64.6,36.472727272727276,murphro01-1988
jonesch02,16,-0.2,198803130POR-POR,198803130POR-LAC,POR-1988,1,1988,-3.2,36.472727272727276,jonesch02-1988
sichtje01,14,-0.3,198803130POR-POR,198803130POR-LAC,POR-1988,1,1988,-4.2,36.472727272727276,sichtje01-1988
peterji01,38,3.2,198803150HOU-HOU,198803150HOU-LAC,HOU-1988,1,1988,121.60000000000001,41.4,peterji01-1988
olajuha01,36,4.2,198803150HOU-HOU,198803150HOU-LAC,HOU-1988,1,1988,151.20000000000002,41.4,olajuha01-1988
mccraro01,35,3.3,198803150HOU-HOU,198803150HOU-LAC,HOU-1988,1,1988,115.5,41.4,mccraro01-1988
shortpu01,33,5,198803150HOU-HOU,198803150HOU-LAC,HOU-1988,1,1988,165,41.4,shortpu01-1988
floydsl01,29,-3.2,198803150HOU-HOU,198803150HOU-LAC,HOU-1988,1,1988,-92.80000000000001,41.4,floydsl01-1988
reidro01,20,1.5,198803150HOU-HOU,198803150HOU-LAC,HOU-1988,1,1988,30,41.4,reidro01-1988
leaveal01,19,2.6,198803150HOU-HOU,198803150HOU-LAC,HOU-1988,1,1988,49.4,41.4,leaveal01-1988
carrojo01,13,-4.9,198803150HOU-HOU,198803150HOU-LAC,HOU-1988,1,1988,-63.7,41.4,carrojo01-1988
maxwece01,9,-0.5,198803150HOU-HOU,198803150HOU-LAC,HOU-1988,1,1988,-4.5,41.4,maxwece01-1988
johnsbu01,7,-2.3,198803150HOU-HOU,198803150HOU-LAC,HOU-1988,1,1988,-16.099999999999998,41.4,johnsbu01-1988
connele01,1,-0.2,198803150HOU-HOU,198803150HOU-LAC,HOU-1988,1,1988,-0.2,41.4,connele01-1988
roberal01,40,9.4,198803160SAS-SAS,198803160SAS-LAC,SAS-1988,1,1988,376,15.600000000000001,roberal01-1988
andergr01,33,-4.1,198803160SAS-SAS,198803160SAS-LAC,SAS-1988,1,1988,-135.29999999999998,15.600000000000001,andergr01-1988
dawkijo01,33,-3.5,198803160SAS-SAS,198803160SAS-LAC,SAS-1988,1,1988,-115.5,15.600000000000001,dawkijo01-1988
nimphku01,32,-1.9,198803160SAS-SAS,198803160SAS-LAC,SAS-1988,1,1988,-60.8,15.600000000000001,nimphku01-1988
mitchmi01,26,3.9,198803160SAS-SAS,198803160SAS-LAC,SAS-1988,1,1988,101.39999999999999,15.600000000000001,mitchmi01-1988
berrywa01,22,-0.9,198803160SAS-SAS,198803160SAS-LAC,SAS-1988,1,1988,-19.8,15.600000000000001,berrywa01-1988
nealyed01,19,-2.6,198803160SAS-SAS,198803160SAS-LAC,SAS-1988,1,1988,-49.4,15.600000000000001,nealyed01-1988
myerspe01,18,1.4,198803160SAS-SAS,198803160SAS-LAC,SAS-1988,1,1988,25.2,15.600000000000001,myerspe01-1988
gudmupe01,12,3.1,198803160SAS-SAS,198803160SAS-LAC,SAS-1988,1,1988,37.2,15.600000000000001,gudmupe01-1988
sundvjo01,5,-0.6,198803160SAS-SAS,198803160SAS-LAC,SAS-1988,1,1988,-3,15.600000000000001,sundvjo01-1988
normake01,42,2.6,198803180LAC-LAC,198803180LAC-DAL,LAC-1988,0,1988,109.2,23.44,normake01-1988
benjabe01,39,-2.5,198803180LAC-LAC,198803180LAC-DAL,LAC-1988,0,1988,-97.5,23.44,benjabe01-1988
woodsmi01,36,4.1,198803180LAC-LAC,198803180LAC-DAL,LAC-1988,0,1988,147.6,23.44,woodsmi01-1988
valenda01,34,0.5,198803180LAC-LAC,198803180LAC-DAL,LAC-1988,0,1988,17,23.44,valenda01-1988
cagemi01,25,0.1,198803180LAC-LAC,198803180LAC-DAL,LAC-1988,0,1988,2.5,23.44,cagemi01-1988
drewla01,24,5,198803180LAC-LAC,198803180LAC-DAL,LAC-1988,0,1988,120,23.44,drewla01-1988
curetea01,21,0.3,198803180LAC-LAC,198803180LAC-DAL,LAC-1988,0,1988,6.3,23.44,curetea01-1988
kitegr01,11,-5.3,198803180LAC-LAC,198803180LAC-DAL,LAC-1988,0,1988,-58.3,23.44,kitegr01-1988
gregocl01,6,-1.9,198803180LAC-LAC,198803180LAC-DAL,LAC-1988,0,1988,-11.399999999999999,23.44,gregocl01-1988
burttst01,2,-0.5,198803180LAC-LAC,198803180LAC-DAL,LAC-1988,0,1988,-1,23.44,burttst01-1988
normake01,46,3.9,198803200LAC-LAC,198803200LAC-SAC,LAC-1988,1,1988,179.4,40.175,normake01-1988
valenda01,41,4.3,198803200LAC-LAC,198803200LAC-SAC,LAC-1988,1,1988,176.29999999999998,40.175,valenda01-1988
woodsmi01,37,4.5,198803200LAC-LAC,198803200LAC-SAC,LAC-1988,1,1988,166.5,40.175,woodsmi01-1988
cagemi01,34,-5.2,198803200LAC-LAC,198803200LAC-SAC,LAC-1988,1,1988,-176.8,40.175,cagemi01-1988
kitegr01,34,1.9,198803200LAC-LAC,198803200LAC-SAC,LAC-1988,1,1988,64.6,40.175,kitegr01-1988
curetea01,25,2.3,198803200LAC-LAC,198803200LAC-SAC,LAC-1988,1,1988,57.49999999999999,40.175,curetea01-1988
drewla01,19,-7.5,198803200LAC-LAC,198803200LAC-SAC,LAC-1988,1,1988,-142.5,40.175,drewla01-1988
gregocl01,4,-0.9,198803200LAC-LAC,198803200LAC-SAC,LAC-1988,1,1988,-3.6,40.175,gregocl01-1988
johnsed03,31,2.5,198803210PHO-PHO,198803210PHO-LAC,PHO-1988,1,1988,77.5,23.290000000000003,johnsed03-1988
gilliar01,30,-4.3,198803210PHO-PHO,198803210PHO-LAC,PHO-1988,1,1988,-129,23.290000000000003,gilliar01-1988
westma01,30,5.2,198803210PHO-PHO,198803210PHO-LAC,PHO-1988,1,1988,156,23.290000000000003,westma01-1988
daviswa03,29,1.2,198803210PHO-PHO,198803210PHO-LAC,PHO-1988,1,1988,34.8,23.290000000000003,daviswa03-1988
hornaje01,28,5.9,198803210PHO-PHO,198803210PHO-LAC,PHO-1988,1,1988,165.20000000000002,23.290000000000003,hornaje01-1988
hodgecr01,23,-1.9,198803210PHO-PHO,198803210PHO-LAC,PHO-1988,1,1988,-43.699999999999996,23.290000000000003,hodgecr01-1988
corbity01,20,-1.3,198803210PHO-PHO,198803210PHO-LAC,PHO-1988,1,1988,-26,23.290000000000003,corbity01-1988
adamsal01,19,2.9,198803210PHO-PHO,198803210PHO-LAC,PHO-1988,1,1988,55.1,23.290000000000003,adamsal01-1988
baileja01,17,-1.9,198803210PHO-PHO,198803210PHO-LAC,PHO-1988,1,1988,-32.3,23.290000000000003,baileja01-1988
johnske02,13,-1.9,198803210PHO-PHO,198803210PHO-LAC,PHO-1988,1,1988,-24.7,23.290000000000003,johnske02-1988
valenda01,39,7.1,198803230LAC-LAC,198803230LAC-DEN,LAC-1988,0,1988,276.9,5.288888888888886,valenda01-1988
normake01,38,1.9,198803230LAC-LAC,198803230LAC-DEN,LAC-1988,0,1988,72.2,5.288888888888886,normake01-1988
woodsmi01,37,-2,198803230LAC-LAC,198803230LAC-DEN,LAC-1988,0,1988,-74,5.288888888888886,woodsmi01-1988
curetea01,32,-3.6,198803230LAC-LAC,198803230LAC-DEN,LAC-1988,0,1988,-115.2,5.288888888888886,curetea01-1988
cagemi01,31,-1.6,198803230LAC-LAC,198803230LAC-DEN,LAC-1988,0,1988,-49.6,5.288888888888886,cagemi01-1988
kitegr01,23,-3.1,198803230LAC-LAC,198803230LAC-DEN,LAC-1988,0,1988,-71.3,5.288888888888886,kitegr01-1988
burttst01,19,0.6,198803230LAC-LAC,198803230LAC-DEN,LAC-1988,0,1988,11.4,5.288888888888886,burttst01-1988
gregocl01,14,-1.5,198803230LAC-LAC,198803230LAC-DEN,LAC-1988,0,1988,-21,5.288888888888886,gregocl01-1988
drewla01,7,2.6,198803230LAC-LAC,198803230LAC-DEN,LAC-1988,0,1988,18.2,5.288888888888886,drewla01-1988
kitegr01,36,-0.1,198803250LAC-LAC,198803250LAC-GSW,LAC-1988,1,1988,-3.6,32.86,kitegr01-1988
valenda01,36,5.4,198803250LAC-LAC,198803250LAC-GSW,LAC-1988,1,1988,194.4,32.86,valenda01-1988
normake01,32,-0.1,198803250LAC-LAC,198803250LAC-GSW,LAC-1988,1,1988,-3.2,32.86,normake01-1988
cagemi01,31,2.1,198803250LAC-LAC,198803250LAC-GSW,LAC-1988,1,1988,65.10000000000001,32.86,cagemi01-1988
gregocl01,28,2.5,198803250LAC-LAC,198803250LAC-GSW,LAC-1988,1,1988,70,32.86,gregocl01-1988
drewla01,26,0.6,198803250LAC-LAC,198803250LAC-GSW,LAC-1988,1,1988,15.6,32.86,drewla01-1988
dailequ01,25,1.7,198803250LAC-LAC,198803250LAC-GSW,LAC-1988,1,1988,42.5,32.86,dailequ01-1988
whiteer01,12,-3.1,198803250LAC-LAC,198803250LAC-GSW,LAC-1988,1,1988,-37.2,32.86,whiteer01-1988
curetea01,8,-1.8,198803250LAC-LAC,198803250LAC-GSW,LAC-1988,1,1988,-14.4,32.86,curetea01-1988
burttst01,6,-0.1,198803250LAC-LAC,198803250LAC-GSW,LAC-1988,1,1988,-0.6000000000000001,32.86,burttst01-1988
mckeyde01,32,7.8,198803260SEA-SEA,198803260SEA-LAC,SEA-1988,1,1988,249.6,57.583333333333336,mckeyde01-1988
ellisda01,31,10.4,198803260SEA-SEA,198803260SEA-LAC,SEA-1988,1,1988,322.40000000000003,57.583333333333336,ellisda01-1988
mcdanxa01,27,-0.4,198803260SEA-SEA,198803260SEA-LAC,SEA-1988,1,1988,-10.8,57.583333333333336,mcdanxa01-1988
mcmilna01,25,2.3,198803260SEA-SEA,198803260SEA-LAC,SEA-1988,1,1988,57.49999999999999,57.583333333333336,mcmilna01-1988
chambto01,22,1.6,198803260SEA-SEA,198803260SEA-LAC,SEA-1988,1,1988,35.2,57.583333333333336,chambto01-1988
listeal01,20,1.8,198803260SEA-SEA,198803260SEA-LAC,SEA-1988,1,1988,36,57.583333333333336,listeal01-1988
polynol01,19,1.2,198803260SEA-SEA,198803260SEA-LAC,SEA-1988,1,1988,22.8,57.583333333333336,polynol01-1988
youngda01,18,2.3,198803260SEA-SEA,198803260SEA-LAC,SEA-1988,1,1988,41.4,57.583333333333336,youngda01-1988
schoeru01,17,-2.2,198803260SEA-SEA,198803260SEA-LAC,SEA-1988,1,1988,-37.400000000000006,57.583333333333336,schoeru01-1988
threase01,14,-1.9,198803260SEA-SEA,198803260SEA-LAC,SEA-1988,1,1988,-26.599999999999998,57.583333333333336,threase01-1988
willike01,11,0.3,198803260SEA-SEA,198803260SEA-LAC,SEA-1988,1,1988,3.3,57.583333333333336,willike01-1988
johnscl01,4,-0.6,198803260SEA-SEA,198803260SEA-LAC,SEA-1988,1,1988,-2.4,57.583333333333336,johnscl01-1988
normake01,41,-2.6,198803280LAC-LAC,198803280LAC-DET,LAC-1988,1,1988,-106.60000000000001,19.636363636363633,normake01-1988
kitegr01,40,-0.5,198803280LAC-LAC,198803280LAC-DET,LAC-1988,1,1988,-20,19.636363636363633,kitegr01-1988
cagemi01,29,4.1,198803280LAC-LAC,198803280LAC-DET,LAC-1988,1,1988,118.89999999999999,19.636363636363633,cagemi01-1988
valenda01,29,-2.1,198803280LAC-LAC,198803280LAC-DET,LAC-1988,1,1988,-60.900000000000006,19.636363636363633,valenda01-1988
woodsmi01,28,6.1,198803280LAC-LAC,198803280LAC-DET,LAC-1988,1,1988,170.79999999999998,19.636363636363633,woodsmi01-1988
benjabe01,22,-1.3,198803280LAC-LAC,198803280LAC-DET,LAC-1988,1,1988,-28.6,19.636363636363633,benjabe01-1988
dailequ01,20,7.1,198803280LAC-LAC,198803280LAC-DET,LAC-1988,1,1988,142,19.636363636363633,dailequ01-1988
burttst01,11,2,198803280LAC-LAC,198803280LAC-DET,LAC-1988,1,1988,22,19.636363636363633,burttst01-1988
drewla01,8,-0.5,198803280LAC-LAC,198803280LAC-DET,LAC-1988,1,1988,-4,19.636363636363633,drewla01-1988
whiteer01,7,-2.3,198803280LAC-LAC,198803280LAC-DET,LAC-1988,1,1988,-16.099999999999998,19.636363636363633,whiteer01-1988
gregocl01,5,-0.3,198803280LAC-LAC,198803280LAC-DET,LAC-1988,1,1988,-1.5,19.636363636363633,gregocl01-1988
normake01,40,-0.5,198803300LAC-LAC,198803300LAC-CHI,LAC-1988,0,1988,-20,-13,normake01-1988
kitegr01,33,1.5,198803300LAC-LAC,198803300LAC-CHI,LAC-1988,0,1988,49.5,-13,kitegr01-1988
woodsmi01,32,-2.5,198803300LAC-LAC,198803300LAC-CHI,LAC-1988,0,1988,-80,-13,woodsmi01-1988
cagemi01,28,-0.4,198803300LAC-LAC,198803300LAC-CHI,LAC-1988,0,1988,-11.200000000000001,-13,cagemi01-1988
burttst01,25,-3.2,198803300LAC-LAC,198803300LAC-CHI,LAC-1988,0,1988,-80,-13,burttst01-1988
valenda01,23,2.5,198803300LAC-LAC,198803300LAC-CHI,LAC-1988,0,1988,57.5,-13,valenda01-1988
benjabe01,22,-3.5,198803300LAC-LAC,198803300LAC-CHI,LAC-1988,0,1988,-77,-13,benjabe01-1988
dailequ01,16,0.8,198803300LAC-LAC,198803300LAC-CHI,LAC-1988,0,1988,12.8,-13,dailequ01-1988
gregocl01,13,0,198803300LAC-LAC,198803300LAC-CHI,LAC-1988,0,1988,0,-13,gregocl01-1988
whiteer01,8,2.3,198803300LAC-LAC,198803300LAC-CHI,LAC-1988,0,1988,18.4,-13,whiteer01-1988
normake01,43,-2.3,198804010LAC-LAC,198804010LAC-SAS,LAC-1988,0,1988,-98.89999999999999,-1.554545454545454,normake01-1988
benjabe01,41,4.1,198804010LAC-LAC,198804010LAC-SAS,LAC-1988,0,1988,168.1,-1.554545454545454,benjabe01-1988
cagemi01,34,2.1,198804010LAC-LAC,198804010LAC-SAS,LAC-1988,0,1988,71.4,-1.554545454545454,cagemi01-1988
woodsmi01,27,-4,198804010LAC-LAC,198804010LAC-SAS,LAC-1988,0,1988,-108,-1.554545454545454,woodsmi01-1988
valenda01,25,2.1,198804010LAC-LAC,198804010LAC-SAS,LAC-1988,0,1988,52.5,-1.554545454545454,valenda01-1988
dailequ01,16,-1.8,198804010LAC-LAC,198804010LAC-SAS,LAC-1988,0,1988,-28.8,-1.554545454545454,dailequ01-1988
kitegr01,16,-2.7,198804010LAC-LAC,198804010LAC-SAS,LAC-1988,0,1988,-43.2,-1.554545454545454,kitegr01-1988
burttst01,15,-2.3,198804010LAC-LAC,198804010LAC-SAS,LAC-1988,0,1988,-34.5,-1.554545454545454,burttst01-1988
drewla01,13,0.6,198804010LAC-LAC,198804010LAC-SAS,LAC-1988,0,1988,7.8,-1.554545454545454,drewla01-1988
gregocl01,5,0.1,198804010LAC-LAC,198804010LAC-SAS,LAC-1988,0,1988,0.5,-1.554545454545454,gregocl01-1988
whiteer01,5,-0.8,198804010LAC-LAC,198804010LAC-SAS,LAC-1988,0,1988,-4,-1.554545454545454,whiteer01-1988
thorpot01,42,-1.7,198804020SAC-SAC,198804020SAC-LAC,SAC-1988,0,1988,-71.39999999999999,3.511111111111113,thorpot01-1988
kleinjo01,36,5.5,198804020SAC-SAC,198804020SAC-LAC,SAC-1988,0,1988,198,3.511111111111113,kleinjo01-1988
tylerte01,35,-0.5,198804020SAC-SAC,198804020SAC-LAC,SAC-1988,0,1988,-17.5,3.511111111111113,tylerte01-1988
smithke01,32,-5.5,198804020SAC-SAC,198804020SAC-LAC,SAC-1988,0,1988,-176,3.511111111111113,smithke01-1988
pressha01,31,5.9,198804020SAC-SAC,198804020SAC-LAC,SAC-1988,0,1988,182.9,3.511111111111113,pressha01-1988
pincked01,24,-0.8,198804020SAC-SAC,198804020SAC-LAC,SAC-1988,0,1988,-19.200000000000003,3.511111111111113,pincked01-1988
jacksmi02,23,-3.6,198804020SAC-SAC,198804020SAC-LAC,SAC-1988,0,1988,-82.8,3.511111111111113,jacksmi02-1988
henryco01,13,1.6,198804020SAC-SAC,198804020SAC-LAC,SAC-1988,0,1988,20.8,3.511111111111113,henryco01-1988
nesslma01,4,-0.8,198804020SAC-SAC,198804020SAC-LAC,SAC-1988,0,1988,-3.2,3.511111111111113,nesslma01-1988
duckwke01,29,0.9,198804050POR-POR,198804050POR-LAC,POR-1988,1,1988,26.1,36.89090909090909,duckwke01-1988
drexlcl01,28,-0.4,198804050POR-POR,198804050POR-LAC,POR-1988,1,1988,-11.200000000000001,36.89090909090909,drexlcl01-1988
anderri01,28,4.1,198804050POR-POR,198804050POR-LAC,POR-1988,1,1988,114.79999999999998,36.89090909090909,anderri01-1988
portete01,24,0.2,198804050POR-POR,198804050POR-LAC,POR-1988,1,1988,4.800000000000001,36.89090909090909,portete01-1988
holtomi01,24,1.2,198804050POR-POR,198804050POR-LAC,POR-1988,1,1988,28.799999999999997,36.89090909090909,holtomi01-1988
kerseje01,22,6.5,198804050POR-POR,198804050POR-LAC,POR-1988,1,1988,143,36.89090909090909,kerseje01-1988
jonesca01,20,4,198804050POR-POR,198804050POR-LAC,POR-1988,1,1988,80,36.89090909090909,jonesca01-1988
lucasma01,20,-0.7,198804050POR-POR,198804050POR-LAC,POR-1988,1,1988,-14,36.89090909090909,lucasma01-1988
sichtje01,20,1.5,198804050POR-POR,198804050POR-LAC,POR-1988,1,1988,30,36.89090909090909,sichtje01-1988
vandeki01,19,0.5,198804050POR-POR,198804050POR-LAC,POR-1988,1,1988,9.5,36.89090909090909,vandeki01-1988
jonesch02,6,-1,198804050POR-POR,198804050POR-LAC,POR-1988,1,1988,-6,36.89090909090909,jonesch02-1988
benjabe01,35,-0.9,198804060LAC-LAC,198804060LAC-POR,LAC-1988,0,1988,-31.5,0.7090909090909072,benjabe01-1988
cagemi01,35,-0.9,198804060LAC-LAC,198804060LAC-POR,LAC-1988,0,1988,-31.5,0.7090909090909072,cagemi01-1988
normake01,29,-2.6,198804060LAC-LAC,198804060LAC-POR,LAC-1988,0,1988,-75.4,0.7090909090909072,normake01-1988
woodsmi01,23,-0.3,198804060LAC-LAC,198804060LAC-POR,LAC-1988,0,1988,-6.8999999999999995,0.7090909090909072,woodsmi01-1988
drewla01,21,-0.1,198804060LAC-LAC,198804060LAC-POR,LAC-1988,0,1988,-2.1,0.7090909090909072,drewla01-1988
dailequ01,19,8.2,198804060LAC-LAC,198804060LAC-POR,LAC-1988,0,1988,155.79999999999998,0.7090909090909072,dailequ01-1988
whiteer01,19,1.8,198804060LAC-LAC,198804060LAC-POR,LAC-1988,0,1988,34.2,0.7090909090909072,whiteer01-1988
valenda01,17,-3.4,198804060LAC-LAC,198804060LAC-POR,LAC-1988,0,1988,-57.8,0.7090909090909072,valenda01-1988
burttst01,16,0.7,198804060LAC-LAC,198804060LAC-POR,LAC-1988,0,1988,11.2,0.7090909090909072,burttst01-1988
kitegr01,15,-2,198804060LAC-LAC,198804060LAC-POR,LAC-1988,0,1988,-30,0.7090909090909072,kitegr01-1988
gregocl01,11,3.8,198804060LAC-LAC,198804060LAC-POR,LAC-1988,0,1988,41.8,0.7090909090909072,gregocl01-1988
scottby01,30,5.3,198804080LAL-LAL,198804080LAL-LAC,LAL-1988,1,1988,159,38.858333333333334,scottby01-1988
rambiku01,29,3.3,198804080LAL-LAL,198804080LAL-LAC,LAL-1988,1,1988,95.69999999999999,38.858333333333334,rambiku01-1988
worthja01,29,3,198804080LAL-LAL,198804080LAL-LAC,LAL-1988,1,1988,87,38.858333333333334,worthja01-1988
thompmy01,27,-2,198804080LAL-LAL,198804080LAL-LAC,LAL-1988,1,1988,-54,38.858333333333334,thompmy01-1988
campbto01,25,4.2,198804080LAL-LAL,198804080LAL-LAC,LAL-1988,1,1988,105,38.858333333333334,campbto01-1988
abdulka01,24,6.4,198804080LAL-LAL,198804080LAL-LAC,LAL-1988,1,1988,153.60000000000002,38.858333333333334,abdulka01-1988
johnsma02,24,0.7,198804080LAL-LAL,198804080LAL-LAC,LAL-1988,1,1988,16.799999999999997,38.858333333333334,johnsma02-1988
coopemi01,15,-5.6,198804080LAL-LAL,198804080LAL-LAC,LAL-1988,1,1988,-84,38.858333333333334,coopemi01-1988
matthwe01,15,0.5,198804080LAL-LAL,198804080LAL-LAC,LAL-1988,1,1988,7.5,38.858333333333334,matthwe01-1988
smrekmi01,13,-3.5,198804080LAL-LAL,198804080LAL-LAC,LAL-1988,1,1988,-45.5,38.858333333333334,smrekmi01-1988
wagnemi01,6,4,198804080LAL-LAL,198804080LAL-LAC,LAL-1988,1,1988,24,38.858333333333334,wagnemi01-1988
greenac01,3,0.4,198804080LAL-LAL,198804080LAL-LAC,LAL-1988,1,1988,1.2000000000000002,38.858333333333334,greenac01-1988
cagemi01,43,2.9,198804100LAC-LAC,198804100LAC-HOU,LAC-1988,1,1988,124.7,54.27777777777777,cagemi01-1988
valenda01,33,12.7,198804100LAC-LAC,198804100LAC-HOU,LAC-1988,1,1988,419.09999999999997,54.27777777777777,valenda01-1988
kitegr01,31,-0.6,198804100LAC-LAC,198804100LAC-HOU,LAC-1988,1,1988,-18.599999999999998,54.27777777777777,kitegr01-1988
normake01,27,-1.2,198804100LAC-LAC,198804100LAC-HOU,LAC-1988,1,1988,-32.4,54.27777777777777,normake01-1988
dailequ01,26,-1.7,198804100LAC-LAC,198804100LAC-HOU,LAC-1988,1,1988,-44.199999999999996,54.27777777777777,dailequ01-1988
woodsmi01,22,-1.3,198804100LAC-LAC,198804100LAC-HOU,LAC-1988,1,1988,-28.6,54.27777777777777,woodsmi01-1988
curetea01,22,-1.1,198804100LAC-LAC,198804100LAC-HOU,LAC-1988,1,1988,-24.200000000000003,54.27777777777777,curetea01-1988
whiteer01,21,3.2,198804100LAC-LAC,198804100LAC-HOU,LAC-1988,1,1988,67.2,54.27777777777777,whiteer01-1988
burttst01,15,1.7,198804100LAC-LAC,198804100LAC-HOU,LAC-1988,1,1988,25.5,54.27777777777777,burttst01-1988
eatonma01,42,-2,198804120UTA-UTA,198804120UTA-LAC,UTA-1988,1,1988,-84,50.791666666666664,eatonma01-1988
stockjo01,42,11.1,198804120UTA-UTA,198804120UTA-LAC,UTA-1988,1,1988,466.2,50.791666666666664,stockjo01-1988
baileth01,42,1.8,198804120UTA-UTA,198804120UTA-LAC,UTA-1988,1,1988,75.60000000000001,50.791666666666664,baileth01-1988
malonka01,38,6.2,198804120UTA-UTA,198804120UTA-LAC,UTA-1988,1,1988,235.6,50.791666666666664,malonka01-1988
tripuke01,28,-2.9,198804120UTA-UTA,198804120UTA-LAC,UTA-1988,1,1988,-81.2,50.791666666666664,tripuke01-1988
iavarma01,15,2.7,198804120UTA-UTA,198804120UTA-LAC,UTA-1988,1,1988,40.5,50.791666666666664,iavarma01-1988
rothsc01,10,-1,198804120UTA-UTA,198804120UTA-LAC,UTA-1988,1,1988,-10,50.791666666666664,rothsc01-1988
hansebo01,9,-0.6,198804120UTA-UTA,198804120UTA-LAC,UTA-1988,1,1988,-5.3999999999999995,50.791666666666664,hansebo01-1988
greenri01,8,-3.2,198804120UTA-UTA,198804120UTA-LAC,UTA-1988,1,1988,-25.6,50.791666666666664,greenri01-1988
turpime01,4,-0.5,198804120UTA-UTA,198804120UTA-LAC,UTA-1988,1,1988,-2,50.791666666666664,turpime01-1988
hugheed01,1,-0.1,198804120UTA-UTA,198804120UTA-LAC,UTA-1988,1,1988,-0.1,50.791666666666664,hugheed01-1988
kofoeba01,1,-0.1,198804120UTA-UTA,198804120UTA-LAC,UTA-1988,1,1988,-0.1,50.791666666666664,kofoeba01-1988
mcmilna01,34,2.9,198804130SEA-SEA,198804130SEA-LAC,SEA-1988,1,1988,98.6,57.02727272727273,mcmilna01-1988
chambto01,32,1.4,198804130SEA-SEA,198804130SEA-LAC,SEA-1988,1,1988,44.8,57.02727272727273,chambto01-1988
listeal01,28,3.1,198804130SEA-SEA,198804130SEA-LAC,SEA-1988,1,1988,86.8,57.02727272727273,listeal01-1988
mcdanxa01,28,10.6,198804130SEA-SEA,198804130SEA-LAC,SEA-1988,1,1988,296.8,57.02727272727273,mcdanxa01-1988
threase01,27,3,198804130SEA-SEA,198804130SEA-LAC,SEA-1988,1,1988,81,57.02727272727273,threase01-1988
willike01,24,4.7,198804130SEA-SEA,198804130SEA-LAC,SEA-1988,1,1988,112.80000000000001,57.02727272727273,willike01-1988
schoeru01,18,0.2,198804130SEA-SEA,198804130SEA-LAC,SEA-1988,1,1988,3.6,57.02727272727273,schoeru01-1988
mckeyde01,16,-1.1,198804130SEA-SEA,198804130SEA-LAC,SEA-1988,1,1988,-17.6,57.02727272727273,mckeyde01-1988
youngda01,14,-2.5,198804130SEA-SEA,198804130SEA-LAC,SEA-1988,1,1988,-35,57.02727272727273,youngda01-1988
johnscl01,11,-2.3,198804130SEA-SEA,198804130SEA-LAC,SEA-1988,1,1988,-25.299999999999997,57.02727272727273,johnscl01-1988
polynol01,8,-2.4,198804130SEA-SEA,198804130SEA-LAC,SEA-1988,1,1988,-19.2,57.02727272727273,polynol01-1988
hoppeda01,35,4.6,198804160GSW-GSW,198804160GSW-LAC,GSW-1988,1,1988,161,9.47,hoppeda01-1988
frankte01,32,3.2,198804160GSW-GSW,198804160GSW-LAC,GSW-1988,1,1988,102.4,9.47,frankte01-1988
garlawi01,30,-5.2,198804160GSW-GSW,198804160GSW-LAC,GSW-1988,1,1988,-156,9.47,garlawi01-1988
mcdonbe01,27,1.6,198804160GSW-GSW,198804160GSW-LAC,GSW-1988,1,1988,43.2,9.47,mcdonbe01-1988
smithot01,27,3.8,198804160GSW-GSW,198804160GSW-LAC,GSW-1988,1,1988,102.6,9.47,smithot01-1988
mullich01,25,-5,198804160GSW-GSW,198804160GSW-LAC,GSW-1988,1,1988,-125,9.47,mullich01-1988
whiteje01,25,-2.8,198804160GSW-GSW,198804160GSW-LAC,GSW-1988,1,1988,-70,9.47,whiteje01-1988
whiteto01,19,1.1,198804160GSW-GSW,198804160GSW-LAC,GSW-1988,1,1988,20.900000000000002,9.47,whiteto01-1988
feitlda01,16,1.5,198804160GSW-GSW,198804160GSW-LAC,GSW-1988,1,1988,24,9.47,feitlda01-1988
wadema01,4,-2.1,198804160GSW-GSW,198804160GSW-LAC,GSW-1988,1,1988,-8.4,9.47,wadema01-1988
kleinjo01,42,1.2,198804190SAC-SAC,198804190SAC-LAC,SAC-1988,1,1988,50.4,36.63333333333333,kleinjo01-1988
thorpot01,39,3.5,198804190SAC-SAC,198804190SAC-LAC,SAC-1988,1,1988,136.5,36.63333333333333,thorpot01-1988
pressha01,38,-1.7,198804190SAC-SAC,198804190SAC-LAC,SAC-1988,1,1988,-64.6,36.63333333333333,pressha01-1988
theusre01,36,6.3,198804190SAC-SAC,198804190SAC-LAC,SAC-1988,1,1988,226.79999999999998,36.63333333333333,theusre01-1988
tylerte01,29,-1.9,198804190SAC-SAC,198804190SAC-LAC,SAC-1988,1,1988,-55.099999999999994,36.63333333333333,tylerte01-1988
jacksmi02,20,-3,198804190SAC-SAC,198804190SAC-LAC,SAC-1988,1,1988,-60,36.63333333333333,jacksmi02-1988
pincked01,17,0.3,198804190SAC-SAC,198804190SAC-LAC,SAC-1988,1,1988,5.1,36.63333333333333,pincked01-1988
henryco01,15,6.2,198804190SAC-SAC,198804190SAC-LAC,SAC-1988,1,1988,93,36.63333333333333,henryco01-1988
nesslma01,4,-0.6,198804190SAC-SAC,198804190SAC-LAC,SAC-1988,1,1988,-2.4,36.63333333333333,nesslma01-1988
cagemi01,42,9.4,198804200LAC-LAC,198804200LAC-UTA,LAC-1988,0,1988,394.8,42.95,cagemi01-1988
whiteer01,38,2.9,198804200LAC-LAC,198804200LAC-UTA,LAC-1988,0,1988,110.2,42.95,whiteer01-1988
woodsmi01,36,2.7,198804200LAC-LAC,198804200LAC-UTA,LAC-1988,0,1988,97.2,42.95,woodsmi01-1988
kitegr01,33,0.8,198804200LAC-LAC,198804200LAC-UTA,LAC-1988,0,1988,26.400000000000002,42.95,kitegr01-1988
valenda01,24,-3.1,198804200LAC-LAC,198804200LAC-UTA,LAC-1988,0,1988,-74.4,42.95,valenda01-1988
burttst01,21,-4,198804200LAC-LAC,198804200LAC-UTA,LAC-1988,0,1988,-84,42.95,burttst01-1988
curetea01,17,-2.1,198804200LAC-LAC,198804200LAC-UTA,LAC-1988,0,1988,-35.7,42.95,curetea01-1988
gregocl01,14,0.5,198804200LAC-LAC,198804200LAC-UTA,LAC-1988,0,1988,7,42.95,gregocl01-1988
dailequ01,12,0,198804200LAC-LAC,198804200LAC-UTA,LAC-1988,0,1988,0,42.95,dailequ01-1988
drewla01,3,-4,198804200LAC-LAC,198804200LAC-UTA,LAC-1988,0,1988,-12,42.95,drewla01-1988
adamsmi01,30,1.2,198804230DEN-DEN,198804230DEN-LAC,DEN-1988,1,1988,36,56.175,adamsmi01-1988
leverfa01,30,13.8,198804230DEN-DEN,198804230DEN-LAC,DEN-1988,1,1988,414,56.175,leverfa01-1988
schayda01,30,4.9,198804230DEN-DEN,198804230DEN-LAC,DEN-1988,1,1988,147,56.175,schayda01-1988
englial01,28,5.1,198804230DEN-DEN,198804230DEN-LAC,DEN-1988,1,1988,142.79999999999998,56.175,englial01-1988
evansmi01,27,2.4,198804230DEN-DEN,198804230DEN-LAC,DEN-1988,1,1988,64.8,56.175,evansmi01-1988
rasmubl01,20,-5.1,198804230DEN-DEN,198804230DEN-LAC,DEN-1988,1,1988,-102,56.175,rasmubl01-1988
coopewa01,18,-2.6,198804230DEN-DEN,198804230DEN-LAC,DEN-1988,1,1988,-46.800000000000004,56.175,coopewa01-1988
hanzlbi01,16,3.2,198804230DEN-DEN,198804230DEN-LAC,DEN-1988,1,1988,51.2,56.175,hanzlbi01-1988
dunntr01,14,-0.1,198804230DEN-DEN,198804230DEN-LAC,DEN-1988,1,1988,-1.4000000000000001,56.175,dunntr01-1988
vinceja01,12,-1.4,198804230DEN-DEN,198804230DEN-LAC,DEN-1988,1,1988,-16.799999999999997,56.175,vinceja01-1988
martima01,9,0.9,198804230DEN-DEN,198804230DEN-LAC,DEN-1988,1,1988,8.1,56.175,martima01-1988
brookmi01,6,-3.8,198804230DEN-DEN,198804230DEN-LAC,DEN-1988,1,1988,-22.799999999999997,56.175,brookmi01-1988
cagemi01,48,-0.2,198804240LAC-LAC,198804240LAC-SEA,LAC-1988,0,1988,-9.600000000000001,-2.830000000000001,cagemi01-1988
woodsmi01,36,-3.9,198804240LAC-LAC,198804240LAC-SEA,LAC-1988,0,1988,-140.4,-2.830000000000001,woodsmi01-1988
whiteer01,35,5,198804240LAC-LAC,198804240LAC-SEA,LAC-1988,0,1988,175,-2.830000000000001,whiteer01-1988
kitegr01,30,-3.6,198804240LAC-LAC,198804240LAC-SEA,LAC-1988,0,1988,-108,-2.830000000000001,kitegr01-1988
curetea01,18,8.5,198804240LAC-LAC,198804240LAC-SEA,LAC-1988,0,1988,153,-2.830000000000001,curetea01-1988
drewla01,18,-1.6,198804240LAC-LAC,198804240LAC-SEA,LAC-1988,0,1988,-28.8,-2.830000000000001,drewla01-1988
valenda01,15,3.4,198804240LAC-LAC,198804240LAC-SEA,LAC-1988,0,1988,51,-2.830000000000001,valenda01-1988
burttst01,15,-7.8,198804240LAC-LAC,198804240LAC-SEA,LAC-1988,0,1988,-117,-2.830000000000001,burttst01-1988
gregocl01,13,-1.1,198804240LAC-LAC,198804240LAC-SEA,LAC-1988,0,1988,-14.3,-2.830000000000001,gregocl01-1988
dailequ01,12,0.9,198804240LAC-LAC,198804240LAC-SEA,LAC-1988,0,1988,10.8,-2.830000000000001,dailequ01-1988
drewla01,40,-4.7,198711060DEN-LAC,198711060DEN-DEN,LAC-1988,0,1988,-188,-43.641666666666666,drewla01-1988
willire01,33,-1.1,198711060DEN-LAC,198711060DEN-DEN,LAC-1988,0,1988,-36.300000000000004,-43.641666666666666,willire01-1988
woodsmi01,27,-2.1,198711060DEN-LAC,198711060DEN-DEN,LAC-1988,0,1988,-56.7,-43.641666666666666,woodsmi01-1988
benjabe01,21,-3.4,198711060DEN-LAC,198711060DEN-DEN,LAC-1988,0,1988,-71.39999999999999,-43.641666666666666,benjabe01-1988
wolfjo01,21,-2.9,198711060DEN-LAC,198711060DEN-DEN,LAC-1988,0,1988,-60.9,-43.641666666666666,wolfjo01-1988
murphto01,19,1.5,198711060DEN-LAC,198711060DEN-DEN,LAC-1988,0,1988,28.5,-43.641666666666666,murphto01-1988
colemno01,18,-4.4,198711060DEN-LAC,198711060DEN-DEN,LAC-1988,0,1988,-79.2,-43.641666666666666,colemno01-1988
dailequ01,17,2.3,198711060DEN-LAC,198711060DEN-DEN,LAC-1988,0,1988,39.099999999999994,-43.641666666666666,dailequ01-1988
curetea01,16,-4.5,198711060DEN-LAC,198711060DEN-DEN,LAC-1988,0,1988,-72,-43.641666666666666,curetea01-1988
normake01,12,1.1,198711060DEN-LAC,198711060DEN-DEN,LAC-1988,0,1988,13.200000000000001,-43.641666666666666,normake01-1988
nesslma01,8,-1.1,198711060DEN-LAC,198711060DEN-DEN,LAC-1988,0,1988,-8.8,-43.641666666666666,nesslma01-1988
valenda01,8,-3.9,198711060DEN-LAC,198711060DEN-DEN,LAC-1988,0,1988,-31.2,-43.641666666666666,valenda01-1988
portete01,40,5.8,198711070LAC-POR,198711070LAC-LAC,POR-1988,1,1988,232,65.5,portete01-1988
drexlcl01,39,3.7,198711070LAC-POR,198711070LAC-LAC,POR-1988,1,1988,144.3,65.5,drexlcl01-1988
vandeki01,37,6.2,198711070LAC-POR,198711070LAC-LAC,POR-1988,1,1988,229.4,65.5,vandeki01-1988
jonesca01,32,1.6,198711070LAC-POR,198711070LAC-LAC,POR-1988,1,1988,51.2,65.5,jonesca01-1988
johnsst03,30,0.8,198711070LAC-POR,198711070LAC-LAC,POR-1988,1,1988,24,65.5,johnsst03-1988
holtomi01,23,-2.6,198711070LAC-POR,198711070LAC-LAC,POR-1988,1,1988,-59.800000000000004,65.5,holtomi01-1988
duckwke01,21,1.5,198711070LAC-POR,198711070LAC-LAC,POR-1988,1,1988,31.5,65.5,duckwke01-1988
jonesch02,8,1.6,198711070LAC-POR,198711070LAC-LAC,POR-1988,1,1988,12.8,65.5,jonesch02-1988
wilsoni01,8,-1.1,198711070LAC-POR,198711070LAC-LAC,POR-1988,1,1988,-8.8,65.5,wilsoni01-1988
gamblke01,2,-0.8,198711070LAC-POR,198711070LAC-LAC,POR-1988,1,1988,-1.6,65.5,gamblke01-1988
malonka01,37,4.1,198711100LAC-UTA,198711100LAC-LAC,UTA-1988,0,1988,151.7,-0.7181818181818197,malonka01-1988
baileth01,33,-1,198711100LAC-UTA,198711100LAC-LAC,UTA-1988,0,1988,-33,-0.7181818181818197,baileth01-1988
griffda01,26,-2.6,198711100LAC-UTA,198711100LAC-LAC,UTA-1988,0,1988,-67.60000000000001,-0.7181818181818197,griffda01-1988
stockjo01,25,3.3,198711100LAC-UTA,198711100LAC-LAC,UTA-1988,0,1988,82.5,-0.7181818181818197,stockjo01-1988
turpime01,24,-4,198711100LAC-UTA,198711100LAC-LAC,UTA-1988,0,1988,-96,-0.7181818181818197,turpime01-1988
greenri01,21,-3.3,198711100LAC-UTA,198711100LAC-LAC,UTA-1988,0,1988,-69.3,-0.7181818181818197,greenri01-1988
hansebo01,18,6.9,198711100LAC-UTA,198711100LAC-LAC,UTA-1988,0,1988,124.2,-0.7181818181818197,hansebo01-1988
eatonma01,17,-1.5,198711100LAC-UTA,198711100LAC-LAC,UTA-1988,0,1988,-25.5,-0.7181818181818197,eatonma01-1988
scurrca01,15,-3.5,198711100LAC-UTA,198711100LAC-LAC,UTA-1988,0,1988,-52.5,-0.7181818181818197,scurrca01-1988
iavarma01,14,-1.6,198711100LAC-UTA,198711100LAC-LAC,UTA-1988,0,1988,-22.400000000000002,-0.7181818181818197,iavarma01-1988
tripuke01,10,0,198711100LAC-UTA,198711100LAC-LAC,UTA-1988,0,1988,0,-0.7181818181818197,tripuke01-1988
cagemi01,30,-6.9,198711120LAL-LAC,198711120LAL-LAL,LAC-1988,0,1988,-207,-25.625,cagemi01-1988
curetea01,27,-1.5,198711120LAL-LAC,198711120LAL-LAL,LAC-1988,0,1988,-40.5,-25.625,curetea01-1988
woodsmi01,25,-1.3,198711120LAL-LAC,198711120LAL-LAL,LAC-1988,0,1988,-32.5,-25.625,woodsmi01-1988
dailequ01,24,3.7,198711120LAL-LAC,198711120LAL-LAL,LAC-1988,0,1988,88.80000000000001,-25.625,dailequ01-1988
drewla01,23,-5.1,198711120LAL-LAC,198711120LAL-LAL,LAC-1988,0,1988,-117.3,-25.625,drewla01-1988
benjabe01,23,-1.4,198711120LAL-LAC,198711120LAL-LAL,LAC-1988,0,1988,-32.199999999999996,-25.625,benjabe01-1988
willire01,20,0.5,198711120LAL-LAC,198711120LAL-LAL,LAC-1988,0,1988,10,-25.625,willire01-1988
valenda01,18,5,198711120LAL-LAC,198711120LAL-LAL,LAC-1988,0,1988,90,-25.625,valenda01-1988
wolfjo01,14,-0.6,198711120LAL-LAC,198711120LAL-LAL,LAC-1988,0,1988,-8.4,-25.625,wolfjo01-1988
nesslma01,13,0.1,198711120LAL-LAC,198711120LAL-LAL,LAC-1988,0,1988,1.3,-25.625,nesslma01-1988
normake01,12,-2.5,198711120LAL-LAC,198711120LAL-LAL,LAC-1988,0,1988,-30,-25.625,normake01-1988
colemno01,11,-2.7,198711120LAL-LAC,198711120LAL-LAL,LAC-1988,0,1988,-29.700000000000003,-25.625,colemno01-1988
carrojo01,38,-4.5,198711130LAC-GSW,198711130LAC-LAC,GSW-1988,0,1988,-171,-2.0200000000000005,carrojo01-1988
floydsl01,38,3.7,198711130LAC-GSW,198711130LAC-LAC,GSW-1988,0,1988,140.6,-2.0200000000000005,floydsl01-1988
higgiro01,37,-1.5,198711130LAC-GSW,198711130LAC-LAC,GSW-1988,0,1988,-55.5,-2.0200000000000005,higgiro01-1988
mcdonbe01,32,-0.4,198711130LAC-GSW,198711130LAC-LAC,GSW-1988,0,1988,-12.8,-2.0200000000000005,mcdonbe01-1988
mullich01,28,1.2,198711130LAC-GSW,198711130LAC-LAC,GSW-1988,0,1988,33.6,-2.0200000000000005,mullich01-1988
smithla01,26,1.6,198711130LAC-GSW,198711130LAC-LAC,GSW-1988,0,1988,41.6,-2.0200000000000005,smithla01-1988
minnidi01,21,0.7,198711130LAC-GSW,198711130LAC-LAC,GSW-1988,0,1988,14.7,-2.0200000000000005,minnidi01-1988
frankte01,10,0.3,198711130LAC-GSW,198711130LAC-LAC,GSW-1988,0,1988,3,-2.0200000000000005,frankte01-1988
whiteje01,8,-1.5,198711130LAC-GSW,198711130LAC-LAC,GSW-1988,0,1988,-12,-2.0200000000000005,whiteje01-1988
washike01,2,-1.2,198711130LAC-GSW,198711130LAC-LAC,GSW-1988,0,1988,-2.4,-2.0200000000000005,washike01-1988
drewla01,46,2.8,198711170SAS-LAC,198711170SAS-SAS,LAC-1988,0,1988,128.79999999999998,46.18999999999999,drewla01-1988
willire01,44,-1,198711170SAS-LAC,198711170SAS-SAS,LAC-1988,0,1988,-44,46.18999999999999,willire01-1988
woodsmi01,43,4.2,198711170SAS-LAC,198711170SAS-SAS,LAC-1988,0,1988,180.6,46.18999999999999,woodsmi01-1988
cagemi01,41,2.8,198711170SAS-LAC,198711170SAS-SAS,LAC-1988,0,1988,114.8,46.18999999999999,cagemi01-1988
benjabe01,39,8.7,198711170SAS-LAC,198711170SAS-SAS,LAC-1988,0,1988,339.29999999999995,46.18999999999999,benjabe01-1988
wolfjo01,22,-8.6,198711170SAS-LAC,198711170SAS-SAS,LAC-1988,0,1988,-189.2,46.18999999999999,wolfjo01-1988
nesslma01,11,-2,198711170SAS-LAC,198711170SAS-SAS,LAC-1988,0,1988,-22,46.18999999999999,nesslma01-1988
dailequ01,10,-4.9,198711170SAS-LAC,198711170SAS-SAS,LAC-1988,0,1988,-49,46.18999999999999,dailequ01-1988
valenda01,7,0.8,198711170SAS-LAC,198711170SAS-SAS,LAC-1988,0,1988,5.6000000000000005,46.18999999999999,valenda01-1988
curetea01,2,-1.5,198711170SAS-LAC,198711170SAS-SAS,LAC-1988,0,1988,-3,46.18999999999999,curetea01-1988
cagemi01,42,5.6,198711180DAL-LAC,198711180DAL-DAL,LAC-1988,0,1988,235.2,9.61,cagemi01-1988
benjabe01,40,1.8,198711180DAL-LAC,198711180DAL-DAL,LAC-1988,0,1988,72,9.61,benjabe01-1988
drewla01,36,1.2,198711180DAL-LAC,198711180DAL-DAL,LAC-1988,0,1988,43.199999999999996,9.61,drewla01-1988
woodsmi01,33,-1.7,198711180DAL-LAC,198711180DAL-DAL,LAC-1988,0,1988,-56.1,9.61,woodsmi01-1988
willire01,32,-5.1,198711180DAL-LAC,198711180DAL-DAL,LAC-1988,0,1988,-163.2,9.61,willire01-1988
wolfjo01,21,-2.4,198711180DAL-LAC,198711180DAL-DAL,LAC-1988,0,1988,-50.4,9.61,wolfjo01-1988
valenda01,12,-0.6,198711180DAL-LAC,198711180DAL-DAL,LAC-1988,0,1988,-7.199999999999999,9.61,valenda01-1988
dailequ01,10,3.6,198711180DAL-LAC,198711180DAL-DAL,LAC-1988,0,1988,36,9.61,dailequ01-1988
nesslma01,8,-1.3,198711180DAL-LAC,198711180DAL-DAL,LAC-1988,0,1988,-10.4,9.61,nesslma01-1988
curetea01,6,-0.5,198711180DAL-LAC,198711180DAL-DAL,LAC-1988,0,1988,-3,9.61,curetea01-1988
cagemi01,36,5.5,198711200PHO-LAC,198711200PHO-PHO,LAC-1988,1,1988,198,38.09090909090909,cagemi01-1988
wolfjo01,36,6.3,198711200PHO-LAC,198711200PHO-PHO,LAC-1988,1,1988,226.79999999999998,38.09090909090909,wolfjo01-1988
benjabe01,32,-4.6,198711200PHO-LAC,198711200PHO-PHO,LAC-1988,1,1988,-147.2,38.09090909090909,benjabe01-1988
woodsmi01,27,-1.6,198711200PHO-LAC,198711200PHO-PHO,LAC-1988,1,1988,-43.2,38.09090909090909,woodsmi01-1988
valenda01,26,5.9,198711200PHO-LAC,198711200PHO-PHO,LAC-1988,1,1988,153.4,38.09090909090909,valenda01-1988
dailequ01,24,4.9,198711200PHO-LAC,198711200PHO-PHO,LAC-1988,1,1988,117.60000000000001,38.09090909090909,dailequ01-1988
drewla01,23,-1.2,198711200PHO-LAC,198711200PHO-PHO,LAC-1988,1,1988,-27.599999999999998,38.09090909090909,drewla01-1988
nesslma01,14,-1.3,198711200PHO-LAC,198711200PHO-PHO,LAC-1988,1,1988,-18.2,38.09090909090909,nesslma01-1988
colemno01,10,-1.8,198711200PHO-LAC,198711200PHO-PHO,LAC-1988,1,1988,-18,38.09090909090909,colemno01-1988
curetea01,10,-1.9,198711200PHO-LAC,198711200PHO-PHO,LAC-1988,1,1988,-19,38.09090909090909,curetea01-1988
normake01,2,-1.8,198711200PHO-LAC,198711200PHO-PHO,LAC-1988,1,1988,-3.6,38.09090909090909,normake01-1988
leverfa01,41,6.3,198711210LAC-DEN,198711210LAC-LAC,DEN-1988,1,1988,258.3,28.48181818181818,leverfa01-1988
nattca01,31,-5.4,198711210LAC-DEN,198711210LAC-LAC,DEN-1988,1,1988,-167.4,28.48181818181818,nattca01-1988
dunntr01,28,6.2,198711210LAC-DEN,198711210LAC-LAC,DEN-1988,1,1988,173.6,28.48181818181818,dunntr01-1988
schayda01,27,-1.8,198711210LAC-DEN,198711210LAC-LAC,DEN-1988,1,1988,-48.6,28.48181818181818,schayda01-1988
coopewa01,23,1.3,198711210LAC-DEN,198711210LAC-LAC,DEN-1988,1,1988,29.900000000000002,28.48181818181818,coopewa01-1988
adamsmi01,22,-0.3,198711210LAC-DEN,198711210LAC-LAC,DEN-1988,1,1988,-6.6,28.48181818181818,adamsmi01-1988
englial01,22,-0.4,198711210LAC-DEN,198711210LAC-LAC,DEN-1988,1,1988,-8.8,28.48181818181818,englial01-1988
vinceja01,21,3.2,198711210LAC-DEN,198711210LAC-LAC,DEN-1988,1,1988,67.2,28.48181818181818,vinceja01-1988
rasmubl01,16,0.9,198711210LAC-DEN,198711210LAC-LAC,DEN-1988,1,1988,14.4,28.48181818181818,rasmubl01-1988
smithot01,5,0.9,198711210LAC-DEN,198711210LAC-LAC,DEN-1988,1,1988,4.5,28.48181818181818,smithot01-1988
hanzlbi01,4,-0.8,198711210LAC-DEN,198711210LAC-LAC,DEN-1988,1,1988,-3.2,28.48181818181818,hanzlbi01-1988
cagemi01,49,1.1,198711240GSW-LAC,198711240GSW-GSW,LAC-1988,1,1988,53.900000000000006,49.211111111111116,cagemi01-1988
benjabe01,47,5,198711240GSW-LAC,198711240GSW-GSW,LAC-1988,1,1988,235,49.211111111111116,benjabe01-1988
woodsmi01,47,7,198711240GSW-LAC,198711240GSW-GSW,LAC-1988,1,1988,329,49.211111111111116,woodsmi01-1988
wolfjo01,46,-3,198711240GSW-LAC,198711240GSW-GSW,LAC-1988,1,1988,-138,49.211111111111116,wolfjo01-1988
drewla01,42,3.1,198711240GSW-LAC,198711240GSW-GSW,LAC-1988,1,1988,130.20000000000002,49.211111111111116,drewla01-1988
willire01,21,-5.4,198711240GSW-LAC,198711240GSW-GSW,LAC-1988,1,1988,-113.4,49.211111111111116,willire01-1988
valenda01,16,-0.1,198711240GSW-LAC,198711240GSW-GSW,LAC-1988,1,1988,-1.6,49.211111111111116,valenda01-1988
dailequ01,12,-4.6,198711240GSW-LAC,198711240GSW-GSW,LAC-1988,1,1988,-55.199999999999996,49.211111111111116,dailequ01-1988
nesslma01,10,0.3,198711240GSW-LAC,198711240GSW-GSW,LAC-1988,1,1988,3,49.211111111111116,nesslma01-1988
willijo02,32,7.4,198711250LAC-WSB,198711250LAC-LAC,WSB-1988,1,1988,236.8,32.07,willijo02-1988
malonje01,31,0.1,198711250LAC-WSB,198711250LAC-LAC,WSB-1988,1,1988,3.1,32.07,malonje01-1988
bolma01,31,2.1,198711250LAC-WSB,198711250LAC-LAC,WSB-1988,1,1988,65.10000000000001,32.07,bolma01-1988
kingbe01,28,3.9,198711250LAC-WSB,198711250LAC-LAC,WSB-1988,1,1988,109.2,32.07,kingbe01-1988
johnsfr01,27,3,198711250LAC-WSB,198711250LAC-LAC,WSB-1988,1,1988,81,32.07,johnsfr01-1988
walkeda01,26,2.2,198711250LAC-WSB,198711250LAC-LAC,WSB-1988,1,1988,57.2,32.07,walkeda01-1988
malonmo01,19,-8.9,198711250LAC-WSB,198711250LAC-LAC,WSB-1988,1,1988,-169.1,32.07,malonmo01-1988
alarima01,18,-2.5,198711250LAC-WSB,198711250LAC-LAC,WSB-1988,1,1988,-45,32.07,alarima01-1988
jonesch01,16,-2.3,198711250LAC-WSB,198711250LAC-LAC,WSB-1988,1,1988,-36.8,32.07,jonesch01-1988
boguemu01,12,1.6,198711250LAC-WSB,198711250LAC-LAC,WSB-1988,1,1988,19.200000000000003,32.07,boguemu01-1988
cagemi01,37,1.3,198711270POR-LAC,198711270POR-POR,LAC-1988,0,1988,48.1,4.216666666666669,cagemi01-1988
wolfjo01,36,-1.3,198711270POR-LAC,198711270POR-POR,LAC-1988,0,1988,-46.800000000000004,4.216666666666669,wolfjo01-1988
drewla01,33,5.3,198711270POR-LAC,198711270POR-POR,LAC-1988,0,1988,174.9,4.216666666666669,drewla01-1988
willire01,28,1,198711270POR-LAC,198711270POR-POR,LAC-1988,0,1988,28,4.216666666666669,willire01-1988
woodsmi01,24,-10.1,198711270POR-LAC,198711270POR-POR,LAC-1988,0,1988,-242.39999999999998,4.216666666666669,woodsmi01-1988
dailequ01,20,5.4,198711270POR-LAC,198711270POR-POR,LAC-1988,0,1988,108,4.216666666666669,dailequ01-1988
nesslma01,18,-0.4,198711270POR-LAC,198711270POR-POR,LAC-1988,0,1988,-7.2,4.216666666666669,nesslma01-1988
valenda01,17,2.4,198711270POR-LAC,198711270POR-POR,LAC-1988,0,1988,40.8,4.216666666666669,valenda01-1988
benjabe01,13,-3.4,198711270POR-LAC,198711270POR-POR,LAC-1988,0,1988,-44.199999999999996,4.216666666666669,benjabe01-1988
curetea01,9,-0.9,198711270POR-LAC,198711270POR-POR,LAC-1988,0,1988,-8.1,4.216666666666669,curetea01-1988
normake01,4,-0.1,198711270POR-LAC,198711270POR-POR,LAC-1988,0,1988,-0.4,4.216666666666669,normake01-1988
colemno01,1,-0.1,198711270POR-LAC,198711270POR-POR,LAC-1988,0,1988,-0.1,4.216666666666669,colemno01-1988
mcnamma01,43,3.6,198712020LAC-PHI,198712020LAC-LAC,PHI-1988,0,1988,154.8,12.86666666666667,mcnamma01-1988
cheekma01,41,0.2,198712020LAC-PHI,198712020LAC-LAC,PHI-1988,0,1988,8.200000000000001,12.86666666666667,cheekma01-1988
robincl01,41,-5.1,198712020LAC-PHI,198712020LAC-LAC,PHI-1988,0,1988,-209.1,12.86666666666667,robincl01-1988
barklch01,37,4.9,198712020LAC-PHI,198712020LAC-LAC,PHI-1988,0,1988,181.3,12.86666666666667,barklch01-1988
wingada01,34,2.6,198712020LAC-PHI,198712020LAC-LAC,PHI-1988,0,1988,88.4,12.86666666666667,wingada01-1988
kingal01,18,-5.9,198712020LAC-PHI,198712020LAC-LAC,PHI-1988,0,1988,-106.2,12.86666666666667,kingal01-1988
askewvi01,10,-1,198712020LAC-PHI,198712020LAC-LAC,PHI-1988,0,1988,-10,12.86666666666667,askewvi01-1988
vraneda01,9,-0.7,198712020LAC-PHI,198712020LAC-LAC,PHI-1988,0,1988,-6.3,12.86666666666667,vraneda01-1988
coltest01,7,2.1,198712020LAC-PHI,198712020LAC-LAC,PHI-1988,0,1988,14.700000000000001,12.86666666666667,coltest01-1988
thorpot01,48,1.8,198712040LAC-SAC,198712040LAC-LAC,SAC-1988,0,1988,86.4,-27.709090909090907,thorpot01-1988
edwarfr01,41,-0.5,198712040LAC-SAC,198712040LAC-LAC,SAC-1988,0,1988,-20.5,-27.709090909090907,edwarfr01-1988
theusre01,35,-7.5,198712040LAC-SAC,198712040LAC-LAC,SAC-1988,0,1988,-262.5,-27.709090909090907,theusre01-1988
oldhaja01,30,-5,198712040LAC-SAC,198712040LAC-LAC,SAC-1988,0,1988,-150,-27.709090909090907,oldhaja01-1988
pincked01,26,-0.2,198712040LAC-SAC,198712040LAC-LAC,SAC-1988,0,1988,-5.2,-27.709090909090907,pincked01-1988
pressha01,18,2.2,198712040LAC-SAC,198712040LAC-LAC,SAC-1988,0,1988,39.6,-27.709090909090907,pressha01-1988
thompla01,16,-0.9,198712040LAC-SAC,198712040LAC-LAC,SAC-1988,0,1988,-14.4,-27.709090909090907,thompla01-1988
tylerte01,10,1.5,198712040LAC-SAC,198712040LAC-LAC,SAC-1988,0,1988,15,-27.709090909090907,tylerte01-1988
arlaujo01,7,1.7,198712040LAC-SAC,198712040LAC-LAC,SAC-1988,0,1988,11.9,-27.709090909090907,arlaujo01-1988
kleinjo01,5,-0.7,198712040LAC-SAC,198712040LAC-LAC,SAC-1988,0,1988,-3.5,-27.709090909090907,kleinjo01-1988
jacksmi02,4,-0.4,198712040LAC-SAC,198712040LAC-LAC,SAC-1988,0,1988,-1.6,-27.709090909090907,jacksmi02-1988
nancela01,45,9.2,198712060LAC-PHO,198712060LAC-LAC,PHO-1988,1,1988,413.99999999999994,36.02222222222222,nancela01-1988
edwarja01,39,1,198712060LAC-PHO,198712060LAC-LAC,PHO-1988,1,1988,39,36.02222222222222,edwarja01-1988
adamsal01,37,2.3,198712060LAC-PHO,198712060LAC-LAC,PHO-1988,1,1988,85.1,36.02222222222222,adamsal01-1988
humphja01,35,-1.8,198712060LAC-PHO,198712060LAC-LAC,PHO-1988,1,1988,-63,36.02222222222222,humphja01-1988
hornaje01,28,-0.5,198712060LAC-PHO,198712060LAC-LAC,PHO-1988,1,1988,-14,36.02222222222222,hornaje01-1988
thompbe01,28,-4.5,198712060LAC-PHO,198712060LAC-LAC,PHO-1988,1,1988,-126,36.02222222222222,thompbe01-1988
baileja01,13,0.2,198712060LAC-PHO,198712060LAC-LAC,PHO-1988,1,1988,2.6,36.02222222222222,baileja01-1988
cookje01,9,0.7,198712060LAC-PHO,198712060LAC-LAC,PHO-1988,1,1988,6.3,36.02222222222222,cookje01-1988
sandemi01,6,-3.3,198712060LAC-PHO,198712060LAC-LAC,PHO-1988,1,1988,-19.799999999999997,36.02222222222222,sandemi01-1988
riverdo01,36,4.3,198712080LAC-ATL,198712080LAC-LAC,ATL-1988,1,1988,154.79999999999998,45.44,riverdo01-1988
willike02,36,4.9,198712080LAC-ATL,198712080LAC-LAC,ATL-1988,1,1988,176.4,45.44,willike02-1988
wittmra01,34,1.2,198712080LAC-ATL,198712080LAC-LAC,ATL-1988,1,1988,40.8,45.44,wittmra01-1988
wilkido01,34,-0.5,198712080LAC-ATL,198712080LAC-LAC,ATL-1988,1,1988,-17,45.44,wilkido01-1988
rollitr01,31,3,198712080LAC-ATL,198712080LAC-LAC,ATL-1988,1,1988,93,45.44,rollitr01-1988
levincl01,22,-1.1,198712080LAC-ATL,198712080LAC-LAC,ATL-1988,1,1988,-24.200000000000003,45.44,levincl01-1988
battljo01,18,3.5,198712080LAC-ATL,198712080LAC-LAC,ATL-1988,1,1988,63,45.44,battljo01-1988
carran01,16,-2.3,198712080LAC-ATL,198712080LAC-LAC,ATL-1988,1,1988,-36.8,45.44,carran01-1988
webbsp01,8,0.3,198712080LAC-ATL,198712080LAC-LAC,ATL-1988,1,1988,2.4,45.44,webbsp01-1988
koncajo01,5,0.4,198712080LAC-ATL,198712080LAC-LAC,ATL-1988,1,1988,2,45.44,koncajo01-1988
mcdanxa01,38,-3.5,198712100LAC-SEA,198712100LAC-LAC,SEA-1988,0,1988,-133,-10.866666666666665,mcdanxa01-1988
ellisda01,33,-1.3,198712100LAC-SEA,198712100LAC-LAC,SEA-1988,0,1988,-42.9,-10.866666666666665,ellisda01-1988
listeal01,27,3.6,198712100LAC-SEA,198712100LAC-LAC,SEA-1988,0,1988,97.2,-10.866666666666665,listeal01-1988
chambto01,24,0.7,198712100LAC-SEA,198712100LAC-LAC,SEA-1988,0,1988,16.799999999999997,-10.866666666666665,chambto01-1988
mckeyde01,23,-4.8,198712100LAC-SEA,198712100LAC-LAC,SEA-1988,0,1988,-110.39999999999999,-10.866666666666665,mckeyde01-1988
willike01,21,3.1,198712100LAC-SEA,198712100LAC-LAC,SEA-1988,0,1988,65.10000000000001,-10.866666666666665,willike01-1988
mcmilna01,17,-0.2,198712100LAC-SEA,198712100LAC-LAC,SEA-1988,0,1988,-3.4000000000000004,-10.866666666666665,mcmilna01-1988
youngda01,16,1.9,198712100LAC-SEA,198712100LAC-LAC,SEA-1988,0,1988,30.4,-10.866666666666665,youngda01-1988
schoeru01,14,0.7,198712100LAC-SEA,198712100LAC-LAC,SEA-1988,0,1988,9.799999999999999,-10.866666666666665,schoeru01-1988
vincesa01,13,-2.7,198712100LAC-SEA,198712100LAC-LAC,SEA-1988,0,1988,-35.1,-10.866666666666665,vincesa01-1988
polynol01,11,-2.1,198712100LAC-SEA,198712100LAC-LAC,SEA-1988,0,1988,-23.1,-10.866666666666665,polynol01-1988
johnscl01,3,-0.6,198712100LAC-SEA,198712100LAC-LAC,SEA-1988,0,1988,-1.7999999999999998,-10.866666666666665,johnscl01-1988
drewla01,38,-3.6,198712120SEA-LAC,198712120SEA-SEA,LAC-1988,0,1988,-136.8,-3.10909090909091,drewla01-1988
willire01,38,7.7,198712120SEA-LAC,198712120SEA-SEA,LAC-1988,0,1988,292.6,-3.10909090909091,willire01-1988
cagemi01,36,0.6,198712120SEA-LAC,198712120SEA-SEA,LAC-1988,0,1988,21.599999999999998,-3.10909090909091,cagemi01-1988
benjabe01,35,0.5,198712120SEA-LAC,198712120SEA-SEA,LAC-1988,0,1988,17.5,-3.10909090909091,benjabe01-1988
woodsmi01,26,-6.7,198712120SEA-LAC,198712120SEA-SEA,LAC-1988,0,1988,-174.20000000000002,-3.10909090909091,woodsmi01-1988
dailequ01,22,-1,198712120SEA-LAC,198712120SEA-SEA,LAC-1988,0,1988,-22,-3.10909090909091,dailequ01-1988
curetea01,13,0.7,198712120SEA-LAC,198712120SEA-SEA,LAC-1988,0,1988,9.1,-3.10909090909091,curetea01-1988
nesslma01,11,-5,198712120SEA-LAC,198712120SEA-SEA,LAC-1988,0,1988,-55,-3.10909090909091,nesslma01-1988
normake01,10,-2.2,198712120SEA-LAC,198712120SEA-SEA,LAC-1988,0,1988,-22,-3.10909090909091,normake01-1988
valenda01,10,3.7,198712120SEA-LAC,198712120SEA-SEA,LAC-1988,0,1988,37,-3.10909090909091,valenda01-1988
colemno01,1,-2,198712120SEA-LAC,198712120SEA-SEA,LAC-1988,0,1988,-2,-3.10909090909091,colemno01-1988
cagemi01,38,-5.8,198712150SAC-LAC,198712150SAC-SAC,LAC-1988,0,1988,-220.4,-25.054545454545455,cagemi01-1988
benjabe01,32,-0.4,198712150SAC-LAC,198712150SAC-SAC,LAC-1988,0,1988,-12.8,-25.054545454545455,benjabe01-1988
drewla01,31,0.1,198712150SAC-LAC,198712150SAC-SAC,LAC-1988,0,1988,3.1,-25.054545454545455,drewla01-1988
woodsmi01,28,1.7,198712150SAC-LAC,198712150SAC-SAC,LAC-1988,0,1988,47.6,-25.054545454545455,woodsmi01-1988
willire01,25,-5.3,198712150SAC-LAC,198712150SAC-SAC,LAC-1988,0,1988,-132.5,-25.054545454545455,willire01-1988
normake01,23,1.2,198712150SAC-LAC,198712150SAC-SAC,LAC-1988,0,1988,27.599999999999998,-25.054545454545455,normake01-1988
dailequ01,20,3.3,198712150SAC-LAC,198712150SAC-SAC,LAC-1988,0,1988,66,-25.054545454545455,dailequ01-1988
curetea01,17,0.3,198712150SAC-LAC,198712150SAC-SAC,LAC-1988,0,1988,5.1,-25.054545454545455,curetea01-1988
valenda01,17,-2.8,198712150SAC-LAC,198712150SAC-SAC,LAC-1988,0,1988,-47.599999999999994,-25.054545454545455,valenda01-1988
nesslma01,6,-1.1,198712150SAC-LAC,198712150SAC-SAC,LAC-1988,0,1988,-6.6000000000000005,-25.054545454545455,nesslma01-1988
colemno01,3,-1.7,198712150SAC-LAC,198712150SAC-SAC,LAC-1988,0,1988,-5.1,-25.054545454545455,colemno01-1988
mccraro01,40,5.4,198712170LAC-HOU,198712170LAC-LAC,HOU-1988,0,1988,216,27.830000000000002,mccraro01-1988
peterji01,40,3.6,198712170LAC-HOU,198712170LAC-LAC,HOU-1988,0,1988,144,27.830000000000002,peterji01-1988
olajuha01,39,3.3,198712170LAC-HOU,198712170LAC-LAC,HOU-1988,0,1988,128.7,27.830000000000002,olajuha01-1988
leaveal01,37,-3.9,198712170LAC-HOU,198712170LAC-LAC,HOU-1988,0,1988,-144.29999999999998,27.830000000000002,leaveal01-1988
floydsl01,30,-2.4,198712170LAC-HOU,198712170LAC-LAC,HOU-1988,0,1988,-72,27.830000000000002,floydsl01-1988
shortpu01,25,1.8,198712170LAC-HOU,198712170LAC-LAC,HOU-1988,0,1988,45,27.830000000000002,shortpu01-1988
carrojo01,14,-1,198712170LAC-HOU,198712170LAC-LAC,HOU-1988,0,1988,-14,27.830000000000002,carrojo01-1988
freewo01,8,-2.8,198712170LAC-HOU,198712170LAC-LAC,HOU-1988,0,1988,-22.4,27.830000000000002,freewo01-1988
johnsbu01,4,-0.9,198712170LAC-HOU,198712170LAC-LAC,HOU-1988,0,1988,-3.6,27.830000000000002,johnsbu01-1988
maxwece01,3,0.3,198712170LAC-HOU,198712170LAC-LAC,HOU-1988,0,1988,0.8999999999999999,27.830000000000002,maxwece01-1988
coopemi01,47,7.6,198712190LAC-LAL,198712190LAC-LAC,LAL-1988,1,1988,357.2,65.94,coopemi01-1988
johnsma02,41,5.5,198712190LAC-LAL,198712190LAC-LAC,LAL-1988,1,1988,225.5,65.94,johnsma02-1988
greenac01,37,-0.7,198712190LAC-LAL,198712190LAC-LAC,LAL-1988,1,1988,-25.9,65.94,greenac01-1988
scottby01,37,1,198712190LAC-LAL,198712190LAC-LAC,LAL-1988,1,1988,37,65.94,scottby01-1988
thompmy01,26,4,198712190LAC-LAL,198712190LAC-LAC,LAL-1988,1,1988,104,65.94,thompmy01-1988
abdulka01,22,-0.2,198712190LAC-LAL,198712190LAC-LAC,LAL-1988,1,1988,-4.4,65.94,abdulka01-1988
matthwe01,12,-2,198712190LAC-LAL,198712190LAC-LAC,LAL-1988,1,1988,-24,65.94,matthwe01-1988
tolbera01,10,-1.2,198712190LAC-LAL,198712190LAC-LAC,LAL-1988,1,1988,-12,65.94,tolbera01-1988
rambiku01,6,0.1,198712190LAC-LAL,198712190LAC-LAC,LAL-1988,1,1988,0.6000000000000001,65.94,rambiku01-1988
wagnemi01,2,0.7,198712190LAC-LAL,198712190LAC-LAC,LAL-1988,1,1988,1.4,65.94,wagnemi01-1988
roberal01,39,11.1,198712230LAC-SAS,198712230LAC-LAC,SAS-1988,1,1988,432.9,47.25,roberal01-1988
dawkijo01,37,0.6,198712230LAC-SAS,198712230LAC-LAC,SAS-1988,1,1988,22.2,47.25,dawkijo01-1988
greenda01,35,-1.1,198712230LAC-SAS,198712230LAC-LAC,SAS-1988,1,1988,-38.5,47.25,greenda01-1988
berrywa01,29,-2.6,198712230LAC-SAS,198712230LAC-LAC,SAS-1988,1,1988,-75.4,47.25,berrywa01-1988
brickfr01,25,1.4,198712230LAC-SAS,198712230LAC-LAC,SAS-1988,1,1988,35,47.25,brickfr01-1988
nimphku01,25,2.9,198712230LAC-SAS,198712230LAC-LAC,SAS-1988,1,1988,72.5,47.25,nimphku01-1988
nealyed01,21,3.2,198712230LAC-SAS,198712230LAC-LAC,SAS-1988,1,1988,67.2,47.25,nealyed01-1988
woodle01,15,-0.7,198712230LAC-SAS,198712230LAC-LAC,SAS-1988,1,1988,-10.5,47.25,woodle01-1988
andergr01,9,-3.1,198712230LAC-SAS,198712230LAC-LAC,SAS-1988,1,1988,-27.900000000000002,47.25,andergr01-1988
davisch02,5,-1,198712230LAC-SAS,198712230LAC-LAC,SAS-1988,1,1988,-5,47.25,davisch02-1988
johnsde01,44,4.5,198712260LAC-BOS,198712260LAC-LAC,BOS-1988,1,1988,198,70.30909090909091,johnsde01-1988
birdla01,43,11.2,198712260LAC-BOS,198712260LAC-LAC,BOS-1988,1,1988,481.59999999999997,70.30909090909091,birdla01-1988
mchalke01,37,5.4,198712260LAC-BOS,198712260LAC-LAC,BOS-1988,1,1988,199.8,70.30909090909091,mchalke01-1988
parisro01,36,-1.4,198712260LAC-BOS,198712260LAC-LAC,BOS-1988,1,1988,-50.4,70.30909090909091,parisro01-1988
aingeda01,33,-1.9,198712260LAC-BOS,198712260LAC-LAC,BOS-1988,1,1988,-62.699999999999996,70.30909090909091,aingeda01-1988
sichtje01,15,2.2,198712260LAC-BOS,198712260LAC-LAC,BOS-1988,1,1988,33,70.30909090909091,sichtje01-1988
acresma01,11,1,198712260LAC-BOS,198712260LAC-LAC,BOS-1988,1,1988,11,70.30909090909091,acresma01-1988
roberfr01,9,-3.2,198712260LAC-BOS,198712260LAC-LAC,BOS-1988,1,1988,-28.8,70.30909090909091,roberfr01-1988
dayeda01,7,-0.4,198712260LAC-BOS,198712260LAC-LAC,BOS-1988,1,1988,-2.8000000000000003,70.30909090909091,dayeda01-1988
minnidi01,4,-1.3,198712260LAC-BOS,198712260LAC-LAC,BOS-1988,1,1988,-5.2,70.30909090909091,minnidi01-1988
lohaubr01,1,-0.1,198712260LAC-BOS,198712260LAC-LAC,BOS-1988,1,1988,-0.1,70.30909090909091,lohaubr01-1988
nancela01,43,1.8,198712300LAC-PHO,198712300LAC-LAC,PHO-1988,1,1988,77.4,38.025000000000006,nancela01-1988
humphja01,40,-1.9,198712300LAC-PHO,198712300LAC-LAC,PHO-1988,1,1988,-76,38.025000000000006,humphja01-1988
edwarja01,38,-3,198712300LAC-PHO,198712300LAC-LAC,PHO-1988,1,1988,-114,38.025000000000006,edwarja01-1988
johnsed03,36,11.9,198712300LAC-PHO,198712300LAC-LAC,PHO-1988,1,1988,428.40000000000003,38.025000000000006,johnsed03-1988
hornaje01,28,-0.7,198712300LAC-PHO,198712300LAC-LAC,PHO-1988,1,1988,-19.599999999999998,38.025000000000006,hornaje01-1988
daviswa03,23,6.4,198712300LAC-PHO,198712300LAC-LAC,PHO-1988,1,1988,147.20000000000002,38.025000000000006,daviswa03-1988
adamsal01,10,3.5,198712300LAC-PHO,198712300LAC-LAC,PHO-1988,1,1988,35,38.025000000000006,adamsal01-1988
baileja01,7,0,198712300LAC-PHO,198712300LAC-LAC,PHO-1988,1,1988,0,38.025000000000006,baileja01-1988
sandemi01,6,-2.9,198712300LAC-PHO,198712300LAC-LAC,PHO-1988,1,1988,-17.4,38.025000000000006,sandemi01-1988
thompbe01,5,-1.2,198712300LAC-PHO,198712300LAC-LAC,PHO-1988,1,1988,-6,38.025000000000006,thompbe01-1988
cookje01,3,0.4,198712300LAC-PHO,198712300LAC-LAC,PHO-1988,1,1988,1.2000000000000002,38.025000000000006,cookje01-1988
critewi01,1,0.1,198712300LAC-PHO,198712300LAC-LAC,PHO-1988,1,1988,0.1,38.025000000000006,critewi01-1988
woodsmi01,43,13,198801010NYK-LAC,198801010NYK-NYK,LAC-1988,0,1988,559,-0.7199999999999995,woodsmi01-1988
cagemi01,39,1.7,198801010NYK-LAC,198801010NYK-NYK,LAC-1988,0,1988,66.3,-0.7199999999999995,cagemi01-1988
drewla01,38,-8.6,198801010NYK-LAC,198801010NYK-NYK,LAC-1988,0,1988,-326.8,-0.7199999999999995,drewla01-1988
willire01,31,-6.3,198801010NYK-LAC,198801010NYK-NYK,LAC-1988,0,1988,-195.29999999999998,-0.7199999999999995,willire01-1988
benjabe01,30,-3.1,198801010NYK-LAC,198801010NYK-NYK,LAC-1988,0,1988,-93,-0.7199999999999995,benjabe01-1988
wolfjo01,19,-1.4,198801010NYK-LAC,198801010NYK-NYK,LAC-1988,0,1988,-26.599999999999998,-0.7199999999999995,wolfjo01-1988
dailequ01,16,3.1,198801010NYK-LAC,198801010NYK-NYK,LAC-1988,0,1988,49.6,-0.7199999999999995,dailequ01-1988
nesslma01,11,-1.6,198801010NYK-LAC,198801010NYK-NYK,LAC-1988,0,1988,-17.6,-0.7199999999999995,nesslma01-1988
valenda01,9,-2,198801010NYK-LAC,198801010NYK-NYK,LAC-1988,0,1988,-18,-0.7199999999999995,valenda01-1988
curetea01,4,-1.2,198801010NYK-LAC,198801010NYK-NYK,LAC-1988,0,1988,-4.8,-0.7199999999999995,curetea01-1988
cagemi01,29,-7.6,198801030ATL-LAC,198801030ATL-ATL,LAC-1988,0,1988,-220.39999999999998,-42.15833333333333,cagemi01-1988
drewla01,29,-6.5,198801030ATL-LAC,198801030ATL-ATL,LAC-1988,0,1988,-188.5,-42.15833333333333,drewla01-1988
woodsmi01,29,-4.2,198801030ATL-LAC,198801030ATL-ATL,LAC-1988,0,1988,-121.80000000000001,-42.15833333333333,woodsmi01-1988
colemno01,21,-2.7,198801030ATL-LAC,198801030ATL-ATL,LAC-1988,0,1988,-56.7,-42.15833333333333,colemno01-1988
benjabe01,20,1.8,198801030ATL-LAC,198801030ATL-ATL,LAC-1988,0,1988,36,-42.15833333333333,benjabe01-1988
wolfjo01,20,-0.4,198801030ATL-LAC,198801030ATL-ATL,LAC-1988,0,1988,-8,-42.15833333333333,wolfjo01-1988
willire01,19,-2.2,198801030ATL-LAC,198801030ATL-ATL,LAC-1988,0,1988,-41.800000000000004,-42.15833333333333,willire01-1988
dailequ01,19,5.5,198801030ATL-LAC,198801030ATL-ATL,LAC-1988,0,1988,104.5,-42.15833333333333,dailequ01-1988
valenda01,18,0.6,198801030ATL-LAC,198801030ATL-ATL,LAC-1988,0,1988,10.799999999999999,-42.15833333333333,valenda01-1988
curetea01,17,-0.7,198801030ATL-LAC,198801030ATL-ATL,LAC-1988,0,1988,-11.899999999999999,-42.15833333333333,curetea01-1988
nesslma01,12,0.9,198801030ATL-LAC,198801030ATL-ATL,LAC-1988,0,1988,10.8,-42.15833333333333,nesslma01-1988
normake01,7,-2.7,198801030ATL-LAC,198801030ATL-ATL,LAC-1988,0,1988,-18.900000000000002,-42.15833333333333,normake01-1988
cagemi01,44,4.1,198801050MIL-LAC,198801050MIL-MIL,LAC-1988,0,1988,180.39999999999998,-8.572727272727276,cagemi01-1988
wolfjo01,34,-6,198801050MIL-LAC,198801050MIL-MIL,LAC-1988,0,1988,-204,-8.572727272727276,wolfjo01-1988
woodsmi01,28,4.6,198801050MIL-LAC,198801050MIL-MIL,LAC-1988,0,1988,128.79999999999998,-8.572727272727276,woodsmi01-1988
drewla01,23,-5.7,198801050MIL-LAC,198801050MIL-MIL,LAC-1988,0,1988,-131.1,-8.572727272727276,drewla01-1988
curetea01,23,-1.6,198801050MIL-LAC,198801050MIL-MIL,LAC-1988,0,1988,-36.800000000000004,-8.572727272727276,curetea01-1988
willire01,23,-6,198801050MIL-LAC,198801050MIL-MIL,LAC-1988,0,1988,-138,-8.572727272727276,willire01-1988
dailequ01,18,7.5,198801050MIL-LAC,198801050MIL-MIL,LAC-1988,0,1988,135,-8.572727272727276,dailequ01-1988
benjabe01,16,-1.1,198801050MIL-LAC,198801050MIL-MIL,LAC-1988,0,1988,-17.6,-8.572727272727276,benjabe01-1988
nesslma01,13,1.3,198801050MIL-LAC,198801050MIL-MIL,LAC-1988,0,1988,16.900000000000002,-8.572727272727276,nesslma01-1988
colemno01,9,-2.1,198801050MIL-LAC,198801050MIL-MIL,LAC-1988,0,1988,-18.900000000000002,-8.572727272727276,colemno01-1988
valenda01,9,-1,198801050MIL-LAC,198801050MIL-MIL,LAC-1988,0,1988,-9,-8.572727272727276,valenda01-1988
cagemi01,41,10.8,198801060CLE-LAC,198801060CLE-CLE,LAC-1988,0,1988,442.8,11.758333333333335,cagemi01-1988
woodsmi01,35,0.8,198801060CLE-LAC,198801060CLE-CLE,LAC-1988,0,1988,28,11.758333333333335,woodsmi01-1988
drewla01,29,-0.6,198801060CLE-LAC,198801060CLE-CLE,LAC-1988,0,1988,-17.4,11.758333333333335,drewla01-1988
curetea01,26,-1,198801060CLE-LAC,198801060CLE-CLE,LAC-1988,0,1988,-26,11.758333333333335,curetea01-1988
wolfjo01,25,-6.9,198801060CLE-LAC,198801060CLE-CLE,LAC-1988,0,1988,-172.5,11.758333333333335,wolfjo01-1988
willire01,25,-1.1,198801060CLE-LAC,198801060CLE-CLE,LAC-1988,0,1988,-27.500000000000004,11.758333333333335,willire01-1988
dailequ01,18,-3.2,198801060CLE-LAC,198801060CLE-CLE,LAC-1988,0,1988,-57.6,11.758333333333335,dailequ01-1988
benjabe01,15,-1.6,198801060CLE-LAC,198801060CLE-CLE,LAC-1988,0,1988,-24,11.758333333333335,benjabe01-1988
valenda01,14,0.3,198801060CLE-LAC,198801060CLE-CLE,LAC-1988,0,1988,4.2,11.758333333333335,valenda01-1988
nesslma01,7,-0.7,198801060CLE-LAC,198801060CLE-CLE,LAC-1988,0,1988,-4.8999999999999995,11.758333333333335,nesslma01-1988
colemno01,3,-0.6,198801060CLE-LAC,198801060CLE-CLE,LAC-1988,0,1988,-1.7999999999999998,11.758333333333335,colemno01-1988
normake01,2,-1.1,198801060CLE-LAC,198801060CLE-CLE,LAC-1988,0,1988,-2.2,11.758333333333335,normake01-1988
benjabe01,39,-9.2,198801080PHI-LAC,198801080PHI-PHI,LAC-1988,0,1988,-358.79999999999995,-8.274999999999999,benjabe01-1988
cagemi01,34,5.5,198801080PHI-LAC,198801080PHI-PHI,LAC-1988,0,1988,187,-8.274999999999999,cagemi01-1988
wolfjo01,31,-2.7,198801080PHI-LAC,198801080PHI-PHI,LAC-1988,0,1988,-83.7,-8.274999999999999,wolfjo01-1988
drewla01,27,1.9,198801080PHI-LAC,198801080PHI-PHI,LAC-1988,0,1988,51.3,-8.274999999999999,drewla01-1988
valenda01,27,12.2,198801080PHI-LAC,198801080PHI-PHI,LAC-1988,0,1988,329.4,-8.274999999999999,valenda01-1988
woodsmi01,20,-0.4,198801080PHI-LAC,198801080PHI-PHI,LAC-1988,0,1988,-8,-8.274999999999999,woodsmi01-1988
colemno01,17,-1.3,198801080PHI-LAC,198801080PHI-PHI,LAC-1988,0,1988,-22.1,-8.274999999999999,colemno01-1988
curetea01,17,-5.6,198801080PHI-LAC,198801080PHI-PHI,LAC-1988,0,1988,-95.19999999999999,-8.274999999999999,curetea01-1988
dailequ01,16,-6,198801080PHI-LAC,198801080PHI-PHI,LAC-1988,0,1988,-96,-8.274999999999999,dailequ01-1988
willire01,7,-1.6,198801080PHI-LAC,198801080PHI-PHI,LAC-1988,0,1988,-11.200000000000001,-8.274999999999999,willire01-1988
normake01,3,2.6,198801080PHI-LAC,198801080PHI-PHI,LAC-1988,0,1988,7.800000000000001,-8.274999999999999,normake01-1988
nesslma01,2,0.1,198801080PHI-LAC,198801080PHI-PHI,LAC-1988,0,1988,0.2,-8.274999999999999,nesslma01-1988
woodsmi01,37,-5.4,198801090WSB-LAC,198801090WSB-WSB,LAC-1988,0,1988,-199.8,-27.366666666666667,woodsmi01-1988
wolfjo01,33,-3.3,198801090WSB-LAC,198801090WSB-WSB,LAC-1988,0,1988,-108.89999999999999,-27.366666666666667,wolfjo01-1988
cagemi01,31,3,198801090WSB-LAC,198801090WSB-WSB,LAC-1988,0,1988,93,-27.366666666666667,cagemi01-1988
drewla01,24,4.6,198801090WSB-LAC,198801090WSB-WSB,LAC-1988,0,1988,110.39999999999999,-27.366666666666667,drewla01-1988
dailequ01,24,1.8,198801090WSB-LAC,198801090WSB-WSB,LAC-1988,0,1988,43.2,-27.366666666666667,dailequ01-1988
nesslma01,24,-6.5,198801090WSB-LAC,198801090WSB-WSB,LAC-1988,0,1988,-156,-27.366666666666667,nesslma01-1988
colemno01,23,-0.5,198801090WSB-LAC,198801090WSB-WSB,LAC-1988,0,1988,-11.5,-27.366666666666667,colemno01-1988
willire01,12,1.6,198801090WSB-LAC,198801090WSB-WSB,LAC-1988,0,1988,19.200000000000003,-27.366666666666667,willire01-1988
benjabe01,11,-1.8,198801090WSB-LAC,198801090WSB-WSB,LAC-1988,0,1988,-19.8,-27.366666666666667,benjabe01-1988
curetea01,11,-6.4,198801090WSB-LAC,198801090WSB-WSB,LAC-1988,0,1988,-70.4,-27.366666666666667,curetea01-1988
valenda01,7,-4.1,198801090WSB-LAC,198801090WSB-WSB,LAC-1988,0,1988,-28.699999999999996,-27.366666666666667,valenda01-1988
normake01,3,0.3,198801090WSB-LAC,198801090WSB-WSB,LAC-1988,0,1988,0.8999999999999999,-27.366666666666667,normake01-1988
woodsmi01,33,1.1,198801110IND-LAC,198801110IND-IND,LAC-1988,0,1988,36.300000000000004,-16.490909090909092,woodsmi01-1988
cagemi01,32,-2,198801110IND-LAC,198801110IND-IND,LAC-1988,0,1988,-64,-16.490909090909092,cagemi01-1988
benjabe01,30,-3.3,198801110IND-LAC,198801110IND-IND,LAC-1988,0,1988,-99,-16.490909090909092,benjabe01-1988
drewla01,29,4.3,198801110IND-LAC,198801110IND-IND,LAC-1988,0,1988,124.69999999999999,-16.490909090909092,drewla01-1988
colemno01,28,-3.1,198801110IND-LAC,198801110IND-IND,LAC-1988,0,1988,-86.8,-16.490909090909092,colemno01-1988
curetea01,22,0.9,198801110IND-LAC,198801110IND-IND,LAC-1988,0,1988,19.8,-16.490909090909092,curetea01-1988
wolfjo01,20,-1,198801110IND-LAC,198801110IND-IND,LAC-1988,0,1988,-20,-16.490909090909092,wolfjo01-1988
valenda01,19,-0.6,198801110IND-LAC,198801110IND-IND,LAC-1988,0,1988,-11.4,-16.490909090909092,valenda01-1988
dailequ01,15,-5.4,198801110IND-LAC,198801110IND-IND,LAC-1988,0,1988,-81,-16.490909090909092,dailequ01-1988
nesslma01,6,0.2,198801110IND-LAC,198801110IND-IND,LAC-1988,0,1988,1.2000000000000002,-16.490909090909092,nesslma01-1988
normake01,6,-0.2,198801110IND-LAC,198801110IND-IND,LAC-1988,0,1988,-1.2000000000000002,-16.490909090909092,normake01-1988
johnsma02,46,7.5,198801130LAC-LAL,198801130LAC-LAC,LAL-1988,0,1988,345,33.833333333333336,johnsma02-1988
worthja01,44,2.3,198801130LAC-LAL,198801130LAC-LAC,LAL-1988,0,1988,101.19999999999999,33.833333333333336,worthja01-1988
scottby01,43,-1.5,198801130LAC-LAL,198801130LAC-LAC,LAL-1988,0,1988,-64.5,33.833333333333336,scottby01-1988
greenac01,35,-2.6,198801130LAC-LAL,198801130LAC-LAC,LAL-1988,0,1988,-91,33.833333333333336,greenac01-1988
coopemi01,32,-3.3,198801130LAC-LAL,198801130LAC-LAC,LAL-1988,0,1988,-105.6,33.833333333333336,coopemi01-1988
abdulka01,28,1.1,198801130LAC-LAL,198801130LAC-LAC,LAL-1988,0,1988,30.800000000000004,33.833333333333336,abdulka01-1988
thompmy01,27,2.8,198801130LAC-LAL,198801130LAC-LAC,LAL-1988,0,1988,75.6,33.833333333333336,thompmy01-1988
rambiku01,9,1.4,198801130LAC-LAL,198801130LAC-LAC,LAL-1988,0,1988,12.6,33.833333333333336,rambiku01-1988
wagnemi01,1,0.4,198801130LAC-LAL,198801130LAC-LAC,LAL-1988,0,1988,0.4,33.833333333333336,wagnemi01-1988
cagemi01,43,1.1,198801150GSW-LAC,198801150GSW-GSW,LAC-1988,0,1988,47.300000000000004,-0.5666666666666652,cagemi01-1988
benjabe01,35,2,198801150GSW-LAC,198801150GSW-GSW,LAC-1988,0,1988,70,-0.5666666666666652,benjabe01-1988
woodsmi01,35,3.2,198801150GSW-LAC,198801150GSW-GSW,LAC-1988,0,1988,112,-0.5666666666666652,woodsmi01-1988
colemno01,33,-3.9,198801150GSW-LAC,198801150GSW-GSW,LAC-1988,0,1988,-128.7,-0.5666666666666652,colemno01-1988
drewla01,32,2.4,198801150GSW-LAC,198801150GSW-GSW,LAC-1988,0,1988,76.8,-0.5666666666666652,drewla01-1988
curetea01,18,-4,198801150GSW-LAC,198801150GSW-GSW,LAC-1988,0,1988,-72,-0.5666666666666652,curetea01-1988
dailequ01,16,-6.5,198801150GSW-LAC,198801150GSW-GSW,LAC-1988,0,1988,-104,-0.5666666666666652,dailequ01-1988
wolfjo01,15,-1.3,198801150GSW-LAC,198801150GSW-GSW,LAC-1988,0,1988,-19.5,-0.5666666666666652,wolfjo01-1988
valenda01,13,1,198801150GSW-LAC,198801150GSW-GSW,LAC-1988,0,1988,13,-0.5666666666666652,valenda01-1988
ellisda01,43,10.6,198801160LAC-SEA,198801160LAC-LAC,SEA-1988,1,1988,455.8,39.71818181818182,ellisda01-1988
chambto01,40,-3,198801160LAC-SEA,198801160LAC-LAC,SEA-1988,1,1988,-120,39.71818181818182,chambto01-1988
schoeru01,34,2.3,198801160LAC-SEA,198801160LAC-LAC,SEA-1988,1,1988,78.19999999999999,39.71818181818182,schoeru01-1988
mcmilna01,32,8.4,198801160LAC-SEA,198801160LAC-LAC,SEA-1988,1,1988,268.8,39.71818181818182,mcmilna01-1988
mckeyde01,32,-3.5,198801160LAC-SEA,198801160LAC-LAC,SEA-1988,1,1988,-112,39.71818181818182,mckeyde01-1988
johnscl01,19,-2.6,198801160LAC-SEA,198801160LAC-LAC,SEA-1988,1,1988,-49.4,39.71818181818182,johnscl01-1988
listeal01,18,-4.1,198801160LAC-SEA,198801160LAC-LAC,SEA-1988,1,1988,-73.8,39.71818181818182,listeal01-1988
willike01,14,1,198801160LAC-SEA,198801160LAC-LAC,SEA-1988,1,1988,14,39.71818181818182,willike01-1988
vincesa01,13,-0.7,198801160LAC-SEA,198801160LAC-LAC,SEA-1988,1,1988,-9.1,39.71818181818182,vincesa01-1988
polynol01,12,0.5,198801160LAC-SEA,198801160LAC-LAC,SEA-1988,1,1988,6,39.71818181818182,polynol01-1988
youngda01,8,-2.7,198801160LAC-SEA,198801160LAC-LAC,SEA-1988,1,1988,-21.6,39.71818181818182,youngda01-1988
harpede01,42,0.2,198801180LAC-DAL,198801180LAC-LAC,DAL-1988,1,1988,8.4,70.575,harpede01-1988
perkisa01,36,1.6,198801180LAC-DAL,198801180LAC-LAC,DAL-1988,1,1988,57.6,70.575,perkisa01-1988
aguirma01,35,5.4,198801180LAC-DAL,198801180LAC-LAC,DAL-1988,1,1988,189,70.575,aguirma01-1988
donalja01,34,0.8,198801180LAC-DAL,198801180LAC-LAC,DAL-1988,1,1988,27.200000000000003,70.575,donalja01-1988
davisbr01,30,7.9,198801180LAC-DAL,198801180LAC-LAC,DAL-1988,1,1988,237,70.575,davisbr01-1988
tarplro01,29,8,198801180LAC-DAL,198801180LAC-LAC,DAL-1988,1,1988,232,70.575,tarplro01-1988
schrede01,24,-6.9,198801180LAC-DAL,198801180LAC-LAC,DAL-1988,1,1988,-165.60000000000002,70.575,schrede01-1988
blabuw01,10,-2.1,198801180LAC-DAL,198801180LAC-LAC,DAL-1988,1,1988,-21,70.575,blabuw01-1988
persoch01,40,-3.6,198801200LAC-IND,198801200LAC-LAC,IND-1988,0,1988,-144,14.099999999999996,persoch01-1988
flemive01,39,7.1,198801200LAC-IND,198801200LAC-LAC,IND-1988,0,1988,276.9,14.099999999999996,flemive01-1988
stipast01,35,1.1,198801200LAC-IND,198801200LAC-LAC,IND-1988,0,1988,38.5,14.099999999999996,stipast01-1988
tisdawa01,31,1.2,198801200LAC-IND,198801200LAC-LAC,IND-1988,0,1988,37.199999999999996,14.099999999999996,tisdawa01-1988
millere01,26,-3.6,198801200LAC-IND,198801200LAC-LAC,IND-1988,0,1988,-93.60000000000001,14.099999999999996,millere01-1988
longjo01,22,-0.2,198801200LAC-IND,198801200LAC-LAC,IND-1988,0,1988,-4.4,14.099999999999996,longjo01-1988
willihe01,19,2.6,198801200LAC-IND,198801200LAC-LAC,IND-1988,0,1988,49.4,14.099999999999996,willihe01-1988
anderro01,15,-1.2,198801200LAC-IND,198801200LAC-LAC,IND-1988,0,1988,-18,14.099999999999996,anderro01-1988
wheelcl01,9,1,198801200LAC-IND,198801200LAC-LAC,IND-1988,0,1988,9,14.099999999999996,wheelcl01-1988
grayst01,4,-2.5,198801200LAC-IND,198801200LAC-LAC,IND-1988,0,1988,-10,14.099999999999996,grayst01-1988
cagemi01,39,3.9,198801220DAL-LAC,198801220DAL-DAL,LAC-1988,0,1988,152.1,-1.641666666666667,cagemi01-1988
benjabe01,31,-0.9,198801220DAL-LAC,198801220DAL-DAL,LAC-1988,0,1988,-27.900000000000002,-1.641666666666667,benjabe01-1988
woodsmi01,30,4.8,198801220DAL-LAC,198801220DAL-DAL,LAC-1988,0,1988,144,-1.641666666666667,woodsmi01-1988
normake01,27,-0.2,198801220DAL-LAC,198801220DAL-DAL,LAC-1988,0,1988,-5.4,-1.641666666666667,normake01-1988
valenda01,26,-3.5,198801220DAL-LAC,198801220DAL-DAL,LAC-1988,0,1988,-91,-1.641666666666667,valenda01-1988
drewla01,19,-4.5,198801220DAL-LAC,198801220DAL-DAL,LAC-1988,0,1988,-85.5,-1.641666666666667,drewla01-1988
dailequ01,18,-1.3,198801220DAL-LAC,198801220DAL-DAL,LAC-1988,0,1988,-23.400000000000002,-1.641666666666667,dailequ01-1988
curetea01,17,-1.4,198801220DAL-LAC,198801220DAL-DAL,LAC-1988,0,1988,-23.799999999999997,-1.641666666666667,curetea01-1988
colemno01,16,-0.6,198801220DAL-LAC,198801220DAL-DAL,LAC-1988,0,1988,-9.6,-1.641666666666667,colemno01-1988
wolfjo01,13,-3.8,198801220DAL-LAC,198801220DAL-DAL,LAC-1988,0,1988,-49.4,-1.641666666666667,wolfjo01-1988
phelpmi01,3,0.1,198801220DAL-LAC,198801220DAL-DAL,LAC-1988,0,1988,0.30000000000000004,-1.641666666666667,phelpmi01-1988
nesslma01,1,-0.1,198801220DAL-LAC,198801220DAL-DAL,LAC-1988,0,1988,-0.1,-1.641666666666667,nesslma01-1988
cagemi01,43,-2.5,198801230SAS-LAC,198801230SAS-SAS,LAC-1988,0,1988,-107.5,-12.7,cagemi01-1988
woodsmi01,34,-1.1,198801230SAS-LAC,198801230SAS-SAS,LAC-1988,0,1988,-37.400000000000006,-12.7,woodsmi01-1988
drewla01,33,5.4,198801230SAS-LAC,198801230SAS-SAS,LAC-1988,0,1988,178.20000000000002,-12.7,drewla01-1988
normake01,31,-1.5,198801230SAS-LAC,198801230SAS-SAS,LAC-1988,0,1988,-46.5,-12.7,normake01-1988
wolfjo01,31,-5.1,198801230SAS-LAC,198801230SAS-SAS,LAC-1988,0,1988,-158.1,-12.7,wolfjo01-1988
benjabe01,22,1.1,198801230SAS-LAC,198801230SAS-SAS,LAC-1988,0,1988,24.200000000000003,-12.7,benjabe01-1988
colemno01,17,2.3,198801230SAS-LAC,198801230SAS-SAS,LAC-1988,0,1988,39.099999999999994,-12.7,colemno01-1988
valenda01,15,-2.1,198801230SAS-LAC,198801230SAS-SAS,LAC-1988,0,1988,-31.5,-12.7,valenda01-1988
dailequ01,14,1.8,198801230SAS-LAC,198801230SAS-SAS,LAC-1988,0,1988,25.2,-12.7,dailequ01-1988
cagemi01,34,-3.2,198801260HOU-LAC,198801260HOU-HOU,LAC-1988,0,1988,-108.80000000000001,-18.927272727272726,cagemi01-1988
curetea01,29,-5.1,198801260HOU-LAC,198801260HOU-HOU,LAC-1988,0,1988,-147.89999999999998,-18.927272727272726,curetea01-1988
woodsmi01,27,-3.9,198801260HOU-LAC,198801260HOU-HOU,LAC-1988,0,1988,-105.3,-18.927272727272726,woodsmi01-1988
normake01,26,1.7,198801260HOU-LAC,198801260HOU-HOU,LAC-1988,0,1988,44.199999999999996,-18.927272727272726,normake01-1988
dailequ01,25,3.6,198801260HOU-LAC,198801260HOU-HOU,LAC-1988,0,1988,90,-18.927272727272726,dailequ01-1988
wolfjo01,23,2,198801260HOU-LAC,198801260HOU-HOU,LAC-1988,0,1988,46,-18.927272727272726,wolfjo01-1988
colemno01,20,-2.7,198801260HOU-LAC,198801260HOU-HOU,LAC-1988,0,1988,-54,-18.927272727272726,colemno01-1988
phelpmi01,20,3.8,198801260HOU-LAC,198801260HOU-HOU,LAC-1988,0,1988,76,-18.927272727272726,phelpmi01-1988
drewla01,16,-1.1,198801260HOU-LAC,198801260HOU-HOU,LAC-1988,0,1988,-17.6,-18.927272727272726,drewla01-1988
nesslma01,12,-1.1,198801260HOU-LAC,198801260HOU-HOU,LAC-1988,0,1988,-13.200000000000001,-18.927272727272726,nesslma01-1988
valenda01,8,-2.2,198801260HOU-LAC,198801260HOU-HOU,LAC-1988,0,1988,-17.6,-18.927272727272726,valenda01-1988
cummite01,37,0.7,198801290LAC-MIL,198801290LAC-LAC,MIL-1988,1,1988,25.9,36.66,cummite01-1988
hodgecr01,35,0.2,198801290LAC-MIL,198801290LAC-LAC,MIL-1988,1,1988,7,36.66,hodgecr01-1988
sikmaja01,34,2.8,198801290LAC-MIL,198801290LAC-LAC,MIL-1988,1,1988,95.19999999999999,36.66,sikmaja01-1988
presspa01,33,10.4,198801290LAC-MIL,198801290LAC-LAC,MIL-1988,1,1988,343.2,36.66,presspa01-1988
breuera01,25,1.2,198801290LAC-MIL,198801290LAC-LAC,MIL-1988,1,1988,30,36.66,breuera01-1988
krystla01,22,-5.6,198801290LAC-MIL,198801290LAC-LAC,MIL-1988,1,1988,-123.19999999999999,36.66,krystla01-1988
mannipa01,22,-1.4,198801290LAC-MIL,198801290LAC-LAC,MIL-1988,1,1988,-30.799999999999997,36.66,mannipa01-1988
lucasjo01,13,1,198801290LAC-MIL,198801290LAC-LAC,MIL-1988,1,1988,13,36.66,lucasjo01-1988
stroejo01,13,0.3,198801290LAC-MIL,198801290LAC-LAC,MIL-1988,1,1988,3.9,36.66,stroejo01-1988
moncrsi01,6,0.4,198801290LAC-MIL,198801290LAC-LAC,MIL-1988,1,1988,2.4000000000000004,36.66,moncrsi01-1988
cagemi01,33,3.3,198801300DEN-LAC,198801300DEN-DEN,LAC-1988,0,1988,108.89999999999999,-3.1666666666666683,cagemi01-1988
woodsmi01,32,1.9,198801300DEN-LAC,198801300DEN-DEN,LAC-1988,0,1988,60.8,-3.1666666666666683,woodsmi01-1988
wolfjo01,32,-3.6,198801300DEN-LAC,198801300DEN-DEN,LAC-1988,0,1988,-115.2,-3.1666666666666683,wolfjo01-1988
drewla01,30,-6,198801300DEN-LAC,198801300DEN-DEN,LAC-1988,0,1988,-180,-3.1666666666666683,drewla01-1988
colemno01,24,4,198801300DEN-LAC,198801300DEN-DEN,LAC-1988,0,1988,96,-3.1666666666666683,colemno01-1988
dailequ01,24,2.9,198801300DEN-LAC,198801300DEN-DEN,LAC-1988,0,1988,69.6,-3.1666666666666683,dailequ01-1988
benjabe01,23,-2.7,198801300DEN-LAC,198801300DEN-DEN,LAC-1988,0,1988,-62.1,-3.1666666666666683,benjabe01-1988
valenda01,14,0.1,198801300DEN-LAC,198801300DEN-DEN,LAC-1988,0,1988,1.4000000000000001,-3.1666666666666683,valenda01-1988
gordola01,11,1.9,198801300DEN-LAC,198801300DEN-DEN,LAC-1988,0,1988,20.9,-3.1666666666666683,gordola01-1988
normake01,11,-2.5,198801300DEN-LAC,198801300DEN-DEN,LAC-1988,0,1988,-27.5,-3.1666666666666683,normake01-1988
curetea01,3,-1.9,198801300DEN-LAC,198801300DEN-DEN,LAC-1988,0,1988,-5.699999999999999,-3.1666666666666683,curetea01-1988
nesslma01,3,-1.7,198801300DEN-LAC,198801300DEN-DEN,LAC-1988,0,1988,-5.1,-3.1666666666666683,nesslma01-1988
scottby01,39,4.4,198802040LAC-LAL,198802040LAC-LAC,LAL-1988,1,1988,171.60000000000002,50.51818181818182,scottby01-1988
worthja01,33,-0.7,198802040LAC-LAL,198802040LAC-LAC,LAL-1988,1,1988,-23.099999999999998,50.51818181818182,worthja01-1988
johnsma02,30,6.1,198802040LAC-LAL,198802040LAC-LAC,LAL-1988,1,1988,183,50.51818181818182,johnsma02-1988
coopemi01,29,-1.3,198802040LAC-LAL,198802040LAC-LAC,LAL-1988,1,1988,-37.7,50.51818181818182,coopemi01-1988
abdulka01,27,2.5,198802040LAC-LAL,198802040LAC-LAC,LAL-1988,1,1988,67.5,50.51818181818182,abdulka01-1988
greenac01,25,2.1,198802040LAC-LAL,198802040LAC-LAC,LAL-1988,1,1988,52.5,50.51818181818182,greenac01-1988
thompmy01,19,0.8,198802040LAC-LAL,198802040LAC-LAC,LAL-1988,1,1988,15.200000000000001,50.51818181818182,thompmy01-1988
smrekmi01,17,3.8,198802040LAC-LAL,198802040LAC-LAC,LAL-1988,1,1988,64.6,50.51818181818182,smrekmi01-1988
matthwe01,9,4.9,198802040LAC-LAL,198802040LAC-LAC,LAL-1988,1,1988,44.1,50.51818181818182,matthwe01-1988
tolbera01,6,0.9,198802040LAC-LAL,198802040LAC-LAC,LAL-1988,1,1988,5.4,50.51818181818182,tolbera01-1988
wagnemi01,6,2.1,198802040LAC-LAL,198802040LAC-LAC,LAL-1988,1,1988,12.600000000000001,50.51818181818182,wagnemi01-1988
cagemi01,38,5,198802090PHO-LAC,198802090PHO-PHO,LAC-1988,0,1988,190,14.47,cagemi01-1988
dailequ01,31,5.6,198802090PHO-LAC,198802090PHO-PHO,LAC-1988,0,1988,173.6,14.47,dailequ01-1988
drewla01,29,-2.8,198802090PHO-LAC,198802090PHO-PHO,LAC-1988,0,1988,-81.19999999999999,14.47,drewla01-1988
woodsmi01,26,-1.6,198802090PHO-LAC,198802090PHO-PHO,LAC-1988,0,1988,-41.6,14.47,woodsmi01-1988
benjabe01,22,-1.4,198802090PHO-LAC,198802090PHO-PHO,LAC-1988,0,1988,-30.799999999999997,14.47,benjabe01-1988
wolfjo01,21,0.7,198802090PHO-LAC,198802090PHO-PHO,LAC-1988,0,1988,14.7,14.47,wolfjo01-1988
valenda01,19,1,198802090PHO-LAC,198802090PHO-PHO,LAC-1988,0,1988,19,14.47,valenda01-1988
curetea01,18,2.3,198802090PHO-LAC,198802090PHO-PHO,LAC-1988,0,1988,41.4,14.47,curetea01-1988
kitegr01,18,-3.7,198802090PHO-LAC,198802090PHO-PHO,LAC-1988,0,1988,-66.60000000000001,14.47,kitegr01-1988
normake01,18,-4.1,198802090PHO-LAC,198802090PHO-PHO,LAC-1988,0,1988,-73.8,14.47,normake01-1988
johnsed03,35,9.7,198802100LAC-PHO,198802100LAC-LAC,PHO-1988,0,1988,339.5,9.872727272727273,johnsed03-1988
hornaje01,33,-1.2,198802100LAC-PHO,198802100LAC-LAC,PHO-1988,0,1988,-39.6,9.872727272727273,hornaje01-1988
humphja01,31,-1.1,198802100LAC-PHO,198802100LAC-LAC,PHO-1988,0,1988,-34.1,9.872727272727273,humphja01-1988
nancela01,30,-0.9,198802100LAC-PHO,198802100LAC-LAC,PHO-1988,0,1988,-27,9.872727272727273,nancela01-1988
gilliar01,23,0.3,198802100LAC-PHO,198802100LAC-LAC,PHO-1988,0,1988,6.8999999999999995,9.872727272727273,gilliar01-1988
daviswa03,23,-5.4,198802100LAC-PHO,198802100LAC-LAC,PHO-1988,0,1988,-124.2,9.872727272727273,daviswa03-1988
baileja01,19,-3.1,198802100LAC-PHO,198802100LAC-LAC,PHO-1988,0,1988,-58.9,9.872727272727273,baileja01-1988
adamsal01,17,1.5,198802100LAC-PHO,198802100LAC-LAC,PHO-1988,0,1988,25.5,9.872727272727273,adamsal01-1988
sandemi01,13,2.5,198802100LAC-PHO,198802100LAC-LAC,PHO-1988,0,1988,32.5,9.872727272727273,sandemi01-1988
thompbe01,10,-0.6,198802100LAC-PHO,198802100LAC-LAC,PHO-1988,0,1988,-6,9.872727272727273,thompbe01-1988
cookje01,6,-1,198802100LAC-PHO,198802100LAC-LAC,PHO-1988,0,1988,-6,9.872727272727273,cookje01-1988
floydsl01,39,-1.9,198802120LAC-HOU,198802120LAC-LAC,HOU-1988,1,1988,-74.1,28.675,floydsl01-1988
mccraro01,36,3.9,198802120LAC-HOU,198802120LAC-LAC,HOU-1988,1,1988,140.4,28.675,mccraro01-1988
olajuha01,36,4.1,198802120LAC-HOU,198802120LAC-LAC,HOU-1988,1,1988,147.6,28.675,olajuha01-1988
leaveal01,33,2.8,198802120LAC-HOU,198802120LAC-LAC,HOU-1988,1,1988,92.39999999999999,28.675,leaveal01-1988
carrojo01,28,3.6,198802120LAC-HOU,198802120LAC-LAC,HOU-1988,1,1988,100.8,28.675,carrojo01-1988
peterji01,22,-3.3,198802120LAC-HOU,198802120LAC-LAC,HOU-1988,1,1988,-72.6,28.675,peterji01-1988
shortpu01,21,-0.1,198802120LAC-HOU,198802120LAC-LAC,HOU-1988,1,1988,-2.1,28.675,shortpu01-1988
maxwece01,10,2.6,198802120LAC-HOU,198802120LAC-LAC,HOU-1988,1,1988,26,28.675,maxwece01-1988
johnsbu01,7,-1.3,198802120LAC-HOU,198802120LAC-LAC,HOU-1988,1,1988,-9.1,28.675,johnsbu01-1988
reidro01,5,-1.5,198802120LAC-HOU,198802120LAC-LAC,HOU-1988,1,1988,-7.5,28.675,reidro01-1988
freewo01,2,0.7,198802120LAC-HOU,198802120LAC-LAC,HOU-1988,1,1988,1.4,28.675,freewo01-1988
connele01,1,0.9,198802120LAC-HOU,198802120LAC-LAC,HOU-1988,1,1988,0.9,28.675,connele01-1988
harpede01,40,8.7,198802140LAC-DAL,198802140LAC-LAC,DAL-1988,1,1988,348,68.55555555555556,harpede01-1988
aguirma01,37,9.1,198802140LAC-DAL,198802140LAC-LAC,DAL-1988,1,1988,336.7,68.55555555555556,aguirma01-1988
blackro01,36,1.9,198802140LAC-DAL,198802140LAC-LAC,DAL-1988,1,1988,68.39999999999999,68.55555555555556,blackro01-1988
perkisa01,32,3,198802140LAC-DAL,198802140LAC-LAC,DAL-1988,1,1988,96,68.55555555555556,perkisa01-1988
donalja01,29,-2.9,198802140LAC-DAL,198802140LAC-LAC,DAL-1988,1,1988,-84.1,68.55555555555556,donalja01-1988
tarplro01,29,-3.6,198802140LAC-DAL,198802140LAC-LAC,DAL-1988,1,1988,-104.4,68.55555555555556,tarplro01-1988
davisbr01,20,-3.2,198802140LAC-DAL,198802140LAC-LAC,DAL-1988,1,1988,-64,68.55555555555556,davisbr01-1988
schrede01,12,1.7,198802140LAC-DAL,198802140LAC-LAC,DAL-1988,1,1988,20.4,68.55555555555556,schrede01-1988
blabuw01,5,0,198802140LAC-DAL,198802140LAC-LAC,DAL-1988,1,1988,0,68.55555555555556,blabuw01-1988
cagemi01,35,-2.8,198802160LAL-LAC,198802160LAL-LAL,LAC-1988,0,1988,-98,-2.200000000000001,cagemi01-1988
drewla01,34,-1.8,198802160LAL-LAC,198802160LAL-LAL,LAC-1988,0,1988,-61.2,-2.200000000000001,drewla01-1988
benjabe01,33,6.6,198802160LAL-LAC,198802160LAL-LAL,LAC-1988,0,1988,217.79999999999998,-2.200000000000001,benjabe01-1988
wolfjo01,33,-0.5,198802160LAL-LAC,198802160LAL-LAL,LAC-1988,0,1988,-16.5,-2.200000000000001,wolfjo01-1988
woodsmi01,33,2.2,198802160LAL-LAC,198802160LAL-LAL,LAC-1988,0,1988,72.60000000000001,-2.200000000000001,woodsmi01-1988
kitegr01,22,-2.1,198802160LAL-LAC,198802160LAL-LAL,LAC-1988,0,1988,-46.2,-2.200000000000001,kitegr01-1988
normake01,18,-0.2,198802160LAL-LAC,198802160LAL-LAL,LAC-1988,0,1988,-3.6,-2.200000000000001,normake01-1988
gordola01,15,-4,198802160LAL-LAC,198802160LAL-LAL,LAC-1988,0,1988,-60,-2.200000000000001,gordola01-1988
valenda01,14,-1.9,198802160LAL-LAC,198802160LAL-LAL,LAC-1988,0,1988,-26.599999999999998,-2.200000000000001,valenda01-1988
curetea01,3,-0.1,198802160LAL-LAC,198802160LAL-LAL,LAC-1988,0,1988,-0.30000000000000004,-2.200000000000001,curetea01-1988
kerseje01,43,0.1,198802170LAC-POR,198802170LAC-LAC,POR-1988,1,1988,4.3,54.68888888888889,kerseje01-1988
duckwke01,41,-6.2,198802170LAC-POR,198802170LAC-LAC,POR-1988,1,1988,-254.20000000000002,54.68888888888889,duckwke01-1988
drexlcl01,34,16.8,198802170LAC-POR,198802170LAC-LAC,POR-1988,1,1988,571.2,54.68888888888889,drexlcl01-1988
jonesca01,32,5.4,198802170LAC-POR,198802170LAC-LAC,POR-1988,1,1988,172.8,54.68888888888889,jonesca01-1988
portete01,32,1.7,198802170LAC-POR,198802170LAC-LAC,POR-1988,1,1988,54.4,54.68888888888889,portete01-1988
anderri01,21,-0.7,198802170LAC-POR,198802170LAC-LAC,POR-1988,1,1988,-14.7,54.68888888888889,anderri01-1988
paxsoji02,20,-1.2,198802170LAC-POR,198802170LAC-LAC,POR-1988,1,1988,-24,54.68888888888889,paxsoji02-1988
holtomi01,16,-1.1,198802170LAC-POR,198802170LAC-LAC,POR-1988,1,1988,-17.6,54.68888888888889,holtomi01-1988
jonesch02,1,0,198802170LAC-POR,198802170LAC-LAC,POR-1988,1,1988,0,54.68888888888889,jonesch02-1988
eatonma01,45,-0.9,198802190LAC-UTA,198802190LAC-LAC,UTA-1988,1,1988,-40.5,70.95555555555555,eatonma01-1988
malonka01,43,-1.7,198802190LAC-UTA,198802190LAC-LAC,UTA-1988,1,1988,-73.1,70.95555555555555,malonka01-1988
stockjo01,42,21.4,198802190LAC-UTA,198802190LAC-LAC,UTA-1988,1,1988,898.8,70.95555555555555,stockjo01-1988
baileth01,36,-3.4,198802190LAC-UTA,198802190LAC-LAC,UTA-1988,1,1988,-122.39999999999999,70.95555555555555,baileth01-1988
griffda01,28,2.1,198802190LAC-UTA,198802190LAC-LAC,UTA-1988,1,1988,58.800000000000004,70.95555555555555,griffda01-1988
hansebo01,20,-5,198802190LAC-UTA,198802190LAC-LAC,UTA-1988,1,1988,-100,70.95555555555555,hansebo01-1988
iavarma01,12,1.3,198802190LAC-UTA,198802190LAC-LAC,UTA-1988,1,1988,15.600000000000001,70.95555555555555,iavarma01-1988
greenri01,7,0.9,198802190LAC-UTA,198802190LAC-LAC,UTA-1988,1,1988,6.3,70.95555555555555,greenri01-1988
turpime01,7,-0.7,198802190LAC-UTA,198802190LAC-LAC,UTA-1988,1,1988,-4.8999999999999995,70.95555555555555,turpime01-1988
woodsmi01,39,7.1,198802200UTA-LAC,198802200UTA-UTA,LAC-1988,0,1988,276.9,17.936363636363637,woodsmi01-1988
cagemi01,36,-0.9,198802200UTA-LAC,198802200UTA-UTA,LAC-1988,0,1988,-32.4,17.936363636363637,cagemi01-1988
normake01,35,3.2,198802200UTA-LAC,198802200UTA-UTA,LAC-1988,0,1988,112,17.936363636363637,normake01-1988
benjabe01,34,5.4,198802200UTA-LAC,198802200UTA-UTA,LAC-1988,0,1988,183.60000000000002,17.936363636363637,benjabe01-1988
drewla01,26,-6.3,198802200UTA-LAC,198802200UTA-UTA,LAC-1988,0,1988,-163.79999999999998,17.936363636363637,drewla01-1988
valenda01,23,-2.2,198802200UTA-LAC,198802200UTA-UTA,LAC-1988,0,1988,-50.6,17.936363636363637,valenda01-1988
kitegr01,16,-3.9,198802200UTA-LAC,198802200UTA-UTA,LAC-1988,0,1988,-62.4,17.936363636363637,kitegr01-1988
wolfjo01,13,-2.7,198802200UTA-LAC,198802200UTA-UTA,LAC-1988,0,1988,-35.1,17.936363636363637,wolfjo01-1988
gordola01,9,-2.6,198802200UTA-LAC,198802200UTA-UTA,LAC-1988,0,1988,-23.400000000000002,17.936363636363637,gordola01-1988
curetea01,6,-1.4,198802200UTA-LAC,198802200UTA-UTA,LAC-1988,0,1988,-8.399999999999999,17.936363636363637,curetea01-1988
nesslma01,3,0.3,198802200UTA-LAC,198802200UTA-UTA,LAC-1988,0,1988,0.8999999999999999,17.936363636363637,nesslma01-1988
jacksma01,39,-0.1,198802250LAC-NYK,198802250LAC-LAC,NYK-1988,1,1988,-3.9000000000000004,31.990000000000002,jacksma01-1988
walkeke01,36,2.2,198802250LAC-NYK,198802250LAC-LAC,NYK-1988,1,1988,79.2,31.990000000000002,walkeke01-1988
wilkige01,35,2.8,198802250LAC-NYK,198802250LAC-LAC,NYK-1988,1,1988,98,31.990000000000002,wilkige01-1988
ewingpa01,32,2.7,198802250LAC-NYK,198802250LAC-LAC,NYK-1988,1,1988,86.4,31.990000000000002,ewingpa01-1988
greensi02,26,1.7,198802250LAC-NYK,198802250LAC-LAC,NYK-1988,1,1988,44.199999999999996,31.990000000000002,greensi02-1988
cartwbi01,20,1.3,198802250LAC-NYK,198802250LAC-LAC,NYK-1988,1,1988,26,31.990000000000002,cartwbi01-1988
cummipa01,18,-2.4,198802250LAC-NYK,198802250LAC-LAC,NYK-1988,1,1988,-43.199999999999996,31.990000000000002,cummipa01-1988
tucketr01,13,4.3,198802250LAC-NYK,198802250LAC-LAC,NYK-1988,1,1988,55.9,31.990000000000002,tucketr01-1988
newmajo01,11,0.3,198802250LAC-NYK,198802250LAC-LAC,NYK-1988,1,1988,3.3,31.990000000000002,newmajo01-1988
donovbi01,10,-2.6,198802250LAC-NYK,198802250LAC-LAC,NYK-1988,1,1988,-26,31.990000000000002,donovbi01-1988
daughbr01,42,-3.2,198802270LAC-CLE,198802270LAC-LAC,CLE-1988,0,1988,-134.4,7.139999999999999,daughbr01-1988
pricema01,39,-0.6,198802270LAC-CLE,198802270LAC-LAC,CLE-1988,0,1988,-23.4,7.139999999999999,pricema01-1988
harpero01,35,6.3,198802270LAC-CLE,198802270LAC-LAC,CLE-1988,0,1988,220.5,7.139999999999999,harpero01-1988
williho01,34,0.5,198802270LAC-CLE,198802270LAC-LAC,CLE-1988,0,1988,17,7.139999999999999,williho01-1988
hubbaph01,31,-1.8,198802270LAC-CLE,198802270LAC-LAC,CLE-1988,0,1988,-55.800000000000004,7.139999999999999,hubbaph01-1988
ehlocr01,20,3.9,198802270LAC-CLE,198802270LAC-LAC,CLE-1988,0,1988,78,7.139999999999999,ehlocr01-1988
nancela01,19,-2.6,198802270LAC-CLE,198802270LAC-LAC,CLE-1988,0,1988,-49.4,7.139999999999999,nancela01-1988
curryde01,10,-0.3,198802270LAC-CLE,198802270LAC-LAC,CLE-1988,0,1988,-3,7.139999999999999,curryde01-1988
dudlech02,7,3.6,198802270LAC-CLE,198802270LAC-LAC,CLE-1988,0,1988,25.2,7.139999999999999,dudlech02-1988
sandemi01,3,-1.1,198802270LAC-CLE,198802270LAC-LAC,CLE-1988,0,1988,-3.3000000000000003,7.139999999999999,sandemi01-1988
benjabe01,32,-3.6,198803010NJN-LAC,198803010NJN-NJN,LAC-1988,0,1988,-115.2,-27.89166666666667,benjabe01-1988
drewla01,28,0.2,198803010NJN-LAC,198803010NJN-NJN,LAC-1988,0,1988,5.6000000000000005,-27.89166666666667,drewla01-1988
cagemi01,27,-4.2,198803010NJN-LAC,198803010NJN-NJN,LAC-1988,0,1988,-113.4,-27.89166666666667,cagemi01-1988
woodsmi01,27,3.9,198803010NJN-LAC,198803010NJN-NJN,LAC-1988,0,1988,105.3,-27.89166666666667,woodsmi01-1988
fieldke01,25,-0.4,198803010NJN-LAC,198803010NJN-NJN,LAC-1988,0,1988,-10,-27.89166666666667,fieldke01-1988
willire01,24,-7,198803010NJN-LAC,198803010NJN-NJN,LAC-1988,0,1988,-168,-27.89166666666667,willire01-1988
wolfjo01,22,1.9,198803010NJN-LAC,198803010NJN-NJN,LAC-1988,0,1988,41.8,-27.89166666666667,wolfjo01-1988
kitegr01,17,0.3,198803010NJN-LAC,198803010NJN-NJN,LAC-1988,0,1988,5.1,-27.89166666666667,kitegr01-1988
normake01,16,-1.8,198803010NJN-LAC,198803010NJN-NJN,LAC-1988,0,1988,-28.8,-27.89166666666667,normake01-1988
dailequ01,13,-4.5,198803010NJN-LAC,198803010NJN-NJN,LAC-1988,0,1988,-58.5,-27.89166666666667,dailequ01-1988
valenda01,7,0.8,198803010NJN-LAC,198803010NJN-NJN,LAC-1988,0,1988,5.6000000000000005,-27.89166666666667,valenda01-1988
curetea01,2,-2.1,198803010NJN-LAC,198803010NJN-NJN,LAC-1988,0,1988,-4.2,-27.89166666666667,curetea01-1988
curetea01,35,4.8,198803020DET-LAC,198803020DET-DET,LAC-1988,0,1988,168,-3.1333333333333315,curetea01-1988
benjabe01,33,-1.7,198803020DET-LAC,198803020DET-DET,LAC-1988,0,1988,-56.1,-3.1333333333333315,benjabe01-1988
drewla01,28,-6.1,198803020DET-LAC,198803020DET-DET,LAC-1988,0,1988,-170.79999999999998,-3.1333333333333315,drewla01-1988
kitegr01,28,-1.9,198803020DET-LAC,198803020DET-DET,LAC-1988,0,1988,-53.199999999999996,-3.1333333333333315,kitegr01-1988
fieldke01,27,1.8,198803020DET-LAC,198803020DET-DET,LAC-1988,0,1988,48.6,-3.1333333333333315,fieldke01-1988
valenda01,24,6.8,198803020DET-LAC,198803020DET-DET,LAC-1988,0,1988,163.2,-3.1333333333333315,valenda01-1988
woodsmi01,23,0.1,198803020DET-LAC,198803020DET-DET,LAC-1988,0,1988,2.3000000000000003,-3.1333333333333315,woodsmi01-1988
normake01,21,2.9,198803020DET-LAC,198803020DET-DET,LAC-1988,0,1988,60.9,-3.1333333333333315,normake01-1988
willire01,21,-9.1,198803020DET-LAC,198803020DET-DET,LAC-1988,0,1988,-191.1,-3.1333333333333315,willire01-1988
cagemi01,37,5.8,198803040BOS-LAC,198803040BOS-BOS,LAC-1988,0,1988,214.6,-28.020000000000007,cagemi01-1988
valenda01,36,0.4,198803040BOS-LAC,198803040BOS-BOS,LAC-1988,0,1988,14.4,-28.020000000000007,valenda01-1988
woodsmi01,27,-0.8,198803040BOS-LAC,198803040BOS-BOS,LAC-1988,0,1988,-21.6,-28.020000000000007,woodsmi01-1988
benjabe01,24,-6.7,198803040BOS-LAC,198803040BOS-BOS,LAC-1988,0,1988,-160.8,-28.020000000000007,benjabe01-1988
normake01,24,-6.4,198803040BOS-LAC,198803040BOS-BOS,LAC-1988,0,1988,-153.60000000000002,-28.020000000000007,normake01-1988
willire01,24,-6.2,198803040BOS-LAC,198803040BOS-BOS,LAC-1988,0,1988,-148.8,-28.020000000000007,willire01-1988
kitegr01,23,-1.6,198803040BOS-LAC,198803040BOS-BOS,LAC-1988,0,1988,-36.800000000000004,-28.020000000000007,kitegr01-1988
curetea01,18,0.3,198803040BOS-LAC,198803040BOS-BOS,LAC-1988,0,1988,5.3999999999999995,-28.020000000000007,curetea01-1988
fieldke01,17,0,198803040BOS-LAC,198803040BOS-BOS,LAC-1988,0,1988,0,-28.020000000000007,fieldke01-1988
drewla01,10,0.7,198803040BOS-LAC,198803040BOS-BOS,LAC-1988,0,1988,7,-28.020000000000007,drewla01-1988
valenda01,40,-0.2,198803050CHI-LAC,198803050CHI-CHI,LAC-1988,0,1988,-8,-30.255555555555553,valenda01-1988
cagemi01,38,-6.9,198803050CHI-LAC,198803050CHI-CHI,LAC-1988,0,1988,-262.2,-30.255555555555553,cagemi01-1988
benjabe01,33,7.3,198803050CHI-LAC,198803050CHI-CHI,LAC-1988,0,1988,240.9,-30.255555555555553,benjabe01-1988
woodsmi01,29,6.2,198803050CHI-LAC,198803050CHI-CHI,LAC-1988,0,1988,179.8,-30.255555555555553,woodsmi01-1988
willire01,27,-6.4,198803050CHI-LAC,198803050CHI-CHI,LAC-1988,0,1988,-172.8,-30.255555555555553,willire01-1988
normake01,23,-6.5,198803050CHI-LAC,198803050CHI-CHI,LAC-1988,0,1988,-149.5,-30.255555555555553,normake01-1988
fieldke01,23,-3.5,198803050CHI-LAC,198803050CHI-CHI,LAC-1988,0,1988,-80.5,-30.255555555555553,fieldke01-1988
kitegr01,19,-1.6,198803050CHI-LAC,198803050CHI-CHI,LAC-1988,0,1988,-30.400000000000002,-30.255555555555553,kitegr01-1988
curetea01,8,1.3,198803050CHI-LAC,198803050CHI-CHI,LAC-1988,0,1988,10.4,-30.255555555555553,curetea01-1988
hinsoro01,45,0,198803090LAC-NJN,198803090LAC-LAC,NJN-1988,1,1988,0,25.055555555555554,hinsoro01-1988
mccorti01,42,-4.3,198803090LAC-NJN,198803090LAC-LAC,NJN-1988,1,1988,-180.6,25.055555555555554,mccorti01-1988
birdsot01,41,5.8,198803090LAC-NJN,198803090LAC-LAC,NJN-1988,1,1988,237.79999999999998,25.055555555555554,birdsot01-1988
bradldu01,41,-4.8,198803090LAC-NJN,198803090LAC-LAC,NJN-1988,1,1988,-196.79999999999998,25.055555555555554,bradldu01-1988
baglejo01,36,11.2,198803090LAC-NJN,198803090LAC-LAC,NJN-1988,1,1988,403.2,25.055555555555554,baglejo01-1988
washipe01,12,-3.5,198803090LAC-NJN,198803090LAC-LAC,NJN-1988,1,1988,-42,25.055555555555554,washipe01-1988
englech01,9,-0.5,198803090LAC-NJN,198803090LAC-LAC,NJN-1988,1,1988,-4.5,25.055555555555554,englech01-1988
comegda01,8,1.5,198803090LAC-NJN,198803090LAC-LAC,NJN-1988,1,1988,12,25.055555555555554,comegda01-1988
mckenke01,6,-0.6,198803090LAC-NJN,198803090LAC-LAC,NJN-1988,1,1988,-3.5999999999999996,25.055555555555554,mckenke01-1988
higgiro01,37,1.4,198803110LAC-GSW,198803110LAC-LAC,GSW-1988,1,1988,51.8,34.309999999999995,higgiro01-1988
mcdonbe01,36,-1.8,198803110LAC-GSW,198803110LAC-LAC,GSW-1988,1,1988,-64.8,34.309999999999995,mcdonbe01-1988
mullich01,35,6.5,198803110LAC-GSW,198803110LAC-LAC,GSW-1988,1,1988,227.5,34.309999999999995,mullich01-1988
garlawi01,34,7.8,198803110LAC-GSW,198803110LAC-LAC,GSW-1988,1,1988,265.2,34.309999999999995,garlawi01-1988
feitlda01,29,-1.3,198803110LAC-GSW,198803110LAC-LAC,GSW-1988,1,1988,-37.7,34.309999999999995,feitlda01-1988
smithot01,24,1.9,198803110LAC-GSW,198803110LAC-LAC,GSW-1988,1,1988,45.599999999999994,34.309999999999995,smithot01-1988
whiteje01,19,-5.5,198803110LAC-GSW,198803110LAC-LAC,GSW-1988,1,1988,-104.5,34.309999999999995,whiteje01-1988
harrist01,13,-0.8,198803110LAC-GSW,198803110LAC-LAC,GSW-1988,1,1988,-10.4,34.309999999999995,harrist01-1988
frankte01,8,-4.2,198803110LAC-GSW,198803110LAC-LAC,GSW-1988,1,1988,-33.6,34.309999999999995,frankte01-1988
whiteto01,5,0.8,198803110LAC-GSW,198803110LAC-LAC,GSW-1988,1,1988,4,34.309999999999995,whiteto01-1988
woodsmi01,32,-4.8,198803130POR-LAC,198803130POR-POR,LAC-1988,0,1988,-153.6,-22.58,woodsmi01-1988
kitegr01,32,0.4,198803130POR-LAC,198803130POR-POR,LAC-1988,0,1988,12.8,-22.58,kitegr01-1988
drewla01,31,6.2,198803130POR-LAC,198803130POR-POR,LAC-1988,0,1988,192.20000000000002,-22.58,drewla01-1988
gregocl01,27,-3,198803130POR-LAC,198803130POR-POR,LAC-1988,0,1988,-81,-22.58,gregocl01-1988
benjabe01,24,-1,198803130POR-LAC,198803130POR-POR,LAC-1988,0,1988,-24,-22.58,benjabe01-1988
fieldke01,24,-4.2,198803130POR-LAC,198803130POR-POR,LAC-1988,0,1988,-100.80000000000001,-22.58,fieldke01-1988
normake01,22,0.1,198803130POR-LAC,198803130POR-POR,LAC-1988,0,1988,2.2,-22.58,normake01-1988
valenda01,17,-1.9,198803130POR-LAC,198803130POR-POR,LAC-1988,0,1988,-32.3,-22.58,valenda01-1988
willire01,16,-2.3,198803130POR-LAC,198803130POR-POR,LAC-1988,0,1988,-36.8,-22.58,willire01-1988
curetea01,15,-0.3,198803130POR-LAC,198803130POR-POR,LAC-1988,0,1988,-4.5,-22.58,curetea01-1988
benjabe01,43,2.3,198803150HOU-LAC,198803150HOU-HOU,LAC-1988,0,1988,98.89999999999999,24.822222222222223,benjabe01-1988
normake01,35,3.5,198803150HOU-LAC,198803150HOU-HOU,LAC-1988,0,1988,122.5,24.822222222222223,normake01-1988
woodsmi01,35,2.3,198803150HOU-LAC,198803150HOU-HOU,LAC-1988,0,1988,80.5,24.822222222222223,woodsmi01-1988
valenda01,31,0.7,198803150HOU-LAC,198803150HOU-HOU,LAC-1988,0,1988,21.7,24.822222222222223,valenda01-1988
drewla01,28,6.4,198803150HOU-LAC,198803150HOU-HOU,LAC-1988,0,1988,179.20000000000002,24.822222222222223,drewla01-1988
curetea01,26,-3.8,198803150HOU-LAC,198803150HOU-HOU,LAC-1988,0,1988,-98.8,24.822222222222223,curetea01-1988
kitegr01,26,-4.6,198803150HOU-LAC,198803150HOU-HOU,LAC-1988,0,1988,-119.6,24.822222222222223,kitegr01-1988
gregocl01,13,-4.6,198803150HOU-LAC,198803150HOU-HOU,LAC-1988,0,1988,-59.8,24.822222222222223,gregocl01-1988
willire01,3,-0.4,198803150HOU-LAC,198803150HOU-HOU,LAC-1988,0,1988,-1.2000000000000002,24.822222222222223,willire01-1988
normake01,44,6.8,198803160SAS-LAC,198803160SAS-SAS,LAC-1988,0,1988,299.2,50.849999999999994,normake01-1988
valenda01,42,-0.1,198803160SAS-LAC,198803160SAS-SAS,LAC-1988,0,1988,-4.2,50.849999999999994,valenda01-1988
benjabe01,39,8.6,198803160SAS-LAC,198803160SAS-SAS,LAC-1988,0,1988,335.4,50.849999999999994,benjabe01-1988
woodsmi01,39,-2.1,198803160SAS-LAC,198803160SAS-SAS,LAC-1988,0,1988,-81.9,50.849999999999994,woodsmi01-1988
curetea01,36,1.3,198803160SAS-LAC,198803160SAS-SAS,LAC-1988,0,1988,46.800000000000004,50.849999999999994,curetea01-1988
drewla01,15,-7.1,198803160SAS-LAC,198803160SAS-SAS,LAC-1988,0,1988,-106.5,50.849999999999994,drewla01-1988
kitegr01,15,-3,198803160SAS-LAC,198803160SAS-SAS,LAC-1988,0,1988,-45,50.849999999999994,kitegr01-1988
gregocl01,10,-3.7,198803160SAS-LAC,198803160SAS-SAS,LAC-1988,0,1988,-37,50.849999999999994,gregocl01-1988
tarplro01,42,4.8,198803180LAC-DAL,198803180LAC-LAC,DAL-1988,1,1988,201.6,44.32222222222222,tarplro01-1988
donalja01,38,0.5,198803180LAC-DAL,198803180LAC-LAC,DAL-1988,1,1988,19,44.32222222222222,donalja01-1988
harpede01,35,-3.3,198803180LAC-DAL,198803180LAC-LAC,DAL-1988,1,1988,-115.5,44.32222222222222,harpede01-1988
perkisa01,35,0.9,198803180LAC-DAL,198803180LAC-LAC,DAL-1988,1,1988,31.5,44.32222222222222,perkisa01-1988
blackro01,32,-2.5,198803180LAC-DAL,198803180LAC-LAC,DAL-1988,1,1988,-80,44.32222222222222,blackro01-1988
davisbr01,29,8.3,198803180LAC-DAL,198803180LAC-LAC,DAL-1988,1,1988,240.70000000000002,44.32222222222222,davisbr01-1988
schrede01,27,3.8,198803180LAC-DAL,198803180LAC-LAC,DAL-1988,1,1988,102.6,44.32222222222222,schrede01-1988
blabuw01,1,-0.2,198803180LAC-DAL,198803180LAC-LAC,DAL-1988,1,1988,-0.2,44.32222222222222,blabuw01-1988
wennibi01,1,-0.8,198803180LAC-DAL,198803180LAC-LAC,DAL-1988,1,1988,-0.8,44.32222222222222,wennibi01-1988
smithke01,44,-3.3,198803200LAC-SAC,198803200LAC-LAC,SAC-1988,0,1988,-145.2,-8.329999999999995,smithke01-1988
smithde02,38,4.9,198803200LAC-SAC,198803200LAC-LAC,SAC-1988,0,1988,186.20000000000002,-8.329999999999995,smithde02-1988
thorpot01,38,-7.3,198803200LAC-SAC,198803200LAC-LAC,SAC-1988,0,1988,-277.4,-8.329999999999995,thorpot01-1988
kleinjo01,32,4,198803200LAC-SAC,198803200LAC-LAC,SAC-1988,0,1988,128,-8.329999999999995,kleinjo01-1988
pressha01,28,1.6,198803200LAC-SAC,198803200LAC-LAC,SAC-1988,0,1988,44.800000000000004,-8.329999999999995,pressha01-1988
thompla01,16,-2.9,198803200LAC-SAC,198803200LAC-LAC,SAC-1988,0,1988,-46.4,-8.329999999999995,thompla01-1988
jacksmi02,15,2.8,198803200LAC-SAC,198803200LAC-LAC,SAC-1988,0,1988,42,-8.329999999999995,jacksmi02-1988
tylerte01,13,-0.3,198803200LAC-SAC,198803200LAC-LAC,SAC-1988,0,1988,-3.9,-8.329999999999995,tylerte01-1988
pincked01,10,-1.5,198803200LAC-SAC,198803200LAC-LAC,SAC-1988,0,1988,-15,-8.329999999999995,pincked01-1988
theusre01,6,0.6,198803200LAC-SAC,198803200LAC-LAC,SAC-1988,0,1988,3.5999999999999996,-8.329999999999995,theusre01-1988
cagemi01,40,-3.2,198803210PHO-LAC,198803210PHO-PHO,LAC-1988,0,1988,-128,-14.875,cagemi01-1988
woodsmi01,38,2.9,198803210PHO-LAC,198803210PHO-PHO,LAC-1988,0,1988,110.2,-14.875,woodsmi01-1988
normake01,36,-1.8,198803210PHO-LAC,198803210PHO-PHO,LAC-1988,0,1988,-64.8,-14.875,normake01-1988
valenda01,32,-0.4,198803210PHO-LAC,198803210PHO-PHO,LAC-1988,0,1988,-12.8,-14.875,valenda01-1988
curetea01,30,0.7,198803210PHO-LAC,198803210PHO-PHO,LAC-1988,0,1988,21,-14.875,curetea01-1988
kitegr01,26,0.6,198803210PHO-LAC,198803210PHO-PHO,LAC-1988,0,1988,15.6,-14.875,kitegr01-1988
drewla01,26,-3.1,198803210PHO-LAC,198803210PHO-PHO,LAC-1988,0,1988,-80.60000000000001,-14.875,drewla01-1988
gregocl01,12,1.7,198803210PHO-LAC,198803210PHO-PHO,LAC-1988,0,1988,20.4,-14.875,gregocl01-1988
adamsmi01,42,0.6,198803230LAC-DEN,198803230LAC-LAC,DEN-1988,1,1988,25.2,43.611111111111114,adamsmi01-1988
englial01,36,1.4,198803230LAC-DEN,198803230LAC-LAC,DEN-1988,1,1988,50.4,43.611111111111114,englial01-1988
rasmubl01,33,2.9,198803230LAC-DEN,198803230LAC-LAC,DEN-1988,1,1988,95.7,43.611111111111114,rasmubl01-1988
leverfa01,31,2.8,198803230LAC-DEN,198803230LAC-LAC,DEN-1988,1,1988,86.8,43.611111111111114,leverfa01-1988
schayda01,29,-0.3,198803230LAC-DEN,198803230LAC-LAC,DEN-1988,1,1988,-8.7,43.611111111111114,schayda01-1988
vinceja01,27,2.7,198803230LAC-DEN,198803230LAC-LAC,DEN-1988,1,1988,72.9,43.611111111111114,vinceja01-1988
dunntr01,23,2.9,198803230LAC-DEN,198803230LAC-LAC,DEN-1988,1,1988,66.7,43.611111111111114,dunntr01-1988
hanzlbi01,14,1,198803230LAC-DEN,198803230LAC-LAC,DEN-1988,1,1988,14,43.611111111111114,hanzlbi01-1988
brookmi01,5,-2.1,198803230LAC-DEN,198803230LAC-LAC,DEN-1988,1,1988,-10.5,43.611111111111114,brookmi01-1988
higgiro01,33,6.5,198803250LAC-GSW,198803250LAC-LAC,GSW-1988,0,1988,214.5,-4.145454545454546,higgiro01-1988
garlawi01,29,-3.9,198803250LAC-GSW,198803250LAC-LAC,GSW-1988,0,1988,-113.1,-4.145454545454546,garlawi01-1988
frankte01,28,2,198803250LAC-GSW,198803250LAC-LAC,GSW-1988,0,1988,56,-4.145454545454546,frankte01-1988
mullich01,23,9.6,198803250LAC-GSW,198803250LAC-LAC,GSW-1988,0,1988,220.79999999999998,-4.145454545454546,mullich01-1988
hoppeda01,22,-0.1,198803250LAC-GSW,198803250LAC-LAC,GSW-1988,0,1988,-2.2,-4.145454545454546,hoppeda01-1988
feitlda01,21,-7.1,198803250LAC-GSW,198803250LAC-LAC,GSW-1988,0,1988,-149.1,-4.145454545454546,feitlda01-1988
mcdonbe01,21,-0.4,198803250LAC-GSW,198803250LAC-LAC,GSW-1988,0,1988,-8.4,-4.145454545454546,mcdonbe01-1988
harrist01,21,-3.1,198803250LAC-GSW,198803250LAC-LAC,GSW-1988,0,1988,-65.10000000000001,-4.145454545454546,harrist01-1988
teaglte01,20,-4.6,198803250LAC-GSW,198803250LAC-LAC,GSW-1988,0,1988,-92,-4.145454545454546,teaglte01-1988
whiteto01,12,-7,198803250LAC-GSW,198803250LAC-LAC,GSW-1988,0,1988,-84,-4.145454545454546,whiteto01-1988
whiteje01,10,-2.3,198803250LAC-GSW,198803250LAC-LAC,GSW-1988,0,1988,-23,-4.145454545454546,whiteje01-1988
normake01,41,0,198803260SEA-LAC,198803260SEA-SEA,LAC-1988,0,1988,0,-33.24444444444445,normake01-1988
gregocl01,30,0.7,198803260SEA-LAC,198803260SEA-SEA,LAC-1988,0,1988,21,-33.24444444444445,gregocl01-1988
kitegr01,28,-1.4,198803260SEA-LAC,198803260SEA-SEA,LAC-1988,0,1988,-39.199999999999996,-33.24444444444445,kitegr01-1988
dailequ01,26,-0.8,198803260SEA-LAC,198803260SEA-SEA,LAC-1988,0,1988,-20.8,-33.24444444444445,dailequ01-1988
drewla01,26,-0.8,198803260SEA-LAC,198803260SEA-SEA,LAC-1988,0,1988,-20.8,-33.24444444444445,drewla01-1988
whiteer01,26,-2.3,198803260SEA-LAC,198803260SEA-SEA,LAC-1988,0,1988,-59.8,-33.24444444444445,whiteer01-1988
valenda01,25,-3.9,198803260SEA-LAC,198803260SEA-SEA,LAC-1988,0,1988,-97.5,-33.24444444444445,valenda01-1988
curetea01,25,-1.1,198803260SEA-LAC,198803260SEA-SEA,LAC-1988,0,1988,-27.500000000000004,-33.24444444444445,curetea01-1988
burttst01,13,-4.2,198803260SEA-LAC,198803260SEA-SEA,LAC-1988,0,1988,-54.6,-33.24444444444445,burttst01-1988
dumarjo01,39,3.5,198803280LAC-DET,198803280LAC-LAC,DET-1988,0,1988,136.5,29.27777777777778,dumarjo01-1988
laimbbi01,37,5.3,198803280LAC-DET,198803280LAC-LAC,DET-1988,0,1988,196.1,29.27777777777778,laimbbi01-1988
thomais01,34,-1.9,198803280LAC-DET,198803280LAC-LAC,DET-1988,0,1988,-64.6,29.27777777777778,thomais01-1988
dantlad01,34,1.5,198803280LAC-DET,198803280LAC-LAC,DET-1988,0,1988,51,29.27777777777778,dantlad01-1988
rodmade01,30,-3.2,198803280LAC-DET,198803280LAC-LAC,DET-1988,0,1988,-96,29.27777777777778,rodmade01-1988
sallejo01,30,0,198803280LAC-DET,198803280LAC-LAC,DET-1988,0,1988,0,29.27777777777778,sallejo01-1988
johnsvi01,20,2.7,198803280LAC-DET,198803280LAC-LAC,DET-1988,0,1988,54,29.27777777777778,johnsvi01-1988
edwarja01,13,-1.2,198803280LAC-DET,198803280LAC-LAC,DET-1988,0,1988,-15.6,29.27777777777778,edwarja01-1988
lewisra01,3,0.7,198803280LAC-DET,198803280LAC-LAC,DET-1988,0,1988,2.0999999999999996,29.27777777777778,lewisra01-1988
corzida01,35,4.9,198803300LAC-CHI,198803300LAC-LAC,CHI-1988,1,1988,171.5,61.94166666666666,corzida01-1988
jordami01,34,15.7,198803300LAC-CHI,198803300LAC-LAC,CHI-1988,1,1988,533.8,61.94166666666666,jordami01-1988
oaklech01,33,-0.8,198803300LAC-CHI,198803300LAC-LAC,CHI-1988,1,1988,-26.400000000000002,61.94166666666666,oaklech01-1988
grantho01,28,0.9,198803300LAC-CHI,198803300LAC-LAC,CHI-1988,1,1988,25.2,61.94166666666666,grantho01-1988
vincesa01,26,5.2,198803300LAC-CHI,198803300LAC-LAC,CHI-1988,1,1988,135.20000000000002,61.94166666666666,vincesa01-1988
paxsojo01,25,1.3,198803300LAC-CHI,198803300LAC-LAC,CHI-1988,1,1988,32.5,61.94166666666666,paxsojo01-1988
pippesc01,19,-1.5,198803300LAC-CHI,198803300LAC-LAC,CHI-1988,1,1988,-28.5,61.94166666666666,pippesc01-1988
turneel01,17,-2.8,198803300LAC-CHI,198803300LAC-LAC,CHI-1988,1,1988,-47.599999999999994,61.94166666666666,turneel01-1988
sellebr01,12,-3.5,198803300LAC-CHI,198803300LAC-LAC,CHI-1988,1,1988,-42,61.94166666666666,sellebr01-1988
waitegr01,5,-0.8,198803300LAC-CHI,198803300LAC-LAC,CHI-1988,1,1988,-4,61.94166666666666,waitegr01-1988
sparrro01,4,-0.2,198803300LAC-CHI,198803300LAC-LAC,CHI-1988,1,1988,-0.8,61.94166666666666,sparrro01-1988
brownmi01,2,-2.8,198803300LAC-CHI,198803300LAC-LAC,CHI-1988,1,1988,-5.6,61.94166666666666,brownmi01-1988
brickfr01,42,3.8,198804010LAC-SAS,198804010LAC-LAC,SAS-1988,1,1988,159.6,57.9,brickfr01-1988
sundvjo01,41,1.2,198804010LAC-SAS,198804010LAC-LAC,SAS-1988,1,1988,49.199999999999996,57.9,sundvjo01-1988
roberal01,34,4.7,198804010LAC-SAS,198804010LAC-LAC,SAS-1988,1,1988,159.8,57.9,roberal01-1988
berrywa01,33,8.7,198804010LAC-SAS,198804010LAC-LAC,SAS-1988,1,1988,287.09999999999997,57.9,berrywa01-1988
nealyed01,25,-3.4,198804010LAC-SAS,198804010LAC-LAC,SAS-1988,1,1988,-85,57.9,nealyed01-1988
wilsori02,21,1.1,198804010LAC-SAS,198804010LAC-LAC,SAS-1988,1,1988,23.1,57.9,wilsori02-1988
andergr01,16,-0.8,198804010LAC-SAS,198804010LAC-LAC,SAS-1988,1,1988,-12.8,57.9,andergr01-1988
mitchmi01,15,-2,198804010LAC-SAS,198804010LAC-LAC,SAS-1988,1,1988,-30,57.9,mitchmi01-1988
nimphku01,13,-2.3,198804010LAC-SAS,198804010LAC-LAC,SAS-1988,1,1988,-29.9,57.9,nimphku01-1988
benjabe01,44,9.1,198804020SAC-LAC,198804020SAC-SAC,LAC-1988,1,1988,400.4,26.14,benjabe01-1988
woodsmi01,29,-2.4,198804020SAC-LAC,198804020SAC-SAC,LAC-1988,1,1988,-69.6,26.14,woodsmi01-1988
drewla01,28,1.6,198804020SAC-LAC,198804020SAC-SAC,LAC-1988,1,1988,44.800000000000004,26.14,drewla01-1988
kitegr01,27,-1.3,198804020SAC-LAC,198804020SAC-SAC,LAC-1988,1,1988,-35.1,26.14,kitegr01-1988
gregocl01,25,1.7,198804020SAC-LAC,198804020SAC-SAC,LAC-1988,1,1988,42.5,26.14,gregocl01-1988
valenda01,24,-3.9,198804020SAC-LAC,198804020SAC-SAC,LAC-1988,1,1988,-93.6,26.14,valenda01-1988
normake01,22,-1.5,198804020SAC-LAC,198804020SAC-SAC,LAC-1988,1,1988,-33,26.14,normake01-1988
whiteer01,22,-0.4,198804020SAC-LAC,198804020SAC-SAC,LAC-1988,1,1988,-8.8,26.14,whiteer01-1988
burttst01,15,1.4,198804020SAC-LAC,198804020SAC-SAC,LAC-1988,1,1988,21,26.14,burttst01-1988
curetea01,4,-1.8,198804020SAC-LAC,198804020SAC-SAC,LAC-1988,1,1988,-7.2,26.14,curetea01-1988
benjabe01,33,3.6,198804050POR-LAC,198804050POR-POR,LAC-1988,0,1988,118.8,1.3181818181818163,benjabe01-1988
woodsmi01,32,0.4,198804050POR-LAC,198804050POR-POR,LAC-1988,0,1988,12.8,1.3181818181818163,woodsmi01-1988
valenda01,29,7.3,198804050POR-LAC,198804050POR-POR,LAC-1988,0,1988,211.7,1.3181818181818163,valenda01-1988
normake01,26,-4,198804050POR-LAC,198804050POR-POR,LAC-1988,0,1988,-104,1.3181818181818163,normake01-1988
kitegr01,23,-2.4,198804050POR-LAC,198804050POR-POR,LAC-1988,0,1988,-55.199999999999996,1.3181818181818163,kitegr01-1988
whiteer01,22,0.9,198804050POR-LAC,198804050POR-POR,LAC-1988,0,1988,19.8,1.3181818181818163,whiteer01-1988
gregocl01,21,-3.2,198804050POR-LAC,198804050POR-POR,LAC-1988,0,1988,-67.2,1.3181818181818163,gregocl01-1988
curetea01,19,-1.8,198804050POR-LAC,198804050POR-POR,LAC-1988,0,1988,-34.2,1.3181818181818163,curetea01-1988
drewla01,18,-2.2,198804050POR-LAC,198804050POR-POR,LAC-1988,0,1988,-39.6,1.3181818181818163,drewla01-1988
burttst01,11,-4.4,198804050POR-LAC,198804050POR-POR,LAC-1988,0,1988,-48.400000000000006,1.3181818181818163,burttst01-1988
dailequ01,6,0,198804050POR-LAC,198804050POR-POR,LAC-1988,0,1988,0,1.3181818181818163,dailequ01-1988
kerseje01,39,3.7,198804060LAC-POR,198804060LAC-LAC,POR-1988,1,1988,144.3,40.11,kerseje01-1988
drexlcl01,38,6.3,198804060LAC-POR,198804060LAC-LAC,POR-1988,1,1988,239.4,40.11,drexlcl01-1988
portete01,33,0.3,198804060LAC-POR,198804060LAC-LAC,POR-1988,1,1988,9.9,40.11,portete01-1988
duckwke01,32,-2.2,198804060LAC-POR,198804060LAC-LAC,POR-1988,1,1988,-70.4,40.11,duckwke01-1988
vandeki01,24,-0.3,198804060LAC-POR,198804060LAC-LAC,POR-1988,1,1988,-7.199999999999999,40.11,vandeki01-1988
jonesca01,19,1.9,198804060LAC-POR,198804060LAC-LAC,POR-1988,1,1988,36.1,40.11,jonesca01-1988
anderri01,16,0.9,198804060LAC-POR,198804060LAC-LAC,POR-1988,1,1988,14.4,40.11,anderri01-1988
sichtje01,16,3.5,198804060LAC-POR,198804060LAC-LAC,POR-1988,1,1988,56,40.11,sichtje01-1988
lucasma01,14,-2.3,198804060LAC-POR,198804060LAC-LAC,POR-1988,1,1988,-32.199999999999996,40.11,lucasma01-1988
holtomi01,9,1.2,198804060LAC-POR,198804060LAC-LAC,POR-1988,1,1988,10.799999999999999,40.11,holtomi01-1988
valenda01,37,5.6,198804080LAL-LAC,198804080LAL-LAL,LAC-1988,0,1988,207.2,-2.9200000000000013,valenda01-1988
benjabe01,31,-1.5,198804080LAL-LAC,198804080LAL-LAL,LAC-1988,0,1988,-46.5,-2.9200000000000013,benjabe01-1988
cagemi01,30,-2.2,198804080LAL-LAC,198804080LAL-LAL,LAC-1988,0,1988,-66,-2.9200000000000013,cagemi01-1988
normake01,28,-2.9,198804080LAL-LAC,198804080LAL-LAL,LAC-1988,0,1988,-81.2,-2.9200000000000013,normake01-1988
burttst01,24,-0.8,198804080LAL-LAC,198804080LAL-LAL,LAC-1988,0,1988,-19.200000000000003,-2.9200000000000013,burttst01-1988
kitegr01,23,2,198804080LAL-LAC,198804080LAL-LAL,LAC-1988,0,1988,46,-2.9200000000000013,kitegr01-1988
woodsmi01,21,-2.5,198804080LAL-LAC,198804080LAL-LAL,LAC-1988,0,1988,-52.5,-2.9200000000000013,woodsmi01-1988
whiteer01,20,1.4,198804080LAL-LAC,198804080LAL-LAL,LAC-1988,0,1988,28,-2.9200000000000013,whiteer01-1988
dailequ01,14,-3.3,198804080LAL-LAC,198804080LAL-LAL,LAC-1988,0,1988,-46.199999999999996,-2.9200000000000013,dailequ01-1988
gregocl01,12,0.1,198804080LAL-LAC,198804080LAL-LAL,LAC-1988,0,1988,1.2000000000000002,-2.9200000000000013,gregocl01-1988
mccraro01,28,0.5,198804100LAC-HOU,198804100LAC-LAC,HOU-1988,0,1988,14,-4.066666666666666,mccraro01-1988
olajuha01,28,-0.5,198804100LAC-HOU,198804100LAC-LAC,HOU-1988,0,1988,-14,-4.066666666666666,olajuha01-1988
johnsbu01,26,4.2,198804100LAC-HOU,198804100LAC-LAC,HOU-1988,0,1988,109.2,-4.066666666666666,johnsbu01-1988
maxwece01,25,1.4,198804100LAC-HOU,198804100LAC-LAC,HOU-1988,0,1988,35,-4.066666666666666,maxwece01-1988
carrojo01,23,3,198804100LAC-HOU,198804100LAC-LAC,HOU-1988,0,1988,69,-4.066666666666666,carrojo01-1988
shortpu01,23,-3.9,198804100LAC-HOU,198804100LAC-LAC,HOU-1988,0,1988,-89.7,-4.066666666666666,shortpu01-1988
floydsl01,18,-6.1,198804100LAC-HOU,198804100LAC-LAC,HOU-1988,0,1988,-109.8,-4.066666666666666,floydsl01-1988
reidro01,18,-0.7,198804100LAC-HOU,198804100LAC-LAC,HOU-1988,0,1988,-12.6,-4.066666666666666,reidro01-1988
leaveal01,16,-3.3,198804100LAC-HOU,198804100LAC-LAC,HOU-1988,0,1988,-52.8,-4.066666666666666,leaveal01-1988
freewo01,15,-3.1,198804100LAC-HOU,198804100LAC-LAC,HOU-1988,0,1988,-46.5,-4.066666666666666,freewo01-1988
connele01,14,3.1,198804100LAC-HOU,198804100LAC-LAC,HOU-1988,0,1988,43.4,-4.066666666666666,connele01-1988
peterji01,6,1,198804100LAC-HOU,198804100LAC-LAC,HOU-1988,0,1988,6,-4.066666666666666,peterji01-1988
cagemi01,42,3.6,198804120UTA-LAC,198804120UTA-UTA,LAC-1988,0,1988,151.20000000000002,16.14,cagemi01-1988
valenda01,31,-8,198804120UTA-LAC,198804120UTA-UTA,LAC-1988,0,1988,-248,16.14,valenda01-1988
kitegr01,28,2.3,198804120UTA-LAC,198804120UTA-UTA,LAC-1988,0,1988,64.39999999999999,16.14,kitegr01-1988
woodsmi01,27,3.4,198804120UTA-LAC,198804120UTA-UTA,LAC-1988,0,1988,91.8,16.14,woodsmi01-1988
whiteer01,27,0.1,198804120UTA-LAC,198804120UTA-UTA,LAC-1988,0,1988,2.7,16.14,whiteer01-1988
curetea01,25,4.1,198804120UTA-LAC,198804120UTA-UTA,LAC-1988,0,1988,102.49999999999999,16.14,curetea01-1988
dailequ01,23,5.1,198804120UTA-LAC,198804120UTA-UTA,LAC-1988,0,1988,117.3,16.14,dailequ01-1988
normake01,19,-5.5,198804120UTA-LAC,198804120UTA-UTA,LAC-1988,0,1988,-104.5,16.14,normake01-1988
burttst01,17,-0.9,198804120UTA-LAC,198804120UTA-UTA,LAC-1988,0,1988,-15.3,16.14,burttst01-1988
gregocl01,1,-0.7,198804120UTA-LAC,198804120UTA-UTA,LAC-1988,0,1988,-0.7,16.14,gregocl01-1988
cagemi01,39,-2.9,198804130SEA-LAC,198804130SEA-SEA,LAC-1988,0,1988,-113.1,-21.76,cagemi01-1988
normake01,32,-4.4,198804130SEA-LAC,198804130SEA-SEA,LAC-1988,0,1988,-140.8,-21.76,normake01-1988
valenda01,30,-3.5,198804130SEA-LAC,198804130SEA-SEA,LAC-1988,0,1988,-105,-21.76,valenda01-1988
woodsmi01,30,6,198804130SEA-LAC,198804130SEA-SEA,LAC-1988,0,1988,180,-21.76,woodsmi01-1988
kitegr01,26,-2.2,198804130SEA-LAC,198804130SEA-SEA,LAC-1988,0,1988,-57.2,-21.76,kitegr01-1988
gregocl01,23,0.2,198804130SEA-LAC,198804130SEA-SEA,LAC-1988,0,1988,4.6000000000000005,-21.76,gregocl01-1988
burttst01,21,1.9,198804130SEA-LAC,198804130SEA-SEA,LAC-1988,0,1988,39.9,-21.76,burttst01-1988
whiteer01,16,-1.4,198804130SEA-LAC,198804130SEA-SEA,LAC-1988,0,1988,-22.4,-21.76,whiteer01-1988
dailequ01,15,-0.4,198804130SEA-LAC,198804130SEA-SEA,LAC-1988,0,1988,-6,-21.76,dailequ01-1988
curetea01,8,0.3,198804130SEA-LAC,198804130SEA-SEA,LAC-1988,0,1988,2.4,-21.76,curetea01-1988
cagemi01,42,3.9,198804160GSW-LAC,198804160GSW-GSW,LAC-1988,0,1988,163.79999999999998,9.379999999999999,cagemi01-1988
kitegr01,41,2,198804160GSW-LAC,198804160GSW-GSW,LAC-1988,0,1988,82,9.379999999999999,kitegr01-1988
normake01,35,4,198804160GSW-LAC,198804160GSW-GSW,LAC-1988,0,1988,140,9.379999999999999,normake01-1988
valenda01,30,-3.2,198804160GSW-LAC,198804160GSW-GSW,LAC-1988,0,1988,-96,9.379999999999999,valenda01-1988
woodsmi01,24,-2.5,198804160GSW-LAC,198804160GSW-GSW,LAC-1988,0,1988,-60,9.379999999999999,woodsmi01-1988
dailequ01,24,-4.3,198804160GSW-LAC,198804160GSW-GSW,LAC-1988,0,1988,-103.19999999999999,9.379999999999999,dailequ01-1988
burttst01,18,-1.3,198804160GSW-LAC,198804160GSW-GSW,LAC-1988,0,1988,-23.400000000000002,9.379999999999999,burttst01-1988
whiteer01,13,1.3,198804160GSW-LAC,198804160GSW-GSW,LAC-1988,0,1988,16.900000000000002,9.379999999999999,whiteer01-1988
curetea01,10,-2.6,198804160GSW-LAC,198804160GSW-GSW,LAC-1988,0,1988,-26,9.379999999999999,curetea01-1988
gregocl01,3,-0.1,198804160GSW-LAC,198804160GSW-GSW,LAC-1988,0,1988,-0.30000000000000004,9.379999999999999,gregocl01-1988
cagemi01,42,8.8,198804190SAC-LAC,198804190SAC-SAC,LAC-1988,0,1988,369.6,1.9600000000000022,cagemi01-1988
kitegr01,40,-4,198804190SAC-LAC,198804190SAC-SAC,LAC-1988,0,1988,-160,1.9600000000000022,kitegr01-1988
whiteer01,37,-1.4,198804190SAC-LAC,198804190SAC-SAC,LAC-1988,0,1988,-51.8,1.9600000000000022,whiteer01-1988
woodsmi01,28,-1.7,198804190SAC-LAC,198804190SAC-SAC,LAC-1988,0,1988,-47.6,1.9600000000000022,woodsmi01-1988
dailequ01,24,-0.5,198804190SAC-LAC,198804190SAC-SAC,LAC-1988,0,1988,-12,1.9600000000000022,dailequ01-1988
burttst01,20,2.8,198804190SAC-LAC,198804190SAC-SAC,LAC-1988,0,1988,56,1.9600000000000022,burttst01-1988
valenda01,17,-3.5,198804190SAC-LAC,198804190SAC-SAC,LAC-1988,0,1988,-59.5,1.9600000000000022,valenda01-1988
curetea01,13,-1.5,198804190SAC-LAC,198804190SAC-SAC,LAC-1988,0,1988,-19.5,1.9600000000000022,curetea01-1988
drewla01,11,-3.6,198804190SAC-LAC,198804190SAC-SAC,LAC-1988,0,1988,-39.6,1.9600000000000022,drewla01-1988
gregocl01,8,-2,198804190SAC-LAC,198804190SAC-SAC,LAC-1988,0,1988,-16,1.9600000000000022,gregocl01-1988
malonka01,46,5.4,198804200LAC-UTA,198804200LAC-LAC,UTA-1988,1,1988,248.4,66.11999999999999,malonka01-1988
eatonma01,43,-2,198804200LAC-UTA,198804200LAC-LAC,UTA-1988,1,1988,-86,66.11999999999999,eatonma01-1988
stockjo01,38,9.7,198804200LAC-UTA,198804200LAC-LAC,UTA-1988,1,1988,368.59999999999997,66.11999999999999,stockjo01-1988
hansebo01,37,5.3,198804200LAC-UTA,198804200LAC-LAC,UTA-1988,1,1988,196.1,66.11999999999999,hansebo01-1988
baileth01,33,0.9,198804200LAC-UTA,198804200LAC-LAC,UTA-1988,1,1988,29.7,66.11999999999999,baileth01-1988
iavarma01,14,-3.5,198804200LAC-UTA,198804200LAC-LAC,UTA-1988,1,1988,-49,66.11999999999999,iavarma01-1988
greenri01,11,-1.5,198804200LAC-UTA,198804200LAC-LAC,UTA-1988,1,1988,-16.5,66.11999999999999,greenri01-1988
kofoeba01,11,-2.6,198804200LAC-UTA,198804200LAC-LAC,UTA-1988,1,1988,-28.6,66.11999999999999,kofoeba01-1988
turpime01,5,0.5,198804200LAC-UTA,198804200LAC-LAC,UTA-1988,1,1988,2.5,66.11999999999999,turpime01-1988
rothsc01,2,-2,198804200LAC-UTA,198804200LAC-LAC,UTA-1988,1,1988,-4,66.11999999999999,rothsc01-1988
dailequ01,36,6.6,198804230DEN-LAC,198804230DEN-DEN,LAC-1988,0,1988,237.6,-8.600000000000003,dailequ01-1988
cagemi01,32,-2.3,198804230DEN-LAC,198804230DEN-DEN,LAC-1988,0,1988,-73.6,-8.600000000000003,cagemi01-1988
woodsmi01,32,2.9,198804230DEN-LAC,198804230DEN-DEN,LAC-1988,0,1988,92.8,-8.600000000000003,woodsmi01-1988
kitegr01,31,0.9,198804230DEN-LAC,198804230DEN-DEN,LAC-1988,0,1988,27.900000000000002,-8.600000000000003,kitegr01-1988
valenda01,29,-4.9,198804230DEN-LAC,198804230DEN-DEN,LAC-1988,0,1988,-142.10000000000002,-8.600000000000003,valenda01-1988
burttst01,28,-3.2,198804230DEN-LAC,198804230DEN-DEN,LAC-1988,0,1988,-89.60000000000001,-8.600000000000003,burttst01-1988
whiteer01,24,-3.4,198804230DEN-LAC,198804230DEN-DEN,LAC-1988,0,1988,-81.6,-8.600000000000003,whiteer01-1988
gregocl01,15,-1,198804230DEN-LAC,198804230DEN-DEN,LAC-1988,0,1988,-15,-8.600000000000003,gregocl01-1988
curetea01,13,-2.6,198804230DEN-LAC,198804230DEN-DEN,LAC-1988,0,1988,-33.800000000000004,-8.600000000000003,curetea01-1988
schoeru01,33,2.7,198804240LAC-SEA,198804240LAC-LAC,SEA-1988,1,1988,89.10000000000001,20.709090909090907,schoeru01-1988
mckeyde01,33,-2.9,198804240LAC-SEA,198804240LAC-LAC,SEA-1988,1,1988,-95.7,20.709090909090907,mckeyde01-1988
mcmilna01,26,-0.9,198804240LAC-SEA,198804240LAC-LAC,SEA-1988,1,1988,-23.400000000000002,20.709090909090907,mcmilna01-1988
listeal01,24,6.3,198804240LAC-SEA,198804240LAC-LAC,SEA-1988,1,1988,151.2,20.709090909090907,listeal01-1988
chambto01,23,0.7,198804240LAC-SEA,198804240LAC-LAC,SEA-1988,1,1988,16.099999999999998,20.709090909090907,chambto01-1988
ellisda01,22,-0.1,198804240LAC-SEA,198804240LAC-LAC,SEA-1988,1,1988,-2.2,20.709090909090907,ellisda01-1988
threase01,22,2.9,198804240LAC-SEA,198804240LAC-LAC,SEA-1988,1,1988,63.8,20.709090909090907,threase01-1988
polynol01,17,3.1,198804240LAC-SEA,198804240LAC-LAC,SEA-1988,1,1988,52.7,20.709090909090907,polynol01-1988
johnscl01,14,0.5,198804240LAC-SEA,198804240LAC-LAC,SEA-1988,1,1988,7,20.709090909090907,johnscl01-1988
youngda01,14,-2.2,198804240LAC-SEA,198804240LAC-LAC,SEA-1988,1,1988,-30.800000000000004,20.709090909090907,youngda01-1988
willike01,12,0,198804240LAC-SEA,198804240LAC-LAC,SEA-1988,1,1988,0,20.709090909090907,willike01-1988
