player,min,VORP,id,opp_id,season_id,win,year,adj_VORP,avg_VORP,link
blaylmo01,43,-1.2,199411040ATL-ATL,199411040ATL-IND,ATL-1995,0,1995,-51.6,38.71818181818182,blaylmo01-1995
normake01,41,0.7,199411040ATL-ATL,199411040ATL-IND,ATL-1995,0,1995,28.7,38.71818181818182,normake01-1995
willike02,41,1.1,199411040ATL-ATL,199411040ATL-IND,ATL-1995,0,1995,45.1,38.71818181818182,willike02-1995
augmost01,38,5.5,199411040ATL-ATL,199411040ATL-IND,ATL-1995,0,1995,209,38.71818181818182,augmost01-1995
langan01,32,7.6,199411040ATL-ATL,199411040ATL-IND,ATL-1995,0,1995,243.2,38.71818181818182,langan01-1995
corbity01,22,-1.4,199411040ATL-ATL,199411040ATL-IND,ATL-1995,0,1995,-30.799999999999997,38.71818181818182,corbity01-1995
koncajo01,8,0.5,199411040ATL-ATL,199411040ATL-IND,ATL-1995,0,1995,4,38.71818181818182,koncajo01-1995
lesji01,8,-2.1,199411040ATL-ATL,199411040ATL-IND,ATL-1995,0,1995,-16.8,38.71818181818182,lesji01-1995
vinsofr01,5,-0.9,199411040ATL-ATL,199411040ATL-IND,ATL-1995,0,1995,-4.5,38.71818181818182,vinsofr01-1995
edwardo01,1,-0.3,199411040ATL-ATL,199411040ATL-IND,ATL-1995,0,1995,-0.3,38.71818181818182,edwardo01-1995
hovasto01,1,-0.1,199411040ATL-ATL,199411040ATL-IND,ATL-1995,0,1995,-0.1,38.71818181818182,hovasto01-1995
augmost01,50,8.8,199411050ATL-ATL,199411050ATL-DET,ATL-1995,0,1995,440.00000000000006,41.96666666666667,augmost01-1995
willike02,48,-5.2,199411050ATL-ATL,199411050ATL-DET,ATL-1995,0,1995,-249.60000000000002,41.96666666666667,willike02-1995
normake01,44,2.1,199411050ATL-ATL,199411050ATL-DET,ATL-1995,0,1995,92.4,41.96666666666667,normake01-1995
blaylmo01,43,4.6,199411050ATL-ATL,199411050ATL-DET,ATL-1995,0,1995,197.79999999999998,41.96666666666667,blaylmo01-1995
koncajo01,27,-0.4,199411050ATL-ATL,199411050ATL-DET,ATL-1995,0,1995,-10.8,41.96666666666667,koncajo01-1995
langan01,25,-1.4,199411050ATL-ATL,199411050ATL-DET,ATL-1995,0,1995,-35,41.96666666666667,langan01-1995
lesji01,13,-1.7,199411050ATL-ATL,199411050ATL-DET,ATL-1995,0,1995,-22.099999999999998,41.96666666666667,lesji01-1995
corbity01,11,-2.6,199411050ATL-ATL,199411050ATL-DET,ATL-1995,0,1995,-28.6,41.96666666666667,corbity01-1995
edwardo01,4,-1.6,199411050ATL-ATL,199411050ATL-DET,ATL-1995,0,1995,-6.4,41.96666666666667,edwardo01-1995
spencfe01,34,0.9,199411070UTA-UTA,199411070UTA-ATL,UTA-1995,1,1995,30.6,54.675000000000004,spencfe01-1995
malonka01,31,6.1,199411070UTA-UTA,199411070UTA-ATL,UTA-1995,1,1995,189.1,54.675000000000004,malonka01-1995
benoida01,29,6.5,199411070UTA-UTA,199411070UTA-ATL,UTA-1995,1,1995,188.5,54.675000000000004,benoida01-1995
hornaje01,28,-1.4,199411070UTA-UTA,199411070UTA-ATL,UTA-1995,1,1995,-39.199999999999996,54.675000000000004,hornaje01-1995
crottjo01,27,6.4,199411070UTA-UTA,199411070UTA-ATL,UTA-1995,1,1995,172.8,54.675000000000004,crottjo01-1995
stockjo01,21,3.7,199411070UTA-UTA,199411070UTA-ATL,UTA-1995,1,1995,77.7,54.675000000000004,stockjo01-1995
russebr01,19,-1.8,199411070UTA-UTA,199411070UTA-ATL,UTA-1995,1,1995,-34.2,54.675000000000004,russebr01-1995
bondwa01,17,7.2,199411070UTA-UTA,199411070UTA-ATL,UTA-1995,1,1995,122.4,54.675000000000004,bondwa01-1995
carran01,15,-1.3,199411070UTA-UTA,199411070UTA-ATL,UTA-1995,1,1995,-19.5,54.675000000000004,carran01-1995
chambto01,11,-1.8,199411070UTA-UTA,199411070UTA-ATL,UTA-1995,1,1995,-19.8,54.675000000000004,chambto01-1995
keefead01,5,-1.8,199411070UTA-UTA,199411070UTA-ATL,UTA-1995,1,1995,-9,54.675000000000004,keefead01-1995
watsoja01,3,-1.1,199411070UTA-UTA,199411070UTA-ATL,UTA-1995,1,1995,-3.3000000000000003,54.675000000000004,watsoja01-1995
mannida01,41,2.1,199411090PHO-PHO,199411090PHO-ATL,PHO-1995,1,1995,86.10000000000001,27.240000000000002,mannida01-1995
greenac01,37,-2,199411090PHO-PHO,199411090PHO-ATL,PHO-1995,1,1995,-74,27.240000000000002,greenac01-1995
johnske02,35,5.1,199411090PHO-PHO,199411090PHO-ATL,PHO-1995,1,1995,178.5,27.240000000000002,johnske02-1995
persowe01,31,-2.2,199411090PHO-PHO,199411090PHO-ATL,PHO-1995,1,1995,-68.2,27.240000000000002,persowe01-1995
tisdawa01,31,0.8,199411090PHO-PHO,199411090PHO-ATL,PHO-1995,1,1995,24.8,27.240000000000002,tisdawa01-1995
majerda01,27,-1,199411090PHO-PHO,199411090PHO-ATL,PHO-1995,1,1995,-27,27.240000000000002,majerda01-1995
kleinjo01,16,1.6,199411090PHO-PHO,199411090PHO-ATL,PHO-1995,1,1995,25.6,27.240000000000002,kleinjo01-1995
perryel01,13,9.6,199411090PHO-PHO,199411090PHO-ATL,PHO-1995,1,1995,124.8,27.240000000000002,perryel01-1995
schayda01,6,1.7,199411090PHO-PHO,199411090PHO-ATL,PHO-1995,1,1995,10.2,27.240000000000002,schayda01-1995
langan02,3,-2.8,199411090PHO-PHO,199411090PHO-ATL,PHO-1995,1,1995,-8.399999999999999,27.240000000000002,langan02-1995
masseto01,37,2.4,199411100LAC-LAC,199411100LAC-ATL,LAC-1995,0,1995,88.8,2.733333333333333,masseto01-1995
vaughlo01,36,3.9,199411100LAC-LAC,199411100LAC-ATL,LAC-1995,0,1995,140.4,2.733333333333333,vaughlo01-1995
richapo01,35,2.2,199411100LAC-LAC,199411100LAC-ATL,LAC-1995,0,1995,77,2.733333333333333,richapo01-1995
fishma01,26,-4.2,199411100LAC-LAC,199411100LAC-ATL,LAC-1995,0,1995,-109.2,2.733333333333333,fishma01-1995
murrala01,24,-0.7,199411100LAC-LAC,199411100LAC-ATL,LAC-1995,0,1995,-16.799999999999997,2.733333333333333,murrala01-1995
deherte01,21,-1.7,199411100LAC-LAC,199411100LAC-ATL,LAC-1995,0,1995,-35.699999999999996,2.733333333333333,deherte01-1995
ellisha01,17,-4.4,199411100LAC-LAC,199411100LAC-ATL,LAC-1995,0,1995,-74.80000000000001,2.733333333333333,ellisha01-1995
spencel01,13,-2.4,199411100LAC-LAC,199411100LAC-ATL,LAC-1995,0,1995,-31.2,2.733333333333333,spencel01-1995
woodsra01,13,-0.3,199411100LAC-LAC,199411100LAC-ATL,LAC-1995,0,1995,-3.9,2.733333333333333,woodsra01-1995
outlabo01,8,2.3,199411100LAC-LAC,199411100LAC-ATL,LAC-1995,0,1995,18.4,2.733333333333333,outlabo01-1995
sealyma01,7,-2.5,199411100LAC-LAC,199411100LAC-ATL,LAC-1995,0,1995,-17.5,2.733333333333333,sealyma01-1995
piatker01,3,-0.9,199411100LAC-LAC,199411100LAC-ATL,LAC-1995,0,1995,-2.7,2.733333333333333,piatker01-1995
richmmi01,42,12.8,199411120SAC-SAC,199411120SAC-ATL,SAC-1995,1,1995,537.6,67.94,richmmi01-1995
williwa02,37,-2.9,199411120SAC-SAC,199411120SAC-ATL,SAC-1995,1,1995,-107.3,67.94,williwa02-1995
webbsp01,35,8.3,199411120SAC-SAC,199411120SAC-ATL,SAC-1995,1,1995,290.5,67.94,webbsp01-1995
polynol01,31,-1.2,199411120SAC-SAC,199411120SAC-ATL,SAC-1995,1,1995,-37.199999999999996,67.94,polynol01-1995
smithmi02,29,2.2,199411120SAC-SAC,199411120SAC-ATL,SAC-1995,1,1995,63.800000000000004,67.94,smithmi02-1995
grantbr01,21,-2,199411120SAC-SAC,199411120SAC-ATL,SAC-1995,1,1995,-42,67.94,grantbr01-1995
causwdu01,15,0.2,199411120SAC-SAC,199411120SAC-ATL,SAC-1995,1,1995,3,67.94,causwdu01-1995
hurlebo01,13,-2.3,199411120SAC-SAC,199411120SAC-ATL,SAC-1995,1,1995,-29.9,67.94,hurlebo01-1995
brownra02,10,-0.4,199411120SAC-SAC,199411120SAC-ATL,SAC-1995,1,1995,-4,67.94,brownra02-1995
wilsotr01,7,0.7,199411120SAC-SAC,199411120SAC-ATL,SAC-1995,1,1995,4.8999999999999995,67.94,wilsotr01-1995
blaylmo01,38,3.9,199411150ATL-ATL,199411150ATL-BOS,ATL-1995,1,1995,148.2,67.99166666666667,blaylmo01-1995
augmost01,37,9.9,199411150ATL-ATL,199411150ATL-BOS,ATL-1995,1,1995,366.3,67.99166666666667,augmost01-1995
koncajo01,34,6.2,199411150ATL-ATL,199411150ATL-BOS,ATL-1995,1,1995,210.8,67.99166666666667,koncajo01-1995
smithst01,33,0,199411150ATL-ATL,199411150ATL-BOS,ATL-1995,1,1995,0,67.99166666666667,smithst01-1995
normake01,28,7.3,199411150ATL-ATL,199411150ATL-BOS,ATL-1995,1,1995,204.4,67.99166666666667,normake01-1995
langan01,19,-2.4,199411150ATL-ATL,199411150ATL-BOS,ATL-1995,1,1995,-45.6,67.99166666666667,langan01-1995
longgr01,18,-0.3,199411150ATL-ATL,199411150ATL-BOS,ATL-1995,1,1995,-5.3999999999999995,67.99166666666667,longgr01-1995
corbity01,16,-3.2,199411150ATL-ATL,199411150ATL-BOS,ATL-1995,1,1995,-51.2,67.99166666666667,corbity01-1995
bazarse01,7,-2.4,199411150ATL-ATL,199411150ATL-BOS,ATL-1995,1,1995,-16.8,67.99166666666667,bazarse01-1995
edwardo01,5,1.3,199411150ATL-ATL,199411150ATL-BOS,ATL-1995,1,1995,6.5,67.99166666666667,edwardo01-1995
vinsofr01,3,0.5,199411150ATL-ATL,199411150ATL-BOS,ATL-1995,1,1995,1.5,67.99166666666667,vinsofr01-1995
lesji01,2,-1.4,199411150ATL-ATL,199411150ATL-BOS,ATL-1995,1,1995,-2.8,67.99166666666667,lesji01-1995
blaylmo01,47,9.1,199411180ATL-ATL,199411180ATL-MIL,ATL-1995,0,1995,427.7,78.2,blaylmo01-1995
smithst01,45,2.1,199411180ATL-ATL,199411180ATL-MIL,ATL-1995,0,1995,94.5,78.2,smithst01-1995
augmost01,44,-1.2,199411180ATL-ATL,199411180ATL-MIL,ATL-1995,0,1995,-52.8,78.2,augmost01-1995
longgr01,41,11.9,199411180ATL-ATL,199411180ATL-MIL,ATL-1995,0,1995,487.90000000000003,78.2,longgr01-1995
koncajo01,34,0.2,199411180ATL-ATL,199411180ATL-MIL,ATL-1995,0,1995,6.800000000000001,78.2,koncajo01-1995
normake01,20,-7.1,199411180ATL-ATL,199411180ATL-MIL,ATL-1995,0,1995,-142,78.2,normake01-1995
langan01,19,-3.4,199411180ATL-ATL,199411180ATL-MIL,ATL-1995,0,1995,-64.6,78.2,langan01-1995
corbity01,9,-5.5,199411180ATL-ATL,199411180ATL-MIL,ATL-1995,0,1995,-49.5,78.2,corbity01-1995
bazarse01,6,-0.7,199411180ATL-ATL,199411180ATL-MIL,ATL-1995,0,1995,-4.199999999999999,78.2,bazarse01-1995
oaklech01,39,2.4,199411190NYK-NYK,199411190NYK-ATL,NYK-1995,1,1995,93.6,75.88888888888889,oaklech01-1995
starkjo01,34,2,199411190NYK-NYK,199411190NYK-ATL,NYK-1995,1,1995,68,75.88888888888889,starkjo01-1995
willihe01,34,2.4,199411190NYK-NYK,199411190NYK-ATL,NYK-1995,1,1995,81.6,75.88888888888889,willihe01-1995
smithch01,32,12.7,199411190NYK-NYK,199411190NYK-ATL,NYK-1995,1,1995,406.4,75.88888888888889,smithch01-1995
harpede01,31,0.1,199411190NYK-NYK,199411190NYK-ATL,NYK-1995,1,1995,3.1,75.88888888888889,harpede01-1995
masonan01,29,1.7,199411190NYK-NYK,199411190NYK-ATL,NYK-1995,1,1995,49.3,75.88888888888889,masonan01-1995
anthogr01,17,0.8,199411190NYK-NYK,199411190NYK-ATL,NYK-1995,1,1995,13.600000000000001,75.88888888888889,anthogr01-1995
davishu01,14,-0.4,199411190NYK-NYK,199411190NYK-ATL,NYK-1995,1,1995,-5.6000000000000005,75.88888888888889,davishu01-1995
willimo01,10,-2.7,199411190NYK-NYK,199411190NYK-ATL,NYK-1995,1,1995,-27,75.88888888888889,willimo01-1995
augmost01,40,1.8,199411220ATL-ATL,199411220ATL-PHI,ATL-1995,1,1995,72,50.65,augmost01-1995
blaylmo01,40,3.3,199411220ATL-ATL,199411220ATL-PHI,ATL-1995,1,1995,132,50.65,blaylmo01-1995
smithst01,40,-0.9,199411220ATL-ATL,199411220ATL-PHI,ATL-1995,1,1995,-36,50.65,smithst01-1995
longgr01,34,2,199411220ATL-ATL,199411220ATL-PHI,ATL-1995,1,1995,68,50.65,longgr01-1995
koncajo01,26,1.4,199411220ATL-ATL,199411220ATL-PHI,ATL-1995,1,1995,36.4,50.65,koncajo01-1995
normake01,25,3.9,199411220ATL-ATL,199411220ATL-PHI,ATL-1995,1,1995,97.5,50.65,normake01-1995
langan01,22,4.5,199411220ATL-ATL,199411220ATL-PHI,ATL-1995,1,1995,99,50.65,langan01-1995
corbity01,13,-4.9,199411220ATL-ATL,199411220ATL-PHI,ATL-1995,1,1995,-63.7,50.65,corbity01-1995
marshdo01,46,-2.8,199411230MIN-MIN,199411230MIN-ATL,MIN-1995,0,1995,-128.79999999999998,27.944444444444446,marshdo01-1995
laettch01,43,0.8,199411230MIN-MIN,199411230MIN-ATL,MIN-1995,0,1995,34.4,27.944444444444446,laettch01-1995
rideris01,40,10.9,199411230MIN-MIN,199411230MIN-ATL,MIN-1995,0,1995,436,27.944444444444446,rideris01-1995
kingst01,33,1.4,199411230MIN-MIN,199411230MIN-ATL,MIN-1995,0,1995,46.199999999999996,27.944444444444446,kingst01-1995
garlawi01,27,5.4,199411230MIN-MIN,199411230MIN-ATL,MIN-1995,0,1995,145.8,27.944444444444446,garlawi01-1995
eisleho01,21,-8.1,199411230MIN-MIN,199411230MIN-ATL,MIN-1995,0,1995,-170.1,27.944444444444446,eisleho01-1995
rooksse01,15,-3.5,199411230MIN-MIN,199411230MIN-ATL,MIN-1995,0,1995,-52.5,27.944444444444446,rooksse01-1995
jonesas01,10,-4.8,199411230MIN-MIN,199411230MIN-ATL,MIN-1995,0,1995,-48,27.944444444444446,jonesas01-1995
guibean01,5,-2.3,199411230MIN-MIN,199411230MIN-ATL,MIN-1995,0,1995,-11.5,27.944444444444446,guibean01-1995
augmost01,42,1.5,199411250ATL-ATL,199411250ATL-LAL,ATL-1995,0,1995,63,51.837500000000006,augmost01-1995
blaylmo01,39,5.7,199411250ATL-ATL,199411250ATL-LAL,ATL-1995,0,1995,222.3,51.837500000000006,blaylmo01-1995
longgr01,39,5.4,199411250ATL-ATL,199411250ATL-LAL,ATL-1995,0,1995,210.60000000000002,51.837500000000006,longgr01-1995
smithst01,38,0.7,199411250ATL-ATL,199411250ATL-LAL,ATL-1995,0,1995,26.599999999999998,51.837500000000006,smithst01-1995
langan01,31,-4.6,199411250ATL-ATL,199411250ATL-LAL,ATL-1995,0,1995,-142.6,51.837500000000006,langan01-1995
corbity01,24,3,199411250ATL-ATL,199411250ATL-LAL,ATL-1995,0,1995,72,51.837500000000006,corbity01-1995
koncajo01,17,0.4,199411250ATL-ATL,199411250ATL-LAL,ATL-1995,0,1995,6.800000000000001,51.837500000000006,koncajo01-1995
normake01,10,-4.4,199411250ATL-ATL,199411250ATL-LAL,ATL-1995,0,1995,-44,51.837500000000006,normake01-1995
longgr01,45,4.4,199411290ATL-ATL,199411290ATL-CHH,ATL-1995,0,1995,198.00000000000003,50.010000000000005,longgr01-1995
smithst01,41,4,199411290ATL-ATL,199411290ATL-CHH,ATL-1995,0,1995,164,50.010000000000005,smithst01-1995
blaylmo01,40,7,199411290ATL-ATL,199411290ATL-CHH,ATL-1995,0,1995,280,50.010000000000005,blaylmo01-1995
augmost01,31,-4.3,199411290ATL-ATL,199411290ATL-CHH,ATL-1995,0,1995,-133.29999999999998,50.010000000000005,augmost01-1995
koncajo01,25,4.3,199411290ATL-ATL,199411290ATL-CHH,ATL-1995,0,1995,107.5,50.010000000000005,koncajo01-1995
langan01,22,-3.2,199411290ATL-ATL,199411290ATL-CHH,ATL-1995,0,1995,-70.4,50.010000000000005,langan01-1995
normake01,19,-2,199411290ATL-ATL,199411290ATL-CHH,ATL-1995,0,1995,-38,50.010000000000005,normake01-1995
corbity01,7,0.4,199411290ATL-ATL,199411290ATL-CHH,ATL-1995,0,1995,2.8000000000000003,50.010000000000005,corbity01-1995
ehlocr01,7,-1.8,199411290ATL-ATL,199411290ATL-CHH,ATL-1995,0,1995,-12.6,50.010000000000005,ehlocr01-1995
bazarse01,3,0.7,199411290ATL-ATL,199411290ATL-CHH,ATL-1995,0,1995,2.0999999999999996,50.010000000000005,bazarse01-1995
pippesc01,39,4.2,199412020CHI-CHI,199412020CHI-ATL,CHI-1995,0,1995,163.8,21.90909090909091,pippesc01-1995
kukocto01,32,3.8,199412020CHI-CHI,199412020CHI-ATL,CHI-1995,0,1995,121.6,21.90909090909091,kukocto01-1995
armstbj01,30,4.5,199412020CHI-CHI,199412020CHI-ATL,CHI-1995,0,1995,135,21.90909090909091,armstbj01-1995
myerspe01,27,-2.6,199412020CHI-CHI,199412020CHI-ATL,CHI-1995,0,1995,-70.2,21.90909090909091,myerspe01-1995
harpero01,22,-4.1,199412020CHI-CHI,199412020CHI-ATL,CHI-1995,0,1995,-90.19999999999999,21.90909090909091,harpero01-1995
fostegr01,22,0.5,199412020CHI-CHI,199412020CHI-ATL,CHI-1995,0,1995,11,21.90909090909091,fostegr01-1995
wennibi01,20,-1.6,199412020CHI-CHI,199412020CHI-ATL,CHI-1995,0,1995,-32,21.90909090909091,wennibi01-1995
kerrst01,20,-0.7,199412020CHI-CHI,199412020CHI-ATL,CHI-1995,0,1995,-14,21.90909090909091,kerrst01-1995
krystla01,14,1.5,199412020CHI-CHI,199412020CHI-ATL,CHI-1995,0,1995,21,21.90909090909091,krystla01-1995
simpkdi01,8,-0.7,199412020CHI-CHI,199412020CHI-ATL,CHI-1995,0,1995,-5.6,21.90909090909091,simpkdi01-1995
buechju01,6,0.1,199412020CHI-CHI,199412020CHI-ATL,CHI-1995,0,1995,0.6000000000000001,21.90909090909091,buechju01-1995
smithst01,37,-2.3,199412030ATL-ATL,199412030ATL-ORL,ATL-1995,1,1995,-85.1,56.82222222222222,smithst01-1995
blaylmo01,35,11.9,199412030ATL-ATL,199412030ATL-ORL,ATL-1995,1,1995,416.5,56.82222222222222,blaylmo01-1995
augmost01,30,3.3,199412030ATL-ATL,199412030ATL-ORL,ATL-1995,1,1995,99,56.82222222222222,augmost01-1995
langan01,29,-1.1,199412030ATL-ATL,199412030ATL-ORL,ATL-1995,1,1995,-31.900000000000002,56.82222222222222,langan01-1995
normake01,26,-1,199412030ATL-ATL,199412030ATL-ORL,ATL-1995,1,1995,-26,56.82222222222222,normake01-1995
ehlocr01,24,5.2,199412030ATL-ATL,199412030ATL-ORL,ATL-1995,1,1995,124.80000000000001,56.82222222222222,ehlocr01-1995
longgr01,22,-3,199412030ATL-ATL,199412030ATL-ORL,ATL-1995,1,1995,-66,56.82222222222222,longgr01-1995
koncajo01,19,2.7,199412030ATL-ATL,199412030ATL-ORL,ATL-1995,1,1995,51.300000000000004,56.82222222222222,koncajo01-1995
corbity01,18,1.6,199412030ATL-ATL,199412030ATL-ORL,ATL-1995,1,1995,28.8,56.82222222222222,corbity01-1995
anderke01,43,10,199412060NJN-NJN,199412060NJN-ATL,NJN-1995,0,1995,430,43.35,anderke01-1995
colemde01,40,3.3,199412060NJN-NJN,199412060NJN-ATL,NJN-1995,0,1995,132,43.35,colemde01-1995
benjabe01,30,2.3,199412060NJN-NJN,199412060NJN-ATL,NJN-1995,0,1995,69,43.35,benjabe01-1995
morrich01,28,-0.8,199412060NJN-NJN,199412060NJN-ATL,NJN-1995,0,1995,-22.400000000000002,43.35,morrich01-1995
gilliar01,26,0.6,199412060NJN-NJN,199412060NJN-ATL,NJN-1995,0,1995,15.6,43.35,gilliar01-1995
brownpj01,25,-0.1,199412060NJN-NJN,199412060NJN-ATL,NJN-1995,0,1995,-2.5,43.35,brownpj01-1995
floydsl01,24,-4.2,199412060NJN-NJN,199412060NJN-ATL,NJN-1995,0,1995,-100.80000000000001,43.35,floydsl01-1995
higgise01,22,-3.8,199412060NJN-NJN,199412060NJN-ATL,NJN-1995,0,1995,-83.6,43.35,higgise01-1995
waltere01,17,-0.4,199412060NJN-NJN,199412060NJN-ATL,NJN-1995,0,1995,-6.800000000000001,43.35,waltere01-1995
willija01,10,0.3,199412060NJN-NJN,199412060NJN-ATL,NJN-1995,0,1995,3,43.35,willija01-1995
montrer01,46,7.3,199412070BOS-BOS,199412070BOS-ATL,BOS-1995,1,1995,335.8,108.3625,montrer01-1995
mcdanxa01,43,7.3,199412070BOS-BOS,199412070BOS-ATL,BOS-1995,1,1995,313.9,108.3625,mcdanxa01-1995
wesleda01,42,7,199412070BOS-BOS,199412070BOS-ATL,BOS-1995,1,1995,294,108.3625,wesleda01-1995
brownde01,41,4.2,199412070BOS-BOS,199412070BOS-ATL,BOS-1995,1,1995,172.20000000000002,108.3625,brownde01-1995
wilkido01,41,-5.4,199412070BOS-BOS,199412070BOS-ATL,BOS-1995,1,1995,-221.4,108.3625,wilkido01-1995
foxri01,15,-0.8,199412070BOS-BOS,199412070BOS-ATL,BOS-1995,1,1995,-12,108.3625,foxri01-1995
stronde01,8,-1.7,199412070BOS-BOS,199412070BOS-ATL,BOS-1995,1,1995,-13.6,108.3625,stronde01-1995
minorgr01,4,-0.5,199412070BOS-BOS,199412070BOS-ATL,BOS-1995,1,1995,-2,108.3625,minorgr01-1995
blaylmo01,39,10.5,199412090ATL-ATL,199412090ATL-NYK,ATL-1995,1,1995,409.5,63.544444444444444,blaylmo01-1995
augmost01,36,-2.2,199412090ATL-ATL,199412090ATL-NYK,ATL-1995,1,1995,-79.2,63.544444444444444,augmost01-1995
smithst01,33,0.5,199412090ATL-ATL,199412090ATL-NYK,ATL-1995,1,1995,16.5,63.544444444444444,smithst01-1995
koncajo01,25,2.3,199412090ATL-ATL,199412090ATL-NYK,ATL-1995,1,1995,57.49999999999999,63.544444444444444,koncajo01-1995
longgr01,25,3.4,199412090ATL-ATL,199412090ATL-NYK,ATL-1995,1,1995,85,63.544444444444444,longgr01-1995
ehlocr01,25,3,199412090ATL-ATL,199412090ATL-NYK,ATL-1995,1,1995,75,63.544444444444444,ehlocr01-1995
langan01,23,2.5,199412090ATL-ATL,199412090ATL-NYK,ATL-1995,1,1995,57.5,63.544444444444444,langan01-1995
normake01,23,-0.4,199412090ATL-ATL,199412090ATL-NYK,ATL-1995,1,1995,-9.200000000000001,63.544444444444444,normake01-1995
corbity01,11,-3.7,199412090ATL-ATL,199412090ATL-NYK,ATL-1995,1,1995,-40.7,63.544444444444444,corbity01-1995
hardaan01,42,6.8,199412100ORL-ORL,199412100ORL-ATL,ORL-1995,1,1995,285.59999999999997,102.75555555555555,hardaan01-1995
onealsh01,41,10.5,199412100ORL-ORL,199412100ORL-ATL,ORL-1995,1,1995,430.5,102.75555555555555,onealsh01-1995
anderni01,39,4.8,199412100ORL-ORL,199412100ORL-ATL,ORL-1995,1,1995,187.2,102.75555555555555,anderni01-1995
grantho01,35,-3.4,199412100ORL-ORL,199412100ORL-ATL,ORL-1995,1,1995,-119,102.75555555555555,grantho01-1995
shawbr01,31,4.3,199412100ORL-ORL,199412100ORL-ATL,ORL-1995,1,1995,133.29999999999998,102.75555555555555,shawbr01-1995
royaldo01,21,5.4,199412100ORL-ORL,199412100ORL-ATL,ORL-1995,1,1995,113.4,102.75555555555555,royaldo01-1995
aventan01,16,-6.7,199412100ORL-ORL,199412100ORL-ATL,ORL-1995,1,1995,-107.2,102.75555555555555,aventan01-1995
bowiean01,14,0,199412100ORL-ORL,199412100ORL-ATL,ORL-1995,1,1995,0,102.75555555555555,bowiean01-1995
thompbr01,1,1,199412100ORL-ORL,199412100ORL-ATL,ORL-1995,1,1995,1,102.75555555555555,thompbr01-1995
blaylmo01,41,11.4,199412130ATL-ATL,199412130ATL-MIN,ATL-1995,1,1995,467.40000000000003,38.34,blaylmo01-1995
longgr01,41,-0.5,199412130ATL-ATL,199412130ATL-MIN,ATL-1995,1,1995,-20.5,38.34,longgr01-1995
ehlocr01,41,-0.6,199412130ATL-ATL,199412130ATL-MIN,ATL-1995,1,1995,-24.599999999999998,38.34,ehlocr01-1995
smithst01,27,-2,199412130ATL-ATL,199412130ATL-MIN,ATL-1995,1,1995,-54,38.34,smithst01-1995
langan01,27,4.5,199412130ATL-ATL,199412130ATL-MIN,ATL-1995,1,1995,121.5,38.34,langan01-1995
koncajo01,26,1,199412130ATL-ATL,199412130ATL-MIN,ATL-1995,1,1995,26,38.34,koncajo01-1995
augmost01,22,-7.8,199412130ATL-ATL,199412130ATL-MIN,ATL-1995,1,1995,-171.6,38.34,augmost01-1995
normake01,20,0.7,199412130ATL-ATL,199412130ATL-MIN,ATL-1995,1,1995,14,38.34,normake01-1995
corbity01,16,2.1,199412130ATL-ATL,199412130ATL-MIN,ATL-1995,1,1995,33.6,38.34,corbity01-1995
bazarse01,4,-2.1,199412130ATL-ATL,199412130ATL-MIN,ATL-1995,1,1995,-8.4,38.34,bazarse01-1995
mckeyde01,44,7.9,199412140IND-IND,199412140IND-ATL,IND-1995,1,1995,347.6,57.49,mckeyde01-1995
davisda01,35,3.8,199412140IND-IND,199412140IND-ATL,IND-1995,1,1995,133,57.49,davisda01-1995
jacksma01,34,-3.2,199412140IND-IND,199412140IND-ATL,IND-1995,1,1995,-108.80000000000001,57.49,jacksma01-1995
millere01,31,7.5,199412140IND-IND,199412140IND-ATL,IND-1995,1,1995,232.5,57.49,millere01-1995
smitsri01,29,-1.8,199412140IND-IND,199412140IND-ATL,IND-1995,1,1995,-52.2,57.49,smitsri01-1995
mitchsa01,19,0.5,199412140IND-IND,199412140IND-ATL,IND-1995,1,1995,9.5,57.49,mitchsa01-1995
scottby01,18,1.5,199412140IND-IND,199412140IND-ATL,IND-1995,1,1995,27,57.49,scottby01-1995
workmha01,14,-0.5,199412140IND-IND,199412140IND-ATL,IND-1995,1,1995,-7,57.49,workmha01-1995
thompla01,9,0.5,199412140IND-IND,199412140IND-ATL,IND-1995,1,1995,4.5,57.49,thompla01-1995
willijo02,7,-1.6,199412140IND-IND,199412140IND-ATL,IND-1995,1,1995,-11.200000000000001,57.49,willijo02-1995
blaylmo01,39,7.8,199412160ATL-ATL,199412160ATL-CHI,ATL-1995,0,1995,304.2,45.644444444444446,blaylmo01-1995
augmost01,33,3.9,199412160ATL-ATL,199412160ATL-CHI,ATL-1995,0,1995,128.7,45.644444444444446,augmost01-1995
smithst01,32,1,199412160ATL-ATL,199412160ATL-CHI,ATL-1995,0,1995,32,45.644444444444446,smithst01-1995
longgr01,26,0.2,199412160ATL-ATL,199412160ATL-CHI,ATL-1995,0,1995,5.2,45.644444444444446,longgr01-1995
langan01,26,2.6,199412160ATL-ATL,199412160ATL-CHI,ATL-1995,0,1995,67.60000000000001,45.644444444444446,langan01-1995
ehlocr01,23,-1.8,199412160ATL-ATL,199412160ATL-CHI,ATL-1995,0,1995,-41.4,45.644444444444446,ehlocr01-1995
normake01,22,-3.9,199412160ATL-ATL,199412160ATL-CHI,ATL-1995,0,1995,-85.8,45.644444444444446,normake01-1995
koncajo01,21,-1.1,199412160ATL-ATL,199412160ATL-CHI,ATL-1995,0,1995,-23.1,45.644444444444446,koncajo01-1995
corbity01,18,1.3,199412160ATL-ATL,199412160ATL-CHI,ATL-1995,0,1995,23.400000000000002,45.644444444444446,corbity01-1995
willike02,45,9.8,199412170MIA-MIA,199412170MIA-ATL,MIA-1995,1,1995,441.00000000000006,58.8909090909091,willike02-1995
colesbi01,35,-1.2,199412170MIA-MIA,199412170MIA-ATL,MIA-1995,1,1995,-42,58.8909090909091,colesbi01-1995
owensbi01,30,5.8,199412170MIA-MIA,199412170MIA-ATL,MIA-1995,1,1995,174,58.8909090909091,owensbi01-1995
ricegl01,26,-2.2,199412170MIA-MIA,199412170MIA-ATL,MIA-1995,1,1995,-57.2,58.8909090909091,ricegl01-1995
geigema01,25,-4.4,199412170MIA-MIA,199412170MIA-ATL,MIA-1995,1,1995,-110.00000000000001,58.8909090909091,geigema01-1995
gamblke01,24,9.3,199412170MIA-MIA,199412170MIA-ATL,MIA-1995,1,1995,223.20000000000002,58.8909090909091,gamblke01-1995
sallejo01,23,2,199412170MIA-MIA,199412170MIA-ATL,MIA-1995,1,1995,46,58.8909090909091,sallejo01-1995
eacklle01,13,-3.7,199412170MIA-MIA,199412170MIA-ATL,MIA-1995,1,1995,-48.1,58.8909090909091,eacklle01-1995
reevekh01,13,2.3,199412170MIA-MIA,199412170MIA-ATL,MIA-1995,1,1995,29.9,58.8909090909091,reevekh01-1995
askinke01,3,-0.6,199412170MIA-MIA,199412170MIA-ATL,MIA-1995,1,1995,-1.7999999999999998,58.8909090909091,askinke01-1995
lohaubr01,3,-2.4,199412170MIA-MIA,199412170MIA-ATL,MIA-1995,1,1995,-7.199999999999999,58.8909090909091,lohaubr01-1995
normake01,39,12.3,199412200ATL-ATL,199412200ATL-MIL,ATL-1995,1,1995,479.70000000000005,58.78181818181819,normake01-1995
blaylmo01,37,2,199412200ATL-ATL,199412200ATL-MIL,ATL-1995,1,1995,74,58.78181818181819,blaylmo01-1995
augmost01,36,4.9,199412200ATL-ATL,199412200ATL-MIL,ATL-1995,1,1995,176.4,58.78181818181819,augmost01-1995
longgr01,34,0,199412200ATL-ATL,199412200ATL-MIL,ATL-1995,1,1995,0,58.78181818181819,longgr01-1995
langan01,29,-2.6,199412200ATL-ATL,199412200ATL-MIL,ATL-1995,1,1995,-75.4,58.78181818181819,langan01-1995
smithst01,26,0.5,199412200ATL-ATL,199412200ATL-MIL,ATL-1995,1,1995,13,58.78181818181819,smithst01-1995
koncajo01,17,-2,199412200ATL-ATL,199412200ATL-MIL,ATL-1995,1,1995,-34,58.78181818181819,koncajo01-1995
ehlocr01,17,0.3,199412200ATL-ATL,199412200ATL-MIL,ATL-1995,1,1995,5.1,58.78181818181819,ehlocr01-1995
andergr01,2,-0.5,199412200ATL-ATL,199412200ATL-MIL,ATL-1995,1,1995,-1,58.78181818181819,andergr01-1995
corbity01,2,3.8,199412200ATL-ATL,199412200ATL-MIL,ATL-1995,1,1995,7.6,58.78181818181819,corbity01-1995
lesji01,1,1.2,199412200ATL-ATL,199412200ATL-MIL,ATL-1995,1,1995,1.2,58.78181818181819,lesji01-1995
longgr01,34,-2.8,199412220ATL-ATL,199412220ATL-UTA,ATL-1995,0,1995,-95.19999999999999,22.25,longgr01-1995
blaylmo01,30,2.7,199412220ATL-ATL,199412220ATL-UTA,ATL-1995,0,1995,81,22.25,blaylmo01-1995
normake01,30,0.7,199412220ATL-ATL,199412220ATL-UTA,ATL-1995,0,1995,21,22.25,normake01-1995
smithst01,28,5,199412220ATL-ATL,199412220ATL-UTA,ATL-1995,0,1995,140,22.25,smithst01-1995
langan01,25,2.6,199412220ATL-ATL,199412220ATL-UTA,ATL-1995,0,1995,65,22.25,langan01-1995
augmost01,22,1.1,199412220ATL-ATL,199412220ATL-UTA,ATL-1995,0,1995,24.200000000000003,22.25,augmost01-1995
koncajo01,22,4.6,199412220ATL-ATL,199412220ATL-UTA,ATL-1995,0,1995,101.19999999999999,22.25,koncajo01-1995
ehlocr01,19,-2.5,199412220ATL-ATL,199412220ATL-UTA,ATL-1995,0,1995,-47.5,22.25,ehlocr01-1995
corbity01,13,-0.5,199412220ATL-ATL,199412220ATL-UTA,ATL-1995,0,1995,-6.5,22.25,corbity01-1995
andergr01,11,-1.2,199412220ATL-ATL,199412220ATL-UTA,ATL-1995,0,1995,-13.2,22.25,andergr01-1995
edwardo01,3,0.2,199412220ATL-ATL,199412220ATL-UTA,ATL-1995,0,1995,0.6000000000000001,22.25,edwardo01-1995
lesji01,3,-1.2,199412220ATL-ATL,199412220ATL-UTA,ATL-1995,0,1995,-3.5999999999999996,22.25,lesji01-1995
hillgr01,44,4.2,199412230DET-DET,199412230DET-ATL,DET-1995,0,1995,184.8,-5.472727272727273,hillgr01-1995
dumarjo01,43,-1.8,199412230DET-DET,199412230DET-ATL,DET-1995,0,1995,-77.4,-5.472727272727273,dumarjo01-1995
milleol01,32,-5.8,199412230DET-DET,199412230DET-ATL,DET-1995,0,1995,-185.6,-5.472727272727273,milleol01-1995
millste01,26,-7.2,199412230DET-DET,199412230DET-ATL,DET-1995,0,1995,-187.20000000000002,-5.472727272727273,millste01-1995
houstal01,26,11.5,199412230DET-DET,199412230DET-ATL,DET-1995,0,1995,299,-5.472727272727273,houstal01-1995
maconma01,18,-1.2,199412230DET-DET,199412230DET-ATL,DET-1995,0,1995,-21.599999999999998,-5.472727272727273,maconma01-1995
dawkijo01,13,-4.6,199412230DET-DET,199412230DET-ATL,DET-1995,0,1995,-59.8,-5.472727272727273,dawkijo01-1995
addisra01,12,-1.1,199412230DET-DET,199412230DET-ATL,DET-1995,0,1995,-13.200000000000001,-5.472727272727273,addisra01-1995
leckner01,12,-2.2,199412230DET-DET,199412230DET-ATL,DET-1995,0,1995,-26.400000000000002,-5.472727272727273,leckner01-1995
curlebi01,11,2.2,199412230DET-DET,199412230DET-ATL,DET-1995,0,1995,24.200000000000003,-5.472727272727273,curlebi01-1995
bondwa01,3,1,199412230DET-DET,199412230DET-ATL,DET-1995,0,1995,3,-5.472727272727273,bondwa01-1995
olajuha01,42,13.8,199412270HOU-HOU,199412270HOU-ATL,HOU-1995,1,1995,579.6,92.02222222222223,olajuha01-1995
herreca01,40,3.2,199412270HOU-HOU,199412270HOU-ATL,HOU-1995,1,1995,128,92.02222222222223,herreca01-1995
horryro01,36,8.2,199412270HOU-HOU,199412270HOU-ATL,HOU-1995,1,1995,295.2,92.02222222222223,horryro01-1995
eliema01,27,-3.1,199412270HOU-HOU,199412270HOU-ATL,HOU-1995,1,1995,-83.7,92.02222222222223,eliema01-1995
cassesa01,26,3.1,199412270HOU-HOU,199412270HOU-ATL,HOU-1995,1,1995,80.60000000000001,92.02222222222223,cassesa01-1995
smithke01,22,-2.9,199412270HOU-HOU,199412270HOU-ATL,HOU-1995,1,1995,-63.8,92.02222222222223,smithke01-1995
maxweve01,21,-8.5,199412270HOU-HOU,199412270HOU-ATL,HOU-1995,1,1995,-178.5,92.02222222222223,maxweve01-1995
chilcpe01,14,1.2,199412270HOU-HOU,199412270HOU-ATL,HOU-1995,1,1995,16.8,92.02222222222223,chilcpe01-1995
breauti01,12,4.5,199412270HOU-HOU,199412270HOU-ATL,HOU-1995,1,1995,54,92.02222222222223,breauti01-1995
blaylmo01,42,1.8,199412290ATL-ATL,199412290ATL-SAS,ATL-1995,1,1995,75.60000000000001,79.22,blaylmo01-1995
normake01,42,7.2,199412290ATL-ATL,199412290ATL-SAS,ATL-1995,1,1995,302.40000000000003,79.22,normake01-1995
longgr01,38,2.6,199412290ATL-ATL,199412290ATL-SAS,ATL-1995,1,1995,98.8,79.22,longgr01-1995
smithst01,37,9.1,199412290ATL-ATL,199412290ATL-SAS,ATL-1995,1,1995,336.7,79.22,smithst01-1995
koncajo01,26,2.6,199412290ATL-ATL,199412290ATL-SAS,ATL-1995,1,1995,67.60000000000001,79.22,koncajo01-1995
augmost01,23,0.3,199412290ATL-ATL,199412290ATL-SAS,ATL-1995,1,1995,6.8999999999999995,79.22,augmost01-1995
ehlocr01,20,-2.8,199412290ATL-ATL,199412290ATL-SAS,ATL-1995,1,1995,-56,79.22,ehlocr01-1995
langan01,17,-2.9,199412290ATL-ATL,199412290ATL-SAS,ATL-1995,1,1995,-49.3,79.22,langan01-1995
corbity01,11,1.6,199412290ATL-ATL,199412290ATL-SAS,ATL-1995,1,1995,17.6,79.22,corbity01-1995
andergr01,9,-0.9,199412290ATL-ATL,199412290ATL-SAS,ATL-1995,1,1995,-8.1,79.22,andergr01-1995
williho01,41,3.4,199412300CLE-CLE,199412300CLE-ATL,CLE-1995,1,1995,139.4,59.922222222222224,williho01-1995
hillty01,40,-4,199412300CLE-CLE,199412300CLE-ATL,CLE-1995,1,1995,-160,59.922222222222224,hillty01-1995
millsch01,40,5.8,199412300CLE-CLE,199412300CLE-ATL,CLE-1995,1,1995,232,59.922222222222224,millsch01-1995
pricema01,35,12,199412300CLE-CLE,199412300CLE-ATL,CLE-1995,1,1995,420,59.922222222222224,pricema01-1995
phillbo01,29,-4.4,199412300CLE-CLE,199412300CLE-ATL,CLE-1995,1,1995,-127.60000000000001,59.922222222222224,phillbo01-1995
ferryda01,19,2.9,199412300CLE-CLE,199412300CLE-ATL,CLE-1995,1,1995,55.1,59.922222222222224,ferryda01-1995
brandte01,14,-2.1,199412300CLE-CLE,199412300CLE-ATL,CLE-1995,1,1995,-29.400000000000002,59.922222222222224,brandte01-1995
cagemi01,14,1.1,199412300CLE-CLE,199412300CLE-ATL,CLE-1995,1,1995,15.400000000000002,59.922222222222224,cagemi01-1995
campbto01,8,-0.7,199412300CLE-CLE,199412300CLE-ATL,CLE-1995,1,1995,-5.6,59.922222222222224,campbto01-1995
augmost01,42,14.2,199501030ATL-ATL,199501030ATL-POR,ATL-1995,0,1995,596.4,61.018181818181816,augmost01-1995
blaylmo01,39,7.6,199501030ATL-ATL,199501030ATL-POR,ATL-1995,0,1995,296.4,61.018181818181816,blaylmo01-1995
longgr01,37,-1.1,199501030ATL-ATL,199501030ATL-POR,ATL-1995,0,1995,-40.7,61.018181818181816,longgr01-1995
normake01,25,-0.7,199501030ATL-ATL,199501030ATL-POR,ATL-1995,0,1995,-17.5,61.018181818181816,normake01-1995
smithst01,21,-7.8,199501030ATL-ATL,199501030ATL-POR,ATL-1995,0,1995,-163.79999999999998,61.018181818181816,smithst01-1995
koncajo01,19,1.1,199501030ATL-ATL,199501030ATL-POR,ATL-1995,0,1995,20.900000000000002,61.018181818181816,koncajo01-1995
andergr01,16,1.2,199501030ATL-ATL,199501030ATL-POR,ATL-1995,0,1995,19.2,61.018181818181816,andergr01-1995
langan01,14,-3.2,199501030ATL-ATL,199501030ATL-POR,ATL-1995,0,1995,-44.800000000000004,61.018181818181816,langan01-1995
ehlocr01,12,-1.2,199501030ATL-ATL,199501030ATL-POR,ATL-1995,0,1995,-14.399999999999999,61.018181818181816,ehlocr01-1995
edwardo01,9,2.5,199501030ATL-ATL,199501030ATL-POR,ATL-1995,0,1995,22.5,61.018181818181816,edwardo01-1995
corbity01,6,-0.5,199501030ATL-ATL,199501030ATL-POR,ATL-1995,0,1995,-3,61.018181818181816,corbity01-1995
ewingpa01,40,9.7,199501040NYK-NYK,199501040NYK-ATL,NYK-1995,1,1995,388,104.17777777777778,ewingpa01-1995
harpede01,38,11.4,199501040NYK-NYK,199501040NYK-ATL,NYK-1995,1,1995,433.2,104.17777777777778,harpede01-1995
smithch01,36,2.2,199501040NYK-NYK,199501040NYK-ATL,NYK-1995,1,1995,79.2,104.17777777777778,smithch01-1995
masonan01,31,4.5,199501040NYK-NYK,199501040NYK-ATL,NYK-1995,1,1995,139.5,104.17777777777778,masonan01-1995
davishu01,27,3.2,199501040NYK-NYK,199501040NYK-ATL,NYK-1995,1,1995,86.4,104.17777777777778,davishu01-1995
bonnean01,25,4.5,199501040NYK-NYK,199501040NYK-ATL,NYK-1995,1,1995,112.5,104.17777777777778,bonnean01-1995
starkjo01,21,-11.2,199501040NYK-NYK,199501040NYK-ATL,NYK-1995,1,1995,-235.2,104.17777777777778,starkjo01-1995
willimo01,12,-3.5,199501040NYK-NYK,199501040NYK-ATL,NYK-1995,1,1995,-42,104.17777777777778,willimo01-1995
anthogr01,10,-2.4,199501040NYK-NYK,199501040NYK-ATL,NYK-1995,1,1995,-24,104.17777777777778,anthogr01-1995
longgr01,34,-1.1,199501060ATL-ATL,199501060ATL-WSB,ATL-1995,1,1995,-37.400000000000006,51.50909090909091,longgr01-1995
blaylmo01,33,6.4,199501060ATL-ATL,199501060ATL-WSB,ATL-1995,1,1995,211.20000000000002,51.50909090909091,blaylmo01-1995
normake01,29,12.7,199501060ATL-ATL,199501060ATL-WSB,ATL-1995,1,1995,368.29999999999995,51.50909090909091,normake01-1995
augmost01,28,3,199501060ATL-ATL,199501060ATL-WSB,ATL-1995,1,1995,84,51.50909090909091,augmost01-1995
langan01,28,0.4,199501060ATL-ATL,199501060ATL-WSB,ATL-1995,1,1995,11.200000000000001,51.50909090909091,langan01-1995
ehlocr01,25,-0.1,199501060ATL-ATL,199501060ATL-WSB,ATL-1995,1,1995,-2.5,51.50909090909091,ehlocr01-1995
smithst01,23,-4.3,199501060ATL-ATL,199501060ATL-WSB,ATL-1995,1,1995,-98.89999999999999,51.50909090909091,smithst01-1995
koncajo01,20,1.9,199501060ATL-ATL,199501060ATL-WSB,ATL-1995,1,1995,38,51.50909090909091,koncajo01-1995
corbity01,14,-0.8,199501060ATL-ATL,199501060ATL-WSB,ATL-1995,1,1995,-11.200000000000001,51.50909090909091,corbity01-1995
edwardo01,3,-0.1,199501060ATL-ATL,199501060ATL-WSB,ATL-1995,1,1995,-0.30000000000000004,51.50909090909091,edwardo01-1995
lesji01,3,1.4,199501060ATL-ATL,199501060ATL-WSB,ATL-1995,1,1995,4.199999999999999,51.50909090909091,lesji01-1995
longgr01,32,-3.6,199501070ATL-ATL,199501070ATL-NJN,ATL-1995,1,1995,-115.2,28.808333333333334,longgr01-1995
blaylmo01,31,4,199501070ATL-ATL,199501070ATL-NJN,ATL-1995,1,1995,124,28.808333333333334,blaylmo01-1995
normake01,28,5.1,199501070ATL-ATL,199501070ATL-NJN,ATL-1995,1,1995,142.79999999999998,28.808333333333334,normake01-1995
augmost01,26,-6.6,199501070ATL-ATL,199501070ATL-NJN,ATL-1995,1,1995,-171.6,28.808333333333334,augmost01-1995
ehlocr01,26,2.4,199501070ATL-ATL,199501070ATL-NJN,ATL-1995,1,1995,62.4,28.808333333333334,ehlocr01-1995
smithst01,21,6.6,199501070ATL-ATL,199501070ATL-NJN,ATL-1995,1,1995,138.6,28.808333333333334,smithst01-1995
koncajo01,19,-0.5,199501070ATL-ATL,199501070ATL-NJN,ATL-1995,1,1995,-9.5,28.808333333333334,koncajo01-1995
corbity01,17,7.2,199501070ATL-ATL,199501070ATL-NJN,ATL-1995,1,1995,122.4,28.808333333333334,corbity01-1995
andergr01,15,4.8,199501070ATL-ATL,199501070ATL-NJN,ATL-1995,1,1995,72,28.808333333333334,andergr01-1995
langan01,14,-1.2,199501070ATL-ATL,199501070ATL-NJN,ATL-1995,1,1995,-16.8,28.808333333333334,langan01-1995
edwardo01,9,-0.2,199501070ATL-ATL,199501070ATL-NJN,ATL-1995,1,1995,-1.8,28.808333333333334,edwardo01-1995
lesji01,2,-0.8,199501070ATL-ATL,199501070ATL-NJN,ATL-1995,1,1995,-1.6,28.808333333333334,lesji01-1995
skilesc01,45,-1.1,199501100WSB-WSB,199501100WSB-ATL,WSB-1995,0,1995,-49.50000000000001,29.130000000000003,skilesc01-1995
howarju01,39,-2.9,199501100WSB-WSB,199501100WSB-ATL,WSB-1995,0,1995,-113.1,29.130000000000003,howarju01-1995
cheanca01,37,5.7,199501100WSB-WSB,199501100WSB-ATL,WSB-1995,0,1995,210.9,29.130000000000003,cheanca01-1995
muresgh01,34,3.7,199501100WSB-WSB,199501100WSB-ATL,WSB-1995,0,1995,125.80000000000001,29.130000000000003,muresgh01-1995
chapmre01,28,5.8,199501100WSB-WSB,199501100WSB-ATL,WSB-1995,0,1995,162.4,29.130000000000003,chapmre01-1995
butlemi02,23,-0.4,199501100WSB-WSB,199501100WSB-ATL,WSB-1995,0,1995,-9.200000000000001,29.130000000000003,butlemi02-1995
mcilvji01,14,0.9,199501100WSB-WSB,199501100WSB-ATL,WSB-1995,0,1995,12.6,29.130000000000003,mcilvji01-1995
tuckean01,11,-3,199501100WSB-WSB,199501100WSB-ATL,WSB-1995,0,1995,-33,29.130000000000003,tuckean01-1995
walkeke01,6,-2.3,199501100WSB-WSB,199501100WSB-ATL,WSB-1995,0,1995,-13.799999999999999,29.130000000000003,walkeke01-1995
overtdo01,3,-0.6,199501100WSB-WSB,199501100WSB-ATL,WSB-1995,0,1995,-1.7999999999999998,29.130000000000003,overtdo01-1995
longgr01,35,3.2,199501130ATL-ATL,199501130ATL-ORL,ATL-1995,0,1995,112,51.85999999999999,longgr01-1995
blaylmo01,32,7.6,199501130ATL-ATL,199501130ATL-ORL,ATL-1995,0,1995,243.2,51.85999999999999,blaylmo01-1995
smithst01,30,2,199501130ATL-ATL,199501130ATL-ORL,ATL-1995,0,1995,60,51.85999999999999,smithst01-1995
ehlocr01,28,8.2,199501130ATL-ATL,199501130ATL-ORL,ATL-1995,0,1995,229.59999999999997,51.85999999999999,ehlocr01-1995
augmost01,26,2,199501130ATL-ATL,199501130ATL-ORL,ATL-1995,0,1995,52,51.85999999999999,augmost01-1995
normake01,26,-2.5,199501130ATL-ATL,199501130ATL-ORL,ATL-1995,0,1995,-65,51.85999999999999,normake01-1995
andergr01,23,0.4,199501130ATL-ATL,199501130ATL-ORL,ATL-1995,0,1995,9.200000000000001,51.85999999999999,andergr01-1995
corbity01,15,-1.7,199501130ATL-ATL,199501130ATL-ORL,ATL-1995,0,1995,-25.5,51.85999999999999,corbity01-1995
langan01,13,-5.7,199501130ATL-ATL,199501130ATL-ORL,ATL-1995,0,1995,-74.10000000000001,51.85999999999999,langan01-1995
koncajo01,12,-1.9,199501130ATL-ATL,199501130ATL-ORL,ATL-1995,0,1995,-22.799999999999997,51.85999999999999,koncajo01-1995
blaylmo01,41,4.2,199501160ATL-ATL,199501160ATL-MIA,ATL-1995,1,1995,172.20000000000002,55.53,blaylmo01-1995
normake01,37,0.7,199501160ATL-ATL,199501160ATL-MIA,ATL-1995,1,1995,25.9,55.53,normake01-1995
augmost01,34,6.6,199501160ATL-ATL,199501160ATL-MIA,ATL-1995,1,1995,224.39999999999998,55.53,augmost01-1995
ehlocr01,32,8,199501160ATL-ATL,199501160ATL-MIA,ATL-1995,1,1995,256,55.53,ehlocr01-1995
langan01,26,-5.4,199501160ATL-ATL,199501160ATL-MIA,ATL-1995,1,1995,-140.4,55.53,langan01-1995
longgr01,22,-0.9,199501160ATL-ATL,199501160ATL-MIA,ATL-1995,1,1995,-19.8,55.53,longgr01-1995
smithst01,22,4,199501160ATL-ATL,199501160ATL-MIA,ATL-1995,1,1995,88,55.53,smithst01-1995
andergr01,16,-3.4,199501160ATL-ATL,199501160ATL-MIA,ATL-1995,1,1995,-54.4,55.53,andergr01-1995
koncajo01,6,1.3,199501160ATL-ATL,199501160ATL-MIA,ATL-1995,1,1995,7.800000000000001,55.53,koncajo01-1995
corbity01,4,-1.1,199501160ATL-ATL,199501160ATL-MIA,ATL-1995,1,1995,-4.4,55.53,corbity01-1995
blaylmo01,39,2.3,199501180ATL-ATL,199501180ATL-PHI,ATL-1995,0,1995,89.69999999999999,11.809999999999999,blaylmo01-1995
normake01,29,-8.1,199501180ATL-ATL,199501180ATL-PHI,ATL-1995,0,1995,-234.89999999999998,11.809999999999999,normake01-1995
smithst01,29,3.9,199501180ATL-ATL,199501180ATL-PHI,ATL-1995,0,1995,113.1,11.809999999999999,smithst01-1995
langan01,27,4.8,199501180ATL-ATL,199501180ATL-PHI,ATL-1995,0,1995,129.6,11.809999999999999,langan01-1995
ehlocr01,27,-0.8,199501180ATL-ATL,199501180ATL-PHI,ATL-1995,0,1995,-21.6,11.809999999999999,ehlocr01-1995
corbity01,26,5.1,199501180ATL-ATL,199501180ATL-PHI,ATL-1995,0,1995,132.6,11.809999999999999,corbity01-1995
longgr01,25,2.4,199501180ATL-ATL,199501180ATL-PHI,ATL-1995,0,1995,60,11.809999999999999,longgr01-1995
andergr01,18,-3.1,199501180ATL-ATL,199501180ATL-PHI,ATL-1995,0,1995,-55.800000000000004,11.809999999999999,andergr01-1995
augmost01,17,-5.3,199501180ATL-ATL,199501180ATL-PHI,ATL-1995,0,1995,-90.1,11.809999999999999,augmost01-1995
koncajo01,3,-1.5,199501180ATL-ATL,199501180ATL-PHI,ATL-1995,0,1995,-4.5,11.809999999999999,koncajo01-1995
mckeyde01,37,1,199501200IND-IND,199501200IND-ATL,IND-1995,1,1995,37,56.11,mckeyde01-1995
smitsri01,35,-3.8,199501200IND-IND,199501200IND-ATL,IND-1995,1,1995,-133,56.11,smitsri01-1995
davisda01,34,3.1,199501200IND-IND,199501200IND-ATL,IND-1995,1,1995,105.4,56.11,davisda01-1995
workmha01,33,9.8,199501200IND-IND,199501200IND-ATL,IND-1995,1,1995,323.40000000000003,56.11,workmha01-1995
millere01,29,5.1,199501200IND-IND,199501200IND-ATL,IND-1995,1,1995,147.89999999999998,56.11,millere01-1995
scottby01,20,3.9,199501200IND-IND,199501200IND-ATL,IND-1995,1,1995,78,56.11,scottby01-1995
jacksma01,16,-2.3,199501200IND-IND,199501200IND-ATL,IND-1995,1,1995,-36.8,56.11,jacksma01-1995
willijo02,16,-0.4,199501200IND-IND,199501200IND-ATL,IND-1995,1,1995,-6.4,56.11,willijo02-1995
ferredu01,13,4.1,199501200IND-IND,199501200IND-ATL,IND-1995,1,1995,53.3,56.11,ferredu01-1995
mitchsa01,7,-1.1,199501200IND-IND,199501200IND-ATL,IND-1995,1,1995,-7.700000000000001,56.11,mitchsa01-1995
blaylmo01,42,3.5,199501210ATL-ATL,199501210ATL-BOS,ATL-1995,1,1995,147,54.589999999999996,blaylmo01-1995
augmost01,35,8.7,199501210ATL-ATL,199501210ATL-BOS,ATL-1995,1,1995,304.5,54.589999999999996,augmost01-1995
normake01,34,11.6,199501210ATL-ATL,199501210ATL-BOS,ATL-1995,1,1995,394.4,54.589999999999996,normake01-1995
longgr01,30,-4.7,199501210ATL-ATL,199501210ATL-BOS,ATL-1995,1,1995,-141,54.589999999999996,longgr01-1995
smithst01,23,-0.9,199501210ATL-ATL,199501210ATL-BOS,ATL-1995,1,1995,-20.7,54.589999999999996,smithst01-1995
langan01,21,-2.4,199501210ATL-ATL,199501210ATL-BOS,ATL-1995,1,1995,-50.4,54.589999999999996,langan01-1995
ehlocr01,21,-6.9,199501210ATL-ATL,199501210ATL-BOS,ATL-1995,1,1995,-144.9,54.589999999999996,ehlocr01-1995
andergr01,15,2.1,199501210ATL-ATL,199501210ATL-BOS,ATL-1995,1,1995,31.5,54.589999999999996,andergr01-1995
koncajo01,12,0.9,199501210ATL-ATL,199501210ATL-BOS,ATL-1995,1,1995,10.8,54.589999999999996,koncajo01-1995
corbity01,7,2.1,199501210ATL-ATL,199501210ATL-BOS,ATL-1995,1,1995,14.700000000000001,54.589999999999996,corbity01-1995
mournal01,42,12.1,199501250CHH-CHH,199501250CHH-ATL,CHH-1995,0,1995,508.2,64.71818181818182,mournal01-1995
johnsla02,41,5.5,199501250CHH-CHH,199501250CHH-ATL,CHH-1995,0,1995,225.5,64.71818181818182,johnsla02-1995
boguemu01,36,1.1,199501250CHH-CHH,199501250CHH-ATL,CHH-1995,0,1995,39.6,64.71818181818182,boguemu01-1995
hawkihe01,31,0.1,199501250CHH-CHH,199501250CHH-ATL,CHH-1995,0,1995,3.1,64.71818181818182,hawkihe01-1995
curryde01,28,-0.4,199501250CHH-CHH,199501250CHH-ATL,CHH-1995,0,1995,-11.200000000000001,64.71818181818182,curryde01-1995
burresc01,23,2.2,199501250CHH-CHH,199501250CHH-ATL,CHH-1995,0,1995,50.6,64.71818181818182,burresc01-1995
adamsmi01,12,-3.8,199501250CHH-CHH,199501250CHH-ATL,CHH-1995,0,1995,-45.599999999999994,64.71818181818182,adamsmi01-1995
wolfjo01,12,-2.7,199501250CHH-CHH,199501250CHH-ATL,CHH-1995,0,1995,-32.400000000000006,64.71818181818182,wolfjo01-1995
hancoda01,8,-1,199501250CHH-CHH,199501250CHH-ATL,CHH-1995,0,1995,-8,64.71818181818182,hancoda01-1995
wingada01,6,-2.9,199501250CHH-CHH,199501250CHH-ATL,CHH-1995,0,1995,-17.4,64.71818181818182,wingada01-1995
parisro01,1,-0.5,199501250CHH-CHH,199501250CHH-ATL,CHH-1995,0,1995,-0.5,64.71818181818182,parisro01-1995
blaylmo01,41,5.4,199501260ATL-ATL,199501260ATL-CLE,ATL-1995,0,1995,221.4,17.610000000000003,blaylmo01-1995
langan01,36,-2.9,199501260ATL-ATL,199501260ATL-CLE,ATL-1995,0,1995,-104.39999999999999,17.610000000000003,langan01-1995
ehlocr01,31,-1,199501260ATL-ATL,199501260ATL-CLE,ATL-1995,0,1995,-31,17.610000000000003,ehlocr01-1995
longgr01,27,2.9,199501260ATL-ATL,199501260ATL-CLE,ATL-1995,0,1995,78.3,17.610000000000003,longgr01-1995
augmost01,25,8,199501260ATL-ATL,199501260ATL-CLE,ATL-1995,0,1995,200,17.610000000000003,augmost01-1995
normake01,24,-5.8,199501260ATL-ATL,199501260ATL-CLE,ATL-1995,0,1995,-139.2,17.610000000000003,normake01-1995
smithst01,23,-0.8,199501260ATL-ATL,199501260ATL-CLE,ATL-1995,0,1995,-18.400000000000002,17.610000000000003,smithst01-1995
corbity01,19,-0.2,199501260ATL-ATL,199501260ATL-CLE,ATL-1995,0,1995,-3.8000000000000003,17.610000000000003,corbity01-1995
koncajo01,8,-2.3,199501260ATL-ATL,199501260ATL-CLE,ATL-1995,0,1995,-18.4,17.610000000000003,koncajo01-1995
andergr01,6,-1.4,199501260ATL-ATL,199501260ATL-CLE,ATL-1995,0,1995,-8.399999999999999,17.610000000000003,andergr01-1995
blaylmo01,39,-3.8,199501280ATL-ATL,199501280ATL-CHH,ATL-1995,0,1995,-148.2,15.133333333333335,blaylmo01-1995
langan01,37,-1.5,199501280ATL-ATL,199501280ATL-CHH,ATL-1995,0,1995,-55.5,15.133333333333335,langan01-1995
longgr01,34,1.2,199501280ATL-ATL,199501280ATL-CHH,ATL-1995,0,1995,40.8,15.133333333333335,longgr01-1995
ehlocr01,33,-2.3,199501280ATL-ATL,199501280ATL-CHH,ATL-1995,0,1995,-75.89999999999999,15.133333333333335,ehlocr01-1995
normake01,31,2.3,199501280ATL-ATL,199501280ATL-CHH,ATL-1995,0,1995,71.3,15.133333333333335,normake01-1995
augmost01,25,6.3,199501280ATL-ATL,199501280ATL-CHH,ATL-1995,0,1995,157.5,15.133333333333335,augmost01-1995
smithst01,20,8.2,199501280ATL-ATL,199501280ATL-CHH,ATL-1995,0,1995,164,15.133333333333335,smithst01-1995
koncajo01,13,0.6,199501280ATL-ATL,199501280ATL-CHH,ATL-1995,0,1995,7.8,15.133333333333335,koncajo01-1995
corbity01,8,-3.2,199501280ATL-ATL,199501280ATL-CHH,ATL-1995,0,1995,-25.6,15.133333333333335,corbity01-1995
geigema01,44,1.2,199501300MIA-MIA,199501300MIA-ATL,MIA-1995,0,1995,52.8,42.14444444444444,geigema01-1995
owensbi01,40,1.9,199501300MIA-MIA,199501300MIA-ATL,MIA-1995,0,1995,76,42.14444444444444,owensbi01-1995
colesbi01,39,-2.5,199501300MIA-MIA,199501300MIA-ATL,MIA-1995,0,1995,-97.5,42.14444444444444,colesbi01-1995
ricegl01,39,2.6,199501300MIA-MIA,199501300MIA-ATL,MIA-1995,0,1995,101.4,42.14444444444444,ricegl01-1995
askinke01,34,8.2,199501300MIA-MIA,199501300MIA-ATL,MIA-1995,0,1995,278.79999999999995,42.14444444444444,askinke01-1995
gamblke01,21,-0.6,199501300MIA-MIA,199501300MIA-ATL,MIA-1995,0,1995,-12.6,42.14444444444444,gamblke01-1995
eacklle01,11,0.4,199501300MIA-MIA,199501300MIA-ATL,MIA-1995,0,1995,4.4,42.14444444444444,eacklle01-1995
reevekh01,9,-2.3,199501300MIA-MIA,199501300MIA-ATL,MIA-1995,0,1995,-20.7,42.14444444444444,reevekh01-1995
lohaubr01,3,-1.1,199501300MIA-MIA,199501300MIA-ATL,MIA-1995,0,1995,-3.3000000000000003,42.14444444444444,lohaubr01-1995
blaylmo01,43,12.1,199502010ATL-ATL,199502010ATL-GSW,ATL-1995,1,1995,520.3,64.44545454545454,blaylmo01-1995
longgr01,37,3.3,199502010ATL-ATL,199502010ATL-GSW,ATL-1995,1,1995,122.1,64.44545454545454,longgr01-1995
langan01,32,1.2,199502010ATL-ATL,199502010ATL-GSW,ATL-1995,1,1995,38.4,64.44545454545454,langan01-1995
smithst01,26,2.1,199502010ATL-ATL,199502010ATL-GSW,ATL-1995,1,1995,54.6,64.44545454545454,smithst01-1995
augmost01,23,4.9,199502010ATL-ATL,199502010ATL-GSW,ATL-1995,1,1995,112.7,64.44545454545454,augmost01-1995
ehlocr01,18,-6.2,199502010ATL-ATL,199502010ATL-GSW,ATL-1995,1,1995,-111.60000000000001,64.44545454545454,ehlocr01-1995
andergr01,16,-3.4,199502010ATL-ATL,199502010ATL-GSW,ATL-1995,1,1995,-54.4,64.44545454545454,andergr01-1995
corbity01,16,-0.1,199502010ATL-ATL,199502010ATL-GSW,ATL-1995,1,1995,-1.6,64.44545454545454,corbity01-1995
normake01,13,0.6,199502010ATL-ATL,199502010ATL-GSW,ATL-1995,1,1995,7.8,64.44545454545454,normake01-1995
lesji01,11,2.6,199502010ATL-ATL,199502010ATL-GSW,ATL-1995,1,1995,28.6,64.44545454545454,lesji01-1995
edwardo01,5,-1.6,199502010ATL-ATL,199502010ATL-GSW,ATL-1995,1,1995,-8,64.44545454545454,edwardo01-1995
blaylmo01,35,-7.2,199502030ATL-ATL,199502030ATL-SEA,ATL-1995,0,1995,-252,10.883333333333335,blaylmo01-1995
smithst01,35,7.5,199502030ATL-ATL,199502030ATL-SEA,ATL-1995,0,1995,262.5,10.883333333333335,smithst01-1995
augmost01,32,3.3,199502030ATL-ATL,199502030ATL-SEA,ATL-1995,0,1995,105.6,10.883333333333335,augmost01-1995
longgr01,32,-1.5,199502030ATL-ATL,199502030ATL-SEA,ATL-1995,0,1995,-48,10.883333333333335,longgr01-1995
langan01,30,-0.3,199502030ATL-ATL,199502030ATL-SEA,ATL-1995,0,1995,-9,10.883333333333335,langan01-1995
ehlocr01,22,6.9,199502030ATL-ATL,199502030ATL-SEA,ATL-1995,0,1995,151.8,10.883333333333335,ehlocr01-1995
normake01,18,-0.6,199502030ATL-ATL,199502030ATL-SEA,ATL-1995,0,1995,-10.799999999999999,10.883333333333335,normake01-1995
lesji01,13,-1.2,199502030ATL-ATL,199502030ATL-SEA,ATL-1995,0,1995,-15.6,10.883333333333335,lesji01-1995
andergr01,9,-3.2,199502030ATL-ATL,199502030ATL-SEA,ATL-1995,0,1995,-28.8,10.883333333333335,andergr01-1995
corbity01,7,-4,199502030ATL-ATL,199502030ATL-SEA,ATL-1995,0,1995,-28,10.883333333333335,corbity01-1995
edwardo01,4,0.2,199502030ATL-ATL,199502030ATL-SEA,ATL-1995,0,1995,0.8,10.883333333333335,edwardo01-1995
koncajo01,3,0.7,199502030ATL-ATL,199502030ATL-SEA,ATL-1995,0,1995,2.0999999999999996,10.883333333333335,koncajo01-1995
dumarjo01,43,-1,199502040DET-DET,199502040DET-ATL,DET-1995,1,1995,-43,64.08,dumarjo01-1995
hillgr01,43,9.3,199502040DET-DET,199502040DET-ATL,DET-1995,1,1995,399.90000000000003,64.08,hillgr01-1995
millste01,43,10.9,199502040DET-DET,199502040DET-ATL,DET-1995,1,1995,468.7,64.08,millste01-1995
knighne01,27,0.3,199502040DET-DET,199502040DET-ATL,DET-1995,1,1995,8.1,64.08,knighne01-1995
addisra01,27,-2,199502040DET-DET,199502040DET-ATL,DET-1995,1,1995,-54,64.08,addisra01-1995
milleol01,23,-4.2,199502040DET-DET,199502040DET-ATL,DET-1995,1,1995,-96.60000000000001,64.08,milleol01-1995
westma01,18,-3.4,199502040DET-DET,199502040DET-ATL,DET-1995,1,1995,-61.199999999999996,64.08,westma01-1995
houstal01,10,2.2,199502040DET-DET,199502040DET-ATL,DET-1995,1,1995,22,64.08,houstal01-1995
dawkijo01,5,-0.6,199502040DET-DET,199502040DET-ATL,DET-1995,1,1995,-3,64.08,dawkijo01-1995
maconma01,1,-0.1,199502040DET-DET,199502040DET-ATL,DET-1995,1,1995,-0.1,64.08,maconma01-1995
barroda01,48,6.1,199502060PHI-PHI,199502060PHI-ATL,PHI-1995,0,1995,292.79999999999995,27.599999999999994,barroda01-1995
burtowi01,44,3.2,199502060PHI-PHI,199502060PHI-ATL,PHI-1995,0,1995,140.8,27.599999999999994,burtowi01-1995
weathcl01,34,0.9,199502060PHI-PHI,199502060PHI-ATL,PHI-1995,0,1995,30.6,27.599999999999994,weathcl01-1995
bradlsh01,27,1.6,199502060PHI-PHI,199502060PHI-ATL,PHI-1995,0,1995,43.2,27.599999999999994,bradlsh01-1995
grayeje01,25,-5,199502060PHI-PHI,199502060PHI-ATL,PHI-1995,0,1995,-125,27.599999999999994,grayeje01-1995
grahagr01,23,-4.2,199502060PHI-PHI,199502060PHI-ATL,PHI-1995,0,1995,-96.60000000000001,27.599999999999994,grahagr01-1995
alstode01,19,-1.2,199502060PHI-PHI,199502060PHI-ATL,PHI-1995,0,1995,-22.8,27.599999999999994,alstode01-1995
wrighsh01,14,-0.7,199502060PHI-PHI,199502060PHI-ATL,PHI-1995,0,1995,-9.799999999999999,27.599999999999994,wrighsh01-1995
willisc01,6,-0.8,199502060PHI-PHI,199502060PHI-ATL,PHI-1995,0,1995,-4.800000000000001,27.599999999999994,willisc01-1995
blaylmo01,37,8.4,199502080ATL-ATL,199502080ATL-NJN,ATL-1995,1,1995,310.8,61.31666666666667,blaylmo01-1995
smithst01,36,10.4,199502080ATL-ATL,199502080ATL-NJN,ATL-1995,1,1995,374.40000000000003,61.31666666666667,smithst01-1995
langan01,31,-0.9,199502080ATL-ATL,199502080ATL-NJN,ATL-1995,1,1995,-27.900000000000002,61.31666666666667,langan01-1995
longgr01,29,-0.2,199502080ATL-ATL,199502080ATL-NJN,ATL-1995,1,1995,-5.800000000000001,61.31666666666667,longgr01-1995
augmost01,28,7,199502080ATL-ATL,199502080ATL-NJN,ATL-1995,1,1995,196,61.31666666666667,augmost01-1995
normake01,22,-4.4,199502080ATL-ATL,199502080ATL-NJN,ATL-1995,1,1995,-96.80000000000001,61.31666666666667,normake01-1995
ehlocr01,17,-2.1,199502080ATL-ATL,199502080ATL-NJN,ATL-1995,1,1995,-35.7,61.31666666666667,ehlocr01-1995
koncajo01,11,1.5,199502080ATL-ATL,199502080ATL-NJN,ATL-1995,1,1995,16.5,61.31666666666667,koncajo01-1995
andergr01,9,0,199502080ATL-ATL,199502080ATL-NJN,ATL-1995,1,1995,0,61.31666666666667,andergr01-1995
corbity01,8,0.2,199502080ATL-ATL,199502080ATL-NJN,ATL-1995,1,1995,1.6,61.31666666666667,corbity01-1995
lesji01,7,-0.4,199502080ATL-ATL,199502080ATL-NJN,ATL-1995,1,1995,-2.8000000000000003,61.31666666666667,lesji01-1995
edwardo01,5,1.1,199502080ATL-ATL,199502080ATL-NJN,ATL-1995,1,1995,5.5,61.31666666666667,edwardo01-1995
mutomdi01,43,3.3,199502140DEN-DEN,199502140DEN-ATL,DEN-1995,0,1995,141.9,35.9,mutomdi01-1995
delebi01,30,17,199502140DEN-DEN,199502140DEN-ATL,DEN-1995,0,1995,510,35.9,delebi01-1995
packro01,29,1,199502140DEN-DEN,199502140DEN-ATL,DEN-1995,0,1995,29,35.9,packro01-1995
stithbr01,25,-1.7,199502140DEN-DEN,199502140DEN-ATL,DEN-1995,0,1995,-42.5,35.9,stithbr01-1995
roseja01,24,-1.2,199502140DEN-DEN,199502140DEN-ATL,DEN-1995,0,1995,-28.799999999999997,35.9,roseja01-1995
willire01,22,-2.8,199502140DEN-DEN,199502140DEN-ATL,DEN-1995,0,1995,-61.599999999999994,35.9,willire01-1995
abdulma02,21,-0.7,199502140DEN-DEN,199502140DEN-ATL,DEN-1995,0,1995,-14.7,35.9,abdulma02-1995
ellisda01,20,-6.8,199502140DEN-DEN,199502140DEN-ATL,DEN-1995,0,1995,-136,35.9,ellisda01-1995
rogerro01,17,-0.4,199502140DEN-DEN,199502140DEN-ATL,DEN-1995,0,1995,-6.800000000000001,35.9,rogerro01-1995
hammoto01,9,-3.5,199502140DEN-DEN,199502140DEN-ATL,DEN-1995,0,1995,-31.5,35.9,hammoto01-1995
jacksji01,42,2.1,199502170DAL-DAL,199502170DAL-ATL,DAL-1995,0,1995,88.2,-1.5124999999999966,jacksji01-1995
mashbja01,38,1.5,199502170DAL-DAL,199502170DAL-ATL,DAL-1995,0,1995,57,-1.5124999999999966,mashbja01-1995
willilo01,38,-3.1,199502170DAL-DAL,199502170DAL-ATL,DAL-1995,0,1995,-117.8,-1.5124999999999966,willilo01-1995
kiddja01,34,4.4,199502170DAL-DAL,199502170DAL-ATL,DAL-1995,0,1995,149.60000000000002,-1.5124999999999966,kiddja01-1995
jonespo01,32,-2.7,199502170DAL-DAL,199502170DAL-ATL,DAL-1995,0,1995,-86.4,-1.5124999999999966,jonespo01-1995
harrilu01,20,-0.4,199502170DAL-DAL,199502170DAL-ATL,DAL-1995,0,1995,-8,-1.5124999999999966,harrilu01-1995
mccloge01,19,-2.3,199502170DAL-DAL,199502170DAL-ATL,DAL-1995,0,1995,-43.699999999999996,-1.5124999999999966,mccloge01-1995
daviste01,17,-3,199502170DAL-DAL,199502170DAL-ATL,DAL-1995,0,1995,-51,-1.5124999999999966,daviste01-1995
delnevi01,39,11.5,199502180SAS-SAS,199502180SAS-ATL,SAS-1995,1,1995,448.5,79.00909090909092,delnevi01-1995
johnsav01,30,4.6,199502180SAS-SAS,199502180SAS-ATL,SAS-1995,1,1995,138,79.00909090909092,johnsav01-1995
robinda01,30,7.7,199502180SAS-SAS,199502180SAS-ATL,SAS-1995,1,1995,231,79.00909090909092,robinda01-1995
rodmade01,30,1.2,199502180SAS-SAS,199502180SAS-ATL,SAS-1995,1,1995,36,79.00909090909092,rodmade01-1995
elliose01,29,1.2,199502180SAS-SAS,199502180SAS-ATL,SAS-1995,1,1995,34.8,79.00909090909092,elliose01-1995
persoch01,28,2.4,199502180SAS-SAS,199502180SAS-ATL,SAS-1995,1,1995,67.2,79.00909090909092,persoch01-1995
reidjr01,18,-2,199502180SAS-SAS,199502180SAS-ATL,SAS-1995,1,1995,-36,79.00909090909092,reidjr01-1995
cummite01,16,-3.4,199502180SAS-SAS,199502180SAS-ATL,SAS-1995,1,1995,-54.4,79.00909090909092,cummite01-1995
riverdo01,16,0.3,199502180SAS-SAS,199502180SAS-ATL,SAS-1995,1,1995,4.8,79.00909090909092,riverdo01-1995
haleyja01,2,0,199502180SAS-SAS,199502180SAS-ATL,SAS-1995,1,1995,0,79.00909090909092,haleyja01-1995
whitnch01,2,-0.4,199502180SAS-SAS,199502180SAS-ATL,SAS-1995,1,1995,-0.8,79.00909090909092,whitnch01-1995
blaylmo01,39,14,199502210ATL-ATL,199502210ATL-CHI,ATL-1995,0,1995,546,35.18181818181818,blaylmo01-1995
smithst01,38,0.1,199502210ATL-ATL,199502210ATL-CHI,ATL-1995,0,1995,3.8000000000000003,35.18181818181818,smithst01-1995
langan01,35,9.1,199502210ATL-ATL,199502210ATL-CHI,ATL-1995,0,1995,318.5,35.18181818181818,langan01-1995
augmost01,30,-5.4,199502210ATL-ATL,199502210ATL-CHI,ATL-1995,0,1995,-162,35.18181818181818,augmost01-1995
longgr01,29,-4.7,199502210ATL-ATL,199502210ATL-CHI,ATL-1995,0,1995,-136.3,35.18181818181818,longgr01-1995
corbity01,21,-0.7,199502210ATL-ATL,199502210ATL-CHI,ATL-1995,0,1995,-14.7,35.18181818181818,corbity01-1995
normake01,19,-6.9,199502210ATL-ATL,199502210ATL-CHI,ATL-1995,0,1995,-131.1,35.18181818181818,normake01-1995
koncajo01,9,1.4,199502210ATL-ATL,199502210ATL-CHI,ATL-1995,0,1995,12.6,35.18181818181818,koncajo01-1995
lesji01,9,-3.3,199502210ATL-ATL,199502210ATL-CHI,ATL-1995,0,1995,-29.7,35.18181818181818,lesji01-1995
edwardo01,7,-3.5,199502210ATL-ATL,199502210ATL-CHI,ATL-1995,0,1995,-24.5,35.18181818181818,edwardo01-1995
andergr01,4,1.1,199502210ATL-ATL,199502210ATL-CHI,ATL-1995,0,1995,4.4,35.18181818181818,andergr01-1995
blaylmo01,38,17.3,199502230ATL-ATL,199502230ATL-DAL,ATL-1995,1,1995,657.4,62.445454545454545,blaylmo01-1995
smithst01,35,4.4,199502230ATL-ATL,199502230ATL-DAL,ATL-1995,1,1995,154,62.445454545454545,smithst01-1995
augmost01,34,-5.5,199502230ATL-ATL,199502230ATL-DAL,ATL-1995,1,1995,-187,62.445454545454545,augmost01-1995
langan01,31,3.8,199502230ATL-ATL,199502230ATL-DAL,ATL-1995,1,1995,117.8,62.445454545454545,langan01-1995
longgr01,24,-5.1,199502230ATL-ATL,199502230ATL-DAL,ATL-1995,1,1995,-122.39999999999999,62.445454545454545,longgr01-1995
corbity01,24,2.2,199502230ATL-ATL,199502230ATL-DAL,ATL-1995,1,1995,52.800000000000004,62.445454545454545,corbity01-1995
normake01,24,-0.2,199502230ATL-ATL,199502230ATL-DAL,ATL-1995,1,1995,-4.800000000000001,62.445454545454545,normake01-1995
andergr01,12,-2.6,199502230ATL-ATL,199502230ATL-DAL,ATL-1995,1,1995,-31.200000000000003,62.445454545454545,andergr01-1995
lesji01,10,5.2,199502230ATL-ATL,199502230ATL-DAL,ATL-1995,1,1995,52,62.445454545454545,lesji01-1995
koncajo01,5,-0.7,199502230ATL-ATL,199502230ATL-DAL,ATL-1995,1,1995,-3.5,62.445454545454545,koncajo01-1995
edwardo01,3,0.6,199502230ATL-ATL,199502230ATL-DAL,ATL-1995,1,1995,1.7999999999999998,62.445454545454545,edwardo01-1995
cheanca01,39,-1.1,199502240WSB-WSB,199502240WSB-ATL,WSB-1995,0,1995,-42.900000000000006,2.5909090909090926,cheanca01-1995
howarju01,39,3.2,199502240WSB-WSB,199502240WSB-ATL,WSB-1995,0,1995,124.80000000000001,2.5909090909090926,howarju01-1995
webbech01,38,3.2,199502240WSB-WSB,199502240WSB-ATL,WSB-1995,0,1995,121.60000000000001,2.5909090909090926,webbech01-1995
butlemi02,28,-1.3,199502240WSB-WSB,199502240WSB-ATL,WSB-1995,0,1995,-36.4,2.5909090909090926,butlemi02-1995
overtdo01,27,-2.5,199502240WSB-WSB,199502240WSB-ATL,WSB-1995,0,1995,-67.5,2.5909090909090926,overtdo01-1995
skilesc01,21,-1.6,199502240WSB-WSB,199502240WSB-ATL,WSB-1995,0,1995,-33.6,2.5909090909090926,skilesc01-1995
tuckean01,19,1.2,199502240WSB-WSB,199502240WSB-ATL,WSB-1995,0,1995,22.8,2.5909090909090926,tuckean01-1995
muresgh01,18,-3.6,199502240WSB-WSB,199502240WSB-ATL,WSB-1995,0,1995,-64.8,2.5909090909090926,muresgh01-1995
duckwke01,6,-0.3,199502240WSB-WSB,199502240WSB-ATL,WSB-1995,0,1995,-1.7999999999999998,2.5909090909090926,duckwke01-1995
mcilvji01,4,1.6,199502240WSB-WSB,199502240WSB-ATL,WSB-1995,0,1995,6.4,2.5909090909090926,mcilvji01-1995
stewala01,1,-0.1,199502240WSB-WSB,199502240WSB-ATL,WSB-1995,0,1995,-0.1,2.5909090909090926,stewala01-1995
blaylmo01,40,6.9,199502270ATL-ATL,199502270ATL-SAC,ATL-1995,1,1995,276,60.53636363636363,blaylmo01-1995
langan01,38,5,199502270ATL-ATL,199502270ATL-SAC,ATL-1995,1,1995,190,60.53636363636363,langan01-1995
smithst01,34,-3,199502270ATL-ATL,199502270ATL-SAC,ATL-1995,1,1995,-102,60.53636363636363,smithst01-1995
augmost01,33,5.1,199502270ATL-ATL,199502270ATL-SAC,ATL-1995,1,1995,168.29999999999998,60.53636363636363,augmost01-1995
longgr01,32,2.6,199502270ATL-ATL,199502270ATL-SAC,ATL-1995,1,1995,83.2,60.53636363636363,longgr01-1995
normake01,25,-0.8,199502270ATL-ATL,199502270ATL-SAC,ATL-1995,1,1995,-20,60.53636363636363,normake01-1995
corbity01,16,3.4,199502270ATL-ATL,199502270ATL-SAC,ATL-1995,1,1995,54.4,60.53636363636363,corbity01-1995
koncajo01,8,-0.3,199502270ATL-ATL,199502270ATL-SAC,ATL-1995,1,1995,-2.4,60.53636363636363,koncajo01-1995
lesji01,8,2.6,199502270ATL-ATL,199502270ATL-SAC,ATL-1995,1,1995,20.8,60.53636363636363,lesji01-1995
andergr01,4,0.4,199502270ATL-ATL,199502270ATL-SAC,ATL-1995,1,1995,1.6,60.53636363636363,andergr01-1995
edwardo01,2,-2,199502270ATL-ATL,199502270ATL-SAC,ATL-1995,1,1995,-4,60.53636363636363,edwardo01-1995
bakervi01,42,3.2,199503020MIL-MIL,199503020MIL-ATL,MIL-1995,1,1995,134.4,64.46363636363637,bakervi01-1995
dayto01,38,3.8,199503020MIL-MIL,199503020MIL-ATL,MIL-1995,1,1995,144.4,64.46363636363637,dayto01-1995
robingl01,36,13.2,199503020MIL-MIL,199503020MIL-ATL,MIL-1995,1,1995,475.2,64.46363636363637,robingl01-1995
murdoer01,29,0.1,199503020MIL-MIL,199503020MIL-ATL,MIL-1995,1,1995,2.9000000000000004,64.46363636363637,murdoer01-1995
conloma01,26,0.3,199503020MIL-MIL,199503020MIL-ATL,MIL-1995,1,1995,7.8,64.46363636363637,conloma01-1995
maybele01,19,-3.3,199503020MIL-MIL,199503020MIL-ATL,MIL-1995,1,1995,-62.699999999999996,64.46363636363637,maybele01-1995
barryjo01,17,-0.4,199503020MIL-MIL,199503020MIL-ATL,MIL-1995,1,1995,-6.800000000000001,64.46363636363637,barryjo01-1995
newmajo01,16,2.1,199503020MIL-MIL,199503020MIL-ATL,MIL-1995,1,1995,33.6,64.46363636363637,newmajo01-1995
mobleer01,7,-0.5,199503020MIL-MIL,199503020MIL-ATL,MIL-1995,1,1995,-3.5,64.46363636363637,mobleer01-1995
listeal01,6,-2.3,199503020MIL-MIL,199503020MIL-ATL,MIL-1995,1,1995,-13.799999999999999,64.46363636363637,listeal01-1995
pincked01,4,-0.6,199503020MIL-MIL,199503020MIL-ATL,MIL-1995,1,1995,-2.4,64.46363636363637,pincked01-1995
blaylmo01,40,14.7,199503030ATL-ATL,199503030ATL-DET,ATL-1995,1,1995,588,79.15555555555555,blaylmo01-1995
smithst01,37,-2.6,199503030ATL-ATL,199503030ATL-DET,ATL-1995,1,1995,-96.2,79.15555555555555,smithst01-1995
augmost01,36,3,199503030ATL-ATL,199503030ATL-DET,ATL-1995,1,1995,108,79.15555555555555,augmost01-1995
longgr01,36,3.7,199503030ATL-ATL,199503030ATL-DET,ATL-1995,1,1995,133.20000000000002,79.15555555555555,longgr01-1995
langan01,30,1.9,199503030ATL-ATL,199503030ATL-DET,ATL-1995,1,1995,57,79.15555555555555,langan01-1995
normake01,26,-2.8,199503030ATL-ATL,199503030ATL-DET,ATL-1995,1,1995,-72.8,79.15555555555555,normake01-1995
koncajo01,19,-0.8,199503030ATL-ATL,199503030ATL-DET,ATL-1995,1,1995,-15.200000000000001,79.15555555555555,koncajo01-1995
corbity01,8,1.1,199503030ATL-ATL,199503030ATL-DET,ATL-1995,1,1995,8.8,79.15555555555555,corbity01-1995
whatlen01,8,0.2,199503030ATL-ATL,199503030ATL-DET,ATL-1995,1,1995,1.6,79.15555555555555,whatlen01-1995
anderni01,45,8.2,199503050ORL-ORL,199503050ORL-ATL,ORL-1995,1,1995,368.99999999999994,84.04444444444444,anderni01-1995
hardaan01,45,-1.2,199503050ORL-ORL,199503050ORL-ATL,ORL-1995,1,1995,-54,84.04444444444444,hardaan01-1995
scottde01,45,5.1,199503050ORL-ORL,199503050ORL-ATL,ORL-1995,1,1995,229.49999999999997,84.04444444444444,scottde01-1995
onealsh01,44,5.1,199503050ORL-ORL,199503050ORL-ATL,ORL-1995,1,1995,224.39999999999998,84.04444444444444,onealsh01-1995
shawbr01,31,1.1,199503050ORL-ORL,199503050ORL-ATL,ORL-1995,1,1995,34.1,84.04444444444444,shawbr01-1995
turneje01,29,-1.6,199503050ORL-ORL,199503050ORL-ATL,ORL-1995,1,1995,-46.400000000000006,84.04444444444444,turneje01-1995
bowiean01,12,-0.6,199503050ORL-ORL,199503050ORL-ATL,ORL-1995,1,1995,-7.199999999999999,84.04444444444444,bowiean01-1995
aventan01,7,0.2,199503050ORL-ORL,199503050ORL-ATL,ORL-1995,1,1995,1.4000000000000001,84.04444444444444,aventan01-1995
rollitr01,7,0.8,199503050ORL-ORL,199503050ORL-ATL,ORL-1995,1,1995,5.6000000000000005,84.04444444444444,rollitr01-1995
augmost01,42,4.1,199503080ATL-ATL,199503080ATL-DEN,ATL-1995,1,1995,172.2,58.05833333333334,augmost01-1995
blaylmo01,38,5.7,199503080ATL-ATL,199503080ATL-DEN,ATL-1995,1,1995,216.6,58.05833333333334,blaylmo01-1995
longgr01,34,1.2,199503080ATL-ATL,199503080ATL-DEN,ATL-1995,1,1995,40.8,58.05833333333334,longgr01-1995
langan01,31,-1.7,199503080ATL-ATL,199503080ATL-DEN,ATL-1995,1,1995,-52.699999999999996,58.05833333333334,langan01-1995
normake01,26,16.1,199503080ATL-ATL,199503080ATL-DEN,ATL-1995,1,1995,418.6,58.05833333333334,normake01-1995
smithst01,24,-2.3,199503080ATL-ATL,199503080ATL-DEN,ATL-1995,1,1995,-55.199999999999996,58.05833333333334,smithst01-1995
corbity01,16,-0.2,199503080ATL-ATL,199503080ATL-DEN,ATL-1995,1,1995,-3.2,58.05833333333334,corbity01-1995
andergr01,11,-1.4,199503080ATL-ATL,199503080ATL-DEN,ATL-1995,1,1995,-15.399999999999999,58.05833333333334,andergr01-1995
whatlen01,8,-0.4,199503080ATL-ATL,199503080ATL-DEN,ATL-1995,1,1995,-3.2,58.05833333333334,whatlen01-1995
edwardo01,6,-3.2,199503080ATL-ATL,199503080ATL-DEN,ATL-1995,1,1995,-19.200000000000003,58.05833333333334,edwardo01-1995
koncajo01,2,-0.9,199503080ATL-ATL,199503080ATL-DEN,ATL-1995,1,1995,-1.8,58.05833333333334,koncajo01-1995
wileymo01,2,-0.4,199503080ATL-ATL,199503080ATL-DEN,ATL-1995,1,1995,-0.8,58.05833333333334,wileymo01-1995
blaylmo01,40,15.7,199503100ATL-ATL,199503100ATL-NYK,ATL-1995,1,1995,628,76.93636363636364,blaylmo01-1995
smithst01,33,5.5,199503100ATL-ATL,199503100ATL-NYK,ATL-1995,1,1995,181.5,76.93636363636364,smithst01-1995
langan01,31,-2,199503100ATL-ATL,199503100ATL-NYK,ATL-1995,1,1995,-62,76.93636363636364,langan01-1995
augmost01,30,-3.9,199503100ATL-ATL,199503100ATL-NYK,ATL-1995,1,1995,-117,76.93636363636364,augmost01-1995
longgr01,30,2,199503100ATL-ATL,199503100ATL-NYK,ATL-1995,1,1995,60,76.93636363636364,longgr01-1995
normake01,29,3.8,199503100ATL-ATL,199503100ATL-NYK,ATL-1995,1,1995,110.19999999999999,76.93636363636364,normake01-1995
corbity01,18,-0.7,199503100ATL-ATL,199503100ATL-NYK,ATL-1995,1,1995,-12.6,76.93636363636364,corbity01-1995
andergr01,17,1.8,199503100ATL-ATL,199503100ATL-NYK,ATL-1995,1,1995,30.6,76.93636363636364,andergr01-1995
whatlen01,8,2.6,199503100ATL-ATL,199503100ATL-NYK,ATL-1995,1,1995,20.8,76.93636363636364,whatlen01-1995
edwardo01,2,2,199503100ATL-ATL,199503100ATL-NYK,ATL-1995,1,1995,4,76.93636363636364,edwardo01-1995
wileymo01,2,1.4,199503100ATL-ATL,199503100ATL-NYK,ATL-1995,1,1995,2.8,76.93636363636364,wileymo01-1995
douglsh01,43,4.1,199503120BOS-BOS,199503120BOS-ATL,BOS-1995,0,1995,176.29999999999998,27.099999999999998,douglsh01-1995
radjadi01,41,2.3,199503120BOS-BOS,199503120BOS-ATL,BOS-1995,0,1995,94.3,27.099999999999998,radjadi01-1995
brownde01,40,-0.8,199503120BOS-BOS,199503120BOS-ATL,BOS-1995,0,1995,-32,27.099999999999998,brownde01-1995
montrer01,38,-0.8,199503120BOS-BOS,199503120BOS-ATL,BOS-1995,0,1995,-30.400000000000002,27.099999999999998,montrer01-1995
mcdanxa01,31,1.6,199503120BOS-BOS,199503120BOS-ATL,BOS-1995,0,1995,49.6,27.099999999999998,mcdanxa01-1995
wilkido01,17,-0.4,199503120BOS-BOS,199503120BOS-ATL,BOS-1995,0,1995,-6.800000000000001,27.099999999999998,wilkido01-1995
stronde01,16,-0.1,199503120BOS-BOS,199503120BOS-ATL,BOS-1995,0,1995,-1.6,27.099999999999998,stronde01-1995
foxri01,9,-0.5,199503120BOS-BOS,199503120BOS-ATL,BOS-1995,0,1995,-4.5,27.099999999999998,foxri01-1995
blackja01,5,-0.2,199503120BOS-BOS,199503120BOS-ATL,BOS-1995,0,1995,-1,27.099999999999998,blackja01-1995
blaylmo01,44,2.8,199503130ATL-ATL,199503130ATL-HOU,ATL-1995,0,1995,123.19999999999999,50.22222222222222,blaylmo01-1995
smithst01,41,5.3,199503130ATL-ATL,199503130ATL-HOU,ATL-1995,0,1995,217.29999999999998,50.22222222222222,smithst01-1995
langan01,37,0.2,199503130ATL-ATL,199503130ATL-HOU,ATL-1995,0,1995,7.4,50.22222222222222,langan01-1995
longgr01,35,4.7,199503130ATL-ATL,199503130ATL-HOU,ATL-1995,0,1995,164.5,50.22222222222222,longgr01-1995
normake01,35,0.9,199503130ATL-ATL,199503130ATL-HOU,ATL-1995,0,1995,31.5,50.22222222222222,normake01-1995
corbity01,26,-1,199503130ATL-ATL,199503130ATL-HOU,ATL-1995,0,1995,-26,50.22222222222222,corbity01-1995
andergr01,11,-3.9,199503130ATL-ATL,199503130ATL-HOU,ATL-1995,0,1995,-42.9,50.22222222222222,andergr01-1995
edwardo01,7,-3,199503130ATL-ATL,199503130ATL-HOU,ATL-1995,0,1995,-21,50.22222222222222,edwardo01-1995
whatlen01,4,-0.5,199503130ATL-ATL,199503130ATL-HOU,ATL-1995,0,1995,-2,50.22222222222222,whatlen01-1995
pippesc01,34,3.9,199503150CHI-CHI,199503150CHI-ATL,CHI-1995,1,1995,132.6,53.733333333333334,pippesc01-1995
kukocto01,33,9.2,199503150CHI-CHI,199503150CHI-ATL,CHI-1995,1,1995,303.59999999999997,53.733333333333334,kukocto01-1995
myerspe01,28,9.8,199503150CHI-CHI,199503150CHI-ATL,CHI-1995,1,1995,274.40000000000003,53.733333333333334,myerspe01-1995
armstbj01,27,-1.5,199503150CHI-CHI,199503150CHI-ATL,CHI-1995,1,1995,-40.5,53.733333333333334,armstbj01-1995
kerrst01,22,2.6,199503150CHI-CHI,199503150CHI-ATL,CHI-1995,1,1995,57.2,53.733333333333334,kerrst01-1995
longllu01,21,-4.5,199503150CHI-CHI,199503150CHI-ATL,CHI-1995,1,1995,-94.5,53.733333333333334,longllu01-1995
harpero01,19,2,199503150CHI-CHI,199503150CHI-ATL,CHI-1995,1,1995,38,53.733333333333334,harpero01-1995
buechju01,18,0.4,199503150CHI-CHI,199503150CHI-ATL,CHI-1995,1,1995,7.2,53.733333333333334,buechju01-1995
perduwi01,16,-3,199503150CHI-CHI,199503150CHI-ATL,CHI-1995,1,1995,-48,53.733333333333334,perduwi01-1995
wennibi01,11,-1.8,199503150CHI-CHI,199503150CHI-ATL,CHI-1995,1,1995,-19.8,53.733333333333334,wennibi01-1995
blounco01,9,4,199503150CHI-CHI,199503150CHI-ATL,CHI-1995,1,1995,36,53.733333333333334,blounco01-1995
simpkdi01,2,-0.7,199503150CHI-CHI,199503150CHI-ATL,CHI-1995,1,1995,-1.4,53.733333333333334,simpkdi01-1995
smithst01,42,12.5,199503180ATL-ATL,199503180ATL-PHO,ATL-1995,1,1995,525,92.19,smithst01-1995
blaylmo01,40,8.8,199503180ATL-ATL,199503180ATL-PHO,ATL-1995,1,1995,352,92.19,blaylmo01-1995
longgr01,36,3.8,199503180ATL-ATL,199503180ATL-PHO,ATL-1995,1,1995,136.79999999999998,92.19,longgr01-1995
augmost01,31,5.1,199503180ATL-ATL,199503180ATL-PHO,ATL-1995,1,1995,158.1,92.19,augmost01-1995
normake01,25,-7.6,199503180ATL-ATL,199503180ATL-PHO,ATL-1995,1,1995,-190,92.19,normake01-1995
andergr01,21,3,199503180ATL-ATL,199503180ATL-PHO,ATL-1995,1,1995,63,92.19,andergr01-1995
langan01,20,-5.1,199503180ATL-ATL,199503180ATL-PHO,ATL-1995,1,1995,-102,92.19,langan01-1995
corbity01,17,-1,199503180ATL-ATL,199503180ATL-PHO,ATL-1995,1,1995,-17,92.19,corbity01-1995
whatlen01,5,0.4,199503180ATL-ATL,199503180ATL-PHO,ATL-1995,1,1995,2,92.19,whatlen01-1995
wileymo01,3,-2,199503180ATL-ATL,199503180ATL-PHO,ATL-1995,1,1995,-6,92.19,wileymo01-1995
blaylmo01,44,11.7,199503200ATL-ATL,199503200ATL-LAC,ATL-1995,1,1995,514.8,55.3111111111111,blaylmo01-1995
smithst01,38,0.8,199503200ATL-ATL,199503200ATL-LAC,ATL-1995,1,1995,30.400000000000002,55.3111111111111,smithst01-1995
longgr01,37,1.1,199503200ATL-ATL,199503200ATL-LAC,ATL-1995,1,1995,40.7,55.3111111111111,longgr01-1995
augmost01,36,0.2,199503200ATL-ATL,199503200ATL-LAC,ATL-1995,1,1995,7.2,55.3111111111111,augmost01-1995
langan01,26,-3,199503200ATL-ATL,199503200ATL-LAC,ATL-1995,1,1995,-78,55.3111111111111,langan01-1995
normake01,23,-1.7,199503200ATL-ATL,199503200ATL-LAC,ATL-1995,1,1995,-39.1,55.3111111111111,normake01-1995
corbity01,22,1,199503200ATL-ATL,199503200ATL-LAC,ATL-1995,1,1995,22,55.3111111111111,corbity01-1995
andergr01,10,0.7,199503200ATL-ATL,199503200ATL-LAC,ATL-1995,1,1995,7,55.3111111111111,andergr01-1995
whatlen01,4,-1.8,199503200ATL-ATL,199503200ATL-LAC,ATL-1995,1,1995,-7.2,55.3111111111111,whatlen01-1995
smithst01,41,-3.5,199503220ATL-ATL,199503220ATL-MIA,ATL-1995,0,1995,-143.5,-23.618181818181814,smithst01-1995
blaylmo01,40,-11.9,199503220ATL-ATL,199503220ATL-MIA,ATL-1995,0,1995,-476,-23.618181818181814,blaylmo01-1995
augmost01,30,-3.6,199503220ATL-ATL,199503220ATL-MIA,ATL-1995,0,1995,-108,-23.618181818181814,augmost01-1995
corbity01,26,11.4,199503220ATL-ATL,199503220ATL-MIA,ATL-1995,0,1995,296.40000000000003,-23.618181818181814,corbity01-1995
longgr01,25,3.8,199503220ATL-ATL,199503220ATL-MIA,ATL-1995,0,1995,95,-23.618181818181814,longgr01-1995
andergr01,25,4.7,199503220ATL-ATL,199503220ATL-MIA,ATL-1995,0,1995,117.5,-23.618181818181814,andergr01-1995
normake01,23,0.6,199503220ATL-ATL,199503220ATL-MIA,ATL-1995,0,1995,13.799999999999999,-23.618181818181814,normake01-1995
langan01,19,-3.5,199503220ATL-ATL,199503220ATL-MIA,ATL-1995,0,1995,-66.5,-23.618181818181814,langan01-1995
whatlen01,6,2.3,199503220ATL-ATL,199503220ATL-MIA,ATL-1995,0,1995,13.799999999999999,-23.618181818181814,whatlen01-1995
koncajo01,4,-0.7,199503220ATL-ATL,199503220ATL-MIA,ATL-1995,0,1995,-2.8,-23.618181818181814,koncajo01-1995
wileymo01,1,0.5,199503220ATL-ATL,199503220ATL-MIA,ATL-1995,0,1995,0.5,-23.618181818181814,wileymo01-1995
cagemi01,42,0,199503240CLE-CLE,199503240CLE-ATL,CLE-1995,1,1995,0,49.309999999999995,cagemi01-1995
hillty01,41,7.1,199503240CLE-CLE,199503240CLE-ATL,CLE-1995,1,1995,291.09999999999997,49.309999999999995,hillty01-1995
phillbo01,34,3.1,199503240CLE-CLE,199503240CLE-ATL,CLE-1995,1,1995,105.4,49.309999999999995,phillbo01-1995
brandte01,31,9.3,199503240CLE-CLE,199503240CLE-ATL,CLE-1995,1,1995,288.3,49.309999999999995,brandte01-1995
millsch01,28,-4.5,199503240CLE-CLE,199503240CLE-ATL,CLE-1995,1,1995,-126,49.309999999999995,millsch01-1995
ferryda01,20,0.3,199503240CLE-CLE,199503240CLE-ATL,CLE-1995,1,1995,6,49.309999999999995,ferryda01-1995
pricema01,17,-3.7,199503240CLE-CLE,199503240CLE-ATL,CLE-1995,1,1995,-62.900000000000006,49.309999999999995,pricema01-1995
campbto01,15,-1.2,199503240CLE-CLE,199503240CLE-ATL,CLE-1995,1,1995,-18,49.309999999999995,campbto01-1995
dreilgr01,8,0.6,199503240CLE-CLE,199503240CLE-ATL,CLE-1995,1,1995,4.8,49.309999999999995,dreilgr01-1995
roberfr01,4,1.1,199503240CLE-CLE,199503240CLE-ATL,CLE-1995,1,1995,4.4,49.309999999999995,roberfr01-1995
blaylmo01,46,9.8,199503250ATL-ATL,199503250ATL-CHI,ATL-1995,0,1995,450.8,80.71111111111111,blaylmo01-1995
smithst01,39,-0.2,199503250ATL-ATL,199503250ATL-CHI,ATL-1995,0,1995,-7.800000000000001,80.71111111111111,smithst01-1995
augmost01,38,7.2,199503250ATL-ATL,199503250ATL-CHI,ATL-1995,0,1995,273.6,80.71111111111111,augmost01-1995
langan01,38,0.3,199503250ATL-ATL,199503250ATL-CHI,ATL-1995,0,1995,11.4,80.71111111111111,langan01-1995
longgr01,25,2.8,199503250ATL-ATL,199503250ATL-CHI,ATL-1995,0,1995,70,80.71111111111111,longgr01-1995
corbity01,22,-0.7,199503250ATL-ATL,199503250ATL-CHI,ATL-1995,0,1995,-15.399999999999999,80.71111111111111,corbity01-1995
normake01,20,-1.9,199503250ATL-ATL,199503250ATL-CHI,ATL-1995,0,1995,-38,80.71111111111111,normake01-1995
andergr01,10,-1.9,199503250ATL-ATL,199503250ATL-CHI,ATL-1995,0,1995,-19,80.71111111111111,andergr01-1995
whatlen01,2,0.4,199503250ATL-ATL,199503250ATL-CHI,ATL-1995,0,1995,0.8,80.71111111111111,whatlen01-1995
stricro02,40,4.8,199503280POR-POR,199503280POR-ATL,POR-1995,0,1995,192,39.33,stricro02-1995
robincl02,38,6.8,199503280POR-POR,199503280POR-ATL,POR-1995,0,1995,258.4,39.33,robincl02-1995
willibu01,31,-2.6,199503280POR-POR,199503280POR-ATL,POR-1995,0,1995,-80.60000000000001,39.33,willibu01-1995
kerseje01,28,6.9,199503280POR-POR,199503280POR-ATL,POR-1995,0,1995,193.20000000000002,39.33,kerseje01-1995
robinja02,25,-1.3,199503280POR-POR,199503280POR-ATL,POR-1995,0,1995,-32.5,39.33,robinja02-1995
mckieaa01,20,-8.4,199503280POR-POR,199503280POR-ATL,POR-1995,0,1995,-168,39.33,mckieaa01-1995
thorpot01,19,-2.1,199503280POR-POR,199503280POR-ATL,POR-1995,0,1995,-39.9,39.33,thorpot01-1995
grantha01,18,6.2,199503280POR-POR,199503280POR-ATL,POR-1995,0,1995,111.60000000000001,39.33,grantha01-1995
dudlech02,11,-0.9,199503280POR-POR,199503280POR-ATL,POR-1995,0,1995,-9.9,39.33,dudlech02-1995
portete01,10,-3.1,199503280POR-POR,199503280POR-ATL,POR-1995,0,1995,-31,39.33,portete01-1995
roziecl01,34,-6.5,199503300GSW-GSW,199503300GSW-ATL,GSW-1995,0,1995,-221,-25.63636363636364,roziecl01-1995
sprewla01,32,2.8,199503300GSW-GSW,199503300GSW-ATL,GSW-1995,0,1995,89.6,-25.63636363636364,sprewla01-1995
marshdo01,30,2.8,199503300GSW-GSW,199503300GSW-ATL,GSW-1995,0,1995,84,-25.63636363636364,marshdo01-1995
mullich01,27,-1.2,199503300GSW-GSW,199503300GSW-ATL,GSW-1995,0,1995,-32.4,-25.63636363636364,mullich01-1995
rogerca01,27,-4.4,199503300GSW-GSW,199503300GSW-ATL,GSW-1995,0,1995,-118.80000000000001,-25.63636363636364,rogerca01-1995
lorthry01,25,2.3,199503300GSW-GSW,199503300GSW-ATL,GSW-1995,0,1995,57.49999999999999,-25.63636363636364,lorthry01-1995
jennike01,23,-3.9,199503300GSW-GSW,199503300GSW-ATL,GSW-1995,0,1995,-89.7,-25.63636363636364,jennike01-1995
gatlich01,22,-2.6,199503300GSW-GSW,199503300GSW-ATL,GSW-1995,0,1995,-57.2,-25.63636363636364,gatlich01-1995
mortodw01,12,0.8,199503300GSW-GSW,199503300GSW-ATL,GSW-1995,0,1995,9.600000000000001,-25.63636363636364,mortodw01-1995
legleti01,4,-0.2,199503300GSW-GSW,199503300GSW-ATL,GSW-1995,0,1995,-0.8,-25.63636363636364,legleti01-1995
woodda01,4,-0.7,199503300GSW-GSW,199503300GSW-ATL,GSW-1995,0,1995,-2.8,-25.63636363636364,woodda01-1995
divacvl01,39,3.8,199503310LAL-LAL,199503310LAL-ATL,LAL-1995,1,1995,148.2,63.55,divacvl01-1995
vanexni01,34,2.6,199503310LAL-LAL,199503310LAL-ATL,LAL-1995,1,1995,88.4,63.55,vanexni01-1995
cebalce01,32,6.1,199503310LAL-LAL,199503310LAL-ATL,LAL-1995,1,1995,195.2,63.55,cebalce01-1995
peelean01,32,2.2,199503310LAL-LAL,199503310LAL-ATL,LAL-1995,1,1995,70.4,63.55,peelean01-1995
jonesed02,30,3.2,199503310LAL-LAL,199503310LAL-ATL,LAL-1995,1,1995,96,63.55,jonesed02-1995
bowiesa01,26,0,199503310LAL-LAL,199503310LAL-ATL,LAL-1995,1,1995,0,63.55,bowiesa01-1995
threase01,17,3.9,199503310LAL-LAL,199503310LAL-ATL,LAL-1995,1,1995,66.3,63.55,threase01-1995
campbel01,15,-0.7,199503310LAL-LAL,199503310LAL-ATL,LAL-1995,1,1995,-10.5,63.55,campbel01-1995
daniell01,10,-2.7,199503310LAL-LAL,199503310LAL-ATL,LAL-1995,1,1995,-27,63.55,daniell01-1995
millean01,5,1.7,199503310LAL-LAL,199503310LAL-ATL,LAL-1995,1,1995,8.5,63.55,millean01-1995
paytoga01,39,3.3,199504020SEA-SEA,199504020SEA-ATL,SEA-1995,1,1995,128.7,88.77,paytoga01-1995
schrede01,34,4.8,199504020SEA-SEA,199504020SEA-ATL,SEA-1995,1,1995,163.2,88.77,schrede01-1995
kempsh01,32,8.5,199504020SEA-SEA,199504020SEA-ATL,SEA-1995,1,1995,272,88.77,kempsh01-1995
marcisa01,31,2.7,199504020SEA-SEA,199504020SEA-ATL,SEA-1995,1,1995,83.7,88.77,marcisa01-1995
gillke01,29,-1.6,199504020SEA-SEA,199504020SEA-ATL,SEA-1995,1,1995,-46.400000000000006,88.77,gillke01-1995
mcmilna01,27,8.6,199504020SEA-SEA,199504020SEA-ATL,SEA-1995,1,1995,232.2,88.77,mcmilna01-1995
perkisa01,24,5.9,199504020SEA-SEA,199504020SEA-ATL,SEA-1995,1,1995,141.60000000000002,88.77,perkisa01-1995
johnser02,19,-4.6,199504020SEA-SEA,199504020SEA-ATL,SEA-1995,1,1995,-87.39999999999999,88.77,johnser02-1995
houstby01,3,-0.9,199504020SEA-SEA,199504020SEA-ATL,SEA-1995,1,1995,-2.7,88.77,houstby01-1995
schefst01,2,1.4,199504020SEA-SEA,199504020SEA-ATL,SEA-1995,1,1995,2.8,88.77,schefst01-1995
blaylmo01,40,2.7,199504050ATL-ATL,199504050ATL-CLE,ATL-1995,1,1995,108,69.09,blaylmo01-1995
augmost01,35,6,199504050ATL-ATL,199504050ATL-CLE,ATL-1995,1,1995,210,69.09,augmost01-1995
longgr01,34,0.5,199504050ATL-ATL,199504050ATL-CLE,ATL-1995,1,1995,17,69.09,longgr01-1995
smithst01,34,3.9,199504050ATL-ATL,199504050ATL-CLE,ATL-1995,1,1995,132.6,69.09,smithst01-1995
langan01,33,5.5,199504050ATL-ATL,199504050ATL-CLE,ATL-1995,1,1995,181.5,69.09,langan01-1995
ehlocr01,26,3.9,199504050ATL-ATL,199504050ATL-CLE,ATL-1995,1,1995,101.39999999999999,69.09,ehlocr01-1995
corbity01,16,-1.2,199504050ATL-ATL,199504050ATL-CLE,ATL-1995,1,1995,-19.2,69.09,corbity01-1995
andergr01,13,-1.8,199504050ATL-ATL,199504050ATL-CLE,ATL-1995,1,1995,-23.400000000000002,69.09,andergr01-1995
whatlen01,8,-2.2,199504050ATL-ATL,199504050ATL-CLE,ATL-1995,1,1995,-17.6,69.09,whatlen01-1995
edwardo01,1,0.6,199504050ATL-ATL,199504050ATL-CLE,ATL-1995,1,1995,0.6,69.09,edwardo01-1995
langan01,36,2,199504070ATL-ATL,199504070ATL-IND,ATL-1995,1,1995,72,56.481818181818184,langan01-1995
blaylmo01,33,15,199504070ATL-ATL,199504070ATL-IND,ATL-1995,1,1995,495,56.481818181818184,blaylmo01-1995
augmost01,32,-3.1,199504070ATL-ATL,199504070ATL-IND,ATL-1995,1,1995,-99.2,56.481818181818184,augmost01-1995
smithst01,31,9.3,199504070ATL-ATL,199504070ATL-IND,ATL-1995,1,1995,288.3,56.481818181818184,smithst01-1995
longgr01,29,-3.9,199504070ATL-ATL,199504070ATL-IND,ATL-1995,1,1995,-113.1,56.481818181818184,longgr01-1995
ehlocr01,26,-3.6,199504070ATL-ATL,199504070ATL-IND,ATL-1995,1,1995,-93.60000000000001,56.481818181818184,ehlocr01-1995
corbity01,22,3.1,199504070ATL-ATL,199504070ATL-IND,ATL-1995,1,1995,68.2,56.481818181818184,corbity01-1995
whatlen01,15,0.9,199504070ATL-ATL,199504070ATL-IND,ATL-1995,1,1995,13.5,56.481818181818184,whatlen01-1995
andergr01,9,-1.7,199504070ATL-ATL,199504070ATL-IND,ATL-1995,1,1995,-15.299999999999999,56.481818181818184,andergr01-1995
edwardo01,4,-0.2,199504070ATL-ATL,199504070ATL-IND,ATL-1995,1,1995,-0.8,56.481818181818184,edwardo01-1995
koncajo01,3,2.1,199504070ATL-ATL,199504070ATL-IND,ATL-1995,1,1995,6.300000000000001,56.481818181818184,koncajo01-1995
bakervi01,47,4.8,199504090MIL-MIL,199504090MIL-ATL,MIL-1995,1,1995,225.6,74.96666666666667,bakervi01-1995
robingl01,41,8.1,199504090MIL-MIL,199504090MIL-ATL,MIL-1995,1,1995,332.09999999999997,74.96666666666667,robingl01-1995
murdoer01,33,4.3,199504090MIL-MIL,199504090MIL-ATL,MIL-1995,1,1995,141.9,74.96666666666667,murdoer01-1995
dayto01,31,-2.2,199504090MIL-MIL,199504090MIL-ATL,MIL-1995,1,1995,-68.2,74.96666666666667,dayto01-1995
newmajo01,26,9.1,199504090MIL-MIL,199504090MIL-ATL,MIL-1995,1,1995,236.6,74.96666666666667,newmajo01-1995
conloma01,18,-2,199504090MIL-MIL,199504090MIL-ATL,MIL-1995,1,1995,-36,74.96666666666667,conloma01-1995
maybele01,15,-3.6,199504090MIL-MIL,199504090MIL-ATL,MIL-1995,1,1995,-54,74.96666666666667,maybele01-1995
mobleer01,15,-2.5,199504090MIL-MIL,199504090MIL-ATL,MIL-1995,1,1995,-37.5,74.96666666666667,mobleer01-1995
barryjo01,14,-4.7,199504090MIL-MIL,199504090MIL-ATL,MIL-1995,1,1995,-65.8,74.96666666666667,barryjo01-1995
barroda01,52,9,199504110PHI-PHI,199504110PHI-ATL,PHI-1995,0,1995,468,36.01111111111111,barroda01-1995
bradlsh01,47,0.4,199504110PHI-PHI,199504110PHI-ATL,PHI-1995,0,1995,18.8,36.01111111111111,bradlsh01-1995
weathcl01,46,0.9,199504110PHI-PHI,199504110PHI-ATL,PHI-1995,0,1995,41.4,36.01111111111111,weathcl01-1995
gaineco01,39,-4.1,199504110PHI-PHI,199504110PHI-ATL,PHI-1995,0,1995,-159.89999999999998,36.01111111111111,gaineco01-1995
wrighsh01,28,0.9,199504110PHI-PHI,199504110PHI-ATL,PHI-1995,0,1995,25.2,36.01111111111111,wrighsh01-1995
willisc01,21,-0.2,199504110PHI-PHI,199504110PHI-ATL,PHI-1995,0,1995,-4.2,36.01111111111111,willisc01-1995
grahagr01,16,-3.8,199504110PHI-PHI,199504110PHI-ATL,PHI-1995,0,1995,-60.8,36.01111111111111,grahagr01-1995
alstode01,14,-0.5,199504110PHI-PHI,199504110PHI-ATL,PHI-1995,0,1995,-7,36.01111111111111,alstode01-1995
perryti01,2,1.3,199504110PHI-PHI,199504110PHI-ATL,PHI-1995,0,1995,2.6,36.01111111111111,perryti01-1995
longgr01,39,-8,199504120ATL-ATL,199504120ATL-WSB,ATL-1995,1,1995,-312,24.688888888888886,longgr01-1995
augmost01,35,6.1,199504120ATL-ATL,199504120ATL-WSB,ATL-1995,1,1995,213.5,24.688888888888886,augmost01-1995
smithst01,35,2.9,199504120ATL-ATL,199504120ATL-WSB,ATL-1995,1,1995,101.5,24.688888888888886,smithst01-1995
whatlen01,35,3.6,199504120ATL-ATL,199504120ATL-WSB,ATL-1995,1,1995,126,24.688888888888886,whatlen01-1995
langan01,34,-2.1,199504120ATL-ATL,199504120ATL-WSB,ATL-1995,1,1995,-71.4,24.688888888888886,langan01-1995
ehlocr01,26,5.1,199504120ATL-ATL,199504120ATL-WSB,ATL-1995,1,1995,132.6,24.688888888888886,ehlocr01-1995
corbity01,16,0.5,199504120ATL-ATL,199504120ATL-WSB,ATL-1995,1,1995,8,24.688888888888886,corbity01-1995
andergr01,12,1.2,199504120ATL-ATL,199504120ATL-WSB,ATL-1995,1,1995,14.399999999999999,24.688888888888886,andergr01-1995
edwardo01,8,1.2,199504120ATL-ATL,199504120ATL-WSB,ATL-1995,1,1995,9.6,24.688888888888886,edwardo01-1995
phillbo01,44,3.2,199504140CLE-CLE,199504140CLE-ATL,CLE-1995,1,1995,140.8,77.025,phillbo01-1995
hillty01,41,-3.8,199504140CLE-CLE,199504140CLE-ATL,CLE-1995,1,1995,-155.79999999999998,77.025,hillty01-1995
williho01,39,7.5,199504140CLE-CLE,199504140CLE-ATL,CLE-1995,1,1995,292.5,77.025,williho01-1995
coltest01,37,2.6,199504140CLE-CLE,199504140CLE-ATL,CLE-1995,1,1995,96.2,77.025,coltest01-1995
campbto01,28,2.7,199504140CLE-CLE,199504140CLE-ATL,CLE-1995,1,1995,75.60000000000001,77.025,campbto01-1995
ferryda01,24,6.9,199504140CLE-CLE,199504140CLE-ATL,CLE-1995,1,1995,165.60000000000002,77.025,ferryda01-1995
cagemi01,16,0.7,199504140CLE-CLE,199504140CLE-ATL,CLE-1995,1,1995,11.2,77.025,cagemi01-1995
battljo01,11,-0.9,199504140CLE-CLE,199504140CLE-ATL,CLE-1995,1,1995,-9.9,77.025,battljo01-1995
johnsla02,43,-0.2,199504160CHH-CHH,199504160CHH-ATL,CHH-1995,0,1995,-8.6,43.61,johnsla02-1995
mournal01,43,4,199504160CHH-CHH,199504160CHH-ATL,CHH-1995,0,1995,172,43.61,mournal01-1995
hawkihe01,36,7,199504160CHH-CHH,199504160CHH-ATL,CHH-1995,0,1995,252,43.61,hawkihe01-1995
suttogr01,32,5.1,199504160CHH-CHH,199504160CHH-ATL,CHH-1995,0,1995,163.2,43.61,suttogr01-1995
gattike01,26,-7.4,199504160CHH-CHH,199504160CHH-ATL,CHH-1995,0,1995,-192.4,43.61,gattike01-1995
hancoda01,18,0.1,199504160CHH-CHH,199504160CHH-ATL,CHH-1995,0,1995,1.8,43.61,hancoda01-1995
curryde01,17,4.5,199504160CHH-CHH,199504160CHH-ATL,CHH-1995,0,1995,76.5,43.61,curryde01-1995
adamsmi01,10,-2.3,199504160CHH-CHH,199504160CHH-ATL,CHH-1995,0,1995,-23,43.61,adamsmi01-1995
parisro01,9,0.4,199504160CHH-CHH,199504160CHH-ATL,CHH-1995,0,1995,3.6,43.61,parisro01-1995
boguemu01,6,-1.5,199504160CHH-CHH,199504160CHH-ATL,CHH-1995,0,1995,-9,43.61,boguemu01-1995
gilliar01,42,2.5,199504190NJN-NJN,199504190NJN-ATL,NJN-1995,0,1995,105,15.91,gilliar01-1995
brownpj01,37,1.4,199504190NJN-NJN,199504190NJN-ATL,NJN-1995,0,1995,51.8,15.91,brownpj01-1995
anderke01,36,-0.3,199504190NJN-NJN,199504190NJN-ATL,NJN-1995,0,1995,-10.799999999999999,15.91,anderke01-1995
mahorri01,31,-1.1,199504190NJN-NJN,199504190NJN-ATL,NJN-1995,0,1995,-34.1,15.91,mahorri01-1995
morrich01,21,-0.5,199504190NJN-NJN,199504190NJN-ATL,NJN-1995,0,1995,-10.5,15.91,morrich01-1995
childch01,20,3.7,199504190NJN-NJN,199504190NJN-ATL,NJN-1995,0,1995,74,15.91,childch01-1995
waltere01,19,0.7,199504190NJN-NJN,199504190NJN-ATL,NJN-1995,0,1995,13.299999999999999,15.91,waltere01-1995
higgise01,16,-1.7,199504190NJN-NJN,199504190NJN-ATL,NJN-1995,0,1995,-27.2,15.91,higgise01-1995
schindw01,12,0.2,199504190NJN-NJN,199504190NJN-ATL,NJN-1995,0,1995,2.4000000000000004,15.91,schindw01-1995
floydsl01,6,-0.8,199504190NJN-NJN,199504190NJN-ATL,NJN-1995,0,1995,-4.800000000000001,15.91,floydsl01-1995
blaylmo01,34,7.1,199504210ATL-ATL,199504210ATL-DET,ATL-1995,1,1995,241.39999999999998,41.86363636363636,blaylmo01-1995
smithst01,29,5.3,199504210ATL-ATL,199504210ATL-DET,ATL-1995,1,1995,153.7,41.86363636363636,smithst01-1995
langan01,28,0.5,199504210ATL-ATL,199504210ATL-DET,ATL-1995,1,1995,14,41.86363636363636,langan01-1995
longgr01,27,1.3,199504210ATL-ATL,199504210ATL-DET,ATL-1995,1,1995,35.1,41.86363636363636,longgr01-1995
corbity01,26,0.3,199504210ATL-ATL,199504210ATL-DET,ATL-1995,1,1995,7.8,41.86363636363636,corbity01-1995
ehlocr01,25,-3.3,199504210ATL-ATL,199504210ATL-DET,ATL-1995,1,1995,-82.5,41.86363636363636,ehlocr01-1995
normake01,24,-0.2,199504210ATL-ATL,199504210ATL-DET,ATL-1995,1,1995,-4.800000000000001,41.86363636363636,normake01-1995
andergr01,18,7.3,199504210ATL-ATL,199504210ATL-DET,ATL-1995,1,1995,131.4,41.86363636363636,andergr01-1995
whatlen01,14,-1.9,199504210ATL-ATL,199504210ATL-DET,ATL-1995,1,1995,-26.599999999999998,41.86363636363636,whatlen01-1995
edwardo01,9,-0.6,199504210ATL-ATL,199504210ATL-DET,ATL-1995,1,1995,-5.3999999999999995,41.86363636363636,edwardo01-1995
koncajo01,6,-0.6,199504210ATL-ATL,199504210ATL-DET,ATL-1995,1,1995,-3.5999999999999996,41.86363636363636,koncajo01-1995
ferredu01,24,2.7,199504230IND-IND,199504230IND-ATL,IND-1995,1,1995,64.80000000000001,35.733333333333334,ferredu01-1995
scottby01,24,5.7,199504230IND-IND,199504230IND-ATL,IND-1995,1,1995,136.8,35.733333333333334,scottby01-1995
mckeyde01,23,-9.8,199504230IND-IND,199504230IND-ATL,IND-1995,1,1995,-225.4,35.733333333333334,mckeyde01-1995
millere01,22,12.1,199504230IND-IND,199504230IND-ATL,IND-1995,1,1995,266.2,35.733333333333334,millere01-1995
davisan01,22,-2.4,199504230IND-IND,199504230IND-ATL,IND-1995,1,1995,-52.8,35.733333333333334,davisan01-1995
davisda01,21,3.9,199504230IND-IND,199504230IND-ATL,IND-1995,1,1995,81.89999999999999,35.733333333333334,davisda01-1995
mitchsa01,20,5.9,199504230IND-IND,199504230IND-ATL,IND-1995,1,1995,118,35.733333333333334,mitchsa01-1995
flemive01,19,1.7,199504230IND-IND,199504230IND-ATL,IND-1995,1,1995,32.3,35.733333333333334,flemive01-1995
jacksma01,18,4.5,199504230IND-IND,199504230IND-ATL,IND-1995,1,1995,81,35.733333333333334,jacksma01-1995
kitegr01,17,1.2,199504230IND-IND,199504230IND-ATL,IND-1995,1,1995,20.4,35.733333333333334,kitegr01-1995
smitsri01,16,-2.4,199504230IND-IND,199504230IND-ATL,IND-1995,1,1995,-38.4,35.733333333333334,smitsri01-1995
workmha01,14,-4,199504230IND-IND,199504230IND-ATL,IND-1995,1,1995,-56,35.733333333333334,workmha01-1995
jacksma01,38,11.7,199411040ATL-IND,199411040ATL-ATL,IND-1995,1,1995,444.59999999999997,35.78181818181818,jacksma01-1995
mckeyde01,37,-5.8,199411040ATL-IND,199411040ATL-ATL,IND-1995,1,1995,-214.6,35.78181818181818,mckeyde01-1995
davisda01,31,2.1,199411040ATL-IND,199411040ATL-ATL,IND-1995,1,1995,65.10000000000001,35.78181818181818,davisda01-1995
millere01,31,2.4,199411040ATL-IND,199411040ATL-ATL,IND-1995,1,1995,74.39999999999999,35.78181818181818,millere01-1995
davisan01,21,-3.2,199411040ATL-IND,199411040ATL-ATL,IND-1995,1,1995,-67.2,35.78181818181818,davisan01-1995
smitsri01,18,4.6,199411040ATL-IND,199411040ATL-ATL,IND-1995,1,1995,82.8,35.78181818181818,smitsri01-1995
scottby01,18,3.7,199411040ATL-IND,199411040ATL-ATL,IND-1995,1,1995,66.60000000000001,35.78181818181818,scottby01-1995
mitchsa01,15,-3.5,199411040ATL-IND,199411040ATL-ATL,IND-1995,1,1995,-52.5,35.78181818181818,mitchsa01-1995
thompla01,13,-1.7,199411040ATL-IND,199411040ATL-ATL,IND-1995,1,1995,-22.099999999999998,35.78181818181818,thompla01-1995
workmha01,11,1.5,199411040ATL-IND,199411040ATL-ATL,IND-1995,1,1995,16.5,35.78181818181818,workmha01-1995
ferredu01,7,0,199411040ATL-IND,199411040ATL-ATL,IND-1995,1,1995,0,35.78181818181818,ferredu01-1995
hillgr01,45,2.4,199411050ATL-DET,199411050ATL-ATL,DET-1995,1,1995,108,29.775,hillgr01-1995
milleol01,39,3.6,199411050ATL-DET,199411050ATL-ATL,DET-1995,1,1995,140.4,29.775,milleol01-1995
dumarjo01,35,-0.5,199411050ATL-DET,199411050ATL-ATL,DET-1995,1,1995,-17.5,29.775,dumarjo01-1995
dawkijo01,31,3.4,199411050ATL-DET,199411050ATL-ATL,DET-1995,1,1995,105.39999999999999,29.775,dawkijo01-1995
millste01,29,1.2,199411050ATL-DET,199411050ATL-ATL,DET-1995,1,1995,34.8,29.775,millste01-1995
hunteli01,22,-3.6,199411050ATL-DET,199411050ATL-ATL,DET-1995,1,1995,-79.2,29.775,hunteli01-1995
curlebi01,21,-1.6,199411050ATL-DET,199411050ATL-ATL,DET-1995,1,1995,-33.6,29.775,curlebi01-1995
maconma01,16,7.6,199411050ATL-DET,199411050ATL-ATL,DET-1995,1,1995,121.6,29.775,maconma01-1995
westma01,14,-0.4,199411050ATL-DET,199411050ATL-ATL,DET-1995,1,1995,-5.6000000000000005,29.775,westma01-1995
addisra01,8,-1.1,199411050ATL-DET,199411050ATL-ATL,DET-1995,1,1995,-8.8,29.775,addisra01-1995
leckner01,3,-2,199411050ATL-DET,199411050ATL-ATL,DET-1995,1,1995,-6,29.775,leckner01-1995
houstal01,2,-1.1,199411050ATL-DET,199411050ATL-ATL,DET-1995,1,1995,-2.2,29.775,houstal01-1995
langan01,39,1,199411070UTA-ATL,199411070UTA-UTA,ATL-1995,0,1995,39,15.37,langan01-1995
augmost01,36,1.7,199411070UTA-ATL,199411070UTA-UTA,ATL-1995,0,1995,61.199999999999996,15.37,augmost01-1995
koncajo01,35,5.7,199411070UTA-ATL,199411070UTA-UTA,ATL-1995,0,1995,199.5,15.37,koncajo01-1995
blaylmo01,34,-3.6,199411070UTA-ATL,199411070UTA-UTA,ATL-1995,0,1995,-122.4,15.37,blaylmo01-1995
normake01,31,1.5,199411070UTA-ATL,199411070UTA-UTA,ATL-1995,0,1995,46.5,15.37,normake01-1995
corbity01,23,2.1,199411070UTA-ATL,199411070UTA-UTA,ATL-1995,0,1995,48.300000000000004,15.37,corbity01-1995
lesji01,14,-1.4,199411070UTA-ATL,199411070UTA-UTA,ATL-1995,0,1995,-19.599999999999998,15.37,lesji01-1995
edwardo01,13,-3.4,199411070UTA-ATL,199411070UTA-UTA,ATL-1995,0,1995,-44.199999999999996,15.37,edwardo01-1995
vinsofr01,12,-4.5,199411070UTA-ATL,199411070UTA-UTA,ATL-1995,0,1995,-54,15.37,vinsofr01-1995
hovasto01,3,-0.2,199411070UTA-ATL,199411070UTA-UTA,ATL-1995,0,1995,-0.6000000000000001,15.37,hovasto01-1995
smithst01,39,3.3,199411090PHO-ATL,199411090PHO-PHO,ATL-1995,0,1995,128.7,22.88888888888889,smithst01-1995
augmost01,36,-0.2,199411090PHO-ATL,199411090PHO-PHO,ATL-1995,0,1995,-7.2,22.88888888888889,augmost01-1995
blaylmo01,36,-1.8,199411090PHO-ATL,199411090PHO-PHO,ATL-1995,0,1995,-64.8,22.88888888888889,blaylmo01-1995
normake01,36,2,199411090PHO-ATL,199411090PHO-PHO,ATL-1995,0,1995,72,22.88888888888889,normake01-1995
langan01,35,0.3,199411090PHO-ATL,199411090PHO-PHO,ATL-1995,0,1995,10.5,22.88888888888889,langan01-1995
corbity01,20,0.6,199411090PHO-ATL,199411090PHO-PHO,ATL-1995,0,1995,12,22.88888888888889,corbity01-1995
longgr01,20,1,199411090PHO-ATL,199411090PHO-PHO,ATL-1995,0,1995,20,22.88888888888889,longgr01-1995
bazarse01,12,3.4,199411090PHO-ATL,199411090PHO-PHO,ATL-1995,0,1995,40.8,22.88888888888889,bazarse01-1995
koncajo01,6,-1,199411090PHO-ATL,199411090PHO-PHO,ATL-1995,0,1995,-6,22.88888888888889,koncajo01-1995
smithst01,39,2.7,199411100LAC-ATL,199411100LAC-LAC,ATL-1995,1,1995,105.30000000000001,48.300000000000004,smithst01-1995
augmost01,35,6.7,199411100LAC-ATL,199411100LAC-LAC,ATL-1995,1,1995,234.5,48.300000000000004,augmost01-1995
longgr01,34,-0.9,199411100LAC-ATL,199411100LAC-LAC,ATL-1995,1,1995,-30.6,48.300000000000004,longgr01-1995
blaylmo01,33,5.3,199411100LAC-ATL,199411100LAC-LAC,ATL-1995,1,1995,174.9,48.300000000000004,blaylmo01-1995
langan01,28,6.4,199411100LAC-ATL,199411100LAC-LAC,ATL-1995,1,1995,179.20000000000002,48.300000000000004,langan01-1995
normake01,23,-4.2,199411100LAC-ATL,199411100LAC-LAC,ATL-1995,1,1995,-96.60000000000001,48.300000000000004,normake01-1995
koncajo01,19,-1.6,199411100LAC-ATL,199411100LAC-LAC,ATL-1995,1,1995,-30.400000000000002,48.300000000000004,koncajo01-1995
bazarse01,15,-1.8,199411100LAC-ATL,199411100LAC-LAC,ATL-1995,1,1995,-27,48.300000000000004,bazarse01-1995
corbity01,11,2,199411100LAC-ATL,199411100LAC-LAC,ATL-1995,1,1995,22,48.300000000000004,corbity01-1995
vinsofr01,2,0,199411100LAC-ATL,199411100LAC-LAC,ATL-1995,1,1995,0,48.300000000000004,vinsofr01-1995
edwardo01,1,0,199411100LAC-ATL,199411100LAC-LAC,ATL-1995,1,1995,0,48.300000000000004,edwardo01-1995
longgr01,40,4.1,199411120SAC-ATL,199411120SAC-SAC,ATL-1995,0,1995,164,13.888888888888882,longgr01-1995
blaylmo01,36,4.3,199411120SAC-ATL,199411120SAC-SAC,ATL-1995,0,1995,154.79999999999998,13.888888888888882,blaylmo01-1995
smithst01,36,-6.7,199411120SAC-ATL,199411120SAC-SAC,ATL-1995,0,1995,-241.20000000000002,13.888888888888882,smithst01-1995
langan01,32,2.4,199411120SAC-ATL,199411120SAC-SAC,ATL-1995,0,1995,76.8,13.888888888888882,langan01-1995
normake01,30,2.5,199411120SAC-ATL,199411120SAC-SAC,ATL-1995,0,1995,75,13.888888888888882,normake01-1995
augmost01,29,-5.9,199411120SAC-ATL,199411120SAC-SAC,ATL-1995,0,1995,-171.10000000000002,13.888888888888882,augmost01-1995
edwardo01,15,3.1,199411120SAC-ATL,199411120SAC-SAC,ATL-1995,0,1995,46.5,13.888888888888882,edwardo01-1995
bazarse01,13,1.9,199411120SAC-ATL,199411120SAC-SAC,ATL-1995,0,1995,24.7,13.888888888888882,bazarse01-1995
koncajo01,9,-0.5,199411120SAC-ATL,199411120SAC-SAC,ATL-1995,0,1995,-4.5,13.888888888888882,koncajo01-1995
stronde01,32,5.5,199411150ATL-BOS,199411150ATL-ATL,BOS-1995,0,1995,176,5.009090909090911,stronde01-1995
wilkido01,31,-2,199411150ATL-BOS,199411150ATL-ATL,BOS-1995,0,1995,-62,5.009090909090911,wilkido01-1995
brownde01,30,0.4,199411150ATL-BOS,199411150ATL-ATL,BOS-1995,0,1995,12,5.009090909090911,brownde01-1995
foxri01,29,7,199411150ATL-BOS,199411150ATL-ATL,BOS-1995,0,1995,203,5.009090909090911,foxri01-1995
mcdanxa01,29,-3.3,199411150ATL-BOS,199411150ATL-ATL,BOS-1995,0,1995,-95.69999999999999,5.009090909090911,mcdanxa01-1995
radjadi01,20,-6.1,199411150ATL-BOS,199411150ATL-ATL,BOS-1995,0,1995,-122,5.009090909090911,radjadi01-1995
edwarbl01,19,-3.4,199411150ATL-BOS,199411150ATL-ATL,BOS-1995,0,1995,-64.6,5.009090909090911,edwarbl01-1995
wesleda01,18,0.2,199411150ATL-BOS,199411150ATL-ATL,BOS-1995,0,1995,3.6,5.009090909090911,wesleda01-1995
montrer01,16,-2.5,199411150ATL-BOS,199411150ATL-ATL,BOS-1995,0,1995,-40,5.009090909090911,montrer01-1995
minorgr01,12,3.9,199411150ATL-BOS,199411150ATL-ATL,BOS-1995,0,1995,46.8,5.009090909090911,minorgr01-1995
earlac01,4,-0.5,199411150ATL-BOS,199411150ATL-ATL,BOS-1995,0,1995,-2,5.009090909090911,earlac01-1995
bakervi01,46,0.7,199411180ATL-MIL,199411180ATL-ATL,MIL-1995,1,1995,32.199999999999996,51.12222222222223,bakervi01-1995
maybele01,43,5.2,199411180ATL-MIL,199411180ATL-ATL,MIL-1995,1,1995,223.6,51.12222222222223,maybele01-1995
robingl01,40,-1.6,199411180ATL-MIL,199411180ATL-ATL,MIL-1995,1,1995,-64,51.12222222222223,robingl01-1995
newmajo01,34,1.6,199411180ATL-MIL,199411180ATL-ATL,MIL-1995,1,1995,54.400000000000006,51.12222222222223,newmajo01-1995
dayto01,33,9.3,199411180ATL-MIL,199411180ATL-ATL,MIL-1995,1,1995,306.90000000000003,51.12222222222223,dayto01-1995
listeal01,25,2.2,199411180ATL-MIL,199411180ATL-ATL,MIL-1995,1,1995,55.00000000000001,51.12222222222223,listeal01-1995
conloma01,21,-6.4,199411180ATL-MIL,199411180ATL-ATL,MIL-1995,1,1995,-134.4,51.12222222222223,conloma01-1995
pincked01,13,-2.2,199411180ATL-MIL,199411180ATL-ATL,MIL-1995,1,1995,-28.6,51.12222222222223,pincked01-1995
youngda01,10,1.5,199411180ATL-MIL,199411180ATL-ATL,MIL-1995,1,1995,15,51.12222222222223,youngda01-1995
blaylmo01,39,-5.3,199411190NYK-ATL,199411190NYK-NYK,ATL-1995,0,1995,-206.7,21.080000000000002,blaylmo01-1995
smithst01,39,10.6,199411190NYK-ATL,199411190NYK-NYK,ATL-1995,0,1995,413.4,21.080000000000002,smithst01-1995
langan01,36,0.8,199411190NYK-ATL,199411190NYK-NYK,ATL-1995,0,1995,28.8,21.080000000000002,langan01-1995
longgr01,35,-2.2,199411190NYK-ATL,199411190NYK-NYK,ATL-1995,0,1995,-77,21.080000000000002,longgr01-1995
augmost01,33,5.8,199411190NYK-ATL,199411190NYK-NYK,ATL-1995,0,1995,191.4,21.080000000000002,augmost01-1995
corbity01,24,-4.6,199411190NYK-ATL,199411190NYK-NYK,ATL-1995,0,1995,-110.39999999999999,21.080000000000002,corbity01-1995
normake01,14,-2.3,199411190NYK-ATL,199411190NYK-NYK,ATL-1995,0,1995,-32.199999999999996,21.080000000000002,normake01-1995
koncajo01,12,1.2,199411190NYK-ATL,199411190NYK-NYK,ATL-1995,0,1995,14.399999999999999,21.080000000000002,koncajo01-1995
vinsofr01,5,-2.6,199411190NYK-ATL,199411190NYK-NYK,ATL-1995,0,1995,-13,21.080000000000002,vinsofr01-1995
edwardo01,3,0.7,199411190NYK-ATL,199411190NYK-NYK,ATL-1995,0,1995,2.0999999999999996,21.080000000000002,edwardo01-1995
burtowi01,38,0,199411220ATL-PHI,199411220ATL-ATL,PHI-1995,0,1995,0,23.24,burtowi01-1995
barroda01,34,5.2,199411220ATL-PHI,199411220ATL-ATL,PHI-1995,0,1995,176.8,23.24,barroda01-1995
weathcl01,33,-0.2,199411220ATL-PHI,199411220ATL-ATL,PHI-1995,0,1995,-6.6000000000000005,23.24,weathcl01-1995
malonje01,32,-0.2,199411220ATL-PHI,199411220ATL-ATL,PHI-1995,0,1995,-6.4,23.24,malonje01-1995
bradlsh01,28,4.3,199411220ATL-PHI,199411220ATL-ATL,PHI-1995,0,1995,120.39999999999999,23.24,bradlsh01-1995
perryti01,21,0.6,199411220ATL-PHI,199411220ATL-ATL,PHI-1995,0,1995,12.6,23.24,perryti01-1995
jacksja01,20,-2.2,199411220ATL-PHI,199411220ATL-ATL,PHI-1995,0,1995,-44,23.24,jacksja01-1995
willisc01,20,-2.7,199411220ATL-PHI,199411220ATL-ATL,PHI-1995,0,1995,-54,23.24,willisc01-1995
tylerbj01,10,4,199411220ATL-PHI,199411220ATL-ATL,PHI-1995,0,1995,40,23.24,tylerbj01-1995
grahagr01,4,-1.6,199411220ATL-PHI,199411220ATL-ATL,PHI-1995,0,1995,-6.4,23.24,grahagr01-1995
langan01,42,1.7,199411230MIN-ATL,199411230MIN-MIN,ATL-1995,1,1995,71.39999999999999,69.61,langan01-1995
blaylmo01,39,-0.3,199411230MIN-ATL,199411230MIN-MIN,ATL-1995,1,1995,-11.7,69.61,blaylmo01-1995
longgr01,39,2.4,199411230MIN-ATL,199411230MIN-MIN,ATL-1995,1,1995,93.6,69.61,longgr01-1995
smithst01,38,9.4,199411230MIN-ATL,199411230MIN-MIN,ATL-1995,1,1995,357.2,69.61,smithst01-1995
augmost01,37,7.3,199411230MIN-ATL,199411230MIN-MIN,ATL-1995,1,1995,270.09999999999997,69.61,augmost01-1995
normake01,15,-2.3,199411230MIN-ATL,199411230MIN-MIN,ATL-1995,1,1995,-34.5,69.61,normake01-1995
corbity01,14,-2.4,199411230MIN-ATL,199411230MIN-MIN,ATL-1995,1,1995,-33.6,69.61,corbity01-1995
bazarse01,6,-0.3,199411230MIN-ATL,199411230MIN-MIN,ATL-1995,1,1995,-1.7999999999999998,69.61,bazarse01-1995
koncajo01,6,-1.3,199411230MIN-ATL,199411230MIN-MIN,ATL-1995,1,1995,-7.800000000000001,69.61,koncajo01-1995
edwardo01,4,-1.7,199411230MIN-ATL,199411230MIN-MIN,ATL-1995,1,1995,-6.8,69.61,edwardo01-1995
divacvl01,38,8.2,199411250ATL-LAL,199411250ATL-ATL,LAL-1995,1,1995,311.59999999999997,42.23,divacvl01-1995
vanexni01,33,-0.2,199411250ATL-LAL,199411250ATL-ATL,LAL-1995,1,1995,-6.6000000000000005,42.23,vanexni01-1995
harvean01,33,-1.2,199411250ATL-LAL,199411250ATL-ATL,LAL-1995,1,1995,-39.6,42.23,harvean01-1995
smithto02,31,2,199411250ATL-LAL,199411250ATL-ATL,LAL-1995,1,1995,62,42.23,smithto02-1995
cebalce01,29,4.9,199411250ATL-LAL,199411250ATL-ATL,LAL-1995,1,1995,142.10000000000002,42.23,cebalce01-1995
campbel01,25,-1.4,199411250ATL-LAL,199411250ATL-ATL,LAL-1995,1,1995,-35,42.23,campbel01-1995
threase01,19,-3.6,199411250ATL-LAL,199411250ATL-ATL,LAL-1995,1,1995,-68.4,42.23,threase01-1995
jonesed02,17,1.6,199411250ATL-LAL,199411250ATL-ATL,LAL-1995,1,1995,27.200000000000003,42.23,jonesed02-1995
peelean01,8,3.8,199411250ATL-LAL,199411250ATL-ATL,LAL-1995,1,1995,30.4,42.23,peelean01-1995
lynchge01,7,-0.2,199411250ATL-LAL,199411250ATL-ATL,LAL-1995,1,1995,-1.4000000000000001,42.23,lynchge01-1995
mournal01,46,-3.6,199411290ATL-CHH,199411290ATL-ATL,CHH-1995,1,1995,-165.6,50.84444444444444,mournal01-1995
johnsla02,40,1.7,199411290ATL-CHH,199411290ATL-ATL,CHH-1995,1,1995,68,50.84444444444444,johnsla02-1995
hawkihe01,37,8.1,199411290ATL-CHH,199411290ATL-ATL,CHH-1995,1,1995,299.7,50.84444444444444,hawkihe01-1995
curryde01,32,2.8,199411290ATL-CHH,199411290ATL-ATL,CHH-1995,1,1995,89.6,50.84444444444444,curryde01-1995
burresc01,29,4.5,199411290ATL-CHH,199411290ATL-ATL,CHH-1995,1,1995,130.5,50.84444444444444,burresc01-1995
parisro01,23,1.5,199411290ATL-CHH,199411290ATL-ATL,CHH-1995,1,1995,34.5,50.84444444444444,parisro01-1995
suttogr01,22,-0.4,199411290ATL-CHH,199411290ATL-ATL,CHH-1995,1,1995,-8.8,50.84444444444444,suttogr01-1995
wolfjo01,6,0.7,199411290ATL-CHH,199411290ATL-ATL,CHH-1995,1,1995,4.199999999999999,50.84444444444444,wolfjo01-1995
hancoda01,5,1.1,199411290ATL-CHH,199411290ATL-ATL,CHH-1995,1,1995,5.5,50.84444444444444,hancoda01-1995
smithst01,38,8.5,199412020CHI-ATL,199412020CHI-CHI,ATL-1995,1,1995,323,63.03333333333333,smithst01-1995
augmost01,36,-1.7,199412020CHI-ATL,199412020CHI-CHI,ATL-1995,1,1995,-61.199999999999996,63.03333333333333,augmost01-1995
longgr01,34,-0.8,199412020CHI-ATL,199412020CHI-CHI,ATL-1995,1,1995,-27.200000000000003,63.03333333333333,longgr01-1995
blaylmo01,31,4.4,199412020CHI-ATL,199412020CHI-CHI,ATL-1995,1,1995,136.4,63.03333333333333,blaylmo01-1995
langan01,26,2.2,199412020CHI-ATL,199412020CHI-CHI,ATL-1995,1,1995,57.2,63.03333333333333,langan01-1995
ehlocr01,24,1.6,199412020CHI-ATL,199412020CHI-CHI,ATL-1995,1,1995,38.400000000000006,63.03333333333333,ehlocr01-1995
koncajo01,21,3.3,199412020CHI-ATL,199412020CHI-CHI,ATL-1995,1,1995,69.3,63.03333333333333,koncajo01-1995
corbity01,16,-1.1,199412020CHI-ATL,199412020CHI-CHI,ATL-1995,1,1995,-17.6,63.03333333333333,corbity01-1995
normake01,14,3.5,199412020CHI-ATL,199412020CHI-CHI,ATL-1995,1,1995,49,63.03333333333333,normake01-1995
hardaan01,43,6.1,199412030ATL-ORL,199412030ATL-ATL,ORL-1995,0,1995,262.3,71.8,hardaan01-1995
anderni01,41,4.8,199412030ATL-ORL,199412030ATL-ATL,ORL-1995,0,1995,196.79999999999998,71.8,anderni01-1995
grantho01,41,2.6,199412030ATL-ORL,199412030ATL-ATL,ORL-1995,0,1995,106.60000000000001,71.8,grantho01-1995
onealsh01,40,-0.5,199412030ATL-ORL,199412030ATL-ATL,ORL-1995,0,1995,-20,71.8,onealsh01-1995
royaldo01,30,2.8,199412030ATL-ORL,199412030ATL-ATL,ORL-1995,0,1995,84,71.8,royaldo01-1995
shawbr01,21,2.1,199412030ATL-ORL,199412030ATL-ATL,ORL-1995,0,1995,44.1,71.8,shawbr01-1995
bowiean01,9,-3.5,199412030ATL-ORL,199412030ATL-ATL,ORL-1995,0,1995,-31.5,71.8,bowiean01-1995
rollitr01,8,1.1,199412030ATL-ORL,199412030ATL-ATL,ORL-1995,0,1995,8.8,71.8,rollitr01-1995
aventan01,7,-0.7,199412030ATL-ORL,199412030ATL-ATL,ORL-1995,0,1995,-4.8999999999999995,71.8,aventan01-1995
blaylmo01,44,8.3,199412060NJN-ATL,199412060NJN-NJN,ATL-1995,1,1995,365.20000000000005,71.1888888888889,blaylmo01-1995
augmost01,41,3,199412060NJN-ATL,199412060NJN-NJN,ATL-1995,1,1995,123,71.1888888888889,augmost01-1995
longgr01,37,6.1,199412060NJN-ATL,199412060NJN-NJN,ATL-1995,1,1995,225.7,71.1888888888889,longgr01-1995
ehlocr01,37,6,199412060NJN-ATL,199412060NJN-NJN,ATL-1995,1,1995,222,71.1888888888889,ehlocr01-1995
koncajo01,28,-4,199412060NJN-ATL,199412060NJN-NJN,ATL-1995,1,1995,-112,71.1888888888889,koncajo01-1995
langan01,24,-3.6,199412060NJN-ATL,199412060NJN-NJN,ATL-1995,1,1995,-86.4,71.1888888888889,langan01-1995
corbity01,21,-0.7,199412060NJN-ATL,199412060NJN-NJN,ATL-1995,1,1995,-14.7,71.1888888888889,corbity01-1995
smithst01,19,-4.1,199412060NJN-ATL,199412060NJN-NJN,ATL-1995,1,1995,-77.89999999999999,71.1888888888889,smithst01-1995
normake01,14,-0.3,199412060NJN-ATL,199412060NJN-NJN,ATL-1995,1,1995,-4.2,71.1888888888889,normake01-1995
augmost01,40,3.7,199412070BOS-ATL,199412070BOS-BOS,ATL-1995,0,1995,148,24.466666666666665,augmost01-1995
blaylmo01,40,9.6,199412070BOS-ATL,199412070BOS-BOS,ATL-1995,0,1995,384,24.466666666666665,blaylmo01-1995
longgr01,31,-5.7,199412070BOS-ATL,199412070BOS-BOS,ATL-1995,0,1995,-176.70000000000002,24.466666666666665,longgr01-1995
ehlocr01,30,-2.2,199412070BOS-ATL,199412070BOS-BOS,ATL-1995,0,1995,-66,24.466666666666665,ehlocr01-1995
corbity01,29,-1.4,199412070BOS-ATL,199412070BOS-BOS,ATL-1995,0,1995,-40.599999999999994,24.466666666666665,corbity01-1995
langan01,23,1.9,199412070BOS-ATL,199412070BOS-BOS,ATL-1995,0,1995,43.699999999999996,24.466666666666665,langan01-1995
koncajo01,21,-0.8,199412070BOS-ATL,199412070BOS-BOS,ATL-1995,0,1995,-16.8,24.466666666666665,koncajo01-1995
normake01,18,-2.1,199412070BOS-ATL,199412070BOS-BOS,ATL-1995,0,1995,-37.800000000000004,24.466666666666665,normake01-1995
lesji01,8,-2.2,199412070BOS-ATL,199412070BOS-BOS,ATL-1995,0,1995,-17.6,24.466666666666665,lesji01-1995
ewingpa01,38,1,199412090ATL-NYK,199412090ATL-ATL,NYK-1995,0,1995,38,54.33,ewingpa01-1995
smithch01,37,9,199412090ATL-NYK,199412090ATL-ATL,NYK-1995,0,1995,333,54.33,smithch01-1995
oaklech01,36,5.7,199412090ATL-NYK,199412090ATL-ATL,NYK-1995,0,1995,205.20000000000002,54.33,oaklech01-1995
starkjo01,33,0.1,199412090ATL-NYK,199412090ATL-ATL,NYK-1995,0,1995,3.3000000000000003,54.33,starkjo01-1995
harpede01,28,0.7,199412090ATL-NYK,199412090ATL-ATL,NYK-1995,0,1995,19.599999999999998,54.33,harpede01-1995
anthogr01,20,0.3,199412090ATL-NYK,199412090ATL-ATL,NYK-1995,0,1995,6,54.33,anthogr01-1995
bonnean01,14,2.2,199412090ATL-NYK,199412090ATL-ATL,NYK-1995,0,1995,30.800000000000004,54.33,bonnean01-1995
masonan01,14,-2.9,199412090ATL-NYK,199412090ATL-ATL,NYK-1995,0,1995,-40.6,54.33,masonan01-1995
davishu01,10,-3.9,199412090ATL-NYK,199412090ATL-ATL,NYK-1995,0,1995,-39,54.33,davishu01-1995
willihe01,10,-1.3,199412090ATL-NYK,199412090ATL-ATL,NYK-1995,0,1995,-13,54.33,willihe01-1995
blaylmo01,39,0.1,199412100ORL-ATL,199412100ORL-ORL,ATL-1995,0,1995,3.9000000000000004,30.863636363636363,blaylmo01-1995
smithst01,34,5.6,199412100ORL-ATL,199412100ORL-ORL,ATL-1995,0,1995,190.39999999999998,30.863636363636363,smithst01-1995
augmost01,31,2.2,199412100ORL-ATL,199412100ORL-ORL,ATL-1995,0,1995,68.2,30.863636363636363,augmost01-1995
longgr01,29,2.2,199412100ORL-ATL,199412100ORL-ORL,ATL-1995,0,1995,63.800000000000004,30.863636363636363,longgr01-1995
ehlocr01,25,7,199412100ORL-ATL,199412100ORL-ORL,ATL-1995,0,1995,175,30.863636363636363,ehlocr01-1995
langan01,23,-5.5,199412100ORL-ATL,199412100ORL-ORL,ATL-1995,0,1995,-126.5,30.863636363636363,langan01-1995
normake01,22,2.6,199412100ORL-ATL,199412100ORL-ORL,ATL-1995,0,1995,57.2,30.863636363636363,normake01-1995
koncajo01,18,-2.7,199412100ORL-ATL,199412100ORL-ORL,ATL-1995,0,1995,-48.6,30.863636363636363,koncajo01-1995
corbity01,10,-5.2,199412100ORL-ATL,199412100ORL-ORL,ATL-1995,0,1995,-52,30.863636363636363,corbity01-1995
edwardo01,6,0.5,199412100ORL-ATL,199412100ORL-ORL,ATL-1995,0,1995,3,30.863636363636363,edwardo01-1995
bazarse01,3,1.7,199412100ORL-ATL,199412100ORL-ORL,ATL-1995,0,1995,5.1,30.863636363636363,bazarse01-1995
westdo01,46,6.6,199412130ATL-MIN,199412130ATL-ATL,MIN-1995,0,1995,303.59999999999997,28.04444444444444,westdo01-1995
garlawi01,42,-2.9,199412130ATL-MIN,199412130ATL-ATL,MIN-1995,0,1995,-121.8,28.04444444444444,garlawi01-1995
rideris01,42,5.3,199412130ATL-MIN,199412130ATL-ATL,MIN-1995,0,1995,222.6,28.04444444444444,rideris01-1995
laettch01,36,2.8,199412130ATL-MIN,199412130ATL-ATL,MIN-1995,0,1995,100.8,28.04444444444444,laettch01-1995
kingst01,33,-3.7,199412130ATL-MIN,199412130ATL-ATL,MIN-1995,0,1995,-122.10000000000001,28.04444444444444,kingst01-1995
rooksse01,32,-4.8,199412130ATL-MIN,199412130ATL-ATL,MIN-1995,0,1995,-153.6,28.04444444444444,rooksse01-1995
marshdo01,17,2,199412130ATL-MIN,199412130ATL-ATL,MIN-1995,0,1995,34,28.04444444444444,marshdo01-1995
smithch03,11,-0.9,199412130ATL-MIN,199412130ATL-ATL,MIN-1995,0,1995,-9.9,28.04444444444444,smithch03-1995
durhapa01,6,-0.2,199412130ATL-MIN,199412130ATL-ATL,MIN-1995,0,1995,-1.2000000000000002,28.04444444444444,durhapa01-1995
augmost01,34,5.2,199412140IND-ATL,199412140IND-IND,ATL-1995,0,1995,176.8,43.35,augmost01-1995
blaylmo01,34,12.6,199412140IND-ATL,199412140IND-IND,ATL-1995,0,1995,428.4,43.35,blaylmo01-1995
normake01,29,3.1,199412140IND-ATL,199412140IND-IND,ATL-1995,0,1995,89.9,43.35,normake01-1995
longgr01,27,-1.2,199412140IND-ATL,199412140IND-IND,ATL-1995,0,1995,-32.4,43.35,longgr01-1995
langan01,27,-7.3,199412140IND-ATL,199412140IND-IND,ATL-1995,0,1995,-197.1,43.35,langan01-1995
smithst01,26,-1.4,199412140IND-ATL,199412140IND-IND,ATL-1995,0,1995,-36.4,43.35,smithst01-1995
koncajo01,21,-0.1,199412140IND-ATL,199412140IND-IND,ATL-1995,0,1995,-2.1,43.35,koncajo01-1995
corbity01,19,-0.2,199412140IND-ATL,199412140IND-IND,ATL-1995,0,1995,-3.8000000000000003,43.35,corbity01-1995
ehlocr01,18,0.4,199412140IND-ATL,199412140IND-IND,ATL-1995,0,1995,7.2,43.35,ehlocr01-1995
bazarse01,5,0.6,199412140IND-ATL,199412140IND-IND,ATL-1995,0,1995,3,43.35,bazarse01-1995
pippesc01,43,9.1,199412160ATL-CHI,199412160ATL-ATL,CHI-1995,1,1995,391.3,56.63636363636363,pippesc01-1995
armstbj01,32,0.5,199412160ATL-CHI,199412160ATL-ATL,CHI-1995,1,1995,16,56.63636363636363,armstbj01-1995
harpero01,29,0.7,199412160ATL-CHI,199412160ATL-ATL,CHI-1995,1,1995,20.299999999999997,56.63636363636363,harpero01-1995
kukocto01,29,5.3,199412160ATL-CHI,199412160ATL-ATL,CHI-1995,1,1995,153.7,56.63636363636363,kukocto01-1995
wennibi01,22,3.1,199412160ATL-CHI,199412160ATL-ATL,CHI-1995,1,1995,68.2,56.63636363636363,wennibi01-1995
krystla01,20,2.2,199412160ATL-CHI,199412160ATL-ATL,CHI-1995,1,1995,44,56.63636363636363,krystla01-1995
perduwi01,20,-1.4,199412160ATL-CHI,199412160ATL-ATL,CHI-1995,1,1995,-28,56.63636363636363,perduwi01-1995
myerspe01,18,2.1,199412160ATL-CHI,199412160ATL-ATL,CHI-1995,1,1995,37.800000000000004,56.63636363636363,myerspe01-1995
kerrst01,16,-5.4,199412160ATL-CHI,199412160ATL-ATL,CHI-1995,1,1995,-86.4,56.63636363636363,kerrst01-1995
buechju01,6,1.6,199412160ATL-CHI,199412160ATL-ATL,CHI-1995,1,1995,9.600000000000001,56.63636363636363,buechju01-1995
simpkdi01,5,-0.7,199412160ATL-CHI,199412160ATL-ATL,CHI-1995,1,1995,-3.5,56.63636363636363,simpkdi01-1995
smithst01,32,1.6,199412170MIA-ATL,199412170MIA-MIA,ATL-1995,0,1995,51.2,4.025,smithst01-1995
longgr01,29,0.1,199412170MIA-ATL,199412170MIA-MIA,ATL-1995,0,1995,2.9000000000000004,4.025,longgr01-1995
blaylmo01,26,-0.2,199412170MIA-ATL,199412170MIA-MIA,ATL-1995,0,1995,-5.2,4.025,blaylmo01-1995
ehlocr01,26,4.2,199412170MIA-ATL,199412170MIA-MIA,ATL-1995,0,1995,109.2,4.025,ehlocr01-1995
augmost01,25,-4,199412170MIA-ATL,199412170MIA-MIA,ATL-1995,0,1995,-100,4.025,augmost01-1995
langan01,21,-5.3,199412170MIA-ATL,199412170MIA-MIA,ATL-1995,0,1995,-111.3,4.025,langan01-1995
koncajo01,20,4.8,199412170MIA-ATL,199412170MIA-MIA,ATL-1995,0,1995,96,4.025,koncajo01-1995
lesji01,20,1.8,199412170MIA-ATL,199412170MIA-MIA,ATL-1995,0,1995,36,4.025,lesji01-1995
corbity01,15,-2.2,199412170MIA-ATL,199412170MIA-MIA,ATL-1995,0,1995,-33,4.025,corbity01-1995
edwardo01,11,1,199412170MIA-ATL,199412170MIA-MIA,ATL-1995,0,1995,11,4.025,edwardo01-1995
normake01,8,-2.2,199412170MIA-ATL,199412170MIA-MIA,ATL-1995,0,1995,-17.6,4.025,normake01-1995
andergr01,7,1.3,199412170MIA-ATL,199412170MIA-MIA,ATL-1995,0,1995,9.1,4.025,andergr01-1995
bakervi01,42,0.3,199412200ATL-MIL,199412200ATL-ATL,MIL-1995,0,1995,12.6,0.9181818181818163,bakervi01-1995
robingl01,37,3.5,199412200ATL-MIL,199412200ATL-ATL,MIL-1995,0,1995,129.5,0.9181818181818163,robingl01-1995
conloma01,26,-5.2,199412200ATL-MIL,199412200ATL-ATL,MIL-1995,0,1995,-135.20000000000002,0.9181818181818163,conloma01-1995
newmajo01,25,-0.6,199412200ATL-MIL,199412200ATL-ATL,MIL-1995,0,1995,-15,0.9181818181818163,newmajo01-1995
dayto01,24,-1.9,199412200ATL-MIL,199412200ATL-ATL,MIL-1995,0,1995,-45.599999999999994,0.9181818181818163,dayto01-1995
maybele01,24,1.8,199412200ATL-MIL,199412200ATL-ATL,MIL-1995,0,1995,43.2,0.9181818181818163,maybele01-1995
murdoer01,24,4.6,199412200ATL-MIL,199412200ATL-ATL,MIL-1995,0,1995,110.39999999999999,0.9181818181818163,murdoer01-1995
listeal01,22,-2.7,199412200ATL-MIL,199412200ATL-ATL,MIL-1995,0,1995,-59.400000000000006,0.9181818181818163,listeal01-1995
barryjo01,12,-2.4,199412200ATL-MIL,199412200ATL-ATL,MIL-1995,0,1995,-28.799999999999997,0.9181818181818163,barryjo01-1995
mobleer01,2,-0.1,199412200ATL-MIL,199412200ATL-ATL,MIL-1995,0,1995,-0.2,0.9181818181818163,mobleer01-1995
williaa01,2,-0.7,199412200ATL-MIL,199412200ATL-ATL,MIL-1995,0,1995,-1.4,0.9181818181818163,williaa01-1995
spencfe01,40,1.8,199412220ATL-UTA,199412220ATL-ATL,UTA-1995,1,1995,72,88.85,spencfe01-1995
stockjo01,39,14.2,199412220ATL-UTA,199412220ATL-ATL,UTA-1995,1,1995,553.8,88.85,stockjo01-1995
malonka01,37,-0.2,199412220ATL-UTA,199412220ATL-ATL,UTA-1995,1,1995,-7.4,88.85,malonka01-1995
hornaje01,36,8.2,199412220ATL-UTA,199412220ATL-ATL,UTA-1995,1,1995,295.2,88.85,hornaje01-1995
russebr01,27,1,199412220ATL-UTA,199412220ATL-ATL,UTA-1995,1,1995,27,88.85,russebr01-1995
watsoja01,18,-1.3,199412220ATL-UTA,199412220ATL-ATL,UTA-1995,1,1995,-23.400000000000002,88.85,watsoja01-1995
keefead01,15,2.2,199412220ATL-UTA,199412220ATL-ATL,UTA-1995,1,1995,33,88.85,keefead01-1995
carran01,13,-4.1,199412220ATL-UTA,199412220ATL-ATL,UTA-1995,1,1995,-53.3,88.85,carran01-1995
crottjo01,9,-0.6,199412220ATL-UTA,199412220ATL-ATL,UTA-1995,1,1995,-5.3999999999999995,88.85,crottjo01-1995
chambto01,6,-0.5,199412220ATL-UTA,199412220ATL-ATL,UTA-1995,1,1995,-3,88.85,chambto01-1995
blaylmo01,37,13.5,199412230DET-ATL,199412230DET-DET,ATL-1995,1,1995,499.5,62.325,blaylmo01-1995
smithst01,35,-1.1,199412230DET-ATL,199412230DET-DET,ATL-1995,1,1995,-38.5,62.325,smithst01-1995
koncajo01,32,4.7,199412230DET-ATL,199412230DET-DET,ATL-1995,1,1995,150.4,62.325,koncajo01-1995
longgr01,31,0.4,199412230DET-ATL,199412230DET-DET,ATL-1995,1,1995,12.4,62.325,longgr01-1995
augmost01,27,3.9,199412230DET-ATL,199412230DET-DET,ATL-1995,1,1995,105.3,62.325,augmost01-1995
normake01,26,-0.5,199412230DET-ATL,199412230DET-DET,ATL-1995,1,1995,-13,62.325,normake01-1995
ehlocr01,22,3.5,199412230DET-ATL,199412230DET-DET,ATL-1995,1,1995,77,62.325,ehlocr01-1995
corbity01,14,-3.8,199412230DET-ATL,199412230DET-DET,ATL-1995,1,1995,-53.199999999999996,62.325,corbity01-1995
langan01,9,0.6,199412230DET-ATL,199412230DET-DET,ATL-1995,1,1995,5.3999999999999995,62.325,langan01-1995
edwardo01,3,0.8,199412230DET-ATL,199412230DET-DET,ATL-1995,1,1995,2.4000000000000004,62.325,edwardo01-1995
andergr01,2,-0.2,199412230DET-ATL,199412230DET-DET,ATL-1995,1,1995,-0.4,62.325,andergr01-1995
lesji01,2,0.3,199412230DET-ATL,199412230DET-DET,ATL-1995,1,1995,0.6,62.325,lesji01-1995
normake01,40,7.7,199412270HOU-ATL,199412270HOU-HOU,ATL-1995,0,1995,308,42.95,normake01-1995
blaylmo01,37,13.8,199412270HOU-ATL,199412270HOU-HOU,ATL-1995,0,1995,510.6,42.95,blaylmo01-1995
smithst01,30,2.9,199412270HOU-ATL,199412270HOU-HOU,ATL-1995,0,1995,87,42.95,smithst01-1995
longgr01,29,-5.1,199412270HOU-ATL,199412270HOU-HOU,ATL-1995,0,1995,-147.89999999999998,42.95,longgr01-1995
langan01,23,-3.7,199412270HOU-ATL,199412270HOU-HOU,ATL-1995,0,1995,-85.10000000000001,42.95,langan01-1995
augmost01,22,-6.9,199412270HOU-ATL,199412270HOU-HOU,ATL-1995,0,1995,-151.8,42.95,augmost01-1995
ehlocr01,22,0.4,199412270HOU-ATL,199412270HOU-HOU,ATL-1995,0,1995,8.8,42.95,ehlocr01-1995
koncajo01,18,-4.7,199412270HOU-ATL,199412270HOU-HOU,ATL-1995,0,1995,-84.60000000000001,42.95,koncajo01-1995
corbity01,12,-3.1,199412270HOU-ATL,199412270HOU-HOU,ATL-1995,0,1995,-37.2,42.95,corbity01-1995
andergr01,7,3.1,199412270HOU-ATL,199412270HOU-HOU,ATL-1995,0,1995,21.7,42.95,andergr01-1995
robinda01,43,3.5,199412290ATL-SAS,199412290ATL-ATL,SAS-1995,0,1995,150.5,48.34,robinda01-1995
johnsav01,41,1.3,199412290ATL-SAS,199412290ATL-ATL,SAS-1995,0,1995,53.300000000000004,48.34,johnsav01-1995
elliose01,40,1.8,199412290ATL-SAS,199412290ATL-ATL,SAS-1995,0,1995,72,48.34,elliose01-1995
delnevi01,39,-0.6,199412290ATL-SAS,199412290ATL-ATL,SAS-1995,0,1995,-23.4,48.34,delnevi01-1995
persoch01,30,8.1,199412290ATL-SAS,199412290ATL-ATL,SAS-1995,0,1995,243,48.34,persoch01-1995
cummite01,25,1.8,199412290ATL-SAS,199412290ATL-ATL,SAS-1995,0,1995,45,48.34,cummite01-1995
reidjr01,17,-1.2,199412290ATL-SAS,199412290ATL-ATL,SAS-1995,0,1995,-20.4,48.34,reidjr01-1995
rodmade01,17,-0.6,199412290ATL-SAS,199412290ATL-ATL,SAS-1995,0,1995,-10.2,48.34,rodmade01-1995
riverdo01,12,-2.2,199412290ATL-SAS,199412290ATL-ATL,SAS-1995,0,1995,-26.400000000000002,48.34,riverdo01-1995
whitnch01,1,0,199412290ATL-SAS,199412290ATL-ATL,SAS-1995,0,1995,0,48.34,whitnch01-1995
longgr01,39,8.1,199412300CLE-ATL,199412300CLE-CLE,ATL-1995,0,1995,315.9,38.519999999999996,longgr01-1995
blaylmo01,36,-0.1,199412300CLE-ATL,199412300CLE-CLE,ATL-1995,0,1995,-3.6,38.519999999999996,blaylmo01-1995
smithst01,33,-5.5,199412300CLE-ATL,199412300CLE-CLE,ATL-1995,0,1995,-181.5,38.519999999999996,smithst01-1995
normake01,30,-4.5,199412300CLE-ATL,199412300CLE-CLE,ATL-1995,0,1995,-135,38.519999999999996,normake01-1995
ehlocr01,30,7.7,199412300CLE-ATL,199412300CLE-CLE,ATL-1995,0,1995,231,38.519999999999996,ehlocr01-1995
augmost01,25,6.3,199412300CLE-ATL,199412300CLE-CLE,ATL-1995,0,1995,157.5,38.519999999999996,augmost01-1995
corbity01,16,2.9,199412300CLE-ATL,199412300CLE-CLE,ATL-1995,0,1995,46.4,38.519999999999996,corbity01-1995
koncajo01,14,-0.3,199412300CLE-ATL,199412300CLE-CLE,ATL-1995,0,1995,-4.2,38.519999999999996,koncajo01-1995
langan01,12,-3.4,199412300CLE-ATL,199412300CLE-CLE,ATL-1995,0,1995,-40.8,38.519999999999996,langan01-1995
edwardo01,5,-0.1,199412300CLE-ATL,199412300CLE-CLE,ATL-1995,0,1995,-0.5,38.519999999999996,edwardo01-1995
robincl02,43,10.2,199501030ATL-POR,199501030ATL-ATL,POR-1995,1,1995,438.59999999999997,90.43333333333332,robincl02-1995
drexlcl01,38,4,199501030ATL-POR,199501030ATL-ATL,POR-1995,1,1995,152,90.43333333333332,drexlcl01-1995
stricro02,38,4.2,199501030ATL-POR,199501030ATL-ATL,POR-1995,1,1995,159.6,90.43333333333332,stricro02-1995
dudlech02,36,3.5,199501030ATL-POR,199501030ATL-ATL,POR-1995,1,1995,126,90.43333333333332,dudlech02-1995
willibu01,33,-0.9,199501030ATL-POR,199501030ATL-ATL,POR-1995,1,1995,-29.7,90.43333333333332,willibu01-1995
grantha01,17,-0.8,199501030ATL-POR,199501030ATL-ATL,POR-1995,1,1995,-13.600000000000001,90.43333333333332,grantha01-1995
robinja02,17,-1.4,199501030ATL-POR,199501030ATL-ATL,POR-1995,1,1995,-23.799999999999997,90.43333333333332,robinja02-1995
bryanma01,15,0.5,199501030ATL-POR,199501030ATL-ATL,POR-1995,1,1995,7.5,90.43333333333332,bryanma01-1995
hensost01,3,-0.9,199501030ATL-POR,199501030ATL-ATL,POR-1995,1,1995,-2.7,90.43333333333332,hensost01-1995
blaylmo01,36,6.6,199501040NYK-ATL,199501040NYK-NYK,ATL-1995,0,1995,237.6,34.96666666666666,blaylmo01-1995
langan01,34,0.5,199501040NYK-ATL,199501040NYK-NYK,ATL-1995,0,1995,17,34.96666666666666,langan01-1995
augmost01,33,2.1,199501040NYK-ATL,199501040NYK-NYK,ATL-1995,0,1995,69.3,34.96666666666666,augmost01-1995
normake01,31,3.9,199501040NYK-ATL,199501040NYK-NYK,ATL-1995,0,1995,120.89999999999999,34.96666666666666,normake01-1995
longgr01,29,-0.9,199501040NYK-ATL,199501040NYK-NYK,ATL-1995,0,1995,-26.1,34.96666666666666,longgr01-1995
smithst01,23,0.2,199501040NYK-ATL,199501040NYK-NYK,ATL-1995,0,1995,4.6000000000000005,34.96666666666666,smithst01-1995
andergr01,19,-1.6,199501040NYK-ATL,199501040NYK-NYK,ATL-1995,0,1995,-30.400000000000002,34.96666666666666,andergr01-1995
corbity01,19,-2.6,199501040NYK-ATL,199501040NYK-NYK,ATL-1995,0,1995,-49.4,34.96666666666666,corbity01-1995
ehlocr01,16,-1.8,199501040NYK-ATL,199501040NYK-NYK,ATL-1995,0,1995,-28.8,34.96666666666666,ehlocr01-1995
howarju01,35,-3.2,199501060ATL-WSB,199501060ATL-ATL,WSB-1995,0,1995,-112,-17.463636363636365,howarju01-1995
cheanca01,34,-1.1,199501060ATL-WSB,199501060ATL-ATL,WSB-1995,0,1995,-37.400000000000006,-17.463636363636365,cheanca01-1995
overtdo01,30,0.6,199501060ATL-WSB,199501060ATL-ATL,WSB-1995,0,1995,18,-17.463636363636365,overtdo01-1995
chapmre01,27,-1.6,199501060ATL-WSB,199501060ATL-ATL,WSB-1995,0,1995,-43.2,-17.463636363636365,chapmre01-1995
tuckean01,25,2.1,199501060ATL-WSB,199501060ATL-ATL,WSB-1995,0,1995,52.5,-17.463636363636365,tuckean01-1995
muresgh01,24,-2.3,199501060ATL-WSB,199501060ATL-ATL,WSB-1995,0,1995,-55.199999999999996,-17.463636363636365,muresgh01-1995
mcilvji01,24,1.1,199501060ATL-WSB,199501060ATL-ATL,WSB-1995,0,1995,26.400000000000002,-17.463636363636365,mcilvji01-1995
butlemi02,22,-1.3,199501060ATL-WSB,199501060ATL-ATL,WSB-1995,0,1995,-28.6,-17.463636363636365,butlemi02-1995
skilesc01,8,0,199501060ATL-WSB,199501060ATL-ATL,WSB-1995,0,1995,0,-17.463636363636365,skilesc01-1995
walkeke01,7,-1.4,199501060ATL-WSB,199501060ATL-ATL,WSB-1995,0,1995,-9.799999999999999,-17.463636363636365,walkeke01-1995
stewala01,4,-0.7,199501060ATL-WSB,199501060ATL-ATL,WSB-1995,0,1995,-2.8,-17.463636363636365,stewala01-1995
colemde01,35,4.2,199501070ATL-NJN,199501070ATL-ATL,NJN-1995,0,1995,147,-6.727272727272728,colemde01-1995
morrich01,30,-4.5,199501070ATL-NJN,199501070ATL-ATL,NJN-1995,0,1995,-135,-6.727272727272728,morrich01-1995
benjabe01,27,-1.6,199501070ATL-NJN,199501070ATL-ATL,NJN-1995,0,1995,-43.2,-6.727272727272728,benjabe01-1995
brownpj01,27,6.5,199501070ATL-NJN,199501070ATL-ATL,NJN-1995,0,1995,175.5,-6.727272727272728,brownpj01-1995
childch01,26,-5.6,199501070ATL-NJN,199501070ATL-ATL,NJN-1995,0,1995,-145.6,-6.727272727272728,childch01-1995
floydsl01,26,-0.7,199501070ATL-NJN,199501070ATL-ATL,NJN-1995,0,1995,-18.2,-6.727272727272728,floydsl01-1995
gilliar01,25,-2.6,199501070ATL-NJN,199501070ATL-ATL,NJN-1995,0,1995,-65,-6.727272727272728,gilliar01-1995
willija01,18,3.8,199501070ATL-NJN,199501070ATL-ATL,NJN-1995,0,1995,68.39999999999999,-6.727272727272728,willija01-1995
waltere01,14,-4.8,199501070ATL-NJN,199501070ATL-ATL,NJN-1995,0,1995,-67.2,-6.727272727272728,waltere01-1995
mahorri01,9,1,199501070ATL-NJN,199501070ATL-ATL,NJN-1995,0,1995,9,-6.727272727272728,mahorri01-1995
schindw01,3,0.1,199501070ATL-NJN,199501070ATL-ATL,NJN-1995,0,1995,0.30000000000000004,-6.727272727272728,schindw01-1995
blaylmo01,39,7.9,199501100WSB-ATL,199501100WSB-WSB,ATL-1995,1,1995,308.1,44.54,blaylmo01-1995
ehlocr01,32,6.6,199501100WSB-ATL,199501100WSB-WSB,ATL-1995,1,1995,211.2,44.54,ehlocr01-1995
normake01,31,-0.2,199501100WSB-ATL,199501100WSB-WSB,ATL-1995,1,1995,-6.2,44.54,normake01-1995
longgr01,28,-3.5,199501100WSB-ATL,199501100WSB-WSB,ATL-1995,1,1995,-98,44.54,longgr01-1995
smithst01,28,5.1,199501100WSB-ATL,199501100WSB-WSB,ATL-1995,1,1995,142.79999999999998,44.54,smithst01-1995
augmost01,25,0.6,199501100WSB-ATL,199501100WSB-WSB,ATL-1995,1,1995,15,44.54,augmost01-1995
langan01,25,-0.8,199501100WSB-ATL,199501100WSB-WSB,ATL-1995,1,1995,-20,44.54,langan01-1995
andergr01,19,-4.5,199501100WSB-ATL,199501100WSB-WSB,ATL-1995,1,1995,-85.5,44.54,andergr01-1995
corbity01,9,-3.2,199501100WSB-ATL,199501100WSB-WSB,ATL-1995,1,1995,-28.8,44.54,corbity01-1995
koncajo01,4,1.7,199501100WSB-ATL,199501100WSB-WSB,ATL-1995,1,1995,6.8,44.54,koncajo01-1995
hardaan01,44,9,199501130ATL-ORL,199501130ATL-ATL,ORL-1995,1,1995,396,107.4,hardaan01-1995
anderni01,43,1.4,199501130ATL-ORL,199501130ATL-ATL,ORL-1995,1,1995,60.199999999999996,107.4,anderni01-1995
grantho01,41,7.4,199501130ATL-ORL,199501130ATL-ATL,ORL-1995,1,1995,303.40000000000003,107.4,grantho01-1995
royaldo01,38,4.7,199501130ATL-ORL,199501130ATL-ATL,ORL-1995,1,1995,178.6,107.4,royaldo01-1995
onealsh01,29,3.8,199501130ATL-ORL,199501130ATL-ATL,ORL-1995,1,1995,110.19999999999999,107.4,onealsh01-1995
rollitr01,15,0.6,199501130ATL-ORL,199501130ATL-ATL,ORL-1995,1,1995,9,107.4,rollitr01-1995
aventan01,11,-3.3,199501130ATL-ORL,199501130ATL-ATL,ORL-1995,1,1995,-36.3,107.4,aventan01-1995
shawbr01,11,-3.5,199501130ATL-ORL,199501130ATL-ATL,ORL-1995,1,1995,-38.5,107.4,shawbr01-1995
bowiean01,8,-2,199501130ATL-ORL,199501130ATL-ATL,ORL-1995,1,1995,-16,107.4,bowiean01-1995
owensbi01,44,0.1,199501160ATL-MIA,199501160ATL-ATL,MIA-1995,0,1995,4.4,35.422222222222224,owensbi01-1995
willike02,44,3.9,199501160ATL-MIA,199501160ATL-ATL,MIA-1995,0,1995,171.6,35.422222222222224,willike02-1995
ricegl01,40,0.4,199501160ATL-MIA,199501160ATL-ATL,MIA-1995,0,1995,16,35.422222222222224,ricegl01-1995
colesbi01,33,3.2,199501160ATL-MIA,199501160ATL-ATL,MIA-1995,0,1995,105.60000000000001,35.422222222222224,colesbi01-1995
sallejo01,30,-1.6,199501160ATL-MIA,199501160ATL-ATL,MIA-1995,0,1995,-48,35.422222222222224,sallejo01-1995
lohaubr01,20,3.3,199501160ATL-MIA,199501160ATL-ATL,MIA-1995,0,1995,66,35.422222222222224,lohaubr01-1995
reevekh01,15,1.2,199501160ATL-MIA,199501160ATL-ATL,MIA-1995,0,1995,18,35.422222222222224,reevekh01-1995
gamblke01,10,-1.4,199501160ATL-MIA,199501160ATL-ATL,MIA-1995,0,1995,-14,35.422222222222224,gamblke01-1995
askinke01,4,-0.2,199501160ATL-MIA,199501160ATL-ATL,MIA-1995,0,1995,-0.8,35.422222222222224,askinke01-1995
weathcl01,48,7.9,199501180ATL-PHI,199501180ATL-ATL,PHI-1995,1,1995,379.20000000000005,76.0625,weathcl01-1995
barroda01,46,4.9,199501180ATL-PHI,199501180ATL-ATL,PHI-1995,1,1995,225.4,76.0625,barroda01-1995
grayeje01,41,-4,199501180ATL-PHI,199501180ATL-ATL,PHI-1995,1,1995,-164,76.0625,grayeje01-1995
alstode01,35,5.5,199501180ATL-PHI,199501180ATL-ATL,PHI-1995,1,1995,192.5,76.0625,alstode01-1995
wrighsh01,29,-0.9,199501180ATL-PHI,199501180ATL-ATL,PHI-1995,1,1995,-26.1,76.0625,wrighsh01-1995
willisc01,24,-1.5,199501180ATL-PHI,199501180ATL-ATL,PHI-1995,1,1995,-36,76.0625,willisc01-1995
tylerbj01,9,2.3,199501180ATL-PHI,199501180ATL-ATL,PHI-1995,1,1995,20.7,76.0625,tylerbj01-1995
bradlsh01,8,2.1,199501180ATL-PHI,199501180ATL-ATL,PHI-1995,1,1995,16.8,76.0625,bradlsh01-1995
blaylmo01,38,10.5,199501200IND-ATL,199501200IND-IND,ATL-1995,0,1995,399,37.53,blaylmo01-1995
normake01,36,0.3,199501200IND-ATL,199501200IND-IND,ATL-1995,0,1995,10.799999999999999,37.53,normake01-1995
ehlocr01,30,9.6,199501200IND-ATL,199501200IND-IND,ATL-1995,0,1995,288,37.53,ehlocr01-1995
koncajo01,30,-2.7,199501200IND-ATL,199501200IND-IND,ATL-1995,0,1995,-81,37.53,koncajo01-1995
smithst01,25,-1.3,199501200IND-ATL,199501200IND-IND,ATL-1995,0,1995,-32.5,37.53,smithst01-1995
longgr01,24,-6.5,199501200IND-ATL,199501200IND-IND,ATL-1995,0,1995,-156,37.53,longgr01-1995
corbity01,20,1.3,199501200IND-ATL,199501200IND-IND,ATL-1995,0,1995,26,37.53,corbity01-1995
andergr01,19,-3.4,199501200IND-ATL,199501200IND-IND,ATL-1995,0,1995,-64.6,37.53,andergr01-1995
augmost01,14,-0.8,199501200IND-ATL,199501200IND-IND,ATL-1995,0,1995,-11.200000000000001,37.53,augmost01-1995
langan01,4,-0.8,199501200IND-ATL,199501200IND-IND,ATL-1995,0,1995,-3.2,37.53,langan01-1995
montrer01,37,3.8,199501210ATL-BOS,199501210ATL-ATL,BOS-1995,0,1995,140.6,26.99,montrer01-1995
wilkido01,35,2.7,199501210ATL-BOS,199501210ATL-ATL,BOS-1995,0,1995,94.5,26.99,wilkido01-1995
mcdanxa01,33,-0.5,199501210ATL-BOS,199501210ATL-ATL,BOS-1995,0,1995,-16.5,26.99,mcdanxa01-1995
douglsh01,30,2.4,199501210ATL-BOS,199501210ATL-ATL,BOS-1995,0,1995,72,26.99,douglsh01-1995
brownde01,28,-0.3,199501210ATL-BOS,199501210ATL-ATL,BOS-1995,0,1995,-8.4,26.99,brownde01-1995
foxri01,21,2.1,199501210ATL-BOS,199501210ATL-ATL,BOS-1995,0,1995,44.1,26.99,foxri01-1995
wesleda01,18,-0.6,199501210ATL-BOS,199501210ATL-ATL,BOS-1995,0,1995,-10.799999999999999,26.99,wesleda01-1995
radjadi01,15,-5.3,199501210ATL-BOS,199501210ATL-ATL,BOS-1995,0,1995,-79.5,26.99,radjadi01-1995
minorgr01,12,2,199501210ATL-BOS,199501210ATL-ATL,BOS-1995,0,1995,24,26.99,minorgr01-1995
ellispe01,11,0.9,199501210ATL-BOS,199501210ATL-ATL,BOS-1995,0,1995,9.9,26.99,ellispe01-1995
blaylmo01,40,8.6,199501250CHH-ATL,199501250CHH-CHH,ATL-1995,1,1995,344,74.52,blaylmo01-1995
normake01,35,3.6,199501250CHH-ATL,199501250CHH-CHH,ATL-1995,1,1995,126,74.52,normake01-1995
langan01,33,-0.1,199501250CHH-ATL,199501250CHH-CHH,ATL-1995,1,1995,-3.3000000000000003,74.52,langan01-1995
longgr01,30,3.6,199501250CHH-ATL,199501250CHH-CHH,ATL-1995,1,1995,108,74.52,longgr01-1995
smithst01,29,8.2,199501250CHH-ATL,199501250CHH-CHH,ATL-1995,1,1995,237.79999999999998,74.52,smithst01-1995
augmost01,28,-2.9,199501250CHH-ATL,199501250CHH-CHH,ATL-1995,1,1995,-81.2,74.52,augmost01-1995
ehlocr01,23,1.8,199501250CHH-ATL,199501250CHH-CHH,ATL-1995,1,1995,41.4,74.52,ehlocr01-1995
andergr01,9,-0.6,199501250CHH-ATL,199501250CHH-CHH,ATL-1995,1,1995,-5.3999999999999995,74.52,andergr01-1995
corbity01,7,-0.5,199501250CHH-ATL,199501250CHH-CHH,ATL-1995,1,1995,-3.5,74.52,corbity01-1995
koncajo01,6,-3.1,199501250CHH-ATL,199501250CHH-CHH,ATL-1995,1,1995,-18.6,74.52,koncajo01-1995
hillty01,41,4.9,199501260ATL-CLE,199501260ATL-ATL,CLE-1995,1,1995,200.9,33.2,hillty01-1995
millsch01,40,4.2,199501260ATL-CLE,199501260ATL-ATL,CLE-1995,1,1995,168,33.2,millsch01-1995
phillbo01,38,1.6,199501260ATL-CLE,199501260ATL-ATL,CLE-1995,1,1995,60.800000000000004,33.2,phillbo01-1995
coltest01,36,-3.9,199501260ATL-CLE,199501260ATL-ATL,CLE-1995,1,1995,-140.4,33.2,coltest01-1995
williho01,36,-1.9,199501260ATL-CLE,199501260ATL-ATL,CLE-1995,1,1995,-68.39999999999999,33.2,williho01-1995
cagemi01,16,3.2,199501260ATL-CLE,199501260ATL-ATL,CLE-1995,1,1995,51.2,33.2,cagemi01-1995
campbto01,13,0.9,199501260ATL-CLE,199501260ATL-ATL,CLE-1995,1,1995,11.700000000000001,33.2,campbto01-1995
battljo01,12,3.2,199501260ATL-CLE,199501260ATL-ATL,CLE-1995,1,1995,38.400000000000006,33.2,battljo01-1995
ferryda01,5,1,199501260ATL-CLE,199501260ATL-ATL,CLE-1995,1,1995,5,33.2,ferryda01-1995
dreilgr01,3,1.6,199501260ATL-CLE,199501260ATL-ATL,CLE-1995,1,1995,4.800000000000001,33.2,dreilgr01-1995
mournal01,43,2.8,199501280ATL-CHH,199501280ATL-ATL,CHH-1995,1,1995,120.39999999999999,55.55,mournal01-1995
johnsla02,40,2.2,199501280ATL-CHH,199501280ATL-ATL,CHH-1995,1,1995,88,55.55,johnsla02-1995
boguemu01,35,3.7,199501280ATL-CHH,199501280ATL-ATL,CHH-1995,1,1995,129.5,55.55,boguemu01-1995
burresc01,29,3.2,199501280ATL-CHH,199501280ATL-ATL,CHH-1995,1,1995,92.80000000000001,55.55,burresc01-1995
curryde01,26,-1.1,199501280ATL-CHH,199501280ATL-ATL,CHH-1995,1,1995,-28.6,55.55,curryde01-1995
hawkihe01,24,1.8,199501280ATL-CHH,199501280ATL-ATL,CHH-1995,1,1995,43.2,55.55,hawkihe01-1995
parisro01,19,2.7,199501280ATL-CHH,199501280ATL-ATL,CHH-1995,1,1995,51.300000000000004,55.55,parisro01-1995
adamsmi01,13,5.3,199501280ATL-CHH,199501280ATL-ATL,CHH-1995,1,1995,68.89999999999999,55.55,adamsmi01-1995
wingada01,7,-1.6,199501280ATL-CHH,199501280ATL-ATL,CHH-1995,1,1995,-11.200000000000001,55.55,wingada01-1995
wolfjo01,4,0.3,199501280ATL-CHH,199501280ATL-ATL,CHH-1995,1,1995,1.2,55.55,wolfjo01-1995
blaylmo01,36,-2.8,199501300MIA-ATL,199501300MIA-MIA,ATL-1995,1,1995,-100.8,34.19166666666667,blaylmo01-1995
smithst01,32,11.3,199501300MIA-ATL,199501300MIA-MIA,ATL-1995,1,1995,361.6,34.19166666666667,smithst01-1995
longgr01,27,4.8,199501300MIA-ATL,199501300MIA-MIA,ATL-1995,1,1995,129.6,34.19166666666667,longgr01-1995
augmost01,26,3.6,199501300MIA-ATL,199501300MIA-MIA,ATL-1995,1,1995,93.60000000000001,34.19166666666667,augmost01-1995
ehlocr01,20,-1.8,199501300MIA-ATL,199501300MIA-MIA,ATL-1995,1,1995,-36,34.19166666666667,ehlocr01-1995
langan01,19,3.3,199501300MIA-ATL,199501300MIA-MIA,ATL-1995,1,1995,62.699999999999996,34.19166666666667,langan01-1995
andergr01,17,1.4,199501300MIA-ATL,199501300MIA-MIA,ATL-1995,1,1995,23.799999999999997,34.19166666666667,andergr01-1995
normake01,16,-7.3,199501300MIA-ATL,199501300MIA-MIA,ATL-1995,1,1995,-116.8,34.19166666666667,normake01-1995
corbity01,16,2,199501300MIA-ATL,199501300MIA-MIA,ATL-1995,1,1995,32,34.19166666666667,corbity01-1995
edwardo01,13,-3.1,199501300MIA-ATL,199501300MIA-MIA,ATL-1995,1,1995,-40.300000000000004,34.19166666666667,edwardo01-1995
koncajo01,9,0,199501300MIA-ATL,199501300MIA-MIA,ATL-1995,1,1995,0,34.19166666666667,koncajo01-1995
lesji01,9,0.1,199501300MIA-ATL,199501300MIA-MIA,ATL-1995,1,1995,0.9,34.19166666666667,lesji01-1995
woodda01,39,-6.4,199502010ATL-GSW,199502010ATL-ATL,GSW-1995,0,1995,-249.60000000000002,-12.437500000000002,woodda01-1995
hardati01,36,8.3,199502010ATL-GSW,199502010ATL-ATL,GSW-1995,0,1995,298.8,-12.437500000000002,hardati01-1995
lorthry01,36,-7,199502010ATL-GSW,199502010ATL-ATL,GSW-1995,0,1995,-252,-12.437500000000002,lorthry01-1995
alexavi01,33,0.1,199502010ATL-GSW,199502010ATL-ATL,GSW-1995,0,1995,3.3000000000000003,-12.437500000000002,alexavi01-1995
gatlich01,31,0.4,199502010ATL-GSW,199502010ATL-ATL,GSW-1995,0,1995,12.4,-12.437500000000002,gatlich01-1995
jennike01,26,1.7,199502010ATL-GSW,199502010ATL-ATL,GSW-1995,0,1995,44.199999999999996,-12.437500000000002,jennike01-1995
rogerca01,25,1.4,199502010ATL-GSW,199502010ATL-ATL,GSW-1995,0,1995,35,-12.437500000000002,rogerca01-1995
mortodw01,14,0.6,199502010ATL-GSW,199502010ATL-ATL,GSW-1995,0,1995,8.4,-12.437500000000002,mortodw01-1995
paytoga01,37,13.2,199502030ATL-SEA,199502030ATL-ATL,SEA-1995,1,1995,488.4,84.8,paytoga01-1995
perkisa01,32,7.4,199502030ATL-SEA,199502030ATL-ATL,SEA-1995,1,1995,236.8,84.8,perkisa01-1995
gillke01,30,10.5,199502030ATL-SEA,199502030ATL-ATL,SEA-1995,1,1995,315,84.8,gillke01-1995
schrede01,30,-5.1,199502030ATL-SEA,199502030ATL-ATL,SEA-1995,1,1995,-153,84.8,schrede01-1995
kempsh01,28,-1.7,199502030ATL-SEA,199502030ATL-ATL,SEA-1995,1,1995,-47.6,84.8,kempsh01-1995
marcisa01,25,2.2,199502030ATL-SEA,199502030ATL-ATL,SEA-1995,1,1995,55.00000000000001,84.8,marcisa01-1995
askewvi01,24,0.4,199502030ATL-SEA,199502030ATL-ATL,SEA-1995,1,1995,9.600000000000001,84.8,askewvi01-1995
mcmilna01,20,1.1,199502030ATL-SEA,199502030ATL-ATL,SEA-1995,1,1995,22,84.8,mcmilna01-1995
johnser02,6,1.3,199502030ATL-SEA,199502030ATL-ATL,SEA-1995,1,1995,7.800000000000001,84.8,johnser02-1995
houstby01,4,0.5,199502030ATL-SEA,199502030ATL-ATL,SEA-1995,1,1995,2,84.8,houstby01-1995
wingfdo01,4,-0.8,199502030ATL-SEA,199502030ATL-ATL,SEA-1995,1,1995,-3.2,84.8,wingfdo01-1995
longgr01,44,1.4,199502040DET-ATL,199502040DET-DET,ATL-1995,0,1995,61.599999999999994,18.59,longgr01-1995
blaylmo01,40,2.3,199502040DET-ATL,199502040DET-DET,ATL-1995,0,1995,92,18.59,blaylmo01-1995
langan01,28,1.2,199502040DET-ATL,199502040DET-DET,ATL-1995,0,1995,33.6,18.59,langan01-1995
ehlocr01,28,0.9,199502040DET-ATL,199502040DET-DET,ATL-1995,0,1995,25.2,18.59,ehlocr01-1995
smithst01,26,-0.8,199502040DET-ATL,199502040DET-DET,ATL-1995,0,1995,-20.8,18.59,smithst01-1995
normake01,25,3,199502040DET-ATL,199502040DET-DET,ATL-1995,0,1995,75,18.59,normake01-1995
augmost01,21,-4.3,199502040DET-ATL,199502040DET-DET,ATL-1995,0,1995,-90.3,18.59,augmost01-1995
koncajo01,13,1.7,199502040DET-ATL,199502040DET-DET,ATL-1995,0,1995,22.099999999999998,18.59,koncajo01-1995
lesji01,10,-0.4,199502040DET-ATL,199502040DET-DET,ATL-1995,0,1995,-4,18.59,lesji01-1995
corbity01,5,-1.7,199502040DET-ATL,199502040DET-DET,ATL-1995,0,1995,-8.5,18.59,corbity01-1995
blaylmo01,43,17.3,199502060PHI-ATL,199502060PHI-PHI,ATL-1995,1,1995,743.9,75.22,blaylmo01-1995
langan01,38,-3.1,199502060PHI-ATL,199502060PHI-PHI,ATL-1995,1,1995,-117.8,75.22,langan01-1995
longgr01,35,-0.2,199502060PHI-ATL,199502060PHI-PHI,ATL-1995,1,1995,-7,75.22,longgr01-1995
smithst01,34,-1,199502060PHI-ATL,199502060PHI-PHI,ATL-1995,1,1995,-34,75.22,smithst01-1995
augmost01,28,4.3,199502060PHI-ATL,199502060PHI-PHI,ATL-1995,1,1995,120.39999999999999,75.22,augmost01-1995
ehlocr01,28,0.8,199502060PHI-ATL,199502060PHI-PHI,ATL-1995,1,1995,22.400000000000002,75.22,ehlocr01-1995
normake01,13,-0.5,199502060PHI-ATL,199502060PHI-PHI,ATL-1995,1,1995,-6.5,75.22,normake01-1995
koncajo01,10,4.1,199502060PHI-ATL,199502060PHI-PHI,ATL-1995,1,1995,41,75.22,koncajo01-1995
corbity01,6,-1.2,199502060PHI-ATL,199502060PHI-PHI,ATL-1995,1,1995,-7.199999999999999,75.22,corbity01-1995
lesji01,5,-0.6,199502060PHI-ATL,199502060PHI-PHI,ATL-1995,1,1995,-3,75.22,lesji01-1995
brownpj01,41,-1.1,199502080ATL-NJN,199502080ATL-ATL,NJN-1995,0,1995,-45.1,-10.8,brownpj01-1995
gilliar01,36,3.6,199502080ATL-NJN,199502080ATL-ATL,NJN-1995,0,1995,129.6,-10.8,gilliar01-1995
benjabe01,32,-2.3,199502080ATL-NJN,199502080ATL-ATL,NJN-1995,0,1995,-73.6,-10.8,benjabe01-1995
morrich01,32,0.6,199502080ATL-NJN,199502080ATL-ATL,NJN-1995,0,1995,19.2,-10.8,morrich01-1995
floydsl01,24,-0.7,199502080ATL-NJN,199502080ATL-ATL,NJN-1995,0,1995,-16.799999999999997,-10.8,floydsl01-1995
waltere01,24,-1,199502080ATL-NJN,199502080ATL-ATL,NJN-1995,0,1995,-24,-10.8,waltere01-1995
childch01,20,-3.5,199502080ATL-NJN,199502080ATL-ATL,NJN-1995,0,1995,-70,-10.8,childch01-1995
mahorri01,13,-0.5,199502080ATL-NJN,199502080ATL-ATL,NJN-1995,0,1995,-6.5,-10.8,mahorri01-1995
schindw01,10,0.8,199502080ATL-NJN,199502080ATL-ATL,NJN-1995,0,1995,8,-10.8,schindw01-1995
willija01,8,-3.6,199502080ATL-NJN,199502080ATL-ATL,NJN-1995,0,1995,-28.8,-10.8,willija01-1995
blaylmo01,42,6.2,199502140DEN-ATL,199502140DEN-DEN,ATL-1995,1,1995,260.40000000000003,88.64444444444445,blaylmo01-1995
smithst01,41,13,199502140DEN-ATL,199502140DEN-DEN,ATL-1995,1,1995,533,88.64444444444445,smithst01-1995
langan01,40,4.3,199502140DEN-ATL,199502140DEN-DEN,ATL-1995,1,1995,172,88.64444444444445,langan01-1995
longgr01,33,-0.6,199502140DEN-ATL,199502140DEN-DEN,ATL-1995,1,1995,-19.8,88.64444444444445,longgr01-1995
corbity01,27,-1,199502140DEN-ATL,199502140DEN-DEN,ATL-1995,1,1995,-27,88.64444444444445,corbity01-1995
augmost01,26,-4.2,199502140DEN-ATL,199502140DEN-DEN,ATL-1995,1,1995,-109.2,88.64444444444445,augmost01-1995
normake01,17,-2.4,199502140DEN-ATL,199502140DEN-DEN,ATL-1995,1,1995,-40.8,88.64444444444445,normake01-1995
koncajo01,8,4.4,199502140DEN-ATL,199502140DEN-DEN,ATL-1995,1,1995,35.2,88.64444444444445,koncajo01-1995
lesji01,6,-1,199502140DEN-ATL,199502140DEN-DEN,ATL-1995,1,1995,-6,88.64444444444445,lesji01-1995
augmost01,39,0.6,199502170DAL-ATL,199502170DAL-DAL,ATL-1995,1,1995,23.4,82.66666666666666,augmost01-1995
langan01,39,1.1,199502170DAL-ATL,199502170DAL-DAL,ATL-1995,1,1995,42.900000000000006,82.66666666666666,langan01-1995
blaylmo01,34,13.2,199502170DAL-ATL,199502170DAL-DAL,ATL-1995,1,1995,448.79999999999995,82.66666666666666,blaylmo01-1995
smithst01,32,3.4,199502170DAL-ATL,199502170DAL-DAL,ATL-1995,1,1995,108.8,82.66666666666666,smithst01-1995
longgr01,26,0.5,199502170DAL-ATL,199502170DAL-DAL,ATL-1995,1,1995,13,82.66666666666666,longgr01-1995
normake01,26,1,199502170DAL-ATL,199502170DAL-DAL,ATL-1995,1,1995,26,82.66666666666666,normake01-1995
corbity01,21,5.9,199502170DAL-ATL,199502170DAL-DAL,ATL-1995,1,1995,123.9,82.66666666666666,corbity01-1995
lesji01,14,-3.7,199502170DAL-ATL,199502170DAL-DAL,ATL-1995,1,1995,-51.800000000000004,82.66666666666666,lesji01-1995
koncajo01,9,1,199502170DAL-ATL,199502170DAL-DAL,ATL-1995,1,1995,9,82.66666666666666,koncajo01-1995
blaylmo01,42,4.8,199502180SAS-ATL,199502180SAS-SAS,ATL-1995,0,1995,201.6,20.745454545454546,blaylmo01-1995
smithst01,37,-0.6,199502180SAS-ATL,199502180SAS-SAS,ATL-1995,0,1995,-22.2,20.745454545454546,smithst01-1995
longgr01,33,-1.8,199502180SAS-ATL,199502180SAS-SAS,ATL-1995,0,1995,-59.4,20.745454545454546,longgr01-1995
augmost01,30,1.7,199502180SAS-ATL,199502180SAS-SAS,ATL-1995,0,1995,51,20.745454545454546,augmost01-1995
corbity01,28,-0.8,199502180SAS-ATL,199502180SAS-SAS,ATL-1995,0,1995,-22.400000000000002,20.745454545454546,corbity01-1995
langan01,26,-3.2,199502180SAS-ATL,199502180SAS-SAS,ATL-1995,0,1995,-83.2,20.745454545454546,langan01-1995
normake01,23,8.5,199502180SAS-ATL,199502180SAS-SAS,ATL-1995,0,1995,195.5,20.745454545454546,normake01-1995
koncajo01,8,-2.8,199502180SAS-ATL,199502180SAS-SAS,ATL-1995,0,1995,-22.4,20.745454545454546,koncajo01-1995
andergr01,7,-0.7,199502180SAS-ATL,199502180SAS-SAS,ATL-1995,0,1995,-4.8999999999999995,20.745454545454546,andergr01-1995
lesji01,4,-2.6,199502180SAS-ATL,199502180SAS-SAS,ATL-1995,0,1995,-10.4,20.745454545454546,lesji01-1995
edwardo01,2,2.5,199502180SAS-ATL,199502180SAS-SAS,ATL-1995,0,1995,5,20.745454545454546,edwardo01-1995
pippesc01,36,2.5,199502210ATL-CHI,199502210ATL-ATL,CHI-1995,1,1995,90,68.71666666666667,pippesc01-1995
kukocto01,32,11.6,199502210ATL-CHI,199502210ATL-ATL,CHI-1995,1,1995,371.2,68.71666666666667,kukocto01-1995
armstbj01,29,3.2,199502210ATL-CHI,199502210ATL-ATL,CHI-1995,1,1995,92.80000000000001,68.71666666666667,armstbj01-1995
myerspe01,27,4.9,199502210ATL-CHI,199502210ATL-ATL,CHI-1995,1,1995,132.3,68.71666666666667,myerspe01-1995
perduwi01,25,0.1,199502210ATL-CHI,199502210ATL-ATL,CHI-1995,1,1995,2.5,68.71666666666667,perduwi01-1995
blounco01,24,3.9,199502210ATL-CHI,199502210ATL-ATL,CHI-1995,1,1995,93.6,68.71666666666667,blounco01-1995
harpero01,22,0.1,199502210ATL-CHI,199502210ATL-ATL,CHI-1995,1,1995,2.2,68.71666666666667,harpero01-1995
kerrst01,19,3.1,199502210ATL-CHI,199502210ATL-ATL,CHI-1995,1,1995,58.9,68.71666666666667,kerrst01-1995
longllu01,10,-0.9,199502210ATL-CHI,199502210ATL-ATL,CHI-1995,1,1995,-9,68.71666666666667,longllu01-1995
wennibi01,9,1.5,199502210ATL-CHI,199502210ATL-ATL,CHI-1995,1,1995,13.5,68.71666666666667,wennibi01-1995
buechju01,4,-4.5,199502210ATL-CHI,199502210ATL-ATL,CHI-1995,1,1995,-18,68.71666666666667,buechju01-1995
simpkdi01,3,-1.8,199502210ATL-CHI,199502210ATL-ATL,CHI-1995,1,1995,-5.4,68.71666666666667,simpkdi01-1995
harrilu01,43,4.8,199502230ATL-DAL,199502230ATL-ATL,DAL-1995,0,1995,206.4,-1.1899999999999993,harrilu01-1995
mashbja01,34,-4.5,199502230ATL-DAL,199502230ATL-ATL,DAL-1995,0,1995,-153,-1.1899999999999993,mashbja01-1995
jacksji01,31,-0.7,199502230ATL-DAL,199502230ATL-ATL,DAL-1995,0,1995,-21.7,-1.1899999999999993,jacksji01-1995
daviste01,30,-3.4,199502230ATL-DAL,199502230ATL-ATL,DAL-1995,0,1995,-102,-1.1899999999999993,daviste01-1995
willilo01,28,2.7,199502230ATL-DAL,199502230ATL-ATL,DAL-1995,0,1995,75.60000000000001,-1.1899999999999993,willilo01-1995
jonespo01,23,-2.9,199502230ATL-DAL,199502230ATL-ATL,DAL-1995,0,1995,-66.7,-1.1899999999999993,jonespo01-1995
mccloge01,22,2.4,199502230ATL-DAL,199502230ATL-ATL,DAL-1995,0,1995,52.8,-1.1899999999999993,mccloge01-1995
dumasto01,12,-0.3,199502230ATL-DAL,199502230ATL-ATL,DAL-1995,0,1995,-3.5999999999999996,-1.1899999999999993,dumasto01-1995
hodgedo01,12,1.4,199502230ATL-DAL,199502230ATL-ATL,DAL-1995,0,1995,16.799999999999997,-1.1899999999999993,hodgedo01-1995
wileymo01,5,-3.3,199502230ATL-DAL,199502230ATL-ATL,DAL-1995,0,1995,-16.5,-1.1899999999999993,wileymo01-1995
blaylmo01,42,11.7,199502240WSB-ATL,199502240WSB-WSB,ATL-1995,1,1995,491.4,78.91,blaylmo01-1995
longgr01,40,-2,199502240WSB-ATL,199502240WSB-WSB,ATL-1995,1,1995,-80,78.91,longgr01-1995
langan01,39,2.3,199502240WSB-ATL,199502240WSB-WSB,ATL-1995,1,1995,89.69999999999999,78.91,langan01-1995
smithst01,37,5.7,199502240WSB-ATL,199502240WSB-WSB,ATL-1995,1,1995,210.9,78.91,smithst01-1995
normake01,31,1,199502240WSB-ATL,199502240WSB-WSB,ATL-1995,1,1995,31,78.91,normake01-1995
augmost01,27,2.1,199502240WSB-ATL,199502240WSB-WSB,ATL-1995,1,1995,56.7,78.91,augmost01-1995
koncajo01,9,2.6,199502240WSB-ATL,199502240WSB-WSB,ATL-1995,1,1995,23.400000000000002,78.91,koncajo01-1995
corbity01,8,-2.1,199502240WSB-ATL,199502240WSB-WSB,ATL-1995,1,1995,-16.8,78.91,corbity01-1995
lesji01,6,-2.7,199502240WSB-ATL,199502240WSB-WSB,ATL-1995,1,1995,-16.200000000000003,78.91,lesji01-1995
edwardo01,1,-1,199502240WSB-ATL,199502240WSB-WSB,ATL-1995,1,1995,-1,78.91,edwardo01-1995
richmmi01,34,0.8,199502270ATL-SAC,199502270ATL-ATL,SAC-1995,0,1995,27.200000000000003,0.6454545454545402,richmmi01-1995
polynol01,32,-1.1,199502270ATL-SAC,199502270ATL-ATL,SAC-1995,0,1995,-35.2,0.6454545454545402,polynol01-1995
grantbr01,29,4.1,199502270ATL-SAC,199502270ATL-ATL,SAC-1995,0,1995,118.89999999999999,0.6454545454545402,grantbr01-1995
simmoli01,29,5.1,199502270ATL-SAC,199502270ATL-ATL,SAC-1995,0,1995,147.89999999999998,0.6454545454545402,simmoli01-1995
webbsp01,29,-7.4,199502270ATL-SAC,199502270ATL-ATL,SAC-1995,0,1995,-214.60000000000002,0.6454545454545402,webbsp01-1995
smithmi02,22,2.3,199502270ATL-SAC,199502270ATL-ATL,SAC-1995,0,1995,50.599999999999994,0.6454545454545402,smithmi02-1995
brownra02,19,-5.8,199502270ATL-SAC,199502270ATL-ATL,SAC-1995,0,1995,-110.2,0.6454545454545402,brownra02-1995
hurlebo01,19,1.6,199502270ATL-SAC,199502270ATL-ATL,SAC-1995,0,1995,30.400000000000002,0.6454545454545402,hurlebo01-1995
abdelal01,14,1.5,199502270ATL-SAC,199502270ATL-ATL,SAC-1995,0,1995,21,0.6454545454545402,abdelal01-1995
turnehe02,11,-2.3,199502270ATL-SAC,199502270ATL-ATL,SAC-1995,0,1995,-25.299999999999997,0.6454545454545402,turnehe02-1995
causwdu01,2,-1.8,199502270ATL-SAC,199502270ATL-ATL,SAC-1995,0,1995,-3.6,0.6454545454545402,causwdu01-1995
blaylmo01,41,-6.2,199503020MIL-ATL,199503020MIL-MIL,ATL-1995,0,1995,-254.20000000000002,27.729999999999997,blaylmo01-1995
smithst01,38,5.7,199503020MIL-ATL,199503020MIL-MIL,ATL-1995,0,1995,216.6,27.729999999999997,smithst01-1995
augmost01,37,7.5,199503020MIL-ATL,199503020MIL-MIL,ATL-1995,0,1995,277.5,27.729999999999997,augmost01-1995
longgr01,37,5.3,199503020MIL-ATL,199503020MIL-MIL,ATL-1995,0,1995,196.1,27.729999999999997,longgr01-1995
langan01,35,-2.8,199503020MIL-ATL,199503020MIL-MIL,ATL-1995,0,1995,-98,27.729999999999997,langan01-1995
normake01,21,-1.2,199503020MIL-ATL,199503020MIL-MIL,ATL-1995,0,1995,-25.2,27.729999999999997,normake01-1995
corbity01,11,-0.7,199503020MIL-ATL,199503020MIL-MIL,ATL-1995,0,1995,-7.699999999999999,27.729999999999997,corbity01-1995
koncajo01,7,-1,199503020MIL-ATL,199503020MIL-MIL,ATL-1995,0,1995,-7,27.729999999999997,koncajo01-1995
whatlen01,7,-1,199503020MIL-ATL,199503020MIL-MIL,ATL-1995,0,1995,-7,27.729999999999997,whatlen01-1995
andergr01,6,-2.3,199503020MIL-ATL,199503020MIL-MIL,ATL-1995,0,1995,-13.799999999999999,27.729999999999997,andergr01-1995
dumarjo01,39,-5.1,199503030ATL-DET,199503030ATL-ATL,DET-1995,0,1995,-198.89999999999998,-4.669999999999996,dumarjo01-1995
houstal01,37,-3.9,199503030ATL-DET,199503030ATL-ATL,DET-1995,0,1995,-144.29999999999998,-4.669999999999996,houstal01-1995
millste01,36,8.5,199503030ATL-DET,199503030ATL-ATL,DET-1995,0,1995,306,-4.669999999999996,millste01-1995
milleol01,33,3.1,199503030ATL-DET,199503030ATL-ATL,DET-1995,0,1995,102.3,-4.669999999999996,milleol01-1995
addisra01,28,-3.6,199503030ATL-DET,199503030ATL-ATL,DET-1995,0,1995,-100.8,-4.669999999999996,addisra01-1995
hillgr01,24,0.3,199503030ATL-DET,199503030ATL-ATL,DET-1995,0,1995,7.199999999999999,-4.669999999999996,hillgr01-1995
westma01,18,-3.3,199503030ATL-DET,199503030ATL-ATL,DET-1995,0,1995,-59.4,-4.669999999999996,westma01-1995
knighne01,13,4.8,199503030ATL-DET,199503030ATL-ATL,DET-1995,0,1995,62.4,-4.669999999999996,knighne01-1995
maconma01,7,-2.1,199503030ATL-DET,199503030ATL-ATL,DET-1995,0,1995,-14.700000000000001,-4.669999999999996,maconma01-1995
leckner01,5,-1.3,199503030ATL-DET,199503030ATL-ATL,DET-1995,0,1995,-6.5,-4.669999999999996,leckner01-1995
blaylmo01,49,5.9,199503050ORL-ATL,199503050ORL-ORL,ATL-1995,0,1995,289.1,65.3,blaylmo01-1995
smithst01,45,-3,199503050ORL-ATL,199503050ORL-ORL,ATL-1995,0,1995,-135,65.3,smithst01-1995
augmost01,43,7.5,199503050ORL-ATL,199503050ORL-ORL,ATL-1995,0,1995,322.5,65.3,augmost01-1995
longgr01,37,5.4,199503050ORL-ATL,199503050ORL-ORL,ATL-1995,0,1995,199.8,65.3,longgr01-1995
langan01,29,-0.3,199503050ORL-ATL,199503050ORL-ORL,ATL-1995,0,1995,-8.7,65.3,langan01-1995
koncajo01,23,-3.4,199503050ORL-ATL,199503050ORL-ORL,ATL-1995,0,1995,-78.2,65.3,koncajo01-1995
normake01,18,2,199503050ORL-ATL,199503050ORL-ORL,ATL-1995,0,1995,36,65.3,normake01-1995
corbity01,16,2,199503050ORL-ATL,199503050ORL-ORL,ATL-1995,0,1995,32,65.3,corbity01-1995
whatlen01,4,-1.1,199503050ORL-ATL,199503050ORL-ORL,ATL-1995,0,1995,-4.4,65.3,whatlen01-1995
andergr01,1,-0.1,199503050ORL-ATL,199503050ORL-ORL,ATL-1995,0,1995,-0.1,65.3,andergr01-1995
roseja01,34,7.9,199503080ATL-DEN,199503080ATL-ATL,DEN-1995,0,1995,268.6,12.463636363636367,roseja01-1995
abdulma02,30,-2.9,199503080ATL-DEN,199503080ATL-ATL,DEN-1995,0,1995,-87,12.463636363636367,abdulma02-1995
mutomdi01,28,-1.4,199503080ATL-DEN,199503080ATL-ATL,DEN-1995,0,1995,-39.199999999999996,12.463636363636367,mutomdi01-1995
willire01,24,3.5,199503080ATL-DEN,199503080ATL-ATL,DEN-1995,0,1995,84,12.463636363636367,willire01-1995
stithbr01,24,0.5,199503080ATL-DEN,199503080ATL-ATL,DEN-1995,0,1995,12,12.463636363636367,stithbr01-1995
hammoto01,21,2.3,199503080ATL-DEN,199503080ATL-ATL,DEN-1995,0,1995,48.3,12.463636363636367,hammoto01-1995
levincl01,20,-1.9,199503080ATL-DEN,199503080ATL-ATL,DEN-1995,0,1995,-38,12.463636363636367,levincl01-1995
rogerro01,19,-5,199503080ATL-DEN,199503080ATL-ATL,DEN-1995,0,1995,-95,12.463636363636367,rogerro01-1995
ellisda01,19,-1.1,199503080ATL-DEN,199503080ATL-ATL,DEN-1995,0,1995,-20.900000000000002,12.463636363636367,ellisda01-1995
randama01,11,-0.7,199503080ATL-DEN,199503080ATL-ATL,DEN-1995,0,1995,-7.699999999999999,12.463636363636367,randama01-1995
recasel01,10,1.2,199503080ATL-DEN,199503080ATL-ATL,DEN-1995,0,1995,12,12.463636363636367,recasel01-1995
masonan01,35,6.3,199503100ATL-NYK,199503100ATL-ATL,NYK-1995,0,1995,220.5,-8.733333333333327,masonan01-1995
ewingpa01,33,-8.7,199503100ATL-NYK,199503100ATL-ATL,NYK-1995,0,1995,-287.09999999999997,-8.733333333333327,ewingpa01-1995
oaklech01,25,-4.6,199503100ATL-NYK,199503100ATL-ATL,NYK-1995,0,1995,-114.99999999999999,-8.733333333333327,oaklech01-1995
starkjo01,24,6.9,199503100ATL-NYK,199503100ATL-ATL,NYK-1995,0,1995,165.60000000000002,-8.733333333333327,starkjo01-1995
davishu01,22,-3.9,199503100ATL-NYK,199503100ATL-ATL,NYK-1995,0,1995,-85.8,-8.733333333333327,davishu01-1995
harpede01,21,-1,199503100ATL-NYK,199503100ATL-ATL,NYK-1995,0,1995,-21,-8.733333333333327,harpede01-1995
anthogr01,21,5.5,199503100ATL-NYK,199503100ATL-ATL,NYK-1995,0,1995,115.5,-8.733333333333327,anthogr01-1995
bonnean01,18,-4.8,199503100ATL-NYK,199503100ATL-ATL,NYK-1995,0,1995,-86.39999999999999,-8.733333333333327,bonnean01-1995
willihe01,15,-0.3,199503100ATL-NYK,199503100ATL-ATL,NYK-1995,0,1995,-4.5,-8.733333333333327,willihe01-1995
willimo01,10,0.4,199503100ATL-NYK,199503100ATL-ATL,NYK-1995,0,1995,4,-8.733333333333327,willimo01-1995
chrisdo01,9,-0.4,199503100ATL-NYK,199503100ATL-ATL,NYK-1995,0,1995,-3.6,-8.733333333333327,chrisdo01-1995
wardch01,7,-1,199503100ATL-NYK,199503100ATL-ATL,NYK-1995,0,1995,-7,-8.733333333333327,wardch01-1995
blaylmo01,41,-2.3,199503120BOS-ATL,199503120BOS-BOS,ATL-1995,1,1995,-94.3,59.68888888888889,blaylmo01-1995
normake01,41,13.4,199503120BOS-ATL,199503120BOS-BOS,ATL-1995,1,1995,549.4,59.68888888888889,normake01-1995
smithst01,37,1.6,199503120BOS-ATL,199503120BOS-BOS,ATL-1995,1,1995,59.2,59.68888888888889,smithst01-1995
longgr01,34,-1.7,199503120BOS-ATL,199503120BOS-BOS,ATL-1995,1,1995,-57.8,59.68888888888889,longgr01-1995
langan01,29,3.6,199503120BOS-ATL,199503120BOS-BOS,ATL-1995,1,1995,104.4,59.68888888888889,langan01-1995
corbity01,27,-1.3,199503120BOS-ATL,199503120BOS-BOS,ATL-1995,1,1995,-35.1,59.68888888888889,corbity01-1995
andergr01,19,1.1,199503120BOS-ATL,199503120BOS-BOS,ATL-1995,1,1995,20.900000000000002,59.68888888888889,andergr01-1995
whatlen01,7,-1.5,199503120BOS-ATL,199503120BOS-BOS,ATL-1995,1,1995,-10.5,59.68888888888889,whatlen01-1995
edwardo01,5,0.2,199503120BOS-ATL,199503120BOS-BOS,ATL-1995,1,1995,1,59.68888888888889,edwardo01-1995
olajuha01,44,10.9,199503130ATL-HOU,199503130ATL-ATL,HOU-1995,1,1995,479.6,72.27,olajuha01-1995
drexlcl01,35,-3.3,199503130ATL-HOU,199503130ATL-ATL,HOU-1995,1,1995,-115.5,72.27,drexlcl01-1995
maxweve01,32,-0.8,199503130ATL-HOU,199503130ATL-ATL,HOU-1995,1,1995,-25.6,72.27,maxweve01-1995
herreca01,32,7.1,199503130ATL-HOU,199503130ATL-ATL,HOU-1995,1,1995,227.2,72.27,herreca01-1995
cassesa01,29,-1.2,199503130ATL-HOU,199503130ATL-ATL,HOU-1995,1,1995,-34.8,72.27,cassesa01-1995
eliema01,25,6.9,199503130ATL-HOU,199503130ATL-ATL,HOU-1995,1,1995,172.5,72.27,eliema01-1995
smithke01,19,0.9,199503130ATL-HOU,199503130ATL-ATL,HOU-1995,1,1995,17.1,72.27,smithke01-1995
brownch01,14,0.4,199503130ATL-HOU,199503130ATL-ATL,HOU-1995,1,1995,5.6000000000000005,72.27,brownch01-1995
chilcpe01,6,-0.1,199503130ATL-HOU,199503130ATL-ATL,HOU-1995,1,1995,-0.6000000000000001,72.27,chilcpe01-1995
murratr01,4,-0.7,199503130ATL-HOU,199503130ATL-ATL,HOU-1995,1,1995,-2.8,72.27,murratr01-1995
normake01,45,0,199503150CHI-ATL,199503150CHI-CHI,ATL-1995,0,1995,0,0.9300000000000004,normake01-1995
smithst01,38,2.6,199503150CHI-ATL,199503150CHI-CHI,ATL-1995,0,1995,98.8,0.9300000000000004,smithst01-1995
blaylmo01,36,-5.8,199503150CHI-ATL,199503150CHI-CHI,ATL-1995,0,1995,-208.79999999999998,0.9300000000000004,blaylmo01-1995
langan01,34,3.8,199503150CHI-ATL,199503150CHI-CHI,ATL-1995,0,1995,129.2,0.9300000000000004,langan01-1995
longgr01,27,1.2,199503150CHI-ATL,199503150CHI-CHI,ATL-1995,0,1995,32.4,0.9300000000000004,longgr01-1995
corbity01,25,-4,199503150CHI-ATL,199503150CHI-CHI,ATL-1995,0,1995,-100,0.9300000000000004,corbity01-1995
andergr01,14,1.7,199503150CHI-ATL,199503150CHI-CHI,ATL-1995,0,1995,23.8,0.9300000000000004,andergr01-1995
wileymo01,9,3.9,199503150CHI-ATL,199503150CHI-CHI,ATL-1995,0,1995,35.1,0.9300000000000004,wileymo01-1995
edwardo01,6,0.3,199503150CHI-ATL,199503150CHI-CHI,ATL-1995,0,1995,1.7999999999999998,0.9300000000000004,edwardo01-1995
whatlen01,6,-0.5,199503150CHI-ATL,199503150CHI-CHI,ATL-1995,0,1995,-3,0.9300000000000004,whatlen01-1995
barklch01,44,5.9,199503180ATL-PHO,199503180ATL-ATL,PHO-1995,0,1995,259.6,53.95,barklch01-1995
majerda01,44,0.4,199503180ATL-PHO,199503180ATL-ATL,PHO-1995,0,1995,17.6,53.95,majerda01-1995
johnske02,37,5.9,199503180ATL-PHO,199503180ATL-ATL,PHO-1995,0,1995,218.3,53.95,johnske02-1995
greenac01,25,6.5,199503180ATL-PHO,199503180ATL-ATL,PHO-1995,0,1995,162.5,53.95,greenac01-1995
aingeda01,20,-5,199503180ATL-PHO,199503180ATL-ATL,PHO-1995,0,1995,-100,53.95,aingeda01-1995
persowe01,19,1.1,199503180ATL-PHO,199503180ATL-ATL,PHO-1995,0,1995,20.900000000000002,53.95,persowe01-1995
schayda01,14,-2.1,199503180ATL-PHO,199503180ATL-ATL,PHO-1995,0,1995,-29.400000000000002,53.95,schayda01-1995
dumasri02,14,1,199503180ATL-PHO,199503180ATL-ATL,PHO-1995,0,1995,14,53.95,dumasri02-1995
perryel01,13,-3,199503180ATL-PHO,199503180ATL-ATL,PHO-1995,0,1995,-39,53.95,perryel01-1995
kleinjo01,10,1.5,199503180ATL-PHO,199503180ATL-ATL,PHO-1995,0,1995,15,53.95,kleinjo01-1995
murrala01,45,3,199503200ATL-LAC,199503200ATL-ATL,LAC-1995,0,1995,135,26.555555555555554,murrala01-1995
vaughlo01,40,-3.4,199503200ATL-LAC,199503200ATL-ATL,LAC-1995,0,1995,-136,26.555555555555554,vaughlo01-1995
richapo01,39,7.1,199503200ATL-LAC,199503200ATL-ATL,LAC-1995,0,1995,276.9,26.555555555555554,richapo01-1995
masseto01,36,-2,199503200ATL-LAC,199503200ATL-ATL,LAC-1995,0,1995,-72,26.555555555555554,masseto01-1995
ellisha01,21,3.5,199503200ATL-LAC,199503200ATL-ATL,LAC-1995,0,1995,73.5,26.555555555555554,ellisha01-1995
piatker01,19,1.9,199503200ATL-LAC,199503200ATL-ATL,LAC-1995,0,1995,36.1,26.555555555555554,piatker01-1995
deherte01,18,-0.9,199503200ATL-LAC,199503200ATL-ATL,LAC-1995,0,1995,-16.2,26.555555555555554,deherte01-1995
outlabo01,11,-0.9,199503200ATL-LAC,199503200ATL-ATL,LAC-1995,0,1995,-9.9,26.555555555555554,outlabo01-1995
smithmi01,11,-4.4,199503200ATL-LAC,199503200ATL-ATL,LAC-1995,0,1995,-48.400000000000006,26.555555555555554,smithmi01-1995
willike02,42,10.9,199503220ATL-MIA,199503220ATL-ATL,MIA-1995,1,1995,457.8,66.43333333333334,willike02-1995
ricegl01,40,-6,199503220ATL-MIA,199503220ATL-ATL,MIA-1995,1,1995,-240,66.43333333333334,ricegl01-1995
owensbi01,39,3.8,199503220ATL-MIA,199503220ATL-ATL,MIA-1995,1,1995,148.2,66.43333333333334,owensbi01-1995
reevekh01,33,1.8,199503220ATL-MIA,199503220ATL-ATL,MIA-1995,1,1995,59.4,66.43333333333334,reevekh01-1995
minerha01,23,2.4,199503220ATL-MIA,199503220ATL-ATL,MIA-1995,1,1995,55.199999999999996,66.43333333333334,minerha01-1995
geigema01,21,1,199503220ATL-MIA,199503220ATL-ATL,MIA-1995,1,1995,21,66.43333333333334,geigema01-1995
sallejo01,20,3.7,199503220ATL-MIA,199503220ATL-ATL,MIA-1995,1,1995,74,66.43333333333334,sallejo01-1995
askinke01,13,1.3,199503220ATL-MIA,199503220ATL-ATL,MIA-1995,1,1995,16.900000000000002,66.43333333333334,askinke01-1995
gamblke01,9,0.6,199503220ATL-MIA,199503220ATL-ATL,MIA-1995,1,1995,5.3999999999999995,66.43333333333334,gamblke01-1995
blaylmo01,40,9.5,199503240CLE-ATL,199503240CLE-CLE,ATL-1995,0,1995,380,45.088888888888896,blaylmo01-1995
smithst01,38,-10.2,199503240CLE-ATL,199503240CLE-CLE,ATL-1995,0,1995,-387.59999999999997,45.088888888888896,smithst01-1995
langan01,35,7.1,199503240CLE-ATL,199503240CLE-CLE,ATL-1995,0,1995,248.5,45.088888888888896,langan01-1995
augmost01,33,8,199503240CLE-ATL,199503240CLE-CLE,ATL-1995,0,1995,264,45.088888888888896,augmost01-1995
normake01,31,-3.8,199503240CLE-ATL,199503240CLE-CLE,ATL-1995,0,1995,-117.8,45.088888888888896,normake01-1995
longgr01,29,-1.4,199503240CLE-ATL,199503240CLE-CLE,ATL-1995,0,1995,-40.599999999999994,45.088888888888896,longgr01-1995
corbity01,19,4,199503240CLE-ATL,199503240CLE-CLE,ATL-1995,0,1995,76,45.088888888888896,corbity01-1995
whatlen01,8,-0.6,199503240CLE-ATL,199503240CLE-CLE,ATL-1995,0,1995,-4.8,45.088888888888896,whatlen01-1995
andergr01,7,-1.7,199503240CLE-ATL,199503240CLE-CLE,ATL-1995,0,1995,-11.9,45.088888888888896,andergr01-1995
jordami01,43,7.7,199503250ATL-CHI,199503250ATL-ATL,CHI-1995,1,1995,331.1,60.333333333333336,jordami01-1995
pippesc01,43,3.6,199503250ATL-CHI,199503250ATL-ATL,CHI-1995,1,1995,154.8,60.333333333333336,pippesc01-1995
armstbj01,33,-1.9,199503250ATL-CHI,199503250ATL-ATL,CHI-1995,1,1995,-62.699999999999996,60.333333333333336,armstbj01-1995
kukocto01,33,9,199503250ATL-CHI,199503250ATL-ATL,CHI-1995,1,1995,297,60.333333333333336,kukocto01-1995
longllu01,28,-0.3,199503250ATL-CHI,199503250ATL-ATL,CHI-1995,1,1995,-8.4,60.333333333333336,longllu01-1995
kerrst01,16,1.9,199503250ATL-CHI,199503250ATL-ATL,CHI-1995,1,1995,30.4,60.333333333333336,kerrst01-1995
perduwi01,15,0,199503250ATL-CHI,199503250ATL-ATL,CHI-1995,1,1995,0,60.333333333333336,perduwi01-1995
harpero01,10,-1.1,199503250ATL-CHI,199503250ATL-ATL,CHI-1995,1,1995,-11,60.333333333333336,harpero01-1995
myerspe01,8,-0.2,199503250ATL-CHI,199503250ATL-ATL,CHI-1995,1,1995,-1.6,60.333333333333336,myerspe01-1995
krystla01,7,-0.2,199503250ATL-CHI,199503250ATL-ATL,CHI-1995,1,1995,-1.4000000000000001,60.333333333333336,krystla01-1995
wennibi01,3,-1.4,199503250ATL-CHI,199503250ATL-ATL,CHI-1995,1,1995,-4.199999999999999,60.333333333333336,wennibi01-1995
blounco01,1,0,199503250ATL-CHI,199503250ATL-ATL,CHI-1995,1,1995,0,60.333333333333336,blounco01-1995
longgr01,44,2.5,199503280POR-ATL,199503280POR-POR,ATL-1995,1,1995,110,111.01111111111112,longgr01-1995
smithst01,40,4.1,199503280POR-ATL,199503280POR-POR,ATL-1995,1,1995,164,111.01111111111112,smithst01-1995
blaylmo01,39,17.8,199503280POR-ATL,199503280POR-POR,ATL-1995,1,1995,694.2,111.01111111111112,blaylmo01-1995
langan01,34,4,199503280POR-ATL,199503280POR-POR,ATL-1995,1,1995,136,111.01111111111112,langan01-1995
augmost01,33,0.4,199503280POR-ATL,199503280POR-POR,ATL-1995,1,1995,13.200000000000001,111.01111111111112,augmost01-1995
normake01,19,-3.1,199503280POR-ATL,199503280POR-POR,ATL-1995,1,1995,-58.9,111.01111111111112,normake01-1995
corbity01,14,-2.8,199503280POR-ATL,199503280POR-POR,ATL-1995,1,1995,-39.199999999999996,111.01111111111112,corbity01-1995
whatlen01,9,-2.6,199503280POR-ATL,199503280POR-POR,ATL-1995,1,1995,-23.400000000000002,111.01111111111112,whatlen01-1995
andergr01,8,0.4,199503280POR-ATL,199503280POR-POR,ATL-1995,1,1995,3.2,111.01111111111112,andergr01-1995
langan01,33,1.5,199503300GSW-ATL,199503300GSW-GSW,ATL-1995,1,1995,49.5,59.06666666666666,langan01-1995
longgr01,32,7.8,199503300GSW-ATL,199503300GSW-GSW,ATL-1995,1,1995,249.6,59.06666666666666,longgr01-1995
smithst01,32,6.8,199503300GSW-ATL,199503300GSW-GSW,ATL-1995,1,1995,217.6,59.06666666666666,smithst01-1995
blaylmo01,27,3.8,199503300GSW-ATL,199503300GSW-GSW,ATL-1995,1,1995,102.6,59.06666666666666,blaylmo01-1995
augmost01,23,-0.7,199503300GSW-ATL,199503300GSW-GSW,ATL-1995,1,1995,-16.099999999999998,59.06666666666666,augmost01-1995
corbity01,23,-2.8,199503300GSW-ATL,199503300GSW-GSW,ATL-1995,1,1995,-64.39999999999999,59.06666666666666,corbity01-1995
whatlen01,21,8.9,199503300GSW-ATL,199503300GSW-GSW,ATL-1995,1,1995,186.9,59.06666666666666,whatlen01-1995
andergr01,15,0,199503300GSW-ATL,199503300GSW-GSW,ATL-1995,1,1995,0,59.06666666666666,andergr01-1995
ehlocr01,13,2.3,199503300GSW-ATL,199503300GSW-GSW,ATL-1995,1,1995,29.9,59.06666666666666,ehlocr01-1995
normake01,12,-3.1,199503300GSW-ATL,199503300GSW-GSW,ATL-1995,1,1995,-37.2,59.06666666666666,normake01-1995
edwardo01,5,-1.2,199503300GSW-ATL,199503300GSW-GSW,ATL-1995,1,1995,-6,59.06666666666666,edwardo01-1995
koncajo01,4,-0.9,199503300GSW-ATL,199503300GSW-GSW,ATL-1995,1,1995,-3.6,59.06666666666666,koncajo01-1995
smithst01,41,2.2,199503310LAL-ATL,199503310LAL-LAL,ATL-1995,0,1995,90.2,-1.539999999999998,smithst01-1995
blaylmo01,36,-4.6,199503310LAL-ATL,199503310LAL-LAL,ATL-1995,0,1995,-165.6,-1.539999999999998,blaylmo01-1995
langan01,33,1.8,199503310LAL-ATL,199503310LAL-LAL,ATL-1995,0,1995,59.4,-1.539999999999998,langan01-1995
longgr01,30,-3.9,199503310LAL-ATL,199503310LAL-LAL,ATL-1995,0,1995,-117,-1.539999999999998,longgr01-1995
corbity01,26,5.7,199503310LAL-ATL,199503310LAL-LAL,ATL-1995,0,1995,148.20000000000002,-1.539999999999998,corbity01-1995
augmost01,20,-2.7,199503310LAL-ATL,199503310LAL-LAL,ATL-1995,0,1995,-54,-1.539999999999998,augmost01-1995
normake01,18,-3.1,199503310LAL-ATL,199503310LAL-LAL,ATL-1995,0,1995,-55.800000000000004,-1.539999999999998,normake01-1995
andergr01,14,0.9,199503310LAL-ATL,199503310LAL-LAL,ATL-1995,0,1995,12.6,-1.539999999999998,andergr01-1995
whatlen01,12,0.3,199503310LAL-ATL,199503310LAL-LAL,ATL-1995,0,1995,3.5999999999999996,-1.539999999999998,whatlen01-1995
ehlocr01,10,6.3,199503310LAL-ATL,199503310LAL-LAL,ATL-1995,0,1995,63,-1.539999999999998,ehlocr01-1995
smithst01,37,4.3,199504020SEA-ATL,199504020SEA-SEA,ATL-1995,0,1995,159.1,7.139999999999995,smithst01-1995
blaylmo01,35,-2.6,199504020SEA-ATL,199504020SEA-SEA,ATL-1995,0,1995,-91,7.139999999999995,blaylmo01-1995
longgr01,34,5.1,199504020SEA-ATL,199504020SEA-SEA,ATL-1995,0,1995,173.39999999999998,7.139999999999995,longgr01-1995
langan01,30,-4.9,199504020SEA-ATL,199504020SEA-SEA,ATL-1995,0,1995,-147,7.139999999999995,langan01-1995
augmost01,24,-0.4,199504020SEA-ATL,199504020SEA-SEA,ATL-1995,0,1995,-9.600000000000001,7.139999999999995,augmost01-1995
corbity01,20,-2.7,199504020SEA-ATL,199504020SEA-SEA,ATL-1995,0,1995,-54,7.139999999999995,corbity01-1995
andergr01,18,-2.2,199504020SEA-ATL,199504020SEA-SEA,ATL-1995,0,1995,-39.6,7.139999999999995,andergr01-1995
ehlocr01,15,8.8,199504020SEA-ATL,199504020SEA-SEA,ATL-1995,0,1995,132,7.139999999999995,ehlocr01-1995
normake01,14,-6.4,199504020SEA-ATL,199504020SEA-SEA,ATL-1995,0,1995,-89.60000000000001,7.139999999999995,normake01-1995
whatlen01,13,2.9,199504020SEA-ATL,199504020SEA-SEA,ATL-1995,0,1995,37.699999999999996,7.139999999999995,whatlen01-1995
williho01,39,4.6,199504050ATL-CLE,199504050ATL-ATL,CLE-1995,0,1995,179.39999999999998,-3.908333333333336,williho01-1995
phillbo01,35,-3.5,199504050ATL-CLE,199504050ATL-ATL,CLE-1995,0,1995,-122.5,-3.908333333333336,phillbo01-1995
pricema01,33,-4.3,199504050ATL-CLE,199504050ATL-ATL,CLE-1995,0,1995,-141.9,-3.908333333333336,pricema01-1995
millsch01,30,-6.1,199504050ATL-CLE,199504050ATL-ATL,CLE-1995,0,1995,-183,-3.908333333333336,millsch01-1995
hillty01,24,-0.2,199504050ATL-CLE,199504050ATL-ATL,CLE-1995,0,1995,-4.800000000000001,-3.908333333333336,hillty01-1995
cagemi01,21,7.5,199504050ATL-CLE,199504050ATL-ATL,CLE-1995,0,1995,157.5,-3.908333333333336,cagemi01-1995
campbto01,17,0.5,199504050ATL-CLE,199504050ATL-ATL,CLE-1995,0,1995,8.5,-3.908333333333336,campbto01-1995
ferryda01,16,0.9,199504050ATL-CLE,199504050ATL-ATL,CLE-1995,0,1995,14.4,-3.908333333333336,ferryda01-1995
coltest01,15,2.1,199504050ATL-CLE,199504050ATL-ATL,CLE-1995,0,1995,31.5,-3.908333333333336,coltest01-1995
dreilgr01,6,1.6,199504050ATL-CLE,199504050ATL-ATL,CLE-1995,0,1995,9.600000000000001,-3.908333333333336,dreilgr01-1995
battljo01,2,-1.1,199504050ATL-CLE,199504050ATL-ATL,CLE-1995,0,1995,-2.2,-3.908333333333336,battljo01-1995
roberfr01,2,3.3,199504050ATL-CLE,199504050ATL-ATL,CLE-1995,0,1995,6.6,-3.908333333333336,roberfr01-1995
davisda01,31,-0.4,199504070ATL-IND,199504070ATL-ATL,IND-1995,0,1995,-12.4,-9.625000000000004,davisda01-1995
mckeyde01,31,-4.4,199504070ATL-IND,199504070ATL-ATL,IND-1995,0,1995,-136.4,-9.625000000000004,mckeyde01-1995
scottby01,29,-5.9,199504070ATL-IND,199504070ATL-ATL,IND-1995,0,1995,-171.10000000000002,-9.625000000000004,scottby01-1995
smitsri01,28,-1.1,199504070ATL-IND,199504070ATL-ATL,IND-1995,0,1995,-30.800000000000004,-9.625000000000004,smitsri01-1995
millere01,24,1,199504070ATL-IND,199504070ATL-ATL,IND-1995,0,1995,24,-9.625000000000004,millere01-1995
jacksma01,22,0.2,199504070ATL-IND,199504070ATL-ATL,IND-1995,0,1995,4.4,-9.625000000000004,jacksma01-1995
davisan01,20,2.3,199504070ATL-IND,199504070ATL-ATL,IND-1995,0,1995,46,-9.625000000000004,davisan01-1995
mitchsa01,18,3.4,199504070ATL-IND,199504070ATL-ATL,IND-1995,0,1995,61.199999999999996,-9.625000000000004,mitchsa01-1995
workmha01,18,1.3,199504070ATL-IND,199504070ATL-ATL,IND-1995,0,1995,23.400000000000002,-9.625000000000004,workmha01-1995
ferredu01,10,4.5,199504070ATL-IND,199504070ATL-ATL,IND-1995,0,1995,45,-9.625000000000004,ferredu01-1995
flemive01,8,3.9,199504070ATL-IND,199504070ATL-ATL,IND-1995,0,1995,31.2,-9.625000000000004,flemive01-1995
kitegr01,1,0,199504070ATL-IND,199504070ATL-ATL,IND-1995,0,1995,0,-9.625000000000004,kitegr01-1995
blaylmo01,41,6.4,199504090MIL-ATL,199504090MIL-MIL,ATL-1995,0,1995,262.40000000000003,27.733333333333338,blaylmo01-1995
smithst01,39,-2.1,199504090MIL-ATL,199504090MIL-MIL,ATL-1995,0,1995,-81.9,27.733333333333338,smithst01-1995
longgr01,37,1.4,199504090MIL-ATL,199504090MIL-MIL,ATL-1995,0,1995,51.8,27.733333333333338,longgr01-1995
langan01,34,-2,199504090MIL-ATL,199504090MIL-MIL,ATL-1995,0,1995,-68,27.733333333333338,langan01-1995
corbity01,24,5.5,199504090MIL-ATL,199504090MIL-MIL,ATL-1995,0,1995,132,27.733333333333338,corbity01-1995
augmost01,23,0.1,199504090MIL-ATL,199504090MIL-MIL,ATL-1995,0,1995,2.3000000000000003,27.733333333333338,augmost01-1995
ehlocr01,22,-2.5,199504090MIL-ATL,199504090MIL-MIL,ATL-1995,0,1995,-55,27.733333333333338,ehlocr01-1995
andergr01,13,0.3,199504090MIL-ATL,199504090MIL-MIL,ATL-1995,0,1995,3.9,27.733333333333338,andergr01-1995
whatlen01,7,0.3,199504090MIL-ATL,199504090MIL-MIL,ATL-1995,0,1995,2.1,27.733333333333338,whatlen01-1995
langan01,47,4.8,199504110PHI-ATL,199504110PHI-PHI,ATL-1995,1,1995,225.6,71.4875,langan01-1995
longgr01,47,10.4,199504110PHI-ATL,199504110PHI-PHI,ATL-1995,1,1995,488.8,71.4875,longgr01-1995
smithst01,44,5.6,199504110PHI-ATL,199504110PHI-PHI,ATL-1995,1,1995,246.39999999999998,71.4875,smithst01-1995
augmost01,38,-3.6,199504110PHI-ATL,199504110PHI-PHI,ATL-1995,1,1995,-136.8,71.4875,augmost01-1995
whatlen01,31,-3.7,199504110PHI-ATL,199504110PHI-PHI,ATL-1995,1,1995,-114.7,71.4875,whatlen01-1995
ehlocr01,29,-4.7,199504110PHI-ATL,199504110PHI-PHI,ATL-1995,1,1995,-136.3,71.4875,ehlocr01-1995
corbity01,23,-0.1,199504110PHI-ATL,199504110PHI-PHI,ATL-1995,1,1995,-2.3000000000000003,71.4875,corbity01-1995
andergr01,6,0.2,199504110PHI-ATL,199504110PHI-PHI,ATL-1995,1,1995,1.2000000000000002,71.4875,andergr01-1995
overtdo01,44,-1.4,199504120ATL-WSB,199504120ATL-ATL,WSB-1995,0,1995,-61.599999999999994,-18.6625,overtdo01-1995
webbech01,42,-1.3,199504120ATL-WSB,199504120ATL-ATL,WSB-1995,0,1995,-54.6,-18.6625,webbech01-1995
howarju01,40,-8.2,199504120ATL-WSB,199504120ATL-ATL,WSB-1995,0,1995,-328,-18.6625,howarju01-1995
cheanca01,33,3.4,199504120ATL-WSB,199504120ATL-ATL,WSB-1995,0,1995,112.2,-18.6625,cheanca01-1995
muresgh01,32,0.6,199504120ATL-WSB,199504120ATL-ATL,WSB-1995,0,1995,19.2,-18.6625,muresgh01-1995
butlemi02,24,2.1,199504120ATL-WSB,199504120ATL-ATL,WSB-1995,0,1995,50.400000000000006,-18.6625,butlemi02-1995
tuckean01,22,5.1,199504120ATL-WSB,199504120ATL-ATL,WSB-1995,0,1995,112.19999999999999,-18.6625,tuckean01-1995
mcilvji01,3,0.3,199504120ATL-WSB,199504120ATL-ATL,WSB-1995,0,1995,0.8999999999999999,-18.6625,mcilvji01-1995
blaylmo01,39,2.5,199504140CLE-ATL,199504140CLE-CLE,ATL-1995,0,1995,97.5,3.522222222222224,blaylmo01-1995
longgr01,37,2.6,199504140CLE-ATL,199504140CLE-CLE,ATL-1995,0,1995,96.2,3.522222222222224,longgr01-1995
smithst01,36,-2.3,199504140CLE-ATL,199504140CLE-CLE,ATL-1995,0,1995,-82.8,3.522222222222224,smithst01-1995
langan01,34,1.4,199504140CLE-ATL,199504140CLE-CLE,ATL-1995,0,1995,47.599999999999994,3.522222222222224,langan01-1995
corbity01,26,4.2,199504140CLE-ATL,199504140CLE-CLE,ATL-1995,0,1995,109.2,3.522222222222224,corbity01-1995
augmost01,25,-6,199504140CLE-ATL,199504140CLE-CLE,ATL-1995,0,1995,-150,3.522222222222224,augmost01-1995
ehlocr01,24,-4.1,199504140CLE-ATL,199504140CLE-CLE,ATL-1995,0,1995,-98.39999999999999,3.522222222222224,ehlocr01-1995
andergr01,10,-1.1,199504140CLE-ATL,199504140CLE-CLE,ATL-1995,0,1995,-11,3.522222222222224,andergr01-1995
whatlen01,9,2.6,199504140CLE-ATL,199504140CLE-CLE,ATL-1995,0,1995,23.400000000000002,3.522222222222224,whatlen01-1995
langan01,44,0.5,199504160CHH-ATL,199504160CHH-CHH,ATL-1995,1,1995,22,52.56,langan01-1995
longgr01,39,4.4,199504160CHH-ATL,199504160CHH-CHH,ATL-1995,1,1995,171.60000000000002,52.56,longgr01-1995
blaylmo01,38,11.3,199504160CHH-ATL,199504160CHH-CHH,ATL-1995,1,1995,429.40000000000003,52.56,blaylmo01-1995
smithst01,38,-1.6,199504160CHH-ATL,199504160CHH-CHH,ATL-1995,1,1995,-60.800000000000004,52.56,smithst01-1995
corbity01,37,-1.1,199504160CHH-ATL,199504160CHH-CHH,ATL-1995,1,1995,-40.7,52.56,corbity01-1995
ehlocr01,19,0.9,199504160CHH-ATL,199504160CHH-CHH,ATL-1995,1,1995,17.1,52.56,ehlocr01-1995
augmost01,12,0,199504160CHH-ATL,199504160CHH-CHH,ATL-1995,1,1995,0,52.56,augmost01-1995
whatlen01,6,-0.5,199504160CHH-ATL,199504160CHH-CHH,ATL-1995,1,1995,-3,52.56,whatlen01-1995
andergr01,4,-1.3,199504160CHH-ATL,199504160CHH-CHH,ATL-1995,1,1995,-5.2,52.56,andergr01-1995
edwardo01,3,-1.6,199504160CHH-ATL,199504160CHH-CHH,ATL-1995,1,1995,-4.800000000000001,52.56,edwardo01-1995
longgr01,43,4.9,199504190NJN-ATL,199504190NJN-NJN,ATL-1995,1,1995,210.70000000000002,47.62222222222223,longgr01-1995
blaylmo01,42,5.9,199504190NJN-ATL,199504190NJN-NJN,ATL-1995,1,1995,247.8,47.62222222222223,blaylmo01-1995
corbity01,33,-3.8,199504190NJN-ATL,199504190NJN-NJN,ATL-1995,1,1995,-125.39999999999999,47.62222222222223,corbity01-1995
smithst01,30,1.8,199504190NJN-ATL,199504190NJN-NJN,ATL-1995,1,1995,54,47.62222222222223,smithst01-1995
langan01,24,-4.3,199504190NJN-ATL,199504190NJN-NJN,ATL-1995,1,1995,-103.19999999999999,47.62222222222223,langan01-1995
ehlocr01,23,-0.9,199504190NJN-ATL,199504190NJN-NJN,ATL-1995,1,1995,-20.7,47.62222222222223,ehlocr01-1995
andergr01,22,7.7,199504190NJN-ATL,199504190NJN-NJN,ATL-1995,1,1995,169.4,47.62222222222223,andergr01-1995
whatlen01,18,0,199504190NJN-ATL,199504190NJN-NJN,ATL-1995,1,1995,0,47.62222222222223,whatlen01-1995
edwardo01,5,-0.8,199504190NJN-ATL,199504190NJN-NJN,ATL-1995,1,1995,-4,47.62222222222223,edwardo01-1995
hillgr01,40,3.7,199504210ATL-DET,199504210ATL-ATL,DET-1995,0,1995,148,-1.0399999999999996,hillgr01-1995
houstal01,37,4,199504210ATL-DET,199504210ATL-ATL,DET-1995,0,1995,148,-1.0399999999999996,houstal01-1995
millste01,37,2.6,199504210ATL-DET,199504210ATL-ATL,DET-1995,0,1995,96.2,-1.0399999999999996,millste01-1995
hunteli01,35,-6.3,199504210ATL-DET,199504210ATL-ATL,DET-1995,0,1995,-220.5,-1.0399999999999996,hunteli01-1995
westma01,26,-2.3,199504210ATL-DET,199504210ATL-ATL,DET-1995,0,1995,-59.8,-1.0399999999999996,westma01-1995
knighne01,25,-2.4,199504210ATL-DET,199504210ATL-ATL,DET-1995,0,1995,-60,-1.0399999999999996,knighne01-1995
leckner01,17,-2.6,199504210ATL-DET,199504210ATL-ATL,DET-1995,0,1995,-44.2,-1.0399999999999996,leckner01-1995
curlebi01,9,-0.7,199504210ATL-DET,199504210ATL-ATL,DET-1995,0,1995,-6.3,-1.0399999999999996,curlebi01-1995
maconma01,9,-1.7,199504210ATL-DET,199504210ATL-ATL,DET-1995,0,1995,-15.299999999999999,-1.0399999999999996,maconma01-1995
milleol01,5,0.7,199504210ATL-DET,199504210ATL-ATL,DET-1995,0,1995,3.5,-1.0399999999999996,milleol01-1995
blaylmo01,31,7.6,199504230IND-ATL,199504230IND-IND,ATL-1995,0,1995,235.6,8.627272727272725,blaylmo01-1995
smithst01,31,-1.7,199504230IND-ATL,199504230IND-IND,ATL-1995,0,1995,-52.699999999999996,8.627272727272725,smithst01-1995
ehlocr01,29,0.4,199504230IND-ATL,199504230IND-IND,ATL-1995,0,1995,11.600000000000001,8.627272727272725,ehlocr01-1995
longgr01,26,3.4,199504230IND-ATL,199504230IND-IND,ATL-1995,0,1995,88.39999999999999,8.627272727272725,longgr01-1995
normake01,22,-1.2,199504230IND-ATL,199504230IND-IND,ATL-1995,0,1995,-26.4,8.627272727272725,normake01-1995
corbity01,21,-5.4,199504230IND-ATL,199504230IND-IND,ATL-1995,0,1995,-113.4,8.627272727272725,corbity01-1995
langan01,18,-0.1,199504230IND-ATL,199504230IND-IND,ATL-1995,0,1995,-1.8,8.627272727272725,langan01-1995
andergr01,17,1.2,199504230IND-ATL,199504230IND-IND,ATL-1995,0,1995,20.4,8.627272727272725,andergr01-1995
whatlen01,17,-2.2,199504230IND-ATL,199504230IND-IND,ATL-1995,0,1995,-37.400000000000006,8.627272727272725,whatlen01-1995
edwardo01,14,-1.8,199504230IND-ATL,199504230IND-IND,ATL-1995,0,1995,-25.2,8.627272727272725,edwardo01-1995
koncajo01,14,-0.3,199504230IND-ATL,199504230IND-IND,ATL-1995,0,1995,-4.2,8.627272727272725,koncajo01-1995
