player,min,VORP,id,opp_id,season_id,win,year,adj_VORP,avg_VORP,link
sampsra01,43,4.6,198711060HOU-HOU,198711060HOU-SAS,HOU-1988,1,1988,197.79999999999998,50.018181818181816,sampsra01-1988
olajuha01,37,5.9,198711060HOU-HOU,198711060HOU-SAS,HOU-1988,1,1988,218.3,50.018181818181816,olajuha01-1988
mccraro01,32,6.1,198711060HOU-HOU,198711060HOU-SAS,HOU-1988,1,1988,195.2,50.018181818181816,mccraro01-1988
freewo01,26,-1,198711060HOU-HOU,198711060HOU-SAS,HOU-1988,1,1988,-26,50.018181818181816,freewo01-1988
leaveal01,21,3.1,198711060HOU-HOU,198711060HOU-SAS,HOU-1988,1,1988,65.10000000000001,50.018181818181816,leaveal01-1988
connele01,21,-0.7,198711060HOU-HOU,198711060HOU-SAS,HOU-1988,1,1988,-14.7,50.018181818181816,connele01-1988
maxwece01,16,-3.2,198711060HOU-HOU,198711060HOU-SAS,HOU-1988,1,1988,-51.2,50.018181818181816,maxwece01-1988
johnsbu01,15,2.1,198711060HOU-HOU,198711060HOU-SAS,HOU-1988,1,1988,31.5,50.018181818181816,johnsbu01-1988
harrist01,14,-3,198711060HOU-HOU,198711060HOU-SAS,HOU-1988,1,1988,-42,50.018181818181816,harrist01-1988
turnean01,8,-2.8,198711060HOU-HOU,198711060HOU-SAS,HOU-1988,1,1988,-22.4,50.018181818181816,turnean01-1988
shortpu01,7,-0.2,198711060HOU-HOU,198711060HOU-SAS,HOU-1988,1,1988,-1.4000000000000001,50.018181818181816,shortpu01-1988
greenac01,41,4.8,198711080LAL-LAL,198711080LAL-HOU,LAL-1988,1,1988,196.79999999999998,55.25833333333333,greenac01-1988
johnsma02,37,8.5,198711080LAL-LAL,198711080LAL-HOU,LAL-1988,1,1988,314.5,55.25833333333333,johnsma02-1988
worthja01,36,0.1,198711080LAL-LAL,198711080LAL-HOU,LAL-1988,1,1988,3.6,55.25833333333333,worthja01-1988
scottby01,33,6,198711080LAL-LAL,198711080LAL-HOU,LAL-1988,1,1988,198,55.25833333333333,scottby01-1988
abdulka01,28,0.2,198711080LAL-LAL,198711080LAL-HOU,LAL-1988,1,1988,5.6000000000000005,55.25833333333333,abdulka01-1988
coopemi01,24,-1,198711080LAL-LAL,198711080LAL-HOU,LAL-1988,1,1988,-24,55.25833333333333,coopemi01-1988
thompmy01,15,-2.6,198711080LAL-LAL,198711080LAL-HOU,LAL-1988,1,1988,-39,55.25833333333333,thompmy01-1988
rambiku01,11,0.2,198711080LAL-LAL,198711080LAL-HOU,LAL-1988,1,1988,2.2,55.25833333333333,rambiku01-1988
smrekmi01,9,0.2,198711080LAL-LAL,198711080LAL-HOU,LAL-1988,1,1988,1.8,55.25833333333333,smrekmi01-1988
lampje01,2,1,198711080LAL-LAL,198711080LAL-HOU,LAL-1988,1,1988,2,55.25833333333333,lampje01-1988
matthwe01,2,0.8,198711080LAL-LAL,198711080LAL-HOU,LAL-1988,1,1988,1.6,55.25833333333333,matthwe01-1988
wagnemi01,2,0,198711080LAL-LAL,198711080LAL-HOU,LAL-1988,1,1988,0,55.25833333333333,wagnemi01-1988
vandeki01,46,3.1,198711100POR-POR,198711100POR-HOU,POR-1988,0,1988,142.6,48.4375,vandeki01-1988
drexlcl01,44,3.6,198711100POR-POR,198711100POR-HOU,POR-1988,0,1988,158.4,48.4375,drexlcl01-1988
portete01,35,7.2,198711100POR-POR,198711100POR-HOU,POR-1988,0,1988,252,48.4375,portete01-1988
jonesca01,26,1.7,198711100POR-POR,198711100POR-HOU,POR-1988,0,1988,44.199999999999996,48.4375,jonesca01-1988
duckwke01,26,-8.5,198711100POR-POR,198711100POR-HOU,POR-1988,0,1988,-221,48.4375,duckwke01-1988
johnsst03,23,-6.5,198711100POR-POR,198711100POR-HOU,POR-1988,0,1988,-149.5,48.4375,johnsst03-1988
kerseje01,23,3,198711100POR-POR,198711100POR-HOU,POR-1988,0,1988,69,48.4375,kerseje01-1988
holtomi01,17,5.4,198711100POR-POR,198711100POR-HOU,POR-1988,0,1988,91.80000000000001,48.4375,holtomi01-1988
theusre01,46,6,198711120SAC-SAC,198711120SAC-HOU,SAC-1988,0,1988,276,42.629999999999995,theusre01-1988
smithke01,42,2.2,198711120SAC-SAC,198711120SAC-HOU,SAC-1988,0,1988,92.4,42.629999999999995,smithke01-1988
thorpot01,32,-3,198711120SAC-SAC,198711120SAC-HOU,SAC-1988,0,1988,-96,42.629999999999995,thorpot01-1988
oldhaja01,30,8.2,198711120SAC-SAC,198711120SAC-HOU,SAC-1988,0,1988,245.99999999999997,42.629999999999995,oldhaja01-1988
kleinjo01,23,-1.7,198711120SAC-SAC,198711120SAC-HOU,SAC-1988,0,1988,-39.1,42.629999999999995,kleinjo01-1988
tylerte01,20,3.7,198711120SAC-SAC,198711120SAC-HOU,SAC-1988,0,1988,74,42.629999999999995,tylerte01-1988
pressha01,20,-3.7,198711120SAC-SAC,198711120SAC-HOU,SAC-1988,0,1988,-74,42.629999999999995,pressha01-1988
pincked01,13,-0.2,198711120SAC-SAC,198711120SAC-HOU,SAC-1988,0,1988,-2.6,42.629999999999995,pincked01-1988
thompla01,8,-4.5,198711120SAC-SAC,198711120SAC-HOU,SAC-1988,0,1988,-36,42.629999999999995,thompla01-1988
jacksmi02,6,-2.4,198711120SAC-SAC,198711120SAC-HOU,SAC-1988,0,1988,-14.399999999999999,42.629999999999995,jacksmi02-1988
sampsra01,41,1,198711140HOU-HOU,198711140HOU-UTA,HOU-1988,1,1988,41,28.945454545454545,sampsra01-1988
olajuha01,29,5.5,198711140HOU-HOU,198711140HOU-UTA,HOU-1988,1,1988,159.5,28.945454545454545,olajuha01-1988
freewo01,26,-8.4,198711140HOU-HOU,198711140HOU-UTA,HOU-1988,1,1988,-218.4,28.945454545454545,freewo01-1988
mccraro01,25,2.2,198711140HOU-HOU,198711140HOU-UTA,HOU-1988,1,1988,55.00000000000001,28.945454545454545,mccraro01-1988
leaveal01,24,0.5,198711140HOU-HOU,198711140HOU-UTA,HOU-1988,1,1988,12,28.945454545454545,leaveal01-1988
maxwece01,24,6.7,198711140HOU-HOU,198711140HOU-UTA,HOU-1988,1,1988,160.8,28.945454545454545,maxwece01-1988
shortpu01,23,-0.1,198711140HOU-HOU,198711140HOU-UTA,HOU-1988,1,1988,-2.3000000000000003,28.945454545454545,shortpu01-1988
harrist01,22,2.4,198711140HOU-HOU,198711140HOU-UTA,HOU-1988,1,1988,52.8,28.945454545454545,harrist01-1988
turnean01,14,4.5,198711140HOU-HOU,198711140HOU-UTA,HOU-1988,1,1988,63,28.945454545454545,turnean01-1988
connele01,11,-0.5,198711140HOU-HOU,198711140HOU-UTA,HOU-1988,1,1988,-5.5,28.945454545454545,connele01-1988
anderri01,1,0.5,198711140HOU-HOU,198711140HOU-UTA,HOU-1988,1,1988,0.5,28.945454545454545,anderri01-1988
mccraro01,42,5,198711150HOU-HOU,198711150HOU-SEA,HOU-1988,1,1988,210,38.480000000000004,mccraro01-1988
olajuha01,40,2.9,198711150HOU-HOU,198711150HOU-SEA,HOU-1988,1,1988,116,38.480000000000004,olajuha01-1988
sampsra01,39,0.1,198711150HOU-HOU,198711150HOU-SEA,HOU-1988,1,1988,3.9000000000000004,38.480000000000004,sampsra01-1988
leaveal01,25,-0.4,198711150HOU-HOU,198711150HOU-SEA,HOU-1988,1,1988,-10,38.480000000000004,leaveal01-1988
freewo01,23,2.3,198711150HOU-HOU,198711150HOU-SEA,HOU-1988,1,1988,52.9,38.480000000000004,freewo01-1988
connele01,18,0.7,198711150HOU-HOU,198711150HOU-SEA,HOU-1988,1,1988,12.6,38.480000000000004,connele01-1988
maxwece01,17,3.7,198711150HOU-HOU,198711150HOU-SEA,HOU-1988,1,1988,62.900000000000006,38.480000000000004,maxwece01-1988
shortpu01,17,-4.6,198711150HOU-HOU,198711150HOU-SEA,HOU-1988,1,1988,-78.19999999999999,38.480000000000004,shortpu01-1988
harrist01,13,0.3,198711150HOU-HOU,198711150HOU-SEA,HOU-1988,1,1988,3.9,38.480000000000004,harrist01-1988
turnean01,6,1.8,198711150HOU-HOU,198711150HOU-SEA,HOU-1988,1,1988,10.8,38.480000000000004,turnean01-1988
willibu01,41,1.7,198711170NJN-NJN,198711170NJN-HOU,NJN-1988,1,1988,69.7,31.08888888888889,willibu01-1988
woolror01,38,7.9,198711170NJN-NJN,198711170NJN-HOU,NJN-1988,1,1988,300.2,31.08888888888889,woolror01-1988
gminsmi01,30,-7.6,198711170NJN-NJN,198711170NJN-HOU,NJN-1988,1,1988,-228,31.08888888888889,gminsmi01-1988
washipe01,30,2.5,198711170NJN-NJN,198711170NJN-HOU,NJN-1988,1,1988,75,31.08888888888889,washipe01-1988
birdsot01,26,-2.7,198711170NJN-NJN,198711170NJN-HOU,NJN-1988,1,1988,-70.2,31.08888888888889,birdsot01-1988
colembe01,25,2.9,198711170NJN-NJN,198711170NJN-HOU,NJN-1988,1,1988,72.5,31.08888888888889,colembe01-1988
hopsode01,22,-1.8,198711170NJN-NJN,198711170NJN-HOU,NJN-1988,1,1988,-39.6,31.08888888888889,hopsode01-1988
baglejo01,18,7.4,198711170NJN-NJN,198711170NJN-HOU,NJN-1988,1,1988,133.20000000000002,31.08888888888889,baglejo01-1988
brancad01,10,-3.3,198711170NJN-NJN,198711170NJN-HOU,NJN-1988,1,1988,-33,31.08888888888889,brancad01-1988
corbity01,37,2.3,198711190CLE-CLE,198711190CLE-HOU,CLE-1988,0,1988,85.1,17.22,corbity01-1988
daughbr01,36,0.8,198711190CLE-CLE,198711190CLE-HOU,CLE-1988,0,1988,28.8,17.22,daughbr01-1988
westma01,32,-2.7,198711190CLE-CLE,198711190CLE-HOU,CLE-1988,0,1988,-86.4,17.22,westma01-1988
johnske02,27,4.3,198711190CLE-CLE,198711190CLE-HOU,CLE-1988,0,1988,116.1,17.22,johnske02-1988
curryde01,26,-0.1,198711190CLE-CLE,198711190CLE-HOU,CLE-1988,0,1988,-2.6,17.22,curryde01-1988
pricema01,26,-1.6,198711190CLE-CLE,198711190CLE-HOU,CLE-1988,0,1988,-41.6,17.22,pricema01-1988
hubbaph01,22,1.3,198711190CLE-CLE,198711190CLE-HOU,CLE-1988,0,1988,28.6,17.22,hubbaph01-1988
ehlocr01,18,5.9,198711190CLE-CLE,198711190CLE-HOU,CLE-1988,0,1988,106.2,17.22,ehlocr01-1988
williho01,12,-4.8,198711190CLE-CLE,198711190CLE-HOU,CLE-1988,0,1988,-57.599999999999994,17.22,williho01-1988
rogerjo01,4,-1.1,198711190CLE-CLE,198711190CLE-HOU,CLE-1988,0,1988,-4.4,17.22,rogerjo01-1988
willike02,35,4,198711210ATL-ATL,198711210ATL-HOU,ATL-1988,1,1988,140,48.26363636363636,willike02-1988
wilkido01,34,8.7,198711210ATL-ATL,198711210ATL-HOU,ATL-1988,1,1988,295.79999999999995,48.26363636363636,wilkido01-1988
koncajo01,25,-3.8,198711210ATL-ATL,198711210ATL-HOU,ATL-1988,1,1988,-95,48.26363636363636,koncajo01-1988
wittmra01,24,-3.1,198711210ATL-ATL,198711210ATL-HOU,ATL-1988,1,1988,-74.4,48.26363636363636,wittmra01-1988
battljo01,24,8,198711210ATL-ATL,198711210ATL-HOU,ATL-1988,1,1988,192,48.26363636363636,battljo01-1988
rollitr01,22,-0.6,198711210ATL-ATL,198711210ATL-HOU,ATL-1988,1,1988,-13.2,48.26363636363636,rollitr01-1988
riverdo01,19,7.2,198711210ATL-ATL,198711210ATL-HOU,ATL-1988,1,1988,136.8,48.26363636363636,riverdo01-1988
webbsp01,17,-2.3,198711210ATL-ATL,198711210ATL-HOU,ATL-1988,1,1988,-39.099999999999994,48.26363636363636,webbsp01-1988
carran01,14,0.9,198711210ATL-ATL,198711210ATL-HOU,ATL-1988,1,1988,12.6,48.26363636363636,carran01-1988
levincl01,14,-2.1,198711210ATL-ATL,198711210ATL-HOU,ATL-1988,1,1988,-29.400000000000002,48.26363636363636,levincl01-1988
mcgeemi01,12,0.4,198711210ATL-ATL,198711210ATL-HOU,ATL-1988,1,1988,4.800000000000001,48.26363636363636,mcgeemi01-1988
sampsra01,43,-5.9,198711240HOU-HOU,198711240HOU-DET,HOU-1988,0,1988,-253.70000000000002,22.766666666666662,sampsra01-1988
olajuha01,39,5.1,198711240HOU-HOU,198711240HOU-DET,HOU-1988,0,1988,198.89999999999998,22.766666666666662,olajuha01-1988
mccraro01,38,5.3,198711240HOU-HOU,198711240HOU-DET,HOU-1988,0,1988,201.4,22.766666666666662,mccraro01-1988
leaveal01,30,4.5,198711240HOU-HOU,198711240HOU-DET,HOU-1988,0,1988,135,22.766666666666662,leaveal01-1988
shortpu01,24,2.4,198711240HOU-HOU,198711240HOU-DET,HOU-1988,0,1988,57.599999999999994,22.766666666666662,shortpu01-1988
connele01,13,-1.6,198711240HOU-HOU,198711240HOU-DET,HOU-1988,0,1988,-20.8,22.766666666666662,connele01-1988
freewo01,13,0.2,198711240HOU-HOU,198711240HOU-DET,HOU-1988,0,1988,2.6,22.766666666666662,freewo01-1988
harrist01,12,-2.9,198711240HOU-HOU,198711240HOU-DET,HOU-1988,0,1988,-34.8,22.766666666666662,harrist01-1988
johnsbu01,9,-2.7,198711240HOU-HOU,198711240HOU-DET,HOU-1988,0,1988,-24.3,22.766666666666662,johnsbu01-1988
maxwece01,8,2.4,198711240HOU-HOU,198711240HOU-DET,HOU-1988,0,1988,19.2,22.766666666666662,maxwece01-1988
anderri01,7,-0.1,198711240HOU-HOU,198711240HOU-DET,HOU-1988,0,1988,-0.7000000000000001,22.766666666666662,anderri01-1988
turnean01,4,-1.8,198711240HOU-HOU,198711240HOU-DET,HOU-1988,0,1988,-7.2,22.766666666666662,turnean01-1988
daviswa03,39,7,198711250PHO-PHO,198711250PHO-HOU,PHO-1988,0,1988,273,14.527272727272726,daviswa03-1988
edwarja01,32,-2.5,198711250PHO-PHO,198711250PHO-HOU,PHO-1988,0,1988,-80,14.527272727272726,edwarja01-1988
adamsal01,28,-4.2,198711250PHO-PHO,198711250PHO-HOU,PHO-1988,0,1988,-117.60000000000001,14.527272727272726,adamsal01-1988
sandemi01,26,6.6,198711250PHO-PHO,198711250PHO-HOU,PHO-1988,0,1988,171.6,14.527272727272726,sandemi01-1988
humphja01,25,-3.3,198711250PHO-PHO,198711250PHO-HOU,PHO-1988,0,1988,-82.5,14.527272727272726,humphja01-1988
hornaje01,24,2.6,198711250PHO-PHO,198711250PHO-HOU,PHO-1988,0,1988,62.400000000000006,14.527272727272726,hornaje01-1988
cookje01,19,0.5,198711250PHO-PHO,198711250PHO-HOU,PHO-1988,0,1988,9.5,14.527272727272726,cookje01-1988
martibi01,15,-6.1,198711250PHO-PHO,198711250PHO-HOU,PHO-1988,0,1988,-91.5,14.527272727272726,martibi01-1988
thompbe01,13,0.5,198711250PHO-PHO,198711250PHO-HOU,PHO-1988,0,1988,6.5,14.527272727272726,thompbe01-1988
baileja01,12,1.4,198711250PHO-PHO,198711250PHO-HOU,PHO-1988,0,1988,16.799999999999997,14.527272727272726,baileja01-1988
critewi01,7,-1.2,198711250PHO-PHO,198711250PHO-HOU,PHO-1988,0,1988,-8.4,14.527272727272726,critewi01-1988
malonka01,35,4.7,198711270UTA-UTA,198711270UTA-HOU,UTA-1988,1,1988,164.5,65.87,malonka01-1988
eatonma01,32,3.8,198711270UTA-UTA,198711270UTA-HOU,UTA-1988,1,1988,121.6,65.87,eatonma01-1988
hansebo01,29,2.3,198711270UTA-UTA,198711270UTA-HOU,UTA-1988,1,1988,66.69999999999999,65.87,hansebo01-1988
stockjo01,27,10.9,198711270UTA-UTA,198711270UTA-HOU,UTA-1988,1,1988,294.3,65.87,stockjo01-1988
baileth01,27,1.1,198711270UTA-UTA,198711270UTA-HOU,UTA-1988,1,1988,29.700000000000003,65.87,baileth01-1988
iavarma01,21,-3.6,198711270UTA-UTA,198711270UTA-HOU,UTA-1988,1,1988,-75.60000000000001,65.87,iavarma01-1988
greenri01,20,1.5,198711270UTA-UTA,198711270UTA-HOU,UTA-1988,1,1988,30,65.87,greenri01-1988
griffda01,19,0.1,198711270UTA-UTA,198711270UTA-HOU,UTA-1988,1,1988,1.9000000000000001,65.87,griffda01-1988
turpime01,16,-0.5,198711270UTA-UTA,198711270UTA-HOU,UTA-1988,1,1988,-8,65.87,turpime01-1988
tripuke01,14,2.4,198711270UTA-UTA,198711270UTA-HOU,UTA-1988,1,1988,33.6,65.87,tripuke01-1988
leaveal01,44,9.4,198711280HOU-HOU,198711280HOU-CHI,HOU-1988,0,1988,413.6,36.49090909090909,leaveal01-1988
sampsra01,43,0.4,198711280HOU-HOU,198711280HOU-CHI,HOU-1988,0,1988,17.2,36.49090909090909,sampsra01-1988
mccraro01,37,0.3,198711280HOU-HOU,198711280HOU-CHI,HOU-1988,0,1988,11.1,36.49090909090909,mccraro01-1988
olajuha01,30,2.9,198711280HOU-HOU,198711280HOU-CHI,HOU-1988,0,1988,87,36.49090909090909,olajuha01-1988
shortpu01,29,-0.4,198711280HOU-HOU,198711280HOU-CHI,HOU-1988,0,1988,-11.600000000000001,36.49090909090909,shortpu01-1988
freewo01,20,-3.3,198711280HOU-HOU,198711280HOU-CHI,HOU-1988,0,1988,-66,36.49090909090909,freewo01-1988
maxwece01,19,-1.5,198711280HOU-HOU,198711280HOU-CHI,HOU-1988,0,1988,-28.5,36.49090909090909,maxwece01-1988
johnsbu01,11,-1.8,198711280HOU-HOU,198711280HOU-CHI,HOU-1988,0,1988,-19.8,36.49090909090909,johnsbu01-1988
anderri01,3,0.6,198711280HOU-HOU,198711280HOU-CHI,HOU-1988,0,1988,1.7999999999999998,36.49090909090909,anderri01-1988
connele01,3,-0.9,198711280HOU-HOU,198711280HOU-CHI,HOU-1988,0,1988,-2.7,36.49090909090909,connele01-1988
turnean01,1,-0.7,198711280HOU-HOU,198711280HOU-CHI,HOU-1988,0,1988,-0.7,36.49090909090909,turnean01-1988
sampsra01,41,1.7,198712010HOU-HOU,198712010HOU-DEN,HOU-1988,1,1988,69.7,46.06666666666666,sampsra01-1988
shortpu01,36,6.1,198712010HOU-HOU,198712010HOU-DEN,HOU-1988,1,1988,219.6,46.06666666666666,shortpu01-1988
peterji01,32,-3.9,198712010HOU-HOU,198712010HOU-DEN,HOU-1988,1,1988,-124.8,46.06666666666666,peterji01-1988
mccraro01,31,6.8,198712010HOU-HOU,198712010HOU-DEN,HOU-1988,1,1988,210.79999999999998,46.06666666666666,mccraro01-1988
olajuha01,30,7.2,198712010HOU-HOU,198712010HOU-DEN,HOU-1988,1,1988,216,46.06666666666666,olajuha01-1988
connele01,22,-1.5,198712010HOU-HOU,198712010HOU-DEN,HOU-1988,1,1988,-33,46.06666666666666,connele01-1988
leaveal01,20,2.1,198712010HOU-HOU,198712010HOU-DEN,HOU-1988,1,1988,42,46.06666666666666,leaveal01-1988
maxwece01,14,-1.3,198712010HOU-HOU,198712010HOU-DEN,HOU-1988,1,1988,-18.2,46.06666666666666,maxwece01-1988
freewo01,9,-2.7,198712010HOU-HOU,198712010HOU-DEN,HOU-1988,1,1988,-24.3,46.06666666666666,freewo01-1988
johnsbu01,3,-2.3,198712010HOU-HOU,198712010HOU-DEN,HOU-1988,1,1988,-6.8999999999999995,46.06666666666666,johnsbu01-1988
anderri01,1,2,198712010HOU-HOU,198712010HOU-DEN,HOU-1988,1,1988,2,46.06666666666666,anderri01-1988
harrist01,1,-0.1,198712010HOU-HOU,198712010HOU-DEN,HOU-1988,1,1988,-0.1,46.06666666666666,harrist01-1988
dawkijo01,38,5.8,198712020SAS-SAS,198712020SAS-HOU,SAS-1988,1,1988,220.4,37.24545454545455,dawkijo01-1988
brickfr01,35,2.2,198712020SAS-SAS,198712020SAS-HOU,SAS-1988,1,1988,77,37.24545454545455,brickfr01-1988
roberal01,30,9.8,198712020SAS-SAS,198712020SAS-HOU,SAS-1988,1,1988,294,37.24545454545455,roberal01-1988
greenda01,26,-7.5,198712020SAS-SAS,198712020SAS-HOU,SAS-1988,1,1988,-195,37.24545454545455,greenda01-1988
berrywa01,24,-0.2,198712020SAS-SAS,198712020SAS-HOU,SAS-1988,1,1988,-4.800000000000001,37.24545454545455,berrywa01-1988
mitchmi01,19,1.3,198712020SAS-SAS,198712020SAS-HOU,SAS-1988,1,1988,24.7,37.24545454545455,mitchmi01-1988
nimphku01,19,2.2,198712020SAS-SAS,198712020SAS-HOU,SAS-1988,1,1988,41.800000000000004,37.24545454545455,nimphku01-1988
davisch02,16,-0.7,198712020SAS-SAS,198712020SAS-HOU,SAS-1988,1,1988,-11.2,37.24545454545455,davisch02-1988
andergr01,14,-2.6,198712020SAS-SAS,198712020SAS-HOU,SAS-1988,1,1988,-36.4,37.24545454545455,andergr01-1988
woodle01,13,0.4,198712020SAS-SAS,198712020SAS-HOU,SAS-1988,1,1988,5.2,37.24545454545455,woodle01-1988
gudmupe01,6,-1,198712020SAS-SAS,198712020SAS-HOU,SAS-1988,1,1988,-6,37.24545454545455,gudmupe01-1988
leaveal01,39,6.7,198712050HOU-HOU,198712050HOU-GSW,HOU-1988,1,1988,261.3,58.375,leaveal01-1988
mccraro01,34,1.8,198712050HOU-HOU,198712050HOU-GSW,HOU-1988,1,1988,61.2,58.375,mccraro01-1988
olajuha01,33,2.1,198712050HOU-HOU,198712050HOU-GSW,HOU-1988,1,1988,69.3,58.375,olajuha01-1988
sampsra01,32,4.9,198712050HOU-HOU,198712050HOU-GSW,HOU-1988,1,1988,156.8,58.375,sampsra01-1988
shortpu01,29,7,198712050HOU-HOU,198712050HOU-GSW,HOU-1988,1,1988,203,58.375,shortpu01-1988
freewo01,15,-4.3,198712050HOU-HOU,198712050HOU-GSW,HOU-1988,1,1988,-64.5,58.375,freewo01-1988
johnsbu01,14,-2.2,198712050HOU-HOU,198712050HOU-GSW,HOU-1988,1,1988,-30.800000000000004,58.375,johnsbu01-1988
peterji01,13,0.9,198712050HOU-HOU,198712050HOU-GSW,HOU-1988,1,1988,11.700000000000001,58.375,peterji01-1988
connele01,12,1.8,198712050HOU-HOU,198712050HOU-GSW,HOU-1988,1,1988,21.6,58.375,connele01-1988
maxwece01,11,0.9,198712050HOU-HOU,198712050HOU-GSW,HOU-1988,1,1988,9.9,58.375,maxwece01-1988
reidro01,5,0.2,198712050HOU-HOU,198712050HOU-GSW,HOU-1988,1,1988,1,58.375,reidro01-1988
harrist01,3,0,198712050HOU-HOU,198712050HOU-GSW,HOU-1988,1,1988,0,58.375,harrist01-1988
mccraro01,43,9.9,198712080HOU-HOU,198712080HOU-SAC,HOU-1988,1,1988,425.7,58.71,mccraro01-1988
olajuha01,40,5,198712080HOU-HOU,198712080HOU-SAC,HOU-1988,1,1988,200,58.71,olajuha01-1988
sampsra01,34,-5.8,198712080HOU-HOU,198712080HOU-SAC,HOU-1988,1,1988,-197.2,58.71,sampsra01-1988
shortpu01,34,9,198712080HOU-HOU,198712080HOU-SAC,HOU-1988,1,1988,306,58.71,shortpu01-1988
leaveal01,26,-1.1,198712080HOU-HOU,198712080HOU-SAC,HOU-1988,1,1988,-28.6,58.71,leaveal01-1988
peterji01,22,-2.2,198712080HOU-HOU,198712080HOU-SAC,HOU-1988,1,1988,-48.400000000000006,58.71,peterji01-1988
freewo01,21,-4.1,198712080HOU-HOU,198712080HOU-SAC,HOU-1988,1,1988,-86.1,58.71,freewo01-1988
connele01,11,2,198712080HOU-HOU,198712080HOU-SAC,HOU-1988,1,1988,22,58.71,connele01-1988
reidro01,5,-2.3,198712080HOU-HOU,198712080HOU-SAC,HOU-1988,1,1988,-11.5,58.71,reidro01-1988
johnsbu01,4,1.3,198712080HOU-HOU,198712080HOU-SAC,HOU-1988,1,1988,5.2,58.71,johnsbu01-1988
leaveal01,40,10.2,198712100HOU-HOU,198712100HOU-UTA,HOU-1988,1,1988,408,83.46000000000001,leaveal01-1988
olajuha01,39,13.9,198712100HOU-HOU,198712100HOU-UTA,HOU-1988,1,1988,542.1,83.46000000000001,olajuha01-1988
peterji01,37,1.3,198712100HOU-HOU,198712100HOU-UTA,HOU-1988,1,1988,48.1,83.46000000000001,peterji01-1988
shortpu01,30,-1.5,198712100HOU-HOU,198712100HOU-UTA,HOU-1988,1,1988,-45,83.46000000000001,shortpu01-1988
mccraro01,29,2.6,198712100HOU-HOU,198712100HOU-UTA,HOU-1988,1,1988,75.4,83.46000000000001,mccraro01-1988
sampsra01,20,-8.2,198712100HOU-HOU,198712100HOU-UTA,HOU-1988,1,1988,-164,83.46000000000001,sampsra01-1988
johnsbu01,20,0.1,198712100HOU-HOU,198712100HOU-UTA,HOU-1988,1,1988,2,83.46000000000001,johnsbu01-1988
freewo01,11,-0.7,198712100HOU-HOU,198712100HOU-UTA,HOU-1988,1,1988,-7.699999999999999,83.46000000000001,freewo01-1988
reidro01,9,-2.7,198712100HOU-HOU,198712100HOU-UTA,HOU-1988,1,1988,-24.3,83.46000000000001,reidro01-1988
connele01,5,0,198712100HOU-HOU,198712100HOU-UTA,HOU-1988,1,1988,0,83.46000000000001,connele01-1988
oaklech01,41,3.6,198712120CHI-CHI,198712120CHI-HOU,CHI-1988,1,1988,147.6,91.1,oaklech01-1988
jordami01,40,21,198712120CHI-CHI,198712120CHI-HOU,CHI-1988,1,1988,840,91.1,jordami01-1988
paxsojo01,38,4.1,198712120CHI-CHI,198712120CHI-HOU,CHI-1988,1,1988,155.79999999999998,91.1,paxsojo01-1988
grantho01,28,0.1,198712120CHI-CHI,198712120CHI-HOU,CHI-1988,1,1988,2.8000000000000003,91.1,grantho01-1988
corzida01,28,-4.7,198712120CHI-CHI,198712120CHI-HOU,CHI-1988,1,1988,-131.6,91.1,corzida01-1988
pippesc01,23,-1.8,198712120CHI-CHI,198712120CHI-HOU,CHI-1988,1,1988,-41.4,91.1,pippesc01-1988
gilmoar01,20,-2,198712120CHI-CHI,198712120CHI-HOU,CHI-1988,1,1988,-40,91.1,gilmoar01-1988
sellebr01,11,-1.1,198712120CHI-CHI,198712120CHI-HOU,CHI-1988,1,1988,-12.100000000000001,91.1,sellebr01-1988
sparrro01,6,-0.1,198712120CHI-CHI,198712120CHI-HOU,CHI-1988,1,1988,-0.6000000000000001,91.1,sparrro01-1988
threase01,5,-1.9,198712120CHI-CHI,198712120CHI-HOU,CHI-1988,1,1988,-9.5,91.1,threase01-1988
adamsmi01,34,8.3,198712160DEN-DEN,198712160DEN-HOU,DEN-1988,1,1988,282.20000000000005,60.1909090909091,adamsmi01-1988
leverfa01,30,4.7,198712160DEN-DEN,198712160DEN-HOU,DEN-1988,1,1988,141,60.1909090909091,leverfa01-1988
vinceja01,28,4.9,198712160DEN-DEN,198712160DEN-HOU,DEN-1988,1,1988,137.20000000000002,60.1909090909091,vinceja01-1988
englial01,26,4.9,198712160DEN-DEN,198712160DEN-HOU,DEN-1988,1,1988,127.4,60.1909090909091,englial01-1988
dunntr01,25,4.4,198712160DEN-DEN,198712160DEN-HOU,DEN-1988,1,1988,110.00000000000001,60.1909090909091,dunntr01-1988
coopewa01,23,-3.8,198712160DEN-DEN,198712160DEN-HOU,DEN-1988,1,1988,-87.39999999999999,60.1909090909091,coopewa01-1988
rasmubl01,23,2.3,198712160DEN-DEN,198712160DEN-HOU,DEN-1988,1,1988,52.9,60.1909090909091,rasmubl01-1988
schayda01,22,-3.8,198712160DEN-DEN,198712160DEN-HOU,DEN-1988,1,1988,-83.6,60.1909090909091,schayda01-1988
hanzlbi01,18,-1,198712160DEN-DEN,198712160DEN-HOU,DEN-1988,1,1988,-18,60.1909090909091,hanzlbi01-1988
evansmi01,7,-0.4,198712160DEN-DEN,198712160DEN-HOU,DEN-1988,1,1988,-2.8000000000000003,60.1909090909091,evansmi01-1988
smithot01,4,0.8,198712160DEN-DEN,198712160DEN-HOU,DEN-1988,1,1988,3.2,60.1909090909091,smithot01-1988
cagemi01,44,1.4,198712170LAC-LAC,198712170LAC-HOU,LAC-1988,1,1988,61.599999999999994,44.888888888888886,cagemi01-1988
woodsmi01,36,4,198712170LAC-LAC,198712170LAC-HOU,LAC-1988,1,1988,144,44.888888888888886,woodsmi01-1988
drewla01,35,0.4,198712170LAC-LAC,198712170LAC-HOU,LAC-1988,1,1988,14,44.888888888888886,drewla01-1988
benjabe01,33,8.2,198712170LAC-LAC,198712170LAC-HOU,LAC-1988,1,1988,270.59999999999997,44.888888888888886,benjabe01-1988
normake01,27,-1.7,198712170LAC-LAC,198712170LAC-HOU,LAC-1988,1,1988,-45.9,44.888888888888886,normake01-1988
dailequ01,23,-2.8,198712170LAC-LAC,198712170LAC-HOU,LAC-1988,1,1988,-64.39999999999999,44.888888888888886,dailequ01-1988
curetea01,19,1.6,198712170LAC-LAC,198712170LAC-HOU,LAC-1988,1,1988,30.400000000000002,44.888888888888886,curetea01-1988
valenda01,13,-0.1,198712170LAC-LAC,198712170LAC-HOU,LAC-1988,1,1988,-1.3,44.888888888888886,valenda01-1988
willire01,10,-0.5,198712170LAC-LAC,198712170LAC-HOU,LAC-1988,1,1988,-5,44.888888888888886,willire01-1988
floydsl01,43,0.4,198712190HOU-HOU,198712190HOU-DEN,HOU-1988,0,1988,17.2,50.7,floydsl01-1988
peterji01,39,4.4,198712190HOU-HOU,198712190HOU-DEN,HOU-1988,0,1988,171.60000000000002,50.7,peterji01-1988
olajuha01,38,4.3,198712190HOU-HOU,198712190HOU-DEN,HOU-1988,0,1988,163.4,50.7,olajuha01-1988
mccraro01,37,1.9,198712190HOU-HOU,198712190HOU-DEN,HOU-1988,0,1988,70.3,50.7,mccraro01-1988
leaveal01,29,-1.7,198712190HOU-HOU,198712190HOU-DEN,HOU-1988,0,1988,-49.3,50.7,leaveal01-1988
shortpu01,22,-1.1,198712190HOU-HOU,198712190HOU-DEN,HOU-1988,0,1988,-24.200000000000003,50.7,shortpu01-1988
carrojo01,18,5.4,198712190HOU-HOU,198712190HOU-DEN,HOU-1988,0,1988,97.2,50.7,carrojo01-1988
reidro01,14,-2.9,198712190HOU-HOU,198712190HOU-DEN,HOU-1988,0,1988,-40.6,50.7,reidro01-1988
floydsl01,38,8,198712220HOU-HOU,198712220HOU-ATL,HOU-1988,1,1988,304,76.95833333333333,floydsl01-1988
mccraro01,38,5.2,198712220HOU-HOU,198712220HOU-ATL,HOU-1988,1,1988,197.6,76.95833333333333,mccraro01-1988
olajuha01,36,0.2,198712220HOU-HOU,198712220HOU-ATL,HOU-1988,1,1988,7.2,76.95833333333333,olajuha01-1988
leaveal01,33,13,198712220HOU-HOU,198712220HOU-ATL,HOU-1988,1,1988,429,76.95833333333333,leaveal01-1988
carrojo01,26,-1.4,198712220HOU-HOU,198712220HOU-ATL,HOU-1988,1,1988,-36.4,76.95833333333333,carrojo01-1988
peterji01,22,4.9,198712220HOU-HOU,198712220HOU-ATL,HOU-1988,1,1988,107.80000000000001,76.95833333333333,peterji01-1988
shortpu01,22,-3.2,198712220HOU-HOU,198712220HOU-ATL,HOU-1988,1,1988,-70.4,76.95833333333333,shortpu01-1988
maxwece01,10,-2.3,198712220HOU-HOU,198712220HOU-ATL,HOU-1988,1,1988,-23,76.95833333333333,maxwece01-1988
reidro01,10,0.8,198712220HOU-HOU,198712220HOU-ATL,HOU-1988,1,1988,8,76.95833333333333,reidro01-1988
connele01,2,1.4,198712220HOU-HOU,198712220HOU-ATL,HOU-1988,1,1988,2.8,76.95833333333333,connele01-1988
freewo01,2,-0.9,198712220HOU-HOU,198712220HOU-ATL,HOU-1988,1,1988,-1.8,76.95833333333333,freewo01-1988
johnsbu01,1,-1.3,198712220HOU-HOU,198712220HOU-ATL,HOU-1988,1,1988,-1.3,76.95833333333333,johnsbu01-1988
harpede01,39,8.5,198712260DAL-DAL,198712260DAL-HOU,DAL-1988,1,1988,331.5,55.01111111111111,harpede01-1988
blackro01,38,1.8,198712260DAL-DAL,198712260DAL-HOU,DAL-1988,1,1988,68.4,55.01111111111111,blackro01-1988
donalja01,35,1.8,198712260DAL-DAL,198712260DAL-HOU,DAL-1988,1,1988,63,55.01111111111111,donalja01-1988
perkisa01,35,-0.1,198712260DAL-DAL,198712260DAL-HOU,DAL-1988,1,1988,-3.5,55.01111111111111,perkisa01-1988
aguirma01,33,1,198712260DAL-DAL,198712260DAL-HOU,DAL-1988,1,1988,33,55.01111111111111,aguirma01-1988
davisbr01,19,-0.5,198712260DAL-DAL,198712260DAL-HOU,DAL-1988,1,1988,-9.5,55.01111111111111,davisbr01-1988
tarplro01,19,-4,198712260DAL-DAL,198712260DAL-HOU,DAL-1988,1,1988,-76,55.01111111111111,tarplro01-1988
schrede01,14,4.3,198712260DAL-DAL,198712260DAL-HOU,DAL-1988,1,1988,60.199999999999996,55.01111111111111,schrede01-1988
blabuw01,8,3.5,198712260DAL-DAL,198712260DAL-HOU,DAL-1988,1,1988,28,55.01111111111111,blabuw01-1988
laimbbi01,44,0.1,198712290DET-DET,198712290DET-HOU,DET-1988,0,1988,4.4,16.7375,laimbbi01-1988
thomais01,41,-1.8,198712290DET-DET,198712290DET-HOU,DET-1988,0,1988,-73.8,16.7375,thomais01-1988
dantlad01,36,0.7,198712290DET-DET,198712290DET-HOU,DET-1988,0,1988,25.2,16.7375,dantlad01-1988
dumarjo01,32,-4.4,198712290DET-DET,198712290DET-HOU,DET-1988,0,1988,-140.8,16.7375,dumarjo01-1988
sallejo01,28,3.1,198712290DET-DET,198712290DET-HOU,DET-1988,0,1988,86.8,16.7375,sallejo01-1988
rodmade01,25,6.1,198712290DET-DET,198712290DET-HOU,DET-1988,0,1988,152.5,16.7375,rodmade01-1988
bedfowi01,18,7.8,198712290DET-DET,198712290DET-HOU,DET-1988,0,1988,140.4,16.7375,bedfowi01-1988
johnsvi01,16,-3.8,198712290DET-DET,198712290DET-HOU,DET-1988,0,1988,-60.8,16.7375,johnsvi01-1988
presspa01,43,7.7,198712300MIL-MIL,198712300MIL-HOU,MIL-1988,0,1988,331.1,30.833333333333336,presspa01-1988
breuera01,37,1.7,198712300MIL-MIL,198712300MIL-HOU,MIL-1988,0,1988,62.9,30.833333333333336,breuera01-1988
sikmaja01,36,-2.1,198712300MIL-MIL,198712300MIL-HOU,MIL-1988,0,1988,-75.60000000000001,30.833333333333336,sikmaja01-1988
cummite01,32,-1.8,198712300MIL-MIL,198712300MIL-HOU,MIL-1988,0,1988,-57.6,30.833333333333336,cummite01-1988
lucasjo01,24,3.4,198712300MIL-MIL,198712300MIL-HOU,MIL-1988,0,1988,81.6,30.833333333333336,lucasjo01-1988
hodgecr01,24,-1.4,198712300MIL-MIL,198712300MIL-HOU,MIL-1988,0,1988,-33.599999999999994,30.833333333333336,hodgecr01-1988
mannipa01,21,-1.4,198712300MIL-MIL,198712300MIL-HOU,MIL-1988,0,1988,-29.4,30.833333333333336,mannipa01-1988
mokespa01,18,0.2,198712300MIL-MIL,198712300MIL-HOU,MIL-1988,0,1988,3.6,30.833333333333336,mokespa01-1988
moncrsi01,5,-1.1,198712300MIL-MIL,198712300MIL-HOU,MIL-1988,0,1988,-5.5,30.833333333333336,moncrsi01-1988
boguemu01,38,7.4,198801020WSB-WSB,198801020WSB-HOU,WSB-1988,0,1988,281.2,22.27,boguemu01-1988
kingbe01,35,2.7,198801020WSB-WSB,198801020WSB-HOU,WSB-1988,0,1988,94.5,22.27,kingbe01-1988
malonmo01,31,-0.1,198801020WSB-WSB,198801020WSB-HOU,WSB-1988,0,1988,-3.1,22.27,malonmo01-1988
willijo02,24,-0.7,198801020WSB-WSB,198801020WSB-HOU,WSB-1988,0,1988,-16.799999999999997,22.27,willijo02-1988
catlete01,23,-4.7,198801020WSB-WSB,198801020WSB-HOU,WSB-1988,0,1988,-108.10000000000001,22.27,catlete01-1988
johnsfr01,21,-5.9,198801020WSB-WSB,198801020WSB-HOU,WSB-1988,0,1988,-123.9,22.27,johnsfr01-1988
alarima01,19,8.1,198801020WSB-WSB,198801020WSB-HOU,WSB-1988,0,1988,153.9,22.27,alarima01-1988
malonje01,18,-1.6,198801020WSB-WSB,198801020WSB-HOU,WSB-1988,0,1988,-28.8,22.27,malonje01-1988
bolma01,18,-0.3,198801020WSB-WSB,198801020WSB-HOU,WSB-1988,0,1988,-5.3999999999999995,22.27,bolma01-1988
jonesch01,13,-1.6,198801020WSB-WSB,198801020WSB-HOU,WSB-1988,0,1988,-20.8,22.27,jonesch01-1988
floydsl01,45,8.2,198801040HOU-HOU,198801040HOU-DAL,HOU-1988,1,1988,368.99999999999994,70.975,floydsl01-1988
olajuha01,39,12.3,198801040HOU-HOU,198801040HOU-DAL,HOU-1988,1,1988,479.70000000000005,70.975,olajuha01-1988
mccraro01,31,0.2,198801040HOU-HOU,198801040HOU-DAL,HOU-1988,1,1988,6.2,70.975,mccraro01-1988
shortpu01,27,5.8,198801040HOU-HOU,198801040HOU-DAL,HOU-1988,1,1988,156.6,70.975,shortpu01-1988
peterji01,26,-1.3,198801040HOU-HOU,198801040HOU-DAL,HOU-1988,1,1988,-33.800000000000004,70.975,peterji01-1988
carrojo01,26,-0.6,198801040HOU-HOU,198801040HOU-DAL,HOU-1988,1,1988,-15.6,70.975,carrojo01-1988
leaveal01,24,-4.6,198801040HOU-HOU,198801040HOU-DAL,HOU-1988,1,1988,-110.39999999999999,70.975,leaveal01-1988
johnsbu01,10,1.5,198801040HOU-HOU,198801040HOU-DAL,HOU-1988,1,1988,15,70.975,johnsbu01-1988
reidro01,6,-2.5,198801040HOU-HOU,198801040HOU-DAL,HOU-1988,1,1988,-15,70.975,reidro01-1988
maxwece01,4,-0.2,198801040HOU-HOU,198801040HOU-DAL,HOU-1988,1,1988,-0.8,70.975,maxwece01-1988
connele01,1,0.1,198801040HOU-HOU,198801040HOU-DAL,HOU-1988,1,1988,0.1,70.975,connele01-1988
freewo01,1,0.7,198801040HOU-HOU,198801040HOU-DAL,HOU-1988,1,1988,0.7,70.975,freewo01-1988
chambto01,40,18.2,198801060SEA-SEA,198801060SEA-HOU,SEA-1988,1,1988,728,65.9090909090909,chambto01-1988
ellisda01,40,-10.3,198801060SEA-SEA,198801060SEA-HOU,SEA-1988,1,1988,-412,65.9090909090909,ellisda01-1988
mcdanxa01,38,7.2,198801060SEA-SEA,198801060SEA-HOU,SEA-1988,1,1988,273.6,65.9090909090909,mcdanxa01-1988
mcmilna01,30,3.6,198801060SEA-SEA,198801060SEA-HOU,SEA-1988,1,1988,108,65.9090909090909,mcmilna01-1988
listeal01,27,2.2,198801060SEA-SEA,198801060SEA-HOU,SEA-1988,1,1988,59.400000000000006,65.9090909090909,listeal01-1988
mckeyde01,22,-0.3,198801060SEA-SEA,198801060SEA-HOU,SEA-1988,1,1988,-6.6,65.9090909090909,mckeyde01-1988
vincesa01,18,-3.1,198801060SEA-SEA,198801060SEA-HOU,SEA-1988,1,1988,-55.800000000000004,65.9090909090909,vincesa01-1988
johnscl01,10,3.1,198801060SEA-SEA,198801060SEA-HOU,SEA-1988,1,1988,31,65.9090909090909,johnscl01-1988
polynol01,6,0.5,198801060SEA-SEA,198801060SEA-HOU,SEA-1988,1,1988,3,65.9090909090909,polynol01-1988
schoeru01,5,0,198801060SEA-SEA,198801060SEA-HOU,SEA-1988,1,1988,0,65.9090909090909,schoeru01-1988
willike01,4,-0.9,198801060SEA-SEA,198801060SEA-HOU,SEA-1988,1,1988,-3.6,65.9090909090909,willike01-1988
sampsra01,35,-0.6,198801070GSW-GSW,198801070GSW-HOU,GSW-1988,0,1988,-21,11.489999999999998,sampsra01-1988
garlawi01,34,2.5,198801070GSW-GSW,198801070GSW-HOU,GSW-1988,0,1988,85,11.489999999999998,garlawi01-1988
higgiro01,30,1.2,198801070GSW-GSW,198801070GSW-HOU,GSW-1988,0,1988,36,11.489999999999998,higgiro01-1988
smithot01,29,5.6,198801070GSW-GSW,198801070GSW-HOU,GSW-1988,0,1988,162.39999999999998,11.489999999999998,smithot01-1988
teaglte01,27,-7,198801070GSW-GSW,198801070GSW-HOU,GSW-1988,0,1988,-189,11.489999999999998,teaglte01-1988
smithla01,24,5.2,198801070GSW-GSW,198801070GSW-HOU,GSW-1988,0,1988,124.80000000000001,11.489999999999998,smithla01-1988
frankte01,22,-2.1,198801070GSW-GSW,198801070GSW-HOU,GSW-1988,0,1988,-46.2,11.489999999999998,frankte01-1988
whiteto01,14,-0.3,198801070GSW-GSW,198801070GSW-HOU,GSW-1988,0,1988,-4.2,11.489999999999998,whiteto01-1988
mcdonbe01,13,-2.9,198801070GSW-GSW,198801070GSW-HOU,GSW-1988,0,1988,-37.699999999999996,11.489999999999998,mcdonbe01-1988
whiteje01,12,0.4,198801070GSW-GSW,198801070GSW-HOU,GSW-1988,0,1988,4.800000000000001,11.489999999999998,whiteje01-1988
floydsl01,48,6.7,198801090HOU-HOU,198801090HOU-PHO,HOU-1988,1,1988,321.6,68.73,floydsl01-1988
olajuha01,40,12.2,198801090HOU-HOU,198801090HOU-PHO,HOU-1988,1,1988,488,68.73,olajuha01-1988
mccraro01,38,-1.1,198801090HOU-HOU,198801090HOU-PHO,HOU-1988,1,1988,-41.800000000000004,68.73,mccraro01-1988
shortpu01,34,-0.4,198801090HOU-HOU,198801090HOU-PHO,HOU-1988,1,1988,-13.600000000000001,68.73,shortpu01-1988
peterji01,26,1.1,198801090HOU-HOU,198801090HOU-PHO,HOU-1988,1,1988,28.6,68.73,peterji01-1988
carrojo01,22,-3.2,198801090HOU-HOU,198801090HOU-PHO,HOU-1988,1,1988,-70.4,68.73,carrojo01-1988
leaveal01,14,-1.2,198801090HOU-HOU,198801090HOU-PHO,HOU-1988,1,1988,-16.8,68.73,leaveal01-1988
maxwece01,7,-1.2,198801090HOU-HOU,198801090HOU-PHO,HOU-1988,1,1988,-8.4,68.73,maxwece01-1988
reidro01,6,-1.4,198801090HOU-HOU,198801090HOU-PHO,HOU-1988,1,1988,-8.399999999999999,68.73,reidro01-1988
johnsbu01,5,1.7,198801090HOU-HOU,198801090HOU-PHO,HOU-1988,1,1988,8.5,68.73,johnsbu01-1988
nancela01,42,-1,198801130PHO-PHO,198801130PHO-HOU,PHO-1988,1,1988,-42,75.44444444444446,nancela01-1988
daviswa03,39,7.7,198801130PHO-PHO,198801130PHO-HOU,PHO-1988,1,1988,300.3,75.44444444444446,daviswa03-1988
edwarja01,39,2.1,198801130PHO-PHO,198801130PHO-HOU,PHO-1988,1,1988,81.9,75.44444444444446,edwarja01-1988
humphja01,39,8.4,198801130PHO-PHO,198801130PHO-HOU,PHO-1988,1,1988,327.6,75.44444444444446,humphja01-1988
gilliar01,29,2.7,198801130PHO-PHO,198801130PHO-HOU,PHO-1988,1,1988,78.30000000000001,75.44444444444446,gilliar01-1988
adamsal01,17,-1,198801130PHO-PHO,198801130PHO-HOU,PHO-1988,1,1988,-17,75.44444444444446,adamsal01-1988
johnsed03,15,-2,198801130PHO-PHO,198801130PHO-HOU,PHO-1988,1,1988,-30,75.44444444444446,johnsed03-1988
baileja01,13,-0.9,198801130PHO-PHO,198801130PHO-HOU,PHO-1988,1,1988,-11.700000000000001,75.44444444444446,baileja01-1988
hornaje01,7,-1.2,198801130PHO-PHO,198801130PHO-HOU,PHO-1988,1,1988,-8.4,75.44444444444446,hornaje01-1988
leaveal01,43,6.6,198801140HOU-HOU,198801140HOU-POR,HOU-1988,1,1988,283.8,44.18181818181818,leaveal01-1988
olajuha01,42,0.2,198801140HOU-HOU,198801140HOU-POR,HOU-1988,1,1988,8.4,44.18181818181818,olajuha01-1988
shortpu01,31,3.8,198801140HOU-HOU,198801140HOU-POR,HOU-1988,1,1988,117.8,44.18181818181818,shortpu01-1988
mccraro01,26,0.7,198801140HOU-HOU,198801140HOU-POR,HOU-1988,1,1988,18.2,44.18181818181818,mccraro01-1988
peterji01,25,-1.6,198801140HOU-HOU,198801140HOU-POR,HOU-1988,1,1988,-40,44.18181818181818,peterji01-1988
carrojo01,23,0.4,198801140HOU-HOU,198801140HOU-POR,HOU-1988,1,1988,9.200000000000001,44.18181818181818,carrojo01-1988
reidro01,16,4.3,198801140HOU-HOU,198801140HOU-POR,HOU-1988,1,1988,68.8,44.18181818181818,reidro01-1988
johnsbu01,15,0.6,198801140HOU-HOU,198801140HOU-POR,HOU-1988,1,1988,9,44.18181818181818,johnsbu01-1988
freewo01,8,0.7,198801140HOU-HOU,198801140HOU-POR,HOU-1988,1,1988,5.6,44.18181818181818,freewo01-1988
connele01,6,1.7,198801140HOU-HOU,198801140HOU-POR,HOU-1988,1,1988,10.2,44.18181818181818,connele01-1988
maxwece01,5,-1,198801140HOU-HOU,198801140HOU-POR,HOU-1988,1,1988,-5,44.18181818181818,maxwece01-1988
olajuha01,36,6.7,198801160HOU-HOU,198801160HOU-IND,HOU-1988,1,1988,241.20000000000002,64.3,olajuha01-1988
mccraro01,33,6.8,198801160HOU-HOU,198801160HOU-IND,HOU-1988,1,1988,224.4,64.3,mccraro01-1988
floydsl01,32,-1,198801160HOU-HOU,198801160HOU-IND,HOU-1988,1,1988,-32,64.3,floydsl01-1988
peterji01,30,-0.9,198801160HOU-HOU,198801160HOU-IND,HOU-1988,1,1988,-27,64.3,peterji01-1988
leaveal01,29,7.8,198801160HOU-HOU,198801160HOU-IND,HOU-1988,1,1988,226.2,64.3,leaveal01-1988
carrojo01,24,3,198801160HOU-HOU,198801160HOU-IND,HOU-1988,1,1988,72,64.3,carrojo01-1988
shortpu01,22,1.2,198801160HOU-HOU,198801160HOU-IND,HOU-1988,1,1988,26.4,64.3,shortpu01-1988
johnsbu01,13,2.4,198801160HOU-HOU,198801160HOU-IND,HOU-1988,1,1988,31.2,64.3,johnsbu01-1988
freewo01,7,1,198801160HOU-HOU,198801160HOU-IND,HOU-1988,1,1988,7,64.3,freewo01-1988
reidro01,6,0.6,198801160HOU-HOU,198801160HOU-IND,HOU-1988,1,1988,3.5999999999999996,64.3,reidro01-1988
maxwece01,5,0.8,198801160HOU-HOU,198801160HOU-IND,HOU-1988,1,1988,4,64.3,maxwece01-1988
connele01,3,-1.8,198801160HOU-HOU,198801160HOU-IND,HOU-1988,1,1988,-5.4,64.3,connele01-1988
scottby01,42,8.5,198801180LAL-LAL,198801180LAL-HOU,LAL-1988,1,1988,357,105.64444444444445,scottby01-1988
worthja01,40,3.2,198801180LAL-LAL,198801180LAL-HOU,LAL-1988,1,1988,128,105.64444444444445,worthja01-1988
johnsma02,38,16.3,198801180LAL-LAL,198801180LAL-HOU,LAL-1988,1,1988,619.4,105.64444444444445,johnsma02-1988
abdulka01,33,3,198801180LAL-LAL,198801180LAL-HOU,LAL-1988,1,1988,99,105.64444444444445,abdulka01-1988
thompmy01,30,-5,198801180LAL-LAL,198801180LAL-HOU,LAL-1988,1,1988,-150,105.64444444444445,thompmy01-1988
greenac01,24,-1.7,198801180LAL-LAL,198801180LAL-HOU,LAL-1988,1,1988,-40.8,105.64444444444445,greenac01-1988
coopemi01,24,-2.3,198801180LAL-LAL,198801180LAL-HOU,LAL-1988,1,1988,-55.199999999999996,105.64444444444445,coopemi01-1988
smrekmi01,6,-0.5,198801180LAL-LAL,198801180LAL-HOU,LAL-1988,1,1988,-3,105.64444444444445,smrekmi01-1988
rambiku01,3,-1.2,198801180LAL-LAL,198801180LAL-HOU,LAL-1988,1,1988,-3.5999999999999996,105.64444444444445,rambiku01-1988
theusre01,39,3.1,198801190SAC-SAC,198801190SAC-HOU,SAC-1988,1,1988,120.9,44.44545454545455,theusre01-1988
mcgeemi01,35,10.6,198801190SAC-SAC,198801190SAC-HOU,SAC-1988,1,1988,371,44.44545454545455,mcgeemi01-1988
thorpot01,31,5.2,198801190SAC-SAC,198801190SAC-HOU,SAC-1988,1,1988,161.20000000000002,44.44545454545455,thorpot01-1988
smithke01,29,-5.8,198801190SAC-SAC,198801190SAC-HOU,SAC-1988,1,1988,-168.2,44.44545454545455,smithke01-1988
thompla01,25,0.6,198801190SAC-SAC,198801190SAC-HOU,SAC-1988,1,1988,15,44.44545454545455,thompla01-1988
oldhaja01,22,4.4,198801190SAC-SAC,198801190SAC-HOU,SAC-1988,1,1988,96.80000000000001,44.44545454545455,oldhaja01-1988
pressha01,18,-1.8,198801190SAC-SAC,198801190SAC-HOU,SAC-1988,1,1988,-32.4,44.44545454545455,pressha01-1988
smithde02,12,-2.1,198801190SAC-SAC,198801190SAC-HOU,SAC-1988,1,1988,-25.200000000000003,44.44545454545455,smithde02-1988
tylerte01,11,-0.6,198801190SAC-SAC,198801190SAC-HOU,SAC-1988,1,1988,-6.6,44.44545454545455,tylerte01-1988
kleinjo01,10,-4.6,198801190SAC-SAC,198801190SAC-HOU,SAC-1988,1,1988,-46,44.44545454545455,kleinjo01-1988
pincked01,8,0.3,198801190SAC-SAC,198801190SAC-HOU,SAC-1988,1,1988,2.4,44.44545454545455,pincked01-1988
olajuha01,39,11.5,198801210HOU-HOU,198801210HOU-MIL,HOU-1988,1,1988,448.5,72.49,olajuha01-1988
floydsl01,36,1.5,198801210HOU-HOU,198801210HOU-MIL,HOU-1988,1,1988,54,72.49,floydsl01-1988
leaveal01,36,3.4,198801210HOU-HOU,198801210HOU-MIL,HOU-1988,1,1988,122.39999999999999,72.49,leaveal01-1988
mccraro01,32,4.4,198801210HOU-HOU,198801210HOU-MIL,HOU-1988,1,1988,140.8,72.49,mccraro01-1988
peterji01,30,2,198801210HOU-HOU,198801210HOU-MIL,HOU-1988,1,1988,60,72.49,peterji01-1988
carrojo01,27,-5.5,198801210HOU-HOU,198801210HOU-MIL,HOU-1988,1,1988,-148.5,72.49,carrojo01-1988
shortpu01,24,1.8,198801210HOU-HOU,198801210HOU-MIL,HOU-1988,1,1988,43.2,72.49,shortpu01-1988
maxwece01,7,1.5,198801210HOU-HOU,198801210HOU-MIL,HOU-1988,1,1988,10.5,72.49,maxwece01-1988
johnsbu01,6,-0.9,198801210HOU-HOU,198801210HOU-MIL,HOU-1988,1,1988,-5.4,72.49,johnsbu01-1988
reidro01,3,-0.2,198801210HOU-HOU,198801210HOU-MIL,HOU-1988,1,1988,-0.6000000000000001,72.49,reidro01-1988
floydsl01,32,4,198801260HOU-HOU,198801260HOU-LAC,HOU-1988,1,1988,128,35.71666666666667,floydsl01-1988
peterji01,32,2.8,198801260HOU-HOU,198801260HOU-LAC,HOU-1988,1,1988,89.6,35.71666666666667,peterji01-1988
olajuha01,31,1.1,198801260HOU-HOU,198801260HOU-LAC,HOU-1988,1,1988,34.1,35.71666666666667,olajuha01-1988
carrojo01,27,1.2,198801260HOU-HOU,198801260HOU-LAC,HOU-1988,1,1988,32.4,35.71666666666667,carrojo01-1988
leaveal01,26,3.7,198801260HOU-HOU,198801260HOU-LAC,HOU-1988,1,1988,96.2,35.71666666666667,leaveal01-1988
shortpu01,21,-0.9,198801260HOU-HOU,198801260HOU-LAC,HOU-1988,1,1988,-18.900000000000002,35.71666666666667,shortpu01-1988
mccraro01,20,4.4,198801260HOU-HOU,198801260HOU-LAC,HOU-1988,1,1988,88,35.71666666666667,mccraro01-1988
johnsbu01,15,-0.1,198801260HOU-HOU,198801260HOU-LAC,HOU-1988,1,1988,-1.5,35.71666666666667,johnsbu01-1988
reidro01,15,0.8,198801260HOU-HOU,198801260HOU-LAC,HOU-1988,1,1988,12,35.71666666666667,reidro01-1988
freewo01,11,-3.2,198801260HOU-HOU,198801260HOU-LAC,HOU-1988,1,1988,-35.2,35.71666666666667,freewo01-1988
maxwece01,7,1.2,198801260HOU-HOU,198801260HOU-LAC,HOU-1988,1,1988,8.4,35.71666666666667,maxwece01-1988
connele01,3,-1.5,198801260HOU-HOU,198801260HOU-LAC,HOU-1988,1,1988,-4.5,35.71666666666667,connele01-1988
olajuha01,38,1.2,198801280HOU-HOU,198801280HOU-CLE,HOU-1988,0,1988,45.6,-17.091666666666665,olajuha01-1988
floydsl01,35,-5.1,198801280HOU-HOU,198801280HOU-CLE,HOU-1988,0,1988,-178.5,-17.091666666666665,floydsl01-1988
mccraro01,31,-1.4,198801280HOU-HOU,198801280HOU-CLE,HOU-1988,0,1988,-43.4,-17.091666666666665,mccraro01-1988
leaveal01,30,-4.1,198801280HOU-HOU,198801280HOU-CLE,HOU-1988,0,1988,-122.99999999999999,-17.091666666666665,leaveal01-1988
peterji01,26,3.6,198801280HOU-HOU,198801280HOU-CLE,HOU-1988,0,1988,93.60000000000001,-17.091666666666665,peterji01-1988
carrojo01,21,-1.3,198801280HOU-HOU,198801280HOU-CLE,HOU-1988,0,1988,-27.3,-17.091666666666665,carrojo01-1988
shortpu01,18,-1.4,198801280HOU-HOU,198801280HOU-CLE,HOU-1988,0,1988,-25.2,-17.091666666666665,shortpu01-1988
johnsbu01,12,2.2,198801280HOU-HOU,198801280HOU-CLE,HOU-1988,0,1988,26.400000000000002,-17.091666666666665,johnsbu01-1988
maxwece01,10,3.3,198801280HOU-HOU,198801280HOU-CLE,HOU-1988,0,1988,33,-17.091666666666665,maxwece01-1988
reidro01,9,0.6,198801280HOU-HOU,198801280HOU-CLE,HOU-1988,0,1988,5.3999999999999995,-17.091666666666665,reidro01-1988
freewo01,7,-1.5,198801280HOU-HOU,198801280HOU-CLE,HOU-1988,0,1988,-10.5,-17.091666666666665,freewo01-1988
connele01,3,-0.4,198801280HOU-HOU,198801280HOU-CLE,HOU-1988,0,1988,-1.2000000000000002,-17.091666666666665,connele01-1988
harpede01,35,7.4,198801300DAL-DAL,198801300DAL-HOU,DAL-1988,0,1988,259,14.408333333333333,harpede01-1988
donalja01,34,-3.4,198801300DAL-DAL,198801300DAL-HOU,DAL-1988,0,1988,-115.6,14.408333333333333,donalja01-1988
perkisa01,33,2.8,198801300DAL-DAL,198801300DAL-HOU,DAL-1988,0,1988,92.39999999999999,14.408333333333333,perkisa01-1988
aguirma01,28,-4.3,198801300DAL-DAL,198801300DAL-HOU,DAL-1988,0,1988,-120.39999999999999,14.408333333333333,aguirma01-1988
blackro01,28,0.7,198801300DAL-DAL,198801300DAL-HOU,DAL-1988,0,1988,19.599999999999998,14.408333333333333,blackro01-1988
davisbr01,26,4.3,198801300DAL-DAL,198801300DAL-HOU,DAL-1988,0,1988,111.8,14.408333333333333,davisbr01-1988
schrede01,25,3,198801300DAL-DAL,198801300DAL-HOU,DAL-1988,0,1988,75,14.408333333333333,schrede01-1988
tarplro01,23,-6.3,198801300DAL-DAL,198801300DAL-HOU,DAL-1988,0,1988,-144.9,14.408333333333333,tarplro01-1988
blabuw01,3,-2.1,198801300DAL-DAL,198801300DAL-HOU,DAL-1988,0,1988,-6.300000000000001,14.408333333333333,blabuw01-1988
alforst01,2,2.2,198801300DAL-DAL,198801300DAL-HOU,DAL-1988,0,1988,4.4,14.408333333333333,alforst01-1988
farmeji01,2,-1,198801300DAL-DAL,198801300DAL-HOU,DAL-1988,0,1988,-2,14.408333333333333,farmeji01-1988
wennibi01,1,-0.1,198801300DAL-DAL,198801300DAL-HOU,DAL-1988,0,1988,-0.1,14.408333333333333,wennibi01-1988
mccraro01,42,2.3,198802020HOU-HOU,198802020HOU-PHO,HOU-1988,1,1988,96.6,71.67777777777778,mccraro01-1988
olajuha01,36,12.6,198802020HOU-HOU,198802020HOU-PHO,HOU-1988,1,1988,453.59999999999997,71.67777777777778,olajuha01-1988
floydsl01,35,-2.7,198802020HOU-HOU,198802020HOU-PHO,HOU-1988,1,1988,-94.5,71.67777777777778,floydsl01-1988
carrojo01,33,5.2,198802020HOU-HOU,198802020HOU-PHO,HOU-1988,1,1988,171.6,71.67777777777778,carrojo01-1988
leaveal01,28,1.2,198802020HOU-HOU,198802020HOU-PHO,HOU-1988,1,1988,33.6,71.67777777777778,leaveal01-1988
peterji01,28,-0.9,198802020HOU-HOU,198802020HOU-PHO,HOU-1988,1,1988,-25.2,71.67777777777778,peterji01-1988
shortpu01,25,1.7,198802020HOU-HOU,198802020HOU-PHO,HOU-1988,1,1988,42.5,71.67777777777778,shortpu01-1988
reidro01,8,-3.7,198802020HOU-HOU,198802020HOU-PHO,HOU-1988,1,1988,-29.6,71.67777777777778,reidro01-1988
johnsbu01,5,-0.7,198802020HOU-HOU,198802020HOU-PHO,HOU-1988,1,1988,-3.5,71.67777777777778,johnsbu01-1988
carrojo01,33,-1.3,198802040HOU-HOU,198802040HOU-NJN,HOU-1988,1,1988,-42.9,33.11666666666667,carrojo01-1988
mccraro01,31,2.3,198802040HOU-HOU,198802040HOU-NJN,HOU-1988,1,1988,71.3,33.11666666666667,mccraro01-1988
floydsl01,24,-0.5,198802040HOU-HOU,198802040HOU-NJN,HOU-1988,1,1988,-12,33.11666666666667,floydsl01-1988
shortpu01,23,6.5,198802040HOU-HOU,198802040HOU-NJN,HOU-1988,1,1988,149.5,33.11666666666667,shortpu01-1988
leaveal01,22,2.8,198802040HOU-HOU,198802040HOU-NJN,HOU-1988,1,1988,61.599999999999994,33.11666666666667,leaveal01-1988
olajuha01,20,2.4,198802040HOU-HOU,198802040HOU-NJN,HOU-1988,1,1988,48,33.11666666666667,olajuha01-1988
johnsbu01,19,5.9,198802040HOU-HOU,198802040HOU-NJN,HOU-1988,1,1988,112.10000000000001,33.11666666666667,johnsbu01-1988
peterji01,18,-2.5,198802040HOU-HOU,198802040HOU-NJN,HOU-1988,1,1988,-45,33.11666666666667,peterji01-1988
maxwece01,18,0.2,198802040HOU-HOU,198802040HOU-NJN,HOU-1988,1,1988,3.6,33.11666666666667,maxwece01-1988
reidro01,12,-0.4,198802040HOU-HOU,198802040HOU-NJN,HOU-1988,1,1988,-4.800000000000001,33.11666666666667,reidro01-1988
connele01,10,7.8,198802040HOU-HOU,198802040HOU-NJN,HOU-1988,1,1988,78,33.11666666666667,connele01-1988
freewo01,10,-2.2,198802040HOU-HOU,198802040HOU-NJN,HOU-1988,1,1988,-22,33.11666666666667,freewo01-1988
olajuha01,38,10.1,198802090HOU-HOU,198802090HOU-BOS,HOU-1988,1,1988,383.8,88.78888888888889,olajuha01-1988
mccraro01,37,4.1,198802090HOU-HOU,198802090HOU-BOS,HOU-1988,1,1988,151.7,88.78888888888889,mccraro01-1988
floydsl01,35,0,198802090HOU-HOU,198802090HOU-BOS,HOU-1988,1,1988,0,88.78888888888889,floydsl01-1988
shortpu01,35,1.9,198802090HOU-HOU,198802090HOU-BOS,HOU-1988,1,1988,66.5,88.78888888888889,shortpu01-1988
carrojo01,29,2.6,198802090HOU-HOU,198802090HOU-BOS,HOU-1988,1,1988,75.4,88.78888888888889,carrojo01-1988
leaveal01,27,1.3,198802090HOU-HOU,198802090HOU-BOS,HOU-1988,1,1988,35.1,88.78888888888889,leaveal01-1988
peterji01,25,4.2,198802090HOU-HOU,198802090HOU-BOS,HOU-1988,1,1988,105,88.78888888888889,peterji01-1988
johnsbu01,11,-1.4,198802090HOU-HOU,198802090HOU-BOS,HOU-1988,1,1988,-15.399999999999999,88.78888888888889,johnsbu01-1988
maxwece01,3,-1,198802090HOU-HOU,198802090HOU-BOS,HOU-1988,1,1988,-3,88.78888888888889,maxwece01-1988
mcmilna01,42,10.3,198802110SEA-SEA,198802110SEA-HOU,SEA-1988,1,1988,432.6,63.44166666666667,mcmilna01-1988
ellisda01,41,5,198802110SEA-SEA,198802110SEA-HOU,SEA-1988,1,1988,205,63.44166666666667,ellisda01-1988
chambto01,39,6.1,198802110SEA-SEA,198802110SEA-HOU,SEA-1988,1,1988,237.89999999999998,63.44166666666667,chambto01-1988
mcdanxa01,36,-1.7,198802110SEA-SEA,198802110SEA-HOU,SEA-1988,1,1988,-61.199999999999996,63.44166666666667,mcdanxa01-1988
listeal01,27,-1.9,198802110SEA-SEA,198802110SEA-HOU,SEA-1988,1,1988,-51.3,63.44166666666667,listeal01-1988
mckeyde01,12,1.2,198802110SEA-SEA,198802110SEA-HOU,SEA-1988,1,1988,14.399999999999999,63.44166666666667,mckeyde01-1988
willike01,12,2.2,198802110SEA-SEA,198802110SEA-HOU,SEA-1988,1,1988,26.400000000000002,63.44166666666667,willike01-1988
johnscl01,10,-1.9,198802110SEA-SEA,198802110SEA-HOU,SEA-1988,1,1988,-19,63.44166666666667,johnscl01-1988
polynol01,10,-1.2,198802110SEA-SEA,198802110SEA-HOU,SEA-1988,1,1988,-12,63.44166666666667,polynol01-1988
schoeru01,5,-1.7,198802110SEA-SEA,198802110SEA-HOU,SEA-1988,1,1988,-8.5,63.44166666666667,schoeru01-1988
vincesa01,3,-0.2,198802110SEA-SEA,198802110SEA-HOU,SEA-1988,1,1988,-0.6000000000000001,63.44166666666667,vincesa01-1988
youngda01,3,-0.8,198802110SEA-SEA,198802110SEA-HOU,SEA-1988,1,1988,-2.4000000000000004,63.44166666666667,youngda01-1988
cagemi01,39,1,198802120LAC-LAC,198802120LAC-HOU,LAC-1988,0,1988,39,17.02,cagemi01-1988
woodsmi01,39,1,198802120LAC-LAC,198802120LAC-HOU,LAC-1988,0,1988,39,17.02,woodsmi01-1988
wolfjo01,37,0.3,198802120LAC-LAC,198802120LAC-HOU,LAC-1988,0,1988,11.1,17.02,wolfjo01-1988
benjabe01,34,3.7,198802120LAC-LAC,198802120LAC-HOU,LAC-1988,0,1988,125.80000000000001,17.02,benjabe01-1988
normake01,23,1.7,198802120LAC-LAC,198802120LAC-HOU,LAC-1988,0,1988,39.1,17.02,normake01-1988
dailequ01,20,-7.8,198802120LAC-LAC,198802120LAC-HOU,LAC-1988,0,1988,-156,17.02,dailequ01-1988
valenda01,19,6.8,198802120LAC-LAC,198802120LAC-HOU,LAC-1988,0,1988,129.2,17.02,valenda01-1988
drewla01,16,-3.4,198802120LAC-LAC,198802120LAC-HOU,LAC-1988,0,1988,-54.4,17.02,drewla01-1988
kitegr01,11,-0.2,198802120LAC-LAC,198802120LAC-HOU,LAC-1988,0,1988,-2.2,17.02,kitegr01-1988
gordola01,2,-0.2,198802120LAC-LAC,198802120LAC-HOU,LAC-1988,0,1988,-0.4,17.02,gordola01-1988
kerseje01,39,2.2,198802140POR-POR,198802140POR-HOU,POR-1988,0,1988,85.80000000000001,38.05,kerseje01-1988
portete01,39,8.2,198802140POR-POR,198802140POR-HOU,POR-1988,0,1988,319.79999999999995,38.05,portete01-1988
drexlcl01,36,1.1,198802140POR-POR,198802140POR-HOU,POR-1988,0,1988,39.6,38.05,drexlcl01-1988
duckwke01,35,-5.4,198802140POR-POR,198802140POR-HOU,POR-1988,0,1988,-189,38.05,duckwke01-1988
vandeki01,33,5.7,198802140POR-POR,198802140POR-HOU,POR-1988,0,1988,188.1,38.05,vandeki01-1988
jonesca01,17,-2.6,198802140POR-POR,198802140POR-HOU,POR-1988,0,1988,-44.2,38.05,jonesca01-1988
paxsoji02,14,-1.3,198802140POR-POR,198802140POR-HOU,POR-1988,0,1988,-18.2,38.05,paxsoji02-1988
anderri01,10,-1.3,198802140POR-POR,198802140POR-HOU,POR-1988,0,1988,-13,38.05,anderri01-1988
holtomi01,10,2,198802140POR-POR,198802140POR-HOU,POR-1988,0,1988,20,38.05,holtomi01-1988
lucasma01,7,-1.2,198802140POR-POR,198802140POR-HOU,POR-1988,0,1988,-8.4,38.05,lucasma01-1988
olajuha01,42,5.9,198802160HOU-HOU,198802160HOU-GSW,HOU-1988,1,1988,247.8,38.15555555555556,olajuha01-1988
mccraro01,38,-6.5,198802160HOU-HOU,198802160HOU-GSW,HOU-1988,1,1988,-247,38.15555555555556,mccraro01-1988
leaveal01,33,12.9,198802160HOU-HOU,198802160HOU-GSW,HOU-1988,1,1988,425.7,38.15555555555556,leaveal01-1988
peterji01,30,-3.7,198802160HOU-HOU,198802160HOU-GSW,HOU-1988,1,1988,-111,38.15555555555556,peterji01-1988
floydsl01,29,3,198802160HOU-HOU,198802160HOU-GSW,HOU-1988,1,1988,87,38.15555555555556,floydsl01-1988
shortpu01,29,1.7,198802160HOU-HOU,198802160HOU-GSW,HOU-1988,1,1988,49.3,38.15555555555556,shortpu01-1988
carrojo01,25,-4.8,198802160HOU-HOU,198802160HOU-GSW,HOU-1988,1,1988,-120,38.15555555555556,carrojo01-1988
johnsbu01,8,1.9,198802160HOU-HOU,198802160HOU-GSW,HOU-1988,1,1988,15.2,38.15555555555556,johnsbu01-1988
freewo01,6,-0.6,198802160HOU-HOU,198802160HOU-GSW,HOU-1988,1,1988,-3.5999999999999996,38.15555555555556,freewo01-1988
olajuha01,42,-0.4,198802180HOU-HOU,198802180HOU-LAL,HOU-1988,0,1988,-16.8,14.833333333333332,olajuha01-1988
floydsl01,30,0.9,198802180HOU-HOU,198802180HOU-LAL,HOU-1988,0,1988,27,14.833333333333332,floydsl01-1988
peterji01,29,5.3,198802180HOU-HOU,198802180HOU-LAL,HOU-1988,0,1988,153.7,14.833333333333332,peterji01-1988
shortpu01,25,3.8,198802180HOU-HOU,198802180HOU-LAL,HOU-1988,0,1988,95,14.833333333333332,shortpu01-1988
mccraro01,23,-3.9,198802180HOU-HOU,198802180HOU-LAL,HOU-1988,0,1988,-89.7,14.833333333333332,mccraro01-1988
leaveal01,22,2.3,198802180HOU-HOU,198802180HOU-LAL,HOU-1988,0,1988,50.599999999999994,14.833333333333332,leaveal01-1988
carrojo01,19,-0.2,198802180HOU-HOU,198802180HOU-LAL,HOU-1988,0,1988,-3.8000000000000003,14.833333333333332,carrojo01-1988
reidro01,19,-0.8,198802180HOU-HOU,198802180HOU-LAL,HOU-1988,0,1988,-15.200000000000001,14.833333333333332,reidro01-1988
johnsbu01,10,-1.8,198802180HOU-HOU,198802180HOU-LAL,HOU-1988,0,1988,-18,14.833333333333332,johnsbu01-1988
maxwece01,10,0.3,198802180HOU-HOU,198802180HOU-LAL,HOU-1988,0,1988,3,14.833333333333332,maxwece01-1988
freewo01,8,-1.2,198802180HOU-HOU,198802180HOU-LAL,HOU-1988,0,1988,-9.6,14.833333333333332,freewo01-1988
connele01,3,0.6,198802180HOU-HOU,198802180HOU-LAL,HOU-1988,0,1988,1.7999999999999998,14.833333333333332,connele01-1988
olajuha01,43,0.2,198802200HOU-HOU,198802200HOU-WSB,HOU-1988,1,1988,8.6,58.46,olajuha01-1988
shortpu01,36,7.5,198802200HOU-HOU,198802200HOU-WSB,HOU-1988,1,1988,270,58.46,shortpu01-1988
mccraro01,33,1,198802200HOU-HOU,198802200HOU-WSB,HOU-1988,1,1988,33,58.46,mccraro01-1988
peterji01,32,6.6,198802200HOU-HOU,198802200HOU-WSB,HOU-1988,1,1988,211.2,58.46,peterji01-1988
leaveal01,31,1.5,198802200HOU-HOU,198802200HOU-WSB,HOU-1988,1,1988,46.5,58.46,leaveal01-1988
floydsl01,29,2,198802200HOU-HOU,198802200HOU-WSB,HOU-1988,1,1988,58,58.46,floydsl01-1988
carrojo01,17,-1.6,198802200HOU-HOU,198802200HOU-WSB,HOU-1988,1,1988,-27.200000000000003,58.46,carrojo01-1988
reidro01,9,-0.5,198802200HOU-HOU,198802200HOU-WSB,HOU-1988,1,1988,-4.5,58.46,reidro01-1988
johnsbu01,6,-1.3,198802200HOU-HOU,198802200HOU-WSB,HOU-1988,1,1988,-7.800000000000001,58.46,johnsbu01-1988
maxwece01,4,-0.8,198802200HOU-HOU,198802200HOU-WSB,HOU-1988,1,1988,-3.2,58.46,maxwece01-1988
peterji01,42,10.5,198802220HOU-HOU,198802220HOU-PHI,HOU-1988,1,1988,441,66.4,peterji01-1988
olajuha01,36,6.5,198802220HOU-HOU,198802220HOU-PHI,HOU-1988,1,1988,234,66.4,olajuha01-1988
floydsl01,34,-0.1,198802220HOU-HOU,198802220HOU-PHI,HOU-1988,1,1988,-3.4000000000000004,66.4,floydsl01-1988
leaveal01,31,2.8,198802220HOU-HOU,198802220HOU-PHI,HOU-1988,1,1988,86.8,66.4,leaveal01-1988
mccraro01,27,-1.9,198802220HOU-HOU,198802220HOU-PHI,HOU-1988,1,1988,-51.3,66.4,mccraro01-1988
shortpu01,25,3.6,198802220HOU-HOU,198802220HOU-PHI,HOU-1988,1,1988,90,66.4,shortpu01-1988
johnsbu01,20,4.7,198802220HOU-HOU,198802220HOU-PHI,HOU-1988,1,1988,94,66.4,johnsbu01-1988
carrojo01,16,-5.5,198802220HOU-HOU,198802220HOU-PHI,HOU-1988,1,1988,-88,66.4,carrojo01-1988
reidro01,4,-0.9,198802220HOU-HOU,198802220HOU-PHI,HOU-1988,1,1988,-3.6,66.4,reidro01-1988
freewo01,2,-1.2,198802220HOU-HOU,198802220HOU-PHI,HOU-1988,1,1988,-2.4,66.4,freewo01-1988
maxwece01,2,-0.1,198802220HOU-HOU,198802220HOU-PHI,HOU-1988,1,1988,-0.2,66.4,maxwece01-1988
connele01,1,-0.1,198802220HOU-HOU,198802220HOU-PHI,HOU-1988,1,1988,-0.1,66.4,connele01-1988
floydsl01,39,5.9,198802250HOU-HOU,198802250HOU-DAL,HOU-1988,0,1988,230.10000000000002,41.050000000000004,floydsl01-1988
olajuha01,37,-1.4,198802250HOU-HOU,198802250HOU-DAL,HOU-1988,0,1988,-51.8,41.050000000000004,olajuha01-1988
mccraro01,35,6.3,198802250HOU-HOU,198802250HOU-DAL,HOU-1988,0,1988,220.5,41.050000000000004,mccraro01-1988
shortpu01,30,-4.5,198802250HOU-HOU,198802250HOU-DAL,HOU-1988,0,1988,-135,41.050000000000004,shortpu01-1988
peterji01,26,3.8,198802250HOU-HOU,198802250HOU-DAL,HOU-1988,0,1988,98.8,41.050000000000004,peterji01-1988
carrojo01,24,2.8,198802250HOU-HOU,198802250HOU-DAL,HOU-1988,0,1988,67.19999999999999,41.050000000000004,carrojo01-1988
reidro01,18,-0.3,198802250HOU-HOU,198802250HOU-DAL,HOU-1988,0,1988,-5.3999999999999995,41.050000000000004,reidro01-1988
johnsbu01,13,-0.1,198802250HOU-HOU,198802250HOU-DAL,HOU-1988,0,1988,-1.3,41.050000000000004,johnsbu01-1988
connele01,9,-0.4,198802250HOU-HOU,198802250HOU-DAL,HOU-1988,0,1988,-3.6,41.050000000000004,connele01-1988
maxwece01,9,-1,198802250HOU-HOU,198802250HOU-DAL,HOU-1988,0,1988,-9,41.050000000000004,maxwece01-1988
dawkijo01,43,2.4,198802260SAS-SAS,198802260SAS-HOU,SAS-1988,1,1988,103.2,45.29,dawkijo01-1988
roberal01,41,0.4,198802260SAS-SAS,198802260SAS-HOU,SAS-1988,1,1988,16.400000000000002,45.29,roberal01-1988
berrywa01,37,11.7,198802260SAS-SAS,198802260SAS-HOU,SAS-1988,1,1988,432.9,45.29,berrywa01-1988
brickfr01,37,-3.1,198802260SAS-SAS,198802260SAS-HOU,SAS-1988,1,1988,-114.7,45.29,brickfr01-1988
andergr01,35,2.7,198802260SAS-SAS,198802260SAS-HOU,SAS-1988,1,1988,94.5,45.29,andergr01-1988
greenda01,23,-4.3,198802260SAS-SAS,198802260SAS-HOU,SAS-1988,1,1988,-98.89999999999999,45.29,greenda01-1988
myerspe01,13,1.4,198802260SAS-SAS,198802260SAS-HOU,SAS-1988,1,1988,18.2,45.29,myerspe01-1988
mitchmi01,9,0.2,198802260SAS-SAS,198802260SAS-HOU,SAS-1988,1,1988,1.8,45.29,mitchmi01-1988
nealyed01,1,-0.4,198802260SAS-SAS,198802260SAS-HOU,SAS-1988,1,1988,-0.4,45.29,nealyed01-1988
sundvjo01,1,-0.1,198802260SAS-SAS,198802260SAS-HOU,SAS-1988,1,1988,-0.1,45.29,sundvjo01-1988
olajuha01,37,8.6,198802280HOU-HOU,198802280HOU-SAS,HOU-1988,1,1988,318.2,46.763636363636365,olajuha01-1988
mccraro01,32,6.2,198802280HOU-HOU,198802280HOU-SAS,HOU-1988,1,1988,198.4,46.763636363636365,mccraro01-1988
leaveal01,27,-3.5,198802280HOU-HOU,198802280HOU-SAS,HOU-1988,1,1988,-94.5,46.763636363636365,leaveal01-1988
shortpu01,27,0.9,198802280HOU-HOU,198802280HOU-SAS,HOU-1988,1,1988,24.3,46.763636363636365,shortpu01-1988
connele01,22,-1,198802280HOU-HOU,198802280HOU-SAS,HOU-1988,1,1988,-22,46.763636363636365,connele01-1988
carrojo01,22,2.6,198802280HOU-HOU,198802280HOU-SAS,HOU-1988,1,1988,57.2,46.763636363636365,carrojo01-1988
johnsbu01,21,-0.5,198802280HOU-HOU,198802280HOU-SAS,HOU-1988,1,1988,-10.5,46.763636363636365,johnsbu01-1988
maxwece01,17,2.2,198802280HOU-HOU,198802280HOU-SAS,HOU-1988,1,1988,37.400000000000006,46.763636363636365,maxwece01-1988
reidro01,16,0.7,198802280HOU-HOU,198802280HOU-SAS,HOU-1988,1,1988,11.2,46.763636363636365,reidro01-1988
peterji01,15,0.1,198802280HOU-HOU,198802280HOU-SAS,HOU-1988,1,1988,1.5,46.763636363636365,peterji01-1988
freewo01,4,-1.7,198802280HOU-HOU,198802280HOU-SAS,HOU-1988,1,1988,-6.8,46.763636363636365,freewo01-1988
malonka01,44,3.5,198803010UTA-UTA,198803010UTA-HOU,UTA-1988,1,1988,154,67.35,malonka01-1988
stockjo01,41,14.5,198803010UTA-UTA,198803010UTA-HOU,UTA-1988,1,1988,594.5,67.35,stockjo01-1988
hansebo01,35,2.2,198803010UTA-UTA,198803010UTA-HOU,UTA-1988,1,1988,77,67.35,hansebo01-1988
baileth01,32,-4.9,198803010UTA-UTA,198803010UTA-HOU,UTA-1988,1,1988,-156.8,67.35,baileth01-1988
iavarma01,22,3.7,198803010UTA-UTA,198803010UTA-HOU,UTA-1988,1,1988,81.4,67.35,iavarma01-1988
turpime01,21,-2.3,198803010UTA-UTA,198803010UTA-HOU,UTA-1988,1,1988,-48.3,67.35,turpime01-1988
eatonma01,16,-1.4,198803010UTA-UTA,198803010UTA-HOU,UTA-1988,1,1988,-22.4,67.35,eatonma01-1988
griffda01,13,0.9,198803010UTA-UTA,198803010UTA-HOU,UTA-1988,1,1988,11.700000000000001,67.35,griffda01-1988
greenri01,8,-1.5,198803010UTA-UTA,198803010UTA-HOU,UTA-1988,1,1988,-12,67.35,greenri01-1988
rothsc01,8,-0.7,198803010UTA-UTA,198803010UTA-HOU,UTA-1988,1,1988,-5.6,67.35,rothsc01-1988
garlawi01,36,4.1,198803020GSW-GSW,198803020GSW-HOU,GSW-1988,0,1988,147.6,14.433333333333332,garlawi01-1988
feitlda01,29,4.1,198803020GSW-GSW,198803020GSW-HOU,GSW-1988,0,1988,118.89999999999999,14.433333333333332,feitlda01-1988
mullich01,29,2.9,198803020GSW-GSW,198803020GSW-HOU,GSW-1988,0,1988,84.1,14.433333333333332,mullich01-1988
smithot01,26,-6.1,198803020GSW-GSW,198803020GSW-HOU,GSW-1988,0,1988,-158.6,14.433333333333332,smithot01-1988
higgiro01,22,1.4,198803020GSW-GSW,198803020GSW-HOU,GSW-1988,0,1988,30.799999999999997,14.433333333333332,higgiro01-1988
mcdonbe01,21,-1.8,198803020GSW-GSW,198803020GSW-HOU,GSW-1988,0,1988,-37.800000000000004,14.433333333333332,mcdonbe01-1988
harrist01,18,4.1,198803020GSW-GSW,198803020GSW-HOU,GSW-1988,0,1988,73.8,14.433333333333332,harrist01-1988
whiteje01,15,-1.5,198803020GSW-GSW,198803020GSW-HOU,GSW-1988,0,1988,-22.5,14.433333333333332,whiteje01-1988
frankte01,15,-3,198803020GSW-GSW,198803020GSW-HOU,GSW-1988,0,1988,-45,14.433333333333332,frankte01-1988
hoppeda01,15,-1.9,198803020GSW-GSW,198803020GSW-HOU,GSW-1988,0,1988,-28.5,14.433333333333332,hoppeda01-1988
teaglte01,11,1,198803020GSW-GSW,198803020GSW-HOU,GSW-1988,0,1988,11,14.433333333333332,teaglte01-1988
whiteto01,3,-0.2,198803020GSW-GSW,198803020GSW-HOU,GSW-1988,0,1988,-0.6000000000000001,14.433333333333332,whiteto01-1988
perkisa01,41,6,198803040DAL-DAL,198803040DAL-HOU,DAL-1988,1,1988,246,66.56,perkisa01-1988
blackro01,38,3.1,198803040DAL-DAL,198803040DAL-HOU,DAL-1988,1,1988,117.8,66.56,blackro01-1988
harpede01,34,10.2,198803040DAL-DAL,198803040DAL-HOU,DAL-1988,1,1988,346.79999999999995,66.56,harpede01-1988
aguirma01,32,-1,198803040DAL-DAL,198803040DAL-HOU,DAL-1988,1,1988,-32,66.56,aguirma01-1988
donalja01,28,2.1,198803040DAL-DAL,198803040DAL-HOU,DAL-1988,1,1988,58.800000000000004,66.56,donalja01-1988
tarplro01,24,-3.3,198803040DAL-DAL,198803040DAL-HOU,DAL-1988,1,1988,-79.19999999999999,66.56,tarplro01-1988
davisbr01,22,-1.3,198803040DAL-DAL,198803040DAL-HOU,DAL-1988,1,1988,-28.6,66.56,davisbr01-1988
schrede01,17,2,198803040DAL-DAL,198803040DAL-HOU,DAL-1988,1,1988,34,66.56,schrede01-1988
blabuw01,3,0.8,198803040DAL-DAL,198803040DAL-HOU,DAL-1988,1,1988,2.4000000000000004,66.56,blabuw01-1988
wennibi01,1,-0.4,198803040DAL-DAL,198803040DAL-HOU,DAL-1988,1,1988,-0.4,66.56,wennibi01-1988
leaveal01,40,9.3,198803050HOU-HOU,198803050HOU-SAC,HOU-1988,1,1988,372,72.21,leaveal01-1988
mccraro01,39,-1.1,198803050HOU-HOU,198803050HOU-SAC,HOU-1988,1,1988,-42.900000000000006,72.21,mccraro01-1988
olajuha01,37,8.2,198803050HOU-HOU,198803050HOU-SAC,HOU-1988,1,1988,303.4,72.21,olajuha01-1988
peterji01,31,0.6,198803050HOU-HOU,198803050HOU-SAC,HOU-1988,1,1988,18.599999999999998,72.21,peterji01-1988
shortpu01,29,5,198803050HOU-HOU,198803050HOU-SAC,HOU-1988,1,1988,145,72.21,shortpu01-1988
reidro01,19,4,198803050HOU-HOU,198803050HOU-SAC,HOU-1988,1,1988,76,72.21,reidro01-1988
carrojo01,19,-4.9,198803050HOU-HOU,198803050HOU-SAC,HOU-1988,1,1988,-93.10000000000001,72.21,carrojo01-1988
floydsl01,9,-6.8,198803050HOU-HOU,198803050HOU-SAC,HOU-1988,1,1988,-61.199999999999996,72.21,floydsl01-1988
johnsbu01,9,1.9,198803050HOU-HOU,198803050HOU-SAC,HOU-1988,1,1988,17.099999999999998,72.21,johnsbu01-1988
maxwece01,8,-1.6,198803050HOU-HOU,198803050HOU-SAC,HOU-1988,1,1988,-12.8,72.21,maxwece01-1988
leverfa01,43,6.4,198803080DEN-DEN,198803080DEN-HOU,DEN-1988,0,1988,275.2,36.459999999999994,leverfa01-1988
adamsmi01,41,-0.8,198803080DEN-DEN,198803080DEN-HOU,DEN-1988,0,1988,-32.800000000000004,36.459999999999994,adamsmi01-1988
schayda01,39,5.1,198803080DEN-DEN,198803080DEN-HOU,DEN-1988,0,1988,198.89999999999998,36.459999999999994,schayda01-1988
englial01,34,3.4,198803080DEN-DEN,198803080DEN-HOU,DEN-1988,0,1988,115.6,36.459999999999994,englial01-1988
vinceja01,29,-4.1,198803080DEN-DEN,198803080DEN-HOU,DEN-1988,0,1988,-118.89999999999999,36.459999999999994,vinceja01-1988
rasmubl01,24,-3.1,198803080DEN-DEN,198803080DEN-HOU,DEN-1988,0,1988,-74.4,36.459999999999994,rasmubl01-1988
hanzlbi01,14,-0.4,198803080DEN-DEN,198803080DEN-HOU,DEN-1988,0,1988,-5.6000000000000005,36.459999999999994,hanzlbi01-1988
evansmi01,11,0.7,198803080DEN-DEN,198803080DEN-HOU,DEN-1988,0,1988,7.699999999999999,36.459999999999994,evansmi01-1988
dunntr01,3,-0.3,198803080DEN-DEN,198803080DEN-HOU,DEN-1988,0,1988,-0.8999999999999999,36.459999999999994,dunntr01-1988
brookmi01,2,-0.1,198803080DEN-DEN,198803080DEN-HOU,DEN-1988,0,1988,-0.2,36.459999999999994,brookmi01-1988
olajuha01,41,7.5,198803100HOU-HOU,198803100HOU-POR,HOU-1988,0,1988,307.5,28.490909090909092,olajuha01-1988
peterji01,34,2.3,198803100HOU-HOU,198803100HOU-POR,HOU-1988,0,1988,78.19999999999999,28.490909090909092,peterji01-1988
shortpu01,30,-6.7,198803100HOU-HOU,198803100HOU-POR,HOU-1988,0,1988,-201,28.490909090909092,shortpu01-1988
mccraro01,28,-2.6,198803100HOU-HOU,198803100HOU-POR,HOU-1988,0,1988,-72.8,28.490909090909092,mccraro01-1988
reidro01,22,-2,198803100HOU-HOU,198803100HOU-POR,HOU-1988,0,1988,-44,28.490909090909092,reidro01-1988
leaveal01,21,0.6,198803100HOU-HOU,198803100HOU-POR,HOU-1988,0,1988,12.6,28.490909090909092,leaveal01-1988
floydsl01,21,5.8,198803100HOU-HOU,198803100HOU-POR,HOU-1988,0,1988,121.8,28.490909090909092,floydsl01-1988
carrojo01,17,4.9,198803100HOU-HOU,198803100HOU-POR,HOU-1988,0,1988,83.30000000000001,28.490909090909092,carrojo01-1988
johnsbu01,16,1.9,198803100HOU-HOU,198803100HOU-POR,HOU-1988,0,1988,30.4,28.490909090909092,johnsbu01-1988
connele01,6,-0.3,198803100HOU-HOU,198803100HOU-POR,HOU-1988,0,1988,-1.7999999999999998,28.490909090909092,connele01-1988
maxwece01,4,-0.2,198803100HOU-HOU,198803100HOU-POR,HOU-1988,0,1988,-0.8,28.490909090909092,maxwece01-1988
peterji01,35,-0.8,198803130HOU-HOU,198803130HOU-GSW,HOU-1988,1,1988,-28,36.016666666666666,peterji01-1988
olajuha01,33,6.9,198803130HOU-HOU,198803130HOU-GSW,HOU-1988,1,1988,227.70000000000002,36.016666666666666,olajuha01-1988
mccraro01,32,2.6,198803130HOU-HOU,198803130HOU-GSW,HOU-1988,1,1988,83.2,36.016666666666666,mccraro01-1988
floydsl01,25,8,198803130HOU-HOU,198803130HOU-GSW,HOU-1988,1,1988,200,36.016666666666666,floydsl01-1988
carrojo01,20,-2.7,198803130HOU-HOU,198803130HOU-GSW,HOU-1988,1,1988,-54,36.016666666666666,carrojo01-1988
reidro01,19,0.1,198803130HOU-HOU,198803130HOU-GSW,HOU-1988,1,1988,1.9000000000000001,36.016666666666666,reidro01-1988
johnsbu01,18,2,198803130HOU-HOU,198803130HOU-GSW,HOU-1988,1,1988,36,36.016666666666666,johnsbu01-1988
leaveal01,18,-1.5,198803130HOU-HOU,198803130HOU-GSW,HOU-1988,1,1988,-27,36.016666666666666,leaveal01-1988
shortpu01,18,1.4,198803130HOU-HOU,198803130HOU-GSW,HOU-1988,1,1988,25.2,36.016666666666666,shortpu01-1988
freewo01,12,-2.2,198803130HOU-HOU,198803130HOU-GSW,HOU-1988,1,1988,-26.400000000000002,36.016666666666666,freewo01-1988
maxwece01,6,-0.4,198803130HOU-HOU,198803130HOU-GSW,HOU-1988,1,1988,-2.4000000000000004,36.016666666666666,maxwece01-1988
connele01,4,-1,198803130HOU-HOU,198803130HOU-GSW,HOU-1988,1,1988,-4,36.016666666666666,connele01-1988
peterji01,38,3.2,198803150HOU-HOU,198803150HOU-LAC,HOU-1988,1,1988,121.60000000000001,41.4,peterji01-1988
olajuha01,36,4.2,198803150HOU-HOU,198803150HOU-LAC,HOU-1988,1,1988,151.20000000000002,41.4,olajuha01-1988
mccraro01,35,3.3,198803150HOU-HOU,198803150HOU-LAC,HOU-1988,1,1988,115.5,41.4,mccraro01-1988
shortpu01,33,5,198803150HOU-HOU,198803150HOU-LAC,HOU-1988,1,1988,165,41.4,shortpu01-1988
floydsl01,29,-3.2,198803150HOU-HOU,198803150HOU-LAC,HOU-1988,1,1988,-92.80000000000001,41.4,floydsl01-1988
reidro01,20,1.5,198803150HOU-HOU,198803150HOU-LAC,HOU-1988,1,1988,30,41.4,reidro01-1988
leaveal01,19,2.6,198803150HOU-HOU,198803150HOU-LAC,HOU-1988,1,1988,49.4,41.4,leaveal01-1988
carrojo01,13,-4.9,198803150HOU-HOU,198803150HOU-LAC,HOU-1988,1,1988,-63.7,41.4,carrojo01-1988
maxwece01,9,-0.5,198803150HOU-HOU,198803150HOU-LAC,HOU-1988,1,1988,-4.5,41.4,maxwece01-1988
johnsbu01,7,-2.3,198803150HOU-HOU,198803150HOU-LAC,HOU-1988,1,1988,-16.099999999999998,41.4,johnsbu01-1988
connele01,1,-0.2,198803150HOU-HOU,198803150HOU-LAC,HOU-1988,1,1988,-0.2,41.4,connele01-1988
mccraro01,42,4.9,198803170HOU-HOU,198803170HOU-SEA,HOU-1988,1,1988,205.8,51.44,mccraro01-1988
peterji01,37,-0.8,198803170HOU-HOU,198803170HOU-SEA,HOU-1988,1,1988,-29.6,51.44,peterji01-1988
olajuha01,29,7.5,198803170HOU-HOU,198803170HOU-SEA,HOU-1988,1,1988,217.5,51.44,olajuha01-1988
leaveal01,27,4.7,198803170HOU-HOU,198803170HOU-SEA,HOU-1988,1,1988,126.9,51.44,leaveal01-1988
reidro01,24,-2.6,198803170HOU-HOU,198803170HOU-SEA,HOU-1988,1,1988,-62.400000000000006,51.44,reidro01-1988
shortpu01,24,0.5,198803170HOU-HOU,198803170HOU-SEA,HOU-1988,1,1988,12,51.44,shortpu01-1988
floydsl01,22,-1.7,198803170HOU-HOU,198803170HOU-SEA,HOU-1988,1,1988,-37.4,51.44,floydsl01-1988
carrojo01,19,4.2,198803170HOU-HOU,198803170HOU-SEA,HOU-1988,1,1988,79.8,51.44,carrojo01-1988
maxwece01,11,0.3,198803170HOU-HOU,198803170HOU-SEA,HOU-1988,1,1988,3.3,51.44,maxwece01-1988
johnsbu01,5,-0.3,198803170HOU-HOU,198803170HOU-SEA,HOU-1988,1,1988,-1.5,51.44,johnsbu01-1988
smithde02,41,10.3,198803190SAC-SAC,198803190SAC-HOU,SAC-1988,1,1988,422.3,92.82000000000001,smithde02-1988
smithke01,39,6.9,198803190SAC-SAC,198803190SAC-HOU,SAC-1988,1,1988,269.1,92.82000000000001,smithke01-1988
theusre01,38,4.3,198803190SAC-SAC,198803190SAC-HOU,SAC-1988,1,1988,163.4,92.82000000000001,theusre01-1988
thorpot01,36,1.4,198803190SAC-SAC,198803190SAC-HOU,SAC-1988,1,1988,50.4,92.82000000000001,thorpot01-1988
kleinjo01,30,3.7,198803190SAC-SAC,198803190SAC-HOU,SAC-1988,1,1988,111,92.82000000000001,kleinjo01-1988
thompla01,18,1.2,198803190SAC-SAC,198803190SAC-HOU,SAC-1988,1,1988,21.599999999999998,92.82000000000001,thompla01-1988
pincked01,12,-4.7,198803190SAC-SAC,198803190SAC-HOU,SAC-1988,1,1988,-56.400000000000006,92.82000000000001,pincked01-1988
pressha01,12,-3.2,198803190SAC-SAC,198803190SAC-HOU,SAC-1988,1,1988,-38.400000000000006,92.82000000000001,pressha01-1988
tylerte01,12,-0.9,198803190SAC-SAC,198803190SAC-HOU,SAC-1988,1,1988,-10.8,92.82000000000001,tylerte01-1988
jacksmi02,2,-2,198803190SAC-SAC,198803190SAC-HOU,SAC-1988,1,1988,-4,92.82000000000001,jacksmi02-1988
scottby01,37,5.1,198803220LAL-LAL,198803220LAL-HOU,LAL-1988,1,1988,188.7,57.14545454545454,scottby01-1988
worthja01,29,5.1,198803220LAL-LAL,198803220LAL-HOU,LAL-1988,1,1988,147.89999999999998,57.14545454545454,worthja01-1988
abdulka01,25,1.1,198803220LAL-LAL,198803220LAL-HOU,LAL-1988,1,1988,27.500000000000004,57.14545454545454,abdulka01-1988
greenac01,25,1.4,198803220LAL-LAL,198803220LAL-HOU,LAL-1988,1,1988,35,57.14545454545454,greenac01-1988
thompmy01,25,0.4,198803220LAL-LAL,198803220LAL-HOU,LAL-1988,1,1988,10,57.14545454545454,thompmy01-1988
johnsma02,24,4.9,198803220LAL-LAL,198803220LAL-HOU,LAL-1988,1,1988,117.60000000000001,57.14545454545454,johnsma02-1988
rambiku01,20,7.3,198803220LAL-LAL,198803220LAL-HOU,LAL-1988,1,1988,146,57.14545454545454,rambiku01-1988
matthwe01,20,-3.7,198803220LAL-LAL,198803220LAL-HOU,LAL-1988,1,1988,-74,57.14545454545454,matthwe01-1988
smrekmi01,14,2,198803220LAL-LAL,198803220LAL-HOU,LAL-1988,1,1988,28,57.14545454545454,smrekmi01-1988
wagnemi01,13,0.7,198803220LAL-LAL,198803220LAL-HOU,LAL-1988,1,1988,9.1,57.14545454545454,wagnemi01-1988
thompbi01,8,-0.9,198803220LAL-LAL,198803220LAL-HOU,LAL-1988,1,1988,-7.2,57.14545454545454,thompbi01-1988
olajuha01,34,6.2,198803240HOU-HOU,198803240HOU-NYK,HOU-1988,1,1988,210.8,35.71666666666667,olajuha01-1988
reidro01,34,-2,198803240HOU-HOU,198803240HOU-NYK,HOU-1988,1,1988,-68,35.71666666666667,reidro01-1988
shortpu01,30,2.2,198803240HOU-HOU,198803240HOU-NYK,HOU-1988,1,1988,66,35.71666666666667,shortpu01-1988
floydsl01,29,-3.3,198803240HOU-HOU,198803240HOU-NYK,HOU-1988,1,1988,-95.69999999999999,35.71666666666667,floydsl01-1988
mccraro01,28,7.3,198803240HOU-HOU,198803240HOU-NYK,HOU-1988,1,1988,204.4,35.71666666666667,mccraro01-1988
peterji01,28,-1.1,198803240HOU-HOU,198803240HOU-NYK,HOU-1988,1,1988,-30.800000000000004,35.71666666666667,peterji01-1988
carrojo01,20,1.6,198803240HOU-HOU,198803240HOU-NYK,HOU-1988,1,1988,32,35.71666666666667,carrojo01-1988
leaveal01,19,4.7,198803240HOU-HOU,198803240HOU-NYK,HOU-1988,1,1988,89.3,35.71666666666667,leaveal01-1988
maxwece01,12,1.2,198803240HOU-HOU,198803240HOU-NYK,HOU-1988,1,1988,14.399999999999999,35.71666666666667,maxwece01-1988
connele01,2,1.1,198803240HOU-HOU,198803240HOU-NYK,HOU-1988,1,1988,2.2,35.71666666666667,connele01-1988
freewo01,2,2.1,198803240HOU-HOU,198803240HOU-NYK,HOU-1988,1,1988,4.2,35.71666666666667,freewo01-1988
johnsbu01,2,-0.1,198803240HOU-HOU,198803240HOU-NYK,HOU-1988,1,1988,-0.2,35.71666666666667,johnsbu01-1988
olajuha01,43,8.2,198803260HOU-HOU,198803260HOU-POR,HOU-1988,1,1988,352.59999999999997,78.84444444444443,olajuha01-1988
mccraro01,40,5.5,198803260HOU-HOU,198803260HOU-POR,HOU-1988,1,1988,220,78.84444444444443,mccraro01-1988
carrojo01,29,2.9,198803260HOU-HOU,198803260HOU-POR,HOU-1988,1,1988,84.1,78.84444444444443,carrojo01-1988
reidro01,28,-2.3,198803260HOU-HOU,198803260HOU-POR,HOU-1988,1,1988,-64.39999999999999,78.84444444444443,reidro01-1988
floydsl01,27,6.2,198803260HOU-HOU,198803260HOU-POR,HOU-1988,1,1988,167.4,78.84444444444443,floydsl01-1988
shortpu01,26,0.1,198803260HOU-HOU,198803260HOU-POR,HOU-1988,1,1988,2.6,78.84444444444443,shortpu01-1988
leaveal01,21,1.9,198803260HOU-HOU,198803260HOU-POR,HOU-1988,1,1988,39.9,78.84444444444443,leaveal01-1988
peterji01,20,-4,198803260HOU-HOU,198803260HOU-POR,HOU-1988,1,1988,-80,78.84444444444443,peterji01-1988
maxwece01,6,-2.1,198803260HOU-HOU,198803260HOU-POR,HOU-1988,1,1988,-12.600000000000001,78.84444444444443,maxwece01-1988
gminsmi01,38,2.7,198803280PHI-PHI,198803280PHI-HOU,PHI-1988,1,1988,102.60000000000001,39.32727272727273,gminsmi01-1988
robincl01,36,-0.7,198803280PHI-PHI,198803280PHI-HOU,PHI-1988,1,1988,-25.2,39.32727272727273,robincl01-1988
hendeda01,36,0.8,198803280PHI-PHI,198803280PHI-HOU,PHI-1988,1,1988,28.8,39.32727272727273,hendeda01-1988
barklch01,33,4.8,198803280PHI-PHI,198803280PHI-HOU,PHI-1988,1,1988,158.4,39.32727272727273,barklch01-1988
cheekma01,33,4.1,198803280PHI-PHI,198803280PHI-HOU,PHI-1988,1,1988,135.29999999999998,39.32727272727273,cheekma01-1988
hendege01,18,3.7,198803280PHI-PHI,198803280PHI-HOU,PHI-1988,1,1988,66.60000000000001,39.32727272727273,hendege01-1988
colembe01,17,2.3,198803280PHI-PHI,198803280PHI-HOU,PHI-1988,1,1988,39.099999999999994,39.32727272727273,colembe01-1988
kingal01,16,-4.8,198803280PHI-PHI,198803280PHI-HOU,PHI-1988,1,1988,-76.8,39.32727272727273,kingal01-1988
wingada01,7,0.8,198803280PHI-PHI,198803280PHI-HOU,PHI-1988,1,1988,5.6000000000000005,39.32727272727273,wingada01-1988
mcnamma01,3,0.8,198803280PHI-PHI,198803280PHI-HOU,PHI-1988,1,1988,2.4000000000000004,39.32727272727273,mcnamma01-1988
vraneda01,3,-1.4,198803280PHI-PHI,198803280PHI-HOU,PHI-1988,1,1988,-4.199999999999999,39.32727272727273,vraneda01-1988
birdla01,40,13.2,198803300BOS-BOS,198803300BOS-HOU,BOS-1988,1,1988,528,64.64166666666667,birdla01-1988
aingeda01,37,12,198803300BOS-BOS,198803300BOS-HOU,BOS-1988,1,1988,444,64.64166666666667,aingeda01-1988
johnsde01,33,-3.3,198803300BOS-BOS,198803300BOS-HOU,BOS-1988,1,1988,-108.89999999999999,64.64166666666667,johnsde01-1988
mchalke01,31,-3.4,198803300BOS-BOS,198803300BOS-HOU,BOS-1988,1,1988,-105.39999999999999,64.64166666666667,mchalke01-1988
parisro01,21,1.2,198803300BOS-BOS,198803300BOS-HOU,BOS-1988,1,1988,25.2,64.64166666666667,parisro01-1988
roberfr01,21,6.2,198803300BOS-BOS,198803300BOS-HOU,BOS-1988,1,1988,130.20000000000002,64.64166666666667,roberfr01-1988
acresma01,20,-2.8,198803300BOS-BOS,198803300BOS-HOU,BOS-1988,1,1988,-56,64.64166666666667,acresma01-1988
paxsoji02,17,-2.7,198803300BOS-BOS,198803300BOS-HOU,BOS-1988,1,1988,-45.900000000000006,64.64166666666667,paxsoji02-1988
minnidi01,10,-2.7,198803300BOS-BOS,198803300BOS-HOU,BOS-1988,1,1988,-27,64.64166666666667,minnidi01-1988
lohaubr01,5,-2.4,198803300BOS-BOS,198803300BOS-HOU,BOS-1988,1,1988,-12,64.64166666666667,lohaubr01-1988
gilmoar01,4,0.9,198803300BOS-BOS,198803300BOS-HOU,BOS-1988,1,1988,3.6,64.64166666666667,gilmoar01-1988
lewisre01,1,-0.1,198803300BOS-BOS,198803300BOS-HOU,BOS-1988,1,1988,-0.1,64.64166666666667,lewisre01-1988
flemive01,35,0,198803310IND-IND,198803310IND-HOU,IND-1988,0,1988,0,27.970000000000006,flemive01-1988
tisdawa01,34,4.2,198803310IND-IND,198803310IND-HOU,IND-1988,0,1988,142.8,27.970000000000006,tisdawa01-1988
stipast01,31,-5.3,198803310IND-IND,198803310IND-HOU,IND-1988,0,1988,-164.29999999999998,27.970000000000006,stipast01-1988
longjo01,29,9.5,198803310IND-IND,198803310IND-HOU,IND-1988,0,1988,275.5,27.970000000000006,longjo01-1988
willihe01,28,4.8,198803310IND-IND,198803310IND-HOU,IND-1988,0,1988,134.4,27.970000000000006,willihe01-1988
persoch01,27,-3,198803310IND-IND,198803310IND-HOU,IND-1988,0,1988,-81,27.970000000000006,persoch01-1988
millere01,19,1.2,198803310IND-IND,198803310IND-HOU,IND-1988,0,1988,22.8,27.970000000000006,millere01-1988
grayst01,13,-5.3,198803310IND-IND,198803310IND-HOU,IND-1988,0,1988,-68.89999999999999,27.970000000000006,grayst01-1988
wheelcl01,13,1.5,198803310IND-IND,198803310IND-HOU,IND-1988,0,1988,19.5,27.970000000000006,wheelcl01-1988
anderro01,11,-0.1,198803310IND-IND,198803310IND-HOU,IND-1988,0,1988,-1.1,27.970000000000006,anderro01-1988
jacksma01,44,8.5,198804020NYK-NYK,198804020NYK-HOU,NYK-1988,1,1988,374,76.01818181818183,jacksma01-1988
wilkige01,36,-1.2,198804020NYK-NYK,198804020NYK-HOU,NYK-1988,1,1988,-43.199999999999996,76.01818181818183,wilkige01-1988
ewingpa01,34,17.1,198804020NYK-NYK,198804020NYK-HOU,NYK-1988,1,1988,581.4000000000001,76.01818181818183,ewingpa01-1988
newmajo01,30,-0.4,198804020NYK-NYK,198804020NYK-HOU,NYK-1988,1,1988,-12,76.01818181818183,newmajo01-1988
walkeke01,28,3.3,198804020NYK-NYK,198804020NYK-HOU,NYK-1988,1,1988,92.39999999999999,76.01818181818183,walkeke01-1988
greensi02,21,-2.7,198804020NYK-NYK,198804020NYK-HOU,NYK-1988,1,1988,-56.7,76.01818181818183,greensi02-1988
cartwbi01,18,-0.5,198804020NYK-NYK,198804020NYK-HOU,NYK-1988,1,1988,-9,76.01818181818183,cartwbi01-1988
tucketr01,18,-3.7,198804020NYK-NYK,198804020NYK-HOU,NYK-1988,1,1988,-66.60000000000001,76.01818181818183,tucketr01-1988
cummipa01,6,-2.1,198804020NYK-NYK,198804020NYK-HOU,NYK-1988,1,1988,-12.600000000000001,76.01818181818183,cummipa01-1988
toneyse01,4,-2.9,198804020NYK-NYK,198804020NYK-HOU,NYK-1988,1,1988,-11.6,76.01818181818183,toneyse01-1988
orrlo01,1,0.1,198804020NYK-NYK,198804020NYK-HOU,NYK-1988,1,1988,0.1,76.01818181818183,orrlo01-1988
olajuha01,41,2.9,198804050HOU-HOU,198804050HOU-DEN,HOU-1988,0,1988,118.89999999999999,30.57,olajuha01-1988
carrojo01,35,6.8,198804050HOU-HOU,198804050HOU-DEN,HOU-1988,0,1988,238,30.57,carrojo01-1988
mccraro01,35,0.6,198804050HOU-HOU,198804050HOU-DEN,HOU-1988,0,1988,21,30.57,mccraro01-1988
leaveal01,29,0.6,198804050HOU-HOU,198804050HOU-DEN,HOU-1988,0,1988,17.4,30.57,leaveal01-1988
reidro01,27,-3.8,198804050HOU-HOU,198804050HOU-DEN,HOU-1988,0,1988,-102.6,30.57,reidro01-1988
floydsl01,24,0.6,198804050HOU-HOU,198804050HOU-DEN,HOU-1988,0,1988,14.399999999999999,30.57,floydsl01-1988
shortpu01,21,0.8,198804050HOU-HOU,198804050HOU-DEN,HOU-1988,0,1988,16.8,30.57,shortpu01-1988
freewo01,10,-0.2,198804050HOU-HOU,198804050HOU-DEN,HOU-1988,0,1988,-2,30.57,freewo01-1988
maxwece01,9,-0.9,198804050HOU-HOU,198804050HOU-DEN,HOU-1988,0,1988,-8.1,30.57,maxwece01-1988
peterji01,9,-0.9,198804050HOU-HOU,198804050HOU-DEN,HOU-1988,0,1988,-8.1,30.57,peterji01-1988
carrojo01,40,-2.4,198804070HOU-HOU,198804070HOU-UTA,HOU-1988,1,1988,-96,55.22,carrojo01-1988
floydsl01,38,6.6,198804070HOU-HOU,198804070HOU-UTA,HOU-1988,1,1988,250.79999999999998,55.22,floydsl01-1988
olajuha01,35,4,198804070HOU-HOU,198804070HOU-UTA,HOU-1988,1,1988,140,55.22,olajuha01-1988
mccraro01,34,3.9,198804070HOU-HOU,198804070HOU-UTA,HOU-1988,1,1988,132.6,55.22,mccraro01-1988
reidro01,33,0.9,198804070HOU-HOU,198804070HOU-UTA,HOU-1988,1,1988,29.7,55.22,reidro01-1988
shortpu01,19,4.6,198804070HOU-HOU,198804070HOU-UTA,HOU-1988,1,1988,87.39999999999999,55.22,shortpu01-1988
johnsbu01,14,3.7,198804070HOU-HOU,198804070HOU-UTA,HOU-1988,1,1988,51.800000000000004,55.22,johnsbu01-1988
leaveal01,9,-0.5,198804070HOU-HOU,198804070HOU-UTA,HOU-1988,1,1988,-4.5,55.22,leaveal01-1988
maxwece01,9,0.2,198804070HOU-HOU,198804070HOU-UTA,HOU-1988,1,1988,1.8,55.22,maxwece01-1988
peterji01,9,-4.6,198804070HOU-HOU,198804070HOU-UTA,HOU-1988,1,1988,-41.4,55.22,peterji01-1988
mcdanxa01,37,6.1,198804090SEA-SEA,198804090SEA-HOU,SEA-1988,0,1988,225.7,23.963636363636365,mcdanxa01-1988
mckeyde01,32,-3.4,198804090SEA-SEA,198804090SEA-HOU,SEA-1988,0,1988,-108.8,23.963636363636365,mckeyde01-1988
chambto01,26,-0.5,198804090SEA-SEA,198804090SEA-HOU,SEA-1988,0,1988,-13,23.963636363636365,chambto01-1988
mcmilna01,24,1,198804090SEA-SEA,198804090SEA-HOU,SEA-1988,0,1988,24,23.963636363636365,mcmilna01-1988
threase01,24,2.7,198804090SEA-SEA,198804090SEA-HOU,SEA-1988,0,1988,64.80000000000001,23.963636363636365,threase01-1988
polynol01,22,4.3,198804090SEA-SEA,198804090SEA-HOU,SEA-1988,0,1988,94.6,23.963636363636365,polynol01-1988
listeal01,18,-1.9,198804090SEA-SEA,198804090SEA-HOU,SEA-1988,0,1988,-34.199999999999996,23.963636363636365,listeal01-1988
willike01,18,2.2,198804090SEA-SEA,198804090SEA-HOU,SEA-1988,0,1988,39.6,23.963636363636365,willike01-1988
youngda01,16,0.1,198804090SEA-SEA,198804090SEA-HOU,SEA-1988,0,1988,1.6,23.963636363636365,youngda01-1988
schoeru01,14,-1.1,198804090SEA-SEA,198804090SEA-HOU,SEA-1988,0,1988,-15.400000000000002,23.963636363636365,schoeru01-1988
johnscl01,9,-1.7,198804090SEA-SEA,198804090SEA-HOU,SEA-1988,0,1988,-15.299999999999999,23.963636363636365,johnscl01-1988
cagemi01,43,2.9,198804100LAC-LAC,198804100LAC-HOU,LAC-1988,1,1988,124.7,54.27777777777777,cagemi01-1988
valenda01,33,12.7,198804100LAC-LAC,198804100LAC-HOU,LAC-1988,1,1988,419.09999999999997,54.27777777777777,valenda01-1988
kitegr01,31,-0.6,198804100LAC-LAC,198804100LAC-HOU,LAC-1988,1,1988,-18.599999999999998,54.27777777777777,kitegr01-1988
normake01,27,-1.2,198804100LAC-LAC,198804100LAC-HOU,LAC-1988,1,1988,-32.4,54.27777777777777,normake01-1988
dailequ01,26,-1.7,198804100LAC-LAC,198804100LAC-HOU,LAC-1988,1,1988,-44.199999999999996,54.27777777777777,dailequ01-1988
woodsmi01,22,-1.3,198804100LAC-LAC,198804100LAC-HOU,LAC-1988,1,1988,-28.6,54.27777777777777,woodsmi01-1988
curetea01,22,-1.1,198804100LAC-LAC,198804100LAC-HOU,LAC-1988,1,1988,-24.200000000000003,54.27777777777777,curetea01-1988
whiteer01,21,3.2,198804100LAC-LAC,198804100LAC-HOU,LAC-1988,1,1988,67.2,54.27777777777777,whiteer01-1988
burttst01,15,1.7,198804100LAC-LAC,198804100LAC-HOU,LAC-1988,1,1988,25.5,54.27777777777777,burttst01-1988
brickfr01,45,1.3,198804120SAS-SAS,198804120SAS-HOU,SAS-1988,1,1988,58.5,37.445454545454545,brickfr01-1988
roberal01,38,4.9,198804120SAS-SAS,198804120SAS-HOU,SAS-1988,1,1988,186.20000000000002,37.445454545454545,roberal01-1988
mitchmi01,31,-3.6,198804120SAS-SAS,198804120SAS-HOU,SAS-1988,1,1988,-111.60000000000001,37.445454545454545,mitchmi01-1988
sundvjo01,31,2.5,198804120SAS-SAS,198804120SAS-HOU,SAS-1988,1,1988,77.5,37.445454545454545,sundvjo01-1988
wilsori02,25,9.4,198804120SAS-SAS,198804120SAS-HOU,SAS-1988,1,1988,235,37.445454545454545,wilsori02-1988
andergr01,23,-0.5,198804120SAS-SAS,198804120SAS-HOU,SAS-1988,1,1988,-11.5,37.445454545454545,andergr01-1988
berrywa01,17,-1.2,198804120SAS-SAS,198804120SAS-HOU,SAS-1988,1,1988,-20.4,37.445454545454545,berrywa01-1988
nimphku01,13,1.8,198804120SAS-SAS,198804120SAS-HOU,SAS-1988,1,1988,23.400000000000002,37.445454545454545,nimphku01-1988
gudmupe01,11,-2.1,198804120SAS-SAS,198804120SAS-HOU,SAS-1988,1,1988,-23.1,37.445454545454545,gudmupe01-1988
nealyed01,5,-0.4,198804120SAS-SAS,198804120SAS-HOU,SAS-1988,1,1988,-2,37.445454545454545,nealyed01-1988
rellfri01,1,-0.1,198804120SAS-SAS,198804120SAS-HOU,SAS-1988,1,1988,-0.1,37.445454545454545,rellfri01-1988
olajuha01,35,-0.5,198804140HOU-HOU,198804140HOU-SAC,HOU-1988,1,1988,-17.5,34.583333333333336,olajuha01-1988
mccraro01,31,5.1,198804140HOU-HOU,198804140HOU-SAC,HOU-1988,1,1988,158.1,34.583333333333336,mccraro01-1988
carrojo01,26,1.4,198804140HOU-HOU,198804140HOU-SAC,HOU-1988,1,1988,36.4,34.583333333333336,carrojo01-1988
johnsbu01,25,1,198804140HOU-HOU,198804140HOU-SAC,HOU-1988,1,1988,25,34.583333333333336,johnsbu01-1988
floydsl01,22,6.4,198804140HOU-HOU,198804140HOU-SAC,HOU-1988,1,1988,140.8,34.583333333333336,floydsl01-1988
reidro01,21,2.3,198804140HOU-HOU,198804140HOU-SAC,HOU-1988,1,1988,48.3,34.583333333333336,reidro01-1988
leaveal01,20,-2,198804140HOU-HOU,198804140HOU-SAC,HOU-1988,1,1988,-40,34.583333333333336,leaveal01-1988
shortpu01,19,1.4,198804140HOU-HOU,198804140HOU-SAC,HOU-1988,1,1988,26.599999999999998,34.583333333333336,shortpu01-1988
maxwece01,15,3.1,198804140HOU-HOU,198804140HOU-SAC,HOU-1988,1,1988,46.5,34.583333333333336,maxwece01-1988
peterji01,12,-1.8,198804140HOU-HOU,198804140HOU-SAC,HOU-1988,1,1988,-21.6,34.583333333333336,peterji01-1988
connele01,8,2.3,198804140HOU-HOU,198804140HOU-SAC,HOU-1988,1,1988,18.4,34.583333333333336,connele01-1988
freewo01,6,-1,198804140HOU-HOU,198804140HOU-SAC,HOU-1988,1,1988,-6,34.583333333333336,freewo01-1988
leverfa01,43,9.4,198804150DEN-DEN,198804150DEN-HOU,DEN-1988,1,1988,404.2,98.26666666666667,leverfa01-1988
adamsmi01,42,6.8,198804150DEN-DEN,198804150DEN-HOU,DEN-1988,1,1988,285.59999999999997,98.26666666666667,adamsmi01-1988
englial01,42,3.3,198804150DEN-DEN,198804150DEN-HOU,DEN-1988,1,1988,138.6,98.26666666666667,englial01-1988
schayda01,32,8,198804150DEN-DEN,198804150DEN-HOU,DEN-1988,1,1988,256,98.26666666666667,schayda01-1988
hanzlbi01,24,-0.7,198804150DEN-DEN,198804150DEN-HOU,DEN-1988,1,1988,-16.799999999999997,98.26666666666667,hanzlbi01-1988
rasmubl01,23,-6.1,198804150DEN-DEN,198804150DEN-HOU,DEN-1988,1,1988,-140.29999999999998,98.26666666666667,rasmubl01-1988
dunntr01,18,-0.9,198804150DEN-DEN,198804150DEN-HOU,DEN-1988,1,1988,-16.2,98.26666666666667,dunntr01-1988
vinceja01,11,-2.2,198804150DEN-DEN,198804150DEN-HOU,DEN-1988,1,1988,-24.200000000000003,98.26666666666667,vinceja01-1988
coopewa01,5,-0.5,198804150DEN-DEN,198804150DEN-HOU,DEN-1988,1,1988,-2.5,98.26666666666667,coopewa01-1988
olajuha01,42,7.9,198804170HOU-HOU,198804170HOU-LAL,HOU-1988,1,1988,331.8,58.73636363636364,olajuha01-1988
mccraro01,38,5.4,198804170HOU-HOU,198804170HOU-LAL,HOU-1988,1,1988,205.20000000000002,58.73636363636364,mccraro01-1988
carrojo01,36,-3.8,198804170HOU-HOU,198804170HOU-LAL,HOU-1988,1,1988,-136.79999999999998,58.73636363636364,carrojo01-1988
floydsl01,36,4.2,198804170HOU-HOU,198804170HOU-LAL,HOU-1988,1,1988,151.20000000000002,58.73636363636364,floydsl01-1988
reidro01,34,2.1,198804170HOU-HOU,198804170HOU-LAL,HOU-1988,1,1988,71.4,58.73636363636364,reidro01-1988
shortpu01,14,-1.4,198804170HOU-HOU,198804170HOU-LAL,HOU-1988,1,1988,-19.599999999999998,58.73636363636364,shortpu01-1988
leaveal01,13,5.3,198804170HOU-HOU,198804170HOU-LAL,HOU-1988,1,1988,68.89999999999999,58.73636363636364,leaveal01-1988
peterji01,12,-3.2,198804170HOU-HOU,198804170HOU-LAL,HOU-1988,1,1988,-38.400000000000006,58.73636363636364,peterji01-1988
johnsbu01,11,0.9,198804170HOU-HOU,198804170HOU-LAL,HOU-1988,1,1988,9.9,58.73636363636364,johnsbu01-1988
maxwece01,3,0.6,198804170HOU-HOU,198804170HOU-LAL,HOU-1988,1,1988,1.7999999999999998,58.73636363636364,maxwece01-1988
connele01,1,0.7,198804170HOU-HOU,198804170HOU-LAL,HOU-1988,1,1988,0.7,58.73636363636364,connele01-1988
floydsl01,42,-1.5,198804190HOU-HOU,198804190HOU-DAL,HOU-1988,0,1988,-63,50.833333333333336,floydsl01-1988
olajuha01,42,7.7,198804190HOU-HOU,198804190HOU-DAL,HOU-1988,0,1988,323.40000000000003,50.833333333333336,olajuha01-1988
carrojo01,34,-5.9,198804190HOU-HOU,198804190HOU-DAL,HOU-1988,0,1988,-200.60000000000002,50.833333333333336,carrojo01-1988
mccraro01,34,5.3,198804190HOU-HOU,198804190HOU-DAL,HOU-1988,0,1988,180.2,50.833333333333336,mccraro01-1988
reidro01,31,9.9,198804190HOU-HOU,198804190HOU-DAL,HOU-1988,0,1988,306.90000000000003,50.833333333333336,reidro01-1988
peterji01,20,0.3,198804190HOU-HOU,198804190HOU-DAL,HOU-1988,0,1988,6,50.833333333333336,peterji01-1988
shortpu01,14,-4.9,198804190HOU-HOU,198804190HOU-DAL,HOU-1988,0,1988,-68.60000000000001,50.833333333333336,shortpu01-1988
leaveal01,13,0.4,198804190HOU-HOU,198804190HOU-DAL,HOU-1988,0,1988,5.2,50.833333333333336,leaveal01-1988
johnsbu01,10,-3.2,198804190HOU-HOU,198804190HOU-DAL,HOU-1988,0,1988,-32,50.833333333333336,johnsbu01-1988
olajuha01,42,18,198804210HOU-HOU,198804210HOU-SAS,HOU-1988,0,1988,756,47.53,olajuha01-1988
peterji01,30,-1.1,198804210HOU-HOU,198804210HOU-SAS,HOU-1988,0,1988,-33,47.53,peterji01-1988
johnsbu01,29,-1,198804210HOU-HOU,198804210HOU-SAS,HOU-1988,0,1988,-29,47.53,johnsbu01-1988
leaveal01,29,-0.7,198804210HOU-HOU,198804210HOU-SAS,HOU-1988,0,1988,-20.299999999999997,47.53,leaveal01-1988
shortpu01,27,-0.7,198804210HOU-HOU,198804210HOU-SAS,HOU-1988,0,1988,-18.9,47.53,shortpu01-1988
carrojo01,23,-0.1,198804210HOU-HOU,198804210HOU-SAS,HOU-1988,0,1988,-2.3000000000000003,47.53,carrojo01-1988
freewo01,23,-1.4,198804210HOU-HOU,198804210HOU-SAS,HOU-1988,0,1988,-32.199999999999996,47.53,freewo01-1988
floydsl01,19,-2.7,198804210HOU-HOU,198804210HOU-SAS,HOU-1988,0,1988,-51.300000000000004,47.53,floydsl01-1988
reidro01,17,-5.5,198804210HOU-HOU,198804210HOU-SAS,HOU-1988,0,1988,-93.5,47.53,reidro01-1988
connele01,1,-0.2,198804210HOU-HOU,198804210HOU-SAS,HOU-1988,0,1988,-0.2,47.53,connele01-1988
malonka01,45,-4.7,198804230UTA-UTA,198804230UTA-HOU,UTA-1988,1,1988,-211.5,71.71818181818182,malonka01-1988
stockjo01,42,14.1,198804230UTA-UTA,198804230UTA-HOU,UTA-1988,1,1988,592.1999999999999,71.71818181818182,stockjo01-1988
hansebo01,39,6.4,198804230UTA-UTA,198804230UTA-HOU,UTA-1988,1,1988,249.60000000000002,71.71818181818182,hansebo01-1988
eatonma01,30,2.5,198804230UTA-UTA,198804230UTA-HOU,UTA-1988,1,1988,75,71.71818181818182,eatonma01-1988
baileth01,27,4,198804230UTA-UTA,198804230UTA-HOU,UTA-1988,1,1988,108,71.71818181818182,baileth01-1988
iavarma01,20,4.2,198804230UTA-UTA,198804230UTA-HOU,UTA-1988,1,1988,84,71.71818181818182,iavarma01-1988
turpime01,20,-5.3,198804230UTA-UTA,198804230UTA-HOU,UTA-1988,1,1988,-106,71.71818181818182,turpime01-1988
kofoeba01,9,-1.1,198804230UTA-UTA,198804230UTA-HOU,UTA-1988,1,1988,-9.9,71.71818181818182,kofoeba01-1988
greenri01,5,1.6,198804230UTA-UTA,198804230UTA-HOU,UTA-1988,1,1988,8,71.71818181818182,greenri01-1988
rothsc01,2,-0.2,198804230UTA-UTA,198804230UTA-HOU,UTA-1988,1,1988,-0.4,71.71818181818182,rothsc01-1988
hugheed01,1,-0.1,198804230UTA-UTA,198804230UTA-HOU,UTA-1988,1,1988,-0.1,71.71818181818182,hugheed01-1988
olajuha01,37,3.5,198804240HOU-HOU,198804240HOU-PHO,HOU-1988,1,1988,129.5,31.209090909090907,olajuha01-1988
floydsl01,27,3.5,198804240HOU-HOU,198804240HOU-PHO,HOU-1988,1,1988,94.5,31.209090909090907,floydsl01-1988
carrojo01,25,5.6,198804240HOU-HOU,198804240HOU-PHO,HOU-1988,1,1988,140,31.209090909090907,carrojo01-1988
mccraro01,25,1.6,198804240HOU-HOU,198804240HOU-PHO,HOU-1988,1,1988,40,31.209090909090907,mccraro01-1988
reidro01,24,-3.7,198804240HOU-HOU,198804240HOU-PHO,HOU-1988,1,1988,-88.80000000000001,31.209090909090907,reidro01-1988
johnsbu01,23,2.4,198804240HOU-HOU,198804240HOU-PHO,HOU-1988,1,1988,55.199999999999996,31.209090909090907,johnsbu01-1988
freewo01,22,-2.6,198804240HOU-HOU,198804240HOU-PHO,HOU-1988,1,1988,-57.2,31.209090909090907,freewo01-1988
leaveal01,19,1.5,198804240HOU-HOU,198804240HOU-PHO,HOU-1988,1,1988,28.5,31.209090909090907,leaveal01-1988
peterji01,18,0.6,198804240HOU-HOU,198804240HOU-PHO,HOU-1988,1,1988,10.799999999999999,31.209090909090907,peterji01-1988
maxwece01,16,-0.4,198804240HOU-HOU,198804240HOU-PHO,HOU-1988,1,1988,-6.4,31.209090909090907,maxwece01-1988
connele01,4,-0.7,198804240HOU-HOU,198804240HOU-PHO,HOU-1988,1,1988,-2.8,31.209090909090907,connele01-1988
greenda01,43,-0.1,198711060HOU-SAS,198711060HOU-HOU,SAS-1988,0,1988,-4.3,21.855555555555554,greenda01-1988
dawkijo01,40,4.1,198711060HOU-SAS,198711060HOU-HOU,SAS-1988,0,1988,164,21.855555555555554,dawkijo01-1988
brickfr01,39,-5.9,198711060HOU-SAS,198711060HOU-HOU,SAS-1988,0,1988,-230.10000000000002,21.855555555555554,brickfr01-1988
roberal01,37,6.8,198711060HOU-SAS,198711060HOU-HOU,SAS-1988,0,1988,251.6,21.855555555555554,roberal01-1988
berrywa01,28,0.1,198711060HOU-SAS,198711060HOU-HOU,SAS-1988,0,1988,2.8000000000000003,21.855555555555554,berrywa01-1988
andergr01,20,-0.3,198711060HOU-SAS,198711060HOU-HOU,SAS-1988,0,1988,-6,21.855555555555554,andergr01-1988
gudmupe01,14,3.2,198711060HOU-SAS,198711060HOU-HOU,SAS-1988,0,1988,44.800000000000004,21.855555555555554,gudmupe01-1988
moorejo01,12,0.1,198711060HOU-SAS,198711060HOU-HOU,SAS-1988,0,1988,1.2000000000000002,21.855555555555554,moorejo01-1988
blackna01,7,-3.9,198711060HOU-SAS,198711060HOU-HOU,SAS-1988,0,1988,-27.3,21.855555555555554,blackna01-1988
olajuha01,38,6.9,198711080LAL-HOU,198711080LAL-LAL,HOU-1988,0,1988,262.2,9.791666666666664,olajuha01-1988
sampsra01,37,-0.6,198711080LAL-HOU,198711080LAL-LAL,HOU-1988,0,1988,-22.2,9.791666666666664,sampsra01-1988
mccraro01,33,-2.6,198711080LAL-HOU,198711080LAL-LAL,HOU-1988,0,1988,-85.8,9.791666666666664,mccraro01-1988
freewo01,29,-3.2,198711080LAL-HOU,198711080LAL-LAL,HOU-1988,0,1988,-92.80000000000001,9.791666666666664,freewo01-1988
leaveal01,26,-1.3,198711080LAL-HOU,198711080LAL-LAL,HOU-1988,0,1988,-33.800000000000004,9.791666666666664,leaveal01-1988
connele01,20,5.7,198711080LAL-HOU,198711080LAL-LAL,HOU-1988,0,1988,114,9.791666666666664,connele01-1988
harrist01,19,-1.6,198711080LAL-HOU,198711080LAL-LAL,HOU-1988,0,1988,-30.400000000000002,9.791666666666664,harrist01-1988
maxwece01,19,-3,198711080LAL-HOU,198711080LAL-LAL,HOU-1988,0,1988,-57,9.791666666666664,maxwece01-1988
shortpu01,10,5.8,198711080LAL-HOU,198711080LAL-LAL,HOU-1988,0,1988,58,9.791666666666664,shortpu01-1988
johnsbu01,5,0.7,198711080LAL-HOU,198711080LAL-LAL,HOU-1988,0,1988,3.5,9.791666666666664,johnsbu01-1988
anderri01,2,2,198711080LAL-HOU,198711080LAL-LAL,HOU-1988,0,1988,4,9.791666666666664,anderri01-1988
turnean01,2,-1.1,198711080LAL-HOU,198711080LAL-LAL,HOU-1988,0,1988,-2.2,9.791666666666664,turnean01-1988
mccraro01,42,11.5,198711100POR-HOU,198711100POR-POR,HOU-1988,1,1988,483,86.36666666666666,mccraro01-1988
sampsra01,42,1.3,198711100POR-HOU,198711100POR-POR,HOU-1988,1,1988,54.6,86.36666666666666,sampsra01-1988
leaveal01,38,3.8,198711100POR-HOU,198711100POR-POR,HOU-1988,1,1988,144.4,86.36666666666666,leaveal01-1988
olajuha01,31,2.4,198711100POR-HOU,198711100POR-POR,HOU-1988,1,1988,74.39999999999999,86.36666666666666,olajuha01-1988
harrist01,25,-1.2,198711100POR-HOU,198711100POR-POR,HOU-1988,1,1988,-30,86.36666666666666,harrist01-1988
freewo01,23,4,198711100POR-HOU,198711100POR-POR,HOU-1988,1,1988,92,86.36666666666666,freewo01-1988
maxwece01,23,0.1,198711100POR-HOU,198711100POR-POR,HOU-1988,1,1988,2.3000000000000003,86.36666666666666,maxwece01-1988
connele01,10,-3.8,198711100POR-HOU,198711100POR-POR,HOU-1988,1,1988,-38,86.36666666666666,connele01-1988
shortpu01,6,-0.9,198711100POR-HOU,198711100POR-POR,HOU-1988,1,1988,-5.4,86.36666666666666,shortpu01-1988
sampsra01,42,7.1,198711120SAC-HOU,198711120SAC-SAC,HOU-1988,1,1988,298.2,36.88333333333333,sampsra01-1988
olajuha01,35,0.9,198711120SAC-HOU,198711120SAC-SAC,HOU-1988,1,1988,31.5,36.88333333333333,olajuha01-1988
mccraro01,32,-2.1,198711120SAC-HOU,198711120SAC-SAC,HOU-1988,1,1988,-67.2,36.88333333333333,mccraro01-1988
freewo01,31,9.9,198711120SAC-HOU,198711120SAC-SAC,HOU-1988,1,1988,306.90000000000003,36.88333333333333,freewo01-1988
leaveal01,26,-1.3,198711120SAC-HOU,198711120SAC-SAC,HOU-1988,1,1988,-33.800000000000004,36.88333333333333,leaveal01-1988
harrist01,16,-4.6,198711120SAC-HOU,198711120SAC-SAC,HOU-1988,1,1988,-73.6,36.88333333333333,harrist01-1988
turnean01,15,1.7,198711120SAC-HOU,198711120SAC-SAC,HOU-1988,1,1988,25.5,36.88333333333333,turnean01-1988
maxwece01,13,-0.7,198711120SAC-HOU,198711120SAC-SAC,HOU-1988,1,1988,-9.1,36.88333333333333,maxwece01-1988
johnsbu01,10,-3.3,198711120SAC-HOU,198711120SAC-SAC,HOU-1988,1,1988,-33,36.88333333333333,johnsbu01-1988
connele01,8,0.1,198711120SAC-HOU,198711120SAC-SAC,HOU-1988,1,1988,0.8,36.88333333333333,connele01-1988
anderri01,6,3.7,198711120SAC-HOU,198711120SAC-SAC,HOU-1988,1,1988,22.200000000000003,36.88333333333333,anderri01-1988
shortpu01,6,-4.3,198711120SAC-HOU,198711120SAC-SAC,HOU-1988,1,1988,-25.799999999999997,36.88333333333333,shortpu01-1988
malonka01,40,3.4,198711140HOU-UTA,198711140HOU-HOU,UTA-1988,0,1988,136,13.027272727272727,malonka01-1988
eatonma01,37,-3.6,198711140HOU-UTA,198711140HOU-HOU,UTA-1988,0,1988,-133.20000000000002,13.027272727272727,eatonma01-1988
stockjo01,29,4.9,198711140HOU-UTA,198711140HOU-HOU,UTA-1988,0,1988,142.10000000000002,13.027272727272727,stockjo01-1988
baileth01,29,-4.4,198711140HOU-UTA,198711140HOU-HOU,UTA-1988,0,1988,-127.60000000000001,13.027272727272727,baileth01-1988
hansebo01,21,5.8,198711140HOU-UTA,198711140HOU-HOU,UTA-1988,0,1988,121.8,13.027272727272727,hansebo01-1988
greenri01,19,1.2,198711140HOU-UTA,198711140HOU-HOU,UTA-1988,0,1988,22.8,13.027272727272727,greenri01-1988
griffda01,19,3.1,198711140HOU-UTA,198711140HOU-HOU,UTA-1988,0,1988,58.9,13.027272727272727,griffda01-1988
iavarma01,18,-2.3,198711140HOU-UTA,198711140HOU-HOU,UTA-1988,0,1988,-41.4,13.027272727272727,iavarma01-1988
dawkida01,10,-3.7,198711140HOU-UTA,198711140HOU-HOU,UTA-1988,0,1988,-37,13.027272727272727,dawkida01-1988
scurrca01,9,2.8,198711140HOU-UTA,198711140HOU-HOU,UTA-1988,0,1988,25.2,13.027272727272727,scurrca01-1988
tripuke01,9,-2.7,198711140HOU-UTA,198711140HOU-HOU,UTA-1988,0,1988,-24.3,13.027272727272727,tripuke01-1988
ellisda01,37,7.1,198711150HOU-SEA,198711150HOU-HOU,SEA-1988,0,1988,262.7,26.65833333333333,ellisda01-1988
mcdanxa01,33,0.7,198711150HOU-SEA,198711150HOU-HOU,SEA-1988,0,1988,23.099999999999998,26.65833333333333,mcdanxa01-1988
chambto01,29,-4.7,198711150HOU-SEA,198711150HOU-HOU,SEA-1988,0,1988,-136.3,26.65833333333333,chambto01-1988
youngda01,24,6.5,198711150HOU-SEA,198711150HOU-HOU,SEA-1988,0,1988,156,26.65833333333333,youngda01-1988
listeal01,21,-1.3,198711150HOU-SEA,198711150HOU-HOU,SEA-1988,0,1988,-27.3,26.65833333333333,listeal01-1988
mcmilna01,19,1,198711150HOU-SEA,198711150HOU-HOU,SEA-1988,0,1988,19,26.65833333333333,mcmilna01-1988
schoeru01,18,0.8,198711150HOU-SEA,198711150HOU-HOU,SEA-1988,0,1988,14.4,26.65833333333333,schoeru01-1988
mckeyde01,16,2,198711150HOU-SEA,198711150HOU-HOU,SEA-1988,0,1988,32,26.65833333333333,mckeyde01-1988
willike01,13,-2.1,198711150HOU-SEA,198711150HOU-HOU,SEA-1988,0,1988,-27.3,26.65833333333333,willike01-1988
johnscl01,12,3.3,198711150HOU-SEA,198711150HOU-HOU,SEA-1988,0,1988,39.599999999999994,26.65833333333333,johnscl01-1988
polynol01,9,-1.6,198711150HOU-SEA,198711150HOU-HOU,SEA-1988,0,1988,-14.4,26.65833333333333,polynol01-1988
vincesa01,9,-2.4,198711150HOU-SEA,198711150HOU-HOU,SEA-1988,0,1988,-21.599999999999998,26.65833333333333,vincesa01-1988
maxwece01,34,-3.8,198711170NJN-HOU,198711170NJN-NJN,HOU-1988,0,1988,-129.2,6.425000000000003,maxwece01-1988
leaveal01,32,-2.3,198711170NJN-HOU,198711170NJN-NJN,HOU-1988,0,1988,-73.6,6.425000000000003,leaveal01-1988
freewo01,32,3.7,198711170NJN-HOU,198711170NJN-NJN,HOU-1988,0,1988,118.4,6.425000000000003,freewo01-1988
sampsra01,31,5.7,198711170NJN-HOU,198711170NJN-NJN,HOU-1988,0,1988,176.70000000000002,6.425000000000003,sampsra01-1988
mccraro01,28,-0.9,198711170NJN-HOU,198711170NJN-NJN,HOU-1988,0,1988,-25.2,6.425000000000003,mccraro01-1988
olajuha01,27,1.8,198711170NJN-HOU,198711170NJN-NJN,HOU-1988,0,1988,48.6,6.425000000000003,olajuha01-1988
shortpu01,16,-4.4,198711170NJN-HOU,198711170NJN-NJN,HOU-1988,0,1988,-70.4,6.425000000000003,shortpu01-1988
johnsbu01,12,1.3,198711170NJN-HOU,198711170NJN-NJN,HOU-1988,0,1988,15.600000000000001,6.425000000000003,johnsbu01-1988
connele01,10,2.2,198711170NJN-HOU,198711170NJN-NJN,HOU-1988,0,1988,22,6.425000000000003,connele01-1988
harrist01,8,-1.2,198711170NJN-HOU,198711170NJN-NJN,HOU-1988,0,1988,-9.6,6.425000000000003,harrist01-1988
turnean01,6,-0.5,198711170NJN-HOU,198711170NJN-NJN,HOU-1988,0,1988,-3,6.425000000000003,turnean01-1988
anderri01,4,1.7,198711170NJN-HOU,198711170NJN-NJN,HOU-1988,0,1988,6.8,6.425000000000003,anderri01-1988
olajuha01,45,6.5,198711190CLE-HOU,198711190CLE-CLE,HOU-1988,1,1988,292.5,49.409090909090914,olajuha01-1988
mccraro01,36,4.5,198711190CLE-HOU,198711190CLE-CLE,HOU-1988,1,1988,162,49.409090909090914,mccraro01-1988
sampsra01,28,0.4,198711190CLE-HOU,198711190CLE-CLE,HOU-1988,1,1988,11.200000000000001,49.409090909090914,sampsra01-1988
harrist01,24,8.4,198711190CLE-HOU,198711190CLE-CLE,HOU-1988,1,1988,201.60000000000002,49.409090909090914,harrist01-1988
maxwece01,22,-1.4,198711190CLE-HOU,198711190CLE-CLE,HOU-1988,1,1988,-30.799999999999997,49.409090909090914,maxwece01-1988
leaveal01,21,-0.9,198711190CLE-HOU,198711190CLE-CLE,HOU-1988,1,1988,-18.900000000000002,49.409090909090914,leaveal01-1988
freewo01,20,-1.8,198711190CLE-HOU,198711190CLE-CLE,HOU-1988,1,1988,-36,49.409090909090914,freewo01-1988
turnean01,20,-0.8,198711190CLE-HOU,198711190CLE-CLE,HOU-1988,1,1988,-16,49.409090909090914,turnean01-1988
shortpu01,16,-1,198711190CLE-HOU,198711190CLE-CLE,HOU-1988,1,1988,-16,49.409090909090914,shortpu01-1988
connele01,7,-1,198711190CLE-HOU,198711190CLE-CLE,HOU-1988,1,1988,-7,49.409090909090914,connele01-1988
anderri01,1,0.9,198711190CLE-HOU,198711190CLE-CLE,HOU-1988,1,1988,0.9,49.409090909090914,anderri01-1988
olajuha01,46,-0.8,198711210ATL-HOU,198711210ATL-ATL,HOU-1988,0,1988,-36.800000000000004,19.540000000000003,olajuha01-1988
mccraro01,37,2.3,198711210ATL-HOU,198711210ATL-ATL,HOU-1988,0,1988,85.1,19.540000000000003,mccraro01-1988
sampsra01,36,-4.3,198711210ATL-HOU,198711210ATL-ATL,HOU-1988,0,1988,-154.79999999999998,19.540000000000003,sampsra01-1988
leaveal01,33,7.4,198711210ATL-HOU,198711210ATL-ATL,HOU-1988,0,1988,244.20000000000002,19.540000000000003,leaveal01-1988
harrist01,29,4.1,198711210ATL-HOU,198711210ATL-ATL,HOU-1988,0,1988,118.89999999999999,19.540000000000003,harrist01-1988
freewo01,18,-3.3,198711210ATL-HOU,198711210ATL-ATL,HOU-1988,0,1988,-59.4,19.540000000000003,freewo01-1988
maxwece01,15,-0.1,198711210ATL-HOU,198711210ATL-ATL,HOU-1988,0,1988,-1.5,19.540000000000003,maxwece01-1988
turnean01,13,1.4,198711210ATL-HOU,198711210ATL-ATL,HOU-1988,0,1988,18.2,19.540000000000003,turnean01-1988
shortpu01,12,-1.5,198711210ATL-HOU,198711210ATL-ATL,HOU-1988,0,1988,-18,19.540000000000003,shortpu01-1988
anderri01,1,-0.5,198711210ATL-HOU,198711210ATL-ATL,HOU-1988,0,1988,-0.5,19.540000000000003,anderri01-1988
laimbbi01,43,1.4,198711240HOU-DET,198711240HOU-HOU,DET-1988,1,1988,60.199999999999996,72.77777777777777,laimbbi01-1988
dumarjo01,42,4.3,198711240HOU-DET,198711240HOU-HOU,DET-1988,1,1988,180.6,72.77777777777777,dumarjo01-1988
rodmade01,32,5.4,198711240HOU-DET,198711240HOU-HOU,DET-1988,1,1988,172.8,72.77777777777777,rodmade01-1988
dantlad01,30,-7.6,198711240HOU-DET,198711240HOU-HOU,DET-1988,1,1988,-228,72.77777777777777,dantlad01-1988
johnsvi01,29,9,198711240HOU-DET,198711240HOU-HOU,DET-1988,1,1988,261,72.77777777777777,johnsvi01-1988
sallejo01,25,5.6,198711240HOU-DET,198711240HOU-HOU,DET-1988,1,1988,140,72.77777777777777,sallejo01-1988
mahorri01,24,1.9,198711240HOU-DET,198711240HOU-HOU,DET-1988,1,1988,45.599999999999994,72.77777777777777,mahorri01-1988
thomais01,11,2,198711240HOU-DET,198711240HOU-HOU,DET-1988,1,1988,22,72.77777777777777,thomais01-1988
bedfowi01,4,0.2,198711240HOU-DET,198711240HOU-HOU,DET-1988,1,1988,0.8,72.77777777777777,bedfowi01-1988
mccraro01,40,1.8,198711250PHO-HOU,198711250PHO-PHO,HOU-1988,1,1988,72,23.854545454545455,mccraro01-1988
leaveal01,39,6,198711250PHO-HOU,198711250PHO-PHO,HOU-1988,1,1988,234,23.854545454545455,leaveal01-1988
sampsra01,38,-4.9,198711250PHO-HOU,198711250PHO-PHO,HOU-1988,1,1988,-186.20000000000002,23.854545454545455,sampsra01-1988
olajuha01,32,0.2,198711250PHO-HOU,198711250PHO-PHO,HOU-1988,1,1988,6.4,23.854545454545455,olajuha01-1988
shortpu01,26,2.6,198711250PHO-HOU,198711250PHO-PHO,HOU-1988,1,1988,67.60000000000001,23.854545454545455,shortpu01-1988
freewo01,22,1.8,198711250PHO-HOU,198711250PHO-PHO,HOU-1988,1,1988,39.6,23.854545454545455,freewo01-1988
maxwece01,18,2.2,198711250PHO-HOU,198711250PHO-PHO,HOU-1988,1,1988,39.6,23.854545454545455,maxwece01-1988
anderri01,8,-0.9,198711250PHO-HOU,198711250PHO-PHO,HOU-1988,1,1988,-7.2,23.854545454545455,anderri01-1988
connele01,7,-1.7,198711250PHO-HOU,198711250PHO-PHO,HOU-1988,1,1988,-11.9,23.854545454545455,connele01-1988
johnsbu01,7,1.3,198711250PHO-HOU,198711250PHO-PHO,HOU-1988,1,1988,9.1,23.854545454545455,johnsbu01-1988
turnean01,3,-0.2,198711250PHO-HOU,198711250PHO-PHO,HOU-1988,1,1988,-0.6000000000000001,23.854545454545455,turnean01-1988
sampsra01,34,1,198711270UTA-HOU,198711270UTA-UTA,HOU-1988,0,1988,34,-12.750000000000002,sampsra01-1988
olajuha01,33,-9.3,198711270UTA-HOU,198711270UTA-UTA,HOU-1988,0,1988,-306.90000000000003,-12.750000000000002,olajuha01-1988
mccraro01,28,1,198711270UTA-HOU,198711270UTA-UTA,HOU-1988,0,1988,28,-12.750000000000002,mccraro01-1988
shortpu01,24,-0.9,198711270UTA-HOU,198711270UTA-UTA,HOU-1988,0,1988,-21.6,-12.750000000000002,shortpu01-1988
freewo01,21,-1.9,198711270UTA-HOU,198711270UTA-UTA,HOU-1988,0,1988,-39.9,-12.750000000000002,freewo01-1988
johnsbu01,20,4.1,198711270UTA-HOU,198711270UTA-UTA,HOU-1988,0,1988,82,-12.750000000000002,johnsbu01-1988
connele01,19,2.2,198711270UTA-HOU,198711270UTA-UTA,HOU-1988,0,1988,41.800000000000004,-12.750000000000002,connele01-1988
anderri01,17,2.1,198711270UTA-HOU,198711270UTA-UTA,HOU-1988,0,1988,35.7,-12.750000000000002,anderri01-1988
leaveal01,13,-1.8,198711270UTA-HOU,198711270UTA-UTA,HOU-1988,0,1988,-23.400000000000002,-12.750000000000002,leaveal01-1988
harrist01,12,1.6,198711270UTA-HOU,198711270UTA-UTA,HOU-1988,0,1988,19.200000000000003,-12.750000000000002,harrist01-1988
maxwece01,12,0.6,198711270UTA-HOU,198711270UTA-UTA,HOU-1988,0,1988,7.199999999999999,-12.750000000000002,maxwece01-1988
turnean01,7,-1.3,198711270UTA-HOU,198711270UTA-UTA,HOU-1988,0,1988,-9.1,-12.750000000000002,turnean01-1988
jordami01,41,14.7,198711280HOU-CHI,198711280HOU-HOU,CHI-1988,1,1988,602.6999999999999,103.19999999999999,jordami01-1988
oaklech01,37,7.5,198711280HOU-CHI,198711280HOU-HOU,CHI-1988,1,1988,277.5,103.19999999999999,oaklech01-1988
pippesc01,32,-1.5,198711280HOU-CHI,198711280HOU-HOU,CHI-1988,1,1988,-48,103.19999999999999,pippesc01-1988
grantho01,31,10.3,198711280HOU-CHI,198711280HOU-HOU,CHI-1988,1,1988,319.3,103.19999999999999,grantho01-1988
sellebr01,30,3.7,198711280HOU-CHI,198711280HOU-HOU,CHI-1988,1,1988,111,103.19999999999999,sellebr01-1988
corzida01,23,-2.5,198711280HOU-CHI,198711280HOU-HOU,CHI-1988,1,1988,-57.5,103.19999999999999,corzida01-1988
paxsojo01,18,-5.1,198711280HOU-CHI,198711280HOU-HOU,CHI-1988,1,1988,-91.8,103.19999999999999,paxsojo01-1988
sparrro01,14,-4.9,198711280HOU-CHI,198711280HOU-HOU,CHI-1988,1,1988,-68.60000000000001,103.19999999999999,sparrro01-1988
gilmoar01,10,-0.3,198711280HOU-CHI,198711280HOU-HOU,CHI-1988,1,1988,-3,103.19999999999999,gilmoar01-1988
threase01,4,-2.4,198711280HOU-CHI,198711280HOU-HOU,CHI-1988,1,1988,-9.6,103.19999999999999,threase01-1988
leverfa01,42,5.3,198712010HOU-DEN,198712010HOU-HOU,DEN-1988,0,1988,222.6,48.68888888888889,leverfa01-1988
rasmubl01,34,7,198712010HOU-DEN,198712010HOU-HOU,DEN-1988,0,1988,238,48.68888888888889,rasmubl01-1988
adamsmi01,30,1.7,198712010HOU-DEN,198712010HOU-HOU,DEN-1988,0,1988,51,48.68888888888889,adamsmi01-1988
coopewa01,30,-1.2,198712010HOU-DEN,198712010HOU-HOU,DEN-1988,0,1988,-36,48.68888888888889,coopewa01-1988
englial01,30,5.1,198712010HOU-DEN,198712010HOU-HOU,DEN-1988,0,1988,153,48.68888888888889,englial01-1988
hanzlbi01,28,-5.6,198712010HOU-DEN,198712010HOU-HOU,DEN-1988,0,1988,-156.79999999999998,48.68888888888889,hanzlbi01-1988
dunntr01,24,0.6,198712010HOU-DEN,198712010HOU-HOU,DEN-1988,0,1988,14.399999999999999,48.68888888888889,dunntr01-1988
schayda01,14,-2,198712010HOU-DEN,198712010HOU-HOU,DEN-1988,0,1988,-28,48.68888888888889,schayda01-1988
vinceja01,8,-2.5,198712010HOU-DEN,198712010HOU-HOU,DEN-1988,0,1988,-20,48.68888888888889,vinceja01-1988
sampsra01,41,1.5,198712020SAS-HOU,198712020SAS-SAS,HOU-1988,0,1988,61.5,16.65,sampsra01-1988
leaveal01,37,-4.2,198712020SAS-HOU,198712020SAS-SAS,HOU-1988,0,1988,-155.4,16.65,leaveal01-1988
mccraro01,37,7.9,198712020SAS-HOU,198712020SAS-SAS,HOU-1988,0,1988,292.3,16.65,mccraro01-1988
olajuha01,31,5.6,198712020SAS-HOU,198712020SAS-SAS,HOU-1988,0,1988,173.6,16.65,olajuha01-1988
shortpu01,31,-6.1,198712020SAS-HOU,198712020SAS-SAS,HOU-1988,0,1988,-189.1,16.65,shortpu01-1988
peterji01,22,-3.2,198712020SAS-HOU,198712020SAS-SAS,HOU-1988,0,1988,-70.4,16.65,peterji01-1988
freewo01,19,2.1,198712020SAS-HOU,198712020SAS-SAS,HOU-1988,0,1988,39.9,16.65,freewo01-1988
connele01,11,0.5,198712020SAS-HOU,198712020SAS-SAS,HOU-1988,0,1988,5.5,16.65,connele01-1988
maxwece01,9,1,198712020SAS-HOU,198712020SAS-SAS,HOU-1988,0,1988,9,16.65,maxwece01-1988
anderri01,2,-0.2,198712020SAS-HOU,198712020SAS-SAS,HOU-1988,0,1988,-0.4,16.65,anderri01-1988
floydsl01,31,-0.4,198712050HOU-GSW,198712050HOU-HOU,GSW-1988,0,1988,-12.4,-23.518181818181816,floydsl01-1988
higgiro01,29,-1.2,198712050HOU-GSW,198712050HOU-HOU,GSW-1988,0,1988,-34.8,-23.518181818181816,higgiro01-1988
hendeke01,27,1.9,198712050HOU-GSW,198712050HOU-HOU,GSW-1988,0,1988,51.3,-23.518181818181816,hendeke01-1988
mcdonbe01,26,-0.4,198712050HOU-GSW,198712050HOU-HOU,GSW-1988,0,1988,-10.4,-23.518181818181816,mcdonbe01-1988
mullich01,25,-3.4,198712050HOU-GSW,198712050HOU-HOU,GSW-1988,0,1988,-85,-23.518181818181816,mullich01-1988
feitlda01,23,0,198712050HOU-GSW,198712050HOU-HOU,GSW-1988,0,1988,0,-23.518181818181816,feitlda01-1988
carrojo01,21,-7.8,198712050HOU-GSW,198712050HOU-HOU,GSW-1988,0,1988,-163.79999999999998,-23.518181818181816,carrojo01-1988
frankte01,17,-0.8,198712050HOU-GSW,198712050HOU-HOU,GSW-1988,0,1988,-13.600000000000001,-23.518181818181816,frankte01-1988
garlawi01,17,-0.4,198712050HOU-GSW,198712050HOU-HOU,GSW-1988,0,1988,-6.800000000000001,-23.518181818181816,garlawi01-1988
whiteje01,14,-0.8,198712050HOU-GSW,198712050HOU-HOU,GSW-1988,0,1988,-11.200000000000001,-23.518181818181816,whiteje01-1988
washbch01,10,2.8,198712050HOU-GSW,198712050HOU-HOU,GSW-1988,0,1988,28,-23.518181818181816,washbch01-1988
theusre01,44,0.4,198712080HOU-SAC,198712080HOU-HOU,SAC-1988,0,1988,17.6,12.629999999999997,theusre01-1988
thorpot01,40,1.7,198712080HOU-SAC,198712080HOU-HOU,SAC-1988,0,1988,68,12.629999999999997,thorpot01-1988
edwarfr01,36,1.4,198712080HOU-SAC,198712080HOU-HOU,SAC-1988,0,1988,50.4,12.629999999999997,edwarfr01-1988
oldhaja01,31,5.3,198712080HOU-SAC,198712080HOU-HOU,SAC-1988,0,1988,164.29999999999998,12.629999999999997,oldhaja01-1988
pressha01,25,-2.2,198712080HOU-SAC,198712080HOU-HOU,SAC-1988,0,1988,-55.00000000000001,12.629999999999997,pressha01-1988
thompla01,18,-3.9,198712080HOU-SAC,198712080HOU-HOU,SAC-1988,0,1988,-70.2,12.629999999999997,thompla01-1988
jacksmi02,15,-0.8,198712080HOU-SAC,198712080HOU-HOU,SAC-1988,0,1988,-12,12.629999999999997,jacksmi02-1988
tylerte01,15,-3.2,198712080HOU-SAC,198712080HOU-HOU,SAC-1988,0,1988,-48,12.629999999999997,tylerte01-1988
pincked01,9,-1.4,198712080HOU-SAC,198712080HOU-HOU,SAC-1988,0,1988,-12.6,12.629999999999997,pincked01-1988
kleinjo01,7,3.4,198712080HOU-SAC,198712080HOU-HOU,SAC-1988,0,1988,23.8,12.629999999999997,kleinjo01-1988
malonka01,37,-2,198712100HOU-UTA,198712100HOU-HOU,UTA-1988,0,1988,-74,30.363636363636363,malonka01-1988
baileth01,37,3.4,198712100HOU-UTA,198712100HOU-HOU,UTA-1988,0,1988,125.8,30.363636363636363,baileth01-1988
eatonma01,32,1.6,198712100HOU-UTA,198712100HOU-HOU,UTA-1988,0,1988,51.2,30.363636363636363,eatonma01-1988
stockjo01,27,1.1,198712100HOU-UTA,198712100HOU-HOU,UTA-1988,0,1988,29.700000000000003,30.363636363636363,stockjo01-1988
hansebo01,22,0.1,198712100HOU-UTA,198712100HOU-HOU,UTA-1988,0,1988,2.2,30.363636363636363,hansebo01-1988
greenri01,20,13.9,198712100HOU-UTA,198712100HOU-HOU,UTA-1988,0,1988,278,30.363636363636363,greenri01-1988
tripuke01,20,3.2,198712100HOU-UTA,198712100HOU-HOU,UTA-1988,0,1988,64,30.363636363636363,tripuke01-1988
turpime01,15,-3.5,198712100HOU-UTA,198712100HOU-HOU,UTA-1988,0,1988,-52.5,30.363636363636363,turpime01-1988
scurrca01,12,-3.1,198712100HOU-UTA,198712100HOU-HOU,UTA-1988,0,1988,-37.2,30.363636363636363,scurrca01-1988
iavarma01,11,-3.5,198712100HOU-UTA,198712100HOU-HOU,UTA-1988,0,1988,-38.5,30.363636363636363,iavarma01-1988
griffda01,7,-2.1,198712100HOU-UTA,198712100HOU-HOU,UTA-1988,0,1988,-14.700000000000001,30.363636363636363,griffda01-1988
leaveal01,42,3.2,198712120CHI-HOU,198712120CHI-CHI,HOU-1988,0,1988,134.4,29.490909090909092,leaveal01-1988
sampsra01,40,3.2,198712120CHI-HOU,198712120CHI-CHI,HOU-1988,0,1988,128,29.490909090909092,sampsra01-1988
olajuha01,34,4.7,198712120CHI-HOU,198712120CHI-CHI,HOU-1988,0,1988,159.8,29.490909090909092,olajuha01-1988
mccraro01,29,-3.5,198712120CHI-HOU,198712120CHI-CHI,HOU-1988,0,1988,-101.5,29.490909090909092,mccraro01-1988
shortpu01,29,-2.6,198712120CHI-HOU,198712120CHI-CHI,HOU-1988,0,1988,-75.4,29.490909090909092,shortpu01-1988
peterji01,20,-0.6,198712120CHI-HOU,198712120CHI-CHI,HOU-1988,0,1988,-12,29.490909090909092,peterji01-1988
johnsbu01,18,4.6,198712120CHI-HOU,198712120CHI-CHI,HOU-1988,0,1988,82.8,29.490909090909092,johnsbu01-1988
freewo01,17,2.2,198712120CHI-HOU,198712120CHI-CHI,HOU-1988,0,1988,37.400000000000006,29.490909090909092,freewo01-1988
reidro01,8,-3.3,198712120CHI-HOU,198712120CHI-CHI,HOU-1988,0,1988,-26.4,29.490909090909092,reidro01-1988
connele01,2,-1.3,198712120CHI-HOU,198712120CHI-CHI,HOU-1988,0,1988,-2.6,29.490909090909092,connele01-1988
harrist01,1,-0.1,198712120CHI-HOU,198712120CHI-CHI,HOU-1988,0,1988,-0.1,29.490909090909092,harrist01-1988
olajuha01,31,-4,198712160DEN-HOU,198712160DEN-DEN,HOU-1988,0,1988,-124,-12.883333333333331,olajuha01-1988
mccraro01,29,-3.9,198712160DEN-HOU,198712160DEN-DEN,HOU-1988,0,1988,-113.1,-12.883333333333331,mccraro01-1988
carrojo01,26,-0.1,198712160DEN-HOU,198712160DEN-DEN,HOU-1988,0,1988,-2.6,-12.883333333333331,carrojo01-1988
shortpu01,25,-3.3,198712160DEN-HOU,198712160DEN-DEN,HOU-1988,0,1988,-82.5,-12.883333333333331,shortpu01-1988
peterji01,24,0.4,198712160DEN-HOU,198712160DEN-DEN,HOU-1988,0,1988,9.600000000000001,-12.883333333333331,peterji01-1988
floydsl01,23,-0.4,198712160DEN-HOU,198712160DEN-DEN,HOU-1988,0,1988,-9.200000000000001,-12.883333333333331,floydsl01-1988
leaveal01,23,4.2,198712160DEN-HOU,198712160DEN-DEN,HOU-1988,0,1988,96.60000000000001,-12.883333333333331,leaveal01-1988
maxwece01,15,0.2,198712160DEN-HOU,198712160DEN-DEN,HOU-1988,0,1988,3,-12.883333333333331,maxwece01-1988
johnsbu01,14,-2.5,198712160DEN-HOU,198712160DEN-DEN,HOU-1988,0,1988,-35,-12.883333333333331,johnsbu01-1988
freewo01,12,5.2,198712160DEN-HOU,198712160DEN-DEN,HOU-1988,0,1988,62.400000000000006,-12.883333333333331,freewo01-1988
reidro01,10,2.9,198712160DEN-HOU,198712160DEN-DEN,HOU-1988,0,1988,29,-12.883333333333331,reidro01-1988
connele01,8,1.4,198712160DEN-HOU,198712160DEN-DEN,HOU-1988,0,1988,11.2,-12.883333333333331,connele01-1988
mccraro01,40,5.4,198712170LAC-HOU,198712170LAC-LAC,HOU-1988,0,1988,216,27.830000000000002,mccraro01-1988
peterji01,40,3.6,198712170LAC-HOU,198712170LAC-LAC,HOU-1988,0,1988,144,27.830000000000002,peterji01-1988
olajuha01,39,3.3,198712170LAC-HOU,198712170LAC-LAC,HOU-1988,0,1988,128.7,27.830000000000002,olajuha01-1988
leaveal01,37,-3.9,198712170LAC-HOU,198712170LAC-LAC,HOU-1988,0,1988,-144.29999999999998,27.830000000000002,leaveal01-1988
floydsl01,30,-2.4,198712170LAC-HOU,198712170LAC-LAC,HOU-1988,0,1988,-72,27.830000000000002,floydsl01-1988
shortpu01,25,1.8,198712170LAC-HOU,198712170LAC-LAC,HOU-1988,0,1988,45,27.830000000000002,shortpu01-1988
carrojo01,14,-1,198712170LAC-HOU,198712170LAC-LAC,HOU-1988,0,1988,-14,27.830000000000002,carrojo01-1988
freewo01,8,-2.8,198712170LAC-HOU,198712170LAC-LAC,HOU-1988,0,1988,-22.4,27.830000000000002,freewo01-1988
johnsbu01,4,-0.9,198712170LAC-HOU,198712170LAC-LAC,HOU-1988,0,1988,-3.6,27.830000000000002,johnsbu01-1988
maxwece01,3,0.3,198712170LAC-HOU,198712170LAC-LAC,HOU-1988,0,1988,0.8999999999999999,27.830000000000002,maxwece01-1988
leverfa01,40,2.1,198712190HOU-DEN,198712190HOU-HOU,DEN-1988,1,1988,84,56.833333333333336,leverfa01-1988
englial01,39,-0.1,198712190HOU-DEN,198712190HOU-HOU,DEN-1988,1,1988,-3.9000000000000004,56.833333333333336,englial01-1988
adamsmi01,36,8.8,198712190HOU-DEN,198712190HOU-HOU,DEN-1988,1,1988,316.8,56.833333333333336,adamsmi01-1988
coopewa01,30,-4.4,198712190HOU-DEN,198712190HOU-HOU,DEN-1988,1,1988,-132,56.833333333333336,coopewa01-1988
schayda01,28,-3.6,198712190HOU-DEN,198712190HOU-HOU,DEN-1988,1,1988,-100.8,56.833333333333336,schayda01-1988
vinceja01,28,8,198712190HOU-DEN,198712190HOU-HOU,DEN-1988,1,1988,224,56.833333333333336,vinceja01-1988
evansmi01,26,5.6,198712190HOU-DEN,198712190HOU-HOU,DEN-1988,1,1988,145.6,56.833333333333336,evansmi01-1988
rasmubl01,11,-2.2,198712190HOU-DEN,198712190HOU-HOU,DEN-1988,1,1988,-24.200000000000003,56.833333333333336,rasmubl01-1988
dunntr01,2,1,198712190HOU-DEN,198712190HOU-HOU,DEN-1988,1,1988,2,56.833333333333336,dunntr01-1988
wilkido01,36,0.6,198712220HOU-ATL,198712220HOU-HOU,ATL-1988,0,1988,21.599999999999998,10.99090909090909,wilkido01-1988
riverdo01,30,6.8,198712220HOU-ATL,198712220HOU-HOU,ATL-1988,0,1988,204,10.99090909090909,riverdo01-1988
carran01,26,-2.7,198712220HOU-ATL,198712220HOU-HOU,ATL-1988,0,1988,-70.2,10.99090909090909,carran01-1988
rollitr01,25,2,198712220HOU-ATL,198712220HOU-HOU,ATL-1988,0,1988,50,10.99090909090909,rollitr01-1988
levincl01,24,-2.3,198712220HOU-ATL,198712220HOU-HOU,ATL-1988,0,1988,-55.199999999999996,10.99090909090909,levincl01-1988
wittmra01,23,-0.8,198712220HOU-ATL,198712220HOU-HOU,ATL-1988,0,1988,-18.400000000000002,10.99090909090909,wittmra01-1988
battljo01,22,-2.5,198712220HOU-ATL,198712220HOU-HOU,ATL-1988,0,1988,-55,10.99090909090909,battljo01-1988
washbch01,19,1.8,198712220HOU-ATL,198712220HOU-HOU,ATL-1988,0,1988,34.2,10.99090909090909,washbch01-1988
webbsp01,17,2.3,198712220HOU-ATL,198712220HOU-HOU,ATL-1988,0,1988,39.099999999999994,10.99090909090909,webbsp01-1988
hastisc01,10,-0.6,198712220HOU-ATL,198712220HOU-HOU,ATL-1988,0,1988,-6,10.99090909090909,hastisc01-1988
koncajo01,8,-2.9,198712220HOU-ATL,198712220HOU-HOU,ATL-1988,0,1988,-23.2,10.99090909090909,koncajo01-1988
olajuha01,45,7,198712260DAL-HOU,198712260DAL-DAL,HOU-1988,0,1988,315,35.20909090909091,olajuha01-1988
leaveal01,42,2.6,198712260DAL-HOU,198712260DAL-DAL,HOU-1988,0,1988,109.2,35.20909090909091,leaveal01-1988
floydsl01,37,-0.8,198712260DAL-HOU,198712260DAL-DAL,HOU-1988,0,1988,-29.6,35.20909090909091,floydsl01-1988
mccraro01,28,-2.1,198712260DAL-HOU,198712260DAL-DAL,HOU-1988,0,1988,-58.800000000000004,35.20909090909091,mccraro01-1988
shortpu01,26,0.9,198712260DAL-HOU,198712260DAL-DAL,HOU-1988,0,1988,23.400000000000002,35.20909090909091,shortpu01-1988
peterji01,25,-2.7,198712260DAL-HOU,198712260DAL-DAL,HOU-1988,0,1988,-67.5,35.20909090909091,peterji01-1988
carrojo01,21,4.4,198712260DAL-HOU,198712260DAL-DAL,HOU-1988,0,1988,92.4,35.20909090909091,carrojo01-1988
freewo01,7,-0.1,198712260DAL-HOU,198712260DAL-DAL,HOU-1988,0,1988,-0.7000000000000001,35.20909090909091,freewo01-1988
reidro01,6,0.3,198712260DAL-HOU,198712260DAL-DAL,HOU-1988,0,1988,1.7999999999999998,35.20909090909091,reidro01-1988
maxwece01,2,1.3,198712260DAL-HOU,198712260DAL-DAL,HOU-1988,0,1988,2.6,35.20909090909091,maxwece01-1988
johnsbu01,1,-0.5,198712260DAL-HOU,198712260DAL-DAL,HOU-1988,0,1988,-0.5,35.20909090909091,johnsbu01-1988
floydsl01,37,1.7,198712290DET-HOU,198712290DET-DET,HOU-1988,1,1988,62.9,58.13,floydsl01-1988
carrojo01,36,7.9,198712290DET-HOU,198712290DET-DET,HOU-1988,1,1988,284.40000000000003,58.13,carrojo01-1988
leaveal01,32,-2.1,198712290DET-HOU,198712290DET-DET,HOU-1988,1,1988,-67.2,58.13,leaveal01-1988
mccraro01,30,1.9,198712290DET-HOU,198712290DET-DET,HOU-1988,1,1988,57,58.13,mccraro01-1988
olajuha01,26,8.1,198712290DET-HOU,198712290DET-DET,HOU-1988,1,1988,210.6,58.13,olajuha01-1988
peterji01,26,-2.7,198712290DET-HOU,198712290DET-DET,HOU-1988,1,1988,-70.2,58.13,peterji01-1988
shortpu01,22,3.7,198712290DET-HOU,198712290DET-DET,HOU-1988,1,1988,81.4,58.13,shortpu01-1988
maxwece01,19,0.7,198712290DET-HOU,198712290DET-DET,HOU-1988,1,1988,13.299999999999999,58.13,maxwece01-1988
johnsbu01,7,2.3,198712290DET-HOU,198712290DET-DET,HOU-1988,1,1988,16.099999999999998,58.13,johnsbu01-1988
reidro01,5,-1.4,198712290DET-HOU,198712290DET-DET,HOU-1988,1,1988,-7,58.13,reidro01-1988
floydsl01,44,0.6,198712300MIL-HOU,198712300MIL-MIL,HOU-1988,1,1988,26.4,63.275,floydsl01-1988
shortpu01,39,8.9,198712300MIL-HOU,198712300MIL-MIL,HOU-1988,1,1988,347.1,63.275,shortpu01-1988
mccraro01,35,1.6,198712300MIL-HOU,198712300MIL-MIL,HOU-1988,1,1988,56,63.275,mccraro01-1988
carrojo01,34,2.9,198712300MIL-HOU,198712300MIL-MIL,HOU-1988,1,1988,98.6,63.275,carrojo01-1988
olajuha01,33,9,198712300MIL-HOU,198712300MIL-MIL,HOU-1988,1,1988,297,63.275,olajuha01-1988
peterji01,17,-1,198712300MIL-HOU,198712300MIL-MIL,HOU-1988,1,1988,-17,63.275,peterji01-1988
maxwece01,11,-1.8,198712300MIL-HOU,198712300MIL-MIL,HOU-1988,1,1988,-19.8,63.275,maxwece01-1988
freewo01,9,-0.9,198712300MIL-HOU,198712300MIL-MIL,HOU-1988,1,1988,-8.1,63.275,freewo01-1988
leaveal01,7,-1.8,198712300MIL-HOU,198712300MIL-MIL,HOU-1988,1,1988,-12.6,63.275,leaveal01-1988
reidro01,7,-1.3,198712300MIL-HOU,198712300MIL-MIL,HOU-1988,1,1988,-9.1,63.275,reidro01-1988
connele01,3,0.3,198712300MIL-HOU,198712300MIL-MIL,HOU-1988,1,1988,0.8999999999999999,63.275,connele01-1988
johnsbu01,1,-0.1,198712300MIL-HOU,198712300MIL-MIL,HOU-1988,1,1988,-0.1,63.275,johnsbu01-1988
leaveal01,40,3,198801020WSB-HOU,198801020WSB-WSB,HOU-1988,1,1988,120,43.541666666666664,leaveal01-1988
floydsl01,35,1,198801020WSB-HOU,198801020WSB-WSB,HOU-1988,1,1988,35,43.541666666666664,floydsl01-1988
mccraro01,33,9.2,198801020WSB-HOU,198801020WSB-WSB,HOU-1988,1,1988,303.59999999999997,43.541666666666664,mccraro01-1988
carrojo01,32,3.3,198801020WSB-HOU,198801020WSB-WSB,HOU-1988,1,1988,105.6,43.541666666666664,carrojo01-1988
peterji01,29,-4.5,198801020WSB-HOU,198801020WSB-WSB,HOU-1988,1,1988,-130.5,43.541666666666664,peterji01-1988
shortpu01,23,1.5,198801020WSB-HOU,198801020WSB-WSB,HOU-1988,1,1988,34.5,43.541666666666664,shortpu01-1988
olajuha01,22,1.9,198801020WSB-HOU,198801020WSB-WSB,HOU-1988,1,1988,41.8,43.541666666666664,olajuha01-1988
maxwece01,12,2.4,198801020WSB-HOU,198801020WSB-WSB,HOU-1988,1,1988,28.799999999999997,43.541666666666664,maxwece01-1988
freewo01,9,-1.5,198801020WSB-HOU,198801020WSB-WSB,HOU-1988,1,1988,-13.5,43.541666666666664,freewo01-1988
connele01,3,-1.2,198801020WSB-HOU,198801020WSB-WSB,HOU-1988,1,1988,-3.5999999999999996,43.541666666666664,connele01-1988
johnsbu01,1,1.7,198801020WSB-HOU,198801020WSB-WSB,HOU-1988,1,1988,1.7,43.541666666666664,johnsbu01-1988
reidro01,1,-0.9,198801020WSB-HOU,198801020WSB-WSB,HOU-1988,1,1988,-0.9,43.541666666666664,reidro01-1988
aguirma01,39,3.7,198801040HOU-DAL,198801040HOU-HOU,DAL-1988,0,1988,144.3,31.900000000000002,aguirma01-1988
harpede01,39,5.9,198801040HOU-DAL,198801040HOU-HOU,DAL-1988,0,1988,230.10000000000002,31.900000000000002,harpede01-1988
donalja01,31,-5.5,198801040HOU-DAL,198801040HOU-HOU,DAL-1988,0,1988,-170.5,31.900000000000002,donalja01-1988
tarplro01,30,3.5,198801040HOU-DAL,198801040HOU-HOU,DAL-1988,0,1988,105,31.900000000000002,tarplro01-1988
perkisa01,28,-4.5,198801040HOU-DAL,198801040HOU-HOU,DAL-1988,0,1988,-126,31.900000000000002,perkisa01-1988
blackro01,26,5.1,198801040HOU-DAL,198801040HOU-HOU,DAL-1988,0,1988,132.6,31.900000000000002,blackro01-1988
davisbr01,22,-0.2,198801040HOU-DAL,198801040HOU-HOU,DAL-1988,0,1988,-4.4,31.900000000000002,davisbr01-1988
schrede01,17,0.8,198801040HOU-DAL,198801040HOU-HOU,DAL-1988,0,1988,13.600000000000001,31.900000000000002,schrede01-1988
blabuw01,7,-0.7,198801040HOU-DAL,198801040HOU-HOU,DAL-1988,0,1988,-4.8999999999999995,31.900000000000002,blabuw01-1988
farmeji01,1,-0.8,198801040HOU-DAL,198801040HOU-HOU,DAL-1988,0,1988,-0.8,31.900000000000002,farmeji01-1988
floydsl01,39,0,198801060SEA-HOU,198801060SEA-SEA,HOU-1988,0,1988,0,11.37,floydsl01-1988
olajuha01,34,0.2,198801060SEA-HOU,198801060SEA-SEA,HOU-1988,0,1988,6.800000000000001,11.37,olajuha01-1988
shortpu01,33,3.5,198801060SEA-HOU,198801060SEA-SEA,HOU-1988,0,1988,115.5,11.37,shortpu01-1988
mccraro01,29,5.3,198801060SEA-HOU,198801060SEA-SEA,HOU-1988,0,1988,153.7,11.37,mccraro01-1988
carrojo01,25,3.8,198801060SEA-HOU,198801060SEA-SEA,HOU-1988,0,1988,95,11.37,carrojo01-1988
leaveal01,23,-7.7,198801060SEA-HOU,198801060SEA-SEA,HOU-1988,0,1988,-177.1,11.37,leaveal01-1988
peterji01,20,-2.7,198801060SEA-HOU,198801060SEA-SEA,HOU-1988,0,1988,-54,11.37,peterji01-1988
reidro01,19,-2.6,198801060SEA-HOU,198801060SEA-SEA,HOU-1988,0,1988,-49.4,11.37,reidro01-1988
maxwece01,16,1.3,198801060SEA-HOU,198801060SEA-SEA,HOU-1988,0,1988,20.8,11.37,maxwece01-1988
freewo01,2,1.2,198801060SEA-HOU,198801060SEA-SEA,HOU-1988,0,1988,2.4,11.37,freewo01-1988
olajuha01,40,9.1,198801070GSW-HOU,198801070GSW-GSW,HOU-1988,1,1988,364,38.24545454545455,olajuha01-1988
floydsl01,36,-3.4,198801070GSW-HOU,198801070GSW-GSW,HOU-1988,1,1988,-122.39999999999999,38.24545454545455,floydsl01-1988
shortpu01,31,3.6,198801070GSW-HOU,198801070GSW-GSW,HOU-1988,1,1988,111.60000000000001,38.24545454545455,shortpu01-1988
leaveal01,30,3.8,198801070GSW-HOU,198801070GSW-GSW,HOU-1988,1,1988,114,38.24545454545455,leaveal01-1988
mccraro01,30,1.1,198801070GSW-HOU,198801070GSW-GSW,HOU-1988,1,1988,33,38.24545454545455,mccraro01-1988
peterji01,30,1.3,198801070GSW-HOU,198801070GSW-GSW,HOU-1988,1,1988,39,38.24545454545455,peterji01-1988
carrojo01,25,-4.3,198801070GSW-HOU,198801070GSW-GSW,HOU-1988,1,1988,-107.5,38.24545454545455,carrojo01-1988
johnsbu01,13,-0.5,198801070GSW-HOU,198801070GSW-GSW,HOU-1988,1,1988,-6.5,38.24545454545455,johnsbu01-1988
reidro01,3,-1.6,198801070GSW-HOU,198801070GSW-GSW,HOU-1988,1,1988,-4.800000000000001,38.24545454545455,reidro01-1988
connele01,1,0.4,198801070GSW-HOU,198801070GSW-GSW,HOU-1988,1,1988,0.4,38.24545454545455,connele01-1988
maxwece01,1,-0.1,198801070GSW-HOU,198801070GSW-GSW,HOU-1988,1,1988,-0.1,38.24545454545455,maxwece01-1988
nancela01,41,7.3,198801090HOU-PHO,198801090HOU-HOU,PHO-1988,0,1988,299.3,41.050000000000004,nancela01-1988
humphja01,38,2.5,198801090HOU-PHO,198801090HOU-HOU,PHO-1988,0,1988,95,41.050000000000004,humphja01-1988
daviswa03,37,8.5,198801090HOU-PHO,198801090HOU-HOU,PHO-1988,0,1988,314.5,41.050000000000004,daviswa03-1988
edwarja01,37,-3.7,198801090HOU-PHO,198801090HOU-HOU,PHO-1988,0,1988,-136.9,41.050000000000004,edwarja01-1988
johnsed03,26,-0.1,198801090HOU-PHO,198801090HOU-HOU,PHO-1988,0,1988,-2.6,41.050000000000004,johnsed03-1988
gilliar01,22,-5,198801090HOU-PHO,198801090HOU-HOU,PHO-1988,0,1988,-110,41.050000000000004,gilliar01-1988
adamsal01,13,-1,198801090HOU-PHO,198801090HOU-HOU,PHO-1988,0,1988,-13,41.050000000000004,adamsal01-1988
thompbe01,11,-2.3,198801090HOU-PHO,198801090HOU-HOU,PHO-1988,0,1988,-25.299999999999997,41.050000000000004,thompbe01-1988
hornaje01,10,-1.6,198801090HOU-PHO,198801090HOU-HOU,PHO-1988,0,1988,-16,41.050000000000004,hornaje01-1988
sandemi01,5,1.1,198801090HOU-PHO,198801090HOU-HOU,PHO-1988,0,1988,5.5,41.050000000000004,sandemi01-1988
peterji01,39,-2.7,198801130PHO-HOU,198801130PHO-PHO,HOU-1988,0,1988,-105.30000000000001,11.09,peterji01-1988
leaveal01,38,9,198801130PHO-HOU,198801130PHO-PHO,HOU-1988,0,1988,342,11.09,leaveal01-1988
floydsl01,30,-2.2,198801130PHO-HOU,198801130PHO-PHO,HOU-1988,0,1988,-66,11.09,floydsl01-1988
olajuha01,30,0.7,198801130PHO-HOU,198801130PHO-PHO,HOU-1988,0,1988,21,11.09,olajuha01-1988
shortpu01,28,3.9,198801130PHO-HOU,198801130PHO-PHO,HOU-1988,0,1988,109.2,11.09,shortpu01-1988
mccraro01,26,-6.1,198801130PHO-HOU,198801130PHO-PHO,HOU-1988,0,1988,-158.6,11.09,mccraro01-1988
carrojo01,18,-3.4,198801130PHO-HOU,198801130PHO-PHO,HOU-1988,0,1988,-61.199999999999996,11.09,carrojo01-1988
johnsbu01,16,1,198801130PHO-HOU,198801130PHO-PHO,HOU-1988,0,1988,16,11.09,johnsbu01-1988
maxwece01,9,1.8,198801130PHO-HOU,198801130PHO-PHO,HOU-1988,0,1988,16.2,11.09,maxwece01-1988
freewo01,6,-0.4,198801130PHO-HOU,198801130PHO-PHO,HOU-1988,0,1988,-2.4000000000000004,11.09,freewo01-1988
portete01,47,5,198801140HOU-POR,198801140HOU-HOU,POR-1988,0,1988,235,62.53333333333333,portete01-1988
drexlcl01,45,4.1,198801140HOU-POR,198801140HOU-HOU,POR-1988,0,1988,184.49999999999997,62.53333333333333,drexlcl01-1988
kerseje01,43,5.1,198801140HOU-POR,198801140HOU-HOU,POR-1988,0,1988,219.29999999999998,62.53333333333333,kerseje01-1988
johnsst03,38,-3.5,198801140HOU-POR,198801140HOU-HOU,POR-1988,0,1988,-133,62.53333333333333,johnsst03-1988
lucasma01,24,3.7,198801140HOU-POR,198801140HOU-HOU,POR-1988,0,1988,88.80000000000001,62.53333333333333,lucasma01-1988
duckwke01,19,0.6,198801140HOU-POR,198801140HOU-HOU,POR-1988,0,1988,11.4,62.53333333333333,duckwke01-1988
jonesca01,15,-2.2,198801140HOU-POR,198801140HOU-HOU,POR-1988,0,1988,-33,62.53333333333333,jonesca01-1988
anderri01,6,-1,198801140HOU-POR,198801140HOU-HOU,POR-1988,0,1988,-6,62.53333333333333,anderri01-1988
holtomi01,3,-1.4,198801140HOU-POR,198801140HOU-HOU,POR-1988,0,1988,-4.199999999999999,62.53333333333333,holtomi01-1988
stipast01,32,-2.1,198801160HOU-IND,198801160HOU-HOU,IND-1988,0,1988,-67.2,-3.3000000000000047,stipast01-1988
millere01,29,4.6,198801160HOU-IND,198801160HOU-HOU,IND-1988,0,1988,133.39999999999998,-3.3000000000000047,millere01-1988
persoch01,27,-2.8,198801160HOU-IND,198801160HOU-HOU,IND-1988,0,1988,-75.6,-3.3000000000000047,persoch01-1988
willihe01,26,-3.2,198801160HOU-IND,198801160HOU-HOU,IND-1988,0,1988,-83.2,-3.3000000000000047,willihe01-1988
flemive01,24,-3.4,198801160HOU-IND,198801160HOU-HOU,IND-1988,0,1988,-81.6,-3.3000000000000047,flemive01-1988
tisdawa01,24,3.4,198801160HOU-IND,198801160HOU-HOU,IND-1988,0,1988,81.6,-3.3000000000000047,tisdawa01-1988
wheelcl01,24,9.2,198801160HOU-IND,198801160HOU-HOU,IND-1988,0,1988,220.79999999999998,-3.3000000000000047,wheelcl01-1988
longjo01,19,-2.2,198801160HOU-IND,198801160HOU-HOU,IND-1988,0,1988,-41.800000000000004,-3.3000000000000047,longjo01-1988
grayst01,16,-3.2,198801160HOU-IND,198801160HOU-HOU,IND-1988,0,1988,-51.2,-3.3000000000000047,grayst01-1988
anderro01,12,-5.2,198801160HOU-IND,198801160HOU-HOU,IND-1988,0,1988,-62.400000000000006,-3.3000000000000047,anderro01-1988
dreilgr01,7,-1.3,198801160HOU-IND,198801160HOU-HOU,IND-1988,0,1988,-9.1,-3.3000000000000047,dreilgr01-1988
olajuha01,41,7.7,198801180LAL-HOU,198801180LAL-LAL,HOU-1988,0,1988,315.7,31.55,olajuha01-1988
shortpu01,30,-3.6,198801180LAL-HOU,198801180LAL-LAL,HOU-1988,0,1988,-108,31.55,shortpu01-1988
floydsl01,28,0.9,198801180LAL-HOU,198801180LAL-LAL,HOU-1988,0,1988,25.2,31.55,floydsl01-1988
peterji01,28,-1.5,198801180LAL-HOU,198801180LAL-LAL,HOU-1988,0,1988,-42,31.55,peterji01-1988
carrojo01,27,5.9,198801180LAL-HOU,198801180LAL-LAL,HOU-1988,0,1988,159.3,31.55,carrojo01-1988
leaveal01,23,0.4,198801180LAL-HOU,198801180LAL-LAL,HOU-1988,0,1988,9.200000000000001,31.55,leaveal01-1988
mccraro01,22,-0.8,198801180LAL-HOU,198801180LAL-LAL,HOU-1988,0,1988,-17.6,31.55,mccraro01-1988
johnsbu01,22,-1,198801180LAL-HOU,198801180LAL-LAL,HOU-1988,0,1988,-22,31.55,johnsbu01-1988
reidro01,11,-0.1,198801180LAL-HOU,198801180LAL-LAL,HOU-1988,0,1988,-1.1,31.55,reidro01-1988
freewo01,8,-0.4,198801180LAL-HOU,198801180LAL-LAL,HOU-1988,0,1988,-3.2,31.55,freewo01-1988
floydsl01,41,-1.8,198801190SAC-HOU,198801190SAC-SAC,HOU-1988,0,1988,-73.8,26.88,floydsl01-1988
olajuha01,33,10,198801190SAC-HOU,198801190SAC-SAC,HOU-1988,0,1988,330,26.88,olajuha01-1988
peterji01,33,0.5,198801190SAC-HOU,198801190SAC-SAC,HOU-1988,0,1988,16.5,26.88,peterji01-1988
carrojo01,30,2.5,198801190SAC-HOU,198801190SAC-SAC,HOU-1988,0,1988,75,26.88,carrojo01-1988
leaveal01,28,-2.7,198801190SAC-HOU,198801190SAC-SAC,HOU-1988,0,1988,-75.60000000000001,26.88,leaveal01-1988
mccraro01,26,2.2,198801190SAC-HOU,198801190SAC-SAC,HOU-1988,0,1988,57.2,26.88,mccraro01-1988
shortpu01,23,-2.5,198801190SAC-HOU,198801190SAC-SAC,HOU-1988,0,1988,-57.5,26.88,shortpu01-1988
johnsbu01,19,0.4,198801190SAC-HOU,198801190SAC-SAC,HOU-1988,0,1988,7.6000000000000005,26.88,johnsbu01-1988
freewo01,4,-2.5,198801190SAC-HOU,198801190SAC-SAC,HOU-1988,0,1988,-10,26.88,freewo01-1988
reidro01,3,-0.2,198801190SAC-HOU,198801190SAC-SAC,HOU-1988,0,1988,-0.6000000000000001,26.88,reidro01-1988
breuera01,43,5.1,198801210HOU-MIL,198801210HOU-HOU,MIL-1988,0,1988,219.29999999999998,28.044444444444444,breuera01-1988
sikmaja01,40,1.6,198801210HOU-MIL,198801210HOU-HOU,MIL-1988,0,1988,64,28.044444444444444,sikmaja01-1988
cummite01,38,4.7,198801210HOU-MIL,198801210HOU-HOU,MIL-1988,0,1988,178.6,28.044444444444444,cummite01-1988
hodgecr01,36,-4.3,198801210HOU-MIL,198801210HOU-HOU,MIL-1988,0,1988,-154.79999999999998,28.044444444444444,hodgecr01-1988
lucasjo01,29,0.1,198801210HOU-MIL,198801210HOU-HOU,MIL-1988,0,1988,2.9000000000000004,28.044444444444444,lucasjo01-1988
presspa01,19,-2,198801210HOU-MIL,198801210HOU-HOU,MIL-1988,0,1988,-38,28.044444444444444,presspa01-1988
mannipa01,14,-0.2,198801210HOU-MIL,198801210HOU-HOU,MIL-1988,0,1988,-2.8000000000000003,28.044444444444444,mannipa01-1988
moncrsi01,12,-2.6,198801210HOU-MIL,198801210HOU-HOU,MIL-1988,0,1988,-31.200000000000003,28.044444444444444,moncrsi01-1988
stroejo01,9,1.6,198801210HOU-MIL,198801210HOU-HOU,MIL-1988,0,1988,14.4,28.044444444444444,stroejo01-1988
cagemi01,34,-3.2,198801260HOU-LAC,198801260HOU-HOU,LAC-1988,0,1988,-108.80000000000001,-18.927272727272726,cagemi01-1988
curetea01,29,-5.1,198801260HOU-LAC,198801260HOU-HOU,LAC-1988,0,1988,-147.89999999999998,-18.927272727272726,curetea01-1988
woodsmi01,27,-3.9,198801260HOU-LAC,198801260HOU-HOU,LAC-1988,0,1988,-105.3,-18.927272727272726,woodsmi01-1988
normake01,26,1.7,198801260HOU-LAC,198801260HOU-HOU,LAC-1988,0,1988,44.199999999999996,-18.927272727272726,normake01-1988
dailequ01,25,3.6,198801260HOU-LAC,198801260HOU-HOU,LAC-1988,0,1988,90,-18.927272727272726,dailequ01-1988
wolfjo01,23,2,198801260HOU-LAC,198801260HOU-HOU,LAC-1988,0,1988,46,-18.927272727272726,wolfjo01-1988
colemno01,20,-2.7,198801260HOU-LAC,198801260HOU-HOU,LAC-1988,0,1988,-54,-18.927272727272726,colemno01-1988
phelpmi01,20,3.8,198801260HOU-LAC,198801260HOU-HOU,LAC-1988,0,1988,76,-18.927272727272726,phelpmi01-1988
drewla01,16,-1.1,198801260HOU-LAC,198801260HOU-HOU,LAC-1988,0,1988,-17.6,-18.927272727272726,drewla01-1988
nesslma01,12,-1.1,198801260HOU-LAC,198801260HOU-HOU,LAC-1988,0,1988,-13.200000000000001,-18.927272727272726,nesslma01-1988
valenda01,8,-2.2,198801260HOU-LAC,198801260HOU-HOU,LAC-1988,0,1988,-17.6,-18.927272727272726,valenda01-1988
pricema01,32,4.3,198801280HOU-CLE,198801280HOU-HOU,CLE-1988,1,1988,137.6,49.709090909090904,pricema01-1988
williho01,29,-5.9,198801280HOU-CLE,198801280HOU-HOU,CLE-1988,1,1988,-171.10000000000002,49.709090909090904,williho01-1988
daughbr01,27,8.7,198801280HOU-CLE,198801280HOU-HOU,CLE-1988,1,1988,234.89999999999998,49.709090909090904,daughbr01-1988
harpero01,26,0.5,198801280HOU-CLE,198801280HOU-HOU,CLE-1988,1,1988,13,49.709090909090904,harpero01-1988
hubbaph01,25,4.4,198801280HOU-CLE,198801280HOU-HOU,CLE-1988,1,1988,110.00000000000001,49.709090909090904,hubbaph01-1988
corbity01,23,5.2,198801280HOU-CLE,198801280HOU-HOU,CLE-1988,1,1988,119.60000000000001,49.709090909090904,corbity01-1988
dudlech02,20,4.8,198801280HOU-CLE,198801280HOU-HOU,CLE-1988,1,1988,96,49.709090909090904,dudlech02-1988
westma01,20,0.6,198801280HOU-CLE,198801280HOU-HOU,CLE-1988,1,1988,12,49.709090909090904,westma01-1988
curryde01,16,-0.9,198801280HOU-CLE,198801280HOU-HOU,CLE-1988,1,1988,-14.4,49.709090909090904,curryde01-1988
johnske02,16,-1,198801280HOU-CLE,198801280HOU-HOU,CLE-1988,1,1988,-16,49.709090909090904,johnske02-1988
ehlocr01,6,4.2,198801280HOU-CLE,198801280HOU-HOU,CLE-1988,1,1988,25.200000000000003,49.709090909090904,ehlocr01-1988
floydsl01,42,4.1,198801300DAL-HOU,198801300DAL-DAL,HOU-1988,1,1988,172.2,105.61111111111111,floydsl01-1988
mccraro01,42,11.1,198801300DAL-HOU,198801300DAL-DAL,HOU-1988,1,1988,466.2,105.61111111111111,mccraro01-1988
olajuha01,39,5,198801300DAL-HOU,198801300DAL-DAL,HOU-1988,1,1988,195,105.61111111111111,olajuha01-1988
peterji01,30,3.8,198801300DAL-HOU,198801300DAL-DAL,HOU-1988,1,1988,114,105.61111111111111,peterji01-1988
leaveal01,29,-5.8,198801300DAL-HOU,198801300DAL-DAL,HOU-1988,1,1988,-168.2,105.61111111111111,leaveal01-1988
shortpu01,24,6.9,198801300DAL-HOU,198801300DAL-DAL,HOU-1988,1,1988,165.60000000000002,105.61111111111111,shortpu01-1988
carrojo01,23,0.6,198801300DAL-HOU,198801300DAL-DAL,HOU-1988,1,1988,13.799999999999999,105.61111111111111,carrojo01-1988
reidro01,8,0,198801300DAL-HOU,198801300DAL-DAL,HOU-1988,1,1988,0,105.61111111111111,reidro01-1988
maxwece01,3,-2.7,198801300DAL-HOU,198801300DAL-DAL,HOU-1988,1,1988,-8.100000000000001,105.61111111111111,maxwece01-1988
gilliar01,39,0.7,198802020HOU-PHO,198802020HOU-HOU,PHO-1988,0,1988,27.299999999999997,8.13,gilliar01-1988
humphja01,37,1.1,198802020HOU-PHO,198802020HOU-HOU,PHO-1988,0,1988,40.7,8.13,humphja01-1988
nancela01,37,-1.3,198802020HOU-PHO,198802020HOU-HOU,PHO-1988,0,1988,-48.1,8.13,nancela01-1988
edwarja01,30,-2,198802020HOU-PHO,198802020HOU-HOU,PHO-1988,0,1988,-60,8.13,edwarja01-1988
johnsed03,29,-1.5,198802020HOU-PHO,198802020HOU-HOU,PHO-1988,0,1988,-43.5,8.13,johnsed03-1988
daviswa03,28,0.9,198802020HOU-PHO,198802020HOU-HOU,PHO-1988,0,1988,25.2,8.13,daviswa03-1988
hornaje01,27,5.2,198802020HOU-PHO,198802020HOU-HOU,PHO-1988,0,1988,140.4,8.13,hornaje01-1988
baileja01,6,-0.2,198802020HOU-PHO,198802020HOU-HOU,PHO-1988,0,1988,-1.2000000000000002,8.13,baileja01-1988
adamsal01,4,-1.3,198802020HOU-PHO,198802020HOU-HOU,PHO-1988,0,1988,-5.2,8.13,adamsal01-1988
thompbe01,3,1.9,198802020HOU-PHO,198802020HOU-HOU,PHO-1988,0,1988,5.699999999999999,8.13,thompbe01-1988
baglejo01,38,-0.6,198802040HOU-NJN,198802040HOU-HOU,NJN-1988,0,1988,-22.8,-23.8,baglejo01-1988
willibu01,35,2.1,198802040HOU-NJN,198802040HOU-HOU,NJN-1988,0,1988,73.5,-23.8,willibu01-1988
hinsoro01,31,-5.1,198802040HOU-NJN,198802040HOU-HOU,NJN-1988,0,1988,-158.1,-23.8,hinsoro01-1988
hopsode01,27,-0.4,198802040HOU-NJN,198802040HOU-HOU,NJN-1988,0,1988,-10.8,-23.8,hopsode01-1988
comegda01,24,-0.9,198802040HOU-NJN,198802040HOU-HOU,NJN-1988,0,1988,-21.6,-23.8,comegda01-1988
birdsot01,22,-0.3,198802040HOU-NJN,198802040HOU-HOU,NJN-1988,0,1988,-6.6,-23.8,birdsot01-1988
bradldu01,21,-2.6,198802040HOU-NJN,198802040HOU-HOU,NJN-1988,0,1988,-54.6,-23.8,bradldu01-1988
mccorti01,20,0.3,198802040HOU-NJN,198802040HOU-HOU,NJN-1988,0,1988,6,-23.8,mccorti01-1988
mckenke01,14,-3.7,198802040HOU-NJN,198802040HOU-HOU,NJN-1988,0,1988,-51.800000000000004,-23.8,mckenke01-1988
englech01,8,1.1,198802040HOU-NJN,198802040HOU-HOU,NJN-1988,0,1988,8.8,-23.8,englech01-1988
johnsde01,45,-7.1,198802090HOU-BOS,198802090HOU-HOU,BOS-1988,0,1988,-319.5,75.34444444444445,johnsde01-1988
birdla01,44,14.6,198802090HOU-BOS,198802090HOU-HOU,BOS-1988,0,1988,642.4,75.34444444444445,birdla01-1988
mchalke01,44,4.5,198802090HOU-BOS,198802090HOU-HOU,BOS-1988,0,1988,198,75.34444444444445,mchalke01-1988
aingeda01,40,4.2,198802090HOU-BOS,198802090HOU-HOU,BOS-1988,0,1988,168,75.34444444444445,aingeda01-1988
parisro01,31,1.8,198802090HOU-BOS,198802090HOU-HOU,BOS-1988,0,1988,55.800000000000004,75.34444444444445,parisro01-1988
acresma01,16,-3.1,198802090HOU-BOS,198802090HOU-HOU,BOS-1988,0,1988,-49.6,75.34444444444445,acresma01-1988
minnidi01,11,0.1,198802090HOU-BOS,198802090HOU-HOU,BOS-1988,0,1988,1.1,75.34444444444445,minnidi01-1988
roberfr01,7,-2.3,198802090HOU-BOS,198802090HOU-HOU,BOS-1988,0,1988,-16.099999999999998,75.34444444444445,roberfr01-1988
gilmoar01,2,-1,198802090HOU-BOS,198802090HOU-HOU,BOS-1988,0,1988,-2,75.34444444444445,gilmoar01-1988
mccraro01,42,7.1,198802110SEA-HOU,198802110SEA-SEA,HOU-1988,0,1988,298.2,65.45,mccraro01-1988
olajuha01,40,4.6,198802110SEA-HOU,198802110SEA-SEA,HOU-1988,0,1988,184,65.45,olajuha01-1988
floydsl01,38,2,198802110SEA-HOU,198802110SEA-SEA,HOU-1988,0,1988,76,65.45,floydsl01-1988
leaveal01,36,-0.3,198802110SEA-HOU,198802110SEA-SEA,HOU-1988,0,1988,-10.799999999999999,65.45,leaveal01-1988
peterji01,34,4.8,198802110SEA-HOU,198802110SEA-SEA,HOU-1988,0,1988,163.2,65.45,peterji01-1988
carrojo01,22,-6.7,198802110SEA-HOU,198802110SEA-SEA,HOU-1988,0,1988,-147.4,65.45,carrojo01-1988
shortpu01,22,-1.8,198802110SEA-HOU,198802110SEA-SEA,HOU-1988,0,1988,-39.6,65.45,shortpu01-1988
johnsbu01,6,0,198802110SEA-HOU,198802110SEA-SEA,HOU-1988,0,1988,0,65.45,johnsbu01-1988
floydsl01,39,-1.9,198802120LAC-HOU,198802120LAC-LAC,HOU-1988,1,1988,-74.1,28.675,floydsl01-1988
mccraro01,36,3.9,198802120LAC-HOU,198802120LAC-LAC,HOU-1988,1,1988,140.4,28.675,mccraro01-1988
olajuha01,36,4.1,198802120LAC-HOU,198802120LAC-LAC,HOU-1988,1,1988,147.6,28.675,olajuha01-1988
leaveal01,33,2.8,198802120LAC-HOU,198802120LAC-LAC,HOU-1988,1,1988,92.39999999999999,28.675,leaveal01-1988
carrojo01,28,3.6,198802120LAC-HOU,198802120LAC-LAC,HOU-1988,1,1988,100.8,28.675,carrojo01-1988
peterji01,22,-3.3,198802120LAC-HOU,198802120LAC-LAC,HOU-1988,1,1988,-72.6,28.675,peterji01-1988
shortpu01,21,-0.1,198802120LAC-HOU,198802120LAC-LAC,HOU-1988,1,1988,-2.1,28.675,shortpu01-1988
maxwece01,10,2.6,198802120LAC-HOU,198802120LAC-LAC,HOU-1988,1,1988,26,28.675,maxwece01-1988
johnsbu01,7,-1.3,198802120LAC-HOU,198802120LAC-LAC,HOU-1988,1,1988,-9.1,28.675,johnsbu01-1988
reidro01,5,-1.5,198802120LAC-HOU,198802120LAC-LAC,HOU-1988,1,1988,-7.5,28.675,reidro01-1988
freewo01,2,0.7,198802120LAC-HOU,198802120LAC-LAC,HOU-1988,1,1988,1.4,28.675,freewo01-1988
connele01,1,0.9,198802120LAC-HOU,198802120LAC-LAC,HOU-1988,1,1988,0.9,28.675,connele01-1988
mccraro01,44,3.5,198802140POR-HOU,198802140POR-POR,HOU-1988,1,1988,154,79.47777777777777,mccraro01-1988
floydsl01,38,7.4,198802140POR-HOU,198802140POR-POR,HOU-1988,1,1988,281.2,79.47777777777777,floydsl01-1988
leaveal01,35,3.7,198802140POR-HOU,198802140POR-POR,HOU-1988,1,1988,129.5,79.47777777777777,leaveal01-1988
olajuha01,33,3.7,198802140POR-HOU,198802140POR-POR,HOU-1988,1,1988,122.10000000000001,79.47777777777777,olajuha01-1988
peterji01,28,-1.6,198802140POR-HOU,198802140POR-POR,HOU-1988,1,1988,-44.800000000000004,79.47777777777777,peterji01-1988
shortpu01,23,2.6,198802140POR-HOU,198802140POR-POR,HOU-1988,1,1988,59.800000000000004,79.47777777777777,shortpu01-1988
carrojo01,21,-1.4,198802140POR-HOU,198802140POR-POR,HOU-1988,1,1988,-29.4,79.47777777777777,carrojo01-1988
maxwece01,13,3.8,198802140POR-HOU,198802140POR-POR,HOU-1988,1,1988,49.4,79.47777777777777,maxwece01-1988
reidro01,5,-1.3,198802140POR-HOU,198802140POR-POR,HOU-1988,1,1988,-6.5,79.47777777777777,reidro01-1988
garlawi01,40,5.2,198802160HOU-GSW,198802160HOU-HOU,GSW-1988,0,1988,208,9.254545454545454,garlawi01-1988
mullich01,33,1.5,198802160HOU-GSW,198802160HOU-HOU,GSW-1988,0,1988,49.5,9.254545454545454,mullich01-1988
smithla01,31,-2.9,198802160HOU-GSW,198802160HOU-HOU,GSW-1988,0,1988,-89.89999999999999,9.254545454545454,smithla01-1988
higgiro01,27,0.3,198802160HOU-GSW,198802160HOU-HOU,GSW-1988,0,1988,8.1,9.254545454545454,higgiro01-1988
sampsra01,25,-7.2,198802160HOU-GSW,198802160HOU-HOU,GSW-1988,0,1988,-180,9.254545454545454,sampsra01-1988
feitlda01,23,1.8,198802160HOU-GSW,198802160HOU-HOU,GSW-1988,0,1988,41.4,9.254545454545454,feitlda01-1988
teaglte01,22,2.8,198802160HOU-GSW,198802160HOU-HOU,GSW-1988,0,1988,61.599999999999994,9.254545454545454,teaglte01-1988
mcdonbe01,18,-2.2,198802160HOU-GSW,198802160HOU-HOU,GSW-1988,0,1988,-39.6,9.254545454545454,mcdonbe01-1988
smithot01,13,2.7,198802160HOU-GSW,198802160HOU-HOU,GSW-1988,0,1988,35.1,9.254545454545454,smithot01-1988
frankte01,4,1.3,198802160HOU-GSW,198802160HOU-HOU,GSW-1988,0,1988,5.2,9.254545454545454,frankte01-1988
hoppeda01,4,0.6,198802160HOU-GSW,198802160HOU-HOU,GSW-1988,0,1988,2.4,9.254545454545454,hoppeda01-1988
scottby01,43,7.6,198802180HOU-LAL,198802180HOU-HOU,LAL-1988,1,1988,326.8,81.7090909090909,scottby01-1988
johnsma02,38,8.7,198802180HOU-LAL,198802180HOU-HOU,LAL-1988,1,1988,330.59999999999997,81.7090909090909,johnsma02-1988
greenac01,36,-2.7,198802180HOU-LAL,198802180HOU-HOU,LAL-1988,1,1988,-97.2,81.7090909090909,greenac01-1988
abdulka01,32,4.1,198802180HOU-LAL,198802180HOU-HOU,LAL-1988,1,1988,131.2,81.7090909090909,abdulka01-1988
worthja01,30,8.2,198802180HOU-LAL,198802180HOU-HOU,LAL-1988,1,1988,245.99999999999997,81.7090909090909,worthja01-1988
coopemi01,23,0,198802180HOU-LAL,198802180HOU-HOU,LAL-1988,1,1988,0,81.7090909090909,coopemi01-1988
rambiku01,13,-0.2,198802180HOU-LAL,198802180HOU-HOU,LAL-1988,1,1988,-2.6,81.7090909090909,rambiku01-1988
smrekmi01,13,-2.2,198802180HOU-LAL,198802180HOU-HOU,LAL-1988,1,1988,-28.6,81.7090909090909,smrekmi01-1988
wagnemi01,5,-1.3,198802180HOU-LAL,198802180HOU-HOU,LAL-1988,1,1988,-6.5,81.7090909090909,wagnemi01-1988
matthwe01,4,-1.5,198802180HOU-LAL,198802180HOU-HOU,LAL-1988,1,1988,-6,81.7090909090909,matthwe01-1988
tolbera01,3,1.7,198802180HOU-LAL,198802180HOU-HOU,LAL-1988,1,1988,5.1,81.7090909090909,tolbera01-1988
kingbe01,35,-6.9,198802200HOU-WSB,198802200HOU-HOU,WSB-1988,0,1988,-241.5,20.863636363636367,kingbe01-1988
coltest01,34,6.2,198802200HOU-WSB,198802200HOU-HOU,WSB-1988,0,1988,210.8,20.863636363636367,coltest01-1988
malonje01,33,-1.1,198802200HOU-WSB,198802200HOU-HOU,WSB-1988,0,1988,-36.300000000000004,20.863636363636367,malonje01-1988
malonmo01,29,7.7,198802200HOU-WSB,198802200HOU-HOU,WSB-1988,0,1988,223.3,20.863636363636367,malonmo01-1988
willijo02,29,6.5,198802200HOU-WSB,198802200HOU-HOU,WSB-1988,0,1988,188.5,20.863636363636367,willijo02-1988
catlete01,23,-5,198802200HOU-WSB,198802200HOU-HOU,WSB-1988,0,1988,-115,20.863636363636367,catlete01-1988
boguemu01,15,-1.7,198802200HOU-WSB,198802200HOU-HOU,WSB-1988,0,1988,-25.5,20.863636363636367,boguemu01-1988
walkeda01,14,-0.6,198802200HOU-WSB,198802200HOU-HOU,WSB-1988,0,1988,-8.4,20.863636363636367,walkeda01-1988
jonesch01,13,1.9,198802200HOU-WSB,198802200HOU-HOU,WSB-1988,0,1988,24.7,20.863636363636367,jonesch01-1988
bolma01,11,0.7,198802200HOU-WSB,198802200HOU-HOU,WSB-1988,0,1988,7.699999999999999,20.863636363636367,bolma01-1988
alarima01,4,0.3,198802200HOU-WSB,198802200HOU-HOU,WSB-1988,0,1988,1.2,20.863636363636367,alarima01-1988
barklch01,45,8.9,198802220HOU-PHI,198802220HOU-HOU,PHI-1988,0,1988,400.5,43.472727272727276,barklch01-1988
gminsmi01,39,4.4,198802220HOU-PHI,198802220HOU-HOU,PHI-1988,0,1988,171.60000000000002,43.472727272727276,gminsmi01-1988
cheekma01,34,2.6,198802220HOU-PHI,198802220HOU-HOU,PHI-1988,0,1988,88.4,43.472727272727276,cheekma01-1988
wingada01,32,3.6,198802220HOU-PHI,198802220HOU-HOU,PHI-1988,0,1988,115.2,43.472727272727276,wingada01-1988
colembe01,22,-5.7,198802220HOU-PHI,198802220HOU-HOU,PHI-1988,0,1988,-125.4,43.472727272727276,colembe01-1988
thornbo01,18,-1.5,198802220HOU-PHI,198802220HOU-HOU,PHI-1988,0,1988,-27,43.472727272727276,thornbo01-1988
kingal01,17,-5.6,198802220HOU-PHI,198802220HOU-HOU,PHI-1988,0,1988,-95.19999999999999,43.472727272727276,kingal01-1988
toneyan01,14,-3.7,198802220HOU-PHI,198802220HOU-HOU,PHI-1988,0,1988,-51.800000000000004,43.472727272727276,toneyan01-1988
hendege01,14,0.4,198802220HOU-PHI,198802220HOU-HOU,PHI-1988,0,1988,5.6000000000000005,43.472727272727276,hendege01-1988
mcnamma01,4,-1.1,198802220HOU-PHI,198802220HOU-HOU,PHI-1988,0,1988,-4.4,43.472727272727276,mcnamma01-1988
vraneda01,1,0.7,198802220HOU-PHI,198802220HOU-HOU,PHI-1988,0,1988,0.7,43.472727272727276,vraneda01-1988
blackro01,39,7.6,198802250HOU-DAL,198802250HOU-HOU,DAL-1988,1,1988,296.4,52.46666666666667,blackro01-1988
perkisa01,38,-3.3,198802250HOU-DAL,198802250HOU-HOU,DAL-1988,1,1988,-125.39999999999999,52.46666666666667,perkisa01-1988
tarplro01,33,1.6,198802250HOU-DAL,198802250HOU-HOU,DAL-1988,1,1988,52.800000000000004,52.46666666666667,tarplro01-1988
harpede01,32,4.5,198802250HOU-DAL,198802250HOU-HOU,DAL-1988,1,1988,144,52.46666666666667,harpede01-1988
donalja01,30,-2.1,198802250HOU-DAL,198802250HOU-HOU,DAL-1988,1,1988,-63,52.46666666666667,donalja01-1988
aguirma01,26,3.2,198802250HOU-DAL,198802250HOU-HOU,DAL-1988,1,1988,83.2,52.46666666666667,aguirma01-1988
davisbr01,20,7,198802250HOU-DAL,198802250HOU-HOU,DAL-1988,1,1988,140,52.46666666666667,davisbr01-1988
schrede01,13,-2.7,198802250HOU-DAL,198802250HOU-HOU,DAL-1988,1,1988,-35.1,52.46666666666667,schrede01-1988
blabuw01,9,-2.3,198802250HOU-DAL,198802250HOU-HOU,DAL-1988,1,1988,-20.7,52.46666666666667,blabuw01-1988
floydsl01,46,9.8,198802260SAS-HOU,198802260SAS-SAS,HOU-1988,0,1988,450.8,40.972727272727276,floydsl01-1988
peterji01,41,-0.2,198802260SAS-HOU,198802260SAS-SAS,HOU-1988,0,1988,-8.200000000000001,40.972727272727276,peterji01-1988
olajuha01,35,-2,198802260SAS-HOU,198802260SAS-SAS,HOU-1988,0,1988,-70,40.972727272727276,olajuha01-1988
mccraro01,29,3.3,198802260SAS-HOU,198802260SAS-SAS,HOU-1988,0,1988,95.69999999999999,40.972727272727276,mccraro01-1988
shortpu01,27,0.1,198802260SAS-HOU,198802260SAS-SAS,HOU-1988,0,1988,2.7,40.972727272727276,shortpu01-1988
johnsbu01,17,3.1,198802260SAS-HOU,198802260SAS-SAS,HOU-1988,0,1988,52.7,40.972727272727276,johnsbu01-1988
reidro01,16,3,198802260SAS-HOU,198802260SAS-SAS,HOU-1988,0,1988,48,40.972727272727276,reidro01-1988
carrojo01,14,-7,198802260SAS-HOU,198802260SAS-SAS,HOU-1988,0,1988,-98,40.972727272727276,carrojo01-1988
freewo01,7,-1.8,198802260SAS-HOU,198802260SAS-SAS,HOU-1988,0,1988,-12.6,40.972727272727276,freewo01-1988
maxwece01,5,-2.5,198802260SAS-HOU,198802260SAS-SAS,HOU-1988,0,1988,-12.5,40.972727272727276,maxwece01-1988
connele01,3,0.7,198802260SAS-HOU,198802260SAS-SAS,HOU-1988,0,1988,2.0999999999999996,40.972727272727276,connele01-1988
berrywa01,39,-2.3,198802280HOU-SAS,198802280HOU-HOU,SAS-1988,0,1988,-89.69999999999999,-2.449999999999999,berrywa01-1988
andergr01,37,-1.7,198802280HOU-SAS,198802280HOU-HOU,SAS-1988,0,1988,-62.9,-2.449999999999999,andergr01-1988
myerspe01,31,3.3,198802280HOU-SAS,198802280HOU-HOU,SAS-1988,0,1988,102.3,-2.449999999999999,myerspe01-1988
dawkijo01,25,0.6,198802280HOU-SAS,198802280HOU-HOU,SAS-1988,0,1988,15,-2.449999999999999,dawkijo01-1988
greenda01,23,0.8,198802280HOU-SAS,198802280HOU-HOU,SAS-1988,0,1988,18.400000000000002,-2.449999999999999,greenda01-1988
roberal01,22,1,198802280HOU-SAS,198802280HOU-HOU,SAS-1988,0,1988,22,-2.449999999999999,roberal01-1988
gudmupe01,21,-0.4,198802280HOU-SAS,198802280HOU-HOU,SAS-1988,0,1988,-8.4,-2.449999999999999,gudmupe01-1988
mitchmi01,20,0,198802280HOU-SAS,198802280HOU-HOU,SAS-1988,0,1988,0,-2.449999999999999,mitchmi01-1988
sundvjo01,19,-1.1,198802280HOU-SAS,198802280HOU-HOU,SAS-1988,0,1988,-20.900000000000002,-2.449999999999999,sundvjo01-1988
nimphku01,3,-0.1,198802280HOU-SAS,198802280HOU-HOU,SAS-1988,0,1988,-0.30000000000000004,-2.449999999999999,nimphku01-1988
olajuha01,38,2.4,198803010UTA-HOU,198803010UTA-UTA,HOU-1988,0,1988,91.2,33.11818181818182,olajuha01-1988
mccraro01,35,5.8,198803010UTA-HOU,198803010UTA-UTA,HOU-1988,0,1988,203,33.11818181818182,mccraro01-1988
leaveal01,32,-4.1,198803010UTA-HOU,198803010UTA-UTA,HOU-1988,0,1988,-131.2,33.11818181818182,leaveal01-1988
shortpu01,28,5.3,198803010UTA-HOU,198803010UTA-UTA,HOU-1988,0,1988,148.4,33.11818181818182,shortpu01-1988
maxwece01,25,1.9,198803010UTA-HOU,198803010UTA-UTA,HOU-1988,0,1988,47.5,33.11818181818182,maxwece01-1988
connele01,17,2.1,198803010UTA-HOU,198803010UTA-UTA,HOU-1988,0,1988,35.7,33.11818181818182,connele01-1988
peterji01,17,0,198803010UTA-HOU,198803010UTA-UTA,HOU-1988,0,1988,0,33.11818181818182,peterji01-1988
reidro01,17,1.6,198803010UTA-HOU,198803010UTA-UTA,HOU-1988,0,1988,27.200000000000003,33.11818181818182,reidro01-1988
carrojo01,16,-3.5,198803010UTA-HOU,198803010UTA-UTA,HOU-1988,0,1988,-56,33.11818181818182,carrojo01-1988
johnsbu01,12,-0.7,198803010UTA-HOU,198803010UTA-UTA,HOU-1988,0,1988,-8.399999999999999,33.11818181818182,johnsbu01-1988
freewo01,3,2.3,198803010UTA-HOU,198803010UTA-UTA,HOU-1988,0,1988,6.8999999999999995,33.11818181818182,freewo01-1988
olajuha01,39,9,198803020GSW-HOU,198803020GSW-GSW,HOU-1988,1,1988,351,50.43636363636364,olajuha01-1988
peterji01,33,3.1,198803020GSW-HOU,198803020GSW-GSW,HOU-1988,1,1988,102.3,50.43636363636364,peterji01-1988
mccraro01,31,7,198803020GSW-HOU,198803020GSW-GSW,HOU-1988,1,1988,217,50.43636363636364,mccraro01-1988
connele01,24,5.2,198803020GSW-HOU,198803020GSW-GSW,HOU-1988,1,1988,124.80000000000001,50.43636363636364,connele01-1988
leaveal01,24,-4.3,198803020GSW-HOU,198803020GSW-GSW,HOU-1988,1,1988,-103.19999999999999,50.43636363636364,leaveal01-1988
shortpu01,20,-6.2,198803020GSW-HOU,198803020GSW-GSW,HOU-1988,1,1988,-124,50.43636363636364,shortpu01-1988
reidro01,18,6.9,198803020GSW-HOU,198803020GSW-GSW,HOU-1988,1,1988,124.2,50.43636363636364,reidro01-1988
carrojo01,18,-1.7,198803020GSW-HOU,198803020GSW-GSW,HOU-1988,1,1988,-30.599999999999998,50.43636363636364,carrojo01-1988
johnsbu01,17,-4.7,198803020GSW-HOU,198803020GSW-GSW,HOU-1988,1,1988,-79.9,50.43636363636364,johnsbu01-1988
freewo01,10,-1.6,198803020GSW-HOU,198803020GSW-GSW,HOU-1988,1,1988,-16,50.43636363636364,freewo01-1988
maxwece01,6,-1.8,198803020GSW-HOU,198803020GSW-GSW,HOU-1988,1,1988,-10.8,50.43636363636364,maxwece01-1988
olajuha01,43,3.7,198803040DAL-HOU,198803040DAL-DAL,HOU-1988,0,1988,159.1,24.95,olajuha01-1988
shortpu01,34,7.7,198803040DAL-HOU,198803040DAL-DAL,HOU-1988,0,1988,261.8,24.95,shortpu01-1988
mccraro01,32,-1.5,198803040DAL-HOU,198803040DAL-DAL,HOU-1988,0,1988,-48,24.95,mccraro01-1988
leaveal01,31,-0.4,198803040DAL-HOU,198803040DAL-DAL,HOU-1988,0,1988,-12.4,24.95,leaveal01-1988
peterji01,27,-0.9,198803040DAL-HOU,198803040DAL-DAL,HOU-1988,0,1988,-24.3,24.95,peterji01-1988
reidro01,27,0.4,198803040DAL-HOU,198803040DAL-DAL,HOU-1988,0,1988,10.8,24.95,reidro01-1988
carrojo01,20,-2.2,198803040DAL-HOU,198803040DAL-DAL,HOU-1988,0,1988,-44,24.95,carrojo01-1988
floydsl01,10,-2.2,198803040DAL-HOU,198803040DAL-DAL,HOU-1988,0,1988,-22,24.95,floydsl01-1988
connele01,7,1.1,198803040DAL-HOU,198803040DAL-DAL,HOU-1988,0,1988,7.700000000000001,24.95,connele01-1988
maxwece01,5,1.5,198803040DAL-HOU,198803040DAL-DAL,HOU-1988,0,1988,7.5,24.95,maxwece01-1988
johnsbu01,3,1,198803040DAL-HOU,198803040DAL-DAL,HOU-1988,0,1988,3,24.95,johnsbu01-1988
freewo01,1,0.2,198803040DAL-HOU,198803040DAL-DAL,HOU-1988,0,1988,0.2,24.95,freewo01-1988
theusre01,41,4.4,198803050HOU-SAC,198803050HOU-HOU,SAC-1988,0,1988,180.4,18.672727272727276,theusre01-1988
thorpot01,41,5.7,198803050HOU-SAC,198803050HOU-HOU,SAC-1988,0,1988,233.70000000000002,18.672727272727276,thorpot01-1988
thompla01,28,0.5,198803050HOU-SAC,198803050HOU-HOU,SAC-1988,0,1988,14,18.672727272727276,thompla01-1988
smithke01,27,-2.5,198803050HOU-SAC,198803050HOU-HOU,SAC-1988,0,1988,-67.5,18.672727272727276,smithke01-1988
smithde02,26,-1.7,198803050HOU-SAC,198803050HOU-HOU,SAC-1988,0,1988,-44.199999999999996,18.672727272727276,smithde02-1988
mcgeemi01,25,-4.4,198803050HOU-SAC,198803050HOU-HOU,SAC-1988,0,1988,-110.00000000000001,18.672727272727276,mcgeemi01-1988
oldhaja01,15,-1.2,198803050HOU-SAC,198803050HOU-HOU,SAC-1988,0,1988,-18,18.672727272727276,oldhaja01-1988
kleinjo01,12,0.8,198803050HOU-SAC,198803050HOU-HOU,SAC-1988,0,1988,9.600000000000001,18.672727272727276,kleinjo01-1988
pressha01,12,0.4,198803050HOU-SAC,198803050HOU-HOU,SAC-1988,0,1988,4.800000000000001,18.672727272727276,pressha01-1988
tylerte01,9,0.6,198803050HOU-SAC,198803050HOU-HOU,SAC-1988,0,1988,5.3999999999999995,18.672727272727276,tylerte01-1988
jacksmi02,4,-0.7,198803050HOU-SAC,198803050HOU-HOU,SAC-1988,0,1988,-2.8,18.672727272727276,jacksmi02-1988
peterji01,40,2.9,198803080DEN-HOU,198803080DEN-DEN,HOU-1988,1,1988,116,62.01,peterji01-1988
mccraro01,36,6.3,198803080DEN-HOU,198803080DEN-DEN,HOU-1988,1,1988,226.79999999999998,62.01,mccraro01-1988
floydsl01,30,7.8,198803080DEN-HOU,198803080DEN-DEN,HOU-1988,1,1988,234,62.01,floydsl01-1988
shortpu01,26,-0.4,198803080DEN-HOU,198803080DEN-DEN,HOU-1988,1,1988,-10.4,62.01,shortpu01-1988
olajuha01,23,9.6,198803080DEN-HOU,198803080DEN-DEN,HOU-1988,1,1988,220.79999999999998,62.01,olajuha01-1988
leaveal01,22,-4.1,198803080DEN-HOU,198803080DEN-DEN,HOU-1988,1,1988,-90.19999999999999,62.01,leaveal01-1988
carrojo01,19,-4.8,198803080DEN-HOU,198803080DEN-DEN,HOU-1988,1,1988,-91.2,62.01,carrojo01-1988
reidro01,18,-1.1,198803080DEN-HOU,198803080DEN-DEN,HOU-1988,1,1988,-19.8,62.01,reidro01-1988
maxwece01,15,2.2,198803080DEN-HOU,198803080DEN-DEN,HOU-1988,1,1988,33,62.01,maxwece01-1988
johnsbu01,11,0.1,198803080DEN-HOU,198803080DEN-DEN,HOU-1988,1,1988,1.1,62.01,johnsbu01-1988
drexlcl01,43,9.4,198803100HOU-POR,198803100HOU-HOU,POR-1988,1,1988,404.2,64.53,drexlcl01-1988
duckwke01,43,3.2,198803100HOU-POR,198803100HOU-HOU,POR-1988,1,1988,137.6,64.53,duckwke01-1988
kerseje01,39,3,198803100HOU-POR,198803100HOU-HOU,POR-1988,1,1988,117,64.53,kerseje01-1988
portete01,39,2.7,198803100HOU-POR,198803100HOU-HOU,POR-1988,1,1988,105.30000000000001,64.53,portete01-1988
jonesca01,24,-3.3,198803100HOU-POR,198803100HOU-HOU,POR-1988,1,1988,-79.19999999999999,64.53,jonesca01-1988
johnsst03,17,-4.7,198803100HOU-POR,198803100HOU-HOU,POR-1988,1,1988,-79.9,64.53,johnsst03-1988
anderri01,13,-0.7,198803100HOU-POR,198803100HOU-HOU,POR-1988,1,1988,-9.1,64.53,anderri01-1988
holtomi01,10,3.5,198803100HOU-POR,198803100HOU-HOU,POR-1988,1,1988,35,64.53,holtomi01-1988
lucasma01,8,2.2,198803100HOU-POR,198803100HOU-HOU,POR-1988,1,1988,17.6,64.53,lucasma01-1988
sichtje01,4,-0.8,198803100HOU-POR,198803100HOU-HOU,POR-1988,1,1988,-3.2,64.53,sichtje01-1988
feitlda01,28,1.4,198803130HOU-GSW,198803130HOU-HOU,GSW-1988,0,1988,39.199999999999996,-8.216666666666667,feitlda01-1988
smithot01,27,-0.6,198803130HOU-GSW,198803130HOU-HOU,GSW-1988,0,1988,-16.2,-8.216666666666667,smithot01-1988
teaglte01,26,-2.4,198803130HOU-GSW,198803130HOU-HOU,GSW-1988,0,1988,-62.4,-8.216666666666667,teaglte01-1988
higgiro01,23,0.8,198803130HOU-GSW,198803130HOU-HOU,GSW-1988,0,1988,18.400000000000002,-8.216666666666667,higgiro01-1988
mullich01,23,-3.2,198803130HOU-GSW,198803130HOU-HOU,GSW-1988,0,1988,-73.60000000000001,-8.216666666666667,mullich01-1988
harrist01,22,1.4,198803130HOU-GSW,198803130HOU-HOU,GSW-1988,0,1988,30.799999999999997,-8.216666666666667,harrist01-1988
garlawi01,19,-3.9,198803130HOU-GSW,198803130HOU-HOU,GSW-1988,0,1988,-74.1,-8.216666666666667,garlawi01-1988
frankte01,19,2.7,198803130HOU-GSW,198803130HOU-HOU,GSW-1988,0,1988,51.300000000000004,-8.216666666666667,frankte01-1988
mcdonbe01,18,-2,198803130HOU-GSW,198803130HOU-HOU,GSW-1988,0,1988,-36,-8.216666666666667,mcdonbe01-1988
hoppeda01,15,1.6,198803130HOU-GSW,198803130HOU-HOU,GSW-1988,0,1988,24,-8.216666666666667,hoppeda01-1988
whiteje01,15,-1.2,198803130HOU-GSW,198803130HOU-HOU,GSW-1988,0,1988,-18,-8.216666666666667,whiteje01-1988
whiteto01,5,3.6,198803130HOU-GSW,198803130HOU-HOU,GSW-1988,0,1988,18,-8.216666666666667,whiteto01-1988
benjabe01,43,2.3,198803150HOU-LAC,198803150HOU-HOU,LAC-1988,0,1988,98.89999999999999,24.822222222222223,benjabe01-1988
normake01,35,3.5,198803150HOU-LAC,198803150HOU-HOU,LAC-1988,0,1988,122.5,24.822222222222223,normake01-1988
woodsmi01,35,2.3,198803150HOU-LAC,198803150HOU-HOU,LAC-1988,0,1988,80.5,24.822222222222223,woodsmi01-1988
valenda01,31,0.7,198803150HOU-LAC,198803150HOU-HOU,LAC-1988,0,1988,21.7,24.822222222222223,valenda01-1988
drewla01,28,6.4,198803150HOU-LAC,198803150HOU-HOU,LAC-1988,0,1988,179.20000000000002,24.822222222222223,drewla01-1988
curetea01,26,-3.8,198803150HOU-LAC,198803150HOU-HOU,LAC-1988,0,1988,-98.8,24.822222222222223,curetea01-1988
kitegr01,26,-4.6,198803150HOU-LAC,198803150HOU-HOU,LAC-1988,0,1988,-119.6,24.822222222222223,kitegr01-1988
gregocl01,13,-4.6,198803150HOU-LAC,198803150HOU-HOU,LAC-1988,0,1988,-59.8,24.822222222222223,gregocl01-1988
willire01,3,-0.4,198803150HOU-LAC,198803150HOU-HOU,LAC-1988,0,1988,-1.2000000000000002,24.822222222222223,willire01-1988
chambto01,41,2.7,198803170HOU-SEA,198803170HOU-HOU,SEA-1988,0,1988,110.7,10.933333333333332,chambto01-1988
ellisda01,39,0.1,198803170HOU-SEA,198803170HOU-HOU,SEA-1988,0,1988,3.9000000000000004,10.933333333333332,ellisda01-1988
mcdanxa01,34,-0.8,198803170HOU-SEA,198803170HOU-HOU,SEA-1988,0,1988,-27.200000000000003,10.933333333333332,mcdanxa01-1988
mcmilna01,32,5.1,198803170HOU-SEA,198803170HOU-HOU,SEA-1988,0,1988,163.2,10.933333333333332,mcmilna01-1988
listeal01,23,-2.1,198803170HOU-SEA,198803170HOU-HOU,SEA-1988,0,1988,-48.300000000000004,10.933333333333332,listeal01-1988
mckeyde01,18,-3.7,198803170HOU-SEA,198803170HOU-HOU,SEA-1988,0,1988,-66.60000000000001,10.933333333333332,mckeyde01-1988
youngda01,15,-2.1,198803170HOU-SEA,198803170HOU-HOU,SEA-1988,0,1988,-31.5,10.933333333333332,youngda01-1988
polynol01,13,1.8,198803170HOU-SEA,198803170HOU-HOU,SEA-1988,0,1988,23.400000000000002,10.933333333333332,polynol01-1988
schoeru01,12,-1.2,198803170HOU-SEA,198803170HOU-HOU,SEA-1988,0,1988,-14.399999999999999,10.933333333333332,schoeru01-1988
johnscl01,8,0.8,198803170HOU-SEA,198803170HOU-HOU,SEA-1988,0,1988,6.4,10.933333333333332,johnscl01-1988
willike01,3,1,198803170HOU-SEA,198803170HOU-HOU,SEA-1988,0,1988,3,10.933333333333332,willike01-1988
threase01,2,4.3,198803170HOU-SEA,198803170HOU-HOU,SEA-1988,0,1988,8.6,10.933333333333332,threase01-1988
peterji01,40,-2.4,198803190SAC-HOU,198803190SAC-SAC,HOU-1988,0,1988,-96,-0.9249999999999969,peterji01-1988
mccraro01,37,-1.8,198803190SAC-HOU,198803190SAC-SAC,HOU-1988,0,1988,-66.60000000000001,-0.9249999999999969,mccraro01-1988
olajuha01,34,9.3,198803190SAC-HOU,198803190SAC-SAC,HOU-1988,0,1988,316.20000000000005,-0.9249999999999969,olajuha01-1988
floydsl01,31,-2.7,198803190SAC-HOU,198803190SAC-SAC,HOU-1988,0,1988,-83.7,-0.9249999999999969,floydsl01-1988
shortpu01,25,0.8,198803190SAC-HOU,198803190SAC-SAC,HOU-1988,0,1988,20,-0.9249999999999969,shortpu01-1988
reidro01,17,-3.2,198803190SAC-HOU,198803190SAC-SAC,HOU-1988,0,1988,-54.400000000000006,-0.9249999999999969,reidro01-1988
leaveal01,17,-3.3,198803190SAC-HOU,198803190SAC-SAC,HOU-1988,0,1988,-56.099999999999994,-0.9249999999999969,leaveal01-1988
carrojo01,14,-0.1,198803190SAC-HOU,198803190SAC-SAC,HOU-1988,0,1988,-1.4000000000000001,-0.9249999999999969,carrojo01-1988
johnsbu01,11,2.7,198803190SAC-HOU,198803190SAC-SAC,HOU-1988,0,1988,29.700000000000003,-0.9249999999999969,johnsbu01-1988
maxwece01,8,-2.1,198803190SAC-HOU,198803190SAC-SAC,HOU-1988,0,1988,-16.8,-0.9249999999999969,maxwece01-1988
freewo01,5,-0.5,198803190SAC-HOU,198803190SAC-SAC,HOU-1988,0,1988,-2.5,-0.9249999999999969,freewo01-1988
connele01,1,0.5,198803190SAC-HOU,198803190SAC-SAC,HOU-1988,0,1988,0.5,-0.9249999999999969,connele01-1988
carrojo01,34,3.2,198803220LAL-HOU,198803220LAL-LAL,HOU-1988,0,1988,108.80000000000001,1.6500000000000008,carrojo01-1988
mccraro01,31,0.9,198803220LAL-HOU,198803220LAL-LAL,HOU-1988,0,1988,27.900000000000002,1.6500000000000008,mccraro01-1988
olajuha01,28,-0.2,198803220LAL-HOU,198803220LAL-LAL,HOU-1988,0,1988,-5.6000000000000005,1.6500000000000008,olajuha01-1988
reidro01,25,0,198803220LAL-HOU,198803220LAL-LAL,HOU-1988,0,1988,0,1.6500000000000008,reidro01-1988
leaveal01,25,0,198803220LAL-HOU,198803220LAL-LAL,HOU-1988,0,1988,0,1.6500000000000008,leaveal01-1988
shortpu01,24,-1.3,198803220LAL-HOU,198803220LAL-LAL,HOU-1988,0,1988,-31.200000000000003,1.6500000000000008,shortpu01-1988
maxwece01,20,-1.7,198803220LAL-HOU,198803220LAL-LAL,HOU-1988,0,1988,-34,1.6500000000000008,maxwece01-1988
floydsl01,16,-1.7,198803220LAL-HOU,198803220LAL-LAL,HOU-1988,0,1988,-27.2,1.6500000000000008,floydsl01-1988
peterji01,14,-0.7,198803220LAL-HOU,198803220LAL-LAL,HOU-1988,0,1988,-9.799999999999999,1.6500000000000008,peterji01-1988
johnsbu01,11,-2.1,198803220LAL-HOU,198803220LAL-LAL,HOU-1988,0,1988,-23.1,1.6500000000000008,johnsbu01-1988
connele01,7,4.5,198803220LAL-HOU,198803220LAL-LAL,HOU-1988,0,1988,31.5,1.6500000000000008,connele01-1988
freewo01,5,-3.5,198803220LAL-HOU,198803220LAL-LAL,HOU-1988,0,1988,-17.5,1.6500000000000008,freewo01-1988
newmajo01,35,-1.4,198803240HOU-NYK,198803240HOU-HOU,NYK-1988,0,1988,-49,6.010000000000002,newmajo01-1988
jacksma01,32,5.9,198803240HOU-NYK,198803240HOU-HOU,NYK-1988,0,1988,188.8,6.010000000000002,jacksma01-1988
wilkige01,31,0.5,198803240HOU-NYK,198803240HOU-HOU,NYK-1988,0,1988,15.5,6.010000000000002,wilkige01-1988
walkeke01,29,-0.1,198803240HOU-NYK,198803240HOU-HOU,NYK-1988,0,1988,-2.9000000000000004,6.010000000000002,walkeke01-1988
ewingpa01,27,0.2,198803240HOU-NYK,198803240HOU-HOU,NYK-1988,0,1988,5.4,6.010000000000002,ewingpa01-1988
greensi02,24,-3.3,198803240HOU-NYK,198803240HOU-HOU,NYK-1988,0,1988,-79.19999999999999,6.010000000000002,greensi02-1988
cartwbi01,21,0.9,198803240HOU-NYK,198803240HOU-HOU,NYK-1988,0,1988,18.900000000000002,6.010000000000002,cartwbi01-1988
tucketr01,18,-5.9,198803240HOU-NYK,198803240HOU-HOU,NYK-1988,0,1988,-106.2,6.010000000000002,tucketr01-1988
toneyse01,16,4.3,198803240HOU-NYK,198803240HOU-HOU,NYK-1988,0,1988,68.8,6.010000000000002,toneyse01-1988
cummipa01,7,0,198803240HOU-NYK,198803240HOU-HOU,NYK-1988,0,1988,0,6.010000000000002,cummipa01-1988
drexlcl01,44,10.7,198803260HOU-POR,198803260HOU-HOU,POR-1988,0,1988,470.79999999999995,49.849999999999994,drexlcl01-1988
duckwke01,38,-1.8,198803260HOU-POR,198803260HOU-HOU,POR-1988,0,1988,-68.4,49.849999999999994,duckwke01-1988
portete01,36,6.4,198803260HOU-POR,198803260HOU-HOU,POR-1988,0,1988,230.4,49.849999999999994,portete01-1988
kerseje01,35,-0.3,198803260HOU-POR,198803260HOU-HOU,POR-1988,0,1988,-10.5,49.849999999999994,kerseje01-1988
lucasma01,23,-2.4,198803260HOU-POR,198803260HOU-HOU,POR-1988,0,1988,-55.199999999999996,49.849999999999994,lucasma01-1988
johnsst03,21,-3,198803260HOU-POR,198803260HOU-HOU,POR-1988,0,1988,-63,49.849999999999994,johnsst03-1988
jonesca01,13,-0.7,198803260HOU-POR,198803260HOU-HOU,POR-1988,0,1988,-9.1,49.849999999999994,jonesca01-1988
anderri01,13,1.9,198803260HOU-POR,198803260HOU-HOU,POR-1988,0,1988,24.7,49.849999999999994,anderri01-1988
holtomi01,11,-2.2,198803260HOU-POR,198803260HOU-HOU,POR-1988,0,1988,-24.200000000000003,49.849999999999994,holtomi01-1988
sichtje01,6,0.5,198803260HOU-POR,198803260HOU-HOU,POR-1988,0,1988,3,49.849999999999994,sichtje01-1988
carrojo01,41,4.9,198803280PHI-HOU,198803280PHI-PHI,HOU-1988,0,1988,200.9,9.354545454545454,carrojo01-1988
mccraro01,33,-0.6,198803280PHI-HOU,198803280PHI-PHI,HOU-1988,0,1988,-19.8,9.354545454545454,mccraro01-1988
peterji01,26,-2.2,198803280PHI-HOU,198803280PHI-PHI,HOU-1988,0,1988,-57.2,9.354545454545454,peterji01-1988
shortpu01,24,1.9,198803280PHI-HOU,198803280PHI-PHI,HOU-1988,0,1988,45.599999999999994,9.354545454545454,shortpu01-1988
floydsl01,23,-5.1,198803280PHI-HOU,198803280PHI-PHI,HOU-1988,0,1988,-117.3,9.354545454545454,floydsl01-1988
johnsbu01,22,4.8,198803280PHI-HOU,198803280PHI-PHI,HOU-1988,0,1988,105.6,9.354545454545454,johnsbu01-1988
leaveal01,22,0.3,198803280PHI-HOU,198803280PHI-PHI,HOU-1988,0,1988,6.6,9.354545454545454,leaveal01-1988
maxwece01,20,-0.8,198803280PHI-HOU,198803280PHI-PHI,HOU-1988,0,1988,-16,9.354545454545454,maxwece01-1988
reidro01,17,-2.8,198803280PHI-HOU,198803280PHI-PHI,HOU-1988,0,1988,-47.599999999999994,9.354545454545454,reidro01-1988
freewo01,9,0,198803280PHI-HOU,198803280PHI-PHI,HOU-1988,0,1988,0,9.354545454545454,freewo01-1988
connele01,3,0.7,198803280PHI-HOU,198803280PHI-PHI,HOU-1988,0,1988,2.0999999999999996,9.354545454545454,connele01-1988
carrojo01,37,-1.4,198803300BOS-HOU,198803300BOS-BOS,HOU-1988,0,1988,-51.8,12.463636363636365,carrojo01-1988
peterji01,37,0.3,198803300BOS-HOU,198803300BOS-BOS,HOU-1988,0,1988,11.1,12.463636363636365,peterji01-1988
mccraro01,36,1,198803300BOS-HOU,198803300BOS-BOS,HOU-1988,0,1988,36,12.463636363636365,mccraro01-1988
floydsl01,25,2.6,198803300BOS-HOU,198803300BOS-BOS,HOU-1988,0,1988,65,12.463636363636365,floydsl01-1988
reidro01,23,-0.2,198803300BOS-HOU,198803300BOS-BOS,HOU-1988,0,1988,-4.6000000000000005,12.463636363636365,reidro01-1988
shortpu01,22,-1.5,198803300BOS-HOU,198803300BOS-BOS,HOU-1988,0,1988,-33,12.463636363636365,shortpu01-1988
leaveal01,21,1.6,198803300BOS-HOU,198803300BOS-BOS,HOU-1988,0,1988,33.6,12.463636363636365,leaveal01-1988
johnsbu01,20,3.5,198803300BOS-HOU,198803300BOS-BOS,HOU-1988,0,1988,70,12.463636363636365,johnsbu01-1988
maxwece01,13,0.7,198803300BOS-HOU,198803300BOS-BOS,HOU-1988,0,1988,9.1,12.463636363636365,maxwece01-1988
freewo01,5,0.1,198803300BOS-HOU,198803300BOS-BOS,HOU-1988,0,1988,0.5,12.463636363636365,freewo01-1988
connele01,1,1.2,198803300BOS-HOU,198803300BOS-BOS,HOU-1988,0,1988,1.2,12.463636363636365,connele01-1988
maxwece01,42,16.3,198803310IND-HOU,198803310IND-IND,HOU-1988,1,1988,684.6,62.96,maxwece01-1988
carrojo01,39,4.6,198803310IND-HOU,198803310IND-IND,HOU-1988,1,1988,179.39999999999998,62.96,carrojo01-1988
mccraro01,33,-1.2,198803310IND-HOU,198803310IND-IND,HOU-1988,1,1988,-39.6,62.96,mccraro01-1988
floydsl01,30,-6,198803310IND-HOU,198803310IND-IND,HOU-1988,1,1988,-180,62.96,floydsl01-1988
reidro01,27,-0.1,198803310IND-HOU,198803310IND-IND,HOU-1988,1,1988,-2.7,62.96,reidro01-1988
leaveal01,19,6.5,198803310IND-HOU,198803310IND-IND,HOU-1988,1,1988,123.5,62.96,leaveal01-1988
shortpu01,17,-5.1,198803310IND-HOU,198803310IND-IND,HOU-1988,1,1988,-86.69999999999999,62.96,shortpu01-1988
johnsbu01,15,-1.1,198803310IND-HOU,198803310IND-IND,HOU-1988,1,1988,-16.5,62.96,johnsbu01-1988
peterji01,14,-1.6,198803310IND-HOU,198803310IND-IND,HOU-1988,1,1988,-22.400000000000002,62.96,peterji01-1988
freewo01,4,-2.5,198803310IND-HOU,198803310IND-IND,HOU-1988,1,1988,-10,62.96,freewo01-1988
olajuha01,35,11.3,198804020NYK-HOU,198804020NYK-NYK,HOU-1988,0,1988,395.5,36.39,olajuha01-1988
mccraro01,34,-3.6,198804020NYK-HOU,198804020NYK-NYK,HOU-1988,0,1988,-122.4,36.39,mccraro01-1988
carrojo01,28,2.4,198804020NYK-HOU,198804020NYK-NYK,HOU-1988,0,1988,67.2,36.39,carrojo01-1988
leaveal01,28,2.7,198804020NYK-HOU,198804020NYK-NYK,HOU-1988,0,1988,75.60000000000001,36.39,leaveal01-1988
reidro01,26,2.6,198804020NYK-HOU,198804020NYK-NYK,HOU-1988,0,1988,67.60000000000001,36.39,reidro01-1988
shortpu01,23,-4.1,198804020NYK-HOU,198804020NYK-NYK,HOU-1988,0,1988,-94.3,36.39,shortpu01-1988
floydsl01,20,2.4,198804020NYK-HOU,198804020NYK-NYK,HOU-1988,0,1988,48,36.39,floydsl01-1988
peterji01,19,-0.2,198804020NYK-HOU,198804020NYK-NYK,HOU-1988,0,1988,-3.8000000000000003,36.39,peterji01-1988
maxwece01,14,-0.6,198804020NYK-HOU,198804020NYK-NYK,HOU-1988,0,1988,-8.4,36.39,maxwece01-1988
johnsbu01,13,-4.7,198804020NYK-HOU,198804020NYK-NYK,HOU-1988,0,1988,-61.1,36.39,johnsbu01-1988
adamsmi01,46,4.4,198804050HOU-DEN,198804050HOU-HOU,DEN-1988,1,1988,202.4,84.37777777777778,adamsmi01-1988
leverfa01,44,10.3,198804050HOU-DEN,198804050HOU-HOU,DEN-1988,1,1988,453.20000000000005,84.37777777777778,leverfa01-1988
schayda01,41,2.8,198804050HOU-DEN,198804050HOU-HOU,DEN-1988,1,1988,114.8,84.37777777777778,schayda01-1988
englial01,40,-3.6,198804050HOU-DEN,198804050HOU-HOU,DEN-1988,1,1988,-144,84.37777777777778,englial01-1988
vinceja01,24,4.7,198804050HOU-DEN,198804050HOU-HOU,DEN-1988,1,1988,112.80000000000001,84.37777777777778,vinceja01-1988
rasmubl01,21,0.2,198804050HOU-DEN,198804050HOU-HOU,DEN-1988,1,1988,4.2,84.37777777777778,rasmubl01-1988
coopewa01,8,-0.7,198804050HOU-DEN,198804050HOU-HOU,DEN-1988,1,1988,-5.6,84.37777777777778,coopewa01-1988
dunntr01,8,0.6,198804050HOU-DEN,198804050HOU-HOU,DEN-1988,1,1988,4.8,84.37777777777778,dunntr01-1988
hanzlbi01,8,2.1,198804050HOU-DEN,198804050HOU-HOU,DEN-1988,1,1988,16.8,84.37777777777778,hanzlbi01-1988
stockjo01,46,0.8,198804070HOU-UTA,198804070HOU-HOU,UTA-1988,0,1988,36.800000000000004,34.04545454545455,stockjo01-1988
eatonma01,41,5.1,198804070HOU-UTA,198804070HOU-HOU,UTA-1988,0,1988,209.1,34.04545454545455,eatonma01-1988
malonka01,40,0.1,198804070HOU-UTA,198804070HOU-HOU,UTA-1988,0,1988,4,34.04545454545455,malonka01-1988
hansebo01,36,0.7,198804070HOU-UTA,198804070HOU-HOU,UTA-1988,0,1988,25.2,34.04545454545455,hansebo01-1988
baileth01,30,3,198804070HOU-UTA,198804070HOU-HOU,UTA-1988,0,1988,90,34.04545454545455,baileth01-1988
iavarma01,22,0.6,198804070HOU-UTA,198804070HOU-HOU,UTA-1988,0,1988,13.2,34.04545454545455,iavarma01-1988
tripuke01,7,0.9,198804070HOU-UTA,198804070HOU-HOU,UTA-1988,0,1988,6.3,34.04545454545455,tripuke01-1988
turpime01,7,0.8,198804070HOU-UTA,198804070HOU-HOU,UTA-1988,0,1988,5.6000000000000005,34.04545454545455,turpime01-1988
rothsc01,5,-2.1,198804070HOU-UTA,198804070HOU-HOU,UTA-1988,0,1988,-10.5,34.04545454545455,rothsc01-1988
greenri01,4,-1.8,198804070HOU-UTA,198804070HOU-HOU,UTA-1988,0,1988,-7.2,34.04545454545455,greenri01-1988
hugheed01,2,1,198804070HOU-UTA,198804070HOU-HOU,UTA-1988,0,1988,2,34.04545454545455,hugheed01-1988
carrojo01,40,1,198804090SEA-HOU,198804090SEA-SEA,HOU-1988,1,1988,40,28.42727272727273,carrojo01-1988
floydsl01,35,-1.8,198804090SEA-HOU,198804090SEA-SEA,HOU-1988,1,1988,-63,28.42727272727273,floydsl01-1988
olajuha01,35,5.4,198804090SEA-HOU,198804090SEA-SEA,HOU-1988,1,1988,189,28.42727272727273,olajuha01-1988
mccraro01,28,4.8,198804090SEA-HOU,198804090SEA-SEA,HOU-1988,1,1988,134.4,28.42727272727273,mccraro01-1988
shortpu01,24,-0.7,198804090SEA-HOU,198804090SEA-SEA,HOU-1988,1,1988,-16.799999999999997,28.42727272727273,shortpu01-1988
reidro01,22,-1.2,198804090SEA-HOU,198804090SEA-SEA,HOU-1988,1,1988,-26.4,28.42727272727273,reidro01-1988
johnsbu01,20,-1.9,198804090SEA-HOU,198804090SEA-SEA,HOU-1988,1,1988,-38,28.42727272727273,johnsbu01-1988
leaveal01,14,6,198804090SEA-HOU,198804090SEA-SEA,HOU-1988,1,1988,84,28.42727272727273,leaveal01-1988
peterji01,11,1,198804090SEA-HOU,198804090SEA-SEA,HOU-1988,1,1988,11,28.42727272727273,peterji01-1988
maxwece01,9,-0.3,198804090SEA-HOU,198804090SEA-SEA,HOU-1988,1,1988,-2.6999999999999997,28.42727272727273,maxwece01-1988
freewo01,2,0.6,198804090SEA-HOU,198804090SEA-SEA,HOU-1988,1,1988,1.2,28.42727272727273,freewo01-1988
mccraro01,28,0.5,198804100LAC-HOU,198804100LAC-LAC,HOU-1988,0,1988,14,-4.066666666666666,mccraro01-1988
olajuha01,28,-0.5,198804100LAC-HOU,198804100LAC-LAC,HOU-1988,0,1988,-14,-4.066666666666666,olajuha01-1988
johnsbu01,26,4.2,198804100LAC-HOU,198804100LAC-LAC,HOU-1988,0,1988,109.2,-4.066666666666666,johnsbu01-1988
maxwece01,25,1.4,198804100LAC-HOU,198804100LAC-LAC,HOU-1988,0,1988,35,-4.066666666666666,maxwece01-1988
carrojo01,23,3,198804100LAC-HOU,198804100LAC-LAC,HOU-1988,0,1988,69,-4.066666666666666,carrojo01-1988
shortpu01,23,-3.9,198804100LAC-HOU,198804100LAC-LAC,HOU-1988,0,1988,-89.7,-4.066666666666666,shortpu01-1988
floydsl01,18,-6.1,198804100LAC-HOU,198804100LAC-LAC,HOU-1988,0,1988,-109.8,-4.066666666666666,floydsl01-1988
reidro01,18,-0.7,198804100LAC-HOU,198804100LAC-LAC,HOU-1988,0,1988,-12.6,-4.066666666666666,reidro01-1988
leaveal01,16,-3.3,198804100LAC-HOU,198804100LAC-LAC,HOU-1988,0,1988,-52.8,-4.066666666666666,leaveal01-1988
freewo01,15,-3.1,198804100LAC-HOU,198804100LAC-LAC,HOU-1988,0,1988,-46.5,-4.066666666666666,freewo01-1988
connele01,14,3.1,198804100LAC-HOU,198804100LAC-LAC,HOU-1988,0,1988,43.4,-4.066666666666666,connele01-1988
peterji01,6,1,198804100LAC-HOU,198804100LAC-LAC,HOU-1988,0,1988,6,-4.066666666666666,peterji01-1988
olajuha01,38,-1.9,198804120SAS-HOU,198804120SAS-SAS,HOU-1988,0,1988,-72.2,11.52,olajuha01-1988
mccraro01,37,8.6,198804120SAS-HOU,198804120SAS-SAS,HOU-1988,0,1988,318.2,11.52,mccraro01-1988
carrojo01,29,-2.9,198804120SAS-HOU,198804120SAS-SAS,HOU-1988,0,1988,-84.1,11.52,carrojo01-1988
reidro01,29,1,198804120SAS-HOU,198804120SAS-SAS,HOU-1988,0,1988,29,11.52,reidro01-1988
floydsl01,28,-5.7,198804120SAS-HOU,198804120SAS-SAS,HOU-1988,0,1988,-159.6,11.52,floydsl01-1988
leaveal01,20,1.6,198804120SAS-HOU,198804120SAS-SAS,HOU-1988,0,1988,32,11.52,leaveal01-1988
shortpu01,20,-0.3,198804120SAS-HOU,198804120SAS-SAS,HOU-1988,0,1988,-6,11.52,shortpu01-1988
johnsbu01,19,0.5,198804120SAS-HOU,198804120SAS-SAS,HOU-1988,0,1988,9.5,11.52,johnsbu01-1988
peterji01,16,3.3,198804120SAS-HOU,198804120SAS-SAS,HOU-1988,0,1988,52.8,11.52,peterji01-1988
maxwece01,4,-1.1,198804120SAS-HOU,198804120SAS-SAS,HOU-1988,0,1988,-4.4,11.52,maxwece01-1988
kleinjo01,40,1.6,198804140HOU-SAC,198804140HOU-HOU,SAC-1988,0,1988,64,-8.499999999999998,kleinjo01-1988
pressha01,38,3.3,198804140HOU-SAC,198804140HOU-HOU,SAC-1988,0,1988,125.39999999999999,-8.499999999999998,pressha01-1988
thorpot01,33,-2.3,198804140HOU-SAC,198804140HOU-HOU,SAC-1988,0,1988,-75.89999999999999,-8.499999999999998,thorpot01-1988
theusre01,31,-5.8,198804140HOU-SAC,198804140HOU-HOU,SAC-1988,0,1988,-179.79999999999998,-8.499999999999998,theusre01-1988
tylerte01,31,-3.7,198804140HOU-SAC,198804140HOU-HOU,SAC-1988,0,1988,-114.7,-8.499999999999998,tylerte01-1988
henryco01,24,3.3,198804140HOU-SAC,198804140HOU-HOU,SAC-1988,0,1988,79.19999999999999,-8.499999999999998,henryco01-1988
pincked01,19,4.3,198804140HOU-SAC,198804140HOU-HOU,SAC-1988,0,1988,81.7,-8.499999999999998,pincked01-1988
jacksmi02,17,-3.4,198804140HOU-SAC,198804140HOU-HOU,SAC-1988,0,1988,-57.8,-8.499999999999998,jacksmi02-1988
nesslma01,7,0.2,198804140HOU-SAC,198804140HOU-HOU,SAC-1988,0,1988,1.4000000000000001,-8.499999999999998,nesslma01-1988
olajuha01,32,-0.7,198804150DEN-HOU,198804150DEN-DEN,HOU-1988,0,1988,-22.4,27.84,olajuha01-1988
mccraro01,31,4,198804150DEN-HOU,198804150DEN-DEN,HOU-1988,0,1988,124,27.84,mccraro01-1988
reidro01,25,2.7,198804150DEN-HOU,198804150DEN-DEN,HOU-1988,0,1988,67.5,27.84,reidro01-1988
leaveal01,25,6.2,198804150DEN-HOU,198804150DEN-DEN,HOU-1988,0,1988,155,27.84,leaveal01-1988
carrojo01,24,0.1,198804150DEN-HOU,198804150DEN-DEN,HOU-1988,0,1988,2.4000000000000004,27.84,carrojo01-1988
floydsl01,24,-0.1,198804150DEN-HOU,198804150DEN-DEN,HOU-1988,0,1988,-2.4000000000000004,27.84,floydsl01-1988
shortpu01,22,-1.3,198804150DEN-HOU,198804150DEN-DEN,HOU-1988,0,1988,-28.6,27.84,shortpu01-1988
maxwece01,21,2.1,198804150DEN-HOU,198804150DEN-DEN,HOU-1988,0,1988,44.1,27.84,maxwece01-1988
johnsbu01,20,-1.3,198804150DEN-HOU,198804150DEN-DEN,HOU-1988,0,1988,-26,27.84,johnsbu01-1988
peterji01,16,-2.2,198804150DEN-HOU,198804150DEN-DEN,HOU-1988,0,1988,-35.2,27.84,peterji01-1988
johnsma02,41,3.7,198804170HOU-LAL,198804170HOU-HOU,LAL-1988,0,1988,151.70000000000002,18.610000000000003,johnsma02-1988
worthja01,38,-9,198804170HOU-LAL,198804170HOU-HOU,LAL-1988,0,1988,-342,18.610000000000003,worthja01-1988
scottby01,36,1.9,198804170HOU-LAL,198804170HOU-HOU,LAL-1988,0,1988,68.39999999999999,18.610000000000003,scottby01-1988
abdulka01,28,2.7,198804170HOU-LAL,198804170HOU-HOU,LAL-1988,0,1988,75.60000000000001,18.610000000000003,abdulka01-1988
thompmy01,27,6.3,198804170HOU-LAL,198804170HOU-HOU,LAL-1988,0,1988,170.1,18.610000000000003,thompmy01-1988
greenac01,19,1.7,198804170HOU-LAL,198804170HOU-HOU,LAL-1988,0,1988,32.3,18.610000000000003,greenac01-1988
coopemi01,17,-1.9,198804170HOU-LAL,198804170HOU-HOU,LAL-1988,0,1988,-32.3,18.610000000000003,coopemi01-1988
rambiku01,15,1.7,198804170HOU-LAL,198804170HOU-HOU,LAL-1988,0,1988,25.5,18.610000000000003,rambiku01-1988
campbto01,14,2.7,198804170HOU-LAL,198804170HOU-HOU,LAL-1988,0,1988,37.800000000000004,18.610000000000003,campbto01-1988
smrekmi01,5,-0.2,198804170HOU-LAL,198804170HOU-HOU,LAL-1988,0,1988,-1,18.610000000000003,smrekmi01-1988
blackro01,41,9.8,198804190HOU-DAL,198804190HOU-HOU,DAL-1988,1,1988,401.8,83.53333333333333,blackro01-1988
harpede01,39,2.4,198804190HOU-DAL,198804190HOU-HOU,DAL-1988,1,1988,93.6,83.53333333333333,harpede01-1988
donalja01,37,4.2,198804190HOU-DAL,198804190HOU-HOU,DAL-1988,1,1988,155.4,83.53333333333333,donalja01-1988
perkisa01,34,-1.1,198804190HOU-DAL,198804190HOU-HOU,DAL-1988,1,1988,-37.400000000000006,83.53333333333333,perkisa01-1988
aguirma01,33,4.1,198804190HOU-DAL,198804190HOU-HOU,DAL-1988,1,1988,135.29999999999998,83.53333333333333,aguirma01-1988
tarplro01,25,1,198804190HOU-DAL,198804190HOU-HOU,DAL-1988,1,1988,25,83.53333333333333,tarplro01-1988
schrede01,18,0.3,198804190HOU-DAL,198804190HOU-HOU,DAL-1988,1,1988,5.3999999999999995,83.53333333333333,schrede01-1988
davisbr01,12,-2.2,198804190HOU-DAL,198804190HOU-HOU,DAL-1988,1,1988,-26.400000000000002,83.53333333333333,davisbr01-1988
farmeji01,1,-0.9,198804190HOU-DAL,198804190HOU-HOU,DAL-1988,1,1988,-0.9,83.53333333333333,farmeji01-1988
roberal01,31,7.4,198804210HOU-SAS,198804210HOU-HOU,SAS-1988,1,1988,229.4,19.725,roberal01-1988
andergr01,30,3.7,198804210HOU-SAS,198804210HOU-HOU,SAS-1988,1,1988,111,19.725,andergr01-1988
wilsori02,30,-1,198804210HOU-SAS,198804210HOU-HOU,SAS-1988,1,1988,-30,19.725,wilsori02-1988
sundvjo01,27,-5.2,198804210HOU-SAS,198804210HOU-HOU,SAS-1988,1,1988,-140.4,19.725,sundvjo01-1988
brickfr01,25,8.1,198804210HOU-SAS,198804210HOU-HOU,SAS-1988,1,1988,202.5,19.725,brickfr01-1988
mitchmi01,25,2.1,198804210HOU-SAS,198804210HOU-HOU,SAS-1988,1,1988,52.5,19.725,mitchmi01-1988
gudmupe01,21,-1.1,198804210HOU-SAS,198804210HOU-HOU,SAS-1988,1,1988,-23.1,19.725,gudmupe01-1988
berrywa01,20,-7.4,198804210HOU-SAS,198804210HOU-HOU,SAS-1988,1,1988,-148,19.725,berrywa01-1988
nimphku01,13,-2.3,198804210HOU-SAS,198804210HOU-HOU,SAS-1988,1,1988,-29.9,19.725,nimphku01-1988
zevenph01,9,-0.1,198804210HOU-SAS,198804210HOU-HOU,SAS-1988,1,1988,-0.9,19.725,zevenph01-1988
rellfri01,8,1.7,198804210HOU-SAS,198804210HOU-HOU,SAS-1988,1,1988,13.6,19.725,rellfri01-1988
nealyed01,1,0,198804210HOU-SAS,198804210HOU-HOU,SAS-1988,1,1988,0,19.725,nealyed01-1988
peterji01,31,3.2,198804230UTA-HOU,198804230UTA-UTA,HOU-1988,0,1988,99.2,13.19166666666667,peterji01-1988
carrojo01,30,3.5,198804230UTA-HOU,198804230UTA-UTA,HOU-1988,0,1988,105,13.19166666666667,carrojo01-1988
olajuha01,29,5.9,198804230UTA-HOU,198804230UTA-UTA,HOU-1988,0,1988,171.10000000000002,13.19166666666667,olajuha01-1988
mccraro01,28,-2.3,198804230UTA-HOU,198804230UTA-UTA,HOU-1988,0,1988,-64.39999999999999,13.19166666666667,mccraro01-1988
floydsl01,27,-3,198804230UTA-HOU,198804230UTA-UTA,HOU-1988,0,1988,-81,13.19166666666667,floydsl01-1988
johnsbu01,24,-2.9,198804230UTA-HOU,198804230UTA-UTA,HOU-1988,0,1988,-69.6,13.19166666666667,johnsbu01-1988
reidro01,21,3.2,198804230UTA-HOU,198804230UTA-UTA,HOU-1988,0,1988,67.2,13.19166666666667,reidro01-1988
leaveal01,20,-0.4,198804230UTA-HOU,198804230UTA-UTA,HOU-1988,0,1988,-8,13.19166666666667,leaveal01-1988
freewo01,12,-3.6,198804230UTA-HOU,198804230UTA-UTA,HOU-1988,0,1988,-43.2,13.19166666666667,freewo01-1988
shortpu01,10,-1,198804230UTA-HOU,198804230UTA-UTA,HOU-1988,0,1988,-10,13.19166666666667,shortpu01-1988
connele01,6,-1.6,198804230UTA-HOU,198804230UTA-UTA,HOU-1988,0,1988,-9.600000000000001,13.19166666666667,connele01-1988
maxwece01,2,0.8,198804230UTA-HOU,198804230UTA-UTA,HOU-1988,0,1988,1.6,13.19166666666667,maxwece01-1988
hornaje01,36,-2,198804240HOU-PHO,198804240HOU-HOU,PHO-1988,0,1988,-72,9.639999999999999,hornaje01-1988
daviswa03,31,4.8,198804240HOU-PHO,198804240HOU-HOU,PHO-1988,0,1988,148.79999999999998,9.639999999999999,daviswa03-1988
gilliar01,31,-3.5,198804240HOU-PHO,198804240HOU-HOU,PHO-1988,0,1988,-108.5,9.639999999999999,gilliar01-1988
johnsed03,30,0.1,198804240HOU-PHO,198804240HOU-HOU,PHO-1988,0,1988,3,9.639999999999999,johnsed03-1988
hodgecr01,30,3.1,198804240HOU-PHO,198804240HOU-HOU,PHO-1988,0,1988,93,9.639999999999999,hodgecr01-1988
adamsal01,25,0.9,198804240HOU-PHO,198804240HOU-HOU,PHO-1988,0,1988,22.5,9.639999999999999,adamsal01-1988
corbity01,20,7.1,198804240HOU-PHO,198804240HOU-HOU,PHO-1988,0,1988,142,9.639999999999999,corbity01-1988
westma01,19,-6.8,198804240HOU-PHO,198804240HOU-HOU,PHO-1988,0,1988,-129.2,9.639999999999999,westma01-1988
baileja01,10,0.8,198804240HOU-PHO,198804240HOU-HOU,PHO-1988,0,1988,8,9.639999999999999,baileja01-1988
critewi01,8,-1.4,198804240HOU-PHO,198804240HOU-HOU,PHO-1988,0,1988,-11.2,9.639999999999999,critewi01-1988
