player,min,VORP,id,opp_id,season_id,win,year,adj_VORP,avg_VORP,link
hughela01,39.93333333333333,-5.3,200010310GSW-GSW,200010310GSW-PHO,GSW-2001,1,2001,-211.64666666666665,10.790166666666668,hughela01-2001
blaylmo01,35.21666666666667,-3,200010310GSW-GSW,200010310GSW-PHO,GSW-2001,1,2001,-105.65,10.790166666666668,blaylmo01-2001
millsch01,33.583333333333336,6.6,200010310GSW-GSW,200010310GSW-PHO,GSW-2001,1,2001,221.65,10.790166666666668,millsch01-2001
fortsda01,31.233333333333334,5.3,200010310GSW-GSW,200010310GSW-PHO,GSW-2001,1,2001,165.53666666666666,10.790166666666668,fortsda01-2001
dampier01,30.45,1.4,200010310GSW-GSW,200010310GSW-PHO,GSW-2001,1,2001,42.629999999999995,10.790166666666668,dampier01-2001
jamisan01,28.166666666666668,-2.2,200010310GSW-GSW,200010310GSW-PHO,GSW-2001,1,2001,-61.966666666666676,10.790166666666668,jamisan01-2001
foylead01,14.466666666666667,4.2,200010310GSW-GSW,200010310GSW-PHO,GSW-2001,1,2001,60.760000000000005,10.790166666666668,foylead01-2001
cummivo01,12.866666666666667,-1.2,200010310GSW-GSW,200010310GSW-PHO,GSW-2001,1,2001,-15.44,10.790166666666668,cummivo01-2001
delnevi01,10.466666666666667,0.7,200010310GSW-GSW,200010310GSW-PHO,GSW-2001,1,2001,7.326666666666666,10.790166666666668,delnevi01-2001
keefead01,3.6166666666666667,1.3,200010310GSW-GSW,200010310GSW-PHO,GSW-2001,1,2001,4.701666666666667,10.790166666666668,keefead01-2001
robincl02,42.4,2.7,200011020PHO-PHO,200011020PHO-POR,PHO-2001,1,2001,114.48,91.99530303030302,robincl02-2001
kiddja01,39.916666666666664,8.6,200011020PHO-PHO,200011020PHO-POR,PHO-2001,1,2001,343.2833333333333,91.99530303030302,kiddja01-2001
mariosh01,36.11666666666667,2.5,200011020PHO-PHO,200011020PHO-POR,PHO-2001,1,2001,90.29166666666667,91.99530303030302,mariosh01-2001
rogerro01,27.716666666666665,7.2,200011020PHO-PHO,200011020PHO-POR,PHO-2001,1,2001,199.56,91.99530303030302,rogerro01-2001
delkto01,25.766666666666666,13.6,200011020PHO-PHO,200011020PHO-POR,PHO-2001,1,2001,350.4266666666666,91.99530303030302,delkto01-2001
eliema01,22.233333333333334,-2.3,200011020PHO-PHO,200011020PHO-POR,PHO-2001,1,2001,-51.13666666666666,91.99530303030302,eliema01-2001
santida01,19.783333333333335,-0.9,200011020PHO-PHO,200011020PHO-POR,PHO-2001,1,2001,-17.805000000000003,91.99530303030302,santida01-2001
dudlech02,8.083333333333334,-2.8,200011020PHO-PHO,200011020PHO-POR,PHO-2001,1,2001,-22.633333333333333,91.99530303030302,dudlech02-2001
mcphepa01,8.083333333333334,0.3,200011020PHO-PHO,200011020PHO-POR,PHO-2001,1,2001,2.4250000000000003,91.99530303030302,mcphepa01-2001
tsakaja01,7.316666666666666,0.1,200011020PHO-PHO,200011020PHO-POR,PHO-2001,1,2001,0.7316666666666667,91.99530303030302,tsakaja01-2001
garceru01,2.5833333333333335,0.9,200011020PHO-PHO,200011020PHO-POR,PHO-2001,1,2001,2.325,91.99530303030302,garceru01-2001
lafrera01,32.13333333333333,-1.3,200011040DEN-DEN,200011040DEN-PHO,DEN-2001,0,2001,-41.77333333333333,15.205000000000002,lafrera01-2001
vanexni01,29.766666666666666,1.8,200011040DEN-DEN,200011040DEN-PHO,DEN-2001,0,2001,53.58,15.205000000000002,vanexni01-2001
clarkke01,28.3,-1.7,200011040DEN-DEN,200011040DEN-PHO,DEN-2001,0,2001,-48.11,15.205000000000002,clarkke01-2001
lenarvo01,27.8,1.6,200011040DEN-DEN,200011040DEN-PHO,DEN-2001,0,2001,44.480000000000004,15.205000000000002,lenarvo01-2001
poseyja01,26.416666666666668,7.4,200011040DEN-DEN,200011040DEN-PHO,DEN-2001,0,2001,195.48333333333335,15.205000000000002,poseyja01-2001
mccloge01,24.566666666666666,-5.2,200011040DEN-DEN,200011040DEN-PHO,DEN-2001,0,2001,-127.74666666666667,15.205000000000002,mccloge01-2001
stricma01,22.233333333333334,-1.6,200011040DEN-DEN,200011040DEN-PHO,DEN-2001,0,2001,-35.57333333333334,15.205000000000002,stricma01-2001
abdulta01,20.816666666666666,4.8,200011040DEN-DEN,200011040DEN-PHO,DEN-2001,0,2001,99.92,15.205000000000002,abdulta01-2001
packro01,18.233333333333334,0.7,200011040DEN-DEN,200011040DEN-PHO,DEN-2001,0,2001,12.763333333333334,15.205000000000002,packro01-2001
daviste01,9.733333333333333,-0.1,200011040DEN-DEN,200011040DEN-PHO,DEN-2001,0,2001,-0.9733333333333333,15.205000000000002,daviste01-2001
kiddja01,44.016666666666666,4.8,200011050PHO-PHO,200011050PHO-HOU,PHO-2001,1,2001,211.28,66.629,kiddja01-2001
robincl02,40.516666666666666,8,200011050PHO-PHO,200011050PHO-HOU,PHO-2001,1,2001,324.1333333333333,66.629,robincl02-2001
mariosh01,32.833333333333336,-1.7,200011050PHO-PHO,200011050PHO-HOU,PHO-2001,1,2001,-55.81666666666667,66.629,mariosh01-2001
rogerro01,31.85,5,200011050PHO-PHO,200011050PHO-HOU,PHO-2001,1,2001,159.25,66.629,rogerro01-2001
delkto01,28.966666666666665,-0.6,200011050PHO-PHO,200011050PHO-HOU,PHO-2001,1,2001,-17.38,66.629,delkto01-2001
eliema01,19.033333333333335,4.2,200011050PHO-PHO,200011050PHO-HOU,PHO-2001,1,2001,79.94000000000001,66.629,eliema01-2001
dudlech02,16.266666666666666,-0.2,200011050PHO-PHO,200011050PHO-HOU,PHO-2001,1,2001,-3.2533333333333334,66.629,dudlech02-2001
santida01,11.483333333333333,-1.3,200011050PHO-PHO,200011050PHO-HOU,PHO-2001,1,2001,-14.928333333333333,66.629,santida01-2001
garceru01,11.05,-1.1,200011050PHO-PHO,200011050PHO-HOU,PHO-2001,1,2001,-12.155000000000001,66.629,garceru01-2001
mcphepa01,3.9833333333333334,-1.2,200011050PHO-PHO,200011050PHO-HOU,PHO-2001,1,2001,-4.78,66.629,mcphepa01-2001
mariosh01,40.96666666666667,12.8,200011070PHO-PHO,200011070PHO-SAS,PHO-2001,1,2001,524.3733333333333,84.91597222222222,mariosh01-2001
kiddja01,39.8,0.9,200011070PHO-PHO,200011070PHO-SAS,PHO-2001,1,2001,35.82,84.91597222222222,kiddja01-2001
robincl02,34.03333333333333,5.6,200011070PHO-PHO,200011070PHO-SAS,PHO-2001,1,2001,190.58666666666664,84.91597222222222,robincl02-2001
delkto01,31.233333333333334,7.3,200011070PHO-PHO,200011070PHO-SAS,PHO-2001,1,2001,228.00333333333333,84.91597222222222,delkto01-2001
rogerro01,21.533333333333335,3.6,200011070PHO-PHO,200011070PHO-SAS,PHO-2001,1,2001,77.52000000000001,84.91597222222222,rogerro01-2001
eliema01,16.85,1.2,200011070PHO-PHO,200011070PHO-SAS,PHO-2001,1,2001,20.220000000000002,84.91597222222222,eliema01-2001
santida01,16.583333333333332,1.4,200011070PHO-PHO,200011070PHO-SAS,PHO-2001,1,2001,23.216666666666665,84.91597222222222,santida01-2001
dudlech02,13.166666666666666,-2.8,200011070PHO-PHO,200011070PHO-SAS,PHO-2001,1,2001,-36.86666666666666,84.91597222222222,dudlech02-2001
blounco01,11.116666666666667,-2.8,200011070PHO-PHO,200011070PHO-SAS,PHO-2001,1,2001,-31.126666666666665,84.91597222222222,blounco01-2001
mcphepa01,8.116666666666667,-2.1,200011070PHO-PHO,200011070PHO-SAS,PHO-2001,1,2001,-17.045,84.91597222222222,mcphepa01-2001
garceru01,3.3,1,200011070PHO-PHO,200011070PHO-SAS,PHO-2001,1,2001,3.3,84.91597222222222,garceru01-2001
tsakaja01,3.3,0.3,200011070PHO-PHO,200011070PHO-SAS,PHO-2001,1,2001,0.9899999999999999,84.91597222222222,tsakaja01-2001
kiddja01,43.3,10.6,200011090PHO-PHO,200011090PHO-ATL,PHO-2001,1,2001,458.97999999999996,69.38,kiddja01-2001
mariosh01,41.31666666666667,7.3,200011090PHO-PHO,200011090PHO-ATL,PHO-2001,1,2001,301.6116666666667,69.38,mariosh01-2001
rogerro01,35.45,3.6,200011090PHO-PHO,200011090PHO-ATL,PHO-2001,1,2001,127.62000000000002,69.38,rogerro01-2001
eliema01,30.166666666666668,0.5,200011090PHO-PHO,200011090PHO-ATL,PHO-2001,1,2001,15.083333333333334,69.38,eliema01-2001
robincl02,27.866666666666667,1,200011090PHO-PHO,200011090PHO-ATL,PHO-2001,1,2001,27.866666666666667,69.38,robincl02-2001
delkto01,21.8,-5.2,200011090PHO-PHO,200011090PHO-ATL,PHO-2001,1,2001,-113.36000000000001,69.38,delkto01-2001
santida01,15.283333333333333,-3.7,200011090PHO-PHO,200011090PHO-ATL,PHO-2001,1,2001,-56.54833333333334,69.38,santida01-2001
dudlech02,11.766666666666667,-0.2,200011090PHO-PHO,200011090PHO-ATL,PHO-2001,1,2001,-2.3533333333333335,69.38,dudlech02-2001
garceru01,6.833333333333333,-0.7,200011090PHO-PHO,200011090PHO-ATL,PHO-2001,1,2001,-4.783333333333333,69.38,garceru01-2001
blounco01,5.483333333333333,1.8,200011090PHO-PHO,200011090PHO-ATL,PHO-2001,1,2001,9.870000000000001,69.38,blounco01-2001
mcphepa01,0.7333333333333333,-1.1,200011090PHO-PHO,200011090PHO-ATL,PHO-2001,1,2001,-0.8066666666666666,69.38,mcphepa01-2001
kiddja01,40.416666666666664,10.1,200011110PHO-PHO,200011110PHO-MIA,PHO-2001,1,2001,408.2083333333333,53.20575757575757,kiddja01-2001
mariosh01,39.28333333333333,6.7,200011110PHO-PHO,200011110PHO-MIA,PHO-2001,1,2001,263.1983333333333,53.20575757575757,mariosh01-2001
robincl02,37.333333333333336,-2.6,200011110PHO-PHO,200011110PHO-MIA,PHO-2001,1,2001,-97.06666666666668,53.20575757575757,robincl02-2001
delkto01,32.93333333333333,2.3,200011110PHO-PHO,200011110PHO-MIA,PHO-2001,1,2001,75.74666666666666,53.20575757575757,delkto01-2001
rogerro01,24.15,3.4,200011110PHO-PHO,200011110PHO-MIA,PHO-2001,1,2001,82.11,53.20575757575757,rogerro01-2001
santida01,22.683333333333334,-4.9,200011110PHO-PHO,200011110PHO-MIA,PHO-2001,1,2001,-111.14833333333334,53.20575757575757,santida01-2001
eliema01,22.65,-1.5,200011110PHO-PHO,200011110PHO-MIA,PHO-2001,1,2001,-33.974999999999994,53.20575757575757,eliema01-2001
dudlech02,8.316666666666666,-0.9,200011110PHO-PHO,200011110PHO-MIA,PHO-2001,1,2001,-7.485,53.20575757575757,dudlech02-2001
tsakaja01,6.083333333333333,1,200011110PHO-PHO,200011110PHO-MIA,PHO-2001,1,2001,6.083333333333333,53.20575757575757,tsakaja01-2001
garceru01,4.483333333333333,-0.5,200011110PHO-PHO,200011110PHO-MIA,PHO-2001,1,2001,-2.2416666666666667,53.20575757575757,garceru01-2001
blounco01,1.6666666666666665,1.1,200011110PHO-PHO,200011110PHO-MIA,PHO-2001,1,2001,1.8333333333333333,53.20575757575757,blounco01-2001
mariosh01,41.7,7.9,200011150PHO-PHO,200011150PHO-DAL,PHO-2001,1,2001,329.43000000000006,76.53866666666667,mariosh01-2001
kiddja01,36.63333333333333,3.7,200011150PHO-PHO,200011150PHO-DAL,PHO-2001,1,2001,135.54333333333335,76.53866666666667,kiddja01-2001
eliema01,31.316666666666666,1.9,200011150PHO-PHO,200011150PHO-DAL,PHO-2001,1,2001,59.501666666666665,76.53866666666667,eliema01-2001
rogerro01,29.633333333333333,3.1,200011150PHO-PHO,200011150PHO-DAL,PHO-2001,1,2001,91.86333333333333,76.53866666666667,rogerro01-2001
robincl02,28.933333333333334,-4.9,200011150PHO-PHO,200011150PHO-DAL,PHO-2001,1,2001,-141.77333333333334,76.53866666666667,robincl02-2001
delkto01,28.35,5.9,200011150PHO-PHO,200011150PHO-DAL,PHO-2001,1,2001,167.26500000000001,76.53866666666667,delkto01-2001
santida01,23.35,3.1,200011150PHO-PHO,200011150PHO-DAL,PHO-2001,1,2001,72.385,76.53866666666667,santida01-2001
mcphepa01,15.066666666666666,2.5,200011150PHO-PHO,200011150PHO-DAL,PHO-2001,1,2001,37.666666666666664,76.53866666666667,mcphepa01-2001
dudlech02,3.533333333333333,4.2,200011150PHO-PHO,200011150PHO-DAL,PHO-2001,1,2001,14.84,76.53866666666667,dudlech02-2001
garceru01,1.4833333333333334,-0.9,200011150PHO-PHO,200011150PHO-DAL,PHO-2001,1,2001,-1.3350000000000002,76.53866666666667,garceru01-2001
kiddja01,45.31666666666667,-1.8,200011170PHO-PHO,200011170PHO-NYK,PHO-2001,0,2001,-81.57000000000001,62.56533333333332,kiddja01-2001
mariosh01,43.68333333333333,11.9,200011170PHO-PHO,200011170PHO-NYK,PHO-2001,0,2001,519.8316666666666,62.56533333333332,mariosh01-2001
robincl02,42.233333333333334,5.6,200011170PHO-PHO,200011170PHO-NYK,PHO-2001,0,2001,236.50666666666666,62.56533333333332,robincl02-2001
delkto01,37.06666666666667,-1.7,200011170PHO-PHO,200011170PHO-NYK,PHO-2001,0,2001,-63.013333333333335,62.56533333333332,delkto01-2001
rogerro01,27.716666666666665,1.7,200011170PHO-PHO,200011170PHO-NYK,PHO-2001,0,2001,47.11833333333333,62.56533333333332,rogerro01-2001
eliema01,14.233333333333333,-2.2,200011170PHO-PHO,200011170PHO-NYK,PHO-2001,0,2001,-31.313333333333333,62.56533333333332,eliema01-2001
blounco01,13.083333333333334,-0.2,200011170PHO-PHO,200011170PHO-NYK,PHO-2001,0,2001,-2.616666666666667,62.56533333333332,blounco01-2001
santida01,10.8,0.5,200011170PHO-PHO,200011170PHO-NYK,PHO-2001,0,2001,5.4,62.56533333333332,santida01-2001
guglito01,3,-1.3,200011170PHO-PHO,200011170PHO-NYK,PHO-2001,0,2001,-3.9000000000000004,62.56533333333332,guglito01-2001
mcphepa01,2.6333333333333333,-0.3,200011170PHO-PHO,200011170PHO-NYK,PHO-2001,0,2001,-0.7899999999999999,62.56533333333332,mcphepa01-2001
francst01,42.85,14.8,200011180HOU-HOU,200011180HOU-PHO,HOU-2001,1,2001,634.1800000000001,80.2505,francst01-2001
olajuha01,33.266666666666666,9.4,200011180HOU-HOU,200011180HOU-PHO,HOU-2001,1,2001,312.70666666666665,80.2505,olajuha01-2001
williwa02,25.366666666666667,-1.7,200011180HOU-HOU,200011180HOU-PHO,HOU-2001,1,2001,-43.123333333333335,80.2505,williwa02-2001
moblecu01,24.033333333333335,1.8,200011180HOU-HOU,200011180HOU-PHO,HOU-2001,1,2001,43.260000000000005,80.2505,moblecu01-2001
norrimo01,24,-1.4,200011180HOU-HOU,200011180HOU-PHO,HOU-2001,1,2001,-33.599999999999994,80.2505,norrimo01-2001
tayloma01,23.233333333333334,-3.6,200011180HOU-HOU,200011180HOU-PHO,HOU-2001,1,2001,-83.64,80.2505,tayloma01-2001
bullama01,19.133333333333333,4.2,200011180HOU-HOU,200011180HOU-PHO,HOU-2001,1,2001,80.36,80.2505,bullama01-2001
thomake01,17.35,-5.1,200011180HOU-HOU,200011180HOU-PHO,HOU-2001,1,2001,-88.485,80.2505,thomake01-2001
andersh01,17.116666666666667,-0.8,200011180HOU-HOU,200011180HOU-PHO,HOU-2001,1,2001,-13.693333333333335,80.2505,andersh01-2001
collija02,13.65,-0.4,200011180HOU-HOU,200011180HOU-PHO,HOU-2001,1,2001,-5.460000000000001,80.2505,collija02-2001
kiddja01,41.15,4,200011220PHO-PHO,200011220PHO-NJN,PHO-2001,1,2001,164.6,40.34766666666666,kiddja01-2001
mariosh01,40.53333333333333,8.2,200011220PHO-PHO,200011220PHO-NJN,PHO-2001,1,2001,332.3733333333333,40.34766666666666,mariosh01-2001
robincl02,35.71666666666667,-6.3,200011220PHO-PHO,200011220PHO-NJN,PHO-2001,1,2001,-225.01500000000001,40.34766666666666,robincl02-2001
delkto01,32.916666666666664,-0.6,200011220PHO-PHO,200011220PHO-NJN,PHO-2001,1,2001,-19.749999999999996,40.34766666666666,delkto01-2001
rogerro01,28.9,1.8,200011220PHO-PHO,200011220PHO-NJN,PHO-2001,1,2001,52.019999999999996,40.34766666666666,rogerro01-2001
guglito01,19.75,-2.2,200011220PHO-PHO,200011220PHO-NJN,PHO-2001,1,2001,-43.45,40.34766666666666,guglito01-2001
santida01,15.783333333333333,3.2,200011220PHO-PHO,200011220PHO-NJN,PHO-2001,1,2001,50.50666666666667,40.34766666666666,santida01-2001
mcphepa01,11,3.8,200011220PHO-PHO,200011220PHO-NJN,PHO-2001,1,2001,41.8,40.34766666666666,mcphepa01-2001
eliema01,10.933333333333334,4.7,200011220PHO-PHO,200011220PHO-NJN,PHO-2001,1,2001,51.38666666666667,40.34766666666666,eliema01-2001
blounco01,3.3166666666666664,-0.3,200011220PHO-PHO,200011220PHO-NJN,PHO-2001,1,2001,-0.9949999999999999,40.34766666666666,blounco01-2001
mariosh01,46.7,4.5,200011240PHO-PHO,200011240PHO-GSW,PHO-2001,1,2001,210.15,44.25090909090909,mariosh01-2001
kiddja01,42.05,7.2,200011240PHO-PHO,200011240PHO-GSW,PHO-2001,1,2001,302.76,44.25090909090909,kiddja01-2001
robincl02,33.53333333333333,0.5,200011240PHO-PHO,200011240PHO-GSW,PHO-2001,1,2001,16.766666666666666,44.25090909090909,robincl02-2001
santida01,23.016666666666666,-2,200011240PHO-PHO,200011240PHO-GSW,PHO-2001,1,2001,-46.03333333333333,44.25090909090909,santida01-2001
eliema01,22.416666666666668,0.5,200011240PHO-PHO,200011240PHO-GSW,PHO-2001,1,2001,11.208333333333334,44.25090909090909,eliema01-2001
guglito01,18.516666666666666,3,200011240PHO-PHO,200011240PHO-GSW,PHO-2001,1,2001,55.55,44.25090909090909,guglito01-2001
delkto01,18.083333333333332,-3.7,200011240PHO-PHO,200011240PHO-GSW,PHO-2001,1,2001,-66.90833333333333,44.25090909090909,delkto01-2001
blounco01,18,0.4,200011240PHO-PHO,200011240PHO-GSW,PHO-2001,1,2001,7.2,44.25090909090909,blounco01-2001
tsakaja01,7.816666666666666,-0.6,200011240PHO-PHO,200011240PHO-GSW,PHO-2001,1,2001,-4.6899999999999995,44.25090909090909,tsakaja01-2001
rogerro01,6.016666666666667,1.4,200011240PHO-PHO,200011240PHO-GSW,PHO-2001,1,2001,8.423333333333332,44.25090909090909,rogerro01-2001
mcphepa01,3.8333333333333335,-2,200011240PHO-PHO,200011240PHO-GSW,PHO-2001,1,2001,-7.666666666666667,44.25090909090909,mcphepa01-2001
odomla01,44.833333333333336,5.6,200011250LAC-LAC,200011250LAC-PHO,LAC-2001,0,2001,251.06666666666666,29.645,odomla01-2001
mcinnje01,32.6,-4.6,200011250LAC-LAC,200011250LAC-PHO,LAC-2001,0,2001,-149.96,29.645,mcinnje01-2001
rooksse01,31.916666666666668,5.4,200011250LAC-LAC,200011250LAC-PHO,LAC-2001,0,2001,172.35000000000002,29.645,rooksse01-2001
stronde01,25.966666666666665,3.6,200011250LAC-LAC,200011250LAC-PHO,LAC-2001,0,2001,93.47999999999999,29.645,stronde01-2001
olowomi01,21.083333333333332,-2.7,200011250LAC-LAC,200011250LAC-PHO,LAC-2001,0,2001,-56.925,29.645,olowomi01-2001
milesda01,20.95,1.8,200011250LAC-LAC,200011250LAC-PHO,LAC-2001,0,2001,37.71,29.645,milesda01-2001
doolike01,20.4,3.4,200011250LAC-LAC,200011250LAC-PHO,LAC-2001,0,2001,69.36,29.645,doolike01-2001
piatker01,19.916666666666668,1.9,200011250LAC-LAC,200011250LAC-PHO,LAC-2001,0,2001,37.84166666666667,29.645,piatker01-2001
nesbyty01,17.85,-3.6,200011250LAC-LAC,200011250LAC-PHO,LAC-2001,0,2001,-64.26,29.645,nesbyty01-2001
richaqu01,15.233333333333333,-1.9,200011250LAC-LAC,200011250LAC-PHO,LAC-2001,0,2001,-28.94333333333333,29.645,richaqu01-2001
maggeco01,14.25,-2.5,200011250LAC-LAC,200011250LAC-PHO,LAC-2001,0,2001,-35.625,29.645,maggeco01-2001
abdursh01,54.56666666666667,5.9,200011290VAN-VAN,200011290VAN-PHO,VAN-2001,1,2001,321.9433333333334,40.92000000000001,abdursh01-2001
bibbymi01,53.983333333333334,-2,200011290VAN-VAN,200011290VAN-PHO,VAN-2001,1,2001,-107.96666666666667,40.92000000000001,bibbymi01-2001
longgr01,44.93333333333333,1,200011290VAN-VAN,200011290VAN-PHO,VAN-2001,1,2001,44.93333333333333,40.92000000000001,longgr01-2001
harriot01,41.95,-1.5,200011290VAN-VAN,200011290VAN-PHO,VAN-2001,1,2001,-62.925000000000004,40.92000000000001,harriot01-2001
jonesda01,31.916666666666668,3.2,200011290VAN-VAN,200011290VAN-PHO,VAN-2001,1,2001,102.13333333333334,40.92000000000001,jonesda01-2001
westdo01,22.466666666666665,-0.3,200011290VAN-VAN,200011290VAN-PHO,VAN-2001,1,2001,-6.739999999999999,40.92000000000001,westdo01-2001
reevebr01,18.8,2.7,200011290VAN-VAN,200011290VAN-PHO,VAN-2001,1,2001,50.760000000000005,40.92000000000001,reevebr01-2001
austiis01,14.733333333333333,2,200011290VAN-VAN,200011290VAN-PHO,VAN-2001,1,2001,29.466666666666665,40.92000000000001,austiis01-2001
swiftst01,6.65,-0.5,200011290VAN-VAN,200011290VAN-PHO,VAN-2001,1,2001,-3.325,40.92000000000001,swiftst01-2001
chrisdo01,42.53333333333333,7.5,200012010SAC-SAC,200012010SAC-PHO,SAC-2001,1,2001,319,74.94555555555556,chrisdo01-2001
webbech01,39.85,7,200012010SAC-SAC,200012010SAC-PHO,SAC-2001,1,2001,278.95,74.94555555555556,webbech01-2001
willija02,37.1,-0.4,200012010SAC-SAC,200012010SAC-PHO,SAC-2001,1,2001,-14.840000000000002,74.94555555555556,willija02-2001
stojape01,36.71666666666667,-1.9,200012010SAC-SAC,200012010SAC-PHO,SAC-2001,1,2001,-69.76166666666667,74.94555555555556,stojape01-2001
pollasc01,23.116666666666667,6.5,200012010SAC-SAC,200012010SAC-PHO,SAC-2001,1,2001,150.25833333333333,74.94555555555556,pollasc01-2001
jacksbo01,20.766666666666666,-2.9,200012010SAC-SAC,200012010SAC-PHO,SAC-2001,1,2001,-60.22333333333333,74.94555555555556,jacksbo01-2001
divacvl01,18.55,4.7,200012010SAC-SAC,200012010SAC-PHO,SAC-2001,1,2001,87.185,74.94555555555556,divacvl01-2001
turkohe01,13.216666666666667,-1.4,200012010SAC-SAC,200012010SAC-PHO,SAC-2001,1,2001,-18.503333333333334,74.94555555555556,turkohe01-2001
fundela01,8.15,0.3,200012010SAC-SAC,200012010SAC-PHO,SAC-2001,1,2001,2.445,74.94555555555556,fundela01-2001
mariosh01,45.93333333333333,5.5,200012030PHO-PHO,200012030PHO-POR,PHO-2001,1,2001,252.63333333333333,108.46350000000001,mariosh01-2001
robincl02,44.416666666666664,3.6,200012030PHO-PHO,200012030PHO-POR,PHO-2001,1,2001,159.9,108.46350000000001,robincl02-2001
kiddja01,42.15,19.1,200012030PHO-PHO,200012030PHO-POR,PHO-2001,1,2001,805.065,108.46350000000001,kiddja01-2001
delkto01,28.033333333333335,-1.3,200012030PHO-PHO,200012030PHO-POR,PHO-2001,1,2001,-36.443333333333335,108.46350000000001,delkto01-2001
santida01,21.65,-5.3,200012030PHO-PHO,200012030PHO-POR,PHO-2001,1,2001,-114.74499999999999,108.46350000000001,santida01-2001
blounco01,20.55,0.4,200012030PHO-PHO,200012030PHO-POR,PHO-2001,1,2001,8.22,108.46350000000001,blounco01-2001
eliema01,20.116666666666667,2.4,200012030PHO-PHO,200012030PHO-POR,PHO-2001,1,2001,48.28,108.46350000000001,eliema01-2001
mcphepa01,5.85,-2.1,200012030PHO-PHO,200012030PHO-POR,PHO-2001,1,2001,-12.285,108.46350000000001,mcphepa01-2001
guglito01,5.65,-1.5,200012030PHO-PHO,200012030PHO-POR,PHO-2001,1,2001,-8.475000000000001,108.46350000000001,guglito01-2001
rogerro01,5.65,-3.1,200012030PHO-PHO,200012030PHO-POR,PHO-2001,1,2001,-17.515,108.46350000000001,rogerro01-2001
allenra02,44.35,-2.5,200012070MIL-MIL,200012070MIL-PHO,MIL-2001,0,2001,-110.875,27.835925925925924,allenra02-2001
robingl01,39.266666666666666,5.5,200012070MIL-MIL,200012070MIL-PHO,MIL-2001,0,2001,215.96666666666667,27.835925925925924,robingl01-2001
thomati01,29.383333333333333,-1.5,200012070MIL-MIL,200012070MIL-PHO,MIL-2001,0,2001,-44.075,27.835925925925924,thomati01-2001
hunteli01,27.216666666666665,4.6,200012070MIL-MIL,200012070MIL-PHO,MIL-2001,0,2001,125.19666666666664,27.835925925925924,hunteli01-2001
cassesa01,26.8,-0.4,200012070MIL-MIL,200012070MIL-PHO,MIL-2001,0,2001,-10.72,27.835925925925924,cassesa01-2001
caffeja01,26.583333333333332,3,200012070MIL-MIL,200012070MIL-PHO,MIL-2001,0,2001,79.75,27.835925925925924,caffeja01-2001
johnser02,18.733333333333334,-1.5,200012070MIL-MIL,200012070MIL-PHO,MIL-2001,0,2001,-28.1,27.835925925925924,johnser02-2001
popema01,14.15,-1.5,200012070MIL-MIL,200012070MIL-PHO,MIL-2001,0,2001,-21.225,27.835925925925924,popema01-2001
willisc01,13.516666666666667,3.3,200012070MIL-MIL,200012070MIL-PHO,MIL-2001,0,2001,44.605,27.835925925925924,willisc01-2001
williaa01,43.5,3.9,200012080NJN-NJN,200012080NJN-PHO,NJN-2001,1,2001,169.65,45.13666666666667,williaa01-2001
douglsh01,39.28333333333333,3.2,200012080NJN-NJN,200012080NJN-PHO,NJN-2001,1,2001,125.70666666666666,45.13666666666667,douglsh01-2001
martike01,38.13333333333333,0.4,200012080NJN-NJN,200012080NJN-PHO,NJN-2001,1,2001,15.253333333333334,45.13666666666667,martike01-2001
harrilu01,35.06666666666667,3.1,200012080NJN-NJN,200012080NJN-PHO,NJN-2001,1,2001,108.70666666666668,45.13666666666667,harrilu01-2001
newmajo01,30.266666666666666,1,200012080NJN-NJN,200012080NJN-PHO,NJN-2001,1,2001,30.266666666666666,45.13666666666667,newmajo01-2001
mcilvji01,24,-0.4,200012080NJN-NJN,200012080NJN-PHO,NJN-2001,1,2001,-9.600000000000001,45.13666666666667,mcilvji01-2001
jacksst02,12.933333333333334,-1.3,200012080NJN-NJN,200012080NJN-PHO,NJN-2001,1,2001,-16.813333333333333,45.13666666666667,jacksst02-2001
ollieke01,8.716666666666667,-1.2,200012080NJN-NJN,200012080NJN-PHO,NJN-2001,1,2001,-10.459999999999999,45.13666666666667,ollieke01-2001
eschmev01,8.1,-0.8,200012080NJN-NJN,200012080NJN-PHO,NJN-2001,1,2001,-6.48,45.13666666666667,eschmev01-2001
cartevi01,44.5,7.3,200012100TOR-TOR,200012100TOR-PHO,TOR-2001,0,2001,324.84999999999997,40.603148148148144,cartevi01-2001
oaklech01,38.416666666666664,1.6,200012100TOR-TOR,200012100TOR-PHO,TOR-2001,0,2001,61.46666666666667,40.603148148148144,oaklech01-2001
jacksma01,35.5,4.2,200012100TOR-TOR,200012100TOR-PHO,TOR-2001,0,2001,149.1,40.603148148148144,jacksma01-2001
davisan01,33.016666666666666,-6.3,200012100TOR-TOR,200012100TOR-PHO,TOR-2001,0,2001,-208.005,40.603148148148144,davisan01-2001
willial02,31.383333333333333,-1,200012100TOR-TOR,200012100TOR-PHO,TOR-2001,0,2001,-31.383333333333333,40.603148148148144,willial02-2001
petermo01,19.483333333333334,4.3,200012100TOR-TOR,200012100TOR-PHO,TOR-2001,0,2001,83.77833333333334,40.603148148148144,petermo01-2001
willico02,18.083333333333332,0.9,200012100TOR-TOR,200012100TOR-PHO,TOR-2001,0,2001,16.275,40.603148148148144,willico02-2001
curryde01,10.033333333333333,-2.1,200012100TOR-TOR,200012100TOR-PHO,TOR-2001,0,2001,-21.07,40.603148148148144,curryde01-2001
willike02,9.583333333333334,-1,200012100TOR-TOR,200012100TOR-PHO,TOR-2001,0,2001,-9.583333333333334,40.603148148148144,willike02-2001
mercero01,47.53333333333333,-1.5,200012110CHI-CHI,200012110CHI-PHO,CHI-2001,0,2001,-71.3,19.76962962962963,mercero01-2001
brandel01,43.233333333333334,5.9,200012110CHI-CHI,200012110CHI-PHO,CHI-2001,0,2001,255.07666666666668,19.76962962962963,brandel01-2001
hoibefr01,32.55,1.1,200012110CHI-CHI,200012110CHI-PHO,CHI-2001,0,2001,35.805,19.76962962962963,hoibefr01-2001
elamikh01,32,1.1,200012110CHI-CHI,200012110CHI-PHO,CHI-2001,0,2001,35.2,19.76962962962963,elamikh01-2001
artesro01,30.75,-1.3,200012110CHI-CHI,200012110CHI-PHO,CHI-2001,0,2001,-39.975,19.76962962962963,artesro01-2001
ruffimi01,23.1,-3.3,200012110CHI-CHI,200012110CHI-PHO,CHI-2001,0,2001,-76.23,19.76962962962963,ruffimi01-2001
benjaco01,18.166666666666668,1.9,200012110CHI-CHI,200012110CHI-PHO,CHI-2001,0,2001,34.516666666666666,19.76962962962963,benjaco01-2001
tarladr01,12.2,0.4,200012110CHI-CHI,200012110CHI-PHO,CHI-2001,0,2001,4.88,19.76962962962963,tarladr01-2001
crawfja01,0.4666666666666667,-0.1,200012110CHI-CHI,200012110CHI-PHO,CHI-2001,0,2001,-0.04666666666666667,19.76962962962963,crawfja01-2001
mariosh01,40.78333333333333,2.6,200012130PHO-PHO,200012130PHO-SAS,PHO-2001,1,2001,106.03666666666666,54.56363636363636,mariosh01-2001
kiddja01,37.53333333333333,6.9,200012130PHO-PHO,200012130PHO-SAS,PHO-2001,1,2001,258.98,54.56363636363636,kiddja01-2001
robincl02,31.816666666666666,0.9,200012130PHO-PHO,200012130PHO-SAS,PHO-2001,1,2001,28.635,54.56363636363636,robincl02-2001
rogerro01,27.333333333333332,1.1,200012130PHO-PHO,200012130PHO-SAS,PHO-2001,1,2001,30.066666666666666,54.56363636363636,rogerro01-2001
delkto01,27.05,-4.2,200012130PHO-PHO,200012130PHO-SAS,PHO-2001,1,2001,-113.61000000000001,54.56363636363636,delkto01-2001
dudlech02,21.383333333333333,7,200012130PHO-PHO,200012130PHO-SAS,PHO-2001,1,2001,149.68333333333334,54.56363636363636,dudlech02-2001
eliema01,16.183333333333334,4.9,200012130PHO-PHO,200012130PHO-SAS,PHO-2001,1,2001,79.29833333333335,54.56363636363636,eliema01-2001
perryel01,12.4,5.5,200012130PHO-PHO,200012130PHO-SAS,PHO-2001,1,2001,68.2,54.56363636363636,perryel01-2001
blounco01,11.616666666666667,-1.2,200012130PHO-PHO,200012130PHO-SAS,PHO-2001,1,2001,-13.94,54.56363636363636,blounco01-2001
guglito01,7.2,0.3,200012130PHO-PHO,200012130PHO-SAS,PHO-2001,1,2001,2.16,54.56363636363636,guglito01-2001
santida01,6.7,0.7,200012130PHO-PHO,200012130PHO-SAS,PHO-2001,1,2001,4.6899999999999995,54.56363636363636,santida01-2001
kiddja01,38.31666666666667,0.9,200012150PHO-PHO,200012150PHO-LAC,PHO-2001,0,2001,34.48500000000001,18.989500000000007,kiddja01-2001
delkto01,32.083333333333336,6.3,200012150PHO-PHO,200012150PHO-LAC,PHO-2001,0,2001,202.125,18.989500000000007,delkto01-2001
rogerro01,29.45,8.8,200012150PHO-PHO,200012150PHO-LAC,PHO-2001,0,2001,259.16,18.989500000000007,rogerro01-2001
robincl02,27.366666666666667,-1.5,200012150PHO-PHO,200012150PHO-LAC,PHO-2001,0,2001,-41.05,18.989500000000007,robincl02-2001
perryel01,23.566666666666666,-1.3,200012150PHO-PHO,200012150PHO-LAC,PHO-2001,0,2001,-30.636666666666667,18.989500000000007,perryel01-2001
mariosh01,21.383333333333333,-5.5,200012150PHO-PHO,200012150PHO-LAC,PHO-2001,0,2001,-117.60833333333333,18.989500000000007,mariosh01-2001
dudlech02,20.466666666666665,-2,200012150PHO-PHO,200012150PHO-LAC,PHO-2001,0,2001,-40.93333333333333,18.989500000000007,dudlech02-2001
mcphepa01,19.966666666666665,-4.1,200012150PHO-PHO,200012150PHO-LAC,PHO-2001,0,2001,-81.86333333333332,18.989500000000007,mcphepa01-2001
santida01,14.55,1.4,200012150PHO-PHO,200012150PHO-LAC,PHO-2001,0,2001,20.37,18.989500000000007,santida01-2001
blounco01,12.866666666666667,-1.1,200012150PHO-PHO,200012150PHO-LAC,PHO-2001,0,2001,-14.153333333333334,18.989500000000007,blounco01-2001
daniean01,41.88333333333333,6.5,200012160SAS-SAS,200012160SAS-PHO,SAS-2001,1,2001,272.2416666666667,76.0225,daniean01-2001
robinda01,35.05,1.6,200012160SAS-SAS,200012160SAS-PHO,SAS-2001,1,2001,56.08,76.0225,robinda01-2001
duncati01,32.65,4.3,200012160SAS-SAS,200012160SAS-PHO,SAS-2001,1,2001,140.39499999999998,76.0225,duncati01-2001
elliose01,30.016666666666666,1.2,200012160SAS-SAS,200012160SAS-PHO,SAS-2001,1,2001,36.019999999999996,76.0225,elliose01-2001
anderde01,29.433333333333334,7.4,200012160SAS-SAS,200012160SAS-PHO,SAS-2001,1,2001,217.80666666666667,76.0225,anderde01-2001
rosema01,21.266666666666666,-2.9,200012160SAS-SAS,200012160SAS-PHO,SAS-2001,1,2001,-61.67333333333333,76.0225,rosema01-2001
ferryda01,21.083333333333332,1.3,200012160SAS-SAS,200012160SAS-PHO,SAS-2001,1,2001,27.40833333333333,76.0225,ferryda01-2001
portete01,18.566666666666666,4.4,200012160SAS-SAS,200012160SAS-PHO,SAS-2001,1,2001,81.69333333333334,76.0225,portete01-2001
kerrst01,6.116666666666666,0.4,200012160SAS-SAS,200012160SAS-PHO,SAS-2001,1,2001,2.4466666666666668,76.0225,kerrst01-2001
walkesa01,3.9333333333333336,-3.1,200012160SAS-SAS,200012160SAS-PHO,SAS-2001,1,2001,-12.193333333333335,76.0225,walkesa01-2001
perryel01,42.46666666666667,3.2,200012190PHO-PHO,200012190PHO-DET,PHO-2001,0,2001,135.89333333333335,30.42621212121212,perryel01-2001
rogerro01,38.38333333333333,6.4,200012190PHO-PHO,200012190PHO-DET,PHO-2001,0,2001,245.65333333333334,30.42621212121212,rogerro01-2001
robincl02,32.65,5.4,200012190PHO-PHO,200012190PHO-DET,PHO-2001,0,2001,176.31,30.42621212121212,robincl02-2001
mariosh01,25.9,-4.4,200012190PHO-PHO,200012190PHO-DET,PHO-2001,0,2001,-113.96000000000001,30.42621212121212,mariosh01-2001
delkto01,24.183333333333334,-0.4,200012190PHO-PHO,200012190PHO-DET,PHO-2001,0,2001,-9.673333333333334,30.42621212121212,delkto01-2001
dudlech02,17.616666666666667,-2.1,200012190PHO-PHO,200012190PHO-DET,PHO-2001,0,2001,-36.995000000000005,30.42621212121212,dudlech02-2001
guglito01,15.35,-0.7,200012190PHO-PHO,200012190PHO-DET,PHO-2001,0,2001,-10.745,30.42621212121212,guglito01-2001
blounco01,14.55,0.4,200012190PHO-PHO,200012190PHO-DET,PHO-2001,0,2001,5.82,30.42621212121212,blounco01-2001
mcphepa01,11.816666666666666,-4.1,200012190PHO-PHO,200012190PHO-DET,PHO-2001,0,2001,-48.44833333333333,30.42621212121212,mcphepa01-2001
garceru01,10.666666666666666,-1.1,200012190PHO-PHO,200012190PHO-DET,PHO-2001,0,2001,-11.733333333333334,30.42621212121212,garceru01-2001
santida01,6.416666666666667,0.4,200012190PHO-PHO,200012190PHO-DET,PHO-2001,0,2001,2.566666666666667,30.42621212121212,santida01-2001
delkto01,38.38333333333333,2.6,200012230PHO-PHO,200012230PHO-DEN,PHO-2001,1,2001,99.79666666666667,64.62712121212121,delkto01-2001
mariosh01,34.03333333333333,4.9,200012230PHO-PHO,200012230PHO-DEN,PHO-2001,1,2001,166.76333333333335,64.62712121212121,mariosh01-2001
kiddja01,33.266666666666666,6.2,200012230PHO-PHO,200012230PHO-DEN,PHO-2001,1,2001,206.25333333333333,64.62712121212121,kiddja01-2001
rogerro01,32.45,9.4,200012230PHO-PHO,200012230PHO-DEN,PHO-2001,1,2001,305.03000000000003,64.62712121212121,rogerro01-2001
blounco01,22.383333333333333,1.1,200012230PHO-PHO,200012230PHO-DEN,PHO-2001,1,2001,24.62166666666667,64.62712121212121,blounco01-2001
robincl02,21.466666666666665,2.1,200012230PHO-PHO,200012230PHO-DEN,PHO-2001,1,2001,45.08,64.62712121212121,robincl02-2001
guglito01,20.183333333333334,-2.6,200012230PHO-PHO,200012230PHO-DEN,PHO-2001,1,2001,-52.47666666666667,64.62712121212121,guglito01-2001
perryel01,14.733333333333333,-4.6,200012230PHO-PHO,200012230PHO-DEN,PHO-2001,1,2001,-67.77333333333333,64.62712121212121,perryel01-2001
dudlech02,12.433333333333334,0.7,200012230PHO-PHO,200012230PHO-DEN,PHO-2001,1,2001,8.703333333333333,64.62712121212121,dudlech02-2001
santida01,5.416666666666667,0.6,200012230PHO-PHO,200012230PHO-DEN,PHO-2001,1,2001,3.25,64.62712121212121,santida01-2001
mcphepa01,5.25,-5.4,200012230PHO-PHO,200012230PHO-DEN,PHO-2001,1,2001,-28.35,64.62712121212121,mcphepa01-2001
harriot01,41.4,1,200012260VAN-VAN,200012260VAN-PHO,VAN-2001,0,2001,41.4,22.162592592592596,harriot01-2001
bibbymi01,41.28333333333333,1.8,200012260VAN-VAN,200012260VAN-PHO,VAN-2001,0,2001,74.31,22.162592592592596,bibbymi01-2001
dickemi01,37.86666666666667,1.6,200012260VAN-VAN,200012260VAN-PHO,VAN-2001,0,2001,60.58666666666667,22.162592592592596,dickemi01-2001
abdursh01,34.333333333333336,-5.1,200012260VAN-VAN,200012260VAN-PHO,VAN-2001,0,2001,-175.1,22.162592592592596,abdursh01-2001
reevebr01,24.116666666666667,3.6,200012260VAN-VAN,200012260VAN-PHO,VAN-2001,0,2001,86.82000000000001,22.162592592592596,reevebr01-2001
austiis01,23.566666666666666,3.6,200012260VAN-VAN,200012260VAN-PHO,VAN-2001,0,2001,84.84,22.162592592592596,austiis01-2001
edwarke01,16.183333333333334,2.6,200012260VAN-VAN,200012260VAN-PHO,VAN-2001,0,2001,42.07666666666667,22.162592592592596,edwarke01-2001
jonesda01,14.65,-0.2,200012260VAN-VAN,200012260VAN-PHO,VAN-2001,0,2001,-2.93,22.162592592592596,jonesda01-2001
swiftst01,6.6,-1.9,200012260VAN-VAN,200012260VAN-PHO,VAN-2001,0,2001,-12.54,22.162592592592596,swiftst01-2001
mariosh01,32.68333333333333,-2.7,200012280PHO-PHO,200012280PHO-LAL,PHO-2001,0,2001,-88.24499999999999,-18.233333333333334,mariosh01-2001
kiddja01,29.383333333333333,4.1,200012280PHO-PHO,200012280PHO-LAL,PHO-2001,0,2001,120.47166666666665,-18.233333333333334,kiddja01-2001
delkto01,28.233333333333334,-0.9,200012280PHO-PHO,200012280PHO-LAL,PHO-2001,0,2001,-25.41,-18.233333333333334,delkto01-2001
guglito01,21.283333333333335,1.7,200012280PHO-PHO,200012280PHO-LAL,PHO-2001,0,2001,36.18166666666667,-18.233333333333334,guglito01-2001
santida01,20.8,-3.6,200012280PHO-PHO,200012280PHO-LAL,PHO-2001,0,2001,-74.88000000000001,-18.233333333333334,santida01-2001
perryel01,20.516666666666666,-6.5,200012280PHO-PHO,200012280PHO-LAL,PHO-2001,0,2001,-133.35833333333332,-18.233333333333334,perryel01-2001
rogerro01,20.333333333333332,4.3,200012280PHO-PHO,200012280PHO-LAL,PHO-2001,0,2001,87.43333333333332,-18.233333333333334,rogerro01-2001
robincl02,20.166666666666668,-0.3,200012280PHO-PHO,200012280PHO-LAL,PHO-2001,0,2001,-6.05,-18.233333333333334,robincl02-2001
mcphepa01,19.216666666666665,-4,200012280PHO-PHO,200012280PHO-LAL,PHO-2001,0,2001,-76.86666666666666,-18.233333333333334,mcphepa01-2001
dudlech02,15.383333333333333,-2.2,200012280PHO-PHO,200012280PHO-LAL,PHO-2001,0,2001,-33.843333333333334,-18.233333333333334,dudlech02-2001
garceru01,12,-0.5,200012280PHO-PHO,200012280PHO-LAL,PHO-2001,0,2001,-6,-18.233333333333334,garceru01-2001
kiddja01,41.31666666666667,5.3,200012300PHO-PHO,200012300PHO-TOR,PHO-2001,1,2001,218.97833333333335,51.71055555555556,kiddja01-2001
delkto01,38.96666666666667,5.2,200012300PHO-PHO,200012300PHO-TOR,PHO-2001,1,2001,202.6266666666667,51.71055555555556,delkto01-2001
mariosh01,33.35,2.7,200012300PHO-PHO,200012300PHO-TOR,PHO-2001,1,2001,90.04500000000002,51.71055555555556,mariosh01-2001
blounco01,26.783333333333335,1.7,200012300PHO-PHO,200012300PHO-TOR,PHO-2001,1,2001,45.531666666666666,51.71055555555556,blounco01-2001
robincl02,26.333333333333332,1.6,200012300PHO-PHO,200012300PHO-TOR,PHO-2001,1,2001,42.13333333333333,51.71055555555556,robincl02-2001
mcphepa01,17.066666666666666,5.1,200012300PHO-PHO,200012300PHO-TOR,PHO-2001,1,2001,87.03999999999999,51.71055555555556,mcphepa01-2001
dudlech02,13.883333333333333,-2.5,200012300PHO-PHO,200012300PHO-TOR,PHO-2001,1,2001,-34.70833333333333,51.71055555555556,dudlech02-2001
tsakaja01,12.133333333333333,-0.3,200012300PHO-PHO,200012300PHO-TOR,PHO-2001,1,2001,-3.6399999999999997,51.71055555555556,tsakaja01-2001
santida01,8.783333333333333,-1.9,200012300PHO-PHO,200012300PHO-TOR,PHO-2001,1,2001,-16.688333333333333,51.71055555555556,santida01-2001
perryel01,7.6,3.1,200012300PHO-PHO,200012300PHO-TOR,PHO-2001,1,2001,23.56,51.71055555555556,perryel01-2001
rogerro01,7.566666666666666,-1.5,200012300PHO-PHO,200012300PHO-TOR,PHO-2001,1,2001,-11.35,51.71055555555556,rogerro01-2001
guglito01,6.216666666666667,-3.7,200012300PHO-PHO,200012300PHO-TOR,PHO-2001,1,2001,-23.00166666666667,51.71055555555556,guglito01-2001
stojape01,46.46666666666667,7.7,200101020SAC-SAC,200101020SAC-PHO,SAC-2001,1,2001,357.79333333333335,77.62033333333333,stojape01-2001
divacvl01,42.86666666666667,11.9,200101020SAC-SAC,200101020SAC-PHO,SAC-2001,1,2001,510.11333333333334,77.62033333333333,divacvl01-2001
chrisdo01,38.583333333333336,3.1,200101020SAC-SAC,200101020SAC-PHO,SAC-2001,1,2001,119.60833333333335,77.62033333333333,chrisdo01-2001
willija02,33.05,-3.1,200101020SAC-SAC,200101020SAC-PHO,SAC-2001,1,2001,-102.455,77.62033333333333,willija02-2001
fundela01,29.733333333333334,-3.1,200101020SAC-SAC,200101020SAC-PHO,SAC-2001,1,2001,-92.17333333333333,77.62033333333333,fundela01-2001
pollasc01,26.933333333333334,-1.3,200101020SAC-SAC,200101020SAC-PHO,SAC-2001,1,2001,-35.013333333333335,77.62033333333333,pollasc01-2001
jacksbo01,18.916666666666668,-1.5,200101020SAC-SAC,200101020SAC-PHO,SAC-2001,1,2001,-28.375,77.62033333333333,jacksbo01-2001
barryjo01,16.783333333333335,2.9,200101020SAC-SAC,200101020SAC-PHO,SAC-2001,1,2001,48.67166666666667,77.62033333333333,barryjo01-2001
webbech01,7.183333333333334,0.6,200101020SAC-SAC,200101020SAC-PHO,SAC-2001,1,2001,4.31,77.62033333333333,webbech01-2001
turkohe01,4.483333333333333,-1.4,200101020SAC-SAC,200101020SAC-PHO,SAC-2001,1,2001,-6.276666666666666,77.62033333333333,turkohe01-2001
kiddja01,40.85,4.3,200101030PHO-PHO,200101030PHO-LAC,PHO-2001,1,2001,175.655,35.75954545454545,kiddja01-2001
robincl02,34.75,1.5,200101030PHO-PHO,200101030PHO-LAC,PHO-2001,1,2001,52.125,35.75954545454545,robincl02-2001
delkto01,32.56666666666667,-1.4,200101030PHO-PHO,200101030PHO-LAC,PHO-2001,1,2001,-45.593333333333334,35.75954545454545,delkto01-2001
rogerro01,27.816666666666666,2,200101030PHO-PHO,200101030PHO-LAC,PHO-2001,1,2001,55.63333333333333,35.75954545454545,rogerro01-2001
guglito01,25.266666666666666,1.1,200101030PHO-PHO,200101030PHO-LAC,PHO-2001,1,2001,27.793333333333333,35.75954545454545,guglito01-2001
mariosh01,22.933333333333334,5.6,200101030PHO-PHO,200101030PHO-LAC,PHO-2001,1,2001,128.42666666666665,35.75954545454545,mariosh01-2001
tsakaja01,15.833333333333334,-1.6,200101030PHO-PHO,200101030PHO-LAC,PHO-2001,1,2001,-25.333333333333336,35.75954545454545,tsakaja01-2001
mcphepa01,15.55,0.9,200101030PHO-PHO,200101030PHO-LAC,PHO-2001,1,2001,13.995000000000001,35.75954545454545,mcphepa01-2001
dudlech02,10.583333333333334,0,200101030PHO-PHO,200101030PHO-LAC,PHO-2001,1,2001,0,35.75954545454545,dudlech02-2001
perryel01,7.033333333333333,-1.4,200101030PHO-PHO,200101030PHO-LAC,PHO-2001,1,2001,-9.846666666666666,35.75954545454545,perryel01-2001
santida01,6.833333333333333,3,200101030PHO-PHO,200101030PHO-LAC,PHO-2001,1,2001,20.5,35.75954545454545,santida01-2001
delkto01,43.81666666666667,5.9,200101050PHO-PHO,200101050PHO-VAN,PHO-2001,1,2001,258.5183333333334,91.12433333333334,delkto01-2001
robincl02,33.53333333333333,2.6,200101050PHO-PHO,200101050PHO-VAN,PHO-2001,1,2001,87.18666666666667,91.12433333333334,robincl02-2001
mariosh01,29.9,13.1,200101050PHO-PHO,200101050PHO-VAN,PHO-2001,1,2001,391.69,91.12433333333334,mariosh01-2001
kiddja01,29.166666666666668,9.8,200101050PHO-PHO,200101050PHO-VAN,PHO-2001,1,2001,285.83333333333337,91.12433333333334,kiddja01-2001
mcphepa01,21.833333333333332,-2.3,200101050PHO-PHO,200101050PHO-VAN,PHO-2001,1,2001,-50.21666666666666,91.12433333333334,mcphepa01-2001
rogerro01,20.016666666666666,-2.9,200101050PHO-PHO,200101050PHO-VAN,PHO-2001,1,2001,-58.04833333333333,91.12433333333334,rogerro01-2001
guglito01,18.983333333333334,-0.4,200101050PHO-PHO,200101050PHO-VAN,PHO-2001,1,2001,-7.593333333333334,91.12433333333334,guglito01-2001
tsakaja01,15.683333333333334,-0.2,200101050PHO-PHO,200101050PHO-VAN,PHO-2001,1,2001,-3.1366666666666667,91.12433333333334,tsakaja01-2001
santida01,13.883333333333333,0.6,200101050PHO-PHO,200101050PHO-VAN,PHO-2001,1,2001,8.33,91.12433333333334,santida01-2001
dudlech02,13.2,-0.1,200101050PHO-PHO,200101050PHO-VAN,PHO-2001,1,2001,-1.32,91.12433333333334,dudlech02-2001
kiddja01,34.916666666666664,0.9,200101070PHO-PHO,200101070PHO-MIN,PHO-2001,0,2001,31.424999999999997,11.216166666666668,kiddja01-2001
mariosh01,32.61666666666667,0.2,200101070PHO-PHO,200101070PHO-MIN,PHO-2001,0,2001,6.523333333333333,11.216166666666668,mariosh01-2001
delkto01,30.583333333333332,7.7,200101070PHO-PHO,200101070PHO-MIN,PHO-2001,0,2001,235.49166666666667,11.216166666666668,delkto01-2001
guglito01,26.233333333333334,-1.7,200101070PHO-PHO,200101070PHO-MIN,PHO-2001,0,2001,-44.596666666666664,11.216166666666668,guglito01-2001
tsakaja01,25.7,1.8,200101070PHO-PHO,200101070PHO-MIN,PHO-2001,0,2001,46.26,11.216166666666668,tsakaja01-2001
hardaan01,23.733333333333334,0.5,200101070PHO-PHO,200101070PHO-MIN,PHO-2001,0,2001,11.866666666666667,11.216166666666668,hardaan01-2001
robincl02,23.5,-4.6,200101070PHO-PHO,200101070PHO-MIN,PHO-2001,0,2001,-108.1,11.216166666666668,robincl02-2001
rogerro01,17.2,-2.4,200101070PHO-PHO,200101070PHO-MIN,PHO-2001,0,2001,-41.279999999999994,11.216166666666668,rogerro01-2001
mcphepa01,15.133333333333333,-1.2,200101070PHO-PHO,200101070PHO-MIN,PHO-2001,0,2001,-18.16,11.216166666666668,mcphepa01-2001
dudlech02,10.383333333333333,-0.7,200101070PHO-PHO,200101070PHO-MIN,PHO-2001,0,2001,-7.268333333333333,11.216166666666668,dudlech02-2001
kiddja01,45.15,5.3,200101110PHO-PHO,200101110PHO-IND,PHO-2001,1,2001,239.295,61.75393939393939,kiddja01-2001
mariosh01,42.18333333333333,6.5,200101110PHO-PHO,200101110PHO-IND,PHO-2001,1,2001,274.19166666666666,61.75393939393939,mariosh01-2001
delkto01,30.4,1,200101110PHO-PHO,200101110PHO-IND,PHO-2001,1,2001,30.4,61.75393939393939,delkto01-2001
guglito01,27.333333333333332,1.4,200101110PHO-PHO,200101110PHO-IND,PHO-2001,1,2001,38.266666666666666,61.75393939393939,guglito01-2001
robincl02,26.916666666666668,0.9,200101110PHO-PHO,200101110PHO-IND,PHO-2001,1,2001,24.225,61.75393939393939,robincl02-2001
hardaan01,19.416666666666668,8.2,200101110PHO-PHO,200101110PHO-IND,PHO-2001,1,2001,159.21666666666667,61.75393939393939,hardaan01-2001
rogerro01,18.783333333333335,-3.3,200101110PHO-PHO,200101110PHO-IND,PHO-2001,1,2001,-61.985,61.75393939393939,rogerro01-2001
dudlech02,13.433333333333334,0.4,200101110PHO-PHO,200101110PHO-IND,PHO-2001,1,2001,5.373333333333334,61.75393939393939,dudlech02-2001
blounco01,8.333333333333334,-2.4,200101110PHO-PHO,200101110PHO-IND,PHO-2001,1,2001,-20,61.75393939393939,blounco01-2001
tsakaja01,6.833333333333333,-1.4,200101110PHO-PHO,200101110PHO-IND,PHO-2001,1,2001,-9.566666666666666,61.75393939393939,tsakaja01-2001
mcphepa01,1.2333333333333334,-0.1,200101110PHO-PHO,200101110PHO-IND,PHO-2001,1,2001,-0.12333333333333335,61.75393939393939,mcphepa01-2001
eisleho01,46.46666666666667,-0.9,200101130DAL-DAL,200101130DAL-PHO,DAL-2001,0,2001,-41.82,12.510833333333334,eisleho01-2001
finlemi01,45.666666666666664,1.4,200101130DAL-DAL,200101130DAL-PHO,DAL-2001,0,2001,63.93333333333332,12.510833333333334,finlemi01-2001
nowitdi01,34.78333333333333,0.4,200101130DAL-DAL,200101130DAL-PHO,DAL-2001,0,2001,13.913333333333334,12.510833333333334,nowitdi01-2001
bradlsh01,29.233333333333334,4.4,200101130DAL-DAL,200101130DAL-PHO,DAL-2001,0,2001,128.6266666666667,12.510833333333334,bradlsh01-2001
laettch01,26.5,-0.4,200101130DAL-DAL,200101130DAL-PHO,DAL-2001,0,2001,-10.600000000000001,12.510833333333334,laettch01-2001
davishu01,24.9,0.6,200101130DAL-DAL,200101130DAL-PHO,DAL-2001,0,2001,14.939999999999998,12.510833333333334,davishu01-2001
alexaco02,20.533333333333335,-2.2,200101130DAL-DAL,200101130DAL-PHO,DAL-2001,0,2001,-45.17333333333334,12.510833333333334,alexaco02-2001
trentga01,9.483333333333333,-0.1,200101130DAL-DAL,200101130DAL-PHO,DAL-2001,0,2001,-0.9483333333333333,12.510833333333334,trentga01-2001
vaughlo01,2.033333333333333,1.1,200101130DAL-DAL,200101130DAL-PHO,DAL-2001,0,2001,2.236666666666667,12.510833333333334,vaughlo01-2001
harvedo01,0.4166666666666667,0,200101130DAL-DAL,200101130DAL-PHO,DAL-2001,0,2001,0,12.510833333333334,harvedo01-2001
robincl02,40.35,11.9,200101140PHO-PHO,200101140PHO-SEA,PHO-2001,0,2001,480.165,27.775277777777777,robincl02-2001
kiddja01,39.81666666666667,-5.8,200101140PHO-PHO,200101140PHO-SEA,PHO-2001,0,2001,-230.93666666666667,27.775277777777777,kiddja01-2001
mariosh01,36.53333333333333,6.6,200101140PHO-PHO,200101140PHO-SEA,PHO-2001,0,2001,241.11999999999998,27.775277777777777,mariosh01-2001
hardaan01,26.633333333333333,0.1,200101140PHO-PHO,200101140PHO-SEA,PHO-2001,0,2001,2.6633333333333336,27.775277777777777,hardaan01-2001
delkto01,24.3,0,200101140PHO-PHO,200101140PHO-SEA,PHO-2001,0,2001,0,27.775277777777777,delkto01-2001
blounco01,18.5,-3,200101140PHO-PHO,200101140PHO-SEA,PHO-2001,0,2001,-55.5,27.775277777777777,blounco01-2001
dudlech02,15.8,-3.7,200101140PHO-PHO,200101140PHO-SEA,PHO-2001,0,2001,-58.46000000000001,27.775277777777777,dudlech02-2001
guglito01,12.433333333333334,-0.9,200101140PHO-PHO,200101140PHO-SEA,PHO-2001,0,2001,-11.190000000000001,27.775277777777777,guglito01-2001
rogerro01,10.85,-3.1,200101140PHO-PHO,200101140PHO-SEA,PHO-2001,0,2001,-33.635,27.775277777777777,rogerro01-2001
eliema01,8.733333333333333,0.2,200101140PHO-PHO,200101140PHO-SEA,PHO-2001,0,2001,1.7466666666666666,27.775277777777777,eliema01-2001
mcphepa01,3.2,-0.3,200101140PHO-PHO,200101140PHO-SEA,PHO-2001,0,2001,-0.96,27.775277777777777,mcphepa01-2001
tsakaja01,2.85,-0.6,200101140PHO-PHO,200101140PHO-SEA,PHO-2001,0,2001,-1.71,27.775277777777777,tsakaja01-2001
paytoga01,43.4,-3.6,200101170SEA-SEA,200101170SEA-PHO,SEA-2001,0,2001,-156.24,47.899629629629636,paytoga01-2001
lewisra02,40.96666666666667,4,200101170SEA-SEA,200101170SEA-PHO,SEA-2001,0,2001,163.86666666666667,47.899629629629636,lewisra02-2001
patteru01,40.233333333333334,3.9,200101170SEA-SEA,200101170SEA-PHO,SEA-2001,0,2001,156.91,47.899629629629636,patteru01-2001
davisem01,34.583333333333336,1.1,200101170SEA-SEA,200101170SEA-PHO,SEA-2001,0,2001,38.04166666666667,47.899629629629636,davisem01-2001
barrybr01,30.416666666666668,11.5,200101170SEA-SEA,200101170SEA-PHO,SEA-2001,0,2001,349.7916666666667,47.899629629629636,barrybr01-2001
bakervi01,22.216666666666665,-2.8,200101170SEA-SEA,200101170SEA-PHO,SEA-2001,0,2001,-62.206666666666656,47.899629629629636,bakervi01-2001
ewingpa01,13.383333333333333,-3.6,200101170SEA-SEA,200101170SEA-PHO,SEA-2001,0,2001,-48.18,47.899629629629636,ewingpa01-2001
mccoyje01,7.766666666666667,0.5,200101170SEA-SEA,200101170SEA-PHO,SEA-2001,0,2001,3.8833333333333333,47.899629629629636,mccoyje01-2001
masonde01,7.033333333333333,-2.1,200101170SEA-SEA,200101170SEA-PHO,SEA-2001,0,2001,-14.77,47.899629629629636,masonde01-2001
robincl02,42.916666666666664,10.7,200101190PHO-PHO,200101190PHO-GSW,PHO-2001,0,2001,459.20833333333326,39.393148148148136,robincl02-2001
mariosh01,41.45,-1.3,200101190PHO-PHO,200101190PHO-GSW,PHO-2001,0,2001,-53.885000000000005,39.393148148148136,mariosh01-2001
delkto01,36.21666666666667,-3.2,200101190PHO-PHO,200101190PHO-GSW,PHO-2001,0,2001,-115.89333333333335,39.393148148148136,delkto01-2001
eliema01,34.43333333333333,-1.8,200101190PHO-PHO,200101190PHO-GSW,PHO-2001,0,2001,-61.98,39.393148148148136,eliema01-2001
rogerro01,33.516666666666666,7.8,200101190PHO-PHO,200101190PHO-GSW,PHO-2001,0,2001,261.43,39.393148148148136,rogerro01-2001
tsakaja01,18.566666666666666,-3.5,200101190PHO-PHO,200101190PHO-GSW,PHO-2001,0,2001,-64.98333333333333,39.393148148148136,tsakaja01-2001
perryel01,18.416666666666668,-1.1,200101190PHO-PHO,200101190PHO-GSW,PHO-2001,0,2001,-20.258333333333336,39.393148148148136,perryel01-2001
mcphepa01,7.583333333333333,-4.2,200101190PHO-PHO,200101190PHO-GSW,PHO-2001,0,2001,-31.85,39.393148148148136,mcphepa01-2001
dudlech02,6.9,-2.5,200101190PHO-PHO,200101190PHO-GSW,PHO-2001,0,2001,-17.25,39.393148148148136,dudlech02-2001
malonka01,36.68333333333333,5,200101210UTA-UTA,200101210UTA-PHO,UTA-2001,1,2001,183.41666666666666,59.54151515151515,malonka01-2001
starkjo01,35.233333333333334,1,200101210UTA-UTA,200101210UTA-PHO,UTA-2001,1,2001,35.233333333333334,59.54151515151515,starkjo01-2001
marshdo01,33.21666666666667,5.4,200101210UTA-UTA,200101210UTA-PHO,UTA-2001,1,2001,179.37000000000003,59.54151515151515,marshdo01-2001
stockjo01,31.333333333333332,3.5,200101210UTA-UTA,200101210UTA-PHO,UTA-2001,1,2001,109.66666666666666,59.54151515151515,stockjo01-2001
russebr01,27.6,1.1,200101210UTA-UTA,200101210UTA-PHO,UTA-2001,1,2001,30.360000000000003,59.54151515151515,russebr01-2001
ostergr01,27.416666666666668,4.3,200101210UTA-UTA,200101210UTA-PHO,UTA-2001,1,2001,117.89166666666667,59.54151515151515,ostergr01-2001
vaughja01,17.15,0.6,200101210UTA-UTA,200101210UTA-PHO,UTA-2001,1,2001,10.29,59.54151515151515,vaughja01-2001
polynol01,16.1,-1.1,200101210UTA-UTA,200101210UTA-PHO,UTA-2001,1,2001,-17.710000000000004,59.54151515151515,polynol01-2001
mannida01,8.45,1.4,200101210UTA-UTA,200101210UTA-PHO,UTA-2001,1,2001,11.829999999999998,59.54151515151515,mannida01-2001
benoida01,3.5833333333333335,0.3,200101210UTA-UTA,200101210UTA-PHO,UTA-2001,1,2001,1.075,59.54151515151515,benoida01-2001
stevede01,3.2333333333333334,-2,200101210UTA-UTA,200101210UTA-PHO,UTA-2001,1,2001,-6.466666666666667,59.54151515151515,stevede01-2001
garneke01,39.916666666666664,3.3,200101230MIN-MIN,200101230MIN-PHO,MIN-2001,1,2001,131.725,48.080606060606065,garneke01-2001
brandte01,37.85,9.8,200101230MIN-MIN,200101230MIN-PHO,MIN-2001,1,2001,370.93000000000006,48.080606060606065,brandte01-2001
szczewa02,32.13333333333333,-0.1,200101230MIN-MIN,200101230MIN-PHO,MIN-2001,1,2001,-3.2133333333333334,48.080606060606065,szczewa02-2001
peelean01,27.333333333333332,-1.5,200101230MIN-MIN,200101230MIN-PHO,MIN-2001,1,2001,-41,48.080606060606065,peelean01-2001
ellisla01,26.516666666666666,0.7,200101230MIN-MIN,200101230MIN-PHO,MIN-2001,1,2001,18.561666666666664,48.080606060606065,ellisla01-2001
dayto01,20.666666666666668,0.6,200101230MIN-MIN,200101230MIN-PHO,MIN-2001,1,2001,12.4,48.080606060606065,dayto01-2001
nestera01,16.233333333333334,-0.2,200101230MIN-MIN,200101230MIN-PHO,MIN-2001,1,2001,-3.246666666666667,48.080606060606065,nestera01-2001
mitchsa01,15.866666666666667,1.4,200101230MIN-MIN,200101230MIN-PHO,MIN-2001,1,2001,22.21333333333333,48.080606060606065,mitchsa01-2001
averywi01,10.15,1.4,200101230MIN-MIN,200101230MIN-PHO,MIN-2001,1,2001,14.209999999999999,48.080606060606065,averywi01-2001
garrede01,6.866666666666667,-0.4,200101230MIN-MIN,200101230MIN-PHO,MIN-2001,1,2001,-2.746666666666667,48.080606060606065,garrede01-2001
slatere01,6.466666666666667,1.4,200101230MIN-MIN,200101230MIN-PHO,MIN-2001,1,2001,9.053333333333333,48.080606060606065,slatere01-2001
stackje01,33.25,6.8,200101240DET-DET,200101240DET-PHO,DET-2001,0,2001,226.1,-28.096666666666668,stackje01-2001
cleavma01,26.416666666666668,-6.3,200101240DET-DET,200101240DET-PHO,DET-2001,0,2001,-166.425,-28.096666666666668,cleavma01-2001
barroda01,25.766666666666666,-1.5,200101240DET-DET,200101240DET-PHO,DET-2001,0,2001,-38.65,-28.096666666666668,barroda01-2001
wallabe01,24.65,-3.2,200101240DET-DET,200101240DET-PHO,DET-2001,0,2001,-78.88,-28.096666666666668,wallabe01-2001
willije01,23.15,-0.4,200101240DET-DET,200101240DET-PHO,DET-2001,0,2001,-9.26,-28.096666666666668,willije01-2001
smithjo02,23.066666666666666,-4.6,200101240DET-DET,200101240DET-PHO,DET-2001,0,2001,-106.10666666666665,-28.096666666666668,smithjo02-2001
mooremi01,22.766666666666666,-5,200101240DET-DET,200101240DET-PHO,DET-2001,0,2001,-113.83333333333333,-28.096666666666668,mooremi01-2001
atkinch01,19.1,-1.8,200101240DET-DET,200101240DET-PHO,DET-2001,0,2001,-34.38,-28.096666666666668,atkinch01-2001
wallajo01,15.766666666666667,-0.2,200101240DET-DET,200101240DET-PHO,DET-2001,0,2001,-3.1533333333333338,-28.096666666666668,wallajo01-2001
currymi01,14.95,-0.3,200101240DET-DET,200101240DET-PHO,DET-2001,0,2001,-4.484999999999999,-28.096666666666668,currymi01-2001
buechju01,11.116666666666667,1.8,200101240DET-DET,200101240DET-PHO,DET-2001,0,2001,20.01,-28.096666666666668,buechju01-2001
piercpa01,43.11666666666667,3.1,200101260BOS-BOS,200101260BOS-PHO,BOS-2001,1,2001,133.66166666666666,82.82388888888887,piercpa01-2001
walkean02,39.666666666666664,13.2,200101260BOS-BOS,200101260BOS-PHO,BOS-2001,1,2001,523.5999999999999,82.82388888888887,walkean02-2001
stithbr01,34.583333333333336,-4.2,200101260BOS-BOS,200101260BOS-PHO,BOS-2001,1,2001,-145.25000000000003,82.82388888888887,stithbr01-2001
willier01,26.066666666666666,4.1,200101260BOS-BOS,200101260BOS-PHO,BOS-2001,1,2001,106.87333333333332,82.82388888888887,willier01-2001
palacmi01,24.95,1.8,200101260BOS-BOS,200101260BOS-PHO,BOS-2001,1,2001,44.91,82.82388888888887,palacmi01-2001
blounma01,24.266666666666666,2.7,200101260BOS-BOS,200101260BOS-PHO,BOS-2001,1,2001,65.52,82.82388888888887,blounma01-2001
brownra02,23.05,-0.8,200101260BOS-BOS,200101260BOS-PHO,BOS-2001,1,2001,-18.44,82.82388888888887,brownra02-2001
potapvi01,20.6,2,200101260BOS-BOS,200101260BOS-PHO,BOS-2001,1,2001,41.2,82.82388888888887,potapvi01-2001
carrch01,3.7,-1.8,200101260BOS-BOS,200101260BOS-PHO,BOS-2001,1,2001,-6.66,82.82388888888887,carrch01-2001
howarju01,43.18333333333333,1.4,200101270WAS-WAS,200101270WAS-PHO,WAS-2001,1,2001,60.456666666666656,35.051515151515154,howarju01-2001
hamilri01,35.983333333333334,4.7,200101270WAS-WAS,200101270WAS-PHO,WAS-2001,1,2001,169.12166666666667,35.051515151515154,hamilri01-2001
whiteja01,26.583333333333332,-2.6,200101270WAS-WAS,200101270WAS-PHO,WAS-2001,1,2001,-69.11666666666666,35.051515151515154,whiteja01-2001
nesbyty01,26.35,-1.9,200101270WAS-WAS,200101270WAS-PHO,WAS-2001,1,2001,-50.065,35.051515151515154,nesbyty01-2001
whitnch01,25.516666666666666,4,200101270WAS-WAS,200101270WAS-PHO,WAS-2001,1,2001,102.06666666666666,35.051515151515154,whitnch01-2001
stricro02,22.483333333333334,7.3,200101270WAS-WAS,200101270WAS-PHO,WAS-2001,1,2001,164.12833333333333,35.051515151515154,stricro02-2001
richmmi01,20.716666666666665,-2.9,200101270WAS-WAS,200101270WAS-PHO,WAS-2001,1,2001,-60.078333333333326,35.051515151515154,richmmi01-2001
smithmi02,20.233333333333334,3.9,200101270WAS-WAS,200101270WAS-PHO,WAS-2001,1,2001,78.91,35.051515151515154,smithmi02-2001
boothca01,12.066666666666666,-0.6,200101270WAS-WAS,200101270WAS-PHO,WAS-2001,1,2001,-7.239999999999999,35.051515151515154,boothca01-2001
jonespo01,4.816666666666666,-0.2,200101270WAS-WAS,200101270WAS-PHO,WAS-2001,1,2001,-0.9633333333333334,35.051515151515154,jonespo01-2001
lopezfe01,2.066666666666667,-0.8,200101270WAS-WAS,200101270WAS-PHO,WAS-2001,1,2001,-1.6533333333333335,35.051515151515154,lopezfe01-2001
terryja01,41.71666666666667,6.9,200101290ATL-ATL,200101290ATL-PHO,ATL-2001,0,2001,287.845,8.000454545454549,terryja01-2001
johnsde03,34.9,1,200101290ATL-ATL,200101290ATL-PHO,ATL-2001,0,2001,34.9,8.000454545454549,johnsde03-2001
mutomdi01,33.733333333333334,-0.2,200101290ATL-ATL,200101290ATL-PHO,ATL-2001,0,2001,-6.746666666666667,8.000454545454549,mutomdi01-2001
wrighlo02,31.883333333333333,-4.4,200101290ATL-ATL,200101290ATL-PHO,ATL-2001,0,2001,-140.28666666666666,8.000454545454549,wrighlo02-2001
crawfch01,31.333333333333332,-0.2,200101290ATL-ATL,200101290ATL-PHO,ATL-2001,0,2001,-6.266666666666667,8.000454545454549,crawfch01-2001
hendeal01,18.466666666666665,-4.8,200101290ATL-ATL,200101290ATL-PHO,ATL-2001,0,2001,-88.63999999999999,8.000454545454549,hendeal01-2001
mcleoro01,15.083333333333334,2.3,200101290ATL-ATL,200101290ATL-PHO,ATL-2001,0,2001,34.69166666666666,8.000454545454549,mcleoro01-2001
smithto02,12.033333333333333,-2.7,200101290ATL-ATL,200101290ATL-PHO,ATL-2001,0,2001,-32.49,8.000454545454549,smithto02-2001
mottoha01,9.633333333333333,-0.9,200101290ATL-ATL,200101290ATL-PHO,ATL-2001,0,2001,-8.67,8.000454545454549,mottoha01-2001
glovedi01,8.933333333333334,1.3,200101290ATL-ATL,200101290ATL-PHO,ATL-2001,0,2001,11.613333333333333,8.000454545454549,glovedi01-2001
bowdlca01,2.283333333333333,0.9,200101290ATL-ATL,200101290ATL-PHO,ATL-2001,0,2001,2.055,8.000454545454549,bowdlca01-2001
robincl02,47.05,4,200101310PHO-PHO,200101310PHO-VAN,PHO-2001,1,2001,188.2,58.901666666666664,robincl02-2001
kiddja01,39.266666666666666,5.1,200101310PHO-PHO,200101310PHO-VAN,PHO-2001,1,2001,200.26,58.901666666666664,kiddja01-2001
tsakaja01,32.583333333333336,3.7,200101310PHO-PHO,200101310PHO-VAN,PHO-2001,1,2001,120.55833333333335,58.901666666666664,tsakaja01-2001
mariosh01,31.416666666666668,2.4,200101310PHO-PHO,200101310PHO-VAN,PHO-2001,1,2001,75.4,58.901666666666664,mariosh01-2001
delkto01,31.25,0.5,200101310PHO-PHO,200101310PHO-VAN,PHO-2001,1,2001,15.625,58.901666666666664,delkto01-2001
eliema01,17.166666666666668,0.9,200101310PHO-PHO,200101310PHO-VAN,PHO-2001,1,2001,15.450000000000001,58.901666666666664,eliema01-2001
rogerro01,14.533333333333333,-1.5,200101310PHO-PHO,200101310PHO-VAN,PHO-2001,1,2001,-21.8,58.901666666666664,rogerro01-2001
santida01,9.9,-3.4,200101310PHO-PHO,200101310PHO-VAN,PHO-2001,1,2001,-33.660000000000004,58.901666666666664,santida01-2001
perryel01,8.733333333333333,1,200101310PHO-PHO,200101310PHO-VAN,PHO-2001,1,2001,8.733333333333333,58.901666666666664,perryel01-2001
delnevi01,8.1,2.5,200101310PHO-PHO,200101310PHO-VAN,PHO-2001,1,2001,20.25,58.901666666666664,delnevi01-2001
davisda01,36,-0.3,200102010POR-POR,200102010POR-PHO,POR-2001,1,2001,-10.799999999999999,63.22416666666667,davisda01-2001
stoudda01,34.46666666666667,7.5,200102010POR-POR,200102010POR-PHO,POR-2001,1,2001,258.5,63.22416666666667,stoudda01-2001
wallara01,29.916666666666668,7.6,200102010POR-POR,200102010POR-PHO,POR-2001,1,2001,227.36666666666667,63.22416666666667,wallara01-2001
wellsbo01,26.633333333333333,7.3,200102010POR-POR,200102010POR-PHO,POR-2001,1,2001,194.42333333333332,63.22416666666667,wellsbo01-2001
smithst01,26.366666666666667,4.5,200102010POR-POR,200102010POR-PHO,POR-2001,1,2001,118.65,63.22416666666667,smithst01-2001
sabonar01,23.166666666666668,-2.7,200102010POR-POR,200102010POR-PHO,POR-2001,1,2001,-62.550000000000004,63.22416666666667,sabonar01-2001
augmost01,21.45,-4.7,200102010POR-POR,200102010POR-PHO,POR-2001,1,2001,-100.815,63.22416666666667,augmost01-2001
kempsh01,14.65,0.1,200102010POR-POR,200102010POR-PHO,POR-2001,1,2001,1.465,63.22416666666667,kempsh01-2001
schrede01,13.816666666666666,-2.7,200102010POR-POR,200102010POR-PHO,POR-2001,1,2001,-37.305,63.22416666666667,schrede01-2001
anthogr01,13.533333333333333,3.2,200102010POR-POR,200102010POR-PHO,POR-2001,1,2001,43.30666666666667,63.22416666666667,anthogr01-2001
kiddja01,44.9,1,200102040PHO-PHO,200102040PHO-CHH,PHO-2001,1,2001,44.9,73.70037037037036,kiddja01-2001
mariosh01,39.2,0.7,200102040PHO-PHO,200102040PHO-CHH,PHO-2001,1,2001,27.44,73.70037037037036,mariosh01-2001
delkto01,32.11666666666667,2.8,200102040PHO-PHO,200102040PHO-CHH,PHO-2001,1,2001,89.92666666666666,73.70037037037036,delkto01-2001
guglito01,31.85,7.1,200102040PHO-PHO,200102040PHO-CHH,PHO-2001,1,2001,226.135,73.70037037037036,guglito01-2001
rogerro01,29.75,8,200102040PHO-PHO,200102040PHO-CHH,PHO-2001,1,2001,238,73.70037037037036,rogerro01-2001
robincl02,28.35,5.2,200102040PHO-PHO,200102040PHO-CHH,PHO-2001,1,2001,147.42000000000002,73.70037037037036,robincl02-2001
delnevi01,16.783333333333335,-5.6,200102040PHO-PHO,200102040PHO-CHH,PHO-2001,1,2001,-93.98666666666666,73.70037037037036,delnevi01-2001
tsakaja01,9.266666666666667,-1.7,200102040PHO-PHO,200102040PHO-CHH,PHO-2001,1,2001,-15.753333333333334,73.70037037037036,tsakaja01-2001
eliema01,7.783333333333333,-0.1,200102040PHO-PHO,200102040PHO-CHH,PHO-2001,1,2001,-0.7783333333333333,73.70037037037036,eliema01-2001
guglito01,31.633333333333333,1.3,200102060PHO-PHO,200102060PHO-CHI,PHO-2001,1,2001,41.123333333333335,33.35090909090909,guglito01-2001
mariosh01,29.516666666666666,6.7,200102060PHO-PHO,200102060PHO-CHI,PHO-2001,1,2001,197.76166666666666,33.35090909090909,mariosh01-2001
tsakaja01,28.783333333333335,3.1,200102060PHO-PHO,200102060PHO-CHI,PHO-2001,1,2001,89.22833333333334,33.35090909090909,tsakaja01-2001
rogerro01,26.583333333333332,1.4,200102060PHO-PHO,200102060PHO-CHI,PHO-2001,1,2001,37.21666666666666,33.35090909090909,rogerro01-2001
delkto01,25.966666666666665,-4.2,200102060PHO-PHO,200102060PHO-CHI,PHO-2001,1,2001,-109.06,33.35090909090909,delkto01-2001
robincl02,22.933333333333334,2.6,200102060PHO-PHO,200102060PHO-CHI,PHO-2001,1,2001,59.62666666666667,33.35090909090909,robincl02-2001
kiddja01,21.416666666666668,4.9,200102060PHO-PHO,200102060PHO-CHI,PHO-2001,1,2001,104.94166666666668,33.35090909090909,kiddja01-2001
perryel01,17.1,-0.8,200102060PHO-PHO,200102060PHO-CHI,PHO-2001,1,2001,-13.680000000000001,33.35090909090909,perryel01-2001
eliema01,16.216666666666665,1.6,200102060PHO-PHO,200102060PHO-CHI,PHO-2001,1,2001,25.946666666666665,33.35090909090909,eliema01-2001
delnevi01,15.3,-4.3,200102060PHO-PHO,200102060PHO-CHI,PHO-2001,1,2001,-65.79,33.35090909090909,delnevi01-2001
santida01,4.55,-0.1,200102060PHO-PHO,200102060PHO-CHI,PHO-2001,1,2001,-0.455,33.35090909090909,santida01-2001
bryanko01,44.88333333333333,15.4,200102070LAL-LAL,200102070LAL-PHO,LAL-2001,1,2001,691.2033333333334,77.49575757575758,bryanko01-2001
grantho01,35.266666666666666,0.8,200102070LAL-LAL,200102070LAL-PHO,LAL-2001,1,2001,28.213333333333335,77.49575757575758,grantho01-2001
harpero01,34.916666666666664,0.8,200102070LAL-LAL,200102070LAL-PHO,LAL-2001,1,2001,27.933333333333334,77.49575757575758,harpero01-2001
madsema01,31.666666666666668,4.1,200102070LAL-LAL,200102070LAL-PHO,LAL-2001,1,2001,129.83333333333331,77.49575757575758,madsema01-2001
foxri01,26.2,4.8,200102070LAL-LAL,200102070LAL-PHO,LAL-2001,1,2001,125.75999999999999,77.49575757575758,foxri01-2001
shawbr01,24,-2.4,200102070LAL-LAL,200102070LAL-PHO,LAL-2001,1,2001,-57.599999999999994,77.49575757575758,shawbr01-2001
horryro01,12.933333333333334,-4.5,200102070LAL-LAL,200102070LAL-PHO,LAL-2001,1,2001,-58.2,77.49575757575758,horryro01-2001
luety01,11.233333333333333,0.6,200102070LAL-LAL,200102070LAL-PHO,LAL-2001,1,2001,6.739999999999999,77.49575757575758,luety01-2001
fostegr01,9.683333333333334,-0.8,200102070LAL-LAL,200102070LAL-PHO,LAL-2001,1,2001,-7.746666666666667,77.49575757575758,fostegr01-2001
rideris01,7.933333333333334,-4,200102070LAL-LAL,200102070LAL-PHO,LAL-2001,1,2001,-31.733333333333334,77.49575757575758,rideris01-2001
georgde01,1.3,-1.5,200102070LAL-LAL,200102070LAL-PHO,LAL-2001,1,2001,-1.9500000000000002,77.49575757575758,georgde01-2001
jamisan01,43.1,8.1,200102130GSW-GSW,200102130GSW-PHO,GSW-2001,0,2001,349.11,7.0408333333333335,jamisan01-2001
blaylmo01,32.1,-6.6,200102130GSW-GSW,200102130GSW-PHO,GSW-2001,0,2001,-211.85999999999999,7.0408333333333335,blaylmo01-2001
jacksma02,31.783333333333335,-5.6,200102130GSW-GSW,200102130GSW-PHO,GSW-2001,0,2001,-177.98666666666668,7.0408333333333335,jacksma02-2001
surabo01,31.766666666666666,-0.9,200102130GSW-GSW,200102130GSW-PHO,GSW-2001,0,2001,-28.59,7.0408333333333335,surabo01-2001
hughela01,25.65,0.8,200102130GSW-GSW,200102130GSW-PHO,GSW-2001,0,2001,20.52,7.0408333333333335,hughela01-2001
foylead01,25.35,-1.8,200102130GSW-GSW,200102130GSW-PHO,GSW-2001,0,2001,-45.63,7.0408333333333335,foylead01-2001
blounco01,23.783333333333335,-0.1,200102130GSW-GSW,200102130GSW-PHO,GSW-2001,0,2001,-2.3783333333333334,7.0408333333333335,blounco01-2001
cummivo01,21.466666666666665,7.7,200102130GSW-GSW,200102130GSW-PHO,GSW-2001,0,2001,165.29333333333332,7.0408333333333335,cummivo01-2001
mcphepa01,3.216666666666667,0.6,200102130GSW-GSW,200102130GSW-PHO,GSW-2001,0,2001,1.93,7.0408333333333335,mcphepa01-2001
garceru01,1.7833333333333332,0,200102130GSW-GSW,200102130GSW-PHO,GSW-2001,0,2001,0,7.0408333333333335,garceru01-2001
robincl02,43.5,5.5,200102140PHO-PHO,200102140PHO-MIN,PHO-2001,1,2001,239.25,91.86777777777777,robincl02-2001
kiddja01,43.11666666666667,4,200102140PHO-PHO,200102140PHO-MIN,PHO-2001,1,2001,172.46666666666667,91.86777777777777,kiddja01-2001
mariosh01,39.75,10.4,200102140PHO-PHO,200102140PHO-MIN,PHO-2001,1,2001,413.40000000000003,91.86777777777777,mariosh01-2001
rogerro01,33.88333333333333,-0.7,200102140PHO-PHO,200102140PHO-MIN,PHO-2001,1,2001,-23.71833333333333,91.86777777777777,rogerro01-2001
delkto01,25.633333333333333,-2.2,200102140PHO-PHO,200102140PHO-MIN,PHO-2001,1,2001,-56.39333333333334,91.86777777777777,delkto01-2001
delnevi01,25.233333333333334,2.5,200102140PHO-PHO,200102140PHO-MIN,PHO-2001,1,2001,63.083333333333336,91.86777777777777,delnevi01-2001
tsakaja01,20.433333333333334,1.2,200102140PHO-PHO,200102140PHO-MIN,PHO-2001,1,2001,24.52,91.86777777777777,tsakaja01-2001
eliema01,8.283333333333333,-0.7,200102140PHO-PHO,200102140PHO-MIN,PHO-2001,1,2001,-5.798333333333333,91.86777777777777,eliema01-2001
perryel01,0.16666666666666666,0,200102140PHO-PHO,200102140PHO-MIN,PHO-2001,1,2001,0,91.86777777777777,perryel01-2001
iversal01,42.583333333333336,3.7,200102180PHI-PHI,200102180PHI-PHO,PHI-2001,1,2001,157.55833333333334,59.07616666666666,iversal01-2001
lynchge01,42.3,10.2,200102180PHI-PHI,200102180PHI-PHO,PHI-2001,1,2001,431.4599999999999,59.07616666666666,lynchge01-2001
hillty01,36.05,-4.8,200102180PHI-PHI,200102180PHI-PHO,PHI-2001,1,2001,-173.04,59.07616666666666,hillty01-2001
snower01,32.583333333333336,-3,200102180PHI-PHI,200102180PHI-PHO,PHI-2001,1,2001,-97.75,59.07616666666666,snower01-2001
kukocto01,27.2,3.3,200102180PHI-PHI,200102180PHI-PHO,PHI-2001,1,2001,89.75999999999999,59.07616666666666,kukocto01-2001
mckieaa01,25.383333333333333,5.8,200102180PHI-PHI,200102180PHI-PHO,PHI-2001,1,2001,147.22333333333333,59.07616666666666,mckieaa01-2001
geigema01,16.266666666666666,2.1,200102180PHI-PHI,200102180PHI-PHO,PHI-2001,1,2001,34.16,59.07616666666666,geigema01-2001
buforro01,7.883333333333333,-0.5,200102180PHI-PHI,200102180PHI-PHO,PHI-2001,1,2001,-3.9416666666666664,59.07616666666666,buforro01-2001
maccuto01,6.883333333333333,-0.1,200102180PHI-PHI,200102180PHI-PHO,PHI-2001,1,2001,-0.6883333333333334,59.07616666666666,maccuto01-2001
jonesju01,2.8666666666666667,2.1,200102180PHI-PHI,200102180PHI-PHO,PHI-2001,1,2001,6.0200000000000005,59.07616666666666,jonesju01-2001
mcgratr01,44.81666666666667,14.9,200102200ORL-ORL,200102200ORL-PHO,ORL-2001,0,2001,667.7683333333334,61.70984848484849,mcgratr01-2001
outlabo01,38.733333333333334,1.5,200102200ORL-ORL,200102200ORL-PHO,ORL-2001,0,2001,58.1,61.70984848484849,outlabo01-2001
millemi01,36.35,-0.8,200102200ORL-ORL,200102200ORL-PHO,ORL-2001,0,2001,-29.080000000000002,61.70984848484849,millemi01-2001
armstda01,35.6,-4.8,200102200ORL-ORL,200102200ORL-PHO,ORL-2001,0,2001,-170.88,61.70984848484849,armstda01-2001
amaecjo01,24.05,6.4,200102200ORL-ORL,200102200ORL-PHO,ORL-2001,0,2001,153.92000000000002,61.70984848484849,amaecjo01-2001
reiddo01,18.716666666666665,2.1,200102200ORL-ORL,200102200ORL-PHO,ORL-2001,0,2001,39.305,61.70984848484849,reiddo01-2001
willimo01,14.8,1.1,200102200ORL-ORL,200102200ORL-PHO,ORL-2001,0,2001,16.28,61.70984848484849,willimo01-2001
alexaco01,7.716666666666667,0.1,200102200ORL-ORL,200102200ORL-PHO,ORL-2001,0,2001,0.7716666666666667,61.70984848484849,alexaco01-2001
doleami01,6.933333333333334,-3.2,200102200ORL-ORL,200102200ORL-PHO,ORL-2001,0,2001,-22.186666666666667,61.70984848484849,doleami01-2001
declean01,6.833333333333333,-1.8,200102200ORL-ORL,200102200ORL-PHO,ORL-2001,0,2001,-12.299999999999999,61.70984848484849,declean01-2001
hudsotr01,5.45,-4.2,200102200ORL-ORL,200102200ORL-PHO,ORL-2001,0,2001,-22.89,61.70984848484849,hudsotr01-2001
masonan01,32.96666666666667,-2.4,200102210MIA-MIA,200102210MIA-PHO,MIA-2001,0,2001,-79.12,14.620999999999999,masonan01-2001
jonesed02,31.733333333333334,4.7,200102210MIA-MIA,200102210MIA-PHO,MIA-2001,0,2001,149.14666666666668,14.620999999999999,jonesed02-2001
cartean01,30.433333333333334,5.6,200102210MIA-MIA,200102210MIA-PHO,MIA-2001,0,2001,170.42666666666665,14.620999999999999,cartean01-2001
grantbr01,29.45,0.9,200102210MIA-MIA,200102210MIA-PHO,MIA-2001,0,2001,26.505,14.620999999999999,grantbr01-2001
bowenbr01,28.5,-0.7,200102210MIA-MIA,200102210MIA-PHO,MIA-2001,0,2001,-19.95,14.620999999999999,bowenbr01-2001
greenac01,26.066666666666666,2.8,200102210MIA-MIA,200102210MIA-PHO,MIA-2001,0,2001,72.98666666666666,14.620999999999999,greenac01-2001
hardati01,21.833333333333332,-4.2,200102210MIA-MIA,200102210MIA-PHO,MIA-2001,0,2001,-91.7,14.620999999999999,hardati01-2001
majerda01,20.516666666666666,-3,200102210MIA-MIA,200102210MIA-PHO,MIA-2001,0,2001,-61.55,14.620999999999999,majerda01-2001
houseed01,14.05,-2,200102210MIA-MIA,200102210MIA-PHO,MIA-2001,0,2001,-28.1,14.620999999999999,houseed01-2001
macledo01,4.45,1.7,200102210MIA-MIA,200102210MIA-PHO,MIA-2001,0,2001,7.565,14.620999999999999,macledo01-2001
sprewla01,46.18333333333333,5.9,200102230NYK-NYK,200102230NYK-PHO,NYK-2001,0,2001,272.4816666666667,85.50625000000001,sprewla01-2001
cambyma01,44,3.5,200102230NYK-NYK,200102230NYK-PHO,NYK-2001,0,2001,154,85.50625000000001,cambyma01-2001
johnsla02,42.36666666666667,4.4,200102230NYK-NYK,200102230NYK-PHO,NYK-2001,0,2001,186.41333333333336,85.50625000000001,johnsla02-2001
houstal01,42.05,6.4,200102230NYK-NYK,200102230NYK-PHO,NYK-2001,0,2001,269.12,85.50625000000001,houstal01-2001
wardch01,34.35,-3,200102230NYK-NYK,200102230NYK-PHO,NYK-2001,0,2001,-103.05000000000001,85.50625000000001,wardch01-2001
ricegl01,23.716666666666665,-4.8,200102230NYK-NYK,200102230NYK-PHO,NYK-2001,0,2001,-113.83999999999999,85.50625000000001,ricegl01-2001
thomaku01,19.5,1.3,200102230NYK-NYK,200102230NYK-PHO,NYK-2001,0,2001,25.35,85.50625000000001,thomaku01-2001
jacksma01,12.85,-0.5,200102230NYK-NYK,200102230NYK-PHO,NYK-2001,0,2001,-6.425,85.50625000000001,jacksma01-2001
mariosh01,42.63333333333333,11.1,200102250PHO-PHO,200102250PHO-UTA,PHO-2001,1,2001,473.22999999999996,90.32983333333333,mariosh01-2001
kiddja01,42.516666666666666,4.6,200102250PHO-PHO,200102250PHO-UTA,PHO-2001,1,2001,195.57666666666665,90.32983333333333,kiddja01-2001
tsakaja01,32.483333333333334,2.1,200102250PHO-PHO,200102250PHO-UTA,PHO-2001,1,2001,68.215,90.32983333333333,tsakaja01-2001
robincl02,28.6,1.3,200102250PHO-PHO,200102250PHO-UTA,PHO-2001,1,2001,37.18,90.32983333333333,robincl02-2001
delkto01,28.4,5.9,200102250PHO-PHO,200102250PHO-UTA,PHO-2001,1,2001,167.56,90.32983333333333,delkto01-2001
rogerro01,22.316666666666666,1.7,200102250PHO-PHO,200102250PHO-UTA,PHO-2001,1,2001,37.93833333333333,90.32983333333333,rogerro01-2001
delnevi01,15.933333333333334,0.7,200102250PHO-PHO,200102250PHO-UTA,PHO-2001,1,2001,11.153333333333332,90.32983333333333,delnevi01-2001
guglito01,14.883333333333333,-5.9,200102250PHO-PHO,200102250PHO-UTA,PHO-2001,1,2001,-87.81166666666667,90.32983333333333,guglito01-2001
eliema01,12,0,200102250PHO-PHO,200102250PHO-UTA,PHO-2001,1,2001,0,90.32983333333333,eliema01-2001
dudlech02,0.23333333333333334,1.1,200102250PHO-PHO,200102250PHO-UTA,PHO-2001,1,2001,0.2566666666666667,90.32983333333333,dudlech02-2001
kiddja01,43.36666666666667,1.4,200102280PHO-PHO,200102280PHO-ORL,PHO-2001,0,2001,60.71333333333333,37.25777777777778,kiddja01-2001
robincl02,38.96666666666667,9.4,200102280PHO-PHO,200102280PHO-ORL,PHO-2001,0,2001,366.2866666666667,37.25777777777778,robincl02-2001
eliema01,32.05,-0.5,200102280PHO-PHO,200102280PHO-ORL,PHO-2001,0,2001,-16.025,37.25777777777778,eliema01-2001
delkto01,31.9,-4.1,200102280PHO-PHO,200102280PHO-ORL,PHO-2001,0,2001,-130.79,37.25777777777778,delkto01-2001
tsakaja01,31.35,5.6,200102280PHO-PHO,200102280PHO-ORL,PHO-2001,0,2001,175.56,37.25777777777778,tsakaja01-2001
rogerro01,27.75,-6.5,200102280PHO-PHO,200102280PHO-ORL,PHO-2001,0,2001,-180.375,37.25777777777778,rogerro01-2001
guglito01,16.666666666666668,5.3,200102280PHO-PHO,200102280PHO-ORL,PHO-2001,0,2001,88.33333333333334,37.25777777777778,guglito01-2001
delnevi01,11.633333333333333,-3.2,200102280PHO-PHO,200102280PHO-ORL,PHO-2001,0,2001,-37.22666666666667,37.25777777777778,delnevi01-2001
dudlech02,6.316666666666666,1.4,200102280PHO-PHO,200102280PHO-ORL,PHO-2001,0,2001,8.843333333333332,37.25777777777778,dudlech02-2001
robinda01,38.05,11.5,200103010SAS-SAS,200103010SAS-PHO,SAS-2001,1,2001,437.575,98.00699999999999,robinda01-2001
portete01,36.166666666666664,11.4,200103010SAS-SAS,200103010SAS-PHO,SAS-2001,1,2001,412.3,98.00699999999999,portete01-2001
duncati01,32.3,5.3,200103010SAS-SAS,200103010SAS-PHO,SAS-2001,1,2001,171.18999999999997,98.00699999999999,duncati01-2001
anderde01,26.616666666666667,-5.2,200103010SAS-SAS,200103010SAS-PHO,SAS-2001,1,2001,-138.40666666666667,98.00699999999999,anderde01-2001
elliose01,23.2,2.7,200103010SAS-SAS,200103010SAS-PHO,SAS-2001,1,2001,62.64,98.00699999999999,elliose01-2001
daniean01,22.833333333333332,1.9,200103010SAS-SAS,200103010SAS-PHO,SAS-2001,1,2001,43.383333333333326,98.00699999999999,daniean01-2001
ferryda01,20.816666666666666,-1.2,200103010SAS-SAS,200103010SAS-PHO,SAS-2001,1,2001,-24.98,98.00699999999999,ferryda01-2001
walkesa01,14.683333333333334,-1,200103010SAS-SAS,200103010SAS-PHO,SAS-2001,1,2001,-14.683333333333334,98.00699999999999,walkesa01-2001
johnsav01,13.116666666666667,3.3,200103010SAS-SAS,200103010SAS-PHO,SAS-2001,1,2001,43.285,98.00699999999999,johnsav01-2001
dialde01,12.233333333333333,-1,200103010SAS-SAS,200103010SAS-PHO,SAS-2001,1,2001,-12.233333333333333,98.00699999999999,dialde01-2001
kiddja01,39.55,5.9,200103030PHO-PHO,200103030PHO-DEN,PHO-2001,1,2001,233.345,64.36749999999999,kiddja01-2001
robincl02,34.95,1.8,200103030PHO-PHO,200103030PHO-DEN,PHO-2001,1,2001,62.910000000000004,64.36749999999999,robincl02-2001
rogerro01,34.18333333333333,5.1,200103030PHO-PHO,200103030PHO-DEN,PHO-2001,1,2001,174.33499999999998,64.36749999999999,rogerro01-2001
guglito01,29.55,5.5,200103030PHO-PHO,200103030PHO-DEN,PHO-2001,1,2001,162.525,64.36749999999999,guglito01-2001
delkto01,28.1,0.5,200103030PHO-PHO,200103030PHO-DEN,PHO-2001,1,2001,14.05,64.36749999999999,delkto01-2001
eliema01,25.066666666666666,-1.4,200103030PHO-PHO,200103030PHO-DEN,PHO-2001,1,2001,-35.093333333333334,64.36749999999999,eliema01-2001
tsakaja01,20.816666666666666,-3.5,200103030PHO-PHO,200103030PHO-DEN,PHO-2001,1,2001,-72.85833333333333,64.36749999999999,tsakaja01-2001
delnevi01,18.933333333333334,5.4,200103030PHO-PHO,200103030PHO-DEN,PHO-2001,1,2001,102.24000000000001,64.36749999999999,delnevi01-2001
santida01,7.033333333333333,0.6,200103030PHO-PHO,200103030PHO-DEN,PHO-2001,1,2001,4.22,64.36749999999999,santida01-2001
perryel01,1.8166666666666667,-1.1,200103030PHO-PHO,200103030PHO-DEN,PHO-2001,1,2001,-1.9983333333333335,64.36749999999999,perryel01-2001
packro01,39.55,0.5,200103060DEN-DEN,200103060DEN-PHO,DEN-2001,0,2001,19.775,1.3348148148148178,packro01-2001
lenarvo01,33.083333333333336,-1.4,200103060DEN-DEN,200103060DEN-PHO,DEN-2001,0,2001,-46.31666666666667,1.3348148148148178,lenarvo01-2001
willike02,31.833333333333332,-2.4,200103060DEN-DEN,200103060DEN-PHO,DEN-2001,0,2001,-76.39999999999999,1.3348148148148178,willike02-2001
mccloge01,29.383333333333333,5.4,200103060DEN-DEN,200103060DEN-PHO,DEN-2001,0,2001,158.67000000000002,1.3348148148148178,mccloge01-2001
lafrera01,25.883333333333333,-3.3,200103060DEN-DEN,200103060DEN-PHO,DEN-2001,0,2001,-85.41499999999999,1.3348148148148178,lafrera01-2001
stricma01,24.816666666666666,0.2,200103060DEN-DEN,200103060DEN-PHO,DEN-2001,0,2001,4.963333333333334,1.3348148148148178,stricma01-2001
poseyja01,24.3,1,200103060DEN-DEN,200103060DEN-PHO,DEN-2001,0,2001,24.3,1.3348148148148178,poseyja01-2001
bowenry01,22.216666666666665,0.6,200103060DEN-DEN,200103060DEN-PHO,DEN-2001,0,2001,13.329999999999998,1.3348148148148178,bowenry01-2001
daviste01,8.933333333333334,-0.1,200103060DEN-DEN,200103060DEN-PHO,DEN-2001,0,2001,-0.8933333333333334,1.3348148148148178,daviste01-2001
mariosh01,42.5,10.1,200103070PHO-PHO,200103070PHO-SAC,PHO-2001,0,2001,429.25,33.05439393939394,mariosh01-2001
kiddja01,41.03333333333333,0.6,200103070PHO-PHO,200103070PHO-SAC,PHO-2001,0,2001,24.619999999999997,33.05439393939394,kiddja01-2001
rogerro01,33.266666666666666,0.1,200103070PHO-PHO,200103070PHO-SAC,PHO-2001,0,2001,3.3266666666666667,33.05439393939394,rogerro01-2001
delkto01,26.966666666666665,-2.3,200103070PHO-PHO,200103070PHO-SAC,PHO-2001,0,2001,-62.023333333333326,33.05439393939394,delkto01-2001
robincl02,26.033333333333335,-2.2,200103070PHO-PHO,200103070PHO-SAC,PHO-2001,0,2001,-57.27333333333334,33.05439393939394,robincl02-2001
eliema01,19.583333333333332,4.6,200103070PHO-PHO,200103070PHO-SAC,PHO-2001,0,2001,90.08333333333331,33.05439393939394,eliema01-2001
guglito01,19.516666666666666,-3.6,200103070PHO-PHO,200103070PHO-SAC,PHO-2001,0,2001,-70.26,33.05439393939394,guglito01-2001
tsakaja01,13.583333333333334,-2.6,200103070PHO-PHO,200103070PHO-SAC,PHO-2001,0,2001,-35.31666666666667,33.05439393939394,tsakaja01-2001
delnevi01,13.15,2.9,200103070PHO-PHO,200103070PHO-SAC,PHO-2001,0,2001,38.135,33.05439393939394,delnevi01-2001
perryel01,2.183333333333333,1.5,200103070PHO-PHO,200103070PHO-SAC,PHO-2001,0,2001,3.2749999999999995,33.05439393939394,perryel01-2001
santida01,2.183333333333333,-0.1,200103070PHO-PHO,200103070PHO-SAC,PHO-2001,0,2001,-0.21833333333333332,33.05439393939394,santida01-2001
malonka01,29.066666666666666,8.4,200103090UTA-UTA,200103090UTA-PHO,UTA-2001,1,2001,244.16,46.28777777777778,malonka01-2001
starkjo01,28.25,0.5,200103090UTA-UTA,200103090UTA-PHO,UTA-2001,1,2001,14.125,46.28777777777778,starkjo01-2001
marshdo01,26.9,2.7,200103090UTA-UTA,200103090UTA-PHO,UTA-2001,1,2001,72.63,46.28777777777778,marshdo01-2001
russebr01,23.7,3.9,200103090UTA-UTA,200103090UTA-PHO,UTA-2001,1,2001,92.42999999999999,46.28777777777778,russebr01-2001
benoida01,23.6,-2,200103090UTA-UTA,200103090UTA-PHO,UTA-2001,1,2001,-47.2,46.28777777777778,benoida01-2001
stockjo01,23.5,1.2,200103090UTA-UTA,200103090UTA-PHO,UTA-2001,1,2001,28.2,46.28777777777778,stockjo01-2001
ostergr01,21.1,2.9,200103090UTA-UTA,200103090UTA-PHO,UTA-2001,1,2001,61.190000000000005,46.28777777777778,ostergr01-2001
vaughja01,20.366666666666667,3.6,200103090UTA-UTA,200103090UTA-PHO,UTA-2001,1,2001,73.32000000000001,46.28777777777778,vaughja01-2001
polynol01,19.083333333333332,1.7,200103090UTA-UTA,200103090UTA-PHO,UTA-2001,1,2001,32.44166666666666,46.28777777777778,polynol01-2001
mannida01,12.133333333333333,-0.4,200103090UTA-UTA,200103090UTA-PHO,UTA-2001,1,2001,-4.8533333333333335,46.28777777777778,mannida01-2001
crottjo01,8.333333333333334,-0.7,200103090UTA-UTA,200103090UTA-PHO,UTA-2001,1,2001,-5.833333333333333,46.28777777777778,crottjo01-2001
padgesc01,3.966666666666667,-1.3,200103090UTA-UTA,200103090UTA-PHO,UTA-2001,1,2001,-5.156666666666667,46.28777777777778,padgesc01-2001
kiddja01,43.06666666666667,11.5,200103110PHO-PHO,200103110PHO-HOU,PHO-2001,1,2001,495.2666666666667,69.73750000000001,kiddja01-2001
robincl02,38.833333333333336,4.3,200103110PHO-PHO,200103110PHO-HOU,PHO-2001,1,2001,166.98333333333335,69.73750000000001,robincl02-2001
mariosh01,31.15,1.2,200103110PHO-PHO,200103110PHO-HOU,PHO-2001,1,2001,37.379999999999995,69.73750000000001,mariosh01-2001
delkto01,27.783333333333335,5.2,200103110PHO-PHO,200103110PHO-HOU,PHO-2001,1,2001,144.47333333333336,69.73750000000001,delkto01-2001
guglito01,26.366666666666667,-2.4,200103110PHO-PHO,200103110PHO-HOU,PHO-2001,1,2001,-63.28,69.73750000000001,guglito01-2001
eliema01,25.05,1.3,200103110PHO-PHO,200103110PHO-HOU,PHO-2001,1,2001,32.565000000000005,69.73750000000001,eliema01-2001
rogerro01,22.516666666666666,-3.8,200103110PHO-PHO,200103110PHO-HOU,PHO-2001,1,2001,-85.56333333333333,69.73750000000001,rogerro01-2001
tsakaja01,12.616666666666667,-2.5,200103110PHO-PHO,200103110PHO-HOU,PHO-2001,1,2001,-31.541666666666668,69.73750000000001,tsakaja01-2001
delnevi01,7.683333333333334,-0.5,200103110PHO-PHO,200103110PHO-HOU,PHO-2001,1,2001,-3.841666666666667,69.73750000000001,delnevi01-2001
perryel01,4.933333333333334,1,200103110PHO-PHO,200103110PHO-HOU,PHO-2001,1,2001,4.933333333333334,69.73750000000001,perryel01-2001
wallara01,41.1,12.6,200103140POR-POR,200103140POR-PHO,POR-2001,0,2001,517.86,68.79083333333334,wallara01-2001
stoudda01,37.75,3.1,200103140POR-POR,200103140POR-PHO,POR-2001,0,2001,117.025,68.79083333333334,stoudda01-2001
pippesc01,34.6,6.6,200103140POR-POR,200103140POR-PHO,POR-2001,0,2001,228.35999999999999,68.79083333333334,pippesc01-2001
wellsbo01,32.9,-3.3,200103140POR-POR,200103140POR-PHO,POR-2001,0,2001,-108.57,68.79083333333334,wellsbo01-2001
davisda01,23.2,2.1,200103140POR-POR,200103140POR-PHO,POR-2001,0,2001,48.72,68.79083333333334,davisda01-2001
smithst01,21.766666666666666,-0.2,200103140POR-POR,200103140POR-PHO,POR-2001,0,2001,-4.3533333333333335,68.79083333333334,smithst01-2001
sabonar01,19.483333333333334,-2.7,200103140POR-POR,200103140POR-PHO,POR-2001,0,2001,-52.605000000000004,68.79083333333334,sabonar01-2001
schrede01,15.566666666666666,-2.6,200103140POR-POR,200103140POR-PHO,POR-2001,0,2001,-40.473333333333336,68.79083333333334,schrede01-2001
stricro02,10.25,-0.7,200103140POR-POR,200103140POR-PHO,POR-2001,0,2001,-7.175,68.79083333333334,stricro02-2001
kempsh01,3.4,-3.2,200103140POR-POR,200103140POR-PHO,POR-2001,0,2001,-10.88,68.79083333333334,kempsh01-2001
kiddja01,44.06666666666667,10.9,200103150PHO-PHO,200103150PHO-BOS,PHO-2001,0,2001,480.3266666666667,37.32590909090909,kiddja01-2001
delkto01,37.8,-2.7,200103150PHO-PHO,200103150PHO-BOS,PHO-2001,0,2001,-102.06,37.32590909090909,delkto01-2001
mariosh01,34.2,-0.7,200103150PHO-PHO,200103150PHO-BOS,PHO-2001,0,2001,-23.94,37.32590909090909,mariosh01-2001
guglito01,32.63333333333333,1.8,200103150PHO-PHO,200103150PHO-BOS,PHO-2001,0,2001,58.74,37.32590909090909,guglito01-2001
rogerro01,25.383333333333333,3.4,200103150PHO-PHO,200103150PHO-BOS,PHO-2001,0,2001,86.30333333333333,37.32590909090909,rogerro01-2001
robincl02,24.483333333333334,-2.7,200103150PHO-PHO,200103150PHO-BOS,PHO-2001,0,2001,-66.105,37.32590909090909,robincl02-2001
tsakaja01,12.783333333333333,-1.4,200103150PHO-PHO,200103150PHO-BOS,PHO-2001,0,2001,-17.896666666666665,37.32590909090909,tsakaja01-2001
eliema01,10.2,-0.5,200103150PHO-PHO,200103150PHO-BOS,PHO-2001,0,2001,-5.1,37.32590909090909,eliema01-2001
dudlech02,8.45,0.3,200103150PHO-PHO,200103150PHO-BOS,PHO-2001,0,2001,2.5349999999999997,37.32590909090909,dudlech02-2001
santida01,6.083333333333333,-0.3,200103150PHO-PHO,200103150PHO-BOS,PHO-2001,0,2001,-1.8249999999999997,37.32590909090909,santida01-2001
delnevi01,3.9333333333333336,-0.1,200103150PHO-PHO,200103150PHO-BOS,PHO-2001,0,2001,-0.39333333333333337,37.32590909090909,delnevi01-2001
nowitdi01,46.25,13.8,200103170DAL-DAL,200103170DAL-PHO,DAL-2001,1,2001,638.25,126.85203703703704,nowitdi01-2001
finlemi01,40.983333333333334,12.8,200103170DAL-DAL,200103170DAL-PHO,DAL-2001,1,2001,524.5866666666667,126.85203703703704,finlemi01-2001
howarju01,40.766666666666666,-1.6,200103170DAL-DAL,200103170DAL-PHO,DAL-2001,1,2001,-65.22666666666667,126.85203703703704,howarju01-2001
nashst01,38.35,3.9,200103170DAL-DAL,200103170DAL-PHO,DAL-2001,1,2001,149.565,126.85203703703704,nashst01-2001
eisleho01,21.733333333333334,-5,200103170DAL-DAL,200103170DAL-PHO,DAL-2001,1,2001,-108.66666666666667,126.85203703703704,eisleho01-2001
buckngr01,19.266666666666666,3.5,200103170DAL-DAL,200103170DAL-PHO,DAL-2001,1,2001,67.43333333333334,126.85203703703704,buckngr01-2001
bradlsh01,18.2,-3,200103170DAL-DAL,200103170DAL-PHO,DAL-2001,1,2001,-54.599999999999994,126.85203703703704,bradlsh01-2001
najered01,8.516666666666667,-1.9,200103170DAL-DAL,200103170DAL-PHO,DAL-2001,1,2001,-16.18166666666667,126.85203703703704,najered01-2001
maxweve01,5.916666666666667,1.1,200103170DAL-DAL,200103170DAL-PHO,DAL-2001,1,2001,6.508333333333334,126.85203703703704,maxweve01-2001
kiddja01,40.13333333333333,14.5,200103200PHO-PHO,200103200PHO-WAS,PHO-2001,1,2001,581.9333333333333,75.39805555555556,kiddja01-2001
mariosh01,37.483333333333334,9.5,200103200PHO-PHO,200103200PHO-WAS,PHO-2001,1,2001,356.0916666666667,75.39805555555556,mariosh01-2001
rogerro01,30.65,-3.2,200103200PHO-PHO,200103200PHO-WAS,PHO-2001,1,2001,-98.08,75.39805555555556,rogerro01-2001
robincl02,28.116666666666667,6.3,200103200PHO-PHO,200103200PHO-WAS,PHO-2001,1,2001,177.135,75.39805555555556,robincl02-2001
delnevi01,27.666666666666668,0.6,200103200PHO-PHO,200103200PHO-WAS,PHO-2001,1,2001,16.6,75.39805555555556,delnevi01-2001
dudlech02,17.433333333333334,-1.6,200103200PHO-PHO,200103200PHO-WAS,PHO-2001,1,2001,-27.893333333333334,75.39805555555556,dudlech02-2001
eliema01,15.816666666666666,-2,200103200PHO-PHO,200103200PHO-WAS,PHO-2001,1,2001,-31.633333333333333,75.39805555555556,eliema01-2001
guglito01,10.916666666666666,0,200103200PHO-PHO,200103200PHO-WAS,PHO-2001,1,2001,0,75.39805555555556,guglito01-2001
delkto01,10.55,-3.8,200103200PHO-PHO,200103200PHO-WAS,PHO-2001,1,2001,-40.09,75.39805555555556,delkto01-2001
tsakaja01,8.45,-2.5,200103200PHO-PHO,200103200PHO-WAS,PHO-2001,1,2001,-21.125,75.39805555555556,tsakaja01-2001
perryel01,7.866666666666667,-1.1,200103200PHO-PHO,200103200PHO-WAS,PHO-2001,1,2001,-8.653333333333334,75.39805555555556,perryel01-2001
santida01,4.916666666666667,0.1,200103200PHO-PHO,200103200PHO-WAS,PHO-2001,1,2001,0.4916666666666667,75.39805555555556,santida01-2001
paytoga01,39.833333333333336,3.2,200103220SEA-SEA,200103220SEA-PHO,SEA-2001,0,2001,127.46666666666668,40.14233333333333,paytoga01-2001
lewisra02,36.55,0.9,200103220SEA-SEA,200103220SEA-PHO,SEA-2001,0,2001,32.894999999999996,40.14233333333333,lewisra02-2001
bakervi01,31.4,2.9,200103220SEA-SEA,200103220SEA-PHO,SEA-2001,0,2001,91.05999999999999,40.14233333333333,bakervi01-2001
barrybr01,28.833333333333332,5.9,200103220SEA-SEA,200103220SEA-PHO,SEA-2001,0,2001,170.11666666666667,40.14233333333333,barrybr01-2001
patteru01,21.833333333333332,0.6,200103220SEA-SEA,200103220SEA-PHO,SEA-2001,0,2001,13.1,40.14233333333333,patteru01-2001
davisem01,19.75,0.7,200103220SEA-SEA,200103220SEA-PHO,SEA-2001,0,2001,13.825,40.14233333333333,davisem01-2001
mccoyje01,19.1,2.7,200103220SEA-SEA,200103220SEA-PHO,SEA-2001,0,2001,51.57000000000001,40.14233333333333,mccoyje01-2001
masonde01,18.516666666666666,-5.3,200103220SEA-SEA,200103220SEA-PHO,SEA-2001,0,2001,-98.13833333333332,40.14233333333333,masonde01-2001
ewingpa01,16.6,0.2,200103220SEA-SEA,200103220SEA-PHO,SEA-2001,0,2001,3.3200000000000003,40.14233333333333,ewingpa01-2001
willish01,7.583333333333333,-0.5,200103220SEA-SEA,200103220SEA-PHO,SEA-2001,0,2001,-3.7916666666666665,40.14233333333333,willish01-2001
robincl02,36.6,10.2,200103230PHO-PHO,200103230PHO-PHI,PHO-2001,1,2001,373.32,64.58611111111111,robincl02-2001
kiddja01,36.28333333333333,11,200103230PHO-PHO,200103230PHO-PHI,PHO-2001,1,2001,399.1166666666667,64.58611111111111,kiddja01-2001
mariosh01,31.45,-0.4,200103230PHO-PHO,200103230PHO-PHI,PHO-2001,1,2001,-12.58,64.58611111111111,mariosh01-2001
tsakaja01,30.816666666666666,1.6,200103230PHO-PHO,200103230PHO-PHI,PHO-2001,1,2001,49.30666666666667,64.58611111111111,tsakaja01-2001
delkto01,30.116666666666667,2.3,200103230PHO-PHO,200103230PHO-PHI,PHO-2001,1,2001,69.26833333333333,64.58611111111111,delkto01-2001
guglito01,24.866666666666667,-3.9,200103230PHO-PHO,200103230PHO-PHI,PHO-2001,1,2001,-96.98,64.58611111111111,guglito01-2001
eliema01,18.883333333333333,1.3,200103230PHO-PHO,200103230PHO-PHI,PHO-2001,1,2001,24.548333333333332,64.58611111111111,eliema01-2001
rogerro01,14.516666666666667,-1.8,200103230PHO-PHO,200103230PHO-PHI,PHO-2001,1,2001,-26.130000000000003,64.58611111111111,rogerro01-2001
delnevi01,9.666666666666666,-0.4,200103230PHO-PHO,200103230PHO-PHI,PHO-2001,1,2001,-3.8666666666666667,64.58611111111111,delnevi01-2001
dudlech02,2.7,0.4,200103230PHO-PHO,200103230PHO-PHI,PHO-2001,1,2001,1.08,64.58611111111111,dudlech02-2001
perryel01,2.05,-0.3,200103230PHO-PHO,200103230PHO-PHI,PHO-2001,1,2001,-0.6149999999999999,64.58611111111111,perryel01-2001
santida01,2.05,-0.7,200103230PHO-PHO,200103230PHO-PHI,PHO-2001,1,2001,-1.4349999999999998,64.58611111111111,santida01-2001
eliema01,39.31666666666667,5,200103260PHO-PHO,200103260PHO-LAL,PHO-2001,1,2001,196.58333333333334,85.70722222222223,eliema01-2001
robincl02,38.233333333333334,1.8,200103260PHO-PHO,200103260PHO-LAL,PHO-2001,1,2001,68.82000000000001,85.70722222222223,robincl02-2001
mariosh01,36.3,9.9,200103260PHO-PHO,200103260PHO-LAL,PHO-2001,1,2001,359.37,85.70722222222223,mariosh01-2001
kiddja01,34.983333333333334,13.3,200103260PHO-PHO,200103260PHO-LAL,PHO-2001,1,2001,465.27833333333336,85.70722222222223,kiddja01-2001
guglito01,26.716666666666665,0.4,200103260PHO-PHO,200103260PHO-LAL,PHO-2001,1,2001,10.686666666666667,85.70722222222223,guglito01-2001
tsakaja01,16.5,-2.1,200103260PHO-PHO,200103260PHO-LAL,PHO-2001,1,2001,-34.65,85.70722222222223,tsakaja01-2001
rogerro01,16.15,-2.4,200103260PHO-PHO,200103260PHO-LAL,PHO-2001,1,2001,-38.76,85.70722222222223,rogerro01-2001
delnevi01,13.016666666666667,0.8,200103260PHO-PHO,200103260PHO-LAL,PHO-2001,1,2001,10.413333333333334,85.70722222222223,delnevi01-2001
delkto01,8.683333333333334,-2.1,200103260PHO-PHO,200103260PHO-LAL,PHO-2001,1,2001,-18.235000000000003,85.70722222222223,delkto01-2001
dudlech02,7.733333333333333,1.1,200103260PHO-PHO,200103260PHO-LAL,PHO-2001,1,2001,8.506666666666668,85.70722222222223,dudlech02-2001
perryel01,1.1833333333333333,-0.1,200103260PHO-PHO,200103260PHO-LAL,PHO-2001,1,2001,-0.11833333333333335,85.70722222222223,perryel01-2001
santida01,1.1833333333333333,0.5,200103260PHO-PHO,200103260PHO-LAL,PHO-2001,1,2001,0.5916666666666667,85.70722222222223,santida01-2001
kiddja01,41.46666666666667,12.6,200103280PHO-PHO,200103280PHO-CLE,PHO-2001,1,2001,522.48,61.60393939393939,kiddja01-2001
rogerro01,37.016666666666666,1.9,200103280PHO-PHO,200103280PHO-CLE,PHO-2001,1,2001,70.33166666666666,61.60393939393939,rogerro01-2001
delkto01,36.05,3.7,200103280PHO-PHO,200103280PHO-CLE,PHO-2001,1,2001,133.385,61.60393939393939,delkto01-2001
robincl02,35.7,-3.5,200103280PHO-PHO,200103280PHO-CLE,PHO-2001,1,2001,-124.95000000000002,61.60393939393939,robincl02-2001
guglito01,32.38333333333333,1.7,200103280PHO-PHO,200103280PHO-CLE,PHO-2001,1,2001,55.05166666666666,61.60393939393939,guglito01-2001
eliema01,20.783333333333335,3.4,200103280PHO-PHO,200103280PHO-CLE,PHO-2001,1,2001,70.66333333333334,61.60393939393939,eliema01-2001
dudlech02,9.916666666666666,-1.5,200103280PHO-PHO,200103280PHO-CLE,PHO-2001,1,2001,-14.875,61.60393939393939,dudlech02-2001
delnevi01,9.25,-4.1,200103280PHO-PHO,200103280PHO-CLE,PHO-2001,1,2001,-37.925,61.60393939393939,delnevi01-2001
perryel01,8.283333333333333,-0.5,200103280PHO-PHO,200103280PHO-CLE,PHO-2001,1,2001,-4.141666666666667,61.60393939393939,perryel01-2001
tsakaja01,6.116666666666666,0.8,200103280PHO-PHO,200103280PHO-CLE,PHO-2001,1,2001,4.8933333333333335,61.60393939393939,tsakaja01-2001
mariosh01,3.033333333333333,0.9,200103280PHO-PHO,200103280PHO-CLE,PHO-2001,1,2001,2.73,61.60393939393939,mariosh01-2001
thomake01,44.71666666666667,-0.4,200103290HOU-HOU,200103290HOU-PHO,HOU-2001,0,2001,-17.886666666666667,42.50333333333333,thomake01-2001
francst01,39.516666666666666,-1.9,200103290HOU-HOU,200103290HOU-PHO,HOU-2001,0,2001,-75.08166666666666,42.50333333333333,francst01-2001
moblecu01,39.2,-1.5,200103290HOU-HOU,200103290HOU-PHO,HOU-2001,0,2001,-58.800000000000004,42.50333333333333,moblecu01-2001
olajuha01,37.7,9.1,200103290HOU-HOU,200103290HOU-PHO,HOU-2001,0,2001,343.07,42.50333333333333,olajuha01-2001
andersh01,25.483333333333334,3.8,200103290HOU-HOU,200103290HOU-PHO,HOU-2001,0,2001,96.83666666666666,42.50333333333333,andersh01-2001
williwa02,22.066666666666666,-2,200103290HOU-HOU,200103290HOU-PHO,HOU-2001,0,2001,-44.13333333333333,42.50333333333333,williwa02-2001
norrimo01,21.016666666666666,5.5,200103290HOU-HOU,200103290HOU-PHO,HOU-2001,0,2001,115.59166666666667,42.50333333333333,norrimo01-2001
bullama01,10.3,-1.9,200103290HOU-HOU,200103290HOU-PHO,HOU-2001,0,2001,-19.57,42.50333333333333,bullama01-2001
kiddja01,43,14.4,200104010PHO-PHO,200104010PHO-MIL,PHO-2001,1,2001,619.2,58.40333333333334,kiddja01-2001
robincl02,39.06666666666667,4.3,200104010PHO-PHO,200104010PHO-MIL,PHO-2001,1,2001,167.98666666666668,58.40333333333334,robincl02-2001
rogerro01,37.666666666666664,-2.9,200104010PHO-PHO,200104010PHO-MIL,PHO-2001,1,2001,-109.23333333333332,58.40333333333334,rogerro01-2001
eliema01,33.516666666666666,-1.4,200104010PHO-PHO,200104010PHO-MIL,PHO-2001,1,2001,-46.92333333333333,58.40333333333334,eliema01-2001
mariosh01,27.733333333333334,-0.5,200104010PHO-PHO,200104010PHO-MIL,PHO-2001,1,2001,-13.866666666666667,58.40333333333334,mariosh01-2001
guglito01,20.066666666666666,-0.6,200104010PHO-PHO,200104010PHO-MIL,PHO-2001,1,2001,-12.04,58.40333333333334,guglito01-2001
delkto01,15.166666666666666,0.5,200104010PHO-PHO,200104010PHO-MIL,PHO-2001,1,2001,7.583333333333333,58.40333333333334,delkto01-2001
dudlech02,12.883333333333333,2.1,200104010PHO-PHO,200104010PHO-MIL,PHO-2001,1,2001,27.055,58.40333333333334,dudlech02-2001
tsakaja01,5.9,0,200104010PHO-PHO,200104010PHO-MIL,PHO-2001,1,2001,0,58.40333333333334,tsakaja01-2001
delnevi01,4.65,0.5,200104010PHO-PHO,200104010PHO-MIL,PHO-2001,1,2001,2.325,58.40333333333334,delnevi01-2001
perryel01,0.35,1,200104010PHO-PHO,200104010PHO-MIL,PHO-2001,1,2001,0.35,58.40333333333334,perryel01-2001
roseja01,43.81666666666667,-2.4,200104030IND-IND,200104030IND-PHO,IND-2001,1,2001,-105.16000000000001,30.633181818181818,roseja01-2001
millere01,41.266666666666666,2.3,200104030IND-IND,200104030IND-PHO,IND-2001,1,2001,94.91333333333333,30.633181818181818,millere01-2001
onealje01,39.7,-2.5,200104030IND-IND,200104030IND-PHO,IND-2001,1,2001,-99.25,30.633181818181818,onealje01-2001
besttr01,30.266666666666666,10.9,200104030IND-IND,200104030IND-PHO,IND-2001,1,2001,329.9066666666667,30.633181818181818,besttr01-2001
croshau01,23.433333333333334,1.4,200104030IND-IND,200104030IND-PHO,IND-2001,1,2001,32.806666666666665,30.633181818181818,croshau01-2001
fosteje01,20.3,-1,200104030IND-IND,200104030IND-PHO,IND-2001,1,2001,-20.3,30.633181818181818,fosteje01-2001
harrial01,17.333333333333332,2.1,200104030IND-IND,200104030IND-PHO,IND-2001,1,2001,36.4,30.633181818181818,harrial01-2001
perkisa01,14.516666666666667,4.3,200104030IND-IND,200104030IND-PHO,IND-2001,1,2001,62.42166666666667,30.633181818181818,perkisa01-2001
mckeyde01,5.616666666666667,0.9,200104030IND-IND,200104030IND-PHO,IND-2001,1,2001,5.055000000000001,30.633181818181818,mckeyde01-2001
bendejo01,1.8833333333333333,-0.9,200104030IND-IND,200104030IND-PHO,IND-2001,1,2001,-1.695,30.633181818181818,bendejo01-2001
edneyty01,1.8666666666666667,1,200104030IND-IND,200104030IND-PHO,IND-2001,1,2001,1.8666666666666667,30.633181818181818,edneyty01-2001
wesleda01,36.38333333333333,5.1,200104040CHH-CHH,200104040CHH-PHO,CHH-2001,0,2001,185.55499999999998,26.455,wesleda01-2001
mashbja01,36.3,-3.8,200104040CHH-CHH,200104040CHH-PHO,CHH-2001,0,2001,-137.93999999999997,26.455,mashbja01-2001
davisba01,32.4,10.5,200104040CHH-CHH,200104040CHH-PHO,CHH-2001,0,2001,340.2,26.455,davisba01-2001
brownpj01,30.666666666666668,-4.7,200104040CHH-CHH,200104040CHH-PHO,CHH-2001,0,2001,-144.13333333333335,26.455,brownpj01-2001
robined01,28.733333333333334,3.3,200104040CHH-CHH,200104040CHH-PHO,CHH-2001,0,2001,94.82,26.455,robined01-2001
campbel01,27.833333333333332,-1.5,200104040CHH-CHH,200104040CHH-PHO,CHH-2001,0,2001,-41.75,26.455,campbel01-2001
colemde01,19.733333333333334,-1.6,200104040CHH-CHH,200104040CHH-PHO,CHH-2001,0,2001,-31.573333333333338,26.455,colemde01-2001
magloja01,17.766666666666666,-2.9,200104040CHH-CHH,200104040CHH-PHO,CHH-2001,0,2001,-51.523333333333326,26.455,magloja01-2001
recasel01,10.183333333333334,2.4,200104040CHH-CHH,200104040CHH-PHO,CHH-2001,0,2001,24.44,26.455,recasel01-2001
garneke01,43.3,11.9,200104060MIN-MIN,200104060MIN-PHO,MIN-2001,1,2001,515.27,67.9665,garneke01-2001
brandte01,33.31666666666667,-5.1,200104060MIN-MIN,200104060MIN-PHO,MIN-2001,1,2001,-169.915,67.9665,brandte01-2001
szczewa02,30.083333333333332,1.7,200104060MIN-MIN,200104060MIN-PHO,MIN-2001,1,2001,51.141666666666666,67.9665,szczewa02-2001
peelean01,24.433333333333334,0.5,200104060MIN-MIN,200104060MIN-PHO,MIN-2001,1,2001,12.216666666666667,67.9665,peelean01-2001
lopezfe01,24.35,2.2,200104060MIN-MIN,200104060MIN-PHO,MIN-2001,1,2001,53.57000000000001,67.9665,lopezfe01-2001
slatere01,24.316666666666666,5.5,200104060MIN-MIN,200104060MIN-PHO,MIN-2001,1,2001,133.74166666666667,67.9665,slatere01-2001
mitchsa01,17.133333333333333,-0.5,200104060MIN-MIN,200104060MIN-PHO,MIN-2001,1,2001,-8.566666666666666,67.9665,mitchsa01-2001
ellisla01,15.333333333333334,-1.7,200104060MIN-MIN,200104060MIN-PHO,MIN-2001,1,2001,-26.066666666666666,67.9665,ellisla01-2001
billuch01,14.683333333333334,3.7,200104060MIN-MIN,200104060MIN-PHO,MIN-2001,1,2001,54.32833333333334,67.9665,billuch01-2001
garrede01,13.05,4.9,200104060MIN-MIN,200104060MIN-PHO,MIN-2001,1,2001,63.94500000000001,67.9665,garrede01-2001
harprma01,43.21666666666667,-0.7,200104070CLE-CLE,200104070CLE-PHO,CLE-2001,0,2001,-30.251666666666665,37.40759259259259,harprma01-2001
weathcl01,38.95,11.2,200104070CLE-CLE,200104070CLE-PHO,CLE-2001,0,2001,436.24,37.40759259259259,weathcl01-2001
millean02,36.11666666666667,-0.8,200104070CLE-CLE,200104070CLE-PHO,CLE-2001,0,2001,-28.893333333333334,37.40759259259259,millean02-2001
langdtr01,28.666666666666668,1,200104070CLE-CLE,200104070CLE-PHO,CLE-2001,0,2001,28.666666666666668,37.40759259259259,langdtr01-2001
mihmch01,25.45,-1.3,200104070CLE-CLE,200104070CLE-PHO,CLE-2001,0,2001,-33.085,37.40759259259259,mihmch01-2001
murrala01,21.116666666666667,0.5,200104070CLE-CLE,200104070CLE-PHO,CLE-2001,0,2001,10.558333333333334,37.40759259259259,murrala01-2001
persowe01,19.366666666666667,-3.1,200104070CLE-CLE,200104070CLE-PHO,CLE-2001,0,2001,-60.03666666666667,37.40759259259259,persowe01-2001
traylro01,15.233333333333333,-1.3,200104070CLE-CLE,200104070CLE-PHO,CLE-2001,0,2001,-19.803333333333335,37.40759259259259,traylro01-2001
colesbi01,11.883333333333333,2.8,200104070CLE-CLE,200104070CLE-PHO,CLE-2001,0,2001,33.27333333333333,37.40759259259259,colesbi01-2001
bryanko01,34.93333333333333,9.2,200104100LAL-LAL,200104100LAL-PHO,LAL-2001,1,2001,321.3866666666666,76.02848484848484,bryanko01-2001
onealsh01,33.46666666666667,6.8,200104100LAL-LAL,200104100LAL-PHO,LAL-2001,1,2001,227.57333333333335,76.02848484848484,onealsh01-2001
grantho01,29.4,5.8,200104100LAL-LAL,200104100LAL-PHO,LAL-2001,1,2001,170.51999999999998,76.02848484848484,grantho01-2001
fishede01,29.233333333333334,-3.3,200104100LAL-LAL,200104100LAL-PHO,LAL-2001,1,2001,-96.47,76.02848484848484,fishede01-2001
georgde01,25,-1.2,200104100LAL-LAL,200104100LAL-PHO,LAL-2001,1,2001,-30,76.02848484848484,georgde01-2001
foxri01,23,3.8,200104100LAL-LAL,200104100LAL-PHO,LAL-2001,1,2001,87.39999999999999,76.02848484848484,foxri01-2001
shawbr01,22.833333333333332,4.1,200104100LAL-LAL,200104100LAL-PHO,LAL-2001,1,2001,93.61666666666666,76.02848484848484,shawbr01-2001
madsema01,20.033333333333335,3.1,200104100LAL-LAL,200104100LAL-PHO,LAL-2001,1,2001,62.10333333333334,76.02848484848484,madsema01-2001
penbemi01,9.066666666666666,3.2,200104100LAL-LAL,200104100LAL-PHO,LAL-2001,1,2001,29.013333333333335,76.02848484848484,penbemi01-2001
medvest01,8.15,-3,200104100LAL-LAL,200104100LAL-PHO,LAL-2001,1,2001,-24.450000000000003,76.02848484848484,medvest01-2001
horryro01,4.866666666666667,-0.9,200104100LAL-LAL,200104100LAL-PHO,LAL-2001,1,2001,-4.380000000000001,76.02848484848484,horryro01-2001
kiddja01,47.86666666666667,1.5,200104110PHO-PHO,200104110PHO-DAL,PHO-2001,1,2001,71.8,125.685625,kiddja01-2001
mariosh01,45.9,15.8,200104110PHO-PHO,200104110PHO-DAL,PHO-2001,1,2001,725.22,125.685625,mariosh01-2001
robincl02,36.13333333333333,2,200104110PHO-PHO,200104110PHO-DAL,PHO-2001,1,2001,72.26666666666667,125.685625,robincl02-2001
delkto01,35.4,10.7,200104110PHO-PHO,200104110PHO-DAL,PHO-2001,1,2001,378.78,125.685625,delkto01-2001
rogerro01,32.45,-4.4,200104110PHO-PHO,200104110PHO-DAL,PHO-2001,1,2001,-142.78000000000003,125.685625,rogerro01-2001
eliema01,21.983333333333334,-2.9,200104110PHO-PHO,200104110PHO-DAL,PHO-2001,1,2001,-63.751666666666665,125.685625,eliema01-2001
tsakaja01,19.15,-1.9,200104110PHO-PHO,200104110PHO-DAL,PHO-2001,1,2001,-36.385,125.685625,tsakaja01-2001
dudlech02,1.1166666666666667,0.3,200104110PHO-PHO,200104110PHO-DAL,PHO-2001,1,2001,0.335,125.685625,dudlech02-2001
kiddja01,47.35,16.6,200104130PHO-PHO,200104130PHO-SEA,PHO-2001,1,2001,786.0100000000001,103.16870370370371,kiddja01-2001
mariosh01,39.03333333333333,2.5,200104130PHO-PHO,200104130PHO-SEA,PHO-2001,1,2001,97.58333333333333,103.16870370370371,mariosh01-2001
rogerro01,34.483333333333334,-1.2,200104130PHO-PHO,200104130PHO-SEA,PHO-2001,1,2001,-41.38,103.16870370370371,rogerro01-2001
delkto01,32.166666666666664,-1.3,200104130PHO-PHO,200104130PHO-SEA,PHO-2001,1,2001,-41.81666666666666,103.16870370370371,delkto01-2001
robincl02,29.033333333333335,4.2,200104130PHO-PHO,200104130PHO-SEA,PHO-2001,1,2001,121.94000000000001,103.16870370370371,robincl02-2001
eliema01,21.233333333333334,2.4,200104130PHO-PHO,200104130PHO-SEA,PHO-2001,1,2001,50.96,103.16870370370371,eliema01-2001
guglito01,19.566666666666666,-0.6,200104130PHO-PHO,200104130PHO-SEA,PHO-2001,1,2001,-11.74,103.16870370370371,guglito01-2001
dudlech02,15.583333333333334,-2.1,200104130PHO-PHO,200104130PHO-SEA,PHO-2001,1,2001,-32.725,103.16870370370371,dudlech02-2001
santida01,1.5666666666666667,-0.2,200104130PHO-PHO,200104130PHO-SEA,PHO-2001,1,2001,-0.31333333333333335,103.16870370370371,santida01-2001
kiddja01,43.85,9,200104150PHO-PHO,200104150PHO-SAC,PHO-2001,1,2001,394.65000000000003,86.81277777777778,kiddja01-2001
mariosh01,38.55,6,200104150PHO-PHO,200104150PHO-SAC,PHO-2001,1,2001,231.29999999999998,86.81277777777778,mariosh01-2001
rogerro01,38.38333333333333,-0.3,200104150PHO-PHO,200104150PHO-SAC,PHO-2001,1,2001,-11.514999999999999,86.81277777777778,rogerro01-2001
robincl02,35.983333333333334,5.3,200104150PHO-PHO,200104150PHO-SAC,PHO-2001,1,2001,190.71166666666667,86.81277777777778,robincl02-2001
delkto01,31.483333333333334,-1.4,200104150PHO-PHO,200104150PHO-SAC,PHO-2001,1,2001,-44.07666666666667,86.81277777777778,delkto01-2001
guglito01,17.733333333333334,2.1,200104150PHO-PHO,200104150PHO-SAC,PHO-2001,1,2001,37.24,86.81277777777778,guglito01-2001
eliema01,16.516666666666666,0,200104150PHO-PHO,200104150PHO-SAC,PHO-2001,1,2001,0,86.81277777777778,eliema01-2001
dudlech02,13.35,-0.9,200104150PHO-PHO,200104150PHO-SAC,PHO-2001,1,2001,-12.015,86.81277777777778,dudlech02-2001
delnevi01,4.15,-1.2,200104150PHO-PHO,200104150PHO-SAC,PHO-2001,1,2001,-4.98,86.81277777777778,delnevi01-2001
mcinnje01,41.85,9.9,200104160LAC-LAC,200104160LAC-PHO,LAC-2001,1,2001,414.31500000000005,85.23733333333334,mcinnje01-2001
piatker01,37.3,1.2,200104160LAC-LAC,200104160LAC-PHO,LAC-2001,1,2001,44.76,85.23733333333334,piatker01-2001
odomla01,36.86666666666667,8.3,200104160LAC-LAC,200104160LAC-PHO,LAC-2001,1,2001,305.99333333333334,85.23733333333334,odomla01-2001
olowomi01,36,-2.9,200104160LAC-LAC,200104160LAC-PHO,LAC-2001,1,2001,-104.39999999999999,85.23733333333334,olowomi01-2001
milesda01,34.666666666666664,3.1,200104160LAC-LAC,200104160LAC-PHO,LAC-2001,1,2001,107.46666666666667,85.23733333333334,milesda01-2001
doolike01,16.333333333333332,5.3,200104160LAC-LAC,200104160LAC-PHO,LAC-2001,1,2001,86.56666666666666,85.23733333333334,doolike01-2001
parksch02,13.333333333333334,0.5,200104160LAC-LAC,200104160LAC-PHO,LAC-2001,1,2001,6.666666666666667,85.23733333333334,parksch02-2001
richaqu01,11.65,-0.3,200104160LAC-LAC,200104160LAC-PHO,LAC-2001,1,2001,-3.495,85.23733333333334,richaqu01-2001
rooksse01,7,1.5,200104160LAC-LAC,200104160LAC-PHO,LAC-2001,1,2001,10.5,85.23733333333334,rooksse01-2001
hamilze01,5,-3.2,200104160LAC-LAC,200104160LAC-PHO,LAC-2001,1,2001,-16,85.23733333333334,hamilze01-2001
guglito01,31.2,1.4,200104180PHO-PHO,200104180PHO-UTA,PHO-2001,1,2001,43.68,23.044305555555553,guglito01-2001
delnevi01,28.933333333333334,4.1,200104180PHO-PHO,200104180PHO-UTA,PHO-2001,1,2001,118.62666666666665,23.044305555555553,delnevi01-2001
tsakaja01,28.3,-5.4,200104180PHO-PHO,200104180PHO-UTA,PHO-2001,1,2001,-152.82000000000002,23.044305555555553,tsakaja01-2001
delkto01,26.833333333333332,3,200104180PHO-PHO,200104180PHO-UTA,PHO-2001,1,2001,80.5,23.044305555555553,delkto01-2001
rogerro01,25.25,1.1,200104180PHO-PHO,200104180PHO-UTA,PHO-2001,1,2001,27.775000000000002,23.044305555555553,rogerro01-2001
mariosh01,22.75,2,200104180PHO-PHO,200104180PHO-UTA,PHO-2001,1,2001,45.5,23.044305555555553,mariosh01-2001
robincl02,20.25,2.8,200104180PHO-PHO,200104180PHO-UTA,PHO-2001,1,2001,56.699999999999996,23.044305555555553,robincl02-2001
perryel01,18.066666666666666,2.3,200104180PHO-PHO,200104180PHO-UTA,PHO-2001,1,2001,41.55333333333333,23.044305555555553,perryel01-2001
kiddja01,17.983333333333334,2.6,200104180PHO-PHO,200104180PHO-UTA,PHO-2001,1,2001,46.75666666666667,23.044305555555553,kiddja01-2001
dudlech02,10.85,-2.1,200104180PHO-PHO,200104180PHO-UTA,PHO-2001,1,2001,-22.785,23.044305555555553,dudlech02-2001
santida01,5.066666666666666,-1.5,200104180PHO-PHO,200104180PHO-UTA,PHO-2001,1,2001,-7.6,23.044305555555553,santida01-2001
eliema01,4.516666666666667,-0.3,200104180PHO-PHO,200104180PHO-UTA,PHO-2001,1,2001,-1.355,23.044305555555553,eliema01-2001
kiddja01,44.766666666666666,9.4,200010310GSW-PHO,200010310GSW-GSW,PHO-2001,0,2001,420.8066666666667,44.04151515151515,kiddja01-2001
robincl02,42.2,4.8,200010310GSW-PHO,200010310GSW-GSW,PHO-2001,0,2001,202.56,44.04151515151515,robincl02-2001
delkto01,37.61666666666667,-0.9,200010310GSW-PHO,200010310GSW-GSW,PHO-2001,0,2001,-33.855000000000004,44.04151515151515,delkto01-2001
mariosh01,28.116666666666667,-0.1,200010310GSW-PHO,200010310GSW-GSW,PHO-2001,0,2001,-2.811666666666667,44.04151515151515,mariosh01-2001
blounco01,24.3,0.3,200010310GSW-PHO,200010310GSW-GSW,PHO-2001,0,2001,7.29,44.04151515151515,blounco01-2001
rogerro01,22.266666666666666,-2.2,200010310GSW-PHO,200010310GSW-GSW,PHO-2001,0,2001,-48.98666666666667,44.04151515151515,rogerro01-2001
dudlech02,14.616666666666667,-2.9,200010310GSW-PHO,200010310GSW-GSW,PHO-2001,0,2001,-42.388333333333335,44.04151515151515,dudlech02-2001
eliema01,10.383333333333333,-2.5,200010310GSW-PHO,200010310GSW-GSW,PHO-2001,0,2001,-25.958333333333332,44.04151515151515,eliema01-2001
mcphepa01,8.866666666666667,1.2,200010310GSW-PHO,200010310GSW-GSW,PHO-2001,0,2001,10.64,44.04151515151515,mcphepa01-2001
santida01,4.533333333333333,0.3,200010310GSW-PHO,200010310GSW-GSW,PHO-2001,0,2001,1.3599999999999999,44.04151515151515,santida01-2001
garceru01,2.3333333333333335,-1.8,200010310GSW-PHO,200010310GSW-GSW,PHO-2001,0,2001,-4.2,44.04151515151515,garceru01-2001
wallara01,40.81666666666667,4.7,200011020PHO-POR,200011020PHO-PHO,POR-2001,0,2001,191.83833333333337,10.917638888888893,wallara01-2001
pippesc01,34.25,-1.9,200011020PHO-POR,200011020PHO-PHO,POR-2001,0,2001,-65.075,10.917638888888893,pippesc01-2001
stoudda01,30.833333333333332,-2.8,200011020PHO-POR,200011020PHO-PHO,POR-2001,0,2001,-86.33333333333333,10.917638888888893,stoudda01-2001
kempsh01,30.266666666666666,9.3,200011020PHO-POR,200011020PHO-PHO,POR-2001,0,2001,281.48,10.917638888888893,kempsh01-2001
smithst01,27.45,0.2,200011020PHO-POR,200011020PHO-PHO,POR-2001,0,2001,5.49,10.917638888888893,smithst01-2001
davisda01,21.083333333333332,-3.3,200011020PHO-POR,200011020PHO-PHO,POR-2001,0,2001,-69.57499999999999,10.917638888888893,davisda01-2001
wellsbo01,17.05,-3.9,200011020PHO-POR,200011020PHO-PHO,POR-2001,0,2001,-66.495,10.917638888888893,wellsbo01-2001
augmost01,15.916666666666666,-1.1,200011020PHO-POR,200011020PHO-PHO,POR-2001,0,2001,-17.508333333333333,10.917638888888893,augmost01-2001
anthogr01,13.533333333333333,-2.8,200011020PHO-POR,200011020PHO-PHO,POR-2001,0,2001,-37.89333333333333,10.917638888888893,anthogr01-2001
barkler01,3.6333333333333333,-0.5,200011020PHO-POR,200011020PHO-PHO,POR-2001,0,2001,-1.8166666666666667,10.917638888888893,barkler01-2001
harvean01,2.5833333333333335,-1,200011020PHO-POR,200011020PHO-PHO,POR-2001,0,2001,-2.5833333333333335,10.917638888888893,harvean01-2001
perduwi01,2.5833333333333335,-0.2,200011020PHO-POR,200011020PHO-PHO,POR-2001,0,2001,-0.5166666666666667,10.917638888888893,perduwi01-2001
mariosh01,44.333333333333336,9.4,200011040DEN-PHO,200011040DEN-DEN,PHO-2001,1,2001,416.73333333333335,40.56878787878788,mariosh01-2001
kiddja01,40.65,6.7,200011040DEN-PHO,200011040DEN-DEN,PHO-2001,1,2001,272.355,40.56878787878788,kiddja01-2001
robincl02,32.15,-5.2,200011040DEN-PHO,200011040DEN-DEN,PHO-2001,1,2001,-167.18,40.56878787878788,robincl02-2001
delkto01,26.35,0.6,200011040DEN-PHO,200011040DEN-DEN,PHO-2001,1,2001,15.81,40.56878787878788,delkto01-2001
rogerro01,23.75,-3.7,200011040DEN-PHO,200011040DEN-DEN,PHO-2001,1,2001,-87.875,40.56878787878788,rogerro01-2001
eliema01,21.85,0.3,200011040DEN-PHO,200011040DEN-DEN,PHO-2001,1,2001,6.555000000000001,40.56878787878788,eliema01-2001
santida01,15.233333333333333,-2.2,200011040DEN-PHO,200011040DEN-DEN,PHO-2001,1,2001,-33.513333333333335,40.56878787878788,santida01-2001
dudlech02,14.716666666666667,-1.6,200011040DEN-PHO,200011040DEN-DEN,PHO-2001,1,2001,-23.546666666666667,40.56878787878788,dudlech02-2001
mcphepa01,10.016666666666667,3.3,200011040DEN-PHO,200011040DEN-DEN,PHO-2001,1,2001,33.055,40.56878787878788,mcphepa01-2001
garceru01,7.283333333333333,1.4,200011040DEN-PHO,200011040DEN-DEN,PHO-2001,1,2001,10.196666666666665,40.56878787878788,garceru01-2001
tsakaja01,3.6666666666666665,1,200011040DEN-PHO,200011040DEN-DEN,PHO-2001,1,2001,3.6666666666666665,40.56878787878788,tsakaja01-2001
francst01,41.38333333333333,4.7,200011050PHO-HOU,200011050PHO-PHO,HOU-2001,0,2001,194.50166666666667,38.60030303030303,francst01-2001
andersh01,41.1,3,200011050PHO-HOU,200011050PHO-PHO,HOU-2001,0,2001,123.30000000000001,38.60030303030303,andersh01-2001
moblecu01,27.383333333333333,5.4,200011050PHO-HOU,200011050PHO-PHO,HOU-2001,0,2001,147.87,38.60030303030303,moblecu01-2001
thomake01,26.9,1,200011050PHO-HOU,200011050PHO-PHO,HOU-2001,0,2001,26.9,38.60030303030303,thomake01-2001
tayloma01,23.616666666666667,-6.2,200011050PHO-HOU,200011050PHO-PHO,HOU-2001,0,2001,-146.42333333333335,38.60030303030303,tayloma01-2001
williwa02,20.15,5.4,200011050PHO-HOU,200011050PHO-PHO,HOU-2001,0,2001,108.81,38.60030303030303,williwa02-2001
collija02,14.933333333333334,-0.3,200011050PHO-HOU,200011050PHO-PHO,HOU-2001,0,2001,-4.4799999999999995,38.60030303030303,collija02-2001
olajuha01,14.133333333333333,1.4,200011050PHO-HOU,200011050PHO-PHO,HOU-2001,0,2001,19.786666666666665,38.60030303030303,olajuha01-2001
norrimo01,13.983333333333333,-0.8,200011050PHO-HOU,200011050PHO-PHO,HOU-2001,0,2001,-11.186666666666667,38.60030303030303,norrimo01-2001
rogerca01,11.25,-2.1,200011050PHO-HOU,200011050PHO-PHO,HOU-2001,0,2001,-23.625,38.60030303030303,rogerca01-2001
bullama01,5.166666666666667,-2.1,200011050PHO-HOU,200011050PHO-PHO,HOU-2001,0,2001,-10.850000000000001,38.60030303030303,bullama01-2001
duncati01,33.38333333333333,3.3,200011070PHO-SAS,200011070PHO-PHO,SAS-2001,0,2001,110.16499999999999,12.051363636363634,duncati01-2001
anderde01,30.133333333333333,1.8,200011070PHO-SAS,200011070PHO-PHO,SAS-2001,0,2001,54.24,12.051363636363634,anderde01-2001
johnsav01,26.233333333333334,-4.9,200011070PHO-SAS,200011070PHO-PHO,SAS-2001,0,2001,-128.54333333333335,12.051363636363634,johnsav01-2001
elliose01,26,1.8,200011070PHO-SAS,200011070PHO-PHO,SAS-2001,0,2001,46.800000000000004,12.051363636363634,elliose01-2001
robinda01,24.316666666666666,5.5,200011070PHO-SAS,200011070PHO-PHO,SAS-2001,0,2001,133.74166666666667,12.051363636363634,robinda01-2001
daniean01,21.766666666666666,2,200011070PHO-SAS,200011070PHO-PHO,SAS-2001,0,2001,43.53333333333333,12.051363636363634,daniean01-2001
rosema01,21.283333333333335,-4.6,200011070PHO-SAS,200011070PHO-PHO,SAS-2001,0,2001,-97.90333333333334,12.051363636363634,rosema01-2001
kerrst01,17.866666666666667,-1.6,200011070PHO-SAS,200011070PHO-PHO,SAS-2001,0,2001,-28.58666666666667,12.051363636363634,kerrst01-2001
walkesa01,13.716666666666667,4.1,200011070PHO-SAS,200011070PHO-PHO,SAS-2001,0,2001,56.23833333333333,12.051363636363634,walkesa01-2001
ferryda01,13.7,-4,200011070PHO-SAS,200011070PHO-PHO,SAS-2001,0,2001,-54.8,12.051363636363634,ferryda01-2001
jacksja01,11.6,-0.2,200011070PHO-SAS,200011070PHO-PHO,SAS-2001,0,2001,-2.32,12.051363636363634,jacksja01-2001
jacksji01,37.18333333333333,-1.4,200011090PHO-ATL,200011090PHO-PHO,ATL-2001,0,2001,-52.05666666666666,1.5035000000000012,jacksji01-2001
terryja01,36.96666666666667,-1,200011090PHO-ATL,200011090PHO-PHO,ATL-2001,0,2001,-36.96666666666667,1.5035000000000012,terryja01-2001
hendeal01,34.86666666666667,-2.5,200011090PHO-ATL,200011090PHO-PHO,ATL-2001,0,2001,-87.16666666666667,1.5035000000000012,hendeal01-2001
mutomdi01,34.31666666666667,5.1,200011090PHO-ATL,200011090PHO-PHO,ATL-2001,0,2001,175.01500000000001,1.5035000000000012,mutomdi01-2001
mcleoro01,29.75,-1.4,200011090PHO-ATL,200011090PHO-PHO,ATL-2001,0,2001,-41.65,1.5035000000000012,mcleoro01-2001
wrighlo02,22.816666666666666,-2.2,200011090PHO-ATL,200011090PHO-PHO,ATL-2001,0,2001,-50.19666666666667,1.5035000000000012,wrighlo02-2001
robinla01,15,6.3,200011090PHO-ATL,200011090PHO-PHO,ATL-2001,0,2001,94.5,1.5035000000000012,robinla01-2001
johnsde03,14.066666666666666,-0.4,200011090PHO-ATL,200011090PHO-PHO,ATL-2001,0,2001,-5.626666666666667,1.5035000000000012,johnsde03-2001
johnsan02,11.033333333333333,2.5,200011090PHO-ATL,200011090PHO-PHO,ATL-2001,0,2001,27.583333333333332,1.5035000000000012,johnsan02-2001
crawfch01,4,-2.1,200011090PHO-ATL,200011090PHO-PHO,ATL-2001,0,2001,-8.4,1.5035000000000012,crawfch01-2001
masonan01,44.81666666666667,-0.5,200011110PHO-MIA,200011110PHO-PHO,MIA-2001,0,2001,-22.408333333333335,40.97833333333333,masonan01-2001
jonesed02,41.55,-1.7,200011110PHO-MIA,200011110PHO-PHO,MIA-2001,0,2001,-70.63499999999999,40.97833333333333,jonesed02-2001
hardati01,35.35,6.1,200011110PHO-MIA,200011110PHO-PHO,MIA-2001,0,2001,215.635,40.97833333333333,hardati01-2001
bowenbr01,35.28333333333333,6.6,200011110PHO-MIA,200011110PHO-PHO,MIA-2001,0,2001,232.86999999999998,40.97833333333333,bowenbr01-2001
grantbr01,27.383333333333333,0.2,200011110PHO-MIA,200011110PHO-PHO,MIA-2001,0,2001,5.476666666666667,40.97833333333333,grantbr01-2001
greenac01,23.6,-0.1,200011110PHO-MIA,200011110PHO-PHO,MIA-2001,0,2001,-2.3600000000000003,40.97833333333333,greenac01-2001
cartean01,19.5,-0.3,200011110PHO-MIA,200011110PHO-PHO,MIA-2001,0,2001,-5.85,40.97833333333333,cartean01-2001
causwdu01,12.366666666666667,1.3,200011110PHO-MIA,200011110PHO-PHO,MIA-2001,0,2001,16.076666666666668,40.97833333333333,causwdu01-2001
fulleto02,0.15,0,200011110PHO-MIA,200011110PHO-PHO,MIA-2001,0,2001,0,40.97833333333333,fulleto02-2001
nashst01,37.15,4.9,200011150PHO-DAL,200011150PHO-PHO,DAL-2001,0,2001,182.035,10.370277777777776,nashst01-2001
nowitdi01,35.3,-1,200011150PHO-DAL,200011150PHO-PHO,DAL-2001,0,2001,-35.3,10.370277777777776,nowitdi01-2001
buckngr01,34.2,3.3,200011150PHO-DAL,200011150PHO-PHO,DAL-2001,0,2001,112.86,10.370277777777776,buckngr01-2001
finlemi01,33.733333333333334,-3.8,200011150PHO-DAL,200011150PHO-PHO,DAL-2001,0,2001,-128.18666666666667,10.370277777777776,finlemi01-2001
davishu01,24.9,-1.6,200011150PHO-DAL,200011150PHO-PHO,DAL-2001,0,2001,-39.84,10.370277777777776,davishu01-2001
eisleho01,20.95,3.1,200011150PHO-DAL,200011150PHO-PHO,DAL-2001,0,2001,64.945,10.370277777777776,eisleho01-2001
vaughlo01,13.216666666666667,1.5,200011150PHO-DAL,200011150PHO-PHO,DAL-2001,0,2001,19.825,10.370277777777776,vaughlo01-2001
bradlsh01,10.416666666666666,-2.2,200011150PHO-DAL,200011150PHO-PHO,DAL-2001,0,2001,-22.916666666666668,10.370277777777776,bradlsh01-2001
najered01,10.15,1.3,200011150PHO-DAL,200011150PHO-PHO,DAL-2001,0,2001,13.195,10.370277777777776,najered01-2001
laettch01,9.733333333333333,-3.1,200011150PHO-DAL,200011150PHO-PHO,DAL-2001,0,2001,-30.173333333333332,10.370277777777776,laettch01-2001
alexaco02,8.783333333333333,-1.4,200011150PHO-DAL,200011150PHO-PHO,DAL-2001,0,2001,-12.296666666666665,10.370277777777776,alexaco02-2001
curlebi01,1.4833333333333334,0.2,200011150PHO-DAL,200011150PHO-PHO,DAL-2001,0,2001,0.2966666666666667,10.370277777777776,curlebi01-2001
houstal01,37.3,2.4,200011170PHO-NYK,200011170PHO-PHO,NYK-2001,1,2001,89.52,54.50555555555556,houstal01-2001
johnsla02,36.666666666666664,-4.5,200011170PHO-NYK,200011170PHO-PHO,NYK-2001,1,2001,-165,54.50555555555556,johnsla02-2001
sprewla01,35.78333333333333,0.1,200011170PHO-NYK,200011170PHO-PHO,NYK-2001,1,2001,3.578333333333333,54.50555555555556,sprewla01-2001
cambyma01,31.066666666666666,7.3,200011170PHO-NYK,200011170PHO-PHO,NYK-2001,1,2001,226.78666666666666,54.50555555555556,cambyma01-2001
wardch01,26.533333333333335,10.8,200011170PHO-NYK,200011170PHO-PHO,NYK-2001,1,2001,286.56000000000006,54.50555555555556,wardch01-2001
thomaku01,25.333333333333332,-1,200011170PHO-NYK,200011170PHO-PHO,NYK-2001,1,2001,-25.333333333333332,54.50555555555556,thomaku01-2001
ricegl01,24.15,-0.9,200011170PHO-NYK,200011170PHO-PHO,NYK-2001,1,2001,-21.735,54.50555555555556,ricegl01-2001
childch01,21.966666666666665,4.4,200011170PHO-NYK,200011170PHO-PHO,NYK-2001,1,2001,96.65333333333334,54.50555555555556,childch01-2001
knightr01,1.2,-0.4,200011170PHO-NYK,200011170PHO-PHO,NYK-2001,1,2001,-0.48,54.50555555555556,knightr01-2001
kiddja01,44.733333333333334,0,200011180HOU-PHO,200011180HOU-HOU,PHO-2001,0,2001,0,36.35316666666667,kiddja01-2001
mariosh01,42.78333333333333,2.5,200011180HOU-PHO,200011180HOU-HOU,PHO-2001,0,2001,106.95833333333333,36.35316666666667,mariosh01-2001
robincl02,37.46666666666667,5.7,200011180HOU-PHO,200011180HOU-HOU,PHO-2001,0,2001,213.56000000000003,36.35316666666667,robincl02-2001
delkto01,27.966666666666665,-2.1,200011180HOU-PHO,200011180HOU-HOU,PHO-2001,0,2001,-58.73,36.35316666666667,delkto01-2001
eliema01,24.866666666666667,2.2,200011180HOU-PHO,200011180HOU-HOU,PHO-2001,0,2001,54.70666666666667,36.35316666666667,eliema01-2001
rogerro01,21.133333333333333,2.5,200011180HOU-PHO,200011180HOU-HOU,PHO-2001,0,2001,52.83333333333333,36.35316666666667,rogerro01-2001
santida01,15.566666666666666,-0.1,200011180HOU-PHO,200011180HOU-HOU,PHO-2001,0,2001,-1.5566666666666666,36.35316666666667,santida01-2001
blounco01,15.3,-0.7,200011180HOU-PHO,200011180HOU-HOU,PHO-2001,0,2001,-10.709999999999999,36.35316666666667,blounco01-2001
tsakaja01,7.733333333333333,0.9,200011180HOU-PHO,200011180HOU-HOU,PHO-2001,0,2001,6.96,36.35316666666667,tsakaja01-2001
mcphepa01,2.45,-0.2,200011180HOU-PHO,200011180HOU-HOU,PHO-2001,0,2001,-0.49000000000000005,36.35316666666667,mcphepa01-2001
marbust01,37.233333333333334,6.6,200011220PHO-NJN,200011220PHO-PHO,NJN-2001,0,2001,245.73999999999998,5.450909090909089,marbust01-2001
gillke01,36.516666666666666,0.2,200011220PHO-NJN,200011220PHO-PHO,NJN-2001,0,2001,7.303333333333334,5.450909090909089,gillke01-2001
jacksst02,31.433333333333334,-3.5,200011220PHO-NJN,200011220PHO-PHO,NJN-2001,0,2001,-110.01666666666667,5.450909090909089,jacksst02-2001
harrilu01,28.05,-1,200011220PHO-NJN,200011220PHO-PHO,NJN-2001,0,2001,-28.05,5.450909090909089,harrilu01-2001
newmajo01,24.25,-3.3,200011220PHO-NJN,200011220PHO-PHO,NJN-2001,0,2001,-80.02499999999999,5.450909090909089,newmajo01-2001
williaa01,22.583333333333332,-0.7,200011220PHO-NJN,200011220PHO-PHO,NJN-2001,0,2001,-15.808333333333332,5.450909090909089,williaa01-2001
martike01,19.783333333333335,-1.3,200011220PHO-NJN,200011220PHO-PHO,NJN-2001,0,2001,-25.718333333333337,5.450909090909089,martike01-2001
eschmev01,12.4,1.9,200011220PHO-NJN,200011220PHO-PHO,NJN-2001,0,2001,23.56,5.450909090909089,eschmev01-2001
samakso01,12,2.3,200011220PHO-NJN,200011220PHO-PHO,NJN-2001,0,2001,27.599999999999998,5.450909090909089,samakso01-2001
ollieke01,10.766666666666667,2.4,200011220PHO-NJN,200011220PHO-PHO,NJN-2001,0,2001,25.84,5.450909090909089,ollieke01-2001
mcilvji01,4.983333333333333,-2.1,200011220PHO-NJN,200011220PHO-PHO,NJN-2001,0,2001,-10.465,5.450909090909089,mcilvji01-2001
jamisan01,42.05,1.6,200011240PHO-GSW,200011240PHO-PHO,GSW-2001,0,2001,67.28,17.517500000000002,jamisan01-2001
hughela01,39.833333333333336,4.4,200011240PHO-GSW,200011240PHO-PHO,GSW-2001,0,2001,175.26666666666668,17.517500000000002,hughela01-2001
millsch01,38.63333333333333,-3.5,200011240PHO-GSW,200011240PHO-PHO,GSW-2001,0,2001,-135.21666666666667,17.517500000000002,millsch01-2001
surabo01,28.983333333333334,4.3,200011240PHO-GSW,200011240PHO-PHO,GSW-2001,0,2001,124.62833333333333,17.517500000000002,surabo01-2001
dampier01,26.416666666666668,-1.6,200011240PHO-GSW,200011240PHO-PHO,GSW-2001,0,2001,-42.26666666666667,17.517500000000002,dampier01-2001
blaylmo01,22.616666666666667,0.6,200011240PHO-GSW,200011240PHO-PHO,GSW-2001,0,2001,13.57,17.517500000000002,blaylmo01-2001
foylead01,21.2,-0.1,200011240PHO-GSW,200011240PHO-PHO,GSW-2001,0,2001,-2.12,17.517500000000002,foylead01-2001
keefead01,8.366666666666667,-0.4,200011240PHO-GSW,200011240PHO-PHO,GSW-2001,0,2001,-3.346666666666667,17.517500000000002,keefead01-2001
mullich01,6.95,-2.4,200011240PHO-GSW,200011240PHO-PHO,GSW-2001,0,2001,-16.68,17.517500000000002,mullich01-2001
delnevi01,4.95,-1.2,200011240PHO-GSW,200011240PHO-PHO,GSW-2001,0,2001,-5.94,17.517500000000002,delnevi01-2001
robincl02,44.266666666666666,6.8,200011250LAC-PHO,200011250LAC-LAC,PHO-2001,1,2001,301.0133333333333,70.13240740740741,robincl02-2001
kiddja01,41,1,200011250LAC-PHO,200011250LAC-LAC,PHO-2001,1,2001,41,70.13240740740741,kiddja01-2001
eliema01,39.78333333333333,5.9,200011250LAC-PHO,200011250LAC-LAC,PHO-2001,1,2001,234.72166666666666,70.13240740740741,eliema01-2001
mariosh01,36.88333333333333,2.6,200011250LAC-PHO,200011250LAC-LAC,PHO-2001,1,2001,95.89666666666668,70.13240740740741,mariosh01-2001
rogerro01,32.46666666666667,0.4,200011250LAC-PHO,200011250LAC-LAC,PHO-2001,1,2001,12.986666666666668,70.13240740740741,rogerro01-2001
delkto01,25.216666666666665,-1.9,200011250LAC-PHO,200011250LAC-LAC,PHO-2001,1,2001,-47.91166666666666,70.13240740740741,delkto01-2001
blounco01,23.516666666666666,0.5,200011250LAC-PHO,200011250LAC-LAC,PHO-2001,1,2001,11.758333333333333,70.13240740740741,blounco01-2001
santida01,12.6,-0.2,200011250LAC-PHO,200011250LAC-LAC,PHO-2001,1,2001,-2.52,70.13240740740741,santida01-2001
guglito01,9.266666666666667,-1.7,200011250LAC-PHO,200011250LAC-LAC,PHO-2001,1,2001,-15.753333333333334,70.13240740740741,guglito01-2001
mariosh01,53.166666666666664,5.8,200011290VAN-PHO,200011290VAN-VAN,PHO-2001,0,2001,308.3666666666666,61.192833333333326,mariosh01-2001
kiddja01,50.85,9.2,200011290VAN-PHO,200011290VAN-VAN,PHO-2001,0,2001,467.82,61.192833333333326,kiddja01-2001
delkto01,39.63333333333333,1,200011290VAN-PHO,200011290VAN-VAN,PHO-2001,0,2001,39.63333333333333,61.192833333333326,delkto01-2001
rogerro01,39.28333333333333,-0.8,200011290VAN-PHO,200011290VAN-VAN,PHO-2001,0,2001,-31.426666666666666,61.192833333333326,rogerro01-2001
robincl02,35.266666666666666,-2.6,200011290VAN-PHO,200011290VAN-VAN,PHO-2001,0,2001,-91.69333333333333,61.192833333333326,robincl02-2001
blounco01,21.383333333333333,-5.1,200011290VAN-PHO,200011290VAN-VAN,PHO-2001,0,2001,-109.05499999999999,61.192833333333326,blounco01-2001
guglito01,20.4,-3.3,200011290VAN-PHO,200011290VAN-VAN,PHO-2001,0,2001,-67.32,61.192833333333326,guglito01-2001
mcphepa01,18.7,6,200011290VAN-PHO,200011290VAN-VAN,PHO-2001,0,2001,112.19999999999999,61.192833333333326,mcphepa01-2001
santida01,6.6,-1.8,200011290VAN-PHO,200011290VAN-VAN,PHO-2001,0,2001,-11.879999999999999,61.192833333333326,santida01-2001
tsakaja01,4.716666666666667,-1,200011290VAN-PHO,200011290VAN-VAN,PHO-2001,0,2001,-4.716666666666667,61.192833333333326,tsakaja01-2001
kiddja01,45.833333333333336,2.4,200012010SAC-PHO,200012010SAC-SAC,PHO-2001,0,2001,110,37.38696969696969,kiddja01-2001
mariosh01,38.4,4.4,200012010SAC-PHO,200012010SAC-SAC,PHO-2001,0,2001,168.96,37.38696969696969,mariosh01-2001
delkto01,33.93333333333333,4.8,200012010SAC-PHO,200012010SAC-SAC,PHO-2001,0,2001,162.87999999999997,37.38696969696969,delkto01-2001
robincl02,28.783333333333335,-0.2,200012010SAC-PHO,200012010SAC-SAC,PHO-2001,0,2001,-5.756666666666668,37.38696969696969,robincl02-2001
rogerro01,21.833333333333332,-1.9,200012010SAC-PHO,200012010SAC-SAC,PHO-2001,0,2001,-41.48333333333333,37.38696969696969,rogerro01-2001
santida01,20.25,0.8,200012010SAC-PHO,200012010SAC-SAC,PHO-2001,0,2001,16.2,37.38696969696969,santida01-2001
blounco01,14.3,-0.5,200012010SAC-PHO,200012010SAC-SAC,PHO-2001,0,2001,-7.15,37.38696969696969,blounco01-2001
eliema01,14.066666666666666,-1.3,200012010SAC-PHO,200012010SAC-SAC,PHO-2001,0,2001,-18.286666666666665,37.38696969696969,eliema01-2001
mcphepa01,12,0.7,200012010SAC-PHO,200012010SAC-SAC,PHO-2001,0,2001,8.399999999999999,37.38696969696969,mcphepa01-2001
guglito01,8.433333333333334,2.1,200012010SAC-PHO,200012010SAC-SAC,PHO-2001,0,2001,17.71,37.38696969696969,guglito01-2001
tsakaja01,2.1666666666666665,-0.1,200012010SAC-PHO,200012010SAC-SAC,PHO-2001,0,2001,-0.21666666666666667,37.38696969696969,tsakaja01-2001
wallara01,41.516666666666666,5.5,200012030PHO-POR,200012030PHO-PHO,POR-2001,0,2001,228.34166666666667,64.6075925925926,wallara01-2001
davisda01,36.2,8.7,200012030PHO-POR,200012030PHO-PHO,POR-2001,0,2001,314.94,64.6075925925926,davisda01-2001
pippesc01,34.65,5,200012030PHO-POR,200012030PHO-PHO,POR-2001,0,2001,173.25,64.6075925925926,pippesc01-2001
stoudda01,31.783333333333335,-0.3,200012030PHO-POR,200012030PHO-PHO,POR-2001,0,2001,-9.535,64.6075925925926,stoudda01-2001
smithst01,27.283333333333335,-1.3,200012030PHO-POR,200012030PHO-PHO,POR-2001,0,2001,-35.468333333333334,64.6075925925926,smithst01-2001
wellsbo01,24.016666666666666,-1.4,200012030PHO-POR,200012030PHO-PHO,POR-2001,0,2001,-33.62333333333333,64.6075925925926,wellsbo01-2001
kempsh01,18.133333333333333,-3,200012030PHO-POR,200012030PHO-PHO,POR-2001,0,2001,-54.4,64.6075925925926,kempsh01-2001
augmost01,17.116666666666667,2,200012030PHO-POR,200012030PHO-PHO,POR-2001,0,2001,34.233333333333334,64.6075925925926,augmost01-2001
anthogr01,9.3,-3.9,200012030PHO-POR,200012030PHO-PHO,POR-2001,0,2001,-36.27,64.6075925925926,anthogr01-2001
robincl02,38.18333333333333,13.6,200012070MIL-PHO,200012070MIL-MIL,PHO-2001,1,2001,519.2933333333333,83.66863636363635,robincl02-2001
kiddja01,36.11666666666667,4,200012070MIL-PHO,200012070MIL-MIL,PHO-2001,1,2001,144.46666666666667,83.66863636363635,kiddja01-2001
eliema01,35.86666666666667,3.5,200012070MIL-PHO,200012070MIL-MIL,PHO-2001,1,2001,125.53333333333333,83.66863636363635,eliema01-2001
mariosh01,35.016666666666666,-1.4,200012070MIL-PHO,200012070MIL-MIL,PHO-2001,1,2001,-49.023333333333326,83.66863636363635,mariosh01-2001
rogerro01,32.03333333333333,11.6,200012070MIL-PHO,200012070MIL-MIL,PHO-2001,1,2001,371.58666666666664,83.66863636363635,rogerro01-2001
delkto01,19.983333333333334,-6.4,200012070MIL-PHO,200012070MIL-MIL,PHO-2001,1,2001,-127.89333333333335,83.66863636363635,delkto01-2001
guglito01,14.3,-3.2,200012070MIL-PHO,200012070MIL-MIL,PHO-2001,1,2001,-45.760000000000005,83.66863636363635,guglito01-2001
santida01,12.3,-0.1,200012070MIL-PHO,200012070MIL-MIL,PHO-2001,1,2001,-1.2300000000000002,83.66863636363635,santida01-2001
dudlech02,8.733333333333333,-1.8,200012070MIL-PHO,200012070MIL-MIL,PHO-2001,1,2001,-15.719999999999999,83.66863636363635,dudlech02-2001
mcphepa01,4.05,-0.9,200012070MIL-PHO,200012070MIL-MIL,PHO-2001,1,2001,-3.645,83.66863636363635,mcphepa01-2001
blounco01,3.4333333333333336,0.8,200012070MIL-PHO,200012070MIL-MIL,PHO-2001,1,2001,2.746666666666667,83.66863636363635,blounco01-2001
mariosh01,44.65,3,200012080NJN-PHO,200012080NJN-NJN,PHO-2001,0,2001,133.95,45.36060606060606,mariosh01-2001
robincl02,43.56666666666667,9,200012080NJN-PHO,200012080NJN-NJN,PHO-2001,0,2001,392.1,45.36060606060606,robincl02-2001
kiddja01,37.3,2.3,200012080NJN-PHO,200012080NJN-NJN,PHO-2001,0,2001,85.78999999999999,45.36060606060606,kiddja01-2001
rogerro01,30.816666666666666,3,200012080NJN-PHO,200012080NJN-NJN,PHO-2001,0,2001,92.45,45.36060606060606,rogerro01-2001
guglito01,18.216666666666665,-5.7,200012080NJN-PHO,200012080NJN-NJN,PHO-2001,0,2001,-103.835,45.36060606060606,guglito01-2001
delkto01,18.083333333333332,-4.6,200012080NJN-PHO,200012080NJN-NJN,PHO-2001,0,2001,-83.18333333333332,45.36060606060606,delkto01-2001
dudlech02,14.15,-1.6,200012080NJN-PHO,200012080NJN-NJN,PHO-2001,0,2001,-22.64,45.36060606060606,dudlech02-2001
eliema01,13.316666666666666,0.1,200012080NJN-PHO,200012080NJN-NJN,PHO-2001,0,2001,1.3316666666666668,45.36060606060606,eliema01-2001
perryel01,9.083333333333334,0.9,200012080NJN-PHO,200012080NJN-NJN,PHO-2001,0,2001,8.175,45.36060606060606,perryel01-2001
blounco01,6.35,0.1,200012080NJN-PHO,200012080NJN-NJN,PHO-2001,0,2001,0.635,45.36060606060606,blounco01-2001
santida01,4.466666666666667,-1.3,200012080NJN-PHO,200012080NJN-NJN,PHO-2001,0,2001,-5.806666666666667,45.36060606060606,santida01-2001
kiddja01,42.083333333333336,10.7,200012100TOR-PHO,200012100TOR-TOR,PHO-2001,1,2001,450.2916666666667,69.10030303030302,kiddja01-2001
robincl02,38.9,4.2,200012100TOR-PHO,200012100TOR-TOR,PHO-2001,1,2001,163.38,69.10030303030302,robincl02-2001
eliema01,31.933333333333334,-0.9,200012100TOR-PHO,200012100TOR-TOR,PHO-2001,1,2001,-28.740000000000002,69.10030303030302,eliema01-2001
rogerro01,30.35,7.1,200012100TOR-PHO,200012100TOR-TOR,PHO-2001,1,2001,215.48499999999999,69.10030303030302,rogerro01-2001
delkto01,25.6,-2.2,200012100TOR-PHO,200012100TOR-TOR,PHO-2001,1,2001,-56.32000000000001,69.10030303030302,delkto01-2001
mariosh01,22.466666666666665,1.8,200012100TOR-PHO,200012100TOR-TOR,PHO-2001,1,2001,40.44,69.10030303030302,mariosh01-2001
dudlech02,20.8,0.8,200012100TOR-PHO,200012100TOR-TOR,PHO-2001,1,2001,16.64,69.10030303030302,dudlech02-2001
blounco01,16.466666666666665,-2.4,200012100TOR-PHO,200012100TOR-TOR,PHO-2001,1,2001,-39.519999999999996,69.10030303030302,blounco01-2001
perryel01,5.916666666666667,0.4,200012100TOR-PHO,200012100TOR-TOR,PHO-2001,1,2001,2.3666666666666667,69.10030303030302,perryel01-2001
santida01,4.816666666666666,-0.8,200012100TOR-PHO,200012100TOR-TOR,PHO-2001,1,2001,-3.8533333333333335,69.10030303030302,santida01-2001
mcphepa01,0.6666666666666666,-0.1,200012100TOR-PHO,200012100TOR-TOR,PHO-2001,1,2001,-0.06666666666666667,69.10030303030302,mcphepa01-2001
kiddja01,40,7,200012110CHI-PHO,200012110CHI-CHI,PHO-2001,1,2001,280,63.29,kiddja01-2001
rogerro01,40,6.3,200012110CHI-PHO,200012110CHI-CHI,PHO-2001,1,2001,252,63.29,rogerro01-2001
robincl02,33.8,11,200012110CHI-PHO,200012110CHI-CHI,PHO-2001,1,2001,371.79999999999995,63.29,robincl02-2001
mariosh01,31.516666666666666,-2.8,200012110CHI-PHO,200012110CHI-CHI,PHO-2001,1,2001,-88.24666666666666,63.29,mariosh01-2001
delkto01,25.966666666666665,-0.9,200012110CHI-PHO,200012110CHI-CHI,PHO-2001,1,2001,-23.369999999999997,63.29,delkto01-2001
guglito01,23.883333333333333,1.1,200012110CHI-PHO,200012110CHI-CHI,PHO-2001,1,2001,26.27166666666667,63.29,guglito01-2001
eliema01,22.033333333333335,-2.6,200012110CHI-PHO,200012110CHI-CHI,PHO-2001,1,2001,-57.286666666666676,63.29,eliema01-2001
dudlech02,9.316666666666666,-6.3,200012110CHI-PHO,200012110CHI-CHI,PHO-2001,1,2001,-58.695,63.29,dudlech02-2001
perryel01,7.233333333333333,-0.4,200012110CHI-PHO,200012110CHI-CHI,PHO-2001,1,2001,-2.8933333333333335,63.29,perryel01-2001
blounco01,5.5,-0.7,200012110CHI-PHO,200012110CHI-CHI,PHO-2001,1,2001,-3.8499999999999996,63.29,blounco01-2001
mcphepa01,0.7666666666666667,0.6,200012110CHI-PHO,200012110CHI-CHI,PHO-2001,1,2001,0.46,63.29,mcphepa01-2001
anderde01,44.61666666666667,10.9,200012130PHO-SAS,200012130PHO-PHO,SAS-2001,0,2001,486.3216666666667,50.65350000000001,anderde01-2001
daniean01,39.55,-3.3,200012130PHO-SAS,200012130PHO-PHO,SAS-2001,0,2001,-130.515,50.65350000000001,daniean01-2001
robinda01,38.93333333333333,1,200012130PHO-SAS,200012130PHO-PHO,SAS-2001,0,2001,38.93333333333333,50.65350000000001,robinda01-2001
duncati01,34.233333333333334,1.6,200012130PHO-SAS,200012130PHO-PHO,SAS-2001,0,2001,54.77333333333334,50.65350000000001,duncati01-2001
elliose01,30.166666666666668,2.6,200012130PHO-SAS,200012130PHO-PHO,SAS-2001,0,2001,78.43333333333334,50.65350000000001,elliose01-2001
rosema01,21.45,-0.2,200012130PHO-SAS,200012130PHO-PHO,SAS-2001,0,2001,-4.29,50.65350000000001,rosema01-2001
portete01,14.9,-1.4,200012130PHO-SAS,200012130PHO-PHO,SAS-2001,0,2001,-20.86,50.65350000000001,portete01-2001
ferryda01,13.383333333333333,0.3,200012130PHO-SAS,200012130PHO-PHO,SAS-2001,0,2001,4.015,50.65350000000001,ferryda01-2001
newblir01,1.3833333333333333,-0.1,200012130PHO-SAS,200012130PHO-PHO,SAS-2001,0,2001,-0.13833333333333334,50.65350000000001,newblir01-2001
walkesa01,1.3833333333333333,-0.1,200012130PHO-SAS,200012130PHO-PHO,SAS-2001,0,2001,-0.13833333333333334,50.65350000000001,walkesa01-2001
mcinnje01,41.25,9,200012150PHO-LAC,200012150PHO-PHO,LAC-2001,1,2001,371.25,76.85621212121212,mcinnje01-2001
odomla01,40.266666666666666,6.1,200012150PHO-LAC,200012150PHO-PHO,LAC-2001,1,2001,245.62666666666664,76.85621212121212,odomla01-2001
richaqu01,32.61666666666667,12.1,200012150PHO-LAC,200012150PHO-PHO,LAC-2001,1,2001,394.66166666666663,76.85621212121212,richaqu01-2001
olowomi01,28.266666666666666,-2.4,200012150PHO-LAC,200012150PHO-PHO,LAC-2001,1,2001,-67.83999999999999,76.85621212121212,olowomi01-2001
doolike01,20.083333333333332,-0.5,200012150PHO-LAC,200012150PHO-PHO,LAC-2001,1,2001,-10.041666666666666,76.85621212121212,doolike01-2001
piatker01,20,1.6,200012150PHO-LAC,200012150PHO-PHO,LAC-2001,1,2001,32,76.85621212121212,piatker01-2001
rooksse01,16.783333333333335,-2.9,200012150PHO-LAC,200012150PHO-PHO,LAC-2001,1,2001,-48.67166666666667,76.85621212121212,rooksse01-2001
milesda01,15.683333333333334,0.3,200012150PHO-LAC,200012150PHO-PHO,LAC-2001,1,2001,4.705,76.85621212121212,milesda01-2001
skinnbr01,11.2,-5.6,200012150PHO-LAC,200012150PHO-PHO,LAC-2001,1,2001,-62.71999999999999,76.85621212121212,skinnbr01-2001
stronde01,9.116666666666667,-0.4,200012150PHO-LAC,200012150PHO-PHO,LAC-2001,1,2001,-3.646666666666667,76.85621212121212,stronde01-2001
maggeco01,4.716666666666667,-2.1,200012150PHO-LAC,200012150PHO-PHO,LAC-2001,1,2001,-9.905000000000001,76.85621212121212,maggeco01-2001
kiddja01,38.7,-2.6,200012160SAS-PHO,200012160SAS-SAS,PHO-2001,0,2001,-100.62,9.928333333333331,kiddja01-2001
rogerro01,36.5,0.7,200012160SAS-PHO,200012160SAS-SAS,PHO-2001,0,2001,25.549999999999997,9.928333333333331,rogerro01-2001
delkto01,33.35,-1.4,200012160SAS-PHO,200012160SAS-SAS,PHO-2001,0,2001,-46.69,9.928333333333331,delkto01-2001
mariosh01,28.05,2.8,200012160SAS-PHO,200012160SAS-SAS,PHO-2001,0,2001,78.53999999999999,9.928333333333331,mariosh01-2001
robincl02,21.7,1,200012160SAS-PHO,200012160SAS-SAS,PHO-2001,0,2001,21.7,9.928333333333331,robincl02-2001
mcphepa01,21.533333333333335,0.3,200012160SAS-PHO,200012160SAS-SAS,PHO-2001,0,2001,6.46,9.928333333333331,mcphepa01-2001
dudlech02,18.466666666666665,2,200012160SAS-PHO,200012160SAS-SAS,PHO-2001,0,2001,36.93333333333333,9.928333333333331,dudlech02-2001
perryel01,13.15,4.3,200012160SAS-PHO,200012160SAS-SAS,PHO-2001,0,2001,56.545,9.928333333333331,perryel01-2001
blounco01,11.666666666666666,-1,200012160SAS-PHO,200012160SAS-SAS,PHO-2001,0,2001,-11.666666666666666,9.928333333333331,blounco01-2001
santida01,10.416666666666666,2.4,200012160SAS-PHO,200012160SAS-SAS,PHO-2001,0,2001,24.999999999999996,9.928333333333331,santida01-2001
guglito01,6.466666666666667,2.7,200012160SAS-PHO,200012160SAS-SAS,PHO-2001,0,2001,17.46,9.928333333333331,guglito01-2001
stackje01,38.7,13.5,200012190PHO-DET,200012190PHO-PHO,DET-2001,1,2001,522.45,56.02606060606061,stackje01-2001
wallabe01,37.13333333333333,8.1,200012190PHO-DET,200012190PHO-PHO,DET-2001,1,2001,300.78,56.02606060606061,wallabe01-2001
smithjo02,35.35,-1.9,200012190PHO-DET,200012190PHO-PHO,DET-2001,1,2001,-67.165,56.02606060606061,smithjo02-2001
atkinch01,28.733333333333334,1.8,200012190PHO-DET,200012190PHO-PHO,DET-2001,1,2001,51.720000000000006,56.02606060606061,atkinch01-2001
currymi01,27.2,-4.1,200012190PHO-DET,200012190PHO-PHO,DET-2001,1,2001,-111.51999999999998,56.02606060606061,currymi01-2001
mooremi01,18,3.7,200012190PHO-DET,200012190PHO-PHO,DET-2001,1,2001,66.60000000000001,56.02606060606061,mooremi01-2001
cleavma01,16.55,-3.3,200012190PHO-DET,200012190PHO-PHO,DET-2001,1,2001,-54.615,56.02606060606061,cleavma01-2001
owensbi01,13.033333333333333,-5,200012190PHO-DET,200012190PHO-PHO,DET-2001,1,2001,-65.16666666666667,56.02606060606061,owensbi01-2001
cardibr01,11.35,-0.3,200012190PHO-DET,200012190PHO-PHO,DET-2001,1,2001,-3.405,56.02606060606061,cardibr01-2001
barroda01,8.433333333333334,-1.4,200012190PHO-DET,200012190PHO-PHO,DET-2001,1,2001,-11.806666666666667,56.02606060606061,barroda01-2001
montrer01,5.516666666666667,-2.1,200012190PHO-DET,200012190PHO-PHO,DET-2001,1,2001,-11.585,56.02606060606061,montrer01-2001
vanexni01,36.61666666666667,-0.8,200012230PHO-DEN,200012230PHO-PHO,DEN-2001,0,2001,-29.293333333333337,10.396666666666668,vanexni01-2001
mcdyean01,32.016666666666666,-1,200012230PHO-DEN,200012230PHO-PHO,DEN-2001,0,2001,-32.016666666666666,10.396666666666668,mcdyean01-2001
mccloge01,28.65,10,200012230PHO-DEN,200012230PHO-PHO,DEN-2001,0,2001,286.5,10.396666666666668,mccloge01-2001
clarkke01,27.133333333333333,-0.7,200012230PHO-DEN,200012230PHO-PHO,DEN-2001,0,2001,-18.993333333333332,10.396666666666668,clarkke01-2001
lenarvo01,26.466666666666665,-1.8,200012230PHO-DEN,200012230PHO-PHO,DEN-2001,0,2001,-47.64,10.396666666666668,lenarvo01-2001
lafrera01,26.283333333333335,-4.3,200012230PHO-DEN,200012230PHO-PHO,DEN-2001,0,2001,-113.01833333333333,10.396666666666668,lafrera01-2001
packro01,21.25,6.7,200012230PHO-DEN,200012230PHO-PHO,DEN-2001,0,2001,142.375,10.396666666666668,packro01-2001
poseyja01,19.016666666666666,-3.8,200012230PHO-DEN,200012230PHO-PHO,DEN-2001,0,2001,-72.26333333333332,10.396666666666668,poseyja01-2001
stricma01,10.566666666666666,-0.9,200012230PHO-DEN,200012230PHO-PHO,DEN-2001,0,2001,-9.51,10.396666666666668,stricma01-2001
bowenry01,10.033333333333333,0.8,200012230PHO-DEN,200012230PHO-PHO,DEN-2001,0,2001,8.026666666666667,10.396666666666668,bowenry01-2001
cheanca01,1.9666666666666668,0.1,200012230PHO-DEN,200012230PHO-PHO,DEN-2001,0,2001,0.19666666666666668,10.396666666666668,cheanca01-2001
mariosh01,43.483333333333334,4.1,200012260VAN-PHO,200012260VAN-VAN,PHO-2001,1,2001,178.28166666666667,50.40287878787879,mariosh01-2001
kiddja01,41.6,13.8,200012260VAN-PHO,200012260VAN-VAN,PHO-2001,1,2001,574.08,50.40287878787879,kiddja01-2001
robincl02,39.53333333333333,-4.3,200012260VAN-PHO,200012260VAN-VAN,PHO-2001,1,2001,-169.9933333333333,50.40287878787879,robincl02-2001
rogerro01,32.266666666666666,3.4,200012260VAN-PHO,200012260VAN-VAN,PHO-2001,1,2001,109.70666666666666,50.40287878787879,rogerro01-2001
delkto01,30.133333333333333,-3.3,200012260VAN-PHO,200012260VAN-VAN,PHO-2001,1,2001,-99.44,50.40287878787879,delkto01-2001
guglito01,17.766666666666666,-0.1,200012260VAN-PHO,200012260VAN-VAN,PHO-2001,1,2001,-1.7766666666666666,50.40287878787879,guglito01-2001
dudlech02,11.666666666666666,-3.2,200012260VAN-PHO,200012260VAN-VAN,PHO-2001,1,2001,-37.333333333333336,50.40287878787879,dudlech02-2001
mcphepa01,7.966666666666667,0.8,200012260VAN-PHO,200012260VAN-VAN,PHO-2001,1,2001,6.373333333333334,50.40287878787879,mcphepa01-2001
perryel01,6.4,0,200012260VAN-PHO,200012260VAN-VAN,PHO-2001,1,2001,0,50.40287878787879,perryel01-2001
santida01,5.766666666666667,0,200012260VAN-PHO,200012260VAN-VAN,PHO-2001,1,2001,0,50.40287878787879,santida01-2001
blounco01,3.4166666666666665,-1.6,200012260VAN-PHO,200012260VAN-VAN,PHO-2001,1,2001,-5.466666666666667,50.40287878787879,blounco01-2001
onealsh01,34.96666666666667,4.2,200012280PHO-LAL,200012280PHO-PHO,LAL-2001,1,2001,146.86,86.12424242424242,onealsh01-2001
bryanko01,32.916666666666664,16.3,200012280PHO-LAL,200012280PHO-PHO,LAL-2001,1,2001,536.5416666666666,86.12424242424242,bryanko01-2001
foxri01,28.266666666666666,-3.5,200012280PHO-LAL,200012280PHO-PHO,LAL-2001,1,2001,-98.93333333333334,86.12424242424242,foxri01-2001
shawbr01,27.116666666666667,3.7,200012280PHO-LAL,200012280PHO-PHO,LAL-2001,1,2001,100.33166666666668,86.12424242424242,shawbr01-2001
harpero01,23.35,3.3,200012280PHO-LAL,200012280PHO-PHO,LAL-2001,1,2001,77.055,86.12424242424242,harpero01-2001
horryro01,22.383333333333333,8.6,200012280PHO-LAL,200012280PHO-PHO,LAL-2001,1,2001,192.49666666666664,86.12424242424242,horryro01-2001
madsema01,19.716666666666665,-0.2,200012280PHO-LAL,200012280PHO-PHO,LAL-2001,1,2001,-3.9433333333333334,86.12424242424242,madsema01-2001
penbemi01,16.866666666666667,2.4,200012280PHO-LAL,200012280PHO-PHO,LAL-2001,1,2001,40.48,86.12424242424242,penbemi01-2001
rideris01,15.833333333333334,-3.8,200012280PHO-LAL,200012280PHO-PHO,LAL-2001,1,2001,-60.166666666666664,86.12424242424242,rideris01-2001
medvest01,10.716666666666667,1.7,200012280PHO-LAL,200012280PHO-PHO,LAL-2001,1,2001,18.218333333333334,86.12424242424242,medvest01-2001
fostegr01,7.866666666666667,-0.2,200012280PHO-LAL,200012280PHO-PHO,LAL-2001,1,2001,-1.5733333333333335,86.12424242424242,fostegr01-2001
oaklech01,45.95,1.7,200012300PHO-TOR,200012300PHO-PHO,TOR-2001,0,2001,78.11500000000001,57.406363636363636,oaklech01-2001
cartevi01,43.93333333333333,13.8,200012300PHO-TOR,200012300PHO-PHO,TOR-2001,0,2001,606.28,57.406363636363636,cartevi01-2001
jacksma01,41.88333333333333,2.7,200012300PHO-TOR,200012300PHO-PHO,TOR-2001,0,2001,113.08500000000001,57.406363636363636,jacksma01-2001
davisan01,28.4,0.3,200012300PHO-TOR,200012300PHO-PHO,TOR-2001,0,2001,8.52,57.406363636363636,davisan01-2001
willike02,17.766666666666666,-3.6,200012300PHO-TOR,200012300PHO-PHO,TOR-2001,0,2001,-63.96,57.406363636363636,willike02-2001
willial02,16.8,-4.6,200012300PHO-TOR,200012300PHO-PHO,TOR-2001,0,2001,-77.28,57.406363636363636,willial02-2001
willico02,15.5,-1.5,200012300PHO-TOR,200012300PHO-PHO,TOR-2001,0,2001,-23.25,57.406363636363636,willico02-2001
curryde01,9.416666666666666,2.3,200012300PHO-TOR,200012300PHO-PHO,TOR-2001,0,2001,21.65833333333333,57.406363636363636,curryde01-2001
corbity01,9.033333333333333,-1.4,200012300PHO-TOR,200012300PHO-PHO,TOR-2001,0,2001,-12.646666666666667,57.406363636363636,corbity01-2001
petermo01,7.95,-2.1,200012300PHO-TOR,200012300PHO-PHO,TOR-2001,0,2001,-16.695,57.406363636363636,petermo01-2001
davidko01,3.3666666666666667,-0.7,200012300PHO-TOR,200012300PHO-PHO,TOR-2001,0,2001,-2.3566666666666665,57.406363636363636,davidko01-2001
kiddja01,50.916666666666664,-1.1,200101020SAC-PHO,200101020SAC-SAC,PHO-2001,0,2001,-56.00833333333333,75.07848484848486,kiddja01-2001
delkto01,49.85,16.1,200101020SAC-PHO,200101020SAC-SAC,PHO-2001,0,2001,802.58500000000015,75.07848484848486,delkto01-2001
rogerro01,39.833333333333336,3.6,200101020SAC-PHO,200101020SAC-SAC,PHO-2001,0,2001,143.4,75.07848484848486,rogerro01-2001
mariosh01,36.18333333333333,3.5,200101020SAC-PHO,200101020SAC-SAC,PHO-2001,0,2001,126.64166666666665,75.07848484848486,mariosh01-2001
robincl02,25.666666666666668,-5.1,200101020SAC-PHO,200101020SAC-SAC,PHO-2001,0,2001,-130.9,75.07848484848486,robincl02-2001
dudlech02,25.3,0.6,200101020SAC-PHO,200101020SAC-SAC,PHO-2001,0,2001,15.18,75.07848484848486,dudlech02-2001
blounco01,15.816666666666666,-3.2,200101020SAC-PHO,200101020SAC-SAC,PHO-2001,0,2001,-50.61333333333334,75.07848484848486,blounco01-2001
mcphepa01,9.066666666666666,-1.6,200101020SAC-PHO,200101020SAC-SAC,PHO-2001,0,2001,-14.506666666666668,75.07848484848486,mcphepa01-2001
santida01,6.216666666666667,-0.8,200101020SAC-PHO,200101020SAC-SAC,PHO-2001,0,2001,-4.973333333333334,75.07848484848486,santida01-2001
tsakaja01,4,-1.6,200101020SAC-PHO,200101020SAC-SAC,PHO-2001,0,2001,-6.4,75.07848484848486,tsakaja01-2001
perryel01,2.0833333333333335,0.7,200101020SAC-PHO,200101020SAC-SAC,PHO-2001,0,2001,1.4583333333333333,75.07848484848486,perryel01-2001
odomla01,42.583333333333336,4.9,200101030PHO-LAC,200101030PHO-PHO,LAC-2001,0,2001,208.65833333333336,43.07033333333333,odomla01-2001
milesda01,38.5,-2,200101030PHO-LAC,200101030PHO-PHO,LAC-2001,0,2001,-77,43.07033333333333,milesda01-2001
mcinnje01,36.05,5.6,200101030PHO-LAC,200101030PHO-PHO,LAC-2001,0,2001,201.87999999999997,43.07033333333333,mcinnje01-2001
rooksse01,31.6,6.1,200101030PHO-LAC,200101030PHO-PHO,LAC-2001,0,2001,192.76,43.07033333333333,rooksse01-2001
richaqu01,25.933333333333334,-0.2,200101030PHO-LAC,200101030PHO-PHO,LAC-2001,0,2001,-5.186666666666667,43.07033333333333,richaqu01-2001
maggeco01,18.1,2.5,200101030PHO-LAC,200101030PHO-PHO,LAC-2001,0,2001,45.25,43.07033333333333,maggeco01-2001
piatker01,14.733333333333333,-3.2,200101030PHO-LAC,200101030PHO-PHO,LAC-2001,0,2001,-47.14666666666667,43.07033333333333,piatker01-2001
olowomi01,14.566666666666666,-3,200101030PHO-LAC,200101030PHO-PHO,LAC-2001,0,2001,-43.7,43.07033333333333,olowomi01-2001
doolike01,11.95,-3.8,200101030PHO-LAC,200101030PHO-PHO,LAC-2001,0,2001,-45.41,43.07033333333333,doolike01-2001
skinnbr01,5.983333333333333,0.1,200101030PHO-LAC,200101030PHO-PHO,LAC-2001,0,2001,0.5983333333333334,43.07033333333333,skinnbr01-2001
dickemi01,38.81666666666667,-8.7,200101050PHO-VAN,200101050PHO-PHO,VAN-2001,0,2001,-337.705,-34.174305555555556,dickemi01-2001
bibbymi01,38.7,0.7,200101050PHO-VAN,200101050PHO-PHO,VAN-2001,0,2001,27.09,-34.174305555555556,bibbymi01-2001
abdursh01,34.233333333333334,-0.8,200101050PHO-VAN,200101050PHO-PHO,VAN-2001,0,2001,-27.38666666666667,-34.174305555555556,abdursh01-2001
jonesda01,25.633333333333333,-0.7,200101050PHO-VAN,200101050PHO-PHO,VAN-2001,0,2001,-17.94333333333333,-34.174305555555556,jonesda01-2001
swiftst01,21.2,-3.1,200101050PHO-VAN,200101050PHO-PHO,VAN-2001,0,2001,-65.72,-34.174305555555556,swiftst01-2001
harriot01,20.5,2.5,200101050PHO-VAN,200101050PHO-PHO,VAN-2001,0,2001,51.25,-34.174305555555556,harriot01-2001
abdulma02,14.833333333333334,-2.3,200101050PHO-VAN,200101050PHO-PHO,VAN-2001,0,2001,-34.11666666666667,-34.174305555555556,abdulma02-2001
edwarke01,11.8,-0.5,200101050PHO-VAN,200101050PHO-PHO,VAN-2001,0,2001,-5.9,-34.174305555555556,edwarke01-2001
reevebr01,11.766666666666667,1.1,200101050PHO-VAN,200101050PHO-PHO,VAN-2001,0,2001,12.943333333333335,-34.174305555555556,reevebr01-2001
austiis01,10.983333333333333,-1.2,200101050PHO-VAN,200101050PHO-PHO,VAN-2001,0,2001,-13.179999999999998,-34.174305555555556,austiis01-2001
masseto01,5.766666666666667,-2,200101050PHO-VAN,200101050PHO-PHO,VAN-2001,0,2001,-11.533333333333333,-34.174305555555556,masseto01-2001
pricebr01,5.766666666666667,2.1,200101050PHO-VAN,200101050PHO-PHO,VAN-2001,0,2001,12.110000000000001,-34.174305555555556,pricebr01-2001
garneke01,38.71666666666667,-0.7,200101070PHO-MIN,200101070PHO-PHO,MIN-2001,1,2001,-27.101666666666667,68.44361111111111,garneke01-2001
brandte01,38.166666666666664,10.5,200101070PHO-MIN,200101070PHO-PHO,MIN-2001,1,2001,400.75,68.44361111111111,brandte01-2001
szczewa02,37.1,0.9,200101070PHO-MIN,200101070PHO-PHO,MIN-2001,1,2001,33.39,68.44361111111111,szczewa02-2001
peelean01,33.03333333333333,12.5,200101070PHO-MIN,200101070PHO-PHO,MIN-2001,1,2001,412.91666666666663,68.44361111111111,peelean01-2001
garrede01,21.65,-2.7,200101070PHO-MIN,200101070PHO-PHO,MIN-2001,1,2001,-58.455,68.44361111111111,garrede01-2001
billuch01,21.3,1.1,200101070PHO-MIN,200101070PHO-PHO,MIN-2001,1,2001,23.430000000000003,68.44361111111111,billuch01-2001
ellisla01,13.983333333333333,-2.9,200101070PHO-MIN,200101070PHO-PHO,MIN-2001,1,2001,-40.55166666666666,68.44361111111111,ellisla01-2001
nestera01,11.233333333333333,2.2,200101070PHO-MIN,200101070PHO-PHO,MIN-2001,1,2001,24.713333333333335,68.44361111111111,nestera01-2001
mitchsa01,11.05,2.1,200101070PHO-MIN,200101070PHO-PHO,MIN-2001,1,2001,23.205000000000002,68.44361111111111,mitchsa01-2001
slatere01,10.266666666666667,3.1,200101070PHO-MIN,200101070PHO-PHO,MIN-2001,1,2001,31.82666666666667,68.44361111111111,slatere01-2001
averywi01,1.75,-0.6,200101070PHO-MIN,200101070PHO-PHO,MIN-2001,1,2001,-1.05,68.44361111111111,averywi01-2001
dayto01,1.75,-1,200101070PHO-MIN,200101070PHO-PHO,MIN-2001,1,2001,-1.75,68.44361111111111,dayto01-2001
onealje01,43.68333333333333,-0.3,200101110PHO-IND,200101110PHO-PHO,IND-2001,0,2001,-13.104999999999999,26.328181818181818,onealje01-2001
millere01,38.416666666666664,4,200101110PHO-IND,200101110PHO-PHO,IND-2001,0,2001,153.66666666666666,26.328181818181818,millere01-2001
roseja01,33.916666666666664,1.5,200101110PHO-IND,200101110PHO-PHO,IND-2001,0,2001,50.875,26.328181818181818,roseja01-2001
besttr01,32.38333333333333,-2.1,200101110PHO-IND,200101110PHO-PHO,IND-2001,0,2001,-68.005,26.328181818181818,besttr01-2001
harrial01,32.15,2.9,200101110PHO-IND,200101110PHO-PHO,IND-2001,0,2001,93.235,26.328181818181818,harrial01-2001
croshau01,24.8,2.6,200101110PHO-IND,200101110PHO-PHO,IND-2001,0,2001,64.48,26.328181818181818,croshau01-2001
tabakza01,13.633333333333333,0.8,200101110PHO-IND,200101110PHO-PHO,IND-2001,0,2001,10.906666666666666,26.328181818181818,tabakza01-2001
mckeyde01,9.116666666666667,1.5,200101110PHO-IND,200101110PHO-PHO,IND-2001,0,2001,13.675,26.328181818181818,mckeyde01-2001
perkisa01,4.783333333333333,0.2,200101110PHO-IND,200101110PHO-PHO,IND-2001,0,2001,0.9566666666666667,26.328181818181818,perkisa01-2001
millste01,4.266666666666667,-3,200101110PHO-IND,200101110PHO-PHO,IND-2001,0,2001,-12.8,26.328181818181818,millste01-2001
bendejo01,2.85,-1.5,200101110PHO-IND,200101110PHO-PHO,IND-2001,0,2001,-4.275,26.328181818181818,bendejo01-2001
robincl02,41.35,0.1,200101130DAL-PHO,200101130DAL-DAL,PHO-2001,1,2001,4.135000000000001,90.29777777777778,robincl02-2001
hardaan01,40.516666666666666,2.9,200101130DAL-PHO,200101130DAL-DAL,PHO-2001,1,2001,117.49833333333332,90.29777777777778,hardaan01-2001
mariosh01,39.3,8.5,200101130DAL-PHO,200101130DAL-DAL,PHO-2001,1,2001,334.04999999999995,90.29777777777778,mariosh01-2001
rogerro01,37.21666666666667,3,200101130DAL-PHO,200101130DAL-DAL,PHO-2001,1,2001,111.65,90.29777777777778,rogerro01-2001
kiddja01,35.35,5.9,200101130DAL-PHO,200101130DAL-DAL,PHO-2001,1,2001,208.56500000000003,90.29777777777778,kiddja01-2001
delkto01,20.683333333333334,-0.7,200101130DAL-PHO,200101130DAL-DAL,PHO-2001,1,2001,-14.478333333333332,90.29777777777778,delkto01-2001
guglito01,15.35,2.8,200101130DAL-PHO,200101130DAL-DAL,PHO-2001,1,2001,42.98,90.29777777777778,guglito01-2001
dudlech02,9.85,0.8,200101130DAL-PHO,200101130DAL-DAL,PHO-2001,1,2001,7.88,90.29777777777778,dudlech02-2001
mcphepa01,0.4,1,200101130DAL-PHO,200101130DAL-DAL,PHO-2001,1,2001,0.4,90.29777777777778,mcphepa01-2001
paytoga01,38.916666666666664,8.8,200101140PHO-SEA,200101140PHO-PHO,SEA-2001,1,2001,342.4666666666667,107.86283333333333,paytoga01-2001
lewisra02,38.55,4.1,200101140PHO-SEA,200101140PHO-PHO,SEA-2001,1,2001,158.05499999999998,107.86283333333333,lewisra02-2001
patteru01,35.166666666666664,15.9,200101140PHO-SEA,200101140PHO-PHO,SEA-2001,1,2001,559.15,107.86283333333333,patteru01-2001
davisem01,27.233333333333334,5.4,200101140PHO-SEA,200101140PHO-PHO,SEA-2001,1,2001,147.06,107.86283333333333,davisem01-2001
bakervi01,23.483333333333334,0.3,200101140PHO-SEA,200101140PHO-PHO,SEA-2001,1,2001,7.045,107.86283333333333,bakervi01-2001
ewingpa01,21.583333333333332,-5.8,200101140PHO-SEA,200101140PHO-PHO,SEA-2001,1,2001,-125.18333333333332,107.86283333333333,ewingpa01-2001
barrybr01,20.4,3,200101140PHO-SEA,200101140PHO-PHO,SEA-2001,1,2001,61.199999999999996,107.86283333333333,barrybr01-2001
willish01,12.383333333333333,-2,200101140PHO-SEA,200101140PHO-PHO,SEA-2001,1,2001,-24.766666666666666,107.86283333333333,willish01-2001
mccoyje01,11.766666666666667,-0.1,200101140PHO-SEA,200101140PHO-PHO,SEA-2001,1,2001,-1.1766666666666667,107.86283333333333,mccoyje01-2001
masonde01,10.516666666666667,-4.3,200101140PHO-SEA,200101140PHO-PHO,SEA-2001,1,2001,-45.22166666666667,107.86283333333333,masonde01-2001
kiddja01,37.016666666666666,0.7,200101170SEA-PHO,200101170SEA-SEA,PHO-2001,1,2001,25.911666666666665,72.12616666666666,kiddja01-2001
mariosh01,36.483333333333334,6.6,200101170SEA-PHO,200101170SEA-SEA,PHO-2001,1,2001,240.79,72.12616666666666,mariosh01-2001
eliema01,36.46666666666667,5.3,200101170SEA-PHO,200101170SEA-SEA,PHO-2001,1,2001,193.27333333333334,72.12616666666666,eliema01-2001
robincl02,33.733333333333334,0,200101170SEA-PHO,200101170SEA-SEA,PHO-2001,1,2001,0,72.12616666666666,robincl02-2001
rogerro01,30.516666666666666,5,200101170SEA-PHO,200101170SEA-SEA,PHO-2001,1,2001,152.58333333333331,72.12616666666666,rogerro01-2001
delkto01,24.166666666666668,2,200101170SEA-PHO,200101170SEA-SEA,PHO-2001,1,2001,48.333333333333336,72.12616666666666,delkto01-2001
tsakaja01,21.383333333333333,3.2,200101170SEA-PHO,200101170SEA-SEA,PHO-2001,1,2001,68.42666666666666,72.12616666666666,tsakaja01-2001
dudlech02,10.966666666666667,1.6,200101170SEA-PHO,200101170SEA-SEA,PHO-2001,1,2001,17.546666666666667,72.12616666666666,dudlech02-2001
guglito01,6.283333333333333,-3.6,200101170SEA-PHO,200101170SEA-SEA,PHO-2001,1,2001,-22.62,72.12616666666666,guglito01-2001
blounco01,2.9833333333333334,-1,200101170SEA-PHO,200101170SEA-SEA,PHO-2001,1,2001,-2.9833333333333334,72.12616666666666,blounco01-2001
jamisan01,44.8,1.6,200101190PHO-GSW,200101190PHO-PHO,GSW-2001,1,2001,71.67999999999999,33.595,jamisan01-2001
blaylmo01,37.233333333333334,5.7,200101190PHO-GSW,200101190PHO-PHO,GSW-2001,1,2001,212.23000000000002,33.595,blaylmo01-2001
jacksma02,36.88333333333333,-1.3,200101190PHO-GSW,200101190PHO-PHO,GSW-2001,1,2001,-47.94833333333334,33.595,jacksma02-2001
surabo01,36,-0.9,200101190PHO-GSW,200101190PHO-PHO,GSW-2001,1,2001,-32.4,33.595,surabo01-2001
delnevi01,32.61666666666667,-0.4,200101190PHO-GSW,200101190PHO-PHO,GSW-2001,1,2001,-13.046666666666667,33.595,delnevi01-2001
curlebi01,17.383333333333333,7.1,200101190PHO-GSW,200101190PHO-PHO,GSW-2001,1,2001,123.42166666666665,33.595,curlebi01-2001
mullich01,15.383333333333333,-0.6,200101190PHO-GSW,200101190PHO-PHO,GSW-2001,1,2001,-9.229999999999999,33.595,mullich01-2001
cummivo01,11.416666666666666,1.1,200101190PHO-GSW,200101190PHO-PHO,GSW-2001,1,2001,12.558333333333334,33.595,cummivo01-2001
keefead01,8.283333333333333,-1.8,200101190PHO-GSW,200101190PHO-PHO,GSW-2001,1,2001,-14.91,33.595,keefead01-2001
rogerro01,38.15,3.2,200101210UTA-PHO,200101210UTA-UTA,PHO-2001,0,2001,122.08,23.640416666666667,rogerro01-2001
eliema01,33.28333333333333,-1.8,200101210UTA-PHO,200101210UTA-UTA,PHO-2001,0,2001,-59.91,23.640416666666667,eliema01-2001
delkto01,31.916666666666668,0.4,200101210UTA-PHO,200101210UTA-UTA,PHO-2001,0,2001,12.766666666666667,23.640416666666667,delkto01-2001
mariosh01,31.366666666666667,2.1,200101210UTA-PHO,200101210UTA-UTA,PHO-2001,0,2001,65.87,23.640416666666667,mariosh01-2001
robincl02,31.1,2,200101210UTA-PHO,200101210UTA-UTA,PHO-2001,0,2001,62.2,23.640416666666667,robincl02-2001
tsakaja01,29.983333333333334,-1.4,200101210UTA-PHO,200101210UTA-UTA,PHO-2001,0,2001,-41.97666666666667,23.640416666666667,tsakaja01-2001
perryel01,27.133333333333333,-0.6,200101210UTA-PHO,200101210UTA-UTA,PHO-2001,0,2001,-16.279999999999998,23.640416666666667,perryel01-2001
blounco01,17.066666666666666,2.6,200101210UTA-PHO,200101210UTA-UTA,PHO-2001,0,2001,44.373333333333335,23.640416666666667,blounco01-2001
mariosh01,41.733333333333334,3.4,200101230MIN-PHO,200101230MIN-MIN,PHO-2001,0,2001,141.89333333333335,27.95592592592592,mariosh01-2001
robincl02,36.25,-9.1,200101230MIN-PHO,200101230MIN-MIN,PHO-2001,0,2001,-329.875,27.95592592592592,robincl02-2001
rogerro01,34.78333333333333,12.5,200101230MIN-PHO,200101230MIN-MIN,PHO-2001,0,2001,434.79166666666663,27.95592592592592,rogerro01-2001
eliema01,29.983333333333334,1.7,200101230MIN-PHO,200101230MIN-MIN,PHO-2001,0,2001,50.971666666666664,27.95592592592592,eliema01-2001
perryel01,28.716666666666665,2.7,200101230MIN-PHO,200101230MIN-MIN,PHO-2001,0,2001,77.535,27.95592592592592,perryel01-2001
delkto01,26.516666666666666,0.1,200101230MIN-PHO,200101230MIN-MIN,PHO-2001,0,2001,2.651666666666667,27.95592592592592,delkto01-2001
tsakaja01,20.566666666666666,-5.2,200101230MIN-PHO,200101230MIN-MIN,PHO-2001,0,2001,-106.94666666666667,27.95592592592592,tsakaja01-2001
blounco01,13.183333333333334,-2.1,200101230MIN-PHO,200101230MIN-MIN,PHO-2001,0,2001,-27.685000000000002,27.95592592592592,blounco01-2001
dudlech02,8.266666666666667,1,200101230MIN-PHO,200101230MIN-MIN,PHO-2001,0,2001,8.266666666666667,27.95592592592592,dudlech02-2001
delkto01,36.8,8.3,200101240DET-PHO,200101240DET-DET,PHO-2001,1,2001,305.44,73.40984848484848,delkto01-2001
perryel01,35.55,-0.7,200101240DET-PHO,200101240DET-DET,PHO-2001,1,2001,-24.884999999999998,73.40984848484848,perryel01-2001
mariosh01,33.43333333333333,6.7,200101240DET-PHO,200101240DET-DET,PHO-2001,1,2001,224.00333333333333,73.40984848484848,mariosh01-2001
robincl02,28.4,6.5,200101240DET-PHO,200101240DET-DET,PHO-2001,1,2001,184.6,73.40984848484848,robincl02-2001
rogerro01,25.3,-2.8,200101240DET-PHO,200101240DET-DET,PHO-2001,1,2001,-70.84,73.40984848484848,rogerro01-2001
tsakaja01,21.716666666666665,7,200101240DET-PHO,200101240DET-DET,PHO-2001,1,2001,152.01666666666665,73.40984848484848,tsakaja01-2001
santida01,18.033333333333335,-1.6,200101240DET-PHO,200101240DET-DET,PHO-2001,1,2001,-28.85333333333334,73.40984848484848,santida01-2001
eliema01,15.183333333333334,0.4,200101240DET-PHO,200101240DET-DET,PHO-2001,1,2001,6.073333333333334,73.40984848484848,eliema01-2001
mcphepa01,13.516666666666667,4.9,200101240DET-PHO,200101240DET-DET,PHO-2001,1,2001,66.23166666666667,73.40984848484848,mcphepa01-2001
blounco01,6.483333333333333,0.5,200101240DET-PHO,200101240DET-DET,PHO-2001,1,2001,3.2416666666666667,73.40984848484848,blounco01-2001
dudlech02,5.6,-1.7,200101240DET-PHO,200101240DET-DET,PHO-2001,1,2001,-9.52,73.40984848484848,dudlech02-2001
robincl02,46.266666666666666,6.2,200101260BOS-PHO,200101260BOS-BOS,PHO-2001,0,2001,286.85333333333335,21.296851851851855,robincl02-2001
mariosh01,35.983333333333334,0.5,200101260BOS-PHO,200101260BOS-BOS,PHO-2001,0,2001,17.991666666666667,21.296851851851855,mariosh01-2001
kiddja01,30.383333333333333,2,200101260BOS-PHO,200101260BOS-BOS,PHO-2001,0,2001,60.766666666666666,21.296851851851855,kiddja01-2001
delkto01,29.133333333333333,1.7,200101260BOS-PHO,200101260BOS-BOS,PHO-2001,0,2001,49.526666666666664,21.296851851851855,delkto01-2001
eliema01,27.3,-5.1,200101260BOS-PHO,200101260BOS-BOS,PHO-2001,0,2001,-139.23,21.296851851851855,eliema01-2001
tsakaja01,19.3,-1.3,200101260BOS-PHO,200101260BOS-BOS,PHO-2001,0,2001,-25.090000000000003,21.296851851851855,tsakaja01-2001
santida01,18.083333333333332,0.5,200101260BOS-PHO,200101260BOS-BOS,PHO-2001,0,2001,9.041666666666666,21.296851851851855,santida01-2001
perryel01,17.616666666666667,-1.7,200101260BOS-PHO,200101260BOS-BOS,PHO-2001,0,2001,-29.948333333333334,21.296851851851855,perryel01-2001
rogerro01,15.933333333333334,-2.4,200101260BOS-PHO,200101260BOS-BOS,PHO-2001,0,2001,-38.24,21.296851851851855,rogerro01-2001
kiddja01,40.45,7,200101270WAS-PHO,200101270WAS-WAS,PHO-2001,0,2001,283.15000000000003,45.57462962962963,kiddja01-2001
robincl02,39.55,3.5,200101270WAS-PHO,200101270WAS-WAS,PHO-2001,0,2001,138.42499999999998,45.57462962962963,robincl02-2001
rogerro01,37.96666666666667,1.3,200101270WAS-PHO,200101270WAS-WAS,PHO-2001,0,2001,49.35666666666667,45.57462962962963,rogerro01-2001
eliema01,35.016666666666666,1.1,200101270WAS-PHO,200101270WAS-WAS,PHO-2001,0,2001,38.51833333333334,45.57462962962963,eliema01-2001
mariosh01,27.833333333333332,6.1,200101270WAS-PHO,200101270WAS-WAS,PHO-2001,0,2001,169.7833333333333,45.57462962962963,mariosh01-2001
santida01,19.633333333333333,-4.5,200101270WAS-PHO,200101270WAS-WAS,PHO-2001,0,2001,-88.35,45.57462962962963,santida01-2001
dudlech02,17.616666666666667,-2.7,200101270WAS-PHO,200101270WAS-WAS,PHO-2001,0,2001,-47.565000000000005,45.57462962962963,dudlech02-2001
delkto01,14.266666666666667,-10.3,200101270WAS-PHO,200101270WAS-WAS,PHO-2001,0,2001,-146.9466666666667,45.57462962962963,delkto01-2001
perryel01,7.666666666666667,1.8,200101270WAS-PHO,200101270WAS-WAS,PHO-2001,0,2001,13.8,45.57462962962963,perryel01-2001
robincl02,42.03333333333333,3.2,200101290ATL-PHO,200101290ATL-ATL,PHO-2001,1,2001,134.50666666666666,64.72685185185185,robincl02-2001
kiddja01,39.016666666666666,4.4,200101290ATL-PHO,200101290ATL-ATL,PHO-2001,1,2001,171.67333333333335,64.72685185185185,kiddja01-2001
mariosh01,35.88333333333333,9.8,200101290ATL-PHO,200101290ATL-ATL,PHO-2001,1,2001,351.6566666666667,64.72685185185185,mariosh01-2001
eliema01,33.15,-3.9,200101290ATL-PHO,200101290ATL-ATL,PHO-2001,1,2001,-129.285,64.72685185185185,eliema01-2001
rogerro01,29.466666666666665,5.3,200101290ATL-PHO,200101290ATL-ATL,PHO-2001,1,2001,156.17333333333332,64.72685185185185,rogerro01-2001
tsakaja01,27.133333333333333,-2.6,200101290ATL-PHO,200101290ATL-ATL,PHO-2001,1,2001,-70.54666666666667,64.72685185185185,tsakaja01-2001
delkto01,14.85,-3.3,200101290ATL-PHO,200101290ATL-ATL,PHO-2001,1,2001,-49.004999999999995,64.72685185185185,delkto01-2001
santida01,9.483333333333333,0.6,200101290ATL-PHO,200101290ATL-ATL,PHO-2001,1,2001,5.6899999999999995,64.72685185185185,santida01-2001
perryel01,8.983333333333333,1.3,200101290ATL-PHO,200101290ATL-ATL,PHO-2001,1,2001,11.678333333333333,64.72685185185185,perryel01-2001
abdursh01,45.2,-7,200101310PHO-VAN,200101310PHO-PHO,VAN-2001,0,2001,-316.40000000000003,-0.2925000000000081,abdursh01-2001
bibbymi01,43.3,4.1,200101310PHO-VAN,200101310PHO-PHO,VAN-2001,0,2001,177.52999999999997,-0.2925000000000081,bibbymi01-2001
dickemi01,42.03333333333333,-7.9,200101310PHO-VAN,200101310PHO-PHO,VAN-2001,0,2001,-332.06333333333333,-0.2925000000000081,dickemi01-2001
longgr01,33.88333333333333,10.4,200101310PHO-VAN,200101310PHO-PHO,VAN-2001,0,2001,352.38666666666666,-0.2925000000000081,longgr01-2001
reevebr01,25.283333333333335,2.7,200101310PHO-VAN,200101310PHO-PHO,VAN-2001,0,2001,68.26500000000001,-0.2925000000000081,reevebr01-2001
swiftst01,20.15,3.8,200101310PHO-VAN,200101310PHO-PHO,VAN-2001,0,2001,76.57,-0.2925000000000081,swiftst01-2001
austiis01,18.65,-0.3,200101310PHO-VAN,200101310PHO-PHO,VAN-2001,0,2001,-5.595,-0.2925000000000081,austiis01-2001
jonesda01,11.516666666666667,-2,200101310PHO-VAN,200101310PHO-PHO,VAN-2001,0,2001,-23.033333333333335,-0.2925000000000081,jonesda01-2001
kiddja01,41.46666666666667,-1.4,200102010POR-PHO,200102010POR-POR,PHO-2001,0,2001,-58.053333333333335,37.08383333333333,kiddja01-2001
mariosh01,40.63333333333333,-1.2,200102010POR-PHO,200102010POR-POR,PHO-2001,0,2001,-48.76,37.08383333333333,mariosh01-2001
robincl02,38.75,14.4,200102010POR-PHO,200102010POR-POR,PHO-2001,0,2001,558,37.08383333333333,robincl02-2001
rogerro01,30.016666666666666,-0.2,200102010POR-PHO,200102010POR-POR,PHO-2001,0,2001,-6.003333333333334,37.08383333333333,rogerro01-2001
delkto01,23.216666666666665,0,200102010POR-PHO,200102010POR-POR,PHO-2001,0,2001,0,37.08383333333333,delkto01-2001
tsakaja01,22.85,-5.6,200102010POR-PHO,200102010POR-POR,PHO-2001,0,2001,-127.96,37.08383333333333,tsakaja01-2001
eliema01,16.033333333333335,-2.4,200102010POR-PHO,200102010POR-POR,PHO-2001,0,2001,-38.480000000000004,37.08383333333333,eliema01-2001
delnevi01,15.716666666666667,6.9,200102010POR-PHO,200102010POR-POR,PHO-2001,0,2001,108.44500000000001,37.08383333333333,delnevi01-2001
guglito01,8.85,-2.1,200102010POR-PHO,200102010POR-POR,PHO-2001,0,2001,-18.585,37.08383333333333,guglito01-2001
santida01,2.4833333333333334,0.9,200102010POR-PHO,200102010POR-POR,PHO-2001,0,2001,2.2350000000000003,37.08383333333333,santida01-2001
davisba01,45.45,0.2,200102040PHO-CHH,200102040PHO-PHO,CHH-2001,0,2001,9.090000000000002,47.90270833333333,davisba01-2001
mashbja01,41.833333333333336,6.1,200102040PHO-CHH,200102040PHO-PHO,CHH-2001,0,2001,255.18333333333334,47.90270833333333,mashbja01-2001
wesleda01,39.7,-2,200102040PHO-CHH,200102040PHO-PHO,CHH-2001,0,2001,-79.4,47.90270833333333,wesleda01-2001
brownpj01,32.833333333333336,0.9,200102040PHO-CHH,200102040PHO-PHO,CHH-2001,0,2001,29.550000000000004,47.90270833333333,brownpj01-2001
campbel01,29.4,-1.1,200102040PHO-CHH,200102040PHO-PHO,CHH-2001,0,2001,-32.34,47.90270833333333,campbel01-2001
robined01,22.083333333333332,6.1,200102040PHO-CHH,200102040PHO-PHO,CHH-2001,0,2001,134.70833333333331,47.90270833333333,robined01-2001
colemde01,21.7,2.9,200102040PHO-CHH,200102040PHO-PHO,CHH-2001,0,2001,62.92999999999999,47.90270833333333,colemde01-2001
hawkihe01,7,0.5,200102040PHO-CHH,200102040PHO-PHO,CHH-2001,0,2001,3.5,47.90270833333333,hawkihe01-2001
mercero01,38.483333333333334,-1.3,200102060PHO-CHI,200102060PHO-PHO,CHI-2001,0,2001,-50.028333333333336,-12.439848484848488,mercero01-2001
fizerma01,38.233333333333334,-2.2,200102060PHO-CHI,200102060PHO-PHO,CHI-2001,0,2001,-84.11333333333334,-12.439848484848488,fizerma01-2001
artesro01,32.15,0.2,200102060PHO-CHI,200102060PHO-PHO,CHI-2001,0,2001,6.43,-12.439848484848488,artesro01-2001
drewbr01,25,-0.7,200102060PHO-CHI,200102060PHO-PHO,CHI-2001,0,2001,-17.5,-12.439848484848488,drewbr01-2001
crawfja01,23,4.3,200102060PHO-CHI,200102060PHO-PHO,CHI-2001,0,2001,98.89999999999999,-12.439848484848488,crawfja01-2001
hoibefr01,21.933333333333334,3.2,200102060PHO-CHI,200102060PHO-PHO,CHI-2001,0,2001,70.18666666666667,-12.439848484848488,hoibefr01-2001
millebr01,18.666666666666668,-3.7,200102060PHO-CHI,200102060PHO-PHO,CHI-2001,0,2001,-69.06666666666668,-12.439848484848488,millebr01-2001
bagarda01,15.433333333333334,-2,200102060PHO-CHI,200102060PHO-PHO,CHI-2001,0,2001,-30.866666666666667,-12.439848484848488,bagarda01-2001
benjaco01,14.1,-2.4,200102060PHO-CHI,200102060PHO-PHO,CHI-2001,0,2001,-33.839999999999996,-12.439848484848488,benjaco01-2001
elamikh01,6.95,-1.7,200102060PHO-CHI,200102060PHO-PHO,CHI-2001,0,2001,-11.815,-12.439848484848488,elamikh01-2001
tarladr01,6.05,-2.5,200102060PHO-CHI,200102060PHO-PHO,CHI-2001,0,2001,-15.125,-12.439848484848488,tarladr01-2001
robincl02,44.46666666666667,0.1,200102070LAL-PHO,200102070LAL-LAL,PHO-2001,0,2001,4.446666666666667,42.856833333333334,robincl02-2001
mariosh01,38.93333333333333,3.9,200102070LAL-PHO,200102070LAL-LAL,PHO-2001,0,2001,151.83999999999997,42.856833333333334,mariosh01-2001
kiddja01,36.46666666666667,2.5,200102070LAL-PHO,200102070LAL-LAL,PHO-2001,0,2001,91.16666666666667,42.856833333333334,kiddja01-2001
delnevi01,31.233333333333334,7.6,200102070LAL-PHO,200102070LAL-LAL,PHO-2001,0,2001,237.37333333333333,42.856833333333334,delnevi01-2001
guglito01,24.416666666666668,-3.7,200102070LAL-PHO,200102070LAL-LAL,PHO-2001,0,2001,-90.34166666666667,42.856833333333334,guglito01-2001
eliema01,19.066666666666666,3,200102070LAL-PHO,200102070LAL-LAL,PHO-2001,0,2001,57.2,42.856833333333334,eliema01-2001
delkto01,16.383333333333333,-0.9,200102070LAL-PHO,200102070LAL-LAL,PHO-2001,0,2001,-14.745,42.856833333333334,delkto01-2001
rogerro01,14.916666666666666,5,200102070LAL-PHO,200102070LAL-LAL,PHO-2001,0,2001,74.58333333333333,42.856833333333334,rogerro01-2001
tsakaja01,10.883333333333333,-8.1,200102070LAL-PHO,200102070LAL-LAL,PHO-2001,0,2001,-88.15499999999999,42.856833333333334,tsakaja01-2001
perryel01,3.25,1.6,200102070LAL-PHO,200102070LAL-LAL,PHO-2001,0,2001,5.2,42.856833333333334,perryel01-2001
kiddja01,39.1,-1.1,200102130GSW-PHO,200102130GSW-GSW,PHO-2001,1,2001,-43.010000000000005,54.27060606060606,kiddja01-2001
mariosh01,38.38333333333333,8.8,200102130GSW-PHO,200102130GSW-GSW,PHO-2001,1,2001,337.77333333333337,54.27060606060606,mariosh01-2001
robincl02,35.31666666666667,0,200102130GSW-PHO,200102130GSW-GSW,PHO-2001,1,2001,0,54.27060606060606,robincl02-2001
guglito01,32.28333333333333,2.7,200102130GSW-PHO,200102130GSW-GSW,PHO-2001,1,2001,87.165,54.27060606060606,guglito01-2001
tsakaja01,27.05,-2.4,200102130GSW-PHO,200102130GSW-GSW,PHO-2001,1,2001,-64.92,54.27060606060606,tsakaja01-2001
delkto01,25.1,7.8,200102130GSW-PHO,200102130GSW-GSW,PHO-2001,1,2001,195.78,54.27060606060606,delkto01-2001
delnevi01,17.766666666666666,4.8,200102130GSW-PHO,200102130GSW-GSW,PHO-2001,1,2001,85.27999999999999,54.27060606060606,delnevi01-2001
eliema01,14.033333333333333,2.2,200102130GSW-PHO,200102130GSW-GSW,PHO-2001,1,2001,30.873333333333335,54.27060606060606,eliema01-2001
rogerro01,4.533333333333333,-4,200102130GSW-PHO,200102130GSW-GSW,PHO-2001,1,2001,-18.133333333333333,54.27060606060606,rogerro01-2001
perryel01,3.216666666666667,-2,200102130GSW-PHO,200102130GSW-GSW,PHO-2001,1,2001,-6.433333333333334,54.27060606060606,perryel01-2001
santida01,3.216666666666667,-2.3,200102130GSW-PHO,200102130GSW-GSW,PHO-2001,1,2001,-7.398333333333333,54.27060606060606,santida01-2001
brandte01,44.03333333333333,9.6,200102140PHO-MIN,200102140PHO-PHO,MIN-2001,0,2001,422.71999999999997,64.5055,brandte01-2001
garneke01,43.11666666666667,5.6,200102140PHO-MIN,200102140PHO-PHO,MIN-2001,0,2001,241.45333333333332,64.5055,garneke01-2001
peelean01,35.35,-3.2,200102140PHO-MIN,200102140PHO-PHO,MIN-2001,0,2001,-113.12,64.5055,peelean01-2001
szczewa02,31.666666666666668,-2.6,200102140PHO-MIN,200102140PHO-PHO,MIN-2001,0,2001,-82.33333333333334,64.5055,szczewa02-2001
ellisla01,30.733333333333334,8,200102140PHO-MIN,200102140PHO-PHO,MIN-2001,0,2001,245.86666666666667,64.5055,ellisla01-2001
nestera01,21.583333333333332,-0.9,200102140PHO-MIN,200102140PHO-PHO,MIN-2001,0,2001,-19.425,64.5055,nestera01-2001
mitchsa01,16.25,-0.2,200102140PHO-MIN,200102140PHO-PHO,MIN-2001,0,2001,-3.25,64.5055,mitchsa01-2001
dayto01,11.116666666666667,-2.9,200102140PHO-MIN,200102140PHO-PHO,MIN-2001,0,2001,-32.23833333333334,64.5055,dayto01-2001
billuch01,6.066666666666666,-2.4,200102140PHO-MIN,200102140PHO-PHO,MIN-2001,0,2001,-14.559999999999999,64.5055,billuch01-2001
averywi01,0.08333333333333333,-0.7,200102140PHO-MIN,200102140PHO-PHO,MIN-2001,0,2001,-0.05833333333333333,64.5055,averywi01-2001
kiddja01,45.8,5.8,200102180PHI-PHO,200102180PHI-PHI,PHO-2001,0,2001,265.64,61.554583333333326,kiddja01-2001
mariosh01,42.15,5.8,200102180PHI-PHO,200102180PHI-PHI,PHO-2001,0,2001,244.46999999999997,61.554583333333326,mariosh01-2001
robincl02,35.8,-1.4,200102180PHI-PHO,200102180PHI-PHI,PHO-2001,0,2001,-50.11999999999999,61.554583333333326,robincl02-2001
delkto01,34.666666666666664,-0.7,200102180PHI-PHO,200102180PHI-PHI,PHO-2001,0,2001,-24.266666666666662,61.554583333333326,delkto01-2001
rogerro01,34.11666666666667,1.4,200102180PHI-PHO,200102180PHI-PHI,PHO-2001,0,2001,47.76333333333333,61.554583333333326,rogerro01-2001
tsakaja01,21.2,-0.7,200102180PHI-PHO,200102180PHI-PHI,PHO-2001,0,2001,-14.839999999999998,61.554583333333326,tsakaja01-2001
eliema01,15.3,2.2,200102180PHI-PHO,200102180PHI-PHI,PHO-2001,0,2001,33.660000000000004,61.554583333333326,eliema01-2001
delnevi01,10.966666666666667,-0.9,200102180PHI-PHO,200102180PHI-PHI,PHO-2001,0,2001,-9.870000000000001,61.554583333333326,delnevi01-2001
mariosh01,44.28333333333333,5.9,200102200ORL-PHO,200102200ORL-ORL,PHO-2001,1,2001,261.27166666666665,88.48592592592593,mariosh01-2001
kiddja01,41.6,9.9,200102200ORL-PHO,200102200ORL-ORL,PHO-2001,1,2001,411.84000000000003,88.48592592592593,kiddja01-2001
rogerro01,36.21666666666667,1.8,200102200ORL-PHO,200102200ORL-ORL,PHO-2001,1,2001,65.19000000000001,88.48592592592593,rogerro01-2001
delkto01,34.86666666666667,3.4,200102200ORL-PHO,200102200ORL-ORL,PHO-2001,1,2001,118.54666666666667,88.48592592592593,delkto01-2001
robincl02,27.833333333333332,-0.8,200102200ORL-PHO,200102200ORL-ORL,PHO-2001,1,2001,-22.266666666666666,88.48592592592593,robincl02-2001
delnevi01,19.5,-3.1,200102200ORL-PHO,200102200ORL-ORL,PHO-2001,1,2001,-60.45,88.48592592592593,delnevi01-2001
tsakaja01,15.316666666666666,-1.8,200102200ORL-PHO,200102200ORL-ORL,PHO-2001,1,2001,-27.57,88.48592592592593,tsakaja01-2001
eliema01,13.133333333333333,4.4,200102200ORL-PHO,200102200ORL-ORL,PHO-2001,1,2001,57.78666666666667,88.48592592592593,eliema01-2001
santida01,7.25,-1.1,200102200ORL-PHO,200102200ORL-ORL,PHO-2001,1,2001,-7.9750000000000005,88.48592592592593,santida01-2001
mariosh01,40.666666666666664,6.7,200102210MIA-PHO,200102210MIA-MIA,PHO-2001,1,2001,272.46666666666664,78.32849999999999,mariosh01-2001
robincl02,37.03333333333333,7.4,200102210MIA-PHO,200102210MIA-MIA,PHO-2001,1,2001,274.0466666666667,78.32849999999999,robincl02-2001
kiddja01,36.766666666666666,1.5,200102210MIA-PHO,200102210MIA-MIA,PHO-2001,1,2001,55.15,78.32849999999999,kiddja01-2001
delkto01,32.083333333333336,-3,200102210MIA-PHO,200102210MIA-MIA,PHO-2001,1,2001,-96.25,78.32849999999999,delkto01-2001
rogerro01,29.133333333333333,2.3,200102210MIA-PHO,200102210MIA-MIA,PHO-2001,1,2001,67.00666666666666,78.32849999999999,rogerro01-2001
delnevi01,19.383333333333333,6.5,200102210MIA-PHO,200102210MIA-MIA,PHO-2001,1,2001,125.99166666666666,78.32849999999999,delnevi01-2001
eliema01,19.183333333333334,5.5,200102210MIA-PHO,200102210MIA-MIA,PHO-2001,1,2001,105.50833333333334,78.32849999999999,eliema01-2001
tsakaja01,18.816666666666666,-0.3,200102210MIA-PHO,200102210MIA-MIA,PHO-2001,1,2001,-5.645,78.32849999999999,tsakaja01-2001
santida01,4.516666666666667,-3,200102210MIA-PHO,200102210MIA-MIA,PHO-2001,1,2001,-13.55,78.32849999999999,santida01-2001
perryel01,2.4,-0.6,200102210MIA-PHO,200102210MIA-MIA,PHO-2001,1,2001,-1.44,78.32849999999999,perryel01-2001
kiddja01,48.583333333333336,0,200102230NYK-PHO,200102230NYK-NYK,PHO-2001,1,2001,0,72.34444444444445,kiddja01-2001
mariosh01,41.516666666666666,6.2,200102230NYK-PHO,200102230NYK-NYK,PHO-2001,1,2001,257.4033333333333,72.34444444444445,mariosh01-2001
robincl02,39.4,4.9,200102230NYK-PHO,200102230NYK-NYK,PHO-2001,1,2001,193.06,72.34444444444445,robincl02-2001
guglito01,32,0.1,200102230NYK-PHO,200102230NYK-NYK,PHO-2001,1,2001,3.2,72.34444444444445,guglito01-2001
tsakaja01,26.716666666666665,5.3,200102230NYK-PHO,200102230NYK-NYK,PHO-2001,1,2001,141.59833333333333,72.34444444444445,tsakaja01-2001
eliema01,22.983333333333334,3.3,200102230NYK-PHO,200102230NYK-NYK,PHO-2001,1,2001,75.845,72.34444444444445,eliema01-2001
delnevi01,20.933333333333334,-1.5,200102230NYK-PHO,200102230NYK-NYK,PHO-2001,1,2001,-31.4,72.34444444444445,delnevi01-2001
rogerro01,18.933333333333334,2,200102230NYK-PHO,200102230NYK-NYK,PHO-2001,1,2001,37.86666666666667,72.34444444444445,rogerro01-2001
delkto01,13.933333333333334,-1.9,200102230NYK-PHO,200102230NYK-NYK,PHO-2001,1,2001,-26.473333333333333,72.34444444444445,delkto01-2001
marshdo01,43.38333333333333,6.4,200102250PHO-UTA,200102250PHO-PHO,UTA-2001,0,2001,277.65333333333336,44.15833333333334,marshdo01-2001
malonka01,38.833333333333336,0,200102250PHO-UTA,200102250PHO-PHO,UTA-2001,0,2001,0,44.15833333333334,malonka01-2001
starkjo01,32.28333333333333,0.1,200102250PHO-UTA,200102250PHO-PHO,UTA-2001,0,2001,3.2283333333333335,44.15833333333334,starkjo01-2001
stockjo01,28.683333333333334,3.8,200102250PHO-UTA,200102250PHO-PHO,UTA-2001,0,2001,108.99666666666666,44.15833333333334,stockjo01-2001
russebr01,26.8,1.1,200102250PHO-UTA,200102250PHO-PHO,UTA-2001,0,2001,29.480000000000004,44.15833333333334,russebr01-2001
polynol01,24,1.9,200102250PHO-UTA,200102250PHO-PHO,UTA-2001,0,2001,45.599999999999994,44.15833333333334,polynol01-2001
vaughja01,19.316666666666666,-0.6,200102250PHO-UTA,200102250PHO-PHO,UTA-2001,0,2001,-11.59,44.15833333333334,vaughja01-2001
ostergr01,14.083333333333334,3.1,200102250PHO-UTA,200102250PHO-PHO,UTA-2001,0,2001,43.65833333333334,44.15833333333334,ostergr01-2001
mannida01,10.8,-5.1,200102250PHO-UTA,200102250PHO-PHO,UTA-2001,0,2001,-55.08,44.15833333333334,mannida01-2001
padgesc01,1.8166666666666667,-0.2,200102250PHO-UTA,200102250PHO-PHO,UTA-2001,0,2001,-0.36333333333333334,44.15833333333334,padgesc01-2001
mcgratr01,44.18333333333333,5.3,200102280PHO-ORL,200102280PHO-PHO,ORL-2001,1,2001,234.17166666666665,58.19015151515151,mcgratr01-2001
outlabo01,39.86666666666667,5,200102280PHO-ORL,200102280PHO-PHO,ORL-2001,1,2001,199.33333333333334,58.19015151515151,outlabo01-2001
millemi01,36.18333333333333,1.8,200102280PHO-ORL,200102280PHO-PHO,ORL-2001,1,2001,65.13,58.19015151515151,millemi01-2001
armstda01,34.766666666666666,3,200102280PHO-ORL,200102280PHO-PHO,ORL-2001,1,2001,104.3,58.19015151515151,armstda01-2001
doleami01,22.133333333333333,1,200102280PHO-ORL,200102280PHO-PHO,ORL-2001,1,2001,22.133333333333333,58.19015151515151,doleami01-2001
willimo01,15.633333333333333,1,200102280PHO-ORL,200102280PHO-PHO,ORL-2001,1,2001,15.633333333333333,58.19015151515151,willimo01-2001
declean01,13.883333333333333,-0.7,200102280PHO-ORL,200102280PHO-PHO,ORL-2001,1,2001,-9.718333333333332,58.19015151515151,declean01-2001
reiddo01,13.7,2,200102280PHO-ORL,200102280PHO-PHO,ORL-2001,1,2001,27.4,58.19015151515151,reiddo01-2001
hudsotr01,13.533333333333333,-0.6,200102280PHO-ORL,200102280PHO-PHO,ORL-2001,1,2001,-8.12,58.19015151515151,hudsotr01-2001
amaecjo01,5.983333333333333,-1.7,200102280PHO-ORL,200102280PHO-PHO,ORL-2001,1,2001,-10.171666666666667,58.19015151515151,amaecjo01-2001
alexaco01,0.13333333333333333,0,200102280PHO-ORL,200102280PHO-PHO,ORL-2001,1,2001,0,58.19015151515151,alexaco01-2001
kiddja01,36.96666666666667,-3.7,200103010SAS-PHO,200103010SAS-SAS,PHO-2001,0,2001,-136.77666666666667,-3.8321212121212107,kiddja01-2001
delkto01,36.583333333333336,4.4,200103010SAS-PHO,200103010SAS-SAS,PHO-2001,0,2001,160.9666666666667,-3.8321212121212107,delkto01-2001
robincl02,27.35,-0.3,200103010SAS-PHO,200103010SAS-SAS,PHO-2001,0,2001,-8.205,-3.8321212121212107,robincl02-2001
rogerro01,25.833333333333332,-4.4,200103010SAS-PHO,200103010SAS-SAS,PHO-2001,0,2001,-113.66666666666667,-3.8321212121212107,rogerro01-2001
delnevi01,25.466666666666665,5.9,200103010SAS-PHO,200103010SAS-SAS,PHO-2001,0,2001,150.25333333333333,-3.8321212121212107,delnevi01-2001
guglito01,24.833333333333332,-1.6,200103010SAS-PHO,200103010SAS-SAS,PHO-2001,0,2001,-39.733333333333334,-3.8321212121212107,guglito01-2001
tsakaja01,24.116666666666667,-3.7,200103010SAS-PHO,200103010SAS-SAS,PHO-2001,0,2001,-89.23166666666667,-3.8321212121212107,tsakaja01-2001
santida01,17.35,-0.2,200103010SAS-PHO,200103010SAS-SAS,PHO-2001,0,2001,-3.4700000000000006,-3.8321212121212107,santida01-2001
eliema01,14.9,1.8,200103010SAS-PHO,200103010SAS-SAS,PHO-2001,0,2001,26.82,-3.8321212121212107,eliema01-2001
dudlech02,3.3,0.8,200103010SAS-PHO,200103010SAS-SAS,PHO-2001,0,2001,2.64,-3.8321212121212107,dudlech02-2001
perryel01,3.3,2.5,200103010SAS-PHO,200103010SAS-SAS,PHO-2001,0,2001,8.25,-3.8321212121212107,perryel01-2001
vanexni01,35.81666666666667,0.9,200103030PHO-DEN,200103030PHO-PHO,DEN-2001,0,2001,32.23500000000001,0.0924242424242432,vanexni01-2001
lafrera01,31.916666666666668,-0.2,200103030PHO-DEN,200103030PHO-PHO,DEN-2001,0,2001,-6.383333333333334,0.0924242424242432,lafrera01-2001
mccloge01,31.85,-1.7,200103030PHO-DEN,200103030PHO-PHO,DEN-2001,0,2001,-54.145,0.0924242424242432,mccloge01-2001
bowenry01,28.233333333333334,4.6,200103030PHO-DEN,200103030PHO-PHO,DEN-2001,0,2001,129.87333333333333,0.0924242424242432,bowenry01-2001
mcdyean01,23.966666666666665,-0.4,200103030PHO-DEN,200103030PHO-PHO,DEN-2001,0,2001,-9.586666666666666,0.0924242424242432,mcdyean01-2001
packro01,23.85,-2.4,200103030PHO-DEN,200103030PHO-PHO,DEN-2001,0,2001,-57.24,0.0924242424242432,packro01-2001
willike02,22.183333333333334,3,200103030PHO-DEN,200103030PHO-PHO,DEN-2001,0,2001,66.55,0.0924242424242432,willike02-2001
lenarvo01,20.916666666666668,-5.6,200103030PHO-DEN,200103030PHO-PHO,DEN-2001,0,2001,-117.13333333333333,0.0924242424242432,lenarvo01-2001
stricma01,12.566666666666666,1.1,200103030PHO-DEN,200103030PHO-PHO,DEN-2001,0,2001,13.823333333333334,0.0924242424242432,stricma01-2001
poseyja01,6.116666666666666,0.2,200103030PHO-DEN,200103030PHO-PHO,DEN-2001,0,2001,1.2233333333333334,0.0924242424242432,poseyja01-2001
daviste01,3,0.6,200103030PHO-DEN,200103030PHO-PHO,DEN-2001,0,2001,1.7999999999999998,0.0924242424242432,daviste01-2001
guglito01,34.583333333333336,7.3,200103060DEN-PHO,200103060DEN-DEN,PHO-2001,1,2001,252.45833333333334,42.53625,guglito01-2001
kiddja01,28.166666666666668,2.9,200103060DEN-PHO,200103060DEN-DEN,PHO-2001,1,2001,81.68333333333334,42.53625,kiddja01-2001
rogerro01,27.5,-3.7,200103060DEN-PHO,200103060DEN-DEN,PHO-2001,1,2001,-101.75,42.53625,rogerro01-2001
delkto01,26.95,4.3,200103060DEN-PHO,200103060DEN-DEN,PHO-2001,1,2001,115.88499999999999,42.53625,delkto01-2001
mariosh01,24.116666666666667,11.4,200103060DEN-PHO,200103060DEN-DEN,PHO-2001,1,2001,274.93,42.53625,mariosh01-2001
robincl02,22.983333333333334,1.3,200103060DEN-PHO,200103060DEN-DEN,PHO-2001,1,2001,29.878333333333334,42.53625,robincl02-2001
eliema01,21.05,-1.7,200103060DEN-PHO,200103060DEN-DEN,PHO-2001,1,2001,-35.785000000000004,42.53625,eliema01-2001
delnevi01,19.833333333333332,-3.6,200103060DEN-PHO,200103060DEN-DEN,PHO-2001,1,2001,-71.39999999999999,42.53625,delnevi01-2001
tsakaja01,13.233333333333333,0.6,200103060DEN-PHO,200103060DEN-DEN,PHO-2001,1,2001,7.9399999999999995,42.53625,tsakaja01-2001
santida01,9.1,-3.8,200103060DEN-PHO,200103060DEN-DEN,PHO-2001,1,2001,-34.58,42.53625,santida01-2001
dudlech02,8.466666666666667,-0.9,200103060DEN-PHO,200103060DEN-DEN,PHO-2001,1,2001,-7.62,42.53625,dudlech02-2001
perryel01,4.016666666666667,-0.3,200103060DEN-PHO,200103060DEN-DEN,PHO-2001,1,2001,-1.2049999999999998,42.53625,perryel01-2001
webbech01,43.333333333333336,12.5,200103070PHO-SAC,200103070PHO-PHO,SAC-2001,1,2001,541.6666666666667,73.09569444444445,webbech01-2001
chrisdo01,42.55,2.5,200103070PHO-SAC,200103070PHO-PHO,SAC-2001,1,2001,106.375,73.09569444444445,chrisdo01-2001
turkohe01,33.63333333333333,4.1,200103070PHO-SAC,200103070PHO-PHO,SAC-2001,1,2001,137.89666666666665,73.09569444444445,turkohe01-2001
willija02,28.65,-6.4,200103070PHO-SAC,200103070PHO-PHO,SAC-2001,1,2001,-183.36,73.09569444444445,willija02-2001
jacksbo01,27.383333333333333,4.3,200103070PHO-SAC,200103070PHO-PHO,SAC-2001,1,2001,117.74833333333332,73.09569444444445,jacksbo01-2001
divacvl01,24,4.9,200103070PHO-SAC,200103070PHO-PHO,SAC-2001,1,2001,117.60000000000001,73.09569444444445,divacvl01-2001
pollasc01,16.483333333333334,3.9,200103070PHO-SAC,200103070PHO-PHO,SAC-2001,1,2001,64.285,73.09569444444445,pollasc01-2001
stojape01,10.633333333333333,-3.2,200103070PHO-SAC,200103070PHO-PHO,SAC-2001,1,2001,-34.026666666666664,73.09569444444445,stojape01-2001
fundela01,9.883333333333333,1,200103070PHO-SAC,200103070PHO-PHO,SAC-2001,1,2001,9.883333333333333,73.09569444444445,fundela01-2001
longar01,1.15,0,200103070PHO-SAC,200103070PHO-PHO,SAC-2001,1,2001,0,73.09569444444445,longar01-2001
martida01,1.15,-0.1,200103070PHO-SAC,200103070PHO-PHO,SAC-2001,1,2001,-0.11499999999999999,73.09569444444445,martida01-2001
smithja01,1.15,-0.7,200103070PHO-SAC,200103070PHO-PHO,SAC-2001,1,2001,-0.8049999999999999,73.09569444444445,smithja01-2001
mariosh01,36.416666666666664,6.1,200103090UTA-PHO,200103090UTA-UTA,PHO-2001,0,2001,222.14166666666665,32.963181818181816,mariosh01-2001
delkto01,33.06666666666667,11,200103090UTA-PHO,200103090UTA-UTA,PHO-2001,0,2001,363.73333333333335,32.963181818181816,delkto01-2001
kiddja01,31.2,2.8,200103090UTA-PHO,200103090UTA-UTA,PHO-2001,0,2001,87.36,32.963181818181816,kiddja01-2001
guglito01,30.216666666666665,2.7,200103090UTA-PHO,200103090UTA-UTA,PHO-2001,0,2001,81.58500000000001,32.963181818181816,guglito01-2001
robincl02,29.75,-4.5,200103090UTA-PHO,200103090UTA-UTA,PHO-2001,0,2001,-133.875,32.963181818181816,robincl02-2001
eliema01,20.483333333333334,-3.3,200103090UTA-PHO,200103090UTA-UTA,PHO-2001,0,2001,-67.595,32.963181818181816,eliema01-2001
rogerro01,20.216666666666665,-6.8,200103090UTA-PHO,200103090UTA-UTA,PHO-2001,0,2001,-137.47333333333333,32.963181818181816,rogerro01-2001
santida01,15.833333333333334,-3.4,200103090UTA-PHO,200103090UTA-UTA,PHO-2001,0,2001,-53.833333333333336,32.963181818181816,santida01-2001
perryel01,12,-0.4,200103090UTA-PHO,200103090UTA-UTA,PHO-2001,0,2001,-4.800000000000001,32.963181818181816,perryel01-2001
delnevi01,8.766666666666667,0.4,200103090UTA-PHO,200103090UTA-UTA,PHO-2001,0,2001,3.5066666666666673,32.963181818181816,delnevi01-2001
dudlech02,2.05,0.9,200103090UTA-PHO,200103090UTA-UTA,PHO-2001,0,2001,1.845,32.963181818181816,dudlech02-2001
francst01,45.61666666666667,7.4,200103110PHO-HOU,200103110PHO-PHO,HOU-2001,0,2001,337.56333333333333,46.0912962962963,francst01-2001
moblecu01,45.55,-1.6,200103110PHO-HOU,200103110PHO-PHO,HOU-2001,0,2001,-72.88,46.0912962962963,moblecu01-2001
tayloma01,27.333333333333332,4.7,200103110PHO-HOU,200103110PHO-PHO,HOU-2001,0,2001,128.46666666666667,46.0912962962963,tayloma01-2001
williwa02,27.116666666666667,1.5,200103110PHO-HOU,200103110PHO-PHO,HOU-2001,0,2001,40.675,46.0912962962963,williwa02-2001
andersh01,26.1,-2.3,200103110PHO-HOU,200103110PHO-PHO,HOU-2001,0,2001,-60.03,46.0912962962963,andersh01-2001
norrimo01,23.633333333333333,-2.8,200103110PHO-HOU,200103110PHO-PHO,HOU-2001,0,2001,-66.17333333333333,46.0912962962963,norrimo01-2001
thomake01,23.2,0.9,200103110PHO-HOU,200103110PHO-PHO,HOU-2001,0,2001,20.88,46.0912962962963,thomake01-2001
catoke01,17.983333333333334,4.8,200103110PHO-HOU,200103110PHO-PHO,HOU-2001,0,2001,86.32000000000001,46.0912962962963,catoke01-2001
rogerca01,3.4833333333333334,0,200103110PHO-HOU,200103110PHO-PHO,HOU-2001,0,2001,0,46.0912962962963,rogerca01-2001
kiddja01,43.333333333333336,8,200103140POR-PHO,200103140POR-POR,PHO-2001,1,2001,346.6666666666667,83.27314814814815,kiddja01-2001
mariosh01,39.05,11.5,200103140POR-PHO,200103140POR-POR,PHO-2001,1,2001,449.075,83.27314814814815,mariosh01-2001
eliema01,36,-0.2,200103140POR-PHO,200103140POR-POR,PHO-2001,1,2001,-7.2,83.27314814814815,eliema01-2001
guglito01,29.716666666666665,1,200103140POR-PHO,200103140POR-POR,PHO-2001,1,2001,29.716666666666665,83.27314814814815,guglito01-2001
tsakaja01,28.933333333333334,-0.6,200103140POR-PHO,200103140POR-POR,PHO-2001,1,2001,-17.36,83.27314814814815,tsakaja01-2001
robincl02,21.966666666666665,-3.9,200103140POR-PHO,200103140POR-POR,PHO-2001,1,2001,-85.66999999999999,83.27314814814815,robincl02-2001
rogerro01,20.766666666666666,-1.5,200103140POR-PHO,200103140POR-POR,PHO-2001,1,2001,-31.15,83.27314814814815,rogerro01-2001
delkto01,15.566666666666666,4.2,200103140POR-PHO,200103140POR-POR,PHO-2001,1,2001,65.38,83.27314814814815,delkto01-2001
delnevi01,4.666666666666667,0,200103140POR-PHO,200103140POR-POR,PHO-2001,1,2001,0,83.27314814814815,delnevi01-2001
walkean02,42.88333333333333,-1,200103150PHO-BOS,200103150PHO-PHO,BOS-2001,1,2001,-42.88333333333333,39.39666666666667,walkean02-2001
piercpa01,36.1,9.6,200103150PHO-BOS,200103150PHO-PHO,BOS-2001,1,2001,346.56,39.39666666666667,piercpa01-2001
palacmi01,26.25,0.1,200103150PHO-BOS,200103150PHO-PHO,BOS-2001,1,2001,2.625,39.39666666666667,palacmi01-2001
stithbr01,24.983333333333334,4.3,200103150PHO-BOS,200103150PHO-PHO,BOS-2001,1,2001,107.42833333333333,39.39666666666667,stithbr01-2001
willier01,23.733333333333334,-2.1,200103150PHO-BOS,200103150PHO-PHO,BOS-2001,1,2001,-49.84,39.39666666666667,willier01-2001
blounma01,22.7,-0.5,200103150PHO-BOS,200103150PHO-PHO,BOS-2001,1,2001,-11.35,39.39666666666667,blounma01-2001
brownra02,21.75,3.5,200103150PHO-BOS,200103150PHO-PHO,BOS-2001,1,2001,76.125,39.39666666666667,brownra02-2001
mccarwa01,18.933333333333334,-1.1,200103150PHO-BOS,200103150PHO-PHO,BOS-2001,1,2001,-20.826666666666668,39.39666666666667,mccarwa01-2001
potapvi01,13.733333333333333,-2.9,200103150PHO-BOS,200103150PHO-PHO,BOS-2001,1,2001,-39.82666666666666,39.39666666666667,potapvi01-2001
griffad01,8.95,2.9,200103150PHO-BOS,200103150PHO-PHO,BOS-2001,1,2001,25.955,39.39666666666667,griffad01-2001
kiddja01,44.166666666666664,8,200103170DAL-PHO,200103170DAL-DAL,PHO-2001,0,2001,353.3333333333333,65.99916666666665,kiddja01-2001
mariosh01,40.88333333333333,-5.4,200103170DAL-PHO,200103170DAL-DAL,PHO-2001,0,2001,-220.77,65.99916666666665,mariosh01-2001
robincl02,40.4,8.3,200103170DAL-PHO,200103170DAL-DAL,PHO-2001,0,2001,335.32,65.99916666666665,robincl02-2001
eliema01,40.28333333333333,8.2,200103170DAL-PHO,200103170DAL-DAL,PHO-2001,0,2001,330.32333333333327,65.99916666666665,eliema01-2001
delkto01,26.8,-4,200103170DAL-PHO,200103170DAL-DAL,PHO-2001,0,2001,-107.2,65.99916666666665,delkto01-2001
guglito01,20.1,-1.7,200103170DAL-PHO,200103170DAL-DAL,PHO-2001,0,2001,-34.17,65.99916666666665,guglito01-2001
delnevi01,13.55,1.8,200103170DAL-PHO,200103170DAL-DAL,PHO-2001,0,2001,24.39,65.99916666666665,delnevi01-2001
tsakaja01,6.45,-2.1,200103170DAL-PHO,200103170DAL-DAL,PHO-2001,0,2001,-13.545000000000002,65.99916666666665,tsakaja01-2001
perryel01,3.8333333333333335,-0.9,200103170DAL-PHO,200103170DAL-DAL,PHO-2001,0,2001,-3.45,65.99916666666665,perryel01-2001
rogerro01,3.533333333333333,-1.2,200103170DAL-PHO,200103170DAL-DAL,PHO-2001,0,2001,-4.239999999999999,65.99916666666665,rogerro01-2001
hamilri01,34.78333333333333,6.2,200103200PHO-WAS,200103200PHO-PHO,WAS-2001,0,2001,215.65666666666667,5.796000000000003,hamilri01-2001
smithmi02,33.11666666666667,6.4,200103200PHO-WAS,200103200PHO-PHO,WAS-2001,0,2001,211.9466666666667,5.796000000000003,smithmi02-2001
alexaco02,32.25,-9,200103200PHO-WAS,200103200PHO-PHO,WAS-2001,0,2001,-290.25,5.796000000000003,alexaco02-2001
vanteda01,25.266666666666666,-6.6,200103200PHO-WAS,200103200PHO-PHO,WAS-2001,0,2001,-166.76,5.796000000000003,vanteda01-2001
laettch01,24.45,6.9,200103200PHO-WAS,200103200PHO-PHO,WAS-2001,0,2001,168.705,5.796000000000003,laettch01-2001
whiteja01,24.183333333333334,-3.2,200103200PHO-WAS,200103200PHO-PHO,WAS-2001,0,2001,-77.38666666666667,5.796000000000003,whiteja01-2001
davishu01,22.733333333333334,-1.9,200103200PHO-WAS,200103200PHO-PHO,WAS-2001,0,2001,-43.193333333333335,5.796000000000003,davishu01-2001
smithmi03,19.716666666666665,3.9,200103200PHO-WAS,200103200PHO-PHO,WAS-2001,0,2001,76.895,5.796000000000003,smithmi03-2001
jonespo01,14.266666666666667,-1.6,200103200PHO-WAS,200103200PHO-PHO,WAS-2001,0,2001,-22.826666666666668,5.796000000000003,jonespo01-2001
profila01,9.266666666666667,-1.6,200103200PHO-WAS,200103200PHO-PHO,WAS-2001,0,2001,-14.826666666666668,5.796000000000003,profila01-2001
kiddja01,48,3.9,200103220SEA-PHO,200103220SEA-SEA,PHO-2001,1,2001,187.2,73.40111111111112,kiddja01-2001
robincl02,37.833333333333336,2.8,200103220SEA-PHO,200103220SEA-SEA,PHO-2001,1,2001,105.93333333333334,73.40111111111112,robincl02-2001
mariosh01,36.31666666666667,9.4,200103220SEA-PHO,200103220SEA-SEA,PHO-2001,1,2001,341.3766666666667,73.40111111111112,mariosh01-2001
delkto01,28.45,-0.4,200103220SEA-PHO,200103220SEA-SEA,PHO-2001,1,2001,-11.38,73.40111111111112,delkto01-2001
rogerro01,27.883333333333333,2.9,200103220SEA-PHO,200103220SEA-SEA,PHO-2001,1,2001,80.86166666666666,73.40111111111112,rogerro01-2001
guglito01,23.733333333333334,-4.5,200103220SEA-PHO,200103220SEA-SEA,PHO-2001,1,2001,-106.80000000000001,73.40111111111112,guglito01-2001
eliema01,20,3.2,200103220SEA-PHO,200103220SEA-SEA,PHO-2001,1,2001,64,73.40111111111112,eliema01-2001
tsakaja01,15.416666666666666,0.3,200103220SEA-PHO,200103220SEA-SEA,PHO-2001,1,2001,4.625,73.40111111111112,tsakaja01-2001
dudlech02,2.3666666666666667,-2.2,200103220SEA-PHO,200103220SEA-SEA,PHO-2001,1,2001,-5.206666666666667,73.40111111111112,dudlech02-2001
mckieaa01,38.5,5.4,200103230PHO-PHI,200103230PHO-PHO,PHI-2001,0,2001,207.9,9.593703703703703,mckieaa01-2001
lynchge01,37.75,-2.9,200103230PHO-PHI,200103230PHO-PHO,PHI-2001,0,2001,-109.475,9.593703703703703,lynchge01-2001
hillty01,33.43333333333333,2.1,200103230PHO-PHI,200103230PHO-PHO,PHI-2001,0,2001,70.21,9.593703703703703,hillty01-2001
snower01,32.016666666666666,-2.9,200103230PHO-PHI,200103230PHO-PHO,PHI-2001,0,2001,-92.84833333333333,9.593703703703703,snower01-2001
mutomdi01,29.366666666666667,-2.5,200103230PHO-PHI,200103230PHO-PHO,PHI-2001,0,2001,-73.41666666666667,9.593703703703703,mutomdi01-2001
jonesju01,24.65,5.6,200103230PHO-PHI,200103230PHO-PHO,PHI-2001,0,2001,138.04,9.593703703703703,jonesju01-2001
ollieke01,21.566666666666666,1.4,200103230PHO-PHI,200103230PHO-PHO,PHI-2001,0,2001,30.19333333333333,9.593703703703703,ollieke01-2001
geigema01,18.633333333333333,-4.5,200103230PHO-PHI,200103230PHO-PHO,PHI-2001,0,2001,-83.85,9.593703703703703,geigema01-2001
buforro01,4.1,-0.1,200103230PHO-PHI,200103230PHO-PHO,PHI-2001,0,2001,-0.41,9.593703703703703,buforro01-2001
onealsh01,41.083333333333336,3.2,200103260PHO-LAL,200103260PHO-PHO,LAL-2001,0,2001,131.46666666666667,3.0727272727272728,onealsh01-2001
shawbr01,37.96666666666667,-1.3,200103260PHO-LAL,200103260PHO-PHO,LAL-2001,0,2001,-49.35666666666667,3.0727272727272728,shawbr01-2001
fishede01,31.583333333333332,0.5,200103260PHO-LAL,200103260PHO-PHO,LAL-2001,0,2001,15.791666666666666,3.0727272727272728,fishede01-2001
foxri01,27.8,1,200103260PHO-LAL,200103260PHO-PHO,LAL-2001,0,2001,27.8,3.0727272727272728,foxri01-2001
grantho01,24.183333333333334,-1,200103260PHO-LAL,200103260PHO-PHO,LAL-2001,0,2001,-24.183333333333334,3.0727272727272728,grantho01-2001
georgde01,20.2,0.9,200103260PHO-LAL,200103260PHO-PHO,LAL-2001,0,2001,18.18,3.0727272727272728,georgde01-2001
horryro01,20,-2.2,200103260PHO-LAL,200103260PHO-PHO,LAL-2001,0,2001,-44,3.0727272727272728,horryro01-2001
rideris01,13.716666666666667,-2.5,200103260PHO-LAL,200103260PHO-PHO,LAL-2001,0,2001,-34.291666666666664,3.0727272727272728,rideris01-2001
penbemi01,12.733333333333333,-1.1,200103260PHO-LAL,200103260PHO-PHO,LAL-2001,0,2001,-14.006666666666668,3.0727272727272728,penbemi01-2001
madsema01,8.55,0.8,200103260PHO-LAL,200103260PHO-PHO,LAL-2001,0,2001,6.840000000000001,3.0727272727272728,madsema01-2001
fostegr01,2.2,-0.2,200103260PHO-LAL,200103260PHO-PHO,LAL-2001,0,2001,-0.44000000000000006,3.0727272727272728,fostegr01-2001
millean02,42,6.4,200103280PHO-CLE,200103280PHO-PHO,CLE-2001,0,2001,268.8,20.628636363636364,millean02-2001
weathcl01,39.55,-2.9,200103280PHO-CLE,200103280PHO-PHO,CLE-2001,0,2001,-114.695,20.628636363636364,weathcl01-2001
murrala01,32.266666666666666,-2.8,200103280PHO-CLE,200103280PHO-PHO,CLE-2001,0,2001,-90.34666666666666,20.628636363636364,murrala01-2001
harprma01,32.11666666666667,6,200103280PHO-CLE,200103280PHO-PHO,CLE-2001,0,2001,192.7,20.628636363636364,harprma01-2001
gatlich01,29.883333333333333,0.4,200103280PHO-CLE,200103280PHO-PHO,CLE-2001,0,2001,11.953333333333333,20.628636363636364,gatlich01-2001
mihmch01,18.116666666666667,-2.6,200103280PHO-CLE,200103280PHO-PHO,CLE-2001,0,2001,-47.10333333333334,20.628636363636364,mihmch01-2001
langdtr01,16.766666666666666,1.4,200103280PHO-CLE,200103280PHO-PHO,CLE-2001,0,2001,23.47333333333333,20.628636363636364,langdtr01-2001
persowe01,15.583333333333334,-1,200103280PHO-CLE,200103280PHO-PHO,CLE-2001,0,2001,-15.583333333333334,20.628636363636364,persowe01-2001
brownch01,7.716666666666667,0,200103280PHO-CLE,200103280PHO-PHO,CLE-2001,0,2001,0,20.628636363636364,brownch01-2001
johnsan02,3.0833333333333335,0.3,200103280PHO-CLE,200103280PHO-PHO,CLE-2001,0,2001,0.925,20.628636363636364,johnsan02-2001
colesbi01,2.9166666666666665,-1.1,200103280PHO-CLE,200103280PHO-PHO,CLE-2001,0,2001,-3.2083333333333335,20.628636363636364,colesbi01-2001
kiddja01,46.083333333333336,19.7,200103290HOU-PHO,200103290HOU-HOU,PHO-2001,1,2001,907.8416666666667,99.62518518518519,kiddja01-2001
eliema01,38.78333333333333,2.1,200103290HOU-PHO,200103290HOU-HOU,PHO-2001,1,2001,81.445,99.62518518518519,eliema01-2001
tsakaja01,28.983333333333334,-2.9,200103290HOU-PHO,200103290HOU-HOU,PHO-2001,1,2001,-84.05166666666666,99.62518518518519,tsakaja01-2001
guglito01,28.85,9.1,200103290HOU-PHO,200103290HOU-HOU,PHO-2001,1,2001,262.535,99.62518518518519,guglito01-2001
robincl02,25.1,-5.2,200103290HOU-PHO,200103290HOU-HOU,PHO-2001,1,2001,-130.52,99.62518518518519,robincl02-2001
rogerro01,24.5,-2.3,200103290HOU-PHO,200103290HOU-HOU,PHO-2001,1,2001,-56.349999999999994,99.62518518518519,rogerro01-2001
mariosh01,23.966666666666665,-3.3,200103290HOU-PHO,200103290HOU-HOU,PHO-2001,1,2001,-79.08999999999999,99.62518518518519,mariosh01-2001
delkto01,16.766666666666666,-0.6,200103290HOU-PHO,200103290HOU-HOU,PHO-2001,1,2001,-10.059999999999999,99.62518518518519,delkto01-2001
delnevi01,6.966666666666667,0.7,200103290HOU-PHO,200103290HOU-HOU,PHO-2001,1,2001,4.876666666666666,99.62518518518519,delnevi01-2001
allenra02,44.7,0.6,200104010PHO-MIL,200104010PHO-PHO,MIL-2001,0,2001,26.82,49.81740740740741,allenra02-2001
thomati01,39.083333333333336,12,200104010PHO-MIL,200104010PHO-PHO,MIL-2001,0,2001,469,49.81740740740741,thomati01-2001
hamda01,33.78333333333333,1.8,200104010PHO-MIL,200104010PHO-PHO,MIL-2001,0,2001,60.809999999999995,49.81740740740741,hamda01-2001
hunteli01,31.733333333333334,0.8,200104010PHO-MIL,200104010PHO-PHO,MIL-2001,0,2001,25.38666666666667,49.81740740740741,hunteli01-2001
caffeja01,24.05,-7.7,200104010PHO-MIL,200104010PHO-PHO,MIL-2001,0,2001,-185.185,49.81740740740741,caffeja01-2001
alstora01,22.866666666666667,4.6,200104010PHO-MIL,200104010PHO-PHO,MIL-2001,0,2001,105.18666666666667,49.81740740740741,alstora01-2001
johnser02,15.316666666666666,-1.6,200104010PHO-MIL,200104010PHO-PHO,MIL-2001,0,2001,-24.506666666666668,49.81740740740741,johnser02-2001
popema01,14.35,2.1,200104010PHO-MIL,200104010PHO-PHO,MIL-2001,0,2001,30.135,49.81740740740741,popema01-2001
willisc01,14.116666666666667,-4.2,200104010PHO-MIL,200104010PHO-PHO,MIL-2001,0,2001,-59.290000000000006,49.81740740740741,willisc01-2001
mariosh01,44.93333333333333,9.2,200104030IND-PHO,200104030IND-IND,PHO-2001,0,2001,413.3866666666666,45.392999999999994,mariosh01-2001
kiddja01,40.86666666666667,3.8,200104030IND-PHO,200104030IND-IND,PHO-2001,0,2001,155.29333333333332,45.392999999999994,kiddja01-2001
rogerro01,36.45,1,200104030IND-PHO,200104030IND-IND,PHO-2001,0,2001,36.45,45.392999999999994,rogerro01-2001
guglito01,30.75,-1.1,200104030IND-PHO,200104030IND-IND,PHO-2001,0,2001,-33.825,45.392999999999994,guglito01-2001
eliema01,25.733333333333334,-0.9,200104030IND-PHO,200104030IND-IND,PHO-2001,0,2001,-23.16,45.392999999999994,eliema01-2001
robincl02,19.766666666666666,-7.1,200104030IND-PHO,200104030IND-IND,PHO-2001,0,2001,-140.34333333333333,45.392999999999994,robincl02-2001
tsakaja01,12.1,-1.6,200104030IND-PHO,200104030IND-IND,PHO-2001,0,2001,-19.36,45.392999999999994,tsakaja01-2001
delkto01,11.333333333333334,-1.2,200104030IND-PHO,200104030IND-IND,PHO-2001,0,2001,-13.6,45.392999999999994,delkto01-2001
delnevi01,9.25,5.5,200104030IND-PHO,200104030IND-IND,PHO-2001,0,2001,50.875,45.392999999999994,delnevi01-2001
perryel01,8.816666666666666,3.2,200104030IND-PHO,200104030IND-IND,PHO-2001,0,2001,28.213333333333335,45.392999999999994,perryel01-2001
kiddja01,40.55,11.1,200104040CHH-PHO,200104040CHH-CHH,PHO-2001,1,2001,450.10499999999996,76.34049999999999,kiddja01-2001
mariosh01,38.3,11,200104040CHH-PHO,200104040CHH-CHH,PHO-2001,1,2001,421.29999999999995,76.34049999999999,mariosh01-2001
guglito01,27.316666666666666,-5,200104040CHH-PHO,200104040CHH-CHH,PHO-2001,1,2001,-136.58333333333334,76.34049999999999,guglito01-2001
eliema01,25.783333333333335,1.5,200104040CHH-PHO,200104040CHH-CHH,PHO-2001,1,2001,38.675000000000004,76.34049999999999,eliema01-2001
robincl02,24.25,-2.9,200104040CHH-PHO,200104040CHH-CHH,PHO-2001,1,2001,-70.325,76.34049999999999,robincl02-2001
tsakaja01,20.6,-1.3,200104040CHH-PHO,200104040CHH-CHH,PHO-2001,1,2001,-26.78,76.34049999999999,tsakaja01-2001
delkto01,20.366666666666667,2.1,200104040CHH-PHO,200104040CHH-CHH,PHO-2001,1,2001,42.77,76.34049999999999,delkto01-2001
dudlech02,19.033333333333335,3.7,200104040CHH-PHO,200104040CHH-CHH,PHO-2001,1,2001,70.42333333333335,76.34049999999999,dudlech02-2001
delnevi01,13.15,-1.1,200104040CHH-PHO,200104040CHH-CHH,PHO-2001,1,2001,-14.465000000000002,76.34049999999999,delnevi01-2001
rogerro01,10.65,-1.1,200104040CHH-PHO,200104040CHH-CHH,PHO-2001,1,2001,-11.715000000000002,76.34049999999999,rogerro01-2001
mariosh01,42.68333333333333,0,200104060MIN-PHO,200104060MIN-MIN,PHO-2001,0,2001,0,10.426666666666666,mariosh01-2001
kiddja01,42.61666666666667,-5.1,200104060MIN-PHO,200104060MIN-MIN,PHO-2001,0,2001,-217.345,10.426666666666666,kiddja01-2001
robincl02,33.88333333333333,-0.1,200104060MIN-PHO,200104060MIN-MIN,PHO-2001,0,2001,-3.3883333333333336,10.426666666666666,robincl02-2001
eliema01,33.7,5.8,200104060MIN-PHO,200104060MIN-MIN,PHO-2001,0,2001,195.46,10.426666666666666,eliema01-2001
rogerro01,25.3,1.2,200104060MIN-PHO,200104060MIN-MIN,PHO-2001,0,2001,30.36,10.426666666666666,rogerro01-2001
guglito01,19.216666666666665,4.1,200104060MIN-PHO,200104060MIN-MIN,PHO-2001,0,2001,78.78833333333331,10.426666666666666,guglito01-2001
delkto01,17.633333333333333,2,200104060MIN-PHO,200104060MIN-MIN,PHO-2001,0,2001,35.266666666666666,10.426666666666666,delkto01-2001
tsakaja01,13.45,-0.5,200104060MIN-PHO,200104060MIN-MIN,PHO-2001,0,2001,-6.725,10.426666666666666,tsakaja01-2001
delnevi01,5.833333333333333,1.5,200104060MIN-PHO,200104060MIN-MIN,PHO-2001,0,2001,8.75,10.426666666666666,delnevi01-2001
dudlech02,3.6833333333333336,-0.4,200104060MIN-PHO,200104060MIN-MIN,PHO-2001,0,2001,-1.4733333333333336,10.426666666666666,dudlech02-2001
perryel01,2,-2.5,200104060MIN-PHO,200104060MIN-MIN,PHO-2001,0,2001,-5,10.426666666666666,perryel01-2001
kiddja01,42.95,-0.7,200104070CLE-PHO,200104070CLE-CLE,PHO-2001,1,2001,-30.065,41.95545454545454,kiddja01-2001
mariosh01,38.1,7.2,200104070CLE-PHO,200104070CLE-CLE,PHO-2001,1,2001,274.32,41.95545454545454,mariosh01-2001
robincl02,34.36666666666667,4.3,200104070CLE-PHO,200104070CLE-CLE,PHO-2001,1,2001,147.77666666666667,41.95545454545454,robincl02-2001
delkto01,28.066666666666666,2.9,200104070CLE-PHO,200104070CLE-CLE,PHO-2001,1,2001,81.39333333333333,41.95545454545454,delkto01-2001
eliema01,27.983333333333334,-4.5,200104070CLE-PHO,200104070CLE-CLE,PHO-2001,1,2001,-125.92500000000001,41.95545454545454,eliema01-2001
rogerro01,21.35,5.5,200104070CLE-PHO,200104070CLE-CLE,PHO-2001,1,2001,117.42500000000001,41.95545454545454,rogerro01-2001
guglito01,17.25,0.8,200104070CLE-PHO,200104070CLE-CLE,PHO-2001,1,2001,13.8,41.95545454545454,guglito01-2001
dudlech02,14.133333333333333,-0.6,200104070CLE-PHO,200104070CLE-CLE,PHO-2001,1,2001,-8.479999999999999,41.95545454545454,dudlech02-2001
tsakaja01,7.5,-0.9,200104070CLE-PHO,200104070CLE-CLE,PHO-2001,1,2001,-6.75,41.95545454545454,tsakaja01-2001
delnevi01,5.05,-0.2,200104070CLE-PHO,200104070CLE-CLE,PHO-2001,1,2001,-1.01,41.95545454545454,delnevi01-2001
santida01,3.25,-0.3,200104070CLE-PHO,200104070CLE-CLE,PHO-2001,1,2001,-0.975,41.95545454545454,santida01-2001
mariosh01,32.63333333333333,2.7,200104100LAL-PHO,200104100LAL-LAL,PHO-2001,0,2001,88.11,-2.754305555555555,mariosh01-2001
delkto01,30.733333333333334,-7.4,200104100LAL-PHO,200104100LAL-LAL,PHO-2001,0,2001,-227.42666666666668,-2.754305555555555,delkto01-2001
rogerro01,27.25,12.3,200104100LAL-PHO,200104100LAL-LAL,PHO-2001,0,2001,335.175,-2.754305555555555,rogerro01-2001
delnevi01,25.9,5.5,200104100LAL-PHO,200104100LAL-LAL,PHO-2001,0,2001,142.45,-2.754305555555555,delnevi01-2001
robincl02,22.7,-9.6,200104100LAL-PHO,200104100LAL-LAL,PHO-2001,0,2001,-217.92,-2.754305555555555,robincl02-2001
perryel01,19.566666666666666,-1.8,200104100LAL-PHO,200104100LAL-LAL,PHO-2001,0,2001,-35.22,-2.754305555555555,perryel01-2001
tsakaja01,18.55,-1.1,200104100LAL-PHO,200104100LAL-LAL,PHO-2001,0,2001,-20.405,-2.754305555555555,tsakaja01-2001
dudlech02,17.683333333333334,-2,200104100LAL-PHO,200104100LAL-LAL,PHO-2001,0,2001,-35.36666666666667,-2.754305555555555,dudlech02-2001
kiddja01,17.65,-3.1,200104100LAL-PHO,200104100LAL-LAL,PHO-2001,0,2001,-54.714999999999996,-2.754305555555555,kiddja01-2001
eliema01,10.95,-0.4,200104100LAL-PHO,200104100LAL-LAL,PHO-2001,0,2001,-4.38,-2.754305555555555,eliema01-2001
guglito01,8.4,-2.3,200104100LAL-PHO,200104100LAL-LAL,PHO-2001,0,2001,-19.32,-2.754305555555555,guglito01-2001
santida01,7.983333333333333,2,200104100LAL-PHO,200104100LAL-LAL,PHO-2001,0,2001,15.966666666666667,-2.754305555555555,santida01-2001
finlemi01,46.88333333333333,5.3,200104110PHO-DAL,200104110PHO-PHO,DAL-2001,0,2001,248.48166666666665,95.22083333333333,finlemi01-2001
howarju01,44.6,5.6,200104110PHO-DAL,200104110PHO-PHO,DAL-2001,0,2001,249.76,95.22083333333333,howarju01-2001
nashst01,40.71666666666667,3.5,200104110PHO-DAL,200104110PHO-PHO,DAL-2001,0,2001,142.50833333333333,95.22083333333333,nashst01-2001
nowitdi01,37.85,4.6,200104110PHO-DAL,200104110PHO-PHO,DAL-2001,0,2001,174.10999999999999,95.22083333333333,nowitdi01-2001
bradlsh01,28.816666666666666,-0.1,200104110PHO-DAL,200104110PHO-PHO,DAL-2001,0,2001,-2.881666666666667,95.22083333333333,bradlsh01-2001
eisleho01,14.75,-4,200104110PHO-DAL,200104110PHO-PHO,DAL-2001,0,2001,-59,95.22083333333333,eisleho01-2001
najered01,14.216666666666667,3.1,200104110PHO-DAL,200104110PHO-PHO,DAL-2001,0,2001,44.071666666666665,95.22083333333333,najered01-2001
boothca01,12.166666666666666,-2.9,200104110PHO-DAL,200104110PHO-PHO,DAL-2001,0,2001,-35.28333333333333,95.22083333333333,boothca01-2001
paytoga01,44.56666666666667,-0.1,200104130PHO-SEA,200104130PHO-PHO,SEA-2001,0,2001,-4.456666666666667,46.675303030303034,paytoga01-2001
lewisra02,43.083333333333336,10.9,200104130PHO-SEA,200104130PHO-PHO,SEA-2001,0,2001,469.60833333333335,46.675303030303034,lewisra02-2001
ewingpa01,29.15,-2.3,200104130PHO-SEA,200104130PHO-PHO,SEA-2001,0,2001,-67.04499999999999,46.675303030303034,ewingpa01-2001
masonde01,28.85,0.1,200104130PHO-SEA,200104130PHO-PHO,SEA-2001,0,2001,2.8850000000000002,46.675303030303034,masonde01-2001
barrybr01,27.433333333333334,3.9,200104130PHO-SEA,200104130PHO-PHO,SEA-2001,0,2001,106.99,46.675303030303034,barrybr01-2001
willish01,26.45,3.2,200104130PHO-SEA,200104130PHO-PHO,SEA-2001,0,2001,84.64,46.675303030303034,willish01-2001
mccoyje01,15.833333333333334,-2.8,200104130PHO-SEA,200104130PHO-PHO,SEA-2001,0,2001,-44.333333333333336,46.675303030303034,mccoyje01-2001
patteru01,11.133333333333333,-1.6,200104130PHO-SEA,200104130PHO-PHO,SEA-2001,0,2001,-17.813333333333333,46.675303030303034,patteru01-2001
oyedeol01,6.4,-1.8,200104130PHO-SEA,200104130PHO-PHO,SEA-2001,0,2001,-11.520000000000001,46.675303030303034,oyedeol01-2001
bakervi01,5.133333333333334,-1,200104130PHO-SEA,200104130PHO-PHO,SEA-2001,0,2001,-5.133333333333334,46.675303030303034,bakervi01-2001
davisem01,1.9666666666666668,-0.2,200104130PHO-SEA,200104130PHO-PHO,SEA-2001,0,2001,-0.39333333333333337,46.675303030303034,davisem01-2001
webbech01,42.983333333333334,-2.7,200104150PHO-SAC,200104150PHO-PHO,SAC-2001,0,2001,-116.055,67.67037037037036,webbech01-2001
chrisdo01,41.983333333333334,8,200104150PHO-SAC,200104150PHO-PHO,SAC-2001,0,2001,335.8666666666667,67.67037037037036,chrisdo01-2001
stojape01,36.31666666666667,7.2,200104150PHO-SAC,200104150PHO-PHO,SAC-2001,0,2001,261.48,67.67037037037036,stojape01-2001
divacvl01,31.516666666666666,5.8,200104150PHO-SAC,200104150PHO-PHO,SAC-2001,0,2001,182.79666666666665,67.67037037037036,divacvl01-2001
jacksbo01,25.883333333333333,0.6,200104150PHO-SAC,200104150PHO-PHO,SAC-2001,0,2001,15.53,67.67037037037036,jacksbo01-2001
willija02,22.116666666666667,-5.4,200104150PHO-SAC,200104150PHO-PHO,SAC-2001,0,2001,-119.43,67.67037037037036,willija02-2001
turkohe01,17.216666666666665,2.2,200104150PHO-SAC,200104150PHO-PHO,SAC-2001,0,2001,37.876666666666665,67.67037037037036,turkohe01-2001
pollasc01,15.966666666666667,0.8,200104150PHO-SAC,200104150PHO-PHO,SAC-2001,0,2001,12.773333333333333,67.67037037037036,pollasc01-2001
barryjo01,6.016666666666667,-0.3,200104150PHO-SAC,200104150PHO-PHO,SAC-2001,0,2001,-1.805,67.67037037037036,barryjo01-2001
kiddja01,38.4,-5.8,200104160LAC-PHO,200104160LAC-LAC,PHO-2001,0,2001,-222.72,-6.208181818181817,kiddja01-2001
mariosh01,32.25,1.9,200104160LAC-PHO,200104160LAC-LAC,PHO-2001,0,2001,61.275,-6.208181818181817,mariosh01-2001
rogerro01,31.516666666666666,3.2,200104160LAC-PHO,200104160LAC-LAC,PHO-2001,0,2001,100.85333333333334,-6.208181818181817,rogerro01-2001
robincl02,31.05,0.7,200104160LAC-PHO,200104160LAC-LAC,PHO-2001,0,2001,21.735,-6.208181818181817,robincl02-2001
delkto01,28.7,0.3,200104160LAC-PHO,200104160LAC-LAC,PHO-2001,0,2001,8.61,-6.208181818181817,delkto01-2001
delnevi01,16.333333333333332,-2.5,200104160LAC-PHO,200104160LAC-LAC,PHO-2001,0,2001,-40.83333333333333,-6.208181818181817,delnevi01-2001
santida01,16.333333333333332,0.9,200104160LAC-PHO,200104160LAC-LAC,PHO-2001,0,2001,14.7,-6.208181818181817,santida01-2001
guglito01,13.516666666666667,0.2,200104160LAC-PHO,200104160LAC-LAC,PHO-2001,0,2001,2.7033333333333336,-6.208181818181817,guglito01-2001
eliema01,12.866666666666667,-0.7,200104160LAC-PHO,200104160LAC-LAC,PHO-2001,0,2001,-9.006666666666666,-6.208181818181817,eliema01-2001
dudlech02,11.016666666666667,-0.8,200104160LAC-PHO,200104160LAC-LAC,PHO-2001,0,2001,-8.813333333333334,-6.208181818181817,dudlech02-2001
perryel01,8.016666666666667,0.4,200104160LAC-PHO,200104160LAC-LAC,PHO-2001,0,2001,3.206666666666667,-6.208181818181817,perryel01-2001
ostergr01,39.916666666666664,7.3,200104180PHO-UTA,200104180PHO-PHO,UTA-2001,0,2001,291.39166666666665,20.91638888888889,ostergr01-2001
mannida01,30.15,1.5,200104180PHO-UTA,200104180PHO-PHO,UTA-2001,0,2001,45.224999999999994,20.91638888888889,mannida01-2001
marshdo01,26.766666666666666,4.2,200104180PHO-UTA,200104180PHO-PHO,UTA-2001,0,2001,112.42,20.91638888888889,marshdo01-2001
vaughja01,24.966666666666665,-3,200104180PHO-UTA,200104180PHO-PHO,UTA-2001,0,2001,-74.89999999999999,20.91638888888889,vaughja01-2001
benoida01,21.133333333333333,-0.2,200104180PHO-UTA,200104180PHO-PHO,UTA-2001,0,2001,-4.226666666666667,20.91638888888889,benoida01-2001
russebr01,21,0.1,200104180PHO-UTA,200104180PHO-PHO,UTA-2001,0,2001,2.1,20.91638888888889,russebr01-2001
stevede01,20.95,-0.7,200104180PHO-UTA,200104180PHO-PHO,UTA-2001,0,2001,-14.665,20.91638888888889,stevede01-2001
starkjo01,18.016666666666666,-1.5,200104180PHO-UTA,200104180PHO-PHO,UTA-2001,0,2001,-27.025,20.91638888888889,starkjo01-2001
crottjo01,17.05,-5.1,200104180PHO-UTA,200104180PHO-PHO,UTA-2001,0,2001,-86.955,20.91638888888889,crottjo01-2001
polynol01,8.083333333333334,0.5,200104180PHO-UTA,200104180PHO-PHO,UTA-2001,0,2001,4.041666666666667,20.91638888888889,polynol01-2001
malonka01,5.983333333333333,2.3,200104180PHO-UTA,200104180PHO-PHO,UTA-2001,0,2001,13.761666666666665,20.91638888888889,malonka01-2001
stockjo01,5.983333333333333,-1.7,200104180PHO-UTA,200104180PHO-PHO,UTA-2001,0,2001,-10.171666666666667,20.91638888888889,stockjo01-2001
