player,min,VORP,id,opp_id,season_id,win,year,adj_VORP,avg_VORP,link
barklch01,44,23,199211070PHO-PHO,199211070PHO-LAC,PHO-1993,1,1993,1012,95.27777777777779,barklch01-1993
knighne01,39,-8.6,199211070PHO-PHO,199211070PHO-LAC,PHO-1993,1,1993,-335.4,95.27777777777779,knighne01-1993
majerda01,39,4.8,199211070PHO-PHO,199211070PHO-LAC,PHO-1993,1,1993,187.2,95.27777777777779,majerda01-1993
aingeda01,33,1.9,199211070PHO-PHO,199211070PHO-LAC,PHO-1993,1,1993,62.699999999999996,95.27777777777779,aingeda01-1993
chambto01,24,2.5,199211070PHO-PHO,199211070PHO-LAC,PHO-1993,1,1993,60,95.27777777777779,chambto01-1993
milleol01,22,-0.6,199211070PHO-PHO,199211070PHO-LAC,PHO-1993,1,1993,-13.2,95.27777777777779,milleol01-1993
westma01,21,-2,199211070PHO-PHO,199211070PHO-LAC,PHO-1993,1,1993,-42,95.27777777777779,westma01-1993
cebalce01,15,-4.8,199211070PHO-PHO,199211070PHO-LAC,PHO-1993,1,1993,-72,95.27777777777779,cebalce01-1993
rambiku01,3,-0.6,199211070PHO-PHO,199211070PHO-LAC,PHO-1993,1,1993,-1.7999999999999998,95.27777777777779,rambiku01-1993
drexlcl01,36,-5.2,199211100POR-POR,199211100POR-PHO,POR-1993,1,1993,-187.20000000000002,64.0111111111111,drexlcl01-1993
portete01,33,10.7,199211100POR-POR,199211100POR-PHO,POR-1993,1,1993,353.09999999999997,64.0111111111111,portete01-1993
willibu01,32,6.9,199211100POR-POR,199211100POR-PHO,POR-1993,1,1993,220.8,64.0111111111111,willibu01-1993
robincl02,27,-1.3,199211100POR-POR,199211100POR-PHO,POR-1993,1,1993,-35.1,64.0111111111111,robincl02-1993
stricro02,27,2.3,199211100POR-POR,199211100POR-PHO,POR-1993,1,1993,62.099999999999994,64.0111111111111,stricro02-1993
kerseje01,26,2.4,199211100POR-POR,199211100POR-PHO,POR-1993,1,1993,62.4,64.0111111111111,kerseje01-1993
duckwke01,22,-5,199211100POR-POR,199211100POR-PHO,POR-1993,1,1993,-110,64.0111111111111,duckwke01-1993
eliema01,20,7.1,199211100POR-POR,199211100POR-PHO,POR-1993,1,1993,142,64.0111111111111,eliema01-1993
bryanma01,17,4,199211100POR-POR,199211100POR-PHO,POR-1993,1,1993,68,64.0111111111111,bryanma01-1993
malonka01,43,9.6,199211120UTA-UTA,199211120UTA-PHO,UTA-1993,0,1993,412.8,47.577777777777776,malonka01-1993
stockjo01,38,5.7,199211120UTA-UTA,199211120UTA-PHO,UTA-1993,0,1993,216.6,47.577777777777776,stockjo01-1993
malonje01,32,-3,199211120UTA-UTA,199211120UTA-PHO,UTA-1993,0,1993,-96,47.577777777777776,malonje01-1993
corbity01,28,-0.6,199211120UTA-UTA,199211120UTA-PHO,UTA-1993,0,1993,-16.8,47.577777777777776,corbity01-1993
benoida01,27,-4.3,199211120UTA-UTA,199211120UTA-PHO,UTA-1993,0,1993,-116.1,47.577777777777776,benoida01-1993
humphja01,23,3.8,199211120UTA-UTA,199211120UTA-PHO,UTA-1993,0,1993,87.39999999999999,47.577777777777776,humphja01-1993
brownmi01,20,-1.2,199211120UTA-UTA,199211120UTA-PHO,UTA-1993,0,1993,-24,47.577777777777776,brownmi01-1993
austiis01,15,-0.7,199211120UTA-UTA,199211120UTA-PHO,UTA-1993,0,1993,-10.5,47.577777777777776,austiis01-1993
krystla01,14,-1.8,199211120UTA-UTA,199211120UTA-PHO,UTA-1993,0,1993,-25.2,47.577777777777776,krystla01-1993
persoch01,47,-1,199211140MIN-MIN,199211140MIN-PHO,MIN-1993,0,1993,-47,33.4,persoch01-1993
westdo01,46,1.1,199211140MIN-MIN,199211140MIN-PHO,MIN-1993,0,1993,50.6,33.4,westdo01-1993
willimi02,38,4.8,199211140MIN-MIN,199211140MIN-PHO,MIN-1993,0,1993,182.4,33.4,willimi02-1993
baileth01,35,4.9,199211140MIN-MIN,199211140MIN-PHO,MIN-1993,0,1993,171.5,33.4,baileth01-1993
laettch01,27,3.2,199211140MIN-MIN,199211140MIN-PHO,MIN-1993,0,1993,86.4,33.4,laettch01-1993
spencfe01,19,-1.5,199211140MIN-MIN,199211140MIN-PHO,MIN-1993,0,1993,-28.5,33.4,spencfe01-1993
longllu01,12,-4,199211140MIN-MIN,199211140MIN-PHO,MIN-1993,0,1993,-48,33.4,longllu01-1993
smithch03,10,-3.8,199211140MIN-MIN,199211140MIN-PHO,MIN-1993,0,1993,-38,33.4,smithch03-1993
mccanbo01,4,2,199211140MIN-MIN,199211140MIN-PHO,MIN-1993,0,1993,8,33.4,mccanbo01-1993
vetragu01,2,-1.7,199211140MIN-MIN,199211140MIN-PHO,MIN-1993,0,1993,-3.4,33.4,vetragu01-1993
majerda01,40,10.9,199211160PHO-PHO,199211160PHO-SEA,PHO-1993,1,1993,436,66.11666666666666,majerda01-1993
barklch01,37,1.9,199211160PHO-PHO,199211160PHO-SEA,PHO-1993,1,1993,70.3,66.11666666666666,barklch01-1993
aingeda01,30,2.4,199211160PHO-PHO,199211160PHO-SEA,PHO-1993,1,1993,72,66.11666666666666,aingeda01-1993
johnsfr01,26,4.4,199211160PHO-PHO,199211160PHO-SEA,PHO-1993,1,1993,114.4,66.11666666666666,johnsfr01-1993
cebalce01,23,1.9,199211160PHO-PHO,199211160PHO-SEA,PHO-1993,1,1993,43.699999999999996,66.11666666666666,cebalce01-1993
knighne01,22,0.8,199211160PHO-PHO,199211160PHO-SEA,PHO-1993,1,1993,17.6,66.11666666666666,knighne01-1993
chambto01,22,3.7,199211160PHO-PHO,199211160PHO-SEA,PHO-1993,1,1993,81.4,66.11666666666666,chambto01-1993
westma01,17,-1.8,199211160PHO-PHO,199211160PHO-SEA,PHO-1993,1,1993,-30.6,66.11666666666666,westma01-1993
milleol01,12,0.1,199211160PHO-PHO,199211160PHO-SEA,PHO-1993,1,1993,1.2000000000000002,66.11666666666666,milleol01-1993
rambiku01,9,-1.2,199211160PHO-PHO,199211160PHO-SEA,PHO-1993,1,1993,-10.799999999999999,66.11666666666666,rambiku01-1993
kemptti01,1,-0.9,199211160PHO-PHO,199211160PHO-SEA,PHO-1993,1,1993,-0.9,66.11666666666666,kemptti01-1993
stivral01,1,-0.9,199211160PHO-PHO,199211160PHO-SEA,PHO-1993,1,1993,-0.9,66.11666666666666,stivral01-1993
cebalce01,35,5.7,199211180PHO-PHO,199211180PHO-SAC,PHO-1993,1,1993,199.5,48.06363636363636,cebalce01-1993
majerda01,32,1.4,199211180PHO-PHO,199211180PHO-SAC,PHO-1993,1,1993,44.8,48.06363636363636,majerda01-1993
milleol01,30,6.5,199211180PHO-PHO,199211180PHO-SAC,PHO-1993,1,1993,195,48.06363636363636,milleol01-1993
barklch01,26,-4,199211180PHO-PHO,199211180PHO-SAC,PHO-1993,1,1993,-104,48.06363636363636,barklch01-1993
knighne01,25,1.2,199211180PHO-PHO,199211180PHO-SAC,PHO-1993,1,1993,30,48.06363636363636,knighne01-1993
chambto01,25,0.8,199211180PHO-PHO,199211180PHO-SAC,PHO-1993,1,1993,20,48.06363636363636,chambto01-1993
aingeda01,22,4.6,199211180PHO-PHO,199211180PHO-SAC,PHO-1993,1,1993,101.19999999999999,48.06363636363636,aingeda01-1993
westma01,16,2.6,199211180PHO-PHO,199211180PHO-SAC,PHO-1993,1,1993,41.6,48.06363636363636,westma01-1993
stivral01,13,2,199211180PHO-PHO,199211180PHO-SAC,PHO-1993,1,1993,26,48.06363636363636,stivral01-1993
johnsfr01,9,-2.2,199211180PHO-PHO,199211180PHO-SAC,PHO-1993,1,1993,-19.8,48.06363636363636,johnsfr01-1993
kemptti01,7,-0.8,199211180PHO-PHO,199211180PHO-SAC,PHO-1993,1,1993,-5.6000000000000005,48.06363636363636,kemptti01-1993
jacksma01,39,5.4,199211210LAC-LAC,199211210LAC-PHO,LAC-1993,1,1993,210.60000000000002,80.2,jacksma01-1993
harpero01,37,4.8,199211210LAC-LAC,199211210LAC-PHO,LAC-1993,1,1993,177.6,80.2,harpero01-1993
mannida01,37,9.5,199211210LAC-LAC,199211210LAC-PHO,LAC-1993,1,1993,351.5,80.2,mannida01-1993
jacksja01,30,3.4,199211210LAC-LAC,199211210LAC-PHO,LAC-1993,1,1993,102,80.2,jacksja01-1993
willijo02,27,-0.3,199211210LAC-LAC,199211210LAC-PHO,LAC-1993,1,1993,-8.1,80.2,willijo02-1993
vaughlo01,25,-1.4,199211210LAC-LAC,199211210LAC-PHO,LAC-1993,1,1993,-35,80.2,vaughlo01-1993
vandeki01,18,3.3,199211210LAC-LAC,199211210LAC-PHO,LAC-1993,1,1993,59.4,80.2,vandeki01-1993
normake01,11,-2.8,199211210LAC-LAC,199211210LAC-PHO,LAC-1993,1,1993,-30.799999999999997,80.2,normake01-1993
roberst01,10,-0.6,199211210LAC-LAC,199211210LAC-PHO,LAC-1993,1,1993,-6,80.2,roberst01-1993
grantga01,6,-3.2,199211210LAC-LAC,199211210LAC-PHO,LAC-1993,1,1993,-19.200000000000003,80.2,grantga01-1993
majerda01,41,7.2,199211220PHO-PHO,199211220PHO-CHI,PHO-1993,0,1993,295.2,34.154545454545456,majerda01-1993
barklch01,37,2.6,199211220PHO-PHO,199211220PHO-CHI,PHO-1993,0,1993,96.2,34.154545454545456,barklch01-1993
johnske02,35,-0.6,199211220PHO-PHO,199211220PHO-CHI,PHO-1993,0,1993,-21,34.154545454545456,johnske02-1993
cebalce01,28,-2.3,199211220PHO-PHO,199211220PHO-CHI,PHO-1993,0,1993,-64.39999999999999,34.154545454545456,cebalce01-1993
milleol01,25,3.3,199211220PHO-PHO,199211220PHO-CHI,PHO-1993,0,1993,82.5,34.154545454545456,milleol01-1993
johnsfr01,20,1.7,199211220PHO-PHO,199211220PHO-CHI,PHO-1993,0,1993,34,34.154545454545456,johnsfr01-1993
chambto01,18,-1.2,199211220PHO-PHO,199211220PHO-CHI,PHO-1993,0,1993,-21.599999999999998,34.154545454545456,chambto01-1993
westma01,14,0.8,199211220PHO-PHO,199211220PHO-CHI,PHO-1993,0,1993,11.200000000000001,34.154545454545456,westma01-1993
aingeda01,10,-2.2,199211220PHO-PHO,199211220PHO-CHI,PHO-1993,0,1993,-22,34.154545454545456,aingeda01-1993
stivral01,8,-1.5,199211220PHO-PHO,199211220PHO-CHI,PHO-1993,0,1993,-12,34.154545454545456,stivral01-1993
kemptti01,4,-0.6,199211220PHO-PHO,199211220PHO-CHI,PHO-1993,0,1993,-2.4,34.154545454545456,kemptti01-1993
barklch01,44,11.9,199211250PHO-PHO,199211250PHO-POR,PHO-1993,1,1993,523.6,89.02727272727273,barklch01-1993
johnske02,41,2.3,199211250PHO-PHO,199211250PHO-POR,PHO-1993,1,1993,94.3,89.02727272727273,johnske02-1993
majerda01,40,5.1,199211250PHO-PHO,199211250PHO-POR,PHO-1993,1,1993,204,89.02727272727273,majerda01-1993
chambto01,33,3.5,199211250PHO-PHO,199211250PHO-POR,PHO-1993,1,1993,115.5,89.02727272727273,chambto01-1993
westma01,25,0,199211250PHO-PHO,199211250PHO-POR,PHO-1993,1,1993,0,89.02727272727273,westma01-1993
aingeda01,23,4.2,199211250PHO-PHO,199211250PHO-POR,PHO-1993,1,1993,96.60000000000001,89.02727272727273,aingeda01-1993
cebalce01,15,-1.4,199211250PHO-PHO,199211250PHO-POR,PHO-1993,1,1993,-21,89.02727272727273,cebalce01-1993
knighne01,7,-2.6,199211250PHO-PHO,199211250PHO-POR,PHO-1993,1,1993,-18.2,89.02727272727273,knighne01-1993
milleol01,6,1,199211250PHO-PHO,199211250PHO-POR,PHO-1993,1,1993,6,89.02727272727273,milleol01-1993
mustaje01,5,-4.3,199211250PHO-PHO,199211250PHO-POR,PHO-1993,1,1993,-21.5,89.02727272727273,mustaje01-1993
johnsfr01,1,0,199211250PHO-PHO,199211250PHO-POR,PHO-1993,1,1993,0,89.02727272727273,johnsfr01-1993
barklch01,42,14.5,199211270PHO-PHO,199211270PHO-GSW,PHO-1993,1,1993,609,56.945454545454545,barklch01-1993
majerda01,36,-7.8,199211270PHO-PHO,199211270PHO-GSW,PHO-1993,1,1993,-280.8,56.945454545454545,majerda01-1993
chambto01,30,-1.4,199211270PHO-PHO,199211270PHO-GSW,PHO-1993,1,1993,-42,56.945454545454545,chambto01-1993
johnsfr01,27,2.4,199211270PHO-PHO,199211270PHO-GSW,PHO-1993,1,1993,64.8,56.945454545454545,johnsfr01-1993
aingeda01,24,5.7,199211270PHO-PHO,199211270PHO-GSW,PHO-1993,1,1993,136.8,56.945454545454545,aingeda01-1993
johnske02,23,-0.2,199211270PHO-PHO,199211270PHO-GSW,PHO-1993,1,1993,-4.6000000000000005,56.945454545454545,johnske02-1993
westma01,21,1.9,199211270PHO-PHO,199211270PHO-GSW,PHO-1993,1,1993,39.9,56.945454545454545,westma01-1993
mustaje01,18,1.4,199211270PHO-PHO,199211270PHO-GSW,PHO-1993,1,1993,25.2,56.945454545454545,mustaje01-1993
milleol01,16,4.9,199211270PHO-PHO,199211270PHO-GSW,PHO-1993,1,1993,78.4,56.945454545454545,milleol01-1993
cebalce01,2,-0.1,199211270PHO-PHO,199211270PHO-GSW,PHO-1993,1,1993,-0.2,56.945454545454545,cebalce01-1993
knighne01,1,-0.1,199211270PHO-PHO,199211270PHO-GSW,PHO-1993,1,1993,-0.1,56.945454545454545,knighne01-1993
mullich01,43,6.5,199211280GSW-GSW,199211280GSW-PHO,GSW-1993,1,1993,279.5,56.009090909090915,mullich01-1993
hardati01,39,5.4,199211280GSW-GSW,199211280GSW-PHO,GSW-1993,1,1993,210.60000000000002,56.009090909090915,hardati01-1993
owensbi01,36,1,199211280GSW-GSW,199211280GSW-PHO,GSW-1993,1,1993,36,56.009090909090915,owensbi01-1993
hillty01,27,5.7,199211280GSW-GSW,199211280GSW-PHO,GSW-1993,1,1993,153.9,56.009090909090915,hillty01-1993
buechju01,19,1.6,199211280GSW-GSW,199211280GSW-PHO,GSW-1993,1,1993,30.400000000000002,56.009090909090915,buechju01-1993
houstby01,19,-4.6,199211280GSW-GSW,199211280GSW-PHO,GSW-1993,1,1993,-87.39999999999999,56.009090909090915,houstby01-1993
nealyed01,14,3.1,199211280GSW-GSW,199211280GSW-PHO,GSW-1993,1,1993,43.4,56.009090909090915,nealyed01-1993
alexavi01,13,-3.2,199211280GSW-GSW,199211280GSW-PHO,GSW-1993,1,1993,-41.6,56.009090909090915,alexavi01-1993
presspa01,12,2.7,199211280GSW-GSW,199211280GSW-PHO,GSW-1993,1,1993,32.400000000000006,56.009090909090915,presspa01-1993
grayeje01,11,-3.1,199211280GSW-GSW,199211280GSW-PHO,GSW-1993,1,1993,-34.1,56.009090909090915,grayeje01-1993
listeal01,7,-1,199211280GSW-GSW,199211280GSW-PHO,GSW-1993,1,1993,-7,56.009090909090915,listeal01-1993
majerda01,37,-1.2,199212010PHO-PHO,199212010PHO-CHH,PHO-1993,1,1993,-44.4,44.225,majerda01-1993
barklch01,36,4.4,199212010PHO-PHO,199212010PHO-CHH,PHO-1993,1,1993,158.4,44.225,barklch01-1993
knighne01,31,0.3,199212010PHO-PHO,199212010PHO-CHH,PHO-1993,1,1993,9.299999999999999,44.225,knighne01-1993
chambto01,30,2.5,199212010PHO-PHO,199212010PHO-CHH,PHO-1993,1,1993,75,44.225,chambto01-1993
aingeda01,23,5.2,199212010PHO-PHO,199212010PHO-CHH,PHO-1993,1,1993,119.60000000000001,44.225,aingeda01-1993
cebalce01,22,4.3,199212010PHO-PHO,199212010PHO-CHH,PHO-1993,1,1993,94.6,44.225,cebalce01-1993
mustaje01,21,4.9,199212010PHO-PHO,199212010PHO-CHH,PHO-1993,1,1993,102.9,44.225,mustaje01-1993
johnsfr01,16,2.5,199212010PHO-PHO,199212010PHO-CHH,PHO-1993,1,1993,40,44.225,johnsfr01-1993
westma01,13,-2.6,199212010PHO-PHO,199212010PHO-CHH,PHO-1993,1,1993,-33.800000000000004,44.225,westma01-1993
milleol01,9,1,199212010PHO-PHO,199212010PHO-CHH,PHO-1993,1,1993,9,44.225,milleol01-1993
kemptti01,1,-0.1,199212010PHO-PHO,199212010PHO-CHH,PHO-1993,1,1993,-0.1,44.225,kemptti01-1993
stivral01,1,0.2,199212010PHO-PHO,199212010PHO-CHH,PHO-1993,1,1993,0.2,44.225,stivral01-1993
barklch01,38,1,199212040PHO-PHO,199212040PHO-LAL,PHO-1993,1,1993,38,47.980000000000004,barklch01-1993
majerda01,34,-0.9,199212040PHO-PHO,199212040PHO-LAL,PHO-1993,1,1993,-30.6,47.980000000000004,majerda01-1993
aingeda01,33,4.5,199212040PHO-PHO,199212040PHO-LAL,PHO-1993,1,1993,148.5,47.980000000000004,aingeda01-1993
knighne01,24,-2.6,199212040PHO-PHO,199212040PHO-LAL,PHO-1993,1,1993,-62.400000000000006,47.980000000000004,knighne01-1993
johnsfr01,24,4.7,199212040PHO-PHO,199212040PHO-LAL,PHO-1993,1,1993,112.80000000000001,47.980000000000004,johnsfr01-1993
milleol01,24,8.9,199212040PHO-PHO,199212040PHO-LAL,PHO-1993,1,1993,213.60000000000002,47.980000000000004,milleol01-1993
chambto01,23,0.8,199212040PHO-PHO,199212040PHO-LAL,PHO-1993,1,1993,18.400000000000002,47.980000000000004,chambto01-1993
westma01,21,2.9,199212040PHO-PHO,199212040PHO-LAL,PHO-1993,1,1993,60.9,47.980000000000004,westma01-1993
mustaje01,15,-1,199212040PHO-PHO,199212040PHO-LAL,PHO-1993,1,1993,-15,47.980000000000004,mustaje01-1993
cebalce01,4,-1.1,199212040PHO-PHO,199212040PHO-LAL,PHO-1993,1,1993,-4.4,47.980000000000004,cebalce01-1993
aventan01,37,0.4,199212060MIL-MIL,199212060MIL-PHO,MIL-1993,0,1993,14.8,4.063636363636364,aventan01-1993
edwarbl01,29,2.4,199212060MIL-MIL,199212060MIL-PHO,MIL-1993,0,1993,69.6,4.063636363636364,edwarbl01-1993
roberal01,29,0.2,199212060MIL-MIL,199212060MIL-PHO,MIL-1993,0,1993,5.800000000000001,4.063636363636364,roberal01-1993
maybele01,28,0.3,199212060MIL-MIL,199212060MIL-PHO,MIL-1993,0,1993,8.4,4.063636363636364,maybele01-1993
brickfr01,27,-5.6,199212060MIL-MIL,199212060MIL-PHO,MIL-1993,0,1993,-151.2,4.063636363636364,brickfr01-1993
lohaubr01,21,1.1,199212060MIL-MIL,199212060MIL-PHO,MIL-1993,0,1993,23.1,4.063636363636364,lohaubr01-1993
murdoer01,20,2.4,199212060MIL-MIL,199212060MIL-PHO,MIL-1993,0,1993,48,4.063636363636364,murdoer01-1993
dayto01,20,0.4,199212060MIL-MIL,199212060MIL-PHO,MIL-1993,0,1993,8,4.063636363636364,dayto01-1993
roberfr01,13,1.8,199212060MIL-MIL,199212060MIL-PHO,MIL-1993,0,1993,23.400000000000002,4.063636363636364,roberfr01-1993
schayda01,12,-0.4,199212060MIL-MIL,199212060MIL-PHO,MIL-1993,0,1993,-4.800000000000001,4.063636363636364,schayda01-1993
pullaan01,4,-0.1,199212060MIL-MIL,199212060MIL-PHO,MIL-1993,0,1993,-0.4,4.063636363636364,pullaan01-1993
anderke01,42,6.7,199212080NJN-NJN,199212080NJN-PHO,NJN-1993,0,1993,281.40000000000003,41.2,anderke01-1993
morrich01,39,5,199212080NJN-NJN,199212080NJN-PHO,NJN-1993,0,1993,195,41.2,morrich01-1993
petrodr01,36,-2,199212080NJN-NJN,199212080NJN-PHO,NJN-1993,0,1993,-72,41.2,petrodr01-1993
mahorri01,28,-4.1,199212080NJN-NJN,199212080NJN-PHO,NJN-1993,0,1993,-114.79999999999998,41.2,mahorri01-1993
dudlech02,26,2.3,199212080NJN-NJN,199212080NJN-PHO,NJN-1993,0,1993,59.8,41.2,dudlech02-1993
bowiesa01,24,0.5,199212080NJN-NJN,199212080NJN-PHO,NJN-1993,0,1993,12,41.2,bowiesa01-1993
brownch01,23,3.6,199212080NJN-NJN,199212080NJN-PHO,NJN-1993,0,1993,82.8,41.2,brownch01-1993
robinru01,11,-1,199212080NJN-NJN,199212080NJN-PHO,NJN-1993,0,1993,-11,41.2,robinru01-1993
georgta01,7,-2.4,199212080NJN-NJN,199212080NJN-PHO,NJN-1993,0,1993,-16.8,41.2,georgta01-1993
addisra01,4,-1.1,199212080NJN-NJN,199212080NJN-PHO,NJN-1993,0,1993,-4.4,41.2,addisra01-1993
johnsla02,45,3.4,199212090CHH-CHH,199212090CHH-PHO,CHH-1993,0,1993,153,34,johnsla02-1993
boguemu01,40,5.7,199212090CHH-CHH,199212090CHH-PHO,CHH-1993,0,1993,228,34,boguemu01-1993
gillke01,40,-5.6,199212090CHH-CHH,199212090CHH-PHO,CHH-1993,0,1993,-224,34,gillke01-1993
mournal01,31,2.5,199212090CHH-CHH,199212090CHH-PHO,CHH-1993,0,1993,77.5,34,mournal01-1993
wingada01,27,2.5,199212090CHH-CHH,199212090CHH-PHO,CHH-1993,0,1993,67.5,34,wingada01-1993
curryde01,24,4.4,199212090CHH-CHH,199212090CHH-PHO,CHH-1993,0,1993,105.60000000000001,34,curryde01-1993
gattike01,18,-6.2,199212090CHH-CHH,199212090CHH-PHO,CHH-1993,0,1993,-111.60000000000001,34,gattike01-1993
gminsmi01,10,1,199212090CHH-CHH,199212090CHH-PHO,CHH-1993,0,1993,10,34,gminsmi01-1993
benneto01,5,0,199212090CHH-CHH,199212090CHH-PHO,CHH-1993,0,1993,0,34,benneto01-1993
onealsh01,38,3.6,199212110ORL-ORL,199212110ORL-PHO,ORL-1993,0,1993,136.8,41.88888888888889,onealsh01-1993
scottde01,37,-2.3,199212110ORL-ORL,199212110ORL-PHO,ORL-1993,0,1993,-85.1,41.88888888888889,scottde01-1993
anderni01,36,6,199212110ORL-ORL,199212110ORL-PHO,ORL-1993,0,1993,216,41.88888888888889,anderni01-1993
skilesc01,36,0.6,199212110ORL-ORL,199212110ORL-PHO,ORL-1993,0,1993,21.599999999999998,41.88888888888889,skilesc01-1993
tolbeto01,25,1.1,199212110ORL-ORL,199212110ORL-PHO,ORL-1993,0,1993,27.500000000000004,41.88888888888889,tolbeto01-1993
royaldo01,21,4,199212110ORL-ORL,199212110ORL-PHO,ORL-1993,0,1993,84,41.88888888888889,royaldo01-1993
turneje01,20,-2.9,199212110ORL-ORL,199212110ORL-PHO,ORL-1993,0,1993,-58,41.88888888888889,turneje01-1993
bowiean01,15,-2.2,199212110ORL-ORL,199212110ORL-PHO,ORL-1993,0,1993,-33,41.88888888888889,bowiean01-1993
greenli01,12,5.6,199212110ORL-ORL,199212110ORL-PHO,ORL-1993,0,1993,67.19999999999999,41.88888888888889,greenli01-1993
longgr01,40,-3.4,199212120MIA-MIA,199212120MIA-PHO,MIA-1993,0,1993,-136,37.29090909090909,longgr01-1993
colesbi01,36,10.6,199212120MIA-MIA,199212120MIA-PHO,MIA-1993,0,1993,381.59999999999997,37.29090909090909,colesbi01-1993
seikaro01,35,0.2,199212120MIA-MIA,199212120MIA-PHO,MIA-1993,0,1993,7,37.29090909090909,seikaro01-1993
ricegl01,29,1.7,199212120MIA-MIA,199212120MIA-PHO,MIA-1993,0,1993,49.3,37.29090909090909,ricegl01-1993
burtowi01,28,3.9,199212120MIA-MIA,199212120MIA-PHO,MIA-1993,0,1993,109.2,37.29090909090909,burtowi01-1993
sallejo01,23,4.7,199212120MIA-MIA,199212120MIA-PHO,MIA-1993,0,1993,108.10000000000001,37.29090909090909,sallejo01-1993
shawbr01,22,-3.8,199212120MIA-MIA,199212120MIA-PHO,MIA-1993,0,1993,-83.6,37.29090909090909,shawbr01-1993
edwarke01,19,-0.9,199212120MIA-MIA,199212120MIA-PHO,MIA-1993,0,1993,-17.1,37.29090909090909,edwarke01-1993
minerha01,4,-0.9,199212120MIA-MIA,199212120MIA-PHO,MIA-1993,0,1993,-3.6,37.29090909090909,minerha01-1993
geigema01,3,-1.2,199212120MIA-MIA,199212120MIA-PHO,MIA-1993,0,1993,-3.5999999999999996,37.29090909090909,geigema01-1993
askinke01,1,-1.1,199212120MIA-MIA,199212120MIA-PHO,MIA-1993,0,1993,-1.1,37.29090909090909,askinke01-1993
majerda01,42,4.3,199212150PHO-PHO,199212150PHO-WSB,PHO-1993,1,1993,180.6,81.62727272727273,majerda01-1993
barklch01,36,11.7,199212150PHO-PHO,199212150PHO-WSB,PHO-1993,1,1993,421.2,81.62727272727273,barklch01-1993
johnsfr01,33,4,199212150PHO-PHO,199212150PHO-WSB,PHO-1993,1,1993,132,81.62727272727273,johnsfr01-1993
aingeda01,29,9.3,199212150PHO-PHO,199212150PHO-WSB,PHO-1993,1,1993,269.70000000000005,81.62727272727273,aingeda01-1993
cebalce01,26,-0.9,199212150PHO-PHO,199212150PHO-WSB,PHO-1993,1,1993,-23.400000000000002,81.62727272727273,cebalce01-1993
westma01,26,-1.4,199212150PHO-PHO,199212150PHO-WSB,PHO-1993,1,1993,-36.4,81.62727272727273,westma01-1993
chambto01,24,0.9,199212150PHO-PHO,199212150PHO-WSB,PHO-1993,1,1993,21.6,81.62727272727273,chambto01-1993
knighne01,11,-3.5,199212150PHO-PHO,199212150PHO-WSB,PHO-1993,1,1993,-38.5,81.62727272727273,knighne01-1993
mustaje01,8,-2.3,199212150PHO-PHO,199212150PHO-WSB,PHO-1993,1,1993,-18.4,81.62727272727273,mustaje01-1993
stivral01,3,-2.7,199212150PHO-PHO,199212150PHO-WSB,PHO-1993,1,1993,-8.100000000000001,81.62727272727273,stivral01-1993
kemptti01,2,-1.2,199212150PHO-PHO,199212150PHO-WSB,PHO-1993,1,1993,-2.4,81.62727272727273,kemptti01-1993
threase01,36,8.7,199212180LAL-LAL,199212180LAL-PHO,LAL-1993,0,1993,313.2,23.063636363636363,threase01-1993
peelean01,34,1.5,199212180LAL-LAL,199212180LAL-PHO,LAL-1993,0,1993,51,23.063636363636363,peelean01-1993
campbel01,27,1.9,199212180LAL-LAL,199212180LAL-PHO,LAL-1993,0,1993,51.3,23.063636363636363,campbel01-1993
smithto02,26,1.6,199212180LAL-LAL,199212180LAL-PHO,LAL-1993,0,1993,41.6,23.063636363636363,smithto02-1993
perkisa01,25,-2.6,199212180LAL-LAL,199212180LAL-PHO,LAL-1993,0,1993,-65,23.063636363636363,perkisa01-1993
greenac01,25,-1.5,199212180LAL-LAL,199212180LAL-PHO,LAL-1993,0,1993,-37.5,23.063636363636363,greenac01-1993
divacvl01,22,-3.2,199212180LAL-LAL,199212180LAL-PHO,LAL-1993,0,1993,-70.4,23.063636363636363,divacvl01-1993
worthja01,22,-1,199212180LAL-LAL,199212180LAL-PHO,LAL-1993,0,1993,-22,23.063636363636363,worthja01-1993
edwarja01,16,0.6,199212180LAL-LAL,199212180LAL-PHO,LAL-1993,0,1993,9.6,23.063636363636363,edwarja01-1993
coopedu01,6,-2.9,199212180LAL-LAL,199212180LAL-PHO,LAL-1993,0,1993,-17.4,23.063636363636363,coopedu01-1993
blackal01,1,-0.7,199212180LAL-LAL,199212180LAL-PHO,LAL-1993,0,1993,-0.7,23.063636363636363,blackal01-1993
majerda01,45,7.6,199212220PHO-PHO,199212220PHO-GSW,PHO-1993,1,1993,342,97.36666666666666,majerda01-1993
barklch01,40,16.9,199212220PHO-PHO,199212220PHO-GSW,PHO-1993,1,1993,676,97.36666666666666,barklch01-1993
cebalce01,30,3.8,199212220PHO-PHO,199212220PHO-GSW,PHO-1993,1,1993,114,97.36666666666666,cebalce01-1993
aingeda01,30,0.8,199212220PHO-PHO,199212220PHO-GSW,PHO-1993,1,1993,24,97.36666666666666,aingeda01-1993
westma01,28,-5.5,199212220PHO-PHO,199212220PHO-GSW,PHO-1993,1,1993,-154,97.36666666666666,westma01-1993
knighne01,19,-1.9,199212220PHO-PHO,199212220PHO-GSW,PHO-1993,1,1993,-36.1,97.36666666666666,knighne01-1993
chambto01,18,-0.2,199212220PHO-PHO,199212220PHO-GSW,PHO-1993,1,1993,-3.6,97.36666666666666,chambto01-1993
johnsfr01,16,-1.7,199212220PHO-PHO,199212220PHO-GSW,PHO-1993,1,1993,-27.2,97.36666666666666,johnsfr01-1993
dumasri02,14,-4.2,199212220PHO-PHO,199212220PHO-GSW,PHO-1993,1,1993,-58.800000000000004,97.36666666666666,dumasri02-1993
ellisla01,37,-3.1,199212230DEN-DEN,199212230DEN-PHO,DEN-1993,0,1993,-114.7,18.427272727272726,ellisla01-1993
maconma01,36,5.8,199212230DEN-DEN,199212230DEN-PHO,DEN-1993,0,1993,208.79999999999998,18.427272727272726,maconma01-1993
mutomdi01,36,0.9,199212230DEN-DEN,199212230DEN-PHO,DEN-1993,0,1993,32.4,18.427272727272726,mutomdi01-1993
willire01,35,3.6,199212230DEN-DEN,199212230DEN-PHO,DEN-1993,0,1993,126,18.427272727272726,willire01-1993
abdulma02,33,2.3,199212230DEN-DEN,199212230DEN-PHO,DEN-1993,0,1993,75.89999999999999,18.427272727272726,abdulma02-1993
packro01,18,-4.9,199212230DEN-DEN,199212230DEN-PHO,DEN-1993,0,1993,-88.2,18.427272727272726,packro01-1993
plummga01,18,-1.8,199212230DEN-DEN,199212230DEN-PHO,DEN-1993,0,1993,-32.4,18.427272727272726,plummga01-1993
brookke01,12,1.2,199212230DEN-DEN,199212230DEN-PHO,DEN-1993,0,1993,14.399999999999999,18.427272727272726,brookke01-1993
lichtto01,7,-2.6,199212230DEN-DEN,199212230DEN-PHO,DEN-1993,0,1993,-18.2,18.427272727272726,lichtto01-1993
werdaro01,5,0.7,199212230DEN-DEN,199212230DEN-PHO,DEN-1993,0,1993,3.5,18.427272727272726,werdaro01-1993
liberma01,3,-1.6,199212230DEN-DEN,199212230DEN-PHO,DEN-1993,0,1993,-4.800000000000001,18.427272727272726,liberma01-1993
barklch01,45,6.5,199212260PHO-PHO,199212260PHO-SEA,PHO-1993,1,1993,292.5,57.31,barklch01-1993
majerda01,42,1.6,199212260PHO-PHO,199212260PHO-SEA,PHO-1993,1,1993,67.2,57.31,majerda01-1993
aingeda01,27,-1.9,199212260PHO-PHO,199212260PHO-SEA,PHO-1993,1,1993,-51.3,57.31,aingeda01-1993
cebalce01,25,1.8,199212260PHO-PHO,199212260PHO-SEA,PHO-1993,1,1993,45,57.31,cebalce01-1993
knighne01,24,2.8,199212260PHO-PHO,199212260PHO-SEA,PHO-1993,1,1993,67.19999999999999,57.31,knighne01-1993
chambto01,23,0.5,199212260PHO-PHO,199212260PHO-SEA,PHO-1993,1,1993,11.5,57.31,chambto01-1993
dumasri02,21,9.1,199212260PHO-PHO,199212260PHO-SEA,PHO-1993,1,1993,191.1,57.31,dumasri02-1993
johnske02,15,-6.1,199212260PHO-PHO,199212260PHO-SEA,PHO-1993,1,1993,-91.5,57.31,johnske02-1993
westma01,9,3,199212260PHO-PHO,199212260PHO-SEA,PHO-1993,1,1993,27,57.31,westma01-1993
johnsfr01,9,1.6,199212260PHO-PHO,199212260PHO-SEA,PHO-1993,1,1993,14.4,57.31,johnsfr01-1993
cebalce01,29,0.7,199212270PHO-PHO,199212270PHO-DEN,PHO-1993,1,1993,20.299999999999997,61.675000000000004,cebalce01-1993
dumasri02,27,10.8,199212270PHO-PHO,199212270PHO-DEN,PHO-1993,1,1993,291.6,61.675000000000004,dumasri02-1993
johnske02,27,7,199212270PHO-PHO,199212270PHO-DEN,PHO-1993,1,1993,189,61.675000000000004,johnske02-1993
barklch01,25,6.6,199212270PHO-PHO,199212270PHO-DEN,PHO-1993,1,1993,165,61.675000000000004,barklch01-1993
westma01,25,1,199212270PHO-PHO,199212270PHO-DEN,PHO-1993,1,1993,25,61.675000000000004,westma01-1993
majerda01,24,3.2,199212270PHO-PHO,199212270PHO-DEN,PHO-1993,1,1993,76.80000000000001,61.675000000000004,majerda01-1993
aingeda01,23,-0.6,199212270PHO-PHO,199212270PHO-DEN,PHO-1993,1,1993,-13.799999999999999,61.675000000000004,aingeda01-1993
chambto01,21,-3.7,199212270PHO-PHO,199212270PHO-DEN,PHO-1993,1,1993,-77.7,61.675000000000004,chambto01-1993
knighne01,18,1.6,199212270PHO-PHO,199212270PHO-DEN,PHO-1993,1,1993,28.8,61.675000000000004,knighne01-1993
kemptti01,12,0.9,199212270PHO-PHO,199212270PHO-DEN,PHO-1993,1,1993,10.8,61.675000000000004,kemptti01-1993
mustaje01,6,3.6,199212270PHO-PHO,199212270PHO-DEN,PHO-1993,1,1993,21.6,61.675000000000004,mustaje01-1993
johnsfr01,3,0.9,199212270PHO-PHO,199212270PHO-DEN,PHO-1993,1,1993,2.7,61.675000000000004,johnsfr01-1993
majerda01,40,4.8,199212300PHO-PHO,199212300PHO-HOU,PHO-1993,1,1993,192,90.01818181818182,majerda01-1993
johnske02,36,8.4,199212300PHO-PHO,199212300PHO-HOU,PHO-1993,1,1993,302.40000000000003,90.01818181818182,johnske02-1993
barklch01,35,11,199212300PHO-PHO,199212300PHO-HOU,PHO-1993,1,1993,385,90.01818181818182,barklch01-1993
dumasri02,27,2.3,199212300PHO-PHO,199212300PHO-HOU,PHO-1993,1,1993,62.099999999999994,90.01818181818182,dumasri02-1993
chambto01,24,1.3,199212300PHO-PHO,199212300PHO-HOU,PHO-1993,1,1993,31.200000000000003,90.01818181818182,chambto01-1993
aingeda01,22,4,199212300PHO-PHO,199212300PHO-HOU,PHO-1993,1,1993,88,90.01818181818182,aingeda01-1993
cebalce01,18,-2.9,199212300PHO-PHO,199212300PHO-HOU,PHO-1993,1,1993,-52.199999999999996,90.01818181818182,cebalce01-1993
westma01,15,-2.9,199212300PHO-PHO,199212300PHO-HOU,PHO-1993,1,1993,-43.5,90.01818181818182,westma01-1993
johnsfr01,12,1.2,199212300PHO-PHO,199212300PHO-HOU,PHO-1993,1,1993,14.399999999999999,90.01818181818182,johnsfr01-1993
milleol01,7,2,199212300PHO-PHO,199212300PHO-HOU,PHO-1993,1,1993,14,90.01818181818182,milleol01-1993
mustaje01,4,-0.8,199212300PHO-PHO,199212300PHO-HOU,PHO-1993,1,1993,-3.2,90.01818181818182,mustaje01-1993
elliose01,50,7.6,199301030SAS-SAS,199301030SAS-PHO,SAS-1993,1,1993,380,101.66,elliose01-1993
ellisda01,49,3.8,199301030SAS-SAS,199301030SAS-PHO,SAS-1993,1,1993,186.2,101.66,ellisda01-1993
robinda01,47,8.3,199301030SAS-SAS,199301030SAS-PHO,SAS-1993,1,1993,390.1,101.66,robinda01-1993
reidjr01,41,0.3,199301030SAS-SAS,199301030SAS-PHO,SAS-1993,1,1993,12.299999999999999,101.66,reidjr01-1993
johnsav01,24,-1.6,199301030SAS-SAS,199301030SAS-PHO,SAS-1993,1,1993,-38.400000000000006,101.66,johnsav01-1993
delnevi01,22,7,199301030SAS-SAS,199301030SAS-PHO,SAS-1993,1,1993,154,101.66,delnevi01-1993
carran01,12,-2.3,199301030SAS-SAS,199301030SAS-PHO,SAS-1993,1,1993,-27.599999999999998,101.66,carran01-1993
daniell01,10,-3.4,199301030SAS-SAS,199301030SAS-PHO,SAS-1993,1,1993,-34,101.66,daniell01-1993
smithla01,7,-0.3,199301030SAS-SAS,199301030SAS-PHO,SAS-1993,1,1993,-2.1,101.66,smithla01-1993
macksa01,3,-1.3,199301030SAS-SAS,199301030SAS-PHO,SAS-1993,1,1993,-3.9000000000000004,101.66,macksa01-1993
thorpot01,42,4.8,199301050HOU-HOU,199301050HOU-PHO,HOU-1993,0,1993,201.6,71.27,thorpot01-1993
olajuha01,39,6.3,199301050HOU-HOU,199301050HOU-PHO,HOU-1993,0,1993,245.7,71.27,olajuha01-1993
smithke01,36,6.6,199301050HOU-HOU,199301050HOU-PHO,HOU-1993,0,1993,237.6,71.27,smithke01-1993
horryro01,35,3.4,199301050HOU-HOU,199301050HOU-PHO,HOU-1993,0,1993,119,71.27,horryro01-1993
maxweve01,29,-0.6,199301050HOU-HOU,199301050HOU-PHO,HOU-1993,0,1993,-17.4,71.27,maxweve01-1993
floydsl01,19,-2.2,199301050HOU-HOU,199301050HOU-PHO,HOU-1993,0,1993,-41.800000000000004,71.27,floydsl01-1993
brooksc01,18,0.5,199301050HOU-HOU,199301050HOU-PHO,HOU-1993,0,1993,9,71.27,brooksc01-1993
herreca01,17,-2.1,199301050HOU-HOU,199301050HOU-PHO,HOU-1993,0,1993,-35.7,71.27,herreca01-1993
winchke01,4,-1.3,199301050HOU-HOU,199301050HOU-PHO,HOU-1993,0,1993,-5.2,71.27,winchke01-1993
bullama01,1,-0.1,199301050HOU-HOU,199301050HOU-PHO,HOU-1993,0,1993,-0.1,71.27,bullama01-1993
harpede01,46,9,199301070DAL-DAL,199301070DAL-PHO,DAL-1993,0,1993,414,27.699999999999996,harpede01-1993
daviste01,39,-0.1,199301070DAL-DAL,199301070DAL-PHO,DAL-1993,0,1993,-3.9000000000000004,27.699999999999996,daviste01-1993
howarbr01,31,0.3,199301070DAL-DAL,199301070DAL-PHO,DAL-1993,0,1993,9.299999999999999,27.699999999999996,howarbr01-1993
rooksse01,31,-4.2,199301070DAL-DAL,199301070DAL-PHO,DAL-1993,0,1993,-130.20000000000002,27.699999999999996,rooksse01-1993
bondwa01,26,-0.7,199301070DAL-DAL,199301070DAL-PHO,DAL-1993,0,1993,-18.2,27.699999999999996,bondwa01-1993
iuzzomi01,25,-0.1,199301070DAL-DAL,199301070DAL-PHO,DAL-1993,0,1993,-2.5,27.699999999999996,iuzzomi01-1993
whitera01,17,4.1,199301070DAL-DAL,199301070DAL-PHO,DAL-1993,0,1993,69.69999999999999,27.699999999999996,whitera01-1993
smithdo03,14,-1.2,199301070DAL-DAL,199301070DAL-PHO,DAL-1993,0,1993,-16.8,27.699999999999996,smithdo03-1993
cambrde01,5,-2.6,199301070DAL-DAL,199301070DAL-PHO,DAL-1993,0,1993,-13,27.699999999999996,cambrde01-1993
hodgedo01,5,-0.7,199301070DAL-DAL,199301070DAL-PHO,DAL-1993,0,1993,-3.5,27.699999999999996,hodgedo01-1993
mooretr01,1,-0.2,199301070DAL-DAL,199301070DAL-PHO,DAL-1993,0,1993,-0.2,27.699999999999996,mooretr01-1993
mckeyde01,38,11.2,199301120SEA-SEA,199301120SEA-PHO,SEA-1993,1,1993,425.59999999999997,71.78181818181818,mckeyde01-1993
paytoga01,32,1.3,199301120SEA-SEA,199301120SEA-PHO,SEA-1993,1,1993,41.6,71.78181818181818,paytoga01-1993
piercri01,31,6.7,199301120SEA-SEA,199301120SEA-PHO,SEA-1993,1,1993,207.70000000000002,71.78181818181818,piercri01-1993
kempsh01,27,0.6,199301120SEA-SEA,199301120SEA-PHO,SEA-1993,1,1993,16.2,71.78181818181818,kempsh01-1993
mcmilna01,26,0.2,199301120SEA-SEA,199301120SEA-PHO,SEA-1993,1,1993,5.2,71.78181818181818,mcmilna01-1993
cagemi01,23,-1.1,199301120SEA-SEA,199301120SEA-PHO,SEA-1993,1,1993,-25.3,71.78181818181818,cagemi01-1993
johnsed03,20,5.8,199301120SEA-SEA,199301120SEA-PHO,SEA-1993,1,1993,116,71.78181818181818,johnsed03-1993
askewvi01,18,3,199301120SEA-SEA,199301120SEA-PHO,SEA-1993,1,1993,54,71.78181818181818,askewvi01-1993
barroda01,14,-4,199301120SEA-SEA,199301120SEA-PHO,SEA-1993,1,1993,-56,71.78181818181818,barroda01-1993
benjabe01,7,-0.2,199301120SEA-SEA,199301120SEA-PHO,SEA-1993,1,1993,-1.4000000000000001,71.78181818181818,benjabe01-1993
paddige01,4,1.5,199301120SEA-SEA,199301120SEA-PHO,SEA-1993,1,1993,6,71.78181818181818,paddige01-1993
simmoli01,42,-1.4,199301140SAC-SAC,199301140SAC-PHO,SAC-1993,0,1993,-58.8,23.972727272727276,simmoli01-1993
tisdawa01,41,2.2,199301140SAC-SAC,199301140SAC-PHO,SAC-1993,0,1993,90.2,23.972727272727276,tisdawa01-1993
webbsp01,40,3.3,199301140SAC-SAC,199301140SAC-PHO,SAC-1993,0,1993,132,23.972727272727276,webbsp01-1993
bonnean01,39,2.6,199301140SAC-SAC,199301140SAC-PHO,SAC-1993,0,1993,101.4,23.972727272727276,bonnean01-1993
richmmi01,28,-4.1,199301140SAC-SAC,199301140SAC-PHO,SAC-1993,0,1993,-114.79999999999998,23.972727272727276,richmmi01-1993
williwa02,21,5.6,199301140SAC-SAC,199301140SAC-PHO,SAC-1993,0,1993,117.6,23.972727272727276,williwa02-1993
causwdu01,14,0.7,199301140SAC-SAC,199301140SAC-PHO,SAC-1993,0,1993,9.799999999999999,23.972727272727276,causwdu01-1993
brownra02,7,-2.1,199301140SAC-SAC,199301140SAC-PHO,SAC-1993,0,1993,-14.700000000000001,23.972727272727276,brownra02-1993
rambiku01,6,0.2,199301140SAC-SAC,199301140SAC-PHO,SAC-1993,0,1993,1.2000000000000002,23.972727272727276,rambiku01-1993
conloma01,1,-0.1,199301140SAC-SAC,199301140SAC-PHO,SAC-1993,0,1993,-0.1,23.972727272727276,conloma01-1993
lesji01,1,-0.1,199301140SAC-SAC,199301140SAC-PHO,SAC-1993,0,1993,-0.1,23.972727272727276,lesji01-1993
majerda01,40,6.6,199301150PHO-PHO,199301150PHO-MIA,PHO-1993,1,1993,264,66.27,majerda01-1993
barklch01,31,9.1,199301150PHO-PHO,199301150PHO-MIA,PHO-1993,1,1993,282.09999999999997,66.27,barklch01-1993
johnske02,31,2.6,199301150PHO-PHO,199301150PHO-MIA,PHO-1993,1,1993,80.60000000000001,66.27,johnske02-1993
dumasri02,29,6.1,199301150PHO-PHO,199301150PHO-MIA,PHO-1993,1,1993,176.89999999999998,66.27,dumasri02-1993
chambto01,26,-1.9,199301150PHO-PHO,199301150PHO-MIA,PHO-1993,1,1993,-49.4,66.27,chambto01-1993
westma01,22,-0.1,199301150PHO-PHO,199301150PHO-MIA,PHO-1993,1,1993,-2.2,66.27,westma01-1993
aingeda01,19,0.6,199301150PHO-PHO,199301150PHO-MIA,PHO-1993,1,1993,11.4,66.27,aingeda01-1993
johnsfr01,17,-2.9,199301150PHO-PHO,199301150PHO-MIA,PHO-1993,1,1993,-49.3,66.27,johnsfr01-1993
milleol01,17,-2.6,199301150PHO-PHO,199301150PHO-MIA,PHO-1993,1,1993,-44.2,66.27,milleol01-1993
cebalce01,8,-0.9,199301150PHO-PHO,199301150PHO-MIA,PHO-1993,1,1993,-7.2,66.27,cebalce01-1993
blackro01,40,-3.6,199301180NYK-NYK,199301180NYK-PHO,NYK-1993,1,1993,-144,57.480000000000004,blackro01-1993
ewingpa01,35,7.3,199301180NYK-NYK,199301180NYK-PHO,NYK-1993,1,1993,255.5,57.480000000000004,ewingpa01-1993
starkjo01,33,5.7,199301180NYK-NYK,199301180NYK-PHO,NYK-1993,1,1993,188.1,57.480000000000004,starkjo01-1993
masonan01,27,2.7,199301180NYK-NYK,199301180NYK-PHO,NYK-1993,1,1993,72.9,57.480000000000004,masonan01-1993
anthogr01,26,2.4,199301180NYK-NYK,199301180NYK-PHO,NYK-1993,1,1993,62.4,57.480000000000004,anthogr01-1993
smithch01,24,1.6,199301180NYK-NYK,199301180NYK-PHO,NYK-1993,1,1993,38.400000000000006,57.480000000000004,smithch01-1993
riverdo01,22,6.2,199301180NYK-NYK,199301180NYK-PHO,NYK-1993,1,1993,136.4,57.480000000000004,riverdo01-1993
oaklech01,16,-2.8,199301180NYK-NYK,199301180NYK-PHO,NYK-1993,1,1993,-44.8,57.480000000000004,oaklech01-1993
willihe01,10,1.2,199301180NYK-NYK,199301180NYK-PHO,NYK-1993,1,1993,12,57.480000000000004,willihe01-1993
campbto01,7,-0.3,199301180NYK-NYK,199301180NYK-PHO,NYK-1993,1,1993,-2.1,57.480000000000004,campbto01-1993
daughbr01,44,3.6,199301200CLE-CLE,199301200CLE-PHO,CLE-1993,1,1993,158.4,61.31111111111111,daughbr01-1993
nancela01,43,4,199301200CLE-CLE,199301200CLE-PHO,CLE-1993,1,1993,172,61.31111111111111,nancela01-1993
pricema01,36,0.7,199301200CLE-CLE,199301200CLE-PHO,CLE-1993,1,1993,25.2,61.31111111111111,pricema01-1993
wilkige01,33,6,199301200CLE-CLE,199301200CLE-PHO,CLE-1993,1,1993,198,61.31111111111111,wilkige01-1993
ehlocr01,30,-5.9,199301200CLE-CLE,199301200CLE-PHO,CLE-1993,1,1993,-177,61.31111111111111,ehlocr01-1993
ferryda01,23,5.1,199301200CLE-CLE,199301200CLE-PHO,CLE-1993,1,1993,117.3,61.31111111111111,ferryda01-1993
battljo01,15,0.5,199301200CLE-CLE,199301200CLE-PHO,CLE-1993,1,1993,7.5,61.31111111111111,battljo01-1993
brandte01,12,4.1,199301200CLE-CLE,199301200CLE-PHO,CLE-1993,1,1993,49.199999999999996,61.31111111111111,brandte01-1993
guidija01,4,0.3,199301200CLE-CLE,199301200CLE-PHO,CLE-1993,1,1993,1.2,61.31111111111111,guidija01-1993
ellispe01,42,4.5,199301220WSB-WSB,199301220WSB-PHO,WSB-1993,0,1993,189,28.855555555555554,ellispe01-1993
grantha01,42,2.7,199301220WSB-WSB,199301220WSB-PHO,WSB-1993,0,1993,113.4,28.855555555555554,grantha01-1993
adamsmi01,37,-2.3,199301220WSB-WSB,199301220WSB-PHO,WSB-1993,0,1993,-85.1,28.855555555555554,adamsmi01-1993
johnsbu01,36,-3.7,199301220WSB-WSB,199301220WSB-PHO,WSB-1993,0,1993,-133.20000000000002,28.855555555555554,johnsbu01-1993
guglito01,31,4.3,199301220WSB-WSB,199301220WSB-PHO,WSB-1993,0,1993,133.29999999999998,28.855555555555554,guglito01-1993
stewala01,20,1.1,199301220WSB-WSB,199301220WSB-PHO,WSB-1993,0,1993,22,28.855555555555554,stewala01-1993
chapmre01,15,0.8,199301220WSB-WSB,199301220WSB-PHO,WSB-1993,0,1993,12,28.855555555555554,chapmre01-1993
pricebr01,11,0.1,199301220WSB-WSB,199301220WSB-PHO,WSB-1993,0,1993,1.1,28.855555555555554,pricebr01-1993
jonesch01,6,1.2,199301220WSB-WSB,199301220WSB-PHO,WSB-1993,0,1993,7.199999999999999,28.855555555555554,jonesch01-1993
wilkido01,37,7.1,199301230ATL-ATL,199301230ATL-PHO,ATL-1993,0,1993,262.7,12.57272727272727,wilkido01-1993
blaylmo01,36,-0.3,199301230ATL-ATL,199301230ATL-PHO,ATL-1993,0,1993,-10.799999999999999,12.57272727272727,blaylmo01-1993
willike02,34,-2.2,199301230ATL-ATL,199301230ATL-PHO,ATL-1993,0,1993,-74.80000000000001,12.57272727272727,willike02-1993
grahapa01,27,-0.2,199301230ATL-ATL,199301230ATL-PHO,ATL-1993,0,1993,-5.4,12.57272727272727,grahapa01-1993
keefead01,26,2.7,199301230ATL-ATL,199301230ATL-PHO,ATL-1993,0,1993,70.2,12.57272727272727,keefead01-1993
ferredu01,22,0.3,199301230ATL-ATL,199301230ATL-PHO,ATL-1993,0,1993,6.6,12.57272727272727,ferredu01-1993
maystr01,21,-5.6,199301230ATL-ATL,199301230ATL-PHO,ATL-1993,0,1993,-117.6,12.57272727272727,maystr01-1993
koncajo01,17,-1.6,199301230ATL-ATL,199301230ATL-PHO,ATL-1993,0,1993,-27.200000000000003,12.57272727272727,koncajo01-1993
hensost01,12,3.8,199301230ATL-ATL,199301230ATL-PHO,ATL-1993,0,1993,45.599999999999994,12.57272727272727,hensost01-1993
fostegr01,5,-2.2,199301230ATL-ATL,199301230ATL-PHO,ATL-1993,0,1993,-11,12.57272727272727,fostegr01-1993
stivral01,3,0,199301230ATL-ATL,199301230ATL-PHO,ATL-1993,0,1993,0,12.57272727272727,stivral01-1993
dumarjo01,42,8.8,199301250DET-DET,199301250DET-PHO,DET-1993,0,1993,369.6,57,dumarjo01-1993
glassge01,42,4.9,199301250DET-DET,199301250DET-PHO,DET-1993,0,1993,205.8,57,glassge01-1993
thomais01,33,-1.1,199301250DET-DET,199301250DET-PHO,DET-1993,0,1993,-36.300000000000004,57,thomais01-1993
millste01,27,0.8,199301250DET-DET,199301250DET-PHO,DET-1993,0,1993,21.6,57,millste01-1993
woolror01,24,2,199301250DET-DET,199301250DET-PHO,DET-1993,0,1993,48,57,woolror01-1993
polynol01,24,-3,199301250DET-DET,199301250DET-PHO,DET-1993,0,1993,-72,57,polynol01-1993
laimbbi01,22,0.5,199301250DET-DET,199301250DET-PHO,DET-1993,0,1993,11,57,laimbbi01-1993
youngda01,13,3.5,199301250DET-DET,199301250DET-PHO,DET-1993,0,1993,45.5,57,youngda01-1993
randama01,9,-2,199301250DET-DET,199301250DET-PHO,DET-1993,0,1993,-18,57,randama01-1993
newbeme01,4,-1.3,199301250DET-DET,199301250DET-PHO,DET-1993,0,1993,-5.2,57,newbeme01-1993
westdo01,51,-5.3,199301270MIN-MIN,199301270MIN-PHO,MIN-1993,0,1993,-270.3,36.96,westdo01-1993
persoch01,49,6.4,199301270MIN-MIN,199301270MIN-PHO,MIN-1993,0,1993,313.6,36.96,persoch01-1993
willimi02,46,0.9,199301270MIN-MIN,199301270MIN-PHO,MIN-1993,0,1993,41.4,36.96,willimi02-1993
laettch01,36,6.1,199301270MIN-MIN,199301270MIN-PHO,MIN-1993,0,1993,219.6,36.96,laettch01-1993
baileth01,26,-1.8,199301270MIN-MIN,199301270MIN-PHO,MIN-1993,0,1993,-46.800000000000004,36.96,baileth01-1993
mccanbo01,23,5,199301270MIN-MIN,199301270MIN-PHO,MIN-1993,0,1993,115,36.96,mccanbo01-1993
spencfe01,15,0,199301270MIN-MIN,199301270MIN-PHO,MIN-1993,0,1993,0,36.96,spencfe01-1993
longllu01,11,-0.7,199301270MIN-MIN,199301270MIN-PHO,MIN-1993,0,1993,-7.699999999999999,36.96,longllu01-1993
smithch03,7,0.7,199301270MIN-MIN,199301270MIN-PHO,MIN-1993,0,1993,4.8999999999999995,36.96,smithch03-1993
sellebr01,1,-0.1,199301270MIN-MIN,199301270MIN-PHO,MIN-1993,0,1993,-0.1,36.96,sellebr01-1993
majerda01,41,-0.1,199301290PHO-PHO,199301290PHO-SAS,PHO-1993,1,1993,-4.1000000000000005,71.37272727272727,majerda01-1993
barklch01,40,0.1,199301290PHO-PHO,199301290PHO-SAS,PHO-1993,1,1993,4,71.37272727272727,barklch01-1993
johnske02,35,6.6,199301290PHO-PHO,199301290PHO-SAS,PHO-1993,1,1993,231,71.37272727272727,johnske02-1993
dumasri02,28,4.1,199301290PHO-PHO,199301290PHO-SAS,PHO-1993,1,1993,114.79999999999998,71.37272727272727,dumasri02-1993
aingeda01,26,13.5,199301290PHO-PHO,199301290PHO-SAS,PHO-1993,1,1993,351,71.37272727272727,aingeda01-1993
westma01,24,2.1,199301290PHO-PHO,199301290PHO-SAS,PHO-1993,1,1993,50.400000000000006,71.37272727272727,westma01-1993
chambto01,24,1.6,199301290PHO-PHO,199301290PHO-SAS,PHO-1993,1,1993,38.400000000000006,71.37272727272727,chambto01-1993
johnsfr01,13,1.1,199301290PHO-PHO,199301290PHO-SAS,PHO-1993,1,1993,14.3,71.37272727272727,johnsfr01-1993
cebalce01,3,-2.3,199301290PHO-PHO,199301290PHO-SAS,PHO-1993,1,1993,-6.8999999999999995,71.37272727272727,cebalce01-1993
kemptti01,3,-2.4,199301290PHO-PHO,199301290PHO-SAS,PHO-1993,1,1993,-7.199999999999999,71.37272727272727,kemptti01-1993
knighne01,3,-0.2,199301290PHO-PHO,199301290PHO-SAS,PHO-1993,1,1993,-0.6000000000000001,71.37272727272727,knighne01-1993
majerda01,40,10.3,199301300PHO-PHO,199301300PHO-DAL,PHO-1993,1,1993,412,56.233333333333334,majerda01-1993
dumasri02,39,4.1,199301300PHO-PHO,199301300PHO-DAL,PHO-1993,1,1993,159.89999999999998,56.233333333333334,dumasri02-1993
johnske02,33,3.2,199301300PHO-PHO,199301300PHO-DAL,PHO-1993,1,1993,105.60000000000001,56.233333333333334,johnske02-1993
barklch01,29,0,199301300PHO-PHO,199301300PHO-DAL,PHO-1993,1,1993,0,56.233333333333334,barklch01-1993
chambto01,28,-0.4,199301300PHO-PHO,199301300PHO-DAL,PHO-1993,1,1993,-11.200000000000001,56.233333333333334,chambto01-1993
westma01,15,1.3,199301300PHO-PHO,199301300PHO-DAL,PHO-1993,1,1993,19.5,56.233333333333334,westma01-1993
aingeda01,15,-0.1,199301300PHO-PHO,199301300PHO-DAL,PHO-1993,1,1993,-1.5,56.233333333333334,aingeda01-1993
kemptti01,12,0.7,199301300PHO-PHO,199301300PHO-DAL,PHO-1993,1,1993,8.399999999999999,56.233333333333334,kemptti01-1993
johnsfr01,10,0.4,199301300PHO-PHO,199301300PHO-DAL,PHO-1993,1,1993,4,56.233333333333334,johnsfr01-1993
mustaje01,9,-1.1,199301300PHO-PHO,199301300PHO-DAL,PHO-1993,1,1993,-9.9,56.233333333333334,mustaje01-1993
cebalce01,5,0.5,199301300PHO-PHO,199301300PHO-DAL,PHO-1993,1,1993,2.5,56.233333333333334,cebalce01-1993
knighne01,5,-2.9,199301300PHO-PHO,199301300PHO-DAL,PHO-1993,1,1993,-14.5,56.233333333333334,knighne01-1993
harpero01,40,-0.1,199302020LAC-LAC,199302020LAC-PHO,LAC-1993,1,1993,-4,69.83,harpero01-1993
normake01,40,3.7,199302020LAC-LAC,199302020LAC-PHO,LAC-1993,1,1993,148,69.83,normake01-1993
jacksma01,38,10.6,199302020LAC-LAC,199302020LAC-PHO,LAC-1993,1,1993,402.8,69.83,jacksma01-1993
mannida01,34,3.3,199302020LAC-LAC,199302020LAC-PHO,LAC-1993,1,1993,112.19999999999999,69.83,mannida01-1993
grantga01,31,-0.9,199302020LAC-LAC,199302020LAC-PHO,LAC-1993,1,1993,-27.900000000000002,69.83,grantga01-1993
roberst01,29,3,199302020LAC-LAC,199302020LAC-PHO,LAC-1993,1,1993,87,69.83,roberst01-1993
willijo02,15,-0.9,199302020LAC-LAC,199302020LAC-PHO,LAC-1993,1,1993,-13.5,69.83,willijo02-1993
vaughlo01,7,-1.6,199302020LAC-LAC,199302020LAC-PHO,LAC-1993,1,1993,-11.200000000000001,69.83,vaughlo01-1993
woodsra01,5,1,199302020LAC-LAC,199302020LAC-PHO,LAC-1993,1,1993,5,69.83,woodsra01-1993
washidu01,1,-0.1,199302020LAC-LAC,199302020LAC-PHO,LAC-1993,1,1993,-0.1,69.83,washidu01-1993
dumasri02,35,-5,199302030PHO-PHO,199302030PHO-MIN,PHO-1993,1,1993,-175,25.09090909090909,dumasri02-1993
majerda01,31,0.7,199302030PHO-PHO,199302030PHO-MIN,PHO-1993,1,1993,21.7,25.09090909090909,majerda01-1993
chambto01,27,-2.1,199302030PHO-PHO,199302030PHO-MIN,PHO-1993,1,1993,-56.7,25.09090909090909,chambto01-1993
barklch01,23,4.4,199302030PHO-PHO,199302030PHO-MIN,PHO-1993,1,1993,101.2,25.09090909090909,barklch01-1993
aingeda01,23,11.5,199302030PHO-PHO,199302030PHO-MIN,PHO-1993,1,1993,264.5,25.09090909090909,aingeda01-1993
johnske02,21,-0.3,199302030PHO-PHO,199302030PHO-MIN,PHO-1993,1,1993,-6.3,25.09090909090909,johnske02-1993
kemptti01,20,3,199302030PHO-PHO,199302030PHO-MIN,PHO-1993,1,1993,60,25.09090909090909,kemptti01-1993
mustaje01,16,1.4,199302030PHO-PHO,199302030PHO-MIN,PHO-1993,1,1993,22.4,25.09090909090909,mustaje01-1993
westma01,15,0.5,199302030PHO-PHO,199302030PHO-MIN,PHO-1993,1,1993,7.5,25.09090909090909,westma01-1993
knighne01,15,-2.5,199302030PHO-PHO,199302030PHO-MIN,PHO-1993,1,1993,-37.5,25.09090909090909,knighne01-1993
johnsfr01,14,5.3,199302030PHO-PHO,199302030PHO-MIN,PHO-1993,1,1993,74.2,25.09090909090909,johnsfr01-1993
dumasri02,34,5.1,199302050PHO-PHO,199302050PHO-LAL,PHO-1993,1,1993,173.39999999999998,74.1,dumasri02-1993
majerda01,31,14.6,199302050PHO-PHO,199302050PHO-LAL,PHO-1993,1,1993,452.59999999999997,74.1,majerda01-1993
barklch01,29,6.7,199302050PHO-PHO,199302050PHO-LAL,PHO-1993,1,1993,194.3,74.1,barklch01-1993
johnske02,29,-1.1,199302050PHO-PHO,199302050PHO-LAL,PHO-1993,1,1993,-31.900000000000002,74.1,johnske02-1993
westma01,29,4.3,199302050PHO-PHO,199302050PHO-LAL,PHO-1993,1,1993,124.69999999999999,74.1,westma01-1993
aingeda01,18,2.7,199302050PHO-PHO,199302050PHO-LAL,PHO-1993,1,1993,48.6,74.1,aingeda01-1993
chambto01,15,1.9,199302050PHO-PHO,199302050PHO-LAL,PHO-1993,1,1993,28.5,74.1,chambto01-1993
johnsfr01,13,-2.2,199302050PHO-PHO,199302050PHO-LAL,PHO-1993,1,1993,-28.6,74.1,johnsfr01-1993
kemptti01,13,-4.9,199302050PHO-PHO,199302050PHO-LAL,PHO-1993,1,1993,-63.7,74.1,kemptti01-1993
knighne01,12,0.9,199302050PHO-PHO,199302050PHO-LAL,PHO-1993,1,1993,10.8,74.1,knighne01-1993
mustaje01,10,-3,199302050PHO-PHO,199302050PHO-LAL,PHO-1993,1,1993,-30,74.1,mustaje01-1993
cebalce01,7,1.5,199302050PHO-PHO,199302050PHO-LAL,PHO-1993,1,1993,10.5,74.1,cebalce01-1993
johnske02,42,6.4,199302070PHO-PHO,199302070PHO-ORL,PHO-1993,1,1993,268.8,90.81666666666668,johnske02-1993
barklch01,41,6.9,199302070PHO-PHO,199302070PHO-ORL,PHO-1993,1,1993,282.90000000000003,90.81666666666668,barklch01-1993
dumasri02,40,5.7,199302070PHO-PHO,199302070PHO-ORL,PHO-1993,1,1993,228,90.81666666666668,dumasri02-1993
majerda01,40,4.8,199302070PHO-PHO,199302070PHO-ORL,PHO-1993,1,1993,192,90.81666666666668,majerda01-1993
aingeda01,33,5.8,199302070PHO-PHO,199302070PHO-ORL,PHO-1993,1,1993,191.4,90.81666666666668,aingeda01-1993
chambto01,17,-3.7,199302070PHO-PHO,199302070PHO-ORL,PHO-1993,1,1993,-62.900000000000006,90.81666666666668,chambto01-1993
westma01,10,-2,199302070PHO-PHO,199302070PHO-ORL,PHO-1993,1,1993,-20,90.81666666666668,westma01-1993
johnsfr01,10,1.2,199302070PHO-PHO,199302070PHO-ORL,PHO-1993,1,1993,12,90.81666666666668,johnsfr01-1993
cebalce01,4,-1,199302070PHO-PHO,199302070PHO-ORL,PHO-1993,1,1993,-4,90.81666666666668,cebalce01-1993
kemptti01,1,-0.1,199302070PHO-PHO,199302070PHO-ORL,PHO-1993,1,1993,-0.1,90.81666666666668,kemptti01-1993
knighne01,1,0.5,199302070PHO-PHO,199302070PHO-ORL,PHO-1993,1,1993,0.5,90.81666666666668,knighne01-1993
mustaje01,1,1.2,199302070PHO-PHO,199302070PHO-ORL,PHO-1993,1,1993,1.2,90.81666666666668,mustaje01-1993
majerda01,30,2.2,199302100PHO-PHO,199302100PHO-LAC,PHO-1993,1,1993,66,59.445454545454545,majerda01-1993
barklch01,28,11.9,199302100PHO-PHO,199302100PHO-LAC,PHO-1993,1,1993,333.2,59.445454545454545,barklch01-1993
johnske02,28,1.4,199302100PHO-PHO,199302100PHO-LAC,PHO-1993,1,1993,39.199999999999996,59.445454545454545,johnske02-1993
chambto01,28,-1.6,199302100PHO-PHO,199302100PHO-LAC,PHO-1993,1,1993,-44.800000000000004,59.445454545454545,chambto01-1993
cebalce01,24,2.5,199302100PHO-PHO,199302100PHO-LAC,PHO-1993,1,1993,60,59.445454545454545,cebalce01-1993
aingeda01,23,8.9,199302100PHO-PHO,199302100PHO-LAC,PHO-1993,1,1993,204.70000000000002,59.445454545454545,aingeda01-1993
dumasri02,21,2,199302100PHO-PHO,199302100PHO-LAC,PHO-1993,1,1993,42,59.445454545454545,dumasri02-1993
johnsfr01,20,-0.7,199302100PHO-PHO,199302100PHO-LAC,PHO-1993,1,1993,-14,59.445454545454545,johnsfr01-1993
westma01,18,-1.5,199302100PHO-PHO,199302100PHO-LAC,PHO-1993,1,1993,-27,59.445454545454545,westma01-1993
kemptti01,13,-0.9,199302100PHO-PHO,199302100PHO-LAC,PHO-1993,1,1993,-11.700000000000001,59.445454545454545,kemptti01-1993
mustaje01,7,0.9,199302100PHO-PHO,199302100PHO-LAC,PHO-1993,1,1993,6.3,59.445454545454545,mustaje01-1993
hardati01,40,-1,199302110GSW-GSW,199302110GSW-PHO,GSW-1993,0,1993,-40,3.6600000000000006,hardati01-1993
hillty01,32,-3.9,199302110GSW-GSW,199302110GSW-PHO,GSW-1993,0,1993,-124.8,3.6600000000000006,hillty01-1993
marcisa01,32,3.9,199302110GSW-GSW,199302110GSW-PHO,GSW-1993,0,1993,124.8,3.6600000000000006,marcisa01-1993
sprewla01,24,-3.1,199302110GSW-GSW,199302110GSW-PHO,GSW-1993,0,1993,-74.4,3.6600000000000006,sprewla01-1993
grayeje01,23,1.6,199302110GSW-GSW,199302110GSW-PHO,GSW-1993,0,1993,36.800000000000004,3.6600000000000006,grayeje01-1993
gatlich01,22,6.4,199302110GSW-GSW,199302110GSW-PHO,GSW-1993,0,1993,140.8,3.6600000000000006,gatlich01-1993
houstby01,18,0.3,199302110GSW-GSW,199302110GSW-PHO,GSW-1993,0,1993,5.3999999999999995,3.6600000000000006,houstby01-1993
higgise01,17,-1.6,199302110GSW-GSW,199302110GSW-PHO,GSW-1993,0,1993,-27.200000000000003,3.6600000000000006,higgise01-1993
alexavi01,16,0,199302110GSW-GSW,199302110GSW-PHO,GSW-1993,0,1993,0,3.6600000000000006,alexavi01-1993
buechju01,16,-0.3,199302110GSW-GSW,199302110GSW-PHO,GSW-1993,0,1993,-4.8,3.6600000000000006,buechju01-1993
kempsh01,43,12.3,199302130SEA-SEA,199302130SEA-PHO,SEA-1993,1,1993,528.9,83.62222222222222,kempsh01-1993
mckeyde01,41,1.5,199302130SEA-SEA,199302130SEA-PHO,SEA-1993,1,1993,61.5,83.62222222222222,mckeyde01-1993
piercri01,35,4,199302130SEA-SEA,199302130SEA-PHO,SEA-1993,1,1993,140,83.62222222222222,piercri01-1993
mcmilna01,30,3.2,199302130SEA-SEA,199302130SEA-PHO,SEA-1993,1,1993,96,83.62222222222222,mcmilna01-1993
paytoga01,28,0.4,199302130SEA-SEA,199302130SEA-PHO,SEA-1993,1,1993,11.200000000000001,83.62222222222222,paytoga01-1993
johnsed03,22,-6.4,199302130SEA-SEA,199302130SEA-PHO,SEA-1993,1,1993,-140.8,83.62222222222222,johnsed03-1993
cagemi01,20,1.8,199302130SEA-SEA,199302130SEA-PHO,SEA-1993,1,1993,36,83.62222222222222,cagemi01-1993
askewvi01,13,-1,199302130SEA-SEA,199302130SEA-PHO,SEA-1993,1,1993,-13,83.62222222222222,askewvi01-1993
barroda01,8,4.1,199302130SEA-SEA,199302130SEA-PHO,SEA-1993,1,1993,32.8,83.62222222222222,barroda01-1993
majerda01,45,6.9,199302160PHO-PHO,199302160PHO-BOS,PHO-1993,1,1993,310.5,130.98888888888888,majerda01-1993
barklch01,43,19.8,199302160PHO-PHO,199302160PHO-BOS,PHO-1993,1,1993,851.4,130.98888888888888,barklch01-1993
aingeda01,32,-0.9,199302160PHO-PHO,199302160PHO-BOS,PHO-1993,1,1993,-28.8,130.98888888888888,aingeda01-1993
chambto01,32,3.7,199302160PHO-PHO,199302160PHO-BOS,PHO-1993,1,1993,118.4,130.98888888888888,chambto01-1993
dumasri02,31,1.4,199302160PHO-PHO,199302160PHO-BOS,PHO-1993,1,1993,43.4,130.98888888888888,dumasri02-1993
westma01,22,-0.5,199302160PHO-PHO,199302160PHO-BOS,PHO-1993,1,1993,-11,130.98888888888888,westma01-1993
knighne01,15,-4.2,199302160PHO-PHO,199302160PHO-BOS,PHO-1993,1,1993,-63,130.98888888888888,knighne01-1993
johnsfr01,12,-3.5,199302160PHO-PHO,199302160PHO-BOS,PHO-1993,1,1993,-42,130.98888888888888,johnsfr01-1993
cebalce01,8,0,199302160PHO-PHO,199302160PHO-BOS,PHO-1993,1,1993,0,130.98888888888888,cebalce01-1993
dumasri02,45,4.9,199302180PHO-PHO,199302180PHO-ATL,PHO-1993,1,1993,220.50000000000003,118.3375,dumasri02-1993
barklch01,44,14.6,199302180PHO-PHO,199302180PHO-ATL,PHO-1993,1,1993,642.4,118.3375,barklch01-1993
majerda01,44,0.5,199302180PHO-PHO,199302180PHO-ATL,PHO-1993,1,1993,22,118.3375,majerda01-1993
chambto01,32,2.5,199302180PHO-PHO,199302180PHO-ATL,PHO-1993,1,1993,80,118.3375,chambto01-1993
aingeda01,26,-0.9,199302180PHO-PHO,199302180PHO-ATL,PHO-1993,1,1993,-23.400000000000002,118.3375,aingeda01-1993
westma01,20,3.4,199302180PHO-PHO,199302180PHO-ATL,PHO-1993,1,1993,68,118.3375,westma01-1993
knighne01,18,-3,199302180PHO-PHO,199302180PHO-ATL,PHO-1993,1,1993,-54,118.3375,knighne01-1993
johnsfr01,11,-0.8,199302180PHO-PHO,199302180PHO-ATL,PHO-1993,1,1993,-8.8,118.3375,johnsfr01-1993
ellisda01,43,3,199302230SAS-SAS,199302230SAS-PHO,SAS-1993,0,1993,129,116.77777777777779,ellisda01-1993
robinda01,42,14.3,199302230SAS-SAS,199302230SAS-PHO,SAS-1993,0,1993,600.6,116.77777777777779,robinda01-1993
johnsav01,41,12.4,199302230SAS-SAS,199302230SAS-PHO,SAS-1993,0,1993,508.40000000000003,116.77777777777779,johnsav01-1993
carran01,30,3.5,199302230SAS-SAS,199302230SAS-PHO,SAS-1993,0,1993,105,116.77777777777779,carran01-1993
delnevi01,29,-1.6,199302230SAS-SAS,199302230SAS-PHO,SAS-1993,0,1993,-46.400000000000006,116.77777777777779,delnevi01-1993
reidjr01,29,-3.4,199302230SAS-SAS,199302230SAS-PHO,SAS-1993,0,1993,-98.6,116.77777777777779,reidjr01-1993
anderwi01,16,-6.1,199302230SAS-SAS,199302230SAS-PHO,SAS-1993,0,1993,-97.6,116.77777777777779,anderwi01-1993
daniell01,8,-5.6,199302230SAS-SAS,199302230SAS-PHO,SAS-1993,0,1993,-44.8,116.77777777777779,daniell01-1993
woodda01,2,-2.3,199302230SAS-SAS,199302230SAS-PHO,SAS-1993,0,1993,-4.6,116.77777777777779,woodda01-1993
thorpot01,35,6,199302250HOU-HOU,199302250HOU-PHO,HOU-1993,1,1993,210,97.77272727272728,thorpot01-1993
olajuha01,34,19.3,199302250HOU-HOU,199302250HOU-PHO,HOU-1993,1,1993,656.2,97.77272727272728,olajuha01-1993
maxweve01,31,3.6,199302250HOU-HOU,199302250HOU-PHO,HOU-1993,1,1993,111.60000000000001,97.77272727272728,maxweve01-1993
smithke01,29,-0.8,199302250HOU-HOU,199302250HOU-PHO,HOU-1993,1,1993,-23.200000000000003,97.77272727272728,smithke01-1993
herreca01,28,3.9,199302250HOU-HOU,199302250HOU-PHO,HOU-1993,1,1993,109.2,97.77272727272728,herreca01-1993
horryro01,21,-0.3,199302250HOU-HOU,199302250HOU-PHO,HOU-1993,1,1993,-6.3,97.77272727272728,horryro01-1993
brooksc01,19,2.1,199302250HOU-HOU,199302250HOU-PHO,HOU-1993,1,1993,39.9,97.77272727272728,brooksc01-1993
bullama01,18,1.6,199302250HOU-HOU,199302250HOU-PHO,HOU-1993,1,1993,28.8,97.77272727272728,bullama01-1993
garlawi01,17,-2.3,199302250HOU-HOU,199302250HOU-PHO,HOU-1993,1,1993,-39.099999999999994,97.77272727272728,garlawi01-1993
rollitr01,4,-1.9,199302250HOU-HOU,199302250HOU-PHO,HOU-1993,1,1993,-7.6,97.77272727272728,rollitr01-1993
winchke01,4,-1,199302250HOU-HOU,199302250HOU-PHO,HOU-1993,1,1993,-4,97.77272727272728,winchke01-1993
majerda01,48,8.3,199302260PHO-PHO,199302260PHO-UTA,PHO-1993,1,1993,398.40000000000003,114.35555555555555,majerda01-1993
barklch01,44,16.9,199302260PHO-PHO,199302260PHO-UTA,PHO-1993,1,1993,743.5999999999999,114.35555555555555,barklch01-1993
dumasri02,39,4.2,199302260PHO-PHO,199302260PHO-UTA,PHO-1993,1,1993,163.8,114.35555555555555,dumasri02-1993
aingeda01,36,-4.3,199302260PHO-PHO,199302260PHO-UTA,PHO-1993,1,1993,-154.79999999999998,114.35555555555555,aingeda01-1993
chambto01,23,-4.7,199302260PHO-PHO,199302260PHO-UTA,PHO-1993,1,1993,-108.10000000000001,114.35555555555555,chambto01-1993
westma01,19,-0.2,199302260PHO-PHO,199302260PHO-UTA,PHO-1993,1,1993,-3.8000000000000003,114.35555555555555,westma01-1993
cebalce01,18,-1,199302260PHO-PHO,199302260PHO-UTA,PHO-1993,1,1993,-18,114.35555555555555,cebalce01-1993
knighne01,12,0.6,199302260PHO-PHO,199302260PHO-UTA,PHO-1993,1,1993,7.199999999999999,114.35555555555555,knighne01-1993
johnsfr01,1,0.9,199302260PHO-PHO,199302260PHO-UTA,PHO-1993,1,1993,0.9,114.35555555555555,johnsfr01-1993
barklch01,46,13.4,199302280PHO-PHO,199302280PHO-CLE,PHO-1993,0,1993,616.4,95.33749999999999,barklch01-1993
dumasri02,40,5.4,199302280PHO-PHO,199302280PHO-CLE,PHO-1993,0,1993,216,95.33749999999999,dumasri02-1993
majerda01,39,6.3,199302280PHO-PHO,199302280PHO-CLE,PHO-1993,0,1993,245.7,95.33749999999999,majerda01-1993
aingeda01,34,-4.7,199302280PHO-PHO,199302280PHO-CLE,PHO-1993,0,1993,-159.8,95.33749999999999,aingeda01-1993
chambto01,29,-5,199302280PHO-PHO,199302280PHO-CLE,PHO-1993,0,1993,-145,95.33749999999999,chambto01-1993
westma01,22,-1.3,199302280PHO-PHO,199302280PHO-CLE,PHO-1993,0,1993,-28.6,95.33749999999999,westma01-1993
johnsfr01,19,1.7,199302280PHO-PHO,199302280PHO-CLE,PHO-1993,0,1993,32.3,95.33749999999999,johnsfr01-1993
knighne01,11,-1.3,199302280PHO-PHO,199302280PHO-CLE,PHO-1993,0,1993,-14.3,95.33749999999999,knighne01-1993
portete01,40,4,199303020POR-POR,199303020POR-PHO,POR-1993,1,1993,160,73.775,portete01-1993
robincl02,39,6.6,199303020POR-POR,199303020POR-PHO,POR-1993,1,1993,257.4,73.775,robincl02-1993
stricro02,39,2.1,199303020POR-POR,199303020POR-PHO,POR-1993,1,1993,81.9,73.775,stricro02-1993
willibu01,37,-2,199303020POR-POR,199303020POR-PHO,POR-1993,1,1993,-74,73.775,willibu01-1993
eliema01,27,1.5,199303020POR-POR,199303020POR-PHO,POR-1993,1,1993,40.5,73.775,eliema01-1993
duckwke01,26,4.4,199303020POR-POR,199303020POR-PHO,POR-1993,1,1993,114.4,73.775,duckwke01-1993
kerseje01,25,0.4,199303020POR-POR,199303020POR-PHO,POR-1993,1,1993,10,73.775,kerseje01-1993
bryanma01,7,0,199303020POR-POR,199303020POR-PHO,POR-1993,1,1993,0,73.775,bryanma01-1993
barklch01,44,16.6,199303030PHO-PHO,199303030PHO-PHI,PHO-1993,1,1993,730.4000000000001,62.73333333333334,barklch01-1993
majerda01,40,3.3,199303030PHO-PHO,199303030PHO-PHI,PHO-1993,1,1993,132,62.73333333333334,majerda01-1993
aingeda01,38,-6.4,199303030PHO-PHO,199303030PHO-PHI,PHO-1993,1,1993,-243.20000000000002,62.73333333333334,aingeda01-1993
johnske02,28,5.8,199303030PHO-PHO,199303030PHO-PHI,PHO-1993,1,1993,162.4,62.73333333333334,johnske02-1993
chambto01,26,0,199303030PHO-PHO,199303030PHO-PHI,PHO-1993,1,1993,0,62.73333333333334,chambto01-1993
westma01,19,3.7,199303030PHO-PHO,199303030PHO-PHI,PHO-1993,1,1993,70.3,62.73333333333334,westma01-1993
cebalce01,19,-3.4,199303030PHO-PHO,199303030PHO-PHI,PHO-1993,1,1993,-64.6,62.73333333333334,cebalce01-1993
johnsfr01,13,-3.8,199303030PHO-PHO,199303030PHO-PHI,PHO-1993,1,1993,-49.4,62.73333333333334,johnsfr01-1993
dumasri02,10,1.5,199303030PHO-PHO,199303030PHO-PHI,PHO-1993,1,1993,15,62.73333333333334,dumasri02-1993
kemptti01,1,-0.9,199303030PHO-PHO,199303030PHO-PHI,PHO-1993,1,1993,-0.9,62.73333333333334,kemptti01-1993
knighne01,1,-0.1,199303030PHO-PHO,199303030PHO-PHI,PHO-1993,1,1993,-0.1,62.73333333333334,knighne01-1993
mustaje01,1,0.9,199303030PHO-PHO,199303030PHO-PHI,PHO-1993,1,1993,0.9,62.73333333333334,mustaje01-1993
majerda01,38,0.6,199303050PHO-PHO,199303050PHO-SAC,PHO-1993,1,1993,22.8,52.21818181818182,majerda01-1993
cebalce01,33,1.4,199303050PHO-PHO,199303050PHO-SAC,PHO-1993,1,1993,46.199999999999996,52.21818181818182,cebalce01-1993
barklch01,31,12.8,199303050PHO-PHO,199303050PHO-SAC,PHO-1993,1,1993,396.8,52.21818181818182,barklch01-1993
johnske02,29,4.5,199303050PHO-PHO,199303050PHO-SAC,PHO-1993,1,1993,130.5,52.21818181818182,johnske02-1993
westma01,29,3.4,199303050PHO-PHO,199303050PHO-SAC,PHO-1993,1,1993,98.6,52.21818181818182,westma01-1993
aingeda01,22,-4.1,199303050PHO-PHO,199303050PHO-SAC,PHO-1993,1,1993,-90.19999999999999,52.21818181818182,aingeda01-1993
johnsfr01,19,3,199303050PHO-PHO,199303050PHO-SAC,PHO-1993,1,1993,57,52.21818181818182,johnsfr01-1993
mustaje01,17,-2.9,199303050PHO-PHO,199303050PHO-SAC,PHO-1993,1,1993,-49.3,52.21818181818182,mustaje01-1993
chambto01,14,-2.6,199303050PHO-PHO,199303050PHO-SAC,PHO-1993,1,1993,-36.4,52.21818181818182,chambto01-1993
kemptti01,5,0.1,199303050PHO-PHO,199303050PHO-SAC,PHO-1993,1,1993,0.5,52.21818181818182,kemptti01-1993
knighne01,3,-0.7,199303050PHO-PHO,199303050PHO-SAC,PHO-1993,1,1993,-2.0999999999999996,52.21818181818182,knighne01-1993
harpede01,43,8.1,199303060DAL-DAL,199303060DAL-PHO,DAL-1993,0,1993,348.3,23.89090909090909,harpede01-1993
daviste01,38,0.2,199303060DAL-DAL,199303060DAL-PHO,DAL-1993,0,1993,7.6000000000000005,23.89090909090909,daviste01-1993
jacksji01,32,0.2,199303060DAL-DAL,199303060DAL-PHO,DAL-1993,0,1993,6.4,23.89090909090909,jacksji01-1993
whitera01,27,0.6,199303060DAL-DAL,199303060DAL-PHO,DAL-1993,0,1993,16.2,23.89090909090909,whitera01-1993
rooksse01,25,-1.9,199303060DAL-DAL,199303060DAL-PHO,DAL-1993,0,1993,-47.5,23.89090909090909,rooksse01-1993
legleti01,23,1,199303060DAL-DAL,199303060DAL-PHO,DAL-1993,0,1993,23,23.89090909090909,legleti01-1993
smithdo03,22,-4.4,199303060DAL-DAL,199303060DAL-PHO,DAL-1993,0,1993,-96.80000000000001,23.89090909090909,smithdo03-1993
hodgedo01,15,0.6,199303060DAL-DAL,199303060DAL-PHO,DAL-1993,0,1993,9,23.89090909090909,hodgedo01-1993
wileymo01,8,0.2,199303060DAL-DAL,199303060DAL-PHO,DAL-1993,0,1993,1.6,23.89090909090909,wileymo01-1993
bondwa01,4,-0.8,199303060DAL-DAL,199303060DAL-PHO,DAL-1993,0,1993,-3.2,23.89090909090909,bondwa01-1993
cambrde01,3,-0.6,199303060DAL-DAL,199303060DAL-PHO,DAL-1993,0,1993,-1.7999999999999998,23.89090909090909,cambrde01-1993
williwa02,43,4.1,199303090SAC-SAC,199303090SAC-PHO,SAC-1993,0,1993,176.29999999999998,16.57272727272727,williwa02-1993
tisdawa01,38,8.7,199303090SAC-SAC,199303090SAC-PHO,SAC-1993,0,1993,330.59999999999997,16.57272727272727,tisdawa01-1993
bonnean01,30,-2.7,199303090SAC-SAC,199303090SAC-PHO,SAC-1993,0,1993,-81,16.57272727272727,bonnean01-1993
simmoli01,29,-4.8,199303090SAC-SAC,199303090SAC-PHO,SAC-1993,0,1993,-139.2,16.57272727272727,simmoli01-1993
brownra02,23,-1.5,199303090SAC-SAC,199303090SAC-PHO,SAC-1993,0,1993,-34.5,16.57272727272727,brownra02-1993
webbsp01,21,0.1,199303090SAC-SAC,199303090SAC-PHO,SAC-1993,0,1993,2.1,16.57272727272727,webbsp01-1993
chilcpe01,17,-1.2,199303090SAC-SAC,199303090SAC-PHO,SAC-1993,0,1993,-20.4,16.57272727272727,chilcpe01-1993
conloma01,14,-4.6,199303090SAC-SAC,199303090SAC-PHO,SAC-1993,0,1993,-64.39999999999999,16.57272727272727,conloma01-1993
higgiro01,9,-2,199303090SAC-SAC,199303090SAC-PHO,SAC-1993,0,1993,-18,16.57272727272727,higgiro01-1993
rambiku01,9,0.7,199303090SAC-SAC,199303090SAC-PHO,SAC-1993,0,1993,6.3,16.57272727272727,rambiku01-1993
lesji01,7,3.5,199303090SAC-SAC,199303090SAC-PHO,SAC-1993,0,1993,24.5,16.57272727272727,lesji01-1993
majerda01,43,8.9,199303100PHO-PHO,199303100PHO-GSW,PHO-1993,1,1993,382.7,95.28888888888889,majerda01-1993
barklch01,41,5.3,199303100PHO-PHO,199303100PHO-GSW,PHO-1993,1,1993,217.29999999999998,95.28888888888889,barklch01-1993
johnske02,40,-0.5,199303100PHO-PHO,199303100PHO-GSW,PHO-1993,1,1993,-20,95.28888888888889,johnske02-1993
cebalce01,35,6.3,199303100PHO-PHO,199303100PHO-GSW,PHO-1993,1,1993,220.5,95.28888888888889,cebalce01-1993
westma01,30,4.7,199303100PHO-PHO,199303100PHO-GSW,PHO-1993,1,1993,141,95.28888888888889,westma01-1993
aingeda01,25,-0.1,199303100PHO-PHO,199303100PHO-GSW,PHO-1993,1,1993,-2.5,95.28888888888889,aingeda01-1993
chambto01,13,-4.4,199303100PHO-PHO,199303100PHO-GSW,PHO-1993,1,1993,-57.2,95.28888888888889,chambto01-1993
milleol01,11,-2.4,199303100PHO-PHO,199303100PHO-GSW,PHO-1993,1,1993,-26.4,95.28888888888889,milleol01-1993
johnsfr01,2,1.1,199303100PHO-PHO,199303100PHO-GSW,PHO-1993,1,1993,2.2,95.28888888888889,johnsfr01-1993
cebalce01,38,3.8,199303120PHO-PHO,199303120PHO-DAL,PHO-1993,1,1993,144.4,44.372727272727275,cebalce01-1993
majerda01,33,-3.6,199303120PHO-PHO,199303120PHO-DAL,PHO-1993,1,1993,-118.8,44.372727272727275,majerda01-1993
barklch01,32,6.4,199303120PHO-PHO,199303120PHO-DAL,PHO-1993,1,1993,204.8,44.372727272727275,barklch01-1993
johnske02,29,-0.3,199303120PHO-PHO,199303120PHO-DAL,PHO-1993,1,1993,-8.7,44.372727272727275,johnske02-1993
milleol01,25,10,199303120PHO-PHO,199303120PHO-DAL,PHO-1993,1,1993,250,44.372727272727275,milleol01-1993
johnsfr01,23,0.1,199303120PHO-PHO,199303120PHO-DAL,PHO-1993,1,1993,2.3000000000000003,44.372727272727275,johnsfr01-1993
westma01,22,0.6,199303120PHO-PHO,199303120PHO-DAL,PHO-1993,1,1993,13.2,44.372727272727275,westma01-1993
chambto01,20,0.6,199303120PHO-PHO,199303120PHO-DAL,PHO-1993,1,1993,12,44.372727272727275,chambto01-1993
mustaje01,8,-1.2,199303120PHO-PHO,199303120PHO-DAL,PHO-1993,1,1993,-9.6,44.372727272727275,mustaje01-1993
aingeda01,7,-0.3,199303120PHO-PHO,199303120PHO-DAL,PHO-1993,1,1993,-2.1,44.372727272727275,aingeda01-1993
kemptti01,3,0.2,199303120PHO-PHO,199303120PHO-DAL,PHO-1993,1,1993,0.6000000000000001,44.372727272727275,kemptti01-1993
chambto01,33,-1.3,199303130PHO-PHO,199303130PHO-NJN,PHO-1993,0,1993,-42.9,-11.32727272727273,chambto01-1993
milleol01,28,-1.3,199303130PHO-PHO,199303130PHO-NJN,PHO-1993,0,1993,-36.4,-11.32727272727273,milleol01-1993
barklch01,27,1.8,199303130PHO-PHO,199303130PHO-NJN,PHO-1993,0,1993,48.6,-11.32727272727273,barklch01-1993
majerda01,27,-3.6,199303130PHO-PHO,199303130PHO-NJN,PHO-1993,0,1993,-97.2,-11.32727272727273,majerda01-1993
johnske02,26,5.8,199303130PHO-PHO,199303130PHO-NJN,PHO-1993,0,1993,150.79999999999998,-11.32727272727273,johnske02-1993
cebalce01,25,0.5,199303130PHO-PHO,199303130PHO-NJN,PHO-1993,0,1993,12.5,-11.32727272727273,cebalce01-1993
johnsfr01,21,-3.6,199303130PHO-PHO,199303130PHO-NJN,PHO-1993,0,1993,-75.60000000000001,-11.32727272727273,johnsfr01-1993
mustaje01,18,1.6,199303130PHO-PHO,199303130PHO-NJN,PHO-1993,0,1993,28.8,-11.32727272727273,mustaje01-1993
aingeda01,17,-5.4,199303130PHO-PHO,199303130PHO-NJN,PHO-1993,0,1993,-91.80000000000001,-11.32727272727273,aingeda01-1993
westma01,13,-2.3,199303130PHO-PHO,199303130PHO-NJN,PHO-1993,0,1993,-29.9,-11.32727272727273,westma01-1993
kemptti01,5,1.7,199303130PHO-PHO,199303130PHO-NJN,PHO-1993,0,1993,8.5,-11.32727272727273,kemptti01-1993
majerda01,40,-1.6,199303170PHO-PHO,199303170PHO-POR,PHO-1993,1,1993,-64,71.38,majerda01-1993
johnske02,34,5.2,199303170PHO-PHO,199303170PHO-POR,PHO-1993,1,1993,176.8,71.38,johnske02-1993
cebalce01,33,9.1,199303170PHO-PHO,199303170PHO-POR,PHO-1993,1,1993,300.3,71.38,cebalce01-1993
barklch01,28,0.2,199303170PHO-PHO,199303170PHO-POR,PHO-1993,1,1993,5.6000000000000005,71.38,barklch01-1993
aingeda01,25,1.9,199303170PHO-PHO,199303170PHO-POR,PHO-1993,1,1993,47.5,71.38,aingeda01-1993
chambto01,25,9,199303170PHO-PHO,199303170PHO-POR,PHO-1993,1,1993,225,71.38,chambto01-1993
milleol01,18,2.5,199303170PHO-PHO,199303170PHO-POR,PHO-1993,1,1993,45,71.38,milleol01-1993
westma01,16,2.8,199303170PHO-PHO,199303170PHO-POR,PHO-1993,1,1993,44.8,71.38,westma01-1993
johnsfr01,14,-4.3,199303170PHO-PHO,199303170PHO-POR,PHO-1993,1,1993,-60.199999999999996,71.38,johnsfr01-1993
mustaje01,7,-1,199303170PHO-PHO,199303170PHO-POR,PHO-1993,1,1993,-7,71.38,mustaje01-1993
majerda01,42,8.9,199303190PHO-PHO,199303190PHO-DET,PHO-1993,1,1993,373.8,66.875,majerda01-1993
barklch01,33,4,199303190PHO-PHO,199303190PHO-DET,PHO-1993,1,1993,132,66.875,barklch01-1993
johnske02,31,-5.3,199303190PHO-PHO,199303190PHO-DET,PHO-1993,1,1993,-164.29999999999998,66.875,johnske02-1993
aingeda01,27,11.7,199303190PHO-PHO,199303190PHO-DET,PHO-1993,1,1993,315.9,66.875,aingeda01-1993
chambto01,26,1.1,199303190PHO-PHO,199303190PHO-DET,PHO-1993,1,1993,28.6,66.875,chambto01-1993
cebalce01,24,1.6,199303190PHO-PHO,199303190PHO-DET,PHO-1993,1,1993,38.400000000000006,66.875,cebalce01-1993
westma01,20,3.2,199303190PHO-PHO,199303190PHO-DET,PHO-1993,1,1993,64,66.875,westma01-1993
milleol01,19,-1.3,199303190PHO-PHO,199303190PHO-DET,PHO-1993,1,1993,-24.7,66.875,milleol01-1993
johnsfr01,12,2.3,199303190PHO-PHO,199303190PHO-DET,PHO-1993,1,1993,27.599999999999998,66.875,johnsfr01-1993
kemptti01,2,1.7,199303190PHO-PHO,199303190PHO-DET,PHO-1993,1,1993,3.4,66.875,kemptti01-1993
knighne01,2,1,199303190PHO-PHO,199303190PHO-DET,PHO-1993,1,1993,2,66.875,knighne01-1993
mustaje01,2,2.9,199303190PHO-PHO,199303190PHO-DET,PHO-1993,1,1993,5.8,66.875,mustaje01-1993
barklch01,46,9,199303210PHO-PHO,199303210PHO-IND,PHO-1993,0,1993,414,81.18888888888888,barklch01-1993
majerda01,40,0.1,199303210PHO-PHO,199303210PHO-IND,PHO-1993,0,1993,4,81.18888888888888,majerda01-1993
johnske02,39,10,199303210PHO-PHO,199303210PHO-IND,PHO-1993,0,1993,390,81.18888888888888,johnske02-1993
aingeda01,31,-1.1,199303210PHO-PHO,199303210PHO-IND,PHO-1993,0,1993,-34.1,81.18888888888888,aingeda01-1993
westma01,28,0,199303210PHO-PHO,199303210PHO-IND,PHO-1993,0,1993,0,81.18888888888888,westma01-1993
cebalce01,24,3.3,199303210PHO-PHO,199303210PHO-IND,PHO-1993,0,1993,79.19999999999999,81.18888888888888,cebalce01-1993
chambto01,19,-7,199303210PHO-PHO,199303210PHO-IND,PHO-1993,0,1993,-133,81.18888888888888,chambto01-1993
milleol01,7,0.4,199303210PHO-PHO,199303210PHO-IND,PHO-1993,0,1993,2.8000000000000003,81.18888888888888,milleol01-1993
johnsfr01,6,1.3,199303210PHO-PHO,199303210PHO-IND,PHO-1993,0,1993,7.800000000000001,81.18888888888888,johnsfr01-1993
majerda01,38,11.7,199303230PHO-PHO,199303230PHO-NYK,PHO-1993,1,1993,444.59999999999997,99.19090909090909,majerda01-1993
barklch01,37,7.8,199303230PHO-PHO,199303230PHO-NYK,PHO-1993,1,1993,288.59999999999997,99.19090909090909,barklch01-1993
chambto01,33,0.1,199303230PHO-PHO,199303230PHO-NYK,PHO-1993,1,1993,3.3000000000000003,99.19090909090909,chambto01-1993
cebalce01,30,4.9,199303230PHO-PHO,199303230PHO-NYK,PHO-1993,1,1993,147,99.19090909090909,cebalce01-1993
johnsfr01,24,4.4,199303230PHO-PHO,199303230PHO-NYK,PHO-1993,1,1993,105.60000000000001,99.19090909090909,johnsfr01-1993
westma01,21,-1,199303230PHO-PHO,199303230PHO-NYK,PHO-1993,1,1993,-21,99.19090909090909,westma01-1993
johnske02,19,1.9,199303230PHO-PHO,199303230PHO-NYK,PHO-1993,1,1993,36.1,99.19090909090909,johnske02-1993
milleol01,18,5.2,199303230PHO-PHO,199303230PHO-NYK,PHO-1993,1,1993,93.60000000000001,99.19090909090909,milleol01-1993
aingeda01,14,0.1,199303230PHO-PHO,199303230PHO-NYK,PHO-1993,1,1993,1.4000000000000001,99.19090909090909,aingeda01-1993
kemptti01,3,-3.5,199303230PHO-PHO,199303230PHO-NYK,PHO-1993,1,1993,-10.5,99.19090909090909,kemptti01-1993
knighne01,3,0.8,199303230PHO-PHO,199303230PHO-NYK,PHO-1993,1,1993,2.4000000000000004,99.19090909090909,knighne01-1993
greenac01,41,-3.1,199303240LAL-LAL,199303240LAL-PHO,LAL-1993,0,1993,-127.10000000000001,5.57,greenac01-1993
divacvl01,37,2.9,199303240LAL-LAL,199303240LAL-PHO,LAL-1993,0,1993,107.3,5.57,divacvl01-1993
threase01,37,-0.6,199303240LAL-LAL,199303240LAL-PHO,LAL-1993,0,1993,-22.2,5.57,threase01-1993
worthja01,31,4.9,199303240LAL-LAL,199303240LAL-PHO,LAL-1993,0,1993,151.9,5.57,worthja01-1993
scottby01,30,-2.8,199303240LAL-LAL,199303240LAL-PHO,LAL-1993,0,1993,-84,5.57,scottby01-1993
peelean01,18,2.6,199303240LAL-LAL,199303240LAL-PHO,LAL-1993,0,1993,46.800000000000004,5.57,peelean01-1993
campbel01,17,-2.5,199303240LAL-LAL,199303240LAL-PHO,LAL-1993,0,1993,-42.5,5.57,campbel01-1993
chrisdo01,15,2.9,199303240LAL-LAL,199303240LAL-PHO,LAL-1993,0,1993,43.5,5.57,chrisdo01-1993
benjabe01,11,-2.4,199303240LAL-LAL,199303240LAL-PHO,LAL-1993,0,1993,-26.4,5.57,benjabe01-1993
smithto02,3,2.8,199303240LAL-LAL,199303240LAL-PHO,LAL-1993,0,1993,8.399999999999999,5.57,smithto02-1993
majerda01,42,2.6,199303260PHO-PHO,199303260PHO-MIL,PHO-1993,1,1993,109.2,83.04444444444444,majerda01-1993
barklch01,41,7.7,199303260PHO-PHO,199303260PHO-MIL,PHO-1993,1,1993,315.7,83.04444444444444,barklch01-1993
cebalce01,37,8.1,199303260PHO-PHO,199303260PHO-MIL,PHO-1993,1,1993,299.7,83.04444444444444,cebalce01-1993
johnsfr01,34,-0.4,199303260PHO-PHO,199303260PHO-MIL,PHO-1993,1,1993,-13.600000000000001,83.04444444444444,johnsfr01-1993
aingeda01,33,-0.1,199303260PHO-PHO,199303260PHO-MIL,PHO-1993,1,1993,-3.3000000000000003,83.04444444444444,aingeda01-1993
chambto01,22,5,199303260PHO-PHO,199303260PHO-MIL,PHO-1993,1,1993,110,83.04444444444444,chambto01-1993
milleol01,13,-2.5,199303260PHO-PHO,199303260PHO-MIL,PHO-1993,1,1993,-32.5,83.04444444444444,milleol01-1993
westma01,10,-1.7,199303260PHO-PHO,199303260PHO-MIL,PHO-1993,1,1993,-17,83.04444444444444,westma01-1993
knighne01,8,-2.6,199303260PHO-PHO,199303260PHO-MIL,PHO-1993,1,1993,-20.8,83.04444444444444,knighne01-1993
hornaje01,42,1.5,199303280PHI-PHI,199303280PHI-PHO,PHI-1993,0,1993,63,15.249999999999998,hornaje01-1993
weathcl01,38,-5.5,199303280PHI-PHI,199303280PHI-PHO,PHI-1993,0,1993,-209,15.249999999999998,weathcl01-1993
langan01,37,0.3,199303280PHI-PHI,199303280PHI-PHO,PHI-1993,0,1993,11.1,15.249999999999998,langan01-1993
hawkihe01,30,5.6,199303280PHI-PHI,199303280PHI-PHO,PHI-1993,0,1993,168,15.249999999999998,hawkihe01-1993
gilliar01,29,-2,199303280PHI-PHI,199303280PHI-PHO,PHI-1993,0,1993,-58,15.249999999999998,gilliar01-1993
dawkijo01,24,12.1,199303280PHI-PHI,199303280PHI-PHO,PHI-1993,0,1993,290.4,15.249999999999998,dawkijo01-1993
perryti01,21,-5,199303280PHI-PHI,199303280PHI-PHO,PHI-1993,0,1993,-105,15.249999999999998,perryti01-1993
anderro01,9,-1.8,199303280PHI-PHI,199303280PHI-PHO,PHI-1993,0,1993,-16.2,15.249999999999998,anderro01-1993
bolma01,6,1.5,199303280PHI-PHI,199303280PHI-PHO,PHI-1993,0,1993,9,15.249999999999998,bolma01-1993
shackch01,4,-0.2,199303280PHI-PHI,199303280PHI-PHO,PHI-1993,0,1993,-0.8,15.249999999999998,shackch01-1993
pippesc01,43,2.5,199303300CHI-CHI,199303300CHI-PHO,CHI-1993,0,1993,107.5,79.87,pippesc01-1993
grantho01,41,3.6,199303300CHI-CHI,199303300CHI-PHO,CHI-1993,0,1993,147.6,79.87,grantho01-1993
jordami01,40,15,199303300CHI-CHI,199303300CHI-PHO,CHI-1993,0,1993,600,79.87,jordami01-1993
armstbj01,28,-2.6,199303300CHI-CHI,199303300CHI-PHO,CHI-1993,0,1993,-72.8,79.87,armstbj01-1993
willisc01,22,0.6,199303300CHI-CHI,199303300CHI-PHO,CHI-1993,0,1993,13.2,79.87,willisc01-1993
paxsojo01,20,5.1,199303300CHI-CHI,199303300CHI-PHO,CHI-1993,0,1993,102,79.87,paxsojo01-1993
perduwi01,16,-5.1,199303300CHI-CHI,199303300CHI-PHO,CHI-1993,0,1993,-81.6,79.87,perduwi01-1993
kingst01,15,-3.1,199303300CHI-CHI,199303300CHI-PHO,CHI-1993,0,1993,-46.5,79.87,kingst01-1993
mccraro01,13,2.3,199303300CHI-CHI,199303300CHI-PHO,CHI-1993,0,1993,29.9,79.87,mccraro01-1993
tucketr01,2,-0.3,199303300CHI-CHI,199303300CHI-PHO,CHI-1993,0,1993,-0.6,79.87,tucketr01-1993
lewisre01,43,10,199304020BOS-BOS,199304020BOS-PHO,BOS-1993,0,1993,430,65.85555555555555,lewisre01-1993
gamblke01,38,0.4,199304020BOS-BOS,199304020BOS-PHO,BOS-1993,0,1993,15.200000000000001,65.85555555555555,gamblke01-1993
mcdanxa01,34,4.6,199304020BOS-BOS,199304020BOS-PHO,BOS-1993,0,1993,156.39999999999998,65.85555555555555,mcdanxa01-1993
brownde01,31,8.5,199304020BOS-BOS,199304020BOS-PHO,BOS-1993,0,1993,263.5,65.85555555555555,brownde01-1993
douglsh01,25,-3.4,199304020BOS-BOS,199304020BOS-PHO,BOS-1993,0,1993,-85,65.85555555555555,douglsh01-1993
abdelal01,23,-3.1,199304020BOS-BOS,199304020BOS-PHO,BOS-1993,0,1993,-71.3,65.85555555555555,abdelal01-1993
kleinjo01,22,-4.7,199304020BOS-BOS,199304020BOS-PHO,BOS-1993,0,1993,-103.4,65.85555555555555,kleinjo01-1993
mchalke01,17,-1.9,199304020BOS-BOS,199304020BOS-PHO,BOS-1993,0,1993,-32.3,65.85555555555555,mchalke01-1993
foxri01,7,2.8,199304020BOS-BOS,199304020BOS-PHO,BOS-1993,0,1993,19.599999999999998,65.85555555555555,foxri01-1993
schrede01,45,7.8,199304040IND-IND,199304040IND-PHO,IND-1993,0,1993,351,60.49,schrede01-1993
millere01,38,4,199304040IND-IND,199304040IND-PHO,IND-1993,0,1993,152,60.49,millere01-1993
richapo01,38,7.7,199304040IND-IND,199304040IND-PHO,IND-1993,0,1993,292.6,60.49,richapo01-1993
davisda01,30,-2.5,199304040IND-IND,199304040IND-PHO,IND-1993,0,1993,-75,60.49,davisda01-1993
smitsri01,30,-4.7,199304040IND-IND,199304040IND-PHO,IND-1993,0,1993,-141,60.49,smitsri01-1993
thompla01,18,2,199304040IND-IND,199304040IND-PHO,IND-1993,0,1993,36,60.49,thompla01-1993
mccloge01,16,1.8,199304040IND-IND,199304040IND-PHO,IND-1993,0,1993,28.8,60.49,mccloge01-1993
willike03,11,0.7,199304040IND-IND,199304040IND-PHO,IND-1993,0,1993,7.699999999999999,60.49,willike03-1993
flemive01,10,-4.2,199304040IND-IND,199304040IND-PHO,IND-1993,0,1993,-42,60.49,flemive01-1993
mitchsa01,4,-1.3,199304040IND-IND,199304040IND-PHO,IND-1993,0,1993,-5.2,60.49,mitchsa01-1993
barklch01,42,0.7,199304060PHO-PHO,199304060PHO-LAL,PHO-1993,1,1993,29.4,87.88888888888889,barklch01-1993
johnske02,41,10.2,199304060PHO-PHO,199304060PHO-LAL,PHO-1993,1,1993,418.2,87.88888888888889,johnske02-1993
majerda01,41,8.3,199304060PHO-PHO,199304060PHO-LAL,PHO-1993,1,1993,340.3,87.88888888888889,majerda01-1993
milleol01,35,2,199304060PHO-PHO,199304060PHO-LAL,PHO-1993,1,1993,70,87.88888888888889,milleol01-1993
aingeda01,28,-1.8,199304060PHO-PHO,199304060PHO-LAL,PHO-1993,1,1993,-50.4,87.88888888888889,aingeda01-1993
cebalce01,23,2.1,199304060PHO-PHO,199304060PHO-LAL,PHO-1993,1,1993,48.300000000000004,87.88888888888889,cebalce01-1993
westma01,13,-2,199304060PHO-PHO,199304060PHO-LAL,PHO-1993,1,1993,-26,87.88888888888889,westma01-1993
dumasri02,10,-3.6,199304060PHO-PHO,199304060PHO-LAL,PHO-1993,1,1993,-36,87.88888888888889,dumasri02-1993
johnsfr01,7,-0.4,199304060PHO-PHO,199304060PHO-LAL,PHO-1993,1,1993,-2.8000000000000003,87.88888888888889,johnsfr01-1993
higgiro01,46,4.6,199304080SAC-SAC,199304080SAC-PHO,SAC-1993,0,1993,211.6,38.522222222222226,higgiro01-1993
bonnean01,41,-2.9,199304080SAC-SAC,199304080SAC-PHO,SAC-1993,0,1993,-118.89999999999999,38.522222222222226,bonnean01-1993
webbsp01,36,-0.8,199304080SAC-SAC,199304080SAC-PHO,SAC-1993,0,1993,-28.8,38.522222222222226,webbsp01-1993
causwdu01,31,7.1,199304080SAC-SAC,199304080SAC-PHO,SAC-1993,0,1993,220.1,38.522222222222226,causwdu01-1993
tisdawa01,31,1.6,199304080SAC-SAC,199304080SAC-PHO,SAC-1993,0,1993,49.6,38.522222222222226,tisdawa01-1993
rambiku01,28,2.9,199304080SAC-SAC,199304080SAC-PHO,SAC-1993,0,1993,81.2,38.522222222222226,rambiku01-1993
lesji01,16,-4.5,199304080SAC-SAC,199304080SAC-PHO,SAC-1993,0,1993,-72,38.522222222222226,lesji01-1993
brownra02,6,0.9,199304080SAC-SAC,199304080SAC-PHO,SAC-1993,0,1993,5.4,38.522222222222226,brownra02-1993
chilcpe01,5,-0.3,199304080SAC-SAC,199304080SAC-PHO,SAC-1993,0,1993,-1.5,38.522222222222226,chilcpe01-1993
majerda01,44,2.6,199304090PHO-PHO,199304090PHO-DEN,PHO-1993,1,1993,114.4,75.35000000000001,majerda01-1993
barklch01,42,13.3,199304090PHO-PHO,199304090PHO-DEN,PHO-1993,1,1993,558.6,75.35000000000001,barklch01-1993
aingeda01,30,2.8,199304090PHO-PHO,199304090PHO-DEN,PHO-1993,1,1993,84,75.35000000000001,aingeda01-1993
dumasri02,29,-3.6,199304090PHO-PHO,199304090PHO-DEN,PHO-1993,1,1993,-104.4,75.35000000000001,dumasri02-1993
johnsfr01,27,1.3,199304090PHO-PHO,199304090PHO-DEN,PHO-1993,1,1993,35.1,75.35000000000001,johnsfr01-1993
westma01,25,-2.9,199304090PHO-PHO,199304090PHO-DEN,PHO-1993,1,1993,-72.5,75.35000000000001,westma01-1993
milleol01,22,2.3,199304090PHO-PHO,199304090PHO-DEN,PHO-1993,1,1993,50.599999999999994,75.35000000000001,milleol01-1993
knighne01,21,-3,199304090PHO-PHO,199304090PHO-DEN,PHO-1993,1,1993,-63,75.35000000000001,knighne01-1993
majerda01,41,8,199304110PHO-PHO,199304110PHO-UTA,PHO-1993,1,1993,328,101.52222222222223,majerda01-1993
johnske02,40,0.1,199304110PHO-PHO,199304110PHO-UTA,PHO-1993,1,1993,4,101.52222222222223,johnske02-1993
barklch01,37,9.1,199304110PHO-PHO,199304110PHO-UTA,PHO-1993,1,1993,336.7,101.52222222222223,barklch01-1993
dumasri02,35,4.7,199304110PHO-PHO,199304110PHO-UTA,PHO-1993,1,1993,164.5,101.52222222222223,dumasri02-1993
aingeda01,32,4.6,199304110PHO-PHO,199304110PHO-UTA,PHO-1993,1,1993,147.2,101.52222222222223,aingeda01-1993
westma01,31,-0.7,199304110PHO-PHO,199304110PHO-UTA,PHO-1993,1,1993,-21.7,101.52222222222223,westma01-1993
milleol01,20,-2.2,199304110PHO-PHO,199304110PHO-UTA,PHO-1993,1,1993,-44,101.52222222222223,milleol01-1993
kemptti01,2,-0.8,199304110PHO-PHO,199304110PHO-UTA,PHO-1993,1,1993,-1.6,101.52222222222223,kemptti01-1993
stivral01,2,0.3,199304110PHO-PHO,199304110PHO-UTA,PHO-1993,1,1993,0.6,101.52222222222223,stivral01-1993
jacksma01,42,9.6,199304120LAC-LAC,199304120LAC-PHO,LAC-1993,1,1993,403.2,55.08888888888889,jacksma01-1993
normake01,39,-3.1,199304120LAC-LAC,199304120LAC-PHO,LAC-1993,1,1993,-120.9,55.08888888888889,normake01-1993
mannida01,36,6.2,199304120LAC-LAC,199304120LAC-PHO,LAC-1993,1,1993,223.20000000000002,55.08888888888889,mannida01-1993
harpero01,35,-0.9,199304120LAC-LAC,199304120LAC-PHO,LAC-1993,1,1993,-31.5,55.08888888888889,harpero01-1993
willijo02,24,-1.2,199304120LAC-LAC,199304120LAC-PHO,LAC-1993,1,1993,-28.799999999999997,55.08888888888889,willijo02-1993
vaughlo01,21,2.7,199304120LAC-LAC,199304120LAC-PHO,LAC-1993,1,1993,56.7,55.08888888888889,vaughlo01-1993
connele01,19,-1.7,199304120LAC-LAC,199304120LAC-PHO,LAC-1993,1,1993,-32.3,55.08888888888889,connele01-1993
spencel01,17,0.8,199304120LAC-LAC,199304120LAC-PHO,LAC-1993,1,1993,13.600000000000001,55.08888888888889,spencel01-1993
grantga01,7,1.8,199304120LAC-LAC,199304120LAC-PHO,LAC-1993,1,1993,12.6,55.08888888888889,grantga01-1993
majerda01,43,10.5,199304140PHO-PHO,199304140PHO-MIN,PHO-1993,1,1993,451.5,64.84444444444445,majerda01-1993
cebalce01,38,2.4,199304140PHO-PHO,199304140PHO-MIN,PHO-1993,1,1993,91.2,64.84444444444445,cebalce01-1993
dumasri02,38,1,199304140PHO-PHO,199304140PHO-MIN,PHO-1993,1,1993,38,64.84444444444445,dumasri02-1993
johnske02,35,-2.2,199304140PHO-PHO,199304140PHO-MIN,PHO-1993,1,1993,-77,64.84444444444445,johnske02-1993
aingeda01,24,-4.1,199304140PHO-PHO,199304140PHO-MIN,PHO-1993,1,1993,-98.39999999999999,64.84444444444445,aingeda01-1993
westma01,23,-0.2,199304140PHO-PHO,199304140PHO-MIN,PHO-1993,1,1993,-4.6000000000000005,64.84444444444445,westma01-1993
milleol01,23,7.7,199304140PHO-PHO,199304140PHO-MIN,PHO-1993,1,1993,177.1,64.84444444444445,milleol01-1993
chambto01,15,0.3,199304140PHO-PHO,199304140PHO-MIN,PHO-1993,1,1993,4.5,64.84444444444445,chambto01-1993
johnsfr01,1,1.3,199304140PHO-PHO,199304140PHO-MIN,PHO-1993,1,1993,1.3,64.84444444444445,johnsfr01-1993
johnske02,39,-3.7,199304160PHO-PHO,199304160PHO-SEA,PHO-1993,0,1993,-144.3,27,johnske02-1993
majerda01,38,1.6,199304160PHO-PHO,199304160PHO-SEA,PHO-1993,0,1993,60.800000000000004,27,majerda01-1993
chambto01,33,2.1,199304160PHO-PHO,199304160PHO-SEA,PHO-1993,0,1993,69.3,27,chambto01-1993
cebalce01,32,3.4,199304160PHO-PHO,199304160PHO-SEA,PHO-1993,0,1993,108.8,27,cebalce01-1993
dumasri02,26,-4.5,199304160PHO-PHO,199304160PHO-SEA,PHO-1993,0,1993,-117,27,dumasri02-1993
milleol01,26,8.5,199304160PHO-PHO,199304160PHO-SEA,PHO-1993,0,1993,221,27,milleol01-1993
mustaje01,20,-0.2,199304160PHO-PHO,199304160PHO-SEA,PHO-1993,0,1993,-4,27,mustaje01-1993
johnsfr01,16,0.9,199304160PHO-PHO,199304160PHO-SEA,PHO-1993,0,1993,14.4,27,johnsfr01-1993
westma01,10,3.4,199304160PHO-PHO,199304160PHO-SEA,PHO-1993,0,1993,34,27,westma01-1993
malonka01,40,5.9,199304170UTA-UTA,199304170UTA-PHO,UTA-1993,1,1993,236,46.054545454545455,malonka01-1993
stockjo01,38,6.3,199304170UTA-UTA,199304170UTA-PHO,UTA-1993,1,1993,239.4,46.054545454545455,stockjo01-1993
benoida01,28,2.2,199304170UTA-UTA,199304170UTA-PHO,UTA-1993,1,1993,61.60000000000001,46.054545454545455,benoida01-1993
corbity01,28,1,199304170UTA-UTA,199304170UTA-PHO,UTA-1993,1,1993,28,46.054545454545455,corbity01-1993
malonje01,25,-3.4,199304170UTA-UTA,199304170UTA-PHO,UTA-1993,1,1993,-85,46.054545454545455,malonje01-1993
austiis01,22,-4.1,199304170UTA-UTA,199304170UTA-PHO,UTA-1993,1,1993,-90.19999999999999,46.054545454545455,austiis01-1993
donalja01,21,1.7,199304170UTA-UTA,199304170UTA-PHO,UTA-1993,1,1993,35.699999999999996,46.054545454545455,donalja01-1993
humphja01,19,3.6,199304170UTA-UTA,199304170UTA-PHO,UTA-1993,1,1993,68.4,46.054545454545455,humphja01-1993
brownmi01,7,2.5,199304170UTA-UTA,199304170UTA-PHO,UTA-1993,1,1993,17.5,46.054545454545455,brownmi01-1993
crottjo01,6,2.4,199304170UTA-UTA,199304170UTA-PHO,UTA-1993,1,1993,14.399999999999999,46.054545454545455,crottjo01-1993
howarst01,6,-3.2,199304170UTA-UTA,199304170UTA-PHO,UTA-1993,1,1993,-19.200000000000003,46.054545454545455,howarst01-1993
aingeda01,30,-10.2,199304190PHO-PHO,199304190PHO-HOU,PHO-1993,0,1993,-306,-7.845454545454547,aingeda01-1993
johnske02,27,6.6,199304190PHO-PHO,199304190PHO-HOU,PHO-1993,0,1993,178.2,-7.845454545454547,johnske02-1993
mustaje01,27,-2.9,199304190PHO-PHO,199304190PHO-HOU,PHO-1993,0,1993,-78.3,-7.845454545454547,mustaje01-1993
cebalce01,26,-1.4,199304190PHO-PHO,199304190PHO-HOU,PHO-1993,0,1993,-36.4,-7.845454545454547,cebalce01-1993
chambto01,25,-1.4,199304190PHO-PHO,199304190PHO-HOU,PHO-1993,0,1993,-35,-7.845454545454547,chambto01-1993
westma01,22,-0.8,199304190PHO-PHO,199304190PHO-HOU,PHO-1993,0,1993,-17.6,-7.845454545454547,westma01-1993
knighne01,22,8,199304190PHO-PHO,199304190PHO-HOU,PHO-1993,0,1993,176,-7.845454545454547,knighne01-1993
majerda01,21,-0.7,199304190PHO-PHO,199304190PHO-HOU,PHO-1993,0,1993,-14.7,-7.845454545454547,majerda01-1993
kemptti01,18,0,199304190PHO-PHO,199304190PHO-HOU,PHO-1993,0,1993,0,-7.845454545454547,kemptti01-1993
milleol01,13,4,199304190PHO-PHO,199304190PHO-HOU,PHO-1993,0,1993,52,-7.845454545454547,milleol01-1993
johnsfr01,9,-0.5,199304190PHO-PHO,199304190PHO-HOU,PHO-1993,0,1993,-4.5,-7.845454545454547,johnsfr01-1993
stricro02,39,3.2,199304220POR-POR,199304220POR-PHO,POR-1993,0,1993,124.80000000000001,59.025,stricro02-1993
robincl02,34,-1.8,199304220POR-POR,199304220POR-PHO,POR-1993,0,1993,-61.2,59.025,robincl02-1993
portete01,32,6.7,199304220POR-POR,199304220POR-PHO,POR-1993,0,1993,214.4,59.025,portete01-1993
bryanma01,31,-4.7,199304220POR-POR,199304220POR-PHO,POR-1993,0,1993,-145.70000000000002,59.025,bryanma01-1993
willibu01,31,5.1,199304220POR-POR,199304220POR-PHO,POR-1993,0,1993,158.1,59.025,willibu01-1993
kerseje01,30,3.2,199304220POR-POR,199304220POR-PHO,POR-1993,0,1993,96,59.025,kerseje01-1993
eliema01,25,4.8,199304220POR-POR,199304220POR-PHO,POR-1993,0,1993,120,59.025,eliema01-1993
duckwke01,18,-1.9,199304220POR-POR,199304220POR-PHO,POR-1993,0,1993,-34.199999999999996,59.025,duckwke01-1993
majerda01,33,6.5,199304240PHO-PHO,199304240PHO-SAS,PHO-1993,1,1993,214.5,38.07272727272728,majerda01-1993
dumasri02,32,8.8,199304240PHO-PHO,199304240PHO-SAS,PHO-1993,1,1993,281.6,38.07272727272728,dumasri02-1993
chambto01,30,-3.1,199304240PHO-PHO,199304240PHO-SAS,PHO-1993,1,1993,-93,38.07272727272728,chambto01-1993
aingeda01,24,1,199304240PHO-PHO,199304240PHO-SAS,PHO-1993,1,1993,24,38.07272727272728,aingeda01-1993
milleol01,24,-0.6,199304240PHO-PHO,199304240PHO-SAS,PHO-1993,1,1993,-14.399999999999999,38.07272727272728,milleol01-1993
cebalce01,23,2.2,199304240PHO-PHO,199304240PHO-SAS,PHO-1993,1,1993,50.6,38.07272727272728,cebalce01-1993
knighne01,19,-3.4,199304240PHO-PHO,199304240PHO-SAS,PHO-1993,1,1993,-64.6,38.07272727272728,knighne01-1993
westma01,18,-0.3,199304240PHO-PHO,199304240PHO-SAS,PHO-1993,1,1993,-5.3999999999999995,38.07272727272728,westma01-1993
barklch01,15,0.1,199304240PHO-PHO,199304240PHO-SAS,PHO-1993,1,1993,1.5,38.07272727272728,barklch01-1993
johnsfr01,13,-0.3,199304240PHO-PHO,199304240PHO-SAS,PHO-1993,1,1993,-3.9,38.07272727272728,johnsfr01-1993
mustaje01,9,3.1,199304240PHO-PHO,199304240PHO-SAS,PHO-1993,1,1993,27.900000000000002,38.07272727272728,mustaje01-1993
liberma01,39,4,199304250DEN-DEN,199304250DEN-PHO,DEN-1993,1,1993,156,58.89,liberma01-1993
mutomdi01,38,5.1,199304250DEN-DEN,199304250DEN-PHO,DEN-1993,1,1993,193.79999999999998,58.89,mutomdi01-1993
ellisla01,37,5.4,199304250DEN-DEN,199304250DEN-PHO,DEN-1993,1,1993,199.8,58.89,ellisla01-1993
abdulma02,35,0.1,199304250DEN-DEN,199304250DEN-PHO,DEN-1993,1,1993,3.5,58.89,abdulma02-1993
packro01,28,5.5,199304250DEN-DEN,199304250DEN-PHO,DEN-1993,1,1993,154,58.89,packro01-1993
maconma01,21,-0.1,199304250DEN-DEN,199304250DEN-PHO,DEN-1993,1,1993,-2.1,58.89,maconma01-1993
plummga01,21,-3,199304250DEN-DEN,199304250DEN-PHO,DEN-1993,1,1993,-63,58.89,plummga01-1993
brookke01,11,-4.7,199304250DEN-DEN,199304250DEN-PHO,DEN-1993,1,1993,-51.7,58.89,brookke01-1993
hastisc01,6,0.3,199304250DEN-DEN,199304250DEN-PHO,DEN-1993,1,1993,1.7999999999999998,58.89,hastisc01-1993
werdaro01,4,-0.8,199304250DEN-DEN,199304250DEN-PHO,DEN-1993,1,1993,-3.2,58.89,werdaro01-1993
jacksma01,37,5.1,199211070PHO-LAC,199211070PHO-PHO,LAC-1993,0,1993,188.7,32.379999999999995,jacksma01-1993
harpero01,35,2.1,199211070PHO-LAC,199211070PHO-PHO,LAC-1993,0,1993,73.5,32.379999999999995,harpero01-1993
normake01,35,-2.1,199211070PHO-LAC,199211070PHO-PHO,LAC-1993,0,1993,-73.5,32.379999999999995,normake01-1993
mannida01,31,2.3,199211070PHO-LAC,199211070PHO-PHO,LAC-1993,0,1993,71.3,32.379999999999995,mannida01-1993
willijo02,29,2.3,199211070PHO-LAC,199211070PHO-PHO,LAC-1993,0,1993,66.69999999999999,32.379999999999995,willijo02-1993
roberst01,18,1.7,199211070PHO-LAC,199211070PHO-PHO,LAC-1993,0,1993,30.599999999999998,32.379999999999995,roberst01-1993
vandeki01,18,2.2,199211070PHO-LAC,199211070PHO-PHO,LAC-1993,0,1993,39.6,32.379999999999995,vandeki01-1993
grantga01,16,-2.8,199211070PHO-LAC,199211070PHO-PHO,LAC-1993,0,1993,-44.8,32.379999999999995,grantga01-1993
spencel01,11,-2.3,199211070PHO-LAC,199211070PHO-PHO,LAC-1993,0,1993,-25.299999999999997,32.379999999999995,spencel01-1993
jacksja01,10,-0.3,199211070PHO-LAC,199211070PHO-PHO,LAC-1993,0,1993,-3,32.379999999999995,jacksja01-1993
barklch01,40,12,199211100POR-PHO,199211100POR-POR,PHO-1993,0,1993,480,37.5,barklch01-1993
knighne01,38,3.7,199211100POR-PHO,199211100POR-POR,PHO-1993,0,1993,140.6,37.5,knighne01-1993
majerda01,38,-3.2,199211100POR-PHO,199211100POR-POR,PHO-1993,0,1993,-121.60000000000001,37.5,majerda01-1993
aingeda01,29,-4.7,199211100POR-PHO,199211100POR-POR,PHO-1993,0,1993,-136.3,37.5,aingeda01-1993
cebalce01,25,-0.2,199211100POR-PHO,199211100POR-POR,PHO-1993,0,1993,-5,37.5,cebalce01-1993
westma01,24,2.1,199211100POR-PHO,199211100POR-POR,PHO-1993,0,1993,50.400000000000006,37.5,westma01-1993
milleol01,19,3.1,199211100POR-PHO,199211100POR-POR,PHO-1993,0,1993,58.9,37.5,milleol01-1993
chambto01,14,-3.2,199211100POR-PHO,199211100POR-POR,PHO-1993,0,1993,-44.800000000000004,37.5,chambto01-1993
johnsfr01,6,-0.2,199211100POR-PHO,199211100POR-POR,PHO-1993,0,1993,-1.2000000000000002,37.5,johnsfr01-1993
rambiku01,6,-1.4,199211100POR-PHO,199211100POR-POR,PHO-1993,0,1993,-8.399999999999999,37.5,rambiku01-1993
stivral01,1,-0.1,199211100POR-PHO,199211100POR-POR,PHO-1993,0,1993,-0.1,37.5,stivral01-1993
barklch01,41,6.3,199211120UTA-PHO,199211120UTA-UTA,PHO-1993,1,1993,258.3,66.48,barklch01-1993
majerda01,35,2,199211120UTA-PHO,199211120UTA-UTA,PHO-1993,1,1993,70,66.48,majerda01-1993
cebalce01,34,8.4,199211120UTA-PHO,199211120UTA-UTA,PHO-1993,1,1993,285.6,66.48,cebalce01-1993
knighne01,30,0.5,199211120UTA-PHO,199211120UTA-UTA,PHO-1993,1,1993,15,66.48,knighne01-1993
aingeda01,25,-1.8,199211120UTA-PHO,199211120UTA-UTA,PHO-1993,1,1993,-45,66.48,aingeda01-1993
milleol01,19,-1.2,199211120UTA-PHO,199211120UTA-UTA,PHO-1993,1,1993,-22.8,66.48,milleol01-1993
westma01,18,3,199211120UTA-PHO,199211120UTA-UTA,PHO-1993,1,1993,54,66.48,westma01-1993
rambiku01,17,1.9,199211120UTA-PHO,199211120UTA-UTA,PHO-1993,1,1993,32.3,66.48,rambiku01-1993
johnsfr01,15,1.4,199211120UTA-PHO,199211120UTA-UTA,PHO-1993,1,1993,21,66.48,johnsfr01-1993
chambto01,6,-0.6,199211120UTA-PHO,199211120UTA-UTA,PHO-1993,1,1993,-3.5999999999999996,66.48,chambto01-1993
barklch01,44,-1.6,199211140MIN-PHO,199211140MIN-MIN,PHO-1993,1,1993,-70.4,48.91,barklch01-1993
majerda01,40,5.1,199211140MIN-PHO,199211140MIN-MIN,PHO-1993,1,1993,204,48.91,majerda01-1993
chambto01,35,9.2,199211140MIN-PHO,199211140MIN-MIN,PHO-1993,1,1993,322,48.91,chambto01-1993
aingeda01,33,3.1,199211140MIN-PHO,199211140MIN-MIN,PHO-1993,1,1993,102.3,48.91,aingeda01-1993
knighne01,24,-4.9,199211140MIN-PHO,199211140MIN-MIN,PHO-1993,1,1993,-117.60000000000001,48.91,knighne01-1993
johnsfr01,24,4.3,199211140MIN-PHO,199211140MIN-MIN,PHO-1993,1,1993,103.19999999999999,48.91,johnsfr01-1993
westma01,16,-2.8,199211140MIN-PHO,199211140MIN-MIN,PHO-1993,1,1993,-44.8,48.91,westma01-1993
milleol01,12,-1.5,199211140MIN-PHO,199211140MIN-MIN,PHO-1993,1,1993,-18,48.91,milleol01-1993
cebalce01,6,0.7,199211140MIN-PHO,199211140MIN-MIN,PHO-1993,1,1993,4.199999999999999,48.91,cebalce01-1993
rambiku01,6,0.7,199211140MIN-PHO,199211140MIN-MIN,PHO-1993,1,1993,4.199999999999999,48.91,rambiku01-1993
barroda01,41,-0.4,199211160PHO-SEA,199211160PHO-PHO,SEA-1993,0,1993,-16.400000000000002,29.41,barroda01-1993
mckeyde01,35,5.4,199211160PHO-SEA,199211160PHO-PHO,SEA-1993,0,1993,189,29.41,mckeyde01-1993
kempsh01,31,1.3,199211160PHO-SEA,199211160PHO-PHO,SEA-1993,0,1993,40.300000000000004,29.41,kempsh01-1993
mcmilna01,31,2.2,199211160PHO-SEA,199211160PHO-PHO,SEA-1993,0,1993,68.2,29.41,mcmilna01-1993
paytoga01,30,1.7,199211160PHO-SEA,199211160PHO-PHO,SEA-1993,0,1993,51,29.41,paytoga01-1993
cagemi01,23,-1.8,199211160PHO-SEA,199211160PHO-PHO,SEA-1993,0,1993,-41.4,29.41,cagemi01-1993
johnsed03,19,-3.2,199211160PHO-SEA,199211160PHO-PHO,SEA-1993,0,1993,-60.800000000000004,29.41,johnsed03-1993
piercri01,14,1.5,199211160PHO-SEA,199211160PHO-PHO,SEA-1993,0,1993,21,29.41,piercri01-1993
paddige01,11,3.7,199211160PHO-SEA,199211160PHO-PHO,SEA-1993,0,1993,40.7,29.41,paddige01-1993
schefst01,5,0.5,199211160PHO-SEA,199211160PHO-PHO,SEA-1993,0,1993,2.5,29.41,schefst01-1993
simmoli01,32,-3.3,199211180PHO-SAC,199211180PHO-PHO,SAC-1993,0,1993,-105.6,-5.8583333333333325,simmoli01-1993
richmmi01,29,-7.8,199211180PHO-SAC,199211180PHO-PHO,SAC-1993,0,1993,-226.2,-5.8583333333333325,richmmi01-1993
brownra02,28,3.7,199211180PHO-SAC,199211180PHO-PHO,SAC-1993,0,1993,103.60000000000001,-5.8583333333333325,brownra02-1993
williwa02,28,1.8,199211180PHO-SAC,199211180PHO-PHO,SAC-1993,0,1993,50.4,-5.8583333333333325,williwa02-1993
causwdu01,25,0.1,199211180PHO-SAC,199211180PHO-PHO,SAC-1993,0,1993,2.5,-5.8583333333333325,causwdu01-1993
tisdawa01,25,2.7,199211180PHO-SAC,199211180PHO-PHO,SAC-1993,0,1993,67.5,-5.8583333333333325,tisdawa01-1993
lesji01,18,-0.9,199211180PHO-SAC,199211180PHO-PHO,SAC-1993,0,1993,-16.2,-5.8583333333333325,lesji01-1993
askewvi01,14,-0.6,199211180PHO-SAC,199211180PHO-PHO,SAC-1993,0,1993,-8.4,-5.8583333333333325,askewvi01-1993
bonnean01,14,4.1,199211180PHO-SAC,199211180PHO-PHO,SAC-1993,0,1993,57.39999999999999,-5.8583333333333325,bonnean01-1993
chilcpe01,12,3.8,199211180PHO-SAC,199211180PHO-PHO,SAC-1993,0,1993,45.599999999999994,-5.8583333333333325,chilcpe01-1993
conloma01,11,-3.9,199211180PHO-SAC,199211180PHO-PHO,SAC-1993,0,1993,-42.9,-5.8583333333333325,conloma01-1993
kimbrst01,4,0.5,199211180PHO-SAC,199211180PHO-PHO,SAC-1993,0,1993,2,-5.8583333333333325,kimbrst01-1993
barklch01,46,15.7,199211210LAC-PHO,199211210LAC-LAC,PHO-1993,0,1993,722.1999999999999,85.32222222222222,barklch01-1993
johnske02,41,-5.8,199211210LAC-PHO,199211210LAC-LAC,PHO-1993,0,1993,-237.79999999999998,85.32222222222222,johnske02-1993
majerda01,41,7.9,199211210LAC-PHO,199211210LAC-LAC,PHO-1993,0,1993,323.90000000000003,85.32222222222222,majerda01-1993
aingeda01,31,-1,199211210LAC-PHO,199211210LAC-LAC,PHO-1993,0,1993,-31,85.32222222222222,aingeda01-1993
milleol01,26,2.1,199211210LAC-PHO,199211210LAC-LAC,PHO-1993,0,1993,54.6,85.32222222222222,milleol01-1993
cebalce01,22,0.8,199211210LAC-PHO,199211210LAC-LAC,PHO-1993,0,1993,17.6,85.32222222222222,cebalce01-1993
chambto01,14,-3.6,199211210LAC-PHO,199211210LAC-LAC,PHO-1993,0,1993,-50.4,85.32222222222222,chambto01-1993
westma01,13,-2.4,199211210LAC-PHO,199211210LAC-LAC,PHO-1993,0,1993,-31.2,85.32222222222222,westma01-1993
knighne01,6,0,199211210LAC-PHO,199211210LAC-LAC,PHO-1993,0,1993,0,85.32222222222222,knighne01-1993
jordami01,39,15.7,199211220PHO-CHI,199211220PHO-PHO,CHI-1993,1,1993,612.3,73.54166666666666,jordami01-1993
grantho01,37,4,199211220PHO-CHI,199211220PHO-PHO,CHI-1993,1,1993,148,73.54166666666666,grantho01-1993
pippesc01,36,3.2,199211220PHO-CHI,199211220PHO-PHO,CHI-1993,1,1993,115.2,73.54166666666666,pippesc01-1993
armstbj01,29,3.9,199211220PHO-CHI,199211220PHO-PHO,CHI-1993,1,1993,113.1,73.54166666666666,armstbj01-1993
mccraro01,27,-2.8,199211220PHO-CHI,199211220PHO-PHO,CHI-1993,1,1993,-75.6,73.54166666666666,mccraro01-1993
kingst01,22,-4.5,199211220PHO-CHI,199211220PHO-PHO,CHI-1993,1,1993,-99,73.54166666666666,kingst01-1993
cartwbi01,19,-0.7,199211220PHO-CHI,199211220PHO-PHO,CHI-1993,1,1993,-13.299999999999999,73.54166666666666,cartwbi01-1993
paxsojo01,19,3.6,199211220PHO-CHI,199211220PHO-PHO,CHI-1993,1,1993,68.4,73.54166666666666,paxsojo01-1993
willico01,4,0.8,199211220PHO-CHI,199211220PHO-PHO,CHI-1993,1,1993,3.2,73.54166666666666,willico01-1993
perduwi01,3,2.3,199211220PHO-CHI,199211220PHO-PHO,CHI-1993,1,1993,6.8999999999999995,73.54166666666666,perduwi01-1993
willisc01,3,1.3,199211220PHO-CHI,199211220PHO-PHO,CHI-1993,1,1993,3.9000000000000004,73.54166666666666,willisc01-1993
tucketr01,2,-0.3,199211220PHO-CHI,199211220PHO-PHO,CHI-1993,1,1993,-0.6,73.54166666666666,tucketr01-1993
drexlcl01,38,8.3,199211250PHO-POR,199211250PHO-PHO,POR-1993,0,1993,315.40000000000003,51.27000000000001,drexlcl01-1993
portete01,32,-9.6,199211250PHO-POR,199211250PHO-PHO,POR-1993,0,1993,-307.2,51.27000000000001,portete01-1993
kerseje01,31,3.5,199211250PHO-POR,199211250PHO-PHO,POR-1993,0,1993,108.5,51.27000000000001,kerseje01-1993
robincl02,31,8.9,199211250PHO-POR,199211250PHO-PHO,POR-1993,0,1993,275.90000000000003,51.27000000000001,robincl02-1993
willibu01,30,-2.6,199211250PHO-POR,199211250PHO-PHO,POR-1993,0,1993,-78,51.27000000000001,willibu01-1993
stricro02,28,7.8,199211250PHO-POR,199211250PHO-PHO,POR-1993,0,1993,218.4,51.27000000000001,stricro02-1993
bryanma01,18,1.3,199211250PHO-POR,199211250PHO-PHO,POR-1993,0,1993,23.400000000000002,51.27000000000001,bryanma01-1993
eliema01,17,-3.8,199211250PHO-POR,199211250PHO-PHO,POR-1993,0,1993,-64.6,51.27000000000001,eliema01-1993
duckwke01,14,1.5,199211250PHO-POR,199211250PHO-PHO,POR-1993,0,1993,21,51.27000000000001,duckwke01-1993
murratr01,1,-0.1,199211250PHO-POR,199211250PHO-PHO,POR-1993,0,1993,-0.1,51.27000000000001,murratr01-1993
hardati01,43,2.7,199211270PHO-GSW,199211270PHO-PHO,GSW-1993,0,1993,116.10000000000001,19.608333333333334,hardati01-1993
mullich01,42,4.8,199211270PHO-GSW,199211270PHO-PHO,GSW-1993,0,1993,201.6,19.608333333333334,mullich01-1993
owensbi01,30,-0.5,199211270PHO-GSW,199211270PHO-PHO,GSW-1993,0,1993,-15,19.608333333333334,owensbi01-1993
hillty01,25,-3,199211270PHO-GSW,199211270PHO-PHO,GSW-1993,0,1993,-75,19.608333333333334,hillty01-1993
houstby01,22,3.4,199211270PHO-GSW,199211270PHO-PHO,GSW-1993,0,1993,74.8,19.608333333333334,houstby01-1993
grayeje01,20,-1.5,199211270PHO-GSW,199211270PHO-PHO,GSW-1993,0,1993,-30,19.608333333333334,grayeje01-1993
alexavi01,16,0.6,199211270PHO-GSW,199211270PHO-PHO,GSW-1993,0,1993,9.6,19.608333333333334,alexavi01-1993
buechju01,12,-4.4,199211270PHO-GSW,199211270PHO-PHO,GSW-1993,0,1993,-52.800000000000004,19.608333333333334,buechju01-1993
listeal01,9,0.6,199211270PHO-GSW,199211270PHO-PHO,GSW-1993,0,1993,5.3999999999999995,19.608333333333334,listeal01-1993
gatlich01,9,0.9,199211270PHO-GSW,199211270PHO-PHO,GSW-1993,0,1993,8.1,19.608333333333334,gatlich01-1993
nealyed01,9,-1.5,199211270PHO-GSW,199211270PHO-PHO,GSW-1993,0,1993,-13.5,19.608333333333334,nealyed01-1993
presspa01,3,2,199211270PHO-GSW,199211270PHO-PHO,GSW-1993,0,1993,6,19.608333333333334,presspa01-1993
majerda01,43,6.8,199211280GSW-PHO,199211280GSW-GSW,PHO-1993,0,1993,292.4,40.94,majerda01-1993
barklch01,41,-1.5,199211280GSW-PHO,199211280GSW-GSW,PHO-1993,0,1993,-61.5,40.94,barklch01-1993
knighne01,26,-0.8,199211280GSW-PHO,199211280GSW-GSW,PHO-1993,0,1993,-20.8,40.94,knighne01-1993
johnsfr01,25,9.2,199211280GSW-PHO,199211280GSW-GSW,PHO-1993,0,1993,229.99999999999997,40.94,johnsfr01-1993
aingeda01,23,-2.7,199211280GSW-PHO,199211280GSW-GSW,PHO-1993,0,1993,-62.1,40.94,aingeda01-1993
cebalce01,23,0.7,199211280GSW-PHO,199211280GSW-GSW,PHO-1993,0,1993,16.099999999999998,40.94,cebalce01-1993
chambto01,23,3.9,199211280GSW-PHO,199211280GSW-GSW,PHO-1993,0,1993,89.7,40.94,chambto01-1993
milleol01,18,-3.2,199211280GSW-PHO,199211280GSW-GSW,PHO-1993,0,1993,-57.6,40.94,milleol01-1993
westma01,12,-1.1,199211280GSW-PHO,199211280GSW-GSW,PHO-1993,0,1993,-13.200000000000001,40.94,westma01-1993
mustaje01,6,-0.6,199211280GSW-PHO,199211280GSW-GSW,PHO-1993,0,1993,-3.5999999999999996,40.94,mustaje01-1993
johnsla02,42,4.9,199212010PHO-CHH,199212010PHO-PHO,CHH-1993,0,1993,205.8,24.46,johnsla02-1993
boguemu01,39,13,199212010PHO-CHH,199212010PHO-PHO,CHH-1993,0,1993,507,24.46,boguemu01-1993
wingada01,36,-5.1,199212010PHO-CHH,199212010PHO-PHO,CHH-1993,0,1993,-183.6,24.46,wingada01-1993
curryde01,28,-4.8,199212010PHO-CHH,199212010PHO-PHO,CHH-1993,0,1993,-134.4,24.46,curryde01-1993
lynchke01,24,-1.8,199212010PHO-CHH,199212010PHO-PHO,CHH-1993,0,1993,-43.2,24.46,lynchke01-1993
mournal01,23,-1.5,199212010PHO-CHH,199212010PHO-PHO,CHH-1993,0,1993,-34.5,24.46,mournal01-1993
hammoto01,15,-1.2,199212010PHO-CHH,199212010PHO-PHO,CHH-1993,0,1993,-18,24.46,hammoto01-1993
reidjr01,13,-1.9,199212010PHO-CHH,199212010PHO-PHO,CHH-1993,0,1993,-24.7,24.46,reidjr01-1993
gattike01,11,0.4,199212010PHO-CHH,199212010PHO-PHO,CHH-1993,0,1993,4.4,24.46,gattike01-1993
benneto01,9,-3.8,199212010PHO-CHH,199212010PHO-PHO,CHH-1993,0,1993,-34.199999999999996,24.46,benneto01-1993
threase01,42,-6.8,199212040PHO-LAL,199212040PHO-PHO,LAL-1993,0,1993,-285.59999999999997,10.910000000000002,threase01-1993
perkisa01,38,3.4,199212040PHO-LAL,199212040PHO-PHO,LAL-1993,0,1993,129.2,10.910000000000002,perkisa01-1993
divacvl01,30,7.3,199212040PHO-LAL,199212040PHO-PHO,LAL-1993,0,1993,219,10.910000000000002,divacvl01-1993
smithto02,30,3.5,199212040PHO-LAL,199212040PHO-PHO,LAL-1993,0,1993,105,10.910000000000002,smithto02-1993
peelean01,24,-2,199212040PHO-LAL,199212040PHO-PHO,LAL-1993,0,1993,-48,10.910000000000002,peelean01-1993
worthja01,21,-3.7,199212040PHO-LAL,199212040PHO-PHO,LAL-1993,0,1993,-77.7,10.910000000000002,worthja01-1993
campbel01,20,5.1,199212040PHO-LAL,199212040PHO-PHO,LAL-1993,0,1993,102,10.910000000000002,campbel01-1993
edwarja01,18,-2.1,199212040PHO-LAL,199212040PHO-PHO,LAL-1993,0,1993,-37.800000000000004,10.910000000000002,edwarja01-1993
greenac01,16,0.2,199212040PHO-LAL,199212040PHO-PHO,LAL-1993,0,1993,3.2,10.910000000000002,greenac01-1993
coopedu01,1,-0.2,199212040PHO-LAL,199212040PHO-PHO,LAL-1993,0,1993,-0.2,10.910000000000002,coopedu01-1993
barklch01,32,-0.4,199212060MIL-PHO,199212060MIL-MIL,PHO-1993,1,1993,-12.8,51.14545454545454,barklch01-1993
majerda01,32,5.1,199212060MIL-PHO,199212060MIL-MIL,PHO-1993,1,1993,163.2,51.14545454545454,majerda01-1993
milleol01,31,6.6,199212060MIL-PHO,199212060MIL-MIL,PHO-1993,1,1993,204.6,51.14545454545454,milleol01-1993
knighne01,30,7.3,199212060MIL-PHO,199212060MIL-MIL,PHO-1993,1,1993,219,51.14545454545454,knighne01-1993
chambto01,25,-0.9,199212060MIL-PHO,199212060MIL-MIL,PHO-1993,1,1993,-22.5,51.14545454545454,chambto01-1993
cebalce01,23,1.4,199212060MIL-PHO,199212060MIL-MIL,PHO-1993,1,1993,32.199999999999996,51.14545454545454,cebalce01-1993
aingeda01,21,0.5,199212060MIL-PHO,199212060MIL-MIL,PHO-1993,1,1993,10.5,51.14545454545454,aingeda01-1993
johnsfr01,18,2.2,199212060MIL-PHO,199212060MIL-MIL,PHO-1993,1,1993,39.6,51.14545454545454,johnsfr01-1993
westma01,16,-2.5,199212060MIL-PHO,199212060MIL-MIL,PHO-1993,1,1993,-40,51.14545454545454,westma01-1993
mustaje01,8,-2.8,199212060MIL-PHO,199212060MIL-MIL,PHO-1993,1,1993,-22.4,51.14545454545454,mustaje01-1993
stivral01,4,-2.2,199212060MIL-PHO,199212060MIL-MIL,PHO-1993,1,1993,-8.8,51.14545454545454,stivral01-1993
barklch01,38,16.9,199212080NJN-PHO,199212080NJN-NJN,PHO-1993,1,1993,642.1999999999999,51.19999999999999,barklch01-1993
majerda01,34,-4.4,199212080NJN-PHO,199212080NJN-NJN,PHO-1993,1,1993,-149.60000000000002,51.19999999999999,majerda01-1993
knighne01,31,1.8,199212080NJN-PHO,199212080NJN-NJN,PHO-1993,1,1993,55.800000000000004,51.19999999999999,knighne01-1993
chambto01,27,-2,199212080NJN-PHO,199212080NJN-NJN,PHO-1993,1,1993,-54,51.19999999999999,chambto01-1993
aingeda01,23,6.2,199212080NJN-PHO,199212080NJN-NJN,PHO-1993,1,1993,142.6,51.19999999999999,aingeda01-1993
milleol01,22,0.2,199212080NJN-PHO,199212080NJN-NJN,PHO-1993,1,1993,4.4,51.19999999999999,milleol01-1993
westma01,18,-4.6,199212080NJN-PHO,199212080NJN-NJN,PHO-1993,1,1993,-82.8,51.19999999999999,westma01-1993
cebalce01,17,4.6,199212080NJN-PHO,199212080NJN-NJN,PHO-1993,1,1993,78.19999999999999,51.19999999999999,cebalce01-1993
johnsfr01,17,-3.2,199212080NJN-PHO,199212080NJN-NJN,PHO-1993,1,1993,-54.400000000000006,51.19999999999999,johnsfr01-1993
mustaje01,12,-1.6,199212080NJN-PHO,199212080NJN-NJN,PHO-1993,1,1993,-19.200000000000003,51.19999999999999,mustaje01-1993
kemptti01,1,0,199212080NJN-PHO,199212080NJN-NJN,PHO-1993,1,1993,0,51.19999999999999,kemptti01-1993
majerda01,42,2,199212090CHH-PHO,199212090CHH-CHH,PHO-1993,1,1993,84,74.92999999999999,majerda01-1993
barklch01,40,10.4,199212090CHH-PHO,199212090CHH-CHH,PHO-1993,1,1993,416,74.92999999999999,barklch01-1993
aingeda01,35,4.8,199212090CHH-PHO,199212090CHH-CHH,PHO-1993,1,1993,168,74.92999999999999,aingeda01-1993
knighne01,25,-1.3,199212090CHH-PHO,199212090CHH-CHH,PHO-1993,1,1993,-32.5,74.92999999999999,knighne01-1993
chambto01,25,0.9,199212090CHH-PHO,199212090CHH-CHH,PHO-1993,1,1993,22.5,74.92999999999999,chambto01-1993
johnsfr01,20,6.7,199212090CHH-PHO,199212090CHH-CHH,PHO-1993,1,1993,134,74.92999999999999,johnsfr01-1993
westma01,18,3.8,199212090CHH-PHO,199212090CHH-CHH,PHO-1993,1,1993,68.39999999999999,74.92999999999999,westma01-1993
cebalce01,17,-1.7,199212090CHH-PHO,199212090CHH-CHH,PHO-1993,1,1993,-28.9,74.92999999999999,cebalce01-1993
milleol01,15,-4.9,199212090CHH-PHO,199212090CHH-CHH,PHO-1993,1,1993,-73.5,74.92999999999999,milleol01-1993
mustaje01,3,-2.9,199212090CHH-PHO,199212090CHH-CHH,PHO-1993,1,1993,-8.7,74.92999999999999,mustaje01-1993
barklch01,41,2,199212110ORL-PHO,199212110ORL-ORL,PHO-1993,1,1993,82,61.18888888888888,barklch01-1993
majerda01,40,4.1,199212110ORL-PHO,199212110ORL-ORL,PHO-1993,1,1993,164,61.18888888888888,majerda01-1993
aingeda01,37,5.8,199212110ORL-PHO,199212110ORL-ORL,PHO-1993,1,1993,214.6,61.18888888888888,aingeda01-1993
knighne01,28,-1.5,199212110ORL-PHO,199212110ORL-ORL,PHO-1993,1,1993,-42,61.18888888888888,knighne01-1993
chambto01,26,6.3,199212110ORL-PHO,199212110ORL-ORL,PHO-1993,1,1993,163.79999999999998,61.18888888888888,chambto01-1993
cebalce01,20,-1,199212110ORL-PHO,199212110ORL-ORL,PHO-1993,1,1993,-20,61.18888888888888,cebalce01-1993
milleol01,19,2.7,199212110ORL-PHO,199212110ORL-ORL,PHO-1993,1,1993,51.300000000000004,61.18888888888888,milleol01-1993
johnsfr01,16,-5.4,199212110ORL-PHO,199212110ORL-ORL,PHO-1993,1,1993,-86.4,61.18888888888888,johnsfr01-1993
westma01,13,1.8,199212110ORL-PHO,199212110ORL-ORL,PHO-1993,1,1993,23.400000000000002,61.18888888888888,westma01-1993
barklch01,42,4.4,199212120MIA-PHO,199212120MIA-MIA,PHO-1993,1,1993,184.8,77.04444444444445,barklch01-1993
majerda01,41,4.3,199212120MIA-PHO,199212120MIA-MIA,PHO-1993,1,1993,176.29999999999998,77.04444444444445,majerda01-1993
aingeda01,32,9.6,199212120MIA-PHO,199212120MIA-MIA,PHO-1993,1,1993,307.2,77.04444444444445,aingeda01-1993
milleol01,28,6.3,199212120MIA-PHO,199212120MIA-MIA,PHO-1993,1,1993,176.4,77.04444444444445,milleol01-1993
cebalce01,24,5.7,199212120MIA-PHO,199212120MIA-MIA,PHO-1993,1,1993,136.8,77.04444444444445,cebalce01-1993
chambto01,24,-3.4,199212120MIA-PHO,199212120MIA-MIA,PHO-1993,1,1993,-81.6,77.04444444444445,chambto01-1993
knighne01,21,-5.1,199212120MIA-PHO,199212120MIA-MIA,PHO-1993,1,1993,-107.1,77.04444444444445,knighne01-1993
westma01,15,-4.2,199212120MIA-PHO,199212120MIA-MIA,PHO-1993,1,1993,-63,77.04444444444445,westma01-1993
johnsfr01,13,-2.8,199212120MIA-PHO,199212120MIA-MIA,PHO-1993,1,1993,-36.4,77.04444444444445,johnsfr01-1993
guglito01,40,6.4,199212150PHO-WSB,199212150PHO-PHO,WSB-1993,0,1993,256,12.808333333333334,guglito01-1993
grantha01,31,2.8,199212150PHO-WSB,199212150PHO-PHO,WSB-1993,0,1993,86.8,12.808333333333334,grantha01-1993
ellispe01,30,-3.3,199212150PHO-WSB,199212150PHO-PHO,WSB-1993,0,1993,-99,12.808333333333334,ellispe01-1993
adamsmi01,27,0.2,199212150PHO-WSB,199212150PHO-PHO,WSB-1993,0,1993,5.4,12.808333333333334,adamsmi01-1993
smithla02,26,2,199212150PHO-WSB,199212150PHO-PHO,WSB-1993,0,1993,52,12.808333333333334,smithla02-1993
chapmre01,21,-8.4,199212150PHO-WSB,199212150PHO-PHO,WSB-1993,0,1993,-176.4,12.808333333333334,chapmre01-1993
overtdo01,20,-1.8,199212150PHO-WSB,199212150PHO-PHO,WSB-1993,0,1993,-36,12.808333333333334,overtdo01-1993
macledo01,17,2.1,199212150PHO-WSB,199212150PHO-PHO,WSB-1993,0,1993,35.7,12.808333333333334,macledo01-1993
jonesch01,15,2.8,199212150PHO-WSB,199212150PHO-PHO,WSB-1993,0,1993,42,12.808333333333334,jonesch01-1993
stewala01,9,-1,199212150PHO-WSB,199212150PHO-PHO,WSB-1993,0,1993,-9,12.808333333333334,stewala01-1993
johnsbu01,2,-1.6,199212150PHO-WSB,199212150PHO-PHO,WSB-1993,0,1993,-3.2,12.808333333333334,johnsbu01-1993
pricebr01,2,-0.3,199212150PHO-WSB,199212150PHO-PHO,WSB-1993,0,1993,-0.6,12.808333333333334,pricebr01-1993
majerda01,42,5.5,199212180LAL-PHO,199212180LAL-LAL,PHO-1993,1,1993,231,77.26666666666667,majerda01-1993
barklch01,39,4.2,199212180LAL-PHO,199212180LAL-LAL,PHO-1993,1,1993,163.8,77.26666666666667,barklch01-1993
chambto01,36,1.8,199212180LAL-PHO,199212180LAL-LAL,PHO-1993,1,1993,64.8,77.26666666666667,chambto01-1993
cebalce01,27,9.4,199212180LAL-PHO,199212180LAL-LAL,PHO-1993,1,1993,253.8,77.26666666666667,cebalce01-1993
aingeda01,27,-3,199212180LAL-PHO,199212180LAL-LAL,PHO-1993,1,1993,-81,77.26666666666667,aingeda01-1993
knighne01,24,-2.8,199212180LAL-PHO,199212180LAL-LAL,PHO-1993,1,1993,-67.19999999999999,77.26666666666667,knighne01-1993
westma01,19,-0.4,199212180LAL-PHO,199212180LAL-LAL,PHO-1993,1,1993,-7.6000000000000005,77.26666666666667,westma01-1993
dumasri02,17,9.8,199212180LAL-PHO,199212180LAL-LAL,PHO-1993,1,1993,166.60000000000002,77.26666666666667,dumasri02-1993
johnsfr01,9,-3.2,199212180LAL-PHO,199212180LAL-LAL,PHO-1993,1,1993,-28.8,77.26666666666667,johnsfr01-1993
hardati01,46,3.5,199212220PHO-GSW,199212220PHO-PHO,GSW-1993,0,1993,161,79.05555555555556,hardati01-1993
mullich01,43,17,199212220PHO-GSW,199212220PHO-PHO,GSW-1993,0,1993,731,79.05555555555556,mullich01-1993
buechju01,34,0.8,199212220PHO-GSW,199212220PHO-PHO,GSW-1993,0,1993,27.200000000000003,79.05555555555556,buechju01-1993
sprewla01,31,-7,199212220PHO-GSW,199212220PHO-PHO,GSW-1993,0,1993,-217,79.05555555555556,sprewla01-1993
hillty01,23,-0.9,199212220PHO-GSW,199212220PHO-PHO,GSW-1993,0,1993,-20.7,79.05555555555556,hillty01-1993
alexavi01,20,7,199212220PHO-GSW,199212220PHO-PHO,GSW-1993,0,1993,140,79.05555555555556,alexavi01-1993
gatlich01,16,-0.3,199212220PHO-GSW,199212220PHO-PHO,GSW-1993,0,1993,-4.8,79.05555555555556,gatlich01-1993
presspa01,16,-5.2,199212220PHO-GSW,199212220PHO-PHO,GSW-1993,0,1993,-83.2,79.05555555555556,presspa01-1993
houstby01,11,-2,199212220PHO-GSW,199212220PHO-PHO,GSW-1993,0,1993,-22,79.05555555555556,houstby01-1993
majerda01,40,15.4,199212230DEN-PHO,199212230DEN-DEN,PHO-1993,1,1993,616,46.95454545454545,majerda01-1993
aingeda01,36,-6.7,199212230DEN-PHO,199212230DEN-DEN,PHO-1993,1,1993,-241.20000000000002,46.95454545454545,aingeda01-1993
cebalce01,30,2.9,199212230DEN-PHO,199212230DEN-DEN,PHO-1993,1,1993,87,46.95454545454545,cebalce01-1993
chambto01,30,-1.3,199212230DEN-PHO,199212230DEN-DEN,PHO-1993,1,1993,-39,46.95454545454545,chambto01-1993
knighne01,25,-0.4,199212230DEN-PHO,199212230DEN-DEN,PHO-1993,1,1993,-10,46.95454545454545,knighne01-1993
dumasri02,24,0.6,199212230DEN-PHO,199212230DEN-DEN,PHO-1993,1,1993,14.399999999999999,46.95454545454545,dumasri02-1993
westma01,18,-2.2,199212230DEN-PHO,199212230DEN-DEN,PHO-1993,1,1993,-39.6,46.95454545454545,westma01-1993
johnsfr01,18,-0.7,199212230DEN-PHO,199212230DEN-DEN,PHO-1993,1,1993,-12.6,46.95454545454545,johnsfr01-1993
barklch01,17,8.2,199212230DEN-PHO,199212230DEN-DEN,PHO-1993,1,1993,139.39999999999998,46.95454545454545,barklch01-1993
kemptti01,1,0,199212230DEN-PHO,199212230DEN-DEN,PHO-1993,1,1993,0,46.95454545454545,kemptti01-1993
stivral01,1,2.1,199212230DEN-PHO,199212230DEN-DEN,PHO-1993,1,1993,2.1,46.95454545454545,stivral01-1993
mckeyde01,34,3.2,199212260PHO-SEA,199212260PHO-PHO,SEA-1993,0,1993,108.80000000000001,52.199999999999996,mckeyde01-1993
piercri01,33,-5.4,199212260PHO-SEA,199212260PHO-PHO,SEA-1993,0,1993,-178.20000000000002,52.199999999999996,piercri01-1993
mcmilna01,33,10.2,199212260PHO-SEA,199212260PHO-PHO,SEA-1993,0,1993,336.59999999999997,52.199999999999996,mcmilna01-1993
paytoga01,30,11.4,199212260PHO-SEA,199212260PHO-PHO,SEA-1993,0,1993,342,52.199999999999996,paytoga01-1993
johnsed03,24,4.5,199212260PHO-SEA,199212260PHO-PHO,SEA-1993,0,1993,108,52.199999999999996,johnsed03-1993
barroda01,22,-5.1,199212260PHO-SEA,199212260PHO-PHO,SEA-1993,0,1993,-112.19999999999999,52.199999999999996,barroda01-1993
cagemi01,20,-1.4,199212260PHO-SEA,199212260PHO-PHO,SEA-1993,0,1993,-28,52.199999999999996,cagemi01-1993
schefst01,20,2.2,199212260PHO-SEA,199212260PHO-PHO,SEA-1993,0,1993,44,52.199999999999996,schefst01-1993
askewvi01,18,-6.2,199212260PHO-SEA,199212260PHO-PHO,SEA-1993,0,1993,-111.60000000000001,52.199999999999996,askewvi01-1993
paddige01,6,2.1,199212260PHO-SEA,199212260PHO-PHO,SEA-1993,0,1993,12.600000000000001,52.199999999999996,paddige01-1993
ellisla01,36,-2.2,199212270PHO-DEN,199212270PHO-PHO,DEN-1993,0,1993,-79.2,-27.766666666666666,ellisla01-1993
abdulma02,26,-3.8,199212270PHO-DEN,199212270PHO-PHO,DEN-1993,0,1993,-98.8,-27.766666666666666,abdulma02-1993
mutomdi01,26,1.8,199212270PHO-DEN,199212270PHO-PHO,DEN-1993,0,1993,46.800000000000004,-27.766666666666666,mutomdi01-1993
willire01,26,0.9,199212270PHO-DEN,199212270PHO-PHO,DEN-1993,0,1993,23.400000000000002,-27.766666666666666,willire01-1993
maconma01,23,-0.3,199212270PHO-DEN,199212270PHO-PHO,DEN-1993,0,1993,-6.8999999999999995,-27.766666666666666,maconma01-1993
packro01,22,-5.4,199212270PHO-DEN,199212270PHO-PHO,DEN-1993,0,1993,-118.80000000000001,-27.766666666666666,packro01-1993
plummga01,21,-4.4,199212270PHO-DEN,199212270PHO-PHO,DEN-1993,0,1993,-92.4,-27.766666666666666,plummga01-1993
brookke01,18,-2,199212270PHO-DEN,199212270PHO-PHO,DEN-1993,0,1993,-36,-27.766666666666666,brookke01-1993
lichtto01,17,2.6,199212270PHO-DEN,199212270PHO-PHO,DEN-1993,0,1993,44.2,-27.766666666666666,lichtto01-1993
liberma01,15,-1.9,199212270PHO-DEN,199212270PHO-PHO,DEN-1993,0,1993,-28.5,-27.766666666666666,liberma01-1993
hastisc01,8,1.9,199212270PHO-DEN,199212270PHO-PHO,DEN-1993,0,1993,15.2,-27.766666666666666,hastisc01-1993
werdaro01,2,-1.1,199212270PHO-DEN,199212270PHO-PHO,DEN-1993,0,1993,-2.2,-27.766666666666666,werdaro01-1993
olajuha01,35,9.1,199212300PHO-HOU,199212300PHO-PHO,HOU-1993,0,1993,318.5,23.436363636363637,olajuha01-1993
thorpot01,34,1.2,199212300PHO-HOU,199212300PHO-PHO,HOU-1993,0,1993,40.8,23.436363636363637,thorpot01-1993
maxweve01,28,7.4,199212300PHO-HOU,199212300PHO-PHO,HOU-1993,0,1993,207.20000000000002,23.436363636363637,maxweve01-1993
herreca01,26,-5.8,199212300PHO-HOU,199212300PHO-PHO,HOU-1993,0,1993,-150.79999999999998,23.436363636363637,herreca01-1993
smithke01,25,-6.8,199212300PHO-HOU,199212300PHO-PHO,HOU-1993,0,1993,-170,23.436363636363637,smithke01-1993
brooksc01,23,2.9,199212300PHO-HOU,199212300PHO-PHO,HOU-1993,0,1993,66.7,23.436363636363637,brooksc01-1993
horryro01,20,-4.5,199212300PHO-HOU,199212300PHO-PHO,HOU-1993,0,1993,-90,23.436363636363637,horryro01-1993
floydsl01,19,4.1,199212300PHO-HOU,199212300PHO-PHO,HOU-1993,0,1993,77.89999999999999,23.436363636363637,floydsl01-1993
winchke01,17,-0.9,199212300PHO-HOU,199212300PHO-PHO,HOU-1993,0,1993,-15.3,23.436363636363637,winchke01-1993
bullama01,8,-3.4,199212300PHO-HOU,199212300PHO-PHO,HOU-1993,0,1993,-27.2,23.436363636363637,bullama01-1993
garlawi01,5,0,199212300PHO-HOU,199212300PHO-PHO,HOU-1993,0,1993,0,23.436363636363637,garlawi01-1993
johnske02,47,4.2,199301030SAS-PHO,199301030SAS-SAS,PHO-1993,0,1993,197.4,80.4,johnske02-1993
barklch01,45,7.8,199301030SAS-PHO,199301030SAS-SAS,PHO-1993,0,1993,351,80.4,barklch01-1993
majerda01,45,6.2,199301030SAS-PHO,199301030SAS-SAS,PHO-1993,0,1993,279,80.4,majerda01-1993
aingeda01,32,2.9,199301030SAS-PHO,199301030SAS-SAS,PHO-1993,0,1993,92.8,80.4,aingeda01-1993
chambto01,25,-2.4,199301030SAS-PHO,199301030SAS-SAS,PHO-1993,0,1993,-60,80.4,chambto01-1993
dumasri02,21,-1,199301030SAS-PHO,199301030SAS-SAS,PHO-1993,0,1993,-21,80.4,dumasri02-1993
milleol01,18,-2.3,199301030SAS-PHO,199301030SAS-SAS,PHO-1993,0,1993,-41.4,80.4,milleol01-1993
westma01,17,-0.8,199301030SAS-PHO,199301030SAS-SAS,PHO-1993,0,1993,-13.600000000000001,80.4,westma01-1993
cebalce01,13,1.4,199301030SAS-PHO,199301030SAS-SAS,PHO-1993,0,1993,18.2,80.4,cebalce01-1993
johnsfr01,2,0.8,199301030SAS-PHO,199301030SAS-SAS,PHO-1993,0,1993,1.6,80.4,johnsfr01-1993
majerda01,45,2.5,199301050HOU-PHO,199301050HOU-HOU,PHO-1993,1,1993,112.5,60.27272727272728,majerda01-1993
barklch01,41,9.9,199301050HOU-PHO,199301050HOU-HOU,PHO-1993,1,1993,405.90000000000003,60.27272727272728,barklch01-1993
aingeda01,28,6.4,199301050HOU-PHO,199301050HOU-HOU,PHO-1993,1,1993,179.20000000000002,60.27272727272728,aingeda01-1993
westma01,22,1.1,199301050HOU-PHO,199301050HOU-HOU,PHO-1993,1,1993,24.200000000000003,60.27272727272728,westma01-1993
dumasri02,21,-3.2,199301050HOU-PHO,199301050HOU-HOU,PHO-1993,1,1993,-67.2,60.27272727272728,dumasri02-1993
cebalce01,18,0.6,199301050HOU-PHO,199301050HOU-HOU,PHO-1993,1,1993,10.799999999999999,60.27272727272728,cebalce01-1993
knighne01,18,-1,199301050HOU-PHO,199301050HOU-HOU,PHO-1993,1,1993,-18,60.27272727272728,knighne01-1993
milleol01,15,-1,199301050HOU-PHO,199301050HOU-HOU,PHO-1993,1,1993,-15,60.27272727272728,milleol01-1993
johnske02,13,3.5,199301050HOU-PHO,199301050HOU-HOU,PHO-1993,1,1993,45.5,60.27272727272728,johnske02-1993
johnsfr01,13,-1.1,199301050HOU-PHO,199301050HOU-HOU,PHO-1993,1,1993,-14.3,60.27272727272728,johnsfr01-1993
chambto01,6,-0.1,199301050HOU-PHO,199301050HOU-HOU,PHO-1993,1,1993,-0.6000000000000001,60.27272727272728,chambto01-1993
barklch01,41,12.3,199301070DAL-PHO,199301070DAL-DAL,PHO-1993,1,1993,504.3,38.300000000000004,barklch01-1993
majerda01,36,-4.1,199301070DAL-PHO,199301070DAL-DAL,PHO-1993,1,1993,-147.6,38.300000000000004,majerda01-1993
aingeda01,34,-3,199301070DAL-PHO,199301070DAL-DAL,PHO-1993,1,1993,-102,38.300000000000004,aingeda01-1993
chambto01,32,3.2,199301070DAL-PHO,199301070DAL-DAL,PHO-1993,1,1993,102.4,38.300000000000004,chambto01-1993
johnsfr01,25,0.8,199301070DAL-PHO,199301070DAL-DAL,PHO-1993,1,1993,20,38.300000000000004,johnsfr01-1993
dumasri02,22,2.4,199301070DAL-PHO,199301070DAL-DAL,PHO-1993,1,1993,52.8,38.300000000000004,dumasri02-1993
knighne01,14,-3.8,199301070DAL-PHO,199301070DAL-DAL,PHO-1993,1,1993,-53.199999999999996,38.300000000000004,knighne01-1993
westma01,13,0.3,199301070DAL-PHO,199301070DAL-DAL,PHO-1993,1,1993,3.9,38.300000000000004,westma01-1993
cebalce01,12,-0.9,199301070DAL-PHO,199301070DAL-DAL,PHO-1993,1,1993,-10.8,38.300000000000004,cebalce01-1993
milleol01,11,1.2,199301070DAL-PHO,199301070DAL-DAL,PHO-1993,1,1993,13.2,38.300000000000004,milleol01-1993
barklch01,40,1.9,199301120SEA-PHO,199301120SEA-SEA,PHO-1993,0,1993,76,81.71,barklch01-1993
johnske02,40,4.3,199301120SEA-PHO,199301120SEA-SEA,PHO-1993,0,1993,172,81.71,johnske02-1993
majerda01,40,10.7,199301120SEA-PHO,199301120SEA-SEA,PHO-1993,0,1993,428,81.71,majerda01-1993
aingeda01,31,4.8,199301120SEA-PHO,199301120SEA-SEA,PHO-1993,0,1993,148.79999999999998,81.71,aingeda01-1993
milleol01,26,4.8,199301120SEA-PHO,199301120SEA-SEA,PHO-1993,0,1993,124.8,81.71,milleol01-1993
dumasri02,21,-2.4,199301120SEA-PHO,199301120SEA-SEA,PHO-1993,0,1993,-50.4,81.71,dumasri02-1993
cebalce01,17,-0.1,199301120SEA-PHO,199301120SEA-SEA,PHO-1993,0,1993,-1.7000000000000002,81.71,cebalce01-1993
chambto01,11,-2.6,199301120SEA-PHO,199301120SEA-SEA,PHO-1993,0,1993,-28.6,81.71,chambto01-1993
westma01,7,-3,199301120SEA-PHO,199301120SEA-SEA,PHO-1993,0,1993,-21,81.71,westma01-1993
johnsfr01,7,-4.4,199301120SEA-PHO,199301120SEA-SEA,PHO-1993,0,1993,-30.800000000000004,81.71,johnsfr01-1993
majerda01,44,3.4,199301140SAC-PHO,199301140SAC-SAC,PHO-1993,1,1993,149.6,62.01,majerda01-1993
chambto01,35,1,199301140SAC-PHO,199301140SAC-SAC,PHO-1993,1,1993,35,62.01,chambto01-1993
barklch01,33,1.1,199301140SAC-PHO,199301140SAC-SAC,PHO-1993,1,1993,36.300000000000004,62.01,barklch01-1993
dumasri02,31,6.9,199301140SAC-PHO,199301140SAC-SAC,PHO-1993,1,1993,213.9,62.01,dumasri02-1993
johnske02,30,6,199301140SAC-PHO,199301140SAC-SAC,PHO-1993,1,1993,180,62.01,johnske02-1993
milleol01,20,-0.4,199301140SAC-PHO,199301140SAC-SAC,PHO-1993,1,1993,-8,62.01,milleol01-1993
johnsfr01,18,2.3,199301140SAC-PHO,199301140SAC-SAC,PHO-1993,1,1993,41.4,62.01,johnsfr01-1993
aingeda01,14,-1.1,199301140SAC-PHO,199301140SAC-SAC,PHO-1993,1,1993,-15.400000000000002,62.01,aingeda01-1993
westma01,8,-0.8,199301140SAC-PHO,199301140SAC-SAC,PHO-1993,1,1993,-6.4,62.01,westma01-1993
cebalce01,7,-0.9,199301140SAC-PHO,199301140SAC-SAC,PHO-1993,1,1993,-6.3,62.01,cebalce01-1993
shawbr01,39,2.1,199301150PHO-MIA,199301150PHO-PHO,MIA-1993,0,1993,81.9,16.830000000000002,shawbr01-1993
minerha01,31,0.3,199301150PHO-MIA,199301150PHO-PHO,MIA-1993,0,1993,9.299999999999999,16.830000000000002,minerha01-1993
ricegl01,29,-1.7,199301150PHO-MIA,199301150PHO-PHO,MIA-1993,0,1993,-49.3,16.830000000000002,ricegl01-1993
sallejo01,29,-1.5,199301150PHO-MIA,199301150PHO-PHO,MIA-1993,0,1993,-43.5,16.830000000000002,sallejo01-1993
edwarke01,26,3.5,199301150PHO-MIA,199301150PHO-PHO,MIA-1993,0,1993,91,16.830000000000002,edwarke01-1993
seikaro01,22,0.8,199301150PHO-MIA,199301150PHO-PHO,MIA-1993,0,1993,17.6,16.830000000000002,seikaro01-1993
askinke01,19,-0.8,199301150PHO-MIA,199301150PHO-PHO,MIA-1993,0,1993,-15.200000000000001,16.830000000000002,askinke01-1993
longgr01,19,1.5,199301150PHO-MIA,199301150PHO-PHO,MIA-1993,0,1993,28.5,16.830000000000002,longgr01-1993
geigema01,14,4.2,199301150PHO-MIA,199301150PHO-PHO,MIA-1993,0,1993,58.800000000000004,16.830000000000002,geigema01-1993
kesslal01,12,-0.9,199301150PHO-MIA,199301150PHO-PHO,MIA-1993,0,1993,-10.8,16.830000000000002,kesslal01-1993
majerda01,43,4.9,199301180NYK-PHO,199301180NYK-NYK,PHO-1993,0,1993,210.70000000000002,81.83,majerda01-1993
barklch01,40,6,199301180NYK-PHO,199301180NYK-NYK,PHO-1993,0,1993,240,81.83,barklch01-1993
johnske02,39,1.7,199301180NYK-PHO,199301180NYK-NYK,PHO-1993,0,1993,66.3,81.83,johnske02-1993
aingeda01,32,10.2,199301180NYK-PHO,199301180NYK-NYK,PHO-1993,0,1993,326.4,81.83,aingeda01-1993
chambto01,27,4.3,199301180NYK-PHO,199301180NYK-NYK,PHO-1993,0,1993,116.1,81.83,chambto01-1993
dumasri02,20,-3.9,199301180NYK-PHO,199301180NYK-NYK,PHO-1993,0,1993,-78,81.83,dumasri02-1993
johnsfr01,13,-1.9,199301180NYK-PHO,199301180NYK-NYK,PHO-1993,0,1993,-24.7,81.83,johnsfr01-1993
westma01,10,-1.8,199301180NYK-PHO,199301180NYK-NYK,PHO-1993,0,1993,-18,81.83,westma01-1993
milleol01,9,-0.8,199301180NYK-PHO,199301180NYK-NYK,PHO-1993,0,1993,-7.2,81.83,milleol01-1993
cebalce01,7,-1.9,199301180NYK-PHO,199301180NYK-NYK,PHO-1993,0,1993,-13.299999999999999,81.83,cebalce01-1993
dumasri02,35,2.4,199301200CLE-PHO,199301200CLE-CLE,PHO-1993,0,1993,84,46.44444444444444,dumasri02-1993
majerda01,34,4,199301200CLE-PHO,199301200CLE-CLE,PHO-1993,0,1993,136,46.44444444444444,majerda01-1993
johnske02,33,-0.5,199301200CLE-PHO,199301200CLE-CLE,PHO-1993,0,1993,-16.5,46.44444444444444,johnske02-1993
westma01,30,0.8,199301200CLE-PHO,199301200CLE-CLE,PHO-1993,0,1993,24,46.44444444444444,westma01-1993
chambto01,30,-0.8,199301200CLE-PHO,199301200CLE-CLE,PHO-1993,0,1993,-24,46.44444444444444,chambto01-1993
aingeda01,29,5.1,199301200CLE-PHO,199301200CLE-CLE,PHO-1993,0,1993,147.89999999999998,46.44444444444444,aingeda01-1993
cebalce01,21,3.8,199301200CLE-PHO,199301200CLE-CLE,PHO-1993,0,1993,79.8,46.44444444444444,cebalce01-1993
johnsfr01,15,-0.1,199301200CLE-PHO,199301200CLE-CLE,PHO-1993,0,1993,-1.5,46.44444444444444,johnsfr01-1993
milleol01,13,-0.9,199301200CLE-PHO,199301200CLE-CLE,PHO-1993,0,1993,-11.700000000000001,46.44444444444444,milleol01-1993
majerda01,40,-2,199301220WSB-PHO,199301220WSB-WSB,PHO-1993,1,1993,-80,65.22,majerda01-1993
barklch01,39,14.1,199301220WSB-PHO,199301220WSB-WSB,PHO-1993,1,1993,549.9,65.22,barklch01-1993
johnske02,37,-2.4,199301220WSB-PHO,199301220WSB-WSB,PHO-1993,1,1993,-88.8,65.22,johnske02-1993
dumasri02,28,7.7,199301220WSB-PHO,199301220WSB-WSB,PHO-1993,1,1993,215.6,65.22,dumasri02-1993
aingeda01,25,5,199301220WSB-PHO,199301220WSB-WSB,PHO-1993,1,1993,125,65.22,aingeda01-1993
cebalce01,18,-0.1,199301220WSB-PHO,199301220WSB-WSB,PHO-1993,1,1993,-1.8,65.22,cebalce01-1993
westma01,17,-1.9,199301220WSB-PHO,199301220WSB-WSB,PHO-1993,1,1993,-32.3,65.22,westma01-1993
chambto01,15,-1.6,199301220WSB-PHO,199301220WSB-WSB,PHO-1993,1,1993,-24,65.22,chambto01-1993
johnsfr01,11,-0.4,199301220WSB-PHO,199301220WSB-WSB,PHO-1993,1,1993,-4.4,65.22,johnsfr01-1993
milleol01,10,-0.7,199301220WSB-PHO,199301220WSB-WSB,PHO-1993,1,1993,-7,65.22,milleol01-1993
majerda01,40,5.1,199301230ATL-PHO,199301230ATL-ATL,PHO-1993,1,1993,204,68.65833333333333,majerda01-1993
barklch01,34,9.1,199301230ATL-PHO,199301230ATL-ATL,PHO-1993,1,1993,309.4,68.65833333333333,barklch01-1993
dumasri02,32,1.3,199301230ATL-PHO,199301230ATL-ATL,PHO-1993,1,1993,41.6,68.65833333333333,dumasri02-1993
johnske02,29,7.7,199301230ATL-PHO,199301230ATL-ATL,PHO-1993,1,1993,223.3,68.65833333333333,johnske02-1993
aingeda01,27,4.1,199301230ATL-PHO,199301230ATL-ATL,PHO-1993,1,1993,110.69999999999999,68.65833333333333,aingeda01-1993
johnsfr01,26,-1.9,199301230ATL-PHO,199301230ATL-ATL,PHO-1993,1,1993,-49.4,68.65833333333333,johnsfr01-1993
westma01,18,-0.3,199301230ATL-PHO,199301230ATL-ATL,PHO-1993,1,1993,-5.3999999999999995,68.65833333333333,westma01-1993
chambto01,12,-1.6,199301230ATL-PHO,199301230ATL-ATL,PHO-1993,1,1993,-19.200000000000003,68.65833333333333,chambto01-1993
milleol01,8,1.3,199301230ATL-PHO,199301230ATL-ATL,PHO-1993,1,1993,10.4,68.65833333333333,milleol01-1993
kemptti01,7,0,199301230ATL-PHO,199301230ATL-ATL,PHO-1993,1,1993,0,68.65833333333333,kemptti01-1993
cebalce01,4,-0.9,199301230ATL-PHO,199301230ATL-ATL,PHO-1993,1,1993,-3.6,68.65833333333333,cebalce01-1993
knighne01,3,0.7,199301230ATL-PHO,199301230ATL-ATL,PHO-1993,1,1993,2.0999999999999996,68.65833333333333,knighne01-1993
barklch01,43,1.7,199301250DET-PHO,199301250DET-DET,PHO-1993,1,1993,73.1,51.19,barklch01-1993
johnske02,37,1.1,199301250DET-PHO,199301250DET-DET,PHO-1993,1,1993,40.7,51.19,johnske02-1993
majerda01,32,6.5,199301250DET-PHO,199301250DET-DET,PHO-1993,1,1993,208,51.19,majerda01-1993
dumasri02,30,-0.4,199301250DET-PHO,199301250DET-DET,PHO-1993,1,1993,-12,51.19,dumasri02-1993
chambto01,27,-1.6,199301250DET-PHO,199301250DET-DET,PHO-1993,1,1993,-43.2,51.19,chambto01-1993
aingeda01,25,11.1,199301250DET-PHO,199301250DET-DET,PHO-1993,1,1993,277.5,51.19,aingeda01-1993
westma01,14,0.5,199301250DET-PHO,199301250DET-DET,PHO-1993,1,1993,7,51.19,westma01-1993
cebalce01,12,-2.2,199301250DET-PHO,199301250DET-DET,PHO-1993,1,1993,-26.400000000000002,51.19,cebalce01-1993
johnsfr01,11,-1,199301250DET-PHO,199301250DET-DET,PHO-1993,1,1993,-11,51.19,johnsfr01-1993
milleol01,9,-0.2,199301250DET-PHO,199301250DET-DET,PHO-1993,1,1993,-1.8,51.19,milleol01-1993
barklch01,43,14.4,199301270MIN-PHO,199301270MIN-MIN,PHO-1993,1,1993,619.2,57.36000000000001,barklch01-1993
majerda01,43,0.3,199301270MIN-PHO,199301270MIN-MIN,PHO-1993,1,1993,12.9,57.36000000000001,majerda01-1993
johnske02,42,0.6,199301270MIN-PHO,199301270MIN-MIN,PHO-1993,1,1993,25.2,57.36000000000001,johnske02-1993
aingeda01,37,-2.2,199301270MIN-PHO,199301270MIN-MIN,PHO-1993,1,1993,-81.4,57.36000000000001,aingeda01-1993
dumasri02,32,0.2,199301270MIN-PHO,199301270MIN-MIN,PHO-1993,1,1993,6.4,57.36000000000001,dumasri02-1993
chambto01,18,3.1,199301270MIN-PHO,199301270MIN-MIN,PHO-1993,1,1993,55.800000000000004,57.36000000000001,chambto01-1993
milleol01,18,-2.7,199301270MIN-PHO,199301270MIN-MIN,PHO-1993,1,1993,-48.6,57.36000000000001,milleol01-1993
westma01,11,-2.5,199301270MIN-PHO,199301270MIN-MIN,PHO-1993,1,1993,-27.5,57.36000000000001,westma01-1993
johnsfr01,11,-0.4,199301270MIN-PHO,199301270MIN-MIN,PHO-1993,1,1993,-4.4,57.36000000000001,johnsfr01-1993
cebalce01,10,1.6,199301270MIN-PHO,199301270MIN-MIN,PHO-1993,1,1993,16,57.36000000000001,cebalce01-1993
elliose01,34,6.4,199301290PHO-SAS,199301290PHO-PHO,SAS-1993,0,1993,217.60000000000002,24.633333333333336,elliose01-1993
robinda01,33,3,199301290PHO-SAS,199301290PHO-PHO,SAS-1993,0,1993,99,24.633333333333336,robinda01-1993
ellisda01,32,2.2,199301290PHO-SAS,199301290PHO-PHO,SAS-1993,0,1993,70.4,24.633333333333336,ellisda01-1993
carran01,26,0.9,199301290PHO-SAS,199301290PHO-PHO,SAS-1993,0,1993,23.400000000000002,24.633333333333336,carran01-1993
johnsav01,26,0.4,199301290PHO-SAS,199301290PHO-PHO,SAS-1993,0,1993,10.4,24.633333333333336,johnsav01-1993
reidjr01,22,-2.1,199301290PHO-SAS,199301290PHO-PHO,SAS-1993,0,1993,-46.2,24.633333333333336,reidjr01-1993
anderwi01,17,-4.8,199301290PHO-SAS,199301290PHO-PHO,SAS-1993,0,1993,-81.6,24.633333333333336,anderwi01-1993
daniell01,17,2.1,199301290PHO-SAS,199301290PHO-PHO,SAS-1993,0,1993,35.7,24.633333333333336,daniell01-1993
delnevi01,16,-1.9,199301290PHO-SAS,199301290PHO-PHO,SAS-1993,0,1993,-30.4,24.633333333333336,delnevi01-1993
macksa01,7,0.1,199301290PHO-SAS,199301290PHO-PHO,SAS-1993,0,1993,0.7000000000000001,24.633333333333336,macksa01-1993
smithla01,6,-0.9,199301290PHO-SAS,199301290PHO-PHO,SAS-1993,0,1993,-5.4,24.633333333333336,smithla01-1993
woodda01,4,0.5,199301290PHO-SAS,199301290PHO-PHO,SAS-1993,0,1993,2,24.633333333333336,woodda01-1993
iuzzomi01,36,-1.1,199301300PHO-DAL,199301300PHO-PHO,DAL-1993,0,1993,-39.6,-9.510000000000003,iuzzomi01-1993
daviste01,35,-1,199301300PHO-DAL,199301300PHO-PHO,DAL-1993,0,1993,-35,-9.510000000000003,daviste01-1993
whitera01,35,4.8,199301300PHO-DAL,199301300PHO-PHO,DAL-1993,0,1993,168,-9.510000000000003,whitera01-1993
cambrde01,25,-4.3,199301300PHO-DAL,199301300PHO-PHO,DAL-1993,0,1993,-107.5,-9.510000000000003,cambrde01-1993
howarbr01,25,2.3,199301300PHO-DAL,199301300PHO-PHO,DAL-1993,0,1993,57.49999999999999,-9.510000000000003,howarbr01-1993
rooksse01,23,5.6,199301300PHO-DAL,199301300PHO-PHO,DAL-1993,0,1993,128.79999999999998,-9.510000000000003,rooksse01-1993
bondwa01,22,-5.8,199301300PHO-DAL,199301300PHO-PHO,DAL-1993,0,1993,-127.6,-9.510000000000003,bondwa01-1993
hodgedo01,18,-5.7,199301300PHO-DAL,199301300PHO-PHO,DAL-1993,0,1993,-102.60000000000001,-9.510000000000003,hodgedo01-1993
mooretr01,13,-3.1,199301300PHO-DAL,199301300PHO-PHO,DAL-1993,0,1993,-40.300000000000004,-9.510000000000003,mooretr01-1993
curcira01,8,0.4,199301300PHO-DAL,199301300PHO-PHO,DAL-1993,0,1993,3.2,-9.510000000000003,curcira01-1993
barklch01,46,4.7,199302020LAC-PHO,199302020LAC-LAC,PHO-1993,0,1993,216.20000000000002,53.825,barklch01-1993
majerda01,39,-6.8,199302020LAC-PHO,199302020LAC-LAC,PHO-1993,0,1993,-265.2,53.825,majerda01-1993
johnske02,37,6.3,199302020LAC-PHO,199302020LAC-LAC,PHO-1993,0,1993,233.1,53.825,johnske02-1993
dumasri02,34,-0.8,199302020LAC-PHO,199302020LAC-LAC,PHO-1993,0,1993,-27.200000000000003,53.825,dumasri02-1993
aingeda01,31,2.4,199302020LAC-PHO,199302020LAC-LAC,PHO-1993,0,1993,74.39999999999999,53.825,aingeda01-1993
westma01,29,6.8,199302020LAC-PHO,199302020LAC-LAC,PHO-1993,0,1993,197.2,53.825,westma01-1993
chambto01,13,-1.7,199302020LAC-PHO,199302020LAC-LAC,PHO-1993,0,1993,-22.099999999999998,53.825,chambto01-1993
johnsfr01,11,2.2,199302020LAC-PHO,199302020LAC-LAC,PHO-1993,0,1993,24.200000000000003,53.825,johnsfr01-1993
persoch01,35,0.8,199302030PHO-MIN,199302030PHO-PHO,MIN-1993,0,1993,28,-13.3,persoch01-1993
longllu01,33,0.2,199302030PHO-MIN,199302030PHO-PHO,MIN-1993,0,1993,6.6000000000000005,-13.3,longllu01-1993
willimi02,28,-2,199302030PHO-MIN,199302030PHO-PHO,MIN-1993,0,1993,-56,-13.3,willimi02-1993
laettch01,27,-0.6,199302030PHO-MIN,199302030PHO-PHO,MIN-1993,0,1993,-16.2,-13.3,laettch01-1993
westdo01,26,-3.1,199302030PHO-MIN,199302030PHO-PHO,MIN-1993,0,1993,-80.60000000000001,-13.3,westdo01-1993
mccanbo01,20,-0.4,199302030PHO-MIN,199302030PHO-PHO,MIN-1993,0,1993,-8,-13.3,mccanbo01-1993
smithch03,20,-1.1,199302030PHO-MIN,199302030PHO-PHO,MIN-1993,0,1993,-22,-13.3,smithch03-1993
blankla01,17,-2.9,199302030PHO-MIN,199302030PHO-PHO,MIN-1993,0,1993,-49.3,-13.3,blankla01-1993
baileth01,12,3.1,199302030PHO-MIN,199302030PHO-PHO,MIN-1993,0,1993,37.2,-13.3,baileth01-1993
maxeyma01,12,3,199302030PHO-MIN,199302030PHO-PHO,MIN-1993,0,1993,36,-13.3,maxeyma01-1993
sellebr01,10,-2.2,199302030PHO-MIN,199302030PHO-PHO,MIN-1993,0,1993,-22,-13.3,sellebr01-1993
greenac01,39,4,199302050PHO-LAL,199302050PHO-PHO,LAL-1993,0,1993,156,-12.916666666666666,greenac01-1993
threase01,28,-4.7,199302050PHO-LAL,199302050PHO-PHO,LAL-1993,0,1993,-131.6,-12.916666666666666,threase01-1993
perkisa01,23,0.4,199302050PHO-LAL,199302050PHO-PHO,LAL-1993,0,1993,9.200000000000001,-12.916666666666666,perkisa01-1993
scottby01,23,-3.7,199302050PHO-LAL,199302050PHO-PHO,LAL-1993,0,1993,-85.10000000000001,-12.916666666666666,scottby01-1993
campbel01,23,-2.3,199302050PHO-LAL,199302050PHO-PHO,LAL-1993,0,1993,-52.9,-12.916666666666666,campbel01-1993
peelean01,23,-0.3,199302050PHO-LAL,199302050PHO-PHO,LAL-1993,0,1993,-6.8999999999999995,-12.916666666666666,peelean01-1993
divacvl01,22,1.7,199302050PHO-LAL,199302050PHO-PHO,LAL-1993,0,1993,37.4,-12.916666666666666,divacvl01-1993
coopedu01,20,-6.1,199302050PHO-LAL,199302050PHO-PHO,LAL-1993,0,1993,-122,-12.916666666666666,coopedu01-1993
worthja01,19,0.7,199302050PHO-LAL,199302050PHO-PHO,LAL-1993,0,1993,13.299999999999999,-12.916666666666666,worthja01-1993
edwarja01,8,0.6,199302050PHO-LAL,199302050PHO-PHO,LAL-1993,0,1993,4.8,-12.916666666666666,edwarja01-1993
blackal01,7,2.9,199302050PHO-LAL,199302050PHO-PHO,LAL-1993,0,1993,20.3,-12.916666666666666,blackal01-1993
smithto02,5,0.5,199302050PHO-LAL,199302050PHO-PHO,LAL-1993,0,1993,2.5,-12.916666666666666,smithto02-1993
anderni01,47,5.3,199302070PHO-ORL,199302070PHO-PHO,ORL-1993,0,1993,249.1,37.33,anderni01-1993
tolbeto01,46,-1.6,199302070PHO-ORL,199302070PHO-PHO,ORL-1993,0,1993,-73.60000000000001,37.33,tolbeto01-1993
skilesc01,44,2.6,199302070PHO-ORL,199302070PHO-PHO,ORL-1993,0,1993,114.4,37.33,skilesc01-1993
bowiean01,35,0.6,199302070PHO-ORL,199302070PHO-PHO,ORL-1993,0,1993,21,37.33,bowiean01-1993
onealsh01,29,0.4,199302070PHO-ORL,199302070PHO-PHO,ORL-1993,0,1993,11.600000000000001,37.33,onealsh01-1993
royaldo01,22,2.8,199302070PHO-ORL,199302070PHO-PHO,ORL-1993,0,1993,61.599999999999994,37.33,royaldo01-1993
turneje01,7,0.5,199302070PHO-ORL,199302070PHO-PHO,ORL-1993,0,1993,3.5,37.33,turneje01-1993
catlete01,5,-1.8,199302070PHO-ORL,199302070PHO-PHO,ORL-1993,0,1993,-9,37.33,catlete01-1993
kerrst01,4,-1.1,199302070PHO-ORL,199302070PHO-PHO,ORL-1993,0,1993,-4.4,37.33,kerrst01-1993
greenli01,1,-0.9,199302070PHO-ORL,199302070PHO-PHO,ORL-1993,0,1993,-0.9,37.33,greenli01-1993
harpero01,41,8.1,199302100PHO-LAC,199302100PHO-PHO,LAC-1993,0,1993,332.09999999999997,12.772727272727272,harpero01-1993
mannida01,38,-6.2,199302100PHO-LAC,199302100PHO-PHO,LAC-1993,0,1993,-235.6,12.772727272727272,mannida01-1993
vaughlo01,35,6.1,199302100PHO-LAC,199302100PHO-PHO,LAC-1993,0,1993,213.5,12.772727272727272,vaughlo01-1993
jacksma01,32,-1.7,199302100PHO-LAC,199302100PHO-PHO,LAC-1993,0,1993,-54.4,12.772727272727272,jacksma01-1993
willijo02,23,-3.6,199302100PHO-LAC,199302100PHO-PHO,LAC-1993,0,1993,-82.8,12.772727272727272,willijo02-1993
connele01,18,2.6,199302100PHO-LAC,199302100PHO-PHO,LAC-1993,0,1993,46.800000000000004,12.772727272727272,connele01-1993
grantga01,17,-1.9,199302100PHO-LAC,199302100PHO-PHO,LAC-1993,0,1993,-32.3,12.772727272727272,grantga01-1993
roberst01,16,-3.7,199302100PHO-LAC,199302100PHO-PHO,LAC-1993,0,1993,-59.2,12.772727272727272,roberst01-1993
spencel01,9,-0.1,199302100PHO-LAC,199302100PHO-PHO,LAC-1993,0,1993,-0.9,12.772727272727272,spencel01-1993
woodsra01,8,2.3,199302100PHO-LAC,199302100PHO-PHO,LAC-1993,0,1993,18.4,12.772727272727272,woodsra01-1993
vandeki01,3,-1.7,199302100PHO-LAC,199302100PHO-PHO,LAC-1993,0,1993,-5.1,12.772727272727272,vandeki01-1993
majerda01,45,-1.7,199302110GSW-PHO,199302110GSW-GSW,PHO-1993,1,1993,-76.5,98.79,majerda01-1993
barklch01,42,11.5,199302110GSW-PHO,199302110GSW-GSW,PHO-1993,1,1993,483,98.79,barklch01-1993
johnske02,38,3.7,199302110GSW-PHO,199302110GSW-GSW,PHO-1993,1,1993,140.6,98.79,johnske02-1993
dumasri02,31,1.6,199302110GSW-PHO,199302110GSW-GSW,PHO-1993,1,1993,49.6,98.79,dumasri02-1993
aingeda01,31,14.3,199302110GSW-PHO,199302110GSW-GSW,PHO-1993,1,1993,443.3,98.79,aingeda01-1993
westma01,17,-3.3,199302110GSW-PHO,199302110GSW-GSW,PHO-1993,1,1993,-56.099999999999994,98.79,westma01-1993
chambto01,17,0.3,199302110GSW-PHO,199302110GSW-GSW,PHO-1993,1,1993,5.1,98.79,chambto01-1993
cebalce01,11,-0.3,199302110GSW-PHO,199302110GSW-GSW,PHO-1993,1,1993,-3.3,98.79,cebalce01-1993
johnsfr01,7,0.2,199302110GSW-PHO,199302110GSW-GSW,PHO-1993,1,1993,1.4000000000000001,98.79,johnsfr01-1993
kemptti01,1,0.8,199302110GSW-PHO,199302110GSW-GSW,PHO-1993,1,1993,0.8,98.79,kemptti01-1993
barklch01,45,14.9,199302130SEA-PHO,199302130SEA-SEA,PHO-1993,0,1993,670.5,113.44444444444444,barklch01-1993
majerda01,45,1.6,199302130SEA-PHO,199302130SEA-SEA,PHO-1993,0,1993,72,113.44444444444444,majerda01-1993
dumasri02,43,8.9,199302130SEA-PHO,199302130SEA-SEA,PHO-1993,0,1993,382.7,113.44444444444444,dumasri02-1993
aingeda01,29,2.2,199302130SEA-PHO,199302130SEA-SEA,PHO-1993,0,1993,63.800000000000004,113.44444444444444,aingeda01-1993
johnsfr01,23,-3.7,199302130SEA-PHO,199302130SEA-SEA,PHO-1993,0,1993,-85.10000000000001,113.44444444444444,johnsfr01-1993
chambto01,18,-0.1,199302130SEA-PHO,199302130SEA-SEA,PHO-1993,0,1993,-1.8,113.44444444444444,chambto01-1993
johnske02,16,-1.3,199302130SEA-PHO,199302130SEA-SEA,PHO-1993,0,1993,-20.8,113.44444444444444,johnske02-1993
westma01,16,-3.8,199302130SEA-PHO,199302130SEA-SEA,PHO-1993,0,1993,-60.8,113.44444444444444,westma01-1993
cebalce01,5,0.1,199302130SEA-PHO,199302130SEA-SEA,PHO-1993,0,1993,0.5,113.44444444444444,cebalce01-1993
lewisre01,42,1.2,199302160PHO-BOS,199302160PHO-PHO,BOS-1993,0,1993,50.4,34.93,lewisre01-1993
brownde01,39,8.5,199302160PHO-BOS,199302160PHO-PHO,BOS-1993,0,1993,331.5,34.93,brownde01-1993
mchalke01,33,2.1,199302160PHO-BOS,199302160PHO-PHO,BOS-1993,0,1993,69.3,34.93,mchalke01-1993
gamblke01,32,1.3,199302160PHO-BOS,199302160PHO-PHO,BOS-1993,0,1993,41.6,34.93,gamblke01-1993
parisro01,21,-2.9,199302160PHO-BOS,199302160PHO-PHO,BOS-1993,0,1993,-60.9,34.93,parisro01-1993
mcdanxa01,21,-4.1,199302160PHO-BOS,199302160PHO-PHO,BOS-1993,0,1993,-86.1,34.93,mcdanxa01-1993
kleinjo01,18,-0.3,199302160PHO-BOS,199302160PHO-PHO,BOS-1993,0,1993,-5.3999999999999995,34.93,kleinjo01-1993
foxri01,13,-0.4,199302160PHO-BOS,199302160PHO-PHO,BOS-1993,0,1993,-5.2,34.93,foxri01-1993
abdelal01,12,2.6,199302160PHO-BOS,199302160PHO-PHO,BOS-1993,0,1993,31.200000000000003,34.93,abdelal01-1993
douglsh01,9,-1.9,199302160PHO-BOS,199302160PHO-PHO,BOS-1993,0,1993,-17.099999999999998,34.93,douglsh01-1993
wilkido01,41,1.5,199302180PHO-ATL,199302180PHO-PHO,ATL-1993,0,1993,61.5,24.64,wilkido01-1993
blaylmo01,37,4.9,199302180PHO-ATL,199302180PHO-PHO,ATL-1993,0,1993,181.3,24.64,blaylmo01-1993
keefead01,33,0.3,199302180PHO-ATL,199302180PHO-PHO,ATL-1993,0,1993,9.9,24.64,keefead01-1993
willike02,28,3.9,199302180PHO-ATL,199302180PHO-PHO,ATL-1993,0,1993,109.2,24.64,willike02-1993
ferredu01,26,1.8,199302180PHO-ATL,199302180PHO-PHO,ATL-1993,0,1993,46.800000000000004,24.64,ferredu01-1993
augmost01,25,-6.1,199302180PHO-ATL,199302180PHO-PHO,ATL-1993,0,1993,-152.5,24.64,augmost01-1993
koncajo01,20,-1.8,199302180PHO-ATL,199302180PHO-PHO,ATL-1993,0,1993,-36,24.64,koncajo01-1993
grahapa01,14,-0.8,199302180PHO-ATL,199302180PHO-PHO,ATL-1993,0,1993,-11.200000000000001,24.64,grahapa01-1993
hensost01,11,3.4,199302180PHO-ATL,199302180PHO-PHO,ATL-1993,0,1993,37.4,24.64,hensost01-1993
rasmubl01,5,0,199302180PHO-ATL,199302180PHO-PHO,ATL-1993,0,1993,0,24.64,rasmubl01-1993
majerda01,46,6,199302230SAS-PHO,199302230SAS-SAS,PHO-1993,1,1993,276,106.625,majerda01-1993
barklch01,44,9.5,199302230SAS-PHO,199302230SAS-SAS,PHO-1993,1,1993,418,106.625,barklch01-1993
dumasri02,41,-1.3,199302230SAS-PHO,199302230SAS-SAS,PHO-1993,1,1993,-53.300000000000004,106.625,dumasri02-1993
aingeda01,37,6.3,199302230SAS-PHO,199302230SAS-SAS,PHO-1993,1,1993,233.1,106.625,aingeda01-1993
chambto01,30,2.6,199302230SAS-PHO,199302230SAS-SAS,PHO-1993,1,1993,78,106.625,chambto01-1993
westma01,18,-4.1,199302230SAS-PHO,199302230SAS-SAS,PHO-1993,1,1993,-73.8,106.625,westma01-1993
johnsfr01,13,-1.5,199302230SAS-PHO,199302230SAS-SAS,PHO-1993,1,1993,-19.5,106.625,johnsfr01-1993
knighne01,11,-0.5,199302230SAS-PHO,199302230SAS-SAS,PHO-1993,1,1993,-5.5,106.625,knighne01-1993
majerda01,34,-5.2,199302250HOU-PHO,199302250HOU-HOU,PHO-1993,0,1993,-176.8,7.536363636363637,majerda01-1993
dumasri02,32,3.8,199302250HOU-PHO,199302250HOU-HOU,PHO-1993,0,1993,121.6,7.536363636363637,dumasri02-1993
barklch01,31,7.4,199302250HOU-PHO,199302250HOU-HOU,PHO-1993,0,1993,229.4,7.536363636363637,barklch01-1993
knighne01,27,-0.2,199302250HOU-PHO,199302250HOU-HOU,PHO-1993,0,1993,-5.4,7.536363636363637,knighne01-1993
aingeda01,27,4.9,199302250HOU-PHO,199302250HOU-HOU,PHO-1993,0,1993,132.3,7.536363636363637,aingeda01-1993
westma01,20,-2.9,199302250HOU-PHO,199302250HOU-HOU,PHO-1993,0,1993,-58,7.536363636363637,westma01-1993
johnsfr01,19,-2.5,199302250HOU-PHO,199302250HOU-HOU,PHO-1993,0,1993,-47.5,7.536363636363637,johnsfr01-1993
cebalce01,18,-0.2,199302250HOU-PHO,199302250HOU-HOU,PHO-1993,0,1993,-3.6,7.536363636363637,cebalce01-1993
mustaje01,13,-4.1,199302250HOU-PHO,199302250HOU-HOU,PHO-1993,0,1993,-53.3,7.536363636363637,mustaje01-1993
chambto01,12,-4.3,199302250HOU-PHO,199302250HOU-HOU,PHO-1993,0,1993,-51.599999999999994,7.536363636363637,chambto01-1993
kemptti01,7,-0.6,199302250HOU-PHO,199302250HOU-HOU,PHO-1993,0,1993,-4.2,7.536363636363637,kemptti01-1993
malonka01,41,4.2,199302260PHO-UTA,199302260PHO-PHO,UTA-1993,0,1993,172.20000000000002,61.739999999999995,malonka01-1993
stockjo01,39,10.2,199302260PHO-UTA,199302260PHO-PHO,UTA-1993,0,1993,397.79999999999995,61.739999999999995,stockjo01-1993
corbity01,37,4.8,199302260PHO-UTA,199302260PHO-PHO,UTA-1993,0,1993,177.6,61.739999999999995,corbity01-1993
malonje01,36,-1.7,199302260PHO-UTA,199302260PHO-PHO,UTA-1993,0,1993,-61.199999999999996,61.739999999999995,malonje01-1993
krystla01,25,0.8,199302260PHO-UTA,199302260PHO-PHO,UTA-1993,0,1993,20,61.739999999999995,krystla01-1993
humphja01,21,-2.6,199302260PHO-UTA,199302260PHO-PHO,UTA-1993,0,1993,-54.6,61.739999999999995,humphja01-1993
benoida01,12,0.3,199302260PHO-UTA,199302260PHO-PHO,UTA-1993,0,1993,3.5999999999999996,61.739999999999995,benoida01-1993
howarst01,12,-2.3,199302260PHO-UTA,199302260PHO-PHO,UTA-1993,0,1993,-27.599999999999998,61.739999999999995,howarst01-1993
eatonma01,9,-0.8,199302260PHO-UTA,199302260PHO-PHO,UTA-1993,0,1993,-7.2,61.739999999999995,eatonma01-1993
brownmi01,8,-0.4,199302260PHO-UTA,199302260PHO-PHO,UTA-1993,0,1993,-3.2,61.739999999999995,brownmi01-1993
williho01,44,5.2,199302280PHO-CLE,199302280PHO-PHO,CLE-1993,1,1993,228.8,139.7125,williho01-1993
nancela01,41,11.6,199302280PHO-CLE,199302280PHO-PHO,CLE-1993,1,1993,475.59999999999997,139.7125,nancela01-1993
ehlocr01,39,-2.5,199302280PHO-CLE,199302280PHO-PHO,CLE-1993,1,1993,-97.5,139.7125,ehlocr01-1993
pricema01,38,10.9,199302280PHO-CLE,199302280PHO-PHO,CLE-1993,1,1993,414.2,139.7125,pricema01-1993
daughbr01,36,4,199302280PHO-CLE,199302280PHO-PHO,CLE-1993,1,1993,144,139.7125,daughbr01-1993
battljo01,19,2.8,199302280PHO-CLE,199302280PHO-PHO,CLE-1993,1,1993,53.199999999999996,139.7125,battljo01-1993
brandte01,16,-4.1,199302280PHO-CLE,199302280PHO-PHO,CLE-1993,1,1993,-65.6,139.7125,brandte01-1993
ferryda01,7,-5,199302280PHO-CLE,199302280PHO-PHO,CLE-1993,1,1993,-35,139.7125,ferryda01-1993
majerda01,48,8.1,199303020POR-PHO,199303020POR-POR,PHO-1993,0,1993,388.79999999999995,57.86666666666666,majerda01-1993
barklch01,40,4.5,199303020POR-PHO,199303020POR-POR,PHO-1993,0,1993,180,57.86666666666666,barklch01-1993
chambto01,33,-2.3,199303020POR-PHO,199303020POR-POR,PHO-1993,0,1993,-75.89999999999999,57.86666666666666,chambto01-1993
aingeda01,32,0.9,199303020POR-PHO,199303020POR-POR,PHO-1993,0,1993,28.8,57.86666666666666,aingeda01-1993
knighne01,24,-3.3,199303020POR-PHO,199303020POR-POR,PHO-1993,0,1993,-79.19999999999999,57.86666666666666,knighne01-1993
johnsfr01,24,-0.8,199303020POR-PHO,199303020POR-POR,PHO-1993,0,1993,-19.200000000000003,57.86666666666666,johnsfr01-1993
westma01,20,2.8,199303020POR-PHO,199303020POR-POR,PHO-1993,0,1993,56,57.86666666666666,westma01-1993
cebalce01,15,3.3,199303020POR-PHO,199303020POR-POR,PHO-1993,0,1993,49.5,57.86666666666666,cebalce01-1993
mustaje01,4,-2,199303020POR-PHO,199303020POR-POR,PHO-1993,0,1993,-8,57.86666666666666,mustaje01-1993
hawkihe01,39,6,199303030PHO-PHI,199303030PHO-PHO,PHI-1993,0,1993,234,20.580000000000002,hawkihe01-1993
grantgr01,37,1.8,199303030PHO-PHI,199303030PHO-PHO,PHI-1993,0,1993,66.60000000000001,20.580000000000002,grantgr01-1993
perryti01,35,-2.4,199303030PHO-PHI,199303030PHO-PHO,PHI-1993,0,1993,-84,20.580000000000002,perryti01-1993
hornaje01,31,0.1,199303030PHO-PHI,199303030PHO-PHO,PHI-1993,0,1993,3.1,20.580000000000002,hornaje01-1993
weathcl01,30,-3.3,199303030PHO-PHI,199303030PHO-PHO,PHI-1993,0,1993,-99,20.580000000000002,weathcl01-1993
bolma01,24,4.4,199303030PHO-PHI,199303030PHO-PHO,PHI-1993,0,1993,105.60000000000001,20.580000000000002,bolma01-1993
anderro01,20,-1.4,199303030PHO-PHI,199303030PHO-PHO,PHI-1993,0,1993,-28,20.580000000000002,anderro01-1993
gilliar01,13,0.8,199303030PHO-PHI,199303030PHO-PHO,PHI-1993,0,1993,10.4,20.580000000000002,gilliar01-1993
langan01,6,-1.4,199303030PHO-PHI,199303030PHO-PHO,PHI-1993,0,1993,-8.399999999999999,20.580000000000002,langan01-1993
shackch01,5,1.1,199303030PHO-PHI,199303030PHO-PHO,PHI-1993,0,1993,5.5,20.580000000000002,shackch01-1993
williwa02,35,3,199303050PHO-SAC,199303050PHO-PHO,SAC-1993,0,1993,105,-5.200000000000001,williwa02-1993
tisdawa01,28,-2.7,199303050PHO-SAC,199303050PHO-PHO,SAC-1993,0,1993,-75.60000000000001,-5.200000000000001,tisdawa01-1993
webbsp01,27,-8.9,199303050PHO-SAC,199303050PHO-PHO,SAC-1993,0,1993,-240.3,-5.200000000000001,webbsp01-1993
bonnean01,24,0.7,199303050PHO-SAC,199303050PHO-PHO,SAC-1993,0,1993,16.799999999999997,-5.200000000000001,bonnean01-1993
simmoli01,23,-0.5,199303050PHO-SAC,199303050PHO-PHO,SAC-1993,0,1993,-11.5,-5.200000000000001,simmoli01-1993
brownra02,23,-1.2,199303050PHO-SAC,199303050PHO-PHO,SAC-1993,0,1993,-27.599999999999998,-5.200000000000001,brownra02-1993
chilcpe01,19,-0.7,199303050PHO-SAC,199303050PHO-PHO,SAC-1993,0,1993,-13.299999999999999,-5.200000000000001,chilcpe01-1993
higgiro01,18,1.7,199303050PHO-SAC,199303050PHO-PHO,SAC-1993,0,1993,30.599999999999998,-5.200000000000001,higgiro01-1993
causwdu01,16,0.8,199303050PHO-SAC,199303050PHO-PHO,SAC-1993,0,1993,12.8,-5.200000000000001,causwdu01-1993
lesji01,11,9.3,199303050PHO-SAC,199303050PHO-PHO,SAC-1993,0,1993,102.30000000000001,-5.200000000000001,lesji01-1993
conloma01,8,0.6,199303050PHO-SAC,199303050PHO-PHO,SAC-1993,0,1993,4.8,-5.200000000000001,conloma01-1993
rambiku01,8,4.2,199303050PHO-SAC,199303050PHO-PHO,SAC-1993,0,1993,33.6,-5.200000000000001,rambiku01-1993
majerda01,43,-1.4,199303060DAL-PHO,199303060DAL-DAL,PHO-1993,1,1993,-60.199999999999996,58.199999999999996,majerda01-1993
johnske02,39,10.2,199303060DAL-PHO,199303060DAL-DAL,PHO-1993,1,1993,397.79999999999995,58.199999999999996,johnske02-1993
barklch01,38,-1.3,199303060DAL-PHO,199303060DAL-DAL,PHO-1993,1,1993,-49.4,58.199999999999996,barklch01-1993
westma01,32,5.8,199303060DAL-PHO,199303060DAL-DAL,PHO-1993,1,1993,185.6,58.199999999999996,westma01-1993
cebalce01,28,1.9,199303060DAL-PHO,199303060DAL-DAL,PHO-1993,1,1993,53.199999999999996,58.199999999999996,cebalce01-1993
aingeda01,28,-0.1,199303060DAL-PHO,199303060DAL-DAL,PHO-1993,1,1993,-2.8000000000000003,58.199999999999996,aingeda01-1993
chambto01,23,-2,199303060DAL-PHO,199303060DAL-DAL,PHO-1993,1,1993,-46,58.199999999999996,chambto01-1993
johnsfr01,9,-1.4,199303060DAL-PHO,199303060DAL-DAL,PHO-1993,1,1993,-12.6,58.199999999999996,johnsfr01-1993
cebalce01,42,16.2,199303090SAC-PHO,199303090SAC-SAC,PHO-1993,1,1993,680.4,86.56363636363636,cebalce01-1993
majerda01,38,4.6,199303090SAC-PHO,199303090SAC-SAC,PHO-1993,1,1993,174.79999999999998,86.56363636363636,majerda01-1993
johnske02,34,0.3,199303090SAC-PHO,199303090SAC-SAC,PHO-1993,1,1993,10.2,86.56363636363636,johnske02-1993
barklch01,32,0,199303090SAC-PHO,199303090SAC-SAC,PHO-1993,1,1993,0,86.56363636363636,barklch01-1993
westma01,26,2,199303090SAC-PHO,199303090SAC-SAC,PHO-1993,1,1993,52,86.56363636363636,westma01-1993
aingeda01,22,3.1,199303090SAC-PHO,199303090SAC-SAC,PHO-1993,1,1993,68.2,86.56363636363636,aingeda01-1993
chambto01,21,-1.1,199303090SAC-PHO,199303090SAC-SAC,PHO-1993,1,1993,-23.1,86.56363636363636,chambto01-1993
johnsfr01,11,0,199303090SAC-PHO,199303090SAC-SAC,PHO-1993,1,1993,0,86.56363636363636,johnsfr01-1993
mustaje01,8,-0.8,199303090SAC-PHO,199303090SAC-SAC,PHO-1993,1,1993,-6.4,86.56363636363636,mustaje01-1993
kemptti01,3,-1.1,199303090SAC-PHO,199303090SAC-SAC,PHO-1993,1,1993,-3.3000000000000003,86.56363636363636,kemptti01-1993
knighne01,3,-0.2,199303090SAC-PHO,199303090SAC-SAC,PHO-1993,1,1993,-0.6000000000000001,86.56363636363636,knighne01-1993
sprewla01,48,8.1,199303100PHO-GSW,199303100PHO-PHO,GSW-1993,0,1993,388.79999999999995,36.511111111111106,sprewla01-1993
buechju01,45,0.8,199303100PHO-GSW,199303100PHO-PHO,GSW-1993,0,1993,36,36.511111111111106,buechju01-1993
alexavi01,32,-3.6,199303100PHO-GSW,199303100PHO-PHO,GSW-1993,0,1993,-115.2,36.511111111111106,alexavi01-1993
gatlich01,26,1.5,199303100PHO-GSW,199303100PHO-PHO,GSW-1993,0,1993,39,36.511111111111106,gatlich01-1993
hillty01,23,5,199303100PHO-GSW,199303100PHO-PHO,GSW-1993,0,1993,115,36.511111111111106,hillty01-1993
houstby01,23,-4.4,199303100PHO-GSW,199303100PHO-PHO,GSW-1993,0,1993,-101.2,36.511111111111106,houstby01-1993
owensbi01,21,0.5,199303100PHO-GSW,199303100PHO-PHO,GSW-1993,0,1993,10.5,36.511111111111106,owensbi01-1993
higgise01,19,-2.3,199303100PHO-GSW,199303100PHO-PHO,GSW-1993,0,1993,-43.699999999999996,36.511111111111106,higgise01-1993
steveba01,3,-0.2,199303100PHO-GSW,199303100PHO-PHO,GSW-1993,0,1993,-0.6000000000000001,36.511111111111106,steveba01-1993
harpede01,37,-0.5,199303120PHO-DAL,199303120PHO-PHO,DAL-1993,0,1993,-18.5,-3.8000000000000025,harpede01-1993
daviste01,32,2.7,199303120PHO-DAL,199303120PHO-PHO,DAL-1993,0,1993,86.4,-3.8000000000000025,daviste01-1993
rooksse01,32,0.4,199303120PHO-DAL,199303120PHO-PHO,DAL-1993,0,1993,12.8,-3.8000000000000025,rooksse01-1993
whitera01,29,-1.1,199303120PHO-DAL,199303120PHO-PHO,DAL-1993,0,1993,-31.900000000000002,-3.8000000000000025,whitera01-1993
jacksji01,28,-4.8,199303120PHO-DAL,199303120PHO-PHO,DAL-1993,0,1993,-134.4,-3.8000000000000025,jacksji01-1993
smithdo03,24,6.1,199303120PHO-DAL,199303120PHO-PHO,DAL-1993,0,1993,146.39999999999998,-3.8000000000000025,smithdo03-1993
bondwa01,21,-1,199303120PHO-DAL,199303120PHO-PHO,DAL-1993,0,1993,-21,-3.8000000000000025,bondwa01-1993
legleti01,17,-2,199303120PHO-DAL,199303120PHO-PHO,DAL-1993,0,1993,-34,-3.8000000000000025,legleti01-1993
iuzzomi01,11,-3,199303120PHO-DAL,199303120PHO-PHO,DAL-1993,0,1993,-33,-3.8000000000000025,iuzzomi01-1993
hodgedo01,9,-1.2,199303120PHO-DAL,199303120PHO-PHO,DAL-1993,0,1993,-10.799999999999999,-3.8000000000000025,hodgedo01-1993
colemde01,38,10.8,199303130PHO-NJN,199303130PHO-PHO,NJN-1993,1,1993,410.40000000000003,88.88333333333334,colemde01-1993
brownch01,34,-0.5,199303130PHO-NJN,199303130PHO-PHO,NJN-1993,1,1993,-17,88.88333333333334,brownch01-1993
petrodr01,33,11,199303130PHO-NJN,199303130PHO-PHO,NJN-1993,1,1993,363,88.88333333333334,petrodr01-1993
robinru01,33,6.1,199303130PHO-NJN,199303130PHO-PHO,NJN-1993,1,1993,201.29999999999998,88.88333333333334,robinru01-1993
dudlech02,21,-3.5,199303130PHO-NJN,199303130PHO-PHO,NJN-1993,1,1993,-73.5,88.88333333333334,dudlech02-1993
morrich01,20,3.2,199303130PHO-NJN,199303130PHO-PHO,NJN-1993,1,1993,64,88.88333333333334,morrich01-1993
bowiesa01,19,5.5,199303130PHO-NJN,199303130PHO-PHO,NJN-1993,1,1993,104.5,88.88333333333334,bowiesa01-1993
cheekma01,18,1.4,199303130PHO-NJN,199303130PHO-PHO,NJN-1993,1,1993,25.2,88.88333333333334,cheekma01-1993
addisra01,7,-1.9,199303130PHO-NJN,199303130PHO-PHO,NJN-1993,1,1993,-13.299999999999999,88.88333333333334,addisra01-1993
kingbe01,7,2.5,199303130PHO-NJN,199303130PHO-PHO,NJN-1993,1,1993,17.5,88.88333333333334,kingbe01-1993
georgta01,5,-2.4,199303130PHO-NJN,199303130PHO-PHO,NJN-1993,1,1993,-12,88.88333333333334,georgta01-1993
mahorri01,5,-0.7,199303130PHO-NJN,199303130PHO-PHO,NJN-1993,1,1993,-3.5,88.88333333333334,mahorri01-1993
portete01,33,4.1,199303170PHO-POR,199303170PHO-PHO,POR-1993,0,1993,135.29999999999998,10.572727272727274,portete01-1993
stricro02,31,-4.8,199303170PHO-POR,199303170PHO-PHO,POR-1993,0,1993,-148.79999999999998,10.572727272727274,stricro02-1993
robincl02,31,-0.1,199303170PHO-POR,199303170PHO-PHO,POR-1993,0,1993,-3.1,10.572727272727274,robincl02-1993
eliema01,28,5.8,199303170PHO-POR,199303170PHO-PHO,POR-1993,0,1993,162.4,10.572727272727274,eliema01-1993
kerseje01,27,-1.3,199303170PHO-POR,199303170PHO-PHO,POR-1993,0,1993,-35.1,10.572727272727274,kerseje01-1993
bryanma01,23,3.2,199303170PHO-POR,199303170PHO-PHO,POR-1993,0,1993,73.60000000000001,10.572727272727274,bryanma01-1993
willibu01,22,-2.2,199303170PHO-POR,199303170PHO-PHO,POR-1993,0,1993,-48.400000000000006,10.572727272727274,willibu01-1993
murratr01,17,-0.5,199303170PHO-POR,199303170PHO-PHO,POR-1993,0,1993,-8.5,10.572727272727274,murratr01-1993
duckwke01,12,-1,199303170PHO-POR,199303170PHO-PHO,POR-1993,0,1993,-12,10.572727272727274,duckwke01-1993
johnsda01,9,-2,199303170PHO-POR,199303170PHO-PHO,POR-1993,0,1993,-18,10.572727272727274,johnsda01-1993
wolfjo01,7,2.7,199303170PHO-POR,199303170PHO-PHO,POR-1993,0,1993,18.900000000000002,10.572727272727274,wolfjo01-1993
dumarjo01,42,1.3,199303190PHO-DET,199303190PHO-PHO,DET-1993,0,1993,54.6,-0.4749999999999991,dumarjo01-1993
thomais01,40,-5.8,199303190PHO-DET,199303190PHO-PHO,DET-1993,0,1993,-232,-0.4749999999999991,thomais01-1993
rodmade01,39,3.1,199303190PHO-DET,199303190PHO-PHO,DET-1993,0,1993,120.9,-0.4749999999999991,rodmade01-1993
roberal01,31,2.2,199303190PHO-DET,199303190PHO-PHO,DET-1993,0,1993,68.2,-0.4749999999999991,roberal01-1993
millste01,29,2.5,199303190PHO-DET,199303190PHO-PHO,DET-1993,0,1993,72.5,-0.4749999999999991,millste01-1993
glassge01,13,-2.8,199303190PHO-DET,199303190PHO-PHO,DET-1993,0,1993,-36.4,-0.4749999999999991,glassge01-1993
laimbbi01,13,-2.7,199303190PHO-DET,199303190PHO-PHO,DET-1993,0,1993,-35.1,-0.4749999999999991,laimbbi01-1993
polynol01,13,1,199303190PHO-DET,199303190PHO-PHO,DET-1993,0,1993,13,-0.4749999999999991,polynol01-1993
aguirma01,8,-1.5,199303190PHO-DET,199303190PHO-PHO,DET-1993,0,1993,-12,-0.4749999999999991,aguirma01-1993
youngda01,8,-2.9,199303190PHO-DET,199303190PHO-PHO,DET-1993,0,1993,-23.2,-0.4749999999999991,youngda01-1993
morriis01,2,0.9,199303190PHO-DET,199303190PHO-PHO,DET-1993,0,1993,1.8,-0.4749999999999991,morriis01-1993
newbeme01,2,1,199303190PHO-DET,199303190PHO-PHO,DET-1993,0,1993,2,-0.4749999999999991,newbeme01-1993
schrede01,39,12.1,199303210PHO-IND,199303210PHO-PHO,IND-1993,1,1993,471.9,66.92727272727272,schrede01-1993
richapo01,36,-0.4,199303210PHO-IND,199303210PHO-PHO,IND-1993,1,1993,-14.4,66.92727272727272,richapo01-1993
davisda01,34,1.7,199303210PHO-IND,199303210PHO-PHO,IND-1993,1,1993,57.8,66.92727272727272,davisda01-1993
millere01,34,4.3,199303210PHO-IND,199303210PHO-PHO,IND-1993,1,1993,146.2,66.92727272727272,millere01-1993
thompla01,28,3,199303210PHO-IND,199303210PHO-PHO,IND-1993,1,1993,84,66.92727272727272,thompla01-1993
smitsri01,16,2.8,199303210PHO-IND,199303210PHO-PHO,IND-1993,1,1993,44.8,66.92727272727272,smitsri01-1993
flemive01,14,0.9,199303210PHO-IND,199303210PHO-PHO,IND-1993,1,1993,12.6,66.92727272727272,flemive01-1993
sealyma01,14,0.2,199303210PHO-IND,199303210PHO-PHO,IND-1993,1,1993,2.8000000000000003,66.92727272727272,sealyma01-1993
willike03,13,-2.1,199303210PHO-IND,199303210PHO-PHO,IND-1993,1,1993,-27.3,66.92727272727272,willike03-1993
mitchsa01,11,-3.7,199303210PHO-IND,199303210PHO-PHO,IND-1993,1,1993,-40.7,66.92727272727272,mitchsa01-1993
mccloge01,1,-1.5,199303210PHO-IND,199303210PHO-PHO,IND-1993,1,1993,-1.5,66.92727272727272,mccloge01-1993
ewingpa01,35,6.8,199303230PHO-NYK,199303230PHO-PHO,NYK-1993,0,1993,238,5.345454545454546,ewingpa01-1993
smithch01,32,5.7,199303230PHO-NYK,199303230PHO-PHO,NYK-1993,0,1993,182.4,5.345454545454546,smithch01-1993
davishu01,32,-2.6,199303230PHO-NYK,199303230PHO-PHO,NYK-1993,0,1993,-83.2,5.345454545454546,davishu01-1993
oaklech01,26,-0.5,199303230PHO-NYK,199303230PHO-PHO,NYK-1993,0,1993,-13,5.345454545454546,oaklech01-1993
campbto01,25,0.5,199303230PHO-NYK,199303230PHO-PHO,NYK-1993,0,1993,12.5,5.345454545454546,campbto01-1993
kimblbo01,21,-5.3,199303230PHO-NYK,199303230PHO-PHO,NYK-1993,0,1993,-111.3,5.345454545454546,kimblbo01-1993
riverdo01,20,-2.3,199303230PHO-NYK,199303230PHO-PHO,NYK-1993,0,1993,-46,5.345454545454546,riverdo01-1993
starkjo01,20,-3.2,199303230PHO-NYK,199303230PHO-PHO,NYK-1993,0,1993,-64,5.345454545454546,starkjo01-1993
masonan01,16,-4.2,199303230PHO-NYK,199303230PHO-PHO,NYK-1993,0,1993,-67.2,5.345454545454546,masonan01-1993
willihe01,10,1,199303230PHO-NYK,199303230PHO-PHO,NYK-1993,0,1993,10,5.345454545454546,willihe01-1993
anderer01,3,0.2,199303230PHO-NYK,199303230PHO-PHO,NYK-1993,0,1993,0.6000000000000001,5.345454545454546,anderer01-1993
majerda01,44,-3.9,199303240LAL-PHO,199303240LAL-LAL,PHO-1993,1,1993,-171.6,75.72,majerda01-1993
barklch01,41,11.8,199303240LAL-PHO,199303240LAL-LAL,PHO-1993,1,1993,483.8,75.72,barklch01-1993
chambto01,30,-0.2,199303240LAL-PHO,199303240LAL-LAL,PHO-1993,1,1993,-6,75.72,chambto01-1993
cebalce01,29,2.9,199303240LAL-PHO,199303240LAL-LAL,PHO-1993,1,1993,84.1,75.72,cebalce01-1993
aingeda01,29,13.9,199303240LAL-PHO,199303240LAL-LAL,PHO-1993,1,1993,403.1,75.72,aingeda01-1993
johnsfr01,20,3.3,199303240LAL-PHO,199303240LAL-LAL,PHO-1993,1,1993,66,75.72,johnsfr01-1993
westma01,19,-2.5,199303240LAL-PHO,199303240LAL-LAL,PHO-1993,1,1993,-47.5,75.72,westma01-1993
milleol01,14,-2.7,199303240LAL-PHO,199303240LAL-LAL,PHO-1993,1,1993,-37.800000000000004,75.72,milleol01-1993
knighne01,13,-1.3,199303240LAL-PHO,199303240LAL-LAL,PHO-1993,1,1993,-16.900000000000002,75.72,knighne01-1993
kemptti01,1,0,199303240LAL-PHO,199303240LAL-LAL,PHO-1993,1,1993,0,75.72,kemptti01-1993
edwarbl01,43,6.1,199303260PHO-MIL,199303260PHO-PHO,MIL-1993,0,1993,262.3,52.28888888888889,edwarbl01-1993
dayto01,38,-3.5,199303260PHO-MIL,199303260PHO-PHO,MIL-1993,0,1993,-133,52.28888888888889,dayto01-1993
murdoer01,36,1,199303260PHO-MIL,199303260PHO-PHO,MIL-1993,0,1993,36,52.28888888888889,murdoer01-1993
lohaubr01,33,8.9,199303260PHO-MIL,199303260PHO-PHO,MIL-1993,0,1993,293.7,52.28888888888889,lohaubr01-1993
schayda01,29,1.2,199303260PHO-MIL,199303260PHO-PHO,MIL-1993,0,1993,34.8,52.28888888888889,schayda01-1993
roberfr01,26,2.1,199303260PHO-MIL,199303260PHO-PHO,MIL-1993,0,1993,54.6,52.28888888888889,roberfr01-1993
barryjo01,13,-3.4,199303260PHO-MIL,199303260PHO-PHO,MIL-1993,0,1993,-44.199999999999996,52.28888888888889,barryjo01-1993
maybele01,12,0.2,199303260PHO-MIL,199303260PHO-PHO,MIL-1993,0,1993,2.4000000000000004,52.28888888888889,maybele01-1993
aventan01,10,-3.6,199303260PHO-MIL,199303260PHO-PHO,MIL-1993,0,1993,-36,52.28888888888889,aventan01-1993
majerda01,43,3.6,199303280PHI-PHO,199303280PHI-PHI,PHO-1993,1,1993,154.8,97.67777777777778,majerda01-1993
johnske02,41,3.2,199303280PHI-PHO,199303280PHI-PHI,PHO-1993,1,1993,131.20000000000002,97.67777777777778,johnske02-1993
cebalce01,40,8.4,199303280PHI-PHO,199303280PHI-PHI,PHO-1993,1,1993,336,97.67777777777778,cebalce01-1993
barklch01,36,10.8,199303280PHI-PHO,199303280PHI-PHI,PHO-1993,1,1993,388.8,97.67777777777778,barklch01-1993
westma01,25,0.5,199303280PHI-PHO,199303280PHI-PHI,PHO-1993,1,1993,12.5,97.67777777777778,westma01-1993
aingeda01,25,-5.4,199303280PHI-PHO,199303280PHI-PHI,PHO-1993,1,1993,-135,97.67777777777778,aingeda01-1993
milleol01,17,0.4,199303280PHI-PHO,199303280PHI-PHI,PHO-1993,1,1993,6.800000000000001,97.67777777777778,milleol01-1993
johnsfr01,7,-1.6,199303280PHI-PHO,199303280PHI-PHI,PHO-1993,1,1993,-11.200000000000001,97.67777777777778,johnsfr01-1993
kemptti01,6,-0.8,199303280PHI-PHO,199303280PHI-PHI,PHO-1993,1,1993,-4.800000000000001,97.67777777777778,kemptti01-1993
johnske02,44,9.6,199303300CHI-PHO,199303300CHI-CHI,PHO-1993,1,1993,422.4,107.17777777777778,johnske02-1993
barklch01,41,8.8,199303300CHI-PHO,199303300CHI-CHI,PHO-1993,1,1993,360.8,107.17777777777778,barklch01-1993
majerda01,37,2.2,199303300CHI-PHO,199303300CHI-CHI,PHO-1993,1,1993,81.4,107.17777777777778,majerda01-1993
cebalce01,32,5.9,199303300CHI-PHO,199303300CHI-CHI,PHO-1993,1,1993,188.8,107.17777777777778,cebalce01-1993
westma01,28,-1.4,199303300CHI-PHO,199303300CHI-CHI,PHO-1993,1,1993,-39.199999999999996,107.17777777777778,westma01-1993
aingeda01,28,-2.1,199303300CHI-PHO,199303300CHI-CHI,PHO-1993,1,1993,-58.800000000000004,107.17777777777778,aingeda01-1993
milleol01,25,0.4,199303300CHI-PHO,199303300CHI-CHI,PHO-1993,1,1993,10,107.17777777777778,milleol01-1993
johnsfr01,3,-0.2,199303300CHI-PHO,199303300CHI-CHI,PHO-1993,1,1993,-0.6000000000000001,107.17777777777778,johnsfr01-1993
dumasri02,2,-0.1,199303300CHI-PHO,199303300CHI-CHI,PHO-1993,1,1993,-0.2,107.17777777777778,dumasri02-1993
johnske02,41,-0.8,199304020BOS-PHO,199304020BOS-BOS,PHO-1993,1,1993,-32.800000000000004,75.08888888888889,johnske02-1993
barklch01,39,13.6,199304020BOS-PHO,199304020BOS-BOS,PHO-1993,1,1993,530.4,75.08888888888889,barklch01-1993
majerda01,39,1.7,199304020BOS-PHO,199304020BOS-BOS,PHO-1993,1,1993,66.3,75.08888888888889,majerda01-1993
cebalce01,34,0.2,199304020BOS-PHO,199304020BOS-BOS,PHO-1993,1,1993,6.800000000000001,75.08888888888889,cebalce01-1993
westma01,27,4.5,199304020BOS-PHO,199304020BOS-BOS,PHO-1993,1,1993,121.5,75.08888888888889,westma01-1993
aingeda01,24,-1.2,199304020BOS-PHO,199304020BOS-BOS,PHO-1993,1,1993,-28.799999999999997,75.08888888888889,aingeda01-1993
milleol01,24,0.4,199304020BOS-PHO,199304020BOS-BOS,PHO-1993,1,1993,9.600000000000001,75.08888888888889,milleol01-1993
johnsfr01,8,1.2,199304020BOS-PHO,199304020BOS-BOS,PHO-1993,1,1993,9.6,75.08888888888889,johnsfr01-1993
dumasri02,4,-1.7,199304020BOS-PHO,199304020BOS-BOS,PHO-1993,1,1993,-6.8,75.08888888888889,dumasri02-1993
barklch01,40,13,199304040IND-PHO,199304040IND-IND,PHO-1993,1,1993,520,110.2,barklch01-1993
majerda01,39,4.3,199304040IND-PHO,199304040IND-IND,PHO-1993,1,1993,167.7,110.2,majerda01-1993
johnske02,38,9,199304040IND-PHO,199304040IND-IND,PHO-1993,1,1993,342,110.2,johnske02-1993
milleol01,33,4.9,199304040IND-PHO,199304040IND-IND,PHO-1993,1,1993,161.70000000000002,110.2,milleol01-1993
cebalce01,31,0.5,199304040IND-PHO,199304040IND-IND,PHO-1993,1,1993,15.5,110.2,cebalce01-1993
aingeda01,29,-1.8,199304040IND-PHO,199304040IND-IND,PHO-1993,1,1993,-52.2,110.2,aingeda01-1993
westma01,15,-1.5,199304040IND-PHO,199304040IND-IND,PHO-1993,1,1993,-22.5,110.2,westma01-1993
dumasri02,8,-2.9,199304040IND-PHO,199304040IND-IND,PHO-1993,1,1993,-23.2,110.2,dumasri02-1993
johnsfr01,6,-1.2,199304040IND-PHO,199304040IND-IND,PHO-1993,1,1993,-7.199999999999999,110.2,johnsfr01-1993
stivral01,1,0.2,199304040IND-PHO,199304040IND-IND,PHO-1993,1,1993,0.2,110.2,stivral01-1993
greenac01,39,5.1,199304060PHO-LAL,199304060PHO-PHO,LAL-1993,0,1993,198.89999999999998,43.39090909090909,greenac01-1993
campbel01,38,5.4,199304060PHO-LAL,199304060PHO-PHO,LAL-1993,0,1993,205.20000000000002,43.39090909090909,campbel01-1993
divacvl01,33,0.7,199304060PHO-LAL,199304060PHO-PHO,LAL-1993,0,1993,23.099999999999998,43.39090909090909,divacvl01-1993
scottby01,25,4.7,199304060PHO-LAL,199304060PHO-PHO,LAL-1993,0,1993,117.5,43.39090909090909,scottby01-1993
threase01,25,-5,199304060PHO-LAL,199304060PHO-PHO,LAL-1993,0,1993,-125,43.39090909090909,threase01-1993
peelean01,18,1,199304060PHO-LAL,199304060PHO-PHO,LAL-1993,0,1993,18,43.39090909090909,peelean01-1993
worthja01,18,2.5,199304060PHO-LAL,199304060PHO-PHO,LAL-1993,0,1993,45,43.39090909090909,worthja01-1993
chrisdo01,14,-2.5,199304060PHO-LAL,199304060PHO-PHO,LAL-1993,0,1993,-35,43.39090909090909,chrisdo01-1993
coopedu01,11,2.2,199304060PHO-LAL,199304060PHO-PHO,LAL-1993,0,1993,24.200000000000003,43.39090909090909,coopedu01-1993
smithto02,11,1,199304060PHO-LAL,199304060PHO-PHO,LAL-1993,0,1993,11,43.39090909090909,smithto02-1993
benjabe01,8,-0.7,199304060PHO-LAL,199304060PHO-PHO,LAL-1993,0,1993,-5.6,43.39090909090909,benjabe01-1993
barklch01,38,-1.6,199304080SAC-PHO,199304080SAC-SAC,PHO-1993,1,1993,-60.800000000000004,75.03999999999999,barklch01-1993
johnske02,37,4.6,199304080SAC-PHO,199304080SAC-SAC,PHO-1993,1,1993,170.2,75.03999999999999,johnske02-1993
majerda01,37,8.5,199304080SAC-PHO,199304080SAC-SAC,PHO-1993,1,1993,314.5,75.03999999999999,majerda01-1993
cebalce01,36,8.2,199304080SAC-PHO,199304080SAC-SAC,PHO-1993,1,1993,295.2,75.03999999999999,cebalce01-1993
dumasri02,24,0,199304080SAC-PHO,199304080SAC-SAC,PHO-1993,1,1993,0,75.03999999999999,dumasri02-1993
westma01,20,1.3,199304080SAC-PHO,199304080SAC-SAC,PHO-1993,1,1993,26,75.03999999999999,westma01-1993
aingeda01,20,0.2,199304080SAC-PHO,199304080SAC-SAC,PHO-1993,1,1993,4,75.03999999999999,aingeda01-1993
milleol01,19,1.1,199304080SAC-PHO,199304080SAC-SAC,PHO-1993,1,1993,20.900000000000002,75.03999999999999,milleol01-1993
johnsfr01,7,-2.6,199304080SAC-PHO,199304080SAC-SAC,PHO-1993,1,1993,-18.2,75.03999999999999,johnsfr01-1993
kemptti01,2,-0.7,199304080SAC-PHO,199304080SAC-SAC,PHO-1993,1,1993,-1.4,75.03999999999999,kemptti01-1993
abdulma02,38,2.9,199304090PHO-DEN,199304090PHO-PHO,DEN-1993,0,1993,110.2,34.43,abdulma02-1993
mutomdi01,38,3.8,199304090PHO-DEN,199304090PHO-PHO,DEN-1993,0,1993,144.4,34.43,mutomdi01-1993
maconma01,33,-2.1,199304090PHO-DEN,199304090PHO-PHO,DEN-1993,0,1993,-69.3,34.43,maconma01-1993
willire01,33,-3.3,199304090PHO-DEN,199304090PHO-PHO,DEN-1993,0,1993,-108.89999999999999,34.43,willire01-1993
ellisla01,27,6.3,199304090PHO-DEN,199304090PHO-PHO,DEN-1993,0,1993,170.1,34.43,ellisla01-1993
hammoto01,27,3.8,199304090PHO-DEN,199304090PHO-PHO,DEN-1993,0,1993,102.6,34.43,hammoto01-1993
packro01,18,0.5,199304090PHO-DEN,199304090PHO-PHO,DEN-1993,0,1993,9,34.43,packro01-1993
liberma01,16,-0.6,199304090PHO-DEN,199304090PHO-PHO,DEN-1993,0,1993,-9.6,34.43,liberma01-1993
brookke01,7,-1.2,199304090PHO-DEN,199304090PHO-PHO,DEN-1993,0,1993,-8.4,34.43,brookke01-1993
hastisc01,3,1.4,199304090PHO-DEN,199304090PHO-PHO,DEN-1993,0,1993,4.199999999999999,34.43,hastisc01-1993
malonka01,38,2.4,199304110PHO-UTA,199304110PHO-PHO,UTA-1993,0,1993,91.2,27.581818181818186,malonka01-1993
humphja01,34,2.2,199304110PHO-UTA,199304110PHO-PHO,UTA-1993,0,1993,74.80000000000001,27.581818181818186,humphja01-1993
stockjo01,34,3.7,199304110PHO-UTA,199304110PHO-PHO,UTA-1993,0,1993,125.80000000000001,27.581818181818186,stockjo01-1993
corbity01,28,3.2,199304110PHO-UTA,199304110PHO-PHO,UTA-1993,0,1993,89.60000000000001,27.581818181818186,corbity01-1993
malonje01,26,-5.6,199304110PHO-UTA,199304110PHO-PHO,UTA-1993,0,1993,-145.6,27.581818181818186,malonje01-1993
benoida01,24,3.4,199304110PHO-UTA,199304110PHO-PHO,UTA-1993,0,1993,81.6,27.581818181818186,benoida01-1993
brownmi01,24,-0.3,199304110PHO-UTA,199304110PHO-PHO,UTA-1993,0,1993,-7.199999999999999,27.581818181818186,brownmi01-1993
austiis01,15,-0.2,199304110PHO-UTA,199304110PHO-PHO,UTA-1993,0,1993,-3,27.581818181818186,austiis01-1993
howarst01,13,0,199304110PHO-UTA,199304110PHO-PHO,UTA-1993,0,1993,0,27.581818181818186,howarst01-1993
crottjo01,2,-0.1,199304110PHO-UTA,199304110PHO-PHO,UTA-1993,0,1993,-0.2,27.581818181818186,crottjo01-1993
jameshe01,2,-1.8,199304110PHO-UTA,199304110PHO-PHO,UTA-1993,0,1993,-3.6,27.581818181818186,jameshe01-1993
majerda01,48,9.2,199304120LAC-PHO,199304120LAC-LAC,PHO-1993,0,1993,441.59999999999997,64.55555555555556,majerda01-1993
dumasri02,42,8.1,199304120LAC-PHO,199304120LAC-LAC,PHO-1993,0,1993,340.2,64.55555555555556,dumasri02-1993
aingeda01,34,0.5,199304120LAC-PHO,199304120LAC-LAC,PHO-1993,0,1993,17,64.55555555555556,aingeda01-1993
milleol01,28,-1.5,199304120LAC-PHO,199304120LAC-LAC,PHO-1993,0,1993,-42,64.55555555555556,milleol01-1993
mustaje01,24,0.2,199304120LAC-PHO,199304120LAC-LAC,PHO-1993,0,1993,4.800000000000001,64.55555555555556,mustaje01-1993
johnsfr01,22,-4.1,199304120LAC-PHO,199304120LAC-LAC,PHO-1993,0,1993,-90.19999999999999,64.55555555555556,johnsfr01-1993
knighne01,17,-4.2,199304120LAC-PHO,199304120LAC-LAC,PHO-1993,0,1993,-71.4,64.55555555555556,knighne01-1993
westma01,15,0,199304120LAC-PHO,199304120LAC-LAC,PHO-1993,0,1993,0,64.55555555555556,westma01-1993
kemptti01,10,-1.9,199304120LAC-PHO,199304120LAC-LAC,PHO-1993,0,1993,-19,64.55555555555556,kemptti01-1993
westdo01,46,0.9,199304140PHO-MIN,199304140PHO-PHO,MIN-1993,0,1993,41.4,-0.8500000000000013,westdo01-1993
laettch01,45,0.7,199304140PHO-MIN,199304140PHO-PHO,MIN-1993,0,1993,31.499999999999996,-0.8500000000000013,laettch01-1993
smithch03,43,-4.4,199304140PHO-MIN,199304140PHO-PHO,MIN-1993,0,1993,-189.20000000000002,-0.8500000000000013,smithch03-1993
mccanbo01,36,3.2,199304140PHO-MIN,199304140PHO-PHO,MIN-1993,0,1993,115.2,-0.8500000000000013,mccanbo01-1993
persoch01,31,-1.2,199304140PHO-MIN,199304140PHO-PHO,MIN-1993,0,1993,-37.199999999999996,-0.8500000000000013,persoch01-1993
baileth01,17,2.6,199304140PHO-MIN,199304140PHO-PHO,MIN-1993,0,1993,44.2,-0.8500000000000013,baileth01-1993
maxeyma01,9,1.4,199304140PHO-MIN,199304140PHO-PHO,MIN-1993,0,1993,12.6,-0.8500000000000013,maxeyma01-1993
blankla01,7,-2.9,199304140PHO-MIN,199304140PHO-PHO,MIN-1993,0,1993,-20.3,-0.8500000000000013,blankla01-1993
spencfe01,5,-1.4,199304140PHO-MIN,199304140PHO-PHO,MIN-1993,0,1993,-7,-0.8500000000000013,spencfe01-1993
sellebr01,1,0.3,199304140PHO-MIN,199304140PHO-PHO,MIN-1993,0,1993,0.3,-0.8500000000000013,sellebr01-1993
paytoga01,36,3.7,199304160PHO-SEA,199304160PHO-PHO,SEA-1993,1,1993,133.20000000000002,68.46666666666667,paytoga01-1993
kempsh01,33,11.5,199304160PHO-SEA,199304160PHO-PHO,SEA-1993,1,1993,379.5,68.46666666666667,kempsh01-1993
mckeyde01,33,3.1,199304160PHO-SEA,199304160PHO-PHO,SEA-1993,1,1993,102.3,68.46666666666667,mckeyde01-1993
perkisa01,32,-2.4,199304160PHO-SEA,199304160PHO-PHO,SEA-1993,1,1993,-76.8,68.46666666666667,perkisa01-1993
piercri01,31,2.1,199304160PHO-SEA,199304160PHO-PHO,SEA-1993,1,1993,65.10000000000001,68.46666666666667,piercri01-1993
johnsed03,21,-0.5,199304160PHO-SEA,199304160PHO-PHO,SEA-1993,1,1993,-10.5,68.46666666666667,johnsed03-1993
cagemi01,18,4.1,199304160PHO-SEA,199304160PHO-PHO,SEA-1993,1,1993,73.8,68.46666666666667,cagemi01-1993
mcmilna01,18,-2.7,199304160PHO-SEA,199304160PHO-PHO,SEA-1993,1,1993,-48.6,68.46666666666667,mcmilna01-1993
askewvi01,18,-0.1,199304160PHO-SEA,199304160PHO-PHO,SEA-1993,1,1993,-1.8,68.46666666666667,askewvi01-1993
cebalce01,38,10.2,199304170UTA-PHO,199304170UTA-UTA,PHO-1993,0,1993,387.59999999999997,27.74444444444444,cebalce01-1993
majerda01,30,-0.8,199304170UTA-PHO,199304170UTA-UTA,PHO-1993,0,1993,-24,27.74444444444444,majerda01-1993
milleol01,29,-1.1,199304170UTA-PHO,199304170UTA-UTA,PHO-1993,0,1993,-31.900000000000002,27.74444444444444,milleol01-1993
dumasri02,28,-4,199304170UTA-PHO,199304170UTA-UTA,PHO-1993,0,1993,-112,27.74444444444444,dumasri02-1993
knighne01,26,1,199304170UTA-PHO,199304170UTA-UTA,PHO-1993,0,1993,26,27.74444444444444,knighne01-1993
chambto01,25,2.5,199304170UTA-PHO,199304170UTA-UTA,PHO-1993,0,1993,62.5,27.74444444444444,chambto01-1993
mustaje01,23,4.4,199304170UTA-PHO,199304170UTA-UTA,PHO-1993,0,1993,101.2,27.74444444444444,mustaje01-1993
johnsfr01,22,-3.2,199304170UTA-PHO,199304170UTA-UTA,PHO-1993,0,1993,-70.4,27.74444444444444,johnsfr01-1993
westma01,19,-4.7,199304170UTA-PHO,199304170UTA-UTA,PHO-1993,0,1993,-89.3,27.74444444444444,westma01-1993
thorpot01,37,4,199304190PHO-HOU,199304190PHO-PHO,HOU-1993,1,1993,148,59.300000000000004,thorpot01-1993
olajuha01,33,6.1,199304190PHO-HOU,199304190PHO-PHO,HOU-1993,1,1993,201.29999999999998,59.300000000000004,olajuha01-1993
garlawi01,32,0.3,199304190PHO-HOU,199304190PHO-PHO,HOU-1993,1,1993,9.6,59.300000000000004,garlawi01-1993
smithke01,31,10.9,199304190PHO-HOU,199304190PHO-PHO,HOU-1993,1,1993,337.90000000000003,59.300000000000004,smithke01-1993
brooksc01,20,-2,199304190PHO-HOU,199304190PHO-PHO,HOU-1993,1,1993,-40,59.300000000000004,brooksc01-1993
bullama01,19,2.5,199304190PHO-HOU,199304190PHO-PHO,HOU-1993,1,1993,47.5,59.300000000000004,bullama01-1993
herreca01,18,0.2,199304190PHO-HOU,199304190PHO-PHO,HOU-1993,1,1993,3.6,59.300000000000004,herreca01-1993
horryro01,16,1.3,199304190PHO-HOU,199304190PHO-PHO,HOU-1993,1,1993,20.8,59.300000000000004,horryro01-1993
floydsl01,16,-2.5,199304190PHO-HOU,199304190PHO-PHO,HOU-1993,1,1993,-40,59.300000000000004,floydsl01-1993
winchke01,14,-2.2,199304190PHO-HOU,199304190PHO-PHO,HOU-1993,1,1993,-30.800000000000004,59.300000000000004,winchke01-1993
rollitr01,4,-1.4,199304190PHO-HOU,199304190PHO-PHO,HOU-1993,1,1993,-5.6,59.300000000000004,rollitr01-1993
johnske02,37,2.4,199304220POR-PHO,199304220POR-POR,PHO-1993,1,1993,88.8,52,johnske02-1993
barklch01,34,5.5,199304220POR-PHO,199304220POR-POR,PHO-1993,1,1993,187,52,barklch01-1993
majerda01,34,7.6,199304220POR-PHO,199304220POR-POR,PHO-1993,1,1993,258.4,52,majerda01-1993
chambto01,29,0,199304220POR-PHO,199304220POR-POR,PHO-1993,1,1993,0,52,chambto01-1993
cebalce01,26,2.2,199304220POR-PHO,199304220POR-POR,PHO-1993,1,1993,57.2,52,cebalce01-1993
milleol01,22,0.7,199304220POR-PHO,199304220POR-POR,PHO-1993,1,1993,15.399999999999999,52,milleol01-1993
aingeda01,19,-0.7,199304220POR-PHO,199304220POR-POR,PHO-1993,1,1993,-13.299999999999999,52,aingeda01-1993
dumasri02,14,0.1,199304220POR-PHO,199304220POR-POR,PHO-1993,1,1993,1.4000000000000001,52,dumasri02-1993
westma01,13,-0.4,199304220POR-PHO,199304220POR-POR,PHO-1993,1,1993,-5.2,52,westma01-1993
knighne01,11,-1.6,199304220POR-PHO,199304220POR-POR,PHO-1993,1,1993,-17.6,52,knighne01-1993
mustaje01,1,-0.1,199304220POR-PHO,199304220POR-POR,PHO-1993,1,1993,-0.1,52,mustaje01-1993
robinda01,42,10.9,199304240PHO-SAS,199304240PHO-PHO,SAS-1993,0,1993,457.8,42.120000000000005,robinda01-1993
carran01,39,-3.7,199304240PHO-SAS,199304240PHO-PHO,SAS-1993,0,1993,-144.3,42.120000000000005,carran01-1993
johnsav01,36,4.7,199304240PHO-SAS,199304240PHO-PHO,SAS-1993,0,1993,169.20000000000002,42.120000000000005,johnsav01-1993
elliose01,35,-7.6,199304240PHO-SAS,199304240PHO-PHO,SAS-1993,0,1993,-266,42.120000000000005,elliose01-1993
ellisda01,35,2.2,199304240PHO-SAS,199304240PHO-PHO,SAS-1993,0,1993,77,42.120000000000005,ellisda01-1993
anderwi01,21,5.2,199304240PHO-SAS,199304240PHO-PHO,SAS-1993,0,1993,109.2,42.120000000000005,anderwi01-1993
reidjr01,17,1.6,199304240PHO-SAS,199304240PHO-PHO,SAS-1993,0,1993,27.200000000000003,42.120000000000005,reidjr01-1993
cummite01,6,-1.1,199304240PHO-SAS,199304240PHO-PHO,SAS-1993,0,1993,-6.6000000000000005,42.120000000000005,cummite01-1993
woodda01,5,0.1,199304240PHO-SAS,199304240PHO-PHO,SAS-1993,0,1993,0.5,42.120000000000005,woodda01-1993
daniell01,4,-0.7,199304240PHO-SAS,199304240PHO-PHO,SAS-1993,0,1993,-2.8,42.120000000000005,daniell01-1993
majerda01,35,5.1,199304250DEN-PHO,199304250DEN-DEN,PHO-1993,0,1993,178.5,53.66,majerda01-1993
barklch01,33,4.3,199304250DEN-PHO,199304250DEN-DEN,PHO-1993,0,1993,141.9,53.66,barklch01-1993
dumasri02,33,3.8,199304250DEN-PHO,199304250DEN-DEN,PHO-1993,0,1993,125.39999999999999,53.66,dumasri02-1993
aingeda01,31,6.3,199304250DEN-PHO,199304250DEN-DEN,PHO-1993,0,1993,195.29999999999998,53.66,aingeda01-1993
cebalce01,26,6.5,199304250DEN-PHO,199304250DEN-DEN,PHO-1993,0,1993,169,53.66,cebalce01-1993
milleol01,22,-2.3,199304250DEN-PHO,199304250DEN-DEN,PHO-1993,0,1993,-50.599999999999994,53.66,milleol01-1993
knighne01,21,-5.8,199304250DEN-PHO,199304250DEN-DEN,PHO-1993,0,1993,-121.8,53.66,knighne01-1993
chambto01,19,-1.9,199304250DEN-PHO,199304250DEN-DEN,PHO-1993,0,1993,-36.1,53.66,chambto01-1993
westma01,15,-3.3,199304250DEN-PHO,199304250DEN-DEN,PHO-1993,0,1993,-49.5,53.66,westma01-1993
mustaje01,5,-3.1,199304250DEN-PHO,199304250DEN-DEN,PHO-1993,0,1993,-15.5,53.66,mustaje01-1993
