player,min,VORP,id,opp_id,season_id,win,year,adj_VORP,avg_VORP,link
arizatr01,37.016666666666666,9.9,201810170PHO-PHO,201810170PHO-DAL,PHO-2019,1,2019,366.46500000000003,65.37015151515152,arizatr01-2019
aytonde01,36.483333333333334,8,201810170PHO-PHO,201810170PHO-DAL,PHO-2019,1,2019,291.8666666666667,65.37015151515152,aytonde01-2019
canaais01,33.56666666666667,-4.3,201810170PHO-PHO,201810170PHO-DAL,PHO-2019,1,2019,-144.33666666666667,65.37015151515152,canaais01-2019
bookede01,33.45,8,201810170PHO-PHO,201810170PHO-DAL,PHO-2019,1,2019,267.6,65.37015151515152,bookede01-2019
jacksjo02,28.383333333333333,1.6,201810170PHO-PHO,201810170PHO-DAL,PHO-2019,1,2019,45.413333333333334,65.37015151515152,jacksjo02-2019
anderry01,24.016666666666666,-1.8,201810170PHO-PHO,201810170PHO-DAL,PHO-2019,1,2019,-43.23,65.37015151515152,anderry01-2019
warretj01,23.75,-1.7,201810170PHO-PHO,201810170PHO-DAL,PHO-2019,1,2019,-40.375,65.37015151515152,warretj01-2019
chandty01,11.516666666666667,-1.1,201810170PHO-PHO,201810170PHO-DAL,PHO-2019,1,2019,-12.668333333333335,65.37015151515152,chandty01-2019
okoboel01,7.5,-1.5,201810170PHO-PHO,201810170PHO-DAL,PHO-2019,1,2019,-11.25,65.37015151515152,okoboel01-2019
danietr01,4.133333333333334,-0.1,201810170PHO-PHO,201810170PHO-DAL,PHO-2019,1,2019,-0.4133333333333334,65.37015151515152,danietr01-2019
bridgmi01,0.18333333333333332,0,201810170PHO-PHO,201810170PHO-DAL,PHO-2019,1,2019,0,65.37015151515152,bridgmi01-2019
doncilu01,36.233333333333334,1.1,201810200DAL-DAL,201810200DAL-MIN,DAL-2019,1,2019,39.85666666666667,28.724666666666668,doncilu01-2019
matthwe02,35.43333333333333,-5.7,201810200DAL-DAL,201810200DAL-MIN,DAL-2019,1,2019,-201.97,28.724666666666668,matthwe02-2019
jordade01,31.75,9,201810200DAL-DAL,201810200DAL-MIN,DAL-2019,1,2019,285.75,28.724666666666668,jordade01-2019
finnedo01,30,-0.1,201810200DAL-DAL,201810200DAL-MIN,DAL-2019,1,2019,-3,28.724666666666668,finnedo01-2019
smithde03,26.383333333333333,0.3,201810200DAL-DAL,201810200DAL-MIN,DAL-2019,1,2019,7.914999999999999,28.724666666666668,smithde03-2019
bareajo01,21.616666666666667,6.4,201810200DAL-DAL,201810200DAL-MIN,DAL-2019,1,2019,138.34666666666666,28.724666666666668,bareajo01-2019
brunsja01,20.05,-1.7,201810200DAL-DAL,201810200DAL-MIN,DAL-2019,1,2019,-34.085,28.724666666666668,brunsja01-2019
klebima01,17.4,-1.3,201810200DAL-DAL,201810200DAL-MIN,DAL-2019,1,2019,-22.619999999999997,28.724666666666668,klebima01-2019
poweldw01,16.85,4.7,201810200DAL-DAL,201810200DAL-MIN,DAL-2019,1,2019,79.19500000000001,28.724666666666668,poweldw01-2019
broekry01,4.283333333333333,-0.5,201810200DAL-DAL,201810200DAL-MIN,DAL-2019,1,2019,-2.1416666666666666,28.724666666666668,broekry01-2019
finnedo01,39.8,-0.1,201810220DAL-DAL,201810220DAL-CHI,DAL-2019,1,2019,-3.98,19.406000000000002,finnedo01-2019
doncilu01,35.8,2.9,201810220DAL-DAL,201810220DAL-CHI,DAL-2019,1,2019,103.82,19.406000000000002,doncilu01-2019
matthwe02,31.666666666666668,5.9,201810220DAL-DAL,201810220DAL-CHI,DAL-2019,1,2019,186.83333333333334,19.406000000000002,matthwe02-2019
jordade01,31.6,1.6,201810220DAL-DAL,201810220DAL-CHI,DAL-2019,1,2019,50.56,19.406000000000002,jordade01-2019
smithde03,30.666666666666668,-10.6,201810220DAL-DAL,201810220DAL-CHI,DAL-2019,1,2019,-325.06666666666666,19.406000000000002,smithde03-2019
klebima01,19.633333333333333,4,201810220DAL-DAL,201810220DAL-CHI,DAL-2019,1,2019,78.53333333333333,19.406000000000002,klebima01-2019
bareajo01,17.333333333333332,-1.8,201810220DAL-DAL,201810220DAL-CHI,DAL-2019,1,2019,-31.2,19.406000000000002,bareajo01-2019
poweldw01,16.4,7.4,201810220DAL-DAL,201810220DAL-CHI,DAL-2019,1,2019,121.36,19.406000000000002,poweldw01-2019
brunsja01,14.55,1.1,201810220DAL-DAL,201810220DAL-CHI,DAL-2019,1,2019,16.005000000000003,19.406000000000002,brunsja01-2019
broekry01,2.55,-1.1,201810220DAL-DAL,201810220DAL-CHI,DAL-2019,1,2019,-2.805,19.406000000000002,broekry01-2019
princta02,34.233333333333334,3.8,201810240ATL-ATL,201810240ATL-DAL,ATL-2019,1,2019,130.08666666666667,45.69666666666667,princta02-2019
bazemke01,33.45,13,201810240ATL-ATL,201810240ATL-DAL,ATL-2019,1,2019,434.85,45.69666666666667,bazemke01-2019
bembrde01,29.666666666666668,3.7,201810240ATL-ATL,201810240ATL-DAL,ATL-2019,1,2019,109.76666666666668,45.69666666666667,bembrde01-2019
lenal01,27.866666666666667,-0.6,201810240ATL-ATL,201810240ATL-DAL,ATL-2019,1,2019,-16.72,45.69666666666667,lenal01-2019
cartevi01,25.7,0.8,201810240ATL-ATL,201810240ATL-DAL,ATL-2019,1,2019,20.560000000000002,45.69666666666667,cartevi01-2019
youngtr01,25.583333333333332,-2.4,201810240ATL-ATL,201810240ATL-DAL,ATL-2019,1,2019,-61.39999999999999,45.69666666666667,youngtr01-2019
huertke01,17.583333333333332,-3.1,201810240ATL-ATL,201810240ATL-DAL,ATL-2019,1,2019,-54.50833333333333,45.69666666666667,huertke01-2019
spellom01,15.65,-3.5,201810240ATL-ATL,201810240ATL-DAL,ATL-2019,1,2019,-54.775,45.69666666666667,spellom01-2019
dedmode01,14.033333333333333,1,201810240ATL-ATL,201810240ATL-DAL,ATL-2019,1,2019,14.033333333333333,45.69666666666667,dedmode01-2019
linje01,9.833333333333334,-1.5,201810240ATL-ATL,201810240ATL-DAL,ATL-2019,1,2019,-14.75,45.69666666666667,linje01-2019
poythal01,6.4,-0.7,201810240ATL-ATL,201810240ATL-DAL,ATL-2019,1,2019,-4.4799999999999995,45.69666666666667,poythal01-2019
siakapa01,37.416666666666664,-1.9,201810260TOR-TOR,201810260TOR-DAL,TOR-2019,1,2019,-71.09166666666665,67.25116666666666,siakapa01-2019
lowryky01,35.78333333333333,10.1,201810260TOR-TOR,201810260TOR-DAL,TOR-2019,1,2019,361.41166666666663,67.25116666666666,lowryky01-2019
leonaka01,34.63333333333333,9.7,201810260TOR-TOR,201810260TOR-DAL,TOR-2019,1,2019,335.9433333333333,67.25116666666666,leonaka01-2019
greenda02,30.3,6.6,201810260TOR-TOR,201810260TOR-DAL,TOR-2019,1,2019,199.98,67.25116666666666,greenda02-2019
ibakase01,25.966666666666665,-5.9,201810260TOR-TOR,201810260TOR-DAL,TOR-2019,1,2019,-153.20333333333332,67.25116666666666,ibakase01-2019
valanjo01,22.033333333333335,-0.9,201810260TOR-TOR,201810260TOR-DAL,TOR-2019,1,2019,-19.830000000000002,67.25116666666666,valanjo01-2019
powelno01,19.466666666666665,-1,201810260TOR-TOR,201810260TOR-DAL,TOR-2019,1,2019,-19.466666666666665,67.25116666666666,powelno01-2019
brownlo01,15.366666666666667,1.5,201810260TOR-TOR,201810260TOR-DAL,TOR-2019,1,2019,23.05,67.25116666666666,brownlo01-2019
milescj01,11.016666666666667,2.3,201810260TOR-TOR,201810260TOR-DAL,TOR-2019,1,2019,25.338333333333335,67.25116666666666,milescj01-2019
richama01,8.016666666666667,-1.2,201810260TOR-TOR,201810260TOR-DAL,TOR-2019,1,2019,-9.620000000000001,67.25116666666666,richama01-2019
doncilu01,36.88333333333333,-1.6,201810280DAL-DAL,201810280DAL-UTA,DAL-2019,0,2019,-59.013333333333335,37.65560606060606,doncilu01-2019
jordade01,36.6,11.2,201810280DAL-DAL,201810280DAL-UTA,DAL-2019,0,2019,409.92,37.65560606060606,jordade01-2019
matthwe02,35.85,2.3,201810280DAL-DAL,201810280DAL-UTA,DAL-2019,0,2019,82.455,37.65560606060606,matthwe02-2019
barneha02,34.416666666666664,-5.2,201810280DAL-DAL,201810280DAL-UTA,DAL-2019,0,2019,-178.96666666666667,37.65560606060606,barneha02-2019
smithde03,33.916666666666664,7.5,201810280DAL-DAL,201810280DAL-UTA,DAL-2019,0,2019,254.37499999999997,37.65560606060606,smithde03-2019
bareajo01,14.083333333333334,-2.8,201810280DAL-DAL,201810280DAL-UTA,DAL-2019,0,2019,-39.43333333333333,37.65560606060606,bareajo01-2019
klebima01,13.216666666666667,0.7,201810280DAL-DAL,201810280DAL-UTA,DAL-2019,0,2019,9.251666666666667,37.65560606060606,klebima01-2019
brunsja01,12.25,-3.4,201810280DAL-DAL,201810280DAL-UTA,DAL-2019,0,2019,-41.65,37.65560606060606,brunsja01-2019
poweldw01,11.383333333333333,-1.9,201810280DAL-DAL,201810280DAL-UTA,DAL-2019,0,2019,-21.62833333333333,37.65560606060606,poweldw01-2019
finnedo01,10.983333333333333,-0.1,201810280DAL-DAL,201810280DAL-UTA,DAL-2019,0,2019,-1.0983333333333334,37.65560606060606,finnedo01-2019
broekry01,0.35,0,201810280DAL-DAL,201810280DAL-UTA,DAL-2019,0,2019,0,37.65560606060606,broekry01-2019
derozde01,42.88333333333333,10.4,201810290SAS-SAS,201810290SAS-DAL,SAS-2019,1,2019,445.9866666666667,47.9035,derozde01-2019
gayru01,40.03333333333333,1.6,201810290SAS-SAS,201810290SAS-DAL,SAS-2019,1,2019,64.05333333333333,47.9035,gayru01-2019
aldrila01,39.96666666666667,0.3,201810290SAS-SAS,201810290SAS-DAL,SAS-2019,1,2019,11.99,47.9035,aldrila01-2019
millspa02,34.083333333333336,-1.4,201810290SAS-SAS,201810290SAS-DAL,SAS-2019,1,2019,-47.71666666666667,47.9035,millspa02-2019
forbebr01,29.583333333333332,-2.3,201810290SAS-SAS,201810290SAS-DAL,SAS-2019,1,2019,-68.04166666666666,47.9035,forbebr01-2019
cunnida01,26.2,-0.1,201810290SAS-SAS,201810290SAS-DAL,SAS-2019,1,2019,-2.62,47.9035,cunnida01-2019
belinma01,23.266666666666666,1.4,201810290SAS-SAS,201810290SAS-DAL,SAS-2019,1,2019,32.57333333333333,47.9035,belinma01-2019
gasolpa01,14.833333333333334,2.8,201810290SAS-SAS,201810290SAS-DAL,SAS-2019,1,2019,41.53333333333333,47.9035,gasolpa01-2019
bertada01,9.266666666666667,-0.6,201810290SAS-SAS,201810290SAS-DAL,SAS-2019,1,2019,-5.5600000000000005,47.9035,bertada01-2019
pondequ01,4.883333333333333,1.4,201810290SAS-SAS,201810290SAS-DAL,SAS-2019,1,2019,6.836666666666666,47.9035,pondequ01-2019
jamesle01,38.56666666666667,7.7,201810310LAL-LAL,201810310LAL-DAL,LAL-2019,1,2019,296.96333333333337,50.089166666666664,jamesle01-2019
mcgeeja01,35.03333333333333,2.1,201810310LAL-LAL,201810310LAL-DAL,LAL-2019,1,2019,73.57,50.089166666666664,mcgeeja01-2019
balllo01,33.3,7.5,201810310LAL-LAL,201810310LAL-DAL,LAL-2019,1,2019,249.74999999999997,50.089166666666664,balllo01-2019
ingrabr01,31.45,-5.8,201810310LAL-LAL,201810310LAL-DAL,LAL-2019,1,2019,-182.41,50.089166666666664,ingrabr01-2019
kuzmaky01,30.583333333333332,2.9,201810310LAL-LAL,201810310LAL-DAL,LAL-2019,1,2019,88.69166666666666,50.089166666666664,kuzmaky01-2019
caldwke01,20.9,0.4,201810310LAL-LAL,201810310LAL-DAL,LAL-2019,1,2019,8.36,50.089166666666664,caldwke01-2019
rondora01,17.116666666666667,-1,201810310LAL-LAL,201810310LAL-DAL,LAL-2019,1,2019,-17.116666666666667,50.089166666666664,rondora01-2019
hartjo01,16.166666666666668,-0.4,201810310LAL-LAL,201810310LAL-DAL,LAL-2019,1,2019,-6.466666666666668,50.089166666666664,hartjo01-2019
stephla01,9.533333333333333,0.6,201810310LAL-LAL,201810310LAL-DAL,LAL-2019,1,2019,5.72,50.089166666666664,stephla01-2019
willijo04,7.35,-2.2,201810310LAL-LAL,201810310LAL-DAL,LAL-2019,1,2019,-16.17,50.089166666666664,willijo04-2019
barneha02,35.25,-6.9,201811020DAL-DAL,201811020DAL-NYK,DAL-2019,0,2019,-243.22500000000002,-13.524833333333333,barneha02-2019
doncilu01,34.96666666666667,2.3,201811020DAL-DAL,201811020DAL-NYK,DAL-2019,0,2019,80.42333333333333,-13.524833333333333,doncilu01-2019
jordade01,32.28333333333333,-2.4,201811020DAL-DAL,201811020DAL-NYK,DAL-2019,0,2019,-77.47999999999999,-13.524833333333333,jordade01-2019
smithde03,31.883333333333333,-5,201811020DAL-DAL,201811020DAL-NYK,DAL-2019,0,2019,-159.41666666666666,-13.524833333333333,smithde03-2019
matthwe02,31.1,0.3,201811020DAL-DAL,201811020DAL-NYK,DAL-2019,0,2019,9.33,-13.524833333333333,matthwe02-2019
finnedo01,27.25,9.1,201811020DAL-DAL,201811020DAL-NYK,DAL-2019,0,2019,247.975,-13.524833333333333,finnedo01-2019
bareajo01,15.35,-2.9,201811020DAL-DAL,201811020DAL-NYK,DAL-2019,0,2019,-44.515,-13.524833333333333,bareajo01-2019
poweldw01,15.233333333333333,2.7,201811020DAL-DAL,201811020DAL-NYK,DAL-2019,0,2019,41.13,-13.524833333333333,poweldw01-2019
klebima01,13.233333333333333,0.9,201811020DAL-DAL,201811020DAL-NYK,DAL-2019,0,2019,11.91,-13.524833333333333,klebima01-2019
brunsja01,3.45,-0.4,201811020DAL-DAL,201811020DAL-NYK,DAL-2019,0,2019,-1.3800000000000001,-13.524833333333333,brunsja01-2019
doncilu01,33.266666666666666,1.5,201811060DAL-DAL,201811060DAL-WAS,DAL-2019,1,2019,49.9,52.75722222222222,doncilu01-2019
jordade01,32.25,2.6,201811060DAL-DAL,201811060DAL-WAS,DAL-2019,1,2019,83.85000000000001,52.75722222222222,jordade01-2019
barneha02,31.316666666666666,5.1,201811060DAL-DAL,201811060DAL-WAS,DAL-2019,1,2019,159.71499999999997,52.75722222222222,barneha02-2019
smithde03,31.233333333333334,2.2,201811060DAL-DAL,201811060DAL-WAS,DAL-2019,1,2019,68.71333333333334,52.75722222222222,smithde03-2019
matthwe02,31.116666666666667,5.2,201811060DAL-DAL,201811060DAL-WAS,DAL-2019,1,2019,161.80666666666667,52.75722222222222,matthwe02-2019
finnedo01,28.466666666666665,5.6,201811060DAL-DAL,201811060DAL-WAS,DAL-2019,1,2019,159.41333333333333,52.75722222222222,finnedo01-2019
bareajo01,16.966666666666665,0.5,201811060DAL-DAL,201811060DAL-WAS,DAL-2019,1,2019,8.483333333333333,52.75722222222222,bareajo01-2019
klebima01,16.433333333333334,-4.2,201811060DAL-DAL,201811060DAL-WAS,DAL-2019,1,2019,-69.02000000000001,52.75722222222222,klebima01-2019
poweldw01,15.15,0.7,201811060DAL-DAL,201811060DAL-WAS,DAL-2019,1,2019,10.605,52.75722222222222,poweldw01-2019
broekry01,1.2666666666666666,-0.1,201811060DAL-DAL,201811060DAL-WAS,DAL-2019,1,2019,-0.12666666666666668,52.75722222222222,broekry01-2019
brunsja01,1.2666666666666666,-0.1,201811060DAL-DAL,201811060DAL-WAS,DAL-2019,1,2019,-0.12666666666666668,52.75722222222222,brunsja01-2019
mejrisa01,1.2666666666666666,-0.1,201811060DAL-DAL,201811060DAL-WAS,DAL-2019,1,2019,-0.12666666666666668,52.75722222222222,mejrisa01-2019
rubiori01,36.63333333333333,-0.7,201811070UTA-UTA,201811070UTA-DAL,UTA-2019,1,2019,-25.64333333333333,49.3319696969697,rubiori01-2019
inglejo01,35.983333333333334,-1.5,201811070UTA-UTA,201811070UTA-DAL,UTA-2019,1,2019,-53.975,49.3319696969697,inglejo01-2019
mitchdo01,32.96666666666667,9.1,201811070UTA-UTA,201811070UTA-DAL,UTA-2019,1,2019,299.99666666666667,49.3319696969697,mitchdo01-2019
goberru01,31.716666666666665,6.4,201811070UTA-UTA,201811070UTA-DAL,UTA-2019,1,2019,202.98666666666668,49.3319696969697,goberru01-2019
crowdja01,30.35,-3.2,201811070UTA-UTA,201811070UTA-DAL,UTA-2019,1,2019,-97.12,49.3319696969697,crowdja01-2019
favorde01,24.7,3.4,201811070UTA-UTA,201811070UTA-DAL,UTA-2019,1,2019,83.97999999999999,49.3319696969697,favorde01-2019
burksal01,15.033333333333333,6.6,201811070UTA-UTA,201811070UTA-DAL,UTA-2019,1,2019,99.22,49.3319696969697,burksal01-2019
onealro01,12.016666666666667,0.2,201811070UTA-UTA,201811070UTA-DAL,UTA-2019,1,2019,2.4033333333333338,49.3319696969697,onealro01-2019
exumda01,11.366666666666667,4.4,201811070UTA-UTA,201811070UTA-DAL,UTA-2019,1,2019,50.01333333333334,49.3319696969697,exumda01-2019
niangge01,7.266666666666667,-2.4,201811070UTA-UTA,201811070UTA-DAL,UTA-2019,1,2019,-17.439999999999998,49.3319696969697,niangge01-2019
udohek01,1.9666666666666668,-0.9,201811070UTA-UTA,201811070UTA-DAL,UTA-2019,1,2019,-1.7700000000000002,49.3319696969697,udohek01-2019
doncilu01,31.366666666666667,3.5,201811100DAL-DAL,201811100DAL-OKC,DAL-2019,1,2019,109.78333333333333,40.67590909090909,doncilu01-2019
matthwe02,31.066666666666666,0.1,201811100DAL-DAL,201811100DAL-OKC,DAL-2019,1,2019,3.106666666666667,40.67590909090909,matthwe02-2019
jordade01,27.983333333333334,-0.1,201811100DAL-DAL,201811100DAL-OKC,DAL-2019,1,2019,-2.798333333333334,40.67590909090909,jordade01-2019
smithde03,26.3,3.1,201811100DAL-DAL,201811100DAL-OKC,DAL-2019,1,2019,81.53,40.67590909090909,smithde03-2019
klebima01,26.033333333333335,3.6,201811100DAL-DAL,201811100DAL-OKC,DAL-2019,1,2019,93.72000000000001,40.67590909090909,klebima01-2019
finnedo01,25.166666666666668,2.8,201811100DAL-DAL,201811100DAL-OKC,DAL-2019,1,2019,70.46666666666667,40.67590909090909,finnedo01-2019
bareajo01,21.7,5.1,201811100DAL-DAL,201811100DAL-OKC,DAL-2019,1,2019,110.66999999999999,40.67590909090909,bareajo01-2019
poweldw01,20.016666666666666,-1.4,201811100DAL-DAL,201811100DAL-OKC,DAL-2019,1,2019,-28.02333333333333,40.67590909090909,poweldw01-2019
barneha02,17.233333333333334,-2.1,201811100DAL-DAL,201811100DAL-OKC,DAL-2019,1,2019,-36.190000000000005,40.67590909090909,barneha02-2019
harride01,11.5,3.8,201811100DAL-DAL,201811100DAL-OKC,DAL-2019,1,2019,43.699999999999996,40.67590909090909,harride01-2019
brunsja01,1.6333333333333333,0.9,201811100DAL-DAL,201811100DAL-OKC,DAL-2019,1,2019,1.47,40.67590909090909,brunsja01-2019
lavinza01,41.2,0.9,201811120CHI-CHI,201811120CHI-DAL,CHI-2019,0,2019,37.080000000000005,9.772166666666669,lavinza01-2019
holidju01,36.21666666666667,3.5,201811120CHI-CHI,201811120CHI-DAL,CHI-2019,0,2019,126.75833333333334,9.772166666666669,holidju01-2019
arcidry01,35.25,-0.2,201811120CHI-CHI,201811120CHI-DAL,CHI-2019,0,2019,-7.050000000000001,9.772166666666669,arcidry01-2019
parkeja01,29.5,-2.3,201811120CHI-CHI,201811120CHI-DAL,CHI-2019,0,2019,-67.85,9.772166666666669,parkeja01-2019
cartewe01,26.7,-2,201811120CHI-CHI,201811120CHI-DAL,CHI-2019,0,2019,-53.4,9.772166666666669,cartewe01-2019
blakean01,18.65,-0.3,201811120CHI-CHI,201811120CHI-DAL,CHI-2019,0,2019,-5.595,9.772166666666669,blakean01-2019
hutchch01,18.433333333333334,2.8,201811120CHI-CHI,201811120CHI-DAL,CHI-2019,0,2019,51.61333333333333,9.772166666666669,hutchch01-2019
lopezro01,18.4,0.9,201811120CHI-CHI,201811120CHI-DAL,CHI-2019,0,2019,16.56,9.772166666666669,lopezro01-2019
harrish01,12.85,0.1,201811120CHI-CHI,201811120CHI-DAL,CHI-2019,0,2019,1.2850000000000001,9.772166666666669,harrish01-2019
feliccr01,2.8,-0.6,201811120CHI-CHI,201811120CHI-DAL,CHI-2019,0,2019,-1.68,9.772166666666669,feliccr01-2019
barneha02,26.466666666666665,6.6,201811140DAL-DAL,201811140DAL-UTA,DAL-2019,1,2019,174.67999999999998,62.62051282051282,barneha02-2019
poweldw01,25.616666666666667,5.4,201811140DAL-DAL,201811140DAL-UTA,DAL-2019,1,2019,138.33,62.62051282051282,poweldw01-2019
doncilu01,25.15,1.1,201811140DAL-DAL,201811140DAL-UTA,DAL-2019,1,2019,27.665,62.62051282051282,doncilu01-2019
jordade01,22.383333333333333,2.4,201811140DAL-DAL,201811140DAL-UTA,DAL-2019,1,2019,53.72,62.62051282051282,jordade01-2019
finnedo01,22.316666666666666,7.7,201811140DAL-DAL,201811140DAL-UTA,DAL-2019,1,2019,171.83833333333334,62.62051282051282,finnedo01-2019
smithde03,21.8,-4.2,201811140DAL-DAL,201811140DAL-UTA,DAL-2019,1,2019,-91.56,62.62051282051282,smithde03-2019
klebima01,21.316666666666666,1.8,201811140DAL-DAL,201811140DAL-UTA,DAL-2019,1,2019,38.37,62.62051282051282,klebima01-2019
matthwe02,20.55,6.9,201811140DAL-DAL,201811140DAL-UTA,DAL-2019,1,2019,141.79500000000002,62.62051282051282,matthwe02-2019
bareajo01,18.683333333333334,6.4,201811140DAL-DAL,201811140DAL-UTA,DAL-2019,1,2019,119.57333333333334,62.62051282051282,bareajo01-2019
harride01,12.866666666666667,-3,201811140DAL-DAL,201811140DAL-UTA,DAL-2019,1,2019,-38.6,62.62051282051282,harride01-2019
brunsja01,8.533333333333333,4.8,201811140DAL-DAL,201811140DAL-UTA,DAL-2019,1,2019,40.96,62.62051282051282,brunsja01-2019
broekry01,7.516666666666667,2.7,201811140DAL-DAL,201811140DAL-UTA,DAL-2019,1,2019,20.295,62.62051282051282,broekry01-2019
mejrisa01,6.8,2.5,201811140DAL-DAL,201811140DAL-UTA,DAL-2019,1,2019,17,62.62051282051282,mejrisa01-2019
finnedo01,40.25,3.1,201811170DAL-DAL,201811170DAL-GSW,DAL-2019,1,2019,124.775,50.95444444444445,finnedo01-2019
barneha02,36.7,2.7,201811170DAL-DAL,201811170DAL-GSW,DAL-2019,1,2019,99.09000000000002,50.95444444444445,barneha02-2019
doncilu01,35.78333333333333,1.6,201811170DAL-DAL,201811170DAL-GSW,DAL-2019,1,2019,57.25333333333333,50.95444444444445,doncilu01-2019
jordade01,30.916666666666668,1.8,201811170DAL-DAL,201811170DAL-GSW,DAL-2019,1,2019,55.650000000000006,50.95444444444445,jordade01-2019
smithde03,27.733333333333334,5.4,201811170DAL-DAL,201811170DAL-GSW,DAL-2019,1,2019,149.76000000000002,50.95444444444445,smithde03-2019
bareajo01,20.366666666666667,0.8,201811170DAL-DAL,201811170DAL-GSW,DAL-2019,1,2019,16.293333333333333,50.95444444444445,bareajo01-2019
harride01,18.95,-2.9,201811170DAL-DAL,201811170DAL-GSW,DAL-2019,1,2019,-54.955,50.95444444444445,harride01-2019
poweldw01,17.066666666666666,0.7,201811170DAL-DAL,201811170DAL-GSW,DAL-2019,1,2019,11.946666666666665,50.95444444444445,poweldw01-2019
klebima01,12.233333333333333,-0.1,201811170DAL-DAL,201811170DAL-GSW,DAL-2019,1,2019,-1.2233333333333334,50.95444444444445,klebima01-2019
gasolma01,37.016666666666666,3.2,201811190MEM-MEM,201811190MEM-DAL,MEM-2019,1,2019,118.45333333333333,80.58183333333334,gasolma01-2019
jacksja02,36.3,0.1,201811190MEM-MEM,201811190MEM-DAL,MEM-2019,1,2019,3.63,80.58183333333334,jacksja02-2019
conlemi01,35.11666666666667,11.2,201811190MEM-MEM,201811190MEM-DAL,MEM-2019,1,2019,393.3066666666667,80.58183333333334,conlemi01-2019
anderky01,33.15,6.6,201811190MEM-MEM,201811190MEM-DAL,MEM-2019,1,2019,218.79,80.58183333333334,anderky01-2019
templga01,32.7,5.8,201811190MEM-MEM,201811190MEM-DAL,MEM-2019,1,2019,189.66,80.58183333333334,templga01-2019
macksh01,18.316666666666666,-0.5,201811190MEM-MEM,201811190MEM-DAL,MEM-2019,1,2019,-9.158333333333333,80.58183333333334,macksh01-2019
seldewa01,16.416666666666668,-5,201811190MEM-MEM,201811190MEM-DAL,MEM-2019,1,2019,-82.08333333333334,80.58183333333334,seldewa01-2019
greenja01,15.15,4.5,201811190MEM-MEM,201811190MEM-DAL,MEM-2019,1,2019,68.175,80.58183333333334,greenja01-2019
brookma01,11.15,-6.5,201811190MEM-MEM,201811190MEM-DAL,MEM-2019,1,2019,-72.47500000000001,80.58183333333334,brookma01-2019
casspom01,4.683333333333334,-4.8,201811190MEM-MEM,201811190MEM-DAL,MEM-2019,1,2019,-22.48,80.58183333333334,casspom01-2019
barneha02,35.016666666666666,4.4,201811210DAL-DAL,201811210DAL-BRK,DAL-2019,1,2019,154.07333333333335,31.18033333333333,barneha02-2019
doncilu01,33.86666666666667,3.7,201811210DAL-DAL,201811210DAL-BRK,DAL-2019,1,2019,125.30666666666667,31.18033333333333,doncilu01-2019
finnedo01,32.06666666666667,-8.5,201811210DAL-DAL,201811210DAL-BRK,DAL-2019,1,2019,-272.5666666666667,31.18033333333333,finnedo01-2019
jordade01,29.483333333333334,3.1,201811210DAL-DAL,201811210DAL-BRK,DAL-2019,1,2019,91.39833333333334,31.18033333333333,jordade01-2019
bareajo01,29.016666666666666,1.1,201811210DAL-DAL,201811210DAL-BRK,DAL-2019,1,2019,31.918333333333337,31.18033333333333,bareajo01-2019
smithde03,18.983333333333334,-1.6,201811210DAL-DAL,201811210DAL-BRK,DAL-2019,1,2019,-30.373333333333335,31.18033333333333,smithde03-2019
harride01,18.216666666666665,9,201811210DAL-DAL,201811210DAL-BRK,DAL-2019,1,2019,163.95,31.18033333333333,harride01-2019
klebima01,17.566666666666666,3.8,201811210DAL-DAL,201811210DAL-BRK,DAL-2019,1,2019,66.75333333333333,31.18033333333333,klebima01-2019
mejrisa01,16.783333333333335,-0.2,201811210DAL-DAL,201811210DAL-BRK,DAL-2019,1,2019,-3.3566666666666674,31.18033333333333,mejrisa01-2019
broekry01,9,-1.7,201811210DAL-DAL,201811210DAL-BRK,DAL-2019,1,2019,-15.299999999999999,31.18033333333333,broekry01-2019
jordade01,33.43333333333333,3.6,201811240DAL-DAL,201811240DAL-BOS,DAL-2019,1,2019,120.35999999999999,52.97183333333333,jordade01-2019
matthwe02,32.93333333333333,-1.4,201811240DAL-DAL,201811240DAL-BOS,DAL-2019,1,2019,-46.10666666666666,52.97183333333333,matthwe02-2019
doncilu01,30.866666666666667,7.8,201811240DAL-DAL,201811240DAL-BOS,DAL-2019,1,2019,240.76,52.97183333333333,doncilu01-2019
barneha02,30.433333333333334,8.4,201811240DAL-DAL,201811240DAL-BOS,DAL-2019,1,2019,255.64000000000001,52.97183333333333,barneha02-2019
finnedo01,29.883333333333333,-5.3,201811240DAL-DAL,201811240DAL-BOS,DAL-2019,1,2019,-158.38166666666666,52.97183333333333,finnedo01-2019
bareajo01,26.316666666666666,6.8,201811240DAL-DAL,201811240DAL-BOS,DAL-2019,1,2019,178.95333333333332,52.97183333333333,bareajo01-2019
klebima01,22.65,-2.7,201811240DAL-DAL,201811240DAL-BOS,DAL-2019,1,2019,-61.155,52.97183333333333,klebima01-2019
harride01,17.083333333333332,0.1,201811240DAL-DAL,201811240DAL-BOS,DAL-2019,1,2019,1.7083333333333333,52.97183333333333,harride01-2019
brunsja01,8.6,-1.6,201811240DAL-DAL,201811240DAL-BOS,DAL-2019,1,2019,-13.76,52.97183333333333,brunsja01-2019
mejrisa01,7.8,1.5,201811240DAL-DAL,201811240DAL-BOS,DAL-2019,1,2019,11.7,52.97183333333333,mejrisa01-2019
hardeja01,37.35,13.9,201811280HOU-HOU,201811280HOU-DAL,HOU-2019,0,2019,519.1650000000001,25.49600000000001,hardeja01-2019
tuckepj01,34.93333333333333,-3.6,201811280HOU-HOU,201811280HOU-DAL,HOU-2019,0,2019,-125.75999999999999,25.49600000000001,tuckepj01-2019
gordoer01,33.96666666666667,-2.1,201811280HOU-HOU,201811280HOU-DAL,HOU-2019,0,2019,-71.33000000000001,25.49600000000001,gordoer01-2019
capelca01,32.516666666666666,2.7,201811280HOU-HOU,201811280HOU-DAL,HOU-2019,0,2019,87.795,25.49600000000001,capelca01-2019
ennisja01,32.083333333333336,-0.4,201811280HOU-HOU,201811280HOU-DAL,HOU-2019,0,2019,-12.833333333333336,25.49600000000001,ennisja01-2019
houseda01,23.416666666666668,-0.7,201811280HOU-HOU,201811280HOU-DAL,HOU-2019,0,2019,-16.391666666666666,25.49600000000001,houseda01-2019
clarkga01,20.116666666666667,-3.6,201811280HOU-HOU,201811280HOU-DAL,HOU-2019,0,2019,-72.42,25.49600000000001,clarkga01-2019
harteis01,11.483333333333333,-1.5,201811280HOU-HOU,201811280HOU-DAL,HOU-2019,0,2019,-17.224999999999998,25.49600000000001,harteis01-2019
cartemi01,7.066666666666666,-5.6,201811280HOU-HOU,201811280HOU-DAL,HOU-2019,0,2019,-39.57333333333333,25.49600000000001,cartemi01-2019
chrisma01,7.066666666666666,0.5,201811280HOU-HOU,201811280HOU-DAL,HOU-2019,0,2019,3.533333333333333,25.49600000000001,chrisma01-2019
ingrabr01,40.083333333333336,-1,201811300LAL-LAL,201811300LAL-DAL,LAL-2019,1,2019,-40.083333333333336,36.45638888888889,ingrabr01-2019
kuzmaky01,36.93333333333333,3.4,201811300LAL-LAL,201811300LAL-DAL,LAL-2019,1,2019,125.57333333333332,36.45638888888889,kuzmaky01-2019
jamesle01,31.316666666666666,5,201811300LAL-LAL,201811300LAL-DAL,LAL-2019,1,2019,156.58333333333334,36.45638888888889,jamesle01-2019
balllo01,28.3,1.2,201811300LAL-LAL,201811300LAL-DAL,LAL-2019,1,2019,33.96,36.45638888888889,balllo01-2019
caldwke01,24.216666666666665,0.2,201811300LAL-LAL,201811300LAL-DAL,LAL-2019,1,2019,4.843333333333334,36.45638888888889,caldwke01-2019
hartjo01,23.083333333333332,1,201811300LAL-LAL,201811300LAL-DAL,LAL-2019,1,2019,23.083333333333332,36.45638888888889,hartjo01-2019
chandty01,22.166666666666668,6.9,201811300LAL-LAL,201811300LAL-DAL,LAL-2019,1,2019,152.95000000000002,36.45638888888889,chandty01-2019
mcgeeja01,20.366666666666667,-0.6,201811300LAL-LAL,201811300LAL-DAL,LAL-2019,1,2019,-12.22,36.45638888888889,mcgeeja01-2019
stephla01,5.533333333333333,-0.8,201811300LAL-LAL,201811300LAL-DAL,LAL-2019,1,2019,-4.426666666666667,36.45638888888889,stephla01-2019
beaslmi01,4.966666666666667,-1.2,201811300LAL-LAL,201811300LAL-DAL,LAL-2019,1,2019,-5.96,36.45638888888889,beaslmi01-2019
mykhasv01,1.9833333333333334,1.6,201811300LAL-LAL,201811300LAL-DAL,LAL-2019,1,2019,3.173333333333334,36.45638888888889,mykhasv01-2019
wagnemo01,1.05,0,201811300LAL-LAL,201811300LAL-DAL,LAL-2019,1,2019,0,36.45638888888889,wagnemo01-2019
barneha02,38.21666666666667,1.3,201812020DAL-DAL,201812020DAL-LAC,DAL-2019,1,2019,49.68166666666667,47.096833333333336,barneha02-2019
finnedo01,33.916666666666664,2.5,201812020DAL-DAL,201812020DAL-LAC,DAL-2019,1,2019,84.79166666666666,47.096833333333336,finnedo01-2019
jordade01,33.56666666666667,5.9,201812020DAL-DAL,201812020DAL-LAC,DAL-2019,1,2019,198.04333333333335,47.096833333333336,jordade01-2019
smithde03,32.21666666666667,3.2,201812020DAL-DAL,201812020DAL-LAC,DAL-2019,1,2019,103.09333333333335,47.096833333333336,smithde03-2019
matthwe02,30.533333333333335,-0.1,201812020DAL-DAL,201812020DAL-LAC,DAL-2019,1,2019,-3.0533333333333337,47.096833333333336,matthwe02-2019
bareajo01,26.75,3.2,201812020DAL-DAL,201812020DAL-LAC,DAL-2019,1,2019,85.60000000000001,47.096833333333336,bareajo01-2019
harride01,17.366666666666667,-4.3,201812020DAL-DAL,201812020DAL-LAC,DAL-2019,1,2019,-74.67666666666666,47.096833333333336,harride01-2019
poweldw01,16.45,2.8,201812020DAL-DAL,201812020DAL-LAC,DAL-2019,1,2019,46.059999999999995,47.096833333333336,poweldw01-2019
mejrisa01,5.616666666666667,-1.3,201812020DAL-DAL,201812020DAL-LAC,DAL-2019,1,2019,-7.301666666666668,47.096833333333336,mejrisa01-2019
brunsja01,5.366666666666666,-2.1,201812020DAL-DAL,201812020DAL-LAC,DAL-2019,1,2019,-11.27,47.096833333333336,brunsja01-2019
barneha02,32.18333333333333,-4.3,201812040DAL-DAL,201812040DAL-POR,DAL-2019,1,2019,-138.38833333333332,45.331833333333336,barneha02-2019
doncilu01,31.716666666666665,2.7,201812040DAL-DAL,201812040DAL-POR,DAL-2019,1,2019,85.635,45.331833333333336,doncilu01-2019
matthwe02,31.383333333333333,3.4,201812040DAL-DAL,201812040DAL-POR,DAL-2019,1,2019,106.70333333333333,45.331833333333336,matthwe02-2019
jordade01,31.066666666666666,5.2,201812040DAL-DAL,201812040DAL-POR,DAL-2019,1,2019,161.54666666666668,45.331833333333336,jordade01-2019
smithde03,30.633333333333333,3.7,201812040DAL-DAL,201812040DAL-POR,DAL-2019,1,2019,113.34333333333333,45.331833333333336,smithde03-2019
finnedo01,17.25,2.3,201812040DAL-DAL,201812040DAL-POR,DAL-2019,1,2019,39.675,45.331833333333336,finnedo01-2019
bareajo01,17.183333333333334,-2.1,201812040DAL-DAL,201812040DAL-POR,DAL-2019,1,2019,-36.085,45.331833333333336,bareajo01-2019
harride01,16.8,4.2,201812040DAL-DAL,201812040DAL-POR,DAL-2019,1,2019,70.56,45.331833333333336,harride01-2019
poweldw01,15.966666666666667,-1.9,201812040DAL-DAL,201812040DAL-POR,DAL-2019,1,2019,-30.336666666666666,45.331833333333336,poweldw01-2019
klebima01,15.816666666666666,5.1,201812040DAL-DAL,201812040DAL-POR,DAL-2019,1,2019,80.66499999999999,45.331833333333336,klebima01-2019
randlju01,35.483333333333334,2.9,201812050NOP-NOP,201812050NOP-DAL,NOP-2019,1,2019,102.90166666666667,66.15583333333333,randlju01-2019
holidjr01,34.45,6.5,201812050NOP-NOP,201812050NOP-DAL,NOP-2019,1,2019,223.925,66.15583333333333,holidjr01-2019
davisan02,33.65,10.3,201812050NOP-NOP,201812050NOP-DAL,NOP-2019,1,2019,346.595,66.15583333333333,davisan02-2019
mooreet01,26.4,-1.7,201812050NOP-NOP,201812050NOP-DAL,NOP-2019,1,2019,-44.879999999999995,66.15583333333333,mooreet01-2019
milleda01,26.383333333333333,4.1,201812050NOP-NOP,201812050NOP-DAL,NOP-2019,1,2019,108.17166666666665,66.15583333333333,milleda01-2019
fraziti01,23.35,2,201812050NOP-NOP,201812050NOP-DAL,NOP-2019,1,2019,46.7,66.15583333333333,fraziti01-2019
diallch01,23.316666666666666,3.9,201812050NOP-NOP,201812050NOP-DAL,NOP-2019,1,2019,90.935,66.15583333333333,diallch01-2019
hillso01,22.766666666666666,-3.8,201812050NOP-NOP,201812050NOP-DAL,NOP-2019,1,2019,-86.51333333333332,66.15583333333333,hillso01-2019
clarkia01,3.55,3.7,201812050NOP-NOP,201812050NOP-DAL,NOP-2019,1,2019,13.135,66.15583333333333,clarkia01-2019
harrian01,3.55,-1.7,201812050NOP-NOP,201812050NOP-DAL,NOP-2019,1,2019,-6.034999999999999,66.15583333333333,harrian01-2019
johnswe01,3.55,0.7,201812050NOP-NOP,201812050NOP-DAL,NOP-2019,1,2019,2.485,66.15583333333333,johnswe01-2019
okafoja01,3.55,-1,201812050NOP-NOP,201812050NOP-DAL,NOP-2019,1,2019,-3.55,66.15583333333333,okafoja01-2019
barneha02,37.233333333333334,0.5,201812080DAL-DAL,201812080DAL-HOU,DAL-2019,1,2019,18.616666666666667,63.772962962962964,barneha02-2019
doncilu01,32,2.9,201812080DAL-DAL,201812080DAL-HOU,DAL-2019,1,2019,92.8,63.772962962962964,doncilu01-2019
jordade01,32,5.7,201812080DAL-DAL,201812080DAL-HOU,DAL-2019,1,2019,182.4,63.772962962962964,jordade01-2019
matthwe02,31.216666666666665,3.7,201812080DAL-DAL,201812080DAL-HOU,DAL-2019,1,2019,115.50166666666667,63.772962962962964,matthwe02-2019
brunsja01,30.166666666666668,5.1,201812080DAL-DAL,201812080DAL-HOU,DAL-2019,1,2019,153.85,63.772962962962964,brunsja01-2019
finnedo01,27.883333333333333,3.1,201812080DAL-DAL,201812080DAL-HOU,DAL-2019,1,2019,86.43833333333333,63.772962962962964,finnedo01-2019
bareajo01,17.5,-0.3,201812080DAL-DAL,201812080DAL-HOU,DAL-2019,1,2019,-5.25,63.772962962962964,bareajo01-2019
harride01,16,-2.6,201812080DAL-DAL,201812080DAL-HOU,DAL-2019,1,2019,-41.6,63.772962962962964,harride01-2019
poweldw01,16,-1.8,201812080DAL-DAL,201812080DAL-HOU,DAL-2019,1,2019,-28.8,63.772962962962964,poweldw01-2019
brunsja01,31.633333333333333,6.1,201812100DAL-DAL,201812100DAL-ORL,DAL-2019,1,2019,192.9633333333333,49.409861111111105,brunsja01-2019
barneha02,27.65,3,201812100DAL-DAL,201812100DAL-ORL,DAL-2019,1,2019,82.94999999999999,49.409861111111105,barneha02-2019
jordade01,27.25,1.6,201812100DAL-DAL,201812100DAL-ORL,DAL-2019,1,2019,43.6,49.409861111111105,jordade01-2019
doncilu01,25.6,1.8,201812100DAL-DAL,201812100DAL-ORL,DAL-2019,1,2019,46.080000000000005,49.409861111111105,doncilu01-2019
matthwe02,25.6,-0.1,201812100DAL-DAL,201812100DAL-ORL,DAL-2019,1,2019,-2.5600000000000005,49.409861111111105,matthwe02-2019
finnedo01,22.4,7.6,201812100DAL-DAL,201812100DAL-ORL,DAL-2019,1,2019,170.23999999999998,49.409861111111105,finnedo01-2019
poweldw01,20.75,0.4,201812100DAL-DAL,201812100DAL-ORL,DAL-2019,1,2019,8.3,49.409861111111105,poweldw01-2019
bareajo01,16.366666666666667,-2.4,201812100DAL-DAL,201812100DAL-ORL,DAL-2019,1,2019,-39.28,49.409861111111105,bareajo01-2019
klebima01,13.5,-0.2,201812100DAL-DAL,201812100DAL-ORL,DAL-2019,1,2019,-2.7,49.409861111111105,klebima01-2019
harride01,13.033333333333333,7.7,201812100DAL-DAL,201812100DAL-ORL,DAL-2019,1,2019,100.35666666666667,49.409861111111105,harride01-2019
broekry01,9.366666666666667,0.2,201812100DAL-DAL,201812100DAL-ORL,DAL-2019,1,2019,1.8733333333333335,49.409861111111105,broekry01-2019
mejrisa01,6.85,-1.3,201812100DAL-DAL,201812100DAL-ORL,DAL-2019,1,2019,-8.905,49.409861111111105,mejrisa01-2019
doncilu01,34.766666666666666,2.8,201812120DAL-DAL,201812120DAL-ATL,DAL-2019,1,2019,97.34666666666666,29.774833333333333,doncilu01-2019
jordade01,33.28333333333333,-1,201812120DAL-DAL,201812120DAL-ATL,DAL-2019,1,2019,-33.28333333333333,29.774833333333333,jordade01-2019
barneha02,31.366666666666667,4.5,201812120DAL-DAL,201812120DAL-ATL,DAL-2019,1,2019,141.15,29.774833333333333,barneha02-2019
matthwe02,27.683333333333334,-2.6,201812120DAL-DAL,201812120DAL-ATL,DAL-2019,1,2019,-71.97666666666667,29.774833333333333,matthwe02-2019
finnedo01,26.566666666666666,3.7,201812120DAL-DAL,201812120DAL-ATL,DAL-2019,1,2019,98.29666666666667,29.774833333333333,finnedo01-2019
brunsja01,22.9,-1.3,201812120DAL-DAL,201812120DAL-ATL,DAL-2019,1,2019,-29.77,29.774833333333333,brunsja01-2019
klebima01,16.633333333333333,4.8,201812120DAL-DAL,201812120DAL-ATL,DAL-2019,1,2019,79.83999999999999,29.774833333333333,klebima01-2019
harride01,16.116666666666667,2.1,201812120DAL-DAL,201812120DAL-ATL,DAL-2019,1,2019,33.845000000000006,29.774833333333333,harride01-2019
bareajo01,15.966666666666667,3.5,201812120DAL-DAL,201812120DAL-ATL,DAL-2019,1,2019,55.88333333333333,29.774833333333333,bareajo01-2019
poweldw01,14.716666666666667,-5,201812120DAL-DAL,201812120DAL-ATL,DAL-2019,1,2019,-73.58333333333333,29.774833333333333,poweldw01-2019
arizatr01,37.06666666666667,11.5,201812130PHO-PHO,201812130PHO-DAL,PHO-2019,1,2019,426.2666666666667,54.18116666666667,arizatr01-2019
warretj01,35.833333333333336,8,201812130PHO-PHO,201812130PHO-DAL,PHO-2019,1,2019,286.6666666666667,54.18116666666667,warretj01-2019
jacksjo02,34.43333333333333,-1.3,201812130PHO-PHO,201812130PHO-DAL,PHO-2019,1,2019,-44.76333333333333,54.18116666666667,jacksjo02-2019
crawfja01,26.65,3,201812130PHO-PHO,201812130PHO-DAL,PHO-2019,1,2019,79.94999999999999,54.18116666666667,crawfja01-2019
aytonde01,26.016666666666666,-8,201812130PHO-PHO,201812130PHO-DAL,PHO-2019,1,2019,-208.13333333333333,54.18116666666667,aytonde01-2019
bridgmi01,22.1,-0.1,201812130PHO-PHO,201812130PHO-DAL,PHO-2019,1,2019,-2.2100000000000004,54.18116666666667,bridgmi01-2019
holmeri01,21.983333333333334,4.4,201812130PHO-PHO,201812130PHO-DAL,PHO-2019,1,2019,96.72666666666667,54.18116666666667,holmeri01-2019
meltode01,21.35,-3,201812130PHO-PHO,201812130PHO-DAL,PHO-2019,1,2019,-64.05000000000001,54.18116666666667,meltode01-2019
danietr01,11.35,-1.9,201812130PHO-PHO,201812130PHO-DAL,PHO-2019,1,2019,-21.564999999999998,54.18116666666667,danietr01-2019
evansja01,3.216666666666667,-2.2,201812130PHO-PHO,201812130PHO-DAL,PHO-2019,1,2019,-7.076666666666667,54.18116666666667,evansja01-2019
doncilu01,35.03333333333333,7.4,201812160DAL-DAL,201812160DAL-SAC,DAL-2019,0,2019,259.24666666666667,23.949242424242424,doncilu01-2019
matthwe02,32.03333333333333,0.2,201812160DAL-DAL,201812160DAL-SAC,DAL-2019,0,2019,6.406666666666666,23.949242424242424,matthwe02-2019
brunsja01,30.183333333333334,-3.5,201812160DAL-DAL,201812160DAL-SAC,DAL-2019,0,2019,-105.64166666666667,23.949242424242424,brunsja01-2019
jordade01,29.6,6.1,201812160DAL-DAL,201812160DAL-SAC,DAL-2019,0,2019,180.56,23.949242424242424,jordade01-2019
barneha02,29.1,-0.9,201812160DAL-DAL,201812160DAL-SAC,DAL-2019,0,2019,-26.19,23.949242424242424,barneha02-2019
finnedo01,21.8,-2.6,201812160DAL-DAL,201812160DAL-SAC,DAL-2019,0,2019,-56.68000000000001,23.949242424242424,finnedo01-2019
poweldw01,18.4,3.5,201812160DAL-DAL,201812160DAL-SAC,DAL-2019,0,2019,64.39999999999999,23.949242424242424,poweldw01-2019
harride01,18.366666666666667,-3.1,201812160DAL-DAL,201812160DAL-SAC,DAL-2019,0,2019,-56.93666666666667,23.949242424242424,harride01-2019
klebima01,10.533333333333333,1.8,201812160DAL-DAL,201812160DAL-SAC,DAL-2019,0,2019,18.96,23.949242424242424,klebima01-2019
nowitdi01,8.366666666666667,-2,201812160DAL-DAL,201812160DAL-SAC,DAL-2019,0,2019,-16.733333333333334,23.949242424242424,nowitdi01-2019
broekry01,6.583333333333333,-0.6,201812160DAL-DAL,201812160DAL-SAC,DAL-2019,0,2019,-3.9499999999999997,23.949242424242424,broekry01-2019
murraja01,39.43333333333333,5.8,201812180DEN-DEN,201812180DEN-DAL,DEN-2019,1,2019,228.7133333333333,60.55416666666667,murraja01-2019
jokicni01,34.95,5.8,201812180DEN-DEN,201812180DEN-DAL,DEN-2019,1,2019,202.71,60.55416666666667,jokicni01-2019
plumlma01,33.93333333333333,-0.7,201812180DEN-DEN,201812180DEN-DAL,DEN-2019,1,2019,-23.75333333333333,60.55416666666667,plumlma01-2019
hernaju01,30.466666666666665,-0.6,201812180DEN-DEN,201812180DEN-DAL,DEN-2019,1,2019,-18.279999999999998,60.55416666666667,hernaju01-2019
beaslma01,26.5,2.5,201812180DEN-DEN,201812180DEN-DAL,DEN-2019,1,2019,66.25,60.55416666666667,beaslma01-2019
morrimo01,24.716666666666665,6.8,201812180DEN-DEN,201812180DEN-DAL,DEN-2019,1,2019,168.07333333333332,60.55416666666667,morrimo01-2019
lylestr01,21.083333333333332,4.3,201812180DEN-DEN,201812180DEN-DAL,DEN-2019,1,2019,90.65833333333333,60.55416666666667,lylestr01-2019
craigto01,20.3,-4.6,201812180DEN-DEN,201812180DEN-DAL,DEN-2019,1,2019,-93.38,60.55416666666667,craigto01-2019
youngni01,8.583333333333334,-1.8,201812180DEN-DEN,201812180DEN-DAL,DEN-2019,1,2019,-15.450000000000001,60.55416666666667,youngni01-2019
goodwbr01,0.03333333333333333,0,201812180DEN-DEN,201812180DEN-DAL,DEN-2019,1,2019,0,60.55416666666667,goodwbr01-2019
harrito02,37.06666666666667,0.7,201812200LAC-LAC,201812200LAC-DAL,LAC-2019,1,2019,25.94666666666667,44.02757575757576,harrito02-2019
gallida01,33.86666666666667,10.6,201812200LAC-LAC,201812200LAC-DAL,LAC-2019,1,2019,358.9866666666667,44.02757575757576,gallida01-2019
harremo01,28.366666666666667,4.8,201812200LAC-LAC,201812200LAC-DAL,LAC-2019,1,2019,136.16,44.02757575757576,harremo01-2019
bradlav01,27.7,-4.5,201812200LAC-LAC,201812200LAC-DAL,LAC-2019,1,2019,-124.64999999999999,44.02757575757576,bradlav01-2019
beverpa01,25.233333333333334,-1.1,201812200LAC-LAC,201812200LAC-DAL,LAC-2019,1,2019,-27.75666666666667,44.02757575757576,beverpa01-2019
willilo02,23.916666666666668,8.8,201812200LAC-LAC,201812200LAC-DAL,LAC-2019,1,2019,210.4666666666667,44.02757575757576,willilo02-2019
gilgesh01,19.2,-2.6,201812200LAC-LAC,201812200LAC-DAL,LAC-2019,1,2019,-49.92,44.02757575757576,gilgesh01-2019
scottmi01,14.133333333333333,-1.5,201812200LAC-LAC,201812200LAC-DAL,LAC-2019,1,2019,-21.2,44.02757575757576,scottmi01-2019
gortama01,12.266666666666667,-2,201812200LAC-LAC,201812200LAC-DAL,LAC-2019,1,2019,-24.533333333333335,44.02757575757576,gortama01-2019
wallaty01,10.883333333333333,-0.4,201812200LAC-LAC,201812200LAC-DAL,LAC-2019,1,2019,-4.3533333333333335,44.02757575757576,wallaty01-2019
marjabo01,7.366666666666666,0.7,201812200LAC-LAC,201812200LAC-DAL,LAC-2019,1,2019,5.156666666666666,44.02757575757576,marjabo01-2019
curryst01,39.483333333333334,-1.5,201812220GSW-GSW,201812220GSW-DAL,GSW-2019,1,2019,-59.225,48.501333333333335,curryst01-2019
duranke01,36.85,6.6,201812220GSW-GSW,201812220GSW-DAL,GSW-2019,1,2019,243.21,48.501333333333335,duranke01-2019
greendr01,35.25,1.6,201812220GSW-GSW,201812220GSW-DAL,GSW-2019,1,2019,56.400000000000006,48.501333333333335,greendr01-2019
thompkl01,33,-1.8,201812220GSW-GSW,201812220GSW-DAL,GSW-2019,1,2019,-59.4,48.501333333333335,thompkl01-2019
looneke01,24.083333333333332,0.4,201812220GSW-GSW,201812220GSW-DAL,GSW-2019,1,2019,9.633333333333333,48.501333333333335,looneke01-2019
iguodan01,23.45,3.6,201812220GSW-GSW,201812220GSW-DAL,GSW-2019,1,2019,84.42,48.501333333333335,iguodan01-2019
jerebjo01,20.8,11.7,201812220GSW-GSW,201812220GSW-DAL,GSW-2019,1,2019,243.35999999999999,48.501333333333335,jerebjo01-2019
livinsh01,16.883333333333333,-1.2,201812220GSW-GSW,201812220GSW-DAL,GSW-2019,1,2019,-20.259999999999998,48.501333333333335,livinsh01-2019
mckinal01,6.95,-1,201812220GSW-GSW,201812220GSW-DAL,GSW-2019,1,2019,-6.95,48.501333333333335,mckinal01-2019
belljo01,3.25,-1.9,201812220GSW-GSW,201812220GSW-DAL,GSW-2019,1,2019,-6.175,48.501333333333335,belljo01-2019
lillada01,39.416666666666664,5.6,201812230POR-POR,201812230POR-DAL,POR-2019,1,2019,220.73333333333332,49.98833333333334,lillada01-2019
aminual01,35.7,0.1,201812230POR-POR,201812230POR-DAL,POR-2019,1,2019,3.5700000000000003,49.98833333333334,aminual01-2019
mccolcj01,34.03333333333333,3.6,201812230POR-POR,201812230POR-DAL,POR-2019,1,2019,122.52,49.98833333333334,mccolcj01-2019
nurkiju01,29,3.2,201812230POR-POR,201812230POR-DAL,POR-2019,1,2019,92.80000000000001,49.98833333333334,nurkiju01-2019
harklma01,26.283333333333335,1.8,201812230POR-POR,201812230POR-DAL,POR-2019,1,2019,47.31,49.98833333333334,harklma01-2019
turneev01,24.216666666666665,-3.4,201812230POR-POR,201812230POR-DAL,POR-2019,1,2019,-82.33666666666666,49.98833333333334,turneev01-2019
leoname01,23.133333333333333,-0.6,201812230POR-POR,201812230POR-DAL,POR-2019,1,2019,-13.879999999999999,49.98833333333334,leoname01-2019
curryse01,21.7,5.7,201812230POR-POR,201812230POR-DAL,POR-2019,1,2019,123.69,49.98833333333334,curryse01-2019
colliza01,17.816666666666666,-0.2,201812230POR-POR,201812230POR-DAL,POR-2019,1,2019,-3.5633333333333335,49.98833333333334,colliza01-2019
stausni01,13.7,-0.8,201812230POR-POR,201812230POR-DAL,POR-2019,1,2019,-10.96,49.98833333333334,stausni01-2019
doncilu01,31.35,6.8,201812260DAL-DAL,201812260DAL-NOP,DAL-2019,1,2019,213.18,33.54727272727273,doncilu01-2019
barneha02,31.033333333333335,0.3,201812260DAL-DAL,201812260DAL-NOP,DAL-2019,1,2019,9.31,33.54727272727273,barneha02-2019
jordade01,30.133333333333333,5.5,201812260DAL-DAL,201812260DAL-NOP,DAL-2019,1,2019,165.73333333333332,33.54727272727273,jordade01-2019
bareajo01,28.583333333333332,2.7,201812260DAL-DAL,201812260DAL-NOP,DAL-2019,1,2019,77.175,33.54727272727273,bareajo01-2019
matthwe02,28.4,-5.5,201812260DAL-DAL,201812260DAL-NOP,DAL-2019,1,2019,-156.2,33.54727272727273,matthwe02-2019
klebima01,24.216666666666665,2,201812260DAL-DAL,201812260DAL-NOP,DAL-2019,1,2019,48.43333333333333,33.54727272727273,klebima01-2019
finnedo01,19.633333333333333,-1.9,201812260DAL-DAL,201812260DAL-NOP,DAL-2019,1,2019,-37.30333333333333,33.54727272727273,finnedo01-2019
poweldw01,17.8,-2.3,201812260DAL-DAL,201812260DAL-NOP,DAL-2019,1,2019,-40.94,33.54727272727273,poweldw01-2019
harride01,17.1,4.9,201812260DAL-DAL,201812260DAL-NOP,DAL-2019,1,2019,83.79,33.54727272727273,harride01-2019
nowitdi01,11.683333333333334,0.5,201812260DAL-DAL,201812260DAL-NOP,DAL-2019,1,2019,5.841666666666667,33.54727272727273,nowitdi01-2019
mejrisa01,0.06666666666666667,0,201812260DAL-DAL,201812260DAL-NOP,DAL-2019,1,2019,0,33.54727272727273,mejrisa01-2019
davisan02,42.96666666666667,20.2,201812280NOP-NOP,201812280NOP-DAL,NOP-2019,1,2019,867.9266666666666,65.20472222222222,davisan02-2019
randlju01,37.75,1,201812280NOP-NOP,201812280NOP-DAL,NOP-2019,1,2019,37.75,65.20472222222222,randlju01-2019
holidjr01,35.36666666666667,-0.3,201812280NOP-NOP,201812280NOP-DAL,NOP-2019,1,2019,-10.61,65.20472222222222,holidjr01-2019
hillso01,32.483333333333334,-1,201812280NOP-NOP,201812280NOP-DAL,NOP-2019,1,2019,-32.483333333333334,65.20472222222222,hillso01-2019
mooreet01,24.55,-2.2,201812280NOP-NOP,201812280NOP-DAL,NOP-2019,1,2019,-54.010000000000005,65.20472222222222,mooreet01-2019
fraziti01,22.016666666666666,1.2,201812280NOP-NOP,201812280NOP-DAL,NOP-2019,1,2019,26.419999999999998,65.20472222222222,fraziti01-2019
clarkia01,10.65,0.8,201812280NOP-NOP,201812280NOP-DAL,NOP-2019,1,2019,8.520000000000001,65.20472222222222,clarkia01-2019
milleda01,10.366666666666667,-4.5,201812280NOP-NOP,201812280NOP-DAL,NOP-2019,1,2019,-46.650000000000006,65.20472222222222,milleda01-2019
jacksfr01,8.566666666666666,1.1,201812280NOP-NOP,201812280NOP-DAL,NOP-2019,1,2019,9.423333333333334,65.20472222222222,jacksfr01-2019
johnswe01,7.083333333333333,-1.9,201812280NOP-NOP,201812280NOP-DAL,NOP-2019,1,2019,-13.458333333333332,65.20472222222222,johnswe01-2019
okafoja01,6.716666666666667,-1.5,201812280NOP-NOP,201812280NOP-DAL,NOP-2019,1,2019,-10.075,65.20472222222222,okafoja01-2019
diallch01,1.4833333333333334,-0.2,201812280NOP-NOP,201812280NOP-DAL,NOP-2019,1,2019,-0.2966666666666667,65.20472222222222,diallch01-2019
barneha02,35.38333333333333,1.5,201812300DAL-DAL,201812300DAL-OKC,DAL-2019,1,2019,53.075,42.998333333333335,barneha02-2019
doncilu01,33.8,4.4,201812300DAL-DAL,201812300DAL-OKC,DAL-2019,1,2019,148.72,42.998333333333335,doncilu01-2019
jordade01,33.45,5.2,201812300DAL-DAL,201812300DAL-OKC,DAL-2019,1,2019,173.94000000000003,42.998333333333335,jordade01-2019
klebima01,28.416666666666668,-0.5,201812300DAL-DAL,201812300DAL-OKC,DAL-2019,1,2019,-14.208333333333334,42.998333333333335,klebima01-2019
smithde03,27.266666666666666,-2,201812300DAL-DAL,201812300DAL-OKC,DAL-2019,1,2019,-54.53333333333333,42.998333333333335,smithde03-2019
finnedo01,22.283333333333335,4.6,201812300DAL-DAL,201812300DAL-OKC,DAL-2019,1,2019,102.50333333333333,42.998333333333335,finnedo01-2019
bareajo01,20.733333333333334,2.1,201812300DAL-DAL,201812300DAL-OKC,DAL-2019,1,2019,43.540000000000006,42.998333333333335,bareajo01-2019
poweldw01,14.55,-3.5,201812300DAL-DAL,201812300DAL-OKC,DAL-2019,1,2019,-50.925000000000004,42.998333333333335,poweldw01-2019
harride01,13.783333333333333,0.6,201812300DAL-DAL,201812300DAL-OKC,DAL-2019,1,2019,8.27,42.998333333333335,harride01-2019
nowitdi01,10.316666666666666,1.9,201812300DAL-DAL,201812300DAL-OKC,DAL-2019,1,2019,19.601666666666667,42.998333333333335,nowitdi01-2019
westbru01,34.516666666666666,12.4,201812310OKC-OKC,201812310OKC-DAL,OKC-2019,1,2019,428.00666666666666,69.297,westbru01-2019
adamsst01,33.06666666666667,4.1,201812310OKC-OKC,201812310OKC-DAL,OKC-2019,1,2019,135.57333333333332,69.297,adamsst01-2019
georgpa01,32.75,4.3,201812310OKC-OKC,201812310OKC-DAL,OKC-2019,1,2019,140.825,69.297,georgpa01-2019
grantje01,27.833333333333332,6.6,201812310OKC-OKC,201812310OKC-DAL,OKC-2019,1,2019,183.7,69.297,grantje01-2019
schrode01,27.25,-7.6,201812310OKC-OKC,201812310OKC-DAL,OKC-2019,1,2019,-207.1,69.297,schrode01-2019
fergute01,24.933333333333334,-2,201812310OKC-OKC,201812310OKC-DAL,OKC-2019,1,2019,-49.86666666666667,69.297,fergute01-2019
pattepa01,18.166666666666668,-0.2,201812310OKC-OKC,201812310OKC-DAL,OKC-2019,1,2019,-3.6333333333333337,69.297,pattepa01-2019
noelne01,14.933333333333334,4.6,201812310OKC-OKC,201812310OKC-DAL,OKC-2019,1,2019,68.69333333333333,69.297,noelne01-2019
diallha01,13.916666666666666,-3.5,201812310OKC-OKC,201812310OKC-DAL,OKC-2019,1,2019,-48.70833333333333,69.297,diallha01-2019
naderab01,12.633333333333333,3.6,201812310OKC-OKC,201812310OKC-DAL,OKC-2019,1,2019,45.48,69.297,naderab01-2019
barneha02,29.333333333333332,1.6,201901020CHO-DAL,201901020CHO-CHO,DAL-2019,1,2019,46.93333333333334,51.569102564102565,barneha02-2019
doncilu01,26.3,2.6,201901020CHO-DAL,201901020CHO-CHO,DAL-2019,1,2019,68.38000000000001,51.569102564102565,doncilu01-2019
matthwe02,25.4,1.3,201901020CHO-DAL,201901020CHO-CHO,DAL-2019,1,2019,33.019999999999996,51.569102564102565,matthwe02-2019
jordade01,24.25,1.2,201901020CHO-DAL,201901020CHO-CHO,DAL-2019,1,2019,29.099999999999998,51.569102564102565,jordade01-2019
poweldw01,23.75,9.9,201901020CHO-DAL,201901020CHO-CHO,DAL-2019,1,2019,235.125,51.569102564102565,poweldw01-2019
smithde03,22.283333333333335,10.2,201901020CHO-DAL,201901020CHO-CHO,DAL-2019,1,2019,227.29,51.569102564102565,smithde03-2019
finnedo01,21.7,-0.9,201901020CHO-DAL,201901020CHO-CHO,DAL-2019,1,2019,-19.53,51.569102564102565,finnedo01-2019
bareajo01,13.716666666666667,3.3,201901020CHO-DAL,201901020CHO-CHO,DAL-2019,1,2019,45.265,51.569102564102565,bareajo01-2019
harride01,12.95,0.4,201901020CHO-DAL,201901020CHO-CHO,DAL-2019,1,2019,5.18,51.569102564102565,harride01-2019
brunsja01,12,-2.6,201901020CHO-DAL,201901020CHO-CHO,DAL-2019,1,2019,-31.200000000000003,51.569102564102565,brunsja01-2019
klebima01,12,4.7,201901020CHO-DAL,201901020CHO-CHO,DAL-2019,1,2019,56.400000000000006,51.569102564102565,klebima01-2019
mejrisa01,9.65,-4.1,201901020CHO-DAL,201901020CHO-CHO,DAL-2019,1,2019,-39.565,51.569102564102565,mejrisa01-2019
nowitdi01,6.666666666666667,2.1,201901020CHO-DAL,201901020CHO-CHO,DAL-2019,1,2019,14.000000000000002,51.569102564102565,nowitdi01-2019
smartma01,32.05,5.3,201901040BOS-BOS,201901040BOS-DAL,BOS-2019,1,2019,169.86499999999998,55.08060606060606,smartma01-2019
tatumja01,31.216666666666665,-6,201901040BOS-BOS,201901040BOS-DAL,BOS-2019,1,2019,-187.29999999999998,55.08060606060606,tatumja01-2019
haywago01,30.133333333333333,3.7,201901040BOS-BOS,201901040BOS-DAL,BOS-2019,1,2019,111.49333333333334,55.08060606060606,haywago01-2019
roziete01,27.716666666666665,3.3,201901040BOS-BOS,201901040BOS-DAL,BOS-2019,1,2019,91.46499999999999,55.08060606060606,roziete01-2019
brownja02,27.35,4.7,201901040BOS-BOS,201901040BOS-DAL,BOS-2019,1,2019,128.54500000000002,55.08060606060606,brownja02-2019
horfoal01,24.9,6.7,201901040BOS-BOS,201901040BOS-DAL,BOS-2019,1,2019,166.82999999999998,55.08060606060606,horfoal01-2019
theisda01,23.1,3.8,201901040BOS-BOS,201901040BOS-DAL,BOS-2019,1,2019,87.78,55.08060606060606,theisda01-2019
wanambr01,21.95,4,201901040BOS-BOS,201901040BOS-DAL,BOS-2019,1,2019,87.8,55.08060606060606,wanambr01-2019
ojelese01,16.783333333333335,-2.9,201901040BOS-BOS,201901040BOS-DAL,BOS-2019,1,2019,-48.67166666666667,55.08060606060606,ojelese01-2019
doziepj01,2.4,-0.4,201901040BOS-BOS,201901040BOS-DAL,BOS-2019,1,2019,-0.96,55.08060606060606,doziepj01-2019
yabusgu01,2.4,-0.4,201901040BOS-BOS,201901040BOS-DAL,BOS-2019,1,2019,-0.96,55.08060606060606,yabusgu01-2019
simmobe01,35.8,4.2,201901050PHI-PHI,201901050PHI-DAL,PHI-2019,1,2019,150.35999999999999,54.61944444444445,simmobe01-2019
embiijo01,34.7,6.2,201901050PHI-PHI,201901050PHI-DAL,PHI-2019,1,2019,215.14000000000001,54.61944444444445,embiijo01-2019
redicjj01,33.53333333333333,4.4,201901050PHI-PHI,201901050PHI-DAL,PHI-2019,1,2019,147.54666666666668,54.61944444444445,redicjj01-2019
mccontj01,29.333333333333332,0.1,201901050PHI-PHI,201901050PHI-DAL,PHI-2019,1,2019,2.9333333333333336,54.61944444444445,mccontj01-2019
boldejo01,29.066666666666666,1.1,201901050PHI-PHI,201901050PHI-DAL,PHI-2019,1,2019,31.973333333333336,54.61944444444445,boldejo01-2019
korkmfu01,27.816666666666666,-0.9,201901050PHI-PHI,201901050PHI-DAL,PHI-2019,1,2019,-25.035,54.61944444444445,korkmfu01-2019
shamela01,23.6,-0.6,201901050PHI-PHI,201901050PHI-DAL,PHI-2019,1,2019,-14.16,54.61944444444445,shamela01-2019
muscami01,15.416666666666666,-3.2,201901050PHI-PHI,201901050PHI-DAL,PHI-2019,1,2019,-49.333333333333336,54.61944444444445,muscami01-2019
miltosh01,10.716666666666667,3,201901050PHI-PHI,201901050PHI-DAL,PHI-2019,1,2019,32.15,54.61944444444445,miltosh01-2019
doncilu01,34.86666666666667,5.5,201901070DAL-DAL,201901070DAL-LAL,DAL-2019,0,2019,191.76666666666668,-0.4951515151515136,doncilu01-2019
barneha02,34.483333333333334,-2.1,201901070DAL-DAL,201901070DAL-LAL,DAL-2019,0,2019,-72.415,-0.4951515151515136,barneha02-2019
jordade01,33.45,0.8,201901070DAL-DAL,201901070DAL-LAL,DAL-2019,0,2019,26.760000000000005,-0.4951515151515136,jordade01-2019
matthwe02,31.55,-5.9,201901070DAL-DAL,201901070DAL-LAL,DAL-2019,0,2019,-186.145,-0.4951515151515136,matthwe02-2019
smithde03,26.516666666666666,-0.4,201901070DAL-DAL,201901070DAL-LAL,DAL-2019,0,2019,-10.606666666666667,-0.4951515151515136,smithde03-2019
bareajo01,18.583333333333332,-0.9,201901070DAL-DAL,201901070DAL-LAL,DAL-2019,0,2019,-16.724999999999998,-0.4951515151515136,bareajo01-2019
finnedo01,14.55,3.6,201901070DAL-DAL,201901070DAL-LAL,DAL-2019,0,2019,52.38,-0.4951515151515136,finnedo01-2019
poweldw01,14.55,4.2,201901070DAL-DAL,201901070DAL-LAL,DAL-2019,0,2019,61.11000000000001,-0.4951515151515136,poweldw01-2019
nowitdi01,13.466666666666667,0.4,201901070DAL-DAL,201901070DAL-LAL,DAL-2019,0,2019,5.386666666666667,-0.4951515151515136,nowitdi01-2019
harride01,13.133333333333333,-4.3,201901070DAL-DAL,201901070DAL-LAL,DAL-2019,0,2019,-56.47333333333333,-0.4951515151515136,harride01-2019
klebima01,4.85,-0.1,201901070DAL-DAL,201901070DAL-LAL,DAL-2019,0,2019,-0.485,-0.4951515151515136,klebima01-2019
doncilu01,35.88333333333333,11.5,201901090DAL-DAL,201901090DAL-PHO,DAL-2019,1,2019,412.6583333333333,65.98216666666666,doncilu01-2019
barneha02,34.916666666666664,3.6,201901090DAL-DAL,201901090DAL-PHO,DAL-2019,1,2019,125.69999999999999,65.98216666666666,barneha02-2019
klebima01,33.68333333333333,6,201901090DAL-DAL,201901090DAL-PHO,DAL-2019,1,2019,202.09999999999997,65.98216666666666,klebima01-2019
jordade01,31.65,-3.6,201901090DAL-DAL,201901090DAL-PHO,DAL-2019,1,2019,-113.94,65.98216666666666,jordade01-2019
matthwe02,28.533333333333335,8.7,201901090DAL-DAL,201901090DAL-PHO,DAL-2019,1,2019,248.23999999999998,65.98216666666666,matthwe02-2019
bareajo01,18,-7.7,201901090DAL-DAL,201901090DAL-PHO,DAL-2019,1,2019,-138.6,65.98216666666666,bareajo01-2019
finnedo01,17.716666666666665,-1.2,201901090DAL-DAL,201901090DAL-PHO,DAL-2019,1,2019,-21.259999999999998,65.98216666666666,finnedo01-2019
poweldw01,16.35,-0.9,201901090DAL-DAL,201901090DAL-PHO,DAL-2019,1,2019,-14.715000000000002,65.98216666666666,poweldw01-2019
brunsja01,14.75,-0.6,201901090DAL-DAL,201901090DAL-PHO,DAL-2019,1,2019,-8.85,65.98216666666666,brunsja01-2019
harride01,8.516666666666667,-3.7,201901090DAL-DAL,201901090DAL-PHO,DAL-2019,1,2019,-31.51166666666667,65.98216666666666,harride01-2019
wiggian01,38.85,-0.8,201901110MIN-MIN,201901110MIN-DAL,MIN-2019,0,2019,-31.080000000000002,29.26066666666667,wiggian01-2019
teaguje01,30.733333333333334,-0.6,201901110MIN-MIN,201901110MIN-DAL,MIN-2019,0,2019,-18.44,29.26066666666667,teaguje01-2019
townska01,30.333333333333332,9.6,201901110MIN-MIN,201901110MIN-DAL,MIN-2019,0,2019,291.2,29.26066666666667,townska01-2019
gibsota01,29.933333333333334,-0.7,201901110MIN-MIN,201901110MIN-DAL,MIN-2019,0,2019,-20.953333333333333,29.26066666666667,gibsota01-2019
rosede01,27.5,4.9,201901110MIN-MIN,201901110MIN-DAL,MIN-2019,0,2019,134.75,29.26066666666667,rosede01-2019
okogijo01,22.766666666666666,3.7,201901110MIN-MIN,201901110MIN-DAL,MIN-2019,0,2019,84.23666666666666,29.26066666666667,okogijo01-2019
jonesty01,18.8,-0.6,201901110MIN-MIN,201901110MIN-DAL,MIN-2019,0,2019,-11.28,29.26066666666667,jonesty01-2019
saricda01,18.766666666666666,-7.1,201901110MIN-MIN,201901110MIN-DAL,MIN-2019,0,2019,-133.2433333333333,29.26066666666667,saricda01-2019
dienggo01,16.966666666666665,0.1,201901110MIN-MIN,201901110MIN-DAL,MIN-2019,0,2019,1.6966666666666665,29.26066666666667,dienggo01-2019
tollian01,5.35,-0.8,201901110MIN-MIN,201901110MIN-DAL,MIN-2019,0,2019,-4.28,29.26066666666667,tollian01-2019
barneha02,36.78333333333333,0.9,201901130DAL-DAL,201901130DAL-GSW,DAL-2019,0,2019,33.105,22.995833333333334,barneha02-2019
doncilu01,31.95,4.7,201901130DAL-DAL,201901130DAL-GSW,DAL-2019,0,2019,150.165,22.995833333333334,doncilu01-2019
jordade01,30.5,4.1,201901130DAL-DAL,201901130DAL-GSW,DAL-2019,0,2019,125.04999999999998,22.995833333333334,jordade01-2019
brunsja01,29.816666666666666,-3.4,201901130DAL-DAL,201901130DAL-GSW,DAL-2019,0,2019,-101.37666666666667,22.995833333333334,brunsja01-2019
klebima01,26.483333333333334,-4.3,201901130DAL-DAL,201901130DAL-GSW,DAL-2019,0,2019,-113.87833333333333,22.995833333333334,klebima01-2019
finnedo01,26.1,3.5,201901130DAL-DAL,201901130DAL-GSW,DAL-2019,0,2019,91.35000000000001,22.995833333333334,finnedo01-2019
matthwe02,23.466666666666665,-1.4,201901130DAL-DAL,201901130DAL-GSW,DAL-2019,0,2019,-32.85333333333333,22.995833333333334,matthwe02-2019
poweldw01,17.033333333333335,0.4,201901130DAL-DAL,201901130DAL-GSW,DAL-2019,0,2019,6.813333333333334,22.995833333333334,poweldw01-2019
harride01,10.75,6,201901130DAL-DAL,201901130DAL-GSW,DAL-2019,0,2019,64.5,22.995833333333334,harride01-2019
nowitdi01,7.083333333333333,1,201901130DAL-DAL,201901130DAL-GSW,DAL-2019,0,2019,7.083333333333333,22.995833333333334,nowitdi01-2019
doncilu01,35.8,8.6,201901160DAL-DAL,201901160DAL-SAS,DAL-2019,0,2019,307.87999999999994,21.76266666666666,doncilu01-2019
barneha02,35.35,-8.2,201901160DAL-DAL,201901160DAL-SAS,DAL-2019,0,2019,-289.87,21.76266666666666,barneha02-2019
matthwe02,33.13333333333333,-1.5,201901160DAL-DAL,201901160DAL-SAS,DAL-2019,0,2019,-49.7,21.76266666666666,matthwe02-2019
jordade01,29.65,1.5,201901160DAL-DAL,201901160DAL-SAS,DAL-2019,0,2019,44.474999999999994,21.76266666666666,jordade01-2019
klebima01,27.966666666666665,5.3,201901160DAL-DAL,201901160DAL-SAS,DAL-2019,0,2019,148.22333333333333,21.76266666666666,klebima01-2019
poweldw01,20.516666666666666,2.2,201901160DAL-DAL,201901160DAL-SAS,DAL-2019,0,2019,45.13666666666667,21.76266666666666,poweldw01-2019
finnedo01,20.2,2.7,201901160DAL-DAL,201901160DAL-SAS,DAL-2019,0,2019,54.54,21.76266666666666,finnedo01-2019
brunsja01,20.066666666666666,-2.9,201901160DAL-DAL,201901160DAL-SAS,DAL-2019,0,2019,-58.19333333333333,21.76266666666666,brunsja01-2019
nowitdi01,10.483333333333333,1.9,201901160DAL-DAL,201901160DAL-SAS,DAL-2019,0,2019,19.91833333333333,21.76266666666666,nowitdi01-2019
harride01,6.833333333333333,-0.7,201901160DAL-DAL,201901160DAL-SAS,DAL-2019,0,2019,-4.783333333333333,21.76266666666666,harride01-2019
bogdabo02,33.016666666666666,-6,201901190IND-IND,201901190IND-DAL,IND-2019,1,2019,-198.1,36.18961538461539,bogdabo02-2019
oladivi01,32.166666666666664,2.8,201901190IND-IND,201901190IND-DAL,IND-2019,1,2019,90.06666666666665,36.18961538461539,oladivi01-2019
youngth01,28.083333333333332,3.4,201901190IND-IND,201901190IND-DAL,IND-2019,1,2019,95.48333333333332,36.18961538461539,youngth01-2019
sabondo01,27.1,5.2,201901190IND-IND,201901190IND-DAL,IND-2019,1,2019,140.92000000000002,36.18961538461539,sabondo01-2019
evansty01,25.233333333333334,4.5,201901190IND-IND,201901190IND-DAL,IND-2019,1,2019,113.55000000000001,36.18961538461539,evansty01-2019
turnemy01,24.883333333333333,1.8,201901190IND-IND,201901190IND-DAL,IND-2019,1,2019,44.79,36.18961538461539,turnemy01-2019
collida01,23.7,6.9,201901190IND-IND,201901190IND-DAL,IND-2019,1,2019,163.53,36.18961538461539,collida01-2019
josepco01,22.8,0.9,201901190IND-IND,201901190IND-DAL,IND-2019,1,2019,20.52,36.18961538461539,josepco01-2019
mcderdo01,15.833333333333334,0.1,201901190IND-IND,201901190IND-DAL,IND-2019,1,2019,1.5833333333333335,36.18961538461539,mcderdo01-2019
oquinky01,2.6833333333333336,-0.7,201901190IND-IND,201901190IND-DAL,IND-2019,1,2019,-1.8783333333333334,36.18961538461539,oquinky01-2019
holidaa01,1.5,-1,201901190IND-IND,201901190IND-DAL,IND-2019,1,2019,-1.5,36.18961538461539,holidaa01-2019
johnsal02,1.5,-0.1,201901190IND-IND,201901190IND-DAL,IND-2019,1,2019,-0.15000000000000002,36.18961538461539,johnsal02-2019
leaftj01,1.5,1.1,201901190IND-IND,201901190IND-DAL,IND-2019,1,2019,1.6500000000000001,36.18961538461539,leaftj01-2019
antetgi01,35.766666666666666,4.5,201901210MIL-MIL,201901210MIL-DAL,MIL-2019,1,2019,160.95,62.64636363636364,antetgi01-2019
lopezbr01,34.21666666666667,7.4,201901210MIL-MIL,201901210MIL-DAL,MIL-2019,1,2019,253.20333333333335,62.64636363636364,lopezbr01-2019
middlkh01,33.1,-4.7,201901210MIL-MIL,201901210MIL-DAL,MIL-2019,1,2019,-155.57000000000002,62.64636363636364,middlkh01-2019
brogdma01,32.85,6.3,201901210MIL-MIL,201901210MIL-DAL,MIL-2019,1,2019,206.955,62.64636363636364,brogdma01-2019
bledser01,32.5,3.8,201901210MIL-MIL,201901210MIL-DAL,MIL-2019,1,2019,123.5,62.64636363636364,bledser01-2019
hillge01,21.516666666666666,-0.2,201901210MIL-MIL,201901210MIL-DAL,MIL-2019,1,2019,-4.303333333333334,62.64636363636364,hillge01-2019
brownst02,19.15,6.9,201901210MIL-MIL,201901210MIL-DAL,MIL-2019,1,2019,132.135,62.64636363636364,brownst02-2019
wilsodj01,14.116666666666667,-0.9,201901210MIL-MIL,201901210MIL-DAL,MIL-2019,1,2019,-12.705,62.64636363636364,wilsodj01-2019
ilyaser01,6.75,-1.7,201901210MIL-MIL,201901210MIL-DAL,MIL-2019,1,2019,-11.475,62.64636363636364,ilyaser01-2019
snellto01,6,-1,201901210MIL-MIL,201901210MIL-DAL,MIL-2019,1,2019,-6,62.64636363636364,snellto01-2019
makerth01,4.033333333333333,0.6,201901210MIL-MIL,201901210MIL-DAL,MIL-2019,1,2019,2.42,62.64636363636364,makerth01-2019
smithde03,36.733333333333334,-4.1,201901220DAL-DAL,201901220DAL-LAC,DAL-2019,1,2019,-150.60666666666665,27.89954545454546,smithde03-2019
jordade01,34.95,11,201901220DAL-DAL,201901220DAL-LAC,DAL-2019,1,2019,384.45000000000005,27.89954545454546,jordade01-2019
barneha02,33.55,2.8,201901220DAL-DAL,201901220DAL-LAC,DAL-2019,1,2019,93.93999999999998,27.89954545454546,barneha02-2019
matthwe02,32.86666666666667,-4.7,201901220DAL-DAL,201901220DAL-LAC,DAL-2019,1,2019,-154.47333333333333,27.89954545454546,matthwe02-2019
doncilu01,32.3,0.8,201901220DAL-DAL,201901220DAL-LAC,DAL-2019,1,2019,25.84,27.89954545454546,doncilu01-2019
finnedo01,21.016666666666666,1.6,201901220DAL-DAL,201901220DAL-LAC,DAL-2019,1,2019,33.626666666666665,27.89954545454546,finnedo01-2019
harride01,17.3,5.4,201901220DAL-DAL,201901220DAL-LAC,DAL-2019,1,2019,93.42000000000002,27.89954545454546,harride01-2019
klebima01,14.45,-2.6,201901220DAL-DAL,201901220DAL-LAC,DAL-2019,1,2019,-37.57,27.89954545454546,klebima01-2019
nowitdi01,10.366666666666667,1.8,201901220DAL-DAL,201901220DAL-LAC,DAL-2019,1,2019,18.66,27.89954545454546,nowitdi01-2019
brunsja01,3.783333333333333,-0.6,201901220DAL-DAL,201901220DAL-LAC,DAL-2019,1,2019,-2.27,27.89954545454546,brunsja01-2019
poweldw01,2.6833333333333336,0.7,201901220DAL-DAL,201901220DAL-LAC,DAL-2019,1,2019,1.8783333333333334,27.89954545454546,poweldw01-2019
smithde03,36.2,-0.8,201901250DAL-DAL,201901250DAL-DET,DAL-2019,1,2019,-28.960000000000004,43.999333333333325,smithde03-2019
barneha02,35.36666666666667,-5,201901250DAL-DAL,201901250DAL-DET,DAL-2019,1,2019,-176.83333333333334,43.999333333333325,barneha02-2019
doncilu01,35.06666666666667,12.1,201901250DAL-DAL,201901250DAL-DET,DAL-2019,1,2019,424.3066666666667,43.999333333333325,doncilu01-2019
jordade01,31.233333333333334,2,201901250DAL-DAL,201901250DAL-DET,DAL-2019,1,2019,62.46666666666667,43.999333333333325,jordade01-2019
klebima01,21.716666666666665,8,201901250DAL-DAL,201901250DAL-DET,DAL-2019,1,2019,173.73333333333332,43.999333333333325,klebima01-2019
poweldw01,20.683333333333334,0.1,201901250DAL-DAL,201901250DAL-DET,DAL-2019,1,2019,2.0683333333333334,43.999333333333325,poweldw01-2019
finnedo01,17.95,8.1,201901250DAL-DAL,201901250DAL-DET,DAL-2019,1,2019,145.39499999999998,43.999333333333325,finnedo01-2019
harride01,17.116666666666667,-3.2,201901250DAL-DAL,201901250DAL-DET,DAL-2019,1,2019,-54.77333333333334,43.999333333333325,harride01-2019
matthwe02,14.766666666666667,-6,201901250DAL-DAL,201901250DAL-DET,DAL-2019,1,2019,-88.60000000000001,43.999333333333325,matthwe02-2019
nowitdi01,9.9,-1.9,201901250DAL-DAL,201901250DAL-DET,DAL-2019,1,2019,-18.81,43.999333333333325,nowitdi01-2019
doncilu01,35.88333333333333,12.3,201901270DAL-DAL,201901270DAL-TOR,DAL-2019,0,2019,441.365,27.670277777777777,doncilu01-2019
matthwe02,35.483333333333334,-4.6,201901270DAL-DAL,201901270DAL-TOR,DAL-2019,0,2019,-163.22333333333333,27.670277777777777,matthwe02-2019
smithde03,31.4,-0.6,201901270DAL-DAL,201901270DAL-TOR,DAL-2019,0,2019,-18.84,27.670277777777777,smithde03-2019
barneha02,31.283333333333335,-0.2,201901270DAL-DAL,201901270DAL-TOR,DAL-2019,0,2019,-6.256666666666668,27.670277777777777,barneha02-2019
jordade01,29.566666666666666,-0.2,201901270DAL-DAL,201901270DAL-TOR,DAL-2019,0,2019,-5.913333333333334,27.670277777777777,jordade01-2019
finnedo01,27.85,3.4,201901270DAL-DAL,201901270DAL-TOR,DAL-2019,0,2019,94.69,27.670277777777777,finnedo01-2019
klebima01,12.333333333333334,-2.1,201901270DAL-DAL,201901270DAL-TOR,DAL-2019,0,2019,-25.900000000000002,27.670277777777777,klebima01-2019
poweldw01,12.216666666666667,1.1,201901270DAL-DAL,201901270DAL-TOR,DAL-2019,0,2019,13.438333333333334,27.670277777777777,poweldw01-2019
nowitdi01,10.066666666666666,1.1,201901270DAL-DAL,201901270DAL-TOR,DAL-2019,0,2019,11.073333333333334,27.670277777777777,nowitdi01-2019
harride01,7.666666666666667,-2.6,201901270DAL-DAL,201901270DAL-TOR,DAL-2019,0,2019,-19.933333333333334,27.670277777777777,harride01-2019
brunsja01,5.983333333333333,1.8,201901270DAL-DAL,201901270DAL-TOR,DAL-2019,0,2019,10.77,27.670277777777777,brunsja01-2019
broekry01,0.26666666666666666,2.9,201901270DAL-DAL,201901270DAL-TOR,DAL-2019,0,2019,0.7733333333333333,27.670277777777777,broekry01-2019
burketr01,32.166666666666664,2.1,201901300NYK-NYK,201901300NYK-DAL,NYK-2019,0,2019,67.55,-18.477424242424245,burketr01-2019
hezonma01,31.583333333333332,1.1,201901300NYK-NYK,201901300NYK-DAL,NYK-2019,0,2019,34.74166666666667,-18.477424242424245,hezonma01-2019
hardati02,27.516666666666666,-5.5,201901300NYK-NYK,201901300NYK-DAL,NYK-2019,0,2019,-151.34166666666667,-18.477424242424245,hardati02-2019
knoxke01,27.283333333333335,-2,201901300NYK-NYK,201901300NYK-DAL,NYK-2019,0,2019,-54.56666666666667,-18.477424242424245,knoxke01-2019
robinmi01,24.183333333333334,0.4,201901300NYK-NYK,201901300NYK-DAL,NYK-2019,0,2019,9.673333333333334,-18.477424242424245,robinmi01-2019
dotsoda01,20.483333333333334,-4.4,201901300NYK-NYK,201901300NYK-DAL,NYK-2019,0,2019,-90.12666666666668,-18.477424242424245,dotsoda01-2019
trieral01,19.266666666666666,1.4,201901300NYK-NYK,201901300NYK-DAL,NYK-2019,0,2019,26.97333333333333,-18.477424242424245,trieral01-2019
allenka01,17.65,0.6,201901300NYK-NYK,201901300NYK-DAL,NYK-2019,0,2019,10.589999999999998,-18.477424242424245,allenka01-2019
thomala01,16.05,-2.2,201901300NYK-NYK,201901300NYK-DAL,NYK-2019,0,2019,-35.31,-18.477424242424245,thomala01-2019
vonleno01,14.483333333333333,-0.9,201901300NYK-NYK,201901300NYK-DAL,NYK-2019,0,2019,-13.035,-18.477424242424245,vonleno01-2019
kanteen01,9.333333333333334,-0.9,201901300NYK-NYK,201901300NYK-DAL,NYK-2019,0,2019,-8.4,-18.477424242424245,kanteen01-2019
griffbl01,39.416666666666664,4.6,201901310DET-DET,201901310DET-DAL,DET-2019,1,2019,181.31666666666663,47.33681818181818,griffbl01-2019
drumman01,36.6,10.1,201901310DET-DET,201901310DET-DAL,DET-2019,1,2019,369.66,47.33681818181818,drumman01-2019
jacksre01,35.28333333333333,7.3,201901310DET-DET,201901310DET-DAL,DET-2019,1,2019,257.5683333333333,47.33681818181818,jacksre01-2019
bullore01,30.416666666666668,-6.1,201901310DET-DET,201901310DET-DAL,DET-2019,1,2019,-185.54166666666666,47.33681818181818,bullore01-2019
gallola01,22.25,4.7,201901310DET-DET,201901310DET-DAL,DET-2019,1,2019,104.575,47.33681818181818,gallola01-2019
brownbr01,20.083333333333332,-4.1,201901310DET-DET,201901310DET-DAL,DET-2019,1,2019,-82.34166666666665,47.33681818181818,brownbr01-2019
kennalu01,19.533333333333335,-4.6,201901310DET-DET,201901310DET-DAL,DET-2019,1,2019,-89.85333333333334,47.33681818181818,kennalu01-2019
caldejo01,12.15,-0.3,201901310DET-DET,201901310DET-DAL,DET-2019,1,2019,-3.645,47.33681818181818,caldejo01-2019
johnsst04,11.5,-4.3,201901310DET-DET,201901310DET-DAL,DET-2019,1,2019,-49.449999999999996,47.33681818181818,johnsst04-2019
pachuza01,11.366666666666667,1.3,201901310DET-DET,201901310DET-DAL,DET-2019,1,2019,14.776666666666667,47.33681818181818,pachuza01-2019
robingl02,1.4,2.6,201901310DET-DET,201901310DET-DAL,DET-2019,1,2019,3.6399999999999997,47.33681818181818,robingl02-2019
burksal01,33.61666666666667,0.7,201902020CLE-CLE,201902020CLE-DAL,CLE-2019,0,2019,23.531666666666666,-7.739166666666669,burksal01-2019
sextoco01,31.066666666666666,-4.8,201902020CLE-CLE,201902020CLE-DAL,CLE-2019,0,2019,-149.12,-7.739166666666669,sextoco01-2019
clarkjo01,30.683333333333334,2,201902020CLE-CLE,201902020CLE-DAL,CLE-2019,0,2019,61.36666666666667,-7.739166666666669,clarkjo01-2019
hoodro01,30.183333333333334,-3.4,201902020CLE-CLE,201902020CLE-DAL,CLE-2019,0,2019,-102.62333333333333,-7.739166666666669,hoodro01-2019
nancela02,27.933333333333334,5.3,201902020CLE-CLE,201902020CLE-DAL,CLE-2019,0,2019,148.04666666666665,-7.739166666666669,nancela02-2019
zizican01,20.066666666666666,-4.2,201902020CLE-CLE,201902020CLE-DAL,CLE-2019,0,2019,-84.28,-7.739166666666669,zizican01-2019
dellama01,18.783333333333335,-4,201902020CLE-CLE,201902020CLE-DAL,CLE-2019,0,2019,-75.13333333333334,-7.739166666666669,dellama01-2019
nwabada01,15.183333333333334,4.7,201902020CLE-CLE,201902020CLE-DAL,CLE-2019,0,2019,71.36166666666666,-7.739166666666669,nwabada01-2019
osmande01,14.483333333333333,3.6,201902020CLE-CLE,201902020CLE-DAL,CLE-2019,0,2019,52.14,-7.739166666666669,osmande01-2019
adelde01,14.4,-2.5,201902020CLE-CLE,201902020CLE-DAL,CLE-2019,0,2019,-36,-7.739166666666669,adelde01-2019
blossja01,1.8,-0.9,201902020CLE-CLE,201902020CLE-DAL,CLE-2019,0,2019,-1.62,-7.739166666666669,blossja01-2019
simmoko01,1.8,-0.3,201902020CLE-CLE,201902020CLE-DAL,CLE-2019,0,2019,-0.54,-7.739166666666669,simmoko01-2019
doncilu01,34.666666666666664,4.6,201902060DAL-DAL,201902060DAL-CHO,DAL-2019,1,2019,159.46666666666664,44.31666666666666,doncilu01-2019
finnedo01,33.166666666666664,5.7,201902060DAL-DAL,201902060DAL-CHO,DAL-2019,1,2019,189.04999999999998,44.31666666666666,finnedo01-2019
brunsja01,30.4,-1,201902060DAL-DAL,201902060DAL-CHO,DAL-2019,1,2019,-30.4,44.31666666666666,brunsja01-2019
klebima01,28.666666666666668,0.6,201902060DAL-DAL,201902060DAL-CHO,DAL-2019,1,2019,17.2,44.31666666666666,klebima01-2019
poweldw01,26.95,7.3,201902060DAL-DAL,201902060DAL-CHO,DAL-2019,1,2019,196.73499999999999,44.31666666666666,poweldw01-2019
hardati02,26.45,-0.8,201902060DAL-DAL,201902060DAL-CHO,DAL-2019,1,2019,-21.16,44.31666666666666,hardati02-2019
barneha02,25.833333333333332,-3,201902060DAL-DAL,201902060DAL-CHO,DAL-2019,1,2019,-77.5,44.31666666666666,barneha02-2019
harride01,14.833333333333334,-1,201902060DAL-DAL,201902060DAL-CHO,DAL-2019,1,2019,-14.833333333333334,44.31666666666666,harride01-2019
nowitdi01,14.55,2.4,201902060DAL-DAL,201902060DAL-CHO,DAL-2019,1,2019,34.92,44.31666666666666,nowitdi01-2019
burketr01,4.483333333333333,-2.3,201902060DAL-DAL,201902060DAL-CHO,DAL-2019,1,2019,-10.311666666666666,44.31666666666666,burketr01-2019
hardati02,27.116666666666667,-3.8,201902080DAL-DAL,201902080DAL-MIL,DAL-2019,0,2019,-103.04333333333334,9.166538461538464,hardati02-2019
doncilu01,26.7,1,201902080DAL-DAL,201902080DAL-MIL,DAL-2019,0,2019,26.7,9.166538461538464,doncilu01-2019
burketr01,26.633333333333333,6.9,201902080DAL-DAL,201902080DAL-MIL,DAL-2019,0,2019,183.77,9.166538461538464,burketr01-2019
finnedo01,25.9,0.9,201902080DAL-DAL,201902080DAL-MIL,DAL-2019,0,2019,23.31,9.166538461538464,finnedo01-2019
klebima01,24.6,0.8,201902080DAL-DAL,201902080DAL-MIL,DAL-2019,0,2019,19.680000000000003,9.166538461538464,klebima01-2019
brunsja01,24.05,-3,201902080DAL-DAL,201902080DAL-MIL,DAL-2019,0,2019,-72.15,9.166538461538464,brunsja01-2019
poweldw01,20.283333333333335,3.7,201902080DAL-DAL,201902080DAL-MIL,DAL-2019,0,2019,75.04833333333335,9.166538461538464,poweldw01-2019
broekry01,18.616666666666667,0,201902080DAL-DAL,201902080DAL-MIL,DAL-2019,0,2019,0,9.166538461538464,broekry01-2019
nowitdi01,17.716666666666665,-0.7,201902080DAL-DAL,201902080DAL-MIL,DAL-2019,0,2019,-12.401666666666666,9.166538461538464,nowitdi01-2019
harride01,16.5,-1.2,201902080DAL-DAL,201902080DAL-MIL,DAL-2019,0,2019,-19.8,9.166538461538464,harride01-2019
jacksju01,4.383333333333334,-0.1,201902080DAL-DAL,201902080DAL-MIL,DAL-2019,0,2019,-0.4383333333333334,9.166538461538464,jacksju01-2019
leeco01,4.383333333333334,-0.7,201902080DAL-DAL,201902080DAL-MIL,DAL-2019,0,2019,-3.0683333333333334,9.166538461538464,leeco01-2019
maconda01,3.1166666666666667,0.5,201902080DAL-DAL,201902080DAL-MIL,DAL-2019,0,2019,1.5583333333333333,9.166538461538464,maconda01-2019
doncilu01,37.5,9.5,201902100DAL-DAL,201902100DAL-POR,DAL-2019,1,2019,356.25,48.486805555555556,doncilu01-2019
finnedo01,35.266666666666666,-0.1,201902100DAL-DAL,201902100DAL-POR,DAL-2019,1,2019,-3.526666666666667,48.486805555555556,finnedo01-2019
hardati02,32.28333333333333,5.6,201902100DAL-DAL,201902100DAL-POR,DAL-2019,1,2019,180.78666666666663,48.486805555555556,hardati02-2019
poweldw01,26.9,4.4,201902100DAL-DAL,201902100DAL-POR,DAL-2019,1,2019,118.36,48.486805555555556,poweldw01-2019
klebima01,26.066666666666666,-1.5,201902100DAL-DAL,201902100DAL-POR,DAL-2019,1,2019,-39.1,48.486805555555556,klebima01-2019
brunsja01,23.516666666666666,-0.4,201902100DAL-DAL,201902100DAL-POR,DAL-2019,1,2019,-9.406666666666666,48.486805555555556,brunsja01-2019
burketr01,16.816666666666666,0.9,201902100DAL-DAL,201902100DAL-POR,DAL-2019,1,2019,15.135,48.486805555555556,burketr01-2019
nowitdi01,12.933333333333334,-0.8,201902100DAL-DAL,201902100DAL-POR,DAL-2019,1,2019,-10.346666666666668,48.486805555555556,nowitdi01-2019
leeco01,8.966666666666667,-1.1,201902100DAL-DAL,201902100DAL-POR,DAL-2019,1,2019,-9.863333333333335,48.486805555555556,leeco01-2019
broekry01,8.783333333333333,0.5,201902100DAL-DAL,201902100DAL-POR,DAL-2019,1,2019,4.391666666666667,48.486805555555556,broekry01-2019
harride01,6.75,-2.4,201902100DAL-DAL,201902100DAL-POR,DAL-2019,1,2019,-16.2,48.486805555555556,harride01-2019
jacksju01,4.216666666666667,-1.1,201902100DAL-DAL,201902100DAL-POR,DAL-2019,1,2019,-4.638333333333334,48.486805555555556,jacksju01-2019
tuckepj01,36.5,-2.3,201902110HOU-HOU,201902110HOU-DAL,HOU-2019,1,2019,-83.94999999999999,67.47,tuckepj01-2019
hardeja01,35.55,9.1,201902110HOU-HOU,201902110HOU-DAL,HOU-2019,1,2019,323.50499999999994,67.47,hardeja01-2019
farieke01,31.833333333333332,3.4,201902110HOU-HOU,201902110HOU-DAL,HOU-2019,1,2019,108.23333333333332,67.47,farieke01-2019
gordoer01,29.283333333333335,-0.9,201902110HOU-HOU,201902110HOU-DAL,HOU-2019,1,2019,-26.355,67.47,gordoer01-2019
paulch01,29.25,8.8,201902110HOU-HOU,201902110HOU-DAL,HOU-2019,1,2019,257.40000000000003,67.47,paulch01-2019
shumpim01,24.5,-0.2,201902110HOU-HOU,201902110HOU-DAL,HOU-2019,1,2019,-4.9,67.47,shumpim01-2019
greenge01,22.05,4.4,201902110HOU-HOU,201902110HOU-DAL,HOU-2019,1,2019,97.02000000000001,67.47,greenge01-2019
riverau01,17.45,-1.2,201902110HOU-HOU,201902110HOU-DAL,HOU-2019,1,2019,-20.939999999999998,67.47,riverau01-2019
harteis01,12.783333333333333,2,201902110HOU-HOU,201902110HOU-DAL,HOU-2019,1,2019,25.566666666666666,67.47,harteis01-2019
clarkga01,0.8,-1.1,201902110HOU-HOU,201902110HOU-DAL,HOU-2019,1,2019,-0.8800000000000001,67.47,clarkga01-2019
doncilu01,33.35,0.9,201902130DAL-DAL,201902130DAL-MIA,DAL-2019,0,2019,30.015,1.8710256410256416,doncilu01-2019
hardati02,29.716666666666665,2.6,201902130DAL-DAL,201902130DAL-MIA,DAL-2019,0,2019,77.26333333333334,1.8710256410256416,hardati02-2019
finnedo01,28.2,-2.7,201902130DAL-DAL,201902130DAL-MIA,DAL-2019,0,2019,-76.14,1.8710256410256416,finnedo01-2019
poweldw01,26.033333333333335,-2.2,201902130DAL-DAL,201902130DAL-MIA,DAL-2019,0,2019,-57.27333333333334,1.8710256410256416,poweldw01-2019
klebima01,25.183333333333334,2.1,201902130DAL-DAL,201902130DAL-MIA,DAL-2019,0,2019,52.885000000000005,1.8710256410256416,klebima01-2019
brunsja01,23.4,-1,201902130DAL-DAL,201902130DAL-MIA,DAL-2019,0,2019,-23.4,1.8710256410256416,brunsja01-2019
harride01,17.55,1.5,201902130DAL-DAL,201902130DAL-MIA,DAL-2019,0,2019,26.325000000000003,1.8710256410256416,harride01-2019
nowitdi01,16.566666666666666,-1,201902130DAL-DAL,201902130DAL-MIA,DAL-2019,0,2019,-16.566666666666666,1.8710256410256416,nowitdi01-2019
jacksju01,12.433333333333334,-2.3,201902130DAL-DAL,201902130DAL-MIA,DAL-2019,0,2019,-28.596666666666664,1.8710256410256416,jacksju01-2019
broekry01,8.183333333333334,2.9,201902130DAL-DAL,201902130DAL-MIA,DAL-2019,0,2019,23.731666666666666,1.8710256410256416,broekry01-2019
mejrisa01,7.716666666666667,2,201902130DAL-DAL,201902130DAL-MIA,DAL-2019,0,2019,15.433333333333334,1.8710256410256416,mejrisa01-2019
leeco01,5.866666666666667,1,201902130DAL-DAL,201902130DAL-MIA,DAL-2019,0,2019,5.866666666666667,1.8710256410256416,leeco01-2019
burketr01,5.8,-0.9,201902130DAL-DAL,201902130DAL-MIA,DAL-2019,0,2019,-5.22,1.8710256410256416,burketr01-2019
brunsja01,30.483333333333334,6.2,201902220DAL-DAL,201902220DAL-DEN,DAL-2019,0,2019,188.99666666666667,21.24652777777778,brunsja01-2019
finnedo01,29.316666666666666,0.5,201902220DAL-DAL,201902220DAL-DEN,DAL-2019,0,2019,14.658333333333333,21.24652777777778,finnedo01-2019
hardati02,27.566666666666666,2.8,201902220DAL-DAL,201902220DAL-DEN,DAL-2019,0,2019,77.18666666666667,21.24652777777778,hardati02-2019
poweldw01,25.3,3.6,201902220DAL-DAL,201902220DAL-DEN,DAL-2019,0,2019,91.08,21.24652777777778,poweldw01-2019
mejrisa01,23.7,0.6,201902220DAL-DAL,201902220DAL-DEN,DAL-2019,0,2019,14.219999999999999,21.24652777777778,mejrisa01-2019
harride01,18.55,5.3,201902220DAL-DAL,201902220DAL-DEN,DAL-2019,0,2019,98.315,21.24652777777778,harride01-2019
nowitdi01,18.383333333333333,-3.5,201902220DAL-DAL,201902220DAL-DEN,DAL-2019,0,2019,-64.34166666666667,21.24652777777778,nowitdi01-2019
klebima01,18.2,-7.4,201902220DAL-DAL,201902220DAL-DEN,DAL-2019,0,2019,-134.68,21.24652777777778,klebima01-2019
burketr01,17.5,3,201902220DAL-DAL,201902220DAL-DEN,DAL-2019,0,2019,52.5,21.24652777777778,burketr01-2019
jacksju01,14,-6.2,201902220DAL-DAL,201902220DAL-DEN,DAL-2019,0,2019,-86.8,21.24652777777778,jacksju01-2019
leeco01,10.783333333333333,1.1,201902220DAL-DAL,201902220DAL-DEN,DAL-2019,0,2019,11.861666666666668,21.24652777777778,leeco01-2019
broekry01,6.183333333333334,-1.3,201902220DAL-DAL,201902220DAL-DEN,DAL-2019,0,2019,-8.038333333333334,21.24652777777778,broekry01-2019
rubiori01,36.233333333333334,4.3,201902230UTA-UTA,201902230UTA-DAL,UTA-2019,1,2019,155.80333333333334,70.88716666666666,rubiori01-2019
inglejo01,33.3,6,201902230UTA-UTA,201902230UTA-DAL,UTA-2019,1,2019,199.79999999999998,70.88716666666666,inglejo01-2019
goberru01,32.916666666666664,0.9,201902230UTA-UTA,201902230UTA-DAL,UTA-2019,1,2019,29.625,70.88716666666666,goberru01-2019
mitchdo01,32.916666666666664,6.2,201902230UTA-UTA,201902230UTA-DAL,UTA-2019,1,2019,204.08333333333331,70.88716666666666,mitchdo01-2019
crowdja01,27.933333333333334,6.5,201902230UTA-UTA,201902230UTA-DAL,UTA-2019,1,2019,181.56666666666666,70.88716666666666,crowdja01-2019
favorde01,24.583333333333332,-1.8,201902230UTA-UTA,201902230UTA-DAL,UTA-2019,1,2019,-44.25,70.88716666666666,favorde01-2019
onealro01,18.95,0.4,201902230UTA-UTA,201902230UTA-DAL,UTA-2019,1,2019,7.58,70.88716666666666,onealro01-2019
korveky01,14.85,-3.3,201902230UTA-UTA,201902230UTA-DAL,UTA-2019,1,2019,-49.004999999999995,70.88716666666666,korveky01-2019
sefolth01,10.566666666666666,2.9,201902230UTA-UTA,201902230UTA-DAL,UTA-2019,1,2019,30.64333333333333,70.88716666666666,sefolth01-2019
netora01,7.75,-0.9,201902230UTA-UTA,201902230UTA-DAL,UTA-2019,1,2019,-6.9750000000000005,70.88716666666666,netora01-2019
beverpa01,38.916666666666664,5.3,201902250LAC-LAC,201902250LAC-DAL,LAC-2019,1,2019,206.25833333333333,56.01075757575757,beverpa01-2019
willilo02,33.666666666666664,3.3,201902250LAC-LAC,201902250LAC-DAL,LAC-2019,1,2019,111.09999999999998,56.01075757575757,willilo02-2019
gallida01,31.383333333333333,1.8,201902250LAC-LAC,201902250LAC-DAL,LAC-2019,1,2019,56.49,56.01075757575757,gallida01-2019
harremo01,28.9,12.9,201902250LAC-LAC,201902250LAC-DAL,LAC-2019,1,2019,372.81,56.01075757575757,harremo01-2019
shamela01,22.233333333333334,-5.4,201902250LAC-LAC,201902250LAC-DAL,LAC-2019,1,2019,-120.06000000000002,56.01075757575757,shamela01-2019
zubaciv01,19.1,2.3,201902250LAC-LAC,201902250LAC-DAL,LAC-2019,1,2019,43.93,56.01075757575757,zubaciv01-2019
templga01,17.883333333333333,-1.8,201902250LAC-LAC,201902250LAC-DAL,LAC-2019,1,2019,-32.19,56.01075757575757,templga01-2019
gilgesh01,17.416666666666668,-4,201902250LAC-LAC,201902250LAC-DAL,LAC-2019,1,2019,-69.66666666666667,56.01075757575757,gilgesh01-2019
greenja01,16.616666666666667,2.7,201902250LAC-LAC,201902250LAC-DAL,LAC-2019,1,2019,44.865,56.01075757575757,greenja01-2019
wallaty01,13.233333333333333,0.2,201902250LAC-LAC,201902250LAC-DAL,LAC-2019,1,2019,2.6466666666666665,56.01075757575757,wallaty01-2019
thornsi01,0.65,-0.1,201902250LAC-LAC,201902250LAC-DAL,LAC-2019,1,2019,-0.065,56.01075757575757,thornsi01-2019
poweldw01,37.1,0.5,201902270DAL-DAL,201902270DAL-IND,DAL-2019,1,2019,18.55,71.20592592592592,poweldw01-2019
hardati02,35.766666666666666,4.9,201902270DAL-DAL,201902270DAL-IND,DAL-2019,1,2019,175.25666666666666,71.20592592592592,hardati02-2019
brunsja01,33.93333333333333,8.9,201902270DAL-DAL,201902270DAL-IND,DAL-2019,1,2019,302.00666666666666,71.20592592592592,brunsja01-2019
doncilu01,31.716666666666665,3,201902270DAL-DAL,201902270DAL-IND,DAL-2019,1,2019,95.14999999999999,71.20592592592592,doncilu01-2019
klebima01,27.6,6.6,201902270DAL-DAL,201902270DAL-IND,DAL-2019,1,2019,182.16,71.20592592592592,klebima01-2019
nowitdi01,21.833333333333332,2,201902270DAL-DAL,201902270DAL-IND,DAL-2019,1,2019,43.666666666666664,71.20592592592592,nowitdi01-2019
finnedo01,20.166666666666668,-2.5,201902270DAL-DAL,201902270DAL-IND,DAL-2019,1,2019,-50.41666666666667,71.20592592592592,finnedo01-2019
harride01,17.5,-5.2,201902270DAL-DAL,201902270DAL-IND,DAL-2019,1,2019,-91,71.20592592592592,harride01-2019
jacksju01,14.383333333333333,-2.4,201902270DAL-DAL,201902270DAL-IND,DAL-2019,1,2019,-34.519999999999996,71.20592592592592,jacksju01-2019
poweldw01,31.9,3.7,201903020DAL-DAL,201903020DAL-MEM,DAL-2019,0,2019,118.03,-7.129487179487176,poweldw01-2019
brunsja01,28.333333333333332,-6.7,201903020DAL-DAL,201903020DAL-MEM,DAL-2019,0,2019,-189.83333333333334,-7.129487179487176,brunsja01-2019
doncilu01,26.233333333333334,9.3,201903020DAL-DAL,201903020DAL-MEM,DAL-2019,0,2019,243.97000000000003,-7.129487179487176,doncilu01-2019
nowitdi01,22.866666666666667,-2.9,201903020DAL-DAL,201903020DAL-MEM,DAL-2019,0,2019,-66.31333333333333,-7.129487179487176,nowitdi01-2019
hardati02,21.466666666666665,-2,201903020DAL-DAL,201903020DAL-MEM,DAL-2019,0,2019,-42.93333333333333,-7.129487179487176,hardati02-2019
klebima01,18.216666666666665,-3.2,201903020DAL-DAL,201903020DAL-MEM,DAL-2019,0,2019,-58.29333333333333,-7.129487179487176,klebima01-2019
harride01,15.866666666666667,-2.4,201903020DAL-DAL,201903020DAL-MEM,DAL-2019,0,2019,-38.08,-7.129487179487176,harride01-2019
burketr01,14.85,-2.8,201903020DAL-DAL,201903020DAL-MEM,DAL-2019,0,2019,-41.58,-7.129487179487176,burketr01-2019
mejrisa01,12.566666666666666,-0.7,201903020DAL-DAL,201903020DAL-MEM,DAL-2019,0,2019,-8.796666666666665,-7.129487179487176,mejrisa01-2019
broekry01,12.516666666666667,-3.4,201903020DAL-DAL,201903020DAL-MEM,DAL-2019,0,2019,-42.556666666666665,-7.129487179487176,broekry01-2019
leeco01,12,-1.5,201903020DAL-DAL,201903020DAL-MEM,DAL-2019,0,2019,-18,-7.129487179487176,leeco01-2019
finnedo01,11.766666666666667,4.2,201903020DAL-DAL,201903020DAL-MEM,DAL-2019,0,2019,49.42000000000001,-7.129487179487176,finnedo01-2019
jacksju01,11.416666666666666,0.2,201903020DAL-DAL,201903020DAL-MEM,DAL-2019,0,2019,2.283333333333333,-7.129487179487176,jacksju01-2019
harrijo01,27.916666666666668,2.1,201903040BRK-BRK,201903040BRK-DAL,BRK-2019,1,2019,58.62500000000001,58.026538461538465,harrijo01-2019
leverca01,26.816666666666666,4.4,201903040BRK-BRK,201903040BRK-DAL,BRK-2019,1,2019,117.99333333333334,58.026538461538465,leverca01-2019
crabbal01,25.766666666666666,-3,201903040BRK-BRK,201903040BRK-DAL,BRK-2019,1,2019,-77.3,58.026538461538465,crabbal01-2019
kurucro01,24.383333333333333,4.7,201903040BRK-BRK,201903040BRK-DAL,BRK-2019,1,2019,114.60166666666667,58.026538461538465,kurucro01-2019
carrode01,22.383333333333333,11.4,201903040BRK-BRK,201903040BRK-DAL,BRK-2019,1,2019,255.17000000000002,58.026538461538465,carrode01-2019
russeda01,21.633333333333333,4.1,201903040BRK-BRK,201903040BRK-DAL,BRK-2019,1,2019,88.69666666666666,58.026538461538465,russeda01-2019
allenja01,20.933333333333334,2.5,201903040BRK-BRK,201903040BRK-DAL,BRK-2019,1,2019,52.333333333333336,58.026538461538465,allenja01-2019
dinwisp01,20.066666666666666,7.3,201903040BRK-BRK,201903040BRK-DAL,BRK-2019,1,2019,146.48666666666665,58.026538461538465,dinwisp01-2019
davised01,19.616666666666667,1.2,201903040BRK-BRK,201903040BRK-DAL,BRK-2019,1,2019,23.54,58.026538461538465,davised01-2019
napiesh01,8.133333333333333,0.4,201903040BRK-BRK,201903040BRK-DAL,BRK-2019,1,2019,3.2533333333333334,58.026538461538465,napiesh01-2019
dudleja01,7.45,0.5,201903040BRK-BRK,201903040BRK-DAL,BRK-2019,1,2019,3.725,58.026538461538465,dudleja01-2019
holliro01,7.45,-3.3,201903040BRK-BRK,201903040BRK-DAL,BRK-2019,1,2019,-24.585,58.026538461538465,holliro01-2019
pinsoth01,7.45,-1.1,201903040BRK-BRK,201903040BRK-DAL,BRK-2019,1,2019,-8.195,58.026538461538465,pinsoth01-2019
satorto01,41.483333333333334,2.5,201903060WAS-WAS,201903060WAS-DAL,WAS-2019,1,2019,103.70833333333334,58.80500000000001,satorto01-2019
bealbr01,37,5.2,201903060WAS-WAS,201903060WAS-DAL,WAS-2019,1,2019,192.4,58.80500000000001,bealbr01-2019
arizatr01,35.15,4.7,201903060WAS-WAS,201903060WAS-DAL,WAS-2019,1,2019,165.205,58.80500000000001,arizatr01-2019
greenje02,28.983333333333334,1.1,201903060WAS-WAS,201903060WAS-DAL,WAS-2019,1,2019,31.88166666666667,58.80500000000001,greenje02-2019
parkeja01,28.85,4.1,201903060WAS-WAS,201903060WAS-DAL,WAS-2019,1,2019,118.285,58.80500000000001,parkeja01-2019
portibo01,21.7,-4.8,201903060WAS-WAS,201903060WAS-DAL,WAS-2019,1,2019,-104.16,58.80500000000001,portibo01-2019
browntr01,16.516666666666666,-0.1,201903060WAS-WAS,201903060WAS-DAL,WAS-2019,1,2019,-1.6516666666666666,58.80500000000001,browntr01-2019
bryanth01,16.466666666666665,1.6,201903060WAS-WAS,201903060WAS-DAL,WAS-2019,1,2019,26.346666666666664,58.80500000000001,bryanth01-2019
dekkesa01,13.85,-0.2,201903060WAS-WAS,201903060WAS-DAL,WAS-2019,1,2019,-2.77,58.80500000000001,dekkesa01-2019
vucevni01,34.7,5.1,201903080ORL-ORL,201903080ORL-DAL,ORL-2019,1,2019,176.97,49.21407407407408,vucevni01-2019
fournev01,32.733333333333334,-2.2,201903080ORL-ORL,201903080ORL-DAL,ORL-2019,1,2019,-72.01333333333334,49.21407407407408,fournev01-2019
gordoaa01,31.866666666666667,-0.2,201903080ORL-ORL,201903080ORL-DAL,ORL-2019,1,2019,-6.373333333333334,49.21407407407408,gordoaa01-2019
isaacjo01,30.6,5.3,201903080ORL-ORL,201903080ORL-DAL,ORL-2019,1,2019,162.18,49.21407407407408,isaacjo01-2019
augusdj01,28.3,0.2,201903080ORL-ORL,201903080ORL-DAL,ORL-2019,1,2019,5.66,49.21407407407408,augusdj01-2019
rosste01,27.983333333333334,7.4,201903080ORL-ORL,201903080ORL-DAL,ORL-2019,1,2019,207.07666666666668,49.21407407407408,rosste01-2019
iwundwe01,20.816666666666666,-1.4,201903080ORL-ORL,201903080ORL-DAL,ORL-2019,1,2019,-29.14333333333333,49.21407407407408,iwundwe01-2019
grantje02,19.7,0.4,201903080ORL-ORL,201903080ORL-DAL,ORL-2019,1,2019,7.88,49.21407407407408,grantje02-2019
birchkh01,13.3,-0.7,201903080ORL-ORL,201903080ORL-DAL,ORL-2019,1,2019,-9.31,49.21407407407408,birchkh01-2019
doncilu01,37.266666666666666,8.6,201903100DAL-DAL,201903100DAL-HOU,DAL-2019,0,2019,320.49333333333334,37.14933333333333,doncilu01-2019
brunsja01,34.5,-2.4,201903100DAL-DAL,201903100DAL-HOU,DAL-2019,0,2019,-82.8,37.14933333333333,brunsja01-2019
klebima01,30.8,6,201903100DAL-DAL,201903100DAL-HOU,DAL-2019,0,2019,184.8,37.14933333333333,klebima01-2019
finnedo01,30.116666666666667,-4.4,201903100DAL-DAL,201903100DAL-HOU,DAL-2019,0,2019,-132.51333333333335,37.14933333333333,finnedo01-2019
hardati02,29.216666666666665,-0.7,201903100DAL-DAL,201903100DAL-HOU,DAL-2019,0,2019,-20.451666666666664,37.14933333333333,hardati02-2019
poweldw01,26.116666666666667,4.4,201903100DAL-DAL,201903100DAL-HOU,DAL-2019,0,2019,114.91333333333334,37.14933333333333,poweldw01-2019
jacksju01,22.683333333333334,-2.5,201903100DAL-DAL,201903100DAL-HOU,DAL-2019,0,2019,-56.708333333333336,37.14933333333333,jacksju01-2019
harride01,19.933333333333334,1.6,201903100DAL-DAL,201903100DAL-HOU,DAL-2019,0,2019,31.893333333333334,37.14933333333333,harride01-2019
nowitdi01,7.183333333333334,1.5,201903100DAL-DAL,201903100DAL-HOU,DAL-2019,0,2019,10.775,37.14933333333333,nowitdi01-2019
leeco01,2.183333333333333,0.5,201903100DAL-DAL,201903100DAL-HOU,DAL-2019,0,2019,1.0916666666666666,37.14933333333333,leeco01-2019
poweldw01,39.21666666666667,0,201903120DAL-DAL,201903120DAL-SAS,DAL-2019,0,2019,0,27.71066666666666,poweldw01-2019
brunsja01,36.516666666666666,15.2,201903120DAL-DAL,201903120DAL-SAS,DAL-2019,0,2019,555.0533333333333,27.71066666666666,brunsja01-2019
finnedo01,35,4.7,201903120DAL-DAL,201903120DAL-SAS,DAL-2019,0,2019,164.5,27.71066666666666,finnedo01-2019
doncilu01,33.7,-10.4,201903120DAL-DAL,201903120DAL-SAS,DAL-2019,0,2019,-350.48,27.71066666666666,doncilu01-2019
klebima01,33.666666666666664,-2.9,201903120DAL-DAL,201903120DAL-SAS,DAL-2019,0,2019,-97.63333333333333,27.71066666666666,klebima01-2019
hardati02,22.4,-3.8,201903120DAL-DAL,201903120DAL-SAS,DAL-2019,0,2019,-85.11999999999999,27.71066666666666,hardati02-2019
nowitdi01,18.483333333333334,2.2,201903120DAL-DAL,201903120DAL-SAS,DAL-2019,0,2019,40.66333333333334,27.71066666666666,nowitdi01-2019
harride01,15.633333333333333,3.5,201903120DAL-DAL,201903120DAL-SAS,DAL-2019,0,2019,54.71666666666667,27.71066666666666,harride01-2019
jacksju01,3.5166666666666666,-1.2,201903120DAL-DAL,201903120DAL-SAS,DAL-2019,0,2019,-4.22,27.71066666666666,jacksju01-2019
mejrisa01,1.8666666666666667,-0.2,201903120DAL-DAL,201903120DAL-SAS,DAL-2019,0,2019,-0.37333333333333335,27.71066666666666,mejrisa01-2019
murraja01,38.083333333333336,2,201903140DEN-DEN,201903140DEN-DAL,DEN-2019,1,2019,76.16666666666667,60.95333333333334,murraja01-2019
millspa01,36.31666666666667,12.5,201903140DEN-DEN,201903140DEN-DAL,DEN-2019,1,2019,453.95833333333337,60.95333333333334,millspa01-2019
morrimo01,30.833333333333332,-0.1,201903140DEN-DEN,201903140DEN-DAL,DEN-2019,1,2019,-3.0833333333333335,60.95333333333334,morrimo01-2019
jokicni01,29.966666666666665,5.2,201903140DEN-DEN,201903140DEN-DAL,DEN-2019,1,2019,155.82666666666665,60.95333333333334,jokicni01-2019
bartowi01,27.083333333333332,1.5,201903140DEN-DEN,201903140DEN-DAL,DEN-2019,1,2019,40.625,60.95333333333334,bartowi01-2019
harriga01,26.95,-2.4,201903140DEN-DEN,201903140DEN-DAL,DEN-2019,1,2019,-64.67999999999999,60.95333333333334,harriga01-2019
plumlma01,23.583333333333332,-2,201903140DEN-DEN,201903140DEN-DAL,DEN-2019,1,2019,-47.166666666666664,60.95333333333334,plumlma01-2019
beaslma01,21.05,-3.2,201903140DEN-DEN,201903140DEN-DAL,DEN-2019,1,2019,-67.36,60.95333333333334,beaslma01-2019
hernaju01,6.133333333333334,0.7,201903140DEN-DEN,201903140DEN-DAL,DEN-2019,1,2019,4.293333333333333,60.95333333333334,hernaju01-2019
hardati02,36.25,-2.5,201903160DAL-DAL,201903160DAL-CLE,DAL-2019,1,2019,-90.625,15.005555555555553,hardati02-2019
finnedo01,34.53333333333333,3.8,201903160DAL-DAL,201903160DAL-CLE,DAL-2019,1,2019,131.22666666666666,15.005555555555553,finnedo01-2019
poweldw01,29.366666666666667,-1.2,201903160DAL-DAL,201903160DAL-CLE,DAL-2019,1,2019,-35.24,15.005555555555553,poweldw01-2019
nowitdi01,29.133333333333333,-2.9,201903160DAL-DAL,201903160DAL-CLE,DAL-2019,1,2019,-84.48666666666666,15.005555555555553,nowitdi01-2019
brunsja01,26.416666666666668,3.8,201903160DAL-DAL,201903160DAL-CLE,DAL-2019,1,2019,100.38333333333334,15.005555555555553,brunsja01-2019
klebima01,25.133333333333333,4.6,201903160DAL-DAL,201903160DAL-CLE,DAL-2019,1,2019,115.61333333333332,15.005555555555553,klebima01-2019
harride01,21.866666666666667,0.6,201903160DAL-DAL,201903160DAL-CLE,DAL-2019,1,2019,13.12,15.005555555555553,harride01-2019
burketr01,21.583333333333332,0.4,201903160DAL-DAL,201903160DAL-CLE,DAL-2019,1,2019,8.633333333333333,15.005555555555553,burketr01-2019
jacksju01,15.716666666666667,-1.5,201903160DAL-DAL,201903160DAL-CLE,DAL-2019,1,2019,-23.575,15.005555555555553,jacksju01-2019
brunsja01,39.15,-2.9,201903180DAL-DAL,201903180DAL-NOP,DAL-2019,0,2019,-113.535,11.46236111111111,brunsja01-2019
doncilu01,38.666666666666664,4,201903180DAL-DAL,201903180DAL-NOP,DAL-2019,0,2019,154.66666666666666,11.46236111111111,doncilu01-2019
poweldw01,34.8,3.7,201903180DAL-DAL,201903180DAL-NOP,DAL-2019,0,2019,128.76,11.46236111111111,poweldw01-2019
hardati02,33.9,-2,201903180DAL-DAL,201903180DAL-NOP,DAL-2019,0,2019,-67.8,11.46236111111111,hardati02-2019
finnedo01,32.25,1,201903180DAL-DAL,201903180DAL-NOP,DAL-2019,0,2019,32.25,11.46236111111111,finnedo01-2019
klebima01,24.533333333333335,-0.4,201903180DAL-DAL,201903180DAL-NOP,DAL-2019,0,2019,-9.813333333333334,11.46236111111111,klebima01-2019
harride01,18.85,-3.1,201903180DAL-DAL,201903180DAL-NOP,DAL-2019,0,2019,-58.43500000000001,11.46236111111111,harride01-2019
mejrisa01,14.216666666666667,3.5,201903180DAL-DAL,201903180DAL-NOP,DAL-2019,0,2019,49.75833333333333,11.46236111111111,mejrisa01-2019
nowitdi01,12.333333333333334,1.7,201903180DAL-DAL,201903180DAL-NOP,DAL-2019,0,2019,20.96666666666667,11.46236111111111,nowitdi01-2019
jacksju01,11.816666666666666,0.2,201903180DAL-DAL,201903180DAL-NOP,DAL-2019,0,2019,2.3633333333333333,11.46236111111111,jacksju01-2019
burketr01,3.95,-0.4,201903180DAL-DAL,201903180DAL-NOP,DAL-2019,0,2019,-1.58,11.46236111111111,burketr01-2019
broekry01,0.5333333333333333,-0.1,201903180DAL-DAL,201903180DAL-NOP,DAL-2019,0,2019,-0.05333333333333334,11.46236111111111,broekry01-2019
lillada01,30.183333333333334,18.1,201903200POR-POR,201903200POR-DAL,POR-2019,1,2019,546.3183333333334,52.57166666666667,lillada01-2019
curryse01,28.066666666666666,2.5,201903200POR-POR,201903200POR-DAL,POR-2019,1,2019,70.16666666666667,52.57166666666667,curryse01-2019
harklma01,25.316666666666666,5.5,201903200POR-POR,201903200POR-DAL,POR-2019,1,2019,139.24166666666667,52.57166666666667,harklma01-2019
hoodro01,25.233333333333334,-0.4,201903200POR-POR,201903200POR-DAL,POR-2019,1,2019,-10.093333333333334,52.57166666666667,hoodro01-2019
laymaja01,24.716666666666665,0.1,201903200POR-POR,201903200POR-DAL,POR-2019,1,2019,2.4716666666666667,52.57166666666667,laymaja01-2019
nurkiju01,22.4,2.2,201903200POR-POR,201903200POR-DAL,POR-2019,1,2019,49.28,52.57166666666667,nurkiju01-2019
aminual01,21.666666666666668,-3.9,201903200POR-POR,201903200POR-DAL,POR-2019,1,2019,-84.5,52.57166666666667,aminual01-2019
kanteen01,20.333333333333332,1.7,201903200POR-POR,201903200POR-DAL,POR-2019,1,2019,34.56666666666666,52.57166666666667,kanteen01-2019
turneev01,18.616666666666667,-1.7,201903200POR-POR,201903200POR-DAL,POR-2019,1,2019,-31.648333333333333,52.57166666666667,turneev01-2019
colliza01,12.483333333333333,-5.3,201903200POR-POR,201903200POR-DAL,POR-2019,1,2019,-66.16166666666666,52.57166666666667,colliza01-2019
trentga02,6.733333333333333,-2.6,201903200POR-POR,201903200POR-DAL,POR-2019,1,2019,-17.506666666666668,52.57166666666667,trentga02-2019
simonan01,4.25,-0.3,201903200POR-POR,201903200POR-DAL,POR-2019,1,2019,-1.275,52.57166666666667,simonan01-2019
hieldbu01,35.35,11.2,201903210SAC-SAC,201903210SAC-DAL,SAC-2019,1,2019,395.92,80.85383333333334,hieldbu01-2019
barneha02,33.7,-2.8,201903210SAC-SAC,201903210SAC-DAL,SAC-2019,1,2019,-94.36,80.85383333333334,barneha02-2019
foxde01,33.15,7.5,201903210SAC-SAC,201903210SAC-DAL,SAC-2019,1,2019,248.625,80.85383333333334,foxde01-2019
caulewi01,31.983333333333334,4.9,201903210SAC-SAC,201903210SAC-DAL,SAC-2019,1,2019,156.71833333333336,80.85383333333334,caulewi01-2019
baglema01,28.15,4.7,201903210SAC-SAC,201903210SAC-DAL,SAC-2019,1,2019,132.305,80.85383333333334,baglema01-2019
bjeline01,26.933333333333334,3.1,201903210SAC-SAC,201903210SAC-DAL,SAC-2019,1,2019,83.49333333333334,80.85383333333334,bjeline01-2019
bogdabo01,20.5,-3.9,201903210SAC-SAC,201903210SAC-DAL,SAC-2019,1,2019,-79.95,80.85383333333334,bogdabo01-2019
ferreyo01,14.85,-0.8,201903210SAC-SAC,201903210SAC-DAL,SAC-2019,1,2019,-11.88,80.85383333333334,ferreyo01-2019
gilesha01,7.783333333333333,-1.6,201903210SAC-SAC,201903210SAC-DAL,SAC-2019,1,2019,-12.453333333333333,80.85383333333334,gilesha01-2019
breweco01,7.6,-1.3,201903210SAC-SAC,201903210SAC-DAL,SAC-2019,1,2019,-9.879999999999999,80.85383333333334,breweco01-2019
duranke01,28.783333333333335,2.3,201903230GSW-GSW,201903230GSW-DAL,GSW-2019,0,2019,66.20166666666667,-19.966527777777777,duranke01-2019
thompkl01,26.7,-6.5,201903230GSW-GSW,201903230GSW-DAL,GSW-2019,0,2019,-173.54999999999998,-19.966527777777777,thompkl01-2019
cookqu01,26.566666666666666,-2.2,201903230GSW-GSW,201903230GSW-DAL,GSW-2019,0,2019,-58.44666666666667,-19.966527777777777,cookqu01-2019
greendr01,25.2,-2.2,201903230GSW-GSW,201903230GSW-DAL,GSW-2019,0,2019,-55.440000000000005,-19.966527777777777,greendr01-2019
couside01,22.766666666666666,5.1,201903230GSW-GSW,201903230GSW-DAL,GSW-2019,0,2019,116.10999999999999,-19.966527777777777,couside01-2019
jerebjo01,18.6,2.1,201903230GSW-GSW,201903230GSW-DAL,GSW-2019,0,2019,39.06,-19.966527777777777,jerebjo01-2019
belljo01,16.483333333333334,-5.6,201903230GSW-GSW,201903230GSW-DAL,GSW-2019,0,2019,-92.30666666666667,-19.966527777777777,belljo01-2019
mckinal01,15.883333333333333,0.4,201903230GSW-GSW,201903230GSW-DAL,GSW-2019,0,2019,6.3533333333333335,-19.966527777777777,mckinal01-2019
iguodan01,15.866666666666667,-3.5,201903230GSW-GSW,201903230GSW-DAL,GSW-2019,0,2019,-55.53333333333333,-19.966527777777777,iguodan01-2019
leeda03,15.716666666666667,-1.6,201903230GSW-GSW,201903230GSW-DAL,GSW-2019,0,2019,-25.14666666666667,-19.966527777777777,leeda03-2019
evansja02,14.483333333333333,-4.5,201903230GSW-GSW,201903230GSW-DAL,GSW-2019,0,2019,-65.175,-19.966527777777777,evansja02-2019
looneke01,12.95,4.5,201903230GSW-GSW,201903230GSW-DAL,GSW-2019,0,2019,58.275,-19.966527777777777,looneke01-2019
doncilu01,36.15,3.6,201903260DAL-DAL,201903260DAL-SAC,DAL-2019,0,2019,130.14,46.511333333333326,doncilu01-2019
klebima01,32.86666666666667,3.4,201903260DAL-DAL,201903260DAL-SAC,DAL-2019,0,2019,111.74666666666667,46.511333333333326,klebima01-2019
poweldw01,32.13333333333333,10.1,201903260DAL-DAL,201903260DAL-SAC,DAL-2019,0,2019,324.5466666666666,46.511333333333326,poweldw01-2019
brunsja01,29.683333333333334,0.7,201903260DAL-DAL,201903260DAL-SAC,DAL-2019,0,2019,20.778333333333332,46.511333333333326,brunsja01-2019
broekry01,29.2,0.6,201903260DAL-DAL,201903260DAL-SAC,DAL-2019,0,2019,17.52,46.511333333333326,broekry01-2019
finnedo01,21.966666666666665,-1.5,201903260DAL-DAL,201903260DAL-SAC,DAL-2019,0,2019,-32.949999999999996,46.511333333333326,finnedo01-2019
burketr01,18.316666666666666,2.6,201903260DAL-DAL,201903260DAL-SAC,DAL-2019,0,2019,47.623333333333335,46.511333333333326,burketr01-2019
jacksju01,16.916666666666668,-6.3,201903260DAL-DAL,201903260DAL-SAC,DAL-2019,0,2019,-106.575,46.511333333333326,jacksju01-2019
harride01,11.85,-2,201903260DAL-DAL,201903260DAL-SAC,DAL-2019,0,2019,-23.7,46.511333333333326,harride01-2019
nowitdi01,10.916666666666666,-2.2,201903260DAL-DAL,201903260DAL-SAC,DAL-2019,0,2019,-24.016666666666666,46.511333333333326,nowitdi01-2019
dragigo01,37.5,8.4,201903280MIA-MIA,201903280MIA-DAL,MIA-2019,1,2019,315,43.506851851851856,dragigo01-2019
waitedi01,33.766666666666666,-3.3,201903280MIA-MIA,201903280MIA-DAL,MIA-2019,1,2019,-111.42999999999999,43.506851851851856,waitedi01-2019
johnsja01,29.6,2.5,201903280MIA-MIA,201903280MIA-DAL,MIA-2019,1,2019,74,43.506851851851856,johnsja01-2019
adebaba01,29.383333333333333,1.8,201903280MIA-MIA,201903280MIA-DAL,MIA-2019,1,2019,52.89,43.506851851851856,adebaba01-2019
wadedw01,28.15,0.5,201903280MIA-MIA,201903280MIA-DAL,MIA-2019,1,2019,14.075,43.506851851851856,wadedw01-2019
olynyke01,23.966666666666665,-1.9,201903280MIA-MIA,201903280MIA-DAL,MIA-2019,1,2019,-45.53666666666666,43.506851851851856,olynyke01-2019
robindu01,21.516666666666666,-1.9,201903280MIA-MIA,201903280MIA-DAL,MIA-2019,1,2019,-40.88166666666666,43.506851851851856,robindu01-2019
whiteha01,18.616666666666667,5.1,201903280MIA-MIA,201903280MIA-DAL,MIA-2019,1,2019,94.945,43.506851851851856,whiteha01-2019
jonesde02,17.5,2.2,201903280MIA-MIA,201903280MIA-DAL,MIA-2019,1,2019,38.5,43.506851851851856,jonesde02-2019
adamsst01,38.68333333333333,6.2,201903310OKC-OKC,201903310OKC-DAL,OKC-2019,0,2019,239.83666666666664,75.75933333333333,adamsst01-2019
georgpa01,38.63333333333333,9.7,201903310OKC-OKC,201903310OKC-DAL,OKC-2019,0,2019,374.7433333333333,75.75933333333333,georgpa01-2019
westbru01,37.65,13,201903310OKC-OKC,201903310OKC-DAL,OKC-2019,0,2019,489.45,75.75933333333333,westbru01-2019
schrode01,33.833333333333336,-2.9,201903310OKC-OKC,201903310OKC-DAL,OKC-2019,0,2019,-98.11666666666667,75.75933333333333,schrode01-2019
grantje01,32.75,-2.8,201903310OKC-OKC,201903310OKC-DAL,OKC-2019,0,2019,-91.69999999999999,75.75933333333333,grantje01-2019
fergute01,19.95,-3.1,201903310OKC-OKC,201903310OKC-DAL,OKC-2019,0,2019,-61.845,75.75933333333333,fergute01-2019
feltora01,11.466666666666667,-2.3,201903310OKC-OKC,201903310OKC-DAL,OKC-2019,0,2019,-26.37333333333333,75.75933333333333,feltora01-2019
morrima02,10.616666666666667,-3.3,201903310OKC-OKC,201903310OKC-DAL,OKC-2019,0,2019,-35.035,75.75933333333333,morrima02-2019
noelne01,9.316666666666666,-1.6,201903310OKC-OKC,201903310OKC-DAL,OKC-2019,0,2019,-14.906666666666666,75.75933333333333,noelne01-2019
naderab01,7.1,-2.6,201903310OKC-OKC,201903310OKC-DAL,OKC-2019,0,2019,-18.46,75.75933333333333,naderab01-2019
jacksju01,30.2,7.8,201904010DAL-DAL,201904010DAL-PHI,DAL-2019,1,2019,235.56,46.30060606060606,jacksju01-2019
burketr01,29.083333333333332,1.3,201904010DAL-DAL,201904010DAL-PHI,DAL-2019,1,2019,37.80833333333333,46.30060606060606,burketr01-2019
klebima01,24.65,5.5,201904010DAL-DAL,201904010DAL-PHI,DAL-2019,1,2019,135.575,46.30060606060606,klebima01-2019
mejrisa01,23.95,5.8,201904010DAL-DAL,201904010DAL-PHI,DAL-2019,1,2019,138.91,46.30060606060606,mejrisa01-2019
maconda01,23.183333333333334,-6.8,201904010DAL-DAL,201904010DAL-PHI,DAL-2019,1,2019,-157.64666666666668,46.30060606060606,maconda01-2019
poweldw01,22.4,7.1,201904010DAL-DAL,201904010DAL-PHI,DAL-2019,1,2019,159.04,46.30060606060606,poweldw01-2019
brunsja01,18.916666666666668,4.8,201904010DAL-DAL,201904010DAL-PHI,DAL-2019,1,2019,90.8,46.30060606060606,brunsja01-2019
leeco01,18.016666666666666,-5.1,201904010DAL-DAL,201904010DAL-PHI,DAL-2019,1,2019,-91.88499999999999,46.30060606060606,leeco01-2019
nowitdi01,17.383333333333333,-3.1,201904010DAL-DAL,201904010DAL-PHI,DAL-2019,1,2019,-53.888333333333335,46.30060606060606,nowitdi01-2019
broekry01,16.366666666666667,-1.5,201904010DAL-DAL,201904010DAL-PHI,DAL-2019,1,2019,-24.55,46.30060606060606,broekry01-2019
finnedo01,15.833333333333334,2.5,201904010DAL-DAL,201904010DAL-PHI,DAL-2019,1,2019,39.583333333333336,46.30060606060606,finnedo01-2019
jacksju01,32,-0.7,201904030DAL-DAL,201904030DAL-MIN,DAL-2019,0,2019,-22.4,31.749333333333325,jacksju01-2019
brunsja01,31.75,-6.2,201904030DAL-DAL,201904030DAL-MIN,DAL-2019,0,2019,-196.85,31.749333333333325,brunsja01-2019
doncilu01,31.75,8.9,201904030DAL-DAL,201904030DAL-MIN,DAL-2019,0,2019,282.575,31.749333333333325,doncilu01-2019
poweldw01,30.583333333333332,13.6,201904030DAL-DAL,201904030DAL-MIN,DAL-2019,0,2019,415.9333333333333,31.749333333333325,poweldw01-2019
klebima01,26.033333333333335,-2.1,201904030DAL-DAL,201904030DAL-MIN,DAL-2019,0,2019,-54.67000000000001,31.749333333333325,klebima01-2019
nowitdi01,22.083333333333332,-1.9,201904030DAL-DAL,201904030DAL-MIN,DAL-2019,0,2019,-41.95833333333333,31.749333333333325,nowitdi01-2019
mejrisa01,17.283333333333335,-1.1,201904030DAL-DAL,201904030DAL-MIN,DAL-2019,0,2019,-19.01166666666667,31.749333333333325,mejrisa01-2019
burketr01,16.25,2.3,201904030DAL-DAL,201904030DAL-MIN,DAL-2019,0,2019,37.375,31.749333333333325,burketr01-2019
harride01,16.25,-1.2,201904030DAL-DAL,201904030DAL-MIN,DAL-2019,0,2019,-19.5,31.749333333333325,harride01-2019
leeco01,16,-4,201904030DAL-DAL,201904030DAL-MIN,DAL-2019,0,2019,-64,31.749333333333325,leeco01-2019
jacksju01,31.9,2.9,201904050DAL-DAL,201904050DAL-MEM,DAL-2019,0,2019,92.50999999999999,3.348666666666665,jacksju01-2019
leeco01,30.366666666666667,9.4,201904050DAL-DAL,201904050DAL-MEM,DAL-2019,0,2019,285.44666666666666,3.348666666666665,leeco01-2019
burketr01,27.45,-1.3,201904050DAL-DAL,201904050DAL-MEM,DAL-2019,0,2019,-35.685,3.348666666666665,burketr01-2019
nowitdi01,24.983333333333334,-2.3,201904050DAL-DAL,201904050DAL-MEM,DAL-2019,0,2019,-57.461666666666666,3.348666666666665,nowitdi01-2019
broekry01,24.333333333333332,-2.4,201904050DAL-DAL,201904050DAL-MEM,DAL-2019,0,2019,-58.39999999999999,3.348666666666665,broekry01-2019
maconda01,21.05,-1.7,201904050DAL-DAL,201904050DAL-MEM,DAL-2019,0,2019,-35.785000000000004,3.348666666666665,maconda01-2019
harride01,20.9,-5.1,201904050DAL-DAL,201904050DAL-MEM,DAL-2019,0,2019,-106.58999999999999,3.348666666666665,harride01-2019
klebima01,20.866666666666667,-5.3,201904050DAL-DAL,201904050DAL-MEM,DAL-2019,0,2019,-110.59333333333333,3.348666666666665,klebima01-2019
mejrisa01,19.466666666666665,5.1,201904050DAL-DAL,201904050DAL-MEM,DAL-2019,0,2019,99.27999999999999,3.348666666666665,mejrisa01-2019
finnedo01,18.683333333333334,-2.1,201904050DAL-DAL,201904050DAL-MEM,DAL-2019,0,2019,-39.235,3.348666666666665,finnedo01-2019
wrighde01,42.166666666666664,2.2,201904070MEM-MEM,201904070MEM-DAL,MEM-2019,0,2019,92.76666666666667,17.54703703703704,wrighde01-2019
holidju01,42.03333333333333,3.7,201904070MEM-MEM,201904070MEM-DAL,MEM-2019,0,2019,155.52333333333334,17.54703703703704,holidju01-2019
cabocbr01,39.45,1.2,201904070MEM-MEM,201904070MEM-DAL,MEM-2019,0,2019,47.34,17.54703703703704,cabocbr01-2019
dorsety01,34.2,-3.1,201904070MEM-MEM,201904070MEM-DAL,MEM-2019,0,2019,-106.02000000000001,17.54703703703704,dorsety01-2019
parsoch01,29.65,-2.3,201904070MEM-MEM,201904070MEM-DAL,MEM-2019,0,2019,-68.195,17.54703703703704,parsoch01-2019
rabbiv01,26.783333333333335,2.1,201904070MEM-MEM,201904070MEM-DAL,MEM-2019,0,2019,56.245000000000005,17.54703703703704,rabbiv01-2019
zellety01,26.15,-1,201904070MEM-MEM,201904070MEM-DAL,MEM-2019,0,2019,-26.15,17.54703703703704,zellety01-2019
carteje01,14.466666666666667,1.7,201904070MEM-MEM,201904070MEM-DAL,MEM-2019,0,2019,24.593333333333334,17.54703703703704,carteje01-2019
washbju01,10.1,-1.8,201904070MEM-MEM,201904070MEM-DAL,MEM-2019,0,2019,-18.18,17.54703703703704,washbju01-2019
nowitdi01,32.7,-2.3,201904090DAL-DAL,201904090DAL-PHO,DAL-2019,1,2019,-75.21,22.788166666666662,nowitdi01-2019
doncilu01,32.18333333333333,10.1,201904090DAL-DAL,201904090DAL-PHO,DAL-2019,1,2019,325.0516666666666,22.788166666666662,doncilu01-2019
brunsja01,29.4,-4.4,201904090DAL-DAL,201904090DAL-PHO,DAL-2019,1,2019,-129.36,22.788166666666662,brunsja01-2019
jacksju01,29.016666666666666,-0.6,201904090DAL-DAL,201904090DAL-PHO,DAL-2019,1,2019,-17.41,22.788166666666662,jacksju01-2019
poweldw01,27.35,1.6,201904090DAL-DAL,201904090DAL-PHO,DAL-2019,1,2019,43.760000000000005,22.788166666666662,poweldw01-2019
harride01,22.083333333333332,1.9,201904090DAL-DAL,201904090DAL-PHO,DAL-2019,1,2019,41.95833333333333,22.788166666666662,harride01-2019
klebima01,20.183333333333334,0.3,201904090DAL-DAL,201904090DAL-PHO,DAL-2019,1,2019,6.055,22.788166666666662,klebima01-2019
finnedo01,19.966666666666665,5.8,201904090DAL-DAL,201904090DAL-PHO,DAL-2019,1,2019,115.80666666666666,22.788166666666662,finnedo01-2019
broekry01,14.783333333333333,-6.6,201904090DAL-DAL,201904090DAL-PHO,DAL-2019,1,2019,-97.57,22.788166666666662,broekry01-2019
burketr01,12.333333333333334,1.2,201904090DAL-DAL,201904090DAL-PHO,DAL-2019,1,2019,14.8,22.788166666666662,burketr01-2019
aldrila01,35.93333333333333,12.2,201904100SAS-SAS,201904100SAS-DAL,SAS-2019,1,2019,438.3866666666666,54.289487179487175,aldrila01-2019
derozde01,33.733333333333334,4.5,201904100SAS-SAS,201904100SAS-DAL,SAS-2019,1,2019,151.8,54.289487179487175,derozde01-2019
gayru01,28.3,-3.7,201904100SAS-SAS,201904100SAS-DAL,SAS-2019,1,2019,-104.71000000000001,54.289487179487175,gayru01-2019
whitede01,27.85,7,201904100SAS-SAS,201904100SAS-DAL,SAS-2019,1,2019,194.95000000000002,54.289487179487175,whitede01-2019
forbebr01,26.2,3.6,201904100SAS-SAS,201904100SAS-DAL,SAS-2019,1,2019,94.32,54.289487179487175,forbebr01-2019
poeltja01,19.833333333333332,1.7,201904100SAS-SAS,201904100SAS-DAL,SAS-2019,1,2019,33.71666666666666,54.289487179487175,poeltja01-2019
bertada01,19.733333333333334,1.4,201904100SAS-SAS,201904100SAS-DAL,SAS-2019,1,2019,27.626666666666665,54.289487179487175,bertada01-2019
millspa02,19.2,-1.4,201904100SAS-SAS,201904100SAS-DAL,SAS-2019,1,2019,-26.88,54.289487179487175,millspa02-2019
belinma01,17.55,-5.2,201904100SAS-SAS,201904100SAS-DAL,SAS-2019,1,2019,-91.26,54.289487179487175,belinma01-2019
walkelo01,3.8666666666666667,-1,201904100SAS-SAS,201904100SAS-DAL,SAS-2019,1,2019,-3.8666666666666667,54.289487179487175,walkelo01-2019
eubandr01,2.6,-1.5,201904100SAS-SAS,201904100SAS-DAL,SAS-2019,1,2019,-3.9000000000000004,54.289487179487175,eubandr01-2019
motiedo01,2.6,-1.4,201904100SAS-SAS,201904100SAS-DAL,SAS-2019,1,2019,-3.6399999999999997,54.289487179487175,motiedo01-2019
pondequ01,2.6,-0.3,201904100SAS-SAS,201904100SAS-DAL,SAS-2019,1,2019,-0.78,54.289487179487175,pondequ01-2019
matthwe02,34.35,0.2,201810170PHO-DAL,201810170PHO-PHO,DAL-2019,0,2019,6.870000000000001,-24.653055555555554,matthwe02-2019
doncilu01,31.783333333333335,-11.5,201810170PHO-DAL,201810170PHO-PHO,DAL-2019,0,2019,-365.5083333333333,-24.653055555555554,doncilu01-2019
jordade01,30.516666666666666,-1.1,201810170PHO-DAL,201810170PHO-PHO,DAL-2019,0,2019,-33.568333333333335,-24.653055555555554,jordade01-2019
finnedo01,30.35,2.7,201810170PHO-DAL,201810170PHO-PHO,DAL-2019,0,2019,81.94500000000001,-24.653055555555554,finnedo01-2019
smithde03,27.916666666666668,-2.4,201810170PHO-DAL,201810170PHO-PHO,DAL-2019,0,2019,-67,-24.653055555555554,smithde03-2019
bareajo01,20.65,2.8,201810170PHO-DAL,201810170PHO-PHO,DAL-2019,0,2019,57.81999999999999,-24.653055555555554,bareajo01-2019
brunsja01,19.116666666666667,-3.8,201810170PHO-DAL,201810170PHO-PHO,DAL-2019,0,2019,-72.64333333333333,-24.653055555555554,brunsja01-2019
poweldw01,17.483333333333334,5.3,201810170PHO-DAL,201810170PHO-PHO,DAL-2019,0,2019,92.66166666666666,-24.653055555555554,poweldw01-2019
klebima01,16.75,1.1,201810170PHO-DAL,201810170PHO-PHO,DAL-2019,0,2019,18.425,-24.653055555555554,klebima01-2019
harride01,6.2,-2.3,201810170PHO-DAL,201810170PHO-PHO,DAL-2019,0,2019,-14.26,-24.653055555555554,harride01-2019
broekry01,3.9833333333333334,-0.1,201810170PHO-DAL,201810170PHO-PHO,DAL-2019,0,2019,-0.3983333333333334,-24.653055555555554,broekry01-2019
spaldra01,0.9,-0.2,201810170PHO-DAL,201810170PHO-PHO,DAL-2019,0,2019,-0.18000000000000002,-24.653055555555554,spaldra01-2019
teaguje01,34.11666666666667,0.5,201810200DAL-MIN,201810200DAL-DAL,MIN-2019,0,2019,17.058333333333334,31.586333333333336,teaguje01-2019
townska01,33.6,7.2,201810200DAL-MIN,201810200DAL-DAL,MIN-2019,0,2019,241.92000000000002,31.586333333333336,townska01-2019
rosede01,32.38333333333333,2.9,201810200DAL-MIN,201810200DAL-DAL,MIN-2019,0,2019,93.91166666666666,31.586333333333336,rosede01-2019
gibsota01,31.183333333333334,1.5,201810200DAL-MIN,201810200DAL-DAL,MIN-2019,0,2019,46.775,31.586333333333336,gibsota01-2019
okogijo01,28.533333333333335,-3.2,201810200DAL-MIN,201810200DAL-DAL,MIN-2019,0,2019,-91.30666666666667,31.586333333333336,okogijo01-2019
wiggian01,27.283333333333335,-0.2,201810200DAL-MIN,201810200DAL-DAL,MIN-2019,0,2019,-5.456666666666667,31.586333333333336,wiggian01-2019
tollian01,16.816666666666666,-0.3,201810200DAL-MIN,201810200DAL-DAL,MIN-2019,0,2019,-5.045,31.586333333333336,tollian01-2019
dienggo01,14.4,2.7,201810200DAL-MIN,201810200DAL-DAL,MIN-2019,0,2019,38.88,31.586333333333336,dienggo01-2019
jonesty01,13.883333333333333,0.8,201810200DAL-MIN,201810200DAL-DAL,MIN-2019,0,2019,11.106666666666667,31.586333333333336,jonesty01-2019
willicj01,7.8,-4.1,201810200DAL-MIN,201810200DAL-DAL,MIN-2019,0,2019,-31.979999999999997,31.586333333333336,willicj01-2019
lavinza01,37.1,11.7,201810220DAL-CHI,201810220DAL-DAL,CHI-2019,0,2019,434.07,25.54083333333333,lavinza01-2019
holidju01,36.983333333333334,5.3,201810220DAL-CHI,201810220DAL-DAL,CHI-2019,0,2019,196.01166666666666,25.54083333333333,holidju01-2019
cartewe01,31.683333333333334,-2.8,201810220DAL-CHI,201810220DAL-DAL,CHI-2019,0,2019,-88.71333333333332,25.54083333333333,cartewe01-2019
portibo01,30.55,-1.7,201810220DAL-CHI,201810220DAL-DAL,CHI-2019,0,2019,-51.935,25.54083333333333,portibo01-2019
dunnkr01,30.3,-7.6,201810220DAL-CHI,201810220DAL-DAL,CHI-2019,0,2019,-230.28,25.54083333333333,dunnkr01-2019
parkeja01,24.033333333333335,3.8,201810220DAL-CHI,201810220DAL-DAL,CHI-2019,0,2019,91.32666666666667,25.54083333333333,parkeja01-2019
payneca01,17.7,-4.3,201810220DAL-CHI,201810220DAL-DAL,CHI-2019,0,2019,-76.11,25.54083333333333,payneca01-2019
hutchch01,17.616666666666667,0.3,201810220DAL-CHI,201810220DAL-DAL,CHI-2019,0,2019,5.285,25.54083333333333,hutchch01-2019
lopezro01,9.5,-2.6,201810220DAL-CHI,201810220DAL-DAL,CHI-2019,0,2019,-24.7,25.54083333333333,lopezro01-2019
blakean01,4.533333333333333,0.1,201810220DAL-CHI,201810220DAL-DAL,CHI-2019,0,2019,0.45333333333333337,25.54083333333333,blakean01-2019
jordade01,35.516666666666666,-0.2,201810240ATL-DAL,201810240ATL-ATL,DAL-2019,0,2019,-7.1033333333333335,4.768833333333334,jordade01-2019
matthwe02,34.266666666666666,0.8,201810240ATL-DAL,201810240ATL-ATL,DAL-2019,0,2019,27.413333333333334,4.768833333333334,matthwe02-2019
doncilu01,34.18333333333333,0.2,201810240ATL-DAL,201810240ATL-ATL,DAL-2019,0,2019,6.836666666666666,4.768833333333334,doncilu01-2019
smithde03,29.55,2.5,201810240ATL-DAL,201810240ATL-ATL,DAL-2019,0,2019,73.875,4.768833333333334,smithde03-2019
finnedo01,29.066666666666666,-4.6,201810240ATL-DAL,201810240ATL-ATL,DAL-2019,0,2019,-133.70666666666665,4.768833333333334,finnedo01-2019
klebima01,22.333333333333332,4.9,201810240ATL-DAL,201810240ATL-ATL,DAL-2019,0,2019,109.43333333333334,4.768833333333334,klebima01-2019
bareajo01,19.983333333333334,0.2,201810240ATL-DAL,201810240ATL-ATL,DAL-2019,0,2019,3.996666666666667,4.768833333333334,bareajo01-2019
brunsja01,18.55,-4.3,201810240ATL-DAL,201810240ATL-ATL,DAL-2019,0,2019,-79.765,4.768833333333334,brunsja01-2019
poweldw01,12.483333333333333,4.1,201810240ATL-DAL,201810240ATL-ATL,DAL-2019,0,2019,51.18166666666666,4.768833333333334,poweldw01-2019
broekry01,4.066666666666666,-1.1,201810240ATL-DAL,201810240ATL-ATL,DAL-2019,0,2019,-4.473333333333334,4.768833333333334,broekry01-2019
doncilu01,35.15,4.9,201810260TOR-DAL,201810260TOR-TOR,DAL-2019,0,2019,172.235,40.54216666666667,doncilu01-2019
jordade01,33.5,7.4,201810260TOR-DAL,201810260TOR-TOR,DAL-2019,0,2019,247.9,40.54216666666667,jordade01-2019
matthwe02,32.2,1.3,201810260TOR-DAL,201810260TOR-TOR,DAL-2019,0,2019,41.86000000000001,40.54216666666667,matthwe02-2019
klebima01,30.383333333333333,5.8,201810260TOR-DAL,201810260TOR-TOR,DAL-2019,0,2019,176.22333333333333,40.54216666666667,klebima01-2019
brunsja01,29.683333333333334,-2.9,201810260TOR-DAL,201810260TOR-TOR,DAL-2019,0,2019,-86.08166666666666,40.54216666666667,brunsja01-2019
barneha02,28.233333333333334,-2.3,201810260TOR-DAL,201810260TOR-TOR,DAL-2019,0,2019,-64.93666666666667,40.54216666666667,barneha02-2019
finnedo01,19.95,-0.7,201810260TOR-DAL,201810260TOR-TOR,DAL-2019,0,2019,-13.964999999999998,40.54216666666667,finnedo01-2019
bareajo01,15.533333333333333,-3.8,201810260TOR-DAL,201810260TOR-TOR,DAL-2019,0,2019,-59.026666666666664,40.54216666666667,bareajo01-2019
poweldw01,14.5,-0.6,201810260TOR-DAL,201810260TOR-TOR,DAL-2019,0,2019,-8.7,40.54216666666667,poweldw01-2019
maconda01,0.8666666666666667,-0.1,201810260TOR-DAL,201810260TOR-TOR,DAL-2019,0,2019,-0.08666666666666667,40.54216666666667,maconda01-2019
mitchdo01,35.06666666666667,-3.3,201810280DAL-UTA,201810280DAL-DAL,UTA-2019,1,2019,-115.72,31.283166666666663,mitchdo01-2019
crowdja01,34.5,0.7,201810280DAL-UTA,201810280DAL-DAL,UTA-2019,1,2019,24.15,31.283166666666663,crowdja01-2019
goberru01,33.05,8.8,201810280DAL-UTA,201810280DAL-DAL,UTA-2019,1,2019,290.84,31.283166666666663,goberru01-2019
rubiori01,31.883333333333333,-1.8,201810280DAL-UTA,201810280DAL-DAL,UTA-2019,1,2019,-57.39,31.283166666666663,rubiori01-2019
inglejo01,30.916666666666668,-0.7,201810280DAL-UTA,201810280DAL-DAL,UTA-2019,1,2019,-21.641666666666666,31.283166666666663,inglejo01-2019
onealro01,17.083333333333332,1.3,201810280DAL-UTA,201810280DAL-DAL,UTA-2019,1,2019,22.208333333333332,31.283166666666663,onealro01-2019
exumda01,16.116666666666667,1,201810280DAL-UTA,201810280DAL-DAL,UTA-2019,1,2019,16.116666666666667,31.283166666666663,exumda01-2019
udohek01,14.95,2.8,201810280DAL-UTA,201810280DAL-DAL,UTA-2019,1,2019,41.85999999999999,31.283166666666663,udohek01-2019
niangge01,13.483333333333333,4.5,201810280DAL-UTA,201810280DAL-DAL,UTA-2019,1,2019,60.675,31.283166666666663,niangge01-2019
allengr01,12.933333333333334,4,201810280DAL-UTA,201810280DAL-DAL,UTA-2019,1,2019,51.733333333333334,31.283166666666663,allengr01-2019
jordade01,41.13333333333333,2.1,201810290SAS-DAL,201810290SAS-SAS,DAL-2019,0,2019,86.38000000000001,41.553,jordade01-2019
doncilu01,39.916666666666664,10.1,201810290SAS-DAL,201810290SAS-SAS,DAL-2019,0,2019,403.1583333333333,41.553,doncilu01-2019
matthwe02,39.03333333333333,-4.6,201810290SAS-DAL,201810290SAS-SAS,DAL-2019,0,2019,-179.5533333333333,41.553,matthwe02-2019
smithde03,37.78333333333333,1.6,201810290SAS-DAL,201810290SAS-SAS,DAL-2019,0,2019,60.45333333333333,41.553,smithde03-2019
barneha02,34.083333333333336,3,201810290SAS-DAL,201810290SAS-SAS,DAL-2019,0,2019,102.25,41.553,barneha02-2019
klebima01,16.116666666666667,-3.5,201810290SAS-DAL,201810290SAS-SAS,DAL-2019,0,2019,-56.40833333333333,41.553,klebima01-2019
finnedo01,16,2.9,201810290SAS-DAL,201810290SAS-SAS,DAL-2019,0,2019,46.4,41.553,finnedo01-2019
bareajo01,15.166666666666666,-1.1,201810290SAS-DAL,201810290SAS-SAS,DAL-2019,0,2019,-16.683333333333334,41.553,bareajo01-2019
brunsja01,14.016666666666667,-1,201810290SAS-DAL,201810290SAS-SAS,DAL-2019,0,2019,-14.016666666666667,41.553,brunsja01-2019
poweldw01,11.75,-1.4,201810290SAS-DAL,201810290SAS-SAS,DAL-2019,0,2019,-16.45,41.553,poweldw01-2019
matthwe02,31.633333333333333,4.6,201810310LAL-DAL,201810310LAL-LAL,DAL-2019,0,2019,145.51333333333332,29.703333333333333,matthwe02-2019
jordade01,30.75,-0.2,201810310LAL-DAL,201810310LAL-LAL,DAL-2019,0,2019,-6.15,29.703333333333333,jordade01-2019
doncilu01,28.133333333333333,5.7,201810310LAL-DAL,201810310LAL-LAL,DAL-2019,0,2019,160.36,29.703333333333333,doncilu01-2019
barneha02,27.883333333333333,1.3,201810310LAL-DAL,201810310LAL-LAL,DAL-2019,0,2019,36.248333333333335,29.703333333333333,barneha02-2019
finnedo01,25.15,0.9,201810310LAL-DAL,201810310LAL-LAL,DAL-2019,0,2019,22.634999999999998,29.703333333333333,finnedo01-2019
bareajo01,24.966666666666665,-1.6,201810310LAL-DAL,201810310LAL-LAL,DAL-2019,0,2019,-39.946666666666665,29.703333333333333,bareajo01-2019
smithde03,23.033333333333335,-4.7,201810310LAL-DAL,201810310LAL-LAL,DAL-2019,0,2019,-108.25666666666667,29.703333333333333,smithde03-2019
klebima01,20.083333333333332,3.3,201810310LAL-DAL,201810310LAL-LAL,DAL-2019,0,2019,66.27499999999999,29.703333333333333,klebima01-2019
poweldw01,17.25,0.6,201810310LAL-DAL,201810310LAL-LAL,DAL-2019,0,2019,10.35,29.703333333333333,poweldw01-2019
brunsja01,11.116666666666667,0.9,201810310LAL-DAL,201810310LAL-LAL,DAL-2019,0,2019,10.005,29.703333333333333,brunsja01-2019
dotsoda01,36.35,-5.7,201811020DAL-NYK,201811020DAL-DAL,NYK-2019,1,2019,-207.19500000000002,20.96469696969697,dotsoda01-2019
robinmi01,34.016666666666666,6.8,201811020DAL-NYK,201811020DAL-DAL,NYK-2019,1,2019,231.31333333333333,20.96469696969697,robinmi01-2019
hardati02,33.81666666666667,-1.5,201811020DAL-NYK,201811020DAL-DAL,NYK-2019,1,2019,-50.72500000000001,20.96469696969697,hardati02-2019
ntilila01,32.03333333333333,-0.8,201811020DAL-NYK,201811020DAL-DAL,NYK-2019,1,2019,-25.626666666666665,20.96469696969697,ntilila01-2019
trieral01,24.033333333333335,3.1,201811020DAL-NYK,201811020DAL-DAL,NYK-2019,1,2019,74.50333333333334,20.96469696969697,trieral01-2019
kanteen01,20.166666666666668,4.1,201811020DAL-NYK,201811020DAL-DAL,NYK-2019,1,2019,82.68333333333334,20.96469696969697,kanteen01-2019
thomala01,17.416666666666668,5.2,201811020DAL-NYK,201811020DAL-DAL,NYK-2019,1,2019,90.56666666666668,20.96469696969697,thomala01-2019
mudiaem01,15.966666666666667,4.2,201811020DAL-NYK,201811020DAL-DAL,NYK-2019,1,2019,67.06,20.96469696969697,mudiaem01-2019
vonleno01,10.283333333333333,-4.3,201811020DAL-NYK,201811020DAL-DAL,NYK-2019,1,2019,-44.218333333333334,20.96469696969697,vonleno01-2019
hezonma01,9.083333333333334,1.8,201811020DAL-NYK,201811020DAL-DAL,NYK-2019,1,2019,16.35,20.96469696969697,hezonma01-2019
burketr01,6.833333333333333,-0.6,201811020DAL-NYK,201811020DAL-DAL,NYK-2019,1,2019,-4.1,20.96469696969697,burketr01-2019
walljo01,41.03333333333333,5.2,201811060DAL-WAS,201811060DAL-DAL,WAS-2019,0,2019,213.37333333333333,15.720972222222226,walljo01-2019
porteot01,37.583333333333336,11.9,201811060DAL-WAS,201811060DAL-DAL,WAS-2019,0,2019,447.24166666666673,15.720972222222226,porteot01-2019
bealbr01,36.88333333333333,-1,201811060DAL-WAS,201811060DAL-DAL,WAS-2019,0,2019,-36.88333333333333,15.720972222222226,bealbr01-2019
howardw01,32.93333333333333,-1.9,201811060DAL-WAS,201811060DAL-DAL,WAS-2019,0,2019,-62.57333333333332,15.720972222222226,howardw01-2019
oubreke01,22.816666666666666,-6.3,201811060DAL-WAS,201811060DAL-DAL,WAS-2019,0,2019,-143.745,15.720972222222226,oubreke01-2019
morrima02,22.416666666666668,-7.9,201811060DAL-WAS,201811060DAL-DAL,WAS-2019,0,2019,-177.0916666666667,15.720972222222226,morrima02-2019
riverau01,18.766666666666666,-2,201811060DAL-WAS,201811060DAL-DAL,WAS-2019,0,2019,-37.53333333333333,15.720972222222226,riverau01-2019
greenje02,15.066666666666666,-0.6,201811060DAL-WAS,201811060DAL-DAL,WAS-2019,0,2019,-9.04,15.720972222222226,greenje02-2019
satorto01,5.7,-0.7,201811060DAL-WAS,201811060DAL-DAL,WAS-2019,0,2019,-3.9899999999999998,15.720972222222226,satorto01-2019
smithja02,4.266666666666667,-0.2,201811060DAL-WAS,201811060DAL-DAL,WAS-2019,0,2019,-0.8533333333333334,15.720972222222226,smithja02-2019
browntr01,1.2666666666666666,0.1,201811060DAL-WAS,201811060DAL-DAL,WAS-2019,0,2019,0.12666666666666668,15.720972222222226,browntr01-2019
bryanth01,1.2666666666666666,-0.3,201811060DAL-WAS,201811060DAL-DAL,WAS-2019,0,2019,-0.37999999999999995,15.720972222222226,bryanth01-2019
barneha02,35.78333333333333,-4.8,201811070UTA-DAL,201811070UTA-UTA,DAL-2019,0,2019,-171.76,14.212424242424243,barneha02-2019
doncilu01,35.2,3.4,201811070UTA-DAL,201811070UTA-UTA,DAL-2019,0,2019,119.68,14.212424242424243,doncilu01-2019
matthwe02,33.61666666666667,4.2,201811070UTA-DAL,201811070UTA-UTA,DAL-2019,0,2019,141.19,14.212424242424243,matthwe02-2019
jordade01,31.4,3.5,201811070UTA-DAL,201811070UTA-UTA,DAL-2019,0,2019,109.89999999999999,14.212424242424243,jordade01-2019
smithde03,24.433333333333334,-1.2,201811070UTA-DAL,201811070UTA-UTA,DAL-2019,0,2019,-29.32,14.212424242424243,smithde03-2019
finnedo01,18.7,-3.6,201811070UTA-DAL,201811070UTA-UTA,DAL-2019,0,2019,-67.32,14.212424242424243,finnedo01-2019
bareajo01,16.266666666666666,-1.9,201811070UTA-DAL,201811070UTA-UTA,DAL-2019,0,2019,-30.906666666666663,14.212424242424243,bareajo01-2019
brunsja01,15.783333333333333,4.8,201811070UTA-DAL,201811070UTA-UTA,DAL-2019,0,2019,75.75999999999999,14.212424242424243,brunsja01-2019
klebima01,13.6,-0.8,201811070UTA-DAL,201811070UTA-UTA,DAL-2019,0,2019,-10.88,14.212424242424243,klebima01-2019
poweldw01,10.95,2.8,201811070UTA-DAL,201811070UTA-UTA,DAL-2019,0,2019,30.659999999999997,14.212424242424243,poweldw01-2019
mejrisa01,4.266666666666667,-2.5,201811070UTA-DAL,201811070UTA-UTA,DAL-2019,0,2019,-10.666666666666666,14.212424242424243,mejrisa01-2019
georgpa01,38.266666666666666,3.7,201811100DAL-OKC,201811100DAL-DAL,OKC-2019,0,2019,141.58666666666667,23.484444444444446,georgpa01-2019
adamsst01,36.7,6.5,201811100DAL-OKC,201811100DAL-DAL,OKC-2019,0,2019,238.55,23.484444444444446,adamsst01-2019
schrode01,31.633333333333333,0.7,201811100DAL-OKC,201811100DAL-DAL,OKC-2019,0,2019,22.14333333333333,23.484444444444446,schrode01-2019
grantje01,29.266666666666666,6.1,201811100DAL-OKC,201811100DAL-DAL,OKC-2019,0,2019,178.52666666666664,23.484444444444446,grantje01-2019
abrinal01,26.083333333333332,-3.2,201811100DAL-OKC,201811100DAL-DAL,OKC-2019,0,2019,-83.46666666666667,23.484444444444446,abrinal01-2019
fergute01,24.883333333333333,-4.3,201811100DAL-OKC,201811100DAL-DAL,OKC-2019,0,2019,-106.99833333333332,23.484444444444446,fergute01-2019
feltora01,16.016666666666666,-1.8,201811100DAL-OKC,201811100DAL-DAL,OKC-2019,0,2019,-28.83,23.484444444444446,feltora01-2019
pattepa01,15.266666666666667,-2.1,201811100DAL-OKC,201811100DAL-DAL,OKC-2019,0,2019,-32.06,23.484444444444446,pattepa01-2019
noelne01,11.3,-3,201811100DAL-OKC,201811100DAL-DAL,OKC-2019,0,2019,-33.900000000000006,23.484444444444446,noelne01-2019
diallha01,7.316666666666666,-1.9,201811100DAL-OKC,201811100DAL-DAL,OKC-2019,0,2019,-13.901666666666666,23.484444444444446,diallha01-2019
luwawti01,1.6333333333333333,-1,201811100DAL-OKC,201811100DAL-DAL,OKC-2019,0,2019,-1.6333333333333333,23.484444444444446,luwawti01-2019
naderab01,1.6333333333333333,1.1,201811100DAL-OKC,201811100DAL-DAL,OKC-2019,0,2019,1.7966666666666669,23.484444444444446,naderab01-2019
finnedo01,32.833333333333336,-1.9,201811120CHI-DAL,201811120CHI-CHI,DAL-2019,1,2019,-62.38333333333333,11.891333333333334,finnedo01-2019
barneha02,32.7,5,201811120CHI-DAL,201811120CHI-CHI,DAL-2019,1,2019,163.5,11.891333333333334,barneha02-2019
doncilu01,31.783333333333335,-2.8,201811120CHI-DAL,201811120CHI-CHI,DAL-2019,1,2019,-88.99333333333334,11.891333333333334,doncilu01-2019
jordade01,30.983333333333334,-0.7,201811120CHI-DAL,201811120CHI-CHI,DAL-2019,1,2019,-21.688333333333333,11.891333333333334,jordade01-2019
smithde03,24.2,-2.9,201811120CHI-DAL,201811120CHI-CHI,DAL-2019,1,2019,-70.17999999999999,11.891333333333334,smithde03-2019
bareajo01,23.8,-0.1,201811120CHI-DAL,201811120CHI-CHI,DAL-2019,1,2019,-2.3800000000000003,11.891333333333334,bareajo01-2019
harride01,18.483333333333334,2,201811120CHI-DAL,201811120CHI-CHI,DAL-2019,1,2019,36.96666666666667,11.891333333333334,harride01-2019
poweldw01,16.816666666666666,4.9,201811120CHI-DAL,201811120CHI-CHI,DAL-2019,1,2019,82.40166666666667,11.891333333333334,poweldw01-2019
klebima01,15.5,7.1,201811120CHI-DAL,201811120CHI-CHI,DAL-2019,1,2019,110.05,11.891333333333334,klebima01-2019
brunsja01,12.9,-2.2,201811120CHI-DAL,201811120CHI-CHI,DAL-2019,1,2019,-28.380000000000003,11.891333333333334,brunsja01-2019
goberru01,25.666666666666668,6.8,201811140DAL-UTA,201811140DAL-DAL,UTA-2019,0,2019,174.53333333333333,-17.753589743589743,goberru01-2019
inglejo01,24.95,-1,201811140DAL-UTA,201811140DAL-DAL,UTA-2019,0,2019,-24.95,-17.753589743589743,inglejo01-2019
mitchdo01,24.733333333333334,-1.2,201811140DAL-UTA,201811140DAL-DAL,UTA-2019,0,2019,-29.68,-17.753589743589743,mitchdo01-2019
rubiori01,24.616666666666667,3.1,201811140DAL-UTA,201811140DAL-DAL,UTA-2019,0,2019,76.31166666666667,-17.753589743589743,rubiori01-2019
favorde01,21.933333333333334,0.4,201811140DAL-UTA,201811140DAL-DAL,UTA-2019,0,2019,8.773333333333333,-17.753589743589743,favorde01-2019
crowdja01,21.566666666666666,-3.9,201811140DAL-UTA,201811140DAL-DAL,UTA-2019,0,2019,-84.11,-17.753589743589743,crowdja01-2019
allengr01,20.8,-8.2,201811140DAL-UTA,201811140DAL-DAL,UTA-2019,0,2019,-170.56,-17.753589743589743,allengr01-2019
exumda01,20.5,-2.4,201811140DAL-UTA,201811140DAL-DAL,UTA-2019,0,2019,-49.199999999999996,-17.753589743589743,exumda01-2019
burksal01,16.65,-2.9,201811140DAL-UTA,201811140DAL-DAL,UTA-2019,0,2019,-48.285,-17.753589743589743,burksal01-2019
sefolth01,12,-1.8,201811140DAL-UTA,201811140DAL-DAL,UTA-2019,0,2019,-21.6,-17.753589743589743,sefolth01-2019
udohek01,11.2,-2.5,201811140DAL-UTA,201811140DAL-DAL,UTA-2019,0,2019,-28,-17.753589743589743,udohek01-2019
onealro01,9.633333333333333,-2.1,201811140DAL-UTA,201811140DAL-DAL,UTA-2019,0,2019,-20.23,-17.753589743589743,onealro01-2019
niangge01,5.75,-2.4,201811140DAL-UTA,201811140DAL-DAL,UTA-2019,0,2019,-13.799999999999999,-17.753589743589743,niangge01-2019
thompkl01,37.75,-0.5,201811170DAL-GSW,201811170DAL-DAL,GSW-2019,0,2019,-18.875,16.870151515151512,thompkl01-2019
duranke01,36.65,0.6,201811170DAL-GSW,201811170DAL-DAL,GSW-2019,0,2019,21.99,16.870151515151512,duranke01-2019
iguodan01,28.266666666666666,-1.3,201811170DAL-GSW,201811170DAL-DAL,GSW-2019,0,2019,-36.74666666666667,16.870151515151512,iguodan01-2019
looneke01,26.85,-4.7,201811170DAL-GSW,201811170DAL-DAL,GSW-2019,0,2019,-126.19500000000001,16.870151515151512,looneke01-2019
jerebjo01,25.116666666666667,0.4,201811170DAL-GSW,201811170DAL-DAL,GSW-2019,0,2019,10.046666666666667,16.870151515151512,jerebjo01-2019
jonesda03,22.15,1.9,201811170DAL-GSW,201811170DAL-DAL,GSW-2019,0,2019,42.084999999999994,16.870151515151512,jonesda03-2019
cookqu01,21.616666666666667,4.5,201811170DAL-GSW,201811170DAL-DAL,GSW-2019,0,2019,97.275,16.870151515151512,cookqu01-2019
livinsh01,19.716666666666665,4.7,201811170DAL-GSW,201811170DAL-DAL,GSW-2019,0,2019,92.66833333333332,16.870151515151512,livinsh01-2019
leeda03,18.683333333333334,5.8,201811170DAL-GSW,201811170DAL-DAL,GSW-2019,0,2019,108.36333333333333,16.870151515151512,leeda03-2019
derrima01,2.9333333333333336,-1.7,201811170DAL-GSW,201811170DAL-DAL,GSW-2019,0,2019,-4.986666666666667,16.870151515151512,derrima01-2019
belljo01,0.26666666666666666,-0.2,201811170DAL-GSW,201811170DAL-DAL,GSW-2019,0,2019,-0.05333333333333334,16.870151515151512,belljo01-2019
jordade01,38.35,3.6,201811190MEM-DAL,201811190MEM-MEM,DAL-2019,0,2019,138.06,7.58185185185185,jordade01-2019
barneha02,36.95,-7.6,201811190MEM-DAL,201811190MEM-MEM,DAL-2019,0,2019,-280.82,7.58185185185185,barneha02-2019
doncilu01,36.53333333333333,-2,201811190MEM-DAL,201811190MEM-MEM,DAL-2019,0,2019,-73.06666666666666,7.58185185185185,doncilu01-2019
finnedo01,33.766666666666666,4.5,201811190MEM-DAL,201811190MEM-MEM,DAL-2019,0,2019,151.95,7.58185185185185,finnedo01-2019
smithde03,31.016666666666666,4.6,201811190MEM-DAL,201811190MEM-MEM,DAL-2019,0,2019,142.67666666666665,7.58185185185185,smithde03-2019
brunsja01,24.95,0.2,201811190MEM-DAL,201811190MEM-MEM,DAL-2019,0,2019,4.99,7.58185185185185,brunsja01-2019
klebima01,20.7,-0.5,201811190MEM-DAL,201811190MEM-MEM,DAL-2019,0,2019,-10.35,7.58185185185185,klebima01-2019
harride01,17.15,-0.3,201811190MEM-DAL,201811190MEM-MEM,DAL-2019,0,2019,-5.145,7.58185185185185,harride01-2019
broekry01,0.5833333333333334,-0.1,201811190MEM-DAL,201811190MEM-MEM,DAL-2019,0,2019,-0.05833333333333334,7.58185185185185,broekry01-2019
crabbal01,29.816666666666666,12,201811210DAL-BRK,201811210DAL-DAL,BRK-2019,0,2019,357.8,22.222833333333334,crabbal01-2019
harrijo01,28.466666666666665,-4.4,201811210DAL-BRK,201811210DAL-DAL,BRK-2019,0,2019,-125.25333333333333,22.222833333333334,harrijo01-2019
dinwisp01,28.266666666666666,6.2,201811210DAL-BRK,201811210DAL-DAL,BRK-2019,0,2019,175.25333333333333,22.222833333333334,dinwisp01-2019
holliro01,26.6,-1.6,201811210DAL-BRK,201811210DAL-DAL,BRK-2019,0,2019,-42.56,22.222833333333334,holliro01-2019
allenja01,26.2,-1.5,201811210DAL-BRK,201811210DAL-DAL,BRK-2019,0,2019,-39.3,22.222833333333334,allenja01-2019
russeda01,26.133333333333333,-1.7,201811210DAL-BRK,201811210DAL-DAL,BRK-2019,0,2019,-44.42666666666666,22.222833333333334,russeda01-2019
davised01,20.066666666666666,7.5,201811210DAL-BRK,201811210DAL-DAL,BRK-2019,0,2019,150.5,22.222833333333334,davised01-2019
carrode01,19.6,-9,201811210DAL-BRK,201811210DAL-DAL,BRK-2019,0,2019,-176.4,22.222833333333334,carrode01-2019
dudleja01,18.3,-3,201811210DAL-BRK,201811210DAL-DAL,BRK-2019,0,2019,-54.900000000000006,22.222833333333334,dudleja01-2019
napiesh01,16.55,1.3,201811210DAL-BRK,201811210DAL-DAL,BRK-2019,0,2019,21.515,22.222833333333334,napiesh01-2019
tatumja01,36.4,7.7,201811240DAL-BOS,201811240DAL-DAL,BOS-2019,0,2019,280.28,28.91166666666666,tatumja01-2019
irvinky01,34.55,-2.9,201811240DAL-BOS,201811240DAL-DAL,BOS-2019,0,2019,-100.195,28.91166666666666,irvinky01-2019
horfoal01,31.366666666666667,-4.2,201811240DAL-BOS,201811240DAL-DAL,BOS-2019,0,2019,-131.74,28.91166666666666,horfoal01-2019
brownja02,30.4,2.6,201811240DAL-BOS,201811240DAL-DAL,BOS-2019,0,2019,79.03999999999999,28.91166666666666,brownja02-2019
morrima03,29.633333333333333,2.9,201811240DAL-BOS,201811240DAL-DAL,BOS-2019,0,2019,85.93666666666667,28.91166666666666,morrima03-2019
smartma01,25.183333333333334,5.3,201811240DAL-BOS,201811240DAL-DAL,BOS-2019,0,2019,133.47166666666666,28.91166666666666,smartma01-2019
ojelese01,18.55,0.1,201811240DAL-BOS,201811240DAL-DAL,BOS-2019,0,2019,1.8550000000000002,28.91166666666666,ojelese01-2019
roziete01,17.283333333333335,-3,201811240DAL-BOS,201811240DAL-DAL,BOS-2019,0,2019,-51.85000000000001,28.91166666666666,roziete01-2019
baynear01,16.633333333333333,-2.2,201811240DAL-BOS,201811240DAL-DAL,BOS-2019,0,2019,-36.593333333333334,28.91166666666666,baynear01-2019
smithde03,31.116666666666667,3.9,201811280HOU-DAL,201811280HOU-HOU,DAL-2019,1,2019,121.355,32.95153846153846,smithde03-2019
barneha02,29.25,-4,201811280HOU-DAL,201811280HOU-HOU,DAL-2019,1,2019,-117,32.95153846153846,barneha02-2019
finnedo01,27.033333333333335,-0.7,201811280HOU-DAL,201811280HOU-HOU,DAL-2019,1,2019,-18.923333333333332,32.95153846153846,finnedo01-2019
doncilu01,24.283333333333335,2.8,201811280HOU-DAL,201811280HOU-HOU,DAL-2019,1,2019,67.99333333333334,32.95153846153846,doncilu01-2019
jordade01,23.65,1,201811280HOU-DAL,201811280HOU-HOU,DAL-2019,1,2019,23.65,32.95153846153846,jordade01-2019
matthwe02,22.933333333333334,-1.8,201811280HOU-DAL,201811280HOU-HOU,DAL-2019,1,2019,-41.28,32.95153846153846,matthwe02-2019
poweldw01,18.6,0.5,201811280HOU-DAL,201811280HOU-HOU,DAL-2019,1,2019,9.3,32.95153846153846,poweldw01-2019
klebima01,17.983333333333334,2.5,201811280HOU-DAL,201811280HOU-HOU,DAL-2019,1,2019,44.958333333333336,32.95153846153846,klebima01-2019
bareajo01,17.933333333333334,8,201811280HOU-DAL,201811280HOU-HOU,DAL-2019,1,2019,143.46666666666667,32.95153846153846,bareajo01-2019
harride01,14.983333333333333,13.6,201811280HOU-DAL,201811280HOU-HOU,DAL-2019,1,2019,203.7733333333333,32.95153846153846,harride01-2019
brunsja01,4.7,-2.7,201811280HOU-DAL,201811280HOU-HOU,DAL-2019,1,2019,-12.690000000000001,32.95153846153846,brunsja01-2019
broekry01,3.7666666666666666,-0.4,201811280HOU-DAL,201811280HOU-HOU,DAL-2019,1,2019,-1.5066666666666668,32.95153846153846,broekry01-2019
mejrisa01,3.7666666666666666,1.4,201811280HOU-DAL,201811280HOU-HOU,DAL-2019,1,2019,5.2733333333333325,32.95153846153846,mejrisa01-2019
barneha02,34.166666666666664,10.4,201811300LAL-DAL,201811300LAL-LAL,DAL-2019,0,2019,355.3333333333333,11.829583333333334,barneha02-2019
doncilu01,31.716666666666665,-2.8,201811300LAL-DAL,201811300LAL-LAL,DAL-2019,0,2019,-88.80666666666666,11.829583333333334,doncilu01-2019
jordade01,30.25,-1.5,201811300LAL-DAL,201811300LAL-LAL,DAL-2019,0,2019,-45.375,11.829583333333334,jordade01-2019
matthwe02,29.216666666666665,2.4,201811300LAL-DAL,201811300LAL-LAL,DAL-2019,0,2019,70.11999999999999,11.829583333333334,matthwe02-2019
smithde03,27.983333333333334,-6.1,201811300LAL-DAL,201811300LAL-LAL,DAL-2019,0,2019,-170.69833333333332,11.829583333333334,smithde03-2019
finnedo01,23.2,-0.4,201811300LAL-DAL,201811300LAL-LAL,DAL-2019,0,2019,-9.28,11.829583333333334,finnedo01-2019
harride01,20.5,-2.4,201811300LAL-DAL,201811300LAL-LAL,DAL-2019,0,2019,-49.199999999999996,11.829583333333334,harride01-2019
bareajo01,17.416666666666668,1,201811300LAL-DAL,201811300LAL-LAL,DAL-2019,0,2019,17.416666666666668,11.829583333333334,bareajo01-2019
poweldw01,16.933333333333334,3.9,201811300LAL-DAL,201811300LAL-LAL,DAL-2019,0,2019,66.04,11.829583333333334,poweldw01-2019
broekry01,3.4166666666666665,-0.9,201811300LAL-DAL,201811300LAL-LAL,DAL-2019,0,2019,-3.0749999999999997,11.829583333333334,broekry01-2019
brunsja01,2.6,0.6,201811300LAL-DAL,201811300LAL-LAL,DAL-2019,0,2019,1.56,11.829583333333334,brunsja01-2019
mejrisa01,2.6,-0.8,201811300LAL-DAL,201811300LAL-LAL,DAL-2019,0,2019,-2.08,11.829583333333334,mejrisa01-2019
bradlav01,36.25,0.7,201812020DAL-LAC,201812020DAL-DAL,LAC-2019,0,2019,25.375,12.118611111111111,bradlav01-2019
harrito02,35.88333333333333,-4.4,201812020DAL-LAC,201812020DAL-DAL,LAC-2019,0,2019,-157.88666666666668,12.118611111111111,harrito02-2019
gallida01,34.483333333333334,3.4,201812020DAL-LAC,201812020DAL-DAL,LAC-2019,0,2019,117.24333333333334,12.118611111111111,gallida01-2019
willilo02,26.416666666666668,3.7,201812020DAL-LAC,201812020DAL-DAL,LAC-2019,0,2019,97.74166666666667,12.118611111111111,willilo02-2019
gilgesh01,24.283333333333335,-1,201812020DAL-LAC,201812020DAL-DAL,LAC-2019,0,2019,-24.283333333333335,12.118611111111111,gilgesh01-2019
harremo01,23.95,6.1,201812020DAL-LAC,201812020DAL-DAL,LAC-2019,0,2019,146.095,12.118611111111111,harremo01-2019
gortama01,19.666666666666668,-3.1,201812020DAL-LAC,201812020DAL-DAL,LAC-2019,0,2019,-60.96666666666667,12.118611111111111,gortama01-2019
beverpa01,16.983333333333334,2.5,201812020DAL-LAC,201812020DAL-DAL,LAC-2019,0,2019,42.458333333333336,12.118611111111111,beverpa01-2019
scottmi01,14.533333333333333,-3,201812020DAL-LAC,201812020DAL-DAL,LAC-2019,0,2019,-43.6,12.118611111111111,scottmi01-2019
thornsi01,5.366666666666666,0.3,201812020DAL-LAC,201812020DAL-DAL,LAC-2019,0,2019,1.6099999999999999,12.118611111111111,thornsi01-2019
teodomi01,1.1,0.7,201812020DAL-LAC,201812020DAL-DAL,LAC-2019,0,2019,0.77,12.118611111111111,teodomi01-2019
marjabo01,1.0833333333333333,0.8,201812020DAL-LAC,201812020DAL-DAL,LAC-2019,0,2019,0.8666666666666667,12.118611111111111,marjabo01-2019
mccolcj01,39.583333333333336,-0.4,201812040DAL-POR,201812040DAL-DAL,POR-2019,0,2019,-15.833333333333336,40.805166666666665,mccolcj01-2019
lillada01,37.53333333333333,7.9,201812040DAL-POR,201812040DAL-DAL,POR-2019,0,2019,296.5133333333333,40.805166666666665,lillada01-2019
aminual01,33.516666666666666,6.6,201812040DAL-POR,201812040DAL-DAL,POR-2019,0,2019,221.20999999999998,40.805166666666665,aminual01-2019
turneev01,29.866666666666667,1.9,201812040DAL-POR,201812040DAL-DAL,POR-2019,0,2019,56.74666666666666,40.805166666666665,turneev01-2019
nurkiju01,29.683333333333334,-3.4,201812040DAL-POR,201812040DAL-DAL,POR-2019,0,2019,-100.92333333333333,40.805166666666665,nurkiju01-2019
harklma01,22.95,-0.8,201812040DAL-POR,201812040DAL-DAL,POR-2019,0,2019,-18.36,40.805166666666665,harklma01-2019
colliza01,16.55,0.9,201812040DAL-POR,201812040DAL-DAL,POR-2019,0,2019,14.895000000000001,40.805166666666665,colliza01-2019
stausni01,14.983333333333333,-0.6,201812040DAL-POR,201812040DAL-DAL,POR-2019,0,2019,-8.989999999999998,40.805166666666665,stausni01-2019
curryse01,9.283333333333333,-2.9,201812040DAL-POR,201812040DAL-DAL,POR-2019,0,2019,-26.921666666666667,40.805166666666665,curryse01-2019
leoname01,6.05,-1.7,201812040DAL-POR,201812040DAL-DAL,POR-2019,0,2019,-10.285,40.805166666666665,leoname01-2019
finnedo01,28.616666666666667,0.7,201812050NOP-DAL,201812050NOP-NOP,DAL-2019,0,2019,20.031666666666666,-5.779242424242423,finnedo01-2019
brunsja01,25.05,3.6,201812050NOP-DAL,201812050NOP-NOP,DAL-2019,0,2019,90.18,-5.779242424242423,brunsja01-2019
matthwe02,24.616666666666667,5.2,201812050NOP-DAL,201812050NOP-NOP,DAL-2019,0,2019,128.00666666666666,-5.779242424242423,matthwe02-2019
klebima01,24.433333333333334,-6.4,201812050NOP-DAL,201812050NOP-NOP,DAL-2019,0,2019,-156.37333333333333,-5.779242424242423,klebima01-2019
jordade01,24.366666666666667,-6.8,201812050NOP-DAL,201812050NOP-NOP,DAL-2019,0,2019,-165.69333333333333,-5.779242424242423,jordade01-2019
poweldw01,23.633333333333333,0.2,201812050NOP-DAL,201812050NOP-NOP,DAL-2019,0,2019,4.726666666666667,-5.779242424242423,poweldw01-2019
barneha02,23.566666666666666,-1,201812050NOP-DAL,201812050NOP-NOP,DAL-2019,0,2019,-23.566666666666666,-5.779242424242423,barneha02-2019
doncilu01,22,-1.2,201812050NOP-DAL,201812050NOP-NOP,DAL-2019,0,2019,-26.4,-5.779242424242423,doncilu01-2019
bareajo01,18.283333333333335,3.6,201812050NOP-DAL,201812050NOP-NOP,DAL-2019,0,2019,65.82000000000001,-5.779242424242423,bareajo01-2019
broekry01,16.216666666666665,1.8,201812050NOP-DAL,201812050NOP-NOP,DAL-2019,0,2019,29.189999999999998,-5.779242424242423,broekry01-2019
harride01,9.216666666666667,-3.2,201812050NOP-DAL,201812050NOP-NOP,DAL-2019,0,2019,-29.493333333333336,-5.779242424242423,harride01-2019
tuckepj01,39.18333333333333,-4.1,201812080DAL-HOU,201812080DAL-DAL,HOU-2019,0,2019,-160.65166666666664,53.24333333333333,tuckepj01-2019
paulch01,37.7,4.5,201812080DAL-HOU,201812080DAL-DAL,HOU-2019,0,2019,169.65,53.24333333333333,paulch01-2019
hardeja01,36.65,11.6,201812080DAL-HOU,201812080DAL-DAL,HOU-2019,0,2019,425.14,53.24333333333333,hardeja01-2019
gordoer01,32.45,-2.9,201812080DAL-HOU,201812080DAL-DAL,HOU-2019,0,2019,-94.105,53.24333333333333,gordoer01-2019
capelca01,30.533333333333335,3.1,201812080DAL-HOU,201812080DAL-DAL,HOU-2019,0,2019,94.65333333333334,53.24333333333333,capelca01-2019
ennisja01,23.766666666666666,3.6,201812080DAL-HOU,201812080DAL-DAL,HOU-2019,0,2019,85.56,53.24333333333333,ennisja01-2019
hilarne01,17.466666666666665,0,201812080DAL-HOU,201812080DAL-DAL,HOU-2019,0,2019,0,53.24333333333333,hilarne01-2019
greenge01,13.433333333333334,-2.4,201812080DAL-HOU,201812080DAL-DAL,HOU-2019,0,2019,-32.24,53.24333333333333,greenge01-2019
houseda01,8.816666666666666,-1,201812080DAL-HOU,201812080DAL-DAL,HOU-2019,0,2019,-8.816666666666666,53.24333333333333,houseda01-2019
gordoaa01,31.366666666666667,-4.5,201812100DAL-ORL,201812100DAL-DAL,ORL-2019,0,2019,-141.15,-21.747083333333332,gordoaa01-2019
iwundwe01,28.65,-3.3,201812100DAL-ORL,201812100DAL-DAL,ORL-2019,0,2019,-94.54499999999999,-21.747083333333332,iwundwe01-2019
isaacjo01,27.6,-3.3,201812100DAL-ORL,201812100DAL-DAL,ORL-2019,0,2019,-91.08,-21.747083333333332,isaacjo01-2019
vucevni01,25.983333333333334,1.4,201812100DAL-ORL,201812100DAL-DAL,ORL-2019,0,2019,36.376666666666665,-21.747083333333332,vucevni01-2019
augusdj01,24.566666666666666,-5.1,201812100DAL-ORL,201812100DAL-DAL,ORL-2019,0,2019,-125.28999999999999,-21.747083333333332,augusdj01-2019
rosste01,23.766666666666666,-1.1,201812100DAL-ORL,201812100DAL-DAL,ORL-2019,0,2019,-26.143333333333334,-21.747083333333332,rosste01-2019
birchkh01,22.016666666666666,-0.8,201812100DAL-ORL,201812100DAL-DAL,ORL-2019,0,2019,-17.613333333333333,-21.747083333333332,birchkh01-2019
simmojo02,21.95,7.8,201812100DAL-ORL,201812100DAL-DAL,ORL-2019,0,2019,171.20999999999998,-21.747083333333332,simmojo02-2019
grantje02,15.233333333333333,1.3,201812100DAL-ORL,201812100DAL-DAL,ORL-2019,0,2019,19.803333333333335,-21.747083333333332,grantje02-2019
briscis01,8.2,0,201812100DAL-ORL,201812100DAL-DAL,ORL-2019,0,2019,0,-21.747083333333332,briscis01-2019
frazime01,5.333333333333333,-1.3,201812100DAL-ORL,201812100DAL-DAL,ORL-2019,0,2019,-6.933333333333334,-21.747083333333332,frazime01-2019
martija01,5.333333333333333,2.7,201812100DAL-ORL,201812100DAL-DAL,ORL-2019,0,2019,14.4,-21.747083333333332,martija01-2019
huertke01,36.45,2.9,201812120DAL-ATL,201812120DAL-DAL,ATL-2019,0,2019,105.705,21.95348484848485,huertke01-2019
collijo01,35.93333333333333,-4.2,201812120DAL-ATL,201812120DAL-DAL,ATL-2019,0,2019,-150.92,21.95348484848485,collijo01-2019
youngtr01,35.21666666666667,9,201812120DAL-ATL,201812120DAL-DAL,ATL-2019,0,2019,316.95000000000005,21.95348484848485,youngtr01-2019
bazemke01,32.35,4.1,201812120DAL-ATL,201812120DAL-DAL,ATL-2019,0,2019,132.635,21.95348484848485,bazemke01-2019
dedmode01,31.883333333333333,-1.7,201812120DAL-ATL,201812120DAL-DAL,ATL-2019,0,2019,-54.20166666666667,21.95348484848485,dedmode01-2019
bembrde01,17.866666666666667,-6.7,201812120DAL-ATL,201812120DAL-DAL,ATL-2019,0,2019,-119.70666666666668,21.95348484848485,bembrde01-2019
cartevi01,14.4,0.9,201812120DAL-ATL,201812120DAL-DAL,ATL-2019,0,2019,12.96,21.95348484848485,cartevi01-2019
lenal01,13.516666666666667,0.4,201812120DAL-ATL,201812120DAL-DAL,ATL-2019,0,2019,5.406666666666667,21.95348484848485,lenal01-2019
dorsety01,11.766666666666667,-0.4,201812120DAL-ATL,201812120DAL-DAL,ATL-2019,0,2019,-4.706666666666667,21.95348484848485,dorsety01-2019
anderju01,7.983333333333333,0,201812120DAL-ATL,201812120DAL-DAL,ATL-2019,0,2019,0,21.95348484848485,anderju01-2019
adamsja01,2.6333333333333333,-1,201812120DAL-ATL,201812120DAL-DAL,ATL-2019,0,2019,-2.6333333333333333,21.95348484848485,adamsja01-2019
jordade01,32.28333333333333,3.8,201812130PHO-DAL,201812130PHO-PHO,DAL-2019,0,2019,122.67666666666665,2.638030303030302,jordade01-2019
barneha02,31.95,-0.2,201812130PHO-DAL,201812130PHO-PHO,DAL-2019,0,2019,-6.390000000000001,2.638030303030302,barneha02-2019
doncilu01,31.233333333333334,2.6,201812130PHO-DAL,201812130PHO-PHO,DAL-2019,0,2019,81.20666666666668,2.638030303030302,doncilu01-2019
matthwe02,30.416666666666668,-1.1,201812130PHO-DAL,201812130PHO-PHO,DAL-2019,0,2019,-33.458333333333336,2.638030303030302,matthwe02-2019
smithde03,27.266666666666666,-3.2,201812130PHO-DAL,201812130PHO-PHO,DAL-2019,0,2019,-87.25333333333333,2.638030303030302,smithde03-2019
brunsja01,20.733333333333334,1,201812130PHO-DAL,201812130PHO-PHO,DAL-2019,0,2019,20.733333333333334,2.638030303030302,brunsja01-2019
finnedo01,17.583333333333332,-1.1,201812130PHO-DAL,201812130PHO-PHO,DAL-2019,0,2019,-19.34166666666667,2.638030303030302,finnedo01-2019
harride01,16.766666666666666,-2.2,201812130PHO-DAL,201812130PHO-PHO,DAL-2019,0,2019,-36.88666666666667,2.638030303030302,harride01-2019
poweldw01,15.716666666666667,-0.6,201812130PHO-DAL,201812130PHO-PHO,DAL-2019,0,2019,-9.43,2.638030303030302,poweldw01-2019
klebima01,9.883333333333333,-0.1,201812130PHO-DAL,201812130PHO-PHO,DAL-2019,0,2019,-0.9883333333333333,2.638030303030302,klebima01-2019
nowitdi01,6.166666666666667,-0.3,201812130PHO-DAL,201812130PHO-PHO,DAL-2019,0,2019,-1.85,2.638030303030302,nowitdi01-2019
hieldbu01,39.21666666666667,1.7,201812160DAL-SAC,201812160DAL-DAL,SAC-2019,1,2019,66.66833333333334,62.619259259259266,hieldbu01-2019
bogdabo01,37.06666666666667,0.6,201812160DAL-SAC,201812160DAL-DAL,SAC-2019,1,2019,22.240000000000002,62.619259259259266,bogdabo01-2019
bjeline01,34.6,6.7,201812160DAL-SAC,201812160DAL-DAL,SAC-2019,1,2019,231.82000000000002,62.619259259259266,bjeline01-2019
foxde01,33.35,8.8,201812160DAL-SAC,201812160DAL-DAL,SAC-2019,1,2019,293.48,62.619259259259266,foxde01-2019
caulewi01,32.18333333333333,1.1,201812160DAL-SAC,201812160DAL-DAL,SAC-2019,1,2019,35.401666666666664,62.619259259259266,caulewi01-2019
jacksju01,22.566666666666666,-3.9,201812160DAL-SAC,201812160DAL-DAL,SAC-2019,1,2019,-88.00999999999999,62.619259259259266,jacksju01-2019
koufoko01,15.816666666666666,2.9,201812160DAL-SAC,201812160DAL-DAL,SAC-2019,1,2019,45.86833333333333,62.619259259259266,koufoko01-2019
ferreyo01,14.65,-1.7,201812160DAL-SAC,201812160DAL-DAL,SAC-2019,1,2019,-24.905,62.619259259259266,ferreyo01-2019
willitr02,10.55,-1.8,201812160DAL-SAC,201812160DAL-DAL,SAC-2019,1,2019,-18.990000000000002,62.619259259259266,willitr02-2019
doncilu01,34.5,8.6,201812180DEN-DAL,201812180DEN-DEN,DAL-2019,0,2019,296.7,31.716969696969695,doncilu01-2019
barneha02,33.96666666666667,9.4,201812180DEN-DAL,201812180DEN-DEN,DAL-2019,0,2019,319.2866666666667,31.716969696969695,barneha02-2019
matthwe02,31.95,0.8,201812180DEN-DAL,201812180DEN-DEN,DAL-2019,0,2019,25.560000000000002,31.716969696969695,matthwe02-2019
finnedo01,27.35,-5.5,201812180DEN-DAL,201812180DEN-DEN,DAL-2019,0,2019,-150.425,31.716969696969695,finnedo01-2019
jordade01,26.8,-0.9,201812180DEN-DAL,201812180DEN-DEN,DAL-2019,0,2019,-24.12,31.716969696969695,jordade01-2019
brunsja01,24.55,-3.1,201812180DEN-DAL,201812180DEN-DEN,DAL-2019,0,2019,-76.105,31.716969696969695,brunsja01-2019
bareajo01,20.6,-2,201812180DEN-DAL,201812180DEN-DEN,DAL-2019,0,2019,-41.2,31.716969696969695,bareajo01-2019
poweldw01,16.916666666666668,-0.9,201812180DEN-DAL,201812180DEN-DEN,DAL-2019,0,2019,-15.225000000000001,31.716969696969695,poweldw01-2019
harride01,15.083333333333334,0.3,201812180DEN-DAL,201812180DEN-DEN,DAL-2019,0,2019,4.525,31.716969696969695,harride01-2019
nowitdi01,7.216666666666667,1.4,201812180DEN-DAL,201812180DEN-DEN,DAL-2019,0,2019,10.103333333333333,31.716969696969695,nowitdi01-2019
broekry01,1.0666666666666667,-0.2,201812180DEN-DAL,201812180DEN-DEN,DAL-2019,0,2019,-0.21333333333333335,31.716969696969695,broekry01-2019
barneha02,34.5,-2.4,201812200LAC-DAL,201812200LAC-LAC,DAL-2019,0,2019,-82.8,25.85152777777778,barneha02-2019
jordade01,32.733333333333334,7.6,201812200LAC-DAL,201812200LAC-LAC,DAL-2019,0,2019,248.77333333333334,25.85152777777778,jordade01-2019
doncilu01,31,10.9,201812200LAC-DAL,201812200LAC-LAC,DAL-2019,0,2019,337.90000000000003,25.85152777777778,doncilu01-2019
matthwe02,27.433333333333334,-5.9,201812200LAC-DAL,201812200LAC-LAC,DAL-2019,0,2019,-161.85666666666668,25.85152777777778,matthwe02-2019
bareajo01,27.133333333333333,2.6,201812200LAC-DAL,201812200LAC-LAC,DAL-2019,0,2019,70.54666666666667,25.85152777777778,bareajo01-2019
brunsja01,20.866666666666667,-4.5,201812200LAC-DAL,201812200LAC-LAC,DAL-2019,0,2019,-93.9,25.85152777777778,brunsja01-2019
finnedo01,18.816666666666666,-1.8,201812200LAC-DAL,201812200LAC-LAC,DAL-2019,0,2019,-33.87,25.85152777777778,finnedo01-2019
harride01,18.75,0.1,201812200LAC-DAL,201812200LAC-LAC,DAL-2019,0,2019,1.875,25.85152777777778,harride01-2019
mejrisa01,8.766666666666667,4,201812200LAC-DAL,201812200LAC-LAC,DAL-2019,0,2019,35.06666666666667,25.85152777777778,mejrisa01-2019
klebima01,7.716666666666667,0.1,201812200LAC-DAL,201812200LAC-LAC,DAL-2019,0,2019,0.7716666666666667,25.85152777777778,klebima01-2019
poweldw01,6.5,-0.2,201812200LAC-DAL,201812200LAC-LAC,DAL-2019,0,2019,-1.3,25.85152777777778,poweldw01-2019
nowitdi01,5.783333333333333,-1.9,201812200LAC-DAL,201812200LAC-LAC,DAL-2019,0,2019,-10.988333333333333,25.85152777777778,nowitdi01-2019
barneha02,35.68333333333333,-2,201812220GSW-DAL,201812220GSW-GSW,DAL-2019,0,2019,-71.36666666666666,48.48349999999999,barneha02-2019
jordade01,35.68333333333333,5.2,201812220GSW-DAL,201812220GSW-GSW,DAL-2019,0,2019,185.5533333333333,48.48349999999999,jordade01-2019
matthwe02,35.53333333333333,9,201812220GSW-DAL,201812220GSW-GSW,DAL-2019,0,2019,319.79999999999995,48.48349999999999,matthwe02-2019
doncilu01,29.666666666666668,3.8,201812220GSW-DAL,201812220GSW-GSW,DAL-2019,0,2019,112.73333333333333,48.48349999999999,doncilu01-2019
brunsja01,24.45,0.2,201812220GSW-DAL,201812220GSW-GSW,DAL-2019,0,2019,4.890000000000001,48.48349999999999,brunsja01-2019
finnedo01,21.416666666666668,-1.4,201812220GSW-DAL,201812220GSW-GSW,DAL-2019,0,2019,-29.983333333333334,48.48349999999999,finnedo01-2019
bareajo01,20.466666666666665,0.2,201812220GSW-DAL,201812220GSW-GSW,DAL-2019,0,2019,4.093333333333333,48.48349999999999,bareajo01-2019
harride01,12.466666666666667,-1.6,201812220GSW-DAL,201812220GSW-GSW,DAL-2019,0,2019,-19.94666666666667,48.48349999999999,harride01-2019
klebima01,12.316666666666666,1.9,201812220GSW-DAL,201812220GSW-GSW,DAL-2019,0,2019,23.401666666666664,48.48349999999999,klebima01-2019
nowitdi01,12.316666666666666,-3.6,201812220GSW-DAL,201812220GSW-GSW,DAL-2019,0,2019,-44.34,48.48349999999999,nowitdi01-2019
barneha02,35.43333333333333,5.4,201812230POR-DAL,201812230POR-POR,DAL-2019,0,2019,191.34,41.324333333333335,barneha02-2019
doncilu01,35.43333333333333,5.7,201812230POR-DAL,201812230POR-POR,DAL-2019,0,2019,201.97,41.324333333333335,doncilu01-2019
matthwe02,34.766666666666666,-4.1,201812230POR-DAL,201812230POR-POR,DAL-2019,0,2019,-142.54333333333332,41.324333333333335,matthwe02-2019
jordade01,34.35,3.7,201812230POR-DAL,201812230POR-POR,DAL-2019,0,2019,127.09500000000001,41.324333333333335,jordade01-2019
brunsja01,32.75,1.1,201812230POR-DAL,201812230POR-POR,DAL-2019,0,2019,36.025000000000006,41.324333333333335,brunsja01-2019
bareajo01,20.25,0.7,201812230POR-DAL,201812230POR-POR,DAL-2019,0,2019,14.174999999999999,41.324333333333335,bareajo01-2019
poweldw01,18.683333333333334,1.3,201812230POR-DAL,201812230POR-POR,DAL-2019,0,2019,24.288333333333334,41.324333333333335,poweldw01-2019
harride01,18.2,-3.5,201812230POR-DAL,201812230POR-POR,DAL-2019,0,2019,-63.699999999999996,41.324333333333335,harride01-2019
finnedo01,17.566666666666666,-0.3,201812230POR-DAL,201812230POR-POR,DAL-2019,0,2019,-5.27,41.324333333333335,finnedo01-2019
klebima01,17.566666666666666,1.7,201812230POR-DAL,201812230POR-POR,DAL-2019,0,2019,29.863333333333333,41.324333333333335,klebima01-2019
randlju01,37.36666666666667,-0.5,201812260DAL-NOP,201812260DAL-DAL,NOP-2019,0,2019,-18.683333333333334,34.5575925925926,randlju01-2019
holidjr01,35.3,8.3,201812260DAL-NOP,201812260DAL-DAL,NOP-2019,0,2019,292.99,34.5575925925926,holidjr01-2019
davisan02,34.333333333333336,5.5,201812260DAL-NOP,201812260DAL-DAL,NOP-2019,0,2019,188.83333333333334,34.5575925925926,davisan02-2019
milleda01,32.13333333333333,-2.2,201812260DAL-NOP,201812260DAL-DAL,NOP-2019,0,2019,-70.69333333333334,34.5575925925926,milleda01-2019
mooreet01,27.316666666666666,-4.6,201812260DAL-NOP,201812260DAL-DAL,NOP-2019,0,2019,-125.65666666666665,34.5575925925926,mooreet01-2019
fraziti01,23.766666666666666,0.8,201812260DAL-NOP,201812260DAL-DAL,NOP-2019,0,2019,19.013333333333332,34.5575925925926,fraziti01-2019
hillso01,19.233333333333334,0,201812260DAL-NOP,201812260DAL-DAL,NOP-2019,0,2019,0,34.5575925925926,hillso01-2019
okafoja01,16.8,-1.2,201812260DAL-NOP,201812260DAL-DAL,NOP-2019,0,2019,-20.16,34.5575925925926,okafoja01-2019
jacksfr01,13.75,3.3,201812260DAL-NOP,201812260DAL-DAL,NOP-2019,0,2019,45.375,34.5575925925926,jacksfr01-2019
barneha02,35.31666666666667,1.5,201812280NOP-DAL,201812280NOP-NOP,DAL-2019,0,2019,52.97500000000001,44.87466666666667,barneha02-2019
jordade01,34.766666666666666,2,201812280NOP-DAL,201812280NOP-NOP,DAL-2019,0,2019,69.53333333333333,44.87466666666667,jordade01-2019
doncilu01,33.55,9.8,201812280NOP-DAL,201812280NOP-NOP,DAL-2019,0,2019,328.79,44.87466666666667,doncilu01-2019
smithde03,29.566666666666666,5,201812280NOP-DAL,201812280NOP-NOP,DAL-2019,0,2019,147.83333333333334,44.87466666666667,smithde03-2019
klebima01,29.166666666666668,-0.6,201812280NOP-DAL,201812280NOP-NOP,DAL-2019,0,2019,-17.5,44.87466666666667,klebima01-2019
finnedo01,20.166666666666668,-1.4,201812280NOP-DAL,201812280NOP-NOP,DAL-2019,0,2019,-28.233333333333334,44.87466666666667,finnedo01-2019
bareajo01,18.433333333333334,-4.5,201812280NOP-DAL,201812280NOP-NOP,DAL-2019,0,2019,-82.95,44.87466666666667,bareajo01-2019
harride01,14.45,-2.3,201812280NOP-DAL,201812280NOP-NOP,DAL-2019,0,2019,-33.23499999999999,44.87466666666667,harride01-2019
poweldw01,13.233333333333333,0.7,201812280NOP-DAL,201812280NOP-NOP,DAL-2019,0,2019,9.263333333333332,44.87466666666667,poweldw01-2019
nowitdi01,11.35,0.2,201812280NOP-DAL,201812280NOP-NOP,DAL-2019,0,2019,2.27,44.87466666666667,nowitdi01-2019
adamsst01,37.93333333333333,1.9,201812300DAL-OKC,201812300DAL-DAL,OKC-2019,0,2019,72.07333333333332,32.02166666666666,adamsst01-2019
westbru01,37.583333333333336,-3.9,201812300DAL-OKC,201812300DAL-DAL,OKC-2019,0,2019,-146.57500000000002,32.02166666666666,westbru01-2019
georgpa01,36.53333333333333,7.5,201812300DAL-OKC,201812300DAL-DAL,OKC-2019,0,2019,274,32.02166666666666,georgpa01-2019
grantje01,34.68333333333333,0,201812300DAL-OKC,201812300DAL-DAL,OKC-2019,0,2019,0,32.02166666666666,grantje01-2019
schrode01,32.95,2.5,201812300DAL-OKC,201812300DAL-DAL,OKC-2019,0,2019,82.375,32.02166666666666,schrode01-2019
naderab01,15.683333333333334,-3,201812300DAL-OKC,201812300DAL-DAL,OKC-2019,0,2019,-47.05,32.02166666666666,naderab01-2019
pattepa01,13.316666666666666,4.1,201812300DAL-OKC,201812300DAL-DAL,OKC-2019,0,2019,54.59833333333333,32.02166666666666,pattepa01-2019
feltora01,11.366666666666667,0.5,201812300DAL-OKC,201812300DAL-DAL,OKC-2019,0,2019,5.683333333333334,32.02166666666666,feltora01-2019
noelne01,10.066666666666666,2.2,201812300DAL-OKC,201812300DAL-DAL,OKC-2019,0,2019,22.14666666666667,32.02166666666666,noelne01-2019
diallha01,9.883333333333333,0.3,201812300DAL-OKC,201812300DAL-DAL,OKC-2019,0,2019,2.965,32.02166666666666,diallha01-2019
barneha02,29.333333333333332,11,201812310OKC-DAL,201812310OKC-OKC,DAL-2019,0,2019,322.66666666666663,7.526794871794868,barneha02-2019
matthwe02,24.133333333333333,-2.5,201812310OKC-DAL,201812310OKC-OKC,DAL-2019,0,2019,-60.33333333333333,7.526794871794868,matthwe02-2019
finnedo01,23.866666666666667,1,201812310OKC-DAL,201812310OKC-OKC,DAL-2019,0,2019,23.866666666666667,7.526794871794868,finnedo01-2019
jordade01,23.55,-5.4,201812310OKC-DAL,201812310OKC-OKC,DAL-2019,0,2019,-127.17000000000002,7.526794871794868,jordade01-2019
doncilu01,22.533333333333335,3.3,201812310OKC-DAL,201812310OKC-OKC,DAL-2019,0,2019,74.36,7.526794871794868,doncilu01-2019
bareajo01,20.933333333333334,-1,201812310OKC-DAL,201812310OKC-OKC,DAL-2019,0,2019,-20.933333333333334,7.526794871794868,bareajo01-2019
smithde03,20.916666666666668,-0.2,201812310OKC-DAL,201812310OKC-OKC,DAL-2019,0,2019,-4.183333333333334,7.526794871794868,smithde03-2019
klebima01,18.666666666666668,-1.7,201812310OKC-DAL,201812310OKC-OKC,DAL-2019,0,2019,-31.733333333333334,7.526794871794868,klebima01-2019
harride01,15.8,-3.3,201812310OKC-DAL,201812310OKC-OKC,DAL-2019,0,2019,-52.14,7.526794871794868,harride01-2019
poweldw01,15.5,-3,201812310OKC-DAL,201812310OKC-OKC,DAL-2019,0,2019,-46.5,7.526794871794868,poweldw01-2019
brunsja01,9.666666666666666,-1.9,201812310OKC-DAL,201812310OKC-OKC,DAL-2019,0,2019,-18.366666666666664,7.526794871794868,brunsja01-2019
mejrisa01,8.95,3.8,201812310OKC-DAL,201812310OKC-OKC,DAL-2019,0,2019,34.01,7.526794871794868,mejrisa01-2019
broekry01,6.15,0.7,201812310OKC-DAL,201812310OKC-OKC,DAL-2019,0,2019,4.305,7.526794871794868,broekry01-2019
grahade01,33.6,-6.8,201901020CHO-CHO,201901020CHO-DAL,CHH-2019,0,2019,-228.48,-28.478205128205126,grahade01-2019
batumni01,28.183333333333334,1.3,201901020CHO-CHO,201901020CHO-DAL,CHH-2019,0,2019,36.638333333333335,-28.478205128205126,batumni01-2019
walkeke02,26.7,-1.5,201901020CHO-CHO,201901020CHO-DAL,CHH-2019,0,2019,-40.05,-28.478205128205126,walkeke02-2019
bridgmi02,24.35,-4.1,201901020CHO-CHO,201901020CHO-DAL,CHH-2019,0,2019,-99.835,-28.478205128205126,bridgmi02-2019
willima02,22.433333333333334,1.5,201901020CHO-CHO,201901020CHO-DAL,CHH-2019,0,2019,33.65,-28.478205128205126,willima02-2019
hernawi01,18,-1.1,201901020CHO-CHO,201901020CHO-DAL,CHH-2019,0,2019,-19.8,-28.478205128205126,hernawi01-2019
bacondw01,16.983333333333334,-5.9,201901020CHO-CHO,201901020CHO-DAL,CHH-2019,0,2019,-100.20166666666668,-28.478205128205126,bacondw01-2019
kaminfr01,16.233333333333334,1.6,201901020CHO-CHO,201901020CHO-DAL,CHH-2019,0,2019,25.973333333333336,-28.478205128205126,kaminfr01-2019
biyombi01,14.766666666666667,5,201901020CHO-CHO,201901020CHO-DAL,CHH-2019,0,2019,73.83333333333334,-28.478205128205126,biyombi01-2019
macurjp01,13.8,-2.3,201901020CHO-CHO,201901020CHO-DAL,CHH-2019,0,2019,-31.74,-28.478205128205126,macurjp01-2019
kiddgmi01,13.766666666666667,-0.1,201901020CHO-CHO,201901020CHO-DAL,CHH-2019,0,2019,-1.376666666666667,-28.478205128205126,kiddgmi01-2019
parketo01,6.05,-1.5,201901020CHO-CHO,201901020CHO-DAL,CHH-2019,0,2019,-9.075,-28.478205128205126,parketo01-2019
monkma01,5.133333333333334,-1.9,201901020CHO-CHO,201901020CHO-DAL,CHH-2019,0,2019,-9.753333333333334,-28.478205128205126,monkma01-2019
barneha02,31.8,5,201901040BOS-DAL,201901040BOS-BOS,DAL-2019,0,2019,159,12.044999999999998,barneha02-2019
smithde03,30.883333333333333,-2.5,201901040BOS-DAL,201901040BOS-BOS,DAL-2019,0,2019,-77.20833333333333,12.044999999999998,smithde03-2019
jordade01,30.633333333333333,7.9,201901040BOS-DAL,201901040BOS-BOS,DAL-2019,0,2019,242.00333333333333,12.044999999999998,jordade01-2019
matthwe02,30.133333333333333,0.2,201901040BOS-DAL,201901040BOS-BOS,DAL-2019,0,2019,6.026666666666667,12.044999999999998,matthwe02-2019
doncilu01,28.916666666666668,3.8,201901040BOS-DAL,201901040BOS-BOS,DAL-2019,0,2019,109.88333333333333,12.044999999999998,doncilu01-2019
finnedo01,17.95,-2,201901040BOS-DAL,201901040BOS-BOS,DAL-2019,0,2019,-35.9,12.044999999999998,finnedo01-2019
bareajo01,17.7,-6.5,201901040BOS-DAL,201901040BOS-BOS,DAL-2019,0,2019,-115.05,12.044999999999998,bareajo01-2019
poweldw01,17.366666666666667,-0.3,201901040BOS-DAL,201901040BOS-BOS,DAL-2019,0,2019,-5.21,12.044999999999998,poweldw01-2019
nowitdi01,16.116666666666667,-11.4,201901040BOS-DAL,201901040BOS-BOS,DAL-2019,0,2019,-183.73000000000002,12.044999999999998,nowitdi01-2019
harride01,16.1,2,201901040BOS-DAL,201901040BOS-BOS,DAL-2019,0,2019,32.2,12.044999999999998,harride01-2019
brunsja01,2.4,0.2,201901040BOS-DAL,201901040BOS-BOS,DAL-2019,0,2019,0.48,12.044999999999998,brunsja01-2019
jordade01,30.733333333333334,2,201901050PHI-DAL,201901050PHI-PHI,DAL-2019,0,2019,61.46666666666667,14.168833333333334,jordade01-2019
barneha02,26.3,-5,201901050PHI-DAL,201901050PHI-PHI,DAL-2019,0,2019,-131.5,14.168833333333334,barneha02-2019
doncilu01,26.3,2.2,201901050PHI-DAL,201901050PHI-PHI,DAL-2019,0,2019,57.86000000000001,14.168833333333334,doncilu01-2019
brunsja01,25.75,3.8,201901050PHI-DAL,201901050PHI-PHI,DAL-2019,0,2019,97.85,14.168833333333334,brunsja01-2019
matthwe02,24.033333333333335,5.1,201901050PHI-DAL,201901050PHI-PHI,DAL-2019,0,2019,122.57,14.168833333333334,matthwe02-2019
finnedo01,23.966666666666665,-8,201901050PHI-DAL,201901050PHI-PHI,DAL-2019,0,2019,-191.73333333333332,14.168833333333334,finnedo01-2019
smithde03,22.25,-4.7,201901050PHI-DAL,201901050PHI-PHI,DAL-2019,0,2019,-104.575,14.168833333333334,smithde03-2019
broekry01,21.7,6.6,201901050PHI-DAL,201901050PHI-PHI,DAL-2019,0,2019,143.22,14.168833333333334,broekry01-2019
klebima01,21.7,-1.1,201901050PHI-DAL,201901050PHI-PHI,DAL-2019,0,2019,-23.87,14.168833333333334,klebima01-2019
poweldw01,17.25,6.4,201901050PHI-DAL,201901050PHI-PHI,DAL-2019,0,2019,110.4,14.168833333333334,poweldw01-2019
hartjo01,43.7,5.5,201901070DAL-LAL,201901070DAL-DAL,LAL-2019,1,2019,240.35000000000002,38.3389393939394,hartjo01-2019
kuzmaky01,37.416666666666664,-8.3,201901070DAL-LAL,201901070DAL-DAL,LAL-2019,1,2019,-310.55833333333334,38.3389393939394,kuzmaky01-2019
ingrabr01,37.36666666666667,7,201901070DAL-LAL,201901070DAL-DAL,LAL-2019,1,2019,261.56666666666666,38.3389393939394,ingrabr01-2019
balllo01,37.11666666666667,7.2,201901070DAL-LAL,201901070DAL-DAL,LAL-2019,1,2019,267.24,38.3389393939394,balllo01-2019
mcgeeja01,23.383333333333333,-4.8,201901070DAL-LAL,201901070DAL-DAL,LAL-2019,1,2019,-112.24,38.3389393939394,mcgeeja01-2019
caldwke01,21.216666666666665,-0.2,201901070DAL-LAL,201901070DAL-DAL,LAL-2019,1,2019,-4.243333333333333,38.3389393939394,caldwke01-2019
chandty01,19.366666666666667,1.7,201901070DAL-LAL,201901070DAL-DAL,LAL-2019,1,2019,32.92333333333333,38.3389393939394,chandty01-2019
beaslmi01,9.383333333333333,5.5,201901070DAL-LAL,201901070DAL-DAL,LAL-2019,1,2019,51.608333333333334,38.3389393939394,beaslmi01-2019
mykhasv01,4.3,-0.6,201901070DAL-LAL,201901070DAL-DAL,LAL-2019,1,2019,-2.5799999999999996,38.3389393939394,mykhasv01-2019
zubaciv01,3.6333333333333333,0.3,201901070DAL-LAL,201901070DAL-DAL,LAL-2019,1,2019,1.0899999999999999,38.3389393939394,zubaciv01-2019
stephla01,3.1166666666666667,-1.1,201901070DAL-LAL,201901070DAL-DAL,LAL-2019,1,2019,-3.4283333333333337,38.3389393939394,stephla01-2019
warretj01,38.96666666666667,-4.4,201901090DAL-PHO,201901090DAL-DAL,PHO-2019,0,2019,-171.45333333333335,5.575333333333333,warretj01-2019
oubreke01,32.583333333333336,-3.2,201901090DAL-PHO,201901090DAL-DAL,PHO-2019,0,2019,-104.26666666666668,5.575333333333333,oubreke01-2019
jacksjo02,29.966666666666665,5.5,201901090DAL-PHO,201901090DAL-DAL,PHO-2019,0,2019,164.81666666666666,5.575333333333333,jacksjo02-2019
holmeri01,27.733333333333334,10.3,201901090DAL-PHO,201901090DAL-DAL,PHO-2019,0,2019,285.65333333333336,5.575333333333333,holmeri01-2019
meltode01,24.833333333333332,1.3,201901090DAL-PHO,201901090DAL-DAL,PHO-2019,0,2019,32.28333333333333,5.575333333333333,meltode01-2019
okoboel01,23.166666666666668,-2.4,201901090DAL-PHO,201901090DAL-DAL,PHO-2019,0,2019,-55.6,5.575333333333333,okoboel01-2019
bridgmi01,22.783333333333335,2.4,201901090DAL-PHO,201901090DAL-DAL,PHO-2019,0,2019,54.68,5.575333333333333,bridgmi01-2019
aytonde01,20.266666666666666,-5.2,201901090DAL-PHO,201901090DAL-DAL,PHO-2019,0,2019,-105.38666666666667,5.575333333333333,aytonde01-2019
danietr01,10.666666666666666,-3.2,201901090DAL-PHO,201901090DAL-DAL,PHO-2019,0,2019,-34.13333333333333,5.575333333333333,danietr01-2019
acyqu01,9.033333333333333,-1.2,201901090DAL-PHO,201901090DAL-DAL,PHO-2019,0,2019,-10.84,5.575333333333333,acyqu01-2019
doncilu01,34.916666666666664,11.3,201901110MIN-DAL,201901110MIN-MIN,DAL-2019,1,2019,394.55833333333334,39.417833333333334,doncilu01-2019
barneha02,33.13333333333333,-1.9,201901110MIN-DAL,201901110MIN-MIN,DAL-2019,1,2019,-62.953333333333326,39.417833333333334,barneha02-2019
klebima01,30.266666666666666,4.3,201901110MIN-DAL,201901110MIN-MIN,DAL-2019,1,2019,130.14666666666665,39.417833333333334,klebima01-2019
jordade01,29.566666666666666,-2.7,201901110MIN-DAL,201901110MIN-MIN,DAL-2019,1,2019,-79.83,39.417833333333334,jordade01-2019
matthwe02,23.116666666666667,-6.8,201901110MIN-DAL,201901110MIN-MIN,DAL-2019,1,2019,-157.19333333333333,39.417833333333334,matthwe02-2019
bareajo01,21.566666666666666,4,201901110MIN-DAL,201901110MIN-MIN,DAL-2019,1,2019,86.26666666666667,39.417833333333334,bareajo01-2019
finnedo01,19.783333333333335,-1.4,201901110MIN-DAL,201901110MIN-MIN,DAL-2019,1,2019,-27.69666666666667,39.417833333333334,finnedo01-2019
poweldw01,18.266666666666666,4.3,201901110MIN-DAL,201901110MIN-MIN,DAL-2019,1,2019,78.54666666666665,39.417833333333334,poweldw01-2019
brunsja01,16.2,4.6,201901110MIN-DAL,201901110MIN-MIN,DAL-2019,1,2019,74.52,39.417833333333334,brunsja01-2019
nowitdi01,13.183333333333334,-3.2,201901110MIN-DAL,201901110MIN-MIN,DAL-2019,1,2019,-42.18666666666667,39.417833333333334,nowitdi01-2019
duranke01,38,5,201901130DAL-GSW,201901130DAL-DAL,GSW-2019,1,2019,190,76.90766666666667,duranke01-2019
curryst01,36.85,22,201901130DAL-GSW,201901130DAL-DAL,GSW-2019,1,2019,810.7,76.90766666666667,curryst01-2019
thompkl01,33.88333333333333,-7.3,201901130DAL-GSW,201901130DAL-DAL,GSW-2019,1,2019,-247.34833333333333,76.90766666666667,thompkl01-2019
greendr01,32.333333333333336,-3,201901130DAL-GSW,201901130DAL-DAL,GSW-2019,1,2019,-97,76.90766666666667,greendr01-2019
iguodan01,29.966666666666665,5.5,201901130DAL-GSW,201901130DAL-DAL,GSW-2019,1,2019,164.81666666666666,76.90766666666667,iguodan01-2019
looneke01,16.916666666666668,-2.1,201901130DAL-GSW,201901130DAL-DAL,GSW-2019,1,2019,-35.525000000000006,76.90766666666667,looneke01-2019
mckinal01,16.316666666666666,3.1,201901130DAL-GSW,201901130DAL-DAL,GSW-2019,1,2019,50.58166666666667,76.90766666666667,mckinal01-2019
livinsh01,14.183333333333334,-1.1,201901130DAL-GSW,201901130DAL-DAL,GSW-2019,1,2019,-15.601666666666668,76.90766666666667,livinsh01-2019
jerebjo01,13.65,-3.2,201901130DAL-GSW,201901130DAL-DAL,GSW-2019,1,2019,-43.68000000000001,76.90766666666667,jerebjo01-2019
belljo01,7.866666666666667,-1,201901130DAL-GSW,201901130DAL-DAL,GSW-2019,1,2019,-7.866666666666667,76.90766666666667,belljo01-2019
derozde01,39.516666666666666,-0.4,201901160DAL-SAS,201901160DAL-DAL,SAS-2019,1,2019,-15.806666666666667,30.958030303030306,derozde01-2019
forbebr01,32.78333333333333,1.4,201901160DAL-SAS,201901160DAL-DAL,SAS-2019,1,2019,45.89666666666666,30.958030303030306,forbebr01-2019
bertada01,25.283333333333335,5.7,201901160DAL-SAS,201901160DAL-DAL,SAS-2019,1,2019,144.115,30.958030303030306,bertada01-2019
whitede01,24.383333333333333,-0.7,201901160DAL-SAS,201901160DAL-DAL,SAS-2019,1,2019,-17.06833333333333,30.958030303030306,whitede01-2019
belinma01,23.95,3.2,201901160DAL-SAS,201901160DAL-DAL,SAS-2019,1,2019,76.64,30.958030303030306,belinma01-2019
millspa02,23.55,5.4,201901160DAL-SAS,201901160DAL-DAL,SAS-2019,1,2019,127.17000000000002,30.958030303030306,millspa02-2019
aldrila01,22.883333333333333,-6.7,201901160DAL-SAS,201901160DAL-DAL,SAS-2019,1,2019,-153.31833333333333,30.958030303030306,aldrila01-2019
gayru01,22.383333333333333,-0.7,201901160DAL-SAS,201901160DAL-DAL,SAS-2019,1,2019,-15.668333333333331,30.958030303030306,gayru01-2019
poeltja01,19.716666666666665,7.7,201901160DAL-SAS,201901160DAL-DAL,SAS-2019,1,2019,151.81833333333333,30.958030303030306,poeltja01-2019
gasolpa01,5.4,-0.6,201901160DAL-SAS,201901160DAL-DAL,SAS-2019,1,2019,-3.24,30.958030303030306,gasolpa01-2019
pondequ01,0.15,0,201901160DAL-SAS,201901160DAL-DAL,SAS-2019,1,2019,0,30.958030303030306,pondequ01-2019
barneha02,32.43333333333333,1.9,201901190IND-DAL,201901190IND-IND,DAL-2019,0,2019,61.62333333333332,12.404230769230768,barneha02-2019
jordade01,31,3.5,201901190IND-DAL,201901190IND-IND,DAL-2019,0,2019,108.5,12.404230769230768,jordade01-2019
matthwe02,29.166666666666668,-0.6,201901190IND-DAL,201901190IND-IND,DAL-2019,0,2019,-17.5,12.404230769230768,matthwe02-2019
doncilu01,24.483333333333334,0.1,201901190IND-DAL,201901190IND-IND,DAL-2019,0,2019,2.4483333333333337,12.404230769230768,doncilu01-2019
finnedo01,23.85,1.5,201901190IND-DAL,201901190IND-IND,DAL-2019,0,2019,35.775000000000006,12.404230769230768,finnedo01-2019
klebima01,23.483333333333334,-0.2,201901190IND-DAL,201901190IND-IND,DAL-2019,0,2019,-4.696666666666667,12.404230769230768,klebima01-2019
brunsja01,21.833333333333332,1.7,201901190IND-DAL,201901190IND-IND,DAL-2019,0,2019,37.11666666666667,12.404230769230768,brunsja01-2019
harride01,14.55,-4.7,201901190IND-DAL,201901190IND-IND,DAL-2019,0,2019,-68.385,12.404230769230768,harride01-2019
poweldw01,14.116666666666667,4,201901190IND-DAL,201901190IND-IND,DAL-2019,0,2019,56.46666666666667,12.404230769230768,poweldw01-2019
nowitdi01,9.766666666666667,-4.1,201901190IND-DAL,201901190IND-IND,DAL-2019,0,2019,-40.04333333333334,12.404230769230768,nowitdi01-2019
broekry01,9.45,-2,201901190IND-DAL,201901190IND-IND,DAL-2019,0,2019,-18.9,12.404230769230768,broekry01-2019
maconda01,2.9833333333333334,2,201901190IND-DAL,201901190IND-IND,DAL-2019,0,2019,5.966666666666667,12.404230769230768,maconda01-2019
mejrisa01,2.8833333333333333,1,201901190IND-DAL,201901190IND-IND,DAL-2019,0,2019,2.8833333333333333,12.404230769230768,mejrisa01-2019
finnedo01,33.1,6,201901210MIL-DAL,201901210MIL-MIL,DAL-2019,0,2019,198.60000000000002,35.78648148148149,finnedo01-2019
doncilu01,32.916666666666664,6,201901210MIL-DAL,201901210MIL-MIL,DAL-2019,0,2019,197.5,35.78648148148149,doncilu01-2019
barneha02,31.15,-9.9,201901210MIL-DAL,201901210MIL-MIL,DAL-2019,0,2019,-308.385,35.78648148148149,barneha02-2019
matthwe02,31.066666666666666,9,201901210MIL-DAL,201901210MIL-MIL,DAL-2019,0,2019,279.6,35.78648148148149,matthwe02-2019
jordade01,31.033333333333335,-1.1,201901210MIL-DAL,201901210MIL-MIL,DAL-2019,0,2019,-34.13666666666667,35.78648148148149,jordade01-2019
brunsja01,29.766666666666666,-0.3,201901210MIL-DAL,201901210MIL-MIL,DAL-2019,0,2019,-8.93,35.78648148148149,brunsja01-2019
harride01,17.9,-0.1,201901210MIL-DAL,201901210MIL-MIL,DAL-2019,0,2019,-1.79,35.78648148148149,harride01-2019
klebima01,16.85,-0.6,201901210MIL-DAL,201901210MIL-MIL,DAL-2019,0,2019,-10.110000000000001,35.78648148148149,klebima01-2019
poweldw01,16.216666666666665,0.6,201901210MIL-DAL,201901210MIL-MIL,DAL-2019,0,2019,9.729999999999999,35.78648148148149,poweldw01-2019
bradlav01,38.5,3.1,201901220DAL-LAC,201901220DAL-DAL,LAC-2019,0,2019,119.35000000000001,16.212777777777777,bradlav01-2019
beverpa01,35.266666666666666,4.2,201901220DAL-LAC,201901220DAL-DAL,LAC-2019,0,2019,148.12,16.212777777777777,beverpa01-2019
harrito02,34.38333333333333,0.5,201901220DAL-LAC,201901220DAL-DAL,LAC-2019,0,2019,17.191666666666666,16.212777777777777,harrito02-2019
harremo01,31.316666666666666,0.7,201901220DAL-LAC,201901220DAL-DAL,LAC-2019,0,2019,21.921666666666667,16.212777777777777,harremo01-2019
willilo02,23.466666666666665,-0.8,201901220DAL-LAC,201901220DAL-DAL,LAC-2019,0,2019,-18.773333333333333,16.212777777777777,willilo02-2019
gilgesh01,20.366666666666667,-3.9,201901220DAL-LAC,201901220DAL-DAL,LAC-2019,0,2019,-79.43,16.212777777777777,gilgesh01-2019
motlejo01,15.233333333333333,-0.2,201901220DAL-LAC,201901220DAL-DAL,LAC-2019,0,2019,-3.046666666666667,16.212777777777777,motlejo01-2019
scottmi01,9.65,-1,201901220DAL-LAC,201901220DAL-DAL,LAC-2019,0,2019,-9.65,16.212777777777777,scottmi01-2019
wallaty01,9.6,-2,201901220DAL-LAC,201901220DAL-DAL,LAC-2019,0,2019,-19.2,16.212777777777777,wallaty01-2019
robinje01,9.55,2.5,201901220DAL-LAC,201901220DAL-DAL,LAC-2019,0,2019,23.875,16.212777777777777,robinje01-2019
thornsi01,7.383333333333334,-0.5,201901220DAL-LAC,201901220DAL-DAL,LAC-2019,0,2019,-3.691666666666667,16.212777777777777,thornsi01-2019
gortama01,5.283333333333333,-0.4,201901220DAL-LAC,201901220DAL-DAL,LAC-2019,0,2019,-2.1133333333333333,16.212777777777777,gortama01-2019
griffbl01,39.86666666666667,7.4,201901250DAL-DET,201901250DAL-DAL,DET-2019,0,2019,295.0133333333334,39.62257575757576,griffbl01-2019
drumman01,38.083333333333336,5.6,201901250DAL-DET,201901250DAL-DAL,DET-2019,0,2019,213.26666666666668,39.62257575757576,drumman01-2019
jacksre01,35.25,1.4,201901250DAL-DET,201901250DAL-DAL,DET-2019,0,2019,49.349999999999994,39.62257575757576,jacksre01-2019
bullore01,32.93333333333333,-0.5,201901250DAL-DET,201901250DAL-DAL,DET-2019,0,2019,-16.466666666666665,39.62257575757576,bullore01-2019
johnsst04,22.566666666666666,-4.8,201901250DAL-DET,201901250DAL-DAL,DET-2019,0,2019,-108.32,39.62257575757576,johnsst04-2019
brownbr01,17.816666666666666,3.4,201901250DAL-DET,201901250DAL-DAL,DET-2019,0,2019,60.57666666666666,39.62257575757576,brownbr01-2019
kennalu01,16.05,-3.3,201901250DAL-DET,201901250DAL-DAL,DET-2019,0,2019,-52.964999999999996,39.62257575757576,kennalu01-2019
gallola01,13.15,3.2,201901250DAL-DET,201901250DAL-DAL,DET-2019,0,2019,42.080000000000005,39.62257575757576,gallola01-2019
caldejo01,12.033333333333333,-2.6,201901250DAL-DET,201901250DAL-DAL,DET-2019,0,2019,-31.28666666666667,39.62257575757576,caldejo01-2019
pachuza01,9.916666666666666,-1.2,201901250DAL-DET,201901250DAL-DAL,DET-2019,0,2019,-11.899999999999999,39.62257575757576,pachuza01-2019
thomakh01,2.3333333333333335,-1.5,201901250DAL-DET,201901250DAL-DAL,DET-2019,0,2019,-3.5,39.62257575757576,thomakh01-2019
lowryky01,37.25,7.4,201901270DAL-TOR,201901270DAL-DAL,TOR-2019,1,2019,275.65000000000003,49.73916666666667,lowryky01-2019
siakapa01,36.63333333333333,-2.6,201901270DAL-TOR,201901270DAL-DAL,TOR-2019,1,2019,-95.24666666666667,49.73916666666667,siakapa01-2019
ibakase01,36.43333333333333,-1.4,201901270DAL-TOR,201901270DAL-DAL,TOR-2019,1,2019,-51.00666666666666,49.73916666666667,ibakase01-2019
leonaka01,34.8,5.2,201901270DAL-TOR,201901270DAL-DAL,TOR-2019,1,2019,180.95999999999998,49.73916666666667,leonaka01-2019
greenda02,31.05,3.5,201901270DAL-TOR,201901270DAL-DAL,TOR-2019,1,2019,108.675,49.73916666666667,greenda02-2019
vanvlfr01,21.183333333333334,4.3,201901270DAL-TOR,201901270DAL-DAL,TOR-2019,1,2019,91.08833333333332,49.73916666666667,vanvlfr01-2019
powelno01,15.516666666666667,-1.7,201901270DAL-TOR,201901270DAL-DAL,TOR-2019,1,2019,-26.378333333333334,49.73916666666667,powelno01-2019
wrighde01,13.25,1.3,201901270DAL-TOR,201901270DAL-DAL,TOR-2019,1,2019,17.225,49.73916666666667,wrighde01-2019
anunoog01,10.933333333333334,-0.3,201901270DAL-TOR,201901270DAL-DAL,TOR-2019,1,2019,-3.28,49.73916666666667,anunoog01-2019
monrogr01,2.95,-0.1,201901270DAL-TOR,201901270DAL-DAL,TOR-2019,1,2019,-0.29500000000000004,49.73916666666667,monrogr01-2019
barneha02,29,0,201901300NYK-DAL,201901300NYK-NYK,DAL-2019,1,2019,0,27.027179487179488,barneha02-2019
doncilu01,28.666666666666668,-2,201901300NYK-DAL,201901300NYK-NYK,DAL-2019,1,2019,-57.333333333333336,27.027179487179488,doncilu01-2019
smithde03,28.216666666666665,2.1,201901300NYK-DAL,201901300NYK-NYK,DAL-2019,1,2019,59.255,27.027179487179488,smithde03-2019
jordade01,26.3,2.5,201901300NYK-DAL,201901300NYK-NYK,DAL-2019,1,2019,65.75,27.027179487179488,jordade01-2019
matthwe02,26.3,5,201901300NYK-DAL,201901300NYK-NYK,DAL-2019,1,2019,131.5,27.027179487179488,matthwe02-2019
finnedo01,24.316666666666666,-1.1,201901300NYK-DAL,201901300NYK-NYK,DAL-2019,1,2019,-26.748333333333335,27.027179487179488,finnedo01-2019
poweldw01,19.55,2.4,201901300NYK-DAL,201901300NYK-NYK,DAL-2019,1,2019,46.92,27.027179487179488,poweldw01-2019
klebima01,17.116666666666667,1,201901300NYK-DAL,201901300NYK-NYK,DAL-2019,1,2019,17.116666666666667,27.027179487179488,klebima01-2019
harride01,11.65,3.8,201901300NYK-DAL,201901300NYK-NYK,DAL-2019,1,2019,44.269999999999996,27.027179487179488,harride01-2019
nowitdi01,11.583333333333334,4.4,201901300NYK-DAL,201901300NYK-NYK,DAL-2019,1,2019,50.966666666666676,27.027179487179488,nowitdi01-2019
brunsja01,10.05,2.3,201901300NYK-DAL,201901300NYK-NYK,DAL-2019,1,2019,23.115,27.027179487179488,brunsja01-2019
broekry01,4.583333333333333,0.7,201901300NYK-DAL,201901300NYK-NYK,DAL-2019,1,2019,3.208333333333333,27.027179487179488,broekry01-2019
mejrisa01,2.6666666666666665,-2.5,201901300NYK-DAL,201901300NYK-NYK,DAL-2019,1,2019,-6.666666666666666,27.027179487179488,mejrisa01-2019
barneha02,39.18333333333333,4.6,201901310DET-DAL,201901310DET-DET,DAL-2019,0,2019,180.2433333333333,16.748333333333335,barneha02-2019
finnedo01,33.666666666666664,-3.3,201901310DET-DAL,201901310DET-DET,DAL-2019,0,2019,-111.09999999999998,16.748333333333335,finnedo01-2019
brunsja01,32.666666666666664,-4.8,201901310DET-DAL,201901310DET-DET,DAL-2019,0,2019,-156.79999999999998,16.748333333333335,brunsja01-2019
klebima01,28.65,1.5,201901310DET-DAL,201901310DET-DET,DAL-2019,0,2019,42.974999999999994,16.748333333333335,klebima01-2019
broekry01,26.633333333333333,0.8,201901310DET-DAL,201901310DET-DET,DAL-2019,0,2019,21.30666666666667,16.748333333333335,broekry01-2019
poweldw01,24.216666666666665,4.2,201901310DET-DAL,201901310DET-DET,DAL-2019,0,2019,101.71,16.748333333333335,poweldw01-2019
harride01,22.8,2.5,201901310DET-DAL,201901310DET-DET,DAL-2019,0,2019,57,16.748333333333335,harride01-2019
mejrisa01,19.033333333333335,1.5,201901310DET-DAL,201901310DET-DET,DAL-2019,0,2019,28.550000000000004,16.748333333333335,mejrisa01-2019
nowitdi01,13.15,-1,201901310DET-DAL,201901310DET-DET,DAL-2019,0,2019,-13.15,16.748333333333335,nowitdi01-2019
barneha02,36.11666666666667,-1.9,201902020CLE-DAL,201902020CLE-CLE,DAL-2019,1,2019,-68.62166666666667,40.58233333333333,barneha02-2019
doncilu01,32.733333333333334,11.1,201902020CLE-DAL,201902020CLE-CLE,DAL-2019,1,2019,363.34,40.58233333333333,doncilu01-2019
brunsja01,32.71666666666667,-0.4,201902020CLE-DAL,201902020CLE-CLE,DAL-2019,1,2019,-13.086666666666668,40.58233333333333,brunsja01-2019
broekry01,29.066666666666666,1.6,201902020CLE-DAL,201902020CLE-CLE,DAL-2019,1,2019,46.50666666666667,40.58233333333333,broekry01-2019
finnedo01,27.6,-1.3,201902020CLE-DAL,201902020CLE-CLE,DAL-2019,1,2019,-35.88,40.58233333333333,finnedo01-2019
klebima01,26.75,4.2,201902020CLE-DAL,201902020CLE-CLE,DAL-2019,1,2019,112.35000000000001,40.58233333333333,klebima01-2019
poweldw01,24.166666666666668,-1,201902020CLE-DAL,201902020CLE-CLE,DAL-2019,1,2019,-24.166666666666668,40.58233333333333,poweldw01-2019
harride01,20.4,1.5,201902020CLE-DAL,201902020CLE-CLE,DAL-2019,1,2019,30.599999999999998,40.58233333333333,harride01-2019
nowitdi01,8.966666666666667,-0.4,201902020CLE-DAL,201902020CLE-CLE,DAL-2019,1,2019,-3.586666666666667,40.58233333333333,nowitdi01-2019
maconda01,1.4833333333333334,-1.1,201902020CLE-DAL,201902020CLE-CLE,DAL-2019,1,2019,-1.6316666666666668,40.58233333333333,maconda01-2019
walkeke02,36.55,10.2,201902060DAL-CHO,201902060DAL-DAL,CHH-2019,0,2019,372.80999999999995,32.18249999999999,walkeke02-2019
batumni01,35.266666666666666,5.3,201902060DAL-CHO,201902060DAL-DAL,CHH-2019,0,2019,186.91333333333333,32.18249999999999,batumni01-2019
lambje01,28.55,-3,201902060DAL-CHO,201902060DAL-DAL,CHH-2019,0,2019,-85.65,32.18249999999999,lambje01-2019
willima02,26.066666666666666,-2.3,201902060DAL-CHO,201902060DAL-DAL,CHH-2019,0,2019,-59.953333333333326,32.18249999999999,willima02-2019
zelleco01,24.683333333333334,1.9,201902060DAL-CHO,201902060DAL-DAL,CHH-2019,0,2019,46.89833333333333,32.18249999999999,zelleco01-2019
biyombi01,23.1,-3.6,201902060DAL-CHO,201902060DAL-DAL,CHH-2019,0,2019,-83.16000000000001,32.18249999999999,biyombi01-2019
bridgmi02,21.15,0.2,201902060DAL-CHO,201902060DAL-DAL,CHH-2019,0,2019,4.2299999999999995,32.18249999999999,bridgmi02-2019
monkma01,19.716666666666665,-1.8,201902060DAL-CHO,201902060DAL-DAL,CHH-2019,0,2019,-35.489999999999995,32.18249999999999,monkma01-2019
kiddgmi01,13.466666666666667,-3.2,201902060DAL-CHO,201902060DAL-DAL,CHH-2019,0,2019,-43.093333333333334,32.18249999999999,kiddgmi01-2019
grahade01,11.45,1.6,201902060DAL-CHO,201902060DAL-DAL,CHH-2019,0,2019,18.32,32.18249999999999,grahade01-2019
antetgi01,30.7,10.1,201902080DAL-MIL,201902080DAL-DAL,MIL-2019,1,2019,310.07,56.882121212121206,antetgi01-2019
brownst02,28.316666666666666,1.3,201902080DAL-MIL,201902080DAL-DAL,MIL-2019,1,2019,36.81166666666667,56.882121212121206,brownst02-2019
bledser01,27.45,5.8,201902080DAL-MIL,201902080DAL-DAL,MIL-2019,1,2019,159.20999999999998,56.882121212121206,bledser01-2019
lopezbr01,26.716666666666665,3.5,201902080DAL-MIL,201902080DAL-DAL,MIL-2019,1,2019,93.50833333333333,56.882121212121206,lopezbr01-2019
brogdma01,26.166666666666668,4,201902080DAL-MIL,201902080DAL-DAL,MIL-2019,1,2019,104.66666666666667,56.882121212121206,brogdma01-2019
hillge01,21.65,1.9,201902080DAL-MIL,201902080DAL-DAL,MIL-2019,1,2019,41.135,56.882121212121206,hillge01-2019
wilsodj01,21.383333333333333,-1.8,201902080DAL-MIL,201902080DAL-DAL,MIL-2019,1,2019,-38.49,56.882121212121206,wilsodj01-2019
snellto01,19.533333333333335,-2.1,201902080DAL-MIL,201902080DAL-DAL,MIL-2019,1,2019,-41.02,56.882121212121206,snellto01-2019
ilyaser01,19.016666666666666,-1.6,201902080DAL-MIL,201902080DAL-DAL,MIL-2019,1,2019,-30.426666666666666,56.882121212121206,ilyaser01-2019
connapa01,18.183333333333334,-0.6,201902080DAL-MIL,201902080DAL-DAL,MIL-2019,1,2019,-10.91,56.882121212121206,connapa01-2019
duvaltr01,0.8833333333333333,1.3,201902080DAL-MIL,201902080DAL-DAL,MIL-2019,1,2019,1.1483333333333334,56.882121212121206,duvaltr01-2019
lillada01,36.31666666666667,7.6,201902100DAL-POR,201902100DAL-DAL,POR-2019,0,2019,276.00666666666666,30.317575757575757,lillada01-2019
mccolcj01,33.65,-2.2,201902100DAL-POR,201902100DAL-DAL,POR-2019,0,2019,-74.03,30.317575757575757,mccolcj01-2019
laymaja01,25.966666666666665,-1.3,201902100DAL-POR,201902100DAL-DAL,POR-2019,0,2019,-33.75666666666667,30.317575757575757,laymaja01-2019
hoodro01,24.466666666666665,0.9,201902100DAL-POR,201902100DAL-DAL,POR-2019,0,2019,22.02,30.317575757575757,hoodro01-2019
harklma01,23.533333333333335,-2,201902100DAL-POR,201902100DAL-DAL,POR-2019,0,2019,-47.06666666666667,30.317575757575757,harklma01-2019
aminual01,22.033333333333335,-0.4,201902100DAL-POR,201902100DAL-DAL,POR-2019,0,2019,-8.813333333333334,30.317575757575757,aminual01-2019
nurkiju01,21.316666666666666,4.9,201902100DAL-POR,201902100DAL-DAL,POR-2019,0,2019,104.45166666666667,30.317575757575757,nurkiju01-2019
colliza01,18.216666666666665,3.8,201902100DAL-POR,201902100DAL-DAL,POR-2019,0,2019,69.22333333333333,30.317575757575757,colliza01-2019
turneev01,15.45,3.1,201902100DAL-POR,201902100DAL-DAL,POR-2019,0,2019,47.894999999999996,30.317575757575757,turneev01-2019
curryse01,10.583333333333334,-1.4,201902100DAL-POR,201902100DAL-DAL,POR-2019,0,2019,-14.816666666666666,30.317575757575757,curryse01-2019
leoname01,8.466666666666667,-0.9,201902100DAL-POR,201902100DAL-DAL,POR-2019,0,2019,-7.62,30.317575757575757,leoname01-2019
finnedo01,36.35,0.7,201902110HOU-DAL,201902110HOU-HOU,DAL-2019,0,2019,25.445,1.1752777777777785,finnedo01-2019
doncilu01,36.2,-0.7,201902110HOU-DAL,201902110HOU-HOU,DAL-2019,0,2019,-25.34,1.1752777777777785,doncilu01-2019
poweldw01,28.266666666666666,0.8,201902110HOU-DAL,201902110HOU-HOU,DAL-2019,0,2019,22.613333333333333,1.1752777777777785,poweldw01-2019
hardati02,27.75,-3.3,201902110HOU-DAL,201902110HOU-HOU,DAL-2019,0,2019,-91.57499999999999,1.1752777777777785,hardati02-2019
brunsja01,25.966666666666665,1.8,201902110HOU-DAL,201902110HOU-HOU,DAL-2019,0,2019,46.739999999999995,1.1752777777777785,brunsja01-2019
klebima01,22.6,-0.9,201902110HOU-DAL,201902110HOU-HOU,DAL-2019,0,2019,-20.340000000000003,1.1752777777777785,klebima01-2019
burketr01,19.783333333333335,-0.1,201902110HOU-DAL,201902110HOU-HOU,DAL-2019,0,2019,-1.9783333333333335,1.1752777777777785,burketr01-2019
harride01,14.333333333333334,1.1,201902110HOU-DAL,201902110HOU-HOU,DAL-2019,0,2019,15.76666666666667,1.1752777777777785,harride01-2019
jacksju01,11.3,3.7,201902110HOU-DAL,201902110HOU-HOU,DAL-2019,0,2019,41.81,1.1752777777777785,jacksju01-2019
nowitdi01,10.15,0.4,201902110HOU-DAL,201902110HOU-HOU,DAL-2019,0,2019,4.0600000000000005,1.1752777777777785,nowitdi01-2019
leeco01,5.516666666666667,-0.4,201902110HOU-DAL,201902110HOU-HOU,DAL-2019,0,2019,-2.2066666666666666,1.1752777777777785,leeco01-2019
broekry01,1.7833333333333332,-0.5,201902110HOU-DAL,201902110HOU-HOU,DAL-2019,0,2019,-0.8916666666666666,1.1752777777777785,broekry01-2019
richajo01,35.2,-0.1,201902130DAL-MIA,201902130DAL-DAL,MIA-2019,1,2019,-3.5200000000000005,47.096296296296295,richajo01-2019
winslju01,32.166666666666664,0.3,201902130DAL-MIA,201902130DAL-DAL,MIA-2019,1,2019,9.649999999999999,47.096296296296295,winslju01-2019
waitedi01,30.783333333333335,4.6,201902130DAL-MIA,201902130DAL-DAL,MIA-2019,1,2019,141.60333333333332,47.096296296296295,waitedi01-2019
johnsja01,26.166666666666668,3.4,201902130DAL-MIA,201902130DAL-DAL,MIA-2019,1,2019,88.96666666666667,47.096296296296295,johnsja01-2019
adebaba01,25.966666666666665,2.6,201902130DAL-MIA,201902130DAL-DAL,MIA-2019,1,2019,67.51333333333334,47.096296296296295,adebaba01-2019
mcgruro01,24.55,1.8,201902130DAL-MIA,201902130DAL-DAL,MIA-2019,1,2019,44.190000000000005,47.096296296296295,mcgruro01-2019
wadedw01,22.1,2.2,201902130DAL-MIA,201902130DAL-DAL,MIA-2019,1,2019,48.620000000000005,47.096296296296295,wadedw01-2019
whiteha01,22.033333333333335,-0.5,201902130DAL-MIA,201902130DAL-DAL,MIA-2019,1,2019,-11.016666666666667,47.096296296296295,whiteha01-2019
olynyke01,21.033333333333335,1.8,201902130DAL-MIA,201902130DAL-DAL,MIA-2019,1,2019,37.86000000000001,47.096296296296295,olynyke01-2019
murraja01,33.28333333333333,0.9,201902220DAL-DEN,201902220DAL-DAL,DEN-2019,1,2019,29.955,40.40277777777778,murraja01-2019
millspa01,32.31666666666667,4.7,201902220DAL-DEN,201902220DAL-DAL,DEN-2019,1,2019,151.88833333333335,40.40277777777778,millspa01-2019
jokicni01,30.416666666666668,5.2,201902220DAL-DEN,201902220DAL-DAL,DEN-2019,1,2019,158.16666666666669,40.40277777777778,jokicni01-2019
bartowi01,27.916666666666668,4.7,201902220DAL-DEN,201902220DAL-DAL,DEN-2019,1,2019,131.20833333333334,40.40277777777778,bartowi01-2019
beaslma01,26.816666666666666,1.5,201902220DAL-DEN,201902220DAL-DAL,DEN-2019,1,2019,40.225,40.40277777777778,beaslma01-2019
plumlma01,21.616666666666667,-0.7,201902220DAL-DEN,201902220DAL-DAL,DEN-2019,1,2019,-15.131666666666666,40.40277777777778,plumlma01-2019
harriga01,20.916666666666668,-0.9,201902220DAL-DEN,201902220DAL-DAL,DEN-2019,1,2019,-18.825000000000003,40.40277777777778,harriga01-2019
morrimo01,19.25,-2.4,201902220DAL-DEN,201902220DAL-DAL,DEN-2019,1,2019,-46.199999999999996,40.40277777777778,morrimo01-2019
thomais02,15.783333333333333,4,201902220DAL-DEN,201902220DAL-DAL,DEN-2019,1,2019,63.13333333333333,40.40277777777778,thomais02-2019
hernaju01,9.683333333333334,-1,201902220DAL-DEN,201902220DAL-DAL,DEN-2019,1,2019,-9.683333333333334,40.40277777777778,hernaju01-2019
lydonty01,0.9666666666666667,-0.1,201902220DAL-DEN,201902220DAL-DAL,DEN-2019,1,2019,-0.09666666666666668,40.40277777777778,lydonty01-2019
vandeja01,0.9666666666666667,0.2,201902220DAL-DEN,201902220DAL-DAL,DEN-2019,1,2019,0.19333333333333336,40.40277777777778,vandeja01-2019
poweldw01,29.683333333333334,-1,201902230UTA-DAL,201902230UTA-UTA,DAL-2019,0,2019,-29.683333333333334,7.366818181818183,poweldw01-2019
finnedo01,29.333333333333332,-0.6,201902230UTA-DAL,201902230UTA-UTA,DAL-2019,0,2019,-17.599999999999998,7.366818181818183,finnedo01-2019
hardati02,27.066666666666666,5.6,201902230UTA-DAL,201902230UTA-UTA,DAL-2019,0,2019,151.57333333333332,7.366818181818183,hardati02-2019
nowitdi01,25.333333333333332,0.6,201902230UTA-DAL,201902230UTA-UTA,DAL-2019,0,2019,15.2,7.366818181818183,nowitdi01-2019
brunsja01,24.9,-3,201902230UTA-DAL,201902230UTA-UTA,DAL-2019,0,2019,-74.69999999999999,7.366818181818183,brunsja01-2019
jacksju01,24.116666666666667,1.6,201902230UTA-DAL,201902230UTA-UTA,DAL-2019,0,2019,38.58666666666667,7.366818181818183,jacksju01-2019
burketr01,23.1,5.6,201902230UTA-DAL,201902230UTA-UTA,DAL-2019,0,2019,129.36,7.366818181818183,burketr01-2019
mejrisa01,18.316666666666666,-1.7,201902230UTA-DAL,201902230UTA-UTA,DAL-2019,0,2019,-31.138333333333332,7.366818181818183,mejrisa01-2019
leeco01,16.033333333333335,-3,201902230UTA-DAL,201902230UTA-UTA,DAL-2019,0,2019,-48.10000000000001,7.366818181818183,leeco01-2019
harride01,15.8,-4.2,201902230UTA-DAL,201902230UTA-UTA,DAL-2019,0,2019,-66.36,7.366818181818183,harride01-2019
broekry01,6.316666666666666,2.2,201902230UTA-DAL,201902230UTA-UTA,DAL-2019,0,2019,13.896666666666667,7.366818181818183,broekry01-2019
poweldw01,36.733333333333334,13.9,201902250LAC-DAL,201902250LAC-LAC,DAL-2019,0,2019,510.59333333333336,34.74909090909091,poweldw01-2019
hardati02,35.016666666666666,-6.1,201902250LAC-DAL,201902250LAC-LAC,DAL-2019,0,2019,-213.60166666666666,34.74909090909091,hardati02-2019
finnedo01,34.25,-1.7,201902250LAC-DAL,201902250LAC-LAC,DAL-2019,0,2019,-58.225,34.74909090909091,finnedo01-2019
doncilu01,32.666666666666664,6.3,201902250LAC-DAL,201902250LAC-LAC,DAL-2019,0,2019,205.79999999999998,34.74909090909091,doncilu01-2019
nowitdi01,25.85,-1,201902250LAC-DAL,201902250LAC-LAC,DAL-2019,0,2019,-25.85,34.74909090909091,nowitdi01-2019
brunsja01,20.783333333333335,-1.8,201902250LAC-DAL,201902250LAC-LAC,DAL-2019,0,2019,-37.410000000000004,34.74909090909091,brunsja01-2019
klebima01,18.25,3.4,201902250LAC-DAL,201902250LAC-LAC,DAL-2019,0,2019,62.05,34.74909090909091,klebima01-2019
harride01,15.266666666666667,-1,201902250LAC-DAL,201902250LAC-LAC,DAL-2019,0,2019,-15.266666666666667,34.74909090909091,harride01-2019
mejrisa01,12.483333333333333,-1.9,201902250LAC-DAL,201902250LAC-LAC,DAL-2019,0,2019,-23.71833333333333,34.74909090909091,mejrisa01-2019
burketr01,6.016666666666667,-3.5,201902250LAC-DAL,201902250LAC-LAC,DAL-2019,0,2019,-21.058333333333334,34.74909090909091,burketr01-2019
jacksju01,2.6833333333333336,-0.4,201902250LAC-DAL,201902250LAC-LAC,DAL-2019,0,2019,-1.0733333333333335,34.74909090909091,jacksju01-2019
matthwe02,37.05,0.1,201902270DAL-IND,201902270DAL-DAL,IND-2019,0,2019,3.705,7.575166666666665,matthwe02-2019
bogdabo02,33.71666666666667,-2,201902270DAL-IND,201902270DAL-DAL,IND-2019,0,2019,-67.43333333333334,7.575166666666665,bogdabo02-2019
youngth01,31.933333333333334,-0.8,201902270DAL-IND,201902270DAL-DAL,IND-2019,0,2019,-25.546666666666667,7.575166666666665,youngth01-2019
josepco01,31.55,2.4,201902270DAL-IND,201902270DAL-DAL,IND-2019,0,2019,75.72,7.575166666666665,josepco01-2019
turnemy01,30.633333333333333,1.7,201902270DAL-IND,201902270DAL-DAL,IND-2019,0,2019,52.07666666666667,7.575166666666665,turnemy01-2019
collida01,26.566666666666666,-1.7,201902270DAL-IND,201902270DAL-DAL,IND-2019,0,2019,-45.163333333333334,7.575166666666665,collida01-2019
mcderdo01,18.183333333333334,-0.5,201902270DAL-IND,201902270DAL-DAL,IND-2019,0,2019,-9.091666666666667,7.575166666666665,mcderdo01-2019
leaftj01,16.5,5.6,201902270DAL-IND,201902270DAL-DAL,IND-2019,0,2019,92.39999999999999,7.575166666666665,leaftj01-2019
oquinky01,10.816666666666666,0,201902270DAL-IND,201902270DAL-DAL,IND-2019,0,2019,0,7.575166666666665,oquinky01-2019
holidaa01,3.05,-0.3,201902270DAL-IND,201902270DAL-DAL,IND-2019,0,2019,-0.9149999999999999,7.575166666666665,holidaa01-2019
cabocbr01,34.53333333333333,5.3,201903020DAL-MEM,201903020DAL-DAL,MEM-2019,1,2019,183.02666666666664,57.89958333333333,cabocbr01-2019
bradlav01,32.05,3.9,201903020DAL-MEM,201903020DAL-DAL,MEM-2019,1,2019,124.99499999999999,57.89958333333333,bradlav01-2019
valanjo01,28.133333333333333,9.4,201903020DAL-MEM,201903020DAL-DAL,MEM-2019,1,2019,264.4533333333333,57.89958333333333,valanjo01-2019
milescj01,26.416666666666668,4.3,201903020DAL-MEM,201903020DAL-DAL,MEM-2019,1,2019,113.59166666666667,57.89958333333333,milescj01-2019
wrighde01,25.333333333333332,-5.8,201903020DAL-MEM,201903020DAL-DAL,MEM-2019,1,2019,-146.9333333333333,57.89958333333333,wrighde01-2019
conlemi01,23.116666666666667,-2.9,201903020DAL-MEM,201903020DAL-DAL,MEM-2019,1,2019,-67.03833333333333,57.89958333333333,conlemi01-2019
noahjo01,17.216666666666665,7.2,201903020DAL-MEM,201903020DAL-DAL,MEM-2019,1,2019,123.96,57.89958333333333,noahjo01-2019
parsoch01,15.483333333333333,0.8,201903020DAL-MEM,201903020DAL-DAL,MEM-2019,1,2019,12.386666666666667,57.89958333333333,parsoch01-2019
rabbiv01,13.65,1.2,201903020DAL-MEM,201903020DAL-DAL,MEM-2019,1,2019,16.38,57.89958333333333,rabbiv01-2019
carteje01,11.733333333333333,8.7,201903020DAL-MEM,201903020DAL-DAL,MEM-2019,1,2019,102.07999999999998,57.89958333333333,carteje01-2019
dorsety01,9.266666666666667,-3.2,201903020DAL-MEM,201903020DAL-DAL,MEM-2019,1,2019,-29.653333333333336,57.89958333333333,dorsety01-2019
holidju01,3.066666666666667,-0.8,201903020DAL-MEM,201903020DAL-DAL,MEM-2019,1,2019,-2.4533333333333336,57.89958333333333,holidju01-2019
poweldw01,32.483333333333334,11.9,201903040BRK-DAL,201903040BRK-BRK,DAL-2019,0,2019,386.5516666666667,-3.7279487179487156,poweldw01-2019
doncilu01,28.616666666666667,1.6,201903040BRK-DAL,201903040BRK-BRK,DAL-2019,0,2019,45.78666666666667,-3.7279487179487156,doncilu01-2019
hardati02,24.7,-6.6,201903040BRK-DAL,201903040BRK-BRK,DAL-2019,0,2019,-163.01999999999998,-3.7279487179487156,hardati02-2019
klebima01,22.433333333333334,2.5,201903040BRK-DAL,201903040BRK-BRK,DAL-2019,0,2019,56.083333333333336,-3.7279487179487156,klebima01-2019
finnedo01,20.95,-4.7,201903040BRK-DAL,201903040BRK-BRK,DAL-2019,0,2019,-98.465,-3.7279487179487156,finnedo01-2019
leeco01,20.933333333333334,1.7,201903040BRK-DAL,201903040BRK-BRK,DAL-2019,0,2019,35.586666666666666,-3.7279487179487156,leeco01-2019
brunsja01,19.75,-0.1,201903040BRK-DAL,201903040BRK-BRK,DAL-2019,0,2019,-1.975,-3.7279487179487156,brunsja01-2019
nowitdi01,19.433333333333334,-7.1,201903040BRK-DAL,201903040BRK-BRK,DAL-2019,0,2019,-137.97666666666666,-3.7279487179487156,nowitdi01-2019
broekry01,18.566666666666666,-6.7,201903040BRK-DAL,201903040BRK-BRK,DAL-2019,0,2019,-124.39666666666668,-3.7279487179487156,broekry01-2019
harride01,9.95,-2.7,201903040BRK-DAL,201903040BRK-BRK,DAL-2019,0,2019,-26.865,-3.7279487179487156,harride01-2019
burketr01,9.633333333333333,0.4,201903040BRK-DAL,201903040BRK-BRK,DAL-2019,0,2019,3.8533333333333335,-3.7279487179487156,burketr01-2019
jacksju01,7.483333333333333,-1.6,201903040BRK-DAL,201903040BRK-BRK,DAL-2019,0,2019,-11.973333333333334,-3.7279487179487156,jacksju01-2019
mejrisa01,5.066666666666666,-2.3,201903040BRK-DAL,201903040BRK-BRK,DAL-2019,0,2019,-11.653333333333332,-3.7279487179487156,mejrisa01-2019
brunsja01,36.21666666666667,-2.5,201903060WAS-DAL,201903060WAS-WAS,DAL-2019,0,2019,-90.54166666666667,29.00933333333333,brunsja01-2019
poweldw01,36,8.5,201903060WAS-DAL,201903060WAS-WAS,DAL-2019,0,2019,306,29.00933333333333,poweldw01-2019
doncilu01,35.78333333333333,6.7,201903060WAS-DAL,201903060WAS-WAS,DAL-2019,0,2019,239.74833333333333,29.00933333333333,doncilu01-2019
hardati02,29.883333333333333,-3.6,201903060WAS-DAL,201903060WAS-WAS,DAL-2019,0,2019,-107.58,29.00933333333333,hardati02-2019
finnedo01,27.233333333333334,-1.9,201903060WAS-DAL,201903060WAS-WAS,DAL-2019,0,2019,-51.74333333333333,29.00933333333333,finnedo01-2019
jacksju01,25.383333333333333,4.8,201903060WAS-DAL,201903060WAS-WAS,DAL-2019,0,2019,121.83999999999999,29.00933333333333,jacksju01-2019
harride01,17.2,-4.9,201903060WAS-DAL,201903060WAS-WAS,DAL-2019,0,2019,-84.28,29.00933333333333,harride01-2019
mejrisa01,12,0.8,201903060WAS-DAL,201903060WAS-WAS,DAL-2019,0,2019,9.600000000000001,29.00933333333333,mejrisa01-2019
nowitdi01,11.766666666666667,-4.5,201903060WAS-DAL,201903060WAS-WAS,DAL-2019,0,2019,-52.95,29.00933333333333,nowitdi01-2019
leeco01,8.533333333333333,0,201903060WAS-DAL,201903060WAS-WAS,DAL-2019,0,2019,0,29.00933333333333,leeco01-2019
doncilu01,32.63333333333333,4.4,201903080ORL-DAL,201903080ORL-ORL,DAL-2019,0,2019,143.58666666666667,23.831666666666663,doncilu01-2019
poweldw01,32.46666666666667,1.9,201903080ORL-DAL,201903080ORL-ORL,DAL-2019,0,2019,61.68666666666667,23.831666666666663,poweldw01-2019
brunsja01,30.483333333333334,6.3,201903080ORL-DAL,201903080ORL-ORL,DAL-2019,0,2019,192.045,23.831666666666663,brunsja01-2019
hardati02,30.166666666666668,-3.1,201903080ORL-DAL,201903080ORL-ORL,DAL-2019,0,2019,-93.51666666666668,23.831666666666663,hardati02-2019
finnedo01,25.816666666666666,-2.2,201903080ORL-DAL,201903080ORL-ORL,DAL-2019,0,2019,-56.796666666666674,23.831666666666663,finnedo01-2019
leeco01,23.083333333333332,-3.2,201903080ORL-DAL,201903080ORL-ORL,DAL-2019,0,2019,-73.86666666666666,23.831666666666663,leeco01-2019
jacksju01,20.75,-1,201903080ORL-DAL,201903080ORL-ORL,DAL-2019,0,2019,-20.75,23.831666666666663,jacksju01-2019
nowitdi01,18.516666666666666,2.5,201903080ORL-DAL,201903080ORL-ORL,DAL-2019,0,2019,46.291666666666664,23.831666666666663,nowitdi01-2019
mejrisa01,15.516666666666667,3.3,201903080ORL-DAL,201903080ORL-ORL,DAL-2019,0,2019,51.205,23.831666666666663,mejrisa01-2019
burketr01,10.516666666666667,-1.1,201903080ORL-DAL,201903080ORL-ORL,DAL-2019,0,2019,-11.568333333333335,23.831666666666663,burketr01-2019
tuckepj01,37.85,7.5,201903100DAL-HOU,201903100DAL-DAL,HOU-2019,1,2019,283.875,68.42111111111112,tuckepj01-2019
capelca01,35.65,6,201903100DAL-HOU,201903100DAL-DAL,HOU-2019,1,2019,213.89999999999998,68.42111111111112,capelca01-2019
hardeja01,33.916666666666664,-3.3,201903100DAL-HOU,201903100DAL-DAL,HOU-2019,1,2019,-111.92499999999998,68.42111111111112,hardeja01-2019
paulch01,32.833333333333336,3.5,201903100DAL-HOU,201903100DAL-DAL,HOU-2019,1,2019,114.91666666666667,68.42111111111112,paulch01-2019
gordoer01,31.8,8.9,201903100DAL-HOU,201903100DAL-DAL,HOU-2019,1,2019,283.02000000000004,68.42111111111112,gordoer01-2019
riverau01,28.116666666666667,-6,201903100DAL-HOU,201903100DAL-DAL,HOU-2019,1,2019,-168.7,68.42111111111112,riverau01-2019
greenge01,22.266666666666666,1.4,201903100DAL-HOU,201903100DAL-DAL,HOU-2019,1,2019,31.17333333333333,68.42111111111112,greenge01-2019
hilarne01,12.35,-1.2,201903100DAL-HOU,201903100DAL-DAL,HOU-2019,1,2019,-14.819999999999999,68.42111111111112,hilarne01-2019
shumpim01,5.216666666666667,-3,201903100DAL-HOU,201903100DAL-DAL,HOU-2019,1,2019,-15.65,68.42111111111112,shumpim01-2019
derozde01,38.43333333333333,9,201903120DAL-SAS,201903120DAL-DAL,SAS-2019,1,2019,345.9,74.8161111111111,derozde01-2019
aldrila01,38.18333333333333,1.6,201903120DAL-SAS,201903120DAL-DAL,SAS-2019,1,2019,61.093333333333334,74.8161111111111,aldrila01-2019
whitede01,32.8,9.1,201903120DAL-SAS,201903120DAL-DAL,SAS-2019,1,2019,298.47999999999996,74.8161111111111,whitede01-2019
poeltja01,28.916666666666668,5,201903120DAL-SAS,201903120DAL-DAL,SAS-2019,1,2019,144.58333333333334,74.8161111111111,poeltja01-2019
forbebr01,26.866666666666667,-0.4,201903120DAL-SAS,201903120DAL-DAL,SAS-2019,1,2019,-10.746666666666668,74.8161111111111,forbebr01-2019
bertada01,25.833333333333332,3.4,201903120DAL-SAS,201903120DAL-DAL,SAS-2019,1,2019,87.83333333333333,74.8161111111111,bertada01-2019
belinma01,23.85,-5.6,201903120DAL-SAS,201903120DAL-DAL,SAS-2019,1,2019,-133.56,74.8161111111111,belinma01-2019
millspa02,22.05,-5.3,201903120DAL-SAS,201903120DAL-DAL,SAS-2019,1,2019,-116.865,74.8161111111111,millspa02-2019
eubandr01,3.066666666666667,-1.1,201903120DAL-SAS,201903120DAL-DAL,SAS-2019,1,2019,-3.373333333333334,74.8161111111111,eubandr01-2019
brunsja01,39.38333333333333,4.2,201903140DEN-DAL,201903140DEN-DEN,DAL-2019,0,2019,165.41,53.29469696969697,brunsja01-2019
hardati02,37.083333333333336,2,201903140DEN-DAL,201903140DEN-DEN,DAL-2019,0,2019,74.16666666666667,53.29469696969697,hardati02-2019
poweldw01,36.083333333333336,0.4,201903140DEN-DAL,201903140DEN-DEN,DAL-2019,0,2019,14.433333333333335,53.29469696969697,poweldw01-2019
doncilu01,35.06666666666667,7.1,201903140DEN-DAL,201903140DEN-DEN,DAL-2019,0,2019,248.97333333333336,53.29469696969697,doncilu01-2019
klebima01,29.066666666666666,3.8,201903140DEN-DAL,201903140DEN-DEN,DAL-2019,0,2019,110.45333333333333,53.29469696969697,klebima01-2019
nowitdi01,19.383333333333333,2.4,201903140DEN-DAL,201903140DEN-DEN,DAL-2019,0,2019,46.519999999999996,53.29469696969697,nowitdi01-2019
finnedo01,17.916666666666668,-2.4,201903140DEN-DAL,201903140DEN-DEN,DAL-2019,0,2019,-43,53.29469696969697,finnedo01-2019
mejrisa01,9.633333333333333,-0.9,201903140DEN-DAL,201903140DEN-DEN,DAL-2019,0,2019,-8.67,53.29469696969697,mejrisa01-2019
harride01,9.183333333333334,-1.3,201903140DEN-DAL,201903140DEN-DEN,DAL-2019,0,2019,-11.938333333333334,53.29469696969697,harride01-2019
jacksju01,5.466666666666667,-1.5,201903140DEN-DAL,201903140DEN-DEN,DAL-2019,0,2019,-8.2,53.29469696969697,jacksju01-2019
leeco01,1.7333333333333334,-1.1,201903140DEN-DAL,201903140DEN-DEN,DAL-2019,0,2019,-1.906666666666667,53.29469696969697,leeco01-2019
sextoco01,38.36666666666667,7,201903160DAL-CLE,201903160DAL-DAL,CLE-2019,0,2019,268.56666666666666,30.68611111111111,sextoco01-2019
osmande01,36.65,5.5,201903160DAL-CLE,201903160DAL-DAL,CLE-2019,0,2019,201.575,30.68611111111111,osmande01-2019
loveke01,32.45,5.5,201903160DAL-CLE,201903160DAL-DAL,CLE-2019,0,2019,178.47500000000002,30.68611111111111,loveke01-2019
zizican01,30.816666666666666,0.2,201903160DAL-CLE,201903160DAL-DAL,CLE-2019,0,2019,6.163333333333334,30.68611111111111,zizican01-2019
clarkjo01,30.416666666666668,-2.3,201903160DAL-CLE,201903160DAL-DAL,CLE-2019,0,2019,-69.95833333333333,30.68611111111111,clarkjo01-2019
knighbr03,20.3,-5.7,201903160DAL-CLE,201903160DAL-DAL,CLE-2019,0,2019,-115.71000000000001,30.68611111111111,knighbr03-2019
stausni01,18.333333333333332,-5.5,201903160DAL-CLE,201903160DAL-DAL,CLE-2019,0,2019,-100.83333333333333,30.68611111111111,stausni01-2019
chrisma01,17.1,-2.2,201903160DAL-CLE,201903160DAL-DAL,CLE-2019,0,2019,-37.620000000000005,30.68611111111111,chrisma01-2019
nwabada01,15.566666666666666,-3.5,201903160DAL-CLE,201903160DAL-DAL,CLE-2019,0,2019,-54.483333333333334,30.68611111111111,nwabada01-2019
jacksfr01,40.35,-0.5,201903180DAL-NOP,201903180DAL-DAL,NOP-2019,1,2019,-20.175,32.593636363636364,jacksfr01-2019
willike04,39.86666666666667,0.8,201903180DAL-NOP,201903180DAL-DAL,NOP-2019,1,2019,31.893333333333334,32.593636363636364,willike04-2019
paytoel01,37.416666666666664,4.1,201903180DAL-NOP,201903180DAL-DAL,NOP-2019,1,2019,153.4083333333333,32.593636363636364,paytoel01-2019
randlju01,34.21666666666667,6.9,201903180DAL-NOP,201903180DAL-DAL,NOP-2019,1,2019,236.09500000000003,32.593636363636364,randlju01-2019
milleda01,31.2,-3.3,201903180DAL-NOP,201903180DAL-DAL,NOP-2019,1,2019,-102.96,32.593636363636364,milleda01-2019
diallch01,27.166666666666668,-3,201903180DAL-NOP,201903180DAL-DAL,NOP-2019,1,2019,-81.5,32.593636363636364,diallch01-2019
davisan02,20.916666666666668,8.3,201903180DAL-NOP,201903180DAL-DAL,NOP-2019,1,2019,173.60833333333335,32.593636363636364,davisan02-2019
clarkia01,14.35,-1,201903180DAL-NOP,201903180DAL-DAL,NOP-2019,1,2019,-14.35,32.593636363636364,clarkia01-2019
bertada02,7.016666666666667,0.5,201903180DAL-NOP,201903180DAL-DAL,NOP-2019,1,2019,3.5083333333333333,32.593636363636364,bertada02-2019
okafoja01,6.783333333333333,-2,201903180DAL-NOP,201903180DAL-DAL,NOP-2019,1,2019,-13.566666666666666,32.593636363636364,okafoja01-2019
johnsst04,5.716666666666667,-1.3,201903180DAL-NOP,201903180DAL-DAL,NOP-2019,1,2019,-7.431666666666667,32.593636363636364,johnsst04-2019
jacksju01,33.75,2.5,201903200POR-DAL,201903200POR-POR,DAL-2019,0,2019,84.375,17.514358974358974,jacksju01-2019
doncilu01,28.833333333333332,3,201903200POR-DAL,201903200POR-POR,DAL-2019,0,2019,86.5,17.514358974358974,doncilu01-2019
brunsja01,26.15,3.5,201903200POR-DAL,201903200POR-POR,DAL-2019,0,2019,91.52499999999999,17.514358974358974,brunsja01-2019
poweldw01,25.75,-1.6,201903200POR-DAL,201903200POR-POR,DAL-2019,0,2019,-41.2,17.514358974358974,poweldw01-2019
hardati02,23.7,1.6,201903200POR-DAL,201903200POR-POR,DAL-2019,0,2019,37.92,17.514358974358974,hardati02-2019
burketr01,21.85,-0.1,201903200POR-DAL,201903200POR-POR,DAL-2019,0,2019,-2.185,17.514358974358974,burketr01-2019
mejrisa01,18.35,0.4,201903200POR-DAL,201903200POR-POR,DAL-2019,0,2019,7.340000000000001,17.514358974358974,mejrisa01-2019
leeco01,15.383333333333333,-0.4,201903200POR-DAL,201903200POR-POR,DAL-2019,0,2019,-6.153333333333333,17.514358974358974,leeco01-2019
nowitdi01,14.25,-2.1,201903200POR-DAL,201903200POR-POR,DAL-2019,0,2019,-29.925,17.514358974358974,nowitdi01-2019
finnedo01,11.316666666666666,-0.4,201903200POR-DAL,201903200POR-POR,DAL-2019,0,2019,-4.526666666666666,17.514358974358974,finnedo01-2019
harride01,9.6,0.7,201903200POR-DAL,201903200POR-POR,DAL-2019,0,2019,6.72,17.514358974358974,harride01-2019
antetko01,5.883333333333333,-0.9,201903200POR-DAL,201903200POR-POR,DAL-2019,0,2019,-5.295,17.514358974358974,antetko01-2019
broekry01,5.183333333333334,0.5,201903200POR-DAL,201903200POR-POR,DAL-2019,0,2019,2.591666666666667,17.514358974358974,broekry01-2019
klebima01,32.75,-1.4,201903210SAC-DAL,201903210SAC-SAC,DAL-2019,0,2019,-45.849999999999994,4.769861111111113,klebima01-2019
jacksju01,32.733333333333334,-0.1,201903210SAC-DAL,201903210SAC-SAC,DAL-2019,0,2019,-3.2733333333333334,4.769861111111113,jacksju01-2019
poweldw01,29.95,8.3,201903210SAC-DAL,201903210SAC-SAC,DAL-2019,0,2019,248.585,4.769861111111113,poweldw01-2019
brunsja01,27.683333333333334,-5,201903210SAC-DAL,201903210SAC-SAC,DAL-2019,0,2019,-138.41666666666666,4.769861111111113,brunsja01-2019
doncilu01,26.033333333333335,-3.4,201903210SAC-DAL,201903210SAC-SAC,DAL-2019,0,2019,-88.51333333333334,4.769861111111113,doncilu01-2019
harride01,20.1,3.4,201903210SAC-DAL,201903210SAC-SAC,DAL-2019,0,2019,68.34,4.769861111111113,harride01-2019
burketr01,19.183333333333334,-1.2,201903210SAC-DAL,201903210SAC-SAC,DAL-2019,0,2019,-23.02,4.769861111111113,burketr01-2019
broekry01,16.816666666666666,5,201903210SAC-DAL,201903210SAC-SAC,DAL-2019,0,2019,84.08333333333333,4.769861111111113,broekry01-2019
nowitdi01,12.633333333333333,-1,201903210SAC-DAL,201903210SAC-SAC,DAL-2019,0,2019,-12.633333333333333,4.769861111111113,nowitdi01-2019
finnedo01,10.466666666666667,-3.2,201903210SAC-DAL,201903210SAC-SAC,DAL-2019,0,2019,-33.49333333333333,4.769861111111113,finnedo01-2019
mejrisa01,8.65,0.2,201903210SAC-DAL,201903210SAC-SAC,DAL-2019,0,2019,1.7300000000000002,4.769861111111113,mejrisa01-2019
leeco01,3,-0.1,201903210SAC-DAL,201903210SAC-SAC,DAL-2019,0,2019,-0.30000000000000004,4.769861111111113,leeco01-2019
doncilu01,27.35,10.3,201903230GSW-DAL,201903230GSW-GSW,DAL-2019,1,2019,281.70500000000004,69.0126923076923,doncilu01-2019
nowitdi01,26.316666666666666,6.7,201903230GSW-DAL,201903230GSW-GSW,DAL-2019,1,2019,176.32166666666666,69.0126923076923,nowitdi01-2019
poweldw01,25.883333333333333,4,201903230GSW-DAL,201903230GSW-GSW,DAL-2019,1,2019,103.53333333333333,69.0126923076923,poweldw01-2019
broekry01,24.533333333333335,6.4,201903230GSW-DAL,201903230GSW-GSW,DAL-2019,1,2019,157.01333333333335,69.0126923076923,broekry01-2019
brunsja01,23.616666666666667,2,201903230GSW-DAL,201903230GSW-GSW,DAL-2019,1,2019,47.233333333333334,69.0126923076923,brunsja01-2019
klebima01,23.566666666666666,3.6,201903230GSW-DAL,201903230GSW-GSW,DAL-2019,1,2019,84.84,69.0126923076923,klebima01-2019
jacksju01,21.05,0.4,201903230GSW-DAL,201903230GSW-GSW,DAL-2019,1,2019,8.42,69.0126923076923,jacksju01-2019
burketr01,20.65,1.9,201903230GSW-DAL,201903230GSW-GSW,DAL-2019,1,2019,39.23499999999999,69.0126923076923,burketr01-2019
harride01,19.7,1,201903230GSW-DAL,201903230GSW-GSW,DAL-2019,1,2019,19.7,69.0126923076923,harride01-2019
finnedo01,13.283333333333333,0.3,201903230GSW-DAL,201903230GSW-GSW,DAL-2019,1,2019,3.985,69.0126923076923,finnedo01-2019
antetko01,4.683333333333334,-1.5,201903230GSW-DAL,201903230GSW-GSW,DAL-2019,1,2019,-7.025,69.0126923076923,antetko01-2019
leeco01,4.683333333333334,-2,201903230GSW-DAL,201903230GSW-GSW,DAL-2019,1,2019,-9.366666666666667,69.0126923076923,leeco01-2019
maconda01,4.683333333333334,-1.8,201903230GSW-DAL,201903230GSW-GSW,DAL-2019,1,2019,-8.430000000000001,69.0126923076923,maconda01-2019
hieldbu01,34.516666666666666,0.4,201903260DAL-SAC,201903260DAL-DAL,SAC-2019,1,2019,13.806666666666667,37.892,hieldbu01-2019
barneha02,33.03333333333333,-2.3,201903260DAL-SAC,201903260DAL-DAL,SAC-2019,1,2019,-75.97666666666666,37.892,barneha02-2019
foxde01,31.5,1.5,201903260DAL-SAC,201903260DAL-DAL,SAC-2019,1,2019,47.25,37.892,foxde01-2019
caulewi01,29.783333333333335,6.4,201903260DAL-SAC,201903260DAL-DAL,SAC-2019,1,2019,190.61333333333334,37.892,caulewi01-2019
bogdabo01,29.35,5.3,201903260DAL-SAC,201903260DAL-DAL,SAC-2019,1,2019,155.555,37.892,bogdabo01-2019
bjeline01,28.083333333333332,2.4,201903260DAL-SAC,201903260DAL-DAL,SAC-2019,1,2019,67.39999999999999,37.892,bjeline01-2019
baglema01,23.5,-0.9,201903260DAL-SAC,201903260DAL-DAL,SAC-2019,1,2019,-21.150000000000002,37.892,baglema01-2019
ferreyo01,16.5,-0.7,201903260DAL-SAC,201903260DAL-DAL,SAC-2019,1,2019,-11.549999999999999,37.892,ferreyo01-2019
breweco01,7.016666666666667,0.7,201903260DAL-SAC,201903260DAL-DAL,SAC-2019,1,2019,4.911666666666666,37.892,breweco01-2019
koufoko01,6.716666666666667,1.2,201903260DAL-SAC,201903260DAL-DAL,SAC-2019,1,2019,8.06,37.892,koufoko01-2019
jacksju01,32.78333333333333,5.9,201903280MIA-DAL,201903280MIA-MIA,DAL-2019,0,2019,193.42166666666668,20.874444444444446,jacksju01-2019
poweldw01,31.816666666666666,1.8,201903280MIA-DAL,201903280MIA-MIA,DAL-2019,0,2019,57.27,20.874444444444446,poweldw01-2019
brunsja01,31.666666666666668,0.4,201903280MIA-DAL,201903280MIA-MIA,DAL-2019,0,2019,12.666666666666668,20.874444444444446,brunsja01-2019
doncilu01,30.7,-1.1,201903280MIA-DAL,201903280MIA-MIA,DAL-2019,0,2019,-33.77,20.874444444444446,doncilu01-2019
nowitdi01,27.616666666666667,0.8,201903280MIA-DAL,201903280MIA-MIA,DAL-2019,0,2019,22.093333333333334,20.874444444444446,nowitdi01-2019
klebima01,18.866666666666667,1.2,201903280MIA-DAL,201903280MIA-MIA,DAL-2019,0,2019,22.64,20.874444444444446,klebima01-2019
burketr01,17.466666666666665,-1.8,201903280MIA-DAL,201903280MIA-MIA,DAL-2019,0,2019,-31.439999999999998,20.874444444444446,burketr01-2019
broekry01,14.65,1.7,201903280MIA-DAL,201903280MIA-MIA,DAL-2019,0,2019,24.905,20.874444444444446,broekry01-2019
mejrisa01,13.433333333333334,0.4,201903280MIA-DAL,201903280MIA-MIA,DAL-2019,0,2019,5.373333333333334,20.874444444444446,mejrisa01-2019
harride01,9.166666666666666,0,201903280MIA-DAL,201903280MIA-MIA,DAL-2019,0,2019,0,20.874444444444446,harride01-2019
leeco01,6.9,-4,201903280MIA-DAL,201903280MIA-MIA,DAL-2019,0,2019,-27.6,20.874444444444446,leeco01-2019
finnedo01,4.933333333333334,1,201903280MIA-DAL,201903280MIA-MIA,DAL-2019,0,2019,4.933333333333334,20.874444444444446,finnedo01-2019
burketr01,30.516666666666666,11.3,201903310OKC-DAL,201903310OKC-OKC,DAL-2019,1,2019,344.83833333333337,27.72939393939394,burketr01-2019
brunsja01,30.416666666666668,2.5,201903310OKC-DAL,201903310OKC-OKC,DAL-2019,1,2019,76.04166666666667,27.72939393939394,brunsja01-2019
poweldw01,28.35,-7.9,201903310OKC-DAL,201903310OKC-OKC,DAL-2019,1,2019,-223.96500000000003,27.72939393939394,poweldw01-2019
klebima01,26.85,-1.1,201903310OKC-DAL,201903310OKC-OKC,DAL-2019,1,2019,-29.535000000000004,27.72939393939394,klebima01-2019
nowitdi01,26.516666666666666,-1.8,201903310OKC-DAL,201903310OKC-OKC,DAL-2019,1,2019,-47.73,27.72939393939394,nowitdi01-2019
broekry01,24.066666666666666,1.7,201903310OKC-DAL,201903310OKC-OKC,DAL-2019,1,2019,40.913333333333334,27.72939393939394,broekry01-2019
harride01,16.916666666666668,3,201903310OKC-DAL,201903310OKC-OKC,DAL-2019,1,2019,50.75,27.72939393939394,harride01-2019
leeco01,16.8,2.6,201903310OKC-DAL,201903310OKC-OKC,DAL-2019,1,2019,43.68000000000001,27.72939393939394,leeco01-2019
finnedo01,16.283333333333335,0.6,201903310OKC-DAL,201903310OKC-OKC,DAL-2019,1,2019,9.770000000000001,27.72939393939394,finnedo01-2019
jacksju01,12.833333333333334,3.3,201903310OKC-DAL,201903310OKC-OKC,DAL-2019,1,2019,42.35,27.72939393939394,jacksju01-2019
mejrisa01,10.45,-0.2,201903310OKC-DAL,201903310OKC-OKC,DAL-2019,1,2019,-2.09,27.72939393939394,mejrisa01-2019
harrito02,33.68333333333333,3.9,201904010DAL-PHI,201904010DAL-DAL,PHI-2019,0,2019,131.36499999999998,-2.3724358974359006,harrito02-2019
simmobe01,31.516666666666666,0.6,201904010DAL-PHI,201904010DAL-DAL,PHI-2019,0,2019,18.91,-2.3724358974359006,simmobe01-2019
boldejo01,29.966666666666665,-5.5,201904010DAL-PHI,201904010DAL-DAL,PHI-2019,0,2019,-164.81666666666666,-2.3724358974359006,boldejo01-2019
redicjj01,28.516666666666666,3.3,201904010DAL-PHI,201904010DAL-DAL,PHI-2019,0,2019,94.10499999999999,-2.3724358974359006,redicjj01-2019
scottmi01,22.85,-3.1,201904010DAL-PHI,201904010DAL-DAL,PHI-2019,0,2019,-70.83500000000001,-2.3724358974359006,scottmi01-2019
ennisja01,21.783333333333335,-1.3,201904010DAL-PHI,201904010DAL-DAL,PHI-2019,0,2019,-28.318333333333335,-2.3724358974359006,ennisja01-2019
miltosh01,17,-5.8,201904010DAL-PHI,201904010DAL-DAL,PHI-2019,0,2019,-98.6,-2.3724358974359006,miltosh01-2019
mccontj01,16.95,7.6,201904010DAL-PHI,201904010DAL-DAL,PHI-2019,0,2019,128.82,-2.3724358974359006,mccontj01-2019
marjabo01,13.266666666666667,-1.7,201904010DAL-PHI,201904010DAL-DAL,PHI-2019,0,2019,-22.553333333333335,-2.3724358974359006,marjabo01-2019
smithzh01,9.75,-0.9,201904010DAL-PHI,201904010DAL-DAL,PHI-2019,0,2019,-8.775,-2.3724358974359006,smithzh01-2019
highsha01,5.95,-1.4,201904010DAL-PHI,201904010DAL-DAL,PHI-2019,0,2019,-8.33,-2.3724358974359006,highsha01-2019
johnsam01,4.766666666666667,-0.8,201904010DAL-PHI,201904010DAL-DAL,PHI-2019,0,2019,-3.8133333333333335,-2.3724358974359006,johnsam01-2019
simmojo02,4,0.5,201904010DAL-PHI,201904010DAL-DAL,PHI-2019,0,2019,2,-2.3724358974359006,simmojo02-2019
townska01,36.56666666666667,10.9,201904030DAL-MIN,201904030DAL-DAL,MIN-2019,1,2019,398.5766666666667,55.7875,townska01-2019
wiggian01,35.18333333333333,2.9,201904030DAL-MIN,201904030DAL-DAL,MIN-2019,1,2019,102.03166666666665,55.7875,wiggian01-2019
jonesty01,33.916666666666664,5.8,201904030DAL-MIN,201904030DAL-DAL,MIN-2019,1,2019,196.71666666666664,55.7875,jonesty01-2019
saricda01,29.9,0.3,201904030DAL-MIN,201904030DAL-DAL,MIN-2019,1,2019,8.969999999999999,55.7875,saricda01-2019
okogijo01,26.1,-1.4,201904030DAL-MIN,201904030DAL-DAL,MIN-2019,1,2019,-36.54,55.7875,okogijo01-2019
bateske01,19.866666666666667,-0.3,201904030DAL-MIN,201904030DAL-DAL,MIN-2019,1,2019,-5.96,55.7875,bateske01-2019
dienggo01,17.8,-0.7,201904030DAL-MIN,201904030DAL-DAL,MIN-2019,1,2019,-12.459999999999999,55.7875,dienggo01-2019
reynoca01,14.85,-1.3,201904030DAL-MIN,201904030DAL-DAL,MIN-2019,1,2019,-19.305,55.7875,reynoca01-2019
bayleje01,14.083333333333334,-0.1,201904030DAL-MIN,201904030DAL-DAL,MIN-2019,1,2019,-1.4083333333333334,55.7875,bayleje01-2019
tollian01,11.733333333333333,-6.2,201904030DAL-MIN,201904030DAL-DAL,MIN-2019,1,2019,-72.74666666666667,55.7875,tollian01-2019
wrighde01,39.05,11.9,201904050DAL-MEM,201904050DAL-DAL,MEM-2019,1,2019,464.695,39.390166666666666,wrighde01-2019
holidju01,32.35,4.9,201904050DAL-MEM,201904050DAL-DAL,MEM-2019,1,2019,158.51500000000001,39.390166666666666,holidju01-2019
rabbiv01,30.083333333333332,-3,201904050DAL-MEM,201904050DAL-DAL,MEM-2019,1,2019,-90.25,39.390166666666666,rabbiv01-2019
cabocbr01,29.216666666666665,-1.3,201904050DAL-MEM,201904050DAL-DAL,MEM-2019,1,2019,-37.98166666666667,39.390166666666666,cabocbr01-2019
dorsety01,26.066666666666666,-2,201904050DAL-MEM,201904050DAL-DAL,MEM-2019,1,2019,-52.13333333333333,39.390166666666666,dorsety01-2019
carteje01,22.283333333333335,-2.7,201904050DAL-MEM,201904050DAL-DAL,MEM-2019,1,2019,-60.165000000000006,39.390166666666666,carteje01-2019
parsoch01,19.883333333333333,0.4,201904050DAL-MEM,201904050DAL-DAL,MEM-2019,1,2019,7.953333333333333,39.390166666666666,parsoch01-2019
zellety01,17.916666666666668,-0.7,201904050DAL-MEM,201904050DAL-DAL,MEM-2019,1,2019,-12.541666666666666,39.390166666666666,zellety01-2019
washbju01,16.75,0.6,201904050DAL-MEM,201904050DAL-DAL,MEM-2019,1,2019,10.049999999999999,39.390166666666666,washbju01-2019
watanyu01,6.4,0.9,201904050DAL-MEM,201904050DAL-DAL,MEM-2019,1,2019,5.760000000000001,39.390166666666666,watanyu01-2019
finnedo01,40.21666666666667,-6.2,201904070MEM-DAL,201904070MEM-MEM,DAL-2019,1,2019,-249.34333333333336,7.137424242424241,finnedo01-2019
maconda01,32.46666666666667,-1.7,201904070MEM-DAL,201904070MEM-MEM,DAL-2019,1,2019,-55.193333333333335,7.137424242424241,maconda01-2019
mejrisa01,31.85,5.7,201904070MEM-DAL,201904070MEM-MEM,DAL-2019,1,2019,181.54500000000002,7.137424242424241,mejrisa01-2019
burketr01,29.166666666666668,3.7,201904070MEM-DAL,201904070MEM-MEM,DAL-2019,1,2019,107.91666666666667,7.137424242424241,burketr01-2019
brunsja01,23.666666666666668,3.9,201904070MEM-DAL,201904070MEM-MEM,DAL-2019,1,2019,92.3,7.137424242424241,brunsja01-2019
harride01,21.916666666666668,-3.2,201904070MEM-DAL,201904070MEM-MEM,DAL-2019,1,2019,-70.13333333333334,7.137424242424241,harride01-2019
poweldw01,21.15,2,201904070MEM-DAL,201904070MEM-MEM,DAL-2019,1,2019,42.3,7.137424242424241,poweldw01-2019
jacksju01,18.983333333333334,3.8,201904070MEM-DAL,201904070MEM-MEM,DAL-2019,1,2019,72.13666666666667,7.137424242424241,jacksju01-2019
leeco01,17.216666666666665,-3.6,201904070MEM-DAL,201904070MEM-MEM,DAL-2019,1,2019,-61.98,7.137424242424241,leeco01-2019
broekry01,16.5,2.3,201904070MEM-DAL,201904070MEM-MEM,DAL-2019,1,2019,37.949999999999996,7.137424242424241,broekry01-2019
nowitdi01,11.866666666666667,-1.6,201904070MEM-DAL,201904070MEM-MEM,DAL-2019,1,2019,-18.986666666666668,7.137424242424241,nowitdi01-2019
jacksjo02,41.6,-8.6,201904090DAL-PHO,201904090DAL-DAL,PHO-2019,0,2019,-357.76,2.103333333333331,jacksjo02-2019
crawfja01,38.13333333333333,13.1,201904090DAL-PHO,201904090DAL-DAL,PHO-2019,0,2019,499.5466666666666,2.103333333333331,crawfja01-2019
bridgmi01,36.96666666666667,-0.8,201904090DAL-PHO,201904090DAL-DAL,PHO-2019,0,2019,-29.573333333333338,2.103333333333331,bridgmi01-2019
bendedr01,36.333333333333336,1.3,201904090DAL-PHO,201904090DAL-DAL,PHO-2019,0,2019,47.23333333333334,2.103333333333331,bendedr01-2019
okoboel01,26.4,0.3,201904090DAL-PHO,201904090DAL-DAL,PHO-2019,0,2019,7.919999999999999,2.103333333333331,okoboel01-2019
meltode01,19.3,-1.3,201904090DAL-PHO,201904090DAL-DAL,PHO-2019,0,2019,-25.090000000000003,2.103333333333331,meltode01-2019
spaldra01,18.2,-2.8,201904090DAL-PHO,201904090DAL-DAL,PHO-2019,0,2019,-50.959999999999994,2.103333333333331,spaldra01-2019
fredeji01,13.316666666666666,-2.8,201904090DAL-PHO,201904090DAL-DAL,PHO-2019,0,2019,-37.28666666666666,2.103333333333331,fredeji01-2019
danietr01,9.75,-3.6,201904090DAL-PHO,201904090DAL-DAL,PHO-2019,0,2019,-35.1,2.103333333333331,danietr01-2019
harride01,33.61666666666667,-0.6,201904100SAS-DAL,201904100SAS-SAS,DAL-2019,0,2019,-20.169999999999998,0.08566666666666407,harride01-2019
poweldw01,33.2,-0.9,201904100SAS-DAL,201904100SAS-SAS,DAL-2019,0,2019,-29.880000000000003,0.08566666666666407,poweldw01-2019
nowitdi01,31.55,0.7,201904100SAS-DAL,201904100SAS-SAS,DAL-2019,0,2019,22.085,0.08566666666666407,nowitdi01-2019
brunsja01,30.25,-1.8,201904100SAS-DAL,201904100SAS-SAS,DAL-2019,0,2019,-54.45,0.08566666666666407,brunsja01-2019
jacksju01,26.716666666666665,2.7,201904100SAS-DAL,201904100SAS-SAS,DAL-2019,0,2019,72.135,0.08566666666666407,jacksju01-2019
finnedo01,24.033333333333335,-4.9,201904100SAS-DAL,201904100SAS-SAS,DAL-2019,0,2019,-117.76333333333335,0.08566666666666407,finnedo01-2019
leeco01,19.516666666666666,5.3,201904100SAS-DAL,201904100SAS-SAS,DAL-2019,0,2019,103.43833333333332,0.08566666666666407,leeco01-2019
mejrisa01,14.8,0.7,201904100SAS-DAL,201904100SAS-SAS,DAL-2019,0,2019,10.36,0.08566666666666407,mejrisa01-2019
broekry01,13.7,-1.2,201904100SAS-DAL,201904100SAS-SAS,DAL-2019,0,2019,-16.439999999999998,0.08566666666666407,broekry01-2019
burketr01,12.616666666666667,2.5,201904100SAS-DAL,201904100SAS-SAS,DAL-2019,0,2019,31.541666666666668,0.08566666666666407,burketr01-2019
