player,min,VORP,id,opp_id,season_id,win,year,adj_VORP,avg_VORP,link
davisan02,37.733333333333334,0.5,201310300NOP-NOP,201310300NOP-IND,NOP-2014,0,2014,18.866666666666667,41.992727272727265,davisan02-2014
holidjr01,36.13333333333333,8,201310300NOP-NOP,201310300NOP-IND,NOP-2014,0,2014,289.06666666666666,41.992727272727265,holidjr01-2014
gordoer01,33.483333333333334,9.2,201310300NOP-NOP,201310300NOP-IND,NOP-2014,0,2014,308.0466666666666,41.992727272727265,gordoer01-2014
aminual01,23.216666666666665,-0.6,201310300NOP-NOP,201310300NOP-IND,NOP-2014,0,2014,-13.929999999999998,41.992727272727265,aminual01-2014
evansty01,22.666666666666668,-5.8,201310300NOP-NOP,201310300NOP-IND,NOP-2014,0,2014,-131.46666666666667,41.992727272727265,evansty01-2014
smithja02,20.45,1.8,201310300NOP-NOP,201310300NOP-IND,NOP-2014,0,2014,36.81,41.992727272727265,smithja02-2014
onuakar01,15.416666666666666,0.5,201310300NOP-NOP,201310300NOP-IND,NOP-2014,0,2014,7.708333333333333,41.992727272727265,onuakar01-2014
stiemgr01,14.966666666666667,-0.8,201310300NOP-NOP,201310300NOP-IND,NOP-2014,0,2014,-11.973333333333334,41.992727272727265,stiemgr01-2014
roberbr01,14.716666666666667,-0.1,201310300NOP-NOP,201310300NOP-IND,NOP-2014,0,2014,-1.4716666666666667,41.992727272727265,roberbr01-2014
morroan01,14.066666666666666,-1.3,201310300NOP-NOP,201310300NOP-IND,NOP-2014,0,2014,-18.286666666666665,41.992727272727265,morroan01-2014
thomala01,7.15,-3,201310300NOP-NOP,201310300NOP-IND,NOP-2014,0,2014,-21.450000000000003,41.992727272727265,thomala01-2014
afflaar01,35.35,8.3,201311010ORL-ORL,201311010ORL-NOP,ORL-2014,1,2014,293.40500000000003,46.4345,afflaar01-2014
oladivi01,31.333333333333332,2.3,201311010ORL-ORL,201311010ORL-NOP,ORL-2014,1,2014,72.06666666666666,46.4345,oladivi01-2014
nichoan01,29.95,-7.5,201311010ORL-ORL,201311010ORL-NOP,ORL-2014,1,2014,-224.625,46.4345,nichoan01-2014
harklma01,27.433333333333334,3.1,201311010ORL-ORL,201311010ORL-NOP,ORL-2014,1,2014,85.04333333333334,46.4345,harklma01-2014
vucevni01,27.433333333333334,2.4,201311010ORL-ORL,201311010ORL-NOP,ORL-2014,1,2014,65.84,46.4345,vucevni01-2014
nelsoja01,23.75,-1.1,201311010ORL-ORL,201311010ORL-NOP,ORL-2014,1,2014,-26.125000000000004,46.4345,nelsoja01-2014
mooreet01,22.266666666666666,2.7,201311010ORL-ORL,201311010ORL-NOP,ORL-2014,1,2014,60.120000000000005,46.4345,mooreet01-2014
oquinky01,22.216666666666665,6,201311010ORL-ORL,201311010ORL-NOP,ORL-2014,1,2014,133.29999999999998,46.4345,oquinky01-2014
maxieja01,16.4,-0.1,201311010ORL-ORL,201311010ORL-NOP,ORL-2014,1,2014,-1.64,46.4345,maxieja01-2014
pricero01,3.8666666666666667,1.8,201311010ORL-ORL,201311010ORL-NOP,ORL-2014,1,2014,6.96,46.4345,pricero01-2014
davisan02,36.666666666666664,16.7,201311020NOP-NOP,201311020NOP-CHA,NOP-2014,1,2014,612.3333333333333,48.490606060606055,davisan02-2014
holidjr01,32.46666666666667,-3.2,201311020NOP-NOP,201311020NOP-CHA,NOP-2014,1,2014,-103.89333333333335,48.490606060606055,holidjr01-2014
evansty01,31.116666666666667,-3.6,201311020NOP-NOP,201311020NOP-CHA,NOP-2014,1,2014,-112.02000000000001,48.490606060606055,evansty01-2014
smithja02,27.15,-2.3,201311020NOP-NOP,201311020NOP-CHA,NOP-2014,1,2014,-62.44499999999999,48.490606060606055,smithja02-2014
aminual01,22.233333333333334,2.7,201311020NOP-NOP,201311020NOP-CHA,NOP-2014,1,2014,60.03000000000001,48.490606060606055,aminual01-2014
morroan01,21.533333333333335,0.4,201311020NOP-NOP,201311020NOP-CHA,NOP-2014,1,2014,8.613333333333335,48.490606060606055,morroan01-2014
gordoer01,21.1,-1.4,201311020NOP-NOP,201311020NOP-CHA,NOP-2014,1,2014,-29.54,48.490606060606055,gordoer01-2014
stiemgr01,16.683333333333334,3.6,201311020NOP-NOP,201311020NOP-CHA,NOP-2014,1,2014,60.06,48.490606060606055,stiemgr01-2014
roberbr01,15.533333333333333,8.7,201311020NOP-NOP,201311020NOP-CHA,NOP-2014,1,2014,135.14,48.490606060606055,roberbr01-2014
thomala01,13.816666666666666,-2.5,201311020NOP-NOP,201311020NOP-CHA,NOP-2014,1,2014,-34.541666666666664,48.490606060606055,thomala01-2014
witheje01,1.7,-0.2,201311020NOP-NOP,201311020NOP-CHA,NOP-2014,1,2014,-0.34,48.490606060606055,witheje01-2014
davisan02,39.7,-2.6,201311050NOP-NOP,201311050NOP-PHO,NOP-2014,0,2014,-103.22000000000001,25.957222222222217,davisan02-2014
gordoer01,34.21666666666667,3.6,201311050NOP-NOP,201311050NOP-PHO,NOP-2014,0,2014,123.18,25.957222222222217,gordoer01-2014
roberbr01,29.583333333333332,5.9,201311050NOP-NOP,201311050NOP-PHO,NOP-2014,0,2014,174.54166666666666,25.957222222222217,roberbr01-2014
aminual01,27.283333333333335,3.9,201311050NOP-NOP,201311050NOP-PHO,NOP-2014,0,2014,106.405,25.957222222222217,aminual01-2014
smithja02,26.433333333333334,3.3,201311050NOP-NOP,201311050NOP-PHO,NOP-2014,0,2014,87.22999999999999,25.957222222222217,smithja02-2014
holidjr01,24.916666666666668,-2.7,201311050NOP-NOP,201311050NOP-PHO,NOP-2014,0,2014,-67.275,25.957222222222217,holidjr01-2014
evansty01,21.383333333333333,-3.3,201311050NOP-NOP,201311050NOP-PHO,NOP-2014,0,2014,-70.565,25.957222222222217,evansty01-2014
morroan01,20.666666666666668,0.8,201311050NOP-NOP,201311050NOP-PHO,NOP-2014,0,2014,16.533333333333335,25.957222222222217,morroan01-2014
stiemgr01,15.816666666666666,-2.1,201311050NOP-NOP,201311050NOP-PHO,NOP-2014,0,2014,-33.215,25.957222222222217,stiemgr01-2014
conlemi01,33.68333333333333,7,201311060MEM-MEM,201311060MEM-NOP,MEM-2014,0,2014,235.7833333333333,18.007179487179485,conlemi01-2014
gasolma01,30.683333333333334,-1.4,201311060MEM-MEM,201311060MEM-NOP,MEM-2014,0,2014,-42.95666666666666,18.007179487179485,gasolma01-2014
davised01,24.266666666666666,2.7,201311060MEM-MEM,201311060MEM-NOP,MEM-2014,0,2014,65.52,18.007179487179485,davised01-2014
millemi01,23.9,6.4,201311060MEM-MEM,201311060MEM-NOP,MEM-2014,0,2014,152.96,18.007179487179485,millemi01-2014
allento01,21.866666666666667,0.8,201311060MEM-MEM,201311060MEM-NOP,MEM-2014,0,2014,17.493333333333336,18.007179487179485,allento01-2014
koufoko01,17.2,2.8,201311060MEM-MEM,201311060MEM-NOP,MEM-2014,0,2014,48.16,18.007179487179485,koufoko01-2014
princta01,16.766666666666666,-1.2,201311060MEM-MEM,201311060MEM-NOP,MEM-2014,0,2014,-20.119999999999997,18.007179487179485,princta01-2014
pondequ01,16.766666666666666,-5.5,201311060MEM-MEM,201311060MEM-NOP,MEM-2014,0,2014,-92.21666666666667,18.007179487179485,pondequ01-2014
bayleje01,13.566666666666666,-2.9,201311060MEM-MEM,201311060MEM-NOP,MEM-2014,0,2014,-39.343333333333334,18.007179487179485,bayleje01-2014
leuerjo01,12.716666666666667,-2,201311060MEM-MEM,201311060MEM-NOP,MEM-2014,0,2014,-25.433333333333334,18.007179487179485,leuerjo01-2014
frankja01,10.55,0.8,201311060MEM-MEM,201311060MEM-NOP,MEM-2014,0,2014,8.440000000000001,18.007179487179485,frankja01-2014
calatni01,10.15,-6.3,201311060MEM-MEM,201311060MEM-NOP,MEM-2014,0,2014,-63.945,18.007179487179485,calatni01-2014
randoza01,7.883333333333333,-1.3,201311060MEM-MEM,201311060MEM-NOP,MEM-2014,0,2014,-10.248333333333333,18.007179487179485,randoza01-2014
holidjr01,39.416666666666664,2.6,201311080NOP-NOP,201311080NOP-LAL,NOP-2014,1,2014,102.48333333333333,55.1126923076923,holidjr01-2014
davisan02,37.166666666666664,16.2,201311080NOP-NOP,201311080NOP-LAL,NOP-2014,1,2014,602.0999999999999,55.1126923076923,davisan02-2014
gordoer01,31.15,4.8,201311080NOP-NOP,201311080NOP-LAL,NOP-2014,1,2014,149.51999999999998,55.1126923076923,gordoer01-2014
smithja02,29.383333333333333,0.6,201311080NOP-NOP,201311080NOP-LAL,NOP-2014,1,2014,17.63,55.1126923076923,smithja02-2014
evansty01,26.766666666666666,-1.8,201311080NOP-NOP,201311080NOP-LAL,NOP-2014,1,2014,-48.18,55.1126923076923,evansty01-2014
aminual01,18.5,-3.4,201311080NOP-NOP,201311080NOP-LAL,NOP-2014,1,2014,-62.9,55.1126923076923,aminual01-2014
stiemgr01,18.466666666666665,-1,201311080NOP-NOP,201311080NOP-LAL,NOP-2014,1,2014,-18.466666666666665,55.1126923076923,stiemgr01-2014
morroan01,16.733333333333334,3.3,201311080NOP-NOP,201311080NOP-LAL,NOP-2014,1,2014,55.22,55.1126923076923,morroan01-2014
roberbr01,11.616666666666667,-6.7,201311080NOP-NOP,201311080NOP-LAL,NOP-2014,1,2014,-77.83166666666668,55.1126923076923,roberbr01-2014
thomala01,10.366666666666667,-0.3,201311080NOP-NOP,201311080NOP-LAL,NOP-2014,1,2014,-3.11,55.1126923076923,thomala01-2014
onuakar01,0.15,0,201311080NOP-NOP,201311080NOP-LAL,NOP-2014,1,2014,0,55.1126923076923,onuakar01-2014
witheje01,0.15,0,201311080NOP-NOP,201311080NOP-LAL,NOP-2014,1,2014,0,55.1126923076923,witheje01-2014
riverau01,0.13333333333333333,0,201311080NOP-NOP,201311080NOP-LAL,NOP-2014,1,2014,0,55.1126923076923,riverau01-2014
morrima02,33.88333333333333,12.6,201311100PHO-PHO,201311100PHO-NOP,PHO-2014,1,2014,426.93,54.986363636363635,morrima02-2014
bledser01,33.35,7.2,201311100PHO-PHO,201311100PHO-NOP,PHO-2014,1,2014,240.12,54.986363636363635,bledser01-2014
dragigo01,29.566666666666666,-1.5,201311100PHO-PHO,201311100PHO-NOP,PHO-2014,1,2014,-44.35,54.986363636363635,dragigo01-2014
plumlmi01,27.9,3.8,201311100PHO-PHO,201311100PHO-NOP,PHO-2014,1,2014,106.02,54.986363636363635,plumlmi01-2014
greenge01,24.983333333333334,1.7,201311100PHO-PHO,201311100PHO-NOP,PHO-2014,1,2014,42.471666666666664,54.986363636363635,greenge01-2014
tuckepj01,23.883333333333333,-2.5,201311100PHO-PHO,201311100PHO-NOP,PHO-2014,1,2014,-59.70833333333333,54.986363636363635,tuckepj01-2014
morrima03,22.216666666666665,-0.5,201311100PHO-PHO,201311100PHO-NOP,PHO-2014,1,2014,-11.108333333333333,54.986363636363635,morrima03-2014
fryech01,20.4,-4.6,201311100PHO-PHO,201311100PHO-NOP,PHO-2014,1,2014,-93.83999999999999,54.986363636363635,fryech01-2014
goodwar01,16.683333333333334,0.3,201311100PHO-PHO,201311100PHO-NOP,PHO-2014,1,2014,5.005,54.986363636363635,goodwar01-2014
chrisdi01,5.433333333333334,-1.2,201311100PHO-PHO,201311100PHO-NOP,PHO-2014,1,2014,-6.5200000000000005,54.986363636363635,chrisdi01-2014
kravtvi01,1.7,-0.1,201311100PHO-PHO,201311100PHO-NOP,PHO-2014,1,2014,-0.17,54.986363636363635,kravtvi01-2014
blakest01,27.45,0.8,201311120LAL-LAL,201311120LAL-NOP,LAL-2014,1,2014,21.96,37.14217948717948,blakest01-2014
hilljo01,26.3,4.8,201311120LAL-LAL,201311120LAL-NOP,LAL-2014,1,2014,126.24,37.14217948717948,hilljo01-2014
gasolpa01,25.883333333333333,2.9,201311120LAL-LAL,201311120LAL-NOP,LAL-2014,1,2014,75.06166666666667,37.14217948717948,gasolpa01-2014
meeksjo01,25.866666666666667,4,201311120LAL-LAL,201311120LAL-NOP,LAL-2014,1,2014,103.46666666666667,37.14217948717948,meeksjo01-2014
youngni01,23.333333333333332,1.9,201311120LAL-LAL,201311120LAL-NOP,LAL-2014,1,2014,44.33333333333333,37.14217948717948,youngni01-2014
henryxa01,22.15,3.7,201311120LAL-LAL,201311120LAL-NOP,LAL-2014,1,2014,81.955,37.14217948717948,henryxa01-2014
kamanch01,21.4,1.6,201311120LAL-LAL,201311120LAL-NOP,LAL-2014,1,2014,34.24,37.14217948717948,kamanch01-2014
johnswe01,20.866666666666667,-3,201311120LAL-LAL,201311120LAL-NOP,LAL-2014,1,2014,-62.6,37.14217948717948,johnswe01-2014
farmajo01,20.55,3.3,201311120LAL-LAL,201311120LAL-NOP,LAL-2014,1,2014,67.815,37.14217948717948,farmajo01-2014
willish03,12.933333333333334,-0.2,201311120LAL-LAL,201311120LAL-NOP,LAL-2014,1,2014,-2.586666666666667,37.14217948717948,willish03-2014
sacrero01,5.7,-1.5,201311120LAL-LAL,201311120LAL-NOP,LAL-2014,1,2014,-8.55,37.14217948717948,sacrero01-2014
harriel01,3.783333333333333,0.3,201311120LAL-LAL,201311120LAL-NOP,LAL-2014,1,2014,1.135,37.14217948717948,harriel01-2014
kellyry01,3.783333333333333,0.1,201311120LAL-LAL,201311120LAL-NOP,LAL-2014,1,2014,0.37833333333333335,37.14217948717948,kellyry01-2014
haywago01,41.96666666666667,10.9,201311130UTA-UTA,201311130UTA-NOP,UTA-2014,1,2014,457.4366666666667,67.1388888888889,haywago01-2014
kanteen01,37.983333333333334,4.2,201311130UTA-UTA,201311130UTA-NOP,UTA-2014,1,2014,159.53,67.1388888888889,kanteen01-2014
jefferi01,31.933333333333334,6.2,201311130UTA-UTA,201311130UTA-NOP,UTA-2014,1,2014,197.98666666666668,67.1388888888889,jefferi01-2014
favorde01,31.733333333333334,4.3,201311130UTA-UTA,201311130UTA-NOP,UTA-2014,1,2014,136.45333333333332,67.1388888888889,favorde01-2014
burksal01,26.783333333333335,-7.8,201311130UTA-UTA,201311130UTA-NOP,UTA-2014,1,2014,-208.91,67.1388888888889,burksal01-2014
willima02,26.166666666666668,0.3,201311130UTA-UTA,201311130UTA-NOP,UTA-2014,1,2014,7.85,67.1388888888889,willima02-2014
garredi02,21.833333333333332,0.4,201311130UTA-UTA,201311130UTA-NOP,UTA-2014,1,2014,8.733333333333333,67.1388888888889,garredi02-2014
lucasjo02,15.45,-10.3,201311130UTA-UTA,201311130UTA-NOP,UTA-2014,1,2014,-159.135,67.1388888888889,lucasjo02-2014
harrimi01,6.15,0.7,201311130UTA-UTA,201311130UTA-NOP,UTA-2014,1,2014,4.305,67.1388888888889,harrimi01-2014
holidjr01,29.483333333333334,4,201311160NOP-NOP,201311160NOP-PHI,NOP-2014,1,2014,117.93333333333334,45.16384615384615,holidjr01-2014
davisan02,28.65,4.5,201311160NOP-NOP,201311160NOP-PHI,NOP-2014,1,2014,128.92499999999998,45.16384615384615,davisan02-2014
anderry01,26.583333333333332,4.8,201311160NOP-NOP,201311160NOP-PHI,NOP-2014,1,2014,127.6,45.16384615384615,anderry01-2014
gordoer01,25.833333333333332,2,201311160NOP-NOP,201311160NOP-PHI,NOP-2014,1,2014,51.666666666666664,45.16384615384615,gordoer01-2014
evansty01,22.233333333333334,1.2,201311160NOP-NOP,201311160NOP-PHI,NOP-2014,1,2014,26.68,45.16384615384615,evansty01-2014
smithja02,21.333333333333332,2,201311160NOP-NOP,201311160NOP-PHI,NOP-2014,1,2014,42.666666666666664,45.16384615384615,smithja02-2014
roberbr01,19.916666666666668,2.8,201311160NOP-NOP,201311160NOP-PHI,NOP-2014,1,2014,55.766666666666666,45.16384615384615,roberbr01-2014
aminual01,18.3,0.9,201311160NOP-NOP,201311160NOP-PHI,NOP-2014,1,2014,16.470000000000002,45.16384615384615,aminual01-2014
morroan01,15.25,-0.3,201311160NOP-NOP,201311160NOP-PHI,NOP-2014,1,2014,-4.575,45.16384615384615,morroan01-2014
amundlo01,13.916666666666666,1.4,201311160NOP-NOP,201311160NOP-PHI,NOP-2014,1,2014,19.48333333333333,45.16384615384615,amundlo01-2014
riverau01,7.466666666666667,0.9,201311160NOP-NOP,201311160NOP-PHI,NOP-2014,1,2014,6.720000000000001,45.16384615384615,riverau01-2014
childjo01,5.516666666666667,-0.4,201311160NOP-NOP,201311160NOP-PHI,NOP-2014,1,2014,-2.2066666666666666,45.16384615384615,childjo01-2014
witheje01,5.516666666666667,0,201311160NOP-NOP,201311160NOP-PHI,NOP-2014,1,2014,0,45.16384615384615,witheje01-2014
davisan02,37.266666666666666,11.1,201311200NOP-NOP,201311200NOP-UTA,NOP-2014,1,2014,413.65999999999997,36.44636363636363,davisan02-2014
anderry01,33.05,5.5,201311200NOP-NOP,201311200NOP-UTA,NOP-2014,1,2014,181.77499999999998,36.44636363636363,anderry01-2014
gordoer01,28.05,-10.8,201311200NOP-NOP,201311200NOP-UTA,NOP-2014,1,2014,-302.94000000000005,36.44636363636363,gordoer01-2014
aminual01,27.983333333333334,2.4,201311200NOP-NOP,201311200NOP-UTA,NOP-2014,1,2014,67.16,36.44636363636363,aminual01-2014
holidjr01,26.316666666666666,-3.9,201311200NOP-NOP,201311200NOP-UTA,NOP-2014,1,2014,-102.63499999999999,36.44636363636363,holidjr01-2014
evansty01,25.133333333333333,2.9,201311200NOP-NOP,201311200NOP-UTA,NOP-2014,1,2014,72.88666666666666,36.44636363636363,evansty01-2014
smithja02,21.183333333333334,1.4,201311200NOP-NOP,201311200NOP-UTA,NOP-2014,1,2014,29.656666666666666,36.44636363636363,smithja02-2014
morroan01,14.816666666666666,2.7,201311200NOP-NOP,201311200NOP-UTA,NOP-2014,1,2014,40.005,36.44636363636363,morroan01-2014
riverau01,11.083333333333334,2.8,201311200NOP-NOP,201311200NOP-UTA,NOP-2014,1,2014,31.03333333333333,36.44636363636363,riverau01-2014
roberbr01,10.616666666666667,-2.5,201311200NOP-NOP,201311200NOP-UTA,NOP-2014,1,2014,-26.541666666666668,36.44636363636363,roberbr01-2014
amundlo01,4.5,-0.7,201311200NOP-NOP,201311200NOP-UTA,NOP-2014,1,2014,-3.15,36.44636363636363,amundlo01-2014
holidjr01,37.81666666666667,6.6,201311220NOP-NOP,201311220NOP-CLE,NOP-2014,1,2014,249.59,43.208666666666666,holidjr01-2014
gordoer01,35.56666666666667,-3,201311220NOP-NOP,201311220NOP-CLE,NOP-2014,1,2014,-106.70000000000002,43.208666666666666,gordoer01-2014
davisan02,34.63333333333333,1.8,201311220NOP-NOP,201311220NOP-CLE,NOP-2014,1,2014,62.34,43.208666666666666,davisan02-2014
evansty01,32.4,6,201311220NOP-NOP,201311220NOP-CLE,NOP-2014,1,2014,194.39999999999998,43.208666666666666,evansty01-2014
anderry01,31.45,3.3,201311220NOP-NOP,201311220NOP-CLE,NOP-2014,1,2014,103.785,43.208666666666666,anderry01-2014
smithja02,25.783333333333335,-1.6,201311220NOP-NOP,201311220NOP-CLE,NOP-2014,1,2014,-41.25333333333334,43.208666666666666,smithja02-2014
aminual01,15.9,-0.4,201311220NOP-NOP,201311220NOP-CLE,NOP-2014,1,2014,-6.36,43.208666666666666,aminual01-2014
morroan01,12.666666666666666,0.5,201311220NOP-NOP,201311220NOP-CLE,NOP-2014,1,2014,6.333333333333333,43.208666666666666,morroan01-2014
riverau01,10.2,-2.7,201311220NOP-NOP,201311220NOP-CLE,NOP-2014,1,2014,-27.54,43.208666666666666,riverau01-2014
amundlo01,3.5833333333333335,-0.7,201311220NOP-NOP,201311220NOP-CLE,NOP-2014,1,2014,-2.5083333333333333,43.208666666666666,amundlo01-2014
diawbo01,30.566666666666666,-1.2,201311250SAS-SAS,201311250SAS-NOP,SAS-2014,1,2014,-36.68,44.21884615384616,diawbo01-2014
duncati01,24.666666666666668,2.1,201311250SAS-SAS,201311250SAS-NOP,SAS-2014,1,2014,51.800000000000004,44.21884615384616,duncati01-2014
parketo01,24.666666666666668,4.3,201311250SAS-SAS,201311250SAS-NOP,SAS-2014,1,2014,106.06666666666666,44.21884615384616,parketo01-2014
millspa02,22.4,1.6,201311250SAS-SAS,201311250SAS-NOP,SAS-2014,1,2014,35.839999999999996,44.21884615384616,millspa02-2014
belinma01,21.183333333333334,6.7,201311250SAS-SAS,201311250SAS-NOP,SAS-2014,1,2014,141.92833333333334,44.21884615384616,belinma01-2014
leonaka01,20.7,0.8,201311250SAS-SAS,201311250SAS-NOP,SAS-2014,1,2014,16.56,44.21884615384616,leonaka01-2014
greenda02,19.95,4.5,201311250SAS-SAS,201311250SAS-NOP,SAS-2014,1,2014,89.77499999999999,44.21884615384616,greenda02-2014
ginobma01,19.1,8.9,201311250SAS-SAS,201311250SAS-NOP,SAS-2014,1,2014,169.99,44.21884615384616,ginobma01-2014
pendeje02,13.85,-2.1,201311250SAS-SAS,201311250SAS-NOP,SAS-2014,1,2014,-29.085,44.21884615384616,pendeje02-2014
bonnema01,13.483333333333333,-1.5,201311250SAS-SAS,201311250SAS-NOP,SAS-2014,1,2014,-20.224999999999998,44.21884615384616,bonnema01-2014
splitti01,13.433333333333334,4.3,201311250SAS-SAS,201311250SAS-NOP,SAS-2014,1,2014,57.763333333333335,44.21884615384616,splitti01-2014
josepco01,9.883333333333333,1.7,201311250SAS-SAS,201311250SAS-NOP,SAS-2014,1,2014,16.801666666666666,44.21884615384616,josepco01-2014
decolna01,6.116666666666666,-4.2,201311250SAS-SAS,201311250SAS-NOP,SAS-2014,1,2014,-25.689999999999998,44.21884615384616,decolna01-2014
holidjr01,37.083333333333336,4.6,201311260NOP-NOP,201311260NOP-GSW,NOP-2014,0,2014,170.58333333333334,53.79183333333334,holidjr01-2014
anderry01,36.733333333333334,2.4,201311260NOP-NOP,201311260NOP-GSW,NOP-2014,0,2014,88.16,53.79183333333334,anderry01-2014
gordoer01,35.95,5.2,201311260NOP-NOP,201311260NOP-GSW,NOP-2014,0,2014,186.94000000000003,53.79183333333334,gordoer01-2014
davisan02,30.233333333333334,3.7,201311260NOP-NOP,201311260NOP-GSW,NOP-2014,0,2014,111.86333333333334,53.79183333333334,davisan02-2014
smithja02,25.716666666666665,0.2,201311260NOP-NOP,201311260NOP-GSW,NOP-2014,0,2014,5.1433333333333335,53.79183333333334,smithja02-2014
aminual01,24.783333333333335,2,201311260NOP-NOP,201311260NOP-GSW,NOP-2014,0,2014,49.56666666666667,53.79183333333334,aminual01-2014
evansty01,23.216666666666665,-1.6,201311260NOP-NOP,201311260NOP-GSW,NOP-2014,0,2014,-37.14666666666667,53.79183333333334,evansty01-2014
morroan01,12.05,0.3,201311260NOP-NOP,201311260NOP-GSW,NOP-2014,0,2014,3.615,53.79183333333334,morroan01-2014
roberbr01,10.916666666666666,-3.1,201311260NOP-NOP,201311260NOP-GSW,NOP-2014,0,2014,-33.84166666666667,53.79183333333334,roberbr01-2014
amundlo01,3.3166666666666664,-2.1,201311260NOP-NOP,201311260NOP-GSW,NOP-2014,0,2014,-6.965,53.79183333333334,amundlo01-2014
youngth01,36.05,-0.2,201311290PHI-PHI,201311290PHI-NOP,PHI-2014,0,2014,-7.21,-6.9730303030303045,youngth01-2014
turneev01,34.75,3.7,201311290PHI-PHI,201311290PHI-NOP,PHI-2014,0,2014,128.57500000000002,-6.9730303030303045,turneev01-2014
cartemi01,32.083333333333336,-5.3,201311290PHI-PHI,201311290PHI-NOP,PHI-2014,0,2014,-170.04166666666669,-6.9730303030303045,cartemi01-2014
hawessp01,25.383333333333333,2.4,201311290PHI-PHI,201311290PHI-NOP,PHI-2014,0,2014,60.919999999999995,-6.9730303030303045,hawessp01-2014
wroteto01,23.733333333333334,0.8,201311290PHI-PHI,201311290PHI-NOP,PHI-2014,0,2014,18.986666666666668,-6.9730303030303045,wroteto01-2014
thompho01,22.433333333333334,-0.1,201311290PHI-PHI,201311290PHI-NOP,PHI-2014,0,2014,-2.2433333333333336,-6.9730303030303045,thompho01-2014
anderja01,21.583333333333332,-4.2,201311290PHI-PHI,201311290PHI-NOP,PHI-2014,0,2014,-90.65,-6.9730303030303045,anderja01-2014
allenla01,19.85,0.2,201311290PHI-PHI,201311290PHI-NOP,PHI-2014,0,2014,3.9700000000000006,-6.9730303030303045,allenla01-2014
williel01,11.9,-3.6,201311290PHI-PHI,201311290PHI-NOP,PHI-2014,0,2014,-42.84,-6.9730303030303045,williel01-2014
daviebr01,11,2.2,201311290PHI-PHI,201311290PHI-NOP,PHI-2014,0,2014,24.200000000000003,-6.9730303030303045,daviebr01-2014
brownlo01,1.2333333333333334,-0.3,201311290PHI-PHI,201311290PHI-NOP,PHI-2014,0,2014,-0.37,-6.9730303030303045,brownlo01-2014
anthoca01,43.78333333333333,-2.4,201312010NYK-NYK,201312010NYK-NOP,NYK-2014,0,2014,-105.08,10.306166666666664,anthoca01-2014
feltora01,37.63333333333333,0.9,201312010NYK-NYK,201312010NYK-NOP,NYK-2014,0,2014,33.87,10.306166666666664,feltora01-2014
bargnan01,36.083333333333336,1,201312010NYK-NYK,201312010NYK-NOP,NYK-2014,0,2014,36.083333333333336,10.306166666666664,bargnan01-2014
smithjr01,34.46666666666667,-2,201312010NYK-NYK,201312010NYK-NOP,NYK-2014,0,2014,-68.93333333333334,10.306166666666664,smithjr01-2014
hardati02,24.55,8,201312010NYK-NYK,201312010NYK-NOP,NYK-2014,0,2014,196.4,10.306166666666664,hardati02-2014
shumpim01,21.383333333333333,-0.5,201312010NYK-NYK,201312010NYK-NOP,NYK-2014,0,2014,-10.691666666666666,10.306166666666664,shumpim01-2014
martike01,17.4,3.8,201312010NYK-NYK,201312010NYK-NOP,NYK-2014,0,2014,66.11999999999999,10.306166666666664,martike01-2014
stoudam01,13.766666666666667,-4.9,201312010NYK-NYK,201312010NYK-NOP,NYK-2014,0,2014,-67.45666666666668,10.306166666666664,stoudam01-2014
prigipa01,10.366666666666667,2.2,201312010NYK-NYK,201312010NYK-NOP,NYK-2014,0,2014,22.80666666666667,10.306166666666664,prigipa01-2014
artesro01,0.5666666666666667,-0.1,201312010NYK-NYK,201312010NYK-NOP,NYK-2014,0,2014,-0.05666666666666667,10.306166666666664,artesro01-2014
denglu01,55.63333333333333,-0.5,201312020CHI-CHI,201312020CHI-NOP,CHI-2014,0,2014,-27.816666666666666,48.12566666666666,denglu01-2014
hinriki01,53.13333333333333,-2,201312020CHI-CHI,201312020CHI-NOP,CHI-2014,0,2014,-106.26666666666667,48.12566666666666,hinriki01-2014
noahjo01,50.35,1.4,201312020CHI-CHI,201312020CHI-NOP,CHI-2014,0,2014,70.49,48.12566666666666,noahjo01-2014
dunlemi02,48.03333333333333,7.6,201312020CHI-CHI,201312020CHI-NOP,CHI-2014,0,2014,365.0533333333333,48.12566666666666,dunlemi02-2014
gibsota01,44.45,4.6,201312020CHI-CHI,201312020CHI-NOP,CHI-2014,0,2014,204.47,48.12566666666666,gibsota01-2014
boozeca01,26.466666666666665,-0.3,201312020CHI-CHI,201312020CHI-NOP,CHI-2014,0,2014,-7.9399999999999995,48.12566666666666,boozeca01-2014
snellto01,22.3,0.8,201312020CHI-CHI,201312020CHI-NOP,CHI-2014,0,2014,17.84,48.12566666666666,snellto01-2014
jamesmi01,9.866666666666667,-2.7,201312020CHI-CHI,201312020CHI-NOP,CHI-2014,0,2014,-26.640000000000004,48.12566666666666,jamesmi01-2014
mohamna01,4.666666666666667,-1.7,201312020CHI-CHI,201312020CHI-NOP,CHI-2014,0,2014,-7.933333333333334,48.12566666666666,mohamna01-2014
teaguma01,0.1,0,201312020CHI-CHI,201312020CHI-NOP,CHI-2014,0,2014,0,48.12566666666666,teaguma01-2014
anderry01,41.85,0.2,201312040NOP-NOP,201312040NOP-DAL,NOP-2014,0,2014,8.370000000000001,45.70250000000001,anderry01-2014
holidjr01,36.28333333333333,10.3,201312040NOP-NOP,201312040NOP-DAL,NOP-2014,0,2014,373.71833333333336,45.70250000000001,holidjr01-2014
smithja02,35.983333333333334,2.5,201312040NOP-NOP,201312040NOP-DAL,NOP-2014,0,2014,89.95833333333334,45.70250000000001,smithja02-2014
gordoer01,35.666666666666664,-2.2,201312040NOP-NOP,201312040NOP-DAL,NOP-2014,0,2014,-78.46666666666667,45.70250000000001,gordoer01-2014
aminual01,33.56666666666667,4.2,201312040NOP-NOP,201312040NOP-DAL,NOP-2014,0,2014,140.98000000000002,45.70250000000001,aminual01-2014
evansty01,22.9,-0.7,201312040NOP-NOP,201312040NOP-DAL,NOP-2014,0,2014,-16.029999999999998,45.70250000000001,evansty01-2014
roberbr01,11.716666666666667,-0.3,201312040NOP-NOP,201312040NOP-DAL,NOP-2014,0,2014,-3.515,45.70250000000001,roberbr01-2014
amundlo01,11,-2.7,201312040NOP-NOP,201312040NOP-DAL,NOP-2014,0,2014,-29.700000000000003,45.70250000000001,amundlo01-2014
morroan01,10.033333333333333,-2.7,201312040NOP-NOP,201312040NOP-DAL,NOP-2014,0,2014,-27.09,45.70250000000001,morroan01-2014
milleda01,1,-1.2,201312040NOP-NOP,201312040NOP-DAL,NOP-2014,0,2014,-1.2,45.70250000000001,milleda01-2014
anderry01,38.53333333333333,2.6,201312060NOP-NOP,201312060NOP-OKC,NOP-2014,0,2014,100.18666666666667,7.764871794871797,anderry01-2014
aminual01,35.43333333333333,-5.7,201312060NOP-NOP,201312060NOP-OKC,NOP-2014,0,2014,-201.97,7.764871794871797,aminual01-2014
gordoer01,33.8,0.3,201312060NOP-NOP,201312060NOP-OKC,NOP-2014,0,2014,10.139999999999999,7.764871794871797,gordoer01-2014
holidjr01,32.85,6.2,201312060NOP-NOP,201312060NOP-OKC,NOP-2014,0,2014,203.67000000000002,7.764871794871797,holidjr01-2014
smithja02,24.216666666666665,-3,201312060NOP-NOP,201312060NOP-OKC,NOP-2014,0,2014,-72.64999999999999,7.764871794871797,smithja02-2014
morroan01,19.083333333333332,0.3,201312060NOP-NOP,201312060NOP-OKC,NOP-2014,0,2014,5.725,7.764871794871797,morroan01-2014
evansty01,12.933333333333334,1.4,201312060NOP-NOP,201312060NOP-OKC,NOP-2014,0,2014,18.106666666666666,7.764871794871797,evansty01-2014
roberbr01,12.383333333333333,3.5,201312060NOP-NOP,201312060NOP-OKC,NOP-2014,0,2014,43.34166666666667,7.764871794871797,roberbr01-2014
witheje01,9.033333333333333,0.5,201312060NOP-NOP,201312060NOP-OKC,NOP-2014,0,2014,4.516666666666667,7.764871794871797,witheje01-2014
amundlo01,8.05,0.2,201312060NOP-NOP,201312060NOP-OKC,NOP-2014,0,2014,1.6100000000000003,7.764871794871797,amundlo01-2014
riverau01,5.816666666666666,-1.2,201312060NOP-NOP,201312060NOP-OKC,NOP-2014,0,2014,-6.9799999999999995,7.764871794871797,riverau01-2014
milleda01,5.4,-1.2,201312060NOP-NOP,201312060NOP-OKC,NOP-2014,0,2014,-6.48,7.764871794871797,milleda01-2014
childjo01,2.466666666666667,0.7,201312060NOP-NOP,201312060NOP-OKC,NOP-2014,0,2014,1.7266666666666666,7.764871794871797,childjo01-2014
aminual01,42.71666666666667,3.1,201312110NOP-NOP,201312110NOP-DET,NOP-2014,1,2014,132.42166666666668,48.846500000000006,aminual01-2014
holidjr01,40.53333333333333,3.7,201312110NOP-NOP,201312110NOP-DET,NOP-2014,1,2014,149.97333333333333,48.846500000000006,holidjr01-2014
smithja02,40.31666666666667,3.5,201312110NOP-NOP,201312110NOP-DET,NOP-2014,1,2014,141.10833333333335,48.846500000000006,smithja02-2014
gordoer01,36.25,0.8,201312110NOP-NOP,201312110NOP-DET,NOP-2014,1,2014,29,48.846500000000006,gordoer01-2014
anderry01,35.81666666666667,1.3,201312110NOP-NOP,201312110NOP-DET,NOP-2014,1,2014,46.561666666666675,48.846500000000006,anderry01-2014
evansty01,24.166666666666668,2.7,201312110NOP-NOP,201312110NOP-DET,NOP-2014,1,2014,65.25000000000001,48.846500000000006,evansty01-2014
riverau01,17.9,-1.4,201312110NOP-NOP,201312110NOP-DET,NOP-2014,1,2014,-25.059999999999995,48.846500000000006,riverau01-2014
amundlo01,14.133333333333333,0.5,201312110NOP-NOP,201312110NOP-DET,NOP-2014,1,2014,7.066666666666666,48.846500000000006,amundlo01-2014
morroan01,10.366666666666667,-5.5,201312110NOP-NOP,201312110NOP-DET,NOP-2014,1,2014,-57.016666666666666,48.846500000000006,morroan01-2014
witheje01,2.8,-0.3,201312110NOP-NOP,201312110NOP-DET,NOP-2014,1,2014,-0.84,48.846500000000006,witheje01-2014
anderry01,39.43333333333333,-3.6,201312130NOP-NOP,201312130NOP-MEM,NOP-2014,1,2014,-141.95999999999998,59.420740740740754,anderry01-2014
holidjr01,37.06666666666667,9.4,201312130NOP-NOP,201312130NOP-MEM,NOP-2014,1,2014,348.42666666666673,59.420740740740754,holidjr01-2014
gordoer01,36.016666666666666,12.9,201312130NOP-NOP,201312130NOP-MEM,NOP-2014,1,2014,464.615,59.420740740740754,gordoer01-2014
smithja02,32.416666666666664,-4.3,201312130NOP-NOP,201312130NOP-MEM,NOP-2014,1,2014,-139.39166666666665,59.420740740740754,smithja02-2014
aminual01,32.15,2.3,201312130NOP-NOP,201312130NOP-MEM,NOP-2014,1,2014,73.945,59.420740740740754,aminual01-2014
morroan01,18.566666666666666,1.2,201312130NOP-NOP,201312130NOP-MEM,NOP-2014,1,2014,22.279999999999998,59.420740740740754,morroan01-2014
amundlo01,18.316666666666666,-2.1,201312130NOP-NOP,201312130NOP-MEM,NOP-2014,1,2014,-38.465,59.420740740740754,amundlo01-2014
riverau01,13.666666666666666,-5.9,201312130NOP-NOP,201312130NOP-MEM,NOP-2014,1,2014,-80.63333333333334,59.420740740740754,riverau01-2014
evansty01,12.366666666666667,2.1,201312130NOP-NOP,201312130NOP-MEM,NOP-2014,1,2014,25.970000000000002,59.420740740740754,evansty01-2014
lawsoty01,32.5,7.7,201312150DEN-DEN,201312150DEN-NOP,DEN-2014,1,2014,250.25,50.295833333333334,lawsoty01-2014
chandwi01,32.36666666666667,3.8,201312150DEN-DEN,201312150DEN-NOP,DEN-2014,1,2014,122.99333333333333,50.295833333333334,chandwi01-2014
hicksjj01,29.033333333333335,8.6,201312150DEN-DEN,201312150DEN-NOP,DEN-2014,1,2014,249.68666666666667,50.295833333333334,hicksjj01-2014
farieke01,28.05,0.4,201312150DEN-DEN,201312150DEN-NOP,DEN-2014,1,2014,11.22,50.295833333333334,farieke01-2014
hamiljo02,26.616666666666667,-3.7,201312150DEN-DEN,201312150DEN-NOP,DEN-2014,1,2014,-98.48166666666667,50.295833333333334,hamiljo02-2014
robinna01,26.583333333333332,4.6,201312150DEN-DEN,201312150DEN-NOP,DEN-2014,1,2014,122.28333333333332,50.295833333333334,robinna01-2014
foyera01,21.416666666666668,-4.2,201312150DEN-DEN,201312150DEN-NOP,DEN-2014,1,2014,-89.95,50.295833333333334,foyera01-2014
mozgoti01,17.016666666666666,-3.1,201312150DEN-DEN,201312150DEN-NOP,DEN-2014,1,2014,-52.751666666666665,50.295833333333334,mozgoti01-2014
millean02,15.5,-0.3,201312150DEN-DEN,201312150DEN-NOP,DEN-2014,1,2014,-4.6499999999999995,50.295833333333334,millean02-2014
arthuda01,10.916666666666666,-0.7,201312150DEN-DEN,201312150DEN-NOP,DEN-2014,1,2014,-7.641666666666666,50.295833333333334,arthuda01-2014
thompkl01,36.78333333333333,0.5,201312170GSW-GSW,201312170GSW-NOP,GSW-2014,1,2014,18.391666666666666,55.973194444444445,thompkl01-2014
leeda02,33.55,9.8,201312170GSW-GSW,201312170GSW-NOP,GSW-2014,1,2014,328.79,55.973194444444445,leeda02-2014
curryst01,32.666666666666664,15.3,201312170GSW-GSW,201312170GSW-NOP,GSW-2014,1,2014,499.8,55.973194444444445,curryst01-2014
greendr01,27.183333333333334,-4.4,201312170GSW-GSW,201312170GSW-NOP,GSW-2014,1,2014,-119.60666666666668,55.973194444444445,greendr01-2014
barneha02,23.683333333333334,-0.3,201312170GSW-GSW,201312170GSW-NOP,GSW-2014,1,2014,-7.1049999999999995,55.973194444444445,barneha02-2014
bogutan01,20.666666666666668,2.8,201312170GSW-GSW,201312170GSW-NOP,GSW-2014,1,2014,57.86666666666667,55.973194444444445,bogutan01-2014
speigma01,18.116666666666667,-1.5,201312170GSW-GSW,201312170GSW-NOP,GSW-2014,1,2014,-27.175,55.973194444444445,speigma01-2014
iguodan01,17.383333333333333,-3.1,201312170GSW-GSW,201312170GSW-NOP,GSW-2014,1,2014,-53.888333333333335,55.973194444444445,iguodan01-2014
douglto01,15.3,-0.7,201312170GSW-GSW,201312170GSW-NOP,GSW-2014,1,2014,-10.709999999999999,55.973194444444445,douglto01-2014
bazemke01,6.35,-1.5,201312170GSW-GSW,201312170GSW-NOP,GSW-2014,1,2014,-9.524999999999999,55.973194444444445,bazemke01-2014
armsthi01,4.816666666666666,0.6,201312170GSW-GSW,201312170GSW-NOP,GSW-2014,1,2014,2.8899999999999997,55.973194444444445,armsthi01-2014
nedovne01,3.5,-2.3,201312170GSW-GSW,201312170GSW-NOP,GSW-2014,1,2014,-8.049999999999999,55.973194444444445,nedovne01-2014
jordade01,42.86666666666667,9.3,201312180LAC-LAC,201312180LAC-NOP,LAC-2014,1,2014,398.66,101.70907407407408,jordade01-2014
dudleja01,39.233333333333334,5.8,201312180LAC-LAC,201312180LAC-NOP,LAC-2014,1,2014,227.55333333333334,101.70907407407408,dudleja01-2014
paulch01,34.05,3.4,201312180LAC-LAC,201312180LAC-NOP,LAC-2014,1,2014,115.76999999999998,101.70907407407408,paulch01-2014
crawfja01,32.833333333333336,-2.1,201312180LAC-LAC,201312180LAC-NOP,LAC-2014,1,2014,-68.95,101.70907407407408,crawfja01-2014
griffbl01,31.9,4.2,201312180LAC-LAC,201312180LAC-NOP,LAC-2014,1,2014,133.98,101.70907407407408,griffbl01-2014
collida01,23.166666666666668,2.9,201312180LAC-LAC,201312180LAC-NOP,LAC-2014,1,2014,67.18333333333334,101.70907407407408,collida01-2014
greenwi01,22.6,3.1,201312180LAC-LAC,201312180LAC-NOP,LAC-2014,1,2014,70.06,101.70907407407408,greenwi01-2014
jacksst02,10.35,-2.5,201312180LAC-LAC,201312180LAC-NOP,LAC-2014,1,2014,-25.875,101.70907407407408,jacksst02-2014
holliry01,3,-1,201312180LAC-LAC,201312180LAC-NOP,LAC-2014,1,2014,-3,101.70907407407408,holliry01-2014
aldrila01,37.75,-0.8,201312210POR-POR,201312210POR-NOP,POR-2014,1,2014,-30.200000000000003,64.19648148148148,aldrila01-2014
lillada01,36.95,7.4,201312210POR-POR,201312210POR-NOP,POR-2014,1,2014,273.43,64.19648148148148,lillada01-2014
batumni01,35.333333333333336,4.4,201312210POR-POR,201312210POR-NOP,POR-2014,1,2014,155.4666666666667,64.19648148148148,batumni01-2014
matthwe02,33.71666666666667,5.6,201312210POR-POR,201312210POR-NOP,POR-2014,1,2014,188.81333333333333,64.19648148148148,matthwe02-2014
lopezro01,30.733333333333334,2.3,201312210POR-POR,201312210POR-NOP,POR-2014,1,2014,70.68666666666667,64.19648148148148,lopezro01-2014
willima01,23.733333333333334,-4,201312210POR-POR,201312210POR-NOP,POR-2014,1,2014,-94.93333333333334,64.19648148148148,willima01-2014
freeljo01,17.233333333333334,-0.5,201312210POR-POR,201312210POR-NOP,POR-2014,1,2014,-8.616666666666667,64.19648148148148,freeljo01-2014
wrighdo01,14.283333333333333,0.9,201312210POR-POR,201312210POR-NOP,POR-2014,1,2014,12.855,64.19648148148148,wrighdo01-2014
leoname01,10.266666666666667,1,201312210POR-POR,201312210POR-NOP,POR-2014,1,2014,10.266666666666667,64.19648148148148,leoname01-2014
gayru01,38.833333333333336,-7.9,201312230SAC-SAC,201312230SAC-NOP,SAC-2014,0,2014,-306.78333333333336,0.26499999999999624,gayru01-2014
thomais02,35.25,7.1,201312230SAC-SAC,201312230SAC-NOP,SAC-2014,0,2014,250.27499999999998,0.26499999999999624,thomais02-2014
couside01,30.25,3.1,201312230SAC-SAC,201312230SAC-NOP,SAC-2014,0,2014,93.775,0.26499999999999624,couside01-2014
thornma01,29.933333333333334,-1.2,201312230SAC-SAC,201312230SAC-NOP,SAC-2014,0,2014,-35.92,0.26499999999999624,thornma01-2014
thompja02,26.9,-3.6,201312230SAC-SAC,201312230SAC-NOP,SAC-2014,0,2014,-96.84,0.26499999999999624,thompja02-2014
willide02,24.416666666666668,2.6,201312230SAC-SAC,201312230SAC-NOP,SAC-2014,0,2014,63.48333333333334,0.26499999999999624,willide02-2014
mclembe01,23.133333333333333,-1.6,201312230SAC-SAC,201312230SAC-NOP,SAC-2014,0,2014,-37.013333333333335,0.26499999999999624,mclembe01-2014
fredeji01,12.733333333333333,5.2,201312230SAC-SAC,201312230SAC-NOP,SAC-2014,0,2014,66.21333333333334,0.26499999999999624,fredeji01-2014
acyqu01,12.6,1,201312230SAC-SAC,201312230SAC-NOP,SAC-2014,0,2014,12.6,0.26499999999999624,acyqu01-2014
grayaa01,5.95,-1.2,201312230SAC-SAC,201312230SAC-NOP,SAC-2014,0,2014,-7.14,0.26499999999999624,grayaa01-2014
anderry01,39.5,-2,201312270NOP-NOP,201312270NOP-DEN,NOP-2014,1,2014,-79,57.714333333333336,anderry01-2014
evansty01,32.28333333333333,7.2,201312270NOP-NOP,201312270NOP-DEN,NOP-2014,1,2014,232.44,57.714333333333336,evansty01-2014
aminual01,30.75,4.1,201312270NOP-NOP,201312270NOP-DEN,NOP-2014,1,2014,126.07499999999999,57.714333333333336,aminual01-2014
holidjr01,29.283333333333335,8.6,201312270NOP-NOP,201312270NOP-DEN,NOP-2014,1,2014,251.83666666666667,57.714333333333336,holidjr01-2014
davisan02,27.833333333333332,3,201312270NOP-NOP,201312270NOP-DEN,NOP-2014,1,2014,83.5,57.714333333333336,davisan02-2014
ajincal01,20.166666666666668,0.5,201312270NOP-NOP,201312270NOP-DEN,NOP-2014,1,2014,10.083333333333334,57.714333333333336,ajincal01-2014
roberbr01,19.4,-7.7,201312270NOP-NOP,201312270NOP-DEN,NOP-2014,1,2014,-149.38,57.714333333333336,roberbr01-2014
milleda01,19.15,4.5,201312270NOP-NOP,201312270NOP-DEN,NOP-2014,1,2014,86.175,57.714333333333336,milleda01-2014
morroan01,16.766666666666666,0.6,201312270NOP-NOP,201312270NOP-DEN,NOP-2014,1,2014,10.059999999999999,57.714333333333336,morroan01-2014
amundlo01,4.866666666666667,1.1,201312270NOP-NOP,201312270NOP-DEN,NOP-2014,1,2014,5.353333333333334,57.714333333333336,amundlo01-2014
howardw01,42.233333333333334,5.6,201312280HOU-HOU,201312280HOU-NOP,HOU-2014,1,2014,236.50666666666666,89.07685185185184,howardw01-2014
hardeja01,40.333333333333336,-2.9,201312280HOU-HOU,201312280HOU-NOP,HOU-2014,1,2014,-116.96666666666667,89.07685185185184,hardeja01-2014
parsoch01,40.11666666666667,10.7,201312280HOU-HOU,201312280HOU-NOP,HOU-2014,1,2014,429.24833333333333,89.07685185185184,parsoch01-2014
joneste01,34.28333333333333,10.1,201312280HOU-HOU,201312280HOU-NOP,HOU-2014,1,2014,346.26166666666666,89.07685185185184,joneste01-2014
linje01,34.11666666666667,-2.1,201312280HOU-HOU,201312280HOU-NOP,HOU-2014,1,2014,-71.64500000000001,89.07685185185184,linje01-2014
brookaa01,20.15,-1.5,201312280HOU-HOU,201312280HOU-NOP,HOU-2014,1,2014,-30.224999999999998,89.07685185185184,brookaa01-2014
casspom01,12.65,2.9,201312280HOU-HOU,201312280HOU-NOP,HOU-2014,1,2014,36.685,89.07685185185184,casspom01-2014
garcifr01,12.283333333333333,-2.2,201312280HOU-HOU,201312280HOU-NOP,HOU-2014,1,2014,-27.023333333333337,89.07685185185184,garcifr01-2014
motiedo01,3.8333333333333335,-0.3,201312280HOU-HOU,201312280HOU-NOP,HOU-2014,1,2014,-1.15,89.07685185185184,motiedo01-2014
anderry01,40.06666666666667,-0.9,201312300NOP-NOP,201312300NOP-POR,NOP-2014,1,2014,-36.06,83.8395,anderry01-2014
aminual01,39.516666666666666,2.6,201312300NOP-NOP,201312300NOP-POR,NOP-2014,1,2014,102.74333333333334,83.8395,aminual01-2014
davisan02,38.86666666666667,7.5,201312300NOP-NOP,201312300NOP-POR,NOP-2014,1,2014,291.5,83.8395,davisan02-2014
holidjr01,37.85,9.9,201312300NOP-NOP,201312300NOP-POR,NOP-2014,1,2014,374.71500000000003,83.8395,holidjr01-2014
evansty01,28.7,8.6,201312300NOP-NOP,201312300NOP-POR,NOP-2014,1,2014,246.82,83.8395,evansty01-2014
morroan01,19.466666666666665,-4.1,201312300NOP-NOP,201312300NOP-POR,NOP-2014,1,2014,-79.81333333333332,83.8395,morroan01-2014
riverau01,13.916666666666666,0,201312300NOP-NOP,201312300NOP-POR,NOP-2014,1,2014,0,83.8395,riverau01-2014
roberbr01,13.5,-3.4,201312300NOP-NOP,201312300NOP-POR,NOP-2014,1,2014,-45.9,83.8395,roberbr01-2014
stiemgr01,6.233333333333333,-1.9,201312300NOP-NOP,201312300NOP-POR,NOP-2014,1,2014,-11.843333333333334,83.8395,stiemgr01-2014
ajincal01,1.8833333333333333,-2,201312300NOP-NOP,201312300NOP-POR,NOP-2014,1,2014,-3.7666666666666666,83.8395,ajincal01-2014
loveke01,34.833333333333336,-2.6,201401010MIN-MIN,201401010MIN-NOP,MIN-2014,1,2014,-90.56666666666668,43.01948717948718,loveke01-2014
pekovni01,33.85,0,201401010MIN-MIN,201401010MIN-NOP,MIN-2014,1,2014,0,43.01948717948718,pekovni01-2014
rubiori01,32.93333333333333,10.1,201401010MIN-MIN,201401010MIN-NOP,MIN-2014,1,2014,332.6266666666666,43.01948717948718,rubiori01-2014
martike02,31.466666666666665,-0.2,201401010MIN-MIN,201401010MIN-NOP,MIN-2014,1,2014,-6.293333333333333,43.01948717948718,martike02-2014
breweco01,23.183333333333334,6.9,201401010MIN-MIN,201401010MIN-NOP,MIN-2014,1,2014,159.965,43.01948717948718,breweco01-2014
cunnida01,22.716666666666665,0.3,201401010MIN-MIN,201401010MIN-NOP,MIN-2014,1,2014,6.8149999999999995,43.01948717948718,cunnida01-2014
bareajo01,18.033333333333335,6.6,201401010MIN-MIN,201401010MIN-NOP,MIN-2014,1,2014,119.02000000000001,43.01948717948718,bareajo01-2014
shvedal01,16.533333333333335,4.6,201401010MIN-MIN,201401010MIN-NOP,MIN-2014,1,2014,76.05333333333334,43.01948717948718,shvedal01-2014
mbahalu01,15.166666666666666,-1.5,201401010MIN-MIN,201401010MIN-NOP,MIN-2014,1,2014,-22.75,43.01948717948718,mbahalu01-2014
hummero01,4.4,-2.4,201401010MIN-MIN,201401010MIN-NOP,MIN-2014,1,2014,-10.56,43.01948717948718,hummero01-2014
dienggo01,2.3,-1.6,201401010MIN-MIN,201401010MIN-NOP,MIN-2014,1,2014,-3.6799999999999997,43.01948717948718,dienggo01-2014
muhamsh01,2.3,-0.4,201401010MIN-MIN,201401010MIN-NOP,MIN-2014,1,2014,-0.9199999999999999,43.01948717948718,muhamsh01-2014
priceaj01,2.283333333333333,-0.2,201401010MIN-MIN,201401010MIN-NOP,MIN-2014,1,2014,-0.45666666666666667,43.01948717948718,priceaj01-2014
crawfjo02,37.333333333333336,-5.9,201401030BOS-BOS,201401030BOS-NOP,BOS-2014,0,2014,-220.26666666666668,28.159166666666668,crawfjo02-2014
bassbr01,34.56666666666667,6.5,201401030BOS-BOS,201401030BOS-NOP,BOS-2014,0,2014,224.68333333333337,28.159166666666668,bassbr01-2014
bradlav01,33.65,9.8,201401030BOS-BOS,201401030BOS-NOP,BOS-2014,0,2014,329.77,28.159166666666668,bradlav01-2014
greenje02,30.416666666666668,2,201401030BOS-BOS,201401030BOS-NOP,BOS-2014,0,2014,60.833333333333336,28.159166666666668,greenje02-2014
sullija01,29.783333333333335,-4,201401030BOS-BOS,201401030BOS-NOP,BOS-2014,0,2014,-119.13333333333334,28.159166666666668,sullija01-2014
humphkr01,23.666666666666668,2.3,201401030BOS-BOS,201401030BOS-NOP,BOS-2014,0,2014,54.43333333333333,28.159166666666668,humphkr01-2014
wallage01,17.683333333333334,-0.1,201401030BOS-BOS,201401030BOS-NOP,BOS-2014,0,2014,-1.7683333333333335,28.159166666666668,wallage01-2014
leeco01,14.35,-2.4,201401030BOS-BOS,201401030BOS-NOP,BOS-2014,0,2014,-34.44,28.159166666666668,leeco01-2014
pressph01,10.666666666666666,0.6,201401030BOS-BOS,201401030BOS-NOP,BOS-2014,0,2014,6.3999999999999995,28.159166666666668,pressph01-2014
olynyke01,7.883333333333333,-2.4,201401030BOS-BOS,201401030BOS-NOP,BOS-2014,0,2014,-18.919999999999998,28.159166666666668,olynyke01-2014
georgpa01,36.7,6.8,201401040IND-IND,201401040IND-NOP,IND-2014,1,2014,249.56,56.894444444444446,georgpa01-2014
stephla01,36.233333333333334,5.1,201401040IND-IND,201401040IND-NOP,IND-2014,1,2014,184.79,56.894444444444446,stephla01-2014
hibbero01,33.583333333333336,0,201401040IND-IND,201401040IND-NOP,IND-2014,1,2014,0,56.894444444444446,hibbero01-2014
hillge01,31.166666666666668,1.3,201401040IND-IND,201401040IND-NOP,IND-2014,1,2014,40.51666666666667,56.894444444444446,hillge01-2014
westda01,29.433333333333334,4,201401040IND-IND,201401040IND-NOP,IND-2014,1,2014,117.73333333333333,56.894444444444446,westda01-2014
grangda01,20.533333333333335,7.2,201401040IND-IND,201401040IND-NOP,IND-2014,1,2014,147.84,56.894444444444446,grangda01-2014
scolalu01,17.3,-2.6,201401040IND-IND,201401040IND-NOP,IND-2014,1,2014,-44.980000000000004,56.894444444444446,scolalu01-2014
watsocj01,16.833333333333332,0.3,201401040IND-IND,201401040IND-NOP,IND-2014,1,2014,5.05,56.894444444444446,watsocj01-2014
mahinia01,14.416666666666666,-1.4,201401040IND-IND,201401040IND-NOP,IND-2014,1,2014,-20.18333333333333,56.894444444444446,mahinia01-2014
butlera01,1.2666666666666666,2.4,201401040IND-IND,201401040IND-NOP,IND-2014,1,2014,3.0399999999999996,56.894444444444446,butlera01-2014
johnsor01,1.2666666666666666,-0.4,201401040IND-IND,201401040IND-NOP,IND-2014,1,2014,-0.5066666666666667,56.894444444444446,johnsor01-2014
sloando01,1.2666666666666666,-0.1,201401040IND-IND,201401040IND-NOP,IND-2014,1,2014,-0.12666666666666668,56.894444444444446,sloando01-2014
jamesle01,35.25,12.1,201401070MIA-MIA,201401070MIA-NOP,MIA-2014,1,2014,426.525,77.6138888888889,jamesle01-2014
wadedw01,34.333333333333336,6.2,201401070MIA-MIA,201401070MIA-NOP,MIA-2014,1,2014,212.86666666666667,77.6138888888889,wadedw01-2014
boshch01,34.18333333333333,5,201401070MIA-MIA,201401070MIA-NOP,MIA-2014,1,2014,170.91666666666666,77.6138888888889,boshch01-2014
allenra02,29,2.2,201401070MIA-MIA,201401070MIA-NOP,MIA-2014,1,2014,63.800000000000004,77.6138888888889,allenra02-2014
coleno01,26.4,-0.7,201401070MIA-MIA,201401070MIA-NOP,MIA-2014,1,2014,-18.479999999999997,77.6138888888889,coleno01-2014
anderch01,23.366666666666667,9.7,201401070MIA-MIA,201401070MIA-NOP,MIA-2014,1,2014,226.65666666666667,77.6138888888889,anderch01-2014
lewisra02,16.6,-2.5,201401070MIA-MIA,201401070MIA-NOP,MIA-2014,1,2014,-41.5,77.6138888888889,lewisra02-2014
masonro01,15.883333333333333,-2.1,201401070MIA-MIA,201401070MIA-NOP,MIA-2014,1,2014,-33.355,77.6138888888889,masonro01-2014
beaslmi01,13.15,-5.7,201401070MIA-MIA,201401070MIA-NOP,MIA-2014,1,2014,-74.955,77.6138888888889,beaslmi01-2014
hasleud01,6.416666666666667,-0.8,201401070MIA-MIA,201401070MIA-NOP,MIA-2014,1,2014,-5.133333333333334,77.6138888888889,hasleud01-2014
jonesja02,3.1666666666666665,1.2,201401070MIA-MIA,201401070MIA-NOP,MIA-2014,1,2014,3.8,77.6138888888889,jonesja02-2014
anthojo01,2.25,0.1,201401070MIA-MIA,201401070MIA-NOP,MIA-2014,1,2014,0.225,77.6138888888889,anthojo01-2014
gordoer01,37.8,4.6,201401080NOP-NOP,201401080NOP-WAS,NOP-2014,0,2014,173.87999999999997,19.494393939393937,gordoer01-2014
davisan02,32.583333333333336,3.5,201401080NOP-NOP,201401080NOP-WAS,NOP-2014,0,2014,114.04166666666667,19.494393939393937,davisan02-2014
aminual01,29.466666666666665,-0.5,201401080NOP-NOP,201401080NOP-WAS,NOP-2014,0,2014,-14.733333333333333,19.494393939393937,aminual01-2014
holidjr01,28.966666666666665,-2.2,201401080NOP-NOP,201401080NOP-WAS,NOP-2014,0,2014,-63.72666666666667,19.494393939393937,holidjr01-2014
smithja02,22.783333333333335,-2.6,201401080NOP-NOP,201401080NOP-WAS,NOP-2014,0,2014,-59.23666666666667,19.494393939393937,smithja02-2014
stiemgr01,20.366666666666667,1.4,201401080NOP-NOP,201401080NOP-WAS,NOP-2014,0,2014,28.513333333333332,19.494393939393937,stiemgr01-2014
roberbr01,19.033333333333335,2.1,201401080NOP-NOP,201401080NOP-WAS,NOP-2014,0,2014,39.970000000000006,19.494393939393937,roberbr01-2014
evansty01,17.5,-0.1,201401080NOP-NOP,201401080NOP-WAS,NOP-2014,0,2014,-1.75,19.494393939393937,evansty01-2014
ajincal01,14.7,2.8,201401080NOP-NOP,201401080NOP-WAS,NOP-2014,0,2014,41.16,19.494393939393937,ajincal01-2014
riverau01,12.6,-3.4,201401080NOP-NOP,201401080NOP-WAS,NOP-2014,0,2014,-42.839999999999996,19.494393939393937,riverau01-2014
morroan01,4.2,-0.2,201401080NOP-NOP,201401080NOP-WAS,NOP-2014,0,2014,-0.8400000000000001,19.494393939393937,morroan01-2014
davisan02,39.983333333333334,5.7,201401100NOP-NOP,201401100NOP-DAL,NOP-2014,0,2014,227.905,21.68902777777778,davisan02-2014
gordoer01,35.03333333333333,10.3,201401100NOP-NOP,201401100NOP-DAL,NOP-2014,0,2014,360.84333333333336,21.68902777777778,gordoer01-2014
smithja02,25.466666666666665,-4.8,201401100NOP-NOP,201401100NOP-DAL,NOP-2014,0,2014,-122.23999999999998,21.68902777777778,smithja02-2014
riverau01,25,2.7,201401100NOP-NOP,201401100NOP-DAL,NOP-2014,0,2014,67.5,21.68902777777778,riverau01-2014
aminual01,24.983333333333334,-3.4,201401100NOP-NOP,201401100NOP-DAL,NOP-2014,0,2014,-84.94333333333333,21.68902777777778,aminual01-2014
roberbr01,24.683333333333334,-3.8,201401100NOP-NOP,201401100NOP-DAL,NOP-2014,0,2014,-93.79666666666667,21.68902777777778,roberbr01-2014
milleda01,18.883333333333333,-2.5,201401100NOP-NOP,201401100NOP-DAL,NOP-2014,0,2014,-47.20833333333333,21.68902777777778,milleda01-2014
stiemgr01,11.816666666666666,-1.2,201401100NOP-NOP,201401100NOP-DAL,NOP-2014,0,2014,-14.18,21.68902777777778,stiemgr01-2014
morroan01,10.533333333333333,2.5,201401100NOP-NOP,201401100NOP-DAL,NOP-2014,0,2014,26.333333333333332,21.68902777777778,morroan01-2014
evansty01,9.383333333333333,-5.4,201401100NOP-NOP,201401100NOP-DAL,NOP-2014,0,2014,-50.67,21.68902777777778,evansty01-2014
witheje01,9.216666666666667,0.3,201401100NOP-NOP,201401100NOP-DAL,NOP-2014,0,2014,2.765,21.68902777777778,witheje01-2014
ajincal01,5.016666666666667,-2.4,201401100NOP-NOP,201401100NOP-DAL,NOP-2014,0,2014,-12.04,21.68902777777778,ajincal01-2014
ellismo01,41.016666666666666,-1.4,201401110DAL-DAL,201401110DAL-NOP,DAL-2014,1,2014,-57.423333333333325,54.27181818181819,ellismo01-2014
caldejo01,35.06666666666667,3.9,201401110DAL-DAL,201401110DAL-NOP,DAL-2014,1,2014,136.76000000000002,54.27181818181819,caldejo01-2014
crowdja01,34.63333333333333,3.2,201401110DAL-DAL,201401110DAL-NOP,DAL-2014,1,2014,110.82666666666667,54.27181818181819,crowdja01-2014
nowitdi01,33.45,15,201401110DAL-DAL,201401110DAL-NOP,DAL-2014,1,2014,501.75000000000006,54.27181818181819,nowitdi01-2014
cartevi01,26.733333333333334,-4.3,201401110DAL-DAL,201401110DAL-NOP,DAL-2014,1,2014,-114.95333333333333,54.27181818181819,cartevi01-2014
wrighbr03,24.95,3.8,201401110DAL-DAL,201401110DAL-NOP,DAL-2014,1,2014,94.80999999999999,54.27181818181819,wrighbr03-2014
dalemsa01,23.05,-0.5,201401110DAL-DAL,201401110DAL-NOP,DAL-2014,1,2014,-11.525,54.27181818181819,dalemsa01-2014
larkish01,10.8,-4.7,201401110DAL-DAL,201401110DAL-NOP,DAL-2014,1,2014,-50.760000000000005,54.27181818181819,larkish01-2014
blairde01,5.85,-1.8,201401110DAL-DAL,201401110DAL-NOP,DAL-2014,1,2014,-10.53,54.27181818181819,blairde01-2014
mekelga01,2.35,-0.3,201401110DAL-DAL,201401110DAL-NOP,DAL-2014,1,2014,-0.705,54.27181818181819,mekelga01-2014
ledori01,2.1,-0.6,201401110DAL-DAL,201401110DAL-NOP,DAL-2014,1,2014,-1.26,54.27181818181819,ledori01-2014
aminual01,37.016666666666666,-4,201401130NOP-NOP,201401130NOP-SAS,NOP-2014,0,2014,-148.06666666666666,22.76933333333334,aminual01-2014
davisan02,35.31666666666667,6.4,201401130NOP-NOP,201401130NOP-SAS,NOP-2014,0,2014,226.0266666666667,22.76933333333334,davisan02-2014
roberbr01,34.833333333333336,4,201401130NOP-NOP,201401130NOP-SAS,NOP-2014,0,2014,139.33333333333334,22.76933333333334,roberbr01-2014
gordoer01,32.166666666666664,-1.9,201401130NOP-NOP,201401130NOP-SAS,NOP-2014,0,2014,-61.11666666666666,22.76933333333334,gordoer01-2014
riverau01,23.233333333333334,3,201401130NOP-NOP,201401130NOP-SAS,NOP-2014,0,2014,69.7,22.76933333333334,riverau01-2014
milleda01,20.8,0.3,201401130NOP-NOP,201401130NOP-SAS,NOP-2014,0,2014,6.24,22.76933333333334,milleda01-2014
ajincal01,19.966666666666665,1.4,201401130NOP-NOP,201401130NOP-SAS,NOP-2014,0,2014,27.95333333333333,22.76933333333334,ajincal01-2014
smithja02,19.15,-3.2,201401130NOP-NOP,201401130NOP-SAS,NOP-2014,0,2014,-61.28,22.76933333333334,smithja02-2014
morroan01,12.566666666666666,2.3,201401130NOP-NOP,201401130NOP-SAS,NOP-2014,0,2014,28.90333333333333,22.76933333333334,morroan01-2014
witheje01,4.95,0,201401130NOP-NOP,201401130NOP-SAS,NOP-2014,0,2014,0,22.76933333333334,witheje01-2014
gordoer01,41.8,16.4,201401150NOP-NOP,201401150NOP-HOU,NOP-2014,0,2014,685.5199999999999,46.508787878787864,gordoer01-2014
davisan02,31,6.1,201401150NOP-NOP,201401150NOP-HOU,NOP-2014,0,2014,189.1,46.508787878787864,davisan02-2014
milleda01,29.85,-4.7,201401150NOP-NOP,201401150NOP-HOU,NOP-2014,0,2014,-140.29500000000002,46.508787878787864,milleda01-2014
roberbr01,29.3,-2.3,201401150NOP-NOP,201401150NOP-HOU,NOP-2014,0,2014,-67.39,46.508787878787864,roberbr01-2014
smithja02,28.366666666666667,-4.3,201401150NOP-NOP,201401150NOP-HOU,NOP-2014,0,2014,-121.97666666666666,46.508787878787864,smithja02-2014
aminual01,21.133333333333333,1.1,201401150NOP-NOP,201401150NOP-HOU,NOP-2014,0,2014,23.24666666666667,46.508787878787864,aminual01-2014
stiemgr01,20.2,1.7,201401150NOP-NOP,201401150NOP-HOU,NOP-2014,0,2014,34.339999999999996,46.508787878787864,stiemgr01-2014
riverau01,20,-4.4,201401150NOP-NOP,201401150NOP-HOU,NOP-2014,0,2014,-88,46.508787878787864,riverau01-2014
ajincal01,12.316666666666666,0.3,201401150NOP-NOP,201401150NOP-HOU,NOP-2014,0,2014,3.695,46.508787878787864,ajincal01-2014
morroan01,5.033333333333333,-1.3,201401150NOP-NOP,201401150NOP-HOU,NOP-2014,0,2014,-6.543333333333333,46.508787878787864,morroan01-2014
witheje01,1,-0.1,201401150NOP-NOP,201401150NOP-HOU,NOP-2014,0,2014,-0.1,46.508787878787864,witheje01-2014
davisan02,43.016666666666666,9.3,201401180NOP-NOP,201401180NOP-GSW,NOP-2014,0,2014,400.055,37.32233333333333,davisan02-2014
roberbr01,34.86666666666667,0.9,201401180NOP-NOP,201401180NOP-GSW,NOP-2014,0,2014,31.380000000000003,37.32233333333333,roberbr01-2014
aminual01,33.11666666666667,2.7,201401180NOP-NOP,201401180NOP-GSW,NOP-2014,0,2014,89.415,37.32233333333333,aminual01-2014
gordoer01,32.63333333333333,-3.7,201401180NOP-NOP,201401180NOP-GSW,NOP-2014,0,2014,-120.74333333333334,37.32233333333333,gordoer01-2014
evansty01,30.75,-0.9,201401180NOP-NOP,201401180NOP-GSW,NOP-2014,0,2014,-27.675,37.32233333333333,evansty01-2014
milleda01,15.05,4.4,201401180NOP-NOP,201401180NOP-GSW,NOP-2014,0,2014,66.22000000000001,37.32233333333333,milleda01-2014
witheje01,14.116666666666667,-0.2,201401180NOP-NOP,201401180NOP-GSW,NOP-2014,0,2014,-2.8233333333333337,37.32233333333333,witheje01-2014
riverau01,12.5,-4.2,201401180NOP-NOP,201401180NOP-GSW,NOP-2014,0,2014,-52.5,37.32233333333333,riverau01-2014
stiemgr01,12.35,-1.1,201401180NOP-NOP,201401180NOP-GSW,NOP-2014,0,2014,-13.585,37.32233333333333,stiemgr01-2014
ajincal01,11.6,0.3,201401180NOP-NOP,201401180NOP-GSW,NOP-2014,0,2014,3.48,37.32233333333333,ajincal01-2014
conlemi01,37.53333333333333,-3.5,201401200MEM-MEM,201401200MEM-NOP,MEM-2014,0,2014,-131.36666666666667,29.47696969696969,conlemi01-2014
randoza01,37.53333333333333,6.5,201401200MEM-MEM,201401200MEM-NOP,MEM-2014,0,2014,243.96666666666664,29.47696969696969,randoza01-2014
gasolma01,36.36666666666667,-1.8,201401200MEM-MEM,201401200MEM-NOP,MEM-2014,0,2014,-65.46000000000001,29.47696969696969,gasolma01-2014
princta01,33.68333333333333,0.5,201401200MEM-MEM,201401200MEM-NOP,MEM-2014,0,2014,16.841666666666665,29.47696969696969,princta01-2014
leeco01,33.53333333333333,8.2,201401200MEM-MEM,201401200MEM-NOP,MEM-2014,0,2014,274.9733333333333,29.47696969696969,leeco01-2014
johnsja01,14.966666666666667,-1.6,201401200MEM-MEM,201401200MEM-NOP,MEM-2014,0,2014,-23.94666666666667,29.47696969696969,johnsja01-2014
millemi01,14.316666666666666,0.4,201401200MEM-MEM,201401200MEM-NOP,MEM-2014,0,2014,5.726666666666667,29.47696969696969,millemi01-2014
calatni01,10.466666666666667,-0.7,201401200MEM-MEM,201401200MEM-NOP,MEM-2014,0,2014,-7.326666666666666,29.47696969696969,calatni01-2014
davised01,9.966666666666667,0.7,201401200MEM-MEM,201401200MEM-NOP,MEM-2014,0,2014,6.976666666666667,29.47696969696969,davised01-2014
leuerjo01,6.116666666666666,0,201401200MEM-MEM,201401200MEM-NOP,MEM-2014,0,2014,0,29.47696969696969,leuerjo01-2014
koufoko01,5.516666666666667,0.7,201401200MEM-MEM,201401200MEM-NOP,MEM-2014,0,2014,3.8616666666666664,29.47696969696969,koufoko01-2014
davisan02,36.5,-1.1,201401210NOP-NOP,201401210NOP-SAC,NOP-2014,0,2014,-40.150000000000006,2.4505000000000035,davisan02-2014
roberbr01,29.5,4.3,201401210NOP-NOP,201401210NOP-SAC,NOP-2014,0,2014,126.85,2.4505000000000035,roberbr01-2014
witheje01,27.116666666666667,7.9,201401210NOP-NOP,201401210NOP-SAC,NOP-2014,0,2014,214.2216666666667,2.4505000000000035,witheje01-2014
gordoer01,27.083333333333332,-5.6,201401210NOP-NOP,201401210NOP-SAC,NOP-2014,0,2014,-151.66666666666666,2.4505000000000035,gordoer01-2014
evansty01,26.216666666666665,-4.3,201401210NOP-NOP,201401210NOP-SAC,NOP-2014,0,2014,-112.73166666666665,2.4505000000000035,evansty01-2014
aminual01,25.283333333333335,-0.2,201401210NOP-NOP,201401210NOP-SAC,NOP-2014,0,2014,-5.0566666666666675,2.4505000000000035,aminual01-2014
riverau01,24.4,1.7,201401210NOP-NOP,201401210NOP-SAC,NOP-2014,0,2014,41.48,2.4505000000000035,riverau01-2014
milleda01,16.783333333333335,0.2,201401210NOP-NOP,201401210NOP-SAC,NOP-2014,0,2014,3.3566666666666674,2.4505000000000035,milleda01-2014
ajincal01,15.966666666666667,-0.8,201401210NOP-NOP,201401210NOP-SAC,NOP-2014,0,2014,-12.773333333333333,2.4505000000000035,ajincal01-2014
stiemgr01,11.15,-3.5,201401210NOP-NOP,201401210NOP-SAC,NOP-2014,0,2014,-39.025,2.4505000000000035,stiemgr01-2014
caldwke01,40.6,1,201401240DET-DET,201401240DET-NOP,DET-2014,0,2014,40.6,40.88937500000001,caldwke01-2014
drumman01,39.416666666666664,3,201401240DET-DET,201401240DET-NOP,DET-2014,0,2014,118.25,40.88937500000001,drumman01-2014
jennibr01,36.81666666666667,8.5,201401240DET-DET,201401240DET-NOP,DET-2014,0,2014,312.9416666666667,40.88937500000001,jennibr01-2014
smithjo03,35.61666666666667,6.8,201401240DET-DET,201401240DET-NOP,DET-2014,0,2014,242.19333333333333,40.88937500000001,smithjo03-2014
stuckro01,26.75,-5.7,201401240DET-DET,201401240DET-NOP,DET-2014,0,2014,-152.475,40.88937500000001,stuckro01-2014
monrogr01,25.35,-3.7,201401240DET-DET,201401240DET-NOP,DET-2014,0,2014,-93.79500000000002,40.88937500000001,monrogr01-2014
singlky01,24.266666666666666,-6.9,201401240DET-DET,201401240DET-NOP,DET-2014,0,2014,-167.44,40.88937500000001,singlky01-2014
bynumwi01,11.183333333333334,2.4,201401240DET-DET,201401240DET-NOP,DET-2014,0,2014,26.84,40.88937500000001,bynumwi01-2014
davisan02,41.916666666666664,5.9,201401260NOP-NOP,201401260NOP-ORL,NOP-2014,1,2014,247.30833333333334,43.759,davisan02-2014
gordoer01,36.6,-0.5,201401260NOP-NOP,201401260NOP-ORL,NOP-2014,1,2014,-18.3,43.759,gordoer01-2014
roberbr01,30.75,-1.2,201401260NOP-NOP,201401260NOP-ORL,NOP-2014,1,2014,-36.9,43.759,roberbr01-2014
aminual01,29.55,1,201401260NOP-NOP,201401260NOP-ORL,NOP-2014,1,2014,29.55,43.759,aminual01-2014
evansty01,27.7,12,201401260NOP-NOP,201401260NOP-ORL,NOP-2014,1,2014,332.4,43.759,evansty01-2014
witheje01,22.966666666666665,-7.1,201401260NOP-NOP,201401260NOP-ORL,NOP-2014,1,2014,-163.0633333333333,43.759,witheje01-2014
riverau01,17.25,3.9,201401260NOP-NOP,201401260NOP-ORL,NOP-2014,1,2014,67.27499999999999,43.759,riverau01-2014
morroan01,15.666666666666666,-2.2,201401260NOP-NOP,201401260NOP-ORL,NOP-2014,1,2014,-34.46666666666667,43.759,morroan01-2014
milleda01,9.733333333333333,5.7,201401260NOP-NOP,201401260NOP-ORL,NOP-2014,1,2014,55.48,43.759,milleda01-2014
ajincal01,7.866666666666667,-5.3,201401260NOP-NOP,201401260NOP-ORL,NOP-2014,1,2014,-41.693333333333335,43.759,ajincal01-2014
waitedi01,35.75,7.3,201401280CLE-CLE,201401280CLE-NOP,CLE-2014,0,2014,260.97499999999997,12.332333333333331,waitedi01-2014
irvinky01,34.65,7.9,201401280CLE-CLE,201401280CLE-NOP,CLE-2014,0,2014,273.735,12.332333333333331,irvinky01-2014
thomptr01,31.783333333333335,-9.3,201401280CLE-CLE,201401280CLE-NOP,CLE-2014,0,2014,-295.58500000000004,12.332333333333331,thomptr01-2014
denglu01,31.466666666666665,-4.3,201401280CLE-CLE,201401280CLE-NOP,CLE-2014,0,2014,-135.30666666666664,12.332333333333331,denglu01-2014
bennean01,31.266666666666666,1.8,201401280CLE-CLE,201401280CLE-NOP,CLE-2014,0,2014,56.28,12.332333333333331,bennean01-2014
zellety01,21.416666666666668,3.5,201401280CLE-CLE,201401280CLE-NOP,CLE-2014,0,2014,74.95833333333334,12.332333333333331,zellety01-2014
jackja01,20.65,-0.4,201401280CLE-CLE,201401280CLE-NOP,CLE-2014,0,2014,-8.26,12.332333333333331,jackja01-2014
milescj01,12.25,-3.4,201401280CLE-CLE,201401280CLE-NOP,CLE-2014,0,2014,-41.65,12.332333333333331,milescj01-2014
simshe01,11.533333333333333,-4.8,201401280CLE-CLE,201401280CLE-NOP,CLE-2014,0,2014,-55.36,12.332333333333331,simshe01-2014
dellama01,9.233333333333333,-0.7,201401280CLE-CLE,201401280CLE-NOP,CLE-2014,0,2014,-6.463333333333332,12.332333333333331,dellama01-2014
loveke01,43.43333333333333,10.3,201401290MIN-MIN,201401290MIN-NOP,MIN-2014,1,2014,447.36333333333334,62.82866666666667,loveke01-2014
martike02,33.36666666666667,2.5,201401290MIN-MIN,201401290MIN-NOP,MIN-2014,1,2014,83.41666666666667,62.82866666666667,martike02-2014
turiaro01,26.216666666666665,-1.3,201401290MIN-MIN,201401290MIN-NOP,MIN-2014,1,2014,-34.08166666666666,62.82866666666667,turiaro01-2014
breweco01,25.333333333333332,-1.3,201401290MIN-MIN,201401290MIN-NOP,MIN-2014,1,2014,-32.93333333333333,62.82866666666667,breweco01-2014
rubiori01,24.316666666666666,0.5,201401290MIN-MIN,201401290MIN-NOP,MIN-2014,1,2014,12.158333333333333,62.82866666666667,rubiori01-2014
bareajo01,23.683333333333334,1.9,201401290MIN-MIN,201401290MIN-NOP,MIN-2014,1,2014,44.998333333333335,62.82866666666667,bareajo01-2014
mbahalu01,22.666666666666668,1.2,201401290MIN-MIN,201401290MIN-NOP,MIN-2014,1,2014,27.2,62.82866666666667,mbahalu01-2014
cunnida01,19.916666666666668,5.3,201401290MIN-MIN,201401290MIN-NOP,MIN-2014,1,2014,105.55833333333334,62.82866666666667,cunnida01-2014
budinch01,14.633333333333333,-0.9,201401290MIN-MIN,201401290MIN-NOP,MIN-2014,1,2014,-13.17,62.82866666666667,budinch01-2014
dienggo01,6.433333333333334,-1.9,201401290MIN-MIN,201401290MIN-NOP,MIN-2014,1,2014,-12.223333333333333,62.82866666666667,dienggo01-2014
davisan02,40.21666666666667,17,201402010NOP-NOP,201402010NOP-CHI,NOP-2014,1,2014,683.6833333333334,64.10966666666667,davisan02-2014
gordoer01,31.466666666666665,-4,201402010NOP-NOP,201402010NOP-CHI,NOP-2014,1,2014,-125.86666666666666,64.10966666666667,gordoer01-2014
roberbr01,29.7,-2,201402010NOP-NOP,201402010NOP-CHI,NOP-2014,1,2014,-59.4,64.10966666666667,roberbr01-2014
aminual01,28.216666666666665,3.8,201402010NOP-NOP,201402010NOP-CHI,NOP-2014,1,2014,107.22333333333331,64.10966666666667,aminual01-2014
stiemgr01,25.966666666666665,1,201402010NOP-NOP,201402010NOP-CHI,NOP-2014,1,2014,25.966666666666665,64.10966666666667,stiemgr01-2014
evansty01,23,-1.8,201402010NOP-NOP,201402010NOP-CHI,NOP-2014,1,2014,-41.4,64.10966666666667,evansty01-2014
riverau01,18.3,0.4,201402010NOP-NOP,201402010NOP-CHI,NOP-2014,1,2014,7.32,64.10966666666667,riverau01-2014
ajincal01,18.1,0.2,201402010NOP-NOP,201402010NOP-CHI,NOP-2014,1,2014,3.6200000000000006,64.10966666666667,ajincal01-2014
morroan01,13.316666666666666,3,201402010NOP-NOP,201402010NOP-CHI,NOP-2014,1,2014,39.95,64.10966666666667,morroan01-2014
witheje01,11.716666666666667,0,201402010NOP-NOP,201402010NOP-CHI,NOP-2014,1,2014,0,64.10966666666667,witheje01-2014
davisan02,43.85,-6.3,201402030NOP-NOP,201402030NOP-SAS,NOP-2014,0,2014,-276.255,5.674666666666664,davisan02-2014
aminual01,34.4,-2.3,201402030NOP-NOP,201402030NOP-SAS,NOP-2014,0,2014,-79.11999999999999,5.674666666666664,aminual01-2014
gordoer01,32.43333333333333,7.2,201402030NOP-NOP,201402030NOP-SAS,NOP-2014,0,2014,233.51999999999998,5.674666666666664,gordoer01-2014
roberbr01,29.75,-6,201402030NOP-NOP,201402030NOP-SAS,NOP-2014,0,2014,-178.5,5.674666666666664,roberbr01-2014
ajincal01,27.15,3.6,201402030NOP-NOP,201402030NOP-SAS,NOP-2014,0,2014,97.74,5.674666666666664,ajincal01-2014
morroan01,22.083333333333332,8.2,201402030NOP-NOP,201402030NOP-SAS,NOP-2014,0,2014,181.08333333333331,5.674666666666664,morroan01-2014
stiemgr01,20.833333333333332,2.2,201402030NOP-NOP,201402030NOP-SAS,NOP-2014,0,2014,45.833333333333336,5.674666666666664,stiemgr01-2014
riverau01,20.333333333333332,1.5,201402030NOP-NOP,201402030NOP-SAS,NOP-2014,0,2014,30.5,5.674666666666664,riverau01-2014
evansty01,5.216666666666667,0.6,201402030NOP-NOP,201402030NOP-SAS,NOP-2014,0,2014,3.13,5.674666666666664,evansty01-2014
milleda01,3.95,-0.3,201402030NOP-NOP,201402030NOP-SAS,NOP-2014,0,2014,-1.185,5.674666666666664,milleda01-2014
roberbr01,36.61666666666667,3.5,201402050NOP-NOP,201402050NOP-ATL,NOP-2014,1,2014,128.15833333333333,48.08722222222222,roberbr01-2014
davisan02,35.5,9.6,201402050NOP-NOP,201402050NOP-ATL,NOP-2014,1,2014,340.8,48.08722222222222,davisan02-2014
aminual01,33.7,-5.4,201402050NOP-NOP,201402050NOP-ATL,NOP-2014,1,2014,-181.98000000000002,48.08722222222222,aminual01-2014
gordoer01,33.583333333333336,-2.8,201402050NOP-NOP,201402050NOP-ATL,NOP-2014,1,2014,-94.03333333333333,48.08722222222222,gordoer01-2014
stiemgr01,31.783333333333335,8.5,201402050NOP-NOP,201402050NOP-ATL,NOP-2014,1,2014,270.15833333333336,48.08722222222222,stiemgr01-2014
morroan01,26.983333333333334,0.5,201402050NOP-NOP,201402050NOP-ATL,NOP-2014,1,2014,13.491666666666667,48.08722222222222,morroan01-2014
riverau01,18.283333333333335,-3,201402050NOP-NOP,201402050NOP-ATL,NOP-2014,1,2014,-54.85000000000001,48.08722222222222,riverau01-2014
ajincal01,14.8,-0.2,201402050NOP-NOP,201402050NOP-ATL,NOP-2014,1,2014,-2.9600000000000004,48.08722222222222,ajincal01-2014
witheje01,8.75,1.6,201402050NOP-NOP,201402050NOP-ATL,NOP-2014,1,2014,14,48.08722222222222,witheje01-2014
davisan02,40.81666666666667,4.6,201402070NOP-NOP,201402070NOP-MIN,NOP-2014,1,2014,187.75666666666666,56.74066666666667,davisan02-2014
gordoer01,37.2,8,201402070NOP-NOP,201402070NOP-MIN,NOP-2014,1,2014,297.6,56.74066666666667,gordoer01-2014
roberbr01,29.333333333333332,3.1,201402070NOP-NOP,201402070NOP-MIN,NOP-2014,1,2014,90.93333333333334,56.74066666666667,roberbr01-2014
aminual01,23.233333333333334,-2.4,201402070NOP-NOP,201402070NOP-MIN,NOP-2014,1,2014,-55.76,56.74066666666667,aminual01-2014
morroan01,21.766666666666666,3.8,201402070NOP-NOP,201402070NOP-MIN,NOP-2014,1,2014,82.71333333333332,56.74066666666667,morroan01-2014
evansty01,20.366666666666667,-5.9,201402070NOP-NOP,201402070NOP-MIN,NOP-2014,1,2014,-120.16333333333334,56.74066666666667,evansty01-2014
babbilu01,19.483333333333334,1.2,201402070NOP-NOP,201402070NOP-MIN,NOP-2014,1,2014,23.38,56.74066666666667,babbilu01-2014
stiemgr01,19.183333333333334,0.8,201402070NOP-NOP,201402070NOP-MIN,NOP-2014,1,2014,15.346666666666668,56.74066666666667,stiemgr01-2014
riverau01,15.566666666666666,3.6,201402070NOP-NOP,201402070NOP-MIN,NOP-2014,1,2014,56.04,56.74066666666667,riverau01-2014
ajincal01,13.05,-0.8,201402070NOP-NOP,201402070NOP-MIN,NOP-2014,1,2014,-10.440000000000001,56.74066666666667,ajincal01-2014
teletmi01,30.533333333333335,-2.2,201402090BRK-BRK,201402090BRK-NOP,BRK-2014,1,2014,-67.17333333333335,32.21666666666666,teletmi01-2014
plumlma01,28.333333333333332,11.8,201402090BRK-BRK,201402090BRK-NOP,BRK-2014,1,2014,334.3333333333333,32.21666666666666,plumlma01-2014
anderal01,27.816666666666666,-0.9,201402090BRK-BRK,201402090BRK-NOP,BRK-2014,1,2014,-25.035,32.21666666666666,anderal01-2014
willide01,25.133333333333333,3.7,201402090BRK-BRK,201402090BRK-NOP,BRK-2014,1,2014,92.99333333333334,32.21666666666666,willide01-2014
livinsh01,24.316666666666666,-1.3,201402090BRK-BRK,201402090BRK-NOP,BRK-2014,1,2014,-31.611666666666668,32.21666666666666,livinsh01-2014
johnsjo02,23.05,0.8,201402090BRK-BRK,201402090BRK-NOP,BRK-2014,1,2014,18.44,32.21666666666666,johnsjo02-2014
terryja01,21.216666666666665,0,201402090BRK-BRK,201402090BRK-NOP,BRK-2014,1,2014,0,32.21666666666666,terryja01-2014
kirilan01,19.866666666666667,-0.6,201402090BRK-BRK,201402090BRK-NOP,BRK-2014,1,2014,-11.92,32.21666666666666,kirilan01-2014
piercpa01,17.466666666666665,2.3,201402090BRK-BRK,201402090BRK-NOP,BRK-2014,1,2014,40.173333333333325,32.21666666666666,piercpa01-2014
garneke01,13.4,3.8,201402090BRK-BRK,201402090BRK-NOP,BRK-2014,1,2014,50.92,32.21666666666666,garneke01-2014
blatcan01,6.266666666666667,-2.4,201402090BRK-BRK,201402090BRK-NOP,BRK-2014,1,2014,-15.04,32.21666666666666,blatcan01-2014
teaguma01,2.6,0.2,201402090BRK-BRK,201402090BRK-NOP,BRK-2014,1,2014,0.52,32.21666666666666,teaguma01-2014
derozde01,40.35,-5.2,201402100TOR-TOR,201402100TOR-NOP,TOR-2014,1,2014,-209.82000000000002,59.847166666666666,derozde01-2014
lowryky01,38.8,12.3,201402100TOR-TOR,201402100TOR-NOP,TOR-2014,1,2014,477.24,59.847166666666666,lowryky01-2014
rosste01,34.75,5.6,201402100TOR-TOR,201402100TOR-NOP,TOR-2014,1,2014,194.6,59.847166666666666,rosste01-2014
pattepa01,32.86666666666667,7,201402100TOR-TOR,201402100TOR-NOP,TOR-2014,1,2014,230.06666666666666,59.847166666666666,pattepa01-2014
valanjo01,29.966666666666665,-3,201402100TOR-TOR,201402100TOR-NOP,TOR-2014,1,2014,-89.89999999999999,59.847166666666666,valanjo01-2014
salmojo01,16.85,0.5,201402100TOR-TOR,201402100TOR-NOP,TOR-2014,1,2014,8.425,59.847166666666666,salmojo01-2014
hansbty01,14.566666666666666,2,201402100TOR-TOR,201402100TOR-NOP,TOR-2014,1,2014,29.133333333333333,59.847166666666666,hansbty01-2014
vasqugr01,13.25,-4.4,201402100TOR-TOR,201402100TOR-NOP,TOR-2014,1,2014,-58.300000000000004,59.847166666666666,vasqugr01-2014
novakst01,11.733333333333333,1.1,201402100TOR-TOR,201402100TOR-NOP,TOR-2014,1,2014,12.906666666666666,59.847166666666666,novakst01-2014
hayesch01,6.866666666666667,0.6,201402100TOR-TOR,201402100TOR-NOP,TOR-2014,1,2014,4.12,59.847166666666666,hayesch01-2014
knighbr03,44.96666666666667,2.4,201402120MIL-MIL,201402120MIL-NOP,MIL-2014,0,2014,107.92,0.5902083333333351,knighbr03-2014
pachuza01,37.65,-8.3,201402120MIL-MIL,201402120MIL-NOP,MIL-2014,0,2014,-312.495,0.5902083333333351,pachuza01-2014
ilyaser01,35.21666666666667,-1.1,201402120MIL-MIL,201402120MIL-NOP,MIL-2014,0,2014,-38.73833333333334,0.5902083333333351,ilyaser01-2014
woltena01,32.96666666666667,8.1,201402120MIL-MIL,201402120MIL-NOP,MIL-2014,0,2014,267.03000000000003,0.5902083333333351,woltena01-2014
middlkh01,29.866666666666667,-1.6,201402120MIL-MIL,201402120MIL-NOP,MIL-2014,0,2014,-47.78666666666667,0.5902083333333351,middlkh01-2014
nealga01,29.066666666666666,2.4,201402120MIL-MIL,201402120MIL-NOP,MIL-2014,0,2014,69.75999999999999,0.5902083333333351,nealga01-2014
antetgi01,20.05,-2.4,201402120MIL-MIL,201402120MIL-NOP,MIL-2014,0,2014,-48.12,0.5902083333333351,antetgi01-2014
radulmi01,10.216666666666667,0.7,201402120MIL-MIL,201402120MIL-NOP,MIL-2014,0,2014,7.151666666666666,0.5902083333333351,radulmi01-2014
davisan02,38.31666666666667,5.1,201402190NOP-NOP,201402190NOP-NYK,NOP-2014,0,2014,195.415,29.8005,davisan02-2014
gordoer01,34.86666666666667,6.6,201402190NOP-NOP,201402190NOP-NYK,NOP-2014,0,2014,230.12,29.8005,gordoer01-2014
aminual01,31.683333333333334,-0.3,201402190NOP-NOP,201402190NOP-NYK,NOP-2014,0,2014,-9.504999999999999,29.8005,aminual01-2014
roberbr01,29.333333333333332,0.2,201402190NOP-NOP,201402190NOP-NYK,NOP-2014,0,2014,5.866666666666667,29.8005,roberbr01-2014
evansty01,22.433333333333334,-5.7,201402190NOP-NOP,201402190NOP-NYK,NOP-2014,0,2014,-127.87,29.8005,evansty01-2014
riverau01,21.933333333333334,2.9,201402190NOP-NOP,201402190NOP-NYK,NOP-2014,0,2014,63.60666666666666,29.8005,riverau01-2014
babbilu01,18.716666666666665,-1.1,201402190NOP-NOP,201402190NOP-NYK,NOP-2014,0,2014,-20.588333333333335,29.8005,babbilu01-2014
morroan01,16.766666666666666,-0.2,201402190NOP-NOP,201402190NOP-NYK,NOP-2014,0,2014,-3.3533333333333335,29.8005,morroan01-2014
stiemgr01,13.533333333333333,1.4,201402190NOP-NOP,201402190NOP-NYK,NOP-2014,0,2014,18.946666666666665,29.8005,stiemgr01-2014
ajincal01,12.416666666666666,-4.4,201402190NOP-NOP,201402190NOP-NYK,NOP-2014,0,2014,-54.63333333333333,29.8005,ajincal01-2014
walkeke02,36.31666666666667,1.3,201402210CHA-CHA,201402210CHA-NOP,CHA-2014,1,2014,47.21166666666667,31.605000000000004,walkeke02-2014
jeffeal01,34.06666666666667,4.6,201402210CHA-CHA,201402210CHA-NOP,CHA-2014,1,2014,156.70666666666668,31.605000000000004,jeffeal01-2014
mcrobjo01,31.933333333333334,0.4,201402210CHA-CHA,201402210CHA-NOP,CHA-2014,1,2014,12.773333333333333,31.605000000000004,mcrobjo01-2014
kiddgmi01,30.966666666666665,3.6,201402210CHA-CHA,201402210CHA-NOP,CHA-2014,1,2014,111.47999999999999,31.605000000000004,kiddgmi01-2014
hendege02,30.183333333333334,-3.5,201402210CHA-CHA,201402210CHA-NOP,CHA-2014,1,2014,-105.64166666666667,31.605000000000004,hendege02-2014
douglch01,17.816666666666666,-2.8,201402210CHA-CHA,201402210CHA-NOP,CHA-2014,1,2014,-49.88666666666666,31.605000000000004,douglch01-2014
tollian01,17.033333333333335,7,201402210CHA-CHA,201402210CHA-NOP,CHA-2014,1,2014,119.23333333333335,31.605000000000004,tollian01-2014
zelleco01,16.066666666666666,2.8,201402210CHA-CHA,201402210CHA-NOP,CHA-2014,1,2014,44.986666666666665,31.605000000000004,zelleco01-2014
biyombi01,13.933333333333334,-2.5,201402210CHA-CHA,201402210CHA-NOP,CHA-2014,1,2014,-34.833333333333336,31.605000000000004,biyombi01-2014
pargoja01,11.683333333333334,1.2,201402210CHA-CHA,201402210CHA-NOP,CHA-2014,1,2014,14.02,31.605000000000004,pargoja01-2014
bealbr01,37.11666666666667,-3.3,201402220WAS-WAS,201402220WAS-NOP,WAS-2014,1,2014,-122.485,34.47466666666667,bealbr01-2014
arizatr01,34.083333333333336,-2.4,201402220WAS-WAS,201402220WAS-NOP,WAS-2014,1,2014,-81.8,34.47466666666667,arizatr01-2014
hilarne01,33.2,9.3,201402220WAS-WAS,201402220WAS-NOP,WAS-2014,1,2014,308.76000000000005,34.47466666666667,hilarne01-2014
walljo01,31.683333333333334,1.3,201402220WAS-WAS,201402220WAS-NOP,WAS-2014,1,2014,41.18833333333333,34.47466666666667,walljo01-2014
gortama01,30.183333333333334,6,201402220WAS-WAS,201402220WAS-NOP,WAS-2014,1,2014,181.1,34.47466666666667,gortama01-2014
webstma02,25.116666666666667,2.1,201402220WAS-WAS,201402220WAS-NOP,WAS-2014,1,2014,52.745000000000005,34.47466666666667,webstma02-2014
serapke01,16.95,0.9,201402220WAS-WAS,201402220WAS-NOP,WAS-2014,1,2014,15.254999999999999,34.47466666666667,serapke01-2014
millean02,16.316666666666666,0.2,201402220WAS-WAS,201402220WAS-NOP,WAS-2014,1,2014,3.2633333333333336,34.47466666666667,millean02-2014
booketr01,14.8,-3.6,201402220WAS-WAS,201402220WAS-NOP,WAS-2014,1,2014,-53.28,34.47466666666667,booketr01-2014
harrial01,0.55,0,201402220WAS-WAS,201402220WAS-NOP,WAS-2014,1,2014,0,34.47466666666667,harrial01-2014
davisan02,38.05,4.3,201402240NOP-NOP,201402240NOP-LAC,NOP-2014,0,2014,163.61499999999998,13.782575757575755,davisan02-2014
riverau01,29.383333333333333,-0.2,201402240NOP-NOP,201402240NOP-LAC,NOP-2014,0,2014,-5.876666666666667,13.782575757575755,riverau01-2014
evansty01,29.283333333333335,-5.9,201402240NOP-NOP,201402240NOP-LAC,NOP-2014,0,2014,-172.77166666666668,13.782575757575755,evansty01-2014
ajincal01,26.65,3.2,201402240NOP-NOP,201402240NOP-LAC,NOP-2014,0,2014,85.28,13.782575757575755,ajincal01-2014
gordoer01,23.016666666666666,-0.3,201402240NOP-NOP,201402240NOP-LAC,NOP-2014,0,2014,-6.904999999999999,13.782575757575755,gordoer01-2014
morroan01,22.35,-0.5,201402240NOP-NOP,201402240NOP-LAC,NOP-2014,0,2014,-11.175,13.782575757575755,morroan01-2014
aminual01,20.583333333333332,1.4,201402240NOP-NOP,201402240NOP-LAC,NOP-2014,0,2014,28.816666666666663,13.782575757575755,aminual01-2014
roberbr01,18.666666666666668,1.9,201402240NOP-NOP,201402240NOP-LAC,NOP-2014,0,2014,35.46666666666667,13.782575757575755,roberbr01-2014
babbilu01,14.066666666666666,1.7,201402240NOP-NOP,201402240NOP-LAC,NOP-2014,0,2014,23.913333333333334,13.782575757575755,babbilu01-2014
stiemgr01,11.416666666666666,1.5,201402240NOP-NOP,201402240NOP-LAC,NOP-2014,0,2014,17.125,13.782575757575755,stiemgr01-2014
witheje01,6.533333333333333,-0.9,201402240NOP-NOP,201402240NOP-LAC,NOP-2014,0,2014,-5.88,13.782575757575755,witheje01-2014
ellismo01,33.9,5.3,201402260DAL-DAL,201402260DAL-NOP,DAL-2014,1,2014,179.67,51.158589743589744,ellismo01-2014
mariosh01,31.316666666666666,4.7,201402260DAL-DAL,201402260DAL-NOP,DAL-2014,1,2014,147.18833333333333,51.158589743589744,mariosh01-2014
nowitdi01,27.133333333333333,3.9,201402260DAL-DAL,201402260DAL-NOP,DAL-2014,1,2014,105.82,51.158589743589744,nowitdi01-2014
caldejo01,26.35,3,201402260DAL-DAL,201402260DAL-NOP,DAL-2014,1,2014,79.05000000000001,51.158589743589744,caldejo01-2014
wrighbr03,23.716666666666665,7.8,201402260DAL-DAL,201402260DAL-NOP,DAL-2014,1,2014,184.98999999999998,51.158589743589744,wrighbr03-2014
harride01,22.2,-7.3,201402260DAL-DAL,201402260DAL-NOP,DAL-2014,1,2014,-162.06,51.158589743589744,harride01-2014
ellinwa01,21.766666666666666,3.4,201402260DAL-DAL,201402260DAL-NOP,DAL-2014,1,2014,74.00666666666666,51.158589743589744,ellinwa01-2014
cartevi01,21.616666666666667,3.7,201402260DAL-DAL,201402260DAL-NOP,DAL-2014,1,2014,79.98166666666667,51.158589743589744,cartevi01-2014
dalemsa01,21.483333333333334,-0.9,201402260DAL-DAL,201402260DAL-NOP,DAL-2014,1,2014,-19.335,51.158589743589744,dalemsa01-2014
blairde01,3.066666666666667,-0.9,201402260DAL-DAL,201402260DAL-NOP,DAL-2014,1,2014,-2.7600000000000002,51.158589743589744,blairde01-2014
crowdja01,2.4833333333333334,-0.3,201402260DAL-DAL,201402260DAL-NOP,DAL-2014,1,2014,-0.745,51.158589743589744,crowdja01-2014
jamesbe01,2.4833333333333334,-0.2,201402260DAL-DAL,201402260DAL-NOP,DAL-2014,1,2014,-0.4966666666666667,51.158589743589744,jamesbe01-2014
larkish01,2.4833333333333334,-0.1,201402260DAL-DAL,201402260DAL-NOP,DAL-2014,1,2014,-0.24833333333333335,51.158589743589744,larkish01-2014
dragigo01,41.71666666666667,9.4,201402280PHO-PHO,201402280PHO-NOP,PHO-2014,1,2014,392.1366666666667,77.75962962962963,dragigo01-2014
greenge01,34.85,-4.5,201402280PHO-PHO,201402280PHO-NOP,PHO-2014,1,2014,-156.82500000000002,77.75962962962963,greenge01-2014
morrima02,31.5,4.8,201402280PHO-PHO,201402280PHO-NOP,PHO-2014,1,2014,151.2,77.75962962962963,morrima02-2014
tuckepj01,30.066666666666666,5,201402280PHO-PHO,201402280PHO-NOP,PHO-2014,1,2014,150.33333333333334,77.75962962962963,tuckepj01-2014
morrima03,25.25,6.2,201402280PHO-PHO,201402280PHO-NOP,PHO-2014,1,2014,156.55,77.75962962962963,morrima03-2014
smithis01,23.616666666666667,3.6,201402280PHO-PHO,201402280PHO-NOP,PHO-2014,1,2014,85.02000000000001,77.75962962962963,smithis01-2014
fryech01,22.75,0.3,201402280PHO-PHO,201402280PHO-NOP,PHO-2014,1,2014,6.825,77.75962962962963,fryech01-2014
plumlmi01,21.483333333333334,-3.2,201402280PHO-PHO,201402280PHO-NOP,PHO-2014,1,2014,-68.74666666666667,77.75962962962963,plumlmi01-2014
goodwar01,8.766666666666667,-1.9,201402280PHO-PHO,201402280PHO-NOP,PHO-2014,1,2014,-16.656666666666666,77.75962962962963,goodwar01-2014
griffbl01,31.666666666666668,-1.4,201403010LAC-LAC,201403010LAC-NOP,LAC-2014,1,2014,-44.333333333333336,68.2309090909091,griffbl01-2014
paulch01,30.083333333333332,10.4,201403010LAC-LAC,201403010LAC-NOP,LAC-2014,1,2014,312.8666666666667,68.2309090909091,paulch01-2014
greenwi01,28.733333333333334,1.1,201403010LAC-LAC,201403010LAC-NOP,LAC-2014,1,2014,31.60666666666667,68.2309090909091,greenwi01-2014
jordade01,27.5,3.3,201403010LAC-LAC,201403010LAC-NOP,LAC-2014,1,2014,90.75,68.2309090909091,jordade01-2014
collida01,26.916666666666668,4.6,201403010LAC-LAC,201403010LAC-NOP,LAC-2014,1,2014,123.81666666666666,68.2309090909091,collida01-2014
barnema02,24.133333333333333,9.5,201403010LAC-LAC,201403010LAC-NOP,LAC-2014,1,2014,229.26666666666665,68.2309090909091,barnema02-2014
dudleja01,23.866666666666667,-0.3,201403010LAC-LAC,201403010LAC-NOP,LAC-2014,1,2014,-7.16,68.2309090909091,dudleja01-2014
turkohe01,14.716666666666667,-0.3,201403010LAC-LAC,201403010LAC-NOP,LAC-2014,1,2014,-4.415,68.2309090909091,turkohe01-2014
davisgl01,13.616666666666667,-2.1,201403010LAC-LAC,201403010LAC-NOP,LAC-2014,1,2014,-28.595000000000002,68.2309090909091,davisgl01-2014
bullore01,10.283333333333333,2.4,201403010LAC-LAC,201403010LAC-NOP,LAC-2014,1,2014,24.68,68.2309090909091,bullore01-2014
holliry01,8.483333333333333,2.6,201403010LAC-LAC,201403010LAC-NOP,LAC-2014,1,2014,22.056666666666665,68.2309090909091,holliry01-2014
thomais02,42.583333333333336,4.2,201403030SAC-SAC,201403030SAC-NOP,SAC-2014,1,2014,178.85000000000002,46.81183333333333,thomais02-2014
evansre01,30.483333333333334,4.1,201403030SAC-SAC,201403030SAC-NOP,SAC-2014,1,2014,124.98166666666665,46.81183333333333,evansre01-2014
gayru01,30.15,-2,201403030SAC-SAC,201403030SAC-NOP,SAC-2014,1,2014,-60.3,46.81183333333333,gayru01-2014
mclembe01,28.9,3.6,201403030SAC-SAC,201403030SAC-NOP,SAC-2014,1,2014,104.03999999999999,46.81183333333333,mclembe01-2014
couside01,27.5,0.7,201403030SAC-SAC,201403030SAC-NOP,SAC-2014,1,2014,19.25,46.81183333333333,couside01-2014
thompja02,24.95,1.8,201403030SAC-SAC,201403030SAC-NOP,SAC-2014,1,2014,44.91,46.81183333333333,thompja02-2014
mccalra01,22.233333333333334,4.5,201403030SAC-SAC,201403030SAC-NOP,SAC-2014,1,2014,100.05000000000001,46.81183333333333,mccalra01-2014
willide02,14.083333333333334,-2.7,201403030SAC-SAC,201403030SAC-NOP,SAC-2014,1,2014,-38.025000000000006,46.81183333333333,willide02-2014
acyqu01,13.066666666666666,-0.2,201403030SAC-SAC,201403030SAC-NOP,SAC-2014,1,2014,-2.6133333333333333,46.81183333333333,acyqu01-2014
johnsor01,6.05,-0.5,201403030SAC-SAC,201403030SAC-NOP,SAC-2014,1,2014,-3.025,46.81183333333333,johnsor01-2014
bazemke01,34.63333333333333,2.4,201403040LAL-LAL,201403040LAL-NOP,LAL-2014,0,2014,83.11999999999999,20.623,bazemke01-2014
gasolpa01,32.21666666666667,6.3,201403040LAL-LAL,201403040LAL-NOP,LAL-2014,0,2014,202.965,20.623,gasolpa01-2014
meeksjo01,31.433333333333334,1,201403040LAL-LAL,201403040LAL-NOP,LAL-2014,0,2014,31.433333333333334,20.623,meeksjo01-2014
johnswe01,29.166666666666668,-3.8,201403040LAL-LAL,201403040LAL-NOP,LAL-2014,0,2014,-110.83333333333333,20.623,johnswe01-2014
farmajo01,26.083333333333332,4.9,201403040LAL-LAL,201403040LAL-NOP,LAL-2014,0,2014,127.80833333333334,20.623,farmajo01-2014
marshke01,21.916666666666668,-3,201403040LAL-LAL,201403040LAL-NOP,LAL-2014,0,2014,-65.75,20.623,marshke01-2014
kellyry01,18.833333333333332,1.7,201403040LAL-LAL,201403040LAL-NOP,LAL-2014,0,2014,32.016666666666666,20.623,kellyry01-2014
sacrero01,15.766666666666667,-2.3,201403040LAL-LAL,201403040LAL-NOP,LAL-2014,0,2014,-36.263333333333335,20.623,sacrero01-2014
brookma01,15.583333333333334,-4.2,201403040LAL-LAL,201403040LAL-NOP,LAL-2014,0,2014,-65.45,20.623,brookma01-2014
henryxa01,14.366666666666667,0.5,201403040LAL-LAL,201403040LAL-NOP,LAL-2014,0,2014,7.183333333333334,20.623,henryxa01-2014
davisan02,39.733333333333334,7.4,201403070NOP-NOP,201403070NOP-MIL,NOP-2014,1,2014,294.0266666666667,45.31681818181818,davisan02-2014
evansty01,30.183333333333334,8.6,201403070NOP-NOP,201403070NOP-MIL,NOP-2014,1,2014,259.57666666666665,45.31681818181818,evansty01-2014
gordoer01,29.266666666666666,-1.2,201403070NOP-NOP,201403070NOP-MIL,NOP-2014,1,2014,-35.12,45.31681818181818,gordoer01-2014
stiemgr01,29.083333333333332,2.5,201403070NOP-NOP,201403070NOP-MIL,NOP-2014,1,2014,72.70833333333333,45.31681818181818,stiemgr01-2014
roberbr01,27.05,0.9,201403070NOP-NOP,201403070NOP-MIL,NOP-2014,1,2014,24.345000000000002,45.31681818181818,roberbr01-2014
riverau01,21.8,-6.4,201403070NOP-NOP,201403070NOP-MIL,NOP-2014,1,2014,-139.52,45.31681818181818,riverau01-2014
aminual01,17.15,0,201403070NOP-NOP,201403070NOP-MIL,NOP-2014,1,2014,0,45.31681818181818,aminual01-2014
morroan01,15.983333333333333,5.8,201403070NOP-NOP,201403070NOP-MIL,NOP-2014,1,2014,92.70333333333332,45.31681818181818,morroan01-2014
witheje01,14.483333333333333,-0.8,201403070NOP-NOP,201403070NOP-MIL,NOP-2014,1,2014,-11.586666666666666,45.31681818181818,witheje01-2014
ajincal01,12.55,-4.5,201403070NOP-NOP,201403070NOP-MIL,NOP-2014,1,2014,-56.475,45.31681818181818,ajincal01-2014
milleda01,2.716666666666667,-0.8,201403070NOP-NOP,201403070NOP-MIL,NOP-2014,1,2014,-2.1733333333333333,45.31681818181818,milleda01-2014
davisan02,45.166666666666664,10.3,201403090NOP-NOP,201403090NOP-DEN,NOP-2014,1,2014,465.2166666666667,44.96666666666667,davisan02-2014
evansty01,39.3,1.7,201403090NOP-NOP,201403090NOP-DEN,NOP-2014,1,2014,66.80999999999999,44.96666666666667,evansty01-2014
gordoer01,35.766666666666666,-7.3,201403090NOP-NOP,201403090NOP-DEN,NOP-2014,1,2014,-261.09666666666664,44.96666666666667,gordoer01-2014
roberbr01,27.066666666666666,-0.4,201403090NOP-NOP,201403090NOP-DEN,NOP-2014,1,2014,-10.826666666666668,44.96666666666667,roberbr01-2014
stiemgr01,26.883333333333333,-0.1,201403090NOP-NOP,201403090NOP-DEN,NOP-2014,1,2014,-2.6883333333333335,44.96666666666667,stiemgr01-2014
riverau01,25.933333333333334,3.3,201403090NOP-NOP,201403090NOP-DEN,NOP-2014,1,2014,85.58,44.96666666666667,riverau01-2014
morroan01,21.616666666666667,3.5,201403090NOP-NOP,201403090NOP-DEN,NOP-2014,1,2014,75.65833333333333,44.96666666666667,morroan01-2014
aminual01,17.433333333333334,0.8,201403090NOP-NOP,201403090NOP-DEN,NOP-2014,1,2014,13.946666666666667,44.96666666666667,aminual01-2014
witheje01,14.666666666666666,3.6,201403090NOP-NOP,201403090NOP-DEN,NOP-2014,1,2014,52.8,44.96666666666667,witheje01-2014
ajincal01,11.166666666666666,-3.2,201403090NOP-NOP,201403090NOP-DEN,NOP-2014,1,2014,-35.733333333333334,44.96666666666667,ajincal01-2014
davisan02,39.083333333333336,15.1,201403120NOP-NOP,201403120NOP-MEM,NOP-2014,0,2014,590.1583333333333,42.977,davisan02-2014
morroan01,36.38333333333333,-3.7,201403120NOP-NOP,201403120NOP-MEM,NOP-2014,0,2014,-134.61833333333334,42.977,morroan01-2014
roberbr01,29.8,-1.5,201403120NOP-NOP,201403120NOP-MEM,NOP-2014,0,2014,-44.7,42.977,roberbr01-2014
riverau01,28.433333333333334,4.7,201403120NOP-NOP,201403120NOP-MEM,NOP-2014,0,2014,133.63666666666668,42.977,riverau01-2014
stiemgr01,26,-2.3,201403120NOP-NOP,201403120NOP-MEM,NOP-2014,0,2014,-59.8,42.977,stiemgr01-2014
aminual01,25.383333333333333,-0.5,201403120NOP-NOP,201403120NOP-MEM,NOP-2014,0,2014,-12.691666666666666,42.977,aminual01-2014
milleda01,19.916666666666668,0.1,201403120NOP-NOP,201403120NOP-MEM,NOP-2014,0,2014,1.991666666666667,42.977,milleda01-2014
ajincal01,18.133333333333333,-0.7,201403120NOP-NOP,201403120NOP-MEM,NOP-2014,0,2014,-12.693333333333332,42.977,ajincal01-2014
babbilu01,11.083333333333334,-4.2,201403120NOP-NOP,201403120NOP-MEM,NOP-2014,0,2014,-46.550000000000004,42.977,babbilu01-2014
witheje01,5.783333333333333,2.6,201403120NOP-NOP,201403120NOP-MEM,NOP-2014,0,2014,15.036666666666667,42.977,witheje01-2014
davisan02,39.88333333333333,6.5,201403140NOP-NOP,201403140NOP-POR,NOP-2014,0,2014,259.2416666666667,56.066515151515155,davisan02-2014
roberbr01,39.266666666666666,3.3,201403140NOP-NOP,201403140NOP-POR,NOP-2014,0,2014,129.57999999999998,56.066515151515155,roberbr01-2014
gordoer01,35.983333333333334,-0.4,201403140NOP-NOP,201403140NOP-POR,NOP-2014,0,2014,-14.393333333333334,56.066515151515155,gordoer01-2014
evansty01,35.166666666666664,6.4,201403140NOP-NOP,201403140NOP-POR,NOP-2014,0,2014,225.06666666666666,56.066515151515155,evansty01-2014
aminual01,32.35,5.5,201403140NOP-NOP,201403140NOP-POR,NOP-2014,0,2014,177.925,56.066515151515155,aminual01-2014
morroan01,17.066666666666666,-4.8,201403140NOP-NOP,201403140NOP-POR,NOP-2014,0,2014,-81.92,56.066515151515155,morroan01-2014
witheje01,11.383333333333333,-1.3,201403140NOP-NOP,201403140NOP-POR,NOP-2014,0,2014,-14.798333333333334,56.066515151515155,witheje01-2014
ajincal01,9.566666666666666,-1.5,201403140NOP-NOP,201403140NOP-POR,NOP-2014,0,2014,-14.35,56.066515151515155,ajincal01-2014
riverau01,8.733333333333333,-4.8,201403140NOP-NOP,201403140NOP-POR,NOP-2014,0,2014,-41.919999999999995,56.066515151515155,riverau01-2014
milleda01,6.4,-1.4,201403140NOP-NOP,201403140NOP-POR,NOP-2014,0,2014,-8.959999999999999,56.066515151515155,milleda01-2014
babbilu01,4.2,0.3,201403140NOP-NOP,201403140NOP-POR,NOP-2014,0,2014,1.26,56.066515151515155,babbilu01-2014
davisan02,47.7,13.4,201403160NOP-NOP,201403160NOP-BOS,NOP-2014,1,2014,639.1800000000001,67.04481481481483,davisan02-2014
gordoer01,40.46666666666667,1.6,201403160NOP-NOP,201403160NOP-BOS,NOP-2014,1,2014,64.74666666666667,67.04481481481483,gordoer01-2014
evansty01,37.8,2.1,201403160NOP-NOP,201403160NOP-BOS,NOP-2014,1,2014,79.38,67.04481481481483,evansty01-2014
roberbr01,32.416666666666664,-2.9,201403160NOP-NOP,201403160NOP-BOS,NOP-2014,1,2014,-94.00833333333333,67.04481481481483,roberbr01-2014
witheje01,29.066666666666666,0.2,201403160NOP-NOP,201403160NOP-BOS,NOP-2014,1,2014,5.8133333333333335,67.04481481481483,witheje01-2014
stiemgr01,28.85,0.9,201403160NOP-NOP,201403160NOP-BOS,NOP-2014,1,2014,25.965000000000003,67.04481481481483,stiemgr01-2014
aminual01,22.083333333333332,-3,201403160NOP-NOP,201403160NOP-BOS,NOP-2014,1,2014,-66.25,67.04481481481483,aminual01-2014
riverau01,20.583333333333332,-2,201403160NOP-NOP,201403160NOP-BOS,NOP-2014,1,2014,-41.166666666666664,67.04481481481483,riverau01-2014
morroan01,6.033333333333333,-1.7,201403160NOP-NOP,201403160NOP-BOS,NOP-2014,1,2014,-10.256666666666666,67.04481481481483,morroan01-2014
evansty01,35.45,4.7,201403190NOP-NOP,201403190NOP-TOR,NOP-2014,0,2014,166.615,18.312666666666672,evansty01-2014
aminual01,32.88333333333333,5,201403190NOP-NOP,201403190NOP-TOR,NOP-2014,0,2014,164.41666666666666,18.312666666666672,aminual01-2014
gordoer01,29.183333333333334,-4.5,201403190NOP-NOP,201403190NOP-TOR,NOP-2014,0,2014,-131.325,18.312666666666672,gordoer01-2014
roberbr01,28.816666666666666,-3.7,201403190NOP-NOP,201403190NOP-TOR,NOP-2014,0,2014,-106.62166666666667,18.312666666666672,roberbr01-2014
witheje01,26.966666666666665,1.1,201403190NOP-NOP,201403190NOP-TOR,NOP-2014,0,2014,29.663333333333334,18.312666666666672,witheje01-2014
riverau01,22.816666666666666,-2,201403190NOP-NOP,201403190NOP-TOR,NOP-2014,0,2014,-45.63333333333333,18.312666666666672,riverau01-2014
ajincal01,21.416666666666668,7.9,201403190NOP-NOP,201403190NOP-TOR,NOP-2014,0,2014,169.1916666666667,18.312666666666672,ajincal01-2014
morroan01,15.816666666666666,-0.9,201403190NOP-NOP,201403190NOP-TOR,NOP-2014,0,2014,-14.235,18.312666666666672,morroan01-2014
stiemgr01,14.733333333333333,-1.3,201403190NOP-NOP,201403190NOP-TOR,NOP-2014,0,2014,-19.153333333333332,18.312666666666672,stiemgr01-2014
milleda01,11.916666666666666,-2.5,201403190NOP-NOP,201403190NOP-TOR,NOP-2014,0,2014,-29.791666666666664,18.312666666666672,milleda01-2014
carrode01,35.96666666666667,-0.1,201403210ATL-ATL,201403210ATL-NOP,ATL-2014,0,2014,-3.596666666666667,31.494545454545452,carrode01-2014
teaguje01,35.75,7.1,201403210ATL-ATL,201403210ATL-NOP,ATL-2014,0,2014,253.825,31.494545454545452,teaguje01-2014
macksh01,33.25,4.8,201403210ATL-ATL,201403210ATL-NOP,ATL-2014,0,2014,159.6,31.494545454545452,macksh01-2014
millspa01,32.61666666666667,2,201403210ATL-ATL,201403210ATL-NOP,ATL-2014,0,2014,65.23333333333333,31.494545454545452,millspa01-2014
anticpe01,28.016666666666666,0,201403210ATL-ATL,201403210ATL-NOP,ATL-2014,0,2014,0,31.494545454545452,anticpe01-2014
scottmi01,15.366666666666667,-1.4,201403210ATL-ATL,201403210ATL-NOP,ATL-2014,0,2014,-21.513333333333332,31.494545454545452,scottmi01-2014
brandel01,14.8,-1.4,201403210ATL-ATL,201403210ATL-NOP,ATL-2014,0,2014,-20.72,31.494545454545452,brandel01-2014
willilo02,14.75,-5.4,201403210ATL-ATL,201403210ATL-NOP,ATL-2014,0,2014,-79.65,31.494545454545452,willilo02-2014
schrode01,12.266666666666667,0,201403210ATL-ATL,201403210ATL-NOP,ATL-2014,0,2014,0,31.494545454545452,schrode01-2014
martica01,12.033333333333333,0,201403210ATL-ATL,201403210ATL-NOP,ATL-2014,0,2014,0,31.494545454545452,martica01-2014
muscami01,5.183333333333334,-1.3,201403210ATL-ATL,201403210ATL-NOP,ATL-2014,0,2014,-6.738333333333334,31.494545454545452,muscami01-2014
aminual01,45.05,-0.4,201403220NOP-NOP,201403220NOP-MIA,NOP-2014,1,2014,-18.02,52.29633333333334,aminual01-2014
davisan02,39.45,5.7,201403220NOP-NOP,201403220NOP-MIA,NOP-2014,1,2014,224.865,52.29633333333334,davisan02-2014
evansty01,33.983333333333334,5.7,201403220NOP-NOP,201403220NOP-MIA,NOP-2014,1,2014,193.705,52.29633333333334,evansty01-2014
babbilu01,27.683333333333334,-0.6,201403220NOP-NOP,201403220NOP-MIA,NOP-2014,1,2014,-16.61,52.29633333333334,babbilu01-2014
roberbr01,24.783333333333335,5.5,201403220NOP-NOP,201403220NOP-MIA,NOP-2014,1,2014,136.30833333333334,52.29633333333334,roberbr01-2014
riverau01,23.216666666666665,3.1,201403220NOP-NOP,201403220NOP-MIA,NOP-2014,1,2014,71.97166666666666,52.29633333333334,riverau01-2014
morroan01,21.366666666666667,-4.7,201403220NOP-NOP,201403220NOP-MIA,NOP-2014,1,2014,-100.42333333333335,52.29633333333334,morroan01-2014
ajincal01,12.566666666666666,0.4,201403220NOP-NOP,201403220NOP-MIA,NOP-2014,1,2014,5.026666666666667,52.29633333333334,ajincal01-2014
stiemgr01,7.866666666666667,2.4,201403220NOP-NOP,201403220NOP-MIA,NOP-2014,1,2014,18.88,52.29633333333334,stiemgr01-2014
witheje01,4.033333333333333,1.8,201403220NOP-NOP,201403220NOP-MIA,NOP-2014,1,2014,7.26,52.29633333333334,witheje01-2014
davisan02,45.083333333333336,3.9,201403240NOP-NOP,201403240NOP-BRK,NOP-2014,1,2014,175.82500000000002,62.24272727272727,davisan02-2014
evansty01,43.2,9.6,201403240NOP-NOP,201403240NOP-BRK,NOP-2014,1,2014,414.72,62.24272727272727,evansty01-2014
roberbr01,35.983333333333334,6.6,201403240NOP-NOP,201403240NOP-BRK,NOP-2014,1,2014,237.48999999999998,62.24272727272727,roberbr01-2014
riverau01,29.35,-3.8,201403240NOP-NOP,201403240NOP-BRK,NOP-2014,1,2014,-111.53,62.24272727272727,riverau01-2014
aminual01,29.15,-1.8,201403240NOP-NOP,201403240NOP-BRK,NOP-2014,1,2014,-52.47,62.24272727272727,aminual01-2014
morroan01,28.966666666666665,1.5,201403240NOP-NOP,201403240NOP-BRK,NOP-2014,1,2014,43.449999999999996,62.24272727272727,morroan01-2014
ajincal01,21.516666666666666,0.8,201403240NOP-NOP,201403240NOP-BRK,NOP-2014,1,2014,17.213333333333335,62.24272727272727,ajincal01-2014
babbilu01,16.7,-1.2,201403240NOP-NOP,201403240NOP-BRK,NOP-2014,1,2014,-20.04,62.24272727272727,babbilu01-2014
stiemgr01,10.5,-1.6,201403240NOP-NOP,201403240NOP-BRK,NOP-2014,1,2014,-16.8,62.24272727272727,stiemgr01-2014
milleda01,2.7333333333333334,-1.1,201403240NOP-NOP,201403240NOP-BRK,NOP-2014,1,2014,-3.006666666666667,62.24272727272727,milleda01-2014
witheje01,1.8166666666666667,-0.1,201403240NOP-NOP,201403240NOP-BRK,NOP-2014,1,2014,-0.18166666666666667,62.24272727272727,witheje01-2014
evansty01,40.833333333333336,-3.5,201403260NOP-NOP,201403260NOP-LAC,NOP-2014,1,2014,-142.91666666666669,67.72018518518519,evansty01-2014
davisan02,37.5,3.7,201403260NOP-NOP,201403260NOP-LAC,NOP-2014,1,2014,138.75,67.72018518518519,davisan02-2014
morroan01,33.983333333333334,6.5,201403260NOP-NOP,201403260NOP-LAC,NOP-2014,1,2014,220.89166666666668,67.72018518518519,morroan01-2014
aminual01,30.083333333333332,9,201403260NOP-NOP,201403260NOP-LAC,NOP-2014,1,2014,270.75,67.72018518518519,aminual01-2014
milleda01,28.733333333333334,4.5,201403260NOP-NOP,201403260NOP-LAC,NOP-2014,1,2014,129.3,67.72018518518519,milleda01-2014
ajincal01,27.583333333333332,2.1,201403260NOP-NOP,201403260NOP-LAC,NOP-2014,1,2014,57.925,67.72018518518519,ajincal01-2014
stiemgr01,20.816666666666666,-1.3,201403260NOP-NOP,201403260NOP-LAC,NOP-2014,1,2014,-27.061666666666667,67.72018518518519,stiemgr01-2014
babbilu01,14.05,-1.3,201403260NOP-NOP,201403260NOP-LAC,NOP-2014,1,2014,-18.265,67.72018518518519,babbilu01-2014
witheje01,6.416666666666667,-3.1,201403260NOP-NOP,201403260NOP-LAC,NOP-2014,1,2014,-19.89166666666667,67.72018518518519,witheje01-2014
evansty01,37.53333333333333,8.3,201403280NOP-NOP,201403280NOP-UTA,NOP-2014,1,2014,311.5266666666667,31.59116666666667,evansty01-2014
morroan01,33.733333333333334,-0.7,201403280NOP-NOP,201403280NOP-UTA,NOP-2014,1,2014,-23.613333333333333,31.59116666666667,morroan01-2014
aminual01,33.15,-2.9,201403280NOP-NOP,201403280NOP-UTA,NOP-2014,1,2014,-96.13499999999999,31.59116666666667,aminual01-2014
ajincal01,28.033333333333335,0.6,201403280NOP-NOP,201403280NOP-UTA,NOP-2014,1,2014,16.82,31.59116666666667,ajincal01-2014
babbilu01,24.65,3.7,201403280NOP-NOP,201403280NOP-UTA,NOP-2014,1,2014,91.205,31.59116666666667,babbilu01-2014
milleda01,24.433333333333334,1.1,201403280NOP-NOP,201403280NOP-UTA,NOP-2014,1,2014,26.87666666666667,31.59116666666667,milleda01-2014
riverau01,22.116666666666667,0.6,201403280NOP-NOP,201403280NOP-UTA,NOP-2014,1,2014,13.27,31.59116666666667,riverau01-2014
stiemgr01,19.216666666666665,-1.5,201403280NOP-NOP,201403280NOP-UTA,NOP-2014,1,2014,-28.824999999999996,31.59116666666667,stiemgr01-2014
witheje01,13.416666666666666,0.8,201403280NOP-NOP,201403280NOP-UTA,NOP-2014,1,2014,10.733333333333334,31.59116666666667,witheje01-2014
davisan02,3.716666666666667,-1.6,201403280NOP-NOP,201403280NOP-UTA,NOP-2014,1,2014,-5.946666666666667,31.59116666666667,davisan02-2014
belinma01,32.15,9.5,201403290SAS-SAS,201403290SAS-NOP,SAS-2014,1,2014,305.425,49.88227272727273,belinma01-2014
duncati01,25.466666666666665,7.1,201403290SAS-SAS,201403290SAS-NOP,SAS-2014,1,2014,180.8133333333333,49.88227272727273,duncati01-2014
millspa02,24.916666666666668,0,201403290SAS-SAS,201403290SAS-NOP,SAS-2014,1,2014,0,49.88227272727273,millspa02-2014
diawbo01,24.233333333333334,-5.1,201403290SAS-SAS,201403290SAS-NOP,SAS-2014,1,2014,-123.58999999999999,49.88227272727273,diawbo01-2014
josepco01,23.366666666666667,-3.1,201403290SAS-SAS,201403290SAS-NOP,SAS-2014,1,2014,-72.43666666666667,49.88227272727273,josepco01-2014
parketo01,23.083333333333332,-2.9,201403290SAS-SAS,201403290SAS-NOP,SAS-2014,1,2014,-66.94166666666666,49.88227272727273,parketo01-2014
leonaka01,22.6,7,201403290SAS-SAS,201403290SAS-NOP,SAS-2014,1,2014,158.20000000000002,49.88227272727273,leonaka01-2014
ginobma01,20.9,9.8,201403290SAS-SAS,201403290SAS-NOP,SAS-2014,1,2014,204.82,49.88227272727273,ginobma01-2014
dayeau01,17.316666666666666,-4.4,201403290SAS-SAS,201403290SAS-NOP,SAS-2014,1,2014,-76.19333333333334,49.88227272727273,dayeau01-2014
pendeje02,17.083333333333332,2,201403290SAS-SAS,201403290SAS-NOP,SAS-2014,1,2014,34.166666666666664,49.88227272727273,pendeje02-2014
baynear01,8.883333333333333,0.5,201403290SAS-SAS,201403290SAS-NOP,SAS-2014,1,2014,4.441666666666666,49.88227272727273,baynear01-2014
davisan02,37.68333333333333,6.9,201403310NOP-NOP,201403310NOP-SAC,NOP-2014,0,2014,260.015,36.50712121212121,davisan02-2014
milleda01,28.833333333333332,-0.1,201403310NOP-NOP,201403310NOP-SAC,NOP-2014,0,2014,-2.8833333333333333,36.50712121212121,milleda01-2014
morroan01,28.25,10.3,201403310NOP-NOP,201403310NOP-SAC,NOP-2014,0,2014,290.975,36.50712121212121,morroan01-2014
witheje01,28.1,4.4,201403310NOP-NOP,201403310NOP-SAC,NOP-2014,0,2014,123.64000000000001,36.50712121212121,witheje01-2014
evansty01,25.583333333333332,-3.1,201403310NOP-NOP,201403310NOP-SAC,NOP-2014,0,2014,-79.30833333333334,36.50712121212121,evansty01-2014
riverau01,23.833333333333332,-2,201403310NOP-NOP,201403310NOP-SAC,NOP-2014,0,2014,-47.666666666666664,36.50712121212121,riverau01-2014
roberbr01,21.883333333333333,-5.1,201403310NOP-NOP,201403310NOP-SAC,NOP-2014,0,2014,-111.60499999999999,36.50712121212121,roberbr01-2014
aminual01,19.15,2.7,201403310NOP-NOP,201403310NOP-SAC,NOP-2014,0,2014,51.705,36.50712121212121,aminual01-2014
stiemgr01,13.816666666666666,-1.6,201403310NOP-NOP,201403310NOP-SAC,NOP-2014,0,2014,-22.10666666666667,36.50712121212121,stiemgr01-2014
ajincal01,8.333333333333334,-6.2,201403310NOP-NOP,201403310NOP-SAC,NOP-2014,0,2014,-51.66666666666667,36.50712121212121,ajincal01-2014
babbilu01,4.533333333333333,-2.1,201403310NOP-NOP,201403310NOP-SAC,NOP-2014,0,2014,-9.52,36.50712121212121,babbilu01-2014
lawsoty01,33.45,0,201404020DEN-DEN,201404020DEN-NOP,DEN-2014,1,2014,0,60.767333333333326,lawsoty01-2014
foyera01,30.233333333333334,-1.3,201404020DEN-DEN,201404020DEN-NOP,DEN-2014,1,2014,-39.303333333333335,60.767333333333326,foyera01-2014
brookaa01,29.75,11.1,201404020DEN-DEN,201404020DEN-NOP,DEN-2014,1,2014,330.22499999999997,60.767333333333326,brookaa01-2014
farieke01,26.766666666666666,8.1,201404020DEN-DEN,201404020DEN-NOP,DEN-2014,1,2014,216.80999999999997,60.767333333333326,farieke01-2014
mozgoti01,26.4,-0.7,201404020DEN-DEN,201404020DEN-NOP,DEN-2014,1,2014,-18.479999999999997,60.767333333333326,mozgoti01-2014
fournev01,23.933333333333334,-1.2,201404020DEN-DEN,201404020DEN-NOP,DEN-2014,1,2014,-28.72,60.767333333333326,fournev01-2014
millequ01,22.35,-1,201404020DEN-DEN,201404020DEN-NOP,DEN-2014,1,2014,-22.35,60.767333333333326,millequ01-2014
veselja01,21.366666666666667,5.8,201404020DEN-DEN,201404020DEN-NOP,DEN-2014,1,2014,123.92666666666666,60.767333333333326,veselja01-2014
arthuda01,16.6,2.8,201404020DEN-DEN,201404020DEN-NOP,DEN-2014,1,2014,46.480000000000004,60.767333333333326,arthuda01-2014
randoan01,9.15,-0.1,201404020DEN-DEN,201404020DEN-NOP,DEN-2014,1,2014,-0.915,60.767333333333326,randoan01-2014
haywago01,37.266666666666666,8.9,201404040UTA-UTA,201404040UTA-NOP,UTA-2014,1,2014,331.67333333333335,40.95066666666667,haywago01-2014
burketr01,32.85,-0.1,201404040UTA-UTA,201404040UTA-NOP,UTA-2014,1,2014,-3.285,40.95066666666667,burketr01-2014
favorde01,31.266666666666666,2,201404040UTA-UTA,201404040UTA-NOP,UTA-2014,1,2014,62.53333333333333,40.95066666666667,favorde01-2014
burksal01,27.383333333333333,3.5,201404040UTA-UTA,201404040UTA-NOP,UTA-2014,1,2014,95.84166666666667,40.95066666666667,burksal01-2014
kanteen01,24.8,-3.6,201404040UTA-UTA,201404040UTA-NOP,UTA-2014,1,2014,-89.28,40.95066666666667,kanteen01-2014
willima02,23.2,6.3,201404040UTA-UTA,201404040UTA-NOP,UTA-2014,1,2014,146.16,40.95066666666667,willima02-2014
jefferi01,19.2,-0.9,201404040UTA-UTA,201404040UTA-NOP,UTA-2014,1,2014,-17.28,40.95066666666667,jefferi01-2014
evansje01,16.733333333333334,-2.6,201404040UTA-UTA,201404040UTA-NOP,UTA-2014,1,2014,-43.50666666666667,40.95066666666667,evansje01-2014
garredi02,14.1,-2.3,201404040UTA-UTA,201404040UTA-NOP,UTA-2014,1,2014,-32.43,40.95066666666667,garredi02-2014
clarkia01,13.2,-3.1,201404040UTA-UTA,201404040UTA-NOP,UTA-2014,1,2014,-40.92,40.95066666666667,clarkia01-2014
batumni01,39.15,9,201404060POR-POR,201404060POR-NOP,POR-2014,1,2014,352.34999999999997,68.13366666666666,batumni01-2014
lillada01,38.63333333333333,5.6,201404060POR-POR,201404060POR-NOP,POR-2014,1,2014,216.34666666666666,68.13366666666666,lillada01-2014
aldrila01,36.3,6.8,201404060POR-POR,201404060POR-NOP,POR-2014,1,2014,246.83999999999997,68.13366666666666,aldrila01-2014
willima01,32.86666666666667,-6.3,201404060POR-POR,201404060POR-NOP,POR-2014,1,2014,-207.06,68.13366666666666,willima01-2014
matthwe02,31.016666666666666,3.6,201404060POR-POR,201404060POR-NOP,POR-2014,1,2014,111.66,68.13366666666666,matthwe02-2014
lopezro01,22.883333333333333,-2.2,201404060POR-POR,201404060POR-NOP,POR-2014,1,2014,-50.343333333333334,68.13366666666666,lopezro01-2014
wrighdo01,18.983333333333334,2.1,201404060POR-POR,201404060POR-NOP,POR-2014,1,2014,39.865,68.13366666666666,wrighdo01-2014
robinth01,10.966666666666667,-2.2,201404060POR-POR,201404060POR-NOP,POR-2014,1,2014,-24.12666666666667,68.13366666666666,robinth01-2014
bartowi01,5.25,-1.1,201404060POR-POR,201404060POR-NOP,POR-2014,1,2014,-5.775,68.13366666666666,bartowi01-2014
leoname01,3.95,0.4,201404060POR-POR,201404060POR-NOP,POR-2014,1,2014,1.58,68.13366666666666,leoname01-2014
milleda01,31.483333333333334,3.5,201404090NOP-NOP,201404090NOP-PHO,NOP-2014,0,2014,110.19166666666666,26.183518518518518,milleda01-2014
riverau01,30.166666666666668,0.5,201404090NOP-NOP,201404090NOP-PHO,NOP-2014,0,2014,15.083333333333334,26.183518518518518,riverau01-2014
evansty01,29.416666666666668,-4.9,201404090NOP-NOP,201404090NOP-PHO,NOP-2014,0,2014,-144.14166666666668,26.183518518518518,evansty01-2014
babbilu01,28.416666666666668,4.3,201404090NOP-NOP,201404090NOP-PHO,NOP-2014,0,2014,122.19166666666666,26.183518518518518,babbilu01-2014
morroan01,27.75,7.4,201404090NOP-NOP,201404090NOP-PHO,NOP-2014,0,2014,205.35000000000002,26.183518518518518,morroan01-2014
stiemgr01,27.383333333333333,0.1,201404090NOP-NOP,201404090NOP-PHO,NOP-2014,0,2014,2.7383333333333333,26.183518518518518,stiemgr01-2014
witheje01,23.616666666666667,8.3,201404090NOP-NOP,201404090NOP-PHO,NOP-2014,0,2014,196.01833333333335,26.183518518518518,witheje01-2014
aminual01,21.6,-5.3,201404090NOP-NOP,201404090NOP-PHO,NOP-2014,0,2014,-114.48,26.183518518518518,aminual01-2014
roberbr01,20.166666666666668,-7.8,201404090NOP-NOP,201404090NOP-PHO,NOP-2014,0,2014,-157.3,26.183518518518518,roberbr01-2014
duranke01,30.3,8.3,201404110OKC-OKC,201404110OKC-NOP,OKC-2014,1,2014,251.49000000000004,54.79615384615385,duranke01-2014
ibakase01,29.55,6.4,201404110OKC-OKC,201404110OKC-NOP,OKC-2014,1,2014,189.12,54.79615384615385,ibakase01-2014
westbru01,28.25,6.6,201404110OKC-OKC,201404110OKC-NOP,OKC-2014,1,2014,186.45,54.79615384615385,westbru01-2014
jacksre01,23.833333333333332,4.5,201404110OKC-OKC,201404110OKC-NOP,OKC-2014,1,2014,107.25,54.79615384615385,jacksre01-2014
sefolth01,20.55,-3.7,201404110OKC-OKC,201404110OKC-NOP,OKC-2014,1,2014,-76.03500000000001,54.79615384615385,sefolth01-2014
butleca01,19.883333333333333,2.3,201404110OKC-OKC,201404110OKC-NOP,OKC-2014,1,2014,45.73166666666666,54.79615384615385,butleca01-2014
perkike01,17.566666666666666,-0.5,201404110OKC-OKC,201404110OKC-NOP,OKC-2014,1,2014,-8.783333333333333,54.79615384615385,perkike01-2014
fishede01,16.633333333333333,4.9,201404110OKC-OKC,201404110OKC-NOP,OKC-2014,1,2014,81.50333333333333,54.79615384615385,fishede01-2014
collini01,15.933333333333334,-2.3,201404110OKC-OKC,201404110OKC-NOP,OKC-2014,1,2014,-36.64666666666666,54.79615384615385,collini01-2014
jonespe01,14.533333333333333,-1.8,201404110OKC-OKC,201404110OKC-NOP,OKC-2014,1,2014,-26.16,54.79615384615385,jonespe01-2014
adamsst01,10.133333333333333,0.1,201404110OKC-OKC,201404110OKC-NOP,OKC-2014,1,2014,1.0133333333333334,54.79615384615385,adamsst01-2014
lambje01,8.666666666666666,1,201404110OKC-OKC,201404110OKC-NOP,OKC-2014,1,2014,8.666666666666666,54.79615384615385,lambje01-2014
thabeha01,4.166666666666667,-2.7,201404110OKC-OKC,201404110OKC-NOP,OKC-2014,1,2014,-11.250000000000002,54.79615384615385,thabeha01-2014
hardeja01,43.36666666666667,8.8,201404120HOU-HOU,201404120HOU-NOP,HOU-2014,1,2014,381.6266666666667,70.03533333333334,hardeja01-2014
beverpa01,33.21666666666667,7.1,201404120HOU-HOU,201404120HOU-NOP,HOU-2014,1,2014,235.83833333333334,70.03533333333334,beverpa01-2014
linje01,31.233333333333334,7,201404120HOU-HOU,201404120HOU-NOP,HOU-2014,1,2014,218.63333333333333,70.03533333333334,linje01-2014
howardw01,29.216666666666665,0.9,201404120HOU-HOU,201404120HOU-NOP,HOU-2014,1,2014,26.294999999999998,70.03533333333334,howardw01-2014
joneste01,24.316666666666666,2.1,201404120HOU-HOU,201404120HOU-NOP,HOU-2014,1,2014,51.065000000000005,70.03533333333334,joneste01-2014
casspom01,22.333333333333332,-4.8,201404120HOU-HOU,201404120HOU-NOP,HOU-2014,1,2014,-107.19999999999999,70.03533333333334,casspom01-2014
asikom01,18.783333333333335,0.3,201404120HOU-HOU,201404120HOU-NOP,HOU-2014,1,2014,5.635000000000001,70.03533333333334,asikom01-2014
motiedo01,13.066666666666666,-3.9,201404120HOU-HOU,201404120HOU-NOP,HOU-2014,1,2014,-50.96,70.03533333333334,motiedo01-2014
danietr01,12.75,-4.2,201404120HOU-HOU,201404120HOU-NOP,HOU-2014,1,2014,-53.550000000000004,70.03533333333334,danietr01-2014
hamiljo02,11.716666666666667,-0.6,201404120HOU-HOU,201404120HOU-NOP,HOU-2014,1,2014,-7.03,70.03533333333334,hamiljo02-2014
evansty01,42.2,19.1,201404140NOP-NOP,201404140NOP-OKC,NOP-2014,1,2014,806.0200000000001,83.43616666666668,evansty01-2014
milleda01,36.86666666666667,1.7,201404140NOP-NOP,201404140NOP-OKC,NOP-2014,1,2014,62.67333333333333,83.43616666666668,milleda01-2014
witheje01,32.6,-0.3,201404140NOP-NOP,201404140NOP-OKC,NOP-2014,1,2014,-9.78,83.43616666666668,witheje01-2014
morroan01,31.55,-4.1,201404140NOP-NOP,201404140NOP-OKC,NOP-2014,1,2014,-129.355,83.43616666666668,morroan01-2014
babbilu01,25.733333333333334,5.5,201404140NOP-NOP,201404140NOP-OKC,NOP-2014,1,2014,141.53333333333333,83.43616666666668,babbilu01-2014
aminual01,20.7,-3.1,201404140NOP-NOP,201404140NOP-OKC,NOP-2014,1,2014,-64.17,83.43616666666668,aminual01-2014
ajincal01,19.166666666666668,0.2,201404140NOP-NOP,201404140NOP-OKC,NOP-2014,1,2014,3.833333333333334,83.43616666666668,ajincal01-2014
riverau01,14.133333333333333,4.2,201404140NOP-NOP,201404140NOP-OKC,NOP-2014,1,2014,59.36,83.43616666666668,riverau01-2014
elyme01,9.816666666666666,-1.8,201404140NOP-NOP,201404140NOP-OKC,NOP-2014,1,2014,-17.67,83.43616666666668,elyme01-2014
southja01,7.233333333333333,-2.5,201404140NOP-NOP,201404140NOP-OKC,NOP-2014,1,2014,-18.083333333333332,83.43616666666668,southja01-2014
riverau01,43.96666666666667,3.5,201404160NOP-NOP,201404160NOP-HOU,NOP-2014,1,2014,153.88333333333333,32.230333333333334,riverau01-2014
evansty01,35.233333333333334,5.4,201404160NOP-NOP,201404160NOP-HOU,NOP-2014,1,2014,190.26000000000002,32.230333333333334,evansty01-2014
milleda01,34.266666666666666,0.2,201404160NOP-NOP,201404160NOP-HOU,NOP-2014,1,2014,6.8533333333333335,32.230333333333334,milleda01-2014
morroan01,27.05,-0.4,201404160NOP-NOP,201404160NOP-HOU,NOP-2014,1,2014,-10.82,32.230333333333334,morroan01-2014
ajincal01,23.216666666666665,2.6,201404160NOP-NOP,201404160NOP-HOU,NOP-2014,1,2014,60.36333333333333,32.230333333333334,ajincal01-2014
witheje01,19.933333333333334,2.3,201404160NOP-NOP,201404160NOP-HOU,NOP-2014,1,2014,45.846666666666664,32.230333333333334,witheje01-2014
babbilu01,17.45,-3.6,201404160NOP-NOP,201404160NOP-HOU,NOP-2014,1,2014,-62.82,32.230333333333334,babbilu01-2014
elyme01,17.433333333333334,-2.9,201404160NOP-NOP,201404160NOP-HOU,NOP-2014,1,2014,-50.556666666666665,32.230333333333334,elyme01-2014
aminual01,17.416666666666668,-0.8,201404160NOP-NOP,201404160NOP-HOU,NOP-2014,1,2014,-13.933333333333335,32.230333333333334,aminual01-2014
roberbr01,4.033333333333333,0.8,201404160NOP-NOP,201404160NOP-HOU,NOP-2014,1,2014,3.2266666666666666,32.230333333333334,roberbr01-2014
stephla01,41.333333333333336,3.7,201310300NOP-IND,201310300NOP-NOP,IND-2014,1,2014,152.93333333333334,75.62796296296297,stephla01-2014
georgpa01,39.43333333333333,11.5,201310300NOP-IND,201310300NOP-NOP,IND-2014,1,2014,453.4833333333333,75.62796296296297,georgpa01-2014
hillge01,35.71666666666667,2.7,201310300NOP-IND,201310300NOP-NOP,IND-2014,1,2014,96.43500000000002,75.62796296296297,hillge01-2014
westda01,33.35,1,201310300NOP-IND,201310300NOP-NOP,IND-2014,1,2014,33.35,75.62796296296297,westda01-2014
mahinia01,24.233333333333334,0.5,201310300NOP-IND,201310300NOP-NOP,IND-2014,1,2014,12.116666666666667,75.62796296296297,mahinia01-2014
hibbero01,21.616666666666667,0.1,201310300NOP-IND,201310300NOP-NOP,IND-2014,1,2014,2.1616666666666666,75.62796296296297,hibbero01-2014
scolalu01,16.583333333333332,-1.9,201310300NOP-IND,201310300NOP-NOP,IND-2014,1,2014,-31.50833333333333,75.62796296296297,scolalu01-2014
watsocj01,15.133333333333333,-1.2,201310300NOP-IND,201310300NOP-NOP,IND-2014,1,2014,-18.16,75.62796296296297,watsocj01-2014
johnsor01,12.6,-1.6,201310300NOP-IND,201310300NOP-NOP,IND-2014,1,2014,-20.16,75.62796296296297,johnsor01-2014
davisan02,38.333333333333336,7.2,201311010ORL-NOP,201311010ORL-ORL,NOP-2014,0,2014,276,1.9829166666666664,davisan02-2014
holidjr01,34.18333333333333,-0.7,201311010ORL-NOP,201311010ORL-ORL,NOP-2014,0,2014,-23.92833333333333,1.9829166666666664,holidjr01-2014
gordoer01,28.316666666666666,0.3,201311010ORL-NOP,201311010ORL-ORL,NOP-2014,0,2014,8.495,1.9829166666666664,gordoer01-2014
smithja02,26.216666666666665,-4.3,201311010ORL-NOP,201311010ORL-ORL,NOP-2014,0,2014,-112.73166666666665,1.9829166666666664,smithja02-2014
morroan01,18.266666666666666,10.5,201311010ORL-NOP,201311010ORL-ORL,NOP-2014,0,2014,191.79999999999998,1.9829166666666664,morroan01-2014
evansty01,17.383333333333333,-8.6,201311010ORL-NOP,201311010ORL-ORL,NOP-2014,0,2014,-149.49666666666667,1.9829166666666664,evansty01-2014
aminual01,17.366666666666667,-0.6,201311010ORL-NOP,201311010ORL-ORL,NOP-2014,0,2014,-10.42,1.9829166666666664,aminual01-2014
stiemgr01,16.8,-4,201311010ORL-NOP,201311010ORL-ORL,NOP-2014,0,2014,-67.2,1.9829166666666664,stiemgr01-2014
roberbr01,15.85,-3.3,201311010ORL-NOP,201311010ORL-ORL,NOP-2014,0,2014,-52.30499999999999,1.9829166666666664,roberbr01-2014
riverau01,12.633333333333333,-1.6,201311010ORL-NOP,201311010ORL-ORL,NOP-2014,0,2014,-20.213333333333335,1.9829166666666664,riverau01-2014
onuakar01,9.866666666666667,-1.4,201311010ORL-NOP,201311010ORL-ORL,NOP-2014,0,2014,-13.813333333333333,1.9829166666666664,onuakar01-2014
witheje01,4.783333333333333,-0.5,201311010ORL-NOP,201311010ORL-ORL,NOP-2014,0,2014,-2.3916666666666666,1.9829166666666664,witheje01-2014
sessira01,34.266666666666666,5.9,201311020NOP-CHA,201311020NOP-NOP,CHA-2014,0,2014,202.17333333333335,-14.11638888888889,sessira01-2014
walkeke02,27.15,-4.5,201311020NOP-CHA,201311020NOP-NOP,CHA-2014,0,2014,-122.175,-14.11638888888889,walkeke02-2014
hendege02,26.983333333333334,-4.8,201311020NOP-CHA,201311020NOP-NOP,CHA-2014,0,2014,-129.52,-14.11638888888889,hendege02-2014
biyombi01,25.5,-2.1,201311020NOP-CHA,201311020NOP-NOP,CHA-2014,0,2014,-53.550000000000004,-14.11638888888889,biyombi01-2014
tayloje03,24.983333333333334,-6.5,201311020NOP-CHA,201311020NOP-NOP,CHA-2014,0,2014,-162.39166666666668,-14.11638888888889,tayloje03-2014
tollian01,23.533333333333335,0.5,201311020NOP-CHA,201311020NOP-NOP,CHA-2014,0,2014,11.766666666666667,-14.11638888888889,tollian01-2014
adrieje01,22.5,2.1,201311020NOP-CHA,201311020NOP-NOP,CHA-2014,0,2014,47.25,-14.11638888888889,adrieje01-2014
kiddgmi01,17.15,-3.2,201311020NOP-CHA,201311020NOP-NOP,CHA-2014,0,2014,-54.879999999999995,-14.11638888888889,kiddgmi01-2014
mcrobjo01,14.9,6.8,201311020NOP-CHA,201311020NOP-NOP,CHA-2014,0,2014,101.32,-14.11638888888889,mcrobjo01-2014
zelleco01,9.566666666666666,-1.4,201311020NOP-CHA,201311020NOP-NOP,CHA-2014,0,2014,-13.393333333333333,-14.11638888888889,zelleco01-2014
gordobe01,8.766666666666667,1.1,201311020NOP-CHA,201311020NOP-NOP,CHA-2014,0,2014,9.643333333333334,-14.11638888888889,gordobe01-2014
pargoja01,4.7,-1.2,201311020NOP-CHA,201311020NOP-NOP,CHA-2014,0,2014,-5.64,-14.11638888888889,pargoja01-2014
tuckepj01,35.266666666666666,0.8,201311050NOP-PHO,201311050NOP-NOP,PHO-2014,1,2014,28.213333333333335,51.80533333333334,tuckepj01-2014
bledser01,31.85,8.6,201311050NOP-PHO,201311050NOP-NOP,PHO-2014,1,2014,273.91,51.80533333333334,bledser01-2014
greenge01,30.916666666666668,7.7,201311050NOP-PHO,201311050NOP-NOP,PHO-2014,1,2014,238.05833333333334,51.80533333333334,greenge01-2014
plumlmi01,29.45,-5.3,201311050NOP-PHO,201311050NOP-NOP,PHO-2014,1,2014,-156.08499999999998,51.80533333333334,plumlmi01-2014
morrima02,29.166666666666668,3.9,201311050NOP-PHO,201311050NOP-NOP,PHO-2014,1,2014,113.75,51.80533333333334,morrima02-2014
morrima03,26.416666666666668,4,201311050NOP-PHO,201311050NOP-NOP,PHO-2014,1,2014,105.66666666666667,51.80533333333334,morrima03-2014
fryech01,18.883333333333333,-4.3,201311050NOP-PHO,201311050NOP-NOP,PHO-2014,1,2014,-81.19833333333332,51.80533333333334,fryech01-2014
goodwar01,17.083333333333332,-1.5,201311050NOP-PHO,201311050NOP-NOP,PHO-2014,1,2014,-25.625,51.80533333333334,goodwar01-2014
smithis01,16.15,1.8,201311050NOP-PHO,201311050NOP-NOP,PHO-2014,1,2014,29.069999999999997,51.80533333333334,smithis01-2014
kravtvi01,4.816666666666666,-1.6,201311050NOP-PHO,201311050NOP-NOP,PHO-2014,1,2014,-7.706666666666667,51.80533333333334,kravtvi01-2014
davisan02,36.8,8.2,201311060MEM-NOP,201311060MEM-MEM,NOP-2014,1,2014,301.75999999999993,55.21515151515151,davisan02-2014
gordoer01,33.96666666666667,7.3,201311060MEM-NOP,201311060MEM-MEM,NOP-2014,1,2014,247.95666666666668,55.21515151515151,gordoer01-2014
holidjr01,30.616666666666667,-3.3,201311060MEM-NOP,201311060MEM-MEM,NOP-2014,1,2014,-101.035,55.21515151515151,holidjr01-2014
evansty01,30.05,3.1,201311060MEM-NOP,201311060MEM-MEM,NOP-2014,1,2014,93.155,55.21515151515151,evansty01-2014
smithja02,28.783333333333335,-2.7,201311060MEM-NOP,201311060MEM-MEM,NOP-2014,1,2014,-77.715,55.21515151515151,smithja02-2014
stiemgr01,24.333333333333332,0.8,201311060MEM-NOP,201311060MEM-MEM,NOP-2014,1,2014,19.46666666666667,55.21515151515151,stiemgr01-2014
aminual01,23.816666666666666,2.9,201311060MEM-NOP,201311060MEM-MEM,NOP-2014,1,2014,69.06833333333333,55.21515151515151,aminual01-2014
roberbr01,16.1,2.5,201311060MEM-NOP,201311060MEM-MEM,NOP-2014,1,2014,40.25,55.21515151515151,roberbr01-2014
morroan01,11.7,1.3,201311060MEM-NOP,201311060MEM-MEM,NOP-2014,1,2014,15.209999999999999,55.21515151515151,morroan01-2014
thomala01,3.75,-0.2,201311060MEM-NOP,201311060MEM-MEM,NOP-2014,1,2014,-0.75,55.21515151515151,thomala01-2014
riverau01,0.08333333333333333,0,201311060MEM-NOP,201311060MEM-MEM,NOP-2014,1,2014,0,55.21515151515151,riverau01-2014
meeksjo01,41.583333333333336,-0.7,201311080NOP-LAL,201311080NOP-NOP,LAL-2014,0,2014,-29.108333333333334,-3.3179629629629623,meeksjo01-2014
blakest01,36.483333333333334,-0.6,201311080NOP-LAL,201311080NOP-NOP,LAL-2014,0,2014,-21.89,-3.3179629629629623,blakest01-2014
youngni01,28.45,-3.8,201311080NOP-LAL,201311080NOP-NOP,LAL-2014,0,2014,-108.10999999999999,-3.3179629629629623,youngni01-2014
gasolpa01,27.5,0.6,201311080NOP-LAL,201311080NOP-NOP,LAL-2014,0,2014,16.5,-3.3179629629629623,gasolpa01-2014
kamanch01,23.516666666666666,4.1,201311080NOP-LAL,201311080NOP-NOP,LAL-2014,0,2014,96.41833333333332,-3.3179629629629623,kamanch01-2014
farmajo01,22.65,-1.6,201311080NOP-LAL,201311080NOP-NOP,LAL-2014,0,2014,-36.24,-3.3179629629629623,farmajo01-2014
hilljo01,22.283333333333335,2.2,201311080NOP-LAL,201311080NOP-NOP,LAL-2014,0,2014,49.02333333333334,-3.3179629629629623,hilljo01-2014
johnswe01,21.15,0.4,201311080NOP-LAL,201311080NOP-NOP,LAL-2014,0,2014,8.459999999999999,-3.3179629629629623,johnswe01-2014
henryxa01,16.383333333333333,-0.3,201311080NOP-LAL,201311080NOP-NOP,LAL-2014,0,2014,-4.915,-3.3179629629629623,henryxa01-2014
smithja02,41.25,13,201311100PHO-NOP,201311100PHO-PHO,NOP-2014,0,2014,536.25,56.70121212121212,smithja02-2014
davisan02,36.28333333333333,4.2,201311100PHO-NOP,201311100PHO-PHO,NOP-2014,0,2014,152.39,56.70121212121212,davisan02-2014
holidjr01,35.88333333333333,-3.5,201311100PHO-NOP,201311100PHO-PHO,NOP-2014,0,2014,-125.59166666666667,56.70121212121212,holidjr01-2014
gordoer01,32.333333333333336,3.8,201311100PHO-NOP,201311100PHO-PHO,NOP-2014,0,2014,122.86666666666667,56.70121212121212,gordoer01-2014
morroan01,28.083333333333332,3,201311100PHO-NOP,201311100PHO-PHO,NOP-2014,0,2014,84.25,56.70121212121212,morroan01-2014
aminual01,25.5,-1.4,201311100PHO-NOP,201311100PHO-PHO,NOP-2014,0,2014,-35.699999999999996,56.70121212121212,aminual01-2014
riverau01,11.933333333333334,-3.2,201311100PHO-NOP,201311100PHO-PHO,NOP-2014,0,2014,-38.18666666666667,56.70121212121212,riverau01-2014
roberbr01,10.4,-3.2,201311100PHO-NOP,201311100PHO-PHO,NOP-2014,0,2014,-33.28,56.70121212121212,roberbr01-2014
evansty01,7.2,-3.5,201311100PHO-NOP,201311100PHO-PHO,NOP-2014,0,2014,-25.2,56.70121212121212,evansty01-2014
thomala01,7.15,-0.8,201311100PHO-NOP,201311100PHO-PHO,NOP-2014,0,2014,-5.720000000000001,56.70121212121212,thomala01-2014
stiemgr01,3.9833333333333334,-2.1,201311100PHO-NOP,201311100PHO-PHO,NOP-2014,0,2014,-8.365,56.70121212121212,stiemgr01-2014
gordoer01,32.05,1.8,201311120LAL-NOP,201311120LAL-LAL,NOP-2014,0,2014,57.69,-11.671527777777778,gordoer01-2014
evansty01,30.666666666666668,-1.8,201311120LAL-NOP,201311120LAL-LAL,NOP-2014,0,2014,-55.2,-11.671527777777778,evansty01-2014
smithja02,27.816666666666666,-3.7,201311120LAL-NOP,201311120LAL-LAL,NOP-2014,0,2014,-102.92166666666667,-11.671527777777778,smithja02-2014
holidjr01,27.183333333333334,-5.8,201311120LAL-NOP,201311120LAL-LAL,NOP-2014,0,2014,-157.66333333333333,-11.671527777777778,holidjr01-2014
davisan02,26.483333333333334,2.4,201311120LAL-NOP,201311120LAL-LAL,NOP-2014,0,2014,63.56,-11.671527777777778,davisan02-2014
witheje01,18.3,2.5,201311120LAL-NOP,201311120LAL-LAL,NOP-2014,0,2014,45.75,-11.671527777777778,witheje01-2014
aminual01,17.55,-0.1,201311120LAL-NOP,201311120LAL-LAL,NOP-2014,0,2014,-1.7550000000000001,-11.671527777777778,aminual01-2014
morroan01,16.183333333333334,4.5,201311120LAL-NOP,201311120LAL-LAL,NOP-2014,0,2014,72.825,-11.671527777777778,morroan01-2014
riverau01,14.783333333333333,0,201311120LAL-NOP,201311120LAL-LAL,NOP-2014,0,2014,0,-11.671527777777778,riverau01-2014
stiemgr01,11.683333333333334,-2.2,201311120LAL-NOP,201311120LAL-LAL,NOP-2014,0,2014,-25.703333333333337,-11.671527777777778,stiemgr01-2014
roberbr01,8.9,-4.4,201311120LAL-NOP,201311120LAL-LAL,NOP-2014,0,2014,-39.160000000000004,-11.671527777777778,roberbr01-2014
amundlo01,8.4,0.3,201311120LAL-NOP,201311120LAL-LAL,NOP-2014,0,2014,2.52,-11.671527777777778,amundlo01-2014
davisan02,35.63333333333333,6.2,201311130UTA-NOP,201311130UTA-UTA,NOP-2014,0,2014,220.92666666666668,26.953666666666667,davisan02-2014
holidjr01,33.8,2.8,201311130UTA-NOP,201311130UTA-UTA,NOP-2014,0,2014,94.63999999999999,26.953666666666667,holidjr01-2014
gordoer01,33.35,4.9,201311130UTA-NOP,201311130UTA-UTA,NOP-2014,0,2014,163.41500000000002,26.953666666666667,gordoer01-2014
smithja02,32.96666666666667,-2.7,201311130UTA-NOP,201311130UTA-UTA,NOP-2014,0,2014,-89.01,26.953666666666667,smithja02-2014
evansty01,28.416666666666668,3,201311130UTA-NOP,201311130UTA-UTA,NOP-2014,0,2014,85.25,26.953666666666667,evansty01-2014
aminual01,21.466666666666665,-2.5,201311130UTA-NOP,201311130UTA-UTA,NOP-2014,0,2014,-53.666666666666664,26.953666666666667,aminual01-2014
amundlo01,17.933333333333334,-3.5,201311130UTA-NOP,201311130UTA-UTA,NOP-2014,0,2014,-62.766666666666666,26.953666666666667,amundlo01-2014
morroan01,13.816666666666666,-2.9,201311130UTA-NOP,201311130UTA-UTA,NOP-2014,0,2014,-40.06833333333333,26.953666666666667,morroan01-2014
riverau01,13.533333333333333,-3.5,201311130UTA-NOP,201311130UTA-UTA,NOP-2014,0,2014,-47.36666666666667,26.953666666666667,riverau01-2014
witheje01,9.083333333333334,-0.2,201311130UTA-NOP,201311130UTA-UTA,NOP-2014,0,2014,-1.8166666666666669,26.953666666666667,witheje01-2014
wroteto01,35.4,-2.4,201311160NOP-PHI,201311160NOP-NOP,PHI-2014,0,2014,-84.96,-49.50033333333334,wroteto01-2014
morrida01,27.25,1.8,201311160NOP-PHI,201311160NOP-NOP,PHI-2014,0,2014,49.050000000000004,-49.50033333333334,morrida01-2014
turneev01,26.416666666666668,-9.8,201311160NOP-PHI,201311160NOP-NOP,PHI-2014,0,2014,-258.8833333333334,-49.50033333333334,turneev01-2014
anderja01,25.733333333333334,-1.6,201311160NOP-PHI,201311160NOP-NOP,PHI-2014,0,2014,-41.17333333333334,-49.50033333333334,anderja01-2014
hawessp01,24.983333333333334,0.1,201311160NOP-PHI,201311160NOP-NOP,PHI-2014,0,2014,2.4983333333333335,-49.50033333333334,hawessp01-2014
thompho01,24.133333333333333,-1.7,201311160NOP-PHI,201311160NOP-NOP,PHI-2014,0,2014,-41.026666666666664,-49.50033333333334,thompho01-2014
youngth01,23.966666666666665,-2.5,201311160NOP-PHI,201311160NOP-NOP,PHI-2014,0,2014,-59.916666666666664,-49.50033333333334,youngth01-2014
allenla01,22.4,-1.2,201311160NOP-PHI,201311160NOP-NOP,PHI-2014,0,2014,-26.88,-49.50033333333334,allenla01-2014
ortonda01,15.783333333333333,-0.9,201311160NOP-PHI,201311160NOP-NOP,PHI-2014,0,2014,-14.205,-49.50033333333334,ortonda01-2014
daviebr01,13.933333333333334,-1.4,201311160NOP-PHI,201311160NOP-NOP,PHI-2014,0,2014,-19.506666666666664,-49.50033333333334,daviebr01-2014
jefferi01,41.25,0.6,201311200NOP-UTA,201311200NOP-NOP,UTA-2014,0,2014,24.75,-17.595333333333333,jefferi01-2014
favorde01,40.71666666666667,-5.1,201311200NOP-UTA,201311200NOP-NOP,UTA-2014,0,2014,-207.655,-17.595333333333333,favorde01-2014
haywago01,39.13333333333333,-5.6,201311200NOP-UTA,201311200NOP-NOP,UTA-2014,0,2014,-219.14666666666665,-17.595333333333333,haywago01-2014
kanteen01,31.783333333333335,1.9,201311200NOP-UTA,201311200NOP-NOP,UTA-2014,0,2014,60.388333333333335,-17.595333333333333,kanteen01-2014
garredi02,19.733333333333334,2.4,201311200NOP-UTA,201311200NOP-NOP,UTA-2014,0,2014,47.36,-17.595333333333333,garredi02-2014
lucasjo02,16.266666666666666,5.5,201311200NOP-UTA,201311200NOP-NOP,UTA-2014,0,2014,89.46666666666667,-17.595333333333333,lucasjo02-2014
burksal01,15.616666666666667,-1,201311200NOP-UTA,201311200NOP-NOP,UTA-2014,0,2014,-15.616666666666667,-17.595333333333333,burksal01-2014
evansje01,12.95,1.8,201311200NOP-UTA,201311200NOP-NOP,UTA-2014,0,2014,23.31,-17.595333333333333,evansje01-2014
burketr01,12,3.7,201311200NOP-UTA,201311200NOP-NOP,UTA-2014,0,2014,44.400000000000006,-17.595333333333333,burketr01-2014
harrimi01,10.55,-2.2,201311200NOP-UTA,201311200NOP-NOP,UTA-2014,0,2014,-23.210000000000004,-17.595333333333333,harrimi01-2014
irvinky01,32.81666666666667,0.8,201311220NOP-CLE,201311220NOP-NOP,CLE-2014,0,2014,26.253333333333337,20.019242424242425,irvinky01-2014
jackja01,32.7,2.4,201311220NOP-CLE,201311220NOP-NOP,CLE-2014,0,2014,78.48,20.019242424242425,jackja01-2014
geeal01,27.85,0.7,201311220NOP-CLE,201311220NOP-NOP,CLE-2014,0,2014,19.495,20.019242424242425,geeal01-2014
clarkea01,27.533333333333335,2.4,201311220NOP-CLE,201311220NOP-NOP,CLE-2014,0,2014,66.08,20.019242424242425,clarkea01-2014
varejan01,27.516666666666666,-0.5,201311220NOP-CLE,201311220NOP-NOP,CLE-2014,0,2014,-13.758333333333333,20.019242424242425,varejan01-2014
waitedi01,25.833333333333332,-1.6,201311220NOP-CLE,201311220NOP-NOP,CLE-2014,0,2014,-41.333333333333336,20.019242424242425,waitedi01-2014
thomptr01,22.766666666666666,2.6,201311220NOP-CLE,201311220NOP-NOP,CLE-2014,0,2014,59.193333333333335,20.019242424242425,thomptr01-2014
bynuman01,18.183333333333334,4.2,201311220NOP-CLE,201311220NOP-NOP,CLE-2014,0,2014,76.37,20.019242424242425,bynuman01-2014
dellama01,11.983333333333333,-4.2,201311220NOP-CLE,201311220NOP-NOP,CLE-2014,0,2014,-50.33,20.019242424242425,dellama01-2014
karasse01,11.183333333333334,0.3,201311220NOP-CLE,201311220NOP-NOP,CLE-2014,0,2014,3.355,20.019242424242425,karasse01-2014
felixca01,1.6333333333333333,-2.2,201311220NOP-CLE,201311220NOP-NOP,CLE-2014,0,2014,-3.5933333333333337,20.019242424242425,felixca01-2014
davisan02,32.75,-0.2,201311250SAS-NOP,201311250SAS-SAS,NOP-2014,0,2014,-6.550000000000001,5.457564102564103,davisan02-2014
holidjr01,32.516666666666666,5.1,201311250SAS-NOP,201311250SAS-SAS,NOP-2014,0,2014,165.83499999999998,5.457564102564103,holidjr01-2014
anderry01,29.066666666666666,0.6,201311250SAS-NOP,201311250SAS-SAS,NOP-2014,0,2014,17.439999999999998,5.457564102564103,anderry01-2014
morroan01,26.3,-0.8,201311250SAS-NOP,201311250SAS-SAS,NOP-2014,0,2014,-21.040000000000003,5.457564102564103,morroan01-2014
evansty01,24.75,0.6,201311250SAS-NOP,201311250SAS-SAS,NOP-2014,0,2014,14.85,5.457564102564103,evansty01-2014
smithja02,22.083333333333332,-1.1,201311250SAS-NOP,201311250SAS-SAS,NOP-2014,0,2014,-24.291666666666668,5.457564102564103,smithja02-2014
gordoer01,19.266666666666666,-8.1,201311250SAS-NOP,201311250SAS-SAS,NOP-2014,0,2014,-156.05999999999997,5.457564102564103,gordoer01-2014
riverau01,15.483333333333333,2.8,201311250SAS-NOP,201311250SAS-SAS,NOP-2014,0,2014,43.35333333333333,5.457564102564103,riverau01-2014
aminual01,11.433333333333334,4.4,201311250SAS-NOP,201311250SAS-SAS,NOP-2014,0,2014,50.30666666666667,5.457564102564103,aminual01-2014
roberbr01,8.95,-0.6,201311250SAS-NOP,201311250SAS-SAS,NOP-2014,0,2014,-5.369999999999999,5.457564102564103,roberbr01-2014
amundlo01,8.45,-2.5,201311250SAS-NOP,201311250SAS-SAS,NOP-2014,0,2014,-21.125,5.457564102564103,amundlo01-2014
childjo01,5.3,0.5,201311250SAS-NOP,201311250SAS-SAS,NOP-2014,0,2014,2.65,5.457564102564103,childjo01-2014
witheje01,3.65,3,201311250SAS-NOP,201311250SAS-SAS,NOP-2014,0,2014,10.95,5.457564102564103,witheje01-2014
thompkl01,42.916666666666664,4.3,201311260NOP-GSW,201311260NOP-NOP,GSW-2014,1,2014,184.54166666666666,50.620555555555555,thompkl01-2014
curryst01,42.083333333333336,2.7,201311260NOP-GSW,201311260NOP-NOP,GSW-2014,1,2014,113.62500000000001,50.620555555555555,curryst01-2014
barneha02,39.11666666666667,-1.3,201311260NOP-GSW,201311260NOP-NOP,GSW-2014,1,2014,-50.85166666666667,50.620555555555555,barneha02-2014
leeda02,38.833333333333336,0.6,201311260NOP-GSW,201311260NOP-NOP,GSW-2014,1,2014,23.3,50.620555555555555,leeda02-2014
onealje01,26.433333333333334,1.5,201311260NOP-GSW,201311260NOP-NOP,GSW-2014,1,2014,39.65,50.620555555555555,onealje01-2014
greendr01,23.85,6.7,201311260NOP-GSW,201311260NOP-NOP,GSW-2014,1,2014,159.79500000000002,50.620555555555555,greendr01-2014
nedovne01,12.65,-2.8,201311260NOP-GSW,201311260NOP-NOP,GSW-2014,1,2014,-35.42,50.620555555555555,nedovne01-2014
speigma01,11.216666666666667,2.1,201311260NOP-GSW,201311260NOP-NOP,GSW-2014,1,2014,23.555,50.620555555555555,speigma01-2014
bazemke01,2.9,-0.9,201311260NOP-GSW,201311260NOP-NOP,GSW-2014,1,2014,-2.61,50.620555555555555,bazemke01-2014
holidjr01,40.56666666666667,9.6,201311290PHI-NOP,201311290PHI-PHI,NOP-2014,1,2014,389.44,82.87703703703703,holidjr01-2014
gordoer01,39.75,7.6,201311290PHI-NOP,201311290PHI-PHI,NOP-2014,1,2014,302.09999999999997,82.87703703703703,gordoer01-2014
davisan02,37.916666666666664,3.5,201311290PHI-NOP,201311290PHI-PHI,NOP-2014,1,2014,132.70833333333331,82.87703703703703,davisan02-2014
evansty01,35.25,2.4,201311290PHI-NOP,201311290PHI-PHI,NOP-2014,1,2014,84.6,82.87703703703703,evansty01-2014
anderry01,25.916666666666668,-0.3,201311290PHI-NOP,201311290PHI-PHI,NOP-2014,1,2014,-7.775,82.87703703703703,anderry01-2014
smithja02,24,-3.5,201311290PHI-NOP,201311290PHI-PHI,NOP-2014,1,2014,-84,82.87703703703703,smithja02-2014
morroan01,17.35,-0.3,201311290PHI-NOP,201311290PHI-PHI,NOP-2014,1,2014,-5.205,82.87703703703703,morroan01-2014
roberbr01,14.25,-4.7,201311290PHI-NOP,201311290PHI-PHI,NOP-2014,1,2014,-66.97500000000001,82.87703703703703,roberbr01-2014
amundlo01,5,0.2,201311290PHI-NOP,201311290PHI-PHI,NOP-2014,1,2014,1,82.87703703703703,amundlo01-2014
holidjr01,36.333333333333336,-6.4,201312010NYK-NOP,201312010NYK-NYK,NOP-2014,1,2014,-232.53333333333336,37.53166666666666,holidjr01-2014
anderry01,35.65,9.6,201312010NYK-NOP,201312010NYK-NYK,NOP-2014,1,2014,342.23999999999995,37.53166666666666,anderry01-2014
evansty01,35.4,11.1,201312010NYK-NOP,201312010NYK-NYK,NOP-2014,1,2014,392.94,37.53166666666666,evansty01-2014
gordoer01,33.61666666666667,-0.8,201312010NYK-NOP,201312010NYK-NYK,NOP-2014,1,2014,-26.893333333333334,37.53166666666666,gordoer01-2014
smithja02,24.1,-2.1,201312010NYK-NOP,201312010NYK-NYK,NOP-2014,1,2014,-50.61000000000001,37.53166666666666,smithja02-2014
aminual01,15.25,4.5,201312010NYK-NOP,201312010NYK-NYK,NOP-2014,1,2014,68.625,37.53166666666666,aminual01-2014
roberbr01,15.1,0,201312010NYK-NOP,201312010NYK-NYK,NOP-2014,1,2014,0,37.53166666666666,roberbr01-2014
morroan01,12.6,-0.4,201312010NYK-NOP,201312010NYK-NYK,NOP-2014,1,2014,-5.04,37.53166666666666,morroan01-2014
childjo01,10.566666666666666,-1.4,201312010NYK-NOP,201312010NYK-NYK,NOP-2014,1,2014,-14.793333333333331,37.53166666666666,childjo01-2014
davisan02,10.45,-1.5,201312010NYK-NOP,201312010NYK-NYK,NOP-2014,1,2014,-15.674999999999999,37.53166666666666,davisan02-2014
amundlo01,6.6,-0.8,201312010NYK-NOP,201312010NYK-NYK,NOP-2014,1,2014,-5.28,37.53166666666666,amundlo01-2014
riverau01,4.333333333333333,-0.6,201312010NYK-NOP,201312010NYK-NYK,NOP-2014,1,2014,-2.5999999999999996,37.53166666666666,riverau01-2014
anderry01,56.5,10.1,201312020CHI-NOP,201312020CHI-CHI,NOP-2014,1,2014,570.65,62.05733333333333,anderry01-2014
holidjr01,49.2,2.2,201312020CHI-NOP,201312020CHI-CHI,NOP-2014,1,2014,108.24000000000001,62.05733333333333,holidjr01-2014
smithja02,47.016666666666666,-5.1,201312020CHI-NOP,201312020CHI-CHI,NOP-2014,1,2014,-239.78499999999997,62.05733333333333,smithja02-2014
gordoer01,45.016666666666666,1.5,201312020CHI-NOP,201312020CHI-CHI,NOP-2014,1,2014,67.525,62.05733333333333,gordoer01-2014
aminual01,40.6,2.9,201312020CHI-NOP,201312020CHI-CHI,NOP-2014,1,2014,117.74,62.05733333333333,aminual01-2014
evansty01,24.166666666666668,0.6,201312020CHI-NOP,201312020CHI-CHI,NOP-2014,1,2014,14.5,62.05733333333333,evansty01-2014
morroan01,18.6,0.8,201312020CHI-NOP,201312020CHI-CHI,NOP-2014,1,2014,14.880000000000003,62.05733333333333,morroan01-2014
amundlo01,15.433333333333334,-1.7,201312020CHI-NOP,201312020CHI-CHI,NOP-2014,1,2014,-26.236666666666668,62.05733333333333,amundlo01-2014
roberbr01,13.8,-0.3,201312020CHI-NOP,201312020CHI-CHI,NOP-2014,1,2014,-4.14,62.05733333333333,roberbr01-2014
witheje01,4.666666666666667,-0.6,201312020CHI-NOP,201312020CHI-CHI,NOP-2014,1,2014,-2.8000000000000003,62.05733333333333,witheje01-2014
ellismo01,39.3,4,201312040NOP-DAL,201312040NOP-NOP,DAL-2014,1,2014,157.2,46.44583333333333,ellismo01-2014
mariosh01,35.333333333333336,0.8,201312040NOP-DAL,201312040NOP-NOP,DAL-2014,1,2014,28.26666666666667,46.44583333333333,mariosh01-2014
nowitdi01,32.1,7.5,201312040NOP-DAL,201312040NOP-NOP,DAL-2014,1,2014,240.75,46.44583333333333,nowitdi01-2014
caldejo01,31.45,1.8,201312040NOP-DAL,201312040NOP-NOP,DAL-2014,1,2014,56.61,46.44583333333333,caldejo01-2014
blairde01,29.183333333333334,-2.9,201312040NOP-DAL,201312040NOP-NOP,DAL-2014,1,2014,-84.63166666666666,46.44583333333333,blairde01-2014
cartevi01,24.1,5.6,201312040NOP-DAL,201312040NOP-NOP,DAL-2014,1,2014,134.96,46.44583333333333,cartevi01-2014
dalemsa01,18.816666666666666,0.5,201312040NOP-DAL,201312040NOP-NOP,DAL-2014,1,2014,9.408333333333333,46.44583333333333,dalemsa01-2014
crowdja01,14.733333333333333,-3.6,201312040NOP-DAL,201312040NOP-NOP,DAL-2014,1,2014,-53.04,46.44583333333333,crowdja01-2014
mekelga01,10.716666666666667,-2.1,201312040NOP-DAL,201312040NOP-NOP,DAL-2014,1,2014,-22.505000000000003,46.44583333333333,mekelga01-2014
ellinwa01,4.266666666666667,-0.6,201312040NOP-DAL,201312040NOP-NOP,DAL-2014,1,2014,-2.56,46.44583333333333,ellinwa01-2014
ibakase01,37.916666666666664,-0.4,201312060NOP-OKC,201312060NOP-NOP,OKC-2014,1,2014,-15.166666666666666,71.89500000000001,ibakase01-2014
duranke01,36.13333333333333,14.3,201312060NOP-OKC,201312060NOP-NOP,OKC-2014,1,2014,516.7066666666667,71.89500000000001,duranke01-2014
westbru01,33.61666666666667,6.8,201312060NOP-OKC,201312060NOP-NOP,OKC-2014,1,2014,228.59333333333333,71.89500000000001,westbru01-2014
jacksre01,29.4,2.5,201312060NOP-OKC,201312060NOP-NOP,OKC-2014,1,2014,73.5,71.89500000000001,jacksre01-2014
sefolth01,26.583333333333332,2.7,201312060NOP-OKC,201312060NOP-NOP,OKC-2014,1,2014,71.775,71.89500000000001,sefolth01-2014
collini01,24.3,-3.2,201312060NOP-OKC,201312060NOP-NOP,OKC-2014,1,2014,-77.76,71.89500000000001,collini01-2014
perkike01,14.683333333333334,2.2,201312060NOP-OKC,201312060NOP-NOP,OKC-2014,1,2014,32.303333333333335,71.89500000000001,perkike01-2014
lambje01,14.533333333333333,-3.4,201312060NOP-OKC,201312060NOP-NOP,OKC-2014,1,2014,-49.413333333333334,71.89500000000001,lambje01-2014
fishede01,13.466666666666667,1.1,201312060NOP-OKC,201312060NOP-NOP,OKC-2014,1,2014,14.813333333333334,71.89500000000001,fishede01-2014
gomesry01,5.4,-0.1,201312060NOP-OKC,201312060NOP-NOP,OKC-2014,1,2014,-0.54,71.89500000000001,gomesry01-2014
adamsst01,3.966666666666667,-1,201312060NOP-OKC,201312060NOP-NOP,OKC-2014,1,2014,-3.966666666666667,71.89500000000001,adamsst01-2014
jennibr01,46.333333333333336,6.6,201312110NOP-DET,201312110NOP-NOP,DET-2014,0,2014,305.8,27.745333333333335,jennibr01-2014
monrogr01,42.43333333333333,1.9,201312110NOP-DET,201312110NOP-NOP,DET-2014,0,2014,80.62333333333332,27.745333333333335,monrogr01-2014
drumman01,34.88333333333333,-1.8,201312110NOP-DET,201312110NOP-NOP,DET-2014,0,2014,-62.79,27.745333333333335,drumman01-2014
stuckro01,32.5,0.9,201312110NOP-DET,201312110NOP-NOP,DET-2014,0,2014,29.25,27.745333333333335,stuckro01-2014
smithjo03,32.36666666666667,-1,201312110NOP-DET,201312110NOP-NOP,DET-2014,0,2014,-32.36666666666667,27.745333333333335,smithjo03-2014
singlky01,29.15,0.4,201312110NOP-DET,201312110NOP-NOP,DET-2014,0,2014,11.66,27.745333333333335,singlky01-2014
caldwke01,25.4,-1.1,201312110NOP-DET,201312110NOP-NOP,DET-2014,0,2014,-27.94,27.745333333333335,caldwke01-2014
harrejo01,12.166666666666666,-1.2,201312110NOP-DET,201312110NOP-NOP,DET-2014,0,2014,-14.599999999999998,27.745333333333335,harrejo01-2014
sivape01,6.683333333333334,-1.5,201312110NOP-DET,201312110NOP-NOP,DET-2014,0,2014,-10.025,27.745333333333335,sivape01-2014
jerebjo01,3.0833333333333335,-0.7,201312110NOP-DET,201312110NOP-NOP,DET-2014,0,2014,-2.158333333333333,27.745333333333335,jerebjo01-2014
conlemi01,35.31666666666667,1.4,201312130NOP-MEM,201312130NOP-NOP,MEM-2014,0,2014,49.443333333333335,17.599333333333334,conlemi01-2014
leuerjo01,30.433333333333334,7.1,201312130NOP-MEM,201312130NOP-NOP,MEM-2014,0,2014,216.07666666666665,17.599333333333334,leuerjo01-2014
randoza01,27.65,-3.5,201312130NOP-MEM,201312130NOP-NOP,MEM-2014,0,2014,-96.77499999999999,17.599333333333334,randoza01-2014
millemi01,27.316666666666666,5.9,201312130NOP-MEM,201312130NOP-NOP,MEM-2014,0,2014,161.16833333333335,17.599333333333334,millemi01-2014
allento01,24.4,-5,201312130NOP-MEM,201312130NOP-NOP,MEM-2014,0,2014,-122,17.599333333333334,allento01-2014
davised01,23.7,1.1,201312130NOP-MEM,201312130NOP-NOP,MEM-2014,0,2014,26.07,17.599333333333334,davised01-2014
princta01,22.7,-2.2,201312130NOP-MEM,201312130NOP-NOP,MEM-2014,0,2014,-49.940000000000005,17.599333333333334,princta01-2014
bayleje01,21.95,0.5,201312130NOP-MEM,201312130NOP-NOP,MEM-2014,0,2014,10.975,17.599333333333334,bayleje01-2014
koufoko01,13.85,0,201312130NOP-MEM,201312130NOP-NOP,MEM-2014,0,2014,0,17.599333333333334,koufoko01-2014
calatni01,12.683333333333334,-1.5,201312130NOP-MEM,201312130NOP-NOP,MEM-2014,0,2014,-19.025,17.599333333333334,calatni01-2014
anderry01,41.15,4.8,201312150DEN-NOP,201312150DEN-DEN,NOP-2014,0,2014,197.51999999999998,13.798030303030302,anderry01-2014
holidjr01,31,-2.1,201312150DEN-NOP,201312150DEN-DEN,NOP-2014,0,2014,-65.10000000000001,13.798030303030302,holidjr01-2014
gordoer01,29.416666666666668,-0.3,201312150DEN-NOP,201312150DEN-DEN,NOP-2014,0,2014,-8.825,13.798030303030302,gordoer01-2014
smithja02,29.166666666666668,-3.2,201312150DEN-NOP,201312150DEN-DEN,NOP-2014,0,2014,-93.33333333333334,13.798030303030302,smithja02-2014
aminual01,26,3.6,201312150DEN-NOP,201312150DEN-DEN,NOP-2014,0,2014,93.60000000000001,13.798030303030302,aminual01-2014
riverau01,21.95,5.4,201312150DEN-NOP,201312150DEN-DEN,NOP-2014,0,2014,118.53,13.798030303030302,riverau01-2014
amundlo01,18.866666666666667,-0.8,201312150DEN-NOP,201312150DEN-DEN,NOP-2014,0,2014,-15.093333333333334,13.798030303030302,amundlo01-2014
roberbr01,18.7,0.7,201312150DEN-NOP,201312150DEN-DEN,NOP-2014,0,2014,13.089999999999998,13.798030303030302,roberbr01-2014
morroan01,15.45,-5.3,201312150DEN-NOP,201312150DEN-DEN,NOP-2014,0,2014,-81.88499999999999,13.798030303030302,morroan01-2014
milleda01,6.55,-1,201312150DEN-NOP,201312150DEN-DEN,NOP-2014,0,2014,-6.55,13.798030303030302,milleda01-2014
witheje01,1.75,-0.1,201312150DEN-NOP,201312150DEN-DEN,NOP-2014,0,2014,-0.17500000000000002,13.798030303030302,witheje01-2014
anderry01,29.366666666666667,3.5,201312170GSW-NOP,201312170GSW-GSW,NOP-2014,0,2014,102.78333333333333,4.641666666666666,anderry01-2014
holidjr01,27.466666666666665,-0.2,201312170GSW-NOP,201312170GSW-GSW,NOP-2014,0,2014,-5.493333333333333,4.641666666666666,holidjr01-2014
riverau01,27.033333333333335,-1.6,201312170GSW-NOP,201312170GSW-GSW,NOP-2014,0,2014,-43.25333333333334,4.641666666666666,riverau01-2014
aminual01,26.65,5.8,201312170GSW-NOP,201312170GSW-GSW,NOP-2014,0,2014,154.57,4.641666666666666,aminual01-2014
gordoer01,24.2,-5.8,201312170GSW-NOP,201312170GSW-GSW,NOP-2014,0,2014,-140.35999999999999,4.641666666666666,gordoer01-2014
milleda01,23.366666666666667,-3.7,201312170GSW-NOP,201312170GSW-GSW,NOP-2014,0,2014,-86.45666666666668,4.641666666666666,milleda01-2014
smithja02,22.466666666666665,3.1,201312170GSW-NOP,201312170GSW-GSW,NOP-2014,0,2014,69.64666666666666,4.641666666666666,smithja02-2014
roberbr01,20.533333333333335,-0.1,201312170GSW-NOP,201312170GSW-GSW,NOP-2014,0,2014,-2.0533333333333337,4.641666666666666,roberbr01-2014
amundlo01,16.266666666666666,-1.9,201312170GSW-NOP,201312170GSW-GSW,NOP-2014,0,2014,-30.906666666666663,4.641666666666666,amundlo01-2014
morroan01,15.683333333333334,1.5,201312170GSW-NOP,201312170GSW-GSW,NOP-2014,0,2014,23.525,4.641666666666666,morroan01-2014
witheje01,6.966666666666667,1.3,201312170GSW-NOP,201312170GSW-GSW,NOP-2014,0,2014,9.056666666666667,4.641666666666666,witheje01-2014
anderry01,41.38333333333333,-2.5,201312180LAC-NOP,201312180LAC-LAC,NOP-2014,0,2014,-103.45833333333333,34.61555555555555,anderry01-2014
holidjr01,35.9,6.6,201312180LAC-NOP,201312180LAC-LAC,NOP-2014,0,2014,236.93999999999997,34.61555555555555,holidjr01-2014
evansty01,32.9,4.2,201312180LAC-NOP,201312180LAC-LAC,NOP-2014,0,2014,138.18,34.61555555555555,evansty01-2014
davisan02,32.21666666666667,6.2,201312180LAC-NOP,201312180LAC-LAC,NOP-2014,0,2014,199.74333333333334,34.61555555555555,davisan02-2014
gordoer01,30.433333333333334,-2,201312180LAC-NOP,201312180LAC-LAC,NOP-2014,0,2014,-60.86666666666667,34.61555555555555,gordoer01-2014
smithja02,22.4,-1.6,201312180LAC-NOP,201312180LAC-LAC,NOP-2014,0,2014,-35.839999999999996,34.61555555555555,smithja02-2014
aminual01,15.2,-3,201312180LAC-NOP,201312180LAC-LAC,NOP-2014,0,2014,-45.599999999999994,34.61555555555555,aminual01-2014
morroan01,14.983333333333333,3.5,201312180LAC-NOP,201312180LAC-LAC,NOP-2014,0,2014,52.44166666666666,34.61555555555555,morroan01-2014
riverau01,14.583333333333334,-4.8,201312180LAC-NOP,201312180LAC-LAC,NOP-2014,0,2014,-70,34.61555555555555,riverau01-2014
anderry01,41.55,5,201312210POR-NOP,201312210POR-POR,NOP-2014,0,2014,207.75,53.88388888888888,anderry01-2014
davisan02,37.71666666666667,3.7,201312210POR-NOP,201312210POR-POR,NOP-2014,0,2014,139.55166666666668,53.88388888888888,davisan02-2014
holidjr01,36.31666666666667,-1.5,201312210POR-NOP,201312210POR-POR,NOP-2014,0,2014,-54.47500000000001,53.88388888888888,holidjr01-2014
gordoer01,31.766666666666666,1.9,201312210POR-NOP,201312210POR-POR,NOP-2014,0,2014,60.35666666666666,53.88388888888888,gordoer01-2014
evansty01,27.316666666666666,4.6,201312210POR-NOP,201312210POR-POR,NOP-2014,0,2014,125.65666666666665,53.88388888888888,evansty01-2014
aminual01,20.716666666666665,3.6,201312210POR-NOP,201312210POR-POR,NOP-2014,0,2014,74.58,53.88388888888888,aminual01-2014
ajincal01,16.7,-2.1,201312210POR-NOP,201312210POR-POR,NOP-2014,0,2014,-35.07,53.88388888888888,ajincal01-2014
morroan01,14.616666666666667,0.9,201312210POR-NOP,201312210POR-POR,NOP-2014,0,2014,13.155000000000001,53.88388888888888,morroan01-2014
riverau01,13.3,-3.5,201312210POR-NOP,201312210POR-POR,NOP-2014,0,2014,-46.550000000000004,53.88388888888888,riverau01-2014
davisan02,42.75,-1.3,201312230SAC-NOP,201312230SAC-SAC,NOP-2014,1,2014,-55.575,65.77151515151515,davisan02-2014
evansty01,35.75,12.5,201312230SAC-NOP,201312230SAC-SAC,NOP-2014,1,2014,446.875,65.77151515151515,evansty01-2014
holidjr01,34.21666666666667,8,201312230SAC-NOP,201312230SAC-SAC,NOP-2014,1,2014,273.73333333333335,65.77151515151515,holidjr01-2014
anderry01,27.416666666666668,-3.8,201312230SAC-NOP,201312230SAC-SAC,NOP-2014,1,2014,-104.18333333333334,65.77151515151515,anderry01-2014
aminual01,26.1,7.3,201312230SAC-NOP,201312230SAC-SAC,NOP-2014,1,2014,190.53,65.77151515151515,aminual01-2014
roberbr01,21.433333333333334,1,201312230SAC-NOP,201312230SAC-SAC,NOP-2014,1,2014,21.433333333333334,65.77151515151515,roberbr01-2014
gordoer01,20.65,-1.2,201312230SAC-NOP,201312230SAC-SAC,NOP-2014,1,2014,-24.779999999999998,65.77151515151515,gordoer01-2014
ajincal01,14.216666666666667,-0.8,201312230SAC-NOP,201312230SAC-SAC,NOP-2014,1,2014,-11.373333333333335,65.77151515151515,ajincal01-2014
morroan01,6.3,-1.7,201312230SAC-NOP,201312230SAC-SAC,NOP-2014,1,2014,-10.709999999999999,65.77151515151515,morroan01-2014
milleda01,6.216666666666667,0.4,201312230SAC-NOP,201312230SAC-SAC,NOP-2014,1,2014,2.486666666666667,65.77151515151515,milleda01-2014
amundlo01,4.95,-1,201312230SAC-NOP,201312230SAC-SAC,NOP-2014,1,2014,-4.95,65.77151515151515,amundlo01-2014
chandwi01,37.45,3.7,201312270NOP-DEN,201312270NOP-NOP,DEN-2014,0,2014,138.56500000000003,14.025000000000004,chandwi01-2014
hicksjj01,36.483333333333334,2.2,201312270NOP-DEN,201312270NOP-NOP,DEN-2014,0,2014,80.26333333333334,14.025000000000004,hicksjj01-2014
lawsoty01,35.65,-0.1,201312270NOP-DEN,201312270NOP-NOP,DEN-2014,0,2014,-3.565,14.025000000000004,lawsoty01-2014
hamiljo02,32.166666666666664,0.1,201312270NOP-DEN,201312270NOP-NOP,DEN-2014,0,2014,3.216666666666667,14.025000000000004,hamiljo02-2014
mozgoti01,27.616666666666667,0.8,201312270NOP-DEN,201312270NOP-NOP,DEN-2014,0,2014,22.093333333333334,14.025000000000004,mozgoti01-2014
randoan01,19.5,1.2,201312270NOP-DEN,201312270NOP-NOP,DEN-2014,0,2014,23.4,14.025000000000004,randoan01-2014
robinna01,15.733333333333333,-6.1,201312270NOP-DEN,201312270NOP-NOP,DEN-2014,0,2014,-95.97333333333333,14.025000000000004,robinna01-2014
millean02,15.166666666666666,-3.8,201312270NOP-DEN,201312270NOP-NOP,DEN-2014,0,2014,-57.633333333333326,14.025000000000004,millean02-2014
millequ01,13.05,2.4,201312270NOP-DEN,201312270NOP-NOP,DEN-2014,0,2014,31.32,14.025000000000004,millequ01-2014
foyera01,7.183333333333334,-0.2,201312270NOP-DEN,201312270NOP-NOP,DEN-2014,0,2014,-1.4366666666666668,14.025000000000004,foyera01-2014
anderry01,38.333333333333336,6.1,201312280HOU-NOP,201312280HOU-HOU,NOP-2014,0,2014,233.83333333333334,28.29287878787879,anderry01-2014
davisan02,37.78333333333333,3.5,201312280HOU-NOP,201312280HOU-HOU,NOP-2014,0,2014,132.24166666666667,28.29287878787879,davisan02-2014
evansty01,32.35,0,201312280HOU-NOP,201312280HOU-HOU,NOP-2014,0,2014,0,28.29287878787879,evansty01-2014
holidjr01,31.75,-7.5,201312280HOU-NOP,201312280HOU-HOU,NOP-2014,0,2014,-238.125,28.29287878787879,holidjr01-2014
aminual01,29.95,4.2,201312280HOU-NOP,201312280HOU-HOU,NOP-2014,0,2014,125.79,28.29287878787879,aminual01-2014
roberbr01,19.55,1,201312280HOU-NOP,201312280HOU-HOU,NOP-2014,0,2014,19.55,28.29287878787879,roberbr01-2014
smithja02,14.8,3.3,201312280HOU-NOP,201312280HOU-HOU,NOP-2014,0,2014,48.839999999999996,28.29287878787879,smithja02-2014
riverau01,12.416666666666666,0.8,201312280HOU-NOP,201312280HOU-HOU,NOP-2014,0,2014,9.933333333333334,28.29287878787879,riverau01-2014
milleda01,11.666666666666666,-0.7,201312280HOU-NOP,201312280HOU-HOU,NOP-2014,0,2014,-8.166666666666666,28.29287878787879,milleda01-2014
morroan01,6.383333333333334,-2.3,201312280HOU-NOP,201312280HOU-HOU,NOP-2014,0,2014,-14.681666666666667,28.29287878787879,morroan01-2014
ajincal01,5.016666666666667,0.4,201312280HOU-NOP,201312280HOU-HOU,NOP-2014,0,2014,2.006666666666667,28.29287878787879,ajincal01-2014
lillada01,41.016666666666666,10,201312300NOP-POR,201312300NOP-NOP,POR-2014,0,2014,410.16666666666663,74.5074074074074,lillada01-2014
batumni01,39.333333333333336,-3.4,201312300NOP-POR,201312300NOP-NOP,POR-2014,0,2014,-133.73333333333335,74.5074074074074,batumni01-2014
aldrila01,39.233333333333334,4.5,201312300NOP-POR,201312300NOP-NOP,POR-2014,0,2014,176.55,74.5074074074074,aldrila01-2014
matthwe02,38.46666666666667,5.1,201312300NOP-POR,201312300NOP-NOP,POR-2014,0,2014,196.18,74.5074074074074,matthwe02-2014
willima01,29.95,-0.4,201312300NOP-POR,201312300NOP-NOP,POR-2014,0,2014,-11.98,74.5074074074074,willima01-2014
lopezro01,23.9,3.1,201312300NOP-POR,201312300NOP-NOP,POR-2014,0,2014,74.09,74.5074074074074,lopezro01-2014
freeljo01,12.366666666666667,-0.8,201312300NOP-POR,201312300NOP-NOP,POR-2014,0,2014,-9.893333333333334,74.5074074074074,freeljo01-2014
wrighdo01,11.033333333333333,-1.6,201312300NOP-POR,201312300NOP-NOP,POR-2014,0,2014,-17.653333333333332,74.5074074074074,wrighdo01-2014
leoname01,4.7,-2.8,201312300NOP-POR,201312300NOP-NOP,POR-2014,0,2014,-13.16,74.5074074074074,leoname01-2014
anderry01,40.483333333333334,5.2,201401010MIN-NOP,201401010MIN-MIN,NOP-2014,0,2014,210.51333333333335,15.256282051282053,anderry01-2014
davisan02,33.36666666666667,0.4,201401010MIN-NOP,201401010MIN-MIN,NOP-2014,0,2014,13.346666666666668,15.256282051282053,davisan02-2014
gordoer01,29.183333333333334,-2.8,201401010MIN-NOP,201401010MIN-MIN,NOP-2014,0,2014,-81.71333333333332,15.256282051282053,gordoer01-2014
evansty01,27.883333333333333,-0.9,201401010MIN-NOP,201401010MIN-MIN,NOP-2014,0,2014,-25.095,15.256282051282053,evansty01-2014
holidjr01,22.233333333333334,2.8,201401010MIN-NOP,201401010MIN-MIN,NOP-2014,0,2014,62.25333333333333,15.256282051282053,holidjr01-2014
riverau01,15.833333333333334,-1.3,201401010MIN-NOP,201401010MIN-MIN,NOP-2014,0,2014,-20.583333333333336,15.256282051282053,riverau01-2014
morroan01,14.716666666666667,4.2,201401010MIN-NOP,201401010MIN-MIN,NOP-2014,0,2014,61.81,15.256282051282053,morroan01-2014
roberbr01,14.716666666666667,2.3,201401010MIN-NOP,201401010MIN-MIN,NOP-2014,0,2014,33.84833333333333,15.256282051282053,roberbr01-2014
aminual01,13.666666666666666,-0.8,201401010MIN-NOP,201401010MIN-MIN,NOP-2014,0,2014,-10.933333333333334,15.256282051282053,aminual01-2014
ajincal01,11.683333333333334,-2.9,201401010MIN-NOP,201401010MIN-MIN,NOP-2014,0,2014,-33.88166666666667,15.256282051282053,ajincal01-2014
milleda01,7.516666666666667,1.4,201401010MIN-NOP,201401010MIN-MIN,NOP-2014,0,2014,10.523333333333333,15.256282051282053,milleda01-2014
stiemgr01,6.416666666666667,-4,201401010MIN-NOP,201401010MIN-MIN,NOP-2014,0,2014,-25.666666666666668,15.256282051282053,stiemgr01-2014
witheje01,2.3,1.7,201401010MIN-NOP,201401010MIN-MIN,NOP-2014,0,2014,3.9099999999999997,15.256282051282053,witheje01-2014
davisan02,38.016666666666666,12.1,201401030BOS-NOP,201401030BOS-BOS,NOP-2014,1,2014,460.00166666666667,36.156,davisan02-2014
holidjr01,33.266666666666666,-8.3,201401030BOS-NOP,201401030BOS-BOS,NOP-2014,1,2014,-276.11333333333334,36.156,holidjr01-2014
gordoer01,33,0.6,201401030BOS-NOP,201401030BOS-BOS,NOP-2014,1,2014,19.8,36.156,gordoer01-2014
evansty01,29.216666666666665,4.2,201401030BOS-NOP,201401030BOS-BOS,NOP-2014,1,2014,122.71,36.156,evansty01-2014
anderry01,24.9,0.5,201401030BOS-NOP,201401030BOS-BOS,NOP-2014,1,2014,12.45,36.156,anderry01-2014
aminual01,23.066666666666666,-2.9,201401030BOS-NOP,201401030BOS-BOS,NOP-2014,1,2014,-66.89333333333333,36.156,aminual01-2014
stiemgr01,18.633333333333333,3.8,201401030BOS-NOP,201401030BOS-BOS,NOP-2014,1,2014,70.80666666666666,36.156,stiemgr01-2014
roberbr01,14.75,4.8,201401030BOS-NOP,201401030BOS-BOS,NOP-2014,1,2014,70.8,36.156,roberbr01-2014
milleda01,13.083333333333334,-1.3,201401030BOS-NOP,201401030BOS-BOS,NOP-2014,1,2014,-17.008333333333336,36.156,milleda01-2014
ajincal01,12.066666666666666,-2.9,201401030BOS-NOP,201401030BOS-BOS,NOP-2014,1,2014,-34.99333333333333,36.156,ajincal01-2014
gordoer01,38.71666666666667,3.1,201401040IND-NOP,201401040IND-IND,NOP-2014,0,2014,120.02166666666668,9.998499999999998,gordoer01-2014
davisan02,34.016666666666666,-3.6,201401040IND-NOP,201401040IND-IND,NOP-2014,0,2014,-122.46,9.998499999999998,davisan02-2014
holidjr01,33.6,0.2,201401040IND-NOP,201401040IND-IND,NOP-2014,0,2014,6.720000000000001,9.998499999999998,holidjr01-2014
ajincal01,31.5,5.6,201401040IND-NOP,201401040IND-IND,NOP-2014,0,2014,176.39999999999998,9.998499999999998,ajincal01-2014
aminual01,28.483333333333334,-0.2,201401040IND-NOP,201401040IND-IND,NOP-2014,0,2014,-5.696666666666667,9.998499999999998,aminual01-2014
evansty01,25.566666666666666,-1.1,201401040IND-NOP,201401040IND-IND,NOP-2014,0,2014,-28.123333333333335,9.998499999999998,evansty01-2014
stiemgr01,20.616666666666667,-1.6,201401040IND-NOP,201401040IND-IND,NOP-2014,0,2014,-32.98666666666667,9.998499999999998,stiemgr01-2014
roberbr01,14.4,-0.1,201401040IND-NOP,201401040IND-IND,NOP-2014,0,2014,-1.4400000000000002,9.998499999999998,roberbr01-2014
milleda01,9.283333333333333,-1.3,201401040IND-NOP,201401040IND-IND,NOP-2014,0,2014,-12.068333333333333,9.998499999999998,milleda01-2014
witheje01,3.8166666666666664,-0.1,201401040IND-NOP,201401040IND-IND,NOP-2014,0,2014,-0.38166666666666665,9.998499999999998,witheje01-2014
davisan02,41,3,201401070MIA-NOP,201401070MIA-MIA,NOP-2014,0,2014,123,9.24875,davisan02-2014
aminual01,31.2,4.6,201401070MIA-NOP,201401070MIA-MIA,NOP-2014,0,2014,143.51999999999998,9.24875,aminual01-2014
holidjr01,30.933333333333334,-4.8,201401070MIA-NOP,201401070MIA-MIA,NOP-2014,0,2014,-148.48,9.24875,holidjr01-2014
gordoer01,29.566666666666666,4.4,201401070MIA-NOP,201401070MIA-MIA,NOP-2014,0,2014,130.09333333333333,9.24875,gordoer01-2014
smithja02,21.916666666666668,-4.3,201401070MIA-NOP,201401070MIA-MIA,NOP-2014,0,2014,-94.24166666666667,9.24875,smithja02-2014
evansty01,20.416666666666668,-1.4,201401070MIA-NOP,201401070MIA-MIA,NOP-2014,0,2014,-28.583333333333332,9.24875,evansty01-2014
roberbr01,17.066666666666666,3.1,201401070MIA-NOP,201401070MIA-MIA,NOP-2014,0,2014,52.906666666666666,9.24875,roberbr01-2014
stiemgr01,14.566666666666666,-0.2,201401070MIA-NOP,201401070MIA-MIA,NOP-2014,0,2014,-2.9133333333333336,9.24875,stiemgr01-2014
ajincal01,14.166666666666666,-0.5,201401070MIA-NOP,201401070MIA-MIA,NOP-2014,0,2014,-7.083333333333333,9.24875,ajincal01-2014
morroan01,12.5,-4.8,201401070MIA-NOP,201401070MIA-MIA,NOP-2014,0,2014,-60,9.24875,morroan01-2014
milleda01,3.5,0.7,201401070MIA-NOP,201401070MIA-MIA,NOP-2014,0,2014,2.4499999999999997,9.24875,milleda01-2014
witheje01,3.1666666666666665,0.1,201401070MIA-NOP,201401070MIA-MIA,NOP-2014,0,2014,0.31666666666666665,9.24875,witheje01-2014
arizatr01,38.15,3.8,201401080NOP-WAS,201401080NOP-NOP,WAS-2014,1,2014,144.97,41.128166666666665,arizatr01-2014
walljo01,33.18333333333333,2.8,201401080NOP-WAS,201401080NOP-NOP,WAS-2014,1,2014,92.91333333333331,41.128166666666665,walljo01-2014
gortama01,30.733333333333334,2.1,201401080NOP-WAS,201401080NOP-NOP,WAS-2014,1,2014,64.54,41.128166666666665,gortama01-2014
bealbr01,29.55,2.4,201401080NOP-WAS,201401080NOP-NOP,WAS-2014,1,2014,70.92,41.128166666666665,bealbr01-2014
hilarne01,26.733333333333334,0.3,201401080NOP-WAS,201401080NOP-NOP,WAS-2014,1,2014,8.02,41.128166666666665,hilarne01-2014
veselja01,22.516666666666666,1.5,201401080NOP-WAS,201401080NOP-NOP,WAS-2014,1,2014,33.775,41.128166666666665,veselja01-2014
webstma02,21.283333333333335,-2.1,201401080NOP-WAS,201401080NOP-NOP,WAS-2014,1,2014,-44.69500000000001,41.128166666666665,webstma02-2014
booketr01,15.616666666666667,-0.8,201401080NOP-WAS,201401080NOP-NOP,WAS-2014,1,2014,-12.493333333333334,41.128166666666665,booketr01-2014
templga01,14.816666666666666,4.1,201401080NOP-WAS,201401080NOP-NOP,WAS-2014,1,2014,60.74833333333333,41.128166666666665,templga01-2014
porteot01,7.416666666666667,-1,201401080NOP-WAS,201401080NOP-NOP,WAS-2014,1,2014,-7.416666666666667,41.128166666666665,porteot01-2014
crowdja01,39.85,1,201401100NOP-DAL,201401100NOP-NOP,DAL-2014,1,2014,39.85,51.89263888888888,crowdja01-2014
ellismo01,32.583333333333336,4.7,201401100NOP-DAL,201401100NOP-NOP,DAL-2014,1,2014,153.14166666666668,51.89263888888888,ellismo01-2014
caldejo01,32.016666666666666,6.1,201401100NOP-DAL,201401100NOP-NOP,DAL-2014,1,2014,195.30166666666665,51.89263888888888,caldejo01-2014
nowitdi01,28.2,12.9,201401100NOP-DAL,201401100NOP-NOP,DAL-2014,1,2014,363.78,51.89263888888888,nowitdi01-2014
blairde01,25.033333333333335,-6.9,201401100NOP-DAL,201401100NOP-NOP,DAL-2014,1,2014,-172.73000000000002,51.89263888888888,blairde01-2014
cartevi01,20.4,1,201401100NOP-DAL,201401100NOP-NOP,DAL-2014,1,2014,20.4,51.89263888888888,cartevi01-2014
dalemsa01,18.383333333333333,2.7,201401100NOP-DAL,201401100NOP-NOP,DAL-2014,1,2014,49.635000000000005,51.89263888888888,dalemsa01-2014
wrighbr03,14.8,-4.5,201401100NOP-DAL,201401100NOP-NOP,DAL-2014,1,2014,-66.60000000000001,51.89263888888888,wrighbr03-2014
larkish01,14.166666666666666,2.7,201401100NOP-DAL,201401100NOP-NOP,DAL-2014,1,2014,38.25,51.89263888888888,larkish01-2014
ledori01,9.133333333333333,-0.3,201401100NOP-DAL,201401100NOP-NOP,DAL-2014,1,2014,-2.7399999999999998,51.89263888888888,ledori01-2014
jamesbe01,3.75,1,201401100NOP-DAL,201401100NOP-NOP,DAL-2014,1,2014,3.75,51.89263888888888,jamesbe01-2014
mekelga01,1.6833333333333333,0.4,201401100NOP-DAL,201401100NOP-NOP,DAL-2014,1,2014,0.6733333333333333,51.89263888888888,mekelga01-2014
davisan02,39.583333333333336,6,201401110DAL-NOP,201401110DAL-DAL,NOP-2014,0,2014,237.5,23.31878787878788,davisan02-2014
gordoer01,37.78333333333333,-2.3,201401110DAL-NOP,201401110DAL-DAL,NOP-2014,0,2014,-86.90166666666666,23.31878787878788,gordoer01-2014
aminual01,35.7,0.9,201401110DAL-NOP,201401110DAL-DAL,NOP-2014,0,2014,32.13,23.31878787878788,aminual01-2014
roberbr01,31.333333333333332,0.1,201401110DAL-NOP,201401110DAL-DAL,NOP-2014,0,2014,3.1333333333333333,23.31878787878788,roberbr01-2014
riverau01,23.283333333333335,-0.9,201401110DAL-NOP,201401110DAL-DAL,NOP-2014,0,2014,-20.955000000000002,23.31878787878788,riverau01-2014
milleda01,19.45,6.3,201401110DAL-NOP,201401110DAL-DAL,NOP-2014,0,2014,122.535,23.31878787878788,milleda01-2014
smithja02,18.983333333333334,-1.5,201401110DAL-NOP,201401110DAL-DAL,NOP-2014,0,2014,-28.475,23.31878787878788,smithja02-2014
ajincal01,11.833333333333334,1.8,201401110DAL-NOP,201401110DAL-DAL,NOP-2014,0,2014,21.3,23.31878787878788,ajincal01-2014
stiemgr01,9.166666666666666,-0.9,201401110DAL-NOP,201401110DAL-DAL,NOP-2014,0,2014,-8.25,23.31878787878788,stiemgr01-2014
morroan01,8.6,-2.7,201401110DAL-NOP,201401110DAL-DAL,NOP-2014,0,2014,-23.22,23.31878787878788,morroan01-2014
witheje01,4.283333333333333,1.8,201401110DAL-NOP,201401110DAL-DAL,NOP-2014,0,2014,7.71,23.31878787878788,witheje01-2014
parketo01,36.266666666666666,5.7,201401130NOP-SAS,201401130NOP-NOP,SAS-2014,1,2014,206.72,44.38560606060606,parketo01-2014
leonaka01,32.983333333333334,7.9,201401130NOP-SAS,201401130NOP-NOP,SAS-2014,1,2014,260.5683333333333,44.38560606060606,leonaka01-2014
belinma01,30.183333333333334,0.5,201401130NOP-SAS,201401130NOP-NOP,SAS-2014,1,2014,15.091666666666667,44.38560606060606,belinma01-2014
duncati01,26.1,-3.4,201401130NOP-SAS,201401130NOP-NOP,SAS-2014,1,2014,-88.74000000000001,44.38560606060606,duncati01-2014
ginobma01,24.616666666666667,1.8,201401130NOP-SAS,201401130NOP-NOP,SAS-2014,1,2014,44.31,44.38560606060606,ginobma01-2014
diawbo01,22.333333333333332,-0.5,201401130NOP-SAS,201401130NOP-NOP,SAS-2014,1,2014,-11.166666666666666,44.38560606060606,diawbo01-2014
pendeje02,16.516666666666666,1,201401130NOP-SAS,201401130NOP-NOP,SAS-2014,1,2014,16.516666666666666,44.38560606060606,pendeje02-2014
bonnema01,15.516666666666667,3.7,201401130NOP-SAS,201401130NOP-NOP,SAS-2014,1,2014,57.411666666666676,44.38560606060606,bonnema01-2014
josepco01,15.016666666666667,-0.2,201401130NOP-SAS,201401130NOP-NOP,SAS-2014,1,2014,-3.003333333333334,44.38560606060606,josepco01-2014
millspa02,11.733333333333333,-1.7,201401130NOP-SAS,201401130NOP-NOP,SAS-2014,1,2014,-19.946666666666665,44.38560606060606,millspa02-2014
baynear01,8.733333333333333,1.2,201401130NOP-SAS,201401130NOP-NOP,SAS-2014,1,2014,10.479999999999999,44.38560606060606,baynear01-2014
parsoch01,45.13333333333333,2.7,201401150NOP-HOU,201401150NOP-NOP,HOU-2014,1,2014,121.86000000000001,80.20444444444445,parsoch01-2014
joneste01,41.4,7.3,201401150NOP-HOU,201401150NOP-NOP,HOU-2014,1,2014,302.21999999999997,80.20444444444445,joneste01-2014
hardeja01,40.8,7.4,201401150NOP-HOU,201401150NOP-NOP,HOU-2014,1,2014,301.92,80.20444444444445,hardeja01-2014
linje01,38.68333333333333,-0.6,201401150NOP-HOU,201401150NOP-NOP,HOU-2014,1,2014,-23.209999999999997,80.20444444444445,linje01-2014
howardw01,29.85,2.9,201401150NOP-HOU,201401150NOP-NOP,HOU-2014,1,2014,86.565,80.20444444444445,howardw01-2014
motiedo01,17.933333333333334,-0.4,201401150NOP-HOU,201401150NOP-NOP,HOU-2014,1,2014,-7.173333333333334,80.20444444444445,motiedo01-2014
garcifr01,10.066666666666666,-1.5,201401150NOP-HOU,201401150NOP-NOP,HOU-2014,1,2014,-15.1,80.20444444444445,garcifr01-2014
canaais01,9.316666666666666,-3.1,201401150NOP-HOU,201401150NOP-NOP,HOU-2014,1,2014,-28.881666666666668,80.20444444444445,canaais01-2014
casspom01,6.816666666666666,-2.4,201401150NOP-HOU,201401150NOP-NOP,HOU-2014,1,2014,-16.36,80.20444444444445,casspom01-2014
curryst01,37.81666666666667,15.8,201401180NOP-GSW,201401180NOP-NOP,GSW-2014,1,2014,597.5033333333334,71.73151515151515,curryst01-2014
thompkl01,36.63333333333333,-4.8,201401180NOP-GSW,201401180NOP-NOP,GSW-2014,1,2014,-175.84,71.73151515151515,thompkl01-2014
iguodan01,35.833333333333336,1,201401180NOP-GSW,201401180NOP-NOP,GSW-2014,1,2014,35.833333333333336,71.73151515151515,iguodan01-2014
leeda02,34.766666666666666,4,201401180NOP-GSW,201401180NOP-NOP,GSW-2014,1,2014,139.06666666666666,71.73151515151515,leeda02-2014
bogutan01,33.733333333333334,7.1,201401180NOP-GSW,201401180NOP-NOP,GSW-2014,1,2014,239.50666666666666,71.73151515151515,bogutan01-2014
barneha02,17.516666666666666,-6.1,201401180NOP-GSW,201401180NOP-NOP,GSW-2014,1,2014,-106.85166666666666,71.73151515151515,barneha02-2014
greendr01,15.733333333333333,0.3,201401180NOP-GSW,201401180NOP-NOP,GSW-2014,1,2014,4.72,71.73151515151515,greendr01-2014
crawfjo02,13.483333333333333,3.8,201401180NOP-GSW,201401180NOP-NOP,GSW-2014,1,2014,51.236666666666665,71.73151515151515,crawfjo02-2014
speigma01,11.016666666666667,0.7,201401180NOP-GSW,201401180NOP-NOP,GSW-2014,1,2014,7.711666666666667,71.73151515151515,speigma01-2014
bazemke01,3.2,-1.2,201401180NOP-GSW,201401180NOP-NOP,GSW-2014,1,2014,-3.84,71.73151515151515,bazemke01-2014
brookma01,0.26666666666666666,0,201401180NOP-GSW,201401180NOP-NOP,GSW-2014,1,2014,0,71.73151515151515,brookma01-2014
davisan02,40.11666666666667,7.6,201401200MEM-NOP,201401200MEM-MEM,NOP-2014,1,2014,304.88666666666666,45.803333333333335,davisan02-2014
gordoer01,35.11666666666667,-1.4,201401200MEM-NOP,201401200MEM-MEM,NOP-2014,1,2014,-49.163333333333334,45.803333333333335,gordoer01-2014
roberbr01,28.1,5.3,201401200MEM-NOP,201401200MEM-MEM,NOP-2014,1,2014,148.93,45.803333333333335,roberbr01-2014
evansty01,25.583333333333332,3,201401200MEM-NOP,201401200MEM-MEM,NOP-2014,1,2014,76.75,45.803333333333335,evansty01-2014
aminual01,25.15,-3.8,201401200MEM-NOP,201401200MEM-MEM,NOP-2014,1,2014,-95.57,45.803333333333335,aminual01-2014
ajincal01,22,1.6,201401200MEM-NOP,201401200MEM-MEM,NOP-2014,1,2014,35.2,45.803333333333335,ajincal01-2014
riverau01,19.8,4.3,201401200MEM-NOP,201401200MEM-MEM,NOP-2014,1,2014,85.14,45.803333333333335,riverau01-2014
stiemgr01,19,-1.3,201401200MEM-NOP,201401200MEM-MEM,NOP-2014,1,2014,-24.7,45.803333333333335,stiemgr01-2014
witheje01,14.533333333333333,-0.3,201401200MEM-NOP,201401200MEM-MEM,NOP-2014,1,2014,-4.359999999999999,45.803333333333335,witheje01-2014
milleda01,10.6,-1.8,201401200MEM-NOP,201401200MEM-MEM,NOP-2014,1,2014,-19.08,45.803333333333335,milleda01-2014
gayru01,42.46666666666667,11.5,201401210NOP-SAC,201401210NOP-NOP,SAC-2014,1,2014,488.3666666666667,70.61257575757575,gayru01-2014
thomais02,38.95,3.3,201401210NOP-SAC,201401210NOP-NOP,SAC-2014,1,2014,128.535,70.61257575757575,thomais02-2014
thompja02,35.9,-1.5,201401210NOP-SAC,201401210NOP-NOP,SAC-2014,1,2014,-53.849999999999994,70.61257575757575,thompja02-2014
couside01,29.266666666666666,11.5,201401210NOP-SAC,201401210NOP-NOP,SAC-2014,1,2014,336.56666666666666,70.61257575757575,couside01-2014
thornma01,28.85,-2.9,201401210NOP-SAC,201401210NOP-NOP,SAC-2014,1,2014,-83.665,70.61257575757575,thornma01-2014
acyqu01,23.383333333333333,-2.1,201401210NOP-SAC,201401210NOP-NOP,SAC-2014,1,2014,-49.105000000000004,70.61257575757575,acyqu01-2014
willide02,22.816666666666666,0,201401210NOP-SAC,201401210NOP-NOP,SAC-2014,1,2014,0,70.61257575757575,willide02-2014
fredeji01,7.483333333333333,2.2,201401210NOP-SAC,201401210NOP-NOP,SAC-2014,1,2014,16.463333333333335,70.61257575757575,fredeji01-2014
mclembe01,7.016666666666667,-0.8,201401210NOP-SAC,201401210NOP-NOP,SAC-2014,1,2014,-5.613333333333333,70.61257575757575,mclembe01-2014
grayaa01,2.3,0.4,201401210NOP-SAC,201401210NOP-NOP,SAC-2014,1,2014,0.9199999999999999,70.61257575757575,grayaa01-2014
mccalra01,1.5666666666666667,-1.2,201401210NOP-SAC,201401210NOP-NOP,SAC-2014,1,2014,-1.88,70.61257575757575,mccalra01-2014
davisan02,39.45,1.4,201401240DET-NOP,201401240DET-DET,NOP-2014,1,2014,55.230000000000004,17.368499999999997,davisan02-2014
gordoer01,32.56666666666667,-3.2,201401240DET-NOP,201401240DET-DET,NOP-2014,1,2014,-104.21333333333335,17.368499999999997,gordoer01-2014
riverau01,27.016666666666666,-2.1,201401240DET-NOP,201401240DET-DET,NOP-2014,1,2014,-56.735,17.368499999999997,riverau01-2014
aminual01,26,0.7,201401240DET-NOP,201401240DET-DET,NOP-2014,1,2014,18.2,17.368499999999997,aminual01-2014
morroan01,24.716666666666665,7.2,201401240DET-NOP,201401240DET-DET,NOP-2014,1,2014,177.95999999999998,17.368499999999997,morroan01-2014
roberbr01,21.7,3.2,201401240DET-NOP,201401240DET-DET,NOP-2014,1,2014,69.44,17.368499999999997,roberbr01-2014
witheje01,18.966666666666665,-1.7,201401240DET-NOP,201401240DET-DET,NOP-2014,1,2014,-32.24333333333333,17.368499999999997,witheje01-2014
stiemgr01,18.55,3.4,201401240DET-NOP,201401240DET-DET,NOP-2014,1,2014,63.07,17.368499999999997,stiemgr01-2014
milleda01,15.566666666666666,-0.1,201401240DET-NOP,201401240DET-DET,NOP-2014,1,2014,-1.5566666666666666,17.368499999999997,milleda01-2014
ajincal01,15.466666666666667,-1,201401240DET-NOP,201401240DET-DET,NOP-2014,1,2014,-15.466666666666667,17.368499999999997,ajincal01-2014
afflaar01,39.88333333333333,3,201401260NOP-ORL,201401260NOP-NOP,ORL-2014,0,2014,119.65,37.02466666666667,afflaar01-2014
oladivi01,39.5,8.5,201401260NOP-ORL,201401260NOP-NOP,ORL-2014,0,2014,335.75,37.02466666666667,oladivi01-2014
harrito02,37.85,-0.2,201401260NOP-ORL,201401260NOP-NOP,ORL-2014,0,2014,-7.57,37.02466666666667,harrito02-2014
nelsoja01,36.78333333333333,2.2,201401260NOP-ORL,201401260NOP-NOP,ORL-2014,0,2014,80.92333333333333,37.02466666666667,nelsoja01-2014
davisgl01,32.083333333333336,-1.1,201401260NOP-ORL,201401260NOP-NOP,ORL-2014,0,2014,-35.29166666666667,37.02466666666667,davisgl01-2014
oquinky01,17.6,-4.4,201401260NOP-ORL,201401260NOP-NOP,ORL-2014,0,2014,-77.44000000000001,37.02466666666667,oquinky01-2014
mooreet01,14.283333333333333,-1.6,201401260NOP-ORL,201401260NOP-NOP,ORL-2014,0,2014,-22.853333333333335,37.02466666666667,mooreet01-2014
harklma01,10.45,0.1,201401260NOP-ORL,201401260NOP-NOP,ORL-2014,0,2014,1.045,37.02466666666667,harklma01-2014
nichoan01,6.866666666666667,-1.3,201401260NOP-ORL,201401260NOP-NOP,ORL-2014,0,2014,-8.926666666666668,37.02466666666667,nichoan01-2014
lambdo01,4.7,-3.2,201401260NOP-ORL,201401260NOP-NOP,ORL-2014,0,2014,-15.040000000000001,37.02466666666667,lambdo01-2014
davisan02,39.11666666666667,16,201401280CLE-NOP,201401280CLE-CLE,NOP-2014,1,2014,625.8666666666667,69.04233333333333,davisan02-2014
gordoer01,35.583333333333336,5.7,201401280CLE-NOP,201401280CLE-CLE,NOP-2014,1,2014,202.82500000000002,69.04233333333333,gordoer01-2014
roberbr01,32.35,-2,201401280CLE-NOP,201401280CLE-CLE,NOP-2014,1,2014,-64.7,69.04233333333333,roberbr01-2014
stiemgr01,30.55,4.6,201401280CLE-NOP,201401280CLE-CLE,NOP-2014,1,2014,140.53,69.04233333333333,stiemgr01-2014
aminual01,28.95,-0.7,201401280CLE-NOP,201401280CLE-CLE,NOP-2014,1,2014,-20.264999999999997,69.04233333333333,aminual01-2014
evansty01,18.683333333333334,-2.6,201401280CLE-NOP,201401280CLE-CLE,NOP-2014,1,2014,-48.57666666666667,69.04233333333333,evansty01-2014
ajincal01,17.45,-5.8,201401280CLE-NOP,201401280CLE-CLE,NOP-2014,1,2014,-101.21,69.04233333333333,ajincal01-2014
riverau01,15.65,-1.7,201401280CLE-NOP,201401280CLE-CLE,NOP-2014,1,2014,-26.605,69.04233333333333,riverau01-2014
milleda01,12.783333333333333,-0.6,201401280CLE-NOP,201401280CLE-CLE,NOP-2014,1,2014,-7.67,69.04233333333333,milleda01-2014
morroan01,8.883333333333333,-1.1,201401280CLE-NOP,201401280CLE-CLE,NOP-2014,1,2014,-9.7716666666666665,69.04233333333333,morroan01-2014
aminual01,36.483333333333334,7.9,201401290MIN-NOP,201401290MIN-MIN,NOP-2014,0,2014,288.21833333333336,27.810000000000002,aminual01-2014
gordoer01,35.25,1.6,201401290MIN-NOP,201401290MIN-MIN,NOP-2014,0,2014,56.400000000000006,27.810000000000002,gordoer01-2014
stiemgr01,32.78333333333333,1.8,201401290MIN-NOP,201401290MIN-MIN,NOP-2014,0,2014,59.01,27.810000000000002,stiemgr01-2014
roberbr01,26.15,-1.4,201401290MIN-NOP,201401290MIN-MIN,NOP-2014,0,2014,-36.60999999999999,27.810000000000002,roberbr01-2014
evansty01,23.666666666666668,-0.1,201401290MIN-NOP,201401290MIN-MIN,NOP-2014,0,2014,-2.3666666666666667,27.810000000000002,evansty01-2014
witheje01,22.5,1.9,201401290MIN-NOP,201401290MIN-MIN,NOP-2014,0,2014,42.75,27.810000000000002,witheje01-2014
riverau01,21.85,-1.7,201401290MIN-NOP,201401290MIN-MIN,NOP-2014,0,2014,-37.145,27.810000000000002,riverau01-2014
morroan01,18.133333333333333,-0.3,201401290MIN-NOP,201401290MIN-MIN,NOP-2014,0,2014,-5.4399999999999995,27.810000000000002,morroan01-2014
ajincal01,16.283333333333335,-3.8,201401290MIN-NOP,201401290MIN-MIN,NOP-2014,0,2014,-61.87666666666667,27.810000000000002,ajincal01-2014
milleda01,6.9,-3.6,201401290MIN-NOP,201401290MIN-MIN,NOP-2014,0,2014,-24.840000000000003,27.810000000000002,milleda01-2014
butleji01,43.15,-3.9,201402010NOP-CHI,201402010NOP-NOP,CHI-2014,0,2014,-168.285,34.41683333333334,butleji01-2014
augusdj01,39.766666666666666,6.7,201402010NOP-CHI,201402010NOP-NOP,CHI-2014,0,2014,266.43666666666667,34.41683333333334,augusdj01-2014
noahjo01,37.25,5.7,201402010NOP-CHI,201402010NOP-NOP,CHI-2014,0,2014,212.32500000000002,34.41683333333334,noahjo01-2014
dunlemi02,31.583333333333332,2.6,201402010NOP-CHI,201402010NOP-NOP,CHI-2014,0,2014,82.11666666666666,34.41683333333334,dunlemi02-2014
gibsota01,30.35,5.5,201402010NOP-CHI,201402010NOP-NOP,CHI-2014,0,2014,166.925,34.41683333333334,gibsota01-2014
boozeca01,21.566666666666666,-7.7,201402010NOP-CHI,201402010NOP-NOP,CHI-2014,0,2014,-166.06333333333333,34.41683333333334,boozeca01-2014
hinriki01,18.466666666666665,-2.1,201402010NOP-CHI,201402010NOP-NOP,CHI-2014,0,2014,-38.78,34.41683333333334,hinriki01-2014
snellto01,8.966666666666667,0.2,201402010NOP-CHI,201402010NOP-NOP,CHI-2014,0,2014,1.7933333333333334,34.41683333333334,snellto01-2014
mohamna01,6.833333333333333,-1.8,201402010NOP-CHI,201402010NOP-NOP,CHI-2014,0,2014,-12.299999999999999,34.41683333333334,mohamna01-2014
shengto01,2.066666666666667,0,201402010NOP-CHI,201402010NOP-NOP,CHI-2014,0,2014,0,34.41683333333334,shengto01-2014
parketo01,35.55,7.8,201402030NOP-SAS,201402030NOP-NOP,SAS-2014,1,2014,277.28999999999996,36.43060606060606,parketo01-2014
diawbo01,31.75,-3.6,201402030NOP-SAS,201402030NOP-NOP,SAS-2014,1,2014,-114.3,36.43060606060606,diawbo01-2014
greenda02,29.866666666666667,0.6,201402030NOP-SAS,201402030NOP-NOP,SAS-2014,1,2014,17.919999999999998,36.43060606060606,greenda02-2014
duncati01,28.85,1.8,201402030NOP-SAS,201402030NOP-NOP,SAS-2014,1,2014,51.93000000000001,36.43060606060606,duncati01-2014
josepco01,23.716666666666665,0,201402030NOP-SAS,201402030NOP-NOP,SAS-2014,1,2014,0,36.43060606060606,josepco01-2014
splitti01,21,2.6,201402030NOP-SAS,201402030NOP-NOP,SAS-2014,1,2014,54.6,36.43060606060606,splitti01-2014
millspa02,20.5,-0.8,201402030NOP-SAS,201402030NOP-NOP,SAS-2014,1,2014,-16.400000000000002,36.43060606060606,millspa02-2014
belinma01,19.85,1.8,201402030NOP-SAS,201402030NOP-NOP,SAS-2014,1,2014,35.730000000000004,36.43060606060606,belinma01-2014
bonnema01,13.95,6,201402030NOP-SAS,201402030NOP-NOP,SAS-2014,1,2014,83.69999999999999,36.43060606060606,bonnema01-2014
decolna01,11.05,1,201402030NOP-SAS,201402030NOP-NOP,SAS-2014,1,2014,11.05,36.43060606060606,decolna01-2014
brownsh01,3.9166666666666665,-0.2,201402030NOP-SAS,201402030NOP-NOP,SAS-2014,1,2014,-0.7833333333333333,36.43060606060606,brownsh01-2014
carrode01,41.25,11.1,201402050NOP-ATL,201402050NOP-NOP,ATL-2014,0,2014,457.875,40.59425925925926,carrode01-2014
millspa01,34.28333333333333,4.3,201402050NOP-ATL,201402050NOP-NOP,ATL-2014,0,2014,147.41833333333332,40.59425925925926,millspa01-2014
korveky01,33.46666666666667,-3.3,201402050NOP-ATL,201402050NOP-NOP,ATL-2014,0,2014,-110.44,40.59425925925926,korveky01-2014
teaguje01,32.81666666666667,-2.4,201402050NOP-ATL,201402050NOP-NOP,ATL-2014,0,2014,-78.76,40.59425925925926,teaguje01-2014
scottmi01,24.733333333333334,1.9,201402050NOP-ATL,201402050NOP-NOP,ATL-2014,0,2014,46.99333333333333,40.59425925925926,scottmi01-2014
willilo02,21.283333333333335,1,201402050NOP-ATL,201402050NOP-NOP,ATL-2014,0,2014,21.283333333333335,40.59425925925926,willilo02-2014
brandel01,19.9,-2.7,201402050NOP-ATL,201402050NOP-NOP,ATL-2014,0,2014,-53.73,40.59425925925926,brandel01-2014
ayongu01,17.083333333333332,-1.6,201402050NOP-ATL,201402050NOP-NOP,ATL-2014,0,2014,-27.333333333333332,40.59425925925926,ayongu01-2014
macksh01,15.183333333333334,-2.5,201402050NOP-ATL,201402050NOP-NOP,ATL-2014,0,2014,-37.958333333333336,40.59425925925926,macksh01-2014
breweco01,41.18333333333333,3,201402070NOP-MIN,201402070NOP-NOP,MIN-2014,0,2014,123.54999999999998,35.6085,breweco01-2014
loveke01,35.516666666666666,5.9,201402070NOP-MIN,201402070NOP-NOP,MIN-2014,0,2014,209.54833333333335,35.6085,loveke01-2014
martike02,34.31666666666667,-0.8,201402070NOP-MIN,201402070NOP-NOP,MIN-2014,0,2014,-27.453333333333337,35.6085,martike02-2014
rubiori01,32.666666666666664,1.1,201402070NOP-MIN,201402070NOP-NOP,MIN-2014,0,2014,35.93333333333334,35.6085,rubiori01-2014
cunnida01,29.45,0.2,201402070NOP-MIN,201402070NOP-NOP,MIN-2014,0,2014,5.890000000000001,35.6085,cunnida01-2014
turiaro01,21.116666666666667,4.5,201402070NOP-MIN,201402070NOP-NOP,MIN-2014,0,2014,95.025,35.6085,turiaro01-2014
bareajo01,15.116666666666667,-3.1,201402070NOP-MIN,201402070NOP-NOP,MIN-2014,0,2014,-46.86166666666667,35.6085,bareajo01-2014
budinch01,13.683333333333334,-2.4,201402070NOP-MIN,201402070NOP-NOP,MIN-2014,0,2014,-32.839999999999996,35.6085,budinch01-2014
mbahalu01,10.316666666666666,-0.2,201402070NOP-MIN,201402070NOP-NOP,MIN-2014,0,2014,-2.0633333333333335,35.6085,mbahalu01-2014
dienggo01,6.633333333333333,-0.7,201402070NOP-MIN,201402070NOP-NOP,MIN-2014,0,2014,-4.643333333333333,35.6085,dienggo01-2014
davisan02,38.35,8.7,201402090BRK-NOP,201402090BRK-BRK,NOP-2014,0,2014,333.645,16.469696969696965,davisan02-2014
aminual01,30.033333333333335,2.9,201402090BRK-NOP,201402090BRK-BRK,NOP-2014,0,2014,87.09666666666666,16.469696969696965,aminual01-2014
gordoer01,27.683333333333334,-9.5,201402090BRK-NOP,201402090BRK-BRK,NOP-2014,0,2014,-262.9916666666667,16.469696969696965,gordoer01-2014
riverau01,25.466666666666665,-0.3,201402090BRK-NOP,201402090BRK-BRK,NOP-2014,0,2014,-7.639999999999999,16.469696969696965,riverau01-2014
roberbr01,23.65,6.8,201402090BRK-NOP,201402090BRK-BRK,NOP-2014,0,2014,160.82,16.469696969696965,roberbr01-2014
morroan01,20.316666666666666,-4.2,201402090BRK-NOP,201402090BRK-BRK,NOP-2014,0,2014,-85.33,16.469696969696965,morroan01-2014
stiemgr01,19.616666666666667,-1.9,201402090BRK-NOP,201402090BRK-BRK,NOP-2014,0,2014,-37.27166666666667,16.469696969696965,stiemgr01-2014
babbilu01,19.266666666666666,2.5,201402090BRK-NOP,201402090BRK-BRK,NOP-2014,0,2014,48.166666666666664,16.469696969696965,babbilu01-2014
milleda01,16.133333333333333,-0.1,201402090BRK-NOP,201402090BRK-BRK,NOP-2014,0,2014,-1.6133333333333333,16.469696969696965,milleda01-2014
ajincal01,11.183333333333334,-5.1,201402090BRK-NOP,201402090BRK-BRK,NOP-2014,0,2014,-57.035,16.469696969696965,ajincal01-2014
witheje01,8.3,0.4,201402090BRK-NOP,201402090BRK-BRK,NOP-2014,0,2014,3.3200000000000003,16.469696969696965,witheje01-2014
davisan02,35.18333333333333,0.9,201402100TOR-NOP,201402100TOR-TOR,NOP-2014,0,2014,31.665,34.835454545454546,davisan02-2014
evansty01,32.2,13.5,201402100TOR-NOP,201402100TOR-TOR,NOP-2014,0,2014,434.70000000000005,34.835454545454546,evansty01-2014
roberbr01,27.766666666666666,4.5,201402100TOR-NOP,201402100TOR-TOR,NOP-2014,0,2014,124.94999999999999,34.835454545454546,roberbr01-2014
gordoer01,26.4,-3,201402100TOR-NOP,201402100TOR-TOR,NOP-2014,0,2014,-79.19999999999999,34.835454545454546,gordoer01-2014
morroan01,21.6,-1.6,201402100TOR-NOP,201402100TOR-TOR,NOP-2014,0,2014,-34.56,34.835454545454546,morroan01-2014
riverau01,20.233333333333334,-1.8,201402100TOR-NOP,201402100TOR-TOR,NOP-2014,0,2014,-36.42,34.835454545454546,riverau01-2014
babbilu01,19.6,1.9,201402100TOR-NOP,201402100TOR-TOR,NOP-2014,0,2014,37.24,34.835454545454546,babbilu01-2014
aminual01,19.25,-2.6,201402100TOR-NOP,201402100TOR-TOR,NOP-2014,0,2014,-50.050000000000004,34.835454545454546,aminual01-2014
stiemgr01,15.216666666666667,-0.7,201402100TOR-NOP,201402100TOR-TOR,NOP-2014,0,2014,-10.651666666666666,34.835454545454546,stiemgr01-2014
witheje01,13.266666666666667,-0.5,201402100TOR-NOP,201402100TOR-TOR,NOP-2014,0,2014,-6.633333333333334,34.835454545454546,witheje01-2014
ajincal01,9.283333333333333,-3,201402100TOR-NOP,201402100TOR-TOR,NOP-2014,0,2014,-27.85,34.835454545454546,ajincal01-2014
roberbr01,38.166666666666664,1.2,201402120MIL-NOP,201402120MIL-MIL,NOP-2014,1,2014,45.8,34.37883333333333,roberbr01-2014
gordoer01,34.15,7,201402120MIL-NOP,201402120MIL-MIL,NOP-2014,1,2014,239.04999999999998,34.37883333333333,gordoer01-2014
aminual01,29.1,5.2,201402120MIL-NOP,201402120MIL-MIL,NOP-2014,1,2014,151.32000000000002,34.37883333333333,aminual01-2014
babbilu01,27.05,-0.5,201402120MIL-NOP,201402120MIL-MIL,NOP-2014,1,2014,-13.525,34.37883333333333,babbilu01-2014
evansty01,25.316666666666666,-3.3,201402120MIL-NOP,201402120MIL-MIL,NOP-2014,1,2014,-83.545,34.37883333333333,evansty01-2014
ajincal01,21.783333333333335,6.7,201402120MIL-NOP,201402120MIL-MIL,NOP-2014,1,2014,145.94833333333335,34.37883333333333,ajincal01-2014
stiemgr01,20.216666666666665,1,201402120MIL-NOP,201402120MIL-MIL,NOP-2014,1,2014,20.216666666666665,34.37883333333333,stiemgr01-2014
davisan02,19.933333333333334,-2.5,201402120MIL-NOP,201402120MIL-MIL,NOP-2014,1,2014,-49.833333333333336,34.37883333333333,davisan02-2014
morroan01,14.45,-4.8,201402120MIL-NOP,201402120MIL-MIL,NOP-2014,1,2014,-69.36,34.37883333333333,morroan01-2014
riverau01,9.833333333333334,-4.3,201402120MIL-NOP,201402120MIL-MIL,NOP-2014,1,2014,-42.28333333333333,34.37883333333333,riverau01-2014
anthoca01,39.93333333333333,15.8,201402190NOP-NYK,201402190NOP-NOP,NYK-2014,1,2014,630.9466666666666,84.58166666666666,anthoca01-2014
smithjr01,39.85,6.7,201402190NOP-NYK,201402190NOP-NOP,NYK-2014,1,2014,266.995,84.58166666666666,smithjr01-2014
hardati02,36.166666666666664,3.2,201402190NOP-NYK,201402190NOP-NOP,NYK-2014,1,2014,115.73333333333333,84.58166666666666,hardati02-2014
chandty01,35.6,-6.7,201402190NOP-NYK,201402190NOP-NOP,NYK-2014,1,2014,-238.52,84.58166666666666,chandty01-2014
feltora01,33.266666666666666,-2.3,201402190NOP-NYK,201402190NOP-NOP,NYK-2014,1,2014,-76.51333333333332,84.58166666666666,feltora01-2014
prigipa01,22.883333333333333,3.5,201402190NOP-NYK,201402190NOP-NOP,NYK-2014,1,2014,80.09166666666667,84.58166666666666,prigipa01-2014
shumpim01,17.3,-4.6,201402190NOP-NYK,201402190NOP-NOP,NYK-2014,1,2014,-79.58,84.58166666666666,shumpim01-2014
tylerje01,15,-1.5,201402190NOP-NYK,201402190NOP-NOP,NYK-2014,1,2014,-22.5,84.58166666666666,tylerje01-2014
davisan02,34.483333333333334,6.8,201402210CHA-NOP,201402210CHA-CHA,NOP-2014,0,2014,234.48666666666668,36.4119696969697,davisan02-2014
roberbr01,33.18333333333333,6.2,201402210CHA-NOP,201402210CHA-CHA,NOP-2014,0,2014,205.73666666666665,36.4119696969697,roberbr01-2014
gordoer01,31.016666666666666,0.9,201402210CHA-NOP,201402210CHA-CHA,NOP-2014,0,2014,27.915,36.4119696969697,gordoer01-2014
aminual01,29.4,2.9,201402210CHA-NOP,201402210CHA-CHA,NOP-2014,0,2014,85.25999999999999,36.4119696969697,aminual01-2014
evansty01,24.75,-2.8,201402210CHA-NOP,201402210CHA-CHA,NOP-2014,0,2014,-69.3,36.4119696969697,evansty01-2014
stiemgr01,19.333333333333332,-0.2,201402210CHA-NOP,201402210CHA-CHA,NOP-2014,0,2014,-3.8666666666666667,36.4119696969697,stiemgr01-2014
morroan01,18.133333333333333,-1,201402210CHA-NOP,201402210CHA-CHA,NOP-2014,0,2014,-18.133333333333333,36.4119696969697,morroan01-2014
babbilu01,17.966666666666665,-0.7,201402210CHA-NOP,201402210CHA-CHA,NOP-2014,0,2014,-12.576666666666664,36.4119696969697,babbilu01-2014
ajincal01,13.933333333333334,-2.7,201402210CHA-NOP,201402210CHA-CHA,NOP-2014,0,2014,-37.620000000000005,36.4119696969697,ajincal01-2014
riverau01,10.05,-0.9,201402210CHA-NOP,201402210CHA-CHA,NOP-2014,0,2014,-9.045000000000002,36.4119696969697,riverau01-2014
witheje01,7.75,-0.3,201402210CHA-NOP,201402210CHA-CHA,NOP-2014,0,2014,-2.3249999999999997,36.4119696969697,witheje01-2014
davisan02,33.5,8.5,201402220WAS-NOP,201402220WAS-WAS,NOP-2014,0,2014,284.75,27.339848484848485,davisan02-2014
gordoer01,29.266666666666666,-5.1,201402220WAS-NOP,201402220WAS-WAS,NOP-2014,0,2014,-149.26,27.339848484848485,gordoer01-2014
roberbr01,28.833333333333332,-2.1,201402220WAS-NOP,201402220WAS-WAS,NOP-2014,0,2014,-60.55,27.339848484848485,roberbr01-2014
ajincal01,26.583333333333332,-2,201402220WAS-NOP,201402220WAS-WAS,NOP-2014,0,2014,-53.166666666666664,27.339848484848485,ajincal01-2014
morroan01,24.866666666666667,9.6,201402220WAS-NOP,201402220WAS-WAS,NOP-2014,0,2014,238.72,27.339848484848485,morroan01-2014
evansty01,24.483333333333334,1.5,201402220WAS-NOP,201402220WAS-WAS,NOP-2014,0,2014,36.725,27.339848484848485,evansty01-2014
aminual01,20.4,0.4,201402220WAS-NOP,201402220WAS-WAS,NOP-2014,0,2014,8.16,27.339848484848485,aminual01-2014
riverau01,16.15,1,201402220WAS-NOP,201402220WAS-WAS,NOP-2014,0,2014,16.15,27.339848484848485,riverau01-2014
stiemgr01,15.316666666666666,0.9,201402220WAS-NOP,201402220WAS-WAS,NOP-2014,0,2014,13.785,27.339848484848485,stiemgr01-2014
witheje01,13.25,-1.5,201402220WAS-NOP,201402220WAS-WAS,NOP-2014,0,2014,-19.875,27.339848484848485,witheje01-2014
babbilu01,7.35,-2,201402220WAS-NOP,201402220WAS-WAS,NOP-2014,0,2014,-14.7,27.339848484848485,babbilu01-2014
jordade01,37.083333333333336,6.2,201402240NOP-LAC,201402240NOP-NOP,LAC-2014,1,2014,229.91666666666669,77.90299999999999,jordade01-2014
barnema02,34.333333333333336,5.2,201402240NOP-LAC,201402240NOP-NOP,LAC-2014,1,2014,178.53333333333336,77.90299999999999,barnema02-2014
crawfja01,33.983333333333334,4.2,201402240NOP-LAC,201402240NOP-NOP,LAC-2014,1,2014,142.73000000000002,77.90299999999999,crawfja01-2014
griffbl01,33.06666666666667,-2.7,201402240NOP-LAC,201402240NOP-NOP,LAC-2014,1,2014,-89.28000000000002,77.90299999999999,griffbl01-2014
paulch01,30.333333333333332,10.7,201402240NOP-LAC,201402240NOP-NOP,LAC-2014,1,2014,324.5666666666666,77.90299999999999,paulch01-2014
collida01,21.9,-1.3,201402240NOP-LAC,201402240NOP-NOP,LAC-2014,1,2014,-28.47,77.90299999999999,collida01-2014
dudleja01,17.45,1.8,201402240NOP-LAC,201402240NOP-NOP,LAC-2014,1,2014,31.41,77.90299999999999,dudleja01-2014
turkohe01,14.933333333333334,1.2,201402240NOP-LAC,201402240NOP-NOP,LAC-2014,1,2014,17.919999999999998,77.90299999999999,turkohe01-2014
holliry01,10.883333333333333,-2.6,201402240NOP-LAC,201402240NOP-NOP,LAC-2014,1,2014,-28.296666666666667,77.90299999999999,holliry01-2014
bullore01,6.033333333333333,0,201402240NOP-LAC,201402240NOP-NOP,LAC-2014,1,2014,0,77.90299999999999,bullore01-2014
gordoer01,34.016666666666666,1.4,201402260DAL-NOP,201402260DAL-DAL,NOP-2014,0,2014,47.62333333333333,6.534722222222223,gordoer01-2014
roberbr01,29.066666666666666,5,201402260DAL-NOP,201402260DAL-DAL,NOP-2014,0,2014,145.33333333333334,6.534722222222223,roberbr01-2014
evansty01,27.333333333333332,-1.3,201402260DAL-NOP,201402260DAL-DAL,NOP-2014,0,2014,-35.53333333333333,6.534722222222223,evansty01-2014
ajincal01,25.683333333333334,4.3,201402260DAL-NOP,201402260DAL-DAL,NOP-2014,0,2014,110.43833333333333,6.534722222222223,ajincal01-2014
babbilu01,25.566666666666666,2,201402260DAL-NOP,201402260DAL-DAL,NOP-2014,0,2014,51.13333333333333,6.534722222222223,babbilu01-2014
morroan01,18.566666666666666,-7.6,201402260DAL-NOP,201402260DAL-DAL,NOP-2014,0,2014,-141.10666666666665,6.534722222222223,morroan01-2014
aminual01,17.6,-3.1,201402260DAL-NOP,201402260DAL-DAL,NOP-2014,0,2014,-54.56000000000001,6.534722222222223,aminual01-2014
riverau01,16.716666666666665,-2.3,201402260DAL-NOP,201402260DAL-DAL,NOP-2014,0,2014,-38.44833333333332,6.534722222222223,riverau01-2014
stiemgr01,14.733333333333333,-0.7,201402260DAL-NOP,201402260DAL-DAL,NOP-2014,0,2014,-10.313333333333333,6.534722222222223,stiemgr01-2014
davisan02,12.616666666666667,0.6,201402260DAL-NOP,201402260DAL-DAL,NOP-2014,0,2014,7.57,6.534722222222223,davisan02-2014
milleda01,10.65,0.7,201402260DAL-NOP,201402260DAL-DAL,NOP-2014,0,2014,7.455,6.534722222222223,milleda01-2014
witheje01,7.45,-1.5,201402260DAL-NOP,201402260DAL-DAL,NOP-2014,0,2014,-11.175,6.534722222222223,witheje01-2014
davisan02,40.68333333333333,14.1,201402280PHO-NOP,201402280PHO-PHO,NOP-2014,0,2014,573.635,37.64621212121212,davisan02-2014
gordoer01,38.11666666666667,9.1,201402280PHO-NOP,201402280PHO-PHO,NOP-2014,0,2014,346.8616666666667,37.64621212121212,gordoer01-2014
evansty01,36.35,-3.2,201402280PHO-NOP,201402280PHO-PHO,NOP-2014,0,2014,-116.32000000000001,37.64621212121212,evansty01-2014
riverau01,29.6,-5.9,201402280PHO-NOP,201402280PHO-PHO,NOP-2014,0,2014,-174.64000000000001,37.64621212121212,riverau01-2014
morroan01,22.716666666666665,-4.7,201402280PHO-NOP,201402280PHO-PHO,NOP-2014,0,2014,-106.76833333333333,37.64621212121212,morroan01-2014
roberbr01,20.816666666666666,-6.2,201402280PHO-NOP,201402280PHO-PHO,NOP-2014,0,2014,-129.06333333333333,37.64621212121212,roberbr01-2014
ajincal01,14.366666666666667,-0.4,201402280PHO-NOP,201402280PHO-PHO,NOP-2014,0,2014,-5.746666666666667,37.64621212121212,ajincal01-2014
babbilu01,13.75,1.8,201402280PHO-NOP,201402280PHO-PHO,NOP-2014,0,2014,24.75,37.64621212121212,babbilu01-2014
aminual01,12.533333333333333,0.5,201402280PHO-NOP,201402280PHO-PHO,NOP-2014,0,2014,6.266666666666667,37.64621212121212,aminual01-2014
witheje01,6.433333333333334,0.9,201402280PHO-NOP,201402280PHO-PHO,NOP-2014,0,2014,5.79,37.64621212121212,witheje01-2014
milleda01,4.633333333333333,-2.3,201402280PHO-NOP,201402280PHO-PHO,NOP-2014,0,2014,-10.656666666666665,37.64621212121212,milleda01-2014
evansty01,39.78333333333333,7.3,201403010LAC-NOP,201403010LAC-LAC,NOP-2014,0,2014,290.4183333333333,4.344166666666656,evansty01-2014
gordoer01,32.2,-7,201403010LAC-NOP,201403010LAC-LAC,NOP-2014,0,2014,-225.40000000000003,4.344166666666656,gordoer01-2014
stiemgr01,30.466666666666665,3.3,201403010LAC-NOP,201403010LAC-LAC,NOP-2014,0,2014,100.53999999999999,4.344166666666656,stiemgr01-2014
riverau01,29.966666666666665,1.9,201403010LAC-NOP,201403010LAC-LAC,NOP-2014,0,2014,56.93666666666666,4.344166666666656,riverau01-2014
ajincal01,28.633333333333333,5,201403010LAC-NOP,201403010LAC-LAC,NOP-2014,0,2014,143.16666666666666,4.344166666666656,ajincal01-2014
roberbr01,22.416666666666668,-4.9,201403010LAC-NOP,201403010LAC-LAC,NOP-2014,0,2014,-109.84166666666668,4.344166666666656,roberbr01-2014
davisan02,20.316666666666666,-2,201403010LAC-NOP,201403010LAC-LAC,NOP-2014,0,2014,-40.63333333333333,4.344166666666656,davisan02-2014
milleda01,15.933333333333334,-7.1,201403010LAC-NOP,201403010LAC-LAC,NOP-2014,0,2014,-113.12666666666667,4.344166666666656,milleda01-2014
babbilu01,11.3,-3.2,201403010LAC-NOP,201403010LAC-LAC,NOP-2014,0,2014,-36.160000000000004,4.344166666666656,babbilu01-2014
witheje01,8.983333333333333,-2.5,201403010LAC-NOP,201403010LAC-LAC,NOP-2014,0,2014,-22.458333333333332,4.344166666666656,witheje01-2014
evansty01,40.68333333333333,13.4,201403030SAC-NOP,201403030SAC-SAC,NOP-2014,0,2014,545.1566666666666,33.340333333333334,evansty01-2014
davisan02,37.61666666666667,-4.2,201403030SAC-NOP,201403030SAC-SAC,NOP-2014,0,2014,-157.99,33.340333333333334,davisan02-2014
roberbr01,35.45,0.9,201403030SAC-NOP,201403030SAC-SAC,NOP-2014,0,2014,31.905000000000005,33.340333333333334,roberbr01-2014
gordoer01,24.666666666666668,1.4,201403030SAC-NOP,201403030SAC-SAC,NOP-2014,0,2014,34.53333333333333,33.340333333333334,gordoer01-2014
ajincal01,20.266666666666666,-0.1,201403030SAC-NOP,201403030SAC-SAC,NOP-2014,0,2014,-2.026666666666667,33.340333333333334,ajincal01-2014
stiemgr01,19.683333333333334,0.9,201403030SAC-NOP,201403030SAC-SAC,NOP-2014,0,2014,17.715,33.340333333333334,stiemgr01-2014
witheje01,18.433333333333334,1.2,201403030SAC-NOP,201403030SAC-SAC,NOP-2014,0,2014,22.12,33.340333333333334,witheje01-2014
riverau01,17.766666666666666,-6.8,201403030SAC-NOP,201403030SAC-SAC,NOP-2014,0,2014,-120.81333333333332,33.340333333333334,riverau01-2014
morroan01,14.4,-2.2,201403030SAC-NOP,201403030SAC-SAC,NOP-2014,0,2014,-31.680000000000003,33.340333333333334,morroan01-2014
aminual01,11.033333333333333,-0.5,201403030SAC-NOP,201403030SAC-SAC,NOP-2014,0,2014,-5.516666666666667,33.340333333333334,aminual01-2014
evansty01,43.4,0.5,201403040LAL-NOP,201403040LAL-LAL,NOP-2014,1,2014,21.7,46.87233333333334,evansty01-2014
davisan02,42.45,3.3,201403040LAL-NOP,201403040LAL-LAL,NOP-2014,1,2014,140.085,46.87233333333334,davisan02-2014
gordoer01,37.75,9.8,201403040LAL-NOP,201403040LAL-LAL,NOP-2014,1,2014,369.95000000000005,46.87233333333334,gordoer01-2014
roberbr01,28.95,-3.5,201403040LAL-NOP,201403040LAL-LAL,NOP-2014,1,2014,-101.325,46.87233333333334,roberbr01-2014
riverau01,19.05,1.4,201403040LAL-NOP,201403040LAL-LAL,NOP-2014,1,2014,26.669999999999998,46.87233333333334,riverau01-2014
morroan01,16.35,0,201403040LAL-NOP,201403040LAL-LAL,NOP-2014,1,2014,0,46.87233333333334,morroan01-2014
ajincal01,15.816666666666666,-0.7,201403040LAL-NOP,201403040LAL-LAL,NOP-2014,1,2014,-11.071666666666665,46.87233333333334,ajincal01-2014
aminual01,15.133333333333333,1.8,201403040LAL-NOP,201403040LAL-LAL,NOP-2014,1,2014,27.24,46.87233333333334,aminual01-2014
witheje01,12.75,0.3,201403040LAL-NOP,201403040LAL-LAL,NOP-2014,1,2014,3.8249999999999997,46.87233333333334,witheje01-2014
stiemgr01,8.35,-1,201403040LAL-NOP,201403040LAL-LAL,NOP-2014,1,2014,-8.35,46.87233333333334,stiemgr01-2014
knighbr03,41.31666666666667,-3.1,201403070NOP-MIL,201403070NOP-NOP,MIL-2014,0,2014,-128.08166666666668,24.37066666666667,knighbr03-2014
middlkh01,37.86666666666667,6.1,201403070NOP-MIL,201403070NOP-NOP,MIL-2014,0,2014,230.98666666666665,24.37066666666667,middlkh01-2014
pachuza01,30.233333333333334,-2.5,201403070NOP-MIL,201403070NOP-NOP,MIL-2014,0,2014,-75.58333333333334,24.37066666666667,pachuza01-2014
adrieje01,29.8,10.3,201403070NOP-MIL,201403070NOP-NOP,MIL-2014,0,2014,306.94000000000005,24.37066666666667,adrieje01-2014
sessira01,27.8,1.3,201403070NOP-MIL,201403070NOP-NOP,MIL-2014,0,2014,36.14,24.37066666666667,sessira01-2014
hensojo01,22.666666666666668,0.6,201403070NOP-MIL,201403070NOP-NOP,MIL-2014,0,2014,13.6,24.37066666666667,hensojo01-2014
antetgi01,20.416666666666668,-3.5,201403070NOP-MIL,201403070NOP-NOP,MIL-2014,0,2014,-71.45833333333334,24.37066666666667,antetgi01-2014
woltena01,19.1,-1.4,201403070NOP-MIL,201403070NOP-NOP,MIL-2014,0,2014,-26.740000000000002,24.37066666666667,woltena01-2014
radulmi01,7.883333333333333,-4.6,201403070NOP-MIL,201403070NOP-NOP,MIL-2014,0,2014,-36.26333333333333,24.37066666666667,radulmi01-2014
mayooj01,2.9166666666666665,-2,201403070NOP-MIL,201403070NOP-NOP,MIL-2014,0,2014,-5.833333333333333,24.37066666666667,mayooj01-2014
chandwi01,45.7,0.4,201403090NOP-DEN,201403090NOP-NOP,DEN-2014,0,2014,18.28,-2.6724242424242424,chandwi01-2014
foyera01,44.96666666666667,-7.9,201403090NOP-DEN,201403090NOP-NOP,DEN-2014,0,2014,-355.2366666666667,-2.6724242424242424,foyera01-2014
lawsoty01,43.71666666666667,-1.3,201403090NOP-DEN,201403090NOP-NOP,DEN-2014,0,2014,-56.83166666666667,-2.6724242424242424,lawsoty01-2014
farieke01,38.53333333333333,4.4,201403090NOP-DEN,201403090NOP-NOP,DEN-2014,0,2014,169.54666666666668,-2.6724242424242424,farieke01-2014
brookaa01,22.433333333333334,7.1,201403090NOP-DEN,201403090NOP-NOP,DEN-2014,0,2014,159.27666666666667,-2.6724242424242424,brookaa01-2014
mozgoti01,19.916666666666668,-0.6,201403090NOP-DEN,201403090NOP-NOP,DEN-2014,0,2014,-11.950000000000001,-2.6724242424242424,mozgoti01-2014
hicksjj01,19.216666666666665,-1.2,201403090NOP-DEN,201403090NOP-NOP,DEN-2014,0,2014,-23.06,-2.6724242424242424,hicksjj01-2014
fournev01,13.15,3.3,201403090NOP-DEN,201403090NOP-NOP,DEN-2014,0,2014,43.394999999999996,-2.6724242424242424,fournev01-2014
arthuda01,9.266666666666667,0.5,201403090NOP-DEN,201403090NOP-NOP,DEN-2014,0,2014,4.633333333333334,-2.6724242424242424,arthuda01-2014
veselja01,7.516666666666667,3,201403090NOP-DEN,201403090NOP-NOP,DEN-2014,0,2014,22.55,-2.6724242424242424,veselja01-2014
randoan01,0.5833333333333334,0,201403090NOP-DEN,201403090NOP-NOP,DEN-2014,0,2014,0,-2.6724242424242424,randoan01-2014
gasolma01,38.78333333333333,0.7,201403120NOP-MEM,201403120NOP-NOP,MEM-2014,1,2014,27.14833333333333,19.796363636363633,gasolma01-2014
conlemi01,33.11666666666667,-0.1,201403120NOP-MEM,201403120NOP-NOP,MEM-2014,1,2014,-3.311666666666667,19.796363636363633,conlemi01-2014
randoza01,32.983333333333334,-2.4,201403120NOP-MEM,201403120NOP-NOP,MEM-2014,1,2014,-79.16,19.796363636363633,randoza01-2014
millemi01,27.466666666666665,0.3,201403120NOP-MEM,201403120NOP-NOP,MEM-2014,1,2014,8.239999999999998,19.796363636363633,millemi01-2014
allento01,25.2,6.8,201403120NOP-MEM,201403120NOP-NOP,MEM-2014,1,2014,171.35999999999999,19.796363636363633,allento01-2014
leeco01,22.8,-2.4,201403120NOP-MEM,201403120NOP-NOP,MEM-2014,1,2014,-54.72,19.796363636363633,leeco01-2014
princta01,20.1,1.7,201403120NOP-MEM,201403120NOP-NOP,MEM-2014,1,2014,34.17,19.796363636363633,princta01-2014
calatni01,14.883333333333333,3.8,201403120NOP-MEM,201403120NOP-NOP,MEM-2014,1,2014,56.556666666666665,19.796363636363633,calatni01-2014
johnsja01,13.133333333333333,4.6,201403120NOP-MEM,201403120NOP-NOP,MEM-2014,1,2014,60.41333333333333,19.796363636363633,johnsja01-2014
leuerjo01,6.766666666666667,0.2,201403120NOP-MEM,201403120NOP-NOP,MEM-2014,1,2014,1.3533333333333335,19.796363636363633,leuerjo01-2014
koufoko01,4.766666666666667,-0.9,201403120NOP-MEM,201403120NOP-NOP,MEM-2014,1,2014,-4.29,19.796363636363633,koufoko01-2014
batumni01,45.18333333333333,6.2,201403140NOP-POR,201403140NOP-NOP,POR-2014,1,2014,280.13666666666666,69.5985,batumni01-2014
lillada01,41.483333333333334,4.1,201403140NOP-POR,201403140NOP-NOP,POR-2014,1,2014,170.08166666666665,69.5985,lillada01-2014
matthwe02,37.03333333333333,1.9,201403140NOP-POR,201403140NOP-NOP,POR-2014,1,2014,70.36333333333333,69.5985,matthwe02-2014
lopezro01,33.61666666666667,1.4,201403140NOP-POR,201403140NOP-NOP,POR-2014,1,2014,47.06333333333333,69.5985,lopezro01-2014
wrighdo01,27.766666666666666,6.5,201403140NOP-POR,201403140NOP-NOP,POR-2014,1,2014,180.48333333333332,69.5985,wrighdo01-2014
bartowi01,16.783333333333335,-4.4,201403140NOP-POR,201403140NOP-NOP,POR-2014,1,2014,-73.84666666666668,69.5985,bartowi01-2014
watsoea01,12.183333333333334,0.3,201403140NOP-POR,201403140NOP-NOP,POR-2014,1,2014,3.655,69.5985,watsoea01-2014
mccolcj01,11.566666666666666,2.2,201403140NOP-POR,201403140NOP-NOP,POR-2014,1,2014,25.44666666666667,69.5985,mccolcj01-2014
leoname01,7.45,-0.9,201403140NOP-POR,201403140NOP-NOP,POR-2014,1,2014,-6.705,69.5985,leoname01-2014
robinth01,6.933333333333334,-0.1,201403140NOP-POR,201403140NOP-NOP,POR-2014,1,2014,-0.6933333333333334,69.5985,robinth01-2014
rondora01,44.516666666666666,-6.3,201403160NOP-BOS,201403160NOP-NOP,BOS-2014,0,2014,-280.455,12.479000000000003,rondora01-2014
greenje02,39.35,7.3,201403160NOP-BOS,201403160NOP-NOP,BOS-2014,0,2014,287.255,12.479000000000003,greenje02-2014
humphkr01,35.65,3.9,201403160NOP-BOS,201403160NOP-NOP,BOS-2014,0,2014,139.035,12.479000000000003,humphkr01-2014
sullija01,30.433333333333334,1.1,201403160NOP-BOS,201403160NOP-NOP,BOS-2014,0,2014,33.47666666666667,12.479000000000003,sullija01-2014
bradlav01,28.15,0.1,201403160NOP-BOS,201403160NOP-NOP,BOS-2014,0,2014,2.815,12.479000000000003,bradlav01-2014
bayleje01,25.933333333333334,-0.3,201403160NOP-BOS,201403160NOP-NOP,BOS-2014,0,2014,-7.779999999999999,12.479000000000003,bayleje01-2014
bassbr01,23.2,-6.6,201403160NOP-BOS,201403160NOP-NOP,BOS-2014,0,2014,-153.11999999999998,12.479000000000003,bassbr01-2014
olynyke01,16.45,2.9,201403160NOP-BOS,201403160NOP-NOP,BOS-2014,0,2014,47.705,12.479000000000003,olynyke01-2014
johnsch04,12.833333333333334,2.7,201403160NOP-BOS,201403160NOP-NOP,BOS-2014,0,2014,34.650000000000006,12.479000000000003,johnsch04-2014
pressph01,8.483333333333333,2.5,201403160NOP-BOS,201403160NOP-NOP,BOS-2014,0,2014,21.208333333333332,12.479000000000003,pressph01-2014
derozde01,38.733333333333334,10.3,201403190NOP-TOR,201403190NOP-NOP,TOR-2014,1,2014,398.9533333333334,52.67316666666667,derozde01-2014
lowryky01,37.21666666666667,1.5,201403190NOP-TOR,201403190NOP-NOP,TOR-2014,1,2014,55.825,52.67316666666667,lowryky01-2014
hansbty01,36.15,-5.1,201403190NOP-TOR,201403190NOP-NOP,TOR-2014,1,2014,-184.36499999999998,52.67316666666667,hansbty01-2014
johnsam01,35.18333333333333,7.1,201403190NOP-TOR,201403190NOP-NOP,TOR-2014,1,2014,249.80166666666662,52.67316666666667,johnsam01-2014
vasqugr01,21.2,6.2,201403190NOP-TOR,201403190NOP-NOP,TOR-2014,1,2014,131.44,52.67316666666667,vasqugr01-2014
salmojo01,18.816666666666666,-5.7,201403190NOP-TOR,201403190NOP-NOP,TOR-2014,1,2014,-107.255,52.67316666666667,salmojo01-2014
hayesch01,17.55,1.8,201403190NOP-TOR,201403190NOP-NOP,TOR-2014,1,2014,31.590000000000003,52.67316666666667,hayesch01-2014
rosste01,17.333333333333332,-4.4,201403190NOP-TOR,201403190NOP-NOP,TOR-2014,1,2014,-76.26666666666667,52.67316666666667,rosste01-2014
decolna01,13.583333333333334,2.3,201403190NOP-TOR,201403190NOP-NOP,TOR-2014,1,2014,31.241666666666667,52.67316666666667,decolna01-2014
novakst01,4.233333333333333,-1,201403190NOP-TOR,201403190NOP-NOP,TOR-2014,1,2014,-4.233333333333333,52.67316666666667,novakst01-2014
davisan02,44.06666666666667,4.7,201403210ATL-NOP,201403210ATL-ATL,NOP-2014,1,2014,207.11333333333334,32.19861111111111,davisan02-2014
evansty01,39.266666666666666,3.8,201403210ATL-NOP,201403210ATL-ATL,NOP-2014,1,2014,149.2133333333333,32.19861111111111,evansty01-2014
roberbr01,33.516666666666666,-2.9,201403210ATL-NOP,201403210ATL-ATL,NOP-2014,1,2014,-97.19833333333332,32.19861111111111,roberbr01-2014
riverau01,22.416666666666668,4.5,201403210ATL-NOP,201403210ATL-ATL,NOP-2014,1,2014,100.875,32.19861111111111,riverau01-2014
aminual01,22.15,1.9,201403210ATL-NOP,201403210ATL-ATL,NOP-2014,1,2014,42.084999999999994,32.19861111111111,aminual01-2014
morroan01,15.35,-3.5,201403210ATL-NOP,201403210ATL-ATL,NOP-2014,1,2014,-53.725,32.19861111111111,morroan01-2014
stiemgr01,13.966666666666667,-0.2,201403210ATL-NOP,201403210ATL-ATL,NOP-2014,1,2014,-2.7933333333333334,32.19861111111111,stiemgr01-2014
ajincal01,13.25,0.5,201403210ATL-NOP,201403210ATL-ATL,NOP-2014,1,2014,6.625,32.19861111111111,ajincal01-2014
babbilu01,12.2,2.9,201403210ATL-NOP,201403210ATL-ATL,NOP-2014,1,2014,35.379999999999995,32.19861111111111,babbilu01-2014
milleda01,10.466666666666667,0.4,201403210ATL-NOP,201403210ATL-ATL,NOP-2014,1,2014,4.1866666666666665,32.19861111111111,milleda01-2014
gordoer01,7.683333333333334,-0.7,201403210ATL-NOP,201403210ATL-ATL,NOP-2014,1,2014,-5.378333333333333,32.19861111111111,gordoer01-2014
witheje01,5.666666666666667,0,201403210ATL-NOP,201403210ATL-ATL,NOP-2014,1,2014,0,32.19861111111111,witheje01-2014
jamesle01,41.983333333333334,8.4,201403220NOP-MIA,201403220NOP-NOP,MIA-2014,0,2014,352.66,36.1415,jamesle01-2014
chalmma01,36.166666666666664,6.3,201403220NOP-MIA,201403220NOP-NOP,MIA-2014,0,2014,227.84999999999997,36.1415,chalmma01-2014
boshch01,33.88333333333333,0.5,201403220NOP-MIA,201403220NOP-NOP,MIA-2014,0,2014,16.941666666666666,36.1415,boshch01-2014
allenra02,31.2,-4.8,201403220NOP-MIA,201403220NOP-NOP,MIA-2014,0,2014,-149.76,36.1415,allenra02-2014
beaslmi01,18.033333333333335,1.3,201403220NOP-MIA,201403220NOP-NOP,MIA-2014,0,2014,23.443333333333335,36.1415,beaslmi01-2014
battish01,17.566666666666666,-3.3,201403220NOP-MIA,201403220NOP-NOP,MIA-2014,0,2014,-57.97,36.1415,battish01-2014
hasleud01,17.4,-4.3,201403220NOP-MIA,201403220NOP-NOP,MIA-2014,0,2014,-74.82,36.1415,hasleud01-2014
anderch01,15.133333333333333,3.2,201403220NOP-MIA,201403220NOP-NOP,MIA-2014,0,2014,48.42666666666667,36.1415,anderch01-2014
coleno01,14.766666666666667,1.1,201403220NOP-MIA,201403220NOP-NOP,MIA-2014,0,2014,16.243333333333336,36.1415,coleno01-2014
douglto01,13.866666666666667,-3,201403220NOP-MIA,201403220NOP-NOP,MIA-2014,0,2014,-41.6,36.1415,douglto01-2014
willide01,40.85,8,201403240NOP-BRK,201403240NOP-NOP,BRK-2014,0,2014,326.8,34.05,willide01-2014
johnsjo02,36.03333333333333,-1.6,201403240NOP-BRK,201403240NOP-NOP,BRK-2014,0,2014,-57.653333333333336,34.05,johnsjo02-2014
piercpa01,34.55,8,201403240NOP-BRK,201403240NOP-NOP,BRK-2014,0,2014,276.4,34.05,piercpa01-2014
livinsh01,32.65,-1.3,201403240NOP-BRK,201403240NOP-NOP,BRK-2014,0,2014,-42.445,34.05,livinsh01-2014
plumlma01,30.966666666666665,-3.7,201403240NOP-BRK,201403240NOP-NOP,BRK-2014,0,2014,-114.57666666666667,34.05,plumlma01-2014
anderal01,23.533333333333335,-3.5,201403240NOP-BRK,201403240NOP-NOP,BRK-2014,0,2014,-82.36666666666667,34.05,anderal01-2014
blatcan01,21.833333333333332,2.4,201403240NOP-BRK,201403240NOP-NOP,BRK-2014,0,2014,52.4,34.05,blatcan01-2014
teletmi01,18.65,0.1,201403240NOP-BRK,201403240NOP-NOP,BRK-2014,0,2014,1.865,34.05,teletmi01-2014
gutiejo01,16.383333333333333,-0.4,201403240NOP-BRK,201403240NOP-NOP,BRK-2014,0,2014,-6.553333333333334,34.05,gutiejo01-2014
thornma01,9.55,-1.4,201403240NOP-BRK,201403240NOP-NOP,BRK-2014,0,2014,-13.370000000000001,34.05,thornma01-2014
griffbl01,38.88333333333333,3.9,201403260NOP-LAC,201403260NOP-NOP,LAC-2014,0,2014,151.64499999999998,53.45537037037036,griffbl01-2014
jordade01,35.833333333333336,-1,201403260NOP-LAC,201403260NOP-NOP,LAC-2014,0,2014,-35.833333333333336,53.45537037037036,jordade01-2014
paulch01,35.3,-4.4,201403260NOP-LAC,201403260NOP-NOP,LAC-2014,0,2014,-155.32,53.45537037037036,paulch01-2014
crawfja01,34.75,9.1,201403260NOP-LAC,201403260NOP-NOP,LAC-2014,0,2014,316.22499999999997,53.45537037037036,crawfja01-2014
barnema02,31.116666666666667,5.8,201403260NOP-LAC,201403260NOP-NOP,LAC-2014,0,2014,180.47666666666666,53.45537037037036,barnema02-2014
collida01,27.133333333333333,2.4,201403260NOP-LAC,201403260NOP-NOP,LAC-2014,0,2014,65.11999999999999,53.45537037037036,collida01-2014
grangda01,16.083333333333332,-4.5,201403260NOP-LAC,201403260NOP-NOP,LAC-2014,0,2014,-72.375,53.45537037037036,grangda01-2014
davisgl01,13.616666666666667,1.7,201403260NOP-LAC,201403260NOP-NOP,LAC-2014,0,2014,23.148333333333333,53.45537037037036,davisgl01-2014
turkohe01,7.283333333333333,1.1,201403260NOP-LAC,201403260NOP-NOP,LAC-2014,0,2014,8.011666666666667,53.45537037037036,turkohe01-2014
jefferi01,41.416666666666664,-0.9,201403280NOP-UTA,201403280NOP-NOP,UTA-2014,0,2014,-37.275,6.513333333333339,jefferi01-2014
burketr01,38.5,1,201403280NOP-UTA,201403280NOP-NOP,UTA-2014,0,2014,38.5,6.513333333333339,burketr01-2014
haywago01,36.333333333333336,3.5,201403280NOP-UTA,201403280NOP-NOP,UTA-2014,0,2014,127.16666666666667,6.513333333333339,haywago01-2014
favorde01,31.45,8.9,201403280NOP-UTA,201403280NOP-NOP,UTA-2014,0,2014,279.90500000000003,6.513333333333339,favorde01-2014
willima02,28.833333333333332,-4.6,201403280NOP-UTA,201403280NOP-NOP,UTA-2014,0,2014,-132.63333333333333,6.513333333333339,willima02-2014
kanteen01,26.466666666666665,-6,201403280NOP-UTA,201403280NOP-NOP,UTA-2014,0,2014,-158.79999999999998,6.513333333333339,kanteen01-2014
garredi02,19.166666666666668,-3.2,201403280NOP-UTA,201403280NOP-NOP,UTA-2014,0,2014,-61.33333333333334,6.513333333333339,garredi02-2014
evansje01,9.1,-1.1,201403280NOP-UTA,201403280NOP-NOP,UTA-2014,0,2014,-10.01,6.513333333333339,evansje01-2014
clarkia01,8.733333333333333,1.5,201403280NOP-UTA,201403280NOP-NOP,UTA-2014,0,2014,13.099999999999998,6.513333333333339,clarkia01-2014
aminual01,33.766666666666666,6,201403290SAS-NOP,201403290SAS-SAS,NOP-2014,0,2014,202.6,3.6118333333333337,aminual01-2014
riverau01,30.25,3.7,201403290SAS-NOP,201403290SAS-SAS,NOP-2014,0,2014,111.92500000000001,3.6118333333333337,riverau01-2014
roberbr01,28.683333333333334,6.5,201403290SAS-NOP,201403290SAS-SAS,NOP-2014,0,2014,186.44166666666666,3.6118333333333337,roberbr01-2014
evansty01,28.65,-5.2,201403290SAS-NOP,201403290SAS-SAS,NOP-2014,0,2014,-148.98,3.6118333333333337,evansty01-2014
ajincal01,27.15,-5.2,201403290SAS-NOP,201403290SAS-SAS,NOP-2014,0,2014,-141.18,3.6118333333333337,ajincal01-2014
milleda01,24.85,-7.5,201403290SAS-NOP,201403290SAS-SAS,NOP-2014,0,2014,-186.375,3.6118333333333337,milleda01-2014
babbilu01,19.366666666666667,2.2,201403290SAS-NOP,201403290SAS-SAS,NOP-2014,0,2014,42.60666666666667,3.6118333333333337,babbilu01-2014
stiemgr01,18.783333333333335,-0.6,201403290SAS-NOP,201403290SAS-SAS,NOP-2014,0,2014,-11.270000000000001,3.6118333333333337,stiemgr01-2014
morroan01,17.75,-2.5,201403290SAS-NOP,201403290SAS-SAS,NOP-2014,0,2014,-44.375,3.6118333333333337,morroan01-2014
witheje01,10.75,2.3,201403290SAS-NOP,201403290SAS-SAS,NOP-2014,0,2014,24.724999999999998,3.6118333333333337,witheje01-2014
mccalra01,43.93333333333333,6.4,201403310NOP-SAC,201403310NOP-NOP,SAC-2014,1,2014,281.17333333333335,69.60699999999999,mccalra01-2014
gayru01,39.8,1.4,201403310NOP-SAC,201403310NOP-NOP,SAC-2014,1,2014,55.71999999999999,69.60699999999999,gayru01-2014
mclembe01,38.36666666666667,-1.6,201403310NOP-SAC,201403310NOP-NOP,SAC-2014,1,2014,-61.38666666666667,69.60699999999999,mclembe01-2014
couside01,37.43333333333333,14.7,201403310NOP-SAC,201403310NOP-NOP,SAC-2014,1,2014,550.2699999999999,69.60699999999999,couside01-2014
evansre01,23.133333333333333,-2,201403310NOP-SAC,201403310NOP-NOP,SAC-2014,1,2014,-46.266666666666666,69.60699999999999,evansre01-2014
acyqu01,18,0,201403310NOP-SAC,201403310NOP-NOP,SAC-2014,1,2014,0,69.60699999999999,acyqu01-2014
outlatr01,16.95,-1.3,201403310NOP-SAC,201403310NOP-NOP,SAC-2014,1,2014,-22.035,69.60699999999999,outlatr01-2014
thompja02,9.2,-4.8,201403310NOP-SAC,201403310NOP-NOP,SAC-2014,1,2014,-44.16,69.60699999999999,thompja02-2014
willide02,8.966666666666667,-1.5,201403310NOP-SAC,201403310NOP-NOP,SAC-2014,1,2014,-13.45,69.60699999999999,willide02-2014
cunnija01,4.216666666666667,-0.9,201403310NOP-SAC,201403310NOP-NOP,SAC-2014,1,2014,-3.7950000000000004,69.60699999999999,cunnija01-2014
evansty01,32.7,1.2,201404020DEN-NOP,201404020DEN-DEN,NOP-2014,0,2014,39.24,-16.854242424242422,evansty01-2014
witheje01,29.916666666666668,4.6,201404020DEN-NOP,201404020DEN-DEN,NOP-2014,0,2014,137.61666666666667,-16.854242424242422,witheje01-2014
morroan01,29.133333333333333,-0.6,201404020DEN-NOP,201404020DEN-DEN,NOP-2014,0,2014,-17.48,-16.854242424242422,morroan01-2014
riverau01,27.55,-6.2,201404020DEN-NOP,201404020DEN-DEN,NOP-2014,0,2014,-170.81,-16.854242424242422,riverau01-2014
aminual01,21.083333333333332,-4.2,201404020DEN-NOP,201404020DEN-DEN,NOP-2014,0,2014,-88.55,-16.854242424242422,aminual01-2014
milleda01,20.583333333333332,0.7,201404020DEN-NOP,201404020DEN-DEN,NOP-2014,0,2014,14.408333333333331,-16.854242424242422,milleda01-2014
stiemgr01,20.166666666666668,-2.5,201404020DEN-NOP,201404020DEN-DEN,NOP-2014,0,2014,-50.41666666666667,-16.854242424242422,stiemgr01-2014
roberbr01,20.15,-3.3,201404020DEN-NOP,201404020DEN-DEN,NOP-2014,0,2014,-66.49499999999999,-16.854242424242422,roberbr01-2014
ajincal01,19.716666666666665,1.8,201404020DEN-NOP,201404020DEN-DEN,NOP-2014,0,2014,35.489999999999995,-16.854242424242422,ajincal01-2014
davisan02,10.5,1,201404020DEN-NOP,201404020DEN-DEN,NOP-2014,0,2014,10.5,-16.854242424242422,davisan02-2014
babbilu01,8.5,-3.4,201404020DEN-NOP,201404020DEN-DEN,NOP-2014,0,2014,-28.9,-16.854242424242422,babbilu01-2014
roberbr01,30.516666666666666,6.4,201404040UTA-NOP,201404040UTA-UTA,NOP-2014,0,2014,195.30666666666667,17.59409090909091,roberbr01-2014
morroan01,30.283333333333335,11.7,201404040UTA-NOP,201404040UTA-UTA,NOP-2014,0,2014,354.315,17.59409090909091,morroan01-2014
evansty01,29.733333333333334,-10.4,201404040UTA-NOP,201404040UTA-UTA,NOP-2014,0,2014,-309.2266666666667,17.59409090909091,evansty01-2014
aminual01,25.65,-0.6,201404040UTA-NOP,201404040UTA-UTA,NOP-2014,0,2014,-15.389999999999999,17.59409090909091,aminual01-2014
stiemgr01,25.15,2.3,201404040UTA-NOP,201404040UTA-UTA,NOP-2014,0,2014,57.84499999999999,17.59409090909091,stiemgr01-2014
davisan02,23.483333333333334,1.4,201404040UTA-NOP,201404040UTA-UTA,NOP-2014,0,2014,32.876666666666665,17.59409090909091,davisan02-2014
milleda01,20.016666666666666,-3.3,201404040UTA-NOP,201404040UTA-UTA,NOP-2014,0,2014,-66.05499999999999,17.59409090909091,milleda01-2014
witheje01,17.816666666666666,3.1,201404040UTA-NOP,201404040UTA-UTA,NOP-2014,0,2014,55.23166666666667,17.59409090909091,witheje01-2014
riverau01,15.083333333333334,-5.3,201404040UTA-NOP,201404040UTA-UTA,NOP-2014,0,2014,-79.94166666666666,17.59409090909091,riverau01-2014
babbilu01,11.466666666666667,-3.4,201404040UTA-NOP,201404040UTA-UTA,NOP-2014,0,2014,-38.986666666666665,17.59409090909091,babbilu01-2014
ajincal01,10.8,0.7,201404040UTA-NOP,201404040UTA-UTA,NOP-2014,0,2014,7.56,17.59409090909091,ajincal01-2014
roberbr01,36.31666666666667,-3.2,201404060POR-NOP,201404060POR-POR,NOP-2014,0,2014,-116.21333333333335,15.300833333333333,roberbr01-2014
davisan02,34,-0.5,201404060POR-NOP,201404060POR-POR,NOP-2014,0,2014,-17,15.300833333333333,davisan02-2014
evansty01,33.61666666666667,1.8,201404060POR-NOP,201404060POR-POR,NOP-2014,0,2014,60.510000000000005,15.300833333333333,evansty01-2014
morroan01,33.25,3.7,201404060POR-NOP,201404060POR-POR,NOP-2014,0,2014,123.025,15.300833333333333,morroan01-2014
riverau01,24.166666666666668,1.4,201404060POR-NOP,201404060POR-POR,NOP-2014,0,2014,33.833333333333336,15.300833333333333,riverau01-2014
milleda01,23.5,-2.2,201404060POR-NOP,201404060POR-POR,NOP-2014,0,2014,-51.7,15.300833333333333,milleda01-2014
aminual01,20.833333333333332,1.1,201404060POR-NOP,201404060POR-POR,NOP-2014,0,2014,22.916666666666668,15.300833333333333,aminual01-2014
stiemgr01,17.283333333333335,2,201404060POR-NOP,201404060POR-POR,NOP-2014,0,2014,34.56666666666667,15.300833333333333,stiemgr01-2014
ajincal01,14,4.7,201404060POR-NOP,201404060POR-POR,NOP-2014,0,2014,65.8,15.300833333333333,ajincal01-2014
witheje01,3.033333333333333,-0.9,201404060POR-NOP,201404060POR-POR,NOP-2014,0,2014,-2.73,15.300833333333333,witheje01-2014
dragigo01,38.983333333333334,11.1,201404090NOP-PHO,201404090NOP-NOP,PHO-2014,1,2014,432.715,61.302166666666665,dragigo01-2014
bledser01,38.11666666666667,4.7,201404090NOP-PHO,201404090NOP-NOP,PHO-2014,1,2014,179.14833333333334,61.302166666666665,bledser01-2014
tuckepj01,32.5,4.4,201404090NOP-PHO,201404090NOP-NOP,PHO-2014,1,2014,143,61.302166666666665,tuckepj01-2014
morrima02,28.983333333333334,-2.8,201404090NOP-PHO,201404090NOP-NOP,PHO-2014,1,2014,-81.15333333333334,61.302166666666665,morrima02-2014
fryech01,25.75,-3.6,201404090NOP-PHO,201404090NOP-NOP,PHO-2014,1,2014,-92.7,61.302166666666665,fryech01-2014
plumlmi01,24.233333333333334,-1.3,201404090NOP-PHO,201404090NOP-NOP,PHO-2014,1,2014,-31.503333333333337,61.302166666666665,plumlmi01-2014
greenge01,24.216666666666665,3.8,201404090NOP-PHO,201404090NOP-NOP,PHO-2014,1,2014,92.02333333333333,61.302166666666665,greenge01-2014
morrima03,17.783333333333335,-1.3,201404090NOP-PHO,201404090NOP-NOP,PHO-2014,1,2014,-23.118333333333336,61.302166666666665,morrima03-2014
smithis01,4.9,-1.1,201404090NOP-PHO,201404090NOP-NOP,PHO-2014,1,2014,-5.390000000000001,61.302166666666665,smithis01-2014
randosh01,4.533333333333333,0,201404090NOP-PHO,201404090NOP-NOP,PHO-2014,1,2014,0,61.302166666666665,randosh01-2014
riverau01,40.36666666666667,2,201404110OKC-NOP,201404110OKC-OKC,NOP-2014,0,2014,80.73333333333333,-5.583484848484845,riverau01-2014
milleda01,30.733333333333334,3.7,201404110OKC-NOP,201404110OKC-OKC,NOP-2014,0,2014,113.71333333333334,-5.583484848484845,milleda01-2014
stiemgr01,25.216666666666665,-1,201404110OKC-NOP,201404110OKC-OKC,NOP-2014,0,2014,-25.216666666666665,-5.583484848484845,stiemgr01-2014
witheje01,25.083333333333332,-4.8,201404110OKC-NOP,201404110OKC-OKC,NOP-2014,0,2014,-120.39999999999999,-5.583484848484845,witheje01-2014
morroan01,24.4,-5.9,201404110OKC-NOP,201404110OKC-OKC,NOP-2014,0,2014,-143.96,-5.583484848484845,morroan01-2014
ajincal01,22.266666666666666,-4.1,201404110OKC-NOP,201404110OKC-OKC,NOP-2014,0,2014,-91.29333333333332,-5.583484848484845,ajincal01-2014
evansty01,20.933333333333334,2.6,201404110OKC-NOP,201404110OKC-OKC,NOP-2014,0,2014,54.42666666666667,-5.583484848484845,evansty01-2014
babbilu01,19.033333333333335,5.1,201404110OKC-NOP,201404110OKC-OKC,NOP-2014,0,2014,97.07000000000001,-5.583484848484845,babbilu01-2014
aminual01,14.816666666666666,-3.3,201404110OKC-NOP,201404110OKC-OKC,NOP-2014,0,2014,-48.894999999999996,-5.583484848484845,aminual01-2014
southja01,9.516666666666667,4.6,201404110OKC-NOP,201404110OKC-OKC,NOP-2014,0,2014,43.776666666666664,-5.583484848484845,southja01-2014
roberbr01,7.633333333333333,-2.8,201404110OKC-NOP,201404110OKC-OKC,NOP-2014,0,2014,-21.37333333333333,-5.583484848484845,roberbr01-2014
riverau01,44.53333333333333,-4.4,201404120HOU-NOP,201404120HOU-HOU,NOP-2014,0,2014,-195.9466666666667,15.788124999999997,riverau01-2014
morroan01,41.43333333333333,5.4,201404120HOU-NOP,201404120HOU-HOU,NOP-2014,0,2014,223.74,15.788124999999997,morroan01-2014
babbilu01,34.18333333333333,1.4,201404120HOU-NOP,201404120HOU-HOU,NOP-2014,0,2014,47.85666666666666,15.788124999999997,babbilu01-2014
ajincal01,32.6,2.8,201404120HOU-NOP,201404120HOU-HOU,NOP-2014,0,2014,91.28,15.788124999999997,ajincal01-2014
milleda01,29.883333333333333,-0.4,201404120HOU-NOP,201404120HOU-HOU,NOP-2014,0,2014,-11.953333333333333,15.788124999999997,milleda01-2014
aminual01,28.116666666666667,-1.6,201404120HOU-NOP,201404120HOU-HOU,NOP-2014,0,2014,-44.98666666666667,15.788124999999997,aminual01-2014
witheje01,18.85,0.7,201404120HOU-NOP,201404120HOU-HOU,NOP-2014,0,2014,13.195,15.788124999999997,witheje01-2014
southja01,10.4,0.3,201404120HOU-NOP,201404120HOU-HOU,NOP-2014,0,2014,3.12,15.788124999999997,southja01-2014
duranke01,42.88333333333333,1.1,201404140NOP-OKC,201404140NOP-NOP,OKC-2014,0,2014,47.17166666666667,23.557121212121213,duranke01-2014
ibakase01,40.45,12.2,201404140NOP-OKC,201404140NOP-NOP,OKC-2014,0,2014,493.49,23.557121212121213,ibakase01-2014
fishede01,29.05,-3.5,201404140NOP-OKC,201404140NOP-NOP,OKC-2014,0,2014,-101.675,23.557121212121213,fishede01-2014
butleca01,27.133333333333333,7.7,201404140NOP-OKC,201404140NOP-NOP,OKC-2014,0,2014,208.92666666666668,23.557121212121213,butleca01-2014
jacksre01,26.433333333333334,-6.7,201404140NOP-OKC,201404140NOP-NOP,OKC-2014,0,2014,-177.10333333333335,23.557121212121213,jacksre01-2014
sefolth01,24.3,-5.5,201404140NOP-OKC,201404140NOP-NOP,OKC-2014,0,2014,-133.65,23.557121212121213,sefolth01-2014
perkike01,22.133333333333333,-3.5,201404140NOP-OKC,201404140NOP-NOP,OKC-2014,0,2014,-77.46666666666667,23.557121212121213,perkike01-2014
lambje01,11.75,-2.3,201404140NOP-OKC,201404140NOP-NOP,OKC-2014,0,2014,-27.025,23.557121212121213,lambje01-2014
collini01,7.733333333333333,-0.9,201404140NOP-OKC,201404140NOP-NOP,OKC-2014,0,2014,-6.96,23.557121212121213,collini01-2014
roberan03,6.383333333333334,5.4,201404140NOP-OKC,201404140NOP-NOP,OKC-2014,0,2014,34.470000000000006,23.557121212121213,roberan03-2014
adamsst01,1.75,-0.6,201404140NOP-OKC,201404140NOP-NOP,OKC-2014,0,2014,-1.05,23.557121212121213,adamsst01-2014
danietr01,43.916666666666664,4.1,201404160NOP-HOU,201404160NOP-NOP,HOU-2014,0,2014,180.0583333333333,18.685166666666664,danietr01-2014
casspom01,28.65,-1.8,201404160NOP-HOU,201404160NOP-NOP,HOU-2014,0,2014,-51.57,18.685166666666664,casspom01-2014
hamiljo02,27.05,4.9,201404160NOP-HOU,201404160NOP-NOP,HOU-2014,0,2014,132.54500000000002,18.685166666666664,hamiljo02-2014
joneste01,26.433333333333334,5.3,201404160NOP-HOU,201404160NOP-NOP,HOU-2014,0,2014,140.09666666666666,18.685166666666664,joneste01-2014
canaais01,25.85,-4.4,201404160NOP-HOU,201404160NOP-NOP,HOU-2014,0,2014,-113.74000000000001,18.685166666666664,canaais01-2014
howardw01,25.516666666666666,-1,201404160NOP-HOU,201404160NOP-NOP,HOU-2014,0,2014,-25.516666666666666,18.685166666666664,howardw01-2014
beverpa01,22.15,1.2,201404160NOP-HOU,201404160NOP-NOP,HOU-2014,0,2014,26.58,18.685166666666664,beverpa01-2014
poweljo01,19.366666666666667,-3.8,201404160NOP-HOU,201404160NOP-NOP,HOU-2014,0,2014,-73.59333333333333,18.685166666666664,poweljo01-2014
motiedo01,16.983333333333334,-1,201404160NOP-HOU,201404160NOP-NOP,HOU-2014,0,2014,-16.983333333333334,18.685166666666664,motiedo01-2014
covinro01,4.083333333333333,-2.7,201404160NOP-HOU,201404160NOP-NOP,HOU-2014,0,2014,-11.025,18.685166666666664,covinro01-2014
