player,min,VORP,id,opp_id,season_id,win,year,adj_VORP,avg_VORP,link
garneke01,41.11666666666667,5.9,200210300MIN-MIN,200210300MIN-DEN,MIN-2003,1,2003,242.58833333333334,47.580999999999996,garneke01-2003
hudsotr01,38.78333333333333,3.3,200210300MIN-MIN,200210300MIN-DEN,MIN-2003,1,2003,127.98499999999999,47.580999999999996,hudsotr01-2003
nestera01,36.916666666666664,-2.1,200210300MIN-MIN,200210300MIN-DEN,MIN-2003,1,2003,-77.52499999999999,47.580999999999996,nestera01-2003
peelean01,29.583333333333332,5.5,200210300MIN-MIN,200210300MIN-DEN,MIN-2003,1,2003,162.70833333333331,47.580999999999996,peelean01-2003
woodslo01,27.45,-1.1,200210300MIN-MIN,200210300MIN-DEN,MIN-2003,1,2003,-30.195,47.580999999999996,woodslo01-2003
trentga01,24.333333333333332,2.9,200210300MIN-MIN,200210300MIN-DEN,MIN-2003,1,2003,70.56666666666666,47.580999999999996,trentga01-2003
gillke01,18.416666666666668,2,200210300MIN-MIN,200210300MIN-DEN,MIN-2003,1,2003,36.833333333333336,47.580999999999996,gillke01-2003
jacksma02,10.166666666666666,-2.3,200210300MIN-MIN,200210300MIN-DEN,MIN-2003,1,2003,-23.38333333333333,47.580999999999996,jacksma02-2003
stricro02,9.216666666666667,-2.4,200210300MIN-MIN,200210300MIN-DEN,MIN-2003,1,2003,-22.12,47.580999999999996,stricro02-2003
slatere01,4.016666666666667,-2.9,200210300MIN-MIN,200210300MIN-DEN,MIN-2003,1,2003,-11.648333333333333,47.580999999999996,slatere01-2003
poseyja01,41.516666666666666,-1.2,200211010DEN-DEN,200211010DEN-HOU,DEN-2003,0,2003,-49.82,-10.885833333333332,poseyja01-2003
satteke01,32.766666666666666,1.1,200211010DEN-DEN,200211010DEN-HOU,DEN-2003,0,2003,36.04333333333334,-10.885833333333332,satteke01-2003
whitnch01,29.45,-6,200211010DEN-DEN,200211010DEN-HOU,DEN-2003,0,2003,-176.7,-10.885833333333332,whitnch01-2003
blounma01,26.483333333333334,1.5,200211010DEN-DEN,200211010DEN-HOU,DEN-2003,0,2003,39.725,-10.885833333333332,blounma01-2003
anderch01,21.916666666666668,-1,200211010DEN-DEN,200211010DEN-HOU,DEN-2003,0,2003,-21.916666666666668,-10.885833333333332,anderch01-2003
hilarne01,21.516666666666666,-0.1,200211010DEN-DEN,200211010DEN-HOU,DEN-2003,0,2003,-2.151666666666667,-10.885833333333332,hilarne01-2003
bowenry01,21.333333333333332,3.2,200211010DEN-DEN,200211010DEN-HOU,DEN-2003,0,2003,68.26666666666667,-10.885833333333332,bowenry01-2003
tskitni01,18.766666666666666,0.2,200211010DEN-DEN,200211010DEN-HOU,DEN-2003,0,2003,3.7533333333333334,-10.885833333333332,tskitni01-2003
harriju01,18.166666666666668,-0.2,200211010DEN-DEN,200211010DEN-HOU,DEN-2003,0,2003,-3.6333333333333337,-10.885833333333332,harriju01-2003
harvedo01,8.083333333333334,-0.3,200211010DEN-DEN,200211010DEN-HOU,DEN-2003,0,2003,-2.4250000000000003,-10.885833333333332,harvedo01-2003
wallara01,42.483333333333334,-1.6,200211020POR-POR,200211020POR-DEN,POR-2003,0,2003,-67.97333333333334,-5.665555555555557,wallara01-2003
anderde01,36.9,3.2,200211020POR-POR,200211020POR-DEN,POR-2003,0,2003,118.08,-5.665555555555557,anderde01-2003
davisda01,35.68333333333333,1.8,200211020POR-POR,200211020POR-DEN,POR-2003,0,2003,64.22999999999999,-5.665555555555557,davisda01-2003
wellsbo01,34.78333333333333,-2.1,200211020POR-POR,200211020POR-DEN,POR-2003,0,2003,-73.045,-5.665555555555557,wellsbo01-2003
stoudda01,25.383333333333333,-5,200211020POR-POR,200211020POR-DEN,POR-2003,0,2003,-126.91666666666666,-5.665555555555557,stoudda01-2003
patteru01,20.4,1.3,200211020POR-POR,200211020POR-DEN,POR-2003,0,2003,26.52,-5.665555555555557,patteru01-2003
mcinnje01,18.483333333333334,-1.7,200211020POR-POR,200211020POR-DEN,POR-2003,0,2003,-31.421666666666667,-5.665555555555557,mcinnje01-2003
daniean01,15.266666666666667,2.2,200211020POR-POR,200211020POR-DEN,POR-2003,0,2003,33.58666666666667,-5.665555555555557,daniean01-2003
woodsqy01,4.15,-0.6,200211020POR-POR,200211020POR-DEN,POR-2003,0,2003,-2.49,-5.665555555555557,woodsqy01-2003
pippesc01,3.4333333333333336,-1.4,200211020POR-POR,200211020POR-DEN,POR-2003,0,2003,-4.806666666666667,-5.665555555555557,pippesc01-2003
randoza01,1.7333333333333334,-1.1,200211020POR-POR,200211020POR-DEN,POR-2003,0,2003,-1.906666666666667,-5.665555555555557,randoza01-2003
sabonar01,1.3166666666666667,-1.4,200211020POR-POR,200211020POR-DEN,POR-2003,0,2003,-1.8433333333333333,-5.665555555555557,sabonar01-2003
poseyja01,39.8,2.6,200211050DEN-DEN,200211050DEN-ATL,DEN-2003,0,2003,103.47999999999999,16.267916666666665,poseyja01-2003
howarju01,39.016666666666666,8.4,200211050DEN-DEN,200211050DEN-ATL,DEN-2003,0,2003,327.74,16.267916666666665,howarju01-2003
bowenry01,27.033333333333335,0.7,200211050DEN-DEN,200211050DEN-ATL,DEN-2003,0,2003,18.923333333333332,16.267916666666665,bowenry01-2003
whitnch01,25.283333333333335,-0.3,200211050DEN-DEN,200211050DEN-ATL,DEN-2003,0,2003,-7.585,16.267916666666665,whitnch01-2003
satteke01,20.45,-7.2,200211050DEN-DEN,200211050DEN-ATL,DEN-2003,0,2003,-147.24,16.267916666666665,satteke01-2003
blounma01,20.266666666666666,-2.9,200211050DEN-DEN,200211050DEN-ATL,DEN-2003,0,2003,-58.773333333333326,16.267916666666665,blounma01-2003
hilarne01,18.466666666666665,3.1,200211050DEN-DEN,200211050DEN-ATL,DEN-2003,0,2003,57.24666666666666,16.267916666666665,hilarne01-2003
whitero02,18.083333333333332,-3.1,200211050DEN-DEN,200211050DEN-ATL,DEN-2003,0,2003,-56.05833333333333,16.267916666666665,whitero02-2003
anderch01,14,0.4,200211050DEN-DEN,200211050DEN-ATL,DEN-2003,0,2003,5.6000000000000005,16.267916666666665,anderch01-2003
harriju01,6.933333333333334,-2.6,200211050DEN-DEN,200211050DEN-ATL,DEN-2003,0,2003,-18.026666666666667,16.267916666666665,harriju01-2003
tskitni01,6.416666666666667,-3.1,200211050DEN-DEN,200211050DEN-ATL,DEN-2003,0,2003,-19.89166666666667,16.267916666666665,tskitni01-2003
harvedo01,4.25,-2.4,200211050DEN-DEN,200211050DEN-ATL,DEN-2003,0,2003,-10.2,16.267916666666665,harvedo01-2003
howarju01,37.5,-1.5,200211070DEN-DEN,200211070DEN-DET,DEN-2003,0,2003,-56.25,-2.799999999999998,howarju01-2003
poseyja01,36.06666666666667,3.9,200211070DEN-DEN,200211070DEN-DET,DEN-2003,0,2003,140.66,-2.799999999999998,poseyja01-2003
bowenry01,33.516666666666666,2.4,200211070DEN-DEN,200211070DEN-DET,DEN-2003,0,2003,80.44,-2.799999999999998,bowenry01-2003
hilarne01,23.533333333333335,4.2,200211070DEN-DEN,200211070DEN-DET,DEN-2003,0,2003,98.84000000000002,-2.799999999999998,hilarne01-2003
harriju01,23.383333333333333,-3.3,200211070DEN-DEN,200211070DEN-DET,DEN-2003,0,2003,-77.16499999999999,-2.799999999999998,harriju01-2003
whitnch01,19.55,-3.3,200211070DEN-DEN,200211070DEN-DET,DEN-2003,0,2003,-64.515,-2.799999999999998,whitnch01-2003
blounma01,16.866666666666667,-2.7,200211070DEN-DEN,200211070DEN-DET,DEN-2003,0,2003,-45.540000000000006,-2.799999999999998,blounma01-2003
whitero02,15.6,-6.2,200211070DEN-DEN,200211070DEN-DET,DEN-2003,0,2003,-96.72,-2.799999999999998,whitero02-2003
anderch01,14.333333333333334,2.2,200211070DEN-DEN,200211070DEN-DET,DEN-2003,0,2003,31.53333333333334,-2.799999999999998,anderch01-2003
tskitni01,10.816666666666666,-3.4,200211070DEN-DEN,200211070DEN-DET,DEN-2003,0,2003,-36.776666666666664,-2.799999999999998,tskitni01-2003
satteke01,5.066666666666666,-1.6,200211070DEN-DEN,200211070DEN-DET,DEN-2003,0,2003,-8.106666666666667,-2.799999999999998,satteke01-2003
harvedo01,3.7666666666666666,0,200211070DEN-DEN,200211070DEN-DET,DEN-2003,0,2003,0,-2.799999999999998,harvedo01-2003
howarju01,38.4,-1.4,200211090DEN-DEN,200211090DEN-MEM,DEN-2003,1,2003,-53.76,35.041666666666664,howarju01-2003
poseyja01,37.45,4.5,200211090DEN-DEN,200211090DEN-MEM,DEN-2003,1,2003,168.525,35.041666666666664,poseyja01-2003
whitnch01,35.46666666666667,-3,200211090DEN-DEN,200211090DEN-MEM,DEN-2003,1,2003,-106.4,35.041666666666664,whitnch01-2003
hilarne01,26.766666666666666,4.4,200211090DEN-DEN,200211090DEN-MEM,DEN-2003,1,2003,117.77333333333334,35.041666666666664,hilarne01-2003
whitero02,26.266666666666666,11.2,200211090DEN-DEN,200211090DEN-MEM,DEN-2003,1,2003,294.1866666666666,35.041666666666664,whitero02-2003
bowenry01,18.95,0.2,200211090DEN-DEN,200211090DEN-MEM,DEN-2003,1,2003,3.79,35.041666666666664,bowenry01-2003
harvedo01,14.666666666666666,0.1,200211090DEN-DEN,200211090DEN-MEM,DEN-2003,1,2003,1.4666666666666668,35.041666666666664,harvedo01-2003
blounma01,13,-0.7,200211090DEN-DEN,200211090DEN-MEM,DEN-2003,1,2003,-9.1,35.041666666666664,blounma01-2003
harriju01,12.533333333333333,0,200211090DEN-DEN,200211090DEN-MEM,DEN-2003,1,2003,0,35.041666666666664,harriju01-2003
tskitni01,9.066666666666666,-1.7,200211090DEN-DEN,200211090DEN-MEM,DEN-2003,1,2003,-15.413333333333332,35.041666666666664,tskitni01-2003
anderch01,7.433333333333334,-2.1,200211090DEN-DEN,200211090DEN-MEM,DEN-2003,1,2003,-15.610000000000001,35.041666666666664,anderch01-2003
howarju01,38.75,2.6,200211130DEN-DEN,200211130DEN-PHO,DEN-2003,0,2003,100.75,-3.6189999999999967,howarju01-2003
poseyja01,38.75,-6.7,200211130DEN-DEN,200211130DEN-PHO,DEN-2003,0,2003,-259.625,-3.6189999999999967,poseyja01-2003
harriju01,37.38333333333333,-3.9,200211130DEN-DEN,200211130DEN-PHO,DEN-2003,0,2003,-145.795,-3.6189999999999967,harriju01-2003
bowenry01,35.2,1.1,200211130DEN-DEN,200211130DEN-PHO,DEN-2003,0,2003,38.720000000000006,-3.6189999999999967,bowenry01-2003
hilarne01,29.35,3.7,200211130DEN-DEN,200211130DEN-PHO,DEN-2003,0,2003,108.59500000000001,-3.6189999999999967,hilarne01-2003
blounma01,16.016666666666666,6.7,200211130DEN-DEN,200211130DEN-PHO,DEN-2003,0,2003,107.31166666666667,-3.6189999999999967,blounma01-2003
harvedo01,15.266666666666667,2.1,200211130DEN-DEN,200211130DEN-PHO,DEN-2003,0,2003,32.06,-3.6189999999999967,harvedo01-2003
whitero02,13.9,-1.1,200211130DEN-DEN,200211130DEN-PHO,DEN-2003,0,2003,-15.290000000000001,-3.6189999999999967,whitero02-2003
satteke01,10.616666666666667,-0.5,200211130DEN-DEN,200211130DEN-PHO,DEN-2003,0,2003,-5.308333333333334,-3.6189999999999967,satteke01-2003
tskitni01,4.783333333333333,0.5,200211130DEN-DEN,200211130DEN-PHO,DEN-2003,0,2003,2.3916666666666666,-3.6189999999999967,tskitni01-2003
petermo01,44.2,-0.6,200211150TOR-TOR,200211150TOR-DEN,TOR-2003,1,2003,-26.52,40.361666666666665,petermo01-2003
lenarvo01,41.45,4.9,200211150TOR-TOR,200211150TOR-DEN,TOR-2003,1,2003,203.10500000000002,40.361666666666665,lenarvo01-2003
willije01,37.03333333333333,6,200211150TOR-TOR,200211150TOR-DEN,TOR-2003,1,2003,222.2,40.361666666666665,willije01-2003
davisan01,36.93333333333333,4.6,200211150TOR-TOR,200211150TOR-DEN,TOR-2003,1,2003,169.89333333333332,40.361666666666665,davisan01-2003
willial02,36.5,-1.6,200211150TOR-TOR,200211150TOR-DEN,TOR-2003,1,2003,-58.400000000000006,40.361666666666665,willial02-2003
hunteli01,18.466666666666665,-7.1,200211150TOR-TOR,200211150TOR-DEN,TOR-2003,1,2003,-131.11333333333332,40.361666666666665,hunteli01-2003
fostegr01,11.066666666666666,-3,200211150TOR-TOR,200211150TOR-DEN,TOR-2003,1,2003,-33.2,40.361666666666665,fostegr01-2003
bradlmi01,10.966666666666667,1.7,200211150TOR-TOR,200211150TOR-DEN,TOR-2003,1,2003,18.643333333333334,40.361666666666665,bradlmi01-2003
jeffech01,3.3833333333333333,-0.4,200211150TOR-TOR,200211150TOR-DEN,TOR-2003,1,2003,-1.3533333333333335,40.361666666666665,jeffech01-2003
wallabe01,41.25,1.1,200211160DET-DET,200211160DET-DEN,DET-2003,1,2003,45.37500000000001,43.173611111111114,wallabe01-2003
robincl02,31.783333333333335,9.9,200211160DET-DET,200211160DET-DEN,DET-2003,1,2003,314.65500000000003,43.173611111111114,robincl02-2003
hamilri01,27.933333333333334,-1.6,200211160DET-DET,200211160DET-DEN,DET-2003,1,2003,-44.693333333333335,43.173611111111114,hamilri01-2003
atkinch01,26.15,0.5,200211160DET-DET,200211160DET-DEN,DET-2003,1,2003,13.075,43.173611111111114,atkinch01-2003
willico02,25.716666666666665,5.4,200211160DET-DET,200211160DET-DEN,DET-2003,1,2003,138.87,43.173611111111114,willico02-2003
billuch01,21.95,0.5,200211160DET-DET,200211160DET-DEN,DET-2003,1,2003,10.975,43.173611111111114,billuch01-2003
currymi01,20.116666666666667,-0.8,200211160DET-DET,200211160DET-DEN,DET-2003,1,2003,-16.093333333333334,43.173611111111114,currymi01-2003
barryjo01,18.483333333333334,2.2,200211160DET-DET,200211160DET-DEN,DET-2003,1,2003,40.66333333333334,43.173611111111114,barryjo01-2003
rebraze01,16.133333333333333,0.3,200211160DET-DET,200211160DET-DEN,DET-2003,1,2003,4.84,43.173611111111114,rebraze01-2003
okurme01,6.733333333333333,1.4,200211160DET-DET,200211160DET-DEN,DET-2003,1,2003,9.426666666666666,43.173611111111114,okurme01-2003
princta01,2.4,0.3,200211160DET-DET,200211160DET-DEN,DET-2003,1,2003,0.72,43.173611111111114,princta01-2003
davishu01,1.35,0.2,200211160DET-DET,200211160DET-DEN,DET-2003,1,2003,0.27,43.173611111111114,davishu01-2003
kiddja01,30.483333333333334,8.2,200211180NJN-NJN,200211180NJN-DEN,NJN-2003,1,2003,249.9633333333333,60.33772727272727,kiddja01-2003
martike01,29.366666666666667,4.3,200211180NJN-NJN,200211180NJN-DEN,NJN-2003,1,2003,126.27666666666666,60.33772727272727,martike01-2003
kittlke01,27.95,10.7,200211180NJN-NJN,200211180NJN-DEN,NJN-2003,1,2003,299.065,60.33772727272727,kittlke01-2003
jefferi01,27.216666666666665,5.2,200211180NJN-NJN,200211180NJN-DEN,NJN-2003,1,2003,141.52666666666667,60.33772727272727,jefferi01-2003
mutomdi01,24.866666666666667,-0.4,200211180NJN-NJN,200211180NJN-DEN,NJN-2003,1,2003,-9.946666666666667,60.33772727272727,mutomdi01-2003
rogerro01,22.2,-1.3,200211180NJN-NJN,200211180NJN-DEN,NJN-2003,1,2003,-28.86,60.33772727272727,rogerro01-2003
harrilu01,20.05,-1.7,200211180NJN-NJN,200211180NJN-DEN,NJN-2003,1,2003,-34.085,60.33772727272727,harrilu01-2003
collija04,18.883333333333333,-3.4,200211180NJN-NJN,200211180NJN-DEN,NJN-2003,1,2003,-64.20333333333333,60.33772727272727,collija04-2003
johnsan02,17.516666666666666,3.3,200211180NJN-NJN,200211180NJN-DEN,NJN-2003,1,2003,57.80499999999999,60.33772727272727,johnsan02-2003
williaa01,14.4,-3.9,200211180NJN-NJN,200211180NJN-DEN,NJN-2003,1,2003,-56.16,60.33772727272727,williaa01-2003
scalabr01,7.066666666666666,-2.5,200211180NJN-NJN,200211180NJN-DEN,NJN-2003,1,2003,-17.666666666666664,60.33772727272727,scalabr01-2003
howarju01,37.583333333333336,5.2,200211200DEN-DEN,200211200DEN-UTA,DEN-2003,0,2003,195.43333333333337,8.49194444444445,howarju01-2003
satteke01,35.15,-0.1,200211200DEN-DEN,200211200DEN-UTA,DEN-2003,0,2003,-3.515,8.49194444444445,satteke01-2003
poseyja01,26.516666666666666,3.4,200211200DEN-DEN,200211200DEN-UTA,DEN-2003,0,2003,90.15666666666667,8.49194444444445,poseyja01-2003
hilarne01,25.55,-3.3,200211200DEN-DEN,200211200DEN-UTA,DEN-2003,0,2003,-84.315,8.49194444444445,hilarne01-2003
savovpr01,23.25,4.7,200211200DEN-DEN,200211200DEN-UTA,DEN-2003,0,2003,109.275,8.49194444444445,savovpr01-2003
blounma01,22.45,-6.5,200211200DEN-DEN,200211200DEN-UTA,DEN-2003,0,2003,-145.92499999999998,8.49194444444445,blounma01-2003
bowenry01,17.95,0,200211200DEN-DEN,200211200DEN-UTA,DEN-2003,0,2003,0,8.49194444444445,bowenry01-2003
whitero02,14.016666666666667,-2.1,200211200DEN-DEN,200211200DEN-UTA,DEN-2003,0,2003,-29.435000000000002,8.49194444444445,whitero02-2003
harriju01,12.85,2.1,200211200DEN-DEN,200211200DEN-UTA,DEN-2003,0,2003,26.985,8.49194444444445,harriju01-2003
tskitni01,9.266666666666667,-2.9,200211200DEN-DEN,200211200DEN-UTA,DEN-2003,0,2003,-26.873333333333335,8.49194444444445,tskitni01-2003
anderch01,8.933333333333334,-3.2,200211200DEN-DEN,200211200DEN-UTA,DEN-2003,0,2003,-28.58666666666667,8.49194444444445,anderch01-2003
harvedo01,6.483333333333333,-0.2,200211200DEN-DEN,200211200DEN-UTA,DEN-2003,0,2003,-1.2966666666666669,8.49194444444445,harvedo01-2003
poseyja01,40.5,2.9,200211220DEN-DEN,200211220DEN-LAC,DEN-2003,1,2003,117.45,23.14848484848485,poseyja01-2003
howarju01,40.266666666666666,4.2,200211220DEN-DEN,200211220DEN-LAC,DEN-2003,1,2003,169.12,23.14848484848485,howarju01-2003
satteke01,28.366666666666667,-5,200211220DEN-DEN,200211220DEN-LAC,DEN-2003,1,2003,-141.83333333333334,23.14848484848485,satteke01-2003
bowenry01,26.4,2.2,200211220DEN-DEN,200211220DEN-LAC,DEN-2003,1,2003,58.08,23.14848484848485,bowenry01-2003
blounma01,20.466666666666665,-1,200211220DEN-DEN,200211220DEN-LAC,DEN-2003,1,2003,-20.466666666666665,23.14848484848485,blounma01-2003
harriju01,19.633333333333333,-3.5,200211220DEN-DEN,200211220DEN-LAC,DEN-2003,1,2003,-68.71666666666667,23.14848484848485,harriju01-2003
hilarne01,18.933333333333334,2.5,200211220DEN-DEN,200211220DEN-LAC,DEN-2003,1,2003,47.333333333333336,23.14848484848485,hilarne01-2003
harvedo01,17.05,7.8,200211220DEN-DEN,200211220DEN-LAC,DEN-2003,1,2003,132.99,23.14848484848485,harvedo01-2003
savovpr01,13.55,-0.2,200211220DEN-DEN,200211220DEN-LAC,DEN-2003,1,2003,-2.7100000000000004,23.14848484848485,savovpr01-2003
anderch01,7.733333333333333,-4,200211220DEN-DEN,200211220DEN-LAC,DEN-2003,1,2003,-30.933333333333334,23.14848484848485,anderch01-2003
tskitni01,7.1,-0.8,200211220DEN-DEN,200211220DEN-LAC,DEN-2003,1,2003,-5.68,23.14848484848485,tskitni01-2003
mariosh01,40.63333333333333,9.6,200211230PHO-PHO,200211230PHO-DEN,PHO-2003,0,2003,390.08,22.241969696969697,mariosh01-2003
marbust01,40.416666666666664,1.8,200211230PHO-PHO,200211230PHO-DEN,PHO-2003,0,2003,72.75,22.241969696969697,marbust01-2003
hardaan01,30.433333333333334,-7.3,200211230PHO-PHO,200211230PHO-DEN,PHO-2003,0,2003,-222.16333333333333,22.241969696969697,hardaan01-2003
tsakaja01,25.466666666666665,-1,200211230PHO-PHO,200211230PHO-DEN,PHO-2003,0,2003,-25.466666666666665,22.241969696969697,tsakaja01-2003
stoudam01,25.266666666666666,-0.7,200211230PHO-PHO,200211230PHO-DEN,PHO-2003,0,2003,-17.686666666666664,22.241969696969697,stoudam01-2003
outlabo01,20.95,2.8,200211230PHO-PHO,200211230PHO-DEN,PHO-2003,0,2003,58.66,22.241969696969697,outlabo01-2003
jacobca01,16.9,0.3,200211230PHO-PHO,200211230PHO-DEN,PHO-2003,0,2003,5.069999999999999,22.241969696969697,jacobca01-2003
johnsjo02,15.966666666666667,-0.2,200211230PHO-PHO,200211230PHO-DEN,PHO-2003,0,2003,-3.1933333333333334,22.241969696969697,johnsjo02-2003
voskuja01,15.283333333333333,-0.7,200211230PHO-PHO,200211230PHO-DEN,PHO-2003,0,2003,-10.698333333333332,22.241969696969697,voskuja01-2003
willisc01,6.9,-0.7,200211230PHO-PHO,200211230PHO-DEN,PHO-2003,0,2003,-4.83,22.241969696969697,willisc01-2003
langhda01,1.7833333333333332,1.2,200211230PHO-PHO,200211230PHO-DEN,PHO-2003,0,2003,2.1399999999999997,22.241969696969697,langhda01-2003
poseyja01,38.016666666666666,10.7,200211260DEN-DEN,200211260DEN-SAS,DEN-2003,1,2003,406.7783333333333,49.47430555555555,poseyja01-2003
howarju01,36.05,7.7,200211260DEN-DEN,200211260DEN-SAS,DEN-2003,1,2003,277.585,49.47430555555555,howarju01-2003
satteke01,29.533333333333335,-1.5,200211260DEN-DEN,200211260DEN-SAS,DEN-2003,1,2003,-44.300000000000004,49.47430555555555,satteke01-2003
harvedo01,27.166666666666668,-1.7,200211260DEN-DEN,200211260DEN-SAS,DEN-2003,1,2003,-46.18333333333334,49.47430555555555,harvedo01-2003
hilarne01,25.65,3.7,200211260DEN-DEN,200211260DEN-SAS,DEN-2003,1,2003,94.905,49.47430555555555,hilarne01-2003
harriju01,18.466666666666665,2.1,200211260DEN-DEN,200211260DEN-SAS,DEN-2003,1,2003,38.78,49.47430555555555,harriju01-2003
whitero02,16.9,-5.1,200211260DEN-DEN,200211260DEN-SAS,DEN-2003,1,2003,-86.18999999999998,49.47430555555555,whitero02-2003
blounma01,15.45,-4,200211260DEN-DEN,200211260DEN-SAS,DEN-2003,1,2003,-61.8,49.47430555555555,blounma01-2003
anderch01,11.95,1.2,200211260DEN-DEN,200211260DEN-SAS,DEN-2003,1,2003,14.339999999999998,49.47430555555555,anderch01-2003
bowenry01,10.1,2.5,200211260DEN-DEN,200211260DEN-SAS,DEN-2003,1,2003,25.25,49.47430555555555,bowenry01-2003
savovpr01,6.4,-3.1,200211260DEN-DEN,200211260DEN-SAS,DEN-2003,1,2003,-19.840000000000003,49.47430555555555,savovpr01-2003
tskitni01,4.333333333333333,-1.3,200211260DEN-DEN,200211260DEN-SAS,DEN-2003,1,2003,-5.633333333333333,49.47430555555555,tskitni01-2003
duncati01,32.5,12.9,200211270SAS-SAS,200211270SAS-DEN,SAS-2003,1,2003,419.25,55.61541666666667,duncati01-2003
parketo01,29.15,3.6,200211270SAS-SAS,200211270SAS-DEN,SAS-2003,1,2003,104.94,55.61541666666667,parketo01-2003
bowenbr01,25.766666666666666,0.9,200211270SAS-SAS,200211270SAS-DEN,SAS-2003,1,2003,23.19,55.61541666666667,bowenbr01-2003
robinda01,24.95,-0.9,200211270SAS-SAS,200211270SAS-DEN,SAS-2003,1,2003,-22.455,55.61541666666667,robinda01-2003
smithst01,24.7,3.5,200211270SAS-SAS,200211270SAS-DEN,SAS-2003,1,2003,86.45,55.61541666666667,smithst01-2003
jacksst02,22.666666666666668,6.7,200211270SAS-SAS,200211270SAS-DEN,SAS-2003,1,2003,151.86666666666667,55.61541666666667,jacksst02-2003
ginobma01,19.266666666666666,-0.4,200211270SAS-SAS,200211270SAS-DEN,SAS-2003,1,2003,-7.706666666666667,55.61541666666667,ginobma01-2003
rosema01,17.633333333333333,-7.6,200211270SAS-SAS,200211270SAS-DEN,SAS-2003,1,2003,-134.01333333333332,55.61541666666667,rosema01-2003
willike02,17.35,-1.7,200211270SAS-SAS,200211270SAS-DEN,SAS-2003,1,2003,-29.495,55.61541666666667,willike02-2003
goldwan01,12,3.4,200211270SAS-SAS,200211270SAS-DEN,SAS-2003,1,2003,40.8,55.61541666666667,goldwan01-2003
ferryda01,7.166666666666667,5.3,200211270SAS-SAS,200211270SAS-DEN,SAS-2003,1,2003,37.983333333333334,55.61541666666667,ferryda01-2003
kerrst01,6.85,-0.5,200211270SAS-SAS,200211270SAS-DEN,SAS-2003,1,2003,-3.425,55.61541666666667,kerrst01-2003
howarju01,41.61666666666667,6.1,200211290DEN-DEN,200211290DEN-GSW,DEN-2003,0,2003,253.86166666666665,25.480416666666667,howarju01-2003
poseyja01,35.46666666666667,7.5,200211290DEN-DEN,200211290DEN-GSW,DEN-2003,0,2003,266,25.480416666666667,poseyja01-2003
whitnch01,29,-6.9,200211290DEN-DEN,200211290DEN-GSW,DEN-2003,0,2003,-200.10000000000002,25.480416666666667,whitnch01-2003
blounma01,26.533333333333335,1.1,200211290DEN-DEN,200211290DEN-GSW,DEN-2003,0,2003,29.18666666666667,25.480416666666667,blounma01-2003
bowenry01,20.783333333333335,4.4,200211290DEN-DEN,200211290DEN-GSW,DEN-2003,0,2003,91.44666666666669,25.480416666666667,bowenry01-2003
hilarne01,19.866666666666667,2,200211290DEN-DEN,200211290DEN-GSW,DEN-2003,0,2003,39.733333333333334,25.480416666666667,hilarne01-2003
harvedo01,19.166666666666668,-5.2,200211290DEN-DEN,200211290DEN-GSW,DEN-2003,0,2003,-99.66666666666667,25.480416666666667,harvedo01-2003
harriju01,16.1,-3.3,200211290DEN-DEN,200211290DEN-GSW,DEN-2003,0,2003,-53.13,25.480416666666667,harriju01-2003
whitero02,15.016666666666667,1.8,200211290DEN-DEN,200211290DEN-GSW,DEN-2003,0,2003,27.03,25.480416666666667,whitero02-2003
tskitni01,8.633333333333333,-3.2,200211290DEN-DEN,200211290DEN-GSW,DEN-2003,0,2003,-27.626666666666665,25.480416666666667,tskitni01-2003
anderch01,4.65,-3.1,200211290DEN-DEN,200211290DEN-GSW,DEN-2003,0,2003,-14.415000000000001,25.480416666666667,anderch01-2003
satteke01,3.45,-1.9,200211290DEN-DEN,200211290DEN-GSW,DEN-2003,0,2003,-6.555,25.480416666666667,satteke01-2003
jamisan01,36.766666666666666,6.9,200212030GSW-GSW,200212030GSW-DEN,GSW-2003,1,2003,253.69,41.83409090909091,jamisan01-2003
murphtr01,35.65,3.9,200212030GSW-GSW,200212030GSW-DEN,GSW-2003,1,2003,139.035,41.83409090909091,murphtr01-2003
arenagi01,30.716666666666665,-2,200212030GSW-GSW,200212030GSW-DEN,GSW-2003,1,2003,-61.43333333333333,41.83409090909091,arenagi01-2003
richaja01,25.266666666666666,1.2,200212030GSW-GSW,200212030GSW-DEN,GSW-2003,1,2003,30.319999999999997,41.83409090909091,richaja01-2003
dampier01,24.733333333333334,0.1,200212030GSW-GSW,200212030GSW-DEN,GSW-2003,1,2003,2.4733333333333336,41.83409090909091,dampier01-2003
foylead01,23.266666666666666,-0.4,200212030GSW-GSW,200212030GSW-DEN,GSW-2003,1,2003,-9.306666666666667,41.83409090909091,foylead01-2003
boykiea01,22.566666666666666,1.4,200212030GSW-GSW,200212030GSW-DEN,GSW-2003,1,2003,31.59333333333333,41.83409090909091,boykiea01-2003
dunlemi02,20.116666666666667,1.8,200212030GSW-GSW,200212030GSW-DEN,GSW-2003,1,2003,36.21,41.83409090909091,dunlemi02-2003
torreos01,11.983333333333333,2.8,200212030GSW-GSW,200212030GSW-DEN,GSW-2003,1,2003,33.55333333333333,41.83409090909091,torreos01-2003
welscji01,5.466666666666667,-1.1,200212030GSW-GSW,200212030GSW-DEN,GSW-2003,1,2003,-6.013333333333334,41.83409090909091,welscji01-2003
olivede01,3.466666666666667,2.9,200212030GSW-GSW,200212030GSW-DEN,GSW-2003,1,2003,10.053333333333333,41.83409090909091,olivede01-2003
poseyja01,42.25,1.3,200212040DEN-DEN,200212040DEN-SAC,DEN-2003,0,2003,54.925000000000004,30.742361111111112,poseyja01-2003
howarju01,39.7,-2.2,200212040DEN-DEN,200212040DEN-SAC,DEN-2003,0,2003,-87.34000000000002,30.742361111111112,howarju01-2003
whitnch01,33.61666666666667,8.6,200212040DEN-DEN,200212040DEN-SAC,DEN-2003,0,2003,289.10333333333335,30.742361111111112,whitnch01-2003
hilarne01,27.066666666666666,2.6,200212040DEN-DEN,200212040DEN-SAC,DEN-2003,0,2003,70.37333333333333,30.742361111111112,hilarne01-2003
whitero02,24.6,0.5,200212040DEN-DEN,200212040DEN-SAC,DEN-2003,0,2003,12.3,30.742361111111112,whitero02-2003
bowenry01,22.516666666666666,2.2,200212040DEN-DEN,200212040DEN-SAC,DEN-2003,0,2003,49.53666666666667,30.742361111111112,bowenry01-2003
blounma01,17.5,1.2,200212040DEN-DEN,200212040DEN-SAC,DEN-2003,0,2003,21,30.742361111111112,blounma01-2003
harriju01,11.35,-1.8,200212040DEN-DEN,200212040DEN-SAC,DEN-2003,0,2003,-20.43,30.742361111111112,harriju01-2003
yarbrvi01,9.166666666666666,-1,200212040DEN-DEN,200212040DEN-SAC,DEN-2003,0,2003,-9.166666666666666,30.742361111111112,yarbrvi01-2003
tskitni01,5.433333333333334,-1.5,200212040DEN-DEN,200212040DEN-SAC,DEN-2003,0,2003,-8.15,30.742361111111112,tskitni01-2003
harvedo01,3.7666666666666666,-0.7,200212040DEN-DEN,200212040DEN-SAC,DEN-2003,0,2003,-2.6366666666666663,30.742361111111112,harvedo01-2003
satteke01,3.033333333333333,-0.2,200212040DEN-DEN,200212040DEN-SAC,DEN-2003,0,2003,-0.6066666666666667,30.742361111111112,satteke01-2003
chrisdo01,39.03333333333333,16.3,200212060SAC-SAC,200212060SAC-DEN,SAC-2003,1,2003,636.2433333333333,91.92833333333333,chrisdo01-2003
webbech01,37.4,-2.2,200212060SAC-SAC,200212060SAC-DEN,SAC-2003,1,2003,-82.28,91.92833333333333,webbech01-2003
jacksbo01,34.916666666666664,7.3,200212060SAC-SAC,200212060SAC-DEN,SAC-2003,1,2003,254.89166666666665,91.92833333333333,jacksbo01-2003
wallage01,28.766666666666666,-2.1,200212060SAC-SAC,200212060SAC-DEN,SAC-2003,1,2003,-60.410000000000004,91.92833333333333,wallage01-2003
jacksji01,28.2,-5.1,200212060SAC-SAC,200212060SAC-DEN,SAC-2003,1,2003,-143.82,91.92833333333333,jacksji01-2003
clarkke01,28.166666666666668,-1.4,200212060SAC-SAC,200212060SAC-DEN,SAC-2003,1,2003,-39.43333333333333,91.92833333333333,clarkke01-2003
divacvl01,26.283333333333335,5.1,200212060SAC-SAC,200212060SAC-DEN,SAC-2003,1,2003,134.045,91.92833333333333,divacvl01-2003
jonesda01,17.233333333333334,2.1,200212060SAC-SAC,200212060SAC-DEN,SAC-2003,1,2003,36.190000000000005,91.92833333333333,jonesda01-2003
poseyja01,48,2.3,200212070DEN-DEN,200212070DEN-IND,DEN-2003,1,2003,110.39999999999999,64.94740740740741,poseyja01-2003
howarju01,37.233333333333334,1.1,200212070DEN-DEN,200212070DEN-IND,DEN-2003,1,2003,40.95666666666667,64.94740740740741,howarju01-2003
blounma01,35.516666666666666,5.6,200212070DEN-DEN,200212070DEN-IND,DEN-2003,1,2003,198.89333333333332,64.94740740740741,blounma01-2003
harvedo01,31.55,5.2,200212070DEN-DEN,200212070DEN-IND,DEN-2003,1,2003,164.06,64.94740740740741,harvedo01-2003
whitnch01,29.55,2,200212070DEN-DEN,200212070DEN-IND,DEN-2003,1,2003,59.1,64.94740740740741,whitnch01-2003
bowenry01,20.05,-0.9,200212070DEN-DEN,200212070DEN-IND,DEN-2003,1,2003,-18.045,64.94740740740741,bowenry01-2003
harriju01,19.05,2.8,200212070DEN-DEN,200212070DEN-IND,DEN-2003,1,2003,53.339999999999996,64.94740740740741,harriju01-2003
hilarne01,11.983333333333333,-1.9,200212070DEN-DEN,200212070DEN-IND,DEN-2003,1,2003,-22.76833333333333,64.94740740740741,hilarne01-2003
yarbrvi01,7.05,-0.2,200212070DEN-DEN,200212070DEN-IND,DEN-2003,1,2003,-1.4100000000000001,64.94740740740741,yarbrvi01-2003
howarju01,35.55,5.2,200212090DEN-DEN,200212090DEN-MIN,DEN-2003,0,2003,184.85999999999999,-4.430757575757575,howarju01-2003
poseyja01,34.43333333333333,-3.1,200212090DEN-DEN,200212090DEN-MIN,DEN-2003,0,2003,-106.74333333333333,-4.430757575757575,poseyja01-2003
harvedo01,27.966666666666665,-5.8,200212090DEN-DEN,200212090DEN-MIN,DEN-2003,0,2003,-162.20666666666665,-4.430757575757575,harvedo01-2003
satteke01,25.133333333333333,6.3,200212090DEN-DEN,200212090DEN-MIN,DEN-2003,0,2003,158.34,-4.430757575757575,satteke01-2003
harriju01,22.866666666666667,1.4,200212090DEN-DEN,200212090DEN-MIN,DEN-2003,0,2003,32.013333333333335,-4.430757575757575,harriju01-2003
blounma01,22.666666666666668,-4.5,200212090DEN-DEN,200212090DEN-MIN,DEN-2003,0,2003,-102,-4.430757575757575,blounma01-2003
hilarne01,18.566666666666666,-4.2,200212090DEN-DEN,200212090DEN-MIN,DEN-2003,0,2003,-77.98,-4.430757575757575,hilarne01-2003
whitero02,18.316666666666666,-2,200212090DEN-DEN,200212090DEN-MIN,DEN-2003,0,2003,-36.63333333333333,-4.430757575757575,whitero02-2003
tskitni01,14.566666666666666,2.5,200212090DEN-DEN,200212090DEN-MIN,DEN-2003,0,2003,36.416666666666664,-4.430757575757575,tskitni01-2003
bowenry01,12.683333333333334,-0.3,200212090DEN-DEN,200212090DEN-MIN,DEN-2003,0,2003,-3.8049999999999997,-4.430757575757575,bowenry01-2003
yarbrvi01,7.25,4,200212090DEN-DEN,200212090DEN-MIN,DEN-2003,0,2003,29,-4.430757575757575,yarbrvi01-2003
gasolpa01,40.416666666666664,-1.4,200212110MEM-MEM,200212110MEM-DEN,MEM-2003,1,2003,-56.58333333333333,24.2087037037037,gasolpa01-2003
goodedr01,38.06666666666667,4.7,200212110MEM-MEM,200212110MEM-DEN,MEM-2003,1,2003,178.91333333333336,24.2087037037037,goodedr01-2003
wrighlo02,34.81666666666667,-4.9,200212110MEM-MEM,200212110MEM-DEN,MEM-2003,1,2003,-170.6016666666667,24.2087037037037,wrighlo02-2003
persowe01,33.71666666666667,2.8,200212110MEM-MEM,200212110MEM-DEN,MEM-2003,1,2003,94.40666666666667,24.2087037037037,persowe01-2003
willija02,31.866666666666667,3.3,200212110MEM-MEM,200212110MEM-DEN,MEM-2003,1,2003,105.16,24.2087037037037,willija02-2003
swiftst01,20.766666666666666,7.1,200212110MEM-MEM,200212110MEM-DEN,MEM-2003,1,2003,147.44333333333333,24.2087037037037,swiftst01-2003
watsoea01,16.133333333333333,0.7,200212110MEM-MEM,200212110MEM-DEN,MEM-2003,1,2003,11.293333333333333,24.2087037037037,watsoea01-2003
giricgo01,14.283333333333333,-5.2,200212110MEM-MEM,200212110MEM-DEN,MEM-2003,1,2003,-74.27333333333334,24.2087037037037,giricgo01-2003
batismi01,9.933333333333334,-1.8,200212110MEM-MEM,200212110MEM-DEN,MEM-2003,1,2003,-17.880000000000003,24.2087037037037,batismi01-2003
fosteje01,31.05,5.6,200212130IND-IND,200212130IND-DEN,IND-2003,1,2003,173.88,47.392878787878786,fosteje01-2003
mercero01,30.15,4.6,200212130IND-IND,200212130IND-DEN,IND-2003,1,2003,138.68999999999997,47.392878787878786,mercero01-2003
artesro01,28.55,1.8,200212130IND-IND,200212130IND-DEN,IND-2003,1,2003,51.39,47.392878787878786,artesro01-2003
bendejo01,25.616666666666667,0.6,200212130IND-IND,200212130IND-DEN,IND-2003,1,2003,15.37,47.392878787878786,bendejo01-2003
onealje01,25,1.2,200212130IND-IND,200212130IND-DEN,IND-2003,1,2003,30,47.392878787878786,onealje01-2003
tinslja01,22.966666666666665,-4.5,200212130IND-IND,200212130IND-DEN,IND-2003,1,2003,-103.35,47.392878787878786,tinslja01-2003
harrial01,21.433333333333334,0.8,200212130IND-IND,200212130IND-DEN,IND-2003,1,2003,17.14666666666667,47.392878787878786,harrial01-2003
croshau01,18.633333333333333,14,200212130IND-IND,200212130IND-DEN,IND-2003,1,2003,260.8666666666667,47.392878787878786,croshau01-2003
stricer01,15.833333333333334,-2.5,200212130IND-IND,200212130IND-DEN,IND-2003,1,2003,-39.583333333333336,47.392878787878786,stricer01-2003
millere01,12.716666666666667,0.4,200212130IND-IND,200212130IND-DEN,IND-2003,1,2003,5.086666666666667,47.392878787878786,millere01-2003
brezepr01,8.05,-3.5,200212130IND-IND,200212130IND-DEN,IND-2003,1,2003,-28.175000000000004,47.392878787878786,brezepr01-2003
davisri01,45.1,3.2,200212140CLE-CLE,200212140CLE-DEN,CLE-2003,1,2003,144.32000000000002,16.33111111111111,davisri01-2003
wagneda02,41.766666666666666,3.3,200212140CLE-CLE,200212140CLE-DEN,CLE-2003,1,2003,137.82999999999998,16.33111111111111,wagneda02-2003
ilgauzy01,35.11666666666667,-1,200212140CLE-CLE,200212140CLE-DEN,CLE-2003,1,2003,-35.11666666666667,16.33111111111111,ilgauzy01-2003
boozeca01,32.81666666666667,-2.1,200212140CLE-CLE,200212140CLE-DEN,CLE-2003,1,2003,-68.915,16.33111111111111,boozeca01-2003
palacmi01,25.75,-4.4,200212140CLE-CLE,200212140CLE-DEN,CLE-2003,1,2003,-113.30000000000001,16.33111111111111,palacmi01-2003
milesda01,19.95,1.6,200212140CLE-CLE,200212140CLE-DEN,CLE-2003,1,2003,31.92,16.33111111111111,milesda01-2003
parkesm01,16.666666666666668,0,200212140CLE-CLE,200212140CLE-DEN,CLE-2003,1,2003,0,16.33111111111111,parkesm01-2003
diopde01,13.716666666666667,2.4,200212140CLE-CLE,200212140CLE-DEN,CLE-2003,1,2003,32.92,16.33111111111111,diopde01-2003
hillty01,9.116666666666667,1.9,200212140CLE-CLE,200212140CLE-DEN,CLE-2003,1,2003,17.321666666666665,16.33111111111111,hillty01-2003
iversal01,39.06666666666667,6.6,200212160PHI-PHI,200212160PHI-DEN,PHI-2003,1,2003,257.84000000000003,64.37530303030303,iversal01-2003
snower01,34.583333333333336,-0.1,200212160PHI-PHI,200212160PHI-DEN,PHI-2003,1,2003,-3.458333333333334,64.37530303030303,snower01-2003
mckieaa01,32.333333333333336,6.3,200212160PHI-PHI,200212160PHI-DEN,PHI-2003,1,2003,203.70000000000002,64.37530303030303,mckieaa01-2003
buckngr01,29.366666666666667,0.8,200212160PHI-PHI,200212160PHI-DEN,PHI-2003,1,2003,23.493333333333336,64.37530303030303,buckngr01-2003
vanhoke01,26.216666666666665,2.3,200212160PHI-PHI,200212160PHI-DEN,PHI-2003,1,2003,60.298333333333325,64.37530303030303,vanhoke01-2003
maccuto01,24.366666666666667,4.4,200212160PHI-PHI,200212160PHI-DEN,PHI-2003,1,2003,107.21333333333334,64.37530303030303,maccuto01-2003
skinnbr01,23.633333333333333,2.9,200212160PHI-PHI,200212160PHI-DEN,PHI-2003,1,2003,68.53666666666666,64.37530303030303,skinnbr01-2003
colemde01,16.75,0.3,200212160PHI-PHI,200212160PHI-DEN,PHI-2003,1,2003,5.0249999999999995,64.37530303030303,colemde01-2003
longar01,5.033333333333333,-4.9,200212160PHI-PHI,200212160PHI-DEN,PHI-2003,1,2003,-24.663333333333334,64.37530303030303,longar01-2003
salmojo01,5.033333333333333,1.3,200212160PHI-PHI,200212160PHI-DEN,PHI-2003,1,2003,6.543333333333333,64.37530303030303,salmojo01-2003
rentzef01,4,0.9,200212160PHI-PHI,200212160PHI-DEN,PHI-2003,1,2003,3.6,64.37530303030303,rentzef01-2003
howarju01,38.3,8.5,200212180DEN-DEN,200212180DEN-DAL,DEN-2003,0,2003,325.54999999999995,37.15783333333333,howarju01-2003
hilarne01,36.45,0.6,200212180DEN-DEN,200212180DEN-DAL,DEN-2003,0,2003,21.87,37.15783333333333,hilarne01-2003
harriju01,32.233333333333334,-2.6,200212180DEN-DEN,200212180DEN-DAL,DEN-2003,0,2003,-83.80666666666667,37.15783333333333,harriju01-2003
harvedo01,31.783333333333335,0,200212180DEN-DEN,200212180DEN-DAL,DEN-2003,0,2003,0,37.15783333333333,harvedo01-2003
whitero02,31.466666666666665,5.2,200212180DEN-DEN,200212180DEN-DAL,DEN-2003,0,2003,163.62666666666667,37.15783333333333,whitero02-2003
yarbrvi01,18.366666666666667,-2.1,200212180DEN-DEN,200212180DEN-DAL,DEN-2003,0,2003,-38.57,37.15783333333333,yarbrvi01-2003
blounma01,17.333333333333332,0.4,200212180DEN-DEN,200212180DEN-DAL,DEN-2003,0,2003,6.933333333333334,37.15783333333333,blounma01-2003
tskitni01,16.216666666666665,1.9,200212180DEN-DEN,200212180DEN-DAL,DEN-2003,0,2003,30.81166666666666,37.15783333333333,tskitni01-2003
whitnch01,13.366666666666667,-3.7,200212180DEN-DEN,200212180DEN-DAL,DEN-2003,0,2003,-49.45666666666667,37.15783333333333,whitnch01-2003
bowenry01,4.483333333333333,-1.2,200212180DEN-DEN,200212180DEN-DAL,DEN-2003,0,2003,-5.38,37.15783333333333,bowenry01-2003
hilarne01,38.516666666666666,-5.9,200212200DEN-DEN,200212200DEN-ORL,DEN-2003,0,2003,-227.24833333333333,-8.508833333333333,hilarne01-2003
howarju01,37.95,4.6,200212200DEN-DEN,200212200DEN-ORL,DEN-2003,0,2003,174.57,-8.508833333333333,howarju01-2003
whitero02,34.81666666666667,1.5,200212200DEN-DEN,200212200DEN-ORL,DEN-2003,0,2003,52.22500000000001,-8.508833333333333,whitero02-2003
harvedo01,31.683333333333334,1.6,200212200DEN-DEN,200212200DEN-ORL,DEN-2003,0,2003,50.693333333333335,-8.508833333333333,harvedo01-2003
harriju01,27.433333333333334,-5.8,200212200DEN-DEN,200212200DEN-ORL,DEN-2003,0,2003,-159.11333333333334,-8.508833333333333,harriju01-2003
yarbrvi01,20.116666666666667,1.8,200212200DEN-DEN,200212200DEN-ORL,DEN-2003,0,2003,36.21,-8.508833333333333,yarbrvi01-2003
bowenry01,14.083333333333334,-0.5,200212200DEN-DEN,200212200DEN-ORL,DEN-2003,0,2003,-7.041666666666667,-8.508833333333333,bowenry01-2003
savovpr01,13.65,-3.4,200212200DEN-DEN,200212200DEN-ORL,DEN-2003,0,2003,-46.41,-8.508833333333333,savovpr01-2003
blounma01,12.95,3.1,200212200DEN-DEN,200212200DEN-ORL,DEN-2003,0,2003,40.144999999999996,-8.508833333333333,blounma01-2003
tskitni01,8.816666666666666,0.1,200212200DEN-DEN,200212200DEN-ORL,DEN-2003,0,2003,0.8816666666666667,-8.508833333333333,tskitni01-2003
fowlktr01,45.53333333333333,2.2,200212210LAC-LAC,200212210LAC-DEN,LAC-2003,1,2003,100.17333333333333,32.37870370370371,fowlktr01-2003
jaricma01,43.21666666666667,8,200212210LAC-LAC,200212210LAC-DEN,LAC-2003,1,2003,345.73333333333335,32.37870370370371,jaricma01-2003
olowomi01,43.016666666666666,-1.1,200212210LAC-LAC,200212210LAC-DEN,LAC-2003,1,2003,-47.318333333333335,32.37870370370371,olowomi01-2003
millean02,33.06666666666667,-3.2,200212210LAC-LAC,200212210LAC-DEN,LAC-2003,1,2003,-105.81333333333335,32.37870370370371,millean02-2003
doolike01,22.3,1.4,200212210LAC-LAC,200212210LAC-DEN,LAC-2003,1,2003,31.22,32.37870370370371,doolike01-2003
rooksse01,21.166666666666668,0.4,200212210LAC-LAC,200212210LAC-DEN,LAC-2003,1,2003,8.466666666666667,32.37870370370371,rooksse01-2003
zhizhwa01,13.466666666666667,0.1,200212210LAC-LAC,200212210LAC-DEN,LAC-2003,1,2003,1.3466666666666667,32.37870370370371,zhizhwa01-2003
wilcoch01,12.833333333333334,-1.7,200212210LAC-LAC,200212210LAC-DEN,LAC-2003,1,2003,-21.816666666666666,32.37870370370371,wilcoch01-2003
elyme01,5.416666666666667,-3.8,200212210LAC-LAC,200212210LAC-DEN,LAC-2003,1,2003,-20.583333333333332,32.37870370370371,elyme01-2003
howarju01,38.15,4.8,200212280DEN-DEN,200212280DEN-LAL,DEN-2003,0,2003,183.11999999999998,1.0766666666666675,howarju01-2003
tskitni01,29.55,5.3,200212280DEN-DEN,200212280DEN-LAL,DEN-2003,0,2003,156.615,1.0766666666666675,tskitni01-2003
whitero02,27,-1.2,200212280DEN-DEN,200212280DEN-LAL,DEN-2003,0,2003,-32.4,1.0766666666666675,whitero02-2003
harvedo01,26.8,0.7,200212280DEN-DEN,200212280DEN-LAL,DEN-2003,0,2003,18.759999999999998,1.0766666666666675,harvedo01-2003
harriju01,25.05,-0.3,200212280DEN-DEN,200212280DEN-LAL,DEN-2003,0,2003,-7.515,1.0766666666666675,harriju01-2003
crottjo01,22.95,1.7,200212280DEN-DEN,200212280DEN-LAL,DEN-2003,0,2003,39.015,1.0766666666666675,crottjo01-2003
hilarne01,22.2,-6,200212280DEN-DEN,200212280DEN-LAL,DEN-2003,0,2003,-133.2,1.0766666666666675,hilarne01-2003
yarbrvi01,21,-7.8,200212280DEN-DEN,200212280DEN-LAL,DEN-2003,0,2003,-163.79999999999998,1.0766666666666675,yarbrvi01-2003
blounma01,13.05,-3.1,200212280DEN-DEN,200212280DEN-LAL,DEN-2003,0,2003,-40.455000000000005,1.0766666666666675,blounma01-2003
bowenry01,9.183333333333334,0.2,200212280DEN-DEN,200212280DEN-LAL,DEN-2003,0,2003,1.836666666666667,1.0766666666666675,bowenry01-2003
bryanma01,5.066666666666666,-2,200212280DEN-DEN,200212280DEN-LAL,DEN-2003,0,2003,-10.133333333333333,1.0766666666666675,bryanma01-2003
howarju01,39.13333333333333,3.8,200212300DEN-DEN,200212300DEN-SEA,DEN-2003,0,2003,148.70666666666665,30.156969696969693,howarju01-2003
yarbrvi01,36.78333333333333,-3.4,200212300DEN-DEN,200212300DEN-SEA,DEN-2003,0,2003,-125.06333333333332,30.156969696969693,yarbrvi01-2003
hilarne01,33.3,9.7,200212300DEN-DEN,200212300DEN-SEA,DEN-2003,0,2003,323.00999999999993,30.156969696969693,hilarne01-2003
harvedo01,32.71666666666667,2.8,200212300DEN-DEN,200212300DEN-SEA,DEN-2003,0,2003,91.60666666666667,30.156969696969693,harvedo01-2003
harriju01,28.166666666666668,2,200212300DEN-DEN,200212300DEN-SEA,DEN-2003,0,2003,56.333333333333336,30.156969696969693,harriju01-2003
crottjo01,19.783333333333335,-2.3,200212300DEN-DEN,200212300DEN-SEA,DEN-2003,0,2003,-45.501666666666665,30.156969696969693,crottjo01-2003
whitero02,14.333333333333334,-4.9,200212300DEN-DEN,200212300DEN-SEA,DEN-2003,0,2003,-70.23333333333333,30.156969696969693,whitero02-2003
tskitni01,13.066666666666666,1.8,200212300DEN-DEN,200212300DEN-SEA,DEN-2003,0,2003,23.52,30.156969696969693,tskitni01-2003
blounma01,12.566666666666666,-4.8,200212300DEN-DEN,200212300DEN-SEA,DEN-2003,0,2003,-60.31999999999999,30.156969696969693,blounma01-2003
bowenry01,5.216666666666667,0.1,200212300DEN-DEN,200212300DEN-SEA,DEN-2003,0,2003,0.5216666666666667,30.156969696969693,bowenry01-2003
savovpr01,4.933333333333334,-2.2,200212300DEN-DEN,200212300DEN-SEA,DEN-2003,0,2003,-10.853333333333335,30.156969696969693,savovpr01-2003
lewisra02,42.93333333333333,-6.8,200301030SEA-SEA,200301030SEA-DEN,SEA-2003,0,2003,-291.94666666666666,3.3522222222222227,lewisra02-2003
masonde01,42.1,-1.7,200301030SEA-SEA,200301030SEA-DEN,SEA-2003,0,2003,-71.57000000000001,3.3522222222222227,masonde01-2003
paytoga01,41.81666666666667,13.2,200301030SEA-SEA,200301030SEA-DEN,SEA-2003,0,2003,551.98,3.3522222222222227,paytoga01-2003
drobnpr01,34.8,3.6,200301030SEA-SEA,200301030SEA-DEN,SEA-2003,0,2003,125.27999999999999,3.3522222222222227,drobnpr01-2003
radmavl01,23.3,-5.4,200301030SEA-SEA,200301030SEA-DEN,SEA-2003,0,2003,-125.82000000000001,3.3522222222222227,radmavl01-2003
evansre01,21.266666666666666,-4.7,200301030SEA-SEA,200301030SEA-DEN,SEA-2003,0,2003,-99.95333333333333,3.3522222222222227,evansre01-2003
potapvi01,16.633333333333333,-2.4,200301030SEA-SEA,200301030SEA-DEN,SEA-2003,0,2003,-39.919999999999995,3.3522222222222227,potapvi01-2003
fortejo01,9.633333333333333,-1.7,200301030SEA-SEA,200301030SEA-DEN,SEA-2003,0,2003,-16.376666666666665,3.3522222222222227,fortejo01-2003
sesayan01,7.516666666666667,-0.2,200301030SEA-SEA,200301030SEA-DEN,SEA-2003,0,2003,-1.5033333333333334,3.3522222222222227,sesayan01-2003
whitero02,39.86666666666667,5.2,200301040DEN-DEN,200301040DEN-SAC,DEN-2003,0,2003,207.30666666666667,24.40984848484848,whitero02-2003
howarju01,39.8,6.9,200301040DEN-DEN,200301040DEN-SAC,DEN-2003,0,2003,274.62,24.40984848484848,howarju01-2003
hilarne01,31.983333333333334,1.2,200301040DEN-DEN,200301040DEN-SAC,DEN-2003,0,2003,38.38,24.40984848484848,hilarne01-2003
harriju01,30.85,-5.2,200301040DEN-DEN,200301040DEN-SAC,DEN-2003,0,2003,-160.42000000000002,24.40984848484848,harriju01-2003
harvedo01,24.433333333333334,0.8,200301040DEN-DEN,200301040DEN-SAC,DEN-2003,0,2003,19.546666666666667,24.40984848484848,harvedo01-2003
tskitni01,21.416666666666668,-7.2,200301040DEN-DEN,200301040DEN-SAC,DEN-2003,0,2003,-154.20000000000002,24.40984848484848,tskitni01-2003
bowenry01,15.683333333333334,6.9,200301040DEN-DEN,200301040DEN-SAC,DEN-2003,0,2003,108.215,24.40984848484848,bowenry01-2003
crottjo01,10.733333333333333,-2.1,200301040DEN-DEN,200301040DEN-SAC,DEN-2003,0,2003,-22.54,24.40984848484848,crottjo01-2003
yarbrvi01,10.6,-1.6,200301040DEN-DEN,200301040DEN-SAC,DEN-2003,0,2003,-16.96,24.40984848484848,yarbrvi01-2003
blounma01,8.216666666666667,-1.3,200301040DEN-DEN,200301040DEN-SAC,DEN-2003,0,2003,-10.681666666666667,24.40984848484848,blounma01-2003
savovpr01,6.416666666666667,-2.3,200301040DEN-DEN,200301040DEN-SAC,DEN-2003,0,2003,-14.758333333333333,24.40984848484848,savovpr01-2003
nowitdi01,44.1,2.6,200301060DAL-DAL,200301060DAL-DEN,DAL-2003,1,2003,114.66000000000001,69.8465,nowitdi01-2003
finlemi01,35.9,7.4,200301060DAL-DAL,200301060DAL-DEN,DAL-2003,1,2003,265.66,69.8465,finlemi01-2003
vanexni01,32.416666666666664,0.4,200301060DAL-DAL,200301060DAL-DEN,DAL-2003,1,2003,12.966666666666667,69.8465,vanexni01-2003
bradlsh01,27.616666666666667,2.4,200301060DAL-DAL,200301060DAL-DEN,DAL-2003,1,2003,66.28,69.8465,bradlsh01-2003
nashst01,25.816666666666666,2.6,200301060DAL-DAL,200301060DAL-DEN,DAL-2003,1,2003,67.12333333333333,69.8465,nashst01-2003
lafrera01,24.166666666666668,7,200301060DAL-DAL,200301060DAL-DEN,DAL-2003,1,2003,169.16666666666669,69.8465,lafrera01-2003
griffad01,22.3,1.9,200301060DAL-DAL,200301060DAL-DEN,DAL-2003,1,2003,42.37,69.8465,griffad01-2003
williwa02,16.2,-1.9,200301060DAL-DAL,200301060DAL-DEN,DAL-2003,1,2003,-30.779999999999998,69.8465,williwa02-2003
bellra01,9.433333333333334,-0.8,200301060DAL-DAL,200301060DAL-DEN,DAL-2003,1,2003,-7.546666666666667,69.8465,bellra01-2003
jonespo01,2.05,-0.7,200301060DAL-DAL,200301060DAL-DEN,DAL-2003,1,2003,-1.4349999999999998,69.8465,jonespo01-2003
howarju01,41.7,9.7,200301080DEN-DEN,200301080DEN-MIA,DEN-2003,1,2003,404.49,36.0945,howarju01-2003
whitero02,36.733333333333334,-7.4,200301080DEN-DEN,200301080DEN-MIA,DEN-2003,1,2003,-271.8266666666667,36.0945,whitero02-2003
bowenry01,34.71666666666667,3.7,200301080DEN-DEN,200301080DEN-MIA,DEN-2003,1,2003,128.45166666666668,36.0945,bowenry01-2003
hilarne01,32.68333333333333,1.7,200301080DEN-DEN,200301080DEN-MIA,DEN-2003,1,2003,55.56166666666666,36.0945,hilarne01-2003
harriju01,31.716666666666665,3.1,200301080DEN-DEN,200301080DEN-MIA,DEN-2003,1,2003,98.32166666666666,36.0945,harriju01-2003
yarbrvi01,30.183333333333334,-1.7,200301080DEN-DEN,200301080DEN-MIA,DEN-2003,1,2003,-51.31166666666667,36.0945,yarbrvi01-2003
blounma01,17.966666666666665,-0.2,200301080DEN-DEN,200301080DEN-MIA,DEN-2003,1,2003,-3.5933333333333333,36.0945,blounma01-2003
tskitni01,11.416666666666666,0.1,200301080DEN-DEN,200301080DEN-MIA,DEN-2003,1,2003,1.1416666666666666,36.0945,tskitni01-2003
harvedo01,2.3833333333333333,-0.1,200301080DEN-DEN,200301080DEN-MIA,DEN-2003,1,2003,-0.23833333333333334,36.0945,harvedo01-2003
savovpr01,0.5166666666666667,-0.1,200301080DEN-DEN,200301080DEN-MIA,DEN-2003,1,2003,-0.05166666666666667,36.0945,savovpr01-2003
howarju01,42.46666666666667,3,200301100DEN-DEN,200301100DEN-POR,DEN-2003,1,2003,127.4,35.880833333333335,howarju01-2003
hilarne01,39.53333333333333,6.7,200301100DEN-DEN,200301100DEN-POR,DEN-2003,1,2003,264.87333333333333,35.880833333333335,hilarne01-2003
harriju01,37.233333333333334,-6.1,200301100DEN-DEN,200301100DEN-POR,DEN-2003,1,2003,-227.12333333333333,35.880833333333335,harriju01-2003
yarbrvi01,36.016666666666666,1.2,200301100DEN-DEN,200301100DEN-POR,DEN-2003,1,2003,43.22,35.880833333333335,yarbrvi01-2003
whitero02,27.516666666666666,-3.3,200301100DEN-DEN,200301100DEN-POR,DEN-2003,1,2003,-90.80499999999999,35.880833333333335,whitero02-2003
bowenry01,27.366666666666667,4.5,200301100DEN-DEN,200301100DEN-POR,DEN-2003,1,2003,123.15,35.880833333333335,bowenry01-2003
tskitni01,15.883333333333333,2.3,200301100DEN-DEN,200301100DEN-POR,DEN-2003,1,2003,36.531666666666666,35.880833333333335,tskitni01-2003
blounma01,14,0.7,200301100DEN-DEN,200301100DEN-POR,DEN-2003,1,2003,9.799999999999999,35.880833333333335,blounma01-2003
moblecu01,43.166666666666664,0.7,200301110HOU-HOU,200301110HOU-DEN,HOU-2003,1,2003,30.21666666666666,42.873703703703704,moblecu01-2003
griffed01,39.21666666666667,3,200301110HOU-HOU,200301110HOU-DEN,HOU-2003,1,2003,117.65,42.873703703703704,griffed01-2003
francst01,38.78333333333333,1.6,200301110HOU-HOU,200301110HOU-DEN,HOU-2003,1,2003,62.053333333333335,42.873703703703704,francst01-2003
poseyja01,32.13333333333333,6.7,200301110HOU-HOU,200301110HOU-DEN,HOU-2003,1,2003,215.29333333333332,42.873703703703704,poseyja01-2003
catoke01,24.2,-2.1,200301110HOU-HOU,200301110HOU-DEN,HOU-2003,1,2003,-50.82,42.873703703703704,catoke01-2003
morrite01,21.366666666666667,3.6,200301110HOU-HOU,200301110HOU-DEN,HOU-2003,1,2003,76.92,42.873703703703704,morrite01-2003
ricegl01,15.866666666666667,-1.1,200301110HOU-HOU,200301110HOU-DEN,HOU-2003,1,2003,-17.453333333333337,42.873703703703704,ricegl01-2003
norrimo01,14.1,-3.8,200301110HOU-HOU,200301110HOU-DEN,HOU-2003,1,2003,-53.58,42.873703703703704,norrimo01-2003
mingya01,11.166666666666666,0.5,200301110HOU-HOU,200301110HOU-DEN,HOU-2003,1,2003,5.583333333333333,42.873703703703704,mingya01-2003
stricro02,38.31666666666667,-0.4,200301130MIN-MIN,200301130MIN-DEN,MIN-2003,1,2003,-15.326666666666668,48.46424242424242,stricro02-2003
garneke01,38.11666666666667,4,200301130MIN-MIN,200301130MIN-DEN,MIN-2003,1,2003,152.46666666666667,48.46424242424242,garneke01-2003
peelean01,31.916666666666668,16.5,200301130MIN-MIN,200301130MIN-DEN,MIN-2003,1,2003,526.625,48.46424242424242,peelean01-2003
gillke01,29.433333333333334,-5.4,200301130MIN-MIN,200301130MIN-DEN,MIN-2003,1,2003,-158.94,48.46424242424242,gillke01-2003
nestera01,25.9,-1.1,200301130MIN-MIN,200301130MIN-DEN,MIN-2003,1,2003,-28.490000000000002,48.46424242424242,nestera01-2003
jacksma02,21.783333333333335,2.9,200301130MIN-MIN,200301130MIN-DEN,MIN-2003,1,2003,63.17166666666667,48.46424242424242,jacksma02-2003
szczewa02,20.783333333333335,-1.7,200301130MIN-MIN,200301130MIN-DEN,MIN-2003,1,2003,-35.33166666666667,48.46424242424242,szczewa02-2003
trentga01,13.55,1.4,200301130MIN-MIN,200301130MIN-DEN,MIN-2003,1,2003,18.97,48.46424242424242,trentga01-2003
smithjo02,10.516666666666667,-0.6,200301130MIN-MIN,200301130MIN-DEN,MIN-2003,1,2003,-6.3100000000000005,48.46424242424242,smithjo02-2003
rakocig01,8.95,1.9,200301130MIN-MIN,200301130MIN-DEN,MIN-2003,1,2003,17.005,48.46424242424242,rakocig01-2003
hudsotr01,0.7333333333333333,-1,200301130MIN-MIN,200301130MIN-DEN,MIN-2003,1,2003,-0.7333333333333333,48.46424242424242,hudsotr01-2003
hilarne01,38.2,9.9,200301150DEN-DEN,200301150DEN-UTA,DEN-2003,0,2003,378.18000000000006,15.642666666666674,hilarne01-2003
howarju01,37.38333333333333,0.4,200301150DEN-DEN,200301150DEN-UTA,DEN-2003,0,2003,14.953333333333333,15.642666666666674,howarju01-2003
harriju01,31.766666666666666,-6.3,200301150DEN-DEN,200301150DEN-UTA,DEN-2003,0,2003,-200.13,15.642666666666674,harriju01-2003
bowenry01,27.866666666666667,2.7,200301150DEN-DEN,200301150DEN-UTA,DEN-2003,0,2003,75.24000000000001,15.642666666666674,bowenry01-2003
whitero02,27.533333333333335,-1.6,200301150DEN-DEN,200301150DEN-UTA,DEN-2003,0,2003,-44.05333333333334,15.642666666666674,whitero02-2003
yarbrvi01,23.05,-0.6,200301150DEN-DEN,200301150DEN-UTA,DEN-2003,0,2003,-13.83,15.642666666666674,yarbrvi01-2003
crottjo01,16.233333333333334,-2,200301150DEN-DEN,200301150DEN-UTA,DEN-2003,0,2003,-32.46666666666667,15.642666666666674,crottjo01-2003
tskitni01,14.583333333333334,-2.5,200301150DEN-DEN,200301150DEN-UTA,DEN-2003,0,2003,-36.458333333333336,15.642666666666674,tskitni01-2003
harvedo01,13.583333333333334,-0.7,200301150DEN-DEN,200301150DEN-UTA,DEN-2003,0,2003,-9.508333333333333,15.642666666666674,harvedo01-2003
blounma01,9.8,2.5,200301150DEN-DEN,200301150DEN-UTA,DEN-2003,0,2003,24.5,15.642666666666674,blounma01-2003
howarju01,38.78333333333333,2.8,200301170DEN-DEN,200301170DEN-CLE,DEN-2003,1,2003,108.59333333333332,31.12,howarju01-2003
hilarne01,35.766666666666666,-5.9,200301170DEN-DEN,200301170DEN-CLE,DEN-2003,1,2003,-211.02333333333334,31.12,hilarne01-2003
harriju01,34.21666666666667,6.9,200301170DEN-DEN,200301170DEN-CLE,DEN-2003,1,2003,236.09500000000003,31.12,harriju01-2003
whitero02,27.516666666666666,4.3,200301170DEN-DEN,200301170DEN-CLE,DEN-2003,1,2003,118.32166666666666,31.12,whitero02-2003
yarbrvi01,20.433333333333334,1.7,200301170DEN-DEN,200301170DEN-CLE,DEN-2003,1,2003,34.736666666666665,31.12,yarbrvi01-2003
bowenry01,20.233333333333334,6.4,200301170DEN-DEN,200301170DEN-CLE,DEN-2003,1,2003,129.49333333333334,31.12,bowenry01-2003
tskitni01,14.45,1.2,200301170DEN-DEN,200301170DEN-CLE,DEN-2003,1,2003,17.34,31.12,tskitni01-2003
crottjo01,13.783333333333333,-0.3,200301170DEN-DEN,200301170DEN-CLE,DEN-2003,1,2003,-4.135,31.12,crottjo01-2003
anderch01,13.65,-1.6,200301170DEN-DEN,200301170DEN-CLE,DEN-2003,1,2003,-21.840000000000003,31.12,anderch01-2003
blounma01,12.083333333333334,-3.4,200301170DEN-DEN,200301170DEN-CLE,DEN-2003,1,2003,-41.083333333333336,31.12,blounma01-2003
cambyma01,7,1.2,200301170DEN-DEN,200301170DEN-CLE,DEN-2003,1,2003,8.4,31.12,cambyma01-2003
harvedo01,2.0833333333333335,-0.7,200301170DEN-DEN,200301170DEN-CLE,DEN-2003,1,2003,-1.4583333333333333,31.12,harvedo01-2003
jordami01,41.55,4.7,200301200WAS-WAS,200301200WAS-DEN,WAS-2003,1,2003,195.285,46.969833333333334,jordami01-2003
hughela01,37.95,2.1,200301200WAS-WAS,200301200WAS-DEN,WAS-2003,1,2003,79.69500000000001,46.969833333333334,hughela01-2003
laettch01,25.833333333333332,-0.8,200301200WAS-WAS,200301200WAS-DEN,WAS-2003,1,2003,-20.666666666666668,46.969833333333334,laettch01-2003
russebr01,25.783333333333335,5.1,200301200WAS-WAS,200301200WAS-DEN,WAS-2003,1,2003,131.495,46.969833333333334,russebr01-2003
thomaet01,25.466666666666665,4.5,200301200WAS-WAS,200301200WAS-DEN,WAS-2003,1,2003,114.6,46.969833333333334,thomaet01-2003
haywobr01,23.3,0.3,200301200WAS-WAS,200301200WAS-DEN,WAS-2003,1,2003,6.99,46.969833333333334,haywobr01-2003
luety01,22.2,3.9,200301200WAS-WAS,200301200WAS-DEN,WAS-2003,1,2003,86.58,46.969833333333334,luety01-2003
brownkw01,19.433333333333334,-3.2,200301200WAS-WAS,200301200WAS-DEN,WAS-2003,1,2003,-62.18666666666667,46.969833333333334,brownkw01-2003
dixonju01,17.516666666666666,-3.6,200301200WAS-WAS,200301200WAS-DEN,WAS-2003,1,2003,-63.059999999999995,46.969833333333334,dixonju01-2003
simmobo01,0.9666666666666667,1,200301200WAS-WAS,200301200WAS-DEN,WAS-2003,1,2003,0.9666666666666667,46.969833333333334,simmobo01-2003
houstal01,44.96666666666667,10.4,200301220NYK-NYK,200301220NYK-DEN,NYK-2003,1,2003,467.65333333333336,48.973333333333336,houstal01-2003
sprewla01,37.666666666666664,-0.2,200301220NYK-NYK,200301220NYK-DEN,NYK-2003,1,2003,-7.533333333333333,48.973333333333336,sprewla01-2003
harriot01,33.3,-2.7,200301220NYK-NYK,200301220NYK-DEN,NYK-2003,1,2003,-89.91,48.973333333333336,harriot01-2003
weathcl01,32.68333333333333,1.3,200301220NYK-NYK,200301220NYK-DEN,NYK-2003,1,2003,42.48833333333333,48.973333333333336,weathcl01-2003
eisleho01,24,2.9,200301220NYK-NYK,200301220NYK-DEN,NYK-2003,1,2003,69.6,48.973333333333336,eisleho01-2003
wardch01,24,1.6,200301220NYK-NYK,200301220NYK-DEN,NYK-2003,1,2003,38.400000000000006,48.973333333333336,wardch01-2003
thomaku01,16.2,-1.3,200301220NYK-NYK,200301220NYK-DEN,NYK-2003,1,2003,-21.06,48.973333333333336,thomaku01-2003
andersh01,13.366666666666667,-2.4,200301220NYK-NYK,200301220NYK-DEN,NYK-2003,1,2003,-32.08,48.973333333333336,andersh01-2003
doleami01,11.283333333333333,2.1,200301220NYK-NYK,200301220NYK-DEN,NYK-2003,1,2003,23.695,48.973333333333336,doleami01-2003
knightr01,2.533333333333333,-0.6,200301220NYK-NYK,200301220NYK-DEN,NYK-2003,1,2003,-1.5199999999999998,48.973333333333336,knightr01-2003
piercpa01,41.31666666666667,24.7,200301240BOS-BOS,200301240BOS-DEN,BOS-2003,1,2003,1020.5216666666668,69.99515151515152,piercpa01-2003
mccarwa01,37.7,-2.7,200301240BOS-BOS,200301240BOS-DEN,BOS-2003,1,2003,-101.79000000000002,69.99515151515152,mccarwa01-2003
willier01,33.88333333333333,-4.7,200301240BOS-BOS,200301240BOS-DEN,BOS-2003,1,2003,-159.25166666666667,69.99515151515152,willier01-2003
bremejr01,29.016666666666666,0.1,200301240BOS-BOS,200301240BOS-DEN,BOS-2003,1,2003,2.901666666666667,69.99515151515152,bremejr01-2003
battito01,26.05,1.1,200301240BOS-BOS,200301240BOS-DEN,BOS-2003,1,2003,28.655000000000005,69.99515151515152,battito01-2003
willish01,16.716666666666665,-0.8,200301240BOS-BOS,200301240BOS-DEN,BOS-2003,1,2003,-13.373333333333333,69.99515151515152,willish01-2003
brownke01,15.283333333333333,1.6,200301240BOS-BOS,200301240BOS-DEN,BOS-2003,1,2003,24.453333333333333,69.99515151515152,brownke01-2003
longgr01,14.866666666666667,-0.6,200301240BOS-BOS,200301240BOS-DEN,BOS-2003,1,2003,-8.92,69.99515151515152,longgr01-2003
bakervi01,13.8,-0.8,200301240BOS-BOS,200301240BOS-DEN,BOS-2003,1,2003,-11.040000000000001,69.99515151515152,bakervi01-2003
delkto01,5.933333333333334,-1.6,200301240BOS-BOS,200301240BOS-DEN,BOS-2003,1,2003,-9.493333333333334,69.99515151515152,delkto01-2003
sundobr01,5.433333333333334,-0.5,200301240BOS-BOS,200301240BOS-DEN,BOS-2003,1,2003,-2.716666666666667,69.99515151515152,sundobr01-2003
allenra02,38.766666666666666,7.9,200301250MIL-MIL,200301250MIL-DEN,MIL-2003,1,2003,306.25666666666666,77.85092592592592,allenra02-2003
reddmi01,38.25,3.3,200301250MIL-MIL,200301250MIL-DEN,MIL-2003,1,2003,126.225,77.85092592592592,reddmi01-2003
masonan01,36.083333333333336,2.5,200301250MIL-MIL,200301250MIL-DEN,MIL-2003,1,2003,90.20833333333334,77.85092592592592,masonan01-2003
cassesa01,35.483333333333334,6.6,200301250MIL-MIL,200301250MIL-DEN,MIL-2003,1,2003,234.19,77.85092592592592,cassesa01-2003
johnser02,30.216666666666665,3.2,200301250MIL-MIL,200301250MIL-DEN,MIL-2003,1,2003,96.69333333333333,77.85092592592592,johnser02-2003
kukocto01,29.45,-5,200301250MIL-MIL,200301250MIL-DEN,MIL-2003,1,2003,-147.25,77.85092592592592,kukocto01-2003
ollieke01,22.033333333333335,0.8,200301250MIL-MIL,200301250MIL-DEN,MIL-2003,1,2003,17.62666666666667,77.85092592592592,ollieke01-2003
haislma01,8.266666666666667,-2.8,200301250MIL-MIL,200301250MIL-DEN,MIL-2003,1,2003,-23.14666666666667,77.85092592592592,haislma01-2003
sampsja01,1.45,-0.1,200301250MIL-MIL,200301250MIL-DEN,MIL-2003,1,2003,-0.145,77.85092592592592,sampsja01-2003
yarbrvi01,42.166666666666664,0.6,200301270DEN-DEN,200301270DEN-NJN,DEN-2003,0,2003,25.299999999999997,-18.39257575757576,yarbrvi01-2003
harvedo01,28.033333333333335,0.3,200301270DEN-DEN,200301270DEN-NJN,DEN-2003,0,2003,8.41,-18.39257575757576,harvedo01-2003
tskitni01,26.633333333333333,-3,200301270DEN-DEN,200301270DEN-NJN,DEN-2003,0,2003,-79.9,-18.39257575757576,tskitni01-2003
harriju01,25.866666666666667,0,200301270DEN-DEN,200301270DEN-NJN,DEN-2003,0,2003,0,-18.39257575757576,harriju01-2003
hilarne01,25.483333333333334,1.3,200301270DEN-DEN,200301270DEN-NJN,DEN-2003,0,2003,33.12833333333334,-18.39257575757576,hilarne01-2003
anderch01,19.966666666666665,-3.9,200301270DEN-DEN,200301270DEN-NJN,DEN-2003,0,2003,-77.86999999999999,-18.39257575757576,anderch01-2003
whitnch01,19.816666666666666,-3.7,200301270DEN-DEN,200301270DEN-NJN,DEN-2003,0,2003,-73.32166666666667,-18.39257575757576,whitnch01-2003
blounma01,16.966666666666665,-0.3,200301270DEN-DEN,200301270DEN-NJN,DEN-2003,0,2003,-5.089999999999999,-18.39257575757576,blounma01-2003
whitero02,13.316666666666666,4.2,200301270DEN-DEN,200301270DEN-NJN,DEN-2003,0,2003,55.93,-18.39257575757576,whitero02-2003
howarju01,12.9,-6,200301270DEN-DEN,200301270DEN-NJN,DEN-2003,0,2003,-77.4,-18.39257575757576,howarju01-2003
bowenry01,8.85,-1.3,200301270DEN-DEN,200301270DEN-NJN,DEN-2003,0,2003,-11.505,-18.39257575757576,bowenry01-2003
anderde01,40.083333333333336,8.5,200301280POR-POR,200301280POR-DEN,POR-2003,1,2003,340.70833333333337,47.66125,anderde01-2003
pippesc01,37.88333333333333,5.2,200301280POR-POR,200301280POR-DEN,POR-2003,1,2003,196.99333333333334,47.66125,pippesc01-2003
wellsbo01,32.15,1.5,200301280POR-POR,200301280POR-DEN,POR-2003,1,2003,48.224999999999994,47.66125,wellsbo01-2003
davisda01,30.95,-0.3,200301280POR-POR,200301280POR-DEN,POR-2003,1,2003,-9.285,47.66125,davisda01-2003
randoza01,21.7,-4.2,200301280POR-POR,200301280POR-DEN,POR-2003,1,2003,-91.14,47.66125,randoza01-2003
sabonar01,21.466666666666665,5,200301280POR-POR,200301280POR-DEN,POR-2003,1,2003,107.33333333333333,47.66125,sabonar01-2003
patteru01,21.3,0.2,200301280POR-POR,200301280POR-DEN,POR-2003,1,2003,4.260000000000001,47.66125,patteru01-2003
mcinnje01,17.383333333333333,-0.5,200301280POR-POR,200301280POR-DEN,POR-2003,1,2003,-8.691666666666666,47.66125,mcinnje01-2003
stoudda01,8.883333333333333,-0.5,200301280POR-POR,200301280POR-DEN,POR-2003,1,2003,-4.441666666666666,47.66125,stoudda01-2003
woodsqy01,6.233333333333333,-1.7,200301280POR-POR,200301280POR-DEN,POR-2003,1,2003,-10.596666666666666,47.66125,woodsqy01-2003
daniean01,1.1333333333333333,-0.6,200301280POR-POR,200301280POR-DEN,POR-2003,1,2003,-0.6799999999999999,47.66125,daniean01-2003
dudlech02,0.8333333333333334,-0.9,200301280POR-POR,200301280POR-DEN,POR-2003,1,2003,-0.75,47.66125,dudlech02-2003
finlemi01,29.983333333333334,1.8,200302010DAL-DAL,200302010DAL-DEN,DAL-2003,1,2003,53.970000000000006,61.73742424242424,finlemi01-2003
nowitdi01,29.816666666666666,5,200302010DAL-DAL,200302010DAL-DEN,DAL-2003,1,2003,149.08333333333334,61.73742424242424,nowitdi01-2003
williwa02,29.016666666666666,9.1,200302010DAL-DAL,200302010DAL-DEN,DAL-2003,1,2003,264.0516666666666,61.73742424242424,williwa02-2003
griffad01,26.166666666666668,-3.6,200302010DAL-DAL,200302010DAL-DEN,DAL-2003,1,2003,-94.2,61.73742424242424,griffad01-2003
vanexni01,25.983333333333334,16.5,200302010DAL-DAL,200302010DAL-DEN,DAL-2003,1,2003,428.725,61.73742424242424,vanexni01-2003
bradlsh01,22.466666666666665,0.4,200302010DAL-DAL,200302010DAL-DEN,DAL-2003,1,2003,8.986666666666666,61.73742424242424,bradlsh01-2003
lafrera01,21.016666666666666,1.4,200302010DAL-DAL,200302010DAL-DEN,DAL-2003,1,2003,29.42333333333333,61.73742424242424,lafrera01-2003
nashst01,16.033333333333335,-5,200302010DAL-DAL,200302010DAL-DEN,DAL-2003,1,2003,-80.16666666666667,61.73742424242424,nashst01-2003
jonespo01,13.8,-4.2,200302010DAL-DAL,200302010DAL-DEN,DAL-2003,1,2003,-57.96000000000001,61.73742424242424,jonespo01-2003
rigauan01,13.716666666666667,-0.7,200302010DAL-DAL,200302010DAL-DEN,DAL-2003,1,2003,-9.601666666666667,61.73742424242424,rigauan01-2003
johnsav01,12,-1.1,200302010DAL-DAL,200302010DAL-DEN,DAL-2003,1,2003,-13.200000000000001,61.73742424242424,johnsav01-2003
howarju01,38.86666666666667,9.4,200302020DEN-DEN,200302020DEN-MEM,DEN-2003,1,2003,365.3466666666667,43.66909090909091,howarju01-2003
harriju01,32,-1.1,200302020DEN-DEN,200302020DEN-MEM,DEN-2003,1,2003,-35.2,43.66909090909091,harriju01-2003
hilarne01,28.183333333333334,4,200302020DEN-DEN,200302020DEN-MEM,DEN-2003,1,2003,112.73333333333333,43.66909090909091,hilarne01-2003
yarbrvi01,22.816666666666666,2.9,200302020DEN-DEN,200302020DEN-MEM,DEN-2003,1,2003,66.16833333333334,43.66909090909091,yarbrvi01-2003
harvedo01,22.516666666666666,-0.2,200302020DEN-DEN,200302020DEN-MEM,DEN-2003,1,2003,-4.503333333333333,43.66909090909091,harvedo01-2003
whitero02,21.916666666666668,-3.1,200302020DEN-DEN,200302020DEN-MEM,DEN-2003,1,2003,-67.94166666666668,43.66909090909091,whitero02-2003
blounma01,19.816666666666666,0,200302020DEN-DEN,200302020DEN-MEM,DEN-2003,1,2003,0,43.66909090909091,blounma01-2003
whitnch01,19.266666666666666,3.7,200302020DEN-DEN,200302020DEN-MEM,DEN-2003,1,2003,71.28666666666666,43.66909090909091,whitnch01-2003
bowenry01,15.533333333333333,-0.3,200302020DEN-DEN,200302020DEN-MEM,DEN-2003,1,2003,-4.66,43.66909090909091,bowenry01-2003
tskitni01,9.95,-3.4,200302020DEN-DEN,200302020DEN-MEM,DEN-2003,1,2003,-33.83,43.66909090909091,tskitni01-2003
anderch01,9.133333333333333,1.2,200302020DEN-DEN,200302020DEN-MEM,DEN-2003,1,2003,10.959999999999999,43.66909090909091,anderch01-2003
howarju01,43.43333333333333,9.8,200302040DEN-DEN,200302040DEN-CHI,DEN-2003,1,2003,425.64666666666665,39.56439393939394,howarju01-2003
hilarne01,38.766666666666666,5.4,200302040DEN-DEN,200302040DEN-CHI,DEN-2003,1,2003,209.34,39.56439393939394,hilarne01-2003
whitero02,35.93333333333333,-0.5,200302040DEN-DEN,200302040DEN-CHI,DEN-2003,1,2003,-17.966666666666665,39.56439393939394,whitero02-2003
whitnch01,28.933333333333334,2.5,200302040DEN-DEN,200302040DEN-CHI,DEN-2003,1,2003,72.33333333333333,39.56439393939394,whitnch01-2003
harvedo01,28.466666666666665,-3.4,200302040DEN-DEN,200302040DEN-CHI,DEN-2003,1,2003,-96.78666666666666,39.56439393939394,harvedo01-2003
harriju01,24.366666666666667,-3.6,200302040DEN-DEN,200302040DEN-CHI,DEN-2003,1,2003,-87.72,39.56439393939394,harriju01-2003
bowenry01,17.916666666666668,-3.2,200302040DEN-DEN,200302040DEN-CHI,DEN-2003,1,2003,-57.33333333333334,39.56439393939394,bowenry01-2003
yarbrvi01,16.65,0.7,200302040DEN-DEN,200302040DEN-CHI,DEN-2003,1,2003,11.654999999999998,39.56439393939394,yarbrvi01-2003
anderch01,12.266666666666667,1.6,200302040DEN-DEN,200302040DEN-CHI,DEN-2003,1,2003,19.62666666666667,39.56439393939394,anderch01-2003
blounma01,11.516666666666667,-3.2,200302040DEN-DEN,200302040DEN-CHI,DEN-2003,1,2003,-36.85333333333334,39.56439393939394,blounma01-2003
tskitni01,6.733333333333333,-1,200302040DEN-DEN,200302040DEN-CHI,DEN-2003,1,2003,-6.733333333333333,39.56439393939394,tskitni01-2003
howarju01,37.233333333333334,8,200302060DEN-DEN,200302060DEN-SAS,DEN-2003,0,2003,297.8666666666667,24.940454545454543,howarju01-2003
whitero02,34.2,-4.1,200302060DEN-DEN,200302060DEN-SAS,DEN-2003,0,2003,-140.22,24.940454545454543,whitero02-2003
hilarne01,30.616666666666667,8.2,200302060DEN-DEN,200302060DEN-SAS,DEN-2003,0,2003,251.05666666666664,24.940454545454543,hilarne01-2003
whitnch01,27.9,0.9,200302060DEN-DEN,200302060DEN-SAS,DEN-2003,0,2003,25.11,24.940454545454543,whitnch01-2003
anderch01,22.416666666666668,1.7,200302060DEN-DEN,200302060DEN-SAS,DEN-2003,0,2003,38.108333333333334,24.940454545454543,anderch01-2003
harriju01,22.116666666666667,-3.2,200302060DEN-DEN,200302060DEN-SAS,DEN-2003,0,2003,-70.77333333333334,24.940454545454543,harriju01-2003
bowenry01,19.066666666666666,-0.9,200302060DEN-DEN,200302060DEN-SAS,DEN-2003,0,2003,-17.16,24.940454545454543,bowenry01-2003
harvedo01,16.716666666666665,-2.1,200302060DEN-DEN,200302060DEN-SAS,DEN-2003,0,2003,-35.105,24.940454545454543,harvedo01-2003
yarbrvi01,12.85,-2,200302060DEN-DEN,200302060DEN-SAS,DEN-2003,0,2003,-25.7,24.940454545454543,yarbrvi01-2003
tskitni01,11.15,-5.1,200302060DEN-DEN,200302060DEN-SAS,DEN-2003,0,2003,-56.864999999999995,24.940454545454543,tskitni01-2003
blounma01,5.733333333333333,1.4,200302060DEN-DEN,200302060DEN-SAS,DEN-2003,0,2003,8.026666666666666,24.940454545454543,blounma01-2003
bryanko01,31.466666666666665,16.6,200302110LAL-LAL,200302110LAL-DEN,LAL-2003,1,2003,522.3466666666667,63.82833333333333,bryanko01-2003
onealsh01,30.933333333333334,6.3,200302110LAL-LAL,200302110LAL-DEN,LAL-2003,1,2003,194.88,63.82833333333333,onealsh01-2003
walkesa01,28.616666666666667,5.5,200302110LAL-LAL,200302110LAL-DEN,LAL-2003,1,2003,157.39166666666668,63.82833333333333,walkesa01-2003
rushka01,25.433333333333334,-4.1,200302110LAL-LAL,200302110LAL-DEN,LAL-2003,1,2003,-104.27666666666666,63.82833333333333,rushka01-2003
horryro01,24.316666666666666,1,200302110LAL-LAL,200302110LAL-DEN,LAL-2003,1,2003,24.316666666666666,63.82833333333333,horryro01-2003
foxri01,23.733333333333334,3,200302110LAL-LAL,200302110LAL-DEN,LAL-2003,1,2003,71.2,63.82833333333333,foxri01-2003
fishede01,22.483333333333334,-4.4,200302110LAL-LAL,200302110LAL-DEN,LAL-2003,1,2003,-98.92666666666668,63.82833333333333,fishede01-2003
georgde01,21.583333333333332,1.1,200302110LAL-LAL,200302110LAL-DEN,LAL-2003,1,2003,23.741666666666667,63.82833333333333,georgde01-2003
shawbr01,16.616666666666667,-1.4,200302110LAL-LAL,200302110LAL-DEN,LAL-2003,1,2003,-23.263333333333332,63.82833333333333,shawbr01-2003
madsema01,6.066666666666666,-0.7,200302110LAL-LAL,200302110LAL-DEN,LAL-2003,1,2003,-4.246666666666666,63.82833333333333,madsema01-2003
medvest01,6.066666666666666,0.9,200302110LAL-LAL,200302110LAL-DEN,LAL-2003,1,2003,5.46,63.82833333333333,medvest01-2003
murratr01,2.6833333333333336,-1,200302110LAL-LAL,200302110LAL-DEN,LAL-2003,1,2003,-2.6833333333333336,63.82833333333333,murratr01-2003
yarbrvi01,36.86666666666667,0.5,200302120DEN-DEN,200302120DEN-LAL,DEN-2003,0,2003,18.433333333333334,8.901805555555557,yarbrvi01-2003
howarju01,30.666666666666668,3.7,200302120DEN-DEN,200302120DEN-LAL,DEN-2003,0,2003,113.46666666666668,8.901805555555557,howarju01-2003
whitnch01,28.216666666666665,-0.4,200302120DEN-DEN,200302120DEN-LAL,DEN-2003,0,2003,-11.286666666666667,8.901805555555557,whitnch01-2003
hilarne01,26.516666666666666,0.6,200302120DEN-DEN,200302120DEN-LAL,DEN-2003,0,2003,15.909999999999998,8.901805555555557,hilarne01-2003
harriju01,25.35,-0.5,200302120DEN-DEN,200302120DEN-LAL,DEN-2003,0,2003,-12.675,8.901805555555557,harriju01-2003
anderch01,22.4,0.4,200302120DEN-DEN,200302120DEN-LAL,DEN-2003,0,2003,8.959999999999999,8.901805555555557,anderch01-2003
tskitni01,22.116666666666667,4.6,200302120DEN-DEN,200302120DEN-LAL,DEN-2003,0,2003,101.73666666666666,8.901805555555557,tskitni01-2003
bowenry01,14.233333333333333,-2.3,200302120DEN-DEN,200302120DEN-LAL,DEN-2003,0,2003,-32.736666666666665,8.901805555555557,bowenry01-2003
cambyma01,11.1,-4.7,200302120DEN-DEN,200302120DEN-LAL,DEN-2003,0,2003,-52.17,8.901805555555557,cambyma01-2003
whitero02,9.983333333333333,-5.1,200302120DEN-DEN,200302120DEN-LAL,DEN-2003,0,2003,-50.91499999999999,8.901805555555557,whitero02-2003
harvedo01,7.233333333333333,-1.6,200302120DEN-DEN,200302120DEN-LAL,DEN-2003,0,2003,-11.573333333333334,8.901805555555557,harvedo01-2003
blounma01,5.316666666666666,3.7,200302120DEN-DEN,200302120DEN-LAL,DEN-2003,0,2003,19.671666666666667,8.901805555555557,blounma01-2003
roseja01,42.21666666666667,3.3,200302150CHI-CHI,200302150CHI-DEN,CHI-2003,1,2003,139.315,44.36878787878788,roseja01-2003
chandty01,36.266666666666666,8.6,200302150CHI-CHI,200302150CHI-DEN,CHI-2003,1,2003,311.8933333333333,44.36878787878788,chandty01-2003
baxtelo01,32.53333333333333,-0.4,200302150CHI-CHI,200302150CHI-DEN,CHI-2003,1,2003,-13.013333333333334,44.36878787878788,baxtelo01-2003
willija03,29,-2.6,200302150CHI-CHI,200302150CHI-DEN,CHI-2003,1,2003,-75.4,44.36878787878788,willija03-2003
robined01,24,2.7,200302150CHI-CHI,200302150CHI-DEN,CHI-2003,1,2003,64.80000000000001,44.36878787878788,robined01-2003
hassetr01,22.5,1.2,200302150CHI-CHI,200302150CHI-DEN,CHI-2003,1,2003,27,44.36878787878788,hassetr01-2003
crawfja01,17.65,2,200302150CHI-CHI,200302150CHI-DEN,CHI-2003,1,2003,35.3,44.36878787878788,crawfja01-2003
marshdo01,15.466666666666667,-2.8,200302150CHI-CHI,200302150CHI-DEN,CHI-2003,1,2003,-43.306666666666665,44.36878787878788,marshdo01-2003
curryed01,11.733333333333333,3.7,200302150CHI-CHI,200302150CHI-DEN,CHI-2003,1,2003,43.413333333333334,44.36878787878788,curryed01-2003
hoibefr01,5.783333333333333,0.6,200302150CHI-CHI,200302150CHI-DEN,CHI-2003,1,2003,3.4699999999999998,44.36878787878788,hoibefr01-2003
brunsri01,2.85,-1.9,200302150CHI-CHI,200302150CHI-DEN,CHI-2003,1,2003,-5.415,44.36878787878788,brunsri01-2003
mashbja01,46.05,2,200302160NOH-NOH,200302160NOH-DEN,NOH-2003,1,2003,92.1,48.35458333333334,mashbja01-2003
wesleda01,41.11666666666667,-1.8,200302160NOH-NOH,200302160NOH-DEN,NOH-2003,1,2003,-74.01,48.35458333333334,wesleda01-2003
brownpj01,41.05,8.3,200302160NOH-NOH,200302160NOH-DEN,NOH-2003,1,2003,340.71500000000003,48.35458333333334,brownpj01-2003
magloja01,33.85,4.6,200302160NOH-NOH,200302160NOH-DEN,NOH-2003,1,2003,155.71,48.35458333333334,magloja01-2003
lynchge01,25.383333333333333,4.1,200302160NOH-NOH,200302160NOH-DEN,NOH-2003,1,2003,104.07166666666666,48.35458333333334,lynchge01-2003
moisoje01,11.25,-2.2,200302160NOH-NOH,200302160NOH-DEN,NOH-2003,1,2003,-24.750000000000004,48.35458333333334,moisoje01-2003
packro01,9.5,1.3,200302160NOH-NOH,200302160NOH-DEN,NOH-2003,1,2003,12.35,48.35458333333334,packro01-2003
traylro01,8.65,2.2,200302160NOH-NOH,200302160NOH-DEN,NOH-2003,1,2003,19.03,48.35458333333334,traylro01-2003
hastoki01,7.2,-3.1,200302160NOH-NOH,200302160NOH-DEN,NOH-2003,1,2003,-22.32,48.35458333333334,hastoki01-2003
alexaco02,6.783333333333333,-2.5,200302160NOH-NOH,200302160NOH-DEN,NOH-2003,1,2003,-16.958333333333332,48.35458333333334,alexaco02-2003
campbel01,5.5,-0.7,200302160NOH-NOH,200302160NOH-DEN,NOH-2003,1,2003,-3.8499999999999996,48.35458333333334,campbel01-2003
augmost01,3.6666666666666665,-0.5,200302160NOH-NOH,200302160NOH-DEN,NOH-2003,1,2003,-1.8333333333333333,48.35458333333334,augmost01-2003
duncati01,31.766666666666666,5.4,200302180SAS-SAS,200302180SAS-DEN,SAS-2003,1,2003,171.54,48.63,duncati01-2003
bowenbr01,29.25,7.6,200302180SAS-SAS,200302180SAS-DEN,SAS-2003,1,2003,222.29999999999998,48.63,bowenbr01-2003
rosema01,29.2,-6.5,200302180SAS-SAS,200302180SAS-DEN,SAS-2003,1,2003,-189.79999999999998,48.63,rosema01-2003
parketo01,25.316666666666666,1.9,200302180SAS-SAS,200302180SAS-DEN,SAS-2003,1,2003,48.10166666666667,48.63,parketo01-2003
jacksst02,23.433333333333334,3.6,200302180SAS-SAS,200302180SAS-DEN,SAS-2003,1,2003,84.36,48.63,jacksst02-2003
willike02,20.883333333333333,2.6,200302180SAS-SAS,200302180SAS-DEN,SAS-2003,1,2003,54.29666666666667,48.63,willike02-2003
ginobma01,19.7,0.7,200302180SAS-SAS,200302180SAS-DEN,SAS-2003,1,2003,13.79,48.63,ginobma01-2003
kerrst01,17.133333333333333,3.5,200302180SAS-SAS,200302180SAS-DEN,SAS-2003,1,2003,59.96666666666667,48.63,kerrst01-2003
smithst01,15.016666666666667,1.2,200302180SAS-SAS,200302180SAS-DEN,SAS-2003,1,2003,18.02,48.63,smithst01-2003
claxtsp01,14.15,3.2,200302180SAS-SAS,200302180SAS-DEN,SAS-2003,1,2003,45.28,48.63,claxtsp01-2003
ferryda01,14.15,0.5,200302180SAS-SAS,200302180SAS-DEN,SAS-2003,1,2003,7.075,48.63,ferryda01-2003
howarju01,39.63333333333333,1.5,200302190DEN-DEN,200302190DEN-MIN,DEN-2003,0,2003,59.45,2.222333333333335,howarju01-2003
harriju01,30.683333333333334,-3.5,200302190DEN-DEN,200302190DEN-MIN,DEN-2003,0,2003,-107.39166666666667,2.222333333333335,harriju01-2003
hilarne01,30.433333333333334,-5.5,200302190DEN-DEN,200302190DEN-MIN,DEN-2003,0,2003,-167.38333333333333,2.222333333333335,hilarne01-2003
yarbrvi01,27.516666666666666,8.3,200302190DEN-DEN,200302190DEN-MIN,DEN-2003,0,2003,228.38833333333335,2.222333333333335,yarbrvi01-2003
bowenry01,25.216666666666665,2.2,200302190DEN-DEN,200302190DEN-MIN,DEN-2003,0,2003,55.47666666666667,2.222333333333335,bowenry01-2003
tskitni01,22.783333333333335,-3.1,200302190DEN-DEN,200302190DEN-MIN,DEN-2003,0,2003,-70.62833333333334,2.222333333333335,tskitni01-2003
whitero02,20.483333333333334,-3.7,200302190DEN-DEN,200302190DEN-MIN,DEN-2003,0,2003,-75.78833333333334,2.222333333333335,whitero02-2003
whitnch01,17.316666666666666,-1.7,200302190DEN-DEN,200302190DEN-MIN,DEN-2003,0,2003,-29.438333333333333,2.222333333333335,whitnch01-2003
anderch01,15.85,8.3,200302190DEN-DEN,200302190DEN-MIN,DEN-2003,0,2003,131.555,2.222333333333335,anderch01-2003
blounma01,10.083333333333334,-0.2,200302190DEN-DEN,200302190DEN-MIN,DEN-2003,0,2003,-2.016666666666667,2.222333333333335,blounma01-2003
cheanca01,40.233333333333334,-0.1,200302220UTA-UTA,200302220UTA-DEN,UTA-2003,1,2003,-4.023333333333333,41.23454545454545,cheanca01-2003
malonka01,36.8,8.7,200302220UTA-UTA,200302220UTA-DEN,UTA-2003,1,2003,320.15999999999997,41.23454545454545,malonka01-2003
harprma01,33.11666666666667,-3.6,200302220UTA-UTA,200302220UTA-DEN,UTA-2003,1,2003,-119.22,41.23454545454545,harprma01-2003
stockjo01,30.516666666666666,6.9,200302220UTA-UTA,200302220UTA-DEN,UTA-2003,1,2003,210.565,41.23454545454545,stockjo01-2003
kirilan01,26.233333333333334,0.1,200302220UTA-UTA,200302220UTA-DEN,UTA-2003,1,2003,2.6233333333333335,41.23454545454545,kirilan01-2003
ostergr01,19.716666666666665,1.5,200302220UTA-UTA,200302220UTA-DEN,UTA-2003,1,2003,29.574999999999996,41.23454545454545,ostergr01-2003
jacksma01,17.483333333333334,-2.1,200302220UTA-UTA,200302220UTA-DEN,UTA-2003,1,2003,-36.715,41.23454545454545,jacksma01-2003
padgesc01,14.6,6,200302220UTA-UTA,200302220UTA-DEN,UTA-2003,1,2003,87.6,41.23454545454545,padgesc01-2003
amaecjo01,13.25,-2.5,200302220UTA-UTA,200302220UTA-DEN,UTA-2003,1,2003,-33.125,41.23454545454545,amaecjo01-2003
masseto01,6.95,-0.7,200302220UTA-UTA,200302220UTA-DEN,UTA-2003,1,2003,-4.865,41.23454545454545,masseto01-2003
stevede01,1.1166666666666667,0.9,200302220UTA-UTA,200302220UTA-DEN,UTA-2003,1,2003,1.0050000000000001,41.23454545454545,stevede01-2003
howarju01,41.36666666666667,6.1,200302240DEN-DEN,200302240DEN-GSW,DEN-2003,0,2003,252.33666666666664,21.71590909090909,howarju01-2003
harriju01,27.916666666666668,0.6,200302240DEN-DEN,200302240DEN-GSW,DEN-2003,0,2003,16.75,21.71590909090909,harriju01-2003
willish01,26.25,-5.8,200302240DEN-DEN,200302240DEN-GSW,DEN-2003,0,2003,-152.25,21.71590909090909,willish01-2003
hilarne01,25.683333333333334,5.4,200302240DEN-DEN,200302240DEN-GSW,DEN-2003,0,2003,138.69,21.71590909090909,hilarne01-2003
cambyma01,22.15,2,200302240DEN-DEN,200302240DEN-GSW,DEN-2003,0,2003,44.3,21.71590909090909,cambyma01-2003
whitero02,21.366666666666667,-6,200302240DEN-DEN,200302240DEN-GSW,DEN-2003,0,2003,-128.2,21.71590909090909,whitero02-2003
yarbrvi01,20.916666666666668,-1.3,200302240DEN-DEN,200302240DEN-GSW,DEN-2003,0,2003,-27.19166666666667,21.71590909090909,yarbrvi01-2003
harvedo01,20.316666666666666,1.8,200302240DEN-DEN,200302240DEN-GSW,DEN-2003,0,2003,36.57,21.71590909090909,harvedo01-2003
bowenry01,17.566666666666666,4.5,200302240DEN-DEN,200302240DEN-GSW,DEN-2003,0,2003,79.05,21.71590909090909,bowenry01-2003
tskitni01,9.833333333333334,-0.4,200302240DEN-DEN,200302240DEN-GSW,DEN-2003,0,2003,-3.9333333333333336,21.71590909090909,tskitni01-2003
anderch01,6.633333333333333,-2.6,200302240DEN-DEN,200302240DEN-GSW,DEN-2003,0,2003,-17.246666666666666,21.71590909090909,anderch01-2003
harriju01,42.81666666666667,4.3,200302260DEN-DEN,200302260DEN-POR,DEN-2003,0,2003,184.11166666666668,3.673333333333332,harriju01-2003
howarju01,37.416666666666664,-2.2,200302260DEN-DEN,200302260DEN-POR,DEN-2003,0,2003,-82.31666666666666,3.673333333333332,howarju01-2003
yarbrvi01,35.983333333333334,-2.9,200302260DEN-DEN,200302260DEN-POR,DEN-2003,0,2003,-104.35166666666666,3.673333333333332,yarbrvi01-2003
hilarne01,35.5,-1,200302260DEN-DEN,200302260DEN-POR,DEN-2003,0,2003,-35.5,3.673333333333332,hilarne01-2003
harvedo01,32.55,4.6,200302260DEN-DEN,200302260DEN-POR,DEN-2003,0,2003,149.72999999999996,3.673333333333332,harvedo01-2003
willish01,21.266666666666666,-4.7,200302260DEN-DEN,200302260DEN-POR,DEN-2003,0,2003,-99.95333333333333,3.673333333333332,willish01-2003
anderch01,13.05,1.4,200302260DEN-DEN,200302260DEN-POR,DEN-2003,0,2003,18.27,3.673333333333332,anderch01-2003
bowenry01,9.766666666666667,0.5,200302260DEN-DEN,200302260DEN-POR,DEN-2003,0,2003,4.883333333333334,3.673333333333332,bowenry01-2003
cambyma01,7.65,0.4,200302260DEN-DEN,200302260DEN-POR,DEN-2003,0,2003,3.0600000000000005,3.673333333333332,cambyma01-2003
tskitni01,4,-0.3,200302260DEN-DEN,200302260DEN-POR,DEN-2003,0,2003,-1.2,3.673333333333332,tskitni01-2003
howarju01,39.916666666666664,7.1,200302280DEN-DEN,200302280DEN-NOH,DEN-2003,0,2003,283.4083333333333,18.899666666666665,howarju01-2003
hilarne01,31.05,3,200302280DEN-DEN,200302280DEN-NOH,DEN-2003,0,2003,93.15,18.899666666666665,hilarne01-2003
harvedo01,30.8,-3.6,200302280DEN-DEN,200302280DEN-NOH,DEN-2003,0,2003,-110.88000000000001,18.899666666666665,harvedo01-2003
yarbrvi01,29.95,-2.2,200302280DEN-DEN,200302280DEN-NOH,DEN-2003,0,2003,-65.89,18.899666666666665,yarbrvi01-2003
harriju01,29.65,2.2,200302280DEN-DEN,200302280DEN-NOH,DEN-2003,0,2003,65.23,18.899666666666665,harriju01-2003
willish01,26.716666666666665,-3.1,200302280DEN-DEN,200302280DEN-NOH,DEN-2003,0,2003,-82.82166666666666,18.899666666666665,willish01-2003
anderch01,22,1.7,200302280DEN-DEN,200302280DEN-NOH,DEN-2003,0,2003,37.4,18.899666666666665,anderch01-2003
tskitni01,13.8,-2.4,200302280DEN-DEN,200302280DEN-NOH,DEN-2003,0,2003,-33.12,18.899666666666665,tskitni01-2003
whitero02,9.866666666666667,0.7,200302280DEN-DEN,200302280DEN-NOH,DEN-2003,0,2003,6.906666666666666,18.899666666666665,whitero02-2003
savovpr01,6.266666666666667,-0.7,200302280DEN-DEN,200302280DEN-NOH,DEN-2003,0,2003,-4.386666666666667,18.899666666666665,savovpr01-2003
howarju01,37.833333333333336,2.8,200303020DEN-DEN,200303020DEN-PHI,DEN-2003,0,2003,105.93333333333334,19.086363636363636,howarju01-2003
harriju01,30.433333333333334,1.2,200303020DEN-DEN,200303020DEN-PHI,DEN-2003,0,2003,36.519999999999996,19.086363636363636,harriju01-2003
willish01,26.9,-3.2,200303020DEN-DEN,200303020DEN-PHI,DEN-2003,0,2003,-86.08,19.086363636363636,willish01-2003
yarbrvi01,26.516666666666666,4.4,200303020DEN-DEN,200303020DEN-PHI,DEN-2003,0,2003,116.67333333333333,19.086363636363636,yarbrvi01-2003
cambyma01,25.65,3.1,200303020DEN-DEN,200303020DEN-PHI,DEN-2003,0,2003,79.515,19.086363636363636,cambyma01-2003
hilarne01,23.033333333333335,-2.3,200303020DEN-DEN,200303020DEN-PHI,DEN-2003,0,2003,-52.97666666666667,19.086363636363636,hilarne01-2003
tskitni01,20.75,-2.2,200303020DEN-DEN,200303020DEN-PHI,DEN-2003,0,2003,-45.650000000000006,19.086363636363636,tskitni01-2003
harvedo01,19.85,-0.3,200303020DEN-DEN,200303020DEN-PHI,DEN-2003,0,2003,-5.955,19.086363636363636,harvedo01-2003
anderch01,16.8,6,200303020DEN-DEN,200303020DEN-PHI,DEN-2003,0,2003,100.80000000000001,19.086363636363636,anderch01-2003
savovpr01,6.35,-5,200303020DEN-DEN,200303020DEN-PHI,DEN-2003,0,2003,-31.75,19.086363636363636,savovpr01-2003
whitero02,5.9,-1.2,200303020DEN-DEN,200303020DEN-PHI,DEN-2003,0,2003,-7.08,19.086363636363636,whitero02-2003
abdursh01,44,3.9,200303040ATL-ATL,200303040ATL-DEN,ATL-2003,1,2003,171.6,43.5115,abdursh01-2003
ratlith01,40.43333333333333,-1.3,200303040ATL-ATL,200303040ATL-DEN,ATL-2003,1,2003,-52.56333333333333,43.5115,ratlith01-2003
robingl01,37.43333333333333,-0.9,200303040ATL-ATL,200303040ATL-DEN,ATL-2003,1,2003,-33.69,43.5115,robingl01-2003
terryja01,35.733333333333334,10.4,200303040ATL-ATL,200303040ATL-DEN,ATL-2003,1,2003,371.62666666666667,43.5115,terryja01-2003
glovedi01,32.36666666666667,-0.3,200303040ATL-ATL,200303040ATL-DEN,ATL-2003,1,2003,-9.709999999999999,43.5115,glovedi01-2003
newblir01,26.333333333333332,1.1,200303040ATL-ATL,200303040ATL-DEN,ATL-2003,1,2003,28.96666666666667,43.5115,newblir01-2003
dickada01,11.766666666666667,-0.2,200303040ATL-ATL,200303040ATL-DEN,ATL-2003,1,2003,-2.3533333333333335,43.5115,dickada01-2003
hendeal01,10.733333333333333,-3.6,200303040ATL-ATL,200303040ATL-DEN,ATL-2003,1,2003,-38.64,43.5115,hendeal01-2003
hamda01,0.8333333333333334,-0.1,200303040ATL-ATL,200303040ATL-DEN,ATL-2003,1,2003,-0.08333333333333334,43.5115,hamda01-2003
jacksje01,0.38333333333333336,-0.1,200303040ATL-ATL,200303040ATL-DEN,ATL-2003,1,2003,-0.03833333333333334,43.5115,jacksje01-2003
swiftst01,40.68333333333333,1.6,200303050MEM-MEM,200303050MEM-DEN,MEM-2003,1,2003,65.09333333333333,44.984545454545454,swiftst01-2003
gasolpa01,37.06666666666667,-2.8,200303050MEM-MEM,200303050MEM-DEN,MEM-2003,1,2003,-103.78666666666668,44.984545454545454,gasolpa01-2003
persowe01,33.483333333333334,5.1,200303050MEM-MEM,200303050MEM-DEN,MEM-2003,1,2003,170.765,44.984545454545454,persowe01-2003
willija02,33.483333333333334,6.3,200303050MEM-MEM,200303050MEM-DEN,MEM-2003,1,2003,210.945,44.984545454545454,willija02-2003
battish01,28.8,6.1,200303050MEM-MEM,200303050MEM-DEN,MEM-2003,1,2003,175.68,44.984545454545454,battish01-2003
millemi01,19.2,1.7,200303050MEM-MEM,200303050MEM-DEN,MEM-2003,1,2003,32.64,44.984545454545454,millemi01-2003
batismi01,15.416666666666666,-2.2,200303050MEM-MEM,200303050MEM-DEN,MEM-2003,1,2003,-33.91666666666667,44.984545454545454,batismi01-2003
knighbr01,14.516666666666667,-1.2,200303050MEM-MEM,200303050MEM-DEN,MEM-2003,1,2003,-17.42,44.984545454545454,knighbr01-2003
watsoea01,14.516666666666667,-0.2,200303050MEM-MEM,200303050MEM-DEN,MEM-2003,1,2003,-2.9033333333333338,44.984545454545454,watsoea01-2003
archiro01,1.4166666666666667,-1.5,200303050MEM-MEM,200303050MEM-DEN,MEM-2003,1,2003,-2.125,44.984545454545454,archiro01-2003
trybace01,1.4166666666666667,-0.1,200303050MEM-MEM,200303050MEM-DEN,MEM-2003,1,2003,-0.1416666666666667,44.984545454545454,trybace01-2003
butlera01,39.36666666666667,4.2,200303080MIA-MIA,200303080MIA-DEN,MIA-2003,0,2003,165.34,3.387878787878786,butlera01-2003
allenma01,38.2,-2.2,200303080MIA-MIA,200303080MIA-DEN,MIA-2003,0,2003,-84.04,3.387878787878786,allenma01-2003
grantbr01,33.93333333333333,4.8,200303080MIA-MIA,200303080MIA-DEN,MIA-2003,0,2003,162.87999999999997,3.387878787878786,grantbr01-2003
butleca01,31.95,-5.1,200303080MIA-MIA,200303080MIA-DEN,MIA-2003,0,2003,-162.945,3.387878787878786,butleca01-2003
jamesmi01,26.616666666666667,-0.4,200303080MIA-MIA,200303080MIA-DEN,MIA-2003,0,2003,-10.646666666666668,3.387878787878786,jamesmi01-2003
stepavl01,17.183333333333334,-1.5,200303080MIA-MIA,200303080MIA-DEN,MIA-2003,0,2003,-25.775,3.387878787878786,stepavl01-2003
cartean01,16.75,3.2,200303080MIA-MIA,200303080MIA-DEN,MIA-2003,0,2003,53.6,3.387878787878786,cartean01-2003
besttr01,13.7,-4.1,200303080MIA-MIA,200303080MIA-DEN,MIA-2003,0,2003,-56.169999999999995,3.387878787878786,besttr01-2003
houseed01,12.566666666666666,0.9,200303080MIA-MIA,200303080MIA-DEN,MIA-2003,0,2003,11.31,3.387878787878786,houseed01-2003
marksse01,6.683333333333334,-2.3,200303080MIA-MIA,200303080MIA-DEN,MIA-2003,0,2003,-15.371666666666666,3.387878787878786,marksse01-2003
lamplse01,3.05,-0.3,200303080MIA-MIA,200303080MIA-DEN,MIA-2003,0,2003,-0.9149999999999999,3.387878787878786,lamplse01-2003
giricgo01,34.416666666666664,1.8,200303090ORL-ORL,200303090ORL-DEN,ORL-2003,1,2003,61.949999999999996,52.04027777777778,giricgo01-2003
mcgratr01,31.283333333333335,18.4,200303090ORL-ORL,200303090ORL-DEN,ORL-2003,1,2003,575.6133333333333,52.04027777777778,mcgratr01-2003
garripa01,30.883333333333333,3,200303090ORL-ORL,200303090ORL-DEN,ORL-2003,1,2003,92.65,52.04027777777778,garripa01-2003
goodedr01,22.9,0.6,200303090ORL-ORL,200303090ORL-DEN,ORL-2003,1,2003,13.739999999999998,52.04027777777778,goodedr01-2003
kempsh01,20.233333333333334,1.8,200303090ORL-ORL,200303090ORL-DEN,ORL-2003,1,2003,36.42,52.04027777777778,kempsh01-2003
vaughja01,18.4,1.2,200303090ORL-ORL,200303090ORL-DEN,ORL-2003,1,2003,22.08,52.04027777777778,vaughja01-2003
declean01,17.2,-3.6,200303090ORL-ORL,200303090ORL-DEN,ORL-2003,1,2003,-61.92,52.04027777777778,declean01-2003
sasseje01,16.716666666666665,-2.6,200303090ORL-ORL,200303090ORL-DEN,ORL-2003,1,2003,-43.46333333333333,52.04027777777778,sasseje01-2003
armstda01,16.683333333333334,2.5,200303090ORL-ORL,200303090ORL-DEN,ORL-2003,1,2003,41.708333333333336,52.04027777777778,armstda01-2003
whitnch01,12.916666666666666,-3.6,200303090ORL-ORL,200303090ORL-DEN,ORL-2003,1,2003,-46.5,52.04027777777778,whitnch01-2003
huntest01,10.583333333333334,-3.9,200303090ORL-ORL,200303090ORL-DEN,ORL-2003,1,2003,-41.275,52.04027777777778,huntest01-2003
burkepa01,7.8,-3.4,200303090ORL-ORL,200303090ORL-DEN,ORL-2003,1,2003,-26.52,52.04027777777778,burkepa01-2003
harriju01,29.216666666666665,-2.5,200303110DEN-DEN,200303110DEN-TOR,DEN-2003,1,2003,-73.04166666666666,21.794444444444444,harriju01-2003
tskitni01,28.833333333333332,1.4,200303110DEN-DEN,200303110DEN-TOR,DEN-2003,1,2003,40.36666666666666,21.794444444444444,tskitni01-2003
howarju01,28.583333333333332,7.5,200303110DEN-DEN,200303110DEN-TOR,DEN-2003,1,2003,214.375,21.794444444444444,howarju01-2003
cambyma01,23.733333333333334,0.1,200303110DEN-DEN,200303110DEN-TOR,DEN-2003,1,2003,2.3733333333333335,21.794444444444444,cambyma01-2003
hilarne01,23.3,1.4,200303110DEN-DEN,200303110DEN-TOR,DEN-2003,1,2003,32.62,21.794444444444444,hilarne01-2003
whitero02,20.316666666666666,2.1,200303110DEN-DEN,200303110DEN-TOR,DEN-2003,1,2003,42.665,21.794444444444444,whitero02-2003
willish01,20.066666666666666,-0.1,200303110DEN-DEN,200303110DEN-TOR,DEN-2003,1,2003,-2.006666666666667,21.794444444444444,willish01-2003
anderch01,19.483333333333334,-0.1,200303110DEN-DEN,200303110DEN-TOR,DEN-2003,1,2003,-1.9483333333333335,21.794444444444444,anderch01-2003
yarbrvi01,17.216666666666665,0.7,200303110DEN-DEN,200303110DEN-TOR,DEN-2003,1,2003,12.051666666666664,21.794444444444444,yarbrvi01-2003
bowenry01,14.55,3,200303110DEN-DEN,200303110DEN-TOR,DEN-2003,1,2003,43.650000000000006,21.794444444444444,bowenry01-2003
harvedo01,9.216666666666667,-5.2,200303110DEN-DEN,200303110DEN-TOR,DEN-2003,1,2003,-47.92666666666667,21.794444444444444,harvedo01-2003
savovpr01,5.483333333333333,-0.3,200303110DEN-DEN,200303110DEN-TOR,DEN-2003,1,2003,-1.645,21.794444444444444,savovpr01-2003
howarju01,36.56666666666667,5.5,200303160DEN-DEN,200303160DEN-SEA,DEN-2003,0,2003,201.11666666666667,13.837272727272726,howarju01-2003
hilarne01,33.266666666666666,-1.5,200303160DEN-DEN,200303160DEN-SEA,DEN-2003,0,2003,-49.9,13.837272727272726,hilarne01-2003
harvedo01,28.716666666666665,3.3,200303160DEN-DEN,200303160DEN-SEA,DEN-2003,0,2003,94.76499999999999,13.837272727272726,harvedo01-2003
harriju01,27.283333333333335,1.1,200303160DEN-DEN,200303160DEN-SEA,DEN-2003,0,2003,30.01166666666667,13.837272727272726,harriju01-2003
willish01,25.933333333333334,0.1,200303160DEN-DEN,200303160DEN-SEA,DEN-2003,0,2003,2.5933333333333337,13.837272727272726,willish01-2003
yarbrvi01,24.5,-0.6,200303160DEN-DEN,200303160DEN-SEA,DEN-2003,0,2003,-14.7,13.837272727272726,yarbrvi01-2003
cambyma01,21,-2.6,200303160DEN-DEN,200303160DEN-SEA,DEN-2003,0,2003,-54.6,13.837272727272726,cambyma01-2003
tskitni01,19.283333333333335,-4.4,200303160DEN-DEN,200303160DEN-SEA,DEN-2003,0,2003,-84.84666666666668,13.837272727272726,tskitni01-2003
bowenry01,10.5,4.6,200303160DEN-DEN,200303160DEN-SEA,DEN-2003,0,2003,48.3,13.837272727272726,bowenry01-2003
whitero02,7.783333333333333,-3,200303160DEN-DEN,200303160DEN-SEA,DEN-2003,0,2003,-23.35,13.837272727272726,whitero02-2003
anderch01,4.7,0.6,200303160DEN-DEN,200303160DEN-SEA,DEN-2003,0,2003,2.82,13.837272727272726,anderch01-2003
cheanca01,39.75,2.6,200303180UTA-UTA,200303180UTA-DEN,UTA-2003,1,2003,103.35000000000001,66.78791666666666,cheanca01-2003
malonka01,33.516666666666666,12,200303180UTA-UTA,200303180UTA-DEN,UTA-2003,1,2003,402.2,66.78791666666666,malonka01-2003
harprma01,33.166666666666664,12.3,200303180UTA-UTA,200303180UTA-DEN,UTA-2003,1,2003,407.95,66.78791666666666,harprma01-2003
jacksma01,22.283333333333335,-4.2,200303180UTA-UTA,200303180UTA-DEN,UTA-2003,1,2003,-93.59000000000002,66.78791666666666,jacksma01-2003
stockjo01,21.833333333333332,1.2,200303180UTA-UTA,200303180UTA-DEN,UTA-2003,1,2003,26.2,66.78791666666666,stockjo01-2003
kirilan01,20.383333333333333,1.7,200303180UTA-UTA,200303180UTA-DEN,UTA-2003,1,2003,34.651666666666664,66.78791666666666,kirilan01-2003
masseto01,18.916666666666668,-0.8,200303180UTA-UTA,200303180UTA-DEN,UTA-2003,1,2003,-15.133333333333335,66.78791666666666,masseto01-2003
ostergr01,18.483333333333334,-1.1,200303180UTA-UTA,200303180UTA-DEN,UTA-2003,1,2003,-20.33166666666667,66.78791666666666,ostergr01-2003
padgesc01,17.016666666666666,0.4,200303180UTA-UTA,200303180UTA-DEN,UTA-2003,1,2003,6.806666666666667,66.78791666666666,padgesc01-2003
stevede01,9.5,-4.8,200303180UTA-UTA,200303180UTA-DEN,UTA-2003,1,2003,-45.6,66.78791666666666,stevede01-2003
arroyca01,3.8833333333333333,-1.3,200303180UTA-UTA,200303180UTA-DEN,UTA-2003,1,2003,-5.048333333333334,66.78791666666666,arroyca01-2003
amaecjo01,1.2666666666666666,0,200303180UTA-UTA,200303180UTA-DEN,UTA-2003,1,2003,0,66.78791666666666,amaecjo01-2003
millean02,29.7,5.2,200303190LAC-LAC,200303190LAC-DEN,LAC-2003,1,2003,154.44,26.559333333333335,millean02-2003
parksch02,27.8,-4.3,200303190LAC-LAC,200303190LAC-DEN,LAC-2003,1,2003,-119.53999999999999,26.559333333333335,parksch02-2003
fowlktr01,26.166666666666668,-3.3,200303190LAC-LAC,200303190LAC-DEN,LAC-2003,1,2003,-86.35,26.559333333333335,fowlktr01-2003
zhizhwa01,25.233333333333334,6.8,200303190LAC-LAC,200303190LAC-DEN,LAC-2003,1,2003,171.58666666666667,26.559333333333335,zhizhwa01-2003
jaricma01,24,2.5,200303190LAC-LAC,200303190LAC-DEN,LAC-2003,1,2003,60,26.559333333333335,jaricma01-2003
richaqu01,23.866666666666667,0,200303190LAC-LAC,200303190LAC-DEN,LAC-2003,1,2003,0,26.559333333333335,richaqu01-2003
rooksse01,22.766666666666666,1,200303190LAC-LAC,200303190LAC-DEN,LAC-2003,1,2003,22.766666666666666,26.559333333333335,rooksse01-2003
odomla01,21.833333333333332,2.3,200303190LAC-LAC,200303190LAC-DEN,LAC-2003,1,2003,50.21666666666666,26.559333333333335,odomla01-2003
wilcoch01,20.2,0.8,200303190LAC-LAC,200303190LAC-DEN,LAC-2003,1,2003,16.16,26.559333333333335,wilcoch01-2003
piatker01,18.433333333333334,-0.2,200303190LAC-LAC,200303190LAC-DEN,LAC-2003,1,2003,-3.686666666666667,26.559333333333335,piatker01-2003
lewisra02,50.63333333333333,-10.2,200303210SEA-SEA,200303210SEA-DEN,SEA-2003,1,2003,-516.4599999999999,48.514629629629646,lewisra02-2003
allenra02,47.35,14.4,200303210SEA-SEA,200303210SEA-DEN,SEA-2003,1,2003,681.84,48.514629629629646,allenra02-2003
ollieke01,35.766666666666666,4.3,200303210SEA-SEA,200303210SEA-DEN,SEA-2003,1,2003,153.79666666666665,48.514629629629646,ollieke01-2003
radmavl01,33.45,5.5,200303210SEA-SEA,200303210SEA-DEN,SEA-2003,1,2003,183.97500000000002,48.514629629629646,radmavl01-2003
barrybr01,25.6,0.6,200303210SEA-SEA,200303210SEA-DEN,SEA-2003,1,2003,15.36,48.514629629629646,barrybr01-2003
jamesje01,24.566666666666666,-2.5,200303210SEA-SEA,200303210SEA-DEN,SEA-2003,1,2003,-61.416666666666664,48.514629629629646,jamesje01-2003
evansre01,23.533333333333335,0.3,200303210SEA-SEA,200303210SEA-DEN,SEA-2003,1,2003,7.0600000000000005,48.514629629629646,evansre01-2003
campbel01,12.683333333333334,-1.9,200303210SEA-SEA,200303210SEA-DEN,SEA-2003,1,2003,-24.098333333333333,48.514629629629646,campbel01-2003
drobnpr01,11.416666666666666,-0.3,200303210SEA-SEA,200303210SEA-DEN,SEA-2003,1,2003,-3.425,48.514629629629646,drobnpr01-2003
howarju01,36.7,9.6,200303220DEN-DEN,200303220DEN-BOS,DEN-2003,1,2003,352.32,49.45621212121212,howarju01-2003
whitero02,30.383333333333333,5.3,200303220DEN-DEN,200303220DEN-BOS,DEN-2003,1,2003,161.03166666666667,49.45621212121212,whitero02-2003
hilarne01,27.55,2.9,200303220DEN-DEN,200303220DEN-BOS,DEN-2003,1,2003,79.895,49.45621212121212,hilarne01-2003
harvedo01,26.3,-3.4,200303220DEN-DEN,200303220DEN-BOS,DEN-2003,1,2003,-89.42,49.45621212121212,harvedo01-2003
willish01,26.183333333333334,2.6,200303220DEN-DEN,200303220DEN-BOS,DEN-2003,1,2003,68.07666666666667,49.45621212121212,willish01-2003
anderch01,23.3,-4.6,200303220DEN-DEN,200303220DEN-BOS,DEN-2003,1,2003,-107.17999999999999,49.45621212121212,anderch01-2003
harriju01,23.066666666666666,4.2,200303220DEN-DEN,200303220DEN-BOS,DEN-2003,1,2003,96.88000000000001,49.45621212121212,harriju01-2003
savovpr01,16.35,-2.6,200303220DEN-DEN,200303220DEN-BOS,DEN-2003,1,2003,-42.510000000000005,49.45621212121212,savovpr01-2003
cambyma01,16,4,200303220DEN-DEN,200303220DEN-BOS,DEN-2003,1,2003,64,49.45621212121212,cambyma01-2003
bowenry01,7.916666666666667,0.9,200303220DEN-DEN,200303220DEN-BOS,DEN-2003,1,2003,7.125,49.45621212121212,bowenry01-2003
tskitni01,6.6,-7,200303220DEN-DEN,200303220DEN-BOS,DEN-2003,1,2003,-46.199999999999996,49.45621212121212,tskitni01-2003
whitero02,39.31666666666667,8.6,200303240DEN-DEN,200303240DEN-DAL,DEN-2003,0,2003,338.12333333333333,42.220757575757574,whitero02-2003
howarju01,36.333333333333336,2.5,200303240DEN-DEN,200303240DEN-DAL,DEN-2003,0,2003,90.83333333333334,42.220757575757574,howarju01-2003
willish01,34.71666666666667,-6.1,200303240DEN-DEN,200303240DEN-DAL,DEN-2003,0,2003,-211.77166666666668,42.220757575757574,willish01-2003
hilarne01,33.93333333333333,8.6,200303240DEN-DEN,200303240DEN-DAL,DEN-2003,0,2003,291.82666666666665,42.220757575757574,hilarne01-2003
harvedo01,30.383333333333333,5.9,200303240DEN-DEN,200303240DEN-DAL,DEN-2003,0,2003,179.26166666666668,42.220757575757574,harvedo01-2003
tskitni01,19.916666666666668,-6.3,200303240DEN-DEN,200303240DEN-DAL,DEN-2003,0,2003,-125.47500000000001,42.220757575757574,tskitni01-2003
anderch01,11.666666666666666,-3.3,200303240DEN-DEN,200303240DEN-DAL,DEN-2003,0,2003,-38.49999999999999,42.220757575757574,anderch01-2003
trepaje01,10.866666666666667,-5.1,200303240DEN-DEN,200303240DEN-DAL,DEN-2003,0,2003,-55.42,42.220757575757574,trepaje01-2003
harriad01,9,1.7,200303240DEN-DEN,200303240DEN-DAL,DEN-2003,0,2003,15.299999999999999,42.220757575757574,harriad01-2003
savovpr01,8.683333333333334,-1.2,200303240DEN-DEN,200303240DEN-DAL,DEN-2003,0,2003,-10.42,42.220757575757574,savovpr01-2003
harriju01,5.183333333333334,-1.8,200303240DEN-DEN,200303240DEN-DAL,DEN-2003,0,2003,-9.33,42.220757575757574,harriju01-2003
whitero02,38.85,6.9,200303260DEN-DEN,200303260DEN-MIL,DEN-2003,1,2003,268.065,43.9835,whitero02-2003
howarju01,36.233333333333334,1.4,200303260DEN-DEN,200303260DEN-MIL,DEN-2003,1,2003,50.72666666666667,43.9835,howarju01-2003
willish01,33.95,-0.7,200303260DEN-DEN,200303260DEN-MIL,DEN-2003,1,2003,-23.765,43.9835,willish01-2003
hilarne01,33.916666666666664,1.3,200303260DEN-DEN,200303260DEN-MIL,DEN-2003,1,2003,44.09166666666667,43.9835,hilarne01-2003
harvedo01,25.416666666666668,2,200303260DEN-DEN,200303260DEN-MIL,DEN-2003,1,2003,50.833333333333336,43.9835,harvedo01-2003
cambyma01,23,4.7,200303260DEN-DEN,200303260DEN-MIL,DEN-2003,1,2003,108.10000000000001,43.9835,cambyma01-2003
tskitni01,21.333333333333332,2,200303260DEN-DEN,200303260DEN-MIL,DEN-2003,1,2003,42.666666666666664,43.9835,tskitni01-2003
harriju01,20.75,-4.4,200303260DEN-DEN,200303260DEN-MIL,DEN-2003,1,2003,-91.30000000000001,43.9835,harriju01-2003
anderch01,3.5833333333333335,-1.6,200303260DEN-DEN,200303260DEN-MIL,DEN-2003,1,2003,-5.733333333333334,43.9835,anderch01-2003
savovpr01,2.75,-1.4,200303260DEN-DEN,200303260DEN-MIL,DEN-2003,1,2003,-3.8499999999999996,43.9835,savovpr01-2003
moblecu01,44.21666666666667,-5.5,200303290HOU-HOU,200303290HOU-DEN,HOU-2003,1,2003,-243.19166666666666,46.199814814814815,moblecu01-2003
francst01,43.86666666666667,5.1,200303290HOU-HOU,200303290HOU-DEN,HOU-2003,1,2003,223.72,46.199814814814815,francst01-2003
catoke01,32.55,5.3,200303290HOU-HOU,200303290HOU-DEN,HOU-2003,1,2003,172.515,46.199814814814815,catoke01-2003
poseyja01,32.46666666666667,7.3,200303290HOU-HOU,200303290HOU-DEN,HOU-2003,1,2003,237.00666666666666,46.199814814814815,poseyja01-2003
griffed01,24.75,-1.5,200303290HOU-HOU,200303290HOU-DEN,HOU-2003,1,2003,-37.125,46.199814814814815,griffed01-2003
tayloma01,23.25,-0.8,200303290HOU-HOU,200303290HOU-DEN,HOU-2003,1,2003,-18.6,46.199814814814815,tayloma01-2003
ricegl01,15.533333333333333,6.4,200303290HOU-HOU,200303290HOU-DEN,HOU-2003,1,2003,99.41333333333334,46.199814814814815,ricegl01-2003
mingya01,15.45,-0.7,200303290HOU-HOU,200303290HOU-DEN,HOU-2003,1,2003,-10.815,46.199814814814815,mingya01-2003
norrimo01,7.916666666666667,-0.9,200303290HOU-HOU,200303290HOU-DEN,HOU-2003,1,2003,-7.125,46.199814814814815,norrimo01-2003
howarju01,36.25,-6.8,200303300DEN-DEN,200303300DEN-WAS,DEN-2003,1,2003,-246.5,24.97611111111111,howarju01-2003
hilarne01,34.43333333333333,5,200303300DEN-DEN,200303300DEN-WAS,DEN-2003,1,2003,172.16666666666666,24.97611111111111,hilarne01-2003
harriju01,30,-0.1,200303300DEN-DEN,200303300DEN-WAS,DEN-2003,1,2003,-3,24.97611111111111,harriju01-2003
tskitni01,27.516666666666666,-1.2,200303300DEN-DEN,200303300DEN-WAS,DEN-2003,1,2003,-33.019999999999996,24.97611111111111,tskitni01-2003
whitero02,26.783333333333335,-0.9,200303300DEN-DEN,200303300DEN-WAS,DEN-2003,1,2003,-24.105,24.97611111111111,whitero02-2003
harvedo01,22.866666666666667,5.7,200303300DEN-DEN,200303300DEN-WAS,DEN-2003,1,2003,130.34,24.97611111111111,harvedo01-2003
willish01,21.65,12.4,200303300DEN-DEN,200303300DEN-WAS,DEN-2003,1,2003,268.46,24.97611111111111,willish01-2003
cambyma01,18.6,0.8,200303300DEN-DEN,200303300DEN-WAS,DEN-2003,1,2003,14.880000000000003,24.97611111111111,cambyma01-2003
trepaje01,8.866666666666667,3.5,200303300DEN-DEN,200303300DEN-WAS,DEN-2003,1,2003,31.033333333333335,24.97611111111111,trepaje01-2003
harriad01,8.366666666666667,-0.9,200303300DEN-DEN,200303300DEN-WAS,DEN-2003,1,2003,-7.53,24.97611111111111,harriad01-2003
savovpr01,2.55,-0.6,200303300DEN-DEN,200303300DEN-WAS,DEN-2003,1,2003,-1.5299999999999998,24.97611111111111,savovpr01-2003
anderch01,2.1166666666666667,-0.7,200303300DEN-DEN,200303300DEN-WAS,DEN-2003,1,2003,-1.4816666666666667,24.97611111111111,anderch01-2003
mariosh01,37.56666666666667,13.6,200304010PHO-PHO,200304010PHO-DEN,PHO-2003,1,2003,510.9066666666667,77.66909090909091,mariosh01-2003
stoudam01,35.766666666666666,4.1,200304010PHO-PHO,200304010PHO-DEN,PHO-2003,1,2003,146.64333333333332,77.66909090909091,stoudam01-2003
johnsjo02,32.6,2.5,200304010PHO-PHO,200304010PHO-DEN,PHO-2003,1,2003,81.5,77.66909090909091,johnsjo02-2003
hardaan01,24.633333333333333,2.1,200304010PHO-PHO,200304010PHO-DEN,PHO-2003,1,2003,51.730000000000004,77.66909090909091,hardaan01-2003
outlabo01,23.683333333333334,1.3,200304010PHO-PHO,200304010PHO-DEN,PHO-2003,1,2003,30.788333333333334,77.66909090909091,outlabo01-2003
marbust01,21.233333333333334,1.4,200304010PHO-PHO,200304010PHO-DEN,PHO-2003,1,2003,29.726666666666667,77.66909090909091,marbust01-2003
voskuja01,18.566666666666666,1,200304010PHO-PHO,200304010PHO-DEN,PHO-2003,1,2003,18.566666666666666,77.66909090909091,voskuja01-2003
jacobca01,17.533333333333335,-1.1,200304010PHO-PHO,200304010PHO-DEN,PHO-2003,1,2003,-19.28666666666667,77.66909090909091,jacobca01-2003
langhda01,10.433333333333334,-2.4,200304010PHO-PHO,200304010PHO-DEN,PHO-2003,1,2003,-25.04,77.66909090909091,langhda01-2003
guglito01,9.883333333333333,3.9,200304010PHO-PHO,200304010PHO-DEN,PHO-2003,1,2003,38.544999999999995,77.66909090909091,guglito01-2003
willisc01,8.1,-1.2,200304010PHO-PHO,200304010PHO-DEN,PHO-2003,1,2003,-9.719999999999999,77.66909090909091,willisc01-2003
howarju01,40.083333333333336,2.7,200304020DEN-DEN,200304020DEN-NYK,DEN-2003,0,2003,108.22500000000001,22.047272727272734,howarju01-2003
whitero02,33.36666666666667,4.7,200304020DEN-DEN,200304020DEN-NYK,DEN-2003,0,2003,156.82333333333335,22.047272727272734,whitero02-2003
harriju01,29.683333333333334,0.1,200304020DEN-DEN,200304020DEN-NYK,DEN-2003,0,2003,2.9683333333333337,22.047272727272734,harriju01-2003
hilarne01,29.483333333333334,3.4,200304020DEN-DEN,200304020DEN-NYK,DEN-2003,0,2003,100.24333333333334,22.047272727272734,hilarne01-2003
tskitni01,29.316666666666666,-7.1,200304020DEN-DEN,200304020DEN-NYK,DEN-2003,0,2003,-208.1483333333333,22.047272727272734,tskitni01-2003
cambyma01,26.416666666666668,8.3,200304020DEN-DEN,200304020DEN-NYK,DEN-2003,0,2003,219.25833333333335,22.047272727272734,cambyma01-2003
willish01,18.316666666666666,-2.9,200304020DEN-DEN,200304020DEN-NYK,DEN-2003,0,2003,-53.11833333333333,22.047272727272734,willish01-2003
harvedo01,14.616666666666667,-1.6,200304020DEN-DEN,200304020DEN-NYK,DEN-2003,0,2003,-23.38666666666667,22.047272727272734,harvedo01-2003
yarbrvi01,9.983333333333333,-4.7,200304020DEN-DEN,200304020DEN-NYK,DEN-2003,0,2003,-46.92166666666667,22.047272727272734,yarbrvi01-2003
savovpr01,4.833333333333333,-3.1,200304020DEN-DEN,200304020DEN-NYK,DEN-2003,0,2003,-14.983333333333333,22.047272727272734,savovpr01-2003
anderch01,3.9,0.4,200304020DEN-DEN,200304020DEN-NYK,DEN-2003,0,2003,1.56,22.047272727272734,anderch01-2003
jamisan01,42.983333333333334,15.7,200304060GSW-GSW,200304060GSW-DEN,GSW-2003,1,2003,674.8383333333334,56.48814814814815,jamisan01-2003
arenagi01,33.483333333333334,-5.3,200304060GSW-GSW,200304060GSW-DEN,GSW-2003,1,2003,-177.46166666666667,56.48814814814815,arenagi01-2003
richaja01,33.4,-4.8,200304060GSW-GSW,200304060GSW-DEN,GSW-2003,1,2003,-160.32,56.48814814814815,richaja01-2003
murphtr01,25.133333333333333,4.8,200304060GSW-GSW,200304060GSW-DEN,GSW-2003,1,2003,120.63999999999999,56.48814814814815,murphtr01-2003
foylead01,25.083333333333332,2.8,200304060GSW-GSW,200304060GSW-DEN,GSW-2003,1,2003,70.23333333333332,56.48814814814815,foylead01-2003
dampier01,22.916666666666668,-0.6,200304060GSW-GSW,200304060GSW-DEN,GSW-2003,1,2003,-13.75,56.48814814814815,dampier01-2003
surabo01,22.866666666666667,1.3,200304060GSW-GSW,200304060GSW-DEN,GSW-2003,1,2003,29.726666666666667,56.48814814814815,surabo01-2003
boykiea01,19.533333333333335,0.2,200304060GSW-GSW,200304060GSW-DEN,GSW-2003,1,2003,3.906666666666667,56.48814814814815,boykiea01-2003
dunlemi02,14.6,-2.7,200304060GSW-GSW,200304060GSW-DEN,GSW-2003,1,2003,-39.42,56.48814814814815,dunlemi02-2003
hilarne01,36.13333333333333,6.2,200304080DEN-DEN,200304080DEN-PHO,DEN-2003,0,2003,224.02666666666667,-10.332727272727269,hilarne01-2003
whitero02,30,-2.5,200304080DEN-DEN,200304080DEN-PHO,DEN-2003,0,2003,-75,-10.332727272727269,whitero02-2003
howarju01,29.45,-2.9,200304080DEN-DEN,200304080DEN-PHO,DEN-2003,0,2003,-85.405,-10.332727272727269,howarju01-2003
harriju01,27.75,-6.1,200304080DEN-DEN,200304080DEN-PHO,DEN-2003,0,2003,-169.27499999999998,-10.332727272727269,harriju01-2003
brownde02,26.983333333333334,1.6,200304080DEN-DEN,200304080DEN-PHO,DEN-2003,0,2003,43.17333333333334,-10.332727272727269,brownde02-2003
yarbrvi01,23.8,0.7,200304080DEN-DEN,200304080DEN-PHO,DEN-2003,0,2003,16.66,-10.332727272727269,yarbrvi01-2003
willish01,20.25,-3.2,200304080DEN-DEN,200304080DEN-PHO,DEN-2003,0,2003,-64.8,-10.332727272727269,willish01-2003
harvedo01,16.983333333333334,3,200304080DEN-DEN,200304080DEN-PHO,DEN-2003,0,2003,50.95,-10.332727272727269,harvedo01-2003
anderch01,13.316666666666666,-2.1,200304080DEN-DEN,200304080DEN-PHO,DEN-2003,0,2003,-27.965,-10.332727272727269,anderch01-2003
tskitni01,11.416666666666666,-3,200304080DEN-DEN,200304080DEN-PHO,DEN-2003,0,2003,-34.25,-10.332727272727269,tskitni01-2003
trepaje01,3.9166666666666665,2.1,200304080DEN-DEN,200304080DEN-PHO,DEN-2003,0,2003,8.225,-10.332727272727269,trepaje01-2003
webbech01,41.78333333333333,6.8,200304110SAC-SAC,200304110SAC-DEN,SAC-2003,1,2003,284.12666666666667,48.05037037037037,webbech01-2003
stojape01,36.13333333333333,-1.6,200304110SAC-SAC,200304110SAC-DEN,SAC-2003,1,2003,-57.81333333333333,48.05037037037037,stojape01-2003
bibbymi01,29.833333333333332,2.6,200304110SAC-SAC,200304110SAC-DEN,SAC-2003,1,2003,77.56666666666666,48.05037037037037,bibbymi01-2003
chrisdo01,28.883333333333333,0,200304110SAC-SAC,200304110SAC-DEN,SAC-2003,1,2003,0,48.05037037037037,chrisdo01-2003
divacvl01,27.483333333333334,6.4,200304110SAC-SAC,200304110SAC-DEN,SAC-2003,1,2003,175.89333333333335,48.05037037037037,divacvl01-2003
jacksbo01,20.95,-4.1,200304110SAC-SAC,200304110SAC-DEN,SAC-2003,1,2003,-85.895,48.05037037037037,jacksbo01-2003
turkohe01,20.333333333333332,0.4,200304110SAC-SAC,200304110SAC-DEN,SAC-2003,1,2003,8.133333333333333,48.05037037037037,turkohe01-2003
pollasc01,18.083333333333332,-0.6,200304110SAC-SAC,200304110SAC-DEN,SAC-2003,1,2003,-10.85,48.05037037037037,pollasc01-2003
jacksji01,16.516666666666666,2.5,200304110SAC-SAC,200304110SAC-DEN,SAC-2003,1,2003,41.291666666666664,48.05037037037037,jacksji01-2003
willish01,28.466666666666665,-1.6,200304120DEN-DEN,200304120DEN-LAC,DEN-2003,0,2003,-45.54666666666667,-10.595151515151516,willish01-2003
anderch01,28.333333333333332,0.7,200304120DEN-DEN,200304120DEN-LAC,DEN-2003,0,2003,19.833333333333332,-10.595151515151516,anderch01-2003
whitero02,28.133333333333333,-0.9,200304120DEN-DEN,200304120DEN-LAC,DEN-2003,0,2003,-25.32,-10.595151515151516,whitero02-2003
trepaje01,26.633333333333333,9,200304120DEN-DEN,200304120DEN-LAC,DEN-2003,0,2003,239.7,-10.595151515151516,trepaje01-2003
howarju01,24.033333333333335,-0.8,200304120DEN-DEN,200304120DEN-LAC,DEN-2003,0,2003,-19.22666666666667,-10.595151515151516,howarju01-2003
tskitni01,21.5,0.2,200304120DEN-DEN,200304120DEN-LAC,DEN-2003,0,2003,4.3,-10.595151515151516,tskitni01-2003
brownde02,19.8,-5.1,200304120DEN-DEN,200304120DEN-LAC,DEN-2003,0,2003,-100.97999999999999,-10.595151515151516,brownde02-2003
harriju01,19.533333333333335,-1.1,200304120DEN-DEN,200304120DEN-LAC,DEN-2003,0,2003,-21.48666666666667,-10.595151515151516,harriju01-2003
harvedo01,16.033333333333335,-4.8,200304120DEN-DEN,200304120DEN-LAC,DEN-2003,0,2003,-76.96000000000001,-10.595151515151516,harvedo01-2003
yarbrvi01,15.6,-3.3,200304120DEN-DEN,200304120DEN-LAC,DEN-2003,0,2003,-51.48,-10.595151515151516,yarbrvi01-2003
cambyma01,11.933333333333334,-3.3,200304120DEN-DEN,200304120DEN-LAC,DEN-2003,0,2003,-39.379999999999995,-10.595151515151516,cambyma01-2003
pargoja01,26.866666666666667,5.9,200304150LAL-LAL,200304150LAL-DEN,LAL-2003,1,2003,158.51333333333335,32.85930555555556,pargoja01-2003
bryanko01,25.883333333333333,12.8,200304150LAL-LAL,200304150LAL-DEN,LAL-2003,1,2003,331.3066666666667,32.85930555555556,bryanko01-2003
georgde01,24.65,-3.2,200304150LAL-LAL,200304150LAL-DEN,LAL-2003,1,2003,-78.88,32.85930555555556,georgde01-2003
onealsh01,24,2.5,200304150LAL-LAL,200304150LAL-DEN,LAL-2003,1,2003,60,32.85930555555556,onealsh01-2003
rushka01,24,-6.9,200304150LAL-LAL,200304150LAL-DEN,LAL-2003,1,2003,-165.60000000000002,32.85930555555556,rushka01-2003
fishede01,21.133333333333333,-1,200304150LAL-LAL,200304150LAL-DEN,LAL-2003,1,2003,-21.133333333333333,32.85930555555556,fishede01-2003
madsema01,20.716666666666665,-1.2,200304150LAL-LAL,200304150LAL-DEN,LAL-2003,1,2003,-24.859999999999996,32.85930555555556,madsema01-2003
walkesa01,18.5,-0.3,200304150LAL-LAL,200304150LAL-DEN,LAL-2003,1,2003,-5.55,32.85930555555556,walkesa01-2003
foxri01,18.333333333333332,4.9,200304150LAL-LAL,200304150LAL-DEN,LAL-2003,1,2003,89.83333333333333,32.85930555555556,foxri01-2003
horryro01,16.316666666666666,3.2,200304150LAL-LAL,200304150LAL-DEN,LAL-2003,1,2003,52.21333333333334,32.85930555555556,horryro01-2003
medvest01,10.883333333333333,0.5,200304150LAL-LAL,200304150LAL-DEN,LAL-2003,1,2003,5.441666666666666,32.85930555555556,medvest01-2003
shawbr01,8.716666666666667,-0.8,200304150LAL-LAL,200304150LAL-DEN,LAL-2003,1,2003,-6.973333333333334,32.85930555555556,shawbr01-2003
tskitni01,29.416666666666668,-1,200304160DEN-DEN,200304160DEN-HOU,DEN-2003,0,2003,-29.416666666666668,3.4469444444444464,tskitni01-2003
howarju01,29.4,-9.1,200304160DEN-DEN,200304160DEN-HOU,DEN-2003,0,2003,-267.53999999999996,3.4469444444444464,howarju01-2003
yarbrvi01,27.633333333333333,8.2,200304160DEN-DEN,200304160DEN-HOU,DEN-2003,0,2003,226.5933333333333,3.4469444444444464,yarbrvi01-2003
cambyma01,25.583333333333332,-5.1,200304160DEN-DEN,200304160DEN-HOU,DEN-2003,0,2003,-130.475,3.4469444444444464,cambyma01-2003
harriad01,23.566666666666666,-0.1,200304160DEN-DEN,200304160DEN-HOU,DEN-2003,0,2003,-2.356666666666667,3.4469444444444464,harriad01-2003
harriju01,18.8,2.7,200304160DEN-DEN,200304160DEN-HOU,DEN-2003,0,2003,50.760000000000005,3.4469444444444464,harriju01-2003
willish01,18.266666666666666,8,200304160DEN-DEN,200304160DEN-HOU,DEN-2003,0,2003,146.13333333333333,3.4469444444444464,willish01-2003
hilarne01,18.1,3.4,200304160DEN-DEN,200304160DEN-HOU,DEN-2003,0,2003,61.540000000000006,3.4469444444444464,hilarne01-2003
anderch01,15.766666666666667,0.8,200304160DEN-DEN,200304160DEN-HOU,DEN-2003,0,2003,12.613333333333335,3.4469444444444464,anderch01-2003
whitero02,12.633333333333333,-2.9,200304160DEN-DEN,200304160DEN-HOU,DEN-2003,0,2003,-36.63666666666666,3.4469444444444464,whitero02-2003
trepaje01,12.05,2.3,200304160DEN-DEN,200304160DEN-HOU,DEN-2003,0,2003,27.715,3.4469444444444464,trepaje01-2003
harvedo01,8.783333333333333,-2,200304160DEN-DEN,200304160DEN-HOU,DEN-2003,0,2003,-17.566666666666666,3.4469444444444464,harvedo01-2003
poseyja01,34.13333333333333,7,200210300MIN-DEN,200210300MIN-MIN,DEN-2003,0,2003,238.93333333333334,14.84716666666667,poseyja01-2003
whitnch01,30.233333333333334,-6.4,200210300MIN-DEN,200210300MIN-MIN,DEN-2003,0,2003,-193.49333333333334,14.84716666666667,whitnch01-2003
tskitni01,28.783333333333335,6.2,200210300MIN-DEN,200210300MIN-MIN,DEN-2003,0,2003,178.45666666666668,14.84716666666667,tskitni01-2003
hilarne01,28.066666666666666,2.9,200210300MIN-DEN,200210300MIN-MIN,DEN-2003,0,2003,81.39333333333333,14.84716666666667,hilarne01-2003
harvedo01,25.6,-6.1,200210300MIN-DEN,200210300MIN-MIN,DEN-2003,0,2003,-156.16,14.84716666666667,harvedo01-2003
anderch01,22.883333333333333,6.9,200210300MIN-DEN,200210300MIN-MIN,DEN-2003,0,2003,157.895,14.84716666666667,anderch01-2003
blounma01,19.45,-2.9,200210300MIN-DEN,200210300MIN-MIN,DEN-2003,0,2003,-56.404999999999994,14.84716666666667,blounma01-2003
bowenry01,18.216666666666665,-0.9,200210300MIN-DEN,200210300MIN-MIN,DEN-2003,0,2003,-16.395,14.84716666666667,bowenry01-2003
satteke01,17.766666666666666,-2.4,200210300MIN-DEN,200210300MIN-MIN,DEN-2003,0,2003,-42.63999999999999,14.84716666666667,satteke01-2003
harriju01,14.866666666666667,-2.9,200210300MIN-DEN,200210300MIN-MIN,DEN-2003,0,2003,-43.11333333333334,14.84716666666667,harriju01-2003
moblecu01,47,7.7,200211010DEN-HOU,200211010DEN-DEN,HOU-2003,1,2003,361.90000000000003,57.285000000000004,moblecu01-2003
francst01,37.38333333333333,7.5,200211010DEN-HOU,200211010DEN-DEN,HOU-2003,1,2003,280.375,57.285000000000004,francst01-2003
griffed01,34.43333333333333,-4.5,200211010DEN-HOU,200211010DEN-DEN,HOU-2003,1,2003,-154.95,57.285000000000004,griffed01-2003
catoke01,28.116666666666667,5.8,200211010DEN-HOU,200211010DEN-DEN,HOU-2003,1,2003,163.07666666666665,57.285000000000004,catoke01-2003
hawkiju01,26.983333333333334,-0.8,200211010DEN-HOU,200211010DEN-DEN,HOU-2003,1,2003,-21.58666666666667,57.285000000000004,hawkiju01-2003
norrimo01,20.816666666666666,-2.6,200211010DEN-HOU,200211010DEN-DEN,HOU-2003,1,2003,-54.123333333333335,57.285000000000004,norrimo01-2003
collija02,20.7,-1.3,200211010DEN-HOU,200211010DEN-DEN,HOU-2003,1,2003,-26.91,57.285000000000004,collija02-2003
mingya01,12.75,-1.6,200211010DEN-HOU,200211010DEN-DEN,HOU-2003,1,2003,-20.400000000000002,57.285000000000004,mingya01-2003
nachbbo01,11.816666666666666,-1,200211010DEN-HOU,200211010DEN-DEN,HOU-2003,1,2003,-11.816666666666666,57.285000000000004,nachbbo01-2003
poseyja01,43.31666666666667,10.8,200211020POR-DEN,200211020POR-POR,DEN-2003,1,2003,467.82000000000005,57.68233333333334,poseyja01-2003
whitnch01,34.65,0.8,200211020POR-DEN,200211020POR-POR,DEN-2003,1,2003,27.72,57.68233333333334,whitnch01-2003
blounma01,33.93333333333333,-3.3,200211020POR-DEN,200211020POR-POR,DEN-2003,1,2003,-111.97999999999999,57.68233333333334,blounma01-2003
anderch01,25.266666666666666,2.1,200211020POR-DEN,200211020POR-POR,DEN-2003,1,2003,53.06,57.68233333333334,anderch01-2003
bowenry01,24.266666666666666,1.9,200211020POR-DEN,200211020POR-POR,DEN-2003,1,2003,46.10666666666666,57.68233333333334,bowenry01-2003
harriju01,21.533333333333335,-1.8,200211020POR-DEN,200211020POR-POR,DEN-2003,1,2003,-38.760000000000005,57.68233333333334,harriju01-2003
harvedo01,18.583333333333332,4.5,200211020POR-DEN,200211020POR-POR,DEN-2003,1,2003,83.625,57.68233333333334,harvedo01-2003
hilarne01,18.216666666666665,2.5,200211020POR-DEN,200211020POR-POR,DEN-2003,1,2003,45.541666666666664,57.68233333333334,hilarne01-2003
satteke01,13.35,1,200211020POR-DEN,200211020POR-POR,DEN-2003,1,2003,13.35,57.68233333333334,satteke01-2003
tskitni01,6.9,-1.4,200211020POR-DEN,200211020POR-POR,DEN-2003,1,2003,-9.66,57.68233333333334,tskitni01-2003
abdursh01,39.233333333333334,8.5,200211050DEN-ATL,200211050DEN-DEN,ATL-2003,1,2003,333.48333333333335,55.075833333333335,abdursh01-2003
terryja01,37.88333333333333,1.7,200211050DEN-ATL,200211050DEN-DEN,ATL-2003,1,2003,64.40166666666667,55.075833333333335,terryja01-2003
robingl01,34.71666666666667,4.3,200211050DEN-ATL,200211050DEN-DEN,ATL-2003,1,2003,149.28166666666667,55.075833333333335,robingl01-2003
newblir01,29.533333333333335,1.3,200211050DEN-ATL,200211050DEN-DEN,ATL-2003,1,2003,38.39333333333334,55.075833333333335,newblir01-2003
hendeal01,22.1,2,200211050DEN-ATL,200211050DEN-DEN,ATL-2003,1,2003,44.2,55.075833333333335,hendeal01-2003
glovedi01,19.016666666666666,8.5,200211050DEN-ATL,200211050DEN-DEN,ATL-2003,1,2003,161.64166666666665,55.075833333333335,glovedi01-2003
ratlith01,15.95,-3.8,200211050DEN-ATL,200211050DEN-DEN,ATL-2003,1,2003,-60.60999999999999,55.075833333333335,ratlith01-2003
mccasam01,12.5,-1.4,200211050DEN-ATL,200211050DEN-DEN,ATL-2003,1,2003,-17.5,55.075833333333335,mccasam01-2003
davisem01,10.85,-2.4,200211050DEN-ATL,200211050DEN-DEN,ATL-2003,1,2003,-26.04,55.075833333333335,davisem01-2003
hamda01,8.2,-0.8,200211050DEN-ATL,200211050DEN-DEN,ATL-2003,1,2003,-6.56,55.075833333333335,hamda01-2003
dickada01,5.2,-2.6,200211050DEN-ATL,200211050DEN-DEN,ATL-2003,1,2003,-13.520000000000001,55.075833333333335,dickada01-2003
harvean01,4.816666666666666,-1.3,200211050DEN-ATL,200211050DEN-DEN,ATL-2003,1,2003,-6.261666666666667,55.075833333333335,harvean01-2003
wallabe01,33.36666666666667,5.8,200211070DEN-DET,200211070DEN-DEN,DET-2003,1,2003,193.52666666666667,60.52166666666666,wallabe01-2003
hamilri01,30.966666666666665,2,200211070DEN-DET,200211070DEN-DEN,DET-2003,1,2003,61.93333333333333,60.52166666666666,hamilri01-2003
billuch01,28.683333333333334,10.2,200211070DEN-DET,200211070DEN-DEN,DET-2003,1,2003,292.57,60.52166666666666,billuch01-2003
robincl02,27.966666666666665,4,200211070DEN-DET,200211070DEN-DEN,DET-2003,1,2003,111.86666666666666,60.52166666666666,robincl02-2003
currymi01,26.4,2.3,200211070DEN-DET,200211070DEN-DEN,DET-2003,1,2003,60.71999999999999,60.52166666666666,currymi01-2003
atkinch01,19.316666666666666,-1.8,200211070DEN-DET,200211070DEN-DEN,DET-2003,1,2003,-34.77,60.52166666666666,atkinch01-2003
barryjo01,17.7,4.6,200211070DEN-DET,200211070DEN-DEN,DET-2003,1,2003,81.41999999999999,60.52166666666666,barryjo01-2003
rebraze01,16.166666666666668,-2.4,200211070DEN-DET,200211070DEN-DEN,DET-2003,1,2003,-38.800000000000004,60.52166666666666,rebraze01-2003
willico02,15.866666666666667,-2.5,200211070DEN-DET,200211070DEN-DEN,DET-2003,1,2003,-39.66666666666667,60.52166666666666,willico02-2003
okurme01,14.733333333333333,2.6,200211070DEN-DET,200211070DEN-DEN,DET-2003,1,2003,38.306666666666665,60.52166666666666,okurme01-2003
princta01,5.066666666666666,-2.1,200211070DEN-DET,200211070DEN-DEN,DET-2003,1,2003,-10.64,60.52166666666666,princta01-2003
davishu01,3.7666666666666666,2.6,200211070DEN-DET,200211070DEN-DEN,DET-2003,1,2003,9.793333333333333,60.52166666666666,davishu01-2003
goodedr01,38.18333333333333,7.7,200211090DEN-MEM,200211090DEN-DEN,MEM-2003,0,2003,294.01166666666666,23.433055555555555,goodedr01-2003
gasolpa01,36.5,2.8,200211090DEN-MEM,200211090DEN-DEN,MEM-2003,0,2003,102.19999999999999,23.433055555555555,gasolpa01-2003
willija02,31.116666666666667,-4.5,200211090DEN-MEM,200211090DEN-DEN,MEM-2003,0,2003,-140.025,23.433055555555555,willija02-2003
persowe01,25.033333333333335,8.9,200211090DEN-MEM,200211090DEN-DEN,MEM-2003,0,2003,222.79666666666668,23.433055555555555,persowe01-2003
battish01,21.383333333333333,-4.8,200211090DEN-MEM,200211090DEN-DEN,MEM-2003,0,2003,-102.64,23.433055555555555,battish01-2003
swiftst01,20.333333333333332,4.5,200211090DEN-MEM,200211090DEN-DEN,MEM-2003,0,2003,91.5,23.433055555555555,swiftst01-2003
watsoea01,19.816666666666666,-5.2,200211090DEN-MEM,200211090DEN-DEN,MEM-2003,0,2003,-103.04666666666667,23.433055555555555,watsoea01-2003
wrighlo02,16.533333333333335,1.4,200211090DEN-MEM,200211090DEN-DEN,MEM-2003,0,2003,23.14666666666667,23.433055555555555,wrighlo02-2003
giricgo01,15.533333333333333,-3.9,200211090DEN-MEM,200211090DEN-DEN,MEM-2003,0,2003,-60.58,23.433055555555555,giricgo01-2003
archiro01,6,-1.8,200211090DEN-MEM,200211090DEN-DEN,MEM-2003,0,2003,-10.8,23.433055555555555,archiro01-2003
knighbr01,5.016666666666667,-4.3,200211090DEN-MEM,200211090DEN-DEN,MEM-2003,0,2003,-21.571666666666665,23.433055555555555,knighbr01-2003
batismi01,4.45,-3.1,200211090DEN-MEM,200211090DEN-DEN,MEM-2003,0,2003,-13.795000000000002,23.433055555555555,batismi01-2003
hardaan01,41.36666666666667,8,200211130DEN-PHO,200211130DEN-DEN,PHO-2003,1,2003,330.93333333333334,39.238787878787875,hardaan01-2003
mariosh01,39.61666666666667,0,200211130DEN-PHO,200211130DEN-DEN,PHO-2003,1,2003,0,39.238787878787875,mariosh01-2003
marbust01,38.78333333333333,4.3,200211130DEN-PHO,200211130DEN-DEN,PHO-2003,1,2003,166.76833333333332,39.238787878787875,marbust01-2003
stoudam01,27.433333333333334,6.8,200211130DEN-PHO,200211130DEN-DEN,PHO-2003,1,2003,186.54666666666665,39.238787878787875,stoudam01-2003
tsakaja01,27.383333333333333,-5.7,200211130DEN-PHO,200211130DEN-DEN,PHO-2003,1,2003,-156.085,39.238787878787875,tsakaja01-2003
guglito01,21.333333333333332,-5.3,200211130DEN-PHO,200211130DEN-DEN,PHO-2003,1,2003,-113.06666666666666,39.238787878787875,guglito01-2003
willisc01,12.733333333333333,1.2,200211130DEN-PHO,200211130DEN-DEN,PHO-2003,1,2003,15.279999999999998,39.238787878787875,willisc01-2003
jacobca01,10.85,1.4,200211130DEN-PHO,200211130DEN-DEN,PHO-2003,1,2003,15.189999999999998,39.238787878787875,jacobca01-2003
langhda01,8.2,-1.1,200211130DEN-PHO,200211130DEN-DEN,PHO-2003,1,2003,-9.02,39.238787878787875,langhda01-2003
outlabo01,7.116666666666666,-0.4,200211130DEN-PHO,200211130DEN-DEN,PHO-2003,1,2003,-2.8466666666666667,39.238787878787875,outlabo01-2003
johnsjo02,5.183333333333334,-0.4,200211130DEN-PHO,200211130DEN-DEN,PHO-2003,1,2003,-2.0733333333333337,39.238787878787875,johnsjo02-2003
poseyja01,43.88333333333333,4.3,200211150TOR-DEN,200211150TOR-TOR,DEN-2003,0,2003,188.69833333333332,8.193636363636362,poseyja01-2003
howarju01,32.43333333333333,-2.9,200211150TOR-DEN,200211150TOR-TOR,DEN-2003,0,2003,-94.05666666666666,8.193636363636362,howarju01-2003
satteke01,31.383333333333333,-3,200211150TOR-DEN,200211150TOR-TOR,DEN-2003,0,2003,-94.15,8.193636363636362,satteke01-2003
blounma01,25.483333333333334,7.2,200211150TOR-DEN,200211150TOR-TOR,DEN-2003,0,2003,183.48000000000002,8.193636363636362,blounma01-2003
bowenry01,24.116666666666667,-3.2,200211150TOR-DEN,200211150TOR-TOR,DEN-2003,0,2003,-77.17333333333335,8.193636363636362,bowenry01-2003
hilarne01,22.166666666666668,4.1,200211150TOR-DEN,200211150TOR-TOR,DEN-2003,0,2003,90.88333333333333,8.193636363636362,hilarne01-2003
harvedo01,19.866666666666667,-4.7,200211150TOR-DEN,200211150TOR-TOR,DEN-2003,0,2003,-93.37333333333333,8.193636363636362,harvedo01-2003
harriju01,16.616666666666667,-4.7,200211150TOR-DEN,200211150TOR-TOR,DEN-2003,0,2003,-78.09833333333334,8.193636363636362,harriju01-2003
anderch01,15.483333333333333,5.6,200211150TOR-DEN,200211150TOR-TOR,DEN-2003,0,2003,86.70666666666666,8.193636363636362,anderch01-2003
whitero02,5.266666666666667,-3.7,200211150TOR-DEN,200211150TOR-TOR,DEN-2003,0,2003,-19.486666666666668,8.193636363636362,whitero02-2003
tskitni01,3.3,-1,200211150TOR-DEN,200211150TOR-TOR,DEN-2003,0,2003,-3.3,8.193636363636362,tskitni01-2003
howarju01,39.55,-7,200211160DET-DEN,200211160DET-DET,DEN-2003,0,2003,-276.84999999999997,-19.56633333333333,howarju01-2003
satteke01,37.733333333333334,6.6,200211160DET-DEN,200211160DET-DET,DEN-2003,0,2003,249.04,-19.56633333333333,satteke01-2003
poseyja01,29.3,-8.2,200211160DET-DEN,200211160DET-DET,DEN-2003,0,2003,-240.26,-19.56633333333333,poseyja01-2003
blounma01,28.916666666666668,7.8,200211160DET-DEN,200211160DET-DET,DEN-2003,0,2003,225.55,-19.56633333333333,blounma01-2003
tskitni01,24.45,-3.3,200211160DET-DEN,200211160DET-DET,DEN-2003,0,2003,-80.68499999999999,-19.56633333333333,tskitni01-2003
harvedo01,23.55,-1.9,200211160DET-DEN,200211160DET-DET,DEN-2003,0,2003,-44.745,-19.56633333333333,harvedo01-2003
hilarne01,18.7,0,200211160DET-DEN,200211160DET-DET,DEN-2003,0,2003,0,-19.56633333333333,hilarne01-2003
whitero02,18.65,1.2,200211160DET-DEN,200211160DET-DET,DEN-2003,0,2003,22.38,-19.56633333333333,whitero02-2003
harriju01,10.316666666666666,-3.4,200211160DET-DEN,200211160DET-DET,DEN-2003,0,2003,-35.07666666666667,-19.56633333333333,harriju01-2003
anderch01,8.833333333333334,-1.7,200211160DET-DEN,200211160DET-DET,DEN-2003,0,2003,-15.016666666666667,-19.56633333333333,anderch01-2003
satteke01,28.833333333333332,1,200211180NJN-DEN,200211180NJN-NJN,DEN-2003,0,2003,28.833333333333332,-8.219722222222222,satteke01-2003
blounma01,25.2,-2.9,200211180NJN-DEN,200211180NJN-NJN,DEN-2003,0,2003,-73.08,-8.219722222222222,blounma01-2003
howarju01,23.95,-2.5,200211180NJN-DEN,200211180NJN-NJN,DEN-2003,0,2003,-59.875,-8.219722222222222,howarju01-2003
hilarne01,22.8,-0.3,200211180NJN-DEN,200211180NJN-NJN,DEN-2003,0,2003,-6.84,-8.219722222222222,hilarne01-2003
whitero02,22.283333333333335,0.9,200211180NJN-DEN,200211180NJN-NJN,DEN-2003,0,2003,20.055000000000003,-8.219722222222222,whitero02-2003
bowenry01,20.666666666666668,1,200211180NJN-DEN,200211180NJN-NJN,DEN-2003,0,2003,20.666666666666668,-8.219722222222222,bowenry01-2003
tskitni01,20.45,6.6,200211180NJN-DEN,200211180NJN-NJN,DEN-2003,0,2003,134.97,-8.219722222222222,tskitni01-2003
anderch01,19.05,-2.3,200211180NJN-DEN,200211180NJN-NJN,DEN-2003,0,2003,-43.815,-8.219722222222222,anderch01-2003
poseyja01,18.45,-4.9,200211180NJN-DEN,200211180NJN-NJN,DEN-2003,0,2003,-90.405,-8.219722222222222,poseyja01-2003
whitnch01,14.2,1.6,200211180NJN-DEN,200211180NJN-NJN,DEN-2003,0,2003,22.72,-8.219722222222222,whitnch01-2003
harriju01,12.233333333333333,1.2,200211180NJN-DEN,200211180NJN-NJN,DEN-2003,0,2003,14.679999999999998,-8.219722222222222,harriju01-2003
harvedo01,11.883333333333333,-5.6,200211180NJN-DEN,200211180NJN-NJN,DEN-2003,0,2003,-66.54666666666667,-8.219722222222222,harvedo01-2003
malonka01,42.333333333333336,1.9,200211200DEN-UTA,200211200DEN-DEN,UTA-2003,1,2003,80.43333333333334,58.1305,malonka01-2003
harprma01,36.25,-0.3,200211200DEN-UTA,200211200DEN-DEN,UTA-2003,1,2003,-10.875,58.1305,harprma01-2003
kirilan01,30,4.6,200211200DEN-UTA,200211200DEN-DEN,UTA-2003,1,2003,138,58.1305,kirilan01-2003
stockjo01,29.85,9.3,200211200DEN-UTA,200211200DEN-DEN,UTA-2003,1,2003,277.605,58.1305,stockjo01-2003
cheanca01,29.75,1.1,200211200DEN-UTA,200211200DEN-DEN,UTA-2003,1,2003,32.725,58.1305,cheanca01-2003
ostergr01,27.3,1.7,200211200DEN-UTA,200211200DEN-DEN,UTA-2003,1,2003,46.41,58.1305,ostergr01-2003
jacksma01,17.583333333333332,3.3,200211200DEN-UTA,200211200DEN-DEN,UTA-2003,1,2003,58.02499999999999,58.1305,jacksma01-2003
collija03,16.783333333333335,-1.3,200211200DEN-UTA,200211200DEN-DEN,UTA-2003,1,2003,-21.818333333333335,58.1305,collija03-2003
padgesc01,9.6,-2,200211200DEN-UTA,200211200DEN-DEN,UTA-2003,1,2003,-19.2,58.1305,padgesc01-2003
arroyca01,0.5666666666666667,0,200211200DEN-UTA,200211200DEN-DEN,UTA-2003,1,2003,0,58.1305,arroyca01-2003
olowomi01,42.9,3.3,200211220DEN-LAC,200211220DEN-DEN,LAC-2003,0,2003,141.57,20.43866666666667,olowomi01-2003
brandel01,41.95,-2,200211220DEN-LAC,200211220DEN-DEN,LAC-2003,0,2003,-83.9,20.43866666666667,brandel01-2003
millean02,39.583333333333336,7.7,200211220DEN-LAC,200211220DEN-DEN,LAC-2003,0,2003,304.7916666666667,20.43866666666667,millean02-2003
maggeco01,33.63333333333333,-1.7,200211220DEN-LAC,200211220DEN-DEN,LAC-2003,0,2003,-57.17666666666666,20.43866666666667,maggeco01-2003
piatker01,25.066666666666666,1.5,200211220DEN-LAC,200211220DEN-DEN,LAC-2003,0,2003,37.6,20.43866666666667,piatker01-2003
jaricma01,19.066666666666666,-2,200211220DEN-LAC,200211220DEN-DEN,LAC-2003,0,2003,-38.13333333333333,20.43866666666667,jaricma01-2003
richaqu01,18.233333333333334,-5.8,200211220DEN-LAC,200211220DEN-DEN,LAC-2003,0,2003,-105.75333333333333,20.43866666666667,richaqu01-2003
doolike01,8.416666666666666,-2.3,200211220DEN-LAC,200211220DEN-DEN,LAC-2003,0,2003,-19.35833333333333,20.43866666666667,doolike01-2003
rooksse01,6.433333333333334,3.7,200211220DEN-LAC,200211220DEN-DEN,LAC-2003,0,2003,23.803333333333335,20.43866666666667,rooksse01-2003
wilcoch01,4.716666666666667,0.2,200211220DEN-LAC,200211220DEN-DEN,LAC-2003,0,2003,0.9433333333333334,20.43866666666667,wilcoch01-2003
poseyja01,42.03333333333333,7.2,200211230PHO-DEN,200211230PHO-PHO,DEN-2003,1,2003,302.64,39.608939393939394,poseyja01-2003
harvedo01,35.43333333333333,4.1,200211230PHO-DEN,200211230PHO-PHO,DEN-2003,1,2003,145.27666666666664,39.608939393939394,harvedo01-2003
satteke01,32.416666666666664,0.5,200211230PHO-DEN,200211230PHO-PHO,DEN-2003,1,2003,16.208333333333332,39.608939393939394,satteke01-2003
howarju01,31.05,2.9,200211230PHO-DEN,200211230PHO-PHO,DEN-2003,1,2003,90.045,39.608939393939394,howarju01-2003
hilarne01,21.783333333333335,-1.9,200211230PHO-DEN,200211230PHO-PHO,DEN-2003,1,2003,-41.388333333333335,39.608939393939394,hilarne01-2003
bowenry01,18.133333333333333,3,200211230PHO-DEN,200211230PHO-PHO,DEN-2003,1,2003,54.4,39.608939393939394,bowenry01-2003
savovpr01,17.866666666666667,1.1,200211230PHO-DEN,200211230PHO-PHO,DEN-2003,1,2003,19.653333333333336,39.608939393939394,savovpr01-2003
blounma01,15.983333333333333,-7.9,200211230PHO-DEN,200211230PHO-PHO,DEN-2003,1,2003,-126.26833333333333,39.608939393939394,blounma01-2003
harriju01,15.583333333333334,0.2,200211230PHO-DEN,200211230PHO-PHO,DEN-2003,1,2003,3.116666666666667,39.608939393939394,harriju01-2003
anderch01,9.65,-2.9,200211230PHO-DEN,200211230PHO-PHO,DEN-2003,1,2003,-27.985,39.608939393939394,anderch01-2003
tskitni01,0.06666666666666667,0,200211230PHO-DEN,200211230PHO-PHO,DEN-2003,1,2003,0,39.608939393939394,tskitni01-2003
duncati01,43.2,1.6,200211260DEN-SAS,200211260DEN-DEN,SAS-2003,0,2003,69.12,32.52530303030303,duncati01-2003
parketo01,38.43333333333333,1.9,200211260DEN-SAS,200211260DEN-DEN,SAS-2003,0,2003,73.02333333333333,32.52530303030303,parketo01-2003
bowenbr01,33.35,3.3,200211260DEN-SAS,200211260DEN-DEN,SAS-2003,0,2003,110.05499999999999,32.52530303030303,bowenbr01-2003
ginobma01,27.666666666666668,1.2,200211260DEN-SAS,200211260DEN-DEN,SAS-2003,0,2003,33.2,32.52530303030303,ginobma01-2003
rosema01,26.583333333333332,0.8,200211260DEN-SAS,200211260DEN-DEN,SAS-2003,0,2003,21.266666666666666,32.52530303030303,rosema01-2003
smithst01,23.366666666666667,4.5,200211260DEN-SAS,200211260DEN-DEN,SAS-2003,0,2003,105.15,32.52530303030303,smithst01-2003
robinda01,17.133333333333333,3.1,200211260DEN-SAS,200211260DEN-DEN,SAS-2003,0,2003,53.11333333333334,32.52530303030303,robinda01-2003
jacksst02,11.483333333333333,-5.5,200211260DEN-SAS,200211260DEN-DEN,SAS-2003,0,2003,-63.15833333333333,32.52530303030303,jacksst02-2003
kerrst01,9.583333333333334,-2.6,200211260DEN-SAS,200211260DEN-DEN,SAS-2003,0,2003,-24.916666666666668,32.52530303030303,kerrst01-2003
willike02,9.083333333333334,-2.1,200211260DEN-SAS,200211260DEN-DEN,SAS-2003,0,2003,-19.075000000000003,32.52530303030303,willike02-2003
ferryda01,0.13333333333333333,0,200211260DEN-SAS,200211260DEN-DEN,SAS-2003,0,2003,0,32.52530303030303,ferryda01-2003
hilarne01,31.85,-0.9,200211270SAS-DEN,200211270SAS-SAS,DEN-2003,0,2003,-28.665000000000003,-32.000416666666666,hilarne01-2003
howarju01,27.983333333333334,-7.5,200211270SAS-DEN,200211270SAS-SAS,DEN-2003,0,2003,-209.875,-32.000416666666666,howarju01-2003
harriju01,25.25,-2.5,200211270SAS-DEN,200211270SAS-SAS,DEN-2003,0,2003,-63.125,-32.000416666666666,harriju01-2003
satteke01,22.75,-4.4,200211270SAS-DEN,200211270SAS-SAS,DEN-2003,0,2003,-100.10000000000001,-32.000416666666666,satteke01-2003
anderch01,20.016666666666666,5.1,200211270SAS-DEN,200211270SAS-SAS,DEN-2003,0,2003,102.085,-32.000416666666666,anderch01-2003
tskitni01,18.9,-0.5,200211270SAS-DEN,200211270SAS-SAS,DEN-2003,0,2003,-9.45,-32.000416666666666,tskitni01-2003
poseyja01,18.166666666666668,-6.4,200211270SAS-DEN,200211270SAS-SAS,DEN-2003,0,2003,-116.26666666666668,-32.000416666666666,poseyja01-2003
whitero02,16.95,-2.6,200211270SAS-DEN,200211270SAS-SAS,DEN-2003,0,2003,-44.07,-32.000416666666666,whitero02-2003
savovpr01,16.433333333333334,0.9,200211270SAS-DEN,200211270SAS-SAS,DEN-2003,0,2003,14.790000000000001,-32.000416666666666,savovpr01-2003
blounma01,16.15,-0.6,200211270SAS-DEN,200211270SAS-SAS,DEN-2003,0,2003,-9.69,-32.000416666666666,blounma01-2003
harvedo01,15.666666666666666,3.3,200211270SAS-DEN,200211270SAS-SAS,DEN-2003,0,2003,51.699999999999996,-32.000416666666666,harvedo01-2003
bowenry01,9.883333333333333,2.9,200211270SAS-DEN,200211270SAS-SAS,DEN-2003,0,2003,28.661666666666665,-32.000416666666666,bowenry01-2003
jamisan01,44.61666666666667,-6.5,200211290DEN-GSW,200211290DEN-DEN,GSW-2003,1,2003,-290.0083333333333,27.34183333333333,jamisan01-2003
arenagi01,40.55,6.8,200211290DEN-GSW,200211290DEN-DEN,GSW-2003,1,2003,275.73999999999995,27.34183333333333,arenagi01-2003
murphtr01,30.883333333333333,0.8,200211290DEN-GSW,200211290DEN-DEN,GSW-2003,1,2003,24.706666666666667,27.34183333333333,murphtr01-2003
richaja01,26.15,-2.9,200211290DEN-GSW,200211290DEN-DEN,GSW-2003,1,2003,-75.835,27.34183333333333,richaja01-2003
dampier01,24.55,-0.2,200211290DEN-GSW,200211290DEN-DEN,GSW-2003,1,2003,-4.91,27.34183333333333,dampier01-2003
boykiea01,23.933333333333334,13.5,200211290DEN-GSW,200211290DEN-DEN,GSW-2003,1,2003,323.1,27.34183333333333,boykiea01-2003
dunlemi02,14.983333333333333,1.4,200211290DEN-GSW,200211290DEN-DEN,GSW-2003,1,2003,20.976666666666663,27.34183333333333,dunlemi02-2003
fortsda01,13.683333333333334,3.3,200211290DEN-GSW,200211290DEN-DEN,GSW-2003,1,2003,45.155,27.34183333333333,fortsda01-2003
torreos01,11.333333333333334,-2.7,200211290DEN-GSW,200211290DEN-DEN,GSW-2003,1,2003,-30.600000000000005,27.34183333333333,torreos01-2003
foylead01,9.316666666666666,-1.6,200211290DEN-GSW,200211290DEN-DEN,GSW-2003,1,2003,-14.906666666666666,27.34183333333333,foylead01-2003
howarju01,31.95,-2.5,200212030GSW-DEN,200212030GSW-GSW,DEN-2003,0,2003,-79.875,-23.591388888888886,howarju01-2003
poseyja01,27.2,-6.1,200212030GSW-DEN,200212030GSW-GSW,DEN-2003,0,2003,-165.92,-23.591388888888886,poseyja01-2003
whitnch01,25.566666666666666,-5.6,200212030GSW-DEN,200212030GSW-GSW,DEN-2003,0,2003,-143.17333333333332,-23.591388888888886,whitnch01-2003
harvedo01,25.35,4.2,200212030GSW-DEN,200212030GSW-GSW,DEN-2003,0,2003,106.47000000000001,-23.591388888888886,harvedo01-2003
hilarne01,24.333333333333332,2.2,200212030GSW-DEN,200212030GSW-GSW,DEN-2003,0,2003,53.53333333333334,-23.591388888888886,hilarne01-2003
blounma01,23.666666666666668,-3.4,200212030GSW-DEN,200212030GSW-GSW,DEN-2003,0,2003,-80.46666666666667,-23.591388888888886,blounma01-2003
tskitni01,20.9,4,200212030GSW-DEN,200212030GSW-GSW,DEN-2003,0,2003,83.6,-23.591388888888886,tskitni01-2003
whitero02,20.116666666666667,-6.7,200212030GSW-DEN,200212030GSW-GSW,DEN-2003,0,2003,-134.78166666666667,-23.591388888888886,whitero02-2003
harriju01,18.283333333333335,-1.3,200212030GSW-DEN,200212030GSW-GSW,DEN-2003,0,2003,-23.768333333333338,-23.591388888888886,harriju01-2003
yarbrvi01,13.633333333333333,8.1,200212030GSW-DEN,200212030GSW-GSW,DEN-2003,0,2003,110.42999999999999,-23.591388888888886,yarbrvi01-2003
bowenry01,4.85,-1.8,200212030GSW-DEN,200212030GSW-GSW,DEN-2003,0,2003,-8.73,-23.591388888888886,bowenry01-2003
satteke01,4.15,-0.1,200212030GSW-DEN,200212030GSW-GSW,DEN-2003,0,2003,-0.41500000000000004,-23.591388888888886,satteke01-2003
chrisdo01,42.25,1.7,200212040DEN-SAC,200212040DEN-DEN,SAC-2003,1,2003,71.825,79.39270833333333,chrisdo01-2003
webbech01,42.05,11,200212040DEN-SAC,200212040DEN-DEN,SAC-2003,1,2003,462.54999999999995,79.39270833333333,webbech01-2003
divacvl01,36.56666666666667,5,200212040DEN-SAC,200212040DEN-DEN,SAC-2003,1,2003,182.83333333333334,79.39270833333333,divacvl01-2003
jacksbo01,32.11666666666667,6.8,200212040DEN-SAC,200212040DEN-DEN,SAC-2003,1,2003,218.39333333333332,79.39270833333333,jacksbo01-2003
jacksji01,30.083333333333332,-4,200212040DEN-SAC,200212040DEN-DEN,SAC-2003,1,2003,-120.33333333333333,79.39270833333333,jacksji01-2003
wallage01,23.666666666666668,-4.3,200212040DEN-SAC,200212040DEN-DEN,SAC-2003,1,2003,-101.76666666666667,79.39270833333333,wallage01-2003
clarkke01,17.25,-1.2,200212040DEN-SAC,200212040DEN-DEN,SAC-2003,1,2003,-20.7,79.39270833333333,clarkke01-2003
jonesda01,16.016666666666666,-3.6,200212040DEN-SAC,200212040DEN-DEN,SAC-2003,1,2003,-57.66,79.39270833333333,jonesda01-2003
howarju01,32.88333333333333,0.8,200212060SAC-DEN,200212060SAC-SAC,DEN-2003,0,2003,26.30666666666667,6.629848484848487,howarju01-2003
poseyja01,29.216666666666665,9.4,200212060SAC-DEN,200212060SAC-SAC,DEN-2003,0,2003,274.63666666666666,6.629848484848487,poseyja01-2003
harvedo01,28.133333333333333,-3.1,200212060SAC-DEN,200212060SAC-SAC,DEN-2003,0,2003,-87.21333333333334,6.629848484848487,harvedo01-2003
bowenry01,25.35,5.2,200212060SAC-DEN,200212060SAC-SAC,DEN-2003,0,2003,131.82000000000002,6.629848484848487,bowenry01-2003
satteke01,23.266666666666666,-3.3,200212060SAC-DEN,200212060SAC-SAC,DEN-2003,0,2003,-76.77999999999999,6.629848484848487,satteke01-2003
yarbrvi01,19.816666666666666,-0.5,200212060SAC-DEN,200212060SAC-SAC,DEN-2003,0,2003,-9.908333333333333,6.629848484848487,yarbrvi01-2003
blounma01,19.75,0.8,200212060SAC-DEN,200212060SAC-SAC,DEN-2003,0,2003,15.8,6.629848484848487,blounma01-2003
whitnch01,17.883333333333333,2.6,200212060SAC-DEN,200212060SAC-SAC,DEN-2003,0,2003,46.49666666666667,6.629848484848487,whitnch01-2003
tskitni01,16.4,-4.2,200212060SAC-DEN,200212060SAC-SAC,DEN-2003,0,2003,-68.88,6.629848484848487,tskitni01-2003
whitero02,14.283333333333333,-8,200212060SAC-DEN,200212060SAC-SAC,DEN-2003,0,2003,-114.26666666666667,6.629848484848487,whitero02-2003
harriju01,13.016666666666667,-5,200212060SAC-DEN,200212060SAC-SAC,DEN-2003,0,2003,-65.08333333333334,6.629848484848487,harriju01-2003
millebr01,35.35,3.3,200212070DEN-IND,200212070DEN-DEN,IND-2003,0,2003,116.655,21.49319444444445,millebr01-2003
artesro01,34.333333333333336,8.6,200212070DEN-IND,200212070DEN-DEN,IND-2003,0,2003,295.26666666666665,21.49319444444445,artesro01-2003
millere01,33.65,-8.7,200212070DEN-IND,200212070DEN-DEN,IND-2003,0,2003,-292.75499999999994,21.49319444444445,millere01-2003
tinslja01,33.61666666666667,-2.9,200212070DEN-IND,200212070DEN-DEN,IND-2003,0,2003,-97.48833333333333,21.49319444444445,tinslja01-2003
onealje01,32.61666666666667,7.7,200212070DEN-IND,200212070DEN-DEN,IND-2003,0,2003,251.14833333333334,21.49319444444445,onealje01-2003
harrial01,28.616666666666667,0.5,200212070DEN-IND,200212070DEN-DEN,IND-2003,0,2003,14.308333333333334,21.49319444444445,harrial01-2003
bendejo01,15.366666666666667,2.6,200212070DEN-IND,200212070DEN-DEN,IND-2003,0,2003,39.95333333333333,21.49319444444445,bendejo01-2003
mercero01,8.866666666666667,-3.1,200212070DEN-IND,200212070DEN-DEN,IND-2003,0,2003,-27.486666666666668,21.49319444444445,mercero01-2003
stricer01,7.966666666666667,-3.5,200212070DEN-IND,200212070DEN-DEN,IND-2003,0,2003,-27.883333333333333,21.49319444444445,stricer01-2003
croshau01,6,-1.7,200212070DEN-IND,200212070DEN-DEN,IND-2003,0,2003,-10.2,21.49319444444445,croshau01-2003
fosteje01,4,-0.9,200212070DEN-IND,200212070DEN-DEN,IND-2003,0,2003,-3.6,21.49319444444445,fosteje01-2003
brezepr01,0.2833333333333333,0,200212070DEN-IND,200212070DEN-DEN,IND-2003,0,2003,0,21.49319444444445,brezepr01-2003
garneke01,39.21666666666667,9.5,200212090DEN-MIN,200212090DEN-DEN,MIN-2003,1,2003,372.55833333333334,42.73803030303031,garneke01-2003
gillke01,35.766666666666666,-3.6,200212090DEN-MIN,200212090DEN-DEN,MIN-2003,1,2003,-128.76,42.73803030303031,gillke01-2003
hudsotr01,34.766666666666666,3,200212090DEN-MIN,200212090DEN-DEN,MIN-2003,1,2003,104.3,42.73803030303031,hudsotr01-2003
smithjo02,26.483333333333334,3.7,200212090DEN-MIN,200212090DEN-DEN,MIN-2003,1,2003,97.98833333333334,42.73803030303031,smithjo02-2003
nestera01,24.8,4.5,200212090DEN-MIN,200212090DEN-DEN,MIN-2003,1,2003,111.60000000000001,42.73803030303031,nestera01-2003
trentga01,18.566666666666666,-0.8,200212090DEN-MIN,200212090DEN-DEN,MIN-2003,1,2003,-14.853333333333333,42.73803030303031,trentga01-2003
peelean01,18.316666666666666,-1.7,200212090DEN-MIN,200212090DEN-DEN,MIN-2003,1,2003,-31.138333333333332,42.73803030303031,peelean01-2003
jacksma02,14.466666666666667,0.4,200212090DEN-MIN,200212090DEN-DEN,MIN-2003,1,2003,5.786666666666667,42.73803030303031,jacksma02-2003
stricro02,13.233333333333333,-1.7,200212090DEN-MIN,200212090DEN-DEN,MIN-2003,1,2003,-22.496666666666666,42.73803030303031,stricro02-2003
woodslo01,7.85,-4,200212090DEN-MIN,200212090DEN-DEN,MIN-2003,1,2003,-31.4,42.73803030303031,woodslo01-2003
slatere01,6.533333333333333,1,200212090DEN-MIN,200212090DEN-DEN,MIN-2003,1,2003,6.533333333333333,42.73803030303031,slatere01-2003
howarju01,37.21666666666667,0,200212110MEM-DEN,200212110MEM-MEM,DEN-2003,0,2003,0,21.764444444444447,howarju01-2003
poseyja01,33.7,3.1,200212110MEM-DEN,200212110MEM-MEM,DEN-2003,0,2003,104.47000000000001,21.764444444444447,poseyja01-2003
whitnch01,32.6,1.6,200212110MEM-DEN,200212110MEM-MEM,DEN-2003,0,2003,52.160000000000004,21.764444444444447,whitnch01-2003
harvedo01,27.916666666666668,8.5,200212110MEM-DEN,200212110MEM-MEM,DEN-2003,0,2003,237.29166666666669,21.764444444444447,harvedo01-2003
hilarne01,26.316666666666666,0.5,200212110MEM-DEN,200212110MEM-MEM,DEN-2003,0,2003,13.158333333333333,21.764444444444447,hilarne01-2003
tskitni01,20.2,-3.7,200212110MEM-DEN,200212110MEM-MEM,DEN-2003,0,2003,-74.74,21.764444444444447,tskitni01-2003
blounma01,13.45,-1.4,200212110MEM-DEN,200212110MEM-MEM,DEN-2003,0,2003,-18.83,21.764444444444447,blounma01-2003
bowenry01,13.05,-1.5,200212110MEM-DEN,200212110MEM-MEM,DEN-2003,0,2003,-19.575000000000003,21.764444444444447,bowenry01-2003
whitero02,12.233333333333333,-2.3,200212110MEM-DEN,200212110MEM-MEM,DEN-2003,0,2003,-28.136666666666663,21.764444444444447,whitero02-2003
harriju01,11.633333333333333,1.9,200212110MEM-DEN,200212110MEM-MEM,DEN-2003,0,2003,22.10333333333333,21.764444444444447,harriju01-2003
yarbrvi01,7.933333333333334,-1.7,200212110MEM-DEN,200212110MEM-MEM,DEN-2003,0,2003,-13.486666666666666,21.764444444444447,yarbrvi01-2003
satteke01,3.783333333333333,-3.5,200212110MEM-DEN,200212110MEM-MEM,DEN-2003,0,2003,-13.241666666666667,21.764444444444447,satteke01-2003
hilarne01,31.566666666666666,-1.2,200212130IND-DEN,200212130IND-IND,DEN-2003,0,2003,-37.879999999999995,-13.883055555555558,hilarne01-2003
howarju01,29.116666666666667,-0.9,200212130IND-DEN,200212130IND-IND,DEN-2003,0,2003,-26.205000000000002,-13.883055555555558,howarju01-2003
tskitni01,27.683333333333334,-1.9,200212130IND-DEN,200212130IND-IND,DEN-2003,0,2003,-52.59833333333333,-13.883055555555558,tskitni01-2003
whitnch01,27.4,6,200212130IND-DEN,200212130IND-IND,DEN-2003,0,2003,164.39999999999998,-13.883055555555558,whitnch01-2003
poseyja01,25.133333333333333,-6.3,200212130IND-DEN,200212130IND-IND,DEN-2003,0,2003,-158.34,-13.883055555555558,poseyja01-2003
harriju01,20.6,-0.7,200212130IND-DEN,200212130IND-IND,DEN-2003,0,2003,-14.42,-13.883055555555558,harriju01-2003
yarbrvi01,20.233333333333334,1,200212130IND-DEN,200212130IND-IND,DEN-2003,0,2003,20.233333333333334,-13.883055555555558,yarbrvi01-2003
harvedo01,17.783333333333335,-6.2,200212130IND-DEN,200212130IND-IND,DEN-2003,0,2003,-110.25666666666667,-13.883055555555558,harvedo01-2003
whitero02,17.183333333333334,2,200212130IND-DEN,200212130IND-IND,DEN-2003,0,2003,34.36666666666667,-13.883055555555558,whitero02-2003
bowenry01,11.6,3.4,200212130IND-DEN,200212130IND-IND,DEN-2003,0,2003,39.44,-13.883055555555558,bowenry01-2003
blounma01,6.016666666666667,-4.4,200212130IND-DEN,200212130IND-IND,DEN-2003,0,2003,-26.473333333333336,-13.883055555555558,blounma01-2003
satteke01,5.683333333333334,0.2,200212130IND-DEN,200212130IND-IND,DEN-2003,0,2003,1.1366666666666667,-13.883055555555558,satteke01-2003
poseyja01,41.85,5.2,200212140CLE-DEN,200212140CLE-CLE,DEN-2003,0,2003,217.62,22.196060606060605,poseyja01-2003
howarju01,40.333333333333336,-1.3,200212140CLE-DEN,200212140CLE-CLE,DEN-2003,0,2003,-52.43333333333334,22.196060606060605,howarju01-2003
whitnch01,37.43333333333333,6.6,200212140CLE-DEN,200212140CLE-CLE,DEN-2003,0,2003,247.05999999999997,22.196060606060605,whitnch01-2003
harvedo01,28.833333333333332,-2,200212140CLE-DEN,200212140CLE-CLE,DEN-2003,0,2003,-57.666666666666664,22.196060606060605,harvedo01-2003
whitero02,24.1,2.2,200212140CLE-DEN,200212140CLE-CLE,DEN-2003,0,2003,53.02000000000001,22.196060606060605,whitero02-2003
blounma01,20.083333333333332,0.4,200212140CLE-DEN,200212140CLE-CLE,DEN-2003,0,2003,8.033333333333333,22.196060606060605,blounma01-2003
hilarne01,19.6,-3.2,200212140CLE-DEN,200212140CLE-CLE,DEN-2003,0,2003,-62.720000000000006,22.196060606060605,hilarne01-2003
harriju01,13.633333333333333,-6.7,200212140CLE-DEN,200212140CLE-CLE,DEN-2003,0,2003,-91.34333333333333,22.196060606060605,harriju01-2003
bowenry01,7.666666666666667,-0.4,200212140CLE-DEN,200212140CLE-CLE,DEN-2003,0,2003,-3.066666666666667,22.196060606060605,bowenry01-2003
tskitni01,3.3833333333333333,-2.6,200212140CLE-DEN,200212140CLE-CLE,DEN-2003,0,2003,-8.796666666666667,22.196060606060605,tskitni01-2003
yarbrvi01,3.0833333333333335,-1.8,200212140CLE-DEN,200212140CLE-CLE,DEN-2003,0,2003,-5.550000000000001,22.196060606060605,yarbrvi01-2003
howarju01,32.06666666666667,9.9,200212160PHI-DEN,200212160PHI-PHI,DEN-2003,0,2003,317.46000000000004,2.8501388888888934,howarju01-2003
blounma01,27.916666666666668,-5.1,200212160PHI-DEN,200212160PHI-PHI,DEN-2003,0,2003,-142.375,2.8501388888888934,blounma01-2003
poseyja01,26.733333333333334,-4.6,200212160PHI-DEN,200212160PHI-PHI,DEN-2003,0,2003,-122.97333333333333,2.8501388888888934,poseyja01-2003
hilarne01,25.116666666666667,13.4,200212160PHI-DEN,200212160PHI-PHI,DEN-2003,0,2003,336.56333333333333,2.8501388888888934,hilarne01-2003
harriju01,24.583333333333332,-8.4,200212160PHI-DEN,200212160PHI-PHI,DEN-2003,0,2003,-206.5,2.8501388888888934,harriju01-2003
harvedo01,22.9,7.5,200212160PHI-DEN,200212160PHI-PHI,DEN-2003,0,2003,171.75,2.8501388888888934,harvedo01-2003
whitnch01,18.383333333333333,-5.8,200212160PHI-DEN,200212160PHI-PHI,DEN-2003,0,2003,-106.62333333333332,2.8501388888888934,whitnch01-2003
whitero02,16.183333333333334,-3.9,200212160PHI-DEN,200212160PHI-PHI,DEN-2003,0,2003,-63.115,2.8501388888888934,whitero02-2003
tskitni01,14.783333333333333,-4.8,200212160PHI-DEN,200212160PHI-PHI,DEN-2003,0,2003,-70.96,2.8501388888888934,tskitni01-2003
bowenry01,13.583333333333334,-1.8,200212160PHI-DEN,200212160PHI-PHI,DEN-2003,0,2003,-24.450000000000003,2.8501388888888934,bowenry01-2003
yarbrvi01,12.716666666666667,-3.5,200212160PHI-DEN,200212160PHI-PHI,DEN-2003,0,2003,-44.50833333333333,2.8501388888888934,yarbrvi01-2003
satteke01,5.033333333333333,-2,200212160PHI-DEN,200212160PHI-PHI,DEN-2003,0,2003,-10.066666666666666,2.8501388888888934,satteke01-2003
finlemi01,43.916666666666664,6.8,200212180DEN-DAL,200212180DEN-DEN,DAL-2003,1,2003,298.6333333333333,52.4205,finlemi01-2003
bradlsh01,43.75,2.6,200212180DEN-DAL,200212180DEN-DEN,DAL-2003,1,2003,113.75,52.4205,bradlsh01-2003
nowitdi01,32.46666666666667,-2.7,200212180DEN-DAL,200212180DEN-DEN,DAL-2003,1,2003,-87.66000000000001,52.4205,nowitdi01-2003
vanexni01,31.933333333333334,0.6,200212180DEN-DAL,200212180DEN-DEN,DAL-2003,1,2003,19.16,52.4205,vanexni01-2003
lafrera01,29.383333333333333,-1.9,200212180DEN-DAL,200212180DEN-DEN,DAL-2003,1,2003,-55.82833333333333,52.4205,lafrera01-2003
nashst01,28.3,8.6,200212180DEN-DAL,200212180DEN-DEN,DAL-2003,1,2003,243.38,52.4205,nashst01-2003
bellra01,13.016666666666667,-1.2,200212180DEN-DAL,200212180DEN-DEN,DAL-2003,1,2003,-15.620000000000001,52.4205,bellra01-2003
williwa02,8,1.5,200212180DEN-DAL,200212180DEN-DEN,DAL-2003,1,2003,12,52.4205,williwa02-2003
griffad01,4.7,0.1,200212180DEN-DAL,200212180DEN-DEN,DAL-2003,1,2003,0.47000000000000003,52.4205,griffad01-2003
jonespo01,4.533333333333333,-0.9,200212180DEN-DAL,200212180DEN-DEN,DAL-2003,1,2003,-4.08,52.4205,jonespo01-2003
hillgr01,41.583333333333336,5.4,200212200DEN-ORL,200212200DEN-DEN,ORL-2003,1,2003,224.55000000000004,38.32266666666667,hillgr01-2003
garripa01,39.86666666666667,6.3,200212200DEN-ORL,200212200DEN-DEN,ORL-2003,1,2003,251.16,38.32266666666667,garripa01-2003
kempsh01,34.78333333333333,2.1,200212200DEN-ORL,200212200DEN-DEN,ORL-2003,1,2003,73.045,38.32266666666667,kempsh01-2003
millemi01,34.18333333333333,-4.2,200212200DEN-ORL,200212200DEN-DEN,ORL-2003,1,2003,-143.57,38.32266666666667,millemi01-2003
armstda01,33.55,0.3,200212200DEN-ORL,200212200DEN-DEN,ORL-2003,1,2003,10.065,38.32266666666667,armstda01-2003
sasseje01,19.566666666666666,-0.3,200212200DEN-ORL,200212200DEN-DEN,ORL-2003,1,2003,-5.87,38.32266666666667,sasseje01-2003
vaughja01,14.516666666666667,-2,200212200DEN-ORL,200212200DEN-DEN,ORL-2003,1,2003,-29.033333333333335,38.32266666666667,vaughja01-2003
declean01,13.15,0.6,200212200DEN-ORL,200212200DEN-DEN,ORL-2003,1,2003,7.89,38.32266666666667,declean01-2003
burkepa01,8.133333333333333,-0.7,200212200DEN-ORL,200212200DEN-DEN,ORL-2003,1,2003,-5.6933333333333325,38.32266666666667,burkepa01-2003
humphry01,0.6833333333333333,1,200212200DEN-ORL,200212200DEN-DEN,ORL-2003,1,2003,0.6833333333333333,38.32266666666667,humphry01-2003
harriju01,40.766666666666666,-11,200212210LAC-DEN,200212210LAC-LAC,DEN-2003,0,2003,-448.43333333333334,4.797833333333337,harriju01-2003
howarju01,36.833333333333336,9.9,200212210LAC-DEN,200212210LAC-LAC,DEN-2003,0,2003,364.65000000000003,4.797833333333337,howarju01-2003
yarbrvi01,27.183333333333334,11.2,200212210LAC-DEN,200212210LAC-LAC,DEN-2003,0,2003,304.4533333333333,4.797833333333337,yarbrvi01-2003
hilarne01,26.616666666666667,0.4,200212210LAC-DEN,200212210LAC-LAC,DEN-2003,0,2003,10.646666666666668,4.797833333333337,hilarne01-2003
bowenry01,23.35,7.8,200212210LAC-DEN,200212210LAC-LAC,DEN-2003,0,2003,182.13,4.797833333333337,bowenry01-2003
blounma01,21.383333333333333,0.3,200212210LAC-DEN,200212210LAC-LAC,DEN-2003,0,2003,6.415,4.797833333333337,blounma01-2003
harvedo01,20.516666666666666,-8.7,200212210LAC-DEN,200212210LAC-LAC,DEN-2003,0,2003,-178.49499999999998,4.797833333333337,harvedo01-2003
whitero02,18.583333333333332,-7.9,200212210LAC-DEN,200212210LAC-LAC,DEN-2003,0,2003,-146.80833333333334,4.797833333333337,whitero02-2003
tskitni01,14.833333333333334,-1.6,200212210LAC-DEN,200212210LAC-LAC,DEN-2003,0,2003,-23.733333333333334,4.797833333333337,tskitni01-2003
savovpr01,9.933333333333334,-2.3,200212210LAC-DEN,200212210LAC-LAC,DEN-2003,0,2003,-22.846666666666664,4.797833333333337,savovpr01-2003
bryanko01,35.46666666666667,7.5,200212280DEN-LAL,200212280DEN-DEN,LAL-2003,1,2003,266,59.83090909090909,bryanko01-2003
fishede01,35.166666666666664,4,200212280DEN-LAL,200212280DEN-DEN,LAL-2003,1,2003,140.66666666666666,59.83090909090909,fishede01-2003
onealsh01,33.61666666666667,6.7,200212280DEN-LAL,200212280DEN-DEN,LAL-2003,1,2003,225.23166666666668,59.83090909090909,onealsh01-2003
horryro01,26.083333333333332,5.3,200212280DEN-LAL,200212280DEN-DEN,LAL-2003,1,2003,138.24166666666665,59.83090909090909,horryro01-2003
foxri01,22.883333333333333,1.2,200212280DEN-LAL,200212280DEN-DEN,LAL-2003,1,2003,27.459999999999997,59.83090909090909,foxri01-2003
madsema01,17.85,-5.8,200212280DEN-LAL,200212280DEN-DEN,LAL-2003,1,2003,-103.53,59.83090909090909,madsema01-2003
medvest01,15.866666666666667,-1.9,200212280DEN-LAL,200212280DEN-DEN,LAL-2003,1,2003,-30.146666666666665,59.83090909090909,medvest01-2003
georgde01,15,-4.4,200212280DEN-LAL,200212280DEN-DEN,LAL-2003,1,2003,-66,59.83090909090909,georgde01-2003
rushka01,13.8,3.8,200212280DEN-LAL,200212280DEN-DEN,LAL-2003,1,2003,52.44,59.83090909090909,rushka01-2003
murratr01,12.7,3.8,200212280DEN-LAL,200212280DEN-DEN,LAL-2003,1,2003,48.26,59.83090909090909,murratr01-2003
shawbr01,11.566666666666666,-3.5,200212280DEN-LAL,200212280DEN-DEN,LAL-2003,1,2003,-40.483333333333334,59.83090909090909,shawbr01-2003
paytoga01,42.05,10.3,200212300DEN-SEA,200212300DEN-DEN,SEA-2003,1,2003,433.115,46.397,paytoga01-2003
masonde01,39.68333333333333,5.6,200212300DEN-SEA,200212300DEN-DEN,SEA-2003,1,2003,222.22666666666663,46.397,masonde01-2003
drobnpr01,28.583333333333332,-3.1,200212300DEN-SEA,200212300DEN-DEN,SEA-2003,1,2003,-88.60833333333333,46.397,drobnpr01-2003
anderke01,28.166666666666668,4.9,200212300DEN-SEA,200212300DEN-DEN,SEA-2003,1,2003,138.01666666666668,46.397,anderke01-2003
barrybr01,22.8,-4.4,200212300DEN-SEA,200212300DEN-DEN,SEA-2003,1,2003,-100.32000000000001,46.397,barrybr01-2003
evansre01,22.4,-1.9,200212300DEN-SEA,200212300DEN-DEN,SEA-2003,1,2003,-42.559999999999995,46.397,evansre01-2003
radmavl01,19.416666666666668,1.4,200212300DEN-SEA,200212300DEN-DEN,SEA-2003,1,2003,27.183333333333334,46.397,radmavl01-2003
potapvi01,17.816666666666666,-4.7,200212300DEN-SEA,200212300DEN-DEN,SEA-2003,1,2003,-83.73833333333333,46.397,potapvi01-2003
sesayan01,11.783333333333333,-4.5,200212300DEN-SEA,200212300DEN-DEN,SEA-2003,1,2003,-53.025,46.397,sesayan01-2003
boothca01,7.3,1.6,200212300DEN-SEA,200212300DEN-DEN,SEA-2003,1,2003,11.68,46.397,boothca01-2003
hilarne01,38.93333333333333,12,200301030SEA-DEN,200301030SEA-SEA,DEN-2003,1,2003,467.19999999999993,62.96433333333333,hilarne01-2003
harvedo01,37.233333333333334,3.7,200301030SEA-DEN,200301030SEA-SEA,DEN-2003,1,2003,137.76333333333335,62.96433333333333,harvedo01-2003
howarju01,35.233333333333334,1.3,200301030SEA-DEN,200301030SEA-SEA,DEN-2003,1,2003,45.803333333333335,62.96433333333333,howarju01-2003
whitero02,29.883333333333333,2.9,200301030SEA-DEN,200301030SEA-SEA,DEN-2003,1,2003,86.66166666666666,62.96433333333333,whitero02-2003
harriju01,29.8,-3,200301030SEA-DEN,200301030SEA-SEA,DEN-2003,1,2003,-89.4,62.96433333333333,harriju01-2003
tskitni01,23.533333333333335,2.2,200301030SEA-DEN,200301030SEA-SEA,DEN-2003,1,2003,51.77333333333334,62.96433333333333,tskitni01-2003
crottjo01,18.2,0.6,200301030SEA-DEN,200301030SEA-SEA,DEN-2003,1,2003,10.92,62.96433333333333,crottjo01-2003
yarbrvi01,18.116666666666667,-3.1,200301030SEA-DEN,200301030SEA-SEA,DEN-2003,1,2003,-56.16166666666667,62.96433333333333,yarbrvi01-2003
blounma01,4.566666666666666,-2.5,200301030SEA-DEN,200301030SEA-SEA,DEN-2003,1,2003,-11.416666666666666,62.96433333333333,blounma01-2003
bryanma01,4.5,-3,200301030SEA-DEN,200301030SEA-SEA,DEN-2003,1,2003,-13.5,62.96433333333333,bryanma01-2003
divacvl01,38.55,-4.5,200301040DEN-SAC,200301040DEN-DEN,SAC-2003,1,2003,-173.475,52.11466666666667,divacvl01-2003
clarkke01,35.43333333333333,5.7,200301040DEN-SAC,200301040DEN-DEN,SAC-2003,1,2003,201.97,52.11466666666667,clarkke01-2003
chrisdo01,35.1,9.2,200301040DEN-SAC,200301040DEN-DEN,SAC-2003,1,2003,322.92,52.11466666666667,chrisdo01-2003
bibbymi01,33.833333333333336,6.4,200301040DEN-SAC,200301040DEN-DEN,SAC-2003,1,2003,216.53333333333336,52.11466666666667,bibbymi01-2003
stojape01,32.733333333333334,0.5,200301040DEN-SAC,200301040DEN-DEN,SAC-2003,1,2003,16.366666666666667,52.11466666666667,stojape01-2003
turkohe01,18.566666666666666,-1.4,200301040DEN-SAC,200301040DEN-DEN,SAC-2003,1,2003,-25.993333333333332,52.11466666666667,turkohe01-2003
jacksji01,17.35,-6.1,200301040DEN-SAC,200301040DEN-DEN,SAC-2003,1,2003,-105.83500000000001,52.11466666666667,jacksji01-2003
jonesda01,16.633333333333333,3.7,200301040DEN-SAC,200301040DEN-DEN,SAC-2003,1,2003,61.54333333333334,52.11466666666667,jonesda01-2003
wallage01,6.233333333333333,1.5,200301040DEN-SAC,200301040DEN-DEN,SAC-2003,1,2003,9.35,52.11466666666667,wallage01-2003
fundela01,5.583333333333333,-0.4,200301040DEN-SAC,200301040DEN-DEN,SAC-2003,1,2003,-2.2333333333333334,52.11466666666667,fundela01-2003
harriju01,44.8,-7.4,200301060DAL-DEN,200301060DAL-DAL,DEN-2003,0,2003,-331.52,-2.126296296296296,harriju01-2003
howarju01,39.233333333333334,7.2,200301060DAL-DEN,200301060DAL-DAL,DEN-2003,0,2003,282.48,-2.126296296296296,howarju01-2003
harvedo01,37.56666666666667,-2.1,200301060DAL-DEN,200301060DAL-DAL,DEN-2003,0,2003,-78.89000000000001,-2.126296296296296,harvedo01-2003
yarbrvi01,31.683333333333334,-0.9,200301060DAL-DEN,200301060DAL-DAL,DEN-2003,0,2003,-28.515,-2.126296296296296,yarbrvi01-2003
hilarne01,30.566666666666666,3.8,200301060DAL-DEN,200301060DAL-DAL,DEN-2003,0,2003,116.15333333333332,-2.126296296296296,hilarne01-2003
whitero02,19.65,1.6,200301060DAL-DEN,200301060DAL-DAL,DEN-2003,0,2003,31.439999999999998,-2.126296296296296,whitero02-2003
blounma01,16.483333333333334,-0.1,200301060DAL-DEN,200301060DAL-DAL,DEN-2003,0,2003,-1.6483333333333334,-2.126296296296296,blounma01-2003
tskitni01,13.166666666666666,0.7,200301060DAL-DEN,200301060DAL-DAL,DEN-2003,0,2003,9.216666666666665,-2.126296296296296,tskitni01-2003
bowenry01,6.866666666666667,-2.6,200301060DAL-DEN,200301060DAL-DAL,DEN-2003,0,2003,-17.853333333333335,-2.126296296296296,bowenry01-2003
butleca01,43.55,9.9,200301080DEN-MIA,200301080DEN-DEN,MIA-2003,0,2003,431.145,13.568499999999998,butleca01-2003
grantbr01,37.8,-4.5,200301080DEN-MIA,200301080DEN-DEN,MIA-2003,0,2003,-170.1,13.568499999999998,grantbr01-2003
cartean01,36.2,4.2,200301080DEN-MIA,200301080DEN-DEN,MIA-2003,0,2003,152.04000000000002,13.568499999999998,cartean01-2003
allenma01,28.883333333333333,0.6,200301080DEN-MIA,200301080DEN-DEN,MIA-2003,0,2003,17.33,13.568499999999998,allenma01-2003
jamesmi01,24.866666666666667,-9.5,200301080DEN-MIA,200301080DEN-DEN,MIA-2003,0,2003,-236.23333333333335,13.568499999999998,jamesmi01-2003
lamplse01,21.4,-0.4,200301080DEN-MIA,200301080DEN-DEN,MIA-2003,0,2003,-8.56,13.568499999999998,lamplse01-2003
stepavl01,19.366666666666667,0.9,200301080DEN-MIA,200301080DEN-DEN,MIA-2003,0,2003,17.43,13.568499999999998,stepavl01-2003
houseed01,18.433333333333334,-2,200301080DEN-MIA,200301080DEN-DEN,MIA-2003,0,2003,-36.86666666666667,13.568499999999998,houseed01-2003
ellisla01,8.5,-3.6,200301080DEN-MIA,200301080DEN-DEN,MIA-2003,0,2003,-30.6,13.568499999999998,ellisla01-2003
marksse01,1,0.1,200301080DEN-MIA,200301080DEN-DEN,MIA-2003,0,2003,0.1,13.568499999999998,marksse01-2003
wallara01,42.81666666666667,3.8,200301100DEN-POR,200301100DEN-DEN,POR-2003,0,2003,162.70333333333335,23.855972222222224,wallara01-2003
davisda01,31.716666666666665,-1.2,200301100DEN-POR,200301100DEN-DEN,POR-2003,0,2003,-38.059999999999995,23.855972222222224,davisda01-2003
pippesc01,31.233333333333334,1.1,200301100DEN-POR,200301100DEN-DEN,POR-2003,0,2003,34.35666666666667,23.855972222222224,pippesc01-2003
wellsbo01,30.55,-2.2,200301100DEN-POR,200301100DEN-DEN,POR-2003,0,2003,-67.21000000000001,23.855972222222224,wellsbo01-2003
anderde01,29.35,3.1,200301100DEN-POR,200301100DEN-DEN,POR-2003,0,2003,90.98500000000001,23.855972222222224,anderde01-2003
randoza01,18.333333333333332,1.5,200301100DEN-POR,200301100DEN-DEN,POR-2003,0,2003,27.5,23.855972222222224,randoza01-2003
patteru01,17.383333333333333,9.9,200301100DEN-POR,200301100DEN-DEN,POR-2003,0,2003,172.095,23.855972222222224,patteru01-2003
daniean01,12.95,-4.7,200301100DEN-POR,200301100DEN-DEN,POR-2003,0,2003,-60.865,23.855972222222224,daniean01-2003
stoudda01,11.266666666666667,-2,200301100DEN-POR,200301100DEN-DEN,POR-2003,0,2003,-22.533333333333335,23.855972222222224,stoudda01-2003
mcinnje01,7.633333333333333,-1.7,200301100DEN-POR,200301100DEN-DEN,POR-2003,0,2003,-12.976666666666665,23.855972222222224,mcinnje01-2003
woodsqy01,3.6333333333333333,-0.7,200301100DEN-POR,200301100DEN-DEN,POR-2003,0,2003,-2.543333333333333,23.855972222222224,woodsqy01-2003
sabonar01,3.1333333333333333,0.9,200301100DEN-POR,200301100DEN-DEN,POR-2003,0,2003,2.82,23.855972222222224,sabonar01-2003
howarju01,41.2,0.6,200301110HOU-DEN,200301110HOU-HOU,DEN-2003,0,2003,24.720000000000002,35.33851851851852,howarju01-2003
hilarne01,39.81666666666667,5.5,200301110HOU-DEN,200301110HOU-HOU,DEN-2003,0,2003,218.99166666666667,35.33851851851852,hilarne01-2003
harriju01,35.21666666666667,1.3,200301110HOU-DEN,200301110HOU-HOU,DEN-2003,0,2003,45.78166666666667,35.33851851851852,harriju01-2003
yarbrvi01,28.116666666666667,0,200301110HOU-DEN,200301110HOU-HOU,DEN-2003,0,2003,0,35.33851851851852,yarbrvi01-2003
tskitni01,24.033333333333335,4.5,200301110HOU-DEN,200301110HOU-HOU,DEN-2003,0,2003,108.15,35.33851851851852,tskitni01-2003
whitero02,23.4,3.7,200301110HOU-DEN,200301110HOU-HOU,DEN-2003,0,2003,86.58,35.33851851851852,whitero02-2003
bowenry01,20.633333333333333,-5.9,200301110HOU-DEN,200301110HOU-HOU,DEN-2003,0,2003,-121.73666666666666,35.33851851851852,bowenry01-2003
blounma01,14.983333333333333,-1.2,200301110HOU-DEN,200301110HOU-HOU,DEN-2003,0,2003,-17.979999999999997,35.33851851851852,blounma01-2003
crottjo01,12.6,-2.1,200301110HOU-DEN,200301110HOU-HOU,DEN-2003,0,2003,-26.46,35.33851851851852,crottjo01-2003
howarju01,41.45,3.5,200301130MIN-DEN,200301130MIN-MIN,DEN-2003,0,2003,145.07500000000002,25.260757575757573,howarju01-2003
bowenry01,38.28333333333333,8.4,200301130MIN-DEN,200301130MIN-MIN,DEN-2003,0,2003,321.58,25.260757575757573,bowenry01-2003
harriju01,37.96666666666667,3,200301130MIN-DEN,200301130MIN-MIN,DEN-2003,0,2003,113.9,25.260757575757573,harriju01-2003
yarbrvi01,31.066666666666666,1.9,200301130MIN-DEN,200301130MIN-MIN,DEN-2003,0,2003,59.026666666666664,25.260757575757573,yarbrvi01-2003
hilarne01,25.633333333333333,-9.9,200301130MIN-DEN,200301130MIN-MIN,DEN-2003,0,2003,-253.77,25.260757575757573,hilarne01-2003
blounma01,17.183333333333334,1.8,200301130MIN-DEN,200301130MIN-MIN,DEN-2003,0,2003,30.93,25.260757575757573,blounma01-2003
whitero02,16.933333333333334,-5.5,200301130MIN-DEN,200301130MIN-MIN,DEN-2003,0,2003,-93.13333333333334,25.260757575757573,whitero02-2003
crottjo01,10.033333333333333,-1.5,200301130MIN-DEN,200301130MIN-MIN,DEN-2003,0,2003,-15.05,25.260757575757573,crottjo01-2003
tskitni01,9.716666666666667,-1.4,200301130MIN-DEN,200301130MIN-MIN,DEN-2003,0,2003,-13.603333333333333,25.260757575757573,tskitni01-2003
harvedo01,6.55,-3.4,200301130MIN-DEN,200301130MIN-MIN,DEN-2003,0,2003,-22.27,25.260757575757573,harvedo01-2003
bryanma01,5.183333333333334,1,200301130MIN-DEN,200301130MIN-MIN,DEN-2003,0,2003,5.183333333333334,25.260757575757573,bryanma01-2003
malonka01,41.083333333333336,1.3,200301150DEN-UTA,200301150DEN-DEN,UTA-2003,1,2003,53.40833333333334,47.93833333333333,malonka01-2003
harprma01,39.1,3.5,200301150DEN-UTA,200301150DEN-DEN,UTA-2003,1,2003,136.85,47.93833333333333,harprma01-2003
ostergr01,33.95,3.2,200301150DEN-UTA,200301150DEN-DEN,UTA-2003,1,2003,108.64000000000001,47.93833333333333,ostergr01-2003
stockjo01,31.066666666666666,4.6,200301150DEN-UTA,200301150DEN-DEN,UTA-2003,1,2003,142.90666666666667,47.93833333333333,stockjo01-2003
kirilan01,23.866666666666667,3.2,200301150DEN-UTA,200301150DEN-DEN,UTA-2003,1,2003,76.37333333333333,47.93833333333333,kirilan01-2003
cheanca01,21.75,-4.8,200301150DEN-UTA,200301150DEN-DEN,UTA-2003,1,2003,-104.39999999999999,47.93833333333333,cheanca01-2003
jacksma01,16.933333333333334,0.1,200301150DEN-UTA,200301150DEN-DEN,UTA-2003,1,2003,1.6933333333333334,47.93833333333333,jacksma01-2003
padgesc01,13.983333333333333,3.8,200301150DEN-UTA,200301150DEN-DEN,UTA-2003,1,2003,53.13666666666666,47.93833333333333,padgesc01-2003
masseto01,10.216666666666667,-0.6,200301150DEN-UTA,200301150DEN-DEN,UTA-2003,1,2003,-6.13,47.93833333333333,masseto01-2003
stevede01,8.05,2.1,200301150DEN-UTA,200301150DEN-DEN,UTA-2003,1,2003,16.905,47.93833333333333,stevede01-2003
davisri01,46.15,-4.2,200301170DEN-CLE,200301170DEN-DEN,CLE-2003,0,2003,-193.83,-7.184833333333335,davisri01-2003
boozeca01,40.43333333333333,4.4,200301170DEN-CLE,200301170DEN-DEN,CLE-2003,0,2003,177.90666666666667,-7.184833333333335,boozeca01-2003
ilgauzy01,34.78333333333333,5.2,200301170DEN-CLE,200301170DEN-DEN,CLE-2003,0,2003,180.87333333333333,-7.184833333333335,ilgauzy01-2003
jonesju01,30.6,-4.3,200301170DEN-CLE,200301170DEN-DEN,CLE-2003,0,2003,-131.58,-7.184833333333335,jonesju01-2003
milesda01,27.933333333333334,1.8,200301170DEN-CLE,200301170DEN-DEN,CLE-2003,0,2003,50.28,-7.184833333333335,milesda01-2003
palacmi01,20.816666666666666,-2.5,200301170DEN-CLE,200301170DEN-DEN,CLE-2003,0,2003,-52.041666666666664,-7.184833333333335,palacmi01-2003
wagneda02,19.733333333333334,-1.1,200301170DEN-CLE,200301170DEN-DEN,CLE-2003,0,2003,-21.70666666666667,-7.184833333333335,wagneda02-2003
parkesm01,11.316666666666666,-6.8,200301170DEN-CLE,200301170DEN-DEN,CLE-2003,0,2003,-76.95333333333333,-7.184833333333335,parkesm01-2003
mihmch01,4.5,-0.9,200301170DEN-CLE,200301170DEN-DEN,CLE-2003,0,2003,-4.05,-7.184833333333335,mihmch01-2003
diopde01,3.7333333333333334,-0.2,200301170DEN-CLE,200301170DEN-DEN,CLE-2003,0,2003,-0.7466666666666667,-7.184833333333335,diopde01-2003
howarju01,42.78333333333333,10.4,200301200WAS-DEN,200301200WAS-WAS,DEN-2003,0,2003,444.94666666666666,6.664090909090907,howarju01-2003
harriju01,31.133333333333333,3,200301200WAS-DEN,200301200WAS-WAS,DEN-2003,0,2003,93.4,6.664090909090907,harriju01-2003
hilarne01,30.5,-2,200301200WAS-DEN,200301200WAS-WAS,DEN-2003,0,2003,-61,6.664090909090907,hilarne01-2003
yarbrvi01,30.05,-5.7,200301200WAS-DEN,200301200WAS-WAS,DEN-2003,0,2003,-171.285,6.664090909090907,yarbrvi01-2003
whitero02,26.75,-2.1,200301200WAS-DEN,200301200WAS-WAS,DEN-2003,0,2003,-56.175000000000004,6.664090909090907,whitero02-2003
harvedo01,21.15,-6.9,200301200WAS-DEN,200301200WAS-WAS,DEN-2003,0,2003,-145.935,6.664090909090907,harvedo01-2003
crottjo01,16.866666666666667,-2.7,200301200WAS-DEN,200301200WAS-WAS,DEN-2003,0,2003,-45.540000000000006,6.664090909090907,crottjo01-2003
anderch01,16.666666666666668,-1,200301200WAS-DEN,200301200WAS-WAS,DEN-2003,0,2003,-16.666666666666668,6.664090909090907,anderch01-2003
bowenry01,12.95,3.4,200301200WAS-DEN,200301200WAS-WAS,DEN-2003,0,2003,44.029999999999994,6.664090909090907,bowenry01-2003
blounma01,5.966666666666667,-0.7,200301200WAS-DEN,200301200WAS-WAS,DEN-2003,0,2003,-4.176666666666667,6.664090909090907,blounma01-2003
tskitni01,5.183333333333334,-1.6,200301200WAS-DEN,200301200WAS-WAS,DEN-2003,0,2003,-8.293333333333335,6.664090909090907,tskitni01-2003
howarju01,40.61666666666667,6.4,200301220NYK-DEN,200301220NYK-NYK,DEN-2003,0,2003,259.94666666666666,10.623484848484848,howarju01-2003
harriju01,38.18333333333333,-7.5,200301220NYK-DEN,200301220NYK-NYK,DEN-2003,0,2003,-286.375,10.623484848484848,harriju01-2003
harvedo01,37.71666666666667,2.9,200301220NYK-DEN,200301220NYK-NYK,DEN-2003,0,2003,109.37833333333333,10.623484848484848,harvedo01-2003
yarbrvi01,35.86666666666667,-0.5,200301220NYK-DEN,200301220NYK-NYK,DEN-2003,0,2003,-17.933333333333334,10.623484848484848,yarbrvi01-2003
hilarne01,24.35,2,200301220NYK-DEN,200301220NYK-NYK,DEN-2003,0,2003,48.7,10.623484848484848,hilarne01-2003
anderch01,23.583333333333332,2.6,200301220NYK-DEN,200301220NYK-NYK,DEN-2003,0,2003,61.31666666666666,10.623484848484848,anderch01-2003
crottjo01,12.35,-0.5,200301220NYK-DEN,200301220NYK-NYK,DEN-2003,0,2003,-6.175,10.623484848484848,crottjo01-2003
tskitni01,9.45,-1.3,200301220NYK-DEN,200301220NYK-NYK,DEN-2003,0,2003,-12.285,10.623484848484848,tskitni01-2003
blounma01,7.45,-4.6,200301220NYK-DEN,200301220NYK-NYK,DEN-2003,0,2003,-34.269999999999996,10.623484848484848,blounma01-2003
bowenry01,6.716666666666667,-0.7,200301220NYK-DEN,200301220NYK-NYK,DEN-2003,0,2003,-4.701666666666666,10.623484848484848,bowenry01-2003
whitero02,3.716666666666667,-0.2,200301220NYK-DEN,200301220NYK-NYK,DEN-2003,0,2003,-0.7433333333333334,10.623484848484848,whitero02-2003
hilarne01,43.38333333333333,2.8,200301240BOS-DEN,200301240BOS-BOS,DEN-2003,0,2003,121.47333333333333,-27.4645,hilarne01-2003
yarbrvi01,32.53333333333333,-3,200301240BOS-DEN,200301240BOS-BOS,DEN-2003,0,2003,-97.6,-27.4645,yarbrvi01-2003
harriju01,29.866666666666667,-2.5,200301240BOS-DEN,200301240BOS-BOS,DEN-2003,0,2003,-74.66666666666667,-27.4645,harriju01-2003
anderch01,28.883333333333333,-3.3,200301240BOS-DEN,200301240BOS-BOS,DEN-2003,0,2003,-95.315,-27.4645,anderch01-2003
blounma01,21.4,1.8,200301240BOS-DEN,200301240BOS-BOS,DEN-2003,0,2003,38.519999999999996,-27.4645,blounma01-2003
harvedo01,20.95,-4.8,200301240BOS-DEN,200301240BOS-BOS,DEN-2003,0,2003,-100.55999999999999,-27.4645,harvedo01-2003
tskitni01,20.8,-1.1,200301240BOS-DEN,200301240BOS-BOS,DEN-2003,0,2003,-22.880000000000003,-27.4645,tskitni01-2003
whitero02,18.566666666666666,-1.3,200301240BOS-DEN,200301240BOS-BOS,DEN-2003,0,2003,-24.136666666666667,-27.4645,whitero02-2003
crottjo01,18.133333333333333,-1.8,200301240BOS-DEN,200301240BOS-BOS,DEN-2003,0,2003,-32.64,-27.4645,crottjo01-2003
bowenry01,5.483333333333333,2.4,200301240BOS-DEN,200301240BOS-BOS,DEN-2003,0,2003,13.16,-27.4645,bowenry01-2003
harriju01,38.666666666666664,-3.2,200301250MIL-DEN,200301250MIL-MIL,DEN-2003,0,2003,-123.73333333333333,7.902166666666669,harriju01-2003
howarju01,38.43333333333333,-2.7,200301250MIL-DEN,200301250MIL-MIL,DEN-2003,0,2003,-103.77,7.902166666666669,howarju01-2003
hilarne01,37.95,6.8,200301250MIL-DEN,200301250MIL-MIL,DEN-2003,0,2003,258.06,7.902166666666669,hilarne01-2003
yarbrvi01,37.416666666666664,0.3,200301250MIL-DEN,200301250MIL-MIL,DEN-2003,0,2003,11.225,7.902166666666669,yarbrvi01-2003
harvedo01,31.3,4.2,200301250MIL-DEN,200301250MIL-MIL,DEN-2003,0,2003,131.46,7.902166666666669,harvedo01-2003
anderch01,16.5,-0.8,200301250MIL-DEN,200301250MIL-MIL,DEN-2003,0,2003,-13.200000000000001,7.902166666666669,anderch01-2003
tskitni01,13.883333333333333,-3.9,200301250MIL-DEN,200301250MIL-MIL,DEN-2003,0,2003,-54.144999999999996,7.902166666666669,tskitni01-2003
whitero02,12.083333333333334,-1.9,200301250MIL-DEN,200301250MIL-MIL,DEN-2003,0,2003,-22.958333333333332,7.902166666666669,whitero02-2003
crottjo01,7.833333333333333,-0.5,200301250MIL-DEN,200301250MIL-MIL,DEN-2003,0,2003,-3.9166666666666665,7.902166666666669,crottjo01-2003
bowenry01,5.933333333333334,0,200301250MIL-DEN,200301250MIL-MIL,DEN-2003,0,2003,0,7.902166666666669,bowenry01-2003
jefferi01,38.65,9.7,200301270DEN-NJN,200301270DEN-DEN,NJN-2003,1,2003,374.905,75.95066666666666,jefferi01-2003
martike01,36.083333333333336,3.9,200301270DEN-NJN,200301270DEN-DEN,NJN-2003,1,2003,140.725,75.95066666666666,martike01-2003
harrilu01,33.93333333333333,4.3,200301270DEN-NJN,200301270DEN-DEN,NJN-2003,1,2003,145.91333333333333,75.95066666666666,harrilu01-2003
kiddja01,27.366666666666667,1.8,200301270DEN-NJN,200301270DEN-DEN,NJN-2003,1,2003,49.260000000000005,75.95066666666666,kiddja01-2003
johnsan02,26.233333333333334,5.8,200301270DEN-NJN,200301270DEN-DEN,NJN-2003,1,2003,152.15333333333334,75.95066666666666,johnsan02-2003
scalabr01,23.033333333333335,-3.8,200301270DEN-NJN,200301270DEN-DEN,NJN-2003,1,2003,-87.52666666666667,75.95066666666666,scalabr01-2003
williaa01,22.316666666666666,3,200301270DEN-NJN,200301270DEN-DEN,NJN-2003,1,2003,66.95,75.95066666666666,williaa01-2003
collija04,21.716666666666665,-3.6,200301270DEN-NJN,200301270DEN-DEN,NJN-2003,1,2003,-78.17999999999999,75.95066666666666,collija04-2003
slayta01,7.6,-0.9,200301270DEN-NJN,200301270DEN-DEN,NJN-2003,1,2003,-6.84,75.95066666666666,slayta01-2003
armstbr01,3.066666666666667,0.7,200301270DEN-NJN,200301270DEN-DEN,NJN-2003,1,2003,2.1466666666666665,75.95066666666666,armstbr01-2003
howarju01,38.95,-2.1,200301280POR-DEN,200301280POR-POR,DEN-2003,0,2003,-81.79500000000002,-2.0086363636363656,howarju01-2003
hilarne01,37.43333333333333,1.7,200301280POR-DEN,200301280POR-POR,DEN-2003,0,2003,63.636666666666656,-2.0086363636363656,hilarne01-2003
yarbrvi01,30.65,1.9,200301280POR-DEN,200301280POR-POR,DEN-2003,0,2003,58.23499999999999,-2.0086363636363656,yarbrvi01-2003
harvedo01,28.45,0.7,200301280POR-DEN,200301280POR-POR,DEN-2003,0,2003,19.915,-2.0086363636363656,harvedo01-2003
whitnch01,24.683333333333334,-1.1,200301280POR-DEN,200301280POR-POR,DEN-2003,0,2003,-27.15166666666667,-2.0086363636363656,whitnch01-2003
harriju01,23.833333333333332,-6.3,200301280POR-DEN,200301280POR-POR,DEN-2003,0,2003,-150.14999999999998,-2.0086363636363656,harriju01-2003
whitero02,16.85,-0.5,200301280POR-DEN,200301280POR-POR,DEN-2003,0,2003,-8.425,-2.0086363636363656,whitero02-2003
bowenry01,13.233333333333333,2.7,200301280POR-DEN,200301280POR-POR,DEN-2003,0,2003,35.73,-2.0086363636363656,bowenry01-2003
anderch01,10.666666666666666,4.8,200301280POR-DEN,200301280POR-POR,DEN-2003,0,2003,51.199999999999996,-2.0086363636363656,anderch01-2003
blounma01,8.966666666666667,1.3,200301280POR-DEN,200301280POR-POR,DEN-2003,0,2003,11.656666666666668,-2.0086363636363656,blounma01-2003
tskitni01,6.316666666666666,0.8,200301280POR-DEN,200301280POR-POR,DEN-2003,0,2003,5.053333333333334,-2.0086363636363656,tskitni01-2003
yarbrvi01,33.016666666666666,-7.6,200302010DAL-DEN,200302010DAL-DAL,DEN-2003,0,2003,-250.92666666666665,-24.613666666666663,yarbrvi01-2003
hilarne01,27.15,0.1,200302010DAL-DEN,200302010DAL-DAL,DEN-2003,0,2003,2.715,-24.613666666666663,hilarne01-2003
whitero02,26.983333333333334,-1,200302010DAL-DEN,200302010DAL-DAL,DEN-2003,0,2003,-26.983333333333334,-24.613666666666663,whitero02-2003
tskitni01,26.216666666666665,-1.4,200302010DAL-DEN,200302010DAL-DAL,DEN-2003,0,2003,-36.703333333333326,-24.613666666666663,tskitni01-2003
howarju01,25.083333333333332,1,200302010DAL-DEN,200302010DAL-DAL,DEN-2003,0,2003,25.083333333333332,-24.613666666666663,howarju01-2003
harvedo01,24.433333333333334,1.3,200302010DAL-DEN,200302010DAL-DAL,DEN-2003,0,2003,31.763333333333335,-24.613666666666663,harvedo01-2003
anderch01,21.3,-3.1,200302010DAL-DEN,200302010DAL-DAL,DEN-2003,0,2003,-66.03,-24.613666666666663,anderch01-2003
whitnch01,21.033333333333335,3.1,200302010DAL-DEN,200302010DAL-DAL,DEN-2003,0,2003,65.20333333333335,-24.613666666666663,whitnch01-2003
blounma01,19.816666666666666,1.7,200302010DAL-DEN,200302010DAL-DAL,DEN-2003,0,2003,33.68833333333333,-24.613666666666663,blounma01-2003
harriju01,14.966666666666667,-1.6,200302010DAL-DEN,200302010DAL-DAL,DEN-2003,0,2003,-23.94666666666667,-24.613666666666663,harriju01-2003
gasolpa01,42.25,-1.7,200302020DEN-MEM,200302020DEN-DEN,MEM-2003,0,2003,-71.825,-16.650000000000002,gasolpa01-2003
goodedr01,30.683333333333334,-1,200302020DEN-MEM,200302020DEN-DEN,MEM-2003,0,2003,-30.683333333333334,-16.650000000000002,goodedr01-2003
willija02,30.383333333333333,-1.8,200302020DEN-MEM,200302020DEN-DEN,MEM-2003,0,2003,-54.69,-16.650000000000002,willija02-2003
persowe01,26.85,-0.7,200302020DEN-MEM,200302020DEN-DEN,MEM-2003,0,2003,-18.794999999999998,-16.650000000000002,persowe01-2003
battish01,25.15,2.8,200302020DEN-MEM,200302020DEN-DEN,MEM-2003,0,2003,70.41999999999999,-16.650000000000002,battish01-2003
wrighlo02,22.45,-1.3,200302020DEN-MEM,200302020DEN-DEN,MEM-2003,0,2003,-29.185,-16.650000000000002,wrighlo02-2003
giricgo01,21.15,-2.3,200302020DEN-MEM,200302020DEN-DEN,MEM-2003,0,2003,-48.644999999999996,-16.650000000000002,giricgo01-2003
batismi01,20.116666666666667,1.6,200302020DEN-MEM,200302020DEN-DEN,MEM-2003,0,2003,32.18666666666667,-16.650000000000002,batismi01-2003
watsoea01,17.616666666666667,-0.6,200302020DEN-MEM,200302020DEN-DEN,MEM-2003,0,2003,-10.57,-16.650000000000002,watsoea01-2003
trybace01,3.3666666666666667,-1.4,200302020DEN-MEM,200302020DEN-DEN,MEM-2003,0,2003,-4.713333333333333,-16.650000000000002,trybace01-2003
roseja01,43.166666666666664,-3.7,200302040DEN-CHI,200302040DEN-DEN,CHI-2003,0,2003,-159.71666666666667,7.222833333333333,roseja01-2003
marshdo01,38.516666666666666,5.5,200302040DEN-CHI,200302040DEN-DEN,CHI-2003,0,2003,211.84166666666667,7.222833333333333,marshdo01-2003
crawfja01,31.416666666666668,-0.6,200302040DEN-CHI,200302040DEN-DEN,CHI-2003,0,2003,-18.85,7.222833333333333,crawfja01-2003
robined01,29.483333333333334,2.1,200302040DEN-CHI,200302040DEN-DEN,CHI-2003,0,2003,61.915000000000006,7.222833333333333,robined01-2003
chandty01,26.1,-2.8,200302040DEN-CHI,200302040DEN-DEN,CHI-2003,0,2003,-73.08,7.222833333333333,chandty01-2003
hassetr01,23.516666666666666,1.2,200302040DEN-CHI,200302040DEN-DEN,CHI-2003,0,2003,28.22,7.222833333333333,hassetr01-2003
blounco01,21.766666666666666,-3.7,200302040DEN-CHI,200302040DEN-DEN,CHI-2003,0,2003,-80.53666666666666,7.222833333333333,blounco01-2003
willija03,21.583333333333332,5.1,200302040DEN-CHI,200302040DEN-DEN,CHI-2003,0,2003,110.07499999999999,7.222833333333333,willija03-2003
curryed01,19.333333333333332,-0.5,200302040DEN-CHI,200302040DEN-DEN,CHI-2003,0,2003,-9.666666666666666,7.222833333333333,curryed01-2003
hoibefr01,10.133333333333333,0.2,200302040DEN-CHI,200302040DEN-DEN,CHI-2003,0,2003,2.026666666666667,7.222833333333333,hoibefr01-2003
duncati01,45.71666666666667,10.7,200302060DEN-SAS,200302060DEN-DEN,SAS-2003,1,2003,489.1683333333333,71.73066666666666,duncati01-2003
parketo01,35.36666666666667,8.7,200302060DEN-SAS,200302060DEN-DEN,SAS-2003,1,2003,307.69,71.73066666666666,parketo01-2003
bowenbr01,35.18333333333333,-2.8,200302060DEN-SAS,200302060DEN-DEN,SAS-2003,1,2003,-98.51333333333332,71.73066666666666,bowenbr01-2003
rosema01,30.483333333333334,2.1,200302060DEN-SAS,200302060DEN-DEN,SAS-2003,1,2003,64.015,71.73066666666666,rosema01-2003
smithst01,23.416666666666668,-1.1,200302060DEN-SAS,200302060DEN-DEN,SAS-2003,1,2003,-25.758333333333336,71.73066666666666,smithst01-2003
willike02,19.433333333333334,3.2,200302060DEN-SAS,200302060DEN-DEN,SAS-2003,1,2003,62.18666666666667,71.73066666666666,willike02-2003
kerrst01,19.35,-3,200302060DEN-SAS,200302060DEN-DEN,SAS-2003,1,2003,-58.050000000000004,71.73066666666666,kerrst01-2003
ferryda01,13.35,-1.4,200302060DEN-SAS,200302060DEN-DEN,SAS-2003,1,2003,-18.689999999999998,71.73066666666666,ferryda01-2003
ginobma01,13.183333333333334,0.5,200302060DEN-SAS,200302060DEN-DEN,SAS-2003,1,2003,6.591666666666667,71.73066666666666,ginobma01-2003
jacksst02,4.533333333333333,-2.5,200302060DEN-SAS,200302060DEN-DEN,SAS-2003,1,2003,-11.333333333333332,71.73066666666666,jacksst02-2003
anderch01,30.566666666666666,-2.7,200302110LAL-DEN,200302110LAL-LAL,DEN-2003,0,2003,-82.53,-19.84013888888889,anderch01-2003
whitnch01,30.083333333333332,-2.7,200302110LAL-DEN,200302110LAL-LAL,DEN-2003,0,2003,-81.22500000000001,-19.84013888888889,whitnch01-2003
harriju01,28.466666666666665,-0.6,200302110LAL-DEN,200302110LAL-LAL,DEN-2003,0,2003,-17.08,-19.84013888888889,harriju01-2003
howarju01,27.683333333333334,-1.2,200302110LAL-DEN,200302110LAL-LAL,DEN-2003,0,2003,-33.22,-19.84013888888889,howarju01-2003
yarbrvi01,24.7,3.9,200302110LAL-DEN,200302110LAL-LAL,DEN-2003,0,2003,96.33,-19.84013888888889,yarbrvi01-2003
hilarne01,20.066666666666666,-0.1,200302110LAL-DEN,200302110LAL-LAL,DEN-2003,0,2003,-2.006666666666667,-19.84013888888889,hilarne01-2003
cambyma01,16.05,-1.9,200302110LAL-DEN,200302110LAL-LAL,DEN-2003,0,2003,-30.495,-19.84013888888889,cambyma01-2003
tskitni01,16.033333333333335,-3.1,200302110LAL-DEN,200302110LAL-LAL,DEN-2003,0,2003,-49.70333333333334,-19.84013888888889,tskitni01-2003
bowenry01,14.483333333333333,0.5,200302110LAL-DEN,200302110LAL-LAL,DEN-2003,0,2003,7.241666666666666,-19.84013888888889,bowenry01-2003
whitero02,11.9,-2.7,200302110LAL-DEN,200302110LAL-LAL,DEN-2003,0,2003,-32.13,-19.84013888888889,whitero02-2003
blounma01,11.35,-1.7,200302110LAL-DEN,200302110LAL-LAL,DEN-2003,0,2003,-19.294999999999998,-19.84013888888889,blounma01-2003
harvedo01,8.616666666666667,0.7,200302110LAL-DEN,200302110LAL-LAL,DEN-2003,0,2003,6.031666666666666,-19.84013888888889,harvedo01-2003
fishede01,31.933333333333334,0.6,200302120DEN-LAL,200302120DEN-DEN,LAL-2003,1,2003,19.16,51.08416666666667,fishede01-2003
bryanko01,31.333333333333332,16.9,200302120DEN-LAL,200302120DEN-DEN,LAL-2003,1,2003,529.5333333333333,51.08416666666667,bryanko01-2003
onealsh01,30.15,3.7,200302120DEN-LAL,200302120DEN-DEN,LAL-2003,1,2003,111.555,51.08416666666667,onealsh01-2003
foxri01,28.4,4.4,200302120DEN-LAL,200302120DEN-DEN,LAL-2003,1,2003,124.96000000000001,51.08416666666667,foxri01-2003
walkesa01,26.6,-0.2,200302120DEN-LAL,200302120DEN-DEN,LAL-2003,1,2003,-5.32,51.08416666666667,walkesa01-2003
rushka01,17.716666666666665,-3.4,200302120DEN-LAL,200302120DEN-DEN,LAL-2003,1,2003,-60.23666666666666,51.08416666666667,rushka01-2003
horryro01,16.683333333333334,2.7,200302120DEN-LAL,200302120DEN-DEN,LAL-2003,1,2003,45.045,51.08416666666667,horryro01-2003
madsema01,14.35,-0.1,200302120DEN-LAL,200302120DEN-DEN,LAL-2003,1,2003,-1.435,51.08416666666667,madsema01-2003
shawbr01,13.133333333333333,-7.4,200302120DEN-LAL,200302120DEN-DEN,LAL-2003,1,2003,-97.18666666666667,51.08416666666667,shawbr01-2003
georgde01,11.25,-1,200302120DEN-LAL,200302120DEN-DEN,LAL-2003,1,2003,-11.25,51.08416666666667,georgde01-2003
murratr01,10.233333333333333,-2.4,200302120DEN-LAL,200302120DEN-DEN,LAL-2003,1,2003,-24.56,51.08416666666667,murratr01-2003
medvest01,8.216666666666667,-2.1,200302120DEN-LAL,200302120DEN-DEN,LAL-2003,1,2003,-17.255000000000003,51.08416666666667,medvest01-2003
howarju01,38.85,1.7,200302150CHI-DEN,200302150CHI-CHI,DEN-2003,0,2003,66.045,-14.146111111111107,howarju01-2003
yarbrvi01,34.083333333333336,1.9,200302150CHI-DEN,200302150CHI-CHI,DEN-2003,0,2003,64.75833333333334,-14.146111111111107,yarbrvi01-2003
whitnch01,31.65,-6.1,200302150CHI-DEN,200302150CHI-CHI,DEN-2003,0,2003,-193.06499999999997,-14.146111111111107,whitnch01-2003
hilarne01,22.566666666666666,0,200302150CHI-DEN,200302150CHI-CHI,DEN-2003,0,2003,0,-14.146111111111107,hilarne01-2003
tskitni01,20.683333333333334,0.3,200302150CHI-DEN,200302150CHI-CHI,DEN-2003,0,2003,6.205,-14.146111111111107,tskitni01-2003
harriju01,17.633333333333333,-1.6,200302150CHI-DEN,200302150CHI-CHI,DEN-2003,0,2003,-28.213333333333335,-14.146111111111107,harriju01-2003
cambyma01,17.216666666666665,-0.3,200302150CHI-DEN,200302150CHI-CHI,DEN-2003,0,2003,-5.164999999999999,-14.146111111111107,cambyma01-2003
harvedo01,16.966666666666665,-3.6,200302150CHI-DEN,200302150CHI-CHI,DEN-2003,0,2003,-61.08,-14.146111111111107,harvedo01-2003
bowenry01,15.85,2.6,200302150CHI-DEN,200302150CHI-CHI,DEN-2003,0,2003,41.21,-14.146111111111107,bowenry01-2003
whitero02,12.55,-3.9,200302150CHI-DEN,200302150CHI-CHI,DEN-2003,0,2003,-48.945,-14.146111111111107,whitero02-2003
blounma01,8.216666666666667,-1.4,200302150CHI-DEN,200302150CHI-CHI,DEN-2003,0,2003,-11.503333333333332,-14.146111111111107,blounma01-2003
anderch01,3.7333333333333334,0,200302150CHI-DEN,200302150CHI-CHI,DEN-2003,0,2003,0,-14.146111111111107,anderch01-2003
howarju01,37.766666666666666,4.1,200302160NOH-DEN,200302160NOH-NOH,DEN-2003,0,2003,154.8433333333333,11.447575757575756,howarju01-2003
hilarne01,33.6,-3.4,200302160NOH-DEN,200302160NOH-NOH,DEN-2003,0,2003,-114.24,11.447575757575756,hilarne01-2003
whitnch01,30.866666666666667,0.7,200302160NOH-DEN,200302160NOH-NOH,DEN-2003,0,2003,21.606666666666666,11.447575757575756,whitnch01-2003
anderch01,25.516666666666666,-4.8,200302160NOH-DEN,200302160NOH-NOH,DEN-2003,0,2003,-122.47999999999999,11.447575757575756,anderch01-2003
yarbrvi01,24.033333333333335,1.1,200302160NOH-DEN,200302160NOH-NOH,DEN-2003,0,2003,26.43666666666667,11.447575757575756,yarbrvi01-2003
harriju01,23,6.1,200302160NOH-DEN,200302160NOH-NOH,DEN-2003,0,2003,140.29999999999998,11.447575757575756,harriju01-2003
harvedo01,22.483333333333334,4.2,200302160NOH-DEN,200302160NOH-NOH,DEN-2003,0,2003,94.43,11.447575757575756,harvedo01-2003
whitero02,18.1,1.8,200302160NOH-DEN,200302160NOH-NOH,DEN-2003,0,2003,32.580000000000005,11.447575757575756,whitero02-2003
tskitni01,16.85,-5.3,200302160NOH-DEN,200302160NOH-NOH,DEN-2003,0,2003,-89.305,11.447575757575756,tskitni01-2003
blounma01,5.683333333333334,-3.1,200302160NOH-DEN,200302160NOH-NOH,DEN-2003,0,2003,-17.618333333333336,11.447575757575756,blounma01-2003
bowenry01,2.1,-0.3,200302160NOH-DEN,200302160NOH-NOH,DEN-2003,0,2003,-0.63,11.447575757575756,bowenry01-2003
howarju01,32.766666666666666,3.6,200302180SAS-DEN,200302180SAS-SAS,DEN-2003,0,2003,117.96,-18.04097222222222,howarju01-2003
harvedo01,28.333333333333332,-0.4,200302180SAS-DEN,200302180SAS-SAS,DEN-2003,0,2003,-11.333333333333334,-18.04097222222222,harvedo01-2003
whitnch01,28.15,-8.6,200302180SAS-DEN,200302180SAS-SAS,DEN-2003,0,2003,-242.08999999999997,-18.04097222222222,whitnch01-2003
harriju01,27.8,-4.5,200302180SAS-DEN,200302180SAS-SAS,DEN-2003,0,2003,-125.10000000000001,-18.04097222222222,harriju01-2003
yarbrvi01,22.966666666666665,1.2,200302180SAS-DEN,200302180SAS-SAS,DEN-2003,0,2003,27.56,-18.04097222222222,yarbrvi01-2003
hilarne01,21.6,2.8,200302180SAS-DEN,200302180SAS-SAS,DEN-2003,0,2003,60.48,-18.04097222222222,hilarne01-2003
anderch01,17.083333333333332,-2.5,200302180SAS-DEN,200302180SAS-SAS,DEN-2003,0,2003,-42.70833333333333,-18.04097222222222,anderch01-2003
cambyma01,15.6,0.4,200302180SAS-DEN,200302180SAS-SAS,DEN-2003,0,2003,6.24,-18.04097222222222,cambyma01-2003
tskitni01,13.983333333333333,-2.3,200302180SAS-DEN,200302180SAS-SAS,DEN-2003,0,2003,-32.16166666666666,-18.04097222222222,tskitni01-2003
bowenry01,12,4.2,200302180SAS-DEN,200302180SAS-SAS,DEN-2003,0,2003,50.400000000000006,-18.04097222222222,bowenry01-2003
whitero02,10.766666666666667,-5.3,200302180SAS-DEN,200302180SAS-SAS,DEN-2003,0,2003,-57.06333333333333,-18.04097222222222,whitero02-2003
blounma01,8.95,3.5,200302180SAS-DEN,200302180SAS-SAS,DEN-2003,0,2003,31.324999999999996,-18.04097222222222,blounma01-2003
szczewa02,41.3,1.8,200302190DEN-MIN,200302190DEN-DEN,MIN-2003,1,2003,74.34,36.74814814814815,szczewa02-2003
garneke01,39.733333333333334,7.5,200302190DEN-MIN,200302190DEN-DEN,MIN-2003,1,2003,298,36.74814814814815,garneke01-2003
nestera01,34.733333333333334,-2.5,200302190DEN-MIN,200302190DEN-DEN,MIN-2003,1,2003,-86.83333333333334,36.74814814814815,nestera01-2003
hudsotr01,32.166666666666664,-2.1,200302190DEN-MIN,200302190DEN-DEN,MIN-2003,1,2003,-67.55,36.74814814814815,hudsotr01-2003
gillke01,28.383333333333333,-3.9,200302190DEN-MIN,200302190DEN-DEN,MIN-2003,1,2003,-110.695,36.74814814814815,gillke01-2003
peelean01,22.916666666666668,2.7,200302190DEN-MIN,200302190DEN-DEN,MIN-2003,1,2003,61.87500000000001,36.74814814814815,peelean01-2003
wilksmi01,15.833333333333334,7.7,200302190DEN-MIN,200302190DEN-DEN,MIN-2003,1,2003,121.91666666666667,36.74814814814815,wilksmi01-2003
trentga01,15.466666666666667,3.3,200302190DEN-MIN,200302190DEN-DEN,MIN-2003,1,2003,51.04,36.74814814814815,trentga01-2003
jacksma02,9.466666666666667,-1.2,200302190DEN-MIN,200302190DEN-DEN,MIN-2003,1,2003,-11.36,36.74814814814815,jacksma02-2003
harriju01,39.1,2.7,200302220UTA-DEN,200302220UTA-UTA,DEN-2003,0,2003,105.57000000000001,16.15283333333333,harriju01-2003
howarju01,38.1,5.1,200302220UTA-DEN,200302220UTA-UTA,DEN-2003,0,2003,194.31,16.15283333333333,howarju01-2003
yarbrvi01,29.8,-7.9,200302220UTA-DEN,200302220UTA-UTA,DEN-2003,0,2003,-235.42000000000002,16.15283333333333,yarbrvi01-2003
willish01,28.616666666666667,3.8,200302220UTA-DEN,200302220UTA-UTA,DEN-2003,0,2003,108.74333333333333,16.15283333333333,willish01-2003
hilarne01,21.816666666666666,1,200302220UTA-DEN,200302220UTA-UTA,DEN-2003,0,2003,21.816666666666666,16.15283333333333,hilarne01-2003
harvedo01,20.066666666666666,-3.1,200302220UTA-DEN,200302220UTA-UTA,DEN-2003,0,2003,-62.20666666666667,16.15283333333333,harvedo01-2003
cambyma01,18.766666666666666,-3.3,200302220UTA-DEN,200302220UTA-UTA,DEN-2003,0,2003,-61.92999999999999,16.15283333333333,cambyma01-2003
anderch01,17.316666666666666,7.8,200302220UTA-DEN,200302220UTA-UTA,DEN-2003,0,2003,135.07,16.15283333333333,anderch01-2003
bowenry01,14.116666666666667,-2.1,200302220UTA-DEN,200302220UTA-UTA,DEN-2003,0,2003,-29.645000000000003,16.15283333333333,bowenry01-2003
tskitni01,12.316666666666666,-1.2,200302220UTA-DEN,200302220UTA-UTA,DEN-2003,0,2003,-14.78,16.15283333333333,tskitni01-2003
arenagi01,29.75,1.2,200302240DEN-GSW,200302240DEN-DEN,GSW-2003,1,2003,35.699999999999996,28.222166666666666,arenagi01-2003
foylead01,28.6,0.6,200302240DEN-GSW,200302240DEN-DEN,GSW-2003,1,2003,17.16,28.222166666666666,foylead01-2003
millsch01,27.266666666666666,2.6,200302240DEN-GSW,200302240DEN-DEN,GSW-2003,1,2003,70.89333333333333,28.222166666666666,millsch01-2003
murphtr01,26.483333333333334,-4.2,200302240DEN-GSW,200302240DEN-DEN,GSW-2003,1,2003,-111.23,28.222166666666666,murphtr01-2003
boykiea01,25.783333333333335,7.4,200302240DEN-GSW,200302240DEN-DEN,GSW-2003,1,2003,190.79666666666668,28.222166666666666,boykiea01-2003
surabo01,25.283333333333335,0.6,200302240DEN-GSW,200302240DEN-DEN,GSW-2003,1,2003,15.17,28.222166666666666,surabo01-2003
richaja01,21.716666666666665,0,200302240DEN-GSW,200302240DEN-DEN,GSW-2003,1,2003,0,28.222166666666666,richaja01-2003
dunlemi02,20.883333333333333,3.5,200302240DEN-GSW,200302240DEN-DEN,GSW-2003,1,2003,73.09166666666667,28.222166666666666,dunlemi02-2003
jamisan01,20.583333333333332,1.8,200302240DEN-GSW,200302240DEN-DEN,GSW-2003,1,2003,37.05,28.222166666666666,jamisan01-2003
dampier01,13.65,-3.4,200302240DEN-GSW,200302240DEN-DEN,GSW-2003,1,2003,-46.41,28.222166666666666,dampier01-2003
wallara01,33.25,-2.8,200302260DEN-POR,200302260DEN-DEN,POR-2003,1,2003,-93.1,33.959393939393934,wallara01-2003
randoza01,29.9,1.4,200302260DEN-POR,200302260DEN-DEN,POR-2003,1,2003,41.85999999999999,33.959393939393934,randoza01-2003
wellsbo01,27.3,4.1,200302260DEN-POR,200302260DEN-DEN,POR-2003,1,2003,111.92999999999999,33.959393939393934,wellsbo01-2003
patteru01,24.916666666666668,8.6,200302260DEN-POR,200302260DEN-DEN,POR-2003,1,2003,214.28333333333333,33.959393939393934,patteru01-2003
mcinnje01,24.883333333333333,-3.1,200302260DEN-POR,200302260DEN-DEN,POR-2003,1,2003,-77.13833333333334,33.959393939393934,mcinnje01-2003
daniean01,24.316666666666666,11.2,200302260DEN-POR,200302260DEN-DEN,POR-2003,1,2003,272.34666666666664,33.959393939393934,daniean01-2003
stoudda01,23.116666666666667,1.3,200302260DEN-POR,200302260DEN-DEN,POR-2003,1,2003,30.05166666666667,33.959393939393934,stoudda01-2003
anderde01,19.85,-5.9,200302260DEN-POR,200302260DEN-DEN,POR-2003,1,2003,-117.11500000000001,33.959393939393934,anderde01-2003
davisda01,18.316666666666666,0.4,200302260DEN-POR,200302260DEN-DEN,POR-2003,1,2003,7.326666666666667,33.959393939393934,davisda01-2003
woodsqy01,10.816666666666666,-1.5,200302260DEN-POR,200302260DEN-DEN,POR-2003,1,2003,-16.225,33.959393939393934,woodsqy01-2003
sabonar01,3.3333333333333335,-0.2,200302260DEN-POR,200302260DEN-DEN,POR-2003,1,2003,-0.6666666666666667,33.959393939393934,sabonar01-2003
mashbja01,42.083333333333336,3.5,200302280DEN-NOH,200302280DEN-DEN,NOH-2003,1,2003,147.29166666666669,43.42550000000001,mashbja01-2003
brownpj01,35.75,2.2,200302280DEN-NOH,200302280DEN-DEN,NOH-2003,1,2003,78.65,43.42550000000001,brownpj01-2003
lynchge01,35.13333333333333,-0.3,200302280DEN-NOH,200302280DEN-DEN,NOH-2003,1,2003,-10.54,43.42550000000001,lynchge01-2003
wesleda01,34.96666666666667,6.5,200302280DEN-NOH,200302280DEN-DEN,NOH-2003,1,2003,227.28333333333336,43.42550000000001,wesleda01-2003
magloja01,33.86666666666667,0.7,200302280DEN-NOH,200302280DEN-DEN,NOH-2003,1,2003,23.706666666666667,43.42550000000001,magloja01-2003
alexaco02,17.933333333333334,-0.9,200302280DEN-NOH,200302280DEN-DEN,NOH-2003,1,2003,-16.14,43.42550000000001,alexaco02-2003
anderke01,16.133333333333333,-0.5,200302280DEN-NOH,200302280DEN-DEN,NOH-2003,1,2003,-8.066666666666666,43.42550000000001,anderke01-2003
traylro01,13.416666666666666,0,200302280DEN-NOH,200302280DEN-DEN,NOH-2003,1,2003,0,43.42550000000001,traylro01-2003
moisoje01,8.266666666666667,-0.9,200302280DEN-NOH,200302280DEN-DEN,NOH-2003,1,2003,-7.440000000000001,43.42550000000001,moisoje01-2003
augmost01,2.45,-0.2,200302280DEN-NOH,200302280DEN-DEN,NOH-2003,1,2003,-0.49000000000000005,43.42550000000001,augmost01-2003
thomake01,39.45,1.8,200303020DEN-PHI,200303020DEN-DEN,PHI-2003,1,2003,71.01,36.759,thomake01-2003
snower01,38.28333333333333,9.6,200303020DEN-PHI,200303020DEN-DEN,PHI-2003,1,2003,367.52,36.759,snower01-2003
colemde01,37.46666666666667,-1.3,200303020DEN-PHI,200303020DEN-DEN,PHI-2003,1,2003,-48.70666666666667,36.759,colemde01-2003
mckieaa01,31.316666666666666,3.6,200303020DEN-PHI,200303020DEN-DEN,PHI-2003,1,2003,112.74,36.759,mckieaa01-2003
iversal01,28.8,-10.1,200303020DEN-PHI,200303020DEN-DEN,PHI-2003,1,2003,-290.88,36.759,iversal01-2003
skinnbr01,23.05,5.6,200303020DEN-PHI,200303020DEN-DEN,PHI-2003,1,2003,129.07999999999998,36.759,skinnbr01-2003
buckngr01,22.683333333333334,1.1,200303020DEN-PHI,200303020DEN-DEN,PHI-2003,1,2003,24.951666666666668,36.759,buckngr01-2003
rentzef01,7.75,2.1,200303020DEN-PHI,200303020DEN-DEN,PHI-2003,1,2003,16.275000000000002,36.759,rentzef01-2003
salmojo01,7.2,-2.5,200303020DEN-PHI,200303020DEN-DEN,PHI-2003,1,2003,-18,36.759,salmojo01-2003
satteke01,4,0.9,200303020DEN-PHI,200303020DEN-DEN,PHI-2003,1,2003,3.6,36.759,satteke01-2003
howarju01,36.766666666666666,2.7,200303040ATL-DEN,200303040ATL-ATL,DEN-2003,0,2003,99.27000000000001,3.4978333333333325,howarju01-2003
yarbrvi01,34.583333333333336,-1.1,200303040ATL-DEN,200303040ATL-ATL,DEN-2003,0,2003,-38.04166666666667,3.4978333333333325,yarbrvi01-2003
harriju01,28.766666666666666,-2.9,200303040ATL-DEN,200303040ATL-ATL,DEN-2003,0,2003,-83.42333333333333,3.4978333333333325,harriju01-2003
hilarne01,25.483333333333334,-2,200303040ATL-DEN,200303040ATL-ATL,DEN-2003,0,2003,-50.96666666666667,3.4978333333333325,hilarne01-2003
harvedo01,22.5,3.1,200303040ATL-DEN,200303040ATL-ATL,DEN-2003,0,2003,69.75,3.4978333333333325,harvedo01-2003
cambyma01,22.15,5.5,200303040ATL-DEN,200303040ATL-ATL,DEN-2003,0,2003,121.82499999999999,3.4978333333333325,cambyma01-2003
tskitni01,21.583333333333332,-2.1,200303040ATL-DEN,200303040ATL-ATL,DEN-2003,0,2003,-45.325,3.4978333333333325,tskitni01-2003
willish01,19.233333333333334,-1.7,200303040ATL-DEN,200303040ATL-ATL,DEN-2003,0,2003,-32.696666666666665,3.4978333333333325,willish01-2003
anderch01,15.516666666666667,-1.3,200303040ATL-DEN,200303040ATL-ATL,DEN-2003,0,2003,-20.171666666666667,3.4978333333333325,anderch01-2003
savovpr01,13.416666666666666,1.1,200303040ATL-DEN,200303040ATL-ATL,DEN-2003,0,2003,14.758333333333335,3.4978333333333325,savovpr01-2003
howarju01,31.8,-1.2,200303050MEM-DEN,200303050MEM-MEM,DEN-2003,0,2003,-38.16,0.010277777777777978,howarju01-2003
harvedo01,27.483333333333334,0.5,200303050MEM-DEN,200303050MEM-MEM,DEN-2003,0,2003,13.741666666666667,0.010277777777777978,harvedo01-2003
whitero02,24.283333333333335,2.1,200303050MEM-DEN,200303050MEM-MEM,DEN-2003,0,2003,50.995000000000005,0.010277777777777978,whitero02-2003
harriju01,23.516666666666666,-2.6,200303050MEM-DEN,200303050MEM-MEM,DEN-2003,0,2003,-61.14333333333333,0.010277777777777978,harriju01-2003
willish01,23.35,-1.3,200303050MEM-DEN,200303050MEM-MEM,DEN-2003,0,2003,-30.355000000000004,0.010277777777777978,willish01-2003
anderch01,23.3,4.5,200303050MEM-DEN,200303050MEM-MEM,DEN-2003,0,2003,104.85000000000001,0.010277777777777978,anderch01-2003
hilarne01,23.033333333333335,-0.2,200303050MEM-DEN,200303050MEM-MEM,DEN-2003,0,2003,-4.606666666666667,0.010277777777777978,hilarne01-2003
yarbrvi01,22.066666666666666,1.6,200303050MEM-DEN,200303050MEM-MEM,DEN-2003,0,2003,35.306666666666665,0.010277777777777978,yarbrvi01-2003
tskitni01,18.983333333333334,-3.7,200303050MEM-DEN,200303050MEM-MEM,DEN-2003,0,2003,-70.23833333333334,0.010277777777777978,tskitni01-2003
cambyma01,14.95,-0.1,200303050MEM-DEN,200303050MEM-MEM,DEN-2003,0,2003,-1.495,0.010277777777777978,cambyma01-2003
bowenry01,4.45,-1.1,200303050MEM-DEN,200303050MEM-MEM,DEN-2003,0,2003,-4.8950000000000005,0.010277777777777978,bowenry01-2003
savovpr01,2.783333333333333,2.2,200303050MEM-DEN,200303050MEM-MEM,DEN-2003,0,2003,6.123333333333334,0.010277777777777978,savovpr01-2003
howarju01,34.53333333333333,0.2,200303080MIA-DEN,200303080MIA-MIA,DEN-2003,1,2003,6.906666666666666,12.155,howarju01-2003
harriju01,31.55,2.6,200303080MIA-DEN,200303080MIA-MIA,DEN-2003,1,2003,82.03,12.155,harriju01-2003
hilarne01,29.866666666666667,3.7,200303080MIA-DEN,200303080MIA-MIA,DEN-2003,1,2003,110.50666666666667,12.155,hilarne01-2003
yarbrvi01,28.616666666666667,-3.6,200303080MIA-DEN,200303080MIA-MIA,DEN-2003,1,2003,-103.02000000000001,12.155,yarbrvi01-2003
harvedo01,24.466666666666665,2.1,200303080MIA-DEN,200303080MIA-MIA,DEN-2003,1,2003,51.379999999999995,12.155,harvedo01-2003
willish01,20.95,-0.1,200303080MIA-DEN,200303080MIA-MIA,DEN-2003,1,2003,-2.095,12.155,willish01-2003
cambyma01,19.9,3.9,200303080MIA-DEN,200303080MIA-MIA,DEN-2003,1,2003,77.61,12.155,cambyma01-2003
tskitni01,18.95,-5.7,200303080MIA-DEN,200303080MIA-MIA,DEN-2003,1,2003,-108.015,12.155,tskitni01-2003
savovpr01,15.016666666666667,1.3,200303080MIA-DEN,200303080MIA-MIA,DEN-2003,1,2003,19.52166666666667,12.155,savovpr01-2003
anderch01,11.7,-0.4,200303080MIA-DEN,200303080MIA-MIA,DEN-2003,1,2003,-4.68,12.155,anderch01-2003
bowenry01,4.45,0.8,200303080MIA-DEN,200303080MIA-MIA,DEN-2003,1,2003,3.5600000000000005,12.155,bowenry01-2003
hilarne01,34.63333333333333,-0.2,200303090ORL-DEN,200303090ORL-ORL,DEN-2003,0,2003,-6.926666666666667,-8.41625,hilarne01-2003
tskitni01,28.6,0.9,200303090ORL-DEN,200303090ORL-ORL,DEN-2003,0,2003,25.740000000000002,-8.41625,tskitni01-2003
howarju01,28.05,-2.3,200303090ORL-DEN,200303090ORL-ORL,DEN-2003,0,2003,-64.515,-8.41625,howarju01-2003
harriju01,26.266666666666666,-1.7,200303090ORL-DEN,200303090ORL-ORL,DEN-2003,0,2003,-44.65333333333333,-8.41625,harriju01-2003
yarbrvi01,23.2,-2.9,200303090ORL-DEN,200303090ORL-ORL,DEN-2003,0,2003,-67.28,-8.41625,yarbrvi01-2003
willish01,21.733333333333334,2.2,200303090ORL-DEN,200303090ORL-ORL,DEN-2003,0,2003,47.81333333333334,-8.41625,willish01-2003
anderch01,19.95,0.1,200303090ORL-DEN,200303090ORL-ORL,DEN-2003,0,2003,1.995,-8.41625,anderch01-2003
whitero02,17.416666666666668,-0.7,200303090ORL-DEN,200303090ORL-ORL,DEN-2003,0,2003,-12.191666666666666,-8.41625,whitero02-2003
cambyma01,13.366666666666667,0.4,200303090ORL-DEN,200303090ORL-ORL,DEN-2003,0,2003,5.346666666666668,-8.41625,cambyma01-2003
harvedo01,10.466666666666667,1,200303090ORL-DEN,200303090ORL-ORL,DEN-2003,0,2003,10.466666666666667,-8.41625,harvedo01-2003
bowenry01,8.933333333333334,3.5,200303090ORL-DEN,200303090ORL-ORL,DEN-2003,0,2003,31.266666666666666,-8.41625,bowenry01-2003
savovpr01,7.383333333333334,-3.8,200303090ORL-DEN,200303090ORL-ORL,DEN-2003,0,2003,-28.05666666666667,-8.41625,savovpr01-2003
cartevi01,32.18333333333333,7.3,200303110DEN-TOR,200303110DEN-DEN,TOR-2003,0,2003,234.9383333333333,-10.765666666666668,cartevi01-2003
davisan01,31.516666666666666,-3.8,200303110DEN-TOR,200303110DEN-DEN,TOR-2003,0,2003,-119.76333333333332,-10.765666666666668,davisan01-2003
petermo01,29.083333333333332,-5.8,200303110DEN-TOR,200303110DEN-DEN,TOR-2003,0,2003,-168.6833333333333,-10.765666666666668,petermo01-2003
bradlmi01,28.766666666666666,-5.2,200303110DEN-TOR,200303110DEN-DEN,TOR-2003,0,2003,-149.58666666666667,-10.765666666666668,bradlmi01-2003
willial02,28.35,-2.7,200303110DEN-TOR,200303110DEN-DEN,TOR-2003,0,2003,-76.54500000000002,-10.765666666666668,willial02-2003
mccoyje01,28.333333333333332,1.6,200303110DEN-TOR,200303110DEN-DEN,TOR-2003,0,2003,45.333333333333336,-10.765666666666668,mccoyje01-2003
lenarvo01,25.216666666666665,2.2,200303110DEN-TOR,200303110DEN-DEN,TOR-2003,0,2003,55.47666666666667,-10.765666666666668,lenarvo01-2003
alstora01,19.65,2.2,200303110DEN-TOR,200303110DEN-DEN,TOR-2003,0,2003,43.23,-10.765666666666668,alstora01-2003
jeffech01,11.466666666666667,2.2,200303110DEN-TOR,200303110DEN-DEN,TOR-2003,0,2003,25.22666666666667,-10.765666666666668,jeffech01-2003
ndiayma02,5.433333333333334,0.5,200303110DEN-TOR,200303110DEN-DEN,TOR-2003,0,2003,2.716666666666667,-10.765666666666668,ndiayma02-2003
allenra02,41.3,-3,200303160DEN-SEA,200303160DEN-DEN,SEA-2003,1,2003,-123.89999999999999,53.426875,allenra02-2003
evansre01,38.53333333333333,4.4,200303160DEN-SEA,200303160DEN-DEN,SEA-2003,1,2003,169.54666666666668,53.426875,evansre01-2003
barrybr01,34.083333333333336,7.7,200303160DEN-SEA,200303160DEN-DEN,SEA-2003,1,2003,262.44166666666666,53.426875,barrybr01-2003
lewisra02,34.016666666666666,4.5,200303160DEN-SEA,200303160DEN-DEN,SEA-2003,1,2003,153.075,53.426875,lewisra02-2003
drobnpr01,32.7,-4.7,200303160DEN-SEA,200303160DEN-DEN,SEA-2003,1,2003,-153.69000000000003,53.426875,drobnpr01-2003
ollieke01,21.816666666666666,0.3,200303160DEN-SEA,200303160DEN-DEN,SEA-2003,1,2003,6.545,53.426875,ollieke01-2003
radmavl01,21.533333333333335,7.2,200303160DEN-SEA,200303160DEN-DEN,SEA-2003,1,2003,155.04000000000002,53.426875,radmavl01-2003
campbel01,16.016666666666666,-2.6,200303160DEN-SEA,200303160DEN-DEN,SEA-2003,1,2003,-41.64333333333333,53.426875,campbel01-2003
hilarne01,30.516666666666666,1.5,200303180UTA-DEN,200303180UTA-UTA,DEN-2003,0,2003,45.775,-8.967083333333333,hilarne01-2003
willish01,29.566666666666666,-5,200303180UTA-DEN,200303180UTA-UTA,DEN-2003,0,2003,-147.83333333333334,-8.967083333333333,willish01-2003
tskitni01,27.733333333333334,-0.1,200303180UTA-DEN,200303180UTA-UTA,DEN-2003,0,2003,-2.7733333333333334,-8.967083333333333,tskitni01-2003
howarju01,24.383333333333333,2.7,200303180UTA-DEN,200303180UTA-UTA,DEN-2003,0,2003,65.83500000000001,-8.967083333333333,howarju01-2003
harriju01,22.766666666666666,-1.6,200303180UTA-DEN,200303180UTA-UTA,DEN-2003,0,2003,-36.42666666666667,-8.967083333333333,harriju01-2003
whitero02,22.35,0.2,200303180UTA-DEN,200303180UTA-UTA,DEN-2003,0,2003,4.470000000000001,-8.967083333333333,whitero02-2003
cambyma01,21,-1.3,200303180UTA-DEN,200303180UTA-UTA,DEN-2003,0,2003,-27.3,-8.967083333333333,cambyma01-2003
anderch01,18.533333333333335,-1.2,200303180UTA-DEN,200303180UTA-UTA,DEN-2003,0,2003,-22.240000000000002,-8.967083333333333,anderch01-2003
yarbrvi01,16.633333333333333,1.3,200303180UTA-DEN,200303180UTA-UTA,DEN-2003,0,2003,21.623333333333335,-8.967083333333333,yarbrvi01-2003
harvedo01,10.383333333333333,0.4,200303180UTA-DEN,200303180UTA-UTA,DEN-2003,0,2003,4.153333333333333,-8.967083333333333,harvedo01-2003
savovpr01,8.133333333333333,-0.1,200303180UTA-DEN,200303180UTA-UTA,DEN-2003,0,2003,-0.8133333333333334,-8.967083333333333,savovpr01-2003
bowenry01,8.05,-1.5,200303180UTA-DEN,200303180UTA-UTA,DEN-2003,0,2003,-12.075000000000001,-8.967083333333333,bowenry01-2003
howarju01,33.7,2.3,200303190LAC-DEN,200303190LAC-LAC,DEN-2003,0,2003,77.51,-4.615909090909092,howarju01-2003
willish01,31.016666666666666,2,200303190LAC-DEN,200303190LAC-LAC,DEN-2003,0,2003,62.03333333333333,-4.615909090909092,willish01-2003
harvedo01,26.383333333333333,0.3,200303190LAC-DEN,200303190LAC-LAC,DEN-2003,0,2003,7.914999999999999,-4.615909090909092,harvedo01-2003
harriju01,25.333333333333332,-4.2,200303190LAC-DEN,200303190LAC-LAC,DEN-2003,0,2003,-106.4,-4.615909090909092,harriju01-2003
whitero02,23.766666666666666,3.9,200303190LAC-DEN,200303190LAC-LAC,DEN-2003,0,2003,92.69,-4.615909090909092,whitero02-2003
hilarne01,23.7,-4.2,200303190LAC-DEN,200303190LAC-LAC,DEN-2003,0,2003,-99.54,-4.615909090909092,hilarne01-2003
cambyma01,23.55,-0.8,200303190LAC-DEN,200303190LAC-LAC,DEN-2003,0,2003,-18.84,-4.615909090909092,cambyma01-2003
tskitni01,23.366666666666667,-0.9,200303190LAC-DEN,200303190LAC-LAC,DEN-2003,0,2003,-21.03,-4.615909090909092,tskitni01-2003
anderch01,13.3,-2.1,200303190LAC-DEN,200303190LAC-LAC,DEN-2003,0,2003,-27.930000000000003,-4.615909090909092,anderch01-2003
savovpr01,13.283333333333333,-1,200303190LAC-DEN,200303190LAC-LAC,DEN-2003,0,2003,-13.283333333333333,-4.615909090909092,savovpr01-2003
yarbrvi01,2.6,-1.5,200303190LAC-DEN,200303190LAC-LAC,DEN-2003,0,2003,-3.9000000000000004,-4.615909090909092,yarbrvi01-2003
willish01,46.266666666666666,9.1,200303210SEA-DEN,200303210SEA-SEA,DEN-2003,0,2003,421.02666666666664,68.86283333333333,willish01-2003
howarju01,40.1,1,200303210SEA-DEN,200303210SEA-SEA,DEN-2003,0,2003,40.1,68.86283333333333,howarju01-2003
cambyma01,40,8.8,200303210SEA-DEN,200303210SEA-SEA,DEN-2003,0,2003,352,68.86283333333333,cambyma01-2003
whitero02,39.36666666666667,0.5,200303210SEA-DEN,200303210SEA-SEA,DEN-2003,0,2003,19.683333333333334,68.86283333333333,whitero02-2003
hilarne01,34.38333333333333,2.2,200303210SEA-DEN,200303210SEA-SEA,DEN-2003,0,2003,75.64333333333335,68.86283333333333,hilarne01-2003
harvedo01,17.95,-5.8,200303210SEA-DEN,200303210SEA-SEA,DEN-2003,0,2003,-104.11,68.86283333333333,harvedo01-2003
harriju01,15.816666666666666,-4.5,200303210SEA-DEN,200303210SEA-SEA,DEN-2003,0,2003,-71.175,68.86283333333333,harriju01-2003
anderch01,15.066666666666666,-1.8,200303210SEA-DEN,200303210SEA-SEA,DEN-2003,0,2003,-27.12,68.86283333333333,anderch01-2003
tskitni01,12,-1.3,200303210SEA-DEN,200303210SEA-SEA,DEN-2003,0,2003,-15.600000000000001,68.86283333333333,tskitni01-2003
savovpr01,4.55,-0.4,200303210SEA-DEN,200303210SEA-SEA,DEN-2003,0,2003,-1.82,68.86283333333333,savovpr01-2003
piercpa01,43.483333333333334,3.2,200303220DEN-BOS,200303220DEN-DEN,BOS-2003,0,2003,139.14666666666668,7.998333333333335,piercpa01-2003
walkean02,40.38333333333333,2.1,200303220DEN-BOS,200303220DEN-DEN,BOS-2003,0,2003,84.805,7.998333333333335,walkean02-2003
bremejr01,36.05,-0.4,200303220DEN-BOS,200303220DEN-DEN,BOS-2003,0,2003,-14.42,7.998333333333335,bremejr01-2003
willier01,35.05,-4.9,200303220DEN-BOS,200303220DEN-DEN,BOS-2003,0,2003,-171.745,7.998333333333335,willier01-2003
battito01,28.683333333333334,1.6,200303220DEN-BOS,200303220DEN-DEN,BOS-2003,0,2003,45.89333333333334,7.998333333333335,battito01-2003
blounma01,19.316666666666666,3,200303220DEN-BOS,200303220DEN-DEN,BOS-2003,0,2003,57.95,7.998333333333335,blounma01-2003
longgr01,17.983333333333334,-1.6,200303220DEN-BOS,200303220DEN-DEN,BOS-2003,0,2003,-28.773333333333337,7.998333333333335,longgr01-2003
colesbi01,12.516666666666667,-2.9,200303220DEN-BOS,200303220DEN-DEN,BOS-2003,0,2003,-36.29833333333333,7.998333333333335,colesbi01-2003
mccarwa01,6.533333333333333,-0.7,200303220DEN-BOS,200303220DEN-DEN,BOS-2003,0,2003,-4.573333333333333,7.998333333333335,mccarwa01-2003
nowitdi01,40.083333333333336,-1.5,200303240DEN-DAL,200303240DEN-DEN,DAL-2003,1,2003,-60.125,44.91712121212121,nowitdi01-2003
najered01,34.266666666666666,6.4,200303240DEN-DAL,200303240DEN-DEN,DAL-2003,1,2003,219.30666666666667,44.91712121212121,najered01-2003
griffad01,29.983333333333334,-3.1,200303240DEN-DAL,200303240DEN-DEN,DAL-2003,1,2003,-92.94833333333334,44.91712121212121,griffad01-2003
vanexni01,28,2.9,200303240DEN-DAL,200303240DEN-DEN,DAL-2003,1,2003,81.2,44.91712121212121,vanexni01-2003
nashst01,27.816666666666666,8.4,200303240DEN-DAL,200303240DEN-DEN,DAL-2003,1,2003,233.66,44.91712121212121,nashst01-2003
bradlsh01,25.716666666666665,2.7,200303240DEN-DAL,200303240DEN-DEN,DAL-2003,1,2003,69.435,44.91712121212121,bradlsh01-2003
williwa02,17.183333333333334,-2.6,200303240DEN-DAL,200303240DEN-DEN,DAL-2003,1,2003,-44.67666666666667,44.91712121212121,williwa02-2003
abdulta01,16.733333333333334,0.5,200303240DEN-DAL,200303240DEN-DEN,DAL-2003,1,2003,8.366666666666667,44.91712121212121,abdulta01-2003
lafrera01,14.616666666666667,5.6,200303240DEN-DAL,200303240DEN-DEN,DAL-2003,1,2003,81.85333333333332,44.91712121212121,lafrera01-2003
bellra01,4.316666666666666,-0.4,200303240DEN-DAL,200303240DEN-DEN,DAL-2003,1,2003,-1.7266666666666666,44.91712121212121,bellra01-2003
johnsav01,1.2833333333333332,-0.2,200303240DEN-DAL,200303240DEN-DEN,DAL-2003,1,2003,-0.25666666666666665,44.91712121212121,johnsav01-2003
paytoga01,39.983333333333334,10,200303260DEN-MIL,200303260DEN-DEN,MIL-2003,0,2003,399.83333333333337,50.089814814814815,paytoga01-2003
cassesa01,38.516666666666666,5,200303260DEN-MIL,200303260DEN-DEN,MIL-2003,0,2003,192.58333333333331,50.089814814814815,cassesa01-2003
masonde01,36.63333333333333,1.4,200303260DEN-MIL,200303260DEN-DEN,MIL-2003,0,2003,51.28666666666666,50.089814814814815,masonde01-2003
masonan01,32.25,-6.8,200303260DEN-MIL,200303260DEN-DEN,MIL-2003,0,2003,-219.29999999999998,50.089814814814815,masonan01-2003
przybjo01,27.183333333333334,-2.3,200303260DEN-MIL,200303260DEN-DEN,MIL-2003,0,2003,-62.52166666666666,50.089814814814815,przybjo01-2003
reddmi01,24.883333333333333,11.6,200303260DEN-MIL,200303260DEN-DEN,MIL-2003,0,2003,288.64666666666665,50.089814814814815,reddmi01-2003
kukocto01,20.883333333333333,-4.4,200303260DEN-MIL,200303260DEN-DEN,MIL-2003,0,2003,-91.88666666666667,50.089814814814815,kukocto01-2003
haislma01,12.833333333333334,-5.9,200303260DEN-MIL,200303260DEN-DEN,MIL-2003,0,2003,-75.71666666666667,50.089814814814815,haislma01-2003
thomati01,6.833333333333333,-4.7,200303260DEN-MIL,200303260DEN-DEN,MIL-2003,0,2003,-32.11666666666667,50.089814814814815,thomati01-2003
cambyma01,38.05,8.1,200303290HOU-DEN,200303290HOU-HOU,DEN-2003,0,2003,308.205,18.03833333333333,cambyma01-2003
hilarne01,38.05,5,200303290HOU-DEN,200303290HOU-HOU,DEN-2003,0,2003,190.25,18.03833333333333,hilarne01-2003
whitero02,36.2,-2.6,200303290HOU-DEN,200303290HOU-HOU,DEN-2003,0,2003,-94.12,18.03833333333333,whitero02-2003
harriju01,28.7,-4.4,200303290HOU-DEN,200303290HOU-HOU,DEN-2003,0,2003,-126.28,18.03833333333333,harriju01-2003
harvedo01,23.483333333333334,-3,200303290HOU-DEN,200303290HOU-HOU,DEN-2003,0,2003,-70.45,18.03833333333333,harvedo01-2003
willish01,22.85,2.1,200303290HOU-DEN,200303290HOU-HOU,DEN-2003,0,2003,47.98500000000001,18.03833333333333,willish01-2003
tskitni01,19.85,0.1,200303290HOU-DEN,200303290HOU-HOU,DEN-2003,0,2003,1.9850000000000003,18.03833333333333,tskitni01-2003
savovpr01,15.2,-1.8,200303290HOU-DEN,200303290HOU-HOU,DEN-2003,0,2003,-27.36,18.03833333333333,savovpr01-2003
anderch01,9.95,-4.7,200303290HOU-DEN,200303290HOU-HOU,DEN-2003,0,2003,-46.765,18.03833333333333,anderch01-2003
harriad01,7.666666666666667,-0.4,200303290HOU-DEN,200303290HOU-HOU,DEN-2003,0,2003,-3.066666666666667,18.03833333333333,harriad01-2003
jordami01,37.56666666666667,-3.3,200303300DEN-WAS,200303300DEN-DEN,WAS-2003,0,2003,-123.97,-18.302666666666664,jordami01-2003
stackje01,36.36666666666667,-0.3,200303300DEN-WAS,200303300DEN-DEN,WAS-2003,0,2003,-10.91,-18.302666666666664,stackje01-2003
luety01,33.56666666666667,-0.9,200303300DEN-WAS,200303300DEN-DEN,WAS-2003,0,2003,-30.210000000000004,-18.302666666666664,luety01-2003
laettch01,28.916666666666668,-0.4,200303300DEN-WAS,200303300DEN-DEN,WAS-2003,0,2003,-11.566666666666668,-18.302666666666664,laettch01-2003
whiteja01,23.833333333333332,-4.3,200303300DEN-WAS,200303300DEN-DEN,WAS-2003,0,2003,-102.48333333333332,-18.302666666666664,whiteja01-2003
brownkw01,21.033333333333335,4.7,200303300DEN-WAS,200303300DEN-DEN,WAS-2003,0,2003,98.85666666666668,-18.302666666666664,brownkw01-2003
haywobr01,19.883333333333333,-0.4,200303300DEN-WAS,200303300DEN-DEN,WAS-2003,0,2003,-7.953333333333333,-18.302666666666664,haywobr01-2003
simmobo01,17.833333333333332,2.4,200303300DEN-WAS,200303300DEN-DEN,WAS-2003,0,2003,42.8,-18.302666666666664,simmobo01-2003
dixonju01,15.1,-1.2,200303300DEN-WAS,200303300DEN-DEN,WAS-2003,0,2003,-18.119999999999997,-18.302666666666664,dixonju01-2003
russebr01,5.9,-3.3,200303300DEN-WAS,200303300DEN-DEN,WAS-2003,0,2003,-19.47,-18.302666666666664,russebr01-2003
hilarne01,36.96666666666667,-4.5,200304010PHO-DEN,200304010PHO-PHO,DEN-2003,0,2003,-166.35000000000002,-43.117222222222225,hilarne01-2003
tskitni01,30.35,1.6,200304010PHO-DEN,200304010PHO-PHO,DEN-2003,0,2003,48.56,-43.117222222222225,tskitni01-2003
howarju01,28.866666666666667,-5.7,200304010PHO-DEN,200304010PHO-PHO,DEN-2003,0,2003,-164.54000000000002,-43.117222222222225,howarju01-2003
whitero02,28.133333333333333,-3.6,200304010PHO-DEN,200304010PHO-PHO,DEN-2003,0,2003,-101.28,-43.117222222222225,whitero02-2003
willish01,25.733333333333334,-8.7,200304010PHO-DEN,200304010PHO-PHO,DEN-2003,0,2003,-223.88,-43.117222222222225,willish01-2003
cambyma01,20.283333333333335,3.1,200304010PHO-DEN,200304010PHO-PHO,DEN-2003,0,2003,62.87833333333334,-43.117222222222225,cambyma01-2003
harvedo01,14.983333333333333,0.5,200304010PHO-DEN,200304010PHO-PHO,DEN-2003,0,2003,7.491666666666666,-43.117222222222225,harvedo01-2003
harriad01,14.316666666666666,-2.5,200304010PHO-DEN,200304010PHO-PHO,DEN-2003,0,2003,-35.791666666666664,-43.117222222222225,harriad01-2003
harriju01,12.383333333333333,-4,200304010PHO-DEN,200304010PHO-PHO,DEN-2003,0,2003,-49.53333333333333,-43.117222222222225,harriju01-2003
anderch01,9.883333333333333,1.3,200304010PHO-DEN,200304010PHO-PHO,DEN-2003,0,2003,12.848333333333333,-43.117222222222225,anderch01-2003
savovpr01,9.883333333333333,7,200304010PHO-DEN,200304010PHO-PHO,DEN-2003,0,2003,69.18333333333334,-43.117222222222225,savovpr01-2003
trepaje01,8.216666666666667,2.8,200304010PHO-DEN,200304010PHO-PHO,DEN-2003,0,2003,23.006666666666664,-43.117222222222225,trepaje01-2003
houstal01,45.65,3.9,200304020DEN-NYK,200304020DEN-DEN,NYK-2003,1,2003,178.035,38.404074074074074,houstal01-2003
thomaku01,32.266666666666666,-3.1,200304020DEN-NYK,200304020DEN-DEN,NYK-2003,1,2003,-100.02666666666667,38.404074074074074,thomaku01-2003
weathcl01,31.483333333333334,2.4,200304020DEN-NYK,200304020DEN-DEN,NYK-2003,1,2003,75.56,38.404074074074074,weathcl01-2003
sprewla01,29.833333333333332,5.7,200304020DEN-NYK,200304020DEN-DEN,NYK-2003,1,2003,170.05,38.404074074074074,sprewla01-2003
eisleho01,24,-5.1,200304020DEN-NYK,200304020DEN-DEN,NYK-2003,1,2003,-122.39999999999999,38.404074074074074,eisleho01-2003
wardch01,24,2.7,200304020DEN-NYK,200304020DEN-DEN,NYK-2003,1,2003,64.80000000000001,38.404074074074074,wardch01-2003
andersh01,20.516666666666666,1.4,200304020DEN-NYK,200304020DEN-DEN,NYK-2003,1,2003,28.72333333333333,38.404074074074074,andersh01-2003
doleami01,16.516666666666666,0.7,200304020DEN-NYK,200304020DEN-DEN,NYK-2003,1,2003,11.561666666666666,38.404074074074074,doleami01-2003
knightr01,15.733333333333333,2.5,200304020DEN-NYK,200304020DEN-DEN,NYK-2003,1,2003,39.33333333333333,38.404074074074074,knightr01-2003
howarju01,36.03333333333333,1.9,200304060GSW-DEN,200304060GSW-GSW,DEN-2003,0,2003,68.46333333333332,18.056833333333334,howarju01-2003
cambyma01,30.783333333333335,0.5,200304060GSW-DEN,200304060GSW-GSW,DEN-2003,0,2003,15.391666666666667,18.056833333333334,cambyma01-2003
yarbrvi01,30.466666666666665,3.2,200304060GSW-DEN,200304060GSW-GSW,DEN-2003,0,2003,97.49333333333334,18.056833333333334,yarbrvi01-2003
willish01,29.816666666666666,2.4,200304060GSW-DEN,200304060GSW-GSW,DEN-2003,0,2003,71.56,18.056833333333334,willish01-2003
whitero02,23.216666666666665,-1.7,200304060GSW-DEN,200304060GSW-GSW,DEN-2003,0,2003,-39.46833333333333,18.056833333333334,whitero02-2003
harriju01,21.55,-3.3,200304060GSW-DEN,200304060GSW-GSW,DEN-2003,0,2003,-71.115,18.056833333333334,harriju01-2003
harvedo01,21.266666666666666,0.5,200304060GSW-DEN,200304060GSW-GSW,DEN-2003,0,2003,10.633333333333333,18.056833333333334,harvedo01-2003
hilarne01,21,1.6,200304060GSW-DEN,200304060GSW-GSW,DEN-2003,0,2003,33.6,18.056833333333334,hilarne01-2003
anderch01,17.483333333333334,1,200304060GSW-DEN,200304060GSW-GSW,DEN-2003,0,2003,17.483333333333334,18.056833333333334,anderch01-2003
tskitni01,8.383333333333333,-2.8,200304060GSW-DEN,200304060GSW-GSW,DEN-2003,0,2003,-23.47333333333333,18.056833333333334,tskitni01-2003
mariosh01,42.4,8.2,200304080DEN-PHO,200304080DEN-DEN,PHO-2003,1,2003,347.67999999999995,67.98333333333333,mariosh01-2003
marbust01,37.45,1.8,200304080DEN-PHO,200304080DEN-DEN,PHO-2003,1,2003,67.41000000000001,67.98333333333333,marbust01-2003
johnsjo02,34.46666666666667,8,200304080DEN-PHO,200304080DEN-DEN,PHO-2003,1,2003,275.73333333333335,67.98333333333333,johnsjo02-2003
outlabo01,31.333333333333332,-3.4,200304080DEN-PHO,200304080DEN-DEN,PHO-2003,1,2003,-106.53333333333333,67.98333333333333,outlabo01-2003
voskuja01,24.366666666666667,5.2,200304080DEN-PHO,200304080DEN-DEN,PHO-2003,1,2003,126.70666666666668,67.98333333333333,voskuja01-2003
hardaan01,19.75,0.4,200304080DEN-PHO,200304080DEN-DEN,PHO-2003,1,2003,7.9,67.98333333333333,hardaan01-2003
stoudam01,19.45,-6.2,200304080DEN-PHO,200304080DEN-DEN,PHO-2003,1,2003,-120.59,67.98333333333333,stoudam01-2003
tsakaja01,16.8,4.1,200304080DEN-PHO,200304080DEN-DEN,PHO-2003,1,2003,68.88,67.98333333333333,tsakaja01-2003
jacobca01,10.133333333333333,1.4,200304080DEN-PHO,200304080DEN-DEN,PHO-2003,1,2003,14.186666666666666,67.98333333333333,jacobca01-2003
langhda01,3.85,-0.4,200304080DEN-PHO,200304080DEN-DEN,PHO-2003,1,2003,-1.54,67.98333333333333,langhda01-2003
willish01,32.95,2.9,200304110SAC-DEN,200304110SAC-SAC,DEN-2003,0,2003,95.555,37.826212121212116,willish01-2003
hilarne01,32.9,7,200304110SAC-DEN,200304110SAC-SAC,DEN-2003,0,2003,230.29999999999998,37.826212121212116,hilarne01-2003
cambyma01,31.683333333333334,-1.4,200304110SAC-DEN,200304110SAC-SAC,DEN-2003,0,2003,-44.35666666666666,37.826212121212116,cambyma01-2003
howarju01,28.433333333333334,4.6,200304110SAC-DEN,200304110SAC-SAC,DEN-2003,0,2003,130.79333333333332,37.826212121212116,howarju01-2003
whitero02,27.583333333333332,5.5,200304110SAC-DEN,200304110SAC-SAC,DEN-2003,0,2003,151.70833333333331,37.826212121212116,whitero02-2003
brownde02,23.616666666666667,-3.2,200304110SAC-DEN,200304110SAC-SAC,DEN-2003,0,2003,-75.57333333333334,37.826212121212116,brownde02-2003
yarbrvi01,19.133333333333333,-1.9,200304110SAC-DEN,200304110SAC-SAC,DEN-2003,0,2003,-36.35333333333333,37.826212121212116,yarbrvi01-2003
harriju01,15.05,1,200304110SAC-DEN,200304110SAC-SAC,DEN-2003,0,2003,15.05,37.826212121212116,harriju01-2003
tskitni01,14.016666666666667,-2.1,200304110SAC-DEN,200304110SAC-SAC,DEN-2003,0,2003,-29.435000000000002,37.826212121212116,tskitni01-2003
trepaje01,9,-2.4,200304110SAC-DEN,200304110SAC-SAC,DEN-2003,0,2003,-21.599999999999998,37.826212121212116,trepaje01-2003
anderch01,5.633333333333333,0,200304110SAC-DEN,200304110SAC-SAC,DEN-2003,0,2003,0,37.826212121212116,anderch01-2003
odomla01,37.71666666666667,7.5,200304120DEN-LAC,200304120DEN-DEN,LAC-2003,1,2003,282.875,51.46736111111111,odomla01-2003
millean02,32.53333333333333,4.5,200304120DEN-LAC,200304120DEN-DEN,LAC-2003,1,2003,146.39999999999998,51.46736111111111,millean02-2003
maggeco01,30.183333333333334,1.7,200304120DEN-LAC,200304120DEN-DEN,LAC-2003,1,2003,51.31166666666667,51.46736111111111,maggeco01-2003
brandel01,29.583333333333332,-0.1,200304120DEN-LAC,200304120DEN-DEN,LAC-2003,1,2003,-2.9583333333333335,51.46736111111111,brandel01-2003
elyme01,28.283333333333335,-0.1,200304120DEN-LAC,200304120DEN-DEN,LAC-2003,1,2003,-2.8283333333333336,51.46736111111111,elyme01-2003
jaricma01,19.783333333333335,9,200304120DEN-LAC,200304120DEN-DEN,LAC-2003,1,2003,178.05,51.46736111111111,jaricma01-2003
rooksse01,17.85,-1,200304120DEN-LAC,200304120DEN-DEN,LAC-2003,1,2003,-17.85,51.46736111111111,rooksse01-2003
doolike01,15.466666666666667,2.9,200304120DEN-LAC,200304120DEN-DEN,LAC-2003,1,2003,44.85333333333333,51.46736111111111,doolike01-2003
wilcoch01,11.766666666666667,-2.1,200304120DEN-LAC,200304120DEN-DEN,LAC-2003,1,2003,-24.710000000000004,51.46736111111111,wilcoch01-2003
piatker01,8.316666666666666,-2.4,200304120DEN-LAC,200304120DEN-DEN,LAC-2003,1,2003,-19.959999999999997,51.46736111111111,piatker01-2003
fowlktr01,5.766666666666667,-3,200304120DEN-LAC,200304120DEN-DEN,LAC-2003,1,2003,-17.3,51.46736111111111,fowlktr01-2003
zhizhwa01,2.75,-0.1,200304120DEN-LAC,200304120DEN-DEN,LAC-2003,1,2003,-0.275,51.46736111111111,zhizhwa01-2003
tskitni01,35.56666666666667,-3.6,200304150LAL-DEN,200304150LAL-LAL,DEN-2003,0,2003,-128.04000000000002,-15.841060606060607,tskitni01-2003
cambyma01,32.45,1.5,200304150LAL-DEN,200304150LAL-LAL,DEN-2003,0,2003,48.675000000000004,-15.841060606060607,cambyma01-2003
willish01,31.3,0.7,200304150LAL-DEN,200304150LAL-LAL,DEN-2003,0,2003,21.91,-15.841060606060607,willish01-2003
howarju01,28.683333333333334,2.6,200304150LAL-DEN,200304150LAL-LAL,DEN-2003,0,2003,74.57666666666667,-15.841060606060607,howarju01-2003
yarbrvi01,22.266666666666666,-3.3,200304150LAL-DEN,200304150LAL-LAL,DEN-2003,0,2003,-73.47999999999999,-15.841060606060607,yarbrvi01-2003
whitero02,18.816666666666666,-4.9,200304150LAL-DEN,200304150LAL-LAL,DEN-2003,0,2003,-92.20166666666667,-15.841060606060607,whitero02-2003
anderch01,17.966666666666665,-0.2,200304150LAL-DEN,200304150LAL-LAL,DEN-2003,0,2003,-3.5933333333333333,-15.841060606060607,anderch01-2003
trepaje01,17.2,-2.3,200304150LAL-DEN,200304150LAL-LAL,DEN-2003,0,2003,-39.559999999999995,-15.841060606060607,trepaje01-2003
hilarne01,14.033333333333333,0.3,200304150LAL-DEN,200304150LAL-LAL,DEN-2003,0,2003,4.21,-15.841060606060607,hilarne01-2003
harriad01,12.25,1.7,200304150LAL-DEN,200304150LAL-LAL,DEN-2003,0,2003,20.825,-15.841060606060607,harriad01-2003
harriju01,9.466666666666667,-0.8,200304150LAL-DEN,200304150LAL-LAL,DEN-2003,0,2003,-7.573333333333334,-15.841060606060607,harriju01-2003
moblecu01,41.43333333333333,1.6,200304160DEN-HOU,200304160DEN-DEN,HOU-2003,1,2003,66.29333333333334,52.821481481481484,moblecu01-2003
francst01,40.38333333333333,3.8,200304160DEN-HOU,200304160DEN-DEN,HOU-2003,1,2003,153.45666666666665,52.821481481481484,francst01-2003
mingya01,34.85,4.7,200304160DEN-HOU,200304160DEN-DEN,HOU-2003,1,2003,163.79500000000002,52.821481481481484,mingya01-2003
griffed01,28.25,1.3,200304160DEN-HOU,200304160DEN-DEN,HOU-2003,1,2003,36.725,52.821481481481484,griffed01-2003
ricegl01,27.033333333333335,2.2,200304160DEN-HOU,200304160DEN-DEN,HOU-2003,1,2003,59.47333333333334,52.821481481481484,ricegl01-2003
poseyja01,20.966666666666665,7.7,200304160DEN-HOU,200304160DEN-DEN,HOU-2003,1,2003,161.44333333333333,52.821481481481484,poseyja01-2003
morrite01,19.75,-6,200304160DEN-HOU,200304160DEN-DEN,HOU-2003,1,2003,-118.5,52.821481481481484,morrite01-2003
norrimo01,14.183333333333334,-2.5,200304160DEN-HOU,200304160DEN-DEN,HOU-2003,1,2003,-35.458333333333336,52.821481481481484,norrimo01-2003
catoke01,13.15,-0.9,200304160DEN-HOU,200304160DEN-DEN,HOU-2003,1,2003,-11.835,52.821481481481484,catoke01-2003
