player,min,VORP,id,opp_id,season_id,win,year,adj_VORP,avg_VORP,link
odomla01,32.93333333333333,-8.2,201112260DAL-DAL,201112260DAL-DEN,DAL-2012,0,2012,-270.0533333333333,-13.726282051282046,odomla01-2012
nowitdi01,26.2,1.4,201112260DAL-DAL,201112260DAL-DEN,DAL-2012,0,2012,36.68,-13.726282051282046,nowitdi01-2012
terryja01,25.766666666666666,-3.3,201112260DAL-DAL,201112260DAL-DEN,DAL-2012,0,2012,-85.02999999999999,-13.726282051282046,terryja01-2012
westde01,25.45,-0.1,201112260DAL-DAL,201112260DAL-DEN,DAL-2012,0,2012,-2.545,-13.726282051282046,westde01-2012
kiddja01,24.233333333333334,2.3,201112260DAL-DAL,201112260DAL-DEN,DAL-2012,0,2012,55.736666666666665,-13.726282051282046,kiddja01-2012
mariosh01,23.166666666666668,-1.6,201112260DAL-DAL,201112260DAL-DEN,DAL-2012,0,2012,-37.06666666666667,-13.726282051282046,mariosh01-2012
haywobr01,21.633333333333333,-0.7,201112260DAL-DAL,201112260DAL-DEN,DAL-2012,0,2012,-15.143333333333333,-13.726282051282046,haywobr01-2012
cartevi01,20.533333333333335,2.6,201112260DAL-DAL,201112260DAL-DEN,DAL-2012,0,2012,53.38666666666667,-13.726282051282046,cartevi01-2012
beaubro01,14.716666666666667,3.8,201112260DAL-DAL,201112260DAL-DEN,DAL-2012,0,2012,55.92333333333333,-13.726282051282046,beaubro01-2012
willise01,11.1,2.5,201112260DAL-DAL,201112260DAL-DEN,DAL-2012,0,2012,27.75,-13.726282051282046,willise01-2012
cardibr01,5.433333333333334,1.1,201112260DAL-DAL,201112260DAL-DEN,DAL-2012,0,2012,5.9766666666666675,-13.726282051282046,cardibr01-2012
mahinia01,4.716666666666667,0.1,201112260DAL-DAL,201112260DAL-DEN,DAL-2012,0,2012,0.4716666666666667,-13.726282051282046,mahinia01-2012
jonesdo02,4.116666666666666,-1.1,201112260DAL-DAL,201112260DAL-DEN,DAL-2012,0,2012,-4.528333333333333,-13.726282051282046,jonesdo02-2012
fernaru01,30.266666666666666,2.6,201112280DEN-DEN,201112280DEN-UTA,DEN-2012,1,2012,78.69333333333333,44.00474358974359,fernaru01-2012
millean02,27.783333333333335,3.6,201112280DEN-DEN,201112280DEN-UTA,DEN-2012,1,2012,100.02000000000001,44.00474358974359,millean02-2012
gallida01,25.333333333333332,1.5,201112280DEN-DEN,201112280DEN-UTA,DEN-2012,1,2012,38,44.00474358974359,gallida01-2012
lawsoty01,25.066666666666666,0.9,201112280DEN-DEN,201112280DEN-UTA,DEN-2012,1,2012,22.56,44.00474358974359,lawsoty01-2012
hilarne01,23.8,12.5,201112280DEN-DEN,201112280DEN-UTA,DEN-2012,1,2012,297.5,44.00474358974359,hilarne01-2012
harrial01,20.8,5.9,201112280DEN-DEN,201112280DEN-UTA,DEN-2012,1,2012,122.72000000000001,44.00474358974359,harrial01-2012
afflaar01,20.083333333333332,-1.2,201112280DEN-DEN,201112280DEN-UTA,DEN-2012,1,2012,-24.099999999999998,44.00474358974359,afflaar01-2012
mozgoti01,17.65,-1.7,201112280DEN-DEN,201112280DEN-UTA,DEN-2012,1,2012,-30.004999999999995,44.00474358974359,mozgoti01-2012
anderch01,14.4,-1,201112280DEN-DEN,201112280DEN-UTA,DEN-2012,1,2012,-14.4,44.00474358974359,anderch01-2012
breweco01,12,0.2,201112280DEN-DEN,201112280DEN-UTA,DEN-2012,1,2012,2.4000000000000004,44.00474358974359,breweco01-2012
farieke01,9.033333333333333,-2.9,201112280DEN-DEN,201112280DEN-UTA,DEN-2012,1,2012,-26.196666666666665,44.00474358974359,farieke01-2012
koufoko01,7.916666666666667,-0.2,201112280DEN-DEN,201112280DEN-UTA,DEN-2012,1,2012,-1.5833333333333335,44.00474358974359,koufoko01-2012
carrode01,5.866666666666667,1.1,201112280DEN-DEN,201112280DEN-UTA,DEN-2012,1,2012,6.453333333333334,44.00474358974359,carrode01-2012
matthwe02,39.28333333333333,8.2,201112290POR-POR,201112290POR-DEN,POR-2012,1,2012,322.1233333333333,75.90062499999999,matthwe02-2012
aldrila01,38.96666666666667,1.1,201112290POR-POR,201112290POR-DEN,POR-2012,1,2012,42.86333333333334,75.90062499999999,aldrila01-2012
wallage01,38.233333333333334,2.1,201112290POR-POR,201112290POR-DEN,POR-2012,1,2012,80.29,75.90062499999999,wallage01-2012
feltora01,33.86666666666667,3.6,201112290POR-POR,201112290POR-DEN,POR-2012,1,2012,121.92,75.90062499999999,feltora01-2012
crawfja01,30.766666666666666,-2.5,201112290POR-POR,201112290POR-DEN,POR-2012,1,2012,-76.91666666666666,75.90062499999999,crawfja01-2012
cambyma01,25.95,2.4,201112290POR-POR,201112290POR-DEN,POR-2012,1,2012,62.279999999999994,75.90062499999999,cambyma01-2012
batumni01,20.683333333333334,1.1,201112290POR-POR,201112290POR-DEN,POR-2012,1,2012,22.75166666666667,75.90062499999999,batumni01-2012
thomaku01,12.266666666666667,2.6,201112290POR-POR,201112290POR-DEN,POR-2012,1,2012,31.893333333333338,75.90062499999999,thomaku01-2012
gasolpa01,36.46666666666667,5,201112310LAL-LAL,201112310LAL-DEN,LAL-2012,1,2012,182.33333333333334,54.096500000000006,gasolpa01-2012
bryanko01,33.43333333333333,3.2,201112310LAL-LAL,201112310LAL-DEN,LAL-2012,1,2012,106.98666666666666,54.096500000000006,bryanko01-2012
bynuman01,31.6,10.9,201112310LAL-LAL,201112310LAL-DEN,LAL-2012,1,2012,344.44000000000005,54.096500000000006,bynuman01-2012
blakest01,26.266666666666666,-0.5,201112310LAL-LAL,201112310LAL-DEN,LAL-2012,1,2012,-13.133333333333333,54.096500000000006,blakest01-2012
kaponja01,23.033333333333335,-0.6,201112310LAL-LAL,201112310LAL-DEN,LAL-2012,1,2012,-13.82,54.096500000000006,kaponja01-2012
fishede01,21.733333333333334,2,201112310LAL-LAL,201112310LAL-DEN,LAL-2012,1,2012,43.46666666666667,54.096500000000006,fishede01-2012
mcrobjo01,21.65,2.1,201112310LAL-LAL,201112310LAL-DEN,LAL-2012,1,2012,45.464999999999996,54.096500000000006,mcrobjo01-2012
barnema02,20.45,2.4,201112310LAL-LAL,201112310LAL-DEN,LAL-2012,1,2012,49.08,54.096500000000006,barnema02-2012
artesro01,19.766666666666666,-10.2,201112310LAL-LAL,201112310LAL-DEN,LAL-2012,1,2012,-201.61999999999998,54.096500000000006,artesro01-2012
murphtr01,5.583333333333333,-0.4,201112310LAL-LAL,201112310LAL-DEN,LAL-2012,1,2012,-2.2333333333333334,54.096500000000006,murphtr01-2012
lawsoty01,37,5.7,201201010DEN-DEN,201201010DEN-LAL,DEN-2012,1,2012,210.9,67.75907407407408,lawsoty01-2012
gallida01,36.583333333333336,6.7,201201010DEN-DEN,201201010DEN-LAL,DEN-2012,1,2012,245.10833333333335,67.75907407407408,gallida01-2012
harrial01,34.766666666666666,2,201201010DEN-DEN,201201010DEN-LAL,DEN-2012,1,2012,69.53333333333333,67.75907407407408,harrial01-2012
afflaar01,31.283333333333335,-3.2,201201010DEN-DEN,201201010DEN-LAL,DEN-2012,1,2012,-100.10666666666668,67.75907407407408,afflaar01-2012
millean02,29.75,3.3,201201010DEN-DEN,201201010DEN-LAL,DEN-2012,1,2012,98.175,67.75907407407408,millean02-2012
hilarne01,22.45,-0.9,201201010DEN-DEN,201201010DEN-LAL,DEN-2012,1,2012,-20.205,67.75907407407408,hilarne01-2012
anderch01,19.6,7.4,201201010DEN-DEN,201201010DEN-LAL,DEN-2012,1,2012,145.04000000000002,67.75907407407408,anderch01-2012
fernaru01,15.1,-2.2,201201010DEN-DEN,201201010DEN-LAL,DEN-2012,1,2012,-33.22,67.75907407407408,fernaru01-2012
mozgoti01,13.483333333333333,-0.4,201201010DEN-DEN,201201010DEN-LAL,DEN-2012,1,2012,-5.3933333333333335,67.75907407407408,mozgoti01-2012
gallida01,35.56666666666667,4,201201020DEN-DEN,201201020DEN-MIL,DEN-2012,1,2012,142.26666666666668,44.85033333333334,gallida01-2012
lawsoty01,33.31666666666667,6.2,201201020DEN-DEN,201201020DEN-MIL,DEN-2012,1,2012,206.56333333333336,44.85033333333334,lawsoty01-2012
millean02,29.9,1.8,201201020DEN-DEN,201201020DEN-MIL,DEN-2012,1,2012,53.82,44.85033333333334,millean02-2012
harrial01,29.116666666666667,2.3,201201020DEN-DEN,201201020DEN-MIL,DEN-2012,1,2012,66.96833333333333,44.85033333333334,harrial01-2012
afflaar01,25.65,-2.7,201201020DEN-DEN,201201020DEN-MIL,DEN-2012,1,2012,-69.255,44.85033333333334,afflaar01-2012
fernaru01,22.533333333333335,1.7,201201020DEN-DEN,201201020DEN-MIL,DEN-2012,1,2012,38.30666666666667,44.85033333333334,fernaru01-2012
koufoko01,19.283333333333335,1.3,201201020DEN-DEN,201201020DEN-MIL,DEN-2012,1,2012,25.068333333333335,44.85033333333334,koufoko01-2012
anderch01,15.25,-3,201201020DEN-DEN,201201020DEN-MIL,DEN-2012,1,2012,-45.75,44.85033333333334,anderch01-2012
mozgoti01,14.733333333333333,-3,201201020DEN-DEN,201201020DEN-MIL,DEN-2012,1,2012,-44.199999999999996,44.85033333333334,mozgoti01-2012
breweco01,14.65,5.1,201201020DEN-DEN,201201020DEN-MIL,DEN-2012,1,2012,74.715,44.85033333333334,breweco01-2012
fernaru01,30.7,1.7,201201040DEN-DEN,201201040DEN-SAC,DEN-2012,1,2012,52.19,35.55597222222222,fernaru01-2012
lawsoty01,25.966666666666665,1.9,201201040DEN-DEN,201201040DEN-SAC,DEN-2012,1,2012,49.33666666666666,35.55597222222222,lawsoty01-2012
gallida01,25.066666666666666,3.8,201201040DEN-DEN,201201040DEN-SAC,DEN-2012,1,2012,95.25333333333333,35.55597222222222,gallida01-2012
koufoko01,24.416666666666668,-3.7,201201040DEN-DEN,201201040DEN-SAC,DEN-2012,1,2012,-90.34166666666667,35.55597222222222,koufoko01-2012
mozgoti01,20.366666666666667,1.2,201201040DEN-DEN,201201040DEN-SAC,DEN-2012,1,2012,24.44,35.55597222222222,mozgoti01-2012
afflaar01,20.35,-1.7,201201040DEN-DEN,201201040DEN-SAC,DEN-2012,1,2012,-34.595,35.55597222222222,afflaar01-2012
harrial01,19.666666666666668,4.8,201201040DEN-DEN,201201040DEN-SAC,DEN-2012,1,2012,94.4,35.55597222222222,harrial01-2012
millean02,19.316666666666666,2.4,201201040DEN-DEN,201201040DEN-SAC,DEN-2012,1,2012,46.36,35.55597222222222,millean02-2012
anderch01,18.283333333333335,5.7,201201040DEN-DEN,201201040DEN-SAC,DEN-2012,1,2012,104.21500000000002,35.55597222222222,anderch01-2012
breweco01,18.1,2.1,201201040DEN-DEN,201201040DEN-SAC,DEN-2012,1,2012,38.010000000000005,35.55597222222222,breweco01-2012
farieke01,9.816666666666666,4.1,201201040DEN-DEN,201201040DEN-SAC,DEN-2012,1,2012,40.24833333333333,35.55597222222222,farieke01-2012
carrode01,7.95,0.9,201201040DEN-DEN,201201040DEN-SAC,DEN-2012,1,2012,7.155,35.55597222222222,carrode01-2012
belinma01,40.166666666666664,3.1,201201060NOH-NOH,201201060NOH-DEN,NOH-2012,0,2012,124.51666666666667,20.017833333333336,belinma01-2012
jackja01,39.65,0,201201060NOH-NOH,201201060NOH-DEN,NOH-2012,0,2012,0,20.017833333333336,jackja01-2012
okafoem01,30.5,0.3,201201060NOH-NOH,201201060NOH-DEN,NOH-2012,0,2012,9.15,20.017833333333336,okafoem01-2012
kamanch01,27.7,-4.1,201201060NOH-NOH,201201060NOH-DEN,NOH-2012,0,2012,-113.57,20.017833333333336,kamanch01-2012
vasqugr01,26.066666666666666,10.2,201201060NOH-NOH,201201060NOH-DEN,NOH-2012,0,2012,265.88,20.017833333333336,vasqugr01-2012
landrca01,25.6,-1.9,201201060NOH-NOH,201201060NOH-DEN,NOH-2012,0,2012,-48.64,20.017833333333336,landrca01-2012
aminual01,21.5,-1.7,201201060NOH-NOH,201201060NOH-DEN,NOH-2012,0,2012,-36.55,20.017833333333336,aminual01-2012
smithja02,21.466666666666665,0.4,201201060NOH-NOH,201201060NOH-DEN,NOH-2012,0,2012,8.586666666666666,20.017833333333336,smithja02-2012
johnstr01,5.85,-1.7,201201060NOH-NOH,201201060NOH-DEN,NOH-2012,0,2012,-9.944999999999999,20.017833333333336,johnstr01-2012
johnsca01,1.5,0.5,201201060NOH-NOH,201201060NOH-DEN,NOH-2012,0,2012,0.75,20.017833333333336,johnsca01-2012
greenda02,33.45,10.8,201201070SAS-SAS,201201070SAS-DEN,SAS-2012,1,2012,361.26000000000005,50.619696969696975,greenda02-2012
jefferi01,32.733333333333334,7,201201070SAS-SAS,201201070SAS-DEN,SAS-2012,1,2012,229.13333333333333,50.619696969696975,jefferi01-2012
parketo01,32.18333333333333,-2.6,201201070SAS-SAS,201201070SAS-DEN,SAS-2012,1,2012,-83.67666666666666,50.619696969696975,parketo01-2012
blairde01,30.216666666666665,0.2,201201070SAS-SAS,201201070SAS-DEN,SAS-2012,1,2012,6.043333333333333,50.619696969696975,blairde01-2012
fordtj01,21.45,2,201201070SAS-SAS,201201070SAS-DEN,SAS-2012,1,2012,42.9,50.619696969696975,fordtj01-2012
nealga01,21.033333333333335,-3.4,201201070SAS-SAS,201201070SAS-DEN,SAS-2012,1,2012,-71.51333333333334,50.619696969696975,nealga01-2012
duncati01,19.816666666666666,2.3,201201070SAS-SAS,201201070SAS-DEN,SAS-2012,1,2012,45.578333333333326,50.619696969696975,duncati01-2012
leonaka01,19.75,1.5,201201070SAS-SAS,201201070SAS-DEN,SAS-2012,1,2012,29.625,50.619696969696975,leonaka01-2012
splitti01,18.533333333333335,0.2,201201070SAS-SAS,201201070SAS-DEN,SAS-2012,1,2012,3.706666666666667,50.619696969696975,splitti01-2012
bonnema01,6.783333333333333,-0.8,201201070SAS-SAS,201201070SAS-DEN,SAS-2012,1,2012,-5.426666666666667,50.619696969696975,bonnema01-2012
anderja01,4.066666666666666,-0.2,201201070SAS-SAS,201201070SAS-DEN,SAS-2012,1,2012,-0.8133333333333334,50.619696969696975,anderja01-2012
gallida01,37.85,3,201201090DEN-DEN,201201090DEN-NOH,DEN-2012,0,2012,113.55000000000001,14.358333333333336,gallida01-2012
lawsoty01,35.11666666666667,2.7,201201090DEN-DEN,201201090DEN-NOH,DEN-2012,0,2012,94.81500000000001,14.358333333333336,lawsoty01-2012
afflaar01,34.483333333333334,0.9,201201090DEN-DEN,201201090DEN-NOH,DEN-2012,0,2012,31.035,14.358333333333336,afflaar01-2012
hilarne01,30,2.6,201201090DEN-DEN,201201090DEN-NOH,DEN-2012,0,2012,78,14.358333333333336,hilarne01-2012
fernaru01,27.083333333333332,4.8,201201090DEN-DEN,201201090DEN-NOH,DEN-2012,0,2012,130,14.358333333333336,fernaru01-2012
millean02,22.15,-6.8,201201090DEN-DEN,201201090DEN-NOH,DEN-2012,0,2012,-150.61999999999998,14.358333333333336,millean02-2012
harrial01,17.816666666666666,-5.7,201201090DEN-DEN,201201090DEN-NOH,DEN-2012,0,2012,-101.555,14.358333333333336,harrial01-2012
mozgoti01,11.366666666666667,-1.3,201201090DEN-DEN,201201090DEN-NOH,DEN-2012,0,2012,-14.776666666666667,14.358333333333336,mozgoti01-2012
koufoko01,9.633333333333333,-0.2,201201090DEN-DEN,201201090DEN-NOH,DEN-2012,0,2012,-1.9266666666666667,14.358333333333336,koufoko01-2012
breweco01,7.65,-0.6,201201090DEN-DEN,201201090DEN-NOH,DEN-2012,0,2012,-4.59,14.358333333333336,breweco01-2012
anderch01,5.433333333333334,-0.9,201201090DEN-DEN,201201090DEN-NOH,DEN-2012,0,2012,-4.890000000000001,14.358333333333336,anderch01-2012
carrode01,1.4166666666666667,2.3,201201090DEN-DEN,201201090DEN-NOH,DEN-2012,0,2012,3.2583333333333333,14.358333333333336,carrode01-2012
millean02,37.95,-1.3,201201110DEN-DEN,201201110DEN-NJN,DEN-2012,1,2012,-49.33500000000001,18.437166666666666,millean02-2012
gallida01,32.11666666666667,6,201201110DEN-DEN,201201110DEN-NJN,DEN-2012,1,2012,192.7,18.437166666666666,gallida01-2012
hilarne01,30.216666666666665,-3.1,201201110DEN-DEN,201201110DEN-NJN,DEN-2012,1,2012,-93.67166666666667,18.437166666666666,hilarne01-2012
afflaar01,29.933333333333334,-4.7,201201110DEN-DEN,201201110DEN-NJN,DEN-2012,1,2012,-140.68666666666667,18.437166666666666,afflaar01-2012
harrial01,28.983333333333334,-4.7,201201110DEN-DEN,201201110DEN-NJN,DEN-2012,1,2012,-136.22166666666666,18.437166666666666,harrial01-2012
fernaru01,28.183333333333334,9,201201110DEN-DEN,201201110DEN-NJN,DEN-2012,1,2012,253.65,18.437166666666666,fernaru01-2012
anderch01,17.783333333333335,1.8,201201110DEN-DEN,201201110DEN-NJN,DEN-2012,1,2012,32.010000000000005,18.437166666666666,anderch01-2012
breweco01,15.883333333333333,5.8,201201110DEN-DEN,201201110DEN-NJN,DEN-2012,1,2012,92.12333333333333,18.437166666666666,breweco01-2012
mozgoti01,12.883333333333333,2.2,201201110DEN-DEN,201201110DEN-NJN,DEN-2012,1,2012,28.343333333333334,18.437166666666666,mozgoti01-2012
stoneju01,6.066666666666666,0.9,201201110DEN-DEN,201201110DEN-NJN,DEN-2012,1,2012,5.46,18.437166666666666,stoneju01-2012
hilarne01,38.733333333333334,1,201201130DEN-DEN,201201130DEN-MIA,DEN-2012,1,2012,38.733333333333334,55.62409090909091,hilarne01-2012
gallida01,35,-1.9,201201130DEN-DEN,201201130DEN-MIA,DEN-2012,1,2012,-66.5,55.62409090909091,gallida01-2012
lawsoty01,33.86666666666667,8.3,201201130DEN-DEN,201201130DEN-MIA,DEN-2012,1,2012,281.09333333333336,55.62409090909091,lawsoty01-2012
fernaru01,28.733333333333334,5.4,201201130DEN-DEN,201201130DEN-MIA,DEN-2012,1,2012,155.16000000000003,55.62409090909091,fernaru01-2012
millean02,27.466666666666665,0.1,201201130DEN-DEN,201201130DEN-MIA,DEN-2012,1,2012,2.7466666666666666,55.62409090909091,millean02-2012
mozgoti01,24.133333333333333,4.2,201201130DEN-DEN,201201130DEN-MIA,DEN-2012,1,2012,101.36,55.62409090909091,mozgoti01-2012
afflaar01,20.466666666666665,1.9,201201130DEN-DEN,201201130DEN-MIA,DEN-2012,1,2012,38.88666666666666,55.62409090909091,afflaar01-2012
harrial01,18.066666666666666,3.7,201201130DEN-DEN,201201130DEN-MIA,DEN-2012,1,2012,66.84666666666666,55.62409090909091,harrial01-2012
breweco01,11.8,-0.6,201201130DEN-DEN,201201130DEN-MIA,DEN-2012,1,2012,-7.08,55.62409090909091,breweco01-2012
koufoko01,0.8833333333333333,0.8,201201130DEN-DEN,201201130DEN-MIA,DEN-2012,1,2012,0.7066666666666667,55.62409090909091,koufoko01-2012
stoneju01,0.8833333333333333,-0.1,201201130DEN-DEN,201201130DEN-MIA,DEN-2012,1,2012,-0.08833333333333333,55.62409090909091,stoneju01-2012
lawsoty01,36.93333333333333,0.2,201201150DEN-DEN,201201150DEN-UTA,DEN-2012,0,2012,7.386666666666667,13.924545454545452,lawsoty01-2012
hilarne01,35.38333333333333,-2.2,201201150DEN-DEN,201201150DEN-UTA,DEN-2012,0,2012,-77.84333333333333,13.924545454545452,hilarne01-2012
afflaar01,35.333333333333336,-2.2,201201150DEN-DEN,201201150DEN-UTA,DEN-2012,0,2012,-77.73333333333335,13.924545454545452,afflaar01-2012
gallida01,30.05,9.2,201201150DEN-DEN,201201150DEN-UTA,DEN-2012,0,2012,276.46,13.924545454545452,gallida01-2012
harrial01,24.4,1.3,201201150DEN-DEN,201201150DEN-UTA,DEN-2012,0,2012,31.72,13.924545454545452,harrial01-2012
millean02,20.233333333333334,-1.8,201201150DEN-DEN,201201150DEN-UTA,DEN-2012,0,2012,-36.42,13.924545454545452,millean02-2012
breweco01,19.35,-1.3,201201150DEN-DEN,201201150DEN-UTA,DEN-2012,0,2012,-25.155,13.924545454545452,breweco01-2012
mozgoti01,17.683333333333334,2.1,201201150DEN-DEN,201201150DEN-UTA,DEN-2012,0,2012,37.135000000000005,13.924545454545452,mozgoti01-2012
fernaru01,9.466666666666667,0.5,201201150DEN-DEN,201201150DEN-UTA,DEN-2012,0,2012,4.733333333333333,13.924545454545452,fernaru01-2012
anderch01,9.45,1.4,201201150DEN-DEN,201201150DEN-UTA,DEN-2012,0,2012,13.229999999999999,13.924545454545452,anderch01-2012
koufoko01,1.7166666666666668,-0.2,201201150DEN-DEN,201201150DEN-UTA,DEN-2012,0,2012,-0.3433333333333334,13.924545454545452,koufoko01-2012
jennibr01,37.766666666666666,11.9,201201170MIL-MIL,201201170MIL-DEN,MIL-2012,0,2012,449.42333333333335,32.39791666666667,jennibr01-2012
delfica01,29.333333333333332,2.5,201201170MIL-MIL,201201170MIL-DEN,MIL-2012,0,2012,73.33333333333333,32.39791666666667,delfica01-2012
harrito02,27.433333333333334,3.1,201201170MIL-MIL,201201170MIL-DEN,MIL-2012,0,2012,85.04333333333334,32.39791666666667,harrito02-2012
ilyaser01,22.133333333333333,1.3,201201170MIL-MIL,201201170MIL-DEN,MIL-2012,0,2012,28.773333333333333,32.39791666666667,ilyaser01-2012
udrihbe01,19.85,-7.1,201201170MIL-MIL,201201170MIL-DEN,MIL-2012,0,2012,-140.935,32.39791666666667,udrihbe01-2012
livinsh01,19.6,0.5,201201170MIL-MIL,201201170MIL-DEN,MIL-2012,0,2012,9.8,32.39791666666667,livinsh01-2012
bogutan01,19.066666666666666,-1.9,201201170MIL-MIL,201201170MIL-DEN,MIL-2012,0,2012,-36.22666666666667,32.39791666666667,bogutan01-2012
leuerjo01,18.166666666666668,2.6,201201170MIL-MIL,201201170MIL-DEN,MIL-2012,0,2012,47.23333333333334,32.39791666666667,leuerjo01-2012
jacksst02,16.716666666666665,-6,201201170MIL-MIL,201201170MIL-DEN,MIL-2012,0,2012,-100.29999999999998,32.39791666666667,jacksst02-2012
goodedr01,11.616666666666667,-1.5,201201170MIL-MIL,201201170MIL-DEN,MIL-2012,0,2012,-17.425,32.39791666666667,goodedr01-2012
sandela01,9.633333333333333,0.5,201201170MIL-MIL,201201170MIL-DEN,MIL-2012,0,2012,4.816666666666666,32.39791666666667,sandela01-2012
brockjo01,8.683333333333334,-1.7,201201170MIL-MIL,201201170MIL-DEN,MIL-2012,0,2012,-14.761666666666667,32.39791666666667,brockjo01-2012
iguodan01,45.5,2.1,201201180PHI-PHI,201201180PHI-DEN,PHI-2012,0,2012,95.55,43.91259259259259,iguodan01-2012
holidjr01,40.333333333333336,-3,201201180PHI-PHI,201201180PHI-DEN,PHI-2012,0,2012,-121,43.91259259259259,holidjr01-2012
youngth01,38.13333333333333,2.7,201201180PHI-PHI,201201180PHI-DEN,PHI-2012,0,2012,102.96000000000001,43.91259259259259,youngth01-2012
brandel01,38.11666666666667,2.1,201201180PHI-PHI,201201180PHI-DEN,PHI-2012,0,2012,80.045,43.91259259259259,brandel01-2012
meeksjo01,30.316666666666666,4.3,201201180PHI-PHI,201201180PHI-DEN,PHI-2012,0,2012,130.36166666666665,43.91259259259259,meeksjo01-2012
turneev01,28.55,3.8,201201180PHI-PHI,201201180PHI-DEN,PHI-2012,0,2012,108.49,43.91259259259259,turneev01-2012
willilo02,19.3,-1,201201180PHI-PHI,201201180PHI-DEN,PHI-2012,0,2012,-19.3,43.91259259259259,willilo02-2012
battito01,12.933333333333334,1.4,201201180PHI-PHI,201201180PHI-DEN,PHI-2012,0,2012,18.106666666666666,43.91259259259259,battito01-2012
vucevni01,11.8,0,201201180PHI-PHI,201201180PHI-DEN,PHI-2012,0,2012,0,43.91259259259259,vucevni01-2012
youngni01,39.78333333333333,6.7,201201200WAS-WAS,201201200WAS-DEN,WAS-2012,0,2012,266.54833333333335,10.590151515151513,youngni01-2012
walljo01,38.43333333333333,-2.2,201201200WAS-WAS,201201200WAS-DEN,WAS-2012,0,2012,-84.55333333333333,10.590151515151513,walljo01-2012
mcgeeja01,36.3,-0.9,201201200WAS-WAS,201201200WAS-DEN,WAS-2012,0,2012,-32.67,10.590151515151513,mcgeeja01-2012
lewisra02,31.833333333333332,3.1,201201200WAS-WAS,201201200WAS-DEN,WAS-2012,0,2012,98.68333333333334,10.590151515151513,lewisra02-2012
blatcan01,26.35,-11.4,201201200WAS-WAS,201201200WAS-DEN,WAS-2012,0,2012,-300.39000000000004,10.590151515151513,blatcan01-2012
crawfjo02,24.75,2.2,201201200WAS-WAS,201201200WAS-DEN,WAS-2012,0,2012,54.45,10.590151515151513,crawfjo02-2012
singlch01,16.2,3.8,201201200WAS-WAS,201201200WAS-DEN,WAS-2012,0,2012,61.559999999999995,10.590151515151513,singlch01-2012
booketr01,13.233333333333333,0.5,201201200WAS-WAS,201201200WAS-DEN,WAS-2012,0,2012,6.616666666666666,10.590151515151513,booketr01-2012
macksh01,9.566666666666666,5.4,201201200WAS-WAS,201201200WAS-DEN,WAS-2012,0,2012,51.660000000000004,10.590151515151513,macksh01-2012
veselja01,3.3833333333333333,-1.6,201201200WAS-WAS,201201200WAS-DEN,WAS-2012,0,2012,-5.413333333333334,10.590151515151513,veselja01-2012
masonro01,0.16666666666666666,0,201201200WAS-WAS,201201200WAS-DEN,WAS-2012,0,2012,0,10.590151515151513,masonro01-2012
fieldla01,46.43333333333333,3.9,201201210NYK-NYK,201201210NYK-DEN,NYK-2012,0,2012,181.08999999999997,24.909999999999997,fieldla01-2012
stoudam01,45.15,0.5,201201210NYK-NYK,201201210NYK-DEN,NYK-2012,0,2012,22.575,24.909999999999997,stoudam01-2012
anthoca01,45.03333333333333,-4.8,201201210NYK-NYK,201201210NYK-DEN,NYK-2012,0,2012,-216.16,24.909999999999997,anthoca01-2012
shumpim01,41.15,4.3,201201210NYK-NYK,201201210NYK-DEN,NYK-2012,0,2012,176.945,24.909999999999997,shumpim01-2012
chandty01,36.2,0.5,201201210NYK-NYK,201201210NYK-DEN,NYK-2012,0,2012,18.1,24.909999999999997,chandty01-2012
douglto01,29.683333333333334,-0.4,201201210NYK-NYK,201201210NYK-DEN,NYK-2012,0,2012,-11.873333333333335,24.909999999999997,douglto01-2012
jeffrja01,18.816666666666666,2,201201210NYK-NYK,201201210NYK-DEN,NYK-2012,0,2012,37.63333333333333,24.909999999999997,jeffrja01-2012
harrejo01,16.533333333333335,-2.1,201201210NYK-NYK,201201210NYK-DEN,NYK-2012,0,2012,-34.720000000000006,24.909999999999997,harrejo01-2012
walkebi01,11,4.6,201201210NYK-NYK,201201210NYK-DEN,NYK-2012,0,2012,50.599999999999994,24.909999999999997,walkebi01-2012
evansty01,37.1,-5.7,201201250SAC-SAC,201201250SAC-DEN,SAC-2012,0,2012,-211.47000000000003,-21.86939393939394,evansty01-2012
fredeji01,36.483333333333334,4.8,201201250SAC-SAC,201201250SAC-DEN,SAC-2012,0,2012,175.12,-21.86939393939394,fredeji01-2012
couside01,33.46666666666667,-3.1,201201250SAC-SAC,201201250SAC-DEN,SAC-2012,0,2012,-103.74666666666667,-21.86939393939394,couside01-2012
thomais02,30.116666666666667,3.9,201201250SAC-SAC,201201250SAC-DEN,SAC-2012,0,2012,117.455,-21.86939393939394,thomais02-2012
thompja02,29.266666666666666,-0.4,201201250SAC-SAC,201201250SAC-DEN,SAC-2012,0,2012,-11.706666666666667,-21.86939393939394,thompja02-2012
salmojo01,24.083333333333332,-4.7,201201250SAC-SAC,201201250SAC-DEN,SAC-2012,0,2012,-113.19166666666666,-21.86939393939394,salmojo01-2012
hicksjj01,16.1,-2.7,201201250SAC-SAC,201201250SAC-DEN,SAC-2012,0,2012,-43.470000000000006,-21.86939393939394,hicksjj01-2012
greendo01,12.683333333333334,-0.3,201201250SAC-SAC,201201250SAC-DEN,SAC-2012,0,2012,-3.8049999999999997,-21.86939393939394,greendo01-2012
garcifr01,12.633333333333333,-4.4,201201250SAC-SAC,201201250SAC-DEN,SAC-2012,0,2012,-55.586666666666666,-21.86939393939394,garcifr01-2012
outlatr01,4.15,0.2,201201250SAC-SAC,201201250SAC-DEN,SAC-2012,0,2012,0.8300000000000001,-21.86939393939394,outlatr01-2012
honeyty01,3.9166666666666665,2.3,201201250SAC-SAC,201201250SAC-DEN,SAC-2012,0,2012,9.008333333333333,-21.86939393939394,honeyty01-2012
millean02,39.06666666666667,3,201201270DEN-DEN,201201270DEN-TOR,DEN-2012,1,2012,117.20000000000002,70.25683333333333,millean02-2012
gallida01,36.38333333333333,0.8,201201270DEN-DEN,201201270DEN-TOR,DEN-2012,1,2012,29.10666666666667,70.25683333333333,gallida01-2012
hilarne01,33.833333333333336,7,201201270DEN-DEN,201201270DEN-TOR,DEN-2012,1,2012,236.83333333333334,70.25683333333333,hilarne01-2012
fernaru01,33.25,15.6,201201270DEN-DEN,201201270DEN-TOR,DEN-2012,1,2012,518.6999999999999,70.25683333333333,fernaru01-2012
harrial01,26.233333333333334,-3.1,201201270DEN-DEN,201201270DEN-TOR,DEN-2012,1,2012,-81.32333333333334,70.25683333333333,harrial01-2012
afflaar01,20.5,-5.6,201201270DEN-DEN,201201270DEN-TOR,DEN-2012,1,2012,-114.8,70.25683333333333,afflaar01-2012
breweco01,20.016666666666666,1,201201270DEN-DEN,201201270DEN-TOR,DEN-2012,1,2012,20.016666666666666,70.25683333333333,breweco01-2012
mozgoti01,16.966666666666665,-1.8,201201270DEN-DEN,201201270DEN-TOR,DEN-2012,1,2012,-30.54,70.25683333333333,mozgoti01-2012
anderch01,8.416666666666666,1.7,201201270DEN-DEN,201201270DEN-TOR,DEN-2012,1,2012,14.308333333333332,70.25683333333333,anderch01-2012
koufoko01,5.333333333333333,-1.3,201201270DEN-DEN,201201270DEN-TOR,DEN-2012,1,2012,-6.933333333333334,70.25683333333333,koufoko01-2012
hilarne01,38.233333333333334,2.6,201201290DEN-DEN,201201290DEN-LAC,DEN-2012,0,2012,99.40666666666667,27.74111111111111,hilarne01-2012
millean02,36.4,2.1,201201290DEN-DEN,201201290DEN-LAC,DEN-2012,0,2012,76.44,27.74111111111111,millean02-2012
gallida01,33.516666666666666,-1.9,201201290DEN-DEN,201201290DEN-LAC,DEN-2012,0,2012,-63.681666666666665,27.74111111111111,gallida01-2012
fernaru01,30.5,-2.2,201201290DEN-DEN,201201290DEN-LAC,DEN-2012,0,2012,-67.10000000000001,27.74111111111111,fernaru01-2012
harrial01,25.4,2.1,201201290DEN-DEN,201201290DEN-LAC,DEN-2012,0,2012,53.339999999999996,27.74111111111111,harrial01-2012
mozgoti01,23.683333333333334,1.7,201201290DEN-DEN,201201290DEN-LAC,DEN-2012,0,2012,40.26166666666666,27.74111111111111,mozgoti01-2012
breweco01,20.516666666666666,2,201201290DEN-DEN,201201290DEN-LAC,DEN-2012,0,2012,41.03333333333333,27.74111111111111,breweco01-2012
afflaar01,20.15,1.4,201201290DEN-DEN,201201290DEN-LAC,DEN-2012,0,2012,28.209999999999997,27.74111111111111,afflaar01-2012
stoneju01,11.6,3.6,201201290DEN-DEN,201201290DEN-LAC,DEN-2012,0,2012,41.76,27.74111111111111,stoneju01-2012
gasolma01,50.21666666666667,5.4,201201310MEM-MEM,201201310MEM-DEN,MEM-2012,1,2012,271.17,83.82962962962962,gasolma01-2012
conlemi01,44.86666666666667,1.5,201201310MEM-MEM,201201310MEM-DEN,MEM-2012,1,2012,67.3,83.82962962962962,conlemi01-2012
gayru01,44.05,3.8,201201310MEM-MEM,201201310MEM-DEN,MEM-2012,1,2012,167.39,83.82962962962962,gayru01-2012
allento01,35.55,4.7,201201310MEM-MEM,201201310MEM-DEN,MEM-2012,1,2012,167.08499999999998,83.82962962962962,allento01-2012
mayooj01,32.916666666666664,2.4,201201310MEM-MEM,201201310MEM-DEN,MEM-2012,1,2012,78.99999999999999,83.82962962962962,mayooj01-2012
cunnida01,24.783333333333335,2.3,201201310MEM-MEM,201201310MEM-DEN,MEM-2012,1,2012,57.001666666666665,83.82962962962962,cunnida01-2012
speigma01,18.1,-3.8,201201310MEM-MEM,201201310MEM-DEN,MEM-2012,1,2012,-68.78,83.82962962962962,speigma01-2012
pondequ01,12.2,1.4,201201310MEM-MEM,201201310MEM-DEN,MEM-2012,1,2012,17.08,83.82962962962962,pondequ01-2012
selbyjo01,2.3166666666666664,-1.2,201201310MEM-MEM,201201310MEM-DEN,MEM-2012,1,2012,-2.78,83.82962962962962,selbyjo01-2012
griffbl01,32.05,3.3,201202020LAC-LAC,201202020LAC-DEN,LAC-2012,0,2012,105.76499999999999,18.360555555555553,griffbl01-2012
paulch01,30.916666666666668,5.3,201202020LAC-LAC,201202020LAC-DEN,LAC-2012,0,2012,163.85833333333332,18.360555555555553,paulch01-2012
foyera01,27.533333333333335,9.2,201202020LAC-LAC,201202020LAC-DEN,LAC-2012,0,2012,253.30666666666667,18.360555555555553,foyera01-2012
jordade01,27.45,-0.2,201202020LAC-LAC,201202020LAC-DEN,LAC-2012,0,2012,-5.49,18.360555555555553,jordade01-2012
butleca01,25.733333333333334,-4.9,201202020LAC-LAC,201202020LAC-DEN,LAC-2012,0,2012,-126.09333333333335,18.360555555555553,butleca01-2012
willima01,23.783333333333335,1,201202020LAC-LAC,201202020LAC-DEN,LAC-2012,0,2012,23.783333333333335,18.360555555555553,willima01-2012
billuch01,22.483333333333334,-2,201202020LAC-LAC,201202020LAC-DEN,LAC-2012,0,2012,-44.96666666666667,18.360555555555553,billuch01-2012
evansre01,12.5,-4.2,201202020LAC-LAC,201202020LAC-DEN,LAC-2012,0,2012,-52.5,18.360555555555553,evansre01-2012
cookbr01,12,-5.7,201202020LAC-LAC,201202020LAC-DEN,LAC-2012,0,2012,-68.4,18.360555555555553,cookbr01-2012
gomesry01,11.35,-1.4,201202020LAC-LAC,201202020LAC-DEN,LAC-2012,0,2012,-15.889999999999999,18.360555555555553,gomesry01-2012
thomptr02,8.533333333333333,-0.4,201202020LAC-LAC,201202020LAC-DEN,LAC-2012,0,2012,-3.4133333333333336,18.360555555555553,thomptr02-2012
leslitr01,5.666666666666667,-1.7,201202020LAC-LAC,201202020LAC-DEN,LAC-2012,0,2012,-9.633333333333333,18.360555555555553,leslitr01-2012
harrial01,36.86666666666667,5.7,201202030DEN-DEN,201202030DEN-LAL,DEN-2012,0,2012,210.14000000000001,39.28516666666667,harrial01-2012
lawsoty01,35.61666666666667,4.5,201202030DEN-DEN,201202030DEN-LAL,DEN-2012,0,2012,160.275,39.28516666666667,lawsoty01-2012
hilarne01,31.266666666666666,0.6,201202030DEN-DEN,201202030DEN-LAL,DEN-2012,0,2012,18.759999999999998,39.28516666666667,hilarne01-2012
millean02,30.316666666666666,4.4,201202030DEN-DEN,201202030DEN-LAL,DEN-2012,0,2012,133.39333333333335,39.28516666666667,millean02-2012
gallida01,28.65,-1.4,201202030DEN-DEN,201202030DEN-LAL,DEN-2012,0,2012,-40.10999999999999,39.28516666666667,gallida01-2012
afflaar01,24.466666666666665,1.6,201202030DEN-DEN,201202030DEN-LAL,DEN-2012,0,2012,39.14666666666667,39.28516666666667,afflaar01-2012
fernaru01,20.883333333333333,-5.7,201202030DEN-DEN,201202030DEN-LAL,DEN-2012,0,2012,-119.035,39.28516666666667,fernaru01-2012
koufoko01,15.783333333333333,-1.3,201202030DEN-DEN,201202030DEN-LAL,DEN-2012,0,2012,-20.518333333333334,39.28516666666667,koufoko01-2012
breweco01,8.916666666666666,0.4,201202030DEN-DEN,201202030DEN-LAL,DEN-2012,0,2012,3.5666666666666664,39.28516666666667,breweco01-2012
mozgoti01,7.233333333333333,1,201202030DEN-DEN,201202030DEN-LAL,DEN-2012,0,2012,7.233333333333333,39.28516666666667,mozgoti01-2012
aldrila01,40.56666666666667,7.5,201202040POR-POR,201202040POR-DEN,POR-2012,1,2012,304.25,61.53564102564103,aldrila01-2012
wallage01,33.266666666666666,-1,201202040POR-POR,201202040POR-DEN,POR-2012,1,2012,-33.266666666666666,61.53564102564103,wallage01-2012
crawfja01,30.383333333333333,-0.1,201202040POR-POR,201202040POR-DEN,POR-2012,1,2012,-3.0383333333333336,61.53564102564103,crawfja01-2012
matthwe02,29.716666666666665,4.1,201202040POR-POR,201202040POR-DEN,POR-2012,1,2012,121.83833333333331,61.53564102564103,matthwe02-2012
cambyma01,29.583333333333332,1.7,201202040POR-POR,201202040POR-DEN,POR-2012,1,2012,50.291666666666664,61.53564102564103,cambyma01-2012
batumni01,24.733333333333334,14.9,201202040POR-POR,201202040POR-DEN,POR-2012,1,2012,368.5266666666667,61.53564102564103,batumni01-2012
feltora01,23.516666666666666,-1.2,201202040POR-POR,201202040POR-DEN,POR-2012,1,2012,-28.22,61.53564102564103,feltora01-2012
thomaku01,12.883333333333333,1.9,201202040POR-POR,201202040POR-DEN,POR-2012,1,2012,24.47833333333333,61.53564102564103,thomaku01-2012
smithcr01,3.283333333333333,-0.3,201202040POR-POR,201202040POR-DEN,POR-2012,1,2012,-0.9849999999999999,61.53564102564103,smithcr01-2012
smithno01,3.283333333333333,-2.4,201202040POR-POR,201202040POR-DEN,POR-2012,1,2012,-7.879999999999999,61.53564102564103,smithno01-2012
williel01,3.283333333333333,2.8,201202040POR-POR,201202040POR-DEN,POR-2012,1,2012,9.193333333333332,61.53564102564103,williel01-2012
babbilu01,2.75,-0.1,201202040POR-POR,201202040POR-DEN,POR-2012,1,2012,-0.275,61.53564102564103,babbilu01-2012
johnsch03,2.75,-1.8,201202040POR-POR,201202040POR-DEN,POR-2012,1,2012,-4.95,61.53564102564103,johnsch03-2012
lawsoty01,38.71666666666667,0.3,201202060DEN-DEN,201202060DEN-HOU,DEN-2012,0,2012,11.615,14.61796296296296,lawsoty01-2012
fernaru01,34.766666666666666,2.5,201202060DEN-DEN,201202060DEN-HOU,DEN-2012,0,2012,86.91666666666666,14.61796296296296,fernaru01-2012
harrial01,33.45,-4.9,201202060DEN-DEN,201202060DEN-HOU,DEN-2012,0,2012,-163.90500000000003,14.61796296296296,harrial01-2012
millean02,31.133333333333333,1.1,201202060DEN-DEN,201202060DEN-HOU,DEN-2012,0,2012,34.24666666666667,14.61796296296296,millean02-2012
koufoko01,23.3,1.5,201202060DEN-DEN,201202060DEN-HOU,DEN-2012,0,2012,34.95,14.61796296296296,koufoko01-2012
stoneju01,20.816666666666666,0.1,201202060DEN-DEN,201202060DEN-HOU,DEN-2012,0,2012,2.0816666666666666,14.61796296296296,stoneju01-2012
gallida01,20.433333333333334,0.7,201202060DEN-DEN,201202060DEN-HOU,DEN-2012,0,2012,14.303333333333333,14.61796296296296,gallida01-2012
anderch01,19.016666666666666,4.6,201202060DEN-DEN,201202060DEN-HOU,DEN-2012,0,2012,87.47666666666666,14.61796296296296,anderch01-2012
farieke01,18.366666666666667,1.3,201202060DEN-DEN,201202060DEN-HOU,DEN-2012,0,2012,23.87666666666667,14.61796296296296,farieke01-2012
lawsoty01,37.71666666666667,3.4,201202080DEN-DEN,201202080DEN-DAL,DEN-2012,0,2012,128.23666666666668,29.277222222222225,lawsoty01-2012
hilarne01,35.7,-0.6,201202080DEN-DEN,201202080DEN-DAL,DEN-2012,0,2012,-21.42,29.277222222222225,hilarne01-2012
afflaar01,34.166666666666664,-3.1,201202080DEN-DEN,201202080DEN-DAL,DEN-2012,0,2012,-105.91666666666666,29.277222222222225,afflaar01-2012
harrial01,33.43333333333333,3,201202080DEN-DEN,201202080DEN-DAL,DEN-2012,0,2012,100.29999999999998,29.277222222222225,harrial01-2012
fernaru01,29.2,4,201202080DEN-DEN,201202080DEN-DAL,DEN-2012,0,2012,116.8,29.277222222222225,fernaru01-2012
millean02,28.666666666666668,3.2,201202080DEN-DEN,201202080DEN-DAL,DEN-2012,0,2012,91.73333333333335,29.277222222222225,millean02-2012
koufoko01,19.85,-0.5,201202080DEN-DEN,201202080DEN-DAL,DEN-2012,0,2012,-9.925,29.277222222222225,koufoko01-2012
anderch01,14.033333333333333,-3,201202080DEN-DEN,201202080DEN-DAL,DEN-2012,0,2012,-42.1,29.277222222222225,anderch01-2012
stoneju01,7.233333333333333,0.8,201202080DEN-DEN,201202080DEN-DAL,DEN-2012,0,2012,5.786666666666667,29.277222222222225,stoneju01-2012
fernaru01,36.583333333333336,-7.2,201202090DEN-DEN,201202090DEN-GSW,DEN-2012,0,2012,-263.40000000000003,16.955333333333325,fernaru01-2012
afflaar01,35.916666666666664,5.3,201202090DEN-DEN,201202090DEN-GSW,DEN-2012,0,2012,190.35833333333332,16.955333333333325,afflaar01-2012
lawsoty01,35.55,2.8,201202090DEN-DEN,201202090DEN-GSW,DEN-2012,0,2012,99.53999999999999,16.955333333333325,lawsoty01-2012
hilarne01,30.966666666666665,4.6,201202090DEN-DEN,201202090DEN-GSW,DEN-2012,0,2012,142.44666666666666,16.955333333333325,hilarne01-2012
harrial01,24.483333333333334,-0.2,201202090DEN-DEN,201202090DEN-GSW,DEN-2012,0,2012,-4.896666666666667,16.955333333333325,harrial01-2012
farieke01,22.616666666666667,-1.1,201202090DEN-DEN,201202090DEN-GSW,DEN-2012,0,2012,-24.878333333333337,16.955333333333325,farieke01-2012
millean02,22.483333333333334,0,201202090DEN-DEN,201202090DEN-GSW,DEN-2012,0,2012,0,16.955333333333325,millean02-2012
koufoko01,17.033333333333335,0.2,201202090DEN-DEN,201202090DEN-GSW,DEN-2012,0,2012,3.406666666666667,16.955333333333325,koufoko01-2012
stoneju01,9.7,2.3,201202090DEN-DEN,201202090DEN-GSW,DEN-2012,0,2012,22.309999999999995,16.955333333333325,stoneju01-2012
hamiljo02,4.666666666666667,1,201202090DEN-DEN,201202090DEN-GSW,DEN-2012,0,2012,4.666666666666667,16.955333333333325,hamiljo02-2012
grangda01,35.25,-1.7,201202110IND-IND,201202110IND-DEN,IND-2012,0,2012,-59.925,30.738166666666668,grangda01-2012
hibbero01,34.88333333333333,1,201202110IND-IND,201202110IND-DEN,IND-2012,0,2012,34.88333333333333,30.738166666666668,hibbero01-2012
georgpa01,34.45,3.5,201202110IND-IND,201202110IND-DEN,IND-2012,0,2012,120.57500000000002,30.738166666666668,georgpa01-2012
westda01,32,6,201202110IND-IND,201202110IND-DEN,IND-2012,0,2012,192,30.738166666666668,westda01-2012
collida01,30.716666666666665,-1.8,201202110IND-IND,201202110IND-DEN,IND-2012,0,2012,-55.29,30.738166666666668,collida01-2012
hansbty01,17.566666666666666,1.4,201202110IND-IND,201202110IND-DEN,IND-2012,0,2012,24.59333333333333,30.738166666666668,hansbty01-2012
priceaj01,16.85,3.9,201202110IND-IND,201202110IND-DEN,IND-2012,0,2012,65.715,30.738166666666668,priceaj01-2012
stephla01,13.983333333333333,2.1,201202110IND-IND,201202110IND-DEN,IND-2012,0,2012,29.365,30.738166666666668,stephla01-2012
jonesda02,12.75,-1.5,201202110IND-IND,201202110IND-DEN,IND-2012,0,2012,-19.125,30.738166666666668,jonesda02-2012
amundlo01,11.55,-2.2,201202110IND-IND,201202110IND-DEN,IND-2012,0,2012,-25.410000000000004,30.738166666666668,amundlo01-2012
breweco01,33.18333333333333,0.8,201202140DEN-DEN,201202140DEN-PHO,DEN-2012,1,2012,26.546666666666667,55.0140909090909,breweco01-2012
afflaar01,29.8,6.8,201202140DEN-DEN,201202140DEN-PHO,DEN-2012,1,2012,202.64,55.0140909090909,afflaar01-2012
lawsoty01,26.383333333333333,6.3,201202140DEN-DEN,201202140DEN-PHO,DEN-2012,1,2012,166.215,55.0140909090909,lawsoty01-2012
koufoko01,26.05,3.6,201202140DEN-DEN,201202140DEN-PHO,DEN-2012,1,2012,93.78,55.0140909090909,koufoko01-2012
farieke01,24,-2,201202140DEN-DEN,201202140DEN-PHO,DEN-2012,1,2012,-48,55.0140909090909,farieke01-2012
harrial01,24,-2.3,201202140DEN-DEN,201202140DEN-PHO,DEN-2012,1,2012,-55.199999999999996,55.0140909090909,harrial01-2012
anderch01,21.95,8,201202140DEN-DEN,201202140DEN-PHO,DEN-2012,1,2012,175.6,55.0140909090909,anderch01-2012
millean02,21.95,-2.2,201202140DEN-DEN,201202140DEN-PHO,DEN-2012,1,2012,-48.29,55.0140909090909,millean02-2012
fernaru01,20.466666666666665,6.1,201202140DEN-DEN,201202140DEN-PHO,DEN-2012,1,2012,124.84666666666665,55.0140909090909,fernaru01-2012
hamiljo02,6.466666666666667,-3.5,201202140DEN-DEN,201202140DEN-PHO,DEN-2012,1,2012,-22.633333333333333,55.0140909090909,hamiljo02-2012
stoneju01,5.75,-1.8,201202140DEN-DEN,201202140DEN-PHO,DEN-2012,1,2012,-10.35,55.0140909090909,stoneju01-2012
jonesdo02,30.883333333333333,-4.2,201202150DAL-DAL,201202150DAL-DEN,DAL-2012,1,2012,-129.71,37.92527777777777,jonesdo02-2012
odomla01,29.75,1.5,201202150DAL-DAL,201202150DAL-DEN,DAL-2012,1,2012,44.625,37.92527777777777,odomla01-2012
mariosh01,26.666666666666668,4.6,201202150DAL-DAL,201202150DAL-DEN,DAL-2012,1,2012,122.66666666666666,37.92527777777777,mariosh01-2012
cartevi01,26.1,2.5,201202150DAL-DAL,201202150DAL-DEN,DAL-2012,1,2012,65.25,37.92527777777777,cartevi01-2012
nowitdi01,24.95,0.4,201202150DAL-DAL,201202150DAL-DEN,DAL-2012,1,2012,9.98,37.92527777777777,nowitdi01-2012
wrighbr03,24.85,0.7,201202150DAL-DAL,201202150DAL-DEN,DAL-2012,1,2012,17.395,37.92527777777777,wrighbr03-2012
kiddja01,22.2,11.5,201202150DAL-DAL,201202150DAL-DEN,DAL-2012,1,2012,255.29999999999998,37.92527777777777,kiddja01-2012
haywobr01,12.45,0,201202150DAL-DAL,201202150DAL-DEN,DAL-2012,1,2012,0,37.92527777777777,haywobr01-2012
cardibr01,12,0.2,201202150DAL-DAL,201202150DAL-DEN,DAL-2012,1,2012,2.4000000000000004,37.92527777777777,cardibr01-2012
westde01,11.816666666666666,4.6,201202150DAL-DAL,201202150DAL-DEN,DAL-2012,1,2012,54.35666666666666,37.92527777777777,westde01-2012
mahinia01,10.7,1.2,201202150DAL-DAL,201202150DAL-DEN,DAL-2012,1,2012,12.839999999999998,37.92527777777777,mahinia01-2012
jianlyi01,7.633333333333333,0,201202150DAL-DAL,201202150DAL-DEN,DAL-2012,1,2012,0,37.92527777777777,jianlyi01-2012
gayru01,41.333333333333336,3.7,201202170MEM-MEM,201202170MEM-DEN,MEM-2012,1,2012,152.93333333333334,63.4762962962963,gayru01-2012
gasolma01,41.083333333333336,1.7,201202170MEM-MEM,201202170MEM-DEN,MEM-2012,1,2012,69.84166666666667,63.4762962962963,gasolma01-2012
conlemi01,38.3,6.7,201202170MEM-MEM,201202170MEM-DEN,MEM-2012,1,2012,256.61,63.4762962962963,conlemi01-2012
speigma01,34.93333333333333,1.7,201202170MEM-MEM,201202170MEM-DEN,MEM-2012,1,2012,59.386666666666656,63.4762962962963,speigma01-2012
mayooj01,30.433333333333334,4.9,201202170MEM-MEM,201202170MEM-DEN,MEM-2012,1,2012,149.12333333333333,63.4762962962963,mayooj01-2012
allento01,29,-3.9,201202170MEM-MEM,201202170MEM-DEN,MEM-2012,1,2012,-113.1,63.4762962962963,allento01-2012
cunnida01,15.966666666666667,-0.5,201202170MEM-MEM,201202170MEM-DEN,MEM-2012,1,2012,-7.983333333333333,63.4762962962963,cunnida01-2012
pargoje01,8.95,0.5,201202170MEM-MEM,201202170MEM-DEN,MEM-2012,1,2012,4.475,63.4762962962963,pargoje01-2012
haddaha01,0,0,201202170MEM-MEM,201202170MEM-DEN,MEM-2012,1,2012,0,63.4762962962963,haddaha01-2012
duranke01,45.45,19.2,201202190OKC-OKC,201202190OKC-DEN,OKC-2012,1,2012,872.64,134.262,duranke01-2012
westbru01,43.833333333333336,11.1,201202190OKC-OKC,201202190OKC-DEN,OKC-2012,1,2012,486.55,134.262,westbru01-2012
ibakase01,40.68333333333333,10.5,201202190OKC-OKC,201202190OKC-DEN,OKC-2012,1,2012,427.17499999999995,134.262,ibakase01-2012
hardeja01,39.36666666666667,-4.2,201202190OKC-OKC,201202190OKC-DEN,OKC-2012,1,2012,-165.34,134.262,hardeja01-2012
cookda02,27.033333333333335,-4.2,201202190OKC-OKC,201202190OKC-DEN,OKC-2012,1,2012,-113.54,134.262,cookda02-2012
perkike01,20.833333333333332,-4,201202190OKC-OKC,201202190OKC-DEN,OKC-2012,1,2012,-83.33333333333333,134.262,perkike01-2012
collini01,20.666666666666668,-1.1,201202190OKC-OKC,201202190OKC-DEN,OKC-2012,1,2012,-22.733333333333338,134.262,collini01-2012
mohamna01,10.416666666666666,0.2,201202190OKC-OKC,201202190OKC-DEN,OKC-2012,1,2012,2.0833333333333335,134.262,mohamna01-2012
jacksre01,9.166666666666666,-3.1,201202190OKC-OKC,201202190OKC-DEN,OKC-2012,1,2012,-28.416666666666664,134.262,jacksre01-2012
iveyro01,7.55,-4.3,201202190OKC-OKC,201202190OKC-DEN,OKC-2012,1,2012,-32.464999999999996,134.262,iveyro01-2012
afflaar01,43.71666666666667,-0.5,201202200DEN-DEN,201202200DEN-MIN,DEN-2012,1,2012,-21.858333333333334,39.93533333333333,afflaar01-2012
breweco01,42.6,-1.2,201202200DEN-DEN,201202200DEN-MIN,DEN-2012,1,2012,-51.12,39.93533333333333,breweco01-2012
harrial01,40.4,4,201202200DEN-DEN,201202200DEN-MIN,DEN-2012,1,2012,161.6,39.93533333333333,harrial01-2012
farieke01,35.55,6.5,201202200DEN-DEN,201202200DEN-MIN,DEN-2012,1,2012,231.075,39.93533333333333,farieke01-2012
millean02,28.966666666666665,0.6,201202200DEN-DEN,201202200DEN-MIN,DEN-2012,1,2012,17.38,39.93533333333333,millean02-2012
koufoko01,18.616666666666667,0.5,201202200DEN-DEN,201202200DEN-MIN,DEN-2012,1,2012,9.308333333333334,39.93533333333333,koufoko01-2012
stoneju01,17.783333333333335,1.5,201202200DEN-DEN,201202200DEN-MIN,DEN-2012,1,2012,26.675000000000004,39.93533333333333,stoneju01-2012
lawsoty01,16.916666666666668,3.7,201202200DEN-DEN,201202200DEN-MIN,DEN-2012,1,2012,62.591666666666676,39.93533333333333,lawsoty01-2012
mozgoti01,11.433333333333334,-4.2,201202200DEN-DEN,201202200DEN-MIN,DEN-2012,1,2012,-48.02,39.93533333333333,mozgoti01-2012
hamiljo02,9.016666666666667,1.3,201202200DEN-DEN,201202200DEN-MIN,DEN-2012,1,2012,11.721666666666668,39.93533333333333,hamiljo02-2012
paulch01,39.416666666666664,19.3,201202220LAC-LAC,201202220LAC-DEN,LAC-2012,1,2012,760.7416666666667,89.53883333333333,paulch01-2012
griffbl01,36.6,11.7,201202220LAC-LAC,201202220LAC-DEN,LAC-2012,1,2012,428.21999999999997,89.53883333333333,griffbl01-2012
butleca01,33.45,-3.9,201202220LAC-LAC,201202220LAC-DEN,LAC-2012,1,2012,-130.455,89.53883333333333,butleca01-2012
foyera01,32.416666666666664,-0.3,201202220LAC-LAC,201202220LAC-DEN,LAC-2012,1,2012,-9.725,89.53883333333333,foyera01-2012
jordade01,25.866666666666667,1.1,201202220LAC-LAC,201202220LAC-DEN,LAC-2012,1,2012,28.453333333333337,89.53883333333333,jordade01-2012
willima01,24.05,-2.9,201202220LAC-LAC,201202220LAC-DEN,LAC-2012,1,2012,-69.745,89.53883333333333,willima01-2012
martike01,16.9,-1.6,201202220LAC-LAC,201202220LAC-DEN,LAC-2012,1,2012,-27.04,89.53883333333333,martike01-2012
evansre01,16.633333333333333,-4.4,201202220LAC-LAC,201202220LAC-DEN,LAC-2012,1,2012,-73.18666666666667,89.53883333333333,evansre01-2012
gomesry01,8.583333333333334,-1.1,201202220LAC-LAC,201202220LAC-DEN,LAC-2012,1,2012,-9.441666666666668,89.53883333333333,gomesry01-2012
bledser01,6.083333333333333,-0.4,201202220LAC-LAC,201202220LAC-DEN,LAC-2012,1,2012,-2.4333333333333336,89.53883333333333,bledser01-2012
afflaar01,39.31666666666667,0.2,201202230DEN-DEN,201202230DEN-SAS,DEN-2012,0,2012,7.863333333333334,7.43466666666667,afflaar01-2012
breweco01,29.483333333333334,2.1,201202230DEN-DEN,201202230DEN-SAS,DEN-2012,0,2012,61.915000000000006,7.43466666666667,breweco01-2012
hamiljo02,27.2,-8.2,201202230DEN-DEN,201202230DEN-SAS,DEN-2012,0,2012,-223.03999999999996,7.43466666666667,hamiljo02-2012
millean02,26.95,7.3,201202230DEN-DEN,201202230DEN-SAS,DEN-2012,0,2012,196.73499999999999,7.43466666666667,millean02-2012
harrial01,26.133333333333333,-2.4,201202230DEN-DEN,201202230DEN-SAS,DEN-2012,0,2012,-62.72,7.43466666666667,harrial01-2012
farieke01,21.883333333333333,-2.3,201202230DEN-DEN,201202230DEN-SAS,DEN-2012,0,2012,-50.33166666666666,7.43466666666667,farieke01-2012
stoneju01,21.05,6.9,201202230DEN-DEN,201202230DEN-SAS,DEN-2012,0,2012,145.245,7.43466666666667,stoneju01-2012
mozgoti01,19.55,-1.1,201202230DEN-DEN,201202230DEN-SAS,DEN-2012,0,2012,-21.505000000000003,7.43466666666667,mozgoti01-2012
koufoko01,19.116666666666667,1.3,201202230DEN-DEN,201202230DEN-SAS,DEN-2012,0,2012,24.851666666666667,7.43466666666667,koufoko01-2012
anderch01,9.333333333333334,-0.5,201202230DEN-DEN,201202230DEN-SAS,DEN-2012,0,2012,-4.666666666666667,7.43466666666667,anderch01-2012
lawsoty01,37.733333333333334,5.8,201202290DEN-DEN,201202290DEN-POR,DEN-2012,1,2012,218.85333333333332,54.63092592592592,lawsoty01-2012
afflaar01,36.36666666666667,2.4,201202290DEN-DEN,201202290DEN-POR,DEN-2012,1,2012,87.28,54.63092592592592,afflaar01-2012
harrial01,31.366666666666667,6.6,201202290DEN-DEN,201202290DEN-POR,DEN-2012,1,2012,207.01999999999998,54.63092592592592,harrial01-2012
millean02,29.25,-4.2,201202290DEN-DEN,201202290DEN-POR,DEN-2012,1,2012,-122.85000000000001,54.63092592592592,millean02-2012
breweco01,26.283333333333335,-4.5,201202290DEN-DEN,201202290DEN-POR,DEN-2012,1,2012,-118.275,54.63092592592592,breweco01-2012
koufoko01,24.716666666666665,1,201202290DEN-DEN,201202290DEN-POR,DEN-2012,1,2012,24.716666666666665,54.63092592592592,koufoko01-2012
mozgoti01,22.533333333333335,2.2,201202290DEN-DEN,201202290DEN-POR,DEN-2012,1,2012,49.57333333333334,54.63092592592592,mozgoti01-2012
farieke01,17.383333333333333,5.8,201202290DEN-DEN,201202290DEN-POR,DEN-2012,1,2012,100.82333333333332,54.63092592592592,farieke01-2012
hamiljo02,14.366666666666667,3.1,201202290DEN-DEN,201202290DEN-POR,DEN-2012,1,2012,44.53666666666667,54.63092592592592,hamiljo02-2012
martike02,42.016666666666666,12.4,201203020HOU-HOU,201203020HOU-DEN,HOU-2012,0,2012,521.0066666666667,39.8537037037037,martike02-2012
scolalu01,31.15,-2.5,201203020HOU-HOU,201203020HOU-DEN,HOU-2012,0,2012,-77.875,39.8537037037037,scolalu01-2012
leeco01,30.6,-1.9,201203020HOU-HOU,201203020HOU-DEN,HOU-2012,0,2012,-58.14,39.8537037037037,leeco01-2012
lowryky01,29.333333333333332,3.1,201203020HOU-HOU,201203020HOU-DEN,HOU-2012,0,2012,90.93333333333334,39.8537037037037,lowryky01-2012
pattepa01,28.533333333333335,0.6,201203020HOU-HOU,201203020HOU-DEN,HOU-2012,0,2012,17.12,39.8537037037037,pattepa01-2012
dalemsa01,25.65,-0.6,201203020HOU-HOU,201203020HOU-DEN,HOU-2012,0,2012,-15.389999999999999,39.8537037037037,dalemsa01-2012
dragigo01,25.633333333333333,-2.6,201203020HOU-HOU,201203020HOU-DEN,HOU-2012,0,2012,-66.64666666666666,39.8537037037037,dragigo01-2012
parsoch01,22.75,-1.9,201203020HOU-HOU,201203020HOU-DEN,HOU-2012,0,2012,-43.225,39.8537037037037,parsoch01-2012
budinch01,4.333333333333333,-2.1,201203020HOU-HOU,201203020HOU-DEN,HOU-2012,0,2012,-9.1,39.8537037037037,budinch01-2012
parketo01,36.86666666666667,8.3,201203040SAS-SAS,201203040SAS-DEN,SAS-2012,0,2012,305.99333333333334,42.11152777777778,parketo01-2012
jefferi01,27.6,-2.9,201203040SAS-SAS,201203040SAS-DEN,SAS-2012,0,2012,-80.04,42.11152777777778,jefferi01-2012
bonnema01,25.883333333333333,4.5,201203040SAS-SAS,201203040SAS-DEN,SAS-2012,0,2012,116.475,42.11152777777778,bonnema01-2012
nealga01,25.233333333333334,-1.5,201203040SAS-SAS,201203040SAS-DEN,SAS-2012,0,2012,-37.85,42.11152777777778,nealga01-2012
duncati01,23.766666666666666,-0.1,201203040SAS-SAS,201203040SAS-DEN,SAS-2012,0,2012,-2.3766666666666665,42.11152777777778,duncati01-2012
ginobma01,23.7,2.5,201203040SAS-SAS,201203040SAS-DEN,SAS-2012,0,2012,59.25,42.11152777777778,ginobma01-2012
splitti01,23.683333333333334,1.8,201203040SAS-SAS,201203040SAS-DEN,SAS-2012,0,2012,42.63,42.11152777777778,splitti01-2012
leonaka01,22.533333333333335,6.9,201203040SAS-SAS,201203040SAS-DEN,SAS-2012,0,2012,155.48000000000002,42.11152777777778,leonaka01-2012
greenda02,15.916666666666666,-3,201203040SAS-SAS,201203040SAS-DEN,SAS-2012,0,2012,-47.75,42.11152777777778,greenda02-2012
fordtj01,5.766666666666667,-0.1,201203040SAS-SAS,201203040SAS-DEN,SAS-2012,0,2012,-0.5766666666666667,42.11152777777778,fordtj01-2012
anderja01,5.483333333333333,1.8,201203040SAS-SAS,201203040SAS-DEN,SAS-2012,0,2012,9.870000000000001,42.11152777777778,anderja01-2012
blairde01,3.5833333333333335,-4.4,201203040SAS-SAS,201203040SAS-DEN,SAS-2012,0,2012,-15.76666666666667,42.11152777777778,blairde01-2012
afflaar01,45.2,4.1,201203050DEN-DEN,201203050DEN-SAC,DEN-2012,1,2012,185.32,40.73583333333333,afflaar01-2012
lawsoty01,43.233333333333334,4.9,201203050DEN-DEN,201203050DEN-SAC,DEN-2012,1,2012,211.84333333333336,40.73583333333333,lawsoty01-2012
harrial01,35.35,-2.4,201203050DEN-DEN,201203050DEN-SAC,DEN-2012,1,2012,-84.84,40.73583333333333,harrial01-2012
farieke01,34.11666666666667,6.1,201203050DEN-DEN,201203050DEN-SAC,DEN-2012,1,2012,208.11166666666665,40.73583333333333,farieke01-2012
millean02,31.216666666666665,-4.5,201203050DEN-DEN,201203050DEN-SAC,DEN-2012,1,2012,-140.475,40.73583333333333,millean02-2012
breweco01,22.416666666666668,-1.3,201203050DEN-DEN,201203050DEN-SAC,DEN-2012,1,2012,-29.14166666666667,40.73583333333333,breweco01-2012
gallida01,17.533333333333335,0.3,201203050DEN-DEN,201203050DEN-SAC,DEN-2012,1,2012,5.260000000000001,40.73583333333333,gallida01-2012
hilarne01,15.533333333333333,0,201203050DEN-DEN,201203050DEN-SAC,DEN-2012,1,2012,0,40.73583333333333,hilarne01-2012
anderch01,13.716666666666667,3.3,201203050DEN-DEN,201203050DEN-SAC,DEN-2012,1,2012,45.265,40.73583333333333,anderch01-2012
mozgoti01,6.683333333333334,0.9,201203050DEN-DEN,201203050DEN-SAC,DEN-2012,1,2012,6.015000000000001,40.73583333333333,mozgoti01-2012
lawsoty01,40.983333333333334,0.5,201203070DEN-DEN,201203070DEN-CLE,DEN-2012,0,2012,20.491666666666667,28.89574074074074,lawsoty01-2012
afflaar01,39.61666666666667,2.4,201203070DEN-DEN,201203070DEN-CLE,DEN-2012,0,2012,95.08,28.89574074074074,afflaar01-2012
harrial01,33.233333333333334,2.1,201203070DEN-DEN,201203070DEN-CLE,DEN-2012,0,2012,69.79,28.89574074074074,harrial01-2012
millean02,24.083333333333332,2.6,201203070DEN-DEN,201203070DEN-CLE,DEN-2012,0,2012,62.61666666666667,28.89574074074074,millean02-2012
gallida01,22.233333333333334,-0.5,201203070DEN-DEN,201203070DEN-CLE,DEN-2012,0,2012,-11.116666666666667,28.89574074074074,gallida01-2012
hilarne01,21.716666666666665,0,201203070DEN-DEN,201203070DEN-CLE,DEN-2012,0,2012,0,28.89574074074074,hilarne01-2012
breweco01,20.2,-1.6,201203070DEN-DEN,201203070DEN-CLE,DEN-2012,0,2012,-32.32,28.89574074074074,breweco01-2012
farieke01,19.733333333333334,0.6,201203070DEN-DEN,201203070DEN-CLE,DEN-2012,0,2012,11.84,28.89574074074074,farieke01-2012
anderch01,18.2,2.4,201203070DEN-DEN,201203070DEN-CLE,DEN-2012,0,2012,43.68,28.89574074074074,anderch01-2012
lawsoty01,41.75,-0.3,201203090DEN-DEN,201203090DEN-NOH,DEN-2012,1,2012,-12.525,61.176500000000004,lawsoty01-2012
afflaar01,36.45,14.8,201203090DEN-DEN,201203090DEN-NOH,DEN-2012,1,2012,539.46,61.176500000000004,afflaar01-2012
harrial01,26.333333333333332,2.4,201203090DEN-DEN,201203090DEN-NOH,DEN-2012,1,2012,63.199999999999996,61.176500000000004,harrial01-2012
gallida01,24.35,-5.2,201203090DEN-DEN,201203090DEN-NOH,DEN-2012,1,2012,-126.62000000000002,61.176500000000004,gallida01-2012
breweco01,23.3,-1.6,201203090DEN-DEN,201203090DEN-NOH,DEN-2012,1,2012,-37.28,61.176500000000004,breweco01-2012
millean02,21.866666666666667,2.1,201203090DEN-DEN,201203090DEN-NOH,DEN-2012,1,2012,45.92,61.176500000000004,millean02-2012
anderch01,21.65,2.4,201203090DEN-DEN,201203090DEN-NOH,DEN-2012,1,2012,51.959999999999994,61.176500000000004,anderch01-2012
farieke01,20.3,0.2,201203090DEN-DEN,201203090DEN-NOH,DEN-2012,1,2012,4.0600000000000005,61.176500000000004,farieke01-2012
hilarne01,20.3,4.3,201203090DEN-DEN,201203090DEN-NOH,DEN-2012,1,2012,87.29,61.176500000000004,hilarne01-2012
hamiljo02,3.7,-1,201203090DEN-DEN,201203090DEN-NOH,DEN-2012,1,2012,-3.7,61.176500000000004,hamiljo02-2012
afflaar01,31.55,-0.6,201203110DEN-DEN,201203110DEN-MEM,DEN-2012,0,2012,-18.93,29.1115,afflaar01-2012
lawsoty01,30.966666666666665,-2.8,201203110DEN-DEN,201203110DEN-MEM,DEN-2012,0,2012,-86.70666666666666,29.1115,lawsoty01-2012
millean02,30.25,3.9,201203110DEN-DEN,201203110DEN-MEM,DEN-2012,0,2012,117.975,29.1115,millean02-2012
harrial01,30,2,201203110DEN-DEN,201203110DEN-MEM,DEN-2012,0,2012,60,29.1115,harrial01-2012
breweco01,29.15,4.8,201203110DEN-DEN,201203110DEN-MEM,DEN-2012,0,2012,139.92,29.1115,breweco01-2012
hilarne01,25.9,3.6,201203110DEN-DEN,201203110DEN-MEM,DEN-2012,0,2012,93.24,29.1115,hilarne01-2012
gallida01,21.266666666666666,-0.5,201203110DEN-DEN,201203110DEN-MEM,DEN-2012,0,2012,-10.633333333333333,29.1115,gallida01-2012
anderch01,19.283333333333335,-2.3,201203110DEN-DEN,201203110DEN-MEM,DEN-2012,0,2012,-44.35166666666667,29.1115,anderch01-2012
farieke01,16.616666666666667,1.9,201203110DEN-DEN,201203110DEN-MEM,DEN-2012,0,2012,31.571666666666665,29.1115,farieke01-2012
hamiljo02,5.016666666666667,1.8,201203110DEN-DEN,201203110DEN-MEM,DEN-2012,0,2012,9.03,29.1115,hamiljo02-2012
hilarne01,38.55,2,201203130DEN-DEN,201203130DEN-ATL,DEN-2012,1,2012,77.1,54.50233333333333,hilarne01-2012
gallida01,37.1,0.7,201203130DEN-DEN,201203130DEN-ATL,DEN-2012,1,2012,25.97,54.50233333333333,gallida01-2012
lawsoty01,35.333333333333336,13.1,201203130DEN-DEN,201203130DEN-ATL,DEN-2012,1,2012,462.8666666666667,54.50233333333333,lawsoty01-2012
afflaar01,34.61666666666667,-4.6,201203130DEN-DEN,201203130DEN-ATL,DEN-2012,1,2012,-159.23666666666665,54.50233333333333,afflaar01-2012
harrial01,30.133333333333333,2.6,201203130DEN-DEN,201203130DEN-ATL,DEN-2012,1,2012,78.34666666666666,54.50233333333333,harrial01-2012
farieke01,25.4,1.6,201203130DEN-DEN,201203130DEN-ATL,DEN-2012,1,2012,40.64,54.50233333333333,farieke01-2012
millean02,21.316666666666666,2.1,201203130DEN-DEN,201203130DEN-ATL,DEN-2012,1,2012,44.765,54.50233333333333,millean02-2012
breweco01,18.466666666666665,-0.1,201203130DEN-DEN,201203130DEN-ATL,DEN-2012,1,2012,-1.8466666666666667,54.50233333333333,breweco01-2012
fernaru01,15.566666666666666,0.4,201203130DEN-DEN,201203130DEN-ATL,DEN-2012,1,2012,6.226666666666667,54.50233333333333,fernaru01-2012
mozgoti01,8.516666666666667,-3.5,201203130DEN-DEN,201203130DEN-ATL,DEN-2012,1,2012,-29.808333333333337,54.50233333333333,mozgoti01-2012
lawsoty01,35.85,0.3,201203150DEN-DEN,201203150DEN-OKC,DEN-2012,0,2012,10.755,12.630769230769232,lawsoty01-2012
gallida01,32.016666666666666,2.9,201203150DEN-DEN,201203150DEN-OKC,DEN-2012,0,2012,92.84833333333333,12.630769230769232,gallida01-2012
afflaar01,30.133333333333333,1,201203150DEN-DEN,201203150DEN-OKC,DEN-2012,0,2012,30.133333333333333,12.630769230769232,afflaar01-2012
harrial01,25.833333333333332,-3.3,201203150DEN-DEN,201203150DEN-OKC,DEN-2012,0,2012,-85.24999999999999,12.630769230769232,harrial01-2012
millean02,24.4,2.2,201203150DEN-DEN,201203150DEN-OKC,DEN-2012,0,2012,53.68,12.630769230769232,millean02-2012
farieke01,19.583333333333332,1.3,201203150DEN-DEN,201203150DEN-OKC,DEN-2012,0,2012,25.458333333333332,12.630769230769232,farieke01-2012
fernaru01,18,0.7,201203150DEN-DEN,201203150DEN-OKC,DEN-2012,0,2012,12.6,12.630769230769232,fernaru01-2012
koufoko01,15.866666666666667,2.7,201203150DEN-DEN,201203150DEN-OKC,DEN-2012,0,2012,42.84,12.630769230769232,koufoko01-2012
anderch01,14.666666666666666,1.4,201203150DEN-DEN,201203150DEN-OKC,DEN-2012,0,2012,20.53333333333333,12.630769230769232,anderch01-2012
mozgoti01,11.916666666666666,-3.4,201203150DEN-DEN,201203150DEN-OKC,DEN-2012,0,2012,-40.516666666666666,12.630769230769232,mozgoti01-2012
breweco01,9.9,-0.1,201203150DEN-DEN,201203150DEN-OKC,DEN-2012,0,2012,-0.9900000000000001,12.630769230769232,breweco01-2012
hamiljo02,0.9166666666666666,2.4,201203150DEN-DEN,201203150DEN-OKC,DEN-2012,0,2012,2.1999999999999997,12.630769230769232,hamiljo02-2012
stoneju01,0.9166666666666666,-0.1,201203150DEN-DEN,201203150DEN-OKC,DEN-2012,0,2012,-0.09166666666666667,12.630769230769232,stoneju01-2012
lawsoty01,34.8,4.5,201203170DEN-DEN,201203170DEN-BOS,DEN-2012,1,2012,156.6,51.348,lawsoty01-2012
gallida01,32.15,7.3,201203170DEN-DEN,201203170DEN-BOS,DEN-2012,1,2012,234.695,51.348,gallida01-2012
afflaar01,30.183333333333334,1.4,201203170DEN-DEN,201203170DEN-BOS,DEN-2012,1,2012,42.25666666666667,51.348,afflaar01-2012
harrial01,28.05,-4.4,201203170DEN-DEN,201203170DEN-BOS,DEN-2012,1,2012,-123.42000000000002,51.348,harrial01-2012
farieke01,23.6,10.3,201203170DEN-DEN,201203170DEN-BOS,DEN-2012,1,2012,243.08000000000004,51.348,farieke01-2012
millean02,22.733333333333334,-8.5,201203170DEN-DEN,201203170DEN-BOS,DEN-2012,1,2012,-193.23333333333335,51.348,millean02-2012
mozgoti01,19.05,2.4,201203170DEN-DEN,201203170DEN-BOS,DEN-2012,1,2012,45.72,51.348,mozgoti01-2012
fernaru01,17.85,0.6,201203170DEN-DEN,201203170DEN-BOS,DEN-2012,1,2012,10.71,51.348,fernaru01-2012
breweco01,17.05,4.5,201203170DEN-DEN,201203170DEN-BOS,DEN-2012,1,2012,76.72500000000001,51.348,breweco01-2012
koufoko01,14.533333333333333,1.4,201203170DEN-DEN,201203170DEN-BOS,DEN-2012,1,2012,20.346666666666664,51.348,koufoko01-2012
lawsoty01,39.583333333333336,-5.9,201203190DEN-DEN,201203190DEN-DAL,DEN-2012,0,2012,-233.54166666666669,0.7351515151515141,lawsoty01-2012
afflaar01,34.86666666666667,7.5,201203190DEN-DEN,201203190DEN-DAL,DEN-2012,0,2012,261.5,0.7351515151515141,afflaar01-2012
chandwi01,27.716666666666665,0.3,201203190DEN-DEN,201203190DEN-DAL,DEN-2012,0,2012,8.315,0.7351515151515141,chandwi01-2012
harrial01,25.583333333333332,1.1,201203190DEN-DEN,201203190DEN-DAL,DEN-2012,0,2012,28.14166666666667,0.7351515151515141,harrial01-2012
farieke01,25.3,-1.1,201203190DEN-DEN,201203190DEN-DAL,DEN-2012,0,2012,-27.830000000000002,0.7351515151515141,farieke01-2012
breweco01,24.483333333333334,0.5,201203190DEN-DEN,201203190DEN-DAL,DEN-2012,0,2012,12.241666666666667,0.7351515151515141,breweco01-2012
gallida01,22.95,-1,201203190DEN-DEN,201203190DEN-DAL,DEN-2012,0,2012,-22.95,0.7351515151515141,gallida01-2012
koufoko01,16.716666666666665,-3.3,201203190DEN-DEN,201203190DEN-DAL,DEN-2012,0,2012,-55.16499999999999,0.7351515151515141,koufoko01-2012
fernaru01,9.15,0.2,201203190DEN-DEN,201203190DEN-DAL,DEN-2012,0,2012,1.83,0.7351515151515141,fernaru01-2012
mozgoti01,8.65,3.3,201203190DEN-DEN,201203190DEN-DAL,DEN-2012,0,2012,28.544999999999998,0.7351515151515141,mozgoti01-2012
millean02,5,1.4,201203190DEN-DEN,201203190DEN-DAL,DEN-2012,0,2012,7,0.7351515151515141,millean02-2012
lawsoty01,37.63333333333333,7.2,201203210DEN-DEN,201203210DEN-DET,DEN-2012,1,2012,270.96,31.882037037037037,lawsoty01-2012
afflaar01,34.583333333333336,3.6,201203210DEN-DEN,201203210DEN-DET,DEN-2012,1,2012,124.50000000000001,31.882037037037037,afflaar01-2012
chandwi01,33.083333333333336,-2.8,201203210DEN-DEN,201203210DEN-DET,DEN-2012,1,2012,-92.63333333333334,31.882037037037037,chandwi01-2012
farieke01,24.85,-4.5,201203210DEN-DEN,201203210DEN-DET,DEN-2012,1,2012,-111.825,31.882037037037037,farieke01-2012
harrial01,24.433333333333334,3.2,201203210DEN-DEN,201203210DEN-DET,DEN-2012,1,2012,78.18666666666667,31.882037037037037,harrial01-2012
mcgeeja01,24.1,0.6,201203210DEN-DEN,201203210DEN-DET,DEN-2012,1,2012,14.46,31.882037037037037,mcgeeja01-2012
mozgoti01,21.416666666666668,5,201203210DEN-DEN,201203210DEN-DET,DEN-2012,1,2012,107.08333333333334,31.882037037037037,mozgoti01-2012
millean02,20.016666666666666,-3,201203210DEN-DEN,201203210DEN-DET,DEN-2012,1,2012,-60.05,31.882037037037037,millean02-2012
breweco01,19.883333333333333,-2.2,201203210DEN-DEN,201203210DEN-DET,DEN-2012,1,2012,-43.74333333333333,31.882037037037037,breweco01-2012
haywago01,36.75,9.9,201203230UTA-UTA,201203230UTA-DEN,UTA-2012,1,2012,363.825,57.71458333333333,haywago01-2012
jeffeal01,31.516666666666666,3.4,201203230UTA-UTA,201203230UTA-DEN,UTA-2012,1,2012,107.15666666666667,57.71458333333333,jeffeal01-2012
harride01,28.433333333333334,4.7,201203230UTA-UTA,201203230UTA-DEN,UTA-2012,1,2012,133.63666666666668,57.71458333333333,harride01-2012
millspa01,28.366666666666667,1.3,201203230UTA-UTA,201203230UTA-DEN,UTA-2012,1,2012,36.876666666666665,57.71458333333333,millspa01-2012
milescj01,26.7,1.7,201203230UTA-UTA,201203230UTA-DEN,UTA-2012,1,2012,45.39,57.71458333333333,milescj01-2012
favorde01,25.15,1,201203230UTA-UTA,201203230UTA-DEN,UTA-2012,1,2012,25.15,57.71458333333333,favorde01-2012
burksal01,18.566666666666666,2.3,201203230UTA-UTA,201203230UTA-DEN,UTA-2012,1,2012,42.703333333333326,57.71458333333333,burksal01-2012
tinslja01,17.166666666666668,-3,201203230UTA-UTA,201203230UTA-DEN,UTA-2012,1,2012,-51.5,57.71458333333333,tinslja01-2012
carrode01,13.983333333333333,-0.2,201203230UTA-UTA,201203230UTA-DEN,UTA-2012,1,2012,-2.796666666666667,57.71458333333333,carrode01-2012
kanteen01,7.716666666666667,-2.5,201203230UTA-UTA,201203230UTA-DEN,UTA-2012,1,2012,-19.291666666666668,57.71458333333333,kanteen01-2012
evansje01,3.25,1.3,201203230UTA-UTA,201203230UTA-DEN,UTA-2012,1,2012,4.2250000000000005,57.71458333333333,evansje01-2012
watsoea01,2.4,3,201203230UTA-UTA,201203230UTA-DEN,UTA-2012,1,2012,7.199999999999999,57.71458333333333,watsoea01-2012
loveke01,44.13333333333333,16.5,201203250MIN-MIN,201203250MIN-DEN,MIN-2012,1,2012,728.2,106.6361111111111,loveke01-2012
ridnolu01,36.233333333333334,8.2,201203250MIN-MIN,201203250MIN-DEN,MIN-2012,1,2012,297.1133333333333,106.6361111111111,ridnolu01-2012
tollian01,34.15,1,201203250MIN-MIN,201203250MIN-DEN,MIN-2012,1,2012,34.15,106.6361111111111,tollian01-2012
ellinwa01,28.05,3.4,201203250MIN-MIN,201203250MIN-DEN,MIN-2012,1,2012,95.37,106.6361111111111,ellinwa01-2012
webstma02,25.533333333333335,-2.9,201203250MIN-MIN,201203250MIN-DEN,MIN-2012,1,2012,-74.04666666666667,106.6361111111111,webstma02-2012
beaslmi01,22.05,-4.1,201203250MIN-MIN,201203250MIN-DEN,MIN-2012,1,2012,-90.405,106.6361111111111,beaslmi01-2012
johnswe01,18.216666666666665,-1.6,201203250MIN-MIN,201203250MIN-DEN,MIN-2012,1,2012,-29.146666666666665,106.6361111111111,johnswe01-2012
willide02,17.716666666666665,1.8,201203250MIN-MIN,201203250MIN-DEN,MIN-2012,1,2012,31.889999999999997,106.6361111111111,willide02-2012
leema01,13.916666666666666,-2.4,201203250MIN-MIN,201203250MIN-DEN,MIN-2012,1,2012,-33.4,106.6361111111111,leema01-2012
denglu01,38.483333333333334,-10.5,201203260CHI-CHI,201203260CHI-DEN,CHI-2012,0,2012,-404.075,-12.014500000000002,denglu01-2012
watsocj01,34.31666666666667,-0.7,201203260CHI-CHI,201203260CHI-DEN,CHI-2012,0,2012,-24.02166666666667,-12.014500000000002,watsocj01-2012
gibsota01,26.7,-0.9,201203260CHI-CHI,201203260CHI-DEN,CHI-2012,0,2012,-24.03,-12.014500000000002,gibsota01-2012
korveky01,26.433333333333334,9.2,201203260CHI-CHI,201203260CHI-DEN,CHI-2012,0,2012,243.18666666666664,-12.014500000000002,korveky01-2012
boozeca01,26.016666666666666,-0.1,201203260CHI-CHI,201203260CHI-DEN,CHI-2012,0,2012,-2.6016666666666666,-12.014500000000002,boozeca01-2012
noahjo01,22.733333333333334,-1.9,201203260CHI-CHI,201203260CHI-DEN,CHI-2012,0,2012,-43.193333333333335,-12.014500000000002,noahjo01-2012
lucasjo02,19.95,2.6,201203260CHI-CHI,201203260CHI-DEN,CHI-2012,0,2012,51.87,-12.014500000000002,lucasjo02-2012
brewero02,18.566666666666666,-1.6,201203260CHI-CHI,201203260CHI-DEN,CHI-2012,0,2012,-29.706666666666667,-12.014500000000002,brewero02-2012
asikom01,18.533333333333335,6.2,201203260CHI-CHI,201203260CHI-DEN,CHI-2012,0,2012,114.90666666666668,-12.014500000000002,asikom01-2012
butleji01,8.266666666666667,-0.3,201203260CHI-CHI,201203260CHI-DEN,CHI-2012,0,2012,-2.48,-12.014500000000002,butleji01-2012
derozde01,37.333333333333336,-4.9,201203280TOR-TOR,201203280TOR-DEN,TOR-2012,1,2012,-182.93333333333337,40.75283333333333,derozde01-2012
bargnan01,36.06666666666667,8.7,201203280TOR-TOR,201203280TOR-DEN,TOR-2012,1,2012,313.78000000000003,40.75283333333333,bargnan01-2012
caldejo01,33.31666666666667,4.6,201203280TOR-TOR,201203280TOR-DEN,TOR-2012,1,2012,153.25666666666666,40.75283333333333,caldejo01-2012
kleizli01,28.5,4.1,201203280TOR-TOR,201203280TOR-DEN,TOR-2012,1,2012,116.85,40.75283333333333,kleizli01-2012
johnsam01,24.766666666666666,-2.8,201203280TOR-TOR,201203280TOR-DEN,TOR-2012,1,2012,-69.34666666666666,40.75283333333333,johnsam01-2012
davised01,19.783333333333335,-2.4,201203280TOR-TOR,201203280TOR-DEN,TOR-2012,1,2012,-47.480000000000004,40.75283333333333,davised01-2012
forbega01,18.65,5.6,201203280TOR-TOR,201203280TOR-DEN,TOR-2012,1,2012,104.43999999999998,40.75283333333333,forbega01-2012
grayaa01,15.383333333333333,0.8,201203280TOR-TOR,201203280TOR-DEN,TOR-2012,1,2012,12.306666666666667,40.75283333333333,grayaa01-2012
anderal01,13.45,0.4,201203280TOR-TOR,201203280TOR-DEN,TOR-2012,1,2012,5.38,40.75283333333333,anderal01-2012
uzohbe01,12.75,0.1,201203280TOR-TOR,201203280TOR-DEN,TOR-2012,1,2012,1.2750000000000001,40.75283333333333,uzohbe01-2012
hendege02,34.5,0.7,201203300CHA-CHA,201203300CHA-DEN,CHA-2012,0,2012,24.15,6.738939393939393,hendege02-2012
maggeco01,32.03333333333333,5,201203300CHA-CHA,201203300CHA-DEN,CHA-2012,0,2012,160.16666666666666,6.738939393939393,maggeco01-2012
biyombi01,29.4,-3.4,201203300CHA-CHA,201203300CHA-DEN,CHA-2012,0,2012,-99.96,6.738939393939393,biyombi01-2012
walkeke02,25,1.8,201203300CHA-CHA,201203300CHA-DEN,CHA-2012,0,2012,45,6.738939393939393,walkeke02-2012
augusdj01,23,0.3,201203300CHA-CHA,201203300CHA-DEN,CHA-2012,0,2012,6.8999999999999995,6.738939393939393,augusdj01-2012
najered01,21.3,3.6,201203300CHA-CHA,201203300CHA-DEN,CHA-2012,0,2012,76.68,6.738939393939393,najered01-2012
willire02,21.016666666666666,2.3,201203300CHA-CHA,201203300CHA-DEN,CHA-2012,0,2012,48.338333333333324,6.738939393939393,willire02-2012
mulleby01,20.2,-4.7,201203300CHA-CHA,201203300CHA-DEN,CHA-2012,0,2012,-94.94,6.738939393939393,mulleby01-2012
whitedj01,16.666666666666668,-2.9,201203300CHA-CHA,201203300CHA-DEN,CHA-2012,0,2012,-48.333333333333336,6.738939393939393,whitedj01-2012
brownde04,8.45,-1.2,201203300CHA-CHA,201203300CHA-DEN,CHA-2012,0,2012,-10.139999999999999,6.738939393939393,brownde04-2012
thomaty01,8.433333333333334,-4,201203300CHA-CHA,201203300CHA-DEN,CHA-2012,0,2012,-33.733333333333334,6.738939393939393,thomaty01-2012
anderry01,38.983333333333334,5.2,201204010ORL-ORL,201204010ORL-DEN,ORL-2012,0,2012,202.71333333333334,48.43708333333334,anderry01-2012
davisgl01,37.18333333333333,1.5,201204010ORL-ORL,201204010ORL-DEN,ORL-2012,0,2012,55.77499999999999,48.43708333333334,davisgl01-2012
turkohe01,36.68333333333333,1.2,201204010ORL-ORL,201204010ORL-DEN,ORL-2012,0,2012,44.019999999999996,48.43708333333334,turkohe01-2012
nelsoja01,35.06666666666667,5.4,201204010ORL-ORL,201204010ORL-DEN,ORL-2012,0,2012,189.36000000000004,48.43708333333334,nelsoja01-2012
richaja01,32.05,-4.5,201204010ORL-ORL,201204010ORL-DEN,ORL-2012,0,2012,-144.225,48.43708333333334,richaja01-2012
redicjj01,27.666666666666668,3.5,201204010ORL-ORL,201204010ORL-DEN,ORL-2012,0,2012,96.83333333333334,48.43708333333334,redicjj01-2012
clarkea01,19.433333333333334,-2.2,201204010ORL-ORL,201204010ORL-DEN,ORL-2012,0,2012,-42.75333333333334,48.43708333333334,clarkea01-2012
duhonch01,12.933333333333334,-1.1,201204010ORL-ORL,201204010ORL-DEN,ORL-2012,0,2012,-14.226666666666668,48.43708333333334,duhonch01-2012
vasqugr01,37.1,4.5,201204040NOH-NOH,201204040NOH-DEN,NOH-2012,1,2012,166.95000000000002,38.025333333333336,vasqugr01-2012
gordoer01,33.71666666666667,-2.3,201204040NOH-NOH,201204040NOH-DEN,NOH-2012,1,2012,-77.54833333333333,38.025333333333336,gordoer01-2012
kamanch01,33.31666666666667,5.9,201204040NOH-NOH,201204040NOH-DEN,NOH-2012,1,2012,196.56833333333336,38.025333333333336,kamanch01-2012
arizatr01,31.3,0.4,201204040NOH-NOH,201204040NOH-DEN,NOH-2012,1,2012,12.520000000000001,38.025333333333336,arizatr01-2012
landrca01,26.55,-0.4,201204040NOH-NOH,201204040NOH-DEN,NOH-2012,1,2012,-10.620000000000001,38.025333333333336,landrca01-2012
smithja02,25.25,2.1,201204040NOH-NOH,201204040NOH-DEN,NOH-2012,1,2012,53.025000000000006,38.025333333333336,smithja02-2012
belinma01,18.2,-0.5,201204040NOH-NOH,201204040NOH-DEN,NOH-2012,1,2012,-9.1,38.025333333333336,belinma01-2012
henryxa01,16.25,2.5,201204040NOH-NOH,201204040NOH-DEN,NOH-2012,1,2012,40.625,38.025333333333336,henryxa01-2012
ayongu01,10.833333333333334,1,201204040NOH-NOH,201204040NOH-DEN,NOH-2012,1,2012,10.833333333333334,38.025333333333336,ayongu01-2012
aminual01,7.5,-0.4,201204040NOH-NOH,201204040NOH-DEN,NOH-2012,1,2012,-3,38.025333333333336,aminual01-2012
afflaar01,41.733333333333334,13,201204060DEN-DEN,201204060DEN-PHO,DEN-2012,1,2012,542.5333333333333,79.25407407407407,afflaar01-2012
lawsoty01,34.06666666666667,-3.4,201204060DEN-DEN,201204060DEN-PHO,DEN-2012,1,2012,-115.82666666666667,79.25407407407407,lawsoty01-2012
millean02,33.21666666666667,6.9,201204060DEN-DEN,201204060DEN-PHO,DEN-2012,1,2012,229.19500000000002,79.25407407407407,millean02-2012
harrial01,29.266666666666666,4.1,201204060DEN-DEN,201204060DEN-PHO,DEN-2012,1,2012,119.99333333333333,79.25407407407407,harrial01-2012
farieke01,29.116666666666667,1.2,201204060DEN-DEN,201204060DEN-PHO,DEN-2012,1,2012,34.94,79.25407407407407,farieke01-2012
mcgeeja01,19.65,-2.1,201204060DEN-DEN,201204060DEN-PHO,DEN-2012,1,2012,-41.265,79.25407407407407,mcgeeja01-2012
koufoko01,17.966666666666665,-3.2,201204060DEN-DEN,201204060DEN-PHO,DEN-2012,1,2012,-57.49333333333333,79.25407407407407,koufoko01-2012
breweco01,17.916666666666668,-4.6,201204060DEN-DEN,201204060DEN-PHO,DEN-2012,1,2012,-82.41666666666667,79.25407407407407,breweco01-2012
hamiljo02,17.066666666666666,4.9,201204060DEN-DEN,201204060DEN-PHO,DEN-2012,1,2012,83.62666666666667,79.25407407407407,hamiljo02-2012
leeda02,37.63333333333333,-2.8,201204070GSW-GSW,201204070GSW-DEN,GSW-2012,1,2012,-105.37333333333332,35.28583333333333,leeda02-2012
rushbr01,29.916666666666668,3.4,201204070GSW-GSW,201204070GSW-DEN,GSW-2012,1,2012,101.71666666666667,35.28583333333333,rushbr01-2012
jefferi01,25.716666666666665,3.3,201204070GSW-GSW,201204070GSW-DEN,GSW-2012,1,2012,84.865,35.28583333333333,jefferi01-2012
robinna01,24.766666666666666,4.8,201204070GSW-GSW,201204070GSW-DEN,GSW-2012,1,2012,118.88,35.28583333333333,robinna01-2012
jenkich01,23.233333333333334,-0.4,201204070GSW-GSW,201204070GSW-DEN,GSW-2012,1,2012,-9.293333333333335,35.28583333333333,jenkich01-2012
thompkl01,22.216666666666665,2.3,201204070GSW-GSW,201204070GSW-DEN,GSW-2012,1,2012,51.09833333333332,35.28583333333333,thompkl01-2012
wrighdo01,19.583333333333332,6.2,201204070GSW-GSW,201204070GSW-DEN,GSW-2012,1,2012,121.41666666666666,35.28583333333333,wrighdo01-2012
biedran01,17.866666666666667,2.9,201204070GSW-GSW,201204070GSW-DEN,GSW-2012,1,2012,51.81333333333333,35.28583333333333,biedran01-2012
mcguido01,17.166666666666668,4.9,201204070GSW-GSW,201204070GSW-DEN,GSW-2012,1,2012,84.11666666666667,35.28583333333333,mcguido01-2012
tylerje01,16.5,-4.3,201204070GSW-GSW,201204070GSW-DEN,GSW-2012,1,2012,-70.95,35.28583333333333,tylerje01-2012
gladnmi01,2.7,-0.6,201204070GSW-GSW,201204070GSW-DEN,GSW-2012,1,2012,-1.62,35.28583333333333,gladnmi01-2012
wrighch01,2.7,-1.2,201204070GSW-GSW,201204070GSW-DEN,GSW-2012,1,2012,-3.24,35.28583333333333,wrighch01-2012
afflaar01,36.06666666666667,0.6,201204090DEN-DEN,201204090DEN-GSW,DEN-2012,1,2012,21.64,58.227361111111115,afflaar01-2012
gallida01,30.166666666666668,3.3,201204090DEN-DEN,201204090DEN-GSW,DEN-2012,1,2012,99.55,58.227361111111115,gallida01-2012
millean02,27.533333333333335,4,201204090DEN-DEN,201204090DEN-GSW,DEN-2012,1,2012,110.13333333333334,58.227361111111115,millean02-2012
farieke01,24.116666666666667,9.5,201204090DEN-DEN,201204090DEN-GSW,DEN-2012,1,2012,229.10833333333335,58.227361111111115,farieke01-2012
mcgeeja01,22.833333333333332,0,201204090DEN-DEN,201204090DEN-GSW,DEN-2012,1,2012,0,58.227361111111115,mcgeeja01-2012
breweco01,22.25,5.3,201204090DEN-DEN,201204090DEN-GSW,DEN-2012,1,2012,117.925,58.227361111111115,breweco01-2012
lawsoty01,20.9,1.5,201204090DEN-DEN,201204090DEN-GSW,DEN-2012,1,2012,31.349999999999998,58.227361111111115,lawsoty01-2012
koufoko01,16.6,1,201204090DEN-DEN,201204090DEN-GSW,DEN-2012,1,2012,16.6,58.227361111111115,koufoko01-2012
stoneju01,12,1.9,201204090DEN-DEN,201204090DEN-GSW,DEN-2012,1,2012,22.799999999999997,58.227361111111115,stoneju01-2012
harrial01,11.9,2.5,201204090DEN-DEN,201204090DEN-GSW,DEN-2012,1,2012,29.75,58.227361111111115,harrial01-2012
hamiljo02,8.183333333333334,1.7,201204090DEN-DEN,201204090DEN-GSW,DEN-2012,1,2012,13.911666666666667,58.227361111111115,hamiljo02-2012
mozgoti01,7.45,0.8,201204090DEN-DEN,201204090DEN-GSW,DEN-2012,1,2012,5.960000000000001,58.227361111111115,mozgoti01-2012
afflaar01,37.28333333333333,1.8,201204110DEN-DEN,201204110DEN-MIN,DEN-2012,1,2012,67.11,43.33481481481481,afflaar01-2012
farieke01,35.5,6.4,201204110DEN-DEN,201204110DEN-MIN,DEN-2012,1,2012,227.20000000000002,43.33481481481481,farieke01-2012
lawsoty01,35.333333333333336,3.6,201204110DEN-DEN,201204110DEN-MIN,DEN-2012,1,2012,127.20000000000002,43.33481481481481,lawsoty01-2012
gallida01,35.25,-0.7,201204110DEN-DEN,201204110DEN-MIN,DEN-2012,1,2012,-24.674999999999997,43.33481481481481,gallida01-2012
millean02,26.733333333333334,-5,201204110DEN-DEN,201204110DEN-MIN,DEN-2012,1,2012,-133.66666666666669,43.33481481481481,millean02-2012
harrial01,22.116666666666667,0.6,201204110DEN-DEN,201204110DEN-MIN,DEN-2012,1,2012,13.27,43.33481481481481,harrial01-2012
mcgeeja01,17.183333333333334,2.3,201204110DEN-DEN,201204110DEN-MIN,DEN-2012,1,2012,39.52166666666666,43.33481481481481,mcgeeja01-2012
breweco01,16.066666666666666,2.8,201204110DEN-DEN,201204110DEN-MIN,DEN-2012,1,2012,44.986666666666665,43.33481481481481,breweco01-2012
koufoko01,14.533333333333333,2,201204110DEN-DEN,201204110DEN-MIN,DEN-2012,1,2012,29.066666666666666,43.33481481481481,koufoko01-2012
artesro01,39.61666666666667,4.2,201204130LAL-LAL,201204130LAL-DEN,LAL-2012,1,2012,166.39000000000001,64.86037037037038,artesro01-2012
gasolpa01,37.983333333333334,-0.5,201204130LAL-LAL,201204130LAL-DEN,LAL-2012,1,2012,-18.991666666666667,64.86037037037038,gasolpa01-2012
bynuman01,37.9,5.7,201204130LAL-LAL,201204130LAL-DEN,LAL-2012,1,2012,216.03,64.86037037037038,bynuman01-2012
sessira01,30.983333333333334,-4.9,201204130LAL-LAL,201204130LAL-DEN,LAL-2012,1,2012,-151.81833333333336,64.86037037037038,sessira01-2012
barnema02,29.433333333333334,11,201204130LAL-LAL,201204130LAL-DEN,LAL-2012,1,2012,323.76666666666665,64.86037037037038,barnema02-2012
ebankde01,23.116666666666667,-0.4,201204130LAL-LAL,201204130LAL-DEN,LAL-2012,1,2012,-9.246666666666668,64.86037037037038,ebankde01-2012
blakest01,21.233333333333334,3.6,201204130LAL-LAL,201204130LAL-DEN,LAL-2012,1,2012,76.44000000000001,64.86037037037038,blakest01-2012
mcrobjo01,12.133333333333333,-0.8,201204130LAL-LAL,201204130LAL-DEN,LAL-2012,1,2012,-9.706666666666667,64.86037037037038,mcrobjo01-2012
murphtr01,7.6,-1.2,201204130LAL-LAL,201204130LAL-DEN,LAL-2012,1,2012,-9.12,64.86037037037038,murphtr01-2012
lawsoty01,34.21666666666667,5.3,201204150DEN-DEN,201204150DEN-HOU,DEN-2012,1,2012,181.34833333333333,57.790151515151514,lawsoty01-2012
afflaar01,33.61666666666667,3.2,201204150DEN-DEN,201204150DEN-HOU,DEN-2012,1,2012,107.57333333333334,57.790151515151514,afflaar01-2012
gallida01,29.333333333333332,0.7,201204150DEN-DEN,201204150DEN-HOU,DEN-2012,1,2012,20.53333333333333,57.790151515151514,gallida01-2012
farieke01,29.233333333333334,3.4,201204150DEN-DEN,201204150DEN-HOU,DEN-2012,1,2012,99.39333333333333,57.790151515151514,farieke01-2012
breweco01,23.983333333333334,6.5,201204150DEN-DEN,201204150DEN-HOU,DEN-2012,1,2012,155.89166666666668,57.790151515151514,breweco01-2012
millean02,22.016666666666666,4.6,201204150DEN-DEN,201204150DEN-HOU,DEN-2012,1,2012,101.27666666666666,57.790151515151514,millean02-2012
harrial01,20.65,-5.4,201204150DEN-DEN,201204150DEN-HOU,DEN-2012,1,2012,-111.51,57.790151515151514,harrial01-2012
koufoko01,19.966666666666665,2.2,201204150DEN-DEN,201204150DEN-HOU,DEN-2012,1,2012,43.92666666666667,57.790151515151514,koufoko01-2012
mcgeeja01,17.95,2.8,201204150DEN-DEN,201204150DEN-HOU,DEN-2012,1,2012,50.26,57.790151515151514,mcgeeja01-2012
chandwi01,7.116666666666666,-1.8,201204150DEN-DEN,201204150DEN-HOU,DEN-2012,1,2012,-12.809999999999999,57.790151515151514,chandwi01-2012
hamiljo02,1.9166666666666665,-0.1,201204150DEN-DEN,201204150DEN-HOU,DEN-2012,1,2012,-0.19166666666666665,57.790151515151514,hamiljo02-2012
scolalu01,42.38333333333333,0.2,201204160HOU-HOU,201204160HOU-DEN,HOU-2012,0,2012,8.476666666666667,46.09229166666666,scolalu01-2012
dragigo01,38.416666666666664,1.7,201204160HOU-HOU,201204160HOU-DEN,HOU-2012,0,2012,65.30833333333332,46.09229166666666,dragigo01-2012
leeco01,35.88333333333333,0.9,201204160HOU-HOU,201204160HOU-DEN,HOU-2012,0,2012,32.295,46.09229166666666,leeco01-2012
parsoch01,34.083333333333336,8.6,201204160HOU-HOU,201204160HOU-DEN,HOU-2012,0,2012,293.1166666666667,46.09229166666666,parsoch01-2012
pattepa01,29.1,-4.4,201204160HOU-HOU,201204160HOU-DEN,HOU-2012,0,2012,-128.04000000000002,46.09229166666666,pattepa01-2012
dalemsa01,24.433333333333334,3.9,201204160HOU-HOU,201204160HOU-DEN,HOU-2012,0,2012,95.28999999999999,46.09229166666666,dalemsa01-2012
lowryky01,19.8,1,201204160HOU-HOU,201204160HOU-DEN,HOU-2012,0,2012,19.8,46.09229166666666,lowryky01-2012
budinch01,15.916666666666666,-1.1,201204160HOU-HOU,201204160HOU-DEN,HOU-2012,0,2012,-17.508333333333333,46.09229166666666,budinch01-2012
afflaar01,37.61666666666667,-1.2,201204180DEN-DEN,201204180DEN-LAC,DEN-2012,0,2012,-45.14,40.51537037037037,afflaar01-2012
lawsoty01,36.5,9.2,201204180DEN-DEN,201204180DEN-LAC,DEN-2012,0,2012,335.79999999999995,40.51537037037037,lawsoty01-2012
harrial01,32.3,3.3,201204180DEN-DEN,201204180DEN-LAC,DEN-2012,0,2012,106.58999999999999,40.51537037037037,harrial01-2012
gallida01,28.466666666666665,-5.3,201204180DEN-DEN,201204180DEN-LAC,DEN-2012,0,2012,-150.8733333333333,40.51537037037037,gallida01-2012
millean02,26.3,-1.4,201204180DEN-DEN,201204180DEN-LAC,DEN-2012,0,2012,-36.82,40.51537037037037,millean02-2012
farieke01,25.383333333333333,0.7,201204180DEN-DEN,201204180DEN-LAC,DEN-2012,0,2012,17.76833333333333,40.51537037037037,farieke01-2012
koufoko01,23.283333333333335,7.4,201204180DEN-DEN,201204180DEN-LAC,DEN-2012,0,2012,172.29666666666668,40.51537037037037,koufoko01-2012
breweco01,15.583333333333334,-2.9,201204180DEN-DEN,201204180DEN-LAC,DEN-2012,0,2012,-45.19166666666667,40.51537037037037,breweco01-2012
mcgeeja01,14.583333333333334,0.7,201204180DEN-DEN,201204180DEN-LAC,DEN-2012,0,2012,10.208333333333334,40.51537037037037,mcgeeja01-2012
brownsh01,41.416666666666664,8.7,201204210PHO-PHO,201204210PHO-DEN,PHO-2012,0,2012,360.32499999999993,25.918333333333326,brownsh01-2012
dudleja01,31.683333333333334,-5.4,201204210PHO-PHO,201204210PHO-DEN,PHO-2012,0,2012,-171.09,25.918333333333326,dudleja01-2012
nashst01,29.566666666666666,-0.7,201204210PHO-PHO,201204210PHO-DEN,PHO-2012,0,2012,-20.696666666666665,25.918333333333326,nashst01-2012
gortama01,27.216666666666665,4.1,201204210PHO-PHO,201204210PHO-DEN,PHO-2012,0,2012,111.58833333333331,25.918333333333326,gortama01-2012
telfase01,20.083333333333332,5.4,201204210PHO-PHO,201204210PHO-DEN,PHO-2012,0,2012,108.45,25.918333333333326,telfase01-2012
warriha01,19.3,-1.6,201204210PHO-PHO,201204210PHO-DEN,PHO-2012,0,2012,-30.880000000000003,25.918333333333326,warriha01-2012
reddmi01,18.05,-0.1,201204210PHO-PHO,201204210PHO-DEN,PHO-2012,0,2012,-1.8050000000000002,25.918333333333326,reddmi01-2012
morrima02,17.6,-3.8,201204210PHO-PHO,201204210PHO-DEN,PHO-2012,0,2012,-66.88,25.918333333333326,morrima02-2012
lopezro01,14.683333333333334,0.6,201204210PHO-PHO,201204210PHO-DEN,PHO-2012,0,2012,8.81,25.918333333333326,lopezro01-2012
fryech01,12.2,0.1,201204210PHO-PHO,201204210PHO-DEN,PHO-2012,0,2012,1.22,25.918333333333326,fryech01-2012
childjo01,8.2,-1.7,201204210PHO-PHO,201204210PHO-DEN,PHO-2012,0,2012,-13.939999999999998,25.918333333333326,childjo01-2012
afflaar01,37.3,1.8,201204220DEN-DEN,201204220DEN-ORL,DEN-2012,1,2012,67.14,65.58787878787878,afflaar01-2012
gallida01,34.9,4,201204220DEN-DEN,201204220DEN-ORL,DEN-2012,1,2012,139.6,65.58787878787878,gallida01-2012
lawsoty01,33.6,8.2,201204220DEN-DEN,201204220DEN-ORL,DEN-2012,1,2012,275.52,65.58787878787878,lawsoty01-2012
farieke01,29.95,-0.7,201204220DEN-DEN,201204220DEN-ORL,DEN-2012,1,2012,-20.965,65.58787878787878,farieke01-2012
millean02,25.416666666666668,-1.4,201204220DEN-DEN,201204220DEN-ORL,DEN-2012,1,2012,-35.583333333333336,65.58787878787878,millean02-2012
breweco01,25.3,3.9,201204220DEN-DEN,201204220DEN-ORL,DEN-2012,1,2012,98.67,65.58787878787878,breweco01-2012
mcgeeja01,23.9,5,201204220DEN-DEN,201204220DEN-ORL,DEN-2012,1,2012,119.5,65.58787878787878,mcgeeja01-2012
koufoko01,15.45,3.5,201204220DEN-DEN,201204220DEN-ORL,DEN-2012,1,2012,54.074999999999996,65.58787878787878,koufoko01-2012
mozgoti01,9.216666666666667,1.5,201204220DEN-DEN,201204220DEN-ORL,DEN-2012,1,2012,13.825,65.58787878787878,mozgoti01-2012
hamiljo02,2.4833333333333334,3.2,201204220DEN-DEN,201204220DEN-ORL,DEN-2012,1,2012,7.946666666666667,65.58787878787878,hamiljo02-2012
stoneju01,2.4833333333333334,0.7,201204220DEN-DEN,201204220DEN-ORL,DEN-2012,1,2012,1.7383333333333333,65.58787878787878,stoneju01-2012
duranke01,40.03333333333333,4.8,201204250OKC-OKC,201204250OKC-DEN,OKC-2012,0,2012,192.16,54.052727272727275,duranke01-2012
westbru01,34.9,17.6,201204250OKC-OKC,201204250OKC-DEN,OKC-2012,0,2012,614.24,54.052727272727275,westbru01-2012
ibakase01,29.583333333333332,2.1,201204250OKC-OKC,201204250OKC-DEN,OKC-2012,0,2012,62.125,54.052727272727275,ibakase01-2012
sefolth01,28.9,-1.9,201204250OKC-OKC,201204250OKC-DEN,OKC-2012,0,2012,-54.91,54.052727272727275,sefolth01-2012
fishede01,26.516666666666666,-4.4,201204250OKC-OKC,201204250OKC-DEN,OKC-2012,0,2012,-116.67333333333333,54.052727272727275,fishede01-2012
cookda02,22.116666666666667,1,201204250OKC-OKC,201204250OKC-DEN,OKC-2012,0,2012,22.116666666666667,54.052727272727275,cookda02-2012
collini01,21.166666666666668,-2.4,201204250OKC-OKC,201204250OKC-DEN,OKC-2012,0,2012,-50.800000000000004,54.052727272727275,collini01-2012
perkike01,18.966666666666665,-3.4,201204250OKC-OKC,201204250OKC-DEN,OKC-2012,0,2012,-64.48666666666666,54.052727272727275,perkike01-2012
mohamna01,7.8,0.4,201204250OKC-OKC,201204250OKC-DEN,OKC-2012,0,2012,3.12,54.052727272727275,mohamna01-2012
iveyro01,5.816666666666666,-1.9,201204250OKC-OKC,201204250OKC-DEN,OKC-2012,0,2012,-11.051666666666666,54.052727272727275,iveyro01-2012
haywala01,4.2,-0.3,201204250OKC-OKC,201204250OKC-DEN,OKC-2012,0,2012,-1.26,54.052727272727275,haywala01-2012
bareajo01,30.916666666666668,0.1,201204260MIN-MIN,201204260MIN-DEN,MIN-2012,0,2012,3.091666666666667,-16.864393939393942,bareajo01-2012
webstma02,27.9,-2,201204260MIN-MIN,201204260MIN-DEN,MIN-2012,0,2012,-55.8,-16.864393939393942,webstma02-2012
pekovni01,25.483333333333334,3.7,201204260MIN-MIN,201204260MIN-DEN,MIN-2012,0,2012,94.28833333333334,-16.864393939393942,pekovni01-2012
beaslmi01,23.616666666666667,-6.7,201204260MIN-MIN,201204260MIN-DEN,MIN-2012,0,2012,-158.23166666666668,-16.864393939393942,beaslmi01-2012
ellinwa01,22.6,-0.7,201204260MIN-MIN,201204260MIN-DEN,MIN-2012,0,2012,-15.82,-16.864393939393942,ellinwa01-2012
randoan01,20.85,0,201204260MIN-MIN,201204260MIN-DEN,MIN-2012,0,2012,0,-16.864393939393942,randoan01-2012
leema01,20.266666666666666,-4.5,201204260MIN-MIN,201204260MIN-DEN,MIN-2012,0,2012,-91.19999999999999,-16.864393939393942,leema01-2012
johnswe01,18.7,4.1,201204260MIN-MIN,201204260MIN-DEN,MIN-2012,0,2012,76.66999999999999,-16.864393939393942,johnswe01-2012
millebr01,17.366666666666667,1.3,201204260MIN-MIN,201204260MIN-DEN,MIN-2012,0,2012,22.576666666666668,-16.864393939393942,millebr01-2012
tollian01,16.866666666666667,-1.7,201204260MIN-MIN,201204260MIN-DEN,MIN-2012,0,2012,-28.673333333333332,-16.864393939393942,tollian01-2012
willide02,15.433333333333334,-2.1,201204260MIN-MIN,201204260MIN-DEN,MIN-2012,0,2012,-32.410000000000004,-16.864393939393942,willide02-2012
lawsoty01,31.883333333333333,12.5,201112260DAL-DEN,201112260DAL-DAL,DEN-2012,1,2012,398.5416666666667,71.12469696969697,lawsoty01-2012
fernaru01,29.666666666666668,-1.2,201112260DAL-DEN,201112260DAL-DAL,DEN-2012,1,2012,-35.6,71.12469696969697,fernaru01-2012
afflaar01,27.966666666666665,3.2,201112260DAL-DEN,201112260DAL-DAL,DEN-2012,1,2012,89.49333333333334,71.12469696969697,afflaar01-2012
millean02,27.283333333333335,11.6,201112260DAL-DEN,201112260DAL-DAL,DEN-2012,1,2012,316.4866666666667,71.12469696969697,millean02-2012
gallida01,26.25,4.4,201112260DAL-DEN,201112260DAL-DAL,DEN-2012,1,2012,115.50000000000001,71.12469696969697,gallida01-2012
hilarne01,23.433333333333334,-1.7,201112260DAL-DEN,201112260DAL-DAL,DEN-2012,1,2012,-39.836666666666666,71.12469696969697,hilarne01-2012
harrial01,21.716666666666665,1.6,201112260DAL-DEN,201112260DAL-DAL,DEN-2012,1,2012,34.74666666666666,71.12469696969697,harrial01-2012
anderch01,21.15,-1.7,201112260DAL-DEN,201112260DAL-DAL,DEN-2012,1,2012,-35.955,71.12469696969697,anderch01-2012
mozgoti01,13.933333333333334,-1.4,201112260DAL-DEN,201112260DAL-DAL,DEN-2012,1,2012,-19.506666666666664,71.12469696969697,mozgoti01-2012
breweco01,13.3,-3.3,201112260DAL-DEN,201112260DAL-DAL,DEN-2012,1,2012,-43.89,71.12469696969697,breweco01-2012
koufoko01,3.4166666666666665,0.7,201112260DAL-DEN,201112260DAL-DAL,DEN-2012,1,2012,2.3916666666666666,71.12469696969697,koufoko01-2012
jeffeal01,30.15,2.5,201112280DEN-UTA,201112280DEN-DEN,UTA-2012,0,2012,75.375,5.792692307692308,jeffeal01-2012
haywago01,27.25,3.6,201112280DEN-UTA,201112280DEN-DEN,UTA-2012,0,2012,98.10000000000001,5.792692307692308,haywago01-2012
millspa01,21.733333333333334,5.3,201112280DEN-UTA,201112280DEN-DEN,UTA-2012,0,2012,115.18666666666667,5.792692307692308,millspa01-2012
milescj01,21.716666666666665,-1.4,201112280DEN-UTA,201112280DEN-DEN,UTA-2012,0,2012,-30.40333333333333,5.792692307692308,milescj01-2012
harride01,21.616666666666667,0.7,201112280DEN-UTA,201112280DEN-DEN,UTA-2012,0,2012,15.131666666666666,5.792692307692308,harride01-2012
howarjo01,18.6,-0.2,201112280DEN-UTA,201112280DEN-DEN,UTA-2012,0,2012,-3.7200000000000006,5.792692307692308,howarjo01-2012
bellra01,18.583333333333332,-4,201112280DEN-UTA,201112280DEN-DEN,UTA-2012,0,2012,-74.33333333333333,5.792692307692308,bellra01-2012
favorde01,16.783333333333335,-5.4,201112280DEN-UTA,201112280DEN-DEN,UTA-2012,0,2012,-90.63000000000001,5.792692307692308,favorde01-2012
watsoea01,16.533333333333335,-5,201112280DEN-UTA,201112280DEN-DEN,UTA-2012,0,2012,-82.66666666666667,5.792692307692308,watsoea01-2012
kanteen01,14.2,-2.7,201112280DEN-UTA,201112280DEN-DEN,UTA-2012,0,2012,-38.34,5.792692307692308,kanteen01-2012
evansje01,13.133333333333333,2.7,201112280DEN-UTA,201112280DEN-DEN,UTA-2012,0,2012,35.46,5.792692307692308,evansje01-2012
burksal01,9.85,4.4,201112280DEN-UTA,201112280DEN-DEN,UTA-2012,0,2012,43.34,5.792692307692308,burksal01-2012
tinslja01,9.85,1.3,201112280DEN-UTA,201112280DEN-DEN,UTA-2012,0,2012,12.805,5.792692307692308,tinslja01-2012
lawsoty01,40.36666666666667,12.9,201112290POR-DEN,201112290POR-POR,DEN-2012,0,2012,520.73,46.70883333333334,lawsoty01-2012
gallida01,35.166666666666664,1.1,201112290POR-DEN,201112290POR-POR,DEN-2012,0,2012,38.68333333333334,46.70883333333334,gallida01-2012
millean02,34.9,0.1,201112290POR-DEN,201112290POR-POR,DEN-2012,0,2012,3.49,46.70883333333334,millean02-2012
hilarne01,34.53333333333333,-1.7,201112290POR-DEN,201112290POR-POR,DEN-2012,0,2012,-58.70666666666666,46.70883333333334,hilarne01-2012
afflaar01,31.466666666666665,2,201112290POR-DEN,201112290POR-POR,DEN-2012,0,2012,62.93333333333333,46.70883333333334,afflaar01-2012
harrial01,22.666666666666668,-1,201112290POR-DEN,201112290POR-POR,DEN-2012,0,2012,-22.666666666666668,46.70883333333334,harrial01-2012
fernaru01,22.15,-2.1,201112290POR-DEN,201112290POR-POR,DEN-2012,0,2012,-46.515,46.70883333333334,fernaru01-2012
mozgoti01,10.766666666666667,-3,201112290POR-DEN,201112290POR-POR,DEN-2012,0,2012,-32.300000000000004,46.70883333333334,mozgoti01-2012
anderch01,7.466666666666667,0.2,201112290POR-DEN,201112290POR-POR,DEN-2012,0,2012,1.4933333333333334,46.70883333333334,anderch01-2012
breweco01,0.5333333333333333,-0.1,201112290POR-DEN,201112290POR-POR,DEN-2012,0,2012,-0.05333333333333334,46.70883333333334,breweco01-2012
gallida01,36.983333333333334,-1.5,201112310LAL-DEN,201112310LAL-LAL,DEN-2012,0,2012,-55.475,28.332962962962966,gallida01-2012
hilarne01,33.416666666666664,-2.4,201112310LAL-DEN,201112310LAL-LAL,DEN-2012,0,2012,-80.19999999999999,28.332962962962966,hilarne01-2012
millean02,32.96666666666667,2.7,201112310LAL-DEN,201112310LAL-LAL,DEN-2012,0,2012,89.01,28.332962962962966,millean02-2012
lawsoty01,31.383333333333333,1,201112310LAL-DEN,201112310LAL-LAL,DEN-2012,0,2012,31.383333333333333,28.332962962962966,lawsoty01-2012
harrial01,29.033333333333335,4.7,201112310LAL-DEN,201112310LAL-LAL,DEN-2012,0,2012,136.45666666666668,28.332962962962966,harrial01-2012
mozgoti01,26.083333333333332,2,201112310LAL-DEN,201112310LAL-LAL,DEN-2012,0,2012,52.166666666666664,28.332962962962966,mozgoti01-2012
afflaar01,25.55,3.1,201112310LAL-DEN,201112310LAL-LAL,DEN-2012,0,2012,79.205,28.332962962962966,afflaar01-2012
fernaru01,19.7,0,201112310LAL-DEN,201112310LAL-LAL,DEN-2012,0,2012,0,28.332962962962966,fernaru01-2012
anderch01,4.9,0.5,201112310LAL-DEN,201112310LAL-LAL,DEN-2012,0,2012,2.45,28.332962962962966,anderch01-2012
bryanko01,36.65,-9.6,201201010DEN-LAL,201201010DEN-DEN,LAL-2012,0,2012,-351.84,18.651500000000002,bryanko01-2012
gasolpa01,36.43333333333333,5.2,201201010DEN-LAL,201201010DEN-DEN,LAL-2012,0,2012,189.45333333333332,18.651500000000002,gasolpa01-2012
bynuman01,28.283333333333335,5.7,201201010DEN-LAL,201201010DEN-DEN,LAL-2012,0,2012,161.215,18.651500000000002,bynuman01-2012
blakest01,27.183333333333334,5.8,201201010DEN-LAL,201201010DEN-DEN,LAL-2012,0,2012,157.66333333333333,18.651500000000002,blakest01-2012
artesro01,25.533333333333335,1.5,201201010DEN-LAL,201201010DEN-DEN,LAL-2012,0,2012,38.300000000000004,18.651500000000002,artesro01-2012
barnema02,22.483333333333334,-1.4,201201010DEN-LAL,201201010DEN-DEN,LAL-2012,0,2012,-31.476666666666667,18.651500000000002,barnema02-2012
fishede01,20.816666666666666,2.4,201201010DEN-LAL,201201010DEN-DEN,LAL-2012,0,2012,49.96,18.651500000000002,fishede01-2012
mcrobjo01,15.316666666666666,-0.2,201201010DEN-LAL,201201010DEN-DEN,LAL-2012,0,2012,-3.0633333333333335,18.651500000000002,mcrobjo01-2012
murphtr01,15.25,-1,201201010DEN-LAL,201201010DEN-DEN,LAL-2012,0,2012,-15.25,18.651500000000002,murphtr01-2012
kaponja01,12.066666666666666,-0.7,201201010DEN-LAL,201201010DEN-DEN,LAL-2012,0,2012,-8.446666666666665,18.651500000000002,kaponja01-2012
delfica01,42.28333333333333,8.7,201201020DEN-MIL,201201020DEN-DEN,MIL-2012,0,2012,367.86499999999995,32.060606060606055,delfica01-2012
jennibr01,37.03333333333333,-6.8,201201020DEN-MIL,201201020DEN-DEN,MIL-2012,0,2012,-251.82666666666665,32.060606060606055,jennibr01-2012
jacksst02,36.166666666666664,2.1,201201020DEN-MIL,201201020DEN-DEN,MIL-2012,0,2012,75.95,32.060606060606055,jacksst02-2012
bogutan01,32.166666666666664,6.2,201201020DEN-MIL,201201020DEN-DEN,MIL-2012,0,2012,199.43333333333334,32.060606060606055,bogutan01-2012
mbahalu01,21.466666666666665,1.7,201201020DEN-MIL,201201020DEN-DEN,MIL-2012,0,2012,36.49333333333333,32.060606060606055,mbahalu01-2012
ilyaser01,19.716666666666665,-3.7,201201020DEN-MIL,201201020DEN-DEN,MIL-2012,0,2012,-72.95166666666667,32.060606060606055,ilyaser01-2012
livinsh01,15.85,-2.7,201201020DEN-MIL,201201020DEN-DEN,MIL-2012,0,2012,-42.795,32.060606060606055,livinsh01-2012
leuerjo01,14.016666666666667,1.9,201201020DEN-MIL,201201020DEN-DEN,MIL-2012,0,2012,26.631666666666668,32.060606060606055,leuerjo01-2012
udrihbe01,12.666666666666666,1.6,201201020DEN-MIL,201201020DEN-DEN,MIL-2012,0,2012,20.266666666666666,32.060606060606055,udrihbe01-2012
goodedr01,6.1,-0.8,201201020DEN-MIL,201201020DEN-DEN,MIL-2012,0,2012,-4.88,32.060606060606055,goodedr01-2012
sandela01,2.533333333333333,-0.6,201201020DEN-MIL,201201020DEN-DEN,MIL-2012,0,2012,-1.5199999999999998,32.060606060606055,sandela01-2012
thornma01,33.516666666666666,6.1,201201040DEN-SAC,201201040DEN-DEN,SAC-2012,0,2012,204.45166666666665,-3.2018181818181866,thornma01-2012
thomais02,28.116666666666667,-5.4,201201040DEN-SAC,201201040DEN-DEN,SAC-2012,0,2012,-151.83,-3.2018181818181866,thomais02-2012
salmojo01,27.616666666666667,-2.2,201201040DEN-SAC,201201040DEN-DEN,SAC-2012,0,2012,-60.756666666666675,-3.2018181818181866,salmojo01-2012
fredeji01,27.133333333333333,-2.2,201201040DEN-SAC,201201040DEN-DEN,SAC-2012,0,2012,-59.693333333333335,-3.2018181818181866,fredeji01-2012
couside01,25.25,10.6,201201040DEN-SAC,201201040DEN-DEN,SAC-2012,0,2012,267.65,-3.2018181818181866,couside01-2012
hicksjj01,23.983333333333334,-3.9,201201040DEN-SAC,201201040DEN-DEN,SAC-2012,0,2012,-93.535,-3.2018181818181866,hicksjj01-2012
evansty01,23.283333333333335,-0.3,201201040DEN-SAC,201201040DEN-DEN,SAC-2012,0,2012,-6.985,-3.2018181818181866,evansty01-2012
hayesch01,22.516666666666666,-1.3,201201040DEN-SAC,201201040DEN-DEN,SAC-2012,0,2012,-29.271666666666665,-3.2018181818181866,hayesch01-2012
thompja02,17.333333333333332,-4.5,201201040DEN-SAC,201201040DEN-DEN,SAC-2012,0,2012,-78,-3.2018181818181866,thompja02-2012
outlatr01,6.166666666666667,-3.1,201201040DEN-SAC,201201040DEN-DEN,SAC-2012,0,2012,-19.116666666666667,-3.2018181818181866,outlatr01-2012
garcifr01,5.083333333333333,-1.6,201201040DEN-SAC,201201040DEN-DEN,SAC-2012,0,2012,-8.133333333333333,-3.2018181818181866,garcifr01-2012
gallida01,39.36666666666667,10.3,201201060NOH-DEN,201201060NOH-NOH,DEN-2012,1,2012,405.4766666666667,42.772333333333336,gallida01-2012
lawsoty01,35.233333333333334,-7,201201060NOH-DEN,201201060NOH-NOH,DEN-2012,1,2012,-246.63333333333333,42.772333333333336,lawsoty01-2012
afflaar01,34.18333333333333,0.7,201201060NOH-DEN,201201060NOH-NOH,DEN-2012,1,2012,23.92833333333333,42.772333333333336,afflaar01-2012
millean02,31.25,1.4,201201060NOH-DEN,201201060NOH-NOH,DEN-2012,1,2012,43.75,42.772333333333336,millean02-2012
hilarne01,24.183333333333334,-1.3,201201060NOH-DEN,201201060NOH-NOH,DEN-2012,1,2012,-31.438333333333336,42.772333333333336,hilarne01-2012
harrial01,23,6.6,201201060NOH-DEN,201201060NOH-NOH,DEN-2012,1,2012,151.79999999999998,42.772333333333336,harrial01-2012
fernaru01,17.95,0.7,201201060NOH-DEN,201201060NOH-NOH,DEN-2012,1,2012,12.565,42.772333333333336,fernaru01-2012
koufoko01,17.116666666666667,5.1,201201060NOH-DEN,201201060NOH-NOH,DEN-2012,1,2012,87.295,42.772333333333336,koufoko01-2012
mozgoti01,13.05,-1.6,201201060NOH-DEN,201201060NOH-NOH,DEN-2012,1,2012,-20.880000000000003,42.772333333333336,mozgoti01-2012
anderch01,4.65,0.4,201201060NOH-DEN,201201060NOH-NOH,DEN-2012,1,2012,1.8600000000000003,42.772333333333336,anderch01-2012
afflaar01,40.86666666666667,1.1,201201070SAS-DEN,201201070SAS-SAS,DEN-2012,0,2012,44.95333333333334,46.858333333333334,afflaar01-2012
gallida01,39.5,8.9,201201070SAS-DEN,201201070SAS-SAS,DEN-2012,0,2012,351.55,46.858333333333334,gallida01-2012
lawsoty01,36.81666666666667,2.5,201201070SAS-DEN,201201070SAS-SAS,DEN-2012,0,2012,92.04166666666667,46.858333333333334,lawsoty01-2012
fernaru01,28.933333333333334,0,201201070SAS-DEN,201201070SAS-SAS,DEN-2012,0,2012,0,46.858333333333334,fernaru01-2012
harrial01,25.883333333333333,-1.6,201201070SAS-DEN,201201070SAS-SAS,DEN-2012,0,2012,-41.413333333333334,46.858333333333334,harrial01-2012
millean02,25.816666666666666,-0.4,201201070SAS-DEN,201201070SAS-SAS,DEN-2012,0,2012,-10.326666666666668,46.858333333333334,millean02-2012
mozgoti01,18.3,-0.1,201201070SAS-DEN,201201070SAS-SAS,DEN-2012,0,2012,-1.83,46.858333333333334,mozgoti01-2012
breweco01,12.2,4.5,201201070SAS-DEN,201201070SAS-SAS,DEN-2012,0,2012,54.9,46.858333333333334,breweco01-2012
koufoko01,6.783333333333333,-3.5,201201070SAS-DEN,201201070SAS-SAS,DEN-2012,0,2012,-23.741666666666667,46.858333333333334,koufoko01-2012
anderch01,4.9,0.5,201201070SAS-DEN,201201070SAS-SAS,DEN-2012,0,2012,2.45,46.858333333333334,anderch01-2012
landrca01,37.016666666666666,-1.5,201201090DEN-NOH,201201090DEN-DEN,NOH-2012,1,2012,-55.525,47.874545454545455,landrca01-2012
jackja01,35.233333333333334,5,201201090DEN-NOH,201201090DEN-DEN,NOH-2012,1,2012,176.16666666666669,47.874545454545455,jackja01-2012
belinma01,30.383333333333333,6.1,201201090DEN-NOH,201201090DEN-DEN,NOH-2012,1,2012,185.3383333333333,47.874545454545455,belinma01-2012
kamanch01,28.466666666666665,1.9,201201090DEN-NOH,201201090DEN-DEN,NOH-2012,1,2012,54.08666666666666,47.874545454545455,kamanch01-2012
aminual01,26.15,2.3,201201090DEN-NOH,201201090DEN-DEN,NOH-2012,1,2012,60.14499999999999,47.874545454545455,aminual01-2012
okafoem01,24.316666666666666,3.2,201201090DEN-NOH,201201090DEN-DEN,NOH-2012,1,2012,77.81333333333333,47.874545454545455,okafoem01-2012
summeda01,23.7,-0.2,201201090DEN-NOH,201201090DEN-DEN,NOH-2012,1,2012,-4.74,47.874545454545455,summeda01-2012
johnsca01,14.416666666666666,-0.6,201201090DEN-NOH,201201090DEN-DEN,NOH-2012,1,2012,-8.649999999999999,47.874545454545455,johnsca01-2012
vasqugr01,14.166666666666666,3.6,201201090DEN-NOH,201201090DEN-DEN,NOH-2012,1,2012,51,47.874545454545455,vasqugr01-2012
ayongu01,5.25,-1.7,201201090DEN-NOH,201201090DEN-DEN,NOH-2012,1,2012,-8.924999999999999,47.874545454545455,ayongu01-2012
johnstr01,0.9,-0.1,201201090DEN-NOH,201201090DEN-DEN,NOH-2012,1,2012,-0.09000000000000001,47.874545454545455,johnstr01-2012
morroan01,38.21666666666667,2.6,201201110DEN-NJN,201201110DEN-DEN,NJN-2012,0,2012,99.36333333333334,-6.305757575757575,morroan01-2012
willide01,38.18333333333333,-3.5,201201110DEN-NJN,201201110DEN-DEN,NJN-2012,0,2012,-133.64166666666665,-6.305757575757575,willide01-2012
humphkr01,31.516666666666666,3.2,201201110DEN-NJN,201201110DEN-DEN,NJN-2012,0,2012,100.85333333333334,-6.305757575757575,humphkr01-2012
brookma01,30.266666666666666,-9.6,201201110DEN-NJN,201201110DEN-DEN,NJN-2012,0,2012,-290.56,-6.305757575757575,brookma01-2012
willish03,26.816666666666666,-3.7,201201110DEN-NJN,201201110DEN-DEN,NJN-2012,0,2012,-99.22166666666666,-6.305757575757575,willish03-2012
farmajo01,22.733333333333334,11.2,201201110DEN-NJN,201201110DEN-DEN,NJN-2012,0,2012,254.61333333333332,-6.305757575757575,farmajo01-2012
willish02,16.45,-5.2,201201110DEN-NJN,201201110DEN-DEN,NJN-2012,0,2012,-85.54,-6.305757575757575,willish02-2012
okurme01,13.033333333333333,2.2,201201110DEN-NJN,201201110DEN-DEN,NJN-2012,0,2012,28.673333333333336,-6.305757575757575,okurme01-2012
gainesu01,10.966666666666667,5.9,201201110DEN-NJN,201201110DEN-DEN,NJN-2012,0,2012,64.70333333333333,-6.305757575757575,gainesu01-2012
petrojo01,10.4,-0.8,201201110DEN-NJN,201201110DEN-DEN,NJN-2012,0,2012,-8.32,-6.305757575757575,petrojo01-2012
willijo03,1.4333333333333333,-0.2,201201110DEN-NJN,201201110DEN-DEN,NJN-2012,0,2012,-0.2866666666666667,-6.305757575757575,willijo03-2012
boshch01,38.35,2.1,201201130DEN-MIA,201201130DEN-DEN,MIA-2012,0,2012,80.53500000000001,41.303472222222226,boshch01-2012
jamesle01,37.18333333333333,13.8,201201130DEN-MIA,201201130DEN-DEN,MIA-2012,0,2012,513.13,41.303472222222226,jamesle01-2012
chalmma01,31.583333333333332,-1.1,201201130DEN-MIA,201201130DEN-DEN,MIA-2012,0,2012,-34.74166666666667,41.303472222222226,chalmma01-2012
wadedw01,28.55,0.6,201201130DEN-MIA,201201130DEN-DEN,MIA-2012,0,2012,17.13,41.303472222222226,wadedw01-2012
hasleud01,26.95,2.6,201201130DEN-MIA,201201130DEN-DEN,MIA-2012,0,2012,70.07000000000001,41.303472222222226,hasleud01-2012
battish01,23.2,-2.3,201201130DEN-MIA,201201130DEN-DEN,MIA-2012,0,2012,-53.35999999999999,41.303472222222226,battish01-2012
coleno01,21.183333333333334,-1,201201130DEN-MIA,201201130DEN-DEN,MIA-2012,0,2012,-21.183333333333334,41.303472222222226,coleno01-2012
pittmde01,14.833333333333334,-3.5,201201130DEN-MIA,201201130DEN-DEN,MIA-2012,0,2012,-51.91666666666667,41.303472222222226,pittmde01-2012
anthojo01,7.85,-2.1,201201130DEN-MIA,201201130DEN-DEN,MIA-2012,0,2012,-16.485,41.303472222222226,anthojo01-2012
harrite01,5.566666666666666,-1,201201130DEN-MIA,201201130DEN-DEN,MIA-2012,0,2012,-5.566666666666666,41.303472222222226,harrite01-2012
gladnmi01,2.55,-0.6,201201130DEN-MIA,201201130DEN-DEN,MIA-2012,0,2012,-1.5299999999999998,41.303472222222226,gladnmi01-2012
jonesja02,2.2,-0.2,201201130DEN-MIA,201201130DEN-DEN,MIA-2012,0,2012,-0.44000000000000006,41.303472222222226,jonesja02-2012
jeffeal01,37.78333333333333,-1.3,201201150DEN-UTA,201201150DEN-DEN,UTA-2012,1,2012,-49.11833333333333,54.659393939393944,jeffeal01-2012
millspa01,34.95,8.7,201201150DEN-UTA,201201150DEN-DEN,UTA-2012,1,2012,304.065,54.659393939393944,millspa01-2012
haywago01,32.6,5.2,201201150DEN-UTA,201201150DEN-DEN,UTA-2012,1,2012,169.52,54.659393939393944,haywago01-2012
bellra01,29.516666666666666,0.9,201201150DEN-UTA,201201150DEN-DEN,UTA-2012,1,2012,26.565,54.659393939393944,bellra01-2012
harride01,25.116666666666667,5,201201150DEN-UTA,201201150DEN-DEN,UTA-2012,1,2012,125.58333333333334,54.659393939393944,harride01-2012
watsoea01,22.883333333333333,1.9,201201150DEN-UTA,201201150DEN-DEN,UTA-2012,1,2012,43.47833333333333,54.659393939393944,watsoea01-2012
burksal01,18.483333333333334,-0.2,201201150DEN-UTA,201201150DEN-DEN,UTA-2012,1,2012,-3.696666666666667,54.659393939393944,burksal01-2012
milescj01,15.4,-1,201201150DEN-UTA,201201150DEN-DEN,UTA-2012,1,2012,-15.4,54.659393939393944,milescj01-2012
kanteen01,11.216666666666667,-0.2,201201150DEN-UTA,201201150DEN-DEN,UTA-2012,1,2012,-2.2433333333333336,54.659393939393944,kanteen01-2012
favorde01,7.733333333333333,0.1,201201150DEN-UTA,201201150DEN-DEN,UTA-2012,1,2012,0.7733333333333334,54.659393939393944,favorde01-2012
evansje01,4.316666666666666,0.4,201201150DEN-UTA,201201150DEN-DEN,UTA-2012,1,2012,1.7266666666666666,54.659393939393944,evansje01-2012
afflaar01,36.18333333333333,-0.4,201201170MIL-DEN,201201170MIL-MIL,DEN-2012,1,2012,-14.473333333333333,49.599074074074075,afflaar01-2012
breweco01,34.31666666666667,6.2,201201170MIL-DEN,201201170MIL-MIL,DEN-2012,1,2012,212.76333333333335,49.599074074074075,breweco01-2012
lawsoty01,33.05,-1.3,201201170MIL-DEN,201201170MIL-MIL,DEN-2012,1,2012,-42.964999999999996,49.599074074074075,lawsoty01-2012
gallida01,27.066666666666666,3.2,201201170MIL-DEN,201201170MIL-MIL,DEN-2012,1,2012,86.61333333333334,49.599074074074075,gallida01-2012
hilarne01,26.016666666666666,3.4,201201170MIL-DEN,201201170MIL-MIL,DEN-2012,1,2012,88.45666666666666,49.599074074074075,hilarne01-2012
millean02,23.033333333333335,1,201201170MIL-DEN,201201170MIL-MIL,DEN-2012,1,2012,23.033333333333335,49.599074074074075,millean02-2012
anderch01,21.983333333333334,1,201201170MIL-DEN,201201170MIL-MIL,DEN-2012,1,2012,21.983333333333334,49.599074074074075,anderch01-2012
harrial01,19.833333333333332,7.5,201201170MIL-DEN,201201170MIL-MIL,DEN-2012,1,2012,148.75,49.599074074074075,harrial01-2012
mozgoti01,18.516666666666666,-4.2,201201170MIL-DEN,201201170MIL-MIL,DEN-2012,1,2012,-77.77,49.599074074074075,mozgoti01-2012
lawsoty01,44.93333333333333,-5.1,201201180PHI-DEN,201201180PHI-PHI,DEN-2012,1,2012,-229.15999999999997,62.407222222222224,lawsoty01-2012
afflaar01,43.833333333333336,-0.6,201201180PHI-DEN,201201180PHI-PHI,DEN-2012,1,2012,-26.3,62.407222222222224,afflaar01-2012
millean02,38.833333333333336,12.4,201201180PHI-DEN,201201180PHI-PHI,DEN-2012,1,2012,481.53333333333336,62.407222222222224,millean02-2012
hilarne01,37.78333333333333,4.3,201201180PHI-DEN,201201180PHI-PHI,DEN-2012,1,2012,162.4683333333333,62.407222222222224,hilarne01-2012
gallida01,33.083333333333336,2.8,201201180PHI-DEN,201201180PHI-PHI,DEN-2012,1,2012,92.63333333333334,62.407222222222224,gallida01-2012
harrial01,26.483333333333334,2.4,201201180PHI-DEN,201201180PHI-PHI,DEN-2012,1,2012,63.56,62.407222222222224,harrial01-2012
breweco01,17.583333333333332,1,201201180PHI-DEN,201201180PHI-PHI,DEN-2012,1,2012,17.583333333333332,62.407222222222224,breweco01-2012
anderch01,15.216666666666667,0.1,201201180PHI-DEN,201201180PHI-PHI,DEN-2012,1,2012,1.5216666666666667,62.407222222222224,anderch01-2012
koufoko01,7.25,-0.3,201201180PHI-DEN,201201180PHI-PHI,DEN-2012,1,2012,-2.175,62.407222222222224,koufoko01-2012
lawsoty01,37.916666666666664,4.7,201201200WAS-DEN,201201200WAS-WAS,DEN-2012,1,2012,178.20833333333334,46.140499999999996,lawsoty01-2012
gallida01,35.166666666666664,7.1,201201200WAS-DEN,201201200WAS-WAS,DEN-2012,1,2012,249.6833333333333,46.140499999999996,gallida01-2012
afflaar01,33.68333333333333,-1.9,201201200WAS-DEN,201201200WAS-WAS,DEN-2012,1,2012,-63.99833333333332,46.140499999999996,afflaar01-2012
harrial01,29.933333333333334,9.2,201201200WAS-DEN,201201200WAS-WAS,DEN-2012,1,2012,275.38666666666666,46.140499999999996,harrial01-2012
millean02,26.75,-3.6,201201200WAS-DEN,201201200WAS-WAS,DEN-2012,1,2012,-96.3,46.140499999999996,millean02-2012
anderch01,23.083333333333332,-0.4,201201200WAS-DEN,201201200WAS-WAS,DEN-2012,1,2012,-9.233333333333333,46.140499999999996,anderch01-2012
mozgoti01,21.05,-2.4,201201200WAS-DEN,201201200WAS-WAS,DEN-2012,1,2012,-50.52,46.140499999999996,mozgoti01-2012
koufoko01,14.55,-2.2,201201200WAS-DEN,201201200WAS-WAS,DEN-2012,1,2012,-32.010000000000005,46.140499999999996,koufoko01-2012
fernaru01,11.75,1.7,201201200WAS-DEN,201201200WAS-WAS,DEN-2012,1,2012,19.974999999999998,46.140499999999996,fernaru01-2012
breweco01,6.116666666666666,-1.6,201201200WAS-DEN,201201200WAS-WAS,DEN-2012,1,2012,-9.786666666666667,46.140499999999996,breweco01-2012
gallida01,51.7,8.3,201201210NYK-DEN,201201210NYK-NYK,DEN-2012,1,2012,429.11000000000007,84.58285714285715,gallida01-2012
millean02,48.78333333333333,1,201201210NYK-DEN,201201210NYK-NYK,DEN-2012,1,2012,48.78333333333333,84.58285714285715,millean02-2012
lawsoty01,48.516666666666666,-1.6,201201210NYK-DEN,201201210NYK-NYK,DEN-2012,1,2012,-77.62666666666667,84.58285714285715,lawsoty01-2012
hilarne01,44.61666666666667,1.1,201201210NYK-DEN,201201210NYK-NYK,DEN-2012,1,2012,49.07833333333334,84.58285714285715,hilarne01-2012
harrial01,41.016666666666666,-0.3,201201210NYK-DEN,201201210NYK-NYK,DEN-2012,1,2012,-12.305,84.58285714285715,harrial01-2012
mozgoti01,30.366666666666667,4.2,201201210NYK-DEN,201201210NYK-NYK,DEN-2012,1,2012,127.54,84.58285714285715,mozgoti01-2012
breweco01,25,1.1,201201210NYK-DEN,201201210NYK-NYK,DEN-2012,1,2012,27.500000000000004,84.58285714285715,breweco01-2012
gallida01,34.55,11,201201250SAC-DEN,201201250SAC-SAC,DEN-2012,1,2012,380.04999999999995,68.54363636363635,gallida01-2012
millean02,32.083333333333336,8.2,201201250SAC-DEN,201201250SAC-SAC,DEN-2012,1,2012,263.0833333333333,68.54363636363635,millean02-2012
breweco01,31.6,-5.6,201201250SAC-DEN,201201250SAC-SAC,DEN-2012,1,2012,-176.96,68.54363636363635,breweco01-2012
hilarne01,25.5,6.7,201201250SAC-DEN,201201250SAC-SAC,DEN-2012,1,2012,170.85,68.54363636363635,hilarne01-2012
harrial01,23.55,-1.4,201201250SAC-DEN,201201250SAC-SAC,DEN-2012,1,2012,-32.97,68.54363636363635,harrial01-2012
koufoko01,23.483333333333334,0.3,201201250SAC-DEN,201201250SAC-SAC,DEN-2012,1,2012,7.045,68.54363636363635,koufoko01-2012
stoneju01,20.316666666666666,-0.9,201201250SAC-DEN,201201250SAC-SAC,DEN-2012,1,2012,-18.285,68.54363636363635,stoneju01-2012
anderch01,17.183333333333334,6.1,201201250SAC-DEN,201201250SAC-SAC,DEN-2012,1,2012,104.81833333333333,68.54363636363635,anderch01-2012
lawsoty01,15.05,5,201201250SAC-DEN,201201250SAC-SAC,DEN-2012,1,2012,75.25,68.54363636363635,lawsoty01-2012
farieke01,11.366666666666667,-0.4,201201250SAC-DEN,201201250SAC-SAC,DEN-2012,1,2012,-4.546666666666667,68.54363636363635,farieke01-2012
hamiljo02,5.316666666666666,-2.7,201201250SAC-DEN,201201250SAC-SAC,DEN-2012,1,2012,-14.355,68.54363636363635,hamiljo02-2012
derozde01,32.95,-8.5,201201270DEN-TOR,201201270DEN-DEN,TOR-2012,0,2012,-280.07500000000005,-6.931944444444449,derozde01-2012
caldejo01,31.566666666666666,-6.3,201201270DEN-TOR,201201270DEN-DEN,TOR-2012,0,2012,-198.87,-6.931944444444449,caldejo01-2012
johnsja01,26.733333333333334,8.5,201201270DEN-TOR,201201270DEN-DEN,TOR-2012,0,2012,227.23333333333335,-6.931944444444449,johnsja01-2012
kleizli01,25.333333333333332,-1.2,201201270DEN-TOR,201201270DEN-DEN,TOR-2012,0,2012,-30.4,-6.931944444444449,kleizli01-2012
barbole01,22.633333333333333,8.6,201201270DEN-TOR,201201270DEN-DEN,TOR-2012,0,2012,194.64666666666665,-6.931944444444449,barbole01-2012
davised01,18.15,-0.4,201201270DEN-TOR,201201270DEN-DEN,TOR-2012,0,2012,-7.26,-6.931944444444449,davised01-2012
butlera01,17.633333333333333,-0.2,201201270DEN-TOR,201201270DEN-DEN,TOR-2012,0,2012,-3.526666666666667,-6.931944444444449,butlera01-2012
bayleje01,16.433333333333334,8.7,201201270DEN-TOR,201201270DEN-DEN,TOR-2012,0,2012,142.97,-6.931944444444449,bayleje01-2012
grayaa01,15.266666666666667,-4.1,201201270DEN-TOR,201201270DEN-DEN,TOR-2012,0,2012,-62.593333333333334,-6.931944444444449,grayaa01-2012
johnsam01,14.533333333333333,-0.2,201201270DEN-TOR,201201270DEN-DEN,TOR-2012,0,2012,-2.9066666666666667,-6.931944444444449,johnsam01-2012
magloja01,13.566666666666666,-3.1,201201270DEN-TOR,201201270DEN-DEN,TOR-2012,0,2012,-42.056666666666665,-6.931944444444449,magloja01-2012
forbega01,5.216666666666667,-3.9,201201270DEN-TOR,201201270DEN-DEN,TOR-2012,0,2012,-20.345,-6.931944444444449,forbega01-2012
griffbl01,40.43333333333333,0.8,201201290DEN-LAC,201201290DEN-DEN,LAC-2012,1,2012,32.346666666666664,67.77083333333334,griffbl01-2012
paulch01,37.6,8.9,201201290DEN-LAC,201201290DEN-DEN,LAC-2012,1,2012,334.64000000000004,67.77083333333334,paulch01-2012
billuch01,35.21666666666667,7.2,201201290DEN-LAC,201201290DEN-DEN,LAC-2012,1,2012,253.56000000000003,67.77083333333334,billuch01-2012
jordade01,34.9,0.9,201201290DEN-LAC,201201290DEN-DEN,LAC-2012,1,2012,31.41,67.77083333333334,jordade01-2012
butleca01,28.483333333333334,-1.4,201201290DEN-LAC,201201290DEN-DEN,LAC-2012,1,2012,-39.876666666666665,67.77083333333334,butleca01-2012
willima01,26.75,3,201201290DEN-LAC,201201290DEN-DEN,LAC-2012,1,2012,80.25,67.77083333333334,willima01-2012
foyera01,13.35,1.3,201201290DEN-LAC,201201290DEN-DEN,LAC-2012,1,2012,17.355,67.77083333333334,foyera01-2012
evansre01,11.833333333333334,-1.2,201201290DEN-LAC,201201290DEN-DEN,LAC-2012,1,2012,-14.200000000000001,67.77083333333334,evansre01-2012
jonesso01,7.283333333333333,-1.7,201201290DEN-LAC,201201290DEN-DEN,LAC-2012,1,2012,-12.381666666666666,67.77083333333334,jonesso01-2012
gomesry01,4.15,-1.3,201201290DEN-LAC,201201290DEN-DEN,LAC-2012,1,2012,-5.3950000000000005,67.77083333333334,gomesry01-2012
millean02,38.86666666666667,7.8,201201310MEM-DEN,201201310MEM-MEM,DEN-2012,0,2012,303.16,56.81621212121212,millean02-2012
harrial01,38.25,8.7,201201310MEM-DEN,201201310MEM-MEM,DEN-2012,0,2012,332.775,56.81621212121212,harrial01-2012
afflaar01,35.766666666666666,0.5,201201310MEM-DEN,201201310MEM-MEM,DEN-2012,0,2012,17.883333333333333,56.81621212121212,afflaar01-2012
lawsoty01,34.4,-1.9,201201310MEM-DEN,201201310MEM-MEM,DEN-2012,0,2012,-65.36,56.81621212121212,lawsoty01-2012
hilarne01,32.9,5.8,201201310MEM-DEN,201201310MEM-MEM,DEN-2012,0,2012,190.82,56.81621212121212,hilarne01-2012
gallida01,24.766666666666666,-3.4,201201310MEM-DEN,201201310MEM-MEM,DEN-2012,0,2012,-84.20666666666666,56.81621212121212,gallida01-2012
fernaru01,18.933333333333334,-4.9,201201310MEM-DEN,201201310MEM-MEM,DEN-2012,0,2012,-92.77333333333334,56.81621212121212,fernaru01-2012
breweco01,12.95,5.3,201201310MEM-DEN,201201310MEM-MEM,DEN-2012,0,2012,68.63499999999999,56.81621212121212,breweco01-2012
koufoko01,11.516666666666667,0.2,201201310MEM-DEN,201201310MEM-MEM,DEN-2012,0,2012,2.3033333333333337,56.81621212121212,koufoko01-2012
mozgoti01,9.983333333333333,-4.5,201201310MEM-DEN,201201310MEM-MEM,DEN-2012,0,2012,-44.925,56.81621212121212,mozgoti01-2012
anderch01,6.666666666666667,-0.5,201201310MEM-DEN,201201310MEM-MEM,DEN-2012,0,2012,-3.3333333333333335,56.81621212121212,anderch01-2012
afflaar01,35.53333333333333,-0.1,201202020LAC-DEN,201202020LAC-LAC,DEN-2012,1,2012,-3.5533333333333332,59.74444444444444,afflaar01-2012
lawsoty01,32.15,6.8,201202020LAC-DEN,201202020LAC-LAC,DEN-2012,1,2012,218.61999999999998,59.74444444444444,lawsoty01-2012
millean02,28.566666666666666,6,201202020LAC-DEN,201202020LAC-LAC,DEN-2012,1,2012,171.4,59.74444444444444,millean02-2012
gallida01,27.366666666666667,12.1,201202020LAC-DEN,201202020LAC-LAC,DEN-2012,1,2012,331.13666666666666,59.74444444444444,gallida01-2012
mozgoti01,22.2,5.4,201202020LAC-DEN,201202020LAC-LAC,DEN-2012,1,2012,119.88000000000001,59.74444444444444,mozgoti01-2012
hilarne01,22.05,-6.6,201202020LAC-DEN,201202020LAC-LAC,DEN-2012,1,2012,-145.53,59.74444444444444,hilarne01-2012
harrial01,21.333333333333332,-1.2,201202020LAC-DEN,201202020LAC-LAC,DEN-2012,1,2012,-25.599999999999998,59.74444444444444,harrial01-2012
fernaru01,19.35,2.2,201202020LAC-DEN,201202020LAC-LAC,DEN-2012,1,2012,42.57000000000001,59.74444444444444,fernaru01-2012
koufoko01,11.783333333333333,-0.2,201202020LAC-DEN,201202020LAC-LAC,DEN-2012,1,2012,-2.356666666666667,59.74444444444444,koufoko01-2012
farieke01,7.166666666666667,0.3,201202020LAC-DEN,201202020LAC-LAC,DEN-2012,1,2012,2.15,59.74444444444444,farieke01-2012
hamiljo02,7.166666666666667,0.7,201202020LAC-DEN,201202020LAC-LAC,DEN-2012,1,2012,5.016666666666667,59.74444444444444,hamiljo02-2012
carrode01,5.333333333333333,0.6,201202020LAC-DEN,201202020LAC-LAC,DEN-2012,1,2012,3.1999999999999997,59.74444444444444,carrode01-2012
bryanko01,37.61666666666667,3.3,201202030DEN-LAL,201202030DEN-DEN,LAL-2012,1,2012,124.13499999999999,60.68648148148148,bryanko01-2012
gasolpa01,36,4.5,201202030DEN-LAL,201202030DEN-DEN,LAL-2012,1,2012,162,60.68648148148148,gasolpa01-2012
bynuman01,34.55,6.1,201202030DEN-LAL,201202030DEN-DEN,LAL-2012,1,2012,210.75499999999997,60.68648148148148,bynuman01-2012
artesro01,33.05,-0.2,201202030DEN-LAL,201202030DEN-DEN,LAL-2012,1,2012,-6.609999999999999,60.68648148148148,artesro01-2012
fishede01,27.9,1.4,201202030DEN-LAL,201202030DEN-DEN,LAL-2012,1,2012,39.059999999999995,60.68648148148148,fishede01-2012
murphtr01,25.216666666666665,-0.7,201202030DEN-LAL,201202030DEN-DEN,LAL-2012,1,2012,-17.651666666666664,60.68648148148148,murphtr01-2012
goudean01,20.1,3.6,201202030DEN-LAL,201202030DEN-DEN,LAL-2012,1,2012,72.36000000000001,60.68648148148148,goudean01-2012
barnema02,15.183333333333334,-1.4,201202030DEN-LAL,201202030DEN-DEN,LAL-2012,1,2012,-21.256666666666664,60.68648148148148,barnema02-2012
kaponja01,10.383333333333333,-1.6,201202030DEN-LAL,201202030DEN-DEN,LAL-2012,1,2012,-16.613333333333333,60.68648148148148,kaponja01-2012
gallida01,36.28333333333333,3.5,201202040POR-DEN,201202040POR-POR,DEN-2012,0,2012,126.99166666666666,1.267222222222222,gallida01-2012
koufoko01,33.61666666666667,4.1,201202040POR-DEN,201202040POR-POR,DEN-2012,0,2012,137.82833333333332,1.267222222222222,koufoko01-2012
lawsoty01,32.06666666666667,0.6,201202040POR-DEN,201202040POR-POR,DEN-2012,0,2012,19.240000000000002,1.267222222222222,lawsoty01-2012
hilarne01,27.266666666666666,-6.7,201202040POR-DEN,201202040POR-POR,DEN-2012,0,2012,-182.68666666666667,1.267222222222222,hilarne01-2012
fernaru01,23.416666666666668,1.7,201202040POR-DEN,201202040POR-POR,DEN-2012,0,2012,39.80833333333334,1.267222222222222,fernaru01-2012
harrial01,22.4,-3.5,201202040POR-DEN,201202040POR-POR,DEN-2012,0,2012,-78.39999999999999,1.267222222222222,harrial01-2012
afflaar01,20.183333333333334,-6,201202040POR-DEN,201202040POR-POR,DEN-2012,0,2012,-121.1,1.267222222222222,afflaar01-2012
breweco01,19.666666666666668,5.3,201202040POR-DEN,201202040POR-POR,DEN-2012,0,2012,104.23333333333333,1.267222222222222,breweco01-2012
millean02,13.833333333333334,-3.9,201202040POR-DEN,201202040POR-POR,DEN-2012,0,2012,-53.95,1.267222222222222,millean02-2012
farieke01,4.7,2.5,201202040POR-DEN,201202040POR-POR,DEN-2012,0,2012,11.75,1.267222222222222,farieke01-2012
hamiljo02,3.283333333333333,3.2,201202040POR-DEN,201202040POR-POR,DEN-2012,0,2012,10.506666666666668,1.267222222222222,hamiljo02-2012
stoneju01,3.283333333333333,0.3,201202040POR-DEN,201202040POR-POR,DEN-2012,0,2012,0.9849999999999999,1.267222222222222,stoneju01-2012
scolalu01,35.88333333333333,4.4,201202060DEN-HOU,201202060DEN-DEN,HOU-2012,1,2012,157.88666666666668,51.00651515151515,scolalu01-2012
lowryky01,33.15,8.3,201202060DEN-HOU,201202060DEN-DEN,HOU-2012,1,2012,275.14500000000004,51.00651515151515,lowryky01-2012
leeco01,31.983333333333334,0.6,201202060DEN-HOU,201202060DEN-DEN,HOU-2012,1,2012,19.19,51.00651515151515,leeco01-2012
pattepa01,27.416666666666668,-3.3,201202060DEN-HOU,201202060DEN-DEN,HOU-2012,1,2012,-90.475,51.00651515151515,pattepa01-2012
budinch01,26.95,7.8,201202060DEN-HOU,201202060DEN-DEN,HOU-2012,1,2012,210.20999999999998,51.00651515151515,budinch01-2012
martike02,22.166666666666668,-4.4,201202060DEN-HOU,201202060DEN-DEN,HOU-2012,1,2012,-97.53333333333335,51.00651515151515,martike02-2012
adrieje01,16.633333333333333,1.6,201202060DEN-HOU,201202060DEN-DEN,HOU-2012,1,2012,26.613333333333333,51.00651515151515,adrieje01-2012
parsoch01,16.416666666666668,3,201202060DEN-HOU,201202060DEN-DEN,HOU-2012,1,2012,49.25,51.00651515151515,parsoch01-2012
dragigo01,14.85,1.6,201202060DEN-HOU,201202060DEN-DEN,HOU-2012,1,2012,23.76,51.00651515151515,dragigo01-2012
hilljo01,7.5,-2.2,201202060DEN-HOU,201202060DEN-DEN,HOU-2012,1,2012,-16.5,51.00651515151515,hilljo01-2012
dalemsa01,7.05,0.5,201202060DEN-HOU,201202060DEN-DEN,HOU-2012,1,2012,3.525,51.00651515151515,dalemsa01-2012
nowitdi01,34.93333333333333,6.3,201202080DEN-DAL,201202080DEN-DEN,DAL-2012,1,2012,220.07999999999998,61.98583333333333,nowitdi01-2012
mariosh01,30.983333333333334,6,201202080DEN-DAL,201202080DEN-DEN,DAL-2012,1,2012,185.9,61.98583333333333,mariosh01-2012
westde01,30.733333333333334,-1.3,201202080DEN-DAL,201202080DEN-DEN,DAL-2012,1,2012,-39.95333333333333,61.98583333333333,westde01-2012
cartevi01,28.85,11.7,201202080DEN-DAL,201202080DEN-DEN,DAL-2012,1,2012,337.545,61.98583333333333,cartevi01-2012
terryja01,27.566666666666666,-3.8,201202080DEN-DAL,201202080DEN-DEN,DAL-2012,1,2012,-104.75333333333333,61.98583333333333,terryja01-2012
haywobr01,20.366666666666667,-4,201202080DEN-DAL,201202080DEN-DEN,DAL-2012,1,2012,-81.46666666666667,61.98583333333333,haywobr01-2012
beaubro01,19.5,4.1,201202080DEN-DAL,201202080DEN-DEN,DAL-2012,1,2012,79.94999999999999,61.98583333333333,beaubro01-2012
odomla01,19.433333333333334,0.3,201202080DEN-DAL,201202080DEN-DEN,DAL-2012,1,2012,5.83,61.98583333333333,odomla01-2012
wrighbr03,16.15,2.6,201202080DEN-DAL,201202080DEN-DEN,DAL-2012,1,2012,41.989999999999995,61.98583333333333,wrighbr03-2012
mahinia01,11.483333333333333,-2.2,201202080DEN-DAL,201202080DEN-DEN,DAL-2012,1,2012,-25.263333333333332,61.98583333333333,mahinia01-2012
curryst01,35.916666666666664,17.7,201202090DEN-GSW,201202090DEN-DEN,GSW-2012,1,2012,635.7249999999999,44.58474358974358,curryst01-2012
leeda02,34.75,-0.8,201202090DEN-GSW,201202090DEN-DEN,GSW-2012,1,2012,-27.8,44.58474358974358,leeda02-2012
ellismo01,33.8,-5.9,201202090DEN-GSW,201202090DEN-DEN,GSW-2012,1,2012,-199.42,44.58474358974358,ellismo01-2012
wrighdo01,29.083333333333332,0.5,201202090DEN-GSW,201202090DEN-DEN,GSW-2012,1,2012,14.541666666666666,44.58474358974358,wrighdo01-2012
biedran01,21.966666666666665,1.9,201202090DEN-GSW,201202090DEN-DEN,GSW-2012,1,2012,41.736666666666665,44.58474358974358,biedran01-2012
rushbr01,21.55,-0.2,201202090DEN-GSW,201202090DEN-DEN,GSW-2012,1,2012,-4.3100000000000005,44.58474358974358,rushbr01-2012
udohek01,20.65,1.5,201202090DEN-GSW,201202090DEN-DEN,GSW-2012,1,2012,30.974999999999998,44.58474358974358,udohek01-2012
thompkl01,17.5,5.9,201202090DEN-GSW,201202090DEN-DEN,GSW-2012,1,2012,103.25,44.58474358974358,thompkl01-2012
robinna01,10.65,-0.1,201202090DEN-GSW,201202090DEN-DEN,GSW-2012,1,2012,-1.0650000000000002,44.58474358974358,robinna01-2012
mcguido01,4.35,-2.7,201202090DEN-GSW,201202090DEN-DEN,GSW-2012,1,2012,-11.745,44.58474358974358,mcguido01-2012
jenkich01,3.2666666666666666,-1.3,201202090DEN-GSW,201202090DEN-DEN,GSW-2012,1,2012,-4.246666666666667,44.58474358974358,jenkich01-2012
tylerje01,3.2666666666666666,0,201202090DEN-GSW,201202090DEN-DEN,GSW-2012,1,2012,0,44.58474358974358,tylerje01-2012
wrighch01,3.2666666666666666,0.6,201202090DEN-GSW,201202090DEN-DEN,GSW-2012,1,2012,1.96,44.58474358974358,wrighch01-2012
lawsoty01,35.96666666666667,9.6,201202110IND-DEN,201202110IND-IND,DEN-2012,1,2012,345.28000000000003,56.01592592592593,lawsoty01-2012
harrial01,35.81666666666667,-4.8,201202110IND-DEN,201202110IND-IND,DEN-2012,1,2012,-171.92000000000002,56.01592592592593,harrial01-2012
afflaar01,35.61666666666667,7.4,201202110IND-DEN,201202110IND-IND,DEN-2012,1,2012,263.56333333333333,56.01592592592593,afflaar01-2012
breweco01,34.166666666666664,0.5,201202110IND-DEN,201202110IND-IND,DEN-2012,1,2012,17.083333333333332,56.01592592592593,breweco01-2012
koufoko01,26.1,0,201202110IND-DEN,201202110IND-IND,DEN-2012,1,2012,0,56.01592592592593,koufoko01-2012
hilarne01,21.916666666666668,1,201202110IND-DEN,201202110IND-IND,DEN-2012,1,2012,21.916666666666668,56.01592592592593,hilarne01-2012
millean02,20.683333333333334,0,201202110IND-DEN,201202110IND-IND,DEN-2012,1,2012,0,56.01592592592593,millean02-2012
fernaru01,18.033333333333335,1.5,201202110IND-DEN,201202110IND-IND,DEN-2012,1,2012,27.050000000000004,56.01592592592593,fernaru01-2012
farieke01,11.7,0.1,201202110IND-DEN,201202110IND-IND,DEN-2012,1,2012,1.17,56.01592592592593,farieke01-2012
pricero01,33.11666666666667,-4,201202140DEN-PHO,201202140DEN-DEN,PHO-2012,0,2012,-132.46666666666667,9.283636363636361,pricero01-2012
gortama01,32.36666666666667,-0.2,201202140DEN-PHO,201202140DEN-DEN,PHO-2012,0,2012,-6.473333333333334,9.283636363636361,gortama01-2012
morrima02,28.5,10.2,201202140DEN-PHO,201202140DEN-DEN,PHO-2012,0,2012,290.7,9.283636363636361,morrima02-2012
reddmi01,27.416666666666668,4.3,201202140DEN-PHO,201202140DEN-DEN,PHO-2012,0,2012,117.89166666666667,9.283636363636361,reddmi01-2012
dudleja01,27.25,-5.9,201202140DEN-PHO,201202140DEN-DEN,PHO-2012,0,2012,-160.775,9.283636363636361,dudleja01-2012
brownsh01,22.816666666666666,0.5,201202140DEN-PHO,201202140DEN-DEN,PHO-2012,0,2012,11.408333333333333,9.283636363636361,brownsh01-2012
childjo01,18.516666666666666,0.6,201202140DEN-PHO,201202140DEN-DEN,PHO-2012,0,2012,11.11,9.283636363636361,childjo01-2012
fryech01,17.483333333333334,3.3,201202140DEN-PHO,201202140DEN-DEN,PHO-2012,0,2012,57.695,9.283636363636361,fryech01-2012
telfase01,16.366666666666667,-1.8,201202140DEN-PHO,201202140DEN-DEN,PHO-2012,0,2012,-29.46,9.283636363636361,telfase01-2012
lopezro01,12.6,-3.8,201202140DEN-PHO,201202140DEN-DEN,PHO-2012,0,2012,-47.879999999999995,9.283636363636361,lopezro01-2012
warriha01,3.5666666666666664,-2.7,201202140DEN-PHO,201202140DEN-DEN,PHO-2012,0,2012,-9.63,9.283636363636361,warriha01-2012
breweco01,35.2,1.6,201202150DAL-DEN,201202150DAL-DAL,DEN-2012,0,2012,56.32000000000001,-10.04878787878788,breweco01-2012
lawsoty01,28.3,-8.4,201202150DAL-DEN,201202150DAL-DAL,DEN-2012,0,2012,-237.72000000000003,-10.04878787878788,lawsoty01-2012
koufoko01,26.333333333333332,5.6,201202150DAL-DEN,201202150DAL-DAL,DEN-2012,0,2012,147.46666666666664,-10.04878787878788,koufoko01-2012
harrial01,25.283333333333335,2,201202150DAL-DEN,201202150DAL-DAL,DEN-2012,0,2012,50.56666666666667,-10.04878787878788,harrial01-2012
afflaar01,24.583333333333332,-8.1,201202150DAL-DEN,201202150DAL-DAL,DEN-2012,0,2012,-199.12499999999997,-10.04878787878788,afflaar01-2012
anderch01,21.666666666666668,0.1,201202150DAL-DEN,201202150DAL-DAL,DEN-2012,0,2012,2.166666666666667,-10.04878787878788,anderch01-2012
millean02,21.433333333333334,-7.9,201202150DAL-DEN,201202150DAL-DAL,DEN-2012,0,2012,-169.32333333333335,-10.04878787878788,millean02-2012
farieke01,20.85,4.4,201202150DAL-DEN,201202150DAL-DAL,DEN-2012,0,2012,91.74000000000001,-10.04878787878788,farieke01-2012
fernaru01,20.366666666666667,5.2,201202150DAL-DEN,201202150DAL-DAL,DEN-2012,0,2012,105.90666666666667,-10.04878787878788,fernaru01-2012
hamiljo02,8.933333333333334,3.3,201202150DAL-DEN,201202150DAL-DAL,DEN-2012,0,2012,29.48,-10.04878787878788,hamiljo02-2012
stoneju01,7.05,1.7,201202150DAL-DEN,201202150DAL-DAL,DEN-2012,0,2012,11.985,-10.04878787878788,stoneju01-2012
lawsoty01,37.516666666666666,4.3,201202170MEM-DEN,201202170MEM-MEM,DEN-2012,0,2012,161.32166666666666,56.468333333333334,lawsoty01-2012
breweco01,31.5,12.3,201202170MEM-DEN,201202170MEM-MEM,DEN-2012,0,2012,387.45000000000005,56.468333333333334,breweco01-2012
millean02,29.983333333333334,4.6,201202170MEM-DEN,201202170MEM-MEM,DEN-2012,0,2012,137.92333333333332,56.468333333333334,millean02-2012
harrial01,25.133333333333333,-4.4,201202170MEM-DEN,201202170MEM-MEM,DEN-2012,0,2012,-110.58666666666667,56.468333333333334,harrial01-2012
farieke01,24.833333333333332,3.8,201202170MEM-DEN,201202170MEM-MEM,DEN-2012,0,2012,94.36666666666666,56.468333333333334,farieke01-2012
anderch01,24.283333333333335,0.2,201202170MEM-DEN,201202170MEM-MEM,DEN-2012,0,2012,4.856666666666667,56.468333333333334,anderch01-2012
afflaar01,24.2,-0.8,201202170MEM-DEN,201202170MEM-MEM,DEN-2012,0,2012,-19.36,56.468333333333334,afflaar01-2012
fernaru01,21.1,-2.6,201202170MEM-DEN,201202170MEM-MEM,DEN-2012,0,2012,-54.86000000000001,56.468333333333334,fernaru01-2012
mozgoti01,15.633333333333333,-1.4,201202170MEM-DEN,201202170MEM-MEM,DEN-2012,0,2012,-21.886666666666663,56.468333333333334,mozgoti01-2012
koufoko01,5.816666666666666,-2.5,201202170MEM-DEN,201202170MEM-MEM,DEN-2012,0,2012,-14.541666666666666,56.468333333333334,koufoko01-2012
lawsoty01,45.88333333333333,0,201202190OKC-DEN,201202190OKC-OKC,DEN-2012,0,2012,0,42.00116666666667,lawsoty01-2012
afflaar01,43.06666666666667,5.8,201202190OKC-DEN,201202190OKC-OKC,DEN-2012,0,2012,249.7866666666667,42.00116666666667,afflaar01-2012
millean02,36.1,3.5,201202190OKC-DEN,201202190OKC-OKC,DEN-2012,0,2012,126.35000000000001,42.00116666666667,millean02-2012
harrial01,31.9,-1.8,201202190OKC-DEN,201202190OKC-OKC,DEN-2012,0,2012,-57.42,42.00116666666667,harrial01-2012
breweco01,29.85,-1.8,201202190OKC-DEN,201202190OKC-OKC,DEN-2012,0,2012,-53.730000000000004,42.00116666666667,breweco01-2012
anderch01,29.083333333333332,3.8,201202190OKC-DEN,201202190OKC-OKC,DEN-2012,0,2012,110.51666666666665,42.00116666666667,anderch01-2012
mozgoti01,20.7,-0.4,201202190OKC-DEN,201202190OKC-OKC,DEN-2012,0,2012,-8.28,42.00116666666667,mozgoti01-2012
koufoko01,13.05,4.1,201202190OKC-DEN,201202190OKC-OKC,DEN-2012,0,2012,53.504999999999995,42.00116666666667,koufoko01-2012
farieke01,11.266666666666667,-0.1,201202190OKC-DEN,201202190OKC-OKC,DEN-2012,0,2012,-1.1266666666666667,42.00116666666667,farieke01-2012
hamiljo02,4.1,0.1,201202190OKC-DEN,201202190OKC-OKC,DEN-2012,0,2012,0.41,42.00116666666667,hamiljo02-2012
loveke01,47.7,2.4,201202200DEN-MIN,201202200DEN-DEN,MIN-2012,0,2012,114.48,30.55151515151515,loveke01-2012
rubiori01,40.45,-0.6,201202200DEN-MIN,201202200DEN-DEN,MIN-2012,0,2012,-24.27,30.55151515151515,rubiori01-2012
beaslmi01,33.483333333333334,2.5,201202200DEN-MIN,201202200DEN-DEN,MIN-2012,0,2012,83.70833333333334,30.55151515151515,beaslmi01-2012
webstma02,31.8,-0.9,201202200DEN-MIN,201202200DEN-DEN,MIN-2012,0,2012,-28.62,30.55151515151515,webstma02-2012
ridnolu01,27.95,3.9,201202200DEN-MIN,201202200DEN-DEN,MIN-2012,0,2012,109.005,30.55151515151515,ridnolu01-2012
willide02,22.25,3.9,201202200DEN-MIN,201202200DEN-DEN,MIN-2012,0,2012,86.77499999999999,30.55151515151515,willide02-2012
johnswe01,18.033333333333335,0.9,201202200DEN-MIN,201202200DEN-DEN,MIN-2012,0,2012,16.23,30.55151515151515,johnswe01-2012
pekovni01,15.1,0.9,201202200DEN-MIN,201202200DEN-DEN,MIN-2012,0,2012,13.59,30.55151515151515,pekovni01-2012
bareajo01,13.933333333333334,-1.7,201202200DEN-MIN,201202200DEN-DEN,MIN-2012,0,2012,-23.686666666666667,30.55151515151515,bareajo01-2012
tollian01,8.55,-0.9,201202200DEN-MIN,201202200DEN-DEN,MIN-2012,0,2012,-7.695000000000001,30.55151515151515,tollian01-2012
millebr01,5.75,-0.6,201202200DEN-MIN,201202200DEN-DEN,MIN-2012,0,2012,-3.4499999999999997,30.55151515151515,millebr01-2012
afflaar01,37.71666666666667,8.5,201202220LAC-DEN,201202220LAC-LAC,DEN-2012,0,2012,320.5916666666667,19.827222222222222,afflaar01-2012
breweco01,35.25,-3.3,201202220LAC-DEN,201202220LAC-LAC,DEN-2012,0,2012,-116.32499999999999,19.827222222222222,breweco01-2012
millean02,34.61666666666667,-8.4,201202220LAC-DEN,201202220LAC-LAC,DEN-2012,0,2012,-290.78000000000003,19.827222222222222,millean02-2012
harrial01,28.816666666666666,-1.2,201202220LAC-DEN,201202220LAC-LAC,DEN-2012,0,2012,-34.58,19.827222222222222,harrial01-2012
hamiljo02,23.966666666666665,8.6,201202220LAC-DEN,201202220LAC-LAC,DEN-2012,0,2012,206.11333333333332,19.827222222222222,hamiljo02-2012
mozgoti01,22.85,-2.2,201202220LAC-DEN,201202220LAC-LAC,DEN-2012,0,2012,-50.27000000000001,19.827222222222222,mozgoti01-2012
farieke01,21.733333333333334,5.7,201202220LAC-DEN,201202220LAC-LAC,DEN-2012,0,2012,123.88000000000001,19.827222222222222,farieke01-2012
koufoko01,21.666666666666668,3.2,201202220LAC-DEN,201202220LAC-LAC,DEN-2012,0,2012,69.33333333333334,19.827222222222222,koufoko01-2012
stoneju01,13.383333333333333,-3.7,201202220LAC-DEN,201202220LAC-LAC,DEN-2012,0,2012,-49.51833333333333,19.827222222222222,stoneju01-2012
greenda02,38.28333333333333,2.2,201202230DEN-SAS,201202230DEN-DEN,SAS-2012,1,2012,84.22333333333333,72.95212121212121,greenda02-2012
parketo01,35.45,2.6,201202230DEN-SAS,201202230DEN-DEN,SAS-2012,1,2012,92.17000000000002,72.95212121212121,parketo01-2012
blairde01,35,8.7,201202230DEN-SAS,201202230DEN-DEN,SAS-2012,1,2012,304.5,72.95212121212121,blairde01-2012
jefferi01,34.766666666666666,8,201202230DEN-SAS,201202230DEN-DEN,SAS-2012,1,2012,278.1333333333333,72.95212121212121,jefferi01-2012
duncati01,29.266666666666666,1.8,201202230DEN-SAS,201202230DEN-DEN,SAS-2012,1,2012,52.68,72.95212121212121,duncati01-2012
bonnema01,24.55,4.8,201202230DEN-SAS,201202230DEN-DEN,SAS-2012,1,2012,117.84,72.95212121212121,bonnema01-2012
anderja01,18.583333333333332,-5.1,201202230DEN-SAS,201202230DEN-DEN,SAS-2012,1,2012,-94.77499999999999,72.95212121212121,anderja01-2012
nealga01,16.983333333333334,-2.1,201202230DEN-SAS,201202230DEN-DEN,SAS-2012,1,2012,-35.665000000000006,72.95212121212121,nealga01-2012
josepco01,2.9833333333333334,0.5,201202230DEN-SAS,201202230DEN-DEN,SAS-2012,1,2012,1.4916666666666667,72.95212121212121,josepco01-2012
leonaka01,2.0833333333333335,0.9,201202230DEN-SAS,201202230DEN-DEN,SAS-2012,1,2012,1.8750000000000002,72.95212121212121,leonaka01-2012
dawsoer01,2.05,0,201202230DEN-SAS,201202230DEN-DEN,SAS-2012,1,2012,0,72.95212121212121,dawsoer01-2012
aldrila01,42.083333333333336,-3.6,201202290DEN-POR,201202290DEN-DEN,POR-2012,0,2012,-151.5,18.24848484848485,aldrila01-2012
crawfja01,35.766666666666666,11.8,201202290DEN-POR,201202290DEN-DEN,POR-2012,0,2012,422.0466666666667,18.24848484848485,crawfja01-2012
wallage01,35.266666666666666,-0.8,201202290DEN-POR,201202290DEN-DEN,POR-2012,0,2012,-28.213333333333335,18.24848484848485,wallage01-2012
batumni01,32.55,0.7,201202290DEN-POR,201202290DEN-DEN,POR-2012,0,2012,22.784999999999997,18.24848484848485,batumni01-2012
matthwe02,27.983333333333334,-5.1,201202290DEN-POR,201202290DEN-DEN,POR-2012,0,2012,-142.715,18.24848484848485,matthwe02-2012
feltora01,23.9,-1,201202290DEN-POR,201202290DEN-DEN,POR-2012,0,2012,-23.9,18.24848484848485,feltora01-2012
cambyma01,16.116666666666667,6.1,201202290DEN-POR,201202290DEN-DEN,POR-2012,0,2012,98.31166666666667,18.24848484848485,cambyma01-2012
williel01,11.466666666666667,2.2,201202290DEN-POR,201202290DEN-DEN,POR-2012,0,2012,25.22666666666667,18.24848484848485,williel01-2012
johnsch03,9.533333333333333,-0.8,201202290DEN-POR,201202290DEN-DEN,POR-2012,0,2012,-7.626666666666667,18.24848484848485,johnsch03-2012
smithcr01,4.533333333333333,-3,201202290DEN-POR,201202290DEN-DEN,POR-2012,0,2012,-13.6,18.24848484848485,smithcr01-2012
thomaku01,0.8166666666666667,-0.1,201202290DEN-POR,201202290DEN-DEN,POR-2012,0,2012,-0.08166666666666667,18.24848484848485,thomaku01-2012
lawsoty01,38.516666666666666,11.8,201203020HOU-DEN,201203020HOU-HOU,DEN-2012,1,2012,454.49666666666667,68.06366666666666,lawsoty01-2012
breweco01,31.8,1,201203020HOU-DEN,201203020HOU-HOU,DEN-2012,1,2012,31.8,68.06366666666666,breweco01-2012
millean02,31.316666666666666,-1.3,201203020HOU-DEN,201203020HOU-HOU,DEN-2012,1,2012,-40.711666666666666,68.06366666666666,millean02-2012
afflaar01,31.116666666666667,0.6,201203020HOU-DEN,201203020HOU-HOU,DEN-2012,1,2012,18.669999999999998,68.06366666666666,afflaar01-2012
farieke01,30.383333333333333,6,201203020HOU-DEN,201203020HOU-HOU,DEN-2012,1,2012,182.3,68.06366666666666,farieke01-2012
harrial01,26.516666666666666,-2.7,201203020HOU-DEN,201203020HOU-HOU,DEN-2012,1,2012,-71.595,68.06366666666666,harrial01-2012
koufoko01,21.2,5.3,201203020HOU-DEN,201203020HOU-HOU,DEN-2012,1,2012,112.36,68.06366666666666,koufoko01-2012
mozgoti01,17.9,1,201203020HOU-DEN,201203020HOU-HOU,DEN-2012,1,2012,17.9,68.06366666666666,mozgoti01-2012
hamiljo02,10.416666666666666,-2.4,201203020HOU-DEN,201203020HOU-HOU,DEN-2012,1,2012,-24.999999999999996,68.06366666666666,hamiljo02-2012
stoneju01,0.8333333333333334,0.5,201203020HOU-DEN,201203020HOU-HOU,DEN-2012,1,2012,0.4166666666666667,68.06366666666666,stoneju01-2012
lawsoty01,38.666666666666664,11.8,201203040SAS-DEN,201203040SAS-SAS,DEN-2012,1,2012,456.26666666666665,74.88516666666666,lawsoty01-2012
afflaar01,36.916666666666664,5.5,201203040SAS-DEN,201203040SAS-SAS,DEN-2012,1,2012,203.04166666666666,74.88516666666666,afflaar01-2012
breweco01,32.71666666666667,0.5,201203040SAS-DEN,201203040SAS-SAS,DEN-2012,1,2012,16.358333333333334,74.88516666666666,breweco01-2012
harrial01,32.63333333333333,3.1,201203040SAS-DEN,201203040SAS-SAS,DEN-2012,1,2012,101.16333333333334,74.88516666666666,harrial01-2012
farieke01,29.266666666666666,1.1,201203040SAS-DEN,201203040SAS-SAS,DEN-2012,1,2012,32.193333333333335,74.88516666666666,farieke01-2012
millean02,24.566666666666666,-4.5,201203040SAS-DEN,201203040SAS-SAS,DEN-2012,1,2012,-110.55,74.88516666666666,millean02-2012
anderch01,18.516666666666666,3.1,201203040SAS-DEN,201203040SAS-SAS,DEN-2012,1,2012,57.401666666666664,74.88516666666666,anderch01-2012
mozgoti01,15.4,-0.6,201203040SAS-DEN,201203040SAS-SAS,DEN-2012,1,2012,-9.24,74.88516666666666,mozgoti01-2012
hamiljo02,11.083333333333334,0.2,201203040SAS-DEN,201203040SAS-SAS,DEN-2012,1,2012,2.216666666666667,74.88516666666666,hamiljo02-2012
stoneju01,0.23333333333333334,0,201203040SAS-DEN,201203040SAS-SAS,DEN-2012,1,2012,0,74.88516666666666,stoneju01-2012
evansty01,42.05,0.1,201203050DEN-SAC,201203050DEN-DEN,SAC-2012,0,2012,4.205,30.754848484848488,evansty01-2012
thornma01,35.833333333333336,6.9,201203050DEN-SAC,201203050DEN-DEN,SAC-2012,0,2012,247.25000000000003,30.754848484848488,thornma01-2012
thompja02,31.4,3.1,201203050DEN-SAC,201203050DEN-DEN,SAC-2012,0,2012,97.34,30.754848484848488,thompja02-2012
salmojo01,29.783333333333335,3.2,201203050DEN-SAC,201203050DEN-DEN,SAC-2012,0,2012,95.30666666666667,30.754848484848488,salmojo01-2012
garcifr01,26.033333333333335,-0.1,201203050DEN-SAC,201203050DEN-DEN,SAC-2012,0,2012,-2.6033333333333335,30.754848484848488,garcifr01-2012
thomais02,22.933333333333334,-2.4,201203050DEN-SAC,201203050DEN-DEN,SAC-2012,0,2012,-55.04,30.754848484848488,thomais02-2012
couside01,22.633333333333333,-0.2,201203050DEN-SAC,201203050DEN-DEN,SAC-2012,0,2012,-4.526666666666666,30.754848484848488,couside01-2012
fredeji01,17.45,-0.5,201203050DEN-SAC,201203050DEN-DEN,SAC-2012,0,2012,-8.725,30.754848484848488,fredeji01-2012
hayesch01,15.166666666666666,-1.2,201203050DEN-SAC,201203050DEN-DEN,SAC-2012,0,2012,-18.2,30.754848484848488,hayesch01-2012
whiteha01,14.033333333333333,-1.3,201203050DEN-SAC,201203050DEN-DEN,SAC-2012,0,2012,-18.243333333333332,30.754848484848488,whiteha01-2012
outlatr01,7.7,0.2,201203050DEN-SAC,201203050DEN-DEN,SAC-2012,0,2012,1.54,30.754848484848488,outlatr01-2012
jamisan01,36.916666666666664,7.3,201203070DEN-CLE,201203070DEN-DEN,CLE-2012,1,2012,269.4916666666666,44.26166666666666,jamisan01-2012
irvinky01,32.8,4.4,201203070DEN-CLE,201203070DEN-DEN,CLE-2012,1,2012,144.32,44.26166666666666,irvinky01-2012
geeal01,31.533333333333335,8.4,201203070DEN-CLE,201203070DEN-DEN,CLE-2012,1,2012,264.88000000000005,44.26166666666666,geeal01-2012
parkean01,27.6,-3,201203070DEN-CLE,201203070DEN-DEN,CLE-2012,1,2012,-82.80000000000001,44.26166666666666,parkean01-2012
thomptr01,24.566666666666666,1.7,201203070DEN-CLE,201203070DEN-DEN,CLE-2012,1,2012,41.76333333333333,44.26166666666666,thomptr01-2012
sessira01,21.266666666666666,-1.7,201203070DEN-CLE,201203070DEN-DEN,CLE-2012,1,2012,-36.15333333333333,44.26166666666666,sessira01-2012
gibsoda01,19.35,-2,201203070DEN-CLE,201203070DEN-DEN,CLE-2012,1,2012,-38.7,44.26166666666666,gibsoda01-2012
holliry01,18.416666666666668,-1.9,201203070DEN-CLE,201203070DEN-DEN,CLE-2012,1,2012,-34.99166666666667,44.26166666666666,holliry01-2012
casspom01,16.466666666666665,-0.3,201203070DEN-CLE,201203070DEN-DEN,CLE-2012,1,2012,-4.9399999999999995,44.26166666666666,casspom01-2012
samuesa01,10.6,-3.4,201203070DEN-CLE,201203070DEN-DEN,CLE-2012,1,2012,-36.04,44.26166666666666,samuesa01-2012
harrima01,0.48333333333333334,0.1,201203070DEN-CLE,201203070DEN-DEN,CLE-2012,1,2012,0.04833333333333334,44.26166666666666,harrima01-2012
jackja01,32.05,0.8,201203090DEN-NOH,201203090DEN-DEN,NOH-2012,0,2012,25.64,0.8230000000000008,jackja01-2012
thomala01,30.05,2.4,201203090DEN-NOH,201203090DEN-DEN,NOH-2012,0,2012,72.12,0.8230000000000008,thomala01-2012
belinma01,26.183333333333334,-0.8,201203090DEN-NOH,201203090DEN-DEN,NOH-2012,0,2012,-20.94666666666667,0.8230000000000008,belinma01-2012
henryxa01,24.966666666666665,-4,201203090DEN-NOH,201203090DEN-DEN,NOH-2012,0,2012,-99.86666666666666,0.8230000000000008,henryxa01-2012
footeje01,23.066666666666666,-1.3,201203090DEN-NOH,201203090DEN-DEN,NOH-2012,0,2012,-29.986666666666668,0.8230000000000008,footeje01-2012
vasqugr01,22.85,-1.9,201203090DEN-NOH,201203090DEN-DEN,NOH-2012,0,2012,-43.415,0.8230000000000008,vasqugr01-2012
aminual01,21.816666666666666,1.6,201203090DEN-NOH,201203090DEN-DEN,NOH-2012,0,2012,34.906666666666666,0.8230000000000008,aminual01-2012
kamanch01,21.283333333333335,-0.1,201203090DEN-NOH,201203090DEN-DEN,NOH-2012,0,2012,-2.1283333333333334,0.8230000000000008,kamanch01-2012
arizatr01,19.783333333333335,2,201203090DEN-NOH,201203090DEN-DEN,NOH-2012,0,2012,39.56666666666667,0.8230000000000008,arizatr01-2012
ayongu01,17.966666666666665,1.8,201203090DEN-NOH,201203090DEN-DEN,NOH-2012,0,2012,32.339999999999996,0.8230000000000008,ayongu01-2012
mayooj01,35.483333333333334,9.4,201203110DEN-MEM,201203110DEN-DEN,MEM-2012,1,2012,333.54333333333335,49.102500000000006,mayooj01-2012
conlemi01,32.46666666666667,5.9,201203110DEN-MEM,201203110DEN-DEN,MEM-2012,1,2012,191.55333333333337,49.102500000000006,conlemi01-2012
gayru01,31.933333333333334,-3.5,201203110DEN-MEM,201203110DEN-DEN,MEM-2012,1,2012,-111.76666666666667,49.102500000000006,gayru01-2012
pondequ01,29.4,0.5,201203110DEN-MEM,201203110DEN-DEN,MEM-2012,1,2012,14.7,49.102500000000006,pondequ01-2012
cunnida01,27.933333333333334,6.2,201203110DEN-MEM,201203110DEN-DEN,MEM-2012,1,2012,173.18666666666667,49.102500000000006,cunnida01-2012
gasolma01,27.783333333333335,-2.8,201203110DEN-MEM,201203110DEN-DEN,MEM-2012,1,2012,-77.79333333333334,49.102500000000006,gasolma01-2012
speigma01,23.583333333333332,-2.3,201203110DEN-MEM,201203110DEN-DEN,MEM-2012,1,2012,-54.24166666666666,49.102500000000006,speigma01-2012
allento01,17.766666666666666,-1.1,201203110DEN-MEM,201203110DEN-DEN,MEM-2012,1,2012,-19.543333333333333,49.102500000000006,allento01-2012
haddaha01,12.933333333333334,3.2,201203110DEN-MEM,201203110DEN-DEN,MEM-2012,1,2012,41.38666666666667,49.102500000000006,haddaha01-2012
youngsa01,0.7166666666666667,0,201203110DEN-MEM,201203110DEN-DEN,MEM-2012,1,2012,0,49.102500000000006,youngsa01-2012
teaguje01,46.45,-3.9,201203130DEN-ATL,201203130DEN-DEN,ATL-2012,0,2012,-181.155,67.06055555555555,teaguje01-2012
pachuza01,45.3,-3.8,201203130DEN-ATL,201203130DEN-DEN,ATL-2012,0,2012,-172.14,67.06055555555555,pachuza01-2012
johnsjo02,41.06666666666667,3.2,201203130DEN-ATL,201203130DEN-DEN,ATL-2012,0,2012,131.41333333333336,67.06055555555555,johnsjo02-2012
hinriki01,40.833333333333336,9,201203130DEN-ATL,201203130DEN-DEN,ATL-2012,0,2012,367.5,67.06055555555555,hinriki01-2012
smithjo03,36.36666666666667,13.2,201203130DEN-ATL,201203130DEN-DEN,ATL-2012,0,2012,480.03999999999996,67.06055555555555,smithjo03-2012
willima02,23.383333333333333,2.7,201203130DEN-ATL,201203130DEN-DEN,ATL-2012,0,2012,63.135000000000005,67.06055555555555,willima02-2012
pargoja01,17.183333333333334,-1.3,201203130DEN-ATL,201203130DEN-DEN,ATL-2012,0,2012,-22.338333333333335,67.06055555555555,pargoja01-2012
radmavl01,10.85,-5.7,201203130DEN-ATL,201203130DEN-DEN,ATL-2012,0,2012,-61.845,67.06055555555555,radmavl01-2012
dampier01,3.55,-0.3,201203130DEN-ATL,201203130DEN-DEN,ATL-2012,0,2012,-1.065,67.06055555555555,dampier01-2012
duranke01,35,6.5,201203150DEN-OKC,201203150DEN-DEN,OKC-2012,1,2012,227.5,49.607948717948716,duranke01-2012
westbru01,34.61666666666667,0.1,201203150DEN-OKC,201203150DEN-DEN,OKC-2012,1,2012,3.461666666666667,49.607948717948716,westbru01-2012
hardeja01,34.083333333333336,5.4,201203150DEN-OKC,201203150DEN-DEN,OKC-2012,1,2012,184.05,49.607948717948716,hardeja01-2012
collini01,25.466666666666665,0,201203150DEN-OKC,201203150DEN-DEN,OKC-2012,1,2012,0,49.607948717948716,collini01-2012
ibakase01,22.233333333333334,-2.5,201203150DEN-OKC,201203150DEN-DEN,OKC-2012,1,2012,-55.583333333333336,49.607948717948716,ibakase01-2012
jacksre01,21.433333333333334,5.9,201203150DEN-OKC,201203150DEN-DEN,OKC-2012,1,2012,126.45666666666668,49.607948717948716,jacksre01-2012
perkike01,21.05,1.9,201203150DEN-OKC,201203150DEN-DEN,OKC-2012,1,2012,39.995,49.607948717948716,perkike01-2012
cookda02,16.116666666666667,5.6,201203150DEN-OKC,201203150DEN-DEN,OKC-2012,1,2012,90.25333333333333,49.607948717948716,cookda02-2012
mohamna01,14.833333333333334,2.3,201203150DEN-OKC,201203150DEN-DEN,OKC-2012,1,2012,34.11666666666667,49.607948717948716,mohamna01-2012
sefolth01,12.45,-0.4,201203150DEN-OKC,201203150DEN-DEN,OKC-2012,1,2012,-4.98,49.607948717948716,sefolth01-2012
aldrico01,0.9166666666666666,0,201203150DEN-OKC,201203150DEN-DEN,OKC-2012,1,2012,0,49.607948717948716,aldrico01-2012
iveyro01,0.9166666666666666,-0.4,201203150DEN-OKC,201203150DEN-DEN,OKC-2012,1,2012,-0.3666666666666667,49.607948717948716,iveyro01-2012
haywala01,0.8833333333333333,0,201203150DEN-OKC,201203150DEN-DEN,OKC-2012,1,2012,0,49.607948717948716,haywala01-2012
rondora01,43.88333333333333,3.7,201203170DEN-BOS,201203170DEN-DEN,BOS-2012,0,2012,162.36833333333334,41.022833333333324,rondora01-2012
allenra02,41.81666666666667,-2.6,201203170DEN-BOS,201203170DEN-DEN,BOS-2012,0,2012,-108.72333333333334,41.022833333333324,allenra02-2012
garneke01,32.86666666666667,10.7,201203170DEN-BOS,201203170DEN-DEN,BOS-2012,0,2012,351.6733333333333,41.022833333333324,garneke01-2012
piercpa01,31.033333333333335,5.8,201203170DEN-BOS,201203170DEN-DEN,BOS-2012,0,2012,179.99333333333334,41.022833333333324,piercpa01-2012
bassbr01,27.533333333333335,-6.4,201203170DEN-BOS,201203170DEN-DEN,BOS-2012,0,2012,-176.21333333333337,41.022833333333324,bassbr01-2012
daniema01,19.966666666666665,0.2,201203170DEN-BOS,201203170DEN-DEN,BOS-2012,0,2012,3.993333333333333,41.022833333333324,daniema01-2012
bradlav01,14.566666666666666,1.4,201203170DEN-BOS,201203170DEN-DEN,BOS-2012,0,2012,20.39333333333333,41.022833333333324,bradlav01-2012
pietrmi01,13.416666666666666,-1.5,201203170DEN-BOS,201203170DEN-DEN,BOS-2012,0,2012,-20.125,41.022833333333324,pietrmi01-2012
stiemgr01,9.033333333333333,0.5,201203170DEN-BOS,201203170DEN-DEN,BOS-2012,0,2012,4.516666666666667,41.022833333333324,stiemgr01-2012
doolike01,5.883333333333333,-1.3,201203170DEN-BOS,201203170DEN-DEN,BOS-2012,0,2012,-7.6483333333333325,41.022833333333324,doolike01-2012
beaubro01,36.016666666666666,-1.5,201203190DEN-DAL,201203190DEN-DEN,DAL-2012,1,2012,-54.025,60.472500000000004,beaubro01-2012
cartevi01,33.06666666666667,6.4,201203190DEN-DAL,201203190DEN-DEN,DAL-2012,1,2012,211.6266666666667,60.472500000000004,cartevi01-2012
terryja01,32.61666666666667,-3.3,201203190DEN-DAL,201203190DEN-DEN,DAL-2012,1,2012,-107.63499999999999,60.472500000000004,terryja01-2012
nowitdi01,31.35,11.5,201203190DEN-DAL,201203190DEN-DEN,DAL-2012,1,2012,360.52500000000003,60.472500000000004,nowitdi01-2012
wrighbr03,27.083333333333332,3.6,201203190DEN-DAL,201203190DEN-DEN,DAL-2012,1,2012,97.5,60.472500000000004,wrighbr03-2012
odomla01,25.833333333333332,-2.9,201203190DEN-DAL,201203190DEN-DEN,DAL-2012,1,2012,-74.91666666666666,60.472500000000004,odomla01-2012
kiddja01,24.716666666666665,10.2,201203190DEN-DAL,201203190DEN-DEN,DAL-2012,1,2012,252.10999999999996,60.472500000000004,kiddja01-2012
mahinia01,18.266666666666666,2.7,201203190DEN-DAL,201203190DEN-DEN,DAL-2012,1,2012,49.32,60.472500000000004,mahinia01-2012
cardibr01,3.533333333333333,-0.2,201203190DEN-DAL,201203190DEN-DEN,DAL-2012,1,2012,-0.7066666666666667,60.472500000000004,cardibr01-2012
jianlyi01,2.65,-1.6,201203190DEN-DAL,201203190DEN-DEN,DAL-2012,1,2012,-4.24,60.472500000000004,jianlyi01-2012
jonesdo02,2.65,-1.3,201203190DEN-DAL,201203190DEN-DEN,DAL-2012,1,2012,-3.445,60.472500000000004,jonesdo02-2012
willise01,2.216666666666667,-0.2,201203190DEN-DAL,201203190DEN-DEN,DAL-2012,1,2012,-0.44333333333333336,60.472500000000004,willise01-2012
gordobe01,41.333333333333336,15.5,201203210DEN-DET,201203210DEN-DEN,DET-2012,0,2012,640.6666666666667,45.96833333333334,gordobe01-2012
knighbr03,32.733333333333334,-0.2,201203210DEN-DET,201203210DEN-DEN,DET-2012,0,2012,-6.546666666666667,45.96833333333334,knighbr03-2012
monrogr01,29.066666666666666,1.8,201203210DEN-DET,201203210DEN-DEN,DET-2012,0,2012,52.32,45.96833333333334,monrogr01-2012
princta01,28.666666666666668,-4.9,201203210DEN-DET,201203210DEN-DEN,DET-2012,0,2012,-140.46666666666667,45.96833333333334,princta01-2012
jerebjo01,26.433333333333334,0.3,201203210DEN-DET,201203210DEN-DEN,DET-2012,0,2012,7.93,45.96833333333334,jerebjo01-2012
bynumwi01,21.933333333333334,-1.2,201203210DEN-DET,201203210DEN-DEN,DET-2012,0,2012,-26.32,45.96833333333334,bynumwi01-2012
maxieja01,21.566666666666666,-3.4,201203210DEN-DET,201203210DEN-DEN,DET-2012,0,2012,-73.32666666666667,45.96833333333334,maxieja01-2012
wilkida02,19.416666666666668,-1.7,201203210DEN-DET,201203210DEN-DEN,DET-2012,0,2012,-33.00833333333333,45.96833333333334,wilkida02-2012
wallabe01,18.833333333333332,-0.4,201203210DEN-DET,201203210DEN-DEN,DET-2012,0,2012,-7.533333333333333,45.96833333333334,wallabe01-2012
lawsoty01,30.65,-9.1,201203230UTA-DEN,201203230UTA-UTA,DEN-2012,0,2012,-278.91499999999996,-2.942575757575757,lawsoty01-2012
mcgeeja01,28.233333333333334,1.6,201203230UTA-DEN,201203230UTA-UTA,DEN-2012,0,2012,45.17333333333334,-2.942575757575757,mcgeeja01-2012
harrial01,27.883333333333333,3.9,201203230UTA-DEN,201203230UTA-UTA,DEN-2012,0,2012,108.74499999999999,-2.942575757575757,harrial01-2012
millean02,27.383333333333333,1.9,201203230UTA-DEN,201203230UTA-UTA,DEN-2012,0,2012,52.02833333333333,-2.942575757575757,millean02-2012
chandwi01,26.683333333333334,-1.6,201203230UTA-DEN,201203230UTA-UTA,DEN-2012,0,2012,-42.693333333333335,-2.942575757575757,chandwi01-2012
breweco01,22.4,1.5,201203230UTA-DEN,201203230UTA-UTA,DEN-2012,0,2012,33.599999999999994,-2.942575757575757,breweco01-2012
afflaar01,22.3,-0.3,201203230UTA-DEN,201203230UTA-UTA,DEN-2012,0,2012,-6.69,-2.942575757575757,afflaar01-2012
farieke01,22.083333333333332,5.3,201203230UTA-DEN,201203230UTA-UTA,DEN-2012,0,2012,117.04166666666666,-2.942575757575757,farieke01-2012
mozgoti01,17.566666666666666,-3.2,201203230UTA-DEN,201203230UTA-UTA,DEN-2012,0,2012,-56.21333333333334,-2.942575757575757,mozgoti01-2012
hamiljo02,12.416666666666666,-0.3,201203230UTA-DEN,201203230UTA-UTA,DEN-2012,0,2012,-3.7249999999999996,-2.942575757575757,hamiljo02-2012
stoneju01,2.4,-0.3,201203230UTA-DEN,201203230UTA-UTA,DEN-2012,0,2012,-0.72,-2.942575757575757,stoneju01-2012
lawsoty01,37.43333333333333,-1.7,201203250MIN-DEN,201203250MIN-MIN,DEN-2012,0,2012,-63.636666666666656,-6.564242424242421,lawsoty01-2012
breweco01,33.4,-2.4,201203250MIN-DEN,201203250MIN-MIN,DEN-2012,0,2012,-80.16,-6.564242424242421,breweco01-2012
chandwi01,32.9,2.7,201203250MIN-DEN,201203250MIN-MIN,DEN-2012,0,2012,88.83,-6.564242424242421,chandwi01-2012
farieke01,30.25,-1.6,201203250MIN-DEN,201203250MIN-MIN,DEN-2012,0,2012,-48.400000000000006,-6.564242424242421,farieke01-2012
mcgeeja01,25.166666666666668,4.4,201203250MIN-DEN,201203250MIN-MIN,DEN-2012,0,2012,110.73333333333335,-6.564242424242421,mcgeeja01-2012
millean02,25.016666666666666,1.5,201203250MIN-DEN,201203250MIN-MIN,DEN-2012,0,2012,37.525,-6.564242424242421,millean02-2012
harrial01,24.6,-2.8,201203250MIN-DEN,201203250MIN-MIN,DEN-2012,0,2012,-68.88,-6.564242424242421,harrial01-2012
hamiljo02,16.7,-3.3,201203250MIN-DEN,201203250MIN-MIN,DEN-2012,0,2012,-55.10999999999999,-6.564242424242421,hamiljo02-2012
mozgoti01,5.75,0,201203250MIN-DEN,201203250MIN-MIN,DEN-2012,0,2012,0,-6.564242424242421,mozgoti01-2012
anderch01,5.083333333333333,-0.1,201203250MIN-DEN,201203250MIN-MIN,DEN-2012,0,2012,-0.5083333333333333,-6.564242424242421,anderch01-2012
stoneju01,3.7,2,201203250MIN-DEN,201203250MIN-MIN,DEN-2012,0,2012,7.4,-6.564242424242421,stoneju01-2012
afflaar01,37.93333333333333,5.8,201203260CHI-DEN,201203260CHI-CHI,DEN-2012,1,2012,220.01333333333332,86.42796296296297,afflaar01-2012
lawsoty01,36.9,8.5,201203260CHI-DEN,201203260CHI-CHI,DEN-2012,1,2012,313.65,86.42796296296297,lawsoty01-2012
chandwi01,35.36666666666667,-0.4,201203260CHI-DEN,201203260CHI-CHI,DEN-2012,1,2012,-14.146666666666668,86.42796296296297,chandwi01-2012
harrial01,29.483333333333334,-0.9,201203260CHI-DEN,201203260CHI-CHI,DEN-2012,1,2012,-26.535,86.42796296296297,harrial01-2012
millean02,28.883333333333333,8.3,201203260CHI-DEN,201203260CHI-CHI,DEN-2012,1,2012,239.73166666666668,86.42796296296297,millean02-2012
mcgeeja01,23.8,-1.1,201203260CHI-DEN,201203260CHI-CHI,DEN-2012,1,2012,-26.180000000000003,86.42796296296297,mcgeeja01-2012
mozgoti01,19.483333333333334,0.6,201203260CHI-DEN,201203260CHI-CHI,DEN-2012,1,2012,11.69,86.42796296296297,mozgoti01-2012
farieke01,18.516666666666666,2.7,201203260CHI-DEN,201203260CHI-CHI,DEN-2012,1,2012,49.995,86.42796296296297,farieke01-2012
breweco01,9.633333333333333,1,201203260CHI-DEN,201203260CHI-CHI,DEN-2012,1,2012,9.633333333333333,86.42796296296297,breweco01-2012
lawsoty01,38.93333333333333,12.8,201203280TOR-DEN,201203280TOR-TOR,DEN-2012,0,2012,498.34666666666664,24.87981481481481,lawsoty01-2012
afflaar01,36.916666666666664,-5.2,201203280TOR-DEN,201203280TOR-TOR,DEN-2012,0,2012,-191.96666666666667,24.87981481481481,afflaar01-2012
chandwi01,32.85,-2.7,201203280TOR-DEN,201203280TOR-TOR,DEN-2012,0,2012,-88.69500000000001,24.87981481481481,chandwi01-2012
harrial01,31,-0.5,201203280TOR-DEN,201203280TOR-TOR,DEN-2012,0,2012,-15.5,24.87981481481481,harrial01-2012
millean02,26.7,-0.8,201203280TOR-DEN,201203280TOR-TOR,DEN-2012,0,2012,-21.36,24.87981481481481,millean02-2012
farieke01,23.266666666666666,1.8,201203280TOR-DEN,201203280TOR-TOR,DEN-2012,0,2012,41.88,24.87981481481481,farieke01-2012
mcgeeja01,23.2,3.9,201203280TOR-DEN,201203280TOR-TOR,DEN-2012,0,2012,90.47999999999999,24.87981481481481,mcgeeja01-2012
breweco01,15.15,-1.7,201203280TOR-DEN,201203280TOR-TOR,DEN-2012,0,2012,-25.755,24.87981481481481,breweco01-2012
mozgoti01,11.983333333333333,-5.3,201203280TOR-DEN,201203280TOR-TOR,DEN-2012,0,2012,-63.51166666666666,24.87981481481481,mozgoti01-2012
afflaar01,39.56666666666667,6.2,201203300CHA-DEN,201203300CHA-CHA,DEN-2012,1,2012,245.31333333333336,41.473703703703706,afflaar01-2012
lawsoty01,34.13333333333333,0.7,201203300CHA-DEN,201203300CHA-CHA,DEN-2012,1,2012,23.89333333333333,41.473703703703706,lawsoty01-2012
harrial01,31.9,-2.7,201203300CHA-DEN,201203300CHA-CHA,DEN-2012,1,2012,-86.13,41.473703703703706,harrial01-2012
farieke01,26.85,4.5,201203300CHA-DEN,201203300CHA-CHA,DEN-2012,1,2012,120.825,41.473703703703706,farieke01-2012
breweco01,26.25,6.1,201203300CHA-DEN,201203300CHA-CHA,DEN-2012,1,2012,160.125,41.473703703703706,breweco01-2012
millean02,25.166666666666668,1.2,201203300CHA-DEN,201203300CHA-CHA,DEN-2012,1,2012,30.2,41.473703703703706,millean02-2012
mcgeeja01,21.966666666666665,-2.6,201203300CHA-DEN,201203300CHA-CHA,DEN-2012,1,2012,-57.11333333333333,41.473703703703706,mcgeeja01-2012
chandwi01,18.883333333333333,-5,201203300CHA-DEN,201203300CHA-CHA,DEN-2012,1,2012,-94.41666666666666,41.473703703703706,chandwi01-2012
koufoko01,15.283333333333333,2,201203300CHA-DEN,201203300CHA-CHA,DEN-2012,1,2012,30.566666666666666,41.473703703703706,koufoko01-2012
afflaar01,40.43333333333333,4.7,201204010ORL-DEN,201204010ORL-ORL,DEN-2012,1,2012,190.03666666666666,71.18574074074074,afflaar01-2012
lawsoty01,37.333333333333336,10.3,201204010ORL-DEN,201204010ORL-ORL,DEN-2012,1,2012,384.53333333333336,71.18574074074074,lawsoty01-2012
harrial01,32.083333333333336,1.6,201204010ORL-DEN,201204010ORL-ORL,DEN-2012,1,2012,51.33333333333334,71.18574074074074,harrial01-2012
breweco01,31.95,1.1,201204010ORL-DEN,201204010ORL-ORL,DEN-2012,1,2012,35.145,71.18574074074074,breweco01-2012
millean02,28.216666666666665,2.5,201204010ORL-DEN,201204010ORL-ORL,DEN-2012,1,2012,70.54166666666666,71.18574074074074,millean02-2012
farieke01,26.966666666666665,-1.3,201204010ORL-DEN,201204010ORL-ORL,DEN-2012,1,2012,-35.056666666666665,71.18574074074074,farieke01-2012
koufoko01,24.65,0.9,201204010ORL-DEN,201204010ORL-ORL,DEN-2012,1,2012,22.185,71.18574074074074,koufoko01-2012
mcgeeja01,11.133333333333333,-7.4,201204010ORL-DEN,201204010ORL-ORL,DEN-2012,1,2012,-82.38666666666667,71.18574074074074,mcgeeja01-2012
hamiljo02,7.233333333333333,0.6,201204010ORL-DEN,201204010ORL-ORL,DEN-2012,1,2012,4.34,71.18574074074074,hamiljo02-2012
lawsoty01,42.266666666666666,7.3,201204040NOH-DEN,201204040NOH-NOH,DEN-2012,0,2012,308.5466666666666,38.80555555555555,lawsoty01-2012
afflaar01,40.18333333333333,2,201204040NOH-DEN,201204040NOH-NOH,DEN-2012,0,2012,80.36666666666666,38.80555555555555,afflaar01-2012
harrial01,33.15,-1.2,201204040NOH-DEN,201204040NOH-NOH,DEN-2012,0,2012,-39.779999999999994,38.80555555555555,harrial01-2012
farieke01,26.733333333333334,2.6,201204040NOH-DEN,201204040NOH-NOH,DEN-2012,0,2012,69.50666666666667,38.80555555555555,farieke01-2012
breweco01,24.883333333333333,-9.3,201204040NOH-DEN,201204040NOH-NOH,DEN-2012,0,2012,-231.41500000000002,38.80555555555555,breweco01-2012
koufoko01,21.55,1.7,201204040NOH-DEN,201204040NOH-NOH,DEN-2012,0,2012,36.635,38.80555555555555,koufoko01-2012
millean02,20.533333333333335,3,201204040NOH-DEN,201204040NOH-NOH,DEN-2012,0,2012,61.60000000000001,38.80555555555555,millean02-2012
hamiljo02,16.2,3.4,201204040NOH-DEN,201204040NOH-NOH,DEN-2012,0,2012,55.08,38.80555555555555,hamiljo02-2012
mcgeeja01,14.516666666666667,0.6,201204040NOH-DEN,201204040NOH-NOH,DEN-2012,0,2012,8.71,38.80555555555555,mcgeeja01-2012
nashst01,34.85,6.1,201204060DEN-PHO,201204060DEN-DEN,PHO-2012,0,2012,212.585,32.263333333333335,nashst01-2012
brownsh01,34.583333333333336,-0.6,201204060DEN-PHO,201204060DEN-DEN,PHO-2012,0,2012,-20.75,32.263333333333335,brownsh01-2012
gortama01,34.25,0.4,201204060DEN-PHO,201204060DEN-DEN,PHO-2012,0,2012,13.700000000000001,32.263333333333335,gortama01-2012
fryech01,31.2,3.5,201204060DEN-PHO,201204060DEN-DEN,PHO-2012,0,2012,109.2,32.263333333333335,fryech01-2012
dudleja01,30.533333333333335,0.7,201204060DEN-PHO,201204060DEN-DEN,PHO-2012,0,2012,21.373333333333335,32.263333333333335,dudleja01-2012
morrima02,16.8,-2,201204060DEN-PHO,201204060DEN-DEN,PHO-2012,0,2012,-33.6,32.263333333333335,morrima02-2012
reddmi01,15.7,2,201204060DEN-PHO,201204060DEN-DEN,PHO-2012,0,2012,31.4,32.263333333333335,reddmi01-2012
childjo01,15.183333333333334,0.6,201204060DEN-PHO,201204060DEN-DEN,PHO-2012,0,2012,9.11,32.263333333333335,childjo01-2012
lopezro01,13.75,-1.1,201204060DEN-PHO,201204060DEN-DEN,PHO-2012,0,2012,-15.125000000000002,32.263333333333335,lopezro01-2012
telfase01,13.15,-0.4,201204060DEN-PHO,201204060DEN-DEN,PHO-2012,0,2012,-5.260000000000001,32.263333333333335,telfase01-2012
afflaar01,39.53333333333333,1.5,201204070GSW-DEN,201204070GSW-GSW,DEN-2012,0,2012,59.3,9.841499999999996,afflaar01-2012
lawsoty01,34.11666666666667,3.8,201204070GSW-DEN,201204070GSW-GSW,DEN-2012,0,2012,129.64333333333332,9.841499999999996,lawsoty01-2012
breweco01,29.266666666666666,-2.2,201204070GSW-DEN,201204070GSW-GSW,DEN-2012,0,2012,-64.38666666666667,9.841499999999996,breweco01-2012
harrial01,28.283333333333335,2.1,201204070GSW-DEN,201204070GSW-GSW,DEN-2012,0,2012,59.395,9.841499999999996,harrial01-2012
millean02,25.733333333333334,-1.3,201204070GSW-DEN,201204070GSW-GSW,DEN-2012,0,2012,-33.45333333333333,9.841499999999996,millean02-2012
mcgeeja01,22.966666666666665,4,201204070GSW-DEN,201204070GSW-GSW,DEN-2012,0,2012,91.86666666666666,9.841499999999996,mcgeeja01-2012
farieke01,20.75,-3.7,201204070GSW-DEN,201204070GSW-GSW,DEN-2012,0,2012,-76.775,9.841499999999996,farieke01-2012
hamiljo02,18.233333333333334,-7.7,201204070GSW-DEN,201204070GSW-GSW,DEN-2012,0,2012,-140.39666666666668,9.841499999999996,hamiljo02-2012
koufoko01,17.6,4.5,201204070GSW-DEN,201204070GSW-GSW,DEN-2012,0,2012,79.2,9.841499999999996,koufoko01-2012
stoneju01,3.5166666666666666,-1.7,201204070GSW-DEN,201204070GSW-GSW,DEN-2012,0,2012,-5.9783333333333335,9.841499999999996,stoneju01-2012
jenkich01,29.216666666666665,-0.5,201204090DEN-GSW,201204090DEN-DEN,GSW-2012,0,2012,-14.608333333333333,-29.71652777777778,jenkich01-2012
thompkl01,28.5,-1.3,201204090DEN-GSW,201204090DEN-DEN,GSW-2012,0,2012,-37.050000000000004,-29.71652777777778,thompkl01-2012
rushbr01,23.833333333333332,-1.7,201204090DEN-GSW,201204090DEN-DEN,GSW-2012,0,2012,-40.516666666666666,-29.71652777777778,rushbr01-2012
leeda02,23.55,-6,201204090DEN-GSW,201204090DEN-DEN,GSW-2012,0,2012,-141.3,-29.71652777777778,leeda02-2012
tylerje01,21.416666666666668,-4.7,201204090DEN-GSW,201204090DEN-DEN,GSW-2012,0,2012,-100.65833333333335,-29.71652777777778,tylerje01-2012
wrighdo01,19.783333333333335,-2.9,201204090DEN-GSW,201204090DEN-DEN,GSW-2012,0,2012,-57.37166666666667,-29.71652777777778,wrighdo01-2012
jefferi01,19.75,-2.9,201204090DEN-GSW,201204090DEN-DEN,GSW-2012,0,2012,-57.275,-29.71652777777778,jefferi01-2012
robinna01,18.783333333333335,5.1,201204090DEN-GSW,201204090DEN-DEN,GSW-2012,0,2012,95.795,-29.71652777777778,robinna01-2012
mcguido01,17.766666666666666,1.7,201204090DEN-GSW,201204090DEN-DEN,GSW-2012,0,2012,30.20333333333333,-29.71652777777778,mcguido01-2012
biedran01,16.516666666666666,-1.2,201204090DEN-GSW,201204090DEN-DEN,GSW-2012,0,2012,-19.819999999999997,-29.71652777777778,biedran01-2012
gladnmi01,12.7,-0.2,201204090DEN-GSW,201204090DEN-DEN,GSW-2012,0,2012,-2.54,-29.71652777777778,gladnmi01-2012
wrighch01,8.183333333333334,-1.4,201204090DEN-GSW,201204090DEN-DEN,GSW-2012,0,2012,-11.456666666666667,-29.71652777777778,wrighch01-2012
willide02,37.93333333333333,-1.1,201204110DEN-MIN,201204110DEN-DEN,MIN-2012,0,2012,-41.72666666666667,36.21483333333333,willide02-2012
bareajo01,36.266666666666666,-0.2,201204110DEN-MIN,201204110DEN-DEN,MIN-2012,0,2012,-7.253333333333334,36.21483333333333,bareajo01-2012
webstma02,32.06666666666667,4.3,201204110DEN-MIN,201204110DEN-DEN,MIN-2012,0,2012,137.88666666666668,36.21483333333333,webstma02-2012
randoan01,31.266666666666666,6.2,201204110DEN-MIN,201204110DEN-DEN,MIN-2012,0,2012,193.85333333333332,36.21483333333333,randoan01-2012
johnswe01,29.833333333333332,4.2,201204110DEN-MIN,201204110DEN-DEN,MIN-2012,0,2012,125.3,36.21483333333333,johnswe01-2012
tollian01,21.883333333333333,-0.8,201204110DEN-MIN,201204110DEN-DEN,MIN-2012,0,2012,-17.506666666666668,36.21483333333333,tollian01-2012
pekovni01,18.6,3.1,201204110DEN-MIN,201204110DEN-DEN,MIN-2012,0,2012,57.660000000000004,36.21483333333333,pekovni01-2012
leema01,14.183333333333334,-0.4,201204110DEN-MIN,201204110DEN-DEN,MIN-2012,0,2012,-5.673333333333334,36.21483333333333,leema01-2012
beaslmi01,9.933333333333334,-4.3,201204110DEN-MIN,201204110DEN-DEN,MIN-2012,0,2012,-42.71333333333333,36.21483333333333,beaslmi01-2012
loveke01,8.016666666666667,-4.7,201204110DEN-MIN,201204110DEN-DEN,MIN-2012,0,2012,-37.67833333333334,36.21483333333333,loveke01-2012
afflaar01,38.53333333333333,0.5,201204130LAL-DEN,201204130LAL-LAL,DEN-2012,0,2012,19.266666666666666,20.163833333333333,afflaar01-2012
millean02,32.483333333333334,1.6,201204130LAL-DEN,201204130LAL-LAL,DEN-2012,0,2012,51.973333333333336,20.163833333333333,millean02-2012
lawsoty01,29.4,-1.2,201204130LAL-DEN,201204130LAL-LAL,DEN-2012,0,2012,-35.279999999999994,20.163833333333333,lawsoty01-2012
mcgeeja01,27.7,3,201204130LAL-DEN,201204130LAL-LAL,DEN-2012,0,2012,83.1,20.163833333333333,mcgeeja01-2012
gallida01,27.4,-6.7,201204130LAL-DEN,201204130LAL-LAL,DEN-2012,0,2012,-183.57999999999998,20.163833333333333,gallida01-2012
harrial01,27.016666666666666,6.9,201204130LAL-DEN,201204130LAL-LAL,DEN-2012,0,2012,186.415,20.163833333333333,harrial01-2012
breweco01,19.033333333333335,1.1,201204130LAL-DEN,201204130LAL-LAL,DEN-2012,0,2012,20.93666666666667,20.163833333333333,breweco01-2012
farieke01,18.583333333333332,2,201204130LAL-DEN,201204130LAL-LAL,DEN-2012,0,2012,37.166666666666664,20.163833333333333,farieke01-2012
mozgoti01,12.15,1.4,201204130LAL-DEN,201204130LAL-LAL,DEN-2012,0,2012,17.009999999999998,20.163833333333333,mozgoti01-2012
koufoko01,7.716666666666667,0.6,201204130LAL-DEN,201204130LAL-LAL,DEN-2012,0,2012,4.63,20.163833333333333,koufoko01-2012
budinch01,34.86666666666667,6.7,201204150DEN-HOU,201204150DEN-DEN,HOU-2012,0,2012,233.60666666666668,15.108030303030304,budinch01-2012
leeco01,34.36666666666667,3.6,201204150DEN-HOU,201204150DEN-DEN,HOU-2012,0,2012,123.72,15.108030303030304,leeco01-2012
parsoch01,32.55,-2.5,201204150DEN-HOU,201204150DEN-DEN,HOU-2012,0,2012,-81.375,15.108030303030304,parsoch01-2012
pattepa01,29.8,-7.4,201204150DEN-HOU,201204150DEN-DEN,HOU-2012,0,2012,-220.52,15.108030303030304,pattepa01-2012
dragigo01,28.133333333333333,1.2,201204150DEN-HOU,201204150DEN-DEN,HOU-2012,0,2012,33.76,15.108030303030304,dragigo01-2012
scolalu01,27.883333333333333,4.8,201204150DEN-HOU,201204150DEN-DEN,HOU-2012,0,2012,133.84,15.108030303030304,scolalu01-2012
dalemsa01,18.633333333333333,-2,201204150DEN-HOU,201204150DEN-DEN,HOU-2012,0,2012,-37.266666666666666,15.108030303030304,dalemsa01-2012
lowryky01,13.65,-1.6,201204150DEN-HOU,201204150DEN-DEN,HOU-2012,0,2012,-21.840000000000003,15.108030303030304,lowryky01-2012
cambyma01,7.683333333333334,-1,201204150DEN-HOU,201204150DEN-DEN,HOU-2012,0,2012,-7.683333333333334,15.108030303030304,cambyma01-2012
boykiea01,6.216666666666667,1.1,201204150DEN-HOU,201204150DEN-DEN,HOU-2012,0,2012,6.838333333333334,15.108030303030304,boykiea01-2012
morrima03,6.216666666666667,0.5,201204150DEN-HOU,201204150DEN-DEN,HOU-2012,0,2012,3.1083333333333334,15.108030303030304,morrima03-2012
afflaar01,42.31666666666667,7.2,201204160HOU-DEN,201204160HOU-HOU,DEN-2012,1,2012,304.68,57.421166666666664,afflaar01-2012
lawsoty01,35.63333333333333,7,201204160HOU-DEN,201204160HOU-HOU,DEN-2012,1,2012,249.43333333333334,57.421166666666664,lawsoty01-2012
gallida01,34.35,-2.2,201204160HOU-DEN,201204160HOU-HOU,DEN-2012,1,2012,-75.57000000000001,57.421166666666664,gallida01-2012
harrial01,27.7,3.9,201204160HOU-DEN,201204160HOU-HOU,DEN-2012,1,2012,108.03,57.421166666666664,harrial01-2012
millean02,25.65,-0.9,201204160HOU-DEN,201204160HOU-HOU,DEN-2012,1,2012,-23.085,57.421166666666664,millean02-2012
farieke01,22.133333333333333,-0.7,201204160HOU-DEN,201204160HOU-HOU,DEN-2012,1,2012,-15.493333333333332,57.421166666666664,farieke01-2012
breweco01,17.916666666666668,2.8,201204160HOU-DEN,201204160HOU-HOU,DEN-2012,1,2012,50.166666666666664,57.421166666666664,breweco01-2012
mcgeeja01,16.8,0.9,201204160HOU-DEN,201204160HOU-HOU,DEN-2012,1,2012,15.120000000000001,57.421166666666664,mcgeeja01-2012
koufoko01,13.6,-2.7,201204160HOU-DEN,201204160HOU-HOU,DEN-2012,1,2012,-36.72,57.421166666666664,koufoko01-2012
mozgoti01,3.9166666666666665,-0.6,201204160HOU-DEN,201204160HOU-HOU,DEN-2012,1,2012,-2.3499999999999996,57.421166666666664,mozgoti01-2012
paulch01,34.65,4.1,201204180DEN-LAC,201204180DEN-DEN,LAC-2012,1,2012,142.06499999999997,52.137833333333326,paulch01-2012
jordade01,30.2,0.9,201204180DEN-LAC,201204180DEN-DEN,LAC-2012,1,2012,27.18,52.137833333333326,jordade01-2012
martike01,29.933333333333334,1.1,201204180DEN-LAC,201204180DEN-DEN,LAC-2012,1,2012,32.92666666666667,52.137833333333326,martike01-2012
griffbl01,29.9,-2.1,201204180DEN-LAC,201204180DEN-DEN,LAC-2012,1,2012,-62.79,52.137833333333326,griffbl01-2012
willima01,28,7.1,201204180DEN-LAC,201204180DEN-DEN,LAC-2012,1,2012,198.79999999999998,52.137833333333326,willima01-2012
youngni01,25.066666666666666,3.4,201204180DEN-LAC,201204180DEN-DEN,LAC-2012,1,2012,85.22666666666666,52.137833333333326,youngni01-2012
butleca01,22.716666666666665,4.8,201204180DEN-LAC,201204180DEN-DEN,LAC-2012,1,2012,109.03999999999999,52.137833333333326,butleca01-2012
foyera01,20.3,-0.7,201204180DEN-LAC,201204180DEN-DEN,LAC-2012,1,2012,-14.209999999999999,52.137833333333326,foyera01-2012
bledser01,13.35,0.9,201204180DEN-LAC,201204180DEN-DEN,LAC-2012,1,2012,12.015,52.137833333333326,bledser01-2012
simmobo01,5.916666666666667,-1.5,201204180DEN-LAC,201204180DEN-DEN,LAC-2012,1,2012,-8.875,52.137833333333326,simmobo01-2012
afflaar01,37.86666666666667,1.8,201204210PHO-DEN,201204210PHO-PHO,DEN-2012,1,2012,68.16,72.20444444444443,afflaar01-2012
gallida01,37.36666666666667,2.2,201204210PHO-DEN,201204210PHO-PHO,DEN-2012,1,2012,82.20666666666668,72.20444444444443,gallida01-2012
lawsoty01,36.666666666666664,13.4,201204210PHO-DEN,201204210PHO-PHO,DEN-2012,1,2012,491.3333333333333,72.20444444444443,lawsoty01-2012
millean02,27.6,-8.2,201204210PHO-DEN,201204210PHO-PHO,DEN-2012,1,2012,-226.32,72.20444444444443,millean02-2012
farieke01,27.15,7.6,201204210PHO-DEN,201204210PHO-PHO,DEN-2012,1,2012,206.33999999999997,72.20444444444443,farieke01-2012
harrial01,22.85,-0.6,201204210PHO-DEN,201204210PHO-PHO,DEN-2012,1,2012,-13.71,72.20444444444443,harrial01-2012
mcgeeja01,18.983333333333334,-1.9,201204210PHO-DEN,201204210PHO-PHO,DEN-2012,1,2012,-36.068333333333335,72.20444444444443,mcgeeja01-2012
breweco01,16.316666666666666,1.7,201204210PHO-DEN,201204210PHO-PHO,DEN-2012,1,2012,27.738333333333333,72.20444444444443,breweco01-2012
koufoko01,15.2,3.3,201204210PHO-DEN,201204210PHO-PHO,DEN-2012,1,2012,50.16,72.20444444444443,koufoko01-2012
anderry01,38.016666666666666,7.9,201204220DEN-ORL,201204220DEN-DEN,ORL-2012,0,2012,300.33166666666665,4.7612499999999995,anderry01-2012
davisgl01,34.93333333333333,-2.5,201204220DEN-ORL,201204220DEN-DEN,ORL-2012,0,2012,-87.33333333333333,4.7612499999999995,davisgl01-2012
redicjj01,29.45,0.5,201204220DEN-ORL,201204220DEN-DEN,ORL-2012,0,2012,14.725,4.7612499999999995,redicjj01-2012
richaja01,26.8,1.7,201204220DEN-ORL,201204220DEN-DEN,ORL-2012,0,2012,45.56,4.7612499999999995,richaja01-2012
duhonch01,24.983333333333334,-0.6,201204220DEN-ORL,201204220DEN-DEN,ORL-2012,0,2012,-14.99,4.7612499999999995,duhonch01-2012
smithis01,21.233333333333334,-2.5,201204220DEN-ORL,201204220DEN-DEN,ORL-2012,0,2012,-53.083333333333336,4.7612499999999995,smithis01-2012
wafervo01,20.25,-0.2,201204220DEN-ORL,201204220DEN-DEN,ORL-2012,0,2012,-4.05,4.7612499999999995,wafervo01-2012
ortonda01,19.7,-3.7,201204220DEN-ORL,201204220DEN-DEN,ORL-2012,0,2012,-72.89,4.7612499999999995,ortonda01-2012
richaqu01,16.15,-3.6,201204220DEN-ORL,201204220DEN-DEN,ORL-2012,0,2012,-58.13999999999999,4.7612499999999995,richaqu01-2012
harpeju01,3.35,-1.4,201204220DEN-ORL,201204220DEN-DEN,ORL-2012,0,2012,-4.6899999999999995,4.7612499999999995,harpeju01-2012
liggide01,3.35,-2,201204220DEN-ORL,201204220DEN-DEN,ORL-2012,0,2012,-6.7,4.7612499999999995,liggide01-2012
nelsoja01,1.7833333333333332,-0.9,201204220DEN-ORL,201204220DEN-DEN,ORL-2012,0,2012,-1.605,4.7612499999999995,nelsoja01-2012
afflaar01,40.13333333333333,-1.2,201204250OKC-DEN,201204250OKC-OKC,DEN-2012,1,2012,-48.16,59.03092592592592,afflaar01-2012
lawsoty01,35.8,11,201204250OKC-DEN,201204250OKC-OKC,DEN-2012,1,2012,393.79999999999995,59.03092592592592,lawsoty01-2012
gallida01,33.5,-0.7,201204250OKC-DEN,201204250OKC-OKC,DEN-2012,1,2012,-23.45,59.03092592592592,gallida01-2012
farieke01,27.6,4.2,201204250OKC-DEN,201204250OKC-OKC,DEN-2012,1,2012,115.92000000000002,59.03092592592592,farieke01-2012
harrial01,23.283333333333335,0.7,201204250OKC-DEN,201204250OKC-OKC,DEN-2012,1,2012,16.298333333333332,59.03092592592592,harrial01-2012
breweco01,23.25,1.8,201204250OKC-DEN,201204250OKC-OKC,DEN-2012,1,2012,41.85,59.03092592592592,breweco01-2012
millean02,21.433333333333334,-1,201204250OKC-DEN,201204250OKC-OKC,DEN-2012,1,2012,-21.433333333333334,59.03092592592592,millean02-2012
mcgeeja01,17.633333333333333,3.3,201204250OKC-DEN,201204250OKC-OKC,DEN-2012,1,2012,58.19,59.03092592592592,mcgeeja01-2012
koufoko01,17.366666666666667,-0.1,201204250OKC-DEN,201204250OKC-OKC,DEN-2012,1,2012,-1.7366666666666668,59.03092592592592,koufoko01-2012
farieke01,31.7,-2.8,201204260MIN-DEN,201204260MIN-MIN,DEN-2012,1,2012,-88.75999999999999,51.057878787878785,farieke01-2012
afflaar01,29.5,3.2,201204260MIN-DEN,201204260MIN-MIN,DEN-2012,1,2012,94.4,51.057878787878785,afflaar01-2012
breweco01,27.866666666666667,0.4,201204260MIN-DEN,201204260MIN-MIN,DEN-2012,1,2012,11.146666666666668,51.057878787878785,breweco01-2012
gallida01,27,8.6,201204260MIN-DEN,201204260MIN-MIN,DEN-2012,1,2012,232.2,51.057878787878785,gallida01-2012
koufoko01,26.3,0.7,201204260MIN-DEN,201204260MIN-MIN,DEN-2012,1,2012,18.41,51.057878787878785,koufoko01-2012
lawsoty01,25.466666666666665,7.6,201204260MIN-DEN,201204260MIN-MIN,DEN-2012,1,2012,193.54666666666665,51.057878787878785,lawsoty01-2012
millean02,20.583333333333332,-0.1,201204260MIN-DEN,201204260MIN-MIN,DEN-2012,1,2012,-2.058333333333333,51.057878787878785,millean02-2012
mcgeeja01,18.2,2.3,201204260MIN-DEN,201204260MIN-MIN,DEN-2012,1,2012,41.85999999999999,51.057878787878785,mcgeeja01-2012
mozgoti01,12.933333333333334,1.7,201204260MIN-DEN,201204260MIN-MIN,DEN-2012,1,2012,21.986666666666668,51.057878787878785,mozgoti01-2012
hamiljo02,12,1.2,201204260MIN-DEN,201204260MIN-MIN,DEN-2012,1,2012,14.399999999999999,51.057878787878785,hamiljo02-2012
stoneju01,8.45,2.9,201204260MIN-DEN,201204260MIN-MIN,DEN-2012,1,2012,24.504999999999995,51.057878787878785,stoneju01-2012
