player,min,VORP,id,opp_id,season_id,win,year,adj_VORP,avg_VORP,link
couside01,39.166666666666664,6.6,201310300SAC-SAC,201310300SAC-DEN,SAC-2014,1,2014,258.49999999999994,40.35283333333333,couside01-2014
vasqugr01,36.3,3.4,201310300SAC-SAC,201310300SAC-DEN,SAC-2014,1,2014,123.41999999999999,40.35283333333333,vasqugr01-2014
thornma01,31.066666666666666,-4.1,201310300SAC-SAC,201310300SAC-DEN,SAC-2014,1,2014,-127.37333333333332,40.35283333333333,thornma01-2014
thomais02,29.266666666666666,5.8,201310300SAC-SAC,201310300SAC-DEN,SAC-2014,1,2014,169.74666666666667,40.35283333333333,thomais02-2014
pattepa01,26.733333333333334,0,201310300SAC-SAC,201310300SAC-DEN,SAC-2014,1,2014,0,40.35283333333333,pattepa01-2014
salmojo01,26.616666666666667,3.7,201310300SAC-SAC,201310300SAC-DEN,SAC-2014,1,2014,98.48166666666667,40.35283333333333,salmojo01-2014
mclembe01,16.933333333333334,-3.2,201310300SAC-SAC,201310300SAC-DEN,SAC-2014,1,2014,-54.18666666666667,40.35283333333333,mclembe01-2014
thompja02,16.533333333333335,-4.8,201310300SAC-SAC,201310300SAC-DEN,SAC-2014,1,2014,-79.36,40.35283333333333,thompja02-2014
hayesch01,10.933333333333334,0.6,201310300SAC-SAC,201310300SAC-DEN,SAC-2014,1,2014,6.56,40.35283333333333,hayesch01-2014
outlatr01,6.45,1.2,201310300SAC-SAC,201310300SAC-DEN,SAC-2014,1,2014,7.74,40.35283333333333,outlatr01-2014
lawsoty01,35.95,6.5,201311010DEN-DEN,201311010DEN-POR,DEN-2014,0,2014,233.675,17.744848484848486,lawsoty01-2014
foyera01,32.516666666666666,-2.2,201311010DEN-DEN,201311010DEN-POR,DEN-2014,0,2014,-71.53666666666668,17.744848484848486,foyera01-2014
robinna01,28.883333333333333,4.8,201311010DEN-DEN,201311010DEN-POR,DEN-2014,0,2014,138.64,17.744848484848486,robinna01-2014
farieke01,24.383333333333333,2.2,201311010DEN-DEN,201311010DEN-POR,DEN-2014,0,2014,53.64333333333334,17.744848484848486,farieke01-2014
hicksjj01,21.766666666666666,-4.5,201311010DEN-DEN,201311010DEN-POR,DEN-2014,0,2014,-97.94999999999999,17.744848484848486,hicksjj01-2014
mozgoti01,21.25,-0.5,201311010DEN-DEN,201311010DEN-POR,DEN-2014,0,2014,-10.625,17.744848484848486,mozgoti01-2014
millean02,16.866666666666667,4,201311010DEN-DEN,201311010DEN-POR,DEN-2014,0,2014,67.46666666666667,17.744848484848486,millean02-2014
arthuda01,15.6,-1.4,201311010DEN-DEN,201311010DEN-POR,DEN-2014,0,2014,-21.84,17.744848484848486,arthuda01-2014
fournev01,15.333333333333334,-5.7,201311010DEN-DEN,201311010DEN-POR,DEN-2014,0,2014,-87.4,17.744848484848486,fournev01-2014
randoan01,14.666666666666666,-2,201311010DEN-DEN,201311010DEN-POR,DEN-2014,0,2014,-29.333333333333332,17.744848484848486,randoan01-2014
mcgeeja01,12.783333333333333,1.6,201311010DEN-DEN,201311010DEN-POR,DEN-2014,0,2014,20.453333333333333,17.744848484848486,mcgeeja01-2014
lawsoty01,37.38333333333333,4.4,201311050DEN-DEN,201311050DEN-SAS,DEN-2014,0,2014,164.48666666666668,38.77681818181818,lawsoty01-2014
millean02,29.266666666666666,1.2,201311050DEN-DEN,201311050DEN-SAS,DEN-2014,0,2014,35.12,38.77681818181818,millean02-2014
farieke01,28.283333333333335,5.6,201311050DEN-DEN,201311050DEN-SAS,DEN-2014,0,2014,158.38666666666666,38.77681818181818,farieke01-2014
foyera01,27.633333333333333,5.1,201311050DEN-DEN,201311050DEN-SAS,DEN-2014,0,2014,140.92999999999998,38.77681818181818,foyera01-2014
hamiljo02,23.1,4.9,201311050DEN-DEN,201311050DEN-SAS,DEN-2014,0,2014,113.19000000000001,38.77681818181818,hamiljo02-2014
mozgoti01,21.183333333333334,0.9,201311050DEN-DEN,201311050DEN-SAS,DEN-2014,0,2014,19.065,38.77681818181818,mozgoti01-2014
mcgeeja01,20.516666666666666,-4.2,201311050DEN-DEN,201311050DEN-SAS,DEN-2014,0,2014,-86.17,38.77681818181818,mcgeeja01-2014
robinna01,18.6,-4,201311050DEN-DEN,201311050DEN-SAS,DEN-2014,0,2014,-74.4,38.77681818181818,robinna01-2014
hicksjj01,16.666666666666668,-2.7,201311050DEN-DEN,201311050DEN-SAS,DEN-2014,0,2014,-45.00000000000001,38.77681818181818,hicksjj01-2014
fournev01,9.016666666666667,-1.1,201311050DEN-DEN,201311050DEN-SAS,DEN-2014,0,2014,-9.918333333333335,38.77681818181818,fournev01-2014
arthuda01,8.35,1.3,201311050DEN-DEN,201311050DEN-SAS,DEN-2014,0,2014,10.855,38.77681818181818,arthuda01-2014
lawsoty01,39.03333333333333,4.2,201311070DEN-DEN,201311070DEN-ATL,DEN-2014,1,2014,163.94,30.596060606060608,lawsoty01-2014
farieke01,26.283333333333335,0.4,201311070DEN-DEN,201311070DEN-ATL,DEN-2014,1,2014,10.513333333333335,30.596060606060608,farieke01-2014
fournev01,24.283333333333335,1,201311070DEN-DEN,201311070DEN-ATL,DEN-2014,1,2014,24.283333333333335,30.596060606060608,fournev01-2014
foyera01,24.2,2,201311070DEN-DEN,201311070DEN-ATL,DEN-2014,1,2014,48.4,30.596060606060608,foyera01-2014
mcgeeja01,23.666666666666668,0.5,201311070DEN-DEN,201311070DEN-ATL,DEN-2014,1,2014,11.833333333333334,30.596060606060608,mcgeeja01-2014
hicksjj01,22.233333333333334,-4.3,201311070DEN-DEN,201311070DEN-ATL,DEN-2014,1,2014,-95.60333333333334,30.596060606060608,hicksjj01-2014
millean02,20.683333333333334,3.8,201311070DEN-DEN,201311070DEN-ATL,DEN-2014,1,2014,78.59666666666666,30.596060606060608,millean02-2014
robinna01,20.616666666666667,3.2,201311070DEN-DEN,201311070DEN-ATL,DEN-2014,1,2014,65.97333333333334,30.596060606060608,robinna01-2014
mozgoti01,18.066666666666666,2.8,201311070DEN-DEN,201311070DEN-ATL,DEN-2014,1,2014,50.586666666666666,30.596060606060608,mozgoti01-2014
hamiljo02,15.633333333333333,-1.1,201311070DEN-DEN,201311070DEN-ATL,DEN-2014,1,2014,-17.19666666666667,30.596060606060608,hamiljo02-2014
arthuda01,5.3,-0.9,201311070DEN-DEN,201311070DEN-ATL,DEN-2014,1,2014,-4.77,30.596060606060608,arthuda01-2014
bledser01,35.56666666666667,6.7,201311080PHO-PHO,201311080PHO-DEN,PHO-2014,1,2014,238.29666666666668,58.87666666666667,bledser01-2014
morrima02,34.31666666666667,10.5,201311080PHO-PHO,201311080PHO-DEN,PHO-2014,1,2014,360.32500000000005,58.87666666666667,morrima02-2014
plumlmi01,31.216666666666665,-0.1,201311080PHO-PHO,201311080PHO-DEN,PHO-2014,1,2014,-3.1216666666666666,58.87666666666667,plumlmi01-2014
fryech01,30.466666666666665,-3,201311080PHO-PHO,201311080PHO-DEN,PHO-2014,1,2014,-91.39999999999999,58.87666666666667,fryech01-2014
greenge01,30.05,0.7,201311080PHO-PHO,201311080PHO-DEN,PHO-2014,1,2014,21.035,58.87666666666667,greenge01-2014
morrima03,25.666666666666668,2.2,201311080PHO-PHO,201311080PHO-DEN,PHO-2014,1,2014,56.466666666666676,58.87666666666667,morrima03-2014
tuckepj01,23.333333333333332,0.1,201311080PHO-PHO,201311080PHO-DEN,PHO-2014,1,2014,2.3333333333333335,58.87666666666667,tuckepj01-2014
smithis01,12.45,2.1,201311080PHO-PHO,201311080PHO-DEN,PHO-2014,1,2014,26.145,58.87666666666667,smithis01-2014
chrisdi01,10.9,-1.9,201311080PHO-PHO,201311080PHO-DEN,PHO-2014,1,2014,-20.71,58.87666666666667,chrisdi01-2014
goodwar01,6.033333333333333,-0.1,201311080PHO-PHO,201311080PHO-DEN,PHO-2014,1,2014,-0.6033333333333334,58.87666666666667,goodwar01-2014
haywago01,40.35,1.5,201311110UTA-UTA,201311110UTA-DEN,UTA-2014,0,2014,60.525000000000006,-23.084814814814816,haywago01-2014
favorde01,34.75,6.1,201311110UTA-UTA,201311110UTA-DEN,UTA-2014,0,2014,211.975,-23.084814814814816,favorde01-2014
lucasjo02,33.983333333333334,-4,201311110UTA-UTA,201311110UTA-DEN,UTA-2014,0,2014,-135.93333333333334,-23.084814814814816,lucasjo02-2014
kanteen01,33.483333333333334,-5.2,201311110UTA-UTA,201311110UTA-DEN,UTA-2014,0,2014,-174.11333333333334,-23.084814814814816,kanteen01-2014
burksal01,30.966666666666665,-3.5,201311110UTA-UTA,201311110UTA-DEN,UTA-2014,0,2014,-108.38333333333333,-23.084814814814816,burksal01-2014
jefferi01,25,-5.1,201311110UTA-UTA,201311110UTA-DEN,UTA-2014,0,2014,-127.49999999999999,-23.084814814814816,jefferi01-2014
willima02,18,4.3,201311110UTA-UTA,201311110UTA-DEN,UTA-2014,0,2014,77.39999999999999,-23.084814814814816,willima02-2014
goberru01,11.733333333333333,0.1,201311110UTA-UTA,201311110UTA-DEN,UTA-2014,0,2014,1.1733333333333333,-23.084814814814816,goberru01-2014
tinslja01,11.733333333333333,-1.1,201311110UTA-UTA,201311110UTA-DEN,UTA-2014,0,2014,-12.906666666666666,-23.084814814814816,tinslja01-2014
lawsoty01,34.3,7.7,201311130DEN-DEN,201311130DEN-LAL,DEN-2014,1,2014,264.10999999999996,47.18181818181818,lawsoty01-2014
farieke01,29.566666666666666,5.2,201311130DEN-DEN,201311130DEN-LAL,DEN-2014,1,2014,153.74666666666667,47.18181818181818,farieke01-2014
mozgoti01,27.816666666666666,6.7,201311130DEN-DEN,201311130DEN-LAL,DEN-2014,1,2014,186.37166666666667,47.18181818181818,mozgoti01-2014
foyera01,23.933333333333334,2,201311130DEN-DEN,201311130DEN-LAL,DEN-2014,1,2014,47.86666666666667,47.18181818181818,foyera01-2014
millean02,21.233333333333334,-2.1,201311130DEN-DEN,201311130DEN-LAL,DEN-2014,1,2014,-44.59,47.18181818181818,millean02-2014
chandwi01,21.166666666666668,3.5,201311130DEN-DEN,201311130DEN-LAL,DEN-2014,1,2014,74.08333333333334,47.18181818181818,chandwi01-2014
robinna01,19.266666666666666,-5.5,201311130DEN-DEN,201311130DEN-LAL,DEN-2014,1,2014,-105.96666666666667,47.18181818181818,robinna01-2014
arthuda01,18.433333333333334,-1.1,201311130DEN-DEN,201311130DEN-LAL,DEN-2014,1,2014,-20.276666666666667,47.18181818181818,arthuda01-2014
hicksjj01,17.433333333333334,-3.5,201311130DEN-DEN,201311130DEN-LAL,DEN-2014,1,2014,-61.016666666666666,47.18181818181818,hicksjj01-2014
fournev01,14.833333333333334,-0.2,201311130DEN-DEN,201311130DEN-LAL,DEN-2014,1,2014,-2.966666666666667,47.18181818181818,fournev01-2014
hamiljo02,12.016666666666667,2.3,201311130DEN-DEN,201311130DEN-LAL,DEN-2014,1,2014,27.638333333333332,47.18181818181818,hamiljo02-2014
lawsoty01,35.46666666666667,-4.8,201311150DEN-DEN,201311150DEN-MIN,DEN-2014,1,2014,-170.24,26.795757575757577,lawsoty01-2014
farieke01,30.45,3.7,201311150DEN-DEN,201311150DEN-MIN,DEN-2014,1,2014,112.665,26.795757575757577,farieke01-2014
hicksjj01,30.216666666666665,2.7,201311150DEN-DEN,201311150DEN-MIN,DEN-2014,1,2014,81.58500000000001,26.795757575757577,hicksjj01-2014
chandwi01,21.733333333333334,10.1,201311150DEN-DEN,201311150DEN-MIN,DEN-2014,1,2014,219.50666666666666,26.795757575757577,chandwi01-2014
millean02,20.6,3.6,201311150DEN-DEN,201311150DEN-MIN,DEN-2014,1,2014,74.16000000000001,26.795757575757577,millean02-2014
foyera01,19.916666666666668,-2.4,201311150DEN-DEN,201311150DEN-MIN,DEN-2014,1,2014,-47.800000000000004,26.795757575757577,foyera01-2014
arthuda01,17.55,1.8,201311150DEN-DEN,201311150DEN-MIN,DEN-2014,1,2014,31.590000000000003,26.795757575757577,arthuda01-2014
robinna01,17.533333333333335,-3.3,201311150DEN-DEN,201311150DEN-MIN,DEN-2014,1,2014,-57.86,26.795757575757577,robinna01-2014
mozgoti01,17.466666666666665,-0.4,201311150DEN-DEN,201311150DEN-MIN,DEN-2014,1,2014,-6.986666666666666,26.795757575757577,mozgoti01-2014
hamiljo02,16.233333333333334,2,201311150DEN-DEN,201311150DEN-MIN,DEN-2014,1,2014,32.46666666666667,26.795757575757577,hamiljo02-2014
fournev01,12.833333333333334,2,201311150DEN-DEN,201311150DEN-MIN,DEN-2014,1,2014,25.666666666666668,26.795757575757577,fournev01-2014
hardeja01,35.68333333333333,1,201311160HOU-HOU,201311160HOU-DEN,HOU-2014,1,2014,35.68333333333333,54.13318181818182,hardeja01-2014
parsoch01,34.06666666666667,3.8,201311160HOU-HOU,201311160HOU-DEN,HOU-2014,1,2014,129.45333333333335,54.13318181818182,parsoch01-2014
linje01,32.38333333333333,3.9,201311160HOU-HOU,201311160HOU-DEN,HOU-2014,1,2014,126.295,54.13318181818182,linje01-2014
joneste01,31.75,2.6,201311160HOU-HOU,201311160HOU-DEN,HOU-2014,1,2014,82.55,54.13318181818182,joneste01-2014
howardw01,28.566666666666666,1.9,201311160HOU-HOU,201311160HOU-DEN,HOU-2014,1,2014,54.276666666666664,54.13318181818182,howardw01-2014
beverpa01,27.033333333333335,5.2,201311160HOU-HOU,201311160HOU-DEN,HOU-2014,1,2014,140.57333333333335,54.13318181818182,beverpa01-2014
casspom01,18.383333333333333,-1.6,201311160HOU-HOU,201311160HOU-DEN,HOU-2014,1,2014,-29.413333333333334,54.13318181818182,casspom01-2014
motiedo01,16.2,5.1,201311160HOU-HOU,201311160HOU-DEN,HOU-2014,1,2014,82.61999999999999,54.13318181818182,motiedo01-2014
garcifr01,13.933333333333334,-1.9,201311160HOU-HOU,201311160HOU-DEN,HOU-2014,1,2014,-26.473333333333333,54.13318181818182,garcifr01-2014
brewero02,1,0,201311160HOU-HOU,201311160HOU-DEN,HOU-2014,1,2014,0,54.13318181818182,brewero02-2014
brookaa01,1,-0.1,201311160HOU-HOU,201311160HOU-DEN,HOU-2014,1,2014,-0.1,54.13318181818182,brookaa01-2014
duranke01,42.78333333333333,9.6,201311180OKC-OKC,201311180OKC-DEN,OKC-2014,1,2014,410.71999999999997,58.253787878787875,duranke01-2014
westbru01,38.1,1.8,201311180OKC-OKC,201311180OKC-DEN,OKC-2014,1,2014,68.58,58.253787878787875,westbru01-2014
ibakase01,31.183333333333334,1.7,201311180OKC-OKC,201311180OKC-DEN,OKC-2014,1,2014,53.01166666666666,58.253787878787875,ibakase01-2014
jacksre01,23.716666666666665,2.1,201311180OKC-OKC,201311180OKC-DEN,OKC-2014,1,2014,49.805,58.253787878787875,jacksre01-2014
sefolth01,22.283333333333335,3.9,201311180OKC-OKC,201311180OKC-DEN,OKC-2014,1,2014,86.905,58.253787878787875,sefolth01-2014
lambje01,19.666666666666668,2.9,201311180OKC-OKC,201311180OKC-DEN,OKC-2014,1,2014,57.03333333333334,58.253787878787875,lambje01-2014
collini01,19.3,-1.7,201311180OKC-OKC,201311180OKC-DEN,OKC-2014,1,2014,-32.81,58.253787878787875,collini01-2014
fishede01,18.866666666666667,-0.7,201311180OKC-OKC,201311180OKC-DEN,OKC-2014,1,2014,-13.206666666666667,58.253787878787875,fishede01-2014
perkike01,14.666666666666666,-2.9,201311180OKC-OKC,201311180OKC-DEN,OKC-2014,1,2014,-42.53333333333333,58.253787878787875,perkike01-2014
adamsst01,5.883333333333333,0.8,201311180OKC-OKC,201311180OKC-DEN,OKC-2014,1,2014,4.706666666666666,58.253787878787875,adamsst01-2014
jonespe01,3.55,-0.4,201311180OKC-OKC,201311180OKC-DEN,OKC-2014,1,2014,-1.42,58.253787878787875,jonespe01-2014
lawsoty01,34.85,-0.8,201311210DEN-DEN,201311210DEN-CHI,DEN-2014,1,2014,-27.880000000000003,20.57030303030303,lawsoty01-2014
farieke01,29.5,3.1,201311210DEN-DEN,201311210DEN-CHI,DEN-2014,1,2014,91.45,20.57030303030303,farieke01-2014
hicksjj01,28.916666666666668,1.1,201311210DEN-DEN,201311210DEN-CHI,DEN-2014,1,2014,31.808333333333337,20.57030303030303,hicksjj01-2014
chandwi01,27.233333333333334,-2.7,201311210DEN-DEN,201311210DEN-CHI,DEN-2014,1,2014,-73.53,20.57030303030303,chandwi01-2014
robinna01,24.066666666666666,-1,201311210DEN-DEN,201311210DEN-CHI,DEN-2014,1,2014,-24.066666666666666,20.57030303030303,robinna01-2014
hamiljo02,22.166666666666668,6.7,201311210DEN-DEN,201311210DEN-CHI,DEN-2014,1,2014,148.51666666666668,20.57030303030303,hamiljo02-2014
mozgoti01,19,-3.3,201311210DEN-DEN,201311210DEN-CHI,DEN-2014,1,2014,-62.699999999999996,20.57030303030303,mozgoti01-2014
arthuda01,17.1,-0.5,201311210DEN-DEN,201311210DEN-CHI,DEN-2014,1,2014,-8.55,20.57030303030303,arthuda01-2014
millean02,14.216666666666667,3.3,201311210DEN-DEN,201311210DEN-CHI,DEN-2014,1,2014,46.915,20.57030303030303,millean02-2014
foyera01,13.133333333333333,5.7,201311210DEN-DEN,201311210DEN-CHI,DEN-2014,1,2014,74.86,20.57030303030303,foyera01-2014
fournev01,9.816666666666666,3,201311210DEN-DEN,201311210DEN-CHI,DEN-2014,1,2014,29.45,20.57030303030303,fournev01-2014
lawsoty01,38.166666666666664,4.9,201311230DEN-DEN,201311230DEN-DAL,DEN-2014,1,2014,187.01666666666668,35.96560606060606,lawsoty01-2014
farieke01,30.866666666666667,8.9,201311230DEN-DEN,201311230DEN-DAL,DEN-2014,1,2014,274.71333333333337,35.96560606060606,farieke01-2014
chandwi01,30.016666666666666,-4,201311230DEN-DEN,201311230DEN-DAL,DEN-2014,1,2014,-120.06666666666666,35.96560606060606,chandwi01-2014
hicksjj01,29.366666666666667,-5,201311230DEN-DEN,201311230DEN-DAL,DEN-2014,1,2014,-146.83333333333334,35.96560606060606,hicksjj01-2014
foyera01,29.25,3.8,201311230DEN-DEN,201311230DEN-DAL,DEN-2014,1,2014,111.14999999999999,35.96560606060606,foyera01-2014
arthuda01,16.35,3.3,201311230DEN-DEN,201311230DEN-DAL,DEN-2014,1,2014,53.955,35.96560606060606,arthuda01-2014
robinna01,15.983333333333333,4.9,201311230DEN-DEN,201311230DEN-DAL,DEN-2014,1,2014,78.31833333333333,35.96560606060606,robinna01-2014
millean02,15.383333333333333,-0.2,201311230DEN-DEN,201311230DEN-DAL,DEN-2014,1,2014,-3.0766666666666667,35.96560606060606,millean02-2014
mozgoti01,12.633333333333333,-0.6,201311230DEN-DEN,201311230DEN-DAL,DEN-2014,1,2014,-7.579999999999999,35.96560606060606,mozgoti01-2014
hamiljo02,11.616666666666667,-0.7,201311230DEN-DEN,201311230DEN-DAL,DEN-2014,1,2014,-8.131666666666666,35.96560606060606,hamiljo02-2014
fournev01,10.366666666666667,-2.3,201311230DEN-DEN,201311230DEN-DAL,DEN-2014,1,2014,-23.843333333333334,35.96560606060606,fournev01-2014
ellismo01,35.85,4.5,201311250DAL-DAL,201311250DAL-DEN,DAL-2014,0,2014,161.32500000000002,27.554615384615385,ellismo01-2014
mariosh01,34.766666666666666,7.4,201311250DAL-DAL,201311250DAL-DEN,DAL-2014,0,2014,257.2733333333333,27.554615384615385,mariosh01-2014
nowitdi01,31.1,1.6,201311250DAL-DAL,201311250DAL-DEN,DAL-2014,0,2014,49.760000000000005,27.554615384615385,nowitdi01-2014
caldejo01,29.716666666666665,2.4,201311250DAL-DAL,201311250DAL-DEN,DAL-2014,0,2014,71.32,27.554615384615385,caldejo01-2014
cartevi01,22.95,-3.9,201311250DAL-DAL,201311250DAL-DEN,DAL-2014,0,2014,-89.505,27.554615384615385,cartevi01-2014
blairde01,18.866666666666667,-0.6,201311250DAL-DAL,201311250DAL-DEN,DAL-2014,0,2014,-11.32,27.554615384615385,blairde01-2014
dalemsa01,17.75,0.4,201311250DAL-DAL,201311250DAL-DEN,DAL-2014,0,2014,7.1000000000000005,27.554615384615385,dalemsa01-2014
ellinwa01,13.6,-3,201311250DAL-DAL,201311250DAL-DEN,DAL-2014,0,2014,-40.8,27.554615384615385,ellinwa01-2014
crowdja01,12.233333333333333,-0.6,201311250DAL-DAL,201311250DAL-DEN,DAL-2014,0,2014,-7.339999999999999,27.554615384615385,crowdja01-2014
mekelga01,9.533333333333333,-0.3,201311250DAL-DAL,201311250DAL-DEN,DAL-2014,0,2014,-2.86,27.554615384615385,mekelga01-2014
jamesbe01,7.65,-3.3,201311250DAL-DAL,201311250DAL-DEN,DAL-2014,0,2014,-25.245,27.554615384615385,jamesbe01-2014
larkish01,4.3,-2.4,201311250DAL-DAL,201311250DAL-DEN,DAL-2014,0,2014,-10.319999999999999,27.554615384615385,larkish01-2014
ledori01,1.6833333333333333,-0.7,201311250DAL-DAL,201311250DAL-DEN,DAL-2014,0,2014,-1.1783333333333332,27.554615384615385,ledori01-2014
rubiori01,41.88333333333333,0.8,201311270MIN-MIN,201311270MIN-DEN,MIN-2014,0,2014,33.50666666666667,57.86983333333333,rubiori01-2014
breweco01,40.55,6.3,201311270MIN-MIN,201311270MIN-DEN,MIN-2014,0,2014,255.46499999999997,57.86983333333333,breweco01-2014
loveke01,40.06666666666667,3.4,201311270MIN-MIN,201311270MIN-DEN,MIN-2014,0,2014,136.2266666666667,57.86983333333333,loveke01-2014
pekovni01,37.63333333333333,4.3,201311270MIN-MIN,201311270MIN-DEN,MIN-2014,0,2014,161.82333333333332,57.86983333333333,pekovni01-2014
martike02,36.03333333333333,0.4,201311270MIN-MIN,201311270MIN-DEN,MIN-2014,0,2014,14.413333333333334,57.86983333333333,martike02-2014
cunnida01,18.133333333333333,1.6,201311270MIN-MIN,201311270MIN-DEN,MIN-2014,0,2014,29.013333333333335,57.86983333333333,cunnida01-2014
bareajo01,16.733333333333334,-2.3,201311270MIN-MIN,201311270MIN-DEN,MIN-2014,0,2014,-38.486666666666665,57.86983333333333,bareajo01-2014
muhamsh01,3.65,-1.3,201311270MIN-MIN,201311270MIN-DEN,MIN-2014,0,2014,-4.745,57.86983333333333,muhamsh01-2014
shvedal01,3.4333333333333336,-1,201311270MIN-MIN,201311270MIN-DEN,MIN-2014,0,2014,-3.4333333333333336,57.86983333333333,shvedal01-2014
hummero01,1.8833333333333333,-2.7,201311270MIN-MIN,201311270MIN-DEN,MIN-2014,0,2014,-5.085,57.86983333333333,hummero01-2014
lawsoty01,35.55,8.5,201311290DEN-DEN,201311290DEN-NYK,DEN-2014,1,2014,302.17499999999995,45.85575757575757,lawsoty01-2014
chandwi01,33.43333333333333,1.5,201311290DEN-DEN,201311290DEN-NYK,DEN-2014,1,2014,50.14999999999999,45.85575757575757,chandwi01-2014
hicksjj01,31.55,-0.2,201311290DEN-DEN,201311290DEN-NYK,DEN-2014,1,2014,-6.3100000000000005,45.85575757575757,hicksjj01-2014
foyera01,30.083333333333332,7.4,201311290DEN-DEN,201311290DEN-NYK,DEN-2014,1,2014,222.61666666666667,45.85575757575757,foyera01-2014
farieke01,21,1,201311290DEN-DEN,201311290DEN-NYK,DEN-2014,1,2014,21,45.85575757575757,farieke01-2014
millean02,19.983333333333334,-0.6,201311290DEN-DEN,201311290DEN-NYK,DEN-2014,1,2014,-11.99,45.85575757575757,millean02-2014
robinna01,18.433333333333334,2.5,201311290DEN-DEN,201311290DEN-NYK,DEN-2014,1,2014,46.083333333333336,45.85575757575757,robinna01-2014
mozgoti01,15.933333333333334,0,201311290DEN-DEN,201311290DEN-NYK,DEN-2014,1,2014,0,45.85575757575757,mozgoti01-2014
arthuda01,15,-3.9,201311290DEN-DEN,201311290DEN-NYK,DEN-2014,1,2014,-58.5,45.85575757575757,arthuda01-2014
hamiljo02,13.55,-3.8,201311290DEN-DEN,201311290DEN-NYK,DEN-2014,1,2014,-51.49,45.85575757575757,hamiljo02-2014
fournev01,5.483333333333333,-1.7,201311290DEN-DEN,201311290DEN-NYK,DEN-2014,1,2014,-9.321666666666667,45.85575757575757,fournev01-2014
lowryky01,38.666666666666664,-0.6,201312010TOR-TOR,201312010TOR-DEN,TOR-2014,0,2014,-23.2,8.033703703703704,lowryky01-2014
gayru01,38.3,5,201312010TOR-TOR,201312010TOR-DEN,TOR-2014,0,2014,191.5,8.033703703703704,gayru01-2014
valanjo01,36.7,-0.1,201312010TOR-TOR,201312010TOR-DEN,TOR-2014,0,2014,-3.6700000000000004,8.033703703703704,valanjo01-2014
derozde01,35.45,0.4,201312010TOR-TOR,201312010TOR-DEN,TOR-2014,0,2014,14.180000000000001,8.033703703703704,derozde01-2014
hansbty01,34.03333333333333,-2.7,201312010TOR-TOR,201312010TOR-DEN,TOR-2014,0,2014,-91.89,8.033703703703704,hansbty01-2014
rosste01,21.433333333333334,0,201312010TOR-TOR,201312010TOR-DEN,TOR-2014,0,2014,0,8.033703703703704,rosste01-2014
johnsam01,14.433333333333334,-4.5,201312010TOR-TOR,201312010TOR-DEN,TOR-2014,0,2014,-64.95,8.033703703703704,johnsam01-2014
novakst01,11.65,4,201312010TOR-TOR,201312010TOR-DEN,TOR-2014,0,2014,46.6,8.033703703703704,novakst01-2014
stoneju01,9.333333333333334,0.4,201312010TOR-TOR,201312010TOR-DEN,TOR-2014,0,2014,3.733333333333334,8.033703703703704,stoneju01-2014
tayloty01,34.31666666666667,-5.6,201312030BRK-BRK,201312030BRK-DEN,BRK-2014,0,2014,-192.17333333333335,-16.848939393939396,tayloty01-2014
johnsjo02,31.166666666666668,3.5,201312030BRK-BRK,201312030BRK-DEN,BRK-2014,0,2014,109.08333333333334,-16.848939393939396,johnsjo02-2014
anderal01,29.916666666666668,2.4,201312030BRK-BRK,201312030BRK-DEN,BRK-2014,0,2014,71.8,-16.848939393939396,anderal01-2014
blatcan01,24.066666666666666,-1.1,201312030BRK-BRK,201312030BRK-DEN,BRK-2014,0,2014,-26.473333333333336,-16.848939393939396,blatcan01-2014
lopezbr01,21.233333333333334,0,201312030BRK-BRK,201312030BRK-DEN,BRK-2014,0,2014,0,-16.848939393939396,lopezbr01-2014
livinsh01,18.466666666666665,-0.6,201312030BRK-BRK,201312030BRK-DEN,BRK-2014,0,2014,-11.079999999999998,-16.848939393939396,livinsh01-2014
plumlma01,17.783333333333335,-1.7,201312030BRK-BRK,201312030BRK-DEN,BRK-2014,0,2014,-30.23166666666667,-16.848939393939396,plumlma01-2014
shengto01,17.65,0.4,201312030BRK-BRK,201312030BRK-DEN,BRK-2014,0,2014,7.06,-16.848939393939396,shengto01-2014
garneke01,16.85,-1.1,201312030BRK-BRK,201312030BRK-DEN,BRK-2014,0,2014,-18.535000000000004,-16.848939393939396,garneke01-2014
evansre01,14.616666666666667,-2.1,201312030BRK-BRK,201312030BRK-DEN,BRK-2014,0,2014,-30.695000000000004,-16.848939393939396,evansre01-2014
teletmi01,13.933333333333334,-4.6,201312030BRK-BRK,201312030BRK-DEN,BRK-2014,0,2014,-64.09333333333333,-16.848939393939396,teletmi01-2014
irvinky01,37.15,2,201312040CLE-CLE,201312040CLE-DEN,CLE-2014,1,2014,74.3,48.2395,irvinky01-2014
thomptr01,34.483333333333334,5.1,201312040CLE-CLE,201312040CLE-DEN,CLE-2014,1,2014,175.86499999999998,48.2395,thomptr01-2014
jackja01,32.083333333333336,0.4,201312040CLE-CLE,201312040CLE-DEN,CLE-2014,1,2014,12.833333333333336,48.2395,jackja01-2014
varejan01,27.833333333333332,13.9,201312040CLE-CLE,201312040CLE-DEN,CLE-2014,1,2014,386.8833333333333,48.2395,varejan01-2014
waitedi01,26.033333333333335,-3.1,201312040CLE-CLE,201312040CLE-DEN,CLE-2014,1,2014,-80.70333333333335,48.2395,waitedi01-2014
geeal01,21.966666666666665,-2.1,201312040CLE-CLE,201312040CLE-DEN,CLE-2014,1,2014,-46.129999999999995,48.2395,geeal01-2014
bynuman01,20.166666666666668,-1,201312040CLE-CLE,201312040CLE-DEN,CLE-2014,1,2014,-20.166666666666668,48.2395,bynuman01-2014
milescj01,15.916666666666666,-2,201312040CLE-CLE,201312040CLE-DEN,CLE-2014,1,2014,-31.833333333333332,48.2395,milescj01-2014
clarkea01,13.516666666666667,1,201312040CLE-CLE,201312040CLE-DEN,CLE-2014,1,2014,13.516666666666667,48.2395,clarkea01-2014
bennean01,10.85,-0.2,201312040CLE-CLE,201312040CLE-DEN,CLE-2014,1,2014,-2.17,48.2395,bennean01-2014
crawfjo02,33.71666666666667,6.6,201312060BOS-BOS,201312060BOS-DEN,BOS-2014,1,2014,222.53,51.138,crawfjo02-2014
greenje02,32.85,-2.1,201312060BOS-BOS,201312060BOS-DEN,BOS-2014,1,2014,-68.985,51.138,greenje02-2014
bradlav01,30.783333333333335,6.4,201312060BOS-BOS,201312060BOS-DEN,BOS-2014,1,2014,197.01333333333335,51.138,bradlav01-2014
bassbr01,30.716666666666665,6.2,201312060BOS-BOS,201312060BOS-DEN,BOS-2014,1,2014,190.44333333333333,51.138,bassbr01-2014
wallage01,24.55,-0.6,201312060BOS-BOS,201312060BOS-DEN,BOS-2014,1,2014,-14.73,51.138,wallage01-2014
humphkr01,23.533333333333335,7.6,201312060BOS-BOS,201312060BOS-DEN,BOS-2014,1,2014,178.85333333333332,51.138,humphkr01-2014
sullija01,20.05,-7.3,201312060BOS-BOS,201312060BOS-DEN,BOS-2014,1,2014,-146.365,51.138,sullija01-2014
favervi01,19.65,-0.3,201312060BOS-BOS,201312060BOS-DEN,BOS-2014,1,2014,-5.895,51.138,favervi01-2014
pressph01,13.45,-0.3,201312060BOS-BOS,201312060BOS-DEN,BOS-2014,1,2014,-4.034999999999999,51.138,pressph01-2014
leeco01,10.7,-3.5,201312060BOS-BOS,201312060BOS-DEN,BOS-2014,1,2014,-37.449999999999996,51.138,leeco01-2014
turneev01,37.85,-3.7,201312070PHI-PHI,201312070PHI-DEN,PHI-2014,0,2014,-140.04500000000002,-15.292424242424245,turneev01-2014
thompho01,34.35,0.8,201312070PHI-PHI,201312070PHI-DEN,PHI-2014,0,2014,27.480000000000004,-15.292424242424245,thompho01-2014
wroteto01,32.71666666666667,-1.1,201312070PHI-PHI,201312070PHI-DEN,PHI-2014,0,2014,-35.98833333333334,-15.292424242424245,wroteto01-2014
youngth01,31.516666666666666,0,201312070PHI-PHI,201312070PHI-DEN,PHI-2014,0,2014,0,-15.292424242424245,youngth01-2014
hawessp01,30.15,2.2,201312070PHI-PHI,201312070PHI-DEN,PHI-2014,0,2014,66.33,-15.292424242424245,hawessp01-2014
daviebr01,16.483333333333334,-2.7,201312070PHI-PHI,201312070PHI-DEN,PHI-2014,0,2014,-44.505,-15.292424242424245,daviebr01-2014
anderja01,15.8,-5.4,201312070PHI-PHI,201312070PHI-DEN,PHI-2014,0,2014,-85.32000000000001,-15.292424242424245,anderja01-2014
brownlo01,15.283333333333333,1.9,201312070PHI-PHI,201312070PHI-DEN,PHI-2014,0,2014,29.03833333333333,-15.292424242424245,brownlo01-2014
allenla01,10.916666666666666,-1.2,201312070PHI-PHI,201312070PHI-DEN,PHI-2014,0,2014,-13.1,-15.292424242424245,allenla01-2014
williel01,8,2.1,201312070PHI-PHI,201312070PHI-DEN,PHI-2014,0,2014,16.8,-15.292424242424245,williel01-2014
ortonda01,6.933333333333334,1.6,201312070PHI-PHI,201312070PHI-DEN,PHI-2014,0,2014,11.093333333333334,-15.292424242424245,ortonda01-2014
arizatr01,38.43333333333333,4.2,201312090WAS-WAS,201312090WAS-DEN,WAS-2014,0,2014,161.42,52.13333333333333,arizatr01-2014
walljo01,38.266666666666666,8.6,201312090WAS-WAS,201312090WAS-DEN,WAS-2014,0,2014,329.0933333333333,52.13333333333333,walljo01-2014
gortama01,37.78333333333333,3.6,201312090WAS-WAS,201312090WAS-DEN,WAS-2014,0,2014,136.02,52.13333333333333,gortama01-2014
booketr01,32.666666666666664,1.8,201312090WAS-WAS,201312090WAS-DEN,WAS-2014,0,2014,58.8,52.13333333333333,booketr01-2014
ricegl02,28.883333333333333,0.3,201312090WAS-WAS,201312090WAS-DEN,WAS-2014,0,2014,8.665,52.13333333333333,ricegl02-2014
singlch01,21.983333333333334,-3.6,201312090WAS-WAS,201312090WAS-DEN,WAS-2014,0,2014,-79.14,52.13333333333333,singlch01-2014
veselja01,20.216666666666665,-0.1,201312090WAS-WAS,201312090WAS-DEN,WAS-2014,0,2014,-2.0216666666666665,52.13333333333333,veselja01-2014
porteot01,7.25,-0.7,201312090WAS-WAS,201312090WAS-DEN,WAS-2014,0,2014,-5.074999999999999,52.13333333333333,porteot01-2014
maynoer01,4.966666666666667,-3.3,201312090WAS-WAS,201312090WAS-DEN,WAS-2014,0,2014,-16.39,52.13333333333333,maynoer01-2014
templga01,4.933333333333334,-2.6,201312090WAS-WAS,201312090WAS-DEN,WAS-2014,0,2014,-12.826666666666668,52.13333333333333,templga01-2014
serapke01,4.616666666666667,-1.1,201312090WAS-WAS,201312090WAS-DEN,WAS-2014,0,2014,-5.078333333333334,52.13333333333333,serapke01-2014
chandwi01,32.78333333333333,5,201312130DEN-DEN,201312130DEN-UTA,DEN-2014,0,2014,163.91666666666666,9.535499999999999,chandwi01-2014
millean02,27.883333333333333,4.4,201312130DEN-DEN,201312130DEN-UTA,DEN-2014,0,2014,122.68666666666667,9.535499999999999,millean02-2014
robinna01,26.783333333333335,-4.1,201312130DEN-DEN,201312130DEN-UTA,DEN-2014,0,2014,-109.81166666666667,9.535499999999999,robinna01-2014
lawsoty01,26.733333333333334,-11,201312130DEN-DEN,201312130DEN-UTA,DEN-2014,0,2014,-294.06666666666666,9.535499999999999,lawsoty01-2014
mozgoti01,24.933333333333334,0.4,201312130DEN-DEN,201312130DEN-UTA,DEN-2014,0,2014,9.973333333333334,9.535499999999999,mozgoti01-2014
hamiljo02,24.766666666666666,10,201312130DEN-DEN,201312130DEN-UTA,DEN-2014,0,2014,247.66666666666666,9.535499999999999,hamiljo02-2014
arthuda01,22.55,-0.2,201312130DEN-DEN,201312130DEN-UTA,DEN-2014,0,2014,-4.510000000000001,9.535499999999999,arthuda01-2014
hicksjj01,21.116666666666667,2.1,201312130DEN-DEN,201312130DEN-UTA,DEN-2014,0,2014,44.345000000000006,9.535499999999999,hicksjj01-2014
farieke01,17.85,-0.5,201312130DEN-DEN,201312130DEN-UTA,DEN-2014,0,2014,-8.925,9.535499999999999,farieke01-2014
foyera01,14.6,-5.2,201312130DEN-DEN,201312130DEN-UTA,DEN-2014,0,2014,-75.92,9.535499999999999,foyera01-2014
lawsoty01,32.5,7.7,201312150DEN-DEN,201312150DEN-NOP,DEN-2014,1,2014,250.25,50.295833333333334,lawsoty01-2014
chandwi01,32.36666666666667,3.8,201312150DEN-DEN,201312150DEN-NOP,DEN-2014,1,2014,122.99333333333333,50.295833333333334,chandwi01-2014
hicksjj01,29.033333333333335,8.6,201312150DEN-DEN,201312150DEN-NOP,DEN-2014,1,2014,249.68666666666667,50.295833333333334,hicksjj01-2014
farieke01,28.05,0.4,201312150DEN-DEN,201312150DEN-NOP,DEN-2014,1,2014,11.22,50.295833333333334,farieke01-2014
hamiljo02,26.616666666666667,-3.7,201312150DEN-DEN,201312150DEN-NOP,DEN-2014,1,2014,-98.48166666666667,50.295833333333334,hamiljo02-2014
robinna01,26.583333333333332,4.6,201312150DEN-DEN,201312150DEN-NOP,DEN-2014,1,2014,122.28333333333332,50.295833333333334,robinna01-2014
foyera01,21.416666666666668,-4.2,201312150DEN-DEN,201312150DEN-NOP,DEN-2014,1,2014,-89.95,50.295833333333334,foyera01-2014
mozgoti01,17.016666666666666,-3.1,201312150DEN-DEN,201312150DEN-NOP,DEN-2014,1,2014,-52.751666666666665,50.295833333333334,mozgoti01-2014
millean02,15.5,-0.3,201312150DEN-DEN,201312150DEN-NOP,DEN-2014,1,2014,-4.6499999999999995,50.295833333333334,millean02-2014
arthuda01,10.916666666666666,-0.7,201312150DEN-DEN,201312150DEN-NOP,DEN-2014,1,2014,-7.641666666666666,50.295833333333334,arthuda01-2014
lawsoty01,37.13333333333333,10.4,201312170DEN-DEN,201312170DEN-OKC,DEN-2014,0,2014,386.18666666666667,38.67527777777778,lawsoty01-2014
chandwi01,30.65,-0.9,201312170DEN-DEN,201312170DEN-OKC,DEN-2014,0,2014,-27.585,38.67527777777778,chandwi01-2014
hicksjj01,28.933333333333334,6.2,201312170DEN-DEN,201312170DEN-OKC,DEN-2014,0,2014,179.38666666666668,38.67527777777778,hicksjj01-2014
farieke01,27.666666666666668,3.1,201312170DEN-DEN,201312170DEN-OKC,DEN-2014,0,2014,85.76666666666667,38.67527777777778,farieke01-2014
robinna01,24.683333333333334,0,201312170DEN-DEN,201312170DEN-OKC,DEN-2014,0,2014,0,38.67527777777778,robinna01-2014
foyera01,24.133333333333333,-2.7,201312170DEN-DEN,201312170DEN-OKC,DEN-2014,0,2014,-65.16,38.67527777777778,foyera01-2014
hamiljo02,16.25,-0.8,201312170DEN-DEN,201312170DEN-OKC,DEN-2014,0,2014,-13,38.67527777777778,hamiljo02-2014
arthuda01,16.133333333333333,-1.2,201312170DEN-DEN,201312170DEN-OKC,DEN-2014,0,2014,-19.36,38.67527777777778,arthuda01-2014
mozgoti01,15,-2.6,201312170DEN-DEN,201312170DEN-OKC,DEN-2014,0,2014,-39,38.67527777777778,mozgoti01-2014
fournev01,12.65,-0.7,201312170DEN-DEN,201312170DEN-OKC,DEN-2014,0,2014,-8.855,38.67527777777778,fournev01-2014
millean02,5.666666666666667,-2.5,201312170DEN-DEN,201312170DEN-OKC,DEN-2014,0,2014,-14.166666666666668,38.67527777777778,millean02-2014
millequ01,1.1,-0.1,201312170DEN-DEN,201312170DEN-OKC,DEN-2014,0,2014,-0.11000000000000001,38.67527777777778,millequ01-2014
lawsoty01,34.13333333333333,-3.8,201312200DEN-DEN,201312200DEN-PHO,DEN-2014,0,2014,-129.70666666666665,21.408636363636365,lawsoty01-2014
chandwi01,32.05,4.5,201312200DEN-DEN,201312200DEN-PHO,DEN-2014,0,2014,144.225,21.408636363636365,chandwi01-2014
foyera01,30.033333333333335,0.4,201312200DEN-DEN,201312200DEN-PHO,DEN-2014,0,2014,12.013333333333335,21.408636363636365,foyera01-2014
hicksjj01,28.333333333333332,1.2,201312200DEN-DEN,201312200DEN-PHO,DEN-2014,0,2014,34,21.408636363636365,hicksjj01-2014
arthuda01,21.85,-2.2,201312200DEN-DEN,201312200DEN-PHO,DEN-2014,0,2014,-48.07000000000001,21.408636363636365,arthuda01-2014
farieke01,21.35,4.7,201312200DEN-DEN,201312200DEN-PHO,DEN-2014,0,2014,100.34500000000001,21.408636363636365,farieke01-2014
randoan01,18.7,3.4,201312200DEN-DEN,201312200DEN-PHO,DEN-2014,0,2014,63.58,21.408636363636365,randoan01-2014
millean02,16.5,3.1,201312200DEN-DEN,201312200DEN-PHO,DEN-2014,0,2014,51.15,21.408636363636365,millean02-2014
robinna01,15.333333333333334,3.9,201312200DEN-DEN,201312200DEN-PHO,DEN-2014,0,2014,59.800000000000004,21.408636363636365,robinna01-2014
mozgoti01,12.9,-1.9,201312200DEN-DEN,201312200DEN-PHO,DEN-2014,0,2014,-24.509999999999998,21.408636363636365,mozgoti01-2014
fournev01,8.816666666666666,-3.1,201312200DEN-DEN,201312200DEN-PHO,DEN-2014,0,2014,-27.331666666666667,21.408636363636365,fournev01-2014
griffbl01,35.71666666666667,6.4,201312210LAC-LAC,201312210LAC-DEN,LAC-2014,1,2014,228.5866666666667,67.82484848484849,griffbl01-2014
jordade01,32,2.3,201312210LAC-LAC,201312210LAC-DEN,LAC-2014,1,2014,73.6,67.82484848484849,jordade01-2014
crawfja01,31.116666666666667,6,201312210LAC-LAC,201312210LAC-DEN,LAC-2014,1,2014,186.7,67.82484848484849,crawfja01-2014
paulch01,30.35,4.1,201312210LAC-LAC,201312210LAC-DEN,LAC-2014,1,2014,124.43499999999999,67.82484848484849,paulch01-2014
dudleja01,28.466666666666665,-1.3,201312210LAC-LAC,201312210LAC-DEN,LAC-2014,1,2014,-37.00666666666667,67.82484848484849,dudleja01-2014
collida01,22.566666666666666,1.4,201312210LAC-LAC,201312210LAC-DEN,LAC-2014,1,2014,31.59333333333333,67.82484848484849,collida01-2014
barnema02,21.916666666666668,7.1,201312210LAC-LAC,201312210LAC-DEN,LAC-2014,1,2014,155.60833333333332,67.82484848484849,barnema02-2014
greenwi01,15.2,-1.7,201312210LAC-LAC,201312210LAC-DEN,LAC-2014,1,2014,-25.84,67.82484848484849,greenwi01-2014
holliry01,10.066666666666666,-0.2,201312210LAC-LAC,201312210LAC-DEN,LAC-2014,1,2014,-2.013333333333333,67.82484848484849,holliry01-2014
jamisan01,9.5,0.9,201312210LAC-LAC,201312210LAC-DEN,LAC-2014,1,2014,8.55,67.82484848484849,jamisan01-2014
jacksst02,3.1,0.6,201312210LAC-LAC,201312210LAC-DEN,LAC-2014,1,2014,1.8599999999999999,67.82484848484849,jacksst02-2014
lawsoty01,36.63333333333333,1.3,201312230DEN-DEN,201312230DEN-GSW,DEN-2014,0,2014,47.623333333333335,26.995833333333334,lawsoty01-2014
chandwi01,32.516666666666666,-6.1,201312230DEN-DEN,201312230DEN-GSW,DEN-2014,0,2014,-198.35166666666666,26.995833333333334,chandwi01-2014
mozgoti01,32.083333333333336,3.9,201312230DEN-DEN,201312230DEN-GSW,DEN-2014,0,2014,125.125,26.995833333333334,mozgoti01-2014
millean02,29.85,11.6,201312230DEN-DEN,201312230DEN-GSW,DEN-2014,0,2014,346.26,26.995833333333334,millean02-2014
hicksjj01,26.366666666666667,-1.2,201312230DEN-DEN,201312230DEN-GSW,DEN-2014,0,2014,-31.64,26.995833333333334,hicksjj01-2014
arthuda01,21.8,-4.1,201312230DEN-DEN,201312230DEN-GSW,DEN-2014,0,2014,-89.38,26.995833333333334,arthuda01-2014
hamiljo02,18.933333333333334,1.7,201312230DEN-DEN,201312230DEN-GSW,DEN-2014,0,2014,32.18666666666667,26.995833333333334,hamiljo02-2014
robinna01,16.716666666666665,5.7,201312230DEN-DEN,201312230DEN-GSW,DEN-2014,0,2014,95.285,26.995833333333334,robinna01-2014
randoan01,14.8,-2.4,201312230DEN-DEN,201312230DEN-GSW,DEN-2014,0,2014,-35.52,26.995833333333334,randoan01-2014
foyera01,10.3,-2.1,201312230DEN-DEN,201312230DEN-GSW,DEN-2014,0,2014,-21.630000000000003,26.995833333333334,foyera01-2014
anderry01,39.5,-2,201312270NOP-NOP,201312270NOP-DEN,NOP-2014,1,2014,-79,57.714333333333336,anderry01-2014
evansty01,32.28333333333333,7.2,201312270NOP-NOP,201312270NOP-DEN,NOP-2014,1,2014,232.44,57.714333333333336,evansty01-2014
aminual01,30.75,4.1,201312270NOP-NOP,201312270NOP-DEN,NOP-2014,1,2014,126.07499999999999,57.714333333333336,aminual01-2014
holidjr01,29.283333333333335,8.6,201312270NOP-NOP,201312270NOP-DEN,NOP-2014,1,2014,251.83666666666667,57.714333333333336,holidjr01-2014
davisan02,27.833333333333332,3,201312270NOP-NOP,201312270NOP-DEN,NOP-2014,1,2014,83.5,57.714333333333336,davisan02-2014
ajincal01,20.166666666666668,0.5,201312270NOP-NOP,201312270NOP-DEN,NOP-2014,1,2014,10.083333333333334,57.714333333333336,ajincal01-2014
roberbr01,19.4,-7.7,201312270NOP-NOP,201312270NOP-DEN,NOP-2014,1,2014,-149.38,57.714333333333336,roberbr01-2014
milleda01,19.15,4.5,201312270NOP-NOP,201312270NOP-DEN,NOP-2014,1,2014,86.175,57.714333333333336,milleda01-2014
morroan01,16.766666666666666,0.6,201312270NOP-NOP,201312270NOP-DEN,NOP-2014,1,2014,10.059999999999999,57.714333333333336,morroan01-2014
amundlo01,4.866666666666667,1.1,201312270NOP-NOP,201312270NOP-DEN,NOP-2014,1,2014,5.353333333333334,57.714333333333336,amundlo01-2014
conlemi01,30.8,-0.5,201312280MEM-MEM,201312280MEM-DEN,MEM-2014,1,2014,-15.4,49.821666666666665,conlemi01-2014
randoza01,30.566666666666666,6.3,201312280MEM-MEM,201312280MEM-DEN,MEM-2014,1,2014,192.57,49.821666666666665,randoza01-2014
allento01,26.933333333333334,-4.5,201312280MEM-MEM,201312280MEM-DEN,MEM-2014,1,2014,-121.2,49.821666666666665,allento01-2014
koufoko01,25.9,-2.9,201312280MEM-MEM,201312280MEM-DEN,MEM-2014,1,2014,-75.11,49.821666666666665,koufoko01-2014
princta01,24,1.4,201312280MEM-MEM,201312280MEM-DEN,MEM-2014,1,2014,33.599999999999994,49.821666666666665,princta01-2014
davised01,22.833333333333332,3.9,201312280MEM-MEM,201312280MEM-DEN,MEM-2014,1,2014,89.05,49.821666666666665,davised01-2014
johnsja01,22.5,12.3,201312280MEM-MEM,201312280MEM-DEN,MEM-2014,1,2014,276.75,49.821666666666665,johnsja01-2014
millemi01,21.25,8.1,201312280MEM-MEM,201312280MEM-DEN,MEM-2014,1,2014,172.125,49.821666666666665,millemi01-2014
bayleje01,20.766666666666666,1.8,201312280MEM-MEM,201312280MEM-DEN,MEM-2014,1,2014,37.38,49.821666666666665,bayleje01-2014
leuerjo01,9.05,1.7,201312280MEM-MEM,201312280MEM-DEN,MEM-2014,1,2014,15.385000000000002,49.821666666666665,leuerjo01-2014
calatni01,2.7,0.2,201312280MEM-MEM,201312280MEM-DEN,MEM-2014,1,2014,0.54,49.821666666666665,calatni01-2014
frankja01,2.7,-2.9,201312280MEM-MEM,201312280MEM-DEN,MEM-2014,1,2014,-7.83,49.821666666666665,frankja01-2014
chandwi01,41.05,-3.2,201312300DEN-DEN,201312300DEN-MIA,DEN-2014,0,2014,-131.35999999999999,50.502,chandwi01-2014
lawsoty01,39.61666666666667,11.3,201312300DEN-DEN,201312300DEN-MIA,DEN-2014,0,2014,447.66833333333335,50.502,lawsoty01-2014
hicksjj01,36.36666666666667,3,201312300DEN-DEN,201312300DEN-MIA,DEN-2014,0,2014,109.1,50.502,hicksjj01-2014
foyera01,33.5,4.5,201312300DEN-DEN,201312300DEN-MIA,DEN-2014,0,2014,150.75,50.502,foyera01-2014
arthuda01,24.833333333333332,-0.2,201312300DEN-DEN,201312300DEN-MIA,DEN-2014,0,2014,-4.966666666666667,50.502,arthuda01-2014
farieke01,21.85,-2.4,201312300DEN-DEN,201312300DEN-MIA,DEN-2014,0,2014,-52.440000000000005,50.502,farieke01-2014
mozgoti01,11.783333333333333,3.4,201312300DEN-DEN,201312300DEN-MIA,DEN-2014,0,2014,40.06333333333333,50.502,mozgoti01-2014
robinna01,10.95,-2.9,201312300DEN-DEN,201312300DEN-MIA,DEN-2014,0,2014,-31.754999999999995,50.502,robinna01-2014
hamiljo02,10.333333333333334,0.5,201312300DEN-DEN,201312300DEN-MIA,DEN-2014,0,2014,5.166666666666667,50.502,hamiljo02-2014
millean02,9.716666666666667,-2.8,201312300DEN-DEN,201312300DEN-MIA,DEN-2014,0,2014,-27.206666666666667,50.502,millean02-2014
lawsoty01,40.766666666666666,0.6,201401010DEN-DEN,201401010DEN-PHI,DEN-2014,0,2014,24.459999999999997,3.5802777777777774,lawsoty01-2014
foyera01,36.61666666666667,-5.2,201401010DEN-DEN,201401010DEN-PHI,DEN-2014,0,2014,-190.40666666666667,3.5802777777777774,foyera01-2014
hicksjj01,32.11666666666667,1.7,201401010DEN-DEN,201401010DEN-PHI,DEN-2014,0,2014,54.59833333333333,3.5802777777777774,hicksjj01-2014
chandwi01,31.4,6.4,201401010DEN-DEN,201401010DEN-PHI,DEN-2014,0,2014,200.96,3.5802777777777774,chandwi01-2014
arthuda01,22.25,-0.6,201401010DEN-DEN,201401010DEN-PHI,DEN-2014,0,2014,-13.35,3.5802777777777774,arthuda01-2014
farieke01,21.966666666666665,3.4,201401010DEN-DEN,201401010DEN-PHI,DEN-2014,0,2014,74.68666666666665,3.5802777777777774,farieke01-2014
fournev01,14.4,-3.4,201401010DEN-DEN,201401010DEN-PHI,DEN-2014,0,2014,-48.96,3.5802777777777774,fournev01-2014
robinna01,13.133333333333333,-4.1,201401010DEN-DEN,201401010DEN-PHI,DEN-2014,0,2014,-53.84666666666666,3.5802777777777774,robinna01-2014
mozgoti01,10.183333333333334,-0.3,201401010DEN-DEN,201401010DEN-PHI,DEN-2014,0,2014,-3.055,3.5802777777777774,mozgoti01-2014
randoan01,7.533333333333333,1.5,201401010DEN-DEN,201401010DEN-PHI,DEN-2014,0,2014,11.3,3.5802777777777774,randoan01-2014
millequ01,5.933333333333334,-2.2,201401010DEN-DEN,201401010DEN-PHI,DEN-2014,0,2014,-13.053333333333335,3.5802777777777774,millequ01-2014
hamiljo02,3.7,-0.1,201401010DEN-DEN,201401010DEN-PHI,DEN-2014,0,2014,-0.37000000000000005,3.5802777777777774,hamiljo02-2014
lawsoty01,36.666666666666664,7.1,201401030DEN-DEN,201401030DEN-MEM,DEN-2014,1,2014,260.3333333333333,45.9511111111111,lawsoty01-2014
foyera01,33.5,3.2,201401030DEN-DEN,201401030DEN-MEM,DEN-2014,1,2014,107.2,45.9511111111111,foyera01-2014
chandwi01,30.866666666666667,-5.3,201401030DEN-DEN,201401030DEN-MEM,DEN-2014,1,2014,-163.59333333333333,45.9511111111111,chandwi01-2014
farieke01,28.683333333333334,3.1,201401030DEN-DEN,201401030DEN-MEM,DEN-2014,1,2014,88.91833333333334,45.9511111111111,farieke01-2014
mozgoti01,24.016666666666666,5,201401030DEN-DEN,201401030DEN-MEM,DEN-2014,1,2014,120.08333333333333,45.9511111111111,mozgoti01-2014
robinna01,22.716666666666665,6.6,201401030DEN-DEN,201401030DEN-MEM,DEN-2014,1,2014,149.92999999999998,45.9511111111111,robinna01-2014
hicksjj01,22.7,-4.2,201401030DEN-DEN,201401030DEN-MEM,DEN-2014,1,2014,-95.34,45.9511111111111,hicksjj01-2014
fournev01,21.116666666666667,-0.5,201401030DEN-DEN,201401030DEN-MEM,DEN-2014,1,2014,-10.558333333333334,45.9511111111111,fournev01-2014
arthuda01,19.733333333333334,-2.2,201401030DEN-DEN,201401030DEN-MEM,DEN-2014,1,2014,-43.41333333333334,45.9511111111111,arthuda01-2014
marshke01,38.53333333333333,0.6,201401050LAL-LAL,201401050LAL-DEN,LAL-2014,0,2014,23.119999999999997,-9.076666666666668,marshke01-2014
gasolpa01,36.88333333333333,1.9,201401050LAL-LAL,201401050LAL-DEN,LAL-2014,0,2014,70.07833333333333,-9.076666666666668,gasolpa01-2014
youngni01,36.13333333333333,-2.8,201401050LAL-LAL,201401050LAL-DEN,LAL-2014,0,2014,-101.17333333333333,-9.076666666666668,youngni01-2014
meeksjo01,32.93333333333333,0.1,201401050LAL-LAL,201401050LAL-DEN,LAL-2014,0,2014,3.293333333333333,-9.076666666666668,meeksjo01-2014
sacrero01,26.866666666666667,3.5,201401050LAL-LAL,201401050LAL-DEN,LAL-2014,0,2014,94.03333333333333,-9.076666666666668,sacrero01-2014
johnswe01,26.383333333333333,-4,201401050LAL-LAL,201401050LAL-DEN,LAL-2014,0,2014,-105.53333333333333,-9.076666666666668,johnswe01-2014
kellyry01,18.85,-2,201401050LAL-LAL,201401050LAL-DEN,LAL-2014,0,2014,-37.7,-9.076666666666668,kellyry01-2014
hilljo01,12.033333333333333,1,201401050LAL-LAL,201401050LAL-DEN,LAL-2014,0,2014,12.033333333333333,-9.076666666666668,hilljo01-2014
willish03,11.383333333333333,-3.5,201401050LAL-LAL,201401050LAL-DEN,LAL-2014,0,2014,-39.84166666666667,-9.076666666666668,willish03-2014
foyera01,38.75,7.3,201401070DEN-DEN,201401070DEN-BOS,DEN-2014,1,2014,282.875,61.54861111111111,foyera01-2014
lawsoty01,33.38333333333333,6.7,201401070DEN-DEN,201401070DEN-BOS,DEN-2014,1,2014,223.66833333333332,61.54861111111111,lawsoty01-2014
farieke01,32.25,4.9,201401070DEN-DEN,201401070DEN-BOS,DEN-2014,1,2014,158.025,61.54861111111111,farieke01-2014
hicksjj01,27.6,2.2,201401070DEN-DEN,201401070DEN-BOS,DEN-2014,1,2014,60.720000000000006,61.54861111111111,hicksjj01-2014
chandwi01,23.4,0,201401070DEN-DEN,201401070DEN-BOS,DEN-2014,1,2014,0,61.54861111111111,chandwi01-2014
robinna01,22.7,1,201401070DEN-DEN,201401070DEN-BOS,DEN-2014,1,2014,22.7,61.54861111111111,robinna01-2014
fournev01,18.783333333333335,-1.1,201401070DEN-DEN,201401070DEN-BOS,DEN-2014,1,2014,-20.66166666666667,61.54861111111111,fournev01-2014
mozgoti01,17.766666666666666,1.1,201401070DEN-DEN,201401070DEN-BOS,DEN-2014,1,2014,19.543333333333333,61.54861111111111,mozgoti01-2014
arthuda01,17.533333333333335,-0.8,201401070DEN-DEN,201401070DEN-BOS,DEN-2014,1,2014,-14.026666666666669,61.54861111111111,arthuda01-2014
hamiljo02,2.6333333333333333,-0.1,201401070DEN-DEN,201401070DEN-BOS,DEN-2014,1,2014,-0.26333333333333336,61.54861111111111,hamiljo02-2014
millequ01,2.6333333333333333,1.5,201401070DEN-DEN,201401070DEN-BOS,DEN-2014,1,2014,3.95,61.54861111111111,millequ01-2014
randoan01,2.5666666666666664,0.8,201401070DEN-DEN,201401070DEN-BOS,DEN-2014,1,2014,2.0533333333333332,61.54861111111111,randoan01-2014
lawsoty01,40.11666666666667,11.2,201401090DEN-DEN,201401090DEN-OKC,DEN-2014,1,2014,449.3066666666666,69.7039393939394,lawsoty01-2014
foyera01,37.7,11.2,201401090DEN-DEN,201401090DEN-OKC,DEN-2014,1,2014,422.24,69.7039393939394,foyera01-2014
farieke01,31.616666666666667,-1.4,201401090DEN-DEN,201401090DEN-OKC,DEN-2014,1,2014,-44.26333333333333,69.7039393939394,farieke01-2014
hicksjj01,25.1,-0.3,201401090DEN-DEN,201401090DEN-OKC,DEN-2014,1,2014,-7.53,69.7039393939394,hicksjj01-2014
robinna01,23.133333333333333,-5.7,201401090DEN-DEN,201401090DEN-OKC,DEN-2014,1,2014,-131.86,69.7039393939394,robinna01-2014
mozgoti01,22.433333333333334,1.6,201401090DEN-DEN,201401090DEN-OKC,DEN-2014,1,2014,35.89333333333334,69.7039393939394,mozgoti01-2014
millequ01,20.283333333333335,-1.2,201401090DEN-DEN,201401090DEN-OKC,DEN-2014,1,2014,-24.34,69.7039393939394,millequ01-2014
fournev01,17.766666666666666,7,201401090DEN-DEN,201401090DEN-OKC,DEN-2014,1,2014,124.36666666666666,69.7039393939394,fournev01-2014
arthuda01,16.383333333333333,-3.4,201401090DEN-DEN,201401090DEN-OKC,DEN-2014,1,2014,-55.70333333333333,69.7039393939394,arthuda01-2014
hamiljo02,2.7333333333333334,1.3,201401090DEN-DEN,201401090DEN-OKC,DEN-2014,1,2014,3.5533333333333337,69.7039393939394,hamiljo02-2014
randoan01,2.7333333333333334,-1.8,201401090DEN-DEN,201401090DEN-OKC,DEN-2014,1,2014,-4.92,69.7039393939394,randoan01-2014
millequ01,35.583333333333336,0.9,201401110DEN-DEN,201401110DEN-ORL,DEN-2014,1,2014,32.025000000000006,60.072833333333335,millequ01-2014
lawsoty01,30.433333333333334,3.1,201401110DEN-DEN,201401110DEN-ORL,DEN-2014,1,2014,94.34333333333333,60.072833333333335,lawsoty01-2014
foyera01,30.416666666666668,7.9,201401110DEN-DEN,201401110DEN-ORL,DEN-2014,1,2014,240.29166666666669,60.072833333333335,foyera01-2014
farieke01,29.45,2.2,201401110DEN-DEN,201401110DEN-ORL,DEN-2014,1,2014,64.79,60.072833333333335,farieke01-2014
hicksjj01,26.55,0.9,201401110DEN-DEN,201401110DEN-ORL,DEN-2014,1,2014,23.895,60.072833333333335,hicksjj01-2014
mozgoti01,23.833333333333332,0.7,201401110DEN-DEN,201401110DEN-ORL,DEN-2014,1,2014,16.68333333333333,60.072833333333335,mozgoti01-2014
fournev01,21.55,6.4,201401110DEN-DEN,201401110DEN-ORL,DEN-2014,1,2014,137.92000000000002,60.072833333333335,fournev01-2014
robinna01,19.6,0.8,201401110DEN-DEN,201401110DEN-ORL,DEN-2014,1,2014,15.680000000000001,60.072833333333335,robinna01-2014
hamiljo02,12,1.1,201401110DEN-DEN,201401110DEN-ORL,DEN-2014,1,2014,13.200000000000001,60.072833333333335,hamiljo02-2014
arthuda01,10.583333333333334,-3.6,201401110DEN-DEN,201401110DEN-ORL,DEN-2014,1,2014,-38.1,60.072833333333335,arthuda01-2014
burksal01,37.65,9.3,201401130UTA-UTA,201401130UTA-DEN,UTA-2014,1,2014,350.14500000000004,57.901833333333336,burksal01-2014
burketr01,36.016666666666666,2.6,201401130UTA-UTA,201401130UTA-DEN,UTA-2014,1,2014,93.64333333333333,57.901833333333336,burketr01-2014
favorde01,35.333333333333336,-0.3,201401130UTA-UTA,201401130UTA-DEN,UTA-2014,1,2014,-10.6,57.901833333333336,favorde01-2014
jefferi01,34.166666666666664,5,201401130UTA-UTA,201401130UTA-DEN,UTA-2014,1,2014,170.83333333333331,57.901833333333336,jefferi01-2014
willima02,23.783333333333335,-1.2,201401130UTA-UTA,201401130UTA-DEN,UTA-2014,1,2014,-28.540000000000003,57.901833333333336,willima02-2014
kanteen01,21.666666666666668,-1.4,201401130UTA-UTA,201401130UTA-DEN,UTA-2014,1,2014,-30.333333333333332,57.901833333333336,kanteen01-2014
garredi02,17.033333333333335,-0.5,201401130UTA-UTA,201401130UTA-DEN,UTA-2014,1,2014,-8.516666666666667,57.901833333333336,garredi02-2014
evansje01,15.216666666666667,0.2,201401130UTA-UTA,201401130UTA-DEN,UTA-2014,1,2014,3.0433333333333334,57.901833333333336,evansje01-2014
rushbr01,13.833333333333334,4.3,201401130UTA-UTA,201401130UTA-DEN,UTA-2014,1,2014,59.483333333333334,57.901833333333336,rushbr01-2014
lucasjo02,5.3,-3.8,201401130UTA-UTA,201401130UTA-DEN,UTA-2014,1,2014,-20.139999999999997,57.901833333333336,lucasjo02-2014
curryst01,39.68333333333333,1.2,201401150GSW-GSW,201401150GSW-DEN,GSW-2014,0,2014,47.62,46.983888888888885,curryst01-2014
leeda02,38.483333333333334,4.1,201401150GSW-GSW,201401150GSW-DEN,GSW-2014,0,2014,157.78166666666667,46.983888888888885,leeda02-2014
thompkl01,37.81666666666667,-0.5,201401150GSW-GSW,201401150GSW-DEN,GSW-2014,0,2014,-18.908333333333335,46.983888888888885,thompkl01-2014
iguodan01,36.4,-1.2,201401150GSW-GSW,201401150GSW-DEN,GSW-2014,0,2014,-43.68,46.983888888888885,iguodan01-2014
barneha02,31.366666666666667,5.3,201401150GSW-GSW,201401150GSW-DEN,GSW-2014,0,2014,166.24333333333334,46.983888888888885,barneha02-2014
bogutan01,24.15,2,201401150GSW-GSW,201401150GSW-DEN,GSW-2014,0,2014,48.3,46.983888888888885,bogutan01-2014
greendr01,17.383333333333333,7.3,201401150GSW-GSW,201401150GSW-DEN,GSW-2014,0,2014,126.89833333333333,46.983888888888885,greendr01-2014
speigma01,10.316666666666666,-4.8,201401150GSW-GSW,201401150GSW-DEN,GSW-2014,0,2014,-49.519999999999996,46.983888888888885,speigma01-2014
bazemke01,4.4,-2.7,201401150GSW-GSW,201401150GSW-DEN,GSW-2014,0,2014,-11.880000000000003,46.983888888888885,bazemke01-2014
lawsoty01,39.916666666666664,3.3,201401170DEN-DEN,201401170DEN-CLE,DEN-2014,0,2014,131.725,24.72981481481481,lawsoty01-2014
foyera01,35.36666666666667,0,201401170DEN-DEN,201401170DEN-CLE,DEN-2014,0,2014,0,24.72981481481481,foyera01-2014
chandwi01,35.28333333333333,2.2,201401170DEN-DEN,201401170DEN-CLE,DEN-2014,0,2014,77.62333333333333,24.72981481481481,chandwi01-2014
hicksjj01,32.333333333333336,-5.3,201401170DEN-DEN,201401170DEN-CLE,DEN-2014,0,2014,-171.36666666666667,24.72981481481481,hicksjj01-2014
mozgoti01,26.4,5,201401170DEN-DEN,201401170DEN-CLE,DEN-2014,0,2014,132,24.72981481481481,mozgoti01-2014
farieke01,21.666666666666668,-0.5,201401170DEN-DEN,201401170DEN-CLE,DEN-2014,0,2014,-10.833333333333334,24.72981481481481,farieke01-2014
robinna01,20.5,8.1,201401170DEN-DEN,201401170DEN-CLE,DEN-2014,0,2014,166.04999999999998,24.72981481481481,robinna01-2014
fournev01,16.25,-1.1,201401170DEN-DEN,201401170DEN-CLE,DEN-2014,0,2014,-17.875,24.72981481481481,fournev01-2014
millequ01,12.283333333333333,-6.9,201401170DEN-DEN,201401170DEN-CLE,DEN-2014,0,2014,-84.75500000000001,24.72981481481481,millequ01-2014
tuckepj01,29.45,1,201401190PHO-PHO,201401190PHO-DEN,PHO-2014,1,2014,29.45,47.78616666666667,tuckepj01-2014
fryech01,27.933333333333334,15.1,201401190PHO-PHO,201401190PHO-DEN,PHO-2014,1,2014,421.79333333333335,47.78616666666667,fryech01-2014
morrima02,27.483333333333334,2.2,201401190PHO-PHO,201401190PHO-DEN,PHO-2014,1,2014,60.46333333333334,47.78616666666667,morrima02-2014
barbole01,26.933333333333334,-1.2,201401190PHO-PHO,201401190PHO-DEN,PHO-2014,1,2014,-32.32,47.78616666666667,barbole01-2014
dragigo01,24.216666666666665,3.5,201401190PHO-PHO,201401190PHO-DEN,PHO-2014,1,2014,84.75833333333333,47.78616666666667,dragigo01-2014
plumlmi01,24.2,-2.8,201401190PHO-PHO,201401190PHO-DEN,PHO-2014,1,2014,-67.75999999999999,47.78616666666667,plumlmi01-2014
smithis01,23.133333333333333,-3,201401190PHO-PHO,201401190PHO-DEN,PHO-2014,1,2014,-69.4,47.78616666666667,smithis01-2014
greenge01,21.716666666666665,1.6,201401190PHO-PHO,201401190PHO-DEN,PHO-2014,1,2014,34.74666666666666,47.78616666666667,greenge01-2014
morrima03,18.7,-0.7,201401190PHO-PHO,201401190PHO-DEN,PHO-2014,1,2014,-13.089999999999998,47.78616666666667,morrima03-2014
lenal01,16.233333333333334,1.8,201401190PHO-PHO,201401190PHO-DEN,PHO-2014,1,2014,29.220000000000002,47.78616666666667,lenal01-2014
matthwe02,39.43333333333333,5.4,201401230POR-POR,201401230POR-DEN,POR-2014,1,2014,212.94,72.16722222222221,matthwe02-2014
lopezro01,39.11666666666667,-1.6,201401230POR-POR,201401230POR-DEN,POR-2014,1,2014,-62.58666666666667,72.16722222222221,lopezro01-2014
aldrila01,38.25,13.2,201401230POR-POR,201401230POR-DEN,POR-2014,1,2014,504.9,72.16722222222221,aldrila01-2014
batumni01,37.78333333333333,4.5,201401230POR-POR,201401230POR-DEN,POR-2014,1,2014,170.02499999999998,72.16722222222221,batumni01-2014
lillada01,36.61666666666667,-3.7,201401230POR-POR,201401230POR-DEN,POR-2014,1,2014,-135.48166666666668,72.16722222222221,lillada01-2014
willima01,19.033333333333335,-2.7,201401230POR-POR,201401230POR-DEN,POR-2014,1,2014,-51.39000000000001,72.16722222222221,willima01-2014
mccolcj01,11.383333333333333,-0.1,201401230POR-POR,201401230POR-DEN,POR-2014,1,2014,-1.1383333333333334,72.16722222222221,mccolcj01-2014
robinth01,9.75,4,201401230POR-POR,201401230POR-DEN,POR-2014,1,2014,39,72.16722222222221,robinth01-2014
freeljo01,8.633333333333333,-3.1,201401230POR-POR,201401230POR-DEN,POR-2014,1,2014,-26.763333333333332,72.16722222222221,freeljo01-2014
farieke01,37.63333333333333,5.1,201401250DEN-DEN,201401250DEN-IND,DEN-2014,1,2014,191.92999999999998,76.7088888888889,farieke01-2014
hicksjj01,34.1,0.5,201401250DEN-DEN,201401250DEN-IND,DEN-2014,1,2014,17.05,76.7088888888889,hicksjj01-2014
chandwi01,33.8,6,201401250DEN-DEN,201401250DEN-IND,DEN-2014,1,2014,202.79999999999998,76.7088888888889,chandwi01-2014
foyera01,32.166666666666664,1.6,201401250DEN-DEN,201401250DEN-IND,DEN-2014,1,2014,51.46666666666667,76.7088888888889,foyera01-2014
lawsoty01,32.083333333333336,4.3,201401250DEN-DEN,201401250DEN-IND,DEN-2014,1,2014,137.95833333333334,76.7088888888889,lawsoty01-2014
mozgoti01,24.1,4.4,201401250DEN-DEN,201401250DEN-IND,DEN-2014,1,2014,106.04000000000002,76.7088888888889,mozgoti01-2014
robinna01,19,2.9,201401250DEN-DEN,201401250DEN-IND,DEN-2014,1,2014,55.1,76.7088888888889,robinna01-2014
millequ01,14.183333333333334,-1.7,201401250DEN-DEN,201401250DEN-IND,DEN-2014,1,2014,-24.111666666666668,76.7088888888889,millequ01-2014
fournev01,12.933333333333334,-3.7,201401250DEN-DEN,201401250DEN-IND,DEN-2014,1,2014,-47.85333333333334,76.7088888888889,fournev01-2014
thomais02,36.483333333333334,-3.4,201401260SAC-SAC,201401260SAC-DEN,SAC-2014,0,2014,-124.04333333333334,4.070454545454543,thomais02-2014
willide02,31.3,2.3,201401260SAC-SAC,201401260SAC-DEN,SAC-2014,0,2014,71.99,4.070454545454543,willide02-2014
mclembe01,29.35,2.9,201401260SAC-SAC,201401260SAC-DEN,SAC-2014,0,2014,85.115,4.070454545454543,mclembe01-2014
thompja02,27.683333333333334,-0.3,201401260SAC-SAC,201401260SAC-DEN,SAC-2014,0,2014,-8.305,4.070454545454543,thompja02-2014
thornma01,27.65,-1.1,201401260SAC-SAC,201401260SAC-DEN,SAC-2014,0,2014,-30.415,4.070454545454543,thornma01-2014
grayaa01,25.133333333333333,4.1,201401260SAC-SAC,201401260SAC-DEN,SAC-2014,0,2014,103.04666666666665,4.070454545454543,grayaa01-2014
landrca01,18.866666666666667,-1.2,201401260SAC-SAC,201401260SAC-DEN,SAC-2014,0,2014,-22.64,4.070454545454543,landrca01-2014
outlatr01,16.7,-0.2,201401260SAC-SAC,201401260SAC-DEN,SAC-2014,0,2014,-3.34,4.070454545454543,outlatr01-2014
acyqu01,15.316666666666666,-1,201401260SAC-SAC,201401260SAC-DEN,SAC-2014,0,2014,-15.316666666666666,4.070454545454543,acyqu01-2014
fredeji01,11.183333333333334,-1,201401260SAC-SAC,201401260SAC-DEN,SAC-2014,0,2014,-11.183333333333334,4.070454545454543,fredeji01-2014
mccalra01,0.3333333333333333,-0.4,201401260SAC-SAC,201401260SAC-DEN,SAC-2014,0,2014,-0.13333333333333333,4.070454545454543,mccalra01-2014
foyera01,40.28333333333333,14.4,201401290DEN-DEN,201401290DEN-CHA,DEN-2014,0,2014,580.08,57.45416666666667,foyera01-2014
fournev01,38.38333333333333,5.5,201401290DEN-DEN,201401290DEN-CHA,DEN-2014,0,2014,211.10833333333332,57.45416666666667,fournev01-2014
chandwi01,31.65,-0.9,201401290DEN-DEN,201401290DEN-CHA,DEN-2014,0,2014,-28.485,57.45416666666667,chandwi01-2014
farieke01,28.45,-4.6,201401290DEN-DEN,201401290DEN-CHA,DEN-2014,0,2014,-130.86999999999998,57.45416666666667,farieke01-2014
mozgoti01,26.6,4.2,201401290DEN-DEN,201401290DEN-CHA,DEN-2014,0,2014,111.72000000000001,57.45416666666667,mozgoti01-2014
hicksjj01,23.866666666666667,-0.9,201401290DEN-DEN,201401290DEN-CHA,DEN-2014,0,2014,-21.48,57.45416666666667,hicksjj01-2014
arthuda01,17.083333333333332,-1.3,201401290DEN-DEN,201401290DEN-CHA,DEN-2014,0,2014,-22.208333333333332,57.45416666666667,arthuda01-2014
hamiljo02,14.016666666666667,-5,201401290DEN-DEN,201401290DEN-CHA,DEN-2014,0,2014,-70.08333333333334,57.45416666666667,hamiljo02-2014
millequ01,13.4,-3,201401290DEN-DEN,201401290DEN-CHA,DEN-2014,0,2014,-40.2,57.45416666666667,millequ01-2014
robinna01,6.266666666666667,-2.4,201401290DEN-DEN,201401290DEN-CHA,DEN-2014,0,2014,-15.04,57.45416666666667,robinna01-2014
foyera01,43.483333333333334,-1.6,201401310DEN-DEN,201401310DEN-TOR,DEN-2014,0,2014,-69.57333333333334,2.5661666666666676,foyera01-2014
fournev01,38.53333333333333,-6.5,201401310DEN-DEN,201401310DEN-TOR,DEN-2014,0,2014,-250.46666666666664,2.5661666666666676,fournev01-2014
chandwi01,34.36666666666667,0.9,201401310DEN-DEN,201401310DEN-TOR,DEN-2014,0,2014,30.93,2.5661666666666676,chandwi01-2014
farieke01,32.166666666666664,1.4,201401310DEN-DEN,201401310DEN-TOR,DEN-2014,0,2014,45.033333333333324,2.5661666666666676,farieke01-2014
hicksjj01,29.883333333333333,6.6,201401310DEN-DEN,201401310DEN-TOR,DEN-2014,0,2014,197.23,2.5661666666666676,hicksjj01-2014
mozgoti01,18.116666666666667,1.3,201401310DEN-DEN,201401310DEN-TOR,DEN-2014,0,2014,23.55166666666667,2.5661666666666676,mozgoti01-2014
millequ01,15.333333333333334,4.3,201401310DEN-DEN,201401310DEN-TOR,DEN-2014,0,2014,65.93333333333334,2.5661666666666676,millequ01-2014
arthuda01,12.533333333333333,0.1,201401310DEN-DEN,201401310DEN-TOR,DEN-2014,0,2014,1.2533333333333334,2.5661666666666676,arthuda01-2014
hamiljo02,10.65,-0.6,201401310DEN-DEN,201401310DEN-TOR,DEN-2014,0,2014,-6.39,2.5661666666666676,hamiljo02-2014
randoan01,4.933333333333334,-2.4,201401310DEN-DEN,201401310DEN-TOR,DEN-2014,0,2014,-11.84,2.5661666666666676,randoan01-2014
lawsoty01,44.78333333333333,3.8,201402030DEN-DEN,201402030DEN-LAC,DEN-2014,1,2014,170.17666666666665,71.14907407407406,lawsoty01-2014
foyera01,40.2,0.4,201402030DEN-DEN,201402030DEN-LAC,DEN-2014,1,2014,16.080000000000002,71.14907407407406,foyera01-2014
hicksjj01,34.85,4.3,201402030DEN-DEN,201402030DEN-LAC,DEN-2014,1,2014,149.855,71.14907407407406,hicksjj01-2014
chandwi01,33.483333333333334,0.3,201402030DEN-DEN,201402030DEN-LAC,DEN-2014,1,2014,10.045,71.14907407407406,chandwi01-2014
farieke01,31.116666666666667,13.5,201402030DEN-DEN,201402030DEN-LAC,DEN-2014,1,2014,420.075,71.14907407407406,farieke01-2014
mozgoti01,16.5,-6.4,201402030DEN-DEN,201402030DEN-LAC,DEN-2014,1,2014,-105.60000000000001,71.14907407407406,mozgoti01-2014
millequ01,16.25,2.6,201402030DEN-DEN,201402030DEN-LAC,DEN-2014,1,2014,42.25,71.14907407407406,millequ01-2014
arthuda01,13.55,-4,201402030DEN-DEN,201402030DEN-LAC,DEN-2014,1,2014,-54.2,71.14907407407406,arthuda01-2014
fournev01,9.266666666666667,-0.9,201402030DEN-DEN,201402030DEN-LAC,DEN-2014,1,2014,-8.340000000000002,71.14907407407406,fournev01-2014
foyera01,43.53333333333333,8.7,201402050DEN-DEN,201402050DEN-MIL,DEN-2014,1,2014,378.73999999999995,56.65599999999999,foyera01-2014
lawsoty01,37.13333333333333,1.9,201402050DEN-DEN,201402050DEN-MIL,DEN-2014,1,2014,70.55333333333333,56.65599999999999,lawsoty01-2014
chandwi01,35.43333333333333,-0.6,201402050DEN-DEN,201402050DEN-MIL,DEN-2014,1,2014,-21.259999999999998,56.65599999999999,chandwi01-2014
hicksjj01,34.65,5.6,201402050DEN-DEN,201402050DEN-MIL,DEN-2014,1,2014,194.04,56.65599999999999,hicksjj01-2014
farieke01,31.916666666666668,-0.1,201402050DEN-DEN,201402050DEN-MIL,DEN-2014,1,2014,-3.191666666666667,56.65599999999999,farieke01-2014
fournev01,15.483333333333333,-2,201402050DEN-DEN,201402050DEN-MIL,DEN-2014,1,2014,-30.966666666666665,56.65599999999999,fournev01-2014
millequ01,12.566666666666666,2.3,201402050DEN-DEN,201402050DEN-MIL,DEN-2014,1,2014,28.90333333333333,56.65599999999999,millequ01-2014
mozgoti01,11.833333333333334,-4.4,201402050DEN-DEN,201402050DEN-MIL,DEN-2014,1,2014,-52.06666666666667,56.65599999999999,mozgoti01-2014
randoan01,10.283333333333333,1.5,201402050DEN-DEN,201402050DEN-MIL,DEN-2014,1,2014,15.425,56.65599999999999,randoan01-2014
arthuda01,7.166666666666667,-1.9,201402050DEN-DEN,201402050DEN-MIL,DEN-2014,1,2014,-13.616666666666667,56.65599999999999,arthuda01-2014
anthoca01,32.65,7.7,201402070NYK-NYK,201402070NYK-DEN,NYK-2014,1,2014,251.405,56.19722222222222,anthoca01-2014
hardati02,29.85,-0.3,201402070NYK-NYK,201402070NYK-DEN,NYK-2014,1,2014,-8.955,56.19722222222222,hardati02-2014
feltora01,27.816666666666666,8.3,201402070NYK-NYK,201402070NYK-DEN,NYK-2014,1,2014,230.87833333333336,56.19722222222222,feltora01-2014
smithjr01,23.516666666666666,0,201402070NYK-NYK,201402070NYK-DEN,NYK-2014,1,2014,0,56.19722222222222,smithjr01-2014
chandty01,23.433333333333334,3,201402070NYK-NYK,201402070NYK-DEN,NYK-2014,1,2014,70.3,56.19722222222222,chandty01-2014
prigipa01,22.183333333333334,6.4,201402070NYK-NYK,201402070NYK-DEN,NYK-2014,1,2014,141.97333333333333,56.19722222222222,prigipa01-2014
tylerje01,21.916666666666668,2.3,201402070NYK-NYK,201402070NYK-DEN,NYK-2014,1,2014,50.40833333333333,56.19722222222222,tylerje01-2014
stoudam01,19.866666666666667,1.3,201402070NYK-NYK,201402070NYK-DEN,NYK-2014,1,2014,25.826666666666668,56.19722222222222,stoudam01-2014
shumpim01,16.5,-4.8,201402070NYK-NYK,201402070NYK-DEN,NYK-2014,1,2014,-79.2,56.19722222222222,shumpim01-2014
murryto01,10.433333333333334,-1.7,201402070NYK-NYK,201402070NYK-DEN,NYK-2014,1,2014,-17.736666666666668,56.19722222222222,murryto01-2014
aldrico01,5.916666666666667,1.3,201402070NYK-NYK,201402070NYK-DEN,NYK-2014,1,2014,7.691666666666667,56.19722222222222,aldrico01-2014
artesro01,5.916666666666667,0.3,201402070NYK-NYK,201402070NYK-DEN,NYK-2014,1,2014,1.7750000000000001,56.19722222222222,artesro01-2014
singlky01,45.71666666666667,-2.8,201402080DET-DET,201402080DET-DEN,DET-2014,1,2014,-128.00666666666666,90.67062499999999,singlky01-2014
smithjo03,45.5,5.3,201402080DET-DET,201402080DET-DEN,DET-2014,1,2014,241.15,90.67062499999999,smithjo03-2014
jennibr01,40.28333333333333,13,201402080DET-DET,201402080DET-DEN,DET-2014,1,2014,523.6833333333333,90.67062499999999,jennibr01-2014
drumman01,35.4,6.3,201402080DET-DET,201402080DET-DEN,DET-2014,1,2014,223.01999999999998,90.67062499999999,drumman01-2014
monrogr01,30.4,-2.6,201402080DET-DET,201402080DET-DEN,DET-2014,1,2014,-79.03999999999999,90.67062499999999,monrogr01-2014
stuckro01,28.733333333333334,-0.9,201402080DET-DET,201402080DET-DEN,DET-2014,1,2014,-25.860000000000003,90.67062499999999,stuckro01-2014
caldwke01,12.35,-2.5,201402080DET-DET,201402080DET-DEN,DET-2014,1,2014,-30.875,90.67062499999999,caldwke01-2014
jerebjo01,1.6166666666666667,0.8,201402080DET-DET,201402080DET-DEN,DET-2014,1,2014,1.2933333333333334,90.67062499999999,jerebjo01-2014
stephla01,28.283333333333335,0.5,201402100IND-IND,201402100IND-DEN,IND-2014,1,2014,14.141666666666667,58.570512820512825,stephla01-2014
georgpa01,26.833333333333332,1.6,201402100IND-IND,201402100IND-DEN,IND-2014,1,2014,42.93333333333334,58.570512820512825,georgpa01-2014
westda01,26.75,10.1,201402100IND-IND,201402100IND-DEN,IND-2014,1,2014,270.175,58.570512820512825,westda01-2014
hibbero01,26.433333333333334,4.9,201402100IND-IND,201402100IND-DEN,IND-2014,1,2014,129.52333333333334,58.570512820512825,hibbero01-2014
hillge01,24.983333333333334,4.3,201402100IND-IND,201402100IND-DEN,IND-2014,1,2014,107.42833333333333,58.570512820512825,hillge01-2014
grangda01,21.683333333333334,2.4,201402100IND-IND,201402100IND-DEN,IND-2014,1,2014,52.04,58.570512820512825,grangda01-2014
mahinia01,21.566666666666666,3.7,201402100IND-IND,201402100IND-DEN,IND-2014,1,2014,79.79666666666667,58.570512820512825,mahinia01-2014
watsocj01,15.75,-1.8,201402100IND-IND,201402100IND-DEN,IND-2014,1,2014,-28.35,58.570512820512825,watsocj01-2014
scolalu01,13.916666666666666,1.1,201402100IND-IND,201402100IND-DEN,IND-2014,1,2014,15.308333333333334,58.570512820512825,scolalu01-2014
butlera01,12,4.9,201402100IND-IND,201402100IND-DEN,IND-2014,1,2014,58.800000000000004,58.570512820512825,butlera01-2014
copelch01,7.266666666666667,-1.7,201402100IND-IND,201402100IND-DEN,IND-2014,1,2014,-12.353333333333333,58.570512820512825,copelch01-2014
hillso01,7.266666666666667,4,201402100IND-IND,201402100IND-DEN,IND-2014,1,2014,29.066666666666666,58.570512820512825,hillso01-2014
sloando01,7.266666666666667,0.4,201402100IND-IND,201402100IND-DEN,IND-2014,1,2014,2.9066666666666667,58.570512820512825,sloando01-2014
loveke01,36.9,15.5,201402120MIN-MIN,201402120MIN-DEN,MIN-2014,1,2014,571.9499999999999,84.90102564102564,loveke01-2014
breweco01,36.03333333333333,4.3,201402120MIN-MIN,201402120MIN-DEN,MIN-2014,1,2014,154.94333333333333,84.90102564102564,breweco01-2014
rubiori01,32.8,12.6,201402120MIN-MIN,201402120MIN-DEN,MIN-2014,1,2014,413.28,84.90102564102564,rubiori01-2014
turiaro01,28.9,-0.6,201402120MIN-MIN,201402120MIN-DEN,MIN-2014,1,2014,-17.34,84.90102564102564,turiaro01-2014
budinch01,26.6,-1.6,201402120MIN-MIN,201402120MIN-DEN,MIN-2014,1,2014,-42.56,84.90102564102564,budinch01-2014
bareajo01,18.433333333333334,6.2,201402120MIN-MIN,201402120MIN-DEN,MIN-2014,1,2014,114.28666666666668,84.90102564102564,bareajo01-2014
cunnida01,16.05,-1.8,201402120MIN-MIN,201402120MIN-DEN,MIN-2014,1,2014,-28.89,84.90102564102564,cunnida01-2014
mbahalu01,9.533333333333333,-0.9,201402120MIN-MIN,201402120MIN-DEN,MIN-2014,1,2014,-8.58,84.90102564102564,mbahalu01-2014
dienggo01,7.95,-0.4,201402120MIN-MIN,201402120MIN-DEN,MIN-2014,1,2014,-3.18,84.90102564102564,dienggo01-2014
priceaj01,7.566666666666666,-1.3,201402120MIN-MIN,201402120MIN-DEN,MIN-2014,1,2014,-9.836666666666666,84.90102564102564,priceaj01-2014
shvedal01,6.833333333333333,-2.1,201402120MIN-MIN,201402120MIN-DEN,MIN-2014,1,2014,-14.35,84.90102564102564,shvedal01-2014
muhamsh01,6.216666666666667,-1.2,201402120MIN-MIN,201402120MIN-DEN,MIN-2014,1,2014,-7.46,84.90102564102564,muhamsh01-2014
hummero01,6.183333333333334,-3,201402120MIN-MIN,201402120MIN-DEN,MIN-2014,1,2014,-18.55,84.90102564102564,hummero01-2014
foyera01,39.86666666666667,-2,201402180DEN-DEN,201402180DEN-PHO,DEN-2014,0,2014,-79.73333333333333,22.700555555555546,foyera01-2014
chandwi01,36.53333333333333,-1.5,201402180DEN-DEN,201402180DEN-PHO,DEN-2014,0,2014,-54.8,22.700555555555546,chandwi01-2014
farieke01,35.18333333333333,4.6,201402180DEN-DEN,201402180DEN-PHO,DEN-2014,0,2014,161.8433333333333,22.700555555555546,farieke01-2014
fournev01,32.93333333333333,8.9,201402180DEN-DEN,201402180DEN-PHO,DEN-2014,0,2014,293.1066666666666,22.700555555555546,fournev01-2014
hicksjj01,32.6,-3.9,201402180DEN-DEN,201402180DEN-PHO,DEN-2014,0,2014,-127.14,22.700555555555546,hicksjj01-2014
hamiljo02,25.75,1,201402180DEN-DEN,201402180DEN-PHO,DEN-2014,0,2014,25.75,22.700555555555546,hamiljo02-2014
randoan01,24.116666666666667,-2.5,201402180DEN-DEN,201402180DEN-PHO,DEN-2014,0,2014,-60.29166666666667,22.700555555555546,randoan01-2014
mozgoti01,19.133333333333333,1,201402180DEN-DEN,201402180DEN-PHO,DEN-2014,0,2014,19.133333333333333,22.700555555555546,mozgoti01-2014
arthuda01,18.883333333333333,1.4,201402180DEN-DEN,201402180DEN-PHO,DEN-2014,0,2014,26.436666666666664,22.700555555555546,arthuda01-2014
woltena01,39.56666666666667,-2.9,201402200MIL-MIL,201402200MIL-DEN,MIL-2014,0,2014,-114.74333333333334,-9.684814814814812,woltena01-2014
ilyaser01,35.333333333333336,-0.9,201402200MIL-MIL,201402200MIL-DEN,MIL-2014,0,2014,-31.800000000000004,-9.684814814814812,ilyaser01-2014
antetgi01,32.333333333333336,10.2,201402200MIL-MIL,201402200MIL-DEN,MIL-2014,0,2014,329.8,-9.684814814814812,antetgi01-2014
butleca01,31.266666666666666,2.4,201402200MIL-MIL,201402200MIL-DEN,MIL-2014,0,2014,75.03999999999999,-9.684814814814812,butleca01-2014
middlkh01,27.75,-6.3,201402200MIL-MIL,201402200MIL-DEN,MIL-2014,0,2014,-174.825,-9.684814814814812,middlkh01-2014
hensojo01,24.8,-0.7,201402200MIL-MIL,201402200MIL-DEN,MIL-2014,0,2014,-17.36,-9.684814814814812,hensojo01-2014
pachuza01,23.683333333333334,-6.8,201402200MIL-MIL,201402200MIL-DEN,MIL-2014,0,2014,-161.04666666666665,-9.684814814814812,pachuza01-2014
mayooj01,23.35,0.3,201402200MIL-MIL,201402200MIL-DEN,MIL-2014,0,2014,7.005,-9.684814814814812,mayooj01-2014
radulmi01,1.9166666666666665,0.4,201402200MIL-MIL,201402200MIL-DEN,MIL-2014,0,2014,0.7666666666666666,-9.684814814814812,radulmi01-2014
snellto01,36.88333333333333,0.4,201402210CHI-CHI,201402210CHI-DEN,CHI-2014,1,2014,14.753333333333334,64.15541666666667,snellto01-2014
dunlemi02,35.65,5.9,201402210CHI-CHI,201402210CHI-DEN,CHI-2014,1,2014,210.335,64.15541666666667,dunlemi02-2014
augusdj01,30.666666666666668,11.5,201402210CHI-CHI,201402210CHI-DEN,CHI-2014,1,2014,352.6666666666667,64.15541666666667,augusdj01-2014
noahjo01,28.25,10.1,201402210CHI-CHI,201402210CHI-DEN,CHI-2014,1,2014,285.325,64.15541666666667,noahjo01-2014
gibsota01,26.666666666666668,1.4,201402210CHI-CHI,201402210CHI-DEN,CHI-2014,1,2014,37.333333333333336,64.15541666666667,gibsota01-2014
hinriki01,24.383333333333333,-1.7,201402210CHI-CHI,201402210CHI-DEN,CHI-2014,1,2014,-41.45166666666667,64.15541666666667,hinriki01-2014
boozeca01,24,-4,201402210CHI-CHI,201402210CHI-DEN,CHI-2014,1,2014,-96,64.15541666666667,boozeca01-2014
mohamna01,13.4,-3.3,201402210CHI-CHI,201402210CHI-DEN,CHI-2014,1,2014,-44.22,64.15541666666667,mohamna01-2014
butleji01,11.116666666666667,4.5,201402210CHI-CHI,201402210CHI-DEN,CHI-2014,1,2014,50.025000000000006,64.15541666666667,butleji01-2014
murpher01,3.6833333333333336,0.4,201402210CHI-CHI,201402210CHI-DEN,CHI-2014,1,2014,1.4733333333333336,64.15541666666667,murpher01-2014
shengto01,3.25,0.2,201402210CHI-CHI,201402210CHI-DEN,CHI-2014,1,2014,0.65,64.15541666666667,shengto01-2014
varnaja01,2.05,-0.5,201402210CHI-CHI,201402210CHI-DEN,CHI-2014,1,2014,-1.025,64.15541666666667,varnaja01-2014
fournev01,35.61666666666667,12.2,201402230DEN-DEN,201402230DEN-SAC,DEN-2014,0,2014,434.5233333333333,17.24683333333333,fournev01-2014
foyera01,33.95,7.3,201402230DEN-DEN,201402230DEN-SAC,DEN-2014,0,2014,247.835,17.24683333333333,foyera01-2014
brookaa01,31.916666666666668,-3.6,201402230DEN-DEN,201402230DEN-SAC,DEN-2014,0,2014,-114.9,17.24683333333333,brookaa01-2014
chandwi01,29.933333333333334,-1.5,201402230DEN-DEN,201402230DEN-SAC,DEN-2014,0,2014,-44.9,17.24683333333333,chandwi01-2014
farieke01,29.616666666666667,-3.6,201402230DEN-DEN,201402230DEN-SAC,DEN-2014,0,2014,-106.62,17.24683333333333,farieke01-2014
millequ01,24.583333333333332,-3.5,201402230DEN-DEN,201402230DEN-SAC,DEN-2014,0,2014,-86.04166666666666,17.24683333333333,millequ01-2014
mozgoti01,18.933333333333334,-7.8,201402230DEN-DEN,201402230DEN-SAC,DEN-2014,0,2014,-147.68,17.24683333333333,mozgoti01-2014
hicksjj01,16.233333333333334,-5,201402230DEN-DEN,201402230DEN-SAC,DEN-2014,0,2014,-81.16666666666667,17.24683333333333,hicksjj01-2014
veselja01,15.666666666666666,4.4,201402230DEN-DEN,201402230DEN-SAC,DEN-2014,0,2014,68.93333333333334,17.24683333333333,veselja01-2014
randoan01,3.55,0.7,201402230DEN-DEN,201402230DEN-SAC,DEN-2014,0,2014,2.485,17.24683333333333,randoan01-2014
foyera01,41.05,0.6,201402250DEN-DEN,201402250DEN-POR,DEN-2014,0,2014,24.63,20.59777777777778,foyera01-2014
fournev01,30.816666666666666,-1.8,201402250DEN-DEN,201402250DEN-POR,DEN-2014,0,2014,-55.47,20.59777777777778,fournev01-2014
brookaa01,29.9,2.3,201402250DEN-DEN,201402250DEN-POR,DEN-2014,0,2014,68.77,20.59777777777778,brookaa01-2014
hicksjj01,29.866666666666667,2.3,201402250DEN-DEN,201402250DEN-POR,DEN-2014,0,2014,68.69333333333333,20.59777777777778,hicksjj01-2014
chandwi01,25.933333333333334,-3,201402250DEN-DEN,201402250DEN-POR,DEN-2014,0,2014,-77.8,20.59777777777778,chandwi01-2014
mozgoti01,25.3,5.3,201402250DEN-DEN,201402250DEN-POR,DEN-2014,0,2014,134.09,20.59777777777778,mozgoti01-2014
millequ01,23.333333333333332,-1.8,201402250DEN-DEN,201402250DEN-POR,DEN-2014,0,2014,-42,20.59777777777778,millequ01-2014
farieke01,21.816666666666666,2.9,201402250DEN-DEN,201402250DEN-POR,DEN-2014,0,2014,63.26833333333333,20.59777777777778,farieke01-2014
veselja01,11.983333333333333,0.1,201402250DEN-DEN,201402250DEN-POR,DEN-2014,0,2014,1.1983333333333333,20.59777777777778,veselja01-2014
fournev01,44.13333333333333,-5.6,201402270DEN-DEN,201402270DEN-BRK,DEN-2014,0,2014,-247.14666666666665,-16.911666666666665,fournev01-2014
brookaa01,35.96666666666667,0.8,201402270DEN-DEN,201402270DEN-BRK,DEN-2014,0,2014,28.773333333333337,-16.911666666666665,brookaa01-2014
foyera01,33.15,6.5,201402270DEN-DEN,201402270DEN-BRK,DEN-2014,0,2014,215.475,-16.911666666666665,foyera01-2014
farieke01,26.316666666666666,1.8,201402270DEN-DEN,201402270DEN-BRK,DEN-2014,0,2014,47.37,-16.911666666666665,farieke01-2014
randoan01,25.433333333333334,-3.4,201402270DEN-DEN,201402270DEN-BRK,DEN-2014,0,2014,-86.47333333333333,-16.911666666666665,randoan01-2014
hicksjj01,21.6,-0.7,201402270DEN-DEN,201402270DEN-BRK,DEN-2014,0,2014,-15.12,-16.911666666666665,hicksjj01-2014
millequ01,21.416666666666668,-3.4,201402270DEN-DEN,201402270DEN-BRK,DEN-2014,0,2014,-72.81666666666666,-16.911666666666665,millequ01-2014
mozgoti01,20.533333333333335,0.7,201402270DEN-DEN,201402270DEN-BRK,DEN-2014,0,2014,14.373333333333333,-16.911666666666665,mozgoti01-2014
veselja01,11.45,-3.2,201402270DEN-DEN,201402270DEN-BRK,DEN-2014,0,2014,-36.64,-16.911666666666665,veselja01-2014
batumni01,36.06666666666667,-0.1,201403010POR-POR,201403010POR-DEN,POR-2014,1,2014,-3.6066666666666674,42.47166666666667,batumni01-2014
lillada01,35.06666666666667,5.6,201403010POR-POR,201403010POR-DEN,POR-2014,1,2014,196.37333333333333,42.47166666666667,lillada01-2014
lopezro01,31.6,5.6,201403010POR-POR,201403010POR-DEN,POR-2014,1,2014,176.96,42.47166666666667,lopezro01-2014
matthwe02,31.6,1.5,201403010POR-POR,201403010POR-DEN,POR-2014,1,2014,47.400000000000006,42.47166666666667,matthwe02-2014
aldrila01,30.033333333333335,0.1,201403010POR-POR,201403010POR-DEN,POR-2014,1,2014,3.003333333333334,42.47166666666667,aldrila01-2014
willima01,25.866666666666667,-1.2,201403010POR-POR,201403010POR-DEN,POR-2014,1,2014,-31.04,42.47166666666667,willima01-2014
leoname01,16.4,0.6,201403010POR-POR,201403010POR-DEN,POR-2014,1,2014,9.839999999999998,42.47166666666667,leoname01-2014
wrighdo01,14.45,0.8,201403010POR-POR,201403010POR-DEN,POR-2014,1,2014,11.56,42.47166666666667,wrighdo01-2014
bartowi01,12.933333333333334,1.1,201403010POR-POR,201403010POR-DEN,POR-2014,1,2014,14.226666666666668,42.47166666666667,bartowi01-2014
clavevi01,5.983333333333333,0,201403010POR-POR,201403010POR-DEN,POR-2014,1,2014,0,42.47166666666667,clavevi01-2014
foyera01,42.55,-1.5,201403030DEN-DEN,201403030DEN-MIN,DEN-2014,0,2014,-63.824999999999996,45.50383333333333,foyera01-2014
lawsoty01,40.266666666666666,12.8,201403030DEN-DEN,201403030DEN-MIN,DEN-2014,0,2014,515.4133333333333,45.50383333333333,lawsoty01-2014
chandwi01,37.56666666666667,-0.9,201403030DEN-DEN,201403030DEN-MIN,DEN-2014,0,2014,-33.81,45.50383333333333,chandwi01-2014
farieke01,32.25,6.1,201403030DEN-DEN,201403030DEN-MIN,DEN-2014,0,2014,196.725,45.50383333333333,farieke01-2014
hicksjj01,27.35,-2.9,201403030DEN-DEN,201403030DEN-MIN,DEN-2014,0,2014,-79.315,45.50383333333333,hicksjj01-2014
brookaa01,17.616666666666667,-2.9,201403030DEN-DEN,201403030DEN-MIN,DEN-2014,0,2014,-51.08833333333333,45.50383333333333,brookaa01-2014
fournev01,14.4,-2.6,201403030DEN-DEN,201403030DEN-MIN,DEN-2014,0,2014,-37.440000000000005,45.50383333333333,fournev01-2014
arthuda01,13.616666666666667,0.2,201403030DEN-DEN,201403030DEN-MIN,DEN-2014,0,2014,2.7233333333333336,45.50383333333333,arthuda01-2014
mozgoti01,9.95,-0.1,201403030DEN-DEN,201403030DEN-MIN,DEN-2014,0,2014,-0.995,45.50383333333333,mozgoti01-2014
veselja01,4.433333333333334,1.5,201403030DEN-DEN,201403030DEN-MIN,DEN-2014,0,2014,6.65,45.50383333333333,veselja01-2014
foyera01,38.03333333333333,1.7,201403050DEN-DEN,201403050DEN-DAL,DEN-2014,1,2014,64.65666666666667,39.78606060606061,foyera01-2014
lawsoty01,35.43333333333333,4.7,201403050DEN-DEN,201403050DEN-DAL,DEN-2014,1,2014,166.53666666666666,39.78606060606061,lawsoty01-2014
chandwi01,32.43333333333333,-2.2,201403050DEN-DEN,201403050DEN-DAL,DEN-2014,1,2014,-71.35333333333334,39.78606060606061,chandwi01-2014
farieke01,32.03333333333333,1.3,201403050DEN-DEN,201403050DEN-DAL,DEN-2014,1,2014,41.64333333333333,39.78606060606061,farieke01-2014
hicksjj01,26.483333333333334,8.7,201403050DEN-DEN,201403050DEN-DAL,DEN-2014,1,2014,230.405,39.78606060606061,hicksjj01-2014
mozgoti01,20.516666666666666,-4.4,201403050DEN-DEN,201403050DEN-DAL,DEN-2014,1,2014,-90.27333333333334,39.78606060606061,mozgoti01-2014
brookaa01,17.033333333333335,3.2,201403050DEN-DEN,201403050DEN-DAL,DEN-2014,1,2014,54.506666666666675,39.78606060606061,brookaa01-2014
fournev01,14.65,2,201403050DEN-DEN,201403050DEN-DAL,DEN-2014,1,2014,29.3,39.78606060606061,fournev01-2014
arthuda01,14.15,2.3,201403050DEN-DEN,201403050DEN-DAL,DEN-2014,1,2014,32.545,39.78606060606061,arthuda01-2014
millequ01,8.433333333333334,-2.4,201403050DEN-DEN,201403050DEN-DAL,DEN-2014,1,2014,-20.24,39.78606060606061,millequ01-2014
randoan01,0.8,-0.1,201403050DEN-DEN,201403050DEN-DAL,DEN-2014,1,2014,-0.08000000000000002,39.78606060606061,randoan01-2014
lawsoty01,40.733333333333334,6,201403070DEN-DEN,201403070DEN-LAL,DEN-2014,1,2014,244.4,66.33183333333334,lawsoty01-2014
farieke01,37.733333333333334,6.2,201403070DEN-DEN,201403070DEN-LAL,DEN-2014,1,2014,233.9466666666667,66.33183333333334,farieke01-2014
foyera01,32.86666666666667,5.6,201403070DEN-DEN,201403070DEN-LAL,DEN-2014,1,2014,184.0533333333333,66.33183333333334,foyera01-2014
chandwi01,27.633333333333333,5.2,201403070DEN-DEN,201403070DEN-LAL,DEN-2014,1,2014,143.69333333333333,66.33183333333334,chandwi01-2014
mozgoti01,25.783333333333335,0.3,201403070DEN-DEN,201403070DEN-LAL,DEN-2014,1,2014,7.735,66.33183333333334,mozgoti01-2014
fournev01,23.516666666666666,0.1,201403070DEN-DEN,201403070DEN-LAL,DEN-2014,1,2014,2.3516666666666666,66.33183333333334,fournev01-2014
brookaa01,19.283333333333335,-4.5,201403070DEN-DEN,201403070DEN-LAL,DEN-2014,1,2014,-86.775,66.33183333333334,brookaa01-2014
hicksjj01,14.633333333333333,0,201403070DEN-DEN,201403070DEN-LAL,DEN-2014,1,2014,0,66.33183333333334,hicksjj01-2014
arthuda01,8.983333333333333,-4.8,201403070DEN-DEN,201403070DEN-LAL,DEN-2014,1,2014,-43.12,66.33183333333334,arthuda01-2014
veselja01,8.833333333333334,-2.6,201403070DEN-DEN,201403070DEN-LAL,DEN-2014,1,2014,-22.96666666666667,66.33183333333334,veselja01-2014
davisan02,45.166666666666664,10.3,201403090NOP-NOP,201403090NOP-DEN,NOP-2014,1,2014,465.2166666666667,44.96666666666667,davisan02-2014
evansty01,39.3,1.7,201403090NOP-NOP,201403090NOP-DEN,NOP-2014,1,2014,66.80999999999999,44.96666666666667,evansty01-2014
gordoer01,35.766666666666666,-7.3,201403090NOP-NOP,201403090NOP-DEN,NOP-2014,1,2014,-261.09666666666664,44.96666666666667,gordoer01-2014
roberbr01,27.066666666666666,-0.4,201403090NOP-NOP,201403090NOP-DEN,NOP-2014,1,2014,-10.826666666666668,44.96666666666667,roberbr01-2014
stiemgr01,26.883333333333333,-0.1,201403090NOP-NOP,201403090NOP-DEN,NOP-2014,1,2014,-2.6883333333333335,44.96666666666667,stiemgr01-2014
riverau01,25.933333333333334,3.3,201403090NOP-NOP,201403090NOP-DEN,NOP-2014,1,2014,85.58,44.96666666666667,riverau01-2014
morroan01,21.616666666666667,3.5,201403090NOP-NOP,201403090NOP-DEN,NOP-2014,1,2014,75.65833333333333,44.96666666666667,morroan01-2014
aminual01,17.433333333333334,0.8,201403090NOP-NOP,201403090NOP-DEN,NOP-2014,1,2014,13.946666666666667,44.96666666666667,aminual01-2014
witheje01,14.666666666666666,3.6,201403090NOP-NOP,201403090NOP-DEN,NOP-2014,1,2014,52.8,44.96666666666667,witheje01-2014
ajincal01,11.166666666666666,-3.2,201403090NOP-NOP,201403090NOP-DEN,NOP-2014,1,2014,-35.733333333333334,44.96666666666667,ajincal01-2014
walkeke02,41.18333333333333,2.5,201403100CHA-CHA,201403100CHA-DEN,CHA-2014,1,2014,102.95833333333333,69.07183333333333,walkeke02-2014
jeffeal01,39.233333333333334,4.8,201403100CHA-CHA,201403100CHA-DEN,CHA-2014,1,2014,188.32,69.07183333333333,jeffeal01-2014
mcrobjo01,34.1,8.3,201403100CHA-CHA,201403100CHA-DEN,CHA-2014,1,2014,283.03000000000003,69.07183333333333,mcrobjo01-2014
douglch01,33.71666666666667,-0.1,201403100CHA-CHA,201403100CHA-DEN,CHA-2014,1,2014,-3.371666666666667,69.07183333333333,douglch01-2014
nealga01,30.783333333333335,7.4,201403100CHA-CHA,201403100CHA-DEN,CHA-2014,1,2014,227.79666666666668,69.07183333333333,nealga01-2014
tollian01,19.033333333333335,-3.7,201403100CHA-CHA,201403100CHA-DEN,CHA-2014,1,2014,-70.42333333333335,69.07183333333333,tollian01-2014
kiddgmi01,16.216666666666665,-1.5,201403100CHA-CHA,201403100CHA-DEN,CHA-2014,1,2014,-24.324999999999996,69.07183333333333,kiddgmi01-2014
zelleco01,10.15,2.8,201403100CHA-CHA,201403100CHA-DEN,CHA-2014,1,2014,28.419999999999998,69.07183333333333,zelleco01-2014
biyombi01,8.766666666666667,-3.2,201403100CHA-CHA,201403100CHA-DEN,CHA-2014,1,2014,-28.053333333333338,69.07183333333333,biyombi01-2014
ridnolu01,6.816666666666666,-2,201403100CHA-CHA,201403100CHA-DEN,CHA-2014,1,2014,-13.633333333333333,69.07183333333333,ridnolu01-2014
vucevni01,38.78333333333333,1,201403120ORL-ORL,201403120ORL-DEN,ORL-2014,0,2014,38.78333333333333,2.598833333333332,vucevni01-2014
afflaar01,35,0.4,201403120ORL-ORL,201403120ORL-DEN,ORL-2014,0,2014,14,2.598833333333332,afflaar01-2014
nelsoja01,32.166666666666664,4.2,201403120ORL-ORL,201403120ORL-DEN,ORL-2014,0,2014,135.1,2.598833333333332,nelsoja01-2014
harklma01,28.866666666666667,-7.7,201403120ORL-ORL,201403120ORL-DEN,ORL-2014,0,2014,-222.27333333333334,2.598833333333332,harklma01-2014
oladivi01,27.833333333333332,-1.8,201403120ORL-ORL,201403120ORL-DEN,ORL-2014,0,2014,-50.1,2.598833333333332,oladivi01-2014
oquinky01,27.45,-0.1,201403120ORL-ORL,201403120ORL-DEN,ORL-2014,0,2014,-2.745,2.598833333333332,oquinky01-2014
harrito02,19.166666666666668,4.5,201403120ORL-ORL,201403120ORL-DEN,ORL-2014,0,2014,86.25,2.598833333333332,harrito02-2014
mooreet01,17.116666666666667,1.5,201403120ORL-ORL,201403120ORL-DEN,ORL-2014,0,2014,25.675,2.598833333333332,mooreet01-2014
lambdo01,7.133333333333334,1,201403120ORL-ORL,201403120ORL-DEN,ORL-2014,0,2014,7.133333333333334,2.598833333333332,lambdo01-2014
nichoan01,6.483333333333333,-0.9,201403120ORL-ORL,201403120ORL-DEN,ORL-2014,0,2014,-5.835,2.598833333333332,nichoan01-2014
jamesle01,39.833333333333336,-0.7,201403140MIA-MIA,201403140MIA-DEN,MIA-2014,0,2014,-27.883333333333333,34.850833333333334,jamesle01-2014
chalmma01,36.15,4.5,201403140MIA-MIA,201403140MIA-DEN,MIA-2014,0,2014,162.67499999999998,34.850833333333334,chalmma01-2014
boshch01,35.7,-4.4,201403140MIA-MIA,201403140MIA-DEN,MIA-2014,0,2014,-157.08,34.850833333333334,boshch01-2014
wadedw01,35.03333333333333,-0.5,201403140MIA-MIA,201403140MIA-DEN,MIA-2014,0,2014,-17.516666666666666,34.850833333333334,wadedw01-2014
allenra02,29.233333333333334,11.3,201403140MIA-MIA,201403140MIA-DEN,MIA-2014,0,2014,330.3366666666667,34.850833333333334,allenra02-2014
anderch01,21.533333333333335,7.7,201403140MIA-MIA,201403140MIA-DEN,MIA-2014,0,2014,165.80666666666667,34.850833333333334,anderch01-2014
coleno01,18.633333333333333,-4.8,201403140MIA-MIA,201403140MIA-DEN,MIA-2014,0,2014,-89.44,34.850833333333334,coleno01-2014
battish01,11.333333333333334,-0.8,201403140MIA-MIA,201403140MIA-DEN,MIA-2014,0,2014,-9.066666666666668,34.850833333333334,battish01-2014
beaslmi01,7.283333333333333,0.6,201403140MIA-MIA,201403140MIA-DEN,MIA-2014,0,2014,4.37,34.850833333333334,beaslmi01-2014
odengr01,5.266666666666667,-2.6,201403140MIA-MIA,201403140MIA-DEN,MIA-2014,0,2014,-13.693333333333333,34.850833333333334,odengr01-2014
carrode01,42.13333333333333,1.2,201403150ATL-ATL,201403150ATL-DEN,ATL-2014,1,2014,50.559999999999995,63.64366666666667,carrode01-2014
millspa01,37.233333333333334,9.3,201403150ATL-ATL,201403150ATL-DEN,ATL-2014,1,2014,346.27000000000004,63.64366666666667,millspa01-2014
korveky01,36.93333333333333,6,201403150ATL-ATL,201403150ATL-DEN,ATL-2014,1,2014,221.59999999999997,63.64366666666667,korveky01-2014
teaguje01,36.46666666666667,1.1,201403150ATL-ATL,201403150ATL-DEN,ATL-2014,1,2014,40.11333333333334,63.64366666666667,teaguje01-2014
anticpe01,24.15,3.7,201403150ATL-ATL,201403150ATL-DEN,ATL-2014,1,2014,89.355,63.64366666666667,anticpe01-2014
brandel01,23.466666666666665,-2.1,201403150ATL-ATL,201403150ATL-DEN,ATL-2014,1,2014,-49.28,63.64366666666667,brandel01-2014
macksh01,12.616666666666667,-0.3,201403150ATL-ATL,201403150ATL-DEN,ATL-2014,1,2014,-3.785,63.64366666666667,macksh01-2014
schrode01,11.533333333333333,-3.7,201403150ATL-ATL,201403150ATL-DEN,ATL-2014,1,2014,-42.67333333333333,63.64366666666667,schrode01-2014
scottmi01,11.033333333333333,-0.3,201403150ATL-ATL,201403150ATL-DEN,ATL-2014,1,2014,-3.31,63.64366666666667,scottmi01-2014
martica01,4.433333333333334,-2.8,201403150ATL-ATL,201403150ATL-DEN,ATL-2014,1,2014,-12.413333333333334,63.64366666666667,martica01-2014
lawsoty01,38.166666666666664,7,201403170DEN-DEN,201403170DEN-LAC,DEN-2014,1,2014,267.16666666666663,65.04299999999999,lawsoty01-2014
farieke01,33.6,5.3,201403170DEN-DEN,201403170DEN-LAC,DEN-2014,1,2014,178.08,65.04299999999999,farieke01-2014
chandwi01,32.766666666666666,-5.1,201403170DEN-DEN,201403170DEN-LAC,DEN-2014,1,2014,-167.10999999999999,65.04299999999999,chandwi01-2014
hicksjj01,29.6,3,201403170DEN-DEN,201403170DEN-LAC,DEN-2014,1,2014,88.80000000000001,65.04299999999999,hicksjj01-2014
foyera01,29.266666666666666,10,201403170DEN-DEN,201403170DEN-LAC,DEN-2014,1,2014,292.66666666666663,65.04299999999999,foyera01-2014
mozgoti01,19.35,4.3,201403170DEN-DEN,201403170DEN-LAC,DEN-2014,1,2014,83.205,65.04299999999999,mozgoti01-2014
brookaa01,17.266666666666666,-1.8,201403170DEN-DEN,201403170DEN-LAC,DEN-2014,1,2014,-31.08,65.04299999999999,brookaa01-2014
fournev01,14.333333333333334,-1.8,201403170DEN-DEN,201403170DEN-LAC,DEN-2014,1,2014,-25.8,65.04299999999999,fournev01-2014
arthuda01,12.983333333333333,-0.1,201403170DEN-DEN,201403170DEN-LAC,DEN-2014,1,2014,-1.2983333333333333,65.04299999999999,arthuda01-2014
millequ01,12.666666666666666,-2.7,201403170DEN-DEN,201403170DEN-LAC,DEN-2014,1,2014,-34.2,65.04299999999999,millequ01-2014
brookaa01,46.6,5.7,201403190DEN-DEN,201403190DEN-DET,DEN-2014,1,2014,265.62,44.911166666666674,brookaa01-2014
foyera01,44.35,3.7,201403190DEN-DEN,201403190DEN-DET,DEN-2014,1,2014,164.09500000000003,44.911166666666674,foyera01-2014
farieke01,32.45,0.6,201403190DEN-DEN,201403190DEN-DET,DEN-2014,1,2014,19.470000000000002,44.911166666666674,farieke01-2014
hicksjj01,25.6,-0.2,201403190DEN-DEN,201403190DEN-DET,DEN-2014,1,2014,-5.120000000000001,44.911166666666674,hicksjj01-2014
fournev01,24.383333333333333,-2.8,201403190DEN-DEN,201403190DEN-DET,DEN-2014,1,2014,-68.27333333333333,44.911166666666674,fournev01-2014
arthuda01,20.033333333333335,2.1,201403190DEN-DEN,201403190DEN-DET,DEN-2014,1,2014,42.07000000000001,44.911166666666674,arthuda01-2014
randoan01,18.4,0.4,201403190DEN-DEN,201403190DEN-DET,DEN-2014,1,2014,7.359999999999999,44.911166666666674,randoan01-2014
mozgoti01,17.8,1.6,201403190DEN-DEN,201403190DEN-DET,DEN-2014,1,2014,28.480000000000004,44.911166666666674,mozgoti01-2014
millequ01,7.05,0.2,201403190DEN-DEN,201403190DEN-DET,DEN-2014,1,2014,1.4100000000000001,44.911166666666674,millequ01-2014
veselja01,3.3333333333333335,-1.8,201403190DEN-DEN,201403190DEN-DET,DEN-2014,1,2014,-6,44.911166666666674,veselja01-2014
ellismo01,33.55,5.9,201403210DAL-DAL,201403210DAL-DEN,DAL-2014,1,2014,197.945,52.41846153846154,ellismo01-2014
mariosh01,32.35,5.5,201403210DAL-DAL,201403210DAL-DEN,DAL-2014,1,2014,177.925,52.41846153846154,mariosh01-2014
nowitdi01,28.933333333333334,3.4,201403210DAL-DAL,201403210DAL-DEN,DAL-2014,1,2014,98.37333333333333,52.41846153846154,nowitdi01-2014
caldejo01,26.833333333333332,2.2,201403210DAL-DAL,201403210DAL-DEN,DAL-2014,1,2014,59.03333333333334,52.41846153846154,caldejo01-2014
cartevi01,24.516666666666666,5.4,201403210DAL-DAL,201403210DAL-DEN,DAL-2014,1,2014,132.39000000000001,52.41846153846154,cartevi01-2014
harride01,24.283333333333335,-3.4,201403210DAL-DAL,201403210DAL-DEN,DAL-2014,1,2014,-82.56333333333333,52.41846153846154,harride01-2014
wrighbr03,20.816666666666666,3.8,201403210DAL-DAL,201403210DAL-DEN,DAL-2014,1,2014,79.10333333333332,52.41846153846154,wrighbr03-2014
crowdja01,17.983333333333334,7.1,201403210DAL-DAL,201403210DAL-DEN,DAL-2014,1,2014,127.68166666666667,52.41846153846154,crowdja01-2014
dalemsa01,16.05,-4,201403210DAL-DAL,201403210DAL-DEN,DAL-2014,1,2014,-64.2,52.41846153846154,dalemsa01-2014
blairde01,11.133333333333333,-3.9,201403210DAL-DAL,201403210DAL-DEN,DAL-2014,1,2014,-43.419999999999995,52.41846153846154,blairde01-2014
ellinwa01,1.1833333333333333,-1.1,201403210DAL-DAL,201403210DAL-DEN,DAL-2014,1,2014,-1.3016666666666667,52.41846153846154,ellinwa01-2014
jamesbe01,1.1833333333333333,-0.9,201403210DAL-DAL,201403210DAL-DEN,DAL-2014,1,2014,-1.065,52.41846153846154,jamesbe01-2014
larkish01,1.1833333333333333,1.3,201403210DAL-DAL,201403210DAL-DEN,DAL-2014,1,2014,1.5383333333333333,52.41846153846154,larkish01-2014
lawsoty01,34.166666666666664,1.3,201403230DEN-DEN,201403230DEN-WAS,DEN-2014,1,2014,44.416666666666664,39.05833333333333,lawsoty01-2014
foyera01,33.8,6.4,201403230DEN-DEN,201403230DEN-WAS,DEN-2014,1,2014,216.32,39.05833333333333,foyera01-2014
farieke01,31.75,1.9,201403230DEN-DEN,201403230DEN-WAS,DEN-2014,1,2014,60.324999999999996,39.05833333333333,farieke01-2014
arthuda01,25.216666666666665,7,201403230DEN-DEN,201403230DEN-WAS,DEN-2014,1,2014,176.51666666666665,39.05833333333333,arthuda01-2014
brookaa01,24.7,1.3,201403230DEN-DEN,201403230DEN-WAS,DEN-2014,1,2014,32.11,39.05833333333333,brookaa01-2014
mozgoti01,23.733333333333334,-7.1,201403230DEN-DEN,201403230DEN-WAS,DEN-2014,1,2014,-168.50666666666666,39.05833333333333,mozgoti01-2014
fournev01,21.4,3.2,201403230DEN-DEN,201403230DEN-WAS,DEN-2014,1,2014,68.48,39.05833333333333,fournev01-2014
randoan01,16.116666666666667,-3.4,201403230DEN-DEN,201403230DEN-WAS,DEN-2014,1,2014,-54.79666666666667,39.05833333333333,randoan01-2014
veselja01,15.283333333333333,1.3,201403230DEN-DEN,201403230DEN-WAS,DEN-2014,1,2014,19.868333333333332,39.05833333333333,veselja01-2014
millequ01,13.833333333333334,-0.3,201403230DEN-DEN,201403230DEN-WAS,DEN-2014,1,2014,-4.15,39.05833333333333,millequ01-2014
jacksre01,33.266666666666666,11.6,201403240OKC-OKC,201403240OKC-DEN,OKC-2014,1,2014,385.8933333333333,62.41409090909091,jacksre01-2014
ibakase01,32.63333333333333,0.7,201403240OKC-OKC,201403240OKC-DEN,OKC-2014,1,2014,22.84333333333333,62.41409090909091,ibakase01-2014
duranke01,31.466666666666665,5.1,201403240OKC-OKC,201403240OKC-DEN,OKC-2014,1,2014,160.48,62.41409090909091,duranke01-2014
butleca01,29.05,0.8,201403240OKC-OKC,201403240OKC-DEN,OKC-2014,1,2014,23.240000000000002,62.41409090909091,butleca01-2014
adamsst01,23.216666666666665,5.8,201403240OKC-OKC,201403240OKC-DEN,OKC-2014,1,2014,134.65666666666667,62.41409090909091,adamsst01-2014
collini01,22.25,1.4,201403240OKC-OKC,201403240OKC-DEN,OKC-2014,1,2014,31.15,62.41409090909091,collini01-2014
fishede01,20.833333333333332,0.8,201403240OKC-OKC,201403240OKC-DEN,OKC-2014,1,2014,16.666666666666668,62.41409090909091,fishede01-2014
lambje01,19.666666666666668,-6.2,201403240OKC-OKC,201403240OKC-DEN,OKC-2014,1,2014,-121.93333333333334,62.41409090909091,lambje01-2014
roberan03,18.416666666666668,1.1,201403240OKC-OKC,201403240OKC-DEN,OKC-2014,1,2014,20.258333333333336,62.41409090909091,roberan03-2014
jonespe01,6.333333333333333,2.1,201403240OKC-OKC,201403240OKC-DEN,OKC-2014,1,2014,13.3,62.41409090909091,jonespe01-2014
shakumu01,2.8666666666666667,0,201403240OKC-OKC,201403240OKC-DEN,OKC-2014,1,2014,0,62.41409090909091,shakumu01-2014
parketo01,36.666666666666664,-5.2,201403260SAS-SAS,201403260SAS-DEN,SAS-2014,1,2014,-190.66666666666666,46.28636363636364,parketo01-2014
duncati01,36.45,8.6,201403260SAS-SAS,201403260SAS-DEN,SAS-2014,1,2014,313.47,46.28636363636364,duncati01-2014
leonaka01,35.083333333333336,3.8,201403260SAS-SAS,201403260SAS-DEN,SAS-2014,1,2014,133.31666666666666,46.28636363636364,leonaka01-2014
splitti01,28.65,3.8,201403260SAS-SAS,201403260SAS-DEN,SAS-2014,1,2014,108.86999999999999,46.28636363636364,splitti01-2014
ginobma01,24.6,0.3,201403260SAS-SAS,201403260SAS-DEN,SAS-2014,1,2014,7.38,46.28636363636364,ginobma01-2014
diawbo01,20.716666666666665,1.2,201403260SAS-SAS,201403260SAS-DEN,SAS-2014,1,2014,24.859999999999996,46.28636363636364,diawbo01-2014
greenda02,17.266666666666666,8.1,201403260SAS-SAS,201403260SAS-DEN,SAS-2014,1,2014,139.85999999999999,46.28636363636364,greenda02-2014
belinma01,16.3,-3.6,201403260SAS-SAS,201403260SAS-DEN,SAS-2014,1,2014,-58.68000000000001,46.28636363636364,belinma01-2014
millspa02,14.35,2.1,201403260SAS-SAS,201403260SAS-DEN,SAS-2014,1,2014,30.135,46.28636363636364,millspa02-2014
baynear01,7.783333333333333,0.9,201403260SAS-SAS,201403260SAS-DEN,SAS-2014,1,2014,7.005,46.28636363636364,baynear01-2014
dayeau01,2.1333333333333333,-3,201403260SAS-SAS,201403260SAS-DEN,SAS-2014,1,2014,-6.4,46.28636363636364,dayeau01-2014
foyera01,32.28333333333333,2.6,201403280DEN-DEN,201403280DEN-SAS,DEN-2014,0,2014,83.93666666666667,-4.315833333333332,foyera01-2014
brookaa01,29.583333333333332,-1.9,201403280DEN-DEN,201403280DEN-SAS,DEN-2014,0,2014,-56.20833333333333,-4.315833333333332,brookaa01-2014
fournev01,28.616666666666667,1.1,201403280DEN-DEN,201403280DEN-SAS,DEN-2014,0,2014,31.478333333333335,-4.315833333333332,fournev01-2014
lawsoty01,28.6,2.9,201403280DEN-DEN,201403280DEN-SAS,DEN-2014,0,2014,82.94,-4.315833333333332,lawsoty01-2014
farieke01,26.95,5,201403280DEN-DEN,201403280DEN-SAS,DEN-2014,0,2014,134.75,-4.315833333333332,farieke01-2014
millequ01,23.716666666666665,-3.2,201403280DEN-DEN,201403280DEN-SAS,DEN-2014,0,2014,-75.89333333333333,-4.315833333333332,millequ01-2014
veselja01,22.8,-0.4,201403280DEN-DEN,201403280DEN-SAS,DEN-2014,0,2014,-9.120000000000001,-4.315833333333332,veselja01-2014
mozgoti01,20.55,-4.7,201403280DEN-DEN,201403280DEN-SAS,DEN-2014,0,2014,-96.58500000000001,-4.315833333333332,mozgoti01-2014
arthuda01,18.466666666666665,-8,201403280DEN-DEN,201403280DEN-SAS,DEN-2014,0,2014,-147.73333333333332,-4.315833333333332,arthuda01-2014
randoan01,8.433333333333334,1.1,201403280DEN-DEN,201403280DEN-SAS,DEN-2014,0,2014,9.276666666666667,-4.315833333333332,randoan01-2014
foyera01,40.233333333333334,3.1,201403310DEN-DEN,201403310DEN-MEM,DEN-2014,0,2014,124.72333333333334,30.856851851851854,foyera01-2014
lawsoty01,39.516666666666666,-5,201403310DEN-DEN,201403310DEN-MEM,DEN-2014,0,2014,-197.58333333333331,30.856851851851854,lawsoty01-2014
farieke01,31.8,4,201403310DEN-DEN,201403310DEN-MEM,DEN-2014,0,2014,127.2,30.856851851851854,farieke01-2014
mozgoti01,31.583333333333332,3.9,201403310DEN-DEN,201403310DEN-MEM,DEN-2014,0,2014,123.175,30.856851851851854,mozgoti01-2014
brookaa01,29.433333333333334,3.5,201403310DEN-DEN,201403310DEN-MEM,DEN-2014,0,2014,103.01666666666667,30.856851851851854,brookaa01-2014
millequ01,17.65,-0.3,201403310DEN-DEN,201403310DEN-MEM,DEN-2014,0,2014,-5.294999999999999,30.856851851851854,millequ01-2014
fournev01,17.15,0.7,201403310DEN-DEN,201403310DEN-MEM,DEN-2014,0,2014,12.004999999999999,30.856851851851854,fournev01-2014
veselja01,16.416666666666668,1,201403310DEN-DEN,201403310DEN-MEM,DEN-2014,0,2014,16.416666666666668,30.856851851851854,veselja01-2014
arthuda01,16.216666666666665,-1.6,201403310DEN-DEN,201403310DEN-MEM,DEN-2014,0,2014,-25.946666666666665,30.856851851851854,arthuda01-2014
lawsoty01,33.45,0,201404020DEN-DEN,201404020DEN-NOP,DEN-2014,1,2014,0,60.767333333333326,lawsoty01-2014
foyera01,30.233333333333334,-1.3,201404020DEN-DEN,201404020DEN-NOP,DEN-2014,1,2014,-39.303333333333335,60.767333333333326,foyera01-2014
brookaa01,29.75,11.1,201404020DEN-DEN,201404020DEN-NOP,DEN-2014,1,2014,330.22499999999997,60.767333333333326,brookaa01-2014
farieke01,26.766666666666666,8.1,201404020DEN-DEN,201404020DEN-NOP,DEN-2014,1,2014,216.80999999999997,60.767333333333326,farieke01-2014
mozgoti01,26.4,-0.7,201404020DEN-DEN,201404020DEN-NOP,DEN-2014,1,2014,-18.479999999999997,60.767333333333326,mozgoti01-2014
fournev01,23.933333333333334,-1.2,201404020DEN-DEN,201404020DEN-NOP,DEN-2014,1,2014,-28.72,60.767333333333326,fournev01-2014
millequ01,22.35,-1,201404020DEN-DEN,201404020DEN-NOP,DEN-2014,1,2014,-22.35,60.767333333333326,millequ01-2014
veselja01,21.366666666666667,5.8,201404020DEN-DEN,201404020DEN-NOP,DEN-2014,1,2014,123.92666666666666,60.767333333333326,veselja01-2014
arthuda01,16.6,2.8,201404020DEN-DEN,201404020DEN-NOP,DEN-2014,1,2014,46.480000000000004,60.767333333333326,arthuda01-2014
randoan01,9.15,-0.1,201404020DEN-DEN,201404020DEN-NOP,DEN-2014,1,2014,-0.915,60.767333333333326,randoan01-2014
randoza01,41.65,6.3,201404040MEM-MEM,201404040MEM-DEN,MEM-2014,1,2014,262.395,56.822272727272725,randoza01-2014
leeco01,38.733333333333334,0.1,201404040MEM-MEM,201404040MEM-DEN,MEM-2014,1,2014,3.8733333333333335,56.822272727272725,leeco01-2014
gasolma01,35.75,3.7,201404040MEM-MEM,201404040MEM-DEN,MEM-2014,1,2014,132.275,56.822272727272725,gasolma01-2014
conlemi01,35.333333333333336,6,201404040MEM-MEM,201404040MEM-DEN,MEM-2014,1,2014,212,56.822272727272725,conlemi01-2014
allento01,20.4,1,201404040MEM-MEM,201404040MEM-DEN,MEM-2014,1,2014,20.4,56.822272727272725,allento01-2014
millemi01,17.6,-3.9,201404040MEM-MEM,201404040MEM-DEN,MEM-2014,1,2014,-68.64,56.822272727272725,millemi01-2014
calatni01,17.35,1,201404040MEM-MEM,201404040MEM-DEN,MEM-2014,1,2014,17.35,56.822272727272725,calatni01-2014
princta01,14.033333333333333,5.6,201404040MEM-MEM,201404040MEM-DEN,MEM-2014,1,2014,78.58666666666666,56.822272727272725,princta01-2014
koufoko01,11.433333333333334,-1.8,201404040MEM-MEM,201404040MEM-DEN,MEM-2014,1,2014,-20.580000000000002,56.822272727272725,koufoko01-2014
davised01,6.233333333333333,-2,201404040MEM-MEM,201404040MEM-DEN,MEM-2014,1,2014,-12.466666666666667,56.822272727272725,davised01-2014
johnsja01,1.4833333333333334,-0.1,201404040MEM-MEM,201404040MEM-DEN,MEM-2014,1,2014,-0.14833333333333334,56.822272727272725,johnsja01-2014
hardeja01,43.21666666666667,4.8,201404060HOU-HOU,201404060HOU-DEN,HOU-2014,1,2014,207.44,44.82703703703704,hardeja01-2014
asikom01,43.15,3.7,201404060HOU-HOU,201404060HOU-DEN,HOU-2014,1,2014,159.655,44.82703703703704,asikom01-2014
parsoch01,42.233333333333334,-1.3,201404060HOU-HOU,201404060HOU-DEN,HOU-2014,1,2014,-54.903333333333336,44.82703703703704,parsoch01-2014
linje01,34.4,3.5,201404060HOU-HOU,201404060HOU-DEN,HOU-2014,1,2014,120.39999999999999,44.82703703703704,linje01-2014
garcifr01,31.95,-2.7,201404060HOU-HOU,201404060HOU-DEN,HOU-2014,1,2014,-86.265,44.82703703703704,garcifr01-2014
joneste01,23.766666666666666,-1.1,201404060HOU-HOU,201404060HOU-DEN,HOU-2014,1,2014,-26.143333333333334,44.82703703703704,joneste01-2014
canaais01,18.6,5.7,201404060HOU-HOU,201404060HOU-DEN,HOU-2014,1,2014,106.02000000000001,44.82703703703704,canaais01-2014
motiedo01,16.483333333333334,-2.4,201404060HOU-HOU,201404060HOU-DEN,HOU-2014,1,2014,-39.56,44.82703703703704,motiedo01-2014
casspom01,11.2,1.5,201404060HOU-HOU,201404060HOU-DEN,HOU-2014,1,2014,16.799999999999997,44.82703703703704,casspom01-2014
millequ01,40.483333333333334,-4.9,201404090DEN-DEN,201404090DEN-HOU,DEN-2014,1,2014,-198.36833333333334,45.333888888888886,millequ01-2014
foyera01,38.3,17.5,201404090DEN-DEN,201404090DEN-HOU,DEN-2014,1,2014,670.25,45.333888888888886,foyera01-2014
brookaa01,36.833333333333336,-4.3,201404090DEN-DEN,201404090DEN-HOU,DEN-2014,1,2014,-158.38333333333333,45.333888888888886,brookaa01-2014
fournev01,26.933333333333334,-1.9,201404090DEN-DEN,201404090DEN-HOU,DEN-2014,1,2014,-51.17333333333333,45.333888888888886,fournev01-2014
farieke01,26.366666666666667,-1.2,201404090DEN-DEN,201404090DEN-HOU,DEN-2014,1,2014,-31.64,45.333888888888886,farieke01-2014
mozgoti01,25.15,5.3,201404090DEN-DEN,201404090DEN-HOU,DEN-2014,1,2014,133.295,45.333888888888886,mozgoti01-2014
veselja01,22.85,3.8,201404090DEN-DEN,201404090DEN-HOU,DEN-2014,1,2014,86.83,45.333888888888886,veselja01-2014
arthuda01,17.816666666666666,-1.9,201404090DEN-DEN,201404090DEN-HOU,DEN-2014,1,2014,-33.85166666666667,45.333888888888886,arthuda01-2014
randoan01,5.266666666666667,-1.7,201404090DEN-DEN,201404090DEN-HOU,DEN-2014,1,2014,-8.953333333333333,45.333888888888886,randoan01-2014
curryst01,33.53333333333333,9.7,201404100GSW-GSW,201404100GSW-DEN,GSW-2014,0,2014,325.2733333333333,38.00933333333333,curryst01-2014
thompkl01,30.233333333333334,0.2,201404100GSW-GSW,201404100GSW-DEN,GSW-2014,0,2014,6.046666666666667,38.00933333333333,thompkl01-2014
barneha02,29.533333333333335,4.5,201404100GSW-GSW,201404100GSW-DEN,GSW-2014,0,2014,132.9,38.00933333333333,barneha02-2014
iguodan01,26.9,1.7,201404100GSW-GSW,201404100GSW-DEN,GSW-2014,0,2014,45.73,38.00933333333333,iguodan01-2014
bogutan01,26.683333333333334,-0.3,201404100GSW-GSW,201404100GSW-DEN,GSW-2014,0,2014,-8.004999999999999,38.00933333333333,bogutan01-2014
greendr01,24.2,-3.4,201404100GSW-GSW,201404100GSW-DEN,GSW-2014,0,2014,-82.28,38.00933333333333,greendr01-2014
onealje01,21.533333333333335,0.7,201404100GSW-GSW,201404100GSW-DEN,GSW-2014,0,2014,15.073333333333334,38.00933333333333,onealje01-2014
blakest01,16.1,-3.4,201404100GSW-GSW,201404100GSW-DEN,GSW-2014,0,2014,-54.74,38.00933333333333,blakest01-2014
crawfjo02,15.666666666666666,1.9,201404100GSW-GSW,201404100GSW-DEN,GSW-2014,0,2014,29.766666666666666,38.00933333333333,crawfjo02-2014
speigma01,15.616666666666667,-1.9,201404100GSW-GSW,201404100GSW-DEN,GSW-2014,0,2014,-29.671666666666667,38.00933333333333,speigma01-2014
farieke01,42.28333333333333,4.1,201404120DEN-DEN,201404120DEN-UTA,DEN-2014,1,2014,173.36166666666665,51.477222222222224,farieke01-2014
brookaa01,40.63333333333333,-4.3,201404120DEN-DEN,201404120DEN-UTA,DEN-2014,1,2014,-174.72333333333333,51.477222222222224,brookaa01-2014
foyera01,39.6,9.6,201404120DEN-DEN,201404120DEN-UTA,DEN-2014,1,2014,380.16,51.477222222222224,foyera01-2014
mozgoti01,32.733333333333334,-0.4,201404120DEN-DEN,201404120DEN-UTA,DEN-2014,1,2014,-13.093333333333334,51.477222222222224,mozgoti01-2014
fournev01,31.15,4.5,201404120DEN-DEN,201404120DEN-UTA,DEN-2014,1,2014,140.17499999999998,51.477222222222224,fournev01-2014
chandwi01,20.533333333333335,2.5,201404120DEN-DEN,201404120DEN-UTA,DEN-2014,1,2014,51.333333333333336,51.477222222222224,chandwi01-2014
veselja01,16.75,-4,201404120DEN-DEN,201404120DEN-UTA,DEN-2014,1,2014,-67,51.477222222222224,veselja01-2014
millequ01,14.266666666666667,-1.7,201404120DEN-DEN,201404120DEN-UTA,DEN-2014,1,2014,-24.253333333333334,51.477222222222224,millequ01-2014
arthuda01,2.05,-1.3,201404120DEN-DEN,201404120DEN-UTA,DEN-2014,1,2014,-2.665,51.477222222222224,arthuda01-2014
jordade01,36.35,4,201404150LAC-LAC,201404150LAC-DEN,LAC-2014,1,2014,145.4,54.386833333333335,jordade01-2014
crawfja01,30.95,-6.2,201404150LAC-LAC,201404150LAC-DEN,LAC-2014,1,2014,-191.89000000000001,54.386833333333335,crawfja01-2014
barnema02,29.55,0.5,201404150LAC-LAC,201404150LAC-DEN,LAC-2014,1,2014,14.775,54.386833333333335,barnema02-2014
griffbl01,29.55,5.4,201404150LAC-LAC,201404150LAC-DEN,LAC-2014,1,2014,159.57000000000002,54.386833333333335,griffbl01-2014
paulch01,28.483333333333334,12,201404150LAC-LAC,201404150LAC-DEN,LAC-2014,1,2014,341.8,54.386833333333335,paulch01-2014
collida01,24.433333333333334,-1.3,201404150LAC-LAC,201404150LAC-DEN,LAC-2014,1,2014,-31.763333333333335,54.386833333333335,collida01-2014
turkohe01,18.45,-0.7,201404150LAC-LAC,201404150LAC-DEN,LAC-2014,1,2014,-12.915,54.386833333333335,turkohe01-2014
redicjj01,17.483333333333334,7.4,201404150LAC-LAC,201404150LAC-DEN,LAC-2014,1,2014,129.3766666666667,54.386833333333335,redicjj01-2014
dudleja01,13.1,0,201404150LAC-LAC,201404150LAC-DEN,LAC-2014,1,2014,0,54.386833333333335,dudleja01-2014
davisgl01,11.65,-0.9,201404150LAC-LAC,201404150LAC-DEN,LAC-2014,1,2014,-10.485000000000001,54.386833333333335,davisgl01-2014
foyera01,42.583333333333336,6.7,201404160DEN-DEN,201404160DEN-GSW,DEN-2014,0,2014,285.30833333333334,0.6487037037037076,foyera01-2014
farieke01,37.53333333333333,-8.5,201404160DEN-DEN,201404160DEN-GSW,DEN-2014,0,2014,-319.0333333333333,0.6487037037037076,farieke01-2014
chandwi01,30.7,-0.5,201404160DEN-DEN,201404160DEN-GSW,DEN-2014,0,2014,-15.35,0.6487037037037076,chandwi01-2014
brookaa01,25.483333333333334,-1.1,201404160DEN-DEN,201404160DEN-GSW,DEN-2014,0,2014,-28.03166666666667,0.6487037037037076,brookaa01-2014
mozgoti01,25.283333333333335,1,201404160DEN-DEN,201404160DEN-GSW,DEN-2014,0,2014,25.283333333333335,0.6487037037037076,mozgoti01-2014
millequ01,22.75,-1.7,201404160DEN-DEN,201404160DEN-GSW,DEN-2014,0,2014,-38.675,0.6487037037037076,millequ01-2014
fournev01,22.566666666666666,-1.7,201404160DEN-DEN,201404160DEN-GSW,DEN-2014,0,2014,-38.36333333333333,0.6487037037037076,fournev01-2014
randoan01,19.466666666666665,7.9,201404160DEN-DEN,201404160DEN-GSW,DEN-2014,0,2014,153.78666666666666,0.6487037037037076,randoan01-2014
veselja01,13.633333333333333,-1.4,201404160DEN-DEN,201404160DEN-GSW,DEN-2014,0,2014,-19.086666666666666,0.6487037037037076,veselja01-2014
lawsoty01,35.78333333333333,6.4,201310300SAC-DEN,201310300SAC-SAC,DEN-2014,0,2014,229.01333333333332,27.915909090909093,lawsoty01-2014
hicksjj01,33.03333333333333,2,201310300SAC-DEN,201310300SAC-SAC,DEN-2014,0,2014,66.06666666666666,27.915909090909093,hicksjj01-2014
foyera01,32.63333333333333,0.9,201310300SAC-DEN,201310300SAC-SAC,DEN-2014,0,2014,29.37,27.915909090909093,foyera01-2014
millean02,21.283333333333335,4,201310300SAC-DEN,201310300SAC-SAC,DEN-2014,0,2014,85.13333333333334,27.915909090909093,millean02-2014
fournev01,21.216666666666665,-2.4,201310300SAC-DEN,201310300SAC-SAC,DEN-2014,0,2014,-50.919999999999995,27.915909090909093,fournev01-2014
mozgoti01,19.516666666666666,3.5,201310300SAC-DEN,201310300SAC-SAC,DEN-2014,0,2014,68.30833333333334,27.915909090909093,mozgoti01-2014
arthuda01,18.383333333333333,-1.1,201310300SAC-DEN,201310300SAC-SAC,DEN-2014,0,2014,-20.221666666666668,27.915909090909093,arthuda01-2014
robinna01,17.9,-3,201310300SAC-DEN,201310300SAC-SAC,DEN-2014,0,2014,-53.699999999999996,27.915909090909093,robinna01-2014
randoan01,15.183333333333334,-1.7,201310300SAC-DEN,201310300SAC-SAC,DEN-2014,0,2014,-25.811666666666667,27.915909090909093,randoan01-2014
farieke01,14.966666666666667,-0.2,201310300SAC-DEN,201310300SAC-SAC,DEN-2014,0,2014,-2.9933333333333336,27.915909090909093,farieke01-2014
mcgeeja01,10.1,-1.7,201310300SAC-DEN,201310300SAC-SAC,DEN-2014,0,2014,-17.169999999999998,27.915909090909093,mcgeeja01-2014
matthwe02,35.68333333333333,9.5,201311010DEN-POR,201311010DEN-DEN,POR-2014,1,2014,338.9916666666666,61.41794871794871,matthwe02-2014
aldrila01,35.65,4.1,201311010DEN-POR,201311010DEN-DEN,POR-2014,1,2014,146.165,61.41794871794871,aldrila01-2014
batumni01,35.28333333333333,8,201311010DEN-POR,201311010DEN-DEN,POR-2014,1,2014,282.26666666666665,61.41794871794871,batumni01-2014
lillada01,34.15,5.1,201311010DEN-POR,201311010DEN-DEN,POR-2014,1,2014,174.165,61.41794871794871,lillada01-2014
willima01,26.6,-2.7,201311010DEN-POR,201311010DEN-DEN,POR-2014,1,2014,-71.82000000000001,61.41794871794871,willima01-2014
freeljo01,22.4,-1.1,201311010DEN-POR,201311010DEN-DEN,POR-2014,1,2014,-24.64,61.41794871794871,freeljo01-2014
lopezro01,21.683333333333334,-3.5,201311010DEN-POR,201311010DEN-DEN,POR-2014,1,2014,-75.89166666666667,61.41794871794871,lopezro01-2014
robinth01,12.4,-3.5,201311010DEN-POR,201311010DEN-DEN,POR-2014,1,2014,-43.4,61.41794871794871,robinth01-2014
wrighdo01,10.683333333333334,7,201311010DEN-POR,201311010DEN-DEN,POR-2014,1,2014,74.78333333333333,61.41794871794871,wrighdo01-2014
bartowi01,1.3666666666666667,-0.9,201311010DEN-POR,201311010DEN-DEN,POR-2014,1,2014,-1.23,61.41794871794871,bartowi01-2014
clavevi01,1.3666666666666667,-0.1,201311010DEN-POR,201311010DEN-DEN,POR-2014,1,2014,-0.1366666666666667,61.41794871794871,clavevi01-2014
crabbal01,1.3666666666666667,-0.9,201311010DEN-POR,201311010DEN-DEN,POR-2014,1,2014,-1.23,61.41794871794871,crabbal01-2014
leoname01,1.3666666666666667,0.3,201311010DEN-POR,201311010DEN-DEN,POR-2014,1,2014,0.41,61.41794871794871,leoname01-2014
duncati01,33.95,5.8,201311050DEN-SAS,201311050DEN-DEN,SAS-2014,1,2014,196.91,49.98166666666667,duncati01-2014
leonaka01,33.85,-0.7,201311050DEN-SAS,201311050DEN-DEN,SAS-2014,1,2014,-23.695,49.98166666666667,leonaka01-2014
parketo01,33.63333333333333,7.1,201311050DEN-SAS,201311050DEN-DEN,SAS-2014,1,2014,238.79666666666665,49.98166666666667,parketo01-2014
ginobma01,26.95,-0.3,201311050DEN-SAS,201311050DEN-DEN,SAS-2014,1,2014,-8.084999999999999,49.98166666666667,ginobma01-2014
diawbo01,26.283333333333335,2,201311050DEN-SAS,201311050DEN-DEN,SAS-2014,1,2014,52.56666666666667,49.98166666666667,diawbo01-2014
greenda02,24.433333333333334,-2.6,201311050DEN-SAS,201311050DEN-DEN,SAS-2014,1,2014,-63.52666666666667,49.98166666666667,greenda02-2014
splitti01,21.433333333333334,4.1,201311050DEN-SAS,201311050DEN-DEN,SAS-2014,1,2014,87.87666666666667,49.98166666666667,splitti01-2014
millspa02,14.366666666666667,4.9,201311050DEN-SAS,201311050DEN-DEN,SAS-2014,1,2014,70.39666666666668,49.98166666666667,millspa02-2014
belinma01,10.85,-0.9,201311050DEN-SAS,201311050DEN-DEN,SAS-2014,1,2014,-9.765,49.98166666666667,belinma01-2014
bonnema01,8.466666666666667,0.3,201311050DEN-SAS,201311050DEN-DEN,SAS-2014,1,2014,2.54,49.98166666666667,bonnema01-2014
pendeje02,5.783333333333333,1,201311050DEN-SAS,201311050DEN-DEN,SAS-2014,1,2014,5.783333333333333,49.98166666666667,pendeje02-2014
horfoal01,35.11666666666667,2,201311070DEN-ATL,201311070DEN-DEN,ATL-2014,0,2014,70.23333333333333,43.065666666666665,horfoal01-2014
millspa01,34.46666666666667,13.1,201311070DEN-ATL,201311070DEN-DEN,ATL-2014,0,2014,451.5133333333333,43.065666666666665,millspa01-2014
teaguje01,34.38333333333333,-4.3,201311070DEN-ATL,201311070DEN-DEN,ATL-2014,0,2014,-147.84833333333333,43.065666666666665,teaguje01-2014
korveky01,34.35,4.6,201311070DEN-ATL,201311070DEN-DEN,ATL-2014,0,2014,158.01,43.065666666666665,korveky01-2014
carrode01,29.683333333333334,1.9,201311070DEN-ATL,201311070DEN-DEN,ATL-2014,0,2014,56.39833333333333,43.065666666666665,carrode01-2014
martica01,23.1,-6.5,201311070DEN-ATL,201311070DEN-DEN,ATL-2014,0,2014,-150.15,43.065666666666665,martica01-2014
anticpe01,20.2,0.5,201311070DEN-ATL,201311070DEN-DEN,ATL-2014,0,2014,10.1,43.065666666666665,anticpe01-2014
macksh01,18.666666666666668,-0.5,201311070DEN-ATL,201311070DEN-DEN,ATL-2014,0,2014,-9.333333333333334,43.065666666666665,macksh01-2014
scottmi01,6.216666666666667,-0.9,201311070DEN-ATL,201311070DEN-DEN,ATL-2014,0,2014,-5.595000000000001,43.065666666666665,scottmi01-2014
cunnija01,3.8166666666666664,-0.7,201311070DEN-ATL,201311070DEN-DEN,ATL-2014,0,2014,-2.6716666666666664,43.065666666666665,cunnija01-2014
lawsoty01,41,5,201311080PHO-DEN,201311080PHO-PHO,DEN-2014,0,2014,205,24.799305555555556,lawsoty01-2014
hamiljo02,32.21666666666667,4.9,201311080PHO-DEN,201311080PHO-PHO,DEN-2014,0,2014,157.86166666666668,24.799305555555556,hamiljo02-2014
randoan01,31.7,3.2,201311080PHO-DEN,201311080PHO-PHO,DEN-2014,0,2014,101.44,24.799305555555556,randoan01-2014
foyera01,29.816666666666666,-1.1,201311080PHO-DEN,201311080PHO-PHO,DEN-2014,0,2014,-32.79833333333334,24.799305555555556,foyera01-2014
arthuda01,26.133333333333333,-2.3,201311080PHO-DEN,201311080PHO-PHO,DEN-2014,0,2014,-60.10666666666666,24.799305555555556,arthuda01-2014
farieke01,20.133333333333333,-1.4,201311080PHO-DEN,201311080PHO-PHO,DEN-2014,0,2014,-28.186666666666664,24.799305555555556,farieke01-2014
hicksjj01,14.133333333333333,-1.5,201311080PHO-DEN,201311080PHO-PHO,DEN-2014,0,2014,-21.2,24.799305555555556,hicksjj01-2014
millean02,13.583333333333334,0.9,201311080PHO-DEN,201311080PHO-PHO,DEN-2014,0,2014,12.225000000000001,24.799305555555556,millean02-2014
mcgeeja01,12.416666666666666,-3.6,201311080PHO-DEN,201311080PHO-PHO,DEN-2014,0,2014,-44.699999999999996,24.799305555555556,mcgeeja01-2014
robinna01,7,0.9,201311080PHO-DEN,201311080PHO-PHO,DEN-2014,0,2014,6.3,24.799305555555556,robinna01-2014
fournev01,6.916666666666667,1.9,201311080PHO-DEN,201311080PHO-PHO,DEN-2014,0,2014,13.141666666666667,24.799305555555556,fournev01-2014
mozgoti01,4.95,-2.3,201311080PHO-DEN,201311080PHO-PHO,DEN-2014,0,2014,-11.385,24.799305555555556,mozgoti01-2014
lawsoty01,32.03333333333333,9.6,201311110UTA-DEN,201311110UTA-UTA,DEN-2014,1,2014,307.52,48.358636363636364,lawsoty01-2014
foyera01,30.55,-2.4,201311110UTA-DEN,201311110UTA-UTA,DEN-2014,1,2014,-73.32,48.358636363636364,foyera01-2014
hicksjj01,28.883333333333333,3.2,201311110UTA-DEN,201311110UTA-UTA,DEN-2014,1,2014,92.42666666666668,48.358636363636364,hicksjj01-2014
farieke01,28.15,5.2,201311110UTA-DEN,201311110UTA-UTA,DEN-2014,1,2014,146.38,48.358636363636364,farieke01-2014
millean02,26.616666666666667,4.4,201311110UTA-DEN,201311110UTA-UTA,DEN-2014,1,2014,117.11333333333334,48.358636363636364,millean02-2014
arthuda01,19.3,-1.9,201311110UTA-DEN,201311110UTA-UTA,DEN-2014,1,2014,-36.67,48.358636363636364,arthuda01-2014
mozgoti01,19.116666666666667,-0.6,201311110UTA-DEN,201311110UTA-UTA,DEN-2014,1,2014,-11.47,48.358636363636364,mozgoti01-2014
hamiljo02,17.45,-1.2,201311110UTA-DEN,201311110UTA-UTA,DEN-2014,1,2014,-20.939999999999998,48.358636363636364,hamiljo02-2014
fournev01,13.483333333333333,-1.8,201311110UTA-DEN,201311110UTA-UTA,DEN-2014,1,2014,-24.27,48.358636363636364,fournev01-2014
randoan01,12.3,0.2,201311110UTA-DEN,201311110UTA-UTA,DEN-2014,1,2014,2.4600000000000004,48.358636363636364,randoan01-2014
robinna01,12.116666666666667,2.7,201311110UTA-DEN,201311110UTA-UTA,DEN-2014,1,2014,32.715,48.358636363636364,robinna01-2014
blakest01,33.78333333333333,3.6,201311130DEN-LAL,201311130DEN-DEN,LAL-2014,0,2014,121.61999999999999,30.022499999999997,blakest01-2014
gasolpa01,33.416666666666664,2.2,201311130DEN-LAL,201311130DEN-DEN,LAL-2014,0,2014,73.51666666666667,30.022499999999997,gasolpa01-2014
johnswe01,31.566666666666666,8.7,201311130DEN-LAL,201311130DEN-DEN,LAL-2014,0,2014,274.63,30.022499999999997,johnswe01-2014
hilljo01,30.333333333333332,6.9,201311130DEN-LAL,201311130DEN-DEN,LAL-2014,0,2014,209.3,30.022499999999997,hilljo01-2014
meeksjo01,27.033333333333335,-5.9,201311130DEN-LAL,201311130DEN-DEN,LAL-2014,0,2014,-159.4966666666667,30.022499999999997,meeksjo01-2014
youngni01,26.45,-0.8,201311130DEN-LAL,201311130DEN-DEN,LAL-2014,0,2014,-21.16,30.022499999999997,youngni01-2014
kamanch01,18.583333333333332,-3.7,201311130DEN-LAL,201311130DEN-DEN,LAL-2014,0,2014,-68.75833333333333,30.022499999999997,kamanch01-2014
henryxa01,15.833333333333334,-1.7,201311130DEN-LAL,201311130DEN-DEN,LAL-2014,0,2014,-26.916666666666668,30.022499999999997,henryxa01-2014
farmajo01,14.233333333333333,-4.8,201311130DEN-LAL,201311130DEN-DEN,LAL-2014,0,2014,-68.32,30.022499999999997,farmajo01-2014
willish03,8.766666666666667,-3.9,201311130DEN-LAL,201311130DEN-DEN,LAL-2014,0,2014,-34.190000000000005,30.022499999999997,willish03-2014
breweco01,36.233333333333334,-3.2,201311150DEN-MIN,201311150DEN-DEN,MIN-2014,0,2014,-115.94666666666667,40.341458333333335,breweco01-2014
loveke01,35.35,8.2,201311150DEN-MIN,201311150DEN-DEN,MIN-2014,0,2014,289.87,40.341458333333335,loveke01-2014
martike02,35.3,1.5,201311150DEN-MIN,201311150DEN-DEN,MIN-2014,0,2014,52.949999999999996,40.341458333333335,martike02-2014
rubiori01,34.65,-2.4,201311150DEN-MIN,201311150DEN-DEN,MIN-2014,0,2014,-83.16,40.341458333333335,rubiori01-2014
pekovni01,34.46666666666667,2.4,201311150DEN-MIN,201311150DEN-DEN,MIN-2014,0,2014,82.72,40.341458333333335,pekovni01-2014
cunnida01,25.783333333333335,-2.4,201311150DEN-MIN,201311150DEN-DEN,MIN-2014,0,2014,-61.88,40.341458333333335,cunnida01-2014
bareajo01,24.866666666666667,6.2,201311150DEN-MIN,201311150DEN-DEN,MIN-2014,0,2014,154.17333333333335,40.341458333333335,bareajo01-2014
hummero01,13.35,0.3,201311150DEN-MIN,201311150DEN-DEN,MIN-2014,0,2014,4.005,40.341458333333335,hummero01-2014
lawsoty01,39.36666666666667,12.4,201311160HOU-DEN,201311160HOU-HOU,DEN-2014,0,2014,488.1466666666667,29.576111111111114,lawsoty01-2014
chandwi01,28.566666666666666,2.2,201311160HOU-DEN,201311160HOU-HOU,DEN-2014,0,2014,62.84666666666667,29.576111111111114,chandwi01-2014
hicksjj01,27.45,2.8,201311160HOU-DEN,201311160HOU-HOU,DEN-2014,0,2014,76.86,29.576111111111114,hicksjj01-2014
farieke01,25.333333333333332,-2.4,201311160HOU-DEN,201311160HOU-HOU,DEN-2014,0,2014,-60.8,29.576111111111114,farieke01-2014
foyera01,25.25,-4.7,201311160HOU-DEN,201311160HOU-HOU,DEN-2014,0,2014,-118.67500000000001,29.576111111111114,foyera01-2014
fournev01,21.383333333333333,-1.8,201311160HOU-DEN,201311160HOU-HOU,DEN-2014,0,2014,-38.49,29.576111111111114,fournev01-2014
mozgoti01,16.55,2,201311160HOU-DEN,201311160HOU-HOU,DEN-2014,0,2014,33.1,29.576111111111114,mozgoti01-2014
millean02,15.55,-4.8,201311160HOU-DEN,201311160HOU-HOU,DEN-2014,0,2014,-74.64,29.576111111111114,millean02-2014
hamiljo02,14.433333333333334,-1,201311160HOU-DEN,201311160HOU-HOU,DEN-2014,0,2014,-14.433333333333334,29.576111111111114,hamiljo02-2014
arthuda01,13.133333333333333,-2,201311160HOU-DEN,201311160HOU-HOU,DEN-2014,0,2014,-26.266666666666666,29.576111111111114,arthuda01-2014
robinna01,11.883333333333333,2.1,201311160HOU-DEN,201311160HOU-HOU,DEN-2014,0,2014,24.955,29.576111111111114,robinna01-2014
millequ01,1.1,2.1,201311160HOU-DEN,201311160HOU-HOU,DEN-2014,0,2014,2.3100000000000005,29.576111111111114,millequ01-2014
lawsoty01,36.65,7.3,201311180OKC-DEN,201311180OKC-OKC,DEN-2014,0,2014,267.54499999999996,35.4760606060606,lawsoty01-2014
hicksjj01,33.03333333333333,2,201311180OKC-DEN,201311180OKC-OKC,DEN-2014,0,2014,66.06666666666666,35.4760606060606,hicksjj01-2014
chandwi01,32.28333333333333,-0.6,201311180OKC-DEN,201311180OKC-OKC,DEN-2014,0,2014,-19.369999999999997,35.4760606060606,chandwi01-2014
foyera01,28.9,2.4,201311180OKC-DEN,201311180OKC-OKC,DEN-2014,0,2014,69.36,35.4760606060606,foyera01-2014
farieke01,25.633333333333333,-2.2,201311180OKC-DEN,201311180OKC-OKC,DEN-2014,0,2014,-56.39333333333334,35.4760606060606,farieke01-2014
fournev01,16.983333333333334,3.2,201311180OKC-DEN,201311180OKC-OKC,DEN-2014,0,2014,54.34666666666667,35.4760606060606,fournev01-2014
hamiljo02,16.316666666666666,0.5,201311180OKC-DEN,201311180OKC-OKC,DEN-2014,0,2014,8.158333333333333,35.4760606060606,hamiljo02-2014
arthuda01,15.216666666666667,-2.2,201311180OKC-DEN,201311180OKC-OKC,DEN-2014,0,2014,-33.47666666666667,35.4760606060606,arthuda01-2014
mozgoti01,14.966666666666667,-1.2,201311180OKC-DEN,201311180OKC-OKC,DEN-2014,0,2014,-17.96,35.4760606060606,mozgoti01-2014
millean02,11.35,1.6,201311180OKC-DEN,201311180OKC-OKC,DEN-2014,0,2014,18.16,35.4760606060606,millean02-2014
robinna01,8.666666666666666,3.9,201311180OKC-DEN,201311180OKC-OKC,DEN-2014,0,2014,33.8,35.4760606060606,robinna01-2014
rosede01,33.083333333333336,2.2,201311210DEN-CHI,201311210DEN-DEN,CHI-2014,0,2014,72.78333333333335,14.872878787878784,rosede01-2014
noahjo01,32.81666666666667,8,201311210DEN-CHI,201311210DEN-DEN,CHI-2014,0,2014,262.53333333333336,14.872878787878784,noahjo01-2014
denglu01,32.56666666666667,-8.4,201311210DEN-CHI,201311210DEN-DEN,CHI-2014,0,2014,-273.56000000000006,14.872878787878784,denglu01-2014
dunlemi02,31.216666666666665,8,201311210DEN-CHI,201311210DEN-DEN,CHI-2014,0,2014,249.73333333333332,14.872878787878784,dunlemi02-2014
hinriki01,31.05,-0.2,201311210DEN-CHI,201311210DEN-DEN,CHI-2014,0,2014,-6.210000000000001,14.872878787878784,hinriki01-2014
boozeca01,30.3,-0.4,201311210DEN-CHI,201311210DEN-DEN,CHI-2014,0,2014,-12.120000000000001,14.872878787878784,boozeca01-2014
gibsota01,23.416666666666668,-2.5,201311210DEN-CHI,201311210DEN-DEN,CHI-2014,0,2014,-58.54166666666667,14.872878787878784,gibsota01-2014
teaguma01,14.916666666666666,-4.2,201311210DEN-CHI,201311210DEN-DEN,CHI-2014,0,2014,-62.65,14.872878787878784,teaguma01-2014
mohamna01,8.116666666666667,-1.2,201311210DEN-CHI,201311210DEN-DEN,CHI-2014,0,2014,-9.74,14.872878787878784,mohamna01-2014
murpher01,1.2666666666666666,-0.1,201311210DEN-CHI,201311210DEN-DEN,CHI-2014,0,2014,-0.12666666666666668,14.872878787878784,murpher01-2014
snellto01,1.25,1.2,201311210DEN-CHI,201311210DEN-DEN,CHI-2014,0,2014,1.5,14.872878787878784,snellto01-2014
nowitdi01,34.36666666666667,4.7,201311230DEN-DAL,201311230DEN-DEN,DAL-2014,0,2014,161.52333333333334,41.84633333333334,nowitdi01-2014
caldejo01,34.06666666666667,2.3,201311230DEN-DAL,201311230DEN-DEN,DAL-2014,0,2014,78.35333333333334,41.84633333333334,caldejo01-2014
ellismo01,34.06666666666667,6.7,201311230DEN-DAL,201311230DEN-DEN,DAL-2014,0,2014,228.2466666666667,41.84633333333334,ellismo01-2014
mariosh01,32.083333333333336,-2.9,201311230DEN-DAL,201311230DEN-DEN,DAL-2014,0,2014,-93.04166666666667,41.84633333333334,mariosh01-2014
blairde01,26.3,-1.9,201311230DEN-DAL,201311230DEN-DEN,DAL-2014,0,2014,-49.97,41.84633333333334,blairde01-2014
cartevi01,24.033333333333335,5.2,201311230DEN-DAL,201311230DEN-DEN,DAL-2014,0,2014,124.97333333333334,41.84633333333334,cartevi01-2014
dalemsa01,21.7,2.6,201311230DEN-DAL,201311230DEN-DEN,DAL-2014,0,2014,56.42,41.84633333333334,dalemsa01-2014
larkish01,13.933333333333334,-2.7,201311230DEN-DAL,201311230DEN-DEN,DAL-2014,0,2014,-37.620000000000005,41.84633333333334,larkish01-2014
crowdja01,13.183333333333334,-4.3,201311230DEN-DAL,201311230DEN-DEN,DAL-2014,0,2014,-56.68833333333333,41.84633333333334,crowdja01-2014
ellinwa01,6.266666666666667,1,201311230DEN-DAL,201311230DEN-DEN,DAL-2014,0,2014,6.266666666666667,41.84633333333334,ellinwa01-2014
hicksjj01,33.81666666666667,7.9,201311250DAL-DEN,201311250DAL-DAL,DEN-2014,1,2014,267.1516666666667,50.13589743589744,hicksjj01-2014
lawsoty01,30.333333333333332,8.3,201311250DAL-DEN,201311250DAL-DAL,DEN-2014,1,2014,251.76666666666668,50.13589743589744,lawsoty01-2014
arthuda01,26.866666666666667,-5,201311250DAL-DEN,201311250DAL-DAL,DEN-2014,1,2014,-134.33333333333334,50.13589743589744,arthuda01-2014
foyera01,25.616666666666667,-6,201311250DAL-DEN,201311250DAL-DAL,DEN-2014,1,2014,-153.7,50.13589743589744,foyera01-2014
farieke01,25.15,2.9,201311250DAL-DEN,201311250DAL-DAL,DEN-2014,1,2014,72.93499999999999,50.13589743589744,farieke01-2014
robinna01,23.733333333333334,7.7,201311250DAL-DEN,201311250DAL-DAL,DEN-2014,1,2014,182.74666666666667,50.13589743589744,robinna01-2014
millean02,19.1,1.9,201311250DAL-DEN,201311250DAL-DAL,DEN-2014,1,2014,36.29,50.13589743589744,millean02-2014
chandwi01,18.75,2.5,201311250DAL-DEN,201311250DAL-DAL,DEN-2014,1,2014,46.875,50.13589743589744,chandwi01-2014
hamiljo02,18.433333333333334,6.6,201311250DAL-DEN,201311250DAL-DAL,DEN-2014,1,2014,121.66,50.13589743589744,hamiljo02-2014
mozgoti01,8,-3.7,201311250DAL-DEN,201311250DAL-DAL,DEN-2014,1,2014,-29.6,50.13589743589744,mozgoti01-2014
fournev01,6.416666666666667,-0.5,201311250DAL-DEN,201311250DAL-DAL,DEN-2014,1,2014,-3.2083333333333335,50.13589743589744,fournev01-2014
randoan01,2.95,-2,201311250DAL-DEN,201311250DAL-DAL,DEN-2014,1,2014,-5.9,50.13589743589744,randoan01-2014
millequ01,0.8333333333333334,-1.1,201311250DAL-DEN,201311250DAL-DAL,DEN-2014,1,2014,-0.9166666666666667,50.13589743589744,millequ01-2014
lawsoty01,33.4,3.2,201311270MIN-DEN,201311270MIN-MIN,DEN-2014,1,2014,106.88,45.18378787878788,lawsoty01-2014
chandwi01,31.916666666666668,3.9,201311270MIN-DEN,201311270MIN-MIN,DEN-2014,1,2014,124.47500000000001,45.18378787878788,chandwi01-2014
farieke01,27.066666666666666,3.1,201311270MIN-DEN,201311270MIN-MIN,DEN-2014,1,2014,83.90666666666667,45.18378787878788,farieke01-2014
mozgoti01,22.816666666666666,0,201311270MIN-DEN,201311270MIN-MIN,DEN-2014,1,2014,0,45.18378787878788,mozgoti01-2014
robinna01,21.983333333333334,4.4,201311270MIN-DEN,201311270MIN-MIN,DEN-2014,1,2014,96.72666666666667,45.18378787878788,robinna01-2014
arthuda01,21.833333333333332,-4.3,201311270MIN-DEN,201311270MIN-MIN,DEN-2014,1,2014,-93.88333333333333,45.18378787878788,arthuda01-2014
millean02,20.5,1.5,201311270MIN-DEN,201311270MIN-MIN,DEN-2014,1,2014,30.75,45.18378787878788,millean02-2014
foyera01,19.35,1.5,201311270MIN-DEN,201311270MIN-MIN,DEN-2014,1,2014,29.025000000000002,45.18378787878788,foyera01-2014
hicksjj01,19.05,-0.2,201311270MIN-DEN,201311270MIN-MIN,DEN-2014,1,2014,-3.8100000000000005,45.18378787878788,hicksjj01-2014
hamiljo02,18.483333333333334,7.1,201311270MIN-DEN,201311270MIN-MIN,DEN-2014,1,2014,131.23166666666665,45.18378787878788,hamiljo02-2014
fournev01,3.6,-2.3,201311270MIN-DEN,201311270MIN-MIN,DEN-2014,1,2014,-8.28,45.18378787878788,fournev01-2014
anthoca01,40.25,1.5,201311290DEN-NYK,201311290DEN-DEN,NYK-2014,0,2014,60.375,29.443636363636365,anthoca01-2014
bargnan01,38.95,7.1,201311290DEN-NYK,201311290DEN-DEN,NYK-2014,0,2014,276.545,29.443636363636365,bargnan01-2014
feltora01,37.166666666666664,-2.1,201311290DEN-NYK,201311290DEN-DEN,NYK-2014,0,2014,-78.05,29.443636363636365,feltora01-2014
smithjr01,32.21666666666667,-0.3,201311290DEN-NYK,201311290DEN-DEN,NYK-2014,0,2014,-9.665000000000001,29.443636363636365,smithjr01-2014
shumpim01,32.016666666666666,1.5,201311290DEN-NYK,201311290DEN-DEN,NYK-2014,0,2014,48.025,29.443636363636365,shumpim01-2014
stoudam01,15.366666666666667,-2.1,201311290DEN-NYK,201311290DEN-DEN,NYK-2014,0,2014,-32.27,29.443636363636365,stoudam01-2014
hardati02,14.883333333333333,4.5,201311290DEN-NYK,201311290DEN-DEN,NYK-2014,0,2014,66.975,29.443636363636365,hardati02-2014
martike01,13.883333333333333,0.2,201311290DEN-NYK,201311290DEN-DEN,NYK-2014,0,2014,2.776666666666667,29.443636363636365,martike01-2014
udrihbe01,5.433333333333334,-1.3,201311290DEN-NYK,201311290DEN-DEN,NYK-2014,0,2014,-7.0633333333333335,29.443636363636365,udrihbe01-2014
prigipa01,5.383333333333334,-0.7,201311290DEN-NYK,201311290DEN-DEN,NYK-2014,0,2014,-3.7683333333333335,29.443636363636365,prigipa01-2014
artesro01,4.45,0,201311290DEN-NYK,201311290DEN-DEN,NYK-2014,0,2014,0,29.443636363636365,artesro01-2014
mozgoti01,31.25,3.4,201312010TOR-DEN,201312010TOR-TOR,DEN-2014,1,2014,106.25,47.21,mozgoti01-2014
chandwi01,30.366666666666667,0.6,201312010TOR-DEN,201312010TOR-TOR,DEN-2014,1,2014,18.22,47.21,chandwi01-2014
lawsoty01,29.05,-2,201312010TOR-DEN,201312010TOR-TOR,DEN-2014,1,2014,-58.1,47.21,lawsoty01-2014
robinna01,23.516666666666666,8.9,201312010TOR-DEN,201312010TOR-TOR,DEN-2014,1,2014,209.29833333333335,47.21,robinna01-2014
millean02,23.1,5.4,201312010TOR-DEN,201312010TOR-TOR,DEN-2014,1,2014,124.74000000000001,47.21,millean02-2014
arthuda01,22.633333333333333,10.9,201312010TOR-DEN,201312010TOR-TOR,DEN-2014,1,2014,246.70333333333335,47.21,arthuda01-2014
farieke01,20.066666666666666,2,201312010TOR-DEN,201312010TOR-TOR,DEN-2014,1,2014,40.13333333333333,47.21,farieke01-2014
foyera01,18.966666666666665,-6.7,201312010TOR-DEN,201312010TOR-TOR,DEN-2014,1,2014,-127.07666666666665,47.21,foyera01-2014
hamiljo02,17.633333333333333,0.7,201312010TOR-DEN,201312010TOR-TOR,DEN-2014,1,2014,12.343333333333332,47.21,hamiljo02-2014
hicksjj01,17.483333333333334,-2.5,201312010TOR-DEN,201312010TOR-TOR,DEN-2014,1,2014,-43.708333333333336,47.21,hicksjj01-2014
fournev01,5.933333333333334,-1.6,201312010TOR-DEN,201312010TOR-TOR,DEN-2014,1,2014,-9.493333333333334,47.21,fournev01-2014
mozgoti01,30.616666666666667,8.2,201312030BRK-DEN,201312030BRK-BRK,DEN-2014,1,2014,251.05666666666664,35.55,mozgoti01-2014
lawsoty01,26.516666666666666,1.3,201312030BRK-DEN,201312030BRK-BRK,DEN-2014,1,2014,34.471666666666664,35.55,lawsoty01-2014
chandwi01,26.133333333333333,-2.8,201312030BRK-DEN,201312030BRK-BRK,DEN-2014,1,2014,-73.17333333333333,35.55,chandwi01-2014
farieke01,24.583333333333332,-0.5,201312030BRK-DEN,201312030BRK-BRK,DEN-2014,1,2014,-12.291666666666666,35.55,farieke01-2014
millean02,22.283333333333335,-0.5,201312030BRK-DEN,201312030BRK-BRK,DEN-2014,1,2014,-11.141666666666667,35.55,millean02-2014
foyera01,20.816666666666666,7.7,201312030BRK-DEN,201312030BRK-BRK,DEN-2014,1,2014,160.28833333333333,35.55,foyera01-2014
robinna01,19.916666666666668,-1.1,201312030BRK-DEN,201312030BRK-BRK,DEN-2014,1,2014,-21.908333333333335,35.55,robinna01-2014
hamiljo02,17.133333333333333,4.1,201312030BRK-DEN,201312030BRK-BRK,DEN-2014,1,2014,70.24666666666666,35.55,hamiljo02-2014
arthuda01,16.583333333333332,4.9,201312030BRK-DEN,201312030BRK-BRK,DEN-2014,1,2014,81.25833333333334,35.55,arthuda01-2014
hicksjj01,16.133333333333333,-1.5,201312030BRK-DEN,201312030BRK-BRK,DEN-2014,1,2014,-24.2,35.55,hicksjj01-2014
randoan01,6.833333333333333,4.8,201312030BRK-DEN,201312030BRK-BRK,DEN-2014,1,2014,32.8,35.55,randoan01-2014
fournev01,6.466666666666667,-1.5,201312030BRK-DEN,201312030BRK-BRK,DEN-2014,1,2014,-9.7,35.55,fournev01-2014
millequ01,5.983333333333333,-2.6,201312030BRK-DEN,201312030BRK-BRK,DEN-2014,1,2014,-15.556666666666667,35.55,millequ01-2014
lawsoty01,34.68333333333333,-3,201312040CLE-DEN,201312040CLE-CLE,DEN-2014,0,2014,-104.04999999999998,14.574545454545456,lawsoty01-2014
chandwi01,33,3.3,201312040CLE-DEN,201312040CLE-CLE,DEN-2014,0,2014,108.89999999999999,14.574545454545456,chandwi01-2014
robinna01,26.916666666666668,-2.1,201312040CLE-DEN,201312040CLE-CLE,DEN-2014,0,2014,-56.525000000000006,14.574545454545456,robinna01-2014
foyera01,26.116666666666667,9,201312040CLE-DEN,201312040CLE-CLE,DEN-2014,0,2014,235.05,14.574545454545456,foyera01-2014
hicksjj01,25.983333333333334,2.2,201312040CLE-DEN,201312040CLE-CLE,DEN-2014,0,2014,57.16333333333334,14.574545454545456,hicksjj01-2014
arthuda01,25.516666666666666,1.4,201312040CLE-DEN,201312040CLE-CLE,DEN-2014,0,2014,35.72333333333333,14.574545454545456,arthuda01-2014
farieke01,18.766666666666666,0.8,201312040CLE-DEN,201312040CLE-CLE,DEN-2014,0,2014,15.013333333333334,14.574545454545456,farieke01-2014
millean02,17.033333333333335,-2.4,201312040CLE-DEN,201312040CLE-CLE,DEN-2014,0,2014,-40.88,14.574545454545456,millean02-2014
mozgoti01,16.983333333333334,-3,201312040CLE-DEN,201312040CLE-CLE,DEN-2014,0,2014,-50.95,14.574545454545456,mozgoti01-2014
hamiljo02,10.416666666666666,-2.7,201312040CLE-DEN,201312040CLE-CLE,DEN-2014,0,2014,-28.125,14.574545454545456,hamiljo02-2014
fournev01,4.583333333333333,-2.4,201312040CLE-DEN,201312040CLE-CLE,DEN-2014,0,2014,-10.999999999999998,14.574545454545456,fournev01-2014
chandwi01,33.21666666666667,-3.7,201312060BOS-DEN,201312060BOS-BOS,DEN-2014,0,2014,-122.90166666666669,5.5094999999999965,chandwi01-2014
lawsoty01,28.25,3.6,201312060BOS-DEN,201312060BOS-BOS,DEN-2014,0,2014,101.7,5.5094999999999965,lawsoty01-2014
hicksjj01,25.266666666666666,7.4,201312060BOS-DEN,201312060BOS-BOS,DEN-2014,0,2014,186.97333333333333,5.5094999999999965,hicksjj01-2014
foyera01,25.2,0.4,201312060BOS-DEN,201312060BOS-BOS,DEN-2014,0,2014,10.08,5.5094999999999965,foyera01-2014
farieke01,25.033333333333335,0.7,201312060BOS-DEN,201312060BOS-BOS,DEN-2014,0,2014,17.523333333333333,5.5094999999999965,farieke01-2014
robinna01,24.116666666666667,-4.4,201312060BOS-DEN,201312060BOS-BOS,DEN-2014,0,2014,-106.11333333333334,5.5094999999999965,robinna01-2014
millean02,23.95,1.7,201312060BOS-DEN,201312060BOS-BOS,DEN-2014,0,2014,40.714999999999996,5.5094999999999965,millean02-2014
arthuda01,21.183333333333334,-3.5,201312060BOS-DEN,201312060BOS-BOS,DEN-2014,0,2014,-74.14166666666667,5.5094999999999965,arthuda01-2014
mozgoti01,19,1,201312060BOS-DEN,201312060BOS-BOS,DEN-2014,0,2014,19,5.5094999999999965,mozgoti01-2014
hamiljo02,14.783333333333333,-1.2,201312060BOS-DEN,201312060BOS-BOS,DEN-2014,0,2014,-17.74,5.5094999999999965,hamiljo02-2014
millean02,28.783333333333335,0.2,201312070PHI-DEN,201312070PHI-PHI,DEN-2014,1,2014,5.756666666666668,20.82712121212121,millean02-2014
robinna01,26.033333333333335,1.1,201312070PHI-DEN,201312070PHI-PHI,DEN-2014,1,2014,28.63666666666667,20.82712121212121,robinna01-2014
hicksjj01,25.766666666666666,1.9,201312070PHI-DEN,201312070PHI-PHI,DEN-2014,1,2014,48.95666666666666,20.82712121212121,hicksjj01-2014
chandwi01,25.683333333333334,1.3,201312070PHI-DEN,201312070PHI-PHI,DEN-2014,1,2014,33.388333333333335,20.82712121212121,chandwi01-2014
hamiljo02,22.316666666666666,9.1,201312070PHI-DEN,201312070PHI-PHI,DEN-2014,1,2014,203.08166666666665,20.82712121212121,hamiljo02-2014
foyera01,22.2,1.9,201312070PHI-DEN,201312070PHI-PHI,DEN-2014,1,2014,42.18,20.82712121212121,foyera01-2014
arthuda01,21.5,3.6,201312070PHI-DEN,201312070PHI-PHI,DEN-2014,1,2014,77.4,20.82712121212121,arthuda01-2014
fournev01,20.916666666666668,-9.5,201312070PHI-DEN,201312070PHI-PHI,DEN-2014,1,2014,-198.70833333333334,20.82712121212121,fournev01-2014
mozgoti01,17.616666666666667,-0.1,201312070PHI-DEN,201312070PHI-PHI,DEN-2014,1,2014,-1.7616666666666667,20.82712121212121,mozgoti01-2014
randoan01,15.016666666666667,0.1,201312070PHI-DEN,201312070PHI-PHI,DEN-2014,1,2014,1.501666666666667,20.82712121212121,randoan01-2014
farieke01,14.166666666666666,-0.8,201312070PHI-DEN,201312070PHI-PHI,DEN-2014,1,2014,-11.333333333333334,20.82712121212121,farieke01-2014
chandwi01,35.31666666666667,9.7,201312090WAS-DEN,201312090WAS-WAS,DEN-2014,1,2014,342.57166666666666,32.050909090909094,chandwi01-2014
foyera01,31.65,-1.7,201312090WAS-DEN,201312090WAS-WAS,DEN-2014,1,2014,-53.805,32.050909090909094,foyera01-2014
robinna01,28.05,6.5,201312090WAS-DEN,201312090WAS-WAS,DEN-2014,1,2014,182.32500000000002,32.050909090909094,robinna01-2014
farieke01,23.4,-1.9,201312090WAS-DEN,201312090WAS-WAS,DEN-2014,1,2014,-44.459999999999994,32.050909090909094,farieke01-2014
millean02,21.883333333333333,-3.3,201312090WAS-DEN,201312090WAS-WAS,DEN-2014,1,2014,-72.21499999999999,32.050909090909094,millean02-2014
hamiljo02,21.016666666666666,3.9,201312090WAS-DEN,201312090WAS-WAS,DEN-2014,1,2014,81.96499999999999,32.050909090909094,hamiljo02-2014
hicksjj01,19.983333333333334,-0.3,201312090WAS-DEN,201312090WAS-WAS,DEN-2014,1,2014,-5.995,32.050909090909094,hicksjj01-2014
mozgoti01,18.933333333333334,-3.1,201312090WAS-DEN,201312090WAS-WAS,DEN-2014,1,2014,-58.693333333333335,32.050909090909094,mozgoti01-2014
arthuda01,15.7,-1,201312090WAS-DEN,201312090WAS-WAS,DEN-2014,1,2014,-15.7,32.050909090909094,arthuda01-2014
fournev01,14.6,-0.3,201312090WAS-DEN,201312090WAS-WAS,DEN-2014,1,2014,-4.38,32.050909090909094,fournev01-2014
randoan01,9.466666666666667,0.1,201312090WAS-DEN,201312090WAS-WAS,DEN-2014,1,2014,0.9466666666666668,32.050909090909094,randoan01-2014
haywago01,38.05,12.5,201312130DEN-UTA,201312130DEN-DEN,UTA-2014,1,2014,475.62499999999994,77.3945,haywago01-2014
burketr01,36.71666666666667,-0.8,201312130DEN-UTA,201312130DEN-DEN,UTA-2014,1,2014,-29.373333333333335,77.3945,burketr01-2014
favorde01,36.483333333333334,6.1,201312130DEN-UTA,201312130DEN-DEN,UTA-2014,1,2014,222.54833333333332,77.3945,favorde01-2014
jefferi01,26.683333333333334,4.7,201312130DEN-UTA,201312130DEN-DEN,UTA-2014,1,2014,125.41166666666668,77.3945,jefferi01-2014
willima02,26.45,7.8,201312130DEN-UTA,201312130DEN-DEN,UTA-2014,1,2014,206.31,77.3945,willima02-2014
burksal01,22.45,-3.2,201312130DEN-UTA,201312130DEN-DEN,UTA-2014,1,2014,-71.84,77.3945,burksal01-2014
evansje01,21.55,-0.9,201312130DEN-UTA,201312130DEN-DEN,UTA-2014,1,2014,-19.395,77.3945,evansje01-2014
kanteen01,11.516666666666667,-7.9,201312130DEN-UTA,201312130DEN-DEN,UTA-2014,1,2014,-90.98166666666668,77.3945,kanteen01-2014
garredi02,10.15,-2.9,201312130DEN-UTA,201312130DEN-DEN,UTA-2014,1,2014,-29.435,77.3945,garredi02-2014
rushbr01,9.95,-1.5,201312130DEN-UTA,201312130DEN-DEN,UTA-2014,1,2014,-14.924999999999999,77.3945,rushbr01-2014
anderry01,41.15,4.8,201312150DEN-NOP,201312150DEN-DEN,NOP-2014,0,2014,197.51999999999998,13.798030303030302,anderry01-2014
holidjr01,31,-2.1,201312150DEN-NOP,201312150DEN-DEN,NOP-2014,0,2014,-65.10000000000001,13.798030303030302,holidjr01-2014
gordoer01,29.416666666666668,-0.3,201312150DEN-NOP,201312150DEN-DEN,NOP-2014,0,2014,-8.825,13.798030303030302,gordoer01-2014
smithja02,29.166666666666668,-3.2,201312150DEN-NOP,201312150DEN-DEN,NOP-2014,0,2014,-93.33333333333334,13.798030303030302,smithja02-2014
aminual01,26,3.6,201312150DEN-NOP,201312150DEN-DEN,NOP-2014,0,2014,93.60000000000001,13.798030303030302,aminual01-2014
riverau01,21.95,5.4,201312150DEN-NOP,201312150DEN-DEN,NOP-2014,0,2014,118.53,13.798030303030302,riverau01-2014
amundlo01,18.866666666666667,-0.8,201312150DEN-NOP,201312150DEN-DEN,NOP-2014,0,2014,-15.093333333333334,13.798030303030302,amundlo01-2014
roberbr01,18.7,0.7,201312150DEN-NOP,201312150DEN-DEN,NOP-2014,0,2014,13.089999999999998,13.798030303030302,roberbr01-2014
morroan01,15.45,-5.3,201312150DEN-NOP,201312150DEN-DEN,NOP-2014,0,2014,-81.88499999999999,13.798030303030302,morroan01-2014
milleda01,6.55,-1,201312150DEN-NOP,201312150DEN-DEN,NOP-2014,0,2014,-6.55,13.798030303030302,milleda01-2014
witheje01,1.75,-0.1,201312150DEN-NOP,201312150DEN-DEN,NOP-2014,0,2014,-0.17500000000000002,13.798030303030302,witheje01-2014
duranke01,37.86666666666667,8.3,201312170DEN-OKC,201312170DEN-DEN,OKC-2014,1,2014,314.29333333333335,58.82152777777778,duranke01-2014
westbru01,36.21666666666667,1.5,201312170DEN-OKC,201312170DEN-DEN,OKC-2014,1,2014,54.325,58.82152777777778,westbru01-2014
ibakase01,31.133333333333333,4,201312170DEN-OKC,201312170DEN-DEN,OKC-2014,1,2014,124.53333333333333,58.82152777777778,ibakase01-2014
sefolth01,22.733333333333334,-0.2,201312170DEN-OKC,201312170DEN-DEN,OKC-2014,1,2014,-4.546666666666667,58.82152777777778,sefolth01-2014
lambje01,21.566666666666666,5.8,201312170DEN-OKC,201312170DEN-DEN,OKC-2014,1,2014,125.08666666666666,58.82152777777778,lambje01-2014
collini01,20.783333333333335,2.9,201312170DEN-OKC,201312170DEN-DEN,OKC-2014,1,2014,60.27166666666667,58.82152777777778,collini01-2014
fishede01,19.916666666666668,3.1,201312170DEN-OKC,201312170DEN-DEN,OKC-2014,1,2014,61.741666666666674,58.82152777777778,fishede01-2014
jacksre01,19.9,0,201312170DEN-OKC,201312170DEN-DEN,OKC-2014,1,2014,0,58.82152777777778,jacksre01-2014
perkike01,12.85,-0.6,201312170DEN-OKC,201312170DEN-DEN,OKC-2014,1,2014,-7.709999999999999,58.82152777777778,perkike01-2014
adamsst01,9.366666666666667,-2.5,201312170DEN-OKC,201312170DEN-DEN,OKC-2014,1,2014,-23.416666666666668,58.82152777777778,adamsst01-2014
jonespe01,6.4,0.2,201312170DEN-OKC,201312170DEN-DEN,OKC-2014,1,2014,1.2800000000000002,58.82152777777778,jonespe01-2014
roberan03,1.2666666666666666,0,201312170DEN-OKC,201312170DEN-DEN,OKC-2014,1,2014,0,58.82152777777778,roberan03-2014
dragigo01,40,-0.1,201312200DEN-PHO,201312200DEN-DEN,PHO-2014,1,2014,-4,37.12683333333333,dragigo01-2014
bledser01,29.95,-0.9,201312200DEN-PHO,201312200DEN-DEN,PHO-2014,1,2014,-26.955,37.12683333333333,bledser01-2014
morrima02,29.8,11.1,201312200DEN-PHO,201312200DEN-DEN,PHO-2014,1,2014,330.78,37.12683333333333,morrima02-2014
greenge01,28.333333333333332,5.5,201312200DEN-PHO,201312200DEN-DEN,PHO-2014,1,2014,155.83333333333331,37.12683333333333,greenge01-2014
tuckepj01,26,-3.8,201312200DEN-PHO,201312200DEN-DEN,PHO-2014,1,2014,-98.8,37.12683333333333,tuckepj01-2014
morrima03,25.933333333333334,2.7,201312200DEN-PHO,201312200DEN-DEN,PHO-2014,1,2014,70.02000000000001,37.12683333333333,morrima03-2014
plumlmi01,24.916666666666668,-1.9,201312200DEN-PHO,201312200DEN-DEN,PHO-2014,1,2014,-47.34166666666667,37.12683333333333,plumlmi01-2014
fryech01,21.483333333333334,-1.6,201312200DEN-PHO,201312200DEN-DEN,PHO-2014,1,2014,-34.373333333333335,37.12683333333333,fryech01-2014
goodwar01,7.016666666666667,1.1,201312200DEN-PHO,201312200DEN-DEN,PHO-2014,1,2014,7.718333333333334,37.12683333333333,goodwar01-2014
smithis01,6.566666666666666,2.8,201312200DEN-PHO,201312200DEN-DEN,PHO-2014,1,2014,18.386666666666663,37.12683333333333,smithis01-2014
lawsoty01,33.18333333333333,4.6,201312210LAC-DEN,201312210LAC-LAC,DEN-2014,0,2014,152.64333333333332,18.838076923076922,lawsoty01-2014
chandwi01,30.283333333333335,7.9,201312210LAC-DEN,201312210LAC-LAC,DEN-2014,0,2014,239.23833333333334,18.838076923076922,chandwi01-2014
hamiljo02,26.666666666666668,-0.3,201312210LAC-DEN,201312210LAC-LAC,DEN-2014,0,2014,-8,18.838076923076922,hamiljo02-2014
mozgoti01,26.266666666666666,0.8,201312210LAC-DEN,201312210LAC-LAC,DEN-2014,0,2014,21.013333333333335,18.838076923076922,mozgoti01-2014
hicksjj01,21.466666666666665,-1,201312210LAC-DEN,201312210LAC-LAC,DEN-2014,0,2014,-21.466666666666665,18.838076923076922,hicksjj01-2014
robinna01,21.433333333333334,3.1,201312210LAC-DEN,201312210LAC-LAC,DEN-2014,0,2014,66.44333333333334,18.838076923076922,robinna01-2014
foyera01,16.433333333333334,-9.7,201312210LAC-DEN,201312210LAC-LAC,DEN-2014,0,2014,-159.40333333333334,18.838076923076922,foyera01-2014
arthuda01,16.416666666666668,2.9,201312210LAC-DEN,201312210LAC-LAC,DEN-2014,0,2014,47.608333333333334,18.838076923076922,arthuda01-2014
millean02,15.633333333333333,-3,201312210LAC-DEN,201312210LAC-LAC,DEN-2014,0,2014,-46.9,18.838076923076922,millean02-2014
randoan01,12.3,-3.6,201312210LAC-DEN,201312210LAC-LAC,DEN-2014,0,2014,-44.28,18.838076923076922,randoan01-2014
millequ01,9.716666666666667,1.1,201312210LAC-DEN,201312210LAC-LAC,DEN-2014,0,2014,10.688333333333334,18.838076923076922,millequ01-2014
fournev01,6.95,-2.2,201312210LAC-DEN,201312210LAC-LAC,DEN-2014,0,2014,-15.290000000000001,18.838076923076922,fournev01-2014
farieke01,3.25,0.8,201312210LAC-DEN,201312210LAC-LAC,DEN-2014,0,2014,2.6,18.838076923076922,farieke01-2014
leeda02,38.46666666666667,8,201312230DEN-GSW,201312230DEN-DEN,GSW-2014,1,2014,307.73333333333335,52.34,leeda02-2014
thompkl01,38,-0.1,201312230DEN-GSW,201312230DEN-DEN,GSW-2014,1,2014,-3.8000000000000003,52.34,thompkl01-2014
curryst01,35.233333333333334,5.3,201312230DEN-GSW,201312230DEN-DEN,GSW-2014,1,2014,186.73666666666668,52.34,curryst01-2014
iguodan01,30.85,3.6,201312230DEN-GSW,201312230DEN-DEN,GSW-2014,1,2014,111.06,52.34,iguodan01-2014
bogutan01,30.533333333333335,2.8,201312230DEN-GSW,201312230DEN-DEN,GSW-2014,1,2014,85.49333333333334,52.34,bogutan01-2014
barneha02,21.633333333333333,-5.3,201312230DEN-GSW,201312230DEN-DEN,GSW-2014,1,2014,-114.65666666666667,52.34,barneha02-2014
greendr01,17.033333333333335,1.5,201312230DEN-GSW,201312230DEN-DEN,GSW-2014,1,2014,25.550000000000004,52.34,greendr01-2014
speigma01,13.95,2.4,201312230DEN-GSW,201312230DEN-DEN,GSW-2014,1,2014,33.48,52.34,speigma01-2014
douglto01,8.683333333333334,-1.4,201312230DEN-GSW,201312230DEN-DEN,GSW-2014,1,2014,-12.156666666666666,52.34,douglto01-2014
bazemke01,5.4,1.6,201312230DEN-GSW,201312230DEN-DEN,GSW-2014,1,2014,8.64,52.34,bazemke01-2014
nedovne01,0.11666666666666667,0,201312230DEN-GSW,201312230DEN-DEN,GSW-2014,1,2014,0,52.34,nedovne01-2014
armsthi01,0.1,0,201312230DEN-GSW,201312230DEN-DEN,GSW-2014,1,2014,0,52.34,armsthi01-2014
chandwi01,37.45,3.7,201312270NOP-DEN,201312270NOP-NOP,DEN-2014,0,2014,138.56500000000003,14.025000000000004,chandwi01-2014
hicksjj01,36.483333333333334,2.2,201312270NOP-DEN,201312270NOP-NOP,DEN-2014,0,2014,80.26333333333334,14.025000000000004,hicksjj01-2014
lawsoty01,35.65,-0.1,201312270NOP-DEN,201312270NOP-NOP,DEN-2014,0,2014,-3.565,14.025000000000004,lawsoty01-2014
hamiljo02,32.166666666666664,0.1,201312270NOP-DEN,201312270NOP-NOP,DEN-2014,0,2014,3.216666666666667,14.025000000000004,hamiljo02-2014
mozgoti01,27.616666666666667,0.8,201312270NOP-DEN,201312270NOP-NOP,DEN-2014,0,2014,22.093333333333334,14.025000000000004,mozgoti01-2014
randoan01,19.5,1.2,201312270NOP-DEN,201312270NOP-NOP,DEN-2014,0,2014,23.4,14.025000000000004,randoan01-2014
robinna01,15.733333333333333,-6.1,201312270NOP-DEN,201312270NOP-NOP,DEN-2014,0,2014,-95.97333333333333,14.025000000000004,robinna01-2014
millean02,15.166666666666666,-3.8,201312270NOP-DEN,201312270NOP-NOP,DEN-2014,0,2014,-57.633333333333326,14.025000000000004,millean02-2014
millequ01,13.05,2.4,201312270NOP-DEN,201312270NOP-NOP,DEN-2014,0,2014,31.32,14.025000000000004,millequ01-2014
foyera01,7.183333333333334,-0.2,201312270NOP-DEN,201312270NOP-NOP,DEN-2014,0,2014,-1.4366666666666668,14.025000000000004,foyera01-2014
hicksjj01,34,0.6,201312280MEM-DEN,201312280MEM-MEM,DEN-2014,0,2014,20.4,-4.4558333333333335,hicksjj01-2014
chandwi01,33.81666666666667,0.4,201312280MEM-DEN,201312280MEM-MEM,DEN-2014,0,2014,13.526666666666669,-4.4558333333333335,chandwi01-2014
lawsoty01,33.28333333333333,1.9,201312280MEM-DEN,201312280MEM-MEM,DEN-2014,0,2014,63.23833333333333,-4.4558333333333335,lawsoty01-2014
mozgoti01,32,-3.5,201312280MEM-DEN,201312280MEM-MEM,DEN-2014,0,2014,-112,-4.4558333333333335,mozgoti01-2014
hamiljo02,26.133333333333333,-0.1,201312280MEM-DEN,201312280MEM-MEM,DEN-2014,0,2014,-2.6133333333333333,-4.4558333333333335,hamiljo02-2014
robinna01,17.55,-3.4,201312280MEM-DEN,201312280MEM-MEM,DEN-2014,0,2014,-59.67,-4.4558333333333335,robinna01-2014
foyera01,13.733333333333333,2.3,201312280MEM-DEN,201312280MEM-MEM,DEN-2014,0,2014,31.586666666666662,-4.4558333333333335,foyera01-2014
farieke01,12.833333333333334,-2.3,201312280MEM-DEN,201312280MEM-MEM,DEN-2014,0,2014,-29.516666666666666,-4.4558333333333335,farieke01-2014
millean02,11.083333333333334,3.4,201312280MEM-DEN,201312280MEM-MEM,DEN-2014,0,2014,37.68333333333334,-4.4558333333333335,millean02-2014
millequ01,10.816666666666666,0.5,201312280MEM-DEN,201312280MEM-MEM,DEN-2014,0,2014,5.408333333333333,-4.4558333333333335,millequ01-2014
randoan01,10.433333333333334,-1.4,201312280MEM-DEN,201312280MEM-MEM,DEN-2014,0,2014,-14.606666666666666,-4.4558333333333335,randoan01-2014
fournev01,4.316666666666666,-1.6,201312280MEM-DEN,201312280MEM-MEM,DEN-2014,0,2014,-6.906666666666666,-4.4558333333333335,fournev01-2014
jamesle01,39.733333333333334,12,201312300DEN-MIA,201312300DEN-DEN,MIA-2014,1,2014,476.8,51.95763888888889,jamesle01-2014
chalmma01,37.516666666666666,-0.9,201312300DEN-MIA,201312300DEN-DEN,MIA-2014,1,2014,-33.765,51.95763888888889,chalmma01-2014
boshch01,36.7,0,201312300DEN-MIA,201312300DEN-DEN,MIA-2014,1,2014,0,51.95763888888889,boshch01-2014
allenra02,30.55,3.4,201312300DEN-MIA,201312300DEN-DEN,MIA-2014,1,2014,103.87,51.95763888888889,allenra02-2014
battish01,21.783333333333335,3,201312300DEN-MIA,201312300DEN-DEN,MIA-2014,1,2014,65.35000000000001,51.95763888888889,battish01-2014
beaslmi01,18.5,1.9,201312300DEN-MIA,201312300DEN-DEN,MIA-2014,1,2014,35.15,51.95763888888889,beaslmi01-2014
wadedw01,18.283333333333335,5.6,201312300DEN-MIA,201312300DEN-DEN,MIA-2014,1,2014,102.38666666666667,51.95763888888889,wadedw01-2014
coleno01,12.033333333333333,-4.9,201312300DEN-MIA,201312300DEN-DEN,MIA-2014,1,2014,-58.96333333333334,51.95763888888889,coleno01-2014
hasleud01,11.683333333333334,-5.2,201312300DEN-MIA,201312300DEN-DEN,MIA-2014,1,2014,-60.75333333333334,51.95763888888889,hasleud01-2014
lewisra02,7.333333333333333,-0.9,201312300DEN-MIA,201312300DEN-DEN,MIA-2014,1,2014,-6.6,51.95763888888889,lewisra02-2014
masonro01,5.866666666666667,0,201312300DEN-MIA,201312300DEN-DEN,MIA-2014,1,2014,0,51.95763888888889,masonro01-2014
anthojo01,0.016666666666666666,1,201312300DEN-MIA,201312300DEN-DEN,MIA-2014,1,2014,0.016666666666666666,51.95763888888889,anthojo01-2014
turneev01,40.35,5.6,201401010DEN-PHI,201401010DEN-DEN,PHI-2014,1,2014,225.95999999999998,35.16533333333333,turneev01-2014
youngth01,40.06666666666667,-0.4,201401010DEN-PHI,201401010DEN-DEN,PHI-2014,1,2014,-16.026666666666667,35.16533333333333,youngth01-2014
cartemi01,34.5,-2.3,201401010DEN-PHI,201401010DEN-DEN,PHI-2014,1,2014,-79.35,35.16533333333333,cartemi01-2014
hawessp01,31.683333333333334,3.6,201401010DEN-PHI,201401010DEN-DEN,PHI-2014,1,2014,114.06,35.16533333333333,hawessp01-2014
anderja01,24.783333333333335,1.1,201401010DEN-PHI,201401010DEN-DEN,PHI-2014,1,2014,27.26166666666667,35.16533333333333,anderja01-2014
wroteto01,19.716666666666665,-1.3,201401010DEN-PHI,201401010DEN-DEN,PHI-2014,1,2014,-25.631666666666664,35.16533333333333,wroteto01-2014
thompho01,17,3,201401010DEN-PHI,201401010DEN-DEN,PHI-2014,1,2014,51,35.16533333333333,thompho01-2014
allenla01,16.316666666666666,4.3,201401010DEN-PHI,201401010DEN-DEN,PHI-2014,1,2014,70.16166666666666,35.16533333333333,allenla01-2014
daviebr01,7.933333333333334,1,201401010DEN-PHI,201401010DEN-DEN,PHI-2014,1,2014,7.933333333333334,35.16533333333333,daviebr01-2014
williel01,7.65,-3.1,201401010DEN-PHI,201401010DEN-DEN,PHI-2014,1,2014,-23.715000000000003,35.16533333333333,williel01-2014
randoza01,38.06666666666667,3,201401030DEN-MEM,201401030DEN-DEN,MEM-2014,0,2014,114.20000000000002,37.903636363636366,randoza01-2014
allento01,36.8,-2.1,201401030DEN-MEM,201401030DEN-DEN,MEM-2014,0,2014,-77.28,37.903636363636366,allento01-2014
conlemi01,35.666666666666664,10.4,201401030DEN-MEM,201401030DEN-DEN,MEM-2014,0,2014,370.93333333333334,37.903636363636366,conlemi01-2014
princta01,29,2.1,201401030DEN-MEM,201401030DEN-DEN,MEM-2014,0,2014,60.900000000000006,37.903636363636366,princta01-2014
koufoko01,22.233333333333334,3.3,201401030DEN-MEM,201401030DEN-DEN,MEM-2014,0,2014,73.37,37.903636363636366,koufoko01-2014
davised01,19,-4.2,201401030DEN-MEM,201401030DEN-DEN,MEM-2014,0,2014,-79.8,37.903636363636366,davised01-2014
millemi01,16.116666666666667,-1.9,201401030DEN-MEM,201401030DEN-DEN,MEM-2014,0,2014,-30.621666666666666,37.903636363636366,millemi01-2014
leuerjo01,15.116666666666667,0.7,201401030DEN-MEM,201401030DEN-DEN,MEM-2014,0,2014,10.581666666666667,37.903636363636366,leuerjo01-2014
johnsja01,12.6,1.7,201401030DEN-MEM,201401030DEN-DEN,MEM-2014,0,2014,21.419999999999998,37.903636363636366,johnsja01-2014
bayleje01,10.566666666666666,-4.7,201401030DEN-MEM,201401030DEN-DEN,MEM-2014,0,2014,-49.663333333333334,37.903636363636366,bayleje01-2014
calatni01,4.833333333333333,0.6,201401030DEN-MEM,201401030DEN-DEN,MEM-2014,0,2014,2.9,37.903636363636366,calatni01-2014
lawsoty01,41.28333333333333,-0.5,201401050LAL-DEN,201401050LAL-LAL,DEN-2014,1,2014,-20.641666666666666,35.89,lawsoty01-2014
foyera01,28.983333333333334,2,201401050LAL-DEN,201401050LAL-LAL,DEN-2014,1,2014,57.96666666666667,35.89,foyera01-2014
farieke01,26.5,3.4,201401050LAL-DEN,201401050LAL-LAL,DEN-2014,1,2014,90.1,35.89,farieke01-2014
chandwi01,25.85,3.3,201401050LAL-DEN,201401050LAL-LAL,DEN-2014,1,2014,85.305,35.89,chandwi01-2014
fournev01,25.416666666666668,-1.9,201401050LAL-DEN,201401050LAL-LAL,DEN-2014,1,2014,-48.291666666666664,35.89,fournev01-2014
hicksjj01,22.066666666666666,-4.4,201401050LAL-DEN,201401050LAL-LAL,DEN-2014,1,2014,-97.09333333333333,35.89,hicksjj01-2014
mozgoti01,21.116666666666667,6.6,201401050LAL-DEN,201401050LAL-LAL,DEN-2014,1,2014,139.37,35.89,mozgoti01-2014
arthuda01,21.083333333333332,-0.4,201401050LAL-DEN,201401050LAL-LAL,DEN-2014,1,2014,-8.433333333333334,35.89,arthuda01-2014
robinna01,19.85,11.8,201401050LAL-DEN,201401050LAL-LAL,DEN-2014,1,2014,234.23000000000002,35.89,robinna01-2014
hamiljo02,2.6166666666666667,-1.5,201401050LAL-DEN,201401050LAL-LAL,DEN-2014,1,2014,-3.925,35.89,hamiljo02-2014
millequ01,2.6166666666666667,-0.5,201401050LAL-DEN,201401050LAL-LAL,DEN-2014,1,2014,-1.3083333333333333,35.89,millequ01-2014
randoan01,2.6166666666666667,1.3,201401050LAL-DEN,201401050LAL-LAL,DEN-2014,1,2014,3.401666666666667,35.89,randoan01-2014
greenje02,35.483333333333334,-0.5,201401070DEN-BOS,201401070DEN-DEN,BOS-2014,0,2014,-17.741666666666667,-27.09409090909091,greenje02-2014
bradlav01,30.633333333333333,-5.5,201401070DEN-BOS,201401070DEN-DEN,BOS-2014,0,2014,-168.48333333333332,-27.09409090909091,bradlav01-2014
bassbr01,25.75,0.9,201401070DEN-BOS,201401070DEN-DEN,BOS-2014,0,2014,23.175,-27.09409090909091,bassbr01-2014
bayleje01,25.433333333333334,-0.9,201401070DEN-BOS,201401070DEN-DEN,BOS-2014,0,2014,-22.89,-27.09409090909091,bayleje01-2014
wallage01,24.05,-0.7,201401070DEN-BOS,201401070DEN-DEN,BOS-2014,0,2014,-16.835,-27.09409090909091,wallage01-2014
crawfjo02,21.4,-0.3,201401070DEN-BOS,201401070DEN-DEN,BOS-2014,0,2014,-6.419999999999999,-27.09409090909091,crawfjo02-2014
olynyke01,21.3,-2.9,201401070DEN-BOS,201401070DEN-DEN,BOS-2014,0,2014,-61.77,-27.09409090909091,olynyke01-2014
favervi01,15.583333333333334,-1.7,201401070DEN-BOS,201401070DEN-DEN,BOS-2014,0,2014,-26.491666666666667,-27.09409090909091,favervi01-2014
sullija01,14.383333333333333,-2.1,201401070DEN-BOS,201401070DEN-DEN,BOS-2014,0,2014,-30.205000000000002,-27.09409090909091,sullija01-2014
pressph01,13.033333333333333,-1.9,201401070DEN-BOS,201401070DEN-DEN,BOS-2014,0,2014,-24.763333333333332,-27.09409090909091,pressph01-2014
boganke01,12.95,4.2,201401070DEN-BOS,201401070DEN-DEN,BOS-2014,0,2014,54.39,-27.09409090909091,boganke01-2014
duranke01,27.95,12.2,201401090DEN-OKC,201401090DEN-DEN,OKC-2014,0,2014,340.98999999999995,13.004090909090905,duranke01-2014
lambje01,25.8,-6.8,201401090DEN-OKC,201401090DEN-DEN,OKC-2014,0,2014,-175.44,13.004090909090905,lambje01-2014
jacksre01,25.65,1.7,201401090DEN-OKC,201401090DEN-DEN,OKC-2014,0,2014,43.605,13.004090909090905,jacksre01-2014
fishede01,24.216666666666665,1.5,201401090DEN-OKC,201401090DEN-DEN,OKC-2014,0,2014,36.324999999999996,13.004090909090905,fishede01-2014
ibakase01,24.15,-0.7,201401090DEN-OKC,201401090DEN-DEN,OKC-2014,0,2014,-16.904999999999998,13.004090909090905,ibakase01-2014
jonespe01,23.233333333333334,-1,201401090DEN-OKC,201401090DEN-DEN,OKC-2014,0,2014,-23.233333333333334,13.004090909090905,jonespe01-2014
sefolth01,22.583333333333332,1.4,201401090DEN-OKC,201401090DEN-DEN,OKC-2014,0,2014,31.616666666666664,13.004090909090905,sefolth01-2014
perkike01,21.233333333333334,-2.4,201401090DEN-OKC,201401090DEN-DEN,OKC-2014,0,2014,-50.96,13.004090909090905,perkike01-2014
adamsst01,18.7,-0.6,201401090DEN-OKC,201401090DEN-DEN,OKC-2014,0,2014,-11.219999999999999,13.004090909090905,adamsst01-2014
collini01,13.416666666666666,-4.8,201401090DEN-OKC,201401090DEN-DEN,OKC-2014,0,2014,-64.39999999999999,13.004090909090905,collini01-2014
roberan03,13.066666666666666,2.5,201401090DEN-OKC,201401090DEN-DEN,OKC-2014,0,2014,32.666666666666664,13.004090909090905,roberan03-2014
harrito02,37.25,1.8,201401110DEN-ORL,201401110DEN-DEN,ORL-2014,0,2014,67.05,-25.889833333333335,harrito02-2014
oladivi01,32.28333333333333,0.2,201401110DEN-ORL,201401110DEN-DEN,ORL-2014,0,2014,6.456666666666667,-25.889833333333335,oladivi01-2014
lambdo01,31.633333333333333,-6.9,201401110DEN-ORL,201401110DEN-DEN,ORL-2014,0,2014,-218.27,-25.889833333333335,lambdo01-2014
davisgl01,27.6,4.1,201401110DEN-ORL,201401110DEN-DEN,ORL-2014,0,2014,113.16,-25.889833333333335,davisgl01-2014
nelsoja01,26,-1,201401110DEN-ORL,201401110DEN-DEN,ORL-2014,0,2014,-26,-25.889833333333335,nelsoja01-2014
mooreet01,24.866666666666667,-2.4,201401110DEN-ORL,201401110DEN-DEN,ORL-2014,0,2014,-59.68,-25.889833333333335,mooreet01-2014
oquinky01,21.416666666666668,-1.5,201401110DEN-ORL,201401110DEN-DEN,ORL-2014,0,2014,-32.125,-25.889833333333335,oquinky01-2014
harklma01,17.216666666666665,-2,201401110DEN-ORL,201401110DEN-DEN,ORL-2014,0,2014,-34.43333333333333,-25.889833333333335,harklma01-2014
nichoan01,16.716666666666665,-4.7,201401110DEN-ORL,201401110DEN-DEN,ORL-2014,0,2014,-78.56833333333333,-25.889833333333335,nichoan01-2014
maxieja01,5.016666666666667,0.7,201401110DEN-ORL,201401110DEN-DEN,ORL-2014,0,2014,3.5116666666666663,-25.889833333333335,maxieja01-2014
lawsoty01,43.85,-0.2,201401130UTA-DEN,201401130UTA-UTA,DEN-2014,0,2014,-8.770000000000001,4.912962962962965,lawsoty01-2014
fournev01,36.983333333333334,-1.9,201401130UTA-DEN,201401130UTA-UTA,DEN-2014,0,2014,-70.26833333333333,4.912962962962965,fournev01-2014
farieke01,32.5,2,201401130UTA-DEN,201401130UTA-UTA,DEN-2014,0,2014,65,4.912962962962965,farieke01-2014
hicksjj01,30.566666666666666,9.9,201401130UTA-DEN,201401130UTA-UTA,DEN-2014,0,2014,302.61,4.912962962962965,hicksjj01-2014
chandwi01,21.316666666666666,3.2,201401130UTA-DEN,201401130UTA-UTA,DEN-2014,0,2014,68.21333333333334,4.912962962962965,chandwi01-2014
millequ01,21.133333333333333,-2.5,201401130UTA-DEN,201401130UTA-UTA,DEN-2014,0,2014,-52.83333333333333,4.912962962962965,millequ01-2014
mozgoti01,18.766666666666666,-4.9,201401130UTA-DEN,201401130UTA-UTA,DEN-2014,0,2014,-91.95666666666666,4.912962962962965,mozgoti01-2014
foyera01,17.966666666666665,-1.9,201401130UTA-DEN,201401130UTA-UTA,DEN-2014,0,2014,-34.13666666666666,4.912962962962965,foyera01-2014
robinna01,16.916666666666668,-7.9,201401130UTA-DEN,201401130UTA-UTA,DEN-2014,0,2014,-133.64166666666668,4.912962962962965,robinna01-2014
lawsoty01,43.13333333333333,5.4,201401150GSW-DEN,201401150GSW-GSW,DEN-2014,1,2014,232.92000000000002,77.90370370370371,lawsoty01-2014
hicksjj01,39.56666666666667,-0.1,201401150GSW-DEN,201401150GSW-GSW,DEN-2014,1,2014,-3.956666666666667,77.90370370370371,hicksjj01-2014
chandwi01,39.06666666666667,2.5,201401150GSW-DEN,201401150GSW-GSW,DEN-2014,1,2014,97.66666666666667,77.90370370370371,chandwi01-2014
foyera01,38.95,7.5,201401150GSW-DEN,201401150GSW-GSW,DEN-2014,1,2014,292.125,77.90370370370371,foyera01-2014
robinna01,22.85,6.7,201401150GSW-DEN,201401150GSW-GSW,DEN-2014,1,2014,153.09500000000003,77.90370370370371,robinna01-2014
mozgoti01,20.7,-1,201401150GSW-DEN,201401150GSW-GSW,DEN-2014,1,2014,-20.7,77.90370370370371,mozgoti01-2014
farieke01,17.1,-3.4,201401150GSW-DEN,201401150GSW-GSW,DEN-2014,1,2014,-58.14,77.90370370370371,farieke01-2014
fournev01,15.283333333333333,0.4,201401150GSW-DEN,201401150GSW-GSW,DEN-2014,1,2014,6.113333333333333,77.90370370370371,fournev01-2014
millequ01,3.35,0.6,201401150GSW-DEN,201401150GSW-GSW,DEN-2014,1,2014,2.01,77.90370370370371,millequ01-2014
milescj01,38,3.6,201401170DEN-CLE,201401170DEN-DEN,CLE-2014,1,2014,136.8,63.14314814814816,milescj01-2014
thomptr01,37.266666666666666,5,201401170DEN-CLE,201401170DEN-DEN,CLE-2014,1,2014,186.33333333333331,63.14314814814816,thomptr01-2014
irvinky01,33.2,4.9,201401170DEN-CLE,201401170DEN-DEN,CLE-2014,1,2014,162.68000000000004,63.14314814814816,irvinky01-2014
varejan01,30.8,8.4,201401170DEN-CLE,201401170DEN-DEN,CLE-2014,1,2014,258.72,63.14314814814816,varejan01-2014
denglu01,30.133333333333333,0.1,201401170DEN-CLE,201401170DEN-DEN,CLE-2014,1,2014,3.0133333333333336,63.14314814814816,denglu01-2014
waitedi01,28.016666666666666,-5.4,201401170DEN-CLE,201401170DEN-DEN,CLE-2014,1,2014,-151.29,63.14314814814816,waitedi01-2014
zellety01,16.95,-3.3,201401170DEN-CLE,201401170DEN-DEN,CLE-2014,1,2014,-55.934999999999995,63.14314814814816,zellety01-2014
jackja01,14.8,3.5,201401170DEN-CLE,201401170DEN-DEN,CLE-2014,1,2014,51.800000000000004,63.14314814814816,jackja01-2014
clarkea01,10.833333333333334,-2.2,201401170DEN-CLE,201401170DEN-DEN,CLE-2014,1,2014,-23.833333333333336,63.14314814814816,clarkea01-2014
lawsoty01,40.55,2.8,201401190PHO-DEN,201401190PHO-PHO,DEN-2014,0,2014,113.53999999999998,4.651666666666665,lawsoty01-2014
chandwi01,40.35,-3.1,201401190PHO-DEN,201401190PHO-PHO,DEN-2014,0,2014,-125.08500000000001,4.651666666666665,chandwi01-2014
hicksjj01,37.53333333333333,0.6,201401190PHO-DEN,201401190PHO-PHO,DEN-2014,0,2014,22.52,4.651666666666665,hicksjj01-2014
fournev01,32.81666666666667,1.5,201401190PHO-DEN,201401190PHO-PHO,DEN-2014,0,2014,49.22500000000001,4.651666666666665,fournev01-2014
mozgoti01,24.633333333333333,-1.5,201401190PHO-DEN,201401190PHO-PHO,DEN-2014,0,2014,-36.95,4.651666666666665,mozgoti01-2014
robinna01,24.15,-3.1,201401190PHO-DEN,201401190PHO-PHO,DEN-2014,0,2014,-74.865,4.651666666666665,robinna01-2014
randoan01,22.333333333333332,5.8,201401190PHO-DEN,201401190PHO-PHO,DEN-2014,0,2014,129.53333333333333,4.651666666666665,randoan01-2014
farieke01,12.7,-2.8,201401190PHO-DEN,201401190PHO-PHO,DEN-2014,0,2014,-35.559999999999995,4.651666666666665,farieke01-2014
millequ01,4.933333333333334,-0.1,201401190PHO-DEN,201401190PHO-PHO,DEN-2014,0,2014,-0.4933333333333334,4.651666666666665,millequ01-2014
lawsoty01,37.63333333333333,-0.5,201401230POR-DEN,201401230POR-POR,DEN-2014,0,2014,-18.816666666666666,24.873166666666666,lawsoty01-2014
hicksjj01,36.833333333333336,0.8,201401230POR-DEN,201401230POR-POR,DEN-2014,0,2014,29.46666666666667,24.873166666666666,hicksjj01-2014
chandwi01,32.55,-0.5,201401230POR-DEN,201401230POR-POR,DEN-2014,0,2014,-16.275,24.873166666666666,chandwi01-2014
foyera01,26.516666666666666,6.4,201401230POR-DEN,201401230POR-POR,DEN-2014,0,2014,169.70666666666668,24.873166666666666,foyera01-2014
farieke01,21.45,0.1,201401230POR-DEN,201401230POR-POR,DEN-2014,0,2014,2.145,24.873166666666666,farieke01-2014
mozgoti01,20.816666666666666,3.6,201401230POR-DEN,201401230POR-POR,DEN-2014,0,2014,74.94,24.873166666666666,mozgoti01-2014
robinna01,19.85,-1.7,201401230POR-DEN,201401230POR-POR,DEN-2014,0,2014,-33.745000000000005,24.873166666666666,robinna01-2014
randoan01,16.4,7.3,201401230POR-DEN,201401230POR-POR,DEN-2014,0,2014,119.71999999999998,24.873166666666666,randoan01-2014
fournev01,14.016666666666667,-4.6,201401230POR-DEN,201401230POR-POR,DEN-2014,0,2014,-64.47666666666666,24.873166666666666,fournev01-2014
millequ01,13.933333333333334,-1,201401230POR-DEN,201401230POR-POR,DEN-2014,0,2014,-13.933333333333334,24.873166666666666,millequ01-2014
stephla01,40.3,6.2,201401250DEN-IND,201401250DEN-DEN,IND-2014,0,2014,249.85999999999999,20.086666666666666,stephla01-2014
georgpa01,34.21666666666667,0.1,201401250DEN-IND,201401250DEN-DEN,IND-2014,0,2014,3.421666666666667,20.086666666666666,georgpa01-2014
hillge01,32.666666666666664,4.7,201401250DEN-IND,201401250DEN-DEN,IND-2014,0,2014,153.53333333333333,20.086666666666666,hillge01-2014
westda01,32,-1.8,201401250DEN-IND,201401250DEN-DEN,IND-2014,0,2014,-57.6,20.086666666666666,westda01-2014
scolalu01,21.35,-1.3,201401250DEN-IND,201401250DEN-DEN,IND-2014,0,2014,-27.755000000000003,20.086666666666666,scolalu01-2014
hibbero01,19.783333333333335,-1.7,201401250DEN-IND,201401250DEN-DEN,IND-2014,0,2014,-33.63166666666667,20.086666666666666,hibbero01-2014
mahinia01,19.4,-0.1,201401250DEN-IND,201401250DEN-DEN,IND-2014,0,2014,-1.94,20.086666666666666,mahinia01-2014
grangda01,17.85,-1.6,201401250DEN-IND,201401250DEN-DEN,IND-2014,0,2014,-28.560000000000002,20.086666666666666,grangda01-2014
watsocj01,15.516666666666667,0.2,201401250DEN-IND,201401250DEN-DEN,IND-2014,0,2014,3.1033333333333335,20.086666666666666,watsocj01-2014
butlera01,1.7333333333333334,0.6,201401250DEN-IND,201401250DEN-DEN,IND-2014,0,2014,1.04,20.086666666666666,butlera01-2014
copelch01,1.7333333333333334,0.9,201401250DEN-IND,201401250DEN-DEN,IND-2014,0,2014,1.56,20.086666666666666,copelch01-2014
johnsor01,1.7333333333333334,-1,201401250DEN-IND,201401250DEN-DEN,IND-2014,0,2014,-1.7333333333333334,20.086666666666666,johnsor01-2014
sloando01,1.7166666666666668,-0.1,201401250DEN-IND,201401250DEN-DEN,IND-2014,0,2014,-0.1716666666666667,20.086666666666666,sloando01-2014
lawsoty01,35.28333333333333,4.2,201401260SAC-DEN,201401260SAC-SAC,DEN-2014,1,2014,148.19,23.940555555555555,lawsoty01-2014
chandwi01,34.483333333333334,-0.6,201401260SAC-DEN,201401260SAC-SAC,DEN-2014,1,2014,-20.69,23.940555555555555,chandwi01-2014
farieke01,34.266666666666666,2,201401260SAC-DEN,201401260SAC-SAC,DEN-2014,1,2014,68.53333333333333,23.940555555555555,farieke01-2014
hicksjj01,33.4,-1.5,201401260SAC-DEN,201401260SAC-SAC,DEN-2014,1,2014,-50.099999999999994,23.940555555555555,hicksjj01-2014
foyera01,25.95,-6.1,201401260SAC-DEN,201401260SAC-SAC,DEN-2014,1,2014,-158.295,23.940555555555555,foyera01-2014
robinna01,24.383333333333333,3.1,201401260SAC-DEN,201401260SAC-SAC,DEN-2014,1,2014,75.58833333333334,23.940555555555555,robinna01-2014
mozgoti01,23.95,2.8,201401260SAC-DEN,201401260SAC-SAC,DEN-2014,1,2014,67.05999999999999,23.940555555555555,mozgoti01-2014
fournev01,14.766666666666667,1.1,201401260SAC-DEN,201401260SAC-SAC,DEN-2014,1,2014,16.243333333333336,23.940555555555555,fournev01-2014
millequ01,13.516666666666667,5.1,201401260SAC-DEN,201401260SAC-SAC,DEN-2014,1,2014,68.935,23.940555555555555,millequ01-2014
sessira01,35.96666666666667,3.5,201401290DEN-CHA,201401290DEN-DEN,CHA-2014,1,2014,125.88333333333334,36.308,sessira01-2014
hendege02,35.28333333333333,3.2,201401290DEN-CHA,201401290DEN-DEN,CHA-2014,1,2014,112.90666666666667,36.308,hendege02-2014
jeffeal01,32.25,6.3,201401290DEN-CHA,201401290DEN-DEN,CHA-2014,1,2014,203.17499999999998,36.308,jeffeal01-2014
mcrobjo01,31.9,-1.3,201401290DEN-CHA,201401290DEN-DEN,CHA-2014,1,2014,-41.47,36.308,mcrobjo01-2014
kiddgmi01,26.666666666666668,0.2,201401290DEN-CHA,201401290DEN-DEN,CHA-2014,1,2014,5.333333333333334,36.308,kiddgmi01-2014
tollian01,21.333333333333332,-0.3,201401290DEN-CHA,201401290DEN-DEN,CHA-2014,1,2014,-6.3999999999999995,36.308,tollian01-2014
zelleco01,16.1,-1.5,201401290DEN-CHA,201401290DEN-DEN,CHA-2014,1,2014,-24.150000000000002,36.308,zelleco01-2014
biyombi01,15.75,-0.6,201401290DEN-CHA,201401290DEN-DEN,CHA-2014,1,2014,-9.45,36.308,biyombi01-2014
douglch01,12.716666666666667,-0.5,201401290DEN-CHA,201401290DEN-DEN,CHA-2014,1,2014,-6.358333333333333,36.308,douglch01-2014
pargoja01,12.033333333333333,0.3,201401290DEN-CHA,201401290DEN-DEN,CHA-2014,1,2014,3.61,36.308,pargoja01-2014
rosste01,36.71666666666667,9.2,201401310DEN-TOR,201401310DEN-DEN,TOR-2014,1,2014,337.79333333333335,44.967999999999996,rosste01-2014
derozde01,32.65,-2.7,201401310DEN-TOR,201401310DEN-DEN,TOR-2014,1,2014,-88.155,44.967999999999996,derozde01-2014
lowryky01,30.816666666666666,0.7,201401310DEN-TOR,201401310DEN-DEN,TOR-2014,1,2014,21.571666666666665,44.967999999999996,lowryky01-2014
valanjo01,28.683333333333334,-1.6,201401310DEN-TOR,201401310DEN-DEN,TOR-2014,1,2014,-45.89333333333334,44.967999999999996,valanjo01-2014
salmojo01,24.266666666666666,10.6,201401310DEN-TOR,201401310DEN-DEN,TOR-2014,1,2014,257.22666666666663,44.967999999999996,salmojo01-2014
pattepa01,24.033333333333335,1.4,201401310DEN-TOR,201401310DEN-DEN,TOR-2014,1,2014,33.64666666666667,44.967999999999996,pattepa01-2014
vasqugr01,19.55,-7.2,201401310DEN-TOR,201401310DEN-DEN,TOR-2014,1,2014,-140.76000000000002,44.967999999999996,vasqugr01-2014
johnsam01,18.383333333333333,1.8,201401310DEN-TOR,201401310DEN-DEN,TOR-2014,1,2014,33.09,44.967999999999996,johnsam01-2014
hansbty01,12.816666666666666,3.4,201401310DEN-TOR,201401310DEN-DEN,TOR-2014,1,2014,43.57666666666667,44.967999999999996,hansbty01-2014
hayesch01,12.083333333333334,-0.2,201401310DEN-TOR,201401310DEN-DEN,TOR-2014,1,2014,-2.416666666666667,44.967999999999996,hayesch01-2014
jordade01,41.05,2.1,201402030DEN-LAC,201402030DEN-DEN,LAC-2014,0,2014,86.205,44.037000000000006,jordade01-2014
griffbl01,37.56666666666667,9.6,201402030DEN-LAC,201402030DEN-DEN,LAC-2014,0,2014,360.64000000000004,44.037000000000006,griffbl01-2014
barnema02,31.816666666666666,-2.1,201402030DEN-LAC,201402030DEN-DEN,LAC-2014,0,2014,-66.815,44.037000000000006,barnema02-2014
redicjj01,29.983333333333334,-2.3,201402030DEN-LAC,201402030DEN-DEN,LAC-2014,0,2014,-68.96166666666666,44.037000000000006,redicjj01-2014
crawfja01,28.983333333333334,2.9,201402030DEN-LAC,201402030DEN-DEN,LAC-2014,0,2014,84.05166666666666,44.037000000000006,crawfja01-2014
collida01,25.833333333333332,1.2,201402030DEN-LAC,201402030DEN-DEN,LAC-2014,0,2014,30.999999999999996,44.037000000000006,collida01-2014
dudleja01,16.183333333333334,0.7,201402030DEN-LAC,201402030DEN-DEN,LAC-2014,0,2014,11.328333333333333,44.037000000000006,dudleja01-2014
greenwi01,12.083333333333334,-0.4,201402030DEN-LAC,201402030DEN-DEN,LAC-2014,0,2014,-4.833333333333334,44.037000000000006,greenwi01-2014
turkohe01,11.55,0.5,201402030DEN-LAC,201402030DEN-DEN,LAC-2014,0,2014,5.775,44.037000000000006,turkohe01-2014
holliry01,4.95,0.4,201402030DEN-LAC,201402030DEN-DEN,LAC-2014,0,2014,1.9800000000000002,44.037000000000006,holliry01-2014
middlkh01,43.7,3.4,201402050DEN-MIL,201402050DEN-DEN,MIL-2014,0,2014,148.58,16.083333333333336,middlkh01-2014
knighbr03,37.75,1.5,201402050DEN-MIL,201402050DEN-DEN,MIL-2014,0,2014,56.625,16.083333333333336,knighbr03-2014
sandela01,33.666666666666664,6.7,201402050DEN-MIL,201402050DEN-DEN,MIL-2014,0,2014,225.56666666666666,16.083333333333336,sandela01-2014
antetgi01,33.13333333333333,-7.1,201402050DEN-MIL,201402050DEN-DEN,MIL-2014,0,2014,-235.24666666666664,16.083333333333336,antetgi01-2014
woltena01,27.966666666666665,-0.3,201402050DEN-MIL,201402050DEN-DEN,MIL-2014,0,2014,-8.389999999999999,16.083333333333336,woltena01-2014
pachuza01,22.466666666666665,4.3,201402050DEN-MIL,201402050DEN-DEN,MIL-2014,0,2014,96.60666666666665,16.083333333333336,pachuza01-2014
ilyaser01,20.55,-2.1,201402050DEN-MIL,201402050DEN-DEN,MIL-2014,0,2014,-43.155,16.083333333333336,ilyaser01-2014
hensojo01,16.716666666666665,-5.2,201402050DEN-MIL,201402050DEN-DEN,MIL-2014,0,2014,-86.92666666666666,16.083333333333336,hensojo01-2014
ridnolu01,4.05,-2.2,201402050DEN-MIL,201402050DEN-DEN,MIL-2014,0,2014,-8.91,16.083333333333336,ridnolu01-2014
lawsoty01,39.36666666666667,4.7,201402070NYK-DEN,201402070NYK-NYK,DEN-2014,0,2014,185.02333333333334,-2.386818181818179,lawsoty01-2014
chandwi01,32.31666666666667,3.1,201402070NYK-DEN,201402070NYK-NYK,DEN-2014,0,2014,100.18166666666669,-2.386818181818179,chandwi01-2014
foyera01,30.8,-0.9,201402070NYK-DEN,201402070NYK-NYK,DEN-2014,0,2014,-27.720000000000002,-2.386818181818179,foyera01-2014
farieke01,29.283333333333335,-2.9,201402070NYK-DEN,201402070NYK-NYK,DEN-2014,0,2014,-84.92166666666667,-2.386818181818179,farieke01-2014
hicksjj01,27.483333333333334,-2.8,201402070NYK-DEN,201402070NYK-NYK,DEN-2014,0,2014,-76.95333333333333,-2.386818181818179,hicksjj01-2014
fournev01,20.316666666666666,-2.3,201402070NYK-DEN,201402070NYK-NYK,DEN-2014,0,2014,-46.72833333333333,-2.386818181818179,fournev01-2014
mozgoti01,16.4,-1.6,201402070NYK-DEN,201402070NYK-NYK,DEN-2014,0,2014,-26.24,-2.386818181818179,mozgoti01-2014
millequ01,15.683333333333334,0.3,201402070NYK-DEN,201402070NYK-NYK,DEN-2014,0,2014,4.705,-2.386818181818179,millequ01-2014
hamiljo02,10.666666666666666,-3.8,201402070NYK-DEN,201402070NYK-NYK,DEN-2014,0,2014,-40.53333333333333,-2.386818181818179,hamiljo02-2014
arthuda01,9.033333333333333,-2.5,201402070NYK-DEN,201402070NYK-NYK,DEN-2014,0,2014,-22.583333333333332,-2.386818181818179,arthuda01-2014
randoan01,8.65,1.1,201402070NYK-DEN,201402070NYK-NYK,DEN-2014,0,2014,9.515,-2.386818181818179,randoan01-2014
hicksjj01,33.56666666666667,-5.1,201402080DET-DEN,201402080DET-DET,DEN-2014,0,2014,-171.19,2.613030303030302,hicksjj01-2014
foyera01,32.86666666666667,5.7,201402080DET-DEN,201402080DET-DET,DEN-2014,0,2014,187.34,2.613030303030302,foyera01-2014
chandwi01,32.78333333333333,6.2,201402080DET-DEN,201402080DET-DET,DEN-2014,0,2014,203.25666666666666,2.613030303030302,chandwi01-2014
mozgoti01,21.616666666666667,-0.8,201402080DET-DEN,201402080DET-DET,DEN-2014,0,2014,-17.293333333333333,2.613030303030302,mozgoti01-2014
arthuda01,21.416666666666668,-2.9,201402080DET-DEN,201402080DET-DET,DEN-2014,0,2014,-62.108333333333334,2.613030303030302,arthuda01-2014
fournev01,20.783333333333335,-2.3,201402080DET-DEN,201402080DET-DET,DEN-2014,0,2014,-47.80166666666667,2.613030303030302,fournev01-2014
farieke01,19.5,-0.4,201402080DET-DEN,201402080DET-DET,DEN-2014,0,2014,-7.800000000000001,2.613030303030302,farieke01-2014
lawsoty01,19.35,-1.8,201402080DET-DEN,201402080DET-DET,DEN-2014,0,2014,-34.830000000000005,2.613030303030302,lawsoty01-2014
millequ01,16.15,-0.4,201402080DET-DEN,201402080DET-DET,DEN-2014,0,2014,-6.46,2.613030303030302,millequ01-2014
randoan01,11.9,-0.7,201402080DET-DEN,201402080DET-DET,DEN-2014,0,2014,-8.33,2.613030303030302,randoan01-2014
hamiljo02,10.066666666666666,-0.6,201402080DET-DEN,201402080DET-DET,DEN-2014,0,2014,-6.04,2.613030303030302,hamiljo02-2014
foyera01,34.13333333333333,-3,201402100IND-DEN,201402100IND-IND,DEN-2014,0,2014,-102.4,-39.81933333333333,foyera01-2014
chandwi01,29.65,3.7,201402100IND-DEN,201402100IND-IND,DEN-2014,0,2014,109.705,-39.81933333333333,chandwi01-2014
hicksjj01,27.65,-2.1,201402100IND-DEN,201402100IND-IND,DEN-2014,0,2014,-58.065,-39.81933333333333,hicksjj01-2014
millequ01,27.133333333333333,-8.4,201402100IND-DEN,201402100IND-IND,DEN-2014,0,2014,-227.92000000000002,-39.81933333333333,millequ01-2014
farieke01,26,-3.4,201402100IND-DEN,201402100IND-IND,DEN-2014,0,2014,-88.39999999999999,-39.81933333333333,farieke01-2014
hamiljo02,25.283333333333335,-0.1,201402100IND-DEN,201402100IND-IND,DEN-2014,0,2014,-2.5283333333333338,-39.81933333333333,hamiljo02-2014
mozgoti01,24.266666666666666,-0.6,201402100IND-DEN,201402100IND-IND,DEN-2014,0,2014,-14.559999999999999,-39.81933333333333,mozgoti01-2014
fournev01,18.916666666666668,0.7,201402100IND-DEN,201402100IND-IND,DEN-2014,0,2014,13.241666666666667,-39.81933333333333,fournev01-2014
randoan01,14.983333333333333,-1.1,201402100IND-DEN,201402100IND-IND,DEN-2014,0,2014,-16.481666666666666,-39.81933333333333,randoan01-2014
arthuda01,11.983333333333333,-0.9,201402100IND-DEN,201402100IND-IND,DEN-2014,0,2014,-10.785,-39.81933333333333,arthuda01-2014
hamiljo02,33.25,10.4,201402120MIN-DEN,201402120MIN-MIN,DEN-2014,0,2014,345.8,-9.054166666666667,hamiljo02-2014
foyera01,33.166666666666664,-9,201402120MIN-DEN,201402120MIN-MIN,DEN-2014,0,2014,-298.5,-9.054166666666667,foyera01-2014
fournev01,32.63333333333333,-3,201402120MIN-DEN,201402120MIN-MIN,DEN-2014,0,2014,-97.9,-9.054166666666667,fournev01-2014
mozgoti01,31.166666666666668,-1.5,201402120MIN-DEN,201402120MIN-MIN,DEN-2014,0,2014,-46.75,-9.054166666666667,mozgoti01-2014
chandwi01,29.833333333333332,0.8,201402120MIN-DEN,201402120MIN-MIN,DEN-2014,0,2014,23.866666666666667,-9.054166666666667,chandwi01-2014
hicksjj01,25.383333333333333,1.7,201402120MIN-DEN,201402120MIN-MIN,DEN-2014,0,2014,43.151666666666664,-9.054166666666667,hicksjj01-2014
farieke01,19.05,-0.2,201402120MIN-DEN,201402120MIN-MIN,DEN-2014,0,2014,-3.8100000000000005,-9.054166666666667,farieke01-2014
randoan01,14.716666666666667,1.3,201402120MIN-DEN,201402120MIN-MIN,DEN-2014,0,2014,19.131666666666668,-9.054166666666667,randoan01-2014
arthuda01,10.983333333333333,-5,201402120MIN-DEN,201402120MIN-MIN,DEN-2014,0,2014,-54.916666666666664,-9.054166666666667,arthuda01-2014
millequ01,9.816666666666666,-2.1,201402120MIN-DEN,201402120MIN-MIN,DEN-2014,0,2014,-20.615000000000002,-9.054166666666667,millequ01-2014
dragigo01,42.333333333333336,8.1,201402180DEN-PHO,201402180DEN-DEN,PHO-2014,1,2014,342.9,63.70916666666667,dragigo01-2014
morrima02,41.516666666666666,0.1,201402180DEN-PHO,201402180DEN-DEN,PHO-2014,1,2014,4.151666666666666,63.70916666666667,morrima02-2014
tuckepj01,37,1.8,201402180DEN-PHO,201402180DEN-DEN,PHO-2014,1,2014,66.60000000000001,63.70916666666667,tuckepj01-2014
fryech01,30.566666666666666,0.7,201402180DEN-PHO,201402180DEN-DEN,PHO-2014,1,2014,21.396666666666665,63.70916666666667,fryech01-2014
greenge01,29.75,10.8,201402180DEN-PHO,201402180DEN-DEN,PHO-2014,1,2014,321.3,63.70916666666667,greenge01-2014
morrima03,25.016666666666666,1.8,201402180DEN-PHO,201402180DEN-DEN,PHO-2014,1,2014,45.03,63.70916666666667,morrima03-2014
plumlmi01,21.85,-2.2,201402180DEN-PHO,201402180DEN-DEN,PHO-2014,1,2014,-48.07000000000001,63.70916666666667,plumlmi01-2014
barbole01,17.666666666666668,-4.3,201402180DEN-PHO,201402180DEN-DEN,PHO-2014,1,2014,-75.96666666666667,63.70916666666667,barbole01-2014
smithis01,9.85,-1.4,201402180DEN-PHO,201402180DEN-DEN,PHO-2014,1,2014,-13.79,63.70916666666667,smithis01-2014
lenal01,9.45,-2.8,201402180DEN-PHO,201402180DEN-DEN,PHO-2014,1,2014,-26.459999999999997,63.70916666666667,lenal01-2014
foyera01,39.8,3.1,201402200MIL-DEN,201402200MIL-MIL,DEN-2014,1,2014,123.38,50.617916666666666,foyera01-2014
farieke01,38.516666666666666,6.1,201402200MIL-DEN,201402200MIL-MIL,DEN-2014,1,2014,234.95166666666665,50.617916666666666,farieke01-2014
chandwi01,31.983333333333334,5.5,201402200MIL-DEN,201402200MIL-MIL,DEN-2014,1,2014,175.90833333333333,50.617916666666666,chandwi01-2014
hicksjj01,29.016666666666666,1.6,201402200MIL-DEN,201402200MIL-MIL,DEN-2014,1,2014,46.42666666666667,50.617916666666666,hicksjj01-2014
randoan01,27.8,-3.1,201402200MIL-DEN,201402200MIL-MIL,DEN-2014,1,2014,-86.18,50.617916666666666,randoan01-2014
fournev01,27.35,-3.4,201402200MIL-DEN,201402200MIL-MIL,DEN-2014,1,2014,-92.99000000000001,50.617916666666666,fournev01-2014
mozgoti01,23.066666666666666,2,201402200MIL-DEN,201402200MIL-MIL,DEN-2014,1,2014,46.13333333333333,50.617916666666666,mozgoti01-2014
arthuda01,22.466666666666665,-1.9,201402200MIL-DEN,201402200MIL-MIL,DEN-2014,1,2014,-42.68666666666666,50.617916666666666,arthuda01-2014
chandwi01,31.15,-5.4,201402210CHI-DEN,201402210CHI-CHI,DEN-2014,0,2014,-168.21,-19.121818181818185,chandwi01-2014
foyera01,27.966666666666665,5,201402210CHI-DEN,201402210CHI-CHI,DEN-2014,0,2014,139.83333333333331,-19.121818181818185,foyera01-2014
brookaa01,27.816666666666666,3.4,201402210CHI-DEN,201402210CHI-CHI,DEN-2014,0,2014,94.57666666666667,-19.121818181818185,brookaa01-2014
mozgoti01,27.666666666666668,-3.4,201402210CHI-DEN,201402210CHI-CHI,DEN-2014,0,2014,-94.06666666666666,-19.121818181818185,mozgoti01-2014
farieke01,26.833333333333332,-3.3,201402210CHI-DEN,201402210CHI-CHI,DEN-2014,0,2014,-88.55,-19.121818181818185,farieke01-2014
fournev01,24.6,-1.9,201402210CHI-DEN,201402210CHI-CHI,DEN-2014,0,2014,-46.74,-19.121818181818185,fournev01-2014
hicksjj01,20.333333333333332,-1.5,201402210CHI-DEN,201402210CHI-CHI,DEN-2014,0,2014,-30.5,-19.121818181818185,hicksjj01-2014
randoan01,19.133333333333333,-1.1,201402210CHI-DEN,201402210CHI-CHI,DEN-2014,0,2014,-21.046666666666667,-19.121818181818185,randoan01-2014
veselja01,15.816666666666666,0.7,201402210CHI-DEN,201402210CHI-CHI,DEN-2014,0,2014,11.071666666666665,-19.121818181818185,veselja01-2014
millequ01,13.333333333333334,0.5,201402210CHI-DEN,201402210CHI-CHI,DEN-2014,0,2014,6.666666666666667,-19.121818181818185,millequ01-2014
arthuda01,5.35,-2.5,201402210CHI-DEN,201402210CHI-CHI,DEN-2014,0,2014,-13.375,-19.121818181818185,arthuda01-2014
thomais02,41.833333333333336,10.2,201402230DEN-SAC,201402230DEN-DEN,SAC-2014,1,2014,426.7,72.47847222222222,thomais02-2014
gayru01,37.95,10,201402230DEN-SAC,201402230DEN-DEN,SAC-2014,1,2014,379.5,72.47847222222222,gayru01-2014
mclembe01,35.53333333333333,-1.8,201402230DEN-SAC,201402230DEN-DEN,SAC-2014,1,2014,-63.96,72.47847222222222,mclembe01-2014
couside01,34.36666666666667,9.6,201402230DEN-SAC,201402230DEN-DEN,SAC-2014,1,2014,329.92,72.47847222222222,couside01-2014
willide02,21.316666666666666,-4.3,201402230DEN-SAC,201402230DEN-DEN,SAC-2014,1,2014,-91.66166666666666,72.47847222222222,willide02-2014
mccalra01,16.733333333333334,-3,201402230DEN-SAC,201402230DEN-DEN,SAC-2014,1,2014,-50.2,72.47847222222222,mccalra01-2014
thompja02,15.5,-2.3,201402230DEN-SAC,201402230DEN-DEN,SAC-2014,1,2014,-35.65,72.47847222222222,thompja02-2014
landrca01,11.366666666666667,-0.4,201402230DEN-SAC,201402230DEN-DEN,SAC-2014,1,2014,-4.546666666666667,72.47847222222222,landrca01-2014
acyqu01,11.05,-1.6,201402230DEN-SAC,201402230DEN-DEN,SAC-2014,1,2014,-17.680000000000003,72.47847222222222,acyqu01-2014
evansre01,8,-0.2,201402230DEN-SAC,201402230DEN-DEN,SAC-2014,1,2014,-1.6,72.47847222222222,evansre01-2014
grayaa01,4.45,-0.2,201402230DEN-SAC,201402230DEN-DEN,SAC-2014,1,2014,-0.8900000000000001,72.47847222222222,grayaa01-2014
outlatr01,1.9,-0.1,201402230DEN-SAC,201402230DEN-DEN,SAC-2014,1,2014,-0.19,72.47847222222222,outlatr01-2014
batumni01,38.8,7.8,201402250DEN-POR,201402250DEN-DEN,POR-2014,1,2014,302.64,73.68333333333332,batumni01-2014
lopezro01,38.43333333333333,2.9,201402250DEN-POR,201402250DEN-DEN,POR-2014,1,2014,111.45666666666665,73.68333333333332,lopezro01-2014
lillada01,37.2,10.6,201402250DEN-POR,201402250DEN-DEN,POR-2014,1,2014,394.32,73.68333333333332,lillada01-2014
matthwe02,33.11666666666667,-3,201402250DEN-POR,201402250DEN-DEN,POR-2014,1,2014,-99.35,73.68333333333332,matthwe02-2014
wrighdo01,27.016666666666666,5.1,201402250DEN-POR,201402250DEN-DEN,POR-2014,1,2014,137.785,73.68333333333332,wrighdo01-2014
willima01,25.833333333333332,0.1,201402250DEN-POR,201402250DEN-DEN,POR-2014,1,2014,2.5833333333333335,73.68333333333332,willima01-2014
robinth01,14.233333333333333,-3.7,201402250DEN-POR,201402250DEN-DEN,POR-2014,1,2014,-52.663333333333334,73.68333333333332,robinth01-2014
clavevi01,12.166666666666666,-2.3,201402250DEN-POR,201402250DEN-DEN,POR-2014,1,2014,-27.98333333333333,73.68333333333332,clavevi01-2014
bartowi01,7.15,-4.3,201402250DEN-POR,201402250DEN-DEN,POR-2014,1,2014,-30.745,73.68333333333332,bartowi01-2014
mccolcj01,6.05,-0.2,201402250DEN-POR,201402250DEN-DEN,POR-2014,1,2014,-1.21,73.68333333333332,mccolcj01-2014
livinsh01,27.433333333333334,5.6,201402270DEN-BRK,201402270DEN-DEN,BRK-2014,1,2014,153.62666666666667,30.562820512820508,livinsh01-2014
johnsjo02,26.516666666666666,-4.5,201402270DEN-BRK,201402270DEN-DEN,BRK-2014,1,2014,-119.32499999999999,30.562820512820508,johnsjo02-2014
willide01,26.333333333333332,3.5,201402270DEN-BRK,201402270DEN-DEN,BRK-2014,1,2014,92.16666666666666,30.562820512820508,willide01-2014
teletmi01,26.116666666666667,-1.8,201402270DEN-BRK,201402270DEN-DEN,BRK-2014,1,2014,-47.010000000000005,30.562820512820508,teletmi01-2014
piercpa01,21.883333333333333,2.4,201402270DEN-BRK,201402270DEN-DEN,BRK-2014,1,2014,52.519999999999996,30.562820512820508,piercpa01-2014
plumlma01,20.766666666666666,3.4,201402270DEN-BRK,201402270DEN-DEN,BRK-2014,1,2014,70.60666666666665,30.562820512820508,plumlma01-2014
blatcan01,17.65,8.1,201402270DEN-BRK,201402270DEN-DEN,BRK-2014,1,2014,142.96499999999997,30.562820512820508,blatcan01-2014
thornma01,17.316666666666666,0.8,201402270DEN-BRK,201402270DEN-DEN,BRK-2014,1,2014,13.853333333333333,30.562820512820508,thornma01-2014
teaguma01,14.383333333333333,0.6,201402270DEN-BRK,201402270DEN-DEN,BRK-2014,1,2014,8.629999999999999,30.562820512820508,teaguma01-2014
anderal01,12,0.5,201402270DEN-BRK,201402270DEN-DEN,BRK-2014,1,2014,6,30.562820512820508,anderal01-2014
garneke01,11.966666666666667,0.6,201402270DEN-BRK,201402270DEN-DEN,BRK-2014,1,2014,7.18,30.562820512820508,garneke01-2014
kirilan01,9.6,3.1,201402270DEN-BRK,201402270DEN-DEN,BRK-2014,1,2014,29.759999999999998,30.562820512820508,kirilan01-2014
collija04,8.033333333333333,-1.7,201402270DEN-BRK,201402270DEN-DEN,BRK-2014,1,2014,-13.656666666666666,30.562820512820508,collija04-2014
foyera01,41.03333333333333,0.8,201403010POR-DEN,201403010POR-POR,DEN-2014,0,2014,32.82666666666667,27.438888888888894,foyera01-2014
chandwi01,34.43333333333333,-0.1,201403010POR-DEN,201403010POR-POR,DEN-2014,0,2014,-3.4433333333333334,27.438888888888894,chandwi01-2014
fournev01,32.416666666666664,8.3,201403010POR-DEN,201403010POR-POR,DEN-2014,0,2014,269.05833333333334,27.438888888888894,fournev01-2014
farieke01,31.816666666666666,4,201403010POR-DEN,201403010POR-POR,DEN-2014,0,2014,127.26666666666667,27.438888888888894,farieke01-2014
hicksjj01,29.683333333333334,-2.4,201403010POR-DEN,201403010POR-POR,DEN-2014,0,2014,-71.24,27.438888888888894,hicksjj01-2014
brookaa01,25.383333333333333,-4.8,201403010POR-DEN,201403010POR-POR,DEN-2014,0,2014,-121.83999999999999,27.438888888888894,brookaa01-2014
mozgoti01,19.316666666666666,-2.9,201403010POR-DEN,201403010POR-POR,DEN-2014,0,2014,-56.01833333333333,27.438888888888894,mozgoti01-2014
arthuda01,15.183333333333334,6.4,201403010POR-DEN,201403010POR-POR,DEN-2014,0,2014,97.17333333333335,27.438888888888894,arthuda01-2014
millequ01,10.733333333333333,-2.5,201403010POR-DEN,201403010POR-POR,DEN-2014,0,2014,-26.833333333333332,27.438888888888894,millequ01-2014
loveke01,37.916666666666664,7.9,201403030DEN-MIN,201403030DEN-DEN,MIN-2014,1,2014,299.5416666666667,39.06878787878788,loveke01-2014
breweco01,36.03333333333333,0.5,201403030DEN-MIN,201403030DEN-DEN,MIN-2014,1,2014,18.016666666666666,39.06878787878788,breweco01-2014
martike02,30.733333333333334,0.1,201403030DEN-MIN,201403030DEN-DEN,MIN-2014,1,2014,3.0733333333333337,39.06878787878788,martike02-2014
bareajo01,26.433333333333334,1.8,201403030DEN-MIN,201403030DEN-DEN,MIN-2014,1,2014,47.58,39.06878787878788,bareajo01-2014
rubiori01,26.316666666666666,-2.6,201403030DEN-MIN,201403030DEN-DEN,MIN-2014,1,2014,-68.42333333333333,39.06878787878788,rubiori01-2014
cunnida01,25.166666666666668,3.7,201403030DEN-MIN,201403030DEN-DEN,MIN-2014,1,2014,93.11666666666667,39.06878787878788,cunnida01-2014
pekovni01,23.95,1.7,201403030DEN-MIN,201403030DEN-DEN,MIN-2014,1,2014,40.714999999999996,39.06878787878788,pekovni01-2014
budinch01,12.516666666666667,-0.3,201403030DEN-MIN,201403030DEN-DEN,MIN-2014,1,2014,-3.755,39.06878787878788,budinch01-2014
muhamsh01,11.966666666666667,-0.6,201403030DEN-MIN,201403030DEN-DEN,MIN-2014,1,2014,-7.18,39.06878787878788,muhamsh01-2014
mbahalu01,4.983333333333333,0.3,201403030DEN-MIN,201403030DEN-DEN,MIN-2014,1,2014,1.4949999999999999,39.06878787878788,mbahalu01-2014
dienggo01,3.9833333333333334,1.4,201403030DEN-MIN,201403030DEN-DEN,MIN-2014,1,2014,5.576666666666666,39.06878787878788,dienggo01-2014
ellismo01,38.65,-0.9,201403050DEN-DAL,201403050DEN-DEN,DAL-2014,0,2014,-34.785,18.817500000000003,ellismo01-2014
nowitdi01,34.35,2.6,201403050DEN-DAL,201403050DEN-DEN,DAL-2014,0,2014,89.31,18.817500000000003,nowitdi01-2014
caldejo01,30.633333333333333,-1.5,201403050DEN-DAL,201403050DEN-DEN,DAL-2014,0,2014,-45.95,18.817500000000003,caldejo01-2014
mariosh01,29.15,0.8,201403050DEN-DAL,201403050DEN-DEN,DAL-2014,0,2014,23.32,18.817500000000003,mariosh01-2014
wrighbr03,25,3.8,201403050DEN-DAL,201403050DEN-DEN,DAL-2014,0,2014,95,18.817500000000003,wrighbr03-2014
cartevi01,20.783333333333335,1.3,201403050DEN-DAL,201403050DEN-DEN,DAL-2014,0,2014,27.018333333333338,18.817500000000003,cartevi01-2014
harride01,17.816666666666666,2.3,201403050DEN-DAL,201403050DEN-DEN,DAL-2014,0,2014,40.97833333333333,18.817500000000003,harride01-2014
crowdja01,15.833333333333334,4.9,201403050DEN-DAL,201403050DEN-DEN,DAL-2014,0,2014,77.58333333333334,18.817500000000003,crowdja01-2014
jamesbe01,10.466666666666667,-2.6,201403050DEN-DAL,201403050DEN-DEN,DAL-2014,0,2014,-27.213333333333335,18.817500000000003,jamesbe01-2014
dalemsa01,9.55,-2.2,201403050DEN-DAL,201403050DEN-DEN,DAL-2014,0,2014,-21.01,18.817500000000003,dalemsa01-2014
larkish01,4.783333333333333,0.7,201403050DEN-DAL,201403050DEN-DEN,DAL-2014,0,2014,3.348333333333333,18.817500000000003,larkish01-2014
blairde01,2.9833333333333334,-0.6,201403050DEN-DAL,201403050DEN-DEN,DAL-2014,0,2014,-1.79,18.817500000000003,blairde01-2014
meeksjo01,33.96666666666667,-4.9,201403070DEN-LAL,201403070DEN-DEN,LAL-2014,0,2014,-166.4366666666667,7.805833333333332,meeksjo01-2014
kellyry01,32.766666666666666,5.1,201403070DEN-LAL,201403070DEN-DEN,LAL-2014,0,2014,167.10999999999999,7.805833333333332,kellyry01-2014
henryxa01,31.333333333333332,-2.5,201403070DEN-LAL,201403070DEN-DEN,LAL-2014,0,2014,-78.33333333333333,7.805833333333332,henryxa01-2014
gasolpa01,30.483333333333334,0.9,201403070DEN-LAL,201403070DEN-DEN,LAL-2014,0,2014,27.435000000000002,7.805833333333332,gasolpa01-2014
marshke01,26.783333333333335,2.7,201403070DEN-LAL,201403070DEN-DEN,LAL-2014,0,2014,72.31500000000001,7.805833333333332,marshke01-2014
farmajo01,21.383333333333333,6.9,201403070DEN-LAL,201403070DEN-DEN,LAL-2014,0,2014,147.54500000000002,7.805833333333332,farmajo01-2014
johnswe01,18.883333333333333,-3.1,201403070DEN-LAL,201403070DEN-DEN,LAL-2014,0,2014,-58.538333333333334,7.805833333333332,johnswe01-2014
sacrero01,17.516666666666666,0.5,201403070DEN-LAL,201403070DEN-DEN,LAL-2014,0,2014,8.758333333333333,7.805833333333332,sacrero01-2014
bazemke01,16.266666666666666,-2.7,201403070DEN-LAL,201403070DEN-DEN,LAL-2014,0,2014,-43.92,7.805833333333332,bazemke01-2014
brookma01,10.616666666666667,0.2,201403070DEN-LAL,201403070DEN-DEN,LAL-2014,0,2014,2.1233333333333335,7.805833333333332,brookma01-2014
chandwi01,45.7,0.4,201403090NOP-DEN,201403090NOP-NOP,DEN-2014,0,2014,18.28,-2.6724242424242424,chandwi01-2014
foyera01,44.96666666666667,-7.9,201403090NOP-DEN,201403090NOP-NOP,DEN-2014,0,2014,-355.2366666666667,-2.6724242424242424,foyera01-2014
lawsoty01,43.71666666666667,-1.3,201403090NOP-DEN,201403090NOP-NOP,DEN-2014,0,2014,-56.83166666666667,-2.6724242424242424,lawsoty01-2014
farieke01,38.53333333333333,4.4,201403090NOP-DEN,201403090NOP-NOP,DEN-2014,0,2014,169.54666666666668,-2.6724242424242424,farieke01-2014
brookaa01,22.433333333333334,7.1,201403090NOP-DEN,201403090NOP-NOP,DEN-2014,0,2014,159.27666666666667,-2.6724242424242424,brookaa01-2014
mozgoti01,19.916666666666668,-0.6,201403090NOP-DEN,201403090NOP-NOP,DEN-2014,0,2014,-11.950000000000001,-2.6724242424242424,mozgoti01-2014
hicksjj01,19.216666666666665,-1.2,201403090NOP-DEN,201403090NOP-NOP,DEN-2014,0,2014,-23.06,-2.6724242424242424,hicksjj01-2014
fournev01,13.15,3.3,201403090NOP-DEN,201403090NOP-NOP,DEN-2014,0,2014,43.394999999999996,-2.6724242424242424,fournev01-2014
arthuda01,9.266666666666667,0.5,201403090NOP-DEN,201403090NOP-NOP,DEN-2014,0,2014,4.633333333333334,-2.6724242424242424,arthuda01-2014
veselja01,7.516666666666667,3,201403090NOP-DEN,201403090NOP-NOP,DEN-2014,0,2014,22.55,-2.6724242424242424,veselja01-2014
randoan01,0.5833333333333334,0,201403090NOP-DEN,201403090NOP-NOP,DEN-2014,0,2014,0,-2.6724242424242424,randoan01-2014
lawsoty01,40.36666666666667,4.7,201403100CHA-DEN,201403100CHA-CHA,DEN-2014,0,2014,189.72333333333333,22.957272727272727,lawsoty01-2014
foyera01,33.13333333333333,-1.7,201403100CHA-DEN,201403100CHA-CHA,DEN-2014,0,2014,-56.32666666666666,22.957272727272727,foyera01-2014
chandwi01,31.183333333333334,-0.9,201403100CHA-DEN,201403100CHA-CHA,DEN-2014,0,2014,-28.065,22.957272727272727,chandwi01-2014
farieke01,31.183333333333334,2.1,201403100CHA-DEN,201403100CHA-CHA,DEN-2014,0,2014,65.485,22.957272727272727,farieke01-2014
brookaa01,24.133333333333333,1,201403100CHA-DEN,201403100CHA-CHA,DEN-2014,0,2014,24.133333333333333,22.957272727272727,brookaa01-2014
mozgoti01,19.733333333333334,4.5,201403100CHA-DEN,201403100CHA-CHA,DEN-2014,0,2014,88.80000000000001,22.957272727272727,mozgoti01-2014
hicksjj01,19.216666666666665,-0.2,201403100CHA-DEN,201403100CHA-CHA,DEN-2014,0,2014,-3.8433333333333333,22.957272727272727,hicksjj01-2014
fournev01,15.516666666666667,-2.7,201403100CHA-DEN,201403100CHA-CHA,DEN-2014,0,2014,-41.895,22.957272727272727,fournev01-2014
veselja01,12.783333333333333,0.9,201403100CHA-DEN,201403100CHA-CHA,DEN-2014,0,2014,11.505,22.957272727272727,veselja01-2014
arthuda01,8.516666666666667,1,201403100CHA-DEN,201403100CHA-CHA,DEN-2014,0,2014,8.516666666666667,22.957272727272727,arthuda01-2014
randoan01,4.233333333333333,-1.3,201403100CHA-DEN,201403100CHA-CHA,DEN-2014,0,2014,-5.503333333333334,22.957272727272727,randoan01-2014
farieke01,32.483333333333334,2.6,201403120ORL-DEN,201403120ORL-ORL,DEN-2014,1,2014,84.45666666666668,29.787500000000005,farieke01-2014
chandwi01,31.433333333333334,1.1,201403120ORL-DEN,201403120ORL-ORL,DEN-2014,1,2014,34.57666666666667,29.787500000000005,chandwi01-2014
lawsoty01,30.666666666666668,5.5,201403120ORL-DEN,201403120ORL-ORL,DEN-2014,1,2014,168.66666666666669,29.787500000000005,lawsoty01-2014
foyera01,25.566666666666666,-2.8,201403120ORL-DEN,201403120ORL-ORL,DEN-2014,1,2014,-71.58666666666666,29.787500000000005,foyera01-2014
hicksjj01,23.983333333333334,1,201403120ORL-DEN,201403120ORL-ORL,DEN-2014,1,2014,23.983333333333334,29.787500000000005,hicksjj01-2014
mozgoti01,22.25,-1.7,201403120ORL-DEN,201403120ORL-ORL,DEN-2014,1,2014,-37.824999999999996,29.787500000000005,mozgoti01-2014
brookaa01,20.483333333333334,0.4,201403120ORL-DEN,201403120ORL-ORL,DEN-2014,1,2014,8.193333333333333,29.787500000000005,brookaa01-2014
fournev01,19.283333333333335,-1.2,201403120ORL-DEN,201403120ORL-ORL,DEN-2014,1,2014,-23.14,29.787500000000005,fournev01-2014
millequ01,17.283333333333335,4,201403120ORL-DEN,201403120ORL-ORL,DEN-2014,1,2014,69.13333333333334,29.787500000000005,millequ01-2014
arthuda01,16.566666666666666,2.5,201403120ORL-DEN,201403120ORL-ORL,DEN-2014,1,2014,41.416666666666664,29.787500000000005,arthuda01-2014
lawsoty01,38.45,1.8,201403140MIA-DEN,201403140MIA-MIA,DEN-2014,1,2014,69.21000000000001,41.347500000000004,lawsoty01-2014
fournev01,30.4,2.4,201403140MIA-DEN,201403140MIA-MIA,DEN-2014,1,2014,72.96,41.347500000000004,fournev01-2014
farieke01,30.116666666666667,5.7,201403140MIA-DEN,201403140MIA-MIA,DEN-2014,1,2014,171.66500000000002,41.347500000000004,farieke01-2014
hicksjj01,26.016666666666666,3.5,201403140MIA-DEN,201403140MIA-MIA,DEN-2014,1,2014,91.05833333333334,41.347500000000004,hicksjj01-2014
foyera01,24.033333333333335,-4,201403140MIA-DEN,201403140MIA-MIA,DEN-2014,1,2014,-96.13333333333334,41.347500000000004,foyera01-2014
arthuda01,23.783333333333335,5.9,201403140MIA-DEN,201403140MIA-MIA,DEN-2014,1,2014,140.3216666666667,41.347500000000004,arthuda01-2014
chandwi01,21.866666666666667,-5,201403140MIA-DEN,201403140MIA-MIA,DEN-2014,1,2014,-109.33333333333334,41.347500000000004,chandwi01-2014
mozgoti01,16.033333333333335,0.2,201403140MIA-DEN,201403140MIA-MIA,DEN-2014,1,2014,3.206666666666667,41.347500000000004,mozgoti01-2014
brookaa01,15.1,4.2,201403140MIA-DEN,201403140MIA-MIA,DEN-2014,1,2014,63.42,41.347500000000004,brookaa01-2014
millequ01,14.2,0.5,201403140MIA-DEN,201403140MIA-MIA,DEN-2014,1,2014,7.1,41.347500000000004,millequ01-2014
lawsoty01,37.8,-4.8,201403150ATL-DEN,201403150ATL-ATL,DEN-2014,0,2014,-181.43999999999997,5.908636363636363,lawsoty01-2014
chandwi01,28.116666666666667,-4,201403150ATL-DEN,201403150ATL-ATL,DEN-2014,0,2014,-112.46666666666667,5.908636363636363,chandwi01-2014
farieke01,27.083333333333332,6.6,201403150ATL-DEN,201403150ATL-ATL,DEN-2014,0,2014,178.74999999999997,5.908636363636363,farieke01-2014
hicksjj01,26.3,2.5,201403150ATL-DEN,201403150ATL-ATL,DEN-2014,0,2014,65.75,5.908636363636363,hicksjj01-2014
brookaa01,25.566666666666666,5.3,201403150ATL-DEN,201403150ATL-ATL,DEN-2014,0,2014,135.50333333333333,5.908636363636363,brookaa01-2014
fournev01,23.8,-1,201403150ATL-DEN,201403150ATL-ATL,DEN-2014,0,2014,-23.8,5.908636363636363,fournev01-2014
foyera01,23.433333333333334,-0.8,201403150ATL-DEN,201403150ATL-ATL,DEN-2014,0,2014,-18.746666666666666,5.908636363636363,foyera01-2014
mozgoti01,14.683333333333334,-0.8,201403150ATL-DEN,201403150ATL-ATL,DEN-2014,0,2014,-11.746666666666668,5.908636363636363,mozgoti01-2014
veselja01,12.483333333333333,0.7,201403150ATL-DEN,201403150ATL-ATL,DEN-2014,0,2014,8.738333333333332,5.908636363636363,veselja01-2014
arthuda01,11.533333333333333,2.2,201403150ATL-DEN,201403150ATL-ATL,DEN-2014,0,2014,25.373333333333335,5.908636363636363,arthuda01-2014
millequ01,9.2,-0.1,201403150ATL-DEN,201403150ATL-ATL,DEN-2014,0,2014,-0.9199999999999999,5.908636363636363,millequ01-2014
griffbl01,41.733333333333334,4.2,201403170DEN-LAC,201403170DEN-DEN,LAC-2014,0,2014,175.28,29.549166666666665,griffbl01-2014
paulch01,38.78333333333333,4.2,201403170DEN-LAC,201403170DEN-DEN,LAC-2014,0,2014,162.89,29.549166666666665,paulch01-2014
greenwi01,30.2,2.8,201403170DEN-LAC,201403170DEN-DEN,LAC-2014,0,2014,84.55999999999999,29.549166666666665,greenwi01-2014
jordade01,27.85,0.4,201403170DEN-LAC,201403170DEN-DEN,LAC-2014,0,2014,11.14,29.549166666666665,jordade01-2014
barnema02,26.7,-0.1,201403170DEN-LAC,201403170DEN-DEN,LAC-2014,0,2014,-2.67,29.549166666666665,barnema02-2014
bullore01,25.666666666666668,-4.6,201403170DEN-LAC,201403170DEN-DEN,LAC-2014,0,2014,-118.06666666666666,29.549166666666665,bullore01-2014
grangda01,23.116666666666667,-1.4,201403170DEN-LAC,201403170DEN-DEN,LAC-2014,0,2014,-32.36333333333333,29.549166666666665,grangda01-2014
davisgl01,17.316666666666666,0.9,201403170DEN-LAC,201403170DEN-DEN,LAC-2014,0,2014,15.585,29.549166666666665,davisgl01-2014
turkohe01,8.066666666666666,-0.1,201403170DEN-LAC,201403170DEN-DEN,LAC-2014,0,2014,-0.8066666666666666,29.549166666666665,turkohe01-2014
holliry01,0.5666666666666667,-0.1,201403170DEN-LAC,201403170DEN-DEN,LAC-2014,0,2014,-0.05666666666666667,29.549166666666665,holliry01-2014
monrogr01,40.63333333333333,6.1,201403190DEN-DET,201403190DEN-DEN,DET-2014,0,2014,247.86333333333332,0.8881481481481445,monrogr01-2014
stuckro01,37.45,-3,201403190DEN-DET,201403190DEN-DEN,DET-2014,0,2014,-112.35000000000001,0.8881481481481445,stuckro01-2014
jennibr01,30.35,-6.5,201403190DEN-DET,201403190DEN-DEN,DET-2014,0,2014,-197.275,0.8881481481481445,jennibr01-2014
caldwke01,27.683333333333334,-2.1,201403190DEN-DET,201403190DEN-DEN,DET-2014,0,2014,-58.135000000000005,0.8881481481481445,caldwke01-2014
singlky01,26.033333333333335,3.4,201403190DEN-DET,201403190DEN-DEN,DET-2014,0,2014,88.51333333333334,0.8881481481481445,singlky01-2014
smithjo03,23,-1.6,201403190DEN-DET,201403190DEN-DEN,DET-2014,0,2014,-36.800000000000004,0.8881481481481445,smithjo03-2014
bynumwi01,22.483333333333334,5,201403190DEN-DET,201403190DEN-DEN,DET-2014,0,2014,112.41666666666667,0.8881481481481445,bynumwi01-2014
villach01,16.7,-0.2,201403190DEN-DET,201403190DEN-DEN,DET-2014,0,2014,-3.34,0.8881481481481445,villach01-2014
jerebjo01,15.666666666666666,-2.1,201403190DEN-DET,201403190DEN-DEN,DET-2014,0,2014,-32.9,0.8881481481481445,jerebjo01-2014
lawsoty01,38.3,-3.7,201403210DAL-DEN,201403210DAL-DAL,DEN-2014,0,2014,-141.71,-1.4724242424242415,lawsoty01-2014
chandwi01,31.15,0.2,201403210DAL-DEN,201403210DAL-DAL,DEN-2014,0,2014,6.23,-1.4724242424242415,chandwi01-2014
arthuda01,27.783333333333335,1.8,201403210DAL-DEN,201403210DAL-DAL,DEN-2014,0,2014,50.010000000000005,-1.4724242424242415,arthuda01-2014
foyera01,27.566666666666666,4,201403210DAL-DEN,201403210DAL-DAL,DEN-2014,0,2014,110.26666666666667,-1.4724242424242415,foyera01-2014
hicksjj01,23.683333333333334,-0.2,201403210DAL-DEN,201403210DAL-DAL,DEN-2014,0,2014,-4.736666666666667,-1.4724242424242415,hicksjj01-2014
farieke01,21.266666666666666,-0.6,201403210DAL-DEN,201403210DAL-DAL,DEN-2014,0,2014,-12.76,-1.4724242424242415,farieke01-2014
brookaa01,21.15,-3.8,201403210DAL-DEN,201403210DAL-DAL,DEN-2014,0,2014,-80.36999999999999,-1.4724242424242415,brookaa01-2014
fournev01,18.283333333333335,0.7,201403210DAL-DEN,201403210DAL-DAL,DEN-2014,0,2014,12.798333333333334,-1.4724242424242415,fournev01-2014
randoan01,16.05,1.3,201403210DAL-DEN,201403210DAL-DAL,DEN-2014,0,2014,20.865000000000002,-1.4724242424242415,randoan01-2014
mozgoti01,13.583333333333334,1.7,201403210DAL-DEN,201403210DAL-DAL,DEN-2014,0,2014,23.09166666666667,-1.4724242424242415,mozgoti01-2014
millequ01,1.1833333333333333,0.1,201403210DAL-DEN,201403210DAL-DAL,DEN-2014,0,2014,0.11833333333333335,-1.4724242424242415,millequ01-2014
bealbr01,38.166666666666664,7,201403230DEN-WAS,201403230DEN-DEN,WAS-2014,0,2014,267.16666666666663,36.71733333333333,bealbr01-2014
walljo01,35.18333333333333,-2.3,201403230DEN-WAS,201403230DEN-DEN,WAS-2014,0,2014,-80.92166666666665,36.71733333333333,walljo01-2014
gortama01,35.13333333333333,4,201403230DEN-WAS,201403230DEN-DEN,WAS-2014,0,2014,140.53333333333333,36.71733333333333,gortama01-2014
arizatr01,34.5,2,201403230DEN-WAS,201403230DEN-DEN,WAS-2014,0,2014,69,36.71733333333333,arizatr01-2014
booketr01,23.933333333333334,1.1,201403230DEN-WAS,201403230DEN-DEN,WAS-2014,0,2014,26.326666666666668,36.71733333333333,booketr01-2014
webstma02,23.666666666666668,-1.2,201403230DEN-WAS,201403230DEN-DEN,WAS-2014,0,2014,-28.400000000000002,36.71733333333333,webstma02-2014
harrial01,18.333333333333332,-2.2,201403230DEN-WAS,201403230DEN-DEN,WAS-2014,0,2014,-40.333333333333336,36.71733333333333,harrial01-2014
goodedr01,18.016666666666666,3,201403230DEN-WAS,201403230DEN-DEN,WAS-2014,0,2014,54.05,36.71733333333333,goodedr01-2014
millean02,12.983333333333333,-3.1,201403230DEN-WAS,201403230DEN-DEN,WAS-2014,0,2014,-40.248333333333335,36.71733333333333,millean02-2014
templga01,0.08333333333333333,0,201403230DEN-WAS,201403230DEN-DEN,WAS-2014,0,2014,0,36.71733333333333,templga01-2014
foyera01,34.61666666666667,-0.5,201403240OKC-DEN,201403240OKC-OKC,DEN-2014,0,2014,-17.308333333333334,-1.4111111111111059,foyera01-2014
lawsoty01,32.85,8.5,201403240OKC-DEN,201403240OKC-OKC,DEN-2014,0,2014,279.225,-1.4111111111111059,lawsoty01-2014
mozgoti01,32.416666666666664,0.2,201403240OKC-DEN,201403240OKC-OKC,DEN-2014,0,2014,6.483333333333333,-1.4111111111111059,mozgoti01-2014
farieke01,27.933333333333334,0,201403240OKC-DEN,201403240OKC-OKC,DEN-2014,0,2014,0,-1.4111111111111059,farieke01-2014
brookaa01,27.65,-9.4,201403240OKC-DEN,201403240OKC-OKC,DEN-2014,0,2014,-259.90999999999997,-1.4111111111111059,brookaa01-2014
millequ01,25.216666666666665,0.5,201403240OKC-DEN,201403240OKC-OKC,DEN-2014,0,2014,12.608333333333333,-1.4111111111111059,millequ01-2014
fournev01,23.666666666666668,-3.1,201403240OKC-DEN,201403240OKC-OKC,DEN-2014,0,2014,-73.36666666666667,-1.4111111111111059,fournev01-2014
arthuda01,18.716666666666665,-2.5,201403240OKC-DEN,201403240OKC-OKC,DEN-2014,0,2014,-46.791666666666664,-1.4111111111111059,arthuda01-2014
randoan01,16.933333333333334,5.1,201403240OKC-DEN,201403240OKC-OKC,DEN-2014,0,2014,86.36,-1.4111111111111059,randoan01-2014
lawsoty01,34.6,-5.4,201403260SAS-DEN,201403260SAS-SAS,DEN-2014,0,2014,-186.84000000000003,38.64703703703703,lawsoty01-2014
foyera01,34.266666666666666,-3.1,201403260SAS-DEN,201403260SAS-SAS,DEN-2014,0,2014,-106.22666666666667,38.64703703703703,foyera01-2014
farieke01,33.833333333333336,5.7,201403260SAS-DEN,201403260SAS-SAS,DEN-2014,0,2014,192.85000000000002,38.64703703703703,farieke01-2014
brookaa01,30.983333333333334,9.7,201403260SAS-DEN,201403260SAS-SAS,DEN-2014,0,2014,300.5383333333333,38.64703703703703,brookaa01-2014
mozgoti01,30.4,3.2,201403260SAS-DEN,201403260SAS-SAS,DEN-2014,0,2014,97.28,38.64703703703703,mozgoti01-2014
arthuda01,30.116666666666667,2.7,201403260SAS-DEN,201403260SAS-SAS,DEN-2014,0,2014,81.31500000000001,38.64703703703703,arthuda01-2014
millequ01,22.133333333333333,-0.9,201403260SAS-DEN,201403260SAS-SAS,DEN-2014,0,2014,-19.92,38.64703703703703,millequ01-2014
fournev01,22.016666666666666,-0.5,201403260SAS-DEN,201403260SAS-SAS,DEN-2014,0,2014,-11.008333333333333,38.64703703703703,fournev01-2014
randoan01,1.65,-0.1,201403260SAS-DEN,201403260SAS-SAS,DEN-2014,0,2014,-0.165,38.64703703703703,randoan01-2014
belinma01,29.4,11.5,201403280DEN-SAS,201403280DEN-DEN,SAS-2014,1,2014,338.09999999999997,64.53916666666667,belinma01-2014
splitti01,26.35,4.3,201403280DEN-SAS,201403280DEN-DEN,SAS-2014,1,2014,113.305,64.53916666666667,splitti01-2014
diawbo01,23.333333333333332,2.6,201403280DEN-SAS,201403280DEN-DEN,SAS-2014,1,2014,60.666666666666664,64.53916666666667,diawbo01-2014
leonaka01,22.85,8.3,201403280DEN-SAS,201403280DEN-DEN,SAS-2014,1,2014,189.65500000000003,64.53916666666667,leonaka01-2014
duncati01,22.35,6.8,201403280DEN-SAS,201403280DEN-DEN,SAS-2014,1,2014,151.98000000000002,64.53916666666667,duncati01-2014
pendeje02,19.933333333333334,-2.8,201403280DEN-SAS,201403280DEN-DEN,SAS-2014,1,2014,-55.81333333333333,64.53916666666667,pendeje02-2014
josepco01,19.566666666666666,2.6,201403280DEN-SAS,201403280DEN-DEN,SAS-2014,1,2014,50.873333333333335,64.53916666666667,josepco01-2014
millspa02,19.533333333333335,3.5,201403280DEN-SAS,201403280DEN-DEN,SAS-2014,1,2014,68.36666666666667,64.53916666666667,millspa02-2014
parketo01,18.966666666666665,-5.2,201403280DEN-SAS,201403280DEN-DEN,SAS-2014,1,2014,-98.62666666666667,64.53916666666667,parketo01-2014
ginobma01,18.4,-3.9,201403280DEN-SAS,201403280DEN-DEN,SAS-2014,1,2014,-71.75999999999999,64.53916666666667,ginobma01-2014
dayeau01,11.2,3.2,201403280DEN-SAS,201403280DEN-DEN,SAS-2014,1,2014,35.839999999999996,64.53916666666667,dayeau01-2014
baynear01,8.116666666666667,-1,201403280DEN-SAS,201403280DEN-DEN,SAS-2014,1,2014,-8.116666666666667,64.53916666666667,baynear01-2014
randoza01,34.15,4.4,201403310DEN-MEM,201403310DEN-DEN,MEM-2014,1,2014,150.26000000000002,34.679833333333335,randoza01-2014
leeco01,34.13333333333333,8.1,201403310DEN-MEM,201403310DEN-DEN,MEM-2014,1,2014,276.47999999999996,34.679833333333335,leeco01-2014
gasolma01,33.18333333333333,-4.5,201403310DEN-MEM,201403310DEN-DEN,MEM-2014,1,2014,-149.325,34.679833333333335,gasolma01-2014
conlemi01,30.383333333333333,5.3,201403310DEN-MEM,201403310DEN-DEN,MEM-2014,1,2014,161.03166666666667,34.679833333333335,conlemi01-2014
princta01,29.033333333333335,-4.7,201403310DEN-MEM,201403310DEN-DEN,MEM-2014,1,2014,-136.45666666666668,34.679833333333335,princta01-2014
koufoko01,19,-0.4,201403310DEN-MEM,201403310DEN-DEN,MEM-2014,1,2014,-7.6000000000000005,34.679833333333335,koufoko01-2014
calatni01,17.616666666666667,1.8,201403310DEN-MEM,201403310DEN-DEN,MEM-2014,1,2014,31.71,34.679833333333335,calatni01-2014
millemi01,17.15,-2.6,201403310DEN-MEM,201403310DEN-DEN,MEM-2014,1,2014,-44.589999999999996,34.679833333333335,millemi01-2014
allento01,15.683333333333334,3.3,201403310DEN-MEM,201403310DEN-DEN,MEM-2014,1,2014,51.754999999999995,34.679833333333335,allento01-2014
davised01,9.666666666666666,1.4,201403310DEN-MEM,201403310DEN-DEN,MEM-2014,1,2014,13.533333333333331,34.679833333333335,davised01-2014
evansty01,32.7,1.2,201404020DEN-NOP,201404020DEN-DEN,NOP-2014,0,2014,39.24,-16.854242424242422,evansty01-2014
witheje01,29.916666666666668,4.6,201404020DEN-NOP,201404020DEN-DEN,NOP-2014,0,2014,137.61666666666667,-16.854242424242422,witheje01-2014
morroan01,29.133333333333333,-0.6,201404020DEN-NOP,201404020DEN-DEN,NOP-2014,0,2014,-17.48,-16.854242424242422,morroan01-2014
riverau01,27.55,-6.2,201404020DEN-NOP,201404020DEN-DEN,NOP-2014,0,2014,-170.81,-16.854242424242422,riverau01-2014
aminual01,21.083333333333332,-4.2,201404020DEN-NOP,201404020DEN-DEN,NOP-2014,0,2014,-88.55,-16.854242424242422,aminual01-2014
milleda01,20.583333333333332,0.7,201404020DEN-NOP,201404020DEN-DEN,NOP-2014,0,2014,14.408333333333331,-16.854242424242422,milleda01-2014
stiemgr01,20.166666666666668,-2.5,201404020DEN-NOP,201404020DEN-DEN,NOP-2014,0,2014,-50.41666666666667,-16.854242424242422,stiemgr01-2014
roberbr01,20.15,-3.3,201404020DEN-NOP,201404020DEN-DEN,NOP-2014,0,2014,-66.49499999999999,-16.854242424242422,roberbr01-2014
ajincal01,19.716666666666665,1.8,201404020DEN-NOP,201404020DEN-DEN,NOP-2014,0,2014,35.489999999999995,-16.854242424242422,ajincal01-2014
davisan02,10.5,1,201404020DEN-NOP,201404020DEN-DEN,NOP-2014,0,2014,10.5,-16.854242424242422,davisan02-2014
babbilu01,8.5,-3.4,201404020DEN-NOP,201404020DEN-DEN,NOP-2014,0,2014,-28.9,-16.854242424242422,babbilu01-2014
brookaa01,40.35,-5.3,201404040MEM-DEN,201404040MEM-MEM,DEN-2014,0,2014,-213.855,31.102777777777778,brookaa01-2014
foyera01,39.166666666666664,8.5,201404040MEM-DEN,201404040MEM-MEM,DEN-2014,0,2014,332.91666666666663,31.102777777777778,foyera01-2014
lawsoty01,32.1,5,201404040MEM-DEN,201404040MEM-MEM,DEN-2014,0,2014,160.5,31.102777777777778,lawsoty01-2014
mozgoti01,27.783333333333335,2.2,201404040MEM-DEN,201404040MEM-MEM,DEN-2014,0,2014,61.12333333333334,31.102777777777778,mozgoti01-2014
arthuda01,23.833333333333332,-0.1,201404040MEM-DEN,201404040MEM-MEM,DEN-2014,0,2014,-2.3833333333333333,31.102777777777778,arthuda01-2014
farieke01,23.5,3.2,201404040MEM-DEN,201404040MEM-MEM,DEN-2014,0,2014,75.2,31.102777777777778,farieke01-2014
veselja01,20.616666666666667,-1.3,201404040MEM-DEN,201404040MEM-MEM,DEN-2014,0,2014,-26.80166666666667,31.102777777777778,veselja01-2014
fournev01,19.75,-4.1,201404040MEM-DEN,201404040MEM-MEM,DEN-2014,0,2014,-80.975,31.102777777777778,fournev01-2014
millequ01,12.9,-2,201404040MEM-DEN,201404040MEM-MEM,DEN-2014,0,2014,-25.8,31.102777777777778,millequ01-2014
brookaa01,47.05,1.9,201404060HOU-DEN,201404060HOU-HOU,DEN-2014,0,2014,89.395,33.28462962962963,brookaa01-2014
fournev01,38.983333333333334,6.3,201404060HOU-DEN,201404060HOU-HOU,DEN-2014,0,2014,245.595,33.28462962962963,fournev01-2014
farieke01,38.3,-2.2,201404060HOU-DEN,201404060HOU-HOU,DEN-2014,0,2014,-84.26,33.28462962962963,farieke01-2014
foyera01,34.85,-5.9,201404060HOU-DEN,201404060HOU-HOU,DEN-2014,0,2014,-205.615,33.28462962962963,foyera01-2014
millequ01,33.666666666666664,7.7,201404060HOU-DEN,201404060HOU-HOU,DEN-2014,0,2014,259.23333333333335,33.28462962962963,millequ01-2014
mozgoti01,27.466666666666665,1,201404060HOU-DEN,201404060HOU-HOU,DEN-2014,0,2014,27.466666666666665,33.28462962962963,mozgoti01-2014
arthuda01,19.266666666666666,-2.4,201404060HOU-DEN,201404060HOU-HOU,DEN-2014,0,2014,-46.239999999999995,33.28462962962963,arthuda01-2014
veselja01,19.066666666666666,1,201404060HOU-DEN,201404060HOU-HOU,DEN-2014,0,2014,19.066666666666666,33.28462962962963,veselja01-2014
randoan01,6.35,-0.8,201404060HOU-DEN,201404060HOU-HOU,DEN-2014,0,2014,-5.08,33.28462962962963,randoan01-2014
hamiljo02,29.95,1.7,201404090DEN-HOU,201404090DEN-DEN,HOU-2014,0,2014,50.915,1.1529166666666675,hamiljo02-2014
motiedo01,29.833333333333332,-3.1,201404090DEN-HOU,201404090DEN-DEN,HOU-2014,0,2014,-92.48333333333333,1.1529166666666675,motiedo01-2014
hardeja01,25.766666666666666,-1.9,201404090DEN-HOU,201404090DEN-DEN,HOU-2014,0,2014,-48.95666666666666,1.1529166666666675,hardeja01-2014
asikom01,24.25,-0.1,201404090DEN-HOU,201404090DEN-DEN,HOU-2014,0,2014,-2.4250000000000003,1.1529166666666675,asikom01-2014
canaais01,24.15,-2.4,201404090DEN-HOU,201404090DEN-DEN,HOU-2014,0,2014,-57.959999999999994,1.1529166666666675,canaais01-2014
linje01,23.516666666666666,3.7,201404090DEN-HOU,201404090DEN-DEN,HOU-2014,0,2014,87.01166666666667,1.1529166666666675,linje01-2014
parsoch01,22.583333333333332,0.1,201404090DEN-HOU,201404090DEN-DEN,HOU-2014,0,2014,2.2583333333333333,1.1529166666666675,parsoch01-2014
joneste01,17.4,3.3,201404090DEN-HOU,201404090DEN-DEN,HOU-2014,0,2014,57.419999999999995,1.1529166666666675,joneste01-2014
casspom01,11.566666666666666,-2.2,201404090DEN-HOU,201404090DEN-DEN,HOU-2014,0,2014,-25.44666666666667,1.1529166666666675,casspom01-2014
covinro01,11.083333333333334,1.1,201404090DEN-HOU,201404090DEN-DEN,HOU-2014,0,2014,12.191666666666668,1.1529166666666675,covinro01-2014
danietr01,11.083333333333334,3.7,201404090DEN-HOU,201404090DEN-DEN,HOU-2014,0,2014,41.00833333333334,1.1529166666666675,danietr01-2014
garcifr01,8.816666666666666,-1.1,201404090DEN-HOU,201404090DEN-DEN,HOU-2014,0,2014,-9.698333333333334,1.1529166666666675,garcifr01-2014
mozgoti01,42.75,12.3,201404100GSW-DEN,201404100GSW-GSW,DEN-2014,1,2014,525.825,58.735,mozgoti01-2014
brookaa01,39.46666666666667,-4.4,201404100GSW-DEN,201404100GSW-GSW,DEN-2014,1,2014,-173.65333333333336,58.735,brookaa01-2014
foyera01,38.93333333333333,5.5,201404100GSW-DEN,201404100GSW-GSW,DEN-2014,1,2014,214.13333333333333,58.735,foyera01-2014
farieke01,32.9,-2.1,201404100GSW-DEN,201404100GSW-GSW,DEN-2014,1,2014,-69.09,58.735,farieke01-2014
fournev01,28.316666666666666,-0.3,201404100GSW-DEN,201404100GSW-GSW,DEN-2014,1,2014,-8.495,58.735,fournev01-2014
millequ01,24.333333333333332,-0.4,201404100GSW-DEN,201404100GSW-GSW,DEN-2014,1,2014,-9.733333333333334,58.735,millequ01-2014
arthuda01,20.233333333333334,-2,201404100GSW-DEN,201404100GSW-GSW,DEN-2014,1,2014,-40.46666666666667,58.735,arthuda01-2014
veselja01,13.066666666666666,2.4,201404100GSW-DEN,201404100GSW-GSW,DEN-2014,1,2014,31.36,58.735,veselja01-2014
burketr01,38.416666666666664,0.3,201404120DEN-UTA,201404120DEN-DEN,UTA-2014,0,2014,11.524999999999999,9.643333333333333,burketr01-2014
kanteen01,36.93333333333333,1.6,201404120DEN-UTA,201404120DEN-DEN,UTA-2014,0,2014,59.093333333333334,9.643333333333333,kanteen01-2014
haywago01,34.666666666666664,1.3,201404120DEN-UTA,201404120DEN-DEN,UTA-2014,0,2014,45.06666666666666,9.643333333333333,haywago01-2014
favorde01,34.3,2.6,201404120DEN-UTA,201404120DEN-DEN,UTA-2014,0,2014,89.17999999999999,9.643333333333333,favorde01-2014
jefferi01,25.866666666666667,-2.8,201404120DEN-UTA,201404120DEN-DEN,UTA-2014,0,2014,-72.42666666666666,9.643333333333333,jefferi01-2014
burksal01,24.45,-2,201404120DEN-UTA,201404120DEN-DEN,UTA-2014,0,2014,-48.9,9.643333333333333,burksal01-2014
evansje01,20.583333333333332,1.8,201404120DEN-UTA,201404120DEN-DEN,UTA-2014,0,2014,37.05,9.643333333333333,evansje01-2014
garredi02,14.95,-1.6,201404120DEN-UTA,201404120DEN-DEN,UTA-2014,0,2014,-23.92,9.643333333333333,garredi02-2014
clarkia01,5.883333333333333,0.9,201404120DEN-UTA,201404120DEN-DEN,UTA-2014,0,2014,5.295,9.643333333333333,clarkia01-2014
goberru01,3.95,-1.4,201404120DEN-UTA,201404120DEN-DEN,UTA-2014,0,2014,-5.53,9.643333333333333,goberru01-2014
brookaa01,41.5,-1.1,201404150LAC-DEN,201404150LAC-LAC,DEN-2014,0,2014,-45.650000000000006,20.54083333333333,brookaa01-2014
foyera01,33.15,1,201404150LAC-DEN,201404150LAC-LAC,DEN-2014,0,2014,33.15,20.54083333333333,foyera01-2014
millequ01,33.083333333333336,-0.2,201404150LAC-DEN,201404150LAC-LAC,DEN-2014,0,2014,-6.616666666666667,20.54083333333333,millequ01-2014
mozgoti01,31.8,5.4,201404150LAC-DEN,201404150LAC-LAC,DEN-2014,0,2014,171.72000000000003,20.54083333333333,mozgoti01-2014
farieke01,28.433333333333334,2.8,201404150LAC-DEN,201404150LAC-LAC,DEN-2014,0,2014,79.61333333333333,20.54083333333333,farieke01-2014
chandwi01,26.033333333333335,-3.3,201404150LAC-DEN,201404150LAC-LAC,DEN-2014,0,2014,-85.91,20.54083333333333,chandwi01-2014
fournev01,25.783333333333335,-3.3,201404150LAC-DEN,201404150LAC-LAC,DEN-2014,0,2014,-85.08500000000001,20.54083333333333,fournev01-2014
veselja01,20.216666666666665,5.1,201404150LAC-DEN,201404150LAC-LAC,DEN-2014,0,2014,103.10499999999999,20.54083333333333,veselja01-2014
barneha02,48,-0.5,201404160DEN-GSW,201404160DEN-DEN,GSW-2014,1,2014,-24,31.630625,barneha02-2014
blakest01,47.18333333333333,6.3,201404160DEN-GSW,201404160DEN-DEN,GSW-2014,1,2014,297.255,31.630625,blakest01-2014
crawfjo02,41.233333333333334,5.8,201404160DEN-GSW,201404160DEN-DEN,GSW-2014,1,2014,239.15333333333334,31.630625,crawfjo02-2014
armsthi01,31.583333333333332,-2,201404160DEN-GSW,201404160DEN-DEN,GSW-2014,1,2014,-63.166666666666664,31.630625,armsthi01-2014
speigma01,30.866666666666667,-6.8,201404160DEN-GSW,201404160DEN-DEN,GSW-2014,1,2014,-209.89333333333335,31.630625,speigma01-2014
kuzmiog01,30.716666666666665,-0.3,201404160DEN-GSW,201404160DEN-DEN,GSW-2014,1,2014,-9.215,31.630625,kuzmiog01-2014
thompkl01,7.6,3.2,201404160DEN-GSW,201404160DEN-DEN,GSW-2014,1,2014,24.32,31.630625,thompkl01-2014
greendr01,2.8166666666666664,-0.5,201404160DEN-GSW,201404160DEN-DEN,GSW-2014,1,2014,-1.4083333333333332,31.630625,greendr01-2014
